1002 668 0 -150 100 50
1002 668 0 -147 98 49
1002 668 0 -144 96 48
1002 668 0 -141 94 47
1002 668 0 -138 92 46
1002 668 0 -135 90 45
1002 668 0 -132 88 44
1002 668 0 -129 86 43
1002 668 0 -126 84 42
1002 668 0 -123 82 41
1002 668 0 -120 80 40
1002 668 0 -117 78 39
1002 668 0 -114 76 38
1002 668 0 -111 74 37
1002 668 0 -108 72 36
1002 668 0 -105 70 35
1002 668 0 -102 68 34
1002 668 0 -99 66 33
1002 668 0 -96 64 32
1002 668 0 -93 62 31
1002 668 0 -90 60 30
1002 668 0 -87 58 29
1002 668 0 -84 56 28
1002 668 0 -81 54 27
1002 668 0 -78 52 26
1002 668 0 -75 50 25
1002 668 0 -72 48 24
1002 668 0 -69 46 23
1002 668 0 -66 44 22
1002 668 0 -63 42 21
1002 668 0 -60 40 20
1002 668 0 -57 38 19
1002 668 0 -54 36 18
1002 668 0 -51 34 17
1002 668 0 -48 32 16
1002 668 0 -45 30 15
1002 668 0 -42 28 14
1002 668 0 -39 26 13
1002 668 0 -36 24 12
1002 668 0 -33 22 11
1002 668 0 -30 20 10
1002 668 0 -27 18 9
1002 668 0 -24 16 8
1002 668 0 -21 14 7
1002 668 0 -18 12 6
1002 668 0 -15 10 5
1002 668 0 -12 8 4
1002 668 0 -9 6 3
1002 668 0 -6 4 2
1002 668 0 -3 2 1
1002 668 0 3 -2 -1
1002 668 0 6 -4 -2
1002 668 0 9 -6 -3
1002 668 0 12 -8 -4
1002 668 0 15 -10 -5
1002 668 0 18 -12 -6
1002 668 0 21 -14 -7
1002 668 0 24 -16 -8
1002 668 0 27 -18 -9
1002 668 0 30 -20 -10
1002 668 0 33 -22 -11
1002 668 0 36 -24 -12
1002 668 0 39 -26 -13
1002 668 0 42 -28 -14
1002 668 0 45 -30 -15
1002 668 0 48 -32 -16
1002 668 0 51 -34 -17
1002 668 0 54 -36 -18
1002 668 0 57 -38 -19
1002 668 0 60 -40 -20
1002 668 0 63 -42 -21
1002 668 0 66 -44 -22
1002 668 0 69 -46 -23
1002 668 0 72 -48 -24
1002 668 0 75 -50 -25
1002 668 0 78 -52 -26
1002 668 0 81 -54 -27
1002 668 0 84 -56 -28
1002 668 0 87 -58 -29
1002 668 0 90 -60 -30
1002 668 0 93 -62 -31
1002 668 0 96 -64 -32
1002 668 0 99 -66 -33
1002 668 0 102 -68 -34
1002 668 0 105 -70 -35
1002 668 0 108 -72 -36
1002 668 0 111 -74 -37
1002 668 0 114 -76 -38
1002 668 0 117 -78 -39
1002 668 0 120 -80 -40
1002 668 0 123 -82 -41
1002 668 0 126 -84 -42
1002 668 0 129 -86 -43
1002 668 0 132 -88 -44
1002 668 0 135 -90 -45
1002 668 0 138 -92 -46
1002 668 0 141 -94 -47
1002 668 0 144 -96 -48
1002 668 0 147 -98 -49
1002 668 0 150 -100 -50
1005 670 0 -150 100 50
1005 670 0 -147 98 49
1005 670 0 -144 96 48
1005 670 0 -141 94 47
1005 670 0 -138 92 46
1005 670 0 -135 90 45
1005 670 0 -132 88 44
1005 670 0 -129 86 43
1005 670 0 -126 84 42
1005 670 0 -123 82 41
1005 670 0 -120 80 40
1005 670 0 -117 78 39
1005 670 0 -114 76 38
1005 670 0 -111 74 37
1005 670 0 -108 72 36
1005 670 0 -105 70 35
1005 670 0 -102 68 34
1005 670 0 -99 66 33
1005 670 0 -96 64 32
1005 670 0 -93 62 31
1005 670 0 -90 60 30
1005 670 0 -87 58 29
1005 670 0 -84 56 28
1005 670 0 -81 54 27
1005 670 0 -78 52 26
1005 670 0 -75 50 25
1005 670 0 -72 48 24
1005 670 0 -69 46 23
1005 670 0 -66 44 22
1005 670 0 -63 42 21
1005 670 0 -60 40 20
1005 670 0 -57 38 19
1005 670 0 -54 36 18
1005 670 0 -51 34 17
1005 670 0 -48 32 16
1005 670 0 -45 30 15
1005 670 0 -42 28 14
1005 670 0 -39 26 13
1005 670 0 -36 24 12
1005 670 0 -33 22 11
1005 670 0 -30 20 10
1005 670 0 -27 18 9
1005 670 0 -24 16 8
1005 670 0 -21 14 7
1005 670 0 -18 12 6
1005 670 0 -15 10 5
1005 670 0 -12 8 4
1005 670 0 -9 6 3
1005 670 0 -6 4 2
1005 670 0 -3 2 1
1005 670 0 3 -2 -1
1005 670 0 6 -4 -2
1005 670 0 9 -6 -3
1005 670 0 12 -8 -4
1005 670 0 15 -10 -5
1005 670 0 18 -12 -6
1005 670 0 21 -14 -7
1005 670 0 24 -16 -8
1005 670 0 27 -18 -9
1005 670 0 30 -20 -10
1005 670 0 33 -22 -11
1005 670 0 36 -24 -12
1005 670 0 39 -26 -13
1005 670 0 42 -28 -14
1005 670 0 45 -30 -15
1005 670 0 48 -32 -16
1005 670 0 51 -34 -17
1005 670 0 54 -36 -18
1005 670 0 57 -38 -19
1005 670 0 60 -40 -20
1005 670 0 63 -42 -21
1005 670 0 66 -44 -22
1005 670 0 69 -46 -23
1005 670 0 72 -48 -24
1005 670 0 75 -50 -25
1005 670 0 78 -52 -26
1005 670 0 81 -54 -27
1005 670 0 84 -56 -28
1005 670 0 87 -58 -29
1005 670 0 90 -60 -30
1005 670 0 93 -62 -31
1005 670 0 96 -64 -32
1005 670 0 99 -66 -33
1005 670 0 102 -68 -34
1005 670 0 105 -70 -35
1005 670 0 108 -72 -36
1005 670 0 111 -74 -37
1005 670 0 114 -76 -38
1005 670 0 117 -78 -39
1005 670 0 120 -80 -40
1005 670 0 123 -82 -41
1005 670 0 126 -84 -42
1005 670 0 129 -86 -43
1005 670 0 132 -88 -44
1005 670 0 135 -90 -45
1005 670 0 138 -92 -46
1005 670 0 141 -94 -47
1005 670 0 144 -96 -48
1005 670 0 147 -98 -49
1005 670 0 150 -100 -50
1008 672 0 -150 100 50
1008 672 0 -147 98 49
1008 672 0 -144 96 48
1008 672 0 -141 94 47
1008 672 0 -138 92 46
1008 672 0 -135 90 45
1008 672 0 -132 88 44
1008 672 0 -129 86 43
1008 672 0 -126 84 42
1008 672 0 -123 82 41
1008 672 0 -120 80 40
1008 672 0 -117 78 39
1008 672 0 -114 76 38
1008 672 0 -111 74 37
1008 672 0 -108 72 36
1008 672 0 -105 70 35
1008 672 0 -102 68 34
1008 672 0 -99 66 33
1008 672 0 -96 64 32
1008 672 0 -93 62 31
1008 672 0 -90 60 30
1008 672 0 -87 58 29
1008 672 0 -84 56 28
1008 672 0 -81 54 27
1008 672 0 -78 52 26
1008 672 0 -75 50 25
1008 672 0 -72 48 24
1008 672 0 -69 46 23
1008 672 0 -66 44 22
1008 672 0 -63 42 21
1008 672 0 -60 40 20
1008 672 0 -57 38 19
1008 672 0 -54 36 18
1008 672 0 -51 34 17
1008 672 0 -48 32 16
1008 672 0 -45 30 15
1008 672 0 -42 28 14
1008 672 0 -39 26 13
1008 672 0 -36 24 12
1008 672 0 -33 22 11
1008 672 0 -30 20 10
1008 672 0 -27 18 9
1008 672 0 -24 16 8
1008 672 0 -21 14 7
1008 672 0 -18 12 6
1008 672 0 -15 10 5
1008 672 0 -12 8 4
1008 672 0 -9 6 3
1008 672 0 -6 4 2
1008 672 0 -3 2 1
1008 672 0 3 -2 -1
1008 672 0 6 -4 -2
1008 672 0 9 -6 -3
1008 672 0 12 -8 -4
1008 672 0 15 -10 -5
1008 672 0 18 -12 -6
1008 672 0 21 -14 -7
1008 672 0 24 -16 -8
1008 672 0 27 -18 -9
1008 672 0 30 -20 -10
1008 672 0 33 -22 -11
1008 672 0 36 -24 -12
1008 672 0 39 -26 -13
1008 672 0 42 -28 -14
1008 672 0 45 -30 -15
1008 672 0 48 -32 -16
1008 672 0 51 -34 -17
1008 672 0 54 -36 -18
1008 672 0 57 -38 -19
1008 672 0 60 -40 -20
1008 672 0 63 -42 -21
1008 672 0 66 -44 -22
1008 672 0 69 -46 -23
1008 672 0 72 -48 -24
1008 672 0 75 -50 -25
1008 672 0 78 -52 -26
1008 672 0 81 -54 -27
1008 672 0 84 -56 -28
1008 672 0 87 -58 -29
1008 672 0 90 -60 -30
1008 672 0 93 -62 -31
1008 672 0 96 -64 -32
1008 672 0 99 -66 -33
1008 672 0 102 -68 -34
1008 672 0 105 -70 -35
1008 672 0 108 -72 -36
1008 672 0 111 -74 -37
1008 672 0 114 -76 -38
1008 672 0 117 -78 -39
1008 672 0 120 -80 -40
1008 672 0 123 -82 -41
1008 672 0 126 -84 -42
1008 672 0 129 -86 -43
1008 672 0 132 -88 -44
1008 672 0 135 -90 -45
1008 672 0 138 -92 -46
1008 672 0 141 -94 -47
1008 672 0 144 -96 -48
1008 672 0 147 -98 -49
1008 672 0 150 -100 -50
1011 674 0 -150 100 50
1011 674 0 -147 98 49
1011 674 0 -144 96 48
1011 674 0 -141 94 47
1011 674 0 -138 92 46
1011 674 0 -135 90 45
1011 674 0 -132 88 44
1011 674 0 -129 86 43
1011 674 0 -126 84 42
1011 674 0 -123 82 41
1011 674 0 -120 80 40
1011 674 0 -117 78 39
1011 674 0 -114 76 38
1011 674 0 -111 74 37
1011 674 0 -108 72 36
1011 674 0 -105 70 35
1011 674 0 -102 68 34
1011 674 0 -99 66 33
1011 674 0 -96 64 32
1011 674 0 -93 62 31
1011 674 0 -90 60 30
1011 674 0 -87 58 29
1011 674 0 -84 56 28
1011 674 0 -81 54 27
1011 674 0 -78 52 26
1011 674 0 -75 50 25
1011 674 0 -72 48 24
1011 674 0 -69 46 23
1011 674 0 -66 44 22
1011 674 0 -63 42 21
1011 674 0 -60 40 20
1011 674 0 -57 38 19
1011 674 0 -54 36 18
1011 674 0 -51 34 17
1011 674 0 -48 32 16
1011 674 0 -45 30 15
1011 674 0 -42 28 14
1011 674 0 -39 26 13
1011 674 0 -36 24 12
1011 674 0 -33 22 11
1011 674 0 -30 20 10
1011 674 0 -27 18 9
1011 674 0 -24 16 8
1011 674 0 -21 14 7
1011 674 0 -18 12 6
1011 674 0 -15 10 5
1011 674 0 -12 8 4
1011 674 0 -9 6 3
1011 674 0 -6 4 2
1011 674 0 -3 2 1
1011 674 0 3 -2 -1
1011 674 0 6 -4 -2
1011 674 0 9 -6 -3
1011 674 0 12 -8 -4
1011 674 0 15 -10 -5
1011 674 0 18 -12 -6
1011 674 0 21 -14 -7
1011 674 0 24 -16 -8
1011 674 0 27 -18 -9
1011 674 0 30 -20 -10
1011 674 0 33 -22 -11
1011 674 0 36 -24 -12
1011 674 0 39 -26 -13
1011 674 0 42 -28 -14
1011 674 0 45 -30 -15
1011 674 0 48 -32 -16
1011 674 0 51 -34 -17
1011 674 0 54 -36 -18
1011 674 0 57 -38 -19
1011 674 0 60 -40 -20
1011 674 0 63 -42 -21
1011 674 0 66 -44 -22
1011 674 0 69 -46 -23
1011 674 0 72 -48 -24
1011 674 0 75 -50 -25
1011 674 0 78 -52 -26
1011 674 0 81 -54 -27
1011 674 0 84 -56 -28
1011 674 0 87 -58 -29
1011 674 0 90 -60 -30
1011 674 0 93 -62 -31
1011 674 0 96 -64 -32
1011 674 0 99 -66 -33
1011 674 0 102 -68 -34
1011 674 0 105 -70 -35
1011 674 0 108 -72 -36
1011 674 0 111 -74 -37
1011 674 0 114 -76 -38
1011 674 0 117 -78 -39
1011 674 0 120 -80 -40
1011 674 0 123 -82 -41
1011 674 0 126 -84 -42
1011 674 0 129 -86 -43
1011 674 0 132 -88 -44
1011 674 0 135 -90 -45
1011 674 0 138 -92 -46
1011 674 0 141 -94 -47
1011 674 0 144 -96 -48
1011 674 0 147 -98 -49
1011 674 0 150 -100 -50
1014 676 0 -150 100 50
1014 676 0 -147 98 49
1014 676 0 -144 96 48
1014 676 0 -141 94 47
1014 676 0 -138 92 46
1014 676 0 -135 90 45
1014 676 0 -132 88 44
1014 676 0 -129 86 43
1014 676 0 -126 84 42
1014 676 0 -123 82 41
1014 676 0 -120 80 40
1014 676 0 -117 78 39
1014 676 0 -114 76 38
1014 676 0 -111 74 37
1014 676 0 -108 72 36
1014 676 0 -105 70 35
1014 676 0 -102 68 34
1014 676 0 -99 66 33
1014 676 0 -96 64 32
1014 676 0 -93 62 31
1014 676 0 -90 60 30
1014 676 0 -87 58 29
1014 676 0 -84 56 28
1014 676 0 -81 54 27
1014 676 0 -78 52 26
1014 676 0 -75 50 25
1014 676 0 -72 48 24
1014 676 0 -69 46 23
1014 676 0 -66 44 22
1014 676 0 -63 42 21
1014 676 0 -60 40 20
1014 676 0 -57 38 19
1014 676 0 -54 36 18
1014 676 0 -51 34 17
1014 676 0 -48 32 16
1014 676 0 -45 30 15
1014 676 0 -42 28 14
1014 676 0 -39 26 13
1014 676 0 -36 24 12
1014 676 0 -33 22 11
1014 676 0 -30 20 10
1014 676 0 -27 18 9
1014 676 0 -24 16 8
1014 676 0 -21 14 7
1014 676 0 -18 12 6
1014 676 0 -15 10 5
1014 676 0 -12 8 4
1014 676 0 -9 6 3
1014 676 0 -6 4 2
1014 676 0 -3 2 1
1014 676 0 3 -2 -1
1014 676 0 6 -4 -2
1014 676 0 9 -6 -3
1014 676 0 12 -8 -4
1014 676 0 15 -10 -5
1014 676 0 18 -12 -6
1014 676 0 21 -14 -7
1014 676 0 24 -16 -8
1014 676 0 27 -18 -9
1014 676 0 30 -20 -10
1014 676 0 33 -22 -11
1014 676 0 36 -24 -12
1014 676 0 39 -26 -13
1014 676 0 42 -28 -14
1014 676 0 45 -30 -15
1014 676 0 48 -32 -16
1014 676 0 51 -34 -17
1014 676 0 54 -36 -18
1014 676 0 57 -38 -19
1014 676 0 60 -40 -20
1014 676 0 63 -42 -21
1014 676 0 66 -44 -22
1014 676 0 69 -46 -23
1014 676 0 72 -48 -24
1014 676 0 75 -50 -25
1014 676 0 78 -52 -26
1014 676 0 81 -54 -27
1014 676 0 84 -56 -28
1014 676 0 87 -58 -29
1014 676 0 90 -60 -30
1014 676 0 93 -62 -31
1014 676 0 96 -64 -32
1014 676 0 99 -66 -33
1014 676 0 102 -68 -34
1014 676 0 105 -70 -35
1014 676 0 108 -72 -36
1014 676 0 111 -74 -37
1014 676 0 114 -76 -38
1014 676 0 117 -78 -39
1014 676 0 120 -80 -40
1014 676 0 123 -82 -41
1014 676 0 126 -84 -42
1014 676 0 129 -86 -43
1014 676 0 132 -88 -44
1014 676 0 135 -90 -45
1014 676 0 138 -92 -46
1014 676 0 141 -94 -47
1014 676 0 144 -96 -48
1014 676 0 147 -98 -49
1014 676 0 150 -100 -50
1017 678 0 -150 100 50
1017 678 0 -147 98 49
1017 678 0 -144 96 48
1017 678 0 -141 94 47
1017 678 0 -138 92 46
1017 678 0 -135 90 45
1017 678 0 -132 88 44
1017 678 0 -129 86 43
1017 678 0 -126 84 42
1017 678 0 -123 82 41
1017 678 0 -120 80 40
1017 678 0 -117 78 39
1017 678 0 -114 76 38
1017 678 0 -111 74 37
1017 678 0 -108 72 36
1017 678 0 -105 70 35
1017 678 0 -102 68 34
1017 678 0 -99 66 33
1017 678 0 -96 64 32
1017 678 0 -93 62 31
1017 678 0 -90 60 30
1017 678 0 -87 58 29
1017 678 0 -84 56 28
1017 678 0 -81 54 27
1017 678 0 -78 52 26
1017 678 0 -75 50 25
1017 678 0 -72 48 24
1017 678 0 -69 46 23
1017 678 0 -66 44 22
1017 678 0 -63 42 21
1017 678 0 -60 40 20
1017 678 0 -57 38 19
1017 678 0 -54 36 18
1017 678 0 -51 34 17
1017 678 0 -48 32 16
1017 678 0 -45 30 15
1017 678 0 -42 28 14
1017 678 0 -39 26 13
1017 678 0 -36 24 12
1017 678 0 -33 22 11
1017 678 0 -30 20 10
1017 678 0 -27 18 9
1017 678 0 -24 16 8
1017 678 0 -21 14 7
1017 678 0 -18 12 6
1017 678 0 -15 10 5
1017 678 0 -12 8 4
1017 678 0 -9 6 3
1017 678 0 -6 4 2
1017 678 0 -3 2 1
1017 678 0 3 -2 -1
1017 678 0 6 -4 -2
1017 678 0 9 -6 -3
1017 678 0 12 -8 -4
1017 678 0 15 -10 -5
1017 678 0 18 -12 -6
1017 678 0 21 -14 -7
1017 678 0 24 -16 -8
1017 678 0 27 -18 -9
1017 678 0 30 -20 -10
1017 678 0 33 -22 -11
1017 678 0 36 -24 -12
1017 678 0 39 -26 -13
1017 678 0 42 -28 -14
1017 678 0 45 -30 -15
1017 678 0 48 -32 -16
1017 678 0 51 -34 -17
1017 678 0 54 -36 -18
1017 678 0 57 -38 -19
1017 678 0 60 -40 -20
1017 678 0 63 -42 -21
1017 678 0 66 -44 -22
1017 678 0 69 -46 -23
1017 678 0 72 -48 -24
1017 678 0 75 -50 -25
1017 678 0 78 -52 -26
1017 678 0 81 -54 -27
1017 678 0 84 -56 -28
1017 678 0 87 -58 -29
1017 678 0 90 -60 -30
1017 678 0 93 -62 -31
1017 678 0 96 -64 -32
1017 678 0 99 -66 -33
1017 678 0 102 -68 -34
1017 678 0 105 -70 -35
1017 678 0 108 -72 -36
1017 678 0 111 -74 -37
1017 678 0 114 -76 -38
1017 678 0 117 -78 -39
1017 678 0 120 -80 -40
1017 678 0 123 -82 -41
1017 678 0 126 -84 -42
1017 678 0 129 -86 -43
1017 678 0 132 -88 -44
1017 678 0 135 -90 -45
1017 678 0 138 -92 -46
1017 678 0 141 -94 -47
1017 678 0 144 -96 -48
1017 678 0 147 -98 -49
1017 678 0 150 -100 -50
1020 680 0 -150 100 50
1020 680 0 -147 98 49
1020 680 0 -144 96 48
1020 680 0 -141 94 47
1020 680 0 -138 92 46
1020 680 0 -135 90 45
1020 680 0 -132 88 44
1020 680 0 -129 86 43
1020 680 0 -126 84 42
1020 680 0 -123 82 41
1020 680 0 -120 80 40
1020 680 0 -117 78 39
1020 680 0 -114 76 38
1020 680 0 -111 74 37
1020 680 0 -108 72 36
1020 680 0 -105 70 35
1020 680 0 -102 68 34
1020 680 0 -99 66 33
1020 680 0 -96 64 32
1020 680 0 -93 62 31
1020 680 0 -90 60 30
1020 680 0 -87 58 29
1020 680 0 -84 56 28
1020 680 0 -81 54 27
1020 680 0 -78 52 26
1020 680 0 -75 50 25
1020 680 0 -72 48 24
1020 680 0 -69 46 23
1020 680 0 -66 44 22
1020 680 0 -63 42 21
1020 680 0 -60 40 20
1020 680 0 -57 38 19
1020 680 0 -54 36 18
1020 680 0 -51 34 17
1020 680 0 -48 32 16
1020 680 0 -45 30 15
1020 680 0 -42 28 14
1020 680 0 -39 26 13
1020 680 0 -36 24 12
1020 680 0 -33 22 11
1020 680 0 -30 20 10
1020 680 0 -27 18 9
1020 680 0 -24 16 8
1020 680 0 -21 14 7
1020 680 0 -18 12 6
1020 680 0 -15 10 5
1020 680 0 -12 8 4
1020 680 0 -9 6 3
1020 680 0 -6 4 2
1020 680 0 -3 2 1
1020 680 0 3 -2 -1
1020 680 0 6 -4 -2
1020 680 0 9 -6 -3
1020 680 0 12 -8 -4
1020 680 0 15 -10 -5
1020 680 0 18 -12 -6
1020 680 0 21 -14 -7
1020 680 0 24 -16 -8
1020 680 0 27 -18 -9
1020 680 0 30 -20 -10
1020 680 0 33 -22 -11
1020 680 0 36 -24 -12
1020 680 0 39 -26 -13
1020 680 0 42 -28 -14
1020 680 0 45 -30 -15
1020 680 0 48 -32 -16
1020 680 0 51 -34 -17
1020 680 0 54 -36 -18
1020 680 0 57 -38 -19
1020 680 0 60 -40 -20
1020 680 0 63 -42 -21
1020 680 0 66 -44 -22
1020 680 0 69 -46 -23
1020 680 0 72 -48 -24
1020 680 0 75 -50 -25
1020 680 0 78 -52 -26
1020 680 0 81 -54 -27
1020 680 0 84 -56 -28
1020 680 0 87 -58 -29
1020 680 0 90 -60 -30
1020 680 0 93 -62 -31
1020 680 0 96 -64 -32
1020 680 0 99 -66 -33
1020 680 0 102 -68 -34
1020 680 0 105 -70 -35
1020 680 0 108 -72 -36
1020 680 0 111 -74 -37
1020 680 0 114 -76 -38
1020 680 0 117 -78 -39
1020 680 0 120 -80 -40
1020 680 0 123 -82 -41
1020 680 0 126 -84 -42
1020 680 0 129 -86 -43
1020 680 0 132 -88 -44
1020 680 0 135 -90 -45
1020 680 0 138 -92 -46
1020 680 0 141 -94 -47
1020 680 0 144 -96 -48
1020 680 0 147 -98 -49
1020 680 0 150 -100 -50
1023 682 0 -150 100 50
1023 682 0 -147 98 49
1023 682 0 -144 96 48
1023 682 0 -141 94 47
1023 682 0 -138 92 46
1023 682 0 -135 90 45
1023 682 0 -132 88 44
1023 682 0 -129 86 43
1023 682 0 -126 84 42
1023 682 0 -123 82 41
1023 682 0 -120 80 40
1023 682 0 -117 78 39
1023 682 0 -114 76 38
1023 682 0 -111 74 37
1023 682 0 -108 72 36
1023 682 0 -105 70 35
1023 682 0 -102 68 34
1023 682 0 -99 66 33
1023 682 0 -96 64 32
1023 682 0 -93 62 31
1023 682 0 -90 60 30
1023 682 0 -87 58 29
1023 682 0 -84 56 28
1023 682 0 -81 54 27
1023 682 0 -78 52 26
1023 682 0 -75 50 25
1023 682 0 -72 48 24
1023 682 0 -69 46 23
1023 682 0 -66 44 22
1023 682 0 -63 42 21
1023 682 0 -60 40 20
1023 682 0 -57 38 19
1023 682 0 -54 36 18
1023 682 0 -51 34 17
1023 682 0 -48 32 16
1023 682 0 -45 30 15
1023 682 0 -42 28 14
1023 682 0 -39 26 13
1023 682 0 -36 24 12
1023 682 0 -33 22 11
1023 682 0 -30 20 10
1023 682 0 -27 18 9
1023 682 0 -24 16 8
1023 682 0 -21 14 7
1023 682 0 -18 12 6
1023 682 0 -15 10 5
1023 682 0 -12 8 4
1023 682 0 -9 6 3
1023 682 0 -6 4 2
1023 682 0 -3 2 1
1023 682 0 3 -2 -1
1023 682 0 6 -4 -2
1023 682 0 9 -6 -3
1023 682 0 12 -8 -4
1023 682 0 15 -10 -5
1023 682 0 18 -12 -6
1023 682 0 21 -14 -7
1023 682 0 24 -16 -8
1023 682 0 27 -18 -9
1023 682 0 30 -20 -10
1023 682 0 33 -22 -11
1023 682 0 36 -24 -12
1023 682 0 39 -26 -13
1023 682 0 42 -28 -14
1023 682 0 45 -30 -15
1023 682 0 48 -32 -16
1023 682 0 51 -34 -17
1023 682 0 54 -36 -18
1023 682 0 57 -38 -19
1023 682 0 60 -40 -20
1023 682 0 63 -42 -21
1023 682 0 66 -44 -22
1023 682 0 69 -46 -23
1023 682 0 72 -48 -24
1023 682 0 75 -50 -25
1023 682 0 78 -52 -26
1023 682 0 81 -54 -27
1023 682 0 84 -56 -28
1023 682 0 87 -58 -29
1023 682 0 90 -60 -30
1023 682 0 93 -62 -31
1023 682 0 96 -64 -32
1023 682 0 99 -66 -33
1023 682 0 102 -68 -34
1023 682 0 105 -70 -35
1023 682 0 108 -72 -36
1023 682 0 111 -74 -37
1023 682 0 114 -76 -38
1023 682 0 117 -78 -39
1023 682 0 120 -80 -40
1023 682 0 123 -82 -41
1023 682 0 126 -84 -42
1023 682 0 129 -86 -43
1023 682 0 132 -88 -44
1023 682 0 135 -90 -45
1023 682 0 138 -92 -46
1023 682 0 141 -94 -47
1023 682 0 144 -96 -48
1023 682 0 147 -98 -49
1023 682 0 150 -100 -50
1026 684 0 -150 100 50
1026 684 0 -147 98 49
1026 684 0 -144 96 48
1026 684 0 -141 94 47
1026 684 0 -138 92 46
1026 684 0 -135 90 45
1026 684 0 -132 88 44
1026 684 0 -129 86 43
1026 684 0 -126 84 42
1026 684 0 -123 82 41
1026 684 0 -120 80 40
1026 684 0 -117 78 39
1026 684 0 -114 76 38
1026 684 0 -111 74 37
1026 684 0 -108 72 36
1026 684 0 -105 70 35
1026 684 0 -102 68 34
1026 684 0 -99 66 33
1026 684 0 -96 64 32
1026 684 0 -93 62 31
1026 684 0 -90 60 30
1026 684 0 -87 58 29
1026 684 0 -84 56 28
1026 684 0 -81 54 27
1026 684 0 -78 52 26
1026 684 0 -75 50 25
1026 684 0 -72 48 24
1026 684 0 -69 46 23
1026 684 0 -66 44 22
1026 684 0 -63 42 21
1026 684 0 -60 40 20
1026 684 0 -57 38 19
1026 684 0 -54 36 18
1026 684 0 -51 34 17
1026 684 0 -48 32 16
1026 684 0 -45 30 15
1026 684 0 -42 28 14
1026 684 0 -39 26 13
1026 684 0 -36 24 12
1026 684 0 -33 22 11
1026 684 0 -30 20 10
1026 684 0 -27 18 9
1026 684 0 -24 16 8
1026 684 0 -21 14 7
1026 684 0 -18 12 6
1026 684 0 -15 10 5
1026 684 0 -12 8 4
1026 684 0 -9 6 3
1026 684 0 -6 4 2
1026 684 0 -3 2 1
1026 684 0 3 -2 -1
1026 684 0 6 -4 -2
1026 684 0 9 -6 -3
1026 684 0 12 -8 -4
1026 684 0 15 -10 -5
1026 684 0 18 -12 -6
1026 684 0 21 -14 -7
1026 684 0 24 -16 -8
1026 684 0 27 -18 -9
1026 684 0 30 -20 -10
1026 684 0 33 -22 -11
1026 684 0 36 -24 -12
1026 684 0 39 -26 -13
1026 684 0 42 -28 -14
1026 684 0 45 -30 -15
1026 684 0 48 -32 -16
1026 684 0 51 -34 -17
1026 684 0 54 -36 -18
1026 684 0 57 -38 -19
1026 684 0 60 -40 -20
1026 684 0 63 -42 -21
1026 684 0 66 -44 -22
1026 684 0 69 -46 -23
1026 684 0 72 -48 -24
1026 684 0 75 -50 -25
1026 684 0 78 -52 -26
1026 684 0 81 -54 -27
1026 684 0 84 -56 -28
1026 684 0 87 -58 -29
1026 684 0 90 -60 -30
1026 684 0 93 -62 -31
1026 684 0 96 -64 -32
1026 684 0 99 -66 -33
1026 684 0 102 -68 -34
1026 684 0 105 -70 -35
1026 684 0 108 -72 -36
1026 684 0 111 -74 -37
1026 684 0 114 -76 -38
1026 684 0 117 -78 -39
1026 684 0 120 -80 -40
1026 684 0 123 -82 -41
1026 684 0 126 -84 -42
1026 684 0 129 -86 -43
1026 684 0 132 -88 -44
1026 684 0 135 -90 -45
1026 684 0 138 -92 -46
1026 684 0 141 -94 -47
1026 684 0 144 -96 -48
1026 684 0 147 -98 -49
1026 684 0 150 -100 -50
1029 686 0 -150 100 50
1029 686 0 -147 98 49
1029 686 0 -144 96 48
1029 686 0 -141 94 47
1029 686 0 -138 92 46
1029 686 0 -135 90 45
1029 686 0 -132 88 44
1029 686 0 -129 86 43
1029 686 0 -126 84 42
1029 686 0 -123 82 41
1029 686 0 -120 80 40
1029 686 0 -117 78 39
1029 686 0 -114 76 38
1029 686 0 -111 74 37
1029 686 0 -108 72 36
1029 686 0 -105 70 35
1029 686 0 -102 68 34
1029 686 0 -99 66 33
1029 686 0 -96 64 32
1029 686 0 -93 62 31
1029 686 0 -90 60 30
1029 686 0 -87 58 29
1029 686 0 -84 56 28
1029 686 0 -81 54 27
1029 686 0 -78 52 26
1029 686 0 -75 50 25
1029 686 0 -72 48 24
1029 686 0 -69 46 23
1029 686 0 -66 44 22
1029 686 0 -63 42 21
1029 686 0 -60 40 20
1029 686 0 -57 38 19
1029 686 0 -54 36 18
1029 686 0 -51 34 17
1029 686 0 -48 32 16
1029 686 0 -45 30 15
1029 686 0 -42 28 14
1029 686 0 -39 26 13
1029 686 0 -36 24 12
1029 686 0 -33 22 11
1029 686 0 -30 20 10
1029 686 0 -27 18 9
1029 686 0 -24 16 8
1029 686 0 -21 14 7
1029 686 0 -18 12 6
1029 686 0 -15 10 5
1029 686 0 -12 8 4
1029 686 0 -9 6 3
1029 686 0 -6 4 2
1029 686 0 -3 2 1
1029 686 0 3 -2 -1
1029 686 0 6 -4 -2
1029 686 0 9 -6 -3
1029 686 0 12 -8 -4
1029 686 0 15 -10 -5
1029 686 0 18 -12 -6
1029 686 0 21 -14 -7
1029 686 0 24 -16 -8
1029 686 0 27 -18 -9
1029 686 0 30 -20 -10
1029 686 0 33 -22 -11
1029 686 0 36 -24 -12
1029 686 0 39 -26 -13
1029 686 0 42 -28 -14
1029 686 0 45 -30 -15
1029 686 0 48 -32 -16
1029 686 0 51 -34 -17
1029 686 0 54 -36 -18
1029 686 0 57 -38 -19
1029 686 0 60 -40 -20
1029 686 0 63 -42 -21
1029 686 0 66 -44 -22
1029 686 0 69 -46 -23
1029 686 0 72 -48 -24
1029 686 0 75 -50 -25
1029 686 0 78 -52 -26
1029 686 0 81 -54 -27
1029 686 0 84 -56 -28
1029 686 0 87 -58 -29
1029 686 0 90 -60 -30
1029 686 0 93 -62 -31
1029 686 0 96 -64 -32
1029 686 0 99 -66 -33
1029 686 0 102 -68 -34
1029 686 0 105 -70 -35
1029 686 0 108 -72 -36
1029 686 0 111 -74 -37
1029 686 0 114 -76 -38
1029 686 0 117 -78 -39
1029 686 0 120 -80 -40
1029 686 0 123 -82 -41
1029 686 0 126 -84 -42
1029 686 0 129 -86 -43
1029 686 0 132 -88 -44
1029 686 0 135 -90 -45
1029 686 0 138 -92 -46
1029 686 0 141 -94 -47
1029 686 0 144 -96 -48
1029 686 0 147 -98 -49
1029 686 0 150 -100 -50
1032 688 0 -150 100 50
1032 688 0 -147 98 49
1032 688 0 -144 96 48
1032 688 0 -141 94 47
1032 688 0 -138 92 46
1032 688 0 -135 90 45
1032 688 0 -132 88 44
1032 688 0 -129 86 43
1032 688 0 -126 84 42
1032 688 0 -123 82 41
1032 688 0 -120 80 40
1032 688 0 -117 78 39
1032 688 0 -114 76 38
1032 688 0 -111 74 37
1032 688 0 -108 72 36
1032 688 0 -105 70 35
1032 688 0 -102 68 34
1032 688 0 -99 66 33
1032 688 0 -96 64 32
1032 688 0 -93 62 31
1032 688 0 -90 60 30
1032 688 0 -87 58 29
1032 688 0 -84 56 28
1032 688 0 -81 54 27
1032 688 0 -78 52 26
1032 688 0 -75 50 25
1032 688 0 -72 48 24
1032 688 0 -69 46 23
1032 688 0 -66 44 22
1032 688 0 -63 42 21
1032 688 0 -60 40 20
1032 688 0 -57 38 19
1032 688 0 -54 36 18
1032 688 0 -51 34 17
1032 688 0 -48 32 16
1032 688 0 -45 30 15
1032 688 0 -42 28 14
1032 688 0 -39 26 13
1032 688 0 -36 24 12
1032 688 0 -33 22 11
1032 688 0 -30 20 10
1032 688 0 -27 18 9
1032 688 0 -24 16 8
1032 688 0 -21 14 7
1032 688 0 -18 12 6
1032 688 0 -15 10 5
1032 688 0 -12 8 4
1032 688 0 -9 6 3
1032 688 0 -6 4 2
1032 688 0 -3 2 1
1032 688 0 3 -2 -1
1032 688 0 6 -4 -2
1032 688 0 9 -6 -3
1032 688 0 12 -8 -4
1032 688 0 15 -10 -5
1032 688 0 18 -12 -6
1032 688 0 21 -14 -7
1032 688 0 24 -16 -8
1032 688 0 27 -18 -9
1032 688 0 30 -20 -10
1032 688 0 33 -22 -11
1032 688 0 36 -24 -12
1032 688 0 39 -26 -13
1032 688 0 42 -28 -14
1032 688 0 45 -30 -15
1032 688 0 48 -32 -16
1032 688 0 51 -34 -17
1032 688 0 54 -36 -18
1032 688 0 57 -38 -19
1032 688 0 60 -40 -20
1032 688 0 63 -42 -21
1032 688 0 66 -44 -22
1032 688 0 69 -46 -23
1032 688 0 72 -48 -24
1032 688 0 75 -50 -25
1032 688 0 78 -52 -26
1032 688 0 81 -54 -27
1032 688 0 84 -56 -28
1032 688 0 87 -58 -29
1032 688 0 90 -60 -30
1032 688 0 93 -62 -31
1032 688 0 96 -64 -32
1032 688 0 99 -66 -33
1032 688 0 102 -68 -34
1032 688 0 105 -70 -35
1032 688 0 108 -72 -36
1032 688 0 111 -74 -37
1032 688 0 114 -76 -38
1032 688 0 117 -78 -39
1032 688 0 120 -80 -40
1032 688 0 123 -82 -41
1032 688 0 126 -84 -42
1032 688 0 129 -86 -43
1032 688 0 132 -88 -44
1032 688 0 135 -90 -45
1032 688 0 138 -92 -46
1032 688 0 141 -94 -47
1032 688 0 144 -96 -48
1032 688 0 147 -98 -49
1032 688 0 150 -100 -50
1035 690 0 -150 100 50
1035 690 0 -147 98 49
1035 690 0 -144 96 48
1035 690 0 -141 94 47
1035 690 0 -138 92 46
1035 690 0 -135 90 45
1035 690 0 -132 88 44
1035 690 0 -129 86 43
1035 690 0 -126 84 42
1035 690 0 -123 82 41
1035 690 0 -120 80 40
1035 690 0 -117 78 39
1035 690 0 -114 76 38
1035 690 0 -111 74 37
1035 690 0 -108 72 36
1035 690 0 -105 70 35
1035 690 0 -102 68 34
1035 690 0 -99 66 33
1035 690 0 -96 64 32
1035 690 0 -93 62 31
1035 690 0 -90 60 30
1035 690 0 -87 58 29
1035 690 0 -84 56 28
1035 690 0 -81 54 27
1035 690 0 -78 52 26
1035 690 0 -75 50 25
1035 690 0 -72 48 24
1035 690 0 -69 46 23
1035 690 0 -66 44 22
1035 690 0 -63 42 21
1035 690 0 -60 40 20
1035 690 0 -57 38 19
1035 690 0 -54 36 18
1035 690 0 -51 34 17
1035 690 0 -48 32 16
1035 690 0 -45 30 15
1035 690 0 -42 28 14
1035 690 0 -39 26 13
1035 690 0 -36 24 12
1035 690 0 -33 22 11
1035 690 0 -30 20 10
1035 690 0 -27 18 9
1035 690 0 -24 16 8
1035 690 0 -21 14 7
1035 690 0 -18 12 6
1035 690 0 -15 10 5
1035 690 0 -12 8 4
1035 690 0 -9 6 3
1035 690 0 -6 4 2
1035 690 0 -3 2 1
1035 690 0 3 -2 -1
1035 690 0 6 -4 -2
1035 690 0 9 -6 -3
1035 690 0 12 -8 -4
1035 690 0 15 -10 -5
1035 690 0 18 -12 -6
1035 690 0 21 -14 -7
1035 690 0 24 -16 -8
1035 690 0 27 -18 -9
1035 690 0 30 -20 -10
1035 690 0 33 -22 -11
1035 690 0 36 -24 -12
1035 690 0 39 -26 -13
1035 690 0 42 -28 -14
1035 690 0 45 -30 -15
1035 690 0 48 -32 -16
1035 690 0 51 -34 -17
1035 690 0 54 -36 -18
1035 690 0 57 -38 -19
1035 690 0 60 -40 -20
1035 690 0 63 -42 -21
1035 690 0 66 -44 -22
1035 690 0 69 -46 -23
1035 690 0 72 -48 -24
1035 690 0 75 -50 -25
1035 690 0 78 -52 -26
1035 690 0 81 -54 -27
1035 690 0 84 -56 -28
1035 690 0 87 -58 -29
1035 690 0 90 -60 -30
1035 690 0 93 -62 -31
1035 690 0 96 -64 -32
1035 690 0 99 -66 -33
1035 690 0 102 -68 -34
1035 690 0 105 -70 -35
1035 690 0 108 -72 -36
1035 690 0 111 -74 -37
1035 690 0 114 -76 -38
1035 690 0 117 -78 -39
1035 690 0 120 -80 -40
1035 690 0 123 -82 -41
1035 690 0 126 -84 -42
1035 690 0 129 -86 -43
1035 690 0 132 -88 -44
1035 690 0 135 -90 -45
1035 690 0 138 -92 -46
1035 690 0 141 -94 -47
1035 690 0 144 -96 -48
1035 690 0 147 -98 -49
1035 690 0 150 -100 -50
1038 692 0 -150 100 50
1038 692 0 -147 98 49
1038 692 0 -144 96 48
1038 692 0 -141 94 47
1038 692 0 -138 92 46
1038 692 0 -135 90 45
1038 692 0 -132 88 44
1038 692 0 -129 86 43
1038 692 0 -126 84 42
1038 692 0 -123 82 41
1038 692 0 -120 80 40
1038 692 0 -117 78 39
1038 692 0 -114 76 38
1038 692 0 -111 74 37
1038 692 0 -108 72 36
1038 692 0 -105 70 35
1038 692 0 -102 68 34
1038 692 0 -99 66 33
1038 692 0 -96 64 32
1038 692 0 -93 62 31
1038 692 0 -90 60 30
1038 692 0 -87 58 29
1038 692 0 -84 56 28
1038 692 0 -81 54 27
1038 692 0 -78 52 26
1038 692 0 -75 50 25
1038 692 0 -72 48 24
1038 692 0 -69 46 23
1038 692 0 -66 44 22
1038 692 0 -63 42 21
1038 692 0 -60 40 20
1038 692 0 -57 38 19
1038 692 0 -54 36 18
1038 692 0 -51 34 17
1038 692 0 -48 32 16
1038 692 0 -45 30 15
1038 692 0 -42 28 14
1038 692 0 -39 26 13
1038 692 0 -36 24 12
1038 692 0 -33 22 11
1038 692 0 -30 20 10
1038 692 0 -27 18 9
1038 692 0 -24 16 8
1038 692 0 -21 14 7
1038 692 0 -18 12 6
1038 692 0 -15 10 5
1038 692 0 -12 8 4
1038 692 0 -9 6 3
1038 692 0 -6 4 2
1038 692 0 -3 2 1
1038 692 0 3 -2 -1
1038 692 0 6 -4 -2
1038 692 0 9 -6 -3
1038 692 0 12 -8 -4
1038 692 0 15 -10 -5
1038 692 0 18 -12 -6
1038 692 0 21 -14 -7
1038 692 0 24 -16 -8
1038 692 0 27 -18 -9
1038 692 0 30 -20 -10
1038 692 0 33 -22 -11
1038 692 0 36 -24 -12
1038 692 0 39 -26 -13
1038 692 0 42 -28 -14
1038 692 0 45 -30 -15
1038 692 0 48 -32 -16
1038 692 0 51 -34 -17
1038 692 0 54 -36 -18
1038 692 0 57 -38 -19
1038 692 0 60 -40 -20
1038 692 0 63 -42 -21
1038 692 0 66 -44 -22
1038 692 0 69 -46 -23
1038 692 0 72 -48 -24
1038 692 0 75 -50 -25
1038 692 0 78 -52 -26
1038 692 0 81 -54 -27
1038 692 0 84 -56 -28
1038 692 0 87 -58 -29
1038 692 0 90 -60 -30
1038 692 0 93 -62 -31
1038 692 0 96 -64 -32
1038 692 0 99 -66 -33
1038 692 0 102 -68 -34
1038 692 0 105 -70 -35
1038 692 0 108 -72 -36
1038 692 0 111 -74 -37
1038 692 0 114 -76 -38
1038 692 0 117 -78 -39
1038 692 0 120 -80 -40
1038 692 0 123 -82 -41
1038 692 0 126 -84 -42
1038 692 0 129 -86 -43
1038 692 0 132 -88 -44
1038 692 0 135 -90 -45
1038 692 0 138 -92 -46
1038 692 0 141 -94 -47
1038 692 0 144 -96 -48
1038 692 0 147 -98 -49
1038 692 0 150 -100 -50
1041 694 0 -150 100 50
1041 694 0 -147 98 49
1041 694 0 -144 96 48
1041 694 0 -141 94 47
1041 694 0 -138 92 46
1041 694 0 -135 90 45
1041 694 0 -132 88 44
1041 694 0 -129 86 43
1041 694 0 -126 84 42
1041 694 0 -123 82 41
1041 694 0 -120 80 40
1041 694 0 -117 78 39
1041 694 0 -114 76 38
1041 694 0 -111 74 37
1041 694 0 -108 72 36
1041 694 0 -105 70 35
1041 694 0 -102 68 34
1041 694 0 -99 66 33
1041 694 0 -96 64 32
1041 694 0 -93 62 31
1041 694 0 -90 60 30
1041 694 0 -87 58 29
1041 694 0 -84 56 28
1041 694 0 -81 54 27
1041 694 0 -78 52 26
1041 694 0 -75 50 25
1041 694 0 -72 48 24
1041 694 0 -69 46 23
1041 694 0 -66 44 22
1041 694 0 -63 42 21
1041 694 0 -60 40 20
1041 694 0 -57 38 19
1041 694 0 -54 36 18
1041 694 0 -51 34 17
1041 694 0 -48 32 16
1041 694 0 -45 30 15
1041 694 0 -42 28 14
1041 694 0 -39 26 13
1041 694 0 -36 24 12
1041 694 0 -33 22 11
1041 694 0 -30 20 10
1041 694 0 -27 18 9
1041 694 0 -24 16 8
1041 694 0 -21 14 7
1041 694 0 -18 12 6
1041 694 0 -15 10 5
1041 694 0 -12 8 4
1041 694 0 -9 6 3
1041 694 0 -6 4 2
1041 694 0 -3 2 1
1041 694 0 3 -2 -1
1041 694 0 6 -4 -2
1041 694 0 9 -6 -3
1041 694 0 12 -8 -4
1041 694 0 15 -10 -5
1041 694 0 18 -12 -6
1041 694 0 21 -14 -7
1041 694 0 24 -16 -8
1041 694 0 27 -18 -9
1041 694 0 30 -20 -10
1041 694 0 33 -22 -11
1041 694 0 36 -24 -12
1041 694 0 39 -26 -13
1041 694 0 42 -28 -14
1041 694 0 45 -30 -15
1041 694 0 48 -32 -16
1041 694 0 51 -34 -17
1041 694 0 54 -36 -18
1041 694 0 57 -38 -19
1041 694 0 60 -40 -20
1041 694 0 63 -42 -21
1041 694 0 66 -44 -22
1041 694 0 69 -46 -23
1041 694 0 72 -48 -24
1041 694 0 75 -50 -25
1041 694 0 78 -52 -26
1041 694 0 81 -54 -27
1041 694 0 84 -56 -28
1041 694 0 87 -58 -29
1041 694 0 90 -60 -30
1041 694 0 93 -62 -31
1041 694 0 96 -64 -32
1041 694 0 99 -66 -33
1041 694 0 102 -68 -34
1041 694 0 105 -70 -35
1041 694 0 108 -72 -36
1041 694 0 111 -74 -37
1041 694 0 114 -76 -38
1041 694 0 117 -78 -39
1041 694 0 120 -80 -40
1041 694 0 123 -82 -41
1041 694 0 126 -84 -42
1041 694 0 129 -86 -43
1041 694 0 132 -88 -44
1041 694 0 135 -90 -45
1041 694 0 138 -92 -46
1041 694 0 141 -94 -47
1041 694 0 144 -96 -48
1041 694 0 147 -98 -49
1041 694 0 150 -100 -50
1044 696 0 -150 100 50
1044 696 0 -147 98 49
1044 696 0 -144 96 48
1044 696 0 -141 94 47
1044 696 0 -138 92 46
1044 696 0 -135 90 45
1044 696 0 -132 88 44
1044 696 0 -129 86 43
1044 696 0 -126 84 42
1044 696 0 -123 82 41
1044 696 0 -120 80 40
1044 696 0 -117 78 39
1044 696 0 -114 76 38
1044 696 0 -111 74 37
1044 696 0 -108 72 36
1044 696 0 -105 70 35
1044 696 0 -102 68 34
1044 696 0 -99 66 33
1044 696 0 -96 64 32
1044 696 0 -93 62 31
1044 696 0 -90 60 30
1044 696 0 -87 58 29
1044 696 0 -84 56 28
1044 696 0 -81 54 27
1044 696 0 -78 52 26
1044 696 0 -75 50 25
1044 696 0 -72 48 24
1044 696 0 -69 46 23
1044 696 0 -66 44 22
1044 696 0 -63 42 21
1044 696 0 -60 40 20
1044 696 0 -57 38 19
1044 696 0 -54 36 18
1044 696 0 -51 34 17
1044 696 0 -48 32 16
1044 696 0 -45 30 15
1044 696 0 -42 28 14
1044 696 0 -39 26 13
1044 696 0 -36 24 12
1044 696 0 -33 22 11
1044 696 0 -30 20 10
1044 696 0 -27 18 9
1044 696 0 -24 16 8
1044 696 0 -21 14 7
1044 696 0 -18 12 6
1044 696 0 -15 10 5
1044 696 0 -12 8 4
1044 696 0 -9 6 3
1044 696 0 -6 4 2
1044 696 0 -3 2 1
1044 696 0 3 -2 -1
1044 696 0 6 -4 -2
1044 696 0 9 -6 -3
1044 696 0 12 -8 -4
1044 696 0 15 -10 -5
1044 696 0 18 -12 -6
1044 696 0 21 -14 -7
1044 696 0 24 -16 -8
1044 696 0 27 -18 -9
1044 696 0 30 -20 -10
1044 696 0 33 -22 -11
1044 696 0 36 -24 -12
1044 696 0 39 -26 -13
1044 696 0 42 -28 -14
1044 696 0 45 -30 -15
1044 696 0 48 -32 -16
1044 696 0 51 -34 -17
1044 696 0 54 -36 -18
1044 696 0 57 -38 -19
1044 696 0 60 -40 -20
1044 696 0 63 -42 -21
1044 696 0 66 -44 -22
1044 696 0 69 -46 -23
1044 696 0 72 -48 -24
1044 696 0 75 -50 -25
1044 696 0 78 -52 -26
1044 696 0 81 -54 -27
1044 696 0 84 -56 -28
1044 696 0 87 -58 -29
1044 696 0 90 -60 -30
1044 696 0 93 -62 -31
1044 696 0 96 -64 -32
1044 696 0 99 -66 -33
1044 696 0 102 -68 -34
1044 696 0 105 -70 -35
1044 696 0 108 -72 -36
1044 696 0 111 -74 -37
1044 696 0 114 -76 -38
1044 696 0 117 -78 -39
1044 696 0 120 -80 -40
1044 696 0 123 -82 -41
1044 696 0 126 -84 -42
1044 696 0 129 -86 -43
1044 696 0 132 -88 -44
1044 696 0 135 -90 -45
1044 696 0 138 -92 -46
1044 696 0 141 -94 -47
1044 696 0 144 -96 -48
1044 696 0 147 -98 -49
1044 696 0 150 -100 -50
1047 698 0 -150 100 50
1047 698 0 -147 98 49
1047 698 0 -144 96 48
1047 698 0 -141 94 47
1047 698 0 -138 92 46
1047 698 0 -135 90 45
1047 698 0 -132 88 44
1047 698 0 -129 86 43
1047 698 0 -126 84 42
1047 698 0 -123 82 41
1047 698 0 -120 80 40
1047 698 0 -117 78 39
1047 698 0 -114 76 38
1047 698 0 -111 74 37
1047 698 0 -108 72 36
1047 698 0 -105 70 35
1047 698 0 -102 68 34
1047 698 0 -99 66 33
1047 698 0 -96 64 32
1047 698 0 -93 62 31
1047 698 0 -90 60 30
1047 698 0 -87 58 29
1047 698 0 -84 56 28
1047 698 0 -81 54 27
1047 698 0 -78 52 26
1047 698 0 -75 50 25
1047 698 0 -72 48 24
1047 698 0 -69 46 23
1047 698 0 -66 44 22
1047 698 0 -63 42 21
1047 698 0 -60 40 20
1047 698 0 -57 38 19
1047 698 0 -54 36 18
1047 698 0 -51 34 17
1047 698 0 -48 32 16
1047 698 0 -45 30 15
1047 698 0 -42 28 14
1047 698 0 -39 26 13
1047 698 0 -36 24 12
1047 698 0 -33 22 11
1047 698 0 -30 20 10
1047 698 0 -27 18 9
1047 698 0 -24 16 8
1047 698 0 -21 14 7
1047 698 0 -18 12 6
1047 698 0 -15 10 5
1047 698 0 -12 8 4
1047 698 0 -9 6 3
1047 698 0 -6 4 2
1047 698 0 -3 2 1
1047 698 0 3 -2 -1
1047 698 0 6 -4 -2
1047 698 0 9 -6 -3
1047 698 0 12 -8 -4
1047 698 0 15 -10 -5
1047 698 0 18 -12 -6
1047 698 0 21 -14 -7
1047 698 0 24 -16 -8
1047 698 0 27 -18 -9
1047 698 0 30 -20 -10
1047 698 0 33 -22 -11
1047 698 0 36 -24 -12
1047 698 0 39 -26 -13
1047 698 0 42 -28 -14
1047 698 0 45 -30 -15
1047 698 0 48 -32 -16
1047 698 0 51 -34 -17
1047 698 0 54 -36 -18
1047 698 0 57 -38 -19
1047 698 0 60 -40 -20
1047 698 0 63 -42 -21
1047 698 0 66 -44 -22
1047 698 0 69 -46 -23
1047 698 0 72 -48 -24
1047 698 0 75 -50 -25
1047 698 0 78 -52 -26
1047 698 0 81 -54 -27
1047 698 0 84 -56 -28
1047 698 0 87 -58 -29
1047 698 0 90 -60 -30
1047 698 0 93 -62 -31
1047 698 0 96 -64 -32
1047 698 0 99 -66 -33
1047 698 0 102 -68 -34
1047 698 0 105 -70 -35
1047 698 0 108 -72 -36
1047 698 0 111 -74 -37
1047 698 0 114 -76 -38
1047 698 0 117 -78 -39
1047 698 0 120 -80 -40
1047 698 0 123 -82 -41
1047 698 0 126 -84 -42
1047 698 0 129 -86 -43
1047 698 0 132 -88 -44
1047 698 0 135 -90 -45
1047 698 0 138 -92 -46
1047 698 0 141 -94 -47
1047 698 0 144 -96 -48
1047 698 0 147 -98 -49
1047 698 0 150 -100 -50
1050 700 0 -150 100 50
1050 700 0 -147 98 49
1050 700 0 -144 96 48
1050 700 0 -141 94 47
1050 700 0 -138 92 46
1050 700 0 -135 90 45
1050 700 0 -132 88 44
1050 700 0 -129 86 43
1050 700 0 -126 84 42
1050 700 0 -123 82 41
1050 700 0 -120 80 40
1050 700 0 -117 78 39
1050 700 0 -114 76 38
1050 700 0 -111 74 37
1050 700 0 -108 72 36
1050 700 0 -105 70 35
1050 700 0 -102 68 34
1050 700 0 -99 66 33
1050 700 0 -96 64 32
1050 700 0 -93 62 31
1050 700 0 -90 60 30
1050 700 0 -87 58 29
1050 700 0 -84 56 28
1050 700 0 -81 54 27
1050 700 0 -78 52 26
1050 700 0 -75 50 25
1050 700 0 -72 48 24
1050 700 0 -69 46 23
1050 700 0 -66 44 22
1050 700 0 -63 42 21
1050 700 0 -60 40 20
1050 700 0 -57 38 19
1050 700 0 -54 36 18
1050 700 0 -51 34 17
1050 700 0 -48 32 16
1050 700 0 -45 30 15
1050 700 0 -42 28 14
1050 700 0 -39 26 13
1050 700 0 -36 24 12
1050 700 0 -33 22 11
1050 700 0 -30 20 10
1050 700 0 -27 18 9
1050 700 0 -24 16 8
1050 700 0 -21 14 7
1050 700 0 -18 12 6
1050 700 0 -15 10 5
1050 700 0 -12 8 4
1050 700 0 -9 6 3
1050 700 0 -6 4 2
1050 700 0 -3 2 1
1050 700 0 3 -2 -1
1050 700 0 6 -4 -2
1050 700 0 9 -6 -3
1050 700 0 12 -8 -4
1050 700 0 15 -10 -5
1050 700 0 18 -12 -6
1050 700 0 21 -14 -7
1050 700 0 24 -16 -8
1050 700 0 27 -18 -9
1050 700 0 30 -20 -10
1050 700 0 33 -22 -11
1050 700 0 36 -24 -12
1050 700 0 39 -26 -13
1050 700 0 42 -28 -14
1050 700 0 45 -30 -15
1050 700 0 48 -32 -16
1050 700 0 51 -34 -17
1050 700 0 54 -36 -18
1050 700 0 57 -38 -19
1050 700 0 60 -40 -20
1050 700 0 63 -42 -21
1050 700 0 66 -44 -22
1050 700 0 69 -46 -23
1050 700 0 72 -48 -24
1050 700 0 75 -50 -25
1050 700 0 78 -52 -26
1050 700 0 81 -54 -27
1050 700 0 84 -56 -28
1050 700 0 87 -58 -29
1050 700 0 90 -60 -30
1050 700 0 93 -62 -31
1050 700 0 96 -64 -32
1050 700 0 99 -66 -33
1050 700 0 102 -68 -34
1050 700 0 105 -70 -35
1050 700 0 108 -72 -36
1050 700 0 111 -74 -37
1050 700 0 114 -76 -38
1050 700 0 117 -78 -39
1050 700 0 120 -80 -40
1050 700 0 123 -82 -41
1050 700 0 126 -84 -42
1050 700 0 129 -86 -43
1050 700 0 132 -88 -44
1050 700 0 135 -90 -45
1050 700 0 138 -92 -46
1050 700 0 141 -94 -47
1050 700 0 144 -96 -48
1050 700 0 147 -98 -49
1050 700 0 150 -100 -50
1053 702 0 -150 100 50
1053 702 0 -147 98 49
1053 702 0 -144 96 48
1053 702 0 -141 94 47
1053 702 0 -138 92 46
1053 702 0 -135 90 45
1053 702 0 -132 88 44
1053 702 0 -129 86 43
1053 702 0 -126 84 42
1053 702 0 -123 82 41
1053 702 0 -120 80 40
1053 702 0 -117 78 39
1053 702 0 -114 76 38
1053 702 0 -111 74 37
1053 702 0 -108 72 36
1053 702 0 -105 70 35
1053 702 0 -102 68 34
1053 702 0 -99 66 33
1053 702 0 -96 64 32
1053 702 0 -93 62 31
1053 702 0 -90 60 30
1053 702 0 -87 58 29
1053 702 0 -84 56 28
1053 702 0 -81 54 27
1053 702 0 -78 52 26
1053 702 0 -75 50 25
1053 702 0 -72 48 24
1053 702 0 -69 46 23
1053 702 0 -66 44 22
1053 702 0 -63 42 21
1053 702 0 -60 40 20
1053 702 0 -57 38 19
1053 702 0 -54 36 18
1053 702 0 -51 34 17
1053 702 0 -48 32 16
1053 702 0 -45 30 15
1053 702 0 -42 28 14
1053 702 0 -39 26 13
1053 702 0 -36 24 12
1053 702 0 -33 22 11
1053 702 0 -30 20 10
1053 702 0 -27 18 9
1053 702 0 -24 16 8
1053 702 0 -21 14 7
1053 702 0 -18 12 6
1053 702 0 -15 10 5
1053 702 0 -12 8 4
1053 702 0 -9 6 3
1053 702 0 -6 4 2
1053 702 0 -3 2 1
1053 702 0 3 -2 -1
1053 702 0 6 -4 -2
1053 702 0 9 -6 -3
1053 702 0 12 -8 -4
1053 702 0 15 -10 -5
1053 702 0 18 -12 -6
1053 702 0 21 -14 -7
1053 702 0 24 -16 -8
1053 702 0 27 -18 -9
1053 702 0 30 -20 -10
1053 702 0 33 -22 -11
1053 702 0 36 -24 -12
1053 702 0 39 -26 -13
1053 702 0 42 -28 -14
1053 702 0 45 -30 -15
1053 702 0 48 -32 -16
1053 702 0 51 -34 -17
1053 702 0 54 -36 -18
1053 702 0 57 -38 -19
1053 702 0 60 -40 -20
1053 702 0 63 -42 -21
1053 702 0 66 -44 -22
1053 702 0 69 -46 -23
1053 702 0 72 -48 -24
1053 702 0 75 -50 -25
1053 702 0 78 -52 -26
1053 702 0 81 -54 -27
1053 702 0 84 -56 -28
1053 702 0 87 -58 -29
1053 702 0 90 -60 -30
1053 702 0 93 -62 -31
1053 702 0 96 -64 -32
1053 702 0 99 -66 -33
1053 702 0 102 -68 -34
1053 702 0 105 -70 -35
1053 702 0 108 -72 -36
1053 702 0 111 -74 -37
1053 702 0 114 -76 -38
1053 702 0 117 -78 -39
1053 702 0 120 -80 -40
1053 702 0 123 -82 -41
1053 702 0 126 -84 -42
1053 702 0 129 -86 -43
1053 702 0 132 -88 -44
1053 702 0 135 -90 -45
1053 702 0 138 -92 -46
1053 702 0 141 -94 -47
1053 702 0 144 -96 -48
1053 702 0 147 -98 -49
1053 702 0 150 -100 -50
1056 704 0 -150 100 50
1056 704 0 -147 98 49
1056 704 0 -144 96 48
1056 704 0 -141 94 47
1056 704 0 -138 92 46
1056 704 0 -135 90 45
1056 704 0 -132 88 44
1056 704 0 -129 86 43
1056 704 0 -126 84 42
1056 704 0 -123 82 41
1056 704 0 -120 80 40
1056 704 0 -117 78 39
1056 704 0 -114 76 38
1056 704 0 -111 74 37
1056 704 0 -108 72 36
1056 704 0 -105 70 35
1056 704 0 -102 68 34
1056 704 0 -99 66 33
1056 704 0 -96 64 32
1056 704 0 -93 62 31
1056 704 0 -90 60 30
1056 704 0 -87 58 29
1056 704 0 -84 56 28
1056 704 0 -81 54 27
1056 704 0 -78 52 26
1056 704 0 -75 50 25
1056 704 0 -72 48 24
1056 704 0 -69 46 23
1056 704 0 -66 44 22
1056 704 0 -63 42 21
1056 704 0 -60 40 20
1056 704 0 -57 38 19
1056 704 0 -54 36 18
1056 704 0 -51 34 17
1056 704 0 -48 32 16
1056 704 0 -45 30 15
1056 704 0 -42 28 14
1056 704 0 -39 26 13
1056 704 0 -36 24 12
1056 704 0 -33 22 11
1056 704 0 -30 20 10
1056 704 0 -27 18 9
1056 704 0 -24 16 8
1056 704 0 -21 14 7
1056 704 0 -18 12 6
1056 704 0 -15 10 5
1056 704 0 -12 8 4
1056 704 0 -9 6 3
1056 704 0 -6 4 2
1056 704 0 -3 2 1
1056 704 0 3 -2 -1
1056 704 0 6 -4 -2
1056 704 0 9 -6 -3
1056 704 0 12 -8 -4
1056 704 0 15 -10 -5
1056 704 0 18 -12 -6
1056 704 0 21 -14 -7
1056 704 0 24 -16 -8
1056 704 0 27 -18 -9
1056 704 0 30 -20 -10
1056 704 0 33 -22 -11
1056 704 0 36 -24 -12
1056 704 0 39 -26 -13
1056 704 0 42 -28 -14
1056 704 0 45 -30 -15
1056 704 0 48 -32 -16
1056 704 0 51 -34 -17
1056 704 0 54 -36 -18
1056 704 0 57 -38 -19
1056 704 0 60 -40 -20
1056 704 0 63 -42 -21
1056 704 0 66 -44 -22
1056 704 0 69 -46 -23
1056 704 0 72 -48 -24
1056 704 0 75 -50 -25
1056 704 0 78 -52 -26
1056 704 0 81 -54 -27
1056 704 0 84 -56 -28
1056 704 0 87 -58 -29
1056 704 0 90 -60 -30
1056 704 0 93 -62 -31
1056 704 0 96 -64 -32
1056 704 0 99 -66 -33
1056 704 0 102 -68 -34
1056 704 0 105 -70 -35
1056 704 0 108 -72 -36
1056 704 0 111 -74 -37
1056 704 0 114 -76 -38
1056 704 0 117 -78 -39
1056 704 0 120 -80 -40
1056 704 0 123 -82 -41
1056 704 0 126 -84 -42
1056 704 0 129 -86 -43
1056 704 0 132 -88 -44
1056 704 0 135 -90 -45
1056 704 0 138 -92 -46
1056 704 0 141 -94 -47
1056 704 0 144 -96 -48
1056 704 0 147 -98 -49
1056 704 0 150 -100 -50
1059 706 0 -150 100 50
1059 706 0 -147 98 49
1059 706 0 -144 96 48
1059 706 0 -141 94 47
1059 706 0 -138 92 46
1059 706 0 -135 90 45
1059 706 0 -132 88 44
1059 706 0 -129 86 43
1059 706 0 -126 84 42
1059 706 0 -123 82 41
1059 706 0 -120 80 40
1059 706 0 -117 78 39
1059 706 0 -114 76 38
1059 706 0 -111 74 37
1059 706 0 -108 72 36
1059 706 0 -105 70 35
1059 706 0 -102 68 34
1059 706 0 -99 66 33
1059 706 0 -96 64 32
1059 706 0 -93 62 31
1059 706 0 -90 60 30
1059 706 0 -87 58 29
1059 706 0 -84 56 28
1059 706 0 -81 54 27
1059 706 0 -78 52 26
1059 706 0 -75 50 25
1059 706 0 -72 48 24
1059 706 0 -69 46 23
1059 706 0 -66 44 22
1059 706 0 -63 42 21
1059 706 0 -60 40 20
1059 706 0 -57 38 19
1059 706 0 -54 36 18
1059 706 0 -51 34 17
1059 706 0 -48 32 16
1059 706 0 -45 30 15
1059 706 0 -42 28 14
1059 706 0 -39 26 13
1059 706 0 -36 24 12
1059 706 0 -33 22 11
1059 706 0 -30 20 10
1059 706 0 -27 18 9
1059 706 0 -24 16 8
1059 706 0 -21 14 7
1059 706 0 -18 12 6
1059 706 0 -15 10 5
1059 706 0 -12 8 4
1059 706 0 -9 6 3
1059 706 0 -6 4 2
1059 706 0 -3 2 1
1059 706 0 3 -2 -1
1059 706 0 6 -4 -2
1059 706 0 9 -6 -3
1059 706 0 12 -8 -4
1059 706 0 15 -10 -5
1059 706 0 18 -12 -6
1059 706 0 21 -14 -7
1059 706 0 24 -16 -8
1059 706 0 27 -18 -9
1059 706 0 30 -20 -10
1059 706 0 33 -22 -11
1059 706 0 36 -24 -12
1059 706 0 39 -26 -13
1059 706 0 42 -28 -14
1059 706 0 45 -30 -15
1059 706 0 48 -32 -16
1059 706 0 51 -34 -17
1059 706 0 54 -36 -18
1059 706 0 57 -38 -19
1059 706 0 60 -40 -20
1059 706 0 63 -42 -21
1059 706 0 66 -44 -22
1059 706 0 69 -46 -23
1059 706 0 72 -48 -24
1059 706 0 75 -50 -25
1059 706 0 78 -52 -26
1059 706 0 81 -54 -27
1059 706 0 84 -56 -28
1059 706 0 87 -58 -29
1059 706 0 90 -60 -30
1059 706 0 93 -62 -31
1059 706 0 96 -64 -32
1059 706 0 99 -66 -33
1059 706 0 102 -68 -34
1059 706 0 105 -70 -35
1059 706 0 108 -72 -36
1059 706 0 111 -74 -37
1059 706 0 114 -76 -38
1059 706 0 117 -78 -39
1059 706 0 120 -80 -40
1059 706 0 123 -82 -41
1059 706 0 126 -84 -42
1059 706 0 129 -86 -43
1059 706 0 132 -88 -44
1059 706 0 135 -90 -45
1059 706 0 138 -92 -46
1059 706 0 141 -94 -47
1059 706 0 144 -96 -48
1059 706 0 147 -98 -49
1059 706 0 150 -100 -50
1062 708 0 -150 100 50
1062 708 0 -147 98 49
1062 708 0 -144 96 48
1062 708 0 -141 94 47
1062 708 0 -138 92 46
1062 708 0 -135 90 45
1062 708 0 -132 88 44
1062 708 0 -129 86 43
1062 708 0 -126 84 42
1062 708 0 -123 82 41
1062 708 0 -120 80 40
1062 708 0 -117 78 39
1062 708 0 -114 76 38
1062 708 0 -111 74 37
1062 708 0 -108 72 36
1062 708 0 -105 70 35
1062 708 0 -102 68 34
1062 708 0 -99 66 33
1062 708 0 -96 64 32
1062 708 0 -93 62 31
1062 708 0 -90 60 30
1062 708 0 -87 58 29
1062 708 0 -84 56 28
1062 708 0 -81 54 27
1062 708 0 -78 52 26
1062 708 0 -75 50 25
1062 708 0 -72 48 24
1062 708 0 -69 46 23
1062 708 0 -66 44 22
1062 708 0 -63 42 21
1062 708 0 -60 40 20
1062 708 0 -57 38 19
1062 708 0 -54 36 18
1062 708 0 -51 34 17
1062 708 0 -48 32 16
1062 708 0 -45 30 15
1062 708 0 -42 28 14
1062 708 0 -39 26 13
1062 708 0 -36 24 12
1062 708 0 -33 22 11
1062 708 0 -30 20 10
1062 708 0 -27 18 9
1062 708 0 -24 16 8
1062 708 0 -21 14 7
1062 708 0 -18 12 6
1062 708 0 -15 10 5
1062 708 0 -12 8 4
1062 708 0 -9 6 3
1062 708 0 -6 4 2
1062 708 0 -3 2 1
1062 708 0 3 -2 -1
1062 708 0 6 -4 -2
1062 708 0 9 -6 -3
1062 708 0 12 -8 -4
1062 708 0 15 -10 -5
1062 708 0 18 -12 -6
1062 708 0 21 -14 -7
1062 708 0 24 -16 -8
1062 708 0 27 -18 -9
1062 708 0 30 -20 -10
1062 708 0 33 -22 -11
1062 708 0 36 -24 -12
1062 708 0 39 -26 -13
1062 708 0 42 -28 -14
1062 708 0 45 -30 -15
1062 708 0 48 -32 -16
1062 708 0 51 -34 -17
1062 708 0 54 -36 -18
1062 708 0 57 -38 -19
1062 708 0 60 -40 -20
1062 708 0 63 -42 -21
1062 708 0 66 -44 -22
1062 708 0 69 -46 -23
1062 708 0 72 -48 -24
1062 708 0 75 -50 -25
1062 708 0 78 -52 -26
1062 708 0 81 -54 -27
1062 708 0 84 -56 -28
1062 708 0 87 -58 -29
1062 708 0 90 -60 -30
1062 708 0 93 -62 -31
1062 708 0 96 -64 -32
1062 708 0 99 -66 -33
1062 708 0 102 -68 -34
1062 708 0 105 -70 -35
1062 708 0 108 -72 -36
1062 708 0 111 -74 -37
1062 708 0 114 -76 -38
1062 708 0 117 -78 -39
1062 708 0 120 -80 -40
1062 708 0 123 -82 -41
1062 708 0 126 -84 -42
1062 708 0 129 -86 -43
1062 708 0 132 -88 -44
1062 708 0 135 -90 -45
1062 708 0 138 -92 -46
1062 708 0 141 -94 -47
1062 708 0 144 -96 -48
1062 708 0 147 -98 -49
1062 708 0 150 -100 -50
1065 710 0 -150 100 50
1065 710 0 -147 98 49
1065 710 0 -144 96 48
1065 710 0 -141 94 47
1065 710 0 -138 92 46
1065 710 0 -135 90 45
1065 710 0 -132 88 44
1065 710 0 -129 86 43
1065 710 0 -126 84 42
1065 710 0 -123 82 41
1065 710 0 -120 80 40
1065 710 0 -117 78 39
1065 710 0 -114 76 38
1065 710 0 -111 74 37
1065 710 0 -108 72 36
1065 710 0 -105 70 35
1065 710 0 -102 68 34
1065 710 0 -99 66 33
1065 710 0 -96 64 32
1065 710 0 -93 62 31
1065 710 0 -90 60 30
1065 710 0 -87 58 29
1065 710 0 -84 56 28
1065 710 0 -81 54 27
1065 710 0 -78 52 26
1065 710 0 -75 50 25
1065 710 0 -72 48 24
1065 710 0 -69 46 23
1065 710 0 -66 44 22
1065 710 0 -63 42 21
1065 710 0 -60 40 20
1065 710 0 -57 38 19
1065 710 0 -54 36 18
1065 710 0 -51 34 17
1065 710 0 -48 32 16
1065 710 0 -45 30 15
1065 710 0 -42 28 14
1065 710 0 -39 26 13
1065 710 0 -36 24 12
1065 710 0 -33 22 11
1065 710 0 -30 20 10
1065 710 0 -27 18 9
1065 710 0 -24 16 8
1065 710 0 -21 14 7
1065 710 0 -18 12 6
1065 710 0 -15 10 5
1065 710 0 -12 8 4
1065 710 0 -9 6 3
1065 710 0 -6 4 2
1065 710 0 -3 2 1
1065 710 0 3 -2 -1
1065 710 0 6 -4 -2
1065 710 0 9 -6 -3
1065 710 0 12 -8 -4
1065 710 0 15 -10 -5
1065 710 0 18 -12 -6
1065 710 0 21 -14 -7
1065 710 0 24 -16 -8
1065 710 0 27 -18 -9
1065 710 0 30 -20 -10
1065 710 0 33 -22 -11
1065 710 0 36 -24 -12
1065 710 0 39 -26 -13
1065 710 0 42 -28 -14
1065 710 0 45 -30 -15
1065 710 0 48 -32 -16
1065 710 0 51 -34 -17
1065 710 0 54 -36 -18
1065 710 0 57 -38 -19
1065 710 0 60 -40 -20
1065 710 0 63 -42 -21
1065 710 0 66 -44 -22
1065 710 0 69 -46 -23
1065 710 0 72 -48 -24
1065 710 0 75 -50 -25
1065 710 0 78 -52 -26
1065 710 0 81 -54 -27
1065 710 0 84 -56 -28
1065 710 0 87 -58 -29
1065 710 0 90 -60 -30
1065 710 0 93 -62 -31
1065 710 0 96 -64 -32
1065 710 0 99 -66 -33
1065 710 0 102 -68 -34
1065 710 0 105 -70 -35
1065 710 0 108 -72 -36
1065 710 0 111 -74 -37
1065 710 0 114 -76 -38
1065 710 0 117 -78 -39
1065 710 0 120 -80 -40
1065 710 0 123 -82 -41
1065 710 0 126 -84 -42
1065 710 0 129 -86 -43
1065 710 0 132 -88 -44
1065 710 0 135 -90 -45
1065 710 0 138 -92 -46
1065 710 0 141 -94 -47
1065 710 0 144 -96 -48
1065 710 0 147 -98 -49
1065 710 0 150 -100 -50
1068 712 0 -150 100 50
1068 712 0 -147 98 49
1068 712 0 -144 96 48
1068 712 0 -141 94 47
1068 712 0 -138 92 46
1068 712 0 -135 90 45
1068 712 0 -132 88 44
1068 712 0 -129 86 43
1068 712 0 -126 84 42
1068 712 0 -123 82 41
1068 712 0 -120 80 40
1068 712 0 -117 78 39
1068 712 0 -114 76 38
1068 712 0 -111 74 37
1068 712 0 -108 72 36
1068 712 0 -105 70 35
1068 712 0 -102 68 34
1068 712 0 -99 66 33
1068 712 0 -96 64 32
1068 712 0 -93 62 31
1068 712 0 -90 60 30
1068 712 0 -87 58 29
1068 712 0 -84 56 28
1068 712 0 -81 54 27
1068 712 0 -78 52 26
1068 712 0 -75 50 25
1068 712 0 -72 48 24
1068 712 0 -69 46 23
1068 712 0 -66 44 22
1068 712 0 -63 42 21
1068 712 0 -60 40 20
1068 712 0 -57 38 19
1068 712 0 -54 36 18
1068 712 0 -51 34 17
1068 712 0 -48 32 16
1068 712 0 -45 30 15
1068 712 0 -42 28 14
1068 712 0 -39 26 13
1068 712 0 -36 24 12
1068 712 0 -33 22 11
1068 712 0 -30 20 10
1068 712 0 -27 18 9
1068 712 0 -24 16 8
1068 712 0 -21 14 7
1068 712 0 -18 12 6
1068 712 0 -15 10 5
1068 712 0 -12 8 4
1068 712 0 -9 6 3
1068 712 0 -6 4 2
1068 712 0 -3 2 1
1068 712 0 3 -2 -1
1068 712 0 6 -4 -2
1068 712 0 9 -6 -3
1068 712 0 12 -8 -4
1068 712 0 15 -10 -5
1068 712 0 18 -12 -6
1068 712 0 21 -14 -7
1068 712 0 24 -16 -8
1068 712 0 27 -18 -9
1068 712 0 30 -20 -10
1068 712 0 33 -22 -11
1068 712 0 36 -24 -12
1068 712 0 39 -26 -13
1068 712 0 42 -28 -14
1068 712 0 45 -30 -15
1068 712 0 48 -32 -16
1068 712 0 51 -34 -17
1068 712 0 54 -36 -18
1068 712 0 57 -38 -19
1068 712 0 60 -40 -20
1068 712 0 63 -42 -21
1068 712 0 66 -44 -22
1068 712 0 69 -46 -23
1068 712 0 72 -48 -24
1068 712 0 75 -50 -25
1068 712 0 78 -52 -26
1068 712 0 81 -54 -27
1068 712 0 84 -56 -28
1068 712 0 87 -58 -29
1068 712 0 90 -60 -30
1068 712 0 93 -62 -31
1068 712 0 96 -64 -32
1068 712 0 99 -66 -33
1068 712 0 102 -68 -34
1068 712 0 105 -70 -35
1068 712 0 108 -72 -36
1068 712 0 111 -74 -37
1068 712 0 114 -76 -38
1068 712 0 117 -78 -39
1068 712 0 120 -80 -40
1068 712 0 123 -82 -41
1068 712 0 126 -84 -42
1068 712 0 129 -86 -43
1068 712 0 132 -88 -44
1068 712 0 135 -90 -45
1068 712 0 138 -92 -46
1068 712 0 141 -94 -47
1068 712 0 144 -96 -48
1068 712 0 147 -98 -49
1068 712 0 150 -100 -50
1071 714 0 -150 100 50
1071 714 0 -147 98 49
1071 714 0 -144 96 48
1071 714 0 -141 94 47
1071 714 0 -138 92 46
1071 714 0 -135 90 45
1071 714 0 -132 88 44
1071 714 0 -129 86 43
1071 714 0 -126 84 42
1071 714 0 -123 82 41
1071 714 0 -120 80 40
1071 714 0 -117 78 39
1071 714 0 -114 76 38
1071 714 0 -111 74 37
1071 714 0 -108 72 36
1071 714 0 -105 70 35
1071 714 0 -102 68 34
1071 714 0 -99 66 33
1071 714 0 -96 64 32
1071 714 0 -93 62 31
1071 714 0 -90 60 30
1071 714 0 -87 58 29
1071 714 0 -84 56 28
1071 714 0 -81 54 27
1071 714 0 -78 52 26
1071 714 0 -75 50 25
1071 714 0 -72 48 24
1071 714 0 -69 46 23
1071 714 0 -66 44 22
1071 714 0 -63 42 21
1071 714 0 -60 40 20
1071 714 0 -57 38 19
1071 714 0 -54 36 18
1071 714 0 -51 34 17
1071 714 0 -48 32 16
1071 714 0 -45 30 15
1071 714 0 -42 28 14
1071 714 0 -39 26 13
1071 714 0 -36 24 12
1071 714 0 -33 22 11
1071 714 0 -30 20 10
1071 714 0 -27 18 9
1071 714 0 -24 16 8
1071 714 0 -21 14 7
1071 714 0 -18 12 6
1071 714 0 -15 10 5
1071 714 0 -12 8 4
1071 714 0 -9 6 3
1071 714 0 -6 4 2
1071 714 0 -3 2 1
1071 714 0 3 -2 -1
1071 714 0 6 -4 -2
1071 714 0 9 -6 -3
1071 714 0 12 -8 -4
1071 714 0 15 -10 -5
1071 714 0 18 -12 -6
1071 714 0 21 -14 -7
1071 714 0 24 -16 -8
1071 714 0 27 -18 -9
1071 714 0 30 -20 -10
1071 714 0 33 -22 -11
1071 714 0 36 -24 -12
1071 714 0 39 -26 -13
1071 714 0 42 -28 -14
1071 714 0 45 -30 -15
1071 714 0 48 -32 -16
1071 714 0 51 -34 -17
1071 714 0 54 -36 -18
1071 714 0 57 -38 -19
1071 714 0 60 -40 -20
1071 714 0 63 -42 -21
1071 714 0 66 -44 -22
1071 714 0 69 -46 -23
1071 714 0 72 -48 -24
1071 714 0 75 -50 -25
1071 714 0 78 -52 -26
1071 714 0 81 -54 -27
1071 714 0 84 -56 -28
1071 714 0 87 -58 -29
1071 714 0 90 -60 -30
1071 714 0 93 -62 -31
1071 714 0 96 -64 -32
1071 714 0 99 -66 -33
1071 714 0 102 -68 -34
1071 714 0 105 -70 -35
1071 714 0 108 -72 -36
1071 714 0 111 -74 -37
1071 714 0 114 -76 -38
1071 714 0 117 -78 -39
1071 714 0 120 -80 -40
1071 714 0 123 -82 -41
1071 714 0 126 -84 -42
1071 714 0 129 -86 -43
1071 714 0 132 -88 -44
1071 714 0 135 -90 -45
1071 714 0 138 -92 -46
1071 714 0 141 -94 -47
1071 714 0 144 -96 -48
1071 714 0 147 -98 -49
1071 714 0 150 -100 -50
1074 716 0 -150 100 50
1074 716 0 -147 98 49
1074 716 0 -144 96 48
1074 716 0 -141 94 47
1074 716 0 -138 92 46
1074 716 0 -135 90 45
1074 716 0 -132 88 44
1074 716 0 -129 86 43
1074 716 0 -126 84 42
1074 716 0 -123 82 41
1074 716 0 -120 80 40
1074 716 0 -117 78 39
1074 716 0 -114 76 38
1074 716 0 -111 74 37
1074 716 0 -108 72 36
1074 716 0 -105 70 35
1074 716 0 -102 68 34
1074 716 0 -99 66 33
1074 716 0 -96 64 32
1074 716 0 -93 62 31
1074 716 0 -90 60 30
1074 716 0 -87 58 29
1074 716 0 -84 56 28
1074 716 0 -81 54 27
1074 716 0 -78 52 26
1074 716 0 -75 50 25
1074 716 0 -72 48 24
1074 716 0 -69 46 23
1074 716 0 -66 44 22
1074 716 0 -63 42 21
1074 716 0 -60 40 20
1074 716 0 -57 38 19
1074 716 0 -54 36 18
1074 716 0 -51 34 17
1074 716 0 -48 32 16
1074 716 0 -45 30 15
1074 716 0 -42 28 14
1074 716 0 -39 26 13
1074 716 0 -36 24 12
1074 716 0 -33 22 11
1074 716 0 -30 20 10
1074 716 0 -27 18 9
1074 716 0 -24 16 8
1074 716 0 -21 14 7
1074 716 0 -18 12 6
1074 716 0 -15 10 5
1074 716 0 -12 8 4
1074 716 0 -9 6 3
1074 716 0 -6 4 2
1074 716 0 -3 2 1
1074 716 0 3 -2 -1
1074 716 0 6 -4 -2
1074 716 0 9 -6 -3
1074 716 0 12 -8 -4
1074 716 0 15 -10 -5
1074 716 0 18 -12 -6
1074 716 0 21 -14 -7
1074 716 0 24 -16 -8
1074 716 0 27 -18 -9
1074 716 0 30 -20 -10
1074 716 0 33 -22 -11
1074 716 0 36 -24 -12
1074 716 0 39 -26 -13
1074 716 0 42 -28 -14
1074 716 0 45 -30 -15
1074 716 0 48 -32 -16
1074 716 0 51 -34 -17
1074 716 0 54 -36 -18
1074 716 0 57 -38 -19
1074 716 0 60 -40 -20
1074 716 0 63 -42 -21
1074 716 0 66 -44 -22
1074 716 0 69 -46 -23
1074 716 0 72 -48 -24
1074 716 0 75 -50 -25
1074 716 0 78 -52 -26
1074 716 0 81 -54 -27
1074 716 0 84 -56 -28
1074 716 0 87 -58 -29
1074 716 0 90 -60 -30
1074 716 0 93 -62 -31
1074 716 0 96 -64 -32
1074 716 0 99 -66 -33
1074 716 0 102 -68 -34
1074 716 0 105 -70 -35
1074 716 0 108 -72 -36
1074 716 0 111 -74 -37
1074 716 0 114 -76 -38
1074 716 0 117 -78 -39
1074 716 0 120 -80 -40
1074 716 0 123 -82 -41
1074 716 0 126 -84 -42
1074 716 0 129 -86 -43
1074 716 0 132 -88 -44
1074 716 0 135 -90 -45
1074 716 0 138 -92 -46
1074 716 0 141 -94 -47
1074 716 0 144 -96 -48
1074 716 0 147 -98 -49
1074 716 0 150 -100 -50
1077 718 0 -150 100 50
1077 718 0 -147 98 49
1077 718 0 -144 96 48
1077 718 0 -141 94 47
1077 718 0 -138 92 46
1077 718 0 -135 90 45
1077 718 0 -132 88 44
1077 718 0 -129 86 43
1077 718 0 -126 84 42
1077 718 0 -123 82 41
1077 718 0 -120 80 40
1077 718 0 -117 78 39
1077 718 0 -114 76 38
1077 718 0 -111 74 37
1077 718 0 -108 72 36
1077 718 0 -105 70 35
1077 718 0 -102 68 34
1077 718 0 -99 66 33
1077 718 0 -96 64 32
1077 718 0 -93 62 31
1077 718 0 -90 60 30
1077 718 0 -87 58 29
1077 718 0 -84 56 28
1077 718 0 -81 54 27
1077 718 0 -78 52 26
1077 718 0 -75 50 25
1077 718 0 -72 48 24
1077 718 0 -69 46 23
1077 718 0 -66 44 22
1077 718 0 -63 42 21
1077 718 0 -60 40 20
1077 718 0 -57 38 19
1077 718 0 -54 36 18
1077 718 0 -51 34 17
1077 718 0 -48 32 16
1077 718 0 -45 30 15
1077 718 0 -42 28 14
1077 718 0 -39 26 13
1077 718 0 -36 24 12
1077 718 0 -33 22 11
1077 718 0 -30 20 10
1077 718 0 -27 18 9
1077 718 0 -24 16 8
1077 718 0 -21 14 7
1077 718 0 -18 12 6
1077 718 0 -15 10 5
1077 718 0 -12 8 4
1077 718 0 -9 6 3
1077 718 0 -6 4 2
1077 718 0 -3 2 1
1077 718 0 3 -2 -1
1077 718 0 6 -4 -2
1077 718 0 9 -6 -3
1077 718 0 12 -8 -4
1077 718 0 15 -10 -5
1077 718 0 18 -12 -6
1077 718 0 21 -14 -7
1077 718 0 24 -16 -8
1077 718 0 27 -18 -9
1077 718 0 30 -20 -10
1077 718 0 33 -22 -11
1077 718 0 36 -24 -12
1077 718 0 39 -26 -13
1077 718 0 42 -28 -14
1077 718 0 45 -30 -15
1077 718 0 48 -32 -16
1077 718 0 51 -34 -17
1077 718 0 54 -36 -18
1077 718 0 57 -38 -19
1077 718 0 60 -40 -20
1077 718 0 63 -42 -21
1077 718 0 66 -44 -22
1077 718 0 69 -46 -23
1077 718 0 72 -48 -24
1077 718 0 75 -50 -25
1077 718 0 78 -52 -26
1077 718 0 81 -54 -27
1077 718 0 84 -56 -28
1077 718 0 87 -58 -29
1077 718 0 90 -60 -30
1077 718 0 93 -62 -31
1077 718 0 96 -64 -32
1077 718 0 99 -66 -33
1077 718 0 102 -68 -34
1077 718 0 105 -70 -35
1077 718 0 108 -72 -36
1077 718 0 111 -74 -37
1077 718 0 114 -76 -38
1077 718 0 117 -78 -39
1077 718 0 120 -80 -40
1077 718 0 123 -82 -41
1077 718 0 126 -84 -42
1077 718 0 129 -86 -43
1077 718 0 132 -88 -44
1077 718 0 135 -90 -45
1077 718 0 138 -92 -46
1077 718 0 141 -94 -47
1077 718 0 144 -96 -48
1077 718 0 147 -98 -49
1077 718 0 150 -100 -50
1080 720 0 -150 100 50
1080 720 0 -147 98 49
1080 720 0 -144 96 48
1080 720 0 -141 94 47
1080 720 0 -138 92 46
1080 720 0 -135 90 45
1080 720 0 -132 88 44
1080 720 0 -129 86 43
1080 720 0 -126 84 42
1080 720 0 -123 82 41
1080 720 0 -120 80 40
1080 720 0 -117 78 39
1080 720 0 -114 76 38
1080 720 0 -111 74 37
1080 720 0 -108 72 36
1080 720 0 -105 70 35
1080 720 0 -102 68 34
1080 720 0 -99 66 33
1080 720 0 -96 64 32
1080 720 0 -93 62 31
1080 720 0 -90 60 30
1080 720 0 -87 58 29
1080 720 0 -84 56 28
1080 720 0 -81 54 27
1080 720 0 -78 52 26
1080 720 0 -75 50 25
1080 720 0 -72 48 24
1080 720 0 -69 46 23
1080 720 0 -66 44 22
1080 720 0 -63 42 21
1080 720 0 -60 40 20
1080 720 0 -57 38 19
1080 720 0 -54 36 18
1080 720 0 -51 34 17
1080 720 0 -48 32 16
1080 720 0 -45 30 15
1080 720 0 -42 28 14
1080 720 0 -39 26 13
1080 720 0 -36 24 12
1080 720 0 -33 22 11
1080 720 0 -30 20 10
1080 720 0 -27 18 9
1080 720 0 -24 16 8
1080 720 0 -21 14 7
1080 720 0 -18 12 6
1080 720 0 -15 10 5
1080 720 0 -12 8 4
1080 720 0 -9 6 3
1080 720 0 -6 4 2
1080 720 0 -3 2 1
1080 720 0 3 -2 -1
1080 720 0 6 -4 -2
1080 720 0 9 -6 -3
1080 720 0 12 -8 -4
1080 720 0 15 -10 -5
1080 720 0 18 -12 -6
1080 720 0 21 -14 -7
1080 720 0 24 -16 -8
1080 720 0 27 -18 -9
1080 720 0 30 -20 -10
1080 720 0 33 -22 -11
1080 720 0 36 -24 -12
1080 720 0 39 -26 -13
1080 720 0 42 -28 -14
1080 720 0 45 -30 -15
1080 720 0 48 -32 -16
1080 720 0 51 -34 -17
1080 720 0 54 -36 -18
1080 720 0 57 -38 -19
1080 720 0 60 -40 -20
1080 720 0 63 -42 -21
1080 720 0 66 -44 -22
1080 720 0 69 -46 -23
1080 720 0 72 -48 -24
1080 720 0 75 -50 -25
1080 720 0 78 -52 -26
1080 720 0 81 -54 -27
1080 720 0 84 -56 -28
1080 720 0 87 -58 -29
1080 720 0 90 -60 -30
1080 720 0 93 -62 -31
1080 720 0 96 -64 -32
1080 720 0 99 -66 -33
1080 720 0 102 -68 -34
1080 720 0 105 -70 -35
1080 720 0 108 -72 -36
1080 720 0 111 -74 -37
1080 720 0 114 -76 -38
1080 720 0 117 -78 -39
1080 720 0 120 -80 -40
1080 720 0 123 -82 -41
1080 720 0 126 -84 -42
1080 720 0 129 -86 -43
1080 720 0 132 -88 -44
1080 720 0 135 -90 -45
1080 720 0 138 -92 -46
1080 720 0 141 -94 -47
1080 720 0 144 -96 -48
1080 720 0 147 -98 -49
1080 720 0 150 -100 -50
1083 722 0 -150 100 50
1083 722 0 -147 98 49
1083 722 0 -144 96 48
1083 722 0 -141 94 47
1083 722 0 -138 92 46
1083 722 0 -135 90 45
1083 722 0 -132 88 44
1083 722 0 -129 86 43
1083 722 0 -126 84 42
1083 722 0 -123 82 41
1083 722 0 -120 80 40
1083 722 0 -117 78 39
1083 722 0 -114 76 38
1083 722 0 -111 74 37
1083 722 0 -108 72 36
1083 722 0 -105 70 35
1083 722 0 -102 68 34
1083 722 0 -99 66 33
1083 722 0 -96 64 32
1083 722 0 -93 62 31
1083 722 0 -90 60 30
1083 722 0 -87 58 29
1083 722 0 -84 56 28
1083 722 0 -81 54 27
1083 722 0 -78 52 26
1083 722 0 -75 50 25
1083 722 0 -72 48 24
1083 722 0 -69 46 23
1083 722 0 -66 44 22
1083 722 0 -63 42 21
1083 722 0 -60 40 20
1083 722 0 -57 38 19
1083 722 0 -54 36 18
1083 722 0 -51 34 17
1083 722 0 -48 32 16
1083 722 0 -45 30 15
1083 722 0 -42 28 14
1083 722 0 -39 26 13
1083 722 0 -36 24 12
1083 722 0 -33 22 11
1083 722 0 -30 20 10
1083 722 0 -27 18 9
1083 722 0 -24 16 8
1083 722 0 -21 14 7
1083 722 0 -18 12 6
1083 722 0 -15 10 5
1083 722 0 -12 8 4
1083 722 0 -9 6 3
1083 722 0 -6 4 2
1083 722 0 -3 2 1
1083 722 0 3 -2 -1
1083 722 0 6 -4 -2
1083 722 0 9 -6 -3
1083 722 0 12 -8 -4
1083 722 0 15 -10 -5
1083 722 0 18 -12 -6
1083 722 0 21 -14 -7
1083 722 0 24 -16 -8
1083 722 0 27 -18 -9
1083 722 0 30 -20 -10
1083 722 0 33 -22 -11
1083 722 0 36 -24 -12
1083 722 0 39 -26 -13
1083 722 0 42 -28 -14
1083 722 0 45 -30 -15
1083 722 0 48 -32 -16
1083 722 0 51 -34 -17
1083 722 0 54 -36 -18
1083 722 0 57 -38 -19
1083 722 0 60 -40 -20
1083 722 0 63 -42 -21
1083 722 0 66 -44 -22
1083 722 0 69 -46 -23
1083 722 0 72 -48 -24
1083 722 0 75 -50 -25
1083 722 0 78 -52 -26
1083 722 0 81 -54 -27
1083 722 0 84 -56 -28
1083 722 0 87 -58 -29
1083 722 0 90 -60 -30
1083 722 0 93 -62 -31
1083 722 0 96 -64 -32
1083 722 0 99 -66 -33
1083 722 0 102 -68 -34
1083 722 0 105 -70 -35
1083 722 0 108 -72 -36
1083 722 0 111 -74 -37
1083 722 0 114 -76 -38
1083 722 0 117 -78 -39
1083 722 0 120 -80 -40
1083 722 0 123 -82 -41
1083 722 0 126 -84 -42
1083 722 0 129 -86 -43
1083 722 0 132 -88 -44
1083 722 0 135 -90 -45
1083 722 0 138 -92 -46
1083 722 0 141 -94 -47
1083 722 0 144 -96 -48
1083 722 0 147 -98 -49
1083 722 0 150 -100 -50
1086 724 0 -150 100 50
1086 724 0 -147 98 49
1086 724 0 -144 96 48
1086 724 0 -141 94 47
1086 724 0 -138 92 46
1086 724 0 -135 90 45
1086 724 0 -132 88 44
1086 724 0 -129 86 43
1086 724 0 -126 84 42
1086 724 0 -123 82 41
1086 724 0 -120 80 40
1086 724 0 -117 78 39
1086 724 0 -114 76 38
1086 724 0 -111 74 37
1086 724 0 -108 72 36
1086 724 0 -105 70 35
1086 724 0 -102 68 34
1086 724 0 -99 66 33
1086 724 0 -96 64 32
1086 724 0 -93 62 31
1086 724 0 -90 60 30
1086 724 0 -87 58 29
1086 724 0 -84 56 28
1086 724 0 -81 54 27
1086 724 0 -78 52 26
1086 724 0 -75 50 25
1086 724 0 -72 48 24
1086 724 0 -69 46 23
1086 724 0 -66 44 22
1086 724 0 -63 42 21
1086 724 0 -60 40 20
1086 724 0 -57 38 19
1086 724 0 -54 36 18
1086 724 0 -51 34 17
1086 724 0 -48 32 16
1086 724 0 -45 30 15
1086 724 0 -42 28 14
1086 724 0 -39 26 13
1086 724 0 -36 24 12
1086 724 0 -33 22 11
1086 724 0 -30 20 10
1086 724 0 -27 18 9
1086 724 0 -24 16 8
1086 724 0 -21 14 7
1086 724 0 -18 12 6
1086 724 0 -15 10 5
1086 724 0 -12 8 4
1086 724 0 -9 6 3
1086 724 0 -6 4 2
1086 724 0 -3 2 1
1086 724 0 3 -2 -1
1086 724 0 6 -4 -2
1086 724 0 9 -6 -3
1086 724 0 12 -8 -4
1086 724 0 15 -10 -5
1086 724 0 18 -12 -6
1086 724 0 21 -14 -7
1086 724 0 24 -16 -8
1086 724 0 27 -18 -9
1086 724 0 30 -20 -10
1086 724 0 33 -22 -11
1086 724 0 36 -24 -12
1086 724 0 39 -26 -13
1086 724 0 42 -28 -14
1086 724 0 45 -30 -15
1086 724 0 48 -32 -16
1086 724 0 51 -34 -17
1086 724 0 54 -36 -18
1086 724 0 57 -38 -19
1086 724 0 60 -40 -20
1086 724 0 63 -42 -21
1086 724 0 66 -44 -22
1086 724 0 69 -46 -23
1086 724 0 72 -48 -24
1086 724 0 75 -50 -25
1086 724 0 78 -52 -26
1086 724 0 81 -54 -27
1086 724 0 84 -56 -28
1086 724 0 87 -58 -29
1086 724 0 90 -60 -30
1086 724 0 93 -62 -31
1086 724 0 96 -64 -32
1086 724 0 99 -66 -33
1086 724 0 102 -68 -34
1086 724 0 105 -70 -35
1086 724 0 108 -72 -36
1086 724 0 111 -74 -37
1086 724 0 114 -76 -38
1086 724 0 117 -78 -39
1086 724 0 120 -80 -40
1086 724 0 123 -82 -41
1086 724 0 126 -84 -42
1086 724 0 129 -86 -43
1086 724 0 132 -88 -44
1086 724 0 135 -90 -45
1086 724 0 138 -92 -46
1086 724 0 141 -94 -47
1086 724 0 144 -96 -48
1086 724 0 147 -98 -49
1086 724 0 150 -100 -50
1089 726 0 -150 100 50
1089 726 0 -147 98 49
1089 726 0 -144 96 48
1089 726 0 -141 94 47
1089 726 0 -138 92 46
1089 726 0 -135 90 45
1089 726 0 -132 88 44
1089 726 0 -129 86 43
1089 726 0 -126 84 42
1089 726 0 -123 82 41
1089 726 0 -120 80 40
1089 726 0 -117 78 39
1089 726 0 -114 76 38
1089 726 0 -111 74 37
1089 726 0 -108 72 36
1089 726 0 -105 70 35
1089 726 0 -102 68 34
1089 726 0 -99 66 33
1089 726 0 -96 64 32
1089 726 0 -93 62 31
1089 726 0 -90 60 30
1089 726 0 -87 58 29
1089 726 0 -84 56 28
1089 726 0 -81 54 27
1089 726 0 -78 52 26
1089 726 0 -75 50 25
1089 726 0 -72 48 24
1089 726 0 -69 46 23
1089 726 0 -66 44 22
1089 726 0 -63 42 21
1089 726 0 -60 40 20
1089 726 0 -57 38 19
1089 726 0 -54 36 18
1089 726 0 -51 34 17
1089 726 0 -48 32 16
1089 726 0 -45 30 15
1089 726 0 -42 28 14
1089 726 0 -39 26 13
1089 726 0 -36 24 12
1089 726 0 -33 22 11
1089 726 0 -30 20 10
1089 726 0 -27 18 9
1089 726 0 -24 16 8
1089 726 0 -21 14 7
1089 726 0 -18 12 6
1089 726 0 -15 10 5
1089 726 0 -12 8 4
1089 726 0 -9 6 3
1089 726 0 -6 4 2
1089 726 0 -3 2 1
1089 726 0 3 -2 -1
1089 726 0 6 -4 -2
1089 726 0 9 -6 -3
1089 726 0 12 -8 -4
1089 726 0 15 -10 -5
1089 726 0 18 -12 -6
1089 726 0 21 -14 -7
1089 726 0 24 -16 -8
1089 726 0 27 -18 -9
1089 726 0 30 -20 -10
1089 726 0 33 -22 -11
1089 726 0 36 -24 -12
1089 726 0 39 -26 -13
1089 726 0 42 -28 -14
1089 726 0 45 -30 -15
1089 726 0 48 -32 -16
1089 726 0 51 -34 -17
1089 726 0 54 -36 -18
1089 726 0 57 -38 -19
1089 726 0 60 -40 -20
1089 726 0 63 -42 -21
1089 726 0 66 -44 -22
1089 726 0 69 -46 -23
1089 726 0 72 -48 -24
1089 726 0 75 -50 -25
1089 726 0 78 -52 -26
1089 726 0 81 -54 -27
1089 726 0 84 -56 -28
1089 726 0 87 -58 -29
1089 726 0 90 -60 -30
1089 726 0 93 -62 -31
1089 726 0 96 -64 -32
1089 726 0 99 -66 -33
1089 726 0 102 -68 -34
1089 726 0 105 -70 -35
1089 726 0 108 -72 -36
1089 726 0 111 -74 -37
1089 726 0 114 -76 -38
1089 726 0 117 -78 -39
1089 726 0 120 -80 -40
1089 726 0 123 -82 -41
1089 726 0 126 -84 -42
1089 726 0 129 -86 -43
1089 726 0 132 -88 -44
1089 726 0 135 -90 -45
1089 726 0 138 -92 -46
1089 726 0 141 -94 -47
1089 726 0 144 -96 -48
1089 726 0 147 -98 -49
1089 726 0 150 -100 -50
1092 728 0 -150 100 50
1092 728 0 -147 98 49
1092 728 0 -144 96 48
1092 728 0 -141 94 47
1092 728 0 -138 92 46
1092 728 0 -135 90 45
1092 728 0 -132 88 44
1092 728 0 -129 86 43
1092 728 0 -126 84 42
1092 728 0 -123 82 41
1092 728 0 -120 80 40
1092 728 0 -117 78 39
1092 728 0 -114 76 38
1092 728 0 -111 74 37
1092 728 0 -108 72 36
1092 728 0 -105 70 35
1092 728 0 -102 68 34
1092 728 0 -99 66 33
1092 728 0 -96 64 32
1092 728 0 -93 62 31
1092 728 0 -90 60 30
1092 728 0 -87 58 29
1092 728 0 -84 56 28
1092 728 0 -81 54 27
1092 728 0 -78 52 26
1092 728 0 -75 50 25
1092 728 0 -72 48 24
1092 728 0 -69 46 23
1092 728 0 -66 44 22
1092 728 0 -63 42 21
1092 728 0 -60 40 20
1092 728 0 -57 38 19
1092 728 0 -54 36 18
1092 728 0 -51 34 17
1092 728 0 -48 32 16
1092 728 0 -45 30 15
1092 728 0 -42 28 14
1092 728 0 -39 26 13
1092 728 0 -36 24 12
1092 728 0 -33 22 11
1092 728 0 -30 20 10
1092 728 0 -27 18 9
1092 728 0 -24 16 8
1092 728 0 -21 14 7
1092 728 0 -18 12 6
1092 728 0 -15 10 5
1092 728 0 -12 8 4
1092 728 0 -9 6 3
1092 728 0 -6 4 2
1092 728 0 -3 2 1
1092 728 0 3 -2 -1
1092 728 0 6 -4 -2
1092 728 0 9 -6 -3
1092 728 0 12 -8 -4
1092 728 0 15 -10 -5
1092 728 0 18 -12 -6
1092 728 0 21 -14 -7
1092 728 0 24 -16 -8
1092 728 0 27 -18 -9
1092 728 0 30 -20 -10
1092 728 0 33 -22 -11
1092 728 0 36 -24 -12
1092 728 0 39 -26 -13
1092 728 0 42 -28 -14
1092 728 0 45 -30 -15
1092 728 0 48 -32 -16
1092 728 0 51 -34 -17
1092 728 0 54 -36 -18
1092 728 0 57 -38 -19
1092 728 0 60 -40 -20
1092 728 0 63 -42 -21
1092 728 0 66 -44 -22
1092 728 0 69 -46 -23
1092 728 0 72 -48 -24
1092 728 0 75 -50 -25
1092 728 0 78 -52 -26
1092 728 0 81 -54 -27
1092 728 0 84 -56 -28
1092 728 0 87 -58 -29
1092 728 0 90 -60 -30
1092 728 0 93 -62 -31
1092 728 0 96 -64 -32
1092 728 0 99 -66 -33
1092 728 0 102 -68 -34
1092 728 0 105 -70 -35
1092 728 0 108 -72 -36
1092 728 0 111 -74 -37
1092 728 0 114 -76 -38
1092 728 0 117 -78 -39
1092 728 0 120 -80 -40
1092 728 0 123 -82 -41
1092 728 0 126 -84 -42
1092 728 0 129 -86 -43
1092 728 0 132 -88 -44
1092 728 0 135 -90 -45
1092 728 0 138 -92 -46
1092 728 0 141 -94 -47
1092 728 0 144 -96 -48
1092 728 0 147 -98 -49
1092 728 0 150 -100 -50
1095 730 0 -150 100 50
1095 730 0 -147 98 49
1095 730 0 -144 96 48
1095 730 0 -141 94 47
1095 730 0 -138 92 46
1095 730 0 -135 90 45
1095 730 0 -132 88 44
1095 730 0 -129 86 43
1095 730 0 -126 84 42
1095 730 0 -123 82 41
1095 730 0 -120 80 40
1095 730 0 -117 78 39
1095 730 0 -114 76 38
1095 730 0 -111 74 37
1095 730 0 -108 72 36
1095 730 0 -105 70 35
1095 730 0 -102 68 34
1095 730 0 -99 66 33
1095 730 0 -96 64 32
1095 730 0 -93 62 31
1095 730 0 -90 60 30
1095 730 0 -87 58 29
1095 730 0 -84 56 28
1095 730 0 -81 54 27
1095 730 0 -78 52 26
1095 730 0 -75 50 25
1095 730 0 -72 48 24
1095 730 0 -69 46 23
1095 730 0 -66 44 22
1095 730 0 -63 42 21
1095 730 0 -60 40 20
1095 730 0 -57 38 19
1095 730 0 -54 36 18
1095 730 0 -51 34 17
1095 730 0 -48 32 16
1095 730 0 -45 30 15
1095 730 0 -42 28 14
1095 730 0 -39 26 13
1095 730 0 -36 24 12
1095 730 0 -33 22 11
1095 730 0 -30 20 10
1095 730 0 -27 18 9
1095 730 0 -24 16 8
1095 730 0 -21 14 7
1095 730 0 -18 12 6
1095 730 0 -15 10 5
1095 730 0 -12 8 4
1095 730 0 -9 6 3
1095 730 0 -6 4 2
1095 730 0 -3 2 1
1095 730 0 3 -2 -1
1095 730 0 6 -4 -2
1095 730 0 9 -6 -3
1095 730 0 12 -8 -4
1095 730 0 15 -10 -5
1095 730 0 18 -12 -6
1095 730 0 21 -14 -7
1095 730 0 24 -16 -8
1095 730 0 27 -18 -9
1095 730 0 30 -20 -10
1095 730 0 33 -22 -11
1095 730 0 36 -24 -12
1095 730 0 39 -26 -13
1095 730 0 42 -28 -14
1095 730 0 45 -30 -15
1095 730 0 48 -32 -16
1095 730 0 51 -34 -17
1095 730 0 54 -36 -18
1095 730 0 57 -38 -19
1095 730 0 60 -40 -20
1095 730 0 63 -42 -21
1095 730 0 66 -44 -22
1095 730 0 69 -46 -23
1095 730 0 72 -48 -24
1095 730 0 75 -50 -25
1095 730 0 78 -52 -26
1095 730 0 81 -54 -27
1095 730 0 84 -56 -28
1095 730 0 87 -58 -29
1095 730 0 90 -60 -30
1095 730 0 93 -62 -31
1095 730 0 96 -64 -32
1095 730 0 99 -66 -33
1095 730 0 102 -68 -34
1095 730 0 105 -70 -35
1095 730 0 108 -72 -36
1095 730 0 111 -74 -37
1095 730 0 114 -76 -38
1095 730 0 117 -78 -39
1095 730 0 120 -80 -40
1095 730 0 123 -82 -41
1095 730 0 126 -84 -42
1095 730 0 129 -86 -43
1095 730 0 132 -88 -44
1095 730 0 135 -90 -45
1095 730 0 138 -92 -46
1095 730 0 141 -94 -47
1095 730 0 144 -96 -48
1095 730 0 147 -98 -49
1095 730 0 150 -100 -50
1098 732 0 -150 100 50
1098 732 0 -147 98 49
1098 732 0 -144 96 48
1098 732 0 -141 94 47
1098 732 0 -138 92 46
1098 732 0 -135 90 45
1098 732 0 -132 88 44
1098 732 0 -129 86 43
1098 732 0 -126 84 42
1098 732 0 -123 82 41
1098 732 0 -120 80 40
1098 732 0 -117 78 39
1098 732 0 -114 76 38
1098 732 0 -111 74 37
1098 732 0 -108 72 36
1098 732 0 -105 70 35
1098 732 0 -102 68 34
1098 732 0 -99 66 33
1098 732 0 -96 64 32
1098 732 0 -93 62 31
1098 732 0 -90 60 30
1098 732 0 -87 58 29
1098 732 0 -84 56 28
1098 732 0 -81 54 27
1098 732 0 -78 52 26
1098 732 0 -75 50 25
1098 732 0 -72 48 24
1098 732 0 -69 46 23
1098 732 0 -66 44 22
1098 732 0 -63 42 21
1098 732 0 -60 40 20
1098 732 0 -57 38 19
1098 732 0 -54 36 18
1098 732 0 -51 34 17
1098 732 0 -48 32 16
1098 732 0 -45 30 15
1098 732 0 -42 28 14
1098 732 0 -39 26 13
1098 732 0 -36 24 12
1098 732 0 -33 22 11
1098 732 0 -30 20 10
1098 732 0 -27 18 9
1098 732 0 -24 16 8
1098 732 0 -21 14 7
1098 732 0 -18 12 6
1098 732 0 -15 10 5
1098 732 0 -12 8 4
1098 732 0 -9 6 3
1098 732 0 -6 4 2
1098 732 0 -3 2 1
1098 732 0 3 -2 -1
1098 732 0 6 -4 -2
1098 732 0 9 -6 -3
1098 732 0 12 -8 -4
1098 732 0 15 -10 -5
1098 732 0 18 -12 -6
1098 732 0 21 -14 -7
1098 732 0 24 -16 -8
1098 732 0 27 -18 -9
1098 732 0 30 -20 -10
1098 732 0 33 -22 -11
1098 732 0 36 -24 -12
1098 732 0 39 -26 -13
1098 732 0 42 -28 -14
1098 732 0 45 -30 -15
1098 732 0 48 -32 -16
1098 732 0 51 -34 -17
1098 732 0 54 -36 -18
1098 732 0 57 -38 -19
1098 732 0 60 -40 -20
1098 732 0 63 -42 -21
1098 732 0 66 -44 -22
1098 732 0 69 -46 -23
1098 732 0 72 -48 -24
1098 732 0 75 -50 -25
1098 732 0 78 -52 -26
1098 732 0 81 -54 -27
1098 732 0 84 -56 -28
1098 732 0 87 -58 -29
1098 732 0 90 -60 -30
1098 732 0 93 -62 -31
1098 732 0 96 -64 -32
1098 732 0 99 -66 -33
1098 732 0 102 -68 -34
1098 732 0 105 -70 -35
1098 732 0 108 -72 -36
1098 732 0 111 -74 -37
1098 732 0 114 -76 -38
1098 732 0 117 -78 -39
1098 732 0 120 -80 -40
1098 732 0 123 -82 -41
1098 732 0 126 -84 -42
1098 732 0 129 -86 -43
1098 732 0 132 -88 -44
1098 732 0 135 -90 -45
1098 732 0 138 -92 -46
1098 732 0 141 -94 -47
1098 732 0 144 -96 -48
1098 732 0 147 -98 -49
1098 732 0 150 -100 -50
1101 734 0 -150 100 50
1101 734 0 -147 98 49
1101 734 0 -144 96 48
1101 734 0 -141 94 47
1101 734 0 -138 92 46
1101 734 0 -135 90 45
1101 734 0 -132 88 44
1101 734 0 -129 86 43
1101 734 0 -126 84 42
1101 734 0 -123 82 41
1101 734 0 -120 80 40
1101 734 0 -117 78 39
1101 734 0 -114 76 38
1101 734 0 -111 74 37
1101 734 0 -108 72 36
1101 734 0 -105 70 35
1101 734 0 -102 68 34
1101 734 0 -99 66 33
1101 734 0 -96 64 32
1101 734 0 -93 62 31
1101 734 0 -90 60 30
1101 734 0 -87 58 29
1101 734 0 -84 56 28
1101 734 0 -81 54 27
1101 734 0 -78 52 26
1101 734 0 -75 50 25
1101 734 0 -72 48 24
1101 734 0 -69 46 23
1101 734 0 -66 44 22
1101 734 0 -63 42 21
1101 734 0 -60 40 20
1101 734 0 -57 38 19
1101 734 0 -54 36 18
1101 734 0 -51 34 17
1101 734 0 -48 32 16
1101 734 0 -45 30 15
1101 734 0 -42 28 14
1101 734 0 -39 26 13
1101 734 0 -36 24 12
1101 734 0 -33 22 11
1101 734 0 -30 20 10
1101 734 0 -27 18 9
1101 734 0 -24 16 8
1101 734 0 -21 14 7
1101 734 0 -18 12 6
1101 734 0 -15 10 5
1101 734 0 -12 8 4
1101 734 0 -9 6 3
1101 734 0 -6 4 2
1101 734 0 -3 2 1
1101 734 0 3 -2 -1
1101 734 0 6 -4 -2
1101 734 0 9 -6 -3
1101 734 0 12 -8 -4
1101 734 0 15 -10 -5
1101 734 0 18 -12 -6
1101 734 0 21 -14 -7
1101 734 0 24 -16 -8
1101 734 0 27 -18 -9
1101 734 0 30 -20 -10
1101 734 0 33 -22 -11
1101 734 0 36 -24 -12
1101 734 0 39 -26 -13
1101 734 0 42 -28 -14
1101 734 0 45 -30 -15
1101 734 0 48 -32 -16
1101 734 0 51 -34 -17
1101 734 0 54 -36 -18
1101 734 0 57 -38 -19
1101 734 0 60 -40 -20
1101 734 0 63 -42 -21
1101 734 0 66 -44 -22
1101 734 0 69 -46 -23
1101 734 0 72 -48 -24
1101 734 0 75 -50 -25
1101 734 0 78 -52 -26
1101 734 0 81 -54 -27
1101 734 0 84 -56 -28
1101 734 0 87 -58 -29
1101 734 0 90 -60 -30
1101 734 0 93 -62 -31
1101 734 0 96 -64 -32
1101 734 0 99 -66 -33
1101 734 0 102 -68 -34
1101 734 0 105 -70 -35
1101 734 0 108 -72 -36
1101 734 0 111 -74 -37
1101 734 0 114 -76 -38
1101 734 0 117 -78 -39
1101 734 0 120 -80 -40
1101 734 0 123 -82 -41
1101 734 0 126 -84 -42
1101 734 0 129 -86 -43
1101 734 0 132 -88 -44
1101 734 0 135 -90 -45
1101 734 0 138 -92 -46
1101 734 0 141 -94 -47
1101 734 0 144 -96 -48
1101 734 0 147 -98 -49
1101 734 0 150 -100 -50
1104 736 0 -150 100 50
1104 736 0 -147 98 49
1104 736 0 -144 96 48
1104 736 0 -141 94 47
1104 736 0 -138 92 46
1104 736 0 -135 90 45
1104 736 0 -132 88 44
1104 736 0 -129 86 43
1104 736 0 -126 84 42
1104 736 0 -123 82 41
1104 736 0 -120 80 40
1104 736 0 -117 78 39
1104 736 0 -114 76 38
1104 736 0 -111 74 37
1104 736 0 -108 72 36
1104 736 0 -105 70 35
1104 736 0 -102 68 34
1104 736 0 -99 66 33
1104 736 0 -96 64 32
1104 736 0 -93 62 31
1104 736 0 -90 60 30
1104 736 0 -87 58 29
1104 736 0 -84 56 28
1104 736 0 -81 54 27
1104 736 0 -78 52 26
1104 736 0 -75 50 25
1104 736 0 -72 48 24
1104 736 0 -69 46 23
1104 736 0 -66 44 22
1104 736 0 -63 42 21
1104 736 0 -60 40 20
1104 736 0 -57 38 19
1104 736 0 -54 36 18
1104 736 0 -51 34 17
1104 736 0 -48 32 16
1104 736 0 -45 30 15
1104 736 0 -42 28 14
1104 736 0 -39 26 13
1104 736 0 -36 24 12
1104 736 0 -33 22 11
1104 736 0 -30 20 10
1104 736 0 -27 18 9
1104 736 0 -24 16 8
1104 736 0 -21 14 7
1104 736 0 -18 12 6
1104 736 0 -15 10 5
1104 736 0 -12 8 4
1104 736 0 -9 6 3
1104 736 0 -6 4 2
1104 736 0 -3 2 1
1104 736 0 3 -2 -1
1104 736 0 6 -4 -2
1104 736 0 9 -6 -3
1104 736 0 12 -8 -4
1104 736 0 15 -10 -5
1104 736 0 18 -12 -6
1104 736 0 21 -14 -7
1104 736 0 24 -16 -8
1104 736 0 27 -18 -9
1104 736 0 30 -20 -10
1104 736 0 33 -22 -11
1104 736 0 36 -24 -12
1104 736 0 39 -26 -13
1104 736 0 42 -28 -14
1104 736 0 45 -30 -15
1104 736 0 48 -32 -16
1104 736 0 51 -34 -17
1104 736 0 54 -36 -18
1104 736 0 57 -38 -19
1104 736 0 60 -40 -20
1104 736 0 63 -42 -21
1104 736 0 66 -44 -22
1104 736 0 69 -46 -23
1104 736 0 72 -48 -24
1104 736 0 75 -50 -25
1104 736 0 78 -52 -26
1104 736 0 81 -54 -27
1104 736 0 84 -56 -28
1104 736 0 87 -58 -29
1104 736 0 90 -60 -30
1104 736 0 93 -62 -31
1104 736 0 96 -64 -32
1104 736 0 99 -66 -33
1104 736 0 102 -68 -34
1104 736 0 105 -70 -35
1104 736 0 108 -72 -36
1104 736 0 111 -74 -37
1104 736 0 114 -76 -38
1104 736 0 117 -78 -39
1104 736 0 120 -80 -40
1104 736 0 123 -82 -41
1104 736 0 126 -84 -42
1104 736 0 129 -86 -43
1104 736 0 132 -88 -44
1104 736 0 135 -90 -45
1104 736 0 138 -92 -46
1104 736 0 141 -94 -47
1104 736 0 144 -96 -48
1104 736 0 147 -98 -49
1104 736 0 150 -100 -50
1107 738 0 -150 100 50
1107 738 0 -147 98 49
1107 738 0 -144 96 48
1107 738 0 -141 94 47
1107 738 0 -138 92 46
1107 738 0 -135 90 45
1107 738 0 -132 88 44
1107 738 0 -129 86 43
1107 738 0 -126 84 42
1107 738 0 -123 82 41
1107 738 0 -120 80 40
1107 738 0 -117 78 39
1107 738 0 -114 76 38
1107 738 0 -111 74 37
1107 738 0 -108 72 36
1107 738 0 -105 70 35
1107 738 0 -102 68 34
1107 738 0 -99 66 33
1107 738 0 -96 64 32
1107 738 0 -93 62 31
1107 738 0 -90 60 30
1107 738 0 -87 58 29
1107 738 0 -84 56 28
1107 738 0 -81 54 27
1107 738 0 -78 52 26
1107 738 0 -75 50 25
1107 738 0 -72 48 24
1107 738 0 -69 46 23
1107 738 0 -66 44 22
1107 738 0 -63 42 21
1107 738 0 -60 40 20
1107 738 0 -57 38 19
1107 738 0 -54 36 18
1107 738 0 -51 34 17
1107 738 0 -48 32 16
1107 738 0 -45 30 15
1107 738 0 -42 28 14
1107 738 0 -39 26 13
1107 738 0 -36 24 12
1107 738 0 -33 22 11
1107 738 0 -30 20 10
1107 738 0 -27 18 9
1107 738 0 -24 16 8
1107 738 0 -21 14 7
1107 738 0 -18 12 6
1107 738 0 -15 10 5
1107 738 0 -12 8 4
1107 738 0 -9 6 3
1107 738 0 -6 4 2
1107 738 0 -3 2 1
1107 738 0 3 -2 -1
1107 738 0 6 -4 -2
1107 738 0 9 -6 -3
1107 738 0 12 -8 -4
1107 738 0 15 -10 -5
1107 738 0 18 -12 -6
1107 738 0 21 -14 -7
1107 738 0 24 -16 -8
1107 738 0 27 -18 -9
1107 738 0 30 -20 -10
1107 738 0 33 -22 -11
1107 738 0 36 -24 -12
1107 738 0 39 -26 -13
1107 738 0 42 -28 -14
1107 738 0 45 -30 -15
1107 738 0 48 -32 -16
1107 738 0 51 -34 -17
1107 738 0 54 -36 -18
1107 738 0 57 -38 -19
1107 738 0 60 -40 -20
1107 738 0 63 -42 -21
1107 738 0 66 -44 -22
1107 738 0 69 -46 -23
1107 738 0 72 -48 -24
1107 738 0 75 -50 -25
1107 738 0 78 -52 -26
1107 738 0 81 -54 -27
1107 738 0 84 -56 -28
1107 738 0 87 -58 -29
1107 738 0 90 -60 -30
1107 738 0 93 -62 -31
1107 738 0 96 -64 -32
1107 738 0 99 -66 -33
1107 738 0 102 -68 -34
1107 738 0 105 -70 -35
1107 738 0 108 -72 -36
1107 738 0 111 -74 -37
1107 738 0 114 -76 -38
1107 738 0 117 -78 -39
1107 738 0 120 -80 -40
1107 738 0 123 -82 -41
1107 738 0 126 -84 -42
1107 738 0 129 -86 -43
1107 738 0 132 -88 -44
1107 738 0 135 -90 -45
1107 738 0 138 -92 -46
1107 738 0 141 -94 -47
1107 738 0 144 -96 -48
1107 738 0 147 -98 -49
1107 738 0 150 -100 -50
1110 740 0 -150 100 50
1110 740 0 -147 98 49
1110 740 0 -144 96 48
1110 740 0 -141 94 47
1110 740 0 -138 92 46
1110 740 0 -135 90 45
1110 740 0 -132 88 44
1110 740 0 -129 86 43
1110 740 0 -126 84 42
1110 740 0 -123 82 41
1110 740 0 -120 80 40
1110 740 0 -117 78 39
1110 740 0 -114 76 38
1110 740 0 -111 74 37
1110 740 0 -108 72 36
1110 740 0 -105 70 35
1110 740 0 -102 68 34
1110 740 0 -99 66 33
1110 740 0 -96 64 32
1110 740 0 -93 62 31
1110 740 0 -90 60 30
1110 740 0 -87 58 29
1110 740 0 -84 56 28
1110 740 0 -81 54 27
1110 740 0 -78 52 26
1110 740 0 -75 50 25
1110 740 0 -72 48 24
1110 740 0 -69 46 23
1110 740 0 -66 44 22
1110 740 0 -63 42 21
1110 740 0 -60 40 20
1110 740 0 -57 38 19
1110 740 0 -54 36 18
1110 740 0 -51 34 17
1110 740 0 -48 32 16
1110 740 0 -45 30 15
1110 740 0 -42 28 14
1110 740 0 -39 26 13
1110 740 0 -36 24 12
1110 740 0 -33 22 11
1110 740 0 -30 20 10
1110 740 0 -27 18 9
1110 740 0 -24 16 8
1110 740 0 -21 14 7
1110 740 0 -18 12 6
1110 740 0 -15 10 5
1110 740 0 -12 8 4
1110 740 0 -9 6 3
1110 740 0 -6 4 2
1110 740 0 -3 2 1
1110 740 0 3 -2 -1
1110 740 0 6 -4 -2
1110 740 0 9 -6 -3
1110 740 0 12 -8 -4
1110 740 0 15 -10 -5
1110 740 0 18 -12 -6
1110 740 0 21 -14 -7
1110 740 0 24 -16 -8
1110 740 0 27 -18 -9
1110 740 0 30 -20 -10
1110 740 0 33 -22 -11
1110 740 0 36 -24 -12
1110 740 0 39 -26 -13
1110 740 0 42 -28 -14
1110 740 0 45 -30 -15
1110 740 0 48 -32 -16
1110 740 0 51 -34 -17
1110 740 0 54 -36 -18
1110 740 0 57 -38 -19
1110 740 0 60 -40 -20
1110 740 0 63 -42 -21
1110 740 0 66 -44 -22
1110 740 0 69 -46 -23
1110 740 0 72 -48 -24
1110 740 0 75 -50 -25
1110 740 0 78 -52 -26
1110 740 0 81 -54 -27
1110 740 0 84 -56 -28
1110 740 0 87 -58 -29
1110 740 0 90 -60 -30
1110 740 0 93 -62 -31
1110 740 0 96 -64 -32
1110 740 0 99 -66 -33
1110 740 0 102 -68 -34
1110 740 0 105 -70 -35
1110 740 0 108 -72 -36
1110 740 0 111 -74 -37
1110 740 0 114 -76 -38
1110 740 0 117 -78 -39
1110 740 0 120 -80 -40
1110 740 0 123 -82 -41
1110 740 0 126 -84 -42
1110 740 0 129 -86 -43
1110 740 0 132 -88 -44
1110 740 0 135 -90 -45
1110 740 0 138 -92 -46
1110 740 0 141 -94 -47
1110 740 0 144 -96 -48
1110 740 0 147 -98 -49
1110 740 0 150 -100 -50
1113 742 0 -150 100 50
1113 742 0 -147 98 49
1113 742 0 -144 96 48
1113 742 0 -141 94 47
1113 742 0 -138 92 46
1113 742 0 -135 90 45
1113 742 0 -132 88 44
1113 742 0 -129 86 43
1113 742 0 -126 84 42
1113 742 0 -123 82 41
1113 742 0 -120 80 40
1113 742 0 -117 78 39
1113 742 0 -114 76 38
1113 742 0 -111 74 37
1113 742 0 -108 72 36
1113 742 0 -105 70 35
1113 742 0 -102 68 34
1113 742 0 -99 66 33
1113 742 0 -96 64 32
1113 742 0 -93 62 31
1113 742 0 -90 60 30
1113 742 0 -87 58 29
1113 742 0 -84 56 28
1113 742 0 -81 54 27
1113 742 0 -78 52 26
1113 742 0 -75 50 25
1113 742 0 -72 48 24
1113 742 0 -69 46 23
1113 742 0 -66 44 22
1113 742 0 -63 42 21
1113 742 0 -60 40 20
1113 742 0 -57 38 19
1113 742 0 -54 36 18
1113 742 0 -51 34 17
1113 742 0 -48 32 16
1113 742 0 -45 30 15
1113 742 0 -42 28 14
1113 742 0 -39 26 13
1113 742 0 -36 24 12
1113 742 0 -33 22 11
1113 742 0 -30 20 10
1113 742 0 -27 18 9
1113 742 0 -24 16 8
1113 742 0 -21 14 7
1113 742 0 -18 12 6
1113 742 0 -15 10 5
1113 742 0 -12 8 4
1113 742 0 -9 6 3
1113 742 0 -6 4 2
1113 742 0 -3 2 1
1113 742 0 3 -2 -1
1113 742 0 6 -4 -2
1113 742 0 9 -6 -3
1113 742 0 12 -8 -4
1113 742 0 15 -10 -5
1113 742 0 18 -12 -6
1113 742 0 21 -14 -7
1113 742 0 24 -16 -8
1113 742 0 27 -18 -9
1113 742 0 30 -20 -10
1113 742 0 33 -22 -11
1113 742 0 36 -24 -12
1113 742 0 39 -26 -13
1113 742 0 42 -28 -14
1113 742 0 45 -30 -15
1113 742 0 48 -32 -16
1113 742 0 51 -34 -17
1113 742 0 54 -36 -18
1113 742 0 57 -38 -19
1113 742 0 60 -40 -20
1113 742 0 63 -42 -21
1113 742 0 66 -44 -22
1113 742 0 69 -46 -23
1113 742 0 72 -48 -24
1113 742 0 75 -50 -25
1113 742 0 78 -52 -26
1113 742 0 81 -54 -27
1113 742 0 84 -56 -28
1113 742 0 87 -58 -29
1113 742 0 90 -60 -30
1113 742 0 93 -62 -31
1113 742 0 96 -64 -32
1113 742 0 99 -66 -33
1113 742 0 102 -68 -34
1113 742 0 105 -70 -35
1113 742 0 108 -72 -36
1113 742 0 111 -74 -37
1113 742 0 114 -76 -38
1113 742 0 117 -78 -39
1113 742 0 120 -80 -40
1113 742 0 123 -82 -41
1113 742 0 126 -84 -42
1113 742 0 129 -86 -43
1113 742 0 132 -88 -44
1113 742 0 135 -90 -45
1113 742 0 138 -92 -46
1113 742 0 141 -94 -47
1113 742 0 144 -96 -48
1113 742 0 147 -98 -49
1113 742 0 150 -100 -50
1116 744 0 -150 100 50
1116 744 0 -147 98 49
1116 744 0 -144 96 48
1116 744 0 -141 94 47
1116 744 0 -138 92 46
1116 744 0 -135 90 45
1116 744 0 -132 88 44
1116 744 0 -129 86 43
1116 744 0 -126 84 42
1116 744 0 -123 82 41
1116 744 0 -120 80 40
1116 744 0 -117 78 39
1116 744 0 -114 76 38
1116 744 0 -111 74 37
1116 744 0 -108 72 36
1116 744 0 -105 70 35
1116 744 0 -102 68 34
1116 744 0 -99 66 33
1116 744 0 -96 64 32
1116 744 0 -93 62 31
1116 744 0 -90 60 30
1116 744 0 -87 58 29
1116 744 0 -84 56 28
1116 744 0 -81 54 27
1116 744 0 -78 52 26
1116 744 0 -75 50 25
1116 744 0 -72 48 24
1116 744 0 -69 46 23
1116 744 0 -66 44 22
1116 744 0 -63 42 21
1116 744 0 -60 40 20
1116 744 0 -57 38 19
1116 744 0 -54 36 18
1116 744 0 -51 34 17
1116 744 0 -48 32 16
1116 744 0 -45 30 15
1116 744 0 -42 28 14
1116 744 0 -39 26 13
1116 744 0 -36 24 12
1116 744 0 -33 22 11
1116 744 0 -30 20 10
1116 744 0 -27 18 9
1116 744 0 -24 16 8
1116 744 0 -21 14 7
1116 744 0 -18 12 6
1116 744 0 -15 10 5
1116 744 0 -12 8 4
1116 744 0 -9 6 3
1116 744 0 -6 4 2
1116 744 0 -3 2 1
1116 744 0 3 -2 -1
1116 744 0 6 -4 -2
1116 744 0 9 -6 -3
1116 744 0 12 -8 -4
1116 744 0 15 -10 -5
1116 744 0 18 -12 -6
1116 744 0 21 -14 -7
1116 744 0 24 -16 -8
1116 744 0 27 -18 -9
1116 744 0 30 -20 -10
1116 744 0 33 -22 -11
1116 744 0 36 -24 -12
1116 744 0 39 -26 -13
1116 744 0 42 -28 -14
1116 744 0 45 -30 -15
1116 744 0 48 -32 -16
1116 744 0 51 -34 -17
1116 744 0 54 -36 -18
1116 744 0 57 -38 -19
1116 744 0 60 -40 -20
1116 744 0 63 -42 -21
1116 744 0 66 -44 -22
1116 744 0 69 -46 -23
1116 744 0 72 -48 -24
1116 744 0 75 -50 -25
1116 744 0 78 -52 -26
1116 744 0 81 -54 -27
1116 744 0 84 -56 -28
1116 744 0 87 -58 -29
1116 744 0 90 -60 -30
1116 744 0 93 -62 -31
1116 744 0 96 -64 -32
1116 744 0 99 -66 -33
1116 744 0 102 -68 -34
1116 744 0 105 -70 -35
1116 744 0 108 -72 -36
1116 744 0 111 -74 -37
1116 744 0 114 -76 -38
1116 744 0 117 -78 -39
1116 744 0 120 -80 -40
1116 744 0 123 -82 -41
1116 744 0 126 -84 -42
1116 744 0 129 -86 -43
1116 744 0 132 -88 -44
1116 744 0 135 -90 -45
1116 744 0 138 -92 -46
1116 744 0 141 -94 -47
1116 744 0 144 -96 -48
1116 744 0 147 -98 -49
1116 744 0 150 -100 -50
1119 746 0 -150 100 50
1119 746 0 -147 98 49
1119 746 0 -144 96 48
1119 746 0 -141 94 47
1119 746 0 -138 92 46
1119 746 0 -135 90 45
1119 746 0 -132 88 44
1119 746 0 -129 86 43
1119 746 0 -126 84 42
1119 746 0 -123 82 41
1119 746 0 -120 80 40
1119 746 0 -117 78 39
1119 746 0 -114 76 38
1119 746 0 -111 74 37
1119 746 0 -108 72 36
1119 746 0 -105 70 35
1119 746 0 -102 68 34
1119 746 0 -99 66 33
1119 746 0 -96 64 32
1119 746 0 -93 62 31
1119 746 0 -90 60 30
1119 746 0 -87 58 29
1119 746 0 -84 56 28
1119 746 0 -81 54 27
1119 746 0 -78 52 26
1119 746 0 -75 50 25
1119 746 0 -72 48 24
1119 746 0 -69 46 23
1119 746 0 -66 44 22
1119 746 0 -63 42 21
1119 746 0 -60 40 20
1119 746 0 -57 38 19
1119 746 0 -54 36 18
1119 746 0 -51 34 17
1119 746 0 -48 32 16
1119 746 0 -45 30 15
1119 746 0 -42 28 14
1119 746 0 -39 26 13
1119 746 0 -36 24 12
1119 746 0 -33 22 11
1119 746 0 -30 20 10
1119 746 0 -27 18 9
1119 746 0 -24 16 8
1119 746 0 -21 14 7
1119 746 0 -18 12 6
1119 746 0 -15 10 5
1119 746 0 -12 8 4
1119 746 0 -9 6 3
1119 746 0 -6 4 2
1119 746 0 -3 2 1
1119 746 0 3 -2 -1
1119 746 0 6 -4 -2
1119 746 0 9 -6 -3
1119 746 0 12 -8 -4
1119 746 0 15 -10 -5
1119 746 0 18 -12 -6
1119 746 0 21 -14 -7
1119 746 0 24 -16 -8
1119 746 0 27 -18 -9
1119 746 0 30 -20 -10
1119 746 0 33 -22 -11
1119 746 0 36 -24 -12
1119 746 0 39 -26 -13
1119 746 0 42 -28 -14
1119 746 0 45 -30 -15
1119 746 0 48 -32 -16
1119 746 0 51 -34 -17
1119 746 0 54 -36 -18
1119 746 0 57 -38 -19
1119 746 0 60 -40 -20
1119 746 0 63 -42 -21
1119 746 0 66 -44 -22
1119 746 0 69 -46 -23
1119 746 0 72 -48 -24
1119 746 0 75 -50 -25
1119 746 0 78 -52 -26
1119 746 0 81 -54 -27
1119 746 0 84 -56 -28
1119 746 0 87 -58 -29
1119 746 0 90 -60 -30
1119 746 0 93 -62 -31
1119 746 0 96 -64 -32
1119 746 0 99 -66 -33
1119 746 0 102 -68 -34
1119 746 0 105 -70 -35
1119 746 0 108 -72 -36
1119 746 0 111 -74 -37
1119 746 0 114 -76 -38
1119 746 0 117 -78 -39
1119 746 0 120 -80 -40
1119 746 0 123 -82 -41
1119 746 0 126 -84 -42
1119 746 0 129 -86 -43
1119 746 0 132 -88 -44
1119 746 0 135 -90 -45
1119 746 0 138 -92 -46
1119 746 0 141 -94 -47
1119 746 0 144 -96 -48
1119 746 0 147 -98 -49
1119 746 0 150 -100 -50
1122 748 0 -150 100 50
1122 748 0 -147 98 49
1122 748 0 -144 96 48
1122 748 0 -141 94 47
1122 748 0 -138 92 46
1122 748 0 -135 90 45
1122 748 0 -132 88 44
1122 748 0 -129 86 43
1122 748 0 -126 84 42
1122 748 0 -123 82 41
1122 748 0 -120 80 40
1122 748 0 -117 78 39
1122 748 0 -114 76 38
1122 748 0 -111 74 37
1122 748 0 -108 72 36
1122 748 0 -105 70 35
1122 748 0 -102 68 34
1122 748 0 -99 66 33
1122 748 0 -96 64 32
1122 748 0 -93 62 31
1122 748 0 -90 60 30
1122 748 0 -87 58 29
1122 748 0 -84 56 28
1122 748 0 -81 54 27
1122 748 0 -78 52 26
1122 748 0 -75 50 25
1122 748 0 -72 48 24
1122 748 0 -69 46 23
1122 748 0 -66 44 22
1122 748 0 -63 42 21
1122 748 0 -60 40 20
1122 748 0 -57 38 19
1122 748 0 -54 36 18
1122 748 0 -51 34 17
1122 748 0 -48 32 16
1122 748 0 -45 30 15
1122 748 0 -42 28 14
1122 748 0 -39 26 13
1122 748 0 -36 24 12
1122 748 0 -33 22 11
1122 748 0 -30 20 10
1122 748 0 -27 18 9
1122 748 0 -24 16 8
1122 748 0 -21 14 7
1122 748 0 -18 12 6
1122 748 0 -15 10 5
1122 748 0 -12 8 4
1122 748 0 -9 6 3
1122 748 0 -6 4 2
1122 748 0 -3 2 1
1122 748 0 3 -2 -1
1122 748 0 6 -4 -2
1122 748 0 9 -6 -3
1122 748 0 12 -8 -4
1122 748 0 15 -10 -5
1122 748 0 18 -12 -6
1122 748 0 21 -14 -7
1122 748 0 24 -16 -8
1122 748 0 27 -18 -9
1122 748 0 30 -20 -10
1122 748 0 33 -22 -11
1122 748 0 36 -24 -12
1122 748 0 39 -26 -13
1122 748 0 42 -28 -14
1122 748 0 45 -30 -15
1122 748 0 48 -32 -16
1122 748 0 51 -34 -17
1122 748 0 54 -36 -18
1122 748 0 57 -38 -19
1122 748 0 60 -40 -20
1122 748 0 63 -42 -21
1122 748 0 66 -44 -22
1122 748 0 69 -46 -23
1122 748 0 72 -48 -24
1122 748 0 75 -50 -25
1122 748 0 78 -52 -26
1122 748 0 81 -54 -27
1122 748 0 84 -56 -28
1122 748 0 87 -58 -29
1122 748 0 90 -60 -30
1122 748 0 93 -62 -31
1122 748 0 96 -64 -32
1122 748 0 99 -66 -33
1122 748 0 102 -68 -34
1122 748 0 105 -70 -35
1122 748 0 108 -72 -36
1122 748 0 111 -74 -37
1122 748 0 114 -76 -38
1122 748 0 117 -78 -39
1122 748 0 120 -80 -40
1122 748 0 123 -82 -41
1122 748 0 126 -84 -42
1122 748 0 129 -86 -43
1122 748 0 132 -88 -44
1122 748 0 135 -90 -45
1122 748 0 138 -92 -46
1122 748 0 141 -94 -47
1122 748 0 144 -96 -48
1122 748 0 147 -98 -49
1122 748 0 150 -100 -50
1125 750 0 -150 100 50
1125 750 0 -147 98 49
1125 750 0 -144 96 48
1125 750 0 -141 94 47
1125 750 0 -138 92 46
1125 750 0 -135 90 45
1125 750 0 -132 88 44
1125 750 0 -129 86 43
1125 750 0 -126 84 42
1125 750 0 -123 82 41
1125 750 0 -120 80 40
1125 750 0 -117 78 39
1125 750 0 -114 76 38
1125 750 0 -111 74 37
1125 750 0 -108 72 36
1125 750 0 -105 70 35
1125 750 0 -102 68 34
1125 750 0 -99 66 33
1125 750 0 -96 64 32
1125 750 0 -93 62 31
1125 750 0 -90 60 30
1125 750 0 -87 58 29
1125 750 0 -84 56 28
1125 750 0 -81 54 27
1125 750 0 -78 52 26
1125 750 0 -75 50 25
1125 750 0 -72 48 24
1125 750 0 -69 46 23
1125 750 0 -66 44 22
1125 750 0 -63 42 21
1125 750 0 -60 40 20
1125 750 0 -57 38 19
1125 750 0 -54 36 18
1125 750 0 -51 34 17
1125 750 0 -48 32 16
1125 750 0 -45 30 15
1125 750 0 -42 28 14
1125 750 0 -39 26 13
1125 750 0 -36 24 12
1125 750 0 -33 22 11
1125 750 0 -30 20 10
1125 750 0 -27 18 9
1125 750 0 -24 16 8
1125 750 0 -21 14 7
1125 750 0 -18 12 6
1125 750 0 -15 10 5
1125 750 0 -12 8 4
1125 750 0 -9 6 3
1125 750 0 -6 4 2
1125 750 0 -3 2 1
1125 750 0 3 -2 -1
1125 750 0 6 -4 -2
1125 750 0 9 -6 -3
1125 750 0 12 -8 -4
1125 750 0 15 -10 -5
1125 750 0 18 -12 -6
1125 750 0 21 -14 -7
1125 750 0 24 -16 -8
1125 750 0 27 -18 -9
1125 750 0 30 -20 -10
1125 750 0 33 -22 -11
1125 750 0 36 -24 -12
1125 750 0 39 -26 -13
1125 750 0 42 -28 -14
1125 750 0 45 -30 -15
1125 750 0 48 -32 -16
1125 750 0 51 -34 -17
1125 750 0 54 -36 -18
1125 750 0 57 -38 -19
1125 750 0 60 -40 -20
1125 750 0 63 -42 -21
1125 750 0 66 -44 -22
1125 750 0 69 -46 -23
1125 750 0 72 -48 -24
1125 750 0 75 -50 -25
1125 750 0 78 -52 -26
1125 750 0 81 -54 -27
1125 750 0 84 -56 -28
1125 750 0 87 -58 -29
1125 750 0 90 -60 -30
1125 750 0 93 -62 -31
1125 750 0 96 -64 -32
1125 750 0 99 -66 -33
1125 750 0 102 -68 -34
1125 750 0 105 -70 -35
1125 750 0 108 -72 -36
1125 750 0 111 -74 -37
1125 750 0 114 -76 -38
1125 750 0 117 -78 -39
1125 750 0 120 -80 -40
1125 750 0 123 -82 -41
1125 750 0 126 -84 -42
1125 750 0 129 -86 -43
1125 750 0 132 -88 -44
1125 750 0 135 -90 -45
1125 750 0 138 -92 -46
1125 750 0 141 -94 -47
1125 750 0 144 -96 -48
1125 750 0 147 -98 -49
1125 750 0 150 -100 -50
1128 752 0 -150 100 50
1128 752 0 -147 98 49
1128 752 0 -144 96 48
1128 752 0 -141 94 47
1128 752 0 -138 92 46
1128 752 0 -135 90 45
1128 752 0 -132 88 44
1128 752 0 -129 86 43
1128 752 0 -126 84 42
1128 752 0 -123 82 41
1128 752 0 -120 80 40
1128 752 0 -117 78 39
1128 752 0 -114 76 38
1128 752 0 -111 74 37
1128 752 0 -108 72 36
1128 752 0 -105 70 35
1128 752 0 -102 68 34
1128 752 0 -99 66 33
1128 752 0 -96 64 32
1128 752 0 -93 62 31
1128 752 0 -90 60 30
1128 752 0 -87 58 29
1128 752 0 -84 56 28
1128 752 0 -81 54 27
1128 752 0 -78 52 26
1128 752 0 -75 50 25
1128 752 0 -72 48 24
1128 752 0 -69 46 23
1128 752 0 -66 44 22
1128 752 0 -63 42 21
1128 752 0 -60 40 20
1128 752 0 -57 38 19
1128 752 0 -54 36 18
1128 752 0 -51 34 17
1128 752 0 -48 32 16
1128 752 0 -45 30 15
1128 752 0 -42 28 14
1128 752 0 -39 26 13
1128 752 0 -36 24 12
1128 752 0 -33 22 11
1128 752 0 -30 20 10
1128 752 0 -27 18 9
1128 752 0 -24 16 8
1128 752 0 -21 14 7
1128 752 0 -18 12 6
1128 752 0 -15 10 5
1128 752 0 -12 8 4
1128 752 0 -9 6 3
1128 752 0 -6 4 2
1128 752 0 -3 2 1
1128 752 0 3 -2 -1
1128 752 0 6 -4 -2
1128 752 0 9 -6 -3
1128 752 0 12 -8 -4
1128 752 0 15 -10 -5
1128 752 0 18 -12 -6
1128 752 0 21 -14 -7
1128 752 0 24 -16 -8
1128 752 0 27 -18 -9
1128 752 0 30 -20 -10
1128 752 0 33 -22 -11
1128 752 0 36 -24 -12
1128 752 0 39 -26 -13
1128 752 0 42 -28 -14
1128 752 0 45 -30 -15
1128 752 0 48 -32 -16
1128 752 0 51 -34 -17
1128 752 0 54 -36 -18
1128 752 0 57 -38 -19
1128 752 0 60 -40 -20
1128 752 0 63 -42 -21
1128 752 0 66 -44 -22
1128 752 0 69 -46 -23
1128 752 0 72 -48 -24
1128 752 0 75 -50 -25
1128 752 0 78 -52 -26
1128 752 0 81 -54 -27
1128 752 0 84 -56 -28
1128 752 0 87 -58 -29
1128 752 0 90 -60 -30
1128 752 0 93 -62 -31
1128 752 0 96 -64 -32
1128 752 0 99 -66 -33
1128 752 0 102 -68 -34
1128 752 0 105 -70 -35
1128 752 0 108 -72 -36
1128 752 0 111 -74 -37
1128 752 0 114 -76 -38
1128 752 0 117 -78 -39
1128 752 0 120 -80 -40
1128 752 0 123 -82 -41
1128 752 0 126 -84 -42
1128 752 0 129 -86 -43
1128 752 0 132 -88 -44
1128 752 0 135 -90 -45
1128 752 0 138 -92 -46
1128 752 0 141 -94 -47
1128 752 0 144 -96 -48
1128 752 0 147 -98 -49
1128 752 0 150 -100 -50
1131 754 0 -150 100 50
1131 754 0 -147 98 49
1131 754 0 -144 96 48
1131 754 0 -141 94 47
1131 754 0 -138 92 46
1131 754 0 -135 90 45
1131 754 0 -132 88 44
1131 754 0 -129 86 43
1131 754 0 -126 84 42
1131 754 0 -123 82 41
1131 754 0 -120 80 40
1131 754 0 -117 78 39
1131 754 0 -114 76 38
1131 754 0 -111 74 37
1131 754 0 -108 72 36
1131 754 0 -105 70 35
1131 754 0 -102 68 34
1131 754 0 -99 66 33
1131 754 0 -96 64 32
1131 754 0 -93 62 31
1131 754 0 -90 60 30
1131 754 0 -87 58 29
1131 754 0 -84 56 28
1131 754 0 -81 54 27
1131 754 0 -78 52 26
1131 754 0 -75 50 25
1131 754 0 -72 48 24
1131 754 0 -69 46 23
1131 754 0 -66 44 22
1131 754 0 -63 42 21
1131 754 0 -60 40 20
1131 754 0 -57 38 19
1131 754 0 -54 36 18
1131 754 0 -51 34 17
1131 754 0 -48 32 16
1131 754 0 -45 30 15
1131 754 0 -42 28 14
1131 754 0 -39 26 13
1131 754 0 -36 24 12
1131 754 0 -33 22 11
1131 754 0 -30 20 10
1131 754 0 -27 18 9
1131 754 0 -24 16 8
1131 754 0 -21 14 7
1131 754 0 -18 12 6
1131 754 0 -15 10 5
1131 754 0 -12 8 4
1131 754 0 -9 6 3
1131 754 0 -6 4 2
1131 754 0 -3 2 1
1131 754 0 3 -2 -1
1131 754 0 6 -4 -2
1131 754 0 9 -6 -3
1131 754 0 12 -8 -4
1131 754 0 15 -10 -5
1131 754 0 18 -12 -6
1131 754 0 21 -14 -7
1131 754 0 24 -16 -8
1131 754 0 27 -18 -9
1131 754 0 30 -20 -10
1131 754 0 33 -22 -11
1131 754 0 36 -24 -12
1131 754 0 39 -26 -13
1131 754 0 42 -28 -14
1131 754 0 45 -30 -15
1131 754 0 48 -32 -16
1131 754 0 51 -34 -17
1131 754 0 54 -36 -18
1131 754 0 57 -38 -19
1131 754 0 60 -40 -20
1131 754 0 63 -42 -21
1131 754 0 66 -44 -22
1131 754 0 69 -46 -23
1131 754 0 72 -48 -24
1131 754 0 75 -50 -25
1131 754 0 78 -52 -26
1131 754 0 81 -54 -27
1131 754 0 84 -56 -28
1131 754 0 87 -58 -29
1131 754 0 90 -60 -30
1131 754 0 93 -62 -31
1131 754 0 96 -64 -32
1131 754 0 99 -66 -33
1131 754 0 102 -68 -34
1131 754 0 105 -70 -35
1131 754 0 108 -72 -36
1131 754 0 111 -74 -37
1131 754 0 114 -76 -38
1131 754 0 117 -78 -39
1131 754 0 120 -80 -40
1131 754 0 123 -82 -41
1131 754 0 126 -84 -42
1131 754 0 129 -86 -43
1131 754 0 132 -88 -44
1131 754 0 135 -90 -45
1131 754 0 138 -92 -46
1131 754 0 141 -94 -47
1131 754 0 144 -96 -48
1131 754 0 147 -98 -49
1131 754 0 150 -100 -50
1134 756 0 -150 100 50
1134 756 0 -147 98 49
1134 756 0 -144 96 48
1134 756 0 -141 94 47
1134 756 0 -138 92 46
1134 756 0 -135 90 45
1134 756 0 -132 88 44
1134 756 0 -129 86 43
1134 756 0 -126 84 42
1134 756 0 -123 82 41
1134 756 0 -120 80 40
1134 756 0 -117 78 39
1134 756 0 -114 76 38
1134 756 0 -111 74 37
1134 756 0 -108 72 36
1134 756 0 -105 70 35
1134 756 0 -102 68 34
1134 756 0 -99 66 33
1134 756 0 -96 64 32
1134 756 0 -93 62 31
1134 756 0 -90 60 30
1134 756 0 -87 58 29
1134 756 0 -84 56 28
1134 756 0 -81 54 27
1134 756 0 -78 52 26
1134 756 0 -75 50 25
1134 756 0 -72 48 24
1134 756 0 -69 46 23
1134 756 0 -66 44 22
1134 756 0 -63 42 21
1134 756 0 -60 40 20
1134 756 0 -57 38 19
1134 756 0 -54 36 18
1134 756 0 -51 34 17
1134 756 0 -48 32 16
1134 756 0 -45 30 15
1134 756 0 -42 28 14
1134 756 0 -39 26 13
1134 756 0 -36 24 12
1134 756 0 -33 22 11
1134 756 0 -30 20 10
1134 756 0 -27 18 9
1134 756 0 -24 16 8
1134 756 0 -21 14 7
1134 756 0 -18 12 6
1134 756 0 -15 10 5
1134 756 0 -12 8 4
1134 756 0 -9 6 3
1134 756 0 -6 4 2
1134 756 0 -3 2 1
1134 756 0 3 -2 -1
1134 756 0 6 -4 -2
1134 756 0 9 -6 -3
1134 756 0 12 -8 -4
1134 756 0 15 -10 -5
1134 756 0 18 -12 -6
1134 756 0 21 -14 -7
1134 756 0 24 -16 -8
1134 756 0 27 -18 -9
1134 756 0 30 -20 -10
1134 756 0 33 -22 -11
1134 756 0 36 -24 -12
1134 756 0 39 -26 -13
1134 756 0 42 -28 -14
1134 756 0 45 -30 -15
1134 756 0 48 -32 -16
1134 756 0 51 -34 -17
1134 756 0 54 -36 -18
1134 756 0 57 -38 -19
1134 756 0 60 -40 -20
1134 756 0 63 -42 -21
1134 756 0 66 -44 -22
1134 756 0 69 -46 -23
1134 756 0 72 -48 -24
1134 756 0 75 -50 -25
1134 756 0 78 -52 -26
1134 756 0 81 -54 -27
1134 756 0 84 -56 -28
1134 756 0 87 -58 -29
1134 756 0 90 -60 -30
1134 756 0 93 -62 -31
1134 756 0 96 -64 -32
1134 756 0 99 -66 -33
1134 756 0 102 -68 -34
1134 756 0 105 -70 -35
1134 756 0 108 -72 -36
1134 756 0 111 -74 -37
1134 756 0 114 -76 -38
1134 756 0 117 -78 -39
1134 756 0 120 -80 -40
1134 756 0 123 -82 -41
1134 756 0 126 -84 -42
1134 756 0 129 -86 -43
1134 756 0 132 -88 -44
1134 756 0 135 -90 -45
1134 756 0 138 -92 -46
1134 756 0 141 -94 -47
1134 756 0 144 -96 -48
1134 756 0 147 -98 -49
1134 756 0 150 -100 -50
1137 758 0 -150 100 50
1137 758 0 -147 98 49
1137 758 0 -144 96 48
1137 758 0 -141 94 47
1137 758 0 -138 92 46
1137 758 0 -135 90 45
1137 758 0 -132 88 44
1137 758 0 -129 86 43
1137 758 0 -126 84 42
1137 758 0 -123 82 41
1137 758 0 -120 80 40
1137 758 0 -117 78 39
1137 758 0 -114 76 38
1137 758 0 -111 74 37
1137 758 0 -108 72 36
1137 758 0 -105 70 35
1137 758 0 -102 68 34
1137 758 0 -99 66 33
1137 758 0 -96 64 32
1137 758 0 -93 62 31
1137 758 0 -90 60 30
1137 758 0 -87 58 29
1137 758 0 -84 56 28
1137 758 0 -81 54 27
1137 758 0 -78 52 26
1137 758 0 -75 50 25
1137 758 0 -72 48 24
1137 758 0 -69 46 23
1137 758 0 -66 44 22
1137 758 0 -63 42 21
1137 758 0 -60 40 20
1137 758 0 -57 38 19
1137 758 0 -54 36 18
1137 758 0 -51 34 17
1137 758 0 -48 32 16
1137 758 0 -45 30 15
1137 758 0 -42 28 14
1137 758 0 -39 26 13
1137 758 0 -36 24 12
1137 758 0 -33 22 11
1137 758 0 -30 20 10
1137 758 0 -27 18 9
1137 758 0 -24 16 8
1137 758 0 -21 14 7
1137 758 0 -18 12 6
1137 758 0 -15 10 5
1137 758 0 -12 8 4
1137 758 0 -9 6 3
1137 758 0 -6 4 2
1137 758 0 -3 2 1
1137 758 0 3 -2 -1
1137 758 0 6 -4 -2
1137 758 0 9 -6 -3
1137 758 0 12 -8 -4
1137 758 0 15 -10 -5
1137 758 0 18 -12 -6
1137 758 0 21 -14 -7
1137 758 0 24 -16 -8
1137 758 0 27 -18 -9
1137 758 0 30 -20 -10
1137 758 0 33 -22 -11
1137 758 0 36 -24 -12
1137 758 0 39 -26 -13
1137 758 0 42 -28 -14
1137 758 0 45 -30 -15
1137 758 0 48 -32 -16
1137 758 0 51 -34 -17
1137 758 0 54 -36 -18
1137 758 0 57 -38 -19
1137 758 0 60 -40 -20
1137 758 0 63 -42 -21
1137 758 0 66 -44 -22
1137 758 0 69 -46 -23
1137 758 0 72 -48 -24
1137 758 0 75 -50 -25
1137 758 0 78 -52 -26
1137 758 0 81 -54 -27
1137 758 0 84 -56 -28
1137 758 0 87 -58 -29
1137 758 0 90 -60 -30
1137 758 0 93 -62 -31
1137 758 0 96 -64 -32
1137 758 0 99 -66 -33
1137 758 0 102 -68 -34
1137 758 0 105 -70 -35
1137 758 0 108 -72 -36
1137 758 0 111 -74 -37
1137 758 0 114 -76 -38
1137 758 0 117 -78 -39
1137 758 0 120 -80 -40
1137 758 0 123 -82 -41
1137 758 0 126 -84 -42
1137 758 0 129 -86 -43
1137 758 0 132 -88 -44
1137 758 0 135 -90 -45
1137 758 0 138 -92 -46
1137 758 0 141 -94 -47
1137 758 0 144 -96 -48
1137 758 0 147 -98 -49
1137 758 0 150 -100 -50
1140 760 0 -150 100 50
1140 760 0 -147 98 49
1140 760 0 -144 96 48
1140 760 0 -141 94 47
1140 760 0 -138 92 46
1140 760 0 -135 90 45
1140 760 0 -132 88 44
1140 760 0 -129 86 43
1140 760 0 -126 84 42
1140 760 0 -123 82 41
1140 760 0 -120 80 40
1140 760 0 -117 78 39
1140 760 0 -114 76 38
1140 760 0 -111 74 37
1140 760 0 -108 72 36
1140 760 0 -105 70 35
1140 760 0 -102 68 34
1140 760 0 -99 66 33
1140 760 0 -96 64 32
1140 760 0 -93 62 31
1140 760 0 -90 60 30
1140 760 0 -87 58 29
1140 760 0 -84 56 28
1140 760 0 -81 54 27
1140 760 0 -78 52 26
1140 760 0 -75 50 25
1140 760 0 -72 48 24
1140 760 0 -69 46 23
1140 760 0 -66 44 22
1140 760 0 -63 42 21
1140 760 0 -60 40 20
1140 760 0 -57 38 19
1140 760 0 -54 36 18
1140 760 0 -51 34 17
1140 760 0 -48 32 16
1140 760 0 -45 30 15
1140 760 0 -42 28 14
1140 760 0 -39 26 13
1140 760 0 -36 24 12
1140 760 0 -33 22 11
1140 760 0 -30 20 10
1140 760 0 -27 18 9
1140 760 0 -24 16 8
1140 760 0 -21 14 7
1140 760 0 -18 12 6
1140 760 0 -15 10 5
1140 760 0 -12 8 4
1140 760 0 -9 6 3
1140 760 0 -6 4 2
1140 760 0 -3 2 1
1140 760 0 3 -2 -1
1140 760 0 6 -4 -2
1140 760 0 9 -6 -3
1140 760 0 12 -8 -4
1140 760 0 15 -10 -5
1140 760 0 18 -12 -6
1140 760 0 21 -14 -7
1140 760 0 24 -16 -8
1140 760 0 27 -18 -9
1140 760 0 30 -20 -10
1140 760 0 33 -22 -11
1140 760 0 36 -24 -12
1140 760 0 39 -26 -13
1140 760 0 42 -28 -14
1140 760 0 45 -30 -15
1140 760 0 48 -32 -16
1140 760 0 51 -34 -17
1140 760 0 54 -36 -18
1140 760 0 57 -38 -19
1140 760 0 60 -40 -20
1140 760 0 63 -42 -21
1140 760 0 66 -44 -22
1140 760 0 69 -46 -23
1140 760 0 72 -48 -24
1140 760 0 75 -50 -25
1140 760 0 78 -52 -26
1140 760 0 81 -54 -27
1140 760 0 84 -56 -28
1140 760 0 87 -58 -29
1140 760 0 90 -60 -30
1140 760 0 93 -62 -31
1140 760 0 96 -64 -32
1140 760 0 99 -66 -33
1140 760 0 102 -68 -34
1140 760 0 105 -70 -35
1140 760 0 108 -72 -36
1140 760 0 111 -74 -37
1140 760 0 114 -76 -38
1140 760 0 117 -78 -39
1140 760 0 120 -80 -40
1140 760 0 123 -82 -41
1140 760 0 126 -84 -42
1140 760 0 129 -86 -43
1140 760 0 132 -88 -44
1140 760 0 135 -90 -45
1140 760 0 138 -92 -46
1140 760 0 141 -94 -47
1140 760 0 144 -96 -48
1140 760 0 147 -98 -49
1140 760 0 150 -100 -50
1143 762 0 -150 100 50
1143 762 0 -147 98 49
1143 762 0 -144 96 48
1143 762 0 -141 94 47
1143 762 0 -138 92 46
1143 762 0 -135 90 45
1143 762 0 -132 88 44
1143 762 0 -129 86 43
1143 762 0 -126 84 42
1143 762 0 -123 82 41
1143 762 0 -120 80 40
1143 762 0 -117 78 39
1143 762 0 -114 76 38
1143 762 0 -111 74 37
1143 762 0 -108 72 36
1143 762 0 -105 70 35
1143 762 0 -102 68 34
1143 762 0 -99 66 33
1143 762 0 -96 64 32
1143 762 0 -93 62 31
1143 762 0 -90 60 30
1143 762 0 -87 58 29
1143 762 0 -84 56 28
1143 762 0 -81 54 27
1143 762 0 -78 52 26
1143 762 0 -75 50 25
1143 762 0 -72 48 24
1143 762 0 -69 46 23
1143 762 0 -66 44 22
1143 762 0 -63 42 21
1143 762 0 -60 40 20
1143 762 0 -57 38 19
1143 762 0 -54 36 18
1143 762 0 -51 34 17
1143 762 0 -48 32 16
1143 762 0 -45 30 15
1143 762 0 -42 28 14
1143 762 0 -39 26 13
1143 762 0 -36 24 12
1143 762 0 -33 22 11
1143 762 0 -30 20 10
1143 762 0 -27 18 9
1143 762 0 -24 16 8
1143 762 0 -21 14 7
1143 762 0 -18 12 6
1143 762 0 -15 10 5
1143 762 0 -12 8 4
1143 762 0 -9 6 3
1143 762 0 -6 4 2
1143 762 0 -3 2 1
1143 762 0 3 -2 -1
1143 762 0 6 -4 -2
1143 762 0 9 -6 -3
1143 762 0 12 -8 -4
1143 762 0 15 -10 -5
1143 762 0 18 -12 -6
1143 762 0 21 -14 -7
1143 762 0 24 -16 -8
1143 762 0 27 -18 -9
1143 762 0 30 -20 -10
1143 762 0 33 -22 -11
1143 762 0 36 -24 -12
1143 762 0 39 -26 -13
1143 762 0 42 -28 -14
1143 762 0 45 -30 -15
1143 762 0 48 -32 -16
1143 762 0 51 -34 -17
1143 762 0 54 -36 -18
1143 762 0 57 -38 -19
1143 762 0 60 -40 -20
1143 762 0 63 -42 -21
1143 762 0 66 -44 -22
1143 762 0 69 -46 -23
1143 762 0 72 -48 -24
1143 762 0 75 -50 -25
1143 762 0 78 -52 -26
1143 762 0 81 -54 -27
1143 762 0 84 -56 -28
1143 762 0 87 -58 -29
1143 762 0 90 -60 -30
1143 762 0 93 -62 -31
1143 762 0 96 -64 -32
1143 762 0 99 -66 -33
1143 762 0 102 -68 -34
1143 762 0 105 -70 -35
1143 762 0 108 -72 -36
1143 762 0 111 -74 -37
1143 762 0 114 -76 -38
1143 762 0 117 -78 -39
1143 762 0 120 -80 -40
1143 762 0 123 -82 -41
1143 762 0 126 -84 -42
1143 762 0 129 -86 -43
1143 762 0 132 -88 -44
1143 762 0 135 -90 -45
1143 762 0 138 -92 -46
1143 762 0 141 -94 -47
1143 762 0 144 -96 -48
1143 762 0 147 -98 -49
1143 762 0 150 -100 -50
1146 764 0 -150 100 50
1146 764 0 -147 98 49
1146 764 0 -144 96 48
1146 764 0 -141 94 47
1146 764 0 -138 92 46
1146 764 0 -135 90 45
1146 764 0 -132 88 44
1146 764 0 -129 86 43
1146 764 0 -126 84 42
1146 764 0 -123 82 41
1146 764 0 -120 80 40
1146 764 0 -117 78 39
1146 764 0 -114 76 38
1146 764 0 -111 74 37
1146 764 0 -108 72 36
1146 764 0 -105 70 35
1146 764 0 -102 68 34
1146 764 0 -99 66 33
1146 764 0 -96 64 32
1146 764 0 -93 62 31
1146 764 0 -90 60 30
1146 764 0 -87 58 29
1146 764 0 -84 56 28
1146 764 0 -81 54 27
1146 764 0 -78 52 26
1146 764 0 -75 50 25
1146 764 0 -72 48 24
1146 764 0 -69 46 23
1146 764 0 -66 44 22
1146 764 0 -63 42 21
1146 764 0 -60 40 20
1146 764 0 -57 38 19
1146 764 0 -54 36 18
1146 764 0 -51 34 17
1146 764 0 -48 32 16
1146 764 0 -45 30 15
1146 764 0 -42 28 14
1146 764 0 -39 26 13
1146 764 0 -36 24 12
1146 764 0 -33 22 11
1146 764 0 -30 20 10
1146 764 0 -27 18 9
1146 764 0 -24 16 8
1146 764 0 -21 14 7
1146 764 0 -18 12 6
1146 764 0 -15 10 5
1146 764 0 -12 8 4
1146 764 0 -9 6 3
1146 764 0 -6 4 2
1146 764 0 -3 2 1
1146 764 0 3 -2 -1
1146 764 0 6 -4 -2
1146 764 0 9 -6 -3
1146 764 0 12 -8 -4
1146 764 0 15 -10 -5
1146 764 0 18 -12 -6
1146 764 0 21 -14 -7
1146 764 0 24 -16 -8
1146 764 0 27 -18 -9
1146 764 0 30 -20 -10
1146 764 0 33 -22 -11
1146 764 0 36 -24 -12
1146 764 0 39 -26 -13
1146 764 0 42 -28 -14
1146 764 0 45 -30 -15
1146 764 0 48 -32 -16
1146 764 0 51 -34 -17
1146 764 0 54 -36 -18
1146 764 0 57 -38 -19
1146 764 0 60 -40 -20
1146 764 0 63 -42 -21
1146 764 0 66 -44 -22
1146 764 0 69 -46 -23
1146 764 0 72 -48 -24
1146 764 0 75 -50 -25
1146 764 0 78 -52 -26
1146 764 0 81 -54 -27
1146 764 0 84 -56 -28
1146 764 0 87 -58 -29
1146 764 0 90 -60 -30
1146 764 0 93 -62 -31
1146 764 0 96 -64 -32
1146 764 0 99 -66 -33
1146 764 0 102 -68 -34
1146 764 0 105 -70 -35
1146 764 0 108 -72 -36
1146 764 0 111 -74 -37
1146 764 0 114 -76 -38
1146 764 0 117 -78 -39
1146 764 0 120 -80 -40
1146 764 0 123 -82 -41
1146 764 0 126 -84 -42
1146 764 0 129 -86 -43
1146 764 0 132 -88 -44
1146 764 0 135 -90 -45
1146 764 0 138 -92 -46
1146 764 0 141 -94 -47
1146 764 0 144 -96 -48
1146 764 0 147 -98 -49
1146 764 0 150 -100 -50
1149 766 0 -150 100 50
1149 766 0 -147 98 49
1149 766 0 -144 96 48
1149 766 0 -141 94 47
1149 766 0 -138 92 46
1149 766 0 -135 90 45
1149 766 0 -132 88 44
1149 766 0 -129 86 43
1149 766 0 -126 84 42
1149 766 0 -123 82 41
1149 766 0 -120 80 40
1149 766 0 -117 78 39
1149 766 0 -114 76 38
1149 766 0 -111 74 37
1149 766 0 -108 72 36
1149 766 0 -105 70 35
1149 766 0 -102 68 34
1149 766 0 -99 66 33
1149 766 0 -96 64 32
1149 766 0 -93 62 31
1149 766 0 -90 60 30
1149 766 0 -87 58 29
1149 766 0 -84 56 28
1149 766 0 -81 54 27
1149 766 0 -78 52 26
1149 766 0 -75 50 25
1149 766 0 -72 48 24
1149 766 0 -69 46 23
1149 766 0 -66 44 22
1149 766 0 -63 42 21
1149 766 0 -60 40 20
1149 766 0 -57 38 19
1149 766 0 -54 36 18
1149 766 0 -51 34 17
1149 766 0 -48 32 16
1149 766 0 -45 30 15
1149 766 0 -42 28 14
1149 766 0 -39 26 13
1149 766 0 -36 24 12
1149 766 0 -33 22 11
1149 766 0 -30 20 10
1149 766 0 -27 18 9
1149 766 0 -24 16 8
1149 766 0 -21 14 7
1149 766 0 -18 12 6
1149 766 0 -15 10 5
1149 766 0 -12 8 4
1149 766 0 -9 6 3
1149 766 0 -6 4 2
1149 766 0 -3 2 1
1149 766 0 3 -2 -1
1149 766 0 6 -4 -2
1149 766 0 9 -6 -3
1149 766 0 12 -8 -4
1149 766 0 15 -10 -5
1149 766 0 18 -12 -6
1149 766 0 21 -14 -7
1149 766 0 24 -16 -8
1149 766 0 27 -18 -9
1149 766 0 30 -20 -10
1149 766 0 33 -22 -11
1149 766 0 36 -24 -12
1149 766 0 39 -26 -13
1149 766 0 42 -28 -14
1149 766 0 45 -30 -15
1149 766 0 48 -32 -16
1149 766 0 51 -34 -17
1149 766 0 54 -36 -18
1149 766 0 57 -38 -19
1149 766 0 60 -40 -20
1149 766 0 63 -42 -21
1149 766 0 66 -44 -22
1149 766 0 69 -46 -23
1149 766 0 72 -48 -24
1149 766 0 75 -50 -25
1149 766 0 78 -52 -26
1149 766 0 81 -54 -27
1149 766 0 84 -56 -28
1149 766 0 87 -58 -29
1149 766 0 90 -60 -30
1149 766 0 93 -62 -31
1149 766 0 96 -64 -32
1149 766 0 99 -66 -33
1149 766 0 102 -68 -34
1149 766 0 105 -70 -35
1149 766 0 108 -72 -36
1149 766 0 111 -74 -37
1149 766 0 114 -76 -38
1149 766 0 117 -78 -39
1149 766 0 120 -80 -40
1149 766 0 123 -82 -41
1149 766 0 126 -84 -42
1149 766 0 129 -86 -43
1149 766 0 132 -88 -44
1149 766 0 135 -90 -45
1149 766 0 138 -92 -46
1149 766 0 141 -94 -47
1149 766 0 144 -96 -48
1149 766 0 147 -98 -49
1149 766 0 150 -100 -50
1152 768 0 -150 100 50
1152 768 0 -147 98 49
1152 768 0 -144 96 48
1152 768 0 -141 94 47
1152 768 0 -138 92 46
1152 768 0 -135 90 45
1152 768 0 -132 88 44
1152 768 0 -129 86 43
1152 768 0 -126 84 42
1152 768 0 -123 82 41
1152 768 0 -120 80 40
1152 768 0 -117 78 39
1152 768 0 -114 76 38
1152 768 0 -111 74 37
1152 768 0 -108 72 36
1152 768 0 -105 70 35
1152 768 0 -102 68 34
1152 768 0 -99 66 33
1152 768 0 -96 64 32
1152 768 0 -93 62 31
1152 768 0 -90 60 30
1152 768 0 -87 58 29
1152 768 0 -84 56 28
1152 768 0 -81 54 27
1152 768 0 -78 52 26
1152 768 0 -75 50 25
1152 768 0 -72 48 24
1152 768 0 -69 46 23
1152 768 0 -66 44 22
1152 768 0 -63 42 21
1152 768 0 -60 40 20
1152 768 0 -57 38 19
1152 768 0 -54 36 18
1152 768 0 -51 34 17
1152 768 0 -48 32 16
1152 768 0 -45 30 15
1152 768 0 -42 28 14
1152 768 0 -39 26 13
1152 768 0 -36 24 12
1152 768 0 -33 22 11
1152 768 0 -30 20 10
1152 768 0 -27 18 9
1152 768 0 -24 16 8
1152 768 0 -21 14 7
1152 768 0 -18 12 6
1152 768 0 -15 10 5
1152 768 0 -12 8 4
1152 768 0 -9 6 3
1152 768 0 -6 4 2
1152 768 0 -3 2 1
1152 768 0 3 -2 -1
1152 768 0 6 -4 -2
1152 768 0 9 -6 -3
1152 768 0 12 -8 -4
1152 768 0 15 -10 -5
1152 768 0 18 -12 -6
1152 768 0 21 -14 -7
1152 768 0 24 -16 -8
1152 768 0 27 -18 -9
1152 768 0 30 -20 -10
1152 768 0 33 -22 -11
1152 768 0 36 -24 -12
1152 768 0 39 -26 -13
1152 768 0 42 -28 -14
1152 768 0 45 -30 -15
1152 768 0 48 -32 -16
1152 768 0 51 -34 -17
1152 768 0 54 -36 -18
1152 768 0 57 -38 -19
1152 768 0 60 -40 -20
1152 768 0 63 -42 -21
1152 768 0 66 -44 -22
1152 768 0 69 -46 -23
1152 768 0 72 -48 -24
1152 768 0 75 -50 -25
1152 768 0 78 -52 -26
1152 768 0 81 -54 -27
1152 768 0 84 -56 -28
1152 768 0 87 -58 -29
1152 768 0 90 -60 -30
1152 768 0 93 -62 -31
1152 768 0 96 -64 -32
1152 768 0 99 -66 -33
1152 768 0 102 -68 -34
1152 768 0 105 -70 -35
1152 768 0 108 -72 -36
1152 768 0 111 -74 -37
1152 768 0 114 -76 -38
1152 768 0 117 -78 -39
1152 768 0 120 -80 -40
1152 768 0 123 -82 -41
1152 768 0 126 -84 -42
1152 768 0 129 -86 -43
1152 768 0 132 -88 -44
1152 768 0 135 -90 -45
1152 768 0 138 -92 -46
1152 768 0 141 -94 -47
1152 768 0 144 -96 -48
1152 768 0 147 -98 -49
1152 768 0 150 -100 -50
1155 770 0 -150 100 50
1155 770 0 -147 98 49
1155 770 0 -144 96 48
1155 770 0 -141 94 47
1155 770 0 -138 92 46
1155 770 0 -135 90 45
1155 770 0 -132 88 44
1155 770 0 -129 86 43
1155 770 0 -126 84 42
1155 770 0 -123 82 41
1155 770 0 -120 80 40
1155 770 0 -117 78 39
1155 770 0 -114 76 38
1155 770 0 -111 74 37
1155 770 0 -108 72 36
1155 770 0 -105 70 35
1155 770 0 -102 68 34
1155 770 0 -99 66 33
1155 770 0 -96 64 32
1155 770 0 -93 62 31
1155 770 0 -90 60 30
1155 770 0 -87 58 29
1155 770 0 -84 56 28
1155 770 0 -81 54 27
1155 770 0 -78 52 26
1155 770 0 -75 50 25
1155 770 0 -72 48 24
1155 770 0 -69 46 23
1155 770 0 -66 44 22
1155 770 0 -63 42 21
1155 770 0 -60 40 20
1155 770 0 -57 38 19
1155 770 0 -54 36 18
1155 770 0 -51 34 17
1155 770 0 -48 32 16
1155 770 0 -45 30 15
1155 770 0 -42 28 14
1155 770 0 -39 26 13
1155 770 0 -36 24 12
1155 770 0 -33 22 11
1155 770 0 -30 20 10
1155 770 0 -27 18 9
1155 770 0 -24 16 8
1155 770 0 -21 14 7
1155 770 0 -18 12 6
1155 770 0 -15 10 5
1155 770 0 -12 8 4
1155 770 0 -9 6 3
1155 770 0 -6 4 2
1155 770 0 -3 2 1
1155 770 0 3 -2 -1
1155 770 0 6 -4 -2
1155 770 0 9 -6 -3
1155 770 0 12 -8 -4
1155 770 0 15 -10 -5
1155 770 0 18 -12 -6
1155 770 0 21 -14 -7
1155 770 0 24 -16 -8
1155 770 0 27 -18 -9
1155 770 0 30 -20 -10
1155 770 0 33 -22 -11
1155 770 0 36 -24 -12
1155 770 0 39 -26 -13
1155 770 0 42 -28 -14
1155 770 0 45 -30 -15
1155 770 0 48 -32 -16
1155 770 0 51 -34 -17
1155 770 0 54 -36 -18
1155 770 0 57 -38 -19
1155 770 0 60 -40 -20
1155 770 0 63 -42 -21
1155 770 0 66 -44 -22
1155 770 0 69 -46 -23
1155 770 0 72 -48 -24
1155 770 0 75 -50 -25
1155 770 0 78 -52 -26
1155 770 0 81 -54 -27
1155 770 0 84 -56 -28
1155 770 0 87 -58 -29
1155 770 0 90 -60 -30
1155 770 0 93 -62 -31
1155 770 0 96 -64 -32
1155 770 0 99 -66 -33
1155 770 0 102 -68 -34
1155 770 0 105 -70 -35
1155 770 0 108 -72 -36
1155 770 0 111 -74 -37
1155 770 0 114 -76 -38
1155 770 0 117 -78 -39
1155 770 0 120 -80 -40
1155 770 0 123 -82 -41
1155 770 0 126 -84 -42
1155 770 0 129 -86 -43
1155 770 0 132 -88 -44
1155 770 0 135 -90 -45
1155 770 0 138 -92 -46
1155 770 0 141 -94 -47
1155 770 0 144 -96 -48
1155 770 0 147 -98 -49
1155 770 0 150 -100 -50
1158 772 0 -150 100 50
1158 772 0 -147 98 49
1158 772 0 -144 96 48
1158 772 0 -141 94 47
1158 772 0 -138 92 46
1158 772 0 -135 90 45
1158 772 0 -132 88 44
1158 772 0 -129 86 43
1158 772 0 -126 84 42
1158 772 0 -123 82 41
1158 772 0 -120 80 40
1158 772 0 -117 78 39
1158 772 0 -114 76 38
1158 772 0 -111 74 37
1158 772 0 -108 72 36
1158 772 0 -105 70 35
1158 772 0 -102 68 34
1158 772 0 -99 66 33
1158 772 0 -96 64 32
1158 772 0 -93 62 31
1158 772 0 -90 60 30
1158 772 0 -87 58 29
1158 772 0 -84 56 28
1158 772 0 -81 54 27
1158 772 0 -78 52 26
1158 772 0 -75 50 25
1158 772 0 -72 48 24
1158 772 0 -69 46 23
1158 772 0 -66 44 22
1158 772 0 -63 42 21
1158 772 0 -60 40 20
1158 772 0 -57 38 19
1158 772 0 -54 36 18
1158 772 0 -51 34 17
1158 772 0 -48 32 16
1158 772 0 -45 30 15
1158 772 0 -42 28 14
1158 772 0 -39 26 13
1158 772 0 -36 24 12
1158 772 0 -33 22 11
1158 772 0 -30 20 10
1158 772 0 -27 18 9
1158 772 0 -24 16 8
1158 772 0 -21 14 7
1158 772 0 -18 12 6
1158 772 0 -15 10 5
1158 772 0 -12 8 4
1158 772 0 -9 6 3
1158 772 0 -6 4 2
1158 772 0 -3 2 1
1158 772 0 3 -2 -1
1158 772 0 6 -4 -2
1158 772 0 9 -6 -3
1158 772 0 12 -8 -4
1158 772 0 15 -10 -5
1158 772 0 18 -12 -6
1158 772 0 21 -14 -7
1158 772 0 24 -16 -8
1158 772 0 27 -18 -9
1158 772 0 30 -20 -10
1158 772 0 33 -22 -11
1158 772 0 36 -24 -12
1158 772 0 39 -26 -13
1158 772 0 42 -28 -14
1158 772 0 45 -30 -15
1158 772 0 48 -32 -16
1158 772 0 51 -34 -17
1158 772 0 54 -36 -18
1158 772 0 57 -38 -19
1158 772 0 60 -40 -20
1158 772 0 63 -42 -21
1158 772 0 66 -44 -22
1158 772 0 69 -46 -23
1158 772 0 72 -48 -24
1158 772 0 75 -50 -25
1158 772 0 78 -52 -26
1158 772 0 81 -54 -27
1158 772 0 84 -56 -28
1158 772 0 87 -58 -29
1158 772 0 90 -60 -30
1158 772 0 93 -62 -31
1158 772 0 96 -64 -32
1158 772 0 99 -66 -33
1158 772 0 102 -68 -34
1158 772 0 105 -70 -35
1158 772 0 108 -72 -36
1158 772 0 111 -74 -37
1158 772 0 114 -76 -38
1158 772 0 117 -78 -39
1158 772 0 120 -80 -40
1158 772 0 123 -82 -41
1158 772 0 126 -84 -42
1158 772 0 129 -86 -43
1158 772 0 132 -88 -44
1158 772 0 135 -90 -45
1158 772 0 138 -92 -46
1158 772 0 141 -94 -47
1158 772 0 144 -96 -48
1158 772 0 147 -98 -49
1158 772 0 150 -100 -50
1161 774 0 -150 100 50
1161 774 0 -147 98 49
1161 774 0 -144 96 48
1161 774 0 -141 94 47
1161 774 0 -138 92 46
1161 774 0 -135 90 45
1161 774 0 -132 88 44
1161 774 0 -129 86 43
1161 774 0 -126 84 42
1161 774 0 -123 82 41
1161 774 0 -120 80 40
1161 774 0 -117 78 39
1161 774 0 -114 76 38
1161 774 0 -111 74 37
1161 774 0 -108 72 36
1161 774 0 -105 70 35
1161 774 0 -102 68 34
1161 774 0 -99 66 33
1161 774 0 -96 64 32
1161 774 0 -93 62 31
1161 774 0 -90 60 30
1161 774 0 -87 58 29
1161 774 0 -84 56 28
1161 774 0 -81 54 27
1161 774 0 -78 52 26
1161 774 0 -75 50 25
1161 774 0 -72 48 24
1161 774 0 -69 46 23
1161 774 0 -66 44 22
1161 774 0 -63 42 21
1161 774 0 -60 40 20
1161 774 0 -57 38 19
1161 774 0 -54 36 18
1161 774 0 -51 34 17
1161 774 0 -48 32 16
1161 774 0 -45 30 15
1161 774 0 -42 28 14
1161 774 0 -39 26 13
1161 774 0 -36 24 12
1161 774 0 -33 22 11
1161 774 0 -30 20 10
1161 774 0 -27 18 9
1161 774 0 -24 16 8
1161 774 0 -21 14 7
1161 774 0 -18 12 6
1161 774 0 -15 10 5
1161 774 0 -12 8 4
1161 774 0 -9 6 3
1161 774 0 -6 4 2
1161 774 0 -3 2 1
1161 774 0 3 -2 -1
1161 774 0 6 -4 -2
1161 774 0 9 -6 -3
1161 774 0 12 -8 -4
1161 774 0 15 -10 -5
1161 774 0 18 -12 -6
1161 774 0 21 -14 -7
1161 774 0 24 -16 -8
1161 774 0 27 -18 -9
1161 774 0 30 -20 -10
1161 774 0 33 -22 -11
1161 774 0 36 -24 -12
1161 774 0 39 -26 -13
1161 774 0 42 -28 -14
1161 774 0 45 -30 -15
1161 774 0 48 -32 -16
1161 774 0 51 -34 -17
1161 774 0 54 -36 -18
1161 774 0 57 -38 -19
1161 774 0 60 -40 -20
1161 774 0 63 -42 -21
1161 774 0 66 -44 -22
1161 774 0 69 -46 -23
1161 774 0 72 -48 -24
1161 774 0 75 -50 -25
1161 774 0 78 -52 -26
1161 774 0 81 -54 -27
1161 774 0 84 -56 -28
1161 774 0 87 -58 -29
1161 774 0 90 -60 -30
1161 774 0 93 -62 -31
1161 774 0 96 -64 -32
1161 774 0 99 -66 -33
1161 774 0 102 -68 -34
1161 774 0 105 -70 -35
1161 774 0 108 -72 -36
1161 774 0 111 -74 -37
1161 774 0 114 -76 -38
1161 774 0 117 -78 -39
1161 774 0 120 -80 -40
1161 774 0 123 -82 -41
1161 774 0 126 -84 -42
1161 774 0 129 -86 -43
1161 774 0 132 -88 -44
1161 774 0 135 -90 -45
1161 774 0 138 -92 -46
1161 774 0 141 -94 -47
1161 774 0 144 -96 -48
1161 774 0 147 -98 -49
1161 774 0 150 -100 -50
1164 776 0 -150 100 50
1164 776 0 -147 98 49
1164 776 0 -144 96 48
1164 776 0 -141 94 47
1164 776 0 -138 92 46
1164 776 0 -135 90 45
1164 776 0 -132 88 44
1164 776 0 -129 86 43
1164 776 0 -126 84 42
1164 776 0 -123 82 41
1164 776 0 -120 80 40
1164 776 0 -117 78 39
1164 776 0 -114 76 38
1164 776 0 -111 74 37
1164 776 0 -108 72 36
1164 776 0 -105 70 35
1164 776 0 -102 68 34
1164 776 0 -99 66 33
1164 776 0 -96 64 32
1164 776 0 -93 62 31
1164 776 0 -90 60 30
1164 776 0 -87 58 29
1164 776 0 -84 56 28
1164 776 0 -81 54 27
1164 776 0 -78 52 26
1164 776 0 -75 50 25
1164 776 0 -72 48 24
1164 776 0 -69 46 23
1164 776 0 -66 44 22
1164 776 0 -63 42 21
1164 776 0 -60 40 20
1164 776 0 -57 38 19
1164 776 0 -54 36 18
1164 776 0 -51 34 17
1164 776 0 -48 32 16
1164 776 0 -45 30 15
1164 776 0 -42 28 14
1164 776 0 -39 26 13
1164 776 0 -36 24 12
1164 776 0 -33 22 11
1164 776 0 -30 20 10
1164 776 0 -27 18 9
1164 776 0 -24 16 8
1164 776 0 -21 14 7
1164 776 0 -18 12 6
1164 776 0 -15 10 5
1164 776 0 -12 8 4
1164 776 0 -9 6 3
1164 776 0 -6 4 2
1164 776 0 -3 2 1
1164 776 0 3 -2 -1
1164 776 0 6 -4 -2
1164 776 0 9 -6 -3
1164 776 0 12 -8 -4
1164 776 0 15 -10 -5
1164 776 0 18 -12 -6
1164 776 0 21 -14 -7
1164 776 0 24 -16 -8
1164 776 0 27 -18 -9
1164 776 0 30 -20 -10
1164 776 0 33 -22 -11
1164 776 0 36 -24 -12
1164 776 0 39 -26 -13
1164 776 0 42 -28 -14
1164 776 0 45 -30 -15
1164 776 0 48 -32 -16
1164 776 0 51 -34 -17
1164 776 0 54 -36 -18
1164 776 0 57 -38 -19
1164 776 0 60 -40 -20
1164 776 0 63 -42 -21
1164 776 0 66 -44 -22
1164 776 0 69 -46 -23
1164 776 0 72 -48 -24
1164 776 0 75 -50 -25
1164 776 0 78 -52 -26
1164 776 0 81 -54 -27
1164 776 0 84 -56 -28
1164 776 0 87 -58 -29
1164 776 0 90 -60 -30
1164 776 0 93 -62 -31
1164 776 0 96 -64 -32
1164 776 0 99 -66 -33
1164 776 0 102 -68 -34
1164 776 0 105 -70 -35
1164 776 0 108 -72 -36
1164 776 0 111 -74 -37
1164 776 0 114 -76 -38
1164 776 0 117 -78 -39
1164 776 0 120 -80 -40
1164 776 0 123 -82 -41
1164 776 0 126 -84 -42
1164 776 0 129 -86 -43
1164 776 0 132 -88 -44
1164 776 0 135 -90 -45
1164 776 0 138 -92 -46
1164 776 0 141 -94 -47
1164 776 0 144 -96 -48
1164 776 0 147 -98 -49
1164 776 0 150 -100 -50
1167 778 0 -150 100 50
1167 778 0 -147 98 49
1167 778 0 -144 96 48
1167 778 0 -141 94 47
1167 778 0 -138 92 46
1167 778 0 -135 90 45
1167 778 0 -132 88 44
1167 778 0 -129 86 43
1167 778 0 -126 84 42
1167 778 0 -123 82 41
1167 778 0 -120 80 40
1167 778 0 -117 78 39
1167 778 0 -114 76 38
1167 778 0 -111 74 37
1167 778 0 -108 72 36
1167 778 0 -105 70 35
1167 778 0 -102 68 34
1167 778 0 -99 66 33
1167 778 0 -96 64 32
1167 778 0 -93 62 31
1167 778 0 -90 60 30
1167 778 0 -87 58 29
1167 778 0 -84 56 28
1167 778 0 -81 54 27
1167 778 0 -78 52 26
1167 778 0 -75 50 25
1167 778 0 -72 48 24
1167 778 0 -69 46 23
1167 778 0 -66 44 22
1167 778 0 -63 42 21
1167 778 0 -60 40 20
1167 778 0 -57 38 19
1167 778 0 -54 36 18
1167 778 0 -51 34 17
1167 778 0 -48 32 16
1167 778 0 -45 30 15
1167 778 0 -42 28 14
1167 778 0 -39 26 13
1167 778 0 -36 24 12
1167 778 0 -33 22 11
1167 778 0 -30 20 10
1167 778 0 -27 18 9
1167 778 0 -24 16 8
1167 778 0 -21 14 7
1167 778 0 -18 12 6
1167 778 0 -15 10 5
1167 778 0 -12 8 4
1167 778 0 -9 6 3
1167 778 0 -6 4 2
1167 778 0 -3 2 1
1167 778 0 3 -2 -1
1167 778 0 6 -4 -2
1167 778 0 9 -6 -3
1167 778 0 12 -8 -4
1167 778 0 15 -10 -5
1167 778 0 18 -12 -6
1167 778 0 21 -14 -7
1167 778 0 24 -16 -8
1167 778 0 27 -18 -9
1167 778 0 30 -20 -10
1167 778 0 33 -22 -11
1167 778 0 36 -24 -12
1167 778 0 39 -26 -13
1167 778 0 42 -28 -14
1167 778 0 45 -30 -15
1167 778 0 48 -32 -16
1167 778 0 51 -34 -17
1167 778 0 54 -36 -18
1167 778 0 57 -38 -19
1167 778 0 60 -40 -20
1167 778 0 63 -42 -21
1167 778 0 66 -44 -22
1167 778 0 69 -46 -23
1167 778 0 72 -48 -24
1167 778 0 75 -50 -25
1167 778 0 78 -52 -26
1167 778 0 81 -54 -27
1167 778 0 84 -56 -28
1167 778 0 87 -58 -29
1167 778 0 90 -60 -30
1167 778 0 93 -62 -31
1167 778 0 96 -64 -32
1167 778 0 99 -66 -33
1167 778 0 102 -68 -34
1167 778 0 105 -70 -35
1167 778 0 108 -72 -36
1167 778 0 111 -74 -37
1167 778 0 114 -76 -38
1167 778 0 117 -78 -39
1167 778 0 120 -80 -40
1167 778 0 123 -82 -41
1167 778 0 126 -84 -42
1167 778 0 129 -86 -43
1167 778 0 132 -88 -44
1167 778 0 135 -90 -45
1167 778 0 138 -92 -46
1167 778 0 141 -94 -47
1167 778 0 144 -96 -48
1167 778 0 147 -98 -49
1167 778 0 150 -100 -50
1170 780 0 -150 100 50
1170 780 0 -147 98 49
1170 780 0 -144 96 48
1170 780 0 -141 94 47
1170 780 0 -138 92 46
1170 780 0 -135 90 45
1170 780 0 -132 88 44
1170 780 0 -129 86 43
1170 780 0 -126 84 42
1170 780 0 -123 82 41
1170 780 0 -120 80 40
1170 780 0 -117 78 39
1170 780 0 -114 76 38
1170 780 0 -111 74 37
1170 780 0 -108 72 36
1170 780 0 -105 70 35
1170 780 0 -102 68 34
1170 780 0 -99 66 33
1170 780 0 -96 64 32
1170 780 0 -93 62 31
1170 780 0 -90 60 30
1170 780 0 -87 58 29
1170 780 0 -84 56 28
1170 780 0 -81 54 27
1170 780 0 -78 52 26
1170 780 0 -75 50 25
1170 780 0 -72 48 24
1170 780 0 -69 46 23
1170 780 0 -66 44 22
1170 780 0 -63 42 21
1170 780 0 -60 40 20
1170 780 0 -57 38 19
1170 780 0 -54 36 18
1170 780 0 -51 34 17
1170 780 0 -48 32 16
1170 780 0 -45 30 15
1170 780 0 -42 28 14
1170 780 0 -39 26 13
1170 780 0 -36 24 12
1170 780 0 -33 22 11
1170 780 0 -30 20 10
1170 780 0 -27 18 9
1170 780 0 -24 16 8
1170 780 0 -21 14 7
1170 780 0 -18 12 6
1170 780 0 -15 10 5
1170 780 0 -12 8 4
1170 780 0 -9 6 3
1170 780 0 -6 4 2
1170 780 0 -3 2 1
1170 780 0 3 -2 -1
1170 780 0 6 -4 -2
1170 780 0 9 -6 -3
1170 780 0 12 -8 -4
1170 780 0 15 -10 -5
1170 780 0 18 -12 -6
1170 780 0 21 -14 -7
1170 780 0 24 -16 -8
1170 780 0 27 -18 -9
1170 780 0 30 -20 -10
1170 780 0 33 -22 -11
1170 780 0 36 -24 -12
1170 780 0 39 -26 -13
1170 780 0 42 -28 -14
1170 780 0 45 -30 -15
1170 780 0 48 -32 -16
1170 780 0 51 -34 -17
1170 780 0 54 -36 -18
1170 780 0 57 -38 -19
1170 780 0 60 -40 -20
1170 780 0 63 -42 -21
1170 780 0 66 -44 -22
1170 780 0 69 -46 -23
1170 780 0 72 -48 -24
1170 780 0 75 -50 -25
1170 780 0 78 -52 -26
1170 780 0 81 -54 -27
1170 780 0 84 -56 -28
1170 780 0 87 -58 -29
1170 780 0 90 -60 -30
1170 780 0 93 -62 -31
1170 780 0 96 -64 -32
1170 780 0 99 -66 -33
1170 780 0 102 -68 -34
1170 780 0 105 -70 -35
1170 780 0 108 -72 -36
1170 780 0 111 -74 -37
1170 780 0 114 -76 -38
1170 780 0 117 -78 -39
1170 780 0 120 -80 -40
1170 780 0 123 -82 -41
1170 780 0 126 -84 -42
1170 780 0 129 -86 -43
1170 780 0 132 -88 -44
1170 780 0 135 -90 -45
1170 780 0 138 -92 -46
1170 780 0 141 -94 -47
1170 780 0 144 -96 -48
1170 780 0 147 -98 -49
1170 780 0 150 -100 -50
1173 782 0 -150 100 50
1173 782 0 -147 98 49
1173 782 0 -144 96 48
1173 782 0 -141 94 47
1173 782 0 -138 92 46
1173 782 0 -135 90 45
1173 782 0 -132 88 44
1173 782 0 -129 86 43
1173 782 0 -126 84 42
1173 782 0 -123 82 41
1173 782 0 -120 80 40
1173 782 0 -117 78 39
1173 782 0 -114 76 38
1173 782 0 -111 74 37
1173 782 0 -108 72 36
1173 782 0 -105 70 35
1173 782 0 -102 68 34
1173 782 0 -99 66 33
1173 782 0 -96 64 32
1173 782 0 -93 62 31
1173 782 0 -90 60 30
1173 782 0 -87 58 29
1173 782 0 -84 56 28
1173 782 0 -81 54 27
1173 782 0 -78 52 26
1173 782 0 -75 50 25
1173 782 0 -72 48 24
1173 782 0 -69 46 23
1173 782 0 -66 44 22
1173 782 0 -63 42 21
1173 782 0 -60 40 20
1173 782 0 -57 38 19
1173 782 0 -54 36 18
1173 782 0 -51 34 17
1173 782 0 -48 32 16
1173 782 0 -45 30 15
1173 782 0 -42 28 14
1173 782 0 -39 26 13
1173 782 0 -36 24 12
1173 782 0 -33 22 11
1173 782 0 -30 20 10
1173 782 0 -27 18 9
1173 782 0 -24 16 8
1173 782 0 -21 14 7
1173 782 0 -18 12 6
1173 782 0 -15 10 5
1173 782 0 -12 8 4
1173 782 0 -9 6 3
1173 782 0 -6 4 2
1173 782 0 -3 2 1
1173 782 0 3 -2 -1
1173 782 0 6 -4 -2
1173 782 0 9 -6 -3
1173 782 0 12 -8 -4
1173 782 0 15 -10 -5
1173 782 0 18 -12 -6
1173 782 0 21 -14 -7
1173 782 0 24 -16 -8
1173 782 0 27 -18 -9
1173 782 0 30 -20 -10
1173 782 0 33 -22 -11
1173 782 0 36 -24 -12
1173 782 0 39 -26 -13
1173 782 0 42 -28 -14
1173 782 0 45 -30 -15
1173 782 0 48 -32 -16
1173 782 0 51 -34 -17
1173 782 0 54 -36 -18
1173 782 0 57 -38 -19
1173 782 0 60 -40 -20
1173 782 0 63 -42 -21
1173 782 0 66 -44 -22
1173 782 0 69 -46 -23
1173 782 0 72 -48 -24
1173 782 0 75 -50 -25
1173 782 0 78 -52 -26
1173 782 0 81 -54 -27
1173 782 0 84 -56 -28
1173 782 0 87 -58 -29
1173 782 0 90 -60 -30
1173 782 0 93 -62 -31
1173 782 0 96 -64 -32
1173 782 0 99 -66 -33
1173 782 0 102 -68 -34
1173 782 0 105 -70 -35
1173 782 0 108 -72 -36
1173 782 0 111 -74 -37
1173 782 0 114 -76 -38
1173 782 0 117 -78 -39
1173 782 0 120 -80 -40
1173 782 0 123 -82 -41
1173 782 0 126 -84 -42
1173 782 0 129 -86 -43
1173 782 0 132 -88 -44
1173 782 0 135 -90 -45
1173 782 0 138 -92 -46
1173 782 0 141 -94 -47
1173 782 0 144 -96 -48
1173 782 0 147 -98 -49
1173 782 0 150 -100 -50
1176 784 0 -150 100 50
1176 784 0 -147 98 49
1176 784 0 -144 96 48
1176 784 0 -141 94 47
1176 784 0 -138 92 46
1176 784 0 -135 90 45
1176 784 0 -132 88 44
1176 784 0 -129 86 43
1176 784 0 -126 84 42
1176 784 0 -123 82 41
1176 784 0 -120 80 40
1176 784 0 -117 78 39
1176 784 0 -114 76 38
1176 784 0 -111 74 37
1176 784 0 -108 72 36
1176 784 0 -105 70 35
1176 784 0 -102 68 34
1176 784 0 -99 66 33
1176 784 0 -96 64 32
1176 784 0 -93 62 31
1176 784 0 -90 60 30
1176 784 0 -87 58 29
1176 784 0 -84 56 28
1176 784 0 -81 54 27
1176 784 0 -78 52 26
1176 784 0 -75 50 25
1176 784 0 -72 48 24
1176 784 0 -69 46 23
1176 784 0 -66 44 22
1176 784 0 -63 42 21
1176 784 0 -60 40 20
1176 784 0 -57 38 19
1176 784 0 -54 36 18
1176 784 0 -51 34 17
1176 784 0 -48 32 16
1176 784 0 -45 30 15
1176 784 0 -42 28 14
1176 784 0 -39 26 13
1176 784 0 -36 24 12
1176 784 0 -33 22 11
1176 784 0 -30 20 10
1176 784 0 -27 18 9
1176 784 0 -24 16 8
1176 784 0 -21 14 7
1176 784 0 -18 12 6
1176 784 0 -15 10 5
1176 784 0 -12 8 4
1176 784 0 -9 6 3
1176 784 0 -6 4 2
1176 784 0 -3 2 1
1176 784 0 3 -2 -1
1176 784 0 6 -4 -2
1176 784 0 9 -6 -3
1176 784 0 12 -8 -4
1176 784 0 15 -10 -5
1176 784 0 18 -12 -6
1176 784 0 21 -14 -7
1176 784 0 24 -16 -8
1176 784 0 27 -18 -9
1176 784 0 30 -20 -10
1176 784 0 33 -22 -11
1176 784 0 36 -24 -12
1176 784 0 39 -26 -13
1176 784 0 42 -28 -14
1176 784 0 45 -30 -15
1176 784 0 48 -32 -16
1176 784 0 51 -34 -17
1176 784 0 54 -36 -18
1176 784 0 57 -38 -19
1176 784 0 60 -40 -20
1176 784 0 63 -42 -21
1176 784 0 66 -44 -22
1176 784 0 69 -46 -23
1176 784 0 72 -48 -24
1176 784 0 75 -50 -25
1176 784 0 78 -52 -26
1176 784 0 81 -54 -27
1176 784 0 84 -56 -28
1176 784 0 87 -58 -29
1176 784 0 90 -60 -30
1176 784 0 93 -62 -31
1176 784 0 96 -64 -32
1176 784 0 99 -66 -33
1176 784 0 102 -68 -34
1176 784 0 105 -70 -35
1176 784 0 108 -72 -36
1176 784 0 111 -74 -37
1176 784 0 114 -76 -38
1176 784 0 117 -78 -39
1176 784 0 120 -80 -40
1176 784 0 123 -82 -41
1176 784 0 126 -84 -42
1176 784 0 129 -86 -43
1176 784 0 132 -88 -44
1176 784 0 135 -90 -45
1176 784 0 138 -92 -46
1176 784 0 141 -94 -47
1176 784 0 144 -96 -48
1176 784 0 147 -98 -49
1176 784 0 150 -100 -50
1179 786 0 -150 100 50
1179 786 0 -147 98 49
1179 786 0 -144 96 48
1179 786 0 -141 94 47
1179 786 0 -138 92 46
1179 786 0 -135 90 45
1179 786 0 -132 88 44
1179 786 0 -129 86 43
1179 786 0 -126 84 42
1179 786 0 -123 82 41
1179 786 0 -120 80 40
1179 786 0 -117 78 39
1179 786 0 -114 76 38
1179 786 0 -111 74 37
1179 786 0 -108 72 36
1179 786 0 -105 70 35
1179 786 0 -102 68 34
1179 786 0 -99 66 33
1179 786 0 -96 64 32
1179 786 0 -93 62 31
1179 786 0 -90 60 30
1179 786 0 -87 58 29
1179 786 0 -84 56 28
1179 786 0 -81 54 27
1179 786 0 -78 52 26
1179 786 0 -75 50 25
1179 786 0 -72 48 24
1179 786 0 -69 46 23
1179 786 0 -66 44 22
1179 786 0 -63 42 21
1179 786 0 -60 40 20
1179 786 0 -57 38 19
1179 786 0 -54 36 18
1179 786 0 -51 34 17
1179 786 0 -48 32 16
1179 786 0 -45 30 15
1179 786 0 -42 28 14
1179 786 0 -39 26 13
1179 786 0 -36 24 12
1179 786 0 -33 22 11
1179 786 0 -30 20 10
1179 786 0 -27 18 9
1179 786 0 -24 16 8
1179 786 0 -21 14 7
1179 786 0 -18 12 6
1179 786 0 -15 10 5
1179 786 0 -12 8 4
1179 786 0 -9 6 3
1179 786 0 -6 4 2
1179 786 0 -3 2 1
1179 786 0 3 -2 -1
1179 786 0 6 -4 -2
1179 786 0 9 -6 -3
1179 786 0 12 -8 -4
1179 786 0 15 -10 -5
1179 786 0 18 -12 -6
1179 786 0 21 -14 -7
1179 786 0 24 -16 -8
1179 786 0 27 -18 -9
1179 786 0 30 -20 -10
1179 786 0 33 -22 -11
1179 786 0 36 -24 -12
1179 786 0 39 -26 -13
1179 786 0 42 -28 -14
1179 786 0 45 -30 -15
1179 786 0 48 -32 -16
1179 786 0 51 -34 -17
1179 786 0 54 -36 -18
1179 786 0 57 -38 -19
1179 786 0 60 -40 -20
1179 786 0 63 -42 -21
1179 786 0 66 -44 -22
1179 786 0 69 -46 -23
1179 786 0 72 -48 -24
1179 786 0 75 -50 -25
1179 786 0 78 -52 -26
1179 786 0 81 -54 -27
1179 786 0 84 -56 -28
1179 786 0 87 -58 -29
1179 786 0 90 -60 -30
1179 786 0 93 -62 -31
1179 786 0 96 -64 -32
1179 786 0 99 -66 -33
1179 786 0 102 -68 -34
1179 786 0 105 -70 -35
1179 786 0 108 -72 -36
1179 786 0 111 -74 -37
1179 786 0 114 -76 -38
1179 786 0 117 -78 -39
1179 786 0 120 -80 -40
1179 786 0 123 -82 -41
1179 786 0 126 -84 -42
1179 786 0 129 -86 -43
1179 786 0 132 -88 -44
1179 786 0 135 -90 -45
1179 786 0 138 -92 -46
1179 786 0 141 -94 -47
1179 786 0 144 -96 -48
1179 786 0 147 -98 -49
1179 786 0 150 -100 -50
1182 788 0 -150 100 50
1182 788 0 -147 98 49
1182 788 0 -144 96 48
1182 788 0 -141 94 47
1182 788 0 -138 92 46
1182 788 0 -135 90 45
1182 788 0 -132 88 44
1182 788 0 -129 86 43
1182 788 0 -126 84 42
1182 788 0 -123 82 41
1182 788 0 -120 80 40
1182 788 0 -117 78 39
1182 788 0 -114 76 38
1182 788 0 -111 74 37
1182 788 0 -108 72 36
1182 788 0 -105 70 35
1182 788 0 -102 68 34
1182 788 0 -99 66 33
1182 788 0 -96 64 32
1182 788 0 -93 62 31
1182 788 0 -90 60 30
1182 788 0 -87 58 29
1182 788 0 -84 56 28
1182 788 0 -81 54 27
1182 788 0 -78 52 26
1182 788 0 -75 50 25
1182 788 0 -72 48 24
1182 788 0 -69 46 23
1182 788 0 -66 44 22
1182 788 0 -63 42 21
1182 788 0 -60 40 20
1182 788 0 -57 38 19
1182 788 0 -54 36 18
1182 788 0 -51 34 17
1182 788 0 -48 32 16
1182 788 0 -45 30 15
1182 788 0 -42 28 14
1182 788 0 -39 26 13
1182 788 0 -36 24 12
1182 788 0 -33 22 11
1182 788 0 -30 20 10
1182 788 0 -27 18 9
1182 788 0 -24 16 8
1182 788 0 -21 14 7
1182 788 0 -18 12 6
1182 788 0 -15 10 5
1182 788 0 -12 8 4
1182 788 0 -9 6 3
1182 788 0 -6 4 2
1182 788 0 -3 2 1
1182 788 0 3 -2 -1
1182 788 0 6 -4 -2
1182 788 0 9 -6 -3
1182 788 0 12 -8 -4
1182 788 0 15 -10 -5
1182 788 0 18 -12 -6
1182 788 0 21 -14 -7
1182 788 0 24 -16 -8
1182 788 0 27 -18 -9
1182 788 0 30 -20 -10
1182 788 0 33 -22 -11
1182 788 0 36 -24 -12
1182 788 0 39 -26 -13
1182 788 0 42 -28 -14
1182 788 0 45 -30 -15
1182 788 0 48 -32 -16
1182 788 0 51 -34 -17
1182 788 0 54 -36 -18
1182 788 0 57 -38 -19
1182 788 0 60 -40 -20
1182 788 0 63 -42 -21
1182 788 0 66 -44 -22
1182 788 0 69 -46 -23
1182 788 0 72 -48 -24
1182 788 0 75 -50 -25
1182 788 0 78 -52 -26
1182 788 0 81 -54 -27
1182 788 0 84 -56 -28
1182 788 0 87 -58 -29
1182 788 0 90 -60 -30
1182 788 0 93 -62 -31
1182 788 0 96 -64 -32
1182 788 0 99 -66 -33
1182 788 0 102 -68 -34
1182 788 0 105 -70 -35
1182 788 0 108 -72 -36
1182 788 0 111 -74 -37
1182 788 0 114 -76 -38
1182 788 0 117 -78 -39
1182 788 0 120 -80 -40
1182 788 0 123 -82 -41
1182 788 0 126 -84 -42
1182 788 0 129 -86 -43
1182 788 0 132 -88 -44
1182 788 0 135 -90 -45
1182 788 0 138 -92 -46
1182 788 0 141 -94 -47
1182 788 0 144 -96 -48
1182 788 0 147 -98 -49
1182 788 0 150 -100 -50
1185 790 0 -150 100 50
1185 790 0 -147 98 49
1185 790 0 -144 96 48
1185 790 0 -141 94 47
1185 790 0 -138 92 46
1185 790 0 -135 90 45
1185 790 0 -132 88 44
1185 790 0 -129 86 43
1185 790 0 -126 84 42
1185 790 0 -123 82 41
1185 790 0 -120 80 40
1185 790 0 -117 78 39
1185 790 0 -114 76 38
1185 790 0 -111 74 37
1185 790 0 -108 72 36
1185 790 0 -105 70 35
1185 790 0 -102 68 34
1185 790 0 -99 66 33
1185 790 0 -96 64 32
1185 790 0 -93 62 31
1185 790 0 -90 60 30
1185 790 0 -87 58 29
1185 790 0 -84 56 28
1185 790 0 -81 54 27
1185 790 0 -78 52 26
1185 790 0 -75 50 25
1185 790 0 -72 48 24
1185 790 0 -69 46 23
1185 790 0 -66 44 22
1185 790 0 -63 42 21
1185 790 0 -60 40 20
1185 790 0 -57 38 19
1185 790 0 -54 36 18
1185 790 0 -51 34 17
1185 790 0 -48 32 16
1185 790 0 -45 30 15
1185 790 0 -42 28 14
1185 790 0 -39 26 13
1185 790 0 -36 24 12
1185 790 0 -33 22 11
1185 790 0 -30 20 10
1185 790 0 -27 18 9
1185 790 0 -24 16 8
1185 790 0 -21 14 7
1185 790 0 -18 12 6
1185 790 0 -15 10 5
1185 790 0 -12 8 4
1185 790 0 -9 6 3
1185 790 0 -6 4 2
1185 790 0 -3 2 1
1185 790 0 3 -2 -1
1185 790 0 6 -4 -2
1185 790 0 9 -6 -3
1185 790 0 12 -8 -4
1185 790 0 15 -10 -5
1185 790 0 18 -12 -6
1185 790 0 21 -14 -7
1185 790 0 24 -16 -8
1185 790 0 27 -18 -9
1185 790 0 30 -20 -10
1185 790 0 33 -22 -11
1185 790 0 36 -24 -12
1185 790 0 39 -26 -13
1185 790 0 42 -28 -14
1185 790 0 45 -30 -15
1185 790 0 48 -32 -16
1185 790 0 51 -34 -17
1185 790 0 54 -36 -18
1185 790 0 57 -38 -19
1185 790 0 60 -40 -20
1185 790 0 63 -42 -21
1185 790 0 66 -44 -22
1185 790 0 69 -46 -23
1185 790 0 72 -48 -24
1185 790 0 75 -50 -25
1185 790 0 78 -52 -26
1185 790 0 81 -54 -27
1185 790 0 84 -56 -28
1185 790 0 87 -58 -29
1185 790 0 90 -60 -30
1185 790 0 93 -62 -31
1185 790 0 96 -64 -32
1185 790 0 99 -66 -33
1185 790 0 102 -68 -34
1185 790 0 105 -70 -35
1185 790 0 108 -72 -36
1185 790 0 111 -74 -37
1185 790 0 114 -76 -38
1185 790 0 117 -78 -39
1185 790 0 120 -80 -40
1185 790 0 123 -82 -41
1185 790 0 126 -84 -42
1185 790 0 129 -86 -43
1185 790 0 132 -88 -44
1185 790 0 135 -90 -45
1185 790 0 138 -92 -46
1185 790 0 141 -94 -47
1185 790 0 144 -96 -48
1185 790 0 147 -98 -49
1185 790 0 150 -100 -50
1188 792 0 -150 100 50
1188 792 0 -147 98 49
1188 792 0 -144 96 48
1188 792 0 -141 94 47
1188 792 0 -138 92 46
1188 792 0 -135 90 45
1188 792 0 -132 88 44
1188 792 0 -129 86 43
1188 792 0 -126 84 42
1188 792 0 -123 82 41
1188 792 0 -120 80 40
1188 792 0 -117 78 39
1188 792 0 -114 76 38
1188 792 0 -111 74 37
1188 792 0 -108 72 36
1188 792 0 -105 70 35
1188 792 0 -102 68 34
1188 792 0 -99 66 33
1188 792 0 -96 64 32
1188 792 0 -93 62 31
1188 792 0 -90 60 30
1188 792 0 -87 58 29
1188 792 0 -84 56 28
1188 792 0 -81 54 27
1188 792 0 -78 52 26
1188 792 0 -75 50 25
1188 792 0 -72 48 24
1188 792 0 -69 46 23
1188 792 0 -66 44 22
1188 792 0 -63 42 21
1188 792 0 -60 40 20
1188 792 0 -57 38 19
1188 792 0 -54 36 18
1188 792 0 -51 34 17
1188 792 0 -48 32 16
1188 792 0 -45 30 15
1188 792 0 -42 28 14
1188 792 0 -39 26 13
1188 792 0 -36 24 12
1188 792 0 -33 22 11
1188 792 0 -30 20 10
1188 792 0 -27 18 9
1188 792 0 -24 16 8
1188 792 0 -21 14 7
1188 792 0 -18 12 6
1188 792 0 -15 10 5
1188 792 0 -12 8 4
1188 792 0 -9 6 3
1188 792 0 -6 4 2
1188 792 0 -3 2 1
1188 792 0 3 -2 -1
1188 792 0 6 -4 -2
1188 792 0 9 -6 -3
1188 792 0 12 -8 -4
1188 792 0 15 -10 -5
1188 792 0 18 -12 -6
1188 792 0 21 -14 -7
1188 792 0 24 -16 -8
1188 792 0 27 -18 -9
1188 792 0 30 -20 -10
1188 792 0 33 -22 -11
1188 792 0 36 -24 -12
1188 792 0 39 -26 -13
1188 792 0 42 -28 -14
1188 792 0 45 -30 -15
1188 792 0 48 -32 -16
1188 792 0 51 -34 -17
1188 792 0 54 -36 -18
1188 792 0 57 -38 -19
1188 792 0 60 -40 -20
1188 792 0 63 -42 -21
1188 792 0 66 -44 -22
1188 792 0 69 -46 -23
1188 792 0 72 -48 -24
1188 792 0 75 -50 -25
1188 792 0 78 -52 -26
1188 792 0 81 -54 -27
1188 792 0 84 -56 -28
1188 792 0 87 -58 -29
1188 792 0 90 -60 -30
1188 792 0 93 -62 -31
1188 792 0 96 -64 -32
1188 792 0 99 -66 -33
1188 792 0 102 -68 -34
1188 792 0 105 -70 -35
1188 792 0 108 -72 -36
1188 792 0 111 -74 -37
1188 792 0 114 -76 -38
1188 792 0 117 -78 -39
1188 792 0 120 -80 -40
1188 792 0 123 -82 -41
1188 792 0 126 -84 -42
1188 792 0 129 -86 -43
1188 792 0 132 -88 -44
1188 792 0 135 -90 -45
1188 792 0 138 -92 -46
1188 792 0 141 -94 -47
1188 792 0 144 -96 -48
1188 792 0 147 -98 -49
1188 792 0 150 -100 -50
1191 794 0 -150 100 50
1191 794 0 -147 98 49
1191 794 0 -144 96 48
1191 794 0 -141 94 47
1191 794 0 -138 92 46
1191 794 0 -135 90 45
1191 794 0 -132 88 44
1191 794 0 -129 86 43
1191 794 0 -126 84 42
1191 794 0 -123 82 41
1191 794 0 -120 80 40
1191 794 0 -117 78 39
1191 794 0 -114 76 38
1191 794 0 -111 74 37
1191 794 0 -108 72 36
1191 794 0 -105 70 35
1191 794 0 -102 68 34
1191 794 0 -99 66 33
1191 794 0 -96 64 32
1191 794 0 -93 62 31
1191 794 0 -90 60 30
1191 794 0 -87 58 29
1191 794 0 -84 56 28
1191 794 0 -81 54 27
1191 794 0 -78 52 26
1191 794 0 -75 50 25
1191 794 0 -72 48 24
1191 794 0 -69 46 23
1191 794 0 -66 44 22
1191 794 0 -63 42 21
1191 794 0 -60 40 20
1191 794 0 -57 38 19
1191 794 0 -54 36 18
1191 794 0 -51 34 17
1191 794 0 -48 32 16
1191 794 0 -45 30 15
1191 794 0 -42 28 14
1191 794 0 -39 26 13
1191 794 0 -36 24 12
1191 794 0 -33 22 11
1191 794 0 -30 20 10
1191 794 0 -27 18 9
1191 794 0 -24 16 8
1191 794 0 -21 14 7
1191 794 0 -18 12 6
1191 794 0 -15 10 5
1191 794 0 -12 8 4
1191 794 0 -9 6 3
1191 794 0 -6 4 2
1191 794 0 -3 2 1
1191 794 0 3 -2 -1
1191 794 0 6 -4 -2
1191 794 0 9 -6 -3
1191 794 0 12 -8 -4
1191 794 0 15 -10 -5
1191 794 0 18 -12 -6
1191 794 0 21 -14 -7
1191 794 0 24 -16 -8
1191 794 0 27 -18 -9
1191 794 0 30 -20 -10
1191 794 0 33 -22 -11
1191 794 0 36 -24 -12
1191 794 0 39 -26 -13
1191 794 0 42 -28 -14
1191 794 0 45 -30 -15
1191 794 0 48 -32 -16
1191 794 0 51 -34 -17
1191 794 0 54 -36 -18
1191 794 0 57 -38 -19
1191 794 0 60 -40 -20
1191 794 0 63 -42 -21
1191 794 0 66 -44 -22
1191 794 0 69 -46 -23
1191 794 0 72 -48 -24
1191 794 0 75 -50 -25
1191 794 0 78 -52 -26
1191 794 0 81 -54 -27
1191 794 0 84 -56 -28
1191 794 0 87 -58 -29
1191 794 0 90 -60 -30
1191 794 0 93 -62 -31
1191 794 0 96 -64 -32
1191 794 0 99 -66 -33
1191 794 0 102 -68 -34
1191 794 0 105 -70 -35
1191 794 0 108 -72 -36
1191 794 0 111 -74 -37
1191 794 0 114 -76 -38
1191 794 0 117 -78 -39
1191 794 0 120 -80 -40
1191 794 0 123 -82 -41
1191 794 0 126 -84 -42
1191 794 0 129 -86 -43
1191 794 0 132 -88 -44
1191 794 0 135 -90 -45
1191 794 0 138 -92 -46
1191 794 0 141 -94 -47
1191 794 0 144 -96 -48
1191 794 0 147 -98 -49
1191 794 0 150 -100 -50
1194 796 0 -150 100 50
1194 796 0 -147 98 49
1194 796 0 -144 96 48
1194 796 0 -141 94 47
1194 796 0 -138 92 46
1194 796 0 -135 90 45
1194 796 0 -132 88 44
1194 796 0 -129 86 43
1194 796 0 -126 84 42
1194 796 0 -123 82 41
1194 796 0 -120 80 40
1194 796 0 -117 78 39
1194 796 0 -114 76 38
1194 796 0 -111 74 37
1194 796 0 -108 72 36
1194 796 0 -105 70 35
1194 796 0 -102 68 34
1194 796 0 -99 66 33
1194 796 0 -96 64 32
1194 796 0 -93 62 31
1194 796 0 -90 60 30
1194 796 0 -87 58 29
1194 796 0 -84 56 28
1194 796 0 -81 54 27
1194 796 0 -78 52 26
1194 796 0 -75 50 25
1194 796 0 -72 48 24
1194 796 0 -69 46 23
1194 796 0 -66 44 22
1194 796 0 -63 42 21
1194 796 0 -60 40 20
1194 796 0 -57 38 19
1194 796 0 -54 36 18
1194 796 0 -51 34 17
1194 796 0 -48 32 16
1194 796 0 -45 30 15
1194 796 0 -42 28 14
1194 796 0 -39 26 13
1194 796 0 -36 24 12
1194 796 0 -33 22 11
1194 796 0 -30 20 10
1194 796 0 -27 18 9
1194 796 0 -24 16 8
1194 796 0 -21 14 7
1194 796 0 -18 12 6
1194 796 0 -15 10 5
1194 796 0 -12 8 4
1194 796 0 -9 6 3
1194 796 0 -6 4 2
1194 796 0 -3 2 1
1194 796 0 3 -2 -1
1194 796 0 6 -4 -2
1194 796 0 9 -6 -3
1194 796 0 12 -8 -4
1194 796 0 15 -10 -5
1194 796 0 18 -12 -6
1194 796 0 21 -14 -7
1194 796 0 24 -16 -8
1194 796 0 27 -18 -9
1194 796 0 30 -20 -10
1194 796 0 33 -22 -11
1194 796 0 36 -24 -12
1194 796 0 39 -26 -13
1194 796 0 42 -28 -14
1194 796 0 45 -30 -15
1194 796 0 48 -32 -16
1194 796 0 51 -34 -17
1194 796 0 54 -36 -18
1194 796 0 57 -38 -19
1194 796 0 60 -40 -20
1194 796 0 63 -42 -21
1194 796 0 66 -44 -22
1194 796 0 69 -46 -23
1194 796 0 72 -48 -24
1194 796 0 75 -50 -25
1194 796 0 78 -52 -26
1194 796 0 81 -54 -27
1194 796 0 84 -56 -28
1194 796 0 87 -58 -29
1194 796 0 90 -60 -30
1194 796 0 93 -62 -31
1194 796 0 96 -64 -32
1194 796 0 99 -66 -33
1194 796 0 102 -68 -34
1194 796 0 105 -70 -35
1194 796 0 108 -72 -36
1194 796 0 111 -74 -37
1194 796 0 114 -76 -38
1194 796 0 117 -78 -39
1194 796 0 120 -80 -40
1194 796 0 123 -82 -41
1194 796 0 126 -84 -42
1194 796 0 129 -86 -43
1194 796 0 132 -88 -44
1194 796 0 135 -90 -45
1194 796 0 138 -92 -46
1194 796 0 141 -94 -47
1194 796 0 144 -96 -48
1194 796 0 147 -98 -49
1194 796 0 150 -100 -50
1197 798 0 -150 100 50
1197 798 0 -147 98 49
1197 798 0 -144 96 48
1197 798 0 -141 94 47
1197 798 0 -138 92 46
1197 798 0 -135 90 45
1197 798 0 -132 88 44
1197 798 0 -129 86 43
1197 798 0 -126 84 42
1197 798 0 -123 82 41
1197 798 0 -120 80 40
1197 798 0 -117 78 39
1197 798 0 -114 76 38
1197 798 0 -111 74 37
1197 798 0 -108 72 36
1197 798 0 -105 70 35
1197 798 0 -102 68 34
1197 798 0 -99 66 33
1197 798 0 -96 64 32
1197 798 0 -93 62 31
1197 798 0 -90 60 30
1197 798 0 -87 58 29
1197 798 0 -84 56 28
1197 798 0 -81 54 27
1197 798 0 -78 52 26
1197 798 0 -75 50 25
1197 798 0 -72 48 24
1197 798 0 -69 46 23
1197 798 0 -66 44 22
1197 798 0 -63 42 21
1197 798 0 -60 40 20
1197 798 0 -57 38 19
1197 798 0 -54 36 18
1197 798 0 -51 34 17
1197 798 0 -48 32 16
1197 798 0 -45 30 15
1197 798 0 -42 28 14
1197 798 0 -39 26 13
1197 798 0 -36 24 12
1197 798 0 -33 22 11
1197 798 0 -30 20 10
1197 798 0 -27 18 9
1197 798 0 -24 16 8
1197 798 0 -21 14 7
1197 798 0 -18 12 6
1197 798 0 -15 10 5
1197 798 0 -12 8 4
1197 798 0 -9 6 3
1197 798 0 -6 4 2
1197 798 0 -3 2 1
1197 798 0 3 -2 -1
1197 798 0 6 -4 -2
1197 798 0 9 -6 -3
1197 798 0 12 -8 -4
1197 798 0 15 -10 -5
1197 798 0 18 -12 -6
1197 798 0 21 -14 -7
1197 798 0 24 -16 -8
1197 798 0 27 -18 -9
1197 798 0 30 -20 -10
1197 798 0 33 -22 -11
1197 798 0 36 -24 -12
1197 798 0 39 -26 -13
1197 798 0 42 -28 -14
1197 798 0 45 -30 -15
1197 798 0 48 -32 -16
1197 798 0 51 -34 -17
1197 798 0 54 -36 -18
1197 798 0 57 -38 -19
1197 798 0 60 -40 -20
1197 798 0 63 -42 -21
1197 798 0 66 -44 -22
1197 798 0 69 -46 -23
1197 798 0 72 -48 -24
1197 798 0 75 -50 -25
1197 798 0 78 -52 -26
1197 798 0 81 -54 -27
1197 798 0 84 -56 -28
1197 798 0 87 -58 -29
1197 798 0 90 -60 -30
1197 798 0 93 -62 -31
1197 798 0 96 -64 -32
1197 798 0 99 -66 -33
1197 798 0 102 -68 -34
1197 798 0 105 -70 -35
1197 798 0 108 -72 -36
1197 798 0 111 -74 -37
1197 798 0 114 -76 -38
1197 798 0 117 -78 -39
1197 798 0 120 -80 -40
1197 798 0 123 -82 -41
1197 798 0 126 -84 -42
1197 798 0 129 -86 -43
1197 798 0 132 -88 -44
1197 798 0 135 -90 -45
1197 798 0 138 -92 -46
1197 798 0 141 -94 -47
1197 798 0 144 -96 -48
1197 798 0 147 -98 -49
1197 798 0 150 -100 -50
1200 800 0 -150 100 50
1200 800 0 -147 98 49
1200 800 0 -144 96 48
1200 800 0 -141 94 47
1200 800 0 -138 92 46
1200 800 0 -135 90 45
1200 800 0 -132 88 44
1200 800 0 -129 86 43
1200 800 0 -126 84 42
1200 800 0 -123 82 41
1200 800 0 -120 80 40
1200 800 0 -117 78 39
1200 800 0 -114 76 38
1200 800 0 -111 74 37
1200 800 0 -108 72 36
1200 800 0 -105 70 35
1200 800 0 -102 68 34
1200 800 0 -99 66 33
1200 800 0 -96 64 32
1200 800 0 -93 62 31
1200 800 0 -90 60 30
1200 800 0 -87 58 29
1200 800 0 -84 56 28
1200 800 0 -81 54 27
1200 800 0 -78 52 26
1200 800 0 -75 50 25
1200 800 0 -72 48 24
1200 800 0 -69 46 23
1200 800 0 -66 44 22
1200 800 0 -63 42 21
1200 800 0 -60 40 20
1200 800 0 -57 38 19
1200 800 0 -54 36 18
1200 800 0 -51 34 17
1200 800 0 -48 32 16
1200 800 0 -45 30 15
1200 800 0 -42 28 14
1200 800 0 -39 26 13
1200 800 0 -36 24 12
1200 800 0 -33 22 11
1200 800 0 -30 20 10
1200 800 0 -27 18 9
1200 800 0 -24 16 8
1200 800 0 -21 14 7
1200 800 0 -18 12 6
1200 800 0 -15 10 5
1200 800 0 -12 8 4
1200 800 0 -9 6 3
1200 800 0 -6 4 2
1200 800 0 -3 2 1
1200 800 0 3 -2 -1
1200 800 0 6 -4 -2
1200 800 0 9 -6 -3
1200 800 0 12 -8 -4
1200 800 0 15 -10 -5
1200 800 0 18 -12 -6
1200 800 0 21 -14 -7
1200 800 0 24 -16 -8
1200 800 0 27 -18 -9
1200 800 0 30 -20 -10
1200 800 0 33 -22 -11
1200 800 0 36 -24 -12
1200 800 0 39 -26 -13
1200 800 0 42 -28 -14
1200 800 0 45 -30 -15
1200 800 0 48 -32 -16
1200 800 0 51 -34 -17
1200 800 0 54 -36 -18
1200 800 0 57 -38 -19
1200 800 0 60 -40 -20
1200 800 0 63 -42 -21
1200 800 0 66 -44 -22
1200 800 0 69 -46 -23
1200 800 0 72 -48 -24
1200 800 0 75 -50 -25
1200 800 0 78 -52 -26
1200 800 0 81 -54 -27
1200 800 0 84 -56 -28
1200 800 0 87 -58 -29
1200 800 0 90 -60 -30
1200 800 0 93 -62 -31
1200 800 0 96 -64 -32
1200 800 0 99 -66 -33
1200 800 0 102 -68 -34
1200 800 0 105 -70 -35
1200 800 0 108 -72 -36
1200 800 0 111 -74 -37
1200 800 0 114 -76 -38
1200 800 0 117 -78 -39
1200 800 0 120 -80 -40
1200 800 0 123 -82 -41
1200 800 0 126 -84 -42
1200 800 0 129 -86 -43
1200 800 0 132 -88 -44
1200 800 0 135 -90 -45
1200 800 0 138 -92 -46
1200 800 0 141 -94 -47
1200 800 0 144 -96 -48
1200 800 0 147 -98 -49
1200 800 0 150 -100 -50
1203 802 0 -150 100 50
1203 802 0 -147 98 49
1203 802 0 -144 96 48
1203 802 0 -141 94 47
1203 802 0 -138 92 46
1203 802 0 -135 90 45
1203 802 0 -132 88 44
1203 802 0 -129 86 43
1203 802 0 -126 84 42
1203 802 0 -123 82 41
1203 802 0 -120 80 40
1203 802 0 -117 78 39
1203 802 0 -114 76 38
1203 802 0 -111 74 37
1203 802 0 -108 72 36
1203 802 0 -105 70 35
1203 802 0 -102 68 34
1203 802 0 -99 66 33
1203 802 0 -96 64 32
1203 802 0 -93 62 31
1203 802 0 -90 60 30
1203 802 0 -87 58 29
1203 802 0 -84 56 28
1203 802 0 -81 54 27
1203 802 0 -78 52 26
1203 802 0 -75 50 25
1203 802 0 -72 48 24
1203 802 0 -69 46 23
1203 802 0 -66 44 22
1203 802 0 -63 42 21
1203 802 0 -60 40 20
1203 802 0 -57 38 19
1203 802 0 -54 36 18
1203 802 0 -51 34 17
1203 802 0 -48 32 16
1203 802 0 -45 30 15
1203 802 0 -42 28 14
1203 802 0 -39 26 13
1203 802 0 -36 24 12
1203 802 0 -33 22 11
1203 802 0 -30 20 10
1203 802 0 -27 18 9
1203 802 0 -24 16 8
1203 802 0 -21 14 7
1203 802 0 -18 12 6
1203 802 0 -15 10 5
1203 802 0 -12 8 4
1203 802 0 -9 6 3
1203 802 0 -6 4 2
1203 802 0 -3 2 1
1203 802 0 3 -2 -1
1203 802 0 6 -4 -2
1203 802 0 9 -6 -3
1203 802 0 12 -8 -4
1203 802 0 15 -10 -5
1203 802 0 18 -12 -6
1203 802 0 21 -14 -7
1203 802 0 24 -16 -8
1203 802 0 27 -18 -9
1203 802 0 30 -20 -10
1203 802 0 33 -22 -11
1203 802 0 36 -24 -12
1203 802 0 39 -26 -13
1203 802 0 42 -28 -14
1203 802 0 45 -30 -15
1203 802 0 48 -32 -16
1203 802 0 51 -34 -17
1203 802 0 54 -36 -18
1203 802 0 57 -38 -19
1203 802 0 60 -40 -20
1203 802 0 63 -42 -21
1203 802 0 66 -44 -22
1203 802 0 69 -46 -23
1203 802 0 72 -48 -24
1203 802 0 75 -50 -25
1203 802 0 78 -52 -26
1203 802 0 81 -54 -27
1203 802 0 84 -56 -28
1203 802 0 87 -58 -29
1203 802 0 90 -60 -30
1203 802 0 93 -62 -31
1203 802 0 96 -64 -32
1203 802 0 99 -66 -33
1203 802 0 102 -68 -34
1203 802 0 105 -70 -35
1203 802 0 108 -72 -36
1203 802 0 111 -74 -37
1203 802 0 114 -76 -38
1203 802 0 117 -78 -39
1203 802 0 120 -80 -40
1203 802 0 123 -82 -41
1203 802 0 126 -84 -42
1203 802 0 129 -86 -43
1203 802 0 132 -88 -44
1203 802 0 135 -90 -45
1203 802 0 138 -92 -46
1203 802 0 141 -94 -47
1203 802 0 144 -96 -48
1203 802 0 147 -98 -49
1203 802 0 150 -100 -50
1206 804 0 -150 100 50
1206 804 0 -147 98 49
1206 804 0 -144 96 48
1206 804 0 -141 94 47
1206 804 0 -138 92 46
1206 804 0 -135 90 45
1206 804 0 -132 88 44
1206 804 0 -129 86 43
1206 804 0 -126 84 42
1206 804 0 -123 82 41
1206 804 0 -120 80 40
1206 804 0 -117 78 39
1206 804 0 -114 76 38
1206 804 0 -111 74 37
1206 804 0 -108 72 36
1206 804 0 -105 70 35
1206 804 0 -102 68 34
1206 804 0 -99 66 33
1206 804 0 -96 64 32
1206 804 0 -93 62 31
1206 804 0 -90 60 30
1206 804 0 -87 58 29
1206 804 0 -84 56 28
1206 804 0 -81 54 27
1206 804 0 -78 52 26
1206 804 0 -75 50 25
1206 804 0 -72 48 24
1206 804 0 -69 46 23
1206 804 0 -66 44 22
1206 804 0 -63 42 21
1206 804 0 -60 40 20
1206 804 0 -57 38 19
1206 804 0 -54 36 18
1206 804 0 -51 34 17
1206 804 0 -48 32 16
1206 804 0 -45 30 15
1206 804 0 -42 28 14
1206 804 0 -39 26 13
1206 804 0 -36 24 12
1206 804 0 -33 22 11
1206 804 0 -30 20 10
1206 804 0 -27 18 9
1206 804 0 -24 16 8
1206 804 0 -21 14 7
1206 804 0 -18 12 6
1206 804 0 -15 10 5
1206 804 0 -12 8 4
1206 804 0 -9 6 3
1206 804 0 -6 4 2
1206 804 0 -3 2 1
1206 804 0 3 -2 -1
1206 804 0 6 -4 -2
1206 804 0 9 -6 -3
1206 804 0 12 -8 -4
1206 804 0 15 -10 -5
1206 804 0 18 -12 -6
1206 804 0 21 -14 -7
1206 804 0 24 -16 -8
1206 804 0 27 -18 -9
1206 804 0 30 -20 -10
1206 804 0 33 -22 -11
1206 804 0 36 -24 -12
1206 804 0 39 -26 -13
1206 804 0 42 -28 -14
1206 804 0 45 -30 -15
1206 804 0 48 -32 -16
1206 804 0 51 -34 -17
1206 804 0 54 -36 -18
1206 804 0 57 -38 -19
1206 804 0 60 -40 -20
1206 804 0 63 -42 -21
1206 804 0 66 -44 -22
1206 804 0 69 -46 -23
1206 804 0 72 -48 -24
1206 804 0 75 -50 -25
1206 804 0 78 -52 -26
1206 804 0 81 -54 -27
1206 804 0 84 -56 -28
1206 804 0 87 -58 -29
1206 804 0 90 -60 -30
1206 804 0 93 -62 -31
1206 804 0 96 -64 -32
1206 804 0 99 -66 -33
1206 804 0 102 -68 -34
1206 804 0 105 -70 -35
1206 804 0 108 -72 -36
1206 804 0 111 -74 -37
1206 804 0 114 -76 -38
1206 804 0 117 -78 -39
1206 804 0 120 -80 -40
1206 804 0 123 -82 -41
1206 804 0 126 -84 -42
1206 804 0 129 -86 -43
1206 804 0 132 -88 -44
1206 804 0 135 -90 -45
1206 804 0 138 -92 -46
1206 804 0 141 -94 -47
1206 804 0 144 -96 -48
1206 804 0 147 -98 -49
1206 804 0 150 -100 -50
1209 806 0 -150 100 50
1209 806 0 -147 98 49
1209 806 0 -144 96 48
1209 806 0 -141 94 47
1209 806 0 -138 92 46
1209 806 0 -135 90 45
1209 806 0 -132 88 44
1209 806 0 -129 86 43
1209 806 0 -126 84 42
1209 806 0 -123 82 41
1209 806 0 -120 80 40
1209 806 0 -117 78 39
1209 806 0 -114 76 38
1209 806 0 -111 74 37
1209 806 0 -108 72 36
1209 806 0 -105 70 35
1209 806 0 -102 68 34
1209 806 0 -99 66 33
1209 806 0 -96 64 32
1209 806 0 -93 62 31
1209 806 0 -90 60 30
1209 806 0 -87 58 29
1209 806 0 -84 56 28
1209 806 0 -81 54 27
1209 806 0 -78 52 26
1209 806 0 -75 50 25
1209 806 0 -72 48 24
1209 806 0 -69 46 23
1209 806 0 -66 44 22
1209 806 0 -63 42 21
1209 806 0 -60 40 20
1209 806 0 -57 38 19
1209 806 0 -54 36 18
1209 806 0 -51 34 17
1209 806 0 -48 32 16
1209 806 0 -45 30 15
1209 806 0 -42 28 14
1209 806 0 -39 26 13
1209 806 0 -36 24 12
1209 806 0 -33 22 11
1209 806 0 -30 20 10
1209 806 0 -27 18 9
1209 806 0 -24 16 8
1209 806 0 -21 14 7
1209 806 0 -18 12 6
1209 806 0 -15 10 5
1209 806 0 -12 8 4
1209 806 0 -9 6 3
1209 806 0 -6 4 2
1209 806 0 -3 2 1
1209 806 0 3 -2 -1
1209 806 0 6 -4 -2
1209 806 0 9 -6 -3
1209 806 0 12 -8 -4
1209 806 0 15 -10 -5
1209 806 0 18 -12 -6
1209 806 0 21 -14 -7
1209 806 0 24 -16 -8
1209 806 0 27 -18 -9
1209 806 0 30 -20 -10
1209 806 0 33 -22 -11
1209 806 0 36 -24 -12
1209 806 0 39 -26 -13
1209 806 0 42 -28 -14
1209 806 0 45 -30 -15
1209 806 0 48 -32 -16
1209 806 0 51 -34 -17
1209 806 0 54 -36 -18
1209 806 0 57 -38 -19
1209 806 0 60 -40 -20
1209 806 0 63 -42 -21
1209 806 0 66 -44 -22
1209 806 0 69 -46 -23
1209 806 0 72 -48 -24
1209 806 0 75 -50 -25
1209 806 0 78 -52 -26
1209 806 0 81 -54 -27
1209 806 0 84 -56 -28
1209 806 0 87 -58 -29
1209 806 0 90 -60 -30
1209 806 0 93 -62 -31
1209 806 0 96 -64 -32
1209 806 0 99 -66 -33
1209 806 0 102 -68 -34
1209 806 0 105 -70 -35
1209 806 0 108 -72 -36
1209 806 0 111 -74 -37
1209 806 0 114 -76 -38
1209 806 0 117 -78 -39
1209 806 0 120 -80 -40
1209 806 0 123 -82 -41
1209 806 0 126 -84 -42
1209 806 0 129 -86 -43
1209 806 0 132 -88 -44
1209 806 0 135 -90 -45
1209 806 0 138 -92 -46
1209 806 0 141 -94 -47
1209 806 0 144 -96 -48
1209 806 0 147 -98 -49
1209 806 0 150 -100 -50
1212 808 0 -150 100 50
1212 808 0 -147 98 49
1212 808 0 -144 96 48
1212 808 0 -141 94 47
1212 808 0 -138 92 46
1212 808 0 -135 90 45
1212 808 0 -132 88 44
1212 808 0 -129 86 43
1212 808 0 -126 84 42
1212 808 0 -123 82 41
1212 808 0 -120 80 40
1212 808 0 -117 78 39
1212 808 0 -114 76 38
1212 808 0 -111 74 37
1212 808 0 -108 72 36
1212 808 0 -105 70 35
1212 808 0 -102 68 34
1212 808 0 -99 66 33
1212 808 0 -96 64 32
1212 808 0 -93 62 31
1212 808 0 -90 60 30
1212 808 0 -87 58 29
1212 808 0 -84 56 28
1212 808 0 -81 54 27
1212 808 0 -78 52 26
1212 808 0 -75 50 25
1212 808 0 -72 48 24
1212 808 0 -69 46 23
1212 808 0 -66 44 22
1212 808 0 -63 42 21
1212 808 0 -60 40 20
1212 808 0 -57 38 19
1212 808 0 -54 36 18
1212 808 0 -51 34 17
1212 808 0 -48 32 16
1212 808 0 -45 30 15
1212 808 0 -42 28 14
1212 808 0 -39 26 13
1212 808 0 -36 24 12
1212 808 0 -33 22 11
1212 808 0 -30 20 10
1212 808 0 -27 18 9
1212 808 0 -24 16 8
1212 808 0 -21 14 7
1212 808 0 -18 12 6
1212 808 0 -15 10 5
1212 808 0 -12 8 4
1212 808 0 -9 6 3
1212 808 0 -6 4 2
1212 808 0 -3 2 1
1212 808 0 3 -2 -1
1212 808 0 6 -4 -2
1212 808 0 9 -6 -3
1212 808 0 12 -8 -4
1212 808 0 15 -10 -5
1212 808 0 18 -12 -6
1212 808 0 21 -14 -7
1212 808 0 24 -16 -8
1212 808 0 27 -18 -9
1212 808 0 30 -20 -10
1212 808 0 33 -22 -11
1212 808 0 36 -24 -12
1212 808 0 39 -26 -13
1212 808 0 42 -28 -14
1212 808 0 45 -30 -15
1212 808 0 48 -32 -16
1212 808 0 51 -34 -17
1212 808 0 54 -36 -18
1212 808 0 57 -38 -19
1212 808 0 60 -40 -20
1212 808 0 63 -42 -21
1212 808 0 66 -44 -22
1212 808 0 69 -46 -23
1212 808 0 72 -48 -24
1212 808 0 75 -50 -25
1212 808 0 78 -52 -26
1212 808 0 81 -54 -27
1212 808 0 84 -56 -28
1212 808 0 87 -58 -29
1212 808 0 90 -60 -30
1212 808 0 93 -62 -31
1212 808 0 96 -64 -32
1212 808 0 99 -66 -33
1212 808 0 102 -68 -34
1212 808 0 105 -70 -35
1212 808 0 108 -72 -36
1212 808 0 111 -74 -37
1212 808 0 114 -76 -38
1212 808 0 117 -78 -39
1212 808 0 120 -80 -40
1212 808 0 123 -82 -41
1212 808 0 126 -84 -42
1212 808 0 129 -86 -43
1212 808 0 132 -88 -44
1212 808 0 135 -90 -45
1212 808 0 138 -92 -46
1212 808 0 141 -94 -47
1212 808 0 144 -96 -48
1212 808 0 147 -98 -49
1212 808 0 150 -100 -50
1215 810 0 -150 100 50
1215 810 0 -147 98 49
1215 810 0 -144 96 48
1215 810 0 -141 94 47
1215 810 0 -138 92 46
1215 810 0 -135 90 45
1215 810 0 -132 88 44
1215 810 0 -129 86 43
1215 810 0 -126 84 42
1215 810 0 -123 82 41
1215 810 0 -120 80 40
1215 810 0 -117 78 39
1215 810 0 -114 76 38
1215 810 0 -111 74 37
1215 810 0 -108 72 36
1215 810 0 -105 70 35
1215 810 0 -102 68 34
1215 810 0 -99 66 33
1215 810 0 -96 64 32
1215 810 0 -93 62 31
1215 810 0 -90 60 30
1215 810 0 -87 58 29
1215 810 0 -84 56 28
1215 810 0 -81 54 27
1215 810 0 -78 52 26
1215 810 0 -75 50 25
1215 810 0 -72 48 24
1215 810 0 -69 46 23
1215 810 0 -66 44 22
1215 810 0 -63 42 21
1215 810 0 -60 40 20
1215 810 0 -57 38 19
1215 810 0 -54 36 18
1215 810 0 -51 34 17
1215 810 0 -48 32 16
1215 810 0 -45 30 15
1215 810 0 -42 28 14
1215 810 0 -39 26 13
1215 810 0 -36 24 12
1215 810 0 -33 22 11
1215 810 0 -30 20 10
1215 810 0 -27 18 9
1215 810 0 -24 16 8
1215 810 0 -21 14 7
1215 810 0 -18 12 6
1215 810 0 -15 10 5
1215 810 0 -12 8 4
1215 810 0 -9 6 3
1215 810 0 -6 4 2
1215 810 0 -3 2 1
1215 810 0 3 -2 -1
1215 810 0 6 -4 -2
1215 810 0 9 -6 -3
1215 810 0 12 -8 -4
1215 810 0 15 -10 -5
1215 810 0 18 -12 -6
1215 810 0 21 -14 -7
1215 810 0 24 -16 -8
1215 810 0 27 -18 -9
1215 810 0 30 -20 -10
1215 810 0 33 -22 -11
1215 810 0 36 -24 -12
1215 810 0 39 -26 -13
1215 810 0 42 -28 -14
1215 810 0 45 -30 -15
1215 810 0 48 -32 -16
1215 810 0 51 -34 -17
1215 810 0 54 -36 -18
1215 810 0 57 -38 -19
1215 810 0 60 -40 -20
1215 810 0 63 -42 -21
1215 810 0 66 -44 -22
1215 810 0 69 -46 -23
1215 810 0 72 -48 -24
1215 810 0 75 -50 -25
1215 810 0 78 -52 -26
1215 810 0 81 -54 -27
1215 810 0 84 -56 -28
1215 810 0 87 -58 -29
1215 810 0 90 -60 -30
1215 810 0 93 -62 -31
1215 810 0 96 -64 -32
1215 810 0 99 -66 -33
1215 810 0 102 -68 -34
1215 810 0 105 -70 -35
1215 810 0 108 -72 -36
1215 810 0 111 -74 -37
1215 810 0 114 -76 -38
1215 810 0 117 -78 -39
1215 810 0 120 -80 -40
1215 810 0 123 -82 -41
1215 810 0 126 -84 -42
1215 810 0 129 -86 -43
1215 810 0 132 -88 -44
1215 810 0 135 -90 -45
1215 810 0 138 -92 -46
1215 810 0 141 -94 -47
1215 810 0 144 -96 -48
1215 810 0 147 -98 -49
1215 810 0 150 -100 -50
1218 812 0 -150 100 50
1218 812 0 -147 98 49
1218 812 0 -144 96 48
1218 812 0 -141 94 47
1218 812 0 -138 92 46
1218 812 0 -135 90 45
1218 812 0 -132 88 44
1218 812 0 -129 86 43
1218 812 0 -126 84 42
1218 812 0 -123 82 41
1218 812 0 -120 80 40
1218 812 0 -117 78 39
1218 812 0 -114 76 38
1218 812 0 -111 74 37
1218 812 0 -108 72 36
1218 812 0 -105 70 35
1218 812 0 -102 68 34
1218 812 0 -99 66 33
1218 812 0 -96 64 32
1218 812 0 -93 62 31
1218 812 0 -90 60 30
1218 812 0 -87 58 29
1218 812 0 -84 56 28
1218 812 0 -81 54 27
1218 812 0 -78 52 26
1218 812 0 -75 50 25
1218 812 0 -72 48 24
1218 812 0 -69 46 23
1218 812 0 -66 44 22
1218 812 0 -63 42 21
1218 812 0 -60 40 20
1218 812 0 -57 38 19
1218 812 0 -54 36 18
1218 812 0 -51 34 17
1218 812 0 -48 32 16
1218 812 0 -45 30 15
1218 812 0 -42 28 14
1218 812 0 -39 26 13
1218 812 0 -36 24 12
1218 812 0 -33 22 11
1218 812 0 -30 20 10
1218 812 0 -27 18 9
1218 812 0 -24 16 8
1218 812 0 -21 14 7
1218 812 0 -18 12 6
1218 812 0 -15 10 5
1218 812 0 -12 8 4
1218 812 0 -9 6 3
1218 812 0 -6 4 2
1218 812 0 -3 2 1
1218 812 0 3 -2 -1
1218 812 0 6 -4 -2
1218 812 0 9 -6 -3
1218 812 0 12 -8 -4
1218 812 0 15 -10 -5
1218 812 0 18 -12 -6
1218 812 0 21 -14 -7
1218 812 0 24 -16 -8
1218 812 0 27 -18 -9
1218 812 0 30 -20 -10
1218 812 0 33 -22 -11
1218 812 0 36 -24 -12
1218 812 0 39 -26 -13
1218 812 0 42 -28 -14
1218 812 0 45 -30 -15
1218 812 0 48 -32 -16
1218 812 0 51 -34 -17
1218 812 0 54 -36 -18
1218 812 0 57 -38 -19
1218 812 0 60 -40 -20
1218 812 0 63 -42 -21
1218 812 0 66 -44 -22
1218 812 0 69 -46 -23
1218 812 0 72 -48 -24
1218 812 0 75 -50 -25
1218 812 0 78 -52 -26
1218 812 0 81 -54 -27
1218 812 0 84 -56 -28
1218 812 0 87 -58 -29
1218 812 0 90 -60 -30
1218 812 0 93 -62 -31
1218 812 0 96 -64 -32
1218 812 0 99 -66 -33
1218 812 0 102 -68 -34
1218 812 0 105 -70 -35
1218 812 0 108 -72 -36
1218 812 0 111 -74 -37
1218 812 0 114 -76 -38
1218 812 0 117 -78 -39
1218 812 0 120 -80 -40
1218 812 0 123 -82 -41
1218 812 0 126 -84 -42
1218 812 0 129 -86 -43
1218 812 0 132 -88 -44
1218 812 0 135 -90 -45
1218 812 0 138 -92 -46
1218 812 0 141 -94 -47
1218 812 0 144 -96 -48
1218 812 0 147 -98 -49
1218 812 0 150 -100 -50
1221 814 0 -150 100 50
1221 814 0 -147 98 49
1221 814 0 -144 96 48
1221 814 0 -141 94 47
1221 814 0 -138 92 46
1221 814 0 -135 90 45
1221 814 0 -132 88 44
1221 814 0 -129 86 43
1221 814 0 -126 84 42
1221 814 0 -123 82 41
1221 814 0 -120 80 40
1221 814 0 -117 78 39
1221 814 0 -114 76 38
1221 814 0 -111 74 37
1221 814 0 -108 72 36
1221 814 0 -105 70 35
1221 814 0 -102 68 34
1221 814 0 -99 66 33
1221 814 0 -96 64 32
1221 814 0 -93 62 31
1221 814 0 -90 60 30
1221 814 0 -87 58 29
1221 814 0 -84 56 28
1221 814 0 -81 54 27
1221 814 0 -78 52 26
1221 814 0 -75 50 25
1221 814 0 -72 48 24
1221 814 0 -69 46 23
1221 814 0 -66 44 22
1221 814 0 -63 42 21
1221 814 0 -60 40 20
1221 814 0 -57 38 19
1221 814 0 -54 36 18
1221 814 0 -51 34 17
1221 814 0 -48 32 16
1221 814 0 -45 30 15
1221 814 0 -42 28 14
1221 814 0 -39 26 13
1221 814 0 -36 24 12
1221 814 0 -33 22 11
1221 814 0 -30 20 10
1221 814 0 -27 18 9
1221 814 0 -24 16 8
1221 814 0 -21 14 7
1221 814 0 -18 12 6
1221 814 0 -15 10 5
1221 814 0 -12 8 4
1221 814 0 -9 6 3
1221 814 0 -6 4 2
1221 814 0 -3 2 1
1221 814 0 3 -2 -1
1221 814 0 6 -4 -2
1221 814 0 9 -6 -3
1221 814 0 12 -8 -4
1221 814 0 15 -10 -5
1221 814 0 18 -12 -6
1221 814 0 21 -14 -7
1221 814 0 24 -16 -8
1221 814 0 27 -18 -9
1221 814 0 30 -20 -10
1221 814 0 33 -22 -11
1221 814 0 36 -24 -12
1221 814 0 39 -26 -13
1221 814 0 42 -28 -14
1221 814 0 45 -30 -15
1221 814 0 48 -32 -16
1221 814 0 51 -34 -17
1221 814 0 54 -36 -18
1221 814 0 57 -38 -19
1221 814 0 60 -40 -20
1221 814 0 63 -42 -21
1221 814 0 66 -44 -22
1221 814 0 69 -46 -23
1221 814 0 72 -48 -24
1221 814 0 75 -50 -25
1221 814 0 78 -52 -26
1221 814 0 81 -54 -27
1221 814 0 84 -56 -28
1221 814 0 87 -58 -29
1221 814 0 90 -60 -30
1221 814 0 93 -62 -31
1221 814 0 96 -64 -32
1221 814 0 99 -66 -33
1221 814 0 102 -68 -34
1221 814 0 105 -70 -35
1221 814 0 108 -72 -36
1221 814 0 111 -74 -37
1221 814 0 114 -76 -38
1221 814 0 117 -78 -39
1221 814 0 120 -80 -40
1221 814 0 123 -82 -41
1221 814 0 126 -84 -42
1221 814 0 129 -86 -43
1221 814 0 132 -88 -44
1221 814 0 135 -90 -45
1221 814 0 138 -92 -46
1221 814 0 141 -94 -47
1221 814 0 144 -96 -48
1221 814 0 147 -98 -49
1221 814 0 150 -100 -50
1224 816 0 -150 100 50
1224 816 0 -147 98 49
1224 816 0 -144 96 48
1224 816 0 -141 94 47
1224 816 0 -138 92 46
1224 816 0 -135 90 45
1224 816 0 -132 88 44
1224 816 0 -129 86 43
1224 816 0 -126 84 42
1224 816 0 -123 82 41
1224 816 0 -120 80 40
1224 816 0 -117 78 39
1224 816 0 -114 76 38
1224 816 0 -111 74 37
1224 816 0 -108 72 36
1224 816 0 -105 70 35
1224 816 0 -102 68 34
1224 816 0 -99 66 33
1224 816 0 -96 64 32
1224 816 0 -93 62 31
1224 816 0 -90 60 30
1224 816 0 -87 58 29
1224 816 0 -84 56 28
1224 816 0 -81 54 27
1224 816 0 -78 52 26
1224 816 0 -75 50 25
1224 816 0 -72 48 24
1224 816 0 -69 46 23
1224 816 0 -66 44 22
1224 816 0 -63 42 21
1224 816 0 -60 40 20
1224 816 0 -57 38 19
1224 816 0 -54 36 18
1224 816 0 -51 34 17
1224 816 0 -48 32 16
1224 816 0 -45 30 15
1224 816 0 -42 28 14
1224 816 0 -39 26 13
1224 816 0 -36 24 12
1224 816 0 -33 22 11
1224 816 0 -30 20 10
1224 816 0 -27 18 9
1224 816 0 -24 16 8
1224 816 0 -21 14 7
1224 816 0 -18 12 6
1224 816 0 -15 10 5
1224 816 0 -12 8 4
1224 816 0 -9 6 3
1224 816 0 -6 4 2
1224 816 0 -3 2 1
1224 816 0 3 -2 -1
1224 816 0 6 -4 -2
1224 816 0 9 -6 -3
1224 816 0 12 -8 -4
1224 816 0 15 -10 -5
1224 816 0 18 -12 -6
1224 816 0 21 -14 -7
1224 816 0 24 -16 -8
1224 816 0 27 -18 -9
1224 816 0 30 -20 -10
1224 816 0 33 -22 -11
1224 816 0 36 -24 -12
1224 816 0 39 -26 -13
1224 816 0 42 -28 -14
1224 816 0 45 -30 -15
1224 816 0 48 -32 -16
1224 816 0 51 -34 -17
1224 816 0 54 -36 -18
1224 816 0 57 -38 -19
1224 816 0 60 -40 -20
1224 816 0 63 -42 -21
1224 816 0 66 -44 -22
1224 816 0 69 -46 -23
1224 816 0 72 -48 -24
1224 816 0 75 -50 -25
1224 816 0 78 -52 -26
1224 816 0 81 -54 -27
1224 816 0 84 -56 -28
1224 816 0 87 -58 -29
1224 816 0 90 -60 -30
1224 816 0 93 -62 -31
1224 816 0 96 -64 -32
1224 816 0 99 -66 -33
1224 816 0 102 -68 -34
1224 816 0 105 -70 -35
1224 816 0 108 -72 -36
1224 816 0 111 -74 -37
1224 816 0 114 -76 -38
1224 816 0 117 -78 -39
1224 816 0 120 -80 -40
1224 816 0 123 -82 -41
1224 816 0 126 -84 -42
1224 816 0 129 -86 -43
1224 816 0 132 -88 -44
1224 816 0 135 -90 -45
1224 816 0 138 -92 -46
1224 816 0 141 -94 -47
1224 816 0 144 -96 -48
1224 816 0 147 -98 -49
1224 816 0 150 -100 -50
1227 818 0 -150 100 50
1227 818 0 -147 98 49
1227 818 0 -144 96 48
1227 818 0 -141 94 47
1227 818 0 -138 92 46
1227 818 0 -135 90 45
1227 818 0 -132 88 44
1227 818 0 -129 86 43
1227 818 0 -126 84 42
1227 818 0 -123 82 41
1227 818 0 -120 80 40
1227 818 0 -117 78 39
1227 818 0 -114 76 38
1227 818 0 -111 74 37
1227 818 0 -108 72 36
1227 818 0 -105 70 35
1227 818 0 -102 68 34
1227 818 0 -99 66 33
1227 818 0 -96 64 32
1227 818 0 -93 62 31
1227 818 0 -90 60 30
1227 818 0 -87 58 29
1227 818 0 -84 56 28
1227 818 0 -81 54 27
1227 818 0 -78 52 26
1227 818 0 -75 50 25
1227 818 0 -72 48 24
1227 818 0 -69 46 23
1227 818 0 -66 44 22
1227 818 0 -63 42 21
1227 818 0 -60 40 20
1227 818 0 -57 38 19
1227 818 0 -54 36 18
1227 818 0 -51 34 17
1227 818 0 -48 32 16
1227 818 0 -45 30 15
1227 818 0 -42 28 14
1227 818 0 -39 26 13
1227 818 0 -36 24 12
1227 818 0 -33 22 11
1227 818 0 -30 20 10
1227 818 0 -27 18 9
1227 818 0 -24 16 8
1227 818 0 -21 14 7
1227 818 0 -18 12 6
1227 818 0 -15 10 5
1227 818 0 -12 8 4
1227 818 0 -9 6 3
1227 818 0 -6 4 2
1227 818 0 -3 2 1
1227 818 0 3 -2 -1
1227 818 0 6 -4 -2
1227 818 0 9 -6 -3
1227 818 0 12 -8 -4
1227 818 0 15 -10 -5
1227 818 0 18 -12 -6
1227 818 0 21 -14 -7
1227 818 0 24 -16 -8
1227 818 0 27 -18 -9
1227 818 0 30 -20 -10
1227 818 0 33 -22 -11
1227 818 0 36 -24 -12
1227 818 0 39 -26 -13
1227 818 0 42 -28 -14
1227 818 0 45 -30 -15
1227 818 0 48 -32 -16
1227 818 0 51 -34 -17
1227 818 0 54 -36 -18
1227 818 0 57 -38 -19
1227 818 0 60 -40 -20
1227 818 0 63 -42 -21
1227 818 0 66 -44 -22
1227 818 0 69 -46 -23
1227 818 0 72 -48 -24
1227 818 0 75 -50 -25
1227 818 0 78 -52 -26
1227 818 0 81 -54 -27
1227 818 0 84 -56 -28
1227 818 0 87 -58 -29
1227 818 0 90 -60 -30
1227 818 0 93 -62 -31
1227 818 0 96 -64 -32
1227 818 0 99 -66 -33
1227 818 0 102 -68 -34
1227 818 0 105 -70 -35
1227 818 0 108 -72 -36
1227 818 0 111 -74 -37
1227 818 0 114 -76 -38
1227 818 0 117 -78 -39
1227 818 0 120 -80 -40
1227 818 0 123 -82 -41
1227 818 0 126 -84 -42
1227 818 0 129 -86 -43
1227 818 0 132 -88 -44
1227 818 0 135 -90 -45
1227 818 0 138 -92 -46
1227 818 0 141 -94 -47
1227 818 0 144 -96 -48
1227 818 0 147 -98 -49
1227 818 0 150 -100 -50
1230 820 0 -150 100 50
1230 820 0 -147 98 49
1230 820 0 -144 96 48
1230 820 0 -141 94 47
1230 820 0 -138 92 46
1230 820 0 -135 90 45
1230 820 0 -132 88 44
1230 820 0 -129 86 43
1230 820 0 -126 84 42
1230 820 0 -123 82 41
1230 820 0 -120 80 40
1230 820 0 -117 78 39
1230 820 0 -114 76 38
1230 820 0 -111 74 37
1230 820 0 -108 72 36
1230 820 0 -105 70 35
1230 820 0 -102 68 34
1230 820 0 -99 66 33
1230 820 0 -96 64 32
1230 820 0 -93 62 31
1230 820 0 -90 60 30
1230 820 0 -87 58 29
1230 820 0 -84 56 28
1230 820 0 -81 54 27
1230 820 0 -78 52 26
1230 820 0 -75 50 25
1230 820 0 -72 48 24
1230 820 0 -69 46 23
1230 820 0 -66 44 22
1230 820 0 -63 42 21
1230 820 0 -60 40 20
1230 820 0 -57 38 19
1230 820 0 -54 36 18
1230 820 0 -51 34 17
1230 820 0 -48 32 16
1230 820 0 -45 30 15
1230 820 0 -42 28 14
1230 820 0 -39 26 13
1230 820 0 -36 24 12
1230 820 0 -33 22 11
1230 820 0 -30 20 10
1230 820 0 -27 18 9
1230 820 0 -24 16 8
1230 820 0 -21 14 7
1230 820 0 -18 12 6
1230 820 0 -15 10 5
1230 820 0 -12 8 4
1230 820 0 -9 6 3
1230 820 0 -6 4 2
1230 820 0 -3 2 1
1230 820 0 3 -2 -1
1230 820 0 6 -4 -2
1230 820 0 9 -6 -3
1230 820 0 12 -8 -4
1230 820 0 15 -10 -5
1230 820 0 18 -12 -6
1230 820 0 21 -14 -7
1230 820 0 24 -16 -8
1230 820 0 27 -18 -9
1230 820 0 30 -20 -10
1230 820 0 33 -22 -11
1230 820 0 36 -24 -12
1230 820 0 39 -26 -13
1230 820 0 42 -28 -14
1230 820 0 45 -30 -15
1230 820 0 48 -32 -16
1230 820 0 51 -34 -17
1230 820 0 54 -36 -18
1230 820 0 57 -38 -19
1230 820 0 60 -40 -20
1230 820 0 63 -42 -21
1230 820 0 66 -44 -22
1230 820 0 69 -46 -23
1230 820 0 72 -48 -24
1230 820 0 75 -50 -25
1230 820 0 78 -52 -26
1230 820 0 81 -54 -27
1230 820 0 84 -56 -28
1230 820 0 87 -58 -29
1230 820 0 90 -60 -30
1230 820 0 93 -62 -31
1230 820 0 96 -64 -32
1230 820 0 99 -66 -33
1230 820 0 102 -68 -34
1230 820 0 105 -70 -35
1230 820 0 108 -72 -36
1230 820 0 111 -74 -37
1230 820 0 114 -76 -38
1230 820 0 117 -78 -39
1230 820 0 120 -80 -40
1230 820 0 123 -82 -41
1230 820 0 126 -84 -42
1230 820 0 129 -86 -43
1230 820 0 132 -88 -44
1230 820 0 135 -90 -45
1230 820 0 138 -92 -46
1230 820 0 141 -94 -47
1230 820 0 144 -96 -48
1230 820 0 147 -98 -49
1230 820 0 150 -100 -50
1233 822 0 -150 100 50
1233 822 0 -147 98 49
1233 822 0 -144 96 48
1233 822 0 -141 94 47
1233 822 0 -138 92 46
1233 822 0 -135 90 45
1233 822 0 -132 88 44
1233 822 0 -129 86 43
1233 822 0 -126 84 42
1233 822 0 -123 82 41
1233 822 0 -120 80 40
1233 822 0 -117 78 39
1233 822 0 -114 76 38
1233 822 0 -111 74 37
1233 822 0 -108 72 36
1233 822 0 -105 70 35
1233 822 0 -102 68 34
1233 822 0 -99 66 33
1233 822 0 -96 64 32
1233 822 0 -93 62 31
1233 822 0 -90 60 30
1233 822 0 -87 58 29
1233 822 0 -84 56 28
1233 822 0 -81 54 27
1233 822 0 -78 52 26
1233 822 0 -75 50 25
1233 822 0 -72 48 24
1233 822 0 -69 46 23
1233 822 0 -66 44 22
1233 822 0 -63 42 21
1233 822 0 -60 40 20
1233 822 0 -57 38 19
1233 822 0 -54 36 18
1233 822 0 -51 34 17
1233 822 0 -48 32 16
1233 822 0 -45 30 15
1233 822 0 -42 28 14
1233 822 0 -39 26 13
1233 822 0 -36 24 12
1233 822 0 -33 22 11
1233 822 0 -30 20 10
1233 822 0 -27 18 9
1233 822 0 -24 16 8
1233 822 0 -21 14 7
1233 822 0 -18 12 6
1233 822 0 -15 10 5
1233 822 0 -12 8 4
1233 822 0 -9 6 3
1233 822 0 -6 4 2
1233 822 0 -3 2 1
1233 822 0 3 -2 -1
1233 822 0 6 -4 -2
1233 822 0 9 -6 -3
1233 822 0 12 -8 -4
1233 822 0 15 -10 -5
1233 822 0 18 -12 -6
1233 822 0 21 -14 -7
1233 822 0 24 -16 -8
1233 822 0 27 -18 -9
1233 822 0 30 -20 -10
1233 822 0 33 -22 -11
1233 822 0 36 -24 -12
1233 822 0 39 -26 -13
1233 822 0 42 -28 -14
1233 822 0 45 -30 -15
1233 822 0 48 -32 -16
1233 822 0 51 -34 -17
1233 822 0 54 -36 -18
1233 822 0 57 -38 -19
1233 822 0 60 -40 -20
1233 822 0 63 -42 -21
1233 822 0 66 -44 -22
1233 822 0 69 -46 -23
1233 822 0 72 -48 -24
1233 822 0 75 -50 -25
1233 822 0 78 -52 -26
1233 822 0 81 -54 -27
1233 822 0 84 -56 -28
1233 822 0 87 -58 -29
1233 822 0 90 -60 -30
1233 822 0 93 -62 -31
1233 822 0 96 -64 -32
1233 822 0 99 -66 -33
1233 822 0 102 -68 -34
1233 822 0 105 -70 -35
1233 822 0 108 -72 -36
1233 822 0 111 -74 -37
1233 822 0 114 -76 -38
1233 822 0 117 -78 -39
1233 822 0 120 -80 -40
1233 822 0 123 -82 -41
1233 822 0 126 -84 -42
1233 822 0 129 -86 -43
1233 822 0 132 -88 -44
1233 822 0 135 -90 -45
1233 822 0 138 -92 -46
1233 822 0 141 -94 -47
1233 822 0 144 -96 -48
1233 822 0 147 -98 -49
1233 822 0 150 -100 -50
1236 824 0 -150 100 50
1236 824 0 -147 98 49
1236 824 0 -144 96 48
1236 824 0 -141 94 47
1236 824 0 -138 92 46
1236 824 0 -135 90 45
1236 824 0 -132 88 44
1236 824 0 -129 86 43
1236 824 0 -126 84 42
1236 824 0 -123 82 41
1236 824 0 -120 80 40
1236 824 0 -117 78 39
1236 824 0 -114 76 38
1236 824 0 -111 74 37
1236 824 0 -108 72 36
1236 824 0 -105 70 35
1236 824 0 -102 68 34
1236 824 0 -99 66 33
1236 824 0 -96 64 32
1236 824 0 -93 62 31
1236 824 0 -90 60 30
1236 824 0 -87 58 29
1236 824 0 -84 56 28
1236 824 0 -81 54 27
1236 824 0 -78 52 26
1236 824 0 -75 50 25
1236 824 0 -72 48 24
1236 824 0 -69 46 23
1236 824 0 -66 44 22
1236 824 0 -63 42 21
1236 824 0 -60 40 20
1236 824 0 -57 38 19
1236 824 0 -54 36 18
1236 824 0 -51 34 17
1236 824 0 -48 32 16
1236 824 0 -45 30 15
1236 824 0 -42 28 14
1236 824 0 -39 26 13
1236 824 0 -36 24 12
1236 824 0 -33 22 11
1236 824 0 -30 20 10
1236 824 0 -27 18 9
1236 824 0 -24 16 8
1236 824 0 -21 14 7
1236 824 0 -18 12 6
1236 824 0 -15 10 5
1236 824 0 -12 8 4
1236 824 0 -9 6 3
1236 824 0 -6 4 2
1236 824 0 -3 2 1
1236 824 0 3 -2 -1
1236 824 0 6 -4 -2
1236 824 0 9 -6 -3
1236 824 0 12 -8 -4
1236 824 0 15 -10 -5
1236 824 0 18 -12 -6
1236 824 0 21 -14 -7
1236 824 0 24 -16 -8
1236 824 0 27 -18 -9
1236 824 0 30 -20 -10
1236 824 0 33 -22 -11
1236 824 0 36 -24 -12
1236 824 0 39 -26 -13
1236 824 0 42 -28 -14
1236 824 0 45 -30 -15
1236 824 0 48 -32 -16
1236 824 0 51 -34 -17
1236 824 0 54 -36 -18
1236 824 0 57 -38 -19
1236 824 0 60 -40 -20
1236 824 0 63 -42 -21
1236 824 0 66 -44 -22
1236 824 0 69 -46 -23
1236 824 0 72 -48 -24
1236 824 0 75 -50 -25
1236 824 0 78 -52 -26
1236 824 0 81 -54 -27
1236 824 0 84 -56 -28
1236 824 0 87 -58 -29
1236 824 0 90 -60 -30
1236 824 0 93 -62 -31
1236 824 0 96 -64 -32
1236 824 0 99 -66 -33
1236 824 0 102 -68 -34
1236 824 0 105 -70 -35
1236 824 0 108 -72 -36
1236 824 0 111 -74 -37
1236 824 0 114 -76 -38
1236 824 0 117 -78 -39
1236 824 0 120 -80 -40
1236 824 0 123 -82 -41
1236 824 0 126 -84 -42
1236 824 0 129 -86 -43
1236 824 0 132 -88 -44
1236 824 0 135 -90 -45
1236 824 0 138 -92 -46
1236 824 0 141 -94 -47
1236 824 0 144 -96 -48
1236 824 0 147 -98 -49
1236 824 0 150 -100 -50
1239 826 0 -150 100 50
1239 826 0 -147 98 49
1239 826 0 -144 96 48
1239 826 0 -141 94 47
1239 826 0 -138 92 46
1239 826 0 -135 90 45
1239 826 0 -132 88 44
1239 826 0 -129 86 43
1239 826 0 -126 84 42
1239 826 0 -123 82 41
1239 826 0 -120 80 40
1239 826 0 -117 78 39
1239 826 0 -114 76 38
1239 826 0 -111 74 37
1239 826 0 -108 72 36
1239 826 0 -105 70 35
1239 826 0 -102 68 34
1239 826 0 -99 66 33
1239 826 0 -96 64 32
1239 826 0 -93 62 31
1239 826 0 -90 60 30
1239 826 0 -87 58 29
1239 826 0 -84 56 28
1239 826 0 -81 54 27
1239 826 0 -78 52 26
1239 826 0 -75 50 25
1239 826 0 -72 48 24
1239 826 0 -69 46 23
1239 826 0 -66 44 22
1239 826 0 -63 42 21
1239 826 0 -60 40 20
1239 826 0 -57 38 19
1239 826 0 -54 36 18
1239 826 0 -51 34 17
1239 826 0 -48 32 16
1239 826 0 -45 30 15
1239 826 0 -42 28 14
1239 826 0 -39 26 13
1239 826 0 -36 24 12
1239 826 0 -33 22 11
1239 826 0 -30 20 10
1239 826 0 -27 18 9
1239 826 0 -24 16 8
1239 826 0 -21 14 7
1239 826 0 -18 12 6
1239 826 0 -15 10 5
1239 826 0 -12 8 4
1239 826 0 -9 6 3
1239 826 0 -6 4 2
1239 826 0 -3 2 1
1239 826 0 3 -2 -1
1239 826 0 6 -4 -2
1239 826 0 9 -6 -3
1239 826 0 12 -8 -4
1239 826 0 15 -10 -5
1239 826 0 18 -12 -6
1239 826 0 21 -14 -7
1239 826 0 24 -16 -8
1239 826 0 27 -18 -9
1239 826 0 30 -20 -10
1239 826 0 33 -22 -11
1239 826 0 36 -24 -12
1239 826 0 39 -26 -13
1239 826 0 42 -28 -14
1239 826 0 45 -30 -15
1239 826 0 48 -32 -16
1239 826 0 51 -34 -17
1239 826 0 54 -36 -18
1239 826 0 57 -38 -19
1239 826 0 60 -40 -20
1239 826 0 63 -42 -21
1239 826 0 66 -44 -22
1239 826 0 69 -46 -23
1239 826 0 72 -48 -24
1239 826 0 75 -50 -25
1239 826 0 78 -52 -26
1239 826 0 81 -54 -27
1239 826 0 84 -56 -28
1239 826 0 87 -58 -29
1239 826 0 90 -60 -30
1239 826 0 93 -62 -31
1239 826 0 96 -64 -32
1239 826 0 99 -66 -33
1239 826 0 102 -68 -34
1239 826 0 105 -70 -35
1239 826 0 108 -72 -36
1239 826 0 111 -74 -37
1239 826 0 114 -76 -38
1239 826 0 117 -78 -39
1239 826 0 120 -80 -40
1239 826 0 123 -82 -41
1239 826 0 126 -84 -42
1239 826 0 129 -86 -43
1239 826 0 132 -88 -44
1239 826 0 135 -90 -45
1239 826 0 138 -92 -46
1239 826 0 141 -94 -47
1239 826 0 144 -96 -48
1239 826 0 147 -98 -49
1239 826 0 150 -100 -50
1242 828 0 -150 100 50
1242 828 0 -147 98 49
1242 828 0 -144 96 48
1242 828 0 -141 94 47
1242 828 0 -138 92 46
1242 828 0 -135 90 45
1242 828 0 -132 88 44
1242 828 0 -129 86 43
1242 828 0 -126 84 42
1242 828 0 -123 82 41
1242 828 0 -120 80 40
1242 828 0 -117 78 39
1242 828 0 -114 76 38
1242 828 0 -111 74 37
1242 828 0 -108 72 36
1242 828 0 -105 70 35
1242 828 0 -102 68 34
1242 828 0 -99 66 33
1242 828 0 -96 64 32
1242 828 0 -93 62 31
1242 828 0 -90 60 30
1242 828 0 -87 58 29
1242 828 0 -84 56 28
1242 828 0 -81 54 27
1242 828 0 -78 52 26
1242 828 0 -75 50 25
1242 828 0 -72 48 24
1242 828 0 -69 46 23
1242 828 0 -66 44 22
1242 828 0 -63 42 21
1242 828 0 -60 40 20
1242 828 0 -57 38 19
1242 828 0 -54 36 18
1242 828 0 -51 34 17
1242 828 0 -48 32 16
1242 828 0 -45 30 15
1242 828 0 -42 28 14
1242 828 0 -39 26 13
1242 828 0 -36 24 12
1242 828 0 -33 22 11
1242 828 0 -30 20 10
1242 828 0 -27 18 9
1242 828 0 -24 16 8
1242 828 0 -21 14 7
1242 828 0 -18 12 6
1242 828 0 -15 10 5
1242 828 0 -12 8 4
1242 828 0 -9 6 3
1242 828 0 -6 4 2
1242 828 0 -3 2 1
1242 828 0 3 -2 -1
1242 828 0 6 -4 -2
1242 828 0 9 -6 -3
1242 828 0 12 -8 -4
1242 828 0 15 -10 -5
1242 828 0 18 -12 -6
1242 828 0 21 -14 -7
1242 828 0 24 -16 -8
1242 828 0 27 -18 -9
1242 828 0 30 -20 -10
1242 828 0 33 -22 -11
1242 828 0 36 -24 -12
1242 828 0 39 -26 -13
1242 828 0 42 -28 -14
1242 828 0 45 -30 -15
1242 828 0 48 -32 -16
1242 828 0 51 -34 -17
1242 828 0 54 -36 -18
1242 828 0 57 -38 -19
1242 828 0 60 -40 -20
1242 828 0 63 -42 -21
1242 828 0 66 -44 -22
1242 828 0 69 -46 -23
1242 828 0 72 -48 -24
1242 828 0 75 -50 -25
1242 828 0 78 -52 -26
1242 828 0 81 -54 -27
1242 828 0 84 -56 -28
1242 828 0 87 -58 -29
1242 828 0 90 -60 -30
1242 828 0 93 -62 -31
1242 828 0 96 -64 -32
1242 828 0 99 -66 -33
1242 828 0 102 -68 -34
1242 828 0 105 -70 -35
1242 828 0 108 -72 -36
1242 828 0 111 -74 -37
1242 828 0 114 -76 -38
1242 828 0 117 -78 -39
1242 828 0 120 -80 -40
1242 828 0 123 -82 -41
1242 828 0 126 -84 -42
1242 828 0 129 -86 -43
1242 828 0 132 -88 -44
1242 828 0 135 -90 -45
1242 828 0 138 -92 -46
1242 828 0 141 -94 -47
1242 828 0 144 -96 -48
1242 828 0 147 -98 -49
1242 828 0 150 -100 -50
1245 830 0 -150 100 50
1245 830 0 -147 98 49
1245 830 0 -144 96 48
1245 830 0 -141 94 47
1245 830 0 -138 92 46
1245 830 0 -135 90 45
1245 830 0 -132 88 44
1245 830 0 -129 86 43
1245 830 0 -126 84 42
1245 830 0 -123 82 41
1245 830 0 -120 80 40
1245 830 0 -117 78 39
1245 830 0 -114 76 38
1245 830 0 -111 74 37
1245 830 0 -108 72 36
1245 830 0 -105 70 35
1245 830 0 -102 68 34
1245 830 0 -99 66 33
1245 830 0 -96 64 32
1245 830 0 -93 62 31
1245 830 0 -90 60 30
1245 830 0 -87 58 29
1245 830 0 -84 56 28
1245 830 0 -81 54 27
1245 830 0 -78 52 26
1245 830 0 -75 50 25
1245 830 0 -72 48 24
1245 830 0 -69 46 23
1245 830 0 -66 44 22
1245 830 0 -63 42 21
1245 830 0 -60 40 20
1245 830 0 -57 38 19
1245 830 0 -54 36 18
1245 830 0 -51 34 17
1245 830 0 -48 32 16
1245 830 0 -45 30 15
1245 830 0 -42 28 14
1245 830 0 -39 26 13
1245 830 0 -36 24 12
1245 830 0 -33 22 11
1245 830 0 -30 20 10
1245 830 0 -27 18 9
1245 830 0 -24 16 8
1245 830 0 -21 14 7
1245 830 0 -18 12 6
1245 830 0 -15 10 5
1245 830 0 -12 8 4
1245 830 0 -9 6 3
1245 830 0 -6 4 2
1245 830 0 -3 2 1
1245 830 0 3 -2 -1
1245 830 0 6 -4 -2
1245 830 0 9 -6 -3
1245 830 0 12 -8 -4
1245 830 0 15 -10 -5
1245 830 0 18 -12 -6
1245 830 0 21 -14 -7
1245 830 0 24 -16 -8
1245 830 0 27 -18 -9
1245 830 0 30 -20 -10
1245 830 0 33 -22 -11
1245 830 0 36 -24 -12
1245 830 0 39 -26 -13
1245 830 0 42 -28 -14
1245 830 0 45 -30 -15
1245 830 0 48 -32 -16
1245 830 0 51 -34 -17
1245 830 0 54 -36 -18
1245 830 0 57 -38 -19
1245 830 0 60 -40 -20
1245 830 0 63 -42 -21
1245 830 0 66 -44 -22
1245 830 0 69 -46 -23
1245 830 0 72 -48 -24
1245 830 0 75 -50 -25
1245 830 0 78 -52 -26
1245 830 0 81 -54 -27
1245 830 0 84 -56 -28
1245 830 0 87 -58 -29
1245 830 0 90 -60 -30
1245 830 0 93 -62 -31
1245 830 0 96 -64 -32
1245 830 0 99 -66 -33
1245 830 0 102 -68 -34
1245 830 0 105 -70 -35
1245 830 0 108 -72 -36
1245 830 0 111 -74 -37
1245 830 0 114 -76 -38
1245 830 0 117 -78 -39
1245 830 0 120 -80 -40
1245 830 0 123 -82 -41
1245 830 0 126 -84 -42
1245 830 0 129 -86 -43
1245 830 0 132 -88 -44
1245 830 0 135 -90 -45
1245 830 0 138 -92 -46
1245 830 0 141 -94 -47
1245 830 0 144 -96 -48
1245 830 0 147 -98 -49
1245 830 0 150 -100 -50
1248 832 0 -150 100 50
1248 832 0 -147 98 49
1248 832 0 -144 96 48
1248 832 0 -141 94 47
1248 832 0 -138 92 46
1248 832 0 -135 90 45
1248 832 0 -132 88 44
1248 832 0 -129 86 43
1248 832 0 -126 84 42
1248 832 0 -123 82 41
1248 832 0 -120 80 40
1248 832 0 -117 78 39
1248 832 0 -114 76 38
1248 832 0 -111 74 37
1248 832 0 -108 72 36
1248 832 0 -105 70 35
1248 832 0 -102 68 34
1248 832 0 -99 66 33
1248 832 0 -96 64 32
1248 832 0 -93 62 31
1248 832 0 -90 60 30
1248 832 0 -87 58 29
1248 832 0 -84 56 28
1248 832 0 -81 54 27
1248 832 0 -78 52 26
1248 832 0 -75 50 25
1248 832 0 -72 48 24
1248 832 0 -69 46 23
1248 832 0 -66 44 22
1248 832 0 -63 42 21
1248 832 0 -60 40 20
1248 832 0 -57 38 19
1248 832 0 -54 36 18
1248 832 0 -51 34 17
1248 832 0 -48 32 16
1248 832 0 -45 30 15
1248 832 0 -42 28 14
1248 832 0 -39 26 13
1248 832 0 -36 24 12
1248 832 0 -33 22 11
1248 832 0 -30 20 10
1248 832 0 -27 18 9
1248 832 0 -24 16 8
1248 832 0 -21 14 7
1248 832 0 -18 12 6
1248 832 0 -15 10 5
1248 832 0 -12 8 4
1248 832 0 -9 6 3
1248 832 0 -6 4 2
1248 832 0 -3 2 1
1248 832 0 3 -2 -1
1248 832 0 6 -4 -2
1248 832 0 9 -6 -3
1248 832 0 12 -8 -4
1248 832 0 15 -10 -5
1248 832 0 18 -12 -6
1248 832 0 21 -14 -7
1248 832 0 24 -16 -8
1248 832 0 27 -18 -9
1248 832 0 30 -20 -10
1248 832 0 33 -22 -11
1248 832 0 36 -24 -12
1248 832 0 39 -26 -13
1248 832 0 42 -28 -14
1248 832 0 45 -30 -15
1248 832 0 48 -32 -16
1248 832 0 51 -34 -17
1248 832 0 54 -36 -18
1248 832 0 57 -38 -19
1248 832 0 60 -40 -20
1248 832 0 63 -42 -21
1248 832 0 66 -44 -22
1248 832 0 69 -46 -23
1248 832 0 72 -48 -24
1248 832 0 75 -50 -25
1248 832 0 78 -52 -26
1248 832 0 81 -54 -27
1248 832 0 84 -56 -28
1248 832 0 87 -58 -29
1248 832 0 90 -60 -30
1248 832 0 93 -62 -31
1248 832 0 96 -64 -32
1248 832 0 99 -66 -33
1248 832 0 102 -68 -34
1248 832 0 105 -70 -35
1248 832 0 108 -72 -36
1248 832 0 111 -74 -37
1248 832 0 114 -76 -38
1248 832 0 117 -78 -39
1248 832 0 120 -80 -40
1248 832 0 123 -82 -41
1248 832 0 126 -84 -42
1248 832 0 129 -86 -43
1248 832 0 132 -88 -44
1248 832 0 135 -90 -45
1248 832 0 138 -92 -46
1248 832 0 141 -94 -47
1248 832 0 144 -96 -48
1248 832 0 147 -98 -49
1248 832 0 150 -100 -50
1251 834 0 -150 100 50
1251 834 0 -147 98 49
1251 834 0 -144 96 48
1251 834 0 -141 94 47
1251 834 0 -138 92 46
1251 834 0 -135 90 45
1251 834 0 -132 88 44
1251 834 0 -129 86 43
1251 834 0 -126 84 42
1251 834 0 -123 82 41
1251 834 0 -120 80 40
1251 834 0 -117 78 39
1251 834 0 -114 76 38
1251 834 0 -111 74 37
1251 834 0 -108 72 36
1251 834 0 -105 70 35
1251 834 0 -102 68 34
1251 834 0 -99 66 33
1251 834 0 -96 64 32
1251 834 0 -93 62 31
1251 834 0 -90 60 30
1251 834 0 -87 58 29
1251 834 0 -84 56 28
1251 834 0 -81 54 27
1251 834 0 -78 52 26
1251 834 0 -75 50 25
1251 834 0 -72 48 24
1251 834 0 -69 46 23
1251 834 0 -66 44 22
1251 834 0 -63 42 21
1251 834 0 -60 40 20
1251 834 0 -57 38 19
1251 834 0 -54 36 18
1251 834 0 -51 34 17
1251 834 0 -48 32 16
1251 834 0 -45 30 15
1251 834 0 -42 28 14
1251 834 0 -39 26 13
1251 834 0 -36 24 12
1251 834 0 -33 22 11
1251 834 0 -30 20 10
1251 834 0 -27 18 9
1251 834 0 -24 16 8
1251 834 0 -21 14 7
1251 834 0 -18 12 6
1251 834 0 -15 10 5
1251 834 0 -12 8 4
1251 834 0 -9 6 3
1251 834 0 -6 4 2
1251 834 0 -3 2 1
1251 834 0 3 -2 -1
1251 834 0 6 -4 -2
1251 834 0 9 -6 -3
1251 834 0 12 -8 -4
1251 834 0 15 -10 -5
1251 834 0 18 -12 -6
1251 834 0 21 -14 -7
1251 834 0 24 -16 -8
1251 834 0 27 -18 -9
1251 834 0 30 -20 -10
1251 834 0 33 -22 -11
1251 834 0 36 -24 -12
1251 834 0 39 -26 -13
1251 834 0 42 -28 -14
1251 834 0 45 -30 -15
1251 834 0 48 -32 -16
1251 834 0 51 -34 -17
1251 834 0 54 -36 -18
1251 834 0 57 -38 -19
1251 834 0 60 -40 -20
1251 834 0 63 -42 -21
1251 834 0 66 -44 -22
1251 834 0 69 -46 -23
1251 834 0 72 -48 -24
1251 834 0 75 -50 -25
1251 834 0 78 -52 -26
1251 834 0 81 -54 -27
1251 834 0 84 -56 -28
1251 834 0 87 -58 -29
1251 834 0 90 -60 -30
1251 834 0 93 -62 -31
1251 834 0 96 -64 -32
1251 834 0 99 -66 -33
1251 834 0 102 -68 -34
1251 834 0 105 -70 -35
1251 834 0 108 -72 -36
1251 834 0 111 -74 -37
1251 834 0 114 -76 -38
1251 834 0 117 -78 -39
1251 834 0 120 -80 -40
1251 834 0 123 -82 -41
1251 834 0 126 -84 -42
1251 834 0 129 -86 -43
1251 834 0 132 -88 -44
1251 834 0 135 -90 -45
1251 834 0 138 -92 -46
1251 834 0 141 -94 -47
1251 834 0 144 -96 -48
1251 834 0 147 -98 -49
1251 834 0 150 -100 -50
1254 836 0 -150 100 50
1254 836 0 -147 98 49
1254 836 0 -144 96 48
1254 836 0 -141 94 47
1254 836 0 -138 92 46
1254 836 0 -135 90 45
1254 836 0 -132 88 44
1254 836 0 -129 86 43
1254 836 0 -126 84 42
1254 836 0 -123 82 41
1254 836 0 -120 80 40
1254 836 0 -117 78 39
1254 836 0 -114 76 38
1254 836 0 -111 74 37
1254 836 0 -108 72 36
1254 836 0 -105 70 35
1254 836 0 -102 68 34
1254 836 0 -99 66 33
1254 836 0 -96 64 32
1254 836 0 -93 62 31
1254 836 0 -90 60 30
1254 836 0 -87 58 29
1254 836 0 -84 56 28
1254 836 0 -81 54 27
1254 836 0 -78 52 26
1254 836 0 -75 50 25
1254 836 0 -72 48 24
1254 836 0 -69 46 23
1254 836 0 -66 44 22
1254 836 0 -63 42 21
1254 836 0 -60 40 20
1254 836 0 -57 38 19
1254 836 0 -54 36 18
1254 836 0 -51 34 17
1254 836 0 -48 32 16
1254 836 0 -45 30 15
1254 836 0 -42 28 14
1254 836 0 -39 26 13
1254 836 0 -36 24 12
1254 836 0 -33 22 11
1254 836 0 -30 20 10
1254 836 0 -27 18 9
1254 836 0 -24 16 8
1254 836 0 -21 14 7
1254 836 0 -18 12 6
1254 836 0 -15 10 5
1254 836 0 -12 8 4
1254 836 0 -9 6 3
1254 836 0 -6 4 2
1254 836 0 -3 2 1
1254 836 0 3 -2 -1
1254 836 0 6 -4 -2
1254 836 0 9 -6 -3
1254 836 0 12 -8 -4
1254 836 0 15 -10 -5
1254 836 0 18 -12 -6
1254 836 0 21 -14 -7
1254 836 0 24 -16 -8
1254 836 0 27 -18 -9
1254 836 0 30 -20 -10
1254 836 0 33 -22 -11
1254 836 0 36 -24 -12
1254 836 0 39 -26 -13
1254 836 0 42 -28 -14
1254 836 0 45 -30 -15
1254 836 0 48 -32 -16
1254 836 0 51 -34 -17
1254 836 0 54 -36 -18
1254 836 0 57 -38 -19
1254 836 0 60 -40 -20
1254 836 0 63 -42 -21
1254 836 0 66 -44 -22
1254 836 0 69 -46 -23
1254 836 0 72 -48 -24
1254 836 0 75 -50 -25
1254 836 0 78 -52 -26
1254 836 0 81 -54 -27
1254 836 0 84 -56 -28
1254 836 0 87 -58 -29
1254 836 0 90 -60 -30
1254 836 0 93 -62 -31
1254 836 0 96 -64 -32
1254 836 0 99 -66 -33
1254 836 0 102 -68 -34
1254 836 0 105 -70 -35
1254 836 0 108 -72 -36
1254 836 0 111 -74 -37
1254 836 0 114 -76 -38
1254 836 0 117 -78 -39
1254 836 0 120 -80 -40
1254 836 0 123 -82 -41
1254 836 0 126 -84 -42
1254 836 0 129 -86 -43
1254 836 0 132 -88 -44
1254 836 0 135 -90 -45
1254 836 0 138 -92 -46
1254 836 0 141 -94 -47
1254 836 0 144 -96 -48
1254 836 0 147 -98 -49
1254 836 0 150 -100 -50
1257 838 0 -150 100 50
1257 838 0 -147 98 49
1257 838 0 -144 96 48
1257 838 0 -141 94 47
1257 838 0 -138 92 46
1257 838 0 -135 90 45
1257 838 0 -132 88 44
1257 838 0 -129 86 43
1257 838 0 -126 84 42
1257 838 0 -123 82 41
1257 838 0 -120 80 40
1257 838 0 -117 78 39
1257 838 0 -114 76 38
1257 838 0 -111 74 37
1257 838 0 -108 72 36
1257 838 0 -105 70 35
1257 838 0 -102 68 34
1257 838 0 -99 66 33
1257 838 0 -96 64 32
1257 838 0 -93 62 31
1257 838 0 -90 60 30
1257 838 0 -87 58 29
1257 838 0 -84 56 28
1257 838 0 -81 54 27
1257 838 0 -78 52 26
1257 838 0 -75 50 25
1257 838 0 -72 48 24
1257 838 0 -69 46 23
1257 838 0 -66 44 22
1257 838 0 -63 42 21
1257 838 0 -60 40 20
1257 838 0 -57 38 19
1257 838 0 -54 36 18
1257 838 0 -51 34 17
1257 838 0 -48 32 16
1257 838 0 -45 30 15
1257 838 0 -42 28 14
1257 838 0 -39 26 13
1257 838 0 -36 24 12
1257 838 0 -33 22 11
1257 838 0 -30 20 10
1257 838 0 -27 18 9
1257 838 0 -24 16 8
1257 838 0 -21 14 7
1257 838 0 -18 12 6
1257 838 0 -15 10 5
1257 838 0 -12 8 4
1257 838 0 -9 6 3
1257 838 0 -6 4 2
1257 838 0 -3 2 1
1257 838 0 3 -2 -1
1257 838 0 6 -4 -2
1257 838 0 9 -6 -3
1257 838 0 12 -8 -4
1257 838 0 15 -10 -5
1257 838 0 18 -12 -6
1257 838 0 21 -14 -7
1257 838 0 24 -16 -8
1257 838 0 27 -18 -9
1257 838 0 30 -20 -10
1257 838 0 33 -22 -11
1257 838 0 36 -24 -12
1257 838 0 39 -26 -13
1257 838 0 42 -28 -14
1257 838 0 45 -30 -15
1257 838 0 48 -32 -16
1257 838 0 51 -34 -17
1257 838 0 54 -36 -18
1257 838 0 57 -38 -19
1257 838 0 60 -40 -20
1257 838 0 63 -42 -21
1257 838 0 66 -44 -22
1257 838 0 69 -46 -23
1257 838 0 72 -48 -24
1257 838 0 75 -50 -25
1257 838 0 78 -52 -26
1257 838 0 81 -54 -27
1257 838 0 84 -56 -28
1257 838 0 87 -58 -29
1257 838 0 90 -60 -30
1257 838 0 93 -62 -31
1257 838 0 96 -64 -32
1257 838 0 99 -66 -33
1257 838 0 102 -68 -34
1257 838 0 105 -70 -35
1257 838 0 108 -72 -36
1257 838 0 111 -74 -37
1257 838 0 114 -76 -38
1257 838 0 117 -78 -39
1257 838 0 120 -80 -40
1257 838 0 123 -82 -41
1257 838 0 126 -84 -42
1257 838 0 129 -86 -43
1257 838 0 132 -88 -44
1257 838 0 135 -90 -45
1257 838 0 138 -92 -46
1257 838 0 141 -94 -47
1257 838 0 144 -96 -48
1257 838 0 147 -98 -49
1257 838 0 150 -100 -50
1260 840 0 -150 100 50
1260 840 0 -147 98 49
1260 840 0 -144 96 48
1260 840 0 -141 94 47
1260 840 0 -138 92 46
1260 840 0 -135 90 45
1260 840 0 -132 88 44
1260 840 0 -129 86 43
1260 840 0 -126 84 42
1260 840 0 -123 82 41
1260 840 0 -120 80 40
1260 840 0 -117 78 39
1260 840 0 -114 76 38
1260 840 0 -111 74 37
1260 840 0 -108 72 36
1260 840 0 -105 70 35
1260 840 0 -102 68 34
1260 840 0 -99 66 33
1260 840 0 -96 64 32
1260 840 0 -93 62 31
1260 840 0 -90 60 30
1260 840 0 -87 58 29
1260 840 0 -84 56 28
1260 840 0 -81 54 27
1260 840 0 -78 52 26
1260 840 0 -75 50 25
1260 840 0 -72 48 24
1260 840 0 -69 46 23
1260 840 0 -66 44 22
1260 840 0 -63 42 21
1260 840 0 -60 40 20
1260 840 0 -57 38 19
1260 840 0 -54 36 18
1260 840 0 -51 34 17
1260 840 0 -48 32 16
1260 840 0 -45 30 15
1260 840 0 -42 28 14
1260 840 0 -39 26 13
1260 840 0 -36 24 12
1260 840 0 -33 22 11
1260 840 0 -30 20 10
1260 840 0 -27 18 9
1260 840 0 -24 16 8
1260 840 0 -21 14 7
1260 840 0 -18 12 6
1260 840 0 -15 10 5
1260 840 0 -12 8 4
1260 840 0 -9 6 3
1260 840 0 -6 4 2
1260 840 0 -3 2 1
1260 840 0 3 -2 -1
1260 840 0 6 -4 -2
1260 840 0 9 -6 -3
1260 840 0 12 -8 -4
1260 840 0 15 -10 -5
1260 840 0 18 -12 -6
1260 840 0 21 -14 -7
1260 840 0 24 -16 -8
1260 840 0 27 -18 -9
1260 840 0 30 -20 -10
1260 840 0 33 -22 -11
1260 840 0 36 -24 -12
1260 840 0 39 -26 -13
1260 840 0 42 -28 -14
1260 840 0 45 -30 -15
1260 840 0 48 -32 -16
1260 840 0 51 -34 -17
1260 840 0 54 -36 -18
1260 840 0 57 -38 -19
1260 840 0 60 -40 -20
1260 840 0 63 -42 -21
1260 840 0 66 -44 -22
1260 840 0 69 -46 -23
1260 840 0 72 -48 -24
1260 840 0 75 -50 -25
1260 840 0 78 -52 -26
1260 840 0 81 -54 -27
1260 840 0 84 -56 -28
1260 840 0 87 -58 -29
1260 840 0 90 -60 -30
1260 840 0 93 -62 -31
1260 840 0 96 -64 -32
1260 840 0 99 -66 -33
1260 840 0 102 -68 -34
1260 840 0 105 -70 -35
1260 840 0 108 -72 -36
1260 840 0 111 -74 -37
1260 840 0 114 -76 -38
1260 840 0 117 -78 -39
1260 840 0 120 -80 -40
1260 840 0 123 -82 -41
1260 840 0 126 -84 -42
1260 840 0 129 -86 -43
1260 840 0 132 -88 -44
1260 840 0 135 -90 -45
1260 840 0 138 -92 -46
1260 840 0 141 -94 -47
1260 840 0 144 -96 -48
1260 840 0 147 -98 -49
1260 840 0 150 -100 -50
1263 842 0 -150 100 50
1263 842 0 -147 98 49
1263 842 0 -144 96 48
1263 842 0 -141 94 47
1263 842 0 -138 92 46
1263 842 0 -135 90 45
1263 842 0 -132 88 44
1263 842 0 -129 86 43
1263 842 0 -126 84 42
1263 842 0 -123 82 41
1263 842 0 -120 80 40
1263 842 0 -117 78 39
1263 842 0 -114 76 38
1263 842 0 -111 74 37
1263 842 0 -108 72 36
1263 842 0 -105 70 35
1263 842 0 -102 68 34
1263 842 0 -99 66 33
1263 842 0 -96 64 32
1263 842 0 -93 62 31
1263 842 0 -90 60 30
1263 842 0 -87 58 29
1263 842 0 -84 56 28
1263 842 0 -81 54 27
1263 842 0 -78 52 26
1263 842 0 -75 50 25
1263 842 0 -72 48 24
1263 842 0 -69 46 23
1263 842 0 -66 44 22
1263 842 0 -63 42 21
1263 842 0 -60 40 20
1263 842 0 -57 38 19
1263 842 0 -54 36 18
1263 842 0 -51 34 17
1263 842 0 -48 32 16
1263 842 0 -45 30 15
1263 842 0 -42 28 14
1263 842 0 -39 26 13
1263 842 0 -36 24 12
1263 842 0 -33 22 11
1263 842 0 -30 20 10
1263 842 0 -27 18 9
1263 842 0 -24 16 8
1263 842 0 -21 14 7
1263 842 0 -18 12 6
1263 842 0 -15 10 5
1263 842 0 -12 8 4
1263 842 0 -9 6 3
1263 842 0 -6 4 2
1263 842 0 -3 2 1
1263 842 0 3 -2 -1
1263 842 0 6 -4 -2
1263 842 0 9 -6 -3
1263 842 0 12 -8 -4
1263 842 0 15 -10 -5
1263 842 0 18 -12 -6
1263 842 0 21 -14 -7
1263 842 0 24 -16 -8
1263 842 0 27 -18 -9
1263 842 0 30 -20 -10
1263 842 0 33 -22 -11
1263 842 0 36 -24 -12
1263 842 0 39 -26 -13
1263 842 0 42 -28 -14
1263 842 0 45 -30 -15
1263 842 0 48 -32 -16
1263 842 0 51 -34 -17
1263 842 0 54 -36 -18
1263 842 0 57 -38 -19
1263 842 0 60 -40 -20
1263 842 0 63 -42 -21
1263 842 0 66 -44 -22
1263 842 0 69 -46 -23
1263 842 0 72 -48 -24
1263 842 0 75 -50 -25
1263 842 0 78 -52 -26
1263 842 0 81 -54 -27
1263 842 0 84 -56 -28
1263 842 0 87 -58 -29
1263 842 0 90 -60 -30
1263 842 0 93 -62 -31
1263 842 0 96 -64 -32
1263 842 0 99 -66 -33
1263 842 0 102 -68 -34
1263 842 0 105 -70 -35
1263 842 0 108 -72 -36
1263 842 0 111 -74 -37
1263 842 0 114 -76 -38
1263 842 0 117 -78 -39
1263 842 0 120 -80 -40
1263 842 0 123 -82 -41
1263 842 0 126 -84 -42
1263 842 0 129 -86 -43
1263 842 0 132 -88 -44
1263 842 0 135 -90 -45
1263 842 0 138 -92 -46
1263 842 0 141 -94 -47
1263 842 0 144 -96 -48
1263 842 0 147 -98 -49
1263 842 0 150 -100 -50
1266 844 0 -150 100 50
1266 844 0 -147 98 49
1266 844 0 -144 96 48
1266 844 0 -141 94 47
1266 844 0 -138 92 46
1266 844 0 -135 90 45
1266 844 0 -132 88 44
1266 844 0 -129 86 43
1266 844 0 -126 84 42
1266 844 0 -123 82 41
1266 844 0 -120 80 40
1266 844 0 -117 78 39
1266 844 0 -114 76 38
1266 844 0 -111 74 37
1266 844 0 -108 72 36
1266 844 0 -105 70 35
1266 844 0 -102 68 34
1266 844 0 -99 66 33
1266 844 0 -96 64 32
1266 844 0 -93 62 31
1266 844 0 -90 60 30
1266 844 0 -87 58 29
1266 844 0 -84 56 28
1266 844 0 -81 54 27
1266 844 0 -78 52 26
1266 844 0 -75 50 25
1266 844 0 -72 48 24
1266 844 0 -69 46 23
1266 844 0 -66 44 22
1266 844 0 -63 42 21
1266 844 0 -60 40 20
1266 844 0 -57 38 19
1266 844 0 -54 36 18
1266 844 0 -51 34 17
1266 844 0 -48 32 16
1266 844 0 -45 30 15
1266 844 0 -42 28 14
1266 844 0 -39 26 13
1266 844 0 -36 24 12
1266 844 0 -33 22 11
1266 844 0 -30 20 10
1266 844 0 -27 18 9
1266 844 0 -24 16 8
1266 844 0 -21 14 7
1266 844 0 -18 12 6
1266 844 0 -15 10 5
1266 844 0 -12 8 4
1266 844 0 -9 6 3
1266 844 0 -6 4 2
1266 844 0 -3 2 1
1266 844 0 3 -2 -1
1266 844 0 6 -4 -2
1266 844 0 9 -6 -3
1266 844 0 12 -8 -4
1266 844 0 15 -10 -5
1266 844 0 18 -12 -6
1266 844 0 21 -14 -7
1266 844 0 24 -16 -8
1266 844 0 27 -18 -9
1266 844 0 30 -20 -10
1266 844 0 33 -22 -11
1266 844 0 36 -24 -12
1266 844 0 39 -26 -13
1266 844 0 42 -28 -14
1266 844 0 45 -30 -15
1266 844 0 48 -32 -16
1266 844 0 51 -34 -17
1266 844 0 54 -36 -18
1266 844 0 57 -38 -19
1266 844 0 60 -40 -20
1266 844 0 63 -42 -21
1266 844 0 66 -44 -22
1266 844 0 69 -46 -23
1266 844 0 72 -48 -24
1266 844 0 75 -50 -25
1266 844 0 78 -52 -26
1266 844 0 81 -54 -27
1266 844 0 84 -56 -28
1266 844 0 87 -58 -29
1266 844 0 90 -60 -30
1266 844 0 93 -62 -31
1266 844 0 96 -64 -32
1266 844 0 99 -66 -33
1266 844 0 102 -68 -34
1266 844 0 105 -70 -35
1266 844 0 108 -72 -36
1266 844 0 111 -74 -37
1266 844 0 114 -76 -38
1266 844 0 117 -78 -39
1266 844 0 120 -80 -40
1266 844 0 123 -82 -41
1266 844 0 126 -84 -42
1266 844 0 129 -86 -43
1266 844 0 132 -88 -44
1266 844 0 135 -90 -45
1266 844 0 138 -92 -46
1266 844 0 141 -94 -47
1266 844 0 144 -96 -48
1266 844 0 147 -98 -49
1266 844 0 150 -100 -50
1269 846 0 -150 100 50
1269 846 0 -147 98 49
1269 846 0 -144 96 48
1269 846 0 -141 94 47
1269 846 0 -138 92 46
1269 846 0 -135 90 45
1269 846 0 -132 88 44
1269 846 0 -129 86 43
1269 846 0 -126 84 42
1269 846 0 -123 82 41
1269 846 0 -120 80 40
1269 846 0 -117 78 39
1269 846 0 -114 76 38
1269 846 0 -111 74 37
1269 846 0 -108 72 36
1269 846 0 -105 70 35
1269 846 0 -102 68 34
1269 846 0 -99 66 33
1269 846 0 -96 64 32
1269 846 0 -93 62 31
1269 846 0 -90 60 30
1269 846 0 -87 58 29
1269 846 0 -84 56 28
1269 846 0 -81 54 27
1269 846 0 -78 52 26
1269 846 0 -75 50 25
1269 846 0 -72 48 24
1269 846 0 -69 46 23
1269 846 0 -66 44 22
1269 846 0 -63 42 21
1269 846 0 -60 40 20
1269 846 0 -57 38 19
1269 846 0 -54 36 18
1269 846 0 -51 34 17
1269 846 0 -48 32 16
1269 846 0 -45 30 15
1269 846 0 -42 28 14
1269 846 0 -39 26 13
1269 846 0 -36 24 12
1269 846 0 -33 22 11
1269 846 0 -30 20 10
1269 846 0 -27 18 9
1269 846 0 -24 16 8
1269 846 0 -21 14 7
1269 846 0 -18 12 6
1269 846 0 -15 10 5
1269 846 0 -12 8 4
1269 846 0 -9 6 3
1269 846 0 -6 4 2
1269 846 0 -3 2 1
1269 846 0 3 -2 -1
1269 846 0 6 -4 -2
1269 846 0 9 -6 -3
1269 846 0 12 -8 -4
1269 846 0 15 -10 -5
1269 846 0 18 -12 -6
1269 846 0 21 -14 -7
1269 846 0 24 -16 -8
1269 846 0 27 -18 -9
1269 846 0 30 -20 -10
1269 846 0 33 -22 -11
1269 846 0 36 -24 -12
1269 846 0 39 -26 -13
1269 846 0 42 -28 -14
1269 846 0 45 -30 -15
1269 846 0 48 -32 -16
1269 846 0 51 -34 -17
1269 846 0 54 -36 -18
1269 846 0 57 -38 -19
1269 846 0 60 -40 -20
1269 846 0 63 -42 -21
1269 846 0 66 -44 -22
1269 846 0 69 -46 -23
1269 846 0 72 -48 -24
1269 846 0 75 -50 -25
1269 846 0 78 -52 -26
1269 846 0 81 -54 -27
1269 846 0 84 -56 -28
1269 846 0 87 -58 -29
1269 846 0 90 -60 -30
1269 846 0 93 -62 -31
1269 846 0 96 -64 -32
1269 846 0 99 -66 -33
1269 846 0 102 -68 -34
1269 846 0 105 -70 -35
1269 846 0 108 -72 -36
1269 846 0 111 -74 -37
1269 846 0 114 -76 -38
1269 846 0 117 -78 -39
1269 846 0 120 -80 -40
1269 846 0 123 -82 -41
1269 846 0 126 -84 -42
1269 846 0 129 -86 -43
1269 846 0 132 -88 -44
1269 846 0 135 -90 -45
1269 846 0 138 -92 -46
1269 846 0 141 -94 -47
1269 846 0 144 -96 -48
1269 846 0 147 -98 -49
1269 846 0 150 -100 -50
1272 848 0 -150 100 50
1272 848 0 -147 98 49
1272 848 0 -144 96 48
1272 848 0 -141 94 47
1272 848 0 -138 92 46
1272 848 0 -135 90 45
1272 848 0 -132 88 44
1272 848 0 -129 86 43
1272 848 0 -126 84 42
1272 848 0 -123 82 41
1272 848 0 -120 80 40
1272 848 0 -117 78 39
1272 848 0 -114 76 38
1272 848 0 -111 74 37
1272 848 0 -108 72 36
1272 848 0 -105 70 35
1272 848 0 -102 68 34
1272 848 0 -99 66 33
1272 848 0 -96 64 32
1272 848 0 -93 62 31
1272 848 0 -90 60 30
1272 848 0 -87 58 29
1272 848 0 -84 56 28
1272 848 0 -81 54 27
1272 848 0 -78 52 26
1272 848 0 -75 50 25
1272 848 0 -72 48 24
1272 848 0 -69 46 23
1272 848 0 -66 44 22
1272 848 0 -63 42 21
1272 848 0 -60 40 20
1272 848 0 -57 38 19
1272 848 0 -54 36 18
1272 848 0 -51 34 17
1272 848 0 -48 32 16
1272 848 0 -45 30 15
1272 848 0 -42 28 14
1272 848 0 -39 26 13
1272 848 0 -36 24 12
1272 848 0 -33 22 11
1272 848 0 -30 20 10
1272 848 0 -27 18 9
1272 848 0 -24 16 8
1272 848 0 -21 14 7
1272 848 0 -18 12 6
1272 848 0 -15 10 5
1272 848 0 -12 8 4
1272 848 0 -9 6 3
1272 848 0 -6 4 2
1272 848 0 -3 2 1
1272 848 0 3 -2 -1
1272 848 0 6 -4 -2
1272 848 0 9 -6 -3
1272 848 0 12 -8 -4
1272 848 0 15 -10 -5
1272 848 0 18 -12 -6
1272 848 0 21 -14 -7
1272 848 0 24 -16 -8
1272 848 0 27 -18 -9
1272 848 0 30 -20 -10
1272 848 0 33 -22 -11
1272 848 0 36 -24 -12
1272 848 0 39 -26 -13
1272 848 0 42 -28 -14
1272 848 0 45 -30 -15
1272 848 0 48 -32 -16
1272 848 0 51 -34 -17
1272 848 0 54 -36 -18
1272 848 0 57 -38 -19
1272 848 0 60 -40 -20
1272 848 0 63 -42 -21
1272 848 0 66 -44 -22
1272 848 0 69 -46 -23
1272 848 0 72 -48 -24
1272 848 0 75 -50 -25
1272 848 0 78 -52 -26
1272 848 0 81 -54 -27
1272 848 0 84 -56 -28
1272 848 0 87 -58 -29
1272 848 0 90 -60 -30
1272 848 0 93 -62 -31
1272 848 0 96 -64 -32
1272 848 0 99 -66 -33
1272 848 0 102 -68 -34
1272 848 0 105 -70 -35
1272 848 0 108 -72 -36
1272 848 0 111 -74 -37
1272 848 0 114 -76 -38
1272 848 0 117 -78 -39
1272 848 0 120 -80 -40
1272 848 0 123 -82 -41
1272 848 0 126 -84 -42
1272 848 0 129 -86 -43
1272 848 0 132 -88 -44
1272 848 0 135 -90 -45
1272 848 0 138 -92 -46
1272 848 0 141 -94 -47
1272 848 0 144 -96 -48
1272 848 0 147 -98 -49
1272 848 0 150 -100 -50
1275 850 0 -150 100 50
1275 850 0 -147 98 49
1275 850 0 -144 96 48
1275 850 0 -141 94 47
1275 850 0 -138 92 46
1275 850 0 -135 90 45
1275 850 0 -132 88 44
1275 850 0 -129 86 43
1275 850 0 -126 84 42
1275 850 0 -123 82 41
1275 850 0 -120 80 40
1275 850 0 -117 78 39
1275 850 0 -114 76 38
1275 850 0 -111 74 37
1275 850 0 -108 72 36
1275 850 0 -105 70 35
1275 850 0 -102 68 34
1275 850 0 -99 66 33
1275 850 0 -96 64 32
1275 850 0 -93 62 31
1275 850 0 -90 60 30
1275 850 0 -87 58 29
1275 850 0 -84 56 28
1275 850 0 -81 54 27
1275 850 0 -78 52 26
1275 850 0 -75 50 25
1275 850 0 -72 48 24
1275 850 0 -69 46 23
1275 850 0 -66 44 22
1275 850 0 -63 42 21
1275 850 0 -60 40 20
1275 850 0 -57 38 19
1275 850 0 -54 36 18
1275 850 0 -51 34 17
1275 850 0 -48 32 16
1275 850 0 -45 30 15
1275 850 0 -42 28 14
1275 850 0 -39 26 13
1275 850 0 -36 24 12
1275 850 0 -33 22 11
1275 850 0 -30 20 10
1275 850 0 -27 18 9
1275 850 0 -24 16 8
1275 850 0 -21 14 7
1275 850 0 -18 12 6
1275 850 0 -15 10 5
1275 850 0 -12 8 4
1275 850 0 -9 6 3
1275 850 0 -6 4 2
1275 850 0 -3 2 1
1275 850 0 3 -2 -1
1275 850 0 6 -4 -2
1275 850 0 9 -6 -3
1275 850 0 12 -8 -4
1275 850 0 15 -10 -5
1275 850 0 18 -12 -6
1275 850 0 21 -14 -7
1275 850 0 24 -16 -8
1275 850 0 27 -18 -9
1275 850 0 30 -20 -10
1275 850 0 33 -22 -11
1275 850 0 36 -24 -12
1275 850 0 39 -26 -13
1275 850 0 42 -28 -14
1275 850 0 45 -30 -15
1275 850 0 48 -32 -16
1275 850 0 51 -34 -17
1275 850 0 54 -36 -18
1275 850 0 57 -38 -19
1275 850 0 60 -40 -20
1275 850 0 63 -42 -21
1275 850 0 66 -44 -22
1275 850 0 69 -46 -23
1275 850 0 72 -48 -24
1275 850 0 75 -50 -25
1275 850 0 78 -52 -26
1275 850 0 81 -54 -27
1275 850 0 84 -56 -28
1275 850 0 87 -58 -29
1275 850 0 90 -60 -30
1275 850 0 93 -62 -31
1275 850 0 96 -64 -32
1275 850 0 99 -66 -33
1275 850 0 102 -68 -34
1275 850 0 105 -70 -35
1275 850 0 108 -72 -36
1275 850 0 111 -74 -37
1275 850 0 114 -76 -38
1275 850 0 117 -78 -39
1275 850 0 120 -80 -40
1275 850 0 123 -82 -41
1275 850 0 126 -84 -42
1275 850 0 129 -86 -43
1275 850 0 132 -88 -44
1275 850 0 135 -90 -45
1275 850 0 138 -92 -46
1275 850 0 141 -94 -47
1275 850 0 144 -96 -48
1275 850 0 147 -98 -49
1275 850 0 150 -100 -50
1278 852 0 -150 100 50
1278 852 0 -147 98 49
1278 852 0 -144 96 48
1278 852 0 -141 94 47
1278 852 0 -138 92 46
1278 852 0 -135 90 45
1278 852 0 -132 88 44
1278 852 0 -129 86 43
1278 852 0 -126 84 42
1278 852 0 -123 82 41
1278 852 0 -120 80 40
1278 852 0 -117 78 39
1278 852 0 -114 76 38
1278 852 0 -111 74 37
1278 852 0 -108 72 36
1278 852 0 -105 70 35
1278 852 0 -102 68 34
1278 852 0 -99 66 33
1278 852 0 -96 64 32
1278 852 0 -93 62 31
1278 852 0 -90 60 30
1278 852 0 -87 58 29
1278 852 0 -84 56 28
1278 852 0 -81 54 27
1278 852 0 -78 52 26
1278 852 0 -75 50 25
1278 852 0 -72 48 24
1278 852 0 -69 46 23
1278 852 0 -66 44 22
1278 852 0 -63 42 21
1278 852 0 -60 40 20
1278 852 0 -57 38 19
1278 852 0 -54 36 18
1278 852 0 -51 34 17
1278 852 0 -48 32 16
1278 852 0 -45 30 15
1278 852 0 -42 28 14
1278 852 0 -39 26 13
1278 852 0 -36 24 12
1278 852 0 -33 22 11
1278 852 0 -30 20 10
1278 852 0 -27 18 9
1278 852 0 -24 16 8
1278 852 0 -21 14 7
1278 852 0 -18 12 6
1278 852 0 -15 10 5
1278 852 0 -12 8 4
1278 852 0 -9 6 3
1278 852 0 -6 4 2
1278 852 0 -3 2 1
1278 852 0 3 -2 -1
1278 852 0 6 -4 -2
1278 852 0 9 -6 -3
1278 852 0 12 -8 -4
1278 852 0 15 -10 -5
1278 852 0 18 -12 -6
1278 852 0 21 -14 -7
1278 852 0 24 -16 -8
1278 852 0 27 -18 -9
1278 852 0 30 -20 -10
1278 852 0 33 -22 -11
1278 852 0 36 -24 -12
1278 852 0 39 -26 -13
1278 852 0 42 -28 -14
1278 852 0 45 -30 -15
1278 852 0 48 -32 -16
1278 852 0 51 -34 -17
1278 852 0 54 -36 -18
1278 852 0 57 -38 -19
1278 852 0 60 -40 -20
1278 852 0 63 -42 -21
1278 852 0 66 -44 -22
1278 852 0 69 -46 -23
1278 852 0 72 -48 -24
1278 852 0 75 -50 -25
1278 852 0 78 -52 -26
1278 852 0 81 -54 -27
1278 852 0 84 -56 -28
1278 852 0 87 -58 -29
1278 852 0 90 -60 -30
1278 852 0 93 -62 -31
1278 852 0 96 -64 -32
1278 852 0 99 -66 -33
1278 852 0 102 -68 -34
1278 852 0 105 -70 -35
1278 852 0 108 -72 -36
1278 852 0 111 -74 -37
1278 852 0 114 -76 -38
1278 852 0 117 -78 -39
1278 852 0 120 -80 -40
1278 852 0 123 -82 -41
1278 852 0 126 -84 -42
1278 852 0 129 -86 -43
1278 852 0 132 -88 -44
1278 852 0 135 -90 -45
1278 852 0 138 -92 -46
1278 852 0 141 -94 -47
1278 852 0 144 -96 -48
1278 852 0 147 -98 -49
1278 852 0 150 -100 -50
1281 854 0 -150 100 50
1281 854 0 -147 98 49
1281 854 0 -144 96 48
1281 854 0 -141 94 47
1281 854 0 -138 92 46
1281 854 0 -135 90 45
1281 854 0 -132 88 44
1281 854 0 -129 86 43
1281 854 0 -126 84 42
1281 854 0 -123 82 41
1281 854 0 -120 80 40
1281 854 0 -117 78 39
1281 854 0 -114 76 38
1281 854 0 -111 74 37
1281 854 0 -108 72 36
1281 854 0 -105 70 35
1281 854 0 -102 68 34
1281 854 0 -99 66 33
1281 854 0 -96 64 32
1281 854 0 -93 62 31
1281 854 0 -90 60 30
1281 854 0 -87 58 29
1281 854 0 -84 56 28
1281 854 0 -81 54 27
1281 854 0 -78 52 26
1281 854 0 -75 50 25
1281 854 0 -72 48 24
1281 854 0 -69 46 23
1281 854 0 -66 44 22
1281 854 0 -63 42 21
1281 854 0 -60 40 20
1281 854 0 -57 38 19
1281 854 0 -54 36 18
1281 854 0 -51 34 17
1281 854 0 -48 32 16
1281 854 0 -45 30 15
1281 854 0 -42 28 14
1281 854 0 -39 26 13
1281 854 0 -36 24 12
1281 854 0 -33 22 11
1281 854 0 -30 20 10
1281 854 0 -27 18 9
1281 854 0 -24 16 8
1281 854 0 -21 14 7
1281 854 0 -18 12 6
1281 854 0 -15 10 5
1281 854 0 -12 8 4
1281 854 0 -9 6 3
1281 854 0 -6 4 2
1281 854 0 -3 2 1
1281 854 0 3 -2 -1
1281 854 0 6 -4 -2
1281 854 0 9 -6 -3
1281 854 0 12 -8 -4
1281 854 0 15 -10 -5
1281 854 0 18 -12 -6
1281 854 0 21 -14 -7
1281 854 0 24 -16 -8
1281 854 0 27 -18 -9
1281 854 0 30 -20 -10
1281 854 0 33 -22 -11
1281 854 0 36 -24 -12
1281 854 0 39 -26 -13
1281 854 0 42 -28 -14
1281 854 0 45 -30 -15
1281 854 0 48 -32 -16
1281 854 0 51 -34 -17
1281 854 0 54 -36 -18
1281 854 0 57 -38 -19
1281 854 0 60 -40 -20
1281 854 0 63 -42 -21
1281 854 0 66 -44 -22
1281 854 0 69 -46 -23
1281 854 0 72 -48 -24
1281 854 0 75 -50 -25
1281 854 0 78 -52 -26
1281 854 0 81 -54 -27
1281 854 0 84 -56 -28
1281 854 0 87 -58 -29
1281 854 0 90 -60 -30
1281 854 0 93 -62 -31
1281 854 0 96 -64 -32
1281 854 0 99 -66 -33
1281 854 0 102 -68 -34
1281 854 0 105 -70 -35
1281 854 0 108 -72 -36
1281 854 0 111 -74 -37
1281 854 0 114 -76 -38
1281 854 0 117 -78 -39
1281 854 0 120 -80 -40
1281 854 0 123 -82 -41
1281 854 0 126 -84 -42
1281 854 0 129 -86 -43
1281 854 0 132 -88 -44
1281 854 0 135 -90 -45
1281 854 0 138 -92 -46
1281 854 0 141 -94 -47
1281 854 0 144 -96 -48
1281 854 0 147 -98 -49
1281 854 0 150 -100 -50
1284 856 0 -150 100 50
1284 856 0 -147 98 49
1284 856 0 -144 96 48
1284 856 0 -141 94 47
1284 856 0 -138 92 46
1284 856 0 -135 90 45
1284 856 0 -132 88 44
1284 856 0 -129 86 43
1284 856 0 -126 84 42
1284 856 0 -123 82 41
1284 856 0 -120 80 40
1284 856 0 -117 78 39
1284 856 0 -114 76 38
1284 856 0 -111 74 37
1284 856 0 -108 72 36
1284 856 0 -105 70 35
1284 856 0 -102 68 34
1284 856 0 -99 66 33
1284 856 0 -96 64 32
1284 856 0 -93 62 31
1284 856 0 -90 60 30
1284 856 0 -87 58 29
1284 856 0 -84 56 28
1284 856 0 -81 54 27
1284 856 0 -78 52 26
1284 856 0 -75 50 25
1284 856 0 -72 48 24
1284 856 0 -69 46 23
1284 856 0 -66 44 22
1284 856 0 -63 42 21
1284 856 0 -60 40 20
1284 856 0 -57 38 19
1284 856 0 -54 36 18
1284 856 0 -51 34 17
1284 856 0 -48 32 16
1284 856 0 -45 30 15
1284 856 0 -42 28 14
1284 856 0 -39 26 13
1284 856 0 -36 24 12
1284 856 0 -33 22 11
1284 856 0 -30 20 10
1284 856 0 -27 18 9
1284 856 0 -24 16 8
1284 856 0 -21 14 7
1284 856 0 -18 12 6
1284 856 0 -15 10 5
1284 856 0 -12 8 4
1284 856 0 -9 6 3
1284 856 0 -6 4 2
1284 856 0 -3 2 1
1284 856 0 3 -2 -1
1284 856 0 6 -4 -2
1284 856 0 9 -6 -3
1284 856 0 12 -8 -4
1284 856 0 15 -10 -5
1284 856 0 18 -12 -6
1284 856 0 21 -14 -7
1284 856 0 24 -16 -8
1284 856 0 27 -18 -9
1284 856 0 30 -20 -10
1284 856 0 33 -22 -11
1284 856 0 36 -24 -12
1284 856 0 39 -26 -13
1284 856 0 42 -28 -14
1284 856 0 45 -30 -15
1284 856 0 48 -32 -16
1284 856 0 51 -34 -17
1284 856 0 54 -36 -18
1284 856 0 57 -38 -19
1284 856 0 60 -40 -20
1284 856 0 63 -42 -21
1284 856 0 66 -44 -22
1284 856 0 69 -46 -23
1284 856 0 72 -48 -24
1284 856 0 75 -50 -25
1284 856 0 78 -52 -26
1284 856 0 81 -54 -27
1284 856 0 84 -56 -28
1284 856 0 87 -58 -29
1284 856 0 90 -60 -30
1284 856 0 93 -62 -31
1284 856 0 96 -64 -32
1284 856 0 99 -66 -33
1284 856 0 102 -68 -34
1284 856 0 105 -70 -35
1284 856 0 108 -72 -36
1284 856 0 111 -74 -37
1284 856 0 114 -76 -38
1284 856 0 117 -78 -39
1284 856 0 120 -80 -40
1284 856 0 123 -82 -41
1284 856 0 126 -84 -42
1284 856 0 129 -86 -43
1284 856 0 132 -88 -44
1284 856 0 135 -90 -45
1284 856 0 138 -92 -46
1284 856 0 141 -94 -47
1284 856 0 144 -96 -48
1284 856 0 147 -98 -49
1284 856 0 150 -100 -50
1287 858 0 -150 100 50
1287 858 0 -147 98 49
1287 858 0 -144 96 48
1287 858 0 -141 94 47
1287 858 0 -138 92 46
1287 858 0 -135 90 45
1287 858 0 -132 88 44
1287 858 0 -129 86 43
1287 858 0 -126 84 42
1287 858 0 -123 82 41
1287 858 0 -120 80 40
1287 858 0 -117 78 39
1287 858 0 -114 76 38
1287 858 0 -111 74 37
1287 858 0 -108 72 36
1287 858 0 -105 70 35
1287 858 0 -102 68 34
1287 858 0 -99 66 33
1287 858 0 -96 64 32
1287 858 0 -93 62 31
1287 858 0 -90 60 30
1287 858 0 -87 58 29
1287 858 0 -84 56 28
1287 858 0 -81 54 27
1287 858 0 -78 52 26
1287 858 0 -75 50 25
1287 858 0 -72 48 24
1287 858 0 -69 46 23
1287 858 0 -66 44 22
1287 858 0 -63 42 21
1287 858 0 -60 40 20
1287 858 0 -57 38 19
1287 858 0 -54 36 18
1287 858 0 -51 34 17
1287 858 0 -48 32 16
1287 858 0 -45 30 15
1287 858 0 -42 28 14
1287 858 0 -39 26 13
1287 858 0 -36 24 12
1287 858 0 -33 22 11
1287 858 0 -30 20 10
1287 858 0 -27 18 9
1287 858 0 -24 16 8
1287 858 0 -21 14 7
1287 858 0 -18 12 6
1287 858 0 -15 10 5
1287 858 0 -12 8 4
1287 858 0 -9 6 3
1287 858 0 -6 4 2
1287 858 0 -3 2 1
1287 858 0 3 -2 -1
1287 858 0 6 -4 -2
1287 858 0 9 -6 -3
1287 858 0 12 -8 -4
1287 858 0 15 -10 -5
1287 858 0 18 -12 -6
1287 858 0 21 -14 -7
1287 858 0 24 -16 -8
1287 858 0 27 -18 -9
1287 858 0 30 -20 -10
1287 858 0 33 -22 -11
1287 858 0 36 -24 -12
1287 858 0 39 -26 -13
1287 858 0 42 -28 -14
1287 858 0 45 -30 -15
1287 858 0 48 -32 -16
1287 858 0 51 -34 -17
1287 858 0 54 -36 -18
1287 858 0 57 -38 -19
1287 858 0 60 -40 -20
1287 858 0 63 -42 -21
1287 858 0 66 -44 -22
1287 858 0 69 -46 -23
1287 858 0 72 -48 -24
1287 858 0 75 -50 -25
1287 858 0 78 -52 -26
1287 858 0 81 -54 -27
1287 858 0 84 -56 -28
1287 858 0 87 -58 -29
1287 858 0 90 -60 -30
1287 858 0 93 -62 -31
1287 858 0 96 -64 -32
1287 858 0 99 -66 -33
1287 858 0 102 -68 -34
1287 858 0 105 -70 -35
1287 858 0 108 -72 -36
1287 858 0 111 -74 -37
1287 858 0 114 -76 -38
1287 858 0 117 -78 -39
1287 858 0 120 -80 -40
1287 858 0 123 -82 -41
1287 858 0 126 -84 -42
1287 858 0 129 -86 -43
1287 858 0 132 -88 -44
1287 858 0 135 -90 -45
1287 858 0 138 -92 -46
1287 858 0 141 -94 -47
1287 858 0 144 -96 -48
1287 858 0 147 -98 -49
1287 858 0 150 -100 -50
1290 860 0 -150 100 50
1290 860 0 -147 98 49
1290 860 0 -144 96 48
1290 860 0 -141 94 47
1290 860 0 -138 92 46
1290 860 0 -135 90 45
1290 860 0 -132 88 44
1290 860 0 -129 86 43
1290 860 0 -126 84 42
1290 860 0 -123 82 41
1290 860 0 -120 80 40
1290 860 0 -117 78 39
1290 860 0 -114 76 38
1290 860 0 -111 74 37
1290 860 0 -108 72 36
1290 860 0 -105 70 35
1290 860 0 -102 68 34
1290 860 0 -99 66 33
1290 860 0 -96 64 32
1290 860 0 -93 62 31
1290 860 0 -90 60 30
1290 860 0 -87 58 29
1290 860 0 -84 56 28
1290 860 0 -81 54 27
1290 860 0 -78 52 26
1290 860 0 -75 50 25
1290 860 0 -72 48 24
1290 860 0 -69 46 23
1290 860 0 -66 44 22
1290 860 0 -63 42 21
1290 860 0 -60 40 20
1290 860 0 -57 38 19
1290 860 0 -54 36 18
1290 860 0 -51 34 17
1290 860 0 -48 32 16
1290 860 0 -45 30 15
1290 860 0 -42 28 14
1290 860 0 -39 26 13
1290 860 0 -36 24 12
1290 860 0 -33 22 11
1290 860 0 -30 20 10
1290 860 0 -27 18 9
1290 860 0 -24 16 8
1290 860 0 -21 14 7
1290 860 0 -18 12 6
1290 860 0 -15 10 5
1290 860 0 -12 8 4
1290 860 0 -9 6 3
1290 860 0 -6 4 2
1290 860 0 -3 2 1
1290 860 0 3 -2 -1
1290 860 0 6 -4 -2
1290 860 0 9 -6 -3
1290 860 0 12 -8 -4
1290 860 0 15 -10 -5
1290 860 0 18 -12 -6
1290 860 0 21 -14 -7
1290 860 0 24 -16 -8
1290 860 0 27 -18 -9
1290 860 0 30 -20 -10
1290 860 0 33 -22 -11
1290 860 0 36 -24 -12
1290 860 0 39 -26 -13
1290 860 0 42 -28 -14
1290 860 0 45 -30 -15
1290 860 0 48 -32 -16
1290 860 0 51 -34 -17
1290 860 0 54 -36 -18
1290 860 0 57 -38 -19
1290 860 0 60 -40 -20
1290 860 0 63 -42 -21
1290 860 0 66 -44 -22
1290 860 0 69 -46 -23
1290 860 0 72 -48 -24
1290 860 0 75 -50 -25
1290 860 0 78 -52 -26
1290 860 0 81 -54 -27
1290 860 0 84 -56 -28
1290 860 0 87 -58 -29
1290 860 0 90 -60 -30
1290 860 0 93 -62 -31
1290 860 0 96 -64 -32
1290 860 0 99 -66 -33
1290 860 0 102 -68 -34
1290 860 0 105 -70 -35
1290 860 0 108 -72 -36
1290 860 0 111 -74 -37
1290 860 0 114 -76 -38
1290 860 0 117 -78 -39
1290 860 0 120 -80 -40
1290 860 0 123 -82 -41
1290 860 0 126 -84 -42
1290 860 0 129 -86 -43
1290 860 0 132 -88 -44
1290 860 0 135 -90 -45
1290 860 0 138 -92 -46
1290 860 0 141 -94 -47
1290 860 0 144 -96 -48
1290 860 0 147 -98 -49
1290 860 0 150 -100 -50
1293 862 0 -150 100 50
1293 862 0 -147 98 49
1293 862 0 -144 96 48
1293 862 0 -141 94 47
1293 862 0 -138 92 46
1293 862 0 -135 90 45
1293 862 0 -132 88 44
1293 862 0 -129 86 43
1293 862 0 -126 84 42
1293 862 0 -123 82 41
1293 862 0 -120 80 40
1293 862 0 -117 78 39
1293 862 0 -114 76 38
1293 862 0 -111 74 37
1293 862 0 -108 72 36
1293 862 0 -105 70 35
1293 862 0 -102 68 34
1293 862 0 -99 66 33
1293 862 0 -96 64 32
1293 862 0 -93 62 31
1293 862 0 -90 60 30
1293 862 0 -87 58 29
1293 862 0 -84 56 28
1293 862 0 -81 54 27
1293 862 0 -78 52 26
1293 862 0 -75 50 25
1293 862 0 -72 48 24
1293 862 0 -69 46 23
1293 862 0 -66 44 22
1293 862 0 -63 42 21
1293 862 0 -60 40 20
1293 862 0 -57 38 19
1293 862 0 -54 36 18
1293 862 0 -51 34 17
1293 862 0 -48 32 16
1293 862 0 -45 30 15
1293 862 0 -42 28 14
1293 862 0 -39 26 13
1293 862 0 -36 24 12
1293 862 0 -33 22 11
1293 862 0 -30 20 10
1293 862 0 -27 18 9
1293 862 0 -24 16 8
1293 862 0 -21 14 7
1293 862 0 -18 12 6
1293 862 0 -15 10 5
1293 862 0 -12 8 4
1293 862 0 -9 6 3
1293 862 0 -6 4 2
1293 862 0 -3 2 1
1293 862 0 3 -2 -1
1293 862 0 6 -4 -2
1293 862 0 9 -6 -3
1293 862 0 12 -8 -4
1293 862 0 15 -10 -5
1293 862 0 18 -12 -6
1293 862 0 21 -14 -7
1293 862 0 24 -16 -8
1293 862 0 27 -18 -9
1293 862 0 30 -20 -10
1293 862 0 33 -22 -11
1293 862 0 36 -24 -12
1293 862 0 39 -26 -13
1293 862 0 42 -28 -14
1293 862 0 45 -30 -15
1293 862 0 48 -32 -16
1293 862 0 51 -34 -17
1293 862 0 54 -36 -18
1293 862 0 57 -38 -19
1293 862 0 60 -40 -20
1293 862 0 63 -42 -21
1293 862 0 66 -44 -22
1293 862 0 69 -46 -23
1293 862 0 72 -48 -24
1293 862 0 75 -50 -25
1293 862 0 78 -52 -26
1293 862 0 81 -54 -27
1293 862 0 84 -56 -28
1293 862 0 87 -58 -29
1293 862 0 90 -60 -30
1293 862 0 93 -62 -31
1293 862 0 96 -64 -32
1293 862 0 99 -66 -33
1293 862 0 102 -68 -34
1293 862 0 105 -70 -35
1293 862 0 108 -72 -36
1293 862 0 111 -74 -37
1293 862 0 114 -76 -38
1293 862 0 117 -78 -39
1293 862 0 120 -80 -40
1293 862 0 123 -82 -41
1293 862 0 126 -84 -42
1293 862 0 129 -86 -43
1293 862 0 132 -88 -44
1293 862 0 135 -90 -45
1293 862 0 138 -92 -46
1293 862 0 141 -94 -47
1293 862 0 144 -96 -48
1293 862 0 147 -98 -49
1293 862 0 150 -100 -50
1296 864 0 -150 100 50
1296 864 0 -147 98 49
1296 864 0 -144 96 48
1296 864 0 -141 94 47
1296 864 0 -138 92 46
1296 864 0 -135 90 45
1296 864 0 -132 88 44
1296 864 0 -129 86 43
1296 864 0 -126 84 42
1296 864 0 -123 82 41
1296 864 0 -120 80 40
1296 864 0 -117 78 39
1296 864 0 -114 76 38
1296 864 0 -111 74 37
1296 864 0 -108 72 36
1296 864 0 -105 70 35
1296 864 0 -102 68 34
1296 864 0 -99 66 33
1296 864 0 -96 64 32
1296 864 0 -93 62 31
1296 864 0 -90 60 30
1296 864 0 -87 58 29
1296 864 0 -84 56 28
1296 864 0 -81 54 27
1296 864 0 -78 52 26
1296 864 0 -75 50 25
1296 864 0 -72 48 24
1296 864 0 -69 46 23
1296 864 0 -66 44 22
1296 864 0 -63 42 21
1296 864 0 -60 40 20
1296 864 0 -57 38 19
1296 864 0 -54 36 18
1296 864 0 -51 34 17
1296 864 0 -48 32 16
1296 864 0 -45 30 15
1296 864 0 -42 28 14
1296 864 0 -39 26 13
1296 864 0 -36 24 12
1296 864 0 -33 22 11
1296 864 0 -30 20 10
1296 864 0 -27 18 9
1296 864 0 -24 16 8
1296 864 0 -21 14 7
1296 864 0 -18 12 6
1296 864 0 -15 10 5
1296 864 0 -12 8 4
1296 864 0 -9 6 3
1296 864 0 -6 4 2
1296 864 0 -3 2 1
1296 864 0 3 -2 -1
1296 864 0 6 -4 -2
1296 864 0 9 -6 -3
1296 864 0 12 -8 -4
1296 864 0 15 -10 -5
1296 864 0 18 -12 -6
1296 864 0 21 -14 -7
1296 864 0 24 -16 -8
1296 864 0 27 -18 -9
1296 864 0 30 -20 -10
1296 864 0 33 -22 -11
1296 864 0 36 -24 -12
1296 864 0 39 -26 -13
1296 864 0 42 -28 -14
1296 864 0 45 -30 -15
1296 864 0 48 -32 -16
1296 864 0 51 -34 -17
1296 864 0 54 -36 -18
1296 864 0 57 -38 -19
1296 864 0 60 -40 -20
1296 864 0 63 -42 -21
1296 864 0 66 -44 -22
1296 864 0 69 -46 -23
1296 864 0 72 -48 -24
1296 864 0 75 -50 -25
1296 864 0 78 -52 -26
1296 864 0 81 -54 -27
1296 864 0 84 -56 -28
1296 864 0 87 -58 -29
1296 864 0 90 -60 -30
1296 864 0 93 -62 -31
1296 864 0 96 -64 -32
1296 864 0 99 -66 -33
1296 864 0 102 -68 -34
1296 864 0 105 -70 -35
1296 864 0 108 -72 -36
1296 864 0 111 -74 -37
1296 864 0 114 -76 -38
1296 864 0 117 -78 -39
1296 864 0 120 -80 -40
1296 864 0 123 -82 -41
1296 864 0 126 -84 -42
1296 864 0 129 -86 -43
1296 864 0 132 -88 -44
1296 864 0 135 -90 -45
1296 864 0 138 -92 -46
1296 864 0 141 -94 -47
1296 864 0 144 -96 -48
1296 864 0 147 -98 -49
1296 864 0 150 -100 -50
1299 866 0 -150 100 50
1299 866 0 -147 98 49
1299 866 0 -144 96 48
1299 866 0 -141 94 47
1299 866 0 -138 92 46
1299 866 0 -135 90 45
1299 866 0 -132 88 44
1299 866 0 -129 86 43
1299 866 0 -126 84 42
1299 866 0 -123 82 41
1299 866 0 -120 80 40
1299 866 0 -117 78 39
1299 866 0 -114 76 38
1299 866 0 -111 74 37
1299 866 0 -108 72 36
1299 866 0 -105 70 35
1299 866 0 -102 68 34
1299 866 0 -99 66 33
1299 866 0 -96 64 32
1299 866 0 -93 62 31
1299 866 0 -90 60 30
1299 866 0 -87 58 29
1299 866 0 -84 56 28
1299 866 0 -81 54 27
1299 866 0 -78 52 26
1299 866 0 -75 50 25
1299 866 0 -72 48 24
1299 866 0 -69 46 23
1299 866 0 -66 44 22
1299 866 0 -63 42 21
1299 866 0 -60 40 20
1299 866 0 -57 38 19
1299 866 0 -54 36 18
1299 866 0 -51 34 17
1299 866 0 -48 32 16
1299 866 0 -45 30 15
1299 866 0 -42 28 14
1299 866 0 -39 26 13
1299 866 0 -36 24 12
1299 866 0 -33 22 11
1299 866 0 -30 20 10
1299 866 0 -27 18 9
1299 866 0 -24 16 8
1299 866 0 -21 14 7
1299 866 0 -18 12 6
1299 866 0 -15 10 5
1299 866 0 -12 8 4
1299 866 0 -9 6 3
1299 866 0 -6 4 2
1299 866 0 -3 2 1
1299 866 0 3 -2 -1
1299 866 0 6 -4 -2
1299 866 0 9 -6 -3
1299 866 0 12 -8 -4
1299 866 0 15 -10 -5
1299 866 0 18 -12 -6
1299 866 0 21 -14 -7
1299 866 0 24 -16 -8
1299 866 0 27 -18 -9
1299 866 0 30 -20 -10
1299 866 0 33 -22 -11
1299 866 0 36 -24 -12
1299 866 0 39 -26 -13
1299 866 0 42 -28 -14
1299 866 0 45 -30 -15
1299 866 0 48 -32 -16
1299 866 0 51 -34 -17
1299 866 0 54 -36 -18
1299 866 0 57 -38 -19
1299 866 0 60 -40 -20
1299 866 0 63 -42 -21
1299 866 0 66 -44 -22
1299 866 0 69 -46 -23
1299 866 0 72 -48 -24
1299 866 0 75 -50 -25
1299 866 0 78 -52 -26
1299 866 0 81 -54 -27
1299 866 0 84 -56 -28
1299 866 0 87 -58 -29
1299 866 0 90 -60 -30
1299 866 0 93 -62 -31
1299 866 0 96 -64 -32
1299 866 0 99 -66 -33
1299 866 0 102 -68 -34
1299 866 0 105 -70 -35
1299 866 0 108 -72 -36
1299 866 0 111 -74 -37
1299 866 0 114 -76 -38
1299 866 0 117 -78 -39
1299 866 0 120 -80 -40
1299 866 0 123 -82 -41
1299 866 0 126 -84 -42
1299 866 0 129 -86 -43
1299 866 0 132 -88 -44
1299 866 0 135 -90 -45
1299 866 0 138 -92 -46
1299 866 0 141 -94 -47
1299 866 0 144 -96 -48
1299 866 0 147 -98 -49
1299 866 0 150 -100 -50
1302 868 0 -150 100 50
1302 868 0 -147 98 49
1302 868 0 -144 96 48
1302 868 0 -141 94 47
1302 868 0 -138 92 46
1302 868 0 -135 90 45
1302 868 0 -132 88 44
1302 868 0 -129 86 43
1302 868 0 -126 84 42
1302 868 0 -123 82 41
1302 868 0 -120 80 40
1302 868 0 -117 78 39
1302 868 0 -114 76 38
1302 868 0 -111 74 37
1302 868 0 -108 72 36
1302 868 0 -105 70 35
1302 868 0 -102 68 34
1302 868 0 -99 66 33
1302 868 0 -96 64 32
1302 868 0 -93 62 31
1302 868 0 -90 60 30
1302 868 0 -87 58 29
1302 868 0 -84 56 28
1302 868 0 -81 54 27
1302 868 0 -78 52 26
1302 868 0 -75 50 25
1302 868 0 -72 48 24
1302 868 0 -69 46 23
1302 868 0 -66 44 22
1302 868 0 -63 42 21
1302 868 0 -60 40 20
1302 868 0 -57 38 19
1302 868 0 -54 36 18
1302 868 0 -51 34 17
1302 868 0 -48 32 16
1302 868 0 -45 30 15
1302 868 0 -42 28 14
1302 868 0 -39 26 13
1302 868 0 -36 24 12
1302 868 0 -33 22 11
1302 868 0 -30 20 10
1302 868 0 -27 18 9
1302 868 0 -24 16 8
1302 868 0 -21 14 7
1302 868 0 -18 12 6
1302 868 0 -15 10 5
1302 868 0 -12 8 4
1302 868 0 -9 6 3
1302 868 0 -6 4 2
1302 868 0 -3 2 1
1302 868 0 3 -2 -1
1302 868 0 6 -4 -2
1302 868 0 9 -6 -3
1302 868 0 12 -8 -4
1302 868 0 15 -10 -5
1302 868 0 18 -12 -6
1302 868 0 21 -14 -7
1302 868 0 24 -16 -8
1302 868 0 27 -18 -9
1302 868 0 30 -20 -10
1302 868 0 33 -22 -11
1302 868 0 36 -24 -12
1302 868 0 39 -26 -13
1302 868 0 42 -28 -14
1302 868 0 45 -30 -15
1302 868 0 48 -32 -16
1302 868 0 51 -34 -17
1302 868 0 54 -36 -18
1302 868 0 57 -38 -19
1302 868 0 60 -40 -20
1302 868 0 63 -42 -21
1302 868 0 66 -44 -22
1302 868 0 69 -46 -23
1302 868 0 72 -48 -24
1302 868 0 75 -50 -25
1302 868 0 78 -52 -26
1302 868 0 81 -54 -27
1302 868 0 84 -56 -28
1302 868 0 87 -58 -29
1302 868 0 90 -60 -30
1302 868 0 93 -62 -31
1302 868 0 96 -64 -32
1302 868 0 99 -66 -33
1302 868 0 102 -68 -34
1302 868 0 105 -70 -35
1302 868 0 108 -72 -36
1302 868 0 111 -74 -37
1302 868 0 114 -76 -38
1302 868 0 117 -78 -39
1302 868 0 120 -80 -40
1302 868 0 123 -82 -41
1302 868 0 126 -84 -42
1302 868 0 129 -86 -43
1302 868 0 132 -88 -44
1302 868 0 135 -90 -45
1302 868 0 138 -92 -46
1302 868 0 141 -94 -47
1302 868 0 144 -96 -48
1302 868 0 147 -98 -49
1302 868 0 150 -100 -50
1305 870 0 -150 100 50
1305 870 0 -147 98 49
1305 870 0 -144 96 48
1305 870 0 -141 94 47
1305 870 0 -138 92 46
1305 870 0 -135 90 45
1305 870 0 -132 88 44
1305 870 0 -129 86 43
1305 870 0 -126 84 42
1305 870 0 -123 82 41
1305 870 0 -120 80 40
1305 870 0 -117 78 39
1305 870 0 -114 76 38
1305 870 0 -111 74 37
1305 870 0 -108 72 36
1305 870 0 -105 70 35
1305 870 0 -102 68 34
1305 870 0 -99 66 33
1305 870 0 -96 64 32
1305 870 0 -93 62 31
1305 870 0 -90 60 30
1305 870 0 -87 58 29
1305 870 0 -84 56 28
1305 870 0 -81 54 27
1305 870 0 -78 52 26
1305 870 0 -75 50 25
1305 870 0 -72 48 24
1305 870 0 -69 46 23
1305 870 0 -66 44 22
1305 870 0 -63 42 21
1305 870 0 -60 40 20
1305 870 0 -57 38 19
1305 870 0 -54 36 18
1305 870 0 -51 34 17
1305 870 0 -48 32 16
1305 870 0 -45 30 15
1305 870 0 -42 28 14
1305 870 0 -39 26 13
1305 870 0 -36 24 12
1305 870 0 -33 22 11
1305 870 0 -30 20 10
1305 870 0 -27 18 9
1305 870 0 -24 16 8
1305 870 0 -21 14 7
1305 870 0 -18 12 6
1305 870 0 -15 10 5
1305 870 0 -12 8 4
1305 870 0 -9 6 3
1305 870 0 -6 4 2
1305 870 0 -3 2 1
1305 870 0 3 -2 -1
1305 870 0 6 -4 -2
1305 870 0 9 -6 -3
1305 870 0 12 -8 -4
1305 870 0 15 -10 -5
1305 870 0 18 -12 -6
1305 870 0 21 -14 -7
1305 870 0 24 -16 -8
1305 870 0 27 -18 -9
1305 870 0 30 -20 -10
1305 870 0 33 -22 -11
1305 870 0 36 -24 -12
1305 870 0 39 -26 -13
1305 870 0 42 -28 -14
1305 870 0 45 -30 -15
1305 870 0 48 -32 -16
1305 870 0 51 -34 -17
1305 870 0 54 -36 -18
1305 870 0 57 -38 -19
1305 870 0 60 -40 -20
1305 870 0 63 -42 -21
1305 870 0 66 -44 -22
1305 870 0 69 -46 -23
1305 870 0 72 -48 -24
1305 870 0 75 -50 -25
1305 870 0 78 -52 -26
1305 870 0 81 -54 -27
1305 870 0 84 -56 -28
1305 870 0 87 -58 -29
1305 870 0 90 -60 -30
1305 870 0 93 -62 -31
1305 870 0 96 -64 -32
1305 870 0 99 -66 -33
1305 870 0 102 -68 -34
1305 870 0 105 -70 -35
1305 870 0 108 -72 -36
1305 870 0 111 -74 -37
1305 870 0 114 -76 -38
1305 870 0 117 -78 -39
1305 870 0 120 -80 -40
1305 870 0 123 -82 -41
1305 870 0 126 -84 -42
1305 870 0 129 -86 -43
1305 870 0 132 -88 -44
1305 870 0 135 -90 -45
1305 870 0 138 -92 -46
1305 870 0 141 -94 -47
1305 870 0 144 -96 -48
1305 870 0 147 -98 -49
1305 870 0 150 -100 -50
1308 872 0 -150 100 50
1308 872 0 -147 98 49
1308 872 0 -144 96 48
1308 872 0 -141 94 47
1308 872 0 -138 92 46
1308 872 0 -135 90 45
1308 872 0 -132 88 44
1308 872 0 -129 86 43
1308 872 0 -126 84 42
1308 872 0 -123 82 41
1308 872 0 -120 80 40
1308 872 0 -117 78 39
1308 872 0 -114 76 38
1308 872 0 -111 74 37
1308 872 0 -108 72 36
1308 872 0 -105 70 35
1308 872 0 -102 68 34
1308 872 0 -99 66 33
1308 872 0 -96 64 32
1308 872 0 -93 62 31
1308 872 0 -90 60 30
1308 872 0 -87 58 29
1308 872 0 -84 56 28
1308 872 0 -81 54 27
1308 872 0 -78 52 26
1308 872 0 -75 50 25
1308 872 0 -72 48 24
1308 872 0 -69 46 23
1308 872 0 -66 44 22
1308 872 0 -63 42 21
1308 872 0 -60 40 20
1308 872 0 -57 38 19
1308 872 0 -54 36 18
1308 872 0 -51 34 17
1308 872 0 -48 32 16
1308 872 0 -45 30 15
1308 872 0 -42 28 14
1308 872 0 -39 26 13
1308 872 0 -36 24 12
1308 872 0 -33 22 11
1308 872 0 -30 20 10
1308 872 0 -27 18 9
1308 872 0 -24 16 8
1308 872 0 -21 14 7
1308 872 0 -18 12 6
1308 872 0 -15 10 5
1308 872 0 -12 8 4
1308 872 0 -9 6 3
1308 872 0 -6 4 2
1308 872 0 -3 2 1
1308 872 0 3 -2 -1
1308 872 0 6 -4 -2
1308 872 0 9 -6 -3
1308 872 0 12 -8 -4
1308 872 0 15 -10 -5
1308 872 0 18 -12 -6
1308 872 0 21 -14 -7
1308 872 0 24 -16 -8
1308 872 0 27 -18 -9
1308 872 0 30 -20 -10
1308 872 0 33 -22 -11
1308 872 0 36 -24 -12
1308 872 0 39 -26 -13
1308 872 0 42 -28 -14
1308 872 0 45 -30 -15
1308 872 0 48 -32 -16
1308 872 0 51 -34 -17
1308 872 0 54 -36 -18
1308 872 0 57 -38 -19
1308 872 0 60 -40 -20
1308 872 0 63 -42 -21
1308 872 0 66 -44 -22
1308 872 0 69 -46 -23
1308 872 0 72 -48 -24
1308 872 0 75 -50 -25
1308 872 0 78 -52 -26
1308 872 0 81 -54 -27
1308 872 0 84 -56 -28
1308 872 0 87 -58 -29
1308 872 0 90 -60 -30
1308 872 0 93 -62 -31
1308 872 0 96 -64 -32
1308 872 0 99 -66 -33
1308 872 0 102 -68 -34
1308 872 0 105 -70 -35
1308 872 0 108 -72 -36
1308 872 0 111 -74 -37
1308 872 0 114 -76 -38
1308 872 0 117 -78 -39
1308 872 0 120 -80 -40
1308 872 0 123 -82 -41
1308 872 0 126 -84 -42
1308 872 0 129 -86 -43
1308 872 0 132 -88 -44
1308 872 0 135 -90 -45
1308 872 0 138 -92 -46
1308 872 0 141 -94 -47
1308 872 0 144 -96 -48
1308 872 0 147 -98 -49
1308 872 0 150 -100 -50
1311 874 0 -150 100 50
1311 874 0 -147 98 49
1311 874 0 -144 96 48
1311 874 0 -141 94 47
1311 874 0 -138 92 46
1311 874 0 -135 90 45
1311 874 0 -132 88 44
1311 874 0 -129 86 43
1311 874 0 -126 84 42
1311 874 0 -123 82 41
1311 874 0 -120 80 40
1311 874 0 -117 78 39
1311 874 0 -114 76 38
1311 874 0 -111 74 37
1311 874 0 -108 72 36
1311 874 0 -105 70 35
1311 874 0 -102 68 34
1311 874 0 -99 66 33
1311 874 0 -96 64 32
1311 874 0 -93 62 31
1311 874 0 -90 60 30
1311 874 0 -87 58 29
1311 874 0 -84 56 28
1311 874 0 -81 54 27
1311 874 0 -78 52 26
1311 874 0 -75 50 25
1311 874 0 -72 48 24
1311 874 0 -69 46 23
1311 874 0 -66 44 22
1311 874 0 -63 42 21
1311 874 0 -60 40 20
1311 874 0 -57 38 19
1311 874 0 -54 36 18
1311 874 0 -51 34 17
1311 874 0 -48 32 16
1311 874 0 -45 30 15
1311 874 0 -42 28 14
1311 874 0 -39 26 13
1311 874 0 -36 24 12
1311 874 0 -33 22 11
1311 874 0 -30 20 10
1311 874 0 -27 18 9
1311 874 0 -24 16 8
1311 874 0 -21 14 7
1311 874 0 -18 12 6
1311 874 0 -15 10 5
1311 874 0 -12 8 4
1311 874 0 -9 6 3
1311 874 0 -6 4 2
1311 874 0 -3 2 1
1311 874 0 3 -2 -1
1311 874 0 6 -4 -2
1311 874 0 9 -6 -3
1311 874 0 12 -8 -4
1311 874 0 15 -10 -5
1311 874 0 18 -12 -6
1311 874 0 21 -14 -7
1311 874 0 24 -16 -8
1311 874 0 27 -18 -9
1311 874 0 30 -20 -10
1311 874 0 33 -22 -11
1311 874 0 36 -24 -12
1311 874 0 39 -26 -13
1311 874 0 42 -28 -14
1311 874 0 45 -30 -15
1311 874 0 48 -32 -16
1311 874 0 51 -34 -17
1311 874 0 54 -36 -18
1311 874 0 57 -38 -19
1311 874 0 60 -40 -20
1311 874 0 63 -42 -21
1311 874 0 66 -44 -22
1311 874 0 69 -46 -23
1311 874 0 72 -48 -24
1311 874 0 75 -50 -25
1311 874 0 78 -52 -26
1311 874 0 81 -54 -27
1311 874 0 84 -56 -28
1311 874 0 87 -58 -29
1311 874 0 90 -60 -30
1311 874 0 93 -62 -31
1311 874 0 96 -64 -32
1311 874 0 99 -66 -33
1311 874 0 102 -68 -34
1311 874 0 105 -70 -35
1311 874 0 108 -72 -36
1311 874 0 111 -74 -37
1311 874 0 114 -76 -38
1311 874 0 117 -78 -39
1311 874 0 120 -80 -40
1311 874 0 123 -82 -41
1311 874 0 126 -84 -42
1311 874 0 129 -86 -43
1311 874 0 132 -88 -44
1311 874 0 135 -90 -45
1311 874 0 138 -92 -46
1311 874 0 141 -94 -47
1311 874 0 144 -96 -48
1311 874 0 147 -98 -49
1311 874 0 150 -100 -50
1314 876 0 -150 100 50
1314 876 0 -147 98 49
1314 876 0 -144 96 48
1314 876 0 -141 94 47
1314 876 0 -138 92 46
1314 876 0 -135 90 45
1314 876 0 -132 88 44
1314 876 0 -129 86 43
1314 876 0 -126 84 42
1314 876 0 -123 82 41
1314 876 0 -120 80 40
1314 876 0 -117 78 39
1314 876 0 -114 76 38
1314 876 0 -111 74 37
1314 876 0 -108 72 36
1314 876 0 -105 70 35
1314 876 0 -102 68 34
1314 876 0 -99 66 33
1314 876 0 -96 64 32
1314 876 0 -93 62 31
1314 876 0 -90 60 30
1314 876 0 -87 58 29
1314 876 0 -84 56 28
1314 876 0 -81 54 27
1314 876 0 -78 52 26
1314 876 0 -75 50 25
1314 876 0 -72 48 24
1314 876 0 -69 46 23
1314 876 0 -66 44 22
1314 876 0 -63 42 21
1314 876 0 -60 40 20
1314 876 0 -57 38 19
1314 876 0 -54 36 18
1314 876 0 -51 34 17
1314 876 0 -48 32 16
1314 876 0 -45 30 15
1314 876 0 -42 28 14
1314 876 0 -39 26 13
1314 876 0 -36 24 12
1314 876 0 -33 22 11
1314 876 0 -30 20 10
1314 876 0 -27 18 9
1314 876 0 -24 16 8
1314 876 0 -21 14 7
1314 876 0 -18 12 6
1314 876 0 -15 10 5
1314 876 0 -12 8 4
1314 876 0 -9 6 3
1314 876 0 -6 4 2
1314 876 0 -3 2 1
1314 876 0 3 -2 -1
1314 876 0 6 -4 -2
1314 876 0 9 -6 -3
1314 876 0 12 -8 -4
1314 876 0 15 -10 -5
1314 876 0 18 -12 -6
1314 876 0 21 -14 -7
1314 876 0 24 -16 -8
1314 876 0 27 -18 -9
1314 876 0 30 -20 -10
1314 876 0 33 -22 -11
1314 876 0 36 -24 -12
1314 876 0 39 -26 -13
1314 876 0 42 -28 -14
1314 876 0 45 -30 -15
1314 876 0 48 -32 -16
1314 876 0 51 -34 -17
1314 876 0 54 -36 -18
1314 876 0 57 -38 -19
1314 876 0 60 -40 -20
1314 876 0 63 -42 -21
1314 876 0 66 -44 -22
1314 876 0 69 -46 -23
1314 876 0 72 -48 -24
1314 876 0 75 -50 -25
1314 876 0 78 -52 -26
1314 876 0 81 -54 -27
1314 876 0 84 -56 -28
1314 876 0 87 -58 -29
1314 876 0 90 -60 -30
1314 876 0 93 -62 -31
1314 876 0 96 -64 -32
1314 876 0 99 -66 -33
1314 876 0 102 -68 -34
1314 876 0 105 -70 -35
1314 876 0 108 -72 -36
1314 876 0 111 -74 -37
1314 876 0 114 -76 -38
1314 876 0 117 -78 -39
1314 876 0 120 -80 -40
1314 876 0 123 -82 -41
1314 876 0 126 -84 -42
1314 876 0 129 -86 -43
1314 876 0 132 -88 -44
1314 876 0 135 -90 -45
1314 876 0 138 -92 -46
1314 876 0 141 -94 -47
1314 876 0 144 -96 -48
1314 876 0 147 -98 -49
1314 876 0 150 -100 -50
1317 878 0 -150 100 50
1317 878 0 -147 98 49
1317 878 0 -144 96 48
1317 878 0 -141 94 47
1317 878 0 -138 92 46
1317 878 0 -135 90 45
1317 878 0 -132 88 44
1317 878 0 -129 86 43
1317 878 0 -126 84 42
1317 878 0 -123 82 41
1317 878 0 -120 80 40
1317 878 0 -117 78 39
1317 878 0 -114 76 38
1317 878 0 -111 74 37
1317 878 0 -108 72 36
1317 878 0 -105 70 35
1317 878 0 -102 68 34
1317 878 0 -99 66 33
1317 878 0 -96 64 32
1317 878 0 -93 62 31
1317 878 0 -90 60 30
1317 878 0 -87 58 29
1317 878 0 -84 56 28
1317 878 0 -81 54 27
1317 878 0 -78 52 26
1317 878 0 -75 50 25
1317 878 0 -72 48 24
1317 878 0 -69 46 23
1317 878 0 -66 44 22
1317 878 0 -63 42 21
1317 878 0 -60 40 20
1317 878 0 -57 38 19
1317 878 0 -54 36 18
1317 878 0 -51 34 17
1317 878 0 -48 32 16
1317 878 0 -45 30 15
1317 878 0 -42 28 14
1317 878 0 -39 26 13
1317 878 0 -36 24 12
1317 878 0 -33 22 11
1317 878 0 -30 20 10
1317 878 0 -27 18 9
1317 878 0 -24 16 8
1317 878 0 -21 14 7
1317 878 0 -18 12 6
1317 878 0 -15 10 5
1317 878 0 -12 8 4
1317 878 0 -9 6 3
1317 878 0 -6 4 2
1317 878 0 -3 2 1
1317 878 0 3 -2 -1
1317 878 0 6 -4 -2
1317 878 0 9 -6 -3
1317 878 0 12 -8 -4
1317 878 0 15 -10 -5
1317 878 0 18 -12 -6
1317 878 0 21 -14 -7
1317 878 0 24 -16 -8
1317 878 0 27 -18 -9
1317 878 0 30 -20 -10
1317 878 0 33 -22 -11
1317 878 0 36 -24 -12
1317 878 0 39 -26 -13
1317 878 0 42 -28 -14
1317 878 0 45 -30 -15
1317 878 0 48 -32 -16
1317 878 0 51 -34 -17
1317 878 0 54 -36 -18
1317 878 0 57 -38 -19
1317 878 0 60 -40 -20
1317 878 0 63 -42 -21
1317 878 0 66 -44 -22
1317 878 0 69 -46 -23
1317 878 0 72 -48 -24
1317 878 0 75 -50 -25
1317 878 0 78 -52 -26
1317 878 0 81 -54 -27
1317 878 0 84 -56 -28
1317 878 0 87 -58 -29
1317 878 0 90 -60 -30
1317 878 0 93 -62 -31
1317 878 0 96 -64 -32
1317 878 0 99 -66 -33
1317 878 0 102 -68 -34
1317 878 0 105 -70 -35
1317 878 0 108 -72 -36
1317 878 0 111 -74 -37
1317 878 0 114 -76 -38
1317 878 0 117 -78 -39
1317 878 0 120 -80 -40
1317 878 0 123 -82 -41
1317 878 0 126 -84 -42
1317 878 0 129 -86 -43
1317 878 0 132 -88 -44
1317 878 0 135 -90 -45
1317 878 0 138 -92 -46
1317 878 0 141 -94 -47
1317 878 0 144 -96 -48
1317 878 0 147 -98 -49
1317 878 0 150 -100 -50
1320 880 0 -150 100 50
1320 880 0 -147 98 49
1320 880 0 -144 96 48
1320 880 0 -141 94 47
1320 880 0 -138 92 46
1320 880 0 -135 90 45
1320 880 0 -132 88 44
1320 880 0 -129 86 43
1320 880 0 -126 84 42
1320 880 0 -123 82 41
1320 880 0 -120 80 40
1320 880 0 -117 78 39
1320 880 0 -114 76 38
1320 880 0 -111 74 37
1320 880 0 -108 72 36
1320 880 0 -105 70 35
1320 880 0 -102 68 34
1320 880 0 -99 66 33
1320 880 0 -96 64 32
1320 880 0 -93 62 31
1320 880 0 -90 60 30
1320 880 0 -87 58 29
1320 880 0 -84 56 28
1320 880 0 -81 54 27
1320 880 0 -78 52 26
1320 880 0 -75 50 25
1320 880 0 -72 48 24
1320 880 0 -69 46 23
1320 880 0 -66 44 22
1320 880 0 -63 42 21
1320 880 0 -60 40 20
1320 880 0 -57 38 19
1320 880 0 -54 36 18
1320 880 0 -51 34 17
1320 880 0 -48 32 16
1320 880 0 -45 30 15
1320 880 0 -42 28 14
1320 880 0 -39 26 13
1320 880 0 -36 24 12
1320 880 0 -33 22 11
1320 880 0 -30 20 10
1320 880 0 -27 18 9
1320 880 0 -24 16 8
1320 880 0 -21 14 7
1320 880 0 -18 12 6
1320 880 0 -15 10 5
1320 880 0 -12 8 4
1320 880 0 -9 6 3
1320 880 0 -6 4 2
1320 880 0 -3 2 1
1320 880 0 3 -2 -1
1320 880 0 6 -4 -2
1320 880 0 9 -6 -3
1320 880 0 12 -8 -4
1320 880 0 15 -10 -5
1320 880 0 18 -12 -6
1320 880 0 21 -14 -7
1320 880 0 24 -16 -8
1320 880 0 27 -18 -9
1320 880 0 30 -20 -10
1320 880 0 33 -22 -11
1320 880 0 36 -24 -12
1320 880 0 39 -26 -13
1320 880 0 42 -28 -14
1320 880 0 45 -30 -15
1320 880 0 48 -32 -16
1320 880 0 51 -34 -17
1320 880 0 54 -36 -18
1320 880 0 57 -38 -19
1320 880 0 60 -40 -20
1320 880 0 63 -42 -21
1320 880 0 66 -44 -22
1320 880 0 69 -46 -23
1320 880 0 72 -48 -24
1320 880 0 75 -50 -25
1320 880 0 78 -52 -26
1320 880 0 81 -54 -27
1320 880 0 84 -56 -28
1320 880 0 87 -58 -29
1320 880 0 90 -60 -30
1320 880 0 93 -62 -31
1320 880 0 96 -64 -32
1320 880 0 99 -66 -33
1320 880 0 102 -68 -34
1320 880 0 105 -70 -35
1320 880 0 108 -72 -36
1320 880 0 111 -74 -37
1320 880 0 114 -76 -38
1320 880 0 117 -78 -39
1320 880 0 120 -80 -40
1320 880 0 123 -82 -41
1320 880 0 126 -84 -42
1320 880 0 129 -86 -43
1320 880 0 132 -88 -44
1320 880 0 135 -90 -45
1320 880 0 138 -92 -46
1320 880 0 141 -94 -47
1320 880 0 144 -96 -48
1320 880 0 147 -98 -49
1320 880 0 150 -100 -50
1323 882 0 -150 100 50
1323 882 0 -147 98 49
1323 882 0 -144 96 48
1323 882 0 -141 94 47
1323 882 0 -138 92 46
1323 882 0 -135 90 45
1323 882 0 -132 88 44
1323 882 0 -129 86 43
1323 882 0 -126 84 42
1323 882 0 -123 82 41
1323 882 0 -120 80 40
1323 882 0 -117 78 39
1323 882 0 -114 76 38
1323 882 0 -111 74 37
1323 882 0 -108 72 36
1323 882 0 -105 70 35
1323 882 0 -102 68 34
1323 882 0 -99 66 33
1323 882 0 -96 64 32
1323 882 0 -93 62 31
1323 882 0 -90 60 30
1323 882 0 -87 58 29
1323 882 0 -84 56 28
1323 882 0 -81 54 27
1323 882 0 -78 52 26
1323 882 0 -75 50 25
1323 882 0 -72 48 24
1323 882 0 -69 46 23
1323 882 0 -66 44 22
1323 882 0 -63 42 21
1323 882 0 -60 40 20
1323 882 0 -57 38 19
1323 882 0 -54 36 18
1323 882 0 -51 34 17
1323 882 0 -48 32 16
1323 882 0 -45 30 15
1323 882 0 -42 28 14
1323 882 0 -39 26 13
1323 882 0 -36 24 12
1323 882 0 -33 22 11
1323 882 0 -30 20 10
1323 882 0 -27 18 9
1323 882 0 -24 16 8
1323 882 0 -21 14 7
1323 882 0 -18 12 6
1323 882 0 -15 10 5
1323 882 0 -12 8 4
1323 882 0 -9 6 3
1323 882 0 -6 4 2
1323 882 0 -3 2 1
1323 882 0 3 -2 -1
1323 882 0 6 -4 -2
1323 882 0 9 -6 -3
1323 882 0 12 -8 -4
1323 882 0 15 -10 -5
1323 882 0 18 -12 -6
1323 882 0 21 -14 -7
1323 882 0 24 -16 -8
1323 882 0 27 -18 -9
1323 882 0 30 -20 -10
1323 882 0 33 -22 -11
1323 882 0 36 -24 -12
1323 882 0 39 -26 -13
1323 882 0 42 -28 -14
1323 882 0 45 -30 -15
1323 882 0 48 -32 -16
1323 882 0 51 -34 -17
1323 882 0 54 -36 -18
1323 882 0 57 -38 -19
1323 882 0 60 -40 -20
1323 882 0 63 -42 -21
1323 882 0 66 -44 -22
1323 882 0 69 -46 -23
1323 882 0 72 -48 -24
1323 882 0 75 -50 -25
1323 882 0 78 -52 -26
1323 882 0 81 -54 -27
1323 882 0 84 -56 -28
1323 882 0 87 -58 -29
1323 882 0 90 -60 -30
1323 882 0 93 -62 -31
1323 882 0 96 -64 -32
1323 882 0 99 -66 -33
1323 882 0 102 -68 -34
1323 882 0 105 -70 -35
1323 882 0 108 -72 -36
1323 882 0 111 -74 -37
1323 882 0 114 -76 -38
1323 882 0 117 -78 -39
1323 882 0 120 -80 -40
1323 882 0 123 -82 -41
1323 882 0 126 -84 -42
1323 882 0 129 -86 -43
1323 882 0 132 -88 -44
1323 882 0 135 -90 -45
1323 882 0 138 -92 -46
1323 882 0 141 -94 -47
1323 882 0 144 -96 -48
1323 882 0 147 -98 -49
1323 882 0 150 -100 -50
1326 884 0 -150 100 50
1326 884 0 -147 98 49
1326 884 0 -144 96 48
1326 884 0 -141 94 47
1326 884 0 -138 92 46
1326 884 0 -135 90 45
1326 884 0 -132 88 44
1326 884 0 -129 86 43
1326 884 0 -126 84 42
1326 884 0 -123 82 41
1326 884 0 -120 80 40
1326 884 0 -117 78 39
1326 884 0 -114 76 38
1326 884 0 -111 74 37
1326 884 0 -108 72 36
1326 884 0 -105 70 35
1326 884 0 -102 68 34
1326 884 0 -99 66 33
1326 884 0 -96 64 32
1326 884 0 -93 62 31
1326 884 0 -90 60 30
1326 884 0 -87 58 29
1326 884 0 -84 56 28
1326 884 0 -81 54 27
1326 884 0 -78 52 26
1326 884 0 -75 50 25
1326 884 0 -72 48 24
1326 884 0 -69 46 23
1326 884 0 -66 44 22
1326 884 0 -63 42 21
1326 884 0 -60 40 20
1326 884 0 -57 38 19
1326 884 0 -54 36 18
1326 884 0 -51 34 17
1326 884 0 -48 32 16
1326 884 0 -45 30 15
1326 884 0 -42 28 14
1326 884 0 -39 26 13
1326 884 0 -36 24 12
1326 884 0 -33 22 11
1326 884 0 -30 20 10
1326 884 0 -27 18 9
1326 884 0 -24 16 8
1326 884 0 -21 14 7
1326 884 0 -18 12 6
1326 884 0 -15 10 5
1326 884 0 -12 8 4
1326 884 0 -9 6 3
1326 884 0 -6 4 2
1326 884 0 -3 2 1
1326 884 0 3 -2 -1
1326 884 0 6 -4 -2
1326 884 0 9 -6 -3
1326 884 0 12 -8 -4
1326 884 0 15 -10 -5
1326 884 0 18 -12 -6
1326 884 0 21 -14 -7
1326 884 0 24 -16 -8
1326 884 0 27 -18 -9
1326 884 0 30 -20 -10
1326 884 0 33 -22 -11
1326 884 0 36 -24 -12
1326 884 0 39 -26 -13
1326 884 0 42 -28 -14
1326 884 0 45 -30 -15
1326 884 0 48 -32 -16
1326 884 0 51 -34 -17
1326 884 0 54 -36 -18
1326 884 0 57 -38 -19
1326 884 0 60 -40 -20
1326 884 0 63 -42 -21
1326 884 0 66 -44 -22
1326 884 0 69 -46 -23
1326 884 0 72 -48 -24
1326 884 0 75 -50 -25
1326 884 0 78 -52 -26
1326 884 0 81 -54 -27
1326 884 0 84 -56 -28
1326 884 0 87 -58 -29
1326 884 0 90 -60 -30
1326 884 0 93 -62 -31
1326 884 0 96 -64 -32
1326 884 0 99 -66 -33
1326 884 0 102 -68 -34
1326 884 0 105 -70 -35
1326 884 0 108 -72 -36
1326 884 0 111 -74 -37
1326 884 0 114 -76 -38
1326 884 0 117 -78 -39
1326 884 0 120 -80 -40
1326 884 0 123 -82 -41
1326 884 0 126 -84 -42
1326 884 0 129 -86 -43
1326 884 0 132 -88 -44
1326 884 0 135 -90 -45
1326 884 0 138 -92 -46
1326 884 0 141 -94 -47
1326 884 0 144 -96 -48
1326 884 0 147 -98 -49
1326 884 0 150 -100 -50
1329 886 0 -150 100 50
1329 886 0 -147 98 49
1329 886 0 -144 96 48
1329 886 0 -141 94 47
1329 886 0 -138 92 46
1329 886 0 -135 90 45
1329 886 0 -132 88 44
1329 886 0 -129 86 43
1329 886 0 -126 84 42
1329 886 0 -123 82 41
1329 886 0 -120 80 40
1329 886 0 -117 78 39
1329 886 0 -114 76 38
1329 886 0 -111 74 37
1329 886 0 -108 72 36
1329 886 0 -105 70 35
1329 886 0 -102 68 34
1329 886 0 -99 66 33
1329 886 0 -96 64 32
1329 886 0 -93 62 31
1329 886 0 -90 60 30
1329 886 0 -87 58 29
1329 886 0 -84 56 28
1329 886 0 -81 54 27
1329 886 0 -78 52 26
1329 886 0 -75 50 25
1329 886 0 -72 48 24
1329 886 0 -69 46 23
1329 886 0 -66 44 22
1329 886 0 -63 42 21
1329 886 0 -60 40 20
1329 886 0 -57 38 19
1329 886 0 -54 36 18
1329 886 0 -51 34 17
1329 886 0 -48 32 16
1329 886 0 -45 30 15
1329 886 0 -42 28 14
1329 886 0 -39 26 13
1329 886 0 -36 24 12
1329 886 0 -33 22 11
1329 886 0 -30 20 10
1329 886 0 -27 18 9
1329 886 0 -24 16 8
1329 886 0 -21 14 7
1329 886 0 -18 12 6
1329 886 0 -15 10 5
1329 886 0 -12 8 4
1329 886 0 -9 6 3
1329 886 0 -6 4 2
1329 886 0 -3 2 1
1329 886 0 3 -2 -1
1329 886 0 6 -4 -2
1329 886 0 9 -6 -3
1329 886 0 12 -8 -4
1329 886 0 15 -10 -5
1329 886 0 18 -12 -6
1329 886 0 21 -14 -7
1329 886 0 24 -16 -8
1329 886 0 27 -18 -9
1329 886 0 30 -20 -10
1329 886 0 33 -22 -11
1329 886 0 36 -24 -12
1329 886 0 39 -26 -13
1329 886 0 42 -28 -14
1329 886 0 45 -30 -15
1329 886 0 48 -32 -16
1329 886 0 51 -34 -17
1329 886 0 54 -36 -18
1329 886 0 57 -38 -19
1329 886 0 60 -40 -20
1329 886 0 63 -42 -21
1329 886 0 66 -44 -22
1329 886 0 69 -46 -23
1329 886 0 72 -48 -24
1329 886 0 75 -50 -25
1329 886 0 78 -52 -26
1329 886 0 81 -54 -27
1329 886 0 84 -56 -28
1329 886 0 87 -58 -29
1329 886 0 90 -60 -30
1329 886 0 93 -62 -31
1329 886 0 96 -64 -32
1329 886 0 99 -66 -33
1329 886 0 102 -68 -34
1329 886 0 105 -70 -35
1329 886 0 108 -72 -36
1329 886 0 111 -74 -37
1329 886 0 114 -76 -38
1329 886 0 117 -78 -39
1329 886 0 120 -80 -40
1329 886 0 123 -82 -41
1329 886 0 126 -84 -42
1329 886 0 129 -86 -43
1329 886 0 132 -88 -44
1329 886 0 135 -90 -45
1329 886 0 138 -92 -46
1329 886 0 141 -94 -47
1329 886 0 144 -96 -48
1329 886 0 147 -98 -49
1329 886 0 150 -100 -50
1332 888 0 -150 100 50
1332 888 0 -147 98 49
1332 888 0 -144 96 48
1332 888 0 -141 94 47
1332 888 0 -138 92 46
1332 888 0 -135 90 45
1332 888 0 -132 88 44
1332 888 0 -129 86 43
1332 888 0 -126 84 42
1332 888 0 -123 82 41
1332 888 0 -120 80 40
1332 888 0 -117 78 39
1332 888 0 -114 76 38
1332 888 0 -111 74 37
1332 888 0 -108 72 36
1332 888 0 -105 70 35
1332 888 0 -102 68 34
1332 888 0 -99 66 33
1332 888 0 -96 64 32
1332 888 0 -93 62 31
1332 888 0 -90 60 30
1332 888 0 -87 58 29
1332 888 0 -84 56 28
1332 888 0 -81 54 27
1332 888 0 -78 52 26
1332 888 0 -75 50 25
1332 888 0 -72 48 24
1332 888 0 -69 46 23
1332 888 0 -66 44 22
1332 888 0 -63 42 21
1332 888 0 -60 40 20
1332 888 0 -57 38 19
1332 888 0 -54 36 18
1332 888 0 -51 34 17
1332 888 0 -48 32 16
1332 888 0 -45 30 15
1332 888 0 -42 28 14
1332 888 0 -39 26 13
1332 888 0 -36 24 12
1332 888 0 -33 22 11
1332 888 0 -30 20 10
1332 888 0 -27 18 9
1332 888 0 -24 16 8
1332 888 0 -21 14 7
1332 888 0 -18 12 6
1332 888 0 -15 10 5
1332 888 0 -12 8 4
1332 888 0 -9 6 3
1332 888 0 -6 4 2
1332 888 0 -3 2 1
1332 888 0 3 -2 -1
1332 888 0 6 -4 -2
1332 888 0 9 -6 -3
1332 888 0 12 -8 -4
1332 888 0 15 -10 -5
1332 888 0 18 -12 -6
1332 888 0 21 -14 -7
1332 888 0 24 -16 -8
1332 888 0 27 -18 -9
1332 888 0 30 -20 -10
1332 888 0 33 -22 -11
1332 888 0 36 -24 -12
1332 888 0 39 -26 -13
1332 888 0 42 -28 -14
1332 888 0 45 -30 -15
1332 888 0 48 -32 -16
1332 888 0 51 -34 -17
1332 888 0 54 -36 -18
1332 888 0 57 -38 -19
1332 888 0 60 -40 -20
1332 888 0 63 -42 -21
1332 888 0 66 -44 -22
1332 888 0 69 -46 -23
1332 888 0 72 -48 -24
1332 888 0 75 -50 -25
1332 888 0 78 -52 -26
1332 888 0 81 -54 -27
1332 888 0 84 -56 -28
1332 888 0 87 -58 -29
1332 888 0 90 -60 -30
1332 888 0 93 -62 -31
1332 888 0 96 -64 -32
1332 888 0 99 -66 -33
1332 888 0 102 -68 -34
1332 888 0 105 -70 -35
1332 888 0 108 -72 -36
1332 888 0 111 -74 -37
1332 888 0 114 -76 -38
1332 888 0 117 -78 -39
1332 888 0 120 -80 -40
1332 888 0 123 -82 -41
1332 888 0 126 -84 -42
1332 888 0 129 -86 -43
1332 888 0 132 -88 -44
1332 888 0 135 -90 -45
1332 888 0 138 -92 -46
1332 888 0 141 -94 -47
1332 888 0 144 -96 -48
1332 888 0 147 -98 -49
1332 888 0 150 -100 -50
1335 890 0 -150 100 50
1335 890 0 -147 98 49
1335 890 0 -144 96 48
1335 890 0 -141 94 47
1335 890 0 -138 92 46
1335 890 0 -135 90 45
1335 890 0 -132 88 44
1335 890 0 -129 86 43
1335 890 0 -126 84 42
1335 890 0 -123 82 41
1335 890 0 -120 80 40
1335 890 0 -117 78 39
1335 890 0 -114 76 38
1335 890 0 -111 74 37
1335 890 0 -108 72 36
1335 890 0 -105 70 35
1335 890 0 -102 68 34
1335 890 0 -99 66 33
1335 890 0 -96 64 32
1335 890 0 -93 62 31
1335 890 0 -90 60 30
1335 890 0 -87 58 29
1335 890 0 -84 56 28
1335 890 0 -81 54 27
1335 890 0 -78 52 26
1335 890 0 -75 50 25
1335 890 0 -72 48 24
1335 890 0 -69 46 23
1335 890 0 -66 44 22
1335 890 0 -63 42 21
1335 890 0 -60 40 20
1335 890 0 -57 38 19
1335 890 0 -54 36 18
1335 890 0 -51 34 17
1335 890 0 -48 32 16
1335 890 0 -45 30 15
1335 890 0 -42 28 14
1335 890 0 -39 26 13
1335 890 0 -36 24 12
1335 890 0 -33 22 11
1335 890 0 -30 20 10
1335 890 0 -27 18 9
1335 890 0 -24 16 8
1335 890 0 -21 14 7
1335 890 0 -18 12 6
1335 890 0 -15 10 5
1335 890 0 -12 8 4
1335 890 0 -9 6 3
1335 890 0 -6 4 2
1335 890 0 -3 2 1
1335 890 0 3 -2 -1
1335 890 0 6 -4 -2
1335 890 0 9 -6 -3
1335 890 0 12 -8 -4
1335 890 0 15 -10 -5
1335 890 0 18 -12 -6
1335 890 0 21 -14 -7
1335 890 0 24 -16 -8
1335 890 0 27 -18 -9
1335 890 0 30 -20 -10
1335 890 0 33 -22 -11
1335 890 0 36 -24 -12
1335 890 0 39 -26 -13
1335 890 0 42 -28 -14
1335 890 0 45 -30 -15
1335 890 0 48 -32 -16
1335 890 0 51 -34 -17
1335 890 0 54 -36 -18
1335 890 0 57 -38 -19
1335 890 0 60 -40 -20
1335 890 0 63 -42 -21
1335 890 0 66 -44 -22
1335 890 0 69 -46 -23
1335 890 0 72 -48 -24
1335 890 0 75 -50 -25
1335 890 0 78 -52 -26
1335 890 0 81 -54 -27
1335 890 0 84 -56 -28
1335 890 0 87 -58 -29
1335 890 0 90 -60 -30
1335 890 0 93 -62 -31
1335 890 0 96 -64 -32
1335 890 0 99 -66 -33
1335 890 0 102 -68 -34
1335 890 0 105 -70 -35
1335 890 0 108 -72 -36
1335 890 0 111 -74 -37
1335 890 0 114 -76 -38
1335 890 0 117 -78 -39
1335 890 0 120 -80 -40
1335 890 0 123 -82 -41
1335 890 0 126 -84 -42
1335 890 0 129 -86 -43
1335 890 0 132 -88 -44
1335 890 0 135 -90 -45
1335 890 0 138 -92 -46
1335 890 0 141 -94 -47
1335 890 0 144 -96 -48
1335 890 0 147 -98 -49
1335 890 0 150 -100 -50
1338 892 0 -150 100 50
1338 892 0 -147 98 49
1338 892 0 -144 96 48
1338 892 0 -141 94 47
1338 892 0 -138 92 46
1338 892 0 -135 90 45
1338 892 0 -132 88 44
1338 892 0 -129 86 43
1338 892 0 -126 84 42
1338 892 0 -123 82 41
1338 892 0 -120 80 40
1338 892 0 -117 78 39
1338 892 0 -114 76 38
1338 892 0 -111 74 37
1338 892 0 -108 72 36
1338 892 0 -105 70 35
1338 892 0 -102 68 34
1338 892 0 -99 66 33
1338 892 0 -96 64 32
1338 892 0 -93 62 31
1338 892 0 -90 60 30
1338 892 0 -87 58 29
1338 892 0 -84 56 28
1338 892 0 -81 54 27
1338 892 0 -78 52 26
1338 892 0 -75 50 25
1338 892 0 -72 48 24
1338 892 0 -69 46 23
1338 892 0 -66 44 22
1338 892 0 -63 42 21
1338 892 0 -60 40 20
1338 892 0 -57 38 19
1338 892 0 -54 36 18
1338 892 0 -51 34 17
1338 892 0 -48 32 16
1338 892 0 -45 30 15
1338 892 0 -42 28 14
1338 892 0 -39 26 13
1338 892 0 -36 24 12
1338 892 0 -33 22 11
1338 892 0 -30 20 10
1338 892 0 -27 18 9
1338 892 0 -24 16 8
1338 892 0 -21 14 7
1338 892 0 -18 12 6
1338 892 0 -15 10 5
1338 892 0 -12 8 4
1338 892 0 -9 6 3
1338 892 0 -6 4 2
1338 892 0 -3 2 1
1338 892 0 3 -2 -1
1338 892 0 6 -4 -2
1338 892 0 9 -6 -3
1338 892 0 12 -8 -4
1338 892 0 15 -10 -5
1338 892 0 18 -12 -6
1338 892 0 21 -14 -7
1338 892 0 24 -16 -8
1338 892 0 27 -18 -9
1338 892 0 30 -20 -10
1338 892 0 33 -22 -11
1338 892 0 36 -24 -12
1338 892 0 39 -26 -13
1338 892 0 42 -28 -14
1338 892 0 45 -30 -15
1338 892 0 48 -32 -16
1338 892 0 51 -34 -17
1338 892 0 54 -36 -18
1338 892 0 57 -38 -19
1338 892 0 60 -40 -20
1338 892 0 63 -42 -21
1338 892 0 66 -44 -22
1338 892 0 69 -46 -23
1338 892 0 72 -48 -24
1338 892 0 75 -50 -25
1338 892 0 78 -52 -26
1338 892 0 81 -54 -27
1338 892 0 84 -56 -28
1338 892 0 87 -58 -29
1338 892 0 90 -60 -30
1338 892 0 93 -62 -31
1338 892 0 96 -64 -32
1338 892 0 99 -66 -33
1338 892 0 102 -68 -34
1338 892 0 105 -70 -35
1338 892 0 108 -72 -36
1338 892 0 111 -74 -37
1338 892 0 114 -76 -38
1338 892 0 117 -78 -39
1338 892 0 120 -80 -40
1338 892 0 123 -82 -41
1338 892 0 126 -84 -42
1338 892 0 129 -86 -43
1338 892 0 132 -88 -44
1338 892 0 135 -90 -45
1338 892 0 138 -92 -46
1338 892 0 141 -94 -47
1338 892 0 144 -96 -48
1338 892 0 147 -98 -49
1338 892 0 150 -100 -50
1341 894 0 -150 100 50
1341 894 0 -147 98 49
1341 894 0 -144 96 48
1341 894 0 -141 94 47
1341 894 0 -138 92 46
1341 894 0 -135 90 45
1341 894 0 -132 88 44
1341 894 0 -129 86 43
1341 894 0 -126 84 42
1341 894 0 -123 82 41
1341 894 0 -120 80 40
1341 894 0 -117 78 39
1341 894 0 -114 76 38
1341 894 0 -111 74 37
1341 894 0 -108 72 36
1341 894 0 -105 70 35
1341 894 0 -102 68 34
1341 894 0 -99 66 33
1341 894 0 -96 64 32
1341 894 0 -93 62 31
1341 894 0 -90 60 30
1341 894 0 -87 58 29
1341 894 0 -84 56 28
1341 894 0 -81 54 27
1341 894 0 -78 52 26
1341 894 0 -75 50 25
1341 894 0 -72 48 24
1341 894 0 -69 46 23
1341 894 0 -66 44 22
1341 894 0 -63 42 21
1341 894 0 -60 40 20
1341 894 0 -57 38 19
1341 894 0 -54 36 18
1341 894 0 -51 34 17
1341 894 0 -48 32 16
1341 894 0 -45 30 15
1341 894 0 -42 28 14
1341 894 0 -39 26 13
1341 894 0 -36 24 12
1341 894 0 -33 22 11
1341 894 0 -30 20 10
1341 894 0 -27 18 9
1341 894 0 -24 16 8
1341 894 0 -21 14 7
1341 894 0 -18 12 6
1341 894 0 -15 10 5
1341 894 0 -12 8 4
1341 894 0 -9 6 3
1341 894 0 -6 4 2
1341 894 0 -3 2 1
1341 894 0 3 -2 -1
1341 894 0 6 -4 -2
1341 894 0 9 -6 -3
1341 894 0 12 -8 -4
1341 894 0 15 -10 -5
1341 894 0 18 -12 -6
1341 894 0 21 -14 -7
1341 894 0 24 -16 -8
1341 894 0 27 -18 -9
1341 894 0 30 -20 -10
1341 894 0 33 -22 -11
1341 894 0 36 -24 -12
1341 894 0 39 -26 -13
1341 894 0 42 -28 -14
1341 894 0 45 -30 -15
1341 894 0 48 -32 -16
1341 894 0 51 -34 -17
1341 894 0 54 -36 -18
1341 894 0 57 -38 -19
1341 894 0 60 -40 -20
1341 894 0 63 -42 -21
1341 894 0 66 -44 -22
1341 894 0 69 -46 -23
1341 894 0 72 -48 -24
1341 894 0 75 -50 -25
1341 894 0 78 -52 -26
1341 894 0 81 -54 -27
1341 894 0 84 -56 -28
1341 894 0 87 -58 -29
1341 894 0 90 -60 -30
1341 894 0 93 -62 -31
1341 894 0 96 -64 -32
1341 894 0 99 -66 -33
1341 894 0 102 -68 -34
1341 894 0 105 -70 -35
1341 894 0 108 -72 -36
1341 894 0 111 -74 -37
1341 894 0 114 -76 -38
1341 894 0 117 -78 -39
1341 894 0 120 -80 -40
1341 894 0 123 -82 -41
1341 894 0 126 -84 -42
1341 894 0 129 -86 -43
1341 894 0 132 -88 -44
1341 894 0 135 -90 -45
1341 894 0 138 -92 -46
1341 894 0 141 -94 -47
1341 894 0 144 -96 -48
1341 894 0 147 -98 -49
1341 894 0 150 -100 -50
1344 896 0 -150 100 50
1344 896 0 -147 98 49
1344 896 0 -144 96 48
1344 896 0 -141 94 47
1344 896 0 -138 92 46
1344 896 0 -135 90 45
1344 896 0 -132 88 44
1344 896 0 -129 86 43
1344 896 0 -126 84 42
1344 896 0 -123 82 41
1344 896 0 -120 80 40
1344 896 0 -117 78 39
1344 896 0 -114 76 38
1344 896 0 -111 74 37
1344 896 0 -108 72 36
1344 896 0 -105 70 35
1344 896 0 -102 68 34
1344 896 0 -99 66 33
1344 896 0 -96 64 32
1344 896 0 -93 62 31
1344 896 0 -90 60 30
1344 896 0 -87 58 29
1344 896 0 -84 56 28
1344 896 0 -81 54 27
1344 896 0 -78 52 26
1344 896 0 -75 50 25
1344 896 0 -72 48 24
1344 896 0 -69 46 23
1344 896 0 -66 44 22
1344 896 0 -63 42 21
1344 896 0 -60 40 20
1344 896 0 -57 38 19
1344 896 0 -54 36 18
1344 896 0 -51 34 17
1344 896 0 -48 32 16
1344 896 0 -45 30 15
1344 896 0 -42 28 14
1344 896 0 -39 26 13
1344 896 0 -36 24 12
1344 896 0 -33 22 11
1344 896 0 -30 20 10
1344 896 0 -27 18 9
1344 896 0 -24 16 8
1344 896 0 -21 14 7
1344 896 0 -18 12 6
1344 896 0 -15 10 5
1344 896 0 -12 8 4
1344 896 0 -9 6 3
1344 896 0 -6 4 2
1344 896 0 -3 2 1
1344 896 0 3 -2 -1
1344 896 0 6 -4 -2
1344 896 0 9 -6 -3
1344 896 0 12 -8 -4
1344 896 0 15 -10 -5
1344 896 0 18 -12 -6
1344 896 0 21 -14 -7
1344 896 0 24 -16 -8
1344 896 0 27 -18 -9
1344 896 0 30 -20 -10
1344 896 0 33 -22 -11
1344 896 0 36 -24 -12
1344 896 0 39 -26 -13
1344 896 0 42 -28 -14
1344 896 0 45 -30 -15
1344 896 0 48 -32 -16
1344 896 0 51 -34 -17
1344 896 0 54 -36 -18
1344 896 0 57 -38 -19
1344 896 0 60 -40 -20
1344 896 0 63 -42 -21
1344 896 0 66 -44 -22
1344 896 0 69 -46 -23
1344 896 0 72 -48 -24
1344 896 0 75 -50 -25
1344 896 0 78 -52 -26
1344 896 0 81 -54 -27
1344 896 0 84 -56 -28
1344 896 0 87 -58 -29
1344 896 0 90 -60 -30
1344 896 0 93 -62 -31
1344 896 0 96 -64 -32
1344 896 0 99 -66 -33
1344 896 0 102 -68 -34
1344 896 0 105 -70 -35
1344 896 0 108 -72 -36
1344 896 0 111 -74 -37
1344 896 0 114 -76 -38
1344 896 0 117 -78 -39
1344 896 0 120 -80 -40
1344 896 0 123 -82 -41
1344 896 0 126 -84 -42
1344 896 0 129 -86 -43
1344 896 0 132 -88 -44
1344 896 0 135 -90 -45
1344 896 0 138 -92 -46
1344 896 0 141 -94 -47
1344 896 0 144 -96 -48
1344 896 0 147 -98 -49
1344 896 0 150 -100 -50
1347 898 0 -150 100 50
1347 898 0 -147 98 49
1347 898 0 -144 96 48
1347 898 0 -141 94 47
1347 898 0 -138 92 46
1347 898 0 -135 90 45
1347 898 0 -132 88 44
1347 898 0 -129 86 43
1347 898 0 -126 84 42
1347 898 0 -123 82 41
1347 898 0 -120 80 40
1347 898 0 -117 78 39
1347 898 0 -114 76 38
1347 898 0 -111 74 37
1347 898 0 -108 72 36
1347 898 0 -105 70 35
1347 898 0 -102 68 34
1347 898 0 -99 66 33
1347 898 0 -96 64 32
1347 898 0 -93 62 31
1347 898 0 -90 60 30
1347 898 0 -87 58 29
1347 898 0 -84 56 28
1347 898 0 -81 54 27
1347 898 0 -78 52 26
1347 898 0 -75 50 25
1347 898 0 -72 48 24
1347 898 0 -69 46 23
1347 898 0 -66 44 22
1347 898 0 -63 42 21
1347 898 0 -60 40 20
1347 898 0 -57 38 19
1347 898 0 -54 36 18
1347 898 0 -51 34 17
1347 898 0 -48 32 16
1347 898 0 -45 30 15
1347 898 0 -42 28 14
1347 898 0 -39 26 13
1347 898 0 -36 24 12
1347 898 0 -33 22 11
1347 898 0 -30 20 10
1347 898 0 -27 18 9
1347 898 0 -24 16 8
1347 898 0 -21 14 7
1347 898 0 -18 12 6
1347 898 0 -15 10 5
1347 898 0 -12 8 4
1347 898 0 -9 6 3
1347 898 0 -6 4 2
1347 898 0 -3 2 1
1347 898 0 3 -2 -1
1347 898 0 6 -4 -2
1347 898 0 9 -6 -3
1347 898 0 12 -8 -4
1347 898 0 15 -10 -5
1347 898 0 18 -12 -6
1347 898 0 21 -14 -7
1347 898 0 24 -16 -8
1347 898 0 27 -18 -9
1347 898 0 30 -20 -10
1347 898 0 33 -22 -11
1347 898 0 36 -24 -12
1347 898 0 39 -26 -13
1347 898 0 42 -28 -14
1347 898 0 45 -30 -15
1347 898 0 48 -32 -16
1347 898 0 51 -34 -17
1347 898 0 54 -36 -18
1347 898 0 57 -38 -19
1347 898 0 60 -40 -20
1347 898 0 63 -42 -21
1347 898 0 66 -44 -22
1347 898 0 69 -46 -23
1347 898 0 72 -48 -24
1347 898 0 75 -50 -25
1347 898 0 78 -52 -26
1347 898 0 81 -54 -27
1347 898 0 84 -56 -28
1347 898 0 87 -58 -29
1347 898 0 90 -60 -30
1347 898 0 93 -62 -31
1347 898 0 96 -64 -32
1347 898 0 99 -66 -33
1347 898 0 102 -68 -34
1347 898 0 105 -70 -35
1347 898 0 108 -72 -36
1347 898 0 111 -74 -37
1347 898 0 114 -76 -38
1347 898 0 117 -78 -39
1347 898 0 120 -80 -40
1347 898 0 123 -82 -41
1347 898 0 126 -84 -42
1347 898 0 129 -86 -43
1347 898 0 132 -88 -44
1347 898 0 135 -90 -45
1347 898 0 138 -92 -46
1347 898 0 141 -94 -47
1347 898 0 144 -96 -48
1347 898 0 147 -98 -49
1347 898 0 150 -100 -50
1350 900 0 -150 100 50
1350 900 0 -147 98 49
1350 900 0 -144 96 48
1350 900 0 -141 94 47
1350 900 0 -138 92 46
1350 900 0 -135 90 45
1350 900 0 -132 88 44
1350 900 0 -129 86 43
1350 900 0 -126 84 42
1350 900 0 -123 82 41
1350 900 0 -120 80 40
1350 900 0 -117 78 39
1350 900 0 -114 76 38
1350 900 0 -111 74 37
1350 900 0 -108 72 36
1350 900 0 -105 70 35
1350 900 0 -102 68 34
1350 900 0 -99 66 33
1350 900 0 -96 64 32
1350 900 0 -93 62 31
1350 900 0 -90 60 30
1350 900 0 -87 58 29
1350 900 0 -84 56 28
1350 900 0 -81 54 27
1350 900 0 -78 52 26
1350 900 0 -75 50 25
1350 900 0 -72 48 24
1350 900 0 -69 46 23
1350 900 0 -66 44 22
1350 900 0 -63 42 21
1350 900 0 -60 40 20
1350 900 0 -57 38 19
1350 900 0 -54 36 18
1350 900 0 -51 34 17
1350 900 0 -48 32 16
1350 900 0 -45 30 15
1350 900 0 -42 28 14
1350 900 0 -39 26 13
1350 900 0 -36 24 12
1350 900 0 -33 22 11
1350 900 0 -30 20 10
1350 900 0 -27 18 9
1350 900 0 -24 16 8
1350 900 0 -21 14 7
1350 900 0 -18 12 6
1350 900 0 -15 10 5
1350 900 0 -12 8 4
1350 900 0 -9 6 3
1350 900 0 -6 4 2
1350 900 0 -3 2 1
1350 900 0 3 -2 -1
1350 900 0 6 -4 -2
1350 900 0 9 -6 -3
1350 900 0 12 -8 -4
1350 900 0 15 -10 -5
1350 900 0 18 -12 -6
1350 900 0 21 -14 -7
1350 900 0 24 -16 -8
1350 900 0 27 -18 -9
1350 900 0 30 -20 -10
1350 900 0 33 -22 -11
1350 900 0 36 -24 -12
1350 900 0 39 -26 -13
1350 900 0 42 -28 -14
1350 900 0 45 -30 -15
1350 900 0 48 -32 -16
1350 900 0 51 -34 -17
1350 900 0 54 -36 -18
1350 900 0 57 -38 -19
1350 900 0 60 -40 -20
1350 900 0 63 -42 -21
1350 900 0 66 -44 -22
1350 900 0 69 -46 -23
1350 900 0 72 -48 -24
1350 900 0 75 -50 -25
1350 900 0 78 -52 -26
1350 900 0 81 -54 -27
1350 900 0 84 -56 -28
1350 900 0 87 -58 -29
1350 900 0 90 -60 -30
1350 900 0 93 -62 -31
1350 900 0 96 -64 -32
1350 900 0 99 -66 -33
1350 900 0 102 -68 -34
1350 900 0 105 -70 -35
1350 900 0 108 -72 -36
1350 900 0 111 -74 -37
1350 900 0 114 -76 -38
1350 900 0 117 -78 -39
1350 900 0 120 -80 -40
1350 900 0 123 -82 -41
1350 900 0 126 -84 -42
1350 900 0 129 -86 -43
1350 900 0 132 -88 -44
1350 900 0 135 -90 -45
1350 900 0 138 -92 -46
1350 900 0 141 -94 -47
1350 900 0 144 -96 -48
1350 900 0 147 -98 -49
1350 900 0 150 -100 -50
1353 902 0 -150 100 50
1353 902 0 -147 98 49
1353 902 0 -144 96 48
1353 902 0 -141 94 47
1353 902 0 -138 92 46
1353 902 0 -135 90 45
1353 902 0 -132 88 44
1353 902 0 -129 86 43
1353 902 0 -126 84 42
1353 902 0 -123 82 41
1353 902 0 -120 80 40
1353 902 0 -117 78 39
1353 902 0 -114 76 38
1353 902 0 -111 74 37
1353 902 0 -108 72 36
1353 902 0 -105 70 35
1353 902 0 -102 68 34
1353 902 0 -99 66 33
1353 902 0 -96 64 32
1353 902 0 -93 62 31
1353 902 0 -90 60 30
1353 902 0 -87 58 29
1353 902 0 -84 56 28
1353 902 0 -81 54 27
1353 902 0 -78 52 26
1353 902 0 -75 50 25
1353 902 0 -72 48 24
1353 902 0 -69 46 23
1353 902 0 -66 44 22
1353 902 0 -63 42 21
1353 902 0 -60 40 20
1353 902 0 -57 38 19
1353 902 0 -54 36 18
1353 902 0 -51 34 17
1353 902 0 -48 32 16
1353 902 0 -45 30 15
1353 902 0 -42 28 14
1353 902 0 -39 26 13
1353 902 0 -36 24 12
1353 902 0 -33 22 11
1353 902 0 -30 20 10
1353 902 0 -27 18 9
1353 902 0 -24 16 8
1353 902 0 -21 14 7
1353 902 0 -18 12 6
1353 902 0 -15 10 5
1353 902 0 -12 8 4
1353 902 0 -9 6 3
1353 902 0 -6 4 2
1353 902 0 -3 2 1
1353 902 0 3 -2 -1
1353 902 0 6 -4 -2
1353 902 0 9 -6 -3
1353 902 0 12 -8 -4
1353 902 0 15 -10 -5
1353 902 0 18 -12 -6
1353 902 0 21 -14 -7
1353 902 0 24 -16 -8
1353 902 0 27 -18 -9
1353 902 0 30 -20 -10
1353 902 0 33 -22 -11
1353 902 0 36 -24 -12
1353 902 0 39 -26 -13
1353 902 0 42 -28 -14
1353 902 0 45 -30 -15
1353 902 0 48 -32 -16
1353 902 0 51 -34 -17
1353 902 0 54 -36 -18
1353 902 0 57 -38 -19
1353 902 0 60 -40 -20
1353 902 0 63 -42 -21
1353 902 0 66 -44 -22
1353 902 0 69 -46 -23
1353 902 0 72 -48 -24
1353 902 0 75 -50 -25
1353 902 0 78 -52 -26
1353 902 0 81 -54 -27
1353 902 0 84 -56 -28
1353 902 0 87 -58 -29
1353 902 0 90 -60 -30
1353 902 0 93 -62 -31
1353 902 0 96 -64 -32
1353 902 0 99 -66 -33
1353 902 0 102 -68 -34
1353 902 0 105 -70 -35
1353 902 0 108 -72 -36
1353 902 0 111 -74 -37
1353 902 0 114 -76 -38
1353 902 0 117 -78 -39
1353 902 0 120 -80 -40
1353 902 0 123 -82 -41
1353 902 0 126 -84 -42
1353 902 0 129 -86 -43
1353 902 0 132 -88 -44
1353 902 0 135 -90 -45
1353 902 0 138 -92 -46
1353 902 0 141 -94 -47
1353 902 0 144 -96 -48
1353 902 0 147 -98 -49
1353 902 0 150 -100 -50
1356 904 0 -150 100 50
1356 904 0 -147 98 49
1356 904 0 -144 96 48
1356 904 0 -141 94 47
1356 904 0 -138 92 46
1356 904 0 -135 90 45
1356 904 0 -132 88 44
1356 904 0 -129 86 43
1356 904 0 -126 84 42
1356 904 0 -123 82 41
1356 904 0 -120 80 40
1356 904 0 -117 78 39
1356 904 0 -114 76 38
1356 904 0 -111 74 37
1356 904 0 -108 72 36
1356 904 0 -105 70 35
1356 904 0 -102 68 34
1356 904 0 -99 66 33
1356 904 0 -96 64 32
1356 904 0 -93 62 31
1356 904 0 -90 60 30
1356 904 0 -87 58 29
1356 904 0 -84 56 28
1356 904 0 -81 54 27
1356 904 0 -78 52 26
1356 904 0 -75 50 25
1356 904 0 -72 48 24
1356 904 0 -69 46 23
1356 904 0 -66 44 22
1356 904 0 -63 42 21
1356 904 0 -60 40 20
1356 904 0 -57 38 19
1356 904 0 -54 36 18
1356 904 0 -51 34 17
1356 904 0 -48 32 16
1356 904 0 -45 30 15
1356 904 0 -42 28 14
1356 904 0 -39 26 13
1356 904 0 -36 24 12
1356 904 0 -33 22 11
1356 904 0 -30 20 10
1356 904 0 -27 18 9
1356 904 0 -24 16 8
1356 904 0 -21 14 7
1356 904 0 -18 12 6
1356 904 0 -15 10 5
1356 904 0 -12 8 4
1356 904 0 -9 6 3
1356 904 0 -6 4 2
1356 904 0 -3 2 1
1356 904 0 3 -2 -1
1356 904 0 6 -4 -2
1356 904 0 9 -6 -3
1356 904 0 12 -8 -4
1356 904 0 15 -10 -5
1356 904 0 18 -12 -6
1356 904 0 21 -14 -7
1356 904 0 24 -16 -8
1356 904 0 27 -18 -9
1356 904 0 30 -20 -10
1356 904 0 33 -22 -11
1356 904 0 36 -24 -12
1356 904 0 39 -26 -13
1356 904 0 42 -28 -14
1356 904 0 45 -30 -15
1356 904 0 48 -32 -16
1356 904 0 51 -34 -17
1356 904 0 54 -36 -18
1356 904 0 57 -38 -19
1356 904 0 60 -40 -20
1356 904 0 63 -42 -21
1356 904 0 66 -44 -22
1356 904 0 69 -46 -23
1356 904 0 72 -48 -24
1356 904 0 75 -50 -25
1356 904 0 78 -52 -26
1356 904 0 81 -54 -27
1356 904 0 84 -56 -28
1356 904 0 87 -58 -29
1356 904 0 90 -60 -30
1356 904 0 93 -62 -31
1356 904 0 96 -64 -32
1356 904 0 99 -66 -33
1356 904 0 102 -68 -34
1356 904 0 105 -70 -35
1356 904 0 108 -72 -36
1356 904 0 111 -74 -37
1356 904 0 114 -76 -38
1356 904 0 117 -78 -39
1356 904 0 120 -80 -40
1356 904 0 123 -82 -41
1356 904 0 126 -84 -42
1356 904 0 129 -86 -43
1356 904 0 132 -88 -44
1356 904 0 135 -90 -45
1356 904 0 138 -92 -46
1356 904 0 141 -94 -47
1356 904 0 144 -96 -48
1356 904 0 147 -98 -49
1356 904 0 150 -100 -50
1359 906 0 -150 100 50
1359 906 0 -147 98 49
1359 906 0 -144 96 48
1359 906 0 -141 94 47
1359 906 0 -138 92 46
1359 906 0 -135 90 45
1359 906 0 -132 88 44
1359 906 0 -129 86 43
1359 906 0 -126 84 42
1359 906 0 -123 82 41
1359 906 0 -120 80 40
1359 906 0 -117 78 39
1359 906 0 -114 76 38
1359 906 0 -111 74 37
1359 906 0 -108 72 36
1359 906 0 -105 70 35
1359 906 0 -102 68 34
1359 906 0 -99 66 33
1359 906 0 -96 64 32
1359 906 0 -93 62 31
1359 906 0 -90 60 30
1359 906 0 -87 58 29
1359 906 0 -84 56 28
1359 906 0 -81 54 27
1359 906 0 -78 52 26
1359 906 0 -75 50 25
1359 906 0 -72 48 24
1359 906 0 -69 46 23
1359 906 0 -66 44 22
1359 906 0 -63 42 21
1359 906 0 -60 40 20
1359 906 0 -57 38 19
1359 906 0 -54 36 18
1359 906 0 -51 34 17
1359 906 0 -48 32 16
1359 906 0 -45 30 15
1359 906 0 -42 28 14
1359 906 0 -39 26 13
1359 906 0 -36 24 12
1359 906 0 -33 22 11
1359 906 0 -30 20 10
1359 906 0 -27 18 9
1359 906 0 -24 16 8
1359 906 0 -21 14 7
1359 906 0 -18 12 6
1359 906 0 -15 10 5
1359 906 0 -12 8 4
1359 906 0 -9 6 3
1359 906 0 -6 4 2
1359 906 0 -3 2 1
1359 906 0 3 -2 -1
1359 906 0 6 -4 -2
1359 906 0 9 -6 -3
1359 906 0 12 -8 -4
1359 906 0 15 -10 -5
1359 906 0 18 -12 -6
1359 906 0 21 -14 -7
1359 906 0 24 -16 -8
1359 906 0 27 -18 -9
1359 906 0 30 -20 -10
1359 906 0 33 -22 -11
1359 906 0 36 -24 -12
1359 906 0 39 -26 -13
1359 906 0 42 -28 -14
1359 906 0 45 -30 -15
1359 906 0 48 -32 -16
1359 906 0 51 -34 -17
1359 906 0 54 -36 -18
1359 906 0 57 -38 -19
1359 906 0 60 -40 -20
1359 906 0 63 -42 -21
1359 906 0 66 -44 -22
1359 906 0 69 -46 -23
1359 906 0 72 -48 -24
1359 906 0 75 -50 -25
1359 906 0 78 -52 -26
1359 906 0 81 -54 -27
1359 906 0 84 -56 -28
1359 906 0 87 -58 -29
1359 906 0 90 -60 -30
1359 906 0 93 -62 -31
1359 906 0 96 -64 -32
1359 906 0 99 -66 -33
1359 906 0 102 -68 -34
1359 906 0 105 -70 -35
1359 906 0 108 -72 -36
1359 906 0 111 -74 -37
1359 906 0 114 -76 -38
1359 906 0 117 -78 -39
1359 906 0 120 -80 -40
1359 906 0 123 -82 -41
1359 906 0 126 -84 -42
1359 906 0 129 -86 -43
1359 906 0 132 -88 -44
1359 906 0 135 -90 -45
1359 906 0 138 -92 -46
1359 906 0 141 -94 -47
1359 906 0 144 -96 -48
1359 906 0 147 -98 -49
1359 906 0 150 -100 -50
1362 908 0 -150 100 50
1362 908 0 -147 98 49
1362 908 0 -144 96 48
1362 908 0 -141 94 47
1362 908 0 -138 92 46
1362 908 0 -135 90 45
1362 908 0 -132 88 44
1362 908 0 -129 86 43
1362 908 0 -126 84 42
1362 908 0 -123 82 41
1362 908 0 -120 80 40
1362 908 0 -117 78 39
1362 908 0 -114 76 38
1362 908 0 -111 74 37
1362 908 0 -108 72 36
1362 908 0 -105 70 35
1362 908 0 -102 68 34
1362 908 0 -99 66 33
1362 908 0 -96 64 32
1362 908 0 -93 62 31
1362 908 0 -90 60 30
1362 908 0 -87 58 29
1362 908 0 -84 56 28
1362 908 0 -81 54 27
1362 908 0 -78 52 26
1362 908 0 -75 50 25
1362 908 0 -72 48 24
1362 908 0 -69 46 23
1362 908 0 -66 44 22
1362 908 0 -63 42 21
1362 908 0 -60 40 20
1362 908 0 -57 38 19
1362 908 0 -54 36 18
1362 908 0 -51 34 17
1362 908 0 -48 32 16
1362 908 0 -45 30 15
1362 908 0 -42 28 14
1362 908 0 -39 26 13
1362 908 0 -36 24 12
1362 908 0 -33 22 11
1362 908 0 -30 20 10
1362 908 0 -27 18 9
1362 908 0 -24 16 8
1362 908 0 -21 14 7
1362 908 0 -18 12 6
1362 908 0 -15 10 5
1362 908 0 -12 8 4
1362 908 0 -9 6 3
1362 908 0 -6 4 2
1362 908 0 -3 2 1
1362 908 0 3 -2 -1
1362 908 0 6 -4 -2
1362 908 0 9 -6 -3
1362 908 0 12 -8 -4
1362 908 0 15 -10 -5
1362 908 0 18 -12 -6
1362 908 0 21 -14 -7
1362 908 0 24 -16 -8
1362 908 0 27 -18 -9
1362 908 0 30 -20 -10
1362 908 0 33 -22 -11
1362 908 0 36 -24 -12
1362 908 0 39 -26 -13
1362 908 0 42 -28 -14
1362 908 0 45 -30 -15
1362 908 0 48 -32 -16
1362 908 0 51 -34 -17
1362 908 0 54 -36 -18
1362 908 0 57 -38 -19
1362 908 0 60 -40 -20
1362 908 0 63 -42 -21
1362 908 0 66 -44 -22
1362 908 0 69 -46 -23
1362 908 0 72 -48 -24
1362 908 0 75 -50 -25
1362 908 0 78 -52 -26
1362 908 0 81 -54 -27
1362 908 0 84 -56 -28
1362 908 0 87 -58 -29
1362 908 0 90 -60 -30
1362 908 0 93 -62 -31
1362 908 0 96 -64 -32
1362 908 0 99 -66 -33
1362 908 0 102 -68 -34
1362 908 0 105 -70 -35
1362 908 0 108 -72 -36
1362 908 0 111 -74 -37
1362 908 0 114 -76 -38
1362 908 0 117 -78 -39
1362 908 0 120 -80 -40
1362 908 0 123 -82 -41
1362 908 0 126 -84 -42
1362 908 0 129 -86 -43
1362 908 0 132 -88 -44
1362 908 0 135 -90 -45
1362 908 0 138 -92 -46
1362 908 0 141 -94 -47
1362 908 0 144 -96 -48
1362 908 0 147 -98 -49
1362 908 0 150 -100 -50
1365 910 0 -150 100 50
1365 910 0 -147 98 49
1365 910 0 -144 96 48
1365 910 0 -141 94 47
1365 910 0 -138 92 46
1365 910 0 -135 90 45
1365 910 0 -132 88 44
1365 910 0 -129 86 43
1365 910 0 -126 84 42
1365 910 0 -123 82 41
1365 910 0 -120 80 40
1365 910 0 -117 78 39
1365 910 0 -114 76 38
1365 910 0 -111 74 37
1365 910 0 -108 72 36
1365 910 0 -105 70 35
1365 910 0 -102 68 34
1365 910 0 -99 66 33
1365 910 0 -96 64 32
1365 910 0 -93 62 31
1365 910 0 -90 60 30
1365 910 0 -87 58 29
1365 910 0 -84 56 28
1365 910 0 -81 54 27
1365 910 0 -78 52 26
1365 910 0 -75 50 25
1365 910 0 -72 48 24
1365 910 0 -69 46 23
1365 910 0 -66 44 22
1365 910 0 -63 42 21
1365 910 0 -60 40 20
1365 910 0 -57 38 19
1365 910 0 -54 36 18
1365 910 0 -51 34 17
1365 910 0 -48 32 16
1365 910 0 -45 30 15
1365 910 0 -42 28 14
1365 910 0 -39 26 13
1365 910 0 -36 24 12
1365 910 0 -33 22 11
1365 910 0 -30 20 10
1365 910 0 -27 18 9
1365 910 0 -24 16 8
1365 910 0 -21 14 7
1365 910 0 -18 12 6
1365 910 0 -15 10 5
1365 910 0 -12 8 4
1365 910 0 -9 6 3
1365 910 0 -6 4 2
1365 910 0 -3 2 1
1365 910 0 3 -2 -1
1365 910 0 6 -4 -2
1365 910 0 9 -6 -3
1365 910 0 12 -8 -4
1365 910 0 15 -10 -5
1365 910 0 18 -12 -6
1365 910 0 21 -14 -7
1365 910 0 24 -16 -8
1365 910 0 27 -18 -9
1365 910 0 30 -20 -10
1365 910 0 33 -22 -11
1365 910 0 36 -24 -12
1365 910 0 39 -26 -13
1365 910 0 42 -28 -14
1365 910 0 45 -30 -15
1365 910 0 48 -32 -16
1365 910 0 51 -34 -17
1365 910 0 54 -36 -18
1365 910 0 57 -38 -19
1365 910 0 60 -40 -20
1365 910 0 63 -42 -21
1365 910 0 66 -44 -22
1365 910 0 69 -46 -23
1365 910 0 72 -48 -24
1365 910 0 75 -50 -25
1365 910 0 78 -52 -26
1365 910 0 81 -54 -27
1365 910 0 84 -56 -28
1365 910 0 87 -58 -29
1365 910 0 90 -60 -30
1365 910 0 93 -62 -31
1365 910 0 96 -64 -32
1365 910 0 99 -66 -33
1365 910 0 102 -68 -34
1365 910 0 105 -70 -35
1365 910 0 108 -72 -36
1365 910 0 111 -74 -37
1365 910 0 114 -76 -38
1365 910 0 117 -78 -39
1365 910 0 120 -80 -40
1365 910 0 123 -82 -41
1365 910 0 126 -84 -42
1365 910 0 129 -86 -43
1365 910 0 132 -88 -44
1365 910 0 135 -90 -45
1365 910 0 138 -92 -46
1365 910 0 141 -94 -47
1365 910 0 144 -96 -48
1365 910 0 147 -98 -49
1365 910 0 150 -100 -50
1368 912 0 -150 100 50
1368 912 0 -147 98 49
1368 912 0 -144 96 48
1368 912 0 -141 94 47
1368 912 0 -138 92 46
1368 912 0 -135 90 45
1368 912 0 -132 88 44
1368 912 0 -129 86 43
1368 912 0 -126 84 42
1368 912 0 -123 82 41
1368 912 0 -120 80 40
1368 912 0 -117 78 39
1368 912 0 -114 76 38
1368 912 0 -111 74 37
1368 912 0 -108 72 36
1368 912 0 -105 70 35
1368 912 0 -102 68 34
1368 912 0 -99 66 33
1368 912 0 -96 64 32
1368 912 0 -93 62 31
1368 912 0 -90 60 30
1368 912 0 -87 58 29
1368 912 0 -84 56 28
1368 912 0 -81 54 27
1368 912 0 -78 52 26
1368 912 0 -75 50 25
1368 912 0 -72 48 24
1368 912 0 -69 46 23
1368 912 0 -66 44 22
1368 912 0 -63 42 21
1368 912 0 -60 40 20
1368 912 0 -57 38 19
1368 912 0 -54 36 18
1368 912 0 -51 34 17
1368 912 0 -48 32 16
1368 912 0 -45 30 15
1368 912 0 -42 28 14
1368 912 0 -39 26 13
1368 912 0 -36 24 12
1368 912 0 -33 22 11
1368 912 0 -30 20 10
1368 912 0 -27 18 9
1368 912 0 -24 16 8
1368 912 0 -21 14 7
1368 912 0 -18 12 6
1368 912 0 -15 10 5
1368 912 0 -12 8 4
1368 912 0 -9 6 3
1368 912 0 -6 4 2
1368 912 0 -3 2 1
1368 912 0 3 -2 -1
1368 912 0 6 -4 -2
1368 912 0 9 -6 -3
1368 912 0 12 -8 -4
1368 912 0 15 -10 -5
1368 912 0 18 -12 -6
1368 912 0 21 -14 -7
1368 912 0 24 -16 -8
1368 912 0 27 -18 -9
1368 912 0 30 -20 -10
1368 912 0 33 -22 -11
1368 912 0 36 -24 -12
1368 912 0 39 -26 -13
1368 912 0 42 -28 -14
1368 912 0 45 -30 -15
1368 912 0 48 -32 -16
1368 912 0 51 -34 -17
1368 912 0 54 -36 -18
1368 912 0 57 -38 -19
1368 912 0 60 -40 -20
1368 912 0 63 -42 -21
1368 912 0 66 -44 -22
1368 912 0 69 -46 -23
1368 912 0 72 -48 -24
1368 912 0 75 -50 -25
1368 912 0 78 -52 -26
1368 912 0 81 -54 -27
1368 912 0 84 -56 -28
1368 912 0 87 -58 -29
1368 912 0 90 -60 -30
1368 912 0 93 -62 -31
1368 912 0 96 -64 -32
1368 912 0 99 -66 -33
1368 912 0 102 -68 -34
1368 912 0 105 -70 -35
1368 912 0 108 -72 -36
1368 912 0 111 -74 -37
1368 912 0 114 -76 -38
1368 912 0 117 -78 -39
1368 912 0 120 -80 -40
1368 912 0 123 -82 -41
1368 912 0 126 -84 -42
1368 912 0 129 -86 -43
1368 912 0 132 -88 -44
1368 912 0 135 -90 -45
1368 912 0 138 -92 -46
1368 912 0 141 -94 -47
1368 912 0 144 -96 -48
1368 912 0 147 -98 -49
1368 912 0 150 -100 -50
1371 914 0 -150 100 50
1371 914 0 -147 98 49
1371 914 0 -144 96 48
1371 914 0 -141 94 47
1371 914 0 -138 92 46
1371 914 0 -135 90 45
1371 914 0 -132 88 44
1371 914 0 -129 86 43
1371 914 0 -126 84 42
1371 914 0 -123 82 41
1371 914 0 -120 80 40
1371 914 0 -117 78 39
1371 914 0 -114 76 38
1371 914 0 -111 74 37
1371 914 0 -108 72 36
1371 914 0 -105 70 35
1371 914 0 -102 68 34
1371 914 0 -99 66 33
1371 914 0 -96 64 32
1371 914 0 -93 62 31
1371 914 0 -90 60 30
1371 914 0 -87 58 29
1371 914 0 -84 56 28
1371 914 0 -81 54 27
1371 914 0 -78 52 26
1371 914 0 -75 50 25
1371 914 0 -72 48 24
1371 914 0 -69 46 23
1371 914 0 -66 44 22
1371 914 0 -63 42 21
1371 914 0 -60 40 20
1371 914 0 -57 38 19
1371 914 0 -54 36 18
1371 914 0 -51 34 17
1371 914 0 -48 32 16
1371 914 0 -45 30 15
1371 914 0 -42 28 14
1371 914 0 -39 26 13
1371 914 0 -36 24 12
1371 914 0 -33 22 11
1371 914 0 -30 20 10
1371 914 0 -27 18 9
1371 914 0 -24 16 8
1371 914 0 -21 14 7
1371 914 0 -18 12 6
1371 914 0 -15 10 5
1371 914 0 -12 8 4
1371 914 0 -9 6 3
1371 914 0 -6 4 2
1371 914 0 -3 2 1
1371 914 0 3 -2 -1
1371 914 0 6 -4 -2
1371 914 0 9 -6 -3
1371 914 0 12 -8 -4
1371 914 0 15 -10 -5
1371 914 0 18 -12 -6
1371 914 0 21 -14 -7
1371 914 0 24 -16 -8
1371 914 0 27 -18 -9
1371 914 0 30 -20 -10
1371 914 0 33 -22 -11
1371 914 0 36 -24 -12
1371 914 0 39 -26 -13
1371 914 0 42 -28 -14
1371 914 0 45 -30 -15
1371 914 0 48 -32 -16
1371 914 0 51 -34 -17
1371 914 0 54 -36 -18
1371 914 0 57 -38 -19
1371 914 0 60 -40 -20
1371 914 0 63 -42 -21
1371 914 0 66 -44 -22
1371 914 0 69 -46 -23
1371 914 0 72 -48 -24
1371 914 0 75 -50 -25
1371 914 0 78 -52 -26
1371 914 0 81 -54 -27
1371 914 0 84 -56 -28
1371 914 0 87 -58 -29
1371 914 0 90 -60 -30
1371 914 0 93 -62 -31
1371 914 0 96 -64 -32
1371 914 0 99 -66 -33
1371 914 0 102 -68 -34
1371 914 0 105 -70 -35
1371 914 0 108 -72 -36
1371 914 0 111 -74 -37
1371 914 0 114 -76 -38
1371 914 0 117 -78 -39
1371 914 0 120 -80 -40
1371 914 0 123 -82 -41
1371 914 0 126 -84 -42
1371 914 0 129 -86 -43
1371 914 0 132 -88 -44
1371 914 0 135 -90 -45
1371 914 0 138 -92 -46
1371 914 0 141 -94 -47
1371 914 0 144 -96 -48
1371 914 0 147 -98 -49
1371 914 0 150 -100 -50
1374 916 0 -150 100 50
1374 916 0 -147 98 49
1374 916 0 -144 96 48
1374 916 0 -141 94 47
1374 916 0 -138 92 46
1374 916 0 -135 90 45
1374 916 0 -132 88 44
1374 916 0 -129 86 43
1374 916 0 -126 84 42
1374 916 0 -123 82 41
1374 916 0 -120 80 40
1374 916 0 -117 78 39
1374 916 0 -114 76 38
1374 916 0 -111 74 37
1374 916 0 -108 72 36
1374 916 0 -105 70 35
1374 916 0 -102 68 34
1374 916 0 -99 66 33
1374 916 0 -96 64 32
1374 916 0 -93 62 31
1374 916 0 -90 60 30
1374 916 0 -87 58 29
1374 916 0 -84 56 28
1374 916 0 -81 54 27
1374 916 0 -78 52 26
1374 916 0 -75 50 25
1374 916 0 -72 48 24
1374 916 0 -69 46 23
1374 916 0 -66 44 22
1374 916 0 -63 42 21
1374 916 0 -60 40 20
1374 916 0 -57 38 19
1374 916 0 -54 36 18
1374 916 0 -51 34 17
1374 916 0 -48 32 16
1374 916 0 -45 30 15
1374 916 0 -42 28 14
1374 916 0 -39 26 13
1374 916 0 -36 24 12
1374 916 0 -33 22 11
1374 916 0 -30 20 10
1374 916 0 -27 18 9
1374 916 0 -24 16 8
1374 916 0 -21 14 7
1374 916 0 -18 12 6
1374 916 0 -15 10 5
1374 916 0 -12 8 4
1374 916 0 -9 6 3
1374 916 0 -6 4 2
1374 916 0 -3 2 1
1374 916 0 3 -2 -1
1374 916 0 6 -4 -2
1374 916 0 9 -6 -3
1374 916 0 12 -8 -4
1374 916 0 15 -10 -5
1374 916 0 18 -12 -6
1374 916 0 21 -14 -7
1374 916 0 24 -16 -8
1374 916 0 27 -18 -9
1374 916 0 30 -20 -10
1374 916 0 33 -22 -11
1374 916 0 36 -24 -12
1374 916 0 39 -26 -13
1374 916 0 42 -28 -14
1374 916 0 45 -30 -15
1374 916 0 48 -32 -16
1374 916 0 51 -34 -17
1374 916 0 54 -36 -18
1374 916 0 57 -38 -19
1374 916 0 60 -40 -20
1374 916 0 63 -42 -21
1374 916 0 66 -44 -22
1374 916 0 69 -46 -23
1374 916 0 72 -48 -24
1374 916 0 75 -50 -25
1374 916 0 78 -52 -26
1374 916 0 81 -54 -27
1374 916 0 84 -56 -28
1374 916 0 87 -58 -29
1374 916 0 90 -60 -30
1374 916 0 93 -62 -31
1374 916 0 96 -64 -32
1374 916 0 99 -66 -33
1374 916 0 102 -68 -34
1374 916 0 105 -70 -35
1374 916 0 108 -72 -36
1374 916 0 111 -74 -37
1374 916 0 114 -76 -38
1374 916 0 117 -78 -39
1374 916 0 120 -80 -40
1374 916 0 123 -82 -41
1374 916 0 126 -84 -42
1374 916 0 129 -86 -43
1374 916 0 132 -88 -44
1374 916 0 135 -90 -45
1374 916 0 138 -92 -46
1374 916 0 141 -94 -47
1374 916 0 144 -96 -48
1374 916 0 147 -98 -49
1374 916 0 150 -100 -50
1377 918 0 -150 100 50
1377 918 0 -147 98 49
1377 918 0 -144 96 48
1377 918 0 -141 94 47
1377 918 0 -138 92 46
1377 918 0 -135 90 45
1377 918 0 -132 88 44
1377 918 0 -129 86 43
1377 918 0 -126 84 42
1377 918 0 -123 82 41
1377 918 0 -120 80 40
1377 918 0 -117 78 39
1377 918 0 -114 76 38
1377 918 0 -111 74 37
1377 918 0 -108 72 36
1377 918 0 -105 70 35
1377 918 0 -102 68 34
1377 918 0 -99 66 33
1377 918 0 -96 64 32
1377 918 0 -93 62 31
1377 918 0 -90 60 30
1377 918 0 -87 58 29
1377 918 0 -84 56 28
1377 918 0 -81 54 27
1377 918 0 -78 52 26
1377 918 0 -75 50 25
1377 918 0 -72 48 24
1377 918 0 -69 46 23
1377 918 0 -66 44 22
1377 918 0 -63 42 21
1377 918 0 -60 40 20
1377 918 0 -57 38 19
1377 918 0 -54 36 18
1377 918 0 -51 34 17
1377 918 0 -48 32 16
1377 918 0 -45 30 15
1377 918 0 -42 28 14
1377 918 0 -39 26 13
1377 918 0 -36 24 12
1377 918 0 -33 22 11
1377 918 0 -30 20 10
1377 918 0 -27 18 9
1377 918 0 -24 16 8
1377 918 0 -21 14 7
1377 918 0 -18 12 6
1377 918 0 -15 10 5
1377 918 0 -12 8 4
1377 918 0 -9 6 3
1377 918 0 -6 4 2
1377 918 0 -3 2 1
1377 918 0 3 -2 -1
1377 918 0 6 -4 -2
1377 918 0 9 -6 -3
1377 918 0 12 -8 -4
1377 918 0 15 -10 -5
1377 918 0 18 -12 -6
1377 918 0 21 -14 -7
1377 918 0 24 -16 -8
1377 918 0 27 -18 -9
1377 918 0 30 -20 -10
1377 918 0 33 -22 -11
1377 918 0 36 -24 -12
1377 918 0 39 -26 -13
1377 918 0 42 -28 -14
1377 918 0 45 -30 -15
1377 918 0 48 -32 -16
1377 918 0 51 -34 -17
1377 918 0 54 -36 -18
1377 918 0 57 -38 -19
1377 918 0 60 -40 -20
1377 918 0 63 -42 -21
1377 918 0 66 -44 -22
1377 918 0 69 -46 -23
1377 918 0 72 -48 -24
1377 918 0 75 -50 -25
1377 918 0 78 -52 -26
1377 918 0 81 -54 -27
1377 918 0 84 -56 -28
1377 918 0 87 -58 -29
1377 918 0 90 -60 -30
1377 918 0 93 -62 -31
1377 918 0 96 -64 -32
1377 918 0 99 -66 -33
1377 918 0 102 -68 -34
1377 918 0 105 -70 -35
1377 918 0 108 -72 -36
1377 918 0 111 -74 -37
1377 918 0 114 -76 -38
1377 918 0 117 -78 -39
1377 918 0 120 -80 -40
1377 918 0 123 -82 -41
1377 918 0 126 -84 -42
1377 918 0 129 -86 -43
1377 918 0 132 -88 -44
1377 918 0 135 -90 -45
1377 918 0 138 -92 -46
1377 918 0 141 -94 -47
1377 918 0 144 -96 -48
1377 918 0 147 -98 -49
1377 918 0 150 -100 -50
1380 920 0 -150 100 50
1380 920 0 -147 98 49
1380 920 0 -144 96 48
1380 920 0 -141 94 47
1380 920 0 -138 92 46
1380 920 0 -135 90 45
1380 920 0 -132 88 44
1380 920 0 -129 86 43
1380 920 0 -126 84 42
1380 920 0 -123 82 41
1380 920 0 -120 80 40
1380 920 0 -117 78 39
1380 920 0 -114 76 38
1380 920 0 -111 74 37
1380 920 0 -108 72 36
1380 920 0 -105 70 35
1380 920 0 -102 68 34
1380 920 0 -99 66 33
1380 920 0 -96 64 32
1380 920 0 -93 62 31
1380 920 0 -90 60 30
1380 920 0 -87 58 29
1380 920 0 -84 56 28
1380 920 0 -81 54 27
1380 920 0 -78 52 26
1380 920 0 -75 50 25
1380 920 0 -72 48 24
1380 920 0 -69 46 23
1380 920 0 -66 44 22
1380 920 0 -63 42 21
1380 920 0 -60 40 20
1380 920 0 -57 38 19
1380 920 0 -54 36 18
1380 920 0 -51 34 17
1380 920 0 -48 32 16
1380 920 0 -45 30 15
1380 920 0 -42 28 14
1380 920 0 -39 26 13
1380 920 0 -36 24 12
1380 920 0 -33 22 11
1380 920 0 -30 20 10
1380 920 0 -27 18 9
1380 920 0 -24 16 8
1380 920 0 -21 14 7
1380 920 0 -18 12 6
1380 920 0 -15 10 5
1380 920 0 -12 8 4
1380 920 0 -9 6 3
1380 920 0 -6 4 2
1380 920 0 -3 2 1
1380 920 0 3 -2 -1
1380 920 0 6 -4 -2
1380 920 0 9 -6 -3
1380 920 0 12 -8 -4
1380 920 0 15 -10 -5
1380 920 0 18 -12 -6
1380 920 0 21 -14 -7
1380 920 0 24 -16 -8
1380 920 0 27 -18 -9
1380 920 0 30 -20 -10
1380 920 0 33 -22 -11
1380 920 0 36 -24 -12
1380 920 0 39 -26 -13
1380 920 0 42 -28 -14
1380 920 0 45 -30 -15
1380 920 0 48 -32 -16
1380 920 0 51 -34 -17
1380 920 0 54 -36 -18
1380 920 0 57 -38 -19
1380 920 0 60 -40 -20
1380 920 0 63 -42 -21
1380 920 0 66 -44 -22
1380 920 0 69 -46 -23
1380 920 0 72 -48 -24
1380 920 0 75 -50 -25
1380 920 0 78 -52 -26
1380 920 0 81 -54 -27
1380 920 0 84 -56 -28
1380 920 0 87 -58 -29
1380 920 0 90 -60 -30
1380 920 0 93 -62 -31
1380 920 0 96 -64 -32
1380 920 0 99 -66 -33
1380 920 0 102 -68 -34
1380 920 0 105 -70 -35
1380 920 0 108 -72 -36
1380 920 0 111 -74 -37
1380 920 0 114 -76 -38
1380 920 0 117 -78 -39
1380 920 0 120 -80 -40
1380 920 0 123 -82 -41
1380 920 0 126 -84 -42
1380 920 0 129 -86 -43
1380 920 0 132 -88 -44
1380 920 0 135 -90 -45
1380 920 0 138 -92 -46
1380 920 0 141 -94 -47
1380 920 0 144 -96 -48
1380 920 0 147 -98 -49
1380 920 0 150 -100 -50
1383 922 0 -150 100 50
1383 922 0 -147 98 49
1383 922 0 -144 96 48
1383 922 0 -141 94 47
1383 922 0 -138 92 46
1383 922 0 -135 90 45
1383 922 0 -132 88 44
1383 922 0 -129 86 43
1383 922 0 -126 84 42
1383 922 0 -123 82 41
1383 922 0 -120 80 40
1383 922 0 -117 78 39
1383 922 0 -114 76 38
1383 922 0 -111 74 37
1383 922 0 -108 72 36
1383 922 0 -105 70 35
1383 922 0 -102 68 34
1383 922 0 -99 66 33
1383 922 0 -96 64 32
1383 922 0 -93 62 31
1383 922 0 -90 60 30
1383 922 0 -87 58 29
1383 922 0 -84 56 28
1383 922 0 -81 54 27
1383 922 0 -78 52 26
1383 922 0 -75 50 25
1383 922 0 -72 48 24
1383 922 0 -69 46 23
1383 922 0 -66 44 22
1383 922 0 -63 42 21
1383 922 0 -60 40 20
1383 922 0 -57 38 19
1383 922 0 -54 36 18
1383 922 0 -51 34 17
1383 922 0 -48 32 16
1383 922 0 -45 30 15
1383 922 0 -42 28 14
1383 922 0 -39 26 13
1383 922 0 -36 24 12
1383 922 0 -33 22 11
1383 922 0 -30 20 10
1383 922 0 -27 18 9
1383 922 0 -24 16 8
1383 922 0 -21 14 7
1383 922 0 -18 12 6
1383 922 0 -15 10 5
1383 922 0 -12 8 4
1383 922 0 -9 6 3
1383 922 0 -6 4 2
1383 922 0 -3 2 1
1383 922 0 3 -2 -1
1383 922 0 6 -4 -2
1383 922 0 9 -6 -3
1383 922 0 12 -8 -4
1383 922 0 15 -10 -5
1383 922 0 18 -12 -6
1383 922 0 21 -14 -7
1383 922 0 24 -16 -8
1383 922 0 27 -18 -9
1383 922 0 30 -20 -10
1383 922 0 33 -22 -11
1383 922 0 36 -24 -12
1383 922 0 39 -26 -13
1383 922 0 42 -28 -14
1383 922 0 45 -30 -15
1383 922 0 48 -32 -16
1383 922 0 51 -34 -17
1383 922 0 54 -36 -18
1383 922 0 57 -38 -19
1383 922 0 60 -40 -20
1383 922 0 63 -42 -21
1383 922 0 66 -44 -22
1383 922 0 69 -46 -23
1383 922 0 72 -48 -24
1383 922 0 75 -50 -25
1383 922 0 78 -52 -26
1383 922 0 81 -54 -27
1383 922 0 84 -56 -28
1383 922 0 87 -58 -29
1383 922 0 90 -60 -30
1383 922 0 93 -62 -31
1383 922 0 96 -64 -32
1383 922 0 99 -66 -33
1383 922 0 102 -68 -34
1383 922 0 105 -70 -35
1383 922 0 108 -72 -36
1383 922 0 111 -74 -37
1383 922 0 114 -76 -38
1383 922 0 117 -78 -39
1383 922 0 120 -80 -40
1383 922 0 123 -82 -41
1383 922 0 126 -84 -42
1383 922 0 129 -86 -43
1383 922 0 132 -88 -44
1383 922 0 135 -90 -45
1383 922 0 138 -92 -46
1383 922 0 141 -94 -47
1383 922 0 144 -96 -48
1383 922 0 147 -98 -49
1383 922 0 150 -100 -50
1386 924 0 -150 100 50
1386 924 0 -147 98 49
1386 924 0 -144 96 48
1386 924 0 -141 94 47
1386 924 0 -138 92 46
1386 924 0 -135 90 45
1386 924 0 -132 88 44
1386 924 0 -129 86 43
1386 924 0 -126 84 42
1386 924 0 -123 82 41
1386 924 0 -120 80 40
1386 924 0 -117 78 39
1386 924 0 -114 76 38
1386 924 0 -111 74 37
1386 924 0 -108 72 36
1386 924 0 -105 70 35
1386 924 0 -102 68 34
1386 924 0 -99 66 33
1386 924 0 -96 64 32
1386 924 0 -93 62 31
1386 924 0 -90 60 30
1386 924 0 -87 58 29
1386 924 0 -84 56 28
1386 924 0 -81 54 27
1386 924 0 -78 52 26
1386 924 0 -75 50 25
1386 924 0 -72 48 24
1386 924 0 -69 46 23
1386 924 0 -66 44 22
1386 924 0 -63 42 21
1386 924 0 -60 40 20
1386 924 0 -57 38 19
1386 924 0 -54 36 18
1386 924 0 -51 34 17
1386 924 0 -48 32 16
1386 924 0 -45 30 15
1386 924 0 -42 28 14
1386 924 0 -39 26 13
1386 924 0 -36 24 12
1386 924 0 -33 22 11
1386 924 0 -30 20 10
1386 924 0 -27 18 9
1386 924 0 -24 16 8
1386 924 0 -21 14 7
1386 924 0 -18 12 6
1386 924 0 -15 10 5
1386 924 0 -12 8 4
1386 924 0 -9 6 3
1386 924 0 -6 4 2
1386 924 0 -3 2 1
1386 924 0 3 -2 -1
1386 924 0 6 -4 -2
1386 924 0 9 -6 -3
1386 924 0 12 -8 -4
1386 924 0 15 -10 -5
1386 924 0 18 -12 -6
1386 924 0 21 -14 -7
1386 924 0 24 -16 -8
1386 924 0 27 -18 -9
1386 924 0 30 -20 -10
1386 924 0 33 -22 -11
1386 924 0 36 -24 -12
1386 924 0 39 -26 -13
1386 924 0 42 -28 -14
1386 924 0 45 -30 -15
1386 924 0 48 -32 -16
1386 924 0 51 -34 -17
1386 924 0 54 -36 -18
1386 924 0 57 -38 -19
1386 924 0 60 -40 -20
1386 924 0 63 -42 -21
1386 924 0 66 -44 -22
1386 924 0 69 -46 -23
1386 924 0 72 -48 -24
1386 924 0 75 -50 -25
1386 924 0 78 -52 -26
1386 924 0 81 -54 -27
1386 924 0 84 -56 -28
1386 924 0 87 -58 -29
1386 924 0 90 -60 -30
1386 924 0 93 -62 -31
1386 924 0 96 -64 -32
1386 924 0 99 -66 -33
1386 924 0 102 -68 -34
1386 924 0 105 -70 -35
1386 924 0 108 -72 -36
1386 924 0 111 -74 -37
1386 924 0 114 -76 -38
1386 924 0 117 -78 -39
1386 924 0 120 -80 -40
1386 924 0 123 -82 -41
1386 924 0 126 -84 -42
1386 924 0 129 -86 -43
1386 924 0 132 -88 -44
1386 924 0 135 -90 -45
1386 924 0 138 -92 -46
1386 924 0 141 -94 -47
1386 924 0 144 -96 -48
1386 924 0 147 -98 -49
1386 924 0 150 -100 -50
1389 926 0 -150 100 50
1389 926 0 -147 98 49
1389 926 0 -144 96 48
1389 926 0 -141 94 47
1389 926 0 -138 92 46
1389 926 0 -135 90 45
1389 926 0 -132 88 44
1389 926 0 -129 86 43
1389 926 0 -126 84 42
1389 926 0 -123 82 41
1389 926 0 -120 80 40
1389 926 0 -117 78 39
1389 926 0 -114 76 38
1389 926 0 -111 74 37
1389 926 0 -108 72 36
1389 926 0 -105 70 35
1389 926 0 -102 68 34
1389 926 0 -99 66 33
1389 926 0 -96 64 32
1389 926 0 -93 62 31
1389 926 0 -90 60 30
1389 926 0 -87 58 29
1389 926 0 -84 56 28
1389 926 0 -81 54 27
1389 926 0 -78 52 26
1389 926 0 -75 50 25
1389 926 0 -72 48 24
1389 926 0 -69 46 23
1389 926 0 -66 44 22
1389 926 0 -63 42 21
1389 926 0 -60 40 20
1389 926 0 -57 38 19
1389 926 0 -54 36 18
1389 926 0 -51 34 17
1389 926 0 -48 32 16
1389 926 0 -45 30 15
1389 926 0 -42 28 14
1389 926 0 -39 26 13
1389 926 0 -36 24 12
1389 926 0 -33 22 11
1389 926 0 -30 20 10
1389 926 0 -27 18 9
1389 926 0 -24 16 8
1389 926 0 -21 14 7
1389 926 0 -18 12 6
1389 926 0 -15 10 5
1389 926 0 -12 8 4
1389 926 0 -9 6 3
1389 926 0 -6 4 2
1389 926 0 -3 2 1
1389 926 0 3 -2 -1
1389 926 0 6 -4 -2
1389 926 0 9 -6 -3
1389 926 0 12 -8 -4
1389 926 0 15 -10 -5
1389 926 0 18 -12 -6
1389 926 0 21 -14 -7
1389 926 0 24 -16 -8
1389 926 0 27 -18 -9
1389 926 0 30 -20 -10
1389 926 0 33 -22 -11
1389 926 0 36 -24 -12
1389 926 0 39 -26 -13
1389 926 0 42 -28 -14
1389 926 0 45 -30 -15
1389 926 0 48 -32 -16
1389 926 0 51 -34 -17
1389 926 0 54 -36 -18
1389 926 0 57 -38 -19
1389 926 0 60 -40 -20
1389 926 0 63 -42 -21
1389 926 0 66 -44 -22
1389 926 0 69 -46 -23
1389 926 0 72 -48 -24
1389 926 0 75 -50 -25
1389 926 0 78 -52 -26
1389 926 0 81 -54 -27
1389 926 0 84 -56 -28
1389 926 0 87 -58 -29
1389 926 0 90 -60 -30
1389 926 0 93 -62 -31
1389 926 0 96 -64 -32
1389 926 0 99 -66 -33
1389 926 0 102 -68 -34
1389 926 0 105 -70 -35
1389 926 0 108 -72 -36
1389 926 0 111 -74 -37
1389 926 0 114 -76 -38
1389 926 0 117 -78 -39
1389 926 0 120 -80 -40
1389 926 0 123 -82 -41
1389 926 0 126 -84 -42
1389 926 0 129 -86 -43
1389 926 0 132 -88 -44
1389 926 0 135 -90 -45
1389 926 0 138 -92 -46
1389 926 0 141 -94 -47
1389 926 0 144 -96 -48
1389 926 0 147 -98 -49
1389 926 0 150 -100 -50
1392 928 0 -150 100 50
1392 928 0 -147 98 49
1392 928 0 -144 96 48
1392 928 0 -141 94 47
1392 928 0 -138 92 46
1392 928 0 -135 90 45
1392 928 0 -132 88 44
1392 928 0 -129 86 43
1392 928 0 -126 84 42
1392 928 0 -123 82 41
1392 928 0 -120 80 40
1392 928 0 -117 78 39
1392 928 0 -114 76 38
1392 928 0 -111 74 37
1392 928 0 -108 72 36
1392 928 0 -105 70 35
1392 928 0 -102 68 34
1392 928 0 -99 66 33
1392 928 0 -96 64 32
1392 928 0 -93 62 31
1392 928 0 -90 60 30
1392 928 0 -87 58 29
1392 928 0 -84 56 28
1392 928 0 -81 54 27
1392 928 0 -78 52 26
1392 928 0 -75 50 25
1392 928 0 -72 48 24
1392 928 0 -69 46 23
1392 928 0 -66 44 22
1392 928 0 -63 42 21
1392 928 0 -60 40 20
1392 928 0 -57 38 19
1392 928 0 -54 36 18
1392 928 0 -51 34 17
1392 928 0 -48 32 16
1392 928 0 -45 30 15
1392 928 0 -42 28 14
1392 928 0 -39 26 13
1392 928 0 -36 24 12
1392 928 0 -33 22 11
1392 928 0 -30 20 10
1392 928 0 -27 18 9
1392 928 0 -24 16 8
1392 928 0 -21 14 7
1392 928 0 -18 12 6
1392 928 0 -15 10 5
1392 928 0 -12 8 4
1392 928 0 -9 6 3
1392 928 0 -6 4 2
1392 928 0 -3 2 1
1392 928 0 3 -2 -1
1392 928 0 6 -4 -2
1392 928 0 9 -6 -3
1392 928 0 12 -8 -4
1392 928 0 15 -10 -5
1392 928 0 18 -12 -6
1392 928 0 21 -14 -7
1392 928 0 24 -16 -8
1392 928 0 27 -18 -9
1392 928 0 30 -20 -10
1392 928 0 33 -22 -11
1392 928 0 36 -24 -12
1392 928 0 39 -26 -13
1392 928 0 42 -28 -14
1392 928 0 45 -30 -15
1392 928 0 48 -32 -16
1392 928 0 51 -34 -17
1392 928 0 54 -36 -18
1392 928 0 57 -38 -19
1392 928 0 60 -40 -20
1392 928 0 63 -42 -21
1392 928 0 66 -44 -22
1392 928 0 69 -46 -23
1392 928 0 72 -48 -24
1392 928 0 75 -50 -25
1392 928 0 78 -52 -26
1392 928 0 81 -54 -27
1392 928 0 84 -56 -28
1392 928 0 87 -58 -29
1392 928 0 90 -60 -30
1392 928 0 93 -62 -31
1392 928 0 96 -64 -32
1392 928 0 99 -66 -33
1392 928 0 102 -68 -34
1392 928 0 105 -70 -35
1392 928 0 108 -72 -36
1392 928 0 111 -74 -37
1392 928 0 114 -76 -38
1392 928 0 117 -78 -39
1392 928 0 120 -80 -40
1392 928 0 123 -82 -41
1392 928 0 126 -84 -42
1392 928 0 129 -86 -43
1392 928 0 132 -88 -44
1392 928 0 135 -90 -45
1392 928 0 138 -92 -46
1392 928 0 141 -94 -47
1392 928 0 144 -96 -48
1392 928 0 147 -98 -49
1392 928 0 150 -100 -50
1395 930 0 -150 100 50
1395 930 0 -147 98 49
1395 930 0 -144 96 48
1395 930 0 -141 94 47
1395 930 0 -138 92 46
1395 930 0 -135 90 45
1395 930 0 -132 88 44
1395 930 0 -129 86 43
1395 930 0 -126 84 42
1395 930 0 -123 82 41
1395 930 0 -120 80 40
1395 930 0 -117 78 39
1395 930 0 -114 76 38
1395 930 0 -111 74 37
1395 930 0 -108 72 36
1395 930 0 -105 70 35
1395 930 0 -102 68 34
1395 930 0 -99 66 33
1395 930 0 -96 64 32
1395 930 0 -93 62 31
1395 930 0 -90 60 30
1395 930 0 -87 58 29
1395 930 0 -84 56 28
1395 930 0 -81 54 27
1395 930 0 -78 52 26
1395 930 0 -75 50 25
1395 930 0 -72 48 24
1395 930 0 -69 46 23
1395 930 0 -66 44 22
1395 930 0 -63 42 21
1395 930 0 -60 40 20
1395 930 0 -57 38 19
1395 930 0 -54 36 18
1395 930 0 -51 34 17
1395 930 0 -48 32 16
1395 930 0 -45 30 15
1395 930 0 -42 28 14
1395 930 0 -39 26 13
1395 930 0 -36 24 12
1395 930 0 -33 22 11
1395 930 0 -30 20 10
1395 930 0 -27 18 9
1395 930 0 -24 16 8
1395 930 0 -21 14 7
1395 930 0 -18 12 6
1395 930 0 -15 10 5
1395 930 0 -12 8 4
1395 930 0 -9 6 3
1395 930 0 -6 4 2
1395 930 0 -3 2 1
1395 930 0 3 -2 -1
1395 930 0 6 -4 -2
1395 930 0 9 -6 -3
1395 930 0 12 -8 -4
1395 930 0 15 -10 -5
1395 930 0 18 -12 -6
1395 930 0 21 -14 -7
1395 930 0 24 -16 -8
1395 930 0 27 -18 -9
1395 930 0 30 -20 -10
1395 930 0 33 -22 -11
1395 930 0 36 -24 -12
1395 930 0 39 -26 -13
1395 930 0 42 -28 -14
1395 930 0 45 -30 -15
1395 930 0 48 -32 -16
1395 930 0 51 -34 -17
1395 930 0 54 -36 -18
1395 930 0 57 -38 -19
1395 930 0 60 -40 -20
1395 930 0 63 -42 -21
1395 930 0 66 -44 -22
1395 930 0 69 -46 -23
1395 930 0 72 -48 -24
1395 930 0 75 -50 -25
1395 930 0 78 -52 -26
1395 930 0 81 -54 -27
1395 930 0 84 -56 -28
1395 930 0 87 -58 -29
1395 930 0 90 -60 -30
1395 930 0 93 -62 -31
1395 930 0 96 -64 -32
1395 930 0 99 -66 -33
1395 930 0 102 -68 -34
1395 930 0 105 -70 -35
1395 930 0 108 -72 -36
1395 930 0 111 -74 -37
1395 930 0 114 -76 -38
1395 930 0 117 -78 -39
1395 930 0 120 -80 -40
1395 930 0 123 -82 -41
1395 930 0 126 -84 -42
1395 930 0 129 -86 -43
1395 930 0 132 -88 -44
1395 930 0 135 -90 -45
1395 930 0 138 -92 -46
1395 930 0 141 -94 -47
1395 930 0 144 -96 -48
1395 930 0 147 -98 -49
1395 930 0 150 -100 -50
1398 932 0 -150 100 50
1398 932 0 -147 98 49
1398 932 0 -144 96 48
1398 932 0 -141 94 47
1398 932 0 -138 92 46
1398 932 0 -135 90 45
1398 932 0 -132 88 44
1398 932 0 -129 86 43
1398 932 0 -126 84 42
1398 932 0 -123 82 41
1398 932 0 -120 80 40
1398 932 0 -117 78 39
1398 932 0 -114 76 38
1398 932 0 -111 74 37
1398 932 0 -108 72 36
1398 932 0 -105 70 35
1398 932 0 -102 68 34
1398 932 0 -99 66 33
1398 932 0 -96 64 32
1398 932 0 -93 62 31
1398 932 0 -90 60 30
1398 932 0 -87 58 29
1398 932 0 -84 56 28
1398 932 0 -81 54 27
1398 932 0 -78 52 26
1398 932 0 -75 50 25
1398 932 0 -72 48 24
1398 932 0 -69 46 23
1398 932 0 -66 44 22
1398 932 0 -63 42 21
1398 932 0 -60 40 20
1398 932 0 -57 38 19
1398 932 0 -54 36 18
1398 932 0 -51 34 17
1398 932 0 -48 32 16
1398 932 0 -45 30 15
1398 932 0 -42 28 14
1398 932 0 -39 26 13
1398 932 0 -36 24 12
1398 932 0 -33 22 11
1398 932 0 -30 20 10
1398 932 0 -27 18 9
1398 932 0 -24 16 8
1398 932 0 -21 14 7
1398 932 0 -18 12 6
1398 932 0 -15 10 5
1398 932 0 -12 8 4
1398 932 0 -9 6 3
1398 932 0 -6 4 2
1398 932 0 -3 2 1
1398 932 0 3 -2 -1
1398 932 0 6 -4 -2
1398 932 0 9 -6 -3
1398 932 0 12 -8 -4
1398 932 0 15 -10 -5
1398 932 0 18 -12 -6
1398 932 0 21 -14 -7
1398 932 0 24 -16 -8
1398 932 0 27 -18 -9
1398 932 0 30 -20 -10
1398 932 0 33 -22 -11
1398 932 0 36 -24 -12
1398 932 0 39 -26 -13
1398 932 0 42 -28 -14
1398 932 0 45 -30 -15
1398 932 0 48 -32 -16
1398 932 0 51 -34 -17
1398 932 0 54 -36 -18
1398 932 0 57 -38 -19
1398 932 0 60 -40 -20
1398 932 0 63 -42 -21
1398 932 0 66 -44 -22
1398 932 0 69 -46 -23
1398 932 0 72 -48 -24
1398 932 0 75 -50 -25
1398 932 0 78 -52 -26
1398 932 0 81 -54 -27
1398 932 0 84 -56 -28
1398 932 0 87 -58 -29
1398 932 0 90 -60 -30
1398 932 0 93 -62 -31
1398 932 0 96 -64 -32
1398 932 0 99 -66 -33
1398 932 0 102 -68 -34
1398 932 0 105 -70 -35
1398 932 0 108 -72 -36
1398 932 0 111 -74 -37
1398 932 0 114 -76 -38
1398 932 0 117 -78 -39
1398 932 0 120 -80 -40
1398 932 0 123 -82 -41
1398 932 0 126 -84 -42
1398 932 0 129 -86 -43
1398 932 0 132 -88 -44
1398 932 0 135 -90 -45
1398 932 0 138 -92 -46
1398 932 0 141 -94 -47
1398 932 0 144 -96 -48
1398 932 0 147 -98 -49
1398 932 0 150 -100 -50
1401 934 0 -150 100 50
1401 934 0 -147 98 49
1401 934 0 -144 96 48
1401 934 0 -141 94 47
1401 934 0 -138 92 46
1401 934 0 -135 90 45
1401 934 0 -132 88 44
1401 934 0 -129 86 43
1401 934 0 -126 84 42
1401 934 0 -123 82 41
1401 934 0 -120 80 40
1401 934 0 -117 78 39
1401 934 0 -114 76 38
1401 934 0 -111 74 37
1401 934 0 -108 72 36
1401 934 0 -105 70 35
1401 934 0 -102 68 34
1401 934 0 -99 66 33
1401 934 0 -96 64 32
1401 934 0 -93 62 31
1401 934 0 -90 60 30
1401 934 0 -87 58 29
1401 934 0 -84 56 28
1401 934 0 -81 54 27
1401 934 0 -78 52 26
1401 934 0 -75 50 25
1401 934 0 -72 48 24
1401 934 0 -69 46 23
1401 934 0 -66 44 22
1401 934 0 -63 42 21
1401 934 0 -60 40 20
1401 934 0 -57 38 19
1401 934 0 -54 36 18
1401 934 0 -51 34 17
1401 934 0 -48 32 16
1401 934 0 -45 30 15
1401 934 0 -42 28 14
1401 934 0 -39 26 13
1401 934 0 -36 24 12
1401 934 0 -33 22 11
1401 934 0 -30 20 10
1401 934 0 -27 18 9
1401 934 0 -24 16 8
1401 934 0 -21 14 7
1401 934 0 -18 12 6
1401 934 0 -15 10 5
1401 934 0 -12 8 4
1401 934 0 -9 6 3
1401 934 0 -6 4 2
1401 934 0 -3 2 1
1401 934 0 3 -2 -1
1401 934 0 6 -4 -2
1401 934 0 9 -6 -3
1401 934 0 12 -8 -4
1401 934 0 15 -10 -5
1401 934 0 18 -12 -6
1401 934 0 21 -14 -7
1401 934 0 24 -16 -8
1401 934 0 27 -18 -9
1401 934 0 30 -20 -10
1401 934 0 33 -22 -11
1401 934 0 36 -24 -12
1401 934 0 39 -26 -13
1401 934 0 42 -28 -14
1401 934 0 45 -30 -15
1401 934 0 48 -32 -16
1401 934 0 51 -34 -17
1401 934 0 54 -36 -18
1401 934 0 57 -38 -19
1401 934 0 60 -40 -20
1401 934 0 63 -42 -21
1401 934 0 66 -44 -22
1401 934 0 69 -46 -23
1401 934 0 72 -48 -24
1401 934 0 75 -50 -25
1401 934 0 78 -52 -26
1401 934 0 81 -54 -27
1401 934 0 84 -56 -28
1401 934 0 87 -58 -29
1401 934 0 90 -60 -30
1401 934 0 93 -62 -31
1401 934 0 96 -64 -32
1401 934 0 99 -66 -33
1401 934 0 102 -68 -34
1401 934 0 105 -70 -35
1401 934 0 108 -72 -36
1401 934 0 111 -74 -37
1401 934 0 114 -76 -38
1401 934 0 117 -78 -39
1401 934 0 120 -80 -40
1401 934 0 123 -82 -41
1401 934 0 126 -84 -42
1401 934 0 129 -86 -43
1401 934 0 132 -88 -44
1401 934 0 135 -90 -45
1401 934 0 138 -92 -46
1401 934 0 141 -94 -47
1401 934 0 144 -96 -48
1401 934 0 147 -98 -49
1401 934 0 150 -100 -50
1404 936 0 -150 100 50
1404 936 0 -147 98 49
1404 936 0 -144 96 48
1404 936 0 -141 94 47
1404 936 0 -138 92 46
1404 936 0 -135 90 45
1404 936 0 -132 88 44
1404 936 0 -129 86 43
1404 936 0 -126 84 42
1404 936 0 -123 82 41
1404 936 0 -120 80 40
1404 936 0 -117 78 39
1404 936 0 -114 76 38
1404 936 0 -111 74 37
1404 936 0 -108 72 36
1404 936 0 -105 70 35
1404 936 0 -102 68 34
1404 936 0 -99 66 33
1404 936 0 -96 64 32
1404 936 0 -93 62 31
1404 936 0 -90 60 30
1404 936 0 -87 58 29
1404 936 0 -84 56 28
1404 936 0 -81 54 27
1404 936 0 -78 52 26
1404 936 0 -75 50 25
1404 936 0 -72 48 24
1404 936 0 -69 46 23
1404 936 0 -66 44 22
1404 936 0 -63 42 21
1404 936 0 -60 40 20
1404 936 0 -57 38 19
1404 936 0 -54 36 18
1404 936 0 -51 34 17
1404 936 0 -48 32 16
1404 936 0 -45 30 15
1404 936 0 -42 28 14
1404 936 0 -39 26 13
1404 936 0 -36 24 12
1404 936 0 -33 22 11
1404 936 0 -30 20 10
1404 936 0 -27 18 9
1404 936 0 -24 16 8
1404 936 0 -21 14 7
1404 936 0 -18 12 6
1404 936 0 -15 10 5
1404 936 0 -12 8 4
1404 936 0 -9 6 3
1404 936 0 -6 4 2
1404 936 0 -3 2 1
1404 936 0 3 -2 -1
1404 936 0 6 -4 -2
1404 936 0 9 -6 -3
1404 936 0 12 -8 -4
1404 936 0 15 -10 -5
1404 936 0 18 -12 -6
1404 936 0 21 -14 -7
1404 936 0 24 -16 -8
1404 936 0 27 -18 -9
1404 936 0 30 -20 -10
1404 936 0 33 -22 -11
1404 936 0 36 -24 -12
1404 936 0 39 -26 -13
1404 936 0 42 -28 -14
1404 936 0 45 -30 -15
1404 936 0 48 -32 -16
1404 936 0 51 -34 -17
1404 936 0 54 -36 -18
1404 936 0 57 -38 -19
1404 936 0 60 -40 -20
1404 936 0 63 -42 -21
1404 936 0 66 -44 -22
1404 936 0 69 -46 -23
1404 936 0 72 -48 -24
1404 936 0 75 -50 -25
1404 936 0 78 -52 -26
1404 936 0 81 -54 -27
1404 936 0 84 -56 -28
1404 936 0 87 -58 -29
1404 936 0 90 -60 -30
1404 936 0 93 -62 -31
1404 936 0 96 -64 -32
1404 936 0 99 -66 -33
1404 936 0 102 -68 -34
1404 936 0 105 -70 -35
1404 936 0 108 -72 -36
1404 936 0 111 -74 -37
1404 936 0 114 -76 -38
1404 936 0 117 -78 -39
1404 936 0 120 -80 -40
1404 936 0 123 -82 -41
1404 936 0 126 -84 -42
1404 936 0 129 -86 -43
1404 936 0 132 -88 -44
1404 936 0 135 -90 -45
1404 936 0 138 -92 -46
1404 936 0 141 -94 -47
1404 936 0 144 -96 -48
1404 936 0 147 -98 -49
1404 936 0 150 -100 -50
1407 938 0 -150 100 50
1407 938 0 -147 98 49
1407 938 0 -144 96 48
1407 938 0 -141 94 47
1407 938 0 -138 92 46
1407 938 0 -135 90 45
1407 938 0 -132 88 44
1407 938 0 -129 86 43
1407 938 0 -126 84 42
1407 938 0 -123 82 41
1407 938 0 -120 80 40
1407 938 0 -117 78 39
1407 938 0 -114 76 38
1407 938 0 -111 74 37
1407 938 0 -108 72 36
1407 938 0 -105 70 35
1407 938 0 -102 68 34
1407 938 0 -99 66 33
1407 938 0 -96 64 32
1407 938 0 -93 62 31
1407 938 0 -90 60 30
1407 938 0 -87 58 29
1407 938 0 -84 56 28
1407 938 0 -81 54 27
1407 938 0 -78 52 26
1407 938 0 -75 50 25
1407 938 0 -72 48 24
1407 938 0 -69 46 23
1407 938 0 -66 44 22
1407 938 0 -63 42 21
1407 938 0 -60 40 20
1407 938 0 -57 38 19
1407 938 0 -54 36 18
1407 938 0 -51 34 17
1407 938 0 -48 32 16
1407 938 0 -45 30 15
1407 938 0 -42 28 14
1407 938 0 -39 26 13
1407 938 0 -36 24 12
1407 938 0 -33 22 11
1407 938 0 -30 20 10
1407 938 0 -27 18 9
1407 938 0 -24 16 8
1407 938 0 -21 14 7
1407 938 0 -18 12 6
1407 938 0 -15 10 5
1407 938 0 -12 8 4
1407 938 0 -9 6 3
1407 938 0 -6 4 2
1407 938 0 -3 2 1
1407 938 0 3 -2 -1
1407 938 0 6 -4 -2
1407 938 0 9 -6 -3
1407 938 0 12 -8 -4
1407 938 0 15 -10 -5
1407 938 0 18 -12 -6
1407 938 0 21 -14 -7
1407 938 0 24 -16 -8
1407 938 0 27 -18 -9
1407 938 0 30 -20 -10
1407 938 0 33 -22 -11
1407 938 0 36 -24 -12
1407 938 0 39 -26 -13
1407 938 0 42 -28 -14
1407 938 0 45 -30 -15
1407 938 0 48 -32 -16
1407 938 0 51 -34 -17
1407 938 0 54 -36 -18
1407 938 0 57 -38 -19
1407 938 0 60 -40 -20
1407 938 0 63 -42 -21
1407 938 0 66 -44 -22
1407 938 0 69 -46 -23
1407 938 0 72 -48 -24
1407 938 0 75 -50 -25
1407 938 0 78 -52 -26
1407 938 0 81 -54 -27
1407 938 0 84 -56 -28
1407 938 0 87 -58 -29
1407 938 0 90 -60 -30
1407 938 0 93 -62 -31
1407 938 0 96 -64 -32
1407 938 0 99 -66 -33
1407 938 0 102 -68 -34
1407 938 0 105 -70 -35
1407 938 0 108 -72 -36
1407 938 0 111 -74 -37
1407 938 0 114 -76 -38
1407 938 0 117 -78 -39
1407 938 0 120 -80 -40
1407 938 0 123 -82 -41
1407 938 0 126 -84 -42
1407 938 0 129 -86 -43
1407 938 0 132 -88 -44
1407 938 0 135 -90 -45
1407 938 0 138 -92 -46
1407 938 0 141 -94 -47
1407 938 0 144 -96 -48
1407 938 0 147 -98 -49
1407 938 0 150 -100 -50
1410 940 0 -150 100 50
1410 940 0 -147 98 49
1410 940 0 -144 96 48
1410 940 0 -141 94 47
1410 940 0 -138 92 46
1410 940 0 -135 90 45
1410 940 0 -132 88 44
1410 940 0 -129 86 43
1410 940 0 -126 84 42
1410 940 0 -123 82 41
1410 940 0 -120 80 40
1410 940 0 -117 78 39
1410 940 0 -114 76 38
1410 940 0 -111 74 37
1410 940 0 -108 72 36
1410 940 0 -105 70 35
1410 940 0 -102 68 34
1410 940 0 -99 66 33
1410 940 0 -96 64 32
1410 940 0 -93 62 31
1410 940 0 -90 60 30
1410 940 0 -87 58 29
1410 940 0 -84 56 28
1410 940 0 -81 54 27
1410 940 0 -78 52 26
1410 940 0 -75 50 25
1410 940 0 -72 48 24
1410 940 0 -69 46 23
1410 940 0 -66 44 22
1410 940 0 -63 42 21
1410 940 0 -60 40 20
1410 940 0 -57 38 19
1410 940 0 -54 36 18
1410 940 0 -51 34 17
1410 940 0 -48 32 16
1410 940 0 -45 30 15
1410 940 0 -42 28 14
1410 940 0 -39 26 13
1410 940 0 -36 24 12
1410 940 0 -33 22 11
1410 940 0 -30 20 10
1410 940 0 -27 18 9
1410 940 0 -24 16 8
1410 940 0 -21 14 7
1410 940 0 -18 12 6
1410 940 0 -15 10 5
1410 940 0 -12 8 4
1410 940 0 -9 6 3
1410 940 0 -6 4 2
1410 940 0 -3 2 1
1410 940 0 3 -2 -1
1410 940 0 6 -4 -2
1410 940 0 9 -6 -3
1410 940 0 12 -8 -4
1410 940 0 15 -10 -5
1410 940 0 18 -12 -6
1410 940 0 21 -14 -7
1410 940 0 24 -16 -8
1410 940 0 27 -18 -9
1410 940 0 30 -20 -10
1410 940 0 33 -22 -11
1410 940 0 36 -24 -12
1410 940 0 39 -26 -13
1410 940 0 42 -28 -14
1410 940 0 45 -30 -15
1410 940 0 48 -32 -16
1410 940 0 51 -34 -17
1410 940 0 54 -36 -18
1410 940 0 57 -38 -19
1410 940 0 60 -40 -20
1410 940 0 63 -42 -21
1410 940 0 66 -44 -22
1410 940 0 69 -46 -23
1410 940 0 72 -48 -24
1410 940 0 75 -50 -25
1410 940 0 78 -52 -26
1410 940 0 81 -54 -27
1410 940 0 84 -56 -28
1410 940 0 87 -58 -29
1410 940 0 90 -60 -30
1410 940 0 93 -62 -31
1410 940 0 96 -64 -32
1410 940 0 99 -66 -33
1410 940 0 102 -68 -34
1410 940 0 105 -70 -35
1410 940 0 108 -72 -36
1410 940 0 111 -74 -37
1410 940 0 114 -76 -38
1410 940 0 117 -78 -39
1410 940 0 120 -80 -40
1410 940 0 123 -82 -41
1410 940 0 126 -84 -42
1410 940 0 129 -86 -43
1410 940 0 132 -88 -44
1410 940 0 135 -90 -45
1410 940 0 138 -92 -46
1410 940 0 141 -94 -47
1410 940 0 144 -96 -48
1410 940 0 147 -98 -49
1410 940 0 150 -100 -50
1413 942 0 -150 100 50
1413 942 0 -147 98 49
1413 942 0 -144 96 48
1413 942 0 -141 94 47
1413 942 0 -138 92 46
1413 942 0 -135 90 45
1413 942 0 -132 88 44
1413 942 0 -129 86 43
1413 942 0 -126 84 42
1413 942 0 -123 82 41
1413 942 0 -120 80 40
1413 942 0 -117 78 39
1413 942 0 -114 76 38
1413 942 0 -111 74 37
1413 942 0 -108 72 36
1413 942 0 -105 70 35
1413 942 0 -102 68 34
1413 942 0 -99 66 33
1413 942 0 -96 64 32
1413 942 0 -93 62 31
1413 942 0 -90 60 30
1413 942 0 -87 58 29
1413 942 0 -84 56 28
1413 942 0 -81 54 27
1413 942 0 -78 52 26
1413 942 0 -75 50 25
1413 942 0 -72 48 24
1413 942 0 -69 46 23
1413 942 0 -66 44 22
1413 942 0 -63 42 21
1413 942 0 -60 40 20
1413 942 0 -57 38 19
1413 942 0 -54 36 18
1413 942 0 -51 34 17
1413 942 0 -48 32 16
1413 942 0 -45 30 15
1413 942 0 -42 28 14
1413 942 0 -39 26 13
1413 942 0 -36 24 12
1413 942 0 -33 22 11
1413 942 0 -30 20 10
1413 942 0 -27 18 9
1413 942 0 -24 16 8
1413 942 0 -21 14 7
1413 942 0 -18 12 6
1413 942 0 -15 10 5
1413 942 0 -12 8 4
1413 942 0 -9 6 3
1413 942 0 -6 4 2
1413 942 0 -3 2 1
1413 942 0 3 -2 -1
1413 942 0 6 -4 -2
1413 942 0 9 -6 -3
1413 942 0 12 -8 -4
1413 942 0 15 -10 -5
1413 942 0 18 -12 -6
1413 942 0 21 -14 -7
1413 942 0 24 -16 -8
1413 942 0 27 -18 -9
1413 942 0 30 -20 -10
1413 942 0 33 -22 -11
1413 942 0 36 -24 -12
1413 942 0 39 -26 -13
1413 942 0 42 -28 -14
1413 942 0 45 -30 -15
1413 942 0 48 -32 -16
1413 942 0 51 -34 -17
1413 942 0 54 -36 -18
1413 942 0 57 -38 -19
1413 942 0 60 -40 -20
1413 942 0 63 -42 -21
1413 942 0 66 -44 -22
1413 942 0 69 -46 -23
1413 942 0 72 -48 -24
1413 942 0 75 -50 -25
1413 942 0 78 -52 -26
1413 942 0 81 -54 -27
1413 942 0 84 -56 -28
1413 942 0 87 -58 -29
1413 942 0 90 -60 -30
1413 942 0 93 -62 -31
1413 942 0 96 -64 -32
1413 942 0 99 -66 -33
1413 942 0 102 -68 -34
1413 942 0 105 -70 -35
1413 942 0 108 -72 -36
1413 942 0 111 -74 -37
1413 942 0 114 -76 -38
1413 942 0 117 -78 -39
1413 942 0 120 -80 -40
1413 942 0 123 -82 -41
1413 942 0 126 -84 -42
1413 942 0 129 -86 -43
1413 942 0 132 -88 -44
1413 942 0 135 -90 -45
1413 942 0 138 -92 -46
1413 942 0 141 -94 -47
1413 942 0 144 -96 -48
1413 942 0 147 -98 -49
1413 942 0 150 -100 -50
1416 944 0 -150 100 50
1416 944 0 -147 98 49
1416 944 0 -144 96 48
1416 944 0 -141 94 47
1416 944 0 -138 92 46
1416 944 0 -135 90 45
1416 944 0 -132 88 44
1416 944 0 -129 86 43
1416 944 0 -126 84 42
1416 944 0 -123 82 41
1416 944 0 -120 80 40
1416 944 0 -117 78 39
1416 944 0 -114 76 38
1416 944 0 -111 74 37
1416 944 0 -108 72 36
1416 944 0 -105 70 35
1416 944 0 -102 68 34
1416 944 0 -99 66 33
1416 944 0 -96 64 32
1416 944 0 -93 62 31
1416 944 0 -90 60 30
1416 944 0 -87 58 29
1416 944 0 -84 56 28
1416 944 0 -81 54 27
1416 944 0 -78 52 26
1416 944 0 -75 50 25
1416 944 0 -72 48 24
1416 944 0 -69 46 23
1416 944 0 -66 44 22
1416 944 0 -63 42 21
1416 944 0 -60 40 20
1416 944 0 -57 38 19
1416 944 0 -54 36 18
1416 944 0 -51 34 17
1416 944 0 -48 32 16
1416 944 0 -45 30 15
1416 944 0 -42 28 14
1416 944 0 -39 26 13
1416 944 0 -36 24 12
1416 944 0 -33 22 11
1416 944 0 -30 20 10
1416 944 0 -27 18 9
1416 944 0 -24 16 8
1416 944 0 -21 14 7
1416 944 0 -18 12 6
1416 944 0 -15 10 5
1416 944 0 -12 8 4
1416 944 0 -9 6 3
1416 944 0 -6 4 2
1416 944 0 -3 2 1
1416 944 0 3 -2 -1
1416 944 0 6 -4 -2
1416 944 0 9 -6 -3
1416 944 0 12 -8 -4
1416 944 0 15 -10 -5
1416 944 0 18 -12 -6
1416 944 0 21 -14 -7
1416 944 0 24 -16 -8
1416 944 0 27 -18 -9
1416 944 0 30 -20 -10
1416 944 0 33 -22 -11
1416 944 0 36 -24 -12
1416 944 0 39 -26 -13
1416 944 0 42 -28 -14
1416 944 0 45 -30 -15
1416 944 0 48 -32 -16
1416 944 0 51 -34 -17
1416 944 0 54 -36 -18
1416 944 0 57 -38 -19
1416 944 0 60 -40 -20
1416 944 0 63 -42 -21
1416 944 0 66 -44 -22
1416 944 0 69 -46 -23
1416 944 0 72 -48 -24
1416 944 0 75 -50 -25
1416 944 0 78 -52 -26
1416 944 0 81 -54 -27
1416 944 0 84 -56 -28
1416 944 0 87 -58 -29
1416 944 0 90 -60 -30
1416 944 0 93 -62 -31
1416 944 0 96 -64 -32
1416 944 0 99 -66 -33
1416 944 0 102 -68 -34
1416 944 0 105 -70 -35
1416 944 0 108 -72 -36
1416 944 0 111 -74 -37
1416 944 0 114 -76 -38
1416 944 0 117 -78 -39
1416 944 0 120 -80 -40
1416 944 0 123 -82 -41
1416 944 0 126 -84 -42
1416 944 0 129 -86 -43
1416 944 0 132 -88 -44
1416 944 0 135 -90 -45
1416 944 0 138 -92 -46
1416 944 0 141 -94 -47
1416 944 0 144 -96 -48
1416 944 0 147 -98 -49
1416 944 0 150 -100 -50
1419 946 0 -150 100 50
1419 946 0 -147 98 49
1419 946 0 -144 96 48
1419 946 0 -141 94 47
1419 946 0 -138 92 46
1419 946 0 -135 90 45
1419 946 0 -132 88 44
1419 946 0 -129 86 43
1419 946 0 -126 84 42
1419 946 0 -123 82 41
1419 946 0 -120 80 40
1419 946 0 -117 78 39
1419 946 0 -114 76 38
1419 946 0 -111 74 37
1419 946 0 -108 72 36
1419 946 0 -105 70 35
1419 946 0 -102 68 34
1419 946 0 -99 66 33
1419 946 0 -96 64 32
1419 946 0 -93 62 31
1419 946 0 -90 60 30
1419 946 0 -87 58 29
1419 946 0 -84 56 28
1419 946 0 -81 54 27
1419 946 0 -78 52 26
1419 946 0 -75 50 25
1419 946 0 -72 48 24
1419 946 0 -69 46 23
1419 946 0 -66 44 22
1419 946 0 -63 42 21
1419 946 0 -60 40 20
1419 946 0 -57 38 19
1419 946 0 -54 36 18
1419 946 0 -51 34 17
1419 946 0 -48 32 16
1419 946 0 -45 30 15
1419 946 0 -42 28 14
1419 946 0 -39 26 13
1419 946 0 -36 24 12
1419 946 0 -33 22 11
1419 946 0 -30 20 10
1419 946 0 -27 18 9
1419 946 0 -24 16 8
1419 946 0 -21 14 7
1419 946 0 -18 12 6
1419 946 0 -15 10 5
1419 946 0 -12 8 4
1419 946 0 -9 6 3
1419 946 0 -6 4 2
1419 946 0 -3 2 1
1419 946 0 3 -2 -1
1419 946 0 6 -4 -2
1419 946 0 9 -6 -3
1419 946 0 12 -8 -4
1419 946 0 15 -10 -5
1419 946 0 18 -12 -6
1419 946 0 21 -14 -7
1419 946 0 24 -16 -8
1419 946 0 27 -18 -9
1419 946 0 30 -20 -10
1419 946 0 33 -22 -11
1419 946 0 36 -24 -12
1419 946 0 39 -26 -13
1419 946 0 42 -28 -14
1419 946 0 45 -30 -15
1419 946 0 48 -32 -16
1419 946 0 51 -34 -17
1419 946 0 54 -36 -18
1419 946 0 57 -38 -19
1419 946 0 60 -40 -20
1419 946 0 63 -42 -21
1419 946 0 66 -44 -22
1419 946 0 69 -46 -23
1419 946 0 72 -48 -24
1419 946 0 75 -50 -25
1419 946 0 78 -52 -26
1419 946 0 81 -54 -27
1419 946 0 84 -56 -28
1419 946 0 87 -58 -29
1419 946 0 90 -60 -30
1419 946 0 93 -62 -31
1419 946 0 96 -64 -32
1419 946 0 99 -66 -33
1419 946 0 102 -68 -34
1419 946 0 105 -70 -35
1419 946 0 108 -72 -36
1419 946 0 111 -74 -37
1419 946 0 114 -76 -38
1419 946 0 117 -78 -39
1419 946 0 120 -80 -40
1419 946 0 123 -82 -41
1419 946 0 126 -84 -42
1419 946 0 129 -86 -43
1419 946 0 132 -88 -44
1419 946 0 135 -90 -45
1419 946 0 138 -92 -46
1419 946 0 141 -94 -47
1419 946 0 144 -96 -48
1419 946 0 147 -98 -49
1419 946 0 150 -100 -50
1422 948 0 -150 100 50
1422 948 0 -147 98 49
1422 948 0 -144 96 48
1422 948 0 -141 94 47
1422 948 0 -138 92 46
1422 948 0 -135 90 45
1422 948 0 -132 88 44
1422 948 0 -129 86 43
1422 948 0 -126 84 42
1422 948 0 -123 82 41
1422 948 0 -120 80 40
1422 948 0 -117 78 39
1422 948 0 -114 76 38
1422 948 0 -111 74 37
1422 948 0 -108 72 36
1422 948 0 -105 70 35
1422 948 0 -102 68 34
1422 948 0 -99 66 33
1422 948 0 -96 64 32
1422 948 0 -93 62 31
1422 948 0 -90 60 30
1422 948 0 -87 58 29
1422 948 0 -84 56 28
1422 948 0 -81 54 27
1422 948 0 -78 52 26
1422 948 0 -75 50 25
1422 948 0 -72 48 24
1422 948 0 -69 46 23
1422 948 0 -66 44 22
1422 948 0 -63 42 21
1422 948 0 -60 40 20
1422 948 0 -57 38 19
1422 948 0 -54 36 18
1422 948 0 -51 34 17
1422 948 0 -48 32 16
1422 948 0 -45 30 15
1422 948 0 -42 28 14
1422 948 0 -39 26 13
1422 948 0 -36 24 12
1422 948 0 -33 22 11
1422 948 0 -30 20 10
1422 948 0 -27 18 9
1422 948 0 -24 16 8
1422 948 0 -21 14 7
1422 948 0 -18 12 6
1422 948 0 -15 10 5
1422 948 0 -12 8 4
1422 948 0 -9 6 3
1422 948 0 -6 4 2
1422 948 0 -3 2 1
1422 948 0 3 -2 -1
1422 948 0 6 -4 -2
1422 948 0 9 -6 -3
1422 948 0 12 -8 -4
1422 948 0 15 -10 -5
1422 948 0 18 -12 -6
1422 948 0 21 -14 -7
1422 948 0 24 -16 -8
1422 948 0 27 -18 -9
1422 948 0 30 -20 -10
1422 948 0 33 -22 -11
1422 948 0 36 -24 -12
1422 948 0 39 -26 -13
1422 948 0 42 -28 -14
1422 948 0 45 -30 -15
1422 948 0 48 -32 -16
1422 948 0 51 -34 -17
1422 948 0 54 -36 -18
1422 948 0 57 -38 -19
1422 948 0 60 -40 -20
1422 948 0 63 -42 -21
1422 948 0 66 -44 -22
1422 948 0 69 -46 -23
1422 948 0 72 -48 -24
1422 948 0 75 -50 -25
1422 948 0 78 -52 -26
1422 948 0 81 -54 -27
1422 948 0 84 -56 -28
1422 948 0 87 -58 -29
1422 948 0 90 -60 -30
1422 948 0 93 -62 -31
1422 948 0 96 -64 -32
1422 948 0 99 -66 -33
1422 948 0 102 -68 -34
1422 948 0 105 -70 -35
1422 948 0 108 -72 -36
1422 948 0 111 -74 -37
1422 948 0 114 -76 -38
1422 948 0 117 -78 -39
1422 948 0 120 -80 -40
1422 948 0 123 -82 -41
1422 948 0 126 -84 -42
1422 948 0 129 -86 -43
1422 948 0 132 -88 -44
1422 948 0 135 -90 -45
1422 948 0 138 -92 -46
1422 948 0 141 -94 -47
1422 948 0 144 -96 -48
1422 948 0 147 -98 -49
1422 948 0 150 -100 -50
1425 950 0 -150 100 50
1425 950 0 -147 98 49
1425 950 0 -144 96 48
1425 950 0 -141 94 47
1425 950 0 -138 92 46
1425 950 0 -135 90 45
1425 950 0 -132 88 44
1425 950 0 -129 86 43
1425 950 0 -126 84 42
1425 950 0 -123 82 41
1425 950 0 -120 80 40
1425 950 0 -117 78 39
1425 950 0 -114 76 38
1425 950 0 -111 74 37
1425 950 0 -108 72 36
1425 950 0 -105 70 35
1425 950 0 -102 68 34
1425 950 0 -99 66 33
1425 950 0 -96 64 32
1425 950 0 -93 62 31
1425 950 0 -90 60 30
1425 950 0 -87 58 29
1425 950 0 -84 56 28
1425 950 0 -81 54 27
1425 950 0 -78 52 26
1425 950 0 -75 50 25
1425 950 0 -72 48 24
1425 950 0 -69 46 23
1425 950 0 -66 44 22
1425 950 0 -63 42 21
1425 950 0 -60 40 20
1425 950 0 -57 38 19
1425 950 0 -54 36 18
1425 950 0 -51 34 17
1425 950 0 -48 32 16
1425 950 0 -45 30 15
1425 950 0 -42 28 14
1425 950 0 -39 26 13
1425 950 0 -36 24 12
1425 950 0 -33 22 11
1425 950 0 -30 20 10
1425 950 0 -27 18 9
1425 950 0 -24 16 8
1425 950 0 -21 14 7
1425 950 0 -18 12 6
1425 950 0 -15 10 5
1425 950 0 -12 8 4
1425 950 0 -9 6 3
1425 950 0 -6 4 2
1425 950 0 -3 2 1
1425 950 0 3 -2 -1
1425 950 0 6 -4 -2
1425 950 0 9 -6 -3
1425 950 0 12 -8 -4
1425 950 0 15 -10 -5
1425 950 0 18 -12 -6
1425 950 0 21 -14 -7
1425 950 0 24 -16 -8
1425 950 0 27 -18 -9
1425 950 0 30 -20 -10
1425 950 0 33 -22 -11
1425 950 0 36 -24 -12
1425 950 0 39 -26 -13
1425 950 0 42 -28 -14
1425 950 0 45 -30 -15
1425 950 0 48 -32 -16
1425 950 0 51 -34 -17
1425 950 0 54 -36 -18
1425 950 0 57 -38 -19
1425 950 0 60 -40 -20
1425 950 0 63 -42 -21
1425 950 0 66 -44 -22
1425 950 0 69 -46 -23
1425 950 0 72 -48 -24
1425 950 0 75 -50 -25
1425 950 0 78 -52 -26
1425 950 0 81 -54 -27
1425 950 0 84 -56 -28
1425 950 0 87 -58 -29
1425 950 0 90 -60 -30
1425 950 0 93 -62 -31
1425 950 0 96 -64 -32
1425 950 0 99 -66 -33
1425 950 0 102 -68 -34
1425 950 0 105 -70 -35
1425 950 0 108 -72 -36
1425 950 0 111 -74 -37
1425 950 0 114 -76 -38
1425 950 0 117 -78 -39
1425 950 0 120 -80 -40
1425 950 0 123 -82 -41
1425 950 0 126 -84 -42
1425 950 0 129 -86 -43
1425 950 0 132 -88 -44
1425 950 0 135 -90 -45
1425 950 0 138 -92 -46
1425 950 0 141 -94 -47
1425 950 0 144 -96 -48
1425 950 0 147 -98 -49
1425 950 0 150 -100 -50
1428 952 0 -150 100 50
1428 952 0 -147 98 49
1428 952 0 -144 96 48
1428 952 0 -141 94 47
1428 952 0 -138 92 46
1428 952 0 -135 90 45
1428 952 0 -132 88 44
1428 952 0 -129 86 43
1428 952 0 -126 84 42
1428 952 0 -123 82 41
1428 952 0 -120 80 40
1428 952 0 -117 78 39
1428 952 0 -114 76 38
1428 952 0 -111 74 37
1428 952 0 -108 72 36
1428 952 0 -105 70 35
1428 952 0 -102 68 34
1428 952 0 -99 66 33
1428 952 0 -96 64 32
1428 952 0 -93 62 31
1428 952 0 -90 60 30
1428 952 0 -87 58 29
1428 952 0 -84 56 28
1428 952 0 -81 54 27
1428 952 0 -78 52 26
1428 952 0 -75 50 25
1428 952 0 -72 48 24
1428 952 0 -69 46 23
1428 952 0 -66 44 22
1428 952 0 -63 42 21
1428 952 0 -60 40 20
1428 952 0 -57 38 19
1428 952 0 -54 36 18
1428 952 0 -51 34 17
1428 952 0 -48 32 16
1428 952 0 -45 30 15
1428 952 0 -42 28 14
1428 952 0 -39 26 13
1428 952 0 -36 24 12
1428 952 0 -33 22 11
1428 952 0 -30 20 10
1428 952 0 -27 18 9
1428 952 0 -24 16 8
1428 952 0 -21 14 7
1428 952 0 -18 12 6
1428 952 0 -15 10 5
1428 952 0 -12 8 4
1428 952 0 -9 6 3
1428 952 0 -6 4 2
1428 952 0 -3 2 1
1428 952 0 3 -2 -1
1428 952 0 6 -4 -2
1428 952 0 9 -6 -3
1428 952 0 12 -8 -4
1428 952 0 15 -10 -5
1428 952 0 18 -12 -6
1428 952 0 21 -14 -7
1428 952 0 24 -16 -8
1428 952 0 27 -18 -9
1428 952 0 30 -20 -10
1428 952 0 33 -22 -11
1428 952 0 36 -24 -12
1428 952 0 39 -26 -13
1428 952 0 42 -28 -14
1428 952 0 45 -30 -15
1428 952 0 48 -32 -16
1428 952 0 51 -34 -17
1428 952 0 54 -36 -18
1428 952 0 57 -38 -19
1428 952 0 60 -40 -20
1428 952 0 63 -42 -21
1428 952 0 66 -44 -22
1428 952 0 69 -46 -23
1428 952 0 72 -48 -24
1428 952 0 75 -50 -25
1428 952 0 78 -52 -26
1428 952 0 81 -54 -27
1428 952 0 84 -56 -28
1428 952 0 87 -58 -29
1428 952 0 90 -60 -30
1428 952 0 93 -62 -31
1428 952 0 96 -64 -32
1428 952 0 99 -66 -33
1428 952 0 102 -68 -34
1428 952 0 105 -70 -35
1428 952 0 108 -72 -36
1428 952 0 111 -74 -37
1428 952 0 114 -76 -38
1428 952 0 117 -78 -39
1428 952 0 120 -80 -40
1428 952 0 123 -82 -41
1428 952 0 126 -84 -42
1428 952 0 129 -86 -43
1428 952 0 132 -88 -44
1428 952 0 135 -90 -45
1428 952 0 138 -92 -46
1428 952 0 141 -94 -47
1428 952 0 144 -96 -48
1428 952 0 147 -98 -49
1428 952 0 150 -100 -50
1431 954 0 -150 100 50
1431 954 0 -147 98 49
1431 954 0 -144 96 48
1431 954 0 -141 94 47
1431 954 0 -138 92 46
1431 954 0 -135 90 45
1431 954 0 -132 88 44
1431 954 0 -129 86 43
1431 954 0 -126 84 42
1431 954 0 -123 82 41
1431 954 0 -120 80 40
1431 954 0 -117 78 39
1431 954 0 -114 76 38
1431 954 0 -111 74 37
1431 954 0 -108 72 36
1431 954 0 -105 70 35
1431 954 0 -102 68 34
1431 954 0 -99 66 33
1431 954 0 -96 64 32
1431 954 0 -93 62 31
1431 954 0 -90 60 30
1431 954 0 -87 58 29
1431 954 0 -84 56 28
1431 954 0 -81 54 27
1431 954 0 -78 52 26
1431 954 0 -75 50 25
1431 954 0 -72 48 24
1431 954 0 -69 46 23
1431 954 0 -66 44 22
1431 954 0 -63 42 21
1431 954 0 -60 40 20
1431 954 0 -57 38 19
1431 954 0 -54 36 18
1431 954 0 -51 34 17
1431 954 0 -48 32 16
1431 954 0 -45 30 15
1431 954 0 -42 28 14
1431 954 0 -39 26 13
1431 954 0 -36 24 12
1431 954 0 -33 22 11
1431 954 0 -30 20 10
1431 954 0 -27 18 9
1431 954 0 -24 16 8
1431 954 0 -21 14 7
1431 954 0 -18 12 6
1431 954 0 -15 10 5
1431 954 0 -12 8 4
1431 954 0 -9 6 3
1431 954 0 -6 4 2
1431 954 0 -3 2 1
1431 954 0 3 -2 -1
1431 954 0 6 -4 -2
1431 954 0 9 -6 -3
1431 954 0 12 -8 -4
1431 954 0 15 -10 -5
1431 954 0 18 -12 -6
1431 954 0 21 -14 -7
1431 954 0 24 -16 -8
1431 954 0 27 -18 -9
1431 954 0 30 -20 -10
1431 954 0 33 -22 -11
1431 954 0 36 -24 -12
1431 954 0 39 -26 -13
1431 954 0 42 -28 -14
1431 954 0 45 -30 -15
1431 954 0 48 -32 -16
1431 954 0 51 -34 -17
1431 954 0 54 -36 -18
1431 954 0 57 -38 -19
1431 954 0 60 -40 -20
1431 954 0 63 -42 -21
1431 954 0 66 -44 -22
1431 954 0 69 -46 -23
1431 954 0 72 -48 -24
1431 954 0 75 -50 -25
1431 954 0 78 -52 -26
1431 954 0 81 -54 -27
1431 954 0 84 -56 -28
1431 954 0 87 -58 -29
1431 954 0 90 -60 -30
1431 954 0 93 -62 -31
1431 954 0 96 -64 -32
1431 954 0 99 -66 -33
1431 954 0 102 -68 -34
1431 954 0 105 -70 -35
1431 954 0 108 -72 -36
1431 954 0 111 -74 -37
1431 954 0 114 -76 -38
1431 954 0 117 -78 -39
1431 954 0 120 -80 -40
1431 954 0 123 -82 -41
1431 954 0 126 -84 -42
1431 954 0 129 -86 -43
1431 954 0 132 -88 -44
1431 954 0 135 -90 -45
1431 954 0 138 -92 -46
1431 954 0 141 -94 -47
1431 954 0 144 -96 -48
1431 954 0 147 -98 -49
1431 954 0 150 -100 -50
1434 956 0 -150 100 50
1434 956 0 -147 98 49
1434 956 0 -144 96 48
1434 956 0 -141 94 47
1434 956 0 -138 92 46
1434 956 0 -135 90 45
1434 956 0 -132 88 44
1434 956 0 -129 86 43
1434 956 0 -126 84 42
1434 956 0 -123 82 41
1434 956 0 -120 80 40
1434 956 0 -117 78 39
1434 956 0 -114 76 38
1434 956 0 -111 74 37
1434 956 0 -108 72 36
1434 956 0 -105 70 35
1434 956 0 -102 68 34
1434 956 0 -99 66 33
1434 956 0 -96 64 32
1434 956 0 -93 62 31
1434 956 0 -90 60 30
1434 956 0 -87 58 29
1434 956 0 -84 56 28
1434 956 0 -81 54 27
1434 956 0 -78 52 26
1434 956 0 -75 50 25
1434 956 0 -72 48 24
1434 956 0 -69 46 23
1434 956 0 -66 44 22
1434 956 0 -63 42 21
1434 956 0 -60 40 20
1434 956 0 -57 38 19
1434 956 0 -54 36 18
1434 956 0 -51 34 17
1434 956 0 -48 32 16
1434 956 0 -45 30 15
1434 956 0 -42 28 14
1434 956 0 -39 26 13
1434 956 0 -36 24 12
1434 956 0 -33 22 11
1434 956 0 -30 20 10
1434 956 0 -27 18 9
1434 956 0 -24 16 8
1434 956 0 -21 14 7
1434 956 0 -18 12 6
1434 956 0 -15 10 5
1434 956 0 -12 8 4
1434 956 0 -9 6 3
1434 956 0 -6 4 2
1434 956 0 -3 2 1
1434 956 0 3 -2 -1
1434 956 0 6 -4 -2
1434 956 0 9 -6 -3
1434 956 0 12 -8 -4
1434 956 0 15 -10 -5
1434 956 0 18 -12 -6
1434 956 0 21 -14 -7
1434 956 0 24 -16 -8
1434 956 0 27 -18 -9
1434 956 0 30 -20 -10
1434 956 0 33 -22 -11
1434 956 0 36 -24 -12
1434 956 0 39 -26 -13
1434 956 0 42 -28 -14
1434 956 0 45 -30 -15
1434 956 0 48 -32 -16
1434 956 0 51 -34 -17
1434 956 0 54 -36 -18
1434 956 0 57 -38 -19
1434 956 0 60 -40 -20
1434 956 0 63 -42 -21
1434 956 0 66 -44 -22
1434 956 0 69 -46 -23
1434 956 0 72 -48 -24
1434 956 0 75 -50 -25
1434 956 0 78 -52 -26
1434 956 0 81 -54 -27
1434 956 0 84 -56 -28
1434 956 0 87 -58 -29
1434 956 0 90 -60 -30
1434 956 0 93 -62 -31
1434 956 0 96 -64 -32
1434 956 0 99 -66 -33
1434 956 0 102 -68 -34
1434 956 0 105 -70 -35
1434 956 0 108 -72 -36
1434 956 0 111 -74 -37
1434 956 0 114 -76 -38
1434 956 0 117 -78 -39
1434 956 0 120 -80 -40
1434 956 0 123 -82 -41
1434 956 0 126 -84 -42
1434 956 0 129 -86 -43
1434 956 0 132 -88 -44
1434 956 0 135 -90 -45
1434 956 0 138 -92 -46
1434 956 0 141 -94 -47
1434 956 0 144 -96 -48
1434 956 0 147 -98 -49
1434 956 0 150 -100 -50
1437 958 0 -150 100 50
1437 958 0 -147 98 49
1437 958 0 -144 96 48
1437 958 0 -141 94 47
1437 958 0 -138 92 46
1437 958 0 -135 90 45
1437 958 0 -132 88 44
1437 958 0 -129 86 43
1437 958 0 -126 84 42
1437 958 0 -123 82 41
1437 958 0 -120 80 40
1437 958 0 -117 78 39
1437 958 0 -114 76 38
1437 958 0 -111 74 37
1437 958 0 -108 72 36
1437 958 0 -105 70 35
1437 958 0 -102 68 34
1437 958 0 -99 66 33
1437 958 0 -96 64 32
1437 958 0 -93 62 31
1437 958 0 -90 60 30
1437 958 0 -87 58 29
1437 958 0 -84 56 28
1437 958 0 -81 54 27
1437 958 0 -78 52 26
1437 958 0 -75 50 25
1437 958 0 -72 48 24
1437 958 0 -69 46 23
1437 958 0 -66 44 22
1437 958 0 -63 42 21
1437 958 0 -60 40 20
1437 958 0 -57 38 19
1437 958 0 -54 36 18
1437 958 0 -51 34 17
1437 958 0 -48 32 16
1437 958 0 -45 30 15
1437 958 0 -42 28 14
1437 958 0 -39 26 13
1437 958 0 -36 24 12
1437 958 0 -33 22 11
1437 958 0 -30 20 10
1437 958 0 -27 18 9
1437 958 0 -24 16 8
1437 958 0 -21 14 7
1437 958 0 -18 12 6
1437 958 0 -15 10 5
1437 958 0 -12 8 4
1437 958 0 -9 6 3
1437 958 0 -6 4 2
1437 958 0 -3 2 1
1437 958 0 3 -2 -1
1437 958 0 6 -4 -2
1437 958 0 9 -6 -3
1437 958 0 12 -8 -4
1437 958 0 15 -10 -5
1437 958 0 18 -12 -6
1437 958 0 21 -14 -7
1437 958 0 24 -16 -8
1437 958 0 27 -18 -9
1437 958 0 30 -20 -10
1437 958 0 33 -22 -11
1437 958 0 36 -24 -12
1437 958 0 39 -26 -13
1437 958 0 42 -28 -14
1437 958 0 45 -30 -15
1437 958 0 48 -32 -16
1437 958 0 51 -34 -17
1437 958 0 54 -36 -18
1437 958 0 57 -38 -19
1437 958 0 60 -40 -20
1437 958 0 63 -42 -21
1437 958 0 66 -44 -22
1437 958 0 69 -46 -23
1437 958 0 72 -48 -24
1437 958 0 75 -50 -25
1437 958 0 78 -52 -26
1437 958 0 81 -54 -27
1437 958 0 84 -56 -28
1437 958 0 87 -58 -29
1437 958 0 90 -60 -30
1437 958 0 93 -62 -31
1437 958 0 96 -64 -32
1437 958 0 99 -66 -33
1437 958 0 102 -68 -34
1437 958 0 105 -70 -35
1437 958 0 108 -72 -36
1437 958 0 111 -74 -37
1437 958 0 114 -76 -38
1437 958 0 117 -78 -39
1437 958 0 120 -80 -40
1437 958 0 123 -82 -41
1437 958 0 126 -84 -42
1437 958 0 129 -86 -43
1437 958 0 132 -88 -44
1437 958 0 135 -90 -45
1437 958 0 138 -92 -46
1437 958 0 141 -94 -47
1437 958 0 144 -96 -48
1437 958 0 147 -98 -49
1437 958 0 150 -100 -50
1440 960 0 -150 100 50
1440 960 0 -147 98 49
1440 960 0 -144 96 48
1440 960 0 -141 94 47
1440 960 0 -138 92 46
1440 960 0 -135 90 45
1440 960 0 -132 88 44
1440 960 0 -129 86 43
1440 960 0 -126 84 42
1440 960 0 -123 82 41
1440 960 0 -120 80 40
1440 960 0 -117 78 39
1440 960 0 -114 76 38
1440 960 0 -111 74 37
1440 960 0 -108 72 36
1440 960 0 -105 70 35
1440 960 0 -102 68 34
1440 960 0 -99 66 33
1440 960 0 -96 64 32
1440 960 0 -93 62 31
1440 960 0 -90 60 30
1440 960 0 -87 58 29
1440 960 0 -84 56 28
1440 960 0 -81 54 27
1440 960 0 -78 52 26
1440 960 0 -75 50 25
1440 960 0 -72 48 24
1440 960 0 -69 46 23
1440 960 0 -66 44 22
1440 960 0 -63 42 21
1440 960 0 -60 40 20
1440 960 0 -57 38 19
1440 960 0 -54 36 18
1440 960 0 -51 34 17
1440 960 0 -48 32 16
1440 960 0 -45 30 15
1440 960 0 -42 28 14
1440 960 0 -39 26 13
1440 960 0 -36 24 12
1440 960 0 -33 22 11
1440 960 0 -30 20 10
1440 960 0 -27 18 9
1440 960 0 -24 16 8
1440 960 0 -21 14 7
1440 960 0 -18 12 6
1440 960 0 -15 10 5
1440 960 0 -12 8 4
1440 960 0 -9 6 3
1440 960 0 -6 4 2
1440 960 0 -3 2 1
1440 960 0 3 -2 -1
1440 960 0 6 -4 -2
1440 960 0 9 -6 -3
1440 960 0 12 -8 -4
1440 960 0 15 -10 -5
1440 960 0 18 -12 -6
1440 960 0 21 -14 -7
1440 960 0 24 -16 -8
1440 960 0 27 -18 -9
1440 960 0 30 -20 -10
1440 960 0 33 -22 -11
1440 960 0 36 -24 -12
1440 960 0 39 -26 -13
1440 960 0 42 -28 -14
1440 960 0 45 -30 -15
1440 960 0 48 -32 -16
1440 960 0 51 -34 -17
1440 960 0 54 -36 -18
1440 960 0 57 -38 -19
1440 960 0 60 -40 -20
1440 960 0 63 -42 -21
1440 960 0 66 -44 -22
1440 960 0 69 -46 -23
1440 960 0 72 -48 -24
1440 960 0 75 -50 -25
1440 960 0 78 -52 -26
1440 960 0 81 -54 -27
1440 960 0 84 -56 -28
1440 960 0 87 -58 -29
1440 960 0 90 -60 -30
1440 960 0 93 -62 -31
1440 960 0 96 -64 -32
1440 960 0 99 -66 -33
1440 960 0 102 -68 -34
1440 960 0 105 -70 -35
1440 960 0 108 -72 -36
1440 960 0 111 -74 -37
1440 960 0 114 -76 -38
1440 960 0 117 -78 -39
1440 960 0 120 -80 -40
1440 960 0 123 -82 -41
1440 960 0 126 -84 -42
1440 960 0 129 -86 -43
1440 960 0 132 -88 -44
1440 960 0 135 -90 -45
1440 960 0 138 -92 -46
1440 960 0 141 -94 -47
1440 960 0 144 -96 -48
1440 960 0 147 -98 -49
1440 960 0 150 -100 -50
1443 962 0 -150 100 50
1443 962 0 -147 98 49
1443 962 0 -144 96 48
1443 962 0 -141 94 47
1443 962 0 -138 92 46
1443 962 0 -135 90 45
1443 962 0 -132 88 44
1443 962 0 -129 86 43
1443 962 0 -126 84 42
1443 962 0 -123 82 41
1443 962 0 -120 80 40
1443 962 0 -117 78 39
1443 962 0 -114 76 38
1443 962 0 -111 74 37
1443 962 0 -108 72 36
1443 962 0 -105 70 35
1443 962 0 -102 68 34
1443 962 0 -99 66 33
1443 962 0 -96 64 32
1443 962 0 -93 62 31
1443 962 0 -90 60 30
1443 962 0 -87 58 29
1443 962 0 -84 56 28
1443 962 0 -81 54 27
1443 962 0 -78 52 26
1443 962 0 -75 50 25
1443 962 0 -72 48 24
1443 962 0 -69 46 23
1443 962 0 -66 44 22
1443 962 0 -63 42 21
1443 962 0 -60 40 20
1443 962 0 -57 38 19
1443 962 0 -54 36 18
1443 962 0 -51 34 17
1443 962 0 -48 32 16
1443 962 0 -45 30 15
1443 962 0 -42 28 14
1443 962 0 -39 26 13
1443 962 0 -36 24 12
1443 962 0 -33 22 11
1443 962 0 -30 20 10
1443 962 0 -27 18 9
1443 962 0 -24 16 8
1443 962 0 -21 14 7
1443 962 0 -18 12 6
1443 962 0 -15 10 5
1443 962 0 -12 8 4
1443 962 0 -9 6 3
1443 962 0 -6 4 2
1443 962 0 -3 2 1
1443 962 0 3 -2 -1
1443 962 0 6 -4 -2
1443 962 0 9 -6 -3
1443 962 0 12 -8 -4
1443 962 0 15 -10 -5
1443 962 0 18 -12 -6
1443 962 0 21 -14 -7
1443 962 0 24 -16 -8
1443 962 0 27 -18 -9
1443 962 0 30 -20 -10
1443 962 0 33 -22 -11
1443 962 0 36 -24 -12
1443 962 0 39 -26 -13
1443 962 0 42 -28 -14
1443 962 0 45 -30 -15
1443 962 0 48 -32 -16
1443 962 0 51 -34 -17
1443 962 0 54 -36 -18
1443 962 0 57 -38 -19
1443 962 0 60 -40 -20
1443 962 0 63 -42 -21
1443 962 0 66 -44 -22
1443 962 0 69 -46 -23
1443 962 0 72 -48 -24
1443 962 0 75 -50 -25
1443 962 0 78 -52 -26
1443 962 0 81 -54 -27
1443 962 0 84 -56 -28
1443 962 0 87 -58 -29
1443 962 0 90 -60 -30
1443 962 0 93 -62 -31
1443 962 0 96 -64 -32
1443 962 0 99 -66 -33
1443 962 0 102 -68 -34
1443 962 0 105 -70 -35
1443 962 0 108 -72 -36
1443 962 0 111 -74 -37
1443 962 0 114 -76 -38
1443 962 0 117 -78 -39
1443 962 0 120 -80 -40
1443 962 0 123 -82 -41
1443 962 0 126 -84 -42
1443 962 0 129 -86 -43
1443 962 0 132 -88 -44
1443 962 0 135 -90 -45
1443 962 0 138 -92 -46
1443 962 0 141 -94 -47
1443 962 0 144 -96 -48
1443 962 0 147 -98 -49
1443 962 0 150 -100 -50
1446 964 0 -150 100 50
1446 964 0 -147 98 49
1446 964 0 -144 96 48
1446 964 0 -141 94 47
1446 964 0 -138 92 46
1446 964 0 -135 90 45
1446 964 0 -132 88 44
1446 964 0 -129 86 43
1446 964 0 -126 84 42
1446 964 0 -123 82 41
1446 964 0 -120 80 40
1446 964 0 -117 78 39
1446 964 0 -114 76 38
1446 964 0 -111 74 37
1446 964 0 -108 72 36
1446 964 0 -105 70 35
1446 964 0 -102 68 34
1446 964 0 -99 66 33
1446 964 0 -96 64 32
1446 964 0 -93 62 31
1446 964 0 -90 60 30
1446 964 0 -87 58 29
1446 964 0 -84 56 28
1446 964 0 -81 54 27
1446 964 0 -78 52 26
1446 964 0 -75 50 25
1446 964 0 -72 48 24
1446 964 0 -69 46 23
1446 964 0 -66 44 22
1446 964 0 -63 42 21
1446 964 0 -60 40 20
1446 964 0 -57 38 19
1446 964 0 -54 36 18
1446 964 0 -51 34 17
1446 964 0 -48 32 16
1446 964 0 -45 30 15
1446 964 0 -42 28 14
1446 964 0 -39 26 13
1446 964 0 -36 24 12
1446 964 0 -33 22 11
1446 964 0 -30 20 10
1446 964 0 -27 18 9
1446 964 0 -24 16 8
1446 964 0 -21 14 7
1446 964 0 -18 12 6
1446 964 0 -15 10 5
1446 964 0 -12 8 4
1446 964 0 -9 6 3
1446 964 0 -6 4 2
1446 964 0 -3 2 1
1446 964 0 3 -2 -1
1446 964 0 6 -4 -2
1446 964 0 9 -6 -3
1446 964 0 12 -8 -4
1446 964 0 15 -10 -5
1446 964 0 18 -12 -6
1446 964 0 21 -14 -7
1446 964 0 24 -16 -8
1446 964 0 27 -18 -9
1446 964 0 30 -20 -10
1446 964 0 33 -22 -11
1446 964 0 36 -24 -12
1446 964 0 39 -26 -13
1446 964 0 42 -28 -14
1446 964 0 45 -30 -15
1446 964 0 48 -32 -16
1446 964 0 51 -34 -17
1446 964 0 54 -36 -18
1446 964 0 57 -38 -19
1446 964 0 60 -40 -20
1446 964 0 63 -42 -21
1446 964 0 66 -44 -22
1446 964 0 69 -46 -23
1446 964 0 72 -48 -24
1446 964 0 75 -50 -25
1446 964 0 78 -52 -26
1446 964 0 81 -54 -27
1446 964 0 84 -56 -28
1446 964 0 87 -58 -29
1446 964 0 90 -60 -30
1446 964 0 93 -62 -31
1446 964 0 96 -64 -32
1446 964 0 99 -66 -33
1446 964 0 102 -68 -34
1446 964 0 105 -70 -35
1446 964 0 108 -72 -36
1446 964 0 111 -74 -37
1446 964 0 114 -76 -38
1446 964 0 117 -78 -39
1446 964 0 120 -80 -40
1446 964 0 123 -82 -41
1446 964 0 126 -84 -42
1446 964 0 129 -86 -43
1446 964 0 132 -88 -44
1446 964 0 135 -90 -45
1446 964 0 138 -92 -46
1446 964 0 141 -94 -47
1446 964 0 144 -96 -48
1446 964 0 147 -98 -49
1446 964 0 150 -100 -50
1449 966 0 -150 100 50
1449 966 0 -147 98 49
1449 966 0 -144 96 48
1449 966 0 -141 94 47
1449 966 0 -138 92 46
1449 966 0 -135 90 45
1449 966 0 -132 88 44
1449 966 0 -129 86 43
1449 966 0 -126 84 42
1449 966 0 -123 82 41
1449 966 0 -120 80 40
1449 966 0 -117 78 39
1449 966 0 -114 76 38
1449 966 0 -111 74 37
1449 966 0 -108 72 36
1449 966 0 -105 70 35
1449 966 0 -102 68 34
1449 966 0 -99 66 33
1449 966 0 -96 64 32
1449 966 0 -93 62 31
1449 966 0 -90 60 30
1449 966 0 -87 58 29
1449 966 0 -84 56 28
1449 966 0 -81 54 27
1449 966 0 -78 52 26
1449 966 0 -75 50 25
1449 966 0 -72 48 24
1449 966 0 -69 46 23
1449 966 0 -66 44 22
1449 966 0 -63 42 21
1449 966 0 -60 40 20
1449 966 0 -57 38 19
1449 966 0 -54 36 18
1449 966 0 -51 34 17
1449 966 0 -48 32 16
1449 966 0 -45 30 15
1449 966 0 -42 28 14
1449 966 0 -39 26 13
1449 966 0 -36 24 12
1449 966 0 -33 22 11
1449 966 0 -30 20 10
1449 966 0 -27 18 9
1449 966 0 -24 16 8
1449 966 0 -21 14 7
1449 966 0 -18 12 6
1449 966 0 -15 10 5
1449 966 0 -12 8 4
1449 966 0 -9 6 3
1449 966 0 -6 4 2
1449 966 0 -3 2 1
1449 966 0 3 -2 -1
1449 966 0 6 -4 -2
1449 966 0 9 -6 -3
1449 966 0 12 -8 -4
1449 966 0 15 -10 -5
1449 966 0 18 -12 -6
1449 966 0 21 -14 -7
1449 966 0 24 -16 -8
1449 966 0 27 -18 -9
1449 966 0 30 -20 -10
1449 966 0 33 -22 -11
1449 966 0 36 -24 -12
1449 966 0 39 -26 -13
1449 966 0 42 -28 -14
1449 966 0 45 -30 -15
1449 966 0 48 -32 -16
1449 966 0 51 -34 -17
1449 966 0 54 -36 -18
1449 966 0 57 -38 -19
1449 966 0 60 -40 -20
1449 966 0 63 -42 -21
1449 966 0 66 -44 -22
1449 966 0 69 -46 -23
1449 966 0 72 -48 -24
1449 966 0 75 -50 -25
1449 966 0 78 -52 -26
1449 966 0 81 -54 -27
1449 966 0 84 -56 -28
1449 966 0 87 -58 -29
1449 966 0 90 -60 -30
1449 966 0 93 -62 -31
1449 966 0 96 -64 -32
1449 966 0 99 -66 -33
1449 966 0 102 -68 -34
1449 966 0 105 -70 -35
1449 966 0 108 -72 -36
1449 966 0 111 -74 -37
1449 966 0 114 -76 -38
1449 966 0 117 -78 -39
1449 966 0 120 -80 -40
1449 966 0 123 -82 -41
1449 966 0 126 -84 -42
1449 966 0 129 -86 -43
1449 966 0 132 -88 -44
1449 966 0 135 -90 -45
1449 966 0 138 -92 -46
1449 966 0 141 -94 -47
1449 966 0 144 -96 -48
1449 966 0 147 -98 -49
1449 966 0 150 -100 -50
1452 968 0 -150 100 50
1452 968 0 -147 98 49
1452 968 0 -144 96 48
1452 968 0 -141 94 47
1452 968 0 -138 92 46
1452 968 0 -135 90 45
1452 968 0 -132 88 44
1452 968 0 -129 86 43
1452 968 0 -126 84 42
1452 968 0 -123 82 41
1452 968 0 -120 80 40
1452 968 0 -117 78 39
1452 968 0 -114 76 38
1452 968 0 -111 74 37
1452 968 0 -108 72 36
1452 968 0 -105 70 35
1452 968 0 -102 68 34
1452 968 0 -99 66 33
1452 968 0 -96 64 32
1452 968 0 -93 62 31
1452 968 0 -90 60 30
1452 968 0 -87 58 29
1452 968 0 -84 56 28
1452 968 0 -81 54 27
1452 968 0 -78 52 26
1452 968 0 -75 50 25
1452 968 0 -72 48 24
1452 968 0 -69 46 23
1452 968 0 -66 44 22
1452 968 0 -63 42 21
1452 968 0 -60 40 20
1452 968 0 -57 38 19
1452 968 0 -54 36 18
1452 968 0 -51 34 17
1452 968 0 -48 32 16
1452 968 0 -45 30 15
1452 968 0 -42 28 14
1452 968 0 -39 26 13
1452 968 0 -36 24 12
1452 968 0 -33 22 11
1452 968 0 -30 20 10
1452 968 0 -27 18 9
1452 968 0 -24 16 8
1452 968 0 -21 14 7
1452 968 0 -18 12 6
1452 968 0 -15 10 5
1452 968 0 -12 8 4
1452 968 0 -9 6 3
1452 968 0 -6 4 2
1452 968 0 -3 2 1
1452 968 0 3 -2 -1
1452 968 0 6 -4 -2
1452 968 0 9 -6 -3
1452 968 0 12 -8 -4
1452 968 0 15 -10 -5
1452 968 0 18 -12 -6
1452 968 0 21 -14 -7
1452 968 0 24 -16 -8
1452 968 0 27 -18 -9
1452 968 0 30 -20 -10
1452 968 0 33 -22 -11
1452 968 0 36 -24 -12
1452 968 0 39 -26 -13
1452 968 0 42 -28 -14
1452 968 0 45 -30 -15
1452 968 0 48 -32 -16
1452 968 0 51 -34 -17
1452 968 0 54 -36 -18
1452 968 0 57 -38 -19
1452 968 0 60 -40 -20
1452 968 0 63 -42 -21
1452 968 0 66 -44 -22
1452 968 0 69 -46 -23
1452 968 0 72 -48 -24
1452 968 0 75 -50 -25
1452 968 0 78 -52 -26
1452 968 0 81 -54 -27
1452 968 0 84 -56 -28
1452 968 0 87 -58 -29
1452 968 0 90 -60 -30
1452 968 0 93 -62 -31
1452 968 0 96 -64 -32
1452 968 0 99 -66 -33
1452 968 0 102 -68 -34
1452 968 0 105 -70 -35
1452 968 0 108 -72 -36
1452 968 0 111 -74 -37
1452 968 0 114 -76 -38
1452 968 0 117 -78 -39
1452 968 0 120 -80 -40
1452 968 0 123 -82 -41
1452 968 0 126 -84 -42
1452 968 0 129 -86 -43
1452 968 0 132 -88 -44
1452 968 0 135 -90 -45
1452 968 0 138 -92 -46
1452 968 0 141 -94 -47
1452 968 0 144 -96 -48
1452 968 0 147 -98 -49
1452 968 0 150 -100 -50
1455 970 0 -150 100 50
1455 970 0 -147 98 49
1455 970 0 -144 96 48
1455 970 0 -141 94 47
1455 970 0 -138 92 46
1455 970 0 -135 90 45
1455 970 0 -132 88 44
1455 970 0 -129 86 43
1455 970 0 -126 84 42
1455 970 0 -123 82 41
1455 970 0 -120 80 40
1455 970 0 -117 78 39
1455 970 0 -114 76 38
1455 970 0 -111 74 37
1455 970 0 -108 72 36
1455 970 0 -105 70 35
1455 970 0 -102 68 34
1455 970 0 -99 66 33
1455 970 0 -96 64 32
1455 970 0 -93 62 31
1455 970 0 -90 60 30
1455 970 0 -87 58 29
1455 970 0 -84 56 28
1455 970 0 -81 54 27
1455 970 0 -78 52 26
1455 970 0 -75 50 25
1455 970 0 -72 48 24
1455 970 0 -69 46 23
1455 970 0 -66 44 22
1455 970 0 -63 42 21
1455 970 0 -60 40 20
1455 970 0 -57 38 19
1455 970 0 -54 36 18
1455 970 0 -51 34 17
1455 970 0 -48 32 16
1455 970 0 -45 30 15
1455 970 0 -42 28 14
1455 970 0 -39 26 13
1455 970 0 -36 24 12
1455 970 0 -33 22 11
1455 970 0 -30 20 10
1455 970 0 -27 18 9
1455 970 0 -24 16 8
1455 970 0 -21 14 7
1455 970 0 -18 12 6
1455 970 0 -15 10 5
1455 970 0 -12 8 4
1455 970 0 -9 6 3
1455 970 0 -6 4 2
1455 970 0 -3 2 1
1455 970 0 3 -2 -1
1455 970 0 6 -4 -2
1455 970 0 9 -6 -3
1455 970 0 12 -8 -4
1455 970 0 15 -10 -5
1455 970 0 18 -12 -6
1455 970 0 21 -14 -7
1455 970 0 24 -16 -8
1455 970 0 27 -18 -9
1455 970 0 30 -20 -10
1455 970 0 33 -22 -11
1455 970 0 36 -24 -12
1455 970 0 39 -26 -13
1455 970 0 42 -28 -14
1455 970 0 45 -30 -15
1455 970 0 48 -32 -16
1455 970 0 51 -34 -17
1455 970 0 54 -36 -18
1455 970 0 57 -38 -19
1455 970 0 60 -40 -20
1455 970 0 63 -42 -21
1455 970 0 66 -44 -22
1455 970 0 69 -46 -23
1455 970 0 72 -48 -24
1455 970 0 75 -50 -25
1455 970 0 78 -52 -26
1455 970 0 81 -54 -27
1455 970 0 84 -56 -28
1455 970 0 87 -58 -29
1455 970 0 90 -60 -30
1455 970 0 93 -62 -31
1455 970 0 96 -64 -32
1455 970 0 99 -66 -33
1455 970 0 102 -68 -34
1455 970 0 105 -70 -35
1455 970 0 108 -72 -36
1455 970 0 111 -74 -37
1455 970 0 114 -76 -38
1455 970 0 117 -78 -39
1455 970 0 120 -80 -40
1455 970 0 123 -82 -41
1455 970 0 126 -84 -42
1455 970 0 129 -86 -43
1455 970 0 132 -88 -44
1455 970 0 135 -90 -45
1455 970 0 138 -92 -46
1455 970 0 141 -94 -47
1455 970 0 144 -96 -48
1455 970 0 147 -98 -49
1455 970 0 150 -100 -50
1458 972 0 -150 100 50
1458 972 0 -147 98 49
1458 972 0 -144 96 48
1458 972 0 -141 94 47
1458 972 0 -138 92 46
1458 972 0 -135 90 45
1458 972 0 -132 88 44
1458 972 0 -129 86 43
1458 972 0 -126 84 42
1458 972 0 -123 82 41
1458 972 0 -120 80 40
1458 972 0 -117 78 39
1458 972 0 -114 76 38
1458 972 0 -111 74 37
1458 972 0 -108 72 36
1458 972 0 -105 70 35
1458 972 0 -102 68 34
1458 972 0 -99 66 33
1458 972 0 -96 64 32
1458 972 0 -93 62 31
1458 972 0 -90 60 30
1458 972 0 -87 58 29
1458 972 0 -84 56 28
1458 972 0 -81 54 27
1458 972 0 -78 52 26
1458 972 0 -75 50 25
1458 972 0 -72 48 24
1458 972 0 -69 46 23
1458 972 0 -66 44 22
1458 972 0 -63 42 21
1458 972 0 -60 40 20
1458 972 0 -57 38 19
1458 972 0 -54 36 18
1458 972 0 -51 34 17
1458 972 0 -48 32 16
1458 972 0 -45 30 15
1458 972 0 -42 28 14
1458 972 0 -39 26 13
1458 972 0 -36 24 12
1458 972 0 -33 22 11
1458 972 0 -30 20 10
1458 972 0 -27 18 9
1458 972 0 -24 16 8
1458 972 0 -21 14 7
1458 972 0 -18 12 6
1458 972 0 -15 10 5
1458 972 0 -12 8 4
1458 972 0 -9 6 3
1458 972 0 -6 4 2
1458 972 0 -3 2 1
1458 972 0 3 -2 -1
1458 972 0 6 -4 -2
1458 972 0 9 -6 -3
1458 972 0 12 -8 -4
1458 972 0 15 -10 -5
1458 972 0 18 -12 -6
1458 972 0 21 -14 -7
1458 972 0 24 -16 -8
1458 972 0 27 -18 -9
1458 972 0 30 -20 -10
1458 972 0 33 -22 -11
1458 972 0 36 -24 -12
1458 972 0 39 -26 -13
1458 972 0 42 -28 -14
1458 972 0 45 -30 -15
1458 972 0 48 -32 -16
1458 972 0 51 -34 -17
1458 972 0 54 -36 -18
1458 972 0 57 -38 -19
1458 972 0 60 -40 -20
1458 972 0 63 -42 -21
1458 972 0 66 -44 -22
1458 972 0 69 -46 -23
1458 972 0 72 -48 -24
1458 972 0 75 -50 -25
1458 972 0 78 -52 -26
1458 972 0 81 -54 -27
1458 972 0 84 -56 -28
1458 972 0 87 -58 -29
1458 972 0 90 -60 -30
1458 972 0 93 -62 -31
1458 972 0 96 -64 -32
1458 972 0 99 -66 -33
1458 972 0 102 -68 -34
1458 972 0 105 -70 -35
1458 972 0 108 -72 -36
1458 972 0 111 -74 -37
1458 972 0 114 -76 -38
1458 972 0 117 -78 -39
1458 972 0 120 -80 -40
1458 972 0 123 -82 -41
1458 972 0 126 -84 -42
1458 972 0 129 -86 -43
1458 972 0 132 -88 -44
1458 972 0 135 -90 -45
1458 972 0 138 -92 -46
1458 972 0 141 -94 -47
1458 972 0 144 -96 -48
1458 972 0 147 -98 -49
1458 972 0 150 -100 -50
1461 974 0 -150 100 50
1461 974 0 -147 98 49
1461 974 0 -144 96 48
1461 974 0 -141 94 47
1461 974 0 -138 92 46
1461 974 0 -135 90 45
1461 974 0 -132 88 44
1461 974 0 -129 86 43
1461 974 0 -126 84 42
1461 974 0 -123 82 41
1461 974 0 -120 80 40
1461 974 0 -117 78 39
1461 974 0 -114 76 38
1461 974 0 -111 74 37
1461 974 0 -108 72 36
1461 974 0 -105 70 35
1461 974 0 -102 68 34
1461 974 0 -99 66 33
1461 974 0 -96 64 32
1461 974 0 -93 62 31
1461 974 0 -90 60 30
1461 974 0 -87 58 29
1461 974 0 -84 56 28
1461 974 0 -81 54 27
1461 974 0 -78 52 26
1461 974 0 -75 50 25
1461 974 0 -72 48 24
1461 974 0 -69 46 23
1461 974 0 -66 44 22
1461 974 0 -63 42 21
1461 974 0 -60 40 20
1461 974 0 -57 38 19
1461 974 0 -54 36 18
1461 974 0 -51 34 17
1461 974 0 -48 32 16
1461 974 0 -45 30 15
1461 974 0 -42 28 14
1461 974 0 -39 26 13
1461 974 0 -36 24 12
1461 974 0 -33 22 11
1461 974 0 -30 20 10
1461 974 0 -27 18 9
1461 974 0 -24 16 8
1461 974 0 -21 14 7
1461 974 0 -18 12 6
1461 974 0 -15 10 5
1461 974 0 -12 8 4
1461 974 0 -9 6 3
1461 974 0 -6 4 2
1461 974 0 -3 2 1
1461 974 0 3 -2 -1
1461 974 0 6 -4 -2
1461 974 0 9 -6 -3
1461 974 0 12 -8 -4
1461 974 0 15 -10 -5
1461 974 0 18 -12 -6
1461 974 0 21 -14 -7
1461 974 0 24 -16 -8
1461 974 0 27 -18 -9
1461 974 0 30 -20 -10
1461 974 0 33 -22 -11
1461 974 0 36 -24 -12
1461 974 0 39 -26 -13
1461 974 0 42 -28 -14
1461 974 0 45 -30 -15
1461 974 0 48 -32 -16
1461 974 0 51 -34 -17
1461 974 0 54 -36 -18
1461 974 0 57 -38 -19
1461 974 0 60 -40 -20
1461 974 0 63 -42 -21
1461 974 0 66 -44 -22
1461 974 0 69 -46 -23
1461 974 0 72 -48 -24
1461 974 0 75 -50 -25
1461 974 0 78 -52 -26
1461 974 0 81 -54 -27
1461 974 0 84 -56 -28
1461 974 0 87 -58 -29
1461 974 0 90 -60 -30
1461 974 0 93 -62 -31
1461 974 0 96 -64 -32
1461 974 0 99 -66 -33
1461 974 0 102 -68 -34
1461 974 0 105 -70 -35
1461 974 0 108 -72 -36
1461 974 0 111 -74 -37
1461 974 0 114 -76 -38
1461 974 0 117 -78 -39
1461 974 0 120 -80 -40
1461 974 0 123 -82 -41
1461 974 0 126 -84 -42
1461 974 0 129 -86 -43
1461 974 0 132 -88 -44
1461 974 0 135 -90 -45
1461 974 0 138 -92 -46
1461 974 0 141 -94 -47
1461 974 0 144 -96 -48
1461 974 0 147 -98 -49
1461 974 0 150 -100 -50
1464 976 0 -150 100 50
1464 976 0 -147 98 49
1464 976 0 -144 96 48
1464 976 0 -141 94 47
1464 976 0 -138 92 46
1464 976 0 -135 90 45
1464 976 0 -132 88 44
1464 976 0 -129 86 43
1464 976 0 -126 84 42
1464 976 0 -123 82 41
1464 976 0 -120 80 40
1464 976 0 -117 78 39
1464 976 0 -114 76 38
1464 976 0 -111 74 37
1464 976 0 -108 72 36
1464 976 0 -105 70 35
1464 976 0 -102 68 34
1464 976 0 -99 66 33
1464 976 0 -96 64 32
1464 976 0 -93 62 31
1464 976 0 -90 60 30
1464 976 0 -87 58 29
1464 976 0 -84 56 28
1464 976 0 -81 54 27
1464 976 0 -78 52 26
1464 976 0 -75 50 25
1464 976 0 -72 48 24
1464 976 0 -69 46 23
1464 976 0 -66 44 22
1464 976 0 -63 42 21
1464 976 0 -60 40 20
1464 976 0 -57 38 19
1464 976 0 -54 36 18
1464 976 0 -51 34 17
1464 976 0 -48 32 16
1464 976 0 -45 30 15
1464 976 0 -42 28 14
1464 976 0 -39 26 13
1464 976 0 -36 24 12
1464 976 0 -33 22 11
1464 976 0 -30 20 10
1464 976 0 -27 18 9
1464 976 0 -24 16 8
1464 976 0 -21 14 7
1464 976 0 -18 12 6
1464 976 0 -15 10 5
1464 976 0 -12 8 4
1464 976 0 -9 6 3
1464 976 0 -6 4 2
1464 976 0 -3 2 1
1464 976 0 3 -2 -1
1464 976 0 6 -4 -2
1464 976 0 9 -6 -3
1464 976 0 12 -8 -4
1464 976 0 15 -10 -5
1464 976 0 18 -12 -6
1464 976 0 21 -14 -7
1464 976 0 24 -16 -8
1464 976 0 27 -18 -9
1464 976 0 30 -20 -10
1464 976 0 33 -22 -11
1464 976 0 36 -24 -12
1464 976 0 39 -26 -13
1464 976 0 42 -28 -14
1464 976 0 45 -30 -15
1464 976 0 48 -32 -16
1464 976 0 51 -34 -17
1464 976 0 54 -36 -18
1464 976 0 57 -38 -19
1464 976 0 60 -40 -20
1464 976 0 63 -42 -21
1464 976 0 66 -44 -22
1464 976 0 69 -46 -23
1464 976 0 72 -48 -24
1464 976 0 75 -50 -25
1464 976 0 78 -52 -26
1464 976 0 81 -54 -27
1464 976 0 84 -56 -28
1464 976 0 87 -58 -29
1464 976 0 90 -60 -30
1464 976 0 93 -62 -31
1464 976 0 96 -64 -32
1464 976 0 99 -66 -33
1464 976 0 102 -68 -34
1464 976 0 105 -70 -35
1464 976 0 108 -72 -36
1464 976 0 111 -74 -37
1464 976 0 114 -76 -38
1464 976 0 117 -78 -39
1464 976 0 120 -80 -40
1464 976 0 123 -82 -41
1464 976 0 126 -84 -42
1464 976 0 129 -86 -43
1464 976 0 132 -88 -44
1464 976 0 135 -90 -45
1464 976 0 138 -92 -46
1464 976 0 141 -94 -47
1464 976 0 144 -96 -48
1464 976 0 147 -98 -49
1464 976 0 150 -100 -50
1467 978 0 -150 100 50
1467 978 0 -147 98 49
1467 978 0 -144 96 48
1467 978 0 -141 94 47
1467 978 0 -138 92 46
1467 978 0 -135 90 45
1467 978 0 -132 88 44
1467 978 0 -129 86 43
1467 978 0 -126 84 42
1467 978 0 -123 82 41
1467 978 0 -120 80 40
1467 978 0 -117 78 39
1467 978 0 -114 76 38
1467 978 0 -111 74 37
1467 978 0 -108 72 36
1467 978 0 -105 70 35
1467 978 0 -102 68 34
1467 978 0 -99 66 33
1467 978 0 -96 64 32
1467 978 0 -93 62 31
1467 978 0 -90 60 30
1467 978 0 -87 58 29
1467 978 0 -84 56 28
1467 978 0 -81 54 27
1467 978 0 -78 52 26
1467 978 0 -75 50 25
1467 978 0 -72 48 24
1467 978 0 -69 46 23
1467 978 0 -66 44 22
1467 978 0 -63 42 21
1467 978 0 -60 40 20
1467 978 0 -57 38 19
1467 978 0 -54 36 18
1467 978 0 -51 34 17
1467 978 0 -48 32 16
1467 978 0 -45 30 15
1467 978 0 -42 28 14
1467 978 0 -39 26 13
1467 978 0 -36 24 12
1467 978 0 -33 22 11
1467 978 0 -30 20 10
1467 978 0 -27 18 9
1467 978 0 -24 16 8
1467 978 0 -21 14 7
1467 978 0 -18 12 6
1467 978 0 -15 10 5
1467 978 0 -12 8 4
1467 978 0 -9 6 3
1467 978 0 -6 4 2
1467 978 0 -3 2 1
1467 978 0 3 -2 -1
1467 978 0 6 -4 -2
1467 978 0 9 -6 -3
1467 978 0 12 -8 -4
1467 978 0 15 -10 -5
1467 978 0 18 -12 -6
1467 978 0 21 -14 -7
1467 978 0 24 -16 -8
1467 978 0 27 -18 -9
1467 978 0 30 -20 -10
1467 978 0 33 -22 -11
1467 978 0 36 -24 -12
1467 978 0 39 -26 -13
1467 978 0 42 -28 -14
1467 978 0 45 -30 -15
1467 978 0 48 -32 -16
1467 978 0 51 -34 -17
1467 978 0 54 -36 -18
1467 978 0 57 -38 -19
1467 978 0 60 -40 -20
1467 978 0 63 -42 -21
1467 978 0 66 -44 -22
1467 978 0 69 -46 -23
1467 978 0 72 -48 -24
1467 978 0 75 -50 -25
1467 978 0 78 -52 -26
1467 978 0 81 -54 -27
1467 978 0 84 -56 -28
1467 978 0 87 -58 -29
1467 978 0 90 -60 -30
1467 978 0 93 -62 -31
1467 978 0 96 -64 -32
1467 978 0 99 -66 -33
1467 978 0 102 -68 -34
1467 978 0 105 -70 -35
1467 978 0 108 -72 -36
1467 978 0 111 -74 -37
1467 978 0 114 -76 -38
1467 978 0 117 -78 -39
1467 978 0 120 -80 -40
1467 978 0 123 -82 -41
1467 978 0 126 -84 -42
1467 978 0 129 -86 -43
1467 978 0 132 -88 -44
1467 978 0 135 -90 -45
1467 978 0 138 -92 -46
1467 978 0 141 -94 -47
1467 978 0 144 -96 -48
1467 978 0 147 -98 -49
1467 978 0 150 -100 -50
1470 980 0 -150 100 50
1470 980 0 -147 98 49
1470 980 0 -144 96 48
1470 980 0 -141 94 47
1470 980 0 -138 92 46
1470 980 0 -135 90 45
1470 980 0 -132 88 44
1470 980 0 -129 86 43
1470 980 0 -126 84 42
1470 980 0 -123 82 41
1470 980 0 -120 80 40
1470 980 0 -117 78 39
1470 980 0 -114 76 38
1470 980 0 -111 74 37
1470 980 0 -108 72 36
1470 980 0 -105 70 35
1470 980 0 -102 68 34
1470 980 0 -99 66 33
1470 980 0 -96 64 32
1470 980 0 -93 62 31
1470 980 0 -90 60 30
1470 980 0 -87 58 29
1470 980 0 -84 56 28
1470 980 0 -81 54 27
1470 980 0 -78 52 26
1470 980 0 -75 50 25
1470 980 0 -72 48 24
1470 980 0 -69 46 23
1470 980 0 -66 44 22
1470 980 0 -63 42 21
1470 980 0 -60 40 20
1470 980 0 -57 38 19
1470 980 0 -54 36 18
1470 980 0 -51 34 17
1470 980 0 -48 32 16
1470 980 0 -45 30 15
1470 980 0 -42 28 14
1470 980 0 -39 26 13
1470 980 0 -36 24 12
1470 980 0 -33 22 11
1470 980 0 -30 20 10
1470 980 0 -27 18 9
1470 980 0 -24 16 8
1470 980 0 -21 14 7
1470 980 0 -18 12 6
1470 980 0 -15 10 5
1470 980 0 -12 8 4
1470 980 0 -9 6 3
1470 980 0 -6 4 2
1470 980 0 -3 2 1
1470 980 0 3 -2 -1
1470 980 0 6 -4 -2
1470 980 0 9 -6 -3
1470 980 0 12 -8 -4
1470 980 0 15 -10 -5
1470 980 0 18 -12 -6
1470 980 0 21 -14 -7
1470 980 0 24 -16 -8
1470 980 0 27 -18 -9
1470 980 0 30 -20 -10
1470 980 0 33 -22 -11
1470 980 0 36 -24 -12
1470 980 0 39 -26 -13
1470 980 0 42 -28 -14
1470 980 0 45 -30 -15
1470 980 0 48 -32 -16
1470 980 0 51 -34 -17
1470 980 0 54 -36 -18
1470 980 0 57 -38 -19
1470 980 0 60 -40 -20
1470 980 0 63 -42 -21
1470 980 0 66 -44 -22
1470 980 0 69 -46 -23
1470 980 0 72 -48 -24
1470 980 0 75 -50 -25
1470 980 0 78 -52 -26
1470 980 0 81 -54 -27
1470 980 0 84 -56 -28
1470 980 0 87 -58 -29
1470 980 0 90 -60 -30
1470 980 0 93 -62 -31
1470 980 0 96 -64 -32
1470 980 0 99 -66 -33
1470 980 0 102 -68 -34
1470 980 0 105 -70 -35
1470 980 0 108 -72 -36
1470 980 0 111 -74 -37
1470 980 0 114 -76 -38
1470 980 0 117 -78 -39
1470 980 0 120 -80 -40
1470 980 0 123 -82 -41
1470 980 0 126 -84 -42
1470 980 0 129 -86 -43
1470 980 0 132 -88 -44
1470 980 0 135 -90 -45
1470 980 0 138 -92 -46
1470 980 0 141 -94 -47
1470 980 0 144 -96 -48
1470 980 0 147 -98 -49
1470 980 0 150 -100 -50
1473 982 0 -150 100 50
1473 982 0 -147 98 49
1473 982 0 -144 96 48
1473 982 0 -141 94 47
1473 982 0 -138 92 46
1473 982 0 -135 90 45
1473 982 0 -132 88 44
1473 982 0 -129 86 43
1473 982 0 -126 84 42
1473 982 0 -123 82 41
1473 982 0 -120 80 40
1473 982 0 -117 78 39
1473 982 0 -114 76 38
1473 982 0 -111 74 37
1473 982 0 -108 72 36
1473 982 0 -105 70 35
1473 982 0 -102 68 34
1473 982 0 -99 66 33
1473 982 0 -96 64 32
1473 982 0 -93 62 31
1473 982 0 -90 60 30
1473 982 0 -87 58 29
1473 982 0 -84 56 28
1473 982 0 -81 54 27
1473 982 0 -78 52 26
1473 982 0 -75 50 25
1473 982 0 -72 48 24
1473 982 0 -69 46 23
1473 982 0 -66 44 22
1473 982 0 -63 42 21
1473 982 0 -60 40 20
1473 982 0 -57 38 19
1473 982 0 -54 36 18
1473 982 0 -51 34 17
1473 982 0 -48 32 16
1473 982 0 -45 30 15
1473 982 0 -42 28 14
1473 982 0 -39 26 13
1473 982 0 -36 24 12
1473 982 0 -33 22 11
1473 982 0 -30 20 10
1473 982 0 -27 18 9
1473 982 0 -24 16 8
1473 982 0 -21 14 7
1473 982 0 -18 12 6
1473 982 0 -15 10 5
1473 982 0 -12 8 4
1473 982 0 -9 6 3
1473 982 0 -6 4 2
1473 982 0 -3 2 1
1473 982 0 3 -2 -1
1473 982 0 6 -4 -2
1473 982 0 9 -6 -3
1473 982 0 12 -8 -4
1473 982 0 15 -10 -5
1473 982 0 18 -12 -6
1473 982 0 21 -14 -7
1473 982 0 24 -16 -8
1473 982 0 27 -18 -9
1473 982 0 30 -20 -10
1473 982 0 33 -22 -11
1473 982 0 36 -24 -12
1473 982 0 39 -26 -13
1473 982 0 42 -28 -14
1473 982 0 45 -30 -15
1473 982 0 48 -32 -16
1473 982 0 51 -34 -17
1473 982 0 54 -36 -18
1473 982 0 57 -38 -19
1473 982 0 60 -40 -20
1473 982 0 63 -42 -21
1473 982 0 66 -44 -22
1473 982 0 69 -46 -23
1473 982 0 72 -48 -24
1473 982 0 75 -50 -25
1473 982 0 78 -52 -26
1473 982 0 81 -54 -27
1473 982 0 84 -56 -28
1473 982 0 87 -58 -29
1473 982 0 90 -60 -30
1473 982 0 93 -62 -31
1473 982 0 96 -64 -32
1473 982 0 99 -66 -33
1473 982 0 102 -68 -34
1473 982 0 105 -70 -35
1473 982 0 108 -72 -36
1473 982 0 111 -74 -37
1473 982 0 114 -76 -38
1473 982 0 117 -78 -39
1473 982 0 120 -80 -40
1473 982 0 123 -82 -41
1473 982 0 126 -84 -42
1473 982 0 129 -86 -43
1473 982 0 132 -88 -44
1473 982 0 135 -90 -45
1473 982 0 138 -92 -46
1473 982 0 141 -94 -47
1473 982 0 144 -96 -48
1473 982 0 147 -98 -49
1473 982 0 150 -100 -50
1476 984 0 -150 100 50
1476 984 0 -147 98 49
1476 984 0 -144 96 48
1476 984 0 -141 94 47
1476 984 0 -138 92 46
1476 984 0 -135 90 45
1476 984 0 -132 88 44
1476 984 0 -129 86 43
1476 984 0 -126 84 42
1476 984 0 -123 82 41
1476 984 0 -120 80 40
1476 984 0 -117 78 39
1476 984 0 -114 76 38
1476 984 0 -111 74 37
1476 984 0 -108 72 36
1476 984 0 -105 70 35
1476 984 0 -102 68 34
1476 984 0 -99 66 33
1476 984 0 -96 64 32
1476 984 0 -93 62 31
1476 984 0 -90 60 30
1476 984 0 -87 58 29
1476 984 0 -84 56 28
1476 984 0 -81 54 27
1476 984 0 -78 52 26
1476 984 0 -75 50 25
1476 984 0 -72 48 24
1476 984 0 -69 46 23
1476 984 0 -66 44 22
1476 984 0 -63 42 21
1476 984 0 -60 40 20
1476 984 0 -57 38 19
1476 984 0 -54 36 18
1476 984 0 -51 34 17
1476 984 0 -48 32 16
1476 984 0 -45 30 15
1476 984 0 -42 28 14
1476 984 0 -39 26 13
1476 984 0 -36 24 12
1476 984 0 -33 22 11
1476 984 0 -30 20 10
1476 984 0 -27 18 9
1476 984 0 -24 16 8
1476 984 0 -21 14 7
1476 984 0 -18 12 6
1476 984 0 -15 10 5
1476 984 0 -12 8 4
1476 984 0 -9 6 3
1476 984 0 -6 4 2
1476 984 0 -3 2 1
1476 984 0 3 -2 -1
1476 984 0 6 -4 -2
1476 984 0 9 -6 -3
1476 984 0 12 -8 -4
1476 984 0 15 -10 -5
1476 984 0 18 -12 -6
1476 984 0 21 -14 -7
1476 984 0 24 -16 -8
1476 984 0 27 -18 -9
1476 984 0 30 -20 -10
1476 984 0 33 -22 -11
1476 984 0 36 -24 -12
1476 984 0 39 -26 -13
1476 984 0 42 -28 -14
1476 984 0 45 -30 -15
1476 984 0 48 -32 -16
1476 984 0 51 -34 -17
1476 984 0 54 -36 -18
1476 984 0 57 -38 -19
1476 984 0 60 -40 -20
1476 984 0 63 -42 -21
1476 984 0 66 -44 -22
1476 984 0 69 -46 -23
1476 984 0 72 -48 -24
1476 984 0 75 -50 -25
1476 984 0 78 -52 -26
1476 984 0 81 -54 -27
1476 984 0 84 -56 -28
1476 984 0 87 -58 -29
1476 984 0 90 -60 -30
1476 984 0 93 -62 -31
1476 984 0 96 -64 -32
1476 984 0 99 -66 -33
1476 984 0 102 -68 -34
1476 984 0 105 -70 -35
1476 984 0 108 -72 -36
1476 984 0 111 -74 -37
1476 984 0 114 -76 -38
1476 984 0 117 -78 -39
1476 984 0 120 -80 -40
1476 984 0 123 -82 -41
1476 984 0 126 -84 -42
1476 984 0 129 -86 -43
1476 984 0 132 -88 -44
1476 984 0 135 -90 -45
1476 984 0 138 -92 -46
1476 984 0 141 -94 -47
1476 984 0 144 -96 -48
1476 984 0 147 -98 -49
1476 984 0 150 -100 -50
1479 986 0 -150 100 50
1479 986 0 -147 98 49
1479 986 0 -144 96 48
1479 986 0 -141 94 47
1479 986 0 -138 92 46
1479 986 0 -135 90 45
1479 986 0 -132 88 44
1479 986 0 -129 86 43
1479 986 0 -126 84 42
1479 986 0 -123 82 41
1479 986 0 -120 80 40
1479 986 0 -117 78 39
1479 986 0 -114 76 38
1479 986 0 -111 74 37
1479 986 0 -108 72 36
1479 986 0 -105 70 35
1479 986 0 -102 68 34
1479 986 0 -99 66 33
1479 986 0 -96 64 32
1479 986 0 -93 62 31
1479 986 0 -90 60 30
1479 986 0 -87 58 29
1479 986 0 -84 56 28
1479 986 0 -81 54 27
1479 986 0 -78 52 26
1479 986 0 -75 50 25
1479 986 0 -72 48 24
1479 986 0 -69 46 23
1479 986 0 -66 44 22
1479 986 0 -63 42 21
1479 986 0 -60 40 20
1479 986 0 -57 38 19
1479 986 0 -54 36 18
1479 986 0 -51 34 17
1479 986 0 -48 32 16
1479 986 0 -45 30 15
1479 986 0 -42 28 14
1479 986 0 -39 26 13
1479 986 0 -36 24 12
1479 986 0 -33 22 11
1479 986 0 -30 20 10
1479 986 0 -27 18 9
1479 986 0 -24 16 8
1479 986 0 -21 14 7
1479 986 0 -18 12 6
1479 986 0 -15 10 5
1479 986 0 -12 8 4
1479 986 0 -9 6 3
1479 986 0 -6 4 2
1479 986 0 -3 2 1
1479 986 0 3 -2 -1
1479 986 0 6 -4 -2
1479 986 0 9 -6 -3
1479 986 0 12 -8 -4
1479 986 0 15 -10 -5
1479 986 0 18 -12 -6
1479 986 0 21 -14 -7
1479 986 0 24 -16 -8
1479 986 0 27 -18 -9
1479 986 0 30 -20 -10
1479 986 0 33 -22 -11
1479 986 0 36 -24 -12
1479 986 0 39 -26 -13
1479 986 0 42 -28 -14
1479 986 0 45 -30 -15
1479 986 0 48 -32 -16
1479 986 0 51 -34 -17
1479 986 0 54 -36 -18
1479 986 0 57 -38 -19
1479 986 0 60 -40 -20
1479 986 0 63 -42 -21
1479 986 0 66 -44 -22
1479 986 0 69 -46 -23
1479 986 0 72 -48 -24
1479 986 0 75 -50 -25
1479 986 0 78 -52 -26
1479 986 0 81 -54 -27
1479 986 0 84 -56 -28
1479 986 0 87 -58 -29
1479 986 0 90 -60 -30
1479 986 0 93 -62 -31
1479 986 0 96 -64 -32
1479 986 0 99 -66 -33
1479 986 0 102 -68 -34
1479 986 0 105 -70 -35
1479 986 0 108 -72 -36
1479 986 0 111 -74 -37
1479 986 0 114 -76 -38
1479 986 0 117 -78 -39
1479 986 0 120 -80 -40
1479 986 0 123 -82 -41
1479 986 0 126 -84 -42
1479 986 0 129 -86 -43
1479 986 0 132 -88 -44
1479 986 0 135 -90 -45
1479 986 0 138 -92 -46
1479 986 0 141 -94 -47
1479 986 0 144 -96 -48
1479 986 0 147 -98 -49
1479 986 0 150 -100 -50
1482 988 0 -150 100 50
1482 988 0 -147 98 49
1482 988 0 -144 96 48
1482 988 0 -141 94 47
1482 988 0 -138 92 46
1482 988 0 -135 90 45
1482 988 0 -132 88 44
1482 988 0 -129 86 43
1482 988 0 -126 84 42
1482 988 0 -123 82 41
1482 988 0 -120 80 40
1482 988 0 -117 78 39
1482 988 0 -114 76 38
1482 988 0 -111 74 37
1482 988 0 -108 72 36
1482 988 0 -105 70 35
1482 988 0 -102 68 34
1482 988 0 -99 66 33
1482 988 0 -96 64 32
1482 988 0 -93 62 31
1482 988 0 -90 60 30
1482 988 0 -87 58 29
1482 988 0 -84 56 28
1482 988 0 -81 54 27
1482 988 0 -78 52 26
1482 988 0 -75 50 25
1482 988 0 -72 48 24
1482 988 0 -69 46 23
1482 988 0 -66 44 22
1482 988 0 -63 42 21
1482 988 0 -60 40 20
1482 988 0 -57 38 19
1482 988 0 -54 36 18
1482 988 0 -51 34 17
1482 988 0 -48 32 16
1482 988 0 -45 30 15
1482 988 0 -42 28 14
1482 988 0 -39 26 13
1482 988 0 -36 24 12
1482 988 0 -33 22 11
1482 988 0 -30 20 10
1482 988 0 -27 18 9
1482 988 0 -24 16 8
1482 988 0 -21 14 7
1482 988 0 -18 12 6
1482 988 0 -15 10 5
1482 988 0 -12 8 4
1482 988 0 -9 6 3
1482 988 0 -6 4 2
1482 988 0 -3 2 1
1482 988 0 3 -2 -1
1482 988 0 6 -4 -2
1482 988 0 9 -6 -3
1482 988 0 12 -8 -4
1482 988 0 15 -10 -5
1482 988 0 18 -12 -6
1482 988 0 21 -14 -7
1482 988 0 24 -16 -8
1482 988 0 27 -18 -9
1482 988 0 30 -20 -10
1482 988 0 33 -22 -11
1482 988 0 36 -24 -12
1482 988 0 39 -26 -13
1482 988 0 42 -28 -14
1482 988 0 45 -30 -15
1482 988 0 48 -32 -16
1482 988 0 51 -34 -17
1482 988 0 54 -36 -18
1482 988 0 57 -38 -19
1482 988 0 60 -40 -20
1482 988 0 63 -42 -21
1482 988 0 66 -44 -22
1482 988 0 69 -46 -23
1482 988 0 72 -48 -24
1482 988 0 75 -50 -25
1482 988 0 78 -52 -26
1482 988 0 81 -54 -27
1482 988 0 84 -56 -28
1482 988 0 87 -58 -29
1482 988 0 90 -60 -30
1482 988 0 93 -62 -31
1482 988 0 96 -64 -32
1482 988 0 99 -66 -33
1482 988 0 102 -68 -34
1482 988 0 105 -70 -35
1482 988 0 108 -72 -36
1482 988 0 111 -74 -37
1482 988 0 114 -76 -38
1482 988 0 117 -78 -39
1482 988 0 120 -80 -40
1482 988 0 123 -82 -41
1482 988 0 126 -84 -42
1482 988 0 129 -86 -43
1482 988 0 132 -88 -44
1482 988 0 135 -90 -45
1482 988 0 138 -92 -46
1482 988 0 141 -94 -47
1482 988 0 144 -96 -48
1482 988 0 147 -98 -49
1482 988 0 150 -100 -50
1485 990 0 -150 100 50
1485 990 0 -147 98 49
1485 990 0 -144 96 48
1485 990 0 -141 94 47
1485 990 0 -138 92 46
1485 990 0 -135 90 45
1485 990 0 -132 88 44
1485 990 0 -129 86 43
1485 990 0 -126 84 42
1485 990 0 -123 82 41
1485 990 0 -120 80 40
1485 990 0 -117 78 39
1485 990 0 -114 76 38
1485 990 0 -111 74 37
1485 990 0 -108 72 36
1485 990 0 -105 70 35
1485 990 0 -102 68 34
1485 990 0 -99 66 33
1485 990 0 -96 64 32
1485 990 0 -93 62 31
1485 990 0 -90 60 30
1485 990 0 -87 58 29
1485 990 0 -84 56 28
1485 990 0 -81 54 27
1485 990 0 -78 52 26
1485 990 0 -75 50 25
1485 990 0 -72 48 24
1485 990 0 -69 46 23
1485 990 0 -66 44 22
1485 990 0 -63 42 21
1485 990 0 -60 40 20
1485 990 0 -57 38 19
1485 990 0 -54 36 18
1485 990 0 -51 34 17
1485 990 0 -48 32 16
1485 990 0 -45 30 15
1485 990 0 -42 28 14
1485 990 0 -39 26 13
1485 990 0 -36 24 12
1485 990 0 -33 22 11
1485 990 0 -30 20 10
1485 990 0 -27 18 9
1485 990 0 -24 16 8
1485 990 0 -21 14 7
1485 990 0 -18 12 6
1485 990 0 -15 10 5
1485 990 0 -12 8 4
1485 990 0 -9 6 3
1485 990 0 -6 4 2
1485 990 0 -3 2 1
1485 990 0 3 -2 -1
1485 990 0 6 -4 -2
1485 990 0 9 -6 -3
1485 990 0 12 -8 -4
1485 990 0 15 -10 -5
1485 990 0 18 -12 -6
1485 990 0 21 -14 -7
1485 990 0 24 -16 -8
1485 990 0 27 -18 -9
1485 990 0 30 -20 -10
1485 990 0 33 -22 -11
1485 990 0 36 -24 -12
1485 990 0 39 -26 -13
1485 990 0 42 -28 -14
1485 990 0 45 -30 -15
1485 990 0 48 -32 -16
1485 990 0 51 -34 -17
1485 990 0 54 -36 -18
1485 990 0 57 -38 -19
1485 990 0 60 -40 -20
1485 990 0 63 -42 -21
1485 990 0 66 -44 -22
1485 990 0 69 -46 -23
1485 990 0 72 -48 -24
1485 990 0 75 -50 -25
1485 990 0 78 -52 -26
1485 990 0 81 -54 -27
1485 990 0 84 -56 -28
1485 990 0 87 -58 -29
1485 990 0 90 -60 -30
1485 990 0 93 -62 -31
1485 990 0 96 -64 -32
1485 990 0 99 -66 -33
1485 990 0 102 -68 -34
1485 990 0 105 -70 -35
1485 990 0 108 -72 -36
1485 990 0 111 -74 -37
1485 990 0 114 -76 -38
1485 990 0 117 -78 -39
1485 990 0 120 -80 -40
1485 990 0 123 -82 -41
1485 990 0 126 -84 -42
1485 990 0 129 -86 -43
1485 990 0 132 -88 -44
1485 990 0 135 -90 -45
1485 990 0 138 -92 -46
1485 990 0 141 -94 -47
1485 990 0 144 -96 -48
1485 990 0 147 -98 -49
1485 990 0 150 -100 -50
1488 992 0 -150 100 50
1488 992 0 -147 98 49
1488 992 0 -144 96 48
1488 992 0 -141 94 47
1488 992 0 -138 92 46
1488 992 0 -135 90 45
1488 992 0 -132 88 44
1488 992 0 -129 86 43
1488 992 0 -126 84 42
1488 992 0 -123 82 41
1488 992 0 -120 80 40
1488 992 0 -117 78 39
1488 992 0 -114 76 38
1488 992 0 -111 74 37
1488 992 0 -108 72 36
1488 992 0 -105 70 35
1488 992 0 -102 68 34
1488 992 0 -99 66 33
1488 992 0 -96 64 32
1488 992 0 -93 62 31
1488 992 0 -90 60 30
1488 992 0 -87 58 29
1488 992 0 -84 56 28
1488 992 0 -81 54 27
1488 992 0 -78 52 26
1488 992 0 -75 50 25
1488 992 0 -72 48 24
1488 992 0 -69 46 23
1488 992 0 -66 44 22
1488 992 0 -63 42 21
1488 992 0 -60 40 20
1488 992 0 -57 38 19
1488 992 0 -54 36 18
1488 992 0 -51 34 17
1488 992 0 -48 32 16
1488 992 0 -45 30 15
1488 992 0 -42 28 14
1488 992 0 -39 26 13
1488 992 0 -36 24 12
1488 992 0 -33 22 11
1488 992 0 -30 20 10
1488 992 0 -27 18 9
1488 992 0 -24 16 8
1488 992 0 -21 14 7
1488 992 0 -18 12 6
1488 992 0 -15 10 5
1488 992 0 -12 8 4
1488 992 0 -9 6 3
1488 992 0 -6 4 2
1488 992 0 -3 2 1
1488 992 0 3 -2 -1
1488 992 0 6 -4 -2
1488 992 0 9 -6 -3
1488 992 0 12 -8 -4
1488 992 0 15 -10 -5
1488 992 0 18 -12 -6
1488 992 0 21 -14 -7
1488 992 0 24 -16 -8
1488 992 0 27 -18 -9
1488 992 0 30 -20 -10
1488 992 0 33 -22 -11
1488 992 0 36 -24 -12
1488 992 0 39 -26 -13
1488 992 0 42 -28 -14
1488 992 0 45 -30 -15
1488 992 0 48 -32 -16
1488 992 0 51 -34 -17
1488 992 0 54 -36 -18
1488 992 0 57 -38 -19
1488 992 0 60 -40 -20
1488 992 0 63 -42 -21
1488 992 0 66 -44 -22
1488 992 0 69 -46 -23
1488 992 0 72 -48 -24
1488 992 0 75 -50 -25
1488 992 0 78 -52 -26
1488 992 0 81 -54 -27
1488 992 0 84 -56 -28
1488 992 0 87 -58 -29
1488 992 0 90 -60 -30
1488 992 0 93 -62 -31
1488 992 0 96 -64 -32
1488 992 0 99 -66 -33
1488 992 0 102 -68 -34
1488 992 0 105 -70 -35
1488 992 0 108 -72 -36
1488 992 0 111 -74 -37
1488 992 0 114 -76 -38
1488 992 0 117 -78 -39
1488 992 0 120 -80 -40
1488 992 0 123 -82 -41
1488 992 0 126 -84 -42
1488 992 0 129 -86 -43
1488 992 0 132 -88 -44
1488 992 0 135 -90 -45
1488 992 0 138 -92 -46
1488 992 0 141 -94 -47
1488 992 0 144 -96 -48
1488 992 0 147 -98 -49
1488 992 0 150 -100 -50
1491 994 0 -150 100 50
1491 994 0 -147 98 49
1491 994 0 -144 96 48
1491 994 0 -141 94 47
1491 994 0 -138 92 46
1491 994 0 -135 90 45
1491 994 0 -132 88 44
1491 994 0 -129 86 43
1491 994 0 -126 84 42
1491 994 0 -123 82 41
1491 994 0 -120 80 40
1491 994 0 -117 78 39
1491 994 0 -114 76 38
1491 994 0 -111 74 37
1491 994 0 -108 72 36
1491 994 0 -105 70 35
1491 994 0 -102 68 34
1491 994 0 -99 66 33
1491 994 0 -96 64 32
1491 994 0 -93 62 31
1491 994 0 -90 60 30
1491 994 0 -87 58 29
1491 994 0 -84 56 28
1491 994 0 -81 54 27
1491 994 0 -78 52 26
1491 994 0 -75 50 25
1491 994 0 -72 48 24
1491 994 0 -69 46 23
1491 994 0 -66 44 22
1491 994 0 -63 42 21
1491 994 0 -60 40 20
1491 994 0 -57 38 19
1491 994 0 -54 36 18
1491 994 0 -51 34 17
1491 994 0 -48 32 16
1491 994 0 -45 30 15
1491 994 0 -42 28 14
1491 994 0 -39 26 13
1491 994 0 -36 24 12
1491 994 0 -33 22 11
1491 994 0 -30 20 10
1491 994 0 -27 18 9
1491 994 0 -24 16 8
1491 994 0 -21 14 7
1491 994 0 -18 12 6
1491 994 0 -15 10 5
1491 994 0 -12 8 4
1491 994 0 -9 6 3
1491 994 0 -6 4 2
1491 994 0 -3 2 1
1491 994 0 3 -2 -1
1491 994 0 6 -4 -2
1491 994 0 9 -6 -3
1491 994 0 12 -8 -4
1491 994 0 15 -10 -5
1491 994 0 18 -12 -6
1491 994 0 21 -14 -7
1491 994 0 24 -16 -8
1491 994 0 27 -18 -9
1491 994 0 30 -20 -10
1491 994 0 33 -22 -11
1491 994 0 36 -24 -12
1491 994 0 39 -26 -13
1491 994 0 42 -28 -14
1491 994 0 45 -30 -15
1491 994 0 48 -32 -16
1491 994 0 51 -34 -17
1491 994 0 54 -36 -18
1491 994 0 57 -38 -19
1491 994 0 60 -40 -20
1491 994 0 63 -42 -21
1491 994 0 66 -44 -22
1491 994 0 69 -46 -23
1491 994 0 72 -48 -24
1491 994 0 75 -50 -25
1491 994 0 78 -52 -26
1491 994 0 81 -54 -27
1491 994 0 84 -56 -28
1491 994 0 87 -58 -29
1491 994 0 90 -60 -30
1491 994 0 93 -62 -31
1491 994 0 96 -64 -32
1491 994 0 99 -66 -33
1491 994 0 102 -68 -34
1491 994 0 105 -70 -35
1491 994 0 108 -72 -36
1491 994 0 111 -74 -37
1491 994 0 114 -76 -38
1491 994 0 117 -78 -39
1491 994 0 120 -80 -40
1491 994 0 123 -82 -41
1491 994 0 126 -84 -42
1491 994 0 129 -86 -43
1491 994 0 132 -88 -44
1491 994 0 135 -90 -45
1491 994 0 138 -92 -46
1491 994 0 141 -94 -47
1491 994 0 144 -96 -48
1491 994 0 147 -98 -49
1491 994 0 150 -100 -50
1494 996 0 -150 100 50
1494 996 0 -147 98 49
1494 996 0 -144 96 48
1494 996 0 -141 94 47
1494 996 0 -138 92 46
1494 996 0 -135 90 45
1494 996 0 -132 88 44
1494 996 0 -129 86 43
1494 996 0 -126 84 42
1494 996 0 -123 82 41
1494 996 0 -120 80 40
1494 996 0 -117 78 39
1494 996 0 -114 76 38
1494 996 0 -111 74 37
1494 996 0 -108 72 36
1494 996 0 -105 70 35
1494 996 0 -102 68 34
1494 996 0 -99 66 33
1494 996 0 -96 64 32
1494 996 0 -93 62 31
1494 996 0 -90 60 30
1494 996 0 -87 58 29
1494 996 0 -84 56 28
1494 996 0 -81 54 27
1494 996 0 -78 52 26
1494 996 0 -75 50 25
1494 996 0 -72 48 24
1494 996 0 -69 46 23
1494 996 0 -66 44 22
1494 996 0 -63 42 21
1494 996 0 -60 40 20
1494 996 0 -57 38 19
1494 996 0 -54 36 18
1494 996 0 -51 34 17
1494 996 0 -48 32 16
1494 996 0 -45 30 15
1494 996 0 -42 28 14
1494 996 0 -39 26 13
1494 996 0 -36 24 12
1494 996 0 -33 22 11
1494 996 0 -30 20 10
1494 996 0 -27 18 9
1494 996 0 -24 16 8
1494 996 0 -21 14 7
1494 996 0 -18 12 6
1494 996 0 -15 10 5
1494 996 0 -12 8 4
1494 996 0 -9 6 3
1494 996 0 -6 4 2
1494 996 0 -3 2 1
1494 996 0 3 -2 -1
1494 996 0 6 -4 -2
1494 996 0 9 -6 -3
1494 996 0 12 -8 -4
1494 996 0 15 -10 -5
1494 996 0 18 -12 -6
1494 996 0 21 -14 -7
1494 996 0 24 -16 -8
1494 996 0 27 -18 -9
1494 996 0 30 -20 -10
1494 996 0 33 -22 -11
1494 996 0 36 -24 -12
1494 996 0 39 -26 -13
1494 996 0 42 -28 -14
1494 996 0 45 -30 -15
1494 996 0 48 -32 -16
1494 996 0 51 -34 -17
1494 996 0 54 -36 -18
1494 996 0 57 -38 -19
1494 996 0 60 -40 -20
1494 996 0 63 -42 -21
1494 996 0 66 -44 -22
1494 996 0 69 -46 -23
1494 996 0 72 -48 -24
1494 996 0 75 -50 -25
1494 996 0 78 -52 -26
1494 996 0 81 -54 -27
1494 996 0 84 -56 -28
1494 996 0 87 -58 -29
1494 996 0 90 -60 -30
1494 996 0 93 -62 -31
1494 996 0 96 -64 -32
1494 996 0 99 -66 -33
1494 996 0 102 -68 -34
1494 996 0 105 -70 -35
1494 996 0 108 -72 -36
1494 996 0 111 -74 -37
1494 996 0 114 -76 -38
1494 996 0 117 -78 -39
1494 996 0 120 -80 -40
1494 996 0 123 -82 -41
1494 996 0 126 -84 -42
1494 996 0 129 -86 -43
1494 996 0 132 -88 -44
1494 996 0 135 -90 -45
1494 996 0 138 -92 -46
1494 996 0 141 -94 -47
1494 996 0 144 -96 -48
1494 996 0 147 -98 -49
1494 996 0 150 -100 -50
1497 998 0 -150 100 50
1497 998 0 -147 98 49
1497 998 0 -144 96 48
1497 998 0 -141 94 47
1497 998 0 -138 92 46
1497 998 0 -135 90 45
1497 998 0 -132 88 44
1497 998 0 -129 86 43
1497 998 0 -126 84 42
1497 998 0 -123 82 41
1497 998 0 -120 80 40
1497 998 0 -117 78 39
1497 998 0 -114 76 38
1497 998 0 -111 74 37
1497 998 0 -108 72 36
1497 998 0 -105 70 35
1497 998 0 -102 68 34
1497 998 0 -99 66 33
1497 998 0 -96 64 32
1497 998 0 -93 62 31
1497 998 0 -90 60 30
1497 998 0 -87 58 29
1497 998 0 -84 56 28
1497 998 0 -81 54 27
1497 998 0 -78 52 26
1497 998 0 -75 50 25
1497 998 0 -72 48 24
1497 998 0 -69 46 23
1497 998 0 -66 44 22
1497 998 0 -63 42 21
1497 998 0 -60 40 20
1497 998 0 -57 38 19
1497 998 0 -54 36 18
1497 998 0 -51 34 17
1497 998 0 -48 32 16
1497 998 0 -45 30 15
1497 998 0 -42 28 14
1497 998 0 -39 26 13
1497 998 0 -36 24 12
1497 998 0 -33 22 11
1497 998 0 -30 20 10
1497 998 0 -27 18 9
1497 998 0 -24 16 8
1497 998 0 -21 14 7
1497 998 0 -18 12 6
1497 998 0 -15 10 5
1497 998 0 -12 8 4
1497 998 0 -9 6 3
1497 998 0 -6 4 2
1497 998 0 -3 2 1
1497 998 0 3 -2 -1
1497 998 0 6 -4 -2
1497 998 0 9 -6 -3
1497 998 0 12 -8 -4
1497 998 0 15 -10 -5
1497 998 0 18 -12 -6
1497 998 0 21 -14 -7
1497 998 0 24 -16 -8
1497 998 0 27 -18 -9
1497 998 0 30 -20 -10
1497 998 0 33 -22 -11
1497 998 0 36 -24 -12
1497 998 0 39 -26 -13
1497 998 0 42 -28 -14
1497 998 0 45 -30 -15
1497 998 0 48 -32 -16
1497 998 0 51 -34 -17
1497 998 0 54 -36 -18
1497 998 0 57 -38 -19
1497 998 0 60 -40 -20
1497 998 0 63 -42 -21
1497 998 0 66 -44 -22
1497 998 0 69 -46 -23
1497 998 0 72 -48 -24
1497 998 0 75 -50 -25
1497 998 0 78 -52 -26
1497 998 0 81 -54 -27
1497 998 0 84 -56 -28
1497 998 0 87 -58 -29
1497 998 0 90 -60 -30
1497 998 0 93 -62 -31
1497 998 0 96 -64 -32
1497 998 0 99 -66 -33
1497 998 0 102 -68 -34
1497 998 0 105 -70 -35
1497 998 0 108 -72 -36
1497 998 0 111 -74 -37
1497 998 0 114 -76 -38
1497 998 0 117 -78 -39
1497 998 0 120 -80 -40
1497 998 0 123 -82 -41
1497 998 0 126 -84 -42
1497 998 0 129 -86 -43
1497 998 0 132 -88 -44
1497 998 0 135 -90 -45
1497 998 0 138 -92 -46
1497 998 0 141 -94 -47
1497 998 0 144 -96 -48
1497 998 0 147 -98 -49
1497 998 0 150 -100 -50
1500 1000 0 -150 100 50
1500 1000 0 -147 98 49
1500 1000 0 -144 96 48
1500 1000 0 -141 94 47
1500 1000 0 -138 92 46
1500 1000 0 -135 90 45
1500 1000 0 -132 88 44
1500 1000 0 -129 86 43
1500 1000 0 -126 84 42
1500 1000 0 -123 82 41
1500 1000 0 -120 80 40
1500 1000 0 -117 78 39
1500 1000 0 -114 76 38
1500 1000 0 -111 74 37
1500 1000 0 -108 72 36
1500 1000 0 -105 70 35
1500 1000 0 -102 68 34
1500 1000 0 -99 66 33
1500 1000 0 -96 64 32
1500 1000 0 -93 62 31
1500 1000 0 -90 60 30
1500 1000 0 -87 58 29
1500 1000 0 -84 56 28
1500 1000 0 -81 54 27
1500 1000 0 -78 52 26
1500 1000 0 -75 50 25
1500 1000 0 -72 48 24
1500 1000 0 -69 46 23
1500 1000 0 -66 44 22
1500 1000 0 -63 42 21
1500 1000 0 -60 40 20
1500 1000 0 -57 38 19
1500 1000 0 -54 36 18
1500 1000 0 -51 34 17
1500 1000 0 -48 32 16
1500 1000 0 -45 30 15
1500 1000 0 -42 28 14
1500 1000 0 -39 26 13
1500 1000 0 -36 24 12
1500 1000 0 -33 22 11
1500 1000 0 -30 20 10
1500 1000 0 -27 18 9
1500 1000 0 -24 16 8
1500 1000 0 -21 14 7
1500 1000 0 -18 12 6
1500 1000 0 -15 10 5
1500 1000 0 -12 8 4
1500 1000 0 -9 6 3
1500 1000 0 -6 4 2
1500 1000 0 -3 2 1
1500 1000 0 3 -2 -1
1500 1000 0 6 -4 -2
1500 1000 0 9 -6 -3
1500 1000 0 12 -8 -4
1500 1000 0 15 -10 -5
1500 1000 0 18 -12 -6
1500 1000 0 21 -14 -7
1500 1000 0 24 -16 -8
1500 1000 0 27 -18 -9
1500 1000 0 30 -20 -10
1500 1000 0 33 -22 -11
1500 1000 0 36 -24 -12
1500 1000 0 39 -26 -13
1500 1000 0 42 -28 -14
1500 1000 0 45 -30 -15
1500 1000 0 48 -32 -16
1500 1000 0 51 -34 -17
1500 1000 0 54 -36 -18
1500 1000 0 57 -38 -19
1500 1000 0 60 -40 -20
1500 1000 0 63 -42 -21
1500 1000 0 66 -44 -22
1500 1000 0 69 -46 -23
1500 1000 0 72 -48 -24
1500 1000 0 75 -50 -25
1500 1000 0 78 -52 -26
1500 1000 0 81 -54 -27
1500 1000 0 84 -56 -28
1500 1000 0 87 -58 -29
1500 1000 0 90 -60 -30
1500 1000 0 93 -62 -31
1500 1000 0 96 -64 -32
1500 1000 0 99 -66 -33
1500 1000 0 102 -68 -34
1500 1000 0 105 -70 -35
1500 1000 0 108 -72 -36
1500 1000 0 111 -74 -37
1500 1000 0 114 -76 -38
1500 1000 0 117 -78 -39
1500 1000 0 120 -80 -40
1500 1000 0 123 -82 -41
1500 1000 0 126 -84 -42
1500 1000 0 129 -86 -43
1500 1000 0 132 -88 -44
1500 1000 0 135 -90 -45
1500 1000 0 138 -92 -46
1500 1000 0 141 -94 -47
1500 1000 0 144 -96 -48
1500 1000 0 147 -98 -49
1500 1000 0 150 -100 -50
