504 420 0 -150 50 100
504 420 0 -147 49 98
504 420 -84 -144 48 192
504 420 0 -144 48 96
504 420 0 -141 47 94
504 420 0 -138 46 92
504 420 0 -135 45 90
504 420 0 -132 44 88
504 420 0 -129 43 86
504 420 0 -126 42 84
504 420 0 -123 41 82
504 420 0 -120 40 80
504 420 0 -117 39 78
504 420 0 -114 38 76
504 420 0 -111 37 74
504 420 -84 -108 36 144
504 420 0 -108 36 72
504 420 84 -108 36 24
504 420 0 -105 35 70
504 420 0 -102 34 68
504 420 0 -99 33 66
504 420 0 -96 32 64
504 420 0 -93 31 62
504 420 0 -90 30 60
504 420 0 -87 29 58
504 420 0 -84 28 56
504 420 0 -81 27 54
504 420 0 -78 26 52
504 420 0 -75 25 50
504 420 -84 -72 24 96
504 420 0 -72 24 48
504 420 0 -69 23 46
504 420 0 -66 22 44
504 420 0 -63 21 42
504 420 0 -60 20 40
504 420 0 -57 19 38
504 420 0 -54 18 36
504 420 0 -51 17 34
504 420 0 -48 16 32
504 420 0 -45 15 30
504 420 0 -42 14 28
504 420 0 -39 13 26
504 420 -84 -36 12 48
504 420 0 -36 12 24
504 420 0 -33 11 22
504 420 0 -30 10 20
504 420 0 -27 9 18
504 420 0 -24 8 16
504 420 0 -21 7 14
504 420 0 -18 6 12
504 420 0 -15 5 10
504 420 0 -12 4 8
504 420 0 -9 3 6
504 420 0 -6 2 4
504 420 0 -3 1 2
504 420 0 3 -1 -2
504 420 0 6 -2 -4
504 420 0 9 -3 -6
504 420 0 12 -4 -8
504 420 0 15 -5 -10
504 420 0 18 -6 -12
504 420 0 21 -7 -14
504 420 0 24 -8 -16
504 420 0 27 -9 -18
504 420 0 30 -10 -20
504 420 0 33 -11 -22
504 420 -84 36 -12 -48
504 420 0 36 -12 -24
504 420 0 39 -13 -26
504 420 0 42 -14 -28
504 420 0 45 -15 -30
504 420 0 48 -16 -32
504 420 0 51 -17 -34
504 420 0 54 -18 -36
504 420 0 57 -19 -38
504 420 0 60 -20 -40
504 420 0 63 -21 -42
504 420 0 66 -22 -44
504 420 0 69 -23 -46
504 420 -84 72 -24 -96
504 420 0 72 -24 -48
504 420 0 75 -25 -50
504 420 0 78 -26 -52
504 420 0 81 -27 -54
504 420 0 84 -28 -56
504 420 0 87 -29 -58
504 420 0 90 -30 -60
504 420 0 93 -31 -62
504 420 0 96 -32 -64
504 420 0 99 -33 -66
504 420 0 102 -34 -68
504 420 0 105 -35 -70
504 420 -84 108 -36 -144
504 420 0 108 -36 -72
504 420 84 108 -36 -24
504 420 0 111 -37 -74
504 420 0 114 -38 -76
504 420 0 117 -39 -78
504 420 0 120 -40 -80
504 420 0 123 -41 -82
504 420 0 126 -42 -84
504 420 0 129 -43 -86
504 420 0 132 -44 -88
504 420 0 135 -45 -90
504 420 0 138 -46 -92
504 420 0 141 -47 -94
504 420 -84 144 -48 -192
504 420 0 144 -48 -96
504 420 0 147 -49 -98
504 420 0 150 -50 -100
510 425 0 -150 50 100
510 425 0 -147 49 98
510 425 0 -144 48 96
510 425 0 -141 47 94
510 425 0 -138 46 92
510 425 0 -135 45 90
510 425 0 -132 44 88
510 425 0 -129 43 86
510 425 0 -126 42 84
510 425 0 -123 41 82
510 425 0 -120 40 80
510 425 0 -117 39 78
510 425 0 -114 38 76
510 425 0 -111 37 74
510 425 0 -108 36 72
510 425 0 -105 35 70
510 425 0 -102 34 68
510 425 0 -99 33 66
510 425 0 -96 32 64
510 425 0 -93 31 62
510 425 0 -90 30 60
510 425 0 -87 29 58
510 425 0 -84 28 56
510 425 0 -81 27 54
510 425 0 -78 26 52
510 425 0 -75 25 50
510 425 0 -72 24 48
510 425 0 -69 23 46
510 425 0 -66 22 44
510 425 0 -63 21 42
510 425 0 -60 20 40
510 425 0 -57 19 38
510 425 0 -54 18 36
510 425 0 -51 17 34
510 425 0 -48 16 32
510 425 0 -45 15 30
510 425 0 -42 14 28
510 425 0 -39 13 26
510 425 0 -36 12 24
510 425 0 -33 11 22
510 425 0 -30 10 20
510 425 0 -27 9 18
510 425 0 -24 8 16
510 425 0 -21 7 14
510 425 0 -18 6 12
510 425 0 -15 5 10
510 425 0 -12 4 8
510 425 0 -9 3 6
510 425 0 -6 2 4
510 425 0 -3 1 2
510 425 0 3 -1 -2
510 425 0 6 -2 -4
510 425 0 9 -3 -6
510 425 0 12 -4 -8
510 425 0 15 -5 -10
510 425 0 18 -6 -12
510 425 0 21 -7 -14
510 425 0 24 -8 -16
510 425 0 27 -9 -18
510 425 0 30 -10 -20
510 425 0 33 -11 -22
510 425 0 36 -12 -24
510 425 0 39 -13 -26
510 425 0 42 -14 -28
510 425 0 45 -15 -30
510 425 0 48 -16 -32
510 425 0 51 -17 -34
510 425 0 54 -18 -36
510 425 0 57 -19 -38
510 425 0 60 -20 -40
510 425 0 63 -21 -42
510 425 0 66 -22 -44
510 425 0 69 -23 -46
510 425 0 72 -24 -48
510 425 0 75 -25 -50
510 425 0 78 -26 -52
510 425 0 81 -27 -54
510 425 0 84 -28 -56
510 425 0 87 -29 -58
510 425 0 90 -30 -60
510 425 0 93 -31 -62
510 425 0 96 -32 -64
510 425 0 99 -33 -66
510 425 0 102 -34 -68
510 425 0 105 -35 -70
510 425 0 108 -36 -72
510 425 0 111 -37 -74
510 425 0 114 -38 -76
510 425 0 117 -39 -78
510 425 0 120 -40 -80
510 425 0 123 -41 -82
510 425 0 126 -42 -84
510 425 0 129 -43 -86
510 425 0 132 -44 -88
510 425 0 135 -45 -90
510 425 0 138 -46 -92
510 425 0 141 -47 -94
510 425 0 144 -48 -96
510 425 0 147 -49 -98
510 425 0 150 -50 -100
516 430 0 -150 50 100
516 430 0 -147 49 98
516 430 0 -144 48 96
516 430 0 -141 47 94
516 430 0 -138 46 92
516 430 0 -135 45 90
516 430 0 -132 44 88
516 430 0 -129 43 86
516 430 0 -126 42 84
516 430 0 -123 41 82
516 430 0 -120 40 80
516 430 0 -117 39 78
516 430 0 -114 38 76
516 430 0 -111 37 74
516 430 0 -108 36 72
516 430 0 -105 35 70
516 430 0 -102 34 68
516 430 0 -99 33 66
516 430 0 -96 32 64
516 430 0 -93 31 62
516 430 0 -90 30 60
516 430 0 -87 29 58
516 430 0 -84 28 56
516 430 0 -81 27 54
516 430 0 -78 26 52
516 430 0 -75 25 50
516 430 0 -72 24 48
516 430 0 -69 23 46
516 430 0 -66 22 44
516 430 0 -63 21 42
516 430 0 -60 20 40
516 430 0 -57 19 38
516 430 0 -54 18 36
516 430 0 -51 17 34
516 430 0 -48 16 32
516 430 0 -45 15 30
516 430 0 -42 14 28
516 430 0 -39 13 26
516 430 0 -36 12 24
516 430 0 -33 11 22
516 430 0 -30 10 20
516 430 0 -27 9 18
516 430 0 -24 8 16
516 430 0 -21 7 14
516 430 0 -18 6 12
516 430 0 -15 5 10
516 430 0 -12 4 8
516 430 0 -9 3 6
516 430 0 -6 2 4
516 430 0 -3 1 2
516 430 0 3 -1 -2
516 430 0 6 -2 -4
516 430 0 9 -3 -6
516 430 0 12 -4 -8
516 430 0 15 -5 -10
516 430 0 18 -6 -12
516 430 0 21 -7 -14
516 430 0 24 -8 -16
516 430 0 27 -9 -18
516 430 0 30 -10 -20
516 430 0 33 -11 -22
516 430 0 36 -12 -24
516 430 0 39 -13 -26
516 430 0 42 -14 -28
516 430 0 45 -15 -30
516 430 0 48 -16 -32
516 430 0 51 -17 -34
516 430 0 54 -18 -36
516 430 0 57 -19 -38
516 430 0 60 -20 -40
516 430 0 63 -21 -42
516 430 0 66 -22 -44
516 430 0 69 -23 -46
516 430 0 72 -24 -48
516 430 0 75 -25 -50
516 430 0 78 -26 -52
516 430 0 81 -27 -54
516 430 0 84 -28 -56
516 430 0 87 -29 -58
516 430 0 90 -30 -60
516 430 0 93 -31 -62
516 430 0 96 -32 -64
516 430 0 99 -33 -66
516 430 0 102 -34 -68
516 430 0 105 -35 -70
516 430 0 108 -36 -72
516 430 0 111 -37 -74
516 430 0 114 -38 -76
516 430 0 117 -39 -78
516 430 0 120 -40 -80
516 430 0 123 -41 -82
516 430 0 126 -42 -84
516 430 0 129 -43 -86
516 430 0 132 -44 -88
516 430 0 135 -45 -90
516 430 0 138 -46 -92
516 430 0 141 -47 -94
516 430 0 144 -48 -96
516 430 0 147 -49 -98
516 430 0 150 -50 -100
522 435 0 -150 50 100
522 435 0 -147 49 98
522 435 0 -144 48 96
522 435 0 -141 47 94
522 435 0 -138 46 92
522 435 -87 -135 45 180
522 435 0 -135 45 90
522 435 87 -135 45 30
522 435 0 -132 44 88
522 435 0 -129 43 86
522 435 0 -126 42 84
522 435 0 -123 41 82
522 435 0 -120 40 80
522 435 0 -117 39 78
522 435 0 -114 38 76
522 435 0 -111 37 74
522 435 0 -108 36 72
522 435 0 -105 35 70
522 435 0 -102 34 68
522 435 -87 -99 33 132
522 435 0 -99 33 66
522 435 0 -96 32 64
522 435 0 -93 31 62
522 435 0 -90 30 60
522 435 0 -87 29 58
522 435 0 -84 28 56
522 435 0 -81 27 54
522 435 0 -78 26 52
522 435 0 -75 25 50
522 435 0 -72 24 48
522 435 0 -69 23 46
522 435 0 -66 22 44
522 435 -87 -63 21 84
522 435 0 -63 21 42
522 435 0 -60 20 40
522 435 0 -57 19 38
522 435 0 -54 18 36
522 435 0 -51 17 34
522 435 0 -48 16 32
522 435 0 -45 15 30
522 435 0 -42 14 28
522 435 0 -39 13 26
522 435 0 -36 12 24
522 435 0 -33 11 22
522 435 0 -30 10 20
522 435 -87 -27 9 36
522 435 0 -27 9 18
522 435 87 -27 9 6
522 435 0 -24 8 16
522 435 0 -21 7 14
522 435 0 -18 6 12
522 435 0 -15 5 10
522 435 0 -12 4 8
522 435 0 -9 3 6
522 435 0 -6 2 4
522 435 0 -3 1 2
522 435 0 3 -1 -2
522 435 0 6 -2 -4
522 435 -87 9 -3 -12
522 435 0 9 -3 -6
522 435 0 12 -4 -8
522 435 0 15 -5 -10
522 435 0 18 -6 -12
522 435 0 21 -7 -14
522 435 0 24 -8 -16
522 435 0 27 -9 -18
522 435 0 30 -10 -20
522 435 0 33 -11 -22
522 435 0 36 -12 -24
522 435 0 39 -13 -26
522 435 0 42 -14 -28
522 435 -87 45 -15 -60
522 435 0 45 -15 -30
522 435 0 48 -16 -32
522 435 0 51 -17 -34
522 435 0 54 -18 -36
522 435 0 57 -19 -38
522 435 0 60 -20 -40
522 435 0 63 -21 -42
522 435 0 66 -22 -44
522 435 0 69 -23 -46
522 435 0 72 -24 -48
522 435 0 75 -25 -50
522 435 0 78 -26 -52
522 435 -87 81 -27 -108
522 435 0 81 -27 -54
522 435 87 81 -27 -18
522 435 0 84 -28 -56
522 435 0 87 -29 -58
522 435 0 90 -30 -60
522 435 0 93 -31 -62
522 435 0 96 -32 -64
522 435 0 99 -33 -66
522 435 0 102 -34 -68
522 435 0 105 -35 -70
522 435 0 108 -36 -72
522 435 0 111 -37 -74
522 435 0 114 -38 -76
522 435 -87 117 -39 -156
522 435 0 117 -39 -78
522 435 0 120 -40 -80
522 435 0 123 -41 -82
522 435 0 126 -42 -84
522 435 0 129 -43 -86
522 435 0 132 -44 -88
522 435 0 135 -45 -90
522 435 0 138 -46 -92
522 435 0 141 -47 -94
522 435 0 144 -48 -96
522 435 0 147 -49 -98
522 435 0 150 -50 -100
528 440 0 -150 50 100
528 440 0 -147 49 98
528 440 0 -144 48 96
528 440 0 -141 47 94
528 440 0 -138 46 92
528 440 0 -135 45 90
528 440 0 -132 44 88
528 440 0 -129 43 86
528 440 0 -126 42 84
528 440 0 -123 41 82
528 440 0 -120 40 80
528 440 0 -117 39 78
528 440 0 -114 38 76
528 440 0 -111 37 74
528 440 0 -108 36 72
528 440 0 -105 35 70
528 440 0 -102 34 68
528 440 0 -99 33 66
528 440 0 -96 32 64
528 440 0 -93 31 62
528 440 0 -90 30 60
528 440 0 -87 29 58
528 440 0 -84 28 56
528 440 0 -81 27 54
528 440 0 -78 26 52
528 440 0 -75 25 50
528 440 0 -72 24 48
528 440 0 -69 23 46
528 440 0 -66 22 44
528 440 0 -63 21 42
528 440 0 -60 20 40
528 440 0 -57 19 38
528 440 0 -54 18 36
528 440 0 -51 17 34
528 440 0 -48 16 32
528 440 0 -45 15 30
528 440 0 -42 14 28
528 440 0 -39 13 26
528 440 0 -36 12 24
528 440 0 -33 11 22
528 440 0 -30 10 20
528 440 0 -27 9 18
528 440 0 -24 8 16
528 440 0 -21 7 14
528 440 0 -18 6 12
528 440 0 -15 5 10
528 440 0 -12 4 8
528 440 0 -9 3 6
528 440 0 -6 2 4
528 440 0 -3 1 2
528 440 0 3 -1 -2
528 440 0 6 -2 -4
528 440 0 9 -3 -6
528 440 0 12 -4 -8
528 440 0 15 -5 -10
528 440 0 18 -6 -12
528 440 0 21 -7 -14
528 440 0 24 -8 -16
528 440 0 27 -9 -18
528 440 0 30 -10 -20
528 440 0 33 -11 -22
528 440 0 36 -12 -24
528 440 0 39 -13 -26
528 440 0 42 -14 -28
528 440 0 45 -15 -30
528 440 0 48 -16 -32
528 440 0 51 -17 -34
528 440 0 54 -18 -36
528 440 0 57 -19 -38
528 440 0 60 -20 -40
528 440 0 63 -21 -42
528 440 0 66 -22 -44
528 440 0 69 -23 -46
528 440 0 72 -24 -48
528 440 0 75 -25 -50
528 440 0 78 -26 -52
528 440 0 81 -27 -54
528 440 0 84 -28 -56
528 440 0 87 -29 -58
528 440 0 90 -30 -60
528 440 0 93 -31 -62
528 440 0 96 -32 -64
528 440 0 99 -33 -66
528 440 0 102 -34 -68
528 440 0 105 -35 -70
528 440 0 108 -36 -72
528 440 0 111 -37 -74
528 440 0 114 -38 -76
528 440 0 117 -39 -78
528 440 0 120 -40 -80
528 440 0 123 -41 -82
528 440 0 126 -42 -84
528 440 0 129 -43 -86
528 440 0 132 -44 -88
528 440 0 135 -45 -90
528 440 0 138 -46 -92
528 440 0 141 -47 -94
528 440 0 144 -48 -96
528 440 0 147 -49 -98
528 440 0 150 -50 -100
534 445 0 -150 50 100
534 445 0 -147 49 98
534 445 0 -144 48 96
534 445 0 -141 47 94
534 445 0 -138 46 92
534 445 0 -135 45 90
534 445 0 -132 44 88
534 445 0 -129 43 86
534 445 0 -126 42 84
534 445 0 -123 41 82
534 445 0 -120 40 80
534 445 0 -117 39 78
534 445 0 -114 38 76
534 445 0 -111 37 74
534 445 0 -108 36 72
534 445 0 -105 35 70
534 445 0 -102 34 68
534 445 0 -99 33 66
534 445 0 -96 32 64
534 445 0 -93 31 62
534 445 0 -90 30 60
534 445 0 -87 29 58
534 445 0 -84 28 56
534 445 0 -81 27 54
534 445 0 -78 26 52
534 445 0 -75 25 50
534 445 0 -72 24 48
534 445 0 -69 23 46
534 445 0 -66 22 44
534 445 0 -63 21 42
534 445 0 -60 20 40
534 445 0 -57 19 38
534 445 0 -54 18 36
534 445 0 -51 17 34
534 445 0 -48 16 32
534 445 0 -45 15 30
534 445 0 -42 14 28
534 445 0 -39 13 26
534 445 0 -36 12 24
534 445 0 -33 11 22
534 445 0 -30 10 20
534 445 0 -27 9 18
534 445 0 -24 8 16
534 445 0 -21 7 14
534 445 0 -18 6 12
534 445 0 -15 5 10
534 445 0 -12 4 8
534 445 0 -9 3 6
534 445 0 -6 2 4
534 445 0 -3 1 2
534 445 0 3 -1 -2
534 445 0 6 -2 -4
534 445 0 9 -3 -6
534 445 0 12 -4 -8
534 445 0 15 -5 -10
534 445 0 18 -6 -12
534 445 0 21 -7 -14
534 445 0 24 -8 -16
534 445 0 27 -9 -18
534 445 0 30 -10 -20
534 445 0 33 -11 -22
534 445 0 36 -12 -24
534 445 0 39 -13 -26
534 445 0 42 -14 -28
534 445 0 45 -15 -30
534 445 0 48 -16 -32
534 445 0 51 -17 -34
534 445 0 54 -18 -36
534 445 0 57 -19 -38
534 445 0 60 -20 -40
534 445 0 63 -21 -42
534 445 0 66 -22 -44
534 445 0 69 -23 -46
534 445 0 72 -24 -48
534 445 0 75 -25 -50
534 445 0 78 -26 -52
534 445 0 81 -27 -54
534 445 0 84 -28 -56
534 445 0 87 -29 -58
534 445 0 90 -30 -60
534 445 0 93 -31 -62
534 445 0 96 -32 -64
534 445 0 99 -33 -66
534 445 0 102 -34 -68
534 445 0 105 -35 -70
534 445 0 108 -36 -72
534 445 0 111 -37 -74
534 445 0 114 -38 -76
534 445 0 117 -39 -78
534 445 0 120 -40 -80
534 445 0 123 -41 -82
534 445 0 126 -42 -84
534 445 0 129 -43 -86
534 445 0 132 -44 -88
534 445 0 135 -45 -90
534 445 0 138 -46 -92
534 445 0 141 -47 -94
534 445 0 144 -48 -96
534 445 0 147 -49 -98
534 445 0 150 -50 -100
540 450 0 -150 50 100
540 450 0 -147 49 98
540 450 -90 -144 48 192
540 450 0 -144 48 96
540 450 0 -141 47 94
540 450 0 -138 46 92
540 450 0 -135 45 90
540 450 0 -132 44 88
540 450 0 -129 43 86
540 450 0 -126 42 84
540 450 0 -123 41 82
540 450 0 -120 40 80
540 450 0 -117 39 78
540 450 0 -114 38 76
540 450 0 -111 37 74
540 450 -90 -108 36 144
540 450 0 -108 36 72
540 450 90 -108 36 24
540 450 0 -105 35 70
540 450 0 -102 34 68
540 450 0 -99 33 66
540 450 0 -96 32 64
540 450 0 -93 31 62
540 450 0 -90 30 60
540 450 0 -87 29 58
540 450 0 -84 28 56
540 450 0 -81 27 54
540 450 0 -78 26 52
540 450 0 -75 25 50
540 450 -90 -72 24 96
540 450 0 -72 24 48
540 450 0 -69 23 46
540 450 0 -66 22 44
540 450 0 -63 21 42
540 450 0 -60 20 40
540 450 0 -57 19 38
540 450 0 -54 18 36
540 450 0 -51 17 34
540 450 0 -48 16 32
540 450 0 -45 15 30
540 450 0 -42 14 28
540 450 0 -39 13 26
540 450 -90 -36 12 48
540 450 0 -36 12 24
540 450 0 -33 11 22
540 450 0 -30 10 20
540 450 0 -27 9 18
540 450 0 -24 8 16
540 450 0 -21 7 14
540 450 0 -18 6 12
540 450 0 -15 5 10
540 450 0 -12 4 8
540 450 0 -9 3 6
540 450 0 -6 2 4
540 450 0 -3 1 2
540 450 0 3 -1 -2
540 450 0 6 -2 -4
540 450 0 9 -3 -6
540 450 0 12 -4 -8
540 450 0 15 -5 -10
540 450 0 18 -6 -12
540 450 0 21 -7 -14
540 450 0 24 -8 -16
540 450 0 27 -9 -18
540 450 0 30 -10 -20
540 450 0 33 -11 -22
540 450 -90 36 -12 -48
540 450 0 36 -12 -24
540 450 0 39 -13 -26
540 450 0 42 -14 -28
540 450 0 45 -15 -30
540 450 0 48 -16 -32
540 450 0 51 -17 -34
540 450 0 54 -18 -36
540 450 0 57 -19 -38
540 450 0 60 -20 -40
540 450 0 63 -21 -42
540 450 0 66 -22 -44
540 450 0 69 -23 -46
540 450 -90 72 -24 -96
540 450 0 72 -24 -48
540 450 0 75 -25 -50
540 450 0 78 -26 -52
540 450 0 81 -27 -54
540 450 0 84 -28 -56
540 450 0 87 -29 -58
540 450 0 90 -30 -60
540 450 0 93 -31 -62
540 450 0 96 -32 -64
540 450 0 99 -33 -66
540 450 0 102 -34 -68
540 450 0 105 -35 -70
540 450 -90 108 -36 -144
540 450 0 108 -36 -72
540 450 90 108 -36 -24
540 450 0 111 -37 -74
540 450 0 114 -38 -76
540 450 0 117 -39 -78
540 450 0 120 -40 -80
540 450 0 123 -41 -82
540 450 0 126 -42 -84
540 450 0 129 -43 -86
540 450 0 132 -44 -88
540 450 0 135 -45 -90
540 450 0 138 -46 -92
540 450 0 141 -47 -94
540 450 -90 144 -48 -192
540 450 0 144 -48 -96
540 450 0 147 -49 -98
540 450 0 150 -50 -100
546 455 0 -150 50 100
546 455 0 -147 49 98
546 455 0 -144 48 96
546 455 0 -141 47 94
546 455 0 -138 46 92
546 455 0 -135 45 90
546 455 0 -132 44 88
546 455 0 -129 43 86
546 455 0 -126 42 84
546 455 0 -123 41 82
546 455 0 -120 40 80
546 455 0 -117 39 78
546 455 0 -114 38 76
546 455 0 -111 37 74
546 455 0 -108 36 72
546 455 0 -105 35 70
546 455 0 -102 34 68
546 455 0 -99 33 66
546 455 0 -96 32 64
546 455 0 -93 31 62
546 455 0 -90 30 60
546 455 0 -87 29 58
546 455 0 -84 28 56
546 455 0 -81 27 54
546 455 0 -78 26 52
546 455 0 -75 25 50
546 455 0 -72 24 48
546 455 0 -69 23 46
546 455 0 -66 22 44
546 455 0 -63 21 42
546 455 0 -60 20 40
546 455 0 -57 19 38
546 455 0 -54 18 36
546 455 0 -51 17 34
546 455 0 -48 16 32
546 455 0 -45 15 30
546 455 0 -42 14 28
546 455 0 -39 13 26
546 455 0 -36 12 24
546 455 0 -33 11 22
546 455 0 -30 10 20
546 455 0 -27 9 18
546 455 0 -24 8 16
546 455 0 -21 7 14
546 455 0 -18 6 12
546 455 0 -15 5 10
546 455 0 -12 4 8
546 455 0 -9 3 6
546 455 0 -6 2 4
546 455 0 -3 1 2
546 455 0 3 -1 -2
546 455 0 6 -2 -4
546 455 0 9 -3 -6
546 455 0 12 -4 -8
546 455 0 15 -5 -10
546 455 0 18 -6 -12
546 455 0 21 -7 -14
546 455 0 24 -8 -16
546 455 0 27 -9 -18
546 455 0 30 -10 -20
546 455 0 33 -11 -22
546 455 0 36 -12 -24
546 455 0 39 -13 -26
546 455 0 42 -14 -28
546 455 0 45 -15 -30
546 455 0 48 -16 -32
546 455 0 51 -17 -34
546 455 0 54 -18 -36
546 455 0 57 -19 -38
546 455 0 60 -20 -40
546 455 0 63 -21 -42
546 455 0 66 -22 -44
546 455 0 69 -23 -46
546 455 0 72 -24 -48
546 455 0 75 -25 -50
546 455 0 78 -26 -52
546 455 0 81 -27 -54
546 455 0 84 -28 -56
546 455 0 87 -29 -58
546 455 0 90 -30 -60
546 455 0 93 -31 -62
546 455 0 96 -32 -64
546 455 0 99 -33 -66
546 455 0 102 -34 -68
546 455 0 105 -35 -70
546 455 0 108 -36 -72
546 455 0 111 -37 -74
546 455 0 114 -38 -76
546 455 0 117 -39 -78
546 455 0 120 -40 -80
546 455 0 123 -41 -82
546 455 0 126 -42 -84
546 455 0 129 -43 -86
546 455 0 132 -44 -88
546 455 0 135 -45 -90
546 455 0 138 -46 -92
546 455 0 141 -47 -94
546 455 0 144 -48 -96
546 455 0 147 -49 -98
546 455 0 150 -50 -100
552 460 0 -150 50 100
552 460 0 -147 49 98
552 460 0 -144 48 96
552 460 0 -141 47 94
552 460 0 -138 46 92
552 460 0 -135 45 90
552 460 0 -132 44 88
552 460 0 -129 43 86
552 460 0 -126 42 84
552 460 0 -123 41 82
552 460 0 -120 40 80
552 460 0 -117 39 78
552 460 0 -114 38 76
552 460 0 -111 37 74
552 460 0 -108 36 72
552 460 0 -105 35 70
552 460 0 -102 34 68
552 460 0 -99 33 66
552 460 0 -96 32 64
552 460 0 -93 31 62
552 460 0 -90 30 60
552 460 0 -87 29 58
552 460 0 -84 28 56
552 460 0 -81 27 54
552 460 0 -78 26 52
552 460 0 -75 25 50
552 460 0 -72 24 48
552 460 0 -69 23 46
552 460 0 -66 22 44
552 460 0 -63 21 42
552 460 0 -60 20 40
552 460 0 -57 19 38
552 460 0 -54 18 36
552 460 0 -51 17 34
552 460 0 -48 16 32
552 460 0 -45 15 30
552 460 0 -42 14 28
552 460 0 -39 13 26
552 460 0 -36 12 24
552 460 0 -33 11 22
552 460 0 -30 10 20
552 460 0 -27 9 18
552 460 0 -24 8 16
552 460 0 -21 7 14
552 460 0 -18 6 12
552 460 0 -15 5 10
552 460 0 -12 4 8
552 460 0 -9 3 6
552 460 0 -6 2 4
552 460 0 -3 1 2
552 460 0 3 -1 -2
552 460 0 6 -2 -4
552 460 0 9 -3 -6
552 460 0 12 -4 -8
552 460 0 15 -5 -10
552 460 0 18 -6 -12
552 460 0 21 -7 -14
552 460 0 24 -8 -16
552 460 0 27 -9 -18
552 460 0 30 -10 -20
552 460 0 33 -11 -22
552 460 0 36 -12 -24
552 460 0 39 -13 -26
552 460 0 42 -14 -28
552 460 0 45 -15 -30
552 460 0 48 -16 -32
552 460 0 51 -17 -34
552 460 0 54 -18 -36
552 460 0 57 -19 -38
552 460 0 60 -20 -40
552 460 0 63 -21 -42
552 460 0 66 -22 -44
552 460 0 69 -23 -46
552 460 0 72 -24 -48
552 460 0 75 -25 -50
552 460 0 78 -26 -52
552 460 0 81 -27 -54
552 460 0 84 -28 -56
552 460 0 87 -29 -58
552 460 0 90 -30 -60
552 460 0 93 -31 -62
552 460 0 96 -32 -64
552 460 0 99 -33 -66
552 460 0 102 -34 -68
552 460 0 105 -35 -70
552 460 0 108 -36 -72
552 460 0 111 -37 -74
552 460 0 114 -38 -76
552 460 0 117 -39 -78
552 460 0 120 -40 -80
552 460 0 123 -41 -82
552 460 0 126 -42 -84
552 460 0 129 -43 -86
552 460 0 132 -44 -88
552 460 0 135 -45 -90
552 460 0 138 -46 -92
552 460 0 141 -47 -94
552 460 0 144 -48 -96
552 460 0 147 -49 -98
552 460 0 150 -50 -100
558 465 0 -150 50 100
558 465 0 -147 49 98
558 465 0 -144 48 96
558 465 0 -141 47 94
558 465 0 -138 46 92
558 465 -93 -135 45 180
558 465 0 -135 45 90
558 465 93 -135 45 30
558 465 0 -132 44 88
558 465 0 -129 43 86
558 465 0 -126 42 84
558 465 0 -123 41 82
558 465 0 -120 40 80
558 465 0 -117 39 78
558 465 0 -114 38 76
558 465 0 -111 37 74
558 465 0 -108 36 72
558 465 0 -105 35 70
558 465 0 -102 34 68
558 465 -93 -99 33 132
558 465 0 -99 33 66
558 465 0 -96 32 64
558 465 0 -93 31 62
558 465 0 -90 30 60
558 465 0 -87 29 58
558 465 0 -84 28 56
558 465 0 -81 27 54
558 465 0 -78 26 52
558 465 0 -75 25 50
558 465 0 -72 24 48
558 465 0 -69 23 46
558 465 0 -66 22 44
558 465 -93 -63 21 84
558 465 0 -63 21 42
558 465 0 -60 20 40
558 465 0 -57 19 38
558 465 0 -54 18 36
558 465 0 -51 17 34
558 465 0 -48 16 32
558 465 0 -45 15 30
558 465 0 -42 14 28
558 465 0 -39 13 26
558 465 0 -36 12 24
558 465 0 -33 11 22
558 465 0 -30 10 20
558 465 -93 -27 9 36
558 465 0 -27 9 18
558 465 93 -27 9 6
558 465 0 -24 8 16
558 465 0 -21 7 14
558 465 0 -18 6 12
558 465 0 -15 5 10
558 465 0 -12 4 8
558 465 0 -9 3 6
558 465 0 -6 2 4
558 465 0 -3 1 2
558 465 0 3 -1 -2
558 465 0 6 -2 -4
558 465 -93 9 -3 -12
558 465 0 9 -3 -6
558 465 0 12 -4 -8
558 465 0 15 -5 -10
558 465 0 18 -6 -12
558 465 0 21 -7 -14
558 465 0 24 -8 -16
558 465 0 27 -9 -18
558 465 0 30 -10 -20
558 465 0 33 -11 -22
558 465 0 36 -12 -24
558 465 0 39 -13 -26
558 465 0 42 -14 -28
558 465 -93 45 -15 -60
558 465 0 45 -15 -30
558 465 0 48 -16 -32
558 465 0 51 -17 -34
558 465 0 54 -18 -36
558 465 0 57 -19 -38
558 465 0 60 -20 -40
558 465 0 63 -21 -42
558 465 0 66 -22 -44
558 465 0 69 -23 -46
558 465 0 72 -24 -48
558 465 0 75 -25 -50
558 465 0 78 -26 -52
558 465 -93 81 -27 -108
558 465 0 81 -27 -54
558 465 93 81 -27 -18
558 465 0 84 -28 -56
558 465 0 87 -29 -58
558 465 0 90 -30 -60
558 465 0 93 -31 -62
558 465 0 96 -32 -64
558 465 0 99 -33 -66
558 465 0 102 -34 -68
558 465 0 105 -35 -70
558 465 0 108 -36 -72
558 465 0 111 -37 -74
558 465 0 114 -38 -76
558 465 -93 117 -39 -156
558 465 0 117 -39 -78
558 465 0 120 -40 -80
558 465 0 123 -41 -82
558 465 0 126 -42 -84
558 465 0 129 -43 -86
558 465 0 132 -44 -88
558 465 0 135 -45 -90
558 465 0 138 -46 -92
558 465 0 141 -47 -94
558 465 0 144 -48 -96
558 465 0 147 -49 -98
558 465 0 150 -50 -100
564 470 0 -150 50 100
564 470 0 -147 49 98
564 470 0 -144 48 96
564 470 0 -141 47 94
564 470 0 -138 46 92
564 470 0 -135 45 90
564 470 0 -132 44 88
564 470 0 -129 43 86
564 470 0 -126 42 84
564 470 0 -123 41 82
564 470 0 -120 40 80
564 470 0 -117 39 78
564 470 0 -114 38 76
564 470 0 -111 37 74
564 470 0 -108 36 72
564 470 0 -105 35 70
564 470 0 -102 34 68
564 470 0 -99 33 66
564 470 0 -96 32 64
564 470 0 -93 31 62
564 470 0 -90 30 60
564 470 0 -87 29 58
564 470 0 -84 28 56
564 470 0 -81 27 54
564 470 0 -78 26 52
564 470 0 -75 25 50
564 470 0 -72 24 48
564 470 0 -69 23 46
564 470 0 -66 22 44
564 470 0 -63 21 42
564 470 0 -60 20 40
564 470 0 -57 19 38
564 470 0 -54 18 36
564 470 0 -51 17 34
564 470 0 -48 16 32
564 470 0 -45 15 30
564 470 0 -42 14 28
564 470 0 -39 13 26
564 470 0 -36 12 24
564 470 0 -33 11 22
564 470 0 -30 10 20
564 470 0 -27 9 18
564 470 0 -24 8 16
564 470 0 -21 7 14
564 470 0 -18 6 12
564 470 0 -15 5 10
564 470 0 -12 4 8
564 470 0 -9 3 6
564 470 0 -6 2 4
564 470 0 -3 1 2
564 470 0 3 -1 -2
564 470 0 6 -2 -4
564 470 0 9 -3 -6
564 470 0 12 -4 -8
564 470 0 15 -5 -10
564 470 0 18 -6 -12
564 470 0 21 -7 -14
564 470 0 24 -8 -16
564 470 0 27 -9 -18
564 470 0 30 -10 -20
564 470 0 33 -11 -22
564 470 0 36 -12 -24
564 470 0 39 -13 -26
564 470 0 42 -14 -28
564 470 0 45 -15 -30
564 470 0 48 -16 -32
564 470 0 51 -17 -34
564 470 0 54 -18 -36
564 470 0 57 -19 -38
564 470 0 60 -20 -40
564 470 0 63 -21 -42
564 470 0 66 -22 -44
564 470 0 69 -23 -46
564 470 0 72 -24 -48
564 470 0 75 -25 -50
564 470 0 78 -26 -52
564 470 0 81 -27 -54
564 470 0 84 -28 -56
564 470 0 87 -29 -58
564 470 0 90 -30 -60
564 470 0 93 -31 -62
564 470 0 96 -32 -64
564 470 0 99 -33 -66
564 470 0 102 -34 -68
564 470 0 105 -35 -70
564 470 0 108 -36 -72
564 470 0 111 -37 -74
564 470 0 114 -38 -76
564 470 0 117 -39 -78
564 470 0 120 -40 -80
564 470 0 123 -41 -82
564 470 0 126 -42 -84
564 470 0 129 -43 -86
564 470 0 132 -44 -88
564 470 0 135 -45 -90
564 470 0 138 -46 -92
564 470 0 141 -47 -94
564 470 0 144 -48 -96
564 470 0 147 -49 -98
564 470 0 150 -50 -100
570 475 0 -150 50 100
570 475 0 -147 49 98
570 475 0 -144 48 96
570 475 0 -141 47 94
570 475 0 -138 46 92
570 475 0 -135 45 90
570 475 0 -132 44 88
570 475 0 -129 43 86
570 475 0 -126 42 84
570 475 0 -123 41 82
570 475 0 -120 40 80
570 475 0 -117 39 78
570 475 0 -114 38 76
570 475 0 -111 37 74
570 475 0 -108 36 72
570 475 0 -105 35 70
570 475 0 -102 34 68
570 475 0 -99 33 66
570 475 0 -96 32 64
570 475 0 -93 31 62
570 475 0 -90 30 60
570 475 0 -87 29 58
570 475 0 -84 28 56
570 475 0 -81 27 54
570 475 0 -78 26 52
570 475 0 -75 25 50
570 475 0 -72 24 48
570 475 0 -69 23 46
570 475 0 -66 22 44
570 475 0 -63 21 42
570 475 0 -60 20 40
570 475 0 -57 19 38
570 475 0 -54 18 36
570 475 0 -51 17 34
570 475 0 -48 16 32
570 475 0 -45 15 30
570 475 0 -42 14 28
570 475 0 -39 13 26
570 475 0 -36 12 24
570 475 0 -33 11 22
570 475 0 -30 10 20
570 475 0 -27 9 18
570 475 0 -24 8 16
570 475 0 -21 7 14
570 475 0 -18 6 12
570 475 0 -15 5 10
570 475 0 -12 4 8
570 475 0 -9 3 6
570 475 0 -6 2 4
570 475 0 -3 1 2
570 475 0 3 -1 -2
570 475 0 6 -2 -4
570 475 0 9 -3 -6
570 475 0 12 -4 -8
570 475 0 15 -5 -10
570 475 0 18 -6 -12
570 475 0 21 -7 -14
570 475 0 24 -8 -16
570 475 0 27 -9 -18
570 475 0 30 -10 -20
570 475 0 33 -11 -22
570 475 0 36 -12 -24
570 475 0 39 -13 -26
570 475 0 42 -14 -28
570 475 0 45 -15 -30
570 475 0 48 -16 -32
570 475 0 51 -17 -34
570 475 0 54 -18 -36
570 475 0 57 -19 -38
570 475 0 60 -20 -40
570 475 0 63 -21 -42
570 475 0 66 -22 -44
570 475 0 69 -23 -46
570 475 0 72 -24 -48
570 475 0 75 -25 -50
570 475 0 78 -26 -52
570 475 0 81 -27 -54
570 475 0 84 -28 -56
570 475 0 87 -29 -58
570 475 0 90 -30 -60
570 475 0 93 -31 -62
570 475 0 96 -32 -64
570 475 0 99 -33 -66
570 475 0 102 -34 -68
570 475 0 105 -35 -70
570 475 0 108 -36 -72
570 475 0 111 -37 -74
570 475 0 114 -38 -76
570 475 0 117 -39 -78
570 475 0 120 -40 -80
570 475 0 123 -41 -82
570 475 0 126 -42 -84
570 475 0 129 -43 -86
570 475 0 132 -44 -88
570 475 0 135 -45 -90
570 475 0 138 -46 -92
570 475 0 141 -47 -94
570 475 0 144 -48 -96
570 475 0 147 -49 -98
570 475 0 150 -50 -100
576 480 0 -150 50 100
576 480 0 -147 49 98
576 480 -96 -144 48 192
576 480 0 -144 48 96
576 480 0 -141 47 94
576 480 0 -138 46 92
576 480 0 -135 45 90
576 480 0 -132 44 88
576 480 0 -129 43 86
576 480 0 -126 42 84
576 480 0 -123 41 82
576 480 0 -120 40 80
576 480 0 -117 39 78
576 480 0 -114 38 76
576 480 0 -111 37 74
576 480 -96 -108 36 144
576 480 0 -108 36 72
576 480 96 -108 36 24
576 480 0 -105 35 70
576 480 0 -102 34 68
576 480 0 -99 33 66
576 480 0 -96 32 64
576 480 0 -93 31 62
576 480 0 -90 30 60
576 480 0 -87 29 58
576 480 0 -84 28 56
576 480 0 -81 27 54
576 480 0 -78 26 52
576 480 0 -75 25 50
576 480 -96 -72 24 96
576 480 0 -72 24 48
576 480 0 -69 23 46
576 480 0 -66 22 44
576 480 0 -63 21 42
576 480 0 -60 20 40
576 480 0 -57 19 38
576 480 0 -54 18 36
576 480 0 -51 17 34
576 480 0 -48 16 32
576 480 0 -45 15 30
576 480 0 -42 14 28
576 480 0 -39 13 26
576 480 -96 -36 12 48
576 480 0 -36 12 24
576 480 0 -33 11 22
576 480 0 -30 10 20
576 480 0 -27 9 18
576 480 0 -24 8 16
576 480 0 -21 7 14
576 480 0 -18 6 12
576 480 0 -15 5 10
576 480 0 -12 4 8
576 480 0 -9 3 6
576 480 0 -6 2 4
576 480 0 -3 1 2
576 480 0 3 -1 -2
576 480 0 6 -2 -4
576 480 0 9 -3 -6
576 480 0 12 -4 -8
576 480 0 15 -5 -10
576 480 0 18 -6 -12
576 480 0 21 -7 -14
576 480 0 24 -8 -16
576 480 0 27 -9 -18
576 480 0 30 -10 -20
576 480 0 33 -11 -22
576 480 -96 36 -12 -48
576 480 0 36 -12 -24
576 480 0 39 -13 -26
576 480 0 42 -14 -28
576 480 0 45 -15 -30
576 480 0 48 -16 -32
576 480 0 51 -17 -34
576 480 0 54 -18 -36
576 480 0 57 -19 -38
576 480 0 60 -20 -40
576 480 0 63 -21 -42
576 480 0 66 -22 -44
576 480 0 69 -23 -46
576 480 -96 72 -24 -96
576 480 0 72 -24 -48
576 480 0 75 -25 -50
576 480 0 78 -26 -52
576 480 0 81 -27 -54
576 480 0 84 -28 -56
576 480 0 87 -29 -58
576 480 0 90 -30 -60
576 480 0 93 -31 -62
576 480 0 96 -32 -64
576 480 0 99 -33 -66
576 480 0 102 -34 -68
576 480 0 105 -35 -70
576 480 -96 108 -36 -144
576 480 0 108 -36 -72
576 480 96 108 -36 -24
576 480 0 111 -37 -74
576 480 0 114 -38 -76
576 480 0 117 -39 -78
576 480 0 120 -40 -80
576 480 0 123 -41 -82
576 480 0 126 -42 -84
576 480 0 129 -43 -86
576 480 0 132 -44 -88
576 480 0 135 -45 -90
576 480 0 138 -46 -92
576 480 0 141 -47 -94
576 480 -96 144 -48 -192
576 480 0 144 -48 -96
576 480 0 147 -49 -98
576 480 0 150 -50 -100
582 485 0 -150 50 100
582 485 0 -147 49 98
582 485 0 -144 48 96
582 485 0 -141 47 94
582 485 0 -138 46 92
582 485 0 -135 45 90
582 485 0 -132 44 88
582 485 0 -129 43 86
582 485 0 -126 42 84
582 485 0 -123 41 82
582 485 0 -120 40 80
582 485 0 -117 39 78
582 485 0 -114 38 76
582 485 0 -111 37 74
582 485 0 -108 36 72
582 485 0 -105 35 70
582 485 0 -102 34 68
582 485 0 -99 33 66
582 485 0 -96 32 64
582 485 0 -93 31 62
582 485 0 -90 30 60
582 485 0 -87 29 58
582 485 0 -84 28 56
582 485 0 -81 27 54
582 485 0 -78 26 52
582 485 0 -75 25 50
582 485 0 -72 24 48
582 485 0 -69 23 46
582 485 0 -66 22 44
582 485 0 -63 21 42
582 485 0 -60 20 40
582 485 0 -57 19 38
582 485 0 -54 18 36
582 485 0 -51 17 34
582 485 0 -48 16 32
582 485 0 -45 15 30
582 485 0 -42 14 28
582 485 0 -39 13 26
582 485 0 -36 12 24
582 485 0 -33 11 22
582 485 0 -30 10 20
582 485 0 -27 9 18
582 485 0 -24 8 16
582 485 0 -21 7 14
582 485 0 -18 6 12
582 485 0 -15 5 10
582 485 0 -12 4 8
582 485 0 -9 3 6
582 485 0 -6 2 4
582 485 0 -3 1 2
582 485 0 3 -1 -2
582 485 0 6 -2 -4
582 485 0 9 -3 -6
582 485 0 12 -4 -8
582 485 0 15 -5 -10
582 485 0 18 -6 -12
582 485 0 21 -7 -14
582 485 0 24 -8 -16
582 485 0 27 -9 -18
582 485 0 30 -10 -20
582 485 0 33 -11 -22
582 485 0 36 -12 -24
582 485 0 39 -13 -26
582 485 0 42 -14 -28
582 485 0 45 -15 -30
582 485 0 48 -16 -32
582 485 0 51 -17 -34
582 485 0 54 -18 -36
582 485 0 57 -19 -38
582 485 0 60 -20 -40
582 485 0 63 -21 -42
582 485 0 66 -22 -44
582 485 0 69 -23 -46
582 485 0 72 -24 -48
582 485 0 75 -25 -50
582 485 0 78 -26 -52
582 485 0 81 -27 -54
582 485 0 84 -28 -56
582 485 0 87 -29 -58
582 485 0 90 -30 -60
582 485 0 93 -31 -62
582 485 0 96 -32 -64
582 485 0 99 -33 -66
582 485 0 102 -34 -68
582 485 0 105 -35 -70
582 485 0 108 -36 -72
582 485 0 111 -37 -74
582 485 0 114 -38 -76
582 485 0 117 -39 -78
582 485 0 120 -40 -80
582 485 0 123 -41 -82
582 485 0 126 -42 -84
582 485 0 129 -43 -86
582 485 0 132 -44 -88
582 485 0 135 -45 -90
582 485 0 138 -46 -92
582 485 0 141 -47 -94
582 485 0 144 -48 -96
582 485 0 147 -49 -98
582 485 0 150 -50 -100
588 490 0 -150 50 100
588 490 0 -147 49 98
588 490 0 -144 48 96
588 490 0 -141 47 94
588 490 0 -138 46 92
588 490 0 -135 45 90
588 490 0 -132 44 88
588 490 0 -129 43 86
588 490 0 -126 42 84
588 490 0 -123 41 82
588 490 0 -120 40 80
588 490 0 -117 39 78
588 490 0 -114 38 76
588 490 0 -111 37 74
588 490 0 -108 36 72
588 490 0 -105 35 70
588 490 0 -102 34 68
588 490 0 -99 33 66
588 490 0 -96 32 64
588 490 0 -93 31 62
588 490 0 -90 30 60
588 490 0 -87 29 58
588 490 0 -84 28 56
588 490 0 -81 27 54
588 490 0 -78 26 52
588 490 0 -75 25 50
588 490 0 -72 24 48
588 490 0 -69 23 46
588 490 0 -66 22 44
588 490 0 -63 21 42
588 490 0 -60 20 40
588 490 0 -57 19 38
588 490 0 -54 18 36
588 490 0 -51 17 34
588 490 0 -48 16 32
588 490 0 -45 15 30
588 490 0 -42 14 28
588 490 0 -39 13 26
588 490 0 -36 12 24
588 490 0 -33 11 22
588 490 0 -30 10 20
588 490 0 -27 9 18
588 490 0 -24 8 16
588 490 0 -21 7 14
588 490 0 -18 6 12
588 490 0 -15 5 10
588 490 0 -12 4 8
588 490 0 -9 3 6
588 490 0 -6 2 4
588 490 0 -3 1 2
588 490 0 3 -1 -2
588 490 0 6 -2 -4
588 490 0 9 -3 -6
588 490 0 12 -4 -8
588 490 0 15 -5 -10
588 490 0 18 -6 -12
588 490 0 21 -7 -14
588 490 0 24 -8 -16
588 490 0 27 -9 -18
588 490 0 30 -10 -20
588 490 0 33 -11 -22
588 490 0 36 -12 -24
588 490 0 39 -13 -26
588 490 0 42 -14 -28
588 490 0 45 -15 -30
588 490 0 48 -16 -32
588 490 0 51 -17 -34
588 490 0 54 -18 -36
588 490 0 57 -19 -38
588 490 0 60 -20 -40
588 490 0 63 -21 -42
588 490 0 66 -22 -44
588 490 0 69 -23 -46
588 490 0 72 -24 -48
588 490 0 75 -25 -50
588 490 0 78 -26 -52
588 490 0 81 -27 -54
588 490 0 84 -28 -56
588 490 0 87 -29 -58
588 490 0 90 -30 -60
588 490 0 93 -31 -62
588 490 0 96 -32 -64
588 490 0 99 -33 -66
588 490 0 102 -34 -68
588 490 0 105 -35 -70
588 490 0 108 -36 -72
588 490 0 111 -37 -74
588 490 0 114 -38 -76
588 490 0 117 -39 -78
588 490 0 120 -40 -80
588 490 0 123 -41 -82
588 490 0 126 -42 -84
588 490 0 129 -43 -86
588 490 0 132 -44 -88
588 490 0 135 -45 -90
588 490 0 138 -46 -92
588 490 0 141 -47 -94
588 490 0 144 -48 -96
588 490 0 147 -49 -98
588 490 0 150 -50 -100
594 495 0 -150 50 100
594 495 0 -147 49 98
594 495 0 -144 48 96
594 495 0 -141 47 94
594 495 0 -138 46 92
594 495 -99 -135 45 180
594 495 0 -135 45 90
594 495 99 -135 45 30
594 495 0 -132 44 88
594 495 0 -129 43 86
594 495 0 -126 42 84
594 495 0 -123 41 82
594 495 0 -120 40 80
594 495 0 -117 39 78
594 495 0 -114 38 76
594 495 0 -111 37 74
594 495 0 -108 36 72
594 495 0 -105 35 70
594 495 0 -102 34 68
594 495 -99 -99 33 132
594 495 0 -99 33 66
594 495 0 -96 32 64
594 495 0 -93 31 62
594 495 0 -90 30 60
594 495 0 -87 29 58
594 495 0 -84 28 56
594 495 0 -81 27 54
594 495 0 -78 26 52
594 495 0 -75 25 50
594 495 0 -72 24 48
594 495 0 -69 23 46
594 495 0 -66 22 44
594 495 -99 -63 21 84
594 495 0 -63 21 42
594 495 0 -60 20 40
594 495 0 -57 19 38
594 495 0 -54 18 36
594 495 0 -51 17 34
594 495 0 -48 16 32
594 495 0 -45 15 30
594 495 0 -42 14 28
594 495 0 -39 13 26
594 495 0 -36 12 24
594 495 0 -33 11 22
594 495 0 -30 10 20
594 495 -99 -27 9 36
594 495 0 -27 9 18
594 495 99 -27 9 6
594 495 0 -24 8 16
594 495 0 -21 7 14
594 495 0 -18 6 12
594 495 0 -15 5 10
594 495 0 -12 4 8
594 495 0 -9 3 6
594 495 0 -6 2 4
594 495 0 -3 1 2
594 495 0 3 -1 -2
594 495 0 6 -2 -4
594 495 -99 9 -3 -12
594 495 0 9 -3 -6
594 495 0 12 -4 -8
594 495 0 15 -5 -10
594 495 0 18 -6 -12
594 495 0 21 -7 -14
594 495 0 24 -8 -16
594 495 0 27 -9 -18
594 495 0 30 -10 -20
594 495 0 33 -11 -22
594 495 0 36 -12 -24
594 495 0 39 -13 -26
594 495 0 42 -14 -28
594 495 -99 45 -15 -60
594 495 0 45 -15 -30
594 495 0 48 -16 -32
594 495 0 51 -17 -34
594 495 0 54 -18 -36
594 495 0 57 -19 -38
594 495 0 60 -20 -40
594 495 0 63 -21 -42
594 495 0 66 -22 -44
594 495 0 69 -23 -46
594 495 0 72 -24 -48
594 495 0 75 -25 -50
594 495 0 78 -26 -52
594 495 -99 81 -27 -108
594 495 0 81 -27 -54
594 495 99 81 -27 -18
594 495 0 84 -28 -56
594 495 0 87 -29 -58
594 495 0 90 -30 -60
594 495 0 93 -31 -62
594 495 0 96 -32 -64
594 495 0 99 -33 -66
594 495 0 102 -34 -68
594 495 0 105 -35 -70
594 495 0 108 -36 -72
594 495 0 111 -37 -74
594 495 0 114 -38 -76
594 495 -99 117 -39 -156
594 495 0 117 -39 -78
594 495 0 120 -40 -80
594 495 0 123 -41 -82
594 495 0 126 -42 -84
594 495 0 129 -43 -86
594 495 0 132 -44 -88
594 495 0 135 -45 -90
594 495 0 138 -46 -92
594 495 0 141 -47 -94
594 495 0 144 -48 -96
594 495 0 147 -49 -98
594 495 0 150 -50 -100
600 500 0 -150 50 100
600 500 0 -147 49 98
600 500 0 -144 48 96
600 500 0 -141 47 94
600 500 0 -138 46 92
600 500 0 -135 45 90
600 500 0 -132 44 88
600 500 0 -129 43 86
600 500 0 -126 42 84
600 500 0 -123 41 82
600 500 0 -120 40 80
600 500 0 -117 39 78
600 500 0 -114 38 76
600 500 0 -111 37 74
600 500 0 -108 36 72
600 500 0 -105 35 70
600 500 0 -102 34 68
600 500 0 -99 33 66
600 500 0 -96 32 64
600 500 0 -93 31 62
600 500 0 -90 30 60
600 500 0 -87 29 58
600 500 0 -84 28 56
600 500 0 -81 27 54
600 500 0 -78 26 52
600 500 0 -75 25 50
600 500 0 -72 24 48
600 500 0 -69 23 46
600 500 0 -66 22 44
600 500 0 -63 21 42
600 500 0 -60 20 40
600 500 0 -57 19 38
600 500 0 -54 18 36
600 500 0 -51 17 34
600 500 0 -48 16 32
600 500 0 -45 15 30
600 500 0 -42 14 28
600 500 0 -39 13 26
600 500 0 -36 12 24
600 500 0 -33 11 22
600 500 0 -30 10 20
600 500 0 -27 9 18
600 500 0 -24 8 16
600 500 0 -21 7 14
600 500 0 -18 6 12
600 500 0 -15 5 10
600 500 0 -12 4 8
600 500 0 -9 3 6
600 500 0 -6 2 4
600 500 0 -3 1 2
600 500 0 3 -1 -2
600 500 0 6 -2 -4
600 500 0 9 -3 -6
600 500 0 12 -4 -8
600 500 0 15 -5 -10
600 500 0 18 -6 -12
600 500 0 21 -7 -14
600 500 0 24 -8 -16
600 500 0 27 -9 -18
600 500 0 30 -10 -20
600 500 0 33 -11 -22
600 500 0 36 -12 -24
600 500 0 39 -13 -26
600 500 0 42 -14 -28
600 500 0 45 -15 -30
600 500 0 48 -16 -32
600 500 0 51 -17 -34
600 500 0 54 -18 -36
600 500 0 57 -19 -38
600 500 0 60 -20 -40
600 500 0 63 -21 -42
600 500 0 66 -22 -44
600 500 0 69 -23 -46
600 500 0 72 -24 -48
600 500 0 75 -25 -50
600 500 0 78 -26 -52
600 500 0 81 -27 -54
600 500 0 84 -28 -56
600 500 0 87 -29 -58
600 500 0 90 -30 -60
600 500 0 93 -31 -62
600 500 0 96 -32 -64
600 500 0 99 -33 -66
600 500 0 102 -34 -68
600 500 0 105 -35 -70
600 500 0 108 -36 -72
600 500 0 111 -37 -74
600 500 0 114 -38 -76
600 500 0 117 -39 -78
600 500 0 120 -40 -80
600 500 0 123 -41 -82
600 500 0 126 -42 -84
600 500 0 129 -43 -86
600 500 0 132 -44 -88
600 500 0 135 -45 -90
600 500 0 138 -46 -92
600 500 0 141 -47 -94
600 500 0 144 -48 -96
600 500 0 147 -49 -98
600 500 0 150 -50 -100
606 505 0 -150 50 100
606 505 0 -147 49 98
606 505 0 -144 48 96
606 505 0 -141 47 94
606 505 0 -138 46 92
606 505 0 -135 45 90
606 505 0 -132 44 88
606 505 0 -129 43 86
606 505 0 -126 42 84
606 505 0 -123 41 82
606 505 0 -120 40 80
606 505 0 -117 39 78
606 505 0 -114 38 76
606 505 0 -111 37 74
606 505 0 -108 36 72
606 505 0 -105 35 70
606 505 0 -102 34 68
606 505 0 -99 33 66
606 505 0 -96 32 64
606 505 0 -93 31 62
606 505 0 -90 30 60
606 505 0 -87 29 58
606 505 0 -84 28 56
606 505 0 -81 27 54
606 505 0 -78 26 52
606 505 0 -75 25 50
606 505 0 -72 24 48
606 505 0 -69 23 46
606 505 0 -66 22 44
606 505 0 -63 21 42
606 505 0 -60 20 40
606 505 0 -57 19 38
606 505 0 -54 18 36
606 505 0 -51 17 34
606 505 0 -48 16 32
606 505 0 -45 15 30
606 505 0 -42 14 28
606 505 0 -39 13 26
606 505 0 -36 12 24
606 505 0 -33 11 22
606 505 0 -30 10 20
606 505 0 -27 9 18
606 505 0 -24 8 16
606 505 0 -21 7 14
606 505 0 -18 6 12
606 505 0 -15 5 10
606 505 0 -12 4 8
606 505 0 -9 3 6
606 505 0 -6 2 4
606 505 0 -3 1 2
606 505 0 3 -1 -2
606 505 0 6 -2 -4
606 505 0 9 -3 -6
606 505 0 12 -4 -8
606 505 0 15 -5 -10
606 505 0 18 -6 -12
606 505 0 21 -7 -14
606 505 0 24 -8 -16
606 505 0 27 -9 -18
606 505 0 30 -10 -20
606 505 0 33 -11 -22
606 505 0 36 -12 -24
606 505 0 39 -13 -26
606 505 0 42 -14 -28
606 505 0 45 -15 -30
606 505 0 48 -16 -32
606 505 0 51 -17 -34
606 505 0 54 -18 -36
606 505 0 57 -19 -38
606 505 0 60 -20 -40
606 505 0 63 -21 -42
606 505 0 66 -22 -44
606 505 0 69 -23 -46
606 505 0 72 -24 -48
606 505 0 75 -25 -50
606 505 0 78 -26 -52
606 505 0 81 -27 -54
606 505 0 84 -28 -56
606 505 0 87 -29 -58
606 505 0 90 -30 -60
606 505 0 93 -31 -62
606 505 0 96 -32 -64
606 505 0 99 -33 -66
606 505 0 102 -34 -68
606 505 0 105 -35 -70
606 505 0 108 -36 -72
606 505 0 111 -37 -74
606 505 0 114 -38 -76
606 505 0 117 -39 -78
606 505 0 120 -40 -80
606 505 0 123 -41 -82
606 505 0 126 -42 -84
606 505 0 129 -43 -86
606 505 0 132 -44 -88
606 505 0 135 -45 -90
606 505 0 138 -46 -92
606 505 0 141 -47 -94
606 505 0 144 -48 -96
606 505 0 147 -49 -98
606 505 0 150 -50 -100
612 510 0 -150 50 100
612 510 0 -147 49 98
612 510 -102 -144 48 192
612 510 0 -144 48 96
612 510 0 -141 47 94
612 510 0 -138 46 92
612 510 0 -135 45 90
612 510 0 -132 44 88
612 510 0 -129 43 86
612 510 0 -126 42 84
612 510 0 -123 41 82
612 510 0 -120 40 80
612 510 0 -117 39 78
612 510 0 -114 38 76
612 510 0 -111 37 74
612 510 -102 -108 36 144
612 510 0 -108 36 72
612 510 102 -108 36 24
612 510 0 -105 35 70
612 510 0 -102 34 68
612 510 0 -99 33 66
612 510 0 -96 32 64
612 510 0 -93 31 62
612 510 0 -90 30 60
612 510 0 -87 29 58
612 510 0 -84 28 56
612 510 0 -81 27 54
612 510 0 -78 26 52
612 510 0 -75 25 50
612 510 -102 -72 24 96
612 510 0 -72 24 48
612 510 0 -69 23 46
612 510 0 -66 22 44
612 510 0 -63 21 42
612 510 0 -60 20 40
612 510 0 -57 19 38
612 510 0 -54 18 36
612 510 0 -51 17 34
612 510 0 -48 16 32
612 510 0 -45 15 30
612 510 0 -42 14 28
612 510 0 -39 13 26
612 510 -102 -36 12 48
612 510 0 -36 12 24
612 510 0 -33 11 22
612 510 0 -30 10 20
612 510 0 -27 9 18
612 510 0 -24 8 16
612 510 0 -21 7 14
612 510 0 -18 6 12
612 510 0 -15 5 10
612 510 0 -12 4 8
612 510 0 -9 3 6
612 510 0 -6 2 4
612 510 0 -3 1 2
612 510 0 3 -1 -2
612 510 0 6 -2 -4
612 510 0 9 -3 -6
612 510 0 12 -4 -8
612 510 0 15 -5 -10
612 510 0 18 -6 -12
612 510 0 21 -7 -14
612 510 0 24 -8 -16
612 510 0 27 -9 -18
612 510 0 30 -10 -20
612 510 0 33 -11 -22
612 510 -102 36 -12 -48
612 510 0 36 -12 -24
612 510 0 39 -13 -26
612 510 0 42 -14 -28
612 510 0 45 -15 -30
612 510 0 48 -16 -32
612 510 0 51 -17 -34
612 510 0 54 -18 -36
612 510 0 57 -19 -38
612 510 0 60 -20 -40
612 510 0 63 -21 -42
612 510 0 66 -22 -44
612 510 0 69 -23 -46
612 510 -102 72 -24 -96
612 510 0 72 -24 -48
612 510 0 75 -25 -50
612 510 0 78 -26 -52
612 510 0 81 -27 -54
612 510 0 84 -28 -56
612 510 0 87 -29 -58
612 510 0 90 -30 -60
612 510 0 93 -31 -62
612 510 0 96 -32 -64
612 510 0 99 -33 -66
612 510 0 102 -34 -68
612 510 0 105 -35 -70
612 510 -102 108 -36 -144
612 510 0 108 -36 -72
612 510 102 108 -36 -24
612 510 0 111 -37 -74
612 510 0 114 -38 -76
612 510 0 117 -39 -78
612 510 0 120 -40 -80
612 510 0 123 -41 -82
612 510 0 126 -42 -84
612 510 0 129 -43 -86
612 510 0 132 -44 -88
612 510 0 135 -45 -90
612 510 0 138 -46 -92
612 510 0 141 -47 -94
612 510 -102 144 -48 -192
612 510 0 144 -48 -96
612 510 0 147 -49 -98
612 510 0 150 -50 -100
618 515 0 -150 50 100
618 515 0 -147 49 98
618 515 0 -144 48 96
618 515 0 -141 47 94
618 515 0 -138 46 92
618 515 0 -135 45 90
618 515 0 -132 44 88
618 515 0 -129 43 86
618 515 0 -126 42 84
618 515 0 -123 41 82
618 515 0 -120 40 80
618 515 0 -117 39 78
618 515 0 -114 38 76
618 515 0 -111 37 74
618 515 0 -108 36 72
618 515 0 -105 35 70
618 515 0 -102 34 68
618 515 0 -99 33 66
618 515 0 -96 32 64
618 515 0 -93 31 62
618 515 0 -90 30 60
618 515 0 -87 29 58
618 515 0 -84 28 56
618 515 0 -81 27 54
618 515 0 -78 26 52
618 515 0 -75 25 50
618 515 0 -72 24 48
618 515 0 -69 23 46
618 515 0 -66 22 44
618 515 0 -63 21 42
618 515 0 -60 20 40
618 515 0 -57 19 38
618 515 0 -54 18 36
618 515 0 -51 17 34
618 515 0 -48 16 32
618 515 0 -45 15 30
618 515 0 -42 14 28
618 515 0 -39 13 26
618 515 0 -36 12 24
618 515 0 -33 11 22
618 515 0 -30 10 20
618 515 0 -27 9 18
618 515 0 -24 8 16
618 515 0 -21 7 14
618 515 0 -18 6 12
618 515 0 -15 5 10
618 515 0 -12 4 8
618 515 0 -9 3 6
618 515 0 -6 2 4
618 515 0 -3 1 2
618 515 0 3 -1 -2
618 515 0 6 -2 -4
618 515 0 9 -3 -6
618 515 0 12 -4 -8
618 515 0 15 -5 -10
618 515 0 18 -6 -12
618 515 0 21 -7 -14
618 515 0 24 -8 -16
618 515 0 27 -9 -18
618 515 0 30 -10 -20
618 515 0 33 -11 -22
618 515 0 36 -12 -24
618 515 0 39 -13 -26
618 515 0 42 -14 -28
618 515 0 45 -15 -30
618 515 0 48 -16 -32
618 515 0 51 -17 -34
618 515 0 54 -18 -36
618 515 0 57 -19 -38
618 515 0 60 -20 -40
618 515 0 63 -21 -42
618 515 0 66 -22 -44
618 515 0 69 -23 -46
618 515 0 72 -24 -48
618 515 0 75 -25 -50
618 515 0 78 -26 -52
618 515 0 81 -27 -54
618 515 0 84 -28 -56
618 515 0 87 -29 -58
618 515 0 90 -30 -60
618 515 0 93 -31 -62
618 515 0 96 -32 -64
618 515 0 99 -33 -66
618 515 0 102 -34 -68
618 515 0 105 -35 -70
618 515 0 108 -36 -72
618 515 0 111 -37 -74
618 515 0 114 -38 -76
618 515 0 117 -39 -78
618 515 0 120 -40 -80
618 515 0 123 -41 -82
618 515 0 126 -42 -84
618 515 0 129 -43 -86
618 515 0 132 -44 -88
618 515 0 135 -45 -90
618 515 0 138 -46 -92
618 515 0 141 -47 -94
618 515 0 144 -48 -96
618 515 0 147 -49 -98
618 515 0 150 -50 -100
624 520 0 -150 50 100
624 520 0 -147 49 98
624 520 0 -144 48 96
624 520 0 -141 47 94
624 520 0 -138 46 92
624 520 0 -135 45 90
624 520 0 -132 44 88
624 520 0 -129 43 86
624 520 0 -126 42 84
624 520 0 -123 41 82
624 520 0 -120 40 80
624 520 0 -117 39 78
624 520 0 -114 38 76
624 520 0 -111 37 74
624 520 0 -108 36 72
624 520 0 -105 35 70
624 520 0 -102 34 68
624 520 0 -99 33 66
624 520 0 -96 32 64
624 520 0 -93 31 62
624 520 0 -90 30 60
624 520 0 -87 29 58
624 520 0 -84 28 56
624 520 0 -81 27 54
624 520 0 -78 26 52
624 520 0 -75 25 50
624 520 0 -72 24 48
624 520 0 -69 23 46
624 520 0 -66 22 44
624 520 0 -63 21 42
624 520 0 -60 20 40
624 520 0 -57 19 38
624 520 0 -54 18 36
624 520 0 -51 17 34
624 520 0 -48 16 32
624 520 0 -45 15 30
624 520 0 -42 14 28
624 520 0 -39 13 26
624 520 0 -36 12 24
624 520 0 -33 11 22
624 520 0 -30 10 20
624 520 0 -27 9 18
624 520 0 -24 8 16
624 520 0 -21 7 14
624 520 0 -18 6 12
624 520 0 -15 5 10
624 520 0 -12 4 8
624 520 0 -9 3 6
624 520 0 -6 2 4
624 520 0 -3 1 2
624 520 0 3 -1 -2
624 520 0 6 -2 -4
624 520 0 9 -3 -6
624 520 0 12 -4 -8
624 520 0 15 -5 -10
624 520 0 18 -6 -12
624 520 0 21 -7 -14
624 520 0 24 -8 -16
624 520 0 27 -9 -18
624 520 0 30 -10 -20
624 520 0 33 -11 -22
624 520 0 36 -12 -24
624 520 0 39 -13 -26
624 520 0 42 -14 -28
624 520 0 45 -15 -30
624 520 0 48 -16 -32
624 520 0 51 -17 -34
624 520 0 54 -18 -36
624 520 0 57 -19 -38
624 520 0 60 -20 -40
624 520 0 63 -21 -42
624 520 0 66 -22 -44
624 520 0 69 -23 -46
624 520 0 72 -24 -48
624 520 0 75 -25 -50
624 520 0 78 -26 -52
624 520 0 81 -27 -54
624 520 0 84 -28 -56
624 520 0 87 -29 -58
624 520 0 90 -30 -60
624 520 0 93 -31 -62
624 520 0 96 -32 -64
624 520 0 99 -33 -66
624 520 0 102 -34 -68
624 520 0 105 -35 -70
624 520 0 108 -36 -72
624 520 0 111 -37 -74
624 520 0 114 -38 -76
624 520 0 117 -39 -78
624 520 0 120 -40 -80
624 520 0 123 -41 -82
624 520 0 126 -42 -84
624 520 0 129 -43 -86
624 520 0 132 -44 -88
624 520 0 135 -45 -90
624 520 0 138 -46 -92
624 520 0 141 -47 -94
624 520 0 144 -48 -96
624 520 0 147 -49 -98
624 520 0 150 -50 -100
630 525 0 -150 50 100
630 525 0 -147 49 98
630 525 0 -144 48 96
630 525 0 -141 47 94
630 525 0 -138 46 92
630 525 -105 -135 45 180
630 525 0 -135 45 90
630 525 105 -135 45 30
630 525 0 -132 44 88
630 525 0 -129 43 86
630 525 0 -126 42 84
630 525 0 -123 41 82
630 525 0 -120 40 80
630 525 0 -117 39 78
630 525 0 -114 38 76
630 525 0 -111 37 74
630 525 0 -108 36 72
630 525 0 -105 35 70
630 525 0 -102 34 68
630 525 -105 -99 33 132
630 525 0 -99 33 66
630 525 0 -96 32 64
630 525 0 -93 31 62
630 525 0 -90 30 60
630 525 0 -87 29 58
630 525 0 -84 28 56
630 525 0 -81 27 54
630 525 0 -78 26 52
630 525 0 -75 25 50
630 525 0 -72 24 48
630 525 0 -69 23 46
630 525 0 -66 22 44
630 525 -105 -63 21 84
630 525 0 -63 21 42
630 525 0 -60 20 40
630 525 0 -57 19 38
630 525 0 -54 18 36
630 525 0 -51 17 34
630 525 0 -48 16 32
630 525 0 -45 15 30
630 525 0 -42 14 28
630 525 0 -39 13 26
630 525 0 -36 12 24
630 525 0 -33 11 22
630 525 0 -30 10 20
630 525 -105 -27 9 36
630 525 0 -27 9 18
630 525 105 -27 9 6
630 525 0 -24 8 16
630 525 0 -21 7 14
630 525 0 -18 6 12
630 525 0 -15 5 10
630 525 0 -12 4 8
630 525 0 -9 3 6
630 525 0 -6 2 4
630 525 0 -3 1 2
630 525 0 3 -1 -2
630 525 0 6 -2 -4
630 525 -105 9 -3 -12
630 525 0 9 -3 -6
630 525 0 12 -4 -8
630 525 0 15 -5 -10
630 525 0 18 -6 -12
630 525 0 21 -7 -14
630 525 0 24 -8 -16
630 525 0 27 -9 -18
630 525 0 30 -10 -20
630 525 0 33 -11 -22
630 525 0 36 -12 -24
630 525 0 39 -13 -26
630 525 0 42 -14 -28
630 525 -105 45 -15 -60
630 525 0 45 -15 -30
630 525 0 48 -16 -32
630 525 0 51 -17 -34
630 525 0 54 -18 -36
630 525 0 57 -19 -38
630 525 0 60 -20 -40
630 525 0 63 -21 -42
630 525 0 66 -22 -44
630 525 0 69 -23 -46
630 525 0 72 -24 -48
630 525 0 75 -25 -50
630 525 0 78 -26 -52
630 525 -105 81 -27 -108
630 525 0 81 -27 -54
630 525 105 81 -27 -18
630 525 0 84 -28 -56
630 525 0 87 -29 -58
630 525 0 90 -30 -60
630 525 0 93 -31 -62
630 525 0 96 -32 -64
630 525 0 99 -33 -66
630 525 0 102 -34 -68
630 525 0 105 -35 -70
630 525 0 108 -36 -72
630 525 0 111 -37 -74
630 525 0 114 -38 -76
630 525 -105 117 -39 -156
630 525 0 117 -39 -78
630 525 0 120 -40 -80
630 525 0 123 -41 -82
630 525 0 126 -42 -84
630 525 0 129 -43 -86
630 525 0 132 -44 -88
630 525 0 135 -45 -90
630 525 0 138 -46 -92
630 525 0 141 -47 -94
630 525 0 144 -48 -96
630 525 0 147 -49 -98
630 525 0 150 -50 -100
636 530 0 -150 50 100
636 530 0 -147 49 98
636 530 0 -144 48 96
636 530 0 -141 47 94
636 530 0 -138 46 92
636 530 0 -135 45 90
636 530 0 -132 44 88
636 530 0 -129 43 86
636 530 0 -126 42 84
636 530 0 -123 41 82
636 530 0 -120 40 80
636 530 0 -117 39 78
636 530 0 -114 38 76
636 530 0 -111 37 74
636 530 0 -108 36 72
636 530 0 -105 35 70
636 530 0 -102 34 68
636 530 0 -99 33 66
636 530 0 -96 32 64
636 530 0 -93 31 62
636 530 0 -90 30 60
636 530 0 -87 29 58
636 530 0 -84 28 56
636 530 0 -81 27 54
636 530 0 -78 26 52
636 530 0 -75 25 50
636 530 0 -72 24 48
636 530 0 -69 23 46
636 530 0 -66 22 44
636 530 0 -63 21 42
636 530 0 -60 20 40
636 530 0 -57 19 38
636 530 0 -54 18 36
636 530 0 -51 17 34
636 530 0 -48 16 32
636 530 0 -45 15 30
636 530 0 -42 14 28
636 530 0 -39 13 26
636 530 0 -36 12 24
636 530 0 -33 11 22
636 530 0 -30 10 20
636 530 0 -27 9 18
636 530 0 -24 8 16
636 530 0 -21 7 14
636 530 0 -18 6 12
636 530 0 -15 5 10
636 530 0 -12 4 8
636 530 0 -9 3 6
636 530 0 -6 2 4
636 530 0 -3 1 2
636 530 0 3 -1 -2
636 530 0 6 -2 -4
636 530 0 9 -3 -6
636 530 0 12 -4 -8
636 530 0 15 -5 -10
636 530 0 18 -6 -12
636 530 0 21 -7 -14
636 530 0 24 -8 -16
636 530 0 27 -9 -18
636 530 0 30 -10 -20
636 530 0 33 -11 -22
636 530 0 36 -12 -24
636 530 0 39 -13 -26
636 530 0 42 -14 -28
636 530 0 45 -15 -30
636 530 0 48 -16 -32
636 530 0 51 -17 -34
636 530 0 54 -18 -36
636 530 0 57 -19 -38
636 530 0 60 -20 -40
636 530 0 63 -21 -42
636 530 0 66 -22 -44
636 530 0 69 -23 -46
636 530 0 72 -24 -48
636 530 0 75 -25 -50
636 530 0 78 -26 -52
636 530 0 81 -27 -54
636 530 0 84 -28 -56
636 530 0 87 -29 -58
636 530 0 90 -30 -60
636 530 0 93 -31 -62
636 530 0 96 -32 -64
636 530 0 99 -33 -66
636 530 0 102 -34 -68
636 530 0 105 -35 -70
636 530 0 108 -36 -72
636 530 0 111 -37 -74
636 530 0 114 -38 -76
636 530 0 117 -39 -78
636 530 0 120 -40 -80
636 530 0 123 -41 -82
636 530 0 126 -42 -84
636 530 0 129 -43 -86
636 530 0 132 -44 -88
636 530 0 135 -45 -90
636 530 0 138 -46 -92
636 530 0 141 -47 -94
636 530 0 144 -48 -96
636 530 0 147 -49 -98
636 530 0 150 -50 -100
642 535 0 -150 50 100
642 535 0 -147 49 98
642 535 0 -144 48 96
642 535 0 -141 47 94
642 535 0 -138 46 92
642 535 0 -135 45 90
642 535 0 -132 44 88
642 535 0 -129 43 86
642 535 0 -126 42 84
642 535 0 -123 41 82
642 535 0 -120 40 80
642 535 0 -117 39 78
642 535 0 -114 38 76
642 535 0 -111 37 74
642 535 0 -108 36 72
642 535 0 -105 35 70
642 535 0 -102 34 68
642 535 0 -99 33 66
642 535 0 -96 32 64
642 535 0 -93 31 62
642 535 0 -90 30 60
642 535 0 -87 29 58
642 535 0 -84 28 56
642 535 0 -81 27 54
642 535 0 -78 26 52
642 535 0 -75 25 50
642 535 0 -72 24 48
642 535 0 -69 23 46
642 535 0 -66 22 44
642 535 0 -63 21 42
642 535 0 -60 20 40
642 535 0 -57 19 38
642 535 0 -54 18 36
642 535 0 -51 17 34
642 535 0 -48 16 32
642 535 0 -45 15 30
642 535 0 -42 14 28
642 535 0 -39 13 26
642 535 0 -36 12 24
642 535 0 -33 11 22
642 535 0 -30 10 20
642 535 0 -27 9 18
642 535 0 -24 8 16
642 535 0 -21 7 14
642 535 0 -18 6 12
642 535 0 -15 5 10
642 535 0 -12 4 8
642 535 0 -9 3 6
642 535 0 -6 2 4
642 535 0 -3 1 2
642 535 0 3 -1 -2
642 535 0 6 -2 -4
642 535 0 9 -3 -6
642 535 0 12 -4 -8
642 535 0 15 -5 -10
642 535 0 18 -6 -12
642 535 0 21 -7 -14
642 535 0 24 -8 -16
642 535 0 27 -9 -18
642 535 0 30 -10 -20
642 535 0 33 -11 -22
642 535 0 36 -12 -24
642 535 0 39 -13 -26
642 535 0 42 -14 -28
642 535 0 45 -15 -30
642 535 0 48 -16 -32
642 535 0 51 -17 -34
642 535 0 54 -18 -36
642 535 0 57 -19 -38
642 535 0 60 -20 -40
642 535 0 63 -21 -42
642 535 0 66 -22 -44
642 535 0 69 -23 -46
642 535 0 72 -24 -48
642 535 0 75 -25 -50
642 535 0 78 -26 -52
642 535 0 81 -27 -54
642 535 0 84 -28 -56
642 535 0 87 -29 -58
642 535 0 90 -30 -60
642 535 0 93 -31 -62
642 535 0 96 -32 -64
642 535 0 99 -33 -66
642 535 0 102 -34 -68
642 535 0 105 -35 -70
642 535 0 108 -36 -72
642 535 0 111 -37 -74
642 535 0 114 -38 -76
642 535 0 117 -39 -78
642 535 0 120 -40 -80
642 535 0 123 -41 -82
642 535 0 126 -42 -84
642 535 0 129 -43 -86
642 535 0 132 -44 -88
642 535 0 135 -45 -90
642 535 0 138 -46 -92
642 535 0 141 -47 -94
642 535 0 144 -48 -96
642 535 0 147 -49 -98
642 535 0 150 -50 -100
648 540 0 -150 50 100
648 540 0 -147 49 98
648 540 -108 -144 48 192
648 540 0 -144 48 96
648 540 0 -141 47 94
648 540 0 -138 46 92
648 540 0 -135 45 90
648 540 0 -132 44 88
648 540 0 -129 43 86
648 540 0 -126 42 84
648 540 0 -123 41 82
648 540 0 -120 40 80
648 540 0 -117 39 78
648 540 0 -114 38 76
648 540 0 -111 37 74
648 540 -108 -108 36 144
648 540 0 -108 36 72
648 540 108 -108 36 24
648 540 0 -105 35 70
648 540 0 -102 34 68
648 540 0 -99 33 66
648 540 0 -96 32 64
648 540 0 -93 31 62
648 540 0 -90 30 60
648 540 0 -87 29 58
648 540 0 -84 28 56
648 540 0 -81 27 54
648 540 0 -78 26 52
648 540 0 -75 25 50
648 540 -108 -72 24 96
648 540 0 -72 24 48
648 540 0 -69 23 46
648 540 0 -66 22 44
648 540 0 -63 21 42
648 540 0 -60 20 40
648 540 0 -57 19 38
648 540 0 -54 18 36
648 540 0 -51 17 34
648 540 0 -48 16 32
648 540 0 -45 15 30
648 540 0 -42 14 28
648 540 0 -39 13 26
648 540 -108 -36 12 48
648 540 0 -36 12 24
648 540 0 -33 11 22
648 540 0 -30 10 20
648 540 0 -27 9 18
648 540 0 -24 8 16
648 540 0 -21 7 14
648 540 0 -18 6 12
648 540 0 -15 5 10
648 540 0 -12 4 8
648 540 0 -9 3 6
648 540 0 -6 2 4
648 540 0 -3 1 2
648 540 0 3 -1 -2
648 540 0 6 -2 -4
648 540 0 9 -3 -6
648 540 0 12 -4 -8
648 540 0 15 -5 -10
648 540 0 18 -6 -12
648 540 0 21 -7 -14
648 540 0 24 -8 -16
648 540 0 27 -9 -18
648 540 0 30 -10 -20
648 540 0 33 -11 -22
648 540 -108 36 -12 -48
648 540 0 36 -12 -24
648 540 0 39 -13 -26
648 540 0 42 -14 -28
648 540 0 45 -15 -30
648 540 0 48 -16 -32
648 540 0 51 -17 -34
648 540 0 54 -18 -36
648 540 0 57 -19 -38
648 540 0 60 -20 -40
648 540 0 63 -21 -42
648 540 0 66 -22 -44
648 540 0 69 -23 -46
648 540 -108 72 -24 -96
648 540 0 72 -24 -48
648 540 0 75 -25 -50
648 540 0 78 -26 -52
648 540 0 81 -27 -54
648 540 0 84 -28 -56
648 540 0 87 -29 -58
648 540 0 90 -30 -60
648 540 0 93 -31 -62
648 540 0 96 -32 -64
648 540 0 99 -33 -66
648 540 0 102 -34 -68
648 540 0 105 -35 -70
648 540 -108 108 -36 -144
648 540 0 108 -36 -72
648 540 108 108 -36 -24
648 540 0 111 -37 -74
648 540 0 114 -38 -76
648 540 0 117 -39 -78
648 540 0 120 -40 -80
648 540 0 123 -41 -82
648 540 0 126 -42 -84
648 540 0 129 -43 -86
648 540 0 132 -44 -88
648 540 0 135 -45 -90
648 540 0 138 -46 -92
648 540 0 141 -47 -94
648 540 -108 144 -48 -192
648 540 0 144 -48 -96
648 540 0 147 -49 -98
648 540 0 150 -50 -100
654 545 0 -150 50 100
654 545 0 -147 49 98
654 545 0 -144 48 96
654 545 0 -141 47 94
654 545 0 -138 46 92
654 545 0 -135 45 90
654 545 0 -132 44 88
654 545 0 -129 43 86
654 545 0 -126 42 84
654 545 0 -123 41 82
654 545 0 -120 40 80
654 545 0 -117 39 78
654 545 0 -114 38 76
654 545 0 -111 37 74
654 545 0 -108 36 72
654 545 0 -105 35 70
654 545 0 -102 34 68
654 545 0 -99 33 66
654 545 0 -96 32 64
654 545 0 -93 31 62
654 545 0 -90 30 60
654 545 0 -87 29 58
654 545 0 -84 28 56
654 545 0 -81 27 54
654 545 0 -78 26 52
654 545 0 -75 25 50
654 545 0 -72 24 48
654 545 0 -69 23 46
654 545 0 -66 22 44
654 545 0 -63 21 42
654 545 0 -60 20 40
654 545 0 -57 19 38
654 545 0 -54 18 36
654 545 0 -51 17 34
654 545 0 -48 16 32
654 545 0 -45 15 30
654 545 0 -42 14 28
654 545 0 -39 13 26
654 545 0 -36 12 24
654 545 0 -33 11 22
654 545 0 -30 10 20
654 545 0 -27 9 18
654 545 0 -24 8 16
654 545 0 -21 7 14
654 545 0 -18 6 12
654 545 0 -15 5 10
654 545 0 -12 4 8
654 545 0 -9 3 6
654 545 0 -6 2 4
654 545 0 -3 1 2
654 545 0 3 -1 -2
654 545 0 6 -2 -4
654 545 0 9 -3 -6
654 545 0 12 -4 -8
654 545 0 15 -5 -10
654 545 0 18 -6 -12
654 545 0 21 -7 -14
654 545 0 24 -8 -16
654 545 0 27 -9 -18
654 545 0 30 -10 -20
654 545 0 33 -11 -22
654 545 0 36 -12 -24
654 545 0 39 -13 -26
654 545 0 42 -14 -28
654 545 0 45 -15 -30
654 545 0 48 -16 -32
654 545 0 51 -17 -34
654 545 0 54 -18 -36
654 545 0 57 -19 -38
654 545 0 60 -20 -40
654 545 0 63 -21 -42
654 545 0 66 -22 -44
654 545 0 69 -23 -46
654 545 0 72 -24 -48
654 545 0 75 -25 -50
654 545 0 78 -26 -52
654 545 0 81 -27 -54
654 545 0 84 -28 -56
654 545 0 87 -29 -58
654 545 0 90 -30 -60
654 545 0 93 -31 -62
654 545 0 96 -32 -64
654 545 0 99 -33 -66
654 545 0 102 -34 -68
654 545 0 105 -35 -70
654 545 0 108 -36 -72
654 545 0 111 -37 -74
654 545 0 114 -38 -76
654 545 0 117 -39 -78
654 545 0 120 -40 -80
654 545 0 123 -41 -82
654 545 0 126 -42 -84
654 545 0 129 -43 -86
654 545 0 132 -44 -88
654 545 0 135 -45 -90
654 545 0 138 -46 -92
654 545 0 141 -47 -94
654 545 0 144 -48 -96
654 545 0 147 -49 -98
654 545 0 150 -50 -100
660 550 0 -150 50 100
660 550 0 -147 49 98
660 550 0 -144 48 96
660 550 0 -141 47 94
660 550 0 -138 46 92
660 550 0 -135 45 90
660 550 0 -132 44 88
660 550 0 -129 43 86
660 550 0 -126 42 84
660 550 0 -123 41 82
660 550 0 -120 40 80
660 550 0 -117 39 78
660 550 0 -114 38 76
660 550 0 -111 37 74
660 550 0 -108 36 72
660 550 0 -105 35 70
660 550 0 -102 34 68
660 550 0 -99 33 66
660 550 0 -96 32 64
660 550 0 -93 31 62
660 550 0 -90 30 60
660 550 0 -87 29 58
660 550 0 -84 28 56
660 550 0 -81 27 54
660 550 0 -78 26 52
660 550 0 -75 25 50
660 550 0 -72 24 48
660 550 0 -69 23 46
660 550 0 -66 22 44
660 550 0 -63 21 42
660 550 0 -60 20 40
660 550 0 -57 19 38
660 550 0 -54 18 36
660 550 0 -51 17 34
660 550 0 -48 16 32
660 550 0 -45 15 30
660 550 0 -42 14 28
660 550 0 -39 13 26
660 550 0 -36 12 24
660 550 0 -33 11 22
660 550 0 -30 10 20
660 550 0 -27 9 18
660 550 0 -24 8 16
660 550 0 -21 7 14
660 550 0 -18 6 12
660 550 0 -15 5 10
660 550 0 -12 4 8
660 550 0 -9 3 6
660 550 0 -6 2 4
660 550 0 -3 1 2
660 550 0 3 -1 -2
660 550 0 6 -2 -4
660 550 0 9 -3 -6
660 550 0 12 -4 -8
660 550 0 15 -5 -10
660 550 0 18 -6 -12
660 550 0 21 -7 -14
660 550 0 24 -8 -16
660 550 0 27 -9 -18
660 550 0 30 -10 -20
660 550 0 33 -11 -22
660 550 0 36 -12 -24
660 550 0 39 -13 -26
660 550 0 42 -14 -28
660 550 0 45 -15 -30
660 550 0 48 -16 -32
660 550 0 51 -17 -34
660 550 0 54 -18 -36
660 550 0 57 -19 -38
660 550 0 60 -20 -40
660 550 0 63 -21 -42
660 550 0 66 -22 -44
660 550 0 69 -23 -46
660 550 0 72 -24 -48
660 550 0 75 -25 -50
660 550 0 78 -26 -52
660 550 0 81 -27 -54
660 550 0 84 -28 -56
660 550 0 87 -29 -58
660 550 0 90 -30 -60
660 550 0 93 -31 -62
660 550 0 96 -32 -64
660 550 0 99 -33 -66
660 550 0 102 -34 -68
660 550 0 105 -35 -70
660 550 0 108 -36 -72
660 550 0 111 -37 -74
660 550 0 114 -38 -76
660 550 0 117 -39 -78
660 550 0 120 -40 -80
660 550 0 123 -41 -82
660 550 0 126 -42 -84
660 550 0 129 -43 -86
660 550 0 132 -44 -88
660 550 0 135 -45 -90
660 550 0 138 -46 -92
660 550 0 141 -47 -94
660 550 0 144 -48 -96
660 550 0 147 -49 -98
660 550 0 150 -50 -100
666 555 0 -150 50 100
666 555 0 -147 49 98
666 555 0 -144 48 96
666 555 0 -141 47 94
666 555 0 -138 46 92
666 555 -111 -135 45 180
666 555 0 -135 45 90
666 555 111 -135 45 30
666 555 0 -132 44 88
666 555 0 -129 43 86
666 555 0 -126 42 84
666 555 0 -123 41 82
666 555 0 -120 40 80
666 555 0 -117 39 78
666 555 0 -114 38 76
666 555 0 -111 37 74
666 555 0 -108 36 72
666 555 0 -105 35 70
666 555 0 -102 34 68
666 555 -111 -99 33 132
666 555 0 -99 33 66
666 555 0 -96 32 64
666 555 0 -93 31 62
666 555 0 -90 30 60
666 555 0 -87 29 58
666 555 0 -84 28 56
666 555 0 -81 27 54
666 555 0 -78 26 52
666 555 0 -75 25 50
666 555 0 -72 24 48
666 555 0 -69 23 46
666 555 0 -66 22 44
666 555 -111 -63 21 84
666 555 0 -63 21 42
666 555 0 -60 20 40
666 555 0 -57 19 38
666 555 0 -54 18 36
666 555 0 -51 17 34
666 555 0 -48 16 32
666 555 0 -45 15 30
666 555 0 -42 14 28
666 555 0 -39 13 26
666 555 0 -36 12 24
666 555 0 -33 11 22
666 555 0 -30 10 20
666 555 -111 -27 9 36
666 555 0 -27 9 18
666 555 111 -27 9 6
666 555 0 -24 8 16
666 555 0 -21 7 14
666 555 0 -18 6 12
666 555 0 -15 5 10
666 555 0 -12 4 8
666 555 0 -9 3 6
666 555 0 -6 2 4
666 555 0 -3 1 2
666 555 0 3 -1 -2
666 555 0 6 -2 -4
666 555 -111 9 -3 -12
666 555 0 9 -3 -6
666 555 0 12 -4 -8
666 555 0 15 -5 -10
666 555 0 18 -6 -12
666 555 0 21 -7 -14
666 555 0 24 -8 -16
666 555 0 27 -9 -18
666 555 0 30 -10 -20
666 555 0 33 -11 -22
666 555 0 36 -12 -24
666 555 0 39 -13 -26
666 555 0 42 -14 -28
666 555 -111 45 -15 -60
666 555 0 45 -15 -30
666 555 0 48 -16 -32
666 555 0 51 -17 -34
666 555 0 54 -18 -36
666 555 0 57 -19 -38
666 555 0 60 -20 -40
666 555 0 63 -21 -42
666 555 0 66 -22 -44
666 555 0 69 -23 -46
666 555 0 72 -24 -48
666 555 0 75 -25 -50
666 555 0 78 -26 -52
666 555 -111 81 -27 -108
666 555 0 81 -27 -54
666 555 111 81 -27 -18
666 555 0 84 -28 -56
666 555 0 87 -29 -58
666 555 0 90 -30 -60
666 555 0 93 -31 -62
666 555 0 96 -32 -64
666 555 0 99 -33 -66
666 555 0 102 -34 -68
666 555 0 105 -35 -70
666 555 0 108 -36 -72
666 555 0 111 -37 -74
666 555 0 114 -38 -76
666 555 -111 117 -39 -156
666 555 0 117 -39 -78
666 555 0 120 -40 -80
666 555 0 123 -41 -82
666 555 0 126 -42 -84
666 555 0 129 -43 -86
666 555 0 132 -44 -88
666 555 0 135 -45 -90
666 555 0 138 -46 -92
666 555 0 141 -47 -94
666 555 0 144 -48 -96
666 555 0 147 -49 -98
666 555 0 150 -50 -100
672 560 0 -150 50 100
672 560 0 -147 49 98
672 560 0 -144 48 96
672 560 0 -141 47 94
672 560 0 -138 46 92
672 560 0 -135 45 90
672 560 0 -132 44 88
672 560 0 -129 43 86
672 560 0 -126 42 84
672 560 0 -123 41 82
672 560 0 -120 40 80
672 560 0 -117 39 78
672 560 0 -114 38 76
672 560 0 -111 37 74
672 560 0 -108 36 72
672 560 0 -105 35 70
672 560 0 -102 34 68
672 560 0 -99 33 66
672 560 0 -96 32 64
672 560 0 -93 31 62
672 560 0 -90 30 60
672 560 0 -87 29 58
672 560 0 -84 28 56
672 560 0 -81 27 54
672 560 0 -78 26 52
672 560 0 -75 25 50
672 560 0 -72 24 48
672 560 0 -69 23 46
672 560 0 -66 22 44
672 560 0 -63 21 42
672 560 0 -60 20 40
672 560 0 -57 19 38
672 560 0 -54 18 36
672 560 0 -51 17 34
672 560 0 -48 16 32
672 560 0 -45 15 30
672 560 0 -42 14 28
672 560 0 -39 13 26
672 560 0 -36 12 24
672 560 0 -33 11 22
672 560 0 -30 10 20
672 560 0 -27 9 18
672 560 0 -24 8 16
672 560 0 -21 7 14
672 560 0 -18 6 12
672 560 0 -15 5 10
672 560 0 -12 4 8
672 560 0 -9 3 6
672 560 0 -6 2 4
672 560 0 -3 1 2
672 560 0 3 -1 -2
672 560 0 6 -2 -4
672 560 0 9 -3 -6
672 560 0 12 -4 -8
672 560 0 15 -5 -10
672 560 0 18 -6 -12
672 560 0 21 -7 -14
672 560 0 24 -8 -16
672 560 0 27 -9 -18
672 560 0 30 -10 -20
672 560 0 33 -11 -22
672 560 0 36 -12 -24
672 560 0 39 -13 -26
672 560 0 42 -14 -28
672 560 0 45 -15 -30
672 560 0 48 -16 -32
672 560 0 51 -17 -34
672 560 0 54 -18 -36
672 560 0 57 -19 -38
672 560 0 60 -20 -40
672 560 0 63 -21 -42
672 560 0 66 -22 -44
672 560 0 69 -23 -46
672 560 0 72 -24 -48
672 560 0 75 -25 -50
672 560 0 78 -26 -52
672 560 0 81 -27 -54
672 560 0 84 -28 -56
672 560 0 87 -29 -58
672 560 0 90 -30 -60
672 560 0 93 -31 -62
672 560 0 96 -32 -64
672 560 0 99 -33 -66
672 560 0 102 -34 -68
672 560 0 105 -35 -70
672 560 0 108 -36 -72
672 560 0 111 -37 -74
672 560 0 114 -38 -76
672 560 0 117 -39 -78
672 560 0 120 -40 -80
672 560 0 123 -41 -82
672 560 0 126 -42 -84
672 560 0 129 -43 -86
672 560 0 132 -44 -88
672 560 0 135 -45 -90
672 560 0 138 -46 -92
672 560 0 141 -47 -94
672 560 0 144 -48 -96
672 560 0 147 -49 -98
672 560 0 150 -50 -100
678 565 0 -150 50 100
678 565 0 -147 49 98
678 565 0 -144 48 96
678 565 0 -141 47 94
678 565 0 -138 46 92
678 565 0 -135 45 90
678 565 0 -132 44 88
678 565 0 -129 43 86
678 565 0 -126 42 84
678 565 0 -123 41 82
678 565 0 -120 40 80
678 565 0 -117 39 78
678 565 0 -114 38 76
678 565 0 -111 37 74
678 565 0 -108 36 72
678 565 0 -105 35 70
678 565 0 -102 34 68
678 565 0 -99 33 66
678 565 0 -96 32 64
678 565 0 -93 31 62
678 565 0 -90 30 60
678 565 0 -87 29 58
678 565 0 -84 28 56
678 565 0 -81 27 54
678 565 0 -78 26 52
678 565 0 -75 25 50
678 565 0 -72 24 48
678 565 0 -69 23 46
678 565 0 -66 22 44
678 565 0 -63 21 42
678 565 0 -60 20 40
678 565 0 -57 19 38
678 565 0 -54 18 36
678 565 0 -51 17 34
678 565 0 -48 16 32
678 565 0 -45 15 30
678 565 0 -42 14 28
678 565 0 -39 13 26
678 565 0 -36 12 24
678 565 0 -33 11 22
678 565 0 -30 10 20
678 565 0 -27 9 18
678 565 0 -24 8 16
678 565 0 -21 7 14
678 565 0 -18 6 12
678 565 0 -15 5 10
678 565 0 -12 4 8
678 565 0 -9 3 6
678 565 0 -6 2 4
678 565 0 -3 1 2
678 565 0 3 -1 -2
678 565 0 6 -2 -4
678 565 0 9 -3 -6
678 565 0 12 -4 -8
678 565 0 15 -5 -10
678 565 0 18 -6 -12
678 565 0 21 -7 -14
678 565 0 24 -8 -16
678 565 0 27 -9 -18
678 565 0 30 -10 -20
678 565 0 33 -11 -22
678 565 0 36 -12 -24
678 565 0 39 -13 -26
678 565 0 42 -14 -28
678 565 0 45 -15 -30
678 565 0 48 -16 -32
678 565 0 51 -17 -34
678 565 0 54 -18 -36
678 565 0 57 -19 -38
678 565 0 60 -20 -40
678 565 0 63 -21 -42
678 565 0 66 -22 -44
678 565 0 69 -23 -46
678 565 0 72 -24 -48
678 565 0 75 -25 -50
678 565 0 78 -26 -52
678 565 0 81 -27 -54
678 565 0 84 -28 -56
678 565 0 87 -29 -58
678 565 0 90 -30 -60
678 565 0 93 -31 -62
678 565 0 96 -32 -64
678 565 0 99 -33 -66
678 565 0 102 -34 -68
678 565 0 105 -35 -70
678 565 0 108 -36 -72
678 565 0 111 -37 -74
678 565 0 114 -38 -76
678 565 0 117 -39 -78
678 565 0 120 -40 -80
678 565 0 123 -41 -82
678 565 0 126 -42 -84
678 565 0 129 -43 -86
678 565 0 132 -44 -88
678 565 0 135 -45 -90
678 565 0 138 -46 -92
678 565 0 141 -47 -94
678 565 0 144 -48 -96
678 565 0 147 -49 -98
678 565 0 150 -50 -100
684 570 0 -150 50 100
684 570 0 -147 49 98
684 570 -114 -144 48 192
684 570 0 -144 48 96
684 570 0 -141 47 94
684 570 0 -138 46 92
684 570 0 -135 45 90
684 570 0 -132 44 88
684 570 0 -129 43 86
684 570 0 -126 42 84
684 570 0 -123 41 82
684 570 0 -120 40 80
684 570 0 -117 39 78
684 570 0 -114 38 76
684 570 0 -111 37 74
684 570 -114 -108 36 144
684 570 0 -108 36 72
684 570 114 -108 36 24
684 570 0 -105 35 70
684 570 0 -102 34 68
684 570 0 -99 33 66
684 570 0 -96 32 64
684 570 0 -93 31 62
684 570 0 -90 30 60
684 570 0 -87 29 58
684 570 0 -84 28 56
684 570 0 -81 27 54
684 570 0 -78 26 52
684 570 0 -75 25 50
684 570 -114 -72 24 96
684 570 0 -72 24 48
684 570 0 -69 23 46
684 570 0 -66 22 44
684 570 0 -63 21 42
684 570 0 -60 20 40
684 570 0 -57 19 38
684 570 0 -54 18 36
684 570 0 -51 17 34
684 570 0 -48 16 32
684 570 0 -45 15 30
684 570 0 -42 14 28
684 570 0 -39 13 26
684 570 -114 -36 12 48
684 570 0 -36 12 24
684 570 0 -33 11 22
684 570 0 -30 10 20
684 570 0 -27 9 18
684 570 0 -24 8 16
684 570 0 -21 7 14
684 570 0 -18 6 12
684 570 0 -15 5 10
684 570 0 -12 4 8
684 570 0 -9 3 6
684 570 0 -6 2 4
684 570 0 -3 1 2
684 570 0 3 -1 -2
684 570 0 6 -2 -4
684 570 0 9 -3 -6
684 570 0 12 -4 -8
684 570 0 15 -5 -10
684 570 0 18 -6 -12
684 570 0 21 -7 -14
684 570 0 24 -8 -16
684 570 0 27 -9 -18
684 570 0 30 -10 -20
684 570 0 33 -11 -22
684 570 -114 36 -12 -48
684 570 0 36 -12 -24
684 570 0 39 -13 -26
684 570 0 42 -14 -28
684 570 0 45 -15 -30
684 570 0 48 -16 -32
684 570 0 51 -17 -34
684 570 0 54 -18 -36
684 570 0 57 -19 -38
684 570 0 60 -20 -40
684 570 0 63 -21 -42
684 570 0 66 -22 -44
684 570 0 69 -23 -46
684 570 -114 72 -24 -96
684 570 0 72 -24 -48
684 570 0 75 -25 -50
684 570 0 78 -26 -52
684 570 0 81 -27 -54
684 570 0 84 -28 -56
684 570 0 87 -29 -58
684 570 0 90 -30 -60
684 570 0 93 -31 -62
684 570 0 96 -32 -64
684 570 0 99 -33 -66
684 570 0 102 -34 -68
684 570 0 105 -35 -70
684 570 -114 108 -36 -144
684 570 0 108 -36 -72
684 570 114 108 -36 -24
684 570 0 111 -37 -74
684 570 0 114 -38 -76
684 570 0 117 -39 -78
684 570 0 120 -40 -80
684 570 0 123 -41 -82
684 570 0 126 -42 -84
684 570 0 129 -43 -86
684 570 0 132 -44 -88
684 570 0 135 -45 -90
684 570 0 138 -46 -92
684 570 0 141 -47 -94
684 570 -114 144 -48 -192
684 570 0 144 -48 -96
684 570 0 147 -49 -98
684 570 0 150 -50 -100
690 575 0 -150 50 100
690 575 0 -147 49 98
690 575 0 -144 48 96
690 575 0 -141 47 94
690 575 0 -138 46 92
690 575 0 -135 45 90
690 575 0 -132 44 88
690 575 0 -129 43 86
690 575 0 -126 42 84
690 575 0 -123 41 82
690 575 0 -120 40 80
690 575 0 -117 39 78
690 575 0 -114 38 76
690 575 0 -111 37 74
690 575 0 -108 36 72
690 575 0 -105 35 70
690 575 0 -102 34 68
690 575 0 -99 33 66
690 575 0 -96 32 64
690 575 0 -93 31 62
690 575 0 -90 30 60
690 575 0 -87 29 58
690 575 0 -84 28 56
690 575 0 -81 27 54
690 575 0 -78 26 52
690 575 0 -75 25 50
690 575 0 -72 24 48
690 575 0 -69 23 46
690 575 0 -66 22 44
690 575 0 -63 21 42
690 575 0 -60 20 40
690 575 0 -57 19 38
690 575 0 -54 18 36
690 575 0 -51 17 34
690 575 0 -48 16 32
690 575 0 -45 15 30
690 575 0 -42 14 28
690 575 0 -39 13 26
690 575 0 -36 12 24
690 575 0 -33 11 22
690 575 0 -30 10 20
690 575 0 -27 9 18
690 575 0 -24 8 16
690 575 0 -21 7 14
690 575 0 -18 6 12
690 575 0 -15 5 10
690 575 0 -12 4 8
690 575 0 -9 3 6
690 575 0 -6 2 4
690 575 0 -3 1 2
690 575 0 3 -1 -2
690 575 0 6 -2 -4
690 575 0 9 -3 -6
690 575 0 12 -4 -8
690 575 0 15 -5 -10
690 575 0 18 -6 -12
690 575 0 21 -7 -14
690 575 0 24 -8 -16
690 575 0 27 -9 -18
690 575 0 30 -10 -20
690 575 0 33 -11 -22
690 575 0 36 -12 -24
690 575 0 39 -13 -26
690 575 0 42 -14 -28
690 575 0 45 -15 -30
690 575 0 48 -16 -32
690 575 0 51 -17 -34
690 575 0 54 -18 -36
690 575 0 57 -19 -38
690 575 0 60 -20 -40
690 575 0 63 -21 -42
690 575 0 66 -22 -44
690 575 0 69 -23 -46
690 575 0 72 -24 -48
690 575 0 75 -25 -50
690 575 0 78 -26 -52
690 575 0 81 -27 -54
690 575 0 84 -28 -56
690 575 0 87 -29 -58
690 575 0 90 -30 -60
690 575 0 93 -31 -62
690 575 0 96 -32 -64
690 575 0 99 -33 -66
690 575 0 102 -34 -68
690 575 0 105 -35 -70
690 575 0 108 -36 -72
690 575 0 111 -37 -74
690 575 0 114 -38 -76
690 575 0 117 -39 -78
690 575 0 120 -40 -80
690 575 0 123 -41 -82
690 575 0 126 -42 -84
690 575 0 129 -43 -86
690 575 0 132 -44 -88
690 575 0 135 -45 -90
690 575 0 138 -46 -92
690 575 0 141 -47 -94
690 575 0 144 -48 -96
690 575 0 147 -49 -98
690 575 0 150 -50 -100
696 580 0 -150 50 100
696 580 0 -147 49 98
696 580 0 -144 48 96
696 580 0 -141 47 94
696 580 0 -138 46 92
696 580 0 -135 45 90
696 580 0 -132 44 88
696 580 0 -129 43 86
696 580 0 -126 42 84
696 580 0 -123 41 82
696 580 0 -120 40 80
696 580 0 -117 39 78
696 580 0 -114 38 76
696 580 0 -111 37 74
696 580 0 -108 36 72
696 580 0 -105 35 70
696 580 0 -102 34 68
696 580 0 -99 33 66
696 580 0 -96 32 64
696 580 0 -93 31 62
696 580 0 -90 30 60
696 580 0 -87 29 58
696 580 0 -84 28 56
696 580 0 -81 27 54
696 580 0 -78 26 52
696 580 0 -75 25 50
696 580 0 -72 24 48
696 580 0 -69 23 46
696 580 0 -66 22 44
696 580 0 -63 21 42
696 580 0 -60 20 40
696 580 0 -57 19 38
696 580 0 -54 18 36
696 580 0 -51 17 34
696 580 0 -48 16 32
696 580 0 -45 15 30
696 580 0 -42 14 28
696 580 0 -39 13 26
696 580 0 -36 12 24
696 580 0 -33 11 22
696 580 0 -30 10 20
696 580 0 -27 9 18
696 580 0 -24 8 16
696 580 0 -21 7 14
696 580 0 -18 6 12
696 580 0 -15 5 10
696 580 0 -12 4 8
696 580 0 -9 3 6
696 580 0 -6 2 4
696 580 0 -3 1 2
696 580 0 3 -1 -2
696 580 0 6 -2 -4
696 580 0 9 -3 -6
696 580 0 12 -4 -8
696 580 0 15 -5 -10
696 580 0 18 -6 -12
696 580 0 21 -7 -14
696 580 0 24 -8 -16
696 580 0 27 -9 -18
696 580 0 30 -10 -20
696 580 0 33 -11 -22
696 580 0 36 -12 -24
696 580 0 39 -13 -26
696 580 0 42 -14 -28
696 580 0 45 -15 -30
696 580 0 48 -16 -32
696 580 0 51 -17 -34
696 580 0 54 -18 -36
696 580 0 57 -19 -38
696 580 0 60 -20 -40
696 580 0 63 -21 -42
696 580 0 66 -22 -44
696 580 0 69 -23 -46
696 580 0 72 -24 -48
696 580 0 75 -25 -50
696 580 0 78 -26 -52
696 580 0 81 -27 -54
696 580 0 84 -28 -56
696 580 0 87 -29 -58
696 580 0 90 -30 -60
696 580 0 93 -31 -62
696 580 0 96 -32 -64
696 580 0 99 -33 -66
696 580 0 102 -34 -68
696 580 0 105 -35 -70
696 580 0 108 -36 -72
696 580 0 111 -37 -74
696 580 0 114 -38 -76
696 580 0 117 -39 -78
696 580 0 120 -40 -80
696 580 0 123 -41 -82
696 580 0 126 -42 -84
696 580 0 129 -43 -86
696 580 0 132 -44 -88
696 580 0 135 -45 -90
696 580 0 138 -46 -92
696 580 0 141 -47 -94
696 580 0 144 -48 -96
696 580 0 147 -49 -98
696 580 0 150 -50 -100
702 585 0 -150 50 100
702 585 0 -147 49 98
702 585 0 -144 48 96
702 585 0 -141 47 94
702 585 0 -138 46 92
702 585 -117 -135 45 180
702 585 0 -135 45 90
702 585 117 -135 45 30
702 585 0 -132 44 88
702 585 0 -129 43 86
702 585 0 -126 42 84
702 585 0 -123 41 82
702 585 0 -120 40 80
702 585 0 -117 39 78
702 585 0 -114 38 76
702 585 0 -111 37 74
702 585 0 -108 36 72
702 585 0 -105 35 70
702 585 0 -102 34 68
702 585 -117 -99 33 132
702 585 0 -99 33 66
702 585 0 -96 32 64
702 585 0 -93 31 62
702 585 0 -90 30 60
702 585 0 -87 29 58
702 585 0 -84 28 56
702 585 0 -81 27 54
702 585 0 -78 26 52
702 585 0 -75 25 50
702 585 0 -72 24 48
702 585 0 -69 23 46
702 585 0 -66 22 44
702 585 -117 -63 21 84
702 585 0 -63 21 42
702 585 0 -60 20 40
702 585 0 -57 19 38
702 585 0 -54 18 36
702 585 0 -51 17 34
702 585 0 -48 16 32
702 585 0 -45 15 30
702 585 0 -42 14 28
702 585 0 -39 13 26
702 585 0 -36 12 24
702 585 0 -33 11 22
702 585 0 -30 10 20
702 585 -117 -27 9 36
702 585 0 -27 9 18
702 585 117 -27 9 6
702 585 0 -24 8 16
702 585 0 -21 7 14
702 585 0 -18 6 12
702 585 0 -15 5 10
702 585 0 -12 4 8
702 585 0 -9 3 6
702 585 0 -6 2 4
702 585 0 -3 1 2
702 585 0 3 -1 -2
702 585 0 6 -2 -4
702 585 -117 9 -3 -12
702 585 0 9 -3 -6
702 585 0 12 -4 -8
702 585 0 15 -5 -10
702 585 0 18 -6 -12
702 585 0 21 -7 -14
702 585 0 24 -8 -16
702 585 0 27 -9 -18
702 585 0 30 -10 -20
702 585 0 33 -11 -22
702 585 0 36 -12 -24
702 585 0 39 -13 -26
702 585 0 42 -14 -28
702 585 -117 45 -15 -60
702 585 0 45 -15 -30
702 585 0 48 -16 -32
702 585 0 51 -17 -34
702 585 0 54 -18 -36
702 585 0 57 -19 -38
702 585 0 60 -20 -40
702 585 0 63 -21 -42
702 585 0 66 -22 -44
702 585 0 69 -23 -46
702 585 0 72 -24 -48
702 585 0 75 -25 -50
702 585 0 78 -26 -52
702 585 -117 81 -27 -108
702 585 0 81 -27 -54
702 585 117 81 -27 -18
702 585 0 84 -28 -56
702 585 0 87 -29 -58
702 585 0 90 -30 -60
702 585 0 93 -31 -62
702 585 0 96 -32 -64
702 585 0 99 -33 -66
702 585 0 102 -34 -68
702 585 0 105 -35 -70
702 585 0 108 -36 -72
702 585 0 111 -37 -74
702 585 0 114 -38 -76
702 585 -117 117 -39 -156
702 585 0 117 -39 -78
702 585 0 120 -40 -80
702 585 0 123 -41 -82
702 585 0 126 -42 -84
702 585 0 129 -43 -86
702 585 0 132 -44 -88
702 585 0 135 -45 -90
702 585 0 138 -46 -92
702 585 0 141 -47 -94
702 585 0 144 -48 -96
702 585 0 147 -49 -98
702 585 0 150 -50 -100
708 590 0 -150 50 100
708 590 0 -147 49 98
708 590 0 -144 48 96
708 590 0 -141 47 94
708 590 0 -138 46 92
708 590 0 -135 45 90
708 590 0 -132 44 88
708 590 0 -129 43 86
708 590 0 -126 42 84
708 590 0 -123 41 82
708 590 0 -120 40 80
708 590 0 -117 39 78
708 590 0 -114 38 76
708 590 0 -111 37 74
708 590 0 -108 36 72
708 590 0 -105 35 70
708 590 0 -102 34 68
708 590 0 -99 33 66
708 590 0 -96 32 64
708 590 0 -93 31 62
708 590 0 -90 30 60
708 590 0 -87 29 58
708 590 0 -84 28 56
708 590 0 -81 27 54
708 590 0 -78 26 52
708 590 0 -75 25 50
708 590 0 -72 24 48
708 590 0 -69 23 46
708 590 0 -66 22 44
708 590 0 -63 21 42
708 590 0 -60 20 40
708 590 0 -57 19 38
708 590 0 -54 18 36
708 590 0 -51 17 34
708 590 0 -48 16 32
708 590 0 -45 15 30
708 590 0 -42 14 28
708 590 0 -39 13 26
708 590 0 -36 12 24
708 590 0 -33 11 22
708 590 0 -30 10 20
708 590 0 -27 9 18
708 590 0 -24 8 16
708 590 0 -21 7 14
708 590 0 -18 6 12
708 590 0 -15 5 10
708 590 0 -12 4 8
708 590 0 -9 3 6
708 590 0 -6 2 4
708 590 0 -3 1 2
708 590 0 3 -1 -2
708 590 0 6 -2 -4
708 590 0 9 -3 -6
708 590 0 12 -4 -8
708 590 0 15 -5 -10
708 590 0 18 -6 -12
708 590 0 21 -7 -14
708 590 0 24 -8 -16
708 590 0 27 -9 -18
708 590 0 30 -10 -20
708 590 0 33 -11 -22
708 590 0 36 -12 -24
708 590 0 39 -13 -26
708 590 0 42 -14 -28
708 590 0 45 -15 -30
708 590 0 48 -16 -32
708 590 0 51 -17 -34
708 590 0 54 -18 -36
708 590 0 57 -19 -38
708 590 0 60 -20 -40
708 590 0 63 -21 -42
708 590 0 66 -22 -44
708 590 0 69 -23 -46
708 590 0 72 -24 -48
708 590 0 75 -25 -50
708 590 0 78 -26 -52
708 590 0 81 -27 -54
708 590 0 84 -28 -56
708 590 0 87 -29 -58
708 590 0 90 -30 -60
708 590 0 93 -31 -62
708 590 0 96 -32 -64
708 590 0 99 -33 -66
708 590 0 102 -34 -68
708 590 0 105 -35 -70
708 590 0 108 -36 -72
708 590 0 111 -37 -74
708 590 0 114 -38 -76
708 590 0 117 -39 -78
708 590 0 120 -40 -80
708 590 0 123 -41 -82
708 590 0 126 -42 -84
708 590 0 129 -43 -86
708 590 0 132 -44 -88
708 590 0 135 -45 -90
708 590 0 138 -46 -92
708 590 0 141 -47 -94
708 590 0 144 -48 -96
708 590 0 147 -49 -98
708 590 0 150 -50 -100
714 595 0 -150 50 100
714 595 0 -147 49 98
714 595 0 -144 48 96
714 595 0 -141 47 94
714 595 0 -138 46 92
714 595 0 -135 45 90
714 595 0 -132 44 88
714 595 0 -129 43 86
714 595 0 -126 42 84
714 595 0 -123 41 82
714 595 0 -120 40 80
714 595 0 -117 39 78
714 595 0 -114 38 76
714 595 0 -111 37 74
714 595 0 -108 36 72
714 595 0 -105 35 70
714 595 0 -102 34 68
714 595 0 -99 33 66
714 595 0 -96 32 64
714 595 0 -93 31 62
714 595 0 -90 30 60
714 595 0 -87 29 58
714 595 0 -84 28 56
714 595 0 -81 27 54
714 595 0 -78 26 52
714 595 0 -75 25 50
714 595 0 -72 24 48
714 595 0 -69 23 46
714 595 0 -66 22 44
714 595 0 -63 21 42
714 595 0 -60 20 40
714 595 0 -57 19 38
714 595 0 -54 18 36
714 595 0 -51 17 34
714 595 0 -48 16 32
714 595 0 -45 15 30
714 595 0 -42 14 28
714 595 0 -39 13 26
714 595 0 -36 12 24
714 595 0 -33 11 22
714 595 0 -30 10 20
714 595 0 -27 9 18
714 595 0 -24 8 16
714 595 0 -21 7 14
714 595 0 -18 6 12
714 595 0 -15 5 10
714 595 0 -12 4 8
714 595 0 -9 3 6
714 595 0 -6 2 4
714 595 0 -3 1 2
714 595 0 3 -1 -2
714 595 0 6 -2 -4
714 595 0 9 -3 -6
714 595 0 12 -4 -8
714 595 0 15 -5 -10
714 595 0 18 -6 -12
714 595 0 21 -7 -14
714 595 0 24 -8 -16
714 595 0 27 -9 -18
714 595 0 30 -10 -20
714 595 0 33 -11 -22
714 595 0 36 -12 -24
714 595 0 39 -13 -26
714 595 0 42 -14 -28
714 595 0 45 -15 -30
714 595 0 48 -16 -32
714 595 0 51 -17 -34
714 595 0 54 -18 -36
714 595 0 57 -19 -38
714 595 0 60 -20 -40
714 595 0 63 -21 -42
714 595 0 66 -22 -44
714 595 0 69 -23 -46
714 595 0 72 -24 -48
714 595 0 75 -25 -50
714 595 0 78 -26 -52
714 595 0 81 -27 -54
714 595 0 84 -28 -56
714 595 0 87 -29 -58
714 595 0 90 -30 -60
714 595 0 93 -31 -62
714 595 0 96 -32 -64
714 595 0 99 -33 -66
714 595 0 102 -34 -68
714 595 0 105 -35 -70
714 595 0 108 -36 -72
714 595 0 111 -37 -74
714 595 0 114 -38 -76
714 595 0 117 -39 -78
714 595 0 120 -40 -80
714 595 0 123 -41 -82
714 595 0 126 -42 -84
714 595 0 129 -43 -86
714 595 0 132 -44 -88
714 595 0 135 -45 -90
714 595 0 138 -46 -92
714 595 0 141 -47 -94
714 595 0 144 -48 -96
714 595 0 147 -49 -98
714 595 0 150 -50 -100
720 600 0 -150 50 100
720 600 0 -147 49 98
720 600 -120 -144 48 192
720 600 0 -144 48 96
720 600 0 -141 47 94
720 600 0 -138 46 92
720 600 0 -135 45 90
720 600 0 -132 44 88
720 600 0 -129 43 86
720 600 0 -126 42 84
720 600 0 -123 41 82
720 600 0 -120 40 80
720 600 0 -117 39 78
720 600 0 -114 38 76
720 600 0 -111 37 74
720 600 -120 -108 36 144
720 600 0 -108 36 72
720 600 120 -108 36 24
720 600 0 -105 35 70
720 600 0 -102 34 68
720 600 0 -99 33 66
720 600 0 -96 32 64
720 600 0 -93 31 62
720 600 0 -90 30 60
720 600 0 -87 29 58
720 600 0 -84 28 56
720 600 0 -81 27 54
720 600 0 -78 26 52
720 600 0 -75 25 50
720 600 -120 -72 24 96
720 600 0 -72 24 48
720 600 0 -69 23 46
720 600 0 -66 22 44
720 600 0 -63 21 42
720 600 0 -60 20 40
720 600 0 -57 19 38
720 600 0 -54 18 36
720 600 0 -51 17 34
720 600 0 -48 16 32
720 600 0 -45 15 30
720 600 0 -42 14 28
720 600 0 -39 13 26
720 600 -120 -36 12 48
720 600 0 -36 12 24
720 600 0 -33 11 22
720 600 0 -30 10 20
720 600 0 -27 9 18
720 600 0 -24 8 16
720 600 0 -21 7 14
720 600 0 -18 6 12
720 600 0 -15 5 10
720 600 0 -12 4 8
720 600 0 -9 3 6
720 600 0 -6 2 4
720 600 0 -3 1 2
720 600 0 3 -1 -2
720 600 0 6 -2 -4
720 600 0 9 -3 -6
720 600 0 12 -4 -8
720 600 0 15 -5 -10
720 600 0 18 -6 -12
720 600 0 21 -7 -14
720 600 0 24 -8 -16
720 600 0 27 -9 -18
720 600 0 30 -10 -20
720 600 0 33 -11 -22
720 600 -120 36 -12 -48
720 600 0 36 -12 -24
720 600 0 39 -13 -26
720 600 0 42 -14 -28
720 600 0 45 -15 -30
720 600 0 48 -16 -32
720 600 0 51 -17 -34
720 600 0 54 -18 -36
720 600 0 57 -19 -38
720 600 0 60 -20 -40
720 600 0 63 -21 -42
720 600 0 66 -22 -44
720 600 0 69 -23 -46
720 600 -120 72 -24 -96
720 600 0 72 -24 -48
720 600 0 75 -25 -50
720 600 0 78 -26 -52
720 600 0 81 -27 -54
720 600 0 84 -28 -56
720 600 0 87 -29 -58
720 600 0 90 -30 -60
720 600 0 93 -31 -62
720 600 0 96 -32 -64
720 600 0 99 -33 -66
720 600 0 102 -34 -68
720 600 0 105 -35 -70
720 600 -120 108 -36 -144
720 600 0 108 -36 -72
720 600 120 108 -36 -24
720 600 0 111 -37 -74
720 600 0 114 -38 -76
720 600 0 117 -39 -78
720 600 0 120 -40 -80
720 600 0 123 -41 -82
720 600 0 126 -42 -84
720 600 0 129 -43 -86
720 600 0 132 -44 -88
720 600 0 135 -45 -90
720 600 0 138 -46 -92
720 600 0 141 -47 -94
720 600 -120 144 -48 -192
720 600 0 144 -48 -96
720 600 0 147 -49 -98
720 600 0 150 -50 -100
726 605 0 -150 50 100
726 605 0 -147 49 98
726 605 0 -144 48 96
726 605 0 -141 47 94
726 605 0 -138 46 92
726 605 0 -135 45 90
726 605 0 -132 44 88
726 605 0 -129 43 86
726 605 0 -126 42 84
726 605 0 -123 41 82
726 605 0 -120 40 80
726 605 0 -117 39 78
726 605 0 -114 38 76
726 605 0 -111 37 74
726 605 0 -108 36 72
726 605 0 -105 35 70
726 605 0 -102 34 68
726 605 0 -99 33 66
726 605 0 -96 32 64
726 605 0 -93 31 62
726 605 0 -90 30 60
726 605 0 -87 29 58
726 605 0 -84 28 56
726 605 0 -81 27 54
726 605 0 -78 26 52
726 605 0 -75 25 50
726 605 0 -72 24 48
726 605 0 -69 23 46
726 605 0 -66 22 44
726 605 0 -63 21 42
726 605 0 -60 20 40
726 605 0 -57 19 38
726 605 0 -54 18 36
726 605 0 -51 17 34
726 605 0 -48 16 32
726 605 0 -45 15 30
726 605 0 -42 14 28
726 605 0 -39 13 26
726 605 0 -36 12 24
726 605 0 -33 11 22
726 605 0 -30 10 20
726 605 0 -27 9 18
726 605 0 -24 8 16
726 605 0 -21 7 14
726 605 0 -18 6 12
726 605 0 -15 5 10
726 605 0 -12 4 8
726 605 0 -9 3 6
726 605 0 -6 2 4
726 605 0 -3 1 2
726 605 0 3 -1 -2
726 605 0 6 -2 -4
726 605 0 9 -3 -6
726 605 0 12 -4 -8
726 605 0 15 -5 -10
726 605 0 18 -6 -12
726 605 0 21 -7 -14
726 605 0 24 -8 -16
726 605 0 27 -9 -18
726 605 0 30 -10 -20
726 605 0 33 -11 -22
726 605 0 36 -12 -24
726 605 0 39 -13 -26
726 605 0 42 -14 -28
726 605 0 45 -15 -30
726 605 0 48 -16 -32
726 605 0 51 -17 -34
726 605 0 54 -18 -36
726 605 0 57 -19 -38
726 605 0 60 -20 -40
726 605 0 63 -21 -42
726 605 0 66 -22 -44
726 605 0 69 -23 -46
726 605 0 72 -24 -48
726 605 0 75 -25 -50
726 605 0 78 -26 -52
726 605 0 81 -27 -54
726 605 0 84 -28 -56
726 605 0 87 -29 -58
726 605 0 90 -30 -60
726 605 0 93 -31 -62
726 605 0 96 -32 -64
726 605 0 99 -33 -66
726 605 0 102 -34 -68
726 605 0 105 -35 -70
726 605 0 108 -36 -72
726 605 0 111 -37 -74
726 605 0 114 -38 -76
726 605 0 117 -39 -78
726 605 0 120 -40 -80
726 605 0 123 -41 -82
726 605 0 126 -42 -84
726 605 0 129 -43 -86
726 605 0 132 -44 -88
726 605 0 135 -45 -90
726 605 0 138 -46 -92
726 605 0 141 -47 -94
726 605 0 144 -48 -96
726 605 0 147 -49 -98
726 605 0 150 -50 -100
732 610 0 -150 50 100
732 610 0 -147 49 98
732 610 0 -144 48 96
732 610 0 -141 47 94
732 610 0 -138 46 92
732 610 0 -135 45 90
732 610 0 -132 44 88
732 610 0 -129 43 86
732 610 0 -126 42 84
732 610 0 -123 41 82
732 610 0 -120 40 80
732 610 0 -117 39 78
732 610 0 -114 38 76
732 610 0 -111 37 74
732 610 0 -108 36 72
732 610 0 -105 35 70
732 610 0 -102 34 68
732 610 0 -99 33 66
732 610 0 -96 32 64
732 610 0 -93 31 62
732 610 0 -90 30 60
732 610 0 -87 29 58
732 610 0 -84 28 56
732 610 0 -81 27 54
732 610 0 -78 26 52
732 610 0 -75 25 50
732 610 0 -72 24 48
732 610 0 -69 23 46
732 610 0 -66 22 44
732 610 0 -63 21 42
732 610 0 -60 20 40
732 610 0 -57 19 38
732 610 0 -54 18 36
732 610 0 -51 17 34
732 610 0 -48 16 32
732 610 0 -45 15 30
732 610 0 -42 14 28
732 610 0 -39 13 26
732 610 0 -36 12 24
732 610 0 -33 11 22
732 610 0 -30 10 20
732 610 0 -27 9 18
732 610 0 -24 8 16
732 610 0 -21 7 14
732 610 0 -18 6 12
732 610 0 -15 5 10
732 610 0 -12 4 8
732 610 0 -9 3 6
732 610 0 -6 2 4
732 610 0 -3 1 2
732 610 0 3 -1 -2
732 610 0 6 -2 -4
732 610 0 9 -3 -6
732 610 0 12 -4 -8
732 610 0 15 -5 -10
732 610 0 18 -6 -12
732 610 0 21 -7 -14
732 610 0 24 -8 -16
732 610 0 27 -9 -18
732 610 0 30 -10 -20
732 610 0 33 -11 -22
732 610 0 36 -12 -24
732 610 0 39 -13 -26
732 610 0 42 -14 -28
732 610 0 45 -15 -30
732 610 0 48 -16 -32
732 610 0 51 -17 -34
732 610 0 54 -18 -36
732 610 0 57 -19 -38
732 610 0 60 -20 -40
732 610 0 63 -21 -42
732 610 0 66 -22 -44
732 610 0 69 -23 -46
732 610 0 72 -24 -48
732 610 0 75 -25 -50
732 610 0 78 -26 -52
732 610 0 81 -27 -54
732 610 0 84 -28 -56
732 610 0 87 -29 -58
732 610 0 90 -30 -60
732 610 0 93 -31 -62
732 610 0 96 -32 -64
732 610 0 99 -33 -66
732 610 0 102 -34 -68
732 610 0 105 -35 -70
732 610 0 108 -36 -72
732 610 0 111 -37 -74
732 610 0 114 -38 -76
732 610 0 117 -39 -78
732 610 0 120 -40 -80
732 610 0 123 -41 -82
732 610 0 126 -42 -84
732 610 0 129 -43 -86
732 610 0 132 -44 -88
732 610 0 135 -45 -90
732 610 0 138 -46 -92
732 610 0 141 -47 -94
732 610 0 144 -48 -96
732 610 0 147 -49 -98
732 610 0 150 -50 -100
738 615 0 -150 50 100
738 615 0 -147 49 98
738 615 0 -144 48 96
738 615 0 -141 47 94
738 615 0 -138 46 92
738 615 -123 -135 45 180
738 615 0 -135 45 90
738 615 123 -135 45 30
738 615 0 -132 44 88
738 615 0 -129 43 86
738 615 0 -126 42 84
738 615 0 -123 41 82
738 615 0 -120 40 80
738 615 0 -117 39 78
738 615 0 -114 38 76
738 615 0 -111 37 74
738 615 0 -108 36 72
738 615 0 -105 35 70
738 615 0 -102 34 68
738 615 -123 -99 33 132
738 615 0 -99 33 66
738 615 0 -96 32 64
738 615 0 -93 31 62
738 615 0 -90 30 60
738 615 0 -87 29 58
738 615 0 -84 28 56
738 615 0 -81 27 54
738 615 0 -78 26 52
738 615 0 -75 25 50
738 615 0 -72 24 48
738 615 0 -69 23 46
738 615 0 -66 22 44
738 615 -123 -63 21 84
738 615 0 -63 21 42
738 615 0 -60 20 40
738 615 0 -57 19 38
738 615 0 -54 18 36
738 615 0 -51 17 34
738 615 0 -48 16 32
738 615 0 -45 15 30
738 615 0 -42 14 28
738 615 0 -39 13 26
738 615 0 -36 12 24
738 615 0 -33 11 22
738 615 0 -30 10 20
738 615 -123 -27 9 36
738 615 0 -27 9 18
738 615 123 -27 9 6
738 615 0 -24 8 16
738 615 0 -21 7 14
738 615 0 -18 6 12
738 615 0 -15 5 10
738 615 0 -12 4 8
738 615 0 -9 3 6
738 615 0 -6 2 4
738 615 0 -3 1 2
738 615 0 3 -1 -2
738 615 0 6 -2 -4
738 615 -123 9 -3 -12
738 615 0 9 -3 -6
738 615 0 12 -4 -8
738 615 0 15 -5 -10
738 615 0 18 -6 -12
738 615 0 21 -7 -14
738 615 0 24 -8 -16
738 615 0 27 -9 -18
738 615 0 30 -10 -20
738 615 0 33 -11 -22
738 615 0 36 -12 -24
738 615 0 39 -13 -26
738 615 0 42 -14 -28
738 615 -123 45 -15 -60
738 615 0 45 -15 -30
738 615 0 48 -16 -32
738 615 0 51 -17 -34
738 615 0 54 -18 -36
738 615 0 57 -19 -38
738 615 0 60 -20 -40
738 615 0 63 -21 -42
738 615 0 66 -22 -44
738 615 0 69 -23 -46
738 615 0 72 -24 -48
738 615 0 75 -25 -50
738 615 0 78 -26 -52
738 615 -123 81 -27 -108
738 615 0 81 -27 -54
738 615 123 81 -27 -18
738 615 0 84 -28 -56
738 615 0 87 -29 -58
738 615 0 90 -30 -60
738 615 0 93 -31 -62
738 615 0 96 -32 -64
738 615 0 99 -33 -66
738 615 0 102 -34 -68
738 615 0 105 -35 -70
738 615 0 108 -36 -72
738 615 0 111 -37 -74
738 615 0 114 -38 -76
738 615 -123 117 -39 -156
738 615 0 117 -39 -78
738 615 0 120 -40 -80
738 615 0 123 -41 -82
738 615 0 126 -42 -84
738 615 0 129 -43 -86
738 615 0 132 -44 -88
738 615 0 135 -45 -90
738 615 0 138 -46 -92
738 615 0 141 -47 -94
738 615 0 144 -48 -96
738 615 0 147 -49 -98
738 615 0 150 -50 -100
744 620 0 -150 50 100
744 620 0 -147 49 98
744 620 0 -144 48 96
744 620 0 -141 47 94
744 620 0 -138 46 92
744 620 0 -135 45 90
744 620 0 -132 44 88
744 620 0 -129 43 86
744 620 0 -126 42 84
744 620 0 -123 41 82
744 620 0 -120 40 80
744 620 0 -117 39 78
744 620 0 -114 38 76
744 620 0 -111 37 74
744 620 0 -108 36 72
744 620 0 -105 35 70
744 620 0 -102 34 68
744 620 0 -99 33 66
744 620 0 -96 32 64
744 620 0 -93 31 62
744 620 0 -90 30 60
744 620 0 -87 29 58
744 620 0 -84 28 56
744 620 0 -81 27 54
744 620 0 -78 26 52
744 620 0 -75 25 50
744 620 0 -72 24 48
744 620 0 -69 23 46
744 620 0 -66 22 44
744 620 0 -63 21 42
744 620 0 -60 20 40
744 620 0 -57 19 38
744 620 0 -54 18 36
744 620 0 -51 17 34
744 620 0 -48 16 32
744 620 0 -45 15 30
744 620 0 -42 14 28
744 620 0 -39 13 26
744 620 0 -36 12 24
744 620 0 -33 11 22
744 620 0 -30 10 20
744 620 0 -27 9 18
744 620 0 -24 8 16
744 620 0 -21 7 14
744 620 0 -18 6 12
744 620 0 -15 5 10
744 620 0 -12 4 8
744 620 0 -9 3 6
744 620 0 -6 2 4
744 620 0 -3 1 2
744 620 0 3 -1 -2
744 620 0 6 -2 -4
744 620 0 9 -3 -6
744 620 0 12 -4 -8
744 620 0 15 -5 -10
744 620 0 18 -6 -12
744 620 0 21 -7 -14
744 620 0 24 -8 -16
744 620 0 27 -9 -18
744 620 0 30 -10 -20
744 620 0 33 -11 -22
744 620 0 36 -12 -24
744 620 0 39 -13 -26
744 620 0 42 -14 -28
744 620 0 45 -15 -30
744 620 0 48 -16 -32
744 620 0 51 -17 -34
744 620 0 54 -18 -36
744 620 0 57 -19 -38
744 620 0 60 -20 -40
744 620 0 63 -21 -42
744 620 0 66 -22 -44
744 620 0 69 -23 -46
744 620 0 72 -24 -48
744 620 0 75 -25 -50
744 620 0 78 -26 -52
744 620 0 81 -27 -54
744 620 0 84 -28 -56
744 620 0 87 -29 -58
744 620 0 90 -30 -60
744 620 0 93 -31 -62
744 620 0 96 -32 -64
744 620 0 99 -33 -66
744 620 0 102 -34 -68
744 620 0 105 -35 -70
744 620 0 108 -36 -72
744 620 0 111 -37 -74
744 620 0 114 -38 -76
744 620 0 117 -39 -78
744 620 0 120 -40 -80
744 620 0 123 -41 -82
744 620 0 126 -42 -84
744 620 0 129 -43 -86
744 620 0 132 -44 -88
744 620 0 135 -45 -90
744 620 0 138 -46 -92
744 620 0 141 -47 -94
744 620 0 144 -48 -96
744 620 0 147 -49 -98
744 620 0 150 -50 -100
750 625 0 -150 50 100
750 625 0 -147 49 98
750 625 0 -144 48 96
750 625 0 -141 47 94
750 625 0 -138 46 92
750 625 0 -135 45 90
750 625 0 -132 44 88
750 625 0 -129 43 86
750 625 0 -126 42 84
750 625 0 -123 41 82
750 625 0 -120 40 80
750 625 0 -117 39 78
750 625 0 -114 38 76
750 625 0 -111 37 74
750 625 0 -108 36 72
750 625 0 -105 35 70
750 625 0 -102 34 68
750 625 0 -99 33 66
750 625 0 -96 32 64
750 625 0 -93 31 62
750 625 0 -90 30 60
750 625 0 -87 29 58
750 625 0 -84 28 56
750 625 0 -81 27 54
750 625 0 -78 26 52
750 625 0 -75 25 50
750 625 0 -72 24 48
750 625 0 -69 23 46
750 625 0 -66 22 44
750 625 0 -63 21 42
750 625 0 -60 20 40
750 625 0 -57 19 38
750 625 0 -54 18 36
750 625 0 -51 17 34
750 625 0 -48 16 32
750 625 0 -45 15 30
750 625 0 -42 14 28
750 625 0 -39 13 26
750 625 0 -36 12 24
750 625 0 -33 11 22
750 625 0 -30 10 20
750 625 0 -27 9 18
750 625 0 -24 8 16
750 625 0 -21 7 14
750 625 0 -18 6 12
750 625 0 -15 5 10
750 625 0 -12 4 8
750 625 0 -9 3 6
750 625 0 -6 2 4
750 625 0 -3 1 2
750 625 0 3 -1 -2
750 625 0 6 -2 -4
750 625 0 9 -3 -6
750 625 0 12 -4 -8
750 625 0 15 -5 -10
750 625 0 18 -6 -12
750 625 0 21 -7 -14
750 625 0 24 -8 -16
750 625 0 27 -9 -18
750 625 0 30 -10 -20
750 625 0 33 -11 -22
750 625 0 36 -12 -24
750 625 0 39 -13 -26
750 625 0 42 -14 -28
750 625 0 45 -15 -30
750 625 0 48 -16 -32
750 625 0 51 -17 -34
750 625 0 54 -18 -36
750 625 0 57 -19 -38
750 625 0 60 -20 -40
750 625 0 63 -21 -42
750 625 0 66 -22 -44
750 625 0 69 -23 -46
750 625 0 72 -24 -48
750 625 0 75 -25 -50
750 625 0 78 -26 -52
750 625 0 81 -27 -54
750 625 0 84 -28 -56
750 625 0 87 -29 -58
750 625 0 90 -30 -60
750 625 0 93 -31 -62
750 625 0 96 -32 -64
750 625 0 99 -33 -66
750 625 0 102 -34 -68
750 625 0 105 -35 -70
750 625 0 108 -36 -72
750 625 0 111 -37 -74
750 625 0 114 -38 -76
750 625 0 117 -39 -78
750 625 0 120 -40 -80
750 625 0 123 -41 -82
750 625 0 126 -42 -84
750 625 0 129 -43 -86
750 625 0 132 -44 -88
750 625 0 135 -45 -90
750 625 0 138 -46 -92
750 625 0 141 -47 -94
750 625 0 144 -48 -96
750 625 0 147 -49 -98
750 625 0 150 -50 -100
756 630 0 -150 50 100
756 630 0 -147 49 98
756 630 -126 -144 48 192
756 630 0 -144 48 96
756 630 0 -141 47 94
756 630 0 -138 46 92
756 630 0 -135 45 90
756 630 0 -132 44 88
756 630 0 -129 43 86
756 630 0 -126 42 84
756 630 0 -123 41 82
756 630 0 -120 40 80
756 630 0 -117 39 78
756 630 0 -114 38 76
756 630 0 -111 37 74
756 630 -126 -108 36 144
756 630 0 -108 36 72
756 630 126 -108 36 24
756 630 0 -105 35 70
756 630 0 -102 34 68
756 630 0 -99 33 66
756 630 0 -96 32 64
756 630 0 -93 31 62
756 630 0 -90 30 60
756 630 0 -87 29 58
756 630 0 -84 28 56
756 630 0 -81 27 54
756 630 0 -78 26 52
756 630 0 -75 25 50
756 630 -126 -72 24 96
756 630 0 -72 24 48
756 630 0 -69 23 46
756 630 0 -66 22 44
756 630 0 -63 21 42
756 630 0 -60 20 40
756 630 0 -57 19 38
756 630 0 -54 18 36
756 630 0 -51 17 34
756 630 0 -48 16 32
756 630 0 -45 15 30
756 630 0 -42 14 28
756 630 0 -39 13 26
756 630 -126 -36 12 48
756 630 0 -36 12 24
756 630 0 -33 11 22
756 630 0 -30 10 20
756 630 0 -27 9 18
756 630 0 -24 8 16
756 630 0 -21 7 14
756 630 0 -18 6 12
756 630 0 -15 5 10
756 630 0 -12 4 8
756 630 0 -9 3 6
756 630 0 -6 2 4
756 630 0 -3 1 2
756 630 0 3 -1 -2
756 630 0 6 -2 -4
756 630 0 9 -3 -6
756 630 0 12 -4 -8
756 630 0 15 -5 -10
756 630 0 18 -6 -12
756 630 0 21 -7 -14
756 630 0 24 -8 -16
756 630 0 27 -9 -18
756 630 0 30 -10 -20
756 630 0 33 -11 -22
756 630 -126 36 -12 -48
756 630 0 36 -12 -24
756 630 0 39 -13 -26
756 630 0 42 -14 -28
756 630 0 45 -15 -30
756 630 0 48 -16 -32
756 630 0 51 -17 -34
756 630 0 54 -18 -36
756 630 0 57 -19 -38
756 630 0 60 -20 -40
756 630 0 63 -21 -42
756 630 0 66 -22 -44
756 630 0 69 -23 -46
756 630 -126 72 -24 -96
756 630 0 72 -24 -48
756 630 0 75 -25 -50
756 630 0 78 -26 -52
756 630 0 81 -27 -54
756 630 0 84 -28 -56
756 630 0 87 -29 -58
756 630 0 90 -30 -60
756 630 0 93 -31 -62
756 630 0 96 -32 -64
756 630 0 99 -33 -66
756 630 0 102 -34 -68
756 630 0 105 -35 -70
756 630 -126 108 -36 -144
756 630 0 108 -36 -72
756 630 126 108 -36 -24
756 630 0 111 -37 -74
756 630 0 114 -38 -76
756 630 0 117 -39 -78
756 630 0 120 -40 -80
756 630 0 123 -41 -82
756 630 0 126 -42 -84
756 630 0 129 -43 -86
756 630 0 132 -44 -88
756 630 0 135 -45 -90
756 630 0 138 -46 -92
756 630 0 141 -47 -94
756 630 -126 144 -48 -192
756 630 0 144 -48 -96
756 630 0 147 -49 -98
756 630 0 150 -50 -100
762 635 0 -150 50 100
762 635 0 -147 49 98
762 635 0 -144 48 96
762 635 0 -141 47 94
762 635 0 -138 46 92
762 635 0 -135 45 90
762 635 0 -132 44 88
762 635 0 -129 43 86
762 635 0 -126 42 84
762 635 0 -123 41 82
762 635 0 -120 40 80
762 635 0 -117 39 78
762 635 0 -114 38 76
762 635 0 -111 37 74
762 635 0 -108 36 72
762 635 0 -105 35 70
762 635 0 -102 34 68
762 635 0 -99 33 66
762 635 0 -96 32 64
762 635 0 -93 31 62
762 635 0 -90 30 60
762 635 0 -87 29 58
762 635 0 -84 28 56
762 635 0 -81 27 54
762 635 0 -78 26 52
762 635 0 -75 25 50
762 635 0 -72 24 48
762 635 0 -69 23 46
762 635 0 -66 22 44
762 635 0 -63 21 42
762 635 0 -60 20 40
762 635 0 -57 19 38
762 635 0 -54 18 36
762 635 0 -51 17 34
762 635 0 -48 16 32
762 635 0 -45 15 30
762 635 0 -42 14 28
762 635 0 -39 13 26
762 635 0 -36 12 24
762 635 0 -33 11 22
762 635 0 -30 10 20
762 635 0 -27 9 18
762 635 0 -24 8 16
762 635 0 -21 7 14
762 635 0 -18 6 12
762 635 0 -15 5 10
762 635 0 -12 4 8
762 635 0 -9 3 6
762 635 0 -6 2 4
762 635 0 -3 1 2
762 635 0 3 -1 -2
762 635 0 6 -2 -4
762 635 0 9 -3 -6
762 635 0 12 -4 -8
762 635 0 15 -5 -10
762 635 0 18 -6 -12
762 635 0 21 -7 -14
762 635 0 24 -8 -16
762 635 0 27 -9 -18
762 635 0 30 -10 -20
762 635 0 33 -11 -22
762 635 0 36 -12 -24
762 635 0 39 -13 -26
762 635 0 42 -14 -28
762 635 0 45 -15 -30
762 635 0 48 -16 -32
762 635 0 51 -17 -34
762 635 0 54 -18 -36
762 635 0 57 -19 -38
762 635 0 60 -20 -40
762 635 0 63 -21 -42
762 635 0 66 -22 -44
762 635 0 69 -23 -46
762 635 0 72 -24 -48
762 635 0 75 -25 -50
762 635 0 78 -26 -52
762 635 0 81 -27 -54
762 635 0 84 -28 -56
762 635 0 87 -29 -58
762 635 0 90 -30 -60
762 635 0 93 -31 -62
762 635 0 96 -32 -64
762 635 0 99 -33 -66
762 635 0 102 -34 -68
762 635 0 105 -35 -70
762 635 0 108 -36 -72
762 635 0 111 -37 -74
762 635 0 114 -38 -76
762 635 0 117 -39 -78
762 635 0 120 -40 -80
762 635 0 123 -41 -82
762 635 0 126 -42 -84
762 635 0 129 -43 -86
762 635 0 132 -44 -88
762 635 0 135 -45 -90
762 635 0 138 -46 -92
762 635 0 141 -47 -94
762 635 0 144 -48 -96
762 635 0 147 -49 -98
762 635 0 150 -50 -100
768 640 0 -150 50 100
768 640 0 -147 49 98
768 640 0 -144 48 96
768 640 0 -141 47 94
768 640 0 -138 46 92
768 640 0 -135 45 90
768 640 0 -132 44 88
768 640 0 -129 43 86
768 640 0 -126 42 84
768 640 0 -123 41 82
768 640 0 -120 40 80
768 640 0 -117 39 78
768 640 0 -114 38 76
768 640 0 -111 37 74
768 640 0 -108 36 72
768 640 0 -105 35 70
768 640 0 -102 34 68
768 640 0 -99 33 66
768 640 0 -96 32 64
768 640 0 -93 31 62
768 640 0 -90 30 60
768 640 0 -87 29 58
768 640 0 -84 28 56
768 640 0 -81 27 54
768 640 0 -78 26 52
768 640 0 -75 25 50
768 640 0 -72 24 48
768 640 0 -69 23 46
768 640 0 -66 22 44
768 640 0 -63 21 42
768 640 0 -60 20 40
768 640 0 -57 19 38
768 640 0 -54 18 36
768 640 0 -51 17 34
768 640 0 -48 16 32
768 640 0 -45 15 30
768 640 0 -42 14 28
768 640 0 -39 13 26
768 640 0 -36 12 24
768 640 0 -33 11 22
768 640 0 -30 10 20
768 640 0 -27 9 18
768 640 0 -24 8 16
768 640 0 -21 7 14
768 640 0 -18 6 12
768 640 0 -15 5 10
768 640 0 -12 4 8
768 640 0 -9 3 6
768 640 0 -6 2 4
768 640 0 -3 1 2
768 640 0 3 -1 -2
768 640 0 6 -2 -4
768 640 0 9 -3 -6
768 640 0 12 -4 -8
768 640 0 15 -5 -10
768 640 0 18 -6 -12
768 640 0 21 -7 -14
768 640 0 24 -8 -16
768 640 0 27 -9 -18
768 640 0 30 -10 -20
768 640 0 33 -11 -22
768 640 0 36 -12 -24
768 640 0 39 -13 -26
768 640 0 42 -14 -28
768 640 0 45 -15 -30
768 640 0 48 -16 -32
768 640 0 51 -17 -34
768 640 0 54 -18 -36
768 640 0 57 -19 -38
768 640 0 60 -20 -40
768 640 0 63 -21 -42
768 640 0 66 -22 -44
768 640 0 69 -23 -46
768 640 0 72 -24 -48
768 640 0 75 -25 -50
768 640 0 78 -26 -52
768 640 0 81 -27 -54
768 640 0 84 -28 -56
768 640 0 87 -29 -58
768 640 0 90 -30 -60
768 640 0 93 -31 -62
768 640 0 96 -32 -64
768 640 0 99 -33 -66
768 640 0 102 -34 -68
768 640 0 105 -35 -70
768 640 0 108 -36 -72
768 640 0 111 -37 -74
768 640 0 114 -38 -76
768 640 0 117 -39 -78
768 640 0 120 -40 -80
768 640 0 123 -41 -82
768 640 0 126 -42 -84
768 640 0 129 -43 -86
768 640 0 132 -44 -88
768 640 0 135 -45 -90
768 640 0 138 -46 -92
768 640 0 141 -47 -94
768 640 0 144 -48 -96
768 640 0 147 -49 -98
768 640 0 150 -50 -100
774 645 0 -150 50 100
774 645 0 -147 49 98
774 645 0 -144 48 96
774 645 0 -141 47 94
774 645 0 -138 46 92
774 645 -129 -135 45 180
774 645 0 -135 45 90
774 645 129 -135 45 30
774 645 0 -132 44 88
774 645 0 -129 43 86
774 645 0 -126 42 84
774 645 0 -123 41 82
774 645 0 -120 40 80
774 645 0 -117 39 78
774 645 0 -114 38 76
774 645 0 -111 37 74
774 645 0 -108 36 72
774 645 0 -105 35 70
774 645 0 -102 34 68
774 645 -129 -99 33 132
774 645 0 -99 33 66
774 645 0 -96 32 64
774 645 0 -93 31 62
774 645 0 -90 30 60
774 645 0 -87 29 58
774 645 0 -84 28 56
774 645 0 -81 27 54
774 645 0 -78 26 52
774 645 0 -75 25 50
774 645 0 -72 24 48
774 645 0 -69 23 46
774 645 0 -66 22 44
774 645 -129 -63 21 84
774 645 0 -63 21 42
774 645 0 -60 20 40
774 645 0 -57 19 38
774 645 0 -54 18 36
774 645 0 -51 17 34
774 645 0 -48 16 32
774 645 0 -45 15 30
774 645 0 -42 14 28
774 645 0 -39 13 26
774 645 0 -36 12 24
774 645 0 -33 11 22
774 645 0 -30 10 20
774 645 -129 -27 9 36
774 645 0 -27 9 18
774 645 129 -27 9 6
774 645 0 -24 8 16
774 645 0 -21 7 14
774 645 0 -18 6 12
774 645 0 -15 5 10
774 645 0 -12 4 8
774 645 0 -9 3 6
774 645 0 -6 2 4
774 645 0 -3 1 2
774 645 0 3 -1 -2
774 645 0 6 -2 -4
774 645 -129 9 -3 -12
774 645 0 9 -3 -6
774 645 0 12 -4 -8
774 645 0 15 -5 -10
774 645 0 18 -6 -12
774 645 0 21 -7 -14
774 645 0 24 -8 -16
774 645 0 27 -9 -18
774 645 0 30 -10 -20
774 645 0 33 -11 -22
774 645 0 36 -12 -24
774 645 0 39 -13 -26
774 645 0 42 -14 -28
774 645 -129 45 -15 -60
774 645 0 45 -15 -30
774 645 0 48 -16 -32
774 645 0 51 -17 -34
774 645 0 54 -18 -36
774 645 0 57 -19 -38
774 645 0 60 -20 -40
774 645 0 63 -21 -42
774 645 0 66 -22 -44
774 645 0 69 -23 -46
774 645 0 72 -24 -48
774 645 0 75 -25 -50
774 645 0 78 -26 -52
774 645 -129 81 -27 -108
774 645 0 81 -27 -54
774 645 129 81 -27 -18
774 645 0 84 -28 -56
774 645 0 87 -29 -58
774 645 0 90 -30 -60
774 645 0 93 -31 -62
774 645 0 96 -32 -64
774 645 0 99 -33 -66
774 645 0 102 -34 -68
774 645 0 105 -35 -70
774 645 0 108 -36 -72
774 645 0 111 -37 -74
774 645 0 114 -38 -76
774 645 -129 117 -39 -156
774 645 0 117 -39 -78
774 645 0 120 -40 -80
774 645 0 123 -41 -82
774 645 0 126 -42 -84
774 645 0 129 -43 -86
774 645 0 132 -44 -88
774 645 0 135 -45 -90
774 645 0 138 -46 -92
774 645 0 141 -47 -94
774 645 0 144 -48 -96
774 645 0 147 -49 -98
774 645 0 150 -50 -100
780 650 0 -150 50 100
780 650 0 -147 49 98
780 650 0 -144 48 96
780 650 0 -141 47 94
780 650 0 -138 46 92
780 650 0 -135 45 90
780 650 0 -132 44 88
780 650 0 -129 43 86
780 650 0 -126 42 84
780 650 0 -123 41 82
780 650 0 -120 40 80
780 650 0 -117 39 78
780 650 0 -114 38 76
780 650 0 -111 37 74
780 650 0 -108 36 72
780 650 0 -105 35 70
780 650 0 -102 34 68
780 650 0 -99 33 66
780 650 0 -96 32 64
780 650 0 -93 31 62
780 650 0 -90 30 60
780 650 0 -87 29 58
780 650 0 -84 28 56
780 650 0 -81 27 54
780 650 0 -78 26 52
780 650 0 -75 25 50
780 650 0 -72 24 48
780 650 0 -69 23 46
780 650 0 -66 22 44
780 650 0 -63 21 42
780 650 0 -60 20 40
780 650 0 -57 19 38
780 650 0 -54 18 36
780 650 0 -51 17 34
780 650 0 -48 16 32
780 650 0 -45 15 30
780 650 0 -42 14 28
780 650 0 -39 13 26
780 650 0 -36 12 24
780 650 0 -33 11 22
780 650 0 -30 10 20
780 650 0 -27 9 18
780 650 0 -24 8 16
780 650 0 -21 7 14
780 650 0 -18 6 12
780 650 0 -15 5 10
780 650 0 -12 4 8
780 650 0 -9 3 6
780 650 0 -6 2 4
780 650 0 -3 1 2
780 650 0 3 -1 -2
780 650 0 6 -2 -4
780 650 0 9 -3 -6
780 650 0 12 -4 -8
780 650 0 15 -5 -10
780 650 0 18 -6 -12
780 650 0 21 -7 -14
780 650 0 24 -8 -16
780 650 0 27 -9 -18
780 650 0 30 -10 -20
780 650 0 33 -11 -22
780 650 0 36 -12 -24
780 650 0 39 -13 -26
780 650 0 42 -14 -28
780 650 0 45 -15 -30
780 650 0 48 -16 -32
780 650 0 51 -17 -34
780 650 0 54 -18 -36
780 650 0 57 -19 -38
780 650 0 60 -20 -40
780 650 0 63 -21 -42
780 650 0 66 -22 -44
780 650 0 69 -23 -46
780 650 0 72 -24 -48
780 650 0 75 -25 -50
780 650 0 78 -26 -52
780 650 0 81 -27 -54
780 650 0 84 -28 -56
780 650 0 87 -29 -58
780 650 0 90 -30 -60
780 650 0 93 -31 -62
780 650 0 96 -32 -64
780 650 0 99 -33 -66
780 650 0 102 -34 -68
780 650 0 105 -35 -70
780 650 0 108 -36 -72
780 650 0 111 -37 -74
780 650 0 114 -38 -76
780 650 0 117 -39 -78
780 650 0 120 -40 -80
780 650 0 123 -41 -82
780 650 0 126 -42 -84
780 650 0 129 -43 -86
780 650 0 132 -44 -88
780 650 0 135 -45 -90
780 650 0 138 -46 -92
780 650 0 141 -47 -94
780 650 0 144 -48 -96
780 650 0 147 -49 -98
780 650 0 150 -50 -100
786 655 0 -150 50 100
786 655 0 -147 49 98
786 655 0 -144 48 96
786 655 0 -141 47 94
786 655 0 -138 46 92
786 655 0 -135 45 90
786 655 0 -132 44 88
786 655 0 -129 43 86
786 655 0 -126 42 84
786 655 0 -123 41 82
786 655 0 -120 40 80
786 655 0 -117 39 78
786 655 0 -114 38 76
786 655 0 -111 37 74
786 655 0 -108 36 72
786 655 0 -105 35 70
786 655 0 -102 34 68
786 655 0 -99 33 66
786 655 0 -96 32 64
786 655 0 -93 31 62
786 655 0 -90 30 60
786 655 0 -87 29 58
786 655 0 -84 28 56
786 655 0 -81 27 54
786 655 0 -78 26 52
786 655 0 -75 25 50
786 655 0 -72 24 48
786 655 0 -69 23 46
786 655 0 -66 22 44
786 655 0 -63 21 42
786 655 0 -60 20 40
786 655 0 -57 19 38
786 655 0 -54 18 36
786 655 0 -51 17 34
786 655 0 -48 16 32
786 655 0 -45 15 30
786 655 0 -42 14 28
786 655 0 -39 13 26
786 655 0 -36 12 24
786 655 0 -33 11 22
786 655 0 -30 10 20
786 655 0 -27 9 18
786 655 0 -24 8 16
786 655 0 -21 7 14
786 655 0 -18 6 12
786 655 0 -15 5 10
786 655 0 -12 4 8
786 655 0 -9 3 6
786 655 0 -6 2 4
786 655 0 -3 1 2
786 655 0 3 -1 -2
786 655 0 6 -2 -4
786 655 0 9 -3 -6
786 655 0 12 -4 -8
786 655 0 15 -5 -10
786 655 0 18 -6 -12
786 655 0 21 -7 -14
786 655 0 24 -8 -16
786 655 0 27 -9 -18
786 655 0 30 -10 -20
786 655 0 33 -11 -22
786 655 0 36 -12 -24
786 655 0 39 -13 -26
786 655 0 42 -14 -28
786 655 0 45 -15 -30
786 655 0 48 -16 -32
786 655 0 51 -17 -34
786 655 0 54 -18 -36
786 655 0 57 -19 -38
786 655 0 60 -20 -40
786 655 0 63 -21 -42
786 655 0 66 -22 -44
786 655 0 69 -23 -46
786 655 0 72 -24 -48
786 655 0 75 -25 -50
786 655 0 78 -26 -52
786 655 0 81 -27 -54
786 655 0 84 -28 -56
786 655 0 87 -29 -58
786 655 0 90 -30 -60
786 655 0 93 -31 -62
786 655 0 96 -32 -64
786 655 0 99 -33 -66
786 655 0 102 -34 -68
786 655 0 105 -35 -70
786 655 0 108 -36 -72
786 655 0 111 -37 -74
786 655 0 114 -38 -76
786 655 0 117 -39 -78
786 655 0 120 -40 -80
786 655 0 123 -41 -82
786 655 0 126 -42 -84
786 655 0 129 -43 -86
786 655 0 132 -44 -88
786 655 0 135 -45 -90
786 655 0 138 -46 -92
786 655 0 141 -47 -94
786 655 0 144 -48 -96
786 655 0 147 -49 -98
786 655 0 150 -50 -100
792 660 0 -150 50 100
792 660 0 -147 49 98
792 660 -132 -144 48 192
792 660 0 -144 48 96
792 660 0 -141 47 94
792 660 0 -138 46 92
792 660 0 -135 45 90
792 660 0 -132 44 88
792 660 0 -129 43 86
792 660 0 -126 42 84
792 660 0 -123 41 82
792 660 0 -120 40 80
792 660 0 -117 39 78
792 660 0 -114 38 76
792 660 0 -111 37 74
792 660 -132 -108 36 144
792 660 0 -108 36 72
792 660 132 -108 36 24
792 660 0 -105 35 70
792 660 0 -102 34 68
792 660 0 -99 33 66
792 660 0 -96 32 64
792 660 0 -93 31 62
792 660 0 -90 30 60
792 660 0 -87 29 58
792 660 0 -84 28 56
792 660 0 -81 27 54
792 660 0 -78 26 52
792 660 0 -75 25 50
792 660 -132 -72 24 96
792 660 0 -72 24 48
792 660 0 -69 23 46
792 660 0 -66 22 44
792 660 0 -63 21 42
792 660 0 -60 20 40
792 660 0 -57 19 38
792 660 0 -54 18 36
792 660 0 -51 17 34
792 660 0 -48 16 32
792 660 0 -45 15 30
792 660 0 -42 14 28
792 660 0 -39 13 26
792 660 -132 -36 12 48
792 660 0 -36 12 24
792 660 0 -33 11 22
792 660 0 -30 10 20
792 660 0 -27 9 18
792 660 0 -24 8 16
792 660 0 -21 7 14
792 660 0 -18 6 12
792 660 0 -15 5 10
792 660 0 -12 4 8
792 660 0 -9 3 6
792 660 0 -6 2 4
792 660 0 -3 1 2
792 660 0 3 -1 -2
792 660 0 6 -2 -4
792 660 0 9 -3 -6
792 660 0 12 -4 -8
792 660 0 15 -5 -10
792 660 0 18 -6 -12
792 660 0 21 -7 -14
792 660 0 24 -8 -16
792 660 0 27 -9 -18
792 660 0 30 -10 -20
792 660 0 33 -11 -22
792 660 -132 36 -12 -48
792 660 0 36 -12 -24
792 660 0 39 -13 -26
792 660 0 42 -14 -28
792 660 0 45 -15 -30
792 660 0 48 -16 -32
792 660 0 51 -17 -34
792 660 0 54 -18 -36
792 660 0 57 -19 -38
792 660 0 60 -20 -40
792 660 0 63 -21 -42
792 660 0 66 -22 -44
792 660 0 69 -23 -46
792 660 -132 72 -24 -96
792 660 0 72 -24 -48
792 660 0 75 -25 -50
792 660 0 78 -26 -52
792 660 0 81 -27 -54
792 660 0 84 -28 -56
792 660 0 87 -29 -58
792 660 0 90 -30 -60
792 660 0 93 -31 -62
792 660 0 96 -32 -64
792 660 0 99 -33 -66
792 660 0 102 -34 -68
792 660 0 105 -35 -70
792 660 -132 108 -36 -144
792 660 0 108 -36 -72
792 660 132 108 -36 -24
792 660 0 111 -37 -74
792 660 0 114 -38 -76
792 660 0 117 -39 -78
792 660 0 120 -40 -80
792 660 0 123 -41 -82
792 660 0 126 -42 -84
792 660 0 129 -43 -86
792 660 0 132 -44 -88
792 660 0 135 -45 -90
792 660 0 138 -46 -92
792 660 0 141 -47 -94
792 660 -132 144 -48 -192
792 660 0 144 -48 -96
792 660 0 147 -49 -98
792 660 0 150 -50 -100
798 665 0 -150 50 100
798 665 0 -147 49 98
798 665 0 -144 48 96
798 665 0 -141 47 94
798 665 0 -138 46 92
798 665 0 -135 45 90
798 665 0 -132 44 88
798 665 0 -129 43 86
798 665 0 -126 42 84
798 665 0 -123 41 82
798 665 0 -120 40 80
798 665 0 -117 39 78
798 665 0 -114 38 76
798 665 0 -111 37 74
798 665 0 -108 36 72
798 665 0 -105 35 70
798 665 0 -102 34 68
798 665 0 -99 33 66
798 665 0 -96 32 64
798 665 0 -93 31 62
798 665 0 -90 30 60
798 665 0 -87 29 58
798 665 0 -84 28 56
798 665 0 -81 27 54
798 665 0 -78 26 52
798 665 0 -75 25 50
798 665 0 -72 24 48
798 665 0 -69 23 46
798 665 0 -66 22 44
798 665 0 -63 21 42
798 665 0 -60 20 40
798 665 0 -57 19 38
798 665 0 -54 18 36
798 665 0 -51 17 34
798 665 0 -48 16 32
798 665 0 -45 15 30
798 665 0 -42 14 28
798 665 0 -39 13 26
798 665 0 -36 12 24
798 665 0 -33 11 22
798 665 0 -30 10 20
798 665 0 -27 9 18
798 665 0 -24 8 16
798 665 0 -21 7 14
798 665 0 -18 6 12
798 665 0 -15 5 10
798 665 0 -12 4 8
798 665 0 -9 3 6
798 665 0 -6 2 4
798 665 0 -3 1 2
798 665 0 3 -1 -2
798 665 0 6 -2 -4
798 665 0 9 -3 -6
798 665 0 12 -4 -8
798 665 0 15 -5 -10
798 665 0 18 -6 -12
798 665 0 21 -7 -14
798 665 0 24 -8 -16
798 665 0 27 -9 -18
798 665 0 30 -10 -20
798 665 0 33 -11 -22
798 665 0 36 -12 -24
798 665 0 39 -13 -26
798 665 0 42 -14 -28
798 665 0 45 -15 -30
798 665 0 48 -16 -32
798 665 0 51 -17 -34
798 665 0 54 -18 -36
798 665 0 57 -19 -38
798 665 0 60 -20 -40
798 665 0 63 -21 -42
798 665 0 66 -22 -44
798 665 0 69 -23 -46
798 665 0 72 -24 -48
798 665 0 75 -25 -50
798 665 0 78 -26 -52
798 665 0 81 -27 -54
798 665 0 84 -28 -56
798 665 0 87 -29 -58
798 665 0 90 -30 -60
798 665 0 93 -31 -62
798 665 0 96 -32 -64
798 665 0 99 -33 -66
798 665 0 102 -34 -68
798 665 0 105 -35 -70
798 665 0 108 -36 -72
798 665 0 111 -37 -74
798 665 0 114 -38 -76
798 665 0 117 -39 -78
798 665 0 120 -40 -80
798 665 0 123 -41 -82
798 665 0 126 -42 -84
798 665 0 129 -43 -86
798 665 0 132 -44 -88
798 665 0 135 -45 -90
798 665 0 138 -46 -92
798 665 0 141 -47 -94
798 665 0 144 -48 -96
798 665 0 147 -49 -98
798 665 0 150 -50 -100
804 670 0 -150 50 100
804 670 0 -147 49 98
804 670 0 -144 48 96
804 670 0 -141 47 94
804 670 0 -138 46 92
804 670 0 -135 45 90
804 670 0 -132 44 88
804 670 0 -129 43 86
804 670 0 -126 42 84
804 670 0 -123 41 82
804 670 0 -120 40 80
804 670 0 -117 39 78
804 670 0 -114 38 76
804 670 0 -111 37 74
804 670 0 -108 36 72
804 670 0 -105 35 70
804 670 0 -102 34 68
804 670 0 -99 33 66
804 670 0 -96 32 64
804 670 0 -93 31 62
804 670 0 -90 30 60
804 670 0 -87 29 58
804 670 0 -84 28 56
804 670 0 -81 27 54
804 670 0 -78 26 52
804 670 0 -75 25 50
804 670 0 -72 24 48
804 670 0 -69 23 46
804 670 0 -66 22 44
804 670 0 -63 21 42
804 670 0 -60 20 40
804 670 0 -57 19 38
804 670 0 -54 18 36
804 670 0 -51 17 34
804 670 0 -48 16 32
804 670 0 -45 15 30
804 670 0 -42 14 28
804 670 0 -39 13 26
804 670 0 -36 12 24
804 670 0 -33 11 22
804 670 0 -30 10 20
804 670 0 -27 9 18
804 670 0 -24 8 16
804 670 0 -21 7 14
804 670 0 -18 6 12
804 670 0 -15 5 10
804 670 0 -12 4 8
804 670 0 -9 3 6
804 670 0 -6 2 4
804 670 0 -3 1 2
804 670 0 3 -1 -2
804 670 0 6 -2 -4
804 670 0 9 -3 -6
804 670 0 12 -4 -8
804 670 0 15 -5 -10
804 670 0 18 -6 -12
804 670 0 21 -7 -14
804 670 0 24 -8 -16
804 670 0 27 -9 -18
804 670 0 30 -10 -20
804 670 0 33 -11 -22
804 670 0 36 -12 -24
804 670 0 39 -13 -26
804 670 0 42 -14 -28
804 670 0 45 -15 -30
804 670 0 48 -16 -32
804 670 0 51 -17 -34
804 670 0 54 -18 -36
804 670 0 57 -19 -38
804 670 0 60 -20 -40
804 670 0 63 -21 -42
804 670 0 66 -22 -44
804 670 0 69 -23 -46
804 670 0 72 -24 -48
804 670 0 75 -25 -50
804 670 0 78 -26 -52
804 670 0 81 -27 -54
804 670 0 84 -28 -56
804 670 0 87 -29 -58
804 670 0 90 -30 -60
804 670 0 93 -31 -62
804 670 0 96 -32 -64
804 670 0 99 -33 -66
804 670 0 102 -34 -68
804 670 0 105 -35 -70
804 670 0 108 -36 -72
804 670 0 111 -37 -74
804 670 0 114 -38 -76
804 670 0 117 -39 -78
804 670 0 120 -40 -80
804 670 0 123 -41 -82
804 670 0 126 -42 -84
804 670 0 129 -43 -86
804 670 0 132 -44 -88
804 670 0 135 -45 -90
804 670 0 138 -46 -92
804 670 0 141 -47 -94
804 670 0 144 -48 -96
804 670 0 147 -49 -98
804 670 0 150 -50 -100
810 675 0 -150 50 100
810 675 0 -147 49 98
810 675 0 -144 48 96
810 675 0 -141 47 94
810 675 0 -138 46 92
810 675 -135 -135 45 180
810 675 0 -135 45 90
810 675 135 -135 45 30
810 675 0 -132 44 88
810 675 0 -129 43 86
810 675 0 -126 42 84
810 675 0 -123 41 82
810 675 0 -120 40 80
810 675 0 -117 39 78
810 675 0 -114 38 76
810 675 0 -111 37 74
810 675 0 -108 36 72
810 675 0 -105 35 70
810 675 0 -102 34 68
810 675 -135 -99 33 132
810 675 0 -99 33 66
810 675 0 -96 32 64
810 675 0 -93 31 62
810 675 0 -90 30 60
810 675 0 -87 29 58
810 675 0 -84 28 56
810 675 0 -81 27 54
810 675 0 -78 26 52
810 675 0 -75 25 50
810 675 0 -72 24 48
810 675 0 -69 23 46
810 675 0 -66 22 44
810 675 -135 -63 21 84
810 675 0 -63 21 42
810 675 0 -60 20 40
810 675 0 -57 19 38
810 675 0 -54 18 36
810 675 0 -51 17 34
810 675 0 -48 16 32
810 675 0 -45 15 30
810 675 0 -42 14 28
810 675 0 -39 13 26
810 675 0 -36 12 24
810 675 0 -33 11 22
810 675 0 -30 10 20
810 675 -135 -27 9 36
810 675 0 -27 9 18
810 675 135 -27 9 6
810 675 0 -24 8 16
810 675 0 -21 7 14
810 675 0 -18 6 12
810 675 0 -15 5 10
810 675 0 -12 4 8
810 675 0 -9 3 6
810 675 0 -6 2 4
810 675 0 -3 1 2
810 675 0 3 -1 -2
810 675 0 6 -2 -4
810 675 -135 9 -3 -12
810 675 0 9 -3 -6
810 675 0 12 -4 -8
810 675 0 15 -5 -10
810 675 0 18 -6 -12
810 675 0 21 -7 -14
810 675 0 24 -8 -16
810 675 0 27 -9 -18
810 675 0 30 -10 -20
810 675 0 33 -11 -22
810 675 0 36 -12 -24
810 675 0 39 -13 -26
810 675 0 42 -14 -28
810 675 -135 45 -15 -60
810 675 0 45 -15 -30
810 675 0 48 -16 -32
810 675 0 51 -17 -34
810 675 0 54 -18 -36
810 675 0 57 -19 -38
810 675 0 60 -20 -40
810 675 0 63 -21 -42
810 675 0 66 -22 -44
810 675 0 69 -23 -46
810 675 0 72 -24 -48
810 675 0 75 -25 -50
810 675 0 78 -26 -52
810 675 -135 81 -27 -108
810 675 0 81 -27 -54
810 675 135 81 -27 -18
810 675 0 84 -28 -56
810 675 0 87 -29 -58
810 675 0 90 -30 -60
810 675 0 93 -31 -62
810 675 0 96 -32 -64
810 675 0 99 -33 -66
810 675 0 102 -34 -68
810 675 0 105 -35 -70
810 675 0 108 -36 -72
810 675 0 111 -37 -74
810 675 0 114 -38 -76
810 675 -135 117 -39 -156
810 675 0 117 -39 -78
810 675 0 120 -40 -80
810 675 0 123 -41 -82
810 675 0 126 -42 -84
810 675 0 129 -43 -86
810 675 0 132 -44 -88
810 675 0 135 -45 -90
810 675 0 138 -46 -92
810 675 0 141 -47 -94
810 675 0 144 -48 -96
810 675 0 147 -49 -98
810 675 0 150 -50 -100
816 680 0 -150 50 100
816 680 0 -147 49 98
816 680 0 -144 48 96
816 680 0 -141 47 94
816 680 0 -138 46 92
816 680 0 -135 45 90
816 680 0 -132 44 88
816 680 0 -129 43 86
816 680 0 -126 42 84
816 680 0 -123 41 82
816 680 0 -120 40 80
816 680 0 -117 39 78
816 680 0 -114 38 76
816 680 0 -111 37 74
816 680 0 -108 36 72
816 680 0 -105 35 70
816 680 0 -102 34 68
816 680 0 -99 33 66
816 680 0 -96 32 64
816 680 0 -93 31 62
816 680 0 -90 30 60
816 680 0 -87 29 58
816 680 0 -84 28 56
816 680 0 -81 27 54
816 680 0 -78 26 52
816 680 0 -75 25 50
816 680 0 -72 24 48
816 680 0 -69 23 46
816 680 0 -66 22 44
816 680 0 -63 21 42
816 680 0 -60 20 40
816 680 0 -57 19 38
816 680 0 -54 18 36
816 680 0 -51 17 34
816 680 0 -48 16 32
816 680 0 -45 15 30
816 680 0 -42 14 28
816 680 0 -39 13 26
816 680 0 -36 12 24
816 680 0 -33 11 22
816 680 0 -30 10 20
816 680 0 -27 9 18
816 680 0 -24 8 16
816 680 0 -21 7 14
816 680 0 -18 6 12
816 680 0 -15 5 10
816 680 0 -12 4 8
816 680 0 -9 3 6
816 680 0 -6 2 4
816 680 0 -3 1 2
816 680 0 3 -1 -2
816 680 0 6 -2 -4
816 680 0 9 -3 -6
816 680 0 12 -4 -8
816 680 0 15 -5 -10
816 680 0 18 -6 -12
816 680 0 21 -7 -14
816 680 0 24 -8 -16
816 680 0 27 -9 -18
816 680 0 30 -10 -20
816 680 0 33 -11 -22
816 680 0 36 -12 -24
816 680 0 39 -13 -26
816 680 0 42 -14 -28
816 680 0 45 -15 -30
816 680 0 48 -16 -32
816 680 0 51 -17 -34
816 680 0 54 -18 -36
816 680 0 57 -19 -38
816 680 0 60 -20 -40
816 680 0 63 -21 -42
816 680 0 66 -22 -44
816 680 0 69 -23 -46
816 680 0 72 -24 -48
816 680 0 75 -25 -50
816 680 0 78 -26 -52
816 680 0 81 -27 -54
816 680 0 84 -28 -56
816 680 0 87 -29 -58
816 680 0 90 -30 -60
816 680 0 93 -31 -62
816 680 0 96 -32 -64
816 680 0 99 -33 -66
816 680 0 102 -34 -68
816 680 0 105 -35 -70
816 680 0 108 -36 -72
816 680 0 111 -37 -74
816 680 0 114 -38 -76
816 680 0 117 -39 -78
816 680 0 120 -40 -80
816 680 0 123 -41 -82
816 680 0 126 -42 -84
816 680 0 129 -43 -86
816 680 0 132 -44 -88
816 680 0 135 -45 -90
816 680 0 138 -46 -92
816 680 0 141 -47 -94
816 680 0 144 -48 -96
816 680 0 147 -49 -98
816 680 0 150 -50 -100
822 685 0 -150 50 100
822 685 0 -147 49 98
822 685 0 -144 48 96
822 685 0 -141 47 94
822 685 0 -138 46 92
822 685 0 -135 45 90
822 685 0 -132 44 88
822 685 0 -129 43 86
822 685 0 -126 42 84
822 685 0 -123 41 82
822 685 0 -120 40 80
822 685 0 -117 39 78
822 685 0 -114 38 76
822 685 0 -111 37 74
822 685 0 -108 36 72
822 685 0 -105 35 70
822 685 0 -102 34 68
822 685 0 -99 33 66
822 685 0 -96 32 64
822 685 0 -93 31 62
822 685 0 -90 30 60
822 685 0 -87 29 58
822 685 0 -84 28 56
822 685 0 -81 27 54
822 685 0 -78 26 52
822 685 0 -75 25 50
822 685 0 -72 24 48
822 685 0 -69 23 46
822 685 0 -66 22 44
822 685 0 -63 21 42
822 685 0 -60 20 40
822 685 0 -57 19 38
822 685 0 -54 18 36
822 685 0 -51 17 34
822 685 0 -48 16 32
822 685 0 -45 15 30
822 685 0 -42 14 28
822 685 0 -39 13 26
822 685 0 -36 12 24
822 685 0 -33 11 22
822 685 0 -30 10 20
822 685 0 -27 9 18
822 685 0 -24 8 16
822 685 0 -21 7 14
822 685 0 -18 6 12
822 685 0 -15 5 10
822 685 0 -12 4 8
822 685 0 -9 3 6
822 685 0 -6 2 4
822 685 0 -3 1 2
822 685 0 3 -1 -2
822 685 0 6 -2 -4
822 685 0 9 -3 -6
822 685 0 12 -4 -8
822 685 0 15 -5 -10
822 685 0 18 -6 -12
822 685 0 21 -7 -14
822 685 0 24 -8 -16
822 685 0 27 -9 -18
822 685 0 30 -10 -20
822 685 0 33 -11 -22
822 685 0 36 -12 -24
822 685 0 39 -13 -26
822 685 0 42 -14 -28
822 685 0 45 -15 -30
822 685 0 48 -16 -32
822 685 0 51 -17 -34
822 685 0 54 -18 -36
822 685 0 57 -19 -38
822 685 0 60 -20 -40
822 685 0 63 -21 -42
822 685 0 66 -22 -44
822 685 0 69 -23 -46
822 685 0 72 -24 -48
822 685 0 75 -25 -50
822 685 0 78 -26 -52
822 685 0 81 -27 -54
822 685 0 84 -28 -56
822 685 0 87 -29 -58
822 685 0 90 -30 -60
822 685 0 93 -31 -62
822 685 0 96 -32 -64
822 685 0 99 -33 -66
822 685 0 102 -34 -68
822 685 0 105 -35 -70
822 685 0 108 -36 -72
822 685 0 111 -37 -74
822 685 0 114 -38 -76
822 685 0 117 -39 -78
822 685 0 120 -40 -80
822 685 0 123 -41 -82
822 685 0 126 -42 -84
822 685 0 129 -43 -86
822 685 0 132 -44 -88
822 685 0 135 -45 -90
822 685 0 138 -46 -92
822 685 0 141 -47 -94
822 685 0 144 -48 -96
822 685 0 147 -49 -98
822 685 0 150 -50 -100
828 690 0 -150 50 100
828 690 0 -147 49 98
828 690 -138 -144 48 192
828 690 0 -144 48 96
828 690 0 -141 47 94
828 690 0 -138 46 92
828 690 0 -135 45 90
828 690 0 -132 44 88
828 690 0 -129 43 86
828 690 0 -126 42 84
828 690 0 -123 41 82
828 690 0 -120 40 80
828 690 0 -117 39 78
828 690 0 -114 38 76
828 690 0 -111 37 74
828 690 -138 -108 36 144
828 690 0 -108 36 72
828 690 138 -108 36 24
828 690 0 -105 35 70
828 690 0 -102 34 68
828 690 0 -99 33 66
828 690 0 -96 32 64
828 690 0 -93 31 62
828 690 0 -90 30 60
828 690 0 -87 29 58
828 690 0 -84 28 56
828 690 0 -81 27 54
828 690 0 -78 26 52
828 690 0 -75 25 50
828 690 -138 -72 24 96
828 690 0 -72 24 48
828 690 0 -69 23 46
828 690 0 -66 22 44
828 690 0 -63 21 42
828 690 0 -60 20 40
828 690 0 -57 19 38
828 690 0 -54 18 36
828 690 0 -51 17 34
828 690 0 -48 16 32
828 690 0 -45 15 30
828 690 0 -42 14 28
828 690 0 -39 13 26
828 690 -138 -36 12 48
828 690 0 -36 12 24
828 690 0 -33 11 22
828 690 0 -30 10 20
828 690 0 -27 9 18
828 690 0 -24 8 16
828 690 0 -21 7 14
828 690 0 -18 6 12
828 690 0 -15 5 10
828 690 0 -12 4 8
828 690 0 -9 3 6
828 690 0 -6 2 4
828 690 0 -3 1 2
828 690 0 3 -1 -2
828 690 0 6 -2 -4
828 690 0 9 -3 -6
828 690 0 12 -4 -8
828 690 0 15 -5 -10
828 690 0 18 -6 -12
828 690 0 21 -7 -14
828 690 0 24 -8 -16
828 690 0 27 -9 -18
828 690 0 30 -10 -20
828 690 0 33 -11 -22
828 690 -138 36 -12 -48
828 690 0 36 -12 -24
828 690 0 39 -13 -26
828 690 0 42 -14 -28
828 690 0 45 -15 -30
828 690 0 48 -16 -32
828 690 0 51 -17 -34
828 690 0 54 -18 -36
828 690 0 57 -19 -38
828 690 0 60 -20 -40
828 690 0 63 -21 -42
828 690 0 66 -22 -44
828 690 0 69 -23 -46
828 690 -138 72 -24 -96
828 690 0 72 -24 -48
828 690 0 75 -25 -50
828 690 0 78 -26 -52
828 690 0 81 -27 -54
828 690 0 84 -28 -56
828 690 0 87 -29 -58
828 690 0 90 -30 -60
828 690 0 93 -31 -62
828 690 0 96 -32 -64
828 690 0 99 -33 -66
828 690 0 102 -34 -68
828 690 0 105 -35 -70
828 690 -138 108 -36 -144
828 690 0 108 -36 -72
828 690 138 108 -36 -24
828 690 0 111 -37 -74
828 690 0 114 -38 -76
828 690 0 117 -39 -78
828 690 0 120 -40 -80
828 690 0 123 -41 -82
828 690 0 126 -42 -84
828 690 0 129 -43 -86
828 690 0 132 -44 -88
828 690 0 135 -45 -90
828 690 0 138 -46 -92
828 690 0 141 -47 -94
828 690 -138 144 -48 -192
828 690 0 144 -48 -96
828 690 0 147 -49 -98
828 690 0 150 -50 -100
834 695 0 -150 50 100
834 695 0 -147 49 98
834 695 0 -144 48 96
834 695 0 -141 47 94
834 695 0 -138 46 92
834 695 0 -135 45 90
834 695 0 -132 44 88
834 695 0 -129 43 86
834 695 0 -126 42 84
834 695 0 -123 41 82
834 695 0 -120 40 80
834 695 0 -117 39 78
834 695 0 -114 38 76
834 695 0 -111 37 74
834 695 0 -108 36 72
834 695 0 -105 35 70
834 695 0 -102 34 68
834 695 0 -99 33 66
834 695 0 -96 32 64
834 695 0 -93 31 62
834 695 0 -90 30 60
834 695 0 -87 29 58
834 695 0 -84 28 56
834 695 0 -81 27 54
834 695 0 -78 26 52
834 695 0 -75 25 50
834 695 0 -72 24 48
834 695 0 -69 23 46
834 695 0 -66 22 44
834 695 0 -63 21 42
834 695 0 -60 20 40
834 695 0 -57 19 38
834 695 0 -54 18 36
834 695 0 -51 17 34
834 695 0 -48 16 32
834 695 0 -45 15 30
834 695 0 -42 14 28
834 695 0 -39 13 26
834 695 0 -36 12 24
834 695 0 -33 11 22
834 695 0 -30 10 20
834 695 0 -27 9 18
834 695 0 -24 8 16
834 695 0 -21 7 14
834 695 0 -18 6 12
834 695 0 -15 5 10
834 695 0 -12 4 8
834 695 0 -9 3 6
834 695 0 -6 2 4
834 695 0 -3 1 2
834 695 0 3 -1 -2
834 695 0 6 -2 -4
834 695 0 9 -3 -6
834 695 0 12 -4 -8
834 695 0 15 -5 -10
834 695 0 18 -6 -12
834 695 0 21 -7 -14
834 695 0 24 -8 -16
834 695 0 27 -9 -18
834 695 0 30 -10 -20
834 695 0 33 -11 -22
834 695 0 36 -12 -24
834 695 0 39 -13 -26
834 695 0 42 -14 -28
834 695 0 45 -15 -30
834 695 0 48 -16 -32
834 695 0 51 -17 -34
834 695 0 54 -18 -36
834 695 0 57 -19 -38
834 695 0 60 -20 -40
834 695 0 63 -21 -42
834 695 0 66 -22 -44
834 695 0 69 -23 -46
834 695 0 72 -24 -48
834 695 0 75 -25 -50
834 695 0 78 -26 -52
834 695 0 81 -27 -54
834 695 0 84 -28 -56
834 695 0 87 -29 -58
834 695 0 90 -30 -60
834 695 0 93 -31 -62
834 695 0 96 -32 -64
834 695 0 99 -33 -66
834 695 0 102 -34 -68
834 695 0 105 -35 -70
834 695 0 108 -36 -72
834 695 0 111 -37 -74
834 695 0 114 -38 -76
834 695 0 117 -39 -78
834 695 0 120 -40 -80
834 695 0 123 -41 -82
834 695 0 126 -42 -84
834 695 0 129 -43 -86
834 695 0 132 -44 -88
834 695 0 135 -45 -90
834 695 0 138 -46 -92
834 695 0 141 -47 -94
834 695 0 144 -48 -96
834 695 0 147 -49 -98
834 695 0 150 -50 -100
840 700 0 -150 50 100
840 700 0 -147 49 98
840 700 0 -144 48 96
840 700 0 -141 47 94
840 700 0 -138 46 92
840 700 0 -135 45 90
840 700 0 -132 44 88
840 700 0 -129 43 86
840 700 0 -126 42 84
840 700 0 -123 41 82
840 700 0 -120 40 80
840 700 0 -117 39 78
840 700 0 -114 38 76
840 700 0 -111 37 74
840 700 0 -108 36 72
840 700 0 -105 35 70
840 700 0 -102 34 68
840 700 0 -99 33 66
840 700 0 -96 32 64
840 700 0 -93 31 62
840 700 0 -90 30 60
840 700 0 -87 29 58
840 700 0 -84 28 56
840 700 0 -81 27 54
840 700 0 -78 26 52
840 700 0 -75 25 50
840 700 0 -72 24 48
840 700 0 -69 23 46
840 700 0 -66 22 44
840 700 0 -63 21 42
840 700 0 -60 20 40
840 700 0 -57 19 38
840 700 0 -54 18 36
840 700 0 -51 17 34
840 700 0 -48 16 32
840 700 0 -45 15 30
840 700 0 -42 14 28
840 700 0 -39 13 26
840 700 0 -36 12 24
840 700 0 -33 11 22
840 700 0 -30 10 20
840 700 0 -27 9 18
840 700 0 -24 8 16
840 700 0 -21 7 14
840 700 0 -18 6 12
840 700 0 -15 5 10
840 700 0 -12 4 8
840 700 0 -9 3 6
840 700 0 -6 2 4
840 700 0 -3 1 2
840 700 0 3 -1 -2
840 700 0 6 -2 -4
840 700 0 9 -3 -6
840 700 0 12 -4 -8
840 700 0 15 -5 -10
840 700 0 18 -6 -12
840 700 0 21 -7 -14
840 700 0 24 -8 -16
840 700 0 27 -9 -18
840 700 0 30 -10 -20
840 700 0 33 -11 -22
840 700 0 36 -12 -24
840 700 0 39 -13 -26
840 700 0 42 -14 -28
840 700 0 45 -15 -30
840 700 0 48 -16 -32
840 700 0 51 -17 -34
840 700 0 54 -18 -36
840 700 0 57 -19 -38
840 700 0 60 -20 -40
840 700 0 63 -21 -42
840 700 0 66 -22 -44
840 700 0 69 -23 -46
840 700 0 72 -24 -48
840 700 0 75 -25 -50
840 700 0 78 -26 -52
840 700 0 81 -27 -54
840 700 0 84 -28 -56
840 700 0 87 -29 -58
840 700 0 90 -30 -60
840 700 0 93 -31 -62
840 700 0 96 -32 -64
840 700 0 99 -33 -66
840 700 0 102 -34 -68
840 700 0 105 -35 -70
840 700 0 108 -36 -72
840 700 0 111 -37 -74
840 700 0 114 -38 -76
840 700 0 117 -39 -78
840 700 0 120 -40 -80
840 700 0 123 -41 -82
840 700 0 126 -42 -84
840 700 0 129 -43 -86
840 700 0 132 -44 -88
840 700 0 135 -45 -90
840 700 0 138 -46 -92
840 700 0 141 -47 -94
840 700 0 144 -48 -96
840 700 0 147 -49 -98
840 700 0 150 -50 -100
846 705 0 -150 50 100
846 705 0 -147 49 98
846 705 0 -144 48 96
846 705 0 -141 47 94
846 705 0 -138 46 92
846 705 -141 -135 45 180
846 705 0 -135 45 90
846 705 141 -135 45 30
846 705 0 -132 44 88
846 705 0 -129 43 86
846 705 0 -126 42 84
846 705 0 -123 41 82
846 705 0 -120 40 80
846 705 0 -117 39 78
846 705 0 -114 38 76
846 705 0 -111 37 74
846 705 0 -108 36 72
846 705 0 -105 35 70
846 705 0 -102 34 68
846 705 -141 -99 33 132
846 705 0 -99 33 66
846 705 0 -96 32 64
846 705 0 -93 31 62
846 705 0 -90 30 60
846 705 0 -87 29 58
846 705 0 -84 28 56
846 705 0 -81 27 54
846 705 0 -78 26 52
846 705 0 -75 25 50
846 705 0 -72 24 48
846 705 0 -69 23 46
846 705 0 -66 22 44
846 705 -141 -63 21 84
846 705 0 -63 21 42
846 705 0 -60 20 40
846 705 0 -57 19 38
846 705 0 -54 18 36
846 705 0 -51 17 34
846 705 0 -48 16 32
846 705 0 -45 15 30
846 705 0 -42 14 28
846 705 0 -39 13 26
846 705 0 -36 12 24
846 705 0 -33 11 22
846 705 0 -30 10 20
846 705 -141 -27 9 36
846 705 0 -27 9 18
846 705 141 -27 9 6
846 705 0 -24 8 16
846 705 0 -21 7 14
846 705 0 -18 6 12
846 705 0 -15 5 10
846 705 0 -12 4 8
846 705 0 -9 3 6
846 705 0 -6 2 4
846 705 0 -3 1 2
846 705 0 3 -1 -2
846 705 0 6 -2 -4
846 705 -141 9 -3 -12
846 705 0 9 -3 -6
846 705 0 12 -4 -8
846 705 0 15 -5 -10
846 705 0 18 -6 -12
846 705 0 21 -7 -14
846 705 0 24 -8 -16
846 705 0 27 -9 -18
846 705 0 30 -10 -20
846 705 0 33 -11 -22
846 705 0 36 -12 -24
846 705 0 39 -13 -26
846 705 0 42 -14 -28
846 705 -141 45 -15 -60
846 705 0 45 -15 -30
846 705 0 48 -16 -32
846 705 0 51 -17 -34
846 705 0 54 -18 -36
846 705 0 57 -19 -38
846 705 0 60 -20 -40
846 705 0 63 -21 -42
846 705 0 66 -22 -44
846 705 0 69 -23 -46
846 705 0 72 -24 -48
846 705 0 75 -25 -50
846 705 0 78 -26 -52
846 705 -141 81 -27 -108
846 705 0 81 -27 -54
846 705 141 81 -27 -18
846 705 0 84 -28 -56
846 705 0 87 -29 -58
846 705 0 90 -30 -60
846 705 0 93 -31 -62
846 705 0 96 -32 -64
846 705 0 99 -33 -66
846 705 0 102 -34 -68
846 705 0 105 -35 -70
846 705 0 108 -36 -72
846 705 0 111 -37 -74
846 705 0 114 -38 -76
846 705 -141 117 -39 -156
846 705 0 117 -39 -78
846 705 0 120 -40 -80
846 705 0 123 -41 -82
846 705 0 126 -42 -84
846 705 0 129 -43 -86
846 705 0 132 -44 -88
846 705 0 135 -45 -90
846 705 0 138 -46 -92
846 705 0 141 -47 -94
846 705 0 144 -48 -96
846 705 0 147 -49 -98
846 705 0 150 -50 -100
852 710 0 -150 50 100
852 710 0 -147 49 98
852 710 0 -144 48 96
852 710 0 -141 47 94
852 710 0 -138 46 92
852 710 0 -135 45 90
852 710 0 -132 44 88
852 710 0 -129 43 86
852 710 0 -126 42 84
852 710 0 -123 41 82
852 710 0 -120 40 80
852 710 0 -117 39 78
852 710 0 -114 38 76
852 710 0 -111 37 74
852 710 0 -108 36 72
852 710 0 -105 35 70
852 710 0 -102 34 68
852 710 0 -99 33 66
852 710 0 -96 32 64
852 710 0 -93 31 62
852 710 0 -90 30 60
852 710 0 -87 29 58
852 710 0 -84 28 56
852 710 0 -81 27 54
852 710 0 -78 26 52
852 710 0 -75 25 50
852 710 0 -72 24 48
852 710 0 -69 23 46
852 710 0 -66 22 44
852 710 0 -63 21 42
852 710 0 -60 20 40
852 710 0 -57 19 38
852 710 0 -54 18 36
852 710 0 -51 17 34
852 710 0 -48 16 32
852 710 0 -45 15 30
852 710 0 -42 14 28
852 710 0 -39 13 26
852 710 0 -36 12 24
852 710 0 -33 11 22
852 710 0 -30 10 20
852 710 0 -27 9 18
852 710 0 -24 8 16
852 710 0 -21 7 14
852 710 0 -18 6 12
852 710 0 -15 5 10
852 710 0 -12 4 8
852 710 0 -9 3 6
852 710 0 -6 2 4
852 710 0 -3 1 2
852 710 0 3 -1 -2
852 710 0 6 -2 -4
852 710 0 9 -3 -6
852 710 0 12 -4 -8
852 710 0 15 -5 -10
852 710 0 18 -6 -12
852 710 0 21 -7 -14
852 710 0 24 -8 -16
852 710 0 27 -9 -18
852 710 0 30 -10 -20
852 710 0 33 -11 -22
852 710 0 36 -12 -24
852 710 0 39 -13 -26
852 710 0 42 -14 -28
852 710 0 45 -15 -30
852 710 0 48 -16 -32
852 710 0 51 -17 -34
852 710 0 54 -18 -36
852 710 0 57 -19 -38
852 710 0 60 -20 -40
852 710 0 63 -21 -42
852 710 0 66 -22 -44
852 710 0 69 -23 -46
852 710 0 72 -24 -48
852 710 0 75 -25 -50
852 710 0 78 -26 -52
852 710 0 81 -27 -54
852 710 0 84 -28 -56
852 710 0 87 -29 -58
852 710 0 90 -30 -60
852 710 0 93 -31 -62
852 710 0 96 -32 -64
852 710 0 99 -33 -66
852 710 0 102 -34 -68
852 710 0 105 -35 -70
852 710 0 108 -36 -72
852 710 0 111 -37 -74
852 710 0 114 -38 -76
852 710 0 117 -39 -78
852 710 0 120 -40 -80
852 710 0 123 -41 -82
852 710 0 126 -42 -84
852 710 0 129 -43 -86
852 710 0 132 -44 -88
852 710 0 135 -45 -90
852 710 0 138 -46 -92
852 710 0 141 -47 -94
852 710 0 144 -48 -96
852 710 0 147 -49 -98
852 710 0 150 -50 -100
858 715 0 -150 50 100
858 715 0 -147 49 98
858 715 0 -144 48 96
858 715 0 -141 47 94
858 715 0 -138 46 92
858 715 0 -135 45 90
858 715 0 -132 44 88
858 715 0 -129 43 86
858 715 0 -126 42 84
858 715 0 -123 41 82
858 715 0 -120 40 80
858 715 0 -117 39 78
858 715 0 -114 38 76
858 715 0 -111 37 74
858 715 0 -108 36 72
858 715 0 -105 35 70
858 715 0 -102 34 68
858 715 0 -99 33 66
858 715 0 -96 32 64
858 715 0 -93 31 62
858 715 0 -90 30 60
858 715 0 -87 29 58
858 715 0 -84 28 56
858 715 0 -81 27 54
858 715 0 -78 26 52
858 715 0 -75 25 50
858 715 0 -72 24 48
858 715 0 -69 23 46
858 715 0 -66 22 44
858 715 0 -63 21 42
858 715 0 -60 20 40
858 715 0 -57 19 38
858 715 0 -54 18 36
858 715 0 -51 17 34
858 715 0 -48 16 32
858 715 0 -45 15 30
858 715 0 -42 14 28
858 715 0 -39 13 26
858 715 0 -36 12 24
858 715 0 -33 11 22
858 715 0 -30 10 20
858 715 0 -27 9 18
858 715 0 -24 8 16
858 715 0 -21 7 14
858 715 0 -18 6 12
858 715 0 -15 5 10
858 715 0 -12 4 8
858 715 0 -9 3 6
858 715 0 -6 2 4
858 715 0 -3 1 2
858 715 0 3 -1 -2
858 715 0 6 -2 -4
858 715 0 9 -3 -6
858 715 0 12 -4 -8
858 715 0 15 -5 -10
858 715 0 18 -6 -12
858 715 0 21 -7 -14
858 715 0 24 -8 -16
858 715 0 27 -9 -18
858 715 0 30 -10 -20
858 715 0 33 -11 -22
858 715 0 36 -12 -24
858 715 0 39 -13 -26
858 715 0 42 -14 -28
858 715 0 45 -15 -30
858 715 0 48 -16 -32
858 715 0 51 -17 -34
858 715 0 54 -18 -36
858 715 0 57 -19 -38
858 715 0 60 -20 -40
858 715 0 63 -21 -42
858 715 0 66 -22 -44
858 715 0 69 -23 -46
858 715 0 72 -24 -48
858 715 0 75 -25 -50
858 715 0 78 -26 -52
858 715 0 81 -27 -54
858 715 0 84 -28 -56
858 715 0 87 -29 -58
858 715 0 90 -30 -60
858 715 0 93 -31 -62
858 715 0 96 -32 -64
858 715 0 99 -33 -66
858 715 0 102 -34 -68
858 715 0 105 -35 -70
858 715 0 108 -36 -72
858 715 0 111 -37 -74
858 715 0 114 -38 -76
858 715 0 117 -39 -78
858 715 0 120 -40 -80
858 715 0 123 -41 -82
858 715 0 126 -42 -84
858 715 0 129 -43 -86
858 715 0 132 -44 -88
858 715 0 135 -45 -90
858 715 0 138 -46 -92
858 715 0 141 -47 -94
858 715 0 144 -48 -96
858 715 0 147 -49 -98
858 715 0 150 -50 -100
864 720 0 -150 50 100
864 720 0 -147 49 98
864 720 -144 -144 48 192
864 720 0 -144 48 96
864 720 0 -141 47 94
864 720 0 -138 46 92
864 720 0 -135 45 90
864 720 0 -132 44 88
864 720 0 -129 43 86
864 720 0 -126 42 84
864 720 0 -123 41 82
864 720 0 -120 40 80
864 720 0 -117 39 78
864 720 0 -114 38 76
864 720 0 -111 37 74
864 720 -144 -108 36 144
864 720 0 -108 36 72
864 720 144 -108 36 24
864 720 0 -105 35 70
864 720 0 -102 34 68
864 720 0 -99 33 66
864 720 0 -96 32 64
864 720 0 -93 31 62
864 720 0 -90 30 60
864 720 0 -87 29 58
864 720 0 -84 28 56
864 720 0 -81 27 54
864 720 0 -78 26 52
864 720 0 -75 25 50
864 720 -144 -72 24 96
864 720 0 -72 24 48
864 720 0 -69 23 46
864 720 0 -66 22 44
864 720 0 -63 21 42
864 720 0 -60 20 40
864 720 0 -57 19 38
864 720 0 -54 18 36
864 720 0 -51 17 34
864 720 0 -48 16 32
864 720 0 -45 15 30
864 720 0 -42 14 28
864 720 0 -39 13 26
864 720 -144 -36 12 48
864 720 0 -36 12 24
864 720 0 -33 11 22
864 720 0 -30 10 20
864 720 0 -27 9 18
864 720 0 -24 8 16
864 720 0 -21 7 14
864 720 0 -18 6 12
864 720 0 -15 5 10
864 720 0 -12 4 8
864 720 0 -9 3 6
864 720 0 -6 2 4
864 720 0 -3 1 2
864 720 0 3 -1 -2
864 720 0 6 -2 -4
864 720 0 9 -3 -6
864 720 0 12 -4 -8
864 720 0 15 -5 -10
864 720 0 18 -6 -12
864 720 0 21 -7 -14
864 720 0 24 -8 -16
864 720 0 27 -9 -18
864 720 0 30 -10 -20
864 720 0 33 -11 -22
864 720 -144 36 -12 -48
864 720 0 36 -12 -24
864 720 0 39 -13 -26
864 720 0 42 -14 -28
864 720 0 45 -15 -30
864 720 0 48 -16 -32
864 720 0 51 -17 -34
864 720 0 54 -18 -36
864 720 0 57 -19 -38
864 720 0 60 -20 -40
864 720 0 63 -21 -42
864 720 0 66 -22 -44
864 720 0 69 -23 -46
864 720 -144 72 -24 -96
864 720 0 72 -24 -48
864 720 0 75 -25 -50
864 720 0 78 -26 -52
864 720 0 81 -27 -54
864 720 0 84 -28 -56
864 720 0 87 -29 -58
864 720 0 90 -30 -60
864 720 0 93 -31 -62
864 720 0 96 -32 -64
864 720 0 99 -33 -66
864 720 0 102 -34 -68
864 720 0 105 -35 -70
864 720 -144 108 -36 -144
864 720 0 108 -36 -72
864 720 144 108 -36 -24
864 720 0 111 -37 -74
864 720 0 114 -38 -76
864 720 0 117 -39 -78
864 720 0 120 -40 -80
864 720 0 123 -41 -82
864 720 0 126 -42 -84
864 720 0 129 -43 -86
864 720 0 132 -44 -88
864 720 0 135 -45 -90
864 720 0 138 -46 -92
864 720 0 141 -47 -94
864 720 -144 144 -48 -192
864 720 0 144 -48 -96
864 720 0 147 -49 -98
864 720 0 150 -50 -100
870 725 0 -150 50 100
870 725 0 -147 49 98
870 725 0 -144 48 96
870 725 0 -141 47 94
870 725 0 -138 46 92
870 725 0 -135 45 90
870 725 0 -132 44 88
870 725 0 -129 43 86
870 725 0 -126 42 84
870 725 0 -123 41 82
870 725 0 -120 40 80
870 725 0 -117 39 78
870 725 0 -114 38 76
870 725 0 -111 37 74
870 725 0 -108 36 72
870 725 0 -105 35 70
870 725 0 -102 34 68
870 725 0 -99 33 66
870 725 0 -96 32 64
870 725 0 -93 31 62
870 725 0 -90 30 60
870 725 0 -87 29 58
870 725 0 -84 28 56
870 725 0 -81 27 54
870 725 0 -78 26 52
870 725 0 -75 25 50
870 725 0 -72 24 48
870 725 0 -69 23 46
870 725 0 -66 22 44
870 725 0 -63 21 42
870 725 0 -60 20 40
870 725 0 -57 19 38
870 725 0 -54 18 36
870 725 0 -51 17 34
870 725 0 -48 16 32
870 725 0 -45 15 30
870 725 0 -42 14 28
870 725 0 -39 13 26
870 725 0 -36 12 24
870 725 0 -33 11 22
870 725 0 -30 10 20
870 725 0 -27 9 18
870 725 0 -24 8 16
870 725 0 -21 7 14
870 725 0 -18 6 12
870 725 0 -15 5 10
870 725 0 -12 4 8
870 725 0 -9 3 6
870 725 0 -6 2 4
870 725 0 -3 1 2
870 725 0 3 -1 -2
870 725 0 6 -2 -4
870 725 0 9 -3 -6
870 725 0 12 -4 -8
870 725 0 15 -5 -10
870 725 0 18 -6 -12
870 725 0 21 -7 -14
870 725 0 24 -8 -16
870 725 0 27 -9 -18
870 725 0 30 -10 -20
870 725 0 33 -11 -22
870 725 0 36 -12 -24
870 725 0 39 -13 -26
870 725 0 42 -14 -28
870 725 0 45 -15 -30
870 725 0 48 -16 -32
870 725 0 51 -17 -34
870 725 0 54 -18 -36
870 725 0 57 -19 -38
870 725 0 60 -20 -40
870 725 0 63 -21 -42
870 725 0 66 -22 -44
870 725 0 69 -23 -46
870 725 0 72 -24 -48
870 725 0 75 -25 -50
870 725 0 78 -26 -52
870 725 0 81 -27 -54
870 725 0 84 -28 -56
870 725 0 87 -29 -58
870 725 0 90 -30 -60
870 725 0 93 -31 -62
870 725 0 96 -32 -64
870 725 0 99 -33 -66
870 725 0 102 -34 -68
870 725 0 105 -35 -70
870 725 0 108 -36 -72
870 725 0 111 -37 -74
870 725 0 114 -38 -76
870 725 0 117 -39 -78
870 725 0 120 -40 -80
870 725 0 123 -41 -82
870 725 0 126 -42 -84
870 725 0 129 -43 -86
870 725 0 132 -44 -88
870 725 0 135 -45 -90
870 725 0 138 -46 -92
870 725 0 141 -47 -94
870 725 0 144 -48 -96
870 725 0 147 -49 -98
870 725 0 150 -50 -100
876 730 0 -150 50 100
876 730 0 -147 49 98
876 730 0 -144 48 96
876 730 0 -141 47 94
876 730 0 -138 46 92
876 730 0 -135 45 90
876 730 0 -132 44 88
876 730 0 -129 43 86
876 730 0 -126 42 84
876 730 0 -123 41 82
876 730 0 -120 40 80
876 730 0 -117 39 78
876 730 0 -114 38 76
876 730 0 -111 37 74
876 730 0 -108 36 72
876 730 0 -105 35 70
876 730 0 -102 34 68
876 730 0 -99 33 66
876 730 0 -96 32 64
876 730 0 -93 31 62
876 730 0 -90 30 60
876 730 0 -87 29 58
876 730 0 -84 28 56
876 730 0 -81 27 54
876 730 0 -78 26 52
876 730 0 -75 25 50
876 730 0 -72 24 48
876 730 0 -69 23 46
876 730 0 -66 22 44
876 730 0 -63 21 42
876 730 0 -60 20 40
876 730 0 -57 19 38
876 730 0 -54 18 36
876 730 0 -51 17 34
876 730 0 -48 16 32
876 730 0 -45 15 30
876 730 0 -42 14 28
876 730 0 -39 13 26
876 730 0 -36 12 24
876 730 0 -33 11 22
876 730 0 -30 10 20
876 730 0 -27 9 18
876 730 0 -24 8 16
876 730 0 -21 7 14
876 730 0 -18 6 12
876 730 0 -15 5 10
876 730 0 -12 4 8
876 730 0 -9 3 6
876 730 0 -6 2 4
876 730 0 -3 1 2
876 730 0 3 -1 -2
876 730 0 6 -2 -4
876 730 0 9 -3 -6
876 730 0 12 -4 -8
876 730 0 15 -5 -10
876 730 0 18 -6 -12
876 730 0 21 -7 -14
876 730 0 24 -8 -16
876 730 0 27 -9 -18
876 730 0 30 -10 -20
876 730 0 33 -11 -22
876 730 0 36 -12 -24
876 730 0 39 -13 -26
876 730 0 42 -14 -28
876 730 0 45 -15 -30
876 730 0 48 -16 -32
876 730 0 51 -17 -34
876 730 0 54 -18 -36
876 730 0 57 -19 -38
876 730 0 60 -20 -40
876 730 0 63 -21 -42
876 730 0 66 -22 -44
876 730 0 69 -23 -46
876 730 0 72 -24 -48
876 730 0 75 -25 -50
876 730 0 78 -26 -52
876 730 0 81 -27 -54
876 730 0 84 -28 -56
876 730 0 87 -29 -58
876 730 0 90 -30 -60
876 730 0 93 -31 -62
876 730 0 96 -32 -64
876 730 0 99 -33 -66
876 730 0 102 -34 -68
876 730 0 105 -35 -70
876 730 0 108 -36 -72
876 730 0 111 -37 -74
876 730 0 114 -38 -76
876 730 0 117 -39 -78
876 730 0 120 -40 -80
876 730 0 123 -41 -82
876 730 0 126 -42 -84
876 730 0 129 -43 -86
876 730 0 132 -44 -88
876 730 0 135 -45 -90
876 730 0 138 -46 -92
876 730 0 141 -47 -94
876 730 0 144 -48 -96
876 730 0 147 -49 -98
876 730 0 150 -50 -100
882 735 0 -150 50 100
882 735 0 -147 49 98
882 735 0 -144 48 96
882 735 0 -141 47 94
882 735 0 -138 46 92
882 735 -147 -135 45 180
882 735 0 -135 45 90
882 735 147 -135 45 30
882 735 0 -132 44 88
882 735 0 -129 43 86
882 735 0 -126 42 84
882 735 0 -123 41 82
882 735 0 -120 40 80
882 735 0 -117 39 78
882 735 0 -114 38 76
882 735 0 -111 37 74
882 735 0 -108 36 72
882 735 0 -105 35 70
882 735 0 -102 34 68
882 735 -147 -99 33 132
882 735 0 -99 33 66
882 735 0 -96 32 64
882 735 0 -93 31 62
882 735 0 -90 30 60
882 735 0 -87 29 58
882 735 0 -84 28 56
882 735 0 -81 27 54
882 735 0 -78 26 52
882 735 0 -75 25 50
882 735 0 -72 24 48
882 735 0 -69 23 46
882 735 0 -66 22 44
882 735 -147 -63 21 84
882 735 0 -63 21 42
882 735 0 -60 20 40
882 735 0 -57 19 38
882 735 0 -54 18 36
882 735 0 -51 17 34
882 735 0 -48 16 32
882 735 0 -45 15 30
882 735 0 -42 14 28
882 735 0 -39 13 26
882 735 0 -36 12 24
882 735 0 -33 11 22
882 735 0 -30 10 20
882 735 -147 -27 9 36
882 735 0 -27 9 18
882 735 147 -27 9 6
882 735 0 -24 8 16
882 735 0 -21 7 14
882 735 0 -18 6 12
882 735 0 -15 5 10
882 735 0 -12 4 8
882 735 0 -9 3 6
882 735 0 -6 2 4
882 735 0 -3 1 2
882 735 0 3 -1 -2
882 735 0 6 -2 -4
882 735 -147 9 -3 -12
882 735 0 9 -3 -6
882 735 0 12 -4 -8
882 735 0 15 -5 -10
882 735 0 18 -6 -12
882 735 0 21 -7 -14
882 735 0 24 -8 -16
882 735 0 27 -9 -18
882 735 0 30 -10 -20
882 735 0 33 -11 -22
882 735 0 36 -12 -24
882 735 0 39 -13 -26
882 735 0 42 -14 -28
882 735 -147 45 -15 -60
882 735 0 45 -15 -30
882 735 0 48 -16 -32
882 735 0 51 -17 -34
882 735 0 54 -18 -36
882 735 0 57 -19 -38
882 735 0 60 -20 -40
882 735 0 63 -21 -42
882 735 0 66 -22 -44
882 735 0 69 -23 -46
882 735 0 72 -24 -48
882 735 0 75 -25 -50
882 735 0 78 -26 -52
882 735 -147 81 -27 -108
882 735 0 81 -27 -54
882 735 147 81 -27 -18
882 735 0 84 -28 -56
882 735 0 87 -29 -58
882 735 0 90 -30 -60
882 735 0 93 -31 -62
882 735 0 96 -32 -64
882 735 0 99 -33 -66
882 735 0 102 -34 -68
882 735 0 105 -35 -70
882 735 0 108 -36 -72
882 735 0 111 -37 -74
882 735 0 114 -38 -76
882 735 -147 117 -39 -156
882 735 0 117 -39 -78
882 735 0 120 -40 -80
882 735 0 123 -41 -82
882 735 0 126 -42 -84
882 735 0 129 -43 -86
882 735 0 132 -44 -88
882 735 0 135 -45 -90
882 735 0 138 -46 -92
882 735 0 141 -47 -94
882 735 0 144 -48 -96
882 735 0 147 -49 -98
882 735 0 150 -50 -100
888 740 0 -150 50 100
888 740 0 -147 49 98
888 740 0 -144 48 96
888 740 0 -141 47 94
888 740 0 -138 46 92
888 740 0 -135 45 90
888 740 0 -132 44 88
888 740 0 -129 43 86
888 740 0 -126 42 84
888 740 0 -123 41 82
888 740 0 -120 40 80
888 740 0 -117 39 78
888 740 0 -114 38 76
888 740 0 -111 37 74
888 740 0 -108 36 72
888 740 0 -105 35 70
888 740 0 -102 34 68
888 740 0 -99 33 66
888 740 0 -96 32 64
888 740 0 -93 31 62
888 740 0 -90 30 60
888 740 0 -87 29 58
888 740 0 -84 28 56
888 740 0 -81 27 54
888 740 0 -78 26 52
888 740 0 -75 25 50
888 740 0 -72 24 48
888 740 0 -69 23 46
888 740 0 -66 22 44
888 740 0 -63 21 42
888 740 0 -60 20 40
888 740 0 -57 19 38
888 740 0 -54 18 36
888 740 0 -51 17 34
888 740 0 -48 16 32
888 740 0 -45 15 30
888 740 0 -42 14 28
888 740 0 -39 13 26
888 740 0 -36 12 24
888 740 0 -33 11 22
888 740 0 -30 10 20
888 740 0 -27 9 18
888 740 0 -24 8 16
888 740 0 -21 7 14
888 740 0 -18 6 12
888 740 0 -15 5 10
888 740 0 -12 4 8
888 740 0 -9 3 6
888 740 0 -6 2 4
888 740 0 -3 1 2
888 740 0 3 -1 -2
888 740 0 6 -2 -4
888 740 0 9 -3 -6
888 740 0 12 -4 -8
888 740 0 15 -5 -10
888 740 0 18 -6 -12
888 740 0 21 -7 -14
888 740 0 24 -8 -16
888 740 0 27 -9 -18
888 740 0 30 -10 -20
888 740 0 33 -11 -22
888 740 0 36 -12 -24
888 740 0 39 -13 -26
888 740 0 42 -14 -28
888 740 0 45 -15 -30
888 740 0 48 -16 -32
888 740 0 51 -17 -34
888 740 0 54 -18 -36
888 740 0 57 -19 -38
888 740 0 60 -20 -40
888 740 0 63 -21 -42
888 740 0 66 -22 -44
888 740 0 69 -23 -46
888 740 0 72 -24 -48
888 740 0 75 -25 -50
888 740 0 78 -26 -52
888 740 0 81 -27 -54
888 740 0 84 -28 -56
888 740 0 87 -29 -58
888 740 0 90 -30 -60
888 740 0 93 -31 -62
888 740 0 96 -32 -64
888 740 0 99 -33 -66
888 740 0 102 -34 -68
888 740 0 105 -35 -70
888 740 0 108 -36 -72
888 740 0 111 -37 -74
888 740 0 114 -38 -76
888 740 0 117 -39 -78
888 740 0 120 -40 -80
888 740 0 123 -41 -82
888 740 0 126 -42 -84
888 740 0 129 -43 -86
888 740 0 132 -44 -88
888 740 0 135 -45 -90
888 740 0 138 -46 -92
888 740 0 141 -47 -94
888 740 0 144 -48 -96
888 740 0 147 -49 -98
888 740 0 150 -50 -100
894 745 0 -150 50 100
894 745 0 -147 49 98
894 745 0 -144 48 96
894 745 0 -141 47 94
894 745 0 -138 46 92
894 745 0 -135 45 90
894 745 0 -132 44 88
894 745 0 -129 43 86
894 745 0 -126 42 84
894 745 0 -123 41 82
894 745 0 -120 40 80
894 745 0 -117 39 78
894 745 0 -114 38 76
894 745 0 -111 37 74
894 745 0 -108 36 72
894 745 0 -105 35 70
894 745 0 -102 34 68
894 745 0 -99 33 66
894 745 0 -96 32 64
894 745 0 -93 31 62
894 745 0 -90 30 60
894 745 0 -87 29 58
894 745 0 -84 28 56
894 745 0 -81 27 54
894 745 0 -78 26 52
894 745 0 -75 25 50
894 745 0 -72 24 48
894 745 0 -69 23 46
894 745 0 -66 22 44
894 745 0 -63 21 42
894 745 0 -60 20 40
894 745 0 -57 19 38
894 745 0 -54 18 36
894 745 0 -51 17 34
894 745 0 -48 16 32
894 745 0 -45 15 30
894 745 0 -42 14 28
894 745 0 -39 13 26
894 745 0 -36 12 24
894 745 0 -33 11 22
894 745 0 -30 10 20
894 745 0 -27 9 18
894 745 0 -24 8 16
894 745 0 -21 7 14
894 745 0 -18 6 12
894 745 0 -15 5 10
894 745 0 -12 4 8
894 745 0 -9 3 6
894 745 0 -6 2 4
894 745 0 -3 1 2
894 745 0 3 -1 -2
894 745 0 6 -2 -4
894 745 0 9 -3 -6
894 745 0 12 -4 -8
894 745 0 15 -5 -10
894 745 0 18 -6 -12
894 745 0 21 -7 -14
894 745 0 24 -8 -16
894 745 0 27 -9 -18
894 745 0 30 -10 -20
894 745 0 33 -11 -22
894 745 0 36 -12 -24
894 745 0 39 -13 -26
894 745 0 42 -14 -28
894 745 0 45 -15 -30
894 745 0 48 -16 -32
894 745 0 51 -17 -34
894 745 0 54 -18 -36
894 745 0 57 -19 -38
894 745 0 60 -20 -40
894 745 0 63 -21 -42
894 745 0 66 -22 -44
894 745 0 69 -23 -46
894 745 0 72 -24 -48
894 745 0 75 -25 -50
894 745 0 78 -26 -52
894 745 0 81 -27 -54
894 745 0 84 -28 -56
894 745 0 87 -29 -58
894 745 0 90 -30 -60
894 745 0 93 -31 -62
894 745 0 96 -32 -64
894 745 0 99 -33 -66
894 745 0 102 -34 -68
894 745 0 105 -35 -70
894 745 0 108 -36 -72
894 745 0 111 -37 -74
894 745 0 114 -38 -76
894 745 0 117 -39 -78
894 745 0 120 -40 -80
894 745 0 123 -41 -82
894 745 0 126 -42 -84
894 745 0 129 -43 -86
894 745 0 132 -44 -88
894 745 0 135 -45 -90
894 745 0 138 -46 -92
894 745 0 141 -47 -94
894 745 0 144 -48 -96
894 745 0 147 -49 -98
894 745 0 150 -50 -100
900 750 0 -150 50 100
900 750 0 -147 49 98
900 750 -150 -144 48 192
900 750 0 -144 48 96
900 750 0 -141 47 94
900 750 0 -138 46 92
900 750 0 -135 45 90
900 750 0 -132 44 88
900 750 0 -129 43 86
900 750 0 -126 42 84
900 750 0 -123 41 82
900 750 0 -120 40 80
900 750 0 -117 39 78
900 750 0 -114 38 76
900 750 0 -111 37 74
900 750 -150 -108 36 144
900 750 0 -108 36 72
900 750 150 -108 36 24
900 750 0 -105 35 70
900 750 0 -102 34 68
900 750 0 -99 33 66
900 750 0 -96 32 64
900 750 0 -93 31 62
900 750 0 -90 30 60
900 750 0 -87 29 58
900 750 0 -84 28 56
900 750 0 -81 27 54
900 750 0 -78 26 52
900 750 0 -75 25 50
900 750 -150 -72 24 96
900 750 0 -72 24 48
900 750 0 -69 23 46
900 750 0 -66 22 44
900 750 0 -63 21 42
900 750 0 -60 20 40
900 750 0 -57 19 38
900 750 0 -54 18 36
900 750 0 -51 17 34
900 750 0 -48 16 32
900 750 0 -45 15 30
900 750 0 -42 14 28
900 750 0 -39 13 26
900 750 -150 -36 12 48
900 750 0 -36 12 24
900 750 0 -33 11 22
900 750 0 -30 10 20
900 750 0 -27 9 18
900 750 0 -24 8 16
900 750 0 -21 7 14
900 750 0 -18 6 12
900 750 0 -15 5 10
900 750 0 -12 4 8
900 750 0 -9 3 6
900 750 0 -6 2 4
900 750 0 -3 1 2
900 750 0 3 -1 -2
900 750 0 6 -2 -4
900 750 0 9 -3 -6
900 750 0 12 -4 -8
900 750 0 15 -5 -10
900 750 0 18 -6 -12
900 750 0 21 -7 -14
900 750 0 24 -8 -16
900 750 0 27 -9 -18
900 750 0 30 -10 -20
900 750 0 33 -11 -22
900 750 -150 36 -12 -48
900 750 0 36 -12 -24
900 750 0 39 -13 -26
900 750 0 42 -14 -28
900 750 0 45 -15 -30
900 750 0 48 -16 -32
900 750 0 51 -17 -34
900 750 0 54 -18 -36
900 750 0 57 -19 -38
900 750 0 60 -20 -40
900 750 0 63 -21 -42
900 750 0 66 -22 -44
900 750 0 69 -23 -46
900 750 -150 72 -24 -96
900 750 0 72 -24 -48
900 750 0 75 -25 -50
900 750 0 78 -26 -52
900 750 0 81 -27 -54
900 750 0 84 -28 -56
900 750 0 87 -29 -58
900 750 0 90 -30 -60
900 750 0 93 -31 -62
900 750 0 96 -32 -64
900 750 0 99 -33 -66
900 750 0 102 -34 -68
900 750 0 105 -35 -70
900 750 -150 108 -36 -144
900 750 0 108 -36 -72
900 750 150 108 -36 -24
900 750 0 111 -37 -74
900 750 0 114 -38 -76
900 750 0 117 -39 -78
900 750 0 120 -40 -80
900 750 0 123 -41 -82
900 750 0 126 -42 -84
900 750 0 129 -43 -86
900 750 0 132 -44 -88
900 750 0 135 -45 -90
900 750 0 138 -46 -92
900 750 0 141 -47 -94
900 750 -150 144 -48 -192
900 750 0 144 -48 -96
900 750 0 147 -49 -98
900 750 0 150 -50 -100
906 755 0 -150 50 100
906 755 0 -147 49 98
906 755 0 -144 48 96
906 755 0 -141 47 94
906 755 0 -138 46 92
906 755 0 -135 45 90
906 755 0 -132 44 88
906 755 0 -129 43 86
906 755 0 -126 42 84
906 755 0 -123 41 82
906 755 0 -120 40 80
906 755 0 -117 39 78
906 755 0 -114 38 76
906 755 0 -111 37 74
906 755 0 -108 36 72
906 755 0 -105 35 70
906 755 0 -102 34 68
906 755 0 -99 33 66
906 755 0 -96 32 64
906 755 0 -93 31 62
906 755 0 -90 30 60
906 755 0 -87 29 58
906 755 0 -84 28 56
906 755 0 -81 27 54
906 755 0 -78 26 52
906 755 0 -75 25 50
906 755 0 -72 24 48
906 755 0 -69 23 46
906 755 0 -66 22 44
906 755 0 -63 21 42
906 755 0 -60 20 40
906 755 0 -57 19 38
906 755 0 -54 18 36
906 755 0 -51 17 34
906 755 0 -48 16 32
906 755 0 -45 15 30
906 755 0 -42 14 28
906 755 0 -39 13 26
906 755 0 -36 12 24
906 755 0 -33 11 22
906 755 0 -30 10 20
906 755 0 -27 9 18
906 755 0 -24 8 16
906 755 0 -21 7 14
906 755 0 -18 6 12
906 755 0 -15 5 10
906 755 0 -12 4 8
906 755 0 -9 3 6
906 755 0 -6 2 4
906 755 0 -3 1 2
906 755 0 3 -1 -2
906 755 0 6 -2 -4
906 755 0 9 -3 -6
906 755 0 12 -4 -8
906 755 0 15 -5 -10
906 755 0 18 -6 -12
906 755 0 21 -7 -14
906 755 0 24 -8 -16
906 755 0 27 -9 -18
906 755 0 30 -10 -20
906 755 0 33 -11 -22
906 755 0 36 -12 -24
906 755 0 39 -13 -26
906 755 0 42 -14 -28
906 755 0 45 -15 -30
906 755 0 48 -16 -32
906 755 0 51 -17 -34
906 755 0 54 -18 -36
906 755 0 57 -19 -38
906 755 0 60 -20 -40
906 755 0 63 -21 -42
906 755 0 66 -22 -44
906 755 0 69 -23 -46
906 755 0 72 -24 -48
906 755 0 75 -25 -50
906 755 0 78 -26 -52
906 755 0 81 -27 -54
906 755 0 84 -28 -56
906 755 0 87 -29 -58
906 755 0 90 -30 -60
906 755 0 93 -31 -62
906 755 0 96 -32 -64
906 755 0 99 -33 -66
906 755 0 102 -34 -68
906 755 0 105 -35 -70
906 755 0 108 -36 -72
906 755 0 111 -37 -74
906 755 0 114 -38 -76
906 755 0 117 -39 -78
906 755 0 120 -40 -80
906 755 0 123 -41 -82
906 755 0 126 -42 -84
906 755 0 129 -43 -86
906 755 0 132 -44 -88
906 755 0 135 -45 -90
906 755 0 138 -46 -92
906 755 0 141 -47 -94
906 755 0 144 -48 -96
906 755 0 147 -49 -98
906 755 0 150 -50 -100
912 760 0 -150 50 100
912 760 0 -147 49 98
912 760 0 -144 48 96
912 760 0 -141 47 94
912 760 0 -138 46 92
912 760 0 -135 45 90
912 760 0 -132 44 88
912 760 0 -129 43 86
912 760 0 -126 42 84
912 760 0 -123 41 82
912 760 0 -120 40 80
912 760 0 -117 39 78
912 760 0 -114 38 76
912 760 0 -111 37 74
912 760 0 -108 36 72
912 760 0 -105 35 70
912 760 0 -102 34 68
912 760 0 -99 33 66
912 760 0 -96 32 64
912 760 0 -93 31 62
912 760 0 -90 30 60
912 760 0 -87 29 58
912 760 0 -84 28 56
912 760 0 -81 27 54
912 760 0 -78 26 52
912 760 0 -75 25 50
912 760 0 -72 24 48
912 760 0 -69 23 46
912 760 0 -66 22 44
912 760 0 -63 21 42
912 760 0 -60 20 40
912 760 0 -57 19 38
912 760 0 -54 18 36
912 760 0 -51 17 34
912 760 0 -48 16 32
912 760 0 -45 15 30
912 760 0 -42 14 28
912 760 0 -39 13 26
912 760 0 -36 12 24
912 760 0 -33 11 22
912 760 0 -30 10 20
912 760 0 -27 9 18
912 760 0 -24 8 16
912 760 0 -21 7 14
912 760 0 -18 6 12
912 760 0 -15 5 10
912 760 0 -12 4 8
912 760 0 -9 3 6
912 760 0 -6 2 4
912 760 0 -3 1 2
912 760 0 3 -1 -2
912 760 0 6 -2 -4
912 760 0 9 -3 -6
912 760 0 12 -4 -8
912 760 0 15 -5 -10
912 760 0 18 -6 -12
912 760 0 21 -7 -14
912 760 0 24 -8 -16
912 760 0 27 -9 -18
912 760 0 30 -10 -20
912 760 0 33 -11 -22
912 760 0 36 -12 -24
912 760 0 39 -13 -26
912 760 0 42 -14 -28
912 760 0 45 -15 -30
912 760 0 48 -16 -32
912 760 0 51 -17 -34
912 760 0 54 -18 -36
912 760 0 57 -19 -38
912 760 0 60 -20 -40
912 760 0 63 -21 -42
912 760 0 66 -22 -44
912 760 0 69 -23 -46
912 760 0 72 -24 -48
912 760 0 75 -25 -50
912 760 0 78 -26 -52
912 760 0 81 -27 -54
912 760 0 84 -28 -56
912 760 0 87 -29 -58
912 760 0 90 -30 -60
912 760 0 93 -31 -62
912 760 0 96 -32 -64
912 760 0 99 -33 -66
912 760 0 102 -34 -68
912 760 0 105 -35 -70
912 760 0 108 -36 -72
912 760 0 111 -37 -74
912 760 0 114 -38 -76
912 760 0 117 -39 -78
912 760 0 120 -40 -80
912 760 0 123 -41 -82
912 760 0 126 -42 -84
912 760 0 129 -43 -86
912 760 0 132 -44 -88
912 760 0 135 -45 -90
912 760 0 138 -46 -92
912 760 0 141 -47 -94
912 760 0 144 -48 -96
912 760 0 147 -49 -98
912 760 0 150 -50 -100
918 765 0 -150 50 100
918 765 0 -147 49 98
918 765 0 -144 48 96
918 765 0 -141 47 94
918 765 0 -138 46 92
918 765 0 -135 45 90
918 765 0 -132 44 88
918 765 0 -129 43 86
918 765 0 -126 42 84
918 765 0 -123 41 82
918 765 0 -120 40 80
918 765 0 -117 39 78
918 765 0 -114 38 76
918 765 0 -111 37 74
918 765 0 -108 36 72
918 765 0 -105 35 70
918 765 0 -102 34 68
918 765 0 -99 33 66
918 765 0 -96 32 64
918 765 0 -93 31 62
918 765 0 -90 30 60
918 765 0 -87 29 58
918 765 0 -84 28 56
918 765 0 -81 27 54
918 765 0 -78 26 52
918 765 0 -75 25 50
918 765 0 -72 24 48
918 765 0 -69 23 46
918 765 0 -66 22 44
918 765 0 -63 21 42
918 765 0 -60 20 40
918 765 0 -57 19 38
918 765 0 -54 18 36
918 765 0 -51 17 34
918 765 0 -48 16 32
918 765 0 -45 15 30
918 765 0 -42 14 28
918 765 0 -39 13 26
918 765 0 -36 12 24
918 765 0 -33 11 22
918 765 0 -30 10 20
918 765 0 -27 9 18
918 765 0 -24 8 16
918 765 0 -21 7 14
918 765 0 -18 6 12
918 765 0 -15 5 10
918 765 0 -12 4 8
918 765 0 -9 3 6
918 765 0 -6 2 4
918 765 0 -3 1 2
918 765 0 3 -1 -2
918 765 0 6 -2 -4
918 765 0 9 -3 -6
918 765 0 12 -4 -8
918 765 0 15 -5 -10
918 765 0 18 -6 -12
918 765 0 21 -7 -14
918 765 0 24 -8 -16
918 765 0 27 -9 -18
918 765 0 30 -10 -20
918 765 0 33 -11 -22
918 765 0 36 -12 -24
918 765 0 39 -13 -26
918 765 0 42 -14 -28
918 765 0 45 -15 -30
918 765 0 48 -16 -32
918 765 0 51 -17 -34
918 765 0 54 -18 -36
918 765 0 57 -19 -38
918 765 0 60 -20 -40
918 765 0 63 -21 -42
918 765 0 66 -22 -44
918 765 0 69 -23 -46
918 765 0 72 -24 -48
918 765 0 75 -25 -50
918 765 0 78 -26 -52
918 765 0 81 -27 -54
918 765 0 84 -28 -56
918 765 0 87 -29 -58
918 765 0 90 -30 -60
918 765 0 93 -31 -62
918 765 0 96 -32 -64
918 765 0 99 -33 -66
918 765 0 102 -34 -68
918 765 0 105 -35 -70
918 765 0 108 -36 -72
918 765 0 111 -37 -74
918 765 0 114 -38 -76
918 765 0 117 -39 -78
918 765 0 120 -40 -80
918 765 0 123 -41 -82
918 765 0 126 -42 -84
918 765 0 129 -43 -86
918 765 0 132 -44 -88
918 765 0 135 -45 -90
918 765 0 138 -46 -92
918 765 0 141 -47 -94
918 765 0 144 -48 -96
918 765 0 147 -49 -98
918 765 0 150 -50 -100
924 770 0 -150 50 100
924 770 0 -147 49 98
924 770 0 -144 48 96
924 770 0 -141 47 94
924 770 0 -138 46 92
924 770 0 -135 45 90
924 770 0 -132 44 88
924 770 0 -129 43 86
924 770 0 -126 42 84
924 770 0 -123 41 82
924 770 0 -120 40 80
924 770 0 -117 39 78
924 770 0 -114 38 76
924 770 0 -111 37 74
924 770 0 -108 36 72
924 770 0 -105 35 70
924 770 0 -102 34 68
924 770 0 -99 33 66
924 770 0 -96 32 64
924 770 0 -93 31 62
924 770 0 -90 30 60
924 770 0 -87 29 58
924 770 0 -84 28 56
924 770 0 -81 27 54
924 770 0 -78 26 52
924 770 0 -75 25 50
924 770 0 -72 24 48
924 770 0 -69 23 46
924 770 0 -66 22 44
924 770 0 -63 21 42
924 770 0 -60 20 40
924 770 0 -57 19 38
924 770 0 -54 18 36
924 770 0 -51 17 34
924 770 0 -48 16 32
924 770 0 -45 15 30
924 770 0 -42 14 28
924 770 0 -39 13 26
924 770 0 -36 12 24
924 770 0 -33 11 22
924 770 0 -30 10 20
924 770 0 -27 9 18
924 770 0 -24 8 16
924 770 0 -21 7 14
924 770 0 -18 6 12
924 770 0 -15 5 10
924 770 0 -12 4 8
924 770 0 -9 3 6
924 770 0 -6 2 4
924 770 0 -3 1 2
924 770 0 3 -1 -2
924 770 0 6 -2 -4
924 770 0 9 -3 -6
924 770 0 12 -4 -8
924 770 0 15 -5 -10
924 770 0 18 -6 -12
924 770 0 21 -7 -14
924 770 0 24 -8 -16
924 770 0 27 -9 -18
924 770 0 30 -10 -20
924 770 0 33 -11 -22
924 770 0 36 -12 -24
924 770 0 39 -13 -26
924 770 0 42 -14 -28
924 770 0 45 -15 -30
924 770 0 48 -16 -32
924 770 0 51 -17 -34
924 770 0 54 -18 -36
924 770 0 57 -19 -38
924 770 0 60 -20 -40
924 770 0 63 -21 -42
924 770 0 66 -22 -44
924 770 0 69 -23 -46
924 770 0 72 -24 -48
924 770 0 75 -25 -50
924 770 0 78 -26 -52
924 770 0 81 -27 -54
924 770 0 84 -28 -56
924 770 0 87 -29 -58
924 770 0 90 -30 -60
924 770 0 93 -31 -62
924 770 0 96 -32 -64
924 770 0 99 -33 -66
924 770 0 102 -34 -68
924 770 0 105 -35 -70
924 770 0 108 -36 -72
924 770 0 111 -37 -74
924 770 0 114 -38 -76
924 770 0 117 -39 -78
924 770 0 120 -40 -80
924 770 0 123 -41 -82
924 770 0 126 -42 -84
924 770 0 129 -43 -86
924 770 0 132 -44 -88
924 770 0 135 -45 -90
924 770 0 138 -46 -92
924 770 0 141 -47 -94
924 770 0 144 -48 -96
924 770 0 147 -49 -98
924 770 0 150 -50 -100
930 775 0 -150 50 100
930 775 0 -147 49 98
930 775 0 -144 48 96
930 775 0 -141 47 94
930 775 0 -138 46 92
930 775 0 -135 45 90
930 775 0 -132 44 88
930 775 0 -129 43 86
930 775 0 -126 42 84
930 775 0 -123 41 82
930 775 0 -120 40 80
930 775 0 -117 39 78
930 775 0 -114 38 76
930 775 0 -111 37 74
930 775 0 -108 36 72
930 775 0 -105 35 70
930 775 0 -102 34 68
930 775 0 -99 33 66
930 775 0 -96 32 64
930 775 0 -93 31 62
930 775 0 -90 30 60
930 775 0 -87 29 58
930 775 0 -84 28 56
930 775 0 -81 27 54
930 775 0 -78 26 52
930 775 0 -75 25 50
930 775 0 -72 24 48
930 775 0 -69 23 46
930 775 0 -66 22 44
930 775 0 -63 21 42
930 775 0 -60 20 40
930 775 0 -57 19 38
930 775 0 -54 18 36
930 775 0 -51 17 34
930 775 0 -48 16 32
930 775 0 -45 15 30
930 775 0 -42 14 28
930 775 0 -39 13 26
930 775 0 -36 12 24
930 775 0 -33 11 22
930 775 0 -30 10 20
930 775 0 -27 9 18
930 775 0 -24 8 16
930 775 0 -21 7 14
930 775 0 -18 6 12
930 775 0 -15 5 10
930 775 0 -12 4 8
930 775 0 -9 3 6
930 775 0 -6 2 4
930 775 0 -3 1 2
930 775 0 3 -1 -2
930 775 0 6 -2 -4
930 775 0 9 -3 -6
930 775 0 12 -4 -8
930 775 0 15 -5 -10
930 775 0 18 -6 -12
930 775 0 21 -7 -14
930 775 0 24 -8 -16
930 775 0 27 -9 -18
930 775 0 30 -10 -20
930 775 0 33 -11 -22
930 775 0 36 -12 -24
930 775 0 39 -13 -26
930 775 0 42 -14 -28
930 775 0 45 -15 -30
930 775 0 48 -16 -32
930 775 0 51 -17 -34
930 775 0 54 -18 -36
930 775 0 57 -19 -38
930 775 0 60 -20 -40
930 775 0 63 -21 -42
930 775 0 66 -22 -44
930 775 0 69 -23 -46
930 775 0 72 -24 -48
930 775 0 75 -25 -50
930 775 0 78 -26 -52
930 775 0 81 -27 -54
930 775 0 84 -28 -56
930 775 0 87 -29 -58
930 775 0 90 -30 -60
930 775 0 93 -31 -62
930 775 0 96 -32 -64
930 775 0 99 -33 -66
930 775 0 102 -34 -68
930 775 0 105 -35 -70
930 775 0 108 -36 -72
930 775 0 111 -37 -74
930 775 0 114 -38 -76
930 775 0 117 -39 -78
930 775 0 120 -40 -80
930 775 0 123 -41 -82
930 775 0 126 -42 -84
930 775 0 129 -43 -86
930 775 0 132 -44 -88
930 775 0 135 -45 -90
930 775 0 138 -46 -92
930 775 0 141 -47 -94
930 775 0 144 -48 -96
930 775 0 147 -49 -98
930 775 0 150 -50 -100
936 780 0 -150 50 100
936 780 0 -147 49 98
936 780 0 -144 48 96
936 780 0 -141 47 94
936 780 0 -138 46 92
936 780 0 -135 45 90
936 780 0 -132 44 88
936 780 0 -129 43 86
936 780 0 -126 42 84
936 780 0 -123 41 82
936 780 0 -120 40 80
936 780 0 -117 39 78
936 780 0 -114 38 76
936 780 0 -111 37 74
936 780 0 -108 36 72
936 780 0 -105 35 70
936 780 0 -102 34 68
936 780 0 -99 33 66
936 780 0 -96 32 64
936 780 0 -93 31 62
936 780 0 -90 30 60
936 780 0 -87 29 58
936 780 0 -84 28 56
936 780 0 -81 27 54
936 780 0 -78 26 52
936 780 0 -75 25 50
936 780 0 -72 24 48
936 780 0 -69 23 46
936 780 0 -66 22 44
936 780 0 -63 21 42
936 780 0 -60 20 40
936 780 0 -57 19 38
936 780 0 -54 18 36
936 780 0 -51 17 34
936 780 0 -48 16 32
936 780 0 -45 15 30
936 780 0 -42 14 28
936 780 0 -39 13 26
936 780 0 -36 12 24
936 780 0 -33 11 22
936 780 0 -30 10 20
936 780 0 -27 9 18
936 780 0 -24 8 16
936 780 0 -21 7 14
936 780 0 -18 6 12
936 780 0 -15 5 10
936 780 0 -12 4 8
936 780 0 -9 3 6
936 780 0 -6 2 4
936 780 0 -3 1 2
936 780 0 3 -1 -2
936 780 0 6 -2 -4
936 780 0 9 -3 -6
936 780 0 12 -4 -8
936 780 0 15 -5 -10
936 780 0 18 -6 -12
936 780 0 21 -7 -14
936 780 0 24 -8 -16
936 780 0 27 -9 -18
936 780 0 30 -10 -20
936 780 0 33 -11 -22
936 780 0 36 -12 -24
936 780 0 39 -13 -26
936 780 0 42 -14 -28
936 780 0 45 -15 -30
936 780 0 48 -16 -32
936 780 0 51 -17 -34
936 780 0 54 -18 -36
936 780 0 57 -19 -38
936 780 0 60 -20 -40
936 780 0 63 -21 -42
936 780 0 66 -22 -44
936 780 0 69 -23 -46
936 780 0 72 -24 -48
936 780 0 75 -25 -50
936 780 0 78 -26 -52
936 780 0 81 -27 -54
936 780 0 84 -28 -56
936 780 0 87 -29 -58
936 780 0 90 -30 -60
936 780 0 93 -31 -62
936 780 0 96 -32 -64
936 780 0 99 -33 -66
936 780 0 102 -34 -68
936 780 0 105 -35 -70
936 780 0 108 -36 -72
936 780 0 111 -37 -74
936 780 0 114 -38 -76
936 780 0 117 -39 -78
936 780 0 120 -40 -80
936 780 0 123 -41 -82
936 780 0 126 -42 -84
936 780 0 129 -43 -86
936 780 0 132 -44 -88
936 780 0 135 -45 -90
936 780 0 138 -46 -92
936 780 0 141 -47 -94
936 780 0 144 -48 -96
936 780 0 147 -49 -98
936 780 0 150 -50 -100
942 785 0 -150 50 100
942 785 0 -147 49 98
942 785 0 -144 48 96
942 785 0 -141 47 94
942 785 0 -138 46 92
942 785 0 -135 45 90
942 785 0 -132 44 88
942 785 0 -129 43 86
942 785 0 -126 42 84
942 785 0 -123 41 82
942 785 0 -120 40 80
942 785 0 -117 39 78
942 785 0 -114 38 76
942 785 0 -111 37 74
942 785 0 -108 36 72
942 785 0 -105 35 70
942 785 0 -102 34 68
942 785 0 -99 33 66
942 785 0 -96 32 64
942 785 0 -93 31 62
942 785 0 -90 30 60
942 785 0 -87 29 58
942 785 0 -84 28 56
942 785 0 -81 27 54
942 785 0 -78 26 52
942 785 0 -75 25 50
942 785 0 -72 24 48
942 785 0 -69 23 46
942 785 0 -66 22 44
942 785 0 -63 21 42
942 785 0 -60 20 40
942 785 0 -57 19 38
942 785 0 -54 18 36
942 785 0 -51 17 34
942 785 0 -48 16 32
942 785 0 -45 15 30
942 785 0 -42 14 28
942 785 0 -39 13 26
942 785 0 -36 12 24
942 785 0 -33 11 22
942 785 0 -30 10 20
942 785 0 -27 9 18
942 785 0 -24 8 16
942 785 0 -21 7 14
942 785 0 -18 6 12
942 785 0 -15 5 10
942 785 0 -12 4 8
942 785 0 -9 3 6
942 785 0 -6 2 4
942 785 0 -3 1 2
942 785 0 3 -1 -2
942 785 0 6 -2 -4
942 785 0 9 -3 -6
942 785 0 12 -4 -8
942 785 0 15 -5 -10
942 785 0 18 -6 -12
942 785 0 21 -7 -14
942 785 0 24 -8 -16
942 785 0 27 -9 -18
942 785 0 30 -10 -20
942 785 0 33 -11 -22
942 785 0 36 -12 -24
942 785 0 39 -13 -26
942 785 0 42 -14 -28
942 785 0 45 -15 -30
942 785 0 48 -16 -32
942 785 0 51 -17 -34
942 785 0 54 -18 -36
942 785 0 57 -19 -38
942 785 0 60 -20 -40
942 785 0 63 -21 -42
942 785 0 66 -22 -44
942 785 0 69 -23 -46
942 785 0 72 -24 -48
942 785 0 75 -25 -50
942 785 0 78 -26 -52
942 785 0 81 -27 -54
942 785 0 84 -28 -56
942 785 0 87 -29 -58
942 785 0 90 -30 -60
942 785 0 93 -31 -62
942 785 0 96 -32 -64
942 785 0 99 -33 -66
942 785 0 102 -34 -68
942 785 0 105 -35 -70
942 785 0 108 -36 -72
942 785 0 111 -37 -74
942 785 0 114 -38 -76
942 785 0 117 -39 -78
942 785 0 120 -40 -80
942 785 0 123 -41 -82
942 785 0 126 -42 -84
942 785 0 129 -43 -86
942 785 0 132 -44 -88
942 785 0 135 -45 -90
942 785 0 138 -46 -92
942 785 0 141 -47 -94
942 785 0 144 -48 -96
942 785 0 147 -49 -98
942 785 0 150 -50 -100
948 790 0 -150 50 100
948 790 0 -147 49 98
948 790 0 -144 48 96
948 790 0 -141 47 94
948 790 0 -138 46 92
948 790 0 -135 45 90
948 790 0 -132 44 88
948 790 0 -129 43 86
948 790 0 -126 42 84
948 790 0 -123 41 82
948 790 0 -120 40 80
948 790 0 -117 39 78
948 790 0 -114 38 76
948 790 0 -111 37 74
948 790 0 -108 36 72
948 790 0 -105 35 70
948 790 0 -102 34 68
948 790 0 -99 33 66
948 790 0 -96 32 64
948 790 0 -93 31 62
948 790 0 -90 30 60
948 790 0 -87 29 58
948 790 0 -84 28 56
948 790 0 -81 27 54
948 790 0 -78 26 52
948 790 0 -75 25 50
948 790 0 -72 24 48
948 790 0 -69 23 46
948 790 0 -66 22 44
948 790 0 -63 21 42
948 790 0 -60 20 40
948 790 0 -57 19 38
948 790 0 -54 18 36
948 790 0 -51 17 34
948 790 0 -48 16 32
948 790 0 -45 15 30
948 790 0 -42 14 28
948 790 0 -39 13 26
948 790 0 -36 12 24
948 790 0 -33 11 22
948 790 0 -30 10 20
948 790 0 -27 9 18
948 790 0 -24 8 16
948 790 0 -21 7 14
948 790 0 -18 6 12
948 790 0 -15 5 10
948 790 0 -12 4 8
948 790 0 -9 3 6
948 790 0 -6 2 4
948 790 0 -3 1 2
948 790 0 3 -1 -2
948 790 0 6 -2 -4
948 790 0 9 -3 -6
948 790 0 12 -4 -8
948 790 0 15 -5 -10
948 790 0 18 -6 -12
948 790 0 21 -7 -14
948 790 0 24 -8 -16
948 790 0 27 -9 -18
948 790 0 30 -10 -20
948 790 0 33 -11 -22
948 790 0 36 -12 -24
948 790 0 39 -13 -26
948 790 0 42 -14 -28
948 790 0 45 -15 -30
948 790 0 48 -16 -32
948 790 0 51 -17 -34
948 790 0 54 -18 -36
948 790 0 57 -19 -38
948 790 0 60 -20 -40
948 790 0 63 -21 -42
948 790 0 66 -22 -44
948 790 0 69 -23 -46
948 790 0 72 -24 -48
948 790 0 75 -25 -50
948 790 0 78 -26 -52
948 790 0 81 -27 -54
948 790 0 84 -28 -56
948 790 0 87 -29 -58
948 790 0 90 -30 -60
948 790 0 93 -31 -62
948 790 0 96 -32 -64
948 790 0 99 -33 -66
948 790 0 102 -34 -68
948 790 0 105 -35 -70
948 790 0 108 -36 -72
948 790 0 111 -37 -74
948 790 0 114 -38 -76
948 790 0 117 -39 -78
948 790 0 120 -40 -80
948 790 0 123 -41 -82
948 790 0 126 -42 -84
948 790 0 129 -43 -86
948 790 0 132 -44 -88
948 790 0 135 -45 -90
948 790 0 138 -46 -92
948 790 0 141 -47 -94
948 790 0 144 -48 -96
948 790 0 147 -49 -98
948 790 0 150 -50 -100
954 795 0 -150 50 100
954 795 0 -147 49 98
954 795 0 -144 48 96
954 795 0 -141 47 94
954 795 0 -138 46 92
954 795 0 -135 45 90
954 795 0 -132 44 88
954 795 0 -129 43 86
954 795 0 -126 42 84
954 795 0 -123 41 82
954 795 0 -120 40 80
954 795 0 -117 39 78
954 795 0 -114 38 76
954 795 0 -111 37 74
954 795 0 -108 36 72
954 795 0 -105 35 70
954 795 0 -102 34 68
954 795 0 -99 33 66
954 795 0 -96 32 64
954 795 0 -93 31 62
954 795 0 -90 30 60
954 795 0 -87 29 58
954 795 0 -84 28 56
954 795 0 -81 27 54
954 795 0 -78 26 52
954 795 0 -75 25 50
954 795 0 -72 24 48
954 795 0 -69 23 46
954 795 0 -66 22 44
954 795 0 -63 21 42
954 795 0 -60 20 40
954 795 0 -57 19 38
954 795 0 -54 18 36
954 795 0 -51 17 34
954 795 0 -48 16 32
954 795 0 -45 15 30
954 795 0 -42 14 28
954 795 0 -39 13 26
954 795 0 -36 12 24
954 795 0 -33 11 22
954 795 0 -30 10 20
954 795 0 -27 9 18
954 795 0 -24 8 16
954 795 0 -21 7 14
954 795 0 -18 6 12
954 795 0 -15 5 10
954 795 0 -12 4 8
954 795 0 -9 3 6
954 795 0 -6 2 4
954 795 0 -3 1 2
954 795 0 3 -1 -2
954 795 0 6 -2 -4
954 795 0 9 -3 -6
954 795 0 12 -4 -8
954 795 0 15 -5 -10
954 795 0 18 -6 -12
954 795 0 21 -7 -14
954 795 0 24 -8 -16
954 795 0 27 -9 -18
954 795 0 30 -10 -20
954 795 0 33 -11 -22
954 795 0 36 -12 -24
954 795 0 39 -13 -26
954 795 0 42 -14 -28
954 795 0 45 -15 -30
954 795 0 48 -16 -32
954 795 0 51 -17 -34
954 795 0 54 -18 -36
954 795 0 57 -19 -38
954 795 0 60 -20 -40
954 795 0 63 -21 -42
954 795 0 66 -22 -44
954 795 0 69 -23 -46
954 795 0 72 -24 -48
954 795 0 75 -25 -50
954 795 0 78 -26 -52
954 795 0 81 -27 -54
954 795 0 84 -28 -56
954 795 0 87 -29 -58
954 795 0 90 -30 -60
954 795 0 93 -31 -62
954 795 0 96 -32 -64
954 795 0 99 -33 -66
954 795 0 102 -34 -68
954 795 0 105 -35 -70
954 795 0 108 -36 -72
954 795 0 111 -37 -74
954 795 0 114 -38 -76
954 795 0 117 -39 -78
954 795 0 120 -40 -80
954 795 0 123 -41 -82
954 795 0 126 -42 -84
954 795 0 129 -43 -86
954 795 0 132 -44 -88
954 795 0 135 -45 -90
954 795 0 138 -46 -92
954 795 0 141 -47 -94
954 795 0 144 -48 -96
954 795 0 147 -49 -98
954 795 0 150 -50 -100
960 800 0 -150 50 100
960 800 0 -147 49 98
960 800 0 -144 48 96
960 800 0 -141 47 94
960 800 0 -138 46 92
960 800 0 -135 45 90
960 800 0 -132 44 88
960 800 0 -129 43 86
960 800 0 -126 42 84
960 800 0 -123 41 82
960 800 0 -120 40 80
960 800 0 -117 39 78
960 800 0 -114 38 76
960 800 0 -111 37 74
960 800 0 -108 36 72
960 800 0 -105 35 70
960 800 0 -102 34 68
960 800 0 -99 33 66
960 800 0 -96 32 64
960 800 0 -93 31 62
960 800 0 -90 30 60
960 800 0 -87 29 58
960 800 0 -84 28 56
960 800 0 -81 27 54
960 800 0 -78 26 52
960 800 0 -75 25 50
960 800 0 -72 24 48
960 800 0 -69 23 46
960 800 0 -66 22 44
960 800 0 -63 21 42
960 800 0 -60 20 40
960 800 0 -57 19 38
960 800 0 -54 18 36
960 800 0 -51 17 34
960 800 0 -48 16 32
960 800 0 -45 15 30
960 800 0 -42 14 28
960 800 0 -39 13 26
960 800 0 -36 12 24
960 800 0 -33 11 22
960 800 0 -30 10 20
960 800 0 -27 9 18
960 800 0 -24 8 16
960 800 0 -21 7 14
960 800 0 -18 6 12
960 800 0 -15 5 10
960 800 0 -12 4 8
960 800 0 -9 3 6
960 800 0 -6 2 4
960 800 0 -3 1 2
960 800 0 3 -1 -2
960 800 0 6 -2 -4
960 800 0 9 -3 -6
960 800 0 12 -4 -8
960 800 0 15 -5 -10
960 800 0 18 -6 -12
960 800 0 21 -7 -14
960 800 0 24 -8 -16
960 800 0 27 -9 -18
960 800 0 30 -10 -20
960 800 0 33 -11 -22
960 800 0 36 -12 -24
960 800 0 39 -13 -26
960 800 0 42 -14 -28
960 800 0 45 -15 -30
960 800 0 48 -16 -32
960 800 0 51 -17 -34
960 800 0 54 -18 -36
960 800 0 57 -19 -38
960 800 0 60 -20 -40
960 800 0 63 -21 -42
960 800 0 66 -22 -44
960 800 0 69 -23 -46
960 800 0 72 -24 -48
960 800 0 75 -25 -50
960 800 0 78 -26 -52
960 800 0 81 -27 -54
960 800 0 84 -28 -56
960 800 0 87 -29 -58
960 800 0 90 -30 -60
960 800 0 93 -31 -62
960 800 0 96 -32 -64
960 800 0 99 -33 -66
960 800 0 102 -34 -68
960 800 0 105 -35 -70
960 800 0 108 -36 -72
960 800 0 111 -37 -74
960 800 0 114 -38 -76
960 800 0 117 -39 -78
960 800 0 120 -40 -80
960 800 0 123 -41 -82
960 800 0 126 -42 -84
960 800 0 129 -43 -86
960 800 0 132 -44 -88
960 800 0 135 -45 -90
960 800 0 138 -46 -92
960 800 0 141 -47 -94
960 800 0 144 -48 -96
960 800 0 147 -49 -98
960 800 0 150 -50 -100
966 805 0 -150 50 100
966 805 0 -147 49 98
966 805 0 -144 48 96
966 805 0 -141 47 94
966 805 0 -138 46 92
966 805 0 -135 45 90
966 805 0 -132 44 88
966 805 0 -129 43 86
966 805 0 -126 42 84
966 805 0 -123 41 82
966 805 0 -120 40 80
966 805 0 -117 39 78
966 805 0 -114 38 76
966 805 0 -111 37 74
966 805 0 -108 36 72
966 805 0 -105 35 70
966 805 0 -102 34 68
966 805 0 -99 33 66
966 805 0 -96 32 64
966 805 0 -93 31 62
966 805 0 -90 30 60
966 805 0 -87 29 58
966 805 0 -84 28 56
966 805 0 -81 27 54
966 805 0 -78 26 52
966 805 0 -75 25 50
966 805 0 -72 24 48
966 805 0 -69 23 46
966 805 0 -66 22 44
966 805 0 -63 21 42
966 805 0 -60 20 40
966 805 0 -57 19 38
966 805 0 -54 18 36
966 805 0 -51 17 34
966 805 0 -48 16 32
966 805 0 -45 15 30
966 805 0 -42 14 28
966 805 0 -39 13 26
966 805 0 -36 12 24
966 805 0 -33 11 22
966 805 0 -30 10 20
966 805 0 -27 9 18
966 805 0 -24 8 16
966 805 0 -21 7 14
966 805 0 -18 6 12
966 805 0 -15 5 10
966 805 0 -12 4 8
966 805 0 -9 3 6
966 805 0 -6 2 4
966 805 0 -3 1 2
966 805 0 3 -1 -2
966 805 0 6 -2 -4
966 805 0 9 -3 -6
966 805 0 12 -4 -8
966 805 0 15 -5 -10
966 805 0 18 -6 -12
966 805 0 21 -7 -14
966 805 0 24 -8 -16
966 805 0 27 -9 -18
966 805 0 30 -10 -20
966 805 0 33 -11 -22
966 805 0 36 -12 -24
966 805 0 39 -13 -26
966 805 0 42 -14 -28
966 805 0 45 -15 -30
966 805 0 48 -16 -32
966 805 0 51 -17 -34
966 805 0 54 -18 -36
966 805 0 57 -19 -38
966 805 0 60 -20 -40
966 805 0 63 -21 -42
966 805 0 66 -22 -44
966 805 0 69 -23 -46
966 805 0 72 -24 -48
966 805 0 75 -25 -50
966 805 0 78 -26 -52
966 805 0 81 -27 -54
966 805 0 84 -28 -56
966 805 0 87 -29 -58
966 805 0 90 -30 -60
966 805 0 93 -31 -62
966 805 0 96 -32 -64
966 805 0 99 -33 -66
966 805 0 102 -34 -68
966 805 0 105 -35 -70
966 805 0 108 -36 -72
966 805 0 111 -37 -74
966 805 0 114 -38 -76
966 805 0 117 -39 -78
966 805 0 120 -40 -80
966 805 0 123 -41 -82
966 805 0 126 -42 -84
966 805 0 129 -43 -86
966 805 0 132 -44 -88
966 805 0 135 -45 -90
966 805 0 138 -46 -92
966 805 0 141 -47 -94
966 805 0 144 -48 -96
966 805 0 147 -49 -98
966 805 0 150 -50 -100
972 810 0 -150 50 100
972 810 0 -147 49 98
972 810 0 -144 48 96
972 810 0 -141 47 94
972 810 0 -138 46 92
972 810 0 -135 45 90
972 810 0 -132 44 88
972 810 0 -129 43 86
972 810 0 -126 42 84
972 810 0 -123 41 82
972 810 0 -120 40 80
972 810 0 -117 39 78
972 810 0 -114 38 76
972 810 0 -111 37 74
972 810 0 -108 36 72
972 810 0 -105 35 70
972 810 0 -102 34 68
972 810 0 -99 33 66
972 810 0 -96 32 64
972 810 0 -93 31 62
972 810 0 -90 30 60
972 810 0 -87 29 58
972 810 0 -84 28 56
972 810 0 -81 27 54
972 810 0 -78 26 52
972 810 0 -75 25 50
972 810 0 -72 24 48
972 810 0 -69 23 46
972 810 0 -66 22 44
972 810 0 -63 21 42
972 810 0 -60 20 40
972 810 0 -57 19 38
972 810 0 -54 18 36
972 810 0 -51 17 34
972 810 0 -48 16 32
972 810 0 -45 15 30
972 810 0 -42 14 28
972 810 0 -39 13 26
972 810 0 -36 12 24
972 810 0 -33 11 22
972 810 0 -30 10 20
972 810 0 -27 9 18
972 810 0 -24 8 16
972 810 0 -21 7 14
972 810 0 -18 6 12
972 810 0 -15 5 10
972 810 0 -12 4 8
972 810 0 -9 3 6
972 810 0 -6 2 4
972 810 0 -3 1 2
972 810 0 3 -1 -2
972 810 0 6 -2 -4
972 810 0 9 -3 -6
972 810 0 12 -4 -8
972 810 0 15 -5 -10
972 810 0 18 -6 -12
972 810 0 21 -7 -14
972 810 0 24 -8 -16
972 810 0 27 -9 -18
972 810 0 30 -10 -20
972 810 0 33 -11 -22
972 810 0 36 -12 -24
972 810 0 39 -13 -26
972 810 0 42 -14 -28
972 810 0 45 -15 -30
972 810 0 48 -16 -32
972 810 0 51 -17 -34
972 810 0 54 -18 -36
972 810 0 57 -19 -38
972 810 0 60 -20 -40
972 810 0 63 -21 -42
972 810 0 66 -22 -44
972 810 0 69 -23 -46
972 810 0 72 -24 -48
972 810 0 75 -25 -50
972 810 0 78 -26 -52
972 810 0 81 -27 -54
972 810 0 84 -28 -56
972 810 0 87 -29 -58
972 810 0 90 -30 -60
972 810 0 93 -31 -62
972 810 0 96 -32 -64
972 810 0 99 -33 -66
972 810 0 102 -34 -68
972 810 0 105 -35 -70
972 810 0 108 -36 -72
972 810 0 111 -37 -74
972 810 0 114 -38 -76
972 810 0 117 -39 -78
972 810 0 120 -40 -80
972 810 0 123 -41 -82
972 810 0 126 -42 -84
972 810 0 129 -43 -86
972 810 0 132 -44 -88
972 810 0 135 -45 -90
972 810 0 138 -46 -92
972 810 0 141 -47 -94
972 810 0 144 -48 -96
972 810 0 147 -49 -98
972 810 0 150 -50 -100
978 815 0 -150 50 100
978 815 0 -147 49 98
978 815 0 -144 48 96
978 815 0 -141 47 94
978 815 0 -138 46 92
978 815 0 -135 45 90
978 815 0 -132 44 88
978 815 0 -129 43 86
978 815 0 -126 42 84
978 815 0 -123 41 82
978 815 0 -120 40 80
978 815 0 -117 39 78
978 815 0 -114 38 76
978 815 0 -111 37 74
978 815 0 -108 36 72
978 815 0 -105 35 70
978 815 0 -102 34 68
978 815 0 -99 33 66
978 815 0 -96 32 64
978 815 0 -93 31 62
978 815 0 -90 30 60
978 815 0 -87 29 58
978 815 0 -84 28 56
978 815 0 -81 27 54
978 815 0 -78 26 52
978 815 0 -75 25 50
978 815 0 -72 24 48
978 815 0 -69 23 46
978 815 0 -66 22 44
978 815 0 -63 21 42
978 815 0 -60 20 40
978 815 0 -57 19 38
978 815 0 -54 18 36
978 815 0 -51 17 34
978 815 0 -48 16 32
978 815 0 -45 15 30
978 815 0 -42 14 28
978 815 0 -39 13 26
978 815 0 -36 12 24
978 815 0 -33 11 22
978 815 0 -30 10 20
978 815 0 -27 9 18
978 815 0 -24 8 16
978 815 0 -21 7 14
978 815 0 -18 6 12
978 815 0 -15 5 10
978 815 0 -12 4 8
978 815 0 -9 3 6
978 815 0 -6 2 4
978 815 0 -3 1 2
978 815 0 3 -1 -2
978 815 0 6 -2 -4
978 815 0 9 -3 -6
978 815 0 12 -4 -8
978 815 0 15 -5 -10
978 815 0 18 -6 -12
978 815 0 21 -7 -14
978 815 0 24 -8 -16
978 815 0 27 -9 -18
978 815 0 30 -10 -20
978 815 0 33 -11 -22
978 815 0 36 -12 -24
978 815 0 39 -13 -26
978 815 0 42 -14 -28
978 815 0 45 -15 -30
978 815 0 48 -16 -32
978 815 0 51 -17 -34
978 815 0 54 -18 -36
978 815 0 57 -19 -38
978 815 0 60 -20 -40
978 815 0 63 -21 -42
978 815 0 66 -22 -44
978 815 0 69 -23 -46
978 815 0 72 -24 -48
978 815 0 75 -25 -50
978 815 0 78 -26 -52
978 815 0 81 -27 -54
978 815 0 84 -28 -56
978 815 0 87 -29 -58
978 815 0 90 -30 -60
978 815 0 93 -31 -62
978 815 0 96 -32 -64
978 815 0 99 -33 -66
978 815 0 102 -34 -68
978 815 0 105 -35 -70
978 815 0 108 -36 -72
978 815 0 111 -37 -74
978 815 0 114 -38 -76
978 815 0 117 -39 -78
978 815 0 120 -40 -80
978 815 0 123 -41 -82
978 815 0 126 -42 -84
978 815 0 129 -43 -86
978 815 0 132 -44 -88
978 815 0 135 -45 -90
978 815 0 138 -46 -92
978 815 0 141 -47 -94
978 815 0 144 -48 -96
978 815 0 147 -49 -98
978 815 0 150 -50 -100
984 820 0 -150 50 100
984 820 0 -147 49 98
984 820 0 -144 48 96
984 820 0 -141 47 94
984 820 0 -138 46 92
984 820 0 -135 45 90
984 820 0 -132 44 88
984 820 0 -129 43 86
984 820 0 -126 42 84
984 820 0 -123 41 82
984 820 0 -120 40 80
984 820 0 -117 39 78
984 820 0 -114 38 76
984 820 0 -111 37 74
984 820 0 -108 36 72
984 820 0 -105 35 70
984 820 0 -102 34 68
984 820 0 -99 33 66
984 820 0 -96 32 64
984 820 0 -93 31 62
984 820 0 -90 30 60
984 820 0 -87 29 58
984 820 0 -84 28 56
984 820 0 -81 27 54
984 820 0 -78 26 52
984 820 0 -75 25 50
984 820 0 -72 24 48
984 820 0 -69 23 46
984 820 0 -66 22 44
984 820 0 -63 21 42
984 820 0 -60 20 40
984 820 0 -57 19 38
984 820 0 -54 18 36
984 820 0 -51 17 34
984 820 0 -48 16 32
984 820 0 -45 15 30
984 820 0 -42 14 28
984 820 0 -39 13 26
984 820 0 -36 12 24
984 820 0 -33 11 22
984 820 0 -30 10 20
984 820 0 -27 9 18
984 820 0 -24 8 16
984 820 0 -21 7 14
984 820 0 -18 6 12
984 820 0 -15 5 10
984 820 0 -12 4 8
984 820 0 -9 3 6
984 820 0 -6 2 4
984 820 0 -3 1 2
984 820 0 3 -1 -2
984 820 0 6 -2 -4
984 820 0 9 -3 -6
984 820 0 12 -4 -8
984 820 0 15 -5 -10
984 820 0 18 -6 -12
984 820 0 21 -7 -14
984 820 0 24 -8 -16
984 820 0 27 -9 -18
984 820 0 30 -10 -20
984 820 0 33 -11 -22
984 820 0 36 -12 -24
984 820 0 39 -13 -26
984 820 0 42 -14 -28
984 820 0 45 -15 -30
984 820 0 48 -16 -32
984 820 0 51 -17 -34
984 820 0 54 -18 -36
984 820 0 57 -19 -38
984 820 0 60 -20 -40
984 820 0 63 -21 -42
984 820 0 66 -22 -44
984 820 0 69 -23 -46
984 820 0 72 -24 -48
984 820 0 75 -25 -50
984 820 0 78 -26 -52
984 820 0 81 -27 -54
984 820 0 84 -28 -56
984 820 0 87 -29 -58
984 820 0 90 -30 -60
984 820 0 93 -31 -62
984 820 0 96 -32 -64
984 820 0 99 -33 -66
984 820 0 102 -34 -68
984 820 0 105 -35 -70
984 820 0 108 -36 -72
984 820 0 111 -37 -74
984 820 0 114 -38 -76
984 820 0 117 -39 -78
984 820 0 120 -40 -80
984 820 0 123 -41 -82
984 820 0 126 -42 -84
984 820 0 129 -43 -86
984 820 0 132 -44 -88
984 820 0 135 -45 -90
984 820 0 138 -46 -92
984 820 0 141 -47 -94
984 820 0 144 -48 -96
984 820 0 147 -49 -98
984 820 0 150 -50 -100
990 825 0 -150 50 100
990 825 0 -147 49 98
990 825 0 -144 48 96
990 825 0 -141 47 94
990 825 0 -138 46 92
990 825 0 -135 45 90
990 825 0 -132 44 88
990 825 0 -129 43 86
990 825 0 -126 42 84
990 825 0 -123 41 82
990 825 0 -120 40 80
990 825 0 -117 39 78
990 825 0 -114 38 76
990 825 0 -111 37 74
990 825 0 -108 36 72
990 825 0 -105 35 70
990 825 0 -102 34 68
990 825 0 -99 33 66
990 825 0 -96 32 64
990 825 0 -93 31 62
990 825 0 -90 30 60
990 825 0 -87 29 58
990 825 0 -84 28 56
990 825 0 -81 27 54
990 825 0 -78 26 52
990 825 0 -75 25 50
990 825 0 -72 24 48
990 825 0 -69 23 46
990 825 0 -66 22 44
990 825 0 -63 21 42
990 825 0 -60 20 40
990 825 0 -57 19 38
990 825 0 -54 18 36
990 825 0 -51 17 34
990 825 0 -48 16 32
990 825 0 -45 15 30
990 825 0 -42 14 28
990 825 0 -39 13 26
990 825 0 -36 12 24
990 825 0 -33 11 22
990 825 0 -30 10 20
990 825 0 -27 9 18
990 825 0 -24 8 16
990 825 0 -21 7 14
990 825 0 -18 6 12
990 825 0 -15 5 10
990 825 0 -12 4 8
990 825 0 -9 3 6
990 825 0 -6 2 4
990 825 0 -3 1 2
990 825 0 3 -1 -2
990 825 0 6 -2 -4
990 825 0 9 -3 -6
990 825 0 12 -4 -8
990 825 0 15 -5 -10
990 825 0 18 -6 -12
990 825 0 21 -7 -14
990 825 0 24 -8 -16
990 825 0 27 -9 -18
990 825 0 30 -10 -20
990 825 0 33 -11 -22
990 825 0 36 -12 -24
990 825 0 39 -13 -26
990 825 0 42 -14 -28
990 825 0 45 -15 -30
990 825 0 48 -16 -32
990 825 0 51 -17 -34
990 825 0 54 -18 -36
990 825 0 57 -19 -38
990 825 0 60 -20 -40
990 825 0 63 -21 -42
990 825 0 66 -22 -44
990 825 0 69 -23 -46
990 825 0 72 -24 -48
990 825 0 75 -25 -50
990 825 0 78 -26 -52
990 825 0 81 -27 -54
990 825 0 84 -28 -56
990 825 0 87 -29 -58
990 825 0 90 -30 -60
990 825 0 93 -31 -62
990 825 0 96 -32 -64
990 825 0 99 -33 -66
990 825 0 102 -34 -68
990 825 0 105 -35 -70
990 825 0 108 -36 -72
990 825 0 111 -37 -74
990 825 0 114 -38 -76
990 825 0 117 -39 -78
990 825 0 120 -40 -80
990 825 0 123 -41 -82
990 825 0 126 -42 -84
990 825 0 129 -43 -86
990 825 0 132 -44 -88
990 825 0 135 -45 -90
990 825 0 138 -46 -92
990 825 0 141 -47 -94
990 825 0 144 -48 -96
990 825 0 147 -49 -98
990 825 0 150 -50 -100
996 830 0 -150 50 100
996 830 0 -147 49 98
996 830 0 -144 48 96
996 830 0 -141 47 94
996 830 0 -138 46 92
996 830 0 -135 45 90
996 830 0 -132 44 88
996 830 0 -129 43 86
996 830 0 -126 42 84
996 830 0 -123 41 82
996 830 0 -120 40 80
996 830 0 -117 39 78
996 830 0 -114 38 76
996 830 0 -111 37 74
996 830 0 -108 36 72
996 830 0 -105 35 70
996 830 0 -102 34 68
996 830 0 -99 33 66
996 830 0 -96 32 64
996 830 0 -93 31 62
996 830 0 -90 30 60
996 830 0 -87 29 58
996 830 0 -84 28 56
996 830 0 -81 27 54
996 830 0 -78 26 52
996 830 0 -75 25 50
996 830 0 -72 24 48
996 830 0 -69 23 46
996 830 0 -66 22 44
996 830 0 -63 21 42
996 830 0 -60 20 40
996 830 0 -57 19 38
996 830 0 -54 18 36
996 830 0 -51 17 34
996 830 0 -48 16 32
996 830 0 -45 15 30
996 830 0 -42 14 28
996 830 0 -39 13 26
996 830 0 -36 12 24
996 830 0 -33 11 22
996 830 0 -30 10 20
996 830 0 -27 9 18
996 830 0 -24 8 16
996 830 0 -21 7 14
996 830 0 -18 6 12
996 830 0 -15 5 10
996 830 0 -12 4 8
996 830 0 -9 3 6
996 830 0 -6 2 4
996 830 0 -3 1 2
996 830 0 3 -1 -2
996 830 0 6 -2 -4
996 830 0 9 -3 -6
996 830 0 12 -4 -8
996 830 0 15 -5 -10
996 830 0 18 -6 -12
996 830 0 21 -7 -14
996 830 0 24 -8 -16
996 830 0 27 -9 -18
996 830 0 30 -10 -20
996 830 0 33 -11 -22
996 830 0 36 -12 -24
996 830 0 39 -13 -26
996 830 0 42 -14 -28
996 830 0 45 -15 -30
996 830 0 48 -16 -32
996 830 0 51 -17 -34
996 830 0 54 -18 -36
996 830 0 57 -19 -38
996 830 0 60 -20 -40
996 830 0 63 -21 -42
996 830 0 66 -22 -44
996 830 0 69 -23 -46
996 830 0 72 -24 -48
996 830 0 75 -25 -50
996 830 0 78 -26 -52
996 830 0 81 -27 -54
996 830 0 84 -28 -56
996 830 0 87 -29 -58
996 830 0 90 -30 -60
996 830 0 93 -31 -62
996 830 0 96 -32 -64
996 830 0 99 -33 -66
996 830 0 102 -34 -68
996 830 0 105 -35 -70
996 830 0 108 -36 -72
996 830 0 111 -37 -74
996 830 0 114 -38 -76
996 830 0 117 -39 -78
996 830 0 120 -40 -80
996 830 0 123 -41 -82
996 830 0 126 -42 -84
996 830 0 129 -43 -86
996 830 0 132 -44 -88
996 830 0 135 -45 -90
996 830 0 138 -46 -92
996 830 0 141 -47 -94
996 830 0 144 -48 -96
996 830 0 147 -49 -98
996 830 0 150 -50 -100
