1002 835 0 -150 50 100
1002 835 0 -147 49 98
1002 835 0 -144 48 96
1002 835 0 -141 47 94
1002 835 0 -138 46 92
1002 835 0 -135 45 90
1002 835 0 -132 44 88
1002 835 0 -129 43 86
1002 835 0 -126 42 84
1002 835 0 -123 41 82
1002 835 0 -120 40 80
1002 835 0 -117 39 78
1002 835 0 -114 38 76
1002 835 0 -111 37 74
1002 835 0 -108 36 72
1002 835 0 -105 35 70
1002 835 0 -102 34 68
1002 835 0 -99 33 66
1002 835 0 -96 32 64
1002 835 0 -93 31 62
1002 835 0 -90 30 60
1002 835 0 -87 29 58
1002 835 0 -84 28 56
1002 835 0 -81 27 54
1002 835 0 -78 26 52
1002 835 0 -75 25 50
1002 835 0 -72 24 48
1002 835 0 -69 23 46
1002 835 0 -66 22 44
1002 835 0 -63 21 42
1002 835 0 -60 20 40
1002 835 0 -57 19 38
1002 835 0 -54 18 36
1002 835 0 -51 17 34
1002 835 0 -48 16 32
1002 835 0 -45 15 30
1002 835 0 -42 14 28
1002 835 0 -39 13 26
1002 835 0 -36 12 24
1002 835 0 -33 11 22
1002 835 0 -30 10 20
1002 835 0 -27 9 18
1002 835 0 -24 8 16
1002 835 0 -21 7 14
1002 835 0 -18 6 12
1002 835 0 -15 5 10
1002 835 0 -12 4 8
1002 835 0 -9 3 6
1002 835 0 -6 2 4
1002 835 0 -3 1 2
1002 835 0 3 -1 -2
1002 835 0 6 -2 -4
1002 835 0 9 -3 -6
1002 835 0 12 -4 -8
1002 835 0 15 -5 -10
1002 835 0 18 -6 -12
1002 835 0 21 -7 -14
1002 835 0 24 -8 -16
1002 835 0 27 -9 -18
1002 835 0 30 -10 -20
1002 835 0 33 -11 -22
1002 835 0 36 -12 -24
1002 835 0 39 -13 -26
1002 835 0 42 -14 -28
1002 835 0 45 -15 -30
1002 835 0 48 -16 -32
1002 835 0 51 -17 -34
1002 835 0 54 -18 -36
1002 835 0 57 -19 -38
1002 835 0 60 -20 -40
1002 835 0 63 -21 -42
1002 835 0 66 -22 -44
1002 835 0 69 -23 -46
1002 835 0 72 -24 -48
1002 835 0 75 -25 -50
1002 835 0 78 -26 -52
1002 835 0 81 -27 -54
1002 835 0 84 -28 -56
1002 835 0 87 -29 -58
1002 835 0 90 -30 -60
1002 835 0 93 -31 -62
1002 835 0 96 -32 -64
1002 835 0 99 -33 -66
1002 835 0 102 -34 -68
1002 835 0 105 -35 -70
1002 835 0 108 -36 -72
1002 835 0 111 -37 -74
1002 835 0 114 -38 -76
1002 835 0 117 -39 -78
1002 835 0 120 -40 -80
1002 835 0 123 -41 -82
1002 835 0 126 -42 -84
1002 835 0 129 -43 -86
1002 835 0 132 -44 -88
1002 835 0 135 -45 -90
1002 835 0 138 -46 -92
1002 835 0 141 -47 -94
1002 835 0 144 -48 -96
1002 835 0 147 -49 -98
1002 835 0 150 -50 -100
1008 840 0 -150 50 100
1008 840 0 -147 49 98
1008 840 0 -144 48 96
1008 840 0 -141 47 94
1008 840 0 -138 46 92
1008 840 0 -135 45 90
1008 840 0 -132 44 88
1008 840 0 -129 43 86
1008 840 0 -126 42 84
1008 840 0 -123 41 82
1008 840 0 -120 40 80
1008 840 0 -117 39 78
1008 840 0 -114 38 76
1008 840 0 -111 37 74
1008 840 0 -108 36 72
1008 840 0 -105 35 70
1008 840 0 -102 34 68
1008 840 0 -99 33 66
1008 840 0 -96 32 64
1008 840 0 -93 31 62
1008 840 0 -90 30 60
1008 840 0 -87 29 58
1008 840 0 -84 28 56
1008 840 0 -81 27 54
1008 840 0 -78 26 52
1008 840 0 -75 25 50
1008 840 0 -72 24 48
1008 840 0 -69 23 46
1008 840 0 -66 22 44
1008 840 0 -63 21 42
1008 840 0 -60 20 40
1008 840 0 -57 19 38
1008 840 0 -54 18 36
1008 840 0 -51 17 34
1008 840 0 -48 16 32
1008 840 0 -45 15 30
1008 840 0 -42 14 28
1008 840 0 -39 13 26
1008 840 0 -36 12 24
1008 840 0 -33 11 22
1008 840 0 -30 10 20
1008 840 0 -27 9 18
1008 840 0 -24 8 16
1008 840 0 -21 7 14
1008 840 0 -18 6 12
1008 840 0 -15 5 10
1008 840 0 -12 4 8
1008 840 0 -9 3 6
1008 840 0 -6 2 4
1008 840 0 -3 1 2
1008 840 0 3 -1 -2
1008 840 0 6 -2 -4
1008 840 0 9 -3 -6
1008 840 0 12 -4 -8
1008 840 0 15 -5 -10
1008 840 0 18 -6 -12
1008 840 0 21 -7 -14
1008 840 0 24 -8 -16
1008 840 0 27 -9 -18
1008 840 0 30 -10 -20
1008 840 0 33 -11 -22
1008 840 0 36 -12 -24
1008 840 0 39 -13 -26
1008 840 0 42 -14 -28
1008 840 0 45 -15 -30
1008 840 0 48 -16 -32
1008 840 0 51 -17 -34
1008 840 0 54 -18 -36
1008 840 0 57 -19 -38
1008 840 0 60 -20 -40
1008 840 0 63 -21 -42
1008 840 0 66 -22 -44
1008 840 0 69 -23 -46
1008 840 0 72 -24 -48
1008 840 0 75 -25 -50
1008 840 0 78 -26 -52
1008 840 0 81 -27 -54
1008 840 0 84 -28 -56
1008 840 0 87 -29 -58
1008 840 0 90 -30 -60
1008 840 0 93 -31 -62
1008 840 0 96 -32 -64
1008 840 0 99 -33 -66
1008 840 0 102 -34 -68
1008 840 0 105 -35 -70
1008 840 0 108 -36 -72
1008 840 0 111 -37 -74
1008 840 0 114 -38 -76
1008 840 0 117 -39 -78
1008 840 0 120 -40 -80
1008 840 0 123 -41 -82
1008 840 0 126 -42 -84
1008 840 0 129 -43 -86
1008 840 0 132 -44 -88
1008 840 0 135 -45 -90
1008 840 0 138 -46 -92
1008 840 0 141 -47 -94
1008 840 0 144 -48 -96
1008 840 0 147 -49 -98
1008 840 0 150 -50 -100
1014 845 0 -150 50 100
1014 845 0 -147 49 98
1014 845 0 -144 48 96
1014 845 0 -141 47 94
1014 845 0 -138 46 92
1014 845 0 -135 45 90
1014 845 0 -132 44 88
1014 845 0 -129 43 86
1014 845 0 -126 42 84
1014 845 0 -123 41 82
1014 845 0 -120 40 80
1014 845 0 -117 39 78
1014 845 0 -114 38 76
1014 845 0 -111 37 74
1014 845 0 -108 36 72
1014 845 0 -105 35 70
1014 845 0 -102 34 68
1014 845 0 -99 33 66
1014 845 0 -96 32 64
1014 845 0 -93 31 62
1014 845 0 -90 30 60
1014 845 0 -87 29 58
1014 845 0 -84 28 56
1014 845 0 -81 27 54
1014 845 0 -78 26 52
1014 845 0 -75 25 50
1014 845 0 -72 24 48
1014 845 0 -69 23 46
1014 845 0 -66 22 44
1014 845 0 -63 21 42
1014 845 0 -60 20 40
1014 845 0 -57 19 38
1014 845 0 -54 18 36
1014 845 0 -51 17 34
1014 845 0 -48 16 32
1014 845 0 -45 15 30
1014 845 0 -42 14 28
1014 845 0 -39 13 26
1014 845 0 -36 12 24
1014 845 0 -33 11 22
1014 845 0 -30 10 20
1014 845 0 -27 9 18
1014 845 0 -24 8 16
1014 845 0 -21 7 14
1014 845 0 -18 6 12
1014 845 0 -15 5 10
1014 845 0 -12 4 8
1014 845 0 -9 3 6
1014 845 0 -6 2 4
1014 845 0 -3 1 2
1014 845 0 3 -1 -2
1014 845 0 6 -2 -4
1014 845 0 9 -3 -6
1014 845 0 12 -4 -8
1014 845 0 15 -5 -10
1014 845 0 18 -6 -12
1014 845 0 21 -7 -14
1014 845 0 24 -8 -16
1014 845 0 27 -9 -18
1014 845 0 30 -10 -20
1014 845 0 33 -11 -22
1014 845 0 36 -12 -24
1014 845 0 39 -13 -26
1014 845 0 42 -14 -28
1014 845 0 45 -15 -30
1014 845 0 48 -16 -32
1014 845 0 51 -17 -34
1014 845 0 54 -18 -36
1014 845 0 57 -19 -38
1014 845 0 60 -20 -40
1014 845 0 63 -21 -42
1014 845 0 66 -22 -44
1014 845 0 69 -23 -46
1014 845 0 72 -24 -48
1014 845 0 75 -25 -50
1014 845 0 78 -26 -52
1014 845 0 81 -27 -54
1014 845 0 84 -28 -56
1014 845 0 87 -29 -58
1014 845 0 90 -30 -60
1014 845 0 93 -31 -62
1014 845 0 96 -32 -64
1014 845 0 99 -33 -66
1014 845 0 102 -34 -68
1014 845 0 105 -35 -70
1014 845 0 108 -36 -72
1014 845 0 111 -37 -74
1014 845 0 114 -38 -76
1014 845 0 117 -39 -78
1014 845 0 120 -40 -80
1014 845 0 123 -41 -82
1014 845 0 126 -42 -84
1014 845 0 129 -43 -86
1014 845 0 132 -44 -88
1014 845 0 135 -45 -90
1014 845 0 138 -46 -92
1014 845 0 141 -47 -94
1014 845 0 144 -48 -96
1014 845 0 147 -49 -98
1014 845 0 150 -50 -100
1020 850 0 -150 50 100
1020 850 0 -147 49 98
1020 850 0 -144 48 96
1020 850 0 -141 47 94
1020 850 0 -138 46 92
1020 850 0 -135 45 90
1020 850 0 -132 44 88
1020 850 0 -129 43 86
1020 850 0 -126 42 84
1020 850 0 -123 41 82
1020 850 0 -120 40 80
1020 850 0 -117 39 78
1020 850 0 -114 38 76
1020 850 0 -111 37 74
1020 850 0 -108 36 72
1020 850 0 -105 35 70
1020 850 0 -102 34 68
1020 850 0 -99 33 66
1020 850 0 -96 32 64
1020 850 0 -93 31 62
1020 850 0 -90 30 60
1020 850 0 -87 29 58
1020 850 0 -84 28 56
1020 850 0 -81 27 54
1020 850 0 -78 26 52
1020 850 0 -75 25 50
1020 850 0 -72 24 48
1020 850 0 -69 23 46
1020 850 0 -66 22 44
1020 850 0 -63 21 42
1020 850 0 -60 20 40
1020 850 0 -57 19 38
1020 850 0 -54 18 36
1020 850 0 -51 17 34
1020 850 0 -48 16 32
1020 850 0 -45 15 30
1020 850 0 -42 14 28
1020 850 0 -39 13 26
1020 850 0 -36 12 24
1020 850 0 -33 11 22
1020 850 0 -30 10 20
1020 850 0 -27 9 18
1020 850 0 -24 8 16
1020 850 0 -21 7 14
1020 850 0 -18 6 12
1020 850 0 -15 5 10
1020 850 0 -12 4 8
1020 850 0 -9 3 6
1020 850 0 -6 2 4
1020 850 0 -3 1 2
1020 850 0 3 -1 -2
1020 850 0 6 -2 -4
1020 850 0 9 -3 -6
1020 850 0 12 -4 -8
1020 850 0 15 -5 -10
1020 850 0 18 -6 -12
1020 850 0 21 -7 -14
1020 850 0 24 -8 -16
1020 850 0 27 -9 -18
1020 850 0 30 -10 -20
1020 850 0 33 -11 -22
1020 850 0 36 -12 -24
1020 850 0 39 -13 -26
1020 850 0 42 -14 -28
1020 850 0 45 -15 -30
1020 850 0 48 -16 -32
1020 850 0 51 -17 -34
1020 850 0 54 -18 -36
1020 850 0 57 -19 -38
1020 850 0 60 -20 -40
1020 850 0 63 -21 -42
1020 850 0 66 -22 -44
1020 850 0 69 -23 -46
1020 850 0 72 -24 -48
1020 850 0 75 -25 -50
1020 850 0 78 -26 -52
1020 850 0 81 -27 -54
1020 850 0 84 -28 -56
1020 850 0 87 -29 -58
1020 850 0 90 -30 -60
1020 850 0 93 -31 -62
1020 850 0 96 -32 -64
1020 850 0 99 -33 -66
1020 850 0 102 -34 -68
1020 850 0 105 -35 -70
1020 850 0 108 -36 -72
1020 850 0 111 -37 -74
1020 850 0 114 -38 -76
1020 850 0 117 -39 -78
1020 850 0 120 -40 -80
1020 850 0 123 -41 -82
1020 850 0 126 -42 -84
1020 850 0 129 -43 -86
1020 850 0 132 -44 -88
1020 850 0 135 -45 -90
1020 850 0 138 -46 -92
1020 850 0 141 -47 -94
1020 850 0 144 -48 -96
1020 850 0 147 -49 -98
1020 850 0 150 -50 -100
1026 855 0 -150 50 100
1026 855 0 -147 49 98
1026 855 0 -144 48 96
1026 855 0 -141 47 94
1026 855 0 -138 46 92
1026 855 0 -135 45 90
1026 855 0 -132 44 88
1026 855 0 -129 43 86
1026 855 0 -126 42 84
1026 855 0 -123 41 82
1026 855 0 -120 40 80
1026 855 0 -117 39 78
1026 855 0 -114 38 76
1026 855 0 -111 37 74
1026 855 0 -108 36 72
1026 855 0 -105 35 70
1026 855 0 -102 34 68
1026 855 0 -99 33 66
1026 855 0 -96 32 64
1026 855 0 -93 31 62
1026 855 0 -90 30 60
1026 855 0 -87 29 58
1026 855 0 -84 28 56
1026 855 0 -81 27 54
1026 855 0 -78 26 52
1026 855 0 -75 25 50
1026 855 0 -72 24 48
1026 855 0 -69 23 46
1026 855 0 -66 22 44
1026 855 0 -63 21 42
1026 855 0 -60 20 40
1026 855 0 -57 19 38
1026 855 0 -54 18 36
1026 855 0 -51 17 34
1026 855 0 -48 16 32
1026 855 0 -45 15 30
1026 855 0 -42 14 28
1026 855 0 -39 13 26
1026 855 0 -36 12 24
1026 855 0 -33 11 22
1026 855 0 -30 10 20
1026 855 0 -27 9 18
1026 855 0 -24 8 16
1026 855 0 -21 7 14
1026 855 0 -18 6 12
1026 855 0 -15 5 10
1026 855 0 -12 4 8
1026 855 0 -9 3 6
1026 855 0 -6 2 4
1026 855 0 -3 1 2
1026 855 0 3 -1 -2
1026 855 0 6 -2 -4
1026 855 0 9 -3 -6
1026 855 0 12 -4 -8
1026 855 0 15 -5 -10
1026 855 0 18 -6 -12
1026 855 0 21 -7 -14
1026 855 0 24 -8 -16
1026 855 0 27 -9 -18
1026 855 0 30 -10 -20
1026 855 0 33 -11 -22
1026 855 0 36 -12 -24
1026 855 0 39 -13 -26
1026 855 0 42 -14 -28
1026 855 0 45 -15 -30
1026 855 0 48 -16 -32
1026 855 0 51 -17 -34
1026 855 0 54 -18 -36
1026 855 0 57 -19 -38
1026 855 0 60 -20 -40
1026 855 0 63 -21 -42
1026 855 0 66 -22 -44
1026 855 0 69 -23 -46
1026 855 0 72 -24 -48
1026 855 0 75 -25 -50
1026 855 0 78 -26 -52
1026 855 0 81 -27 -54
1026 855 0 84 -28 -56
1026 855 0 87 -29 -58
1026 855 0 90 -30 -60
1026 855 0 93 -31 -62
1026 855 0 96 -32 -64
1026 855 0 99 -33 -66
1026 855 0 102 -34 -68
1026 855 0 105 -35 -70
1026 855 0 108 -36 -72
1026 855 0 111 -37 -74
1026 855 0 114 -38 -76
1026 855 0 117 -39 -78
1026 855 0 120 -40 -80
1026 855 0 123 -41 -82
1026 855 0 126 -42 -84
1026 855 0 129 -43 -86
1026 855 0 132 -44 -88
1026 855 0 135 -45 -90
1026 855 0 138 -46 -92
1026 855 0 141 -47 -94
1026 855 0 144 -48 -96
1026 855 0 147 -49 -98
1026 855 0 150 -50 -100
1032 860 0 -150 50 100
1032 860 0 -147 49 98
1032 860 0 -144 48 96
1032 860 0 -141 47 94
1032 860 0 -138 46 92
1032 860 0 -135 45 90
1032 860 0 -132 44 88
1032 860 0 -129 43 86
1032 860 0 -126 42 84
1032 860 0 -123 41 82
1032 860 0 -120 40 80
1032 860 0 -117 39 78
1032 860 0 -114 38 76
1032 860 0 -111 37 74
1032 860 0 -108 36 72
1032 860 0 -105 35 70
1032 860 0 -102 34 68
1032 860 0 -99 33 66
1032 860 0 -96 32 64
1032 860 0 -93 31 62
1032 860 0 -90 30 60
1032 860 0 -87 29 58
1032 860 0 -84 28 56
1032 860 0 -81 27 54
1032 860 0 -78 26 52
1032 860 0 -75 25 50
1032 860 0 -72 24 48
1032 860 0 -69 23 46
1032 860 0 -66 22 44
1032 860 0 -63 21 42
1032 860 0 -60 20 40
1032 860 0 -57 19 38
1032 860 0 -54 18 36
1032 860 0 -51 17 34
1032 860 0 -48 16 32
1032 860 0 -45 15 30
1032 860 0 -42 14 28
1032 860 0 -39 13 26
1032 860 0 -36 12 24
1032 860 0 -33 11 22
1032 860 0 -30 10 20
1032 860 0 -27 9 18
1032 860 0 -24 8 16
1032 860 0 -21 7 14
1032 860 0 -18 6 12
1032 860 0 -15 5 10
1032 860 0 -12 4 8
1032 860 0 -9 3 6
1032 860 0 -6 2 4
1032 860 0 -3 1 2
1032 860 0 3 -1 -2
1032 860 0 6 -2 -4
1032 860 0 9 -3 -6
1032 860 0 12 -4 -8
1032 860 0 15 -5 -10
1032 860 0 18 -6 -12
1032 860 0 21 -7 -14
1032 860 0 24 -8 -16
1032 860 0 27 -9 -18
1032 860 0 30 -10 -20
1032 860 0 33 -11 -22
1032 860 0 36 -12 -24
1032 860 0 39 -13 -26
1032 860 0 42 -14 -28
1032 860 0 45 -15 -30
1032 860 0 48 -16 -32
1032 860 0 51 -17 -34
1032 860 0 54 -18 -36
1032 860 0 57 -19 -38
1032 860 0 60 -20 -40
1032 860 0 63 -21 -42
1032 860 0 66 -22 -44
1032 860 0 69 -23 -46
1032 860 0 72 -24 -48
1032 860 0 75 -25 -50
1032 860 0 78 -26 -52
1032 860 0 81 -27 -54
1032 860 0 84 -28 -56
1032 860 0 87 -29 -58
1032 860 0 90 -30 -60
1032 860 0 93 -31 -62
1032 860 0 96 -32 -64
1032 860 0 99 -33 -66
1032 860 0 102 -34 -68
1032 860 0 105 -35 -70
1032 860 0 108 -36 -72
1032 860 0 111 -37 -74
1032 860 0 114 -38 -76
1032 860 0 117 -39 -78
1032 860 0 120 -40 -80
1032 860 0 123 -41 -82
1032 860 0 126 -42 -84
1032 860 0 129 -43 -86
1032 860 0 132 -44 -88
1032 860 0 135 -45 -90
1032 860 0 138 -46 -92
1032 860 0 141 -47 -94
1032 860 0 144 -48 -96
1032 860 0 147 -49 -98
1032 860 0 150 -50 -100
1038 865 0 -150 50 100
1038 865 0 -147 49 98
1038 865 0 -144 48 96
1038 865 0 -141 47 94
1038 865 0 -138 46 92
1038 865 0 -135 45 90
1038 865 0 -132 44 88
1038 865 0 -129 43 86
1038 865 0 -126 42 84
1038 865 0 -123 41 82
1038 865 0 -120 40 80
1038 865 0 -117 39 78
1038 865 0 -114 38 76
1038 865 0 -111 37 74
1038 865 0 -108 36 72
1038 865 0 -105 35 70
1038 865 0 -102 34 68
1038 865 0 -99 33 66
1038 865 0 -96 32 64
1038 865 0 -93 31 62
1038 865 0 -90 30 60
1038 865 0 -87 29 58
1038 865 0 -84 28 56
1038 865 0 -81 27 54
1038 865 0 -78 26 52
1038 865 0 -75 25 50
1038 865 0 -72 24 48
1038 865 0 -69 23 46
1038 865 0 -66 22 44
1038 865 0 -63 21 42
1038 865 0 -60 20 40
1038 865 0 -57 19 38
1038 865 0 -54 18 36
1038 865 0 -51 17 34
1038 865 0 -48 16 32
1038 865 0 -45 15 30
1038 865 0 -42 14 28
1038 865 0 -39 13 26
1038 865 0 -36 12 24
1038 865 0 -33 11 22
1038 865 0 -30 10 20
1038 865 0 -27 9 18
1038 865 0 -24 8 16
1038 865 0 -21 7 14
1038 865 0 -18 6 12
1038 865 0 -15 5 10
1038 865 0 -12 4 8
1038 865 0 -9 3 6
1038 865 0 -6 2 4
1038 865 0 -3 1 2
1038 865 0 3 -1 -2
1038 865 0 6 -2 -4
1038 865 0 9 -3 -6
1038 865 0 12 -4 -8
1038 865 0 15 -5 -10
1038 865 0 18 -6 -12
1038 865 0 21 -7 -14
1038 865 0 24 -8 -16
1038 865 0 27 -9 -18
1038 865 0 30 -10 -20
1038 865 0 33 -11 -22
1038 865 0 36 -12 -24
1038 865 0 39 -13 -26
1038 865 0 42 -14 -28
1038 865 0 45 -15 -30
1038 865 0 48 -16 -32
1038 865 0 51 -17 -34
1038 865 0 54 -18 -36
1038 865 0 57 -19 -38
1038 865 0 60 -20 -40
1038 865 0 63 -21 -42
1038 865 0 66 -22 -44
1038 865 0 69 -23 -46
1038 865 0 72 -24 -48
1038 865 0 75 -25 -50
1038 865 0 78 -26 -52
1038 865 0 81 -27 -54
1038 865 0 84 -28 -56
1038 865 0 87 -29 -58
1038 865 0 90 -30 -60
1038 865 0 93 -31 -62
1038 865 0 96 -32 -64
1038 865 0 99 -33 -66
1038 865 0 102 -34 -68
1038 865 0 105 -35 -70
1038 865 0 108 -36 -72
1038 865 0 111 -37 -74
1038 865 0 114 -38 -76
1038 865 0 117 -39 -78
1038 865 0 120 -40 -80
1038 865 0 123 -41 -82
1038 865 0 126 -42 -84
1038 865 0 129 -43 -86
1038 865 0 132 -44 -88
1038 865 0 135 -45 -90
1038 865 0 138 -46 -92
1038 865 0 141 -47 -94
1038 865 0 144 -48 -96
1038 865 0 147 -49 -98
1038 865 0 150 -50 -100
1044 870 0 -150 50 100
1044 870 0 -147 49 98
1044 870 0 -144 48 96
1044 870 0 -141 47 94
1044 870 0 -138 46 92
1044 870 0 -135 45 90
1044 870 0 -132 44 88
1044 870 0 -129 43 86
1044 870 0 -126 42 84
1044 870 0 -123 41 82
1044 870 0 -120 40 80
1044 870 0 -117 39 78
1044 870 0 -114 38 76
1044 870 0 -111 37 74
1044 870 0 -108 36 72
1044 870 0 -105 35 70
1044 870 0 -102 34 68
1044 870 0 -99 33 66
1044 870 0 -96 32 64
1044 870 0 -93 31 62
1044 870 0 -90 30 60
1044 870 0 -87 29 58
1044 870 0 -84 28 56
1044 870 0 -81 27 54
1044 870 0 -78 26 52
1044 870 0 -75 25 50
1044 870 0 -72 24 48
1044 870 0 -69 23 46
1044 870 0 -66 22 44
1044 870 0 -63 21 42
1044 870 0 -60 20 40
1044 870 0 -57 19 38
1044 870 0 -54 18 36
1044 870 0 -51 17 34
1044 870 0 -48 16 32
1044 870 0 -45 15 30
1044 870 0 -42 14 28
1044 870 0 -39 13 26
1044 870 0 -36 12 24
1044 870 0 -33 11 22
1044 870 0 -30 10 20
1044 870 0 -27 9 18
1044 870 0 -24 8 16
1044 870 0 -21 7 14
1044 870 0 -18 6 12
1044 870 0 -15 5 10
1044 870 0 -12 4 8
1044 870 0 -9 3 6
1044 870 0 -6 2 4
1044 870 0 -3 1 2
1044 870 0 3 -1 -2
1044 870 0 6 -2 -4
1044 870 0 9 -3 -6
1044 870 0 12 -4 -8
1044 870 0 15 -5 -10
1044 870 0 18 -6 -12
1044 870 0 21 -7 -14
1044 870 0 24 -8 -16
1044 870 0 27 -9 -18
1044 870 0 30 -10 -20
1044 870 0 33 -11 -22
1044 870 0 36 -12 -24
1044 870 0 39 -13 -26
1044 870 0 42 -14 -28
1044 870 0 45 -15 -30
1044 870 0 48 -16 -32
1044 870 0 51 -17 -34
1044 870 0 54 -18 -36
1044 870 0 57 -19 -38
1044 870 0 60 -20 -40
1044 870 0 63 -21 -42
1044 870 0 66 -22 -44
1044 870 0 69 -23 -46
1044 870 0 72 -24 -48
1044 870 0 75 -25 -50
1044 870 0 78 -26 -52
1044 870 0 81 -27 -54
1044 870 0 84 -28 -56
1044 870 0 87 -29 -58
1044 870 0 90 -30 -60
1044 870 0 93 -31 -62
1044 870 0 96 -32 -64
1044 870 0 99 -33 -66
1044 870 0 102 -34 -68
1044 870 0 105 -35 -70
1044 870 0 108 -36 -72
1044 870 0 111 -37 -74
1044 870 0 114 -38 -76
1044 870 0 117 -39 -78
1044 870 0 120 -40 -80
1044 870 0 123 -41 -82
1044 870 0 126 -42 -84
1044 870 0 129 -43 -86
1044 870 0 132 -44 -88
1044 870 0 135 -45 -90
1044 870 0 138 -46 -92
1044 870 0 141 -47 -94
1044 870 0 144 -48 -96
1044 870 0 147 -49 -98
1044 870 0 150 -50 -100
1050 875 0 -150 50 100
1050 875 0 -147 49 98
1050 875 0 -144 48 96
1050 875 0 -141 47 94
1050 875 0 -138 46 92
1050 875 0 -135 45 90
1050 875 0 -132 44 88
1050 875 0 -129 43 86
1050 875 0 -126 42 84
1050 875 0 -123 41 82
1050 875 0 -120 40 80
1050 875 0 -117 39 78
1050 875 0 -114 38 76
1050 875 0 -111 37 74
1050 875 0 -108 36 72
1050 875 0 -105 35 70
1050 875 0 -102 34 68
1050 875 0 -99 33 66
1050 875 0 -96 32 64
1050 875 0 -93 31 62
1050 875 0 -90 30 60
1050 875 0 -87 29 58
1050 875 0 -84 28 56
1050 875 0 -81 27 54
1050 875 0 -78 26 52
1050 875 0 -75 25 50
1050 875 0 -72 24 48
1050 875 0 -69 23 46
1050 875 0 -66 22 44
1050 875 0 -63 21 42
1050 875 0 -60 20 40
1050 875 0 -57 19 38
1050 875 0 -54 18 36
1050 875 0 -51 17 34
1050 875 0 -48 16 32
1050 875 0 -45 15 30
1050 875 0 -42 14 28
1050 875 0 -39 13 26
1050 875 0 -36 12 24
1050 875 0 -33 11 22
1050 875 0 -30 10 20
1050 875 0 -27 9 18
1050 875 0 -24 8 16
1050 875 0 -21 7 14
1050 875 0 -18 6 12
1050 875 0 -15 5 10
1050 875 0 -12 4 8
1050 875 0 -9 3 6
1050 875 0 -6 2 4
1050 875 0 -3 1 2
1050 875 0 3 -1 -2
1050 875 0 6 -2 -4
1050 875 0 9 -3 -6
1050 875 0 12 -4 -8
1050 875 0 15 -5 -10
1050 875 0 18 -6 -12
1050 875 0 21 -7 -14
1050 875 0 24 -8 -16
1050 875 0 27 -9 -18
1050 875 0 30 -10 -20
1050 875 0 33 -11 -22
1050 875 0 36 -12 -24
1050 875 0 39 -13 -26
1050 875 0 42 -14 -28
1050 875 0 45 -15 -30
1050 875 0 48 -16 -32
1050 875 0 51 -17 -34
1050 875 0 54 -18 -36
1050 875 0 57 -19 -38
1050 875 0 60 -20 -40
1050 875 0 63 -21 -42
1050 875 0 66 -22 -44
1050 875 0 69 -23 -46
1050 875 0 72 -24 -48
1050 875 0 75 -25 -50
1050 875 0 78 -26 -52
1050 875 0 81 -27 -54
1050 875 0 84 -28 -56
1050 875 0 87 -29 -58
1050 875 0 90 -30 -60
1050 875 0 93 -31 -62
1050 875 0 96 -32 -64
1050 875 0 99 -33 -66
1050 875 0 102 -34 -68
1050 875 0 105 -35 -70
1050 875 0 108 -36 -72
1050 875 0 111 -37 -74
1050 875 0 114 -38 -76
1050 875 0 117 -39 -78
1050 875 0 120 -40 -80
1050 875 0 123 -41 -82
1050 875 0 126 -42 -84
1050 875 0 129 -43 -86
1050 875 0 132 -44 -88
1050 875 0 135 -45 -90
1050 875 0 138 -46 -92
1050 875 0 141 -47 -94
1050 875 0 144 -48 -96
1050 875 0 147 -49 -98
1050 875 0 150 -50 -100
1056 880 0 -150 50 100
1056 880 0 -147 49 98
1056 880 0 -144 48 96
1056 880 0 -141 47 94
1056 880 0 -138 46 92
1056 880 0 -135 45 90
1056 880 0 -132 44 88
1056 880 0 -129 43 86
1056 880 0 -126 42 84
1056 880 0 -123 41 82
1056 880 0 -120 40 80
1056 880 0 -117 39 78
1056 880 0 -114 38 76
1056 880 0 -111 37 74
1056 880 0 -108 36 72
1056 880 0 -105 35 70
1056 880 0 -102 34 68
1056 880 0 -99 33 66
1056 880 0 -96 32 64
1056 880 0 -93 31 62
1056 880 0 -90 30 60
1056 880 0 -87 29 58
1056 880 0 -84 28 56
1056 880 0 -81 27 54
1056 880 0 -78 26 52
1056 880 0 -75 25 50
1056 880 0 -72 24 48
1056 880 0 -69 23 46
1056 880 0 -66 22 44
1056 880 0 -63 21 42
1056 880 0 -60 20 40
1056 880 0 -57 19 38
1056 880 0 -54 18 36
1056 880 0 -51 17 34
1056 880 0 -48 16 32
1056 880 0 -45 15 30
1056 880 0 -42 14 28
1056 880 0 -39 13 26
1056 880 0 -36 12 24
1056 880 0 -33 11 22
1056 880 0 -30 10 20
1056 880 0 -27 9 18
1056 880 0 -24 8 16
1056 880 0 -21 7 14
1056 880 0 -18 6 12
1056 880 0 -15 5 10
1056 880 0 -12 4 8
1056 880 0 -9 3 6
1056 880 0 -6 2 4
1056 880 0 -3 1 2
1056 880 0 3 -1 -2
1056 880 0 6 -2 -4
1056 880 0 9 -3 -6
1056 880 0 12 -4 -8
1056 880 0 15 -5 -10
1056 880 0 18 -6 -12
1056 880 0 21 -7 -14
1056 880 0 24 -8 -16
1056 880 0 27 -9 -18
1056 880 0 30 -10 -20
1056 880 0 33 -11 -22
1056 880 0 36 -12 -24
1056 880 0 39 -13 -26
1056 880 0 42 -14 -28
1056 880 0 45 -15 -30
1056 880 0 48 -16 -32
1056 880 0 51 -17 -34
1056 880 0 54 -18 -36
1056 880 0 57 -19 -38
1056 880 0 60 -20 -40
1056 880 0 63 -21 -42
1056 880 0 66 -22 -44
1056 880 0 69 -23 -46
1056 880 0 72 -24 -48
1056 880 0 75 -25 -50
1056 880 0 78 -26 -52
1056 880 0 81 -27 -54
1056 880 0 84 -28 -56
1056 880 0 87 -29 -58
1056 880 0 90 -30 -60
1056 880 0 93 -31 -62
1056 880 0 96 -32 -64
1056 880 0 99 -33 -66
1056 880 0 102 -34 -68
1056 880 0 105 -35 -70
1056 880 0 108 -36 -72
1056 880 0 111 -37 -74
1056 880 0 114 -38 -76
1056 880 0 117 -39 -78
1056 880 0 120 -40 -80
1056 880 0 123 -41 -82
1056 880 0 126 -42 -84
1056 880 0 129 -43 -86
1056 880 0 132 -44 -88
1056 880 0 135 -45 -90
1056 880 0 138 -46 -92
1056 880 0 141 -47 -94
1056 880 0 144 -48 -96
1056 880 0 147 -49 -98
1056 880 0 150 -50 -100
1062 885 0 -150 50 100
1062 885 0 -147 49 98
1062 885 0 -144 48 96
1062 885 0 -141 47 94
1062 885 0 -138 46 92
1062 885 0 -135 45 90
1062 885 0 -132 44 88
1062 885 0 -129 43 86
1062 885 0 -126 42 84
1062 885 0 -123 41 82
1062 885 0 -120 40 80
1062 885 0 -117 39 78
1062 885 0 -114 38 76
1062 885 0 -111 37 74
1062 885 0 -108 36 72
1062 885 0 -105 35 70
1062 885 0 -102 34 68
1062 885 0 -99 33 66
1062 885 0 -96 32 64
1062 885 0 -93 31 62
1062 885 0 -90 30 60
1062 885 0 -87 29 58
1062 885 0 -84 28 56
1062 885 0 -81 27 54
1062 885 0 -78 26 52
1062 885 0 -75 25 50
1062 885 0 -72 24 48
1062 885 0 -69 23 46
1062 885 0 -66 22 44
1062 885 0 -63 21 42
1062 885 0 -60 20 40
1062 885 0 -57 19 38
1062 885 0 -54 18 36
1062 885 0 -51 17 34
1062 885 0 -48 16 32
1062 885 0 -45 15 30
1062 885 0 -42 14 28
1062 885 0 -39 13 26
1062 885 0 -36 12 24
1062 885 0 -33 11 22
1062 885 0 -30 10 20
1062 885 0 -27 9 18
1062 885 0 -24 8 16
1062 885 0 -21 7 14
1062 885 0 -18 6 12
1062 885 0 -15 5 10
1062 885 0 -12 4 8
1062 885 0 -9 3 6
1062 885 0 -6 2 4
1062 885 0 -3 1 2
1062 885 0 3 -1 -2
1062 885 0 6 -2 -4
1062 885 0 9 -3 -6
1062 885 0 12 -4 -8
1062 885 0 15 -5 -10
1062 885 0 18 -6 -12
1062 885 0 21 -7 -14
1062 885 0 24 -8 -16
1062 885 0 27 -9 -18
1062 885 0 30 -10 -20
1062 885 0 33 -11 -22
1062 885 0 36 -12 -24
1062 885 0 39 -13 -26
1062 885 0 42 -14 -28
1062 885 0 45 -15 -30
1062 885 0 48 -16 -32
1062 885 0 51 -17 -34
1062 885 0 54 -18 -36
1062 885 0 57 -19 -38
1062 885 0 60 -20 -40
1062 885 0 63 -21 -42
1062 885 0 66 -22 -44
1062 885 0 69 -23 -46
1062 885 0 72 -24 -48
1062 885 0 75 -25 -50
1062 885 0 78 -26 -52
1062 885 0 81 -27 -54
1062 885 0 84 -28 -56
1062 885 0 87 -29 -58
1062 885 0 90 -30 -60
1062 885 0 93 -31 -62
1062 885 0 96 -32 -64
1062 885 0 99 -33 -66
1062 885 0 102 -34 -68
1062 885 0 105 -35 -70
1062 885 0 108 -36 -72
1062 885 0 111 -37 -74
1062 885 0 114 -38 -76
1062 885 0 117 -39 -78
1062 885 0 120 -40 -80
1062 885 0 123 -41 -82
1062 885 0 126 -42 -84
1062 885 0 129 -43 -86
1062 885 0 132 -44 -88
1062 885 0 135 -45 -90
1062 885 0 138 -46 -92
1062 885 0 141 -47 -94
1062 885 0 144 -48 -96
1062 885 0 147 -49 -98
1062 885 0 150 -50 -100
1068 890 0 -150 50 100
1068 890 0 -147 49 98
1068 890 0 -144 48 96
1068 890 0 -141 47 94
1068 890 0 -138 46 92
1068 890 0 -135 45 90
1068 890 0 -132 44 88
1068 890 0 -129 43 86
1068 890 0 -126 42 84
1068 890 0 -123 41 82
1068 890 0 -120 40 80
1068 890 0 -117 39 78
1068 890 0 -114 38 76
1068 890 0 -111 37 74
1068 890 0 -108 36 72
1068 890 0 -105 35 70
1068 890 0 -102 34 68
1068 890 0 -99 33 66
1068 890 0 -96 32 64
1068 890 0 -93 31 62
1068 890 0 -90 30 60
1068 890 0 -87 29 58
1068 890 0 -84 28 56
1068 890 0 -81 27 54
1068 890 0 -78 26 52
1068 890 0 -75 25 50
1068 890 0 -72 24 48
1068 890 0 -69 23 46
1068 890 0 -66 22 44
1068 890 0 -63 21 42
1068 890 0 -60 20 40
1068 890 0 -57 19 38
1068 890 0 -54 18 36
1068 890 0 -51 17 34
1068 890 0 -48 16 32
1068 890 0 -45 15 30
1068 890 0 -42 14 28
1068 890 0 -39 13 26
1068 890 0 -36 12 24
1068 890 0 -33 11 22
1068 890 0 -30 10 20
1068 890 0 -27 9 18
1068 890 0 -24 8 16
1068 890 0 -21 7 14
1068 890 0 -18 6 12
1068 890 0 -15 5 10
1068 890 0 -12 4 8
1068 890 0 -9 3 6
1068 890 0 -6 2 4
1068 890 0 -3 1 2
1068 890 0 3 -1 -2
1068 890 0 6 -2 -4
1068 890 0 9 -3 -6
1068 890 0 12 -4 -8
1068 890 0 15 -5 -10
1068 890 0 18 -6 -12
1068 890 0 21 -7 -14
1068 890 0 24 -8 -16
1068 890 0 27 -9 -18
1068 890 0 30 -10 -20
1068 890 0 33 -11 -22
1068 890 0 36 -12 -24
1068 890 0 39 -13 -26
1068 890 0 42 -14 -28
1068 890 0 45 -15 -30
1068 890 0 48 -16 -32
1068 890 0 51 -17 -34
1068 890 0 54 -18 -36
1068 890 0 57 -19 -38
1068 890 0 60 -20 -40
1068 890 0 63 -21 -42
1068 890 0 66 -22 -44
1068 890 0 69 -23 -46
1068 890 0 72 -24 -48
1068 890 0 75 -25 -50
1068 890 0 78 -26 -52
1068 890 0 81 -27 -54
1068 890 0 84 -28 -56
1068 890 0 87 -29 -58
1068 890 0 90 -30 -60
1068 890 0 93 -31 -62
1068 890 0 96 -32 -64
1068 890 0 99 -33 -66
1068 890 0 102 -34 -68
1068 890 0 105 -35 -70
1068 890 0 108 -36 -72
1068 890 0 111 -37 -74
1068 890 0 114 -38 -76
1068 890 0 117 -39 -78
1068 890 0 120 -40 -80
1068 890 0 123 -41 -82
1068 890 0 126 -42 -84
1068 890 0 129 -43 -86
1068 890 0 132 -44 -88
1068 890 0 135 -45 -90
1068 890 0 138 -46 -92
1068 890 0 141 -47 -94
1068 890 0 144 -48 -96
1068 890 0 147 -49 -98
1068 890 0 150 -50 -100
1074 895 0 -150 50 100
1074 895 0 -147 49 98
1074 895 0 -144 48 96
1074 895 0 -141 47 94
1074 895 0 -138 46 92
1074 895 0 -135 45 90
1074 895 0 -132 44 88
1074 895 0 -129 43 86
1074 895 0 -126 42 84
1074 895 0 -123 41 82
1074 895 0 -120 40 80
1074 895 0 -117 39 78
1074 895 0 -114 38 76
1074 895 0 -111 37 74
1074 895 0 -108 36 72
1074 895 0 -105 35 70
1074 895 0 -102 34 68
1074 895 0 -99 33 66
1074 895 0 -96 32 64
1074 895 0 -93 31 62
1074 895 0 -90 30 60
1074 895 0 -87 29 58
1074 895 0 -84 28 56
1074 895 0 -81 27 54
1074 895 0 -78 26 52
1074 895 0 -75 25 50
1074 895 0 -72 24 48
1074 895 0 -69 23 46
1074 895 0 -66 22 44
1074 895 0 -63 21 42
1074 895 0 -60 20 40
1074 895 0 -57 19 38
1074 895 0 -54 18 36
1074 895 0 -51 17 34
1074 895 0 -48 16 32
1074 895 0 -45 15 30
1074 895 0 -42 14 28
1074 895 0 -39 13 26
1074 895 0 -36 12 24
1074 895 0 -33 11 22
1074 895 0 -30 10 20
1074 895 0 -27 9 18
1074 895 0 -24 8 16
1074 895 0 -21 7 14
1074 895 0 -18 6 12
1074 895 0 -15 5 10
1074 895 0 -12 4 8
1074 895 0 -9 3 6
1074 895 0 -6 2 4
1074 895 0 -3 1 2
1074 895 0 3 -1 -2
1074 895 0 6 -2 -4
1074 895 0 9 -3 -6
1074 895 0 12 -4 -8
1074 895 0 15 -5 -10
1074 895 0 18 -6 -12
1074 895 0 21 -7 -14
1074 895 0 24 -8 -16
1074 895 0 27 -9 -18
1074 895 0 30 -10 -20
1074 895 0 33 -11 -22
1074 895 0 36 -12 -24
1074 895 0 39 -13 -26
1074 895 0 42 -14 -28
1074 895 0 45 -15 -30
1074 895 0 48 -16 -32
1074 895 0 51 -17 -34
1074 895 0 54 -18 -36
1074 895 0 57 -19 -38
1074 895 0 60 -20 -40
1074 895 0 63 -21 -42
1074 895 0 66 -22 -44
1074 895 0 69 -23 -46
1074 895 0 72 -24 -48
1074 895 0 75 -25 -50
1074 895 0 78 -26 -52
1074 895 0 81 -27 -54
1074 895 0 84 -28 -56
1074 895 0 87 -29 -58
1074 895 0 90 -30 -60
1074 895 0 93 -31 -62
1074 895 0 96 -32 -64
1074 895 0 99 -33 -66
1074 895 0 102 -34 -68
1074 895 0 105 -35 -70
1074 895 0 108 -36 -72
1074 895 0 111 -37 -74
1074 895 0 114 -38 -76
1074 895 0 117 -39 -78
1074 895 0 120 -40 -80
1074 895 0 123 -41 -82
1074 895 0 126 -42 -84
1074 895 0 129 -43 -86
1074 895 0 132 -44 -88
1074 895 0 135 -45 -90
1074 895 0 138 -46 -92
1074 895 0 141 -47 -94
1074 895 0 144 -48 -96
1074 895 0 147 -49 -98
1074 895 0 150 -50 -100
1080 900 0 -150 50 100
1080 900 0 -147 49 98
1080 900 0 -144 48 96
1080 900 0 -141 47 94
1080 900 0 -138 46 92
1080 900 0 -135 45 90
1080 900 0 -132 44 88
1080 900 0 -129 43 86
1080 900 0 -126 42 84
1080 900 0 -123 41 82
1080 900 0 -120 40 80
1080 900 0 -117 39 78
1080 900 0 -114 38 76
1080 900 0 -111 37 74
1080 900 0 -108 36 72
1080 900 0 -105 35 70
1080 900 0 -102 34 68
1080 900 0 -99 33 66
1080 900 0 -96 32 64
1080 900 0 -93 31 62
1080 900 0 -90 30 60
1080 900 0 -87 29 58
1080 900 0 -84 28 56
1080 900 0 -81 27 54
1080 900 0 -78 26 52
1080 900 0 -75 25 50
1080 900 0 -72 24 48
1080 900 0 -69 23 46
1080 900 0 -66 22 44
1080 900 0 -63 21 42
1080 900 0 -60 20 40
1080 900 0 -57 19 38
1080 900 0 -54 18 36
1080 900 0 -51 17 34
1080 900 0 -48 16 32
1080 900 0 -45 15 30
1080 900 0 -42 14 28
1080 900 0 -39 13 26
1080 900 0 -36 12 24
1080 900 0 -33 11 22
1080 900 0 -30 10 20
1080 900 0 -27 9 18
1080 900 0 -24 8 16
1080 900 0 -21 7 14
1080 900 0 -18 6 12
1080 900 0 -15 5 10
1080 900 0 -12 4 8
1080 900 0 -9 3 6
1080 900 0 -6 2 4
1080 900 0 -3 1 2
1080 900 0 3 -1 -2
1080 900 0 6 -2 -4
1080 900 0 9 -3 -6
1080 900 0 12 -4 -8
1080 900 0 15 -5 -10
1080 900 0 18 -6 -12
1080 900 0 21 -7 -14
1080 900 0 24 -8 -16
1080 900 0 27 -9 -18
1080 900 0 30 -10 -20
1080 900 0 33 -11 -22
1080 900 0 36 -12 -24
1080 900 0 39 -13 -26
1080 900 0 42 -14 -28
1080 900 0 45 -15 -30
1080 900 0 48 -16 -32
1080 900 0 51 -17 -34
1080 900 0 54 -18 -36
1080 900 0 57 -19 -38
1080 900 0 60 -20 -40
1080 900 0 63 -21 -42
1080 900 0 66 -22 -44
1080 900 0 69 -23 -46
1080 900 0 72 -24 -48
1080 900 0 75 -25 -50
1080 900 0 78 -26 -52
1080 900 0 81 -27 -54
1080 900 0 84 -28 -56
1080 900 0 87 -29 -58
1080 900 0 90 -30 -60
1080 900 0 93 -31 -62
1080 900 0 96 -32 -64
1080 900 0 99 -33 -66
1080 900 0 102 -34 -68
1080 900 0 105 -35 -70
1080 900 0 108 -36 -72
1080 900 0 111 -37 -74
1080 900 0 114 -38 -76
1080 900 0 117 -39 -78
1080 900 0 120 -40 -80
1080 900 0 123 -41 -82
1080 900 0 126 -42 -84
1080 900 0 129 -43 -86
1080 900 0 132 -44 -88
1080 900 0 135 -45 -90
1080 900 0 138 -46 -92
1080 900 0 141 -47 -94
1080 900 0 144 -48 -96
1080 900 0 147 -49 -98
1080 900 0 150 -50 -100
1086 905 0 -150 50 100
1086 905 0 -147 49 98
1086 905 0 -144 48 96
1086 905 0 -141 47 94
1086 905 0 -138 46 92
1086 905 0 -135 45 90
1086 905 0 -132 44 88
1086 905 0 -129 43 86
1086 905 0 -126 42 84
1086 905 0 -123 41 82
1086 905 0 -120 40 80
1086 905 0 -117 39 78
1086 905 0 -114 38 76
1086 905 0 -111 37 74
1086 905 0 -108 36 72
1086 905 0 -105 35 70
1086 905 0 -102 34 68
1086 905 0 -99 33 66
1086 905 0 -96 32 64
1086 905 0 -93 31 62
1086 905 0 -90 30 60
1086 905 0 -87 29 58
1086 905 0 -84 28 56
1086 905 0 -81 27 54
1086 905 0 -78 26 52
1086 905 0 -75 25 50
1086 905 0 -72 24 48
1086 905 0 -69 23 46
1086 905 0 -66 22 44
1086 905 0 -63 21 42
1086 905 0 -60 20 40
1086 905 0 -57 19 38
1086 905 0 -54 18 36
1086 905 0 -51 17 34
1086 905 0 -48 16 32
1086 905 0 -45 15 30
1086 905 0 -42 14 28
1086 905 0 -39 13 26
1086 905 0 -36 12 24
1086 905 0 -33 11 22
1086 905 0 -30 10 20
1086 905 0 -27 9 18
1086 905 0 -24 8 16
1086 905 0 -21 7 14
1086 905 0 -18 6 12
1086 905 0 -15 5 10
1086 905 0 -12 4 8
1086 905 0 -9 3 6
1086 905 0 -6 2 4
1086 905 0 -3 1 2
1086 905 0 3 -1 -2
1086 905 0 6 -2 -4
1086 905 0 9 -3 -6
1086 905 0 12 -4 -8
1086 905 0 15 -5 -10
1086 905 0 18 -6 -12
1086 905 0 21 -7 -14
1086 905 0 24 -8 -16
1086 905 0 27 -9 -18
1086 905 0 30 -10 -20
1086 905 0 33 -11 -22
1086 905 0 36 -12 -24
1086 905 0 39 -13 -26
1086 905 0 42 -14 -28
1086 905 0 45 -15 -30
1086 905 0 48 -16 -32
1086 905 0 51 -17 -34
1086 905 0 54 -18 -36
1086 905 0 57 -19 -38
1086 905 0 60 -20 -40
1086 905 0 63 -21 -42
1086 905 0 66 -22 -44
1086 905 0 69 -23 -46
1086 905 0 72 -24 -48
1086 905 0 75 -25 -50
1086 905 0 78 -26 -52
1086 905 0 81 -27 -54
1086 905 0 84 -28 -56
1086 905 0 87 -29 -58
1086 905 0 90 -30 -60
1086 905 0 93 -31 -62
1086 905 0 96 -32 -64
1086 905 0 99 -33 -66
1086 905 0 102 -34 -68
1086 905 0 105 -35 -70
1086 905 0 108 -36 -72
1086 905 0 111 -37 -74
1086 905 0 114 -38 -76
1086 905 0 117 -39 -78
1086 905 0 120 -40 -80
1086 905 0 123 -41 -82
1086 905 0 126 -42 -84
1086 905 0 129 -43 -86
1086 905 0 132 -44 -88
1086 905 0 135 -45 -90
1086 905 0 138 -46 -92
1086 905 0 141 -47 -94
1086 905 0 144 -48 -96
1086 905 0 147 -49 -98
1086 905 0 150 -50 -100
1092 910 0 -150 50 100
1092 910 0 -147 49 98
1092 910 0 -144 48 96
1092 910 0 -141 47 94
1092 910 0 -138 46 92
1092 910 0 -135 45 90
1092 910 0 -132 44 88
1092 910 0 -129 43 86
1092 910 0 -126 42 84
1092 910 0 -123 41 82
1092 910 0 -120 40 80
1092 910 0 -117 39 78
1092 910 0 -114 38 76
1092 910 0 -111 37 74
1092 910 0 -108 36 72
1092 910 0 -105 35 70
1092 910 0 -102 34 68
1092 910 0 -99 33 66
1092 910 0 -96 32 64
1092 910 0 -93 31 62
1092 910 0 -90 30 60
1092 910 0 -87 29 58
1092 910 0 -84 28 56
1092 910 0 -81 27 54
1092 910 0 -78 26 52
1092 910 0 -75 25 50
1092 910 0 -72 24 48
1092 910 0 -69 23 46
1092 910 0 -66 22 44
1092 910 0 -63 21 42
1092 910 0 -60 20 40
1092 910 0 -57 19 38
1092 910 0 -54 18 36
1092 910 0 -51 17 34
1092 910 0 -48 16 32
1092 910 0 -45 15 30
1092 910 0 -42 14 28
1092 910 0 -39 13 26
1092 910 0 -36 12 24
1092 910 0 -33 11 22
1092 910 0 -30 10 20
1092 910 0 -27 9 18
1092 910 0 -24 8 16
1092 910 0 -21 7 14
1092 910 0 -18 6 12
1092 910 0 -15 5 10
1092 910 0 -12 4 8
1092 910 0 -9 3 6
1092 910 0 -6 2 4
1092 910 0 -3 1 2
1092 910 0 3 -1 -2
1092 910 0 6 -2 -4
1092 910 0 9 -3 -6
1092 910 0 12 -4 -8
1092 910 0 15 -5 -10
1092 910 0 18 -6 -12
1092 910 0 21 -7 -14
1092 910 0 24 -8 -16
1092 910 0 27 -9 -18
1092 910 0 30 -10 -20
1092 910 0 33 -11 -22
1092 910 0 36 -12 -24
1092 910 0 39 -13 -26
1092 910 0 42 -14 -28
1092 910 0 45 -15 -30
1092 910 0 48 -16 -32
1092 910 0 51 -17 -34
1092 910 0 54 -18 -36
1092 910 0 57 -19 -38
1092 910 0 60 -20 -40
1092 910 0 63 -21 -42
1092 910 0 66 -22 -44
1092 910 0 69 -23 -46
1092 910 0 72 -24 -48
1092 910 0 75 -25 -50
1092 910 0 78 -26 -52
1092 910 0 81 -27 -54
1092 910 0 84 -28 -56
1092 910 0 87 -29 -58
1092 910 0 90 -30 -60
1092 910 0 93 -31 -62
1092 910 0 96 -32 -64
1092 910 0 99 -33 -66
1092 910 0 102 -34 -68
1092 910 0 105 -35 -70
1092 910 0 108 -36 -72
1092 910 0 111 -37 -74
1092 910 0 114 -38 -76
1092 910 0 117 -39 -78
1092 910 0 120 -40 -80
1092 910 0 123 -41 -82
1092 910 0 126 -42 -84
1092 910 0 129 -43 -86
1092 910 0 132 -44 -88
1092 910 0 135 -45 -90
1092 910 0 138 -46 -92
1092 910 0 141 -47 -94
1092 910 0 144 -48 -96
1092 910 0 147 -49 -98
1092 910 0 150 -50 -100
1098 915 0 -150 50 100
1098 915 0 -147 49 98
1098 915 0 -144 48 96
1098 915 0 -141 47 94
1098 915 0 -138 46 92
1098 915 0 -135 45 90
1098 915 0 -132 44 88
1098 915 0 -129 43 86
1098 915 0 -126 42 84
1098 915 0 -123 41 82
1098 915 0 -120 40 80
1098 915 0 -117 39 78
1098 915 0 -114 38 76
1098 915 0 -111 37 74
1098 915 0 -108 36 72
1098 915 0 -105 35 70
1098 915 0 -102 34 68
1098 915 0 -99 33 66
1098 915 0 -96 32 64
1098 915 0 -93 31 62
1098 915 0 -90 30 60
1098 915 0 -87 29 58
1098 915 0 -84 28 56
1098 915 0 -81 27 54
1098 915 0 -78 26 52
1098 915 0 -75 25 50
1098 915 0 -72 24 48
1098 915 0 -69 23 46
1098 915 0 -66 22 44
1098 915 0 -63 21 42
1098 915 0 -60 20 40
1098 915 0 -57 19 38
1098 915 0 -54 18 36
1098 915 0 -51 17 34
1098 915 0 -48 16 32
1098 915 0 -45 15 30
1098 915 0 -42 14 28
1098 915 0 -39 13 26
1098 915 0 -36 12 24
1098 915 0 -33 11 22
1098 915 0 -30 10 20
1098 915 0 -27 9 18
1098 915 0 -24 8 16
1098 915 0 -21 7 14
1098 915 0 -18 6 12
1098 915 0 -15 5 10
1098 915 0 -12 4 8
1098 915 0 -9 3 6
1098 915 0 -6 2 4
1098 915 0 -3 1 2
1098 915 0 3 -1 -2
1098 915 0 6 -2 -4
1098 915 0 9 -3 -6
1098 915 0 12 -4 -8
1098 915 0 15 -5 -10
1098 915 0 18 -6 -12
1098 915 0 21 -7 -14
1098 915 0 24 -8 -16
1098 915 0 27 -9 -18
1098 915 0 30 -10 -20
1098 915 0 33 -11 -22
1098 915 0 36 -12 -24
1098 915 0 39 -13 -26
1098 915 0 42 -14 -28
1098 915 0 45 -15 -30
1098 915 0 48 -16 -32
1098 915 0 51 -17 -34
1098 915 0 54 -18 -36
1098 915 0 57 -19 -38
1098 915 0 60 -20 -40
1098 915 0 63 -21 -42
1098 915 0 66 -22 -44
1098 915 0 69 -23 -46
1098 915 0 72 -24 -48
1098 915 0 75 -25 -50
1098 915 0 78 -26 -52
1098 915 0 81 -27 -54
1098 915 0 84 -28 -56
1098 915 0 87 -29 -58
1098 915 0 90 -30 -60
1098 915 0 93 -31 -62
1098 915 0 96 -32 -64
1098 915 0 99 -33 -66
1098 915 0 102 -34 -68
1098 915 0 105 -35 -70
1098 915 0 108 -36 -72
1098 915 0 111 -37 -74
1098 915 0 114 -38 -76
1098 915 0 117 -39 -78
1098 915 0 120 -40 -80
1098 915 0 123 -41 -82
1098 915 0 126 -42 -84
1098 915 0 129 -43 -86
1098 915 0 132 -44 -88
1098 915 0 135 -45 -90
1098 915 0 138 -46 -92
1098 915 0 141 -47 -94
1098 915 0 144 -48 -96
1098 915 0 147 -49 -98
1098 915 0 150 -50 -100
1104 920 0 -150 50 100
1104 920 0 -147 49 98
1104 920 0 -144 48 96
1104 920 0 -141 47 94
1104 920 0 -138 46 92
1104 920 0 -135 45 90
1104 920 0 -132 44 88
1104 920 0 -129 43 86
1104 920 0 -126 42 84
1104 920 0 -123 41 82
1104 920 0 -120 40 80
1104 920 0 -117 39 78
1104 920 0 -114 38 76
1104 920 0 -111 37 74
1104 920 0 -108 36 72
1104 920 0 -105 35 70
1104 920 0 -102 34 68
1104 920 0 -99 33 66
1104 920 0 -96 32 64
1104 920 0 -93 31 62
1104 920 0 -90 30 60
1104 920 0 -87 29 58
1104 920 0 -84 28 56
1104 920 0 -81 27 54
1104 920 0 -78 26 52
1104 920 0 -75 25 50
1104 920 0 -72 24 48
1104 920 0 -69 23 46
1104 920 0 -66 22 44
1104 920 0 -63 21 42
1104 920 0 -60 20 40
1104 920 0 -57 19 38
1104 920 0 -54 18 36
1104 920 0 -51 17 34
1104 920 0 -48 16 32
1104 920 0 -45 15 30
1104 920 0 -42 14 28
1104 920 0 -39 13 26
1104 920 0 -36 12 24
1104 920 0 -33 11 22
1104 920 0 -30 10 20
1104 920 0 -27 9 18
1104 920 0 -24 8 16
1104 920 0 -21 7 14
1104 920 0 -18 6 12
1104 920 0 -15 5 10
1104 920 0 -12 4 8
1104 920 0 -9 3 6
1104 920 0 -6 2 4
1104 920 0 -3 1 2
1104 920 0 3 -1 -2
1104 920 0 6 -2 -4
1104 920 0 9 -3 -6
1104 920 0 12 -4 -8
1104 920 0 15 -5 -10
1104 920 0 18 -6 -12
1104 920 0 21 -7 -14
1104 920 0 24 -8 -16
1104 920 0 27 -9 -18
1104 920 0 30 -10 -20
1104 920 0 33 -11 -22
1104 920 0 36 -12 -24
1104 920 0 39 -13 -26
1104 920 0 42 -14 -28
1104 920 0 45 -15 -30
1104 920 0 48 -16 -32
1104 920 0 51 -17 -34
1104 920 0 54 -18 -36
1104 920 0 57 -19 -38
1104 920 0 60 -20 -40
1104 920 0 63 -21 -42
1104 920 0 66 -22 -44
1104 920 0 69 -23 -46
1104 920 0 72 -24 -48
1104 920 0 75 -25 -50
1104 920 0 78 -26 -52
1104 920 0 81 -27 -54
1104 920 0 84 -28 -56
1104 920 0 87 -29 -58
1104 920 0 90 -30 -60
1104 920 0 93 -31 -62
1104 920 0 96 -32 -64
1104 920 0 99 -33 -66
1104 920 0 102 -34 -68
1104 920 0 105 -35 -70
1104 920 0 108 -36 -72
1104 920 0 111 -37 -74
1104 920 0 114 -38 -76
1104 920 0 117 -39 -78
1104 920 0 120 -40 -80
1104 920 0 123 -41 -82
1104 920 0 126 -42 -84
1104 920 0 129 -43 -86
1104 920 0 132 -44 -88
1104 920 0 135 -45 -90
1104 920 0 138 -46 -92
1104 920 0 141 -47 -94
1104 920 0 144 -48 -96
1104 920 0 147 -49 -98
1104 920 0 150 -50 -100
1110 925 0 -150 50 100
1110 925 0 -147 49 98
1110 925 0 -144 48 96
1110 925 0 -141 47 94
1110 925 0 -138 46 92
1110 925 0 -135 45 90
1110 925 0 -132 44 88
1110 925 0 -129 43 86
1110 925 0 -126 42 84
1110 925 0 -123 41 82
1110 925 0 -120 40 80
1110 925 0 -117 39 78
1110 925 0 -114 38 76
1110 925 0 -111 37 74
1110 925 0 -108 36 72
1110 925 0 -105 35 70
1110 925 0 -102 34 68
1110 925 0 -99 33 66
1110 925 0 -96 32 64
1110 925 0 -93 31 62
1110 925 0 -90 30 60
1110 925 0 -87 29 58
1110 925 0 -84 28 56
1110 925 0 -81 27 54
1110 925 0 -78 26 52
1110 925 0 -75 25 50
1110 925 0 -72 24 48
1110 925 0 -69 23 46
1110 925 0 -66 22 44
1110 925 0 -63 21 42
1110 925 0 -60 20 40
1110 925 0 -57 19 38
1110 925 0 -54 18 36
1110 925 0 -51 17 34
1110 925 0 -48 16 32
1110 925 0 -45 15 30
1110 925 0 -42 14 28
1110 925 0 -39 13 26
1110 925 0 -36 12 24
1110 925 0 -33 11 22
1110 925 0 -30 10 20
1110 925 0 -27 9 18
1110 925 0 -24 8 16
1110 925 0 -21 7 14
1110 925 0 -18 6 12
1110 925 0 -15 5 10
1110 925 0 -12 4 8
1110 925 0 -9 3 6
1110 925 0 -6 2 4
1110 925 0 -3 1 2
1110 925 0 3 -1 -2
1110 925 0 6 -2 -4
1110 925 0 9 -3 -6
1110 925 0 12 -4 -8
1110 925 0 15 -5 -10
1110 925 0 18 -6 -12
1110 925 0 21 -7 -14
1110 925 0 24 -8 -16
1110 925 0 27 -9 -18
1110 925 0 30 -10 -20
1110 925 0 33 -11 -22
1110 925 0 36 -12 -24
1110 925 0 39 -13 -26
1110 925 0 42 -14 -28
1110 925 0 45 -15 -30
1110 925 0 48 -16 -32
1110 925 0 51 -17 -34
1110 925 0 54 -18 -36
1110 925 0 57 -19 -38
1110 925 0 60 -20 -40
1110 925 0 63 -21 -42
1110 925 0 66 -22 -44
1110 925 0 69 -23 -46
1110 925 0 72 -24 -48
1110 925 0 75 -25 -50
1110 925 0 78 -26 -52
1110 925 0 81 -27 -54
1110 925 0 84 -28 -56
1110 925 0 87 -29 -58
1110 925 0 90 -30 -60
1110 925 0 93 -31 -62
1110 925 0 96 -32 -64
1110 925 0 99 -33 -66
1110 925 0 102 -34 -68
1110 925 0 105 -35 -70
1110 925 0 108 -36 -72
1110 925 0 111 -37 -74
1110 925 0 114 -38 -76
1110 925 0 117 -39 -78
1110 925 0 120 -40 -80
1110 925 0 123 -41 -82
1110 925 0 126 -42 -84
1110 925 0 129 -43 -86
1110 925 0 132 -44 -88
1110 925 0 135 -45 -90
1110 925 0 138 -46 -92
1110 925 0 141 -47 -94
1110 925 0 144 -48 -96
1110 925 0 147 -49 -98
1110 925 0 150 -50 -100
1116 930 0 -150 50 100
1116 930 0 -147 49 98
1116 930 0 -144 48 96
1116 930 0 -141 47 94
1116 930 0 -138 46 92
1116 930 0 -135 45 90
1116 930 0 -132 44 88
1116 930 0 -129 43 86
1116 930 0 -126 42 84
1116 930 0 -123 41 82
1116 930 0 -120 40 80
1116 930 0 -117 39 78
1116 930 0 -114 38 76
1116 930 0 -111 37 74
1116 930 0 -108 36 72
1116 930 0 -105 35 70
1116 930 0 -102 34 68
1116 930 0 -99 33 66
1116 930 0 -96 32 64
1116 930 0 -93 31 62
1116 930 0 -90 30 60
1116 930 0 -87 29 58
1116 930 0 -84 28 56
1116 930 0 -81 27 54
1116 930 0 -78 26 52
1116 930 0 -75 25 50
1116 930 0 -72 24 48
1116 930 0 -69 23 46
1116 930 0 -66 22 44
1116 930 0 -63 21 42
1116 930 0 -60 20 40
1116 930 0 -57 19 38
1116 930 0 -54 18 36
1116 930 0 -51 17 34
1116 930 0 -48 16 32
1116 930 0 -45 15 30
1116 930 0 -42 14 28
1116 930 0 -39 13 26
1116 930 0 -36 12 24
1116 930 0 -33 11 22
1116 930 0 -30 10 20
1116 930 0 -27 9 18
1116 930 0 -24 8 16
1116 930 0 -21 7 14
1116 930 0 -18 6 12
1116 930 0 -15 5 10
1116 930 0 -12 4 8
1116 930 0 -9 3 6
1116 930 0 -6 2 4
1116 930 0 -3 1 2
1116 930 0 3 -1 -2
1116 930 0 6 -2 -4
1116 930 0 9 -3 -6
1116 930 0 12 -4 -8
1116 930 0 15 -5 -10
1116 930 0 18 -6 -12
1116 930 0 21 -7 -14
1116 930 0 24 -8 -16
1116 930 0 27 -9 -18
1116 930 0 30 -10 -20
1116 930 0 33 -11 -22
1116 930 0 36 -12 -24
1116 930 0 39 -13 -26
1116 930 0 42 -14 -28
1116 930 0 45 -15 -30
1116 930 0 48 -16 -32
1116 930 0 51 -17 -34
1116 930 0 54 -18 -36
1116 930 0 57 -19 -38
1116 930 0 60 -20 -40
1116 930 0 63 -21 -42
1116 930 0 66 -22 -44
1116 930 0 69 -23 -46
1116 930 0 72 -24 -48
1116 930 0 75 -25 -50
1116 930 0 78 -26 -52
1116 930 0 81 -27 -54
1116 930 0 84 -28 -56
1116 930 0 87 -29 -58
1116 930 0 90 -30 -60
1116 930 0 93 -31 -62
1116 930 0 96 -32 -64
1116 930 0 99 -33 -66
1116 930 0 102 -34 -68
1116 930 0 105 -35 -70
1116 930 0 108 -36 -72
1116 930 0 111 -37 -74
1116 930 0 114 -38 -76
1116 930 0 117 -39 -78
1116 930 0 120 -40 -80
1116 930 0 123 -41 -82
1116 930 0 126 -42 -84
1116 930 0 129 -43 -86
1116 930 0 132 -44 -88
1116 930 0 135 -45 -90
1116 930 0 138 -46 -92
1116 930 0 141 -47 -94
1116 930 0 144 -48 -96
1116 930 0 147 -49 -98
1116 930 0 150 -50 -100
1122 935 0 -150 50 100
1122 935 0 -147 49 98
1122 935 0 -144 48 96
1122 935 0 -141 47 94
1122 935 0 -138 46 92
1122 935 0 -135 45 90
1122 935 0 -132 44 88
1122 935 0 -129 43 86
1122 935 0 -126 42 84
1122 935 0 -123 41 82
1122 935 0 -120 40 80
1122 935 0 -117 39 78
1122 935 0 -114 38 76
1122 935 0 -111 37 74
1122 935 0 -108 36 72
1122 935 0 -105 35 70
1122 935 0 -102 34 68
1122 935 0 -99 33 66
1122 935 0 -96 32 64
1122 935 0 -93 31 62
1122 935 0 -90 30 60
1122 935 0 -87 29 58
1122 935 0 -84 28 56
1122 935 0 -81 27 54
1122 935 0 -78 26 52
1122 935 0 -75 25 50
1122 935 0 -72 24 48
1122 935 0 -69 23 46
1122 935 0 -66 22 44
1122 935 0 -63 21 42
1122 935 0 -60 20 40
1122 935 0 -57 19 38
1122 935 0 -54 18 36
1122 935 0 -51 17 34
1122 935 0 -48 16 32
1122 935 0 -45 15 30
1122 935 0 -42 14 28
1122 935 0 -39 13 26
1122 935 0 -36 12 24
1122 935 0 -33 11 22
1122 935 0 -30 10 20
1122 935 0 -27 9 18
1122 935 0 -24 8 16
1122 935 0 -21 7 14
1122 935 0 -18 6 12
1122 935 0 -15 5 10
1122 935 0 -12 4 8
1122 935 0 -9 3 6
1122 935 0 -6 2 4
1122 935 0 -3 1 2
1122 935 0 3 -1 -2
1122 935 0 6 -2 -4
1122 935 0 9 -3 -6
1122 935 0 12 -4 -8
1122 935 0 15 -5 -10
1122 935 0 18 -6 -12
1122 935 0 21 -7 -14
1122 935 0 24 -8 -16
1122 935 0 27 -9 -18
1122 935 0 30 -10 -20
1122 935 0 33 -11 -22
1122 935 0 36 -12 -24
1122 935 0 39 -13 -26
1122 935 0 42 -14 -28
1122 935 0 45 -15 -30
1122 935 0 48 -16 -32
1122 935 0 51 -17 -34
1122 935 0 54 -18 -36
1122 935 0 57 -19 -38
1122 935 0 60 -20 -40
1122 935 0 63 -21 -42
1122 935 0 66 -22 -44
1122 935 0 69 -23 -46
1122 935 0 72 -24 -48
1122 935 0 75 -25 -50
1122 935 0 78 -26 -52
1122 935 0 81 -27 -54
1122 935 0 84 -28 -56
1122 935 0 87 -29 -58
1122 935 0 90 -30 -60
1122 935 0 93 -31 -62
1122 935 0 96 -32 -64
1122 935 0 99 -33 -66
1122 935 0 102 -34 -68
1122 935 0 105 -35 -70
1122 935 0 108 -36 -72
1122 935 0 111 -37 -74
1122 935 0 114 -38 -76
1122 935 0 117 -39 -78
1122 935 0 120 -40 -80
1122 935 0 123 -41 -82
1122 935 0 126 -42 -84
1122 935 0 129 -43 -86
1122 935 0 132 -44 -88
1122 935 0 135 -45 -90
1122 935 0 138 -46 -92
1122 935 0 141 -47 -94
1122 935 0 144 -48 -96
1122 935 0 147 -49 -98
1122 935 0 150 -50 -100
1128 940 0 -150 50 100
1128 940 0 -147 49 98
1128 940 0 -144 48 96
1128 940 0 -141 47 94
1128 940 0 -138 46 92
1128 940 0 -135 45 90
1128 940 0 -132 44 88
1128 940 0 -129 43 86
1128 940 0 -126 42 84
1128 940 0 -123 41 82
1128 940 0 -120 40 80
1128 940 0 -117 39 78
1128 940 0 -114 38 76
1128 940 0 -111 37 74
1128 940 0 -108 36 72
1128 940 0 -105 35 70
1128 940 0 -102 34 68
1128 940 0 -99 33 66
1128 940 0 -96 32 64
1128 940 0 -93 31 62
1128 940 0 -90 30 60
1128 940 0 -87 29 58
1128 940 0 -84 28 56
1128 940 0 -81 27 54
1128 940 0 -78 26 52
1128 940 0 -75 25 50
1128 940 0 -72 24 48
1128 940 0 -69 23 46
1128 940 0 -66 22 44
1128 940 0 -63 21 42
1128 940 0 -60 20 40
1128 940 0 -57 19 38
1128 940 0 -54 18 36
1128 940 0 -51 17 34
1128 940 0 -48 16 32
1128 940 0 -45 15 30
1128 940 0 -42 14 28
1128 940 0 -39 13 26
1128 940 0 -36 12 24
1128 940 0 -33 11 22
1128 940 0 -30 10 20
1128 940 0 -27 9 18
1128 940 0 -24 8 16
1128 940 0 -21 7 14
1128 940 0 -18 6 12
1128 940 0 -15 5 10
1128 940 0 -12 4 8
1128 940 0 -9 3 6
1128 940 0 -6 2 4
1128 940 0 -3 1 2
1128 940 0 3 -1 -2
1128 940 0 6 -2 -4
1128 940 0 9 -3 -6
1128 940 0 12 -4 -8
1128 940 0 15 -5 -10
1128 940 0 18 -6 -12
1128 940 0 21 -7 -14
1128 940 0 24 -8 -16
1128 940 0 27 -9 -18
1128 940 0 30 -10 -20
1128 940 0 33 -11 -22
1128 940 0 36 -12 -24
1128 940 0 39 -13 -26
1128 940 0 42 -14 -28
1128 940 0 45 -15 -30
1128 940 0 48 -16 -32
1128 940 0 51 -17 -34
1128 940 0 54 -18 -36
1128 940 0 57 -19 -38
1128 940 0 60 -20 -40
1128 940 0 63 -21 -42
1128 940 0 66 -22 -44
1128 940 0 69 -23 -46
1128 940 0 72 -24 -48
1128 940 0 75 -25 -50
1128 940 0 78 -26 -52
1128 940 0 81 -27 -54
1128 940 0 84 -28 -56
1128 940 0 87 -29 -58
1128 940 0 90 -30 -60
1128 940 0 93 -31 -62
1128 940 0 96 -32 -64
1128 940 0 99 -33 -66
1128 940 0 102 -34 -68
1128 940 0 105 -35 -70
1128 940 0 108 -36 -72
1128 940 0 111 -37 -74
1128 940 0 114 -38 -76
1128 940 0 117 -39 -78
1128 940 0 120 -40 -80
1128 940 0 123 -41 -82
1128 940 0 126 -42 -84
1128 940 0 129 -43 -86
1128 940 0 132 -44 -88
1128 940 0 135 -45 -90
1128 940 0 138 -46 -92
1128 940 0 141 -47 -94
1128 940 0 144 -48 -96
1128 940 0 147 -49 -98
1128 940 0 150 -50 -100
1134 945 0 -150 50 100
1134 945 0 -147 49 98
1134 945 0 -144 48 96
1134 945 0 -141 47 94
1134 945 0 -138 46 92
1134 945 0 -135 45 90
1134 945 0 -132 44 88
1134 945 0 -129 43 86
1134 945 0 -126 42 84
1134 945 0 -123 41 82
1134 945 0 -120 40 80
1134 945 0 -117 39 78
1134 945 0 -114 38 76
1134 945 0 -111 37 74
1134 945 0 -108 36 72
1134 945 0 -105 35 70
1134 945 0 -102 34 68
1134 945 0 -99 33 66
1134 945 0 -96 32 64
1134 945 0 -93 31 62
1134 945 0 -90 30 60
1134 945 0 -87 29 58
1134 945 0 -84 28 56
1134 945 0 -81 27 54
1134 945 0 -78 26 52
1134 945 0 -75 25 50
1134 945 0 -72 24 48
1134 945 0 -69 23 46
1134 945 0 -66 22 44
1134 945 0 -63 21 42
1134 945 0 -60 20 40
1134 945 0 -57 19 38
1134 945 0 -54 18 36
1134 945 0 -51 17 34
1134 945 0 -48 16 32
1134 945 0 -45 15 30
1134 945 0 -42 14 28
1134 945 0 -39 13 26
1134 945 0 -36 12 24
1134 945 0 -33 11 22
1134 945 0 -30 10 20
1134 945 0 -27 9 18
1134 945 0 -24 8 16
1134 945 0 -21 7 14
1134 945 0 -18 6 12
1134 945 0 -15 5 10
1134 945 0 -12 4 8
1134 945 0 -9 3 6
1134 945 0 -6 2 4
1134 945 0 -3 1 2
1134 945 0 3 -1 -2
1134 945 0 6 -2 -4
1134 945 0 9 -3 -6
1134 945 0 12 -4 -8
1134 945 0 15 -5 -10
1134 945 0 18 -6 -12
1134 945 0 21 -7 -14
1134 945 0 24 -8 -16
1134 945 0 27 -9 -18
1134 945 0 30 -10 -20
1134 945 0 33 -11 -22
1134 945 0 36 -12 -24
1134 945 0 39 -13 -26
1134 945 0 42 -14 -28
1134 945 0 45 -15 -30
1134 945 0 48 -16 -32
1134 945 0 51 -17 -34
1134 945 0 54 -18 -36
1134 945 0 57 -19 -38
1134 945 0 60 -20 -40
1134 945 0 63 -21 -42
1134 945 0 66 -22 -44
1134 945 0 69 -23 -46
1134 945 0 72 -24 -48
1134 945 0 75 -25 -50
1134 945 0 78 -26 -52
1134 945 0 81 -27 -54
1134 945 0 84 -28 -56
1134 945 0 87 -29 -58
1134 945 0 90 -30 -60
1134 945 0 93 -31 -62
1134 945 0 96 -32 -64
1134 945 0 99 -33 -66
1134 945 0 102 -34 -68
1134 945 0 105 -35 -70
1134 945 0 108 -36 -72
1134 945 0 111 -37 -74
1134 945 0 114 -38 -76
1134 945 0 117 -39 -78
1134 945 0 120 -40 -80
1134 945 0 123 -41 -82
1134 945 0 126 -42 -84
1134 945 0 129 -43 -86
1134 945 0 132 -44 -88
1134 945 0 135 -45 -90
1134 945 0 138 -46 -92
1134 945 0 141 -47 -94
1134 945 0 144 -48 -96
1134 945 0 147 -49 -98
1134 945 0 150 -50 -100
1140 950 0 -150 50 100
1140 950 0 -147 49 98
1140 950 0 -144 48 96
1140 950 0 -141 47 94
1140 950 0 -138 46 92
1140 950 0 -135 45 90
1140 950 0 -132 44 88
1140 950 0 -129 43 86
1140 950 0 -126 42 84
1140 950 0 -123 41 82
1140 950 0 -120 40 80
1140 950 0 -117 39 78
1140 950 0 -114 38 76
1140 950 0 -111 37 74
1140 950 0 -108 36 72
1140 950 0 -105 35 70
1140 950 0 -102 34 68
1140 950 0 -99 33 66
1140 950 0 -96 32 64
1140 950 0 -93 31 62
1140 950 0 -90 30 60
1140 950 0 -87 29 58
1140 950 0 -84 28 56
1140 950 0 -81 27 54
1140 950 0 -78 26 52
1140 950 0 -75 25 50
1140 950 0 -72 24 48
1140 950 0 -69 23 46
1140 950 0 -66 22 44
1140 950 0 -63 21 42
1140 950 0 -60 20 40
1140 950 0 -57 19 38
1140 950 0 -54 18 36
1140 950 0 -51 17 34
1140 950 0 -48 16 32
1140 950 0 -45 15 30
1140 950 0 -42 14 28
1140 950 0 -39 13 26
1140 950 0 -36 12 24
1140 950 0 -33 11 22
1140 950 0 -30 10 20
1140 950 0 -27 9 18
1140 950 0 -24 8 16
1140 950 0 -21 7 14
1140 950 0 -18 6 12
1140 950 0 -15 5 10
1140 950 0 -12 4 8
1140 950 0 -9 3 6
1140 950 0 -6 2 4
1140 950 0 -3 1 2
1140 950 0 3 -1 -2
1140 950 0 6 -2 -4
1140 950 0 9 -3 -6
1140 950 0 12 -4 -8
1140 950 0 15 -5 -10
1140 950 0 18 -6 -12
1140 950 0 21 -7 -14
1140 950 0 24 -8 -16
1140 950 0 27 -9 -18
1140 950 0 30 -10 -20
1140 950 0 33 -11 -22
1140 950 0 36 -12 -24
1140 950 0 39 -13 -26
1140 950 0 42 -14 -28
1140 950 0 45 -15 -30
1140 950 0 48 -16 -32
1140 950 0 51 -17 -34
1140 950 0 54 -18 -36
1140 950 0 57 -19 -38
1140 950 0 60 -20 -40
1140 950 0 63 -21 -42
1140 950 0 66 -22 -44
1140 950 0 69 -23 -46
1140 950 0 72 -24 -48
1140 950 0 75 -25 -50
1140 950 0 78 -26 -52
1140 950 0 81 -27 -54
1140 950 0 84 -28 -56
1140 950 0 87 -29 -58
1140 950 0 90 -30 -60
1140 950 0 93 -31 -62
1140 950 0 96 -32 -64
1140 950 0 99 -33 -66
1140 950 0 102 -34 -68
1140 950 0 105 -35 -70
1140 950 0 108 -36 -72
1140 950 0 111 -37 -74
1140 950 0 114 -38 -76
1140 950 0 117 -39 -78
1140 950 0 120 -40 -80
1140 950 0 123 -41 -82
1140 950 0 126 -42 -84
1140 950 0 129 -43 -86
1140 950 0 132 -44 -88
1140 950 0 135 -45 -90
1140 950 0 138 -46 -92
1140 950 0 141 -47 -94
1140 950 0 144 -48 -96
1140 950 0 147 -49 -98
1140 950 0 150 -50 -100
1146 955 0 -150 50 100
1146 955 0 -147 49 98
1146 955 0 -144 48 96
1146 955 0 -141 47 94
1146 955 0 -138 46 92
1146 955 0 -135 45 90
1146 955 0 -132 44 88
1146 955 0 -129 43 86
1146 955 0 -126 42 84
1146 955 0 -123 41 82
1146 955 0 -120 40 80
1146 955 0 -117 39 78
1146 955 0 -114 38 76
1146 955 0 -111 37 74
1146 955 0 -108 36 72
1146 955 0 -105 35 70
1146 955 0 -102 34 68
1146 955 0 -99 33 66
1146 955 0 -96 32 64
1146 955 0 -93 31 62
1146 955 0 -90 30 60
1146 955 0 -87 29 58
1146 955 0 -84 28 56
1146 955 0 -81 27 54
1146 955 0 -78 26 52
1146 955 0 -75 25 50
1146 955 0 -72 24 48
1146 955 0 -69 23 46
1146 955 0 -66 22 44
1146 955 0 -63 21 42
1146 955 0 -60 20 40
1146 955 0 -57 19 38
1146 955 0 -54 18 36
1146 955 0 -51 17 34
1146 955 0 -48 16 32
1146 955 0 -45 15 30
1146 955 0 -42 14 28
1146 955 0 -39 13 26
1146 955 0 -36 12 24
1146 955 0 -33 11 22
1146 955 0 -30 10 20
1146 955 0 -27 9 18
1146 955 0 -24 8 16
1146 955 0 -21 7 14
1146 955 0 -18 6 12
1146 955 0 -15 5 10
1146 955 0 -12 4 8
1146 955 0 -9 3 6
1146 955 0 -6 2 4
1146 955 0 -3 1 2
1146 955 0 3 -1 -2
1146 955 0 6 -2 -4
1146 955 0 9 -3 -6
1146 955 0 12 -4 -8
1146 955 0 15 -5 -10
1146 955 0 18 -6 -12
1146 955 0 21 -7 -14
1146 955 0 24 -8 -16
1146 955 0 27 -9 -18
1146 955 0 30 -10 -20
1146 955 0 33 -11 -22
1146 955 0 36 -12 -24
1146 955 0 39 -13 -26
1146 955 0 42 -14 -28
1146 955 0 45 -15 -30
1146 955 0 48 -16 -32
1146 955 0 51 -17 -34
1146 955 0 54 -18 -36
1146 955 0 57 -19 -38
1146 955 0 60 -20 -40
1146 955 0 63 -21 -42
1146 955 0 66 -22 -44
1146 955 0 69 -23 -46
1146 955 0 72 -24 -48
1146 955 0 75 -25 -50
1146 955 0 78 -26 -52
1146 955 0 81 -27 -54
1146 955 0 84 -28 -56
1146 955 0 87 -29 -58
1146 955 0 90 -30 -60
1146 955 0 93 -31 -62
1146 955 0 96 -32 -64
1146 955 0 99 -33 -66
1146 955 0 102 -34 -68
1146 955 0 105 -35 -70
1146 955 0 108 -36 -72
1146 955 0 111 -37 -74
1146 955 0 114 -38 -76
1146 955 0 117 -39 -78
1146 955 0 120 -40 -80
1146 955 0 123 -41 -82
1146 955 0 126 -42 -84
1146 955 0 129 -43 -86
1146 955 0 132 -44 -88
1146 955 0 135 -45 -90
1146 955 0 138 -46 -92
1146 955 0 141 -47 -94
1146 955 0 144 -48 -96
1146 955 0 147 -49 -98
1146 955 0 150 -50 -100
1152 960 0 -150 50 100
1152 960 0 -147 49 98
1152 960 0 -144 48 96
1152 960 0 -141 47 94
1152 960 0 -138 46 92
1152 960 0 -135 45 90
1152 960 0 -132 44 88
1152 960 0 -129 43 86
1152 960 0 -126 42 84
1152 960 0 -123 41 82
1152 960 0 -120 40 80
1152 960 0 -117 39 78
1152 960 0 -114 38 76
1152 960 0 -111 37 74
1152 960 0 -108 36 72
1152 960 0 -105 35 70
1152 960 0 -102 34 68
1152 960 0 -99 33 66
1152 960 0 -96 32 64
1152 960 0 -93 31 62
1152 960 0 -90 30 60
1152 960 0 -87 29 58
1152 960 0 -84 28 56
1152 960 0 -81 27 54
1152 960 0 -78 26 52
1152 960 0 -75 25 50
1152 960 0 -72 24 48
1152 960 0 -69 23 46
1152 960 0 -66 22 44
1152 960 0 -63 21 42
1152 960 0 -60 20 40
1152 960 0 -57 19 38
1152 960 0 -54 18 36
1152 960 0 -51 17 34
1152 960 0 -48 16 32
1152 960 0 -45 15 30
1152 960 0 -42 14 28
1152 960 0 -39 13 26
1152 960 0 -36 12 24
1152 960 0 -33 11 22
1152 960 0 -30 10 20
1152 960 0 -27 9 18
1152 960 0 -24 8 16
1152 960 0 -21 7 14
1152 960 0 -18 6 12
1152 960 0 -15 5 10
1152 960 0 -12 4 8
1152 960 0 -9 3 6
1152 960 0 -6 2 4
1152 960 0 -3 1 2
1152 960 0 3 -1 -2
1152 960 0 6 -2 -4
1152 960 0 9 -3 -6
1152 960 0 12 -4 -8
1152 960 0 15 -5 -10
1152 960 0 18 -6 -12
1152 960 0 21 -7 -14
1152 960 0 24 -8 -16
1152 960 0 27 -9 -18
1152 960 0 30 -10 -20
1152 960 0 33 -11 -22
1152 960 0 36 -12 -24
1152 960 0 39 -13 -26
1152 960 0 42 -14 -28
1152 960 0 45 -15 -30
1152 960 0 48 -16 -32
1152 960 0 51 -17 -34
1152 960 0 54 -18 -36
1152 960 0 57 -19 -38
1152 960 0 60 -20 -40
1152 960 0 63 -21 -42
1152 960 0 66 -22 -44
1152 960 0 69 -23 -46
1152 960 0 72 -24 -48
1152 960 0 75 -25 -50
1152 960 0 78 -26 -52
1152 960 0 81 -27 -54
1152 960 0 84 -28 -56
1152 960 0 87 -29 -58
1152 960 0 90 -30 -60
1152 960 0 93 -31 -62
1152 960 0 96 -32 -64
1152 960 0 99 -33 -66
1152 960 0 102 -34 -68
1152 960 0 105 -35 -70
1152 960 0 108 -36 -72
1152 960 0 111 -37 -74
1152 960 0 114 -38 -76
1152 960 0 117 -39 -78
1152 960 0 120 -40 -80
1152 960 0 123 -41 -82
1152 960 0 126 -42 -84
1152 960 0 129 -43 -86
1152 960 0 132 -44 -88
1152 960 0 135 -45 -90
1152 960 0 138 -46 -92
1152 960 0 141 -47 -94
1152 960 0 144 -48 -96
1152 960 0 147 -49 -98
1152 960 0 150 -50 -100
1158 965 0 -150 50 100
1158 965 0 -147 49 98
1158 965 0 -144 48 96
1158 965 0 -141 47 94
1158 965 0 -138 46 92
1158 965 0 -135 45 90
1158 965 0 -132 44 88
1158 965 0 -129 43 86
1158 965 0 -126 42 84
1158 965 0 -123 41 82
1158 965 0 -120 40 80
1158 965 0 -117 39 78
1158 965 0 -114 38 76
1158 965 0 -111 37 74
1158 965 0 -108 36 72
1158 965 0 -105 35 70
1158 965 0 -102 34 68
1158 965 0 -99 33 66
1158 965 0 -96 32 64
1158 965 0 -93 31 62
1158 965 0 -90 30 60
1158 965 0 -87 29 58
1158 965 0 -84 28 56
1158 965 0 -81 27 54
1158 965 0 -78 26 52
1158 965 0 -75 25 50
1158 965 0 -72 24 48
1158 965 0 -69 23 46
1158 965 0 -66 22 44
1158 965 0 -63 21 42
1158 965 0 -60 20 40
1158 965 0 -57 19 38
1158 965 0 -54 18 36
1158 965 0 -51 17 34
1158 965 0 -48 16 32
1158 965 0 -45 15 30
1158 965 0 -42 14 28
1158 965 0 -39 13 26
1158 965 0 -36 12 24
1158 965 0 -33 11 22
1158 965 0 -30 10 20
1158 965 0 -27 9 18
1158 965 0 -24 8 16
1158 965 0 -21 7 14
1158 965 0 -18 6 12
1158 965 0 -15 5 10
1158 965 0 -12 4 8
1158 965 0 -9 3 6
1158 965 0 -6 2 4
1158 965 0 -3 1 2
1158 965 0 3 -1 -2
1158 965 0 6 -2 -4
1158 965 0 9 -3 -6
1158 965 0 12 -4 -8
1158 965 0 15 -5 -10
1158 965 0 18 -6 -12
1158 965 0 21 -7 -14
1158 965 0 24 -8 -16
1158 965 0 27 -9 -18
1158 965 0 30 -10 -20
1158 965 0 33 -11 -22
1158 965 0 36 -12 -24
1158 965 0 39 -13 -26
1158 965 0 42 -14 -28
1158 965 0 45 -15 -30
1158 965 0 48 -16 -32
1158 965 0 51 -17 -34
1158 965 0 54 -18 -36
1158 965 0 57 -19 -38
1158 965 0 60 -20 -40
1158 965 0 63 -21 -42
1158 965 0 66 -22 -44
1158 965 0 69 -23 -46
1158 965 0 72 -24 -48
1158 965 0 75 -25 -50
1158 965 0 78 -26 -52
1158 965 0 81 -27 -54
1158 965 0 84 -28 -56
1158 965 0 87 -29 -58
1158 965 0 90 -30 -60
1158 965 0 93 -31 -62
1158 965 0 96 -32 -64
1158 965 0 99 -33 -66
1158 965 0 102 -34 -68
1158 965 0 105 -35 -70
1158 965 0 108 -36 -72
1158 965 0 111 -37 -74
1158 965 0 114 -38 -76
1158 965 0 117 -39 -78
1158 965 0 120 -40 -80
1158 965 0 123 -41 -82
1158 965 0 126 -42 -84
1158 965 0 129 -43 -86
1158 965 0 132 -44 -88
1158 965 0 135 -45 -90
1158 965 0 138 -46 -92
1158 965 0 141 -47 -94
1158 965 0 144 -48 -96
1158 965 0 147 -49 -98
1158 965 0 150 -50 -100
1164 970 0 -150 50 100
1164 970 0 -147 49 98
1164 970 0 -144 48 96
1164 970 0 -141 47 94
1164 970 0 -138 46 92
1164 970 0 -135 45 90
1164 970 0 -132 44 88
1164 970 0 -129 43 86
1164 970 0 -126 42 84
1164 970 0 -123 41 82
1164 970 0 -120 40 80
1164 970 0 -117 39 78
1164 970 0 -114 38 76
1164 970 0 -111 37 74
1164 970 0 -108 36 72
1164 970 0 -105 35 70
1164 970 0 -102 34 68
1164 970 0 -99 33 66
1164 970 0 -96 32 64
1164 970 0 -93 31 62
1164 970 0 -90 30 60
1164 970 0 -87 29 58
1164 970 0 -84 28 56
1164 970 0 -81 27 54
1164 970 0 -78 26 52
1164 970 0 -75 25 50
1164 970 0 -72 24 48
1164 970 0 -69 23 46
1164 970 0 -66 22 44
1164 970 0 -63 21 42
1164 970 0 -60 20 40
1164 970 0 -57 19 38
1164 970 0 -54 18 36
1164 970 0 -51 17 34
1164 970 0 -48 16 32
1164 970 0 -45 15 30
1164 970 0 -42 14 28
1164 970 0 -39 13 26
1164 970 0 -36 12 24
1164 970 0 -33 11 22
1164 970 0 -30 10 20
1164 970 0 -27 9 18
1164 970 0 -24 8 16
1164 970 0 -21 7 14
1164 970 0 -18 6 12
1164 970 0 -15 5 10
1164 970 0 -12 4 8
1164 970 0 -9 3 6
1164 970 0 -6 2 4
1164 970 0 -3 1 2
1164 970 0 3 -1 -2
1164 970 0 6 -2 -4
1164 970 0 9 -3 -6
1164 970 0 12 -4 -8
1164 970 0 15 -5 -10
1164 970 0 18 -6 -12
1164 970 0 21 -7 -14
1164 970 0 24 -8 -16
1164 970 0 27 -9 -18
1164 970 0 30 -10 -20
1164 970 0 33 -11 -22
1164 970 0 36 -12 -24
1164 970 0 39 -13 -26
1164 970 0 42 -14 -28
1164 970 0 45 -15 -30
1164 970 0 48 -16 -32
1164 970 0 51 -17 -34
1164 970 0 54 -18 -36
1164 970 0 57 -19 -38
1164 970 0 60 -20 -40
1164 970 0 63 -21 -42
1164 970 0 66 -22 -44
1164 970 0 69 -23 -46
1164 970 0 72 -24 -48
1164 970 0 75 -25 -50
1164 970 0 78 -26 -52
1164 970 0 81 -27 -54
1164 970 0 84 -28 -56
1164 970 0 87 -29 -58
1164 970 0 90 -30 -60
1164 970 0 93 -31 -62
1164 970 0 96 -32 -64
1164 970 0 99 -33 -66
1164 970 0 102 -34 -68
1164 970 0 105 -35 -70
1164 970 0 108 -36 -72
1164 970 0 111 -37 -74
1164 970 0 114 -38 -76
1164 970 0 117 -39 -78
1164 970 0 120 -40 -80
1164 970 0 123 -41 -82
1164 970 0 126 -42 -84
1164 970 0 129 -43 -86
1164 970 0 132 -44 -88
1164 970 0 135 -45 -90
1164 970 0 138 -46 -92
1164 970 0 141 -47 -94
1164 970 0 144 -48 -96
1164 970 0 147 -49 -98
1164 970 0 150 -50 -100
1170 975 0 -150 50 100
1170 975 0 -147 49 98
1170 975 0 -144 48 96
1170 975 0 -141 47 94
1170 975 0 -138 46 92
1170 975 0 -135 45 90
1170 975 0 -132 44 88
1170 975 0 -129 43 86
1170 975 0 -126 42 84
1170 975 0 -123 41 82
1170 975 0 -120 40 80
1170 975 0 -117 39 78
1170 975 0 -114 38 76
1170 975 0 -111 37 74
1170 975 0 -108 36 72
1170 975 0 -105 35 70
1170 975 0 -102 34 68
1170 975 0 -99 33 66
1170 975 0 -96 32 64
1170 975 0 -93 31 62
1170 975 0 -90 30 60
1170 975 0 -87 29 58
1170 975 0 -84 28 56
1170 975 0 -81 27 54
1170 975 0 -78 26 52
1170 975 0 -75 25 50
1170 975 0 -72 24 48
1170 975 0 -69 23 46
1170 975 0 -66 22 44
1170 975 0 -63 21 42
1170 975 0 -60 20 40
1170 975 0 -57 19 38
1170 975 0 -54 18 36
1170 975 0 -51 17 34
1170 975 0 -48 16 32
1170 975 0 -45 15 30
1170 975 0 -42 14 28
1170 975 0 -39 13 26
1170 975 0 -36 12 24
1170 975 0 -33 11 22
1170 975 0 -30 10 20
1170 975 0 -27 9 18
1170 975 0 -24 8 16
1170 975 0 -21 7 14
1170 975 0 -18 6 12
1170 975 0 -15 5 10
1170 975 0 -12 4 8
1170 975 0 -9 3 6
1170 975 0 -6 2 4
1170 975 0 -3 1 2
1170 975 0 3 -1 -2
1170 975 0 6 -2 -4
1170 975 0 9 -3 -6
1170 975 0 12 -4 -8
1170 975 0 15 -5 -10
1170 975 0 18 -6 -12
1170 975 0 21 -7 -14
1170 975 0 24 -8 -16
1170 975 0 27 -9 -18
1170 975 0 30 -10 -20
1170 975 0 33 -11 -22
1170 975 0 36 -12 -24
1170 975 0 39 -13 -26
1170 975 0 42 -14 -28
1170 975 0 45 -15 -30
1170 975 0 48 -16 -32
1170 975 0 51 -17 -34
1170 975 0 54 -18 -36
1170 975 0 57 -19 -38
1170 975 0 60 -20 -40
1170 975 0 63 -21 -42
1170 975 0 66 -22 -44
1170 975 0 69 -23 -46
1170 975 0 72 -24 -48
1170 975 0 75 -25 -50
1170 975 0 78 -26 -52
1170 975 0 81 -27 -54
1170 975 0 84 -28 -56
1170 975 0 87 -29 -58
1170 975 0 90 -30 -60
1170 975 0 93 -31 -62
1170 975 0 96 -32 -64
1170 975 0 99 -33 -66
1170 975 0 102 -34 -68
1170 975 0 105 -35 -70
1170 975 0 108 -36 -72
1170 975 0 111 -37 -74
1170 975 0 114 -38 -76
1170 975 0 117 -39 -78
1170 975 0 120 -40 -80
1170 975 0 123 -41 -82
1170 975 0 126 -42 -84
1170 975 0 129 -43 -86
1170 975 0 132 -44 -88
1170 975 0 135 -45 -90
1170 975 0 138 -46 -92
1170 975 0 141 -47 -94
1170 975 0 144 -48 -96
1170 975 0 147 -49 -98
1170 975 0 150 -50 -100
1176 980 0 -150 50 100
1176 980 0 -147 49 98
1176 980 0 -144 48 96
1176 980 0 -141 47 94
1176 980 0 -138 46 92
1176 980 0 -135 45 90
1176 980 0 -132 44 88
1176 980 0 -129 43 86
1176 980 0 -126 42 84
1176 980 0 -123 41 82
1176 980 0 -120 40 80
1176 980 0 -117 39 78
1176 980 0 -114 38 76
1176 980 0 -111 37 74
1176 980 0 -108 36 72
1176 980 0 -105 35 70
1176 980 0 -102 34 68
1176 980 0 -99 33 66
1176 980 0 -96 32 64
1176 980 0 -93 31 62
1176 980 0 -90 30 60
1176 980 0 -87 29 58
1176 980 0 -84 28 56
1176 980 0 -81 27 54
1176 980 0 -78 26 52
1176 980 0 -75 25 50
1176 980 0 -72 24 48
1176 980 0 -69 23 46
1176 980 0 -66 22 44
1176 980 0 -63 21 42
1176 980 0 -60 20 40
1176 980 0 -57 19 38
1176 980 0 -54 18 36
1176 980 0 -51 17 34
1176 980 0 -48 16 32
1176 980 0 -45 15 30
1176 980 0 -42 14 28
1176 980 0 -39 13 26
1176 980 0 -36 12 24
1176 980 0 -33 11 22
1176 980 0 -30 10 20
1176 980 0 -27 9 18
1176 980 0 -24 8 16
1176 980 0 -21 7 14
1176 980 0 -18 6 12
1176 980 0 -15 5 10
1176 980 0 -12 4 8
1176 980 0 -9 3 6
1176 980 0 -6 2 4
1176 980 0 -3 1 2
1176 980 0 3 -1 -2
1176 980 0 6 -2 -4
1176 980 0 9 -3 -6
1176 980 0 12 -4 -8
1176 980 0 15 -5 -10
1176 980 0 18 -6 -12
1176 980 0 21 -7 -14
1176 980 0 24 -8 -16
1176 980 0 27 -9 -18
1176 980 0 30 -10 -20
1176 980 0 33 -11 -22
1176 980 0 36 -12 -24
1176 980 0 39 -13 -26
1176 980 0 42 -14 -28
1176 980 0 45 -15 -30
1176 980 0 48 -16 -32
1176 980 0 51 -17 -34
1176 980 0 54 -18 -36
1176 980 0 57 -19 -38
1176 980 0 60 -20 -40
1176 980 0 63 -21 -42
1176 980 0 66 -22 -44
1176 980 0 69 -23 -46
1176 980 0 72 -24 -48
1176 980 0 75 -25 -50
1176 980 0 78 -26 -52
1176 980 0 81 -27 -54
1176 980 0 84 -28 -56
1176 980 0 87 -29 -58
1176 980 0 90 -30 -60
1176 980 0 93 -31 -62
1176 980 0 96 -32 -64
1176 980 0 99 -33 -66
1176 980 0 102 -34 -68
1176 980 0 105 -35 -70
1176 980 0 108 -36 -72
1176 980 0 111 -37 -74
1176 980 0 114 -38 -76
1176 980 0 117 -39 -78
1176 980 0 120 -40 -80
1176 980 0 123 -41 -82
1176 980 0 126 -42 -84
1176 980 0 129 -43 -86
1176 980 0 132 -44 -88
1176 980 0 135 -45 -90
1176 980 0 138 -46 -92
1176 980 0 141 -47 -94
1176 980 0 144 -48 -96
1176 980 0 147 -49 -98
1176 980 0 150 -50 -100
1182 985 0 -150 50 100
1182 985 0 -147 49 98
1182 985 0 -144 48 96
1182 985 0 -141 47 94
1182 985 0 -138 46 92
1182 985 0 -135 45 90
1182 985 0 -132 44 88
1182 985 0 -129 43 86
1182 985 0 -126 42 84
1182 985 0 -123 41 82
1182 985 0 -120 40 80
1182 985 0 -117 39 78
1182 985 0 -114 38 76
1182 985 0 -111 37 74
1182 985 0 -108 36 72
1182 985 0 -105 35 70
1182 985 0 -102 34 68
1182 985 0 -99 33 66
1182 985 0 -96 32 64
1182 985 0 -93 31 62
1182 985 0 -90 30 60
1182 985 0 -87 29 58
1182 985 0 -84 28 56
1182 985 0 -81 27 54
1182 985 0 -78 26 52
1182 985 0 -75 25 50
1182 985 0 -72 24 48
1182 985 0 -69 23 46
1182 985 0 -66 22 44
1182 985 0 -63 21 42
1182 985 0 -60 20 40
1182 985 0 -57 19 38
1182 985 0 -54 18 36
1182 985 0 -51 17 34
1182 985 0 -48 16 32
1182 985 0 -45 15 30
1182 985 0 -42 14 28
1182 985 0 -39 13 26
1182 985 0 -36 12 24
1182 985 0 -33 11 22
1182 985 0 -30 10 20
1182 985 0 -27 9 18
1182 985 0 -24 8 16
1182 985 0 -21 7 14
1182 985 0 -18 6 12
1182 985 0 -15 5 10
1182 985 0 -12 4 8
1182 985 0 -9 3 6
1182 985 0 -6 2 4
1182 985 0 -3 1 2
1182 985 0 3 -1 -2
1182 985 0 6 -2 -4
1182 985 0 9 -3 -6
1182 985 0 12 -4 -8
1182 985 0 15 -5 -10
1182 985 0 18 -6 -12
1182 985 0 21 -7 -14
1182 985 0 24 -8 -16
1182 985 0 27 -9 -18
1182 985 0 30 -10 -20
1182 985 0 33 -11 -22
1182 985 0 36 -12 -24
1182 985 0 39 -13 -26
1182 985 0 42 -14 -28
1182 985 0 45 -15 -30
1182 985 0 48 -16 -32
1182 985 0 51 -17 -34
1182 985 0 54 -18 -36
1182 985 0 57 -19 -38
1182 985 0 60 -20 -40
1182 985 0 63 -21 -42
1182 985 0 66 -22 -44
1182 985 0 69 -23 -46
1182 985 0 72 -24 -48
1182 985 0 75 -25 -50
1182 985 0 78 -26 -52
1182 985 0 81 -27 -54
1182 985 0 84 -28 -56
1182 985 0 87 -29 -58
1182 985 0 90 -30 -60
1182 985 0 93 -31 -62
1182 985 0 96 -32 -64
1182 985 0 99 -33 -66
1182 985 0 102 -34 -68
1182 985 0 105 -35 -70
1182 985 0 108 -36 -72
1182 985 0 111 -37 -74
1182 985 0 114 -38 -76
1182 985 0 117 -39 -78
1182 985 0 120 -40 -80
1182 985 0 123 -41 -82
1182 985 0 126 -42 -84
1182 985 0 129 -43 -86
1182 985 0 132 -44 -88
1182 985 0 135 -45 -90
1182 985 0 138 -46 -92
1182 985 0 141 -47 -94
1182 985 0 144 -48 -96
1182 985 0 147 -49 -98
1182 985 0 150 -50 -100
1188 990 0 -150 50 100
1188 990 0 -147 49 98
1188 990 0 -144 48 96
1188 990 0 -141 47 94
1188 990 0 -138 46 92
1188 990 0 -135 45 90
1188 990 0 -132 44 88
1188 990 0 -129 43 86
1188 990 0 -126 42 84
1188 990 0 -123 41 82
1188 990 0 -120 40 80
1188 990 0 -117 39 78
1188 990 0 -114 38 76
1188 990 0 -111 37 74
1188 990 0 -108 36 72
1188 990 0 -105 35 70
1188 990 0 -102 34 68
1188 990 0 -99 33 66
1188 990 0 -96 32 64
1188 990 0 -93 31 62
1188 990 0 -90 30 60
1188 990 0 -87 29 58
1188 990 0 -84 28 56
1188 990 0 -81 27 54
1188 990 0 -78 26 52
1188 990 0 -75 25 50
1188 990 0 -72 24 48
1188 990 0 -69 23 46
1188 990 0 -66 22 44
1188 990 0 -63 21 42
1188 990 0 -60 20 40
1188 990 0 -57 19 38
1188 990 0 -54 18 36
1188 990 0 -51 17 34
1188 990 0 -48 16 32
1188 990 0 -45 15 30
1188 990 0 -42 14 28
1188 990 0 -39 13 26
1188 990 0 -36 12 24
1188 990 0 -33 11 22
1188 990 0 -30 10 20
1188 990 0 -27 9 18
1188 990 0 -24 8 16
1188 990 0 -21 7 14
1188 990 0 -18 6 12
1188 990 0 -15 5 10
1188 990 0 -12 4 8
1188 990 0 -9 3 6
1188 990 0 -6 2 4
1188 990 0 -3 1 2
1188 990 0 3 -1 -2
1188 990 0 6 -2 -4
1188 990 0 9 -3 -6
1188 990 0 12 -4 -8
1188 990 0 15 -5 -10
1188 990 0 18 -6 -12
1188 990 0 21 -7 -14
1188 990 0 24 -8 -16
1188 990 0 27 -9 -18
1188 990 0 30 -10 -20
1188 990 0 33 -11 -22
1188 990 0 36 -12 -24
1188 990 0 39 -13 -26
1188 990 0 42 -14 -28
1188 990 0 45 -15 -30
1188 990 0 48 -16 -32
1188 990 0 51 -17 -34
1188 990 0 54 -18 -36
1188 990 0 57 -19 -38
1188 990 0 60 -20 -40
1188 990 0 63 -21 -42
1188 990 0 66 -22 -44
1188 990 0 69 -23 -46
1188 990 0 72 -24 -48
1188 990 0 75 -25 -50
1188 990 0 78 -26 -52
1188 990 0 81 -27 -54
1188 990 0 84 -28 -56
1188 990 0 87 -29 -58
1188 990 0 90 -30 -60
1188 990 0 93 -31 -62
1188 990 0 96 -32 -64
1188 990 0 99 -33 -66
1188 990 0 102 -34 -68
1188 990 0 105 -35 -70
1188 990 0 108 -36 -72
1188 990 0 111 -37 -74
1188 990 0 114 -38 -76
1188 990 0 117 -39 -78
1188 990 0 120 -40 -80
1188 990 0 123 -41 -82
1188 990 0 126 -42 -84
1188 990 0 129 -43 -86
1188 990 0 132 -44 -88
1188 990 0 135 -45 -90
1188 990 0 138 -46 -92
1188 990 0 141 -47 -94
1188 990 0 144 -48 -96
1188 990 0 147 -49 -98
1188 990 0 150 -50 -100
1194 995 0 -150 50 100
1194 995 0 -147 49 98
1194 995 0 -144 48 96
1194 995 0 -141 47 94
1194 995 0 -138 46 92
1194 995 0 -135 45 90
1194 995 0 -132 44 88
1194 995 0 -129 43 86
1194 995 0 -126 42 84
1194 995 0 -123 41 82
1194 995 0 -120 40 80
1194 995 0 -117 39 78
1194 995 0 -114 38 76
1194 995 0 -111 37 74
1194 995 0 -108 36 72
1194 995 0 -105 35 70
1194 995 0 -102 34 68
1194 995 0 -99 33 66
1194 995 0 -96 32 64
1194 995 0 -93 31 62
1194 995 0 -90 30 60
1194 995 0 -87 29 58
1194 995 0 -84 28 56
1194 995 0 -81 27 54
1194 995 0 -78 26 52
1194 995 0 -75 25 50
1194 995 0 -72 24 48
1194 995 0 -69 23 46
1194 995 0 -66 22 44
1194 995 0 -63 21 42
1194 995 0 -60 20 40
1194 995 0 -57 19 38
1194 995 0 -54 18 36
1194 995 0 -51 17 34
1194 995 0 -48 16 32
1194 995 0 -45 15 30
1194 995 0 -42 14 28
1194 995 0 -39 13 26
1194 995 0 -36 12 24
1194 995 0 -33 11 22
1194 995 0 -30 10 20
1194 995 0 -27 9 18
1194 995 0 -24 8 16
1194 995 0 -21 7 14
1194 995 0 -18 6 12
1194 995 0 -15 5 10
1194 995 0 -12 4 8
1194 995 0 -9 3 6
1194 995 0 -6 2 4
1194 995 0 -3 1 2
1194 995 0 3 -1 -2
1194 995 0 6 -2 -4
1194 995 0 9 -3 -6
1194 995 0 12 -4 -8
1194 995 0 15 -5 -10
1194 995 0 18 -6 -12
1194 995 0 21 -7 -14
1194 995 0 24 -8 -16
1194 995 0 27 -9 -18
1194 995 0 30 -10 -20
1194 995 0 33 -11 -22
1194 995 0 36 -12 -24
1194 995 0 39 -13 -26
1194 995 0 42 -14 -28
1194 995 0 45 -15 -30
1194 995 0 48 -16 -32
1194 995 0 51 -17 -34
1194 995 0 54 -18 -36
1194 995 0 57 -19 -38
1194 995 0 60 -20 -40
1194 995 0 63 -21 -42
1194 995 0 66 -22 -44
1194 995 0 69 -23 -46
1194 995 0 72 -24 -48
1194 995 0 75 -25 -50
1194 995 0 78 -26 -52
1194 995 0 81 -27 -54
1194 995 0 84 -28 -56
1194 995 0 87 -29 -58
1194 995 0 90 -30 -60
1194 995 0 93 -31 -62
1194 995 0 96 -32 -64
1194 995 0 99 -33 -66
1194 995 0 102 -34 -68
1194 995 0 105 -35 -70
1194 995 0 108 -36 -72
1194 995 0 111 -37 -74
1194 995 0 114 -38 -76
1194 995 0 117 -39 -78
1194 995 0 120 -40 -80
1194 995 0 123 -41 -82
1194 995 0 126 -42 -84
1194 995 0 129 -43 -86
1194 995 0 132 -44 -88
1194 995 0 135 -45 -90
1194 995 0 138 -46 -92
1194 995 0 141 -47 -94
1194 995 0 144 -48 -96
1194 995 0 147 -49 -98
1194 995 0 150 -50 -100
1200 1000 0 -150 50 100
1200 1000 0 -147 49 98
1200 1000 0 -144 48 96
1200 1000 0 -141 47 94
1200 1000 0 -138 46 92
1200 1000 0 -135 45 90
1200 1000 0 -132 44 88
1200 1000 0 -129 43 86
1200 1000 0 -126 42 84
1200 1000 0 -123 41 82
1200 1000 0 -120 40 80
1200 1000 0 -117 39 78
1200 1000 0 -114 38 76
1200 1000 0 -111 37 74
1200 1000 0 -108 36 72
1200 1000 0 -105 35 70
1200 1000 0 -102 34 68
1200 1000 0 -99 33 66
1200 1000 0 -96 32 64
1200 1000 0 -93 31 62
1200 1000 0 -90 30 60
1200 1000 0 -87 29 58
1200 1000 0 -84 28 56
1200 1000 0 -81 27 54
1200 1000 0 -78 26 52
1200 1000 0 -75 25 50
1200 1000 0 -72 24 48
1200 1000 0 -69 23 46
1200 1000 0 -66 22 44
1200 1000 0 -63 21 42
1200 1000 0 -60 20 40
1200 1000 0 -57 19 38
1200 1000 0 -54 18 36
1200 1000 0 -51 17 34
1200 1000 0 -48 16 32
1200 1000 0 -45 15 30
1200 1000 0 -42 14 28
1200 1000 0 -39 13 26
1200 1000 0 -36 12 24
1200 1000 0 -33 11 22
1200 1000 0 -30 10 20
1200 1000 0 -27 9 18
1200 1000 0 -24 8 16
1200 1000 0 -21 7 14
1200 1000 0 -18 6 12
1200 1000 0 -15 5 10
1200 1000 0 -12 4 8
1200 1000 0 -9 3 6
1200 1000 0 -6 2 4
1200 1000 0 -3 1 2
1200 1000 0 3 -1 -2
1200 1000 0 6 -2 -4
1200 1000 0 9 -3 -6
1200 1000 0 12 -4 -8
1200 1000 0 15 -5 -10
1200 1000 0 18 -6 -12
1200 1000 0 21 -7 -14
1200 1000 0 24 -8 -16
1200 1000 0 27 -9 -18
1200 1000 0 30 -10 -20
1200 1000 0 33 -11 -22
1200 1000 0 36 -12 -24
1200 1000 0 39 -13 -26
1200 1000 0 42 -14 -28
1200 1000 0 45 -15 -30
1200 1000 0 48 -16 -32
1200 1000 0 51 -17 -34
1200 1000 0 54 -18 -36
1200 1000 0 57 -19 -38
1200 1000 0 60 -20 -40
1200 1000 0 63 -21 -42
1200 1000 0 66 -22 -44
1200 1000 0 69 -23 -46
1200 1000 0 72 -24 -48
1200 1000 0 75 -25 -50
1200 1000 0 78 -26 -52
1200 1000 0 81 -27 -54
1200 1000 0 84 -28 -56
1200 1000 0 87 -29 -58
1200 1000 0 90 -30 -60
1200 1000 0 93 -31 -62
1200 1000 0 96 -32 -64
1200 1000 0 99 -33 -66
1200 1000 0 102 -34 -68
1200 1000 0 105 -35 -70
1200 1000 0 108 -36 -72
1200 1000 0 111 -37 -74
1200 1000 0 114 -38 -76
1200 1000 0 117 -39 -78
1200 1000 0 120 -40 -80
1200 1000 0 123 -41 -82
1200 1000 0 126 -42 -84
1200 1000 0 129 -43 -86
1200 1000 0 132 -44 -88
1200 1000 0 135 -45 -90
1200 1000 0 138 -46 -92
1200 1000 0 141 -47 -94
1200 1000 0 144 -48 -96
1200 1000 0 147 -49 -98
1200 1000 0 150 -50 -100
1206 1005 0 -150 50 100
1206 1005 0 -147 49 98
1206 1005 0 -144 48 96
1206 1005 0 -141 47 94
1206 1005 0 -138 46 92
1206 1005 0 -135 45 90
1206 1005 0 -132 44 88
1206 1005 0 -129 43 86
1206 1005 0 -126 42 84
1206 1005 0 -123 41 82
1206 1005 0 -120 40 80
1206 1005 0 -117 39 78
1206 1005 0 -114 38 76
1206 1005 0 -111 37 74
1206 1005 0 -108 36 72
1206 1005 0 -105 35 70
1206 1005 0 -102 34 68
1206 1005 0 -99 33 66
1206 1005 0 -96 32 64
1206 1005 0 -93 31 62
1206 1005 0 -90 30 60
1206 1005 0 -87 29 58
1206 1005 0 -84 28 56
1206 1005 0 -81 27 54
1206 1005 0 -78 26 52
1206 1005 0 -75 25 50
1206 1005 0 -72 24 48
1206 1005 0 -69 23 46
1206 1005 0 -66 22 44
1206 1005 0 -63 21 42
1206 1005 0 -60 20 40
1206 1005 0 -57 19 38
1206 1005 0 -54 18 36
1206 1005 0 -51 17 34
1206 1005 0 -48 16 32
1206 1005 0 -45 15 30
1206 1005 0 -42 14 28
1206 1005 0 -39 13 26
1206 1005 0 -36 12 24
1206 1005 0 -33 11 22
1206 1005 0 -30 10 20
1206 1005 0 -27 9 18
1206 1005 0 -24 8 16
1206 1005 0 -21 7 14
1206 1005 0 -18 6 12
1206 1005 0 -15 5 10
1206 1005 0 -12 4 8
1206 1005 0 -9 3 6
1206 1005 0 -6 2 4
1206 1005 0 -3 1 2
1206 1005 0 3 -1 -2
1206 1005 0 6 -2 -4
1206 1005 0 9 -3 -6
1206 1005 0 12 -4 -8
1206 1005 0 15 -5 -10
1206 1005 0 18 -6 -12
1206 1005 0 21 -7 -14
1206 1005 0 24 -8 -16
1206 1005 0 27 -9 -18
1206 1005 0 30 -10 -20
1206 1005 0 33 -11 -22
1206 1005 0 36 -12 -24
1206 1005 0 39 -13 -26
1206 1005 0 42 -14 -28
1206 1005 0 45 -15 -30
1206 1005 0 48 -16 -32
1206 1005 0 51 -17 -34
1206 1005 0 54 -18 -36
1206 1005 0 57 -19 -38
1206 1005 0 60 -20 -40
1206 1005 0 63 -21 -42
1206 1005 0 66 -22 -44
1206 1005 0 69 -23 -46
1206 1005 0 72 -24 -48
1206 1005 0 75 -25 -50
1206 1005 0 78 -26 -52
1206 1005 0 81 -27 -54
1206 1005 0 84 -28 -56
1206 1005 0 87 -29 -58
1206 1005 0 90 -30 -60
1206 1005 0 93 -31 -62
1206 1005 0 96 -32 -64
1206 1005 0 99 -33 -66
1206 1005 0 102 -34 -68
1206 1005 0 105 -35 -70
1206 1005 0 108 -36 -72
1206 1005 0 111 -37 -74
1206 1005 0 114 -38 -76
1206 1005 0 117 -39 -78
1206 1005 0 120 -40 -80
1206 1005 0 123 -41 -82
1206 1005 0 126 -42 -84
1206 1005 0 129 -43 -86
1206 1005 0 132 -44 -88
1206 1005 0 135 -45 -90
1206 1005 0 138 -46 -92
1206 1005 0 141 -47 -94
1206 1005 0 144 -48 -96
1206 1005 0 147 -49 -98
1206 1005 0 150 -50 -100
1212 1010 0 -150 50 100
1212 1010 0 -147 49 98
1212 1010 0 -144 48 96
1212 1010 0 -141 47 94
1212 1010 0 -138 46 92
1212 1010 0 -135 45 90
1212 1010 0 -132 44 88
1212 1010 0 -129 43 86
1212 1010 0 -126 42 84
1212 1010 0 -123 41 82
1212 1010 0 -120 40 80
1212 1010 0 -117 39 78
1212 1010 0 -114 38 76
1212 1010 0 -111 37 74
1212 1010 0 -108 36 72
1212 1010 0 -105 35 70
1212 1010 0 -102 34 68
1212 1010 0 -99 33 66
1212 1010 0 -96 32 64
1212 1010 0 -93 31 62
1212 1010 0 -90 30 60
1212 1010 0 -87 29 58
1212 1010 0 -84 28 56
1212 1010 0 -81 27 54
1212 1010 0 -78 26 52
1212 1010 0 -75 25 50
1212 1010 0 -72 24 48
1212 1010 0 -69 23 46
1212 1010 0 -66 22 44
1212 1010 0 -63 21 42
1212 1010 0 -60 20 40
1212 1010 0 -57 19 38
1212 1010 0 -54 18 36
1212 1010 0 -51 17 34
1212 1010 0 -48 16 32
1212 1010 0 -45 15 30
1212 1010 0 -42 14 28
1212 1010 0 -39 13 26
1212 1010 0 -36 12 24
1212 1010 0 -33 11 22
1212 1010 0 -30 10 20
1212 1010 0 -27 9 18
1212 1010 0 -24 8 16
1212 1010 0 -21 7 14
1212 1010 0 -18 6 12
1212 1010 0 -15 5 10
1212 1010 0 -12 4 8
1212 1010 0 -9 3 6
1212 1010 0 -6 2 4
1212 1010 0 -3 1 2
1212 1010 0 3 -1 -2
1212 1010 0 6 -2 -4
1212 1010 0 9 -3 -6
1212 1010 0 12 -4 -8
1212 1010 0 15 -5 -10
1212 1010 0 18 -6 -12
1212 1010 0 21 -7 -14
1212 1010 0 24 -8 -16
1212 1010 0 27 -9 -18
1212 1010 0 30 -10 -20
1212 1010 0 33 -11 -22
1212 1010 0 36 -12 -24
1212 1010 0 39 -13 -26
1212 1010 0 42 -14 -28
1212 1010 0 45 -15 -30
1212 1010 0 48 -16 -32
1212 1010 0 51 -17 -34
1212 1010 0 54 -18 -36
1212 1010 0 57 -19 -38
1212 1010 0 60 -20 -40
1212 1010 0 63 -21 -42
1212 1010 0 66 -22 -44
1212 1010 0 69 -23 -46
1212 1010 0 72 -24 -48
1212 1010 0 75 -25 -50
1212 1010 0 78 -26 -52
1212 1010 0 81 -27 -54
1212 1010 0 84 -28 -56
1212 1010 0 87 -29 -58
1212 1010 0 90 -30 -60
1212 1010 0 93 -31 -62
1212 1010 0 96 -32 -64
1212 1010 0 99 -33 -66
1212 1010 0 102 -34 -68
1212 1010 0 105 -35 -70
1212 1010 0 108 -36 -72
1212 1010 0 111 -37 -74
1212 1010 0 114 -38 -76
1212 1010 0 117 -39 -78
1212 1010 0 120 -40 -80
1212 1010 0 123 -41 -82
1212 1010 0 126 -42 -84
1212 1010 0 129 -43 -86
1212 1010 0 132 -44 -88
1212 1010 0 135 -45 -90
1212 1010 0 138 -46 -92
1212 1010 0 141 -47 -94
1212 1010 0 144 -48 -96
1212 1010 0 147 -49 -98
1212 1010 0 150 -50 -100
1218 1015 0 -150 50 100
1218 1015 0 -147 49 98
1218 1015 0 -144 48 96
1218 1015 0 -141 47 94
1218 1015 0 -138 46 92
1218 1015 0 -135 45 90
1218 1015 0 -132 44 88
1218 1015 0 -129 43 86
1218 1015 0 -126 42 84
1218 1015 0 -123 41 82
1218 1015 0 -120 40 80
1218 1015 0 -117 39 78
1218 1015 0 -114 38 76
1218 1015 0 -111 37 74
1218 1015 0 -108 36 72
1218 1015 0 -105 35 70
1218 1015 0 -102 34 68
1218 1015 0 -99 33 66
1218 1015 0 -96 32 64
1218 1015 0 -93 31 62
1218 1015 0 -90 30 60
1218 1015 0 -87 29 58
1218 1015 0 -84 28 56
1218 1015 0 -81 27 54
1218 1015 0 -78 26 52
1218 1015 0 -75 25 50
1218 1015 0 -72 24 48
1218 1015 0 -69 23 46
1218 1015 0 -66 22 44
1218 1015 0 -63 21 42
1218 1015 0 -60 20 40
1218 1015 0 -57 19 38
1218 1015 0 -54 18 36
1218 1015 0 -51 17 34
1218 1015 0 -48 16 32
1218 1015 0 -45 15 30
1218 1015 0 -42 14 28
1218 1015 0 -39 13 26
1218 1015 0 -36 12 24
1218 1015 0 -33 11 22
1218 1015 0 -30 10 20
1218 1015 0 -27 9 18
1218 1015 0 -24 8 16
1218 1015 0 -21 7 14
1218 1015 0 -18 6 12
1218 1015 0 -15 5 10
1218 1015 0 -12 4 8
1218 1015 0 -9 3 6
1218 1015 0 -6 2 4
1218 1015 0 -3 1 2
1218 1015 0 3 -1 -2
1218 1015 0 6 -2 -4
1218 1015 0 9 -3 -6
1218 1015 0 12 -4 -8
1218 1015 0 15 -5 -10
1218 1015 0 18 -6 -12
1218 1015 0 21 -7 -14
1218 1015 0 24 -8 -16
1218 1015 0 27 -9 -18
1218 1015 0 30 -10 -20
1218 1015 0 33 -11 -22
1218 1015 0 36 -12 -24
1218 1015 0 39 -13 -26
1218 1015 0 42 -14 -28
1218 1015 0 45 -15 -30
1218 1015 0 48 -16 -32
1218 1015 0 51 -17 -34
1218 1015 0 54 -18 -36
1218 1015 0 57 -19 -38
1218 1015 0 60 -20 -40
1218 1015 0 63 -21 -42
1218 1015 0 66 -22 -44
1218 1015 0 69 -23 -46
1218 1015 0 72 -24 -48
1218 1015 0 75 -25 -50
1218 1015 0 78 -26 -52
1218 1015 0 81 -27 -54
1218 1015 0 84 -28 -56
1218 1015 0 87 -29 -58
1218 1015 0 90 -30 -60
1218 1015 0 93 -31 -62
1218 1015 0 96 -32 -64
1218 1015 0 99 -33 -66
1218 1015 0 102 -34 -68
1218 1015 0 105 -35 -70
1218 1015 0 108 -36 -72
1218 1015 0 111 -37 -74
1218 1015 0 114 -38 -76
1218 1015 0 117 -39 -78
1218 1015 0 120 -40 -80
1218 1015 0 123 -41 -82
1218 1015 0 126 -42 -84
1218 1015 0 129 -43 -86
1218 1015 0 132 -44 -88
1218 1015 0 135 -45 -90
1218 1015 0 138 -46 -92
1218 1015 0 141 -47 -94
1218 1015 0 144 -48 -96
1218 1015 0 147 -49 -98
1218 1015 0 150 -50 -100
1224 1020 0 -150 50 100
1224 1020 0 -147 49 98
1224 1020 0 -144 48 96
1224 1020 0 -141 47 94
1224 1020 0 -138 46 92
1224 1020 0 -135 45 90
1224 1020 0 -132 44 88
1224 1020 0 -129 43 86
1224 1020 0 -126 42 84
1224 1020 0 -123 41 82
1224 1020 0 -120 40 80
1224 1020 0 -117 39 78
1224 1020 0 -114 38 76
1224 1020 0 -111 37 74
1224 1020 0 -108 36 72
1224 1020 0 -105 35 70
1224 1020 0 -102 34 68
1224 1020 0 -99 33 66
1224 1020 0 -96 32 64
1224 1020 0 -93 31 62
1224 1020 0 -90 30 60
1224 1020 0 -87 29 58
1224 1020 0 -84 28 56
1224 1020 0 -81 27 54
1224 1020 0 -78 26 52
1224 1020 0 -75 25 50
1224 1020 0 -72 24 48
1224 1020 0 -69 23 46
1224 1020 0 -66 22 44
1224 1020 0 -63 21 42
1224 1020 0 -60 20 40
1224 1020 0 -57 19 38
1224 1020 0 -54 18 36
1224 1020 0 -51 17 34
1224 1020 0 -48 16 32
1224 1020 0 -45 15 30
1224 1020 0 -42 14 28
1224 1020 0 -39 13 26
1224 1020 0 -36 12 24
1224 1020 0 -33 11 22
1224 1020 0 -30 10 20
1224 1020 0 -27 9 18
1224 1020 0 -24 8 16
1224 1020 0 -21 7 14
1224 1020 0 -18 6 12
1224 1020 0 -15 5 10
1224 1020 0 -12 4 8
1224 1020 0 -9 3 6
1224 1020 0 -6 2 4
1224 1020 0 -3 1 2
1224 1020 0 3 -1 -2
1224 1020 0 6 -2 -4
1224 1020 0 9 -3 -6
1224 1020 0 12 -4 -8
1224 1020 0 15 -5 -10
1224 1020 0 18 -6 -12
1224 1020 0 21 -7 -14
1224 1020 0 24 -8 -16
1224 1020 0 27 -9 -18
1224 1020 0 30 -10 -20
1224 1020 0 33 -11 -22
1224 1020 0 36 -12 -24
1224 1020 0 39 -13 -26
1224 1020 0 42 -14 -28
1224 1020 0 45 -15 -30
1224 1020 0 48 -16 -32
1224 1020 0 51 -17 -34
1224 1020 0 54 -18 -36
1224 1020 0 57 -19 -38
1224 1020 0 60 -20 -40
1224 1020 0 63 -21 -42
1224 1020 0 66 -22 -44
1224 1020 0 69 -23 -46
1224 1020 0 72 -24 -48
1224 1020 0 75 -25 -50
1224 1020 0 78 -26 -52
1224 1020 0 81 -27 -54
1224 1020 0 84 -28 -56
1224 1020 0 87 -29 -58
1224 1020 0 90 -30 -60
1224 1020 0 93 -31 -62
1224 1020 0 96 -32 -64
1224 1020 0 99 -33 -66
1224 1020 0 102 -34 -68
1224 1020 0 105 -35 -70
1224 1020 0 108 -36 -72
1224 1020 0 111 -37 -74
1224 1020 0 114 -38 -76
1224 1020 0 117 -39 -78
1224 1020 0 120 -40 -80
1224 1020 0 123 -41 -82
1224 1020 0 126 -42 -84
1224 1020 0 129 -43 -86
1224 1020 0 132 -44 -88
1224 1020 0 135 -45 -90
1224 1020 0 138 -46 -92
1224 1020 0 141 -47 -94
1224 1020 0 144 -48 -96
1224 1020 0 147 -49 -98
1224 1020 0 150 -50 -100
1230 1025 0 -150 50 100
1230 1025 0 -147 49 98
1230 1025 0 -144 48 96
1230 1025 0 -141 47 94
1230 1025 0 -138 46 92
1230 1025 0 -135 45 90
1230 1025 0 -132 44 88
1230 1025 0 -129 43 86
1230 1025 0 -126 42 84
1230 1025 0 -123 41 82
1230 1025 0 -120 40 80
1230 1025 0 -117 39 78
1230 1025 0 -114 38 76
1230 1025 0 -111 37 74
1230 1025 0 -108 36 72
1230 1025 0 -105 35 70
1230 1025 0 -102 34 68
1230 1025 0 -99 33 66
1230 1025 0 -96 32 64
1230 1025 0 -93 31 62
1230 1025 0 -90 30 60
1230 1025 0 -87 29 58
1230 1025 0 -84 28 56
1230 1025 0 -81 27 54
1230 1025 0 -78 26 52
1230 1025 0 -75 25 50
1230 1025 0 -72 24 48
1230 1025 0 -69 23 46
1230 1025 0 -66 22 44
1230 1025 0 -63 21 42
1230 1025 0 -60 20 40
1230 1025 0 -57 19 38
1230 1025 0 -54 18 36
1230 1025 0 -51 17 34
1230 1025 0 -48 16 32
1230 1025 0 -45 15 30
1230 1025 0 -42 14 28
1230 1025 0 -39 13 26
1230 1025 0 -36 12 24
1230 1025 0 -33 11 22
1230 1025 0 -30 10 20
1230 1025 0 -27 9 18
1230 1025 0 -24 8 16
1230 1025 0 -21 7 14
1230 1025 0 -18 6 12
1230 1025 0 -15 5 10
1230 1025 0 -12 4 8
1230 1025 0 -9 3 6
1230 1025 0 -6 2 4
1230 1025 0 -3 1 2
1230 1025 0 3 -1 -2
1230 1025 0 6 -2 -4
1230 1025 0 9 -3 -6
1230 1025 0 12 -4 -8
1230 1025 0 15 -5 -10
1230 1025 0 18 -6 -12
1230 1025 0 21 -7 -14
1230 1025 0 24 -8 -16
1230 1025 0 27 -9 -18
1230 1025 0 30 -10 -20
1230 1025 0 33 -11 -22
1230 1025 0 36 -12 -24
1230 1025 0 39 -13 -26
1230 1025 0 42 -14 -28
1230 1025 0 45 -15 -30
1230 1025 0 48 -16 -32
1230 1025 0 51 -17 -34
1230 1025 0 54 -18 -36
1230 1025 0 57 -19 -38
1230 1025 0 60 -20 -40
1230 1025 0 63 -21 -42
1230 1025 0 66 -22 -44
1230 1025 0 69 -23 -46
1230 1025 0 72 -24 -48
1230 1025 0 75 -25 -50
1230 1025 0 78 -26 -52
1230 1025 0 81 -27 -54
1230 1025 0 84 -28 -56
1230 1025 0 87 -29 -58
1230 1025 0 90 -30 -60
1230 1025 0 93 -31 -62
1230 1025 0 96 -32 -64
1230 1025 0 99 -33 -66
1230 1025 0 102 -34 -68
1230 1025 0 105 -35 -70
1230 1025 0 108 -36 -72
1230 1025 0 111 -37 -74
1230 1025 0 114 -38 -76
1230 1025 0 117 -39 -78
1230 1025 0 120 -40 -80
1230 1025 0 123 -41 -82
1230 1025 0 126 -42 -84
1230 1025 0 129 -43 -86
1230 1025 0 132 -44 -88
1230 1025 0 135 -45 -90
1230 1025 0 138 -46 -92
1230 1025 0 141 -47 -94
1230 1025 0 144 -48 -96
1230 1025 0 147 -49 -98
1230 1025 0 150 -50 -100
1236 1030 0 -150 50 100
1236 1030 0 -147 49 98
1236 1030 0 -144 48 96
1236 1030 0 -141 47 94
1236 1030 0 -138 46 92
1236 1030 0 -135 45 90
1236 1030 0 -132 44 88
1236 1030 0 -129 43 86
1236 1030 0 -126 42 84
1236 1030 0 -123 41 82
1236 1030 0 -120 40 80
1236 1030 0 -117 39 78
1236 1030 0 -114 38 76
1236 1030 0 -111 37 74
1236 1030 0 -108 36 72
1236 1030 0 -105 35 70
1236 1030 0 -102 34 68
1236 1030 0 -99 33 66
1236 1030 0 -96 32 64
1236 1030 0 -93 31 62
1236 1030 0 -90 30 60
1236 1030 0 -87 29 58
1236 1030 0 -84 28 56
1236 1030 0 -81 27 54
1236 1030 0 -78 26 52
1236 1030 0 -75 25 50
1236 1030 0 -72 24 48
1236 1030 0 -69 23 46
1236 1030 0 -66 22 44
1236 1030 0 -63 21 42
1236 1030 0 -60 20 40
1236 1030 0 -57 19 38
1236 1030 0 -54 18 36
1236 1030 0 -51 17 34
1236 1030 0 -48 16 32
1236 1030 0 -45 15 30
1236 1030 0 -42 14 28
1236 1030 0 -39 13 26
1236 1030 0 -36 12 24
1236 1030 0 -33 11 22
1236 1030 0 -30 10 20
1236 1030 0 -27 9 18
1236 1030 0 -24 8 16
1236 1030 0 -21 7 14
1236 1030 0 -18 6 12
1236 1030 0 -15 5 10
1236 1030 0 -12 4 8
1236 1030 0 -9 3 6
1236 1030 0 -6 2 4
1236 1030 0 -3 1 2
1236 1030 0 3 -1 -2
1236 1030 0 6 -2 -4
1236 1030 0 9 -3 -6
1236 1030 0 12 -4 -8
1236 1030 0 15 -5 -10
1236 1030 0 18 -6 -12
1236 1030 0 21 -7 -14
1236 1030 0 24 -8 -16
1236 1030 0 27 -9 -18
1236 1030 0 30 -10 -20
1236 1030 0 33 -11 -22
1236 1030 0 36 -12 -24
1236 1030 0 39 -13 -26
1236 1030 0 42 -14 -28
1236 1030 0 45 -15 -30
1236 1030 0 48 -16 -32
1236 1030 0 51 -17 -34
1236 1030 0 54 -18 -36
1236 1030 0 57 -19 -38
1236 1030 0 60 -20 -40
1236 1030 0 63 -21 -42
1236 1030 0 66 -22 -44
1236 1030 0 69 -23 -46
1236 1030 0 72 -24 -48
1236 1030 0 75 -25 -50
1236 1030 0 78 -26 -52
1236 1030 0 81 -27 -54
1236 1030 0 84 -28 -56
1236 1030 0 87 -29 -58
1236 1030 0 90 -30 -60
1236 1030 0 93 -31 -62
1236 1030 0 96 -32 -64
1236 1030 0 99 -33 -66
1236 1030 0 102 -34 -68
1236 1030 0 105 -35 -70
1236 1030 0 108 -36 -72
1236 1030 0 111 -37 -74
1236 1030 0 114 -38 -76
1236 1030 0 117 -39 -78
1236 1030 0 120 -40 -80
1236 1030 0 123 -41 -82
1236 1030 0 126 -42 -84
1236 1030 0 129 -43 -86
1236 1030 0 132 -44 -88
1236 1030 0 135 -45 -90
1236 1030 0 138 -46 -92
1236 1030 0 141 -47 -94
1236 1030 0 144 -48 -96
1236 1030 0 147 -49 -98
1236 1030 0 150 -50 -100
1242 1035 0 -150 50 100
1242 1035 0 -147 49 98
1242 1035 0 -144 48 96
1242 1035 0 -141 47 94
1242 1035 0 -138 46 92
1242 1035 0 -135 45 90
1242 1035 0 -132 44 88
1242 1035 0 -129 43 86
1242 1035 0 -126 42 84
1242 1035 0 -123 41 82
1242 1035 0 -120 40 80
1242 1035 0 -117 39 78
1242 1035 0 -114 38 76
1242 1035 0 -111 37 74
1242 1035 0 -108 36 72
1242 1035 0 -105 35 70
1242 1035 0 -102 34 68
1242 1035 0 -99 33 66
1242 1035 0 -96 32 64
1242 1035 0 -93 31 62
1242 1035 0 -90 30 60
1242 1035 0 -87 29 58
1242 1035 0 -84 28 56
1242 1035 0 -81 27 54
1242 1035 0 -78 26 52
1242 1035 0 -75 25 50
1242 1035 0 -72 24 48
1242 1035 0 -69 23 46
1242 1035 0 -66 22 44
1242 1035 0 -63 21 42
1242 1035 0 -60 20 40
1242 1035 0 -57 19 38
1242 1035 0 -54 18 36
1242 1035 0 -51 17 34
1242 1035 0 -48 16 32
1242 1035 0 -45 15 30
1242 1035 0 -42 14 28
1242 1035 0 -39 13 26
1242 1035 0 -36 12 24
1242 1035 0 -33 11 22
1242 1035 0 -30 10 20
1242 1035 0 -27 9 18
1242 1035 0 -24 8 16
1242 1035 0 -21 7 14
1242 1035 0 -18 6 12
1242 1035 0 -15 5 10
1242 1035 0 -12 4 8
1242 1035 0 -9 3 6
1242 1035 0 -6 2 4
1242 1035 0 -3 1 2
1242 1035 0 3 -1 -2
1242 1035 0 6 -2 -4
1242 1035 0 9 -3 -6
1242 1035 0 12 -4 -8
1242 1035 0 15 -5 -10
1242 1035 0 18 -6 -12
1242 1035 0 21 -7 -14
1242 1035 0 24 -8 -16
1242 1035 0 27 -9 -18
1242 1035 0 30 -10 -20
1242 1035 0 33 -11 -22
1242 1035 0 36 -12 -24
1242 1035 0 39 -13 -26
1242 1035 0 42 -14 -28
1242 1035 0 45 -15 -30
1242 1035 0 48 -16 -32
1242 1035 0 51 -17 -34
1242 1035 0 54 -18 -36
1242 1035 0 57 -19 -38
1242 1035 0 60 -20 -40
1242 1035 0 63 -21 -42
1242 1035 0 66 -22 -44
1242 1035 0 69 -23 -46
1242 1035 0 72 -24 -48
1242 1035 0 75 -25 -50
1242 1035 0 78 -26 -52
1242 1035 0 81 -27 -54
1242 1035 0 84 -28 -56
1242 1035 0 87 -29 -58
1242 1035 0 90 -30 -60
1242 1035 0 93 -31 -62
1242 1035 0 96 -32 -64
1242 1035 0 99 -33 -66
1242 1035 0 102 -34 -68
1242 1035 0 105 -35 -70
1242 1035 0 108 -36 -72
1242 1035 0 111 -37 -74
1242 1035 0 114 -38 -76
1242 1035 0 117 -39 -78
1242 1035 0 120 -40 -80
1242 1035 0 123 -41 -82
1242 1035 0 126 -42 -84
1242 1035 0 129 -43 -86
1242 1035 0 132 -44 -88
1242 1035 0 135 -45 -90
1242 1035 0 138 -46 -92
1242 1035 0 141 -47 -94
1242 1035 0 144 -48 -96
1242 1035 0 147 -49 -98
1242 1035 0 150 -50 -100
1248 1040 0 -150 50 100
1248 1040 0 -147 49 98
1248 1040 0 -144 48 96
1248 1040 0 -141 47 94
1248 1040 0 -138 46 92
1248 1040 0 -135 45 90
1248 1040 0 -132 44 88
1248 1040 0 -129 43 86
1248 1040 0 -126 42 84
1248 1040 0 -123 41 82
1248 1040 0 -120 40 80
1248 1040 0 -117 39 78
1248 1040 0 -114 38 76
1248 1040 0 -111 37 74
1248 1040 0 -108 36 72
1248 1040 0 -105 35 70
1248 1040 0 -102 34 68
1248 1040 0 -99 33 66
1248 1040 0 -96 32 64
1248 1040 0 -93 31 62
1248 1040 0 -90 30 60
1248 1040 0 -87 29 58
1248 1040 0 -84 28 56
1248 1040 0 -81 27 54
1248 1040 0 -78 26 52
1248 1040 0 -75 25 50
1248 1040 0 -72 24 48
1248 1040 0 -69 23 46
1248 1040 0 -66 22 44
1248 1040 0 -63 21 42
1248 1040 0 -60 20 40
1248 1040 0 -57 19 38
1248 1040 0 -54 18 36
1248 1040 0 -51 17 34
1248 1040 0 -48 16 32
1248 1040 0 -45 15 30
1248 1040 0 -42 14 28
1248 1040 0 -39 13 26
1248 1040 0 -36 12 24
1248 1040 0 -33 11 22
1248 1040 0 -30 10 20
1248 1040 0 -27 9 18
1248 1040 0 -24 8 16
1248 1040 0 -21 7 14
1248 1040 0 -18 6 12
1248 1040 0 -15 5 10
1248 1040 0 -12 4 8
1248 1040 0 -9 3 6
1248 1040 0 -6 2 4
1248 1040 0 -3 1 2
1248 1040 0 3 -1 -2
1248 1040 0 6 -2 -4
1248 1040 0 9 -3 -6
1248 1040 0 12 -4 -8
1248 1040 0 15 -5 -10
1248 1040 0 18 -6 -12
1248 1040 0 21 -7 -14
1248 1040 0 24 -8 -16
1248 1040 0 27 -9 -18
1248 1040 0 30 -10 -20
1248 1040 0 33 -11 -22
1248 1040 0 36 -12 -24
1248 1040 0 39 -13 -26
1248 1040 0 42 -14 -28
1248 1040 0 45 -15 -30
1248 1040 0 48 -16 -32
1248 1040 0 51 -17 -34
1248 1040 0 54 -18 -36
1248 1040 0 57 -19 -38
1248 1040 0 60 -20 -40
1248 1040 0 63 -21 -42
1248 1040 0 66 -22 -44
1248 1040 0 69 -23 -46
1248 1040 0 72 -24 -48
1248 1040 0 75 -25 -50
1248 1040 0 78 -26 -52
1248 1040 0 81 -27 -54
1248 1040 0 84 -28 -56
1248 1040 0 87 -29 -58
1248 1040 0 90 -30 -60
1248 1040 0 93 -31 -62
1248 1040 0 96 -32 -64
1248 1040 0 99 -33 -66
1248 1040 0 102 -34 -68
1248 1040 0 105 -35 -70
1248 1040 0 108 -36 -72
1248 1040 0 111 -37 -74
1248 1040 0 114 -38 -76
1248 1040 0 117 -39 -78
1248 1040 0 120 -40 -80
1248 1040 0 123 -41 -82
1248 1040 0 126 -42 -84
1248 1040 0 129 -43 -86
1248 1040 0 132 -44 -88
1248 1040 0 135 -45 -90
1248 1040 0 138 -46 -92
1248 1040 0 141 -47 -94
1248 1040 0 144 -48 -96
1248 1040 0 147 -49 -98
1248 1040 0 150 -50 -100
1254 1045 0 -150 50 100
1254 1045 0 -147 49 98
1254 1045 0 -144 48 96
1254 1045 0 -141 47 94
1254 1045 0 -138 46 92
1254 1045 0 -135 45 90
1254 1045 0 -132 44 88
1254 1045 0 -129 43 86
1254 1045 0 -126 42 84
1254 1045 0 -123 41 82
1254 1045 0 -120 40 80
1254 1045 0 -117 39 78
1254 1045 0 -114 38 76
1254 1045 0 -111 37 74
1254 1045 0 -108 36 72
1254 1045 0 -105 35 70
1254 1045 0 -102 34 68
1254 1045 0 -99 33 66
1254 1045 0 -96 32 64
1254 1045 0 -93 31 62
1254 1045 0 -90 30 60
1254 1045 0 -87 29 58
1254 1045 0 -84 28 56
1254 1045 0 -81 27 54
1254 1045 0 -78 26 52
1254 1045 0 -75 25 50
1254 1045 0 -72 24 48
1254 1045 0 -69 23 46
1254 1045 0 -66 22 44
1254 1045 0 -63 21 42
1254 1045 0 -60 20 40
1254 1045 0 -57 19 38
1254 1045 0 -54 18 36
1254 1045 0 -51 17 34
1254 1045 0 -48 16 32
1254 1045 0 -45 15 30
1254 1045 0 -42 14 28
1254 1045 0 -39 13 26
1254 1045 0 -36 12 24
1254 1045 0 -33 11 22
1254 1045 0 -30 10 20
1254 1045 0 -27 9 18
1254 1045 0 -24 8 16
1254 1045 0 -21 7 14
1254 1045 0 -18 6 12
1254 1045 0 -15 5 10
1254 1045 0 -12 4 8
1254 1045 0 -9 3 6
1254 1045 0 -6 2 4
1254 1045 0 -3 1 2
1254 1045 0 3 -1 -2
1254 1045 0 6 -2 -4
1254 1045 0 9 -3 -6
1254 1045 0 12 -4 -8
1254 1045 0 15 -5 -10
1254 1045 0 18 -6 -12
1254 1045 0 21 -7 -14
1254 1045 0 24 -8 -16
1254 1045 0 27 -9 -18
1254 1045 0 30 -10 -20
1254 1045 0 33 -11 -22
1254 1045 0 36 -12 -24
1254 1045 0 39 -13 -26
1254 1045 0 42 -14 -28
1254 1045 0 45 -15 -30
1254 1045 0 48 -16 -32
1254 1045 0 51 -17 -34
1254 1045 0 54 -18 -36
1254 1045 0 57 -19 -38
1254 1045 0 60 -20 -40
1254 1045 0 63 -21 -42
1254 1045 0 66 -22 -44
1254 1045 0 69 -23 -46
1254 1045 0 72 -24 -48
1254 1045 0 75 -25 -50
1254 1045 0 78 -26 -52
1254 1045 0 81 -27 -54
1254 1045 0 84 -28 -56
1254 1045 0 87 -29 -58
1254 1045 0 90 -30 -60
1254 1045 0 93 -31 -62
1254 1045 0 96 -32 -64
1254 1045 0 99 -33 -66
1254 1045 0 102 -34 -68
1254 1045 0 105 -35 -70
1254 1045 0 108 -36 -72
1254 1045 0 111 -37 -74
1254 1045 0 114 -38 -76
1254 1045 0 117 -39 -78
1254 1045 0 120 -40 -80
1254 1045 0 123 -41 -82
1254 1045 0 126 -42 -84
1254 1045 0 129 -43 -86
1254 1045 0 132 -44 -88
1254 1045 0 135 -45 -90
1254 1045 0 138 -46 -92
1254 1045 0 141 -47 -94
1254 1045 0 144 -48 -96
1254 1045 0 147 -49 -98
1254 1045 0 150 -50 -100
1260 1050 0 -150 50 100
1260 1050 0 -147 49 98
1260 1050 0 -144 48 96
1260 1050 0 -141 47 94
1260 1050 0 -138 46 92
1260 1050 0 -135 45 90
1260 1050 0 -132 44 88
1260 1050 0 -129 43 86
1260 1050 0 -126 42 84
1260 1050 0 -123 41 82
1260 1050 0 -120 40 80
1260 1050 0 -117 39 78
1260 1050 0 -114 38 76
1260 1050 0 -111 37 74
1260 1050 0 -108 36 72
1260 1050 0 -105 35 70
1260 1050 0 -102 34 68
1260 1050 0 -99 33 66
1260 1050 0 -96 32 64
1260 1050 0 -93 31 62
1260 1050 0 -90 30 60
1260 1050 0 -87 29 58
1260 1050 0 -84 28 56
1260 1050 0 -81 27 54
1260 1050 0 -78 26 52
1260 1050 0 -75 25 50
1260 1050 0 -72 24 48
1260 1050 0 -69 23 46
1260 1050 0 -66 22 44
1260 1050 0 -63 21 42
1260 1050 0 -60 20 40
1260 1050 0 -57 19 38
1260 1050 0 -54 18 36
1260 1050 0 -51 17 34
1260 1050 0 -48 16 32
1260 1050 0 -45 15 30
1260 1050 0 -42 14 28
1260 1050 0 -39 13 26
1260 1050 0 -36 12 24
1260 1050 0 -33 11 22
1260 1050 0 -30 10 20
1260 1050 0 -27 9 18
1260 1050 0 -24 8 16
1260 1050 0 -21 7 14
1260 1050 0 -18 6 12
1260 1050 0 -15 5 10
1260 1050 0 -12 4 8
1260 1050 0 -9 3 6
1260 1050 0 -6 2 4
1260 1050 0 -3 1 2
1260 1050 0 3 -1 -2
1260 1050 0 6 -2 -4
1260 1050 0 9 -3 -6
1260 1050 0 12 -4 -8
1260 1050 0 15 -5 -10
1260 1050 0 18 -6 -12
1260 1050 0 21 -7 -14
1260 1050 0 24 -8 -16
1260 1050 0 27 -9 -18
1260 1050 0 30 -10 -20
1260 1050 0 33 -11 -22
1260 1050 0 36 -12 -24
1260 1050 0 39 -13 -26
1260 1050 0 42 -14 -28
1260 1050 0 45 -15 -30
1260 1050 0 48 -16 -32
1260 1050 0 51 -17 -34
1260 1050 0 54 -18 -36
1260 1050 0 57 -19 -38
1260 1050 0 60 -20 -40
1260 1050 0 63 -21 -42
1260 1050 0 66 -22 -44
1260 1050 0 69 -23 -46
1260 1050 0 72 -24 -48
1260 1050 0 75 -25 -50
1260 1050 0 78 -26 -52
1260 1050 0 81 -27 -54
1260 1050 0 84 -28 -56
1260 1050 0 87 -29 -58
1260 1050 0 90 -30 -60
1260 1050 0 93 -31 -62
1260 1050 0 96 -32 -64
1260 1050 0 99 -33 -66
1260 1050 0 102 -34 -68
1260 1050 0 105 -35 -70
1260 1050 0 108 -36 -72
1260 1050 0 111 -37 -74
1260 1050 0 114 -38 -76
1260 1050 0 117 -39 -78
1260 1050 0 120 -40 -80
1260 1050 0 123 -41 -82
1260 1050 0 126 -42 -84
1260 1050 0 129 -43 -86
1260 1050 0 132 -44 -88
1260 1050 0 135 -45 -90
1260 1050 0 138 -46 -92
1260 1050 0 141 -47 -94
1260 1050 0 144 -48 -96
1260 1050 0 147 -49 -98
1260 1050 0 150 -50 -100
1266 1055 0 -150 50 100
1266 1055 0 -147 49 98
1266 1055 0 -144 48 96
1266 1055 0 -141 47 94
1266 1055 0 -138 46 92
1266 1055 0 -135 45 90
1266 1055 0 -132 44 88
1266 1055 0 -129 43 86
1266 1055 0 -126 42 84
1266 1055 0 -123 41 82
1266 1055 0 -120 40 80
1266 1055 0 -117 39 78
1266 1055 0 -114 38 76
1266 1055 0 -111 37 74
1266 1055 0 -108 36 72
1266 1055 0 -105 35 70
1266 1055 0 -102 34 68
1266 1055 0 -99 33 66
1266 1055 0 -96 32 64
1266 1055 0 -93 31 62
1266 1055 0 -90 30 60
1266 1055 0 -87 29 58
1266 1055 0 -84 28 56
1266 1055 0 -81 27 54
1266 1055 0 -78 26 52
1266 1055 0 -75 25 50
1266 1055 0 -72 24 48
1266 1055 0 -69 23 46
1266 1055 0 -66 22 44
1266 1055 0 -63 21 42
1266 1055 0 -60 20 40
1266 1055 0 -57 19 38
1266 1055 0 -54 18 36
1266 1055 0 -51 17 34
1266 1055 0 -48 16 32
1266 1055 0 -45 15 30
1266 1055 0 -42 14 28
1266 1055 0 -39 13 26
1266 1055 0 -36 12 24
1266 1055 0 -33 11 22
1266 1055 0 -30 10 20
1266 1055 0 -27 9 18
1266 1055 0 -24 8 16
1266 1055 0 -21 7 14
1266 1055 0 -18 6 12
1266 1055 0 -15 5 10
1266 1055 0 -12 4 8
1266 1055 0 -9 3 6
1266 1055 0 -6 2 4
1266 1055 0 -3 1 2
1266 1055 0 3 -1 -2
1266 1055 0 6 -2 -4
1266 1055 0 9 -3 -6
1266 1055 0 12 -4 -8
1266 1055 0 15 -5 -10
1266 1055 0 18 -6 -12
1266 1055 0 21 -7 -14
1266 1055 0 24 -8 -16
1266 1055 0 27 -9 -18
1266 1055 0 30 -10 -20
1266 1055 0 33 -11 -22
1266 1055 0 36 -12 -24
1266 1055 0 39 -13 -26
1266 1055 0 42 -14 -28
1266 1055 0 45 -15 -30
1266 1055 0 48 -16 -32
1266 1055 0 51 -17 -34
1266 1055 0 54 -18 -36
1266 1055 0 57 -19 -38
1266 1055 0 60 -20 -40
1266 1055 0 63 -21 -42
1266 1055 0 66 -22 -44
1266 1055 0 69 -23 -46
1266 1055 0 72 -24 -48
1266 1055 0 75 -25 -50
1266 1055 0 78 -26 -52
1266 1055 0 81 -27 -54
1266 1055 0 84 -28 -56
1266 1055 0 87 -29 -58
1266 1055 0 90 -30 -60
1266 1055 0 93 -31 -62
1266 1055 0 96 -32 -64
1266 1055 0 99 -33 -66
1266 1055 0 102 -34 -68
1266 1055 0 105 -35 -70
1266 1055 0 108 -36 -72
1266 1055 0 111 -37 -74
1266 1055 0 114 -38 -76
1266 1055 0 117 -39 -78
1266 1055 0 120 -40 -80
1266 1055 0 123 -41 -82
1266 1055 0 126 -42 -84
1266 1055 0 129 -43 -86
1266 1055 0 132 -44 -88
1266 1055 0 135 -45 -90
1266 1055 0 138 -46 -92
1266 1055 0 141 -47 -94
1266 1055 0 144 -48 -96
1266 1055 0 147 -49 -98
1266 1055 0 150 -50 -100
1272 1060 0 -150 50 100
1272 1060 0 -147 49 98
1272 1060 0 -144 48 96
1272 1060 0 -141 47 94
1272 1060 0 -138 46 92
1272 1060 0 -135 45 90
1272 1060 0 -132 44 88
1272 1060 0 -129 43 86
1272 1060 0 -126 42 84
1272 1060 0 -123 41 82
1272 1060 0 -120 40 80
1272 1060 0 -117 39 78
1272 1060 0 -114 38 76
1272 1060 0 -111 37 74
1272 1060 0 -108 36 72
1272 1060 0 -105 35 70
1272 1060 0 -102 34 68
1272 1060 0 -99 33 66
1272 1060 0 -96 32 64
1272 1060 0 -93 31 62
1272 1060 0 -90 30 60
1272 1060 0 -87 29 58
1272 1060 0 -84 28 56
1272 1060 0 -81 27 54
1272 1060 0 -78 26 52
1272 1060 0 -75 25 50
1272 1060 0 -72 24 48
1272 1060 0 -69 23 46
1272 1060 0 -66 22 44
1272 1060 0 -63 21 42
1272 1060 0 -60 20 40
1272 1060 0 -57 19 38
1272 1060 0 -54 18 36
1272 1060 0 -51 17 34
1272 1060 0 -48 16 32
1272 1060 0 -45 15 30
1272 1060 0 -42 14 28
1272 1060 0 -39 13 26
1272 1060 0 -36 12 24
1272 1060 0 -33 11 22
1272 1060 0 -30 10 20
1272 1060 0 -27 9 18
1272 1060 0 -24 8 16
1272 1060 0 -21 7 14
1272 1060 0 -18 6 12
1272 1060 0 -15 5 10
1272 1060 0 -12 4 8
1272 1060 0 -9 3 6
1272 1060 0 -6 2 4
1272 1060 0 -3 1 2
1272 1060 0 3 -1 -2
1272 1060 0 6 -2 -4
1272 1060 0 9 -3 -6
1272 1060 0 12 -4 -8
1272 1060 0 15 -5 -10
1272 1060 0 18 -6 -12
1272 1060 0 21 -7 -14
1272 1060 0 24 -8 -16
1272 1060 0 27 -9 -18
1272 1060 0 30 -10 -20
1272 1060 0 33 -11 -22
1272 1060 0 36 -12 -24
1272 1060 0 39 -13 -26
1272 1060 0 42 -14 -28
1272 1060 0 45 -15 -30
1272 1060 0 48 -16 -32
1272 1060 0 51 -17 -34
1272 1060 0 54 -18 -36
1272 1060 0 57 -19 -38
1272 1060 0 60 -20 -40
1272 1060 0 63 -21 -42
1272 1060 0 66 -22 -44
1272 1060 0 69 -23 -46
1272 1060 0 72 -24 -48
1272 1060 0 75 -25 -50
1272 1060 0 78 -26 -52
1272 1060 0 81 -27 -54
1272 1060 0 84 -28 -56
1272 1060 0 87 -29 -58
1272 1060 0 90 -30 -60
1272 1060 0 93 -31 -62
1272 1060 0 96 -32 -64
1272 1060 0 99 -33 -66
1272 1060 0 102 -34 -68
1272 1060 0 105 -35 -70
1272 1060 0 108 -36 -72
1272 1060 0 111 -37 -74
1272 1060 0 114 -38 -76
1272 1060 0 117 -39 -78
1272 1060 0 120 -40 -80
1272 1060 0 123 -41 -82
1272 1060 0 126 -42 -84
1272 1060 0 129 -43 -86
1272 1060 0 132 -44 -88
1272 1060 0 135 -45 -90
1272 1060 0 138 -46 -92
1272 1060 0 141 -47 -94
1272 1060 0 144 -48 -96
1272 1060 0 147 -49 -98
1272 1060 0 150 -50 -100
1278 1065 0 -150 50 100
1278 1065 0 -147 49 98
1278 1065 0 -144 48 96
1278 1065 0 -141 47 94
1278 1065 0 -138 46 92
1278 1065 0 -135 45 90
1278 1065 0 -132 44 88
1278 1065 0 -129 43 86
1278 1065 0 -126 42 84
1278 1065 0 -123 41 82
1278 1065 0 -120 40 80
1278 1065 0 -117 39 78
1278 1065 0 -114 38 76
1278 1065 0 -111 37 74
1278 1065 0 -108 36 72
1278 1065 0 -105 35 70
1278 1065 0 -102 34 68
1278 1065 0 -99 33 66
1278 1065 0 -96 32 64
1278 1065 0 -93 31 62
1278 1065 0 -90 30 60
1278 1065 0 -87 29 58
1278 1065 0 -84 28 56
1278 1065 0 -81 27 54
1278 1065 0 -78 26 52
1278 1065 0 -75 25 50
1278 1065 0 -72 24 48
1278 1065 0 -69 23 46
1278 1065 0 -66 22 44
1278 1065 0 -63 21 42
1278 1065 0 -60 20 40
1278 1065 0 -57 19 38
1278 1065 0 -54 18 36
1278 1065 0 -51 17 34
1278 1065 0 -48 16 32
1278 1065 0 -45 15 30
1278 1065 0 -42 14 28
1278 1065 0 -39 13 26
1278 1065 0 -36 12 24
1278 1065 0 -33 11 22
1278 1065 0 -30 10 20
1278 1065 0 -27 9 18
1278 1065 0 -24 8 16
1278 1065 0 -21 7 14
1278 1065 0 -18 6 12
1278 1065 0 -15 5 10
1278 1065 0 -12 4 8
1278 1065 0 -9 3 6
1278 1065 0 -6 2 4
1278 1065 0 -3 1 2
1278 1065 0 3 -1 -2
1278 1065 0 6 -2 -4
1278 1065 0 9 -3 -6
1278 1065 0 12 -4 -8
1278 1065 0 15 -5 -10
1278 1065 0 18 -6 -12
1278 1065 0 21 -7 -14
1278 1065 0 24 -8 -16
1278 1065 0 27 -9 -18
1278 1065 0 30 -10 -20
1278 1065 0 33 -11 -22
1278 1065 0 36 -12 -24
1278 1065 0 39 -13 -26
1278 1065 0 42 -14 -28
1278 1065 0 45 -15 -30
1278 1065 0 48 -16 -32
1278 1065 0 51 -17 -34
1278 1065 0 54 -18 -36
1278 1065 0 57 -19 -38
1278 1065 0 60 -20 -40
1278 1065 0 63 -21 -42
1278 1065 0 66 -22 -44
1278 1065 0 69 -23 -46
1278 1065 0 72 -24 -48
1278 1065 0 75 -25 -50
1278 1065 0 78 -26 -52
1278 1065 0 81 -27 -54
1278 1065 0 84 -28 -56
1278 1065 0 87 -29 -58
1278 1065 0 90 -30 -60
1278 1065 0 93 -31 -62
1278 1065 0 96 -32 -64
1278 1065 0 99 -33 -66
1278 1065 0 102 -34 -68
1278 1065 0 105 -35 -70
1278 1065 0 108 -36 -72
1278 1065 0 111 -37 -74
1278 1065 0 114 -38 -76
1278 1065 0 117 -39 -78
1278 1065 0 120 -40 -80
1278 1065 0 123 -41 -82
1278 1065 0 126 -42 -84
1278 1065 0 129 -43 -86
1278 1065 0 132 -44 -88
1278 1065 0 135 -45 -90
1278 1065 0 138 -46 -92
1278 1065 0 141 -47 -94
1278 1065 0 144 -48 -96
1278 1065 0 147 -49 -98
1278 1065 0 150 -50 -100
1284 1070 0 -150 50 100
1284 1070 0 -147 49 98
1284 1070 0 -144 48 96
1284 1070 0 -141 47 94
1284 1070 0 -138 46 92
1284 1070 0 -135 45 90
1284 1070 0 -132 44 88
1284 1070 0 -129 43 86
1284 1070 0 -126 42 84
1284 1070 0 -123 41 82
1284 1070 0 -120 40 80
1284 1070 0 -117 39 78
1284 1070 0 -114 38 76
1284 1070 0 -111 37 74
1284 1070 0 -108 36 72
1284 1070 0 -105 35 70
1284 1070 0 -102 34 68
1284 1070 0 -99 33 66
1284 1070 0 -96 32 64
1284 1070 0 -93 31 62
1284 1070 0 -90 30 60
1284 1070 0 -87 29 58
1284 1070 0 -84 28 56
1284 1070 0 -81 27 54
1284 1070 0 -78 26 52
1284 1070 0 -75 25 50
1284 1070 0 -72 24 48
1284 1070 0 -69 23 46
1284 1070 0 -66 22 44
1284 1070 0 -63 21 42
1284 1070 0 -60 20 40
1284 1070 0 -57 19 38
1284 1070 0 -54 18 36
1284 1070 0 -51 17 34
1284 1070 0 -48 16 32
1284 1070 0 -45 15 30
1284 1070 0 -42 14 28
1284 1070 0 -39 13 26
1284 1070 0 -36 12 24
1284 1070 0 -33 11 22
1284 1070 0 -30 10 20
1284 1070 0 -27 9 18
1284 1070 0 -24 8 16
1284 1070 0 -21 7 14
1284 1070 0 -18 6 12
1284 1070 0 -15 5 10
1284 1070 0 -12 4 8
1284 1070 0 -9 3 6
1284 1070 0 -6 2 4
1284 1070 0 -3 1 2
1284 1070 0 3 -1 -2
1284 1070 0 6 -2 -4
1284 1070 0 9 -3 -6
1284 1070 0 12 -4 -8
1284 1070 0 15 -5 -10
1284 1070 0 18 -6 -12
1284 1070 0 21 -7 -14
1284 1070 0 24 -8 -16
1284 1070 0 27 -9 -18
1284 1070 0 30 -10 -20
1284 1070 0 33 -11 -22
1284 1070 0 36 -12 -24
1284 1070 0 39 -13 -26
1284 1070 0 42 -14 -28
1284 1070 0 45 -15 -30
1284 1070 0 48 -16 -32
1284 1070 0 51 -17 -34
1284 1070 0 54 -18 -36
1284 1070 0 57 -19 -38
1284 1070 0 60 -20 -40
1284 1070 0 63 -21 -42
1284 1070 0 66 -22 -44
1284 1070 0 69 -23 -46
1284 1070 0 72 -24 -48
1284 1070 0 75 -25 -50
1284 1070 0 78 -26 -52
1284 1070 0 81 -27 -54
1284 1070 0 84 -28 -56
1284 1070 0 87 -29 -58
1284 1070 0 90 -30 -60
1284 1070 0 93 -31 -62
1284 1070 0 96 -32 -64
1284 1070 0 99 -33 -66
1284 1070 0 102 -34 -68
1284 1070 0 105 -35 -70
1284 1070 0 108 -36 -72
1284 1070 0 111 -37 -74
1284 1070 0 114 -38 -76
1284 1070 0 117 -39 -78
1284 1070 0 120 -40 -80
1284 1070 0 123 -41 -82
1284 1070 0 126 -42 -84
1284 1070 0 129 -43 -86
1284 1070 0 132 -44 -88
1284 1070 0 135 -45 -90
1284 1070 0 138 -46 -92
1284 1070 0 141 -47 -94
1284 1070 0 144 -48 -96
1284 1070 0 147 -49 -98
1284 1070 0 150 -50 -100
1290 1075 0 -150 50 100
1290 1075 0 -147 49 98
1290 1075 0 -144 48 96
1290 1075 0 -141 47 94
1290 1075 0 -138 46 92
1290 1075 0 -135 45 90
1290 1075 0 -132 44 88
1290 1075 0 -129 43 86
1290 1075 0 -126 42 84
1290 1075 0 -123 41 82
1290 1075 0 -120 40 80
1290 1075 0 -117 39 78
1290 1075 0 -114 38 76
1290 1075 0 -111 37 74
1290 1075 0 -108 36 72
1290 1075 0 -105 35 70
1290 1075 0 -102 34 68
1290 1075 0 -99 33 66
1290 1075 0 -96 32 64
1290 1075 0 -93 31 62
1290 1075 0 -90 30 60
1290 1075 0 -87 29 58
1290 1075 0 -84 28 56
1290 1075 0 -81 27 54
1290 1075 0 -78 26 52
1290 1075 0 -75 25 50
1290 1075 0 -72 24 48
1290 1075 0 -69 23 46
1290 1075 0 -66 22 44
1290 1075 0 -63 21 42
1290 1075 0 -60 20 40
1290 1075 0 -57 19 38
1290 1075 0 -54 18 36
1290 1075 0 -51 17 34
1290 1075 0 -48 16 32
1290 1075 0 -45 15 30
1290 1075 0 -42 14 28
1290 1075 0 -39 13 26
1290 1075 0 -36 12 24
1290 1075 0 -33 11 22
1290 1075 0 -30 10 20
1290 1075 0 -27 9 18
1290 1075 0 -24 8 16
1290 1075 0 -21 7 14
1290 1075 0 -18 6 12
1290 1075 0 -15 5 10
1290 1075 0 -12 4 8
1290 1075 0 -9 3 6
1290 1075 0 -6 2 4
1290 1075 0 -3 1 2
1290 1075 0 3 -1 -2
1290 1075 0 6 -2 -4
1290 1075 0 9 -3 -6
1290 1075 0 12 -4 -8
1290 1075 0 15 -5 -10
1290 1075 0 18 -6 -12
1290 1075 0 21 -7 -14
1290 1075 0 24 -8 -16
1290 1075 0 27 -9 -18
1290 1075 0 30 -10 -20
1290 1075 0 33 -11 -22
1290 1075 0 36 -12 -24
1290 1075 0 39 -13 -26
1290 1075 0 42 -14 -28
1290 1075 0 45 -15 -30
1290 1075 0 48 -16 -32
1290 1075 0 51 -17 -34
1290 1075 0 54 -18 -36
1290 1075 0 57 -19 -38
1290 1075 0 60 -20 -40
1290 1075 0 63 -21 -42
1290 1075 0 66 -22 -44
1290 1075 0 69 -23 -46
1290 1075 0 72 -24 -48
1290 1075 0 75 -25 -50
1290 1075 0 78 -26 -52
1290 1075 0 81 -27 -54
1290 1075 0 84 -28 -56
1290 1075 0 87 -29 -58
1290 1075 0 90 -30 -60
1290 1075 0 93 -31 -62
1290 1075 0 96 -32 -64
1290 1075 0 99 -33 -66
1290 1075 0 102 -34 -68
1290 1075 0 105 -35 -70
1290 1075 0 108 -36 -72
1290 1075 0 111 -37 -74
1290 1075 0 114 -38 -76
1290 1075 0 117 -39 -78
1290 1075 0 120 -40 -80
1290 1075 0 123 -41 -82
1290 1075 0 126 -42 -84
1290 1075 0 129 -43 -86
1290 1075 0 132 -44 -88
1290 1075 0 135 -45 -90
1290 1075 0 138 -46 -92
1290 1075 0 141 -47 -94
1290 1075 0 144 -48 -96
1290 1075 0 147 -49 -98
1290 1075 0 150 -50 -100
1296 1080 0 -150 50 100
1296 1080 0 -147 49 98
1296 1080 0 -144 48 96
1296 1080 0 -141 47 94
1296 1080 0 -138 46 92
1296 1080 0 -135 45 90
1296 1080 0 -132 44 88
1296 1080 0 -129 43 86
1296 1080 0 -126 42 84
1296 1080 0 -123 41 82
1296 1080 0 -120 40 80
1296 1080 0 -117 39 78
1296 1080 0 -114 38 76
1296 1080 0 -111 37 74
1296 1080 0 -108 36 72
1296 1080 0 -105 35 70
1296 1080 0 -102 34 68
1296 1080 0 -99 33 66
1296 1080 0 -96 32 64
1296 1080 0 -93 31 62
1296 1080 0 -90 30 60
1296 1080 0 -87 29 58
1296 1080 0 -84 28 56
1296 1080 0 -81 27 54
1296 1080 0 -78 26 52
1296 1080 0 -75 25 50
1296 1080 0 -72 24 48
1296 1080 0 -69 23 46
1296 1080 0 -66 22 44
1296 1080 0 -63 21 42
1296 1080 0 -60 20 40
1296 1080 0 -57 19 38
1296 1080 0 -54 18 36
1296 1080 0 -51 17 34
1296 1080 0 -48 16 32
1296 1080 0 -45 15 30
1296 1080 0 -42 14 28
1296 1080 0 -39 13 26
1296 1080 0 -36 12 24
1296 1080 0 -33 11 22
1296 1080 0 -30 10 20
1296 1080 0 -27 9 18
1296 1080 0 -24 8 16
1296 1080 0 -21 7 14
1296 1080 0 -18 6 12
1296 1080 0 -15 5 10
1296 1080 0 -12 4 8
1296 1080 0 -9 3 6
1296 1080 0 -6 2 4
1296 1080 0 -3 1 2
1296 1080 0 3 -1 -2
1296 1080 0 6 -2 -4
1296 1080 0 9 -3 -6
1296 1080 0 12 -4 -8
1296 1080 0 15 -5 -10
1296 1080 0 18 -6 -12
1296 1080 0 21 -7 -14
1296 1080 0 24 -8 -16
1296 1080 0 27 -9 -18
1296 1080 0 30 -10 -20
1296 1080 0 33 -11 -22
1296 1080 0 36 -12 -24
1296 1080 0 39 -13 -26
1296 1080 0 42 -14 -28
1296 1080 0 45 -15 -30
1296 1080 0 48 -16 -32
1296 1080 0 51 -17 -34
1296 1080 0 54 -18 -36
1296 1080 0 57 -19 -38
1296 1080 0 60 -20 -40
1296 1080 0 63 -21 -42
1296 1080 0 66 -22 -44
1296 1080 0 69 -23 -46
1296 1080 0 72 -24 -48
1296 1080 0 75 -25 -50
1296 1080 0 78 -26 -52
1296 1080 0 81 -27 -54
1296 1080 0 84 -28 -56
1296 1080 0 87 -29 -58
1296 1080 0 90 -30 -60
1296 1080 0 93 -31 -62
1296 1080 0 96 -32 -64
1296 1080 0 99 -33 -66
1296 1080 0 102 -34 -68
1296 1080 0 105 -35 -70
1296 1080 0 108 -36 -72
1296 1080 0 111 -37 -74
1296 1080 0 114 -38 -76
1296 1080 0 117 -39 -78
1296 1080 0 120 -40 -80
1296 1080 0 123 -41 -82
1296 1080 0 126 -42 -84
1296 1080 0 129 -43 -86
1296 1080 0 132 -44 -88
1296 1080 0 135 -45 -90
1296 1080 0 138 -46 -92
1296 1080 0 141 -47 -94
1296 1080 0 144 -48 -96
1296 1080 0 147 -49 -98
1296 1080 0 150 -50 -100
1302 1085 0 -150 50 100
1302 1085 0 -147 49 98
1302 1085 0 -144 48 96
1302 1085 0 -141 47 94
1302 1085 0 -138 46 92
1302 1085 0 -135 45 90
1302 1085 0 -132 44 88
1302 1085 0 -129 43 86
1302 1085 0 -126 42 84
1302 1085 0 -123 41 82
1302 1085 0 -120 40 80
1302 1085 0 -117 39 78
1302 1085 0 -114 38 76
1302 1085 0 -111 37 74
1302 1085 0 -108 36 72
1302 1085 0 -105 35 70
1302 1085 0 -102 34 68
1302 1085 0 -99 33 66
1302 1085 0 -96 32 64
1302 1085 0 -93 31 62
1302 1085 0 -90 30 60
1302 1085 0 -87 29 58
1302 1085 0 -84 28 56
1302 1085 0 -81 27 54
1302 1085 0 -78 26 52
1302 1085 0 -75 25 50
1302 1085 0 -72 24 48
1302 1085 0 -69 23 46
1302 1085 0 -66 22 44
1302 1085 0 -63 21 42
1302 1085 0 -60 20 40
1302 1085 0 -57 19 38
1302 1085 0 -54 18 36
1302 1085 0 -51 17 34
1302 1085 0 -48 16 32
1302 1085 0 -45 15 30
1302 1085 0 -42 14 28
1302 1085 0 -39 13 26
1302 1085 0 -36 12 24
1302 1085 0 -33 11 22
1302 1085 0 -30 10 20
1302 1085 0 -27 9 18
1302 1085 0 -24 8 16
1302 1085 0 -21 7 14
1302 1085 0 -18 6 12
1302 1085 0 -15 5 10
1302 1085 0 -12 4 8
1302 1085 0 -9 3 6
1302 1085 0 -6 2 4
1302 1085 0 -3 1 2
1302 1085 0 3 -1 -2
1302 1085 0 6 -2 -4
1302 1085 0 9 -3 -6
1302 1085 0 12 -4 -8
1302 1085 0 15 -5 -10
1302 1085 0 18 -6 -12
1302 1085 0 21 -7 -14
1302 1085 0 24 -8 -16
1302 1085 0 27 -9 -18
1302 1085 0 30 -10 -20
1302 1085 0 33 -11 -22
1302 1085 0 36 -12 -24
1302 1085 0 39 -13 -26
1302 1085 0 42 -14 -28
1302 1085 0 45 -15 -30
1302 1085 0 48 -16 -32
1302 1085 0 51 -17 -34
1302 1085 0 54 -18 -36
1302 1085 0 57 -19 -38
1302 1085 0 60 -20 -40
1302 1085 0 63 -21 -42
1302 1085 0 66 -22 -44
1302 1085 0 69 -23 -46
1302 1085 0 72 -24 -48
1302 1085 0 75 -25 -50
1302 1085 0 78 -26 -52
1302 1085 0 81 -27 -54
1302 1085 0 84 -28 -56
1302 1085 0 87 -29 -58
1302 1085 0 90 -30 -60
1302 1085 0 93 -31 -62
1302 1085 0 96 -32 -64
1302 1085 0 99 -33 -66
1302 1085 0 102 -34 -68
1302 1085 0 105 -35 -70
1302 1085 0 108 -36 -72
1302 1085 0 111 -37 -74
1302 1085 0 114 -38 -76
1302 1085 0 117 -39 -78
1302 1085 0 120 -40 -80
1302 1085 0 123 -41 -82
1302 1085 0 126 -42 -84
1302 1085 0 129 -43 -86
1302 1085 0 132 -44 -88
1302 1085 0 135 -45 -90
1302 1085 0 138 -46 -92
1302 1085 0 141 -47 -94
1302 1085 0 144 -48 -96
1302 1085 0 147 -49 -98
1302 1085 0 150 -50 -100
1308 1090 0 -150 50 100
1308 1090 0 -147 49 98
1308 1090 0 -144 48 96
1308 1090 0 -141 47 94
1308 1090 0 -138 46 92
1308 1090 0 -135 45 90
1308 1090 0 -132 44 88
1308 1090 0 -129 43 86
1308 1090 0 -126 42 84
1308 1090 0 -123 41 82
1308 1090 0 -120 40 80
1308 1090 0 -117 39 78
1308 1090 0 -114 38 76
1308 1090 0 -111 37 74
1308 1090 0 -108 36 72
1308 1090 0 -105 35 70
1308 1090 0 -102 34 68
1308 1090 0 -99 33 66
1308 1090 0 -96 32 64
1308 1090 0 -93 31 62
1308 1090 0 -90 30 60
1308 1090 0 -87 29 58
1308 1090 0 -84 28 56
1308 1090 0 -81 27 54
1308 1090 0 -78 26 52
1308 1090 0 -75 25 50
1308 1090 0 -72 24 48
1308 1090 0 -69 23 46
1308 1090 0 -66 22 44
1308 1090 0 -63 21 42
1308 1090 0 -60 20 40
1308 1090 0 -57 19 38
1308 1090 0 -54 18 36
1308 1090 0 -51 17 34
1308 1090 0 -48 16 32
1308 1090 0 -45 15 30
1308 1090 0 -42 14 28
1308 1090 0 -39 13 26
1308 1090 0 -36 12 24
1308 1090 0 -33 11 22
1308 1090 0 -30 10 20
1308 1090 0 -27 9 18
1308 1090 0 -24 8 16
1308 1090 0 -21 7 14
1308 1090 0 -18 6 12
1308 1090 0 -15 5 10
1308 1090 0 -12 4 8
1308 1090 0 -9 3 6
1308 1090 0 -6 2 4
1308 1090 0 -3 1 2
1308 1090 0 3 -1 -2
1308 1090 0 6 -2 -4
1308 1090 0 9 -3 -6
1308 1090 0 12 -4 -8
1308 1090 0 15 -5 -10
1308 1090 0 18 -6 -12
1308 1090 0 21 -7 -14
1308 1090 0 24 -8 -16
1308 1090 0 27 -9 -18
1308 1090 0 30 -10 -20
1308 1090 0 33 -11 -22
1308 1090 0 36 -12 -24
1308 1090 0 39 -13 -26
1308 1090 0 42 -14 -28
1308 1090 0 45 -15 -30
1308 1090 0 48 -16 -32
1308 1090 0 51 -17 -34
1308 1090 0 54 -18 -36
1308 1090 0 57 -19 -38
1308 1090 0 60 -20 -40
1308 1090 0 63 -21 -42
1308 1090 0 66 -22 -44
1308 1090 0 69 -23 -46
1308 1090 0 72 -24 -48
1308 1090 0 75 -25 -50
1308 1090 0 78 -26 -52
1308 1090 0 81 -27 -54
1308 1090 0 84 -28 -56
1308 1090 0 87 -29 -58
1308 1090 0 90 -30 -60
1308 1090 0 93 -31 -62
1308 1090 0 96 -32 -64
1308 1090 0 99 -33 -66
1308 1090 0 102 -34 -68
1308 1090 0 105 -35 -70
1308 1090 0 108 -36 -72
1308 1090 0 111 -37 -74
1308 1090 0 114 -38 -76
1308 1090 0 117 -39 -78
1308 1090 0 120 -40 -80
1308 1090 0 123 -41 -82
1308 1090 0 126 -42 -84
1308 1090 0 129 -43 -86
1308 1090 0 132 -44 -88
1308 1090 0 135 -45 -90
1308 1090 0 138 -46 -92
1308 1090 0 141 -47 -94
1308 1090 0 144 -48 -96
1308 1090 0 147 -49 -98
1308 1090 0 150 -50 -100
1314 1095 0 -150 50 100
1314 1095 0 -147 49 98
1314 1095 0 -144 48 96
1314 1095 0 -141 47 94
1314 1095 0 -138 46 92
1314 1095 0 -135 45 90
1314 1095 0 -132 44 88
1314 1095 0 -129 43 86
1314 1095 0 -126 42 84
1314 1095 0 -123 41 82
1314 1095 0 -120 40 80
1314 1095 0 -117 39 78
1314 1095 0 -114 38 76
1314 1095 0 -111 37 74
1314 1095 0 -108 36 72
1314 1095 0 -105 35 70
1314 1095 0 -102 34 68
1314 1095 0 -99 33 66
1314 1095 0 -96 32 64
1314 1095 0 -93 31 62
1314 1095 0 -90 30 60
1314 1095 0 -87 29 58
1314 1095 0 -84 28 56
1314 1095 0 -81 27 54
1314 1095 0 -78 26 52
1314 1095 0 -75 25 50
1314 1095 0 -72 24 48
1314 1095 0 -69 23 46
1314 1095 0 -66 22 44
1314 1095 0 -63 21 42
1314 1095 0 -60 20 40
1314 1095 0 -57 19 38
1314 1095 0 -54 18 36
1314 1095 0 -51 17 34
1314 1095 0 -48 16 32
1314 1095 0 -45 15 30
1314 1095 0 -42 14 28
1314 1095 0 -39 13 26
1314 1095 0 -36 12 24
1314 1095 0 -33 11 22
1314 1095 0 -30 10 20
1314 1095 0 -27 9 18
1314 1095 0 -24 8 16
1314 1095 0 -21 7 14
1314 1095 0 -18 6 12
1314 1095 0 -15 5 10
1314 1095 0 -12 4 8
1314 1095 0 -9 3 6
1314 1095 0 -6 2 4
1314 1095 0 -3 1 2
1314 1095 0 3 -1 -2
1314 1095 0 6 -2 -4
1314 1095 0 9 -3 -6
1314 1095 0 12 -4 -8
1314 1095 0 15 -5 -10
1314 1095 0 18 -6 -12
1314 1095 0 21 -7 -14
1314 1095 0 24 -8 -16
1314 1095 0 27 -9 -18
1314 1095 0 30 -10 -20
1314 1095 0 33 -11 -22
1314 1095 0 36 -12 -24
1314 1095 0 39 -13 -26
1314 1095 0 42 -14 -28
1314 1095 0 45 -15 -30
1314 1095 0 48 -16 -32
1314 1095 0 51 -17 -34
1314 1095 0 54 -18 -36
1314 1095 0 57 -19 -38
1314 1095 0 60 -20 -40
1314 1095 0 63 -21 -42
1314 1095 0 66 -22 -44
1314 1095 0 69 -23 -46
1314 1095 0 72 -24 -48
1314 1095 0 75 -25 -50
1314 1095 0 78 -26 -52
1314 1095 0 81 -27 -54
1314 1095 0 84 -28 -56
1314 1095 0 87 -29 -58
1314 1095 0 90 -30 -60
1314 1095 0 93 -31 -62
1314 1095 0 96 -32 -64
1314 1095 0 99 -33 -66
1314 1095 0 102 -34 -68
1314 1095 0 105 -35 -70
1314 1095 0 108 -36 -72
1314 1095 0 111 -37 -74
1314 1095 0 114 -38 -76
1314 1095 0 117 -39 -78
1314 1095 0 120 -40 -80
1314 1095 0 123 -41 -82
1314 1095 0 126 -42 -84
1314 1095 0 129 -43 -86
1314 1095 0 132 -44 -88
1314 1095 0 135 -45 -90
1314 1095 0 138 -46 -92
1314 1095 0 141 -47 -94
1314 1095 0 144 -48 -96
1314 1095 0 147 -49 -98
1314 1095 0 150 -50 -100
1320 1100 0 -150 50 100
1320 1100 0 -147 49 98
1320 1100 0 -144 48 96
1320 1100 0 -141 47 94
1320 1100 0 -138 46 92
1320 1100 0 -135 45 90
1320 1100 0 -132 44 88
1320 1100 0 -129 43 86
1320 1100 0 -126 42 84
1320 1100 0 -123 41 82
1320 1100 0 -120 40 80
1320 1100 0 -117 39 78
1320 1100 0 -114 38 76
1320 1100 0 -111 37 74
1320 1100 0 -108 36 72
1320 1100 0 -105 35 70
1320 1100 0 -102 34 68
1320 1100 0 -99 33 66
1320 1100 0 -96 32 64
1320 1100 0 -93 31 62
1320 1100 0 -90 30 60
1320 1100 0 -87 29 58
1320 1100 0 -84 28 56
1320 1100 0 -81 27 54
1320 1100 0 -78 26 52
1320 1100 0 -75 25 50
1320 1100 0 -72 24 48
1320 1100 0 -69 23 46
1320 1100 0 -66 22 44
1320 1100 0 -63 21 42
1320 1100 0 -60 20 40
1320 1100 0 -57 19 38
1320 1100 0 -54 18 36
1320 1100 0 -51 17 34
1320 1100 0 -48 16 32
1320 1100 0 -45 15 30
1320 1100 0 -42 14 28
1320 1100 0 -39 13 26
1320 1100 0 -36 12 24
1320 1100 0 -33 11 22
1320 1100 0 -30 10 20
1320 1100 0 -27 9 18
1320 1100 0 -24 8 16
1320 1100 0 -21 7 14
1320 1100 0 -18 6 12
1320 1100 0 -15 5 10
1320 1100 0 -12 4 8
1320 1100 0 -9 3 6
1320 1100 0 -6 2 4
1320 1100 0 -3 1 2
1320 1100 0 3 -1 -2
1320 1100 0 6 -2 -4
1320 1100 0 9 -3 -6
1320 1100 0 12 -4 -8
1320 1100 0 15 -5 -10
1320 1100 0 18 -6 -12
1320 1100 0 21 -7 -14
1320 1100 0 24 -8 -16
1320 1100 0 27 -9 -18
1320 1100 0 30 -10 -20
1320 1100 0 33 -11 -22
1320 1100 0 36 -12 -24
1320 1100 0 39 -13 -26
1320 1100 0 42 -14 -28
1320 1100 0 45 -15 -30
1320 1100 0 48 -16 -32
1320 1100 0 51 -17 -34
1320 1100 0 54 -18 -36
1320 1100 0 57 -19 -38
1320 1100 0 60 -20 -40
1320 1100 0 63 -21 -42
1320 1100 0 66 -22 -44
1320 1100 0 69 -23 -46
1320 1100 0 72 -24 -48
1320 1100 0 75 -25 -50
1320 1100 0 78 -26 -52
1320 1100 0 81 -27 -54
1320 1100 0 84 -28 -56
1320 1100 0 87 -29 -58
1320 1100 0 90 -30 -60
1320 1100 0 93 -31 -62
1320 1100 0 96 -32 -64
1320 1100 0 99 -33 -66
1320 1100 0 102 -34 -68
1320 1100 0 105 -35 -70
1320 1100 0 108 -36 -72
1320 1100 0 111 -37 -74
1320 1100 0 114 -38 -76
1320 1100 0 117 -39 -78
1320 1100 0 120 -40 -80
1320 1100 0 123 -41 -82
1320 1100 0 126 -42 -84
1320 1100 0 129 -43 -86
1320 1100 0 132 -44 -88
1320 1100 0 135 -45 -90
1320 1100 0 138 -46 -92
1320 1100 0 141 -47 -94
1320 1100 0 144 -48 -96
1320 1100 0 147 -49 -98
1320 1100 0 150 -50 -100
1326 1105 0 -150 50 100
1326 1105 0 -147 49 98
1326 1105 0 -144 48 96
1326 1105 0 -141 47 94
1326 1105 0 -138 46 92
1326 1105 0 -135 45 90
1326 1105 0 -132 44 88
1326 1105 0 -129 43 86
1326 1105 0 -126 42 84
1326 1105 0 -123 41 82
1326 1105 0 -120 40 80
1326 1105 0 -117 39 78
1326 1105 0 -114 38 76
1326 1105 0 -111 37 74
1326 1105 0 -108 36 72
1326 1105 0 -105 35 70
1326 1105 0 -102 34 68
1326 1105 0 -99 33 66
1326 1105 0 -96 32 64
1326 1105 0 -93 31 62
1326 1105 0 -90 30 60
1326 1105 0 -87 29 58
1326 1105 0 -84 28 56
1326 1105 0 -81 27 54
1326 1105 0 -78 26 52
1326 1105 0 -75 25 50
1326 1105 0 -72 24 48
1326 1105 0 -69 23 46
1326 1105 0 -66 22 44
1326 1105 0 -63 21 42
1326 1105 0 -60 20 40
1326 1105 0 -57 19 38
1326 1105 0 -54 18 36
1326 1105 0 -51 17 34
1326 1105 0 -48 16 32
1326 1105 0 -45 15 30
1326 1105 0 -42 14 28
1326 1105 0 -39 13 26
1326 1105 0 -36 12 24
1326 1105 0 -33 11 22
1326 1105 0 -30 10 20
1326 1105 0 -27 9 18
1326 1105 0 -24 8 16
1326 1105 0 -21 7 14
1326 1105 0 -18 6 12
1326 1105 0 -15 5 10
1326 1105 0 -12 4 8
1326 1105 0 -9 3 6
1326 1105 0 -6 2 4
1326 1105 0 -3 1 2
1326 1105 0 3 -1 -2
1326 1105 0 6 -2 -4
1326 1105 0 9 -3 -6
1326 1105 0 12 -4 -8
1326 1105 0 15 -5 -10
1326 1105 0 18 -6 -12
1326 1105 0 21 -7 -14
1326 1105 0 24 -8 -16
1326 1105 0 27 -9 -18
1326 1105 0 30 -10 -20
1326 1105 0 33 -11 -22
1326 1105 0 36 -12 -24
1326 1105 0 39 -13 -26
1326 1105 0 42 -14 -28
1326 1105 0 45 -15 -30
1326 1105 0 48 -16 -32
1326 1105 0 51 -17 -34
1326 1105 0 54 -18 -36
1326 1105 0 57 -19 -38
1326 1105 0 60 -20 -40
1326 1105 0 63 -21 -42
1326 1105 0 66 -22 -44
1326 1105 0 69 -23 -46
1326 1105 0 72 -24 -48
1326 1105 0 75 -25 -50
1326 1105 0 78 -26 -52
1326 1105 0 81 -27 -54
1326 1105 0 84 -28 -56
1326 1105 0 87 -29 -58
1326 1105 0 90 -30 -60
1326 1105 0 93 -31 -62
1326 1105 0 96 -32 -64
1326 1105 0 99 -33 -66
1326 1105 0 102 -34 -68
1326 1105 0 105 -35 -70
1326 1105 0 108 -36 -72
1326 1105 0 111 -37 -74
1326 1105 0 114 -38 -76
1326 1105 0 117 -39 -78
1326 1105 0 120 -40 -80
1326 1105 0 123 -41 -82
1326 1105 0 126 -42 -84
1326 1105 0 129 -43 -86
1326 1105 0 132 -44 -88
1326 1105 0 135 -45 -90
1326 1105 0 138 -46 -92
1326 1105 0 141 -47 -94
1326 1105 0 144 -48 -96
1326 1105 0 147 -49 -98
1326 1105 0 150 -50 -100
1332 1110 0 -150 50 100
1332 1110 0 -147 49 98
1332 1110 0 -144 48 96
1332 1110 0 -141 47 94
1332 1110 0 -138 46 92
1332 1110 0 -135 45 90
1332 1110 0 -132 44 88
1332 1110 0 -129 43 86
1332 1110 0 -126 42 84
1332 1110 0 -123 41 82
1332 1110 0 -120 40 80
1332 1110 0 -117 39 78
1332 1110 0 -114 38 76
1332 1110 0 -111 37 74
1332 1110 0 -108 36 72
1332 1110 0 -105 35 70
1332 1110 0 -102 34 68
1332 1110 0 -99 33 66
1332 1110 0 -96 32 64
1332 1110 0 -93 31 62
1332 1110 0 -90 30 60
1332 1110 0 -87 29 58
1332 1110 0 -84 28 56
1332 1110 0 -81 27 54
1332 1110 0 -78 26 52
1332 1110 0 -75 25 50
1332 1110 0 -72 24 48
1332 1110 0 -69 23 46
1332 1110 0 -66 22 44
1332 1110 0 -63 21 42
1332 1110 0 -60 20 40
1332 1110 0 -57 19 38
1332 1110 0 -54 18 36
1332 1110 0 -51 17 34
1332 1110 0 -48 16 32
1332 1110 0 -45 15 30
1332 1110 0 -42 14 28
1332 1110 0 -39 13 26
1332 1110 0 -36 12 24
1332 1110 0 -33 11 22
1332 1110 0 -30 10 20
1332 1110 0 -27 9 18
1332 1110 0 -24 8 16
1332 1110 0 -21 7 14
1332 1110 0 -18 6 12
1332 1110 0 -15 5 10
1332 1110 0 -12 4 8
1332 1110 0 -9 3 6
1332 1110 0 -6 2 4
1332 1110 0 -3 1 2
1332 1110 0 3 -1 -2
1332 1110 0 6 -2 -4
1332 1110 0 9 -3 -6
1332 1110 0 12 -4 -8
1332 1110 0 15 -5 -10
1332 1110 0 18 -6 -12
1332 1110 0 21 -7 -14
1332 1110 0 24 -8 -16
1332 1110 0 27 -9 -18
1332 1110 0 30 -10 -20
1332 1110 0 33 -11 -22
1332 1110 0 36 -12 -24
1332 1110 0 39 -13 -26
1332 1110 0 42 -14 -28
1332 1110 0 45 -15 -30
1332 1110 0 48 -16 -32
1332 1110 0 51 -17 -34
1332 1110 0 54 -18 -36
1332 1110 0 57 -19 -38
1332 1110 0 60 -20 -40
1332 1110 0 63 -21 -42
1332 1110 0 66 -22 -44
1332 1110 0 69 -23 -46
1332 1110 0 72 -24 -48
1332 1110 0 75 -25 -50
1332 1110 0 78 -26 -52
1332 1110 0 81 -27 -54
1332 1110 0 84 -28 -56
1332 1110 0 87 -29 -58
1332 1110 0 90 -30 -60
1332 1110 0 93 -31 -62
1332 1110 0 96 -32 -64
1332 1110 0 99 -33 -66
1332 1110 0 102 -34 -68
1332 1110 0 105 -35 -70
1332 1110 0 108 -36 -72
1332 1110 0 111 -37 -74
1332 1110 0 114 -38 -76
1332 1110 0 117 -39 -78
1332 1110 0 120 -40 -80
1332 1110 0 123 -41 -82
1332 1110 0 126 -42 -84
1332 1110 0 129 -43 -86
1332 1110 0 132 -44 -88
1332 1110 0 135 -45 -90
1332 1110 0 138 -46 -92
1332 1110 0 141 -47 -94
1332 1110 0 144 -48 -96
1332 1110 0 147 -49 -98
1332 1110 0 150 -50 -100
1338 1115 0 -150 50 100
1338 1115 0 -147 49 98
1338 1115 0 -144 48 96
1338 1115 0 -141 47 94
1338 1115 0 -138 46 92
1338 1115 0 -135 45 90
1338 1115 0 -132 44 88
1338 1115 0 -129 43 86
1338 1115 0 -126 42 84
1338 1115 0 -123 41 82
1338 1115 0 -120 40 80
1338 1115 0 -117 39 78
1338 1115 0 -114 38 76
1338 1115 0 -111 37 74
1338 1115 0 -108 36 72
1338 1115 0 -105 35 70
1338 1115 0 -102 34 68
1338 1115 0 -99 33 66
1338 1115 0 -96 32 64
1338 1115 0 -93 31 62
1338 1115 0 -90 30 60
1338 1115 0 -87 29 58
1338 1115 0 -84 28 56
1338 1115 0 -81 27 54
1338 1115 0 -78 26 52
1338 1115 0 -75 25 50
1338 1115 0 -72 24 48
1338 1115 0 -69 23 46
1338 1115 0 -66 22 44
1338 1115 0 -63 21 42
1338 1115 0 -60 20 40
1338 1115 0 -57 19 38
1338 1115 0 -54 18 36
1338 1115 0 -51 17 34
1338 1115 0 -48 16 32
1338 1115 0 -45 15 30
1338 1115 0 -42 14 28
1338 1115 0 -39 13 26
1338 1115 0 -36 12 24
1338 1115 0 -33 11 22
1338 1115 0 -30 10 20
1338 1115 0 -27 9 18
1338 1115 0 -24 8 16
1338 1115 0 -21 7 14
1338 1115 0 -18 6 12
1338 1115 0 -15 5 10
1338 1115 0 -12 4 8
1338 1115 0 -9 3 6
1338 1115 0 -6 2 4
1338 1115 0 -3 1 2
1338 1115 0 3 -1 -2
1338 1115 0 6 -2 -4
1338 1115 0 9 -3 -6
1338 1115 0 12 -4 -8
1338 1115 0 15 -5 -10
1338 1115 0 18 -6 -12
1338 1115 0 21 -7 -14
1338 1115 0 24 -8 -16
1338 1115 0 27 -9 -18
1338 1115 0 30 -10 -20
1338 1115 0 33 -11 -22
1338 1115 0 36 -12 -24
1338 1115 0 39 -13 -26
1338 1115 0 42 -14 -28
1338 1115 0 45 -15 -30
1338 1115 0 48 -16 -32
1338 1115 0 51 -17 -34
1338 1115 0 54 -18 -36
1338 1115 0 57 -19 -38
1338 1115 0 60 -20 -40
1338 1115 0 63 -21 -42
1338 1115 0 66 -22 -44
1338 1115 0 69 -23 -46
1338 1115 0 72 -24 -48
1338 1115 0 75 -25 -50
1338 1115 0 78 -26 -52
1338 1115 0 81 -27 -54
1338 1115 0 84 -28 -56
1338 1115 0 87 -29 -58
1338 1115 0 90 -30 -60
1338 1115 0 93 -31 -62
1338 1115 0 96 -32 -64
1338 1115 0 99 -33 -66
1338 1115 0 102 -34 -68
1338 1115 0 105 -35 -70
1338 1115 0 108 -36 -72
1338 1115 0 111 -37 -74
1338 1115 0 114 -38 -76
1338 1115 0 117 -39 -78
1338 1115 0 120 -40 -80
1338 1115 0 123 -41 -82
1338 1115 0 126 -42 -84
1338 1115 0 129 -43 -86
1338 1115 0 132 -44 -88
1338 1115 0 135 -45 -90
1338 1115 0 138 -46 -92
1338 1115 0 141 -47 -94
1338 1115 0 144 -48 -96
1338 1115 0 147 -49 -98
1338 1115 0 150 -50 -100
1344 1120 0 -150 50 100
1344 1120 0 -147 49 98
1344 1120 0 -144 48 96
1344 1120 0 -141 47 94
1344 1120 0 -138 46 92
1344 1120 0 -135 45 90
1344 1120 0 -132 44 88
1344 1120 0 -129 43 86
1344 1120 0 -126 42 84
1344 1120 0 -123 41 82
1344 1120 0 -120 40 80
1344 1120 0 -117 39 78
1344 1120 0 -114 38 76
1344 1120 0 -111 37 74
1344 1120 0 -108 36 72
1344 1120 0 -105 35 70
1344 1120 0 -102 34 68
1344 1120 0 -99 33 66
1344 1120 0 -96 32 64
1344 1120 0 -93 31 62
1344 1120 0 -90 30 60
1344 1120 0 -87 29 58
1344 1120 0 -84 28 56
1344 1120 0 -81 27 54
1344 1120 0 -78 26 52
1344 1120 0 -75 25 50
1344 1120 0 -72 24 48
1344 1120 0 -69 23 46
1344 1120 0 -66 22 44
1344 1120 0 -63 21 42
1344 1120 0 -60 20 40
1344 1120 0 -57 19 38
1344 1120 0 -54 18 36
1344 1120 0 -51 17 34
1344 1120 0 -48 16 32
1344 1120 0 -45 15 30
1344 1120 0 -42 14 28
1344 1120 0 -39 13 26
1344 1120 0 -36 12 24
1344 1120 0 -33 11 22
1344 1120 0 -30 10 20
1344 1120 0 -27 9 18
1344 1120 0 -24 8 16
1344 1120 0 -21 7 14
1344 1120 0 -18 6 12
1344 1120 0 -15 5 10
1344 1120 0 -12 4 8
1344 1120 0 -9 3 6
1344 1120 0 -6 2 4
1344 1120 0 -3 1 2
1344 1120 0 3 -1 -2
1344 1120 0 6 -2 -4
1344 1120 0 9 -3 -6
1344 1120 0 12 -4 -8
1344 1120 0 15 -5 -10
1344 1120 0 18 -6 -12
1344 1120 0 21 -7 -14
1344 1120 0 24 -8 -16
1344 1120 0 27 -9 -18
1344 1120 0 30 -10 -20
1344 1120 0 33 -11 -22
1344 1120 0 36 -12 -24
1344 1120 0 39 -13 -26
1344 1120 0 42 -14 -28
1344 1120 0 45 -15 -30
1344 1120 0 48 -16 -32
1344 1120 0 51 -17 -34
1344 1120 0 54 -18 -36
1344 1120 0 57 -19 -38
1344 1120 0 60 -20 -40
1344 1120 0 63 -21 -42
1344 1120 0 66 -22 -44
1344 1120 0 69 -23 -46
1344 1120 0 72 -24 -48
1344 1120 0 75 -25 -50
1344 1120 0 78 -26 -52
1344 1120 0 81 -27 -54
1344 1120 0 84 -28 -56
1344 1120 0 87 -29 -58
1344 1120 0 90 -30 -60
1344 1120 0 93 -31 -62
1344 1120 0 96 -32 -64
1344 1120 0 99 -33 -66
1344 1120 0 102 -34 -68
1344 1120 0 105 -35 -70
1344 1120 0 108 -36 -72
1344 1120 0 111 -37 -74
1344 1120 0 114 -38 -76
1344 1120 0 117 -39 -78
1344 1120 0 120 -40 -80
1344 1120 0 123 -41 -82
1344 1120 0 126 -42 -84
1344 1120 0 129 -43 -86
1344 1120 0 132 -44 -88
1344 1120 0 135 -45 -90
1344 1120 0 138 -46 -92
1344 1120 0 141 -47 -94
1344 1120 0 144 -48 -96
1344 1120 0 147 -49 -98
1344 1120 0 150 -50 -100
1350 1125 0 -150 50 100
1350 1125 0 -147 49 98
1350 1125 0 -144 48 96
1350 1125 0 -141 47 94
1350 1125 0 -138 46 92
1350 1125 0 -135 45 90
1350 1125 0 -132 44 88
1350 1125 0 -129 43 86
1350 1125 0 -126 42 84
1350 1125 0 -123 41 82
1350 1125 0 -120 40 80
1350 1125 0 -117 39 78
1350 1125 0 -114 38 76
1350 1125 0 -111 37 74
1350 1125 0 -108 36 72
1350 1125 0 -105 35 70
1350 1125 0 -102 34 68
1350 1125 0 -99 33 66
1350 1125 0 -96 32 64
1350 1125 0 -93 31 62
1350 1125 0 -90 30 60
1350 1125 0 -87 29 58
1350 1125 0 -84 28 56
1350 1125 0 -81 27 54
1350 1125 0 -78 26 52
1350 1125 0 -75 25 50
1350 1125 0 -72 24 48
1350 1125 0 -69 23 46
1350 1125 0 -66 22 44
1350 1125 0 -63 21 42
1350 1125 0 -60 20 40
1350 1125 0 -57 19 38
1350 1125 0 -54 18 36
1350 1125 0 -51 17 34
1350 1125 0 -48 16 32
1350 1125 0 -45 15 30
1350 1125 0 -42 14 28
1350 1125 0 -39 13 26
1350 1125 0 -36 12 24
1350 1125 0 -33 11 22
1350 1125 0 -30 10 20
1350 1125 0 -27 9 18
1350 1125 0 -24 8 16
1350 1125 0 -21 7 14
1350 1125 0 -18 6 12
1350 1125 0 -15 5 10
1350 1125 0 -12 4 8
1350 1125 0 -9 3 6
1350 1125 0 -6 2 4
1350 1125 0 -3 1 2
1350 1125 0 3 -1 -2
1350 1125 0 6 -2 -4
1350 1125 0 9 -3 -6
1350 1125 0 12 -4 -8
1350 1125 0 15 -5 -10
1350 1125 0 18 -6 -12
1350 1125 0 21 -7 -14
1350 1125 0 24 -8 -16
1350 1125 0 27 -9 -18
1350 1125 0 30 -10 -20
1350 1125 0 33 -11 -22
1350 1125 0 36 -12 -24
1350 1125 0 39 -13 -26
1350 1125 0 42 -14 -28
1350 1125 0 45 -15 -30
1350 1125 0 48 -16 -32
1350 1125 0 51 -17 -34
1350 1125 0 54 -18 -36
1350 1125 0 57 -19 -38
1350 1125 0 60 -20 -40
1350 1125 0 63 -21 -42
1350 1125 0 66 -22 -44
1350 1125 0 69 -23 -46
1350 1125 0 72 -24 -48
1350 1125 0 75 -25 -50
1350 1125 0 78 -26 -52
1350 1125 0 81 -27 -54
1350 1125 0 84 -28 -56
1350 1125 0 87 -29 -58
1350 1125 0 90 -30 -60
1350 1125 0 93 -31 -62
1350 1125 0 96 -32 -64
1350 1125 0 99 -33 -66
1350 1125 0 102 -34 -68
1350 1125 0 105 -35 -70
1350 1125 0 108 -36 -72
1350 1125 0 111 -37 -74
1350 1125 0 114 -38 -76
1350 1125 0 117 -39 -78
1350 1125 0 120 -40 -80
1350 1125 0 123 -41 -82
1350 1125 0 126 -42 -84
1350 1125 0 129 -43 -86
1350 1125 0 132 -44 -88
1350 1125 0 135 -45 -90
1350 1125 0 138 -46 -92
1350 1125 0 141 -47 -94
1350 1125 0 144 -48 -96
1350 1125 0 147 -49 -98
1350 1125 0 150 -50 -100
1356 1130 0 -150 50 100
1356 1130 0 -147 49 98
1356 1130 0 -144 48 96
1356 1130 0 -141 47 94
1356 1130 0 -138 46 92
1356 1130 0 -135 45 90
1356 1130 0 -132 44 88
1356 1130 0 -129 43 86
1356 1130 0 -126 42 84
1356 1130 0 -123 41 82
1356 1130 0 -120 40 80
1356 1130 0 -117 39 78
1356 1130 0 -114 38 76
1356 1130 0 -111 37 74
1356 1130 0 -108 36 72
1356 1130 0 -105 35 70
1356 1130 0 -102 34 68
1356 1130 0 -99 33 66
1356 1130 0 -96 32 64
1356 1130 0 -93 31 62
1356 1130 0 -90 30 60
1356 1130 0 -87 29 58
1356 1130 0 -84 28 56
1356 1130 0 -81 27 54
1356 1130 0 -78 26 52
1356 1130 0 -75 25 50
1356 1130 0 -72 24 48
1356 1130 0 -69 23 46
1356 1130 0 -66 22 44
1356 1130 0 -63 21 42
1356 1130 0 -60 20 40
1356 1130 0 -57 19 38
1356 1130 0 -54 18 36
1356 1130 0 -51 17 34
1356 1130 0 -48 16 32
1356 1130 0 -45 15 30
1356 1130 0 -42 14 28
1356 1130 0 -39 13 26
1356 1130 0 -36 12 24
1356 1130 0 -33 11 22
1356 1130 0 -30 10 20
1356 1130 0 -27 9 18
1356 1130 0 -24 8 16
1356 1130 0 -21 7 14
1356 1130 0 -18 6 12
1356 1130 0 -15 5 10
1356 1130 0 -12 4 8
1356 1130 0 -9 3 6
1356 1130 0 -6 2 4
1356 1130 0 -3 1 2
1356 1130 0 3 -1 -2
1356 1130 0 6 -2 -4
1356 1130 0 9 -3 -6
1356 1130 0 12 -4 -8
1356 1130 0 15 -5 -10
1356 1130 0 18 -6 -12
1356 1130 0 21 -7 -14
1356 1130 0 24 -8 -16
1356 1130 0 27 -9 -18
1356 1130 0 30 -10 -20
1356 1130 0 33 -11 -22
1356 1130 0 36 -12 -24
1356 1130 0 39 -13 -26
1356 1130 0 42 -14 -28
1356 1130 0 45 -15 -30
1356 1130 0 48 -16 -32
1356 1130 0 51 -17 -34
1356 1130 0 54 -18 -36
1356 1130 0 57 -19 -38
1356 1130 0 60 -20 -40
1356 1130 0 63 -21 -42
1356 1130 0 66 -22 -44
1356 1130 0 69 -23 -46
1356 1130 0 72 -24 -48
1356 1130 0 75 -25 -50
1356 1130 0 78 -26 -52
1356 1130 0 81 -27 -54
1356 1130 0 84 -28 -56
1356 1130 0 87 -29 -58
1356 1130 0 90 -30 -60
1356 1130 0 93 -31 -62
1356 1130 0 96 -32 -64
1356 1130 0 99 -33 -66
1356 1130 0 102 -34 -68
1356 1130 0 105 -35 -70
1356 1130 0 108 -36 -72
1356 1130 0 111 -37 -74
1356 1130 0 114 -38 -76
1356 1130 0 117 -39 -78
1356 1130 0 120 -40 -80
1356 1130 0 123 -41 -82
1356 1130 0 126 -42 -84
1356 1130 0 129 -43 -86
1356 1130 0 132 -44 -88
1356 1130 0 135 -45 -90
1356 1130 0 138 -46 -92
1356 1130 0 141 -47 -94
1356 1130 0 144 -48 -96
1356 1130 0 147 -49 -98
1356 1130 0 150 -50 -100
1362 1135 0 -150 50 100
1362 1135 0 -147 49 98
1362 1135 0 -144 48 96
1362 1135 0 -141 47 94
1362 1135 0 -138 46 92
1362 1135 0 -135 45 90
1362 1135 0 -132 44 88
1362 1135 0 -129 43 86
1362 1135 0 -126 42 84
1362 1135 0 -123 41 82
1362 1135 0 -120 40 80
1362 1135 0 -117 39 78
1362 1135 0 -114 38 76
1362 1135 0 -111 37 74
1362 1135 0 -108 36 72
1362 1135 0 -105 35 70
1362 1135 0 -102 34 68
1362 1135 0 -99 33 66
1362 1135 0 -96 32 64
1362 1135 0 -93 31 62
1362 1135 0 -90 30 60
1362 1135 0 -87 29 58
1362 1135 0 -84 28 56
1362 1135 0 -81 27 54
1362 1135 0 -78 26 52
1362 1135 0 -75 25 50
1362 1135 0 -72 24 48
1362 1135 0 -69 23 46
1362 1135 0 -66 22 44
1362 1135 0 -63 21 42
1362 1135 0 -60 20 40
1362 1135 0 -57 19 38
1362 1135 0 -54 18 36
1362 1135 0 -51 17 34
1362 1135 0 -48 16 32
1362 1135 0 -45 15 30
1362 1135 0 -42 14 28
1362 1135 0 -39 13 26
1362 1135 0 -36 12 24
1362 1135 0 -33 11 22
1362 1135 0 -30 10 20
1362 1135 0 -27 9 18
1362 1135 0 -24 8 16
1362 1135 0 -21 7 14
1362 1135 0 -18 6 12
1362 1135 0 -15 5 10
1362 1135 0 -12 4 8
1362 1135 0 -9 3 6
1362 1135 0 -6 2 4
1362 1135 0 -3 1 2
1362 1135 0 3 -1 -2
1362 1135 0 6 -2 -4
1362 1135 0 9 -3 -6
1362 1135 0 12 -4 -8
1362 1135 0 15 -5 -10
1362 1135 0 18 -6 -12
1362 1135 0 21 -7 -14
1362 1135 0 24 -8 -16
1362 1135 0 27 -9 -18
1362 1135 0 30 -10 -20
1362 1135 0 33 -11 -22
1362 1135 0 36 -12 -24
1362 1135 0 39 -13 -26
1362 1135 0 42 -14 -28
1362 1135 0 45 -15 -30
1362 1135 0 48 -16 -32
1362 1135 0 51 -17 -34
1362 1135 0 54 -18 -36
1362 1135 0 57 -19 -38
1362 1135 0 60 -20 -40
1362 1135 0 63 -21 -42
1362 1135 0 66 -22 -44
1362 1135 0 69 -23 -46
1362 1135 0 72 -24 -48
1362 1135 0 75 -25 -50
1362 1135 0 78 -26 -52
1362 1135 0 81 -27 -54
1362 1135 0 84 -28 -56
1362 1135 0 87 -29 -58
1362 1135 0 90 -30 -60
1362 1135 0 93 -31 -62
1362 1135 0 96 -32 -64
1362 1135 0 99 -33 -66
1362 1135 0 102 -34 -68
1362 1135 0 105 -35 -70
1362 1135 0 108 -36 -72
1362 1135 0 111 -37 -74
1362 1135 0 114 -38 -76
1362 1135 0 117 -39 -78
1362 1135 0 120 -40 -80
1362 1135 0 123 -41 -82
1362 1135 0 126 -42 -84
1362 1135 0 129 -43 -86
1362 1135 0 132 -44 -88
1362 1135 0 135 -45 -90
1362 1135 0 138 -46 -92
1362 1135 0 141 -47 -94
1362 1135 0 144 -48 -96
1362 1135 0 147 -49 -98
1362 1135 0 150 -50 -100
1368 1140 0 -150 50 100
1368 1140 0 -147 49 98
1368 1140 0 -144 48 96
1368 1140 0 -141 47 94
1368 1140 0 -138 46 92
1368 1140 0 -135 45 90
1368 1140 0 -132 44 88
1368 1140 0 -129 43 86
1368 1140 0 -126 42 84
1368 1140 0 -123 41 82
1368 1140 0 -120 40 80
1368 1140 0 -117 39 78
1368 1140 0 -114 38 76
1368 1140 0 -111 37 74
1368 1140 0 -108 36 72
1368 1140 0 -105 35 70
1368 1140 0 -102 34 68
1368 1140 0 -99 33 66
1368 1140 0 -96 32 64
1368 1140 0 -93 31 62
1368 1140 0 -90 30 60
1368 1140 0 -87 29 58
1368 1140 0 -84 28 56
1368 1140 0 -81 27 54
1368 1140 0 -78 26 52
1368 1140 0 -75 25 50
1368 1140 0 -72 24 48
1368 1140 0 -69 23 46
1368 1140 0 -66 22 44
1368 1140 0 -63 21 42
1368 1140 0 -60 20 40
1368 1140 0 -57 19 38
1368 1140 0 -54 18 36
1368 1140 0 -51 17 34
1368 1140 0 -48 16 32
1368 1140 0 -45 15 30
1368 1140 0 -42 14 28
1368 1140 0 -39 13 26
1368 1140 0 -36 12 24
1368 1140 0 -33 11 22
1368 1140 0 -30 10 20
1368 1140 0 -27 9 18
1368 1140 0 -24 8 16
1368 1140 0 -21 7 14
1368 1140 0 -18 6 12
1368 1140 0 -15 5 10
1368 1140 0 -12 4 8
1368 1140 0 -9 3 6
1368 1140 0 -6 2 4
1368 1140 0 -3 1 2
1368 1140 0 3 -1 -2
1368 1140 0 6 -2 -4
1368 1140 0 9 -3 -6
1368 1140 0 12 -4 -8
1368 1140 0 15 -5 -10
1368 1140 0 18 -6 -12
1368 1140 0 21 -7 -14
1368 1140 0 24 -8 -16
1368 1140 0 27 -9 -18
1368 1140 0 30 -10 -20
1368 1140 0 33 -11 -22
1368 1140 0 36 -12 -24
1368 1140 0 39 -13 -26
1368 1140 0 42 -14 -28
1368 1140 0 45 -15 -30
1368 1140 0 48 -16 -32
1368 1140 0 51 -17 -34
1368 1140 0 54 -18 -36
1368 1140 0 57 -19 -38
1368 1140 0 60 -20 -40
1368 1140 0 63 -21 -42
1368 1140 0 66 -22 -44
1368 1140 0 69 -23 -46
1368 1140 0 72 -24 -48
1368 1140 0 75 -25 -50
1368 1140 0 78 -26 -52
1368 1140 0 81 -27 -54
1368 1140 0 84 -28 -56
1368 1140 0 87 -29 -58
1368 1140 0 90 -30 -60
1368 1140 0 93 -31 -62
1368 1140 0 96 -32 -64
1368 1140 0 99 -33 -66
1368 1140 0 102 -34 -68
1368 1140 0 105 -35 -70
1368 1140 0 108 -36 -72
1368 1140 0 111 -37 -74
1368 1140 0 114 -38 -76
1368 1140 0 117 -39 -78
1368 1140 0 120 -40 -80
1368 1140 0 123 -41 -82
1368 1140 0 126 -42 -84
1368 1140 0 129 -43 -86
1368 1140 0 132 -44 -88
1368 1140 0 135 -45 -90
1368 1140 0 138 -46 -92
1368 1140 0 141 -47 -94
1368 1140 0 144 -48 -96
1368 1140 0 147 -49 -98
1368 1140 0 150 -50 -100
1374 1145 0 -150 50 100
1374 1145 0 -147 49 98
1374 1145 0 -144 48 96
1374 1145 0 -141 47 94
1374 1145 0 -138 46 92
1374 1145 0 -135 45 90
1374 1145 0 -132 44 88
1374 1145 0 -129 43 86
1374 1145 0 -126 42 84
1374 1145 0 -123 41 82
1374 1145 0 -120 40 80
1374 1145 0 -117 39 78
1374 1145 0 -114 38 76
1374 1145 0 -111 37 74
1374 1145 0 -108 36 72
1374 1145 0 -105 35 70
1374 1145 0 -102 34 68
1374 1145 0 -99 33 66
1374 1145 0 -96 32 64
1374 1145 0 -93 31 62
1374 1145 0 -90 30 60
1374 1145 0 -87 29 58
1374 1145 0 -84 28 56
1374 1145 0 -81 27 54
1374 1145 0 -78 26 52
1374 1145 0 -75 25 50
1374 1145 0 -72 24 48
1374 1145 0 -69 23 46
1374 1145 0 -66 22 44
1374 1145 0 -63 21 42
1374 1145 0 -60 20 40
1374 1145 0 -57 19 38
1374 1145 0 -54 18 36
1374 1145 0 -51 17 34
1374 1145 0 -48 16 32
1374 1145 0 -45 15 30
1374 1145 0 -42 14 28
1374 1145 0 -39 13 26
1374 1145 0 -36 12 24
1374 1145 0 -33 11 22
1374 1145 0 -30 10 20
1374 1145 0 -27 9 18
1374 1145 0 -24 8 16
1374 1145 0 -21 7 14
1374 1145 0 -18 6 12
1374 1145 0 -15 5 10
1374 1145 0 -12 4 8
1374 1145 0 -9 3 6
1374 1145 0 -6 2 4
1374 1145 0 -3 1 2
1374 1145 0 3 -1 -2
1374 1145 0 6 -2 -4
1374 1145 0 9 -3 -6
1374 1145 0 12 -4 -8
1374 1145 0 15 -5 -10
1374 1145 0 18 -6 -12
1374 1145 0 21 -7 -14
1374 1145 0 24 -8 -16
1374 1145 0 27 -9 -18
1374 1145 0 30 -10 -20
1374 1145 0 33 -11 -22
1374 1145 0 36 -12 -24
1374 1145 0 39 -13 -26
1374 1145 0 42 -14 -28
1374 1145 0 45 -15 -30
1374 1145 0 48 -16 -32
1374 1145 0 51 -17 -34
1374 1145 0 54 -18 -36
1374 1145 0 57 -19 -38
1374 1145 0 60 -20 -40
1374 1145 0 63 -21 -42
1374 1145 0 66 -22 -44
1374 1145 0 69 -23 -46
1374 1145 0 72 -24 -48
1374 1145 0 75 -25 -50
1374 1145 0 78 -26 -52
1374 1145 0 81 -27 -54
1374 1145 0 84 -28 -56
1374 1145 0 87 -29 -58
1374 1145 0 90 -30 -60
1374 1145 0 93 -31 -62
1374 1145 0 96 -32 -64
1374 1145 0 99 -33 -66
1374 1145 0 102 -34 -68
1374 1145 0 105 -35 -70
1374 1145 0 108 -36 -72
1374 1145 0 111 -37 -74
1374 1145 0 114 -38 -76
1374 1145 0 117 -39 -78
1374 1145 0 120 -40 -80
1374 1145 0 123 -41 -82
1374 1145 0 126 -42 -84
1374 1145 0 129 -43 -86
1374 1145 0 132 -44 -88
1374 1145 0 135 -45 -90
1374 1145 0 138 -46 -92
1374 1145 0 141 -47 -94
1374 1145 0 144 -48 -96
1374 1145 0 147 -49 -98
1374 1145 0 150 -50 -100
1380 1150 0 -150 50 100
1380 1150 0 -147 49 98
1380 1150 0 -144 48 96
1380 1150 0 -141 47 94
1380 1150 0 -138 46 92
1380 1150 0 -135 45 90
1380 1150 0 -132 44 88
1380 1150 0 -129 43 86
1380 1150 0 -126 42 84
1380 1150 0 -123 41 82
1380 1150 0 -120 40 80
1380 1150 0 -117 39 78
1380 1150 0 -114 38 76
1380 1150 0 -111 37 74
1380 1150 0 -108 36 72
1380 1150 0 -105 35 70
1380 1150 0 -102 34 68
1380 1150 0 -99 33 66
1380 1150 0 -96 32 64
1380 1150 0 -93 31 62
1380 1150 0 -90 30 60
1380 1150 0 -87 29 58
1380 1150 0 -84 28 56
1380 1150 0 -81 27 54
1380 1150 0 -78 26 52
1380 1150 0 -75 25 50
1380 1150 0 -72 24 48
1380 1150 0 -69 23 46
1380 1150 0 -66 22 44
1380 1150 0 -63 21 42
1380 1150 0 -60 20 40
1380 1150 0 -57 19 38
1380 1150 0 -54 18 36
1380 1150 0 -51 17 34
1380 1150 0 -48 16 32
1380 1150 0 -45 15 30
1380 1150 0 -42 14 28
1380 1150 0 -39 13 26
1380 1150 0 -36 12 24
1380 1150 0 -33 11 22
1380 1150 0 -30 10 20
1380 1150 0 -27 9 18
1380 1150 0 -24 8 16
1380 1150 0 -21 7 14
1380 1150 0 -18 6 12
1380 1150 0 -15 5 10
1380 1150 0 -12 4 8
1380 1150 0 -9 3 6
1380 1150 0 -6 2 4
1380 1150 0 -3 1 2
1380 1150 0 3 -1 -2
1380 1150 0 6 -2 -4
1380 1150 0 9 -3 -6
1380 1150 0 12 -4 -8
1380 1150 0 15 -5 -10
1380 1150 0 18 -6 -12
1380 1150 0 21 -7 -14
1380 1150 0 24 -8 -16
1380 1150 0 27 -9 -18
1380 1150 0 30 -10 -20
1380 1150 0 33 -11 -22
1380 1150 0 36 -12 -24
1380 1150 0 39 -13 -26
1380 1150 0 42 -14 -28
1380 1150 0 45 -15 -30
1380 1150 0 48 -16 -32
1380 1150 0 51 -17 -34
1380 1150 0 54 -18 -36
1380 1150 0 57 -19 -38
1380 1150 0 60 -20 -40
1380 1150 0 63 -21 -42
1380 1150 0 66 -22 -44
1380 1150 0 69 -23 -46
1380 1150 0 72 -24 -48
1380 1150 0 75 -25 -50
1380 1150 0 78 -26 -52
1380 1150 0 81 -27 -54
1380 1150 0 84 -28 -56
1380 1150 0 87 -29 -58
1380 1150 0 90 -30 -60
1380 1150 0 93 -31 -62
1380 1150 0 96 -32 -64
1380 1150 0 99 -33 -66
1380 1150 0 102 -34 -68
1380 1150 0 105 -35 -70
1380 1150 0 108 -36 -72
1380 1150 0 111 -37 -74
1380 1150 0 114 -38 -76
1380 1150 0 117 -39 -78
1380 1150 0 120 -40 -80
1380 1150 0 123 -41 -82
1380 1150 0 126 -42 -84
1380 1150 0 129 -43 -86
1380 1150 0 132 -44 -88
1380 1150 0 135 -45 -90
1380 1150 0 138 -46 -92
1380 1150 0 141 -47 -94
1380 1150 0 144 -48 -96
1380 1150 0 147 -49 -98
1380 1150 0 150 -50 -100
1386 1155 0 -150 50 100
1386 1155 0 -147 49 98
1386 1155 0 -144 48 96
1386 1155 0 -141 47 94
1386 1155 0 -138 46 92
1386 1155 0 -135 45 90
1386 1155 0 -132 44 88
1386 1155 0 -129 43 86
1386 1155 0 -126 42 84
1386 1155 0 -123 41 82
1386 1155 0 -120 40 80
1386 1155 0 -117 39 78
1386 1155 0 -114 38 76
1386 1155 0 -111 37 74
1386 1155 0 -108 36 72
1386 1155 0 -105 35 70
1386 1155 0 -102 34 68
1386 1155 0 -99 33 66
1386 1155 0 -96 32 64
1386 1155 0 -93 31 62
1386 1155 0 -90 30 60
1386 1155 0 -87 29 58
1386 1155 0 -84 28 56
1386 1155 0 -81 27 54
1386 1155 0 -78 26 52
1386 1155 0 -75 25 50
1386 1155 0 -72 24 48
1386 1155 0 -69 23 46
1386 1155 0 -66 22 44
1386 1155 0 -63 21 42
1386 1155 0 -60 20 40
1386 1155 0 -57 19 38
1386 1155 0 -54 18 36
1386 1155 0 -51 17 34
1386 1155 0 -48 16 32
1386 1155 0 -45 15 30
1386 1155 0 -42 14 28
1386 1155 0 -39 13 26
1386 1155 0 -36 12 24
1386 1155 0 -33 11 22
1386 1155 0 -30 10 20
1386 1155 0 -27 9 18
1386 1155 0 -24 8 16
1386 1155 0 -21 7 14
1386 1155 0 -18 6 12
1386 1155 0 -15 5 10
1386 1155 0 -12 4 8
1386 1155 0 -9 3 6
1386 1155 0 -6 2 4
1386 1155 0 -3 1 2
1386 1155 0 3 -1 -2
1386 1155 0 6 -2 -4
1386 1155 0 9 -3 -6
1386 1155 0 12 -4 -8
1386 1155 0 15 -5 -10
1386 1155 0 18 -6 -12
1386 1155 0 21 -7 -14
1386 1155 0 24 -8 -16
1386 1155 0 27 -9 -18
1386 1155 0 30 -10 -20
1386 1155 0 33 -11 -22
1386 1155 0 36 -12 -24
1386 1155 0 39 -13 -26
1386 1155 0 42 -14 -28
1386 1155 0 45 -15 -30
1386 1155 0 48 -16 -32
1386 1155 0 51 -17 -34
1386 1155 0 54 -18 -36
1386 1155 0 57 -19 -38
1386 1155 0 60 -20 -40
1386 1155 0 63 -21 -42
1386 1155 0 66 -22 -44
1386 1155 0 69 -23 -46
1386 1155 0 72 -24 -48
1386 1155 0 75 -25 -50
1386 1155 0 78 -26 -52
1386 1155 0 81 -27 -54
1386 1155 0 84 -28 -56
1386 1155 0 87 -29 -58
1386 1155 0 90 -30 -60
1386 1155 0 93 -31 -62
1386 1155 0 96 -32 -64
1386 1155 0 99 -33 -66
1386 1155 0 102 -34 -68
1386 1155 0 105 -35 -70
1386 1155 0 108 -36 -72
1386 1155 0 111 -37 -74
1386 1155 0 114 -38 -76
1386 1155 0 117 -39 -78
1386 1155 0 120 -40 -80
1386 1155 0 123 -41 -82
1386 1155 0 126 -42 -84
1386 1155 0 129 -43 -86
1386 1155 0 132 -44 -88
1386 1155 0 135 -45 -90
1386 1155 0 138 -46 -92
1386 1155 0 141 -47 -94
1386 1155 0 144 -48 -96
1386 1155 0 147 -49 -98
1386 1155 0 150 -50 -100
1392 1160 0 -150 50 100
1392 1160 0 -147 49 98
1392 1160 0 -144 48 96
1392 1160 0 -141 47 94
1392 1160 0 -138 46 92
1392 1160 0 -135 45 90
1392 1160 0 -132 44 88
1392 1160 0 -129 43 86
1392 1160 0 -126 42 84
1392 1160 0 -123 41 82
1392 1160 0 -120 40 80
1392 1160 0 -117 39 78
1392 1160 0 -114 38 76
1392 1160 0 -111 37 74
1392 1160 0 -108 36 72
1392 1160 0 -105 35 70
1392 1160 0 -102 34 68
1392 1160 0 -99 33 66
1392 1160 0 -96 32 64
1392 1160 0 -93 31 62
1392 1160 0 -90 30 60
1392 1160 0 -87 29 58
1392 1160 0 -84 28 56
1392 1160 0 -81 27 54
1392 1160 0 -78 26 52
1392 1160 0 -75 25 50
1392 1160 0 -72 24 48
1392 1160 0 -69 23 46
1392 1160 0 -66 22 44
1392 1160 0 -63 21 42
1392 1160 0 -60 20 40
1392 1160 0 -57 19 38
1392 1160 0 -54 18 36
1392 1160 0 -51 17 34
1392 1160 0 -48 16 32
1392 1160 0 -45 15 30
1392 1160 0 -42 14 28
1392 1160 0 -39 13 26
1392 1160 0 -36 12 24
1392 1160 0 -33 11 22
1392 1160 0 -30 10 20
1392 1160 0 -27 9 18
1392 1160 0 -24 8 16
1392 1160 0 -21 7 14
1392 1160 0 -18 6 12
1392 1160 0 -15 5 10
1392 1160 0 -12 4 8
1392 1160 0 -9 3 6
1392 1160 0 -6 2 4
1392 1160 0 -3 1 2
1392 1160 0 3 -1 -2
1392 1160 0 6 -2 -4
1392 1160 0 9 -3 -6
1392 1160 0 12 -4 -8
1392 1160 0 15 -5 -10
1392 1160 0 18 -6 -12
1392 1160 0 21 -7 -14
1392 1160 0 24 -8 -16
1392 1160 0 27 -9 -18
1392 1160 0 30 -10 -20
1392 1160 0 33 -11 -22
1392 1160 0 36 -12 -24
1392 1160 0 39 -13 -26
1392 1160 0 42 -14 -28
1392 1160 0 45 -15 -30
1392 1160 0 48 -16 -32
1392 1160 0 51 -17 -34
1392 1160 0 54 -18 -36
1392 1160 0 57 -19 -38
1392 1160 0 60 -20 -40
1392 1160 0 63 -21 -42
1392 1160 0 66 -22 -44
1392 1160 0 69 -23 -46
1392 1160 0 72 -24 -48
1392 1160 0 75 -25 -50
1392 1160 0 78 -26 -52
1392 1160 0 81 -27 -54
1392 1160 0 84 -28 -56
1392 1160 0 87 -29 -58
1392 1160 0 90 -30 -60
1392 1160 0 93 -31 -62
1392 1160 0 96 -32 -64
1392 1160 0 99 -33 -66
1392 1160 0 102 -34 -68
1392 1160 0 105 -35 -70
1392 1160 0 108 -36 -72
1392 1160 0 111 -37 -74
1392 1160 0 114 -38 -76
1392 1160 0 117 -39 -78
1392 1160 0 120 -40 -80
1392 1160 0 123 -41 -82
1392 1160 0 126 -42 -84
1392 1160 0 129 -43 -86
1392 1160 0 132 -44 -88
1392 1160 0 135 -45 -90
1392 1160 0 138 -46 -92
1392 1160 0 141 -47 -94
1392 1160 0 144 -48 -96
1392 1160 0 147 -49 -98
1392 1160 0 150 -50 -100
1398 1165 0 -150 50 100
1398 1165 0 -147 49 98
1398 1165 0 -144 48 96
1398 1165 0 -141 47 94
1398 1165 0 -138 46 92
1398 1165 0 -135 45 90
1398 1165 0 -132 44 88
1398 1165 0 -129 43 86
1398 1165 0 -126 42 84
1398 1165 0 -123 41 82
1398 1165 0 -120 40 80
1398 1165 0 -117 39 78
1398 1165 0 -114 38 76
1398 1165 0 -111 37 74
1398 1165 0 -108 36 72
1398 1165 0 -105 35 70
1398 1165 0 -102 34 68
1398 1165 0 -99 33 66
1398 1165 0 -96 32 64
1398 1165 0 -93 31 62
1398 1165 0 -90 30 60
1398 1165 0 -87 29 58
1398 1165 0 -84 28 56
1398 1165 0 -81 27 54
1398 1165 0 -78 26 52
1398 1165 0 -75 25 50
1398 1165 0 -72 24 48
1398 1165 0 -69 23 46
1398 1165 0 -66 22 44
1398 1165 0 -63 21 42
1398 1165 0 -60 20 40
1398 1165 0 -57 19 38
1398 1165 0 -54 18 36
1398 1165 0 -51 17 34
1398 1165 0 -48 16 32
1398 1165 0 -45 15 30
1398 1165 0 -42 14 28
1398 1165 0 -39 13 26
1398 1165 0 -36 12 24
1398 1165 0 -33 11 22
1398 1165 0 -30 10 20
1398 1165 0 -27 9 18
1398 1165 0 -24 8 16
1398 1165 0 -21 7 14
1398 1165 0 -18 6 12
1398 1165 0 -15 5 10
1398 1165 0 -12 4 8
1398 1165 0 -9 3 6
1398 1165 0 -6 2 4
1398 1165 0 -3 1 2
1398 1165 0 3 -1 -2
1398 1165 0 6 -2 -4
1398 1165 0 9 -3 -6
1398 1165 0 12 -4 -8
1398 1165 0 15 -5 -10
1398 1165 0 18 -6 -12
1398 1165 0 21 -7 -14
1398 1165 0 24 -8 -16
1398 1165 0 27 -9 -18
1398 1165 0 30 -10 -20
1398 1165 0 33 -11 -22
1398 1165 0 36 -12 -24
1398 1165 0 39 -13 -26
1398 1165 0 42 -14 -28
1398 1165 0 45 -15 -30
1398 1165 0 48 -16 -32
1398 1165 0 51 -17 -34
1398 1165 0 54 -18 -36
1398 1165 0 57 -19 -38
1398 1165 0 60 -20 -40
1398 1165 0 63 -21 -42
1398 1165 0 66 -22 -44
1398 1165 0 69 -23 -46
1398 1165 0 72 -24 -48
1398 1165 0 75 -25 -50
1398 1165 0 78 -26 -52
1398 1165 0 81 -27 -54
1398 1165 0 84 -28 -56
1398 1165 0 87 -29 -58
1398 1165 0 90 -30 -60
1398 1165 0 93 -31 -62
1398 1165 0 96 -32 -64
1398 1165 0 99 -33 -66
1398 1165 0 102 -34 -68
1398 1165 0 105 -35 -70
1398 1165 0 108 -36 -72
1398 1165 0 111 -37 -74
1398 1165 0 114 -38 -76
1398 1165 0 117 -39 -78
1398 1165 0 120 -40 -80
1398 1165 0 123 -41 -82
1398 1165 0 126 -42 -84
1398 1165 0 129 -43 -86
1398 1165 0 132 -44 -88
1398 1165 0 135 -45 -90
1398 1165 0 138 -46 -92
1398 1165 0 141 -47 -94
1398 1165 0 144 -48 -96
1398 1165 0 147 -49 -98
1398 1165 0 150 -50 -100
1404 1170 0 -150 50 100
1404 1170 0 -147 49 98
1404 1170 0 -144 48 96
1404 1170 0 -141 47 94
1404 1170 0 -138 46 92
1404 1170 0 -135 45 90
1404 1170 0 -132 44 88
1404 1170 0 -129 43 86
1404 1170 0 -126 42 84
1404 1170 0 -123 41 82
1404 1170 0 -120 40 80
1404 1170 0 -117 39 78
1404 1170 0 -114 38 76
1404 1170 0 -111 37 74
1404 1170 0 -108 36 72
1404 1170 0 -105 35 70
1404 1170 0 -102 34 68
1404 1170 0 -99 33 66
1404 1170 0 -96 32 64
1404 1170 0 -93 31 62
1404 1170 0 -90 30 60
1404 1170 0 -87 29 58
1404 1170 0 -84 28 56
1404 1170 0 -81 27 54
1404 1170 0 -78 26 52
1404 1170 0 -75 25 50
1404 1170 0 -72 24 48
1404 1170 0 -69 23 46
1404 1170 0 -66 22 44
1404 1170 0 -63 21 42
1404 1170 0 -60 20 40
1404 1170 0 -57 19 38
1404 1170 0 -54 18 36
1404 1170 0 -51 17 34
1404 1170 0 -48 16 32
1404 1170 0 -45 15 30
1404 1170 0 -42 14 28
1404 1170 0 -39 13 26
1404 1170 0 -36 12 24
1404 1170 0 -33 11 22
1404 1170 0 -30 10 20
1404 1170 0 -27 9 18
1404 1170 0 -24 8 16
1404 1170 0 -21 7 14
1404 1170 0 -18 6 12
1404 1170 0 -15 5 10
1404 1170 0 -12 4 8
1404 1170 0 -9 3 6
1404 1170 0 -6 2 4
1404 1170 0 -3 1 2
1404 1170 0 3 -1 -2
1404 1170 0 6 -2 -4
1404 1170 0 9 -3 -6
1404 1170 0 12 -4 -8
1404 1170 0 15 -5 -10
1404 1170 0 18 -6 -12
1404 1170 0 21 -7 -14
1404 1170 0 24 -8 -16
1404 1170 0 27 -9 -18
1404 1170 0 30 -10 -20
1404 1170 0 33 -11 -22
1404 1170 0 36 -12 -24
1404 1170 0 39 -13 -26
1404 1170 0 42 -14 -28
1404 1170 0 45 -15 -30
1404 1170 0 48 -16 -32
1404 1170 0 51 -17 -34
1404 1170 0 54 -18 -36
1404 1170 0 57 -19 -38
1404 1170 0 60 -20 -40
1404 1170 0 63 -21 -42
1404 1170 0 66 -22 -44
1404 1170 0 69 -23 -46
1404 1170 0 72 -24 -48
1404 1170 0 75 -25 -50
1404 1170 0 78 -26 -52
1404 1170 0 81 -27 -54
1404 1170 0 84 -28 -56
1404 1170 0 87 -29 -58
1404 1170 0 90 -30 -60
1404 1170 0 93 -31 -62
1404 1170 0 96 -32 -64
1404 1170 0 99 -33 -66
1404 1170 0 102 -34 -68
1404 1170 0 105 -35 -70
1404 1170 0 108 -36 -72
1404 1170 0 111 -37 -74
1404 1170 0 114 -38 -76
1404 1170 0 117 -39 -78
1404 1170 0 120 -40 -80
1404 1170 0 123 -41 -82
1404 1170 0 126 -42 -84
1404 1170 0 129 -43 -86
1404 1170 0 132 -44 -88
1404 1170 0 135 -45 -90
1404 1170 0 138 -46 -92
1404 1170 0 141 -47 -94
1404 1170 0 144 -48 -96
1404 1170 0 147 -49 -98
1404 1170 0 150 -50 -100
1410 1175 0 -150 50 100
1410 1175 0 -147 49 98
1410 1175 0 -144 48 96
1410 1175 0 -141 47 94
1410 1175 0 -138 46 92
1410 1175 0 -135 45 90
1410 1175 0 -132 44 88
1410 1175 0 -129 43 86
1410 1175 0 -126 42 84
1410 1175 0 -123 41 82
1410 1175 0 -120 40 80
1410 1175 0 -117 39 78
1410 1175 0 -114 38 76
1410 1175 0 -111 37 74
1410 1175 0 -108 36 72
1410 1175 0 -105 35 70
1410 1175 0 -102 34 68
1410 1175 0 -99 33 66
1410 1175 0 -96 32 64
1410 1175 0 -93 31 62
1410 1175 0 -90 30 60
1410 1175 0 -87 29 58
1410 1175 0 -84 28 56
1410 1175 0 -81 27 54
1410 1175 0 -78 26 52
1410 1175 0 -75 25 50
1410 1175 0 -72 24 48
1410 1175 0 -69 23 46
1410 1175 0 -66 22 44
1410 1175 0 -63 21 42
1410 1175 0 -60 20 40
1410 1175 0 -57 19 38
1410 1175 0 -54 18 36
1410 1175 0 -51 17 34
1410 1175 0 -48 16 32
1410 1175 0 -45 15 30
1410 1175 0 -42 14 28
1410 1175 0 -39 13 26
1410 1175 0 -36 12 24
1410 1175 0 -33 11 22
1410 1175 0 -30 10 20
1410 1175 0 -27 9 18
1410 1175 0 -24 8 16
1410 1175 0 -21 7 14
1410 1175 0 -18 6 12
1410 1175 0 -15 5 10
1410 1175 0 -12 4 8
1410 1175 0 -9 3 6
1410 1175 0 -6 2 4
1410 1175 0 -3 1 2
1410 1175 0 3 -1 -2
1410 1175 0 6 -2 -4
1410 1175 0 9 -3 -6
1410 1175 0 12 -4 -8
1410 1175 0 15 -5 -10
1410 1175 0 18 -6 -12
1410 1175 0 21 -7 -14
1410 1175 0 24 -8 -16
1410 1175 0 27 -9 -18
1410 1175 0 30 -10 -20
1410 1175 0 33 -11 -22
1410 1175 0 36 -12 -24
1410 1175 0 39 -13 -26
1410 1175 0 42 -14 -28
1410 1175 0 45 -15 -30
1410 1175 0 48 -16 -32
1410 1175 0 51 -17 -34
1410 1175 0 54 -18 -36
1410 1175 0 57 -19 -38
1410 1175 0 60 -20 -40
1410 1175 0 63 -21 -42
1410 1175 0 66 -22 -44
1410 1175 0 69 -23 -46
1410 1175 0 72 -24 -48
1410 1175 0 75 -25 -50
1410 1175 0 78 -26 -52
1410 1175 0 81 -27 -54
1410 1175 0 84 -28 -56
1410 1175 0 87 -29 -58
1410 1175 0 90 -30 -60
1410 1175 0 93 -31 -62
1410 1175 0 96 -32 -64
1410 1175 0 99 -33 -66
1410 1175 0 102 -34 -68
1410 1175 0 105 -35 -70
1410 1175 0 108 -36 -72
1410 1175 0 111 -37 -74
1410 1175 0 114 -38 -76
1410 1175 0 117 -39 -78
1410 1175 0 120 -40 -80
1410 1175 0 123 -41 -82
1410 1175 0 126 -42 -84
1410 1175 0 129 -43 -86
1410 1175 0 132 -44 -88
1410 1175 0 135 -45 -90
1410 1175 0 138 -46 -92
1410 1175 0 141 -47 -94
1410 1175 0 144 -48 -96
1410 1175 0 147 -49 -98
1410 1175 0 150 -50 -100
1416 1180 0 -150 50 100
1416 1180 0 -147 49 98
1416 1180 0 -144 48 96
1416 1180 0 -141 47 94
1416 1180 0 -138 46 92
1416 1180 0 -135 45 90
1416 1180 0 -132 44 88
1416 1180 0 -129 43 86
1416 1180 0 -126 42 84
1416 1180 0 -123 41 82
1416 1180 0 -120 40 80
1416 1180 0 -117 39 78
1416 1180 0 -114 38 76
1416 1180 0 -111 37 74
1416 1180 0 -108 36 72
1416 1180 0 -105 35 70
1416 1180 0 -102 34 68
1416 1180 0 -99 33 66
1416 1180 0 -96 32 64
1416 1180 0 -93 31 62
1416 1180 0 -90 30 60
1416 1180 0 -87 29 58
1416 1180 0 -84 28 56
1416 1180 0 -81 27 54
1416 1180 0 -78 26 52
1416 1180 0 -75 25 50
1416 1180 0 -72 24 48
1416 1180 0 -69 23 46
1416 1180 0 -66 22 44
1416 1180 0 -63 21 42
1416 1180 0 -60 20 40
1416 1180 0 -57 19 38
1416 1180 0 -54 18 36
1416 1180 0 -51 17 34
1416 1180 0 -48 16 32
1416 1180 0 -45 15 30
1416 1180 0 -42 14 28
1416 1180 0 -39 13 26
1416 1180 0 -36 12 24
1416 1180 0 -33 11 22
1416 1180 0 -30 10 20
1416 1180 0 -27 9 18
1416 1180 0 -24 8 16
1416 1180 0 -21 7 14
1416 1180 0 -18 6 12
1416 1180 0 -15 5 10
1416 1180 0 -12 4 8
1416 1180 0 -9 3 6
1416 1180 0 -6 2 4
1416 1180 0 -3 1 2
1416 1180 0 3 -1 -2
1416 1180 0 6 -2 -4
1416 1180 0 9 -3 -6
1416 1180 0 12 -4 -8
1416 1180 0 15 -5 -10
1416 1180 0 18 -6 -12
1416 1180 0 21 -7 -14
1416 1180 0 24 -8 -16
1416 1180 0 27 -9 -18
1416 1180 0 30 -10 -20
1416 1180 0 33 -11 -22
1416 1180 0 36 -12 -24
1416 1180 0 39 -13 -26
1416 1180 0 42 -14 -28
1416 1180 0 45 -15 -30
1416 1180 0 48 -16 -32
1416 1180 0 51 -17 -34
1416 1180 0 54 -18 -36
1416 1180 0 57 -19 -38
1416 1180 0 60 -20 -40
1416 1180 0 63 -21 -42
1416 1180 0 66 -22 -44
1416 1180 0 69 -23 -46
1416 1180 0 72 -24 -48
1416 1180 0 75 -25 -50
1416 1180 0 78 -26 -52
1416 1180 0 81 -27 -54
1416 1180 0 84 -28 -56
1416 1180 0 87 -29 -58
1416 1180 0 90 -30 -60
1416 1180 0 93 -31 -62
1416 1180 0 96 -32 -64
1416 1180 0 99 -33 -66
1416 1180 0 102 -34 -68
1416 1180 0 105 -35 -70
1416 1180 0 108 -36 -72
1416 1180 0 111 -37 -74
1416 1180 0 114 -38 -76
1416 1180 0 117 -39 -78
1416 1180 0 120 -40 -80
1416 1180 0 123 -41 -82
1416 1180 0 126 -42 -84
1416 1180 0 129 -43 -86
1416 1180 0 132 -44 -88
1416 1180 0 135 -45 -90
1416 1180 0 138 -46 -92
1416 1180 0 141 -47 -94
1416 1180 0 144 -48 -96
1416 1180 0 147 -49 -98
1416 1180 0 150 -50 -100
1422 1185 0 -150 50 100
1422 1185 0 -147 49 98
1422 1185 0 -144 48 96
1422 1185 0 -141 47 94
1422 1185 0 -138 46 92
1422 1185 0 -135 45 90
1422 1185 0 -132 44 88
1422 1185 0 -129 43 86
1422 1185 0 -126 42 84
1422 1185 0 -123 41 82
1422 1185 0 -120 40 80
1422 1185 0 -117 39 78
1422 1185 0 -114 38 76
1422 1185 0 -111 37 74
1422 1185 0 -108 36 72
1422 1185 0 -105 35 70
1422 1185 0 -102 34 68
1422 1185 0 -99 33 66
1422 1185 0 -96 32 64
1422 1185 0 -93 31 62
1422 1185 0 -90 30 60
1422 1185 0 -87 29 58
1422 1185 0 -84 28 56
1422 1185 0 -81 27 54
1422 1185 0 -78 26 52
1422 1185 0 -75 25 50
1422 1185 0 -72 24 48
1422 1185 0 -69 23 46
1422 1185 0 -66 22 44
1422 1185 0 -63 21 42
1422 1185 0 -60 20 40
1422 1185 0 -57 19 38
1422 1185 0 -54 18 36
1422 1185 0 -51 17 34
1422 1185 0 -48 16 32
1422 1185 0 -45 15 30
1422 1185 0 -42 14 28
1422 1185 0 -39 13 26
1422 1185 0 -36 12 24
1422 1185 0 -33 11 22
1422 1185 0 -30 10 20
1422 1185 0 -27 9 18
1422 1185 0 -24 8 16
1422 1185 0 -21 7 14
1422 1185 0 -18 6 12
1422 1185 0 -15 5 10
1422 1185 0 -12 4 8
1422 1185 0 -9 3 6
1422 1185 0 -6 2 4
1422 1185 0 -3 1 2
1422 1185 0 3 -1 -2
1422 1185 0 6 -2 -4
1422 1185 0 9 -3 -6
1422 1185 0 12 -4 -8
1422 1185 0 15 -5 -10
1422 1185 0 18 -6 -12
1422 1185 0 21 -7 -14
1422 1185 0 24 -8 -16
1422 1185 0 27 -9 -18
1422 1185 0 30 -10 -20
1422 1185 0 33 -11 -22
1422 1185 0 36 -12 -24
1422 1185 0 39 -13 -26
1422 1185 0 42 -14 -28
1422 1185 0 45 -15 -30
1422 1185 0 48 -16 -32
1422 1185 0 51 -17 -34
1422 1185 0 54 -18 -36
1422 1185 0 57 -19 -38
1422 1185 0 60 -20 -40
1422 1185 0 63 -21 -42
1422 1185 0 66 -22 -44
1422 1185 0 69 -23 -46
1422 1185 0 72 -24 -48
1422 1185 0 75 -25 -50
1422 1185 0 78 -26 -52
1422 1185 0 81 -27 -54
1422 1185 0 84 -28 -56
1422 1185 0 87 -29 -58
1422 1185 0 90 -30 -60
1422 1185 0 93 -31 -62
1422 1185 0 96 -32 -64
1422 1185 0 99 -33 -66
1422 1185 0 102 -34 -68
1422 1185 0 105 -35 -70
1422 1185 0 108 -36 -72
1422 1185 0 111 -37 -74
1422 1185 0 114 -38 -76
1422 1185 0 117 -39 -78
1422 1185 0 120 -40 -80
1422 1185 0 123 -41 -82
1422 1185 0 126 -42 -84
1422 1185 0 129 -43 -86
1422 1185 0 132 -44 -88
1422 1185 0 135 -45 -90
1422 1185 0 138 -46 -92
1422 1185 0 141 -47 -94
1422 1185 0 144 -48 -96
1422 1185 0 147 -49 -98
1422 1185 0 150 -50 -100
1428 1190 0 -150 50 100
1428 1190 0 -147 49 98
1428 1190 0 -144 48 96
1428 1190 0 -141 47 94
1428 1190 0 -138 46 92
1428 1190 0 -135 45 90
1428 1190 0 -132 44 88
1428 1190 0 -129 43 86
1428 1190 0 -126 42 84
1428 1190 0 -123 41 82
1428 1190 0 -120 40 80
1428 1190 0 -117 39 78
1428 1190 0 -114 38 76
1428 1190 0 -111 37 74
1428 1190 0 -108 36 72
1428 1190 0 -105 35 70
1428 1190 0 -102 34 68
1428 1190 0 -99 33 66
1428 1190 0 -96 32 64
1428 1190 0 -93 31 62
1428 1190 0 -90 30 60
1428 1190 0 -87 29 58
1428 1190 0 -84 28 56
1428 1190 0 -81 27 54
1428 1190 0 -78 26 52
1428 1190 0 -75 25 50
1428 1190 0 -72 24 48
1428 1190 0 -69 23 46
1428 1190 0 -66 22 44
1428 1190 0 -63 21 42
1428 1190 0 -60 20 40
1428 1190 0 -57 19 38
1428 1190 0 -54 18 36
1428 1190 0 -51 17 34
1428 1190 0 -48 16 32
1428 1190 0 -45 15 30
1428 1190 0 -42 14 28
1428 1190 0 -39 13 26
1428 1190 0 -36 12 24
1428 1190 0 -33 11 22
1428 1190 0 -30 10 20
1428 1190 0 -27 9 18
1428 1190 0 -24 8 16
1428 1190 0 -21 7 14
1428 1190 0 -18 6 12
1428 1190 0 -15 5 10
1428 1190 0 -12 4 8
1428 1190 0 -9 3 6
1428 1190 0 -6 2 4
1428 1190 0 -3 1 2
1428 1190 0 3 -1 -2
1428 1190 0 6 -2 -4
1428 1190 0 9 -3 -6
1428 1190 0 12 -4 -8
1428 1190 0 15 -5 -10
1428 1190 0 18 -6 -12
1428 1190 0 21 -7 -14
1428 1190 0 24 -8 -16
1428 1190 0 27 -9 -18
1428 1190 0 30 -10 -20
1428 1190 0 33 -11 -22
1428 1190 0 36 -12 -24
1428 1190 0 39 -13 -26
1428 1190 0 42 -14 -28
1428 1190 0 45 -15 -30
1428 1190 0 48 -16 -32
1428 1190 0 51 -17 -34
1428 1190 0 54 -18 -36
1428 1190 0 57 -19 -38
1428 1190 0 60 -20 -40
1428 1190 0 63 -21 -42
1428 1190 0 66 -22 -44
1428 1190 0 69 -23 -46
1428 1190 0 72 -24 -48
1428 1190 0 75 -25 -50
1428 1190 0 78 -26 -52
1428 1190 0 81 -27 -54
1428 1190 0 84 -28 -56
1428 1190 0 87 -29 -58
1428 1190 0 90 -30 -60
1428 1190 0 93 -31 -62
1428 1190 0 96 -32 -64
1428 1190 0 99 -33 -66
1428 1190 0 102 -34 -68
1428 1190 0 105 -35 -70
1428 1190 0 108 -36 -72
1428 1190 0 111 -37 -74
1428 1190 0 114 -38 -76
1428 1190 0 117 -39 -78
1428 1190 0 120 -40 -80
1428 1190 0 123 -41 -82
1428 1190 0 126 -42 -84
1428 1190 0 129 -43 -86
1428 1190 0 132 -44 -88
1428 1190 0 135 -45 -90
1428 1190 0 138 -46 -92
1428 1190 0 141 -47 -94
1428 1190 0 144 -48 -96
1428 1190 0 147 -49 -98
1428 1190 0 150 -50 -100
1434 1195 0 -150 50 100
1434 1195 0 -147 49 98
1434 1195 0 -144 48 96
1434 1195 0 -141 47 94
1434 1195 0 -138 46 92
1434 1195 0 -135 45 90
1434 1195 0 -132 44 88
1434 1195 0 -129 43 86
1434 1195 0 -126 42 84
1434 1195 0 -123 41 82
1434 1195 0 -120 40 80
1434 1195 0 -117 39 78
1434 1195 0 -114 38 76
1434 1195 0 -111 37 74
1434 1195 0 -108 36 72
1434 1195 0 -105 35 70
1434 1195 0 -102 34 68
1434 1195 0 -99 33 66
1434 1195 0 -96 32 64
1434 1195 0 -93 31 62
1434 1195 0 -90 30 60
1434 1195 0 -87 29 58
1434 1195 0 -84 28 56
1434 1195 0 -81 27 54
1434 1195 0 -78 26 52
1434 1195 0 -75 25 50
1434 1195 0 -72 24 48
1434 1195 0 -69 23 46
1434 1195 0 -66 22 44
1434 1195 0 -63 21 42
1434 1195 0 -60 20 40
1434 1195 0 -57 19 38
1434 1195 0 -54 18 36
1434 1195 0 -51 17 34
1434 1195 0 -48 16 32
1434 1195 0 -45 15 30
1434 1195 0 -42 14 28
1434 1195 0 -39 13 26
1434 1195 0 -36 12 24
1434 1195 0 -33 11 22
1434 1195 0 -30 10 20
1434 1195 0 -27 9 18
1434 1195 0 -24 8 16
1434 1195 0 -21 7 14
1434 1195 0 -18 6 12
1434 1195 0 -15 5 10
1434 1195 0 -12 4 8
1434 1195 0 -9 3 6
1434 1195 0 -6 2 4
1434 1195 0 -3 1 2
1434 1195 0 3 -1 -2
1434 1195 0 6 -2 -4
1434 1195 0 9 -3 -6
1434 1195 0 12 -4 -8
1434 1195 0 15 -5 -10
1434 1195 0 18 -6 -12
1434 1195 0 21 -7 -14
1434 1195 0 24 -8 -16
1434 1195 0 27 -9 -18
1434 1195 0 30 -10 -20
1434 1195 0 33 -11 -22
1434 1195 0 36 -12 -24
1434 1195 0 39 -13 -26
1434 1195 0 42 -14 -28
1434 1195 0 45 -15 -30
1434 1195 0 48 -16 -32
1434 1195 0 51 -17 -34
1434 1195 0 54 -18 -36
1434 1195 0 57 -19 -38
1434 1195 0 60 -20 -40
1434 1195 0 63 -21 -42
1434 1195 0 66 -22 -44
1434 1195 0 69 -23 -46
1434 1195 0 72 -24 -48
1434 1195 0 75 -25 -50
1434 1195 0 78 -26 -52
1434 1195 0 81 -27 -54
1434 1195 0 84 -28 -56
1434 1195 0 87 -29 -58
1434 1195 0 90 -30 -60
1434 1195 0 93 -31 -62
1434 1195 0 96 -32 -64
1434 1195 0 99 -33 -66
1434 1195 0 102 -34 -68
1434 1195 0 105 -35 -70
1434 1195 0 108 -36 -72
1434 1195 0 111 -37 -74
1434 1195 0 114 -38 -76
1434 1195 0 117 -39 -78
1434 1195 0 120 -40 -80
1434 1195 0 123 -41 -82
1434 1195 0 126 -42 -84
1434 1195 0 129 -43 -86
1434 1195 0 132 -44 -88
1434 1195 0 135 -45 -90
1434 1195 0 138 -46 -92
1434 1195 0 141 -47 -94
1434 1195 0 144 -48 -96
1434 1195 0 147 -49 -98
1434 1195 0 150 -50 -100
1440 1200 0 -150 50 100
1440 1200 0 -147 49 98
1440 1200 0 -144 48 96
1440 1200 0 -141 47 94
1440 1200 0 -138 46 92
1440 1200 0 -135 45 90
1440 1200 0 -132 44 88
1440 1200 0 -129 43 86
1440 1200 0 -126 42 84
1440 1200 0 -123 41 82
1440 1200 0 -120 40 80
1440 1200 0 -117 39 78
1440 1200 0 -114 38 76
1440 1200 0 -111 37 74
1440 1200 0 -108 36 72
1440 1200 0 -105 35 70
1440 1200 0 -102 34 68
1440 1200 0 -99 33 66
1440 1200 0 -96 32 64
1440 1200 0 -93 31 62
1440 1200 0 -90 30 60
1440 1200 0 -87 29 58
1440 1200 0 -84 28 56
1440 1200 0 -81 27 54
1440 1200 0 -78 26 52
1440 1200 0 -75 25 50
1440 1200 0 -72 24 48
1440 1200 0 -69 23 46
1440 1200 0 -66 22 44
1440 1200 0 -63 21 42
1440 1200 0 -60 20 40
1440 1200 0 -57 19 38
1440 1200 0 -54 18 36
1440 1200 0 -51 17 34
1440 1200 0 -48 16 32
1440 1200 0 -45 15 30
1440 1200 0 -42 14 28
1440 1200 0 -39 13 26
1440 1200 0 -36 12 24
1440 1200 0 -33 11 22
1440 1200 0 -30 10 20
1440 1200 0 -27 9 18
1440 1200 0 -24 8 16
1440 1200 0 -21 7 14
1440 1200 0 -18 6 12
1440 1200 0 -15 5 10
1440 1200 0 -12 4 8
1440 1200 0 -9 3 6
1440 1200 0 -6 2 4
1440 1200 0 -3 1 2
1440 1200 0 3 -1 -2
1440 1200 0 6 -2 -4
1440 1200 0 9 -3 -6
1440 1200 0 12 -4 -8
1440 1200 0 15 -5 -10
1440 1200 0 18 -6 -12
1440 1200 0 21 -7 -14
1440 1200 0 24 -8 -16
1440 1200 0 27 -9 -18
1440 1200 0 30 -10 -20
1440 1200 0 33 -11 -22
1440 1200 0 36 -12 -24
1440 1200 0 39 -13 -26
1440 1200 0 42 -14 -28
1440 1200 0 45 -15 -30
1440 1200 0 48 -16 -32
1440 1200 0 51 -17 -34
1440 1200 0 54 -18 -36
1440 1200 0 57 -19 -38
1440 1200 0 60 -20 -40
1440 1200 0 63 -21 -42
1440 1200 0 66 -22 -44
1440 1200 0 69 -23 -46
1440 1200 0 72 -24 -48
1440 1200 0 75 -25 -50
1440 1200 0 78 -26 -52
1440 1200 0 81 -27 -54
1440 1200 0 84 -28 -56
1440 1200 0 87 -29 -58
1440 1200 0 90 -30 -60
1440 1200 0 93 -31 -62
1440 1200 0 96 -32 -64
1440 1200 0 99 -33 -66
1440 1200 0 102 -34 -68
1440 1200 0 105 -35 -70
1440 1200 0 108 -36 -72
1440 1200 0 111 -37 -74
1440 1200 0 114 -38 -76
1440 1200 0 117 -39 -78
1440 1200 0 120 -40 -80
1440 1200 0 123 -41 -82
1440 1200 0 126 -42 -84
1440 1200 0 129 -43 -86
1440 1200 0 132 -44 -88
1440 1200 0 135 -45 -90
1440 1200 0 138 -46 -92
1440 1200 0 141 -47 -94
1440 1200 0 144 -48 -96
1440 1200 0 147 -49 -98
1440 1200 0 150 -50 -100
1446 1205 0 -150 50 100
1446 1205 0 -147 49 98
1446 1205 0 -144 48 96
1446 1205 0 -141 47 94
1446 1205 0 -138 46 92
1446 1205 0 -135 45 90
1446 1205 0 -132 44 88
1446 1205 0 -129 43 86
1446 1205 0 -126 42 84
1446 1205 0 -123 41 82
1446 1205 0 -120 40 80
1446 1205 0 -117 39 78
1446 1205 0 -114 38 76
1446 1205 0 -111 37 74
1446 1205 0 -108 36 72
1446 1205 0 -105 35 70
1446 1205 0 -102 34 68
1446 1205 0 -99 33 66
1446 1205 0 -96 32 64
1446 1205 0 -93 31 62
1446 1205 0 -90 30 60
1446 1205 0 -87 29 58
1446 1205 0 -84 28 56
1446 1205 0 -81 27 54
1446 1205 0 -78 26 52
1446 1205 0 -75 25 50
1446 1205 0 -72 24 48
1446 1205 0 -69 23 46
1446 1205 0 -66 22 44
1446 1205 0 -63 21 42
1446 1205 0 -60 20 40
1446 1205 0 -57 19 38
1446 1205 0 -54 18 36
1446 1205 0 -51 17 34
1446 1205 0 -48 16 32
1446 1205 0 -45 15 30
1446 1205 0 -42 14 28
1446 1205 0 -39 13 26
1446 1205 0 -36 12 24
1446 1205 0 -33 11 22
1446 1205 0 -30 10 20
1446 1205 0 -27 9 18
1446 1205 0 -24 8 16
1446 1205 0 -21 7 14
1446 1205 0 -18 6 12
1446 1205 0 -15 5 10
1446 1205 0 -12 4 8
1446 1205 0 -9 3 6
1446 1205 0 -6 2 4
1446 1205 0 -3 1 2
1446 1205 0 3 -1 -2
1446 1205 0 6 -2 -4
1446 1205 0 9 -3 -6
1446 1205 0 12 -4 -8
1446 1205 0 15 -5 -10
1446 1205 0 18 -6 -12
1446 1205 0 21 -7 -14
1446 1205 0 24 -8 -16
1446 1205 0 27 -9 -18
1446 1205 0 30 -10 -20
1446 1205 0 33 -11 -22
1446 1205 0 36 -12 -24
1446 1205 0 39 -13 -26
1446 1205 0 42 -14 -28
1446 1205 0 45 -15 -30
1446 1205 0 48 -16 -32
1446 1205 0 51 -17 -34
1446 1205 0 54 -18 -36
1446 1205 0 57 -19 -38
1446 1205 0 60 -20 -40
1446 1205 0 63 -21 -42
1446 1205 0 66 -22 -44
1446 1205 0 69 -23 -46
1446 1205 0 72 -24 -48
1446 1205 0 75 -25 -50
1446 1205 0 78 -26 -52
1446 1205 0 81 -27 -54
1446 1205 0 84 -28 -56
1446 1205 0 87 -29 -58
1446 1205 0 90 -30 -60
1446 1205 0 93 -31 -62
1446 1205 0 96 -32 -64
1446 1205 0 99 -33 -66
1446 1205 0 102 -34 -68
1446 1205 0 105 -35 -70
1446 1205 0 108 -36 -72
1446 1205 0 111 -37 -74
1446 1205 0 114 -38 -76
1446 1205 0 117 -39 -78
1446 1205 0 120 -40 -80
1446 1205 0 123 -41 -82
1446 1205 0 126 -42 -84
1446 1205 0 129 -43 -86
1446 1205 0 132 -44 -88
1446 1205 0 135 -45 -90
1446 1205 0 138 -46 -92
1446 1205 0 141 -47 -94
1446 1205 0 144 -48 -96
1446 1205 0 147 -49 -98
1446 1205 0 150 -50 -100
1452 1210 0 -150 50 100
1452 1210 0 -147 49 98
1452 1210 0 -144 48 96
1452 1210 0 -141 47 94
1452 1210 0 -138 46 92
1452 1210 0 -135 45 90
1452 1210 0 -132 44 88
1452 1210 0 -129 43 86
1452 1210 0 -126 42 84
1452 1210 0 -123 41 82
1452 1210 0 -120 40 80
1452 1210 0 -117 39 78
1452 1210 0 -114 38 76
1452 1210 0 -111 37 74
1452 1210 0 -108 36 72
1452 1210 0 -105 35 70
1452 1210 0 -102 34 68
1452 1210 0 -99 33 66
1452 1210 0 -96 32 64
1452 1210 0 -93 31 62
1452 1210 0 -90 30 60
1452 1210 0 -87 29 58
1452 1210 0 -84 28 56
1452 1210 0 -81 27 54
1452 1210 0 -78 26 52
1452 1210 0 -75 25 50
1452 1210 0 -72 24 48
1452 1210 0 -69 23 46
1452 1210 0 -66 22 44
1452 1210 0 -63 21 42
1452 1210 0 -60 20 40
1452 1210 0 -57 19 38
1452 1210 0 -54 18 36
1452 1210 0 -51 17 34
1452 1210 0 -48 16 32
1452 1210 0 -45 15 30
1452 1210 0 -42 14 28
1452 1210 0 -39 13 26
1452 1210 0 -36 12 24
1452 1210 0 -33 11 22
1452 1210 0 -30 10 20
1452 1210 0 -27 9 18
1452 1210 0 -24 8 16
1452 1210 0 -21 7 14
1452 1210 0 -18 6 12
1452 1210 0 -15 5 10
1452 1210 0 -12 4 8
1452 1210 0 -9 3 6
1452 1210 0 -6 2 4
1452 1210 0 -3 1 2
1452 1210 0 3 -1 -2
1452 1210 0 6 -2 -4
1452 1210 0 9 -3 -6
1452 1210 0 12 -4 -8
1452 1210 0 15 -5 -10
1452 1210 0 18 -6 -12
1452 1210 0 21 -7 -14
1452 1210 0 24 -8 -16
1452 1210 0 27 -9 -18
1452 1210 0 30 -10 -20
1452 1210 0 33 -11 -22
1452 1210 0 36 -12 -24
1452 1210 0 39 -13 -26
1452 1210 0 42 -14 -28
1452 1210 0 45 -15 -30
1452 1210 0 48 -16 -32
1452 1210 0 51 -17 -34
1452 1210 0 54 -18 -36
1452 1210 0 57 -19 -38
1452 1210 0 60 -20 -40
1452 1210 0 63 -21 -42
1452 1210 0 66 -22 -44
1452 1210 0 69 -23 -46
1452 1210 0 72 -24 -48
1452 1210 0 75 -25 -50
1452 1210 0 78 -26 -52
1452 1210 0 81 -27 -54
1452 1210 0 84 -28 -56
1452 1210 0 87 -29 -58
1452 1210 0 90 -30 -60
1452 1210 0 93 -31 -62
1452 1210 0 96 -32 -64
1452 1210 0 99 -33 -66
1452 1210 0 102 -34 -68
1452 1210 0 105 -35 -70
1452 1210 0 108 -36 -72
1452 1210 0 111 -37 -74
1452 1210 0 114 -38 -76
1452 1210 0 117 -39 -78
1452 1210 0 120 -40 -80
1452 1210 0 123 -41 -82
1452 1210 0 126 -42 -84
1452 1210 0 129 -43 -86
1452 1210 0 132 -44 -88
1452 1210 0 135 -45 -90
1452 1210 0 138 -46 -92
1452 1210 0 141 -47 -94
1452 1210 0 144 -48 -96
1452 1210 0 147 -49 -98
1452 1210 0 150 -50 -100
1458 1215 0 -150 50 100
1458 1215 0 -147 49 98
1458 1215 0 -144 48 96
1458 1215 0 -141 47 94
1458 1215 0 -138 46 92
1458 1215 0 -135 45 90
1458 1215 0 -132 44 88
1458 1215 0 -129 43 86
1458 1215 0 -126 42 84
1458 1215 0 -123 41 82
1458 1215 0 -120 40 80
1458 1215 0 -117 39 78
1458 1215 0 -114 38 76
1458 1215 0 -111 37 74
1458 1215 0 -108 36 72
1458 1215 0 -105 35 70
1458 1215 0 -102 34 68
1458 1215 0 -99 33 66
1458 1215 0 -96 32 64
1458 1215 0 -93 31 62
1458 1215 0 -90 30 60
1458 1215 0 -87 29 58
1458 1215 0 -84 28 56
1458 1215 0 -81 27 54
1458 1215 0 -78 26 52
1458 1215 0 -75 25 50
1458 1215 0 -72 24 48
1458 1215 0 -69 23 46
1458 1215 0 -66 22 44
1458 1215 0 -63 21 42
1458 1215 0 -60 20 40
1458 1215 0 -57 19 38
1458 1215 0 -54 18 36
1458 1215 0 -51 17 34
1458 1215 0 -48 16 32
1458 1215 0 -45 15 30
1458 1215 0 -42 14 28
1458 1215 0 -39 13 26
1458 1215 0 -36 12 24
1458 1215 0 -33 11 22
1458 1215 0 -30 10 20
1458 1215 0 -27 9 18
1458 1215 0 -24 8 16
1458 1215 0 -21 7 14
1458 1215 0 -18 6 12
1458 1215 0 -15 5 10
1458 1215 0 -12 4 8
1458 1215 0 -9 3 6
1458 1215 0 -6 2 4
1458 1215 0 -3 1 2
1458 1215 0 3 -1 -2
1458 1215 0 6 -2 -4
1458 1215 0 9 -3 -6
1458 1215 0 12 -4 -8
1458 1215 0 15 -5 -10
1458 1215 0 18 -6 -12
1458 1215 0 21 -7 -14
1458 1215 0 24 -8 -16
1458 1215 0 27 -9 -18
1458 1215 0 30 -10 -20
1458 1215 0 33 -11 -22
1458 1215 0 36 -12 -24
1458 1215 0 39 -13 -26
1458 1215 0 42 -14 -28
1458 1215 0 45 -15 -30
1458 1215 0 48 -16 -32
1458 1215 0 51 -17 -34
1458 1215 0 54 -18 -36
1458 1215 0 57 -19 -38
1458 1215 0 60 -20 -40
1458 1215 0 63 -21 -42
1458 1215 0 66 -22 -44
1458 1215 0 69 -23 -46
1458 1215 0 72 -24 -48
1458 1215 0 75 -25 -50
1458 1215 0 78 -26 -52
1458 1215 0 81 -27 -54
1458 1215 0 84 -28 -56
1458 1215 0 87 -29 -58
1458 1215 0 90 -30 -60
1458 1215 0 93 -31 -62
1458 1215 0 96 -32 -64
1458 1215 0 99 -33 -66
1458 1215 0 102 -34 -68
1458 1215 0 105 -35 -70
1458 1215 0 108 -36 -72
1458 1215 0 111 -37 -74
1458 1215 0 114 -38 -76
1458 1215 0 117 -39 -78
1458 1215 0 120 -40 -80
1458 1215 0 123 -41 -82
1458 1215 0 126 -42 -84
1458 1215 0 129 -43 -86
1458 1215 0 132 -44 -88
1458 1215 0 135 -45 -90
1458 1215 0 138 -46 -92
1458 1215 0 141 -47 -94
1458 1215 0 144 -48 -96
1458 1215 0 147 -49 -98
1458 1215 0 150 -50 -100
1464 1220 0 -150 50 100
1464 1220 0 -147 49 98
1464 1220 0 -144 48 96
1464 1220 0 -141 47 94
1464 1220 0 -138 46 92
1464 1220 0 -135 45 90
1464 1220 0 -132 44 88
1464 1220 0 -129 43 86
1464 1220 0 -126 42 84
1464 1220 0 -123 41 82
1464 1220 0 -120 40 80
1464 1220 0 -117 39 78
1464 1220 0 -114 38 76
1464 1220 0 -111 37 74
1464 1220 0 -108 36 72
1464 1220 0 -105 35 70
1464 1220 0 -102 34 68
1464 1220 0 -99 33 66
1464 1220 0 -96 32 64
1464 1220 0 -93 31 62
1464 1220 0 -90 30 60
1464 1220 0 -87 29 58
1464 1220 0 -84 28 56
1464 1220 0 -81 27 54
1464 1220 0 -78 26 52
1464 1220 0 -75 25 50
1464 1220 0 -72 24 48
1464 1220 0 -69 23 46
1464 1220 0 -66 22 44
1464 1220 0 -63 21 42
1464 1220 0 -60 20 40
1464 1220 0 -57 19 38
1464 1220 0 -54 18 36
1464 1220 0 -51 17 34
1464 1220 0 -48 16 32
1464 1220 0 -45 15 30
1464 1220 0 -42 14 28
1464 1220 0 -39 13 26
1464 1220 0 -36 12 24
1464 1220 0 -33 11 22
1464 1220 0 -30 10 20
1464 1220 0 -27 9 18
1464 1220 0 -24 8 16
1464 1220 0 -21 7 14
1464 1220 0 -18 6 12
1464 1220 0 -15 5 10
1464 1220 0 -12 4 8
1464 1220 0 -9 3 6
1464 1220 0 -6 2 4
1464 1220 0 -3 1 2
1464 1220 0 3 -1 -2
1464 1220 0 6 -2 -4
1464 1220 0 9 -3 -6
1464 1220 0 12 -4 -8
1464 1220 0 15 -5 -10
1464 1220 0 18 -6 -12
1464 1220 0 21 -7 -14
1464 1220 0 24 -8 -16
1464 1220 0 27 -9 -18
1464 1220 0 30 -10 -20
1464 1220 0 33 -11 -22
1464 1220 0 36 -12 -24
1464 1220 0 39 -13 -26
1464 1220 0 42 -14 -28
1464 1220 0 45 -15 -30
1464 1220 0 48 -16 -32
1464 1220 0 51 -17 -34
1464 1220 0 54 -18 -36
1464 1220 0 57 -19 -38
1464 1220 0 60 -20 -40
1464 1220 0 63 -21 -42
1464 1220 0 66 -22 -44
1464 1220 0 69 -23 -46
1464 1220 0 72 -24 -48
1464 1220 0 75 -25 -50
1464 1220 0 78 -26 -52
1464 1220 0 81 -27 -54
1464 1220 0 84 -28 -56
1464 1220 0 87 -29 -58
1464 1220 0 90 -30 -60
1464 1220 0 93 -31 -62
1464 1220 0 96 -32 -64
1464 1220 0 99 -33 -66
1464 1220 0 102 -34 -68
1464 1220 0 105 -35 -70
1464 1220 0 108 -36 -72
1464 1220 0 111 -37 -74
1464 1220 0 114 -38 -76
1464 1220 0 117 -39 -78
1464 1220 0 120 -40 -80
1464 1220 0 123 -41 -82
1464 1220 0 126 -42 -84
1464 1220 0 129 -43 -86
1464 1220 0 132 -44 -88
1464 1220 0 135 -45 -90
1464 1220 0 138 -46 -92
1464 1220 0 141 -47 -94
1464 1220 0 144 -48 -96
1464 1220 0 147 -49 -98
1464 1220 0 150 -50 -100
1470 1225 0 -150 50 100
1470 1225 0 -147 49 98
1470 1225 0 -144 48 96
1470 1225 0 -141 47 94
1470 1225 0 -138 46 92
1470 1225 0 -135 45 90
1470 1225 0 -132 44 88
1470 1225 0 -129 43 86
1470 1225 0 -126 42 84
1470 1225 0 -123 41 82
1470 1225 0 -120 40 80
1470 1225 0 -117 39 78
1470 1225 0 -114 38 76
1470 1225 0 -111 37 74
1470 1225 0 -108 36 72
1470 1225 0 -105 35 70
1470 1225 0 -102 34 68
1470 1225 0 -99 33 66
1470 1225 0 -96 32 64
1470 1225 0 -93 31 62
1470 1225 0 -90 30 60
1470 1225 0 -87 29 58
1470 1225 0 -84 28 56
1470 1225 0 -81 27 54
1470 1225 0 -78 26 52
1470 1225 0 -75 25 50
1470 1225 0 -72 24 48
1470 1225 0 -69 23 46
1470 1225 0 -66 22 44
1470 1225 0 -63 21 42
1470 1225 0 -60 20 40
1470 1225 0 -57 19 38
1470 1225 0 -54 18 36
1470 1225 0 -51 17 34
1470 1225 0 -48 16 32
1470 1225 0 -45 15 30
1470 1225 0 -42 14 28
1470 1225 0 -39 13 26
1470 1225 0 -36 12 24
1470 1225 0 -33 11 22
1470 1225 0 -30 10 20
1470 1225 0 -27 9 18
1470 1225 0 -24 8 16
1470 1225 0 -21 7 14
1470 1225 0 -18 6 12
1470 1225 0 -15 5 10
1470 1225 0 -12 4 8
1470 1225 0 -9 3 6
1470 1225 0 -6 2 4
1470 1225 0 -3 1 2
1470 1225 0 3 -1 -2
1470 1225 0 6 -2 -4
1470 1225 0 9 -3 -6
1470 1225 0 12 -4 -8
1470 1225 0 15 -5 -10
1470 1225 0 18 -6 -12
1470 1225 0 21 -7 -14
1470 1225 0 24 -8 -16
1470 1225 0 27 -9 -18
1470 1225 0 30 -10 -20
1470 1225 0 33 -11 -22
1470 1225 0 36 -12 -24
1470 1225 0 39 -13 -26
1470 1225 0 42 -14 -28
1470 1225 0 45 -15 -30
1470 1225 0 48 -16 -32
1470 1225 0 51 -17 -34
1470 1225 0 54 -18 -36
1470 1225 0 57 -19 -38
1470 1225 0 60 -20 -40
1470 1225 0 63 -21 -42
1470 1225 0 66 -22 -44
1470 1225 0 69 -23 -46
1470 1225 0 72 -24 -48
1470 1225 0 75 -25 -50
1470 1225 0 78 -26 -52
1470 1225 0 81 -27 -54
1470 1225 0 84 -28 -56
1470 1225 0 87 -29 -58
1470 1225 0 90 -30 -60
1470 1225 0 93 -31 -62
1470 1225 0 96 -32 -64
1470 1225 0 99 -33 -66
1470 1225 0 102 -34 -68
1470 1225 0 105 -35 -70
1470 1225 0 108 -36 -72
1470 1225 0 111 -37 -74
1470 1225 0 114 -38 -76
1470 1225 0 117 -39 -78
1470 1225 0 120 -40 -80
1470 1225 0 123 -41 -82
1470 1225 0 126 -42 -84
1470 1225 0 129 -43 -86
1470 1225 0 132 -44 -88
1470 1225 0 135 -45 -90
1470 1225 0 138 -46 -92
1470 1225 0 141 -47 -94
1470 1225 0 144 -48 -96
1470 1225 0 147 -49 -98
1470 1225 0 150 -50 -100
1476 1230 0 -150 50 100
1476 1230 0 -147 49 98
1476 1230 0 -144 48 96
1476 1230 0 -141 47 94
1476 1230 0 -138 46 92
1476 1230 0 -135 45 90
1476 1230 0 -132 44 88
1476 1230 0 -129 43 86
1476 1230 0 -126 42 84
1476 1230 0 -123 41 82
1476 1230 0 -120 40 80
1476 1230 0 -117 39 78
1476 1230 0 -114 38 76
1476 1230 0 -111 37 74
1476 1230 0 -108 36 72
1476 1230 0 -105 35 70
1476 1230 0 -102 34 68
1476 1230 0 -99 33 66
1476 1230 0 -96 32 64
1476 1230 0 -93 31 62
1476 1230 0 -90 30 60
1476 1230 0 -87 29 58
1476 1230 0 -84 28 56
1476 1230 0 -81 27 54
1476 1230 0 -78 26 52
1476 1230 0 -75 25 50
1476 1230 0 -72 24 48
1476 1230 0 -69 23 46
1476 1230 0 -66 22 44
1476 1230 0 -63 21 42
1476 1230 0 -60 20 40
1476 1230 0 -57 19 38
1476 1230 0 -54 18 36
1476 1230 0 -51 17 34
1476 1230 0 -48 16 32
1476 1230 0 -45 15 30
1476 1230 0 -42 14 28
1476 1230 0 -39 13 26
1476 1230 0 -36 12 24
1476 1230 0 -33 11 22
1476 1230 0 -30 10 20
1476 1230 0 -27 9 18
1476 1230 0 -24 8 16
1476 1230 0 -21 7 14
1476 1230 0 -18 6 12
1476 1230 0 -15 5 10
1476 1230 0 -12 4 8
1476 1230 0 -9 3 6
1476 1230 0 -6 2 4
1476 1230 0 -3 1 2
1476 1230 0 3 -1 -2
1476 1230 0 6 -2 -4
1476 1230 0 9 -3 -6
1476 1230 0 12 -4 -8
1476 1230 0 15 -5 -10
1476 1230 0 18 -6 -12
1476 1230 0 21 -7 -14
1476 1230 0 24 -8 -16
1476 1230 0 27 -9 -18
1476 1230 0 30 -10 -20
1476 1230 0 33 -11 -22
1476 1230 0 36 -12 -24
1476 1230 0 39 -13 -26
1476 1230 0 42 -14 -28
1476 1230 0 45 -15 -30
1476 1230 0 48 -16 -32
1476 1230 0 51 -17 -34
1476 1230 0 54 -18 -36
1476 1230 0 57 -19 -38
1476 1230 0 60 -20 -40
1476 1230 0 63 -21 -42
1476 1230 0 66 -22 -44
1476 1230 0 69 -23 -46
1476 1230 0 72 -24 -48
1476 1230 0 75 -25 -50
1476 1230 0 78 -26 -52
1476 1230 0 81 -27 -54
1476 1230 0 84 -28 -56
1476 1230 0 87 -29 -58
1476 1230 0 90 -30 -60
1476 1230 0 93 -31 -62
1476 1230 0 96 -32 -64
1476 1230 0 99 -33 -66
1476 1230 0 102 -34 -68
1476 1230 0 105 -35 -70
1476 1230 0 108 -36 -72
1476 1230 0 111 -37 -74
1476 1230 0 114 -38 -76
1476 1230 0 117 -39 -78
1476 1230 0 120 -40 -80
1476 1230 0 123 -41 -82
1476 1230 0 126 -42 -84
1476 1230 0 129 -43 -86
1476 1230 0 132 -44 -88
1476 1230 0 135 -45 -90
1476 1230 0 138 -46 -92
1476 1230 0 141 -47 -94
1476 1230 0 144 -48 -96
1476 1230 0 147 -49 -98
1476 1230 0 150 -50 -100
1482 1235 0 -150 50 100
1482 1235 0 -147 49 98
1482 1235 0 -144 48 96
1482 1235 0 -141 47 94
1482 1235 0 -138 46 92
1482 1235 0 -135 45 90
1482 1235 0 -132 44 88
1482 1235 0 -129 43 86
1482 1235 0 -126 42 84
1482 1235 0 -123 41 82
1482 1235 0 -120 40 80
1482 1235 0 -117 39 78
1482 1235 0 -114 38 76
1482 1235 0 -111 37 74
1482 1235 0 -108 36 72
1482 1235 0 -105 35 70
1482 1235 0 -102 34 68
1482 1235 0 -99 33 66
1482 1235 0 -96 32 64
1482 1235 0 -93 31 62
1482 1235 0 -90 30 60
1482 1235 0 -87 29 58
1482 1235 0 -84 28 56
1482 1235 0 -81 27 54
1482 1235 0 -78 26 52
1482 1235 0 -75 25 50
1482 1235 0 -72 24 48
1482 1235 0 -69 23 46
1482 1235 0 -66 22 44
1482 1235 0 -63 21 42
1482 1235 0 -60 20 40
1482 1235 0 -57 19 38
1482 1235 0 -54 18 36
1482 1235 0 -51 17 34
1482 1235 0 -48 16 32
1482 1235 0 -45 15 30
1482 1235 0 -42 14 28
1482 1235 0 -39 13 26
1482 1235 0 -36 12 24
1482 1235 0 -33 11 22
1482 1235 0 -30 10 20
1482 1235 0 -27 9 18
1482 1235 0 -24 8 16
1482 1235 0 -21 7 14
1482 1235 0 -18 6 12
1482 1235 0 -15 5 10
1482 1235 0 -12 4 8
1482 1235 0 -9 3 6
1482 1235 0 -6 2 4
1482 1235 0 -3 1 2
1482 1235 0 3 -1 -2
1482 1235 0 6 -2 -4
1482 1235 0 9 -3 -6
1482 1235 0 12 -4 -8
1482 1235 0 15 -5 -10
1482 1235 0 18 -6 -12
1482 1235 0 21 -7 -14
1482 1235 0 24 -8 -16
1482 1235 0 27 -9 -18
1482 1235 0 30 -10 -20
1482 1235 0 33 -11 -22
1482 1235 0 36 -12 -24
1482 1235 0 39 -13 -26
1482 1235 0 42 -14 -28
1482 1235 0 45 -15 -30
1482 1235 0 48 -16 -32
1482 1235 0 51 -17 -34
1482 1235 0 54 -18 -36
1482 1235 0 57 -19 -38
1482 1235 0 60 -20 -40
1482 1235 0 63 -21 -42
1482 1235 0 66 -22 -44
1482 1235 0 69 -23 -46
1482 1235 0 72 -24 -48
1482 1235 0 75 -25 -50
1482 1235 0 78 -26 -52
1482 1235 0 81 -27 -54
1482 1235 0 84 -28 -56
1482 1235 0 87 -29 -58
1482 1235 0 90 -30 -60
1482 1235 0 93 -31 -62
1482 1235 0 96 -32 -64
1482 1235 0 99 -33 -66
1482 1235 0 102 -34 -68
1482 1235 0 105 -35 -70
1482 1235 0 108 -36 -72
1482 1235 0 111 -37 -74
1482 1235 0 114 -38 -76
1482 1235 0 117 -39 -78
1482 1235 0 120 -40 -80
1482 1235 0 123 -41 -82
1482 1235 0 126 -42 -84
1482 1235 0 129 -43 -86
1482 1235 0 132 -44 -88
1482 1235 0 135 -45 -90
1482 1235 0 138 -46 -92
1482 1235 0 141 -47 -94
1482 1235 0 144 -48 -96
1482 1235 0 147 -49 -98
1482 1235 0 150 -50 -100
1488 1240 0 -150 50 100
1488 1240 0 -147 49 98
1488 1240 0 -144 48 96
1488 1240 0 -141 47 94
1488 1240 0 -138 46 92
1488 1240 0 -135 45 90
1488 1240 0 -132 44 88
1488 1240 0 -129 43 86
1488 1240 0 -126 42 84
1488 1240 0 -123 41 82
1488 1240 0 -120 40 80
1488 1240 0 -117 39 78
1488 1240 0 -114 38 76
1488 1240 0 -111 37 74
1488 1240 0 -108 36 72
1488 1240 0 -105 35 70
1488 1240 0 -102 34 68
1488 1240 0 -99 33 66
1488 1240 0 -96 32 64
1488 1240 0 -93 31 62
1488 1240 0 -90 30 60
1488 1240 0 -87 29 58
1488 1240 0 -84 28 56
1488 1240 0 -81 27 54
1488 1240 0 -78 26 52
1488 1240 0 -75 25 50
1488 1240 0 -72 24 48
1488 1240 0 -69 23 46
1488 1240 0 -66 22 44
1488 1240 0 -63 21 42
1488 1240 0 -60 20 40
1488 1240 0 -57 19 38
1488 1240 0 -54 18 36
1488 1240 0 -51 17 34
1488 1240 0 -48 16 32
1488 1240 0 -45 15 30
1488 1240 0 -42 14 28
1488 1240 0 -39 13 26
1488 1240 0 -36 12 24
1488 1240 0 -33 11 22
1488 1240 0 -30 10 20
1488 1240 0 -27 9 18
1488 1240 0 -24 8 16
1488 1240 0 -21 7 14
1488 1240 0 -18 6 12
1488 1240 0 -15 5 10
1488 1240 0 -12 4 8
1488 1240 0 -9 3 6
1488 1240 0 -6 2 4
1488 1240 0 -3 1 2
1488 1240 0 3 -1 -2
1488 1240 0 6 -2 -4
1488 1240 0 9 -3 -6
1488 1240 0 12 -4 -8
1488 1240 0 15 -5 -10
1488 1240 0 18 -6 -12
1488 1240 0 21 -7 -14
1488 1240 0 24 -8 -16
1488 1240 0 27 -9 -18
1488 1240 0 30 -10 -20
1488 1240 0 33 -11 -22
1488 1240 0 36 -12 -24
1488 1240 0 39 -13 -26
1488 1240 0 42 -14 -28
1488 1240 0 45 -15 -30
1488 1240 0 48 -16 -32
1488 1240 0 51 -17 -34
1488 1240 0 54 -18 -36
1488 1240 0 57 -19 -38
1488 1240 0 60 -20 -40
1488 1240 0 63 -21 -42
1488 1240 0 66 -22 -44
1488 1240 0 69 -23 -46
1488 1240 0 72 -24 -48
1488 1240 0 75 -25 -50
1488 1240 0 78 -26 -52
1488 1240 0 81 -27 -54
1488 1240 0 84 -28 -56
1488 1240 0 87 -29 -58
1488 1240 0 90 -30 -60
1488 1240 0 93 -31 -62
1488 1240 0 96 -32 -64
1488 1240 0 99 -33 -66
1488 1240 0 102 -34 -68
1488 1240 0 105 -35 -70
1488 1240 0 108 -36 -72
1488 1240 0 111 -37 -74
1488 1240 0 114 -38 -76
1488 1240 0 117 -39 -78
1488 1240 0 120 -40 -80
1488 1240 0 123 -41 -82
1488 1240 0 126 -42 -84
1488 1240 0 129 -43 -86
1488 1240 0 132 -44 -88
1488 1240 0 135 -45 -90
1488 1240 0 138 -46 -92
1488 1240 0 141 -47 -94
1488 1240 0 144 -48 -96
1488 1240 0 147 -49 -98
1488 1240 0 150 -50 -100
1494 1245 0 -150 50 100
1494 1245 0 -147 49 98
1494 1245 0 -144 48 96
1494 1245 0 -141 47 94
1494 1245 0 -138 46 92
1494 1245 0 -135 45 90
1494 1245 0 -132 44 88
1494 1245 0 -129 43 86
1494 1245 0 -126 42 84
1494 1245 0 -123 41 82
1494 1245 0 -120 40 80
1494 1245 0 -117 39 78
1494 1245 0 -114 38 76
1494 1245 0 -111 37 74
1494 1245 0 -108 36 72
1494 1245 0 -105 35 70
1494 1245 0 -102 34 68
1494 1245 0 -99 33 66
1494 1245 0 -96 32 64
1494 1245 0 -93 31 62
1494 1245 0 -90 30 60
1494 1245 0 -87 29 58
1494 1245 0 -84 28 56
1494 1245 0 -81 27 54
1494 1245 0 -78 26 52
1494 1245 0 -75 25 50
1494 1245 0 -72 24 48
1494 1245 0 -69 23 46
1494 1245 0 -66 22 44
1494 1245 0 -63 21 42
1494 1245 0 -60 20 40
1494 1245 0 -57 19 38
1494 1245 0 -54 18 36
1494 1245 0 -51 17 34
1494 1245 0 -48 16 32
1494 1245 0 -45 15 30
1494 1245 0 -42 14 28
1494 1245 0 -39 13 26
1494 1245 0 -36 12 24
1494 1245 0 -33 11 22
1494 1245 0 -30 10 20
1494 1245 0 -27 9 18
1494 1245 0 -24 8 16
1494 1245 0 -21 7 14
1494 1245 0 -18 6 12
1494 1245 0 -15 5 10
1494 1245 0 -12 4 8
1494 1245 0 -9 3 6
1494 1245 0 -6 2 4
1494 1245 0 -3 1 2
1494 1245 0 3 -1 -2
1494 1245 0 6 -2 -4
1494 1245 0 9 -3 -6
1494 1245 0 12 -4 -8
1494 1245 0 15 -5 -10
1494 1245 0 18 -6 -12
1494 1245 0 21 -7 -14
1494 1245 0 24 -8 -16
1494 1245 0 27 -9 -18
1494 1245 0 30 -10 -20
1494 1245 0 33 -11 -22
1494 1245 0 36 -12 -24
1494 1245 0 39 -13 -26
1494 1245 0 42 -14 -28
1494 1245 0 45 -15 -30
1494 1245 0 48 -16 -32
1494 1245 0 51 -17 -34
1494 1245 0 54 -18 -36
1494 1245 0 57 -19 -38
1494 1245 0 60 -20 -40
1494 1245 0 63 -21 -42
1494 1245 0 66 -22 -44
1494 1245 0 69 -23 -46
1494 1245 0 72 -24 -48
1494 1245 0 75 -25 -50
1494 1245 0 78 -26 -52
1494 1245 0 81 -27 -54
1494 1245 0 84 -28 -56
1494 1245 0 87 -29 -58
1494 1245 0 90 -30 -60
1494 1245 0 93 -31 -62
1494 1245 0 96 -32 -64
1494 1245 0 99 -33 -66
1494 1245 0 102 -34 -68
1494 1245 0 105 -35 -70
1494 1245 0 108 -36 -72
1494 1245 0 111 -37 -74
1494 1245 0 114 -38 -76
1494 1245 0 117 -39 -78
1494 1245 0 120 -40 -80
1494 1245 0 123 -41 -82
1494 1245 0 126 -42 -84
1494 1245 0 129 -43 -86
1494 1245 0 132 -44 -88
1494 1245 0 135 -45 -90
1494 1245 0 138 -46 -92
1494 1245 0 141 -47 -94
1494 1245 0 144 -48 -96
1494 1245 0 147 -49 -98
1494 1245 0 150 -50 -100
1500 1250 0 -150 50 100
1500 1250 0 -147 49 98
1500 1250 0 -144 48 96
1500 1250 0 -141 47 94
1500 1250 0 -138 46 92
1500 1250 0 -135 45 90
1500 1250 0 -132 44 88
1500 1250 0 -129 43 86
1500 1250 0 -126 42 84
1500 1250 0 -123 41 82
1500 1250 0 -120 40 80
1500 1250 0 -117 39 78
1500 1250 0 -114 38 76
1500 1250 0 -111 37 74
1500 1250 0 -108 36 72
1500 1250 0 -105 35 70
1500 1250 0 -102 34 68
1500 1250 0 -99 33 66
1500 1250 0 -96 32 64
1500 1250 0 -93 31 62
1500 1250 0 -90 30 60
1500 1250 0 -87 29 58
1500 1250 0 -84 28 56
1500 1250 0 -81 27 54
1500 1250 0 -78 26 52
1500 1250 0 -75 25 50
1500 1250 0 -72 24 48
1500 1250 0 -69 23 46
1500 1250 0 -66 22 44
1500 1250 0 -63 21 42
1500 1250 0 -60 20 40
1500 1250 0 -57 19 38
1500 1250 0 -54 18 36
1500 1250 0 -51 17 34
1500 1250 0 -48 16 32
1500 1250 0 -45 15 30
1500 1250 0 -42 14 28
1500 1250 0 -39 13 26
1500 1250 0 -36 12 24
1500 1250 0 -33 11 22
1500 1250 0 -30 10 20
1500 1250 0 -27 9 18
1500 1250 0 -24 8 16
1500 1250 0 -21 7 14
1500 1250 0 -18 6 12
1500 1250 0 -15 5 10
1500 1250 0 -12 4 8
1500 1250 0 -9 3 6
1500 1250 0 -6 2 4
1500 1250 0 -3 1 2
1500 1250 0 3 -1 -2
1500 1250 0 6 -2 -4
1500 1250 0 9 -3 -6
1500 1250 0 12 -4 -8
1500 1250 0 15 -5 -10
1500 1250 0 18 -6 -12
1500 1250 0 21 -7 -14
1500 1250 0 24 -8 -16
1500 1250 0 27 -9 -18
1500 1250 0 30 -10 -20
1500 1250 0 33 -11 -22
1500 1250 0 36 -12 -24
1500 1250 0 39 -13 -26
1500 1250 0 42 -14 -28
1500 1250 0 45 -15 -30
1500 1250 0 48 -16 -32
1500 1250 0 51 -17 -34
1500 1250 0 54 -18 -36
1500 1250 0 57 -19 -38
1500 1250 0 60 -20 -40
1500 1250 0 63 -21 -42
1500 1250 0 66 -22 -44
1500 1250 0 69 -23 -46
1500 1250 0 72 -24 -48
1500 1250 0 75 -25 -50
1500 1250 0 78 -26 -52
1500 1250 0 81 -27 -54
1500 1250 0 84 -28 -56
1500 1250 0 87 -29 -58
1500 1250 0 90 -30 -60
1500 1250 0 93 -31 -62
1500 1250 0 96 -32 -64
1500 1250 0 99 -33 -66
1500 1250 0 102 -34 -68
1500 1250 0 105 -35 -70
1500 1250 0 108 -36 -72
1500 1250 0 111 -37 -74
1500 1250 0 114 -38 -76
1500 1250 0 117 -39 -78
1500 1250 0 120 -40 -80
1500 1250 0 123 -41 -82
1500 1250 0 126 -42 -84
1500 1250 0 129 -43 -86
1500 1250 0 132 -44 -88
1500 1250 0 135 -45 -90
1500 1250 0 138 -46 -92
1500 1250 0 141 -47 -94
1500 1250 0 144 -48 -96
1500 1250 0 147 -49 -98
1500 1250 0 150 -50 -100
