24 -24 -48 -50 200 250
24 -24 0 -50 200 -150
24 -18 0 -50 175 -125
24 -12 -12 -50 150 -100
24 -12 0 -50 150 -100
24 -6 0 -50 125 -75
24 0 -24 -50 100 150
24 0 0 -50 100 -50
24 6 0 -50 75 -25
24 12 0 -50 50 0
24 18 0 -50 25 25
24 24 0 -50 0 50
24 -24 -48 -49 196 245
24 -24 0 -49 196 -147
24 -12 -12 -49 147 -98
24 -12 0 -49 147 -98
24 0 -24 -49 98 147
24 0 0 -49 98 -49
24 12 0 -49 49 0
24 24 0 -49 0 49
24 -24 -48 -48 192 240
24 -24 -18 -48 192 -180
24 -24 0 -48 192 -144
24 -23 0 -48 188 -140
24 -22 0 -48 184 -136
24 -21 0 -48 180 -132
24 -20 0 -48 176 -128
24 -19 0 -48 172 -124
24 -18 -42 -48 168 216
24 -18 0 -48 168 -120
24 -17 0 -48 164 -116
24 -16 -4 -48 160 -128
24 -16 0 -48 160 -112
24 -15 0 -48 156 -108
24 -14 0 -48 152 -104
24 -13 0 -48 148 -100
24 -12 -36 -48 144 192
24 -12 -12 -48 144 -96
24 -12 0 -48 144 -96
24 -11 0 -48 140 -92
24 -10 0 -48 136 -88
24 -9 0 -48 132 -84
24 -8 0 -48 128 -80
24 -7 0 -48 124 -76
24 -6 -30 -48 120 168
24 -6 0 -48 120 -72
24 -5 0 -48 116 -68
24 -4 0 -48 112 -64
24 -3 0 -48 108 -60
24 -2 0 -48 104 -56
24 -1 0 -48 100 -52
24 0 -24 -48 96 144
24 0 -6 -48 96 -36
24 0 0 -48 96 -48
24 1 0 -48 92 -44
24 2 -28 -48 88 16
24 2 0 -48 88 -40
24 2 2 -48 88 16
24 3 0 -48 84 -36
24 4 0 -48 80 -32
24 5 0 -48 76 -28
24 6 -18 -48 72 120
24 6 0 -48 72 -24
24 7 0 -48 68 -20
24 8 0 -48 64 -16
24 9 0 -48 60 -12
24 10 0 -48 56 -8
24 11 0 -48 52 -4
24 12 -12 -48 48 96
24 12 0 -48 48 0
24 13 0 -48 44 4
24 14 0 -48 40 8
24 15 0 -48 36 12
24 16 0 -48 32 16
24 17 0 -48 28 20
24 18 -6 -48 24 72
24 18 0 -48 24 24
24 19 0 -48 20 28
24 20 0 -48 16 32
24 21 0 -48 12 36
24 22 0 -48 8 40
24 23 0 -48 4 44
24 24 -18 -48 0 108
24 24 -18 -48 0 300
24 24 0 -48 0 48
24 24 6 -48 0 12
24 -24 -48 -47 188 235
24 -24 0 -47 188 -141
24 -12 -12 -47 141 -94
24 -12 0 -47 141 -94
24 0 -24 -47 94 141
24 0 0 -47 94 -47
24 12 0 -47 47 0
24 24 0 -47 0 47
24 -24 -48 -46 184 230
24 -24 0 -46 184 -138
24 -18 0 -46 161 -115
24 -12 -12 -46 138 -92
24 -12 0 -46 138 -92
24 -6 0 -46 115 -69
24 0 -24 -46 92 138
24 0 0 -46 92 -46
24 6 0 -46 69 -23
24 12 0 -46 46 0
24 18 0 -46 23 23
24 24 0 -46 0 46
24 -24 -48 -45 180 225
24 -24 0 -45 180 -135
24 -20 0 -45 165 -120
24 -16 -5 -45 150 -120
24 -16 -3 -45 150 -120
24 -16 0 -45 150 -105
24 -12 -12 -45 135 -90
24 -12 0 -45 135 -90
24 -8 0 -45 120 -75
24 -4 0 -45 105 -60
24 0 -24 -45 90 135
24 0 0 -45 90 -45
24 4 -30 -45 75 30
24 4 0 -45 75 -30
24 4 2 -45 75 30
24 8 0 -45 60 -15
24 12 0 -45 45 0
24 16 0 -45 30 15
24 20 0 -45 15 30
24 24 0 -45 0 45
24 -24 -48 -44 176 220
24 -24 0 -44 176 -132
24 -21 0 -44 165 -121
24 -18 0 -44 154 -110
24 -15 0 -44 143 -99
24 -12 -36 -44 132 176
24 -12 -12 -44 132 -88
24 -12 0 -44 132 -88
24 -9 0 -44 121 -77
24 -6 0 -44 110 -66
24 -3 0 -44 99 -55
24 0 -24 -44 88 132
24 0 0 -44 88 -44
24 3 0 -44 77 -33
24 6 0 -44 66 -22
24 9 0 -44 55 -11
24 12 -12 -44 44 88
24 12 0 -44 44 0
24 15 0 -44 33 11
24 18 0 -44 22 22
24 21 0 -44 11 33
24 24 0 -44 0 44
24 -24 -48 -43 172 215
24 -24 0 -43 172 -129
24 -12 -12 -43 129 -86
24 -12 0 -43 129 -86
24 0 -24 -43 86 129
24 0 0 -43 86 -43
24 12 0 -43 43 0
24 24 0 -43 0 43
24 -24 -48 -42 168 210
24 -24 0 -42 168 -126
24 -22 0 -42 161 -119
24 -20 0 -42 154 -112
24 -18 0 -42 147 -105
24 -16 0 -42 140 -98
24 -14 0 -42 133 -91
24 -12 -12 -42 126 -84
24 -12 0 -42 126 -84
24 -10 0 -42 119 -77
24 -8 0 -42 112 -70
24 -6 0 -42 105 -63
24 -4 0 -42 98 -56
24 -2 0 -42 91 -49
24 0 -24 -42 84 126
24 0 0 -42 84 -42
24 2 0 -42 77 -35
24 4 0 -42 70 -28
24 6 0 -42 63 -21
24 8 0 -42 56 -14
24 10 0 -42 49 -7
24 12 0 -42 42 0
24 14 0 -42 35 7
24 16 0 -42 28 14
24 18 0 -42 21 21
24 20 0 -42 14 28
24 22 0 -42 7 35
24 24 0 -42 0 42
24 -24 -48 -41 164 205
24 -24 0 -41 164 -123
24 -12 -12 -41 123 -82
24 -12 0 -41 123 -82
24 0 -24 -41 82 123
24 0 0 -41 82 -41
24 12 0 -41 41 0
24 24 0 -41 0 41
24 -24 -48 -40 160 200
24 -24 0 -40 160 -120
24 -21 -4 -40 150 -90
24 -21 0 -40 150 -110
24 -18 -42 -40 140 180
24 -18 0 -40 140 -100
24 -15 0 -40 130 -90
24 -12 -36 -40 120 160
24 -12 -12 -40 120 -80
24 -12 0 -40 120 -80
24 -9 0 -40 110 -70
24 -6 -30 -40 100 140
24 -6 0 -40 100 -60
24 -3 0 -40 90 -50
24 0 -24 -40 80 120
24 0 0 -40 80 -40
24 3 0 -40 70 -30
24 6 -18 -40 60 100
24 6 0 -40 60 -20
24 9 -35 -40 50 60
24 9 0 -40 50 -10
24 9 2 -40 50 60
24 12 -12 -40 40 80
24 12 0 -40 40 0
24 15 0 -40 30 10
24 18 -6 -40 20 60
24 18 0 -40 20 20
24 21 0 -40 10 30
24 24 0 -40 0 40
24 -24 -48 -39 156 195
24 -24 0 -39 156 -117
24 -20 0 -39 143 -104
24 -16 0 -39 130 -91
24 -12 -12 -39 117 -78
24 -12 0 -39 117 -78
24 -8 0 -39 104 -65
24 -4 0 -39 91 -52
24 0 -24 -39 78 117
24 0 0 -39 78 -39
24 4 0 -39 65 -26
24 8 0 -39 52 -13
24 12 0 -39 39 0
24 16 0 -39 26 13
24 20 0 -39 13 26
24 24 0 -39 0 39
24 -24 -48 -38 152 190
24 -24 0 -38 152 -114
24 -18 0 -38 133 -95
24 -12 -12 -38 114 -76
24 -12 0 -38 114 -76
24 -6 -19 -38 95 -38
24 -6 0 -38 95 -57
24 -6 1 -38 95 -38
24 0 -24 -38 76 114
24 0 0 -38 76 -38
24 6 0 -38 57 -19
24 12 -38 -38 38 76
24 12 0 -38 38 0
24 12 2 -38 38 76
24 18 0 -38 19 19
24 24 0 -38 0 38
24 -24 -48 -37 148 185
24 -24 0 -37 148 -111
24 -12 -12 -37 111 -74
24 -12 0 -37 111 -74
24 0 -24 -37 74 111
24 0 0 -37 74 -37
24 12 0 -37 37 0
24 24 0 -37 0 37
24 -24 -48 -36 144 180
24 -24 0 -36 144 -108
24 -23 0 -36 141 -105
24 -22 0 -36 138 -102
24 -22 4 -36 138 -90
24 -21 0 -36 135 -99
24 -20 0 -36 132 -96
24 -19 0 -36 129 -93
24 -18 0 -36 126 -90
24 -17 0 -36 123 -87
24 -16 -6 -36 120 -96
24 -16 -2 -36 120 -96
24 -16 0 -36 120 -84
24 -15 0 -36 117 -81
24 -14 0 -36 114 -78
24 -13 0 -36 111 -75
24 -12 -36 -36 108 144
24 -12 -12 -36 108 -72
24 -12 0 -36 108 -72
24 -11 0 -36 105 -69
24 -10 0 -36 102 -66
24 -9 0 -36 99 -63
24 -8 0 -36 96 -60
24 -7 0 -36 93 -57
24 -6 0 -36 90 -54
24 -5 0 -36 87 -51
24 -4 0 -36 84 -48
24 -3 0 -36 81 -45
24 -2 0 -36 78 -42
24 -1 0 -36 75 -39
24 0 -24 -36 72 108
24 0 0 -36 72 -36
24 1 0 -36 69 -33
24 2 0 -36 66 -30
24 3 0 -36 63 -27
24 4 0 -36 60 -24
24 5 0 -36 57 -21
24 6 0 -36 54 -18
24 7 0 -36 51 -15
24 8 0 -36 48 -12
24 9 0 -36 45 -9
24 10 0 -36 42 -6
24 11 0 -36 39 -3
24 12 -12 -36 36 72
24 12 0 -36 36 0
24 13 0 -36 33 3
24 14 0 -36 30 6
24 15 0 -36 27 9
24 16 -42 -36 24 96
24 16 0 -36 24 12
24 16 2 -36 24 96
24 17 0 -36 21 15
24 18 0 -36 18 18
24 19 0 -36 15 21
24 20 0 -36 12 24
24 21 0 -36 9 27
24 22 0 -36 6 30
24 23 0 -36 3 33
24 24 0 -36 0 36
24 -24 -48 -35 140 175
24 -24 0 -35 140 -105
24 -12 -12 -35 105 -70
24 -12 0 -35 105 -70
24 0 -24 -35 70 105
24 0 0 -35 70 -35
24 12 0 -35 35 0
24 24 0 -35 0 35
24 -24 -48 -34 136 170
24 -24 0 -34 136 -102
24 -18 0 -34 119 -85
24 -12 -12 -34 102 -68
24 -12 0 -34 102 -68
24 -6 0 -34 85 -51
24 0 -24 -34 68 102
24 0 0 -34 68 -34
24 6 0 -34 51 -17
24 12 0 -34 34 0
24 18 0 -34 17 17
24 24 0 -34 0 34
24 -24 -48 -33 132 165
24 -24 0 -33 132 -99
24 -20 0 -33 121 -88
24 -16 0 -33 110 -77
24 -12 -12 -33 99 -66
24 -12 0 -33 99 -66
24 -8 0 -33 88 -55
24 -4 0 -33 77 -44
24 0 -24 -33 66 99
24 0 0 -33 66 -33
24 4 0 -33 55 -22
24 8 0 -33 44 -11
24 12 0 -33 33 0
24 16 0 -33 22 11
24 20 0 -33 11 22
24 24 0 -33 0 33
24 -24 -48 -32 128 160
24 -24 0 -32 128 -96
24 -21 0 -32 120 -88
24 -18 -42 -32 112 144
24 -18 0 -32 112 -80
24 -15 -8 -32 104 -80
24 -15 -1 -32 104 -80
24 -15 0 -32 104 -72
24 -12 -36 -32 96 128
24 -12 -12 -32 96 -64
24 -12 0 -32 96 -64
24 -9 0 -32 88 -56
24 -6 -30 -32 80 112
24 -6 0 -32 80 -48
24 -3 0 -32 72 -40
24 0 -24 -32 64 96
24 0 0 -32 64 -32
24 3 0 -32 56 -24
24 6 -18 -32 48 80
24 6 0 -32 48 -16
24 9 0 -32 40 -8
24 12 -12 -32 32 64
24 12 0 -32 32 0
24 15 0 -32 24 8
24 18 -62 -32 16 160
24 18 -6 -32 16 48
24 18 -4 -32 16 160
24 18 0 -32 16 16
24 21 0 -32 8 24
24 24 0 -32 0 32
24 -24 -48 -31 124 155
24 -24 0 -31 124 -93
24 -12 -12 -31 93 -62
24 -12 0 -31 93 -62
24 0 -24 -31 62 93
24 0 0 -31 62 -31
24 12 0 -31 31 0
24 24 0 -31 0 31
24 -24 -48 -30 120 150
24 -24 0 -30 120 -90
24 -22 0 -30 115 -85
24 -20 0 -30 110 -80
24 -18 0 -30 105 -75
24 -16 0 -30 100 -70
24 -14 0 -30 95 -65
24 -12 -12 -30 90 -60
24 -12 0 -30 90 -60
24 -10 0 -30 85 -55
24 -8 0 -30 80 -50
24 -6 0 -30 75 -45
24 -4 0 -30 70 -40
24 -2 0 -30 65 -35
24 0 -24 -30 60 90
24 0 0 -30 60 -30
24 2 0 -30 55 -25
24 4 0 -30 50 -20
24 6 0 -30 45 -15
24 8 0 -30 40 -10
24 10 0 -30 35 -5
24 12 0 -30 30 0
24 14 0 -30 25 5
24 16 0 -30 20 10
24 18 0 -30 15 15
24 20 0 -30 10 20
24 22 0 -30 5 25
24 24 0 -30 0 30
24 -24 -48 -29 116 145
24 -24 0 -29 116 -87
24 -12 -12 -29 87 -58
24 -12 0 -29 87 -58
24 0 -24 -29 58 87
24 0 0 -29 58 -29
24 12 0 -29 29 0
24 24 0 -29 0 29
24 -24 -48 -28 112 140
24 -24 0 -28 112 -84
24 -21 0 -28 105 -77
24 -18 0 -28 98 -70
24 -15 0 -28 91 -63
24 -12 -36 -28 84 112
24 -12 -12 -28 84 -56
24 -12 0 -28 84 -56
24 -9 0 -28 77 -49
24 -6 0 -28 70 -42
24 -3 0 -28 63 -35
24 0 -24 -28 56 84
24 0 0 -28 56 -28
24 3 0 -28 49 -21
24 6 0 -28 42 -14
24 9 0 -28 35 -7
24 12 -12 -28 28 56
24 12 0 -28 28 0
24 15 0 -28 21 7
24 18 0 -28 14 14
24 21 0 -28 7 21
24 24 0 -28 0 28
24 -24 -48 -27 108 135
24 -24 0 -27 108 -81
24 -20 0 -27 99 -72
24 -16 0 -27 90 -63
24 -12 -12 -27 81 -54
24 -12 0 -27 81 -54
24 -8 0 -27 72 -45
24 -4 0 -27 63 -36
24 0 -24 -27 54 81
24 0 0 -27 54 -27
24 4 0 -27 45 -18
24 8 0 -27 36 -9
24 12 0 -27 27 0
24 16 0 -27 18 9
24 20 0 -27 9 18
24 24 0 -27 0 27
24 -24 -48 -26 104 130
24 -24 0 -26 104 -78
24 -18 0 -26 91 -65
24 -12 -12 -26 78 -52
24 -12 0 -26 78 -52
24 -6 0 -26 65 -39
24 0 -24 -26 52 78
24 0 0 -26 52 -26
24 6 0 -26 39 -13
24 12 0 -26 26 0
24 18 0 -26 13 13
24 24 0 -26 0 26
24 -24 -50 -25 100 -75
24 -24 -48 -25 100 125
24 -24 0 -25 100 -75
24 -24 2 -25 100 -75
24 -12 -12 -25 75 -50
24 -12 0 -25 75 -50
24 0 -100 -25 50 75
24 0 -25 -25 50 0
24 0 -24 -25 50 75
24 0 0 -25 50 -25
24 0 1 -25 50 0
24 0 4 -25 50 75
24 0 9 -25 50 200
24 12 0 -25 25 0
24 24 0 -25 0 25
24 -24 -48 -24 96 120
24 -24 0 -24 96 -72
24 -23 0 -24 94 -70
24 -22 0 -24 92 -68
24 -21 0 -24 90 -66
24 -20 0 -24 88 -64
24 -19 0 -24 86 -62
24 -18 -42 -24 84 108
24 -18 0 -24 84 -60
24 -17 -5 -24 82 -68
24 -17 -2 -24 82 -68
24 -17 0 -24 82 -58
24 -16 0 -24 80 -56
24 -15 0 -24 78 -54
24 -14 0 -24 76 -52
24 -13 0 -24 74 -50
24 -12 -36 -24 72 96
24 -12 -12 -24 72 -48
24 -12 0 -24 72 -48
24 -11 0 -24 70 -46
24 -10 0 -24 68 -44
24 -9 0 -24 66 -42
24 -8 0 -24 64 -40
24 -7 0 -24 62 -38
24 -6 -30 -24 60 84
24 -6 0 -24 60 -36
24 -5 0 -24 58 -34
24 -4 0 -24 56 -32
24 -3 0 -24 54 -30
24 -2 0 -24 52 -28
24 -1 0 -24 50 -26
24 0 -24 -24 48 72
24 0 0 -24 48 -24
24 1 -26 -24 46 4
24 1 0 -24 46 -22
24 1 1 -24 46 4
24 2 0 -24 44 -20
24 3 0 -24 42 -18
24 4 0 -24 40 -16
24 5 0 -24 38 -14
24 6 -18 -24 36 60
24 6 0 -24 36 -12
24 7 0 -24 34 -10
24 8 0 -24 32 -8
24 9 0 -24 30 -6
24 10 0 -24 28 -4
24 11 0 -24 26 -2
24 12 -12 -24 24 48
24 12 0 -24 24 0
24 13 0 -24 22 2
24 14 0 -24 20 4
24 15 0 -24 18 6
24 16 0 -24 16 8
24 17 0 -24 14 10
24 18 -6 -24 12 36
24 18 0 -24 12 12
24 19 0 -24 10 14
24 20 0 -24 8 16
24 21 0 -24 6 18
24 22 0 -24 4 20
24 23 0 -24 2 22
24 24 0 -24 0 24
24 -24 -48 -23 92 115
24 -24 0 -23 92 -69
24 -12 -12 -23 69 -46
24 -12 0 -23 69 -46
24 0 -24 -23 46 69
24 0 0 -23 46 -23
24 12 0 -23 23 0
24 24 0 -23 0 23
24 -24 -48 -22 88 110
24 -24 0 -22 88 -66
24 -18 0 -22 77 -55
24 -12 -12 -22 66 -44
24 -12 0 -22 66 -44
24 -6 0 -22 55 -33
24 0 -24 -22 44 66
24 0 0 -22 44 -22
24 6 0 -22 33 -11
24 12 0 -22 22 0
24 18 0 -22 11 11
24 24 0 -22 0 22
24 -24 -48 -21 84 105
24 -24 0 -21 84 -63
24 -20 0 -21 77 -56
24 -16 -7 -21 70 -56
24 -16 -1 -21 70 -56
24 -16 0 -21 70 -49
24 -12 -12 -21 63 -42
24 -12 0 -21 63 -42
24 -8 0 -21 56 -35
24 -4 0 -21 49 -28
24 0 -24 -21 42 63
24 0 0 -21 42 -21
24 4 0 -21 35 -14
24 8 0 -21 28 -7
24 12 0 -21 21 0
24 16 0 -21 14 7
24 20 0 -21 7 14
24 24 0 -21 0 21
24 -24 -48 -20 80 100
24 -24 0 -20 80 -60
24 -21 0 -20 75 -55
24 -18 0 -20 70 -50
24 -15 0 -20 65 -45
24 -12 -36 -20 60 80
24 -12 -12 -20 60 -40
24 -12 0 -20 60 -40
24 -9 0 -20 55 -35
24 -6 0 -20 50 -30
24 -3 0 -20 45 -25
24 0 -24 -20 40 60
24 0 0 -20 40 -20
24 3 0 -20 35 -15
24 6 0 -20 30 -10
24 9 0 -20 25 -5
24 12 -12 -20 20 40
24 12 0 -20 20 0
24 15 0 -20 15 5
24 18 0 -20 10 10
24 21 0 -20 5 15
24 24 0 -20 0 20
24 -24 -48 -19 76 95
24 -24 0 -19 76 -57
24 -12 -12 -19 57 -38
24 -12 0 -19 57 -38
24 0 -24 -19 38 57
24 0 0 -19 38 -19
24 12 0 -19 19 0
24 24 0 -19 0 19
24 -24 -48 -18 72 90
24 -24 0 -18 72 -54
24 -22 0 -18 69 -51
24 -20 0 -18 66 -48
24 -18 -3 -18 63 -54
24 -18 0 -18 63 -45
24 -16 0 -18 60 -42
24 -14 0 -18 57 -39
24 -12 -12 -18 54 -36
24 -12 0 -18 54 -36
24 -10 0 -18 51 -33
24 -8 0 -18 48 -30
24 -6 0 -18 45 -27
24 -4 0 -18 42 -24
24 -2 0 -18 39 -21
24 0 -24 -18 36 54
24 0 0 -18 36 -18
24 2 0 -18 33 -15
24 4 0 -18 30 -12
24 6 0 -18 27 -9
24 8 0 -18 24 -6
24 10 0 -18 21 -3
24 12 0 -18 18 0
24 14 -39 -18 15 42
24 14 0 -18 15 3
24 14 1 -18 15 42
24 16 0 -18 12 6
24 18 0 -18 9 9
24 20 0 -18 6 12
24 22 0 -18 3 15
24 24 0 -18 0 18
24 -24 -48 -17 68 85
24 -24 0 -17 68 -51
24 -12 -12 -17 51 -34
24 -12 0 -17 51 -34
24 0 -24 -17 34 51
24 0 0 -17 34 -17
24 12 0 -17 17 0
24 24 0 -17 0 17
24 -24 -48 -16 64 80
24 -24 0 -16 64 -48
24 -21 0 -16 60 -44
24 -18 -42 -16 56 72
24 -18 -4 -16 56 -48
24 -18 -2 -16 56 -48
24 -18 0 -16 56 -40
24 -15 0 -16 52 -36
24 -12 -36 -16 48 64
24 -12 -12 -16 48 -32
24 -12 0 -16 48 -32
24 -9 0 -16 44 -28
24 -6 -30 -16 40 56
24 -6 0 -16 40 -24
24 -3 0 -16 36 -20
24 0 -24 -16 32 48
24 0 0 -16 32 -16
24 3 0 -16 28 -12
24 6 -18 -16 24 40
24 6 0 -16 24 -8
24 9 0 -16 20 -4
24 12 -12 -16 16 32
24 12 0 -16 16 0
24 15 0 -16 12 4
24 18 -6 -16 8 24
24 18 0 -16 8 8
24 21 0 -16 4 12
24 24 0 -16 0 16
24 -24 -48 -15 60 75
24 -24 0 -15 60 -45
24 -20 0 -15 55 -40
24 -16 0 -15 50 -35
24 -12 -12 -15 45 -30
24 -12 0 -15 45 -30
24 -8 0 -15 40 -25
24 -4 0 -15 35 -20
24 0 -24 -15 30 45
24 0 0 -15 30 -15
24 4 0 -15 25 -10
24 8 0 -15 20 -5
24 12 0 -15 15 0
24 16 0 -15 10 5
24 20 0 -15 5 10
24 24 0 -15 0 15
24 -24 -48 -14 56 70
24 -24 0 -14 56 -42
24 -18 0 -14 49 -35
24 -12 -12 -14 42 -28
24 -12 0 -14 42 -28
24 -6 0 -14 35 -21
24 0 -24 -14 28 42
24 0 0 -14 28 -14
24 6 0 -14 21 -7
24 12 0 -14 14 0
24 18 0 -14 7 7
24 24 0 -14 0 14
24 -24 -48 -13 52 65
24 -24 0 -13 52 -39
24 -12 -12 -13 39 -26
24 -12 0 -13 39 -26
24 0 -24 -13 26 39
24 0 0 -13 26 -13
24 12 0 -13 13 0
24 24 0 -13 0 13
24 -24 -48 -12 48 60
24 -24 0 -12 48 -36
24 -23 0 -12 47 -35
24 -22 0 -12 46 -34
24 -21 0 -12 45 -33
24 -20 0 -12 44 -32
24 -19 0 -12 43 -31
24 -18 0 -12 42 -30
24 -17 0 -12 41 -29
24 -16 0 -12 40 -28
24 -15 0 -12 39 -27
24 -14 0 -12 38 -26
24 -13 0 -12 37 -25
24 -12 -36 -12 36 48
24 -12 -12 -12 36 -24
24 -12 0 -12 36 -24
24 -11 0 -12 35 -23
24 -10 0 -12 34 -22
24 -9 0 -12 33 -21
24 -8 0 -12 32 -20
24 -7 0 -12 31 -19
24 -6 0 -12 30 -18
24 -5 0 -12 29 -17
24 -4 0 -12 28 -16
24 -3 0 -12 27 -15
24 -2 0 -12 26 -14
24 -1 0 -12 25 -13
24 0 -24 -12 24 36
24 0 0 -12 24 -12
24 1 0 -12 23 -11
24 2 0 -12 22 -10
24 3 0 -12 21 -9
24 4 0 -12 20 -8
24 5 0 -12 19 -7
24 6 0 -12 18 -6
24 7 0 -12 17 -5
24 8 0 -12 16 -4
24 9 0 -12 15 -3
24 10 0 -12 14 -2
24 11 0 -12 13 -1
24 12 -12 -12 12 24
24 12 0 -12 12 0
24 13 0 -12 11 1
24 14 0 -12 10 2
24 15 0 -12 9 3
24 16 0 -12 8 4
24 17 0 -12 7 5
24 18 0 -12 6 6
24 19 0 -12 5 7
24 20 0 -12 4 8
24 21 0 -12 3 9
24 22 0 -12 2 10
24 23 0 -12 1 11
24 24 0 -12 0 12
24 -24 -48 -11 44 55
24 -24 0 -11 44 -33
24 -12 -12 -11 33 -22
24 -12 0 -11 33 -22
24 0 -24 -11 22 33
24 0 0 -11 22 -11
24 12 0 -11 11 0
24 24 0 -11 0 11
24 -24 -48 -10 40 50
24 -24 0 -10 40 -30
24 -18 -5 -10 35 -30
24 -18 -1 -10 35 -30
24 -18 0 -10 35 -25
24 -12 -12 -10 30 -20
24 -12 0 -10 30 -20
24 -6 0 -10 25 -15
24 0 -24 -10 20 30
24 0 0 -10 20 -10
24 6 0 -10 15 -5
24 12 0 -10 10 0
24 18 0 -10 5 5
24 24 0 -10 0 10
24 -24 -48 -9 36 45
24 -24 0 -9 36 -27
24 -20 0 -9 33 -24
24 -16 0 -9 30 -21
24 -12 -12 -9 27 -18
24 -12 0 -9 27 -18
24 -8 0 -9 24 -15
24 -4 0 -9 21 -12
24 0 -24 -9 18 27
24 0 0 -9 18 -9
24 4 0 -9 15 -6
24 8 0 -9 12 -3
24 12 0 -9 9 0
24 16 0 -9 6 3
24 20 0 -9 3 6
24 24 0 -9 0 9
24 -24 -48 -8 32 40
24 -24 0 -8 32 -24
24 -21 0 -8 30 -22
24 -18 -42 -8 28 36
24 -18 0 -8 28 -20
24 -15 0 -8 26 -18
24 -12 -36 -8 24 32
24 -12 -12 -8 24 -16
24 -12 0 -8 24 -16
24 -9 0 -8 22 -14
24 -6 -30 -8 20 28
24 -6 0 -8 20 -12
24 -3 0 -8 18 -10
24 0 -24 -8 16 24
24 0 0 -8 16 -8
24 3 0 -8 14 -6
24 6 -18 -8 12 20
24 6 0 -8 12 -4
24 9 0 -8 10 -2
24 12 -12 -8 8 16
24 12 0 -8 8 0
24 15 0 -8 6 2
24 18 -6 -8 4 12
24 18 0 -8 4 4
24 21 0 -8 2 6
24 24 0 -8 0 8
24 -24 -48 -7 28 35
24 -24 0 -7 28 -21
24 -12 -12 -7 21 -14
24 -12 0 -7 21 -14
24 0 -24 -7 14 21
24 0 0 -7 14 -7
24 12 0 -7 7 0
24 24 0 -7 0 7
24 -24 -48 -6 24 30
24 -24 0 -6 24 -18
24 -22 0 -6 23 -17
24 -20 -2 -6 22 -20
24 -20 0 -6 22 -16
24 -18 0 -6 21 -15
24 -16 0 -6 20 -14
24 -14 0 -6 19 -13
24 -12 -12 -6 18 -12
24 -12 0 -6 18 -12
24 -10 0 -6 17 -11
24 -8 0 -6 16 -10
24 -6 0 -6 15 -9
24 -4 0 -6 14 -8
24 -2 0 -6 13 -7
24 0 -24 -6 12 18
24 0 0 -6 12 -6
24 2 0 -6 11 -5
24 4 0 -6 10 -4
24 6 0 -6 9 -3
24 8 0 -6 8 -2
24 10 0 -6 7 -1
24 12 0 -6 6 0
24 14 0 -6 5 1
24 16 0 -6 4 2
24 18 0 -6 3 3
24 20 0 -6 2 4
24 22 0 -6 1 5
24 24 0 -6 0 6
24 -24 -48 -5 20 25
24 -24 0 -5 20 -15
24 -12 -12 -5 15 -10
24 -12 0 -5 15 -10
24 0 -24 -5 10 15
24 0 0 -5 10 -5
24 12 0 -5 5 0
24 24 0 -5 0 5
24 -24 -48 -4 16 20
24 -24 0 -4 16 -12
24 -21 0 -4 15 -11
24 -18 0 -4 14 -10
24 -15 0 -4 13 -9
24 -12 -36 -4 12 16
24 -12 -12 -4 12 -8
24 -12 0 -4 12 -8
24 -9 0 -4 11 -7
24 -6 0 -4 10 -6
24 -3 0 -4 9 -5
24 0 -24 -4 8 12
24 0 0 -4 8 -4
24 3 0 -4 7 -3
24 6 0 -4 6 -2
24 9 0 -4 5 -1
24 12 -12 -4 4 8
24 12 0 -4 4 0
24 15 0 -4 3 1
24 18 0 -4 2 2
24 21 0 -4 1 3
24 24 0 -4 0 4
24 -24 -48 -3 12 15
24 -24 0 -3 12 -9
24 -20 0 -3 11 -8
24 -16 0 -3 10 -7
24 -12 -12 -3 9 -6
24 -12 0 -3 9 -6
24 -8 0 -3 8 -5
24 -4 0 -3 7 -4
24 0 -24 -3 6 9
24 0 0 -3 6 -3
24 4 0 -3 5 -2
24 8 0 -3 4 -1
24 12 0 -3 3 0
24 16 0 -3 2 1
24 20 0 -3 1 2
24 24 0 -3 0 3
24 -24 -48 -2 8 10
24 -24 0 -2 8 -6
24 -18 0 -2 7 -5
24 -12 -12 -2 6 -4
24 -12 0 -2 6 -4
24 -6 0 -2 5 -3
24 0 -24 -2 4 6
24 0 0 -2 4 -2
24 6 0 -2 3 -1
24 12 0 -2 2 0
24 18 0 -2 1 1
24 24 0 -2 0 2
24 -24 -48 -1 4 5
24 -24 0 -1 4 -3
24 -12 -12 -1 3 -2
24 -12 0 -1 3 -2
24 0 -24 -1 2 3
24 0 0 -1 2 -1
24 12 0 -1 1 0
24 24 0 -1 0 1
24 -24 -48 1 -4 -5
24 -24 -1 1 -4 4
24 -24 0 1 -4 3
24 -24 1 1 -4 4
24 -12 -12 1 -3 2
24 -12 0 1 -3 2
24 0 -24 1 -2 -3
24 0 0 1 -2 1
24 12 0 1 -1 0
24 24 0 1 0 -1
24 -24 -48 2 -8 -10
24 -24 0 2 -8 6
24 -18 0 2 -7 5
24 -12 -12 2 -6 4
24 -12 0 2 -6 4
24 -6 0 2 -5 3
24 0 -24 2 -4 -6
24 0 0 2 -4 2
24 6 0 2 -3 1
24 12 0 2 -2 0
24 18 0 2 -1 -1
24 24 0 2 0 -2
24 -24 -48 3 -12 -15
24 -24 0 3 -12 9
24 -20 0 3 -11 8
24 -16 0 3 -10 7
24 -12 -12 3 -9 6
24 -12 0 3 -9 6
24 -8 0 3 -8 5
24 -4 0 3 -7 4
24 0 -24 3 -6 -9
24 0 0 3 -6 3
24 4 0 3 -5 2
24 8 0 3 -4 1
24 12 0 3 -3 0
24 16 0 3 -2 -1
24 20 0 3 -1 -2
24 24 0 3 0 -3
24 -24 -48 4 -16 -20
24 -24 -2 4 -16 16
24 -24 0 4 -16 12
24 -24 2 4 -16 16
24 -21 0 4 -15 11
24 -18 0 4 -14 10
24 -15 0 4 -13 9
24 -12 -36 4 -12 -16
24 -12 -12 4 -12 8
24 -12 0 4 -12 8
24 -9 0 4 -11 7
24 -6 0 4 -10 6
24 -3 0 4 -9 5
24 0 -24 4 -8 -12
24 0 0 4 -8 4
24 3 0 4 -7 3
24 6 0 4 -6 2
24 9 0 4 -5 1
24 12 -12 4 -4 -8
24 12 0 4 -4 0
24 15 0 4 -3 -1
24 18 0 4 -2 -2
24 21 0 4 -1 -3
24 24 0 4 0 -4
24 -24 -48 5 -20 -25
24 -24 0 5 -20 15
24 -12 -12 5 -15 10
24 -12 0 5 -15 10
24 0 -24 5 -10 -15
24 0 0 5 -10 5
24 12 0 5 -5 0
24 24 0 5 0 -5
24 -24 -48 6 -24 -30
24 -24 0 6 -24 18
24 -22 0 6 -23 17
24 -20 0 6 -22 16
24 -18 0 6 -21 15
24 -16 0 6 -20 14
24 -14 0 6 -19 13
24 -12 -12 6 -18 12
24 -12 0 6 -18 12
24 -10 0 6 -17 11
24 -8 0 6 -16 10
24 -6 0 6 -15 9
24 -4 0 6 -14 8
24 -2 0 6 -13 7
24 0 -24 6 -12 -18
24 0 0 6 -12 6
24 2 0 6 -11 5
24 4 0 6 -10 4
24 6 0 6 -9 3
24 8 0 6 -8 2
24 10 0 6 -7 1
24 12 0 6 -6 0
24 14 0 6 -5 -1
24 16 0 6 -4 -2
24 18 0 6 -3 -3
24 20 0 6 -2 -4
24 22 0 6 -1 -5
24 24 0 6 0 -6
24 -24 -48 7 -28 -35
24 -24 0 7 -28 21
24 -12 -12 7 -21 14
24 -12 0 7 -21 14
24 0 -24 7 -14 -21
24 0 0 7 -14 7
24 12 0 7 -7 0
24 24 0 7 0 -7
24 -24 -48 8 -32 -40
24 -24 0 8 -32 24
24 -21 0 8 -30 22
24 -18 -42 8 -28 -36
24 -18 0 8 -28 20
24 -15 0 8 -26 18
24 -12 -36 8 -24 -32
24 -12 -12 8 -24 16
24 -12 0 8 -24 16
24 -9 0 8 -22 14
24 -6 -30 8 -20 -28
24 -6 0 8 -20 12
24 -3 0 8 -18 10
24 0 -24 8 -16 -24
24 0 0 8 -16 8
24 3 0 8 -14 6
24 6 -18 8 -12 -20
24 6 0 8 -12 4
24 9 0 8 -10 2
24 12 -12 8 -8 -16
24 12 0 8 -8 0
24 15 0 8 -6 -2
24 18 -6 8 -4 -12
24 18 0 8 -4 -4
24 21 0 8 -2 -6
24 24 0 8 0 -8
24 -24 -48 9 -36 -45
24 -24 -3 9 -36 36
24 -24 0 9 -36 27
24 -24 3 9 -36 36
24 -20 0 9 -33 24
24 -16 0 9 -30 21
24 -12 -12 9 -27 18
24 -12 0 9 -27 18
24 -8 0 9 -24 15
24 -4 0 9 -21 12
24 0 -24 9 -18 -27
24 0 0 9 -18 9
24 4 0 9 -15 6
24 8 0 9 -12 3
24 12 0 9 -9 0
24 16 0 9 -6 -3
24 20 0 9 -3 -6
24 24 0 9 0 -9
24 -24 -48 10 -40 -50
24 -24 0 10 -40 30
24 -18 0 10 -35 25
24 -12 -12 10 -30 20
24 -12 0 10 -30 20
24 -6 0 10 -25 15
24 0 -24 10 -20 -30
24 0 0 10 -20 10
24 6 0 10 -15 5
24 12 0 10 -10 0
24 18 0 10 -5 -5
24 24 0 10 0 -10
24 -24 -48 11 -44 -55
24 -24 0 11 -44 33
24 -12 -12 11 -33 22
24 -12 0 11 -33 22
24 0 -24 11 -22 -33
24 0 0 11 -22 11
24 12 0 11 -11 0
24 24 0 11 0 -11
24 -24 -48 12 -48 -60
24 -24 0 12 -48 36
24 -23 0 12 -47 35
24 -22 0 12 -46 34
24 -21 0 12 -45 33
24 -20 0 12 -44 32
24 -19 0 12 -43 31
24 -18 0 12 -42 30
24 -17 0 12 -41 29
24 -16 0 12 -40 28
24 -15 0 12 -39 27
24 -14 0 12 -38 26
24 -13 0 12 -37 25
24 -12 -36 12 -36 -48
24 -12 -12 12 -36 24
24 -12 0 12 -36 24
24 -11 0 12 -35 23
24 -10 0 12 -34 22
24 -9 0 12 -33 21
24 -8 0 12 -32 20
24 -7 0 12 -31 19
24 -6 0 12 -30 18
24 -5 0 12 -29 17
24 -4 0 12 -28 16
24 -3 0 12 -27 15
24 -2 0 12 -26 14
24 -1 0 12 -25 13
24 0 -24 12 -24 -36
24 0 0 12 -24 12
24 1 0 12 -23 11
24 2 0 12 -22 10
24 3 0 12 -21 9
24 4 0 12 -20 8
24 5 0 12 -19 7
24 6 0 12 -18 6
24 7 0 12 -17 5
24 8 0 12 -16 4
24 9 0 12 -15 3
24 10 0 12 -14 2
24 11 0 12 -13 1
24 12 -12 12 -12 -24
24 12 0 12 -12 0
24 13 0 12 -11 -1
24 14 0 12 -10 -2
24 15 0 12 -9 -3
24 16 0 12 -8 -4
24 17 0 12 -7 -5
24 18 0 12 -6 -6
24 19 0 12 -5 -7
24 20 0 12 -4 -8
24 21 0 12 -3 -9
24 22 0 12 -2 -10
24 23 0 12 -1 -11
24 24 0 12 0 -12
24 -24 -48 13 -52 -65
24 -24 0 13 -52 39
24 -12 -12 13 -39 26
24 -12 0 13 -39 26
24 0 -24 13 -26 -39
24 0 0 13 -26 13
24 12 0 13 -13 0
24 24 0 13 0 -13
24 -24 -48 14 -56 -70
24 -24 0 14 -56 42
24 -18 -7 14 -49 42
24 -18 0 14 -49 35
24 -18 1 14 -49 42
24 -12 -12 14 -42 28
24 -12 0 14 -42 28
24 -6 0 14 -35 21
24 0 -24 14 -28 -42
24 0 0 14 -28 14
24 6 0 14 -21 7
24 12 0 14 -14 0
24 18 0 14 -7 -7
24 24 0 14 0 -14
24 -24 -48 15 -60 -75
24 -24 0 15 -60 45
24 -20 0 15 -55 40
24 -16 0 15 -50 35
24 -12 -12 15 -45 30
24 -12 0 15 -45 30
24 -8 0 15 -40 25
24 -4 0 15 -35 20
24 0 -24 15 -30 -45
24 0 0 15 -30 15
24 4 0 15 -25 10
24 8 0 15 -20 5
24 12 0 15 -15 0
24 16 0 15 -10 -5
24 20 0 15 -5 -10
24 24 0 15 0 -15
24 -24 -48 16 -64 -80
24 -24 -18 16 -64 60
24 -24 -4 16 -64 64
24 -24 0 16 -64 48
24 -24 4 16 -64 64
24 -21 0 16 -60 44
24 -18 -42 16 -56 -72
24 -18 0 16 -56 40
24 -15 0 16 -52 36
24 -12 -36 16 -48 -64
24 -12 -12 16 -48 32
24 -12 0 16 -48 32
24 -9 0 16 -44 28
24 -6 -30 16 -40 -56
24 -6 0 16 -40 24
24 -3 0 16 -36 20
24 0 -24 16 -32 -48
24 0 -6 16 -32 12
24 0 0 16 -32 16
24 3 0 16 -28 12
24 6 -18 16 -24 -40
24 6 0 16 -24 8
24 9 0 16 -20 4
24 12 -12 16 -16 -32
24 12 0 16 -16 0
24 12 2 16 -16 4
24 15 0 16 -12 -4
24 18 -6 16 -8 -24
24 18 0 16 -8 -8
24 21 -44 16 -4 -56
24 21 -1 16 -4 -56
24 21 0 16 -4 -12
24 24 -90 16 0 -196
24 24 -18 16 0 -100
24 24 -18 16 0 -36
24 24 0 16 0 -16
24 24 6 16 0 -4
24 -24 -48 17 -68 -85
24 -24 0 17 -68 51
24 -12 -12 17 -51 34
24 -12 0 17 -51 34
24 0 -24 17 -34 -51
24 0 0 17 -34 17
24 12 0 17 -17 0
24 24 0 17 0 -17
24 -24 -48 18 -72 -90
24 -24 0 18 -72 54
24 -22 -5 18 -69 66
24 -22 0 18 -69 51
24 -22 3 18 -69 66
24 -20 -6 18 -66 60
24 -20 0 18 -66 48
24 -20 2 18 -66 60
24 -18 0 18 -63 45
24 -16 -4 18 -60 18
24 -16 0 18 -60 42
24 -14 0 18 -57 39
24 -12 -12 18 -54 36
24 -12 0 18 -54 36
24 -10 0 18 -51 33
24 -8 0 18 -48 30
24 -6 0 18 -45 27
24 -4 0 18 -42 24
24 -2 0 18 -39 21
24 0 -24 18 -36 -54
24 0 0 18 -36 18
24 2 0 18 -33 15
24 4 0 18 -30 12
24 6 0 18 -27 9
24 8 0 18 -24 6
24 10 -33 18 -21 -30
24 10 -1 18 -21 -30
24 10 0 18 -21 3
24 12 0 18 -18 0
24 14 0 18 -15 -3
24 16 0 18 -12 -6
24 18 0 18 -9 -9
24 20 0 18 -6 -12
24 22 0 18 -3 -15
24 24 0 18 0 -18
24 -24 -48 19 -76 -95
24 -24 0 19 -76 57
24 -12 -12 19 -57 38
24 -12 0 19 -57 38
24 0 -24 19 -38 -57
24 0 0 19 -38 19
24 12 0 19 -19 0
24 24 0 19 0 -19
24 -24 -48 20 -80 -100
24 -24 0 20 -80 60
24 -21 0 20 -75 55
24 -18 0 20 -70 50
24 -15 0 20 -65 45
24 -12 -36 20 -60 -80
24 -12 -12 20 -60 40
24 -12 0 20 -60 40
24 -9 0 20 -55 35
24 -6 0 20 -50 30
24 -3 0 20 -45 25
24 0 -24 20 -40 -60
24 0 0 20 -40 20
24 3 0 20 -35 15
24 6 0 20 -30 10
24 9 0 20 -25 5
24 12 -12 20 -20 -40
24 12 0 20 -20 0
24 15 0 20 -15 -5
24 18 0 20 -10 -10
24 21 0 20 -5 -15
24 24 0 20 0 -20
24 -24 -48 21 -84 -105
24 -24 0 21 -84 63
24 -20 0 21 -77 56
24 -16 0 21 -70 49
24 -12 -12 21 -63 42
24 -12 0 21 -63 42
24 -8 0 21 -56 35
24 -4 0 21 -49 28
24 0 -24 21 -42 -63
24 0 0 21 -42 21
24 4 0 21 -35 14
24 8 0 21 -28 7
24 12 0 21 -21 0
24 16 0 21 -14 -7
24 20 0 21 -7 -14
24 24 0 21 0 -21
24 -24 -48 22 -88 -110
24 -24 0 22 -88 66
24 -18 0 22 -77 55
24 -12 -12 22 -66 44
24 -12 0 22 -66 44
24 -6 0 22 -55 33
24 0 -24 22 -44 -66
24 0 0 22 -44 22
24 6 0 22 -33 11
24 12 0 22 -22 0
24 18 0 22 -11 -11
24 24 0 22 0 -22
24 -24 -48 23 -92 -115
24 -24 -46 23 -92 69
24 -24 -2 23 -92 69
24 -24 0 23 -92 69
24 -12 -12 23 -69 46
24 -12 0 23 -69 46
24 0 -92 23 -46 -69
24 0 -24 23 -46 -69
24 0 -23 23 -46 0
24 0 -9 23 -46 -184
24 0 -4 23 -46 -69
24 0 -1 23 -46 0
24 0 0 23 -46 23
24 12 0 23 -23 0
24 24 0 23 0 -23
24 -24 -48 24 -96 -120
24 -24 0 24 -96 72
24 -23 0 24 -94 70
24 -22 0 24 -92 68
24 -21 -6 24 -90 84
24 -21 0 24 -90 66
24 -21 3 24 -90 84
24 -20 0 24 -88 64
24 -19 -7 24 -86 76
24 -19 0 24 -86 62
24 -19 2 24 -86 76
24 -18 -42 24 -84 -108
24 -18 0 24 -84 60
24 -17 0 24 -82 58
24 -16 0 24 -80 56
24 -15 0 24 -78 54
24 -14 0 24 -76 52
24 -13 0 24 -74 50
24 -12 -36 24 -72 -96
24 -12 -12 24 -72 48
24 -12 0 24 -72 48
24 -11 0 24 -70 46
24 -10 0 24 -68 44
24 -9 0 24 -66 42
24 -8 0 24 -64 40
24 -7 0 24 -62 38
24 -6 -30 24 -60 -84
24 -6 0 24 -60 36
24 -5 0 24 -58 34
24 -4 0 24 -56 32
24 -3 0 24 -54 30
24 -2 0 24 -52 28
24 -1 -22 24 -50 4
24 -1 -1 24 -50 4
24 -1 0 24 -50 26
24 0 -24 24 -48 -72
24 0 0 24 -48 24
24 1 0 24 -46 22
24 2 0 24 -44 20
24 3 0 24 -42 18
24 4 0 24 -40 16
24 5 0 24 -38 14
24 6 -18 24 -36 -60
24 6 0 24 -36 12
24 7 0 24 -34 10
24 8 0 24 -32 8
24 9 0 24 -30 6
24 10 0 24 -28 4
24 11 0 24 -26 2
24 12 -12 24 -24 -48
24 12 0 24 -24 0
24 13 0 24 -22 -2
24 14 0 24 -20 -4
24 15 0 24 -18 -6
24 16 0 24 -16 -8
24 17 0 24 -14 -10
24 18 -6 24 -12 -36
24 18 0 24 -12 -12
24 19 0 24 -10 -14
24 20 0 24 -8 -16
24 21 0 24 -6 -18
24 22 0 24 -4 -20
24 23 0 24 -2 -22
24 24 0 24 0 -24
24 -24 -48 25 -100 -125
24 -24 -5 25 -100 100
24 -24 0 25 -100 75
24 -24 5 25 -100 100
24 -12 -12 25 -75 50
24 -12 0 25 -75 50
24 0 -24 25 -50 -75
24 0 0 25 -50 25
24 12 0 25 -25 0
24 24 0 25 0 -25
24 -24 -48 26 -104 -130
24 -24 0 26 -104 78
24 -18 0 26 -91 65
24 -12 -12 26 -78 52
24 -12 0 26 -78 52
24 -6 0 26 -65 39
24 0 -24 26 -52 -78
24 0 0 26 -52 26
24 6 0 26 -39 13
24 12 0 26 -26 0
24 18 0 26 -13 -13
24 24 0 26 0 -26
24 -24 -48 27 -108 -135
24 -24 0 27 -108 81
24 -20 0 27 -99 72
24 -16 -9 27 -90 72
24 -16 0 27 -90 63
24 -16 1 27 -90 72
24 -12 -12 27 -81 54
24 -12 0 27 -81 54
24 -8 0 27 -72 45
24 -4 0 27 -63 36
24 0 -24 27 -54 -81
24 0 0 27 -54 27
24 4 0 27 -45 18
24 8 0 27 -36 9
24 12 0 27 -27 0
24 16 0 27 -18 -9
24 20 0 27 -9 -18
24 24 0 27 0 -27
24 -24 -48 28 -112 -140
24 -24 0 28 -112 84
24 -21 0 28 -105 77
24 -18 0 28 -98 70
24 -15 0 28 -91 63
24 -12 -36 28 -84 -112
24 -12 -12 28 -84 56
24 -12 0 28 -84 56
24 -9 0 28 -77 49
24 -6 0 28 -70 42
24 -3 0 28 -63 35
24 0 -94 28 -56 -224
24 0 -26 28 -56 -224
24 0 -24 28 -56 -84
24 0 0 28 -56 28
24 3 0 28 -49 21
24 6 0 28 -42 14
24 9 0 28 -35 7
24 12 -12 28 -28 -56
24 12 0 28 -28 0
24 15 0 28 -21 -7
24 18 0 28 -14 -14
24 21 0 28 -7 -21
24 24 0 28 0 -28
24 -24 -48 29 -116 -145
24 -24 0 29 -116 87
24 -12 -12 29 -87 58
24 -12 0 29 -87 58
24 0 -24 29 -58 -87
24 0 0 29 -58 29
24 12 0 29 -29 0
24 24 0 29 0 -29
24 -24 -48 30 -120 -150
24 -24 0 30 -120 90
24 -22 0 30 -115 85
24 -20 0 30 -110 80
24 -18 0 30 -105 75
24 -16 0 30 -100 70
24 -14 0 30 -95 65
24 -12 -12 30 -90 60
24 -12 0 30 -90 60
24 -10 0 30 -85 55
24 -8 0 30 -80 50
24 -6 0 30 -75 45
24 -4 0 30 -70 40
24 -2 0 30 -65 35
24 0 -24 30 -60 -90
24 0 0 30 -60 30
24 2 0 30 -55 25
24 4 0 30 -50 20
24 6 0 30 -45 15
24 8 0 30 -40 10
24 10 0 30 -35 5
24 12 0 30 -30 0
24 14 0 30 -25 -5
24 16 0 30 -20 -10
24 18 0 30 -15 -15
24 20 0 30 -10 -20
24 22 0 30 -5 -25
24 24 0 30 0 -30
24 -24 -48 31 -124 -155
24 -24 0 31 -124 93
24 -12 -12 31 -93 62
24 -12 0 31 -93 62
24 0 -24 31 -62 -93
24 0 0 31 -62 31
24 12 0 31 -31 0
24 24 0 31 0 -31
24 -24 -48 32 -128 -160
24 -24 0 32 -128 96
24 -21 0 32 -120 88
24 -18 -42 32 -112 -144
24 -18 -8 32 -112 96
24 -18 0 32 -112 80
24 -18 2 32 -112 96
24 -15 0 32 -104 72
24 -12 -36 32 -96 -128
24 -12 -12 32 -96 64
24 -12 -8 32 -96 0
24 -12 0 32 -96 64
24 -9 0 32 -88 56
24 -6 -30 32 -80 -112
24 -6 0 32 -80 48
24 -3 0 32 -72 40
24 0 -24 32 -64 -96
24 0 0 32 -64 32
24 3 0 32 -56 24
24 6 -18 32 -48 -80
24 6 0 32 -48 16
24 9 0 32 -40 8
24 12 -12 32 -32 -64
24 12 0 32 -32 0
24 15 0 32 -24 -8
24 18 -40 32 -16 -96
24 18 -6 32 -16 -48
24 18 -2 32 -16 -96
24 18 0 32 -16 -16
24 21 0 32 -8 -24
24 24 0 32 0 -32
24 -24 -48 33 -132 -165
24 -24 0 33 -132 99
24 -20 0 33 -121 88
24 -16 0 33 -110 77
24 -12 -12 33 -99 66
24 -12 0 33 -99 66
24 -8 0 33 -88 55
24 -4 0 33 -77 44
24 0 -24 33 -66 -99
24 0 0 33 -66 33
24 4 0 33 -55 22
24 8 0 33 -44 11
24 12 0 33 -33 0
24 16 0 33 -22 -11
24 20 0 33 -11 -22
24 24 0 33 0 -33
24 -24 -48 34 -136 -170
24 -24 0 34 -136 102
24 -18 0 34 -119 85
24 -12 -12 34 -102 68
24 -12 0 34 -102 68
24 -6 -17 34 -85 34
24 -6 -1 34 -85 34
24 -6 0 34 -85 51
24 0 -24 34 -68 -102
24 0 0 34 -68 34
24 6 0 34 -51 17
24 12 -34 34 -34 -68
24 12 -2 34 -34 -68
24 12 0 34 -34 0
24 18 0 34 -17 -17
24 24 0 34 0 -34
24 -24 -48 35 -140 -175
24 -24 0 35 -140 105
24 -12 -12 35 -105 70
24 -12 0 35 -105 70
24 0 -24 35 -70 -105
24 0 0 35 -70 35
24 12 0 35 -35 0
24 24 0 35 0 -35
24 -24 -48 36 -144 -180
24 -24 -6 36 -144 144
24 -24 0 36 -144 108
24 -24 6 36 -144 144
24 -23 0 36 -141 105
24 -22 0 36 -138 102
24 -21 0 36 -135 99
24 -20 0 36 -132 96
24 -19 0 36 -129 93
24 -18 0 36 -126 90
24 -17 0 36 -123 87
24 -16 0 36 -120 84
24 -15 0 36 -117 81
24 -14 0 36 -114 78
24 -13 0 36 -111 75
24 -12 -36 36 -108 -144
24 -12 -12 36 -108 72
24 -12 0 36 -108 72
24 -11 0 36 -105 69
24 -10 0 36 -102 66
24 -9 0 36 -99 63
24 -8 0 36 -96 60
24 -7 0 36 -93 57
24 -6 0 36 -90 54
24 -5 0 36 -87 51
24 -4 0 36 -84 48
24 -3 0 36 -81 45
24 -2 0 36 -78 42
24 -1 0 36 -75 39
24 0 -24 36 -72 -108
24 0 0 36 -72 36
24 1 0 36 -69 33
24 2 0 36 -66 30
24 3 0 36 -63 27
24 4 0 36 -60 24
24 5 0 36 -57 21
24 6 0 36 -54 18
24 7 0 36 -51 15
24 8 -30 36 -48 -48
24 8 -2 36 -48 -48
24 8 0 36 -48 12
24 9 0 36 -45 9
24 10 0 36 -42 6
24 11 0 36 -39 3
24 12 -12 36 -36 -72
24 12 0 36 -36 0
24 13 0 36 -33 -3
24 14 0 36 -30 -6
24 15 0 36 -27 -9
24 16 0 36 -24 -12
24 17 0 36 -21 -15
24 18 0 36 -18 -18
24 19 0 36 -15 -21
24 20 0 36 -12 -24
24 21 0 36 -9 -27
24 22 0 36 -6 -30
24 23 0 36 -3 -33
24 24 0 36 0 -36
24 -24 -48 37 -148 -185
24 -24 0 37 -148 111
24 -12 -12 37 -111 74
24 -12 0 37 -111 74
24 0 -24 37 -74 -111
24 0 0 37 -74 37
24 12 0 37 -37 0
24 24 0 37 0 -37
24 -24 -48 38 -152 -190
24 -24 0 38 -152 114
24 -18 0 38 -133 95
24 -12 -12 38 -114 76
24 -12 0 38 -114 76
24 -6 0 38 -95 57
24 0 -24 38 -76 -114
24 0 0 38 -76 38
24 6 0 38 -57 19
24 12 0 38 -38 0
24 18 0 38 -19 -19
24 24 0 38 0 -38
24 -24 -48 39 -156 -195
24 -24 0 39 -156 117
24 -20 0 39 -143 104
24 -16 0 39 -130 91
24 -12 -12 39 -117 78
24 -12 0 39 -117 78
24 -8 0 39 -104 65
24 -4 0 39 -91 52
24 0 -24 39 -78 -117
24 0 0 39 -78 39
24 4 -26 39 -65 -26
24 4 -2 39 -65 -26
24 4 0 39 -65 26
24 8 0 39 -52 13
24 12 0 39 -39 0
24 16 0 39 -26 -13
24 20 0 39 -13 -26
24 24 0 39 0 -39
24 -24 -48 40 -160 -200
24 -24 0 40 -160 120
24 -21 0 40 -150 110
24 -18 -42 40 -140 -180
24 -18 0 40 -140 100
24 -15 -10 40 -130 100
24 -15 0 40 -130 90
24 -15 1 40 -130 100
24 -12 -36 40 -120 -160
24 -12 -12 40 -120 80
24 -12 0 40 -120 80
24 -9 0 40 -110 70
24 -6 -30 40 -100 -140
24 -6 0 40 -100 60
24 -3 0 40 -90 50
24 0 -24 40 -80 -120
24 0 0 40 -80 40
24 3 -25 40 -70 -20
24 3 -2 40 -70 -20
24 3 0 40 -70 30
24 6 -18 40 -60 -100
24 6 0 40 -60 20
24 9 0 40 -50 10
24 12 -12 40 -40 -80
24 12 0 40 -40 0
24 15 0 40 -30 -10
24 18 -6 40 -20 -60
24 18 0 40 -20 -20
24 21 0 40 -10 -30
24 24 0 40 0 -40
24 -24 -48 41 -164 -205
24 -24 0 41 -164 123
24 -12 -12 41 -123 82
24 -12 0 41 -123 82
24 0 -24 41 -82 -123
24 0 0 41 -82 41
24 12 0 41 -41 0
24 24 0 41 0 -41
24 -24 -48 42 -168 -210
24 -24 0 42 -168 126
24 -22 -7 42 -161 154
24 -22 0 42 -161 119
24 -22 5 42 -161 154
24 -20 0 42 -154 112
24 -18 0 42 -147 105
24 -16 0 42 -140 98
24 -14 0 42 -133 91
24 -12 -12 42 -126 84
24 -12 0 42 -126 84
24 -10 0 42 -119 77
24 -8 0 42 -112 70
24 -6 0 42 -105 63
24 -4 0 42 -98 56
24 -2 0 42 -91 49
24 0 -24 42 -84 -126
24 0 0 42 -84 42
24 2 0 42 -77 35
24 4 0 42 -70 28
24 6 0 42 -63 21
24 8 0 42 -56 14
24 10 0 42 -49 7
24 12 0 42 -42 0
24 14 0 42 -35 -7
24 16 0 42 -28 -14
24 18 0 42 -21 -21
24 20 0 42 -14 -28
24 22 0 42 -7 -35
24 24 0 42 0 -42
24 -24 -48 43 -172 -215
24 -24 0 43 -172 129
24 -12 -12 43 -129 86
24 -12 0 43 -129 86
24 0 -24 43 -86 -129
24 0 0 43 -86 43
24 12 0 43 -43 0
24 24 0 43 0 -43
24 -24 -48 44 -176 -220
24 -24 -44 44 -176 132
24 -24 -4 44 -176 132
24 -24 0 44 -176 132
24 -21 0 44 -165 121
24 -18 0 44 -154 110
24 -15 0 44 -143 99
24 -12 -36 44 -132 -176
24 -12 -12 44 -132 88
24 -12 0 44 -132 88
24 -9 0 44 -121 77
24 -6 0 44 -110 66
24 -3 0 44 -99 55
24 0 -88 44 -88 -132
24 0 -24 44 -88 -132
24 0 -22 44 -88 0
24 0 -8 44 -88 -132
24 0 -2 44 -88 0
24 0 0 44 -88 44
24 3 0 44 -77 33
24 6 0 44 -66 22
24 9 0 44 -55 11
24 12 -12 44 -44 -88
24 12 0 44 -44 0
24 15 0 44 -33 -11
24 18 0 44 -22 -22
24 21 0 44 -11 -33
24 24 0 44 0 -44
24 -24 -48 45 -180 -225
24 -24 0 45 -180 135
24 -20 0 45 -165 120
24 -16 0 45 -150 105
24 -12 -12 45 -135 90
24 -12 0 45 -135 90
24 -8 -15 45 -120 60
24 -8 -10 45 -120 -45
24 -8 -1 45 -120 60
24 -8 0 45 -120 75
24 -4 0 45 -105 60
24 0 -24 45 -90 -135
24 0 0 45 -90 45
24 4 0 45 -75 30
24 8 0 45 -60 15
24 12 0 45 -45 0
24 16 0 45 -30 -15
24 20 0 45 -15 -30
24 24 -45 45 0 -180
24 24 -3 45 0 -180
24 24 0 45 0 -45
24 -24 -48 46 -184 -230
24 -24 0 46 -184 138
24 -18 0 46 -161 115
24 -12 -12 46 -138 92
24 -12 0 46 -138 92
24 -6 0 46 -115 69
24 0 -24 46 -92 -138
24 0 0 46 -92 46
24 6 0 46 -69 23
24 12 0 46 -46 0
24 18 0 46 -23 -23
24 24 0 46 0 -46
24 -24 -48 47 -188 -235
24 -24 0 47 -188 141
24 -12 -12 47 -141 94
24 -12 0 47 -141 94
24 0 -24 47 -94 -141
24 0 0 47 -94 47
24 12 0 47 -47 0
24 24 0 47 0 -47
24 -24 -48 48 -192 -240
24 -24 0 48 -192 144
24 -23 0 48 -188 140
24 -22 0 48 -184 136
24 -21 0 48 -180 132
24 -20 -8 48 -176 160
24 -20 0 48 -176 128
24 -20 4 48 -176 160
24 -19 0 48 -172 124
24 -18 -42 48 -168 -216
24 -18 0 48 -168 120
24 -17 0 48 -164 116
24 -16 0 48 -160 112
24 -15 0 48 -156 108
24 -14 0 48 -152 104
24 -13 0 48 -148 100
24 -12 -36 48 -144 -192
24 -12 -12 48 -144 96
24 -12 0 48 -144 96
24 -11 0 48 -140 92
24 -10 0 48 -136 88
24 -9 0 48 -132 84
24 -8 0 48 -128 80
24 -7 0 48 -124 76
24 -6 -30 48 -120 -168
24 -6 0 48 -120 72
24 -5 0 48 -116 68
24 -4 0 48 -112 64
24 -3 0 48 -108 60
24 -2 -20 48 -104 16
24 -2 -2 48 -104 16
24 -2 0 48 -104 56
24 -1 0 48 -100 52
24 0 -24 48 -96 -144
24 0 0 48 -96 48
24 1 0 48 -92 44
24 2 0 48 -88 40
24 3 0 48 -84 36
24 4 0 48 -80 32
24 5 0 48 -76 28
24 6 -18 48 -72 -120
24 6 0 48 -72 24
24 7 0 48 -68 20
24 8 0 48 -64 16
24 9 0 48 -60 12
24 10 0 48 -56 8
24 11 0 48 -52 4
24 12 -12 48 -48 -96
24 12 0 48 -48 0
24 13 0 48 -44 -4
24 14 0 48 -40 -8
24 15 -36 48 -36 -120
24 15 -3 48 -36 -120
24 15 0 48 -36 -12
24 16 0 48 -32 -16
24 17 0 48 -28 -20
24 18 -6 48 -24 -72
24 18 0 48 -24 -24
24 19 0 48 -20 -28
24 20 0 48 -16 -32
24 21 0 48 -12 -36
24 22 0 48 -8 -40
24 23 0 48 -4 -44
24 24 0 48 0 -48
24 -24 -48 49 -196 -245
24 -24 -7 49 -196 196
24 -24 0 49 -196 147
24 -24 7 49 -196 196
24 -12 -12 49 -147 98
24 -12 0 49 -147 98
24 0 -24 49 -98 -147
24 0 0 49 -98 49
24 12 0 49 -49 0
24 24 0 49 0 -49
24 -24 -48 50 -200 -250
24 -24 0 50 -200 150
24 -18 0 50 -175 125
24 -12 -12 50 -150 100
24 -12 0 50 -150 100
24 -6 0 50 -125 75
24 0 -24 50 -100 -150
24 0 0 50 -100 50
24 6 0 50 -75 25
24 12 0 50 -50 0
24 18 0 50 -25 -25
24 24 0 50 0 -50
25 -25 -50 -50 200 250
25 -25 0 -50 200 -150
25 -24 0 -50 196 -146
25 -23 0 -50 192 -142
25 -22 0 -50 188 -138
25 -21 0 -50 184 -134
25 -20 -45 -50 180 230
25 -20 0 -50 180 -130
25 -19 0 -50 176 -126
25 -18 0 -50 172 -122
25 -17 0 -50 168 -118
25 -16 -7 -50 164 -128
25 -16 -2 -50 164 -128
25 -16 0 -50 164 -114
25 -15 -40 -50 160 210
25 -15 0 -50 160 -110
25 -14 0 -50 156 -106
25 -13 0 -50 152 -102
25 -12 0 -50 148 -98
25 -11 0 -50 144 -94
25 -10 -35 -50 140 190
25 -10 0 -50 140 -90
25 -9 0 -50 136 -86
25 -8 -18 -50 132 -64
25 -8 0 -50 132 -82
25 -8 1 -50 132 -64
25 -7 0 -50 128 -78
25 -6 0 -50 124 -74
25 -5 -30 -50 120 170
25 -5 0 -50 120 -70
25 -4 0 -50 116 -66
25 -3 0 -50 112 -62
25 -2 0 -50 108 -58
25 -1 0 -50 104 -54
25 0 -25 -50 100 150
25 0 0 -50 100 -50
25 1 0 -50 96 -46
25 2 -29 -50 92 16
25 2 0 -50 92 -42
25 2 2 -50 92 16
25 3 0 -50 88 -38
25 4 0 -50 84 -34
25 5 -20 -50 80 130
25 5 0 -50 80 -30
25 6 0 -50 76 -26
25 7 0 -50 72 -22
25 8 0 -50 68 -18
25 9 0 -50 64 -14
25 10 -15 -50 60 110
25 10 0 -50 60 -10
25 11 0 -50 56 -6
25 12 0 -50 52 -2
25 13 0 -50 48 2
25 14 0 -50 44 6
25 15 -10 -50 40 90
25 15 0 -50 40 10
25 16 0 -50 36 14
25 17 0 -50 32 18
25 18 0 -50 28 22
25 19 0 -50 24 26
25 20 -5 -50 20 70
25 20 0 -50 20 30
25 21 0 -50 16 34
25 22 0 -50 12 38
25 23 0 -50 8 42
25 24 0 -50 4 46
25 25 0 -50 0 50
25 -25 -50 -49 196 245
25 -25 0 -49 196 -147
25 0 -25 -49 98 147
25 0 0 -49 98 -49
25 25 0 -49 0 49
25 -25 -50 -48 192 240
25 -25 0 -48 192 -144
25 0 -25 -48 96 144
25 0 0 -48 96 -48
25 25 0 -48 0 48
25 -25 -50 -47 188 235
25 -25 0 -47 188 -141
25 0 -25 -47 94 141
25 0 0 -47 94 -47
25 25 0 -47 0 47
25 -25 -50 -46 184 230
25 -25 0 -46 184 -138
25 0 -25 -46 92 138
25 0 0 -46 92 -46
25 25 0 -46 0 46
25 -25 -50 -45 180 225
25 -25 0 -45 180 -135
25 -20 0 -45 162 -117
25 -15 -9 -45 144 -108
25 -15 -1 -45 144 -108
25 -15 0 -45 144 -99
25 -10 0 -45 126 -81
25 -5 0 -45 108 -63
25 0 -25 -45 90 135
25 0 0 -45 90 -45
25 5 0 -45 72 -27
25 10 0 -45 54 -9
25 15 0 -45 36 9
25 20 0 -45 18 27
25 25 0 -45 0 45
25 -25 -50 -44 176 220
25 -25 0 -44 176 -132
25 0 -25 -44 88 132
25 0 0 -44 88 -44
25 25 0 -44 0 44
25 -25 -50 -43 172 215
25 -25 0 -43 172 -129
25 0 -25 -43 86 129
25 0 0 -43 86 -43
25 25 0 -43 0 43
25 -25 -50 -42 168 210
25 -25 0 -42 168 -126
25 0 -25 -42 84 126
25 0 0 -42 84 -42
25 25 0 -42 0 42
25 -25 -50 -41 164 205
25 -25 0 -41 164 -123
25 0 -25 -41 82 123
25 0 0 -41 82 -41
25 25 0 -41 0 41
25 -25 -50 -40 160 200
25 -25 0 -40 160 -120
25 -20 0 -40 144 -104
25 -15 0 -40 128 -88
25 -10 0 -40 112 -72
25 -5 0 -40 96 -56
25 0 -25 -40 80 120
25 0 0 -40 80 -40
25 5 0 -40 64 -24
25 10 0 -40 48 -8
25 15 0 -40 32 8
25 20 0 -40 16 24
25 25 0 -40 0 40
25 -25 -50 -39 156 195
25 -25 0 -39 156 -117
25 0 -25 -39 78 117
25 0 0 -39 78 -39
25 25 0 -39 0 39
25 -25 -50 -38 152 190
25 -25 0 -38 152 -114
25 0 -25 -38 76 114
25 0 0 -38 76 -38
25 25 0 -38 0 38
25 -25 -50 -37 148 185
25 -25 0 -37 148 -111
25 0 -25 -37 74 111
25 0 0 -37 74 -37
25 25 0 -37 0 37
25 -25 -50 -36 144 180
25 -25 0 -36 144 -108
25 0 -25 -36 72 108
25 0 0 -36 72 -36
25 25 0 -36 0 36
25 -25 -50 -35 140 175
25 -25 0 -35 140 -105
25 -20 0 -35 126 -91
25 -15 0 -35 112 -77
25 -10 0 -35 98 -63
25 -5 -21 -35 84 -28
25 -5 0 -35 84 -49
25 -5 1 -35 84 -28
25 0 -25 -35 70 105
25 0 0 -35 70 -35
25 5 0 -35 56 -21
25 10 0 -35 42 -7
25 15 0 -35 28 7
25 20 0 -35 14 21
25 25 0 -35 0 35
25 -25 -50 -34 136 170
25 -25 0 -34 136 -102
25 0 -25 -34 68 102
25 0 0 -34 68 -34
25 25 0 -34 0 34
25 -25 -50 -33 132 165
25 -25 0 -33 132 -99
25 0 -25 -33 66 99
25 0 0 -33 66 -33
25 25 0 -33 0 33
25 -25 -50 -32 128 160
25 -25 0 -32 128 -96
25 0 -25 -32 64 96
25 0 0 -32 64 -32
25 25 0 -32 0 32
25 -25 -50 -31 124 155
25 -25 0 -31 124 -93
25 0 -25 -31 62 93
25 0 0 -31 62 -31
25 25 0 -31 0 31
25 -25 -50 -30 120 150
25 -25 0 -30 120 -90
25 -20 0 -30 108 -78
25 -15 0 -30 96 -66
25 -10 0 -30 84 -54
25 -5 0 -30 72 -42
25 0 -25 -30 60 90
25 0 0 -30 60 -30
25 5 0 -30 48 -18
25 10 0 -30 36 -6
25 15 0 -30 24 6
25 20 0 -30 12 18
25 25 0 -30 0 30
25 -25 -50 -29 116 145
25 -25 0 -29 116 -87
25 0 -25 -29 58 87
25 0 0 -29 58 -29
25 25 0 -29 0 29
25 -25 -50 -28 112 140
25 -25 0 -28 112 -84
25 0 -25 -28 56 84
25 0 0 -28 56 -28
25 25 0 -28 0 28
25 -25 -50 -27 108 135
25 -25 0 -27 108 -81
25 0 -25 -27 54 81
25 0 0 -27 54 -27
25 25 0 -27 0 27
25 -25 -52 -26 104 -78
25 -25 -50 -26 104 130
25 -25 0 -26 104 -78
25 -25 2 -26 104 -78
25 0 -104 -26 52 78
25 0 -26 -26 52 0
25 0 -25 -26 52 78
25 0 0 -26 52 -26
25 0 1 -26 52 0
25 0 4 -26 52 78
25 0 9 -26 52 208
25 25 0 -26 0 26
25 -25 -50 -25 100 125
25 -25 0 -25 100 -75
25 -24 0 -25 98 -73
25 -23 0 -25 96 -71
25 -22 0 -25 94 -69
25 -21 0 -25 92 -67
25 -20 -45 -25 90 115
25 -20 0 -25 90 -65
25 -19 0 -25 88 -63
25 -18 0 -25 86 -61
25 -17 0 -25 84 -59
25 -16 0 -25 82 -57
25 -15 -40 -25 80 105
25 -15 0 -25 80 -55
25 -14 0 -25 78 -53
25 -13 0 -25 76 -51
25 -12 0 -25 74 -49
25 -11 0 -25 72 -47
25 -10 -35 -25 70 95
25 -10 0 -25 70 -45
25 -9 0 -25 68 -43
25 -8 0 -25 66 -41
25 -7 0 -25 64 -39
25 -6 0 -25 62 -37
25 -5 -30 -25 60 85
25 -5 0 -25 60 -35
25 -4 0 -25 58 -33
25 -3 0 -25 56 -31
25 -2 0 -25 54 -29
25 -1 0 -25 52 -27
25 0 -25 -25 50 75
25 0 0 -25 50 -25
25 1 -27 -25 48 4
25 1 0 -25 48 -23
25 1 1 -25 48 4
25 2 0 -25 46 -21
25 3 0 -25 44 -19
25 4 0 -25 42 -17
25 5 -20 -25 40 65
25 5 0 -25 40 -15
25 6 0 -25 38 -13
25 7 0 -25 36 -11
25 8 0 -25 34 -9
25 9 0 -25 32 -7
25 10 -15 -25 30 55
25 10 0 -25 30 -5
25 11 0 -25 28 -3
25 12 0 -25 26 -1
25 13 0 -25 24 1
25 14 0 -25 22 3
25 15 -10 -25 20 45
25 15 0 -25 20 5
25 16 0 -25 18 7
25 17 0 -25 16 9
25 18 0 -25 14 11
25 19 0 -25 12 13
25 20 -5 -25 10 35
25 20 0 -25 10 15
25 21 0 -25 8 17
25 22 0 -25 6 19
25 23 0 -25 4 21
25 24 0 -25 2 23
25 25 0 -25 0 25
25 -25 -50 -24 96 120
25 -25 0 -24 96 -72
25 0 -25 -24 48 72
25 0 0 -24 48 -24
25 25 0 -24 0 24
25 -25 -50 -23 92 115
25 -25 0 -23 92 -69
25 0 -25 -23 46 69
25 0 0 -23 46 -23
25 25 0 -23 0 23
25 -25 -50 -22 88 110
25 -25 0 -22 88 -66
25 0 -25 -22 44 66
25 0 0 -22 44 -22
25 25 0 -22 0 22
25 -25 -50 -21 84 105
25 -25 0 -21 84 -63
25 0 -25 -21 42 63
25 0 0 -21 42 -21
25 25 0 -21 0 21
25 -25 -50 -20 80 100
25 -25 0 -20 80 -60
25 -20 0 -20 72 -52
25 -15 0 -20 64 -44
25 -10 0 -20 56 -36
25 -5 0 -20 48 -28
25 0 -25 -20 40 60
25 0 0 -20 40 -20
25 5 0 -20 32 -12
25 10 -36 -20 24 32
25 10 0 -20 24 -4
25 10 1 -20 24 32
25 15 0 -20 16 4
25 20 0 -20 8 12
25 25 0 -20 0 20
25 -25 -50 -19 76 95
25 -25 0 -19 76 -57
25 0 -25 -19 38 57
25 0 0 -19 38 -19
25 25 0 -19 0 19
25 -25 -50 -18 72 90
25 -25 0 -18 72 -54
25 0 -25 -18 36 54
25 0 0 -18 36 -18
25 25 0 -18 0 18
25 -25 -50 -17 68 85
25 -25 0 -17 68 -51
25 0 -25 -17 34 51
25 0 0 -17 34 -17
25 25 -51 -17 0 68
25 25 0 -17 0 17
25 25 1 -17 0 68
25 -25 -50 -16 64 80
25 -25 0 -16 64 -48
25 0 -25 -16 32 48
25 0 0 -16 32 -16
25 25 0 -16 0 16
25 -25 -50 -15 60 75
25 -25 0 -15 60 -45
25 -20 0 -15 54 -39
25 -15 0 -15 48 -33
25 -10 0 -15 42 -27
25 -5 0 -15 36 -21
25 0 -25 -15 30 45
25 0 0 -15 30 -15
25 5 0 -15 24 -9
25 10 0 -15 18 -3
25 15 0 -15 12 3
25 20 0 -15 6 9
25 25 0 -15 0 15
25 -25 -50 -14 56 70
25 -25 0 -14 56 -42
25 0 -25 -14 28 42
25 0 0 -14 28 -14
25 25 0 -14 0 14
25 -25 -50 -13 52 65
25 -25 0 -13 52 -39
25 0 -25 -13 26 39
25 0 0 -13 26 -13
25 25 0 -13 0 13
25 -25 -50 -12 48 60
25 -25 0 -12 48 -36
25 0 -25 -12 24 36
25 0 0 -12 24 -12
25 25 0 -12 0 12
25 -25 -50 -11 44 55
25 -25 0 -11 44 -33
25 0 -25 -11 22 33
25 0 0 -11 22 -11
25 25 0 -11 0 11
25 -25 -50 -10 40 50
25 -25 0 -10 40 -30
25 -20 -3 -10 36 -32
25 -20 -2 -10 36 -32
25 -20 0 -10 36 -26
25 -15 0 -10 32 -22
25 -10 0 -10 28 -18
25 -5 0 -10 24 -14
25 0 -25 -10 20 30
25 0 0 -10 20 -10
25 5 0 -10 16 -6
25 10 0 -10 12 -2
25 15 0 -10 8 2
25 20 0 -10 4 6
25 25 0 -10 0 10
25 -25 -50 -9 36 45
25 -25 0 -9 36 -27
25 0 -25 -9 18 27
25 0 0 -9 18 -9
25 25 0 -9 0 9
25 -25 -50 -8 32 40
25 -25 0 -8 32 -24
25 0 -25 -8 16 24
25 0 0 -8 16 -8
25 25 0 -8 0 8
25 -25 -50 -7 28 35
25 -25 0 -7 28 -21
25 0 -25 -7 14 21
25 0 0 -7 14 -7
25 25 0 -7 0 7
25 -25 -50 -6 24 30
25 -25 0 -6 24 -18
25 0 -25 -6 12 18
25 0 0 -6 12 -6
25 25 0 -6 0 6
25 -25 -50 -5 20 25
25 -25 0 -5 20 -15
25 -20 0 -5 18 -13
25 -15 0 -5 16 -11
25 -10 0 -5 14 -9
25 -5 0 -5 12 -7
25 0 -25 -5 10 15
25 0 0 -5 10 -5
25 5 0 -5 8 -3
25 10 0 -5 6 -1
25 15 0 -5 4 1
25 20 0 -5 2 3
25 25 0 -5 0 5
25 -25 -50 -4 16 20
25 -25 0 -4 16 -12
25 0 -25 -4 8 12
25 0 0 -4 8 -4
25 25 0 -4 0 4
25 -25 -50 -3 12 15
25 -25 0 -3 12 -9
25 0 -25 -3 6 9
25 0 0 -3 6 -3
25 25 0 -3 0 3
25 -25 -50 -2 8 10
25 -25 0 -2 8 -6
25 0 -25 -2 4 6
25 0 0 -2 4 -2
25 25 0 -2 0 2
25 -25 -50 -1 4 5
25 -25 0 -1 4 -3
25 0 -25 -1 2 3
25 0 0 -1 2 -1
25 25 0 -1 0 1
25 -25 -50 1 -4 -5
25 -25 -1 1 -4 4
25 -25 0 1 -4 3
25 -25 1 1 -4 4
25 0 -25 1 -2 -3
25 0 0 1 -2 1
25 25 0 1 0 -1
25 -25 -50 2 -8 -10
25 -25 0 2 -8 6
25 0 -25 2 -4 -6
25 0 0 2 -4 2
25 25 0 2 0 -2
25 -25 -50 3 -12 -15
25 -25 0 3 -12 9
25 0 -25 3 -6 -9
25 0 0 3 -6 3
25 25 0 3 0 -3
25 -25 -50 4 -16 -20
25 -25 -2 4 -16 16
25 -25 0 4 -16 12
25 -25 2 4 -16 16
25 0 -25 4 -8 -12
25 0 0 4 -8 4
25 25 0 4 0 -4
25 -25 -50 5 -20 -25
25 -25 0 5 -20 15
25 -20 0 5 -18 13
25 -15 0 5 -16 11
25 -10 0 5 -14 9
25 -5 0 5 -12 7
25 0 -25 5 -10 -15
25 0 0 5 -10 5
25 5 0 5 -8 3
25 10 0 5 -6 1
25 15 0 5 -4 -1
25 20 0 5 -2 -3
25 25 0 5 0 -5
25 -25 -50 6 -24 -30
25 -25 0 6 -24 18
25 0 -25 6 -12 -18
25 0 0 6 -12 6
25 25 0 6 0 -6
25 -25 -50 7 -28 -35
25 -25 0 7 -28 21
25 0 -25 7 -14 -21
25 0 0 7 -14 7
25 25 0 7 0 -7
25 -25 -50 8 -32 -40
25 -25 0 8 -32 24
25 0 -25 8 -16 -24
25 0 0 8 -16 8
25 25 0 8 0 -8
25 -25 -50 9 -36 -45
25 -25 -3 9 -36 36
25 -25 0 9 -36 27
25 -25 3 9 -36 36
25 0 -25 9 -18 -27
25 0 0 9 -18 9
25 25 0 9 0 -9
25 -25 -50 10 -40 -50
25 -25 0 10 -40 30
25 -20 -6 10 -36 32
25 -20 -4 10 -36 18
25 -20 0 10 -36 26
25 -20 1 10 -36 32
25 -15 0 10 -32 22
25 -10 0 10 -28 18
25 -5 0 10 -24 14
25 0 -25 10 -20 -30
25 0 0 10 -20 10
25 5 0 10 -16 6
25 10 0 10 -12 2
25 15 0 10 -8 -2
25 20 0 10 -4 -6
25 25 0 10 0 -10
25 -25 -50 11 -44 -55
25 -25 0 11 -44 33
25 0 -25 11 -22 -33
25 0 0 11 -22 11
25 25 0 11 0 -11
25 -25 -50 12 -48 -60
25 -25 0 12 -48 36
25 0 -25 12 -24 -36
25 0 0 12 -24 12
25 25 0 12 0 -12
25 -25 -50 13 -52 -65
25 -25 0 13 -52 39
25 0 -25 13 -26 -39
25 0 0 13 -26 13
25 25 0 13 0 -13
25 -25 -50 14 -56 -70
25 -25 0 14 -56 42
25 0 -25 14 -28 -42
25 0 0 14 -28 14
25 25 0 14 0 -14
25 -25 -50 15 -60 -75
25 -25 0 15 -60 45
25 -20 0 15 -54 39
25 -15 0 15 -48 33
25 -10 0 15 -42 27
25 -5 0 15 -36 21
25 0 -25 15 -30 -45
25 0 0 15 -30 15
25 5 0 15 -24 9
25 10 0 15 -18 3
25 15 0 15 -12 -3
25 20 0 15 -6 -9
25 25 0 15 0 -15
25 -25 -50 16 -64 -80
25 -25 -4 16 -64 64
25 -25 0 16 -64 48
25 -25 4 16 -64 64
25 0 -25 16 -32 -48
25 0 0 16 -32 16
25 25 0 16 0 -16
25 -25 -50 17 -68 -85
25 -25 0 17 -68 51
25 0 -25 17 -34 -51
25 0 0 17 -34 17
25 25 0 17 0 -17
25 -25 -50 18 -72 -90
25 -25 0 18 -72 54
25 0 -25 18 -36 -54
25 0 0 18 -36 18
25 25 0 18 0 -18
25 -25 -50 19 -76 -95
25 -25 0 19 -76 57
25 0 -25 19 -38 -57
25 0 0 19 -38 19
25 25 0 19 0 -19
25 -25 -50 20 -80 -100
25 -25 0 20 -80 60
25 -20 0 20 -72 52
25 -15 0 20 -64 44
25 -10 0 20 -56 36
25 -5 0 20 -48 28
25 0 -25 20 -40 -60
25 0 0 20 -40 20
25 5 0 20 -32 12
25 10 0 20 -24 4
25 15 0 20 -16 -4
25 20 0 20 -8 -12
25 25 0 20 0 -20
25 -25 -50 21 -84 -105
25 -25 0 21 -84 63
25 0 -25 21 -42 -63
25 0 0 21 -42 21
25 25 0 21 0 -21
25 -25 -50 22 -88 -110
25 -25 0 22 -88 66
25 0 -25 22 -44 -66
25 0 0 22 -44 22
25 25 0 22 0 -22
25 -25 -50 23 -92 -115
25 -25 0 23 -92 69
25 0 -25 23 -46 -69
25 0 0 23 -46 23
25 25 0 23 0 -23
25 -25 -50 24 -96 -120
25 -25 -48 24 -96 72
25 -25 -2 24 -96 72
25 -25 0 24 -96 72
25 0 -96 24 -48 -72
25 0 -25 24 -48 -72
25 0 -24 24 -48 0
25 0 -9 24 -48 -192
25 0 -4 24 -48 -72
25 0 -1 24 -48 0
25 0 0 24 -48 24
25 25 0 24 0 -24
25 -25 -50 25 -100 -125
25 -25 -5 25 -100 100
25 -25 0 25 -100 75
25 -25 5 25 -100 100
25 -24 0 25 -98 73
25 -23 0 25 -96 71
25 -22 0 25 -94 69
25 -21 0 25 -92 67
25 -20 -45 25 -90 -115
25 -20 0 25 -90 65
25 -19 0 25 -88 63
25 -18 0 25 -86 61
25 -17 -9 25 -84 68
25 -17 0 25 -84 59
25 -17 1 25 -84 68
25 -16 0 25 -82 57
25 -15 -40 25 -80 -105
25 -15 0 25 -80 55
25 -14 0 25 -78 53
25 -13 0 25 -76 51
25 -12 0 25 -74 49
25 -11 0 25 -72 47
25 -10 -35 25 -70 -95
25 -10 0 25 -70 45
25 -9 0 25 -68 43
25 -8 0 25 -66 41
25 -7 0 25 -64 39
25 -6 0 25 -62 37
25 -5 -30 25 -60 -85
25 -5 0 25 -60 35
25 -4 0 25 -58 33
25 -3 0 25 -56 31
25 -2 0 25 -54 29
25 -1 -23 25 -52 4
25 -1 -1 25 -52 4
25 -1 0 25 -52 27
25 0 -25 25 -50 -75
25 0 0 25 -50 25
25 1 0 25 -48 23
25 2 0 25 -46 21
25 3 0 25 -44 19
25 4 0 25 -42 17
25 5 -20 25 -40 -65
25 5 0 25 -40 15
25 6 0 25 -38 13
25 7 0 25 -36 11
25 8 0 25 -34 9
25 9 0 25 -32 7
25 10 -15 25 -30 -55
25 10 0 25 -30 5
25 11 0 25 -28 3
25 12 0 25 -26 1
25 13 0 25 -24 -1
25 14 0 25 -22 -3
25 15 -10 25 -20 -45
25 15 0 25 -20 -5
25 16 0 25 -18 -7
25 17 0 25 -16 -9
25 18 0 25 -14 -11
25 19 0 25 -12 -13
25 20 -5 25 -10 -35
25 20 0 25 -10 -15
25 21 0 25 -8 -17
25 22 0 25 -6 -19
25 23 0 25 -4 -21
25 24 0 25 -2 -23
25 25 0 25 0 -25
25 -25 -50 26 -104 -130
25 -25 0 26 -104 78
25 0 -25 26 -52 -78
25 0 0 26 -52 26
25 25 0 26 0 -26
25 -25 -50 27 -108 -135
25 -25 0 27 -108 81
25 0 -25 27 -54 -81
25 0 0 27 -54 27
25 25 0 27 0 -27
25 -25 -50 28 -112 -140
25 -25 0 28 -112 84
25 0 -25 28 -56 -84
25 0 0 28 -56 28
25 25 0 28 0 -28
25 -25 -50 29 -116 -145
25 -25 0 29 -116 87
25 0 -25 29 -58 -87
25 0 0 29 -58 29
25 25 0 29 0 -29
25 -25 -50 30 -120 -150
25 -25 0 30 -120 90
25 -20 0 30 -108 78
25 -15 0 30 -96 66
25 -10 0 30 -84 54
25 -5 0 30 -72 42
25 0 -25 30 -60 -90
25 0 0 30 -60 30
25 5 0 30 -48 18
25 10 0 30 -36 6
25 15 0 30 -24 -6
25 20 0 30 -12 -18
25 25 0 30 0 -30
25 -25 -50 31 -124 -155
25 -25 0 31 -124 93
25 0 -25 31 -62 -93
25 0 0 31 -62 31
25 25 0 31 0 -31
25 -25 -50 32 -128 -160
25 -25 0 32 -128 96
25 0 -25 32 -64 -96
25 0 0 32 -64 32
25 25 -48 32 0 -128
25 25 -2 32 0 -128
25 25 0 32 0 -32
25 -25 -50 33 -132 -165
25 -25 0 33 -132 99
25 0 -25 33 -66 -99
25 0 0 33 -66 33
25 25 0 33 0 -33
25 -25 -50 34 -136 -170
25 -25 0 34 -136 102
25 0 -25 34 -68 -102
25 0 0 34 -68 34
25 25 0 34 0 -34
25 -25 -50 35 -140 -175
25 -25 0 35 -140 105
25 -20 0 35 -126 91
25 -15 0 35 -112 77
25 -10 0 35 -98 63
25 -5 0 35 -84 49
25 0 -25 35 -70 -105
25 0 0 35 -70 35
25 5 0 35 -56 21
25 10 0 35 -42 7
25 15 0 35 -28 -7
25 20 0 35 -14 -21
25 25 0 35 0 -35
25 -25 -50 36 -144 -180
25 -25 -6 36 -144 144
25 -25 0 36 -144 108
25 -25 6 36 -144 144
25 0 -25 36 -72 -108
25 0 0 36 -72 36
25 25 0 36 0 -36
25 -25 -50 37 -148 -185
25 -25 0 37 -148 111
25 0 -25 37 -74 -111
25 0 0 37 -74 37
25 25 0 37 0 -37
25 -25 -50 38 -152 -190
25 -25 0 38 -152 114
25 0 -25 38 -76 -114
25 0 0 38 -76 38
25 25 0 38 0 -38
25 -25 -50 39 -156 -195
25 -25 0 39 -156 117
25 0 -25 39 -78 -117
25 0 0 39 -78 39
25 25 0 39 0 -39
25 -25 -50 40 -160 -200
25 -25 0 40 -160 120
25 -20 -8 40 -144 128
25 -20 0 40 -144 104
25 -20 3 40 -144 128
25 -15 0 40 -128 88
25 -10 0 40 -112 72
25 -5 0 40 -96 56
25 0 -25 40 -80 -120
25 0 0 40 -80 40
25 5 -28 40 -64 -32
25 5 -2 40 -64 -32
25 5 0 40 -64 24
25 10 0 40 -48 8
25 15 0 40 -32 -8
25 20 0 40 -16 -24
25 25 0 40 0 -40
25 -25 -50 41 -164 -205
25 -25 0 41 -164 123
25 0 -25 41 -82 -123
25 0 0 41 -82 41
25 25 0 41 0 -41
25 -25 -50 42 -168 -210
25 -25 0 42 -168 126
25 0 -25 42 -84 -126
25 0 0 42 -84 42
25 25 0 42 0 -42
25 -25 -50 43 -172 -215
25 -25 0 43 -172 129
25 0 -25 43 -86 -129
25 0 0 43 -86 43
25 25 0 43 0 -43
25 -25 -50 44 -176 -220
25 -25 0 44 -176 132
25 0 -25 44 -88 -132
25 0 0 44 -88 44
25 25 0 44 0 -44
25 -25 -50 45 -180 -225
25 -25 0 45 -180 135
25 -20 0 45 -162 117
25 -15 0 45 -144 99
25 -10 0 45 -126 81
25 -5 0 45 -108 63
25 0 -25 45 -90 -135
25 0 0 45 -90 45
25 5 0 45 -72 27
25 10 0 45 -54 9
25 15 0 45 -36 -9
25 20 0 45 -18 -27
25 25 0 45 0 -45
25 -25 -50 46 -184 -230
25 -25 -46 46 -184 138
25 -25 -4 46 -184 138
25 -25 0 46 -184 138
25 0 -92 46 -92 -138
25 0 -25 46 -92 -138
25 0 -23 46 -92 0
25 0 -8 46 -92 -138
25 0 -2 46 -92 0
25 0 0 46 -92 46
25 25 0 46 0 -46
25 -25 -50 47 -188 -235
25 -25 0 47 -188 141
25 0 -25 47 -94 -141
25 0 0 47 -94 47
25 25 -47 47 0 -188
25 25 -3 47 0 -188
25 25 0 47 0 -47
25 -25 -50 48 -192 -240
25 -25 0 48 -192 144
25 0 -25 48 -96 -144
25 0 0 48 -96 48
25 25 0 48 0 -48
25 -25 -50 49 -196 -245
25 -25 -7 49 -196 196
25 -25 0 49 -196 147
25 -25 7 49 -196 196
25 0 -25 49 -98 -147
25 0 0 49 -98 49
25 25 0 49 0 -49
25 -25 -50 50 -200 -250
25 -25 0 50 -200 150
25 -24 0 50 -196 146
25 -23 0 50 -192 142
25 -22 0 50 -188 138
25 -21 0 50 -184 134
25 -20 -45 50 -180 -230
25 -20 0 50 -180 130
25 -19 0 50 -176 126
25 -18 0 50 -172 122
25 -17 0 50 -168 118
25 -16 0 50 -164 114
25 -15 -40 50 -160 -210
25 -15 0 50 -160 110
25 -14 0 50 -156 106
25 -13 0 50 -152 102
25 -12 0 50 -148 98
25 -11 0 50 -144 94
25 -10 -35 50 -140 -190
25 -10 0 50 -140 90
25 -9 0 50 -136 86
25 -8 0 50 -132 82
25 -7 0 50 -128 78
25 -6 0 50 -124 74
25 -5 -30 50 -120 -170
25 -5 0 50 -120 70
25 -4 0 50 -116 66
25 -3 0 50 -112 62
25 -2 -21 50 -108 16
25 -2 -2 50 -108 16
25 -2 0 50 -108 58
25 -1 0 50 -104 54
25 0 -25 50 -100 -150
25 0 0 50 -100 50
25 1 0 50 -96 46
25 2 0 50 -92 42
25 3 0 50 -88 38
25 4 0 50 -84 34
25 5 -20 50 -80 -130
25 5 0 50 -80 30
25 6 0 50 -76 26
25 7 0 50 -72 22
25 8 0 50 -68 18
25 9 0 50 -64 14
25 10 -15 50 -60 -110
25 10 0 50 -60 10
25 11 0 50 -56 6
25 12 0 50 -52 2
25 13 0 50 -48 -2
25 14 0 50 -44 -6
25 15 -10 50 -40 -90
25 15 0 50 -40 -10
25 16 -38 50 -36 -128
25 16 -3 50 -36 -128
25 16 0 50 -36 -14
25 17 0 50 -32 -18
25 18 0 50 -28 -22
25 19 0 50 -24 -26
25 20 -5 50 -20 -70
25 20 0 50 -20 -30
25 21 0 50 -16 -34
25 22 0 50 -12 -38
25 23 0 50 -8 -42
25 24 0 50 -4 -46
25 25 0 50 0 -50
26 -26 -52 -50 200 250
26 -26 0 -50 200 -150
26 -13 -13 -50 150 -100
26 -13 0 -50 150 -100
26 0 -26 -50 100 150
26 0 0 -50 100 -50
26 13 0 -50 50 0
26 26 0 -50 0 50
26 -26 -52 -49 196 245
26 -26 0 -49 196 -147
26 -13 -13 -49 147 -98
26 -13 0 -49 147 -98
26 0 -26 -49 98 147
26 0 0 -49 98 -49
26 13 0 -49 49 0
26 26 0 -49 0 49
26 -26 -52 -48 192 240
26 -26 0 -48 192 -144
26 -13 -13 -48 144 -96
26 -13 0 -48 144 -96
26 0 -26 -48 96 144
26 0 0 -48 96 -48
26 13 0 -48 48 0
26 26 0 -48 0 48
26 -26 -52 -47 188 235
26 -26 0 -47 188 -141
26 -13 -39 -47 141 188
26 -13 -13 -47 141 -94
26 -13 0 -47 141 -94
26 0 -26 -47 94 141
26 0 0 -47 94 -47
26 13 -13 -47 47 94
26 13 0 -47 47 0
26 26 0 -47 0 47
26 -26 -52 -46 184 230
26 -26 0 -46 184 -138
26 -13 -13 -46 138 -92
26 -13 0 -46 138 -92
26 0 -26 -46 92 138
26 0 0 -46 92 -46
26 13 0 -46 46 0
26 26 0 -46 0 46
26 -26 -52 -45 180 225
26 -26 0 -45 180 -135
26 -13 -13 -45 135 -90
26 -13 0 -45 135 -90
26 0 -26 -45 90 135
26 0 0 -45 90 -45
26 13 0 -45 45 0
26 26 0 -45 0 45
26 -26 -52 -44 176 220
26 -26 0 -44 176 -132
26 -13 -13 -44 132 -88
26 -13 0 -44 132 -88
26 0 -26 -44 88 132
26 0 0 -44 88 -44
26 13 0 -44 44 0
26 26 0 -44 0 44
26 -26 -52 -43 172 215
26 -26 0 -43 172 -129
26 -13 -39 -43 129 172
26 -13 -13 -43 129 -86
26 -13 0 -43 129 -86
26 0 -26 -43 86 129
26 0 0 -43 86 -43
26 13 -13 -43 43 86
26 13 0 -43 43 0
26 26 0 -43 0 43
26 -26 -52 -42 168 210
26 -26 0 -42 168 -126
26 -13 -13 -42 126 -84
26 -13 0 -42 126 -84
26 0 -26 -42 84 126
26 0 0 -42 84 -42
26 13 0 -42 42 0
26 26 0 -42 0 42
26 -26 -52 -41 164 205
26 -26 0 -41 164 -123
26 -13 -13 -41 123 -82
26 -13 0 -41 123 -82
26 0 -26 -41 82 123
26 0 0 -41 82 -41
26 13 -41 -41 41 82
26 13 0 -41 41 0
26 13 2 -41 41 82
26 26 0 -41 0 41
26 -26 -52 -40 160 200
26 -26 0 -40 160 -120
26 -13 -13 -40 120 -80
26 -13 0 -40 120 -80
26 0 -26 -40 80 120
26 0 0 -40 80 -40
26 13 0 -40 40 0
26 26 0 -40 0 40
26 -26 -52 -39 156 195
26 -26 0 -39 156 -117
26 -25 0 -39 153 -114
26 -24 0 -39 150 -111
26 -24 4 -39 150 -99
26 -23 0 -39 147 -108
26 -22 0 -39 144 -105
26 -21 0 -39 141 -102
26 -20 0 -39 138 -99
26 -19 0 -39 135 -96
26 -18 -5 -39 132 -108
26 -18 -3 -39 132 -108
26 -18 0 -39 132 -93
26 -17 -10 -39 129 -36
26 -17 0 -39 129 -90
26 -16 -9 -39 126 -96
26 -16 -1 -39 126 -96
26 -16 0 -39 126 -87
26 -15 0 -39 123 -84
26 -14 0 -39 120 -81
26 -13 -39 -39 117 156
26 -13 -13 -39 117 -78
26 -13 0 -39 117 -78
26 -12 0 -39 114 -75
26 -11 0 -39 111 -72
26 -10 0 -39 108 -69
26 -9 0 -39 105 -66
26 -8 0 -39 102 -63
26 -7 0 -39 99 -60
26 -6 -21 -39 96 -36
26 -6 0 -39 96 -57
26 -6 1 -39 96 -36
26 -5 0 -39 93 -54
26 -4 0 -39 90 -51
26 -3 0 -39 87 -48
26 -2 0 -39 84 -45
26 -1 0 -39 81 -42
26 0 -26 -39 78 117
26 0 0 -39 78 -39
26 1 0 -39 75 -36
26 2 0 -39 72 -33
26 3 0 -39 69 -30
26 4 0 -39 66 -27
26 5 0 -39 63 -24
26 6 0 -39 60 -21
26 7 0 -39 57 -18
26 8 0 -39 54 -15
26 9 0 -39 51 -12
26 10 0 -39 48 -9
26 11 0 -39 45 -6
26 12 0 -39 42 -3
26 13 -13 -39 39 78
26 13 0 -39 39 0
26 14 0 -39 36 3
26 15 0 -39 33 6
26 16 0 -39 30 9
26 17 -45 -39 27 102
26 17 0 -39 27 12
26 17 2 -39 27 102
26 18 0 -39 24 15
26 19 0 -39 21 18
26 20 0 -39 18 21
26 21 0 -39 15 24
26 22 0 -39 12 27
26 23 0 -39 9 30
26 24 0 -39 6 33
26 25 0 -39 3 36
26 26 0 -39 0 39
26 -26 -52 -38 152 190
26 -26 0 -38 152 -114
26 -13 -13 -38 114 -76
26 -13 0 -38 114 -76
26 0 -26 -38 76 114
26 0 0 -38 76 -38
26 13 0 -38 38 0
26 26 0 -38 0 38
26 -26 -52 -37 148 185
26 -26 0 -37 148 -111
26 -13 -13 -37 111 -74
26 -13 0 -37 111 -74
26 0 -26 -37 74 111
26 0 0 -37 74 -37
26 13 0 -37 37 0
26 26 0 -37 0 37
26 -26 -52 -36 144 180
26 -26 0 -36 144 -108
26 -13 -13 -36 108 -72
26 -13 0 -36 108 -72
26 0 -26 -36 72 108
26 0 0 -36 72 -36
26 13 0 -36 36 0
26 26 -54 -36 0 144
26 26 0 -36 0 36
26 26 2 -36 0 144
26 -26 -52 -35 140 175
26 -26 0 -35 140 -105
26 -13 -39 -35 105 140
26 -13 -13 -35 105 -70
26 -13 0 -35 105 -70
26 0 -26 -35 70 105
26 0 0 -35 70 -35
26 13 -13 -35 35 70
26 13 0 -35 35 0
26 26 0 -35 0 35
26 -26 -52 -34 136 170
26 -26 0 -34 136 -102
26 -13 -13 -34 102 -68
26 -13 0 -34 102 -68
26 0 -26 -34 68 102
26 0 0 -34 68 -34
26 13 0 -34 34 0
26 26 0 -34 0 34
26 -26 -52 -33 132 165
26 -26 0 -33 132 -99
26 -13 -13 -33 99 -66
26 -13 0 -33 99 -66
26 0 -26 -33 66 99
26 0 0 -33 66 -33
26 13 0 -33 33 0
26 26 0 -33 0 33
26 -26 -52 -32 128 160
26 -26 0 -32 128 -96
26 -13 -13 -32 96 -64
26 -13 0 -32 96 -64
26 0 -106 -32 64 256
26 0 -26 -32 64 96
26 0 -24 -32 64 256
26 0 0 -32 64 -32
26 13 0 -32 32 0
26 26 0 -32 0 32
26 -26 -52 -31 124 155
26 -26 0 -31 124 -93
26 -13 -39 -31 93 124
26 -13 -13 -31 93 -62
26 -13 0 -31 93 -62
26 0 -26 -31 62 93
26 0 0 -31 62 -31
26 13 -13 -31 31 62
26 13 0 -31 31 0
26 26 0 -31 0 31
26 -26 -52 -30 120 150
26 -26 0 -30 120 -90
26 -13 -13 -30 90 -60
26 -13 0 -30 90 -60
26 0 -26 -30 60 90
26 0 0 -30 60 -30
26 13 0 -30 30 0
26 26 0 -30 0 30
26 -26 -52 -29 116 145
26 -26 0 -29 116 -87
26 -13 -13 -29 87 -58
26 -13 0 -29 87 -58
26 0 -26 -29 58 87
26 0 0 -29 58 -29
26 13 0 -29 29 0
26 26 0 -29 0 29
26 -26 -52 -28 112 140
26 -26 0 -28 112 -84
26 -13 -13 -28 84 -56
26 -13 0 -28 84 -56
26 0 -26 -28 56 84
26 0 0 -28 56 -28
26 13 0 -28 28 0
26 26 0 -28 0 28
26 -26 -54 -27 108 -81
26 -26 -52 -27 108 135
26 -26 -6 -27 108 135
26 -26 0 -27 108 -81
26 -26 2 -27 108 -81
26 -26 24 -27 108 135
26 -13 -39 -27 81 108
26 -13 -13 -27 81 -54
26 -13 0 -27 81 -54
26 0 -192 -27 54 165
26 0 -147 -27 54 120
26 0 -108 -27 54 81
26 0 -75 -27 54 48
26 0 -48 -27 54 21
26 0 -27 -27 54 0
26 0 -26 -27 54 81
26 0 -12 -27 54 -15
26 0 -3 -27 54 -24
26 0 0 -27 54 -27
26 0 1 -27 54 0
26 0 4 -27 54 81
26 0 9 -27 54 216
26 13 -13 -27 27 54
26 13 0 -27 27 0
26 13 2 -27 27 -6
26 26 0 -27 0 27
26 -26 -52 -26 104 130
26 -26 0 -26 104 -78
26 -25 0 -26 102 -76
26 -24 0 -26 100 -74
26 -23 0 -26 98 -72
26 -22 0 -26 96 -70
26 -21 0 -26 94 -68
26 -20 0 -26 92 -66
26 -19 -4 -26 90 -76
26 -19 -3 -26 90 -76
26 -19 0 -26 90 -64
26 -18 0 -26 88 -62
26 -17 -8 -26 86 -68
26 -17 -1 -26 86 -68
26 -17 0 -26 86 -60
26 -16 0 -26 84 -58
26 -15 0 -26 82 -56
26 -14 0 -26 80 -54
26 -13 -13 -26 78 -52
26 -13 0 -26 78 -52
26 -12 0 -26 76 -50
26 -11 0 -26 74 -48
26 -10 0 -26 72 -46
26 -9 0 -26 70 -44
26 -8 0 -26 68 -42
26 -7 0 -26 66 -40
26 -6 0 -26 64 -38
26 -5 0 -26 62 -36
26 -4 0 -26 60 -34
26 -3 0 -26 58 -32
26 -2 0 -26 56 -30
26 -1 0 -26 54 -28
26 0 -26 -26 52 78
26 0 0 -26 52 -26
26 1 -28 -26 50 4
26 1 0 -26 50 -24
26 1 1 -26 50 4
26 2 0 -26 48 -22
26 3 0 -26 46 -20
26 4 0 -26 44 -18
26 5 0 -26 42 -16
26 6 0 -26 40 -14
26 7 0 -26 38 -12
26 8 0 -26 36 -10
26 9 0 -26 34 -8
26 10 0 -26 32 -6
26 11 0 -26 30 -4
26 12 0 -26 28 -2
26 13 0 -26 26 0
26 14 0 -26 24 2
26 15 0 -26 22 4
26 16 0 -26 20 6
26 17 0 -26 18 8
26 18 0 -26 16 10
26 19 0 -26 14 12
26 20 0 -26 12 14
26 21 0 -26 10 16
26 22 0 -26 8 18
26 23 0 -26 6 20
26 24 0 -26 4 22
26 25 0 -26 2 24
26 26 0 -26 0 26
26 -26 -52 -25 100 125
26 -26 0 -25 100 -75
26 -13 -13 -25 75 -50
26 -13 0 -25 75 -50
26 0 -26 -25 50 75
26 0 0 -25 50 -25
26 13 0 -25 25 0
26 26 0 -25 0 25
26 -26 -52 -24 96 120
26 -26 0 -24 96 -72
26 -13 -13 -24 72 -48
26 -13 0 -24 72 -48
26 0 -26 -24 48 72
26 0 0 -24 48 -24
26 13 0 -24 24 0
26 26 0 -24 0 24
26 -26 -52 -23 92 115
26 -26 0 -23 92 -69
26 -13 -39 -23 69 92
26 -13 -13 -23 69 -46
26 -13 0 -23 69 -46
26 0 -26 -23 46 69
26 0 0 -23 46 -23
26 13 -13 -23 23 46
26 13 0 -23 23 0
26 26 0 -23 0 23
26 -26 -52 -22 88 110
26 -26 0 -22 88 -66
26 -13 -13 -22 66 -44
26 -13 0 -22 66 -44
26 0 -26 -22 44 66
26 0 0 -22 44 -22
26 13 0 -22 22 0
26 26 0 -22 0 22
26 -26 -52 -21 84 105
26 -26 0 -21 84 -63
26 -13 -13 -21 63 -42
26 -13 0 -21 63 -42
26 0 -26 -21 42 63
26 0 0 -21 42 -21
26 13 0 -21 21 0
26 26 0 -21 0 21
26 -26 -52 -20 80 100
26 -26 0 -20 80 -60
26 -13 -13 -20 60 -40
26 -13 0 -20 60 -40
26 0 -26 -20 40 60
26 0 0 -20 40 -20
26 13 -40 -20 20 40
26 13 0 -20 20 0
26 13 1 -20 20 40
26 26 0 -20 0 20
26 -26 -52 -19 76 95
26 -26 0 -19 76 -57
26 -13 -39 -19 57 76
26 -13 -13 -19 57 -38
26 -13 0 -19 57 -38
26 0 -26 -19 38 57
26 0 0 -19 38 -19
26 13 -13 -19 19 38
26 13 0 -19 19 0
26 26 0 -19 0 19
26 -26 -52 -18 72 90
26 -26 0 -18 72 -54
26 -13 -13 -18 54 -36
26 -13 0 -18 54 -36
26 0 -26 -18 36 54
26 0 0 -18 36 -18
26 13 0 -18 18 0
26 26 0 -18 0 18
26 -26 -52 -17 68 85
26 -26 0 -17 68 -51
26 -13 -13 -17 51 -34
26 -13 0 -17 51 -34
26 0 -26 -17 34 51
26 0 0 -17 34 -17
26 13 0 -17 17 0
26 26 0 -17 0 17
26 -26 -52 -16 64 80
26 -26 0 -16 64 -48
26 -13 -13 -16 48 -32
26 -13 0 -16 48 -32
26 0 -26 -16 32 48
26 0 0 -16 32 -16
26 13 0 -16 16 0
26 26 0 -16 0 16
26 -26 -157 -15 60 180
26 -26 -52 -15 60 75
26 -26 -51 -15 60 180
26 -26 0 -15 60 -45
26 -13 -129 -15 45 270
26 -13 -39 -15 45 60
26 -13 -13 -15 45 -30
26 -13 0 -15 45 -30
26 0 -26 -15 30 45
26 0 0 -15 30 -15
26 13 -13 -15 15 30
26 13 0 -15 15 0
26 26 0 -15 0 15
26 -26 -52 -14 56 70
26 -26 0 -14 56 -42
26 -13 -13 -14 42 -28
26 -13 0 -14 42 -28
26 0 -26 -14 28 42
26 0 0 -14 28 -14
26 13 0 -14 14 0
26 26 0 -14 0 14
26 -26 -52 -13 52 65
26 -26 0 -13 52 -39
26 -25 0 -13 51 -38
26 -24 0 -13 50 -37
26 -23 0 -13 49 -36
26 -22 0 -13 48 -35
26 -21 0 -13 47 -34
26 -20 0 -13 46 -33
26 -19 -6 -13 45 -38
26 -19 -1 -13 45 -38
26 -19 0 -13 45 -32
26 -18 0 -13 44 -31
26 -17 0 -13 43 -30
26 -16 0 -13 42 -29
26 -15 0 -13 41 -28
26 -14 0 -13 40 -27
26 -13 -13 -13 39 -26
26 -13 0 -13 39 -26
26 -12 0 -13 38 -25
26 -11 0 -13 37 -24
26 -10 0 -13 36 -23
26 -9 0 -13 35 -22
26 -8 0 -13 34 -21
26 -7 0 -13 33 -20
26 -6 0 -13 32 -19
26 -5 0 -13 31 -18
26 -4 0 -13 30 -17
26 -3 0 -13 29 -16
26 -2 0 -13 28 -15
26 -1 0 -13 27 -14
26 0 -26 -13 26 39
26 0 0 -13 26 -13
26 1 0 -13 25 -12
26 2 0 -13 24 -11
26 3 0 -13 23 -10
26 4 0 -13 22 -9
26 5 0 -13 21 -8
26 6 0 -13 20 -7
26 7 0 -13 19 -6
26 8 0 -13 18 -5
26 9 0 -13 17 -4
26 10 0 -13 16 -3
26 11 0 -13 15 -2
26 12 0 -13 14 -1
26 13 0 -13 13 0
26 14 0 -13 12 1
26 15 0 -13 11 2
26 16 0 -13 10 3
26 17 0 -13 9 4
26 18 0 -13 8 5
26 19 0 -13 7 6
26 20 0 -13 6 7
26 21 0 -13 5 8
26 22 0 -13 4 9
26 23 0 -13 3 10
26 24 0 -13 2 11
26 25 0 -13 1 12
26 26 0 -13 0 13
26 -26 -52 -12 48 60
26 -26 0 -12 48 -36
26 -13 -13 -12 36 -24
26 -13 0 -12 36 -24
26 0 -26 -12 24 36
26 0 0 -12 24 -12
26 13 0 -12 12 0
26 26 0 -12 0 12
26 -26 -52 -11 44 55
26 -26 0 -11 44 -33
26 -13 -39 -11 33 44
26 -13 -13 -11 33 -22
26 -13 0 -11 33 -22
26 0 -26 -11 22 33
26 0 0 -11 22 -11
26 13 -13 -11 11 22
26 13 0 -11 11 0
26 26 0 -11 0 11
26 -26 -52 -10 40 50
26 -26 0 -10 40 -30
26 -13 -13 -10 30 -20
26 -13 0 -10 30 -20
26 0 -26 -10 20 30
26 0 0 -10 20 -10
26 13 0 -10 10 0
26 26 0 -10 0 10
26 -26 -52 -9 36 45
26 -26 0 -9 36 -27
26 -13 -13 -9 27 -18
26 -13 0 -9 27 -18
26 0 -26 -9 18 27
26 0 0 -9 18 -9
26 13 0 -9 9 0
26 26 0 -9 0 9
26 -26 -52 -8 32 40
26 -26 0 -8 32 -24
26 -13 -13 -8 24 -16
26 -13 0 -8 24 -16
26 0 -26 -8 16 24
26 0 0 -8 16 -8
26 13 0 -8 8 0
26 26 0 -8 0 8
26 -26 -52 -7 28 35
26 -26 0 -7 28 -21
26 -13 -39 -7 21 28
26 -13 -13 -7 21 -14
26 -13 0 -7 21 -14
26 0 -26 -7 14 21
26 0 0 -7 14 -7
26 13 -13 -7 7 14
26 13 0 -7 7 0
26 26 0 -7 0 7
26 -26 -52 -6 24 30
26 -26 0 -6 24 -18
26 -13 -13 -6 18 -12
26 -13 0 -6 18 -12
26 0 -26 -6 12 18
26 0 0 -6 12 -6
26 13 0 -6 6 0
26 26 0 -6 0 6
26 -26 -52 -5 20 25
26 -26 0 -5 20 -15
26 -13 -13 -5 15 -10
26 -13 0 -5 15 -10
26 0 -26 -5 10 15
26 0 0 -5 10 -5
26 13 0 -5 5 0
26 26 0 -5 0 5
26 -26 -52 -4 16 20
26 -26 0 -4 16 -12
26 -13 -13 -4 12 -8
26 -13 0 -4 12 -8
26 0 -26 -4 8 12
26 0 0 -4 8 -4
26 13 0 -4 4 0
26 26 0 -4 0 4
26 -26 -52 -3 12 15
26 -26 0 -3 12 -9
26 -13 -39 -3 9 12
26 -13 -13 -3 9 -6
26 -13 0 -3 9 -6
26 0 -26 -3 6 9
26 0 0 -3 6 -3
26 13 -13 -3 3 6
26 13 0 -3 3 0
26 26 0 -3 0 3
26 -26 -52 -2 8 10
26 -26 0 -2 8 -6
26 -13 -13 -2 6 -4
26 -13 0 -2 6 -4
26 0 -26 -2 4 6
26 0 0 -2 4 -2
26 13 0 -2 2 0
26 26 0 -2 0 2
26 -26 -52 -1 4 5
26 -26 0 -1 4 -3
26 -13 -13 -1 3 -2
26 -13 0 -1 3 -2
26 0 -26 -1 2 3
26 0 0 -1 2 -1
26 13 0 -1 1 0
26 26 0 -1 0 1
26 -26 -52 1 -4 -5
26 -26 -1 1 -4 4
26 -26 0 1 -4 3
26 -26 1 1 -4 4
26 -13 -39 1 -3 -4
26 -13 -13 1 -3 2
26 -13 0 1 -3 2
26 0 -26 1 -2 -3
26 0 0 1 -2 1
26 13 -13 1 -1 -2
26 13 0 1 -1 0
26 26 0 1 0 -1
26 -26 -52 2 -8 -10
26 -26 0 2 -8 6
26 -13 -13 2 -6 4
26 -13 0 2 -6 4
26 0 -26 2 -4 -6
26 0 0 2 -4 2
26 13 0 2 -2 0
26 26 0 2 0 -2
26 -26 -52 3 -12 -15
26 -26 0 3 -12 9
26 -13 -13 3 -9 6
26 -13 0 3 -9 6
26 0 -26 3 -6 -9
26 0 0 3 -6 3
26 13 0 3 -3 0
26 26 0 3 0 -3
26 -26 -52 4 -16 -20
26 -26 -2 4 -16 16
26 -26 0 4 -16 12
26 -26 2 4 -16 16
26 -13 -13 4 -12 8
26 -13 0 4 -12 8
26 0 -26 4 -8 -12
26 0 0 4 -8 4
26 13 0 4 -4 0
26 26 0 4 0 -4
26 -26 -52 5 -20 -25
26 -26 0 5 -20 15
26 -13 -39 5 -15 -20
26 -13 -13 5 -15 10
26 -13 0 5 -15 10
26 0 -26 5 -10 -15
26 0 0 5 -10 5
26 13 -13 5 -5 -10
26 13 0 5 -5 0
26 26 0 5 0 -5
26 -26 -52 6 -24 -30
26 -26 0 6 -24 18
26 -13 -13 6 -18 12
26 -13 0 6 -18 12
26 0 -26 6 -12 -18
26 0 0 6 -12 6
26 13 0 6 -6 0
26 26 0 6 0 -6
26 -26 -52 7 -28 -35
26 -26 0 7 -28 21
26 -13 -13 7 -21 14
26 -13 0 7 -21 14
26 0 -26 7 -14 -21
26 0 0 7 -14 7
26 13 0 7 -7 0
26 26 0 7 0 -7
26 -26 -52 8 -32 -40
26 -26 0 8 -32 24
26 -13 -13 8 -24 16
26 -13 0 8 -24 16
26 0 -26 8 -16 -24
26 0 0 8 -16 8
26 13 0 8 -8 0
26 26 0 8 0 -8
26 -26 -52 9 -36 -45
26 -26 -3 9 -36 36
26 -26 0 9 -36 27
26 -26 3 9 -36 36
26 -13 -39 9 -27 -36
26 -13 -13 9 -27 18
26 -13 0 9 -27 18
26 0 -26 9 -18 -27
26 0 0 9 -18 9
26 13 -13 9 -9 -18
26 13 0 9 -9 0
26 26 0 9 0 -9
26 -26 -52 10 -40 -50
26 -26 0 10 -40 30
26 -13 -13 10 -30 20
26 -13 0 10 -30 20
26 0 -26 10 -20 -30
26 0 0 10 -20 10
26 13 0 10 -10 0
26 26 0 10 0 -10
26 -26 -52 11 -44 -55
26 -26 0 11 -44 33
26 -13 -13 11 -33 22
26 -13 0 11 -33 22
26 0 -26 11 -22 -33
26 0 0 11 -22 11
26 13 0 11 -11 0
26 26 0 11 0 -11
26 -26 -52 12 -48 -60
26 -26 0 12 -48 36
26 -13 -13 12 -36 24
26 -13 0 12 -36 24
26 0 -26 12 -24 -36
26 0 0 12 -24 12
26 13 0 12 -12 0
26 26 0 12 0 -12
26 -26 -52 13 -52 -65
26 -26 0 13 -52 39
26 -25 -4 13 -51 50
26 -25 0 13 -51 38
26 -25 3 13 -51 50
26 -24 0 13 -50 37
26 -23 -5 13 -49 46
26 -23 0 13 -49 36
26 -23 2 13 -49 46
26 -22 0 13 -48 35
26 -21 0 13 -47 34
26 -20 -7 13 -46 40
26 -20 0 13 -46 33
26 -20 1 13 -46 40
26 -19 -6 13 -45 18
26 -19 0 13 -45 32
26 -18 0 13 -44 31
26 -17 0 13 -43 30
26 -16 0 13 -42 29
26 -15 0 13 -41 28
26 -14 0 13 -40 27
26 -13 -39 13 -39 -52
26 -13 -13 13 -39 26
26 -13 0 13 -39 26
26 -12 0 13 -38 25
26 -11 0 13 -37 24
26 -10 0 13 -36 23
26 -9 0 13 -35 22
26 -8 0 13 -34 21
26 -7 0 13 -33 20
26 -6 0 13 -32 19
26 -5 0 13 -31 18
26 -4 0 13 -30 17
26 -3 0 13 -29 16
26 -2 0 13 -28 15
26 -1 0 13 -27 14
26 0 -26 13 -26 -39
26 0 0 13 -26 13
26 1 0 13 -25 12
26 2 0 13 -24 11
26 3 0 13 -23 10
26 4 0 13 -22 9
26 5 0 13 -21 8
26 6 0 13 -20 7
26 7 0 13 -19 6
26 8 0 13 -18 5
26 9 0 13 -17 4
26 10 0 13 -16 3
26 11 0 13 -15 2
26 12 0 13 -14 1
26 13 -13 13 -13 -26
26 13 0 13 -13 0
26 14 0 13 -12 -1
26 15 0 13 -11 -2
26 16 0 13 -10 -3
26 17 0 13 -9 -4
26 18 0 13 -8 -5
26 19 0 13 -7 -6
26 20 0 13 -6 -7
26 21 0 13 -5 -8
26 22 0 13 -4 -9
26 23 0 13 -3 -10
26 24 0 13 -2 -11
26 25 0 13 -1 -12
26 26 0 13 0 -13
26 -26 -52 14 -56 -70
26 -26 0 14 -56 42
26 -13 -13 14 -42 28
26 -13 0 14 -42 28
26 0 -26 14 -28 -42
26 0 0 14 -28 14
26 13 0 14 -14 0
26 26 0 14 0 -14
26 -26 -52 15 -60 -75
26 -26 0 15 -60 45
26 -13 -13 15 -45 30
26 -13 0 15 -45 30
26 0 -26 15 -30 -45
26 0 0 15 -30 15
26 13 0 15 -15 0
26 26 0 15 0 -15
26 -26 -52 16 -64 -80
26 -26 -4 16 -64 64
26 -26 0 16 -64 48
26 -26 4 16 -64 64
26 -13 -13 16 -48 32
26 -13 0 16 -48 32
26 0 -26 16 -32 -48
26 0 0 16 -32 16
26 13 0 16 -16 0
26 26 0 16 0 -16
26 -26 -52 17 -68 -85
26 -26 0 17 -68 51
26 -13 -39 17 -51 -68
26 -13 -13 17 -51 34
26 -13 0 17 -51 34
26 0 -26 17 -34 -51
26 0 0 17 -34 17
26 13 -13 17 -17 -34
26 13 0 17 -17 0
26 26 -51 17 0 -68
26 26 -1 17 0 -68
26 26 0 17 0 -17
26 -26 -52 18 -72 -90
26 -26 0 18 -72 54
26 -13 -13 18 -54 36
26 -13 0 18 -54 36
26 0 -26 18 -36 -54
26 0 0 18 -36 18
26 13 0 18 -18 0
26 26 0 18 0 -18
26 -26 -52 19 -76 -95
26 -26 0 19 -76 57
26 -13 -13 19 -57 38
26 -13 0 19 -57 38
26 0 -26 19 -38 -57
26 0 0 19 -38 19
26 13 -38 19 -19 -38
26 13 -1 19 -19 -38
26 13 0 19 -19 0
26 26 0 19 0 -19
26 -26 -52 20 -80 -100
26 -26 0 20 -80 60
26 -13 -13 20 -60 40
26 -13 0 20 -60 40
26 0 -26 20 -40 -60
26 0 0 20 -40 20
26 13 0 20 -20 0
26 26 0 20 0 -20
26 -26 -52 21 -84 -105
26 -26 0 21 -84 63
26 -13 -39 21 -63 -84
26 -13 -13 21 -63 42
26 -13 0 21 -63 42
26 0 -26 21 -42 -63
26 0 0 21 -42 21
26 13 -13 21 -21 -42
26 13 0 21 -21 0
26 26 0 21 0 -21
26 -26 -52 22 -88 -110
26 -26 0 22 -88 66
26 -13 -13 22 -66 44
26 -13 -12 22 -66 0
26 -13 0 22 -66 44
26 0 -26 22 -44 -66
26 0 0 22 -44 22
26 13 0 22 -22 0
26 26 0 22 0 -22
26 -26 -52 23 -92 -115
26 -26 0 23 -92 69
26 -13 -13 23 -69 46
26 -13 0 23 -69 46
26 0 -26 23 -46 -69
26 0 0 23 -46 23
26 13 0 23 -23 0
26 26 0 23 0 -23
26 -26 -52 24 -96 -120
26 -26 0 24 -96 72
26 -13 -13 24 -72 48
26 -13 0 24 -72 48
26 0 -26 24 -48 -72
26 0 0 24 -48 24
26 13 0 24 -24 0
26 26 0 24 0 -24
26 -26 -52 25 -100 -125
26 -26 -50 25 -100 75
26 -26 -5 25 -100 100
26 -26 -2 25 -100 75
26 -26 0 25 -100 75
26 -26 5 25 -100 100
26 -13 -39 25 -75 -100
26 -13 -13 25 -75 50
26 -13 0 25 -75 50
26 0 -100 25 -50 -75
26 0 -26 25 -50 -75
26 0 -25 25 -50 0
26 0 -9 25 -50 -200
26 0 -4 25 -50 -75
26 0 -1 25 -50 0
26 0 0 25 -50 25
26 13 -13 25 -25 -50
26 13 0 25 -25 0
26 26 0 25 0 -25
26 -26 -52 26 -104 -130
26 -26 0 26 -104 78
26 -25 0 26 -102 76
26 -24 0 26 -100 74
26 -23 0 26 -98 72
26 -22 0 26 -96 70
26 -21 0 26 -94 68
26 -20 0 26 -92 66
26 -19 0 26 -90 64
26 -18 0 26 -88 62
26 -17 0 26 -86 60
26 -16 0 26 -84 58
26 -15 0 26 -82 56
26 -14 0 26 -80 54
26 -13 -13 26 -78 52
26 -13 0 26 -78 52
26 -12 0 26 -76 50
26 -11 0 26 -74 48
26 -10 0 26 -72 46
26 -9 0 26 -70 44
26 -8 0 26 -68 42
26 -7 0 26 -66 40
26 -6 0 26 -64 38
26 -5 0 26 -62 36
26 -4 0 26 -60 34
26 -3 0 26 -58 32
26 -2 0 26 -56 30
26 -1 -24 26 -54 4
26 -1 -1 26 -54 4
26 -1 0 26 -54 28
26 0 -26 26 -52 -78
26 0 0 26 -52 26
26 1 0 26 -50 24
26 2 0 26 -48 22
26 3 0 26 -46 20
26 4 0 26 -44 18
26 5 0 26 -42 16
26 6 0 26 -40 14
26 7 0 26 -38 12
26 8 0 26 -36 10
26 9 0 26 -34 8
26 10 0 26 -32 6
26 11 0 26 -30 4
26 12 0 26 -28 2
26 13 0 26 -26 0
26 14 0 26 -24 -2
26 15 0 26 -22 -4
26 16 0 26 -20 -6
26 17 0 26 -18 -8
26 18 0 26 -16 -10
26 19 0 26 -14 -12
26 20 0 26 -12 -14
26 21 0 26 -10 -16
26 22 0 26 -8 -18
26 23 0 26 -6 -20
26 24 0 26 -4 -22
26 25 0 26 -2 -24
26 26 0 26 0 -26
26 -26 -52 27 -108 -135
26 -26 0 27 -108 81
26 -13 -13 27 -81 54
26 -13 0 27 -81 54
26 0 -26 27 -54 -81
26 0 0 27 -54 27
26 13 0 27 -27 0
26 26 0 27 0 -27
26 -26 -52 28 -112 -140
26 -26 0 28 -112 84
26 -13 -13 28 -84 56
26 -13 0 28 -84 56
26 0 -26 28 -56 -84
26 0 0 28 -56 28
26 13 0 28 -28 0
26 26 0 28 0 -28
26 -26 -52 29 -116 -145
26 -26 0 29 -116 87
26 -13 -39 29 -87 -116
26 -13 -13 29 -87 58
26 -13 0 29 -87 58
26 0 -26 29 -58 -87
26 0 0 29 -58 29
26 13 -13 29 -29 -58
26 13 0 29 -29 0
26 26 0 29 0 -29
26 -26 -52 30 -120 -150
26 -26 0 30 -120 90
26 -13 -13 30 -90 60
26 -13 0 30 -90 60
26 0 -26 30 -60 -90
26 0 0 30 -60 30
26 13 0 30 -30 0
26 26 0 30 0 -30
26 -26 -52 31 -124 -155
26 -26 0 31 -124 93
26 -13 -13 31 -93 62
26 -13 0 31 -93 62
26 0 -26 31 -62 -93
26 0 0 31 -62 31
26 13 0 31 -31 0
26 26 0 31 0 -31
26 -26 -52 32 -128 -160
26 -26 0 32 -128 96
26 -13 -13 32 -96 64
26 -13 0 32 -96 64
26 0 -26 32 -64 -96
26 0 0 32 -64 32
26 13 0 32 -32 0
26 26 0 32 0 -32
26 -26 -52 33 -132 -165
26 -26 0 33 -132 99
26 -13 -39 33 -99 -132
26 -13 -13 33 -99 66
26 -13 0 33 -99 66
26 0 -26 33 -66 -99
26 0 0 33 -66 33
26 13 -13 33 -33 -66
26 13 0 33 -33 0
26 26 0 33 0 -33
26 -26 -52 34 -136 -170
26 -26 0 34 -136 102
26 -13 -13 34 -102 68
26 -13 0 34 -102 68
26 0 -26 34 -68 -102
26 0 0 34 -68 34
26 13 0 34 -34 0
26 26 0 34 0 -34
26 -26 -52 35 -140 -175
26 -26 0 35 -140 105
26 -13 -13 35 -105 70
26 -13 0 35 -105 70
26 0 -26 35 -70 -105
26 0 0 35 -70 35
26 13 0 35 -35 0
26 26 0 35 0 -35
26 -26 -52 36 -144 -180
26 -26 -6 36 -144 144
26 -26 0 36 -144 108
26 -26 6 36 -144 144
26 -13 -13 36 -108 72
26 -13 0 36 -108 72
26 0 -26 36 -72 -108
26 0 0 36 -72 36
26 13 -40 36 -36 -216
26 13 0 36 -36 0
26 26 0 36 0 -36
26 -26 -52 37 -148 -185
26 -26 0 37 -148 111
26 -13 -39 37 -111 -148
26 -13 -13 37 -111 74
26 -13 0 37 -111 74
26 0 -26 37 -74 -111
26 0 0 37 -74 37
26 13 -37 37 -37 -74
26 13 -13 37 -37 -74
26 13 -2 37 -37 -74
26 13 0 37 -37 0
26 26 0 37 0 -37
26 -26 -52 38 -152 -190
26 -26 0 38 -152 114
26 -13 -13 38 -114 76
26 -13 0 38 -114 76
26 0 -26 38 -76 -114
26 0 0 38 -76 38
26 13 0 38 -38 0
26 26 0 38 0 -38
26 -26 -52 39 -156 -195
26 -26 0 39 -156 117
26 -25 0 39 -153 114
26 -24 0 39 -150 111
26 -23 0 39 -147 108
26 -22 0 39 -144 105
26 -21 -8 39 -141 126
26 -21 0 39 -141 102
26 -21 3 39 -141 126
26 -20 0 39 -138 99
26 -19 -9 39 -135 114
26 -19 0 39 -135 96
26 -19 2 39 -135 114
26 -18 0 39 -132 93
26 -17 0 39 -129 90
26 -16 0 39 -126 87
26 -15 0 39 -123 84
26 -14 0 39 -120 81
26 -13 -13 39 -117 78
26 -13 0 39 -117 78
26 -12 -8 39 -114 -9
26 -12 0 39 -114 75
26 -11 0 39 -111 72
26 -10 0 39 -108 69
26 -9 0 39 -105 66
26 -8 0 39 -102 63
26 -7 -18 39 -99 -54
26 -7 -18 39 -99 42
26 -7 -1 39 -99 42
26 -7 0 39 -99 60
26 -6 0 39 -96 57
26 -5 0 39 -93 54
26 -4 0 39 -90 51
26 -3 0 39 -87 48
26 -2 0 39 -84 45
26 -1 0 39 -81 42
26 0 -26 39 -78 -117
26 0 0 39 -78 39
26 1 0 39 -75 36
26 2 0 39 -72 33
26 3 0 39 -69 30
26 4 0 39 -66 27
26 5 0 39 -63 24
26 6 0 39 -60 21
26 7 0 39 -57 18
26 8 0 39 -54 15
26 9 -33 39 -51 -54
26 9 -2 39 -51 -54
26 9 0 39 -51 12
26 10 0 39 -48 9
26 11 0 39 -45 6
26 12 0 39 -42 3
26 13 0 39 -39 0
26 14 0 39 -36 -3
26 15 0 39 -33 -6
26 16 0 39 -30 -9
26 17 0 39 -27 -12
26 18 0 39 -24 -15
26 19 0 39 -21 -18
26 20 0 39 -18 -21
26 21 0 39 -15 -24
26 22 0 39 -12 -27
26 23 0 39 -9 -30
26 24 0 39 -6 -33
26 25 0 39 -3 -36
26 26 0 39 0 -39
26 -26 -52 40 -160 -200
26 -26 0 40 -160 120
26 -13 -13 40 -120 80
26 -13 0 40 -120 80
26 0 -26 40 -80 -120
26 0 0 40 -80 40
26 13 0 40 -40 0
26 26 0 40 0 -40
26 -26 -52 41 -164 -205
26 -26 0 41 -164 123
26 -13 -39 41 -123 -164
26 -13 -13 41 -123 82
26 -13 0 41 -123 82
26 0 -26 41 -82 -123
26 0 0 41 -82 41
26 13 -13 41 -41 -82
26 13 0 41 -41 0
26 26 0 41 0 -41
26 -26 -52 42 -168 -210
26 -26 0 42 -168 126
26 -13 -13 42 -126 84
26 -13 0 42 -126 84
26 0 -26 42 -84 -126
26 0 0 42 -84 42
26 13 0 42 -42 0
26 26 0 42 0 -42
26 -26 -52 43 -172 -215
26 -26 0 43 -172 129
26 -13 -13 43 -129 86
26 -13 0 43 -129 86
26 0 -26 43 -86 -129
26 0 0 43 -86 43
26 13 0 43 -43 0
26 26 0 43 0 -43
26 -26 -52 44 -176 -220
26 -26 0 44 -176 132
26 -13 -13 44 -132 88
26 -13 0 44 -132 88
26 0 -26 44 -88 -132
26 0 0 44 -88 44
26 13 0 44 -44 0
26 26 0 44 0 -44
26 -26 -52 45 -180 -225
26 -26 0 45 -180 135
26 -13 -39 45 -135 -180
26 -13 -13 45 -135 90
26 -13 0 45 -135 90
26 0 -26 45 -90 -135
26 0 0 45 -90 45
26 13 -13 45 -45 -90
26 13 0 45 -45 0
26 26 0 45 0 -45
26 -26 -52 46 -184 -230
26 -26 0 46 -184 138
26 -13 -13 46 -138 92
26 -13 0 46 -138 92
26 0 -26 46 -92 -138
26 0 0 46 -92 46
26 13 0 46 -46 0
26 26 0 46 0 -46
26 -26 -52 47 -188 -235
26 -26 0 47 -188 141
26 -13 -13 47 -141 94
26 -13 0 47 -141 94
26 0 -26 47 -94 -141
26 0 0 47 -94 47
26 13 0 47 -47 0
26 26 0 47 0 -47
26 -26 -52 48 -192 -240
26 -26 -48 48 -192 144
26 -26 -4 48 -192 144
26 -26 0 48 -192 144
26 -13 -36 48 -144 60
26 -13 -13 48 -144 96
26 -13 0 48 -144 96
26 0 -96 48 -96 -144
26 0 -26 48 -96 -144
26 0 -24 48 -96 0
26 0 -8 48 -96 -144
26 0 -2 48 -96 0
26 0 0 48 -96 48
26 13 -12 48 -48 -36
26 13 0 48 -48 0
26 26 0 48 0 -48
26 -26 -52 49 -196 -245
26 -26 -7 49 -196 196
26 -26 0 49 -196 147
26 -26 7 49 -196 196
26 -13 -39 49 -147 -196
26 -13 -13 49 -147 98
26 -13 0 49 -147 98
26 0 -26 49 -98 -147
26 0 0 49 -98 49
26 13 -13 49 -49 -98
26 13 0 49 -49 0
26 26 -49 49 0 -196
26 26 -3 49 0 -196
26 26 0 49 0 -49
26 -26 -52 50 -200 -250
26 -26 0 50 -200 150
26 -13 -13 50 -150 100
26 -13 0 50 -150 100
26 0 -26 50 -100 -150
26 0 0 50 -100 50
26 13 0 50 -50 0
26 26 0 50 0 -50
27 -27 -54 -50 200 250
27 -27 0 -50 200 -150
27 0 -27 -50 100 150
27 0 0 -50 100 -50
27 27 0 -50 0 50
27 -27 -54 -49 196 245
27 -27 0 -49 196 -147
27 0 -27 -49 98 147
27 0 0 -49 98 -49
27 27 0 -49 0 49
27 -27 -54 -48 192 240
27 -27 0 -48 192 -144
27 -18 0 -48 160 -112
27 -9 0 -48 128 -80
27 0 -27 -48 96 144
27 0 0 -48 96 -48
27 9 0 -48 64 -16
27 18 0 -48 32 16
27 27 0 -48 0 48
27 -27 -54 -47 188 235
27 -27 0 -47 188 -141
27 0 -27 -47 94 141
27 0 0 -47 94 -47
27 27 0 -47 0 47
27 -27 -54 -46 184 230
27 -27 0 -46 184 -138
27 0 -27 -46 92 138
27 0 0 -46 92 -46
27 27 0 -46 0 46
27 -27 -54 -45 180 225
27 -27 0 -45 180 -135
27 -24 0 -45 170 -125
27 -21 0 -45 160 -115
27 -18 -45 -45 150 195
27 -18 0 -45 150 -105
27 -15 0 -45 140 -95
27 -12 0 -45 130 -85
27 -9 -36 -45 120 165
27 -9 0 -45 120 -75
27 -6 0 -45 110 -65
27 -3 0 -45 100 -55
27 0 -27 -45 90 135
27 0 0 -45 90 -45
27 3 0 -45 80 -35
27 6 0 -45 70 -25
27 9 -18 -45 60 105
27 9 0 -45 60 -15
27 12 0 -45 50 -5
27 15 0 -45 40 5
27 18 -9 -45 30 75
27 18 0 -45 30 15
27 21 0 -45 20 25
27 24 0 -45 10 35
27 27 0 -45 0 45
27 -27 -54 -44 176 220
27 -27 0 -44 176 -132
27 0 -27 -44 88 132
27 0 0 -44 88 -44
27 27 0 -44 0 44
27 -27 -54 -43 172 215
27 -27 0 -43 172 -129
27 0 -27 -43 86 129
27 0 0 -43 86 -43
27 27 0 -43 0 43
27 -27 -54 -42 168 210
27 -27 0 -42 168 -126
27 -18 -7 -42 140 -112
27 -18 -2 -42 140 -112
27 -18 0 -42 140 -98
27 -9 0 -42 112 -70
27 0 -27 -42 84 126
27 0 0 -42 84 -42
27 9 0 -42 56 -14
27 9 6 -42 56 210
27 18 0 -42 28 14
27 27 0 -42 0 42
27 -27 -54 -41 164 205
27 -27 0 -41 164 -123
27 0 -27 -41 82 123
27 0 0 -41 82 -41
27 27 0 -41 0 41
27 -27 -54 -40 160 200
27 -27 0 -40 160 -120
27 0 -27 -40 80 120
27 0 0 -40 80 -40
27 27 0 -40 0 40
27 -27 -54 -39 156 195
27 -27 0 -39 156 -117
27 -18 0 -39 130 -91
27 -9 0 -39 104 -65
27 0 -27 -39 78 117
27 0 0 -39 78 -39
27 9 0 -39 52 -13
27 18 0 -39 26 13
27 27 0 -39 0 39
27 -27 -54 -38 152 190
27 -27 0 -38 152 -114
27 0 -27 -38 76 114
27 0 0 -38 76 -38
27 27 0 -38 0 38
27 -27 -54 -37 148 185
27 -27 0 -37 148 -111
27 0 -27 -37 74 111
27 0 0 -37 74 -37
27 27 0 -37 0 37
27 -27 -54 -36 144 180
27 -27 0 -36 144 -108
27 -24 0 -36 136 -100
27 -21 0 -36 128 -92
27 -18 -45 -36 120 156
27 -18 0 -36 120 -84
27 -15 0 -36 112 -76
27 -12 0 -36 104 -68
27 -9 -36 -36 96 132
27 -9 0 -36 96 -60
27 -6 0 -36 88 -52
27 -3 0 -36 80 -44
27 0 -27 -36 72 108
27 0 0 -36 72 -36
27 3 0 -36 64 -28
27 6 0 -36 56 -20
27 9 -18 -36 48 84
27 9 0 -36 48 -12
27 12 0 -36 40 -4
27 15 0 -36 32 4
27 18 -9 -36 24 60
27 18 0 -36 24 12
27 21 0 -36 16 20
27 24 0 -36 8 28
27 27 0 -36 0 36
27 -27 -54 -35 140 175
27 -27 0 -35 140 -105
27 0 -27 -35 70 105
27 0 0 -35 70 -35
27 27 0 -35 0 35
27 -27 -54 -34 136 170
27 -27 0 -34 136 -102
27 0 -27 -34 68 102
27 0 0 -34 68 -34
27 27 0 -34 0 34
27 -27 -54 -33 132 165
27 -27 0 -33 132 -99
27 -18 0 -33 110 -77
27 -9 0 -33 88 -55
27 0 -27 -33 66 99
27 0 0 -33 66 -33
27 9 0 -33 44 -11
27 18 0 -33 22 11
27 27 0 -33 0 33
27 -27 -54 -32 128 160
27 -27 0 -32 128 -96
27 0 -27 -32 64 96
27 0 0 -32 64 -32
27 27 0 -32 0 32
27 -27 -54 -31 124 155
27 -27 0 -31 124 -93
27 0 -27 -31 62 93
27 0 0 -31 62 -31
27 27 0 -31 0 31
27 -27 -54 -30 120 150
27 -27 0 -30 120 -90
27 -18 0 -30 100 -70
27 -9 0 -30 80 -50
27 0 -27 -30 60 90
27 0 0 -30 60 -30
27 9 0 -30 40 -10
27 18 0 -30 20 10
27 27 0 -30 0 30
27 -27 -54 -29 116 145
27 -27 0 -29 116 -87
27 0 -27 -29 58 87
27 0 0 -29 58 -29
27 27 0 -29 0 29
27 -27 -56 -28 112 -84
27 -27 -54 -28 112 140
27 -27 0 -28 112 -84
27 -27 2 -28 112 -84
27 0 -112 -28 56 84
27 0 -28 -28 56 0
27 0 -27 -28 56 84
27 0 0 -28 56 -28
27 0 1 -28 56 0
27 0 4 -28 56 84
27 0 9 -28 56 224
27 27 0 -28 0 28
27 -27 -54 -27 108 135
27 -27 0 -27 108 -81
27 -26 0 -27 106 -79
27 -25 0 -27 104 -77
27 -24 -51 -27 102 129
27 -24 0 -27 102 -75
27 -23 0 -27 100 -73
27 -22 0 -27 98 -71
27 -21 -48 -27 96 123
27 -21 0 -27 96 -69
27 -20 0 -27 94 -67
27 -19 0 -27 92 -65
27 -18 -45 -27 90 117
27 -18 0 -27 90 -63
27 -17 0 -27 88 -61
27 -16 0 -27 86 -59
27 -15 -42 -27 84 111
27 -15 0 -27 84 -57
27 -14 0 -27 82 -55
27 -13 0 -27 80 -53
27 -12 -39 -27 78 105
27 -12 0 -27 78 -51
27 -11 0 -27 76 -49
27 -10 0 -27 74 -47
27 -9 -36 -27 72 99
27 -9 0 -27 72 -45
27 -8 0 -27 70 -43
27 -7 0 -27 68 -41
27 -6 -33 -27 66 93
27 -6 0 -27 66 -39
27 -5 0 -27 64 -37
27 -4 0 -27 62 -35
27 -3 -30 -27 60 87
27 -3 0 -27 60 -33
27 -2 0 -27 58 -31
27 -1 0 -27 56 -29
27 0 -27 -27 54 81
27 0 0 -27 54 -27
27 1 -29 -27 52 4
27 1 0 -27 52 -25
27 1 1 -27 52 4
27 2 0 -27 50 -23
27 3 -24 -27 48 75
27 3 0 -27 48 -21
27 4 0 -27 46 -19
27 5 0 -27 44 -17
27 6 -21 -27 42 69
27 6 0 -27 42 -15
27 7 0 -27 40 -13
27 8 0 -27 38 -11
27 9 -18 -27 36 63
27 9 0 -27 36 -9
27 10 0 -27 34 -7
27 11 0 -27 32 -5
27 12 -15 -27 30 57
27 12 0 -27 30 -3
27 13 0 -27 28 -1
27 14 0 -27 26 1
27 15 -12 -27 24 51
27 15 0 -27 24 3
27 16 0 -27 22 5
27 17 0 -27 20 7
27 18 -9 -27 18 45
27 18 0 -27 18 9
27 19 0 -27 16 11
27 20 0 -27 14 13
27 21 -6 -27 12 39
27 21 0 -27 12 15
27 22 0 -27 10 17
27 23 0 -27 8 19
27 24 -3 -27 6 33
27 24 0 -27 6 21
27 25 0 -27 4 23
27 26 0 -27 2 25
27 27 0 -27 0 27
27 -27 -54 -26 104 130
27 -27 0 -26 104 -78
27 0 -27 -26 52 78
27 0 0 -26 52 -26
27 27 0 -26 0 26
27 -27 -54 -25 100 125
27 -27 0 -25 100 -75
27 0 -27 -25 50 75
27 0 0 -25 50 -25
27 27 0 -25 0 25
27 -27 -54 -24 96 120
27 -27 0 -24 96 -72
27 -18 -8 -24 80 -64
27 -18 -1 -24 80 -64
27 -18 0 -24 80 -56
27 -9 0 -24 64 -40
27 0 -27 -24 48 72
27 0 0 -24 48 -24
27 9 0 -24 32 -8
27 18 0 -24 16 8
27 27 0 -24 0 24
27 -27 -54 -23 92 115
27 -27 0 -23 92 -69
27 0 -27 -23 46 69
27 0 0 -23 46 -23
27 27 0 -23 0 23
27 -27 -54 -22 88 110
27 -27 0 -22 88 -66
27 0 -27 -22 44 66
27 0 0 -22 44 -22
27 27 0 -22 0 22
27 -27 -54 -21 84 105
27 -27 0 -21 84 -63
27 -18 0 -21 70 -49
27 -9 0 -21 56 -35
27 0 -27 -21 42 63
27 0 0 -21 42 -21
27 9 0 -21 28 -7
27 18 0 -21 14 7
27 27 0 -21 0 21
27 -27 -54 -20 80 100
27 -27 0 -20 80 -60
27 0 -27 -20 40 60
27 0 0 -20 40 -20
27 27 0 -20 0 20
27 -27 -54 -19 76 95
27 -27 0 -19 76 -57
27 0 -27 -19 38 57
27 0 0 -19 38 -19
27 27 0 -19 0 19
27 -27 -54 -18 72 90
27 -27 0 -18 72 -54
27 -24 0 -18 68 -50
27 -21 0 -18 64 -46
27 -18 -45 -18 60 78
27 -18 0 -18 60 -42
27 -15 0 -18 56 -38
27 -12 0 -18 52 -34
27 -9 -36 -18 48 66
27 -9 0 -18 48 -30
27 -6 0 -18 44 -26
27 -3 0 -18 40 -22
27 0 -27 -18 36 54
27 0 0 -18 36 -18
27 3 0 -18 32 -14
27 6 0 -18 28 -10
27 9 -18 -18 24 42
27 9 0 -18 24 -6
27 12 0 -18 20 -2
27 15 0 -18 16 2
27 18 -9 -18 12 30
27 18 0 -18 12 6
27 21 0 -18 8 10
27 24 0 -18 4 14
27 27 0 -18 0 18
27 -27 -54 -17 68 85
27 -27 0 -17 68 -51
27 0 -27 -17 34 51
27 0 0 -17 34 -17
27 27 0 -17 0 17
27 -27 -54 -16 64 80
27 -27 0 -16 64 -48
27 0 -27 -16 32 48
27 0 0 -16 32 -16
27 27 0 -16 0 16
27 -27 -54 -15 60 75
27 -27 0 -15 60 -45
27 -18 0 -15 50 -35
27 -9 0 -15 40 -25
27 0 -27 -15 30 45
27 0 0 -15 30 -15
27 9 0 -15 20 -5
27 18 0 -15 10 5
27 27 0 -15 0 15
27 -27 -54 -14 56 70
27 -27 0 -14 56 -42
27 0 -27 -14 28 42
27 0 0 -14 28 -14
27 27 0 -14 0 14
27 -27 -54 -13 52 65
27 -27 0 -13 52 -39
27 0 -27 -13 26 39
27 0 0 -13 26 -13
27 27 0 -13 0 13
27 -27 -54 -12 48 60
27 -27 0 -12 48 -36
27 -18 0 -12 40 -28
27 -9 0 -12 32 -20
27 0 -27 -12 24 36
27 0 0 -12 24 -12
27 9 0 -12 16 -4
27 18 0 -12 8 4
27 27 0 -12 0 12
27 -27 -54 -11 44 55
27 -27 0 -11 44 -33
27 0 -27 -11 22 33
27 0 0 -11 22 -11
27 27 0 -11 0 11
27 -27 -54 -10 40 50
27 -27 0 -10 40 -30
27 0 -27 -10 20 30
27 0 0 -10 20 -10
27 27 0 -10 0 10
27 -27 -54 -9 36 45
27 -27 0 -9 36 -27
27 -24 0 -9 34 -25
27 -21 -5 -9 32 -28
27 -21 -1 -9 32 -28
27 -21 0 -9 32 -23
27 -18 -45 -9 30 39
27 -18 0 -9 30 -21
27 -15 0 -9 28 -19
27 -12 0 -9 26 -17
27 -9 -36 -9 24 33
27 -9 0 -9 24 -15
27 -6 0 -9 22 -13
27 -3 0 -9 20 -11
27 0 -27 -9 18 27
27 0 0 -9 18 -9
27 3 0 -9 16 -7
27 6 0 -9 14 -5
27 9 -18 -9 12 21
27 9 0 -9 12 -3
27 12 0 -9 10 -1
27 15 0 -9 8 1
27 18 -9 -9 6 15
27 18 0 -9 6 3
27 21 0 -9 4 5
27 24 0 -9 2 7
27 27 0 -9 0 9
27 -27 -54 -8 32 40
27 -27 0 -8 32 -24
27 0 -27 -8 16 24
27 0 0 -8 16 -8
27 27 0 -8 0 8
27 -27 -54 -7 28 35
27 -27 0 -7 28 -21
27 0 -27 -7 14 21
27 0 0 -7 14 -7
27 27 0 -7 0 7
27 -27 -54 -6 24 30
27 -27 0 -6 24 -18
27 -18 0 -6 20 -14
27 -9 0 -6 16 -10
27 0 -27 -6 12 18
27 0 0 -6 12 -6
27 9 0 -6 8 -2
27 18 0 -6 4 2
27 27 0 -6 0 6
27 -27 -54 -5 20 25
27 -27 0 -5 20 -15
27 0 -27 -5 10 15
27 0 0 -5 10 -5
27 27 0 -5 0 5
27 -27 -54 -4 16 20
27 -27 0 -4 16 -12
27 0 -27 -4 8 12
27 0 0 -4 8 -4
27 27 0 -4 0 4
27 -27 -54 -3 12 15
27 -27 0 -3 12 -9
27 -18 0 -3 10 -7
27 -9 0 -3 8 -5
27 0 -27 -3 6 9
27 0 0 -3 6 -3
27 9 0 -3 4 -1
27 18 0 -3 2 1
27 27 0 -3 0 3
27 -27 -54 -2 8 10
27 -27 0 -2 8 -6
27 0 -27 -2 4 6
27 0 0 -2 4 -2
27 27 0 -2 0 2
27 -27 -54 -1 4 5
27 -27 0 -1 4 -3
27 0 -27 -1 2 3
27 0 0 -1 2 -1
27 27 0 -1 0 1
27 -27 -54 1 -4 -5
27 -27 -1 1 -4 4
27 -27 0 1 -4 3
27 -27 1 1 -4 4
27 0 -27 1 -2 -3
27 0 0 1 -2 1
27 27 0 1 0 -1
27 -27 -54 2 -8 -10
27 -27 0 2 -8 6
27 0 -27 2 -4 -6
27 0 0 2 -4 2
27 27 0 2 0 -2
27 -27 -54 3 -12 -15
27 -27 0 3 -12 9
27 -18 0 3 -10 7
27 -9 0 3 -8 5
27 0 -27 3 -6 -9
27 0 0 3 -6 3
27 9 0 3 -4 1
27 18 0 3 -2 -1
27 27 0 3 0 -3
27 -27 -54 4 -16 -20
27 -27 -2 4 -16 16
27 -27 0 4 -16 12
27 -27 2 4 -16 16
27 0 -27 4 -8 -12
27 0 0 4 -8 4
27 27 0 4 0 -4
27 -27 -54 5 -20 -25
27 -27 0 5 -20 15
27 0 -27 5 -10 -15
27 0 0 5 -10 5
27 27 0 5 0 -5
27 -27 -54 6 -24 -30
27 -27 0 6 -24 18
27 -18 0 6 -20 14
27 -9 0 6 -16 10
27 0 -27 6 -12 -18
27 0 0 6 -12 6
27 9 0 6 -8 2
27 18 0 6 -4 -2
27 27 0 6 0 -6
27 -27 -54 7 -28 -35
27 -27 0 7 -28 21
27 0 -27 7 -14 -21
27 0 0 7 -14 7
27 27 0 7 0 -7
27 -27 -54 8 -32 -40
27 -27 0 8 -32 24
27 0 -27 8 -16 -24
27 0 0 8 -16 8
27 27 0 8 0 -8
27 -27 -54 9 -36 -45
27 -27 -3 9 -36 36
27 -27 0 9 -36 27
27 -27 3 9 -36 36
27 -24 0 9 -34 25
27 -21 0 9 -32 23
27 -18 -45 9 -30 -39
27 -18 0 9 -30 21
27 -15 0 9 -28 19
27 -12 0 9 -26 17
27 -9 -36 9 -24 -33
27 -9 0 9 -24 15
27 -6 0 9 -22 13
27 -3 0 9 -20 11
27 0 -27 9 -18 -27
27 0 0 9 -18 9
27 3 0 9 -16 7
27 6 0 9 -14 5
27 9 -18 9 -12 -21
27 9 0 9 -12 3
27 12 0 9 -10 1
27 15 0 9 -8 -1
27 18 -9 9 -6 -15
27 18 0 9 -6 -3
27 21 0 9 -4 -5
27 24 0 9 -2 -7
27 27 0 9 0 -9
27 -27 -54 10 -40 -50
27 -27 0 10 -40 30
27 0 -27 10 -20 -30
27 0 0 10 -20 10
27 27 0 10 0 -10
27 -27 -54 11 -44 -55
27 -27 0 11 -44 33
27 0 -27 11 -22 -33
27 0 0 11 -22 11
27 27 0 11 0 -11
27 -27 -54 12 -48 -60
27 -27 0 12 -48 36
27 -18 0 12 -40 28
27 -9 0 12 -32 20
27 0 -27 12 -24 -36
27 0 0 12 -24 12
27 9 0 12 -16 4
27 18 0 12 -8 -4
27 27 0 12 0 -12
27 -27 -54 13 -52 -65
27 -27 0 13 -52 39
27 0 -27 13 -26 -39
27 0 0 13 -26 13
27 27 0 13 0 -13
27 -27 -54 14 -56 -70
27 -27 0 14 -56 42
27 0 -27 14 -28 -42
27 0 0 14 -28 14
27 27 0 14 0 -14
27 -27 -54 15 -60 -75
27 -27 0 15 -60 45
27 -18 0 15 -50 35
27 -9 0 15 -40 25
27 0 -27 15 -30 -45
27 0 0 15 -30 15
27 9 0 15 -20 5
27 18 0 15 -10 -5
27 27 0 15 0 -15
27 -27 -54 16 -64 -80
27 -27 -4 16 -64 64
27 -27 0 16 -64 48
27 -27 4 16 -64 64
27 0 -107 16 -32 -128
27 0 -28 16 -32 -128
27 0 -27 16 -32 -48
27 0 0 16 -32 16
27 27 0 16 0 -16
27 -27 -54 17 -68 -85
27 -27 0 17 -68 51
27 0 -27 17 -34 -51
27 0 0 17 -34 17
27 27 0 17 0 -17
27 -27 -54 18 -72 -90
27 -27 0 18 -72 54
27 -24 0 18 -68 50
27 -21 0 18 -64 46
27 -18 -45 18 -60 -78
27 -18 0 18 -60 42
27 -15 0 18 -56 38
27 -12 0 18 -52 34
27 -9 -36 18 -48 -66
27 -9 0 18 -48 30
27 -6 0 18 -44 26
27 -3 0 18 -40 22
27 0 -27 18 -36 -54
27 0 0 18 -36 18
27 3 0 18 -32 14
27 6 0 18 -28 10
27 9 -18 18 -24 -42
27 9 0 18 -24 6
27 12 0 18 -20 2
27 15 0 18 -16 -2
27 18 -9 18 -12 -30
27 18 0 18 -12 -6
27 21 0 18 -8 -10
27 24 -50 18 -4 -64
27 24 -1 18 -4 -64
27 24 0 18 -4 -14
27 27 0 18 0 -18
27 -27 -54 19 -76 -95
27 -27 0 19 -76 57
27 0 -27 19 -38 -57
27 0 0 19 -38 19
27 27 0 19 0 -19
27 -27 -54 20 -80 -100
27 -27 0 20 -80 60
27 0 -27 20 -40 -60
27 0 0 20 -40 20
27 27 0 20 0 -20
27 -27 -54 21 -84 -105
27 -27 0 21 -84 63
27 -18 0 21 -70 49
27 -9 0 21 -56 35
27 0 -27 21 -42 -63
27 0 0 21 -42 21
27 9 -35 21 -28 -28
27 9 -1 21 -28 -28
27 9 0 21 -28 7
27 18 0 21 -14 -7
27 27 0 21 0 -21
27 -27 -54 22 -88 -110
27 -27 0 22 -88 66
27 0 -27 22 -44 -66
27 0 0 22 -44 22
27 27 0 22 0 -22
27 -27 -54 23 -92 -115
27 -27 0 23 -92 69
27 0 -27 23 -46 -69
27 0 0 23 -46 23
27 27 0 23 0 -23
27 -27 -54 24 -96 -120
27 -27 0 24 -96 72
27 -18 0 24 -80 56
27 -9 0 24 -64 40
27 0 -27 24 -48 -72
27 0 0 24 -48 24
27 9 0 24 -32 8
27 18 0 24 -16 -8
27 27 0 24 0 -24
27 -27 -54 25 -100 -125
27 -27 -5 25 -100 100
27 -27 0 25 -100 75
27 -27 5 25 -100 100
27 0 -27 25 -50 -75
27 0 0 25 -50 25
27 27 0 25 0 -25
27 -27 -54 26 -104 -130
27 -27 -52 26 -104 78
27 -27 -2 26 -104 78
27 -27 0 26 -104 78
27 0 -104 26 -52 -78
27 0 -27 26 -52 -78
27 0 -26 26 -52 0
27 0 -9 26 -52 -208
27 0 -4 26 -52 -78
27 0 -1 26 -52 0
27 0 0 26 -52 26
27 27 0 26 0 -26
27 -27 -54 27 -108 -135
27 -27 0 27 -108 81
27 -26 0 27 -106 79
27 -25 0 27 -104 77
27 -24 -51 27 -102 -129
27 -24 0 27 -102 75
27 -23 0 27 -100 73
27 -22 0 27 -98 71
27 -21 -48 27 -96 -123
27 -21 0 27 -96 69
27 -20 0 27 -94 67
27 -19 0 27 -92 65
27 -18 -45 27 -90 -117
27 -18 0 27 -90 63
27 -17 0 27 -88 61
27 -16 0 27 -86 59
27 -15 -42 27 -84 -111
27 -15 0 27 -84 57
27 -14 0 27 -82 55
27 -13 0 27 -80 53
27 -12 -39 27 -78 -105
27 -12 0 27 -78 51
27 -11 0 27 -76 49
27 -10 0 27 -74 47
27 -9 -36 27 -72 -99
27 -9 0 27 -72 45
27 -8 0 27 -70 43
27 -7 0 27 -68 41
27 -6 -33 27 -66 -93
27 -6 0 27 -66 39
27 -5 0 27 -64 37
27 -4 0 27 -62 35
27 -3 -30 27 -60 -87
27 -3 0 27 -60 33
27 -2 0 27 -58 31
27 -1 -25 27 -56 4
27 -1 -1 27 -56 4
27 -1 0 27 -56 29
27 0 -27 27 -54 -81
27 0 0 27 -54 27
27 1 0 27 -52 25
27 2 0 27 -50 23
27 3 -24 27 -48 -75
27 3 0 27 -48 21
27 4 0 27 -46 19
27 5 0 27 -44 17
27 6 -21 27 -42 -69
27 6 0 27 -42 15
27 7 0 27 -40 13
27 8 0 27 -38 11
27 9 -18 27 -36 -63
27 9 0 27 -36 9
27 10 0 27 -34 7
27 11 0 27 -32 5
27 12 -15 27 -30 -57
27 12 0 27 -30 3
27 13 0 27 -28 1
27 14 0 27 -26 -1
27 15 -12 27 -24 -51
27 15 0 27 -24 -3
27 16 0 27 -22 -5
27 17 0 27 -20 -7
27 18 -9 27 -18 -45
27 18 0 27 -18 -9
27 19 0 27 -16 -11
27 20 0 27 -14 -13
27 21 -6 27 -12 -39
27 21 0 27 -12 -15
27 22 0 27 -10 -17
27 23 0 27 -8 -19
27 24 -3 27 -6 -33
27 24 0 27 -6 -21
27 25 0 27 -4 -23
27 26 0 27 -2 -25
27 27 0 27 0 -27
27 -27 -54 28 -112 -140
27 -27 0 28 -112 84
27 0 -27 28 -56 -84
27 0 0 28 -56 28
27 27 0 28 0 -28
27 -27 -54 29 -116 -145
27 -27 0 29 -116 87
27 0 -27 29 -58 -87
27 0 0 29 -58 29
27 27 0 29 0 -29
27 -27 -54 30 -120 -150
27 -27 0 30 -120 90
27 -18 -10 30 -100 80
27 -18 0 30 -100 70
27 -18 1 30 -100 80
27 -9 0 30 -80 50
27 0 -27 30 -60 -90
27 0 0 30 -60 30
27 9 0 30 -40 10
27 18 0 30 -20 -10
27 27 0 30 0 -30
27 -27 -54 31 -124 -155
27 -27 0 31 -124 93
27 0 -27 31 -62 -93
27 0 0 31 -62 31
27 27 0 31 0 -31
27 -27 -54 32 -128 -160
27 -27 0 32 -128 96
27 0 -27 32 -64 -96
27 0 0 32 -64 32
27 27 0 32 0 -32
27 -27 -54 33 -132 -165
27 -27 0 33 -132 99
27 -18 0 33 -110 77
27 -9 0 33 -88 55
27 0 -27 33 -66 -99
27 0 0 33 -66 33
27 9 0 33 -44 11
27 18 0 33 -22 -11
27 27 0 33 0 -33
27 -27 -54 34 -136 -170
27 -27 0 34 -136 102
27 0 -27 34 -68 -102
27 0 0 34 -68 34
27 27 0 34 0 -34
27 -27 -54 35 -140 -175
27 -27 0 35 -140 105
27 0 -27 35 -70 -105
27 0 0 35 -70 35
27 27 0 35 0 -35
27 -27 -54 36 -144 -180
27 -27 -6 36 -144 144
27 -27 0 36 -144 108
27 -27 6 36 -144 144
27 -24 -7 36 -136 128
27 -24 0 36 -136 100
27 -24 4 36 -136 128
27 -21 0 36 -128 92
27 -18 -45 36 -120 -156
27 -18 0 36 -120 84
27 -15 0 36 -112 76
27 -12 0 36 -104 68
27 -9 -36 36 -96 -132
27 -9 -6 36 -96 -36
27 -9 0 36 -96 60
27 -6 -20 36 -88 32
27 -6 -1 36 -88 32
27 -6 0 36 -88 52
27 -3 0 36 -80 44
27 0 -27 36 -72 -108
27 0 0 36 -72 36
27 3 0 36 -64 28
27 6 0 36 -56 20
27 9 -18 36 -48 -84
27 9 0 36 -48 12
27 12 0 36 -40 4
27 15 0 36 -32 -4
27 18 -9 36 -24 -60
27 18 0 36 -24 -12
27 21 -46 36 -16 -112
27 21 -2 36 -16 -112
27 21 0 36 -16 -20
27 24 0 36 -8 -28
27 27 0 36 0 -36
27 -27 -54 37 -148 -185
27 -27 0 37 -148 111
27 0 -27 37 -74 -111
27 0 0 37 -74 37
27 27 0 37 0 -37
27 -27 -54 38 -152 -190
27 -27 0 38 -152 114
27 0 -27 38 -76 -114
27 0 0 38 -76 38
27 27 0 38 0 -38
27 -27 -54 39 -156 -195
27 -27 0 39 -156 117
27 -18 0 39 -130 91
27 -9 0 39 -104 65
27 0 -27 39 -78 -117
27 0 0 39 -78 39
27 9 0 39 -52 13
27 18 0 39 -26 -13
27 27 0 39 0 -39
27 -27 -54 40 -160 -200
27 -27 0 40 -160 120
27 0 -27 40 -80 -120
27 0 0 40 -80 40
27 27 0 40 0 -40
27 -27 -54 41 -164 -205
27 -27 0 41 -164 123
27 0 -27 41 -82 -123
27 0 0 41 -82 41
27 27 0 41 0 -41
27 -27 -54 42 -168 -210
27 -27 0 42 -168 126
27 -18 0 42 -140 98
27 -9 0 42 -112 70
27 0 -27 42 -84 -126
27 0 0 42 -84 42
27 9 0 42 -56 14
27 18 0 42 -28 -14
27 27 0 42 0 -42
27 -27 -54 43 -172 -215
27 -27 0 43 -172 129
27 0 -27 43 -86 -129
27 0 0 43 -86 43
27 27 0 43 0 -43
27 -27 -54 44 -176 -220
27 -27 0 44 -176 132
27 0 -27 44 -88 -132
27 0 0 44 -88 44
27 27 0 44 0 -44
27 -27 -54 45 -180 -225
27 -27 0 45 -180 135
27 -24 0 45 -170 125
27 -21 0 45 -160 115
27 -18 -45 45 -150 -195
27 -18 0 45 -150 105
27 -15 0 45 -140 95
27 -12 0 45 -130 85
27 -9 -36 45 -120 -165
27 -9 0 45 -120 75
27 -6 0 45 -110 65
27 -3 0 45 -100 55
27 0 -27 45 -90 -135
27 0 0 45 -90 45
27 3 0 45 -80 35
27 6 0 45 -70 25
27 9 -18 45 -60 -105
27 9 0 45 -60 15
27 12 0 45 -50 5
27 15 0 45 -40 -5
27 18 -9 45 -30 -75
27 18 0 45 -30 -15
27 21 0 45 -20 -25
27 24 0 45 -10 -35
27 27 0 45 0 -45
27 -27 -54 46 -184 -230
27 -27 0 46 -184 138
27 0 -27 46 -92 -138
27 0 0 46 -92 46
27 27 0 46 0 -46
27 -27 -54 47 -188 -235
27 -27 0 47 -188 141
27 0 -27 47 -94 -141
27 0 0 47 -94 47
27 27 0 47 0 -47
27 -27 -54 48 -192 -240
27 -27 0 48 -192 144
27 -18 0 48 -160 112
27 -9 0 48 -128 80
27 0 -27 48 -96 -144
27 0 0 48 -96 48
27 9 0 48 -64 16
27 18 0 48 -32 -16
27 27 0 48 0 -48
27 -27 -54 49 -196 -245
27 -27 -7 49 -196 196
27 -27 0 49 -196 147
27 -27 7 49 -196 196
27 0 -27 49 -98 -147
27 0 0 49 -98 49
27 27 0 49 0 -49
27 -27 -54 50 -200 -250
27 -27 -50 50 -200 150
27 -27 -4 50 -200 150
27 -27 0 50 -200 150
27 0 -100 50 -100 -150
27 0 -27 50 -100 -150
27 0 -25 50 -100 0
27 0 -8 50 -100 -150
27 0 -2 50 -100 0
27 0 0 50 -100 50
27 27 0 50 0 -50
28 -28 -56 -50 200 250
28 -28 0 -50 200 -150
28 -21 0 -50 175 -125
28 -14 -14 -50 150 -100
28 -14 0 -50 150 -100
28 -7 0 -50 125 -75
28 0 -28 -50 100 150
28 0 0 -50 100 -50
28 7 0 -50 75 -25
28 14 0 -50 50 0
28 21 0 -50 25 25
28 28 0 -50 0 50
28 -28 -56 -49 196 245
28 -28 0 -49 196 -147
28 -26 0 -49 189 -140
28 -24 0 -49 182 -133
28 -22 0 -49 175 -126
28 -20 0 -49 168 -119
28 -18 0 -49 161 -112
28 -16 0 -49 154 -105
28 -14 -14 -49 147 -98
28 -14 0 -49 147 -98
28 -12 0 -49 140 -91
28 -10 0 -49 133 -84
28 -8 -21 -49 126 -56
28 -8 0 -49 126 -77
28 -8 1 -49 126 -56
28 -6 0 -49 119 -70
28 -4 0 -49 112 -63
28 -2 0 -49 105 -56
28 0 -28 -49 98 147
28 0 0 -49 98 -49
28 2 0 -49 91 -42
28 4 0 -49 84 -35
28 6 0 -49 77 -28
28 8 0 -49 70 -21
28 10 0 -49 63 -14
28 12 0 -49 56 -7
28 14 0 -49 49 0
28 16 0 -49 42 7
28 18 0 -49 35 14
28 20 0 -49 28 21
28 22 0 -49 21 28
28 24 0 -49 14 35
28 26 0 -49 7 42
28 28 0 -49 0 49
28 -28 -56 -48 192 240
28 -28 0 -48 192 -144
28 -21 0 -48 168 -120
28 -14 -42 -48 144 192
28 -14 -14 -48 144 -96
28 -14 0 -48 144 -96
28 -7 0 -48 120 -72
28 0 -28 -48 96 144
28 0 0 -48 96 -48
28 7 0 -48 72 -24
28 14 -14 -48 48 96
28 14 0 -48 48 0
28 21 0 -48 24 24
28 28 0 -48 0 48
28 -28 -56 -47 188 235
28 -28 0 -47 188 -141
28 -14 -14 -47 141 -94
28 -14 0 -47 141 -94
28 0 -28 -47 94 141
28 0 0 -47 94 -47
28 14 0 -47 47 0
28 28 0 -47 0 47
28 -28 -56 -46 184 230
28 -28 0 -46 184 -138
28 -21 0 -46 161 -115
28 -14 -14 -46 138 -92
28 -14 0 -46 138 -92
28 -7 0 -46 115 -69
28 0 -28 -46 92 138
28 0 0 -46 92 -46
28 7 0 -46 69 -23
28 14 0 -46 46 0
28 21 0 -46 23 23
28 28 0 -46 0 46
28 -28 -56 -45 180 225
28 -28 0 -45 180 -135
28 -14 -14 -45 135 -90
28 -14 0 -45 135 -90
28 0 -28 -45 90 135
28 0 0 -45 90 -45
28 14 0 -45 45 0
28 28 0 -45 0 45
28 -28 -56 -44 176 220
28 -28 0 -44 176 -132
28 -21 0 -44 154 -110
28 -14 -42 -44 132 176
28 -14 -14 -44 132 -88
28 -14 0 -44 132 -88
28 -7 -22 -44 110 -44
28 -7 0 -44 110 -66
28 -7 1 -44 110 -44
28 0 -28 -44 88 132
28 0 0 -44 88 -44
28 7 0 -44 66 -22
28 14 -44 -44 44 88
28 14 -14 -44 44 88
28 14 0 -44 44 0
28 14 2 -44 44 88
28 21 0 -44 22 22
28 28 0 -44 0 44
28 -28 -56 -43 172 215
28 -28 0 -43 172 -129
28 -14 -14 -43 129 -86
28 -14 0 -43 129 -86
28 0 -28 -43 86 129
28 0 0 -43 86 -43
28 14 0 -43 43 0
28 28 0 -43 0 43
28 -28 -56 -42 168 210
28 -28 0 -42 168 -126
28 -27 0 -42 165 -123
28 -26 0 -42 162 -120
28 -26 4 -42 162 -108
28 -25 0 -42 159 -117
28 -24 0 -42 156 -114
28 -23 0 -42 153 -111
28 -22 0 -42 150 -108
28 -21 0 -42 147 -105
28 -20 0 -42 144 -102
28 -19 0 -42 141 -99
28 -18 0 -42 138 -96
28 -17 0 -42 135 -93
28 -16 0 -42 132 -90
28 -15 0 -42 129 -87
28 -14 -14 -42 126 -84
28 -14 0 -42 126 -84
28 -13 0 -42 123 -81
28 -12 0 -42 120 -78
28 -11 0 -42 117 -75
28 -10 0 -42 114 -72
28 -9 0 -42 111 -69
28 -8 0 -42 108 -66
28 -7 0 -42 105 -63
28 -6 0 -42 102 -60
28 -5 0 -42 99 -57
28 -4 0 -42 96 -54
28 -3 0 -42 93 -51
28 -2 0 -42 90 -48
28 -1 0 -42 87 -45
28 0 -28 -42 84 126
28 0 0 -42 84 -42
28 1 0 -42 81 -39
28 2 0 -42 78 -36
28 3 0 -42 75 -33
28 4 0 -42 72 -30
28 5 0 -42 69 -27
28 6 0 -42 66 -24
28 7 0 -42 63 -21
28 8 0 -42 60 -18
28 9 0 -42 57 -15
28 10 0 -42 54 -12
28 11 0 -42 51 -9
28 12 0 -42 48 -6
28 13 0 -42 45 -3
28 14 0 -42 42 0
28 15 0 -42 39 3
28 16 0 -42 36 6
28 17 0 -42 33 9
28 18 -48 -42 30 108
28 18 0 -42 30 12
28 18 2 -42 30 108
28 19 0 -42 27 15
28 20 0 -42 24 18
28 21 0 -42 21 21
28 22 0 -42 18 24
28 23 0 -42 15 27
28 24 0 -42 12 30
28 25 0 -42 9 33
28 26 0 -42 6 36
28 27 0 -42 3 39
28 28 0 -42 0 42
28 -28 -56 -41 164 205
28 -28 0 -41 164 -123
28 -14 -14 -41 123 -82
28 -14 0 -41 123 -82
28 0 -28 -41 82 123
28 0 0 -41 82 -41
28 14 0 -41 41 0
28 28 0 -41 0 41
28 -28 -56 -40 160 200
28 -28 0 -40 160 -120
28 -21 0 -40 140 -100
28 -14 -42 -40 120 160
28 -14 -14 -40 120 -80
28 -14 0 -40 120 -80
28 -7 0 -40 100 -60
28 0 -28 -40 80 120
28 0 0 -40 80 -40
28 7 0 -40 60 -20
28 14 -14 -40 40 80
28 14 0 -40 40 0
28 21 0 -40 20 20
28 28 0 -40 0 40
28 -28 -56 -39 156 195
28 -28 0 -39 156 -117
28 -14 -14 -39 117 -78
28 -14 0 -39 117 -78
28 0 -28 -39 78 117
28 0 0 -39 78 -39
28 14 0 -39 39 0
28 28 0 -39 0 39
28 -28 -56 -38 152 190
28 -28 0 -38 152 -114
28 -21 0 -38 133 -95
28 -14 -14 -38 114 -76
28 -14 0 -38 114 -76
28 -7 0 -38 95 -57
28 0 -28 -38 76 114
28 0 0 -38 76 -38
28 7 0 -38 57 -19
28 14 0 -38 38 0
28 21 0 -38 19 19
28 28 0 -38 0 38
28 -28 -56 -37 148 185
28 -28 0 -37 148 -111
28 -14 -14 -37 111 -74
28 -14 0 -37 111 -74
28 0 -28 -37 74 111
28 0 0 -37 74 -37
28 14 0 -37 37 0
28 28 0 -37 0 37
28 -28 -56 -36 144 180
28 -28 0 -36 144 -108
28 -21 0 -36 126 -90
28 -14 -42 -36 108 144
28 -14 -14 -36 108 -72
28 -14 0 -36 108 -72
28 -7 0 -36 90 -54
28 0 -28 -36 72 108
28 0 0 -36 72 -36
28 7 0 -36 54 -18
28 14 -86 -36 36 216
28 14 -14 -36 36 72
28 14 -12 -36 36 216
28 14 0 -36 36 0
28 21 0 -36 18 18
28 28 0 -36 0 36
28 -28 -56 -35 140 175
28 -28 0 -35 140 -105
28 -26 0 -35 135 -100
28 -24 0 -35 130 -95
28 -22 0 -35 125 -90
28 -20 -5 -35 120 -100
28 -20 -3 -35 120 -100
28 -20 0 -35 120 -85
28 -18 0 -35 115 -80
28 -16 0 -35 110 -75
28 -14 -14 -35 105 -70
28 -14 0 -35 105 -70
28 -12 0 -35 100 -65
28 -10 0 -35 95 -60
28 -8 0 -35 90 -55
28 -6 0 -35 85 -50
28 -4 -25 -35 80 -20
28 -4 0 -35 80 -45
28 -4 1 -35 80 -20
28 -2 0 -35 75 -40
28 0 -28 -35 70 105
28 0 0 -35 70 -35
28 2 0 -35 65 -30
28 4 0 -35 60 -25
28 6 0 -35 55 -20
28 8 0 -35 50 -15
28 10 0 -35 45 -10
28 12 0 -35 40 -5
28 14 0 -35 35 0
28 16 0 -35 30 5
28 18 0 -35 25 10
28 20 0 -35 20 15
28 22 0 -35 15 20
28 24 0 -35 10 25
28 26 0 -35 5 30
28 28 0 -35 0 35
28 -28 -56 -34 136 170
28 -28 0 -34 136 -102
28 -21 0 -34 119 -85
28 -14 -14 -34 102 -68
28 -14 0 -34 102 -68
28 -7 0 -34 85 -51
28 0 -28 -34 68 102
28 0 0 -34 68 -34
28 7 0 -34 51 -17
28 14 0 -34 34 0
28 21 0 -34 17 17
28 28 0 -34 0 34
28 -28 -56 -33 132 165
28 -28 0 -33 132 -99
28 -14 -14 -33 99 -66
28 -14 0 -33 99 -66
28 0 -28 -33 66 99
28 0 0 -33 66 -33
28 14 0 -33 33 0
28 28 0 -33 0 33
28 -28 -56 -32 128 160
28 -28 0 -32 128 -96
28 -21 0 -32 112 -80
28 -14 -42 -32 96 128
28 -14 -14 -32 96 -64
28 -14 0 -32 96 -64
28 -7 0 -32 80 -48
28 0 -28 -32 64 96
28 0 0 -32 64 -32
28 7 0 -32 48 -16
28 14 -14 -32 32 64
28 14 0 -32 32 0
28 21 0 -32 16 16
28 28 0 -32 0 32
28 -28 -56 -31 124 155
28 -28 0 -31 124 -93
28 -14 -14 -31 93 -62
28 -14 0 -31 93 -62
28 0 -28 -31 62 93
28 0 0 -31 62 -31
28 14 0 -31 31 0
28 28 0 -31 0 31
28 -28 -56 -30 120 150
28 -28 0 -30 120 -90
28 -21 0 -30 105 -75
28 -14 -14 -30 90 -60
28 -14 0 -30 90 -60
28 -7 0 -30 75 -45
28 0 -28 -30 60 90
28 0 0 -30 60 -30
28 7 0 -30 45 -15
28 14 0 -30 30 0
28 21 0 -30 15 15
28 28 0 -30 0 30
28 -28 -58 -29 116 -87
28 -28 -56 -29 116 145
28 -28 0 -29 116 -87
28 -28 2 -29 116 -87
28 -14 -14 -29 87 -58
28 -14 0 -29 87 -58
28 0 -116 -29 58 87
28 0 -29 -29 58 0
28 0 -28 -29 58 87
28 0 0 -29 58 -29
28 0 1 -29 58 0
28 0 4 -29 58 87
28 0 9 -29 58 232
28 14 0 -29 29 0
28 28 0 -29 0 29
28 -28 -56 -28 112 140
28 -28 0 -28 112 -84
28 -27 0 -28 110 -82
28 -26 0 -28 108 -80
28 -25 0 -28 106 -78
28 -24 0 -28 104 -76
28 -23 0 -28 102 -74
28 -22 0 -28 100 -72
28 -21 0 -28 98 -70
28 -20 -6 -28 96 -80
28 -20 -2 -28 96 -80
28 -20 0 -28 96 -68
28 -19 0 -28 94 -66
28 -18 0 -28 92 -64
28 -17 0 -28 90 -62
28 -16 0 -28 88 -60
28 -15 0 -28 86 -58
28 -14 -42 -28 84 112
28 -14 -14 -28 84 -56
28 -14 0 -28 84 -56
28 -13 0 -28 82 -54
28 -12 0 -28 80 -52
28 -11 0 -28 78 -50
28 -10 0 -28 76 -48
28 -9 0 -28 74 -46
28 -8 0 -28 72 -44
28 -7 0 -28 70 -42
28 -6 0 -28 68 -40
28 -5 0 -28 66 -38
28 -4 0 -28 64 -36
28 -3 0 -28 62 -34
28 -2 0 -28 60 -32
28 -1 0 -28 58 -30
28 0 -28 -28 56 84
28 0 0 -28 56 -28
28 1 -30 -28 54 4
28 1 0 -28 54 -26
28 1 1 -28 54 4
28 2 0 -28 52 -24
28 3 0 -28 50 -22
28 4 0 -28 48 -20
28 5 0 -28 46 -18
28 6 0 -28 44 -16
28 7 0 -28 42 -14
28 8 0 -28 40 -12
28 9 0 -28 38 -10
28 10 0 -28 36 -8
28 11 0 -28 34 -6
28 12 0 -28 32 -4
28 13 0 -28 30 -2
28 14 -14 -28 28 56
28 14 0 -28 28 0
28 15 0 -28 26 2
28 16 0 -28 24 4
28 17 0 -28 22 6
28 18 0 -28 20 8
28 19 0 -28 18 10
28 20 0 -28 16 12
28 21 0 -28 14 14
28 22 0 -28 12 16
28 23 0 -28 10 18
28 24 0 -28 8 20
28 25 0 -28 6 22
28 26 0 -28 4 24
28 27 0 -28 2 26
28 28 0 -28 0 28
28 -28 -56 -27 108 135
28 -28 0 -27 108 -81
28 -14 -14 -27 81 -54
28 -14 0 -27 81 -54
28 0 -28 -27 54 81
28 0 0 -27 54 -27
28 14 0 -27 27 0
28 28 0 -27 0 27
28 -28 -56 -26 104 130
28 -28 0 -26 104 -78
28 -21 0 -26 91 -65
28 -14 -14 -26 78 -52
28 -14 0 -26 78 -52
28 -7 0 -26 65 -39
28 0 -28 -26 52 78
28 0 0 -26 52 -26
28 7 0 -26 39 -13
28 14 0 -26 26 0
28 21 0 -26 13 13
28 28 0 -26 0 26
28 -28 -56 -25 100 125
28 -28 0 -25 100 -75
28 -14 -14 -25 75 -50
28 -14 0 -25 75 -50
28 0 -28 -25 50 75
28 0 0 -25 50 -25
28 14 0 -25 25 0
28 28 0 -25 0 25
28 -28 -56 -24 96 120
28 -28 0 -24 96 -72
28 -21 -4 -24 84 -72
28 -21 -3 -24 84 -72
28 -21 0 -24 84 -60
28 -14 -42 -24 72 96
28 -14 -14 -24 72 -48
28 -14 0 -24 72 -48
28 -7 0 -24 60 -36
28 0 -28 -24 48 72
28 0 0 -24 48 -24
28 7 -36 -24 36 24
28 7 0 -24 36 -12
28 7 1 -24 36 24
28 14 -14 -24 24 48
28 14 0 -24 24 0
28 21 0 -24 12 12
28 28 0 -24 0 24
28 -28 -56 -23 92 115
28 -28 0 -23 92 -69
28 -14 -14 -23 69 -46
28 -14 0 -23 69 -46
28 0 -28 -23 46 69
28 0 0 -23 46 -23
28 14 0 -23 23 0
28 28 0 -23 0 23
28 -28 -56 -22 88 110
28 -28 0 -22 88 -66
28 -21 0 -22 77 -55
28 -14 -14 -22 66 -44
28 -14 0 -22 66 -44
28 -7 0 -22 55 -33
28 0 -28 -22 44 66
28 0 0 -22 44 -22
28 7 0 -22 33 -11
28 14 0 -22 22 0
28 21 0 -22 11 11
28 28 0 -22 0 22
28 -28 -56 -21 84 105
28 -28 0 -21 84 -63
28 -26 0 -21 81 -60
28 -24 0 -21 78 -57
28 -22 0 -21 75 -54
28 -20 0 -21 72 -51
28 -18 0 -21 69 -48
28 -16 0 -21 66 -45
28 -14 -14 -21 63 -42
28 -14 0 -21 63 -42
28 -12 0 -21 60 -39
28 -10 0 -21 57 -36
28 -8 0 -21 54 -33
28 -6 0 -21 51 -30
28 -4 0 -21 48 -27
28 -2 0 -21 45 -24
28 0 -28 -21 42 63
28 0 0 -21 42 -21
28 2 0 -21 39 -18
28 4 0 -21 36 -15
28 6 0 -21 33 -12
28 8 0 -21 30 -9
28 10 0 -21 27 -6
28 12 0 -21 24 -3
28 14 0 -21 21 0
28 16 -45 -21 18 48
28 16 0 -21 18 3
28 16 1 -21 18 48
28 18 0 -21 15 6
28 20 0 -21 12 9
28 22 0 -21 9 12
28 24 0 -21 6 15
28 26 0 -21 3 18
28 28 0 -21 0 21
28 -28 -56 -20 80 100
28 -28 0 -20 80 -60
28 -21 -5 -20 70 -60
28 -21 -2 -20 70 -60
28 -21 0 -20 70 -50
28 -14 -42 -20 60 80
28 -14 -14 -20 60 -40
28 -14 0 -20 60 -40
28 -7 0 -20 50 -30
28 0 -28 -20 40 60
28 0 0 -20 40 -20
28 7 0 -20 30 -10
28 14 -14 -20 20 40
28 14 0 -20 20 0
28 21 -50 -20 10 60
28 21 0 -20 10 10
28 21 1 -20 10 60
28 28 0 -20 0 20
28 -28 -56 -19 76 95
28 -28 0 -19 76 -57
28 -14 -14 -19 57 -38
28 -14 0 -19 57 -38
28 0 -28 -19 38 57
28 0 0 -19 38 -19
28 14 0 -19 19 0
28 28 -57 -19 0 76
28 28 0 -19 0 19
28 28 1 -19 0 76
28 -28 -56 -18 72 90
28 -28 0 -18 72 -54
28 -21 0 -18 63 -45
28 -14 -14 -18 54 -36
28 -14 0 -18 54 -36
28 -7 0 -18 45 -27
28 0 -28 -18 36 54
28 0 0 -18 36 -18
28 7 0 -18 27 -9
28 14 0 -18 18 0
28 21 0 -18 9 9
28 28 0 -18 0 18
28 -28 -56 -17 68 85
28 -28 0 -17 68 -51
28 -14 -14 -17 51 -34
28 -14 0 -17 51 -34
28 0 -113 -17 34 136
28 0 -28 -17 34 51
28 0 -27 -17 34 136
28 0 0 -17 34 -17
28 14 0 -17 17 0
28 28 0 -17 0 17
28 -28 -56 -16 64 80
28 -28 0 -16 64 -48
28 -21 0 -16 56 -40
28 -14 -42 -16 48 64
28 -14 -14 -16 48 -32
28 -14 0 -16 48 -32
28 -7 0 -16 40 -24
28 0 -28 -16 32 48
28 0 0 -16 32 -16
28 7 0 -16 24 -8
28 14 -14 -16 16 32
28 14 0 -16 16 0
28 21 0 -16 8 8
28 28 0 -16 0 16
28 -28 -56 -15 60 75
28 -28 0 -15 60 -45
28 -14 -14 -15 45 -30
28 -14 0 -15 45 -30
28 0 -28 -15 30 45
28 0 0 -15 30 -15
28 14 0 -15 15 0
28 28 0 -15 0 15
28 -28 -56 -14 56 70
28 -28 0 -14 56 -42
28 -27 0 -14 55 -41
28 -26 0 -14 54 -40
28 -25 0 -14 53 -39
28 -24 0 -14 52 -38
28 -23 0 -14 51 -37
28 -22 -4 -14 50 -44
28 -22 -2 -14 50 -44
28 -22 0 -14 50 -36
28 -21 0 -14 49 -35
28 -20 0 -14 48 -34
28 -19 0 -14 47 -33
28 -18 0 -14 46 -32
28 -17 0 -14 45 -31
28 -16 0 -14 44 -30
28 -15 0 -14 43 -29
28 -14 -14 -14 42 -28
28 -14 0 -14 42 -28
28 -13 0 -14 41 -27
28 -12 0 -14 40 -26
28 -11 0 -14 39 -25
28 -10 0 -14 38 -24
28 -9 0 -14 37 -23
28 -8 0 -14 36 -22
28 -7 0 -14 35 -21
28 -6 0 -14 34 -20
28 -5 0 -14 33 -19
28 -4 0 -14 32 -18
28 -3 0 -14 31 -17
28 -2 0 -14 30 -16
28 -1 0 -14 29 -15
28 0 -28 -14 28 42
28 0 0 -14 28 -14
28 1 0 -14 27 -13
28 2 0 -14 26 -12
28 3 0 -14 25 -11
28 4 0 -14 24 -10
28 5 0 -14 23 -9
28 6 0 -14 22 -8
28 7 0 -14 21 -7
28 8 0 -14 20 -6
28 9 0 -14 19 -5
28 10 0 -14 18 -4
28 11 0 -14 17 -3
28 12 0 -14 16 -2
28 13 0 -14 15 -1
28 14 0 -14 14 0
28 15 0 -14 13 1
28 16 0 -14 12 2
28 17 0 -14 11 3
28 18 0 -14 10 4
28 19 0 -14 9 5
28 20 0 -14 8 6
28 21 0 -14 7 7
28 22 0 -14 6 8
28 23 0 -14 5 9
28 24 0 -14 4 10
28 25 0 -14 3 11
28 26 0 -14 2 12
28 27 0 -14 1 13
28 28 0 -14 0 14
28 -28 -56 -13 52 65
28 -28 0 -13 52 -39
28 -14 -14 -13 39 -26
28 -14 0 -13 39 -26
28 0 -28 -13 26 39
28 0 0 -13 26 -13
28 14 0 -13 13 0
28 28 0 -13 0 13
28 -28 -56 -12 48 60
28 -28 0 -12 48 -36
28 -21 -6 -12 42 -36
28 -21 -1 -12 42 -36
28 -21 0 -12 42 -30
28 -14 -42 -12 36 48
28 -14 -14 -12 36 -24
28 -14 0 -12 36 -24
28 -7 0 -12 30 -18
28 0 -28 -12 24 36
28 0 0 -12 24 -12
28 7 0 -12 18 -6
28 14 -14 -12 12 24
28 14 0 -12 12 0
28 21 0 -12 6 6
28 28 0 -12 0 12
28 -28 -56 -11 44 55
28 -28 0 -11 44 -33
28 -14 -14 -11 33 -22
28 -14 0 -11 33 -22
28 0 -28 -11 22 33
28 0 0 -11 22 -11
28 14 0 -11 11 0
28 28 0 -11 0 11
28 -28 -56 -10 40 50
28 -28 0 -10 40 -30
28 -21 0 -10 35 -25
28 -14 -14 -10 30 -20
28 -14 0 -10 30 -20
28 -7 0 -10 25 -15
28 0 -28 -10 20 30
28 0 0 -10 20 -10
28 7 0 -10 15 -5
28 14 0 -10 10 0
28 21 0 -10 5 5
28 28 0 -10 0 10
28 -28 -56 -9 36 45
28 -28 0 -9 36 -27
28 -14 -14 -9 27 -18
28 -14 0 -9 27 -18
28 0 -28 -9 18 27
28 0 0 -9 18 -9
28 14 0 -9 9 0
28 28 0 -9 0 9
28 -28 -56 -8 32 40
28 -28 0 -8 32 -24
28 -21 0 -8 28 -20
28 -14 -42 -8 24 32
28 -14 -14 -8 24 -16
28 -14 0 -8 24 -16
28 -7 0 -8 20 -12
28 0 -28 -8 16 24
28 0 0 -8 16 -8
28 7 0 -8 12 -4
28 14 -14 -8 8 16
28 14 0 -8 8 0
28 21 0 -8 4 4
28 28 0 -8 0 8
28 -28 -56 -7 28 35
28 -28 0 -7 28 -21
28 -26 0 -7 27 -20
28 -24 0 -7 26 -19
28 -22 0 -7 25 -18
28 -20 0 -7 24 -17
28 -18 0 -7 23 -16
28 -16 0 -7 22 -15
28 -14 -14 -7 21 -14
28 -14 0 -7 21 -14
28 -12 0 -7 20 -13
28 -10 0 -7 19 -12
28 -8 0 -7 18 -11
28 -6 0 -7 17 -10
28 -4 0 -7 16 -9
28 -2 0 -7 15 -8
28 0 -28 -7 14 21
28 0 0 -7 14 -7
28 2 0 -7 13 -6
28 4 0 -7 12 -5
28 6 0 -7 11 -4
28 8 0 -7 10 -3
28 10 0 -7 9 -2
28 12 0 -7 8 -1
28 14 0 -7 7 0
28 16 0 -7 6 1
28 18 0 -7 5 2
28 20 0 -7 4 3
28 22 0 -7 3 4
28 24 0 -7 2 5
28 26 0 -7 1 6
28 28 0 -7 0 7
28 -28 -56 -6 24 30
28 -28 0 -6 24 -18
28 -21 0 -6 21 -15
28 -14 -14 -6 18 -12
28 -14 0 -6 18 -12
28 -7 0 -6 15 -9
28 0 -28 -6 12 18
28 0 0 -6 12 -6
28 7 0 -6 9 -3
28 14 0 -6 6 0
28 21 0 -6 3 3
28 28 0 -6 0 6
28 -28 -56 -5 20 25
28 -28 0 -5 20 -15
28 -14 -14 -5 15 -10
28 -14 0 -5 15 -10
28 0 -28 -5 10 15
28 0 0 -5 10 -5
28 14 0 -5 5 0
28 28 0 -5 0 5
28 -28 -56 -4 16 20
28 -28 0 -4 16 -12
28 -21 0 -4 14 -10
28 -14 -42 -4 12 16
28 -14 -14 -4 12 -8
28 -14 0 -4 12 -8
28 -7 0 -4 10 -6
28 0 -28 -4 8 12
28 0 0 -4 8 -4
28 7 0 -4 6 -2
28 14 -14 -4 4 8
28 14 0 -4 4 0
28 21 0 -4 2 2
28 28 0 -4 0 4
28 -28 -56 -3 12 15
28 -28 0 -3 12 -9
28 -14 -14 -3 9 -6
28 -14 0 -3 9 -6
28 0 -28 -3 6 9
28 0 0 -3 6 -3
28 14 0 -3 3 0
28 28 0 -3 0 3
28 -28 -56 -2 8 10
28 -28 0 -2 8 -6
28 -21 0 -2 7 -5
28 -14 -14 -2 6 -4
28 -14 0 -2 6 -4
28 -7 0 -2 5 -3
28 0 -28 -2 4 6
28 0 0 -2 4 -2
28 7 0 -2 3 -1
28 14 0 -2 2 0
28 21 0 -2 1 1
28 28 0 -2 0 2
28 -28 -56 -1 4 5
28 -28 0 -1 4 -3
28 -14 -14 -1 3 -2
28 -14 0 -1 3 -2
28 0 -28 -1 2 3
28 0 0 -1 2 -1
28 14 0 -1 1 0
28 28 0 -1 0 1
28 -28 -56 1 -4 -5
28 -28 -1 1 -4 4
28 -28 0 1 -4 3
28 -28 1 1 -4 4
28 -14 -14 1 -3 2
28 -14 0 1 -3 2
28 0 -28 1 -2 -3
28 0 0 1 -2 1
28 14 0 1 -1 0
28 28 0 1 0 -1
28 -28 -56 2 -8 -10
28 -28 0 2 -8 6
28 -21 0 2 -7 5
28 -14 -14 2 -6 4
28 -14 0 2 -6 4
28 -7 0 2 -5 3
28 0 -28 2 -4 -6
28 0 0 2 -4 2
28 7 0 2 -3 1
28 14 0 2 -2 0
28 21 0 2 -1 -1
28 28 0 2 0 -2
28 -28 -56 3 -12 -15
28 -28 0 3 -12 9
28 -14 -14 3 -9 6
28 -14 0 3 -9 6
28 0 -28 3 -6 -9
28 0 0 3 -6 3
28 14 0 3 -3 0
28 28 0 3 0 -3
28 -28 -56 4 -16 -20
28 -28 -2 4 -16 16
28 -28 0 4 -16 12
28 -28 2 4 -16 16
28 -21 0 4 -14 10
28 -14 -42 4 -12 -16
28 -14 -14 4 -12 8
28 -14 0 4 -12 8
28 -7 0 4 -10 6
28 0 -28 4 -8 -12
28 0 0 4 -8 4
28 7 0 4 -6 2
28 14 -14 4 -4 -8
28 14 0 4 -4 0
28 21 0 4 -2 -2
28 28 0 4 0 -4
28 -28 -56 5 -20 -25
28 -28 0 5 -20 15
28 -14 -14 5 -15 10
28 -14 0 5 -15 10
28 0 -28 5 -10 -15
28 0 0 5 -10 5
28 14 0 5 -5 0
28 28 0 5 0 -5
28 -28 -56 6 -24 -30
28 -28 0 6 -24 18
28 -21 0 6 -21 15
28 -14 -14 6 -18 12
28 -14 0 6 -18 12
28 -7 0 6 -15 9
28 0 -28 6 -12 -18
28 0 0 6 -12 6
28 7 0 6 -9 3
28 14 0 6 -6 0
28 21 0 6 -3 -3
28 28 0 6 0 -6
28 -28 -56 7 -28 -35
28 -28 0 7 -28 21
28 -26 0 7 -27 20
28 -24 -5 7 -26 24
28 -24 0 7 -26 19
28 -24 1 7 -26 24
28 -22 0 7 -25 18
28 -20 0 7 -24 17
28 -18 0 7 -23 16
28 -16 0 7 -22 15
28 -14 -14 7 -21 14
28 -14 0 7 -21 14
28 -12 0 7 -20 13
28 -10 0 7 -19 12
28 -8 0 7 -18 11
28 -6 0 7 -17 10
28 -4 0 7 -16 9
28 -2 0 7 -15 8
28 0 -28 7 -14 -21
28 0 0 7 -14 7
28 2 0 7 -13 6
28 4 0 7 -12 5
28 6 0 7 -11 4
28 8 0 7 -10 3
28 10 0 7 -9 2
28 12 0 7 -8 1
28 14 0 7 -7 0
28 16 0 7 -6 -1
28 18 0 7 -5 -2
28 20 0 7 -4 -3
28 22 0 7 -3 -4
28 24 0 7 -2 -5
28 26 0 7 -1 -6
28 28 0 7 0 -7
28 -28 -56 8 -32 -40
28 -28 0 8 -32 24
28 -21 0 8 -28 20
28 -14 -42 8 -24 -32
28 -14 -14 8 -24 16
28 -14 0 8 -24 16
28 -7 0 8 -20 12
28 0 -28 8 -16 -24
28 0 0 8 -16 8
28 7 0 8 -12 4
28 14 -14 8 -8 -16
28 14 0 8 -8 0
28 21 0 8 -4 -4
28 28 0 8 0 -8
28 -28 -56 9 -36 -45
28 -28 -3 9 -36 36
28 -28 0 9 -36 27
28 -28 3 9 -36 36
28 -14 -14 9 -27 18
28 -14 0 9 -27 18
28 0 -28 9 -18 -27
28 0 0 9 -18 9
28 14 0 9 -9 0
28 28 0 9 0 -9
28 -28 -56 10 -40 -50
28 -28 0 10 -40 30
28 -21 0 10 -35 25
28 -14 -14 10 -30 20
28 -14 0 10 -30 20
28 -7 0 10 -25 15
28 0 -28 10 -20 -30
28 0 0 10 -20 10
28 7 0 10 -15 5
28 14 0 10 -10 0
28 21 0 10 -5 -5
28 28 0 10 0 -10
28 -28 -56 11 -44 -55
28 -28 0 11 -44 33
28 -14 -14 11 -33 22
28 -14 0 11 -33 22
28 0 -28 11 -22 -33
28 0 0 11 -22 11
28 14 0 11 -11 0
28 28 0 11 0 -11
28 -28 -56 12 -48 -60
28 -28 0 12 -48 36
28 -21 0 12 -42 30
28 -14 -42 12 -36 -48
28 -14 -14 12 -36 24
28 -14 0 12 -36 24
28 -7 0 12 -30 18
28 0 -28 12 -24 -36
28 0 0 12 -24 12
28 7 0 12 -18 6
28 14 -14 12 -12 -24
28 14 0 12 -12 0
28 21 0 12 -6 -6
28 28 0 12 0 -12
28 -28 -56 13 -52 -65
28 -28 0 13 -52 39
28 -14 -14 13 -39 26
28 -14 0 13 -39 26
28 0 -28 13 -26 -39
28 0 0 13 -26 13
28 14 0 13 -13 0
28 28 0 13 0 -13
28 -28 -56 14 -56 -70
28 -28 0 14 -56 42
28 -27 0 14 -55 41
28 -26 0 14 -54 40
28 -25 0 14 -53 39
28 -24 0 14 -52 38
28 -23 0 14 -51 37
28 -22 0 14 -50 36
28 -21 0 14 -49 35
28 -20 0 14 -48 34
28 -19 0 14 -47 33
28 -18 0 14 -46 32
28 -17 0 14 -45 31
28 -16 0 14 -44 30
28 -15 0 14 -43 29
28 -14 -14 14 -42 28
28 -14 0 14 -42 28
28 -13 0 14 -41 27
28 -12 0 14 -40 26
28 -11 0 14 -39 25
28 -10 0 14 -38 24
28 -9 0 14 -37 23
28 -8 0 14 -36 22
28 -7 0 14 -35 21
28 -6 0 14 -34 20
28 -5 0 14 -33 19
28 -4 0 14 -32 18
28 -3 0 14 -31 17
28 -2 0 14 -30 16
28 -1 0 14 -29 15
28 0 -28 14 -28 -42
28 0 0 14 -28 14
28 1 0 14 -27 13
28 2 0 14 -26 12
28 3 0 14 -25 11
28 4 0 14 -24 10
28 5 0 14 -23 9
28 6 0 14 -22 8
28 7 0 14 -21 7
28 8 0 14 -20 6
28 9 0 14 -19 5
28 10 0 14 -18 4
28 11 0 14 -17 3
28 12 0 14 -16 2
28 13 0 14 -15 1
28 14 0 14 -14 0
28 15 0 14 -13 -1
28 16 0 14 -12 -2
28 17 0 14 -11 -3
28 18 0 14 -10 -4
28 19 0 14 -9 -5
28 20 0 14 -8 -6
28 21 0 14 -7 -7
28 22 0 14 -6 -8
28 23 0 14 -5 -9
28 24 0 14 -4 -10
28 25 0 14 -3 -11
28 26 0 14 -2 -12
28 27 0 14 -1 -13
28 28 0 14 0 -14
28 -28 -56 15 -60 -75
28 -28 0 15 -60 45
28 -14 -14 15 -45 30
28 -14 0 15 -45 30
28 0 -28 15 -30 -45
28 0 0 15 -30 15
28 14 0 15 -15 0
28 28 0 15 0 -15
28 -28 -56 16 -64 -80
28 -28 -4 16 -64 64
28 -28 0 16 -64 48
28 -28 4 16 -64 64
28 -21 -8 16 -56 48
28 -21 0 16 -56 40
28 -21 1 16 -56 48
28 -14 -42 16 -48 -64
28 -14 -14 16 -48 32
28 -14 0 16 -48 32
28 -7 0 16 -40 24
28 0 -28 16 -32 -48
28 0 0 16 -32 16
28 7 0 16 -24 8
28 14 -14 16 -16 -32
28 14 0 16 -16 0
28 21 0 16 -8 -8
28 28 0 16 0 -16
28 -28 -56 17 -68 -85
28 -28 0 17 -68 51
28 -14 -14 17 -51 34
28 -14 0 17 -51 34
28 0 -28 17 -34 -51
28 0 0 17 -34 17
28 14 0 17 -17 0
28 28 0 17 0 -17
28 -28 -56 18 -72 -90
28 -28 0 18 -72 54
28 -21 0 18 -63 45
28 -14 -14 18 -54 36
28 -14 0 18 -54 36
28 -7 0 18 -45 27
28 0 -28 18 -36 -54
28 0 0 18 -36 18
28 7 0 18 -27 9
28 14 0 18 -18 0
28 21 0 18 -9 -9
28 28 0 18 0 -18
28 -28 -56 19 -76 -95
28 -28 0 19 -76 57
28 -14 -14 19 -57 38
28 -14 0 19 -57 38
28 0 -28 19 -38 -57
28 0 0 19 -38 19
28 14 0 19 -19 0
28 28 0 19 0 -19
28 -28 -56 20 -80 -100
28 -28 0 20 -80 60
28 -21 0 20 -70 50
28 -14 -42 20 -60 -80
28 -14 -14 20 -60 40
28 -14 0 20 -60 40
28 -7 0 20 -50 30
28 0 -28 20 -40 -60
28 0 0 20 -40 20
28 7 0 20 -30 10
28 14 -14 20 -20 -40
28 14 0 20 -20 0
28 21 0 20 -10 -10
28 28 0 20 0 -20
28 -28 -56 21 -84 -105
28 -28 0 21 -84 63
28 -26 0 21 -81 60
28 -24 0 21 -78 57
28 -22 0 21 -75 54
28 -20 -9 21 -72 60
28 -20 -6 21 -72 27
28 -20 0 21 -72 51
28 -20 1 21 -72 60
28 -18 0 21 -69 48
28 -16 0 21 -66 45
28 -14 -14 21 -63 42
28 -14 0 21 -63 42
28 -12 0 21 -60 39
28 -10 0 21 -57 36
28 -8 0 21 -54 33
28 -6 0 21 -51 30
28 -4 0 21 -48 27
28 -2 0 21 -45 24
28 0 -28 21 -42 -63
28 0 0 21 -42 21
28 2 0 21 -39 18
28 4 0 21 -36 15
28 6 0 21 -33 12
28 8 0 21 -30 9
28 10 0 21 -27 6
28 12 -39 21 -24 -36
28 12 -1 21 -24 -36
28 12 0 21 -24 3
28 14 0 21 -21 0
28 16 0 21 -18 -3
28 18 0 21 -15 -6
28 20 0 21 -12 -9
28 22 0 21 -9 -12
28 24 0 21 -6 -15
28 26 0 21 -3 -18
28 28 0 21 0 -21
28 -28 -56 22 -88 -110
28 -28 0 22 -88 66
28 -21 0 22 -77 55
28 -14 -14 22 -66 44
28 -14 0 22 -66 44
28 -7 0 22 -55 33
28 0 -28 22 -44 -66
28 0 0 22 -44 22
28 7 0 22 -33 11
28 14 0 22 -22 0
28 21 0 22 -11 -11
28 28 0 22 0 -22
28 -28 -56 23 -92 -115
28 -28 0 23 -92 69
28 -14 -14 23 -69 46
28 -14 0 23 -69 46
28 0 -28 23 -46 -69
28 0 0 23 -46 23
28 14 0 23 -23 0
28 28 0 23 0 -23
28 -28 -56 24 -96 -120
28 -28 0 24 -96 72
28 -21 0 24 -84 60
28 -14 -42 24 -72 -96
28 -14 -14 24 -72 48
28 -14 0 24 -72 48
28 -7 0 24 -60 36
28 0 -28 24 -48 -72
28 0 0 24 -48 24
28 7 0 24 -36 12
28 14 -14 24 -24 -48
28 14 0 24 -24 0
28 21 0 24 -12 -12
28 28 0 24 0 -24
28 -28 -56 25 -100 -125
28 -28 -5 25 -100 100
28 -28 0 25 -100 75
28 -28 5 25 -100 100
28 -14 -14 25 -75 50
28 -14 0 25 -75 50
28 0 -28 25 -50 -75
28 0 0 25 -50 25
28 14 0 25 -25 0
28 28 0 25 0 -25
28 -28 -56 26 -104 -130
28 -28 0 26 -104 78
28 -21 0 26 -91 65
28 -14 -14 26 -78 52
28 -14 0 26 -78 52
28 -7 0 26 -65 39
28 0 -28 26 -52 -78
28 0 0 26 -52 26
28 7 0 26 -39 13
28 14 0 26 -26 0
28 21 0 26 -13 -13
28 28 0 26 0 -26
28 -28 -56 27 -108 -135
28 -28 -54 27 -108 81
28 -28 -2 27 -108 81
28 -28 0 27 -108 81
28 -14 -14 27 -81 54
28 -14 0 27 -81 54
28 0 -192 27 -54 -165
28 0 -147 27 -54 -120
28 0 -108 27 -54 -81
28 0 -75 27 -54 -48
28 0 -48 27 -54 -21
28 0 -28 27 -54 -81
28 0 -27 27 -54 0
28 0 -12 27 -54 15
28 0 -9 27 -54 -216
28 0 -4 27 -54 -81
28 0 -3 27 -54 24
28 0 -1 27 -54 0
28 0 0 27 -54 27
28 14 0 27 -27 0
28 28 0 27 0 -27
28 -28 -56 28 -112 -140
28 -28 0 28 -112 84
28 -27 0 28 -110 82
28 -26 -6 28 -108 104
28 -26 0 28 -108 80
28 -26 4 28 -108 104
28 -25 0 28 -106 78
28 -24 0 28 -104 76
28 -23 0 28 -102 74
28 -22 -8 28 -100 88
28 -22 0 28 -100 72
28 -22 2 28 -100 88
28 -21 0 28 -98 70
28 -20 0 28 -96 68
28 -19 -10 28 -94 76
28 -19 0 28 -94 66
28 -19 1 28 -94 76
28 -18 0 28 -92 64
28 -17 0 28 -90 62
28 -16 0 28 -88 60
28 -15 0 28 -86 58
28 -14 -42 28 -84 -112
28 -14 -14 28 -84 56
28 -14 0 28 -84 56
28 -13 0 28 -82 54
28 -12 0 28 -80 52
28 -11 0 28 -78 50
28 -10 0 28 -76 48
28 -9 0 28 -74 46
28 -8 0 28 -72 44
28 -7 0 28 -70 42
28 -6 0 28 -68 40
28 -5 0 28 -66 38
28 -4 0 28 -64 36
28 -3 0 28 -62 34
28 -2 0 28 -60 32
28 -1 -26 28 -58 4
28 -1 -1 28 -58 4
28 -1 0 28 -58 30
28 0 -28 28 -56 -84
28 0 0 28 -56 28
28 1 0 28 -54 26
28 2 0 28 -52 24
28 3 0 28 -50 22
28 4 0 28 -48 20
28 5 0 28 -46 18
28 6 0 28 -44 16
28 7 0 28 -42 14
28 8 0 28 -40 12
28 9 0 28 -38 10
28 10 0 28 -36 8
28 11 0 28 -34 6
28 12 0 28 -32 4
28 13 0 28 -30 2
28 14 -14 28 -28 -56
28 14 0 28 -28 0
28 15 0 28 -26 -2
28 16 0 28 -24 -4
28 17 0 28 -22 -6
28 18 0 28 -20 -8
28 19 0 28 -18 -10
28 20 0 28 -16 -12
28 21 0 28 -14 -14
28 22 0 28 -12 -16
28 23 0 28 -10 -18
28 24 0 28 -8 -20
28 25 0 28 -6 -22
28 26 0 28 -4 -24
28 27 0 28 -2 -26
28 28 0 28 0 -28
28 -28 -56 29 -116 -145
28 -28 0 29 -116 87
28 -14 -14 29 -87 58
28 -14 0 29 -87 58
28 0 -28 29 -58 -87
28 0 0 29 -58 29
28 14 0 29 -29 0
28 28 0 29 0 -29
28 -28 -56 30 -120 -150
28 -28 0 30 -120 90
28 -21 0 30 -105 75
28 -14 -14 30 -90 60
28 -14 0 30 -90 60
28 -7 0 30 -75 45
28 0 -28 30 -60 -90
28 0 0 30 -60 30
28 7 0 30 -45 15
28 14 0 30 -30 0
28 21 0 30 -15 -15
28 28 0 30 0 -30
28 -28 -56 31 -124 -155
28 -28 0 31 -124 93
28 -14 -14 31 -93 62
28 -14 0 31 -93 62
28 0 -28 31 -62 -93
28 0 0 31 -62 31
28 14 0 31 -31 0
28 28 0 31 0 -31
28 -28 -56 32 -128 -160
28 -28 0 32 -128 96
28 -21 0 32 -112 80
28 -14 -42 32 -96 -128
28 -14 -14 32 -96 64
28 -14 0 32 -96 64
28 -7 0 32 -80 48
28 0 -28 32 -64 -96
28 0 0 32 -64 32
28 7 0 32 -48 16
28 14 -14 32 -32 -64
28 14 0 32 -32 0
28 21 0 32 -16 -16
28 28 0 32 0 -32
28 -28 -56 33 -132 -165
28 -28 0 33 -132 99
28 -14 -14 33 -99 66
28 -14 0 33 -99 66
28 0 -28 33 -66 -99
28 0 0 33 -66 33
28 14 0 33 -33 0
28 28 0 33 0 -33
28 -28 -56 34 -136 -170
28 -28 0 34 -136 102
28 -21 0 34 -119 85
28 -14 -14 34 -102 68
28 -14 0 34 -102 68
28 -7 0 34 -85 51
28 0 -28 34 -68 -102
28 0 0 34 -68 34
28 7 0 34 -51 17
28 14 0 34 -34 0
28 21 0 34 -17 -17
28 28 0 34 0 -34
28 -28 -56 35 -140 -175
28 -28 0 35 -140 105
28 -26 0 35 -135 100
28 -24 0 35 -130 95
28 -22 0 35 -125 90
28 -20 0 35 -120 85
28 -18 0 35 -115 80
28 -16 0 35 -110 75
28 -14 -14 35 -105 70
28 -14 0 35 -105 70
28 -12 0 35 -100 65
28 -10 0 35 -95 60
28 -8 0 35 -90 55
28 -6 0 35 -85 50
28 -4 0 35 -80 45
28 -2 0 35 -75 40
28 0 -28 35 -70 -105
28 0 0 35 -70 35
28 2 0 35 -65 30
28 4 0 35 -60 25
28 6 0 35 -55 20
28 8 0 35 -50 15
28 10 0 35 -45 10
28 12 0 35 -40 5
28 14 0 35 -35 0
28 16 0 35 -30 -5
28 18 0 35 -25 -10
28 20 0 35 -20 -15
28 22 0 35 -15 -20
28 24 0 35 -10 -25
28 26 0 35 -5 -30
28 28 0 35 0 -35
28 -28 -56 36 -144 -180
28 -28 -6 36 -144 144
28 -28 0 36 -144 108
28 -28 6 36 -144 144
28 -21 -9 36 -126 108
28 -21 0 36 -126 90
28 -21 2 36 -126 108
28 -14 -42 36 -108 -144
28 -14 -14 36 -108 72
28 -14 -12 36 -108 0
28 -14 0 36 -108 72
28 -7 0 36 -90 54
28 0 -28 36 -72 -108
28 0 0 36 -72 36
28 7 0 36 -54 18
28 14 -14 36 -36 -72
28 14 0 36 -36 0
28 21 0 36 -18 -18
28 28 -54 36 0 -144
28 28 -2 36 0 -144
28 28 0 36 0 -36
28 -28 -56 37 -148 -185
28 -28 0 37 -148 111
28 -14 -14 37 -111 74
28 -14 0 37 -111 74
28 0 -28 37 -74 -111
28 0 0 37 -74 37
28 14 0 37 -37 0
28 28 0 37 0 -37
28 -28 -56 38 -152 -190
28 -28 0 38 -152 114
28 -21 0 38 -133 95
28 -14 -14 38 -114 76
28 -14 0 38 -114 76
28 -7 0 38 -95 57
28 0 -28 38 -76 -114
28 0 0 38 -76 38
28 7 0 38 -57 19
28 14 0 38 -38 0
28 21 0 38 -19 -19
28 28 0 38 0 -38
28 -28 -56 39 -156 -195
28 -28 0 39 -156 117
28 -14 -14 39 -117 78
28 -14 0 39 -117 78
28 0 -28 39 -78 -117
28 0 0 39 -78 39
28 14 0 39 -39 0
28 28 0 39 0 -39
28 -28 -56 40 -160 -200
28 -28 0 40 -160 120
28 -21 0 40 -140 100
28 -14 -42 40 -120 -160
28 -14 -14 40 -120 80
28 -14 0 40 -120 80
28 -7 -20 40 -100 40
28 -7 -1 40 -100 40
28 -7 0 40 -100 60
28 0 -28 40 -80 -120
28 0 0 40 -80 40
28 7 0 40 -60 20
28 14 -40 40 -40 -80
28 14 -14 40 -40 -80
28 14 -2 40 -40 -80
28 14 0 40 -40 0
28 21 0 40 -20 -20
28 28 0 40 0 -40
28 -28 -56 41 -164 -205
28 -28 0 41 -164 123
28 -14 -14 41 -123 82
28 -14 0 41 -123 82
28 0 -28 41 -82 -123
28 0 0 41 -82 41
28 14 0 41 -41 0
28 28 0 41 0 -41
28 -28 -56 42 -168 -210
28 -28 0 42 -168 126
28 -27 0 42 -165 123
28 -26 0 42 -162 120
28 -25 0 42 -159 117
28 -24 0 42 -156 114
28 -23 0 42 -153 111
28 -22 0 42 -150 108
28 -21 0 42 -147 105
28 -20 0 42 -144 102
28 -19 0 42 -141 99
28 -18 0 42 -138 96
28 -17 0 42 -135 93
28 -16 0 42 -132 90
28 -15 0 42 -129 87
28 -14 -14 42 -126 84
28 -14 0 42 -126 84
28 -13 0 42 -123 81
28 -12 0 42 -120 78
28 -11 0 42 -117 75
28 -10 0 42 -114 72
28 -9 0 42 -111 69
28 -8 0 42 -108 66
28 -7 0 42 -105 63
28 -6 0 42 -102 60
28 -5 0 42 -99 57
28 -4 0 42 -96 54
28 -3 0 42 -93 51
28 -2 0 42 -90 48
28 -1 0 42 -87 45
28 0 -28 42 -84 -126
28 0 0 42 -84 42
28 1 0 42 -81 39
28 2 0 42 -78 36
28 3 0 42 -75 33
28 4 0 42 -72 30
28 5 0 42 -69 27
28 6 0 42 -66 24
28 7 0 42 -63 21
28 8 0 42 -60 18
28 9 0 42 -57 15
28 10 -36 42 -54 -60
28 10 -2 42 -54 -60
28 10 0 42 -54 12
28 11 0 42 -51 9
28 12 0 42 -48 6
28 13 0 42 -45 3
28 14 0 42 -42 0
28 15 0 42 -39 -3
28 16 0 42 -36 -6
28 17 0 42 -33 -9
28 18 0 42 -30 -12
28 19 0 42 -27 -15
28 20 0 42 -24 -18
28 21 0 42 -21 -21
28 22 0 42 -18 -24
28 23 0 42 -15 -27
28 24 0 42 -12 -30
28 25 0 42 -9 -33
28 26 0 42 -6 -36
28 27 0 42 -3 -39
28 28 0 42 0 -42
28 -28 -56 43 -172 -215
28 -28 0 43 -172 129
28 -14 -14 43 -129 86
28 -14 0 43 -129 86
28 0 -28 43 -86 -129
28 0 0 43 -86 43
28 14 0 43 -43 0
28 28 0 43 0 -43
28 -28 -56 44 -176 -220
28 -28 0 44 -176 132
28 -21 0 44 -154 110
28 -14 -42 44 -132 -176
28 -14 -14 44 -132 88
28 -14 0 44 -132 88
28 -7 0 44 -110 66
28 0 -28 44 -88 -132
28 0 0 44 -88 44
28 7 -33 44 -66 -44
28 7 -2 44 -66 -44
28 7 0 44 -66 22
28 14 -14 44 -44 -88
28 14 0 44 -44 0
28 21 0 44 -22 -22
28 28 0 44 0 -44
28 -28 -56 45 -180 -225
28 -28 0 45 -180 135
28 -14 -14 45 -135 90
28 -14 0 45 -135 90
28 0 -28 45 -90 -135
28 0 0 45 -90 45
28 14 0 45 -45 0
28 28 0 45 0 -45
28 -28 -56 46 -184 -230
28 -28 0 46 -184 138
28 -21 0 46 -161 115
28 -14 -14 46 -138 92
28 -14 0 46 -138 92
28 -7 0 46 -115 69
28 0 -28 46 -92 -138
28 0 0 46 -92 46
28 7 0 46 -69 23
28 14 0 46 -46 0
28 21 0 46 -23 -23
28 28 0 46 0 -46
28 -28 -56 47 -188 -235
28 -28 0 47 -188 141
28 -14 -14 47 -141 94
28 -14 0 47 -141 94
28 0 -28 47 -94 -141
28 0 0 47 -94 47
28 14 0 47 -47 0
28 28 0 47 0 -47
28 -28 -56 48 -192 -240
28 -28 0 48 -192 144
28 -21 0 48 -168 120
28 -14 -42 48 -144 -192
28 -14 -14 48 -144 96
28 -14 0 48 -144 96
28 -7 0 48 -120 72
28 0 -28 48 -96 -144
28 0 0 48 -96 48
28 7 0 48 -72 24
28 14 -14 48 -48 -96
28 14 0 48 -48 0
28 21 0 48 -24 -24
28 28 0 48 0 -48
28 -28 -56 49 -196 -245
28 -28 -7 49 -196 196
28 -28 0 49 -196 147
28 -28 7 49 -196 196
28 -26 0 49 -189 140
28 -24 0 49 -182 133
28 -22 0 49 -175 126
28 -20 0 49 -168 119
28 -18 0 49 -161 112
28 -16 0 49 -154 105
28 -14 -14 49 -147 98
28 -14 0 49 -147 98
28 -12 0 49 -140 91
28 -10 0 49 -133 84
28 -8 0 49 -126 77
28 -6 0 49 -119 70
28 -4 0 49 -112 63
28 -2 0 49 -105 56
28 0 -28 49 -98 -147
28 0 0 49 -98 49
28 2 -28 49 -91 -14
28 2 -2 49 -91 -14
28 2 0 49 -91 42
28 4 0 49 -84 35
28 6 0 49 -77 28
28 8 0 49 -70 21
28 10 0 49 -63 14
28 12 0 49 -56 7
28 14 0 49 -49 0
28 16 0 49 -42 -7
28 18 0 49 -35 -14
28 20 0 49 -28 -21
28 22 0 49 -21 -28
28 24 0 49 -14 -35
28 26 0 49 -7 -42
28 28 0 49 0 -49
28 -28 -56 50 -200 -250
28 -28 0 50 -200 150
28 -21 0 50 -175 125
28 -14 -14 50 -150 100
28 -14 0 50 -150 100
28 -7 0 50 -125 75
28 0 -28 50 -100 -150
28 0 0 50 -100 50
28 7 0 50 -75 25
28 14 0 50 -50 0
28 21 0 50 -25 -25
28 28 0 50 0 -50
29 -29 -58 -50 200 250
29 -29 0 -50 200 -150
29 0 -29 -50 100 150
29 0 0 -50 100 -50
29 29 0 -50 0 50
29 -29 -58 -49 196 245
29 -29 0 -49 196 -147
29 0 -29 -49 98 147
29 0 0 -49 98 -49
29 29 0 -49 0 49
29 -29 -58 -48 192 240
29 -29 0 -48 192 -144
29 0 -29 -48 96 144
29 0 0 -48 96 -48
29 29 0 -48 0 48
29 -29 -58 -47 188 235
29 -29 0 -47 188 -141
29 0 -29 -47 94 141
29 0 0 -47 94 -47
29 29 0 -47 0 47
29 -29 -58 -46 184 230
29 -29 0 -46 184 -138
29 0 -29 -46 92 138
29 0 0 -46 92 -46
29 29 0 -46 0 46
29 -29 -58 -45 180 225
29 -29 0 -45 180 -135
29 0 -29 -45 90 135
29 0 0 -45 90 -45
29 29 0 -45 0 45
29 -29 -58 -44 176 220
29 -29 0 -44 176 -132
29 0 -29 -44 88 132
29 0 0 -44 88 -44
29 29 0 -44 0 44
29 -29 -58 -43 172 215
29 -29 0 -43 172 -129
29 0 -29 -43 86 129
29 0 0 -43 86 -43
29 29 0 -43 0 43
29 -29 -58 -42 168 210
29 -29 0 -42 168 -126
29 0 -29 -42 84 126
29 0 0 -42 84 -42
29 29 0 -42 0 42
29 -29 -58 -41 164 205
29 -29 0 -41 164 -123
29 0 -29 -41 82 123
29 0 0 -41 82 -41
29 29 0 -41 0 41
29 -29 -58 -40 160 200
29 -29 0 -40 160 -120
29 0 -29 -40 80 120
29 0 0 -40 80 -40
29 29 -60 -40 0 160
29 29 0 -40 0 40
29 29 2 -40 0 160
29 -29 -58 -39 156 195
29 -29 0 -39 156 -117
29 0 -29 -39 78 117
29 0 0 -39 78 -39
29 29 0 -39 0 39
29 -29 -58 -38 152 190
29 -29 0 -38 152 -114
29 0 -29 -38 76 114
29 0 0 -38 76 -38
29 29 0 -38 0 38
29 -29 -58 -37 148 185
29 -29 0 -37 148 -111
29 0 -29 -37 74 111
29 0 0 -37 74 -37
29 29 0 -37 0 37
29 -29 -58 -36 144 180
29 -29 0 -36 144 -108
29 0 -29 -36 72 108
29 0 0 -36 72 -36
29 29 0 -36 0 36
29 -29 -58 -35 140 175
29 -29 0 -35 140 -105
29 0 -29 -35 70 105
29 0 0 -35 70 -35
29 29 0 -35 0 35
29 -29 -58 -34 136 170
29 -29 0 -34 136 -102
29 0 -29 -34 68 102
29 0 0 -34 68 -34
29 29 0 -34 0 34
29 -29 -58 -33 132 165
29 -29 0 -33 132 -99
29 0 -29 -33 66 99
29 0 0 -33 66 -33
29 29 0 -33 0 33
29 -29 -58 -32 128 160
29 -29 0 -32 128 -96
29 0 -29 -32 64 96
29 0 0 -32 64 -32
29 29 0 -32 0 32
29 -29 -58 -31 124 155
29 -29 0 -31 124 -93
29 0 -29 -31 62 93
29 0 0 -31 62 -31
29 29 0 -31 0 31
29 -29 -60 -30 120 -90
29 -29 -58 -30 120 150
29 -29 0 -30 120 -90
29 -29 2 -30 120 -90
29 0 -120 -30 60 90
29 0 -30 -30 60 0
29 0 -29 -30 60 90
29 0 0 -30 60 -30
29 0 1 -30 60 0
29 0 4 -30 60 90
29 0 9 -30 60 240
29 29 0 -30 0 30
29 -29 -58 -29 116 145
29 -29 0 -29 116 -87
29 -28 -57 -29 114 143
29 -28 0 -29 114 -85
29 -27 -56 -29 112 141
29 -27 0 -29 112 -83
29 -26 -55 -29 110 139
29 -26 0 -29 110 -81
29 -25 -54 -29 108 137
29 -25 0 -29 108 -79
29 -24 -53 -29 106 135
29 -24 0 -29 106 -77
29 -23 -52 -29 104 133
29 -23 0 -29 104 -75
29 -22 -51 -29 102 131
29 -22 0 -29 102 -73
29 -21 -50 -29 100 129
29 -21 0 -29 100 -71
29 -20 -49 -29 98 127
29 -20 0 -29 98 -69
29 -19 -48 -29 96 125
29 -19 -9 -29 96 -76
29 -19 -1 -29 96 -76
29 -19 0 -29 96 -67
29 -18 -47 -29 94 123
29 -18 0 -29 94 -65
29 -17 -46 -29 92 121
29 -17 0 -29 92 -63
29 -16 -45 -29 90 119
29 -16 0 -29 90 -61
29 -15 -44 -29 88 117
29 -15 0 -29 88 -59
29 -14 -43 -29 86 115
29 -14 0 -29 86 -57
29 -13 -42 -29 84 113
29 -13 0 -29 84 -55
29 -12 -41 -29 82 111
29 -12 0 -29 82 -53
29 -11 -40 -29 80 109
29 -11 0 -29 80 -51
29 -10 -39 -29 78 107
29 -10 0 -29 78 -49
29 -9 -38 -29 76 105
29 -9 0 -29 76 -47
29 -8 -37 -29 74 103
29 -8 0 -29 74 -45
29 -7 -36 -29 72 101
29 -7 0 -29 72 -43
29 -6 -35 -29 70 99
29 -6 0 -29 70 -41
29 -5 -34 -29 68 97
29 -5 0 -29 68 -39
29 -4 -33 -29 66 95
29 -4 0 -29 66 -37
29 -3 -32 -29 64 93
29 -3 0 -29 64 -35
29 -2 -31 -29 62 91
29 -2 0 -29 62 -33
29 -1 -30 -29 60 89
29 -1 0 -29 60 -31
29 0 -29 -29 58 87
29 0 0 -29 58 -29
29 1 -31 -29 56 4
29 1 -28 -29 56 85
29 1 0 -29 56 -27
29 1 1 -29 56 4
29 2 -27 -29 54 83
29 2 0 -29 54 -25
29 3 -26 -29 52 81
29 3 0 -29 52 -23
29 4 -25 -29 50 79
29 4 0 -29 50 -21
29 5 -24 -29 48 77
29 5 0 -29 48 -19
29 6 -23 -29 46 75
29 6 0 -29 46 -17
29 7 -22 -29 44 73
29 7 0 -29 44 -15
29 8 -21 -29 42 71
29 8 0 -29 42 -13
29 9 -20 -29 40 69
29 9 0 -29 40 -11
29 10 -19 -29 38 67
29 10 0 -29 38 -9
29 11 -18 -29 36 65
29 11 0 -29 36 -7
29 12 -17 -29 34 63
29 12 0 -29 34 -5
29 13 -16 -29 32 61
29 13 0 -29 32 -3
29 14 -15 -29 30 59
29 14 0 -29 30 -1
29 15 -14 -29 28 57
29 15 0 -29 28 1
29 16 -13 -29 26 55
29 16 0 -29 26 3
29 17 -12 -29 24 53
29 17 0 -29 24 5
29 18 -11 -29 22 51
29 18 0 -29 22 7
29 19 -10 -29 20 49
29 19 0 -29 20 9
29 20 -9 -29 18 47
29 20 0 -29 18 11
29 21 -8 -29 16 45
29 21 0 -29 16 13
29 22 -7 -29 14 43
29 22 0 -29 14 15
29 23 -6 -29 12 41
29 23 0 -29 12 17
29 24 -5 -29 10 39
29 24 0 -29 10 19
29 25 -4 -29 8 37
29 25 0 -29 8 21
29 26 -3 -29 6 35
29 26 0 -29 6 23
29 27 -2 -29 4 33
29 27 0 -29 4 25
29 28 -1 -29 2 31
29 28 0 -29 2 27
29 29 0 -29 0 29
29 -29 -58 -28 112 140
29 -29 0 -28 112 -84
29 0 -29 -28 56 84
29 0 0 -28 56 -28
29 29 0 -28 0 28
29 -29 -58 -27 108 135
29 -29 0 -27 108 -81
29 0 -29 -27 54 81
29 0 0 -27 54 -27
29 29 0 -27 0 27
29 -29 -58 -26 104 130
29 -29 0 -26 104 -78
29 0 -29 -26 52 78
29 0 0 -26 52 -26
29 29 0 -26 0 26
29 -29 -58 -25 100 125
29 -29 0 -25 100 -75
29 0 -29 -25 50 75
29 0 0 -25 50 -25
29 29 0 -25 0 25
29 -29 -58 -24 96 120
29 -29 0 -24 96 -72
29 0 -29 -24 48 72
29 0 0 -24 48 -24
29 29 0 -24 0 24
29 -29 -58 -23 92 115
29 -29 0 -23 92 -69
29 0 -29 -23 46 69
29 0 0 -23 46 -23
29 29 0 -23 0 23
29 -29 -58 -22 88 110
29 -29 0 -22 88 -66
29 0 -29 -22 44 66
29 0 0 -22 44 -22
29 29 0 -22 0 22
29 -29 -58 -21 84 105
29 -29 0 -21 84 -63
29 0 -29 -21 42 63
29 0 0 -21 42 -21
29 29 0 -21 0 21
29 -29 -58 -20 80 100
29 -29 0 -20 80 -60
29 0 -29 -20 40 60
29 0 0 -20 40 -20
29 29 0 -20 0 20
29 -29 -58 -19 76 95
29 -29 0 -19 76 -57
29 0 -29 -19 38 57
29 0 0 -19 38 -19
29 29 0 -19 0 19
29 -29 -58 -18 72 90
29 -29 0 -18 72 -54
29 0 -29 -18 36 54
29 0 0 -18 36 -18
29 29 0 -18 0 18
29 -29 -58 -17 68 85
29 -29 0 -17 68 -51
29 0 -29 -17 34 51
29 0 0 -17 34 -17
29 29 0 -17 0 17
29 -29 -58 -16 64 80
29 -29 0 -16 64 -48
29 0 -29 -16 32 48
29 0 0 -16 32 -16
29 29 0 -16 0 16
29 -29 -58 -15 60 75
29 -29 0 -15 60 -45
29 0 -29 -15 30 45
29 0 0 -15 30 -15
29 29 0 -15 0 15
29 -29 -58 -14 56 70
29 -29 0 -14 56 -42
29 0 -29 -14 28 42
29 0 0 -14 28 -14
29 29 0 -14 0 14
29 -29 -58 -13 52 65
29 -29 0 -13 52 -39
29 0 -29 -13 26 39
29 0 0 -13 26 -13
29 29 0 -13 0 13
29 -29 -58 -12 48 60
29 -29 0 -12 48 -36
29 0 -29 -12 24 36
29 0 0 -12 24 -12
29 29 0 -12 0 12
29 -29 -58 -11 44 55
29 -29 0 -11 44 -33
29 0 -29 -11 22 33
29 0 0 -11 22 -11
29 29 0 -11 0 11
29 -29 -58 -10 40 50
29 -29 0 -10 40 -30
29 0 -29 -10 20 30
29 0 0 -10 20 -10
29 29 0 -10 0 10
29 -29 -58 -9 36 45
29 -29 0 -9 36 -27
29 0 -29 -9 18 27
29 0 0 -9 18 -9
29 29 0 -9 0 9
29 -29 -58 -8 32 40
29 -29 0 -8 32 -24
29 0 -29 -8 16 24
29 0 0 -8 16 -8
29 29 0 -8 0 8
29 -29 -58 -7 28 35
29 -29 0 -7 28 -21
29 0 -29 -7 14 21
29 0 0 -7 14 -7
29 29 0 -7 0 7
29 -29 -58 -6 24 30
29 -29 0 -6 24 -18
29 0 -29 -6 12 18
29 0 0 -6 12 -6
29 29 0 -6 0 6
29 -29 -58 -5 20 25
29 -29 0 -5 20 -15
29 0 -29 -5 10 15
29 0 0 -5 10 -5
29 29 0 -5 0 5
29 -29 -58 -4 16 20
29 -29 0 -4 16 -12
29 0 -29 -4 8 12
29 0 0 -4 8 -4
29 29 0 -4 0 4
29 -29 -58 -3 12 15
29 -29 0 -3 12 -9
29 0 -29 -3 6 9
29 0 0 -3 6 -3
29 29 0 -3 0 3
29 -29 -58 -2 8 10
29 -29 0 -2 8 -6
29 0 -29 -2 4 6
29 0 0 -2 4 -2
29 29 0 -2 0 2
29 -29 -58 -1 4 5
29 -29 0 -1 4 -3
29 0 -29 -1 2 3
29 0 0 -1 2 -1
29 29 0 -1 0 1
29 -29 -58 1 -4 -5
29 -29 -1 1 -4 4
29 -29 0 1 -4 3
29 -29 1 1 -4 4
29 0 -29 1 -2 -3
29 0 0 1 -2 1
29 29 0 1 0 -1
29 -29 -58 2 -8 -10
29 -29 0 2 -8 6
29 0 -29 2 -4 -6
29 0 0 2 -4 2
29 29 0 2 0 -2
29 -29 -58 3 -12 -15
29 -29 0 3 -12 9
29 0 -29 3 -6 -9
29 0 0 3 -6 3
29 29 0 3 0 -3
29 -29 -58 4 -16 -20
29 -29 -2 4 -16 16
29 -29 0 4 -16 12
29 -29 2 4 -16 16
29 0 -29 4 -8 -12
29 0 0 4 -8 4
29 29 0 4 0 -4
29 -29 -58 5 -20 -25
29 -29 0 5 -20 15
29 0 -29 5 -10 -15
29 0 0 5 -10 5
29 29 0 5 0 -5
29 -29 -58 6 -24 -30
29 -29 0 6 -24 18
29 0 -29 6 -12 -18
29 0 0 6 -12 6
29 29 0 6 0 -6
29 -29 -58 7 -28 -35
29 -29 0 7 -28 21
29 0 -29 7 -14 -21
29 0 0 7 -14 7
29 29 0 7 0 -7
29 -29 -58 8 -32 -40
29 -29 0 8 -32 24
29 0 -29 8 -16 -24
29 0 0 8 -16 8
29 29 0 8 0 -8
29 -29 -58 9 -36 -45
29 -29 -3 9 -36 36
29 -29 0 9 -36 27
29 -29 3 9 -36 36
29 0 -29 9 -18 -27
29 0 0 9 -18 9
29 29 0 9 0 -9
29 -29 -58 10 -40 -50
29 -29 0 10 -40 30
29 0 -29 10 -20 -30
29 0 0 10 -20 10
29 29 0 10 0 -10
29 -29 -58 11 -44 -55
29 -29 0 11 -44 33
29 0 -29 11 -22 -33
29 0 0 11 -22 11
29 29 0 11 0 -11
29 -29 -58 12 -48 -60
29 -29 0 12 -48 36
29 0 -29 12 -24 -36
29 0 0 12 -24 12
29 29 0 12 0 -12
29 -29 -58 13 -52 -65
29 -29 0 13 -52 39
29 0 -29 13 -26 -39
29 0 0 13 -26 13
29 29 0 13 0 -13
29 -29 -58 14 -56 -70
29 -29 0 14 -56 42
29 0 -29 14 -28 -42
29 0 0 14 -28 14
29 29 0 14 0 -14
29 -29 -58 15 -60 -75
29 -29 0 15 -60 45
29 0 -29 15 -30 -45
29 0 0 15 -30 15
29 29 0 15 0 -15
29 -29 -58 16 -64 -80
29 -29 -4 16 -64 64
29 -29 0 16 -64 48
29 -29 4 16 -64 64
29 0 -29 16 -32 -48
29 0 0 16 -32 16
29 29 0 16 0 -16
29 -29 -58 17 -68 -85
29 -29 0 17 -68 51
29 0 -29 17 -34 -51
29 0 0 17 -34 17
29 29 0 17 0 -17
29 -29 -58 18 -72 -90
29 -29 0 18 -72 54
29 0 -29 18 -36 -54
29 0 0 18 -36 18
29 29 0 18 0 -18
29 -29 -58 19 -76 -95
29 -29 0 19 -76 57
29 0 -29 19 -38 -57
29 0 0 19 -38 19
29 29 -57 19 0 -76
29 29 -1 19 0 -76
29 29 0 19 0 -19
29 -29 -58 20 -80 -100
29 -29 0 20 -80 60
29 0 -29 20 -40 -60
29 0 0 20 -40 20
29 29 0 20 0 -20
29 -29 -58 21 -84 -105
29 -29 0 21 -84 63
29 0 -29 21 -42 -63
29 0 0 21 -42 21
29 29 0 21 0 -21
29 -29 -58 22 -88 -110
29 -29 0 22 -88 66
29 0 -29 22 -44 -66
29 0 0 22 -44 22
29 29 0 22 0 -22
29 -29 -58 23 -92 -115
29 -29 0 23 -92 69
29 0 -29 23 -46 -69
29 0 0 23 -46 23
29 29 0 23 0 -23
29 -29 -58 24 -96 -120
29 -29 0 24 -96 72
29 0 -29 24 -48 -72
29 0 0 24 -48 24
29 29 0 24 0 -24
29 -29 -58 25 -100 -125
29 -29 -5 25 -100 100
29 -29 0 25 -100 75
29 -29 5 25 -100 100
29 0 -29 25 -50 -75
29 0 0 25 -50 25
29 29 0 25 0 -25
29 -29 -58 26 -104 -130
29 -29 0 26 -104 78
29 0 -29 26 -52 -78
29 0 0 26 -52 26
29 29 0 26 0 -26
29 -29 -58 27 -108 -135
29 -29 0 27 -108 81
29 0 -29 27 -54 -81
29 0 0 27 -54 27
29 29 0 27 0 -27
29 -29 -58 28 -112 -140
29 -29 -56 28 -112 84
29 -29 -2 28 -112 84
29 -29 0 28 -112 84
29 0 -112 28 -56 -84
29 0 -29 28 -56 -84
29 0 -28 28 -56 0
29 0 -9 28 -56 -224
29 0 -4 28 -56 -84
29 0 -1 28 -56 0
29 0 0 28 -56 28
29 29 0 28 0 -28
29 -29 -58 29 -116 -145
29 -29 0 29 -116 87
29 -28 -57 29 -114 -143
29 -28 0 29 -114 85
29 -27 -56 29 -112 -141
29 -27 0 29 -112 83
29 -26 -55 29 -110 -139
29 -26 0 29 -110 81
29 -25 -54 29 -108 -137
29 -25 -7 29 -108 100
29 -25 0 29 -108 79
29 -25 3 29 -108 100
29 -24 -53 29 -106 -135
29 -24 0 29 -106 77
29 -23 -52 29 -104 -133
29 -23 0 29 -104 75
29 -22 -51 29 -102 -131
29 -22 0 29 -102 73
29 -21 -50 29 -100 -129
29 -21 0 29 -100 71
29 -20 -49 29 -98 -127
29 -20 0 29 -98 69
29 -19 -48 29 -96 -125
29 -19 0 29 -96 67
29 -18 -47 29 -94 -123
29 -18 0 29 -94 65
29 -17 -46 29 -92 -121
29 -17 0 29 -92 63
29 -16 -45 29 -90 -119
29 -16 0 29 -90 61
29 -15 -44 29 -88 -117
29 -15 0 29 -88 59
29 -14 -43 29 -86 -115
29 -14 0 29 -86 57
29 -13 -42 29 -84 -113
29 -13 0 29 -84 55
29 -12 -41 29 -82 -111
29 -12 0 29 -82 53
29 -11 -40 29 -80 -109
29 -11 0 29 -80 51
29 -10 -39 29 -78 -107
29 -10 0 29 -78 49
29 -9 -38 29 -76 -105
29 -9 0 29 -76 47
29 -8 -37 29 -74 -103
29 -8 0 29 -74 45
29 -7 -36 29 -72 -101
29 -7 0 29 -72 43
29 -6 -35 29 -70 -99
29 -6 0 29 -70 41
29 -5 -34 29 -68 -97
29 -5 0 29 -68 39
29 -4 -33 29 -66 -95
29 -4 0 29 -66 37
29 -3 -32 29 -64 -93
29 -3 0 29 -64 35
29 -2 -31 29 -62 -91
29 -2 0 29 -62 33
29 -1 -30 29 -60 -89
29 -1 -27 29 -60 4
29 -1 -1 29 -60 4
29 -1 0 29 -60 31
29 0 -29 29 -58 -87
29 0 0 29 -58 29
29 1 -28 29 -56 -85
29 1 0 29 -56 27
29 2 -27 29 -54 -83
29 2 0 29 -54 25
29 3 -26 29 -52 -81
29 3 0 29 -52 23
29 4 -25 29 -50 -79
29 4 0 29 -50 21
29 5 -24 29 -48 -77
29 5 0 29 -48 19
29 6 -23 29 -46 -75
29 6 0 29 -46 17
29 7 -22 29 -44 -73
29 7 0 29 -44 15
29 8 -21 29 -42 -71
29 8 0 29 -42 13
29 9 -20 29 -40 -69
29 9 0 29 -40 11
29 10 -19 29 -38 -67
29 10 0 29 -38 9
29 11 -18 29 -36 -65
29 11 0 29 -36 7
29 12 -17 29 -34 -63
29 12 0 29 -34 5
29 13 -16 29 -32 -61
29 13 0 29 -32 3
29 14 -15 29 -30 -59
29 14 0 29 -30 1
29 15 -14 29 -28 -57
29 15 0 29 -28 -1
29 16 -13 29 -26 -55
29 16 0 29 -26 -3
29 17 -12 29 -24 -53
29 17 0 29 -24 -5
29 18 -11 29 -22 -51
29 18 0 29 -22 -7
29 19 -10 29 -20 -49
29 19 0 29 -20 -9
29 20 -9 29 -18 -47
29 20 0 29 -18 -11
29 21 -8 29 -16 -45
29 21 0 29 -16 -13
29 22 -7 29 -14 -43
29 22 0 29 -14 -15
29 23 -6 29 -12 -41
29 23 0 29 -12 -17
29 24 -5 29 -10 -39
29 24 0 29 -10 -19
29 25 -4 29 -8 -37
29 25 0 29 -8 -21
29 26 -3 29 -6 -35
29 26 0 29 -6 -23
29 27 -2 29 -4 -33
29 27 0 29 -4 -25
29 28 -1 29 -2 -31
29 28 0 29 -2 -27
29 29 0 29 0 -29
29 -29 -58 30 -120 -150
29 -29 0 30 -120 90
29 0 -29 30 -60 -90
29 0 0 30 -60 30
29 29 0 30 0 -30
29 -29 -58 31 -124 -155
29 -29 0 31 -124 93
29 0 -29 31 -62 -93
29 0 0 31 -62 31
29 29 0 31 0 -31
29 -29 -58 32 -128 -160
29 -29 0 32 -128 96
29 0 -29 32 -64 -96
29 0 0 32 -64 32
29 29 0 32 0 -32
29 -29 -58 33 -132 -165
29 -29 0 33 -132 99
29 0 -29 33 -66 -99
29 0 0 33 -66 33
29 29 0 33 0 -33
29 -29 -58 34 -136 -170
29 -29 0 34 -136 102
29 0 -114 34 -68 -272
29 0 -31 34 -68 -272
29 0 -29 34 -68 -102
29 0 0 34 -68 34
29 29 0 34 0 -34
29 -29 -58 35 -140 -175
29 -29 0 35 -140 105
29 0 -29 35 -70 -105
29 0 0 35 -70 35
29 29 0 35 0 -35
29 -29 -58 36 -144 -180
29 -29 -6 36 -144 144
29 -29 0 36 -144 108
29 -29 6 36 -144 144
29 0 -29 36 -72 -108
29 0 0 36 -72 36
29 29 0 36 0 -36
29 -29 -58 37 -148 -185
29 -29 0 37 -148 111
29 0 -29 37 -74 -111
29 0 0 37 -74 37
29 29 0 37 0 -37
29 -29 -58 38 -152 -190
29 -29 0 38 -152 114
29 0 -29 38 -76 -114
29 0 0 38 -76 38
29 29 0 38 0 -38
29 -29 -58 39 -156 -195
29 -29 0 39 -156 117
29 0 -29 39 -78 -117
29 0 0 39 -78 39
29 29 0 39 0 -39
29 -29 -58 40 -160 -200
29 -29 0 40 -160 120
29 0 -29 40 -80 -120
29 0 0 40 -80 40
29 29 0 40 0 -40
29 -29 -58 41 -164 -205
29 -29 0 41 -164 123
29 0 -29 41 -82 -123
29 0 0 41 -82 41
29 29 0 41 0 -41
29 -29 -58 42 -168 -210
29 -29 0 42 -168 126
29 0 -29 42 -84 -126
29 0 0 42 -84 42
29 29 0 42 0 -42
29 -29 -58 43 -172 -215
29 -29 0 43 -172 129
29 0 -29 43 -86 -129
29 0 0 43 -86 43
29 29 0 43 0 -43
29 -29 -58 44 -176 -220
29 -29 0 44 -176 132
29 0 -29 44 -88 -132
29 0 0 44 -88 44
29 29 0 44 0 -44
29 -29 -58 45 -180 -225
29 -29 0 45 -180 135
29 0 -29 45 -90 -135
29 0 0 45 -90 45
29 29 0 45 0 -45
29 -29 -58 46 -184 -230
29 -29 0 46 -184 138
29 0 -29 46 -92 -138
29 0 0 46 -92 46
29 29 0 46 0 -46
29 -29 -58 47 -188 -235
29 -29 0 47 -188 141
29 0 -29 47 -94 -141
29 0 0 47 -94 47
29 29 0 47 0 -47
29 -29 -58 48 -192 -240
29 -29 0 48 -192 144
29 0 -29 48 -96 -144
29 0 0 48 -96 48
29 29 0 48 0 -48
29 -29 -58 49 -196 -245
29 -29 -7 49 -196 196
29 -29 0 49 -196 147
29 -29 7 49 -196 196
29 0 -29 49 -98 -147
29 0 0 49 -98 49
29 29 0 49 0 -49
29 -29 -58 50 -200 -250
29 -29 0 50 -200 150
29 0 -29 50 -100 -150
29 0 0 50 -100 50
29 29 0 50 0 -50
30 -30 -60 -50 200 250
30 -30 0 -50 200 -150
30 -27 0 -50 190 -140
30 -24 0 -50 180 -130
30 -21 -5 -50 170 -140
30 -21 -4 -50 170 -140
30 -21 0 -50 170 -120
30 -18 0 -50 160 -110
30 -15 -15 -50 150 -100
30 -15 0 -50 150 -100
30 -12 0 -50 140 -90
30 -9 0 -50 130 -80
30 -6 0 -50 120 -70
30 -3 0 -50 110 -60
30 0 -30 -50 100 150
30 0 0 -50 100 -50
30 3 0 -50 90 -40
30 6 0 -50 80 -30
30 9 0 -50 70 -20
30 12 0 -50 60 -10
30 15 0 -50 50 0
30 18 0 -50 40 10
30 21 0 -50 30 20
30 24 0 -50 20 30
30 27 0 -50 10 40
30 30 0 -50 0 50
30 -30 -60 -49 196 245
30 -30 0 -49 196 -147
30 -15 -15 -49 147 -98
30 -15 0 -49 147 -98
30 0 -30 -49 98 147
30 0 0 -49 98 -49
30 15 0 -49 49 0
30 30 0 -49 0 49
30 -30 -60 -48 192 240
30 -30 0 -48 192 -144
30 -25 0 -48 176 -128
30 -20 -8 -48 160 -128
30 -20 -2 -48 160 -128
30 -20 0 -48 160 -112
30 -15 -15 -48 144 -96
30 -15 0 -48 144 -96
30 -10 0 -48 128 -80
30 -5 0 -48 112 -64
30 0 -30 -48 96 144
30 0 0 -48 96 -48
30 5 0 -48 80 -32
30 10 0 -48 64 -16
30 15 0 -48 48 0
30 20 0 -48 32 16
30 25 0 -48 16 32
30 30 0 -48 0 48
30 -30 -60 -47 188 235
30 -30 0 -47 188 -141
30 -15 -45 -47 141 188
30 -15 -15 -47 141 -94
30 -15 0 -47 141 -94
30 0 -30 -47 94 141
30 0 0 -47 94 -47
30 15 -47 -47 47 94
30 15 -15 -47 47 94
30 15 0 -47 47 0
30 15 2 -47 47 94
30 30 0 -47 0 47
30 -30 -60 -46 184 230
30 -30 0 -46 184 -138
30 -15 -15 -46 138 -92
30 -15 0 -46 138 -92
30 0 -30 -46 92 138
30 0 0 -46 92 -46
30 15 0 -46 46 0
30 30 0 -46 0 46
30 -30 -60 -45 180 225
30 -30 0 -45 180 -135
30 -29 0 -45 177 -132
30 -28 0 -45 174 -129
30 -28 4 -45 174 -117
30 -27 0 -45 171 -126
30 -26 0 -45 168 -123
30 -25 0 -45 165 -120
30 -24 0 -45 162 -117
30 -23 0 -45 159 -114
30 -22 0 -45 156 -111
30 -21 -6 -45 153 -126
30 -21 -3 -45 153 -126
30 -21 0 -45 153 -108
30 -20 0 -45 150 -105
30 -19 0 -45 147 -102
30 -18 0 -45 144 -99
30 -17 0 -45 141 -96
30 -16 0 -45 138 -93
30 -15 -15 -45 135 -90
30 -15 0 -45 135 -90
30 -14 0 -45 132 -87
30 -13 0 -45 129 -84
30 -12 0 -45 126 -81
30 -11 0 -45 123 -78
30 -10 0 -45 120 -75
30 -9 0 -45 117 -72
30 -8 0 -45 114 -69
30 -7 -24 -45 111 -42
30 -7 0 -45 111 -66
30 -7 1 -45 111 -42
30 -6 0 -45 108 -63
30 -5 0 -45 105 -60
30 -4 0 -45 102 -57
30 -3 0 -45 99 -54
30 -2 0 -45 96 -51
30 -1 0 -45 93 -48
30 0 -30 -45 90 135
30 0 0 -45 90 -45
30 1 0 -45 87 -42
30 2 0 -45 84 -39
30 3 0 -45 81 -36
30 4 0 -45 78 -33
30 5 0 -45 75 -30
30 6 0 -45 72 -27
30 7 0 -45 69 -24
30 8 0 -45 66 -21
30 9 0 -45 63 -18
30 10 0 -45 60 -15
30 11 0 -45 57 -12
30 12 0 -45 54 -9
30 13 0 -45 51 -6
30 14 0 -45 48 -3
30 15 0 -45 45 0
30 16 0 -45 42 3
30 17 0 -45 39 6
30 18 0 -45 36 9
30 19 -51 -45 33 114
30 19 0 -45 33 12
30 19 2 -45 33 114
30 20 0 -45 30 15
30 21 0 -45 27 18
30 22 0 -45 24 21
30 23 0 -45 21 24
30 24 0 -45 18 27
30 25 0 -45 15 30
30 26 0 -45 12 33
30 27 0 -45 9 36
30 28 0 -45 6 39
30 29 0 -45 3 42
30 30 0 -45 0 45
30 -30 -60 -44 176 220
30 -30 0 -44 176 -132
30 -15 -15 -44 132 -88
30 -15 0 -44 132 -88
30 0 -30 -44 88 132
30 0 0 -44 88 -44
30 15 0 -44 44 0
30 30 0 -44 0 44
30 -30 -60 -43 172 215
30 -30 0 -43 172 -129
30 -15 -45 -43 129 172
30 -15 -15 -43 129 -86
30 -15 0 -43 129 -86
30 0 -30 -43 86 129
30 0 0 -43 86 -43
30 15 -15 -43 43 86
30 15 0 -43 43 0
30 30 0 -43 0 43
30 -30 -60 -42 168 210
30 -30 0 -42 168 -126
30 -25 0 -42 154 -112
30 -20 0 -42 140 -98
30 -15 -15 -42 126 -84
30 -15 0 -42 126 -84
30 -10 0 -42 112 -70
30 -5 0 -42 98 -56
30 0 -30 -42 84 126
30 0 0 -42 84 -42
30 5 0 -42 70 -28
30 10 0 -42 56 -14
30 15 0 -42 42 0
30 20 0 -42 28 14
30 25 0 -42 14 28
30 30 0 -42 0 42
30 -30 -60 -41 164 205
30 -30 0 -41 164 -123
30 -15 -15 -41 123 -82
30 -15 0 -41 123 -82
30 0 -30 -41 82 123
30 0 0 -41 82 -41
30 15 0 -41 41 0
30 30 0 -41 0 41
30 -30 -60 -40 160 200
30 -30 0 -40 160 -120
30 -27 0 -40 152 -112
30 -24 0 -40 144 -104
30 -21 0 -40 136 -96
30 -18 0 -40 128 -88
30 -15 -15 -40 120 -80
30 -15 0 -40 120 -80
30 -12 0 -40 112 -72
30 -9 0 -40 104 -64
30 -6 0 -40 96 -56
30 -3 0 -40 88 -48
30 0 -30 -40 80 120
30 0 0 -40 80 -40
30 3 0 -40 72 -32
30 6 0 -40 64 -24
30 9 0 -40 56 -16
30 12 0 -40 48 -8
30 15 0 -40 40 0
30 18 0 -40 32 8
30 21 0 -40 24 16
30 24 0 -40 16 24
30 27 0 -40 8 32
30 30 0 -40 0 40
30 -30 -60 -39 156 195
30 -30 0 -39 156 -117
30 -25 0 -39 143 -104
30 -20 0 -39 130 -91
30 -15 -45 -39 117 156
30 -15 -15 -39 117 -78
30 -15 0 -39 117 -78
30 -10 0 -39 104 -65
30 -5 -26 -39 91 -26
30 -5 0 -39 91 -52
30 -5 1 -39 91 -26
30 0 -30 -39 78 117
30 0 0 -39 78 -39
30 5 0 -39 65 -26
30 10 0 -39 52 -13
30 15 -15 -39 39 78
30 15 0 -39 39 0
30 20 0 -39 26 13
30 25 0 -39 13 26
30 30 0 -39 0 39
30 -30 -60 -38 152 190
30 -30 0 -38 152 -114
30 -15 -15 -38 114 -76
30 -15 0 -38 114 -76
30 0 -30 -38 76 114
30 0 0 -38 76 -38
30 15 0 -38 38 0
30 30 0 -38 0 38
30 -30 -60 -37 148 185
30 -30 0 -37 148 -111
30 -15 -15 -37 111 -74
30 -15 0 -37 111 -74
30 0 -30 -37 74 111
30 0 0 -37 74 -37
30 15 0 -37 37 0
30 30 0 -37 0 37
30 -30 -60 -36 144 180
30 -30 0 -36 144 -108
30 -25 0 -36 132 -96
30 -20 0 -36 120 -84
30 -15 -15 -36 108 -72
30 -15 0 -36 108 -72
30 -10 0 -36 96 -60
30 -5 0 -36 84 -48
30 0 -30 -36 72 108
30 0 0 -36 72 -36
30 5 0 -36 60 -24
30 10 0 -36 48 -12
30 15 0 -36 36 0
30 20 0 -36 24 12
30 25 0 -36 12 24
30 30 0 -36 0 36
30 -30 -60 -35 140 175
30 -30 0 -35 140 -105
30 -27 0 -35 133 -98
30 -24 0 -35 126 -91
30 -21 -7 -35 119 -98
30 -21 -2 -35 119 -98
30 -21 0 -35 119 -84
30 -18 0 -35 112 -77
30 -15 -45 -35 105 140
30 -15 -15 -35 105 -70
30 -15 0 -35 105 -70
30 -12 0 -35 98 -63
30 -9 0 -35 91 -56
30 -6 0 -35 84 -49
30 -3 -28 -35 77 -14
30 -3 0 -35 77 -42
30 -3 1 -35 77 -14
30 0 -30 -35 70 105
30 0 0 -35 70 -35
30 3 0 -35 63 -28
30 6 0 -35 56 -21
30 9 0 -35 49 -14
30 12 0 -35 42 -7
30 15 -15 -35 35 70
30 15 0 -35 35 0
30 18 0 -35 28 7
30 21 0 -35 21 14
30 24 0 -35 14 21
30 27 0 -35 7 28
30 30 0 -35 0 35
30 -30 -60 -34 136 170
30 -30 0 -34 136 -102
30 -15 -15 -34 102 -68
30 -15 0 -34 102 -68
30 0 -30 -34 68 102
30 0 0 -34 68 -34
30 15 0 -34 34 0
30 30 0 -34 0 34
30 -30 -60 -33 132 165
30 -30 0 -33 132 -99
30 -25 0 -33 121 -88
30 -20 0 -33 110 -77
30 -15 -15 -33 99 -66
30 -15 0 -33 99 -66
30 -10 0 -33 88 -55
30 -5 0 -33 77 -44
30 0 -30 -33 66 99
30 0 0 -33 66 -33
30 5 0 -33 55 -22
30 10 0 -33 44 -11
30 15 0 -33 33 0
30 20 0 -33 22 11
30 25 0 -33 11 22
30 30 0 -33 0 33
30 -30 -60 -32 128 160
30 -30 0 -32 128 -96
30 -15 -15 -32 96 -64
30 -15 0 -32 96 -64
30 0 -30 -32 64 96
30 0 0 -32 64 -32
30 15 0 -32 32 0
30 30 0 -32 0 32
30 -30 -62 -31 124 -93
30 -30 -60 -31 124 155
30 -30 0 -31 124 -93
30 -30 2 -31 124 -93
30 -15 -45 -31 93 124
30 -15 -15 -31 93 -62
30 -15 0 -31 93 -62
30 0 -124 -31 62 93
30 0 -31 -31 62 0
30 0 -30 -31 62 93
30 0 0 -31 62 -31
30 0 1 -31 62 0
30 0 4 -31 62 93
30 0 9 -31 62 248
30 15 -15 -31 31 62
30 15 0 -31 31 0
30 30 0 -31 0 31
30 -30 -60 -30 120 150
30 -30 0 -30 120 -90
30 -29 0 -30 118 -88
30 -28 0 -30 116 -86
30 -27 0 -30 114 -84
30 -26 0 -30 112 -82
30 -25 0 -30 110 -80
30 -24 0 -30 108 -78
30 -23 0 -30 106 -76
30 -22 0 -30 104 -74
30 -21 0 -30 102 -72
30 -20 0 -30 100 -70
30 -19 0 -30 98 -68
30 -18 0 -30 96 -66
30 -17 0 -30 94 -64
30 -16 0 -30 92 -62
30 -15 -15 -30 90 -60
30 -15 0 -30 90 -60
30 -14 0 -30 88 -58
30 -13 0 -30 86 -56
30 -12 0 -30 84 -54
30 -11 0 -30 82 -52
30 -10 0 -30 80 -50
30 -9 0 -30 78 -48
30 -8 0 -30 76 -46
30 -7 0 -30 74 -44
30 -6 0 -30 72 -42
30 -5 0 -30 70 -40
30 -4 0 -30 68 -38
30 -3 0 -30 66 -36
30 -2 0 -30 64 -34
30 -1 0 -30 62 -32
30 0 -30 -30 60 90
30 0 0 -30 60 -30
30 1 -32 -30 58 4
30 1 0 -30 58 -28
30 1 1 -30 58 4
30 2 0 -30 56 -26
30 3 0 -30 54 -24
30 4 0 -30 52 -22
30 5 0 -30 50 -20
30 6 0 -30 48 -18
30 7 0 -30 46 -16
30 8 0 -30 44 -14
30 9 0 -30 42 -12
30 10 0 -30 40 -10
30 11 0 -30 38 -8
30 12 0 -30 36 -6
30 13 0 -30 34 -4
30 14 0 -30 32 -2
30 15 0 -30 30 0
30 16 0 -30 28 2
30 17 0 -30 26 4
30 18 0 -30 24 6
30 19 0 -30 22 8
30 20 0 -30 20 10
30 21 0 -30 18 12
30 22 0 -30 16 14
30 23 0 -30 14 16
30 24 0 -30 12 18
30 25 0 -30 10 20
30 26 0 -30 8 22
30 27 0 -30 6 24
30 28 0 -30 4 26
30 29 0 -30 2 28
30 30 0 -30 0 30
30 -30 -60 -29 116 145
30 -30 0 -29 116 -87
30 -15 -15 -29 87 -58
30 -15 0 -29 87 -58
30 0 -30 -29 58 87
30 0 0 -29 58 -29
30 15 0 -29 29 0
30 30 0 -29 0 29
30 -30 -60 -28 112 140
30 -30 0 -28 112 -84
30 -15 -15 -28 84 -56
30 -15 0 -28 84 -56
30 0 -30 -28 56 84
30 0 0 -28 56 -28
30 15 0 -28 28 0
30 30 0 -28 0 28
30 -30 -60 -27 108 135
30 -30 0 -27 108 -81
30 -25 0 -27 99 -72
30 -20 -9 -27 90 -72
30 -20 -1 -27 90 -72
30 -20 0 -27 90 -63
30 -15 -45 -27 81 108
30 -15 -15 -27 81 -54
30 -15 0 -27 81 -54
30 -10 0 -27 72 -45
30 -5 0 -27 63 -36
30 0 -30 -27 54 81
30 0 0 -27 54 -27
30 5 -36 -27 45 18
30 5 0 -27 45 -18
30 5 1 -27 45 18
30 10 0 -27 36 -9
30 15 -15 -27 27 54
30 15 0 -27 27 0
30 20 0 -27 18 9
30 25 0 -27 9 18
30 30 0 -27 0 27
30 -30 -60 -26 104 130
30 -30 0 -26 104 -78
30 -15 -15 -26 78 -52
30 -15 0 -26 78 -52
30 0 -30 -26 52 78
30 0 0 -26 52 -26
30 15 0 -26 26 0
30 30 0 -26 0 26
30 -30 -60 -25 100 125
30 -30 0 -25 100 -75
30 -27 0 -25 95 -70
30 -24 0 -25 90 -65
30 -21 0 -25 85 -60
30 -18 0 -25 80 -55
30 -15 -15 -25 75 -50
30 -15 0 -25 75 -50
30 -12 0 -25 70 -45
30 -9 0 -25 65 -40
30 -6 0 -25 60 -35
30 -3 0 -25 55 -30
30 0 -30 -25 50 75
30 0 0 -25 50 -25
30 3 0 -25 45 -20
30 6 0 -25 40 -15
30 9 -40 -25 35 30
30 9 0 -25 35 -10
30 9 1 -25 35 30
30 12 0 -25 30 -5
30 15 0 -25 25 0
30 18 0 -25 20 5
30 21 0 -25 15 10
30 24 0 -25 10 15
30 27 0 -25 5 20
30 30 0 -25 0 25
30 -30 -60 -24 96 120
30 -30 0 -24 96 -72
30 -25 0 -24 88 -64
30 -20 0 -24 80 -56
30 -15 -15 -24 72 -48
30 -15 0 -24 72 -48
30 -10 0 -24 64 -40
30 -5 0 -24 56 -32
30 0 -30 -24 48 72
30 0 0 -24 48 -24
30 5 0 -24 40 -16
30 10 0 -24 32 -8
30 15 0 -24 24 0
30 20 0 -24 16 8
30 25 0 -24 8 16
30 30 0 -24 0 24
30 -30 -60 -23 92 115
30 -30 0 -23 92 -69
30 -15 -45 -23 69 92
30 -15 -15 -23 69 -46
30 -15 0 -23 69 -46
30 0 -30 -23 46 69
30 0 0 -23 46 -23
30 15 -46 -23 23 46
30 15 -15 -23 23 46
30 15 0 -23 23 0
30 15 1 -23 23 46
30 30 0 -23 0 23
30 -30 -60 -22 88 110
30 -30 0 -22 88 -66
30 -15 -15 -22 66 -44
30 -15 0 -22 66 -44
30 0 -30 -22 44 66
30 0 0 -22 44 -22
30 15 0 -22 22 0
30 30 0 -22 0 22
30 -30 -60 -21 84 105
30 -30 0 -21 84 -63
30 -25 0 -21 77 -56
30 -20 0 -21 70 -49
30 -15 -15 -21 63 -42
30 -15 0 -21 63 -42
30 -10 0 -21 56 -35
30 -5 0 -21 49 -28
30 0 -30 -21 42 63
30 0 0 -21 42 -21
30 5 0 -21 35 -14
30 10 0 -21 28 -7
30 15 0 -21 21 0
30 20 0 -21 14 7
30 25 -56 -21 7 70
30 25 0 -21 7 14
30 25 1 -21 7 70
30 30 0 -21 0 21
30 -30 -60 -20 80 100
30 -30 0 -20 80 -60
30 -27 0 -20 76 -56
30 -24 0 -20 72 -52
30 -21 -8 -20 68 -56
30 -21 -1 -20 68 -56
30 -21 0 -20 68 -48
30 -18 0 -20 64 -44
30 -15 -15 -20 60 -40
30 -15 0 -20 60 -40
30 -12 0 -20 56 -36
30 -9 0 -20 52 -32
30 -6 0 -20 48 -28
30 -3 0 -20 44 -24
30 0 -30 -20 40 60
30 0 0 -20 40 -20
30 3 0 -20 36 -16
30 6 0 -20 32 -12
30 9 0 -20 28 -8
30 12 0 -20 24 -4
30 15 0 -20 20 0
30 18 0 -20 16 4
30 21 0 -20 12 8
30 24 0 -20 8 12
30 27 0 -20 4 16
30 30 0 -20 0 20
30 -30 -60 -19 76 95
30 -30 0 -19 76 -57
30 -15 -45 -19 57 76
30 -15 -15 -19 57 -38
30 -15 0 -19 57 -38
30 0 -30 -19 38 57
30 0 0 -19 38 -19
30 15 -91 -19 19 114
30 15 -15 -19 19 38
30 15 -14 -19 19 114
30 15 0 -19 19 0
30 30 0 -19 0 19
30 -30 -60 -18 72 90
30 -30 0 -18 72 -54
30 -25 0 -18 66 -48
30 -20 0 -18 60 -42
30 -15 -15 -18 54 -36
30 -15 0 -18 54 -36
30 -10 0 -18 48 -30
30 -5 0 -18 42 -24
30 0 -30 -18 36 54
30 0 0 -18 36 -18
30 5 0 -18 30 -12
30 10 0 -18 24 -6
30 15 0 -18 18 0
30 20 0 -18 12 6
30 25 0 -18 6 12
30 30 0 -18 0 18
30 -30 -60 -17 68 85
30 -30 0 -17 68 -51
30 -15 -15 -17 51 -34
30 -15 0 -17 51 -34
30 0 -30 -17 34 51
30 0 0 -17 34 -17
30 15 0 -17 17 0
30 30 0 -17 0 17
30 -30 -60 -16 64 80
30 -30 0 -16 64 -48
30 -15 -15 -16 48 -32
30 -15 0 -16 48 -32
30 0 -30 -16 32 48
30 0 0 -16 32 -16
30 15 0 -16 16 0
30 30 0 -16 0 16
30 -30 -60 -15 60 75
30 -30 0 -15 60 -45
30 -29 0 -15 59 -44
30 -28 0 -15 58 -43
30 -27 0 -15 57 -42
30 -26 0 -15 56 -41
30 -25 0 -15 55 -40
30 -24 -3 -15 54 -48
30 -24 0 -15 54 -39
30 -23 0 -15 53 -38
30 -22 -7 -15 52 -44
30 -22 -1 -15 52 -44
30 -22 0 -15 52 -37
30 -21 0 -15 51 -36
30 -20 0 -15 50 -35
30 -19 0 -15 49 -34
30 -18 0 -15 48 -33
30 -17 0 -15 47 -32
30 -16 0 -15 46 -31
30 -15 -45 -15 45 60
30 -15 -15 -15 45 -30
30 -15 0 -15 45 -30
30 -14 0 -15 44 -29
30 -13 0 -15 43 -28
30 -12 0 -15 42 -27
30 -11 0 -15 41 -26
30 -10 0 -15 40 -25
30 -9 0 -15 39 -24
30 -8 0 -15 38 -23
30 -7 0 -15 37 -22
30 -6 0 -15 36 -21
30 -5 0 -15 35 -20
30 -4 0 -15 34 -19
30 -3 0 -15 33 -18
30 -2 0 -15 32 -17
30 -1 0 -15 31 -16
30 0 -30 -15 30 45
30 0 0 -15 30 -15
30 1 0 -15 29 -14
30 2 0 -15 28 -13
30 3 0 -15 27 -12
30 4 0 -15 26 -11
30 5 0 -15 25 -10
30 6 0 -15 24 -9
30 7 0 -15 23 -8
30 8 0 -15 22 -7
30 9 0 -15 21 -6
30 10 0 -15 20 -5
30 11 0 -15 19 -4
30 12 0 -15 18 -3
30 13 0 -15 17 -2
30 14 0 -15 16 -1
30 15 -15 -15 15 30
30 15 0 -15 15 0
30 16 0 -15 14 1
30 17 0 -15 13 2
30 18 0 -15 12 3
30 19 0 -15 11 4
30 20 0 -15 10 5
30 21 0 -15 9 6
30 22 0 -15 8 7
30 23 0 -15 7 8
30 24 0 -15 6 9
30 25 0 -15 5 10
30 26 0 -15 4 11
30 27 0 -15 3 12
30 28 0 -15 2 13
30 29 0 -15 1 14
30 30 0 -15 0 15
30 -30 -60 -14 56 70
30 -30 0 -14 56 -42
30 -15 -15 -14 42 -28
30 -15 0 -14 42 -28
30 0 -30 -14 28 42
30 0 0 -14 28 -14
30 15 0 -14 14 0
30 30 0 -14 0 14
30 -30 -60 -13 52 65
30 -30 0 -13 52 -39
30 -15 -15 -13 39 -26
30 -15 0 -13 39 -26
30 0 -30 -13 26 39
30 0 0 -13 26 -13
30 15 0 -13 13 0
30 30 0 -13 0 13
30 -30 -60 -12 48 60
30 -30 0 -12 48 -36
30 -25 0 -12 44 -32
30 -20 0 -12 40 -28
30 -15 -15 -12 36 -24
30 -15 0 -12 36 -24
30 -10 0 -12 32 -20
30 -5 0 -12 28 -16
30 0 -30 -12 24 36
30 0 0 -12 24 -12
30 5 0 -12 20 -8
30 10 0 -12 16 -4
30 15 0 -12 12 0
30 20 0 -12 8 4
30 25 0 -12 4 8
30 30 0 -12 0 12
30 -30 -60 -11 44 55
30 -30 0 -11 44 -33
30 -15 -45 -11 33 44
30 -15 -15 -11 33 -22
30 -15 0 -11 33 -22
30 0 -30 -11 22 33
30 0 0 -11 22 -11
30 15 -15 -11 11 22
30 15 0 -11 11 0
30 30 0 -11 0 11
30 -30 -60 -10 40 50
30 -30 0 -10 40 -30
30 -27 0 -10 38 -28
30 -24 0 -10 36 -26
30 -21 0 -10 34 -24
30 -18 0 -10 32 -22
30 -15 -15 -10 30 -20
30 -15 0 -10 30 -20
30 -12 0 -10 28 -18
30 -9 0 -10 26 -16
30 -6 0 -10 24 -14
30 -3 0 -10 22 -12
30 0 -30 -10 20 30
30 0 0 -10 20 -10
30 3 0 -10 18 -8
30 6 0 -10 16 -6
30 9 0 -10 14 -4
30 12 0 -10 12 -2
30 15 0 -10 10 0
30 18 0 -10 8 2
30 21 0 -10 6 4
30 24 0 -10 4 6
30 27 0 -10 2 8
30 30 0 -10 0 10
30 -30 -60 -9 36 45
30 -30 0 -9 36 -27
30 -25 -3 -9 33 -30
30 -25 -2 -9 33 -30
30 -25 0 -9 33 -24
30 -20 0 -9 30 -21
30 -15 -15 -9 27 -18
30 -15 0 -9 27 -18
30 -10 0 -9 24 -15
30 -5 0 -9 21 -12
30 0 -30 -9 18 27
30 0 0 -9 18 -9
30 5 0 -9 15 -6
30 10 0 -9 12 -3
30 15 0 -9 9 0
30 20 0 -9 6 3
30 25 0 -9 3 6
30 30 0 -9 0 9
30 -30 -60 -8 32 40
30 -30 0 -8 32 -24
30 -15 -15 -8 24 -16
30 -15 0 -8 24 -16
30 0 -30 -8 16 24
30 0 0 -8 16 -8
30 15 0 -8 8 0
30 30 0 -8 0 8
30 -30 -60 -7 28 35
30 -30 0 -7 28 -21
30 -15 -45 -7 21 28
30 -15 -15 -7 21 -14
30 -15 0 -7 21 -14
30 0 -30 -7 14 21
30 0 0 -7 14 -7
30 15 -15 -7 7 14
30 15 0 -7 7 0
30 30 0 -7 0 7
30 -30 -60 -6 24 30
30 -30 0 -6 24 -18
30 -25 -4 -6 22 -20
30 -25 -1 -6 22 -20
30 -25 0 -6 22 -16
30 -20 0 -6 20 -14
30 -15 -15 -6 18 -12
30 -15 0 -6 18 -12
30 -10 0 -6 16 -10
30 -5 0 -6 14 -8
30 0 -30 -6 12 18
30 0 0 -6 12 -6
30 5 0 -6 10 -4
30 10 0 -6 8 -2
30 15 0 -6 6 0
30 20 0 -6 4 2
30 25 0 -6 2 4
30 30 0 -6 0 6
30 -30 -60 -5 20 25
30 -30 0 -5 20 -15
30 -27 0 -5 19 -14
30 -24 0 -5 18 -13
30 -21 0 -5 17 -12
30 -18 0 -5 16 -11
30 -15 -15 -5 15 -10
30 -15 0 -5 15 -10
30 -12 0 -5 14 -9
30 -9 0 -5 13 -8
30 -6 0 -5 12 -7
30 -3 0 -5 11 -6
30 0 -30 -5 10 15
30 0 0 -5 10 -5
30 3 0 -5 9 -4
30 6 0 -5 8 -3
30 9 0 -5 7 -2
30 12 0 -5 6 -1
30 15 0 -5 5 0
30 18 0 -5 4 1
30 21 0 -5 3 2
30 24 0 -5 2 3
30 27 0 -5 1 4
30 30 0 -5 0 5
30 -30 -60 -4 16 20
30 -30 0 -4 16 -12
30 -15 -15 -4 12 -8
30 -15 0 -4 12 -8
30 0 -30 -4 8 12
30 0 0 -4 8 -4
30 15 0 -4 4 0
30 30 0 -4 0 4
30 -30 -60 -3 12 15
30 -30 0 -3 12 -9
30 -25 0 -3 11 -8
30 -20 0 -3 10 -7
30 -15 -45 -3 9 12
30 -15 -15 -3 9 -6
30 -15 0 -3 9 -6
30 -10 0 -3 8 -5
30 -5 0 -3 7 -4
30 0 -30 -3 6 9
30 0 0 -3 6 -3
30 5 0 -3 5 -2
30 10 0 -3 4 -1
30 15 -15 -3 3 6
30 15 0 -3 3 0
30 20 0 -3 2 1
30 25 0 -3 1 2
30 30 0 -3 0 3
30 -30 -60 -2 8 10
30 -30 0 -2 8 -6
30 -15 -15 -2 6 -4
30 -15 0 -2 6 -4
30 0 -30 -2 4 6
30 0 0 -2 4 -2
30 15 0 -2 2 0
30 30 0 -2 0 2
30 -30 -60 -1 4 5
30 -30 0 -1 4 -3
30 -15 -15 -1 3 -2
30 -15 0 -1 3 -2
30 0 -30 -1 2 3
30 0 0 -1 2 -1
30 15 0 -1 1 0
30 30 0 -1 0 1
30 -30 -60 1 -4 -5
30 -30 -1 1 -4 4
30 -30 0 1 -4 3
30 -30 1 1 -4 4
30 -15 -45 1 -3 -4
30 -15 -15 1 -3 2
30 -15 0 1 -3 2
30 0 -30 1 -2 -3
30 0 0 1 -2 1
30 15 -15 1 -1 -2
30 15 0 1 -1 0
30 30 0 1 0 -1
30 -30 -60 2 -8 -10
30 -30 0 2 -8 6
30 -15 -15 2 -6 4
30 -15 0 2 -6 4
30 0 -30 2 -4 -6
30 0 0 2 -4 2
30 15 0 2 -2 0
30 30 0 2 0 -2
30 -30 -60 3 -12 -15
30 -30 0 3 -12 9
30 -25 0 3 -11 8
30 -20 0 3 -10 7
30 -15 -15 3 -9 6
30 -15 0 3 -9 6
30 -10 0 3 -8 5
30 -5 0 3 -7 4
30 0 -30 3 -6 -9
30 0 0 3 -6 3
30 5 0 3 -5 2
30 10 0 3 -4 1
30 15 0 3 -3 0
30 20 0 3 -2 -1
30 25 0 3 -1 -2
30 30 0 3 0 -3
30 -30 -60 4 -16 -20
30 -30 -2 4 -16 16
30 -30 0 4 -16 12
30 -30 2 4 -16 16
30 -15 -15 4 -12 8
30 -15 0 4 -12 8
30 0 -30 4 -8 -12
30 0 0 4 -8 4
30 15 0 4 -4 0
30 30 0 4 0 -4
30 -30 -60 5 -20 -25
30 -30 0 5 -20 15
30 -27 -4 5 -19 18
30 -27 0 5 -19 14
30 -27 1 5 -19 18
30 -24 0 5 -18 13
30 -21 0 5 -17 12
30 -18 0 5 -16 11
30 -15 -45 5 -15 -20
30 -15 -15 5 -15 10
30 -15 0 5 -15 10
30 -12 0 5 -14 9
30 -9 0 5 -13 8
30 -6 0 5 -12 7
30 -3 0 5 -11 6
30 0 -30 5 -10 -15
30 0 0 5 -10 5
30 3 0 5 -9 4
30 6 0 5 -8 3
30 9 0 5 -7 2
30 12 0 5 -6 1
30 15 -15 5 -5 -10
30 15 0 5 -5 0
30 18 0 5 -4 -1
30 21 0 5 -3 -2
30 24 0 5 -2 -3
30 27 0 5 -1 -4
30 30 0 5 0 -5
30 -30 -60 6 -24 -30
30 -30 0 6 -24 18
30 -25 0 6 -22 16
30 -20 0 6 -20 14
30 -15 -15 6 -18 12
30 -15 0 6 -18 12
30 -10 0 6 -16 10
30 -5 0 6 -14 8
30 0 -30 6 -12 -18
30 0 0 6 -12 6
30 5 0 6 -10 4
30 10 0 6 -8 2
30 15 0 6 -6 0
30 20 0 6 -4 -2
30 25 0 6 -2 -4
30 30 0 6 0 -6
30 -30 -60 7 -28 -35
30 -30 0 7 -28 21
30 -15 -15 7 -21 14
30 -15 0 7 -21 14
30 0 -30 7 -14 -21
30 0 0 7 -14 7
30 15 0 7 -7 0
30 30 0 7 0 -7
30 -30 -60 8 -32 -40
30 -30 0 8 -32 24
30 -15 -15 8 -24 16
30 -15 0 8 -24 16
30 0 -30 8 -16 -24
30 0 0 8 -16 8
30 15 0 8 -8 0
30 30 0 8 0 -8
30 -30 -60 9 -36 -45
30 -30 -3 9 -36 36
30 -30 0 9 -36 27
30 -30 3 9 -36 36
30 -25 -6 9 -33 30
30 -25 0 9 -33 24
30 -25 1 9 -33 30
30 -20 0 9 -30 21
30 -15 -45 9 -27 -36
30 -15 -15 9 -27 18
30 -15 0 9 -27 18
30 -10 0 9 -24 15
30 -5 0 9 -21 12
30 0 -30 9 -18 -27
30 0 0 9 -18 9
30 5 0 9 -15 6
30 10 0 9 -12 3
30 15 -15 9 -9 -18
30 15 0 9 -9 0
30 20 0 9 -6 -3
30 25 0 9 -3 -6
30 30 0 9 0 -9
30 -30 -60 10 -40 -50
30 -30 0 10 -40 30
30 -27 0 10 -38 28
30 -24 0 10 -36 26
30 -21 0 10 -34 24
30 -18 0 10 -32 22
30 -15 -15 10 -30 20
30 -15 0 10 -30 20
30 -12 0 10 -28 18
30 -9 0 10 -26 16
30 -6 0 10 -24 14
30 -3 0 10 -22 12
30 0 -30 10 -20 -30
30 0 0 10 -20 10
30 3 0 10 -18 8
30 6 0 10 -16 6
30 9 0 10 -14 4
30 12 0 10 -12 2
30 15 0 10 -10 0
30 18 0 10 -8 -2
30 21 0 10 -6 -4
30 24 0 10 -4 -6
30 27 0 10 -2 -8
30 30 0 10 0 -10
30 -30 -60 11 -44 -55
30 -30 0 11 -44 33
30 -15 -15 11 -33 22
30 -15 0 11 -33 22
30 0 -30 11 -22 -33
30 0 0 11 -22 11
30 15 0 11 -11 0
30 30 0 11 0 -11
30 -30 -60 12 -48 -60
30 -30 0 12 -48 36
30 -25 0 12 -44 32
30 -20 0 12 -40 28
30 -15 -15 12 -36 24
30 -15 0 12 -36 24
30 -10 0 12 -32 20
30 -5 0 12 -28 16
30 0 -30 12 -24 -36
30 0 0 12 -24 12
30 5 0 12 -20 8
30 10 0 12 -16 4
30 15 0 12 -12 0
30 20 0 12 -8 -4
30 25 0 12 -4 -8
30 30 0 12 0 -12
30 -30 -60 13 -52 -65
30 -30 0 13 -52 39
30 -15 -45 13 -39 -52
30 -15 -15 13 -39 26
30 -15 0 13 -39 26
30 0 -30 13 -26 -39
30 0 0 13 -26 13
30 15 -15 13 -13 -26
30 15 0 13 -13 0
30 30 0 13 0 -13
30 -30 -60 14 -56 -70
30 -30 0 14 -56 42
30 -15 -15 14 -42 28
30 -15 0 14 -42 28
30 0 -30 14 -28 -42
30 0 0 14 -28 14
30 15 0 14 -14 0
30 30 0 14 0 -14
30 -30 -60 15 -60 -75
30 -30 0 15 -60 45
30 -29 0 15 -59 44
30 -28 0 15 -58 43
30 -27 0 15 -57 42
30 -26 0 15 -56 41
30 -25 0 15 -55 40
30 -24 0 15 -54 39
30 -23 -8 15 -53 46
30 -23 0 15 -53 38
30 -23 1 15 -53 46
30 -22 0 15 -52 37
30 -21 0 15 -51 36
30 -20 0 15 -50 35
30 -19 0 15 -49 34
30 -18 0 15 -48 33
30 -17 0 15 -47 32
30 -16 0 15 -46 31
30 -15 -15 15 -45 30
30 -15 0 15 -45 30
30 -14 0 15 -44 29
30 -13 0 15 -43 28
30 -12 0 15 -42 27
30 -11 0 15 -41 26
30 -10 0 15 -40 25
30 -9 0 15 -39 24
30 -8 0 15 -38 23
30 -7 0 15 -37 22
30 -6 0 15 -36 21
30 -5 0 15 -35 20
30 -4 0 15 -34 19
30 -3 0 15 -33 18
30 -2 0 15 -32 17
30 -1 0 15 -31 16
30 0 -30 15 -30 -45
30 0 0 15 -30 15
30 1 0 15 -29 14
30 2 0 15 -28 13
30 3 0 15 -27 12
30 4 0 15 -26 11
30 5 0 15 -25 10
30 6 0 15 -24 9
30 7 0 15 -23 8
30 8 0 15 -22 7
30 9 0 15 -21 6
30 10 0 15 -20 5
30 11 0 15 -19 4
30 12 0 15 -18 3
30 13 0 15 -17 2
30 14 0 15 -16 1
30 15 0 15 -15 0
30 16 0 15 -14 -1
30 17 0 15 -13 -2
30 18 0 15 -12 -3
30 19 0 15 -11 -4
30 20 0 15 -10 -5
30 21 0 15 -9 -6
30 22 0 15 -8 -7
30 23 0 15 -7 -8
30 24 0 15 -6 -9
30 25 0 15 -5 -10
30 26 0 15 -4 -11
30 27 0 15 -3 -12
30 28 0 15 -2 -13
30 29 0 15 -1 -14
30 30 0 15 0 -15
30 -30 -60 16 -64 -80
30 -30 -4 16 -64 64
30 -30 0 16 -64 48
30 -30 4 16 -64 64
30 -15 -15 16 -48 32
30 -15 0 16 -48 32
30 0 -30 16 -32 -48
30 0 0 16 -32 16
30 15 0 16 -16 0
30 30 0 16 0 -16
30 -30 -179 17 -68 -204
30 -30 -61 17 -68 -204
30 -30 -60 17 -68 -85
30 -30 0 17 -68 51
30 -15 -45 17 -51 -68
30 -15 -15 17 -51 34
30 -15 0 17 -51 34
30 0 -30 17 -34 -51
30 0 0 17 -34 17
30 15 -15 17 -17 -34
30 15 0 17 -17 0
30 30 0 17 0 -17
30 -30 -60 18 -72 -90
30 -30 0 18 -72 54
30 -25 0 18 -66 48
30 -20 0 18 -60 42
30 -15 -15 18 -54 36
30 -15 0 18 -54 36
30 -10 0 18 -48 30
30 -5 0 18 -42 24
30 0 -30 18 -36 -54
30 0 0 18 -36 18
30 5 0 18 -30 12
30 10 0 18 -24 6
30 15 0 18 -18 0
30 20 0 18 -12 -6
30 25 0 18 -6 -12
30 30 0 18 0 -18
30 -30 -60 19 -76 -95
30 -30 0 19 -76 57
30 -15 -15 19 -57 38
30 -15 0 19 -57 38
30 0 -30 19 -38 -57
30 0 0 19 -38 19
30 15 0 19 -19 0
30 30 0 19 0 -19
30 -30 -60 20 -80 -100
30 -30 0 20 -80 60
30 -27 0 20 -76 56
30 -24 0 20 -72 52
30 -21 0 20 -68 48
30 -18 0 20 -64 44
30 -15 -15 20 -60 40
30 -15 0 20 -60 40
30 -12 0 20 -56 36
30 -9 0 20 -52 32
30 -6 0 20 -48 28
30 -3 0 20 -44 24
30 0 -30 20 -40 -60
30 0 0 20 -40 20
30 3 0 20 -36 16
30 6 0 20 -32 12
30 9 0 20 -28 8
30 12 0 20 -24 4
30 15 0 20 -20 0
30 18 0 20 -16 -4
30 21 0 20 -12 -8
30 24 0 20 -8 -12
30 27 -56 20 -4 -72
30 27 -1 20 -4 -72
30 27 0 20 -4 -16
30 30 0 20 0 -20
30 -30 -60 21 -84 -105
30 -30 0 21 -84 63
30 -25 -7 21 -77 70
30 -25 0 21 -77 56
30 -25 2 21 -77 70
30 -20 0 21 -70 49
30 -15 -45 21 -63 -84
30 -15 -15 21 -63 42
30 -15 0 21 -63 42
30 -10 0 21 -56 35
30 -5 0 21 -49 28
30 0 -30 21 -42 -63
30 0 0 21 -42 21
30 5 0 21 -35 14
30 10 0 21 -28 7
30 15 -15 21 -21 -42
30 15 0 21 -21 0
30 20 -49 21 -14 -56
30 20 -1 21 -14 -56
30 20 0 21 -14 -7
30 25 0 21 -7 -14
30 30 0 21 0 -21
30 -30 -60 22 -88 -110
30 -30 0 22 -88 66
30 -15 -15 22 -66 44
30 -15 0 22 -66 44
30 0 -30 22 -44 -66
30 0 0 22 -44 22
30 15 -44 22 -22 -44
30 15 -1 22 -22 -44
30 15 0 22 -22 0
30 30 0 22 0 -22
30 -30 -60 23 -92 -115
30 -30 0 23 -92 69
30 -15 -15 23 -69 46
30 -15 0 23 -69 46
30 0 -30 23 -46 -69
30 0 0 23 -46 23
30 15 0 23 -23 0
30 30 0 23 0 -23
30 -30 -60 24 -96 -120
30 -30 0 24 -96 72
30 -25 0 24 -88 64
30 -20 0 24 -80 56
30 -15 -15 24 -72 48
30 -15 0 24 -72 48
30 -10 0 24 -64 40
30 -5 0 24 -56 32
30 0 -30 24 -48 -72
30 0 0 24 -48 24
30 5 0 24 -40 16
30 10 0 24 -32 8
30 15 0 24 -24 0
30 20 0 24 -16 -8
30 25 0 24 -8 -16
30 30 0 24 0 -24
30 -30 -60 25 -100 -125
30 -30 -5 25 -100 100
30 -30 0 25 -100 75
30 -30 5 25 -100 100
30 -27 0 25 -95 70
30 -24 0 25 -90 65
30 -21 -10 25 -85 70
30 -21 0 25 -85 60
30 -21 1 25 -85 70
30 -18 0 25 -80 55
30 -15 -45 25 -75 -100
30 -15 -15 25 -75 50
30 -15 0 25 -75 50
30 -12 0 25 -70 45
30 -9 0 25 -65 40
30 -6 0 25 -60 35
30 -3 0 25 -55 30
30 0 -30 25 -50 -75
30 0 0 25 -50 25
30 3 0 25 -45 20
30 6 -35 25 -40 -20
30 6 -1 25 -40 -20
30 6 0 25 -40 15
30 9 0 25 -35 10
30 12 0 25 -30 5
30 15 -15 25 -25 -50
30 15 0 25 -25 0
30 18 0 25 -20 -5
30 21 0 25 -15 -10
30 24 0 25 -10 -15
30 27 0 25 -5 -20
30 30 0 25 0 -25
30 -30 -60 26 -104 -130
30 -30 0 26 -104 78
30 -15 -15 26 -78 52
30 -15 0 26 -78 52
30 0 -30 26 -52 -78
30 0 0 26 -52 26
30 15 0 26 -26 0
30 30 0 26 0 -26
30 -30 -60 27 -108 -135
30 -30 0 27 -108 81
30 -25 0 27 -99 72
30 -20 -8 27 -90 27
30 -20 0 27 -90 63
30 -15 -15 27 -81 54
30 -15 0 27 -81 54
30 -10 0 27 -72 45
30 -5 0 27 -63 36
30 0 -30 27 -54 -81
30 0 0 27 -54 27
30 5 0 27 -45 18
30 10 0 27 -36 9
30 15 0 27 -27 0
30 20 0 27 -18 -9
30 25 0 27 -9 -18
30 30 0 27 0 -27
30 -30 -60 28 -112 -140
30 -30 0 28 -112 84
30 -15 -15 28 -84 56
30 -15 0 28 -84 56
30 0 -30 28 -56 -84
30 0 0 28 -56 28
30 15 0 28 -28 0
30 30 0 28 0 -28
30 -30 -60 29 -116 -145
30 -30 -58 29 -116 87
30 -30 -2 29 -116 87
30 -30 0 29 -116 87
30 -15 -45 29 -87 -116
30 -15 -15 29 -87 58
30 -15 0 29 -87 58
30 0 -116 29 -58 -87
30 0 -30 29 -58 -87
30 0 -29 29 -58 0
30 0 -9 29 -58 -232
30 0 -4 29 -58 -87
30 0 -1 29 -58 0
30 0 0 29 -58 29
30 15 -15 29 -29 -58
30 15 0 29 -29 0
30 30 0 29 0 -29
30 -30 -60 30 -120 -150
30 -30 0 30 -120 90
30 -29 0 30 -118 88
30 -28 0 30 -116 86
30 -27 0 30 -114 84
30 -26 0 30 -112 82
30 -25 0 30 -110 80
30 -24 0 30 -108 78
30 -23 0 30 -106 76
30 -22 0 30 -104 74
30 -21 0 30 -102 72
30 -20 0 30 -100 70
30 -19 0 30 -98 68
30 -18 0 30 -96 66
30 -17 0 30 -94 64
30 -16 0 30 -92 62
30 -15 -15 30 -90 60
30 -15 0 30 -90 60
30 -14 0 30 -88 58
30 -13 0 30 -86 56
30 -12 0 30 -84 54
30 -11 0 30 -82 52
30 -10 0 30 -80 50
30 -9 0 30 -78 48
30 -8 0 30 -76 46
30 -7 0 30 -74 44
30 -6 0 30 -72 42
30 -5 0 30 -70 40
30 -4 0 30 -68 38
30 -3 0 30 -66 36
30 -2 0 30 -64 34
30 -1 -28 30 -62 4
30 -1 -1 30 -62 4
30 -1 0 30 -62 32
30 0 -30 30 -60 -90
30 0 0 30 -60 30
30 1 0 30 -58 28
30 2 0 30 -56 26
30 3 0 30 -54 24
30 4 0 30 -52 22
30 5 0 30 -50 20
30 6 0 30 -48 18
30 7 0 30 -46 16
30 8 0 30 -44 14
30 9 0 30 -42 12
30 10 0 30 -40 10
30 11 0 30 -38 8
30 12 0 30 -36 6
30 13 0 30 -34 4
30 14 0 30 -32 2
30 15 0 30 -30 0
30 16 0 30 -28 -2
30 17 0 30 -26 -4
30 18 0 30 -24 -6
30 19 0 30 -22 -8
30 20 0 30 -20 -10
30 21 0 30 -18 -12
30 22 0 30 -16 -14
30 23 0 30 -14 -16
30 24 0 30 -12 -18
30 25 0 30 -10 -20
30 26 0 30 -8 -22
30 27 0 30 -6 -24
30 28 0 30 -4 -26
30 29 0 30 -2 -28
30 30 0 30 0 -30
30 -30 -60 31 -124 -155
30 -30 0 31 -124 93
30 -15 -15 31 -93 62
30 -15 0 31 -93 62
30 0 -30 31 -62 -93
30 0 0 31 -62 31
30 15 0 31 -31 0
30 30 0 31 0 -31
30 -30 -60 32 -128 -160
30 -30 0 32 -128 96
30 -15 -15 32 -96 64
30 -15 0 32 -96 64
30 0 -30 32 -64 -96
30 0 0 32 -64 32
30 15 0 32 -32 0
30 30 0 32 0 -32
30 -30 -60 33 -132 -165
30 -30 0 33 -132 99
30 -25 0 33 -121 88
30 -20 -11 33 -110 88
30 -20 0 33 -110 77
30 -20 1 33 -110 88
30 -15 -45 33 -99 -132
30 -15 -15 33 -99 66
30 -15 0 33 -99 66
30 -10 0 33 -88 55
30 -5 0 33 -77 44
30 0 -30 33 -66 -99
30 0 0 33 -66 33
30 5 0 33 -55 22
30 10 0 33 -44 11
30 15 -15 33 -33 -66
30 15 0 33 -33 0
30 20 0 33 -22 -11
30 25 0 33 -11 -22
30 30 0 33 0 -33
30 -30 -60 34 -136 -170
30 -30 0 34 -136 102
30 -15 -15 34 -102 68
30 -15 0 34 -102 68
30 0 -30 34 -68 -102
30 0 0 34 -68 34
30 15 0 34 -34 0
30 30 0 34 0 -34
30 -30 -60 35 -140 -175
30 -30 0 35 -140 105
30 -27 -7 35 -133 126
30 -27 0 35 -133 98
30 -27 4 35 -133 126
30 -24 0 35 -126 91
30 -21 0 35 -119 84
30 -18 0 35 -112 77
30 -15 -15 35 -105 70
30 -15 0 35 -105 70
30 -12 0 35 -98 63
30 -9 0 35 -91 56
30 -6 0 35 -84 49
30 -3 0 35 -77 42
30 0 -30 35 -70 -105
30 0 0 35 -70 35
30 3 0 35 -63 28
30 6 0 35 -56 21
30 9 0 35 -49 14
30 12 0 35 -42 7
30 15 0 35 -35 0
30 18 0 35 -28 -7
30 21 0 35 -21 -14
30 24 0 35 -14 -21
30 27 0 35 -7 -28
30 30 0 35 0 -35
30 -30 -60 36 -144 -180
30 -30 -6 36 -144 144
30 -30 0 36 -144 108
30 -30 6 36 -144 144
30 -25 -8 36 -132 120
30 -25 0 36 -132 96
30 -25 3 36 -132 120
30 -20 0 36 -120 84
30 -15 -15 36 -108 72
30 -15 0 36 -108 72
30 -10 0 36 -96 60
30 -5 -24 36 -84 24
30 -5 -1 36 -84 24
30 -5 0 36 -84 48
30 0 -30 36 -72 -108
30 0 0 36 -72 36
30 5 0 36 -60 24
30 10 0 36 -48 12
30 15 0 36 -36 0
30 20 0 36 -24 -12
30 25 0 36 -12 -24
30 30 0 36 0 -36
30 -30 -60 37 -148 -185
30 -30 0 37 -148 111
30 -15 -45 37 -111 -148
30 -15 -15 37 -111 74
30 -15 0 37 -111 74
30 0 -30 37 -74 -111
30 0 0 37 -74 37
30 15 -15 37 -37 -74
30 15 0 37 -37 0
30 30 0 37 0 -37
30 -30 -60 38 -152 -190
30 -30 0 38 -152 114
30 -15 -15 38 -114 76
30 -15 0 38 -114 76
30 0 -30 38 -76 -114
30 0 0 38 -76 38
30 15 0 38 -38 0
30 30 0 38 0 -38
30 -30 -60 39 -156 -195
30 -30 0 39 -156 117
30 -25 0 39 -143 104
30 -20 0 39 -130 91
30 -15 -15 39 -117 78
30 -15 0 39 -117 78
30 -10 0 39 -104 65
30 -5 0 39 -91 52
30 0 -30 39 -78 -117
30 0 0 39 -78 39
30 5 0 39 -65 26
30 10 0 39 -52 13
30 15 0 39 -39 0
30 20 0 39 -26 -13
30 25 0 39 -13 -26
30 30 0 39 0 -39
30 -30 -60 40 -160 -200
30 -30 0 40 -160 120
30 -27 0 40 -152 112
30 -24 0 40 -144 104
30 -21 0 40 -136 96
30 -18 0 40 -128 88
30 -15 -15 40 -120 80
30 -15 0 40 -120 80
30 -12 0 40 -112 72
30 -9 0 40 -104 64
30 -6 0 40 -96 56
30 -3 0 40 -88 48
30 0 -30 40 -80 -120
30 0 0 40 -80 40
30 3 0 40 -72 32
30 6 0 40 -64 24
30 9 0 40 -56 16
30 12 0 40 -48 8
30 15 0 40 -40 0
30 18 0 40 -32 -8
30 21 0 40 -24 -16
30 24 -52 40 -16 -128
30 24 -2 40 -16 -128
30 24 0 40 -16 -24
30 27 0 40 -8 -32
30 30 0 40 0 -40
30 -30 -60 41 -164 -205
30 -30 0 41 -164 123
30 -15 -45 41 -123 -164
30 -15 -15 41 -123 82
30 -15 0 41 -123 82
30 0 -30 41 -82 -123
30 0 0 41 -82 41
30 15 -15 41 -41 -82
30 15 0 41 -41 0
30 30 0 41 0 -41
30 -30 -60 42 -168 -210
30 -30 0 42 -168 126
30 -25 0 42 -154 112
30 -20 0 42 -140 98
30 -15 -15 42 -126 84
30 -15 0 42 -126 84
30 -10 0 42 -112 70
30 -5 0 42 -98 56
30 0 -30 42 -84 -126
30 0 0 42 -84 42
30 5 0 42 -70 28
30 10 0 42 -56 14
30 15 0 42 -42 0
30 20 0 42 -28 -14
30 25 0 42 -14 -28
30 30 0 42 0 -42
30 -30 -60 43 -172 -215
30 -30 0 43 -172 129
30 -15 -15 43 -129 86
30 -15 0 43 -129 86
30 0 -30 43 -86 -129
30 0 0 43 -86 43
30 15 -43 43 -43 -86
30 15 -2 43 -43 -86
30 15 0 43 -43 0
30 30 0 43 0 -43
30 -30 -60 44 -176 -220
30 -30 0 44 -176 132
30 -15 -15 44 -132 88
30 -15 0 44 -132 88
30 0 -30 44 -88 -132
30 0 0 44 -88 44
30 15 0 44 -44 0
30 30 0 44 0 -44
30 -30 -60 45 -180 -225
30 -30 0 45 -180 135
30 -29 -7 45 -177 174
30 -29 0 45 -177 132
30 -29 6 45 -177 174
30 -28 0 45 -174 129
30 -27 0 45 -171 126
30 -26 0 45 -168 123
30 -25 0 45 -165 120
30 -24 -9 45 -162 144
30 -24 0 45 -162 117
30 -24 3 45 -162 144
30 -23 0 45 -159 114
30 -22 0 45 -156 111
30 -21 0 45 -153 108
30 -20 0 45 -150 105
30 -19 -12 45 -147 114
30 -19 0 45 -147 102
30 -19 1 45 -147 114
30 -18 0 45 -144 99
30 -17 0 45 -141 96
30 -16 0 45 -138 93
30 -15 -45 45 -135 -180
30 -15 -15 45 -135 90
30 -15 0 45 -135 90
30 -14 0 45 -132 87
30 -13 0 45 -129 84
30 -12 0 45 -126 81
30 -11 0 45 -123 78
30 -10 0 45 -120 75
30 -9 0 45 -117 72
30 -8 -21 45 -114 48
30 -8 -1 45 -114 48
30 -8 0 45 -114 69
30 -7 0 45 -111 66
30 -6 0 45 -108 63
30 -5 0 45 -105 60
30 -4 0 45 -102 57
30 -3 0 45 -99 54
30 -2 0 45 -96 51
30 -1 0 45 -93 48
30 0 -30 45 -90 -135
30 0 0 45 -90 45
30 1 0 45 -87 42
30 2 0 45 -84 39
30 3 0 45 -81 36
30 4 0 45 -78 33
30 5 0 45 -75 30
30 6 0 45 -72 27
30 7 0 45 -69 24
30 8 0 45 -66 21
30 9 0 45 -63 18
30 10 0 45 -60 15
30 11 -39 45 -57 -66
30 11 -2 45 -57 -66
30 11 0 45 -57 12
30 12 0 45 -54 9
30 13 0 45 -51 6
30 14 0 45 -48 3
30 15 -15 45 -45 -90
30 15 0 45 -45 0
30 16 0 45 -42 -3
30 17 0 45 -39 -6
30 18 0 45 -36 -9
30 19 0 45 -33 -12
30 20 0 45 -30 -15
30 21 0 45 -27 -18
30 22 0 45 -24 -21
30 23 0 45 -21 -24
30 24 0 45 -18 -27
30 25 0 45 -15 -30
30 26 0 45 -12 -33
30 27 0 45 -9 -36
30 28 0 45 -6 -39
30 29 0 45 -3 -42
30 30 0 45 0 -45
30 -30 -60 46 -184 -230
30 -30 0 46 -184 138
30 -15 -15 46 -138 92
30 -15 0 46 -138 92
30 0 -30 46 -92 -138
30 0 0 46 -92 46
30 15 0 46 -46 0
30 30 0 46 0 -46
30 -30 -60 47 -188 -235
30 -30 0 47 -188 141
30 -15 -15 47 -141 94
30 -15 0 47 -141 94
30 0 -30 47 -94 -141
30 0 0 47 -94 47
30 15 0 47 -47 0
30 30 0 47 0 -47
30 -30 -60 48 -192 -240
30 -30 0 48 -192 144
30 -25 0 48 -176 128
30 -20 0 48 -160 112
30 -15 -15 48 -144 96
30 -15 0 48 -144 96
30 -10 0 48 -128 80
30 -5 0 48 -112 64
30 0 -30 48 -96 -144
30 0 0 48 -96 48
30 5 0 48 -80 32
30 10 0 48 -64 16
30 15 0 48 -48 0
30 20 0 48 -32 -16
30 25 0 48 -16 -32
30 30 0 48 0 -48
30 -30 -60 49 -196 -245
30 -30 -7 49 -196 196
30 -30 0 49 -196 147
30 -30 7 49 -196 196
30 -15 -45 49 -147 -196
30 -15 -15 49 -147 98
30 -15 0 49 -147 98
30 0 -30 49 -98 -147
30 0 0 49 -98 49
30 15 -15 49 -49 -98
30 15 0 49 -49 0
30 30 0 49 0 -49
30 -30 -60 50 -200 -250
30 -30 0 50 -200 150
30 -27 -8 50 -190 180
30 -27 0 50 -190 140
30 -27 5 50 -190 180
30 -24 0 50 -180 130
30 -21 0 50 -170 120
30 -18 0 50 -160 110
30 -15 -15 50 -150 100
30 -15 0 50 -150 100
30 -12 -90 50 -140 -30
30 -12 -16 50 -140 -30
30 -12 -8 50 -140 -30
30 -12 0 50 -140 90
30 -9 -20 50 -130 60
30 -9 -1 50 -130 60
30 -9 0 50 -130 80
30 -6 0 50 -120 70
30 -3 0 50 -110 60
30 0 -30 50 -100 -150
30 0 0 50 -100 50
30 3 0 50 -90 40
30 6 0 50 -80 30
30 9 0 50 -70 20
30 12 0 50 -60 10
30 15 0 50 -50 0
30 18 0 50 -40 -10
30 21 0 50 -30 -20
30 24 0 50 -20 -30
30 27 0 50 -10 -40
30 30 0 50 0 -50
31 -31 -62 -50 200 250
31 -31 0 -50 200 -150
31 0 -31 -50 100 150
31 0 0 -50 100 -50
31 31 0 -50 0 50
31 -31 -62 -49 196 245
31 -31 0 -49 196 -147
31 0 -31 -49 98 147
31 0 0 -49 98 -49
31 31 0 -49 0 49
31 -31 -62 -48 192 240
31 -31 0 -48 192 -144
31 0 -31 -48 96 144
31 0 0 -48 96 -48
31 31 0 -48 0 48
31 -31 -62 -47 188 235
31 -31 0 -47 188 -141
31 0 -31 -47 94 141
31 0 0 -47 94 -47
31 31 0 -47 0 47
31 -31 -62 -46 184 230
31 -31 0 -46 184 -138
31 0 -31 -46 92 138
31 0 0 -46 92 -46
31 31 0 -46 0 46
31 -31 -62 -45 180 225
31 -31 0 -45 180 -135
31 0 -31 -45 90 135
31 0 0 -45 90 -45
31 31 0 -45 0 45
31 -31 -62 -44 176 220
31 -31 0 -44 176 -132
31 0 -31 -44 88 132
31 0 0 -44 88 -44
31 31 0 -44 0 44
31 -31 -62 -43 172 215
31 -31 0 -43 172 -129
31 0 -31 -43 86 129
31 0 0 -43 86 -43
31 31 0 -43 0 43
31 -31 -62 -42 168 210
31 -31 0 -42 168 -126
31 0 -31 -42 84 126
31 0 0 -42 84 -42
31 31 0 -42 0 42
31 -31 -62 -41 164 205
31 -31 0 -41 164 -123
31 0 -31 -41 82 123
31 0 0 -41 82 -41
31 31 0 -41 0 41
31 -31 -62 -40 160 200
31 -31 0 -40 160 -120
31 0 -31 -40 80 120
31 0 0 -40 80 -40
31 31 0 -40 0 40
31 -31 -62 -39 156 195
31 -31 0 -39 156 -117
31 0 -31 -39 78 117
31 0 0 -39 78 -39
31 31 0 -39 0 39
31 -31 -62 -38 152 190
31 -31 0 -38 152 -114
31 0 -31 -38 76 114
31 0 0 -38 76 -38
31 31 0 -38 0 38
31 -31 -62 -37 148 185
31 -31 0 -37 148 -111
31 0 -31 -37 74 111
31 0 0 -37 74 -37
31 31 0 -37 0 37
31 -31 -62 -36 144 180
31 -31 0 -36 144 -108
31 0 -31 -36 72 108
31 0 0 -36 72 -36
31 31 0 -36 0 36
31 -31 -62 -35 140 175
31 -31 0 -35 140 -105
31 0 -31 -35 70 105
31 0 0 -35 70 -35
31 31 0 -35 0 35
31 -31 -62 -34 136 170
31 -31 0 -34 136 -102
31 0 -31 -34 68 102
31 0 0 -34 68 -34
31 31 0 -34 0 34
31 -31 -62 -33 132 165
31 -31 0 -33 132 -99
31 0 -31 -33 66 99
31 0 0 -33 66 -33
31 31 0 -33 0 33
31 -31 -64 -32 128 -96
31 -31 -62 -32 128 160
31 -31 -6 -32 128 0
31 -31 0 -32 128 -96
31 -31 2 -32 128 -96
31 -31 14 -32 128 0
31 0 -200 -32 64 168
31 0 -128 -32 64 96
31 0 -72 -32 64 40
31 0 -32 -32 64 0
31 0 -31 -32 64 96
31 0 -8 -32 64 -24
31 0 0 -32 64 -32
31 0 1 -32 64 0
31 0 4 -32 64 96
31 0 9 -32 64 256
31 31 0 -32 0 32
31 -31 -62 -31 124 155
31 -31 0 -31 124 -93
31 -30 -61 -31 122 153
31 -30 0 -31 122 -91
31 -29 -60 -31 120 151
31 -29 0 -31 120 -89
31 -28 -59 -31 118 149
31 -28 0 -31 118 -87
31 -27 -58 -31 116 147
31 -27 0 -31 116 -85
31 -26 -57 -31 114 145
31 -26 0 -31 114 -83
31 -25 -56 -31 112 143
31 -25 0 -31 112 -81
31 -24 -55 -31 110 141
31 -24 0 -31 110 -79
31 -23 -54 -31 108 139
31 -23 -5 -31 108 -92
31 -23 -3 -31 108 -92
31 -23 0 -31 108 -77
31 -22 -53 -31 106 137
31 -22 0 -31 106 -75
31 -21 -52 -31 104 135
31 -21 0 -31 104 -73
31 -20 -51 -31 102 133
31 -20 0 -31 102 -71
31 -19 -50 -31 100 131
31 -19 0 -31 100 -69
31 -18 -49 -31 98 129
31 -18 0 -31 98 -67
31 -17 -48 -31 96 127
31 -17 0 -31 96 -65
31 -16 -47 -31 94 125
31 -16 0 -31 94 -63
31 -15 -46 -31 92 123
31 -15 0 -31 92 -61
31 -14 -45 -31 90 121
31 -14 0 -31 90 -59
31 -13 -44 -31 88 119
31 -13 0 -31 88 -57
31 -12 -43 -31 86 117
31 -12 0 -31 86 -55
31 -11 -42 -31 84 115
31 -11 0 -31 84 -53
31 -10 -41 -31 82 113
31 -10 0 -31 82 -51
31 -9 -40 -31 80 111
31 -9 0 -31 80 -49
31 -8 -39 -31 78 109
31 -8 0 -31 78 -47
31 -7 -38 -31 76 107
31 -7 0 -31 76 -45
31 -6 -37 -31 74 105
31 -6 0 -31 74 -43
31 -5 -36 -31 72 103
31 -5 0 -31 72 -41
31 -4 -35 -31 70 101
31 -4 0 -31 70 -39
31 -3 -34 -31 68 99
31 -3 0 -31 68 -37
31 -2 -33 -31 66 97
31 -2 0 -31 66 -35
31 -1 -32 -31 64 95
31 -1 0 -31 64 -33
31 0 -31 -31 62 93
31 0 0 -31 62 -31
31 1 -33 -31 60 4
31 1 -30 -31 60 91
31 1 0 -31 60 -29
31 1 1 -31 60 4
31 2 -29 -31 58 89
31 2 0 -31 58 -27
31 3 -28 -31 56 87
31 3 0 -31 56 -25
31 4 -27 -31 54 85
31 4 0 -31 54 -23
31 5 -26 -31 52 83
31 5 0 -31 52 -21
31 6 -25 -31 50 81
31 6 0 -31 50 -19
31 7 -24 -31 48 79
31 7 0 -31 48 -17
31 8 -23 -31 46 77
31 8 0 -31 46 -15
31 9 -22 -31 44 75
31 9 0 -31 44 -13
31 10 -21 -31 42 73
31 10 0 -31 42 -11
31 11 -20 -31 40 71
31 11 0 -31 40 -9
31 12 -19 -31 38 69
31 12 0 -31 38 -7
31 13 -18 -31 36 67
31 13 0 -31 36 -5
31 14 -17 -31 34 65
31 14 0 -31 34 -3
31 15 -16 -31 32 63
31 15 0 -31 32 -1
31 16 -15 -31 30 61
31 16 0 -31 30 1
31 17 -14 -31 28 59
31 17 0 -31 28 3
31 18 -13 -31 26 57
31 18 0 -31 26 5
31 19 -12 -31 24 55
31 19 0 -31 24 7
31 20 -11 -31 22 53
31 20 0 -31 22 9
31 21 -10 -31 20 51
31 21 0 -31 20 11
31 22 -9 -31 18 49
31 22 0 -31 18 13
31 23 -8 -31 16 47
31 23 0 -31 16 15
31 24 -7 -31 14 45
31 24 0 -31 14 17
31 25 -6 -31 12 43
31 25 0 -31 12 19
31 26 -5 -31 10 41
31 26 0 -31 10 21
31 27 -4 -31 8 39
31 27 0 -31 8 23
31 28 -3 -31 6 37
31 28 0 -31 6 25
31 29 -2 -31 4 35
31 29 0 -31 4 27
31 30 -1 -31 2 33
31 30 0 -31 2 29
31 31 0 -31 0 31
31 -31 -62 -30 120 150
31 -31 0 -30 120 -90
31 0 -31 -30 60 90
31 0 0 -30 60 -30
31 31 0 -30 0 30
31 -31 -62 -29 116 145
31 -31 0 -29 116 -87
31 0 -31 -29 58 87
31 0 0 -29 58 -29
31 31 0 -29 0 29
31 -31 -62 -28 112 140
31 -31 0 -28 112 -84
31 0 -31 -28 56 84
31 0 0 -28 56 -28
31 31 0 -28 0 28
31 -31 -62 -27 108 135
31 -31 0 -27 108 -81
31 0 -31 -27 54 81
31 0 0 -27 54 -27
31 31 0 -27 0 27
31 -31 -62 -26 104 130
31 -31 0 -26 104 -78
31 0 -31 -26 52 78
31 0 0 -26 52 -26
31 31 0 -26 0 26
31 -31 -62 -25 100 125
31 -31 0 -25 100 -75
31 0 -31 -25 50 75
31 0 0 -25 50 -25
31 31 0 -25 0 25
31 -31 -62 -24 96 120
31 -31 0 -24 96 -72
31 0 -31 -24 48 72
31 0 0 -24 48 -24
31 31 0 -24 0 24
31 -31 -62 -23 92 115
31 -31 0 -23 92 -69
31 0 -31 -23 46 69
31 0 0 -23 46 -23
31 31 0 -23 0 23
31 -31 -62 -22 88 110
31 -31 0 -22 88 -66
31 0 -31 -22 44 66
31 0 0 -22 44 -22
31 31 0 -22 0 22
31 -31 -62 -21 84 105
31 -31 0 -21 84 -63
31 0 -31 -21 42 63
31 0 0 -21 42 -21
31 31 -63 -21 0 84
31 31 0 -21 0 21
31 31 1 -21 0 84
31 -31 -62 -20 80 100
31 -31 0 -20 80 -60
31 0 -31 -20 40 60
31 0 0 -20 40 -20
31 31 0 -20 0 20
31 -31 -62 -19 76 95
31 -31 0 -19 76 -57
31 0 -31 -19 38 57
31 0 0 -19 38 -19
31 31 0 -19 0 19
31 -31 -62 -18 72 90
31 -31 0 -18 72 -54
31 0 -31 -18 36 54
31 0 0 -18 36 -18
31 31 0 -18 0 18
31 -31 -62 -17 68 85
31 -31 0 -17 68 -51
31 0 -31 -17 34 51
31 0 0 -17 34 -17
31 31 0 -17 0 17
31 -31 -62 -16 64 80
31 -31 0 -16 64 -48
31 0 -31 -16 32 48
31 0 0 -16 32 -16
31 31 0 -16 0 16
31 -31 -62 -15 60 75
31 -31 0 -15 60 -45
31 0 -31 -15 30 45
31 0 0 -15 30 -15
31 31 0 -15 0 15
31 -31 -62 -14 56 70
31 -31 0 -14 56 -42
31 0 -31 -14 28 42
31 0 0 -14 28 -14
31 31 0 -14 0 14
31 -31 -62 -13 52 65
31 -31 0 -13 52 -39
31 0 -31 -13 26 39
31 0 0 -13 26 -13
31 31 0 -13 0 13
31 -31 -62 -12 48 60
31 -31 0 -12 48 -36
31 0 -31 -12 24 36
31 0 0 -12 24 -12
31 31 0 -12 0 12
31 -31 -62 -11 44 55
31 -31 0 -11 44 -33
31 0 -31 -11 22 33
31 0 0 -11 22 -11
31 31 0 -11 0 11
31 -31 -62 -10 40 50
31 -31 0 -10 40 -30
31 0 -31 -10 20 30
31 0 0 -10 20 -10
31 31 0 -10 0 10
31 -31 -62 -9 36 45
31 -31 0 -9 36 -27
31 0 -31 -9 18 27
31 0 0 -9 18 -9
31 31 0 -9 0 9
31 -31 -62 -8 32 40
31 -31 0 -8 32 -24
31 0 -31 -8 16 24
31 0 0 -8 16 -8
31 31 0 -8 0 8
31 -31 -62 -7 28 35
31 -31 0 -7 28 -21
31 0 -31 -7 14 21
31 0 0 -7 14 -7
31 31 0 -7 0 7
31 -31 -62 -6 24 30
31 -31 0 -6 24 -18
31 0 -31 -6 12 18
31 0 0 -6 12 -6
31 31 0 -6 0 6
31 -31 -62 -5 20 25
31 -31 0 -5 20 -15
31 0 -31 -5 10 15
31 0 0 -5 10 -5
31 31 0 -5 0 5
31 -31 -62 -4 16 20
31 -31 0 -4 16 -12
31 0 -31 -4 8 12
31 0 0 -4 8 -4
31 31 0 -4 0 4
31 -31 -62 -3 12 15
31 -31 0 -3 12 -9
31 0 -31 -3 6 9
31 0 0 -3 6 -3
31 31 0 -3 0 3
31 -31 -62 -2 8 10
31 -31 0 -2 8 -6
31 0 -31 -2 4 6
31 0 0 -2 4 -2
31 31 0 -2 0 2
31 -31 -62 -1 4 5
31 -31 0 -1 4 -3
31 0 -31 -1 2 3
31 0 0 -1 2 -1
31 31 0 -1 0 1
31 -31 -62 1 -4 -5
31 -31 -1 1 -4 4
31 -31 0 1 -4 3
31 -31 1 1 -4 4
31 0 -31 1 -2 -3
31 0 0 1 -2 1
31 31 0 1 0 -1
31 -31 -62 2 -8 -10
31 -31 0 2 -8 6
31 0 -31 2 -4 -6
31 0 0 2 -4 2
31 31 0 2 0 -2
31 -31 -62 3 -12 -15
31 -31 0 3 -12 9
31 0 -31 3 -6 -9
31 0 0 3 -6 3
31 31 0 3 0 -3
31 -31 -62 4 -16 -20
31 -31 -2 4 -16 16
31 -31 0 4 -16 12
31 -31 2 4 -16 16
31 0 -31 4 -8 -12
31 0 0 4 -8 4
31 31 0 4 0 -4
31 -31 -62 5 -20 -25
31 -31 0 5 -20 15
31 0 -31 5 -10 -15
31 0 0 5 -10 5
31 31 0 5 0 -5
31 -31 -62 6 -24 -30
31 -31 0 6 -24 18
31 0 -31 6 -12 -18
31 0 0 6 -12 6
31 31 0 6 0 -6
31 -31 -62 7 -28 -35
31 -31 0 7 -28 21
31 0 -31 7 -14 -21
31 0 0 7 -14 7
31 31 0 7 0 -7
31 -31 -62 8 -32 -40
31 -31 0 8 -32 24
31 0 -31 8 -16 -24
31 0 0 8 -16 8
31 31 0 8 0 -8
31 -31 -62 9 -36 -45
31 -31 -3 9 -36 36
31 -31 0 9 -36 27
31 -31 3 9 -36 36
31 0 -31 9 -18 -27
31 0 0 9 -18 9
31 31 0 9 0 -9
31 -31 -62 10 -40 -50
31 -31 0 10 -40 30
31 0 -31 10 -20 -30
31 0 0 10 -20 10
31 31 0 10 0 -10
31 -31 -62 11 -44 -55
31 -31 0 11 -44 33
31 0 -31 11 -22 -33
31 0 0 11 -22 11
31 31 0 11 0 -11
31 -31 -62 12 -48 -60
31 -31 0 12 -48 36
31 0 -31 12 -24 -36
31 0 0 12 -24 12
31 31 0 12 0 -12
31 -31 -62 13 -52 -65
31 -31 0 13 -52 39
31 0 -31 13 -26 -39
31 0 0 13 -26 13
31 31 0 13 0 -13
31 -31 -62 14 -56 -70
31 -31 0 14 -56 42
31 0 -31 14 -28 -42
31 0 0 14 -28 14
31 31 0 14 0 -14
31 -31 -62 15 -60 -75
31 -31 0 15 -60 45
31 0 -31 15 -30 -45
31 0 0 15 -30 15
31 31 0 15 0 -15
31 -31 -62 16 -64 -80
31 -31 -4 16 -64 64
31 -31 0 16 -64 48
31 -31 4 16 -64 64
31 0 -31 16 -32 -48
31 0 0 16 -32 16
31 31 0 16 0 -16
31 -31 -62 17 -68 -85
31 -31 0 17 -68 51
31 0 -31 17 -34 -51
31 0 0 17 -34 17
31 31 0 17 0 -17
31 -31 -62 18 -72 -90
31 -31 0 18 -72 54
31 0 -31 18 -36 -54
31 0 0 18 -36 18
31 31 0 18 0 -18
31 -31 -62 19 -76 -95
31 -31 0 19 -76 57
31 0 -31 19 -38 -57
31 0 0 19 -38 19
31 31 0 19 0 -19
31 -31 -62 20 -80 -100
31 -31 0 20 -80 60
31 0 -31 20 -40 -60
31 0 0 20 -40 20
31 31 0 20 0 -20
31 -31 -62 21 -84 -105
31 -31 0 21 -84 63
31 0 -31 21 -42 -63
31 0 0 21 -42 21
31 31 0 21 0 -21
31 -31 -62 22 -88 -110
31 -31 0 22 -88 66
31 0 -31 22 -44 -66
31 0 0 22 -44 22
31 31 0 22 0 -22
31 -31 -62 23 -92 -115
31 -31 0 23 -92 69
31 0 -31 23 -46 -69
31 0 0 23 -46 23
31 31 0 23 0 -23
31 -31 -62 24 -96 -120
31 -31 0 24 -96 72
31 0 -31 24 -48 -72
31 0 0 24 -48 24
31 31 0 24 0 -24
31 -31 -62 25 -100 -125
31 -31 -5 25 -100 100
31 -31 0 25 -100 75
31 -31 5 25 -100 100
31 0 -31 25 -50 -75
31 0 0 25 -50 25
31 31 0 25 0 -25
31 -31 -62 26 -104 -130
31 -31 0 26 -104 78
31 0 -31 26 -52 -78
31 0 0 26 -52 26
31 31 0 26 0 -26
31 -31 -62 27 -108 -135
31 -31 0 27 -108 81
31 0 -31 27 -54 -81
31 0 0 27 -54 27
31 31 0 27 0 -27
31 -31 -62 28 -112 -140
31 -31 0 28 -112 84
31 0 -31 28 -56 -84
31 0 0 28 -56 28
31 31 0 28 0 -28
31 -31 -62 29 -116 -145
31 -31 0 29 -116 87
31 0 -31 29 -58 -87
31 0 0 29 -58 29
31 31 0 29 0 -29
31 -31 -62 30 -120 -150
31 -31 -60 30 -120 90
31 -31 -2 30 -120 90
31 -31 0 30 -120 90
31 0 -120 30 -60 -90
31 0 -31 30 -60 -90
31 0 -30 30 -60 0
31 0 -9 30 -60 -240
31 0 -4 30 -60 -90
31 0 -1 30 -60 0
31 0 0 30 -60 30
31 31 0 30 0 -30
31 -31 -62 31 -124 -155
31 -31 0 31 -124 93
31 -30 -61 31 -122 -153
31 -30 0 31 -122 91
31 -29 -60 31 -120 -151
31 -29 0 31 -120 89
31 -28 -59 31 -118 -149
31 -28 0 31 -118 87
31 -27 -58 31 -116 -147
31 -27 0 31 -116 85
31 -26 -57 31 -114 -145
31 -26 0 31 -114 83
31 -25 -56 31 -112 -143
31 -25 0 31 -112 81
31 -24 -55 31 -110 -141
31 -24 0 31 -110 79
31 -23 -54 31 -108 -139
31 -23 0 31 -108 77
31 -22 -53 31 -106 -137
31 -22 0 31 -106 75
31 -21 -52 31 -104 -135
31 -21 -11 31 -104 84
31 -21 0 31 -104 73
31 -21 1 31 -104 84
31 -20 -51 31 -102 -133
31 -20 0 31 -102 71
31 -19 -50 31 -100 -131
31 -19 0 31 -100 69
31 -18 -49 31 -98 -129
31 -18 0 31 -98 67
31 -17 -48 31 -96 -127
31 -17 0 31 -96 65
31 -16 -47 31 -94 -125
31 -16 0 31 -94 63
31 -15 -46 31 -92 -123
31 -15 0 31 -92 61
31 -14 -45 31 -90 -121
31 -14 -16 31 -90 -9
31 -14 0 31 -90 59
31 -13 -44 31 -88 -119
31 -13 0 31 -88 57
31 -12 -43 31 -86 -117
31 -12 0 31 -86 55
31 -11 -42 31 -84 -115
31 -11 0 31 -84 53
31 -10 -41 31 -82 -113
31 -10 0 31 -82 51
31 -9 -40 31 -80 -111
31 -9 0 31 -80 49
31 -8 -39 31 -78 -109
31 -8 0 31 -78 47
31 -7 -38 31 -76 -107
31 -7 0 31 -76 45
31 -6 -37 31 -74 -105
31 -6 0 31 -74 43
31 -5 -36 31 -72 -103
31 -5 0 31 -72 41
31 -4 -35 31 -70 -101
31 -4 0 31 -70 39
31 -3 -34 31 -68 -99
31 -3 0 31 -68 37
31 -2 -33 31 -66 -97
31 -2 0 31 -66 35
31 -1 -32 31 -64 -95
31 -1 -29 31 -64 4
31 -1 -1 31 -64 4
31 -1 0 31 -64 33
31 0 -31 31 -62 -93
31 0 0 31 -62 31
31 1 -30 31 -60 -91
31 1 0 31 -60 29
31 2 -29 31 -58 -89
31 2 0 31 -58 27
31 3 -28 31 -56 -87
31 3 0 31 -56 25
31 4 -27 31 -54 -85
31 4 0 31 -54 23
31 5 -26 31 -52 -83
31 5 0 31 -52 21
31 6 -25 31 -50 -81
31 6 0 31 -50 19
31 7 -24 31 -48 -79
31 7 0 31 -48 17
31 8 -23 31 -46 -77
31 8 0 31 -46 15
31 9 -22 31 -44 -75
31 9 0 31 -44 13
31 10 -21 31 -42 -73
31 10 0 31 -42 11
31 11 -20 31 -40 -71
31 11 0 31 -40 9
31 12 -19 31 -38 -69
31 12 0 31 -38 7
31 13 -18 31 -36 -67
31 13 0 31 -36 5
31 14 -17 31 -34 -65
31 14 0 31 -34 3
31 15 -16 31 -32 -63
31 15 0 31 -32 1
31 16 -15 31 -30 -61
31 16 0 31 -30 -1
31 17 -14 31 -28 -59
31 17 0 31 -28 -3
31 18 -13 31 -26 -57
31 18 0 31 -26 -5
31 19 -12 31 -24 -55
31 19 0 31 -24 -7
31 20 -11 31 -22 -53
31 20 0 31 -22 -9
31 21 -10 31 -20 -51
31 21 0 31 -20 -11
31 22 -9 31 -18 -49
31 22 0 31 -18 -13
31 23 -8 31 -16 -47
31 23 0 31 -16 -15
31 24 -7 31 -14 -45
31 24 0 31 -14 -17
31 25 -6 31 -12 -43
31 25 0 31 -12 -19
31 26 -5 31 -10 -41
31 26 0 31 -10 -21
31 27 -4 31 -8 -39
31 27 0 31 -8 -23
31 28 -3 31 -6 -37
31 28 0 31 -6 -25
31 29 -2 31 -4 -35
31 29 0 31 -4 -27
31 30 -1 31 -2 -33
31 30 0 31 -2 -29
31 31 0 31 0 -31
31 -31 -62 32 -128 -160
31 -31 0 32 -128 96
31 0 -31 32 -64 -96
31 0 0 32 -64 32
31 31 0 32 0 -32
31 -31 -62 33 -132 -165
31 -31 0 33 -132 99
31 0 -31 33 -66 -99
31 0 0 33 -66 33
31 31 0 33 0 -33
31 -31 -62 34 -136 -170
31 -31 0 34 -136 102
31 0 -31 34 -68 -102
31 0 0 34 -68 34
31 31 0 34 0 -34
31 -31 -62 35 -140 -175
31 -31 0 35 -140 105
31 0 -31 35 -70 -105
31 0 0 35 -70 35
31 31 0 35 0 -35
31 -31 -62 36 -144 -180
31 -31 -6 36 -144 144
31 -31 0 36 -144 108
31 -31 6 36 -144 144
31 0 -31 36 -72 -108
31 0 0 36 -72 36
31 31 0 36 0 -36
31 -31 -62 37 -148 -185
31 -31 0 37 -148 111
31 0 -31 37 -74 -111
31 0 0 37 -74 37
31 31 0 37 0 -37
31 -31 -62 38 -152 -190
31 -31 0 38 -152 114
31 0 -31 38 -76 -114
31 0 0 38 -76 38
31 31 0 38 0 -38
31 -31 -62 39 -156 -195
31 -31 0 39 -156 117
31 0 -31 39 -78 -117
31 0 0 39 -78 39
31 31 0 39 0 -39
31 -31 -62 40 -160 -200
31 -31 0 40 -160 120
31 0 -31 40 -80 -120
31 0 0 40 -80 40
31 31 -60 40 0 -160
31 31 -2 40 0 -160
31 31 0 40 0 -40
31 -31 -62 41 -164 -205
31 -31 0 41 -164 123
31 0 -31 41 -82 -123
31 0 0 41 -82 41
31 31 0 41 0 -41
31 -31 -62 42 -168 -210
31 -31 0 42 -168 126
31 0 -31 42 -84 -126
31 0 0 42 -84 42
31 31 0 42 0 -42
31 -31 -62 43 -172 -215
31 -31 0 43 -172 129
31 0 -31 43 -86 -129
31 0 0 43 -86 43
31 31 0 43 0 -43
31 -31 -62 44 -176 -220
31 -31 0 44 -176 132
31 0 -31 44 -88 -132
31 0 0 44 -88 44
31 31 0 44 0 -44
31 -31 -62 45 -180 -225
31 -31 0 45 -180 135
31 0 -31 45 -90 -135
31 0 0 45 -90 45
31 31 0 45 0 -45
31 -31 -62 46 -184 -230
31 -31 0 46 -184 138
31 0 -31 46 -92 -138
31 0 0 46 -92 46
31 31 0 46 0 -46
31 -31 -62 47 -188 -235
31 -31 0 47 -188 141
31 0 -31 47 -94 -141
31 0 0 47 -94 47
31 31 0 47 0 -47
31 -31 -62 48 -192 -240
31 -31 0 48 -192 144
31 0 -31 48 -96 -144
31 0 0 48 -96 48
31 31 0 48 0 -48
31 -31 -62 49 -196 -245
31 -31 -7 49 -196 196
31 -31 0 49 -196 147
31 -31 7 49 -196 196
31 0 -31 49 -98 -147
31 0 0 49 -98 49
31 31 0 49 0 -49
31 -31 -62 50 -200 -250
31 -31 0 50 -200 150
31 0 -31 50 -100 -150
31 0 0 50 -100 50
31 31 0 50 0 -50
32 -32 -64 -50 200 250
32 -32 0 -50 200 -150
32 -24 0 -50 175 -125
32 -16 -16 -50 150 -100
32 -16 0 -50 150 -100
32 -8 -25 -50 125 -50
32 -8 0 -50 125 -75
32 -8 1 -50 125 -50
32 0 -32 -50 100 150
32 0 0 -50 100 -50
32 8 0 -50 75 -25
32 16 -50 -50 50 100
32 16 0 -50 50 0
32 16 2 -50 50 100
32 24 0 -50 25 25
32 32 0 -50 0 50
32 -32 -64 -49 196 245
32 -32 0 -49 196 -147
32 -16 -16 -49 147 -98
32 -16 0 -49 147 -98
32 0 -32 -49 98 147
32 0 0 -49 98 -49
32 16 0 -49 49 0
32 32 0 -49 0 49
32 -32 -64 -48 192 240
32 -32 0 -48 192 -144
32 -31 0 -48 189 -141
32 -30 0 -48 186 -138
32 -30 4 -48 186 -126
32 -29 0 -48 183 -135
32 -28 -60 -48 180 228
32 -28 0 -48 180 -132
32 -27 0 -48 177 -129
32 -26 0 -48 174 -126
32 -25 0 -48 171 -123
32 -24 -56 -48 168 216
32 -24 0 -48 168 -120
32 -23 0 -48 165 -117
32 -22 0 -48 162 -114
32 -21 0 -48 159 -111
32 -20 -52 -48 156 204
32 -20 0 -48 156 -108
32 -19 0 -48 153 -105
32 -18 0 -48 150 -102
32 -17 0 -48 147 -99
32 -16 -48 -48 144 192
32 -16 -16 -48 144 -96
32 -16 0 -48 144 -96
32 -15 0 -48 141 -93
32 -14 0 -48 138 -90
32 -13 0 -48 135 -87
32 -12 -44 -48 132 180
32 -12 0 -48 132 -84
32 -11 0 -48 129 -81
32 -10 0 -48 126 -78
32 -9 0 -48 123 -75
32 -8 -40 -48 120 168
32 -8 0 -48 120 -72
32 -7 0 -48 117 -69
32 -6 0 -48 114 -66
32 -5 0 -48 111 -63
32 -4 -36 -48 108 156
32 -4 0 -48 108 -60
32 -3 0 -48 105 -57
32 -2 0 -48 102 -54
32 -1 0 -48 99 -51
32 0 -32 -48 96 144
32 0 0 -48 96 -48
32 1 0 -48 93 -45
32 2 0 -48 90 -42
32 3 0 -48 87 -39
32 4 -28 -48 84 132
32 4 0 -48 84 -36
32 5 0 -48 81 -33
32 6 0 -48 78 -30
32 7 0 -48 75 -27
32 8 -24 -48 72 120
32 8 0 -48 72 -24
32 9 0 -48 69 -21
32 10 0 -48 66 -18
32 11 0 -48 63 -15
32 12 -20 -48 60 108
32 12 0 -48 60 -12
32 13 0 -48 57 -9
32 14 0 -48 54 -6
32 15 0 -48 51 -3
32 16 -16 -48 48 96
32 16 0 -48 48 0
32 17 0 -48 45 3
32 18 0 -48 42 6
32 19 0 -48 39 9
32 20 -54 -48 36 120
32 20 -12 -48 36 84
32 20 0 -48 36 12
32 20 2 -48 36 120
32 21 0 -48 33 15
32 22 0 -48 30 18
32 23 0 -48 27 21
32 24 -8 -48 24 72
32 24 0 -48 24 24
32 25 0 -48 21 27
32 26 0 -48 18 30
32 27 0 -48 15 33
32 28 -4 -48 12 60
32 28 0 -48 12 36
32 29 0 -48 9 39
32 30 0 -48 6 42
32 31 0 -48 3 45
32 32 0 -48 0 48
32 -32 -64 -47 188 235
32 -32 0 -47 188 -141
32 -16 -16 -47 141 -94
32 -16 0 -47 141 -94
32 0 -32 -47 94 141
32 0 0 -47 94 -47
32 16 0 -47 47 0
32 32 0 -47 0 47
32 -32 -64 -46 184 230
32 -32 0 -46 184 -138
32 -24 0 -46 161 -115
32 -16 -16 -46 138 -92
32 -16 0 -46 138 -92
32 -8 0 -46 115 -69
32 0 -32 -46 92 138
32 0 0 -46 92 -46
32 8 0 -46 69 -23
32 16 0 -46 46 0
32 24 0 -46 23 23
32 32 0 -46 0 46
32 -32 -64 -45 180 225
32 -32 0 -45 180 -135
32 -16 -16 -45 135 -90
32 -16 0 -45 135 -90
32 0 -32 -45 90 135
32 0 0 -45 90 -45
32 16 0 -45 45 0
32 32 0 -45 0 45
32 -32 -64 -44 176 220
32 -32 0 -44 176 -132
32 -28 0 -44 165 -121
32 -24 0 -44 154 -110
32 -20 -11 -44 143 -110
32 -20 -1 -44 143 -110
32 -20 0 -44 143 -99
32 -16 -48 -44 132 176
32 -16 -16 -44 132 -88
32 -16 0 -44 132 -88
32 -12 0 -44 121 -77
32 -8 0 -44 110 -66
32 -4 0 -44 99 -55
32 0 -32 -44 88 132
32 0 0 -44 88 -44
32 4 0 -44 77 -33
32 8 0 -44 66 -22
32 12 0 -44 55 -11
32 16 -16 -44 44 88
32 16 0 -44 44 0
32 20 0 -44 33 11
32 24 0 -44 22 22
32 28 0 -44 11 33
32 32 -66 -44 0 176
32 32 0 -44 0 44
32 32 2 -44 0 176
32 -32 -64 -43 172 215
32 -32 0 -43 172 -129
32 -16 -16 -43 129 -86
32 -16 0 -43 129 -86
32 0 -32 -43 86 129
32 0 0 -43 86 -43
32 16 0 -43 43 0
32 32 0 -43 0 43
32 -32 -64 -42 168 210
32 -32 0 -42 168 -126
32 -24 0 -42 147 -105
32 -16 -16 -42 126 -84
32 -16 0 -42 126 -84
32 -8 0 -42 105 -63
32 0 -32 -42 84 126
32 0 0 -42 84 -42
32 8 0 -42 63 -21
32 16 0 -42 42 0
32 24 0 -42 21 21
32 32 0 -42 0 42
32 -32 -64 -41 164 205
32 -32 0 -41 164 -123
32 -16 -16 -41 123 -82
32 -16 0 -41 123 -82
32 0 -32 -41 82 123
32 0 0 -41 82 -41
32 16 0 -41 41 0
32 32 0 -41 0 41
32 -32 -64 -40 160 200
32 -32 0 -40 160 -120
32 -30 0 -40 155 -115
32 -28 0 -40 150 -110
32 -26 0 -40 145 -105
32 -24 -56 -40 140 180
32 -24 0 -40 140 -100
32 -22 0 -40 135 -95
32 -20 0 -40 130 -90
32 -18 0 -40 125 -85
32 -16 -48 -40 120 160
32 -16 -16 -40 120 -80
32 -16 0 -40 120 -80
32 -14 0 -40 115 -75
32 -12 0 -40 110 -70
32 -10 0 -40 105 -65
32 -8 -40 -40 100 140
32 -8 0 -40 100 -60
32 -6 0 -40 95 -55
32 -4 0 -40 90 -50
32 -2 0 -40 85 -45
32 0 -32 -40 80 120
32 0 0 -40 80 -40
32 2 0 -40 75 -35
32 4 0 -40 70 -30
32 6 0 -40 65 -25
32 8 -114 -40 60 280
32 8 -24 -40 60 100
32 8 -22 -40 60 280
32 8 0 -40 60 -20
32 10 0 -40 55 -15
32 12 0 -40 50 -10
32 14 0 -40 45 -5
32 16 -16 -40 40 80
32 16 0 -40 40 0
32 18 0 -40 35 5
32 20 0 -40 30 10
32 22 0 -40 25 15
32 24 -8 -40 20 60
32 24 0 -40 20 20
32 26 0 -40 15 25
32 28 0 -40 10 30
32 30 0 -40 5 35
32 32 0 -40 0 40
32 -32 -64 -39 156 195
32 -32 0 -39 156 -117
32 -16 -16 -39 117 -78
32 -16 0 -39 117 -78
32 0 -32 -39 78 117
32 0 0 -39 78 -39
32 16 0 -39 39 0
32 32 0 -39 0 39
32 -32 -64 -38 152 190
32 -32 0 -38 152 -114
32 -24 0 -38 133 -95
32 -16 -16 -38 114 -76
32 -16 0 -38 114 -76
32 -8 0 -38 95 -57
32 0 -32 -38 76 114
32 0 0 -38 76 -38
32 8 0 -38 57 -19
32 16 0 -38 38 0
32 24 0 -38 19 19
32 32 0 -38 0 38
32 -32 -64 -37 148 185
32 -32 0 -37 148 -111
32 -16 -16 -37 111 -74
32 -16 0 -37 111 -74
32 0 -32 -37 74 111
32 0 0 -37 74 -37
32 16 0 -37 37 0
32 32 0 -37 0 37
32 -32 -64 -36 144 180
32 -32 0 -36 144 -108
32 -28 0 -36 135 -99
32 -24 0 -36 126 -90
32 -20 0 -36 117 -81
32 -16 -48 -36 108 144
32 -16 -16 -36 108 -72
32 -16 0 -36 108 -72
32 -12 0 -36 99 -63
32 -8 0 -36 90 -54
32 -4 0 -36 81 -45
32 0 -32 -36 72 108
32 0 0 -36 72 -36
32 4 0 -36 63 -27
32 8 0 -36 54 -18
32 12 0 -36 45 -9
32 16 -16 -36 36 72
32 16 0 -36 36 0
32 20 0 -36 27 9
32 24 0 -36 18 18
32 28 0 -36 9 27
32 32 0 -36 0 36
32 -32 -64 -35 140 175
32 -32 0 -35 140 -105
32 -16 -16 -35 105 -70
32 -16 0 -35 105 -70
32 0 -32 -35 70 105
32 0 0 -35 70 -35
32 16 0 -35 35 0
32 32 0 -35 0 35
32 -32 -64 -34 136 170
32 -32 0 -34 136 -102
32 -24 0 -34 119 -85
32 -16 -16 -34 102 -68
32 -16 0 -34 102 -68
32 -8 0 -34 85 -51
32 0 -32 -34 68 102
32 0 0 -34 68 -34
32 8 0 -34 51 -17
32 16 0 -34 34 0
32 24 0 -34 17 17
32 32 0 -34 0 34
32 -32 -66 -33 132 -99
32 -32 -64 -33 132 165
32 -32 0 -33 132 -99
32 -32 2 -33 132 -99
32 -16 -16 -33 99 -66
32 -16 0 -33 99 -66
32 0 -132 -33 66 99
32 0 -33 -33 66 0
32 0 -32 -33 66 99
32 0 0 -33 66 -33
32 0 1 -33 66 0
32 0 4 -33 66 99
32 0 9 -33 66 264
32 16 0 -33 33 0
32 32 0 -33 0 33
32 -32 -64 -32 128 160
32 -32 0 -32 128 -96
32 -31 0 -32 126 -94
32 -30 -62 -32 124 156
32 -30 0 -32 124 -92
32 -29 0 -32 122 -90
32 -28 -60 -32 120 152
32 -28 0 -32 120 -88
32 -27 0 -32 118 -86
32 -26 -58 -32 116 148
32 -26 0 -32 116 -84
32 -25 0 -32 114 -82
32 -24 -56 -32 112 144
32 -24 -4 -32 112 -96
32 -24 0 -32 112 -80
32 -23 -7 -32 110 -92
32 -23 -2 -32 110 -92
32 -23 0 -32 110 -78
32 -22 -54 -32 108 140
32 -22 0 -32 108 -76
32 -21 -10 -32 106 -84
32 -21 -1 -32 106 -84
32 -21 0 -32 106 -74
32 -20 -52 -32 104 136
32 -20 0 -32 104 -72
32 -19 0 -32 102 -70
32 -18 -50 -32 100 132
32 -18 0 -32 100 -68
32 -17 0 -32 98 -66
32 -16 -48 -32 96 128
32 -16 -16 -32 96 -64
32 -16 0 -32 96 -64
32 -15 0 -32 94 -62
32 -14 -46 -32 92 124
32 -14 0 -32 92 -60
32 -13 0 -32 90 -58
32 -12 -44 -32 88 120
32 -12 0 -32 88 -56
32 -11 0 -32 86 -54
32 -10 -42 -32 84 116
32 -10 0 -32 84 -52
32 -9 0 -32 82 -50
32 -8 -40 -32 80 112
32 -8 0 -32 80 -48
32 -7 0 -32 78 -46
32 -6 -38 -32 76 108
32 -6 0 -32 76 -44
32 -5 0 -32 74 -42
32 -4 -36 -32 72 104
32 -4 0 -32 72 -40
32 -3 0 -32 70 -38
32 -2 -34 -32 68 100
32 -2 0 -32 68 -36
32 -1 0 -32 66 -34
32 0 -32 -32 64 96
32 0 0 -32 64 -32
32 1 -34 -32 62 4
32 1 0 -32 62 -30
32 1 1 -32 62 4
32 2 -30 -32 60 92
32 2 0 -32 60 -28
32 3 0 -32 58 -26
32 4 -28 -32 56 88
32 4 0 -32 56 -24
32 5 0 -32 54 -22
32 6 -26 -32 52 84
32 6 0 -32 52 -20
32 7 0 -32 50 -18
32 8 -24 -32 48 80
32 8 0 -32 48 -16
32 9 0 -32 46 -14
32 10 -22 -32 44 76
32 10 0 -32 44 -12
32 11 0 -32 42 -10
32 12 -20 -32 40 72
32 12 0 -32 40 -8
32 13 0 -32 38 -6
32 14 -18 -32 36 68
32 14 0 -32 36 -4
32 15 0 -32 34 -2
32 16 -16 -32 32 64
32 16 0 -32 32 0
32 17 0 -32 30 2
32 18 -14 -32 28 60
32 18 0 -32 28 4
32 19 0 -32 26 6
32 20 -12 -32 24 56
32 20 0 -32 24 8
32 21 0 -32 22 10
32 22 -10 -32 20 52
32 22 0 -32 20 12
32 23 0 -32 18 14
32 24 -8 -32 16 48
32 24 0 -32 16 16
32 25 0 -32 14 18
32 26 -6 -32 12 44
32 26 0 -32 12 20
32 27 0 -32 10 22
32 28 -4 -32 8 40
32 28 0 -32 8 24
32 29 0 -32 6 26
32 30 -2 -32 4 36
32 30 0 -32 4 28
32 31 0 -32 2 30
32 32 0 -32 0 32
32 -32 -64 -31 124 155
32 -32 0 -31 124 -93
32 -16 -16 -31 93 -62
32 -16 0 -31 93 -62
32 0 -32 -31 62 93
32 0 0 -31 62 -31
32 16 0 -31 31 0
32 32 0 -31 0 31
32 -32 -64 -30 120 150
32 -32 0 -30 120 -90
32 -24 -5 -30 105 -90
32 -24 -3 -30 105 -90
32 -24 0 -30 105 -75
32 -16 -16 -30 90 -60
32 -16 0 -30 90 -60
32 -8 0 -30 75 -45
32 0 -32 -30 60 90
32 0 0 -30 60 -30
32 8 0 -30 45 -15
32 16 0 -30 30 0
32 24 0 -30 15 15
32 32 0 -30 0 30
32 -32 -64 -29 116 145
32 -32 0 -29 116 -87
32 -16 -16 -29 87 -58
32 -16 0 -29 87 -58
32 0 -32 -29 58 87
32 0 0 -29 58 -29
32 16 0 -29 29 0
32 32 0 -29 0 29
32 -32 -64 -28 112 140
32 -32 0 -28 112 -84
32 -28 0 -28 105 -77
32 -24 0 -28 98 -70
32 -20 0 -28 91 -63
32 -16 -48 -28 84 112
32 -16 -16 -28 84 -56
32 -16 0 -28 84 -56
32 -12 0 -28 77 -49
32 -8 0 -28 70 -42
32 -4 0 -28 63 -35
32 0 -32 -28 56 84
32 0 0 -28 56 -28
32 4 0 -28 49 -21
32 8 0 -28 42 -14
32 12 0 -28 35 -7
32 16 -16 -28 28 56
32 16 0 -28 28 0
32 20 0 -28 21 7
32 24 0 -28 14 14
32 28 0 -28 7 21
32 32 0 -28 0 28
32 -32 -64 -27 108 135
32 -32 0 -27 108 -81
32 -16 -16 -27 81 -54
32 -16 0 -27 81 -54
32 0 -32 -27 54 81
32 0 0 -27 54 -27
32 16 0 -27 27 0
32 32 0 -27 0 27
32 -32 -64 -26 104 130
32 -32 0 -26 104 -78
32 -24 0 -26 91 -65
32 -16 -16 -26 78 -52
32 -16 0 -26 78 -52
32 -8 0 -26 65 -39
32 0 -32 -26 52 78
32 0 0 -26 52 -26
32 8 0 -26 39 -13
32 16 0 -26 26 0
32 24 0 -26 13 13
32 32 0 -26 0 26
32 -32 -64 -25 100 125
32 -32 0 -25 100 -75
32 -16 -16 -25 75 -50
32 -16 0 -25 75 -50
32 0 -32 -25 50 75
32 0 0 -25 50 -25
32 16 0 -25 25 0
32 32 0 -25 0 25
32 -32 -64 -24 96 120
32 -32 0 -24 96 -72
32 -30 0 -24 93 -69
32 -28 0 -24 90 -66
32 -26 0 -24 87 -63
32 -24 -56 -24 84 108
32 -24 -6 -24 84 -72
32 -24 -2 -24 84 -72
32 -24 0 -24 84 -60
32 -22 -9 -24 81 -66
32 -22 -1 -24 81 -66
32 -22 0 -24 81 -57
32 -20 0 -24 78 -54
32 -18 0 -24 75 -51
32 -16 -48 -24 72 96
32 -16 -16 -24 72 -48
32 -16 0 -24 72 -48
32 -14 0 -24 69 -45
32 -12 0 -24 66 -42
32 -10 0 -24 63 -39
32 -8 -40 -24 60 84
32 -8 0 -24 60 -36
32 -6 0 -24 57 -33
32 -4 0 -24 54 -30
32 -2 0 -24 51 -27
32 0 -32 -24 48 72
32 0 0 -24 48 -24
32 2 0 -24 45 -21
32 4 0 -24 42 -18
32 6 0 -24 39 -15
32 8 -24 -24 36 60
32 8 0 -24 36 -12
32 10 0 -24 33 -9
32 12 0 -24 30 -6
32 14 0 -24 27 -3
32 16 -16 -24 24 48
32 16 0 -24 24 0
32 18 -51 -24 21 54
32 18 0 -24 21 3
32 18 1 -24 21 54
32 20 0 -24 18 6
32 22 0 -24 15 9
32 24 -8 -24 12 36
32 24 0 -24 12 12
32 26 0 -24 9 15
32 28 0 -24 6 18
32 30 0 -24 3 21
32 32 0 -24 0 24
32 -32 -64 -23 92 115
32 -32 0 -23 92 -69
32 -16 -16 -23 69 -46
32 -16 0 -23 69 -46
32 0 -32 -23 46 69
32 0 0 -23 46 -23
32 16 0 -23 23 0
32 32 0 -23 0 23
32 -32 -64 -22 88 110
32 -32 0 -22 88 -66
32 -24 0 -22 77 -55
32 -16 -16 -22 66 -44
32 -16 0 -22 66 -44
32 -8 0 -22 55 -33
32 0 -32 -22 44 66
32 0 0 -22 44 -22
32 8 0 -22 33 -11
32 16 0 -22 22 0
32 24 0 -22 11 11
32 32 0 -22 0 22
32 -32 -64 -21 84 105
32 -32 0 -21 84 -63
32 -16 -16 -21 63 -42
32 -16 0 -21 63 -42
32 0 -32 -21 42 63
32 0 0 -21 42 -21
32 16 0 -21 21 0
32 32 0 -21 0 21
32 -32 -64 -20 80 100
32 -32 0 -20 80 -60
32 -28 0 -20 75 -55
32 -24 0 -20 70 -50
32 -20 0 -20 65 -45
32 -16 -48 -20 60 80
32 -16 -16 -20 60 -40
32 -16 0 -20 60 -40
32 -12 0 -20 55 -35
32 -8 0 -20 50 -30
32 -4 0 -20 45 -25
32 0 -32 -20 40 60
32 0 0 -20 40 -20
32 4 0 -20 35 -15
32 8 0 -20 30 -10
32 12 0 -20 25 -5
32 16 -16 -20 20 40
32 16 0 -20 20 0
32 20 0 -20 15 5
32 24 0 -20 10 10
32 28 0 -20 5 15
32 32 0 -20 0 20
32 -32 -64 -19 76 95
32 -32 0 -19 76 -57
32 -16 -16 -19 57 -38
32 -16 0 -19 57 -38
32 0 -32 -19 38 57
32 0 0 -19 38 -19
32 16 0 -19 19 0
32 32 0 -19 0 19
32 -32 -64 -18 72 90
32 -32 0 -18 72 -54
32 -24 0 -18 63 -45
32 -16 -16 -18 54 -36
32 -16 0 -18 54 -36
32 -8 0 -18 45 -27
32 0 -32 -18 36 54
32 0 0 -18 36 -18
32 8 0 -18 27 -9
32 16 0 -18 18 0
32 24 0 -18 9 9
32 32 0 -18 0 18
32 -32 -64 -17 68 85
32 -32 0 -17 68 -51
32 -16 -16 -17 51 -34
32 -16 0 -17 51 -34
32 0 -32 -17 34 51
32 0 0 -17 34 -17
32 16 0 -17 17 0
32 32 0 -17 0 17
32 -32 -64 -16 64 80
32 -32 0 -16 64 -48
32 -31 0 -16 63 -47
32 -30 0 -16 62 -46
32 -29 0 -16 61 -45
32 -28 -60 -16 60 76
32 -28 0 -16 60 -44
32 -27 0 -16 59 -43
32 -26 0 -16 58 -42
32 -25 0 -16 57 -41
32 -24 -56 -16 56 72
32 -24 0 -16 56 -40
32 -23 0 -16 55 -39
32 -22 0 -16 54 -38
32 -21 0 -16 53 -37
32 -20 -52 -16 52 68
32 -20 0 -16 52 -36
32 -19 0 -16 51 -35
32 -18 0 -16 50 -34
32 -17 0 -16 49 -33
32 -16 -48 -16 48 64
32 -16 -16 -16 48 -32
32 -16 0 -16 48 -32
32 -15 0 -16 47 -31
32 -14 0 -16 46 -30
32 -13 0 -16 45 -29
32 -12 -44 -16 44 60
32 -12 0 -16 44 -28
32 -11 0 -16 43 -27
32 -10 0 -16 42 -26
32 -9 0 -16 41 -25
32 -8 -40 -16 40 56
32 -8 0 -16 40 -24
32 -7 0 -16 39 -23
32 -6 0 -16 38 -22
32 -5 0 -16 37 -21
32 -4 -36 -16 36 52
32 -4 0 -16 36 -20
32 -3 0 -16 35 -19
32 -2 0 -16 34 -18
32 -1 0 -16 33 -17
32 0 -32 -16 32 48
32 0 0 -16 32 -16
32 1 0 -16 31 -15
32 2 0 -16 30 -14
32 3 0 -16 29 -13
32 4 -28 -16 28 44
32 4 0 -16 28 -12
32 5 0 -16 27 -11
32 6 0 -16 26 -10
32 7 0 -16 25 -9
32 8 -24 -16 24 40
32 8 0 -16 24 -8
32 9 0 -16 23 -7
32 10 0 -16 22 -6
32 11 0 -16 21 -5
32 12 -20 -16 20 36
32 12 0 -16 20 -4
32 13 0 -16 19 -3
32 14 0 -16 18 -2
32 15 0 -16 17 -1
32 16 -16 -16 16 32
32 16 0 -16 16 0
32 17 0 -16 15 1
32 18 0 -16 14 2
32 19 0 -16 13 3
32 20 -12 -16 12 28
32 20 0 -16 12 4
32 21 0 -16 11 5
32 22 0 -16 10 6
32 23 0 -16 9 7
32 24 -8 -16 8 24
32 24 0 -16 8 8
32 25 0 -16 7 9
32 26 0 -16 6 10
32 27 0 -16 5 11
32 28 -4 -16 4 20
32 28 0 -16 4 12
32 29 0 -16 3 13
32 30 0 -16 2 14
32 31 0 -16 1 15
32 32 0 -16 0 16
32 -32 -64 -15 60 75
32 -32 0 -15 60 -45
32 -16 -16 -15 45 -30
32 -16 0 -15 45 -30
32 0 -32 -15 30 45
32 0 0 -15 30 -15
32 16 0 -15 15 0
32 32 0 -15 0 15
32 -32 -64 -14 56 70
32 -32 0 -14 56 -42
32 -24 -7 -14 49 -42
32 -24 -1 -14 49 -42
32 -24 0 -14 49 -35
32 -16 -16 -14 42 -28
32 -16 0 -14 42 -28
32 -8 0 -14 35 -21
32 0 -32 -14 28 42
32 0 0 -14 28 -14
32 8 0 -14 21 -7
32 16 0 -14 14 0
32 24 0 -14 7 7
32 32 0 -14 0 14
32 -32 -64 -13 52 65
32 -32 0 -13 52 -39
32 -16 -16 -13 39 -26
32 -16 0 -13 39 -26
32 0 -32 -13 26 39
32 0 0 -13 26 -13
32 16 0 -13 13 0
32 32 0 -13 0 13
32 -32 -64 -12 48 60
32 -32 0 -12 48 -36
32 -28 0 -12 45 -33
32 -24 0 -12 42 -30
32 -20 0 -12 39 -27
32 -16 -48 -12 36 48
32 -16 -16 -12 36 -24
32 -16 0 -12 36 -24
32 -12 0 -12 33 -21
32 -8 0 -12 30 -18
32 -4 0 -12 27 -15
32 0 -32 -12 24 36
32 0 0 -12 24 -12
32 4 0 -12 21 -9
32 8 0 -12 18 -6
32 12 0 -12 15 -3
32 16 -16 -12 12 24
32 16 0 -12 12 0
32 20 0 -12 9 3
32 24 0 -12 6 6
32 28 0 -12 3 9
32 32 0 -12 0 12
32 -32 -64 -11 44 55
32 -32 0 -11 44 -33
32 -16 -16 -11 33 -22
32 -16 0 -11 33 -22
32 0 -32 -11 22 33
32 0 0 -11 22 -11
32 16 0 -11 11 0
32 32 0 -11 0 11
32 -32 -64 -10 40 50
32 -32 0 -10 40 -30
32 -24 0 -10 35 -25
32 -16 -16 -10 30 -20
32 -16 0 -10 30 -20
32 -8 0 -10 25 -15
32 0 -32 -10 20 30
32 0 0 -10 20 -10
32 8 0 -10 15 -5
32 16 0 -10 10 0
32 24 0 -10 5 5
32 32 0 -10 0 10
32 -32 -64 -9 36 45
32 -32 0 -9 36 -27
32 -16 -16 -9 27 -18
32 -16 0 -9 27 -18
32 0 -32 -9 18 27
32 0 0 -9 18 -9
32 16 0 -9 9 0
32 32 0 -9 0 9
32 -32 -64 -8 32 40
32 -32 0 -8 32 -24
32 -30 0 -8 31 -23
32 -28 0 -8 30 -22
32 -26 -5 -8 29 -26
32 -26 -1 -8 29 -26
32 -26 0 -8 29 -21
32 -24 -56 -8 28 36
32 -24 0 -8 28 -20
32 -22 0 -8 27 -19
32 -20 0 -8 26 -18
32 -18 0 -8 25 -17
32 -16 -48 -8 24 32
32 -16 -16 -8 24 -16
32 -16 0 -8 24 -16
32 -14 0 -8 23 -15
32 -12 0 -8 22 -14
32 -10 0 -8 21 -13
32 -8 -40 -8 20 28
32 -8 0 -8 20 -12
32 -6 0 -8 19 -11
32 -4 0 -8 18 -10
32 -2 0 -8 17 -9
32 0 -32 -8 16 24
32 0 0 -8 16 -8
32 2 0 -8 15 -7
32 4 0 -8 14 -6
32 6 0 -8 13 -5
32 8 -24 -8 12 20
32 8 0 -8 12 -4
32 10 0 -8 11 -3
32 12 0 -8 10 -2
32 14 0 -8 9 -1
32 16 -16 -8 8 16
32 16 0 -8 8 0
32 18 0 -8 7 1
32 20 0 -8 6 2
32 22 0 -8 5 3
32 24 -8 -8 4 12
32 24 0 -8 4 4
32 26 0 -8 3 5
32 28 0 -8 2 6
32 30 0 -8 1 7
32 32 0 -8 0 8
32 -32 -64 -7 28 35
32 -32 0 -7 28 -21
32 -16 -16 -7 21 -14
32 -16 0 -7 21 -14
32 0 -32 -7 14 21
32 0 0 -7 14 -7
32 16 0 -7 7 0
32 32 0 -7 0 7
32 -32 -64 -6 24 30
32 -32 0 -6 24 -18
32 -24 0 -6 21 -15
32 -16 -16 -6 18 -12
32 -16 0 -6 18 -12
32 -8 0 -6 15 -9
32 0 -32 -6 12 18
32 0 0 -6 12 -6
32 8 0 -6 9 -3
32 16 0 -6 6 0
32 24 0 -6 3 3
32 32 0 -6 0 6
32 -32 -64 -5 20 25
32 -32 0 -5 20 -15
32 -16 -16 -5 15 -10
32 -16 0 -5 15 -10
32 0 -32 -5 10 15
32 0 0 -5 10 -5
32 16 0 -5 5 0
32 32 0 -5 0 5
32 -32 -64 -4 16 20
32 -32 0 -4 16 -12
32 -28 -3 -4 15 -14
32 -28 -1 -4 15 -14
32 -28 0 -4 15 -11
32 -24 0 -4 14 -10
32 -20 0 -4 13 -9
32 -16 -48 -4 12 16
32 -16 -16 -4 12 -8
32 -16 0 -4 12 -8
32 -12 0 -4 11 -7
32 -8 0 -4 10 -6
32 -4 0 -4 9 -5
32 0 -32 -4 8 12
32 0 0 -4 8 -4
32 4 0 -4 7 -3
32 8 0 -4 6 -2
32 12 0 -4 5 -1
32 16 -16 -4 4 8
32 16 0 -4 4 0
32 20 0 -4 3 1
32 24 0 -4 2 2
32 28 0 -4 1 3
32 32 0 -4 0 4
32 -32 -64 -3 12 15
32 -32 0 -3 12 -9
32 -16 -16 -3 9 -6
32 -16 0 -3 9 -6
32 0 -32 -3 6 9
32 0 0 -3 6 -3
32 16 0 -3 3 0
32 32 0 -3 0 3
32 -32 -64 -2 8 10
32 -32 0 -2 8 -6
32 -24 0 -2 7 -5
32 -16 -16 -2 6 -4
32 -16 0 -2 6 -4
32 -8 0 -2 5 -3
32 0 -32 -2 4 6
32 0 0 -2 4 -2
32 8 0 -2 3 -1
32 16 0 -2 2 0
32 24 0 -2 1 1
32 32 0 -2 0 2
32 -32 -64 -1 4 5
32 -32 0 -1 4 -3
32 -16 -16 -1 3 -2
32 -16 0 -1 3 -2
32 0 -32 -1 2 3
32 0 0 -1 2 -1
32 16 0 -1 1 0
32 32 0 -1 0 1
32 -32 -64 1 -4 -5
32 -32 -1 1 -4 4
32 -32 0 1 -4 3
32 -32 1 1 -4 4
32 -16 -16 1 -3 2
32 -16 0 1 -3 2
32 0 -32 1 -2 -3
32 0 0 1 -2 1
32 16 0 1 -1 0
32 32 0 1 0 -1
32 -32 -64 2 -8 -10
32 -32 0 2 -8 6
32 -24 0 2 -7 5
32 -16 -16 2 -6 4
32 -16 0 2 -6 4
32 -8 0 2 -5 3
32 0 -32 2 -4 -6
32 0 0 2 -4 2
32 8 0 2 -3 1
32 16 0 2 -2 0
32 24 0 2 -1 -1
32 32 0 2 0 -2
32 -32 -64 3 -12 -15
32 -32 0 3 -12 9
32 -16 -16 3 -9 6
32 -16 0 3 -9 6
32 0 -32 3 -6 -9
32 0 0 3 -6 3
32 16 0 3 -3 0
32 32 0 3 0 -3
32 -32 -64 4 -16 -20
32 -32 -2 4 -16 16
32 -32 0 4 -16 12
32 -32 2 4 -16 16
32 -28 0 4 -15 11
32 -24 0 4 -14 10
32 -20 0 4 -13 9
32 -16 -48 4 -12 -16
32 -16 -16 4 -12 8
32 -16 0 4 -12 8
32 -12 0 4 -11 7
32 -8 0 4 -10 6
32 -4 0 4 -9 5
32 0 -32 4 -8 -12
32 0 0 4 -8 4
32 4 0 4 -7 3
32 8 0 4 -6 2
32 12 0 4 -5 1
32 16 -16 4 -4 -8
32 16 0 4 -4 0
32 20 0 4 -3 -1
32 24 0 4 -2 -2
32 28 0 4 -1 -3
32 32 0 4 0 -4
32 -32 -64 5 -20 -25
32 -32 0 5 -20 15
32 -16 -16 5 -15 10
32 -16 0 5 -15 10
32 0 -32 5 -10 -15
32 0 0 5 -10 5
32 16 0 5 -5 0
32 32 0 5 0 -5
32 -32 -64 6 -24 -30
32 -32 0 6 -24 18
32 -24 0 6 -21 15
32 -16 -16 6 -18 12
32 -16 0 6 -18 12
32 -8 0 6 -15 9
32 0 -32 6 -12 -18
32 0 0 6 -12 6
32 8 0 6 -9 3
32 16 0 6 -6 0
32 24 0 6 -3 -3
32 32 0 6 0 -6
32 -32 -64 7 -28 -35
32 -32 0 7 -28 21
32 -16 -16 7 -21 14
32 -16 0 7 -21 14
32 0 -32 7 -14 -21
32 0 0 7 -14 7
32 16 0 7 -7 0
32 32 0 7 0 -7
32 -32 -64 8 -32 -40
32 -32 0 8 -32 24
32 -30 0 8 -31 23
32 -28 0 8 -30 22
32 -26 0 8 -29 21
32 -24 -56 8 -28 -36
32 -24 0 8 -28 20
32 -22 0 8 -27 19
32 -20 0 8 -26 18
32 -18 0 8 -25 17
32 -16 -48 8 -24 -32
32 -16 -16 8 -24 16
32 -16 0 8 -24 16
32 -14 0 8 -23 15
32 -12 0 8 -22 14
32 -10 0 8 -21 13
32 -8 -40 8 -20 -28
32 -8 0 8 -20 12
32 -6 0 8 -19 11
32 -4 0 8 -18 10
32 -2 0 8 -17 9
32 0 -32 8 -16 -24
32 0 0 8 -16 8
32 2 0 8 -15 7
32 4 0 8 -14 6
32 6 0 8 -13 5
32 8 -24 8 -12 -20
32 8 0 8 -12 4
32 10 0 8 -11 3
32 12 0 8 -10 2
32 14 0 8 -9 1
32 16 -16 8 -8 -16
32 16 0 8 -8 0
32 18 0 8 -7 -1
32 20 0 8 -6 -2
32 22 0 8 -5 -3
32 24 -8 8 -4 -12
32 24 0 8 -4 -4
32 26 0 8 -3 -5
32 28 0 8 -2 -6
32 30 0 8 -1 -7
32 32 0 8 0 -8
32 -32 -64 9 -36 -45
32 -32 -3 9 -36 36
32 -32 0 9 -36 27
32 -32 3 9 -36 36
32 -16 -16 9 -27 18
32 -16 0 9 -27 18
32 0 -32 9 -18 -27
32 0 0 9 -18 9
32 16 0 9 -9 0
32 32 0 9 0 -9
32 -32 -64 10 -40 -50
32 -32 0 10 -40 30
32 -24 0 10 -35 25
32 -16 -16 10 -30 20
32 -16 0 10 -30 20
32 -8 0 10 -25 15
32 0 -32 10 -20 -30
32 0 0 10 -20 10
32 8 0 10 -15 5
32 16 0 10 -10 0
32 24 0 10 -5 -5
32 32 0 10 0 -10
32 -32 -64 11 -44 -55
32 -32 0 11 -44 33
32 -16 -16 11 -33 22
32 -16 0 11 -33 22
32 0 -32 11 -22 -33
32 0 0 11 -22 11
32 16 0 11 -11 0
32 32 0 11 0 -11
32 -32 -64 12 -48 -60
32 -32 0 12 -48 36
32 -28 0 12 -45 33
32 -24 0 12 -42 30
32 -20 0 12 -39 27
32 -16 -48 12 -36 -48
32 -16 -16 12 -36 24
32 -16 0 12 -36 24
32 -12 0 12 -33 21
32 -8 0 12 -30 18
32 -4 0 12 -27 15
32 0 -32 12 -24 -36
32 0 0 12 -24 12
32 4 0 12 -21 9
32 8 0 12 -18 6
32 12 0 12 -15 3
32 16 -16 12 -12 -24
32 16 0 12 -12 0
32 20 0 12 -9 -3
32 24 0 12 -6 -6
32 28 0 12 -3 -9
32 32 0 12 0 -12
32 -32 -64 13 -52 -65
32 -32 0 13 -52 39
32 -16 -16 13 -39 26
32 -16 0 13 -39 26
32 0 -32 13 -26 -39
32 0 0 13 -26 13
32 16 0 13 -13 0
32 32 0 13 0 -13
32 -32 -64 14 -56 -70
32 -32 0 14 -56 42
32 -24 0 14 -49 35
32 -16 -16 14 -42 28
32 -16 0 14 -42 28
32 -8 0 14 -35 21
32 0 -32 14 -28 -42
32 0 0 14 -28 14
32 8 0 14 -21 7
32 16 0 14 -14 0
32 24 0 14 -7 -7
32 32 0 14 0 -14
32 -32 -64 15 -60 -75
32 -32 0 15 -60 45
32 -16 -16 15 -45 30
32 -16 0 15 -45 30
32 0 -32 15 -30 -45
32 0 0 15 -30 15
32 16 0 15 -15 0
32 32 0 15 0 -15
32 -32 -64 16 -64 -80
32 -32 -4 16 -64 64
32 -32 0 16 -64 48
32 -32 4 16 -64 64
32 -31 0 16 -63 47
32 -30 0 16 -62 46
32 -29 0 16 -61 45
32 -28 -60 16 -60 -76
32 -28 -6 16 -60 56
32 -28 0 16 -60 44
32 -28 2 16 -60 56
32 -27 0 16 -59 43
32 -26 0 16 -58 42
32 -25 0 16 -57 41
32 -24 -56 16 -56 -72
32 -24 0 16 -56 40
32 -23 0 16 -55 39
32 -22 0 16 -54 38
32 -21 0 16 -53 37
32 -20 -52 16 -52 -68
32 -20 0 16 -52 36
32 -19 0 16 -51 35
32 -18 0 16 -50 34
32 -17 0 16 -49 33
32 -16 -48 16 -48 -64
32 -16 -16 16 -48 32
32 -16 0 16 -48 32
32 -15 0 16 -47 31
32 -14 0 16 -46 30
32 -13 0 16 -45 29
32 -12 -44 16 -44 -60
32 -12 0 16 -44 28
32 -11 0 16 -43 27
32 -10 0 16 -42 26
32 -9 0 16 -41 25
32 -8 -40 16 -40 -56
32 -8 0 16 -40 24
32 -7 0 16 -39 23
32 -6 0 16 -38 22
32 -5 0 16 -37 21
32 -4 -36 16 -36 -52
32 -4 0 16 -36 20
32 -3 0 16 -35 19
32 -2 0 16 -34 18
32 -1 0 16 -33 17
32 0 -32 16 -32 -48
32 0 0 16 -32 16
32 1 0 16 -31 15
32 2 0 16 -30 14
32 3 0 16 -29 13
32 4 -28 16 -28 -44
32 4 0 16 -28 12
32 5 0 16 -27 11
32 6 0 16 -26 10
32 7 0 16 -25 9
32 8 -24 16 -24 -40
32 8 0 16 -24 8
32 9 0 16 -23 7
32 10 0 16 -22 6
32 11 0 16 -21 5
32 12 -20 16 -20 -36
32 12 0 16 -20 4
32 13 0 16 -19 3
32 14 0 16 -18 2
32 15 0 16 -17 1
32 16 -16 16 -16 -32
32 16 0 16 -16 0
32 17 0 16 -15 -1
32 18 0 16 -14 -2
32 19 0 16 -13 -3
32 20 -12 16 -12 -28
32 20 0 16 -12 -4
32 21 0 16 -11 -5
32 22 0 16 -10 -6
32 23 0 16 -9 -7
32 24 -8 16 -8 -24
32 24 0 16 -8 -8
32 25 0 16 -7 -9
32 26 0 16 -6 -10
32 27 0 16 -5 -11
32 28 -4 16 -4 -20
32 28 0 16 -4 -12
32 29 0 16 -3 -13
32 30 0 16 -2 -14
32 31 0 16 -1 -15
32 32 0 16 0 -16
32 -32 -64 17 -68 -85
32 -32 0 17 -68 51
32 -16 -16 17 -51 34
32 -16 0 17 -51 34
32 0 -32 17 -34 -51
32 0 0 17 -34 17
32 16 0 17 -17 0
32 32 0 17 0 -17
32 -32 -64 18 -72 -90
32 -32 0 18 -72 54
32 -24 -9 18 -63 54
32 -24 0 18 -63 45
32 -24 1 18 -63 54
32 -16 -16 18 -54 36
32 -16 0 18 -54 36
32 -8 0 18 -45 27
32 0 -32 18 -36 -54
32 0 0 18 -36 18
32 8 0 18 -27 9
32 16 0 18 -18 0
32 24 0 18 -9 -9
32 32 0 18 0 -18
32 -32 -64 19 -76 -95
32 -32 0 19 -76 57
32 -16 -16 19 -57 38
32 -16 0 19 -57 38
32 0 -127 19 -38 -152
32 0 -33 19 -38 -152
32 0 -32 19 -38 -57
32 0 0 19 -38 19
32 16 0 19 -19 0
32 32 0 19 0 -19
32 -32 -64 20 -80 -100
32 -32 0 20 -80 60
32 -28 0 20 -75 55
32 -24 0 20 -70 50
32 -20 0 20 -65 45
32 -16 -48 20 -60 -80
32 -16 -16 20 -60 40
32 -16 0 20 -60 40
32 -12 0 20 -55 35
32 -8 0 20 -50 30
32 -4 0 20 -45 25
32 0 -32 20 -40 -60
32 0 0 20 -40 20
32 4 0 20 -35 15
32 8 0 20 -30 10
32 12 0 20 -25 5
32 16 -16 20 -20 -40
32 16 0 20 -20 0
32 20 0 20 -15 -5
32 24 0 20 -10 -10
32 28 0 20 -5 -15
32 32 0 20 0 -20
32 -32 -64 21 -84 -105
32 -32 0 21 -84 63
32 -16 -16 21 -63 42
32 -16 0 21 -63 42
32 0 -32 21 -42 -63
32 0 0 21 -42 21
32 16 0 21 -21 0
32 32 -63 21 0 -84
32 32 -1 21 0 -84
32 32 0 21 0 -21
32 -32 -64 22 -88 -110
32 -32 0 22 -88 66
32 -24 0 22 -77 55
32 -16 -16 22 -66 44
32 -16 0 22 -66 44
32 -8 0 22 -55 33
32 0 -32 22 -44 -66
32 0 0 22 -44 22
32 8 0 22 -33 11
32 16 0 22 -22 0
32 24 -55 22 -11 -66
32 24 -1 22 -11 -66
32 24 0 22 -11 -11
32 32 0 22 0 -22
32 -32 -64 23 -92 -115
32 -32 0 23 -92 69
32 -16 -16 23 -69 46
32 -16 0 23 -69 46
32 0 -32 23 -46 -69
32 0 0 23 -46 23
32 16 0 23 -23 0
32 32 0 23 0 -23
32 -32 -64 24 -96 -120
32 -32 0 24 -96 72
32 -30 0 24 -93 69
32 -28 0 24 -90 66
32 -26 0 24 -87 63
32 -24 -56 24 -84 -108
32 -24 0 24 -84 60
32 -22 0 24 -81 57
32 -20 0 24 -78 54
32 -18 0 24 -75 51
32 -16 -48 24 -72 -96
32 -16 -16 24 -72 48
32 -16 0 24 -72 48
32 -14 0 24 -69 45
32 -12 0 24 -66 42
32 -10 0 24 -63 39
32 -8 -40 24 -60 -84
32 -8 0 24 -60 36
32 -6 0 24 -57 33
32 -4 0 24 -54 30
32 -2 0 24 -51 27
32 0 -32 24 -48 -72
32 0 0 24 -48 24
32 2 0 24 -45 21
32 4 0 24 -42 18
32 6 0 24 -39 15
32 8 -24 24 -36 -60
32 8 0 24 -36 12
32 10 0 24 -33 9
32 12 0 24 -30 6
32 14 -45 24 -27 -42
32 14 -1 24 -27 -42
32 14 0 24 -27 3
32 16 -16 24 -24 -48
32 16 0 24 -24 0
32 18 0 24 -21 -3
32 20 0 24 -18 -6
32 22 0 24 -15 -9
32 24 -8 24 -12 -36
32 24 0 24 -12 -12
32 26 0 24 -9 -15
32 28 0 24 -6 -18
32 30 0 24 -3 -21
32 32 0 24 0 -24
32 -32 -64 25 -100 -125
32 -32 -5 25 -100 100
32 -32 0 25 -100 75
32 -32 5 25 -100 100
32 -16 -16 25 -75 50
32 -16 0 25 -75 50
32 0 -32 25 -50 -75
32 0 0 25 -50 25
32 16 0 25 -25 0
32 32 0 25 0 -25
32 -32 -64 26 -104 -130
32 -32 0 26 -104 78
32 -24 0 26 -91 65
32 -16 -16 26 -78 52
32 -16 0 26 -78 52
32 -8 0 26 -65 39
32 0 -32 26 -52 -78
32 0 0 26 -52 26
32 8 -39 26 -39 -26
32 8 -1 26 -39 -26
32 8 0 26 -39 13
32 16 0 26 -26 0
32 24 0 26 -13 -13
32 32 0 26 0 -26
32 -32 -64 27 -108 -135
32 -32 0 27 -108 81
32 -16 -16 27 -81 54
32 -16 0 27 -81 54
32 0 -32 27 -54 -81
32 0 0 27 -54 27
32 16 0 27 -27 0
32 32 0 27 0 -27
32 -32 -64 28 -112 -140
32 -32 0 28 -112 84
32 -28 -7 28 -105 98
32 -28 0 28 -105 77
32 -28 3 28 -105 98
32 -24 0 28 -98 70
32 -20 0 28 -91 63
32 -16 -48 28 -84 -112
32 -16 -16 28 -84 56
32 -16 0 28 -84 56
32 -12 0 28 -77 49
32 -8 0 28 -70 42
32 -4 0 28 -63 35
32 0 -32 28 -56 -84
32 0 0 28 -56 28
32 4 -35 28 -49 -14
32 4 -1 28 -49 -14
32 4 0 28 -49 21
32 8 0 28 -42 14
32 12 0 28 -35 7
32 16 -16 28 -28 -56
32 16 0 28 -28 0
32 20 0 28 -21 -7
32 24 0 28 -14 -14
32 28 0 28 -7 -21
32 32 0 28 0 -28
32 -32 -64 29 -116 -145
32 -32 0 29 -116 87
32 -16 -16 29 -87 58
32 -16 0 29 -87 58
32 0 -32 29 -58 -87
32 0 0 29 -58 29
32 16 0 29 -29 0
32 32 0 29 0 -29
32 -32 -64 30 -120 -150
32 -32 0 30 -120 90
32 -24 0 30 -105 75
32 -16 -16 30 -90 60
32 -16 0 30 -90 60
32 -8 0 30 -75 45
32 0 -32 30 -60 -90
32 0 0 30 -60 30
32 8 0 30 -45 15
32 16 0 30 -30 0
32 24 0 30 -15 -15
32 32 0 30 0 -30
32 -32 -64 31 -124 -155
32 -32 -62 31 -124 93
32 -32 -2 31 -124 93
32 -32 0 31 -124 93
32 -16 -16 31 -93 62
32 -16 0 31 -93 62
32 0 -124 31 -62 -93
32 0 -32 31 -62 -93
32 0 -31 31 -62 0
32 0 -9 31 -62 -248
32 0 -4 31 -62 -93
32 0 -1 31 -62 0
32 0 0 31 -62 31
32 16 0 31 -31 0
32 32 0 31 0 -31
32 -32 -64 32 -128 -160
32 -32 0 32 -128 96
32 -31 -6 32 -126 124
32 -31 0 32 -126 94
32 -31 5 32 -126 124
32 -30 -62 32 -124 -156
32 -30 0 32 -124 92
32 -29 0 32 -122 90
32 -28 -60 32 -120 -152
32 -28 0 32 -120 88
32 -27 0 32 -118 86
32 -26 -58 32 -116 -148
32 -26 0 32 -116 84
32 -25 -9 32 -114 100
32 -25 0 32 -114 82
32 -25 2 32 -114 100
32 -24 -56 32 -112 -144
32 -24 0 32 -112 80
32 -23 0 32 -110 78
32 -22 -54 32 -108 -140
32 -22 -6 32 -108 36
32 -22 0 32 -108 76
32 -21 0 32 -106 74
32 -20 -52 32 -104 -136
32 -20 0 32 -104 72
32 -19 0 32 -102 70
32 -18 -50 32 -100 -132
32 -18 0 32 -100 68
32 -17 0 32 -98 66
32 -16 -48 32 -96 -128
32 -16 -16 32 -96 64
32 -16 0 32 -96 64
32 -15 0 32 -94 62
32 -14 -46 32 -92 -124
32 -14 0 32 -92 60
32 -13 0 32 -90 58
32 -12 -44 32 -88 -120
32 -12 0 32 -88 56
32 -11 0 32 -86 54
32 -10 -42 32 -84 -116
32 -10 0 32 -84 52
32 -9 0 32 -82 50
32 -8 -40 32 -80 -112
32 -8 0 32 -80 48
32 -7 0 32 -78 46
32 -6 -38 32 -76 -108
32 -6 0 32 -76 44
32 -5 0 32 -74 42
32 -4 -36 32 -72 -104
32 -4 0 32 -72 40
32 -3 0 32 -70 38
32 -2 -34 32 -68 -100
32 -2 0 32 -68 36
32 -1 -30 32 -66 4
32 -1 -1 32 -66 4
32 -1 0 32 -66 34
32 0 -32 32 -64 -96
32 0 0 32 -64 32
32 1 0 32 -62 30
32 2 -30 32 -60 -92
32 2 0 32 -60 28
32 3 0 32 -58 26
32 4 -28 32 -56 -88
32 4 0 32 -56 24
32 5 0 32 -54 22
32 6 -26 32 -52 -84
32 6 0 32 -52 20
32 7 0 32 -50 18
32 8 -24 32 -48 -80
32 8 0 32 -48 16
32 9 0 32 -46 14
32 10 -22 32 -44 -76
32 10 0 32 -44 12
32 11 0 32 -42 10
32 12 -20 32 -40 -72
32 12 0 32 -40 8
32 13 0 32 -38 6
32 14 -18 32 -36 -68
32 14 0 32 -36 4
32 15 0 32 -34 2
32 16 -16 32 -32 -64
32 16 0 32 -32 0
32 17 0 32 -30 -2
32 18 -14 32 -28 -60
32 18 0 32 -28 -4
32 19 0 32 -26 -6
32 20 -12 32 -24 -56
32 20 0 32 -24 -8
32 21 0 32 -22 -10
32 22 -10 32 -20 -52
32 22 0 32 -20 -12
32 23 0 32 -18 -14
32 24 -8 32 -16 -48
32 24 0 32 -16 -16
32 25 0 32 -14 -18
32 26 -6 32 -12 -44
32 26 0 32 -12 -20
32 27 0 32 -10 -22
32 28 -4 32 -8 -40
32 28 0 32 -8 -24
32 29 0 32 -6 -26
32 30 -2 32 -4 -36
32 30 0 32 -4 -28
32 31 0 32 -2 -30
32 32 0 32 0 -32
32 -32 -64 33 -132 -165
32 -32 0 33 -132 99
32 -16 -16 33 -99 66
32 -16 0 33 -99 66
32 0 -32 33 -66 -99
32 0 0 33 -66 33
32 16 0 33 -33 0
32 32 0 33 0 -33
32 -32 -64 34 -136 -170
32 -32 0 34 -136 102
32 -24 0 34 -119 85
32 -16 -16 34 -102 68
32 -16 0 34 -102 68
32 -8 0 34 -85 51
32 0 -32 34 -68 -102
32 0 0 34 -68 34
32 8 0 34 -51 17
32 16 0 34 -34 0
32 24 0 34 -17 -17
32 32 0 34 0 -34
32 -32 -64 35 -140 -175
32 -32 0 35 -140 105
32 -16 -16 35 -105 70
32 -16 0 35 -105 70
32 0 -32 35 -70 -105
32 0 0 35 -70 35
32 16 0 35 -35 0
32 32 0 35 0 -35
32 -32 -64 36 -144 -180
32 -32 -6 36 -144 144
32 -32 0 36 -144 108
32 -32 6 36 -144 144
32 -28 0 36 -135 99
32 -24 0 36 -126 90
32 -20 0 36 -117 81
32 -16 -48 36 -108 -144
32 -16 -16 36 -108 72
32 -16 0 36 -108 72
32 -12 0 36 -99 63
32 -8 0 36 -90 54
32 -4 -27 36 -81 18
32 -4 -1 36 -81 18
32 -4 0 36 -81 45
32 0 -32 36 -72 -108
32 0 0 36 -72 36
32 4 0 36 -63 27
32 8 0 36 -54 18
32 12 0 36 -45 9
32 16 -16 36 -36 -72
32 16 0 36 -36 0
32 20 0 36 -27 -9
32 24 0 36 -18 -18
32 28 0 36 -9 -27
32 32 0 36 0 -36
32 -32 -64 37 -148 -185
32 -32 0 37 -148 111
32 -16 -16 37 -111 74
32 -16 0 37 -111 74
32 0 -32 37 -74 -111
32 0 0 37 -74 37
32 16 0 37 -37 0
32 32 0 37 0 -37
32 -32 -64 38 -152 -190
32 -32 0 38 -152 114
32 -24 0 38 -133 95
32 -16 -16 38 -114 76
32 -16 0 38 -114 76
32 -8 0 38 -95 57
32 0 -32 38 -76 -114
32 0 0 38 -76 38
32 8 0 38 -57 19
32 16 0 38 -38 0
32 24 0 38 -19 -19
32 32 0 38 0 -38
32 -32 -64 39 -156 -195
32 -32 0 39 -156 117
32 -16 -16 39 -117 78
32 -16 0 39 -117 78
32 0 -32 39 -78 -117
32 0 0 39 -78 39
32 16 0 39 -39 0
32 32 0 39 0 -39
32 -32 -64 40 -160 -200
32 -32 0 40 -160 120
32 -30 -7 40 -155 150
32 -30 0 40 -155 115
32 -30 5 40 -155 150
32 -28 0 40 -150 110
32 -26 0 40 -145 105
32 -24 -56 40 -140 -180
32 -24 -10 40 -140 120
32 -24 0 40 -140 100
32 -24 2 40 -140 120
32 -22 0 40 -135 95
32 -20 -8 40 -130 30
32 -20 0 40 -130 90
32 -18 0 40 -125 85
32 -16 -48 40 -120 -160
32 -16 -16 40 -120 80
32 -16 0 40 -120 80
32 -14 0 40 -115 75
32 -12 0 40 -110 70
32 -10 0 40 -105 65
32 -8 -40 40 -100 -140
32 -8 0 40 -100 60
32 -6 -25 40 -95 30
32 -6 -1 40 -95 30
32 -6 0 40 -95 55
32 -4 0 40 -90 50
32 -2 0 40 -85 45
32 0 -32 40 -80 -120
32 0 0 40 -80 40
32 2 0 40 -75 35
32 4 0 40 -70 30
32 6 0 40 -65 25
32 8 -24 40 -60 -100
32 8 0 40 -60 20
32 10 0 40 -55 15
32 12 0 40 -50 10
32 14 0 40 -45 5
32 16 -16 40 -40 -80
32 16 0 40 -40 0
32 18 0 40 -35 -5
32 20 0 40 -30 -10
32 22 0 40 -25 -15
32 24 -78 40 -20 -200
32 24 -10 40 -20 -200
32 24 -8 40 -20 -60
32 24 0 40 -20 -20
32 26 0 40 -15 -25
32 28 0 40 -10 -30
32 30 0 40 -5 -35
32 32 0 40 0 -40
32 -32 -64 41 -164 -205
32 -32 0 41 -164 123
32 -16 -16 41 -123 82
32 -16 0 41 -123 82
32 0 -32 41 -82 -123
32 0 0 41 -82 41
32 16 0 41 -41 0
32 32 0 41 0 -41
32 -32 -64 42 -168 -210
32 -32 0 42 -168 126
32 -24 0 42 -147 105
32 -16 -16 42 -126 84
32 -16 0 42 -126 84
32 -8 -21 42 -105 -252
32 -8 0 42 -105 63
32 0 -32 42 -84 -126
32 0 0 42 -84 42
32 8 0 42 -63 21
32 16 0 42 -42 0
32 24 0 42 -21 -21
32 32 0 42 0 -42
32 -32 -64 43 -172 -215
32 -32 0 43 -172 129
32 -16 -16 43 -129 86
32 -16 0 43 -129 86
32 0 -32 43 -86 -129
32 0 0 43 -86 43
32 16 0 43 -43 0
32 32 0 43 0 -43
32 -32 -64 44 -176 -220
32 -32 0 44 -176 132
32 -28 0 44 -165 121
32 -24 0 44 -154 110
32 -20 0 44 -143 99
32 -16 -48 44 -132 -176
32 -16 -16 44 -132 88
32 -16 0 44 -132 88
32 -12 0 44 -121 77
32 -8 0 44 -110 66
32 -4 0 44 -99 55
32 0 -32 44 -88 -132
32 0 0 44 -88 44
32 4 0 44 -77 33
32 8 0 44 -66 22
32 12 0 44 -55 11
32 16 -16 44 -44 -88
32 16 0 44 -44 0
32 20 0 44 -33 -11
32 24 0 44 -22 -22
32 28 0 44 -11 -33
32 32 0 44 0 -44
32 -32 -64 45 -180 -225
32 -32 0 45 -180 135
32 -16 -16 45 -135 90
32 -16 0 45 -135 90
32 0 -32 45 -90 -135
32 0 0 45 -90 45
32 16 0 45 -45 0
32 32 0 45 0 -45
32 -32 -64 46 -184 -230
32 -32 0 46 -184 138
32 -24 0 46 -161 115
32 -16 -16 46 -138 92
32 -16 0 46 -138 92
32 -8 -23 46 -115 46
32 -8 -1 46 -115 46
32 -8 0 46 -115 69
32 0 -32 46 -92 -138
32 0 0 46 -92 46
32 8 0 46 -69 23
32 16 -46 46 -46 -92
32 16 -2 46 -46 -92
32 16 0 46 -46 0
32 24 0 46 -23 -23
32 32 0 46 0 -46
32 -32 -64 47 -188 -235
32 -32 0 47 -188 141
32 -16 -16 47 -141 94
32 -16 0 47 -141 94
32 0 -32 47 -94 -141
32 0 0 47 -94 47
32 16 0 47 -47 0
32 32 0 47 0 -47
32 -32 -64 48 -192 -240
32 -32 0 48 -192 144
32 -31 0 48 -189 141
32 -30 0 48 -186 138
32 -29 0 48 -183 135
32 -28 -60 48 -180 -228
32 -28 0 48 -180 132
32 -27 0 48 -177 129
32 -26 0 48 -174 126
32 -25 0 48 -171 123
32 -24 -56 48 -168 -216
32 -24 0 48 -168 120
32 -23 0 48 -165 117
32 -22 0 48 -162 114
32 -21 0 48 -159 111
32 -20 -52 48 -156 -204
32 -20 0 48 -156 108
32 -19 0 48 -153 105
32 -18 0 48 -150 102
32 -17 0 48 -147 99
32 -16 -48 48 -144 -192
32 -16 -16 48 -144 96
32 -16 0 48 -144 96
32 -15 0 48 -141 93
32 -14 0 48 -138 90
32 -13 0 48 -135 87
32 -12 -44 48 -132 -180
32 -12 0 48 -132 84
32 -11 0 48 -129 81
32 -10 0 48 -126 78
32 -9 0 48 -123 75
32 -8 -40 48 -120 -168
32 -8 0 48 -120 72
32 -7 0 48 -117 69
32 -6 0 48 -114 66
32 -5 0 48 -111 63
32 -4 -36 48 -108 -156
32 -4 0 48 -108 60
32 -3 0 48 -105 57
32 -2 0 48 -102 54
32 -1 0 48 -99 51
32 0 -32 48 -96 -144
32 0 0 48 -96 48
32 1 0 48 -93 45
32 2 0 48 -90 42
32 3 0 48 -87 39
32 4 -28 48 -84 -132
32 4 0 48 -84 36
32 5 0 48 -81 33
32 6 0 48 -78 30
32 7 0 48 -75 27
32 8 -24 48 -72 -120
32 8 0 48 -72 24
32 9 0 48 -69 21
32 10 0 48 -66 18
32 11 0 48 -63 15
32 12 -42 48 -60 -72
32 12 -20 48 -60 -108
32 12 -2 48 -60 -72
32 12 0 48 -60 12
32 13 0 48 -57 9
32 14 0 48 -54 6
32 15 0 48 -51 3
32 16 -16 48 -48 -96
32 16 0 48 -48 0
32 17 0 48 -45 -3
32 18 0 48 -42 -6
32 19 0 48 -39 -9
32 20 -12 48 -36 -84
32 20 0 48 -36 -12
32 21 0 48 -33 -15
32 22 0 48 -30 -18
32 23 0 48 -27 -21
32 24 -8 48 -24 -72
32 24 0 48 -24 -24
32 25 0 48 -21 -27
32 26 0 48 -18 -30
32 27 0 48 -15 -33
32 28 -4 48 -12 -60
32 28 0 48 -12 -36
32 29 0 48 -9 -39
32 30 0 48 -6 -42
32 31 0 48 -3 -45
32 32 0 48 0 -48
32 -32 -64 49 -196 -245
32 -32 -7 49 -196 196
32 -32 0 49 -196 147
32 -32 7 49 -196 196
32 -16 -16 49 -147 98
32 -16 0 49 -147 98
32 0 -32 49 -98 -147
32 0 0 49 -98 49
32 16 0 49 -49 0
32 32 0 49 0 -49
32 -32 -64 50 -200 -250
32 -32 0 50 -200 150
32 -24 0 50 -175 125
32 -16 -16 50 -150 100
32 -16 0 50 -150 100
32 -8 0 50 -125 75
32 0 -32 50 -100 -150
32 0 0 50 -100 50
32 8 0 50 -75 25
32 16 0 50 -50 0
32 24 0 50 -25 -25
32 32 0 50 0 -50
33 -33 -66 -50 200 250
33 -33 0 -50 200 -150
33 0 -33 -50 100 150
33 0 0 -50 100 -50
33 33 0 -50 0 50
33 -33 -66 -49 196 245
33 -33 0 -49 196 -147
33 0 -33 -49 98 147
33 0 0 -49 98 -49
33 33 0 -49 0 49
33 -33 -66 -48 192 240
33 -33 0 -48 192 -144
33 -22 0 -48 160 -112
33 -11 0 -48 128 -80
33 0 -33 -48 96 144
33 0 0 -48 96 -48
33 11 0 -48 64 -16
33 22 0 -48 32 16
33 33 0 -48 0 48
33 -33 -66 -47 188 235
33 -33 0 -47 188 -141
33 0 -33 -47 94 141
33 0 0 -47 94 -47
33 33 0 -47 0 47
33 -33 -66 -46 184 230
33 -33 0 -46 184 -138
33 0 -33 -46 92 138
33 0 0 -46 92 -46
33 33 0 -46 0 46
33 -33 -66 -45 180 225
33 -33 0 -45 180 -135
33 -22 0 -45 150 -105
33 -11 0 -45 120 -75
33 0 -33 -45 90 135
33 0 0 -45 90 -45
33 11 0 -45 60 -15
33 22 0 -45 30 15
33 33 0 -45 0 45
33 -33 -66 -44 176 220
33 -33 0 -44 176 -132
33 -30 0 -44 168 -124
33 -27 0 -44 160 -116
33 -24 -5 -44 152 -128
33 -24 -4 -44 152 -128
33 -24 0 -44 152 -108
33 -21 0 -44 144 -100
33 -18 0 -44 136 -92
33 -15 0 -44 128 -84
33 -12 0 -44 120 -76
33 -9 0 -44 112 -68
33 -6 -28 -44 104 -32
33 -6 0 -44 104 -60
33 -6 1 -44 104 -32
33 -3 0 -44 96 -52
33 0 -33 -44 88 132
33 0 0 -44 88 -44
33 3 0 -44 80 -36
33 6 0 -44 72 -28
33 9 0 -44 64 -20
33 12 0 -44 56 -12
33 15 0 -44 48 -4
33 18 0 -44 40 4
33 21 0 -44 32 12
33 24 0 -44 24 20
33 27 0 -44 16 28
33 30 0 -44 8 36
33 33 0 -44 0 44
33 -33 -66 -43 172 215
33 -33 0 -43 172 -129
33 0 -33 -43 86 129
33 0 0 -43 86 -43
33 33 0 -43 0 43
33 -33 -66 -42 168 210
33 -33 0 -42 168 -126
33 -22 0 -42 140 -98
33 -11 0 -42 112 -70
33 0 -33 -42 84 126
33 0 0 -42 84 -42
33 11 0 -42 56 -14
33 22 0 -42 28 14
33 33 0 -42 0 42
33 -33 -66 -41 164 205
33 -33 0 -41 164 -123
33 0 -33 -41 82 123
33 0 0 -41 82 -41
33 33 0 -41 0 41
33 -33 -66 -40 160 200
33 -33 0 -40 160 -120
33 0 -33 -40 80 120
33 0 0 -40 80 -40
33 33 0 -40 0 40
33 -33 -66 -39 156 195
33 -33 0 -39 156 -117
33 -22 0 -39 130 -91
33 -11 0 -39 104 -65
33 0 -33 -39 78 117
33 0 0 -39 78 -39
33 11 0 -39 52 -13
33 22 0 -39 26 13
33 33 0 -39 0 39
33 -33 -66 -38 152 190
33 -33 0 -38 152 -114
33 0 -33 -38 76 114
33 0 0 -38 76 -38
33 33 0 -38 0 38
33 -33 -66 -37 148 185
33 -33 0 -37 148 -111
33 0 -33 -37 74 111
33 0 0 -37 74 -37
33 33 0 -37 0 37
33 -33 -66 -36 144 180
33 -33 0 -36 144 -108
33 -22 0 -36 120 -84
33 -11 0 -36 96 -60
33 0 -33 -36 72 108
33 0 0 -36 72 -36
33 11 0 -36 48 -12
33 22 0 -36 24 12
33 33 0 -36 0 36
33 -33 -66 -35 140 175
33 -33 0 -35 140 -105
33 0 -33 -35 70 105
33 0 0 -35 70 -35
33 33 0 -35 0 35
33 -33 -68 -34 136 -102
33 -33 -66 -34 136 170
33 -33 0 -34 136 -102
33 -33 2 -34 136 -102
33 0 -136 -34 68 102
33 0 -34 -34 68 0
33 0 -33 -34 68 102
33 0 0 -34 68 -34
33 0 1 -34 68 0
33 0 4 -34 68 102
33 0 9 -34 68 272
33 33 0 -34 0 34
33 -33 -66 -33 132 165
33 -33 0 -33 132 -99
33 -32 0 -33 130 -97
33 -31 0 -33 128 -95
33 -30 0 -33 126 -93
33 -29 0 -33 124 -91
33 -28 0 -33 122 -89
33 -27 0 -33 120 -87
33 -26 0 -33 118 -85
33 -25 0 -33 116 -83
33 -24 0 -33 114 -81
33 -23 0 -33 112 -79
33 -22 0 -33 110 -77
33 -21 0 -33 108 -75
33 -20 0 -33 106 -73
33 -19 0 -33 104 -71
33 -18 0 -33 102 -69
33 -17 0 -33 100 -67
33 -16 0 -33 98 -65
33 -15 0 -33 96 -63
33 -14 0 -33 94 -61
33 -13 0 -33 92 -59
33 -12 0 -33 90 -57
33 -11 0 -33 88 -55
33 -10 0 -33 86 -53
33 -9 0 -33 84 -51
33 -8 0 -33 82 -49
33 -7 0 -33 80 -47
33 -6 0 -33 78 -45
33 -5 0 -33 76 -43
33 -4 0 -33 74 -41
33 -3 0 -33 72 -39
33 -2 0 -33 70 -37
33 -1 0 -33 68 -35
33 0 -33 -33 66 99
33 0 0 -33 66 -33
33 1 -35 -33 64 4
33 1 0 -33 64 -31
33 1 1 -33 64 4
33 2 0 -33 62 -29
33 3 0 -33 60 -27
33 4 0 -33 58 -25
33 5 0 -33 56 -23
33 6 0 -33 54 -21
33 7 0 -33 52 -19
33 8 0 -33 50 -17
33 9 0 -33 48 -15
33 10 0 -33 46 -13
33 11 0 -33 44 -11
33 12 0 -33 42 -9
33 13 0 -33 40 -7
33 14 0 -33 38 -5
33 15 0 -33 36 -3
33 16 0 -33 34 -1
33 17 0 -33 32 1
33 18 0 -33 30 3
33 19 0 -33 28 5
33 20 0 -33 26 7
33 21 0 -33 24 9
33 22 0 -33 22 11
33 23 0 -33 20 13
33 24 0 -33 18 15
33 25 0 -33 16 17
33 26 0 -33 14 19
33 27 0 -33 12 21
33 28 0 -33 10 23
33 29 0 -33 8 25
33 30 0 -33 6 27
33 31 0 -33 4 29
33 32 0 -33 2 31
33 33 0 -33 0 33
33 -33 -66 -32 128 160
33 -33 0 -32 128 -96
33 0 -33 -32 64 96
33 0 0 -32 64 -32
33 33 0 -32 0 32
33 -33 -66 -31 124 155
33 -33 0 -31 124 -93
33 0 -33 -31 62 93
33 0 0 -31 62 -31
33 33 0 -31 0 31
33 -33 -66 -30 120 150
33 -33 0 -30 120 -90
33 -22 -10 -30 100 -80
33 -22 -1 -30 100 -80
33 -22 0 -30 100 -70
33 -11 0 -30 80 -50
33 0 -33 -30 60 90
33 0 0 -30 60 -30
33 11 0 -30 40 -10
33 22 0 -30 20 10
33 33 0 -30 0 30
33 -33 -66 -29 116 145
33 -33 0 -29 116 -87
33 0 -33 -29 58 87
33 0 0 -29 58 -29
33 33 0 -29 0 29
33 -33 -66 -28 112 140
33 -33 0 -28 112 -84
33 0 -33 -28 56 84
33 0 0 -28 56 -28
33 33 0 -28 0 28
33 -33 -66 -27 108 135
33 -33 0 -27 108 -81
33 -22 0 -27 90 -63
33 -11 0 -27 72 -45
33 0 -33 -27 54 81
33 0 0 -27 54 -27
33 11 -45 -27 36 36
33 11 0 -27 36 -9
33 11 1 -27 36 36
33 22 0 -27 18 9
33 33 0 -27 0 27
33 -33 -66 -26 104 130
33 -33 0 -26 104 -78
33 0 -33 -26 52 78
33 0 0 -26 52 -26
33 33 0 -26 0 26
33 -33 -66 -25 100 125
33 -33 0 -25 100 -75
33 0 -33 -25 50 75
33 0 0 -25 50 -25
33 33 0 -25 0 25
33 -33 -66 -24 96 120
33 -33 0 -24 96 -72
33 -22 0 -24 80 -56
33 -11 0 -24 64 -40
33 0 -33 -24 48 72
33 0 0 -24 48 -24
33 11 0 -24 32 -8
33 22 -56 -24 16 64
33 22 0 -24 16 8
33 22 1 -24 16 64
33 33 0 -24 0 24
33 -33 -66 -23 92 115
33 -33 0 -23 92 -69
33 0 -33 -23 46 69
33 0 0 -23 46 -23
33 33 0 -23 0 23
33 -33 -66 -22 88 110
33 -33 0 -22 88 -66
33 -30 0 -22 84 -62
33 -27 0 -22 80 -58
33 -24 0 -22 76 -54
33 -21 0 -22 72 -50
33 -18 0 -22 68 -46
33 -15 0 -22 64 -42
33 -12 0 -22 60 -38
33 -9 0 -22 56 -34
33 -6 0 -22 52 -30
33 -3 0 -22 48 -26
33 0 -33 -22 44 66
33 0 0 -22 44 -22
33 3 0 -22 40 -18
33 6 0 -22 36 -14
33 9 0 -22 32 -10
33 12 0 -22 28 -6
33 15 0 -22 24 -2
33 18 0 -22 20 2
33 21 0 -22 16 6
33 24 0 -22 12 10
33 27 0 -22 8 14
33 30 0 -22 4 18
33 33 0 -22 0 22
33 -33 -66 -21 84 105
33 -33 0 -21 84 -63
33 -22 0 -21 70 -49
33 -11 0 -21 56 -35
33 0 -33 -21 42 63
33 0 0 -21 42 -21
33 11 0 -21 28 -7
33 22 0 -21 14 7
33 33 0 -21 0 21
33 -33 -66 -20 80 100
33 -33 0 -20 80 -60
33 0 -133 -20 40 160
33 0 -33 -20 40 60
33 0 -32 -20 40 160
33 0 0 -20 40 -20
33 33 0 -20 0 20
33 -33 -199 -19 76 228
33 -33 -66 -19 76 95
33 -33 -65 -19 76 228
33 -33 0 -19 76 -57
33 0 -33 -19 38 57
33 0 0 -19 38 -19
33 33 0 -19 0 19
33 -33 -66 -18 72 90
33 -33 0 -18 72 -54
33 -22 0 -18 60 -42
33 -11 0 -18 48 -30
33 0 -33 -18 36 54
33 0 0 -18 36 -18
33 11 0 -18 24 -6
33 22 0 -18 12 6
33 33 0 -18 0 18
33 -33 -66 -17 68 85
33 -33 0 -17 68 -51
33 0 -33 -17 34 51
33 0 0 -17 34 -17
33 33 0 -17 0 17
33 -33 -66 -16 64 80
33 -33 0 -16 64 -48
33 0 -33 -16 32 48
33 0 0 -16 32 -16
33 33 0 -16 0 16
33 -33 -66 -15 60 75
33 -33 0 -15 60 -45
33 -22 0 -15 50 -35
33 -11 0 -15 40 -25
33 0 -33 -15 30 45
33 0 0 -15 30 -15
33 11 0 -15 20 -5
33 22 0 -15 10 5
33 33 0 -15 0 15
33 -33 -66 -14 56 70
33 -33 0 -14 56 -42
33 0 -33 -14 28 42
33 0 0 -14 28 -14
33 33 0 -14 0 14
33 -33 -66 -13 52 65
33 -33 0 -13 52 -39
33 0 -33 -13 26 39
33 0 0 -13 26 -13
33 33 0 -13 0 13
33 -33 -66 -12 48 60
33 -33 0 -12 48 -36
33 -22 0 -12 40 -28
33 -11 0 -12 32 -20
33 0 -33 -12 24 36
33 0 0 -12 24 -12
33 11 0 -12 16 -4
33 22 0 -12 8 4
33 33 0 -12 0 12
33 -33 -66 -11 44 55
33 -33 0 -11 44 -33
33 -30 0 -11 42 -31
33 -27 0 -11 40 -29
33 -24 0 -11 38 -27
33 -21 0 -11 36 -25
33 -18 0 -11 34 -23
33 -15 0 -11 32 -21
33 -12 0 -11 30 -19
33 -9 0 -11 28 -17
33 -6 0 -11 26 -15
33 -3 0 -11 24 -13
33 0 -33 -11 22 33
33 0 0 -11 22 -11
33 3 0 -11 20 -9
33 6 0 -11 18 -7
33 9 0 -11 16 -5
33 12 0 -11 14 -3
33 15 0 -11 12 -1
33 18 0 -11 10 1
33 21 0 -11 8 3
33 24 0 -11 6 5
33 27 0 -11 4 7
33 30 0 -11 2 9
33 33 0 -11 0 11
33 -33 -66 -10 40 50
33 -33 0 -10 40 -30
33 0 -33 -10 20 30
33 0 0 -10 20 -10
33 33 0 -10 0 10
33 -33 -66 -9 36 45
33 -33 0 -9 36 -27
33 -22 0 -9 30 -21
33 -11 0 -9 24 -15
33 0 -33 -9 18 27
33 0 0 -9 18 -9
33 11 0 -9 12 -3
33 22 0 -9 6 3
33 33 0 -9 0 9
33 33 9 -9 0 0
33 -33 -66 -8 32 40
33 -33 0 -8 32 -24
33 0 -33 -8 16 24
33 0 0 -8 16 -8
33 33 0 -8 0 8
33 -33 -66 -7 28 35
33 -33 0 -7 28 -21
33 0 -33 -7 14 21
33 0 0 -7 14 -7
33 33 0 -7 0 7
33 -33 -66 -6 24 30
33 -33 0 -6 24 -18
33 -22 0 -6 20 -14
33 -11 0 -6 16 -10
33 0 -33 -6 12 18
33 0 0 -6 12 -6
33 11 0 -6 8 -2
33 22 0 -6 4 2
33 33 0 -6 0 6
33 -33 -66 -5 20 25
33 -33 0 -5 20 -15
33 0 -33 -5 10 15
33 0 0 -5 10 -5
33 33 0 -5 0 5
33 -33 -66 -4 16 20
33 -33 0 -4 16 -12
33 0 -33 -4 8 12
33 0 0 -4 8 -4
33 33 0 -4 0 4
33 -33 -66 -3 12 15
33 -33 0 -3 12 -9
33 -22 0 -3 10 -7
33 -11 0 -3 8 -5
33 0 -33 -3 6 9
33 0 0 -3 6 -3
33 11 0 -3 4 -1
33 22 0 -3 2 1
33 33 0 -3 0 3
33 -33 -66 -2 8 10
33 -33 0 -2 8 -6
33 0 -33 -2 4 6
33 0 0 -2 4 -2
33 33 0 -2 0 2
33 -33 -66 -1 4 5
33 -33 0 -1 4 -3
33 0 -33 -1 2 3
33 0 0 -1 2 -1
33 33 0 -1 0 1
33 -33 -66 1 -4 -5
33 -33 -1 1 -4 4
33 -33 0 1 -4 3
33 -33 1 1 -4 4
33 0 -33 1 -2 -3
33 0 0 1 -2 1
33 33 0 1 0 -1
33 -33 -66 2 -8 -10
33 -33 0 2 -8 6
33 0 -33 2 -4 -6
33 0 0 2 -4 2
33 33 0 2 0 -2
33 -33 -66 3 -12 -15
33 -33 0 3 -12 9
33 -22 0 3 -10 7
33 -11 0 3 -8 5
33 0 -33 3 -6 -9
33 0 0 3 -6 3
33 11 0 3 -4 1
33 22 0 3 -2 -1
33 33 0 3 0 -3
33 -33 -66 4 -16 -20
33 -33 -2 4 -16 16
33 -33 0 4 -16 12
33 -33 2 4 -16 16
33 0 -33 4 -8 -12
33 0 0 4 -8 4
33 33 0 4 0 -4
33 -33 -66 5 -20 -25
33 -33 0 5 -20 15
33 0 -33 5 -10 -15
33 0 0 5 -10 5
33 33 0 5 0 -5
33 -33 -66 6 -24 -30
33 -33 0 6 -24 18
33 -22 0 6 -20 14
33 -11 0 6 -16 10
33 0 -33 6 -12 -18
33 0 0 6 -12 6
33 11 0 6 -8 2
33 22 0 6 -4 -2
33 33 0 6 0 -6
33 -33 -66 7 -28 -35
33 -33 0 7 -28 21
33 0 -33 7 -14 -21
33 0 0 7 -14 7
33 33 0 7 0 -7
33 -33 -66 8 -32 -40
33 -33 0 8 -32 24
33 0 -33 8 -16 -24
33 0 0 8 -16 8
33 33 0 8 0 -8
33 -33 -66 9 -36 -45
33 -33 -3 9 -36 36
33 -33 0 9 -36 27
33 -33 3 9 -36 36
33 -22 0 9 -30 21
33 -11 0 9 -24 15
33 0 -33 9 -18 -27
33 0 0 9 -18 9
33 11 0 9 -12 3
33 22 0 9 -6 -3
33 33 0 9 0 -9
33 -33 -66 10 -40 -50
33 -33 0 10 -40 30
33 0 -33 10 -20 -30
33 0 0 10 -20 10
33 33 0 10 0 -10
33 -33 -66 11 -44 -55
33 -33 0 11 -44 33
33 -30 0 11 -42 31
33 -27 -7 11 -40 36
33 -27 0 11 -40 29
33 -27 1 11 -40 36
33 -24 0 11 -38 27
33 -21 0 11 -36 25
33 -18 0 11 -34 23
33 -15 0 11 -32 21
33 -12 0 11 -30 19
33 -9 0 11 -28 17
33 -6 0 11 -26 15
33 -3 0 11 -24 13
33 0 -33 11 -22 -33
33 0 0 11 -22 11
33 3 0 11 -20 9
33 6 0 11 -18 7
33 9 0 11 -16 5
33 12 0 11 -14 3
33 15 0 11 -12 1
33 18 0 11 -10 -1
33 21 0 11 -8 -3
33 24 0 11 -6 -5
33 27 0 11 -4 -7
33 30 0 11 -2 -9
33 33 0 11 0 -11
33 -33 -66 12 -48 -60
33 -33 0 12 -48 36
33 -22 0 12 -40 28
33 -11 0 12 -32 20
33 0 -33 12 -24 -36
33 0 0 12 -24 12
33 11 0 12 -16 4
33 22 0 12 -8 -4
33 33 0 12 0 -12
33 -33 -66 13 -52 -65
33 -33 0 13 -52 39
33 0 -33 13 -26 -39
33 0 0 13 -26 13
33 33 0 13 0 -13
33 -33 -66 14 -56 -70
33 -33 0 14 -56 42
33 0 -33 14 -28 -42
33 0 0 14 -28 14
33 33 0 14 0 -14
33 -33 -66 15 -60 -75
33 -33 0 15 -60 45
33 -22 0 15 -50 35
33 -11 0 15 -40 25
33 0 -33 15 -30 -45
33 0 0 15 -30 15
33 11 0 15 -20 5
33 22 0 15 -10 -5
33 33 0 15 0 -15
33 -33 -66 16 -64 -80
33 -33 -4 16 -64 64
33 -33 0 16 -64 48
33 -33 4 16 -64 64
33 0 -33 16 -32 -48
33 0 0 16 -32 16
33 33 0 16 0 -16
33 -33 -66 17 -68 -85
33 -33 0 17 -68 51
33 0 -33 17 -34 -51
33 0 0 17 -34 17
33 33 0 17 0 -17
33 -33 -66 18 -72 -90
33 -33 0 18 -72 54
33 -22 0 18 -60 42
33 -11 0 18 -48 30
33 0 -33 18 -36 -54
33 0 0 18 -36 18
33 11 0 18 -24 6
33 22 0 18 -12 -6
33 33 0 18 0 -18
33 -33 -66 19 -76 -95
33 -33 0 19 -76 57
33 0 -33 19 -38 -57
33 0 0 19 -38 19
33 33 0 19 0 -19
33 -33 -66 20 -80 -100
33 -33 0 20 -80 60
33 0 -33 20 -40 -60
33 0 0 20 -40 20
33 33 0 20 0 -20
33 -33 -66 21 -84 -105
33 -33 0 21 -84 63
33 -22 0 21 -70 49
33 -11 0 21 -56 35
33 0 -33 21 -42 -63
33 0 0 21 -42 21
33 11 0 21 -28 7
33 22 0 21 -14 -7
33 33 0 21 0 -21
33 -33 -66 22 -88 -110
33 -33 0 22 -88 66
33 -30 -6 22 -84 80
33 -30 0 22 -84 62
33 -30 3 22 -84 80
33 -27 0 22 -80 58
33 -24 -10 22 -76 64
33 -24 0 22 -76 54
33 -24 1 22 -76 64
33 -21 0 22 -72 50
33 -18 0 22 -68 46
33 -15 0 22 -64 42
33 -12 0 22 -60 38
33 -9 0 22 -56 34
33 -6 0 22 -52 30
33 -3 0 22 -48 26
33 0 -33 22 -44 -66
33 0 0 22 -44 22
33 3 0 22 -40 18
33 6 0 22 -36 14
33 9 0 22 -32 10
33 12 0 22 -28 6
33 15 0 22 -24 2
33 18 0 22 -20 -2
33 21 0 22 -16 -6
33 24 0 22 -12 -10
33 27 0 22 -8 -14
33 30 -62 22 -4 -80
33 30 -1 22 -4 -80
33 30 0 22 -4 -18
33 33 0 22 0 -22
33 -33 -66 23 -92 -115
33 -33 0 23 -92 69
33 0 -33 23 -46 -69
33 0 0 23 -46 23
33 33 0 23 0 -23
33 -33 -66 24 -96 -120
33 -33 0 24 -96 72
33 -22 0 24 -80 56
33 -11 0 24 -64 40
33 0 -33 24 -48 -72
33 0 0 24 -48 24
33 11 0 24 -32 8
33 22 0 24 -16 -8
33 33 0 24 0 -24
33 -33 -66 25 -100 -125
33 -33 -5 25 -100 100
33 -33 0 25 -100 75
33 -33 5 25 -100 100
33 0 -33 25 -50 -75
33 0 0 25 -50 25
33 33 0 25 0 -25
33 -33 -66 26 -104 -130
33 -33 0 26 -104 78
33 0 -33 26 -52 -78
33 0 0 26 -52 26
33 33 0 26 0 -26
33 -33 -66 27 -108 -135
33 -33 0 27 -108 81
33 -22 0 27 -90 63
33 -11 0 27 -72 45
33 0 -33 27 -54 -81
33 0 0 27 -54 27
33 11 0 27 -36 9
33 22 0 27 -18 -9
33 33 0 27 0 -27
33 -33 -66 28 -112 -140
33 -33 0 28 -112 84
33 0 -33 28 -56 -84
33 0 0 28 -56 28
33 33 0 28 0 -28
33 -33 -66 29 -116 -145
33 -33 0 29 -116 87
33 0 -33 29 -58 -87
33 0 0 29 -58 29
33 33 0 29 0 -29
33 -33 -66 30 -120 -150
33 -33 0 30 -120 90
33 -22 0 30 -100 70
33 -11 0 30 -80 50
33 0 -33 30 -60 -90
33 0 0 30 -60 30
33 11 0 30 -40 10
33 22 0 30 -20 -10
33 33 0 30 0 -30
33 -33 -66 31 -124 -155
33 -33 0 31 -124 93
33 0 -33 31 -62 -93
33 0 0 31 -62 31
33 33 0 31 0 -31
33 -33 -66 32 -128 -160
33 -33 -64 32 -128 96
33 -33 -2 32 -128 96
33 -33 0 32 -128 96
33 0 -200 32 -64 -168
33 0 -128 32 -64 -96
33 0 -72 32 -64 -40
33 0 -33 32 -64 -96
33 0 -32 32 -64 0
33 0 -9 32 -64 -256
33 0 -8 32 -64 24
33 0 -4 32 -64 -96
33 0 -1 32 -64 0
33 0 0 32 -64 32
33 33 0 32 0 -32
33 -33 -66 33 -132 -165
33 -33 0 33 -132 99
33 -32 0 33 -130 97
33 -31 0 33 -128 95
33 -30 0 33 -126 93
33 -29 0 33 -124 91
33 -28 0 33 -122 89
33 -27 0 33 -120 87
33 -26 0 33 -118 85
33 -25 0 33 -116 83
33 -24 0 33 -114 81
33 -23 0 33 -112 79
33 -22 0 33 -110 77
33 -21 0 33 -108 75
33 -20 0 33 -106 73
33 -19 0 33 -104 71
33 -18 0 33 -102 69
33 -17 0 33 -100 67
33 -16 0 33 -98 65
33 -15 0 33 -96 63
33 -14 0 33 -94 61
33 -13 0 33 -92 59
33 -12 0 33 -90 57
33 -11 0 33 -88 55
33 -10 0 33 -86 53
33 -9 0 33 -84 51
33 -8 0 33 -82 49
33 -7 0 33 -80 47
33 -6 0 33 -78 45
33 -5 0 33 -76 43
33 -4 0 33 -74 41
33 -3 0 33 -72 39
33 -2 0 33 -70 37
33 -1 -31 33 -68 4
33 -1 -1 33 -68 4
33 -1 0 33 -68 35
33 0 -33 33 -66 -99
33 0 0 33 -66 33
33 1 0 33 -64 31
33 2 0 33 -62 29
33 3 0 33 -60 27
33 4 0 33 -58 25
33 5 0 33 -56 23
33 6 0 33 -54 21
33 7 0 33 -52 19
33 8 0 33 -50 17
33 9 0 33 -48 15
33 10 0 33 -46 13
33 11 0 33 -44 11
33 12 0 33 -42 9
33 13 0 33 -40 7
33 14 0 33 -38 5
33 15 0 33 -36 3
33 16 0 33 -34 1
33 17 0 33 -32 -1
33 18 0 33 -30 -3
33 19 0 33 -28 -5
33 20 0 33 -26 -7
33 21 0 33 -24 -9
33 22 0 33 -22 -11
33 23 0 33 -20 -13
33 24 0 33 -18 -15
33 25 0 33 -16 -17
33 26 0 33 -14 -19
33 27 0 33 -12 -21
33 28 0 33 -10 -23
33 29 0 33 -8 -25
33 30 0 33 -6 -27
33 31 0 33 -4 -29
33 32 0 33 -2 -31
33 33 0 33 0 -33
33 -33 -66 34 -136 -170
33 -33 0 34 -136 102
33 0 -33 34 -68 -102
33 0 0 34 -68 34
33 33 0 34 0 -34
33 -33 -66 35 -140 -175
33 -33 0 35 -140 105
33 0 -33 35 -70 -105
33 0 0 35 -70 35
33 33 0 35 0 -35
33 -33 -66 36 -144 -180
33 -33 -6 36 -144 144
33 -33 0 36 -144 108
33 -33 6 36 -144 144
33 -22 -12 36 -120 96
33 -22 -8 36 -120 36
33 -22 0 36 -120 84
33 -22 1 36 -120 96
33 -11 0 36 -96 60
33 0 -33 36 -72 -108
33 0 0 36 -72 36
33 11 0 36 -48 12
33 22 0 36 -24 -12
33 33 0 36 0 -36
33 -33 -66 37 -148 -185
33 -33 0 37 -148 111
33 0 -33 37 -74 -111
33 0 0 37 -74 37
33 33 0 37 0 -37
33 -33 -66 38 -152 -190
33 -33 0 38 -152 114
33 0 -33 38 -76 -114
33 0 0 38 -76 38
33 33 0 38 0 -38
33 -33 -66 39 -156 -195
33 -33 0 39 -156 117
33 -22 0 39 -130 91
33 -11 0 39 -104 65
33 0 -33 39 -78 -117
33 0 0 39 -78 39
33 11 0 39 -52 13
33 22 0 39 -26 -13
33 33 0 39 0 -39
33 -33 -66 40 -160 -200
33 -33 0 40 -160 120
33 0 -33 40 -80 -120
33 0 0 40 -80 40
33 33 0 40 0 -40
33 -33 -66 41 -164 -205
33 -33 0 41 -164 123
33 0 -33 41 -82 -123
33 0 0 41 -82 41
33 33 0 41 0 -41
33 -33 -66 42 -168 -210
33 -33 0 42 -168 126
33 -22 0 42 -140 98
33 -11 0 42 -112 70
33 0 -33 42 -84 -126
33 0 0 42 -84 42
33 11 0 42 -56 14
33 22 0 42 -28 -14
33 33 0 42 0 -42
33 -33 -66 43 -172 -215
33 -33 0 43 -172 129
33 0 -33 43 -86 -129
33 0 0 43 -86 43
33 33 0 43 0 -43
33 -33 -66 44 -176 -220
33 -33 0 44 -176 132
33 -30 0 44 -168 124
33 -27 0 44 -160 116
33 -24 0 44 -152 108
33 -21 0 44 -144 100
33 -18 0 44 -136 92
33 -15 0 44 -128 84
33 -12 0 44 -120 76
33 -9 0 44 -112 68
33 -6 0 44 -104 60
33 -3 0 44 -96 52
33 0 -33 44 -88 -132
33 0 0 44 -88 44
33 3 0 44 -80 36
33 6 0 44 -72 28
33 9 0 44 -64 20
33 12 0 44 -56 12
33 15 0 44 -48 4
33 18 0 44 -40 -4
33 21 0 44 -32 -12
33 24 0 44 -24 -20
33 27 -58 44 -16 -144
33 27 -2 44 -16 -144
33 27 0 44 -16 -28
33 30 0 44 -8 -36
33 33 0 44 0 -44
33 -33 -66 45 -180 -225
33 -33 0 45 -180 135
33 -22 0 45 -150 105
33 -11 0 45 -120 75
33 0 -33 45 -90 -135
33 0 0 45 -90 45
33 11 0 45 -60 15
33 22 0 45 -30 -15
33 33 0 45 0 -45
33 -33 -66 46 -184 -230
33 -33 0 46 -184 138
33 0 -33 46 -92 -138
33 0 0 46 -92 46
33 33 0 46 0 -46
33 -33 -66 47 -188 -235
33 -33 0 47 -188 141
33 0 -33 47 -94 -141
33 0 0 47 -94 47
33 33 0 47 0 -47
33 -33 -66 48 -192 -240
33 -33 0 48 -192 144
33 -22 0 48 -160 112
33 -11 0 48 -128 80
33 0 -33 48 -96 -144
33 0 0 48 -96 48
33 11 0 48 -64 16
33 22 0 48 -32 -16
33 33 0 48 0 -48
33 -33 -66 49 -196 -245
33 -33 -7 49 -196 196
33 -33 0 49 -196 147
33 -33 7 49 -196 196
33 0 -33 49 -98 -147
33 0 0 49 -98 49
33 33 0 49 0 -49
33 -33 -66 50 -200 -250
33 -33 0 50 -200 150
33 0 -33 50 -100 -150
33 0 0 50 -100 50
33 33 0 50 0 -50
34 -34 -68 -50 200 250
34 -34 0 -50 200 -150
34 -17 -17 -50 150 -100
34 -17 0 -50 150 -100
34 0 -34 -50 100 150
34 0 0 -50 100 -50
34 17 0 -50 50 0
34 34 0 -50 0 50
34 -34 -68 -49 196 245
34 -34 0 -49 196 -147
34 -17 -17 -49 147 -98
34 -17 0 -49 147 -98
34 0 -34 -49 98 147
34 0 0 -49 98 -49
34 17 0 -49 49 0
34 34 0 -49 0 49
34 -34 -68 -48 192 240
34 -34 0 -48 192 -144
34 -17 -17 -48 144 -96
34 -17 0 -48 144 -96
34 0 -34 -48 96 144
34 0 0 -48 96 -48
34 17 0 -48 48 0
34 34 0 -48 0 48
34 -34 -68 -47 188 235
34 -34 0 -47 188 -141
34 -17 -51 -47 141 188
34 -17 -17 -47 141 -94
34 -17 0 -47 141 -94
34 0 -34 -47 94 141
34 0 0 -47 94 -47
34 17 -17 -47 47 94
34 17 0 -47 47 0
34 34 0 -47 0 47
34 -34 -68 -46 184 230
34 -34 0 -46 184 -138
34 -17 -17 -46 138 -92
34 -17 0 -46 138 -92
34 0 -34 -46 92 138
34 0 0 -46 92 -46
34 17 0 -46 46 0
34 34 0 -46 0 46
34 -34 -68 -45 180 225
34 -34 0 -45 180 -135
34 -17 -17 -45 135 -90
34 -17 0 -45 135 -90
34 0 -34 -45 90 135
34 0 0 -45 90 -45
34 17 0 -45 45 0
34 34 0 -45 0 45
34 -34 -68 -44 176 220
34 -34 0 -44 176 -132
34 -17 -17 -44 132 -88
34 -17 0 -44 132 -88
34 0 -34 -44 88 132
34 0 0 -44 88 -44
34 17 0 -44 44 0
34 34 0 -44 0 44
34 -34 -68 -43 172 215
34 -34 0 -43 172 -129
34 -17 -51 -43 129 172
34 -17 -17 -43 129 -86
34 -17 0 -43 129 -86
34 0 -34 -43 86 129
34 0 0 -43 86 -43
34 17 -17 -43 43 86
34 17 0 -43 43 0
34 34 0 -43 0 43
34 -34 -68 -42 168 210
34 -34 0 -42 168 -126
34 -17 -17 -42 126 -84
34 -17 0 -42 126 -84
34 0 -34 -42 84 126
34 0 0 -42 84 -42
34 17 0 -42 42 0
34 34 0 -42 0 42
34 -34 -68 -41 164 205
34 -34 0 -41 164 -123
34 -17 -17 -41 123 -82
34 -17 0 -41 123 -82
34 0 -34 -41 82 123
34 0 0 -41 82 -41
34 17 0 -41 41 0
34 34 0 -41 0 41
34 -34 -68 -40 160 200
34 -34 0 -40 160 -120
34 -17 -17 -40 120 -80
34 -17 0 -40 120 -80
34 0 -34 -40 80 120
34 0 0 -40 80 -40
34 17 0 -40 40 0
34 34 0 -40 0 40
34 -34 -68 -39 156 195
34 -34 0 -39 156 -117
34 -17 -51 -39 117 156
34 -17 -17 -39 117 -78
34 -17 0 -39 117 -78
34 0 -34 -39 78 117
34 0 0 -39 78 -39
34 17 -17 -39 39 78
34 17 0 -39 39 0
34 34 0 -39 0 39
34 -34 -68 -38 152 190
34 -34 0 -38 152 -114
34 -17 -17 -38 114 -76
34 -17 0 -38 114 -76
34 0 -34 -38 76 114
34 0 0 -38 76 -38
34 17 0 -38 38 0
34 34 0 -38 0 38
34 -34 -68 -37 148 185
34 -34 0 -37 148 -111
34 -17 -17 -37 111 -74
34 -17 0 -37 111 -74
34 0 -34 -37 74 111
34 0 0 -37 74 -37
34 17 0 -37 37 0
34 34 0 -37 0 37
34 -34 -68 -36 144 180
34 -34 0 -36 144 -108
34 -17 -17 -36 108 -72
34 -17 0 -36 108 -72
34 0 -34 -36 72 108
34 0 0 -36 72 -36
34 17 0 -36 36 0
34 34 0 -36 0 36
34 -34 -70 -35 140 -105
34 -34 -68 -35 140 175
34 -34 -8 -35 140 175
34 -34 0 -35 140 -105
34 -34 2 -35 140 -105
34 -34 26 -35 140 175
34 -17 -51 -35 105 140
34 -17 -17 -35 105 -70
34 -17 0 -35 105 -70
34 0 -140 -35 70 105
34 0 -35 -35 70 0
34 0 -34 -35 70 105
34 0 0 -35 70 -35
34 0 1 -35 70 0
34 0 4 -35 70 105
34 0 9 -35 70 280
34 17 -17 -35 35 70
34 17 0 -35 35 0
34 34 0 -35 0 35
34 -34 -68 -34 136 170
34 -34 0 -34 136 -102
34 -33 0 -34 134 -100
34 -32 0 -34 132 -98
34 -31 0 -34 130 -96
34 -30 0 -34 128 -94
34 -29 0 -34 126 -92
34 -28 0 -34 124 -90
34 -27 0 -34 122 -88
34 -26 0 -34 120 -86
34 -25 0 -34 118 -84
34 -24 0 -34 116 -82
34 -23 0 -34 114 -80
34 -22 0 -34 112 -78
34 -21 0 -34 110 -76
34 -20 0 -34 108 -74
34 -19 0 -34 106 -72
34 -18 0 -34 104 -70
34 -17 -17 -34 102 -68
34 -17 0 -34 102 -68
34 -16 0 -34 100 -66
34 -15 0 -34 98 -64
34 -14 0 -34 96 -62
34 -13 0 -34 94 -60
34 -12 0 -34 92 -58
34 -11 0 -34 90 -56
34 -10 0 -34 88 -54
34 -9 0 -34 86 -52
34 -8 0 -34 84 -50
34 -7 0 -34 82 -48
34 -6 0 -34 80 -46
34 -5 0 -34 78 -44
34 -4 0 -34 76 -42
34 -3 0 -34 74 -40
34 -2 0 -34 72 -38
34 -1 0 -34 70 -36
34 0 -34 -34 68 102
34 0 0 -34 68 -34
34 1 -36 -34 66 4
34 1 0 -34 66 -32
34 1 1 -34 66 4
34 2 0 -34 64 -30
34 3 0 -34 62 -28
34 4 0 -34 60 -26
34 5 0 -34 58 -24
34 6 0 -34 56 -22
34 7 0 -34 54 -20
34 8 0 -34 52 -18
34 9 0 -34 50 -16
34 10 0 -34 48 -14
34 11 0 -34 46 -12
34 12 0 -34 44 -10
34 13 0 -34 42 -8
34 14 0 -34 40 -6
34 15 0 -34 38 -4
34 16 0 -34 36 -2
34 17 0 -34 34 0
34 18 0 -34 32 2
34 19 0 -34 30 4
34 20 0 -34 28 6
34 21 0 -34 26 8
34 22 0 -34 24 10
34 23 0 -34 22 12
34 24 0 -34 20 14
34 25 0 -34 18 16
34 26 0 -34 16 18
34 27 0 -34 14 20
34 28 0 -34 12 22
34 29 0 -34 10 24
34 30 0 -34 8 26
34 31 0 -34 6 28
34 32 0 -34 4 30
34 33 0 -34 2 32
34 34 0 -34 0 34
34 -34 -68 -33 132 165
34 -34 0 -33 132 -99
34 -17 -17 -33 99 -66
34 -17 0 -33 99 -66
34 0 -34 -33 66 99
34 0 0 -33 66 -33
34 17 0 -33 33 0
34 34 0 -33 0 33
34 -34 -68 -32 128 160
34 -34 0 -32 128 -96
34 -17 -17 -32 96 -64
34 -17 0 -32 96 -64
34 0 -34 -32 64 96
34 0 0 -32 64 -32
34 17 0 -32 32 0
34 34 0 -32 0 32
34 -34 -68 -31 124 155
34 -34 0 -31 124 -93
34 -17 -51 -31 93 124
34 -17 -17 -31 93 -62
34 -17 0 -31 93 -62
34 0 -34 -31 62 93
34 0 0 -31 62 -31
34 17 -17 -31 31 62
34 17 0 -31 31 0
34 34 0 -31 0 31
34 -34 -68 -30 120 150
34 -34 0 -30 120 -90
34 -17 -17 -30 90 -60
34 -17 0 -30 90 -60
34 0 -34 -30 60 90
34 0 0 -30 60 -30
34 17 0 -30 30 0
34 34 0 -30 0 30
34 -34 -68 -29 116 145
34 -34 0 -29 116 -87
34 -17 -17 -29 87 -58
34 -17 0 -29 87 -58
34 0 -34 -29 58 87
34 0 0 -29 58 -29
34 17 0 -29 29 0
34 34 0 -29 0 29
34 -34 -68 -28 112 140
34 -34 0 -28 112 -84
34 -17 -17 -28 84 -56
34 -17 0 -28 84 -56
34 0 -34 -28 56 84
34 0 0 -28 56 -28
34 17 0 -28 28 0
34 34 0 -28 0 28
34 -34 -68 -27 108 135
34 -34 0 -27 108 -81
34 -17 -51 -27 81 108
34 -17 -17 -27 81 -54
34 -17 0 -27 81 -54
34 0 -34 -27 54 81
34 0 0 -27 54 -27
34 17 -17 -27 27 54
34 17 0 -27 27 0
34 34 0 -27 0 27
34 -34 -68 -26 104 130
34 -34 0 -26 104 -78
34 -17 -17 -26 78 -52
34 -17 0 -26 78 -52
34 0 -34 -26 52 78
34 0 0 -26 52 -26
34 17 -52 -26 26 52
34 17 0 -26 26 0
34 17 1 -26 26 52
34 34 0 -26 0 26
34 -34 -68 -25 100 125
34 -34 0 -25 100 -75
34 -17 -17 -25 75 -50
34 -17 0 -25 75 -50
34 0 -34 -25 50 75
34 0 0 -25 50 -25
34 17 0 -25 25 0
34 34 0 -25 0 25
34 -34 -68 -24 96 120
34 -34 0 -24 96 -72
34 -17 -17 -24 72 -48
34 -17 0 -24 72 -48
34 0 -34 -24 48 72
34 0 0 -24 48 -24
34 17 0 -24 24 0
34 34 0 -24 0 24
34 -34 -68 -23 92 115
34 -34 0 -23 92 -69
34 -17 -51 -23 69 92
34 -17 -17 -23 69 -46
34 -17 0 -23 69 -46
34 0 -34 -23 46 69
34 0 0 -23 46 -23
34 17 -17 -23 23 46
34 17 0 -23 23 0
34 34 -69 -23 0 92
34 34 0 -23 0 23
34 34 1 -23 0 92
34 -34 -68 -22 88 110
34 -34 0 -22 88 -66
34 -17 -17 -22 66 -44
34 -17 0 -22 66 -44
34 0 -34 -22 44 66
34 0 0 -22 44 -22
34 17 0 -22 22 0
34 34 0 -22 0 22
34 -34 -68 -21 84 105
34 -34 0 -21 84 -63
34 -17 -17 -21 63 -42
34 -17 0 -21 63 -42
34 0 -34 -21 42 63
34 0 0 -21 42 -21
34 17 0 -21 21 0
34 34 0 -21 0 21
34 -34 -68 -20 80 100
34 -34 0 -20 80 -60
34 -17 -17 -20 60 -40
34 -17 0 -20 60 -40
34 0 -34 -20 40 60
34 0 0 -20 40 -20
34 17 0 -20 20 0
34 34 0 -20 0 20
34 -34 -68 -19 76 95
34 -34 0 -19 76 -57
34 -17 -51 -19 57 76
34 -17 -17 -19 57 -38
34 -17 0 -19 57 -38
34 0 -34 -19 38 57
34 0 0 -19 38 -19
34 17 -17 -19 19 38
34 17 0 -19 19 0
34 34 0 -19 0 19
34 -34 -68 -18 72 90
34 -34 0 -18 72 -54
34 -17 -17 -18 54 -36
34 -17 0 -18 54 -36
34 0 -34 -18 36 54
34 0 0 -18 36 -18
34 17 0 -18 18 0
34 34 0 -18 0 18
34 -34 -68 -17 68 85
34 -34 0 -17 68 -51
34 -33 0 -17 67 -50
34 -32 0 -17 66 -49
34 -31 0 -17 65 -48
34 -30 0 -17 64 -47
34 -29 0 -17 63 -46
34 -28 0 -17 62 -45
34 -27 -5 -17 61 -54
34 -27 -2 -17 61 -54
34 -27 0 -17 61 -44
34 -26 0 -17 60 -43
34 -25 -8 -17 59 -50
34 -25 -1 -17 59 -50
34 -25 0 -17 59 -42
34 -24 0 -17 58 -41
34 -23 0 -17 57 -40
34 -22 0 -17 56 -39
34 -21 0 -17 55 -38
34 -20 0 -17 54 -37
34 -19 0 -17 53 -36
34 -18 0 -17 52 -35
34 -17 -17 -17 51 -34
34 -17 0 -17 51 -34
34 -16 0 -17 50 -33
34 -15 0 -17 49 -32
34 -14 0 -17 48 -31
34 -13 0 -17 47 -30
34 -12 0 -17 46 -29
34 -11 0 -17 45 -28
34 -10 0 -17 44 -27
34 -9 0 -17 43 -26
34 -8 0 -17 42 -25
34 -7 0 -17 41 -24
34 -6 0 -17 40 -23
34 -5 0 -17 39 -22
34 -4 0 -17 38 -21
34 -3 0 -17 37 -20
34 -2 0 -17 36 -19
34 -1 0 -17 35 -18
34 0 -34 -17 34 51
34 0 0 -17 34 -17
34 1 0 -17 33 -16
34 2 0 -17 32 -15
34 3 0 -17 31 -14
34 4 0 -17 30 -13
34 5 0 -17 29 -12
34 6 0 -17 28 -11
34 7 0 -17 27 -10
34 8 0 -17 26 -9
34 9 0 -17 25 -8
34 10 0 -17 24 -7
34 11 0 -17 23 -6
34 12 0 -17 22 -5
34 13 0 -17 21 -4
34 14 0 -17 20 -3
34 15 0 -17 19 -2
34 16 0 -17 18 -1
34 17 0 -17 17 0
34 18 0 -17 16 1
34 19 0 -17 15 2
34 20 0 -17 14 3
34 21 0 -17 13 4
34 22 0 -17 12 5
34 23 0 -17 11 6
34 24 0 -17 10 7
34 25 0 -17 9 8
34 26 0 -17 8 9
34 27 0 -17 7 10
34 28 0 -17 6 11
34 29 0 -17 5 12
34 30 0 -17 4 13
34 31 0 -17 3 14
34 32 0 -17 2 15
34 33 0 -17 1 16
34 34 0 -17 0 17
34 -34 -68 -16 64 80
34 -34 0 -16 64 -48
34 -17 -17 -16 48 -32
34 -17 0 -16 48 -32
34 0 -34 -16 32 48
34 0 0 -16 32 -16
34 17 0 -16 16 0
34 34 0 -16 0 16
34 -34 -68 -15 60 75
34 -34 0 -15 60 -45
34 -17 -51 -15 45 60
34 -17 -17 -15 45 -30
34 -17 0 -15 45 -30
34 0 -34 -15 30 45
34 0 0 -15 30 -15
34 17 -17 -15 15 30
34 17 0 -15 15 0
34 34 0 -15 0 15
34 -34 -68 -14 56 70
34 -34 0 -14 56 -42
34 -17 -17 -14 42 -28
34 -17 0 -14 42 -28
34 0 -34 -14 28 42
34 0 0 -14 28 -14
34 17 0 -14 14 0
34 34 0 -14 0 14
34 -34 -68 -13 52 65
34 -34 0 -13 52 -39
34 -17 -17 -13 39 -26
34 -17 0 -13 39 -26
34 0 -34 -13 26 39
34 0 0 -13 26 -13
34 17 0 -13 13 0
34 34 0 -13 0 13
34 -34 -68 -12 48 60
34 -34 0 -12 48 -36
34 -17 -17 -12 36 -24
34 -17 0 -12 36 -24
34 0 -34 -12 24 36
34 0 0 -12 24 -12
34 17 0 -12 12 0
34 34 0 -12 0 12
34 -34 -68 -11 44 55
34 -34 0 -11 44 -33
34 -17 -51 -11 33 44
34 -17 -17 -11 33 -22
34 -17 0 -11 33 -22
34 0 -34 -11 22 33
34 0 0 -11 22 -11
34 17 -17 -11 11 22
34 17 0 -11 11 0
34 34 0 -11 0 11
34 -34 -68 -10 40 50
34 -34 0 -10 40 -30
34 -17 -17 -10 30 -20
34 -17 0 -10 30 -20
34 0 -34 -10 20 30
34 0 0 -10 20 -10
34 17 0 -10 10 0
34 34 0 -10 0 10
34 -34 -68 -9 36 45
34 -34 0 -9 36 -27
34 -17 -17 -9 27 -18
34 -17 0 -9 27 -18
34 0 -34 -9 18 27
34 0 0 -9 18 -9
34 17 0 -9 9 0
34 34 0 -9 0 9
34 -34 -68 -8 32 40
34 -34 0 -8 32 -24
34 -17 -17 -8 24 -16
34 -17 0 -8 24 -16
34 0 -34 -8 16 24
34 0 0 -8 16 -8
34 17 0 -8 8 0
34 34 0 -8 0 8
34 -34 -68 -7 28 35
34 -34 0 -7 28 -21
34 -17 -51 -7 21 28
34 -17 -17 -7 21 -14
34 -17 0 -7 21 -14
34 0 -34 -7 14 21
34 0 0 -7 14 -7
34 17 -17 -7 7 14
34 17 0 -7 7 0
34 34 0 -7 0 7
34 -34 -68 -6 24 30
34 -34 0 -6 24 -18
34 -17 -17 -6 18 -12
34 -17 0 -6 18 -12
34 0 -34 -6 12 18
34 0 0 -6 12 -6
34 17 0 -6 6 0
34 34 0 -6 0 6
34 -34 -68 -5 20 25
34 -34 0 -5 20 -15
34 -17 -17 -5 15 -10
34 -17 0 -5 15 -10
34 0 -34 -5 10 15
34 0 0 -5 10 -5
34 17 0 -5 5 0
34 34 0 -5 0 5
34 -34 -68 -4 16 20
34 -34 0 -4 16 -12
34 -17 -17 -4 12 -8
34 -17 0 -4 12 -8
34 0 -34 -4 8 12
34 0 0 -4 8 -4
34 17 0 -4 4 0
34 34 0 -4 0 4
34 -34 -68 -3 12 15
34 -34 0 -3 12 -9
34 -17 -51 -3 9 12
34 -17 -17 -3 9 -6
34 -17 0 -3 9 -6
34 0 -34 -3 6 9
34 0 0 -3 6 -3
34 17 -17 -3 3 6
34 17 0 -3 3 0
34 34 0 -3 0 3
34 -34 -68 -2 8 10
34 -34 0 -2 8 -6
34 -17 -17 -2 6 -4
34 -17 0 -2 6 -4
34 0 -34 -2 4 6
34 0 0 -2 4 -2
34 17 0 -2 2 0
34 34 0 -2 0 2
34 -34 -68 -1 4 5
34 -34 0 -1 4 -3
34 -17 -17 -1 3 -2
34 -17 0 -1 3 -2
34 0 -34 -1 2 3
34 0 0 -1 2 -1
34 17 0 -1 1 0
34 34 0 -1 0 1
34 -34 -68 1 -4 -5
34 -34 -1 1 -4 4
34 -34 0 1 -4 3
34 -34 1 1 -4 4
34 -17 -51 1 -3 -4
34 -17 -17 1 -3 2
34 -17 0 1 -3 2
34 0 -34 1 -2 -3
34 0 0 1 -2 1
34 17 -17 1 -1 -2
34 17 0 1 -1 0
34 34 0 1 0 -1
34 -34 -68 2 -8 -10
34 -34 0 2 -8 6
34 -17 -17 2 -6 4
34 -17 0 2 -6 4
34 0 -34 2 -4 -6
34 0 0 2 -4 2
34 17 0 2 -2 0
34 34 0 2 0 -2
34 -34 -68 3 -12 -15
34 -34 0 3 -12 9
34 -17 -17 3 -9 6
34 -17 0 3 -9 6
34 0 -34 3 -6 -9
34 0 0 3 -6 3
34 17 0 3 -3 0
34 34 0 3 0 -3
34 -34 -68 4 -16 -20
34 -34 -2 4 -16 16
34 -34 0 4 -16 12
34 -34 2 4 -16 16
34 -17 -17 4 -12 8
34 -17 0 4 -12 8
34 0 -34 4 -8 -12
34 0 0 4 -8 4
34 17 0 4 -4 0
34 34 0 4 0 -4
34 -34 -68 5 -20 -25
34 -34 0 5 -20 15
34 -17 -51 5 -15 -20
34 -17 -17 5 -15 10
34 -17 0 5 -15 10
34 0 -34 5 -10 -15
34 0 0 5 -10 5
34 17 -17 5 -5 -10
34 17 0 5 -5 0
34 34 0 5 0 -5
34 -34 -68 6 -24 -30
34 -34 0 6 -24 18
34 -17 -17 6 -18 12
34 -17 0 6 -18 12
34 0 -34 6 -12 -18
34 0 0 6 -12 6
34 17 0 6 -6 0
34 34 0 6 0 -6
34 -34 -68 7 -28 -35
34 -34 0 7 -28 21
34 -17 -17 7 -21 14
34 -17 0 7 -21 14
34 0 -34 7 -14 -21
34 0 0 7 -14 7
34 17 0 7 -7 0
34 34 0 7 0 -7
34 -34 -68 8 -32 -40
34 -34 0 8 -32 24
34 -17 -17 8 -24 16
34 -17 0 8 -24 16
34 0 -34 8 -16 -24
34 0 0 8 -16 8
34 17 0 8 -8 0
34 34 0 8 0 -8
34 -34 -68 9 -36 -45
34 -34 -3 9 -36 36
34 -34 0 9 -36 27
34 -34 3 9 -36 36
34 -17 -51 9 -27 -36
34 -17 -17 9 -27 18
34 -17 0 9 -27 18
34 0 -34 9 -18 -27
34 0 0 9 -18 9
34 17 -17 9 -9 -18
34 17 0 9 -9 0
34 34 0 9 0 -9
34 -34 -68 10 -40 -50
34 -34 0 10 -40 30
34 -17 -17 10 -30 20
34 -17 0 10 -30 20
34 0 -34 10 -20 -30
34 0 0 10 -20 10
34 17 0 10 -10 0
34 34 0 10 0 -10
34 -34 -68 11 -44 -55
34 -34 0 11 -44 33
34 -17 -17 11 -33 22
34 -17 0 11 -33 22
34 0 -34 11 -22 -33
34 0 0 11 -22 11
34 17 0 11 -11 0
34 34 0 11 0 -11
34 -34 -68 12 -48 -60
34 -34 0 12 -48 36
34 -17 -17 12 -36 24
34 -17 0 12 -36 24
34 0 -34 12 -24 -36
34 0 0 12 -24 12
34 17 0 12 -12 0
34 34 0 12 0 -12
34 -34 -68 13 -52 -65
34 -34 0 13 -52 39
34 -17 -51 13 -39 -52
34 -17 -17 13 -39 26
34 -17 0 13 -39 26
34 0 -34 13 -26 -39
34 0 0 13 -26 13
34 17 -17 13 -13 -26
34 17 0 13 -13 0
34 34 0 13 0 -13
34 -34 -68 14 -56 -70
34 -34 0 14 -56 42
34 -17 -17 14 -42 28
34 -17 0 14 -42 28
34 0 -34 14 -28 -42
34 0 0 14 -28 14
34 17 0 14 -14 0
34 34 0 14 0 -14
34 -34 -68 15 -60 -75
34 -34 0 15 -60 45
34 -17 -17 15 -45 30
34 -17 0 15 -45 30
34 0 -34 15 -30 -45
34 0 0 15 -30 15
34 17 0 15 -15 0
34 34 0 15 0 -15
34 -34 -68 16 -64 -80
34 -34 -4 16 -64 64
34 -34 0 16 -64 48
34 -34 4 16 -64 64
34 -17 -17 16 -48 32
34 -17 0 16 -48 32
34 0 -34 16 -32 -48
34 0 0 16 -32 16
34 17 0 16 -16 0
34 34 0 16 0 -16
34 -34 -68 17 -68 -85
34 -34 0 17 -68 51
34 -33 0 17 -67 50
34 -32 -5 17 -66 64
34 -32 0 17 -66 49
34 -32 3 17 -66 64
34 -31 0 17 -65 48
34 -30 0 17 -64 47
34 -29 0 17 -63 46
34 -28 0 17 -62 45
34 -27 0 17 -61 44
34 -26 -9 17 -60 52
34 -26 0 17 -60 43
34 -26 1 17 -60 52
34 -25 0 17 -59 42
34 -24 0 17 -58 41
34 -23 0 17 -57 40
34 -22 0 17 -56 39
34 -21 0 17 -55 38
34 -20 0 17 -54 37
34 -19 0 17 -53 36
34 -18 0 17 -52 35
34 -17 -51 17 -51 -68
34 -17 -17 17 -51 34
34 -17 0 17 -51 34
34 -16 0 17 -50 33
34 -15 0 17 -49 32
34 -14 0 17 -48 31
34 -13 0 17 -47 30
34 -12 0 17 -46 29
34 -11 0 17 -45 28
34 -10 0 17 -44 27
34 -9 0 17 -43 26
34 -8 0 17 -42 25
34 -7 0 17 -41 24
34 -6 0 17 -40 23
34 -5 0 17 -39 22
34 -4 0 17 -38 21
34 -3 0 17 -37 20
34 -2 0 17 -36 19
34 -1 0 17 -35 18
34 0 -34 17 -34 -51
34 0 0 17 -34 17
34 1 0 17 -33 16
34 2 0 17 -32 15
34 3 0 17 -31 14
34 4 0 17 -30 13
34 5 0 17 -29 12
34 6 0 17 -28 11
34 7 0 17 -27 10
34 8 0 17 -26 9
34 9 0 17 -25 8
34 10 0 17 -24 7
34 11 0 17 -23 6
34 12 0 17 -22 5
34 13 0 17 -21 4
34 14 0 17 -20 3
34 15 0 17 -19 2
34 16 0 17 -18 1
34 17 -17 17 -17 -34
34 17 0 17 -17 0
34 18 0 17 -16 -1
34 19 0 17 -15 -2
34 20 0 17 -14 -3
34 21 0 17 -13 -4
34 22 0 17 -12 -5
34 23 0 17 -11 -6
34 24 0 17 -10 -7
34 25 0 17 -9 -8
34 26 0 17 -8 -9
34 27 0 17 -7 -10
34 28 0 17 -6 -11
34 29 0 17 -5 -12
34 30 0 17 -4 -13
34 31 0 17 -3 -14
34 32 0 17 -2 -15
34 33 0 17 -1 -16
34 34 0 17 0 -17
34 -34 -68 18 -72 -90
34 -34 0 18 -72 54
34 -17 -17 18 -54 36
34 -17 0 18 -54 36
34 0 -34 18 -36 -54
34 0 0 18 -36 18
34 17 0 18 -18 0
34 34 0 18 0 -18
34 -34 -68 19 -76 -95
34 -34 0 19 -76 57
34 -17 -17 19 -57 38
34 -17 0 19 -57 38
34 0 -34 19 -38 -57
34 0 0 19 -38 19
34 17 0 19 -19 0
34 34 0 19 0 -19
34 -34 -68 20 -80 -100
34 -34 0 20 -80 60
34 -17 -17 20 -60 40
34 -17 0 20 -60 40
34 0 -34 20 -40 -60
34 0 0 20 -40 20
34 17 0 20 -20 0
34 34 0 20 0 -20
34 -34 -68 21 -84 -105
34 -34 0 21 -84 63
34 -17 -51 21 -63 -84
34 -17 -17 21 -63 42
34 -17 0 21 -63 42
34 0 -34 21 -42 -63
34 0 0 21 -42 21
34 17 -101 21 -21 -126
34 17 -18 21 -21 -126
34 17 -17 21 -21 -42
34 17 0 21 -21 0
34 34 0 21 0 -21
34 -34 -68 22 -88 -110
34 -34 0 22 -88 66
34 -17 -17 22 -66 44
34 -17 0 22 -66 44
34 0 -34 22 -44 -66
34 0 0 22 -44 22
34 17 0 22 -22 0
34 34 0 22 0 -22
34 -34 -68 23 -92 -115
34 -34 0 23 -92 69
34 -17 -17 23 -69 46
34 -17 0 23 -69 46
34 0 -34 23 -46 -69
34 0 0 23 -46 23
34 17 0 23 -23 0
34 34 0 23 0 -23
34 -34 -68 24 -96 -120
34 -34 0 24 -96 72
34 -17 -17 24 -72 48
34 -17 0 24 -72 48
34 0 -34 24 -48 -72
34 0 0 24 -48 24
34 17 0 24 -24 0
34 34 0 24 0 -24
34 -34 -68 25 -100 -125
34 -34 -5 25 -100 100
34 -34 0 25 -100 75
34 -34 5 25 -100 100
34 -17 -51 25 -75 -100
34 -17 -17 25 -75 50
34 -17 0 25 -75 50
34 0 -34 25 -50 -75
34 0 0 25 -50 25
34 17 -50 25 -25 -50
34 17 -17 25 -25 -50
34 17 -1 25 -25 -50
34 17 0 25 -25 0
34 34 0 25 0 -25
34 -34 -68 26 -104 -130
34 -34 0 26 -104 78
34 -17 -17 26 -78 52
34 -17 0 26 -78 52
34 0 -34 26 -52 -78
34 0 0 26 -52 26
34 17 0 26 -26 0
34 34 0 26 0 -26
34 -34 -68 27 -108 -135
34 -34 0 27 -108 81
34 -17 -17 27 -81 54
34 -17 0 27 -81 54
34 0 -34 27 -54 -81
34 0 0 27 -54 27
34 17 0 27 -27 0
34 34 0 27 0 -27
34 -34 -68 28 -112 -140
34 -34 0 28 -112 84
34 -17 -17 28 -84 56
34 -17 0 28 -84 56
34 0 -34 28 -56 -84
34 0 0 28 -56 28
34 17 0 28 -28 0
34 34 0 28 0 -28
34 -34 -68 29 -116 -145
34 -34 0 29 -116 87
34 -17 -51 29 -87 -116
34 -17 -17 29 -87 58
34 -17 0 29 -87 58
34 0 -34 29 -58 -87
34 0 0 29 -58 29
34 17 -17 29 -29 -58
34 17 0 29 -29 0
34 34 0 29 0 -29
34 -34 -68 30 -120 -150
34 -34 0 30 -120 90
34 -17 -17 30 -90 60
34 -17 0 30 -90 60
34 0 -34 30 -60 -90
34 0 0 30 -60 30
34 17 0 30 -30 0
34 34 0 30 0 -30
34 -34 -68 31 -124 -155
34 -34 0 31 -124 93
34 -17 -17 31 -93 62
34 -17 0 31 -93 62
34 0 -34 31 -62 -93
34 0 0 31 -62 31
34 17 0 31 -31 0
34 34 0 31 0 -31
34 -34 -68 32 -128 -160
34 -34 0 32 -128 96
34 -17 -17 32 -96 64
34 -17 0 32 -96 64
34 0 -34 32 -64 -96
34 0 0 32 -64 32
34 17 0 32 -32 0
34 34 0 32 0 -32
34 -34 -68 33 -132 -165
34 -34 -66 33 -132 99
34 -34 -2 33 -132 99
34 -34 0 33 -132 99
34 -17 -51 33 -99 -132
34 -17 -17 33 -99 66
34 -17 0 33 -99 66
34 0 -132 33 -66 -99
34 0 -34 33 -66 -99
34 0 -33 33 -66 0
34 0 -9 33 -66 -264
34 0 -4 33 -66 -99
34 0 -1 33 -66 0
34 0 0 33 -66 33
34 17 -17 33 -33 -66
34 17 0 33 -33 0
34 34 0 33 0 -33
34 -34 -68 34 -136 -170
34 -34 0 34 -136 102
34 -33 0 34 -134 100
34 -32 0 34 -132 98
34 -31 -7 34 -130 124
34 -31 0 34 -130 96
34 -31 4 34 -130 124
34 -30 0 34 -128 94
34 -29 -8 34 -126 116
34 -29 0 34 -126 92
34 -29 3 34 -126 116
34 -28 0 34 -124 90
34 -27 0 34 -122 88
34 -26 0 34 -120 86
34 -25 0 34 -118 84
34 -24 0 34 -116 82
34 -23 -12 34 -114 92
34 -23 0 34 -114 80
34 -23 1 34 -114 92
34 -22 0 34 -112 78
34 -21 0 34 -110 76
34 -20 0 34 -108 74
34 -19 0 34 -106 72
34 -18 0 34 -104 70
34 -17 -17 34 -102 68
34 -17 0 34 -102 68
34 -16 0 34 -100 66
34 -15 0 34 -98 64
34 -14 0 34 -96 62
34 -13 0 34 -94 60
34 -12 0 34 -92 58
34 -11 0 34 -90 56
34 -10 0 34 -88 54
34 -9 0 34 -86 52
34 -8 0 34 -84 50
34 -7 0 34 -82 48
34 -6 0 34 -80 46
34 -5 0 34 -78 44
34 -4 0 34 -76 42
34 -3 0 34 -74 40
34 -2 0 34 -72 38
34 -1 -32 34 -70 4
34 -1 -1 34 -70 4
34 -1 0 34 -70 36
34 0 -34 34 -68 -102
34 0 0 34 -68 34
34 1 0 34 -66 32
34 2 0 34 -64 30
34 3 0 34 -62 28
34 4 0 34 -60 26
34 5 0 34 -58 24
34 6 0 34 -56 22
34 7 0 34 -54 20
34 8 0 34 -52 18
34 9 0 34 -50 16
34 10 0 34 -48 14
34 11 0 34 -46 12
34 12 0 34 -44 10
34 13 0 34 -42 8
34 14 0 34 -40 6
34 15 0 34 -38 4
34 16 0 34 -36 2
34 17 0 34 -34 0
34 18 0 34 -32 -2
34 19 0 34 -30 -4
34 20 0 34 -28 -6
34 21 0 34 -26 -8
34 22 0 34 -24 -10
34 23 0 34 -22 -12
34 24 0 34 -20 -14
34 25 0 34 -18 -16
34 26 0 34 -16 -18
34 27 0 34 -14 -20
34 28 0 34 -12 -22
34 29 0 34 -10 -24
34 30 0 34 -8 -26
34 31 0 34 -6 -28
34 32 0 34 -4 -30
34 33 0 34 -2 -32
34 34 0 34 0 -34
34 -34 -68 35 -140 -175
34 -34 0 35 -140 105
34 -17 -17 35 -105 70
34 -17 0 35 -105 70
34 0 -34 35 -70 -105
34 0 0 35 -70 35
34 17 0 35 -35 0
34 34 0 35 0 -35
34 -34 -68 36 -144 -180
34 -34 -6 36 -144 144
34 -34 0 36 -144 108
34 -34 6 36 -144 144
34 -17 -17 36 -108 72
34 -17 0 36 -108 72
34 0 -34 36 -72 -108
34 0 0 36 -72 36
34 17 0 36 -36 0
34 34 0 36 0 -36
34 -34 -68 37 -148 -185
34 -34 0 37 -148 111
34 -17 -51 37 -111 -148
34 -17 -17 37 -111 74
34 -17 0 37 -111 74
34 0 -34 37 -74 -111
34 0 0 37 -74 37
34 17 -17 37 -37 -74
34 17 0 37 -37 0
34 34 0 37 0 -37
34 -34 -68 38 -152 -190
34 -34 0 38 -152 114
34 -17 -17 38 -114 76
34 -17 0 38 -114 76
34 0 -34 38 -76 -114
34 0 0 38 -76 38
34 17 0 38 -38 0
34 34 0 38 0 -38
34 -34 -68 39 -156 -195
34 -34 0 39 -156 117
34 -17 -17 39 -117 78
34 -17 0 39 -117 78
34 0 -34 39 -78 -117
34 0 0 39 -78 39
34 17 0 39 -39 0
34 34 0 39 0 -39
34 -34 -68 40 -160 -200
34 -34 0 40 -160 120
34 -17 -17 40 -120 80
34 -17 0 40 -120 80
34 0 -34 40 -80 -120
34 0 0 40 -80 40
34 17 0 40 -40 0
34 34 0 40 0 -40
34 -34 -68 41 -164 -205
34 -34 0 41 -164 123
34 -17 -51 41 -123 -164
34 -17 -17 41 -123 82
34 -17 0 41 -123 82
34 0 -34 41 -82 -123
34 0 0 41 -82 41
34 17 -17 41 -41 -82
34 17 0 41 -41 0
34 34 0 41 0 -41
34 -34 -68 42 -168 -210
34 -34 0 42 -168 126
34 -17 -17 42 -126 84
34 -17 0 42 -126 84
34 0 -34 42 -84 -126
34 0 0 42 -84 42
34 17 0 42 -42 0
34 34 0 42 0 -42
34 -34 -68 43 -172 -215
34 -34 0 43 -172 129
34 -17 -17 43 -129 86
34 -17 0 43 -129 86
34 0 -34 43 -86 -129
34 0 0 43 -86 43
34 17 0 43 -43 0
34 34 0 43 0 -43
34 -34 -68 44 -176 -220
34 -34 0 44 -176 132
34 -17 -17 44 -132 88
34 -17 0 44 -132 88
34 0 -34 44 -88 -132
34 0 0 44 -88 44
34 17 0 44 -44 0
34 34 -66 44 0 -176
34 34 -2 44 0 -176
34 34 0 44 0 -44
34 -34 -68 45 -180 -225
34 -34 0 45 -180 135
34 -17 -51 45 -135 -180
34 -17 -17 45 -135 90
34 -17 0 45 -135 90
34 0 -34 45 -90 -135
34 0 0 45 -90 45
34 17 -17 45 -45 -90
34 17 0 45 -45 0
34 34 0 45 0 -45
34 -34 -68 46 -184 -230
34 -34 0 46 -184 138
34 -17 -17 46 -138 92
34 -17 0 46 -138 92
34 0 -34 46 -92 -138
34 0 0 46 -92 46
34 17 0 46 -46 0
34 34 0 46 0 -46
34 -34 -68 47 -188 -235
34 -34 0 47 -188 141
34 -17 -17 47 -141 94
34 -17 0 47 -141 94
34 0 -34 47 -94 -141
34 0 0 47 -94 47
34 17 0 47 -47 0
34 34 0 47 0 -47
34 -34 -68 48 -192 -240
34 -34 0 48 -192 144
34 -17 -17 48 -144 96
34 -17 0 48 -144 96
34 0 -34 48 -96 -144
34 0 0 48 -96 48
34 17 0 48 -48 0
34 34 0 48 0 -48
34 -34 -68 49 -196 -245
34 -34 -7 49 -196 196
34 -34 0 49 -196 147
34 -34 7 49 -196 196
34 -17 -51 49 -147 -196
34 -17 -17 49 -147 98
34 -17 0 49 -147 98
34 0 -34 49 -98 -147
34 0 0 49 -98 49
34 17 -49 49 -49 -98
34 17 -17 49 -49 -98
34 17 -2 49 -49 -98
34 17 0 49 -49 0
34 34 0 49 0 -49
34 -34 -68 50 -200 -250
34 -34 0 50 -200 150
34 -17 -17 50 -150 100
34 -17 0 50 -150 100
34 0 -34 50 -100 -150
34 0 0 50 -100 50
34 17 0 50 -50 0
34 34 0 50 0 -50
35 -35 -70 -50 200 250
35 -35 0 -50 200 -150
35 -28 0 -50 180 -130
35 -21 0 -50 160 -110
35 -14 0 -50 140 -90
35 -7 0 -50 120 -70
35 0 -35 -50 100 150
35 0 0 -50 100 -50
35 7 0 -50 80 -30
35 14 0 -50 60 -10
35 21 0 -50 40 10
35 28 -65 -50 20 160
35 28 0 -50 20 30
35 28 2 -50 20 160
35 35 0 -50 0 50
35 -35 -70 -49 196 245
35 -35 0 -49 196 -147
35 -30 0 -49 182 -133
35 -25 -7 -49 168 -140
35 -25 -3 -49 168 -140
35 -25 0 -49 168 -119
35 -20 0 -49 154 -105
35 -15 0 -49 140 -91
35 -10 0 -49 126 -77
35 -5 0 -49 112 -63
35 0 -35 -49 98 147
35 0 0 -49 98 -49
35 5 0 -49 84 -35
35 10 0 -49 70 -21
35 15 0 -49 56 -7
35 20 0 -49 42 7
35 25 0 -49 28 21
35 30 0 -49 14 35
35 35 0 -49 0 49
35 -35 -70 -48 192 240
35 -35 0 -48 192 -144
35 0 -35 -48 96 144
35 0 0 -48 96 -48
35 35 -72 -48 0 192
35 35 0 -48 0 48
35 35 2 -48 0 192
35 -35 -70 -47 188 235
35 -35 0 -47 188 -141
35 0 -35 -47 94 141
35 0 0 -47 94 -47
35 35 0 -47 0 47
35 -35 -70 -46 184 230
35 -35 0 -46 184 -138
35 0 -35 -46 92 138
35 0 0 -46 92 -46
35 35 0 -46 0 46
35 -35 -70 -45 180 225
35 -35 0 -45 180 -135
35 -28 0 -45 162 -117
35 -21 0 -45 144 -99
35 -14 0 -45 126 -81
35 -7 0 -45 108 -63
35 0 -35 -45 90 135
35 0 0 -45 90 -45
35 7 0 -45 72 -27
35 14 0 -45 54 -9
35 21 0 -45 36 9
35 28 0 -45 18 27
35 35 0 -45 0 45
35 -35 -70 -44 176 220
35 -35 0 -44 176 -132
35 0 -35 -44 88 132
35 0 0 -44 88 -44
35 35 0 -44 0 44
35 -35 -70 -43 172 215
35 -35 0 -43 172 -129
35 0 -35 -43 86 129
35 0 0 -43 86 -43
35 35 0 -43 0 43
35 -35 -70 -42 168 210
35 -35 0 -42 168 -126
35 -30 0 -42 156 -114
35 -25 0 -42 144 -102
35 -20 0 -42 132 -90
35 -15 0 -42 120 -78
35 -10 0 -42 108 -66
35 -5 0 -42 96 -54
35 0 -35 -42 84 126
35 0 0 -42 84 -42
35 5 0 -42 72 -30
35 10 0 -42 60 -18
35 15 0 -42 48 -6
35 20 0 -42 36 6
35 25 0 -42 24 18
35 30 0 -42 12 30
35 35 0 -42 0 42
35 -35 -70 -41 164 205
35 -35 0 -41 164 -123
35 0 -35 -41 82 123
35 0 0 -41 82 -41
35 35 0 -41 0 41
35 -35 -70 -40 160 200
35 -35 0 -40 160 -120
35 -28 0 -40 144 -104
35 -21 0 -40 128 -88
35 -14 0 -40 112 -72
35 -7 0 -40 96 -56
35 0 -35 -40 80 120
35 0 0 -40 80 -40
35 7 0 -40 64 -24
35 14 0 -40 48 -8
35 21 0 -40 32 8
35 28 0 -40 16 24
35 35 0 -40 0 40
35 -35 -70 -39 156 195
35 -35 0 -39 156 -117
35 0 -35 -39 78 117
35 0 0 -39 78 -39
35 35 0 -39 0 39
35 -35 -70 -38 152 190
35 -35 0 -38 152 -114
35 0 -35 -38 76 114
35 0 0 -38 76 -38
35 35 0 -38 0 38
35 -35 -70 -37 148 185
35 -35 0 -37 148 -111
35 0 -35 -37 74 111
35 0 0 -37 74 -37
35 35 0 -37 0 37
35 -35 -72 -36 144 -108
35 -35 -70 -36 144 180
35 -35 0 -36 144 -108
35 -35 2 -36 144 -108
35 0 -144 -36 72 108
35 0 -36 -36 72 0
35 0 -35 -36 72 108
35 0 0 -36 72 -36
35 0 1 -36 72 0
35 0 4 -36 72 108
35 0 9 -36 72 288
35 35 0 -36 0 36
35 -35 -70 -35 140 175
35 -35 0 -35 140 -105
35 -34 0 -35 138 -103
35 -33 0 -35 136 -101
35 -32 0 -35 134 -99
35 -31 0 -35 132 -97
35 -30 0 -35 130 -95
35 -29 0 -35 128 -93
35 -28 0 -35 126 -91
35 -27 0 -35 124 -89
35 -26 0 -35 122 -87
35 -25 0 -35 120 -85
35 -24 0 -35 118 -83
35 -23 -11 -35 116 -92
35 -23 -1 -35 116 -92
35 -23 0 -35 116 -81
35 -22 0 -35 114 -79
35 -21 0 -35 112 -77
35 -20 0 -35 110 -75
35 -19 0 -35 108 -73
35 -18 0 -35 106 -71
35 -17 0 -35 104 -69
35 -16 0 -35 102 -67
35 -15 0 -35 100 -65
35 -14 0 -35 98 -63
35 -13 0 -35 96 -61
35 -12 0 -35 94 -59
35 -11 0 -35 92 -57
35 -10 0 -35 90 -55
35 -9 0 -35 88 -53
35 -8 0 -35 86 -51
35 -7 0 -35 84 -49
35 -6 0 -35 82 -47
35 -5 0 -35 80 -45
35 -4 0 -35 78 -43
35 -3 0 -35 76 -41
35 -2 0 -35 74 -39
35 -1 0 -35 72 -37
35 0 -35 -35 70 105
35 0 0 -35 70 -35
35 1 -37 -35 68 4
35 1 0 -35 68 -33
35 1 1 -35 68 4
35 2 0 -35 66 -31
35 3 0 -35 64 -29
35 4 0 -35 62 -27
35 5 0 -35 60 -25
35 6 0 -35 58 -23
35 7 0 -35 56 -21
35 8 0 -35 54 -19
35 9 0 -35 52 -17
35 10 0 -35 50 -15
35 11 0 -35 48 -13
35 12 0 -35 46 -11
35 13 0 -35 44 -9
35 14 0 -35 42 -7
35 15 0 -35 40 -5
35 16 0 -35 38 -3
35 17 0 -35 36 -1
35 18 0 -35 34 1
35 19 0 -35 32 3
35 20 0 -35 30 5
35 21 0 -35 28 7
35 22 0 -35 26 9
35 23 0 -35 24 11
35 24 0 -35 22 13
35 25 0 -35 20 15
35 26 0 -35 18 17
35 27 0 -35 16 19
35 28 0 -35 14 21
35 29 0 -35 12 23
35 30 0 -35 10 25
35 31 0 -35 8 27
35 32 0 -35 6 29
35 33 0 -35 4 31
35 34 0 -35 2 33
35 35 0 -35 0 35
35 -35 -70 -34 136 170
35 -35 0 -34 136 -102
35 0 -35 -34 68 102
35 0 0 -34 68 -34
35 35 0 -34 0 34
35 -35 -70 -33 132 165
35 -35 0 -33 132 -99
35 0 -35 -33 66 99
35 0 0 -33 66 -33
35 35 0 -33 0 33
35 -35 -70 -32 128 160
35 -35 0 -32 128 -96
35 0 -35 -32 64 96
35 0 0 -32 64 -32
35 35 0 -32 0 32
35 -35 -70 -31 124 155
35 -35 0 -31 124 -93
35 0 -35 -31 62 93
35 0 0 -31 62 -31
35 35 0 -31 0 31
35 -35 -70 -30 120 150
35 -35 0 -30 120 -90
35 -28 0 -30 108 -78
35 -21 0 -30 96 -66
35 -14 0 -30 84 -54
35 -7 0 -30 72 -42
35 0 -35 -30 60 90
35 0 0 -30 60 -30
35 7 0 -30 48 -18
35 14 0 -30 36 -6
35 21 0 -30 24 6
35 28 0 -30 12 18
35 35 0 -30 0 30
35 -35 -70 -29 116 145
35 -35 0 -29 116 -87
35 0 -35 -29 58 87
35 0 0 -29 58 -29
35 35 0 -29 0 29
35 -35 -70 -28 112 140
35 -35 0 -28 112 -84
35 -30 0 -28 104 -76
35 -25 0 -28 96 -68
35 -20 0 -28 88 -60
35 -15 0 -28 80 -52
35 -10 0 -28 72 -44
35 -5 0 -28 64 -36
35 0 -35 -28 56 84
35 0 0 -28 56 -28
35 5 0 -28 48 -20
35 10 0 -28 40 -12
35 15 0 -28 32 -4
35 20 0 -28 24 4
35 25 0 -28 16 12
35 30 0 -28 8 20
35 35 0 -28 0 28
35 -35 -70 -27 108 135
35 -35 0 -27 108 -81
35 0 -35 -27 54 81
35 0 0 -27 54 -27
35 35 0 -27 0 27
35 -35 -70 -26 104 130
35 -35 0 -26 104 -78
35 0 -35 -26 52 78
35 0 0 -26 52 -26
35 35 0 -26 0 26
35 -35 -70 -25 100 125
35 -35 0 -25 100 -75
35 -28 0 -25 90 -65
35 -21 0 -25 80 -55
35 -14 0 -25 70 -45
35 -7 0 -25 60 -35
35 0 -35 -25 50 75
35 0 0 -25 50 -25
35 7 0 -25 40 -15
35 14 0 -25 30 -5
35 21 0 -25 20 5
35 28 0 -25 10 15
35 35 0 -25 0 25
35 -35 -70 -24 96 120
35 -35 0 -24 96 -72
35 0 -35 -24 48 72
35 0 0 -24 48 -24
35 35 0 -24 0 24
35 -35 -70 -23 92 115
35 -35 0 -23 92 -69
35 0 -35 -23 46 69
35 0 0 -23 46 -23
35 35 0 -23 0 23
35 -35 -70 -22 88 110
35 -35 0 -22 88 -66
35 0 -35 -22 44 66
35 0 0 -22 44 -22
35 35 0 -22 0 22
35 -35 -70 -21 84 105
35 -35 0 -21 84 -63
35 -30 0 -21 78 -57
35 -25 -9 -21 72 -60
35 -25 -1 -21 72 -60
35 -25 0 -21 72 -51
35 -20 0 -21 66 -45
35 -15 0 -21 60 -39
35 -10 0 -21 54 -33
35 -5 0 -21 48 -27
35 0 -35 -21 42 63
35 0 0 -21 42 -21
35 5 0 -21 36 -15
35 10 0 -21 30 -9
35 15 0 -21 24 -3
35 20 0 -21 18 3
35 25 0 -21 12 9
35 30 0 -21 6 15
35 35 0 -21 0 21
35 -35 -70 -20 80 100
35 -35 0 -20 80 -60
35 -28 -4 -20 72 -64
35 -28 -3 -20 72 -64
35 -28 0 -20 72 -52
35 -21 0 -20 64 -44
35 -14 0 -20 56 -36
35 -7 0 -20 48 -28
35 0 -35 -20 40 60
35 0 0 -20 40 -20
35 7 0 -20 32 -12
35 14 0 -20 24 -4
35 21 0 -20 16 4
35 28 0 -20 8 12
35 35 0 -20 0 20
35 -35 -70 -19 76 95
35 -35 0 -19 76 -57
35 0 -35 -19 38 57
35 0 0 -19 38 -19
35 35 0 -19 0 19
35 -35 -70 -18 72 90
35 -35 0 -18 72 -54
35 0 -35 -18 36 54
35 0 0 -18 36 -18
35 35 0 -18 0 18
35 -35 -70 -17 68 85
35 -35 0 -17 68 -51
35 0 -35 -17 34 51
35 0 0 -17 34 -17
35 35 0 -17 0 17
35 -35 -70 -16 64 80
35 -35 0 -16 64 -48
35 0 -35 -16 32 48
35 0 0 -16 32 -16
35 35 0 -16 0 16
35 -35 -70 -15 60 75
35 -35 0 -15 60 -45
35 -28 0 -15 54 -39
35 -21 0 -15 48 -33
35 -14 0 -15 42 -27
35 -7 0 -15 36 -21
35 0 -35 -15 30 45
35 0 0 -15 30 -15
35 7 0 -15 24 -9
35 14 0 -15 18 -3
35 21 0 -15 12 3
35 28 0 -15 6 9
35 35 0 -15 0 15
35 -35 -70 -14 56 70
35 -35 0 -14 56 -42
35 -30 0 -14 52 -38
35 -25 0 -14 48 -34
35 -20 0 -14 44 -30
35 -15 0 -14 40 -26
35 -10 0 -14 36 -22
35 -5 0 -14 32 -18
35 0 -35 -14 28 42
35 0 0 -14 28 -14
35 5 0 -14 24 -10
35 10 0 -14 20 -6
35 15 0 -14 16 -2
35 20 0 -14 12 2
35 25 0 -14 8 6
35 30 0 -14 4 10
35 35 0 -14 0 14
35 -35 -70 -13 52 65
35 -35 0 -13 52 -39
35 0 -35 -13 26 39
35 0 0 -13 26 -13
35 35 0 -13 0 13
35 -35 -70 -12 48 60
35 -35 0 -12 48 -36
35 0 -35 -12 24 36
35 0 0 -12 24 -12
35 35 0 -12 0 12
35 -35 -70 -11 44 55
35 -35 0 -11 44 -33
35 0 -35 -11 22 33
35 0 0 -11 22 -11
35 35 0 -11 0 11
35 -35 -70 -10 40 50
35 -35 0 -10 40 -30
35 -28 -6 -10 36 -32
35 -28 -1 -10 36 -32
35 -28 0 -10 36 -26
35 -21 0 -10 32 -22
35 -14 0 -10 28 -18
35 -7 0 -10 24 -14
35 0 -35 -10 20 30
35 0 0 -10 20 -10
35 7 0 -10 16 -6
35 14 0 -10 12 -2
35 21 0 -10 8 2
35 28 0 -10 4 6
35 35 0 -10 0 10
35 -35 -70 -9 36 45
35 -35 0 -9 36 -27
35 0 -35 -9 18 27
35 0 0 -9 18 -9
35 35 0 -9 0 9
35 -35 -70 -8 32 40
35 -35 0 -8 32 -24
35 0 -35 -8 16 24
35 0 0 -8 16 -8
35 35 0 -8 0 8
35 -35 -70 -7 28 35
35 -35 0 -7 28 -21
35 -30 0 -7 26 -19
35 -25 0 -7 24 -17
35 -20 0 -7 22 -15
35 -15 0 -7 20 -13
35 -10 0 -7 18 -11
35 -5 0 -7 16 -9
35 0 -35 -7 14 21
35 0 0 -7 14 -7
35 5 0 -7 12 -5
35 10 0 -7 10 -3
35 15 0 -7 8 -1
35 20 0 -7 6 1
35 25 0 -7 4 3
35 30 0 -7 2 5
35 35 0 -7 0 7
35 -35 -70 -6 24 30
35 -35 0 -6 24 -18
35 0 -35 -6 12 18
35 0 0 -6 12 -6
35 35 0 -6 0 6
35 -35 -70 -5 20 25
35 -35 0 -5 20 -15
35 -28 0 -5 18 -13
35 -21 0 -5 16 -11
35 -14 0 -5 14 -9
35 -7 0 -5 12 -7
35 0 -35 -5 10 15
35 0 0 -5 10 -5
35 7 0 -5 8 -3
35 14 0 -5 6 -1
35 21 0 -5 4 1
35 28 0 -5 2 3
35 35 0 -5 0 5
35 -35 -70 -4 16 20
35 -35 0 -4 16 -12
35 0 -35 -4 8 12
35 0 0 -4 8 -4
35 35 0 -4 0 4
35 -35 -70 -3 12 15
35 -35 0 -3 12 -9
35 0 -35 -3 6 9
35 0 0 -3 6 -3
35 35 0 -3 0 3
35 -35 -70 -2 8 10
35 -35 0 -2 8 -6
35 0 -35 -2 4 6
35 0 0 -2 4 -2
35 35 0 -2 0 2
35 -35 -70 -1 4 5
35 -35 0 -1 4 -3
35 0 -35 -1 2 3
35 0 0 -1 2 -1
35 35 0 -1 0 1
35 -35 -70 1 -4 -5
35 -35 -1 1 -4 4
35 -35 0 1 -4 3
35 -35 1 1 -4 4
35 0 -35 1 -2 -3
35 0 0 1 -2 1
35 35 0 1 0 -1
35 -35 -70 2 -8 -10
35 -35 0 2 -8 6
35 0 -35 2 -4 -6
35 0 0 2 -4 2
35 35 0 2 0 -2
35 -35 -70 3 -12 -15
35 -35 0 3 -12 9
35 0 -35 3 -6 -9
35 0 0 3 -6 3
35 35 0 3 0 -3
35 -35 -70 4 -16 -20
35 -35 -2 4 -16 16
35 -35 0 4 -16 12
35 -35 2 4 -16 16
35 0 -35 4 -8 -12
35 0 0 4 -8 4
35 35 0 4 0 -4
35 -35 -70 5 -20 -25
35 -35 0 5 -20 15
35 -28 0 5 -18 13
35 -21 0 5 -16 11
35 -14 0 5 -14 9
35 -7 0 5 -12 7
35 0 -35 5 -10 -15
35 0 0 5 -10 5
35 7 0 5 -8 3
35 14 0 5 -6 1
35 21 0 5 -4 -1
35 28 0 5 -2 -3
35 35 0 5 0 -5
35 -35 -70 6 -24 -30
35 -35 0 6 -24 18
35 0 -35 6 -12 -18
35 0 0 6 -12 6
35 35 0 6 0 -6
35 -35 -70 7 -28 -35
35 -35 0 7 -28 21
35 -30 0 7 -26 19
35 -25 0 7 -24 17
35 -20 0 7 -22 15
35 -15 0 7 -20 13
35 -10 0 7 -18 11
35 -5 0 7 -16 9
35 0 -35 7 -14 -21
35 0 0 7 -14 7
35 5 0 7 -12 5
35 10 0 7 -10 3
35 15 0 7 -8 1
35 20 0 7 -6 -1
35 25 0 7 -4 -3
35 30 0 7 -2 -5
35 35 0 7 0 -7
35 -35 -70 8 -32 -40
35 -35 0 8 -32 24
35 0 -35 8 -16 -24
35 0 0 8 -16 8
35 35 0 8 0 -8
35 -35 -70 9 -36 -45
35 -35 -3 9 -36 36
35 -35 0 9 -36 27
35 -35 3 9 -36 36
35 0 -35 9 -18 -27
35 0 0 9 -18 9
35 35 0 9 0 -9
35 -35 -70 10 -40 -50
35 -35 0 10 -40 30
35 -28 0 10 -36 26
35 -21 0 10 -32 22
35 -14 0 10 -28 18
35 -7 0 10 -24 14
35 0 -35 10 -20 -30
35 0 0 10 -20 10
35 7 0 10 -16 6
35 14 0 10 -12 2
35 21 0 10 -8 -2
35 28 0 10 -4 -6
35 35 0 10 0 -10
35 -35 -70 11 -44 -55
35 -35 0 11 -44 33
35 0 -35 11 -22 -33
35 0 0 11 -22 11
35 35 0 11 0 -11
35 -35 -70 12 -48 -60
35 -35 0 12 -48 36
35 0 -35 12 -24 -36
35 0 0 12 -24 12
35 35 0 12 0 -12
35 -35 -70 13 -52 -65
35 -35 0 13 -52 39
35 0 -35 13 -26 -39
35 0 0 13 -26 13
35 35 0 13 0 -13
35 -35 -70 14 -56 -70
35 -35 0 14 -56 42
35 -30 0 14 -52 38
35 -25 0 14 -48 34
35 -20 0 14 -44 30
35 -15 0 14 -40 26
35 -10 0 14 -36 22
35 -5 0 14 -32 18
35 0 -35 14 -28 -42
35 0 0 14 -28 14
35 5 0 14 -24 10
35 10 0 14 -20 6
35 15 0 14 -16 2
35 20 0 14 -12 -2
35 25 0 14 -8 -6
35 30 0 14 -4 -10
35 35 0 14 0 -14
35 -35 -70 15 -60 -75
35 -35 0 15 -60 45
35 -28 0 15 -54 39
35 -21 0 15 -48 33
35 -14 0 15 -42 27
35 -7 0 15 -36 21
35 0 -35 15 -30 -45
35 0 0 15 -30 15
35 7 0 15 -24 9
35 14 0 15 -18 3
35 21 0 15 -12 -3
35 28 0 15 -6 -9
35 35 0 15 0 -15
35 -35 -70 16 -64 -80
35 -35 -4 16 -64 64
35 -35 0 16 -64 48
35 -35 4 16 -64 64
35 0 -35 16 -32 -48
35 0 0 16 -32 16
35 35 0 16 0 -16
35 -35 -70 17 -68 -85
35 -35 0 17 -68 51
35 0 -35 17 -34 -51
35 0 0 17 -34 17
35 35 0 17 0 -17
35 -35 -70 18 -72 -90
35 -35 0 18 -72 54
35 0 -35 18 -36 -54
35 0 0 18 -36 18
35 35 0 18 0 -18
35 -35 -70 19 -76 -95
35 -35 0 19 -76 57
35 0 -35 19 -38 -57
35 0 0 19 -38 19
35 35 0 19 0 -19
35 -35 -70 20 -80 -100
35 -35 0 20 -80 60
35 -28 0 20 -72 52
35 -21 0 20 -64 44
35 -14 0 20 -56 36
35 -7 0 20 -48 28
35 0 -35 20 -40 -60
35 0 0 20 -40 20
35 7 0 20 -32 12
35 14 0 20 -24 4
35 21 0 20 -16 -4
35 28 0 20 -8 -12
35 35 0 20 0 -20
35 -35 -70 21 -84 -105
35 -35 0 21 -84 63
35 -30 0 21 -78 57
35 -25 0 21 -72 51
35 -20 0 21 -66 45
35 -15 0 21 -60 39
35 -10 0 21 -54 33
35 -5 0 21 -48 27
35 0 -35 21 -42 -63
35 0 0 21 -42 21
35 5 0 21 -36 15
35 10 0 21 -30 9
35 15 0 21 -24 3
35 20 0 21 -18 -3
35 25 0 21 -12 -9
35 30 0 21 -6 -15
35 35 0 21 0 -21
35 -35 -70 22 -88 -110
35 -35 0 22 -88 66
35 0 -35 22 -44 -66
35 0 0 22 -44 22
35 35 0 22 0 -22
35 -35 -70 23 -92 -115
35 -35 0 23 -92 69
35 0 -35 23 -46 -69
35 0 0 23 -46 23
35 35 -69 23 0 -92
35 35 -1 23 0 -92
35 35 0 23 0 -23
35 -35 -70 24 -96 -120
35 -35 0 24 -96 72
35 0 -35 24 -48 -72
35 0 0 24 -48 24
35 35 0 24 0 -24
35 -35 -70 25 -100 -125
35 -35 -5 25 -100 100
35 -35 0 25 -100 75
35 -35 5 25 -100 100
35 -28 0 25 -90 65
35 -21 0 25 -80 55
35 -14 0 25 -70 45
35 -7 0 25 -60 35
35 0 -35 25 -50 -75
35 0 0 25 -50 25
35 7 0 25 -40 15
35 14 0 25 -30 5
35 21 -55 25 -20 -60
35 21 -1 25 -20 -60
35 21 0 25 -20 -5
35 28 0 25 -10 -15
35 35 0 25 0 -25
35 -35 -70 26 -104 -130
35 -35 0 26 -104 78
35 0 -35 26 -52 -78
35 0 0 26 -52 26
35 35 0 26 0 -26
35 -35 -70 27 -108 -135
35 -35 0 27 -108 81
35 0 -35 27 -54 -81
35 0 0 27 -54 27
35 35 0 27 0 -27
35 -35 -70 28 -112 -140
35 -35 0 28 -112 84
35 -30 0 28 -104 76
35 -25 0 28 -96 68
35 -20 0 28 -88 60
35 -15 0 28 -80 52
35 -10 0 28 -72 44
35 -5 0 28 -64 36
35 0 -35 28 -56 -84
35 0 0 28 -56 28
35 5 0 28 -48 20
35 10 -44 28 -40 -32
35 10 -1 28 -40 -32
35 10 0 28 -40 12
35 15 0 28 -32 4
35 20 0 28 -24 -4
35 25 0 28 -16 -12
35 30 0 28 -8 -20
35 35 0 28 0 -28
35 -35 -70 29 -116 -145
35 -35 0 29 -116 87
35 0 -35 29 -58 -87
35 0 0 29 -58 29
35 35 0 29 0 -29
35 -35 -70 30 -120 -150
35 -35 0 30 -120 90
35 -28 -9 30 -108 96
35 -28 0 30 -108 78
35 -28 2 30 -108 96
35 -21 0 30 -96 66
35 -14 0 30 -84 54
35 -7 0 30 -72 42
35 0 -35 30 -60 -90
35 0 0 30 -60 30
35 7 0 30 -48 18
35 14 0 30 -36 6
35 21 0 30 -24 -6
35 28 0 30 -12 -18
35 35 0 30 0 -30
35 -35 -70 31 -124 -155
35 -35 0 31 -124 93
35 0 -35 31 -62 -93
35 0 0 31 -62 31
35 35 0 31 0 -31
35 -35 -70 32 -128 -160
35 -35 0 32 -128 96
35 0 -35 32 -64 -96
35 0 0 32 -64 32
35 35 0 32 0 -32
35 -35 -70 33 -132 -165
35 -35 0 33 -132 99
35 0 -35 33 -66 -99
35 0 0 33 -66 33
35 35 0 33 0 -33
35 -35 -70 34 -136 -170
35 -35 -68 34 -136 102
35 -35 -2 34 -136 102
35 -35 0 34 -136 102
35 0 -136 34 -68 -102
35 0 -35 34 -68 -102
35 0 -34 34 -68 0
35 0 -9 34 -68 -272
35 0 -4 34 -68 -102
35 0 -1 34 -68 0
35 0 0 34 -68 34
35 35 0 34 0 -34
35 -35 -70 35 -140 -175
35 -35 0 35 -140 105
35 -34 0 35 -138 103
35 -33 0 35 -136 101
35 -32 0 35 -134 99
35 -31 0 35 -132 97
35 -30 0 35 -130 95
35 -29 0 35 -128 93
35 -28 0 35 -126 91
35 -27 0 35 -124 89
35 -26 0 35 -122 87
35 -25 0 35 -120 85
35 -24 0 35 -118 83
35 -23 0 35 -116 81
35 -22 0 35 -114 79
35 -21 0 35 -112 77
35 -20 0 35 -110 75
35 -19 0 35 -108 73
35 -18 0 35 -106 71
35 -17 0 35 -104 69
35 -16 0 35 -102 67
35 -15 0 35 -100 65
35 -14 0 35 -98 63
35 -13 0 35 -96 61
35 -12 0 35 -94 59
35 -11 0 35 -92 57
35 -10 0 35 -90 55
35 -9 0 35 -88 53
35 -8 0 35 -86 51
35 -7 0 35 -84 49
35 -6 0 35 -82 47
35 -5 0 35 -80 45
35 -4 0 35 -78 43
35 -3 0 35 -76 41
35 -2 0 35 -74 39
35 -1 -33 35 -72 4
35 -1 -1 35 -72 4
35 -1 0 35 -72 37
35 0 -35 35 -70 -105
35 0 0 35 -70 35
35 1 0 35 -68 33
35 2 0 35 -66 31
35 3 0 35 -64 29
35 4 0 35 -62 27
35 5 0 35 -60 25
35 6 0 35 -58 23
35 7 0 35 -56 21
35 8 0 35 -54 19
35 9 0 35 -52 17
35 10 0 35 -50 15
35 11 0 35 -48 13
35 12 0 35 -46 11
35 13 0 35 -44 9
35 14 0 35 -42 7
35 15 0 35 -40 5
35 16 0 35 -38 3
35 17 0 35 -36 1
35 18 0 35 -34 -1
35 19 0 35 -32 -3
35 20 0 35 -30 -5
35 21 0 35 -28 -7
35 22 0 35 -26 -9
35 23 0 35 -24 -11
35 24 0 35 -22 -13
35 25 0 35 -20 -15
35 26 0 35 -18 -17
35 27 0 35 -16 -19
35 28 0 35 -14 -21
35 29 0 35 -12 -23
35 30 0 35 -10 -25
35 31 0 35 -8 -27
35 32 0 35 -6 -29
35 33 0 35 -4 -31
35 34 0 35 -2 -33
35 35 0 35 0 -35
35 -35 -70 36 -144 -180
35 -35 -6 36 -144 144
35 -35 0 36 -144 108
35 -35 6 36 -144 144
35 0 -35 36 -72 -108
35 0 0 36 -72 36
35 35 0 36 0 -36
35 -35 -70 37 -148 -185
35 -35 0 37 -148 111
35 0 -35 37 -74 -111
35 0 0 37 -74 37
35 35 0 37 0 -37
35 -35 -70 38 -152 -190
35 -35 0 38 -152 114
35 0 -35 38 -76 -114
35 0 0 38 -76 38
35 35 0 38 0 -38
35 -35 -70 39 -156 -195
35 -35 0 39 -156 117
35 0 -35 39 -78 -117
35 0 0 39 -78 39
35 35 0 39 0 -39
35 -35 -70 40 -160 -200
35 -35 0 40 -160 120
35 -28 0 40 -144 104
35 -21 0 40 -128 88
35 -14 0 40 -112 72
35 -7 0 40 -96 56
35 0 -35 40 -80 -120
35 0 0 40 -80 40
35 7 0 40 -64 24
35 14 0 40 -48 8
35 21 0 40 -32 -8
35 28 0 40 -16 -24
35 35 0 40 0 -40
35 -35 -70 41 -164 -205
35 -35 0 41 -164 123
35 0 -35 41 -82 -123
35 0 0 41 -82 41
35 35 0 41 0 -41
35 -35 -70 42 -168 -210
35 -35 0 42 -168 126
35 -30 0 42 -156 114
35 -25 0 42 -144 102
35 -20 0 42 -132 90
35 -15 0 42 -120 78
35 -10 0 42 -108 66
35 -5 0 42 -96 54
35 0 -35 42 -84 -126
35 0 0 42 -84 42
35 5 0 42 -72 30
35 10 0 42 -60 18
35 15 0 42 -48 6
35 20 0 42 -36 -6
35 25 0 42 -24 -18
35 30 0 42 -12 -30
35 35 0 42 0 -42
35 -35 -70 43 -172 -215
35 -35 0 43 -172 129
35 0 -35 43 -86 -129
35 0 0 43 -86 43
35 35 0 43 0 -43
35 -35 -70 44 -176 -220
35 -35 0 44 -176 132
35 0 -35 44 -88 -132
35 0 0 44 -88 44
35 35 0 44 0 -44
35 -35 -70 45 -180 -225
35 -35 0 45 -180 135
35 -28 0 45 -162 117
35 -21 0 45 -144 99
35 -14 0 45 -126 81
35 -7 -27 45 -108 36
35 -7 -1 45 -108 36
35 -7 0 45 -108 63
35 0 -35 45 -90 -135
35 0 0 45 -90 45
35 7 0 45 -72 27
35 14 0 45 -54 9
35 21 0 45 -36 -9
35 28 0 45 -18 -27
35 35 0 45 0 -45
35 -35 -70 46 -184 -230
35 -35 0 46 -184 138
35 0 -35 46 -92 -138
35 0 0 46 -92 46
35 35 0 46 0 -46
35 -35 -70 47 -188 -235
35 -35 0 47 -188 141
35 0 -35 47 -94 -141
35 0 0 47 -94 47
35 35 0 47 0 -47
35 -35 -70 48 -192 -240
35 -35 0 48 -192 144
35 0 -35 48 -96 -144
35 0 0 48 -96 48
35 35 0 48 0 -48
35 -35 -70 49 -196 -245
35 -35 -7 49 -196 196
35 -35 0 49 -196 147
35 -35 7 49 -196 196
35 -30 0 49 -182 133
35 -25 0 49 -168 119
35 -20 0 49 -154 105
35 -15 0 49 -140 91
35 -10 0 49 -126 77
35 -5 0 49 -112 63
35 0 -35 49 -98 -147
35 0 0 49 -98 49
35 5 0 49 -84 35
35 10 0 49 -70 21
35 15 0 49 -56 7
35 20 0 49 -42 -7
35 25 0 49 -28 -21
35 30 0 49 -14 -35
35 35 0 49 0 -49
35 -35 -70 50 -200 -250
35 -35 0 50 -200 150
35 -28 -10 50 -180 160
35 -28 0 50 -180 130
35 -28 3 50 -180 160
35 -21 -8 50 -160 30
35 -21 0 50 -160 110
35 -14 0 50 -140 90
35 -7 0 50 -120 70
35 0 -35 50 -100 -150
35 0 0 50 -100 50
35 7 0 50 -80 30
35 14 0 50 -60 10
35 21 0 50 -40 -10
35 28 0 50 -20 -30
35 35 0 50 0 -50
36 -36 -72 -50 200 250
36 -36 0 -50 200 -150
36 -27 0 -50 175 -125
36 -18 -18 -50 150 -100
36 -18 0 -50 150 -100
36 -9 0 -50 125 -75
36 0 -36 -50 100 150
36 0 0 -50 100 -50
36 9 0 -50 75 -25
36 18 0 -50 50 0
36 27 0 -50 25 25
36 36 0 -50 0 50
36 -36 -72 -49 196 245
36 -36 0 -49 196 -147
36 -18 -18 -49 147 -98
36 -18 0 -49 147 -98
36 0 -36 -49 98 147
36 0 0 -49 98 -49
36 18 0 -49 49 0
36 36 0 -49 0 49
36 -36 -72 -48 192 240
36 -36 0 -48 192 -144
36 -33 0 -48 184 -136
36 -30 0 -48 176 -128
36 -27 0 -48 168 -120
36 -24 0 -48 160 -112
36 -21 0 -48 152 -104
36 -18 -54 -48 144 192
36 -18 -18 -48 144 -96
36 -18 0 -48 144 -96
36 -15 0 -48 136 -88
36 -12 0 -48 128 -80
36 -9 0 -48 120 -72
36 -6 0 -48 112 -64
36 -3 0 -48 104 -56
36 0 -36 -48 96 144
36 0 0 -48 96 -48
36 3 0 -48 88 -40
36 6 0 -48 80 -32
36 9 0 -48 72 -24
36 12 0 -48 64 -16
36 15 0 -48 56 -8
36 18 -18 -48 48 96
36 18 0 -48 48 0
36 21 0 -48 40 8
36 24 0 -48 32 16
36 27 0 -48 24 24
36 30 0 -48 16 32
36 33 0 -48 8 40
36 36 0 -48 0 48
36 -36 -72 -47 188 235
36 -36 0 -47 188 -141
36 -18 -18 -47 141 -94
36 -18 0 -47 141 -94
36 0 -36 -47 94 141
36 0 0 -47 94 -47
36 18 0 -47 47 0
36 36 0 -47 0 47
36 -36 -72 -46 184 230
36 -36 0 -46 184 -138
36 -27 0 -46 161 -115
36 -18 -18 -46 138 -92
36 -18 0 -46 138 -92
36 -9 0 -46 115 -69
36 0 -36 -46 92 138
36 0 0 -46 92 -46
36 9 0 -46 69 -23
36 18 0 -46 46 0
36 27 0 -46 23 23
36 36 0 -46 0 46
36 -36 -72 -45 180 225
36 -36 0 -45 180 -135
36 -34 0 -45 175 -130
36 -32 0 -45 170 -125
36 -30 0 -45 165 -120
36 -28 0 -45 160 -115
36 -26 0 -45 155 -110
36 -24 -60 -45 150 195
36 -24 0 -45 150 -105
36 -22 0 -45 145 -100
36 -20 0 -45 140 -95
36 -18 -18 -45 135 -90
36 -18 0 -45 135 -90
36 -16 0 -45 130 -85
36 -14 0 -45 125 -80
36 -12 -48 -45 120 165
36 -12 0 -45 120 -75
36 -10 0 -45 115 -70
36 -8 0 -45 110 -65
36 -6 0 -45 105 -60
36 -4 0 -45 100 -55
36 -2 0 -45 95 -50
36 0 -36 -45 90 135
36 0 0 -45 90 -45
36 2 0 -45 85 -40
36 4 0 -45 80 -35
36 6 0 -45 75 -30
36 8 0 -45 70 -25
36 10 0 -45 65 -20
36 12 -24 -45 60 105
36 12 0 -45 60 -15
36 14 0 -45 55 -10
36 16 0 -45 50 -5
36 18 0 -45 45 0
36 20 0 -45 40 5
36 22 0 -45 35 10
36 24 -12 -45 30 75
36 24 0 -45 30 15
36 26 0 -45 25 20
36 28 0 -45 20 25
36 30 0 -45 15 30
36 32 0 -45 10 35
36 34 0 -45 5 40
36 36 0 -45 0 45
36 -36 -72 -44 176 220
36 -36 0 -44 176 -132
36 -27 0 -44 154 -110
36 -18 -54 -44 132 176
36 -18 -18 -44 132 -88
36 -18 0 -44 132 -88
36 -9 0 -44 110 -66
36 0 -36 -44 88 132
36 0 0 -44 88 -44
36 9 0 -44 66 -22
36 18 -18 -44 44 88
36 18 0 -44 44 0
36 27 0 -44 22 22
36 36 0 -44 0 44
36 -36 -72 -43 172 215
36 -36 0 -43 172 -129
36 -18 -18 -43 129 -86
36 -18 0 -43 129 -86
36 0 -36 -43 86 129
36 0 0 -43 86 -43
36 18 0 -43 43 0
36 36 0 -43 0 43
36 -36 -72 -42 168 210
36 -36 0 -42 168 -126
36 -33 0 -42 161 -119
36 -30 0 -42 154 -112
36 -27 0 -42 147 -105
36 -24 0 -42 140 -98
36 -21 0 -42 133 -91
36 -18 -18 -42 126 -84
36 -18 0 -42 126 -84
36 -15 0 -42 119 -77
36 -12 0 -42 112 -70
36 -9 0 -42 105 -63
36 -6 0 -42 98 -56
36 -3 0 -42 91 -49
36 0 -36 -42 84 126
36 0 0 -42 84 -42
36 3 0 -42 77 -35
36 6 0 -42 70 -28
36 9 0 -42 63 -21
36 12 0 -42 56 -14
36 15 0 -42 49 -7
36 18 0 -42 42 0
36 21 0 -42 35 7
36 24 0 -42 28 14
36 27 0 -42 21 21
36 30 0 -42 14 28
36 33 0 -42 7 35
36 36 0 -42 0 42
36 -36 -72 -41 164 205
36 -36 0 -41 164 -123
36 -18 -18 -41 123 -82
36 -18 0 -41 123 -82
36 0 -36 -41 82 123
36 0 0 -41 82 -41
36 18 0 -41 41 0
36 36 0 -41 0 41
36 -36 -72 -40 160 200
36 -36 0 -40 160 -120
36 -27 -5 -40 140 -120
36 -27 -4 -40 140 -120
36 -27 0 -40 140 -100
36 -18 -54 -40 120 160
36 -18 -18 -40 120 -80
36 -18 0 -40 120 -80
36 -9 0 -40 100 -60
36 0 -36 -40 80 120
36 0 0 -40 80 -40
36 9 0 -40 60 -20
36 18 -18 -40 40 80
36 18 0 -40 40 0
36 27 0 -40 20 20
36 36 0 -40 0 40
36 -36 -72 -39 156 195
36 -36 0 -39 156 -117
36 -30 0 -39 143 -104
36 -24 0 -39 130 -91
36 -18 -18 -39 117 -78
36 -18 0 -39 117 -78
36 -12 0 -39 104 -65
36 -6 0 -39 91 -52
36 0 -36 -39 78 117
36 0 0 -39 78 -39
36 6 0 -39 65 -26
36 12 0 -39 52 -13
36 18 0 -39 39 0
36 24 0 -39 26 13
36 30 0 -39 13 26
36 36 0 -39 0 39
36 -36 -72 -38 152 190
36 -36 0 -38 152 -114
36 -27 0 -38 133 -95
36 -18 -18 -38 114 -76
36 -18 0 -38 114 -76
36 -9 0 -38 95 -57
36 0 -36 -38 76 114
36 0 0 -38 76 -38
36 9 0 -38 57 -19
36 18 0 -38 38 0
36 27 0 -38 19 19
36 36 0 -38 0 38
36 -36 -74 -37 148 -111
36 -36 -72 -37 148 185
36 -36 0 -37 148 -111
36 -36 2 -37 148 -111
36 -18 -18 -37 111 -74
36 -18 0 -37 111 -74
36 0 -148 -37 74 111
36 0 -37 -37 74 0
36 0 -36 -37 74 111
36 0 0 -37 74 -37
36 0 1 -37 74 0
36 0 4 -37 74 111
36 0 9 -37 74 296
36 18 0 -37 37 0
36 36 0 -37 0 37
36 -36 -72 -36 144 180
36 -36 0 -36 144 -108
36 -35 0 -36 142 -106
36 -34 0 -36 140 -104
36 -33 0 -36 138 -102
36 -32 0 -36 136 -100
36 -31 0 -36 134 -98
36 -30 -66 -36 132 168
36 -30 0 -36 132 -96
36 -29 0 -36 130 -94
36 -28 0 -36 128 -92
36 -27 -6 -36 126 -108
36 -27 -3 -36 126 -108
36 -27 0 -36 126 -90
36 -26 -8 -36 124 -104
36 -26 -2 -36 124 -104
36 -26 0 -36 124 -88
36 -25 0 -36 122 -86
36 -24 -60 -36 120 156
36 -24 0 -36 120 -84
36 -23 0 -36 118 -82
36 -22 0 -36 116 -80
36 -21 0 -36 114 -78
36 -20 0 -36 112 -76
36 -19 0 -36 110 -74
36 -18 -54 -36 108 144
36 -18 -18 -36 108 -72
36 -18 0 -36 108 -72
36 -17 0 -36 106 -70
36 -16 0 -36 104 -68
36 -15 0 -36 102 -66
36 -14 0 -36 100 -64
36 -13 0 -36 98 -62
36 -12 -48 -36 96 132
36 -12 0 -36 96 -60
36 -11 0 -36 94 -58
36 -10 0 -36 92 -56
36 -9 0 -36 90 -54
36 -8 0 -36 88 -52
36 -7 0 -36 86 -50
36 -6 -42 -36 84 120
36 -6 0 -36 84 -48
36 -5 0 -36 82 -46
36 -4 0 -36 80 -44
36 -3 0 -36 78 -42
36 -2 0 -36 76 -40
36 -1 0 -36 74 -38
36 0 -36 -36 72 108
36 0 0 -36 72 -36
36 1 -38 -36 70 4
36 1 0 -36 70 -34
36 1 1 -36 70 4
36 2 0 -36 68 -32
36 3 0 -36 66 -30
36 4 0 -36 64 -28
36 5 0 -36 62 -26
36 6 -30 -36 60 96
36 6 0 -36 60 -24
36 7 0 -36 58 -22
36 8 0 -36 56 -20
36 9 0 -36 54 -18
36 10 0 -36 52 -16
36 11 0 -36 50 -14
36 12 -24 -36 48 84
36 12 0 -36 48 -12
36 13 0 -36 46 -10
36 14 0 -36 44 -8
36 15 0 -36 42 -6
36 16 0 -36 40 -4
36 17 0 -36 38 -2
36 18 -18 -36 36 72
36 18 0 -36 36 0
36 19 0 -36 34 2
36 20 0 -36 32 4
36 21 0 -36 30 6
36 22 0 -36 28 8
36 23 0 -36 26 10
36 24 -12 -36 24 60
36 24 0 -36 24 12
36 25 0 -36 22 14
36 26 0 -36 20 16
36 27 0 -36 18 18
36 28 0 -36 16 20
36 29 0 -36 14 22
36 30 -6 -36 12 48
36 30 0 -36 12 24
36 31 0 -36 10 26
36 32 0 -36 8 28
36 33 0 -36 6 30
36 34 0 -36 4 32
36 35 0 -36 2 34
36 36 0 -36 0 36
36 -36 -72 -35 140 175
36 -36 0 -35 140 -105
36 -18 -18 -35 105 -70
36 -18 0 -35 105 -70
36 0 -36 -35 70 105
36 0 0 -35 70 -35
36 18 0 -35 35 0
36 36 0 -35 0 35
36 -36 -72 -34 136 170
36 -36 0 -34 136 -102
36 -27 0 -34 119 -85
36 -18 -18 -34 102 -68
36 -18 0 -34 102 -68
36 -9 0 -34 85 -51
36 0 -36 -34 68 102
36 0 0 -34 68 -34
36 9 0 -34 51 -17
36 18 0 -34 34 0
36 27 0 -34 17 17
36 36 0 -34 0 34
36 -36 -72 -33 132 165
36 -36 0 -33 132 -99
36 -30 0 -33 121 -88
36 -24 -11 -33 110 -88
36 -24 -1 -33 110 -88
36 -24 0 -33 110 -77
36 -18 -18 -33 99 -66
36 -18 0 -33 99 -66
36 -12 0 -33 88 -55
36 -6 0 -33 77 -44
36 0 -36 -33 66 99
36 0 0 -33 66 -33
36 6 0 -33 55 -22
36 12 0 -33 44 -11
36 18 0 -33 33 0
36 24 0 -33 22 11
36 30 0 -33 11 22
36 36 0 -33 0 33
36 -36 -72 -32 128 160
36 -36 0 -32 128 -96
36 -27 0 -32 112 -80
36 -18 -54 -32 96 128
36 -18 -18 -32 96 -64
36 -18 0 -32 96 -64
36 -9 0 -32 80 -48
36 0 -36 -32 64 96
36 0 0 -32 64 -32
36 9 0 -32 48 -16
36 18 -18 -32 32 64
36 18 0 -32 32 0
36 27 0 -32 16 16
36 36 0 -32 0 32
36 -36 -72 -31 124 155
36 -36 0 -31 124 -93
36 -18 -18 -31 93 -62
36 -18 0 -31 93 -62
36 0 -36 -31 62 93
36 0 0 -31 62 -31
36 18 0 -31 31 0
36 36 0 -31 0 31
36 -36 -72 -30 120 150
36 -36 0 -30 120 -90
36 -33 0 -30 115 -85
36 -30 0 -30 110 -80
36 -27 0 -30 105 -75
36 -24 0 -30 100 -70
36 -21 0 -30 95 -65
36 -18 -18 -30 90 -60
36 -18 0 -30 90 -60
36 -15 0 -30 85 -55
36 -12 0 -30 80 -50
36 -9 0 -30 75 -45
36 -6 0 -30 70 -40
36 -3 0 -30 65 -35
36 0 -36 -30 60 90
36 0 0 -30 60 -30
36 3 0 -30 55 -25
36 6 0 -30 50 -20
36 9 0 -30 45 -15
36 12 0 -30 40 -10
36 15 0 -30 35 -5
36 18 0 -30 30 0
36 21 0 -30 25 5
36 24 0 -30 20 10
36 27 0 -30 15 15
36 30 0 -30 10 20
36 33 0 -30 5 25
36 36 0 -30 0 30
36 -36 -72 -29 116 145
36 -36 0 -29 116 -87
36 -18 -18 -29 87 -58
36 -18 0 -29 87 -58
36 0 -36 -29 58 87
36 0 0 -29 58 -29
36 18 0 -29 29 0
36 36 0 -29 0 29
36 -36 -72 -28 112 140
36 -36 0 -28 112 -84
36 -27 -7 -28 98 -84
36 -27 -2 -28 98 -84
36 -27 0 -28 98 -70
36 -18 -54 -28 84 112
36 -18 -18 -28 84 -56
36 -18 0 -28 84 -56
36 -9 0 -28 70 -42
36 0 -36 -28 56 84
36 0 0 -28 56 -28
36 9 0 -28 42 -14
36 18 -18 -28 28 56
36 18 0 -28 28 0
36 27 0 -28 14 14
36 36 0 -28 0 28
36 -36 -72 -27 108 135
36 -36 0 -27 108 -81
36 -34 0 -27 105 -78
36 -32 0 -27 102 -75
36 -30 0 -27 99 -72
36 -28 -5 -27 96 -84
36 -28 -3 -27 96 -84
36 -28 0 -27 96 -69
36 -26 0 -27 93 -66
36 -24 -60 -27 90 117
36 -24 0 -27 90 -63
36 -22 0 -27 87 -60
36 -20 0 -27 84 -57
36 -18 -18 -27 81 -54
36 -18 0 -27 81 -54
36 -16 0 -27 78 -51
36 -14 0 -27 75 -48
36 -12 -48 -27 72 99
36 -12 0 -27 72 -45
36 -10 0 -27 69 -42
36 -8 0 -27 66 -39
36 -6 0 -27 63 -36
36 -4 0 -27 60 -33
36 -2 0 -27 57 -30
36 0 -36 -27 54 81
36 0 0 -27 54 -27
36 2 0 -27 51 -24
36 4 0 -27 48 -21
36 6 0 -27 45 -18
36 8 0 -27 42 -15
36 10 0 -27 39 -12
36 12 -24 -27 36 63
36 12 0 -27 36 -9
36 14 0 -27 33 -6
36 16 0 -27 30 -3
36 18 0 -27 27 0
36 20 -57 -27 24 60
36 20 0 -27 24 3
36 20 1 -27 24 60
36 22 0 -27 21 6
36 24 -12 -27 18 45
36 24 0 -27 18 9
36 26 0 -27 15 12
36 28 0 -27 12 15
36 30 0 -27 9 18
36 32 0 -27 6 21
36 34 0 -27 3 24
36 36 0 -27 0 27
36 -36 -72 -26 104 130
36 -36 0 -26 104 -78
36 -27 0 -26 91 -65
36 -18 -18 -26 78 -52
36 -18 0 -26 78 -52
36 -9 0 -26 65 -39
36 0 -36 -26 52 78
36 0 0 -26 52 -26
36 9 0 -26 39 -13
36 18 0 -26 26 0
36 27 0 -26 13 13
36 36 0 -26 0 26
36 -36 -72 -25 100 125
36 -36 0 -25 100 -75
36 -18 -18 -25 75 -50
36 -18 0 -25 75 -50
36 0 -36 -25 50 75
36 0 0 -25 50 -25
36 18 0 -25 25 0
36 36 0 -25 0 25
36 -36 -72 -24 96 120
36 -36 0 -24 96 -72
36 -33 0 -24 92 -68
36 -30 0 -24 88 -64
36 -27 0 -24 84 -60
36 -24 0 -24 80 -56
36 -21 0 -24 76 -52
36 -18 -54 -24 72 96
36 -18 -18 -24 72 -48
36 -18 0 -24 72 -48
36 -15 0 -24 68 -44
36 -12 0 -24 64 -40
36 -9 0 -24 60 -36
36 -6 0 -24 56 -32
36 -3 0 -24 52 -28
36 0 -36 -24 48 72
36 0 0 -24 48 -24
36 3 0 -24 44 -20
36 6 0 -24 40 -16
36 9 0 -24 36 -12
36 12 0 -24 32 -8
36 15 0 -24 28 -4
36 18 -18 -24 24 48
36 18 0 -24 24 0
36 21 0 -24 20 4
36 24 0 -24 16 8
36 27 0 -24 12 12
36 30 0 -24 8 16
36 33 0 -24 4 20
36 36 0 -24 0 24
36 -36 -72 -23 92 115
36 -36 0 -23 92 -69
36 -18 -18 -23 69 -46
36 -18 0 -23 69 -46
36 0 -36 -23 46 69
36 0 0 -23 46 -23
36 18 0 -23 23 0
36 36 0 -23 0 23
36 -36 -72 -22 88 110
36 -36 0 -22 88 -66
36 -27 0 -22 77 -55
36 -18 -18 -22 66 -44
36 -18 0 -22 66 -44
36 -9 0 -22 55 -33
36 0 -36 -22 44 66
36 0 0 -22 44 -22
36 9 0 -22 33 -11
36 18 0 -22 22 0
36 27 0 -22 11 11
36 36 0 -22 0 22
36 -36 -72 -21 84 105
36 -36 0 -21 84 -63
36 -30 0 -21 77 -56
36 -24 0 -21 70 -49
36 -18 -18 -21 63 -42
36 -18 0 -21 63 -42
36 -12 0 -21 56 -35
36 -6 0 -21 49 -28
36 0 -36 -21 42 63
36 0 0 -21 42 -21
36 6 0 -21 35 -14
36 12 0 -21 28 -7
36 18 0 -21 21 0
36 24 0 -21 14 7
36 30 0 -21 7 14
36 36 0 -21 0 21
36 -36 -72 -20 80 100
36 -36 0 -20 80 -60
36 -27 0 -20 70 -50
36 -18 -54 -20 60 80
36 -18 -18 -20 60 -40
36 -18 0 -20 60 -40
36 -9 0 -20 50 -30
36 0 -36 -20 40 60
36 0 0 -20 40 -20
36 9 0 -20 30 -10
36 18 -18 -20 20 40
36 18 0 -20 20 0
36 27 0 -20 10 10
36 36 0 -20 0 20
36 -36 -72 -19 76 95
36 -36 0 -19 76 -57
36 -18 -18 -19 57 -38
36 -18 0 -19 57 -38
36 0 -36 -19 38 57
36 0 0 -19 38 -19
36 18 0 -19 19 0
36 36 0 -19 0 19
36 -36 -72 -18 72 90
36 -36 0 -18 72 -54
36 -35 0 -18 71 -53
36 -34 0 -18 70 -52
36 -33 0 -18 69 -51
36 -32 0 -18 68 -50
36 -31 0 -18 67 -49
36 -30 0 -18 66 -48
36 -29 0 -18 65 -47
36 -28 0 -18 64 -46
36 -27 0 -18 63 -45
36 -26 0 -18 62 -44
36 -25 0 -18 61 -43
36 -24 -60 -18 60 78
36 -24 0 -18 60 -42
36 -23 0 -18 59 -41
36 -22 0 -18 58 -40
36 -21 0 -18 57 -39
36 -20 0 -18 56 -38
36 -19 0 -18 55 -37
36 -18 -18 -18 54 -36
36 -18 0 -18 54 -36
36 -17 0 -18 53 -35
36 -16 0 -18 52 -34
36 -15 0 -18 51 -33
36 -14 0 -18 50 -32
36 -13 0 -18 49 -31
36 -12 -48 -18 48 66
36 -12 0 -18 48 -30
36 -11 0 -18 47 -29
36 -10 0 -18 46 -28
36 -9 0 -18 45 -27
36 -8 0 -18 44 -26
36 -7 0 -18 43 -25
36 -6 0 -18 42 -24
36 -5 0 -18 41 -23
36 -4 0 -18 40 -22
36 -3 0 -18 39 -21
36 -2 0 -18 38 -20
36 -1 0 -18 37 -19
36 0 -36 -18 36 54
36 0 0 -18 36 -18
36 1 0 -18 35 -17
36 2 0 -18 34 -16
36 3 0 -18 33 -15
36 4 0 -18 32 -14
36 5 0 -18 31 -13
36 6 0 -18 30 -12
36 7 0 -18 29 -11
36 8 0 -18 28 -10
36 9 0 -18 27 -9
36 10 0 -18 26 -8
36 11 0 -18 25 -7
36 12 -24 -18 24 42
36 12 0 -18 24 -6
36 13 0 -18 23 -5
36 14 0 -18 22 -4
36 15 0 -18 21 -3
36 16 0 -18 20 -2
36 17 0 -18 19 -1
36 18 0 -18 18 0
36 19 0 -18 17 1
36 20 0 -18 16 2
36 21 0 -18 15 3
36 22 0 -18 14 4
36 23 0 -18 13 5
36 24 -12 -18 12 30
36 24 0 -18 12 6
36 25 0 -18 11 7
36 26 0 -18 10 8
36 27 0 -18 9 9
36 28 0 -18 8 10
36 29 0 -18 7 11
36 30 0 -18 6 12
36 31 0 -18 5 13
36 32 0 -18 4 14
36 33 0 -18 3 15
36 34 0 -18 2 16
36 35 0 -18 1 17
36 36 0 -18 0 18
36 -36 -72 -17 68 85
36 -36 0 -17 68 -51
36 -18 -18 -17 51 -34
36 -18 0 -17 51 -34
36 0 -36 -17 34 51
36 0 0 -17 34 -17
36 18 0 -17 17 0
36 36 0 -17 0 17
36 -36 -72 -16 64 80
36 -36 0 -16 64 -48
36 -27 -8 -16 56 -48
36 -27 -1 -16 56 -48
36 -27 0 -16 56 -40
36 -18 -54 -16 48 64
36 -18 -18 -16 48 -32
36 -18 0 -16 48 -32
36 -9 0 -16 40 -24
36 0 -36 -16 32 48
36 0 0 -16 32 -16
36 9 0 -16 24 -8
36 18 -18 -16 16 32
36 18 0 -16 16 0
36 27 0 -16 8 8
36 36 0 -16 0 16
36 -36 -72 -15 60 75
36 -36 0 -15 60 -45
36 -30 0 -15 55 -40
36 -24 0 -15 50 -35
36 -18 -18 -15 45 -30
36 -18 0 -15 45 -30
36 -12 0 -15 40 -25
36 -6 0 -15 35 -20
36 0 -36 -15 30 45
36 0 0 -15 30 -15
36 6 0 -15 25 -10
36 12 0 -15 20 -5
36 18 0 -15 15 0
36 24 0 -15 10 5
36 30 0 -15 5 10
36 36 0 -15 0 15
36 -36 -72 -14 56 70
36 -36 0 -14 56 -42
36 -27 0 -14 49 -35
36 -18 -18 -14 42 -28
36 -18 0 -14 42 -28
36 -9 0 -14 35 -21
36 0 -36 -14 28 42
36 0 0 -14 28 -14
36 9 0 -14 21 -7
36 18 0 -14 14 0
36 27 0 -14 7 7
36 36 0 -14 0 14
36 -36 -72 -13 52 65
36 -36 0 -13 52 -39
36 -18 -18 -13 39 -26
36 -18 0 -13 39 -26
36 0 -36 -13 26 39
36 0 0 -13 26 -13
36 18 0 -13 13 0
36 36 0 -13 0 13
36 -36 -72 -12 48 60
36 -36 0 -12 48 -36
36 -33 0 -12 46 -34
36 -30 -4 -12 44 -40
36 -30 -2 -12 44 -40
36 -30 0 -12 44 -32
36 -27 0 -12 42 -30
36 -24 0 -12 40 -28
36 -21 0 -12 38 -26
36 -18 -54 -12 36 48
36 -18 -18 -12 36 -24
36 -18 0 -12 36 -24
36 -15 0 -12 34 -22
36 -12 0 -12 32 -20
36 -9 0 -12 30 -18
36 -6 0 -12 28 -16
36 -3 0 -12 26 -14
36 0 -36 -12 24 36
36 0 0 -12 24 -12
36 3 0 -12 22 -10
36 6 0 -12 20 -8
36 9 0 -12 18 -6
36 12 0 -12 16 -4
36 15 0 -12 14 -2
36 18 -18 -12 12 24
36 18 0 -12 12 0
36 21 0 -12 10 2
36 24 0 -12 8 4
36 27 0 -12 6 6
36 30 0 -12 4 8
36 33 0 -12 2 10
36 36 0 -12 0 12
36 -36 -72 -11 44 55
36 -36 0 -11 44 -33
36 -18 -18 -11 33 -22
36 -18 0 -11 33 -22
36 0 -36 -11 22 33
36 0 0 -11 22 -11
36 18 0 -11 11 0
36 36 0 -11 0 11
36 -36 -72 -10 40 50
36 -36 0 -10 40 -30
36 -27 0 -10 35 -25
36 -18 -18 -10 30 -20
36 -18 0 -10 30 -20
36 -9 0 -10 25 -15
36 0 -36 -10 20 30
36 0 0 -10 20 -10
36 9 0 -10 15 -5
36 18 0 -10 10 0
36 27 0 -10 5 5
36 36 0 -10 0 10
36 -36 -72 -9 36 45
36 -36 0 -9 36 -27
36 -34 0 -9 35 -26
36 -32 0 -9 34 -25
36 -30 0 -9 33 -24
36 -28 0 -9 32 -23
36 -26 0 -9 31 -22
36 -24 -60 -9 30 39
36 -24 0 -9 30 -21
36 -22 0 -9 29 -20
36 -20 0 -9 28 -19
36 -18 -18 -9 27 -18
36 -18 0 -9 27 -18
36 -16 0 -9 26 -17
36 -14 0 -9 25 -16
36 -12 -48 -9 24 33
36 -12 0 -9 24 -15
36 -10 0 -9 23 -14
36 -8 0 -9 22 -13
36 -6 0 -9 21 -12
36 -4 0 -9 20 -11
36 -2 0 -9 19 -10
36 0 -36 -9 18 27
36 0 0 -9 18 -9
36 2 0 -9 17 -8
36 4 0 -9 16 -7
36 6 0 -9 15 -6
36 8 0 -9 14 -5
36 10 0 -9 13 -4
36 12 -24 -9 12 21
36 12 0 -9 12 -3
36 14 0 -9 11 -2
36 16 0 -9 10 -1
36 18 0 -9 9 0
36 20 0 -9 8 1
36 22 0 -9 7 2
36 24 -12 -9 6 15
36 24 0 -9 6 3
36 26 0 -9 5 4
36 28 0 -9 4 5
36 30 0 -9 3 6
36 32 0 -9 2 7
36 34 0 -9 1 8
36 36 0 -9 0 9
36 -36 -72 -8 32 40
36 -36 0 -8 32 -24
36 -27 0 -8 28 -20
36 -18 -54 -8 24 32
36 -18 -18 -8 24 -16
36 -18 0 -8 24 -16
36 -9 0 -8 20 -12
36 0 -36 -8 16 24
36 0 0 -8 16 -8
36 9 0 -8 12 -4
36 18 -18 -8 8 16
36 18 0 -8 8 0
36 27 0 -8 4 4
36 36 0 -8 0 8
36 -36 -72 -7 28 35
36 -36 0 -7 28 -21
36 -18 -18 -7 21 -14
36 -18 0 -7 21 -14
36 0 -36 -7 14 21
36 0 0 -7 14 -7
36 18 0 -7 7 0
36 36 0 -7 0 7
36 -36 -72 -6 24 30
36 -36 0 -6 24 -18
36 -33 0 -6 23 -17
36 -30 0 -6 22 -16
36 -27 0 -6 21 -15
36 -24 0 -6 20 -14
36 -21 0 -6 19 -13
36 -18 -18 -6 18 -12
36 -18 0 -6 18 -12
36 -15 0 -6 17 -11
36 -12 0 -6 16 -10
36 -9 0 -6 15 -9
36 -6 0 -6 14 -8
36 -3 0 -6 13 -7
36 0 -36 -6 12 18
36 0 0 -6 12 -6
36 3 0 -6 11 -5
36 6 0 -6 10 -4
36 9 0 -6 9 -3
36 12 0 -6 8 -2
36 15 0 -6 7 -1
36 18 0 -6 6 0
36 21 0 -6 5 1
36 24 0 -6 4 2
36 27 0 -6 3 3
36 30 0 -6 2 4
36 33 0 -6 1 5
36 36 0 -6 0 6
36 -36 -72 -5 20 25
36 -36 0 -5 20 -15
36 -18 -18 -5 15 -10
36 -18 0 -5 15 -10
36 0 -36 -5 10 15
36 0 0 -5 10 -5
36 18 0 -5 5 0
36 36 0 -5 0 5
36 -36 -72 -4 16 20
36 -36 0 -4 16 -12
36 -27 0 -4 14 -10
36 -18 -54 -4 12 16
36 -18 -18 -4 12 -8
36 -18 0 -4 12 -8
36 -9 0 -4 10 -6
36 0 -36 -4 8 12
36 0 0 -4 8 -4
36 9 0 -4 6 -2
36 18 -18 -4 4 8
36 18 0 -4 4 0
36 27 0 -4 2 2
36 36 0 -4 0 4
36 -36 -72 -3 12 15
36 -36 0 -3 12 -9
36 -30 0 -3 11 -8
36 -24 0 -3 10 -7
36 -18 -18 -3 9 -6
36 -18 0 -3 9 -6
36 -12 0 -3 8 -5
36 -6 0 -3 7 -4
36 0 -36 -3 6 9
36 0 0 -3 6 -3
36 6 0 -3 5 -2
36 12 0 -3 4 -1
36 18 0 -3 3 0
36 24 0 -3 2 1
36 30 0 -3 1 2
36 36 0 -3 0 3
36 -36 -72 -2 8 10
36 -36 0 -2 8 -6
36 -27 0 -2 7 -5
36 -18 -18 -2 6 -4
36 -18 0 -2 6 -4
36 -9 0 -2 5 -3
36 0 -36 -2 4 6
36 0 0 -2 4 -2
36 9 0 -2 3 -1
36 18 0 -2 2 0
36 27 0 -2 1 1
36 36 0 -2 0 2
36 -36 -72 -1 4 5
36 -36 0 -1 4 -3
36 -18 -18 -1 3 -2
36 -18 0 -1 3 -2
36 0 -36 -1 2 3
36 0 0 -1 2 -1
36 18 0 -1 1 0
36 36 0 -1 0 1
36 -36 -72 1 -4 -5
36 -36 -1 1 -4 4
36 -36 0 1 -4 3
36 -36 1 1 -4 4
36 -18 -18 1 -3 2
36 -18 0 1 -3 2
36 0 -36 1 -2 -3
36 0 0 1 -2 1
36 18 0 1 -1 0
36 36 0 1 0 -1
36 -36 -72 2 -8 -10
36 -36 0 2 -8 6
36 -27 0 2 -7 5
36 -18 -18 2 -6 4
36 -18 0 2 -6 4
36 -9 0 2 -5 3
36 0 -36 2 -4 -6
36 0 0 2 -4 2
36 9 0 2 -3 1
36 18 0 2 -2 0
36 27 0 2 -1 -1
36 36 0 2 0 -2
36 -36 -72 3 -12 -15
36 -36 0 3 -12 9
36 -30 0 3 -11 8
36 -24 0 3 -10 7
36 -18 -18 3 -9 6
36 -18 0 3 -9 6
36 -12 0 3 -8 5
36 -6 0 3 -7 4
36 0 -36 3 -6 -9
36 0 0 3 -6 3
36 6 0 3 -5 2
36 12 0 3 -4 1
36 18 0 3 -3 0
36 24 0 3 -2 -1
36 30 0 3 -1 -2
36 36 0 3 0 -3
36 -36 -72 4 -16 -20
36 -36 -2 4 -16 16
36 -36 0 4 -16 12
36 -36 2 4 -16 16
36 -27 0 4 -14 10
36 -18 -54 4 -12 -16
36 -18 -18 4 -12 8
36 -18 0 4 -12 8
36 -9 0 4 -10 6
36 0 -36 4 -8 -12
36 0 0 4 -8 4
36 9 0 4 -6 2
36 18 -18 4 -4 -8
36 18 0 4 -4 0
36 27 0 4 -2 -2
36 36 0 4 0 -4
36 -36 -72 5 -20 -25
36 -36 0 5 -20 15
36 -18 -18 5 -15 10
36 -18 0 5 -15 10
36 0 -36 5 -10 -15
36 0 0 5 -10 5
36 18 0 5 -5 0
36 36 0 5 0 -5
36 -36 -72 6 -24 -30
36 -36 0 6 -24 18
36 -33 0 6 -23 17
36 -30 0 6 -22 16
36 -27 0 6 -21 15
36 -24 0 6 -20 14
36 -21 0 6 -19 13
36 -18 -18 6 -18 12
36 -18 0 6 -18 12
36 -15 0 6 -17 11
36 -12 0 6 -16 10
36 -9 0 6 -15 9
36 -6 0 6 -14 8
36 -3 0 6 -13 7
36 0 -36 6 -12 -18
36 0 0 6 -12 6
36 3 0 6 -11 5
36 6 0 6 -10 4
36 9 0 6 -9 3
36 12 0 6 -8 2
36 15 0 6 -7 1
36 18 0 6 -6 0
36 21 0 6 -5 -1
36 24 0 6 -4 -2
36 27 0 6 -3 -3
36 30 0 6 -2 -4
36 33 0 6 -1 -5
36 36 0 6 0 -6
36 -36 -72 7 -28 -35
36 -36 0 7 -28 21
36 -18 -18 7 -21 14
36 -18 0 7 -21 14
36 0 -36 7 -14 -21
36 0 0 7 -14 7
36 18 0 7 -7 0
36 36 0 7 0 -7
36 -36 -72 8 -32 -40
36 -36 0 8 -32 24
36 -27 0 8 -28 20
36 -18 -54 8 -24 -32
36 -18 -18 8 -24 16
36 -18 0 8 -24 16
36 -9 0 8 -20 12
36 0 -36 8 -16 -24
36 0 0 8 -16 8
36 9 0 8 -12 4
36 18 -18 8 -8 -16
36 18 0 8 -8 0
36 27 0 8 -4 -4
36 36 0 8 0 -8
36 -36 -72 9 -36 -45
36 -36 -3 9 -36 36
36 -36 0 9 -36 27
36 -36 3 9 -36 36
36 -34 -4 9 -35 34
36 -34 0 9 -35 26
36 -34 2 9 -35 34
36 -32 0 9 -34 25
36 -30 0 9 -33 24
36 -28 0 9 -32 23
36 -26 0 9 -31 22
36 -24 -60 9 -30 -39
36 -24 0 9 -30 21
36 -22 0 9 -29 20
36 -20 0 9 -28 19
36 -18 -18 9 -27 18
36 -18 0 9 -27 18
36 -16 0 9 -26 17
36 -14 0 9 -25 16
36 -12 -48 9 -24 -33
36 -12 0 9 -24 15
36 -10 0 9 -23 14
36 -8 0 9 -22 13
36 -6 0 9 -21 12
36 -4 0 9 -20 11
36 -2 0 9 -19 10
36 0 -36 9 -18 -27
36 0 0 9 -18 9
36 2 0 9 -17 8
36 4 0 9 -16 7
36 6 0 9 -15 6
36 8 0 9 -14 5
36 10 0 9 -13 4
36 12 -24 9 -12 -21
36 12 0 9 -12 3
36 14 0 9 -11 2
36 16 0 9 -10 1
36 18 0 9 -9 0
36 20 0 9 -8 -1
36 22 0 9 -7 -2
36 24 -12 9 -6 -15
36 24 0 9 -6 -3
36 26 0 9 -5 -4
36 28 0 9 -4 -5
36 30 0 9 -3 -6
36 32 0 9 -2 -7
36 34 0 9 -1 -8
36 36 0 9 0 -9
36 -36 -72 10 -40 -50
36 -36 0 10 -40 30
36 -27 0 10 -35 25
36 -18 -18 10 -30 20
36 -18 0 10 -30 20
36 -9 0 10 -25 15
36 0 -36 10 -20 -30
36 0 0 10 -20 10
36 9 0 10 -15 5
36 18 0 10 -10 0
36 27 0 10 -5 -5
36 36 0 10 0 -10
36 -36 -72 11 -44 -55
36 -36 0 11 -44 33
36 -18 -18 11 -33 22
36 -18 0 11 -33 22
36 0 -36 11 -22 -33
36 0 0 11 -22 11
36 18 0 11 -11 0
36 36 0 11 0 -11
36 -36 -72 12 -48 -60
36 -36 0 12 -48 36
36 -33 -5 12 -46 44
36 -33 0 12 -46 34
36 -33 2 12 -46 44
36 -30 0 12 -44 32
36 -27 0 12 -42 30
36 -24 0 12 -40 28
36 -21 0 12 -38 26
36 -18 -54 12 -36 -48
36 -18 -18 12 -36 24
36 -18 0 12 -36 24
36 -15 0 12 -34 22
36 -12 0 12 -32 20
36 -9 0 12 -30 18
36 -6 0 12 -28 16
36 -3 0 12 -26 14
36 0 -36 12 -24 -36
36 0 0 12 -24 12
36 3 0 12 -22 10
36 6 0 12 -20 8
36 9 0 12 -18 6
36 12 0 12 -16 4
36 15 0 12 -14 2
36 18 -18 12 -12 -24
36 18 0 12 -12 0
36 21 0 12 -10 -2
36 24 0 12 -8 -4
36 27 0 12 -6 -6
36 30 0 12 -4 -8
36 33 0 12 -2 -10
36 36 0 12 0 -12
36 -36 -72 13 -52 -65
36 -36 0 13 -52 39
36 -18 -18 13 -39 26
36 -18 0 13 -39 26
36 0 -36 13 -26 -39
36 0 0 13 -26 13
36 18 0 13 -13 0
36 36 0 13 0 -13
36 -36 -72 14 -56 -70
36 -36 0 14 -56 42
36 -27 0 14 -49 35
36 -18 -18 14 -42 28
36 -18 0 14 -42 28
36 -9 0 14 -35 21
36 0 -36 14 -28 -42
36 0 0 14 -28 14
36 9 0 14 -21 7
36 18 0 14 -14 0
36 27 0 14 -7 -7
36 36 0 14 0 -14
36 -36 -72 15 -60 -75
36 -36 0 15 -60 45
36 -30 0 15 -55 40
36 -24 0 15 -50 35
36 -18 -18 15 -45 30
36 -18 0 15 -45 30
36 -12 0 15 -40 25
36 -6 0 15 -35 20
36 0 -36 15 -30 -45
36 0 0 15 -30 15
36 6 0 15 -25 10
36 12 0 15 -20 5
36 18 0 15 -15 0
36 24 0 15 -10 -5
36 30 0 15 -5 -10
36 36 0 15 0 -15
36 -36 -72 16 -64 -80
36 -36 -4 16 -64 64
36 -36 0 16 -64 48
36 -36 4 16 -64 64
36 -27 0 16 -56 40
36 -18 -54 16 -48 -64
36 -18 -18 16 -48 32
36 -18 0 16 -48 32
36 -9 0 16 -40 24
36 0 -36 16 -32 -48
36 0 0 16 -32 16
36 9 0 16 -24 8
36 18 -18 16 -16 -32
36 18 0 16 -16 0
36 27 0 16 -8 -8
36 36 0 16 0 -16
36 -36 -72 17 -68 -85
36 -36 0 17 -68 51
36 -18 -18 17 -51 34
36 -18 0 17 -51 34
36 0 -36 17 -34 -51
36 0 0 17 -34 17
36 18 0 17 -17 0
36 36 0 17 0 -17
36 -36 -72 18 -72 -90
36 -36 0 18 -72 54
36 -35 0 18 -71 53
36 -34 0 18 -70 52
36 -33 0 18 -69 51
36 -32 0 18 -68 50
36 -31 0 18 -67 49
36 -30 0 18 -66 48
36 -29 0 18 -65 47
36 -28 0 18 -64 46
36 -27 0 18 -63 45
36 -26 0 18 -62 44
36 -25 0 18 -61 43
36 -24 -60 18 -60 -78
36 -24 0 18 -60 42
36 -23 0 18 -59 41
36 -22 0 18 -58 40
36 -21 0 18 -57 39
36 -20 0 18 -56 38
36 -19 0 18 -55 37
36 -18 -18 18 -54 36
36 -18 0 18 -54 36
36 -17 0 18 -53 35
36 -16 0 18 -52 34
36 -15 0 18 -51 33
36 -14 0 18 -50 32
36 -13 0 18 -49 31
36 -12 -48 18 -48 -66
36 -12 0 18 -48 30
36 -11 0 18 -47 29
36 -10 0 18 -46 28
36 -9 0 18 -45 27
36 -8 0 18 -44 26
36 -7 0 18 -43 25
36 -6 0 18 -42 24
36 -5 0 18 -41 23
36 -4 0 18 -40 22
36 -3 0 18 -39 21
36 -2 0 18 -38 20
36 -1 0 18 -37 19
36 0 -36 18 -36 -54
36 0 0 18 -36 18
36 1 0 18 -35 17
36 2 0 18 -34 16
36 3 0 18 -33 15
36 4 0 18 -32 14
36 5 0 18 -31 13
36 6 0 18 -30 12
36 7 0 18 -29 11
36 8 0 18 -28 10
36 9 0 18 -27 9
36 10 0 18 -26 8
36 11 0 18 -25 7
36 12 -24 18 -24 -42
36 12 0 18 -24 6
36 13 0 18 -23 5
36 14 0 18 -22 4
36 15 0 18 -21 3
36 16 0 18 -20 2
36 17 0 18 -19 1
36 18 0 18 -18 0
36 19 0 18 -17 -1
36 20 0 18 -16 -2
36 21 0 18 -15 -3
36 22 0 18 -14 -4
36 23 0 18 -13 -5
36 24 -12 18 -12 -30
36 24 0 18 -12 -6
36 25 0 18 -11 -7
36 26 0 18 -10 -8
36 27 0 18 -9 -9
36 28 0 18 -8 -10
36 29 0 18 -7 -11
36 30 0 18 -6 -12
36 31 0 18 -5 -13
36 32 0 18 -4 -14
36 33 0 18 -3 -15
36 34 0 18 -2 -16
36 35 0 18 -1 -17
36 36 0 18 0 -18
36 -36 -72 19 -76 -95
36 -36 0 19 -76 57
36 -18 -18 19 -57 38
36 -18 0 19 -57 38
36 0 -36 19 -38 -57
36 0 0 19 -38 19
36 18 0 19 -19 0
36 36 0 19 0 -19
36 -36 -72 20 -80 -100
36 -36 0 20 -80 60
36 -27 -10 20 -70 60
36 -27 0 20 -70 50
36 -27 1 20 -70 60
36 -18 -54 20 -60 -80
36 -18 -18 20 -60 40
36 -18 0 20 -60 40
36 -9 0 20 -50 30
36 0 -36 20 -40 -60
36 0 0 20 -40 20
36 9 0 20 -30 10
36 18 -18 20 -20 -40
36 18 0 20 -20 0
36 27 0 20 -10 -10
36 36 0 20 0 -20
36 -36 -72 21 -84 -105
36 -36 0 21 -84 63
36 -30 0 21 -77 56
36 -24 0 21 -70 49
36 -18 -18 21 -63 42
36 -18 0 21 -63 42
36 -12 0 21 -56 35
36 -6 0 21 -49 28
36 0 -36 21 -42 -63
36 0 0 21 -42 21
36 6 0 21 -35 14
36 12 0 21 -28 7
36 18 0 21 -21 0
36 24 0 21 -14 -7
36 30 0 21 -7 -14
36 36 0 21 0 -21
36 -36 -72 22 -88 -110
36 -36 0 22 -88 66
36 -27 0 22 -77 55
36 -18 -18 22 -66 44
36 -18 0 22 -66 44
36 -9 0 22 -55 33
36 0 -36 22 -44 -66
36 0 0 22 -44 22
36 9 0 22 -33 11
36 18 0 22 -22 0
36 27 0 22 -11 -11
36 36 0 22 0 -22
36 -36 -72 23 -92 -115
36 -36 0 23 -92 69
36 -18 -18 23 -69 46
36 -18 0 23 -69 46
36 0 -36 23 -46 -69
36 0 0 23 -46 23
36 18 0 23 -23 0
36 36 0 23 0 -23
36 -36 -72 24 -96 -120
36 -36 0 24 -96 72
36 -33 0 24 -92 68
36 -30 -8 24 -88 80
36 -30 0 24 -88 64
36 -30 2 24 -88 80
36 -27 0 24 -84 60
36 -24 0 24 -80 56
36 -21 0 24 -76 52
36 -18 -54 24 -72 -96
36 -18 -18 24 -72 48
36 -18 0 24 -72 48
36 -15 0 24 -68 44
36 -12 0 24 -64 40
36 -9 0 24 -60 36
36 -6 0 24 -56 32
36 -3 0 24 -52 28
36 0 -36 24 -48 -72
36 0 0 24 -48 24
36 3 0 24 -44 20
36 6 0 24 -40 16
36 9 0 24 -36 12
36 12 0 24 -32 8
36 15 0 24 -28 4
36 18 -18 24 -24 -48
36 18 0 24 -24 0
36 21 0 24 -20 -4
36 24 0 24 -16 -8
36 27 0 24 -12 -12
36 30 0 24 -8 -16
36 33 -68 24 -4 -88
36 33 -1 24 -4 -88
36 33 0 24 -4 -20
36 36 0 24 0 -24
36 -36 -72 25 -100 -125
36 -36 -5 25 -100 100
36 -36 0 25 -100 75
36 -36 5 25 -100 100
36 -18 -18 25 -75 50
36 -18 0 25 -75 50
36 0 -36 25 -50 -75
36 0 0 25 -50 25
36 18 0 25 -25 0
36 36 0 25 0 -25
36 -36 -72 26 -104 -130
36 -36 0 26 -104 78
36 -27 0 26 -91 65
36 -18 -18 26 -78 52
36 -18 0 26 -78 52
36 -9 0 26 -65 39
36 0 -36 26 -52 -78
36 0 0 26 -52 26
36 9 0 26 -39 13
36 18 0 26 -26 0
36 27 0 26 -13 -13
36 36 0 26 0 -26
36 -36 -72 27 -108 -135
36 -36 0 27 -108 81
36 -34 -6 27 -105 102
36 -34 0 27 -105 78
36 -34 4 27 -105 102
36 -32 -7 27 -102 96
36 -32 0 27 -102 75
36 -32 3 27 -102 96
36 -30 0 27 -99 72
36 -28 0 27 -96 69
36 -26 0 27 -93 66
36 -24 -60 27 -90 -117
36 -24 0 27 -90 63
36 -22 0 27 -87 60
36 -20 0 27 -84 57
36 -18 -18 27 -81 54
36 -18 0 27 -81 54
36 -16 0 27 -78 51
36 -14 0 27 -75 48
36 -12 -48 27 -72 -99
36 -12 0 27 -72 45
36 -10 0 27 -69 42
36 -8 0 27 -66 39
36 -6 0 27 -63 36
36 -4 0 27 -60 33
36 -2 0 27 -57 30
36 0 -36 27 -54 -81
36 0 0 27 -54 27
36 2 0 27 -51 24
36 4 0 27 -48 21
36 6 0 27 -45 18
36 8 0 27 -42 15
36 10 0 27 -39 12
36 12 -24 27 -36 -63
36 12 0 27 -36 9
36 14 0 27 -33 6
36 16 -51 27 -30 -48
36 16 -1 27 -30 -48
36 16 0 27 -30 3
36 18 0 27 -27 0
36 20 0 27 -24 -3
36 22 0 27 -21 -6
36 24 -12 27 -18 -45
36 24 0 27 -18 -9
36 26 0 27 -15 -12
36 28 0 27 -12 -15
36 30 0 27 -9 -18
36 32 0 27 -6 -21
36 34 0 27 -3 -24
36 36 0 27 0 -27
36 -36 -72 28 -112 -140
36 -36 0 28 -112 84
36 -27 0 28 -98 70
36 -18 -54 28 -84 -112
36 -18 -18 28 -84 56
36 -18 0 28 -84 56
36 -9 0 28 -70 42
36 0 -36 28 -56 -84
36 0 0 28 -56 28
36 9 0 28 -42 14
36 18 -18 28 -28 -56
36 18 0 28 -28 0
36 27 0 28 -14 -14
36 36 0 28 0 -28
36 -36 -72 29 -116 -145
36 -36 0 29 -116 87
36 -18 -18 29 -87 58
36 -18 0 29 -87 58
36 0 -36 29 -58 -87
36 0 0 29 -58 29
36 18 0 29 -29 0
36 36 0 29 0 -29
36 -36 -72 30 -120 -150
36 -36 0 30 -120 90
36 -33 0 30 -115 85
36 -30 0 30 -110 80
36 -27 0 30 -105 75
36 -24 0 30 -100 70
36 -21 0 30 -95 65
36 -18 -18 30 -90 60
36 -18 0 30 -90 60
36 -15 0 30 -85 55
36 -12 0 30 -80 50
36 -9 0 30 -75 45
36 -6 0 30 -70 40
36 -3 0 30 -65 35
36 0 -36 30 -60 -90
36 0 0 30 -60 30
36 3 0 30 -55 25
36 6 0 30 -50 20
36 9 0 30 -45 15
36 12 0 30 -40 10
36 15 0 30 -35 5
36 18 0 30 -30 0
36 21 0 30 -25 -5
36 24 0 30 -20 -10
36 27 0 30 -15 -15
36 30 0 30 -10 -20
36 33 0 30 -5 -25
36 36 0 30 0 -30
36 -36 -72 31 -124 -155
36 -36 0 31 -124 93
36 -18 -18 31 -93 62
36 -18 0 31 -93 62
36 0 -36 31 -62 -93
36 0 0 31 -62 31
36 18 0 31 -31 0
36 36 0 31 0 -31
36 -36 -72 32 -128 -160
36 -36 0 32 -128 96
36 -27 0 32 -112 80
36 -18 -54 32 -96 -128
36 -18 -18 32 -96 64
36 -18 0 32 -96 64
36 -9 0 32 -80 48
36 0 -36 32 -64 -96
36 0 0 32 -64 32
36 9 0 32 -48 16
36 18 -18 32 -32 -64
36 18 0 32 -32 0
36 27 0 32 -16 -16
36 36 0 32 0 -32
36 -36 -72 33 -132 -165
36 -36 0 33 -132 99
36 -30 0 33 -121 88
36 -24 0 33 -110 77
36 -18 -18 33 -99 66
36 -18 0 33 -99 66
36 -12 0 33 -88 55
36 -6 0 33 -77 44
36 0 -36 33 -66 -99
36 0 0 33 -66 33
36 6 0 33 -55 22
36 12 0 33 -44 11
36 18 0 33 -33 0
36 24 0 33 -22 -11
36 30 0 33 -11 -22
36 36 0 33 0 -33
36 -36 -72 34 -136 -170
36 -36 0 34 -136 102
36 -27 0 34 -119 85
36 -18 -18 34 -102 68
36 -18 0 34 -102 68
36 -9 0 34 -85 51
36 0 -36 34 -68 -102
36 0 0 34 -68 34
36 9 0 34 -51 17
36 18 0 34 -34 0
36 27 0 34 -17 -17
36 36 0 34 0 -34
36 -36 -72 35 -140 -175
36 -36 -70 35 -140 105
36 -36 -2 35 -140 105
36 -36 0 35 -140 105
36 -18 -18 35 -105 70
36 -18 0 35 -105 70
36 0 -140 35 -70 -105
36 0 -36 35 -70 -105
36 0 -35 35 -70 0
36 0 -9 35 -70 -280
36 0 -4 35 -70 -105
36 0 -1 35 -70 0
36 0 0 35 -70 35
36 18 0 35 -35 0
36 36 0 35 0 -35
36 -36 -72 36 -144 -180
36 -36 -6 36 -144 144
36 -36 0 36 -144 108
36 -36 6 36 -144 144
36 -35 0 36 -142 106
36 -34 0 36 -140 104
36 -33 0 36 -138 102
36 -32 0 36 -136 100
36 -31 0 36 -134 98
36 -30 -66 36 -132 -168
36 -30 0 36 -132 96
36 -29 0 36 -130 94
36 -28 -10 36 -128 112
36 -28 0 36 -128 92
36 -28 2 36 -128 112
36 -27 0 36 -126 90
36 -26 0 36 -124 88
36 -25 0 36 -122 86
36 -24 -60 36 -120 -156
36 -24 0 36 -120 84
36 -23 0 36 -118 82
36 -22 0 36 -116 80
36 -21 0 36 -114 78
36 -20 0 36 -112 76
36 -19 0 36 -110 74
36 -18 -54 36 -108 -144
36 -18 -18 36 -108 72
36 -18 0 36 -108 72
36 -17 0 36 -106 70
36 -16 0 36 -104 68
36 -15 0 36 -102 66
36 -14 0 36 -100 64
36 -13 0 36 -98 62
36 -12 -48 36 -96 -132
36 -12 0 36 -96 60
36 -11 0 36 -94 58
36 -10 0 36 -92 56
36 -9 0 36 -90 54
36 -8 0 36 -88 52
36 -7 0 36 -86 50
36 -6 -42 36 -84 -120
36 -6 0 36 -84 48
36 -5 0 36 -82 46
36 -4 0 36 -80 44
36 -3 0 36 -78 42
36 -2 0 36 -76 40
36 -1 -34 36 -74 4
36 -1 -1 36 -74 4
36 -1 0 36 -74 38
36 0 -36 36 -72 -108
36 0 0 36 -72 36
36 1 0 36 -70 34
36 2 0 36 -68 32
36 3 0 36 -66 30
36 4 0 36 -64 28
36 5 0 36 -62 26
36 6 -30 36 -60 -96
36 6 0 36 -60 24
36 7 0 36 -58 22
36 8 0 36 -56 20
36 9 0 36 -54 18
36 10 0 36 -52 16
36 11 0 36 -50 14
36 12 -24 36 -48 -84
36 12 0 36 -48 12
36 13 0 36 -46 10
36 14 0 36 -44 8
36 15 0 36 -42 6
36 16 0 36 -40 4
36 17 0 36 -38 2
36 18 -18 36 -36 -72
36 18 0 36 -36 0
36 19 0 36 -34 -2
36 20 0 36 -32 -4
36 21 0 36 -30 -6
36 22 0 36 -28 -8
36 23 0 36 -26 -10
36 24 -12 36 -24 -60
36 24 0 36 -24 -12
36 25 0 36 -22 -14
36 26 0 36 -20 -16
36 27 0 36 -18 -18
36 28 0 36 -16 -20
36 29 0 36 -14 -22
36 30 -6 36 -12 -48
36 30 0 36 -12 -24
36 31 0 36 -10 -26
36 32 0 36 -8 -28
36 33 0 36 -6 -30
36 34 0 36 -4 -32
36 35 0 36 -2 -34
36 36 0 36 0 -36
36 -36 -72 37 -148 -185
36 -36 0 37 -148 111
36 -18 -18 37 -111 74
36 -18 0 37 -111 74
36 0 -36 37 -74 -111
36 0 0 37 -74 37
36 18 0 37 -37 0
36 36 0 37 0 -37
36 -36 -72 38 -152 -190
36 -36 0 38 -152 114
36 -27 0 38 -133 95
36 -18 -18 38 -114 76
36 -18 0 38 -114 76
36 -9 0 38 -95 57
36 0 -36 38 -76 -114
36 0 0 38 -76 38
36 9 0 38 -57 19
36 18 0 38 -38 0
36 27 0 38 -19 -19
36 36 0 38 0 -38
36 -36 -72 39 -156 -195
36 -36 0 39 -156 117
36 -30 0 39 -143 104
36 -24 -13 39 -130 104
36 -24 0 39 -130 91
36 -24 1 39 -130 104
36 -18 -18 39 -117 78
36 -18 0 39 -117 78
36 -12 0 39 -104 65
36 -6 0 39 -91 52
36 0 -36 39 -78 -117
36 0 0 39 -78 39
36 6 0 39 -65 26
36 12 0 39 -52 13
36 18 0 39 -39 0
36 24 0 39 -26 -13
36 30 0 39 -13 -26
36 36 0 39 0 -39
36 -36 -72 40 -160 -200
36 -36 0 40 -160 120
36 -27 0 40 -140 100
36 -18 -54 40 -120 -160
36 -18 -18 40 -120 80
36 -18 0 40 -120 80
36 -9 0 40 -100 60
36 0 -36 40 -80 -120
36 0 0 40 -80 40
36 9 0 40 -60 20
36 18 -18 40 -40 -80
36 18 0 40 -40 0
36 27 0 40 -20 -20
36 36 0 40 0 -40
36 -36 -72 41 -164 -205
36 -36 0 41 -164 123
36 -18 -18 41 -123 82
36 -18 0 41 -123 82
36 0 -36 41 -82 -123
36 0 0 41 -82 41
36 18 0 41 -41 0
36 36 0 41 0 -41
36 -36 -72 42 -168 -210
36 -36 0 42 -168 126
36 -33 0 42 -161 119
36 -30 0 42 -154 112
36 -27 0 42 -147 105
36 -24 0 42 -140 98
36 -21 0 42 -133 91
36 -18 -18 42 -126 84
36 -18 0 42 -126 84
36 -15 0 42 -119 77
36 -12 0 42 -112 70
36 -9 0 42 -105 63
36 -6 0 42 -98 56
36 -3 0 42 -91 49
36 0 -36 42 -84 -126
36 0 0 42 -84 42
36 3 0 42 -77 35
36 6 0 42 -70 28
36 9 0 42 -63 21
36 12 0 42 -56 14
36 15 0 42 -49 7
36 18 0 42 -42 0
36 21 0 42 -35 -7
36 24 0 42 -28 -14
36 27 0 42 -21 -21
36 30 0 42 -14 -28
36 33 0 42 -7 -35
36 36 0 42 0 -42
36 -36 -72 43 -172 -215
36 -36 0 43 -172 129
36 -18 -18 43 -129 86
36 -18 0 43 -129 86
36 0 -36 43 -86 -129
36 0 0 43 -86 43
36 18 0 43 -43 0
36 36 0 43 0 -43
36 -36 -72 44 -176 -220
36 -36 0 44 -176 132
36 -27 -11 44 -154 132
36 -27 0 44 -154 110
36 -27 2 44 -154 132
36 -18 -54 44 -132 -176
36 -18 -18 44 -132 88
36 -18 0 44 -132 88
36 -9 0 44 -110 66
36 0 -36 44 -88 -132
36 0 0 44 -88 44
36 9 0 44 -66 22
36 18 -106 44 -44 -264
36 18 -20 44 -44 -264
36 18 -18 44 -44 -88
36 18 0 44 -44 0
36 27 0 44 -22 -22
36 36 0 44 0 -44
36 -36 -72 45 -180 -225
36 -36 0 45 -180 135
36 -34 0 45 -175 130
36 -32 0 45 -170 125
36 -30 0 45 -165 120
36 -28 0 45 -160 115
36 -26 0 45 -155 110
36 -24 -60 45 -150 -195
36 -24 0 45 -150 105
36 -22 0 45 -145 100
36 -20 0 45 -140 95
36 -18 -18 45 -135 90
36 -18 0 45 -135 90
36 -16 0 45 -130 85
36 -14 0 45 -125 80
36 -12 -48 45 -120 -165
36 -12 0 45 -120 75
36 -10 0 45 -115 70
36 -8 0 45 -110 65
36 -6 0 45 -105 60
36 -4 0 45 -100 55
36 -2 0 45 -95 50
36 0 -36 45 -90 -135
36 0 0 45 -90 45
36 2 0 45 -85 40
36 4 0 45 -80 35
36 6 0 45 -75 30
36 8 0 45 -70 25
36 10 0 45 -65 20
36 12 -24 45 -60 -105
36 12 0 45 -60 15
36 14 0 45 -55 10
36 16 0 45 -50 5
36 18 0 45 -45 0
36 20 0 45 -40 -5
36 22 0 45 -35 -10
36 24 -12 45 -30 -75
36 24 0 45 -30 -15
36 26 0 45 -25 -20
36 28 0 45 -20 -25
36 30 0 45 -15 -30
36 32 0 45 -10 -35
36 34 0 45 -5 -40
36 36 0 45 0 -45
36 -36 -72 46 -184 -230
36 -36 0 46 -184 138
36 -27 0 46 -161 115
36 -18 -18 46 -138 92
36 -18 0 46 -138 92
36 -9 0 46 -115 69
36 0 -36 46 -92 -138
36 0 0 46 -92 46
36 9 0 46 -69 23
36 18 0 46 -46 0
36 27 0 46 -23 -23
36 36 0 46 0 -46
36 -36 -72 47 -188 -235
36 -36 0 47 -188 141
36 -18 -18 47 -141 94
36 -18 0 47 -141 94
36 0 -36 47 -94 -141
36 0 0 47 -94 47
36 18 0 47 -47 0
36 36 0 47 0 -47
36 -36 -72 48 -192 -240
36 -36 0 48 -192 144
36 -33 -8 48 -184 176
36 -33 0 48 -184 136
36 -33 5 48 -184 176
36 -30 0 48 -176 128
36 -27 0 48 -168 120
36 -24 0 48 -160 112
36 -21 0 48 -152 104
36 -18 -54 48 -144 -192
36 -18 -18 48 -144 96
36 -18 0 48 -144 96
36 -15 0 48 -136 88
36 -12 0 48 -128 80
36 -9 0 48 -120 72
36 -6 0 48 -112 64
36 -3 0 48 -104 56
36 0 -36 48 -96 -144
36 0 0 48 -96 48
36 3 0 48 -88 40
36 6 0 48 -80 32
36 9 0 48 -72 24
36 12 0 48 -64 16
36 15 0 48 -56 8
36 18 -18 48 -48 -96
36 18 0 48 -48 0
36 21 0 48 -40 -8
36 24 0 48 -32 -16
36 27 0 48 -24 -24
36 30 -64 48 -16 -160
36 30 -2 48 -16 -160
36 30 0 48 -16 -32
36 33 0 48 -8 -40
36 36 0 48 0 -48
36 -36 -72 49 -196 -245
36 -36 -7 49 -196 196
36 -36 0 49 -196 147
36 -36 7 49 -196 196
36 -18 -18 49 -147 98
36 -18 0 49 -147 98
36 0 -36 49 -98 -147
36 0 0 49 -98 49
36 18 0 49 -49 0
36 36 0 49 0 -49
36 -36 -72 50 -200 -250
36 -36 0 50 -200 150
36 -27 0 50 -175 125
36 -18 -18 50 -150 100
36 -18 0 50 -150 100
36 -9 0 50 -125 75
36 0 -36 50 -100 -150
36 0 0 50 -100 50
36 9 0 50 -75 25
36 18 0 50 -50 0
36 27 0 50 -25 -25
36 36 0 50 0 -50
37 -37 -74 -50 200 250
37 -37 0 -50 200 -150
37 0 -37 -50 100 150
37 0 0 -50 100 -50
37 37 0 -50 0 50
37 -37 -74 -49 196 245
37 -37 0 -49 196 -147
37 0 -37 -49 98 147
37 0 0 -49 98 -49
37 37 0 -49 0 49
37 -37 -74 -48 192 240
37 -37 0 -48 192 -144
37 0 -37 -48 96 144
37 0 0 -48 96 -48
37 37 0 -48 0 48
37 -37 -74 -47 188 235
37 -37 0 -47 188 -141
37 0 -37 -47 94 141
37 0 0 -47 94 -47
37 37 0 -47 0 47
37 -37 -74 -46 184 230
37 -37 0 -46 184 -138
37 0 -37 -46 92 138
37 0 0 -46 92 -46
37 37 0 -46 0 46
37 -37 -74 -45 180 225
37 -37 0 -45 180 -135
37 0 -37 -45 90 135
37 0 0 -45 90 -45
37 37 0 -45 0 45
37 -37 -74 -44 176 220
37 -37 0 -44 176 -132
37 0 -37 -44 88 132
37 0 0 -44 88 -44
37 37 0 -44 0 44
37 -37 -74 -43 172 215
37 -37 0 -43 172 -129
37 0 -37 -43 86 129
37 0 0 -43 86 -43
37 37 0 -43 0 43
37 -37 -74 -42 168 210
37 -37 0 -42 168 -126
37 0 -37 -42 84 126
37 0 0 -42 84 -42
37 37 0 -42 0 42
37 -37 -74 -41 164 205
37 -37 0 -41 164 -123
37 0 -37 -41 82 123
37 0 0 -41 82 -41
37 37 0 -41 0 41
37 -37 -74 -40 160 200
37 -37 0 -40 160 -120
37 0 -37 -40 80 120
37 0 0 -40 80 -40
37 37 0 -40 0 40
37 -37 -74 -39 156 195
37 -37 0 -39 156 -117
37 0 -37 -39 78 117
37 0 0 -39 78 -39
37 37 0 -39 0 39
37 -37 -76 -38 152 -114
37 -37 -74 -38 152 190
37 -37 0 -38 152 -114
37 -37 2 -38 152 -114
37 0 -152 -38 76 114
37 0 -38 -38 76 0
37 0 -37 -38 76 114
37 0 0 -38 76 -38
37 0 1 -38 76 0
37 0 4 -38 76 114
37 37 0 -38 0 38
37 -37 -74 -37 148 185
37 -37 0 -37 148 -111
37 -36 -73 -37 146 183
37 -36 0 -37 146 -109
37 -35 -72 -37 144 181
37 -35 0 -37 144 -107
37 -34 -71 -37 142 179
37 -34 0 -37 142 -105
37 -33 -70 -37 140 177
37 -33 0 -37 140 -103
37 -32 -69 -37 138 175
37 -32 0 -37 138 -101
37 -31 -68 -37 136 173
37 -31 0 -37 136 -99
37 -30 -67 -37 134 171
37 -30 0 -37 134 -97
37 -29 -66 -37 132 169
37 -29 0 -37 132 -95
37 -28 -65 -37 130 167
37 -28 0 -37 130 -93
37 -27 -64 -37 128 165
37 -27 0 -37 128 -91
37 -26 -63 -37 126 163
37 -26 0 -37 126 -89
37 -25 -62 -37 124 161
37 -25 0 -37 124 -87
37 -24 -61 -37 122 159
37 -24 0 -37 122 -85
37 -23 -60 -37 120 157
37 -23 0 -37 120 -83
37 -22 -59 -37 118 155
37 -22 0 -37 118 -81
37 -21 -58 -37 116 153
37 -21 0 -37 116 -79
37 -20 -57 -37 114 151
37 -20 0 -37 114 -77
37 -19 -56 -37 112 149
37 -19 0 -37 112 -75
37 -18 -55 -37 110 147
37 -18 0 -37 110 -73
37 -17 -54 -37 108 145
37 -17 0 -37 108 -71
37 -16 -53 -37 106 143
37 -16 0 -37 106 -69
37 -15 -52 -37 104 141
37 -15 0 -37 104 -67
37 -14 -51 -37 102 139
37 -14 0 -37 102 -65
37 -13 -50 -37 100 137
37 -13 0 -37 100 -63
37 -12 -49 -37 98 135
37 -12 0 -37 98 -61
37 -11 -48 -37 96 133
37 -11 0 -37 96 -59
37 -10 -47 -37 94 131
37 -10 0 -37 94 -57
37 -9 -46 -37 92 129
37 -9 0 -37 92 -55
37 -8 -45 -37 90 127
37 -8 0 -37 90 -53
37 -7 -44 -37 88 125
37 -7 0 -37 88 -51
37 -6 -43 -37 86 123
37 -6 0 -37 86 -49
37 -5 -42 -37 84 121
37 -5 0 -37 84 -47
37 -4 -41 -37 82 119
37 -4 0 -37 82 -45
37 -3 -40 -37 80 117
37 -3 0 -37 80 -43
37 -2 -39 -37 78 115
37 -2 0 -37 78 -41
37 -1 -38 -37 76 113
37 -1 0 -37 76 -39
37 0 -37 -37 74 111
37 0 0 -37 74 -37
37 1 -39 -37 72 4
37 1 -36 -37 72 109
37 1 0 -37 72 -35
37 1 1 -37 72 4
37 2 -35 -37 70 107
37 2 0 -37 70 -33
37 3 -34 -37 68 105
37 3 0 -37 68 -31
37 4 -33 -37 66 103
37 4 0 -37 66 -29
37 5 -32 -37 64 101
37 5 0 -37 64 -27
37 6 -31 -37 62 99
37 6 0 -37 62 -25
37 7 -30 -37 60 97
37 7 0 -37 60 -23
37 8 -29 -37 58 95
37 8 0 -37 58 -21
37 9 -28 -37 56 93
37 9 0 -37 56 -19
37 10 -27 -37 54 91
37 10 0 -37 54 -17
37 11 -26 -37 52 89
37 11 0 -37 52 -15
37 12 -25 -37 50 87
37 12 0 -37 50 -13
37 13 -24 -37 48 85
37 13 0 -37 48 -11
37 14 -23 -37 46 83
37 14 0 -37 46 -9
37 15 -22 -37 44 81
37 15 0 -37 44 -7
37 16 -21 -37 42 79
37 16 0 -37 42 -5
37 17 -20 -37 40 77
37 17 0 -37 40 -3
37 18 -19 -37 38 75
37 18 0 -37 38 -1
37 19 -18 -37 36 73
37 19 0 -37 36 1
37 20 -17 -37 34 71
37 20 0 -37 34 3
37 21 -16 -37 32 69
37 21 0 -37 32 5
37 22 -15 -37 30 67
37 22 0 -37 30 7
37 23 -14 -37 28 65
37 23 0 -37 28 9
37 24 -13 -37 26 63
37 24 0 -37 26 11
37 25 -12 -37 24 61
37 25 0 -37 24 13
37 26 -11 -37 22 59
37 26 0 -37 22 15
37 27 -10 -37 20 57
37 27 0 -37 20 17
37 28 -9 -37 18 55
37 28 0 -37 18 19
37 29 -8 -37 16 53
37 29 0 -37 16 21
37 30 -7 -37 14 51
37 30 0 -37 14 23
37 31 -6 -37 12 49
37 31 0 -37 12 25
37 32 -5 -37 10 47
37 32 0 -37 10 27
37 33 -4 -37 8 45
37 33 0 -37 8 29
37 34 -3 -37 6 43
37 34 0 -37 6 31
37 35 -2 -37 4 41
37 35 0 -37 4 33
37 36 -1 -37 2 39
37 36 0 -37 2 35
37 37 0 -37 0 37
37 -37 -74 -36 144 180
37 -37 0 -36 144 -108
37 0 -37 -36 72 108
37 0 0 -36 72 -36
37 37 0 -36 0 36
37 -37 -74 -35 140 175
37 -37 0 -35 140 -105
37 0 -37 -35 70 105
37 0 0 -35 70 -35
37 37 0 -35 0 35
37 -37 -74 -34 136 170
37 -37 0 -34 136 -102
37 0 -37 -34 68 102
37 0 0 -34 68 -34
37 37 0 -34 0 34
37 -37 -74 -33 132 165
37 -37 0 -33 132 -99
37 0 -37 -33 66 99
37 0 0 -33 66 -33
37 37 0 -33 0 33
37 -37 -74 -32 128 160
37 -37 0 -32 128 -96
37 0 -37 -32 64 96
37 0 0 -32 64 -32
37 37 0 -32 0 32
37 -37 -74 -31 124 155
37 -37 0 -31 124 -93
37 0 -37 -31 62 93
37 0 0 -31 62 -31
37 37 0 -31 0 31
37 -37 -74 -30 120 150
37 -37 0 -30 120 -90
37 0 -37 -30 60 90
37 0 0 -30 60 -30
37 37 0 -30 0 30
37 -37 -74 -29 116 145
37 -37 0 -29 116 -87
37 0 -37 -29 58 87
37 0 0 -29 58 -29
37 37 0 -29 0 29
37 -37 -74 -28 112 140
37 -37 0 -28 112 -84
37 0 -37 -28 56 84
37 0 0 -28 56 -28
37 37 0 -28 0 28
37 -37 -74 -27 108 135
37 -37 0 -27 108 -81
37 0 -37 -27 54 81
37 0 0 -27 54 -27
37 37 0 -27 0 27
37 -37 -74 -26 104 130
37 -37 0 -26 104 -78
37 0 -37 -26 52 78
37 0 0 -26 52 -26
37 37 0 -26 0 26
37 -37 -74 -25 100 125
37 -37 0 -25 100 -75
37 0 -37 -25 50 75
37 0 0 -25 50 -25
37 37 -75 -25 0 100
37 37 0 -25 0 25
37 37 1 -25 0 100
37 -37 -74 -24 96 120
37 -37 0 -24 96 -72
37 0 -37 -24 48 72
37 0 0 -24 48 -24
37 37 0 -24 0 24
37 -37 -74 -23 92 115
37 -37 0 -23 92 -69
37 0 -37 -23 46 69
37 0 0 -23 46 -23
37 37 0 -23 0 23
37 -37 -74 -22 88 110
37 -37 0 -22 88 -66
37 0 -37 -22 44 66
37 0 0 -22 44 -22
37 37 0 -22 0 22
37 -37 -74 -21 84 105
37 -37 0 -21 84 -63
37 0 -37 -21 42 63
37 0 0 -21 42 -21
37 37 0 -21 0 21
37 -37 -74 -20 80 100
37 -37 0 -20 80 -60
37 0 -37 -20 40 60
37 0 0 -20 40 -20
37 37 0 -20 0 20
37 -37 -74 -19 76 95
37 -37 0 -19 76 -57
37 0 -37 -19 38 57
37 0 0 -19 38 -19
37 37 0 -19 0 19
37 -37 -74 -18 72 90
37 -37 0 -18 72 -54
37 0 -37 -18 36 54
37 0 0 -18 36 -18
37 37 0 -18 0 18
37 -37 -74 -17 68 85
37 -37 0 -17 68 -51
37 0 -37 -17 34 51
37 0 0 -17 34 -17
37 37 0 -17 0 17
37 -37 -74 -16 64 80
37 -37 0 -16 64 -48
37 0 -37 -16 32 48
37 0 0 -16 32 -16
37 37 0 -16 0 16
37 -37 -74 -15 60 75
37 -37 0 -15 60 -45
37 0 -37 -15 30 45
37 0 0 -15 30 -15
37 37 0 -15 0 15
37 -37 -74 -14 56 70
37 -37 0 -14 56 -42
37 0 -37 -14 28 42
37 0 0 -14 28 -14
37 37 0 -14 0 14
37 -37 -74 -13 52 65
37 -37 0 -13 52 -39
37 0 -37 -13 26 39
37 0 0 -13 26 -13
37 37 0 -13 0 13
37 -37 -74 -12 48 60
37 -37 0 -12 48 -36
37 0 -37 -12 24 36
37 0 0 -12 24 -12
37 37 0 -12 0 12
37 -37 -74 -11 44 55
37 -37 0 -11 44 -33
37 0 -37 -11 22 33
37 0 0 -11 22 -11
37 37 0 -11 0 11
37 -37 -74 -10 40 50
37 -37 0 -10 40 -30
37 0 -37 -10 20 30
37 0 0 -10 20 -10
37 37 0 -10 0 10
37 -37 -74 -9 36 45
37 -37 0 -9 36 -27
37 0 -37 -9 18 27
37 0 0 -9 18 -9
37 37 0 -9 0 9
37 -37 -74 -8 32 40
37 -37 0 -8 32 -24
37 0 -37 -8 16 24
37 0 0 -8 16 -8
37 37 0 -8 0 8
37 -37 -74 -7 28 35
37 -37 0 -7 28 -21
37 0 -37 -7 14 21
37 0 0 -7 14 -7
37 37 0 -7 0 7
37 -37 -74 -6 24 30
37 -37 0 -6 24 -18
37 0 -37 -6 12 18
37 0 0 -6 12 -6
37 37 0 -6 0 6
37 -37 -74 -5 20 25
37 -37 0 -5 20 -15
37 0 -37 -5 10 15
37 0 0 -5 10 -5
37 37 0 -5 0 5
37 -37 -74 -4 16 20
37 -37 0 -4 16 -12
37 0 -37 -4 8 12
37 0 0 -4 8 -4
37 37 0 -4 0 4
37 -37 -74 -3 12 15
37 -37 0 -3 12 -9
37 0 -37 -3 6 9
37 0 0 -3 6 -3
37 37 0 -3 0 3
37 -37 -74 -2 8 10
37 -37 0 -2 8 -6
37 0 -37 -2 4 6
37 0 0 -2 4 -2
37 37 0 -2 0 2
37 -37 -74 -1 4 5
37 -37 0 -1 4 -3
37 0 -37 -1 2 3
37 0 0 -1 2 -1
37 37 0 -1 0 1
37 -37 -74 1 -4 -5
37 -37 -1 1 -4 4
37 -37 0 1 -4 3
37 -37 1 1 -4 4
37 0 -37 1 -2 -3
37 0 0 1 -2 1
37 37 0 1 0 -1
37 -37 -74 2 -8 -10
37 -37 0 2 -8 6
37 0 -37 2 -4 -6
37 0 0 2 -4 2
37 37 0 2 0 -2
37 -37 -74 3 -12 -15
37 -37 0 3 -12 9
37 0 -37 3 -6 -9
37 0 0 3 -6 3
37 37 0 3 0 -3
37 -37 -74 4 -16 -20
37 -37 -2 4 -16 16
37 -37 0 4 -16 12
37 -37 2 4 -16 16
37 0 -37 4 -8 -12
37 0 0 4 -8 4
37 37 0 4 0 -4
37 -37 -74 5 -20 -25
37 -37 0 5 -20 15
37 0 -37 5 -10 -15
37 0 0 5 -10 5
37 37 0 5 0 -5
37 -37 -74 6 -24 -30
37 -37 0 6 -24 18
37 0 -37 6 -12 -18
37 0 0 6 -12 6
37 37 0 6 0 -6
37 -37 -74 7 -28 -35
37 -37 0 7 -28 21
37 0 -37 7 -14 -21
37 0 0 7 -14 7
37 37 0 7 0 -7
37 -37 -74 8 -32 -40
37 -37 0 8 -32 24
37 0 -37 8 -16 -24
37 0 0 8 -16 8
37 37 0 8 0 -8
37 -37 -74 9 -36 -45
37 -37 -3 9 -36 36
37 -37 0 9 -36 27
37 -37 3 9 -36 36
37 0 -37 9 -18 -27
37 0 0 9 -18 9
37 37 0 9 0 -9
37 -37 -74 10 -40 -50
37 -37 0 10 -40 30
37 0 -37 10 -20 -30
37 0 0 10 -20 10
37 37 0 10 0 -10
37 -37 -74 11 -44 -55
37 -37 0 11 -44 33
37 0 -37 11 -22 -33
37 0 0 11 -22 11
37 37 0 11 0 -11
37 -37 -74 12 -48 -60
37 -37 0 12 -48 36
37 0 -37 12 -24 -36
37 0 0 12 -24 12
37 37 0 12 0 -12
37 -37 -74 13 -52 -65
37 -37 0 13 -52 39
37 0 -37 13 -26 -39
37 0 0 13 -26 13
37 37 0 13 0 -13
37 -37 -74 14 -56 -70
37 -37 0 14 -56 42
37 0 -37 14 -28 -42
37 0 0 14 -28 14
37 37 0 14 0 -14
37 -37 -74 15 -60 -75
37 -37 0 15 -60 45
37 0 -37 15 -30 -45
37 0 0 15 -30 15
37 37 0 15 0 -15
37 -37 -74 16 -64 -80
37 -37 -4 16 -64 64
37 -37 0 16 -64 48
37 -37 4 16 -64 64
37 0 -37 16 -32 -48
37 0 0 16 -32 16
37 37 0 16 0 -16
37 -37 -74 17 -68 -85
37 -37 0 17 -68 51
37 0 -37 17 -34 -51
37 0 0 17 -34 17
37 37 0 17 0 -17
37 -37 -74 18 -72 -90
37 -37 0 18 -72 54
37 0 -37 18 -36 -54
37 0 0 18 -36 18
37 37 0 18 0 -18
37 -37 -74 19 -76 -95
37 -37 0 19 -76 57
37 0 -37 19 -38 -57
37 0 0 19 -38 19
37 37 0 19 0 -19
37 -37 -74 20 -80 -100
37 -37 0 20 -80 60
37 0 -37 20 -40 -60
37 0 0 20 -40 20
37 37 0 20 0 -20
37 -37 -75 21 -84 -252
37 -37 -74 21 -84 -105
37 -37 0 21 -84 63
37 0 -37 21 -42 -63
37 0 0 21 -42 21
37 37 0 21 0 -21
37 -37 -74 22 -88 -110
37 -37 0 22 -88 66
37 0 -147 22 -44 -176
37 0 -38 22 -44 -176
37 0 -37 22 -44 -66
37 0 0 22 -44 22
37 37 0 22 0 -22
37 -37 -74 23 -92 -115
37 -37 0 23 -92 69
37 0 -37 23 -46 -69
37 0 0 23 -46 23
37 37 0 23 0 -23
37 -37 -74 24 -96 -120
37 -37 0 24 -96 72
37 0 -37 24 -48 -72
37 0 0 24 -48 24
37 37 0 24 0 -24
37 -37 -74 25 -100 -125
37 -37 -5 25 -100 100
37 -37 0 25 -100 75
37 -37 5 25 -100 100
37 0 -37 25 -50 -75
37 0 0 25 -50 25
37 37 0 25 0 -25
37 -37 -74 26 -104 -130
37 -37 0 26 -104 78
37 0 -37 26 -52 -78
37 0 0 26 -52 26
37 37 0 26 0 -26
37 -37 -74 27 -108 -135
37 -37 0 27 -108 81
37 0 -37 27 -54 -81
37 0 0 27 -54 27
37 37 0 27 0 -27
37 -37 -74 28 -112 -140
37 -37 0 28 -112 84
37 0 -37 28 -56 -84
37 0 0 28 -56 28
37 37 0 28 0 -28
37 -37 -74 29 -116 -145
37 -37 0 29 -116 87
37 0 -37 29 -58 -87
37 0 0 29 -58 29
37 37 0 29 0 -29
37 -37 -74 30 -120 -150
37 -37 0 30 -120 90
37 0 -37 30 -60 -90
37 0 0 30 -60 30
37 37 0 30 0 -30
37 -37 -74 31 -124 -155
37 -37 0 31 -124 93
37 0 -37 31 -62 -93
37 0 0 31 -62 31
37 37 0 31 0 -31
37 -37 -74 32 -128 -160
37 -37 0 32 -128 96
37 0 -37 32 -64 -96
37 0 0 32 -64 32
37 37 0 32 0 -32
37 -37 -74 33 -132 -165
37 -37 0 33 -132 99
37 0 -37 33 -66 -99
37 0 0 33 -66 33
37 37 0 33 0 -33
37 -37 -74 34 -136 -170
37 -37 0 34 -136 102
37 0 -37 34 -68 -102
37 0 0 34 -68 34
37 37 0 34 0 -34
37 -37 -74 35 -140 -175
37 -37 0 35 -140 105
37 0 -37 35 -70 -105
37 0 0 35 -70 35
37 37 0 35 0 -35
37 -37 -74 36 -144 -180
37 -37 -72 36 -144 108
37 -37 -6 36 -144 144
37 -37 -2 36 -144 108
37 -37 0 36 -144 108
37 -37 6 36 -144 144
37 0 -144 36 -72 -108
37 0 -37 36 -72 -108
37 0 -36 36 -72 0
37 0 -9 36 -72 -288
37 0 -4 36 -72 -108
37 0 -1 36 -72 0
37 0 0 36 -72 36
37 37 0 36 0 -36
37 -37 -74 37 -148 -185
37 -37 0 37 -148 111
37 -36 -73 37 -146 -183
37 -36 0 37 -146 109
37 -35 -72 37 -144 -181
37 -35 0 37 -144 107
37 -34 -71 37 -142 -179
37 -34 0 37 -142 105
37 -33 -70 37 -140 -177
37 -33 0 37 -140 103
37 -32 -69 37 -138 -175
37 -32 0 37 -138 101
37 -31 -68 37 -136 -173
37 -31 0 37 -136 99
37 -30 -67 37 -134 -171
37 -30 0 37 -134 97
37 -29 -66 37 -132 -169
37 -29 0 37 -132 95
37 -28 -65 37 -130 -167
37 -28 0 37 -130 93
37 -27 -64 37 -128 -165
37 -27 0 37 -128 91
37 -26 -63 37 -126 -163
37 -26 0 37 -126 89
37 -25 -62 37 -124 -161
37 -25 -13 37 -124 100
37 -25 0 37 -124 87
37 -25 1 37 -124 100
37 -24 -61 37 -122 -159
37 -24 0 37 -122 85
37 -23 -60 37 -120 -157
37 -23 0 37 -120 83
37 -22 -59 37 -118 -155
37 -22 0 37 -118 81
37 -21 -58 37 -116 -153
37 -21 0 37 -116 79
37 -20 -57 37 -114 -151
37 -20 0 37 -114 77
37 -19 -56 37 -112 -149
37 -19 0 37 -112 75
37 -18 -55 37 -110 -147
37 -18 0 37 -110 73
37 -17 -54 37 -108 -145
37 -17 0 37 -108 71
37 -16 -53 37 -106 -143
37 -16 0 37 -106 69
37 -15 -52 37 -104 -141
37 -15 0 37 -104 67
37 -14 -51 37 -102 -139
37 -14 0 37 -102 65
37 -13 -50 37 -100 -137
37 -13 0 37 -100 63
37 -12 -49 37 -98 -135
37 -12 0 37 -98 61
37 -11 -48 37 -96 -133
37 -11 0 37 -96 59
37 -10 -47 37 -94 -131
37 -10 0 37 -94 57
37 -9 -46 37 -92 -129
37 -9 0 37 -92 55
37 -8 -45 37 -90 -127
37 -8 0 37 -90 53
37 -7 -44 37 -88 -125
37 -7 0 37 -88 51
37 -6 -43 37 -86 -123
37 -6 0 37 -86 49
37 -5 -42 37 -84 -121
37 -5 0 37 -84 47
37 -4 -41 37 -82 -119
37 -4 0 37 -82 45
37 -3 -40 37 -80 -117
37 -3 0 37 -80 43
37 -2 -39 37 -78 -115
37 -2 0 37 -78 41
37 -1 -38 37 -76 -113
37 -1 -35 37 -76 4
37 -1 -1 37 -76 4
37 -1 0 37 -76 39
37 0 -37 37 -74 -111
37 0 0 37 -74 37
37 1 -36 37 -72 -109
37 1 0 37 -72 35
37 2 -35 37 -70 -107
37 2 0 37 -70 33
37 3 -34 37 -68 -105
37 3 0 37 -68 31
37 4 -33 37 -66 -103
37 4 0 37 -66 29
37 5 -32 37 -64 -101
37 5 0 37 -64 27
37 6 -31 37 -62 -99
37 6 0 37 -62 25
37 7 -30 37 -60 -97
37 7 0 37 -60 23
37 8 -29 37 -58 -95
37 8 0 37 -58 21
37 9 -28 37 -56 -93
37 9 0 37 -56 19
37 10 -27 37 -54 -91
37 10 0 37 -54 17
37 11 -26 37 -52 -89
37 11 0 37 -52 15
37 12 -25 37 -50 -87
37 12 0 37 -50 13
37 13 -24 37 -48 -85
37 13 0 37 -48 11
37 14 -23 37 -46 -83
37 14 0 37 -46 9
37 15 -22 37 -44 -81
37 15 0 37 -44 7
37 16 -21 37 -42 -79
37 16 0 37 -42 5
37 17 -20 37 -40 -77
37 17 0 37 -40 3
37 18 -19 37 -38 -75
37 18 0 37 -38 1
37 19 -18 37 -36 -73
37 19 0 37 -36 -1
37 20 -17 37 -34 -71
37 20 0 37 -34 -3
37 21 -16 37 -32 -69
37 21 0 37 -32 -5
37 22 -15 37 -30 -67
37 22 0 37 -30 -7
37 23 -14 37 -28 -65
37 23 0 37 -28 -9
37 24 -13 37 -26 -63
37 24 0 37 -26 -11
37 25 -12 37 -24 -61
37 25 0 37 -24 -13
37 26 -11 37 -22 -59
37 26 0 37 -22 -15
37 27 -10 37 -20 -57
37 27 0 37 -20 -17
37 28 -9 37 -18 -55
37 28 0 37 -18 -19
37 29 -8 37 -16 -53
37 29 0 37 -16 -21
37 30 -7 37 -14 -51
37 30 0 37 -14 -23
37 31 -6 37 -12 -49
37 31 0 37 -12 -25
37 32 -5 37 -10 -47
37 32 0 37 -10 -27
37 33 -4 37 -8 -45
37 33 0 37 -8 -29
37 34 -3 37 -6 -43
37 34 0 37 -6 -31
37 35 -2 37 -4 -41
37 35 0 37 -4 -33
37 36 -1 37 -2 -39
37 36 0 37 -2 -35
37 37 0 37 0 -37
37 -37 -74 38 -152 -190
37 -37 0 38 -152 114
37 0 -37 38 -76 -114
37 0 0 38 -76 38
37 37 0 38 0 -38
37 -37 -74 39 -156 -195
37 -37 0 39 -156 117
37 0 -37 39 -78 -117
37 0 0 39 -78 39
37 37 0 39 0 -39
37 -37 -74 40 -160 -200
37 -37 0 40 -160 120
37 0 -37 40 -80 -120
37 0 0 40 -80 40
37 37 0 40 0 -40
37 -37 -74 41 -164 -205
37 -37 0 41 -164 123
37 0 -37 41 -82 -123
37 0 0 41 -82 41
37 37 0 41 0 -41
37 -37 -74 42 -168 -210
37 -37 0 42 -168 126
37 0 -37 42 -84 -126
37 0 0 42 -84 42
37 37 0 42 0 -42
37 -37 -74 43 -172 -215
37 -37 0 43 -172 129
37 0 -37 43 -86 -129
37 0 0 43 -86 43
37 37 0 43 0 -43
37 -37 -74 44 -176 -220
37 -37 0 44 -176 132
37 0 -37 44 -88 -132
37 0 0 44 -88 44
37 37 0 44 0 -44
37 -37 -74 45 -180 -225
37 -37 0 45 -180 135
37 0 -37 45 -90 -135
37 0 0 45 -90 45
37 37 0 45 0 -45
37 -37 -74 46 -184 -230
37 -37 0 46 -184 138
37 0 -37 46 -92 -138
37 0 0 46 -92 46
37 37 0 46 0 -46
37 -37 -74 47 -188 -235
37 -37 0 47 -188 141
37 0 -37 47 -94 -141
37 0 0 47 -94 47
37 37 0 47 0 -47
37 -37 -74 48 -192 -240
37 -37 0 48 -192 144
37 0 -37 48 -96 -144
37 0 0 48 -96 48
37 37 -72 48 0 -192
37 37 -2 48 0 -192
37 37 0 48 0 -48
37 -37 -74 49 -196 -245
37 -37 -7 49 -196 196
37 -37 0 49 -196 147
37 -37 7 49 -196 196
37 0 -37 49 -98 -147
37 0 0 49 -98 49
37 37 0 49 0 -49
37 -37 -74 50 -200 -250
37 -37 0 50 -200 150
37 0 -37 50 -100 -150
37 0 0 50 -100 50
37 37 0 50 0 -50
38 -38 -76 -50 200 250
38 -38 0 -50 200 -150
38 -19 -19 -50 150 -100
38 -19 0 -50 150 -100
38 0 -38 -50 100 150
38 0 0 -50 100 -50
38 19 0 -50 50 0
38 38 0 -50 0 50
38 -38 -76 -49 196 245
38 -38 0 -49 196 -147
38 -19 -19 -49 147 -98
38 -19 0 -49 147 -98
38 0 -38 -49 98 147
38 0 0 -49 98 -49
38 19 0 -49 49 0
38 38 0 -49 0 49
38 -38 -76 -48 192 240
38 -38 0 -48 192 -144
38 -19 -19 -48 144 -96
38 -19 0 -48 144 -96
38 0 -38 -48 96 144
38 0 0 -48 96 -48
38 19 0 -48 48 0
38 38 0 -48 0 48
38 -38 -76 -47 188 235
38 -38 0 -47 188 -141
38 -19 -57 -47 141 188
38 -19 -19 -47 141 -94
38 -19 0 -47 141 -94
38 0 -38 -47 94 141
38 0 0 -47 94 -47
38 19 -19 -47 47 94
38 19 0 -47 47 0
38 38 0 -47 0 47
38 -38 -76 -46 184 230
38 -38 0 -46 184 -138
38 -19 -19 -46 138 -92
38 -19 0 -46 138 -92
38 0 -38 -46 92 138
38 0 0 -46 92 -46
38 19 0 -46 46 0
38 38 0 -46 0 46
38 -38 -76 -45 180 225
38 -38 0 -45 180 -135
38 -19 -19 -45 135 -90
38 -19 0 -45 135 -90
38 0 -38 -45 90 135
38 0 0 -45 90 -45
38 19 0 -45 45 0
38 38 0 -45 0 45
38 -38 -76 -44 176 220
38 -38 0 -44 176 -132
38 -19 -19 -44 132 -88
38 -19 0 -44 132 -88
38 0 -38 -44 88 132
38 0 0 -44 88 -44
38 19 0 -44 44 0
38 38 0 -44 0 44
38 -38 -76 -43 172 215
38 -38 0 -43 172 -129
38 -19 -57 -43 129 172
38 -19 -19 -43 129 -86
38 -19 0 -43 129 -86
38 0 -38 -43 86 129
38 0 0 -43 86 -43
38 19 -19 -43 43 86
38 19 0 -43 43 0
38 38 0 -43 0 43
38 -38 -76 -42 168 210
38 -38 0 -42 168 -126
38 -19 -19 -42 126 -84
38 -19 0 -42 126 -84
38 0 -38 -42 84 126
38 0 0 -42 84 -42
38 19 0 -42 42 0
38 38 0 -42 0 42
38 -38 -76 -41 164 205
38 -38 0 -41 164 -123
38 -19 -19 -41 123 -82
38 -19 0 -41 123 -82
38 0 -38 -41 82 123
38 0 0 -41 82 -41
38 19 0 -41 41 0
38 38 0 -41 0 41
38 -38 -76 -40 160 200
38 -38 0 -40 160 -120
38 -19 -19 -40 120 -80
38 -19 0 -40 120 -80
38 0 -38 -40 80 120
38 0 0 -40 80 -40
38 19 0 -40 40 0
38 38 0 -40 0 40
38 -38 -78 -39 156 -117
38 -38 -76 -39 156 195
38 -38 -7 -39 156 0
38 -38 0 -39 156 -117
38 -38 2 -39 156 -117
38 -38 15 -39 156 0
38 -19 -57 -39 117 156
38 -19 -19 -39 117 -78
38 -19 0 -39 117 -78
38 0 -156 -39 78 117
38 0 -39 -39 78 0
38 0 -38 -39 78 117
38 0 0 -39 78 -39
38 0 1 -39 78 0
38 0 4 -39 78 117
38 19 -19 -39 39 78
38 19 0 -39 39 0
38 38 0 -39 0 39
38 -38 -76 -38 152 190
38 -38 0 -38 152 -114
38 -37 0 -38 150 -112
38 -36 0 -38 148 -110
38 -35 0 -38 146 -108
38 -34 0 -38 144 -106
38 -33 0 -38 142 -104
38 -32 0 -38 140 -102
38 -31 0 -38 138 -100
38 -30 0 -38 136 -98
38 -29 -5 -38 134 -116
38 -29 -4 -38 134 -116
38 -29 0 -38 134 -96
38 -28 0 -38 132 -94
38 -27 0 -38 130 -92
38 -26 0 -38 128 -90
38 -25 -12 -38 126 -100
38 -25 -1 -38 126 -100
38 -25 0 -38 126 -88
38 -24 0 -38 124 -86
38 -23 0 -38 122 -84
38 -22 0 -38 120 -82
38 -21 0 -38 118 -80
38 -20 0 -38 116 -78
38 -19 -19 -38 114 -76
38 -19 0 -38 114 -76
38 -18 0 -38 112 -74
38 -17 0 -38 110 -72
38 -16 0 -38 108 -70
38 -15 0 -38 106 -68
38 -14 0 -38 104 -66
38 -13 0 -38 102 -64
38 -12 0 -38 100 -62
38 -11 0 -38 98 -60
38 -10 0 -38 96 -58
38 -9 0 -38 94 -56
38 -8 0 -38 92 -54
38 -7 0 -38 90 -52
38 -6 0 -38 88 -50
38 -5 0 -38 86 -48
38 -4 0 -38 84 -46
38 -3 0 -38 82 -44
38 -2 0 -38 80 -42
38 -1 0 -38 78 -40
38 0 -38 -38 76 114
38 0 0 -38 76 -38
38 1 -40 -38 74 4
38 1 0 -38 74 -36
38 1 1 -38 74 4
38 2 0 -38 72 -34
38 3 0 -38 70 -32
38 4 0 -38 68 -30
38 5 0 -38 66 -28
38 6 0 -38 64 -26
38 7 0 -38 62 -24
38 8 0 -38 60 -22
38 9 0 -38 58 -20
38 10 0 -38 56 -18
38 11 0 -38 54 -16
38 12 0 -38 52 -14
38 13 0 -38 50 -12
38 14 0 -38 48 -10
38 15 0 -38 46 -8
38 16 0 -38 44 -6
38 17 0 -38 42 -4
38 18 0 -38 40 -2
38 19 0 -38 38 0
38 20 0 -38 36 2
38 21 0 -38 34 4
38 22 0 -38 32 6
38 23 0 -38 30 8
38 24 0 -38 28 10
38 25 0 -38 26 12
38 26 0 -38 24 14
38 27 0 -38 22 16
38 28 0 -38 20 18
38 29 0 -38 18 20
38 30 0 -38 16 22
38 31 0 -38 14 24
38 32 0 -38 12 26
38 33 0 -38 10 28
38 34 0 -38 8 30
38 35 0 -38 6 32
38 36 0 -38 4 34
38 37 0 -38 2 36
38 38 0 -38 0 38
38 -38 -76 -37 148 185
38 -38 0 -37 148 -111
38 -19 -19 -37 111 -74
38 -19 0 -37 111 -74
38 0 -38 -37 74 111
38 0 0 -37 74 -37
38 19 0 -37 37 0
38 38 0 -37 0 37
38 -38 -76 -36 144 180
38 -38 0 -36 144 -108
38 -19 -19 -36 108 -72
38 -19 0 -36 108 -72
38 0 -38 -36 72 108
38 0 0 -36 72 -36
38 19 0 -36 36 0
38 38 0 -36 0 36
38 -38 -76 -35 140 175
38 -38 0 -35 140 -105
38 -19 -57 -35 105 140
38 -19 -19 -35 105 -70
38 -19 0 -35 105 -70
38 0 -38 -35 70 105
38 0 0 -35 70 -35
38 19 -19 -35 35 70
38 19 0 -35 35 0
38 38 0 -35 0 35
38 -38 -76 -34 136 170
38 -38 0 -34 136 -102
38 -19 -19 -34 102 -68
38 -19 0 -34 102 -68
38 0 -38 -34 68 102
38 0 0 -34 68 -34
38 19 0 -34 34 0
38 38 0 -34 0 34
38 -38 -76 -33 132 165
38 -38 0 -33 132 -99
38 -19 -19 -33 99 -66
38 -19 0 -33 99 -66
38 0 -38 -33 66 99
38 0 0 -33 66 -33
38 19 0 -33 33 0
38 38 0 -33 0 33
38 -38 -76 -32 128 160
38 -38 0 -32 128 -96
38 -19 -19 -32 96 -64
38 -19 0 -32 96 -64
38 0 -38 -32 64 96
38 0 0 -32 64 -32
38 19 0 -32 32 0
38 38 0 -32 0 32
38 -38 -76 -31 124 155
38 -38 0 -31 124 -93
38 -19 -57 -31 93 124
38 -19 -19 -31 93 -62
38 -19 0 -31 93 -62
38 0 -38 -31 62 93
38 0 0 -31 62 -31
38 19 -19 -31 31 62
38 19 0 -31 31 0
38 38 0 -31 0 31
38 -38 -76 -30 120 150
38 -38 0 -30 120 -90
38 -19 -19 -30 90 -60
38 -19 0 -30 90 -60
38 0 -38 -30 60 90
38 0 0 -30 60 -30
38 19 0 -30 30 0
38 38 0 -30 0 30
38 -38 -76 -29 116 145
38 -38 0 -29 116 -87
38 -19 -19 -29 87 -58
38 -19 0 -29 87 -58
38 0 -38 -29 58 87
38 0 0 -29 58 -29
38 19 -58 -29 29 58
38 19 0 -29 29 0
38 19 1 -29 29 58
38 38 0 -29 0 29
38 -38 -76 -28 112 140
38 -38 0 -28 112 -84
38 -19 -19 -28 84 -56
38 -19 0 -28 84 -56
38 0 -38 -28 56 84
38 0 0 -28 56 -28
38 19 0 -28 28 0
38 38 0 -28 0 28
38 -38 -76 -27 108 135
38 -38 0 -27 108 -81
38 -19 -57 -27 81 108
38 -19 -19 -27 81 -54
38 -19 0 -27 81 -54
38 0 -38 -27 54 81
38 0 0 -27 54 -27
38 19 -19 -27 27 54
38 19 0 -27 27 0
38 38 0 -27 0 27
38 -38 -76 -26 104 130
38 -38 0 -26 104 -78
38 -19 -19 -26 78 -52
38 -19 0 -26 78 -52
38 0 -38 -26 52 78
38 0 0 -26 52 -26
38 19 0 -26 26 0
38 38 0 -26 0 26
38 -38 -76 -25 100 125
38 -38 0 -25 100 -75
38 -19 -19 -25 75 -50
38 -19 0 -25 75 -50
38 0 -38 -25 50 75
38 0 0 -25 50 -25
38 19 0 -25 25 0
38 38 0 -25 0 25
38 -38 -76 -24 96 120
38 -38 0 -24 96 -72
38 -19 -19 -24 72 -48
38 -19 0 -24 72 -48
38 0 -38 -24 48 72
38 0 0 -24 48 -24
38 19 0 -24 24 0
38 38 0 -24 0 24
38 -38 -76 -23 92 115
38 -38 0 -23 92 -69
38 -19 -57 -23 69 92
38 -19 -19 -23 69 -46
38 -19 0 -23 69 -46
38 0 -153 -23 46 184
38 0 -38 -23 46 69
38 0 -37 -23 46 184
38 0 0 -23 46 -23
38 19 -19 -23 23 46
38 19 0 -23 23 0
38 38 0 -23 0 23
38 -38 -76 -22 88 110
38 -38 0 -22 88 -66
38 -19 -19 -22 66 -44
38 -19 0 -22 66 -44
38 0 -38 -22 44 66
38 0 0 -22 44 -22
38 19 0 -22 22 0
38 38 0 -22 0 22
38 -38 -76 -21 84 105
38 -38 0 -21 84 -63
38 -19 -19 -21 63 -42
38 -19 0 -21 63 -42
38 0 -38 -21 42 63
38 0 0 -21 42 -21
38 19 0 -21 21 0
38 38 0 -21 0 21
38 -38 -76 -20 80 100
38 -38 0 -20 80 -60
38 -19 -19 -20 60 -40
38 -19 0 -20 60 -40
38 0 -38 -20 40 60
38 0 0 -20 40 -20
38 19 0 -20 20 0
38 38 0 -20 0 20
38 -38 -76 -19 76 95
38 -38 0 -19 76 -57
38 -37 0 -19 75 -56
38 -36 0 -19 74 -55
38 -35 0 -19 73 -54
38 -34 0 -19 72 -53
38 -33 0 -19 71 -52
38 -32 0 -19 70 -51
38 -31 -4 -19 69 -62
38 -31 -3 -19 69 -62
38 -31 0 -19 69 -50
38 -30 0 -19 68 -49
38 -29 0 -19 67 -48
38 -28 -9 -19 66 -56
38 -28 -1 -19 66 -56
38 -28 0 -19 66 -47
38 -27 0 -19 65 -46
38 -26 0 -19 64 -45
38 -25 0 -19 63 -44
38 -24 0 -19 62 -43
38 -23 0 -19 61 -42
38 -22 0 -19 60 -41
38 -21 0 -19 59 -40
38 -20 0 -19 58 -39
38 -19 -57 -19 57 76
38 -19 -19 -19 57 -38
38 -19 0 -19 57 -38
38 -18 0 -19 56 -37
38 -17 0 -19 55 -36
38 -16 0 -19 54 -35
38 -15 0 -19 53 -34
38 -14 0 -19 52 -33
38 -13 0 -19 51 -32
38 -12 0 -19 50 -31
38 -11 0 -19 49 -30
38 -10 0 -19 48 -29
38 -9 0 -19 47 -28
38 -8 0 -19 46 -27
38 -7 0 -19 45 -26
38 -6 0 -19 44 -25
38 -5 0 -19 43 -24
38 -4 0 -19 42 -23
38 -3 0 -19 41 -22
38 -2 0 -19 40 -21
38 -1 0 -19 39 -20
38 0 -38 -19 38 57
38 0 0 -19 38 -19
38 1 0 -19 37 -18
38 2 0 -19 36 -17
38 3 0 -19 35 -16
38 4 0 -19 34 -15
38 5 0 -19 33 -14
38 6 0 -19 32 -13
38 7 0 -19 31 -12
38 8 0 -19 30 -11
38 9 0 -19 29 -10
38 10 0 -19 28 -9
38 11 0 -19 27 -8
38 12 0 -19 26 -7
38 13 0 -19 25 -6
38 14 0 -19 24 -5
38 15 0 -19 23 -4
38 16 0 -19 22 -3
38 17 0 -19 21 -2
38 18 0 -19 20 -1
38 19 -19 -19 19 38
38 19 0 -19 19 0
38 20 0 -19 18 1
38 21 0 -19 17 2
38 22 0 -19 16 3
38 23 0 -19 15 4
38 24 0 -19 14 5
38 25 0 -19 13 6
38 26 0 -19 12 7
38 27 0 -19 11 8
38 28 0 -19 10 9
38 29 0 -19 9 10
38 30 0 -19 8 11
38 31 0 -19 7 12
38 32 0 -19 6 13
38 33 0 -19 5 14
38 34 0 -19 4 15
38 35 0 -19 3 16
38 36 0 -19 2 17
38 37 0 -19 1 18
38 38 0 -19 0 19
38 -38 -76 -18 72 90
38 -38 0 -18 72 -54
38 -19 -19 -18 54 -36
38 -19 0 -18 54 -36
38 0 -38 -18 36 54
38 0 0 -18 36 -18
38 19 0 -18 18 0
38 38 0 -18 0 18
38 -38 -76 -17 68 85
38 -38 0 -17 68 -51
38 -19 -19 -17 51 -34
38 -19 0 -17 51 -34
38 0 -38 -17 34 51
38 0 0 -17 34 -17
38 19 0 -17 17 0
38 38 0 -17 0 17
38 -38 -76 -16 64 80
38 -38 0 -16 64 -48
38 -19 -19 -16 48 -32
38 -19 0 -16 48 -32
38 0 -38 -16 32 48
38 0 0 -16 32 -16
38 19 0 -16 16 0
38 38 0 -16 0 16
38 -38 -76 -15 60 75
38 -38 0 -15 60 -45
38 -19 -57 -15 45 60
38 -19 -19 -15 45 -30
38 -19 0 -15 45 -30
38 0 -38 -15 30 45
38 0 0 -15 30 -15
38 19 -19 -15 15 30
38 19 0 -15 15 0
38 38 0 -15 0 15
38 -38 -76 -14 56 70
38 -38 0 -14 56 -42
38 -19 -19 -14 42 -28
38 -19 0 -14 42 -28
38 0 -38 -14 28 42
38 0 0 -14 28 -14
38 19 0 -14 14 0
38 38 0 -14 0 14
38 -38 -76 -13 52 65
38 -38 0 -13 52 -39
38 -19 -19 -13 39 -26
38 -19 0 -13 39 -26
38 0 -38 -13 26 39
38 0 0 -13 26 -13
38 19 0 -13 13 0
38 38 0 -13 0 13
38 -38 -76 -12 48 60
38 -38 0 -12 48 -36
38 -19 -19 -12 36 -24
38 -19 0 -12 36 -24
38 0 -38 -12 24 36
38 0 0 -12 24 -12
38 19 0 -12 12 0
38 38 0 -12 0 12
38 -38 -76 -11 44 55
38 -38 0 -11 44 -33
38 -19 -57 -11 33 44
38 -19 -19 -11 33 -22
38 -19 0 -11 33 -22
38 0 -38 -11 22 33
38 0 0 -11 22 -11
38 19 -19 -11 11 22
38 19 0 -11 11 0
38 38 0 -11 0 11
38 -38 -76 -10 40 50
38 -38 0 -10 40 -30
38 -19 -19 -10 30 -20
38 -19 0 -10 30 -20
38 0 -38 -10 20 30
38 0 0 -10 20 -10
38 19 0 -10 10 0
38 38 0 -10 0 10
38 -38 -76 -9 36 45
38 -38 0 -9 36 -27
38 -19 -19 -9 27 -18
38 -19 0 -9 27 -18
38 0 -38 -9 18 27
38 0 0 -9 18 -9
38 19 0 -9 9 0
38 38 0 -9 0 9
38 -38 -76 -8 32 40
38 -38 0 -8 32 -24
38 -19 -19 -8 24 -16
38 -19 0 -8 24 -16
38 0 -38 -8 16 24
38 0 0 -8 16 -8
38 19 0 -8 8 0
38 38 0 -8 0 8
38 -38 -76 -7 28 35
38 -38 0 -7 28 -21
38 -19 -57 -7 21 28
38 -19 -19 -7 21 -14
38 -19 0 -7 21 -14
38 0 -38 -7 14 21
38 0 0 -7 14 -7
38 19 -19 -7 7 14
38 19 0 -7 7 0
38 38 0 -7 0 7
38 -38 -76 -6 24 30
38 -38 0 -6 24 -18
38 -19 -19 -6 18 -12
38 -19 0 -6 18 -12
38 0 -38 -6 12 18
38 0 0 -6 12 -6
38 19 0 -6 6 0
38 38 0 -6 0 6
38 -38 -76 -5 20 25
38 -38 0 -5 20 -15
38 -19 -19 -5 15 -10
38 -19 0 -5 15 -10
38 0 -38 -5 10 15
38 0 0 -5 10 -5
38 19 0 -5 5 0
38 38 0 -5 0 5
38 -38 -76 -4 16 20
38 -38 0 -4 16 -12
38 -19 -19 -4 12 -8
38 -19 0 -4 12 -8
38 0 -38 -4 8 12
38 0 0 -4 8 -4
38 19 0 -4 4 0
38 38 0 -4 0 4
38 -38 -76 -3 12 15
38 -38 0 -3 12 -9
38 -19 -57 -3 9 12
38 -19 -19 -3 9 -6
38 -19 0 -3 9 -6
38 0 -38 -3 6 9
38 0 0 -3 6 -3
38 19 -19 -3 3 6
38 19 0 -3 3 0
38 38 0 -3 0 3
38 -38 -76 -2 8 10
38 -38 0 -2 8 -6
38 -19 -19 -2 6 -4
38 -19 0 -2 6 -4
38 0 -38 -2 4 6
38 0 0 -2 4 -2
38 19 0 -2 2 0
38 38 0 -2 0 2
38 -38 -76 -1 4 5
38 -38 0 -1 4 -3
38 -19 -19 -1 3 -2
38 -19 0 -1 3 -2
38 0 -38 -1 2 3
38 0 0 -1 2 -1
38 19 0 -1 1 0
38 38 0 -1 0 1
38 -38 -76 1 -4 -5
38 -38 -1 1 -4 4
38 -38 0 1 -4 3
38 -38 1 1 -4 4
38 -19 -57 1 -3 -4
38 -19 -19 1 -3 2
38 -19 0 1 -3 2
38 0 -38 1 -2 -3
38 0 0 1 -2 1
38 19 -19 1 -1 -2
38 19 0 1 -1 0
38 38 0 1 0 -1
38 -38 -76 2 -8 -10
38 -38 0 2 -8 6
38 -19 -19 2 -6 4
38 -19 0 2 -6 4
38 0 -38 2 -4 -6
38 0 0 2 -4 2
38 19 0 2 -2 0
38 38 0 2 0 -2
38 -38 -76 3 -12 -15
38 -38 0 3 -12 9
38 -19 -19 3 -9 6
38 -19 0 3 -9 6
38 0 -38 3 -6 -9
38 0 0 3 -6 3
38 19 0 3 -3 0
38 38 0 3 0 -3
38 -38 -76 4 -16 -20
38 -38 -2 4 -16 16
38 -38 0 4 -16 12
38 -38 2 4 -16 16
38 -19 -19 4 -12 8
38 -19 0 4 -12 8
38 0 -38 4 -8 -12
38 0 0 4 -8 4
38 19 0 4 -4 0
38 38 0 4 0 -4
38 -38 -76 5 -20 -25
38 -38 0 5 -20 15
38 -19 -57 5 -15 -20
38 -19 -19 5 -15 10
38 -19 0 5 -15 10
38 0 -38 5 -10 -15
38 0 0 5 -10 5
38 19 -19 5 -5 -10
38 19 0 5 -5 0
38 38 0 5 0 -5
38 -38 -76 6 -24 -30
38 -38 0 6 -24 18
38 -19 -19 6 -18 12
38 -19 0 6 -18 12
38 0 -38 6 -12 -18
38 0 0 6 -12 6
38 19 0 6 -6 0
38 38 0 6 0 -6
38 -38 -76 7 -28 -35
38 -38 0 7 -28 21
38 -19 -19 7 -21 14
38 -19 0 7 -21 14
38 0 -38 7 -14 -21
38 0 0 7 -14 7
38 19 0 7 -7 0
38 38 0 7 0 -7
38 -38 -76 8 -32 -40
38 -38 0 8 -32 24
38 -19 -19 8 -24 16
38 -19 0 8 -24 16
38 0 -38 8 -16 -24
38 0 0 8 -16 8
38 19 0 8 -8 0
38 38 0 8 0 -8
38 -38 -76 9 -36 -45
38 -38 -3 9 -36 36
38 -38 0 9 -36 27
38 -38 3 9 -36 36
38 -19 -57 9 -27 -36
38 -19 -19 9 -27 18
38 -19 0 9 -27 18
38 0 -38 9 -18 -27
38 0 0 9 -18 9
38 19 -19 9 -9 -18
38 19 0 9 -9 0
38 38 0 9 0 -9
38 -38 -76 10 -40 -50
38 -38 0 10 -40 30
38 -19 -19 10 -30 20
38 -19 0 10 -30 20
38 0 -38 10 -20 -30
38 0 0 10 -20 10
38 19 0 10 -10 0
38 38 0 10 0 -10
38 -38 -76 11 -44 -55
38 -38 0 11 -44 33
38 -19 -19 11 -33 22
38 -19 0 11 -33 22
38 0 -38 11 -22 -33
38 0 0 11 -22 11
38 19 0 11 -11 0
38 38 0 11 0 -11
38 -38 -76 12 -48 -60
38 -38 0 12 -48 36
38 -19 -19 12 -36 24
38 -19 0 12 -36 24
38 0 -38 12 -24 -36
38 0 0 12 -24 12
38 19 0 12 -12 0
38 38 0 12 0 -12
38 -38 -76 13 -52 -65
38 -38 0 13 -52 39
38 -19 -57 13 -39 -52
38 -19 -19 13 -39 26
38 -19 0 13 -39 26
38 0 -38 13 -26 -39
38 0 0 13 -26 13
38 19 -19 13 -13 -26
38 19 0 13 -13 0
38 38 0 13 0 -13
38 -38 -76 14 -56 -70
38 -38 0 14 -56 42
38 -19 -19 14 -42 28
38 -19 0 14 -42 28
38 0 -38 14 -28 -42
38 0 0 14 -28 14
38 19 0 14 -14 0
38 38 0 14 0 -14
38 -38 -76 15 -60 -75
38 -38 0 15 -60 45
38 -19 -19 15 -45 30
38 -19 0 15 -45 30
38 0 -38 15 -30 -45
38 0 0 15 -30 15
38 19 0 15 -15 0
38 38 0 15 0 -15
38 -38 -76 16 -64 -80
38 -38 -4 16 -64 64
38 -38 0 16 -64 48
38 -38 4 16 -64 64
38 -19 -19 16 -48 32
38 -19 0 16 -48 32
38 0 -38 16 -32 -48
38 0 0 16 -32 16
38 19 0 16 -16 0
38 38 0 16 0 -16
38 -38 -76 17 -68 -85
38 -38 0 17 -68 51
38 -19 -57 17 -51 -68
38 -19 -19 17 -51 34
38 -19 0 17 -51 34
38 0 -38 17 -34 -51
38 0 0 17 -34 17
38 19 -19 17 -17 -34
38 19 0 17 -17 0
38 38 0 17 0 -17
38 -38 -76 18 -72 -90
38 -38 0 18 -72 54
38 -19 -19 18 -54 36
38 -19 0 18 -54 36
38 0 -38 18 -36 -54
38 0 0 18 -36 18
38 19 0 18 -18 0
38 38 0 18 0 -18
38 -38 -76 19 -76 -95
38 -38 0 19 -76 57
38 -37 0 19 -75 56
38 -36 0 19 -74 55
38 -35 0 19 -73 54
38 -34 0 19 -72 53
38 -33 -7 19 -71 66
38 -33 0 19 -71 52
38 -33 2 19 -71 66
38 -32 0 19 -70 51
38 -31 0 19 -69 50
38 -30 0 19 -68 49
38 -29 -10 19 -67 58
38 -29 0 19 -67 48
38 -29 1 19 -67 58
38 -28 0 19 -66 47
38 -27 0 19 -65 46
38 -26 0 19 -64 45
38 -25 0 19 -63 44
38 -24 0 19 -62 43
38 -23 0 19 -61 42
38 -22 0 19 -60 41
38 -21 0 19 -59 40
38 -20 0 19 -58 39
38 -19 -19 19 -57 38
38 -19 0 19 -57 38
38 -18 0 19 -56 37
38 -17 0 19 -55 36
38 -16 0 19 -54 35
38 -15 0 19 -53 34
38 -14 0 19 -52 33
38 -13 0 19 -51 32
38 -12 0 19 -50 31
38 -11 0 19 -49 30
38 -10 0 19 -48 29
38 -9 0 19 -47 28
38 -8 0 19 -46 27
38 -7 0 19 -45 26
38 -6 0 19 -44 25
38 -5 0 19 -43 24
38 -4 0 19 -42 23
38 -3 0 19 -41 22
38 -2 0 19 -40 21
38 -1 0 19 -39 20
38 0 -38 19 -38 -57
38 0 0 19 -38 19
38 1 0 19 -37 18
38 2 0 19 -36 17
38 3 0 19 -35 16
38 4 0 19 -34 15
38 5 0 19 -33 14
38 6 0 19 -32 13
38 7 0 19 -31 12
38 8 0 19 -30 11
38 9 0 19 -29 10
38 10 0 19 -28 9
38 11 0 19 -27 8
38 12 0 19 -26 7
38 13 0 19 -25 6
38 14 0 19 -24 5
38 15 0 19 -23 4
38 16 0 19 -22 3
38 17 0 19 -21 2
38 18 0 19 -20 1
38 19 0 19 -19 0
38 20 0 19 -18 -1
38 21 0 19 -17 -2
38 22 0 19 -16 -3
38 23 0 19 -15 -4
38 24 0 19 -14 -5
38 25 0 19 -13 -6
38 26 0 19 -12 -7
38 27 0 19 -11 -8
38 28 0 19 -10 -9
38 29 0 19 -9 -10
38 30 0 19 -8 -11
38 31 0 19 -7 -12
38 32 0 19 -6 -13
38 33 0 19 -5 -14
38 34 0 19 -4 -15
38 35 0 19 -3 -16
38 36 0 19 -2 -17
38 37 0 19 -1 -18
38 38 0 19 0 -19
38 -38 -76 20 -80 -100
38 -38 0 20 -80 60
38 -19 -19 20 -60 40
38 -19 0 20 -60 40
38 0 -38 20 -40 -60
38 0 0 20 -40 20
38 19 0 20 -20 0
38 38 0 20 0 -20
38 -38 -76 21 -84 -105
38 -38 0 21 -84 63
38 -19 -57 21 -63 -84
38 -19 -19 21 -63 42
38 -19 0 21 -63 42
38 0 -38 21 -42 -63
38 0 0 21 -42 21
38 19 -19 21 -21 -42
38 19 0 21 -21 0
38 38 0 21 0 -21
38 -38 -76 22 -88 -110
38 -38 0 22 -88 66
38 -19 -19 22 -66 44
38 -19 0 22 -66 44
38 0 -38 22 -44 -66
38 0 0 22 -44 22
38 19 0 22 -22 0
38 38 0 22 0 -22
38 -38 -76 23 -92 -115
38 -38 0 23 -92 69
38 -19 -19 23 -69 46
38 -19 0 23 -69 46
38 0 -38 23 -46 -69
38 0 0 23 -46 23
38 19 0 23 -23 0
38 38 0 23 0 -23
38 -38 -76 24 -96 -120
38 -38 0 24 -96 72
38 -19 -19 24 -72 48
38 -19 0 24 -72 48
38 0 -38 24 -48 -72
38 0 0 24 -48 24
38 19 0 24 -24 0
38 38 0 24 0 -24
38 -38 -76 25 -100 -125
38 -38 -5 25 -100 100
38 -38 0 25 -100 75
38 -38 5 25 -100 100
38 -19 -57 25 -75 -100
38 -19 -19 25 -75 50
38 -19 0 25 -75 50
38 0 -38 25 -50 -75
38 0 0 25 -50 25
38 19 -19 25 -25 -50
38 19 0 25 -25 0
38 38 -75 25 0 -100
38 38 -1 25 0 -100
38 38 0 25 0 -25
38 -38 -76 26 -104 -130
38 -38 0 26 -104 78
38 -19 -19 26 -78 52
38 -19 0 26 -78 52
38 0 -38 26 -52 -78
38 0 0 26 -52 26
38 19 0 26 -26 0
38 38 0 26 0 -26
38 -38 -76 27 -108 -135
38 -38 0 27 -108 81
38 -19 -19 27 -81 54
38 -19 0 27 -81 54
38 0 -38 27 -54 -81
38 0 0 27 -54 27
38 19 0 27 -27 0
38 38 0 27 0 -27
38 -38 -76 28 -112 -140
38 -38 0 28 -112 84
38 -19 -19 28 -84 56
38 -19 0 28 -84 56
38 0 -38 28 -56 -84
38 0 0 28 -56 28
38 19 -56 28 -28 -56
38 19 -1 28 -28 -56
38 19 0 28 -28 0
38 38 0 28 0 -28
38 -38 -76 29 -116 -145
38 -38 0 29 -116 87
38 -19 -57 29 -87 -116
38 -19 -19 29 -87 58
38 -19 0 29 -87 58
38 0 -38 29 -58 -87
38 0 0 29 -58 29
38 19 -19 29 -29 -58
38 19 0 29 -29 0
38 38 0 29 0 -29
38 -38 -76 30 -120 -150
38 -38 0 30 -120 90
38 -19 -19 30 -90 60
38 -19 0 30 -90 60
38 0 -38 30 -60 -90
38 0 0 30 -60 30
38 19 0 30 -30 0
38 38 0 30 0 -30
38 -38 -76 31 -124 -155
38 -38 0 31 -124 93
38 -19 -19 31 -93 62
38 -19 0 31 -93 62
38 0 -38 31 -62 -93
38 0 0 31 -62 31
38 19 0 31 -31 0
38 38 0 31 0 -31
38 -38 -76 32 -128 -160
38 -38 0 32 -128 96
38 -19 -19 32 -96 64
38 -19 0 32 -96 64
38 0 -38 32 -64 -96
38 0 0 32 -64 32
38 19 0 32 -32 0
38 38 0 32 0 -32
38 -38 -76 33 -132 -165
38 -38 0 33 -132 99
38 -19 -57 33 -99 -132
38 -19 -19 33 -99 66
38 -19 0 33 -99 66
38 0 -38 33 -66 -99
38 0 0 33 -66 33
38 19 -19 33 -33 -66
38 19 0 33 -33 0
38 38 0 33 0 -33
38 -38 -76 34 -136 -170
38 -38 0 34 -136 102
38 -19 -19 34 -102 68
38 -19 0 34 -102 68
38 0 -38 34 -68 -102
38 0 0 34 -68 34
38 19 0 34 -34 0
38 38 0 34 0 -34
38 -38 -76 35 -140 -175
38 -38 0 35 -140 105
38 -19 -19 35 -105 70
38 -19 0 35 -105 70
38 0 -38 35 -70 -105
38 0 0 35 -70 35
38 19 0 35 -35 0
38 38 0 35 0 -35
38 -38 -76 36 -144 -180
38 -38 -6 36 -144 144
38 -38 0 36 -144 108
38 -38 6 36 -144 144
38 -19 -19 36 -108 72
38 -19 0 36 -108 72
38 0 -38 36 -72 -108
38 0 0 36 -72 36
38 19 0 36 -36 0
38 38 0 36 0 -36
38 -38 -76 37 -148 -185
38 -38 -74 37 -148 111
38 -38 -2 37 -148 111
38 -38 0 37 -148 111
38 -19 -57 37 -111 -148
38 -19 -19 37 -111 74
38 -19 0 37 -111 74
38 0 -148 37 -74 -111
38 0 -38 37 -74 -111
38 0 -37 37 -74 0
38 0 -9 37 -74 -296
38 0 -4 37 -74 -111
38 0 -1 37 -74 0
38 0 0 37 -74 37
38 19 -19 37 -37 -74
38 19 0 37 -37 0
38 38 0 37 0 -37
38 -38 -76 38 -152 -190
38 -38 0 38 -152 114
38 -37 0 38 -150 112
38 -36 0 38 -148 110
38 -35 0 38 -146 108
38 -34 0 38 -144 106
38 -33 0 38 -142 104
38 -32 0 38 -140 102
38 -31 0 38 -138 100
38 -30 0 38 -136 98
38 -29 0 38 -134 96
38 -28 0 38 -132 94
38 -27 0 38 -130 92
38 -26 0 38 -128 90
38 -25 0 38 -126 88
38 -24 0 38 -124 86
38 -23 0 38 -122 84
38 -22 0 38 -120 82
38 -21 0 38 -118 80
38 -20 0 38 -116 78
38 -19 -19 38 -114 76
38 -19 0 38 -114 76
38 -18 0 38 -112 74
38 -17 0 38 -110 72
38 -16 0 38 -108 70
38 -15 0 38 -106 68
38 -14 0 38 -104 66
38 -13 0 38 -102 64
38 -12 0 38 -100 62
38 -11 0 38 -98 60
38 -10 0 38 -96 58
38 -9 0 38 -94 56
38 -8 0 38 -92 54
38 -7 0 38 -90 52
38 -6 0 38 -88 50
38 -5 0 38 -86 48
38 -4 0 38 -84 46
38 -3 0 38 -82 44
38 -2 0 38 -80 42
38 -1 -36 38 -78 4
38 -1 -1 38 -78 4
38 -1 0 38 -78 40
38 0 -38 38 -76 -114
38 0 0 38 -76 38
38 1 0 38 -74 36
38 2 0 38 -72 34
38 3 0 38 -70 32
38 4 0 38 -68 30
38 5 0 38 -66 28
38 6 0 38 -64 26
38 7 0 38 -62 24
38 8 0 38 -60 22
38 9 0 38 -58 20
38 10 0 38 -56 18
38 11 0 38 -54 16
38 12 0 38 -52 14
38 13 0 38 -50 12
38 14 0 38 -48 10
38 15 0 38 -46 8
38 16 0 38 -44 6
38 17 0 38 -42 4
38 18 0 38 -40 2
38 19 0 38 -38 0
38 20 0 38 -36 -2
38 21 0 38 -34 -4
38 22 0 38 -32 -6
38 23 0 38 -30 -8
38 24 0 38 -28 -10
38 25 0 38 -26 -12
38 26 0 38 -24 -14
38 27 0 38 -22 -16
38 28 0 38 -20 -18
38 29 0 38 -18 -20
38 30 0 38 -16 -22
38 31 0 38 -14 -24
38 32 0 38 -12 -26
38 33 0 38 -10 -28
38 34 0 38 -8 -30
38 35 0 38 -6 -32
38 36 0 38 -4 -34
38 37 0 38 -2 -36
38 38 0 38 0 -38
38 -38 -76 39 -156 -195
38 -38 0 39 -156 117
38 -19 -19 39 -117 78
38 -19 0 39 -117 78
38 0 -38 39 -78 -117
38 0 0 39 -78 39
38 19 0 39 -39 0
38 38 0 39 0 -39
38 -38 -76 40 -160 -200
38 -38 0 40 -160 120
38 -19 -19 40 -120 80
38 -19 0 40 -120 80
38 0 -38 40 -80 -120
38 0 0 40 -80 40
38 19 0 40 -40 0
38 38 0 40 0 -40
38 -38 -76 41 -164 -205
38 -38 0 41 -164 123
38 -19 -57 41 -123 -164
38 -19 -19 41 -123 82
38 -19 0 41 -123 82
38 0 -38 41 -82 -123
38 0 0 41 -82 41
38 19 -19 41 -41 -82
38 19 0 41 -41 0
38 38 0 41 0 -41
38 -38 -76 42 -168 -210
38 -38 0 42 -168 126
38 -19 -19 42 -126 84
38 -19 0 42 -126 84
38 0 -38 42 -84 -126
38 0 0 42 -84 42
38 19 0 42 -42 0
38 38 0 42 0 -42
38 -38 -76 43 -172 -215
38 -38 0 43 -172 129
38 -19 -19 43 -129 86
38 -19 0 43 -129 86
38 0 -38 43 -86 -129
38 0 0 43 -86 43
38 19 0 43 -43 0
38 38 0 43 0 -43
38 -38 -76 44 -176 -220
38 -38 0 44 -176 132
38 -19 -19 44 -132 88
38 -19 0 44 -132 88
38 0 -38 44 -88 -132
38 0 0 44 -88 44
38 19 0 44 -44 0
38 38 0 44 0 -44
38 -38 -76 45 -180 -225
38 -38 0 45 -180 135
38 -19 -57 45 -135 -180
38 -19 -19 45 -135 90
38 -19 0 45 -135 90
38 0 -38 45 -90 -135
38 0 0 45 -90 45
38 19 -19 45 -45 -90
38 19 0 45 -45 0
38 38 0 45 0 -45
38 -38 -76 46 -184 -230
38 -38 0 46 -184 138
38 -19 -19 46 -138 92
38 -19 0 46 -138 92
38 0 -38 46 -92 -138
38 0 0 46 -92 46
38 19 0 46 -46 0
38 38 0 46 0 -46
38 -38 -76 47 -188 -235
38 -38 0 47 -188 141
38 -19 -19 47 -141 94
38 -19 0 47 -141 94
38 0 -38 47 -94 -141
38 0 0 47 -94 47
38 19 0 47 -47 0
38 38 0 47 0 -47
38 -38 -76 48 -192 -240
38 -38 0 48 -192 144
38 -19 -19 48 -144 96
38 -19 0 48 -144 96
38 0 -38 48 -96 -144
38 0 0 48 -96 48
38 19 0 48 -48 0
38 38 0 48 0 -48
38 -38 -76 49 -196 -245
38 -38 -7 49 -196 196
38 -38 0 49 -196 147
38 -38 7 49 -196 196
38 -19 -57 49 -147 -196
38 -19 -19 49 -147 98
38 -19 0 49 -147 98
38 0 -38 49 -98 -147
38 0 0 49 -98 49
38 19 -19 49 -49 -98
38 19 0 49 -49 0
38 38 0 49 0 -49
38 -38 -76 50 -200 -250
38 -38 0 50 -200 150
38 -19 -19 50 -150 100
38 -19 0 50 -150 100
38 0 -38 50 -100 -150
38 0 0 50 -100 50
38 19 0 50 -50 0
38 38 0 50 0 -50
39 -39 -78 -50 200 250
39 -39 0 -50 200 -150
39 0 -39 -50 100 150
39 0 0 -50 100 -50
39 39 0 -50 0 50
39 -39 -78 -49 196 245
39 -39 0 -49 196 -147
39 0 -39 -49 98 147
39 0 0 -49 98 -49
39 39 0 -49 0 49
39 -39 -78 -48 192 240
39 -39 0 -48 192 -144
39 -26 0 -48 160 -112
39 -13 0 -48 128 -80
39 0 -39 -48 96 144
39 0 0 -48 96 -48
39 13 0 -48 64 -16
39 26 0 -48 32 16
39 39 0 -48 0 48
39 -39 -78 -47 188 235
39 -39 0 -47 188 -141
39 0 -39 -47 94 141
39 0 0 -47 94 -47
39 39 0 -47 0 47
39 -39 -78 -46 184 230
39 -39 0 -46 184 -138
39 0 -39 -46 92 138
39 0 0 -46 92 -46
39 39 0 -46 0 46
39 -39 -78 -45 180 225
39 -39 0 -45 180 -135
39 -26 0 -45 150 -105
39 -13 0 -45 120 -75
39 0 -39 -45 90 135
39 0 0 -45 90 -45
39 13 0 -45 60 -15
39 26 0 -45 30 15
39 39 0 -45 0 45
39 -39 -78 -44 176 220
39 -39 0 -44 176 -132
39 0 -39 -44 88 132
39 0 0 -44 88 -44
39 39 0 -44 0 44
39 -39 -78 -43 172 215
39 -39 0 -43 172 -129
39 0 -39 -43 86 129
39 0 0 -43 86 -43
39 39 0 -43 0 43
39 -39 -78 -42 168 210
39 -39 0 -42 168 -126
39 -26 0 -42 140 -98
39 -13 0 -42 112 -70
39 0 -39 -42 84 126
39 0 0 -42 84 -42
39 13 0 -42 56 -14
39 26 0 -42 28 14
39 39 0 -42 0 42
39 -39 -78 -41 164 205
39 -39 0 -41 164 -123
39 0 -39 -41 82 123
39 0 0 -41 82 -41
39 39 0 -41 0 41
39 -39 -80 -40 160 -120
39 -39 -78 -40 160 200
39 -39 0 -40 160 -120
39 -39 2 -40 160 -120
39 0 -160 -40 80 120
39 0 -40 -40 80 0
39 0 -39 -40 80 120
39 0 0 -40 80 -40
39 0 1 -40 80 0
39 0 4 -40 80 120
39 39 0 -40 0 40
39 -39 -78 -39 156 195
39 -39 0 -39 156 -117
39 -38 0 -39 154 -115
39 -37 0 -39 152 -113
39 -36 0 -39 150 -111
39 -35 0 -39 148 -109
39 -34 0 -39 146 -107
39 -33 0 -39 144 -105
39 -32 0 -39 142 -103
39 -31 0 -39 140 -101
39 -30 0 -39 138 -99
39 -29 0 -39 136 -97
39 -28 0 -39 134 -95
39 -27 0 -39 132 -93
39 -26 0 -39 130 -91
39 -25 0 -39 128 -89
39 -24 0 -39 126 -87
39 -23 0 -39 124 -85
39 -22 0 -39 122 -83
39 -21 0 -39 120 -81
39 -20 0 -39 118 -79
39 -19 0 -39 116 -77
39 -18 0 -39 114 -75
39 -17 0 -39 112 -73
39 -16 0 -39 110 -71
39 -15 0 -39 108 -69
39 -14 0 -39 106 -67
39 -13 0 -39 104 -65
39 -12 0 -39 102 -63
39 -11 0 -39 100 -61
39 -10 0 -39 98 -59
39 -9 0 -39 96 -57
39 -8 0 -39 94 -55
39 -7 0 -39 92 -53
39 -6 0 -39 90 -51
39 -5 0 -39 88 -49
39 -4 0 -39 86 -47
39 -3 0 -39 84 -45
39 -2 0 -39 82 -43
39 -1 0 -39 80 -41
39 0 -39 -39 78 117
39 0 0 -39 78 -39
39 1 -41 -39 76 4
39 1 0 -39 76 -37
39 1 1 -39 76 4
39 2 0 -39 74 -35
39 3 0 -39 72 -33
39 4 0 -39 70 -31
39 5 0 -39 68 -29
39 6 0 -39 66 -27
39 7 0 -39 64 -25
39 8 0 -39 62 -23
39 9 0 -39 60 -21
39 10 0 -39 58 -19
39 11 0 -39 56 -17
39 12 0 -39 54 -15
39 13 0 -39 52 -13
39 14 0 -39 50 -11
39 15 0 -39 48 -9
39 16 0 -39 46 -7
39 17 0 -39 44 -5
39 18 0 -39 42 -3
39 19 0 -39 40 -1
39 20 0 -39 38 1
39 21 0 -39 36 3
39 22 0 -39 34 5
39 23 0 -39 32 7
39 24 0 -39 30 9
39 25 0 -39 28 11
39 26 0 -39 26 13
39 27 0 -39 24 15
39 28 0 -39 22 17
39 29 0 -39 20 19
39 30 0 -39 18 21
39 31 0 -39 16 23
39 32 0 -39 14 25
39 33 0 -39 12 27
39 34 0 -39 10 29
39 35 0 -39 8 31
39 36 0 -39 6 33
39 37 0 -39 4 35
39 38 0 -39 2 37
39 39 0 -39 0 39
39 -39 -78 -38 152 190
39 -39 0 -38 152 -114
39 0 -39 -38 76 114
39 0 0 -38 76 -38
39 39 0 -38 0 38
39 -39 -78 -37 148 185
39 -39 0 -37 148 -111
39 0 -39 -37 74 111
39 0 0 -37 74 -37
39 39 0 -37 0 37
39 -39 -78 -36 144 180
39 -39 0 -36 144 -108
39 -26 -12 -36 120 -96
39 -26 -1 -36 120 -96
39 -26 0 -36 120 -84
39 -13 0 -36 96 -60
39 0 -39 -36 72 108
39 0 0 -36 72 -36
39 13 0 -36 48 -12
39 26 0 -36 24 12
39 39 0 -36 0 36
39 -39 -78 -35 140 175
39 -39 0 -35 140 -105
39 0 -39 -35 70 105
39 0 0 -35 70 -35
39 39 0 -35 0 35
39 -39 -78 -34 136 170
39 -39 0 -34 136 -102
39 0 -39 -34 68 102
39 0 0 -34 68 -34
39 39 0 -34 0 34
39 -39 -78 -33 132 165
39 -39 0 -33 132 -99
39 -26 0 -33 110 -77
39 -13 0 -33 88 -55
39 0 -39 -33 66 99
39 0 0 -33 66 -33
39 13 0 -33 44 -11
39 26 0 -33 22 11
39 39 0 -33 0 33
39 -39 -78 -32 128 160
39 -39 0 -32 128 -96
39 0 -39 -32 64 96
39 0 0 -32 64 -32
39 39 0 -32 0 32
39 -39 -78 -31 124 155
39 -39 0 -31 124 -93
39 0 -39 -31 62 93
39 0 0 -31 62 -31
39 39 0 -31 0 31
39 -39 -78 -30 120 150
39 -39 0 -30 120 -90
39 -26 0 -30 100 -70
39 -13 0 -30 80 -50
39 0 -39 -30 60 90
39 0 0 -30 60 -30
39 13 0 -30 40 -10
39 26 0 -30 20 10
39 39 0 -30 0 30
39 -39 -78 -29 116 145
39 -39 0 -29 116 -87
39 0 -39 -29 58 87
39 0 0 -29 58 -29
39 39 0 -29 0 29
39 -39 -78 -28 112 140
39 -39 0 -28 112 -84
39 0 -39 -28 56 84
39 0 0 -28 56 -28
39 39 0 -28 0 28
39 -39 -78 -27 108 135
39 -39 0 -27 108 -81
39 -26 0 -27 90 -63
39 -13 0 -27 72 -45
39 0 -39 -27 54 81
39 0 0 -27 54 -27
39 13 0 -27 36 -9
39 26 0 -27 18 9
39 39 0 -27 0 27
39 -39 -78 -26 104 130
39 -39 0 -26 104 -78
39 -36 0 -26 100 -74
39 -33 0 -26 96 -70
39 -30 -7 -26 92 -80
39 -30 -2 -26 92 -80
39 -30 0 -26 92 -66
39 -27 0 -26 88 -62
39 -24 0 -26 84 -58
39 -21 0 -26 80 -54
39 -18 0 -26 76 -50
39 -15 0 -26 72 -46
39 -12 0 -26 68 -42
39 -9 0 -26 64 -38
39 -6 0 -26 60 -34
39 -3 0 -26 56 -30
39 0 -39 -26 52 78
39 0 0 -26 52 -26
39 3 0 -26 48 -22
39 6 0 -26 44 -18
39 9 0 -26 40 -14
39 12 0 -26 36 -10
39 15 0 -26 32 -6
39 18 0 -26 28 -2
39 21 0 -26 24 2
39 24 0 -26 20 6
39 27 0 -26 16 10
39 30 0 -26 12 14
39 33 0 -26 8 18
39 36 0 -26 4 22
39 39 0 -26 0 26
39 -39 -78 -25 100 125
39 -39 0 -25 100 -75
39 0 -39 -25 50 75
39 0 0 -25 50 -25
39 39 0 -25 0 25
39 -39 -78 -24 96 120
39 -39 0 -24 96 -72
39 -26 0 -24 80 -56
39 -13 0 -24 64 -40
39 0 -39 -24 48 72
39 0 0 -24 48 -24
39 13 0 -24 32 -8
39 26 0 -24 16 8
39 39 0 -24 0 24
39 -39 -78 -23 92 115
39 -39 0 -23 92 -69
39 0 -39 -23 46 69
39 0 0 -23 46 -23
39 39 0 -23 0 23
39 -39 -78 -22 88 110
39 -39 0 -22 88 -66
39 0 -39 -22 44 66
39 0 0 -22 44 -22
39 39 0 -22 0 22
39 -39 -78 -21 84 105
39 -39 0 -21 84 -63
39 -26 0 -21 70 -49
39 -13 0 -21 56 -35
39 0 -39 -21 42 63
39 0 0 -21 42 -21
39 13 0 -21 28 -7
39 26 0 -21 14 7
39 39 0 -21 0 21
39 -39 -78 -20 80 100
39 -39 0 -20 80 -60
39 0 -39 -20 40 60
39 0 0 -20 40 -20
39 39 0 -20 0 20
39 -39 -78 -19 76 95
39 -39 0 -19 76 -57
39 0 -39 -19 38 57
39 0 0 -19 38 -19
39 39 0 -19 0 19
39 -39 -78 -18 72 90
39 -39 0 -18 72 -54
39 -26 0 -18 60 -42
39 -13 0 -18 48 -30
39 0 -39 -18 36 54
39 0 0 -18 36 -18
39 13 0 -18 24 -6
39 26 0 -18 12 6
39 39 0 -18 0 18
39 -39 -78 -17 68 85
39 -39 0 -17 68 -51
39 0 -39 -17 34 51
39 0 0 -17 34 -17
39 39 0 -17 0 17
39 -39 -78 -16 64 80
39 -39 0 -16 64 -48
39 0 -39 -16 32 48
39 0 0 -16 32 -16
39 39 0 -16 0 16
39 -39 -78 -15 60 75
39 -39 0 -15 60 -45
39 -26 0 -15 50 -35
39 -13 0 -15 40 -25
39 0 -39 -15 30 45
39 0 0 -15 30 -15
39 13 0 -15 20 -5
39 26 0 -15 10 5
39 39 0 -15 0 15
39 -39 -78 -14 56 70
39 -39 0 -14 56 -42
39 0 -39 -14 28 42
39 0 0 -14 28 -14
39 39 0 -14 0 14
39 -39 -78 -13 52 65
39 -39 0 -13 52 -39
39 -36 0 -13 50 -37
39 -33 -3 -13 48 -44
39 -33 0 -13 48 -35
39 -30 0 -13 46 -33
39 -27 0 -13 44 -31
39 -24 0 -13 42 -29
39 -21 0 -13 40 -27
39 -18 0 -13 38 -25
39 -15 0 -13 36 -23
39 -12 0 -13 34 -21
39 -9 0 -13 32 -19
39 -6 0 -13 30 -17
39 -3 0 -13 28 -15
39 0 -39 -13 26 39
39 0 0 -13 26 -13
39 3 0 -13 24 -11
39 6 0 -13 22 -9
39 9 0 -13 20 -7
39 12 0 -13 18 -5
39 15 0 -13 16 -3
39 18 0 -13 14 -1
39 21 0 -13 12 1
39 24 0 -13 10 3
39 27 0 -13 8 5
39 30 0 -13 6 7
39 33 0 -13 4 9
39 36 0 -13 2 11
39 39 0 -13 0 13
39 -39 -78 -12 48 60
39 -39 0 -12 48 -36
39 -26 0 -12 40 -28
39 -13 0 -12 32 -20
39 0 -39 -12 24 36
39 0 0 -12 24 -12
39 13 0 -12 16 -4
39 26 0 -12 8 4
39 39 0 -12 0 12
39 -39 -78 -11 44 55
39 -39 0 -11 44 -33
39 0 -39 -11 22 33
39 0 0 -11 22 -11
39 39 0 -11 0 11
39 -39 -78 -10 40 50
39 -39 0 -10 40 -30
39 0 -39 -10 20 30
39 0 0 -10 20 -10
39 39 0 -10 0 10
39 -39 -78 -9 36 45
39 -39 0 -9 36 -27
39 -26 0 -9 30 -21
39 -13 0 -9 24 -15
39 0 -39 -9 18 27
39 0 0 -9 18 -9
39 13 0 -9 12 -3
39 26 0 -9 6 3
39 39 0 -9 0 9
39 -39 -78 -8 32 40
39 -39 0 -8 32 -24
39 0 -39 -8 16 24
39 0 0 -8 16 -8
39 39 0 -8 0 8
39 -39 -78 -7 28 35
39 -39 0 -7 28 -21
39 0 -39 -7 14 21
39 0 0 -7 14 -7
39 39 0 -7 0 7
39 -39 -78 -6 24 30
39 -39 0 -6 24 -18
39 -26 0 -6 20 -14
39 -13 0 -6 16 -10
39 0 -39 -6 12 18
39 0 0 -6 12 -6
39 13 0 -6 8 -2
39 26 0 -6 4 2
39 39 0 -6 0 6
39 -39 -78 -5 20 25
39 -39 0 -5 20 -15
39 0 -39 -5 10 15
39 0 0 -5 10 -5
39 39 0 -5 0 5
39 -39 -78 -4 16 20
39 -39 0 -4 16 -12
39 0 -39 -4 8 12
39 0 0 -4 8 -4
39 39 0 -4 0 4
39 -39 -78 -3 12 15
39 -39 0 -3 12 -9
39 -26 0 -3 10 -7
39 -13 0 -3 8 -5
39 0 -39 -3 6 9
39 0 0 -3 6 -3
39 13 0 -3 4 -1
39 26 0 -3 2 1
39 39 0 -3 0 3
39 -39 -78 -2 8 10
39 -39 0 -2 8 -6
39 0 -39 -2 4 6
39 0 0 -2 4 -2
39 39 0 -2 0 2
39 -39 -78 -1 4 5
39 -39 0 -1 4 -3
39 0 -39 -1 2 3
39 0 0 -1 2 -1
39 39 0 -1 0 1
39 -39 -78 1 -4 -5
39 -39 -1 1 -4 4
39 -39 0 1 -4 3
39 -39 1 1 -4 4
39 0 -39 1 -2 -3
39 0 0 1 -2 1
39 39 0 1 0 -1
39 -39 -78 2 -8 -10
39 -39 0 2 -8 6
39 0 -39 2 -4 -6
39 0 0 2 -4 2
39 39 0 2 0 -2
39 -39 -78 3 -12 -15
39 -39 0 3 -12 9
39 -26 0 3 -10 7
39 -13 0 3 -8 5
39 0 -39 3 -6 -9
39 0 0 3 -6 3
39 13 0 3 -4 1
39 26 0 3 -2 -1
39 39 0 3 0 -3
39 -39 -78 4 -16 -20
39 -39 -2 4 -16 16
39 -39 0 4 -16 12
39 -39 2 4 -16 16
39 0 -39 4 -8 -12
39 0 0 4 -8 4
39 39 0 4 0 -4
39 -39 -78 5 -20 -25
39 -39 0 5 -20 15
39 0 -39 5 -10 -15
39 0 0 5 -10 5
39 39 0 5 0 -5
39 -39 -78 6 -24 -30
39 -39 0 6 -24 18
39 -26 0 6 -20 14
39 -13 0 6 -16 10
39 0 -39 6 -12 -18
39 0 0 6 -12 6
39 13 0 6 -8 2
39 26 0 6 -4 -2
39 39 0 6 0 -6
39 -39 -78 7 -28 -35
39 -39 0 7 -28 21
39 0 -39 7 -14 -21
39 0 0 7 -14 7
39 39 0 7 0 -7
39 -39 -78 8 -32 -40
39 -39 0 8 -32 24
39 0 -39 8 -16 -24
39 0 0 8 -16 8
39 39 0 8 0 -8
39 -39 -78 9 -36 -45
39 -39 -3 9 -36 36
39 -39 0 9 -36 27
39 -39 3 9 -36 36
39 -26 0 9 -30 21
39 -13 0 9 -24 15
39 0 -39 9 -18 -27
39 0 0 9 -18 9
39 13 0 9 -12 3
39 26 0 9 -6 -3
39 39 0 9 0 -9
39 -39 -78 10 -40 -50
39 -39 0 10 -40 30
39 0 -39 10 -20 -30
39 0 0 10 -20 10
39 39 0 10 0 -10
39 -39 -78 11 -44 -55
39 -39 0 11 -44 33
39 0 -39 11 -22 -33
39 0 0 11 -22 11
39 39 0 11 0 -11
39 -39 -78 12 -48 -60
39 -39 0 12 -48 36
39 -26 0 12 -40 28
39 -13 0 12 -32 20
39 0 -39 12 -24 -36
39 0 0 12 -24 12
39 13 0 12 -16 4
39 26 0 12 -8 -4
39 39 0 12 0 -12
39 -39 -78 13 -52 -65
39 -39 0 13 -52 39
39 -36 0 13 -50 37
39 -33 0 13 -48 35
39 -30 0 13 -46 33
39 -27 0 13 -44 31
39 -24 0 13 -42 29
39 -21 0 13 -40 27
39 -18 0 13 -38 25
39 -15 0 13 -36 23
39 -12 0 13 -34 21
39 -9 0 13 -32 19
39 -6 0 13 -30 17
39 -3 0 13 -28 15
39 0 -39 13 -26 -39
39 0 0 13 -26 13
39 3 0 13 -24 11
39 6 0 13 -22 9
39 9 0 13 -20 7
39 12 0 13 -18 5
39 15 0 13 -16 3
39 18 0 13 -14 1
39 21 0 13 -12 -1
39 24 0 13 -10 -3
39 27 0 13 -8 -5
39 30 0 13 -6 -7
39 33 0 13 -4 -9
39 36 0 13 -2 -11
39 39 0 13 0 -13
39 -39 -78 14 -56 -70
39 -39 0 14 -56 42
39 0 -39 14 -28 -42
39 0 0 14 -28 14
39 39 0 14 0 -14
39 -39 -78 15 -60 -75
39 -39 0 15 -60 45
39 -26 0 15 -50 35
39 -13 0 15 -40 25
39 0 -39 15 -30 -45
39 0 0 15 -30 15
39 13 0 15 -20 5
39 26 0 15 -10 -5
39 39 0 15 0 -15
39 -39 -78 16 -64 -80
39 -39 -4 16 -64 64
39 -39 0 16 -64 48
39 -39 4 16 -64 64
39 0 -39 16 -32 -48
39 0 0 16 -32 16
39 39 0 16 0 -16
39 -39 -78 17 -68 -85
39 -39 0 17 -68 51
39 0 -39 17 -34 -51
39 0 0 17 -34 17
39 39 0 17 0 -17
39 -39 -78 18 -72 -90
39 -39 0 18 -72 54
39 -26 0 18 -60 42
39 -13 0 18 -48 30
39 0 -39 18 -36 -54
39 0 0 18 -36 18
39 13 0 18 -24 6
39 26 0 18 -12 -6
39 39 0 18 0 -18
39 -39 -78 19 -76 -95
39 -39 0 19 -76 57
39 0 -39 19 -38 -57
39 0 0 19 -38 19
39 39 0 19 0 -19
39 -39 -78 20 -80 -100
39 -39 0 20 -80 60
39 0 -39 20 -40 -60
39 0 0 20 -40 20
39 39 0 20 0 -20
39 -39 -78 21 -84 -105
39 -39 0 21 -84 63
39 -26 0 21 -70 49
39 -13 0 21 -56 35
39 0 -39 21 -42 -63
39 0 0 21 -42 21
39 13 0 21 -28 7
39 26 0 21 -14 -7
39 39 0 21 0 -21
39 -39 -78 22 -88 -110
39 -39 0 22 -88 66
39 0 -39 22 -44 -66
39 0 0 22 -44 22
39 39 0 22 0 -22
39 -39 -78 23 -92 -115
39 -39 0 23 -92 69
39 0 -39 23 -46 -69
39 0 0 23 -46 23
39 39 0 23 0 -23
39 -39 -78 24 -96 -120
39 -39 0 24 -96 72
39 -26 0 24 -80 56
39 -13 0 24 -64 40
39 0 -39 24 -48 -72
39 0 0 24 -48 24
39 13 0 24 -32 8
39 26 0 24 -16 -8
39 39 0 24 0 -24
39 -39 -78 25 -100 -125
39 -39 -5 25 -100 100
39 -39 0 25 -100 75
39 -39 5 25 -100 100
39 0 -39 25 -50 -75
39 0 0 25 -50 25
39 39 0 25 0 -25
39 -39 -78 26 -104 -130
39 -39 0 26 -104 78
39 -36 0 26 -100 74
39 -33 0 26 -96 70
39 -30 0 26 -92 66
39 -27 0 26 -88 62
39 -24 0 26 -84 58
39 -21 0 26 -80 54
39 -18 0 26 -76 50
39 -15 0 26 -72 46
39 -12 0 26 -68 42
39 -9 0 26 -64 38
39 -6 0 26 -60 34
39 -3 0 26 -56 30
39 0 -39 26 -52 -78
39 0 0 26 -52 26
39 3 0 26 -48 22
39 6 0 26 -44 18
39 9 0 26 -40 14
39 12 0 26 -36 10
39 15 0 26 -32 6
39 18 0 26 -28 2
39 21 0 26 -24 -2
39 24 0 26 -20 -6
39 27 0 26 -16 -10
39 30 0 26 -12 -14
39 33 0 26 -8 -18
39 36 -74 26 -4 -96
39 36 -1 26 -4 -96
39 36 0 26 -4 -22
39 39 0 26 0 -26
39 -39 -78 27 -108 -135
39 -39 0 27 -108 81
39 -26 0 27 -90 63
39 -13 0 27 -72 45
39 0 -39 27 -54 -81
39 0 0 27 -54 27
39 13 0 27 -36 9
39 26 0 27 -18 -9
39 39 0 27 0 -27
39 -39 -78 28 -112 -140
39 -39 0 28 -112 84
39 0 -39 28 -56 -84
39 0 0 28 -56 28
39 39 0 28 0 -28
39 -39 -78 29 -116 -145
39 -39 0 29 -116 87
39 0 -39 29 -58 -87
39 0 0 29 -58 29
39 39 0 29 0 -29
39 -39 -78 30 -120 -150
39 -39 0 30 -120 90
39 -26 0 30 -100 70
39 -13 0 30 -80 50
39 0 -39 30 -60 -90
39 0 0 30 -60 30
39 13 0 30 -40 10
39 26 0 30 -20 -10
39 39 0 30 0 -30
39 -39 -78 31 -124 -155
39 -39 0 31 -124 93
39 0 -39 31 -62 -93
39 0 0 31 -62 31
39 39 0 31 0 -31
39 -39 -78 32 -128 -160
39 -39 0 32 -128 96
39 0 -39 32 -64 -96
39 0 0 32 -64 32
39 39 0 32 0 -32
39 -39 -78 33 -132 -165
39 -39 0 33 -132 99
39 -26 0 33 -110 77
39 -13 0 33 -88 55
39 0 -39 33 -66 -99
39 0 0 33 -66 33
39 13 0 33 -44 11
39 26 0 33 -22 -11
39 39 0 33 0 -33
39 -39 -78 34 -136 -170
39 -39 0 34 -136 102
39 0 -39 34 -68 -102
39 0 0 34 -68 34
39 39 0 34 0 -34
39 -39 -78 35 -140 -175
39 -39 0 35 -140 105
39 0 -39 35 -70 -105
39 0 0 35 -70 35
39 39 0 35 0 -35
39 -39 -78 36 -144 -180
39 -39 -6 36 -144 144
39 -39 0 36 -144 108
39 -39 6 36 -144 144
39 -26 0 36 -120 84
39 -13 0 36 -96 60
39 0 -39 36 -72 -108
39 0 0 36 -72 36
39 13 0 36 -48 12
39 26 0 36 -24 -12
39 39 0 36 0 -36
39 -39 -78 37 -148 -185
39 -39 0 37 -148 111
39 0 -39 37 -74 -111
39 0 0 37 -74 37
39 39 0 37 0 -37
39 -39 -78 38 -152 -190
39 -39 -76 38 -152 114
39 -39 -2 38 -152 114
39 -39 0 38 -152 114
39 0 -152 38 -76 -114
39 0 -39 38 -76 -114
39 0 -38 38 -76 0
39 0 -4 38 -76 -114
39 0 -1 38 -76 0
39 0 0 38 -76 38
39 39 0 38 0 -38
39 -39 -78 39 -156 -195
39 -39 0 39 -156 117
39 -38 0 39 -154 115
39 -37 -7 39 -152 148
39 -37 0 39 -152 113
39 -37 5 39 -152 148
39 -36 0 39 -150 111
39 -35 0 39 -148 109
39 -34 0 39 -146 107
39 -33 -9 39 -144 132
39 -33 0 39 -144 105
39 -33 3 39 -144 132
39 -32 0 39 -142 103
39 -31 0 39 -140 101
39 -30 0 39 -138 99
39 -29 0 39 -136 97
39 -28 0 39 -134 95
39 -27 0 39 -132 93
39 -26 0 39 -130 91
39 -25 0 39 -128 89
39 -24 0 39 -126 87
39 -23 0 39 -124 85
39 -22 0 39 -122 83
39 -21 0 39 -120 81
39 -20 0 39 -118 79
39 -19 0 39 -116 77
39 -18 0 39 -114 75
39 -17 0 39 -112 73
39 -16 0 39 -110 71
39 -15 0 39 -108 69
39 -14 0 39 -106 67
39 -13 0 39 -104 65
39 -12 0 39 -102 63
39 -11 0 39 -100 61
39 -10 0 39 -98 59
39 -9 0 39 -96 57
39 -8 0 39 -94 55
39 -7 0 39 -92 53
39 -6 0 39 -90 51
39 -5 0 39 -88 49
39 -4 0 39 -86 47
39 -3 0 39 -84 45
39 -2 0 39 -82 43
39 -1 -37 39 -80 4
39 -1 -1 39 -80 4
39 -1 0 39 -80 41
39 0 -39 39 -78 -117
39 0 0 39 -78 39
39 1 0 39 -76 37
39 2 0 39 -74 35
39 3 0 39 -72 33
39 4 0 39 -70 31
39 5 0 39 -68 29
39 6 0 39 -66 27
39 7 0 39 -64 25
39 8 0 39 -62 23
39 9 0 39 -60 21
39 10 0 39 -58 19
39 11 0 39 -56 17
39 12 0 39 -54 15
39 13 0 39 -52 13
39 14 0 39 -50 11
39 15 0 39 -48 9
39 16 0 39 -46 7
39 17 0 39 -44 5
39 18 0 39 -42 3
39 19 0 39 -40 1
39 20 0 39 -38 -1
39 21 0 39 -36 -3
39 22 0 39 -34 -5
39 23 0 39 -32 -7
39 24 0 39 -30 -9
39 25 0 39 -28 -11
39 26 0 39 -26 -13
39 27 0 39 -24 -15
39 28 0 39 -22 -17
39 29 0 39 -20 -19
39 30 0 39 -18 -21
39 31 0 39 -16 -23
39 32 0 39 -14 -25
39 33 0 39 -12 -27
39 34 0 39 -10 -29
39 35 0 39 -8 -31
39 36 0 39 -6 -33
39 37 0 39 -4 -35
39 38 0 39 -2 -37
39 39 0 39 0 -39
39 -39 -78 40 -160 -200
39 -39 0 40 -160 120
39 0 -39 40 -80 -120
39 0 0 40 -80 40
39 39 0 40 0 -40
39 -39 -78 41 -164 -205
39 -39 0 41 -164 123
39 0 -39 41 -82 -123
39 0 0 41 -82 41
39 39 0 41 0 -41
39 -39 -78 42 -168 -210
39 -39 0 42 -168 126
39 -26 -14 42 -140 112
39 -26 0 42 -140 98
39 -26 1 42 -140 112
39 -13 0 42 -112 70
39 0 -39 42 -84 -126
39 0 0 42 -84 42
39 13 0 42 -56 14
39 26 0 42 -28 -14
39 39 0 42 0 -42
39 -39 -78 43 -172 -215
39 -39 0 43 -172 129
39 0 -39 43 -86 -129
39 0 0 43 -86 43
39 39 0 43 0 -43
39 -39 -78 44 -176 -220
39 -39 0 44 -176 132
39 0 -39 44 -88 -132
39 0 0 44 -88 44
39 39 0 44 0 -44
39 -39 -78 45 -180 -225
39 -39 0 45 -180 135
39 -26 0 45 -150 105
39 -13 0 45 -120 75
39 0 -39 45 -90 -135
39 0 0 45 -90 45
39 13 0 45 -60 15
39 26 0 45 -30 -15
39 39 0 45 0 -45
39 -39 -78 46 -184 -230
39 -39 0 46 -184 138
39 0 -39 46 -92 -138
39 0 0 46 -92 46
39 39 0 46 0 -46
39 -39 -78 47 -188 -235
39 -39 0 47 -188 141
39 0 -39 47 -94 -141
39 0 0 47 -94 47
39 39 0 47 0 -47
39 -39 -78 48 -192 -240
39 -39 0 48 -192 144
39 -26 0 48 -160 112
39 -13 0 48 -128 80
39 0 -39 48 -96 -144
39 0 0 48 -96 48
39 13 0 48 -64 16
39 26 0 48 -32 -16
39 39 0 48 0 -48
39 -39 -78 49 -196 -245
39 -39 -7 49 -196 196
39 -39 0 49 -196 147
39 -39 7 49 -196 196
39 0 -39 49 -98 -147
39 0 0 49 -98 49
39 39 0 49 0 -49
39 -39 -78 50 -200 -250
39 -39 0 50 -200 150
39 0 -39 50 -100 -150
39 0 0 50 -100 50
39 39 0 50 0 -50
40 -40 -80 -50 200 250
40 -40 0 -50 200 -150
40 -38 0 -50 195 -145
40 -36 0 -50 190 -140
40 -34 0 -50 185 -135
40 -32 0 -50 180 -130
40 -30 -5 -50 175 -150
40 -30 0 -50 175 -125
40 -28 -10 -50 170 -140
40 -28 -2 -50 170 -140
40 -28 0 -50 170 -120
40 -26 0 -50 165 -115
40 -24 0 -50 160 -110
40 -22 0 -50 155 -105
40 -20 -20 -50 150 -100
40 -20 0 -50 150 -100
40 -18 0 -50 145 -95
40 -16 0 -50 140 -90
40 -14 0 -50 135 -85
40 -12 0 -50 130 -80
40 -10 0 -50 125 -75
40 -8 0 -50 120 -70
40 -6 -35 -50 115 -30
40 -6 0 -50 115 -65
40 -6 1 -50 115 -30
40 -4 0 -50 110 -60
40 -2 0 -50 105 -55
40 0 -40 -50 100 150
40 0 0 -50 100 -50
40 2 0 -50 95 -45
40 4 0 -50 90 -40
40 6 0 -50 85 -35
40 8 0 -50 80 -30
40 10 0 -50 75 -25
40 12 0 -50 70 -20
40 14 0 -50 65 -15
40 16 0 -50 60 -10
40 18 0 -50 55 -5
40 20 0 -50 50 0
40 22 0 -50 45 5
40 24 0 -50 40 10
40 26 0 -50 35 15
40 28 0 -50 30 20
40 30 0 -50 25 25
40 32 0 -50 20 30
40 34 0 -50 15 35
40 36 0 -50 10 40
40 38 0 -50 5 45
40 40 0 -50 0 50
40 -40 -80 -49 196 245
40 -40 0 -49 196 -147
40 -20 -20 -49 147 -98
40 -20 0 -49 147 -98
40 0 -40 -49 98 147
40 0 0 -49 98 -49
40 20 0 -49 49 0
40 40 0 -49 0 49
40 -40 -80 -48 192 240
40 -40 -30 -48 192 -180
40 -40 0 -48 192 -144
40 -35 0 -48 180 -132
40 -30 -70 -48 168 216
40 -30 -6 -48 168 -144
40 -30 -4 -48 168 -144
40 -30 0 -48 168 -120
40 -25 0 -48 156 -108
40 -20 -60 -48 144 192
40 -20 -20 -48 144 -96
40 -20 0 -48 144 -96
40 -15 0 -48 132 -84
40 -10 -50 -48 120 168
40 -10 0 -48 120 -72
40 -5 -36 -48 108 -24
40 -5 0 -48 108 -60
40 -5 1 -48 108 -24
40 0 -40 -48 96 144
40 0 -10 -48 96 -36
40 0 0 -48 96 -48
40 5 0 -48 84 -36
40 10 -30 -48 72 120
40 10 0 -48 72 -24
40 15 0 -48 60 -12
40 20 -20 -48 48 96
40 20 0 -48 48 0
40 25 0 -48 36 12
40 30 -10 -48 24 72
40 30 0 -48 24 24
40 35 0 -48 12 36
40 40 -30 -48 0 108
40 40 -30 -48 0 300
40 40 0 -48 0 48
40 40 10 -48 0 12
40 -40 -80 -47 188 235
40 -40 0 -47 188 -141
40 -20 -20 -47 141 -94
40 -20 0 -47 141 -94
40 0 -40 -47 94 141
40 0 0 -47 94 -47
40 20 0 -47 47 0
40 40 0 -47 0 47
40 -40 -80 -46 184 230
40 -40 0 -46 184 -138
40 -30 0 -46 161 -115
40 -20 -20 -46 138 -92
40 -20 0 -46 138 -92
40 -10 0 -46 115 -69
40 0 -40 -46 92 138
40 0 0 -46 92 -46
40 10 0 -46 69 -23
40 20 0 -46 46 0
40 30 0 -46 23 23
40 40 0 -46 0 46
40 -40 -80 -45 180 225
40 -40 0 -45 180 -135
40 -36 0 -45 171 -126
40 -32 0 -45 162 -117
40 -28 0 -45 153 -108
40 -24 0 -45 144 -99
40 -20 -20 -45 135 -90
40 -20 0 -45 135 -90
40 -16 0 -45 126 -81
40 -12 0 -45 117 -72
40 -8 0 -45 108 -63
40 -4 0 -45 99 -54
40 0 -40 -45 90 135
40 0 0 -45 90 -45
40 4 0 -45 81 -36
40 8 0 -45 72 -27
40 12 0 -45 63 -18
40 16 0 -45 54 -9
40 20 0 -45 45 0
40 24 0 -45 36 9
40 28 0 -45 27 18
40 32 0 -45 18 27
40 36 0 -45 9 36
40 40 0 -45 0 45
40 -40 -80 -44 176 220
40 -40 0 -44 176 -132
40 -35 0 -44 165 -121
40 -30 0 -44 154 -110
40 -25 0 -44 143 -99
40 -20 -60 -44 132 176
40 -20 -20 -44 132 -88
40 -20 0 -44 132 -88
40 -15 0 -44 121 -77
40 -10 0 -44 110 -66
40 -5 0 -44 99 -55
40 0 -40 -44 88 132
40 0 0 -44 88 -44
40 5 0 -44 77 -33
40 10 0 -44 66 -22
40 15 0 -44 55 -11
40 20 -20 -44 44 88
40 20 0 -44 44 0
40 25 0 -44 33 11
40 30 0 -44 22 22
40 35 0 -44 11 33
40 40 0 -44 0 44
40 -40 -80 -43 172 215
40 -40 0 -43 172 -129
40 -20 -20 -43 129 -86
40 -20 0 -43 129 -86
40 0 -40 -43 86 129
40 0 0 -43 86 -43
40 20 0 -43 43 0
40 40 0 -43 0 43
40 -40 -80 -42 168 210
40 -40 0 -42 168 -126
40 -30 -7 -42 147 -126
40 -30 -3 -42 147 -126
40 -30 0 -42 147 -105
40 -20 -20 -42 126 -84
40 -20 0 -42 126 -84
40 -10 0 -42 105 -63
40 0 -40 -42 84 126
40 0 0 -42 84 -42
40 10 0 -42 63 -21
40 20 0 -42 42 0
40 30 0 -42 21 21
40 40 0 -42 0 42
40 -40 -82 -41 164 -123
40 -40 -80 -41 164 205
40 -40 0 -41 164 -123
40 -40 2 -41 164 -123
40 -20 -20 -41 123 -82
40 -20 0 -41 123 -82
40 0 -164 -41 82 123
40 0 -41 -41 82 0
40 0 -40 -41 82 123
40 0 0 -41 82 -41
40 0 1 -41 82 0
40 0 4 -41 82 123
40 20 0 -41 41 0
40 40 0 -41 0 41
40 -40 -80 -40 160 200
40 -40 0 -40 160 -120
40 -39 0 -40 158 -118
40 -38 0 -40 156 -116
40 -37 0 -40 154 -114
40 -36 0 -40 152 -112
40 -35 0 -40 150 -110
40 -34 0 -40 148 -108
40 -33 0 -40 146 -106
40 -32 0 -40 144 -104
40 -31 0 -40 142 -102
40 -30 -70 -40 140 180
40 -30 0 -40 140 -100
40 -29 -9 -40 138 -116
40 -29 -2 -40 138 -116
40 -29 0 -40 138 -98
40 -28 0 -40 136 -96
40 -27 0 -40 134 -94
40 -26 0 -40 132 -92
40 -25 0 -40 130 -90
40 -24 0 -40 128 -88
40 -23 0 -40 126 -86
40 -22 0 -40 124 -84
40 -21 0 -40 122 -82
40 -20 -60 -40 120 160
40 -20 -20 -40 120 -80
40 -20 0 -40 120 -80
40 -19 0 -40 118 -78
40 -18 0 -40 116 -76
40 -17 0 -40 114 -74
40 -16 0 -40 112 -72
40 -15 0 -40 110 -70
40 -14 0 -40 108 -68
40 -13 0 -40 106 -66
40 -12 0 -40 104 -64
40 -11 0 -40 102 -62
40 -10 -50 -40 100 140
40 -10 0 -40 100 -60
40 -9 0 -40 98 -58
40 -8 0 -40 96 -56
40 -7 0 -40 94 -54
40 -6 0 -40 92 -52
40 -5 0 -40 90 -50
40 -4 0 -40 88 -48
40 -3 0 -40 86 -46
40 -2 0 -40 84 -44
40 -1 0 -40 82 -42
40 0 -40 -40 80 120
40 0 0 -40 80 -40
40 1 -42 -40 78 4
40 1 0 -40 78 -38
40 1 1 -40 78 4
40 2 0 -40 76 -36
40 3 0 -40 74 -34
40 4 0 -40 72 -32
40 5 0 -40 70 -30
40 6 0 -40 68 -28
40 7 0 -40 66 -26
40 8 0 -40 64 -24
40 9 0 -40 62 -22
40 10 -30 -40 60 100
40 10 0 -40 60 -20
40 11 0 -40 58 -18
40 12 0 -40 56 -16
40 13 0 -40 54 -14
40 14 0 -40 52 -12
40 15 0 -40 50 -10
40 16 0 -40 48 -8
40 17 0 -40 46 -6
40 18 0 -40 44 -4
40 19 0 -40 42 -2
40 20 -20 -40 40 80
40 20 0 -40 40 0
40 21 0 -40 38 2
40 22 0 -40 36 4
40 23 0 -40 34 6
40 24 0 -40 32 8
40 25 0 -40 30 10
40 26 0 -40 28 12
40 27 0 -40 26 14
40 28 0 -40 24 16
40 29 0 -40 22 18
40 30 -10 -40 20 60
40 30 0 -40 20 20
40 31 0 -40 18 22
40 32 0 -40 16 24
40 33 0 -40 14 26
40 34 0 -40 12 28
40 35 0 -40 10 30
40 36 0 -40 8 32
40 37 0 -40 6 34
40 38 0 -40 4 36
40 39 0 -40 2 38
40 40 0 -40 0 40
40 -40 -80 -39 156 195
40 -40 0 -39 156 -117
40 -20 -20 -39 117 -78
40 -20 0 -39 117 -78
40 0 -40 -39 78 117
40 0 0 -39 78 -39
40 20 0 -39 39 0
40 40 0 -39 0 39
40 -40 -80 -38 152 190
40 -40 0 -38 152 -114
40 -30 0 -38 133 -95
40 -20 -20 -38 114 -76
40 -20 0 -38 114 -76
40 -10 0 -38 95 -57
40 0 -40 -38 76 114
40 0 0 -38 76 -38
40 10 0 -38 57 -19
40 20 0 -38 38 0
40 30 0 -38 19 19
40 40 0 -38 0 38
40 -40 -80 -37 148 185
40 -40 0 -37 148 -111
40 -20 -20 -37 111 -74
40 -20 0 -37 111 -74
40 0 -40 -37 74 111
40 0 0 -37 74 -37
40 20 0 -37 37 0
40 40 0 -37 0 37
40 -40 -80 -36 144 180
40 -40 0 -36 144 -108
40 -35 0 -36 135 -99
40 -30 0 -36 126 -90
40 -25 0 -36 117 -81
40 -20 -60 -36 108 144
40 -20 -20 -36 108 -72
40 -20 0 -36 108 -72
40 -15 0 -36 99 -63
40 -10 0 -36 90 -54
40 -5 0 -36 81 -45
40 0 -40 -36 72 108
40 0 0 -36 72 -36
40 5 0 -36 63 -27
40 10 0 -36 54 -18
40 15 0 -36 45 -9
40 20 -20 -36 36 72
40 20 0 -36 36 0
40 25 0 -36 27 9
40 30 0 -36 18 18
40 35 0 -36 9 27
40 40 0 -36 0 36
40 -40 -80 -35 140 175
40 -40 0 -35 140 -105
40 -36 0 -35 133 -98
40 -32 0 -35 126 -91
40 -28 0 -35 119 -84
40 -24 0 -35 112 -77
40 -20 -20 -35 105 -70
40 -20 0 -35 105 -70
40 -16 0 -35 98 -63
40 -12 0 -35 91 -56
40 -8 0 -35 84 -49
40 -4 0 -35 77 -42
40 0 -40 -35 70 105
40 0 0 -35 70 -35
40 4 0 -35 63 -28
40 8 -49 -35 56 28
40 8 0 -35 56 -21
40 8 1 -35 56 28
40 12 0 -35 49 -14
40 16 0 -35 42 -7
40 20 0 -35 35 0
40 24 0 -35 28 7
40 28 0 -35 21 14
40 32 0 -35 14 21
40 36 0 -35 7 28
40 40 0 -35 0 35
40 -40 -80 -34 136 170
40 -40 0 -34 136 -102
40 -30 0 -34 119 -85
40 -20 -20 -34 102 -68
40 -20 0 -34 102 -68
40 -10 0 -34 85 -51
40 0 -40 -34 68 102
40 0 0 -34 68 -34
40 10 -51 -34 51 34
40 10 0 -34 51 -17
40 10 1 -34 51 34
40 20 0 -34 34 0
40 30 0 -34 17 17
40 40 0 -34 0 34
40 -40 -80 -33 132 165
40 -40 0 -33 132 -99
40 -20 -20 -33 99 -66
40 -20 0 -33 99 -66
40 0 -40 -33 66 99
40 0 0 -33 66 -33
40 20 0 -33 33 0
40 40 0 -33 0 33
40 -40 -80 -32 128 160
40 -40 0 -32 128 -96
40 -35 0 -32 120 -88
40 -30 -70 -32 112 144
40 -30 -8 -32 112 -96
40 -30 -2 -32 112 -96
40 -30 0 -32 112 -80
40 -25 0 -32 104 -72
40 -20 -60 -32 96 128
40 -20 -20 -32 96 -64
40 -20 0 -32 96 -64
40 -15 0 -32 88 -56
40 -10 -50 -32 80 112
40 -10 0 -32 80 -48
40 -5 0 -32 72 -40
40 0 -40 -32 64 96
40 0 0 -32 64 -32
40 5 0 -32 56 -24
40 10 -30 -32 48 80
40 10 0 -32 48 -16
40 15 -56 -32 40 48
40 15 0 -32 40 -8
40 15 1 -32 40 48
40 20 -20 -32 32 64
40 20 0 -32 32 0
40 25 0 -32 24 8
40 30 -10 -32 16 48
40 30 0 -32 16 16
40 35 0 -32 8 24
40 40 0 -32 0 32
40 -40 -80 -31 124 155
40 -40 0 -31 124 -93
40 -20 -20 -31 93 -62
40 -20 0 -31 93 -62
40 0 -40 -31 62 93
40 0 0 -31 62 -31
40 20 0 -31 31 0
40 40 0 -31 0 31
40 -40 -80 -30 120 150
40 -40 0 -30 120 -90
40 -38 0 -30 117 -87
40 -36 0 -30 114 -84
40 -34 0 -30 111 -81
40 -32 0 -30 108 -78
40 -30 0 -30 105 -75
40 -28 0 -30 102 -72
40 -26 0 -30 99 -69
40 -24 0 -30 96 -66
40 -22 0 -30 93 -63
40 -20 -20 -30 90 -60
40 -20 0 -30 90 -60
40 -18 0 -30 87 -57
40 -16 0 -30 84 -54
40 -14 0 -30 81 -51
40 -12 0 -30 78 -48
40 -10 0 -30 75 -45
40 -8 0 -30 72 -42
40 -6 0 -30 69 -39
40 -4 0 -30 66 -36
40 -2 0 -30 63 -33
40 0 -40 -30 60 90
40 0 0 -30 60 -30
40 2 0 -30 57 -27
40 4 0 -30 54 -24
40 6 0 -30 51 -21
40 8 0 -30 48 -18
40 10 0 -30 45 -15
40 12 0 -30 42 -12
40 14 0 -30 39 -9
40 16 0 -30 36 -6
40 18 0 -30 33 -3
40 20 0 -30 30 0
40 22 -63 -30 27 66
40 22 0 -30 27 3
40 22 1 -30 27 66
40 24 0 -30 24 6
40 26 0 -30 21 9
40 28 0 -30 18 12
40 30 0 -30 15 15
40 32 0 -30 12 18
40 34 0 -30 9 21
40 36 0 -30 6 24
40 38 0 -30 3 27
40 40 0 -30 0 30
40 -40 -80 -29 116 145
40 -40 0 -29 116 -87
40 -20 -20 -29 87 -58
40 -20 0 -29 87 -58
40 0 -40 -29 58 87
40 0 0 -29 58 -29
40 20 0 -29 29 0
40 40 0 -29 0 29
40 -40 -80 -28 112 140
40 -40 0 -28 112 -84
40 -35 0 -28 105 -77
40 -30 0 -28 98 -70
40 -25 0 -28 91 -63
40 -20 -60 -28 84 112
40 -20 -20 -28 84 -56
40 -20 0 -28 84 -56
40 -15 0 -28 77 -49
40 -10 0 -28 70 -42
40 -5 0 -28 63 -35
40 0 -40 -28 56 84
40 0 0 -28 56 -28
40 5 0 -28 49 -21
40 10 0 -28 42 -14
40 15 0 -28 35 -7
40 20 -20 -28 28 56
40 20 0 -28 28 0
40 25 0 -28 21 7
40 30 0 -28 14 14
40 35 0 -28 7 21
40 40 0 -28 0 28
40 -40 -80 -27 108 135
40 -40 0 -27 108 -81
40 -20 -20 -27 81 -54
40 -20 0 -27 81 -54
40 0 -40 -27 54 81
40 0 0 -27 54 -27
40 20 0 -27 27 0
40 40 -81 -27 0 108
40 40 0 -27 0 27
40 40 1 -27 0 108
40 -40 -80 -26 104 130
40 -40 0 -26 104 -78
40 -30 0 -26 91 -65
40 -20 -20 -26 78 -52
40 -20 0 -26 78 -52
40 -10 0 -26 65 -39
40 0 -40 -26 52 78
40 0 0 -26 52 -26
40 10 0 -26 39 -13
40 20 0 -26 26 0
40 30 0 -26 13 13
40 40 0 -26 0 26
40 -40 -80 -25 100 125
40 -40 0 -25 100 -75
40 -36 0 -25 95 -70
40 -32 -5 -25 90 -80
40 -32 -3 -25 90 -80
40 -32 0 -25 90 -65
40 -28 0 -25 85 -60
40 -24 0 -25 80 -55
40 -20 -20 -25 75 -50
40 -20 0 -25 75 -50
40 -16 0 -25 70 -45
40 -12 0 -25 65 -40
40 -8 0 -25 60 -35
40 -4 0 -25 55 -30
40 0 -40 -25 50 75
40 0 0 -25 50 -25
40 4 0 -25 45 -20
40 8 0 -25 40 -15
40 12 0 -25 35 -10
40 16 0 -25 30 -5
40 20 0 -25 25 0
40 24 0 -25 20 5
40 28 0 -25 15 10
40 32 0 -25 10 15
40 36 0 -25 5 20
40 40 0 -25 0 25
40 -40 -80 -24 96 120
40 -40 0 -24 96 -72
40 -35 0 -24 90 -66
40 -30 -70 -24 84 108
40 -30 0 -24 84 -60
40 -25 0 -24 78 -54
40 -20 -60 -24 72 96
40 -20 -20 -24 72 -48
40 -20 0 -24 72 -48
40 -15 0 -24 66 -42
40 -10 -50 -24 60 84
40 -10 0 -24 60 -36
40 -5 0 -24 54 -30
40 0 -40 -24 48 72
40 0 0 -24 48 -24
40 5 0 -24 42 -18
40 10 -30 -24 36 60
40 10 0 -24 36 -12
40 15 0 -24 30 -6
40 20 -20 -24 24 48
40 20 0 -24 24 0
40 25 0 -24 18 6
40 30 -10 -24 12 36
40 30 0 -24 12 12
40 35 0 -24 6 18
40 40 0 -24 0 24
40 -40 -80 -23 92 115
40 -40 -79 -23 92 276
40 -40 0 -23 92 -69
40 -20 -20 -23 69 -46
40 -20 0 -23 69 -46
40 0 -40 -23 46 69
40 0 0 -23 46 -23
40 20 0 -23 23 0
40 40 0 -23 0 23
40 -40 -80 -22 88 110
40 -40 0 -22 88 -66
40 -30 0 -22 77 -55
40 -20 -20 -22 66 -44
40 -20 0 -22 66 -44
40 -10 0 -22 55 -33
40 0 -40 -22 44 66
40 0 0 -22 44 -22
40 10 0 -22 33 -11
40 20 0 -22 22 0
40 30 0 -22 11 11
40 40 0 -22 0 22
40 -40 -80 -21 84 105
40 -40 0 -21 84 -63
40 -20 -20 -21 63 -42
40 -20 0 -21 63 -42
40 0 -40 -21 42 63
40 0 0 -21 42 -21
40 20 0 -21 21 0
40 40 0 -21 0 21
40 -40 -80 -20 80 100
40 -40 0 -20 80 -60
40 -39 0 -20 79 -59
40 -38 0 -20 78 -58
40 -37 0 -20 77 -57
40 -36 0 -20 76 -56
40 -35 0 -20 75 -55
40 -34 0 -20 74 -54
40 -33 0 -20 73 -53
40 -32 -6 -20 72 -64
40 -32 -2 -20 72 -64
40 -32 0 -20 72 -52
40 -31 0 -20 71 -51
40 -30 0 -20 70 -50
40 -29 0 -20 69 -49
40 -28 0 -20 68 -48
40 -27 0 -20 67 -47
40 -26 0 -20 66 -46
40 -25 0 -20 65 -45
40 -24 0 -20 64 -44
40 -23 0 -20 63 -43
40 -22 0 -20 62 -42
40 -21 0 -20 61 -41
40 -20 -60 -20 60 80
40 -20 -20 -20 60 -40
40 -20 0 -20 60 -40
40 -19 0 -20 59 -39
40 -18 0 -20 58 -38
40 -17 0 -20 57 -37
40 -16 0 -20 56 -36
40 -15 0 -20 55 -35
40 -14 0 -20 54 -34
40 -13 0 -20 53 -33
40 -12 0 -20 52 -32
40 -11 0 -20 51 -31
40 -10 0 -20 50 -30
40 -9 0 -20 49 -29
40 -8 0 -20 48 -28
40 -7 0 -20 47 -27
40 -6 0 -20 46 -26
40 -5 0 -20 45 -25
40 -4 0 -20 44 -24
40 -3 0 -20 43 -23
40 -2 0 -20 42 -22
40 -1 0 -20 41 -21
40 0 -40 -20 40 60
40 0 0 -20 40 -20
40 1 0 -20 39 -19
40 2 0 -20 38 -18
40 3 0 -20 37 -17
40 4 0 -20 36 -16
40 5 0 -20 35 -15
40 6 0 -20 34 -14
40 7 0 -20 33 -13
40 8 0 -20 32 -12
40 9 0 -20 31 -11
40 10 0 -20 30 -10
40 11 0 -20 29 -9
40 12 0 -20 28 -8
40 13 0 -20 27 -7
40 14 0 -20 26 -6
40 15 0 -20 25 -5
40 16 0 -20 24 -4
40 17 0 -20 23 -3
40 18 0 -20 22 -2
40 19 0 -20 21 -1
40 20 -20 -20 20 40
40 20 0 -20 20 0
40 21 0 -20 19 1
40 22 0 -20 18 2
40 23 0 -20 17 3
40 24 0 -20 16 4
40 25 0 -20 15 5
40 26 0 -20 14 6
40 27 0 -20 13 7
40 28 0 -20 12 8
40 29 0 -20 11 9
40 30 0 -20 10 10
40 31 0 -20 9 11
40 32 0 -20 8 12
40 33 0 -20 7 13
40 34 0 -20 6 14
40 35 0 -20 5 15
40 36 0 -20 4 16
40 37 0 -20 3 17
40 38 0 -20 2 18
40 39 0 -20 1 19
40 40 0 -20 0 20
40 -40 -80 -19 76 95
40 -40 0 -19 76 -57
40 -20 -20 -19 57 -38
40 -20 0 -19 57 -38
40 0 -40 -19 38 57
40 0 0 -19 38 -19
40 20 0 -19 19 0
40 40 0 -19 0 19
40 -40 -80 -18 72 90
40 -40 0 -18 72 -54
40 -30 -9 -18 63 -54
40 -30 -1 -18 63 -54
40 -30 0 -18 63 -45
40 -20 -20 -18 54 -36
40 -20 0 -18 54 -36
40 -10 0 -18 45 -27
40 0 -40 -18 36 54
40 0 0 -18 36 -18
40 10 0 -18 27 -9
40 20 0 -18 18 0
40 30 0 -18 9 9
40 40 0 -18 0 18
40 -40 -80 -17 68 85
40 -40 0 -17 68 -51
40 -20 -20 -17 51 -34
40 -20 0 -17 51 -34
40 0 -40 -17 34 51
40 0 0 -17 34 -17
40 20 0 -17 17 0
40 40 0 -17 0 17
40 -40 -80 -16 64 80
40 -40 0 -16 64 -48
40 -35 0 -16 60 -44
40 -30 -70 -16 56 72
40 -30 0 -16 56 -40
40 -25 0 -16 52 -36
40 -20 -60 -16 48 64
40 -20 -20 -16 48 -32
40 -20 0 -16 48 -32
40 -15 0 -16 44 -28
40 -10 -50 -16 40 56
40 -10 0 -16 40 -24
40 -5 0 -16 36 -20
40 0 -40 -16 32 48
40 0 0 -16 32 -16
40 5 0 -16 28 -12
40 10 -30 -16 24 40
40 10 0 -16 24 -8
40 15 0 -16 20 -4
40 20 -20 -16 16 32
40 20 0 -16 16 0
40 25 0 -16 12 4
40 30 -10 -16 8 24
40 30 0 -16 8 8
40 35 0 -16 4 12
40 40 0 -16 0 16
40 -40 -80 -15 60 75
40 -40 0 -15 60 -45
40 -36 0 -15 57 -42
40 -32 0 -15 54 -39
40 -28 0 -15 51 -36
40 -24 0 -15 48 -33
40 -20 -20 -15 45 -30
40 -20 0 -15 45 -30
40 -16 0 -15 42 -27
40 -12 0 -15 39 -24
40 -8 0 -15 36 -21
40 -4 0 -15 33 -18
40 0 -40 -15 30 45
40 0 0 -15 30 -15
40 4 0 -15 27 -12
40 8 0 -15 24 -9
40 12 0 -15 21 -6
40 16 0 -15 18 -3
40 20 0 -15 15 0
40 24 0 -15 12 3
40 28 0 -15 9 6
40 32 0 -15 6 9
40 36 0 -15 3 12
40 40 0 -15 0 15
40 -40 -80 -14 56 70
40 -40 0 -14 56 -42
40 -30 0 -14 49 -35
40 -20 -20 -14 42 -28
40 -20 0 -14 42 -28
40 -10 0 -14 35 -21
40 0 -40 -14 28 42
40 0 0 -14 28 -14
40 10 0 -14 21 -7
40 20 0 -14 14 0
40 30 0 -14 7 7
40 40 0 -14 0 14
40 -40 -80 -13 52 65
40 -40 0 -13 52 -39
40 -20 -20 -13 39 -26
40 -20 0 -13 39 -26
40 0 -40 -13 26 39
40 0 0 -13 26 -13
40 20 0 -13 13 0
40 40 0 -13 0 13
40 -40 -80 -12 48 60
40 -40 0 -12 48 -36
40 -35 0 -12 45 -33
40 -30 0 -12 42 -30
40 -25 0 -12 39 -27
40 -20 -60 -12 36 48
40 -20 -20 -12 36 -24
40 -20 0 -12 36 -24
40 -15 0 -12 33 -21
40 -10 0 -12 30 -18
40 -5 0 -12 27 -15
40 0 -40 -12 24 36
40 0 0 -12 24 -12
40 5 0 -12 21 -9
40 10 0 -12 18 -6
40 15 0 -12 15 -3
40 20 -20 -12 12 24
40 20 0 -12 12 0
40 25 0 -12 9 3
40 30 0 -12 6 6
40 35 0 -12 3 9
40 40 0 -12 0 12
40 -40 -80 -11 44 55
40 -40 0 -11 44 -33
40 -20 -20 -11 33 -22
40 -20 0 -11 33 -22
40 0 -40 -11 22 33
40 0 0 -11 22 -11
40 20 0 -11 11 0
40 40 0 -11 0 11
40 -40 -80 -10 40 50
40 -40 0 -10 40 -30
40 -38 0 -10 39 -29
40 -36 0 -10 38 -28
40 -34 0 -10 37 -27
40 -32 0 -10 36 -26
40 -30 0 -10 35 -25
40 -28 0 -10 34 -24
40 -26 0 -10 33 -23
40 -24 0 -10 32 -22
40 -22 0 -10 31 -21
40 -20 -20 -10 30 -20
40 -20 0 -10 30 -20
40 -18 0 -10 29 -19
40 -16 0 -10 28 -18
40 -14 0 -10 27 -17
40 -12 0 -10 26 -16
40 -10 0 -10 25 -15
40 -8 0 -10 24 -14
40 -6 0 -10 23 -13
40 -4 0 -10 22 -12
40 -2 0 -10 21 -11
40 0 -40 -10 20 30
40 0 0 -10 20 -10
40 2 0 -10 19 -9
40 4 0 -10 18 -8
40 6 0 -10 17 -7
40 8 0 -10 16 -6
40 10 0 -10 15 -5
40 12 0 -10 14 -4
40 14 0 -10 13 -3
40 16 0 -10 12 -2
40 18 0 -10 11 -1
40 20 0 -10 10 0
40 22 0 -10 9 1
40 24 0 -10 8 2
40 26 0 -10 7 3
40 28 0 -10 6 4
40 30 0 -10 5 5
40 32 0 -10 4 6
40 34 0 -10 3 7
40 36 0 -10 2 8
40 38 0 -10 1 9
40 40 0 -10 0 10
40 -40 -80 -9 36 45
40 -40 0 -9 36 -27
40 -20 -20 -9 27 -18
40 -20 0 -9 27 -18
40 0 -40 -9 18 27
40 0 0 -9 18 -9
40 20 0 -9 9 0
40 40 0 -9 0 9
40 -40 -80 -8 32 40
40 -40 0 -8 32 -24
40 -35 -3 -8 30 -28
40 -35 -2 -8 30 -28
40 -35 0 -8 30 -22
40 -30 -70 -8 28 36
40 -30 0 -8 28 -20
40 -25 0 -8 26 -18
40 -20 -60 -8 24 32
40 -20 -20 -8 24 -16
40 -20 0 -8 24 -16
40 -15 0 -8 22 -14
40 -10 -50 -8 20 28
40 -10 0 -8 20 -12
40 -5 0 -8 18 -10
40 0 -40 -8 16 24
40 0 0 -8 16 -8
40 5 0 -8 14 -6
40 10 -30 -8 12 20
40 10 0 -8 12 -4
40 15 0 -8 10 -2
40 20 -20 -8 8 16
40 20 0 -8 8 0
40 25 0 -8 6 2
40 30 -10 -8 4 12
40 30 0 -8 4 4
40 35 0 -8 2 6
40 40 0 -8 0 8
40 -40 -80 -7 28 35
40 -40 0 -7 28 -21
40 -20 -20 -7 21 -14
40 -20 0 -7 21 -14
40 0 -40 -7 14 21
40 0 0 -7 14 -7
40 20 0 -7 7 0
40 40 0 -7 0 7
40 -40 -80 -6 24 30
40 -40 0 -6 24 -18
40 -30 0 -6 21 -15
40 -20 -20 -6 18 -12
40 -20 0 -6 18 -12
40 -10 0 -6 15 -9
40 0 -40 -6 12 18
40 0 0 -6 12 -6
40 10 0 -6 9 -3
40 20 0 -6 6 0
40 30 0 -6 3 3
40 40 0 -6 0 6
40 -40 -80 -5 20 25
40 -40 0 -5 20 -15
40 -36 -2 -5 19 -18
40 -36 0 -5 19 -14
40 -32 0 -5 18 -13
40 -28 0 -5 17 -12
40 -24 0 -5 16 -11
40 -20 -20 -5 15 -10
40 -20 0 -5 15 -10
40 -16 0 -5 14 -9
40 -12 0 -5 13 -8
40 -8 0 -5 12 -7
40 -4 0 -5 11 -6
40 0 -40 -5 10 15
40 0 0 -5 10 -5
40 4 0 -5 9 -4
40 8 0 -5 8 -3
40 12 0 -5 7 -2
40 16 0 -5 6 -1
40 20 0 -5 5 0
40 24 0 -5 4 1
40 28 0 -5 3 2
40 32 0 -5 2 3
40 36 0 -5 1 4
40 40 0 -5 0 5
40 -40 -80 -4 16 20
40 -40 0 -4 16 -12
40 -35 0 -4 15 -11
40 -30 0 -4 14 -10
40 -25 0 -4 13 -9
40 -20 -60 -4 12 16
40 -20 -20 -4 12 -8
40 -20 0 -4 12 -8
40 -15 0 -4 11 -7
40 -10 0 -4 10 -6
40 -5 0 -4 9 -5
40 0 -40 -4 8 12
40 0 0 -4 8 -4
40 5 0 -4 7 -3
40 10 0 -4 6 -2
40 15 0 -4 5 -1
40 20 -20 -4 4 8
40 20 0 -4 4 0
40 25 0 -4 3 1
40 30 0 -4 2 2
40 35 0 -4 1 3
40 40 0 -4 0 4
40 -40 -80 -3 12 15
40 -40 0 -3 12 -9
40 -20 -20 -3 9 -6
40 -20 0 -3 9 -6
40 0 -40 -3 6 9
40 0 0 -3 6 -3
40 20 0 -3 3 0
40 40 0 -3 0 3
40 -40 -80 -2 8 10
40 -40 0 -2 8 -6
40 -30 0 -2 7 -5
40 -20 -20 -2 6 -4
40 -20 0 -2 6 -4
40 -10 0 -2 5 -3
40 0 -40 -2 4 6
40 0 0 -2 4 -2
40 10 0 -2 3 -1
40 20 0 -2 2 0
40 30 0 -2 1 1
40 40 0 -2 0 2
40 -40 -80 -1 4 5
40 -40 0 -1 4 -3
40 -20 -20 -1 3 -2
40 -20 0 -1 3 -2
40 0 -40 -1 2 3
40 0 0 -1 2 -1
40 20 0 -1 1 0
40 40 0 -1 0 1
40 -40 -80 1 -4 -5
40 -40 -1 1 -4 4
40 -40 0 1 -4 3
40 -40 1 1 -4 4
40 -20 -20 1 -3 2
40 -20 0 1 -3 2
40 0 -40 1 -2 -3
40 0 0 1 -2 1
40 20 0 1 -1 0
40 40 0 1 0 -1
40 -40 -80 2 -8 -10
40 -40 0 2 -8 6
40 -30 0 2 -7 5
40 -20 -20 2 -6 4
40 -20 0 2 -6 4
40 -10 0 2 -5 3
40 0 -40 2 -4 -6
40 0 0 2 -4 2
40 10 0 2 -3 1
40 20 0 2 -2 0
40 30 0 2 -1 -1
40 40 0 2 0 -2
40 -40 -80 3 -12 -15
40 -40 0 3 -12 9
40 -20 -20 3 -9 6
40 -20 0 3 -9 6
40 0 -40 3 -6 -9
40 0 0 3 -6 3
40 20 0 3 -3 0
40 40 0 3 0 -3
40 -40 -80 4 -16 -20
40 -40 -2 4 -16 16
40 -40 0 4 -16 12
40 -40 2 4 -16 16
40 -35 0 4 -15 11
40 -30 0 4 -14 10
40 -25 0 4 -13 9
40 -20 -60 4 -12 -16
40 -20 -20 4 -12 8
40 -20 0 4 -12 8
40 -15 0 4 -11 7
40 -10 0 4 -10 6
40 -5 0 4 -9 5
40 0 -40 4 -8 -12
40 0 0 4 -8 4
40 5 0 4 -7 3
40 10 0 4 -6 2
40 15 0 4 -5 1
40 20 -20 4 -4 -8
40 20 0 4 -4 0
40 25 0 4 -3 -1
40 30 0 4 -2 -2
40 35 0 4 -1 -3
40 40 0 4 0 -4
40 -40 -80 5 -20 -25
40 -40 0 5 -20 15
40 -36 0 5 -19 14
40 -32 0 5 -18 13
40 -28 0 5 -17 12
40 -24 0 5 -16 11
40 -20 -20 5 -15 10
40 -20 0 5 -15 10
40 -16 0 5 -14 9
40 -12 0 5 -13 8
40 -8 0 5 -12 7
40 -4 0 5 -11 6
40 0 -40 5 -10 -15
40 0 0 5 -10 5
40 4 0 5 -9 4
40 8 0 5 -8 3
40 12 0 5 -7 2
40 16 0 5 -6 1
40 20 0 5 -5 0
40 24 0 5 -4 -1
40 28 0 5 -3 -2
40 32 0 5 -2 -3
40 36 0 5 -1 -4
40 40 0 5 0 -5
40 -40 -80 6 -24 -30
40 -40 0 6 -24 18
40 -30 0 6 -21 15
40 -20 -20 6 -18 12
40 -20 0 6 -18 12
40 -10 0 6 -15 9
40 0 -40 6 -12 -18
40 0 0 6 -12 6
40 10 0 6 -9 3
40 20 0 6 -6 0
40 30 0 6 -3 -3
40 40 0 6 0 -6
40 -40 -80 7 -28 -35
40 -40 0 7 -28 21
40 -20 -20 7 -21 14
40 -20 0 7 -21 14
40 0 -40 7 -14 -21
40 0 0 7 -14 7
40 20 0 7 -7 0
40 40 0 7 0 -7
40 -40 -80 8 -32 -40
40 -40 0 8 -32 24
40 -35 -6 8 -30 28
40 -35 0 8 -30 22
40 -35 1 8 -30 28
40 -30 -70 8 -28 -36
40 -30 0 8 -28 20
40 -25 0 8 -26 18
40 -20 -60 8 -24 -32
40 -20 -20 8 -24 16
40 -20 0 8 -24 16
40 -15 0 8 -22 14
40 -10 -50 8 -20 -28
40 -10 0 8 -20 12
40 -5 0 8 -18 10
40 0 -40 8 -16 -24
40 0 0 8 -16 8
40 5 0 8 -14 6
40 10 -30 8 -12 -20
40 10 0 8 -12 4
40 15 0 8 -10 2
40 20 -20 8 -8 -16
40 20 0 8 -8 0
40 25 0 8 -6 -2
40 30 -10 8 -4 -12
40 30 0 8 -4 -4
40 35 0 8 -2 -6
40 40 0 8 0 -8
40 -40 -80 9 -36 -45
40 -40 -3 9 -36 36
40 -40 0 9 -36 27
40 -40 3 9 -36 36
40 -20 -20 9 -27 18
40 -20 0 9 -27 18
40 0 -40 9 -18 -27
40 0 0 9 -18 9
40 20 0 9 -9 0
40 40 0 9 0 -9
40 -40 -80 10 -40 -50
40 -40 0 10 -40 30
40 -38 0 10 -39 29
40 -36 0 10 -38 28
40 -34 -7 10 -37 34
40 -34 0 10 -37 27
40 -34 1 10 -37 34
40 -32 0 10 -36 26
40 -30 0 10 -35 25
40 -28 0 10 -34 24
40 -26 0 10 -33 23
40 -24 0 10 -32 22
40 -22 0 10 -31 21
40 -20 -20 10 -30 20
40 -20 0 10 -30 20
40 -18 0 10 -29 19
40 -16 0 10 -28 18
40 -14 0 10 -27 17
40 -12 0 10 -26 16
40 -10 0 10 -25 15
40 -8 0 10 -24 14
40 -6 0 10 -23 13
40 -4 0 10 -22 12
40 -2 0 10 -21 11
40 0 -40 10 -20 -30
40 0 0 10 -20 10
40 2 0 10 -19 9
40 4 0 10 -18 8
40 6 0 10 -17 7
40 8 0 10 -16 6
40 10 0 10 -15 5
40 12 0 10 -14 4
40 14 0 10 -13 3
40 16 0 10 -12 2
40 18 0 10 -11 1
40 20 0 10 -10 0
40 22 0 10 -9 -1
40 24 0 10 -8 -2
40 26 0 10 -7 -3
40 28 0 10 -6 -4
40 30 0 10 -5 -5
40 32 0 10 -4 -6
40 34 0 10 -3 -7
40 36 0 10 -2 -8
40 38 0 10 -1 -9
40 40 0 10 0 -10
40 -40 -80 11 -44 -55
40 -40 0 11 -44 33
40 -20 -20 11 -33 22
40 -20 0 11 -33 22
40 0 -40 11 -22 -33
40 0 0 11 -22 11
40 20 0 11 -11 0
40 40 0 11 0 -11
40 -40 -80 12 -48 -60
40 -40 0 12 -48 36
40 -35 0 12 -45 33
40 -30 0 12 -42 30
40 -25 0 12 -39 27
40 -20 -60 12 -36 -48
40 -20 -20 12 -36 24
40 -20 0 12 -36 24
40 -15 0 12 -33 21
40 -10 0 12 -30 18
40 -5 0 12 -27 15
40 0 -40 12 -24 -36
40 0 0 12 -24 12
40 5 0 12 -21 9
40 10 0 12 -18 6
40 15 0 12 -15 3
40 20 -20 12 -12 -24
40 20 0 12 -12 0
40 25 0 12 -9 -3
40 30 0 12 -6 -6
40 35 0 12 -3 -9
40 40 0 12 0 -12
40 -40 -80 13 -52 -65
40 -40 0 13 -52 39
40 -20 -20 13 -39 26
40 -20 0 13 -39 26
40 0 -40 13 -26 -39
40 0 0 13 -26 13
40 20 0 13 -13 0
40 40 0 13 0 -13
40 -40 -80 14 -56 -70
40 -40 0 14 -56 42
40 -30 0 14 -49 35
40 -20 -20 14 -42 28
40 -20 0 14 -42 28
40 -10 0 14 -35 21
40 0 -40 14 -28 -42
40 0 0 14 -28 14
40 10 0 14 -21 7
40 20 0 14 -14 0
40 30 0 14 -7 -7
40 40 0 14 0 -14
40 -40 -80 15 -60 -75
40 -40 0 15 -60 45
40 -36 -6 15 -57 54
40 -36 0 15 -57 42
40 -36 2 15 -57 54
40 -32 -9 15 -54 48
40 -32 0 15 -54 39
40 -32 1 15 -54 48
40 -28 0 15 -51 36
40 -24 0 15 -48 33
40 -20 -20 15 -45 30
40 -20 0 15 -45 30
40 -16 0 15 -42 27
40 -12 0 15 -39 24
40 -8 0 15 -36 21
40 -4 0 15 -33 18
40 0 -40 15 -30 -45
40 0 0 15 -30 15
40 4 0 15 -27 12
40 8 0 15 -24 9
40 12 0 15 -21 6
40 16 0 15 -18 3
40 20 0 15 -15 0
40 24 0 15 -12 -3
40 28 0 15 -9 -6
40 32 0 15 -6 -9
40 36 0 15 -3 -12
40 40 0 15 0 -15
40 -40 -80 16 -64 -80
40 -40 -30 16 -64 60
40 -40 -4 16 -64 64
40 -40 0 16 -64 48
40 -40 4 16 -64 64
40 -35 0 16 -60 44
40 -30 -70 16 -56 -72
40 -30 0 16 -56 40
40 -25 0 16 -52 36
40 -20 -60 16 -48 -64
40 -20 -20 16 -48 32
40 -20 0 16 -48 32
40 -15 0 16 -44 28
40 -10 -50 16 -40 -56
40 -10 0 16 -40 24
40 -5 0 16 -36 20
40 0 -40 16 -32 -48
40 0 -10 16 -32 12
40 0 0 16 -32 16
40 5 0 16 -28 12
40 10 -30 16 -24 -40
40 10 0 16 -24 8
40 15 0 16 -20 4
40 20 -20 16 -16 -32
40 20 0 16 -16 0
40 25 0 16 -12 -4
40 30 -10 16 -8 -24
40 30 0 16 -8 -8
40 35 0 16 -4 -12
40 40 -150 16 0 -196
40 40 -30 16 0 -100
40 40 -30 16 0 -36
40 40 0 16 0 -16
40 40 10 16 0 -4
40 -40 -80 17 -68 -85
40 -40 0 17 -68 51
40 -20 -20 17 -51 34
40 -20 0 17 -51 34
40 0 -40 17 -34 -51
40 0 0 17 -34 17
40 20 0 17 -17 0
40 40 0 17 0 -17
40 -40 -80 18 -72 -90
40 -40 0 18 -72 54
40 -30 0 18 -63 45
40 -20 -20 18 -54 36
40 -20 0 18 -54 36
40 -10 0 18 -45 27
40 0 -40 18 -36 -54
40 0 0 18 -36 18
40 10 0 18 -27 9
40 20 0 18 -18 0
40 30 0 18 -9 -9
40 40 0 18 0 -18
40 -40 -80 19 -76 -95
40 -40 0 19 -76 57
40 -20 -20 19 -57 38
40 -20 0 19 -57 38
40 0 -40 19 -38 -57
40 0 0 19 -38 19
40 20 0 19 -19 0
40 40 0 19 0 -19
40 -40 -80 20 -80 -100
40 -40 0 20 -80 60
40 -39 0 20 -79 59
40 -38 0 20 -78 58
40 -37 0 20 -77 57
40 -36 0 20 -76 56
40 -35 0 20 -75 55
40 -34 0 20 -74 54
40 -33 0 20 -73 53
40 -32 0 20 -72 52
40 -31 0 20 -71 51
40 -30 0 20 -70 50
40 -29 0 20 -69 49
40 -28 0 20 -68 48
40 -27 0 20 -67 47
40 -26 0 20 -66 46
40 -25 0 20 -65 45
40 -24 0 20 -64 44
40 -23 0 20 -63 43
40 -22 0 20 -62 42
40 -21 0 20 -61 41
40 -20 -60 20 -60 -80
40 -20 -20 20 -60 40
40 -20 0 20 -60 40
40 -19 0 20 -59 39
40 -18 0 20 -58 38
40 -17 0 20 -57 37
40 -16 0 20 -56 36
40 -15 0 20 -55 35
40 -14 0 20 -54 34
40 -13 0 20 -53 33
40 -12 0 20 -52 32
40 -11 0 20 -51 31
40 -10 0 20 -50 30
40 -9 0 20 -49 29
40 -8 0 20 -48 28
40 -7 0 20 -47 27
40 -6 0 20 -46 26
40 -5 0 20 -45 25
40 -4 0 20 -44 24
40 -3 0 20 -43 23
40 -2 0 20 -42 22
40 -1 0 20 -41 21
40 0 -40 20 -40 -60
40 0 0 20 -40 20
40 1 0 20 -39 19
40 2 0 20 -38 18
40 3 0 20 -37 17
40 4 0 20 -36 16
40 5 0 20 -35 15
40 6 0 20 -34 14
40 7 0 20 -33 13
40 8 0 20 -32 12
40 9 0 20 -31 11
40 10 0 20 -30 10
40 11 0 20 -29 9
40 12 0 20 -28 8
40 13 0 20 -27 7
40 14 0 20 -26 6
40 15 0 20 -25 5
40 16 0 20 -24 4
40 17 0 20 -23 3
40 18 0 20 -22 2
40 19 0 20 -21 1
40 20 -20 20 -20 -40
40 20 0 20 -20 0
40 21 0 20 -19 -1
40 22 0 20 -18 -2
40 23 0 20 -17 -3
40 24 0 20 -16 -4
40 25 0 20 -15 -5
40 26 0 20 -14 -6
40 27 0 20 -13 -7
40 28 0 20 -12 -8
40 29 0 20 -11 -9
40 30 0 20 -10 -10
40 31 0 20 -9 -11
40 32 0 20 -8 -12
40 33 0 20 -7 -13
40 34 0 20 -6 -14
40 35 0 20 -5 -15
40 36 0 20 -4 -16
40 37 0 20 -3 -17
40 38 0 20 -2 -18
40 39 0 20 -1 -19
40 40 0 20 0 -20
40 -40 -80 21 -84 -105
40 -40 0 21 -84 63
40 -20 -20 21 -63 42
40 -20 0 21 -63 42
40 0 -40 21 -42 -63
40 0 0 21 -42 21
40 20 0 21 -21 0
40 40 0 21 0 -21
40 -40 -80 22 -88 -110
40 -40 0 22 -88 66
40 -30 -11 22 -77 66
40 -30 0 22 -77 55
40 -30 1 22 -77 66
40 -20 -20 22 -66 44
40 -20 0 22 -66 44
40 -10 0 22 -55 33
40 0 -40 22 -44 -66
40 0 0 22 -44 22
40 10 0 22 -33 11
40 20 0 22 -22 0
40 30 0 22 -11 -11
40 40 0 22 0 -22
40 -40 -80 23 -92 -115
40 -40 0 23 -92 69
40 -20 -20 23 -69 46
40 -20 0 23 -69 46
40 0 -40 23 -46 -69
40 0 0 23 -46 23
40 20 0 23 -23 0
40 40 0 23 0 -23
40 -40 -80 24 -96 -120
40 -40 0 24 -96 72
40 -35 0 24 -90 66
40 -30 -70 24 -84 -108
40 -30 0 24 -84 60
40 -25 0 24 -78 54
40 -20 -60 24 -72 -96
40 -20 -20 24 -72 48
40 -20 0 24 -72 48
40 -15 0 24 -66 42
40 -10 -50 24 -60 -84
40 -10 0 24 -60 36
40 -5 0 24 -54 30
40 0 -40 24 -48 -72
40 0 0 24 -48 24
40 5 0 24 -42 18
40 10 -30 24 -36 -60
40 10 0 24 -36 12
40 15 0 24 -30 6
40 20 -20 24 -24 -48
40 20 0 24 -24 0
40 25 0 24 -18 -6
40 30 -10 24 -12 -36
40 30 0 24 -12 -12
40 35 0 24 -6 -18
40 40 0 24 0 -24
40 -40 -80 25 -100 -125
40 -40 -5 25 -100 100
40 -40 0 25 -100 75
40 -40 5 25 -100 100
40 -36 0 25 -95 70
40 -32 0 25 -90 65
40 -28 0 25 -85 60
40 -24 0 25 -80 55
40 -20 -20 25 -75 50
40 -20 0 25 -75 50
40 -16 0 25 -70 45
40 -12 0 25 -65 40
40 -8 0 25 -60 35
40 -4 0 25 -55 30
40 0 -40 25 -50 -75
40 0 0 25 -50 25
40 4 0 25 -45 20
40 8 0 25 -40 15
40 12 0 25 -35 10
40 16 0 25 -30 5
40 20 0 25 -25 0
40 24 0 25 -20 -5
40 28 0 25 -15 -10
40 32 0 25 -10 -15
40 36 0 25 -5 -20
40 40 0 25 0 -25
40 -40 -80 26 -104 -130
40 -40 0 26 -104 78
40 -30 0 26 -91 65
40 -20 -20 26 -78 52
40 -20 0 26 -78 52
40 -10 0 26 -65 39
40 0 -40 26 -52 -78
40 0 0 26 -52 26
40 10 0 26 -39 13
40 20 0 26 -26 0
40 30 0 26 -13 -13
40 40 0 26 0 -26
40 -40 -80 27 -108 -135
40 -40 0 27 -108 81
40 -20 -20 27 -81 54
40 -20 0 27 -81 54
40 0 -40 27 -54 -81
40 0 0 27 -54 27
40 20 0 27 -27 0
40 40 0 27 0 -27
40 -40 -80 28 -112 -140
40 -40 0 28 -112 84
40 -35 0 28 -105 77
40 -30 0 28 -98 70
40 -25 0 28 -91 63
40 -20 -60 28 -84 -112
40 -20 -20 28 -84 56
40 -20 0 28 -84 56
40 -15 0 28 -77 49
40 -10 0 28 -70 42
40 -5 0 28 -63 35
40 0 -40 28 -56 -84
40 0 0 28 -56 28
40 5 0 28 -49 21
40 10 0 28 -42 14
40 15 0 28 -35 7
40 20 -20 28 -28 -56
40 20 0 28 -28 0
40 25 0 28 -21 -7
40 30 0 28 -14 -14
40 35 0 28 -7 -21
40 40 0 28 0 -28
40 -40 -80 29 -116 -145
40 -40 0 29 -116 87
40 -20 -20 29 -87 58
40 -20 0 29 -87 58
40 0 -40 29 -58 -87
40 0 0 29 -58 29
40 20 0 29 -29 0
40 40 0 29 0 -29
40 -40 -80 30 -120 -150
40 -40 0 30 -120 90
40 -38 0 30 -117 87
40 -36 0 30 -114 84
40 -34 0 30 -111 81
40 -32 0 30 -108 78
40 -30 0 30 -105 75
40 -28 0 30 -102 72
40 -26 0 30 -99 69
40 -24 0 30 -96 66
40 -22 0 30 -93 63
40 -20 -20 30 -90 60
40 -20 0 30 -90 60
40 -18 0 30 -87 57
40 -16 0 30 -84 54
40 -14 0 30 -81 51
40 -12 0 30 -78 48
40 -10 0 30 -75 45
40 -8 0 30 -72 42
40 -6 0 30 -69 39
40 -4 0 30 -66 36
40 -2 0 30 -63 33
40 0 -40 30 -60 -90
40 0 0 30 -60 30
40 2 0 30 -57 27
40 4 0 30 -54 24
40 6 0 30 -51 21
40 8 0 30 -48 18
40 10 0 30 -45 15
40 12 0 30 -42 12
40 14 0 30 -39 9
40 16 0 30 -36 6
40 18 -57 30 -33 -54
40 18 -1 30 -33 -54
40 18 0 30 -33 3
40 20 0 30 -30 0
40 22 0 30 -27 -3
40 24 0 30 -24 -6
40 26 0 30 -21 -9
40 28 0 30 -18 -12
40 30 0 30 -15 -15
40 32 0 30 -12 -18
40 34 0 30 -9 -21
40 36 0 30 -6 -24
40 38 0 30 -3 -27
40 40 0 30 0 -30
40 -40 -80 31 -124 -155
40 -40 0 31 -124 93
40 -20 -20 31 -93 62
40 -20 0 31 -93 62
40 0 -40 31 -62 -93
40 0 0 31 -62 31
40 20 0 31 -31 0
40 40 0 31 0 -31
40 -40 -80 32 -128 -160
40 -40 0 32 -128 96
40 -35 -8 32 -120 112
40 -35 0 32 -120 88
40 -35 3 32 -120 112
40 -30 -70 32 -112 -144
40 -30 -4 32 -112 48
40 -30 0 32 -112 80
40 -25 0 32 -104 72
40 -20 -60 32 -96 -128
40 -20 -20 32 -96 64
40 -20 0 32 -96 64
40 -15 0 32 -88 56
40 -10 -50 32 -80 -112
40 -10 0 32 -80 48
40 -5 0 32 -72 40
40 0 -40 32 -64 -96
40 0 0 32 -64 32
40 5 0 32 -56 24
40 10 -30 32 -48 -80
40 10 0 32 -48 16
40 15 0 32 -40 8
40 20 -20 32 -32 -64
40 20 0 32 -32 0
40 25 0 32 -24 -8
40 30 -10 32 -16 -48
40 30 0 32 -16 -16
40 35 0 32 -8 -24
40 40 0 32 0 -32
40 -40 -80 33 -132 -165
40 -40 0 33 -132 99
40 -20 -20 33 -99 66
40 -20 0 33 -99 66
40 0 -40 33 -66 -99
40 0 0 33 -66 33
40 20 0 33 -33 0
40 40 0 33 0 -33
40 -40 -80 34 -136 -170
40 -40 0 34 -136 102
40 -30 0 34 -119 85
40 -20 -20 34 -102 68
40 -20 0 34 -102 68
40 -10 0 34 -85 51
40 0 -40 34 -68 -102
40 0 0 34 -68 34
40 10 0 34 -51 17
40 20 0 34 -34 0
40 30 0 34 -17 -17
40 40 0 34 0 -34
40 -40 -80 35 -140 -175
40 -40 0 35 -140 105
40 -36 0 35 -133 98
40 -32 0 35 -126 91
40 -28 0 35 -119 84
40 -24 0 35 -112 77
40 -20 -20 35 -105 70
40 -20 0 35 -105 70
40 -16 0 35 -98 63
40 -12 0 35 -91 56
40 -8 0 35 -84 49
40 -4 0 35 -77 42
40 0 -40 35 -70 -105
40 0 0 35 -70 35
40 4 0 35 -63 28
40 8 0 35 -56 21
40 12 0 35 -49 14
40 16 0 35 -42 7
40 20 0 35 -35 0
40 24 0 35 -28 -7
40 28 0 35 -21 -14
40 32 0 35 -14 -21
40 36 0 35 -7 -28
40 40 0 35 0 -35
40 -40 -80 36 -144 -180
40 -40 -6 36 -144 144
40 -40 0 36 -144 108
40 -40 6 36 -144 144
40 -35 0 36 -135 99
40 -30 0 36 -126 90
40 -25 0 36 -117 81
40 -20 -60 36 -108 -144
40 -20 -20 36 -108 72
40 -20 0 36 -108 72
40 -15 0 36 -99 63
40 -10 0 36 -90 54
40 -5 0 36 -81 45
40 0 -40 36 -72 -108
40 0 0 36 -72 36
40 5 0 36 -63 27
40 10 0 36 -54 18
40 15 0 36 -45 9
40 20 -20 36 -36 -72
40 20 0 36 -36 0
40 25 0 36 -27 -9
40 30 0 36 -18 -18
40 35 0 36 -9 -27
40 40 0 36 0 -36
40 -40 -80 37 -148 -185
40 -40 0 37 -148 111
40 -20 -20 37 -111 74
40 -20 0 37 -111 74
40 0 -40 37 -74 -111
40 0 0 37 -74 37
40 20 0 37 -37 0
40 40 0 37 0 -37
40 -40 -80 38 -152 -190
40 -40 0 38 -152 114
40 -30 0 38 -133 95
40 -20 -20 38 -114 76
40 -20 0 38 -114 76
40 -10 0 38 -95 57
40 0 -40 38 -76 -114
40 0 0 38 -76 38
40 10 0 38 -57 19
40 20 0 38 -38 0
40 30 0 38 -19 -19
40 40 0 38 0 -38
40 -40 -80 39 -156 -195
40 -40 -78 39 -156 117
40 -40 -2 39 -156 117
40 -40 0 39 -156 117
40 -20 -20 39 -117 78
40 -20 0 39 -117 78
40 0 -156 39 -78 -117
40 0 -40 39 -78 -117
40 0 -39 39 -78 0
40 0 -4 39 -78 -117
40 0 -1 39 -78 0
40 0 0 39 -78 39
40 20 0 39 -39 0
40 40 0 39 0 -39
40 -40 -80 40 -160 -200
40 -40 0 40 -160 120
40 -39 0 40 -158 118
40 -38 0 40 -156 116
40 -37 0 40 -154 114
40 -36 -8 40 -152 144
40 -36 0 40 -152 112
40 -36 4 40 -152 144
40 -35 0 40 -150 110
40 -34 0 40 -148 108
40 -33 0 40 -146 106
40 -32 0 40 -144 104
40 -31 -11 40 -142 124
40 -31 0 40 -142 102
40 -31 2 40 -142 124
40 -30 -70 40 -140 -180
40 -30 0 40 -140 100
40 -29 0 40 -138 98
40 -28 0 40 -136 96
40 -27 -14 40 -134 108
40 -27 0 40 -134 94
40 -27 1 40 -134 108
40 -26 0 40 -132 92
40 -25 0 40 -130 90
40 -24 0 40 -128 88
40 -23 0 40 -126 86
40 -22 0 40 -124 84
40 -21 0 40 -122 82
40 -20 -60 40 -120 -160
40 -20 -20 40 -120 80
40 -20 0 40 -120 80
40 -19 0 40 -118 78
40 -18 0 40 -116 76
40 -17 0 40 -114 74
40 -16 0 40 -112 72
40 -15 0 40 -110 70
40 -14 0 40 -108 68
40 -13 0 40 -106 66
40 -12 0 40 -104 64
40 -11 0 40 -102 62
40 -10 -50 40 -100 -140
40 -10 0 40 -100 60
40 -9 0 40 -98 58
40 -8 0 40 -96 56
40 -7 0 40 -94 54
40 -6 0 40 -92 52
40 -5 0 40 -90 50
40 -4 0 40 -88 48
40 -3 0 40 -86 46
40 -2 0 40 -84 44
40 -1 -38 40 -82 4
40 -1 -1 40 -82 4
40 -1 0 40 -82 42
40 0 -40 40 -80 -120
40 0 0 40 -80 40
40 1 0 40 -78 38
40 2 0 40 -76 36
40 3 0 40 -74 34
40 4 0 40 -72 32
40 5 0 40 -70 30
40 6 0 40 -68 28
40 7 0 40 -66 26
40 8 0 40 -64 24
40 9 0 40 -62 22
40 10 -30 40 -60 -100
40 10 0 40 -60 20
40 11 0 40 -58 18
40 12 0 40 -56 16
40 13 0 40 -54 14
40 14 0 40 -52 12
40 15 0 40 -50 10
40 16 0 40 -48 8
40 17 0 40 -46 6
40 18 0 40 -44 4
40 19 0 40 -42 2
40 20 -20 40 -40 -80
40 20 0 40 -40 0
40 21 0 40 -38 -2
40 22 0 40 -36 -4
40 23 0 40 -34 -6
40 24 0 40 -32 -8
40 25 0 40 -30 -10
40 26 0 40 -28 -12
40 27 0 40 -26 -14
40 28 0 40 -24 -16
40 29 0 40 -22 -18
40 30 -10 40 -20 -60
40 30 0 40 -20 -20
40 31 0 40 -18 -22
40 32 0 40 -16 -24
40 33 0 40 -14 -26
40 34 0 40 -12 -28
40 35 0 40 -10 -30
40 36 0 40 -8 -32
40 37 0 40 -6 -34
40 38 0 40 -4 -36
40 39 0 40 -2 -38
40 40 0 40 0 -40
40 -40 -80 41 -164 -205
40 -40 0 41 -164 123
40 -20 -20 41 -123 82
40 -20 0 41 -123 82
40 0 -40 41 -82 -123
40 0 0 41 -82 41
40 20 0 41 -41 0
40 40 0 41 0 -41
40 -40 -80 42 -168 -210
40 -40 0 42 -168 126
40 -30 0 42 -147 105
40 -20 -20 42 -126 84
40 -20 0 42 -126 84
40 -10 0 42 -105 63
40 0 -40 42 -84 -126
40 0 0 42 -84 42
40 10 0 42 -63 21
40 20 0 42 -42 0
40 30 0 42 -21 -21
40 40 0 42 0 -42
40 -40 -80 43 -172 -215
40 -40 0 43 -172 129
40 -20 -20 43 -129 86
40 -20 0 43 -129 86
40 0 -40 43 -86 -129
40 0 0 43 -86 43
40 20 0 43 -43 0
40 40 0 43 0 -43
40 -40 -80 44 -176 -220
40 -40 0 44 -176 132
40 -35 0 44 -165 121
40 -30 0 44 -154 110
40 -25 0 44 -143 99
40 -20 -60 44 -132 -176
40 -20 -20 44 -132 88
40 -20 0 44 -132 88
40 -15 0 44 -121 77
40 -10 0 44 -110 66
40 -5 0 44 -99 55
40 0 -40 44 -88 -132
40 0 0 44 -88 44
40 5 0 44 -77 33
40 10 0 44 -66 22
40 15 0 44 -55 11
40 20 -20 44 -44 -88
40 20 0 44 -44 0
40 25 0 44 -33 -11
40 30 0 44 -22 -22
40 35 0 44 -11 -33
40 40 0 44 0 -44
40 -40 -80 45 -180 -225
40 -40 0 45 -180 135
40 -36 0 45 -171 126
40 -32 0 45 -162 117
40 -28 0 45 -153 108
40 -24 0 45 -144 99
40 -20 -20 45 -135 90
40 -20 0 45 -135 90
40 -16 0 45 -126 81
40 -12 0 45 -117 72
40 -8 0 45 -108 63
40 -4 0 45 -99 54
40 0 -40 45 -90 -135
40 0 0 45 -90 45
40 4 0 45 -81 36
40 8 0 45 -72 27
40 12 0 45 -63 18
40 16 0 45 -54 9
40 20 0 45 -45 0
40 24 0 45 -36 -9
40 28 0 45 -27 -18
40 32 0 45 -18 -27
40 36 0 45 -9 -36
40 40 0 45 0 -45
40 -40 -80 46 -184 -230
40 -40 0 46 -184 138
40 -30 0 46 -161 115
40 -20 -20 46 -138 92
40 -20 0 46 -138 92
40 -10 0 46 -115 69
40 0 -40 46 -92 -138
40 0 0 46 -92 46
40 10 0 46 -69 23
40 20 0 46 -46 0
40 30 0 46 -23 -23
40 40 0 46 0 -46
40 -40 -80 47 -188 -235
40 -40 0 47 -188 141
40 -20 -20 47 -141 94
40 -20 0 47 -141 94
40 0 -40 47 -94 -141
40 0 0 47 -94 47
40 20 0 47 -47 0
40 40 0 47 0 -47
40 -40 -80 48 -192 -240
40 -40 0 48 -192 144
40 -35 -9 48 -180 168
40 -35 0 48 -180 132
40 -35 4 48 -180 168
40 -30 -70 48 -168 -216
40 -30 -12 48 -168 144
40 -30 0 48 -168 120
40 -30 2 48 -168 144
40 -25 0 48 -156 108
40 -20 -60 48 -144 -192
40 -20 -20 48 -144 96
40 -20 0 48 -144 96
40 -15 0 48 -132 84
40 -10 -50 48 -120 -168
40 -10 0 48 -120 72
40 -5 0 48 -108 60
40 0 -40 48 -96 -144
40 0 0 48 -96 48
40 5 0 48 -84 36
40 10 -30 48 -72 -120
40 10 0 48 -72 24
40 15 0 48 -60 12
40 20 -20 48 -48 -96
40 20 0 48 -48 0
40 25 0 48 -36 -12
40 30 -10 48 -24 -72
40 30 0 48 -24 -24
40 35 0 48 -12 -36
40 40 0 48 0 -48
40 -40 -80 49 -196 -245
40 -40 -7 49 -196 196
40 -40 0 49 -196 147
40 -40 7 49 -196 196
40 -20 -20 49 -147 98
40 -20 0 49 -147 98
40 0 -40 49 -98 -147
40 0 0 49 -98 49
40 20 0 49 -49 0
40 40 0 49 0 -49
40 -40 -80 50 -200 -250
40 -40 0 50 -200 150
40 -38 0 50 -195 145
40 -36 0 50 -190 140
40 -34 0 50 -185 135
40 -32 0 50 -180 130
40 -30 0 50 -175 125
40 -28 0 50 -170 120
40 -26 -15 50 -165 130
40 -26 0 50 -165 115
40 -26 1 50 -165 130
40 -24 0 50 -160 110
40 -22 0 50 -155 105
40 -20 -20 50 -150 100
40 -20 0 50 -150 100
40 -18 0 50 -145 95
40 -16 0 50 -140 90
40 -14 0 50 -135 85
40 -12 0 50 -130 80
40 -10 0 50 -125 75
40 -8 0 50 -120 70
40 -6 0 50 -115 65
40 -4 0 50 -110 60
40 -2 0 50 -105 55
40 0 -40 50 -100 -150
40 0 0 50 -100 50
40 2 0 50 -95 45
40 4 0 50 -90 40
40 6 0 50 -85 35
40 8 0 50 -80 30
40 10 0 50 -75 25
40 12 0 50 -70 20
40 14 0 50 -65 15
40 16 0 50 -60 10
40 18 0 50 -55 5
40 20 0 50 -50 0
40 22 0 50 -45 -5
40 24 0 50 -40 -10
40 26 0 50 -35 -15
40 28 0 50 -30 -20
40 30 0 50 -25 -25
40 32 0 50 -20 -30
40 34 0 50 -15 -35
40 36 0 50 -10 -40
40 38 0 50 -5 -45
40 40 0 50 0 -50
41 -41 -82 -50 200 250
41 -41 0 -50 200 -150
41 0 -41 -50 100 150
41 0 0 -50 100 -50
41 41 0 -50 0 50
41 -41 -82 -49 196 245
41 -41 0 -49 196 -147
41 0 -41 -49 98 147
41 0 0 -49 98 -49
41 41 0 -49 0 49
41 -41 -82 -48 192 240
41 -41 0 -48 192 -144
41 0 -41 -48 96 144
41 0 0 -48 96 -48
41 41 0 -48 0 48
41 -41 -82 -47 188 235
41 -41 0 -47 188 -141
41 0 -41 -47 94 141
41 0 0 -47 94 -47
41 41 0 -47 0 47
41 -41 -82 -46 184 230
41 -41 0 -46 184 -138
41 0 -41 -46 92 138
41 0 0 -46 92 -46
41 41 0 -46 0 46
41 -41 -82 -45 180 225
41 -41 0 -45 180 -135
41 0 -41 -45 90 135
41 0 0 -45 90 -45
41 41 0 -45 0 45
41 -41 -82 -44 176 220
41 -41 0 -44 176 -132
41 0 -41 -44 88 132
41 0 0 -44 88 -44
41 41 0 -44 0 44
41 -41 -82 -43 172 215
41 -41 0 -43 172 -129
41 0 -41 -43 86 129
41 0 0 -43 86 -43
41 41 0 -43 0 43
41 -41 -84 -42 168 -126
41 -41 -82 -42 168 210
41 -41 0 -42 168 -126
41 -41 2 -42 168 -126
41 0 -168 -42 84 126
41 0 -42 -42 84 0
41 0 -41 -42 84 126
41 0 0 -42 84 -42
41 0 1 -42 84 0
41 0 4 -42 84 126
41 41 0 -42 0 42
41 -41 -82 -41 164 205
41 -41 0 -41 164 -123
41 -40 -81 -41 162 203
41 -40 0 -41 162 -121
41 -39 -80 -41 160 201
41 -39 0 -41 160 -119
41 -38 -79 -41 158 199
41 -38 0 -41 158 -117
41 -37 -78 -41 156 197
41 -37 0 -41 156 -115
41 -36 -77 -41 154 195
41 -36 0 -41 154 -113
41 -35 -76 -41 152 193
41 -35 0 -41 152 -111
41 -34 -75 -41 150 191
41 -34 -8 -41 150 -81
41 -34 0 -41 150 -109
41 -33 -74 -41 148 189
41 -33 0 -41 148 -107
41 -32 -73 -41 146 187
41 -32 0 -41 146 -105
41 -31 -72 -41 144 185
41 -31 -7 -41 144 -124
41 -31 -3 -41 144 -124
41 -31 0 -41 144 -103
41 -30 -71 -41 142 183
41 -30 0 -41 142 -101
41 -29 -70 -41 140 181
41 -29 0 -41 140 -99
41 -28 -69 -41 138 179
41 -28 0 -41 138 -97
41 -27 -68 -41 136 177
41 -27 -13 -41 136 -108
41 -27 -1 -41 136 -108
41 -27 0 -41 136 -95
41 -26 -67 -41 134 175
41 -26 0 -41 134 -93
41 -25 -66 -41 132 173
41 -25 0 -41 132 -91
41 -24 -65 -41 130 171
41 -24 0 -41 130 -89
41 -23 -64 -41 128 169
41 -23 0 -41 128 -87
41 -22 -63 -41 126 167
41 -22 0 -41 126 -85
41 -21 -62 -41 124 165
41 -21 0 -41 124 -83
41 -20 -61 -41 122 163
41 -20 0 -41 122 -81
41 -19 -60 -41 120 161
41 -19 0 -41 120 -79
41 -18 -59 -41 118 159
41 -18 0 -41 118 -77
41 -17 -58 -41 116 157
41 -17 0 -41 116 -75
41 -16 -57 -41 114 155
41 -16 0 -41 114 -73
41 -15 -56 -41 112 153
41 -15 0 -41 112 -71
41 -14 -55 -41 110 151
41 -14 0 -41 110 -69
41 -13 -54 -41 108 149
41 -13 0 -41 108 -67
41 -12 -53 -41 106 147
41 -12 0 -41 106 -65
41 -11 -52 -41 104 145
41 -11 0 -41 104 -63
41 -10 -51 -41 102 143
41 -10 0 -41 102 -61
41 -9 -50 -41 100 141
41 -9 0 -41 100 -59
41 -8 -49 -41 98 139
41 -8 0 -41 98 -57
41 -7 -48 -41 96 137
41 -7 0 -41 96 -55
41 -6 -47 -41 94 135
41 -6 0 -41 94 -53
41 -5 -46 -41 92 133
41 -5 0 -41 92 -51
41 -4 -45 -41 90 131
41 -4 0 -41 90 -49
41 -3 -44 -41 88 129
41 -3 0 -41 88 -47
41 -2 -43 -41 86 127
41 -2 0 -41 86 -45
41 -1 -42 -41 84 125
41 -1 0 -41 84 -43
41 0 -41 -41 82 123
41 0 0 -41 82 -41
41 1 -43 -41 80 4
41 1 -40 -41 80 121
41 1 0 -41 80 -39
41 1 1 -41 80 4
41 2 -39 -41 78 119
41 2 0 -41 78 -37
41 3 -38 -41 76 117
41 3 0 -41 76 -35
41 4 -37 -41 74 115
41 4 0 -41 74 -33
41 5 -36 -41 72 113
41 5 0 -41 72 -31
41 6 -35 -41 70 111
41 6 0 -41 70 -29
41 7 -34 -41 68 109
41 7 0 -41 68 -27
41 8 -33 -41 66 107
41 8 0 -41 66 -25
41 9 -32 -41 64 105
41 9 0 -41 64 -23
41 10 -31 -41 62 103
41 10 0 -41 62 -21
41 11 -30 -41 60 101
41 11 0 -41 60 -19
41 12 -29 -41 58 99
41 12 0 -41 58 -17
41 13 -28 -41 56 97
41 13 0 -41 56 -15
41 14 -27 -41 54 95
41 14 0 -41 54 -13
41 15 -26 -41 52 93
41 15 0 -41 52 -11
41 16 -25 -41 50 91
41 16 0 -41 50 -9
41 17 -24 -41 48 89
41 17 0 -41 48 -7
41 18 -23 -41 46 87
41 18 0 -41 46 -5
41 19 -22 -41 44 85
41 19 0 -41 44 -3
41 20 -21 -41 42 83
41 20 0 -41 42 -1
41 21 -20 -41 40 81
41 21 0 -41 40 1
41 22 -19 -41 38 79
41 22 0 -41 38 3
41 23 -18 -41 36 77
41 23 0 -41 36 5
41 24 -17 -41 34 75
41 24 0 -41 34 7
41 25 -16 -41 32 73
41 25 0 -41 32 9
41 26 -15 -41 30 71
41 26 0 -41 30 11
41 27 -14 -41 28 69
41 27 0 -41 28 13
41 28 -13 -41 26 67
41 28 0 -41 26 15
41 29 -12 -41 24 65
41 29 0 -41 24 17
41 30 -11 -41 22 63
41 30 0 -41 22 19
41 31 -10 -41 20 61
41 31 0 -41 20 21
41 32 -9 -41 18 59
41 32 0 -41 18 23
41 33 -8 -41 16 57
41 33 0 -41 16 25
41 34 -7 -41 14 55
41 34 0 -41 14 27
41 35 -6 -41 12 53
41 35 0 -41 12 29
41 36 -5 -41 10 51
41 36 0 -41 10 31
41 37 -4 -41 8 49
41 37 0 -41 8 33
41 38 -3 -41 6 47
41 38 0 -41 6 35
41 39 -2 -41 4 45
41 39 0 -41 4 37
41 40 -1 -41 2 43
41 40 0 -41 2 39
41 41 0 -41 0 41
41 -41 -82 -40 160 200
41 -41 0 -40 160 -120
41 0 -41 -40 80 120
41 0 0 -40 80 -40
41 41 0 -40 0 40
41 -41 -82 -39 156 195
41 -41 0 -39 156 -117
41 0 -41 -39 78 117
41 0 0 -39 78 -39
41 41 0 -39 0 39
41 -41 -82 -38 152 190
41 -41 0 -38 152 -114
41 0 -41 -38 76 114
41 0 0 -38 76 -38
41 41 0 -38 0 38
41 -41 -82 -37 148 185
41 -41 0 -37 148 -111
41 0 -41 -37 74 111
41 0 0 -37 74 -37
41 41 0 -37 0 37
41 -41 -82 -36 144 180
41 -41 0 -36 144 -108
41 0 -41 -36 72 108
41 0 0 -36 72 -36
41 41 0 -36 0 36
41 -41 -82 -35 140 175
41 -41 0 -35 140 -105
41 0 -41 -35 70 105
41 0 0 -35 70 -35
41 41 0 -35 0 35
41 -41 -82 -34 136 170
41 -41 0 -34 136 -102
41 0 -41 -34 68 102
41 0 0 -34 68 -34
41 41 0 -34 0 34
41 -41 -82 -33 132 165
41 -41 0 -33 132 -99
41 0 -41 -33 66 99
41 0 0 -33 66 -33
41 41 0 -33 0 33
41 -41 -82 -32 128 160
41 -41 0 -32 128 -96
41 0 -41 -32 64 96
41 0 0 -32 64 -32
41 41 0 -32 0 32
41 -41 -82 -31 124 155
41 -41 0 -31 124 -93
41 0 -41 -31 62 93
41 0 0 -31 62 -31
41 41 0 -31 0 31
41 -41 -82 -30 120 150
41 -41 0 -30 120 -90
41 0 -41 -30 60 90
41 0 0 -30 60 -30
41 41 0 -30 0 30
41 -41 -82 -29 116 145
41 -41 0 -29 116 -87
41 0 -41 -29 58 87
41 0 0 -29 58 -29
41 41 0 -29 0 29
41 -41 -82 -28 112 140
41 -41 0 -28 112 -84
41 0 -41 -28 56 84
41 0 0 -28 56 -28
41 41 0 -28 0 28
41 -41 -82 -27 108 135
41 -41 0 -27 108 -81
41 0 -41 -27 54 81
41 0 0 -27 54 -27
41 41 0 -27 0 27
41 -41 -82 -26 104 130
41 -41 0 -26 104 -78
41 0 -41 -26 52 78
41 0 0 -26 52 -26
41 41 0 -26 0 26
41 -41 -82 -25 100 125
41 -41 0 -25 100 -75
41 0 -41 -25 50 75
41 0 0 -25 50 -25
41 41 0 -25 0 25
41 -41 -82 -24 96 120
41 -41 0 -24 96 -72
41 0 -41 -24 48 72
41 0 0 -24 48 -24
41 41 0 -24 0 24
41 -41 -82 -23 92 115
41 -41 0 -23 92 -69
41 0 -41 -23 46 69
41 0 0 -23 46 -23
41 41 0 -23 0 23
41 -41 -82 -22 88 110
41 -41 0 -22 88 -66
41 0 -41 -22 44 66
41 0 0 -22 44 -22
41 41 0 -22 0 22
41 -41 -82 -21 84 105
41 -41 0 -21 84 -63
41 0 -41 -21 42 63
41 0 0 -21 42 -21
41 41 0 -21 0 21
41 -41 -82 -20 80 100
41 -41 0 -20 80 -60
41 0 -41 -20 40 60
41 0 0 -20 40 -20
41 41 0 -20 0 20
41 -41 -82 -19 76 95
41 -41 0 -19 76 -57
41 0 -41 -19 38 57
41 0 0 -19 38 -19
41 41 0 -19 0 19
41 -41 -82 -18 72 90
41 -41 0 -18 72 -54
41 0 -41 -18 36 54
41 0 0 -18 36 -18
41 41 0 -18 0 18
41 -41 -82 -17 68 85
41 -41 0 -17 68 -51
41 0 -41 -17 34 51
41 0 0 -17 34 -17
41 41 0 -17 0 17
41 -41 -82 -16 64 80
41 -41 0 -16 64 -48
41 0 -41 -16 32 48
41 0 0 -16 32 -16
41 41 0 -16 0 16
41 -41 -82 -15 60 75
41 -41 0 -15 60 -45
41 0 -41 -15 30 45
41 0 0 -15 30 -15
41 41 0 -15 0 15
41 -41 -82 -14 56 70
41 -41 0 -14 56 -42
41 0 -41 -14 28 42
41 0 0 -14 28 -14
41 41 0 -14 0 14
41 -41 -82 -13 52 65
41 -41 0 -13 52 -39
41 0 -41 -13 26 39
41 0 0 -13 26 -13
41 41 0 -13 0 13
41 -41 -82 -12 48 60
41 -41 0 -12 48 -36
41 0 -41 -12 24 36
41 0 0 -12 24 -12
41 41 0 -12 0 12
41 -41 -82 -11 44 55
41 -41 0 -11 44 -33
41 0 -41 -11 22 33
41 0 0 -11 22 -11
41 41 0 -11 0 11
41 -41 -82 -10 40 50
41 -41 0 -10 40 -30
41 0 -41 -10 20 30
41 0 0 -10 20 -10
41 41 0 -10 0 10
41 -41 -82 -9 36 45
41 -41 0 -9 36 -27
41 0 -41 -9 18 27
41 0 0 -9 18 -9
41 41 0 -9 0 9
41 -41 -82 -8 32 40
41 -41 0 -8 32 -24
41 0 -41 -8 16 24
41 0 0 -8 16 -8
41 41 0 -8 0 8
41 -41 -82 -7 28 35
41 -41 0 -7 28 -21
41 0 -41 -7 14 21
41 0 0 -7 14 -7
41 41 0 -7 0 7
41 -41 -82 -6 24 30
41 -41 0 -6 24 -18
41 0 -41 -6 12 18
41 0 0 -6 12 -6
41 41 0 -6 0 6
41 -41 -82 -5 20 25
41 -41 0 -5 20 -15
41 0 -41 -5 10 15
41 0 0 -5 10 -5
41 41 0 -5 0 5
41 -41 -82 -4 16 20
41 -41 0 -4 16 -12
41 0 -41 -4 8 12
41 0 0 -4 8 -4
41 41 0 -4 0 4
41 -41 -82 -3 12 15
41 -41 0 -3 12 -9
41 0 -41 -3 6 9
41 0 0 -3 6 -3
41 41 0 -3 0 3
41 -41 -82 -2 8 10
41 -41 0 -2 8 -6
41 0 -41 -2 4 6
41 0 0 -2 4 -2
41 41 0 -2 0 2
41 -41 -82 -1 4 5
41 -41 0 -1 4 -3
41 0 -41 -1 2 3
41 0 0 -1 2 -1
41 41 0 -1 0 1
41 -41 -82 1 -4 -5
41 -41 -1 1 -4 4
41 -41 0 1 -4 3
41 -41 1 1 -4 4
41 0 -41 1 -2 -3
41 0 0 1 -2 1
41 41 0 1 0 -1
41 -41 -82 2 -8 -10
41 -41 0 2 -8 6
41 0 -41 2 -4 -6
41 0 0 2 -4 2
41 41 0 2 0 -2
41 -41 -82 3 -12 -15
41 -41 0 3 -12 9
41 0 -41 3 -6 -9
41 0 0 3 -6 3
41 41 0 3 0 -3
41 -41 -82 4 -16 -20
41 -41 -2 4 -16 16
41 -41 0 4 -16 12
41 -41 2 4 -16 16
41 0 -41 4 -8 -12
41 0 0 4 -8 4
41 41 0 4 0 -4
41 -41 -82 5 -20 -25
41 -41 0 5 -20 15
41 0 -41 5 -10 -15
41 0 0 5 -10 5
41 41 0 5 0 -5
41 -41 -82 6 -24 -30
41 -41 0 6 -24 18
41 0 -41 6 -12 -18
41 0 0 6 -12 6
41 41 0 6 0 -6
41 -41 -82 7 -28 -35
41 -41 0 7 -28 21
41 0 -41 7 -14 -21
41 0 0 7 -14 7
41 41 0 7 0 -7
41 -41 -82 8 -32 -40
41 -41 0 8 -32 24
41 0 -41 8 -16 -24
41 0 0 8 -16 8
41 41 0 8 0 -8
41 -41 -82 9 -36 -45
41 -41 -3 9 -36 36
41 -41 0 9 -36 27
41 -41 3 9 -36 36
41 0 -41 9 -18 -27
41 0 0 9 -18 9
41 41 0 9 0 -9
41 -41 -82 10 -40 -50
41 -41 0 10 -40 30
41 0 -41 10 -20 -30
41 0 0 10 -20 10
41 41 0 10 0 -10
41 -41 -82 11 -44 -55
41 -41 0 11 -44 33
41 0 -41 11 -22 -33
41 0 0 11 -22 11
41 41 0 11 0 -11
41 -41 -82 12 -48 -60
41 -41 0 12 -48 36
41 0 -41 12 -24 -36
41 0 0 12 -24 12
41 41 0 12 0 -12
41 -41 -82 13 -52 -65
41 -41 0 13 -52 39
41 0 -41 13 -26 -39
41 0 0 13 -26 13
41 41 0 13 0 -13
41 -41 -82 14 -56 -70
41 -41 0 14 -56 42
41 0 -41 14 -28 -42
41 0 0 14 -28 14
41 41 0 14 0 -14
41 -41 -82 15 -60 -75
41 -41 0 15 -60 45
41 0 -41 15 -30 -45
41 0 0 15 -30 15
41 41 0 15 0 -15
41 -41 -82 16 -64 -80
41 -41 -4 16 -64 64
41 -41 0 16 -64 48
41 -41 4 16 -64 64
41 0 -41 16 -32 -48
41 0 0 16 -32 16
41 41 0 16 0 -16
41 -41 -82 17 -68 -85
41 -41 0 17 -68 51
41 0 -41 17 -34 -51
41 0 0 17 -34 17
41 41 0 17 0 -17
41 -41 -82 18 -72 -90
41 -41 0 18 -72 54
41 0 -41 18 -36 -54
41 0 0 18 -36 18
41 41 0 18 0 -18
41 -41 -82 19 -76 -95
41 -41 0 19 -76 57
41 0 -41 19 -38 -57
41 0 0 19 -38 19
41 41 0 19 0 -19
41 -41 -82 20 -80 -100
41 -41 0 20 -80 60
41 0 -41 20 -40 -60
41 0 0 20 -40 20
41 41 0 20 0 -20
41 -41 -82 21 -84 -105
41 -41 0 21 -84 63
41 0 -41 21 -42 -63
41 0 0 21 -42 21
41 41 0 21 0 -21
41 -41 -82 22 -88 -110
41 -41 0 22 -88 66
41 0 -41 22 -44 -66
41 0 0 22 -44 22
41 41 0 22 0 -22
41 -41 -82 23 -92 -115
41 -41 0 23 -92 69
41 0 -41 23 -46 -69
41 0 0 23 -46 23
41 41 0 23 0 -23
41 -41 -82 24 -96 -120
41 -41 0 24 -96 72
41 0 -41 24 -48 -72
41 0 0 24 -48 24
41 41 0 24 0 -24
41 -41 -82 25 -100 -125
41 -41 -5 25 -100 100
41 -41 0 25 -100 75
41 -41 5 25 -100 100
41 0 -41 25 -50 -75
41 0 0 25 -50 25
41 41 0 25 0 -25
41 -41 -82 26 -104 -130
41 -41 0 26 -104 78
41 0 -41 26 -52 -78
41 0 0 26 -52 26
41 41 0 26 0 -26
41 -41 -82 27 -108 -135
41 -41 0 27 -108 81
41 0 -41 27 -54 -81
41 0 0 27 -54 27
41 41 -81 27 0 -108
41 41 -1 27 0 -108
41 41 0 27 0 -27
41 -41 -82 28 -112 -140
41 -41 0 28 -112 84
41 0 -41 28 -56 -84
41 0 0 28 -56 28
41 41 0 28 0 -28
41 -41 -82 29 -116 -145
41 -41 0 29 -116 87
41 0 -41 29 -58 -87
41 0 0 29 -58 29
41 41 0 29 0 -29
41 -41 -82 30 -120 -150
41 -41 0 30 -120 90
41 0 -41 30 -60 -90
41 0 0 30 -60 30
41 41 0 30 0 -30
41 -41 -82 31 -124 -155
41 -41 0 31 -124 93
41 0 -41 31 -62 -93
41 0 0 31 -62 31
41 41 0 31 0 -31
41 -41 -82 32 -128 -160
41 -41 0 32 -128 96
41 0 -41 32 -64 -96
41 0 0 32 -64 32
41 41 0 32 0 -32
41 -41 -82 33 -132 -165
41 -41 0 33 -132 99
41 0 -41 33 -66 -99
41 0 0 33 -66 33
41 41 0 33 0 -33
41 -41 -82 34 -136 -170
41 -41 0 34 -136 102
41 0 -41 34 -68 -102
41 0 0 34 -68 34
41 41 0 34 0 -34
41 -41 -82 35 -140 -175
41 -41 0 35 -140 105
41 0 -41 35 -70 -105
41 0 0 35 -70 35
41 41 0 35 0 -35
41 -41 -82 36 -144 -180
41 -41 -6 36 -144 144
41 -41 0 36 -144 108
41 -41 6 36 -144 144
41 0 -41 36 -72 -108
41 0 0 36 -72 36
41 41 0 36 0 -36
41 -41 -82 37 -148 -185
41 -41 0 37 -148 111
41 0 -41 37 -74 -111
41 0 0 37 -74 37
41 41 0 37 0 -37
41 -41 -82 38 -152 -190
41 -41 0 38 -152 114
41 0 -41 38 -76 -114
41 0 0 38 -76 38
41 41 0 38 0 -38
41 -41 -82 39 -156 -195
41 -41 0 39 -156 117
41 0 -41 39 -78 -117
41 0 0 39 -78 39
41 41 0 39 0 -39
41 -41 -82 40 -160 -200
41 -41 -80 40 -160 120
41 -41 -2 40 -160 120
41 -41 0 40 -160 120
41 0 -160 40 -80 -120
41 0 -41 40 -80 -120
41 0 -40 40 -80 0
41 0 -4 40 -80 -120
41 0 -1 40 -80 0
41 0 0 40 -80 40
41 41 0 40 0 -40
41 -41 -82 41 -164 -205
41 -41 0 41 -164 123
41 -40 -81 41 -162 -203
41 -40 0 41 -162 121
41 -39 -80 41 -160 -201
41 -39 0 41 -160 119
41 -38 -79 41 -158 -199
41 -38 0 41 -158 117
41 -37 -78 41 -156 -197
41 -37 0 41 -156 115
41 -36 -77 41 -154 -195
41 -36 0 41 -154 113
41 -35 -76 41 -152 -193
41 -35 0 41 -152 111
41 -34 -75 41 -150 -191
41 -34 0 41 -150 109
41 -33 -74 41 -148 -189
41 -33 0 41 -148 107
41 -32 -73 41 -146 -187
41 -32 0 41 -146 105
41 -31 -72 41 -144 -185
41 -31 0 41 -144 103
41 -30 -71 41 -142 -183
41 -30 0 41 -142 101
41 -29 -70 41 -140 -181
41 -29 0 41 -140 99
41 -28 -69 41 -138 -179
41 -28 0 41 -138 97
41 -27 -68 41 -136 -177
41 -27 0 41 -136 95
41 -26 -67 41 -134 -175
41 -26 0 41 -134 93
41 -25 -66 41 -132 -173
41 -25 0 41 -132 91
41 -24 -65 41 -130 -171
41 -24 0 41 -130 89
41 -23 -64 41 -128 -169
41 -23 0 41 -128 87
41 -22 -63 41 -126 -167
41 -22 0 41 -126 85
41 -21 -62 41 -124 -165
41 -21 0 41 -124 83
41 -20 -61 41 -122 -163
41 -20 0 41 -122 81
41 -19 -60 41 -120 -161
41 -19 0 41 -120 79
41 -18 -59 41 -118 -159
41 -18 0 41 -118 77
41 -17 -58 41 -116 -157
41 -17 0 41 -116 75
41 -16 -57 41 -114 -155
41 -16 0 41 -114 73
41 -15 -56 41 -112 -153
41 -15 0 41 -112 71
41 -14 -55 41 -110 -151
41 -14 0 41 -110 69
41 -13 -54 41 -108 -149
41 -13 0 41 -108 67
41 -12 -53 41 -106 -147
41 -12 0 41 -106 65
41 -11 -52 41 -104 -145
41 -11 0 41 -104 63
41 -10 -51 41 -102 -143
41 -10 0 41 -102 61
41 -9 -50 41 -100 -141
41 -9 0 41 -100 59
41 -8 -49 41 -98 -139
41 -8 0 41 -98 57
41 -7 -48 41 -96 -137
41 -7 0 41 -96 55
41 -6 -47 41 -94 -135
41 -6 0 41 -94 53
41 -5 -46 41 -92 -133
41 -5 0 41 -92 51
41 -4 -45 41 -90 -131
41 -4 0 41 -90 49
41 -3 -44 41 -88 -129
41 -3 0 41 -88 47
41 -2 -43 41 -86 -127
41 -2 0 41 -86 45
41 -1 -42 41 -84 -125
41 -1 -39 41 -84 4
41 -1 -1 41 -84 4
41 -1 0 41 -84 43
41 0 -41 41 -82 -123
41 0 0 41 -82 41
41 1 -40 41 -80 -121
41 1 0 41 -80 39
41 2 -39 41 -78 -119
41 2 0 41 -78 37
41 3 -38 41 -76 -117
41 3 0 41 -76 35
41 4 -37 41 -74 -115
41 4 0 41 -74 33
41 5 -36 41 -72 -113
41 5 0 41 -72 31
41 6 -35 41 -70 -111
41 6 0 41 -70 29
41 7 -34 41 -68 -109
41 7 0 41 -68 27
41 8 -33 41 -66 -107
41 8 0 41 -66 25
41 9 -32 41 -64 -105
41 9 0 41 -64 23
41 10 -31 41 -62 -103
41 10 0 41 -62 21
41 11 -30 41 -60 -101
41 11 0 41 -60 19
41 12 -29 41 -58 -99
41 12 0 41 -58 17
41 13 -28 41 -56 -97
41 13 0 41 -56 15
41 14 -27 41 -54 -95
41 14 0 41 -54 13
41 15 -26 41 -52 -93
41 15 0 41 -52 11
41 16 -25 41 -50 -91
41 16 0 41 -50 9
41 17 -24 41 -48 -89
41 17 0 41 -48 7
41 18 -23 41 -46 -87
41 18 0 41 -46 5
41 19 -22 41 -44 -85
41 19 0 41 -44 3
41 20 -21 41 -42 -83
41 20 0 41 -42 1
41 21 -20 41 -40 -81
41 21 0 41 -40 -1
41 22 -19 41 -38 -79
41 22 0 41 -38 -3
41 23 -18 41 -36 -77
41 23 0 41 -36 -5
41 24 -17 41 -34 -75
41 24 0 41 -34 -7
41 25 -16 41 -32 -73
41 25 0 41 -32 -9
41 26 -15 41 -30 -71
41 26 0 41 -30 -11
41 27 -14 41 -28 -69
41 27 0 41 -28 -13
41 28 -13 41 -26 -67
41 28 0 41 -26 -15
41 29 -12 41 -24 -65
41 29 0 41 -24 -17
41 30 -11 41 -22 -63
41 30 0 41 -22 -19
41 31 -10 41 -20 -61
41 31 0 41 -20 -21
41 32 -9 41 -18 -59
41 32 0 41 -18 -23
41 33 -8 41 -16 -57
41 33 0 41 -16 -25
41 34 -7 41 -14 -55
41 34 0 41 -14 -27
41 35 -6 41 -12 -53
41 35 0 41 -12 -29
41 36 -5 41 -10 -51
41 36 0 41 -10 -31
41 37 -4 41 -8 -49
41 37 0 41 -8 -33
41 38 -3 41 -6 -47
41 38 0 41 -6 -35
41 39 -2 41 -4 -45
41 39 0 41 -4 -37
41 40 -1 41 -2 -43
41 40 0 41 -2 -39
41 41 0 41 0 -41
41 -41 -82 42 -168 -210
41 -41 0 42 -168 126
41 0 -41 42 -84 -126
41 0 0 42 -84 42
41 41 0 42 0 -42
41 -41 -82 43 -172 -215
41 -41 0 43 -172 129
41 0 -41 43 -86 -129
41 0 0 43 -86 43
41 41 0 43 0 -43
41 -41 -82 44 -176 -220
41 -41 0 44 -176 132
41 0 -41 44 -88 -132
41 0 0 44 -88 44
41 41 0 44 0 -44
41 -41 -82 45 -180 -225
41 -41 0 45 -180 135
41 0 -41 45 -90 -135
41 0 0 45 -90 45
41 41 0 45 0 -45
41 -41 -82 46 -184 -230
41 -41 0 46 -184 138
41 0 -41 46 -92 -138
41 0 0 46 -92 46
41 41 0 46 0 -46
41 -41 -82 47 -188 -235
41 -41 0 47 -188 141
41 0 -41 47 -94 -141
41 0 0 47 -94 47
41 41 0 47 0 -47
41 -41 -82 48 -192 -240
41 -41 0 48 -192 144
41 0 -41 48 -96 -144
41 0 0 48 -96 48
41 41 0 48 0 -48
41 -41 -82 49 -196 -245
41 -41 -7 49 -196 196
41 -41 0 49 -196 147
41 -41 7 49 -196 196
41 0 -41 49 -98 -147
41 0 0 49 -98 49
41 41 0 49 0 -49
41 -41 -82 50 -200 -250
41 -41 0 50 -200 150
41 0 -41 50 -100 -150
41 0 0 50 -100 50
41 41 0 50 0 -50
42 -42 -84 -50 200 250
42 -42 0 -50 200 -150
42 -21 -21 -50 150 -100
42 -21 0 -50 150 -100
42 0 -42 -50 100 150
42 0 0 -50 100 -50
42 21 0 -50 50 0
42 42 0 -50 0 50
42 -42 -84 -49 196 245
42 -42 0 -49 196 -147
42 -39 0 -49 189 -140
42 -36 0 -49 182 -133
42 -33 0 -49 175 -126
42 -30 0 -49 168 -119
42 -27 -14 -49 161 -126
42 -27 -1 -49 161 -126
42 -27 0 -49 161 -112
42 -24 0 -49 154 -105
42 -21 -21 -49 147 -98
42 -21 0 -49 147 -98
42 -18 0 -49 140 -91
42 -15 0 -49 133 -84
42 -12 0 -49 126 -77
42 -9 0 -49 119 -70
42 -6 0 -49 112 -63
42 -3 0 -49 105 -56
42 0 -42 -49 98 147
42 0 0 -49 98 -49
42 3 0 -49 91 -42
42 6 0 -49 84 -35
42 9 0 -49 77 -28
42 12 0 -49 70 -21
42 15 0 -49 63 -14
42 18 0 -49 56 -7
42 21 0 -49 49 0
42 24 0 -49 42 7
42 27 0 -49 35 14
42 30 0 -49 28 21
42 33 0 -49 21 28
42 36 0 -49 14 35
42 39 0 -49 7 42
42 42 0 -49 0 49
42 -42 -84 -48 192 240
42 -42 0 -48 192 -144
42 -35 0 -48 176 -128
42 -28 0 -48 160 -112
42 -21 -21 -48 144 -96
42 -21 0 -48 144 -96
42 -14 0 -48 128 -80
42 -7 0 -48 112 -64
42 0 -42 -48 96 144
42 0 0 -48 96 -48
42 7 0 -48 80 -32
42 14 0 -48 64 -16
42 21 0 -48 48 0
42 28 0 -48 32 16
42 35 0 -48 16 32
42 42 0 -48 0 48
42 -42 -84 -47 188 235
42 -42 0 -47 188 -141
42 -21 -63 -47 141 188
42 -21 -21 -47 141 -94
42 -21 0 -47 141 -94
42 0 -42 -47 94 141
42 0 0 -47 94 -47
42 21 -21 -47 47 94
42 21 0 -47 47 0
42 42 0 -47 0 47
42 -42 -84 -46 184 230
42 -42 0 -46 184 -138
42 -21 -21 -46 138 -92
42 -21 0 -46 138 -92
42 0 -42 -46 92 138
42 0 0 -46 92 -46
42 21 0 -46 46 0
42 42 0 -46 0 46
42 -42 -84 -45 180 225
42 -42 0 -45 180 -135
42 -35 0 -45 165 -120
42 -28 0 -45 150 -105
42 -21 -21 -45 135 -90
42 -21 0 -45 135 -90
42 -14 0 -45 120 -75
42 -7 0 -45 105 -60
42 0 -42 -45 90 135
42 0 0 -45 90 -45
42 7 0 -45 75 -30
42 14 0 -45 60 -15
42 21 0 -45 45 0
42 28 0 -45 30 15
42 35 0 -45 15 30
42 42 0 -45 0 45
42 -42 -84 -44 176 220
42 -42 0 -44 176 -132
42 -21 -21 -44 132 -88
42 -21 0 -44 132 -88
42 0 -42 -44 88 132
42 0 0 -44 88 -44
42 21 0 -44 44 0
42 42 0 -44 0 44
42 -42 -86 -43 172 -129
42 -42 -84 -43 172 215
42 -42 0 -43 172 -129
42 -42 2 -43 172 -129
42 -21 -63 -43 129 172
42 -21 -21 -43 129 -86
42 -21 0 -43 129 -86
42 0 -172 -43 86 129
42 0 -43 -43 86 0
42 0 -42 -43 86 129
42 0 0 -43 86 -43
42 0 1 -43 86 0
42 0 4 -43 86 129
42 21 -21 -43 43 86
42 21 0 -43 43 0
42 42 0 -43 0 43
42 -42 -84 -42 168 210
42 -42 0 -42 168 -126
42 -41 0 -42 166 -124
42 -40 0 -42 164 -122
42 -39 0 -42 162 -120
42 -38 0 -42 160 -118
42 -37 0 -42 158 -116
42 -36 0 -42 156 -114
42 -35 0 -42 154 -112
42 -34 0 -42 152 -110
42 -33 0 -42 150 -108
42 -32 0 -42 148 -106
42 -31 0 -42 146 -104
42 -30 0 -42 144 -102
42 -29 0 -42 142 -100
42 -28 0 -42 140 -98
42 -27 0 -42 138 -96
42 -26 0 -42 136 -94
42 -25 0 -42 134 -92
42 -24 0 -42 132 -90
42 -23 0 -42 130 -88
42 -22 0 -42 128 -86
42 -21 -21 -42 126 -84
42 -21 0 -42 126 -84
42 -20 0 -42 124 -82
42 -19 0 -42 122 -80
42 -18 0 -42 120 -78
42 -17 0 -42 118 -76
42 -16 0 -42 116 -74
42 -15 0 -42 114 -72
42 -14 0 -42 112 -70
42 -13 0 -42 110 -68
42 -12 0 -42 108 -66
42 -11 0 -42 106 -64
42 -10 0 -42 104 -62
42 -9 0 -42 102 -60
42 -8 0 -42 100 -58
42 -7 0 -42 98 -56
42 -6 0 -42 96 -54
42 -5 0 -42 94 -52
42 -4 0 -42 92 -50
42 -3 0 -42 90 -48
42 -2 0 -42 88 -46
42 -1 0 -42 86 -44
42 0 -42 -42 84 126
42 0 0 -42 84 -42
42 1 -44 -42 82 4
42 1 0 -42 82 -40
42 1 1 -42 82 4
42 2 0 -42 80 -38
42 3 0 -42 78 -36
42 4 0 -42 76 -34
42 5 0 -42 74 -32
42 6 0 -42 72 -30
42 7 0 -42 70 -28
42 8 0 -42 68 -26
42 9 0 -42 66 -24
42 10 0 -42 64 -22
42 11 0 -42 62 -20
42 12 0 -42 60 -18
42 13 0 -42 58 -16
42 14 0 -42 56 -14
42 15 0 -42 54 -12
42 16 0 -42 52 -10
42 17 0 -42 50 -8
42 18 0 -42 48 -6
42 19 0 -42 46 -4
42 20 0 -42 44 -2
42 21 0 -42 42 0
42 22 0 -42 40 2
42 23 0 -42 38 4
42 24 0 -42 36 6
42 25 0 -42 34 8
42 26 0 -42 32 10
42 27 0 -42 30 12
42 28 0 -42 28 14
42 29 0 -42 26 16
42 30 0 -42 24 18
42 31 0 -42 22 20
42 32 0 -42 20 22
42 33 0 -42 18 24
42 34 0 -42 16 26
42 35 0 -42 14 28
42 36 0 -42 12 30
42 37 0 -42 10 32
42 38 0 -42 8 34
42 39 0 -42 6 36
42 40 0 -42 4 38
42 41 0 -42 2 40
42 42 0 -42 0 42
42 -42 -84 -41 164 205
42 -42 0 -41 164 -123
42 -21 -21 -41 123 -82
42 -21 0 -41 123 -82
42 0 -42 -41 82 123
42 0 0 -41 82 -41
42 21 0 -41 41 0
42 42 0 -41 0 41
42 -42 -84 -40 160 200
42 -42 0 -40 160 -120
42 -21 -21 -40 120 -80
42 -21 0 -40 120 -80
42 0 -42 -40 80 120
42 0 0 -40 80 -40
42 21 0 -40 40 0
42 42 0 -40 0 40
42 -42 -84 -39 156 195
42 -42 0 -39 156 -117
42 -35 0 -39 143 -104
42 -28 -13 -39 130 -104
42 -28 -1 -39 130 -104
42 -28 0 -39 130 -91
42 -21 -63 -39 117 156
42 -21 -21 -39 117 -78
42 -21 0 -39 117 -78
42 -14 0 -39 104 -65
42 -7 0 -39 91 -52
42 0 -42 -39 78 117
42 0 0 -39 78 -39
42 7 0 -39 65 -26
42 14 0 -39 52 -13
42 21 -21 -39 39 78
42 21 0 -39 39 0
42 28 0 -39 26 13
42 35 0 -39 13 26
42 42 0 -39 0 39
42 -42 -84 -38 152 190
42 -42 0 -38 152 -114
42 -21 -21 -38 114 -76
42 -21 0 -38 114 -76
42 0 -42 -38 76 114
42 0 0 -38 76 -38
42 21 0 -38 38 0
42 42 0 -38 0 38
42 -42 -84 -37 148 185
42 -42 0 -37 148 -111
42 -21 -21 -37 111 -74
42 -21 0 -37 111 -74
42 0 -42 -37 74 111
42 0 0 -37 74 -37
42 21 0 -37 37 0
42 42 0 -37 0 37
42 -42 -84 -36 144 180
42 -42 0 -36 144 -108
42 -35 0 -36 132 -96
42 -28 0 -36 120 -84
42 -21 -21 -36 108 -72
42 -21 0 -36 108 -72
42 -14 0 -36 96 -60
42 -7 0 -36 84 -48
42 0 -42 -36 72 108
42 0 0 -36 72 -36
42 7 0 -36 60 -24
42 14 0 -36 48 -12
42 21 0 -36 36 0
42 28 0 -36 24 12
42 35 0 -36 12 24
42 42 0 -36 0 36
42 -42 -84 -35 140 175
42 -42 0 -35 140 -105
42 -39 0 -35 135 -100
42 -36 0 -35 130 -95
42 -33 -5 -35 125 -110
42 -33 -4 -35 125 -110
42 -33 0 -35 125 -90
42 -30 0 -35 120 -85
42 -27 0 -35 115 -80
42 -24 0 -35 110 -75
42 -21 -63 -35 105 140
42 -21 -21 -35 105 -70
42 -21 0 -35 105 -70
42 -18 0 -35 100 -65
42 -15 0 -35 95 -60
42 -12 0 -35 90 -55
42 -9 0 -35 85 -50
42 -6 0 -35 80 -45
42 -3 0 -35 75 -40
42 0 -42 -35 70 105
42 0 0 -35 70 -35
42 3 0 -35 65 -30
42 6 0 -35 60 -25
42 9 0 -35 55 -20
42 12 -55 -35 50 40
42 12 0 -35 50 -15
42 12 1 -35 50 40
42 15 0 -35 45 -10
42 18 0 -35 40 -5
42 21 -21 -35 35 70
42 21 0 -35 35 0
42 24 0 -35 30 5
42 27 0 -35 25 10
42 30 0 -35 20 15
42 33 0 -35 15 20
42 36 0 -35 10 25
42 39 0 -35 5 30
42 42 0 -35 0 35
42 -42 -84 -34 136 170
42 -42 0 -34 136 -102
42 -21 -21 -34 102 -68
42 -21 0 -34 102 -68
42 0 -42 -34 68 102
42 0 0 -34 68 -34
42 21 0 -34 34 0
42 42 0 -34 0 34
42 -42 -84 -33 132 165
42 -42 0 -33 132 -99
42 -35 0 -33 121 -88
42 -28 0 -33 110 -77
42 -21 -21 -33 99 -66
42 -21 0 -33 99 -66
42 -14 0 -33 88 -55
42 -7 0 -33 77 -44
42 0 -42 -33 66 99
42 0 0 -33 66 -33
42 7 0 -33 55 -22
42 14 0 -33 44 -11
42 21 0 -33 33 0
42 28 0 -33 22 11
42 35 0 -33 11 22
42 42 0 -33 0 33
42 -42 -84 -32 128 160
42 -42 0 -32 128 -96
42 -21 -21 -32 96 -64
42 -21 0 -32 96 -64
42 0 -42 -32 64 96
42 0 0 -32 64 -32
42 21 -64 -32 32 64
42 21 0 -32 32 0
42 21 1 -32 32 64
42 42 0 -32 0 32
42 -42 -84 -31 124 155
42 -42 0 -31 124 -93
42 -21 -63 -31 93 124
42 -21 -21 -31 93 -62
42 -21 0 -31 93 -62
42 0 -42 -31 62 93
42 0 0 -31 62 -31
42 21 -21 -31 31 62
42 21 0 -31 31 0
42 42 0 -31 0 31
42 -42 -84 -30 120 150
42 -42 0 -30 120 -90
42 -35 0 -30 110 -80
42 -28 0 -30 100 -70
42 -21 -21 -30 90 -60
42 -21 0 -30 90 -60
42 -14 0 -30 80 -50
42 -7 0 -30 70 -40
42 0 -42 -30 60 90
42 0 0 -30 60 -30
42 7 0 -30 50 -20
42 14 0 -30 40 -10
42 21 0 -30 30 0
42 28 0 -30 20 10
42 35 0 -30 10 20
42 42 0 -30 0 30
42 -42 -84 -29 116 145
42 -42 0 -29 116 -87
42 -21 -21 -29 87 -58
42 -21 0 -29 87 -58
42 0 -42 -29 58 87
42 0 0 -29 58 -29
42 21 0 -29 29 0
42 42 0 -29 0 29
42 -42 -84 -28 112 140
42 -42 0 -28 112 -84
42 -39 0 -28 108 -80
42 -36 0 -28 104 -76
42 -33 0 -28 100 -72
42 -30 0 -28 96 -68
42 -27 0 -28 92 -64
42 -24 0 -28 88 -60
42 -21 -21 -28 84 -56
42 -21 0 -28 84 -56
42 -18 0 -28 80 -52
42 -15 0 -28 76 -48
42 -12 0 -28 72 -44
42 -9 0 -28 68 -40
42 -6 0 -28 64 -36
42 -3 0 -28 60 -32
42 0 -42 -28 56 84
42 0 0 -28 56 -28
42 3 0 -28 52 -24
42 6 0 -28 48 -20
42 9 0 -28 44 -16
42 12 0 -28 40 -12
42 15 0 -28 36 -8
42 18 0 -28 32 -4
42 21 0 -28 28 0
42 24 0 -28 24 4
42 27 0 -28 20 8
42 30 0 -28 16 12
42 33 0 -28 12 16
42 36 0 -28 8 20
42 39 0 -28 4 24
42 42 0 -28 0 28
42 -42 -84 -27 108 135
42 -42 0 -27 108 -81
42 -35 0 -27 99 -72
42 -28 0 -27 90 -63
42 -21 -63 -27 81 108
42 -21 -21 -27 81 -54
42 -21 0 -27 81 -54
42 -14 0 -27 72 -45
42 -7 0 -27 63 -36
42 0 -42 -27 54 81
42 0 0 -27 54 -27
42 7 0 -27 45 -18
42 14 0 -27 36 -9
42 21 -21 -27 27 54
42 21 0 -27 27 0
42 28 0 -27 18 9
42 35 0 -27 9 18
42 42 0 -27 0 27
42 -42 -84 -26 104 130
42 -42 0 -26 104 -78
42 -21 -21 -26 78 -52
42 -21 0 -26 78 -52
42 0 -42 -26 52 78
42 0 0 -26 52 -26
42 21 0 -26 26 0
42 42 0 -26 0 26
42 -42 -84 -25 100 125
42 -42 0 -25 100 -75
42 -21 -21 -25 75 -50
42 -21 0 -25 75 -50
42 0 -42 -25 50 75
42 0 0 -25 50 -25
42 21 0 -25 25 0
42 42 0 -25 0 25
42 -42 -84 -24 96 120
42 -42 0 -24 96 -72
42 -35 0 -24 88 -64
42 -28 0 -24 80 -56
42 -21 -21 -24 72 -48
42 -21 0 -24 72 -48
42 -14 0 -24 64 -40
42 -7 0 -24 56 -32
42 0 -42 -24 48 72
42 0 0 -24 48 -24
42 7 0 -24 40 -16
42 14 0 -24 32 -8
42 21 0 -24 24 0
42 28 0 -24 16 8
42 35 0 -24 8 16
42 42 0 -24 0 24
42 -42 -84 -23 92 115
42 -42 0 -23 92 -69
42 -21 -63 -23 69 92
42 -21 -21 -23 69 -46
42 -21 0 -23 69 -46
42 0 -42 -23 46 69
42 0 0 -23 46 -23
42 21 -21 -23 23 46
42 21 0 -23 23 0
42 42 0 -23 0 23
42 -42 -84 -22 88 110
42 -42 0 -22 88 -66
42 -21 -21 -22 66 -44
42 -21 0 -22 66 -44
42 0 -42 -22 44 66
42 0 0 -22 44 -22
42 21 0 -22 22 0
42 42 0 -22 0 22
42 -42 -84 -21 84 105
42 -42 0 -21 84 -63
42 -41 0 -21 83 -62
42 -40 0 -21 82 -61
42 -39 0 -21 81 -60
42 -38 0 -21 80 -59
42 -37 0 -21 79 -58
42 -36 0 -21 78 -57
42 -35 0 -21 77 -56
42 -34 0 -21 76 -55
42 -33 0 -21 75 -54
42 -32 0 -21 74 -53
42 -31 -10 -21 73 -62
42 -31 -1 -21 73 -62
42 -31 0 -21 73 -52
42 -30 0 -21 72 -51
42 -29 0 -21 71 -50
42 -28 0 -21 70 -49
42 -27 0 -21 69 -48
42 -26 0 -21 68 -47
42 -25 0 -21 67 -46
42 -24 0 -21 66 -45
42 -23 0 -21 65 -44
42 -22 0 -21 64 -43
42 -21 -21 -21 63 -42
42 -21 0 -21 63 -42
42 -20 0 -21 62 -41
42 -19 0 -21 61 -40
42 -18 0 -21 60 -39
42 -17 0 -21 59 -38
42 -16 0 -21 58 -37
42 -15 0 -21 57 -36
42 -14 0 -21 56 -35
42 -13 0 -21 55 -34
42 -12 0 -21 54 -33
42 -11 0 -21 53 -32
42 -10 0 -21 52 -31
42 -9 0 -21 51 -30
42 -8 0 -21 50 -29
42 -7 0 -21 49 -28
42 -6 0 -21 48 -27
42 -5 0 -21 47 -26
42 -4 0 -21 46 -25
42 -3 0 -21 45 -24
42 -2 0 -21 44 -23
42 -1 0 -21 43 -22
42 0 -42 -21 42 63
42 0 0 -21 42 -21
42 1 0 -21 41 -20
42 2 0 -21 40 -19
42 3 0 -21 39 -18
42 4 0 -21 38 -17
42 5 0 -21 37 -16
42 6 0 -21 36 -15
42 7 0 -21 35 -14
42 8 0 -21 34 -13
42 9 0 -21 33 -12
42 10 0 -21 32 -11
42 11 0 -21 31 -10
42 12 0 -21 30 -9
42 13 0 -21 29 -8
42 14 0 -21 28 -7
42 15 0 -21 27 -6
42 16 0 -21 26 -5
42 17 0 -21 25 -4
42 18 0 -21 24 -3
42 19 0 -21 23 -2
42 20 0 -21 22 -1
42 21 0 -21 21 0
42 22 0 -21 20 1
42 23 0 -21 19 2
42 24 0 -21 18 3
42 25 0 -21 17 4
42 26 0 -21 16 5
42 27 0 -21 15 6
42 28 0 -21 14 7
42 29 0 -21 13 8
42 30 0 -21 12 9
42 31 0 -21 11 10
42 32 0 -21 10 11
42 33 0 -21 9 12
42 34 0 -21 8 13
42 35 0 -21 7 14
42 36 0 -21 6 15
42 37 0 -21 5 16
42 38 0 -21 4 17
42 39 0 -21 3 18
42 40 0 -21 2 19
42 41 0 -21 1 20
42 42 0 -21 0 21
42 -42 -84 -20 80 100
42 -42 0 -20 80 -60
42 -21 -21 -20 60 -40
42 -21 0 -20 60 -40
42 0 -42 -20 40 60
42 0 0 -20 40 -20
42 21 0 -20 20 0
42 42 0 -20 0 20
42 -42 -84 -19 76 95
42 -42 0 -19 76 -57
42 -21 -63 -19 57 76
42 -21 -21 -19 57 -38
42 -21 0 -19 57 -38
42 0 -42 -19 38 57
42 0 0 -19 38 -19
42 21 -21 -19 19 38
42 21 0 -19 19 0
42 42 0 -19 0 19
42 -42 -84 -18 72 90
42 -42 0 -18 72 -54
42 -35 -4 -18 66 -60
42 -35 -3 -18 66 -60
42 -35 0 -18 66 -48
42 -28 0 -18 60 -42
42 -21 -21 -18 54 -36
42 -21 0 -18 54 -36
42 -14 0 -18 48 -30
42 -7 0 -18 42 -24
42 0 -42 -18 36 54
42 0 0 -18 36 -18
42 7 0 -18 30 -12
42 14 0 -18 24 -6
42 21 0 -18 18 0
42 28 0 -18 12 6
42 35 0 -18 6 12
42 42 0 -18 0 18
42 -42 -84 -17 68 85
42 -42 0 -17 68 -51
42 -21 -21 -17 51 -34
42 -21 0 -17 51 -34
42 0 -42 -17 34 51
42 0 0 -17 34 -17
42 21 0 -17 17 0
42 42 0 -17 0 17
42 -42 -84 -16 64 80
42 -42 0 -16 64 -48
42 -21 -21 -16 48 -32
42 -21 0 -16 48 -32
42 0 -42 -16 32 48
42 0 0 -16 32 -16
42 21 0 -16 16 0
42 42 0 -16 0 16
42 -42 -84 -15 60 75
42 -42 0 -15 60 -45
42 -35 -5 -15 55 -50
42 -35 -2 -15 55 -50
42 -35 0 -15 55 -40
42 -28 0 -15 50 -35
42 -21 -63 -15 45 60
42 -21 -21 -15 45 -30
42 -21 0 -15 45 -30
42 -14 0 -15 40 -25
42 -7 0 -15 35 -20
42 0 -42 -15 30 45
42 0 0 -15 30 -15
42 7 0 -15 25 -10
42 14 0 -15 20 -5
42 21 -21 -15 15 30
42 21 0 -15 15 0
42 28 0 -15 10 5
42 35 0 -15 5 10
42 42 0 -15 0 15
42 -42 -84 -14 56 70
42 -42 0 -14 56 -42
42 -39 0 -14 54 -40
42 -36 0 -14 52 -38
42 -33 -8 -14 50 -44
42 -33 -1 -14 50 -44
42 -33 0 -14 50 -36
42 -30 0 -14 48 -34
42 -27 0 -14 46 -32
42 -24 0 -14 44 -30
42 -21 -21 -14 42 -28
42 -21 0 -14 42 -28
42 -18 0 -14 40 -26
42 -15 0 -14 38 -24
42 -12 0 -14 36 -22
42 -9 0 -14 34 -20
42 -6 0 -14 32 -18
42 -3 0 -14 30 -16
42 0 -42 -14 28 42
42 0 0 -14 28 -14
42 3 0 -14 26 -12
42 6 0 -14 24 -10
42 9 0 -14 22 -8
42 12 0 -14 20 -6
42 15 0 -14 18 -4
42 18 0 -14 16 -2
42 21 0 -14 14 0
42 24 0 -14 12 2
42 27 0 -14 10 4
42 30 0 -14 8 6
42 33 0 -14 6 8
42 36 0 -14 4 10
42 39 0 -14 2 12
42 42 0 -14 0 14
42 -42 -84 -13 52 65
42 -42 0 -13 52 -39
42 -21 -21 -13 39 -26
42 -21 0 -13 39 -26
42 0 -42 -13 26 39
42 0 0 -13 26 -13
42 21 0 -13 13 0
42 42 0 -13 0 13
42 -42 -84 -12 48 60
42 -42 0 -12 48 -36
42 -35 0 -12 44 -32
42 -28 0 -12 40 -28
42 -21 -21 -12 36 -24
42 -21 0 -12 36 -24
42 -14 0 -12 32 -20
42 -7 0 -12 28 -16
42 0 -42 -12 24 36
42 0 0 -12 24 -12
42 7 0 -12 20 -8
42 14 0 -12 16 -4
42 21 0 -12 12 0
42 28 0 -12 8 4
42 35 0 -12 4 8
42 42 0 -12 0 12
42 -42 -84 -11 44 55
42 -42 0 -11 44 -33
42 -21 -63 -11 33 44
42 -21 -21 -11 33 -22
42 -21 0 -11 33 -22
42 0 -42 -11 22 33
42 0 0 -11 22 -11
42 21 -21 -11 11 22
42 21 0 -11 11 0
42 42 0 -11 0 11
42 -42 -84 -10 40 50
42 -42 0 -10 40 -30
42 -21 -21 -10 30 -20
42 -21 0 -10 30 -20
42 0 -42 -10 20 30
42 0 0 -10 20 -10
42 21 0 -10 10 0
42 42 0 -10 0 10
42 -42 -84 -9 36 45
42 -42 0 -9 36 -27
42 -35 -6 -9 33 -30
42 -35 -1 -9 33 -30
42 -35 0 -9 33 -24
42 -28 0 -9 30 -21
42 -21 -21 -9 27 -18
42 -21 0 -9 27 -18
42 -14 0 -9 24 -15
42 -7 0 -9 21 -12
42 0 -42 -9 18 27
42 0 0 -9 18 -9
42 7 0 -9 15 -6
42 14 0 -9 12 -3
42 21 0 -9 9 0
42 28 0 -9 6 3
42 35 0 -9 3 6
42 42 0 -9 0 9
42 -42 -84 -8 32 40
42 -42 0 -8 32 -24
42 -21 -21 -8 24 -16
42 -21 0 -8 24 -16
42 0 -42 -8 16 24
42 0 0 -8 16 -8
42 21 0 -8 8 0
42 42 0 -8 0 8
42 -42 -84 -7 28 35
42 -42 0 -7 28 -21
42 -39 0 -7 27 -20
42 -36 -5 -7 26 -24
42 -36 -1 -7 26 -24
42 -36 0 -7 26 -19
42 -33 0 -7 25 -18
42 -30 0 -7 24 -17
42 -27 0 -7 23 -16
42 -24 0 -7 22 -15
42 -21 -63 -7 21 28
42 -21 -21 -7 21 -14
42 -21 0 -7 21 -14
42 -18 0 -7 20 -13
42 -15 0 -7 19 -12
42 -12 0 -7 18 -11
42 -9 0 -7 17 -10
42 -6 0 -7 16 -9
42 -3 0 -7 15 -8
42 0 -42 -7 14 21
42 0 0 -7 14 -7
42 3 0 -7 13 -6
42 6 0 -7 12 -5
42 9 0 -7 11 -4
42 12 0 -7 10 -3
42 15 0 -7 9 -2
42 18 0 -7 8 -1
42 21 -21 -7 7 14
42 21 0 -7 7 0
42 24 0 -7 6 1
42 27 0 -7 5 2
42 30 0 -7 4 3
42 33 0 -7 3 4
42 36 0 -7 2 5
42 39 0 -7 1 6
42 42 0 -7 0 7
42 -42 -84 -6 24 30
42 -42 0 -6 24 -18
42 -35 0 -6 22 -16
42 -28 0 -6 20 -14
42 -21 -21 -6 18 -12
42 -21 0 -6 18 -12
42 -14 0 -6 16 -10
42 -7 0 -6 14 -8
42 0 -42 -6 12 18
42 0 0 -6 12 -6
42 7 0 -6 10 -4
42 14 0 -6 8 -2
42 21 0 -6 6 0
42 28 0 -6 4 2
42 35 0 -6 2 4
42 42 0 -6 0 6
42 -42 -84 -5 20 25
42 -42 0 -5 20 -15
42 -21 -21 -5 15 -10
42 -21 0 -5 15 -10
42 0 -42 -5 10 15
42 0 0 -5 10 -5
42 21 0 -5 5 0
42 42 0 -5 0 5
42 -42 -84 -4 16 20
42 -42 0 -4 16 -12
42 -21 -21 -4 12 -8
42 -21 0 -4 12 -8
42 0 -42 -4 8 12
42 0 0 -4 8 -4
42 21 0 -4 4 0
42 42 0 -4 0 4
42 -42 -84 -3 12 15
42 -42 0 -3 12 -9
42 -35 0 -3 11 -8
42 -28 0 -3 10 -7
42 -21 -63 -3 9 12
42 -21 -21 -3 9 -6
42 -21 0 -3 9 -6
42 -14 0 -3 8 -5
42 -7 0 -3 7 -4
42 0 -42 -3 6 9
42 0 0 -3 6 -3
42 7 0 -3 5 -2
42 14 0 -3 4 -1
42 21 -21 -3 3 6
42 21 0 -3 3 0
42 28 0 -3 2 1
42 35 0 -3 1 2
42 42 0 -3 0 3
42 -42 -84 -2 8 10
42 -42 0 -2 8 -6
42 -21 -21 -2 6 -4
42 -21 0 -2 6 -4
42 0 -42 -2 4 6
42 0 0 -2 4 -2
42 21 0 -2 2 0
42 42 0 -2 0 2
42 -42 -84 -1 4 5
42 -42 0 -1 4 -3
42 -21 -21 -1 3 -2
42 -21 0 -1 3 -2
42 0 -42 -1 2 3
42 0 0 -1 2 -1
42 21 0 -1 1 0
42 42 0 -1 0 1
42 -42 -84 1 -4 -5
42 -42 -1 1 -4 4
42 -42 0 1 -4 3
42 -42 1 1 -4 4
42 -21 -63 1 -3 -4
42 -21 -21 1 -3 2
42 -21 0 1 -3 2
42 0 -42 1 -2 -3
42 0 0 1 -2 1
42 21 -21 1 -1 -2
42 21 0 1 -1 0
42 42 0 1 0 -1
42 -42 -84 2 -8 -10
42 -42 0 2 -8 6
42 -21 -21 2 -6 4
42 -21 0 2 -6 4
42 0 -42 2 -4 -6
42 0 0 2 -4 2
42 21 0 2 -2 0
42 42 0 2 0 -2
42 -42 -84 3 -12 -15
42 -42 0 3 -12 9
42 -35 0 3 -11 8
42 -28 0 3 -10 7
42 -21 -21 3 -9 6
42 -21 0 3 -9 6
42 -14 0 3 -8 5
42 -7 0 3 -7 4
42 0 -42 3 -6 -9
42 0 0 3 -6 3
42 7 0 3 -5 2
42 14 0 3 -4 1
42 21 0 3 -3 0
42 28 0 3 -2 -1
42 35 0 3 -1 -2
42 42 0 3 0 -3
42 -42 -84 4 -16 -20
42 -42 -2 4 -16 16
42 -42 0 4 -16 12
42 -42 2 4 -16 16
42 -21 -21 4 -12 8
42 -21 0 4 -12 8
42 0 -42 4 -8 -12
42 0 0 4 -8 4
42 21 0 4 -4 0
42 42 0 4 0 -4
42 -42 -84 5 -20 -25
42 -42 0 5 -20 15
42 -21 -63 5 -15 -20
42 -21 -21 5 -15 10
42 -21 0 5 -15 10
42 0 -42 5 -10 -15
42 0 0 5 -10 5
42 21 -21 5 -5 -10
42 21 0 5 -5 0
42 42 0 5 0 -5
42 -42 -84 6 -24 -30
42 -42 0 6 -24 18
42 -35 0 6 -22 16
42 -28 0 6 -20 14
42 -21 -21 6 -18 12
42 -21 0 6 -18 12
42 -14 0 6 -16 10
42 -7 0 6 -14 8
42 0 -42 6 -12 -18
42 0 0 6 -12 6
42 7 0 6 -10 4
42 14 0 6 -8 2
42 21 0 6 -6 0
42 28 0 6 -4 -2
42 35 0 6 -2 -4
42 42 0 6 0 -6
42 -42 -84 7 -28 -35
42 -42 0 7 -28 21
42 -39 0 7 -27 20
42 -36 0 7 -26 19
42 -33 0 7 -25 18
42 -30 0 7 -24 17
42 -27 0 7 -23 16
42 -24 0 7 -22 15
42 -21 -21 7 -21 14
42 -21 0 7 -21 14
42 -18 0 7 -20 13
42 -15 0 7 -19 12
42 -12 0 7 -18 11
42 -9 0 7 -17 10
42 -6 0 7 -16 9
42 -3 0 7 -15 8
42 0 -42 7 -14 -21
42 0 0 7 -14 7
42 3 0 7 -13 6
42 6 0 7 -12 5
42 9 0 7 -11 4
42 12 0 7 -10 3
42 15 0 7 -9 2
42 18 0 7 -8 1
42 21 0 7 -7 0
42 24 0 7 -6 -1
42 27 0 7 -5 -2
42 30 0 7 -4 -3
42 33 0 7 -3 -4
42 36 0 7 -2 -5
42 39 0 7 -1 -6
42 42 0 7 0 -7
42 -42 -84 8 -32 -40
42 -42 0 8 -32 24
42 -21 -21 8 -24 16
42 -21 0 8 -24 16
42 0 -42 8 -16 -24
42 0 0 8 -16 8
42 21 0 8 -8 0
42 42 0 8 0 -8
42 -42 -84 9 -36 -45
42 -42 -3 9 -36 36
42 -42 0 9 -36 27
42 -42 3 9 -36 36
42 -35 0 9 -33 24
42 -28 0 9 -30 21
42 -21 -63 9 -27 -36
42 -21 -21 9 -27 18
42 -21 0 9 -27 18
42 -14 0 9 -24 15
42 -7 0 9 -21 12
42 0 -42 9 -18 -27
42 0 0 9 -18 9
42 7 0 9 -15 6
42 14 0 9 -12 3
42 21 -21 9 -9 -18
42 21 0 9 -9 0
42 28 0 9 -6 -3
42 35 0 9 -3 -6
42 42 0 9 0 -9
42 -42 -84 10 -40 -50
42 -42 0 10 -40 30
42 -21 -21 10 -30 20
42 -21 0 10 -30 20
42 0 -42 10 -20 -30
42 0 0 10 -20 10
42 21 0 10 -10 0
42 42 0 10 0 -10
42 -42 -84 11 -44 -55
42 -42 0 11 -44 33
42 -21 -21 11 -33 22
42 -21 0 11 -33 22
42 0 -42 11 -22 -33
42 0 0 11 -22 11
42 21 0 11 -11 0
42 42 0 11 0 -11
42 -42 -84 12 -48 -60
42 -42 0 12 -48 36
42 -35 -8 12 -44 40
42 -35 0 12 -44 32
42 -35 1 12 -44 40
42 -28 0 12 -40 28
42 -21 -21 12 -36 24
42 -21 0 12 -36 24
42 -14 0 12 -32 20
42 -7 0 12 -28 16
42 0 -42 12 -24 -36
42 0 0 12 -24 12
42 7 0 12 -20 8
42 14 0 12 -16 4
42 21 0 12 -12 0
42 28 0 12 -8 -4
42 35 0 12 -4 -8
42 42 0 12 0 -12
42 -42 -84 13 -52 -65
42 -42 0 13 -52 39
42 -21 -63 13 -39 -52
42 -21 -21 13 -39 26
42 -21 0 13 -39 26
42 0 -42 13 -26 -39
42 0 0 13 -26 13
42 21 -21 13 -13 -26
42 21 0 13 -13 0
42 42 0 13 0 -13
42 -42 -84 14 -56 -70
42 -42 0 14 -56 42
42 -39 0 14 -54 40
42 -36 0 14 -52 38
42 -33 0 14 -50 36
42 -30 0 14 -48 34
42 -27 0 14 -46 32
42 -24 0 14 -44 30
42 -21 -21 14 -42 28
42 -21 0 14 -42 28
42 -18 0 14 -40 26
42 -15 0 14 -38 24
42 -12 0 14 -36 22
42 -9 0 14 -34 20
42 -6 0 14 -32 18
42 -3 0 14 -30 16
42 0 -42 14 -28 -42
42 0 0 14 -28 14
42 3 0 14 -26 12
42 6 0 14 -24 10
42 9 0 14 -22 8
42 12 0 14 -20 6
42 15 0 14 -18 4
42 18 0 14 -16 2
42 21 0 14 -14 0
42 24 0 14 -12 -2
42 27 0 14 -10 -4
42 30 0 14 -8 -6
42 33 0 14 -6 -8
42 36 0 14 -4 -10
42 39 0 14 -2 -12
42 42 0 14 0 -14
42 -42 -84 15 -60 -75
42 -42 0 15 -60 45
42 -35 0 15 -55 40
42 -28 0 15 -50 35
42 -21 -21 15 -45 30
42 -21 0 15 -45 30
42 -14 0 15 -40 25
42 -7 0 15 -35 20
42 0 -42 15 -30 -45
42 0 0 15 -30 15
42 7 0 15 -25 10
42 14 0 15 -20 5
42 21 0 15 -15 0
42 28 0 15 -10 -5
42 35 0 15 -5 -10
42 42 0 15 0 -15
42 -42 -84 16 -64 -80
42 -42 -4 16 -64 64
42 -42 0 16 -64 48
42 -42 4 16 -64 64
42 -21 -21 16 -48 32
42 -21 0 16 -48 32
42 0 -42 16 -32 -48
42 0 0 16 -32 16
42 21 0 16 -16 0
42 42 0 16 0 -16
42 -42 -84 17 -68 -85
42 -42 0 17 -68 51
42 -21 -63 17 -51 -68
42 -21 -21 17 -51 34
42 -21 0 17 -51 34
42 0 -42 17 -34 -51
42 0 0 17 -34 17
42 21 -21 17 -17 -34
42 21 0 17 -17 0
42 42 0 17 0 -17
42 -42 -84 18 -72 -90
42 -42 0 18 -72 54
42 -35 0 18 -66 48
42 -28 0 18 -60 42
42 -21 -21 18 -54 36
42 -21 0 18 -54 36
42 -14 0 18 -48 30
42 -7 0 18 -42 24
42 0 -42 18 -36 -54
42 0 0 18 -36 18
42 7 0 18 -30 12
42 14 0 18 -24 6
42 21 0 18 -18 0
42 28 0 18 -12 -6
42 35 0 18 -6 -12
42 42 0 18 0 -18
42 -42 -84 19 -76 -95
42 -42 0 19 -76 57
42 -21 -21 19 -57 38
42 -21 0 19 -57 38
42 0 -42 19 -38 -57
42 0 0 19 -38 19
42 21 0 19 -19 0
42 42 0 19 0 -19
42 -42 -84 20 -80 -100
42 -42 0 20 -80 60
42 -21 -21 20 -60 40
42 -21 0 20 -60 40
42 0 -42 20 -40 -60
42 0 0 20 -40 20
42 21 0 20 -20 0
42 42 0 20 0 -20
42 -42 -84 21 -84 -105
42 -42 0 21 -84 63
42 -41 -5 21 -83 82
42 -41 0 21 -83 62
42 -41 4 21 -83 82
42 -40 0 21 -82 61
42 -39 -6 21 -81 78
42 -39 0 21 -81 60
42 -39 3 21 -81 78
42 -38 0 21 -80 59
42 -37 0 21 -79 58
42 -36 0 21 -78 57
42 -35 0 21 -77 56
42 -34 0 21 -76 55
42 -33 0 21 -75 54
42 -32 -11 21 -74 64
42 -32 0 21 -74 53
42 -32 1 21 -74 64
42 -31 0 21 -73 52
42 -30 0 21 -72 51
42 -29 0 21 -71 50
42 -28 0 21 -70 49
42 -27 0 21 -69 48
42 -26 0 21 -68 47
42 -25 0 21 -67 46
42 -24 0 21 -66 45
42 -23 0 21 -65 44
42 -22 0 21 -64 43
42 -21 -63 21 -63 -84
42 -21 -21 21 -63 42
42 -21 0 21 -63 42
42 -20 0 21 -62 41
42 -19 0 21 -61 40
42 -18 0 21 -60 39
42 -17 0 21 -59 38
42 -16 0 21 -58 37
42 -15 0 21 -57 36
42 -14 0 21 -56 35
42 -13 0 21 -55 34
42 -12 0 21 -54 33
42 -11 0 21 -53 32
42 -10 0 21 -52 31
42 -9 0 21 -51 30
42 -8 0 21 -50 29
42 -7 0 21 -49 28
42 -6 0 21 -48 27
42 -5 0 21 -47 26
42 -4 0 21 -46 25
42 -3 0 21 -45 24
42 -2 0 21 -44 23
42 -1 0 21 -43 22
42 0 -42 21 -42 -63
42 0 0 21 -42 21
42 1 0 21 -41 20
42 2 0 21 -40 19
42 3 0 21 -39 18
42 4 0 21 -38 17
42 5 0 21 -37 16
42 6 0 21 -36 15
42 7 0 21 -35 14
42 8 0 21 -34 13
42 9 0 21 -33 12
42 10 0 21 -32 11
42 11 0 21 -31 10
42 12 0 21 -30 9
42 13 0 21 -29 8
42 14 0 21 -28 7
42 15 0 21 -27 6
42 16 0 21 -26 5
42 17 0 21 -25 4
42 18 0 21 -24 3
42 19 0 21 -23 2
42 20 0 21 -22 1
42 21 -21 21 -21 -42
42 21 0 21 -21 0
42 22 0 21 -20 -1
42 23 0 21 -19 -2
42 24 0 21 -18 -3
42 25 0 21 -17 -4
42 26 0 21 -16 -5
42 27 0 21 -15 -6
42 28 0 21 -14 -7
42 29 0 21 -13 -8
42 30 0 21 -12 -9
42 31 0 21 -11 -10
42 32 0 21 -10 -11
42 33 0 21 -9 -12
42 34 0 21 -8 -13
42 35 0 21 -7 -14
42 36 0 21 -6 -15
42 37 0 21 -5 -16
42 38 0 21 -4 -17
42 39 0 21 -3 -18
42 40 0 21 -2 -19
42 41 0 21 -1 -20
42 42 0 21 0 -21
42 -42 -84 22 -88 -110
42 -42 0 22 -88 66
42 -21 -21 22 -66 44
42 -21 0 22 -66 44
42 0 -42 22 -44 -66
42 0 0 22 -44 22
42 21 0 22 -22 0
42 42 0 22 0 -22
42 -42 -84 23 -92 -115
42 -42 0 23 -92 69
42 -21 -21 23 -69 46
42 -21 0 23 -69 46
42 0 -42 23 -46 -69
42 0 0 23 -46 23
42 21 0 23 -23 0
42 42 0 23 0 -23
42 -42 -84 24 -96 -120
42 -42 0 24 -96 72
42 -35 0 24 -88 64
42 -28 0 24 -80 56
42 -21 -21 24 -72 48
42 -21 0 24 -72 48
42 -14 0 24 -64 40
42 -7 0 24 -56 32
42 0 -42 24 -48 -72
42 0 0 24 -48 24
42 7 0 24 -40 16
42 14 0 24 -32 8
42 21 0 24 -24 0
42 28 0 24 -16 -8
42 35 0 24 -8 -16
42 42 0 24 0 -24
42 -42 -84 25 -100 -125
42 -42 -5 25 -100 100
42 -42 0 25 -100 75
42 -42 5 25 -100 100
42 -21 -63 25 -75 -100
42 -21 -21 25 -75 50
42 -21 0 25 -75 50
42 0 -167 25 -50 -200
42 0 -43 25 -50 -200
42 0 -42 25 -50 -75
42 0 0 25 -50 25
42 21 -21 25 -25 -50
42 21 0 25 -25 0
42 42 0 25 0 -25
42 -42 -84 26 -104 -130
42 -42 0 26 -104 78
42 -21 -21 26 -78 52
42 -21 0 26 -78 52
42 0 -42 26 -52 -78
42 0 0 26 -52 26
42 21 0 26 -26 0
42 42 0 26 0 -26
42 -42 -84 27 -108 -135
42 -42 0 27 -108 81
42 -35 -9 27 -99 90
42 -35 0 27 -99 72
42 -35 2 27 -99 90
42 -28 0 27 -90 63
42 -21 -21 27 -81 54
42 -21 0 27 -81 54
42 -14 0 27 -72 45
42 -7 0 27 -63 36
42 0 -42 27 -54 -81
42 0 0 27 -54 27
42 7 0 27 -45 18
42 14 0 27 -36 9
42 21 0 27 -27 0
42 28 0 27 -18 -9
42 35 0 27 -9 -18
42 42 0 27 0 -27
42 -42 -84 28 -112 -140
42 -42 0 28 -112 84
42 -39 0 28 -108 80
42 -36 0 28 -104 76
42 -33 0 28 -100 72
42 -30 0 28 -96 68
42 -27 0 28 -92 64
42 -24 0 28 -88 60
42 -21 -21 28 -84 56
42 -21 0 28 -84 56
42 -18 0 28 -80 52
42 -15 0 28 -76 48
42 -12 0 28 -72 44
42 -9 0 28 -68 40
42 -6 0 28 -64 36
42 -3 0 28 -60 32
42 0 -42 28 -56 -84
42 0 0 28 -56 28
42 3 0 28 -52 24
42 6 0 28 -48 20
42 9 0 28 -44 16
42 12 0 28 -40 12
42 15 0 28 -36 8
42 18 0 28 -32 4
42 21 0 28 -28 0
42 24 0 28 -24 -4
42 27 0 28 -20 -8
42 30 0 28 -16 -12
42 33 0 28 -12 -16
42 36 0 28 -8 -20
42 39 -80 28 -4 -104
42 39 -1 28 -4 -104
42 39 0 28 -4 -24
42 42 0 28 0 -28
42 -42 -84 29 -116 -145
42 -42 0 29 -116 87
42 -21 -63 29 -87 -116
42 -21 -21 29 -87 58
42 -21 0 29 -87 58
42 0 -42 29 -58 -87
42 0 0 29 -58 29
42 21 -21 29 -29 -58
42 21 0 29 -29 0
42 42 0 29 0 -29
42 -42 -84 30 -120 -150
42 -42 0 30 -120 90
42 -35 0 30 -110 80
42 -28 0 30 -100 70
42 -21 -21 30 -90 60
42 -21 0 30 -90 60
42 -14 0 30 -80 50
42 -7 0 30 -70 40
42 0 -42 30 -60 -90
42 0 0 30 -60 30
42 7 0 30 -50 20
42 14 0 30 -40 10
42 21 0 30 -30 0
42 28 0 30 -20 -10
42 35 0 30 -10 -20
42 42 0 30 0 -30
42 -42 -84 31 -124 -155
42 -42 0 31 -124 93
42 -21 -21 31 -93 62
42 -21 0 31 -93 62
42 0 -42 31 -62 -93
42 0 0 31 -62 31
42 21 -62 31 -31 -62
42 21 -1 31 -31 -62
42 21 0 31 -31 0
42 42 0 31 0 -31
42 -42 -84 32 -128 -160
42 -42 0 32 -128 96
42 -21 -21 32 -96 64
42 -21 0 32 -96 64
42 0 -42 32 -64 -96
42 0 0 32 -64 32
42 21 0 32 -32 0
42 42 0 32 0 -32
42 -42 -84 33 -132 -165
42 -42 0 33 -132 99
42 -35 0 33 -121 88
42 -28 0 33 -110 77
42 -21 -63 33 -99 -132
42 -21 -21 33 -99 66
42 -21 0 33 -99 66
42 -14 0 33 -88 55
42 -7 0 33 -77 44
42 0 -42 33 -66 -99
42 0 0 33 -66 33
42 7 0 33 -55 22
42 14 -55 33 -44 -44
42 14 -1 33 -44 -44
42 14 0 33 -44 11
42 21 -21 33 -33 -66
42 21 0 33 -33 0
42 28 0 33 -22 -11
42 35 0 33 -11 -22
42 42 0 33 0 -33
42 -42 -84 34 -136 -170
42 -42 0 34 -136 102
42 -21 -21 34 -102 68
42 -21 0 34 -102 68
42 0 -42 34 -68 -102
42 0 0 34 -68 34
42 21 0 34 -34 0
42 42 0 34 0 -34
42 -42 -84 35 -140 -175
42 -42 0 35 -140 105
42 -39 0 35 -135 100
42 -36 0 35 -130 95
42 -33 0 35 -125 90
42 -30 0 35 -120 85
42 -27 0 35 -115 80
42 -24 0 35 -110 75
42 -21 -21 35 -105 70
42 -21 0 35 -105 70
42 -18 0 35 -100 65
42 -15 0 35 -95 60
42 -12 0 35 -90 55
42 -9 0 35 -85 50
42 -6 0 35 -80 45
42 -3 0 35 -75 40
42 0 -42 35 -70 -105
42 0 0 35 -70 35
42 3 0 35 -65 30
42 6 0 35 -60 25
42 9 -50 35 -55 -30
42 9 -1 35 -55 -30
42 9 0 35 -55 20
42 12 0 35 -50 15
42 15 0 35 -45 10
42 18 0 35 -40 5
42 21 0 35 -35 0
42 24 0 35 -30 -5
42 27 0 35 -25 -10
42 30 0 35 -20 -15
42 33 0 35 -15 -20
42 36 0 35 -10 -25
42 39 0 35 -5 -30
42 42 0 35 0 -35
42 -42 -84 36 -144 -180
42 -42 -6 36 -144 144
42 -42 0 36 -144 108
42 -42 6 36 -144 144
42 -35 0 36 -132 96
42 -28 0 36 -120 84
42 -21 -21 36 -108 72
42 -21 0 36 -108 72
42 -14 0 36 -96 60
42 -7 0 36 -84 48
42 0 -42 36 -72 -108
42 0 0 36 -72 36
42 7 -48 36 -60 -24
42 7 -1 36 -60 -24
42 7 0 36 -60 24
42 14 0 36 -48 12
42 21 0 36 -36 0
42 28 0 36 -24 -12
42 35 0 36 -12 -24
42 42 0 36 0 -36
42 -42 -84 37 -148 -185
42 -42 0 37 -148 111
42 -21 -63 37 -111 -148
42 -21 -21 37 -111 74
42 -21 0 37 -111 74
42 0 -42 37 -74 -111
42 0 0 37 -74 37
42 21 -21 37 -37 -74
42 21 0 37 -37 0
42 42 0 37 0 -37
42 -42 -84 38 -152 -190
42 -42 0 38 -152 114
42 -21 -21 38 -114 76
42 -21 0 38 -114 76
42 0 -42 38 -76 -114
42 0 0 38 -76 38
42 21 0 38 -38 0
42 42 0 38 0 -38
42 -42 -84 39 -156 -195
42 -42 0 39 -156 117
42 -35 0 39 -143 104
42 -28 0 39 -130 91
42 -21 -21 39 -117 78
42 -21 0 39 -117 78
42 -14 0 39 -104 65
42 -7 0 39 -91 52
42 0 -42 39 -78 -117
42 0 0 39 -78 39
42 7 0 39 -65 26
42 14 0 39 -52 13
42 21 0 39 -39 0
42 28 0 39 -26 -13
42 35 0 39 -13 -26
42 42 0 39 0 -39
42 -42 -84 40 -160 -200
42 -42 0 40 -160 120
42 -21 -21 40 -120 80
42 -21 0 40 -120 80
42 0 -42 40 -80 -120
42 0 0 40 -80 40
42 21 0 40 -40 0
42 42 0 40 0 -40
42 -42 -84 41 -164 -205
42 -42 -82 41 -164 123
42 -42 -2 41 -164 123
42 -42 0 41 -164 123
42 -21 -63 41 -123 -164
42 -21 -21 41 -123 82
42 -21 0 41 -123 82
42 0 -164 41 -82 -123
42 0 -42 41 -82 -123
42 0 -41 41 -82 0
42 0 -4 41 -82 -123
42 0 -1 41 -82 0
42 0 0 41 -82 41
42 21 -21 41 -41 -82
42 21 0 41 -41 0
42 42 0 41 0 -41
42 -42 -84 42 -168 -210
42 -42 0 42 -168 126
42 -41 0 42 -166 124
42 -40 0 42 -164 122
42 -39 0 42 -162 120
42 -38 0 42 -160 118
42 -37 0 42 -158 116
42 -36 0 42 -156 114
42 -35 0 42 -154 112
42 -34 0 42 -152 110
42 -33 0 42 -150 108
42 -32 0 42 -148 106
42 -31 0 42 -146 104
42 -30 0 42 -144 102
42 -29 0 42 -142 100
42 -28 0 42 -140 98
42 -27 0 42 -138 96
42 -26 0 42 -136 94
42 -25 0 42 -134 92
42 -24 0 42 -132 90
42 -23 0 42 -130 88
42 -22 0 42 -128 86
42 -21 -21 42 -126 84
42 -21 0 42 -126 84
42 -20 0 42 -124 82
42 -19 0 42 -122 80
42 -18 0 42 -120 78
42 -17 0 42 -118 76
42 -16 0 42 -116 74
42 -15 0 42 -114 72
42 -14 0 42 -112 70
42 -13 0 42 -110 68
42 -12 0 42 -108 66
42 -11 0 42 -106 64
42 -10 0 42 -104 62
42 -9 0 42 -102 60
42 -8 0 42 -100 58
42 -7 0 42 -98 56
42 -6 0 42 -96 54
42 -5 0 42 -94 52
42 -4 0 42 -92 50
42 -3 0 42 -90 48
42 -2 0 42 -88 46
42 -1 -40 42 -86 4
42 -1 -1 42 -86 4
42 -1 0 42 -86 44
42 0 -42 42 -84 -126
42 0 0 42 -84 42
42 1 0 42 -82 40
42 2 0 42 -80 38
42 3 0 42 -78 36
42 4 0 42 -76 34
42 5 0 42 -74 32
42 6 0 42 -72 30
42 7 0 42 -70 28
42 8 0 42 -68 26
42 9 0 42 -66 24
42 10 0 42 -64 22
42 11 0 42 -62 20
42 12 0 42 -60 18
42 13 0 42 -58 16
42 14 0 42 -56 14
42 15 0 42 -54 12
42 16 0 42 -52 10
42 17 0 42 -50 8
42 18 0 42 -48 6
42 19 0 42 -46 4
42 20 0 42 -44 2
42 21 0 42 -42 0
42 22 0 42 -40 -2
42 23 0 42 -38 -4
42 24 0 42 -36 -6
42 25 0 42 -34 -8
42 26 0 42 -32 -10
42 27 0 42 -30 -12
42 28 0 42 -28 -14
42 29 0 42 -26 -16
42 30 0 42 -24 -18
42 31 0 42 -22 -20
42 32 0 42 -20 -22
42 33 0 42 -18 -24
42 34 0 42 -16 -26
42 35 0 42 -14 -28
42 36 0 42 -12 -30
42 37 0 42 -10 -32
42 38 0 42 -8 -34
42 39 0 42 -6 -36
42 40 0 42 -4 -38
42 41 0 42 -2 -40
42 42 0 42 0 -42
42 -42 -84 43 -172 -215
42 -42 0 43 -172 129
42 -21 -21 43 -129 86
42 -21 0 43 -129 86
42 0 -42 43 -86 -129
42 0 0 43 -86 43
42 21 0 43 -43 0
42 42 0 43 0 -43
42 -42 -84 44 -176 -220
42 -42 0 44 -176 132
42 -21 -21 44 -132 88
42 -21 0 44 -132 88
42 0 -42 44 -88 -132
42 0 0 44 -88 44
42 21 0 44 -44 0
42 42 0 44 0 -44
42 -42 -84 45 -180 -225
42 -42 0 45 -180 135
42 -35 -10 45 -165 150
42 -35 0 45 -165 120
42 -35 3 45 -165 150
42 -28 -15 45 -150 120
42 -28 -12 45 -150 45
42 -28 0 45 -150 105
42 -28 1 45 -150 120
42 -21 -63 45 -135 -180
42 -21 -21 45 -135 90
42 -21 0 45 -135 90
42 -14 0 45 -120 75
42 -7 0 45 -105 60
42 0 -42 45 -90 -135
42 0 0 45 -90 45
42 7 0 45 -75 30
42 14 0 45 -60 15
42 21 -21 45 -45 -90
42 21 0 45 -45 0
42 28 0 45 -30 -15
42 35 0 45 -15 -30
42 42 0 45 0 -45
42 -42 -84 46 -184 -230
42 -42 0 46 -184 138
42 -21 -21 46 -138 92
42 -21 0 46 -138 92
42 0 -42 46 -92 -138
42 0 0 46 -92 46
42 21 0 46 -46 0
42 42 0 46 0 -46
42 -42 -84 47 -188 -235
42 -42 0 47 -188 141
42 -21 -21 47 -141 94
42 -21 0 47 -141 94
42 0 -42 47 -94 -141
42 0 0 47 -94 47
42 21 0 47 -47 0
42 42 0 47 0 -47
42 -42 -84 48 -192 -240
42 -42 0 48 -192 144
42 -35 0 48 -176 128
42 -28 0 48 -160 112
42 -21 -21 48 -144 96
42 -21 0 48 -144 96
42 -14 0 48 -128 80
42 -7 0 48 -112 64
42 0 -42 48 -96 -144
42 0 0 48 -96 48
42 7 0 48 -80 32
42 14 0 48 -64 16
42 21 0 48 -48 0
42 28 0 48 -32 -16
42 35 0 48 -16 -32
42 42 0 48 0 -48
42 -42 -84 49 -196 -245
42 -42 -7 49 -196 196
42 -42 0 49 -196 147
42 -42 7 49 -196 196
42 -39 0 49 -189 140
42 -36 0 49 -182 133
42 -33 0 49 -175 126
42 -30 0 49 -168 119
42 -27 0 49 -161 112
42 -24 0 49 -154 105
42 -21 -63 49 -147 -196
42 -21 -21 49 -147 98
42 -21 0 49 -147 98
42 -18 0 49 -140 91
42 -15 0 49 -133 84
42 -12 0 49 -126 77
42 -9 0 49 -119 70
42 -6 -35 49 -112 28
42 -6 -1 49 -112 28
42 -6 0 49 -112 63
42 -3 0 49 -105 56
42 0 -42 49 -98 -147
42 0 0 49 -98 49
42 3 0 49 -91 42
42 6 0 49 -84 35
42 9 0 49 -77 28
42 12 0 49 -70 21
42 15 0 49 -63 14
42 18 0 49 -56 7
42 21 -21 49 -49 -98
42 21 0 49 -49 0
42 24 0 49 -42 -7
42 27 0 49 -35 -14
42 30 0 49 -28 -21
42 33 0 49 -21 -28
42 36 0 49 -14 -35
42 39 0 49 -7 -42
42 42 0 49 0 -49
42 -42 -84 50 -200 -250
42 -42 0 50 -200 150
42 -21 -21 50 -150 100
42 -21 0 50 -150 100
42 0 -42 50 -100 -150
42 0 0 50 -100 50
42 21 0 50 -50 0
42 42 0 50 0 -50
43 -43 -86 -50 200 250
43 -43 0 -50 200 -150
43 0 -43 -50 100 150
43 0 0 -50 100 -50
43 43 0 -50 0 50
43 -43 -86 -49 196 245
43 -43 0 -49 196 -147
43 0 -43 -49 98 147
43 0 0 -49 98 -49
43 43 0 -49 0 49
43 -43 -86 -48 192 240
43 -43 0 -48 192 -144
43 0 -43 -48 96 144
43 0 0 -48 96 -48
43 43 0 -48 0 48
43 -43 -86 -47 188 235
43 -43 0 -47 188 -141
43 0 -43 -47 94 141
43 0 0 -47 94 -47
43 43 0 -47 0 47
43 -43 -86 -46 184 230
43 -43 0 -46 184 -138
43 0 -43 -46 92 138
43 0 0 -46 92 -46
43 43 0 -46 0 46
43 -43 -86 -45 180 225
43 -43 0 -45 180 -135
43 0 -43 -45 90 135
43 0 0 -45 90 -45
43 43 0 -45 0 45
43 -43 -88 -44 176 -132
43 -43 -86 -44 176 220
43 -43 -10 -44 176 220
43 -43 0 -44 176 -132
43 -43 2 -44 176 -132
43 -43 28 -44 176 220
43 0 -176 -44 88 132
43 0 -44 -44 88 0
43 0 -43 -44 88 132
43 0 0 -44 88 -44
43 0 1 -44 88 0
43 0 4 -44 88 132
43 43 0 -44 0 44
43 -43 -86 -43 172 215
43 -43 0 -43 172 -129
43 -42 -85 -43 170 213
43 -42 0 -43 170 -127
43 -41 -84 -43 168 211
43 -41 0 -43 168 -125
43 -40 -83 -43 166 209
43 -40 0 -43 166 -123
43 -39 -82 -43 164 207
43 -39 0 -43 164 -121
43 -38 -81 -43 162 205
43 -38 0 -43 162 -119
43 -37 -80 -43 160 203
43 -37 0 -43 160 -117
43 -36 -79 -43 158 201
43 -36 0 -43 158 -115
43 -35 -78 -43 156 199
43 -35 0 -43 156 -113
43 -34 -77 -43 154 197
43 -34 0 -43 154 -111
43 -33 -76 -43 152 195
43 -33 0 -43 152 -109
43 -32 -75 -43 150 193
43 -32 0 -43 150 -107
43 -31 -74 -43 148 191
43 -31 0 -43 148 -105
43 -30 -73 -43 146 189
43 -30 0 -43 146 -103
43 -29 -72 -43 144 187
43 -29 0 -43 144 -101
43 -28 -71 -43 142 185
43 -28 0 -43 142 -99
43 -27 -70 -43 140 183
43 -27 0 -43 140 -97
43 -26 -69 -43 138 181
43 -26 0 -43 138 -95
43 -25 -68 -43 136 179
43 -25 0 -43 136 -93
43 -24 -67 -43 134 177
43 -24 0 -43 134 -91
43 -23 -66 -43 132 175
43 -23 0 -43 132 -89
43 -22 -65 -43 130 173
43 -22 0 -43 130 -87
43 -21 -64 -43 128 171
43 -21 0 -43 128 -85
43 -20 -63 -43 126 169
43 -20 0 -43 126 -83
43 -19 -62 -43 124 167
43 -19 0 -43 124 -81
43 -18 -61 -43 122 165
43 -18 0 -43 122 -79
43 -17 -60 -43 120 163
43 -17 0 -43 120 -77
43 -16 -59 -43 118 161
43 -16 0 -43 118 -75
43 -15 -58 -43 116 159
43 -15 0 -43 116 -73
43 -14 -57 -43 114 157
43 -14 0 -43 114 -71
43 -13 -56 -43 112 155
43 -13 0 -43 112 -69
43 -12 -55 -43 110 153
43 -12 0 -43 110 -67
43 -11 -54 -43 108 151
43 -11 0 -43 108 -65
43 -10 -53 -43 106 149
43 -10 0 -43 106 -63
43 -9 -52 -43 104 147
43 -9 0 -43 104 -61
43 -8 -51 -43 102 145
43 -8 0 -43 102 -59
43 -7 -50 -43 100 143
43 -7 0 -43 100 -57
43 -6 -49 -43 98 141
43 -6 0 -43 98 -55
43 -5 -48 -43 96 139
43 -5 0 -43 96 -53
43 -4 -47 -43 94 137
43 -4 0 -43 94 -51
43 -3 -46 -43 92 135
43 -3 0 -43 92 -49
43 -2 -45 -43 90 133
43 -2 0 -43 90 -47
43 -1 -44 -43 88 131
43 -1 0 -43 88 -45
43 0 -43 -43 86 129
43 0 0 -43 86 -43
43 1 -45 -43 84 4
43 1 -42 -43 84 127
43 1 0 -43 84 -41
43 1 1 -43 84 4
43 2 -41 -43 82 125
43 2 0 -43 82 -39
43 3 -40 -43 80 123
43 3 0 -43 80 -37
43 4 -39 -43 78 121
43 4 0 -43 78 -35
43 5 -38 -43 76 119
43 5 0 -43 76 -33
43 6 -37 -43 74 117
43 6 0 -43 74 -31
43 7 -36 -43 72 115
43 7 0 -43 72 -29
43 8 -35 -43 70 113
43 8 0 -43 70 -27
43 9 -34 -43 68 111
43 9 0 -43 68 -25
43 10 -33 -43 66 109
43 10 0 -43 66 -23
43 11 -32 -43 64 107
43 11 0 -43 64 -21
43 12 -31 -43 62 105
43 12 0 -43 62 -19
43 13 -30 -43 60 103
43 13 0 -43 60 -17
43 14 -29 -43 58 101
43 14 0 -43 58 -15
43 15 -28 -43 56 99
43 15 0 -43 56 -13
43 16 -27 -43 54 97
43 16 0 -43 54 -11
43 17 -26 -43 52 95
43 17 0 -43 52 -9
43 18 -25 -43 50 93
43 18 0 -43 50 -7
43 19 -24 -43 48 91
43 19 0 -43 48 -5
43 20 -23 -43 46 89
43 20 0 -43 46 -3
43 21 -22 -43 44 87
43 21 0 -43 44 -1
43 22 -21 -43 42 85
43 22 0 -43 42 1
43 23 -20 -43 40 83
43 23 0 -43 40 3
43 24 -19 -43 38 81
43 24 0 -43 38 5
43 25 -18 -43 36 79
43 25 0 -43 36 7
43 26 -17 -43 34 77
43 26 0 -43 34 9
43 27 -16 -43 32 75
43 27 0 -43 32 11
43 28 -15 -43 30 73
43 28 0 -43 30 13
43 29 -14 -43 28 71
43 29 0 -43 28 15
43 30 -13 -43 26 69
43 30 0 -43 26 17
43 31 -12 -43 24 67
43 31 0 -43 24 19
43 32 -11 -43 22 65
43 32 0 -43 22 21
43 33 -10 -43 20 63
43 33 0 -43 20 23
43 34 -9 -43 18 61
43 34 0 -43 18 25
43 35 -8 -43 16 59
43 35 0 -43 16 27
43 36 -7 -43 14 57
43 36 0 -43 14 29
43 37 -6 -43 12 55
43 37 0 -43 12 31
43 38 -5 -43 10 53
43 38 0 -43 10 33
43 39 -4 -43 8 51
43 39 0 -43 8 35
43 40 -3 -43 6 49
43 40 0 -43 6 37
43 41 -2 -43 4 47
43 41 0 -43 4 39
43 42 -1 -43 2 45
43 42 0 -43 2 41
43 43 0 -43 0 43
43 -43 -86 -42 168 210
43 -43 0 -42 168 -126
43 0 -43 -42 84 126
43 0 0 -42 84 -42
43 43 0 -42 0 42
43 -43 -86 -41 164 205
43 -43 0 -41 164 -123
43 0 -43 -41 82 123
43 0 0 -41 82 -41
43 43 0 -41 0 41
43 -43 -86 -40 160 200
43 -43 0 -40 160 -120
43 0 -43 -40 80 120
43 0 0 -40 80 -40
43 43 0 -40 0 40
43 -43 -86 -39 156 195
43 -43 0 -39 156 -117
43 0 -43 -39 78 117
43 0 0 -39 78 -39
43 43 0 -39 0 39
43 -43 -86 -38 152 190
43 -43 0 -38 152 -114
43 0 -43 -38 76 114
43 0 0 -38 76 -38
43 43 0 -38 0 38
43 -43 -86 -37 148 185
43 -43 0 -37 148 -111
43 0 -43 -37 74 111
43 0 0 -37 74 -37
43 43 0 -37 0 37
43 -43 -86 -36 144 180
43 -43 0 -36 144 -108
43 0 -43 -36 72 108
43 0 0 -36 72 -36
43 43 0 -36 0 36
43 -43 -86 -35 140 175
43 -43 0 -35 140 -105
43 0 -43 -35 70 105
43 0 0 -35 70 -35
43 43 0 -35 0 35
43 -43 -86 -34 136 170
43 -43 0 -34 136 -102
43 0 -43 -34 68 102
43 0 0 -34 68 -34
43 43 0 -34 0 34
43 -43 -86 -33 132 165
43 -43 0 -33 132 -99
43 0 -43 -33 66 99
43 0 0 -33 66 -33
43 43 0 -33 0 33
43 -43 -86 -32 128 160
43 -43 0 -32 128 -96
43 0 -43 -32 64 96
43 0 0 -32 64 -32
43 43 0 -32 0 32
43 -43 -86 -31 124 155
43 -43 0 -31 124 -93
43 0 -43 -31 62 93
43 0 0 -31 62 -31
43 43 0 -31 0 31
43 -43 -86 -30 120 150
43 -43 0 -30 120 -90
43 0 -43 -30 60 90
43 0 0 -30 60 -30
43 43 0 -30 0 30
43 -43 -86 -29 116 145
43 -43 0 -29 116 -87
43 0 -43 -29 58 87
43 0 0 -29 58 -29
43 43 -87 -29 0 116
43 43 0 -29 0 29
43 43 1 -29 0 116
43 -43 -86 -28 112 140
43 -43 0 -28 112 -84
43 0 -43 -28 56 84
43 0 0 -28 56 -28
43 43 0 -28 0 28
43 -43 -86 -27 108 135
43 -43 0 -27 108 -81
43 0 -43 -27 54 81
43 0 0 -27 54 -27
43 43 0 -27 0 27
43 -43 -86 -26 104 130
43 -43 0 -26 104 -78
43 0 -173 -26 52 208
43 0 -43 -26 52 78
43 0 -42 -26 52 208
43 0 0 -26 52 -26
43 43 0 -26 0 26
43 -43 -86 -25 100 125
43 -43 0 -25 100 -75
43 0 -43 -25 50 75
43 0 0 -25 50 -25
43 43 0 -25 0 25
43 -43 -86 -24 96 120
43 -43 0 -24 96 -72
43 0 -43 -24 48 72
43 0 0 -24 48 -24
43 43 0 -24 0 24
43 -43 -86 -23 92 115
43 -43 0 -23 92 -69
43 0 -43 -23 46 69
43 0 0 -23 46 -23
43 43 0 -23 0 23
43 -43 -86 -22 88 110
43 -43 0 -22 88 -66
43 0 -43 -22 44 66
43 0 0 -22 44 -22
43 43 0 -22 0 22
43 -43 -86 -21 84 105
43 -43 0 -21 84 -63
43 0 -43 -21 42 63
43 0 0 -21 42 -21
43 43 0 -21 0 21
43 -43 -86 -20 80 100
43 -43 0 -20 80 -60
43 0 -43 -20 40 60
43 0 0 -20 40 -20
43 43 0 -20 0 20
43 -43 -86 -19 76 95
43 -43 0 -19 76 -57
43 0 -43 -19 38 57
43 0 0 -19 38 -19
43 43 0 -19 0 19
43 -43 -86 -18 72 90
43 -43 0 -18 72 -54
43 0 -43 -18 36 54
43 0 0 -18 36 -18
43 43 0 -18 0 18
43 -43 -86 -17 68 85
43 -43 0 -17 68 -51
43 0 -43 -17 34 51
43 0 0 -17 34 -17
43 43 0 -17 0 17
43 -43 -86 -16 64 80
43 -43 0 -16 64 -48
43 0 -43 -16 32 48
43 0 0 -16 32 -16
43 43 0 -16 0 16
43 -43 -86 -15 60 75
43 -43 0 -15 60 -45
43 0 -43 -15 30 45
43 0 0 -15 30 -15
43 43 0 -15 0 15
43 -43 -86 -14 56 70
43 -43 0 -14 56 -42
43 0 -43 -14 28 42
43 0 0 -14 28 -14
43 43 0 -14 0 14
43 -43 -86 -13 52 65
43 -43 0 -13 52 -39
43 0 -43 -13 26 39
43 0 0 -13 26 -13
43 43 0 -13 0 13
43 -43 -86 -12 48 60
43 -43 0 -12 48 -36
43 0 -43 -12 24 36
43 0 0 -12 24 -12
43 43 0 -12 0 12
43 -43 -86 -11 44 55
43 -43 0 -11 44 -33
43 0 -43 -11 22 33
43 0 0 -11 22 -11
43 43 0 -11 0 11
43 -43 -86 -10 40 50
43 -43 0 -10 40 -30
43 0 -43 -10 20 30
43 0 0 -10 20 -10
43 43 0 -10 0 10
43 -43 -86 -9 36 45
43 -43 0 -9 36 -27
43 0 -43 -9 18 27
43 0 0 -9 18 -9
43 43 0 -9 0 9
43 -43 -86 -8 32 40
43 -43 0 -8 32 -24
43 0 -43 -8 16 24
43 0 0 -8 16 -8
43 43 0 -8 0 8
43 -43 -86 -7 28 35
43 -43 0 -7 28 -21
43 0 -43 -7 14 21
43 0 0 -7 14 -7
43 43 0 -7 0 7
43 -43 -86 -6 24 30
43 -43 0 -6 24 -18
43 0 -43 -6 12 18
43 0 0 -6 12 -6
43 43 0 -6 0 6
43 -43 -86 -5 20 25
43 -43 0 -5 20 -15
43 0 -43 -5 10 15
43 0 0 -5 10 -5
43 43 0 -5 0 5
43 -43 -86 -4 16 20
43 -43 0 -4 16 -12
43 0 -43 -4 8 12
43 0 0 -4 8 -4
43 43 0 -4 0 4
43 -43 -86 -3 12 15
43 -43 0 -3 12 -9
43 0 -43 -3 6 9
43 0 0 -3 6 -3
43 43 0 -3 0 3
43 -43 -86 -2 8 10
43 -43 0 -2 8 -6
43 0 -43 -2 4 6
43 0 0 -2 4 -2
43 43 0 -2 0 2
43 -43 -86 -1 4 5
43 -43 0 -1 4 -3
43 0 -43 -1 2 3
43 0 0 -1 2 -1
43 43 0 -1 0 1
43 -43 -86 1 -4 -5
43 -43 -1 1 -4 4
43 -43 0 1 -4 3
43 -43 1 1 -4 4
43 0 -43 1 -2 -3
43 0 0 1 -2 1
43 43 0 1 0 -1
43 -43 -86 2 -8 -10
43 -43 0 2 -8 6
43 0 -43 2 -4 -6
43 0 0 2 -4 2
43 43 0 2 0 -2
43 -43 -86 3 -12 -15
43 -43 0 3 -12 9
43 0 -43 3 -6 -9
43 0 0 3 -6 3
43 43 0 3 0 -3
43 -43 -86 4 -16 -20
43 -43 -2 4 -16 16
43 -43 0 4 -16 12
43 -43 2 4 -16 16
43 0 -43 4 -8 -12
43 0 0 4 -8 4
43 43 0 4 0 -4
43 -43 -86 5 -20 -25
43 -43 0 5 -20 15
43 0 -43 5 -10 -15
43 0 0 5 -10 5
43 43 0 5 0 -5
43 -43 -86 6 -24 -30
43 -43 0 6 -24 18
43 0 -43 6 -12 -18
43 0 0 6 -12 6
43 43 0 6 0 -6
43 -43 -86 7 -28 -35
43 -43 0 7 -28 21
43 0 -43 7 -14 -21
43 0 0 7 -14 7
43 43 0 7 0 -7
43 -43 -86 8 -32 -40
43 -43 0 8 -32 24
43 0 -43 8 -16 -24
43 0 0 8 -16 8
43 43 0 8 0 -8
43 -43 -86 9 -36 -45
43 -43 -3 9 -36 36
43 -43 0 9 -36 27
43 -43 3 9 -36 36
43 0 -43 9 -18 -27
43 0 0 9 -18 9
43 43 0 9 0 -9
43 -43 -86 10 -40 -50
43 -43 0 10 -40 30
43 0 -43 10 -20 -30
43 0 0 10 -20 10
43 43 0 10 0 -10
43 -43 -86 11 -44 -55
43 -43 0 11 -44 33
43 0 -43 11 -22 -33
43 0 0 11 -22 11
43 43 0 11 0 -11
43 -43 -86 12 -48 -60
43 -43 0 12 -48 36
43 0 -43 12 -24 -36
43 0 0 12 -24 12
43 43 0 12 0 -12
43 -43 -86 13 -52 -65
43 -43 0 13 -52 39
43 0 -43 13 -26 -39
43 0 0 13 -26 13
43 43 0 13 0 -13
43 -43 -86 14 -56 -70
43 -43 0 14 -56 42
43 0 -43 14 -28 -42
43 0 0 14 -28 14
43 43 0 14 0 -14
43 -43 -86 15 -60 -75
43 -43 0 15 -60 45
43 0 -43 15 -30 -45
43 0 0 15 -30 15
43 43 0 15 0 -15
43 -43 -86 16 -64 -80
43 -43 -4 16 -64 64
43 -43 0 16 -64 48
43 -43 4 16 -64 64
43 0 -43 16 -32 -48
43 0 0 16 -32 16
43 43 0 16 0 -16
43 -43 -86 17 -68 -85
43 -43 0 17 -68 51
43 0 -43 17 -34 -51
43 0 0 17 -34 17
43 43 0 17 0 -17
43 -43 -86 18 -72 -90
43 -43 0 18 -72 54
43 0 -43 18 -36 -54
43 0 0 18 -36 18
43 43 0 18 0 -18
43 -43 -86 19 -76 -95
43 -43 0 19 -76 57
43 0 -43 19 -38 -57
43 0 0 19 -38 19
43 43 0 19 0 -19
43 -43 -86 20 -80 -100
43 -43 0 20 -80 60
43 0 -43 20 -40 -60
43 0 0 20 -40 20
43 43 0 20 0 -20
43 -43 -86 21 -84 -105
43 -43 0 21 -84 63
43 0 -43 21 -42 -63
43 0 0 21 -42 21
43 43 0 21 0 -21
43 -43 -86 22 -88 -110
43 -43 0 22 -88 66
43 0 -43 22 -44 -66
43 0 0 22 -44 22
43 43 0 22 0 -22
43 -43 -86 23 -92 -115
43 -43 0 23 -92 69
43 0 -43 23 -46 -69
43 0 0 23 -46 23
43 43 0 23 0 -23
43 -43 -86 24 -96 -120
43 -43 0 24 -96 72
43 0 -43 24 -48 -72
43 0 0 24 -48 24
43 43 0 24 0 -24
43 -43 -86 25 -100 -125
43 -43 -5 25 -100 100
43 -43 0 25 -100 75
43 -43 5 25 -100 100
43 0 -43 25 -50 -75
43 0 0 25 -50 25
43 43 0 25 0 -25
43 -43 -86 26 -104 -130
43 -43 0 26 -104 78
43 0 -43 26 -52 -78
43 0 0 26 -52 26
43 43 0 26 0 -26
43 -43 -86 27 -108 -135
43 -43 0 27 -108 81
43 0 -43 27 -54 -81
43 0 0 27 -54 27
43 43 0 27 0 -27
43 -43 -86 28 -112 -140
43 -43 0 28 -112 84
43 0 -43 28 -56 -84
43 0 0 28 -56 28
43 43 0 28 0 -28
43 -43 -86 29 -116 -145
43 -43 0 29 -116 87
43 0 -43 29 -58 -87
43 0 0 29 -58 29
43 43 0 29 0 -29
43 -43 -86 30 -120 -150
43 -43 0 30 -120 90
43 0 -43 30 -60 -90
43 0 0 30 -60 30
43 43 0 30 0 -30
43 -43 -86 31 -124 -155
43 -43 0 31 -124 93
43 0 -43 31 -62 -93
43 0 0 31 -62 31
43 43 0 31 0 -31
43 -43 -86 32 -128 -160
43 -43 0 32 -128 96
43 0 -43 32 -64 -96
43 0 0 32 -64 32
43 43 0 32 0 -32
43 -43 -86 33 -132 -165
43 -43 0 33 -132 99
43 0 -43 33 -66 -99
43 0 0 33 -66 33
43 43 0 33 0 -33
43 -43 -86 34 -136 -170
43 -43 0 34 -136 102
43 0 -43 34 -68 -102
43 0 0 34 -68 34
43 43 0 34 0 -34
43 -43 -86 35 -140 -175
43 -43 0 35 -140 105
43 0 -43 35 -70 -105
43 0 0 35 -70 35
43 43 0 35 0 -35
43 -43 -86 36 -144 -180
43 -43 -6 36 -144 144
43 -43 0 36 -144 108
43 -43 6 36 -144 144
43 0 -43 36 -72 -108
43 0 0 36 -72 36
43 43 0 36 0 -36
43 -43 -86 37 -148 -185
43 -43 0 37 -148 111
43 0 -43 37 -74 -111
43 0 0 37 -74 37
43 43 0 37 0 -37
43 -43 -86 38 -152 -190
43 -43 0 38 -152 114
43 0 -43 38 -76 -114
43 0 0 38 -76 38
43 43 0 38 0 -38
43 -43 -86 39 -156 -195
43 -43 0 39 -156 117
43 0 -43 39 -78 -117
43 0 0 39 -78 39
43 43 0 39 0 -39
43 -43 -86 40 -160 -200
43 -43 0 40 -160 120
43 0 -43 40 -80 -120
43 0 0 40 -80 40
43 43 0 40 0 -40
43 -43 -86 41 -164 -205
43 -43 0 41 -164 123
43 0 -43 41 -82 -123
43 0 0 41 -82 41
43 43 0 41 0 -41
43 -43 -86 42 -168 -210
43 -43 -84 42 -168 126
43 -43 -2 42 -168 126
43 -43 0 42 -168 126
43 0 -168 42 -84 -126
43 0 -43 42 -84 -126
43 0 -42 42 -84 0
43 0 -4 42 -84 -126
43 0 -1 42 -84 0
43 0 0 42 -84 42
43 43 0 42 0 -42
43 -43 -86 43 -172 -215
43 -43 0 43 -172 129
43 -42 -85 43 -170 -213
43 -42 0 43 -170 127
43 -41 -84 43 -168 -211
43 -41 0 43 -168 125
43 -40 -83 43 -166 -209
43 -40 0 43 -166 123
43 -39 -82 43 -164 -207
43 -39 0 43 -164 121
43 -38 -81 43 -162 -205
43 -38 0 43 -162 119
43 -37 -80 43 -160 -203
43 -37 0 43 -160 117
43 -36 -79 43 -158 -201
43 -36 0 43 -158 115
43 -35 -78 43 -156 -199
43 -35 0 43 -156 113
43 -34 -77 43 -154 -197
43 -34 0 43 -154 111
43 -33 -76 43 -152 -195
43 -33 0 43 -152 109
43 -32 -75 43 -150 -193
43 -32 0 43 -150 107
43 -31 -74 43 -148 -191
43 -31 0 43 -148 105
43 -30 -73 43 -146 -189
43 -30 0 43 -146 103
43 -29 -72 43 -144 -187
43 -29 -15 43 -144 116
43 -29 0 43 -144 101
43 -29 1 43 -144 116
43 -28 -71 43 -142 -185
43 -28 0 43 -142 99
43 -27 -70 43 -140 -183
43 -27 0 43 -140 97
43 -26 -69 43 -138 -181
43 -26 0 43 -138 95
43 -25 -68 43 -136 -179
43 -25 0 43 -136 93
43 -24 -67 43 -134 -177
43 -24 0 43 -134 91
43 -23 -66 43 -132 -175
43 -23 0 43 -132 89
43 -22 -65 43 -130 -173
43 -22 0 43 -130 87
43 -21 -64 43 -128 -171
43 -21 0 43 -128 85
43 -20 -63 43 -126 -169
43 -20 0 43 -126 83
43 -19 -62 43 -124 -167
43 -19 0 43 -124 81
43 -18 -61 43 -122 -165
43 -18 0 43 -122 79
43 -17 -60 43 -120 -163
43 -17 0 43 -120 77
43 -16 -59 43 -118 -161
43 -16 0 43 -118 75
43 -15 -58 43 -116 -159
43 -15 0 43 -116 73
43 -14 -57 43 -114 -157
43 -14 0 43 -114 71
43 -13 -56 43 -112 -155
43 -13 0 43 -112 69
43 -12 -55 43 -110 -153
43 -12 0 43 -110 67
43 -11 -54 43 -108 -151
43 -11 0 43 -108 65
43 -10 -53 43 -106 -149
43 -10 0 43 -106 63
43 -9 -52 43 -104 -147
43 -9 0 43 -104 61
43 -8 -51 43 -102 -145
43 -8 0 43 -102 59
43 -7 -50 43 -100 -143
43 -7 0 43 -100 57
43 -6 -49 43 -98 -141
43 -6 0 43 -98 55
43 -5 -48 43 -96 -139
43 -5 0 43 -96 53
43 -4 -47 43 -94 -137
43 -4 0 43 -94 51
43 -3 -46 43 -92 -135
43 -3 0 43 -92 49
43 -2 -45 43 -90 -133
43 -2 0 43 -90 47
43 -1 -44 43 -88 -131
43 -1 -41 43 -88 4
43 -1 -1 43 -88 4
43 -1 0 43 -88 45
43 0 -43 43 -86 -129
43 0 0 43 -86 43
43 1 -42 43 -84 -127
43 1 0 43 -84 41
43 2 -41 43 -82 -125
43 2 0 43 -82 39
43 3 -40 43 -80 -123
43 3 0 43 -80 37
43 4 -39 43 -78 -121
43 4 0 43 -78 35
43 5 -38 43 -76 -119
43 5 0 43 -76 33
43 6 -37 43 -74 -117
43 6 0 43 -74 31
43 7 -36 43 -72 -115
43 7 0 43 -72 29
43 8 -35 43 -70 -113
43 8 0 43 -70 27
43 9 -34 43 -68 -111
43 9 0 43 -68 25
43 10 -33 43 -66 -109
43 10 0 43 -66 23
43 11 -32 43 -64 -107
43 11 0 43 -64 21
43 12 -31 43 -62 -105
43 12 0 43 -62 19
43 13 -30 43 -60 -103
43 13 0 43 -60 17
43 14 -29 43 -58 -101
43 14 0 43 -58 15
43 15 -28 43 -56 -99
43 15 0 43 -56 13
43 16 -27 43 -54 -97
43 16 0 43 -54 11
43 17 -26 43 -52 -95
43 17 0 43 -52 9
43 18 -25 43 -50 -93
43 18 0 43 -50 7
43 19 -24 43 -48 -91
43 19 0 43 -48 5
43 20 -23 43 -46 -89
43 20 0 43 -46 3
43 21 -22 43 -44 -87
43 21 0 43 -44 1
43 22 -21 43 -42 -85
43 22 0 43 -42 -1
43 23 -20 43 -40 -83
43 23 0 43 -40 -3
43 24 -19 43 -38 -81
43 24 0 43 -38 -5
43 25 -18 43 -36 -79
43 25 0 43 -36 -7
43 26 -17 43 -34 -77
43 26 0 43 -34 -9
43 27 -16 43 -32 -75
43 27 0 43 -32 -11
43 28 -15 43 -30 -73
43 28 0 43 -30 -13
43 29 -14 43 -28 -71
43 29 0 43 -28 -15
43 30 -13 43 -26 -69
43 30 0 43 -26 -17
43 31 -12 43 -24 -67
43 31 0 43 -24 -19
43 32 -11 43 -22 -65
43 32 0 43 -22 -21
43 33 -10 43 -20 -63
43 33 0 43 -20 -23
43 34 -9 43 -18 -61
43 34 0 43 -18 -25
43 35 -8 43 -16 -59
43 35 0 43 -16 -27
43 36 -7 43 -14 -57
43 36 0 43 -14 -29
43 37 -6 43 -12 -55
43 37 0 43 -12 -31
43 38 -5 43 -10 -53
43 38 0 43 -10 -33
43 39 -4 43 -8 -51
43 39 0 43 -8 -35
43 40 -3 43 -6 -49
43 40 0 43 -6 -37
43 41 -2 43 -4 -47
43 41 0 43 -4 -39
43 42 -1 43 -2 -45
43 42 0 43 -2 -41
43 43 0 43 0 -43
43 -43 -86 44 -176 -220
43 -43 0 44 -176 132
43 0 -43 44 -88 -132
43 0 0 44 -88 44
43 43 0 44 0 -44
43 -43 -86 45 -180 -225
43 -43 0 45 -180 135
43 0 -43 45 -90 -135
43 0 0 45 -90 45
43 43 0 45 0 -45
43 -43 -86 46 -184 -230
43 -43 0 46 -184 138
43 0 -43 46 -92 -138
43 0 0 46 -92 46
43 43 0 46 0 -46
43 -43 -86 47 -188 -235
43 -43 0 47 -188 141
43 0 -43 47 -94 -141
43 0 0 47 -94 47
43 43 0 47 0 -47
43 -43 -86 48 -192 -240
43 -43 0 48 -192 144
43 0 -43 48 -96 -144
43 0 0 48 -96 48
43 43 0 48 0 -48
43 -43 -86 49 -196 -245
43 -43 -7 49 -196 196
43 -43 0 49 -196 147
43 -43 7 49 -196 196
43 0 -43 49 -98 -147
43 0 0 49 -98 49
43 43 0 49 0 -49
43 -43 -86 50 -200 -250
43 -43 0 50 -200 150
43 0 -43 50 -100 -150
43 0 0 50 -100 50
43 43 0 50 0 -50
44 -44 -88 -50 200 250
44 -44 0 -50 200 -150
44 -33 0 -50 175 -125
44 -22 -22 -50 150 -100
44 -22 0 -50 150 -100
44 -11 0 -50 125 -75
44 0 -44 -50 100 150
44 0 0 -50 100 -50
44 11 0 -50 75 -25
44 22 0 -50 50 0
44 33 0 -50 25 25
44 44 0 -50 0 50
44 -44 -88 -49 196 245
44 -44 0 -49 196 -147
44 -22 -22 -49 147 -98
44 -22 0 -49 147 -98
44 0 -44 -49 98 147
44 0 0 -49 98 -49
44 22 0 -49 49 0
44 44 0 -49 0 49
44 -44 -88 -48 192 240
44 -44 0 -48 192 -144
44 -33 -8 -48 168 -144
44 -33 -3 -48 168 -144
44 -33 0 -48 168 -120
44 -22 -66 -48 144 192
44 -22 -22 -48 144 -96
44 -22 0 -48 144 -96
44 -11 0 -48 120 -72
44 0 -44 -48 96 144
44 0 0 -48 96 -48
44 11 0 -48 72 -24
44 22 -22 -48 48 96
44 22 0 -48 48 0
44 33 0 -48 24 24
44 44 0 -48 0 48
44 -44 -88 -47 188 235
44 -44 0 -47 188 -141
44 -22 -22 -47 141 -94
44 -22 0 -47 141 -94
44 0 -44 -47 94 141
44 0 0 -47 94 -47
44 22 0 -47 47 0
44 44 0 -47 0 47
44 -44 -88 -46 184 230
44 -44 0 -46 184 -138
44 -33 0 -46 161 -115
44 -22 -22 -46 138 -92
44 -22 0 -46 138 -92
44 -11 0 -46 115 -69
44 0 -44 -46 92 138
44 0 0 -46 92 -46
44 11 0 -46 69 -23
44 22 0 -46 46 0
44 33 0 -46 23 23
44 44 0 -46 0 46
44 -44 -90 -45 180 -135
44 -44 -88 -45 180 225
44 -44 0 -45 180 -135
44 -44 2 -45 180 -135
44 -22 -22 -45 135 -90
44 -22 0 -45 135 -90
44 0 -180 -45 90 135
44 0 -45 -45 90 0
44 0 -44 -45 90 135
44 0 0 -45 90 -45
44 0 1 -45 90 0
44 0 4 -45 90 135
44 22 0 -45 45 0
44 44 0 -45 0 45
44 -44 -88 -44 176 220
44 -44 0 -44 176 -132
44 -43 0 -44 174 -130
44 -42 0 -44 172 -128
44 -41 0 -44 170 -126
44 -40 0 -44 168 -124
44 -39 0 -44 166 -122
44 -38 0 -44 164 -120
44 -37 0 -44 162 -118
44 -36 0 -44 160 -116
44 -35 0 -44 158 -114
44 -34 -6 -44 156 -136
44 -34 -4 -44 156 -136
44 -34 0 -44 156 -112
44 -33 0 -44 154 -110
44 -32 -10 -44 152 -128
44 -32 -2 -44 152 -128
44 -32 0 -44 152 -108
44 -31 0 -44 150 -106
44 -30 0 -44 148 -104
44 -29 -14 -44 146 -116
44 -29 -1 -44 146 -116
44 -29 0 -44 146 -102
44 -28 0 -44 144 -100
44 -27 0 -44 142 -98
44 -26 0 -44 140 -96
44 -25 0 -44 138 -94
44 -24 0 -44 136 -92
44 -23 0 -44 134 -90
44 -22 -66 -44 132 176
44 -22 -22 -44 132 -88
44 -22 0 -44 132 -88
44 -21 0 -44 130 -86
44 -20 0 -44 128 -84
44 -19 0 -44 126 -82
44 -18 0 -44 124 -80
44 -17 0 -44 122 -78
44 -16 0 -44 120 -76
44 -15 0 -44 118 -74
44 -14 0 -44 116 -72
44 -13 0 -44 114 -70
44 -12 0 -44 112 -68
44 -11 0 -44 110 -66
44 -10 0 -44 108 -64
44 -9 0 -44 106 -62
44 -8 0 -44 104 -60
44 -7 0 -44 102 -58
44 -6 0 -44 100 -56
44 -5 0 -44 98 -54
44 -4 0 -44 96 -52
44 -3 0 -44 94 -50
44 -2 0 -44 92 -48
44 -1 0 -44 90 -46
44 0 -44 -44 88 132
44 0 0 -44 88 -44
44 1 -46 -44 86 4
44 1 0 -44 86 -42
44 1 1 -44 86 4
44 2 0 -44 84 -40
44 3 0 -44 82 -38
44 4 0 -44 80 -36
44 5 0 -44 78 -34
44 6 0 -44 76 -32
44 7 0 -44 74 -30
44 8 0 -44 72 -28
44 9 0 -44 70 -26
44 10 0 -44 68 -24
44 11 0 -44 66 -22
44 12 0 -44 64 -20
44 13 0 -44 62 -18
44 14 0 -44 60 -16
44 15 0 -44 58 -14
44 16 0 -44 56 -12
44 17 0 -44 54 -10
44 18 0 -44 52 -8
44 19 0 -44 50 -6
44 20 0 -44 48 -4
44 21 0 -44 46 -2
44 22 -22 -44 44 88
44 22 0 -44 44 0
44 23 0 -44 42 2
44 24 0 -44 40 4
44 25 0 -44 38 6
44 26 0 -44 36 8
44 27 0 -44 34 10
44 28 0 -44 32 12
44 29 0 -44 30 14
44 30 0 -44 28 16
44 31 0 -44 26 18
44 32 0 -44 24 20
44 33 0 -44 22 22
44 34 0 -44 20 24
44 35 0 -44 18 26
44 36 0 -44 16 28
44 37 0 -44 14 30
44 38 0 -44 12 32
44 39 0 -44 10 34
44 40 0 -44 8 36
44 41 0 -44 6 38
44 42 0 -44 4 40
44 43 0 -44 2 42
44 44 0 -44 0 44
44 -44 -88 -43 172 215
44 -44 0 -43 172 -129
44 -22 -22 -43 129 -86
44 -22 0 -43 129 -86
44 0 -44 -43 86 129
44 0 0 -43 86 -43
44 22 0 -43 43 0
44 44 0 -43 0 43
44 -44 -88 -42 168 210
44 -44 0 -42 168 -126
44 -33 0 -42 147 -105
44 -22 -22 -42 126 -84
44 -22 0 -42 126 -84
44 -11 0 -42 105 -63
44 0 -44 -42 84 126
44 0 0 -42 84 -42
44 11 0 -42 63 -21
44 22 0 -42 42 0
44 33 0 -42 21 21
44 44 0 -42 0 42
44 -44 -88 -41 164 205
44 -44 0 -41 164 -123
44 -22 -22 -41 123 -82
44 -22 0 -41 123 -82
44 0 -44 -41 82 123
44 0 0 -41 82 -41
44 22 0 -41 41 0
44 44 0 -41 0 41
44 -44 -88 -40 160 200
44 -44 0 -40 160 -120
44 -33 0 -40 140 -100
44 -22 -66 -40 120 160
44 -22 -22 -40 120 -80
44 -22 0 -40 120 -80
44 -11 0 -40 100 -60
44 0 -44 -40 80 120
44 0 0 -40 80 -40
44 11 0 -40 60 -20
44 22 -22 -40 40 80
44 22 0 -40 40 0
44 33 0 -40 20 20
44 44 0 -40 0 40
44 -44 -88 -39 156 195
44 -44 0 -39 156 -117
44 -22 -22 -39 117 -78
44 -22 0 -39 117 -78
44 0 -44 -39 78 117
44 0 0 -39 78 -39
44 22 0 -39 39 0
44 44 0 -39 0 39
44 -44 -88 -38 152 190
44 -44 0 -38 152 -114
44 -33 0 -38 133 -95
44 -22 -22 -38 114 -76
44 -22 0 -38 114 -76
44 -11 0 -38 95 -57
44 0 -44 -38 76 114
44 0 0 -38 76 -38
44 11 0 -38 57 -19
44 22 0 -38 38 0
44 33 0 -38 19 19
44 44 0 -38 0 38
44 -44 -88 -37 148 185
44 -44 0 -37 148 -111
44 -22 -22 -37 111 -74
44 -22 0 -37 111 -74
44 0 -44 -37 74 111
44 0 0 -37 74 -37
44 22 0 -37 37 0
44 44 0 -37 0 37
44 -44 -88 -36 144 180
44 -44 0 -36 144 -108
44 -33 -9 -36 126 -108
44 -33 -2 -36 126 -108
44 -33 0 -36 126 -90
44 -22 -66 -36 108 144
44 -22 -22 -36 108 -72
44 -22 0 -36 108 -72
44 -11 0 -36 90 -54
44 0 -44 -36 72 108
44 0 0 -36 72 -36
44 11 0 -36 54 -18
44 22 -22 -36 36 72
44 22 0 -36 36 0
44 33 0 -36 18 18
44 44 0 -36 0 36
44 -44 -88 -35 140 175
44 -44 0 -35 140 -105
44 -22 -22 -35 105 -70
44 -22 0 -35 105 -70
44 0 -44 -35 70 105
44 0 0 -35 70 -35
44 22 0 -35 35 0
44 44 0 -35 0 35
44 -44 -88 -34 136 170
44 -44 0 -34 136 -102
44 -33 0 -34 119 -85
44 -22 -22 -34 102 -68
44 -22 0 -34 102 -68
44 -11 0 -34 85 -51
44 0 -44 -34 68 102
44 0 0 -34 68 -34
44 11 0 -34 51 -17
44 22 0 -34 34 0
44 33 0 -34 17 17
44 44 0 -34 0 34
44 -44 -88 -33 132 165
44 -44 0 -33 132 -99
44 -42 0 -33 129 -96
44 -40 0 -33 126 -93
44 -38 0 -33 123 -90
44 -36 0 -33 120 -87
44 -34 0 -33 117 -84
44 -32 0 -33 114 -81
44 -30 0 -33 111 -78
44 -28 0 -33 108 -75
44 -26 0 -33 105 -72
44 -24 0 -33 102 -69
44 -22 -22 -33 99 -66
44 -22 0 -33 99 -66
44 -20 0 -33 96 -63
44 -18 0 -33 93 -60
44 -16 0 -33 90 -57
44 -14 0 -33 87 -54
44 -12 0 -33 84 -51
44 -10 0 -33 81 -48
44 -8 0 -33 78 -45
44 -6 0 -33 75 -42
44 -4 0 -33 72 -39
44 -2 0 -33 69 -36
44 0 -44 -33 66 99
44 0 0 -33 66 -33
44 2 0 -33 63 -30
44 4 0 -33 60 -27
44 6 0 -33 57 -24
44 8 0 -33 54 -21
44 10 0 -33 51 -18
44 12 0 -33 48 -15
44 14 0 -33 45 -12
44 16 0 -33 42 -9
44 18 0 -33 39 -6
44 20 0 -33 36 -3
44 22 0 -33 33 0
44 24 -69 -33 30 72
44 24 0 -33 30 3
44 24 1 -33 30 72
44 26 0 -33 27 6
44 28 0 -33 24 9
44 30 0 -33 21 12
44 32 0 -33 18 15
44 34 0 -33 15 18
44 36 0 -33 12 21
44 38 0 -33 9 24
44 40 0 -33 6 27
44 42 0 -33 3 30
44 44 0 -33 0 33
44 -44 -88 -32 128 160
44 -44 0 -32 128 -96
44 -33 0 -32 112 -80
44 -22 -66 -32 96 128
44 -22 -22 -32 96 -64
44 -22 0 -32 96 -64
44 -11 0 -32 80 -48
44 0 -44 -32 64 96
44 0 0 -32 64 -32
44 11 0 -32 48 -16
44 22 -22 -32 32 64
44 22 0 -32 32 0
44 33 0 -32 16 16
44 44 0 -32 0 32
44 -44 -88 -31 124 155
44 -44 0 -31 124 -93
44 -22 -22 -31 93 -62
44 -22 0 -31 93 -62
44 0 -44 -31 62 93
44 0 0 -31 62 -31
44 22 0 -31 31 0
44 44 0 -31 0 31
44 -44 -88 -30 120 150
44 -44 0 -30 120 -90
44 -33 0 -30 105 -75
44 -22 -22 -30 90 -60
44 -22 0 -30 90 -60
44 -11 0 -30 75 -45
44 0 -44 -30 60 90
44 0 0 -30 60 -30
44 11 0 -30 45 -15
44 22 0 -30 30 0
44 33 0 -30 15 15
44 44 0 -30 0 30
44 -44 -88 -29 116 145
44 -44 0 -29 116 -87
44 -22 -22 -29 87 -58
44 -22 0 -29 87 -58
44 0 -44 -29 58 87
44 0 0 -29 58 -29
44 22 0 -29 29 0
44 44 0 -29 0 29
44 -44 -88 -28 112 140
44 -44 0 -28 112 -84
44 -33 0 -28 98 -70
44 -22 -66 -28 84 112
44 -22 -22 -28 84 -56
44 -22 0 -28 84 -56
44 -11 0 -28 70 -42
44 0 -44 -28 56 84
44 0 0 -28 56 -28
44 11 0 -28 42 -14
44 22 -22 -28 28 56
44 22 0 -28 28 0
44 33 0 -28 14 14
44 44 0 -28 0 28
44 -44 -88 -27 108 135
44 -44 0 -27 108 -81
44 -22 -22 -27 81 -54
44 -22 0 -27 81 -54
44 0 -44 -27 54 81
44 0 0 -27 54 -27
44 22 0 -27 27 0
44 44 0 -27 0 27
44 -44 -88 -26 104 130
44 -44 0 -26 104 -78
44 -33 0 -26 91 -65
44 -22 -22 -26 78 -52
44 -22 0 -26 78 -52
44 -11 0 -26 65 -39
44 0 -44 -26 52 78
44 0 0 -26 52 -26
44 11 0 -26 39 -13
44 22 0 -26 26 0
44 33 0 -26 13 13
44 44 0 -26 0 26
44 -44 -88 -25 100 125
44 -44 0 -25 100 -75
44 -22 -22 -25 75 -50
44 -22 0 -25 75 -50
44 0 -44 -25 50 75
44 0 0 -25 50 -25
44 22 0 -25 25 0
44 44 0 -25 0 25
44 -44 -88 -24 96 120
44 -44 0 -24 96 -72
44 -33 0 -24 84 -60
44 -22 -66 -24 72 96
44 -22 -22 -24 72 -48
44 -22 0 -24 72 -48
44 -11 0 -24 60 -36
44 0 -44 -24 48 72
44 0 0 -24 48 -24
44 11 0 -24 36 -12
44 22 -22 -24 24 48
44 22 0 -24 24 0
44 33 0 -24 12 12
44 44 0 -24 0 24
44 -44 -88 -23 92 115
44 -44 0 -23 92 -69
44 -22 -22 -23 69 -46
44 -22 0 -23 69 -46
44 0 -44 -23 46 69
44 0 0 -23 46 -23
44 22 0 -23 23 0
44 44 0 -23 0 23
44 -44 -88 -22 88 110
44 -44 0 -22 88 -66
44 -43 0 -22 87 -65
44 -42 0 -22 86 -64
44 -41 0 -22 85 -63
44 -40 0 -22 84 -62
44 -39 0 -22 83 -61
44 -38 0 -22 82 -60
44 -37 0 -22 81 -59
44 -36 0 -22 80 -58
44 -35 0 -22 79 -57
44 -34 0 -22 78 -56
44 -33 0 -22 77 -55
44 -32 0 -22 76 -54
44 -31 0 -22 75 -53
44 -30 0 -22 74 -52
44 -29 0 -22 73 -51
44 -28 0 -22 72 -50
44 -27 0 -22 71 -49
44 -26 0 -22 70 -48
44 -25 0 -22 69 -47
44 -24 0 -22 68 -46
44 -23 0 -22 67 -45
44 -22 -22 -22 66 -44
44 -22 0 -22 66 -44
44 -21 0 -22 65 -43
44 -20 0 -22 64 -42
44 -19 0 -22 63 -41
44 -18 0 -22 62 -40
44 -17 0 -22 61 -39
44 -16 0 -22 60 -38
44 -15 0 -22 59 -37
44 -14 0 -22 58 -36
44 -13 0 -22 57 -35
44 -12 0 -22 56 -34
44 -11 0 -22 55 -33
44 -10 0 -22 54 -32
44 -9 0 -22 53 -31
44 -8 0 -22 52 -30
44 -7 0 -22 51 -29
44 -6 0 -22 50 -28
44 -5 0 -22 49 -27
44 -4 0 -22 48 -26
44 -3 0 -22 47 -25
44 -2 0 -22 46 -24
44 -1 0 -22 45 -23
44 0 -44 -22 44 66
44 0 0 -22 44 -22
44 1 0 -22 43 -21
44 2 0 -22 42 -20
44 3 0 -22 41 -19
44 4 0 -22 40 -18
44 5 0 -22 39 -17
44 6 0 -22 38 -16
44 7 0 -22 37 -15
44 8 0 -22 36 -14
44 9 0 -22 35 -13
44 10 0 -22 34 -12
44 11 0 -22 33 -11
44 12 0 -22 32 -10
44 13 0 -22 31 -9
44 14 0 -22 30 -8
44 15 0 -22 29 -7
44 16 0 -22 28 -6
44 17 0 -22 27 -5
44 18 0 -22 26 -4
44 19 0 -22 25 -3
44 20 0 -22 24 -2
44 21 0 -22 23 -1
44 22 0 -22 22 0
44 23 0 -22 21 1
44 24 0 -22 20 2
44 25 0 -22 19 3
44 26 0 -22 18 4
44 27 0 -22 17 5
44 28 0 -22 16 6
44 29 0 -22 15 7
44 30 0 -22 14 8
44 31 0 -22 13 9
44 32 0 -22 12 10
44 33 0 -22 11 11
44 34 0 -22 10 12
44 35 0 -22 9 13
44 36 0 -22 8 14
44 37 0 -22 7 15
44 38 0 -22 6 16
44 39 0 -22 5 17
44 40 0 -22 4 18
44 41 0 -22 3 19
44 42 0 -22 2 20
44 43 0 -22 1 21
44 44 0 -22 0 22
44 -44 -88 -21 84 105
44 -44 0 -21 84 -63
44 -22 -22 -21 63 -42
44 -22 0 -21 63 -42
44 0 -44 -21 42 63
44 0 0 -21 42 -21
44 22 0 -21 21 0
44 44 0 -21 0 21
44 -44 -88 -20 80 100
44 -44 0 -20 80 -60
44 -33 -10 -20 70 -60
44 -33 -1 -20 70 -60
44 -33 0 -20 70 -50
44 -22 -66 -20 60 80
44 -22 -22 -20 60 -40
44 -22 0 -20 60 -40
44 -11 0 -20 50 -30
44 0 -44 -20 40 60
44 0 0 -20 40 -20
44 11 0 -20 30 -10
44 22 -22 -20 20 40
44 22 0 -20 20 0
44 33 0 -20 10 10
44 44 0 -20 0 20
44 -44 -88 -19 76 95
44 -44 0 -19 76 -57
44 -22 -22 -19 57 -38
44 -22 0 -19 57 -38
44 0 -44 -19 38 57
44 0 0 -19 38 -19
44 22 0 -19 19 0
44 44 0 -19 0 19
44 -44 -88 -18 72 90
44 -44 0 -18 72 -54
44 -33 0 -18 63 -45
44 -22 -22 -18 54 -36
44 -22 0 -18 54 -36
44 -11 0 -18 45 -27
44 0 -44 -18 36 54
44 0 0 -18 36 -18
44 11 0 -18 27 -9
44 22 0 -18 18 0
44 33 0 -18 9 9
44 44 0 -18 0 18
44 -44 -88 -17 68 85
44 -44 0 -17 68 -51
44 -22 -22 -17 51 -34
44 -22 0 -17 51 -34
44 0 -44 -17 34 51
44 0 0 -17 34 -17
44 22 0 -17 17 0
44 44 0 -17 0 17
44 -44 -88 -16 64 80
44 -44 0 -16 64 -48
44 -33 0 -16 56 -40
44 -22 -66 -16 48 64
44 -22 -22 -16 48 -32
44 -22 0 -16 48 -32
44 -11 0 -16 40 -24
44 0 -44 -16 32 48
44 0 0 -16 32 -16
44 11 0 -16 24 -8
44 22 -22 -16 16 32
44 22 0 -16 16 0
44 33 0 -16 8 8
44 44 0 -16 0 16
44 44 12 -16 0 0
44 -44 -88 -15 60 75
44 -44 0 -15 60 -45
44 -22 -22 -15 45 -30
44 -22 0 -15 45 -30
44 0 -44 -15 30 45
44 0 0 -15 30 -15
44 22 0 -15 15 0
44 44 0 -15 0 15
44 -44 -88 -14 56 70
44 -44 0 -14 56 -42
44 -33 0 -14 49 -35
44 -22 -22 -14 42 -28
44 -22 0 -14 42 -28
44 -11 0 -14 35 -21
44 0 -44 -14 28 42
44 0 0 -14 28 -14
44 11 0 -14 21 -7
44 22 0 -14 14 0
44 33 0 -14 7 7
44 44 0 -14 0 14
44 -44 -88 -13 52 65
44 -44 0 -13 52 -39
44 -22 -22 -13 39 -26
44 -22 0 -13 39 -26
44 0 -44 -13 26 39
44 0 0 -13 26 -13
44 22 0 -13 13 0
44 44 0 -13 0 13
44 -44 -88 -12 48 60
44 -44 0 -12 48 -36
44 -33 0 -12 42 -30
44 -22 -66 -12 36 48
44 -22 -22 -12 36 -24
44 -22 0 -12 36 -24
44 -11 0 -12 30 -18
44 0 -44 -12 24 36
44 0 0 -12 24 -12
44 11 0 -12 18 -6
44 22 -22 -12 12 24
44 22 0 -12 12 0
44 33 0 -12 6 6
44 44 0 -12 0 12
44 -44 -88 -11 44 55
44 -44 0 -11 44 -33
44 -42 0 -11 43 -32
44 -40 0 -11 42 -31
44 -38 -4 -11 41 -38
44 -38 -2 -11 41 -38
44 -38 0 -11 41 -30
44 -36 -7 -11 40 -36
44 -36 -1 -11 40 -36
44 -36 0 -11 40 -29
44 -34 0 -11 39 -28
44 -32 0 -11 38 -27
44 -30 0 -11 37 -26
44 -28 0 -11 36 -25
44 -26 0 -11 35 -24
44 -24 0 -11 34 -23
44 -22 -22 -11 33 -22
44 -22 0 -11 33 -22
44 -20 0 -11 32 -21
44 -18 0 -11 31 -20
44 -16 0 -11 30 -19
44 -14 0 -11 29 -18
44 -12 0 -11 28 -17
44 -10 0 -11 27 -16
44 -8 0 -11 26 -15
44 -6 0 -11 25 -14
44 -4 0 -11 24 -13
44 -2 0 -11 23 -12
44 0 -44 -11 22 33
44 0 0 -11 22 -11
44 2 0 -11 21 -10
44 4 0 -11 20 -9
44 6 0 -11 19 -8
44 8 0 -11 18 -7
44 10 0 -11 17 -6
44 12 0 -11 16 -5
44 14 0 -11 15 -4
44 16 0 -11 14 -3
44 18 0 -11 13 -2
44 20 0 -11 12 -1
44 22 0 -11 11 0
44 24 0 -11 10 1
44 26 0 -11 9 2
44 28 0 -11 8 3
44 30 0 -11 7 4
44 32 0 -11 6 5
44 34 0 -11 5 6
44 36 0 -11 4 7
44 38 0 -11 3 8
44 40 0 -11 2 9
44 42 0 -11 1 10
44 44 0 -11 0 11
44 -44 -88 -10 40 50
44 -44 0 -10 40 -30
44 -33 0 -10 35 -25
44 -22 -22 -10 30 -20
44 -22 0 -10 30 -20
44 -11 0 -10 25 -15
44 0 -44 -10 20 30
44 0 0 -10 20 -10
44 11 0 -10 15 -5
44 22 0 -10 10 0
44 33 0 -10 5 5
44 44 0 -10 0 10
44 -44 -88 -9 36 45
44 -44 0 -9 36 -27
44 -22 -22 -9 27 -18
44 -22 0 -9 27 -18
44 0 -44 -9 18 27
44 0 0 -9 18 -9
44 22 0 -9 9 0
44 44 0 -9 0 9
44 -44 -88 -8 32 40
44 -44 0 -8 32 -24
44 -33 0 -8 28 -20
44 -22 -66 -8 24 32
44 -22 -22 -8 24 -16
44 -22 0 -8 24 -16
44 -11 0 -8 20 -12
44 0 -44 -8 16 24
44 0 0 -8 16 -8
44 11 0 -8 12 -4
44 22 -22 -8 8 16
44 22 0 -8 8 0
44 33 0 -8 4 4
44 44 0 -8 0 8
44 -44 -88 -7 28 35
44 -44 0 -7 28 -21
44 -22 -22 -7 21 -14
44 -22 0 -7 21 -14
44 0 -44 -7 14 21
44 0 0 -7 14 -7
44 22 0 -7 7 0
44 44 0 -7 0 7
44 -44 -88 -6 24 30
44 -44 0 -6 24 -18
44 -33 0 -6 21 -15
44 -22 -22 -6 18 -12
44 -22 0 -6 18 -12
44 -11 0 -6 15 -9
44 0 -44 -6 12 18
44 0 0 -6 12 -6
44 11 0 -6 9 -3
44 22 0 -6 6 0
44 33 0 -6 3 3
44 44 0 -6 0 6
44 -44 -88 -5 20 25
44 -44 0 -5 20 -15
44 -22 -22 -5 15 -10
44 -22 0 -5 15 -10
44 0 -44 -5 10 15
44 0 0 -5 10 -5
44 22 0 -5 5 0
44 44 0 -5 0 5
44 -44 -88 -4 16 20
44 -44 0 -4 16 -12
44 -33 0 -4 14 -10
44 -22 -66 -4 12 16
44 -22 -22 -4 12 -8
44 -22 0 -4 12 -8
44 -11 0 -4 10 -6
44 0 -44 -4 8 12
44 0 0 -4 8 -4
44 11 0 -4 6 -2
44 22 -22 -4 4 8
44 22 0 -4 4 0
44 33 0 -4 2 2
44 44 0 -4 0 4
44 -44 -88 -3 12 15
44 -44 0 -3 12 -9
44 -22 -22 -3 9 -6
44 -22 0 -3 9 -6
44 0 -44 -3 6 9
44 0 0 -3 6 -3
44 22 0 -3 3 0
44 44 0 -3 0 3
44 -44 -88 -2 8 10
44 -44 0 -2 8 -6
44 -33 0 -2 7 -5
44 -22 -22 -2 6 -4
44 -22 0 -2 6 -4
44 -11 0 -2 5 -3
44 0 -44 -2 4 6
44 0 0 -2 4 -2
44 11 0 -2 3 -1
44 22 0 -2 2 0
44 33 0 -2 1 1
44 44 0 -2 0 2
44 -44 -88 -1 4 5
44 -44 0 -1 4 -3
44 -22 -22 -1 3 -2
44 -22 0 -1 3 -2
44 0 -44 -1 2 3
44 0 0 -1 2 -1
44 22 0 -1 1 0
44 44 0 -1 0 1
44 -44 -88 1 -4 -5
44 -44 -1 1 -4 4
44 -44 0 1 -4 3
44 -44 1 1 -4 4
44 -22 -22 1 -3 2
44 -22 0 1 -3 2
44 0 -44 1 -2 -3
44 0 0 1 -2 1
44 22 0 1 -1 0
44 44 0 1 0 -1
44 -44 -88 2 -8 -10
44 -44 0 2 -8 6
44 -33 0 2 -7 5
44 -22 -22 2 -6 4
44 -22 0 2 -6 4
44 -11 0 2 -5 3
44 0 -44 2 -4 -6
44 0 0 2 -4 2
44 11 0 2 -3 1
44 22 0 2 -2 0
44 33 0 2 -1 -1
44 44 0 2 0 -2
44 -44 -88 3 -12 -15
44 -44 0 3 -12 9
44 -22 -22 3 -9 6
44 -22 0 3 -9 6
44 0 -44 3 -6 -9
44 0 0 3 -6 3
44 22 0 3 -3 0
44 44 0 3 0 -3
44 -44 -88 4 -16 -20
44 -44 -2 4 -16 16
44 -44 0 4 -16 12
44 -44 2 4 -16 16
44 -33 0 4 -14 10
44 -22 -66 4 -12 -16
44 -22 -22 4 -12 8
44 -22 0 4 -12 8
44 -11 0 4 -10 6
44 0 -44 4 -8 -12
44 0 0 4 -8 4
44 11 0 4 -6 2
44 22 -22 4 -4 -8
44 22 0 4 -4 0
44 33 0 4 -2 -2
44 44 0 4 0 -4
44 -44 -88 5 -20 -25
44 -44 0 5 -20 15
44 -22 -22 5 -15 10
44 -22 0 5 -15 10
44 0 -44 5 -10 -15
44 0 0 5 -10 5
44 22 0 5 -5 0
44 44 0 5 0 -5
44 -44 -88 6 -24 -30
44 -44 0 6 -24 18
44 -33 0 6 -21 15
44 -22 -22 6 -18 12
44 -22 0 6 -18 12
44 -11 0 6 -15 9
44 0 -44 6 -12 -18
44 0 0 6 -12 6
44 11 0 6 -9 3
44 22 0 6 -6 0
44 33 0 6 -3 -3
44 44 0 6 0 -6
44 -44 -88 7 -28 -35
44 -44 0 7 -28 21
44 -22 -22 7 -21 14
44 -22 0 7 -21 14
44 0 -44 7 -14 -21
44 0 0 7 -14 7
44 22 0 7 -7 0
44 44 0 7 0 -7
44 -44 -88 8 -32 -40
44 -44 0 8 -32 24
44 -33 0 8 -28 20
44 -22 -66 8 -24 -32
44 -22 -22 8 -24 16
44 -22 0 8 -24 16
44 -11 0 8 -20 12
44 0 -44 8 -16 -24
44 0 0 8 -16 8
44 11 0 8 -12 4
44 22 -22 8 -8 -16
44 22 0 8 -8 0
44 33 0 8 -4 -4
44 44 0 8 0 -8
44 -44 -88 9 -36 -45
44 -44 -3 9 -36 36
44 -44 0 9 -36 27
44 -44 3 9 -36 36
44 -22 -22 9 -27 18
44 -22 0 9 -27 18
44 0 -44 9 -18 -27
44 0 0 9 -18 9
44 22 0 9 -9 0
44 44 0 9 0 -9
44 -44 -88 10 -40 -50
44 -44 0 10 -40 30
44 -33 0 10 -35 25
44 -22 -22 10 -30 20
44 -22 0 10 -30 20
44 -11 0 10 -25 15
44 0 -44 10 -20 -30
44 0 0 10 -20 10
44 11 0 10 -15 5
44 22 0 10 -10 0
44 33 0 10 -5 -5
44 44 0 10 0 -10
44 -44 -88 11 -44 -55
44 -44 0 11 -44 33
44 -42 0 11 -43 32
44 -40 0 11 -42 31
44 -38 0 11 -41 30
44 -36 0 11 -40 29
44 -34 0 11 -39 28
44 -32 0 11 -38 27
44 -30 0 11 -37 26
44 -28 0 11 -36 25
44 -26 0 11 -35 24
44 -24 0 11 -34 23
44 -22 -22 11 -33 22
44 -22 0 11 -33 22
44 -20 0 11 -32 21
44 -18 0 11 -31 20
44 -16 0 11 -30 19
44 -14 0 11 -29 18
44 -12 0 11 -28 17
44 -10 0 11 -27 16
44 -8 0 11 -26 15
44 -6 0 11 -25 14
44 -4 0 11 -24 13
44 -2 0 11 -23 12
44 0 -44 11 -22 -33
44 0 0 11 -22 11
44 2 0 11 -21 10
44 4 0 11 -20 9
44 6 0 11 -19 8
44 8 0 11 -18 7
44 10 0 11 -17 6
44 12 0 11 -16 5
44 14 0 11 -15 4
44 16 0 11 -14 3
44 18 0 11 -13 2
44 20 0 11 -12 1
44 22 0 11 -11 0
44 24 0 11 -10 -1
44 26 0 11 -9 -2
44 28 0 11 -8 -3
44 30 0 11 -7 -4
44 32 0 11 -6 -5
44 34 0 11 -5 -6
44 36 0 11 -4 -7
44 38 0 11 -3 -8
44 40 0 11 -2 -9
44 42 0 11 -1 -10
44 44 0 11 0 -11
44 -44 -88 12 -48 -60
44 -44 0 12 -48 36
44 -33 0 12 -42 30
44 -22 -66 12 -36 -48
44 -22 -22 12 -36 24
44 -22 0 12 -36 24
44 -11 0 12 -30 18
44 0 -44 12 -24 -36
44 0 0 12 -24 12
44 11 0 12 -18 6
44 22 -22 12 -12 -24
44 22 0 12 -12 0
44 33 0 12 -6 -6
44 44 0 12 0 -12
44 -44 -88 13 -52 -65
44 -44 0 13 -52 39
44 -22 -22 13 -39 26
44 -22 0 13 -39 26
44 0 -44 13 -26 -39
44 0 0 13 -26 13
44 22 0 13 -13 0
44 44 0 13 0 -13
44 -44 -88 14 -56 -70
44 -44 0 14 -56 42
44 -33 0 14 -49 35
44 -22 -22 14 -42 28
44 -22 0 14 -42 28
44 -11 0 14 -35 21
44 0 -44 14 -28 -42
44 0 0 14 -28 14
44 11 0 14 -21 7
44 22 0 14 -14 0
44 33 0 14 -7 -7
44 44 0 14 0 -14
44 -44 -88 15 -60 -75
44 -44 0 15 -60 45
44 -22 -22 15 -45 30
44 -22 0 15 -45 30
44 0 -44 15 -30 -45
44 0 0 15 -30 15
44 22 0 15 -15 0
44 44 0 15 0 -15
44 -44 -88 16 -64 -80
44 -44 -4 16 -64 64
44 -44 0 16 -64 48
44 -44 4 16 -64 64
44 -33 0 16 -56 40
44 -22 -66 16 -48 -64
44 -22 -22 16 -48 32
44 -22 0 16 -48 32
44 -11 0 16 -40 24
44 0 -44 16 -32 -48
44 0 0 16 -32 16
44 11 0 16 -24 8
44 22 -22 16 -16 -32
44 22 0 16 -16 0
44 33 0 16 -8 -8
44 44 0 16 0 -16
44 -44 -88 17 -68 -85
44 -44 0 17 -68 51
44 -22 -22 17 -51 34
44 -22 0 17 -51 34
44 0 -44 17 -34 -51
44 0 0 17 -34 17
44 22 0 17 -17 0
44 44 0 17 0 -17
44 -44 -88 18 -72 -90
44 -44 0 18 -72 54
44 -33 0 18 -63 45
44 -22 -22 18 -54 36
44 -22 0 18 -54 36
44 -11 0 18 -45 27
44 0 -44 18 -36 -54
44 0 0 18 -36 18
44 11 0 18 -27 9
44 22 0 18 -18 0
44 33 0 18 -9 -9
44 44 0 18 0 -18
44 -44 -88 19 -76 -95
44 -44 0 19 -76 57
44 -22 -22 19 -57 38
44 -22 0 19 -57 38
44 0 -44 19 -38 -57
44 0 0 19 -38 19
44 22 0 19 -19 0
44 44 0 19 0 -19
44 -44 -88 20 -80 -100
44 -44 0 20 -80 60
44 -33 0 20 -70 50
44 -22 -66 20 -60 -80
44 -22 -22 20 -60 40
44 -22 0 20 -60 40
44 -11 0 20 -50 30
44 0 -44 20 -40 -60
44 0 0 20 -40 20
44 11 0 20 -30 10
44 22 -22 20 -20 -40
44 22 0 20 -20 0
44 33 0 20 -10 -10
44 44 0 20 0 -20
44 -44 -88 21 -84 -105
44 -44 0 21 -84 63
44 -22 -22 21 -63 42
44 -22 0 21 -63 42
44 0 -44 21 -42 -63
44 0 0 21 -42 21
44 22 0 21 -21 0
44 44 0 21 0 -21
44 -44 -88 22 -88 -110
44 -44 0 22 -88 66
44 -43 0 22 -87 65
44 -42 0 22 -86 64
44 -41 0 22 -85 63
44 -40 0 22 -84 62
44 -39 0 22 -83 61
44 -38 -8 22 -82 76
44 -38 0 22 -82 60
44 -38 2 22 -82 76
44 -37 0 22 -81 59
44 -36 0 22 -80 58
44 -35 0 22 -79 57
44 -34 0 22 -78 56
44 -33 0 22 -77 55
44 -32 0 22 -76 54
44 -31 0 22 -75 53
44 -30 0 22 -74 52
44 -29 0 22 -73 51
44 -28 0 22 -72 50
44 -27 0 22 -71 49
44 -26 0 22 -70 48
44 -25 0 22 -69 47
44 -24 0 22 -68 46
44 -23 0 22 -67 45
44 -22 -22 22 -66 44
44 -22 0 22 -66 44
44 -21 0 22 -65 43
44 -20 0 22 -64 42
44 -19 0 22 -63 41
44 -18 0 22 -62 40
44 -17 0 22 -61 39
44 -16 0 22 -60 38
44 -15 0 22 -59 37
44 -14 0 22 -58 36
44 -13 0 22 -57 35
44 -12 0 22 -56 34
44 -11 0 22 -55 33
44 -10 0 22 -54 32
44 -9 0 22 -53 31
44 -8 0 22 -52 30
44 -7 0 22 -51 29
44 -6 0 22 -50 28
44 -5 0 22 -49 27
44 -4 0 22 -48 26
44 -3 0 22 -47 25
44 -2 0 22 -46 24
44 -1 0 22 -45 23
44 0 -44 22 -44 -66
44 0 0 22 -44 22
44 1 0 22 -43 21
44 2 0 22 -42 20
44 3 0 22 -41 19
44 4 0 22 -40 18
44 5 0 22 -39 17
44 6 0 22 -38 16
44 7 0 22 -37 15
44 8 0 22 -36 14
44 9 0 22 -35 13
44 10 0 22 -34 12
44 11 0 22 -33 11
44 12 0 22 -32 10
44 13 0 22 -31 9
44 14 0 22 -30 8
44 15 0 22 -29 7
44 16 0 22 -28 6
44 17 0 22 -27 5
44 18 0 22 -26 4
44 19 0 22 -25 3
44 20 0 22 -24 2
44 21 0 22 -23 1
44 22 0 22 -22 0
44 23 0 22 -21 -1
44 24 0 22 -20 -2
44 25 0 22 -19 -3
44 26 0 22 -18 -4
44 27 0 22 -17 -5
44 28 0 22 -16 -6
44 29 0 22 -15 -7
44 30 0 22 -14 -8
44 31 0 22 -13 -9
44 32 0 22 -12 -10
44 33 0 22 -11 -11
44 34 0 22 -10 -12
44 35 0 22 -9 -13
44 36 0 22 -8 -14
44 37 0 22 -7 -15
44 38 0 22 -6 -16
44 39 0 22 -5 -17
44 40 0 22 -4 -18
44 41 0 22 -3 -19
44 42 0 22 -2 -20
44 43 0 22 -1 -21
44 44 0 22 0 -22
44 -44 -88 23 -92 -115
44 -44 0 23 -92 69
44 -22 -22 23 -69 46
44 -22 0 23 -69 46
44 0 -44 23 -46 -69
44 0 0 23 -46 23
44 22 0 23 -23 0
44 44 0 23 0 -23
44 -44 -88 24 -96 -120
44 -44 0 24 -96 72
44 -33 -12 24 -84 72
44 -33 0 24 -84 60
44 -33 1 24 -84 72
44 -22 -66 24 -72 -96
44 -22 -22 24 -72 48
44 -22 0 24 -72 48
44 -11 0 24 -60 36
44 0 -44 24 -48 -72
44 0 0 24 -48 24
44 11 0 24 -36 12
44 22 -22 24 -24 -48
44 22 0 24 -24 0
44 33 0 24 -12 -12
44 44 0 24 0 -24
44 -44 -89 25 -100 -300
44 -44 -88 25 -100 -125
44 -44 -5 25 -100 100
44 -44 0 25 -100 75
44 -44 5 25 -100 100
44 -22 -22 25 -75 50
44 -22 0 25 -75 50
44 0 -44 25 -50 -75
44 0 0 25 -50 25
44 22 0 25 -25 0
44 44 0 25 0 -25
44 -44 -88 26 -104 -130
44 -44 0 26 -104 78
44 -33 0 26 -91 65
44 -22 -22 26 -78 52
44 -22 0 26 -78 52
44 -11 0 26 -65 39
44 0 -44 26 -52 -78
44 0 0 26 -52 26
44 11 0 26 -39 13
44 22 0 26 -26 0
44 33 0 26 -13 -13
44 44 0 26 0 -26
44 -44 -88 27 -108 -135
44 -44 0 27 -108 81
44 -22 -22 27 -81 54
44 -22 0 27 -81 54
44 0 -44 27 -54 -81
44 0 0 27 -54 27
44 22 0 27 -27 0
44 44 0 27 0 -27
44 -44 -88 28 -112 -140
44 -44 0 28 -112 84
44 -33 0 28 -98 70
44 -22 -66 28 -84 -112
44 -22 -22 28 -84 56
44 -22 0 28 -84 56
44 -11 0 28 -70 42
44 0 -44 28 -56 -84
44 0 0 28 -56 28
44 11 0 28 -42 14
44 22 -22 28 -28 -56
44 22 0 28 -28 0
44 33 0 28 -14 -14
44 44 0 28 0 -28
44 -44 -88 29 -116 -145
44 -44 0 29 -116 87
44 -22 -22 29 -87 58
44 -22 0 29 -87 58
44 0 -44 29 -58 -87
44 0 0 29 -58 29
44 22 0 29 -29 0
44 44 -87 29 0 -116
44 44 -1 29 0 -116
44 44 0 29 0 -29
44 -44 -88 30 -120 -150
44 -44 0 30 -120 90
44 -33 0 30 -105 75
44 -22 -22 30 -90 60
44 -22 0 30 -90 60
44 -11 0 30 -75 45
44 0 -44 30 -60 -90
44 0 0 30 -60 30
44 11 0 30 -45 15
44 22 0 30 -30 0
44 33 0 30 -15 -15
44 44 0 30 0 -30
44 -44 -88 31 -124 -155
44 -44 0 31 -124 93
44 -22 -22 31 -93 62
44 -22 0 31 -93 62
44 0 -44 31 -62 -93
44 0 0 31 -62 31
44 22 0 31 -31 0
44 44 0 31 0 -31
44 -44 -88 32 -128 -160
44 -44 0 32 -128 96
44 -33 0 32 -112 80
44 -22 -66 32 -96 -128
44 -22 -22 32 -96 64
44 -22 0 32 -96 64
44 -11 0 32 -80 48
44 0 -44 32 -64 -96
44 0 0 32 -64 32
44 11 0 32 -48 16
44 22 -22 32 -32 -64
44 22 0 32 -32 0
44 33 0 32 -16 -16
44 44 0 32 0 -32
44 -44 -88 33 -132 -165
44 -44 0 33 -132 99
44 -42 0 33 -129 96
44 -40 0 33 -126 93
44 -38 0 33 -123 90
44 -36 0 33 -120 87
44 -34 0 33 -117 84
44 -32 0 33 -114 81
44 -30 0 33 -111 78
44 -28 0 33 -108 75
44 -26 0 33 -105 72
44 -24 0 33 -102 69
44 -22 -22 33 -99 66
44 -22 0 33 -99 66
44 -20 0 33 -96 63
44 -18 0 33 -93 60
44 -16 0 33 -90 57
44 -14 0 33 -87 54
44 -12 0 33 -84 51
44 -10 0 33 -81 48
44 -8 0 33 -78 45
44 -6 0 33 -75 42
44 -4 0 33 -72 39
44 -2 0 33 -69 36
44 0 -44 33 -66 -99
44 0 0 33 -66 33
44 2 0 33 -63 30
44 4 0 33 -60 27
44 6 0 33 -57 24
44 8 0 33 -54 21
44 10 0 33 -51 18
44 12 0 33 -48 15
44 14 0 33 -45 12
44 16 0 33 -42 9
44 18 0 33 -39 6
44 20 -63 33 -36 -60
44 20 -1 33 -36 -60
44 20 0 33 -36 3
44 22 0 33 -33 0
44 24 0 33 -30 -3
44 26 0 33 -27 -6
44 28 0 33 -24 -9
44 30 0 33 -21 -12
44 32 0 33 -18 -15
44 34 0 33 -15 -18
44 36 0 33 -12 -21
44 38 0 33 -9 -24
44 40 0 33 -6 -27
44 42 0 33 -3 -30
44 44 0 33 0 -33
44 -44 -88 34 -136 -170
44 -44 0 34 -136 102
44 -33 0 34 -119 85
44 -22 -22 34 -102 68
44 -22 0 34 -102 68
44 -11 0 34 -85 51
44 0 -44 34 -68 -102
44 0 0 34 -68 34
44 11 0 34 -51 17
44 22 0 34 -34 0
44 33 0 34 -17 -17
44 44 0 34 0 -34
44 -44 -88 35 -140 -175
44 -44 0 35 -140 105
44 -22 -22 35 -105 70
44 -22 0 35 -105 70
44 0 -44 35 -70 -105
44 0 0 35 -70 35
44 22 0 35 -35 0
44 44 0 35 0 -35
44 -44 -88 36 -144 -180
44 -44 -6 36 -144 144
44 -44 0 36 -144 108
44 -44 6 36 -144 144
44 -33 0 36 -126 90
44 -22 -66 36 -108 -144
44 -22 -22 36 -108 72
44 -22 0 36 -108 72
44 -11 0 36 -90 54
44 0 -44 36 -72 -108
44 0 0 36 -72 36
44 11 -54 36 -54 -36
44 11 -1 36 -54 -36
44 11 0 36 -54 18
44 22 -22 36 -36 -72
44 22 0 36 -36 0
44 33 0 36 -18 -18
44 44 0 36 0 -36
44 -44 -88 37 -148 -185
44 -44 0 37 -148 111
44 -22 -22 37 -111 74
44 -22 0 37 -111 74
44 0 -44 37 -74 -111
44 0 0 37 -74 37
44 22 0 37 -37 0
44 44 0 37 0 -37
44 -44 -88 38 -152 -190
44 -44 0 38 -152 114
44 -33 0 38 -133 95
44 -22 -22 38 -114 76
44 -22 0 38 -114 76
44 -11 0 38 -95 57
44 0 -44 38 -76 -114
44 0 0 38 -76 38
44 11 0 38 -57 19
44 22 0 38 -38 0
44 33 0 38 -19 -19
44 44 0 38 0 -38
44 -44 -88 39 -156 -195
44 -44 0 39 -156 117
44 -22 -22 39 -117 78
44 -22 0 39 -117 78
44 0 -44 39 -78 -117
44 0 0 39 -78 39
44 22 0 39 -39 0
44 44 0 39 0 -39
44 -44 -88 40 -160 -200
44 -44 0 40 -160 120
44 -33 0 40 -140 100
44 -22 -66 40 -120 -160
44 -22 -22 40 -120 80
44 -22 0 40 -120 80
44 -11 0 40 -100 60
44 0 -44 40 -80 -120
44 0 0 40 -80 40
44 11 0 40 -60 20
44 22 -22 40 -40 -80
44 22 0 40 -40 0
44 33 0 40 -20 -20
44 44 0 40 0 -40
44 -44 -88 41 -164 -205
44 -44 0 41 -164 123
44 -22 -22 41 -123 82
44 -22 0 41 -123 82
44 0 -44 41 -82 -123
44 0 0 41 -82 41
44 22 0 41 -41 0
44 44 0 41 0 -41
44 -44 -88 42 -168 -210
44 -44 0 42 -168 126
44 -33 -5 42 -147 63
44 -33 0 42 -147 105
44 -22 -22 42 -126 84
44 -22 0 42 -126 84
44 -11 0 42 -105 63
44 0 -44 42 -84 -126
44 0 0 42 -84 42
44 11 0 42 -63 21
44 22 0 42 -42 0
44 33 0 42 -21 -21
44 44 0 42 0 -42
44 -44 -88 43 -172 -215
44 -44 -86 43 -172 129
44 -44 -2 43 -172 129
44 -44 0 43 -172 129
44 -22 -22 43 -129 86
44 -22 0 43 -129 86
44 0 -172 43 -86 -129
44 0 -44 43 -86 -129
44 0 -43 43 -86 0
44 0 -4 43 -86 -129
44 0 -1 43 -86 0
44 0 0 43 -86 43
44 22 0 43 -43 0
44 44 0 43 0 -43
44 -44 -88 44 -176 -220
44 -44 0 44 -176 132
44 -43 -7 44 -174 172
44 -43 0 44 -174 130
44 -43 6 44 -174 172
44 -42 0 44 -172 128
44 -41 0 44 -170 126
44 -40 0 44 -168 124
44 -39 0 44 -166 122
44 -38 0 44 -164 120
44 -37 -10 44 -162 148
44 -37 0 44 -162 118
44 -37 3 44 -162 148
44 -36 0 44 -160 116
44 -35 0 44 -158 114
44 -34 -12 44 -156 136
44 -34 0 44 -156 112
44 -34 2 44 -156 136
44 -33 0 44 -154 110
44 -32 0 44 -152 108
44 -31 0 44 -150 106
44 -30 0 44 -148 104
44 -29 0 44 -146 102
44 -28 0 44 -144 100
44 -27 0 44 -142 98
44 -26 0 44 -140 96
44 -25 0 44 -138 94
44 -24 0 44 -136 92
44 -23 0 44 -134 90
44 -22 -66 44 -132 -176
44 -22 -22 44 -132 88
44 -22 0 44 -132 88
44 -21 0 44 -130 86
44 -20 0 44 -128 84
44 -19 0 44 -126 82
44 -18 0 44 -124 80
44 -17 0 44 -122 78
44 -16 0 44 -120 76
44 -15 0 44 -118 74
44 -14 0 44 -116 72
44 -13 0 44 -114 70
44 -12 0 44 -112 68
44 -11 0 44 -110 66
44 -10 0 44 -108 64
44 -9 0 44 -106 62
44 -8 0 44 -104 60
44 -7 0 44 -102 58
44 -6 0 44 -100 56
44 -5 0 44 -98 54
44 -4 0 44 -96 52
44 -3 0 44 -94 50
44 -2 0 44 -92 48
44 -1 -42 44 -90 4
44 -1 -1 44 -90 4
44 -1 0 44 -90 46
44 0 -44 44 -88 -132
44 0 0 44 -88 44
44 1 0 44 -86 42
44 2 0 44 -84 40
44 3 0 44 -82 38
44 4 0 44 -80 36
44 5 0 44 -78 34
44 6 0 44 -76 32
44 7 0 44 -74 30
44 8 0 44 -72 28
44 9 0 44 -70 26
44 10 0 44 -68 24
44 11 0 44 -66 22
44 12 0 44 -64 20
44 13 0 44 -62 18
44 14 0 44 -60 16
44 15 0 44 -58 14
44 16 0 44 -56 12
44 17 0 44 -54 10
44 18 0 44 -52 8
44 19 0 44 -50 6
44 20 0 44 -48 4
44 21 0 44 -46 2
44 22 -22 44 -44 -88
44 22 0 44 -44 0
44 23 0 44 -42 -2
44 24 0 44 -40 -4
44 25 0 44 -38 -6
44 26 0 44 -36 -8
44 27 0 44 -34 -10
44 28 0 44 -32 -12
44 29 0 44 -30 -14
44 30 0 44 -28 -16
44 31 0 44 -26 -18
44 32 0 44 -24 -20
44 33 0 44 -22 -22
44 34 0 44 -20 -24
44 35 0 44 -18 -26
44 36 0 44 -16 -28
44 37 0 44 -14 -30
44 38 0 44 -12 -32
44 39 0 44 -10 -34
44 40 0 44 -8 -36
44 41 0 44 -6 -38
44 42 0 44 -4 -40
44 43 0 44 -2 -42
44 44 0 44 0 -44
44 -44 -88 45 -180 -225
44 -44 0 45 -180 135
44 -22 -22 45 -135 90
44 -22 0 45 -135 90
44 0 -44 45 -90 -135
44 0 0 45 -90 45
44 22 0 45 -45 0
44 44 0 45 0 -45
44 -44 -88 46 -184 -230
44 -44 0 46 -184 138
44 -33 0 46 -161 115
44 -22 -22 46 -138 92
44 -22 0 46 -138 92
44 -11 0 46 -115 69
44 0 -44 46 -92 -138
44 0 0 46 -92 46
44 11 0 46 -69 23
44 22 0 46 -46 0
44 33 0 46 -23 -23
44 44 0 46 0 -46
44 -44 -88 47 -188 -235
44 -44 0 47 -188 141
44 -22 -22 47 -141 94
44 -22 0 47 -141 94
44 0 -44 47 -94 -141
44 0 0 47 -94 47
44 22 0 47 -47 0
44 44 0 47 0 -47
44 -44 -88 48 -192 -240
44 -44 0 48 -192 144
44 -33 0 48 -168 120
44 -22 -66 48 -144 -192
44 -22 -22 48 -144 96
44 -22 0 48 -144 96
44 -11 0 48 -120 72
44 0 -44 48 -96 -144
44 0 0 48 -96 48
44 11 0 48 -72 24
44 22 -22 48 -48 -96
44 22 0 48 -48 0
44 33 0 48 -24 -24
44 44 0 48 0 -48
44 -44 -88 49 -196 -245
44 -44 -7 49 -196 196
44 -44 0 49 -196 147
44 -44 7 49 -196 196
44 -22 -22 49 -147 98
44 -22 0 49 -147 98
44 0 -44 49 -98 -147
44 0 0 49 -98 49
44 22 0 49 -49 0
44 44 0 49 0 -49
44 -44 -88 50 -200 -250
44 -44 0 50 -200 150
44 -33 0 50 -175 125
44 -22 -22 50 -150 100
44 -22 0 50 -150 100
44 -11 0 50 -125 75
44 0 -44 50 -100 -150
44 0 0 50 -100 50
44 11 0 50 -75 25
44 22 0 50 -50 0
44 33 0 50 -25 -25
44 44 0 50 0 -50
45 -45 -90 -50 200 250
45 -45 0 -50 200 -150
45 -36 0 -50 180 -130
45 -27 0 -50 160 -110
45 -18 0 -50 140 -90
45 -9 0 -50 120 -70
45 0 -45 -50 100 150
45 0 0 -50 100 -50
45 9 0 -50 80 -30
45 18 0 -50 60 -10
45 27 0 -50 40 10
45 36 0 -50 20 30
45 45 0 -50 0 50
45 -45 -90 -49 196 245
45 -45 0 -49 196 -147
45 0 -45 -49 98 147
45 0 0 -49 98 -49
45 45 0 -49 0 49
45 -45 -90 -48 192 240
45 -45 0 -48 192 -144
45 -30 0 -48 160 -112
45 -15 0 -48 128 -80
45 0 -45 -48 96 144
45 0 0 -48 96 -48
45 15 0 -48 64 -16
45 30 0 -48 32 16
45 45 0 -48 0 48
45 -45 -90 -47 188 235
45 -45 0 -47 188 -141
45 0 -45 -47 94 141
45 0 0 -47 94 -47
45 45 0 -47 0 47
45 -45 -92 -46 184 -138
45 -45 -90 -46 184 230
45 -45 0 -46 184 -138
45 -45 2 -46 184 -138
45 0 -184 -46 92 138
45 0 -46 -46 92 0
45 0 -45 -46 92 138
45 0 0 -46 92 -46
45 0 1 -46 92 0
45 0 4 -46 92 138
45 45 0 -46 0 46
45 -45 -90 -45 180 225
45 -45 0 -45 180 -135
45 -44 0 -45 178 -133
45 -43 0 -45 176 -131
45 -42 0 -45 174 -129
45 -41 0 -45 172 -127
45 -40 0 -45 170 -125
45 -39 0 -45 168 -123
45 -38 0 -45 166 -121
45 -37 0 -45 164 -119
45 -36 0 -45 162 -117
45 -35 -5 -45 160 -140
45 -35 0 -45 160 -115
45 -34 0 -45 158 -113
45 -33 0 -45 156 -111
45 -32 0 -45 154 -109
45 -31 0 -45 152 -107
45 -30 -75 -45 150 195
45 -30 0 -45 150 -105
45 -29 0 -45 148 -103
45 -28 0 -45 146 -101
45 -27 0 -45 144 -99
45 -26 0 -45 142 -97
45 -25 0 -45 140 -95
45 -24 0 -45 138 -93
45 -23 0 -45 136 -91
45 -22 0 -45 134 -89
45 -21 0 -45 132 -87
45 -20 0 -45 130 -85
45 -19 0 -45 128 -83
45 -18 0 -45 126 -81
45 -17 0 -45 124 -79
45 -16 0 -45 122 -77
45 -15 -60 -45 120 165
45 -15 0 -45 120 -75
45 -14 0 -45 118 -73
45 -13 0 -45 116 -71
45 -12 0 -45 114 -69
45 -11 0 -45 112 -67
45 -10 0 -45 110 -65
45 -9 0 -45 108 -63
45 -8 0 -45 106 -61
45 -7 0 -45 104 -59
45 -6 0 -45 102 -57
45 -5 0 -45 100 -55
45 -4 0 -45 98 -53
45 -3 0 -45 96 -51
45 -2 0 -45 94 -49
45 -1 0 -45 92 -47
45 0 -45 -45 90 135
45 0 0 -45 90 -45
45 1 -47 -45 88 4
45 1 0 -45 88 -43
45 1 1 -45 88 4
45 2 0 -45 86 -41
45 3 0 -45 84 -39
45 4 0 -45 82 -37
45 5 0 -45 80 -35
45 6 0 -45 78 -33
45 7 0 -45 76 -31
45 8 0 -45 74 -29
45 9 0 -45 72 -27
45 10 0 -45 70 -25
45 11 0 -45 68 -23
45 12 0 -45 66 -21
45 13 0 -45 64 -19
45 14 0 -45 62 -17
45 15 -30 -45 60 105
45 15 0 -45 60 -15
45 16 0 -45 58 -13
45 17 0 -45 56 -11
45 18 0 -45 54 -9
45 19 0 -45 52 -7
45 20 0 -45 50 -5
45 21 0 -45 48 -3
45 22 0 -45 46 -1
45 23 0 -45 44 1
45 24 0 -45 42 3
45 25 0 -45 40 5
45 26 0 -45 38 7
45 27 0 -45 36 9
45 28 0 -45 34 11
45 29 0 -45 32 13
45 30 -15 -45 30 75
45 30 0 -45 30 15
45 31 0 -45 28 17
45 32 0 -45 26 19
45 33 0 -45 24 21
45 34 0 -45 22 23
45 35 0 -45 20 25
45 36 0 -45 18 27
45 37 0 -45 16 29
45 38 0 -45 14 31
45 39 0 -45 12 33
45 40 0 -45 10 35
45 41 0 -45 8 37
45 42 0 -45 6 39
45 43 0 -45 4 41
45 44 0 -45 2 43
45 45 0 -45 0 45
45 -45 -90 -44 176 220
45 -45 0 -44 176 -132
45 0 -45 -44 88 132
45 0 0 -44 88 -44
45 45 0 -44 0 44
45 -45 -90 -43 172 215
45 -45 0 -43 172 -129
45 0 -45 -43 86 129
45 0 0 -43 86 -43
45 45 0 -43 0 43
45 -45 -90 -42 168 210
45 -45 0 -42 168 -126
45 -30 -14 -42 140 -112
45 -30 -1 -42 140 -112
45 -30 0 -42 140 -98
45 -15 0 -42 112 -70
45 0 -45 -42 84 126
45 0 0 -42 84 -42
45 15 0 -42 56 -14
45 30 0 -42 28 14
45 45 0 -42 0 42
45 -45 -90 -41 164 205
45 -45 0 -41 164 -123
45 0 -45 -41 82 123
45 0 0 -41 82 -41
45 45 0 -41 0 41
45 -45 -90 -40 160 200
45 -45 0 -40 160 -120
45 -36 0 -40 144 -104
45 -27 0 -40 128 -88
45 -18 0 -40 112 -72
45 -9 0 -40 96 -56
45 0 -45 -40 80 120
45 0 0 -40 80 -40
45 9 0 -40 64 -24
45 18 0 -40 48 -8
45 27 0 -40 32 8
45 36 0 -40 16 24
45 45 0 -40 0 40
45 -45 -90 -39 156 195
45 -45 0 -39 156 -117
45 -30 0 -39 130 -91
45 -15 0 -39 104 -65
45 0 -45 -39 78 117
45 0 0 -39 78 -39
45 15 0 -39 52 -13
45 30 0 -39 26 13
45 45 0 -39 0 39
45 -45 -90 -38 152 190
45 -45 0 -38 152 -114
45 0 -45 -38 76 114
45 0 0 -38 76 -38
45 45 0 -38 0 38
45 -45 -90 -37 148 185
45 -45 0 -37 148 -111
45 0 -45 -37 74 111
45 0 0 -37 74 -37
45 45 0 -37 0 37
45 -45 -90 -36 144 180
45 -45 0 -36 144 -108
45 -40 0 -36 136 -100
45 -35 0 -36 128 -92
45 -30 -75 -36 120 156
45 -30 0 -36 120 -84
45 -25 0 -36 112 -76
45 -20 0 -36 104 -68
45 -15 -60 -36 96 132
45 -15 0 -36 96 -60
45 -10 0 -36 88 -52
45 -5 0 -36 80 -44
45 0 -45 -36 72 108
45 0 0 -36 72 -36
45 5 0 -36 64 -28
45 10 0 -36 56 -20
45 15 -30 -36 48 84
45 15 0 -36 48 -12
45 20 0 -36 40 -4
45 25 0 -36 32 4
45 30 -15 -36 24 60
45 30 0 -36 24 12
45 35 0 -36 16 20
45 40 0 -36 8 28
45 45 0 -36 0 36
45 -45 -90 -35 140 175
45 -45 0 -35 140 -105
45 -36 0 -35 126 -91
45 -27 0 -35 112 -77
45 -18 0 -35 98 -63
45 -9 0 -35 84 -49
45 0 -45 -35 70 105
45 0 0 -35 70 -35
45 9 0 -35 56 -21
45 18 0 -35 42 -7
45 27 0 -35 28 7
45 36 0 -35 14 21
45 45 0 -35 0 35
45 -45 -90 -34 136 170
45 -45 0 -34 136 -102
45 0 -45 -34 68 102
45 0 0 -34 68 -34
45 45 0 -34 0 34
45 -45 -90 -33 132 165
45 -45 0 -33 132 -99
45 -30 0 -33 110 -77
45 -15 0 -33 88 -55
45 0 -45 -33 66 99
45 0 0 -33 66 -33
45 15 0 -33 44 -11
45 30 0 -33 22 11
45 45 0 -33 0 33
45 -45 -90 -32 128 160
45 -45 0 -32 128 -96
45 0 -45 -32 64 96
45 0 0 -32 64 -32
45 45 0 -32 0 32
45 -45 -90 -31 124 155
45 -45 0 -31 124 -93
45 0 -45 -31 62 93
45 0 0 -31 62 -31
45 45 0 -31 0 31
45 -45 -90 -30 120 150
45 -45 0 -30 120 -90
45 -42 0 -30 116 -86
45 -39 0 -30 112 -82
45 -36 -6 -30 108 -96
45 -36 -3 -30 108 -96
45 -36 0 -30 108 -78
45 -33 0 -30 104 -74
45 -30 0 -30 100 -70
45 -27 0 -30 96 -66
45 -24 0 -30 92 -62
45 -21 0 -30 88 -58
45 -18 0 -30 84 -54
45 -15 0 -30 80 -50
45 -12 0 -30 76 -46
45 -9 0 -30 72 -42
45 -6 0 -30 68 -38
45 -3 0 -30 64 -34
45 0 -45 -30 60 90
45 0 0 -30 60 -30
45 3 0 -30 56 -26
45 6 0 -30 52 -22
45 9 0 -30 48 -18
45 12 0 -30 44 -14
45 15 0 -30 40 -10
45 18 0 -30 36 -6
45 21 0 -30 32 -2
45 24 0 -30 28 2
45 27 0 -30 24 6
45 30 0 -30 20 10
45 33 0 -30 16 14
45 36 0 -30 12 18
45 39 0 -30 8 22
45 42 0 -30 4 26
45 45 0 -30 0 30
45 -45 -90 -29 116 145
45 -45 0 -29 116 -87
45 0 -45 -29 58 87
45 0 0 -29 58 -29
45 45 0 -29 0 29
45 -45 -90 -28 112 140
45 -45 0 -28 112 -84
45 0 -45 -28 56 84
45 0 0 -28 56 -28
45 45 0 -28 0 28
45 -45 -90 -27 108 135
45 -45 0 -27 108 -81
45 -40 0 -27 102 -75
45 -35 0 -27 96 -69
45 -30 -75 -27 90 117
45 -30 0 -27 90 -63
45 -25 0 -27 84 -57
45 -20 0 -27 78 -51
45 -15 -60 -27 72 99
45 -15 0 -27 72 -45
45 -10 0 -27 66 -39
45 -5 0 -27 60 -33
45 0 -45 -27 54 81
45 0 0 -27 54 -27
45 5 0 -27 48 -21
45 10 0 -27 42 -15
45 15 -30 -27 36 63
45 15 0 -27 36 -9
45 20 0 -27 30 -3
45 25 0 -27 24 3
45 30 -15 -27 18 45
45 30 0 -27 18 9
45 35 0 -27 12 15
45 40 0 -27 6 21
45 45 0 -27 0 27
45 -45 -90 -26 104 130
45 -45 0 -26 104 -78
45 0 -45 -26 52 78
45 0 0 -26 52 -26
45 45 0 -26 0 26
45 -45 -90 -25 100 125
45 -45 0 -25 100 -75
45 -36 0 -25 90 -65
45 -27 0 -25 80 -55
45 -18 0 -25 70 -45
45 -9 0 -25 60 -35
45 0 -45 -25 50 75
45 0 0 -25 50 -25
45 9 0 -25 40 -15
45 18 0 -25 30 -5
45 27 0 -25 20 5
45 36 0 -25 10 15
45 45 0 -25 0 25
45 -45 -90 -24 96 120
45 -45 0 -24 96 -72
45 -30 0 -24 80 -56
45 -15 0 -24 64 -40
45 0 -45 -24 48 72
45 0 0 -24 48 -24
45 15 0 -24 32 -8
45 30 0 -24 16 8
45 45 0 -24 0 24
45 -45 -90 -23 92 115
45 -45 0 -23 92 -69
45 0 -45 -23 46 69
45 0 0 -23 46 -23
45 45 0 -23 0 23
45 -45 -90 -22 88 110
45 -45 0 -22 88 -66
45 0 -45 -22 44 66
45 0 0 -22 44 -22
45 45 0 -22 0 22
45 -45 -90 -21 84 105
45 -45 0 -21 84 -63
45 -30 0 -21 70 -49
45 -15 0 -21 56 -35
45 0 -45 -21 42 63
45 0 0 -21 42 -21
45 15 0 -21 28 -7
45 30 0 -21 14 7
45 45 0 -21 0 21
45 -45 -90 -20 80 100
45 -45 0 -20 80 -60
45 -36 0 -20 72 -52
45 -27 0 -20 64 -44
45 -18 0 -20 56 -36
45 -9 0 -20 48 -28
45 0 -45 -20 40 60
45 0 0 -20 40 -20
45 9 0 -20 32 -12
45 18 0 -20 24 -4
45 27 0 -20 16 4
45 36 0 -20 8 12
45 45 0 -20 0 20
45 -45 -90 -19 76 95
45 -45 0 -19 76 -57
45 0 -45 -19 38 57
45 0 0 -19 38 -19
45 45 0 -19 0 19
45 -45 -90 -18 72 90
45 -45 0 -18 72 -54
45 -40 0 -18 68 -50
45 -35 0 -18 64 -46
45 -30 -75 -18 60 78
45 -30 0 -18 60 -42
45 -25 0 -18 56 -38
45 -20 0 -18 52 -34
45 -15 -60 -18 48 66
45 -15 0 -18 48 -30
45 -10 0 -18 44 -26
45 -5 0 -18 40 -22
45 0 -45 -18 36 54
45 0 0 -18 36 -18
45 5 0 -18 32 -14
45 10 0 -18 28 -10
45 15 -30 -18 24 42
45 15 0 -18 24 -6
45 20 0 -18 20 -2
45 25 0 -18 16 2
45 30 -15 -18 12 30
45 30 0 -18 12 6
45 35 0 -18 8 10
45 40 0 -18 4 14
45 45 0 -18 0 18
45 -45 -90 -17 68 85
45 -45 0 -17 68 -51
45 0 -45 -17 34 51
45 0 0 -17 34 -17
45 45 0 -17 0 17
45 -45 -90 -16 64 80
45 -45 0 -16 64 -48
45 0 -45 -16 32 48
45 0 0 -16 32 -16
45 45 0 -16 0 16
45 -45 -90 -15 60 75
45 -45 0 -15 60 -45
45 -42 0 -15 58 -43
45 -39 0 -15 56 -41
45 -36 0 -15 54 -39
45 -33 0 -15 52 -37
45 -30 0 -15 50 -35
45 -27 0 -15 48 -33
45 -24 0 -15 46 -31
45 -21 0 -15 44 -29
45 -18 0 -15 42 -27
45 -15 0 -15 40 -25
45 -12 0 -15 38 -23
45 -9 0 -15 36 -21
45 -6 0 -15 34 -19
45 -3 0 -15 32 -17
45 0 -45 -15 30 45
45 0 0 -15 30 -15
45 3 0 -15 28 -13
45 6 0 -15 26 -11
45 9 0 -15 24 -9
45 12 0 -15 22 -7
45 15 0 -15 20 -5
45 18 0 -15 18 -3
45 21 0 -15 16 -1
45 24 0 -15 14 1
45 27 0 -15 12 3
45 30 0 -15 10 5
45 33 0 -15 8 7
45 36 0 -15 6 9
45 39 0 -15 4 11
45 42 0 -15 2 13
45 45 0 -15 0 15
45 -45 -90 -14 56 70
45 -45 0 -14 56 -42
45 0 -45 -14 28 42
45 0 0 -14 28 -14
45 45 0 -14 0 14
45 -45 -90 -13 52 65
45 -45 0 -13 52 -39
45 0 -45 -13 26 39
45 0 0 -13 26 -13
45 45 0 -13 0 13
45 -45 -90 -12 48 60
45 -45 0 -12 48 -36
45 -30 0 -12 40 -28
45 -15 0 -12 32 -20
45 0 -45 -12 24 36
45 0 0 -12 24 -12
45 15 0 -12 16 -4
45 30 0 -12 8 4
45 45 0 -12 0 12
45 -45 -90 -11 44 55
45 -45 0 -11 44 -33
45 0 -45 -11 22 33
45 0 0 -11 22 -11
45 45 0 -11 0 11
45 -45 -90 -10 40 50
45 -45 0 -10 40 -30
45 -36 0 -10 36 -26
45 -27 0 -10 32 -22
45 -18 0 -10 28 -18
45 -9 0 -10 24 -14
45 0 -45 -10 20 30
45 0 0 -10 20 -10
45 9 0 -10 16 -6
45 18 0 -10 12 -2
45 27 0 -10 8 2
45 36 0 -10 4 6
45 45 0 -10 0 10
45 -45 -90 -9 36 45
45 -45 0 -9 36 -27
45 -40 0 -9 34 -25
45 -35 0 -9 32 -23
45 -30 -75 -9 30 39
45 -30 0 -9 30 -21
45 -25 0 -9 28 -19
45 -20 0 -9 26 -17
45 -15 -60 -9 24 33
45 -15 0 -9 24 -15
45 -10 0 -9 22 -13
45 -5 0 -9 20 -11
45 0 -45 -9 18 27
45 0 0 -9 18 -9
45 5 0 -9 16 -7
45 10 0 -9 14 -5
45 15 -30 -9 12 21
45 15 0 -9 12 -3
45 20 0 -9 10 -1
45 25 0 -9 8 1
45 30 -15 -9 6 15
45 30 0 -9 6 3
45 35 0 -9 4 5
45 40 0 -9 2 7
45 45 0 -9 0 9
45 -45 -90 -8 32 40
45 -45 0 -8 32 -24
45 0 -45 -8 16 24
45 0 0 -8 16 -8
45 45 0 -8 0 8
45 -45 -90 -7 28 35
45 -45 0 -7 28 -21
45 0 -45 -7 14 21
45 0 0 -7 14 -7
45 45 0 -7 0 7
45 -45 -90 -6 24 30
45 -45 0 -6 24 -18
45 -30 0 -6 20 -14
45 -15 0 -6 16 -10
45 0 -45 -6 12 18
45 0 0 -6 12 -6
45 15 0 -6 8 -2
45 30 0 -6 4 2
45 45 0 -6 0 6
45 -45 -90 -5 20 25
45 -45 0 -5 20 -15
45 -36 0 -5 18 -13
45 -27 0 -5 16 -11
45 -18 0 -5 14 -9
45 -9 0 -5 12 -7
45 0 -45 -5 10 15
45 0 0 -5 10 -5
45 9 0 -5 8 -3
45 18 0 -5 6 -1
45 27 0 -5 4 1
45 36 0 -5 2 3
45 45 0 -5 0 5
45 -45 -90 -4 16 20
45 -45 0 -4 16 -12
45 0 -45 -4 8 12
45 0 0 -4 8 -4
45 45 0 -4 0 4
45 -45 -90 -3 12 15
45 -45 0 -3 12 -9
45 -30 0 -3 10 -7
45 -15 0 -3 8 -5
45 0 -45 -3 6 9
45 0 0 -3 6 -3
45 15 0 -3 4 -1
45 30 0 -3 2 1
45 45 0 -3 0 3
45 -45 -90 -2 8 10
45 -45 0 -2 8 -6
45 0 -45 -2 4 6
45 0 0 -2 4 -2
45 45 0 -2 0 2
45 -45 -90 -1 4 5
45 -45 0 -1 4 -3
45 0 -45 -1 2 3
45 0 0 -1 2 -1
45 45 0 -1 0 1
45 -45 -90 1 -4 -5
45 -45 -1 1 -4 4
45 -45 0 1 -4 3
45 -45 1 1 -4 4
45 0 -45 1 -2 -3
45 0 0 1 -2 1
45 45 0 1 0 -1
45 -45 -90 2 -8 -10
45 -45 0 2 -8 6
45 0 -45 2 -4 -6
45 0 0 2 -4 2
45 45 0 2 0 -2
45 -45 -90 3 -12 -15
45 -45 0 3 -12 9
45 -30 0 3 -10 7
45 -15 0 3 -8 5
45 0 -45 3 -6 -9
45 0 0 3 -6 3
45 15 0 3 -4 1
45 30 0 3 -2 -1
45 45 0 3 0 -3
45 -45 -90 4 -16 -20
45 -45 -2 4 -16 16
45 -45 0 4 -16 12
45 -45 2 4 -16 16
45 0 -45 4 -8 -12
45 0 0 4 -8 4
45 45 0 4 0 -4
45 -45 -90 5 -20 -25
45 -45 0 5 -20 15
45 -36 0 5 -18 13
45 -27 0 5 -16 11
45 -18 0 5 -14 9
45 -9 0 5 -12 7
45 0 -45 5 -10 -15
45 0 0 5 -10 5
45 9 0 5 -8 3
45 18 0 5 -6 1
45 27 0 5 -4 -1
45 36 0 5 -2 -3
45 45 0 5 0 -5
45 -45 -90 6 -24 -30
45 -45 0 6 -24 18
45 -30 0 6 -20 14
45 -15 0 6 -16 10
45 0 -45 6 -12 -18
45 0 0 6 -12 6
45 15 0 6 -8 2
45 30 0 6 -4 -2
45 45 0 6 0 -6
45 -45 -90 7 -28 -35
45 -45 0 7 -28 21
45 0 -45 7 -14 -21
45 0 0 7 -14 7
45 45 0 7 0 -7
45 -45 -90 8 -32 -40
45 -45 0 8 -32 24
45 0 -45 8 -16 -24
45 0 0 8 -16 8
45 45 0 8 0 -8
45 -45 -90 9 -36 -45
45 -45 -3 9 -36 36
45 -45 0 9 -36 27
45 -45 3 9 -36 36
45 -40 0 9 -34 25
45 -35 0 9 -32 23
45 -30 -75 9 -30 -39
45 -30 0 9 -30 21
45 -25 0 9 -28 19
45 -20 0 9 -26 17
45 -15 -60 9 -24 -33
45 -15 0 9 -24 15
45 -10 0 9 -22 13
45 -5 0 9 -20 11
45 0 -45 9 -18 -27
45 0 0 9 -18 9
45 5 0 9 -16 7
45 10 0 9 -14 5
45 15 -30 9 -12 -21
45 15 0 9 -12 3
45 20 0 9 -10 1
45 25 0 9 -8 -1
45 30 -15 9 -6 -15
45 30 0 9 -6 -3
45 35 0 9 -4 -5
45 40 0 9 -2 -7
45 45 0 9 0 -9
45 -45 -90 10 -40 -50
45 -45 0 10 -40 30
45 -36 0 10 -36 26
45 -27 0 10 -32 22
45 -18 0 10 -28 18
45 -9 0 10 -24 14
45 0 -45 10 -20 -30
45 0 0 10 -20 10
45 9 0 10 -16 6
45 18 0 10 -12 2
45 27 0 10 -8 -2
45 36 0 10 -4 -6
45 45 0 10 0 -10
45 -45 -90 11 -44 -55
45 -45 0 11 -44 33
45 0 -45 11 -22 -33
45 0 0 11 -22 11
45 45 0 11 0 -11
45 -45 -90 12 -48 -60
45 -45 0 12 -48 36
45 -30 0 12 -40 28
45 -15 0 12 -32 20
45 0 -45 12 -24 -36
45 0 0 12 -24 12
45 15 0 12 -16 4
45 30 0 12 -8 -4
45 45 0 12 0 -12
45 -45 -90 13 -52 -65
45 -45 0 13 -52 39
45 0 -45 13 -26 -39
45 0 0 13 -26 13
45 45 0 13 0 -13
45 -45 -90 14 -56 -70
45 -45 0 14 -56 42
45 0 -45 14 -28 -42
45 0 0 14 -28 14
45 45 0 14 0 -14
45 -45 -90 15 -60 -75
45 -45 0 15 -60 45
45 -42 0 15 -58 43
45 -39 0 15 -56 41
45 -36 0 15 -54 39
45 -33 0 15 -52 37
45 -30 0 15 -50 35
45 -27 0 15 -48 33
45 -24 0 15 -46 31
45 -21 0 15 -44 29
45 -18 0 15 -42 27
45 -15 0 15 -40 25
45 -12 0 15 -38 23
45 -9 0 15 -36 21
45 -6 0 15 -34 19
45 -3 0 15 -32 17
45 0 -45 15 -30 -45
45 0 0 15 -30 15
45 3 0 15 -28 13
45 6 0 15 -26 11
45 9 0 15 -24 9
45 12 0 15 -22 7
45 15 0 15 -20 5
45 18 0 15 -18 3
45 21 0 15 -16 1
45 24 0 15 -14 -1
45 27 0 15 -12 -3
45 30 0 15 -10 -5
45 33 0 15 -8 -7
45 36 0 15 -6 -9
45 39 0 15 -4 -11
45 42 0 15 -2 -13
45 45 0 15 0 -15
45 -45 -90 16 -64 -80
45 -45 -4 16 -64 64
45 -45 0 16 -64 48
45 -45 4 16 -64 64
45 0 -45 16 -32 -48
45 0 0 16 -32 16
45 45 0 16 0 -16
45 -45 -90 17 -68 -85
45 -45 0 17 -68 51
45 0 -45 17 -34 -51
45 0 0 17 -34 17
45 45 0 17 0 -17
45 -45 -90 18 -72 -90
45 -45 0 18 -72 54
45 -40 -7 18 -68 64
45 -40 0 18 -68 50
45 -40 2 18 -68 64
45 -35 0 18 -64 46
45 -30 -75 18 -60 -78
45 -30 0 18 -60 42
45 -25 0 18 -56 38
45 -20 0 18 -52 34
45 -15 -60 18 -48 -66
45 -15 0 18 -48 30
45 -10 0 18 -44 26
45 -5 0 18 -40 22
45 0 -45 18 -36 -54
45 0 0 18 -36 18
45 5 0 18 -32 14
45 10 0 18 -28 10
45 15 -30 18 -24 -42
45 15 0 18 -24 6
45 20 0 18 -20 2
45 25 0 18 -16 -2
45 30 -15 18 -12 -30
45 30 0 18 -12 -6
45 35 0 18 -8 -10
45 40 0 18 -4 -14
45 45 0 18 0 -18
45 -45 -90 19 -76 -95
45 -45 0 19 -76 57
45 0 -45 19 -38 -57
45 0 0 19 -38 19
45 45 0 19 0 -19
45 -45 -90 20 -80 -100
45 -45 0 20 -80 60
45 -36 0 20 -72 52
45 -27 0 20 -64 44
45 -18 0 20 -56 36
45 -9 0 20 -48 28
45 0 -45 20 -40 -60
45 0 0 20 -40 20
45 9 0 20 -32 12
45 18 0 20 -24 4
45 27 0 20 -16 -4
45 36 0 20 -8 -12
45 45 0 20 0 -20
45 -45 -90 21 -84 -105
45 -45 0 21 -84 63
45 -30 0 21 -70 49
45 -15 0 21 -56 35
45 0 -45 21 -42 -63
45 0 0 21 -42 21
45 15 0 21 -28 7
45 30 0 21 -14 -7
45 45 0 21 0 -21
45 -45 -90 22 -88 -110
45 -45 0 22 -88 66
45 0 -45 22 -44 -66
45 0 0 22 -44 22
45 45 0 22 0 -22
45 -45 -90 23 -92 -115
45 -45 0 23 -92 69
45 0 -45 23 -46 -69
45 0 0 23 -46 23
45 45 0 23 0 -23
45 -45 -90 24 -96 -120
45 -45 0 24 -96 72
45 -30 0 24 -80 56
45 -15 0 24 -64 40
45 0 -45 24 -48 -72
45 0 0 24 -48 24
45 15 0 24 -32 8
45 30 0 24 -16 -8
45 45 0 24 0 -24
45 -45 -90 25 -100 -125
45 -45 -5 25 -100 100
45 -45 0 25 -100 75
45 -45 5 25 -100 100
45 -36 0 25 -90 65
45 -27 0 25 -80 55
45 -18 0 25 -70 45
45 -9 0 25 -60 35
45 0 -45 25 -50 -75
45 0 0 25 -50 25
45 9 0 25 -40 15
45 18 0 25 -30 5
45 27 0 25 -20 -5
45 36 0 25 -10 -15
45 45 0 25 0 -25
45 -45 -90 26 -104 -130
45 -45 0 26 -104 78
45 0 -45 26 -52 -78
45 0 0 26 -52 26
45 45 0 26 0 -26
45 -45 -90 27 -108 -135
45 -45 0 27 -108 81
45 -40 0 27 -102 75
45 -35 0 27 -96 69
45 -30 -75 27 -90 -117
45 -30 0 27 -90 63
45 -25 0 27 -84 57
45 -20 0 27 -78 51
45 -15 -60 27 -72 -99
45 -15 0 27 -72 45
45 -10 0 27 -66 39
45 -5 0 27 -60 33
45 0 -45 27 -54 -81
45 0 0 27 -54 27
45 5 0 27 -48 21
45 10 0 27 -42 15
45 15 -30 27 -36 -63
45 15 0 27 -36 9
45 20 0 27 -30 3
45 25 0 27 -24 -3
45 30 -15 27 -18 -45
45 30 0 27 -18 -9
45 35 0 27 -12 -15
45 40 0 27 -6 -21
45 45 0 27 0 -27
45 -45 -90 28 -112 -140
45 -45 0 28 -112 84
45 0 -45 28 -56 -84
45 0 0 28 -56 28
45 45 0 28 0 -28
45 -45 -90 29 -116 -145
45 -45 0 29 -116 87
45 0 -45 29 -58 -87
45 0 0 29 -58 29
45 45 0 29 0 -29
45 -45 -90 30 -120 -150
45 -45 0 30 -120 90
45 -42 0 30 -116 86
45 -39 0 30 -112 82
45 -36 0 30 -108 78
45 -33 0 30 -104 74
45 -30 0 30 -100 70
45 -27 0 30 -96 66
45 -24 0 30 -92 62
45 -21 0 30 -88 58
45 -18 0 30 -84 54
45 -15 0 30 -80 50
45 -12 0 30 -76 46
45 -9 0 30 -72 42
45 -6 0 30 -68 38
45 -3 0 30 -64 34
45 0 -45 30 -60 -90
45 0 0 30 -60 30
45 3 0 30 -56 26
45 6 0 30 -52 22
45 9 0 30 -48 18
45 12 0 30 -44 14
45 15 0 30 -40 10
45 18 0 30 -36 6
45 21 0 30 -32 2
45 24 0 30 -28 -2
45 27 0 30 -24 -6
45 30 0 30 -20 -10
45 33 0 30 -16 -14
45 36 0 30 -12 -18
45 39 0 30 -8 -22
45 42 -86 30 -4 -112
45 42 -1 30 -4 -112
45 42 0 30 -4 -26
45 45 0 30 0 -30
45 -45 -90 31 -124 -155
45 -45 0 31 -124 93
45 0 -45 31 -62 -93
45 0 0 31 -62 31
45 45 0 31 0 -31
45 -45 -90 32 -128 -160
45 -45 0 32 -128 96
45 0 -45 32 -64 -96
45 0 0 32 -64 32
45 45 0 32 0 -32
45 -45 -90 33 -132 -165
45 -45 0 33 -132 99
45 -30 0 33 -110 77
45 -15 0 33 -88 55
45 0 -45 33 -66 -99
45 0 0 33 -66 33
45 15 0 33 -44 11
45 30 0 33 -22 -11
45 45 0 33 0 -33
45 -45 -90 34 -136 -170
45 -45 0 34 -136 102
45 0 -45 34 -68 -102
45 0 0 34 -68 34
45 45 0 34 0 -34
45 -45 -90 35 -140 -175
45 -45 0 35 -140 105
45 -36 0 35 -126 91
45 -27 0 35 -112 77
45 -18 0 35 -98 63
45 -9 0 35 -84 49
45 0 -45 35 -70 -105
45 0 0 35 -70 35
45 9 0 35 -56 21
45 18 0 35 -42 7
45 27 0 35 -28 -7
45 36 0 35 -14 -21
45 45 0 35 0 -35
45 -45 -90 36 -144 -180
45 -45 -6 36 -144 144
45 -45 0 36 -144 108
45 -45 6 36 -144 144
45 -40 0 36 -136 100
45 -35 0 36 -128 92
45 -30 -75 36 -120 -156
45 -30 0 36 -120 84
45 -25 0 36 -112 76
45 -20 0 36 -104 68
45 -15 -60 36 -96 -132
45 -15 0 36 -96 60
45 -10 0 36 -88 52
45 -5 0 36 -80 44
45 0 -45 36 -72 -108
45 0 0 36 -72 36
45 5 0 36 -64 28
45 10 0 36 -56 20
45 15 -30 36 -48 -84
45 15 0 36 -48 12
45 20 0 36 -40 4
45 25 0 36 -32 -4
45 30 -15 36 -24 -60
45 30 0 36 -24 -12
45 35 0 36 -16 -20
45 40 0 36 -8 -28
45 45 0 36 0 -36
45 -45 -90 37 -148 -185
45 -45 0 37 -148 111
45 0 -45 37 -74 -111
45 0 0 37 -74 37
45 45 0 37 0 -37
45 -45 -90 38 -152 -190
45 -45 0 38 -152 114
45 0 -45 38 -76 -114
45 0 0 38 -76 38
45 45 0 38 0 -38
45 -45 -90 39 -156 -195
45 -45 0 39 -156 117
45 -30 0 39 -130 91
45 -15 0 39 -104 65
45 0 -45 39 -78 -117
45 0 0 39 -78 39
45 15 0 39 -52 13
45 30 0 39 -26 -13
45 45 0 39 0 -39
45 -45 -90 40 -160 -200
45 -45 0 40 -160 120
45 -36 0 40 -144 104
45 -27 0 40 -128 88
45 -18 0 40 -112 72
45 -9 0 40 -96 56
45 0 -45 40 -80 -120
45 0 0 40 -80 40
45 9 0 40 -64 24
45 18 0 40 -48 8
45 27 0 40 -32 -8
45 36 0 40 -16 -24
45 45 0 40 0 -40
45 -45 -90 41 -164 -205
45 -45 0 41 -164 123
45 0 -45 41 -82 -123
45 0 0 41 -82 41
45 45 0 41 0 -41
45 -45 -90 42 -168 -210
45 -45 0 42 -168 126
45 -30 0 42 -140 98
45 -15 0 42 -112 70
45 0 -45 42 -84 -126
45 0 0 42 -84 42
45 15 0 42 -56 14
45 30 0 42 -28 -14
45 45 0 42 0 -42
45 -45 -90 43 -172 -215
45 -45 0 43 -172 129
45 0 -45 43 -86 -129
45 0 0 43 -86 43
45 45 0 43 0 -43
45 -45 -90 44 -176 -220
45 -45 -88 44 -176 132
45 -45 -2 44 -176 132
45 -45 0 44 -176 132
45 0 -176 44 -88 -132
45 0 -45 44 -88 -132
45 0 -44 44 -88 0
45 0 -4 44 -88 -132
45 0 -1 44 -88 0
45 0 0 44 -88 44
45 45 0 44 0 -44
45 -45 -90 45 -180 -225
45 -45 0 45 -180 135
45 -44 0 45 -178 133
45 -43 0 45 -176 131
45 -42 0 45 -174 129
45 -41 0 45 -172 127
45 -40 0 45 -170 125
45 -39 0 45 -168 123
45 -38 0 45 -166 121
45 -37 0 45 -164 119
45 -36 0 45 -162 117
45 -35 0 45 -160 115
45 -34 0 45 -158 113
45 -33 0 45 -156 111
45 -32 0 45 -154 109
45 -31 0 45 -152 107
45 -30 -75 45 -150 -195
45 -30 0 45 -150 105
45 -29 0 45 -148 103
45 -28 0 45 -146 101
45 -27 0 45 -144 99
45 -26 0 45 -142 97
45 -25 0 45 -140 95
45 -24 0 45 -138 93
45 -23 0 45 -136 91
45 -22 0 45 -134 89
45 -21 0 45 -132 87
45 -20 0 45 -130 85
45 -19 0 45 -128 83
45 -18 0 45 -126 81
45 -17 0 45 -124 79
45 -16 0 45 -122 77
45 -15 -60 45 -120 -165
45 -15 0 45 -120 75
45 -14 0 45 -118 73
45 -13 0 45 -116 71
45 -12 0 45 -114 69
45 -11 0 45 -112 67
45 -10 0 45 -110 65
45 -9 0 45 -108 63
45 -8 0 45 -106 61
45 -7 0 45 -104 59
45 -6 0 45 -102 57
45 -5 0 45 -100 55
45 -4 0 45 -98 53
45 -3 0 45 -96 51
45 -2 0 45 -94 49
45 -1 -43 45 -92 4
45 -1 -1 45 -92 4
45 -1 0 45 -92 47
45 0 -45 45 -90 -135
45 0 0 45 -90 45
45 1 0 45 -88 43
45 2 0 45 -86 41
45 3 0 45 -84 39
45 4 0 45 -82 37
45 5 0 45 -80 35
45 6 0 45 -78 33
45 7 0 45 -76 31
45 8 0 45 -74 29
45 9 0 45 -72 27
45 10 0 45 -70 25
45 11 0 45 -68 23
45 12 0 45 -66 21
45 13 0 45 -64 19
45 14 0 45 -62 17
45 15 -30 45 -60 -105
45 15 0 45 -60 15
45 16 0 45 -58 13
45 17 0 45 -56 11
45 18 0 45 -54 9
45 19 0 45 -52 7
45 20 0 45 -50 5
45 21 0 45 -48 3
45 22 0 45 -46 1
45 23 0 45 -44 -1
45 24 0 45 -42 -3
45 25 0 45 -40 -5
45 26 0 45 -38 -7
45 27 0 45 -36 -9
45 28 0 45 -34 -11
45 29 0 45 -32 -13
45 30 -15 45 -30 -75
45 30 0 45 -30 -15
45 31 0 45 -28 -17
45 32 0 45 -26 -19
45 33 0 45 -24 -21
45 34 0 45 -22 -23
45 35 0 45 -20 -25
45 36 0 45 -18 -27
45 37 0 45 -16 -29
45 38 0 45 -14 -31
45 39 0 45 -12 -33
45 40 0 45 -10 -35
45 41 0 45 -8 -37
45 42 0 45 -6 -39
45 43 0 45 -4 -41
45 44 0 45 -2 -43
45 45 0 45 0 -45
45 -45 -90 46 -184 -230
45 -45 0 46 -184 138
45 0 -45 46 -92 -138
45 0 0 46 -92 46
45 45 0 46 0 -46
45 -45 -90 47 -188 -235
45 -45 0 47 -188 141
45 0 -45 47 -94 -141
45 0 0 47 -94 47
45 45 0 47 0 -47
45 -45 -90 48 -192 -240
45 -45 0 48 -192 144
45 -30 -16 48 -160 128
45 -30 0 48 -160 112
45 -30 1 48 -160 128
45 -15 0 48 -128 80
45 0 -45 48 -96 -144
45 0 0 48 -96 48
45 15 0 48 -64 16
45 30 0 48 -32 -16
45 45 0 48 0 -48
45 -45 -90 49 -196 -245
45 -45 -7 49 -196 196
45 -45 0 49 -196 147
45 -45 7 49 -196 196
45 0 -45 49 -98 -147
45 0 0 49 -98 49
45 45 0 49 0 -49
45 -45 -90 50 -200 -250
45 -45 0 50 -200 150
45 -36 0 50 -180 130
45 -27 0 50 -160 110
45 -18 0 50 -140 90
45 -9 0 50 -120 70
45 0 -45 50 -100 -150
45 0 0 50 -100 50
45 9 0 50 -80 30
45 18 0 50 -60 10
45 27 0 50 -40 -10
45 36 0 50 -20 -30
45 45 0 50 0 -50
46 -46 -92 -50 200 250
46 -46 0 -50 200 -150
46 -23 -23 -50 150 -100
46 -23 0 -50 150 -100
46 0 -46 -50 100 150
46 0 0 -50 100 -50
46 23 0 -50 50 0
46 46 0 -50 0 50
46 -46 -92 -49 196 245
46 -46 0 -49 196 -147
46 -23 -23 -49 147 -98
46 -23 0 -49 147 -98
46 0 -46 -49 98 147
46 0 0 -49 98 -49
46 23 0 -49 49 0
46 46 0 -49 0 49
46 -46 -92 -48 192 240
46 -46 0 -48 192 -144
46 -23 -23 -48 144 -96
46 -23 0 -48 144 -96
46 0 -46 -48 96 144
46 0 0 -48 96 -48
46 23 0 -48 48 0
46 46 0 -48 0 48
46 -46 -94 -47 188 -141
46 -46 -92 -47 188 235
46 -46 0 -47 188 -141
46 -46 2 -47 188 -141
46 -23 -69 -47 141 188
46 -23 -23 -47 141 -94
46 -23 0 -47 141 -94
46 0 -188 -47 94 141
46 0 -47 -47 94 0
46 0 -46 -47 94 141
46 0 0 -47 94 -47
46 0 1 -47 94 0
46 0 4 -47 94 141
46 23 -23 -47 47 94
46 23 0 -47 47 0
46 46 0 -47 0 47
46 -46 -92 -46 184 230
46 -46 0 -46 184 -138
46 -45 0 -46 182 -136
46 -44 0 -46 180 -134
46 -43 0 -46 178 -132
46 -42 0 -46 176 -130
46 -41 0 -46 174 -128
46 -40 0 -46 172 -126
46 -39 0 -46 170 -124
46 -38 0 -46 168 -122
46 -37 0 -46 166 -120
46 -36 0 -46 164 -118
46 -35 -12 -46 162 -72
46 -35 -8 -46 162 -140
46 -35 -3 -46 162 -140
46 -35 0 -46 162 -116
46 -34 0 -46 160 -114
46 -33 0 -46 158 -112
46 -32 0 -46 156 -110
46 -31 0 -46 154 -108
46 -30 0 -46 152 -106
46 -29 0 -46 150 -104
46 -28 0 -46 148 -102
46 -27 0 -46 146 -100
46 -26 0 -46 144 -98
46 -25 0 -46 142 -96
46 -24 0 -46 140 -94
46 -23 -23 -46 138 -92
46 -23 0 -46 138 -92
46 -22 0 -46 136 -90
46 -21 0 -46 134 -88
46 -20 0 -46 132 -86
46 -19 0 -46 130 -84
46 -18 0 -46 128 -82
46 -17 0 -46 126 -80
46 -16 0 -46 124 -78
46 -15 0 -46 122 -76
46 -14 0 -46 120 -74
46 -13 0 -46 118 -72
46 -12 0 -46 116 -70
46 -11 0 -46 114 -68
46 -10 0 -46 112 -66
46 -9 0 -46 110 -64
46 -8 0 -46 108 -62
46 -7 0 -46 106 -60
46 -6 0 -46 104 -58
46 -5 0 -46 102 -56
46 -4 0 -46 100 -54
46 -3 0 -46 98 -52
46 -2 0 -46 96 -50
46 -1 0 -46 94 -48
46 0 -46 -46 92 138
46 0 0 -46 92 -46
46 1 -48 -46 90 4
46 1 0 -46 90 -44
46 1 1 -46 90 4
46 2 0 -46 88 -42
46 3 0 -46 86 -40
46 4 0 -46 84 -38
46 5 0 -46 82 -36
46 6 0 -46 80 -34
46 7 0 -46 78 -32
46 8 0 -46 76 -30
46 9 0 -46 74 -28
46 10 0 -46 72 -26
46 11 0 -46 70 -24
46 12 0 -46 68 -22
46 13 0 -46 66 -20
46 14 0 -46 64 -18
46 15 0 -46 62 -16
46 16 0 -46 60 -14
46 17 0 -46 58 -12
46 18 0 -46 56 -10
46 19 0 -46 54 -8
46 20 0 -46 52 -6
46 21 0 -46 50 -4
46 22 0 -46 48 -2
46 23 0 -46 46 0
46 24 0 -46 44 2
46 25 0 -46 42 4
46 26 0 -46 40 6
46 27 0 -46 38 8
46 28 0 -46 36 10
46 29 0 -46 34 12
46 30 0 -46 32 14
46 31 0 -46 30 16
46 32 0 -46 28 18
46 33 0 -46 26 20
46 34 0 -46 24 22
46 35 0 -46 22 24
46 36 0 -46 20 26
46 37 0 -46 18 28
46 38 0 -46 16 30
46 39 0 -46 14 32
46 40 0 -46 12 34
46 41 0 -46 10 36
46 42 0 -46 8 38
46 43 0 -46 6 40
46 44 0 -46 4 42
46 45 0 -46 2 44
46 46 0 -46 0 46
46 -46 -92 -45 180 225
46 -46 0 -45 180 -135
46 -23 -23 -45 135 -90
46 -23 0 -45 135 -90
46 0 -46 -45 90 135
46 0 0 -45 90 -45
46 23 0 -45 45 0
46 46 0 -45 0 45
46 -46 -92 -44 176 220
46 -46 0 -44 176 -132
46 -23 -23 -44 132 -88
46 -23 0 -44 132 -88
46 0 -46 -44 88 132
46 0 0 -44 88 -44
46 23 0 -44 44 0
46 46 0 -44 0 44
46 -46 -92 -43 172 215
46 -46 0 -43 172 -129
46 -23 -69 -43 129 172
46 -23 -23 -43 129 -86
46 -23 0 -43 129 -86
46 0 -46 -43 86 129
46 0 0 -43 86 -43
46 23 -23 -43 43 86
46 23 0 -43 43 0
46 46 0 -43 0 43
46 -46 -92 -42 168 210
46 -46 0 -42 168 -126
46 -23 -23 -42 126 -84
46 -23 0 -42 126 -84
46 0 -46 -42 84 126
46 0 0 -42 84 -42
46 23 0 -42 42 0
46 46 0 -42 0 42
46 -46 -92 -41 164 205
46 -46 0 -41 164 -123
46 -23 -23 -41 123 -82
46 -23 0 -41 123 -82
46 0 -46 -41 82 123
46 0 0 -41 82 -41
46 23 0 -41 41 0
46 46 0 -41 0 41
46 -46 -92 -40 160 200
46 -46 0 -40 160 -120
46 -23 -23 -40 120 -80
46 -23 0 -40 120 -80
46 0 -46 -40 80 120
46 0 0 -40 80 -40
46 23 0 -40 40 0
46 46 0 -40 0 40
46 -46 -92 -39 156 195
46 -46 0 -39 156 -117
46 -23 -69 -39 117 156
46 -23 -23 -39 117 -78
46 -23 0 -39 117 -78
46 0 -46 -39 78 117
46 0 0 -39 78 -39
46 23 -23 -39 39 78
46 23 0 -39 39 0
46 46 0 -39 0 39
46 -46 -92 -38 152 190
46 -46 0 -38 152 -114
46 -23 -23 -38 114 -76
46 -23 0 -38 114 -76
46 0 -46 -38 76 114
46 0 0 -38 76 -38
46 23 0 -38 38 0
46 46 0 -38 0 38
46 -46 -92 -37 148 185
46 -46 0 -37 148 -111
46 -23 -23 -37 111 -74
46 -23 0 -37 111 -74
46 0 -46 -37 74 111
46 0 0 -37 74 -37
46 23 0 -37 37 0
46 46 0 -37 0 37
46 -46 -92 -36 144 180
46 -46 0 -36 144 -108
46 -23 -23 -36 108 -72
46 -23 0 -36 108 -72
46 0 -46 -36 72 108
46 0 0 -36 72 -36
46 23 0 -36 36 0
46 46 0 -36 0 36
46 -46 -92 -35 140 175
46 -46 0 -35 140 -105
46 -23 -69 -35 105 140
46 -23 -23 -35 105 -70
46 -23 0 -35 105 -70
46 0 -46 -35 70 105
46 0 0 -35 70 -35
46 23 -70 -35 35 70
46 23 -23 -35 35 70
46 23 0 -35 35 0
46 23 1 -35 35 70
46 46 0 -35 0 35
46 -46 -92 -34 136 170
46 -46 0 -34 136 -102
46 -23 -23 -34 102 -68
46 -23 0 -34 102 -68
46 0 -46 -34 68 102
46 0 0 -34 68 -34
46 23 0 -34 34 0
46 46 0 -34 0 34
46 -46 -92 -33 132 165
46 -46 0 -33 132 -99
46 -23 -23 -33 99 -66
46 -23 0 -33 99 -66
46 0 -46 -33 66 99
46 0 0 -33 66 -33
46 23 0 -33 33 0
46 46 0 -33 0 33
46 -46 -92 -32 128 160
46 -46 0 -32 128 -96
46 -23 -23 -32 96 -64
46 -23 0 -32 96 -64
46 0 -46 -32 64 96
46 0 0 -32 64 -32
46 23 0 -32 32 0
46 46 0 -32 0 32
46 -46 -92 -31 124 155
46 -46 0 -31 124 -93
46 -23 -69 -31 93 124
46 -23 -23 -31 93 -62
46 -23 0 -31 93 -62
46 0 -46 -31 62 93
46 0 0 -31 62 -31
46 23 -23 -31 31 62
46 23 0 -31 31 0
46 46 -93 -31 0 124
46 46 0 -31 0 31
46 46 1 -31 0 124
46 -46 -92 -30 120 150
46 -46 0 -30 120 -90
46 -23 -23 -30 90 -60
46 -23 0 -30 90 -60
46 0 -46 -30 60 90
46 0 0 -30 60 -30
46 23 0 -30 30 0
46 46 0 -30 0 30
46 -46 -92 -29 116 145
46 -46 0 -29 116 -87
46 -23 -23 -29 87 -58
46 -23 0 -29 87 -58
46 0 -46 -29 58 87
46 0 0 -29 58 -29
46 23 0 -29 29 0
46 46 0 -29 0 29
46 -46 -92 -28 112 140
46 -46 0 -28 112 -84
46 -23 -23 -28 84 -56
46 -23 0 -28 84 -56
46 0 -46 -28 56 84
46 0 0 -28 56 -28
46 23 0 -28 28 0
46 46 0 -28 0 28
46 -46 -92 -27 108 135
46 -46 0 -27 108 -81
46 -23 -69 -27 81 108
46 -23 -68 -27 81 270
46 -23 -23 -27 81 -54
46 -23 0 -27 81 -54
46 0 -46 -27 54 81
46 0 0 -27 54 -27
46 23 -23 -27 27 54
46 23 0 -27 27 0
46 46 0 -27 0 27
46 -46 -92 -26 104 130
46 -46 0 -26 104 -78
46 -23 -23 -26 78 -52
46 -23 0 -26 78 -52
46 0 -46 -26 52 78
46 0 0 -26 52 -26
46 23 0 -26 26 0
46 46 0 -26 0 26
46 -46 -92 -25 100 125
46 -46 0 -25 100 -75
46 -23 -23 -25 75 -50
46 -23 0 -25 75 -50
46 0 -46 -25 50 75
46 0 0 -25 50 -25
46 23 0 -25 25 0
46 46 0 -25 0 25
46 -46 -92 -24 96 120
46 -46 0 -24 96 -72
46 -23 -23 -24 72 -48
46 -23 0 -24 72 -48
46 0 -46 -24 48 72
46 0 0 -24 48 -24
46 23 0 -24 24 0
46 46 0 -24 0 24
46 -46 -92 -23 92 115
46 -46 0 -23 92 -69
46 -45 0 -23 91 -68
46 -44 0 -23 90 -67
46 -43 0 -23 89 -66
46 -42 0 -23 88 -65
46 -41 0 -23 87 -64
46 -40 0 -23 86 -63
46 -39 0 -23 85 -62
46 -38 -5 -23 84 -76
46 -38 -3 -23 84 -76
46 -38 0 -23 84 -61
46 -37 -7 -23 83 -74
46 -37 -2 -23 83 -74
46 -37 0 -23 83 -60
46 -36 0 -23 82 -59
46 -35 0 -23 81 -58
46 -34 -11 -23 80 -68
46 -34 -1 -23 80 -68
46 -34 0 -23 80 -57
46 -33 0 -23 79 -56
46 -32 0 -23 78 -55
46 -31 0 -23 77 -54
46 -30 0 -23 76 -53
46 -29 0 -23 75 -52
46 -28 0 -23 74 -51
46 -27 0 -23 73 -50
46 -26 0 -23 72 -49
46 -25 0 -23 71 -48
46 -24 0 -23 70 -47
46 -23 -69 -23 69 92
46 -23 -23 -23 69 -46
46 -23 0 -23 69 -46
46 -22 0 -23 68 -45
46 -21 0 -23 67 -44
46 -20 0 -23 66 -43
46 -19 0 -23 65 -42
46 -18 0 -23 64 -41
46 -17 0 -23 63 -40
46 -16 0 -23 62 -39
46 -15 0 -23 61 -38
46 -14 0 -23 60 -37
46 -13 0 -23 59 -36
46 -12 0 -23 58 -35
46 -11 0 -23 57 -34
46 -10 0 -23 56 -33
46 -9 0 -23 55 -32
46 -8 0 -23 54 -31
46 -7 0 -23 53 -30
46 -6 0 -23 52 -29
46 -5 0 -23 51 -28
46 -4 0 -23 50 -27
46 -3 0 -23 49 -26
46 -2 0 -23 48 -25
46 -1 0 -23 47 -24
46 0 -46 -23 46 69
46 0 0 -23 46 -23
46 1 0 -23 45 -22
46 2 0 -23 44 -21
46 3 0 -23 43 -20
46 4 0 -23 42 -19
46 5 0 -23 41 -18
46 6 0 -23 40 -17
46 7 0 -23 39 -16
46 8 0 -23 38 -15
46 9 0 -23 37 -14
46 10 0 -23 36 -13
46 11 0 -23 35 -12
46 12 0 -23 34 -11
46 13 0 -23 33 -10
46 14 0 -23 32 -9
46 15 0 -23 31 -8
46 16 0 -23 30 -7
46 17 0 -23 29 -6
46 18 0 -23 28 -5
46 19 0 -23 27 -4
46 20 0 -23 26 -3
46 21 0 -23 25 -2
46 22 0 -23 24 -1
46 23 -23 -23 23 46
46 23 0 -23 23 0
46 24 0 -23 22 1
46 25 0 -23 21 2
46 26 0 -23 20 3
46 27 0 -23 19 4
46 28 0 -23 18 5
46 29 0 -23 17 6
46 30 0 -23 16 7
46 31 0 -23 15 8
46 32 0 -23 14 9
46 33 0 -23 13 10
46 34 0 -23 12 11
46 35 0 -23 11 12
46 36 0 -23 10 13
46 37 0 -23 9 14
46 38 0 -23 8 15
46 39 0 -23 7 16
46 40 0 -23 6 17
46 41 0 -23 5 18
46 42 0 -23 4 19
46 43 0 -23 3 20
46 44 0 -23 2 21
46 45 0 -23 1 22
46 46 0 -23 0 23
46 -46 -92 -22 88 110
46 -46 0 -22 88 -66
46 -23 -23 -22 66 -44
46 -23 0 -22 66 -44
46 0 -46 -22 44 66
46 0 0 -22 44 -22
46 23 0 -22 22 0
46 46 0 -22 0 22
46 -46 -92 -21 84 105
46 -46 0 -21 84 -63
46 -23 -23 -21 63 -42
46 -23 0 -21 63 -42
46 0 -46 -21 42 63
46 0 0 -21 42 -21
46 23 0 -21 21 0
46 46 0 -21 0 21
46 -46 -92 -20 80 100
46 -46 0 -20 80 -60
46 -23 -23 -20 60 -40
46 -23 0 -20 60 -40
46 0 -46 -20 40 60
46 0 0 -20 40 -20
46 23 0 -20 20 0
46 46 0 -20 0 20
46 -46 -92 -19 76 95
46 -46 0 -19 76 -57
46 -23 -69 -19 57 76
46 -23 -23 -19 57 -38
46 -23 0 -19 57 -38
46 0 -46 -19 38 57
46 0 0 -19 38 -19
46 23 -23 -19 19 38
46 23 0 -19 19 0
46 46 0 -19 0 19
46 -46 -92 -18 72 90
46 -46 0 -18 72 -54
46 -23 -23 -18 54 -36
46 -23 0 -18 54 -36
46 0 -46 -18 36 54
46 0 0 -18 36 -18
46 23 0 -18 18 0
46 46 0 -18 0 18
46 -46 -92 -17 68 85
46 -46 0 -17 68 -51
46 -23 -23 -17 51 -34
46 -23 0 -17 51 -34
46 0 -46 -17 34 51
46 0 0 -17 34 -17
46 23 0 -17 17 0
46 46 0 -17 0 17
46 -46 -92 -16 64 80
46 -46 0 -16 64 -48
46 -23 -23 -16 48 -32
46 -23 0 -16 48 -32
46 0 -46 -16 32 48
46 0 0 -16 32 -16
46 23 0 -16 16 0
46 46 0 -16 0 16
46 -46 -92 -15 60 75
46 -46 0 -15 60 -45
46 -23 -69 -15 45 60
46 -23 -23 -15 45 -30
46 -23 0 -15 45 -30
46 0 -46 -15 30 45
46 0 0 -15 30 -15
46 23 -23 -15 15 30
46 23 0 -15 15 0
46 46 0 -15 0 15
46 -46 -92 -14 56 70
46 -46 0 -14 56 -42
46 -23 -23 -14 42 -28
46 -23 0 -14 42 -28
46 0 -46 -14 28 42
46 0 0 -14 28 -14
46 23 0 -14 14 0
46 46 0 -14 0 14
46 -46 -92 -13 52 65
46 -46 0 -13 52 -39
46 -23 -23 -13 39 -26
46 -23 0 -13 39 -26
46 0 -46 -13 26 39
46 0 0 -13 26 -13
46 23 0 -13 13 0
46 46 0 -13 0 13
46 -46 -92 -12 48 60
46 -46 0 -12 48 -36
46 -23 -23 -12 36 -24
46 -23 0 -12 36 -24
46 0 -46 -12 24 36
46 0 0 -12 24 -12
46 23 0 -12 12 0
46 46 0 -12 0 12
46 -46 -92 -11 44 55
46 -46 0 -11 44 -33
46 -23 -69 -11 33 44
46 -23 -23 -11 33 -22
46 -23 0 -11 33 -22
46 0 -46 -11 22 33
46 0 0 -11 22 -11
46 23 -23 -11 11 22
46 23 0 -11 11 0
46 46 0 -11 0 11
46 -46 -92 -10 40 50
46 -46 0 -10 40 -30
46 -23 -23 -10 30 -20
46 -23 0 -10 30 -20
46 0 -46 -10 20 30
46 0 0 -10 20 -10
46 23 0 -10 10 0
46 46 0 -10 0 10
46 -46 -92 -9 36 45
46 -46 0 -9 36 -27
46 -23 -23 -9 27 -18
46 -23 0 -9 27 -18
46 0 -46 -9 18 27
46 0 0 -9 18 -9
46 23 0 -9 9 0
46 46 0 -9 0 9
46 -46 -92 -8 32 40
46 -46 0 -8 32 -24
46 -23 -23 -8 24 -16
46 -23 0 -8 24 -16
46 0 -46 -8 16 24
46 0 0 -8 16 -8
46 23 0 -8 8 0
46 46 0 -8 0 8
46 -46 -92 -7 28 35
46 -46 0 -7 28 -21
46 -23 -69 -7 21 28
46 -23 -23 -7 21 -14
46 -23 0 -7 21 -14
46 0 -46 -7 14 21
46 0 0 -7 14 -7
46 23 -23 -7 7 14
46 23 0 -7 7 0
46 46 0 -7 0 7
46 -46 -92 -6 24 30
46 -46 0 -6 24 -18
46 -23 -23 -6 18 -12
46 -23 0 -6 18 -12
46 0 -46 -6 12 18
46 0 0 -6 12 -6
46 23 0 -6 6 0
46 46 0 -6 0 6
46 -46 -92 -5 20 25
46 -46 0 -5 20 -15
46 -23 -23 -5 15 -10
46 -23 0 -5 15 -10
46 0 -46 -5 10 15
46 0 0 -5 10 -5
46 23 0 -5 5 0
46 46 0 -5 0 5
46 -46 -92 -4 16 20
46 -46 0 -4 16 -12
46 -23 -23 -4 12 -8
46 -23 0 -4 12 -8
46 0 -46 -4 8 12
46 0 0 -4 8 -4
46 23 0 -4 4 0
46 46 0 -4 0 4
46 -46 -92 -3 12 15
46 -46 0 -3 12 -9
46 -23 -69 -3 9 12
46 -23 -23 -3 9 -6
46 -23 0 -3 9 -6
46 0 -46 -3 6 9
46 0 0 -3 6 -3
46 23 -23 -3 3 6
46 23 0 -3 3 0
46 46 0 -3 0 3
46 -46 -92 -2 8 10
46 -46 0 -2 8 -6
46 -23 -23 -2 6 -4
46 -23 0 -2 6 -4
46 0 -46 -2 4 6
46 0 0 -2 4 -2
46 23 0 -2 2 0
46 46 0 -2 0 2
46 -46 -92 -1 4 5
46 -46 0 -1 4 -3
46 -23 -23 -1 3 -2
46 -23 0 -1 3 -2
46 0 -46 -1 2 3
46 0 0 -1 2 -1
46 23 0 -1 1 0
46 46 0 -1 0 1
46 -46 -92 1 -4 -5
46 -46 -1 1 -4 4
46 -46 0 1 -4 3
46 -46 1 1 -4 4
46 -23 -69 1 -3 -4
46 -23 -23 1 -3 2
46 -23 0 1 -3 2
46 0 -46 1 -2 -3
46 0 0 1 -2 1
46 23 -23 1 -1 -2
46 23 0 1 -1 0
46 46 0 1 0 -1
46 -46 -92 2 -8 -10
46 -46 0 2 -8 6
46 -23 -23 2 -6 4
46 -23 0 2 -6 4
46 0 -46 2 -4 -6
46 0 0 2 -4 2
46 23 0 2 -2 0
46 46 0 2 0 -2
46 -46 -92 3 -12 -15
46 -46 0 3 -12 9
46 -23 -23 3 -9 6
46 -23 0 3 -9 6
46 0 -46 3 -6 -9
46 0 0 3 -6 3
46 23 0 3 -3 0
46 46 0 3 0 -3
46 -46 -92 4 -16 -20
46 -46 -2 4 -16 16
46 -46 0 4 -16 12
46 -46 2 4 -16 16
46 -23 -23 4 -12 8
46 -23 0 4 -12 8
46 0 -46 4 -8 -12
46 0 0 4 -8 4
46 23 0 4 -4 0
46 46 0 4 0 -4
46 -46 -92 5 -20 -25
46 -46 0 5 -20 15
46 -23 -69 5 -15 -20
46 -23 -23 5 -15 10
46 -23 0 5 -15 10
46 0 -46 5 -10 -15
46 0 0 5 -10 5
46 23 -23 5 -5 -10
46 23 0 5 -5 0
46 46 0 5 0 -5
46 -46 -92 6 -24 -30
46 -46 0 6 -24 18
46 -23 -23 6 -18 12
46 -23 0 6 -18 12
46 0 -46 6 -12 -18
46 0 0 6 -12 6
46 23 0 6 -6 0
46 46 0 6 0 -6
46 -46 -92 7 -28 -35
46 -46 0 7 -28 21
46 -23 -23 7 -21 14
46 -23 0 7 -21 14
46 0 -46 7 -14 -21
46 0 0 7 -14 7
46 23 0 7 -7 0
46 46 0 7 0 -7
46 -46 -92 8 -32 -40
46 -46 0 8 -32 24
46 -23 -23 8 -24 16
46 -23 0 8 -24 16
46 0 -46 8 -16 -24
46 0 0 8 -16 8
46 23 0 8 -8 0
46 46 0 8 0 -8
46 -46 -92 9 -36 -45
46 -46 -3 9 -36 36
46 -46 0 9 -36 27
46 -46 3 9 -36 36
46 -23 -69 9 -27 -36
46 -23 -23 9 -27 18
46 -23 0 9 -27 18
46 0 -46 9 -18 -27
46 0 0 9 -18 9
46 23 -23 9 -9 -18
46 23 0 9 -9 0
46 46 0 9 0 -9
46 -46 -92 10 -40 -50
46 -46 0 10 -40 30
46 -23 -23 10 -30 20
46 -23 0 10 -30 20
46 0 -46 10 -20 -30
46 0 0 10 -20 10
46 23 0 10 -10 0
46 46 0 10 0 -10
46 -46 -92 11 -44 -55
46 -46 0 11 -44 33
46 -23 -23 11 -33 22
46 -23 0 11 -33 22
46 0 -46 11 -22 -33
46 0 0 11 -22 11
46 23 0 11 -11 0
46 46 0 11 0 -11
46 -46 -92 12 -48 -60
46 -46 0 12 -48 36
46 -23 -23 12 -36 24
46 -23 0 12 -36 24
46 0 -46 12 -24 -36
46 0 0 12 -24 12
46 23 0 12 -12 0
46 46 0 12 0 -12
46 -46 -92 13 -52 -65
46 -46 0 13 -52 39
46 -23 -69 13 -39 -52
46 -23 -23 13 -39 26
46 -23 0 13 -39 26
46 0 -46 13 -26 -39
46 0 0 13 -26 13
46 23 -23 13 -13 -26
46 23 0 13 -13 0
46 46 0 13 0 -13
46 -46 -92 14 -56 -70
46 -46 0 14 -56 42
46 -23 -23 14 -42 28
46 -23 0 14 -42 28
46 0 -46 14 -28 -42
46 0 0 14 -28 14
46 23 0 14 -14 0
46 46 0 14 0 -14
46 -46 -92 15 -60 -75
46 -46 0 15 -60 45
46 -23 -23 15 -45 30
46 -23 0 15 -45 30
46 0 -46 15 -30 -45
46 0 0 15 -30 15
46 23 0 15 -15 0
46 46 0 15 0 -15
46 -46 -92 16 -64 -80
46 -46 -4 16 -64 64
46 -46 0 16 -64 48
46 -46 4 16 -64 64
46 -23 -23 16 -48 32
46 -23 0 16 -48 32
46 0 -46 16 -32 -48
46 0 0 16 -32 16
46 23 0 16 -16 0
46 46 0 16 0 -16
46 -46 -92 17 -68 -85
46 -46 0 17 -68 51
46 -23 -69 17 -51 -68
46 -23 -23 17 -51 34
46 -23 0 17 -51 34
46 0 -46 17 -34 -51
46 0 0 17 -34 17
46 23 -23 17 -17 -34
46 23 0 17 -17 0
46 46 0 17 0 -17
46 -46 -92 18 -72 -90
46 -46 0 18 -72 54
46 -23 -23 18 -54 36
46 -23 0 18 -54 36
46 0 -46 18 -36 -54
46 0 0 18 -36 18
46 23 0 18 -18 0
46 46 0 18 0 -18
46 -46 -92 19 -76 -95
46 -46 0 19 -76 57
46 -23 -23 19 -57 38
46 -23 0 19 -57 38
46 0 -46 19 -38 -57
46 0 0 19 -38 19
46 23 0 19 -19 0
46 46 0 19 0 -19
46 -46 -92 20 -80 -100
46 -46 0 20 -80 60
46 -23 -23 20 -60 40
46 -23 0 20 -60 40
46 0 -46 20 -40 -60
46 0 0 20 -40 20
46 23 0 20 -20 0
46 46 0 20 0 -20
46 -46 -92 21 -84 -105
46 -46 0 21 -84 63
46 -23 -69 21 -63 -84
46 -23 -23 21 -63 42
46 -23 0 21 -63 42
46 0 -46 21 -42 -63
46 0 0 21 -42 21
46 23 -23 21 -21 -42
46 23 0 21 -21 0
46 46 0 21 0 -21
46 -46 -92 22 -88 -110
46 -46 0 22 -88 66
46 -23 -23 22 -66 44
46 -23 0 22 -66 44
46 0 -46 22 -44 -66
46 0 0 22 -44 22
46 23 0 22 -22 0
46 46 0 22 0 -22
46 -46 -92 23 -92 -115
46 -46 0 23 -92 69
46 -45 0 23 -91 68
46 -44 0 23 -90 67
46 -43 0 23 -89 66
46 -42 0 23 -88 65
46 -41 0 23 -87 64
46 -40 0 23 -86 63
46 -39 0 23 -85 62
46 -38 0 23 -84 61
46 -37 0 23 -83 60
46 -36 0 23 -82 59
46 -35 -12 23 -81 70
46 -35 0 23 -81 58
46 -35 1 23 -81 70
46 -34 0 23 -80 57
46 -33 0 23 -79 56
46 -32 0 23 -78 55
46 -31 0 23 -77 54
46 -30 0 23 -76 53
46 -29 0 23 -75 52
46 -28 0 23 -74 51
46 -27 0 23 -73 50
46 -26 0 23 -72 49
46 -25 0 23 -71 48
46 -24 0 23 -70 47
46 -23 -23 23 -69 46
46 -23 0 23 -69 46
46 -22 0 23 -68 45
46 -21 0 23 -67 44
46 -20 0 23 -66 43
46 -19 0 23 -65 42
46 -18 0 23 -64 41
46 -17 0 23 -63 40
46 -16 0 23 -62 39
46 -15 0 23 -61 38
46 -14 0 23 -60 37
46 -13 0 23 -59 36
46 -12 0 23 -58 35
46 -11 0 23 -57 34
46 -10 0 23 -56 33
46 -9 0 23 -55 32
46 -8 0 23 -54 31
46 -7 0 23 -53 30
46 -6 0 23 -52 29
46 -5 0 23 -51 28
46 -4 0 23 -50 27
46 -3 0 23 -49 26
46 -2 0 23 -48 25
46 -1 0 23 -47 24
46 0 -46 23 -46 -69
46 0 0 23 -46 23
46 1 0 23 -45 22
46 2 0 23 -44 21
46 3 0 23 -43 20
46 4 0 23 -42 19
46 5 0 23 -41 18
46 6 0 23 -40 17
46 7 0 23 -39 16
46 8 0 23 -38 15
46 9 0 23 -37 14
46 10 0 23 -36 13
46 11 0 23 -35 12
46 12 0 23 -34 11
46 13 0 23 -33 10
46 14 0 23 -32 9
46 15 0 23 -31 8
46 16 0 23 -30 7
46 17 0 23 -29 6
46 18 0 23 -28 5
46 19 0 23 -27 4
46 20 0 23 -26 3
46 21 0 23 -25 2
46 22 0 23 -24 1
46 23 0 23 -23 0
46 24 0 23 -22 -1
46 25 0 23 -21 -2
46 26 0 23 -20 -3
46 27 0 23 -19 -4
46 28 0 23 -18 -5
46 29 0 23 -17 -6
46 30 0 23 -16 -7
46 31 0 23 -15 -8
46 32 0 23 -14 -9
46 33 0 23 -13 -10
46 34 0 23 -12 -11
46 35 0 23 -11 -12
46 36 0 23 -10 -13
46 37 0 23 -9 -14
46 38 0 23 -8 -15
46 39 0 23 -7 -16
46 40 0 23 -6 -17
46 41 0 23 -5 -18
46 42 0 23 -4 -19
46 43 0 23 -3 -20
46 44 0 23 -2 -21
46 45 0 23 -1 -22
46 46 0 23 0 -23
46 -46 -92 24 -96 -120
46 -46 0 24 -96 72
46 -23 -23 24 -72 48
46 -23 0 24 -72 48
46 0 -46 24 -48 -72
46 0 0 24 -48 24
46 23 0 24 -24 0
46 46 0 24 0 -24
46 -46 -92 25 -100 -125
46 -46 -5 25 -100 100
46 -46 0 25 -100 75
46 -46 5 25 -100 100
46 -23 -69 25 -75 -100
46 -23 -23 25 -75 50
46 -23 0 25 -75 50
46 0 -46 25 -50 -75
46 0 0 25 -50 25
46 23 -23 25 -25 -50
46 23 0 25 -25 0
46 46 0 25 0 -25
46 -46 -92 26 -104 -130
46 -46 0 26 -104 78
46 -23 -23 26 -78 52
46 -23 0 26 -78 52
46 0 -46 26 -52 -78
46 0 0 26 -52 26
46 23 0 26 -26 0
46 46 0 26 0 -26
46 -46 -92 27 -108 -135
46 -46 0 27 -108 81
46 -23 -23 27 -81 54
46 -23 0 27 -81 54
46 0 -46 27 -54 -81
46 0 0 27 -54 27
46 23 0 27 -27 0
46 46 0 27 0 -27
46 -46 -92 28 -112 -140
46 -46 0 28 -112 84
46 -23 -23 28 -84 56
46 -23 0 28 -84 56
46 0 -46 28 -56 -84
46 0 0 28 -56 28
46 23 0 28 -28 0
46 46 0 28 0 -28
46 -46 -92 29 -116 -145
46 -46 0 29 -116 87
46 -23 -69 29 -87 -116
46 -23 -23 29 -87 58
46 -23 0 29 -87 58
46 0 -46 29 -58 -87
46 0 0 29 -58 29
46 23 -23 29 -29 -58
46 23 0 29 -29 0
46 46 0 29 0 -29
46 -46 -92 30 -120 -150
46 -46 0 30 -120 90
46 -23 -23 30 -90 60
46 -23 0 30 -90 60
46 0 -46 30 -60 -90
46 0 0 30 -60 30
46 23 0 30 -30 0
46 46 0 30 0 -30
46 -46 -92 31 -124 -155
46 -46 0 31 -124 93
46 -23 -23 31 -93 62
46 -23 0 31 -93 62
46 0 -46 31 -62 -93
46 0 0 31 -62 31
46 23 0 31 -31 0
46 46 0 31 0 -31
46 -46 -92 32 -128 -160
46 -46 0 32 -128 96
46 -23 -23 32 -96 64
46 -23 0 32 -96 64
46 0 -46 32 -64 -96
46 0 0 32 -64 32
46 23 0 32 -32 0
46 46 0 32 0 -32
46 -46 -92 33 -132 -165
46 -46 0 33 -132 99
46 -23 -69 33 -99 -132
46 -23 -23 33 -99 66
46 -23 0 33 -99 66
46 0 -46 33 -66 -99
46 0 0 33 -66 33
46 23 -23 33 -33 -66
46 23 0 33 -33 0
46 46 0 33 0 -33
46 -46 -92 34 -136 -170
46 -46 0 34 -136 102
46 -23 -23 34 -102 68
46 -23 0 34 -102 68
46 0 -46 34 -68 -102
46 0 0 34 -68 34
46 23 -68 34 -34 -68
46 23 -1 34 -34 -68
46 23 0 34 -34 0
46 46 0 34 0 -34
46 -46 -92 35 -140 -175
46 -46 0 35 -140 105
46 -23 -23 35 -105 70
46 -23 0 35 -105 70
46 0 -46 35 -70 -105
46 0 0 35 -70 35
46 23 0 35 -35 0
46 46 0 35 0 -35
46 -46 -92 36 -144 -180
46 -46 -6 36 -144 144
46 -46 0 36 -144 108
46 -46 6 36 -144 144
46 -23 -23 36 -108 72
46 -23 0 36 -108 72
46 0 -46 36 -72 -108
46 0 0 36 -72 36
46 23 0 36 -36 0
46 46 0 36 0 -36
46 -46 -92 37 -148 -185
46 -46 0 37 -148 111
46 -23 -69 37 -111 -148
46 -23 -23 37 -111 74
46 -23 0 37 -111 74
46 0 -46 37 -74 -111
46 0 0 37 -74 37
46 23 -23 37 -37 -74
46 23 0 37 -37 0
46 46 0 37 0 -37
46 -46 -92 38 -152 -190
46 -46 0 38 -152 114
46 -23 -23 38 -114 76
46 -23 0 38 -114 76
46 0 -46 38 -76 -114
46 0 0 38 -76 38
46 23 0 38 -38 0
46 46 0 38 0 -38
46 -46 -92 39 -156 -195
46 -46 0 39 -156 117
46 -23 -23 39 -117 78
46 -23 0 39 -117 78
46 0 -46 39 -78 -117
46 0 0 39 -78 39
46 23 0 39 -39 0
46 46 0 39 0 -39
46 -46 -92 40 -160 -200
46 -46 0 40 -160 120
46 -23 -23 40 -120 80
46 -23 0 40 -120 80
46 0 -46 40 -80 -120
46 0 0 40 -80 40
46 23 0 40 -40 0
46 46 0 40 0 -40
46 -46 -92 41 -164 -205
46 -46 0 41 -164 123
46 -23 -69 41 -123 -164
46 -23 -23 41 -123 82
46 -23 0 41 -123 82
46 0 -46 41 -82 -123
46 0 0 41 -82 41
46 23 -23 41 -41 -82
46 23 0 41 -41 0
46 46 0 41 0 -41
46 -46 -92 42 -168 -210
46 -46 0 42 -168 126
46 -23 -23 42 -126 84
46 -23 0 42 -126 84
46 0 -46 42 -84 -126
46 0 0 42 -84 42
46 23 0 42 -42 0
46 46 0 42 0 -42
46 -46 -92 43 -172 -215
46 -46 0 43 -172 129
46 -23 -23 43 -129 86
46 -23 0 43 -129 86
46 0 -46 43 -86 -129
46 0 0 43 -86 43
46 23 0 43 -43 0
46 46 0 43 0 -43
46 -46 -92 44 -176 -220
46 -46 0 44 -176 132
46 -23 -23 44 -132 88
46 -23 0 44 -132 88
46 0 -46 44 -88 -132
46 0 0 44 -88 44
46 23 0 44 -44 0
46 46 0 44 0 -44
46 -46 -92 45 -180 -225
46 -46 -90 45 -180 135
46 -46 -2 45 -180 135
46 -46 0 45 -180 135
46 -23 -69 45 -135 -180
46 -23 -23 45 -135 90
46 -23 0 45 -135 90
46 0 -180 45 -90 -135
46 0 -46 45 -90 -135
46 0 -45 45 -90 0
46 0 -4 45 -90 -135
46 0 -1 45 -90 0
46 0 0 45 -90 45
46 23 -23 45 -45 -90
46 23 0 45 -45 0
46 46 0 45 0 -45
46 -46 -92 46 -184 -230
46 -46 0 46 -184 138
46 -45 0 46 -182 136
46 -44 0 46 -180 134
46 -43 -8 46 -178 172
46 -43 0 46 -178 132
46 -43 5 46 -178 172
46 -42 0 46 -176 130
46 -41 -9 46 -174 164
46 -41 0 46 -174 128
46 -41 4 46 -174 164
46 -40 0 46 -172 126
46 -39 0 46 -170 124
46 -38 0 46 -168 122
46 -37 0 46 -166 120
46 -36 0 46 -164 118
46 -35 0 46 -162 116
46 -34 0 46 -160 114
46 -33 0 46 -158 112
46 -32 0 46 -156 110
46 -31 -16 46 -154 124
46 -31 0 46 -154 108
46 -31 1 46 -154 124
46 -30 0 46 -152 106
46 -29 0 46 -150 104
46 -28 0 46 -148 102
46 -27 0 46 -146 100
46 -26 0 46 -144 98
46 -25 0 46 -142 96
46 -24 0 46 -140 94
46 -23 -23 46 -138 92
46 -23 0 46 -138 92
46 -22 0 46 -136 90
46 -21 0 46 -134 88
46 -20 0 46 -132 86
46 -19 0 46 -130 84
46 -18 0 46 -128 82
46 -17 0 46 -126 80
46 -16 0 46 -124 78
46 -15 0 46 -122 76
46 -14 0 46 -120 74
46 -13 0 46 -118 72
46 -12 0 46 -116 70
46 -11 0 46 -114 68
46 -10 0 46 -112 66
46 -9 0 46 -110 64
46 -8 0 46 -108 62
46 -7 0 46 -106 60
46 -6 0 46 -104 58
46 -5 0 46 -102 56
46 -4 0 46 -100 54
46 -3 0 46 -98 52
46 -2 0 46 -96 50
46 -1 -44 46 -94 4
46 -1 -1 46 -94 4
46 -1 0 46 -94 48
46 0 -46 46 -92 -138
46 0 0 46 -92 46
46 1 0 46 -90 44
46 2 0 46 -88 42
46 3 0 46 -86 40
46 4 0 46 -84 38
46 5 0 46 -82 36
46 6 0 46 -80 34
46 7 0 46 -78 32
46 8 0 46 -76 30
46 9 0 46 -74 28
46 10 0 46 -72 26
46 11 0 46 -70 24
46 12 0 46 -68 22
46 13 0 46 -66 20
46 14 0 46 -64 18
46 15 0 46 -62 16
46 16 0 46 -60 14
46 17 0 46 -58 12
46 18 0 46 -56 10
46 19 0 46 -54 8
46 20 0 46 -52 6
46 21 0 46 -50 4
46 22 0 46 -48 2
46 23 0 46 -46 0
46 24 0 46 -44 -2
46 25 0 46 -42 -4
46 26 0 46 -40 -6
46 27 0 46 -38 -8
46 28 0 46 -36 -10
46 29 0 46 -34 -12
46 30 0 46 -32 -14
46 31 0 46 -30 -16
46 32 0 46 -28 -18
46 33 0 46 -26 -20
46 34 0 46 -24 -22
46 35 0 46 -22 -24
46 36 0 46 -20 -26
46 37 0 46 -18 -28
46 38 0 46 -16 -30
46 39 0 46 -14 -32
46 40 0 46 -12 -34
46 41 0 46 -10 -36
46 42 0 46 -8 -38
46 43 0 46 -6 -40
46 44 0 46 -4 -42
46 45 0 46 -2 -44
46 46 0 46 0 -46
46 -46 -92 47 -188 -235
46 -46 0 47 -188 141
46 -23 -23 47 -141 94
46 -23 0 47 -141 94
46 0 -46 47 -94 -141
46 0 0 47 -94 47
46 23 0 47 -47 0
46 46 0 47 0 -47
46 -46 -92 48 -192 -240
46 -46 0 48 -192 144
46 -23 -23 48 -144 96
46 -23 0 48 -144 96
46 0 -46 48 -96 -144
46 0 0 48 -96 48
46 23 0 48 -48 0
46 46 0 48 0 -48
46 -46 -92 49 -196 -245
46 -46 -7 49 -196 196
46 -46 0 49 -196 147
46 -46 7 49 -196 196
46 -23 -69 49 -147 -196
46 -23 -23 49 -147 98
46 -23 0 49 -147 98
46 0 -46 49 -98 -147
46 0 0 49 -98 49
46 23 -23 49 -49 -98
46 23 0 49 -49 0
46 46 0 49 0 -49
46 -46 -92 50 -200 -250
46 -46 0 50 -200 150
46 -23 -23 50 -150 100
46 -23 0 50 -150 100
46 0 -46 50 -100 -150
46 0 0 50 -100 50
46 23 0 50 -50 0
46 46 0 50 0 -50
