2 1 0 -150 150 0
2 1 0 -149 149 0
2 1 0 -148 148 0
2 1 -1 -147 147 294
2 1 0 -147 147 0
2 1 0 -146 146 0
2 1 0 -145 145 0
2 1 0 -144 144 0
2 1 -1 -143 143 286
2 1 0 -143 143 0
2 1 0 -142 142 0
2 1 0 -141 141 0
2 1 0 -140 140 0
2 1 -1 -139 139 278
2 1 0 -139 139 0
2 1 0 -138 138 0
2 1 0 -137 137 0
2 1 0 -136 136 0
2 1 -18 -135 135 270
2 1 -1 -135 135 270
2 1 0 -135 135 0
2 1 15 -135 135 270
2 1 0 -134 134 0
2 1 0 -133 133 0
2 1 0 -132 132 0
2 1 -1 -131 131 262
2 1 0 -131 131 0
2 1 0 -130 130 0
2 1 0 -129 129 0
2 1 0 -128 128 0
2 1 -1 -127 127 254
2 1 0 -127 127 0
2 1 0 -126 126 0
2 1 0 -125 125 0
2 1 0 -124 124 0
2 1 -1 -123 123 246
2 1 0 -123 123 0
2 1 0 -122 122 0
2 1 0 -121 121 0
2 1 -6 -120 120 90
2 1 0 -120 120 0
2 1 -17 -119 119 238
2 1 -1 -119 119 238
2 1 0 -119 119 0
2 1 14 -119 119 238
2 1 0 -118 118 0
2 1 0 -117 117 0
2 1 0 -116 116 0
2 1 -1 -115 115 230
2 1 0 -115 115 0
2 1 0 -114 114 0
2 1 0 -113 113 0
2 1 0 -112 112 0
2 1 -1 -111 111 222
2 1 0 -111 111 0
2 1 0 -110 110 0
2 1 0 -109 109 0
2 1 0 -108 108 0
2 1 -1 -107 107 214
2 1 0 -107 107 0
2 1 0 -106 106 0
2 1 0 -105 105 0
2 1 -16 -104 104 208
2 1 0 -104 104 0
2 1 13 -104 104 208
2 1 -1 -103 103 206
2 1 0 -103 103 0
2 1 0 -102 102 0
2 1 0 -101 101 0
2 1 0 -100 100 0
2 1 -1 -99 99 198
2 1 0 -99 99 0
2 1 0 -98 98 0
2 1 0 -97 97 0
2 1 0 -96 96 0
2 1 -1 -95 95 190
2 1 0 -95 95 0
2 1 0 -94 94 0
2 1 0 -93 93 0
2 1 0 -92 92 0
2 1 -1 -91 91 182
2 1 0 -91 91 0
2 1 -15 -90 90 180
2 1 0 -90 90 0
2 1 12 -90 90 180
2 1 0 -89 89 0
2 1 0 -88 88 0
2 1 -1 -87 87 174
2 1 0 -87 87 0
2 1 0 -86 86 0
2 1 0 -85 85 0
2 1 0 -84 84 0
2 1 -1 -83 83 166
2 1 0 -83 83 0
2 1 0 -82 82 0
2 1 0 -81 81 0
2 1 0 -80 80 0
2 1 4 -80 80 60
2 1 -1 -79 79 158
2 1 0 -79 79 0
2 1 0 -78 78 0
2 1 -14 -77 77 154
2 1 0 -77 77 0
2 1 11 -77 77 154
2 1 0 -76 76 0
2 1 -1 -75 75 150
2 1 0 -75 75 0
2 1 0 -74 74 0
2 1 0 -73 73 0
2 1 0 -72 72 0
2 1 -1 -71 71 142
2 1 0 -71 71 0
2 1 0 -70 70 0
2 1 0 -69 69 0
2 1 0 -68 68 0
2 1 -1 -67 67 134
2 1 0 -67 67 0
2 1 0 -66 66 0
2 1 -13 -65 65 130
2 1 0 -65 65 0
2 1 10 -65 65 130
2 1 0 -64 64 0
2 1 -1 -63 63 126
2 1 0 -63 63 0
2 1 0 -62 62 0
2 1 0 -61 61 0
2 1 0 -60 60 0
2 1 -1 -59 59 118
2 1 0 -59 59 0
2 1 0 -58 58 0
2 1 0 -57 57 0
2 1 0 -56 56 0
2 1 -1 -55 55 110
2 1 0 -55 55 0
2 1 -12 -54 54 108
2 1 0 -54 54 0
2 1 9 -54 54 108
2 1 0 -53 53 0
2 1 0 -52 52 0
2 1 -1 -51 51 102
2 1 0 -51 51 0
2 1 0 -50 50 0
2 1 0 -49 49 0
2 1 -4 -48 48 36
2 1 0 -48 48 0
2 1 -1 -47 47 94
2 1 0 -47 47 0
2 1 0 -46 46 0
2 1 0 -45 45 0
2 1 -11 -44 44 88
2 1 0 -44 44 0
2 1 8 -44 44 88
2 1 -1 -43 43 86
2 1 0 -43 43 0
2 1 0 -42 42 0
2 1 0 -41 41 0
2 1 0 -40 40 0
2 1 -1 -39 39 78
2 1 0 -39 39 0
2 1 0 -38 38 0
2 1 0 -37 37 0
2 1 0 -36 36 0
2 1 -10 -35 35 70
2 1 -1 -35 35 70
2 1 0 -35 35 0
2 1 7 -35 35 70
2 1 0 -34 34 0
2 1 0 -33 33 0
2 1 0 -32 32 0
2 1 -1 -31 31 62
2 1 0 -31 31 0
2 1 0 -30 30 0
2 1 0 -29 29 0
2 1 0 -28 28 0
2 1 -30 -27 27 162
2 1 -9 -27 27 54
2 1 -1 -27 27 54
2 1 0 -27 27 0
2 1 6 -27 27 54
2 1 0 -26 26 0
2 1 0 -25 25 0
2 1 -6 -24 24 90
2 1 0 -24 24 0
2 1 2 -24 24 18
2 1 11 -24 24 90
2 1 -1 -23 23 46
2 1 0 -23 23 0
2 1 0 -22 22 0
2 1 0 -21 21 0
2 1 -8 -20 20 40
2 1 0 -20 20 0
2 1 5 -20 20 40
2 1 -1 -19 19 38
2 1 0 -19 19 0
2 1 0 -18 18 0
2 1 0 -17 17 0
2 1 0 -16 16 0
2 1 -1 -15 15 30
2 1 0 -15 15 0
2 1 -7 -14 14 28
2 1 0 -14 14 0
2 1 4 -14 14 28
2 1 0 -13 13 0
2 1 0 -12 12 0
2 1 -1 -11 11 22
2 1 0 -11 11 0
2 1 0 -10 10 0
2 1 -6 -9 9 18
2 1 0 -9 9 0
2 1 3 -9 9 18
2 1 -2 -8 8 6
2 1 0 -8 8 0
2 1 -1 -7 7 14
2 1 0 -7 7 0
2 1 0 -6 6 0
2 1 -5 -5 5 10
2 1 0 -5 5 0
2 1 2 -5 5 10
2 1 0 -4 4 0
2 1 -13 -3 3 90
2 1 -12 -3 3 36
2 1 -1 -3 3 6
2 1 0 -3 3 0
2 1 -4 -2 2 4
2 1 0 -2 2 0
2 1 1 -2 2 4
2 1 0 -1 1 0
2 1 -147 1 -1 -156
2 1 -146 1 -1 -210
2 1 -146 1 -1 -182
2 1 -140 1 -1 -240
2 1 -140 1 -1 -156
2 1 -133 1 -1 -182
2 1 -132 1 -1 -132
2 1 -131 1 -1 -156
2 1 -131 1 -1 -132
2 1 -129 1 -1 -210
2 1 -128 1 -1 -272
2 1 -128 1 -1 -132
2 1 -123 1 -1 -132
2 1 -120 1 -1 -156
2 1 -119 1 -1 -240
2 1 -118 1 -1 -182
2 1 -116 1 -1 -132
2 1 -110 1 -1 -210
2 1 -110 1 -1 -110
2 1 -109 1 -1 -110
2 1 -107 1 -1 -156
2 1 -107 1 -1 -132
2 1 -106 1 -1 -110
2 1 -103 1 -1 -272
2 1 -101 1 -1 -182
2 1 -101 1 -1 -110
2 1 -96 1 -1 -240
2 1 -96 1 -1 -132
2 1 -94 1 -1 -110
2 1 -92 1 -1 -156
2 1 -90 1 -1 -90
2 1 -89 1 -1 -210
2 1 -89 1 -1 -90
2 1 -86 1 -1 -90
2 1 -85 1 -1 -110
2 1 -83 1 -1 -132
2 1 -82 1 -1 -182
2 1 -81 1 -1 -90
2 1 -76 1 -1 -272
2 1 -75 1 -1 -156
2 1 -74 1 -1 -110
2 1 -74 1 -1 -90
2 1 -72 1 -1 -72
2 1 -71 1 -1 -240
2 1 -71 1 -1 -72
2 1 -68 1 -1 -132
2 1 -68 1 -1 -72
2 1 -66 1 -1 -210
2 1 -65 1 -1 -90
2 1 -63 1 -1 -72
2 1 -61 1 -1 -182
2 1 -61 1 -1 -110
2 1 -56 1 -1 -156
2 1 -56 1 -1 -72
2 1 -56 1 -1 -56
2 1 -55 1 -1 -56
2 1 -54 1 -1 -90
2 1 -52 1 -1 -56
2 1 -51 1 -1 -132
2 1 -47 1 -1 -272
2 1 -47 1 -1 -72
2 1 -47 1 -1 -56
2 1 -46 1 -1 -110
2 1 -44 1 -1 -240
2 1 -42 1 -1 -42
2 1 -41 1 -1 -210
2 1 -41 1 -1 -90
2 1 -41 1 -1 -42
2 1 -40 1 -1 -56
2 1 -38 1 -1 -182
2 1 -38 1 -1 -42
2 1 -36 1 -1 -72
2 1 -35 1 -1 -156
2 1 -33 1 -1 -42
2 1 -32 1 -1 -132
2 1 -31 1 -1 -56
2 1 -30 1 -1 -30
2 1 -29 1 -1 -110
2 1 -29 1 -1 -30
2 1 -26 1 -1 -90
2 1 -26 1 -1 -42
2 1 -26 1 -1 -30
2 1 -23 1 -1 -72
2 1 -21 1 -1 -30
2 1 -20 1 -1 -56
2 1 -20 1 -1 -20
2 1 -19 1 -1 -20
2 1 -17 1 -1 -42
2 1 -16 1 -1 -272
2 1 -16 1 -1 -20
2 1 -15 1 -1 -240
2 1 -14 1 -1 -210
2 1 -14 1 -1 -30
2 1 -13 1 -1 -182
2 1 -12 1 -1 -156
2 1 -12 1 -1 -12
2 1 -11 1 -1 -132
2 1 -11 1 -1 -20
2 1 -11 1 -1 -12
2 1 -10 1 -1 -110
2 1 -9 1 -1 -90
2 1 -8 1 -1 -72
2 1 -8 1 -1 -12
2 1 -7 1 -1 -56
2 1 -6 1 -1 -42
2 1 -6 1 -1 -6
2 1 -5 1 -1 -30
2 1 -5 1 -1 -6
2 1 -4 1 -1 -20
2 1 -3 1 -1 -12
2 1 -2 1 -1 -6
2 1 -2 1 -1 -2
2 1 -1 1 -1 -2
2 1 0 1 -1 0
2 1 1 1 -1 0
2 1 2 1 -1 -2
2 1 3 1 -1 -6
2 1 4 1 -1 -12
2 1 4 1 -1 0
2 1 5 1 -1 -20
2 1 6 1 -1 -30
2 1 7 1 -1 -42
2 1 7 1 -1 -2
2 1 8 1 -1 -56
2 1 9 1 -1 -72
2 1 9 1 -1 0
2 1 10 1 -1 -90
2 1 10 1 -1 -6
2 1 11 1 -1 -110
2 1 12 1 -1 -132
2 1 13 1 -1 -156
2 1 13 1 -1 -12
2 1 14 1 -1 -182
2 1 14 1 -1 -2
2 1 15 1 -1 -210
2 1 16 1 -1 -240
2 1 16 1 -1 -20
2 1 16 1 -1 0
2 1 17 1 -1 -272
2 1 19 1 -1 -30
2 1 19 1 -1 -6
2 1 22 1 -1 -42
2 1 23 1 -1 -2
2 1 24 1 -1 -12
2 1 25 1 -1 -56
2 1 25 1 -1 0
2 1 28 1 -1 -72
2 1 29 1 -1 -20
2 1 30 1 -1 -6
2 1 31 1 -1 -90
2 1 34 1 -1 -110
2 1 34 1 -1 -30
2 1 34 1 -1 -2
2 1 36 1 -1 0
2 1 37 1 -1 -132
2 1 37 1 -1 -12
2 1 39 1 -1 -42
2 1 40 1 -1 -156
2 1 43 1 -1 -182
2 1 43 1 -1 -6
2 1 44 1 -1 -56
2 1 44 1 -1 -20
2 1 46 1 -1 -210
2 1 47 1 -1 -2
2 1 49 1 -1 -240
2 1 49 1 -1 -72
2 1 49 1 -1 0
2 1 51 1 -1 -30
2 1 52 1 -1 -272
2 1 52 1 -1 -12
2 1 54 1 -1 -90
2 1 58 1 -1 -42
2 1 58 1 -1 -6
2 1 59 1 -1 -110
2 1 61 1 -1 -20
2 1 62 1 -1 -2
2 1 64 1 -1 -132
2 1 64 1 -1 0
2 1 65 1 -1 -56
2 1 69 1 -1 -156
2 1 69 1 -1 -12
2 1 70 1 -1 -30
2 1 72 1 -1 -72
2 1 74 1 -1 -182
2 1 75 1 -1 -6
2 1 79 1 -1 -210
2 1 79 1 -1 -90
2 1 79 1 -1 -42
2 1 79 1 -1 -2
2 1 80 1 -1 -20
2 1 81 1 -1 0
2 1 84 1 -1 -240
2 1 86 1 -1 -110
2 1 88 1 -1 -56
2 1 88 1 -1 -12
2 1 89 1 -1 -272
2 1 91 1 -1 -30
2 1 93 1 -1 -132
2 1 94 1 -1 -6
2 1 97 1 -1 -72
2 1 98 1 -1 -2
2 1 100 1 -1 -156
2 1 100 1 -1 0
2 1 101 1 -1 -20
2 1 102 1 -1 -42
2 1 106 1 -1 -90
2 1 107 1 -1 -182
2 1 109 1 -1 -12
2 1 113 1 -1 -56
2 1 114 1 -1 -210
2 1 114 1 -1 -30
2 1 115 1 -1 -110
2 1 115 1 -1 -6
2 1 119 1 -1 -2
2 1 121 1 -1 -240
2 1 121 1 -1 0
2 1 124 1 -1 -132
2 1 124 1 -1 -72
2 1 124 1 -1 -20
2 1 127 1 -1 -42
2 1 128 1 -1 -272
2 1 132 1 -1 -12
2 1 133 1 -1 -156
2 1 135 1 -1 -90
2 1 138 1 -1 -6
2 1 139 1 -1 -30
2 1 140 1 -1 -56
2 1 142 1 -1 -182
2 1 142 1 -1 -2
2 1 144 1 -1 0
2 1 146 1 -1 -110
2 1 149 1 -1 -20
2 1 0 2 -2 0
2 1 0 3 -3 0
2 1 0 4 -4 0
2 1 -1 5 -5 -10
2 1 0 5 -5 0
2 1 0 6 -6 0
2 1 0 7 -7 0
2 1 0 8 -8 0
2 1 -1 9 -9 -18
2 1 0 9 -9 0
2 1 0 10 -10 0
2 1 0 11 -11 0
2 1 0 12 -12 0
2 1 -1 13 -13 -26
2 1 0 13 -13 0
2 1 0 14 -14 0
2 1 0 15 -15 0
2 1 0 16 -16 0
2 1 -1 17 -17 -34
2 1 0 17 -17 0
2 1 0 18 -18 0
2 1 0 19 -19 0
2 1 0 20 -20 0
2 1 -1 21 -21 -42
2 1 0 21 -21 0
2 1 0 22 -22 0
2 1 0 23 -23 0
2 1 0 24 -24 0
2 1 -1 25 -25 -50
2 1 0 25 -25 0
2 1 0 26 -26 0
2 1 0 27 -27 0
2 1 0 28 -28 0
2 1 -1 29 -29 -58
2 1 0 29 -29 0
2 1 0 30 -30 0
2 1 0 31 -31 0
2 1 0 32 -32 0
2 1 -1 33 -33 -66
2 1 0 33 -33 0
2 1 0 34 -34 0
2 1 0 35 -35 0
2 1 0 36 -36 0
2 1 -1 37 -37 -74
2 1 0 37 -37 0
2 1 0 38 -38 0
2 1 0 39 -39 0
2 1 0 40 -40 0
2 1 -1 41 -41 -82
2 1 0 41 -41 0
2 1 0 42 -42 0
2 1 0 43 -43 0
2 1 0 44 -44 0
2 1 -1 45 -45 -90
2 1 0 45 -45 0
2 1 0 46 -46 0
2 1 0 47 -47 0
2 1 0 48 -48 0
2 1 -1 49 -49 -98
2 1 0 49 -49 0
2 1 0 50 -50 0
2 1 0 51 -51 0
2 1 0 52 -52 0
2 1 -1 53 -53 -106
2 1 0 53 -53 0
2 1 0 54 -54 0
2 1 0 55 -55 0
2 1 0 56 -56 0
2 1 -1 57 -57 -114
2 1 0 57 -57 0
2 1 0 58 -58 0
2 1 0 59 -59 0
2 1 0 60 -60 0
2 1 -1 61 -61 -122
2 1 0 61 -61 0
2 1 0 62 -62 0
2 1 0 63 -63 0
2 1 0 64 -64 0
2 1 -1 65 -65 -130
2 1 0 65 -65 0
2 1 0 66 -66 0
2 1 0 67 -67 0
2 1 0 68 -68 0
2 1 -1 69 -69 -138
2 1 0 69 -69 0
2 1 0 70 -70 0
2 1 0 71 -71 0
2 1 0 72 -72 0
2 1 -1 73 -73 -146
2 1 0 73 -73 0
2 1 0 74 -74 0
2 1 0 75 -75 0
2 1 0 76 -76 0
2 1 -1 77 -77 -154
2 1 0 77 -77 0
2 1 0 78 -78 0
2 1 0 79 -79 0
2 1 0 80 -80 0
2 1 -1 81 -81 -162
2 1 0 81 -81 0
2 1 0 82 -82 0
2 1 0 83 -83 0
2 1 0 84 -84 0
2 1 -1 85 -85 -170
2 1 0 85 -85 0
2 1 0 86 -86 0
2 1 0 87 -87 0
2 1 0 88 -88 0
2 1 -1 89 -89 -178
2 1 0 89 -89 0
2 1 0 90 -90 0
2 1 0 91 -91 0
2 1 0 92 -92 0
2 1 -1 93 -93 -186
2 1 0 93 -93 0
2 1 0 94 -94 0
2 1 0 95 -95 0
2 1 0 96 -96 0
2 1 -1 97 -97 -194
2 1 0 97 -97 0
2 1 0 98 -98 0
2 1 0 99 -99 0
2 1 0 100 -100 0
2 1 -1 101 -101 -202
2 1 0 101 -101 0
2 1 0 102 -102 0
2 1 0 103 -103 0
2 1 0 104 -104 0
2 1 -1 105 -105 -210
2 1 0 105 -105 0
2 1 0 106 -106 0
2 1 0 107 -107 0
2 1 0 108 -108 0
2 1 -1 109 -109 -218
2 1 0 109 -109 0
2 1 0 110 -110 0
2 1 0 111 -111 0
2 1 0 112 -112 0
2 1 -1 113 -113 -226
2 1 0 113 -113 0
2 1 0 114 -114 0
2 1 0 115 -115 0
2 1 0 116 -116 0
2 1 -1 117 -117 -234
2 1 0 117 -117 0
2 1 0 118 -118 0
2 1 0 119 -119 0
2 1 0 120 -120 0
2 1 -1 121 -121 -242
2 1 0 121 -121 0
2 1 0 122 -122 0
2 1 0 123 -123 0
2 1 0 124 -124 0
2 1 -1 125 -125 -250
2 1 0 125 -125 0
2 1 0 126 -126 0
2 1 0 127 -127 0
2 1 0 128 -128 0
2 1 -1 129 -129 -258
2 1 0 129 -129 0
2 1 0 130 -130 0
2 1 0 131 -131 0
2 1 0 132 -132 0
2 1 -1 133 -133 -266
2 1 0 133 -133 0
2 1 0 134 -134 0
2 1 0 135 -135 0
2 1 0 136 -136 0
2 1 -1 137 -137 -274
2 1 0 137 -137 0
2 1 0 138 -138 0
2 1 0 139 -139 0
2 1 0 140 -140 0
2 1 -1 141 -141 -282
2 1 0 141 -141 0
2 1 0 142 -142 0
2 1 0 143 -143 0
2 1 0 144 -144 0
2 1 -1 145 -145 -290
2 1 0 145 -145 0
2 1 0 146 -146 0
2 1 0 147 -147 0
2 1 0 148 -148 0
2 1 -1 149 -149 -298
2 1 0 149 -149 0
2 1 0 150 -150 0
4 2 0 -150 150 0
4 2 0 -149 149 0
4 2 -2 -148 148 296
4 2 0 -148 148 0
4 2 0 -147 147 0
4 2 0 -146 146 0
4 2 0 -145 145 0
4 2 -2 -144 144 288
4 2 0 -144 144 0
4 2 0 -143 143 0
4 2 0 -142 142 0
4 2 0 -141 141 0
4 2 -20 -140 140 280
4 2 -2 -140 140 280
4 2 0 -140 140 0
4 2 14 -140 140 280
4 2 0 -139 139 0
4 2 0 -138 138 0
4 2 0 -137 137 0
4 2 -2 -136 136 272
4 2 0 -136 136 0
4 2 0 -135 135 0
4 2 0 -134 134 0
4 2 0 -133 133 0
4 2 -2 -132 132 264
4 2 0 -132 132 0
4 2 0 -131 131 0
4 2 0 -130 130 0
4 2 0 -129 129 0
4 2 -2 -128 128 256
4 2 0 -128 128 0
4 2 0 -127 127 0
4 2 0 -126 126 0
4 2 0 -125 125 0
4 2 -2 -124 124 248
4 2 0 -124 124 0
4 2 0 -123 123 0
4 2 0 -122 122 0
4 2 0 -121 121 0
4 2 -2 -120 120 240
4 2 0 -120 120 0
4 2 0 -119 119 0
4 2 0 -118 118 0
4 2 0 -117 117 0
4 2 -2 -116 116 232
4 2 0 -116 116 0
4 2 0 -115 115 0
4 2 0 -114 114 0
4 2 0 -113 113 0
4 2 -2 -112 112 224
4 2 0 -112 112 0
4 2 0 -111 111 0
4 2 0 -110 110 0
4 2 0 -109 109 0
4 2 -18 -108 108 216
4 2 -2 -108 108 216
4 2 0 -108 108 0
4 2 12 -108 108 216
4 2 0 -107 107 0
4 2 0 -106 106 0
4 2 0 -105 105 0
4 2 -2 -104 104 208
4 2 0 -104 104 0
4 2 0 -103 103 0
4 2 0 -102 102 0
4 2 0 -101 101 0
4 2 -2 -100 100 200
4 2 0 -100 100 0
4 2 0 -99 99 0
4 2 0 -98 98 0
4 2 0 -97 97 0
4 2 -6 -96 96 72
4 2 -2 -96 96 192
4 2 0 -96 96 0
4 2 4 -96 96 72
4 2 0 -95 95 0
4 2 0 -94 94 0
4 2 0 -93 93 0
4 2 -2 -92 92 184
4 2 0 -92 92 0
4 2 0 -91 91 0
4 2 0 -90 90 0
4 2 0 -89 89 0
4 2 -2 -88 88 176
4 2 0 -88 88 0
4 2 0 -87 87 0
4 2 0 -86 86 0
4 2 0 -85 85 0
4 2 -2 -84 84 168
4 2 0 -84 84 0
4 2 0 -83 83 0
4 2 0 -82 82 0
4 2 0 -81 81 0
4 2 -16 -80 80 160
4 2 -2 -80 80 160
4 2 0 -80 80 0
4 2 10 -80 80 160
4 2 0 -79 79 0
4 2 0 -78 78 0
4 2 0 -77 77 0
4 2 -2 -76 76 152
4 2 0 -76 76 0
4 2 0 -75 75 0
4 2 0 -74 74 0
4 2 0 -73 73 0
4 2 -2 -72 72 144
4 2 0 -72 72 0
4 2 0 -71 71 0
4 2 0 -70 70 0
4 2 0 -69 69 0
4 2 -2 -68 68 136
4 2 0 -68 68 0
4 2 0 -67 67 0
4 2 0 -66 66 0
4 2 0 -65 65 0
4 2 -2 -64 64 128
4 2 0 -64 64 0
4 2 0 -63 63 0
4 2 0 -62 62 0
4 2 0 -61 61 0
4 2 -2 -60 60 120
4 2 0 -60 60 0
4 2 0 -59 59 0
4 2 0 -58 58 0
4 2 0 -57 57 0
4 2 -14 -56 56 112
4 2 -2 -56 56 112
4 2 0 -56 56 0
4 2 8 -56 56 112
4 2 0 -55 55 0
4 2 0 -54 54 0
4 2 0 -53 53 0
4 2 -2 -52 52 104
4 2 0 -52 52 0
4 2 0 -51 51 0
4 2 0 -50 50 0
4 2 0 -49 49 0
4 2 -2 -48 48 96
4 2 0 -48 48 0
4 2 0 -47 47 0
4 2 0 -46 46 0
4 2 0 -45 45 0
4 2 -2 -44 44 88
4 2 0 -44 44 0
4 2 0 -43 43 0
4 2 0 -42 42 0
4 2 0 -41 41 0
4 2 -2 -40 40 80
4 2 0 -40 40 0
4 2 0 -39 39 0
4 2 0 -38 38 0
4 2 0 -37 37 0
4 2 -20 -36 36 216
4 2 -12 -36 36 72
4 2 -2 -36 36 72
4 2 0 -36 36 0
4 2 6 -36 36 72
4 2 6 -36 36 216
4 2 0 -35 35 0
4 2 0 -34 34 0
4 2 0 -33 33 0
4 2 -4 -32 32 24
4 2 -2 -32 32 64
4 2 0 -32 32 0
4 2 2 -32 32 24
4 2 0 -31 31 0
4 2 0 -30 30 0
4 2 0 -29 29 0
4 2 -2 -28 28 56
4 2 0 -28 28 0
4 2 0 -27 27 0
4 2 0 -26 26 0
4 2 0 -25 25 0
4 2 -18 -24 24 144
4 2 -2 -24 24 48
4 2 0 -24 24 0
4 2 4 -24 24 144
4 2 0 -23 23 0
4 2 0 -22 22 0
4 2 0 -21 21 0
4 2 -10 -20 20 40
4 2 -2 -20 20 40
4 2 0 -20 20 0
4 2 4 -20 20 40
4 2 0 -19 19 0
4 2 0 -18 18 0
4 2 12 -18 18 108
4 2 0 -17 17 0
4 2 -2 -16 16 32
4 2 0 -16 16 0
4 2 0 -15 15 0
4 2 0 -14 14 0
4 2 0 -13 13 0
4 2 -24 -12 12 144
4 2 -2 -12 12 24
4 2 0 -12 12 0
4 2 0 -11 11 0
4 2 0 -10 10 0
4 2 0 -9 9 0
4 2 -8 -8 8 16
4 2 -2 -8 8 16
4 2 0 -8 8 0
4 2 2 -8 8 16
4 2 0 -7 7 0
4 2 0 -6 6 0
4 2 0 -5 5 0
4 2 -2 -4 4 8
4 2 0 -4 4 0
4 2 0 -3 3 0
4 2 0 -2 2 0
4 2 0 -1 1 0
4 2 0 1 -1 0
4 2 0 2 -2 0
4 2 0 3 -3 0
4 2 -144 4 -4 -288
4 2 -142 4 -4 -288
4 2 -136 4 -4 -288
4 2 -126 4 -4 -288
4 2 -112 4 -4 -288
4 2 -112 4 -4 -224
4 2 -110 4 -4 -224
4 2 -104 4 -4 -224
4 2 -94 4 -4 -288
4 2 -94 4 -4 -224
4 2 -84 4 -4 -168
4 2 -82 4 -4 -168
4 2 -80 4 -4 -224
4 2 -76 4 -4 -168
4 2 -72 4 -4 -288
4 2 -66 4 -4 -168
4 2 -62 4 -4 -224
4 2 -60 4 -4 -120
4 2 -58 4 -4 -120
4 2 -52 4 -4 -168
4 2 -52 4 -4 -120
4 2 -46 4 -4 -288
4 2 -42 4 -4 -120
4 2 -40 4 -4 -224
4 2 -40 4 -4 -80
4 2 -38 4 -4 -80
4 2 -34 4 -4 -168
4 2 -32 4 -4 -80
4 2 -28 4 -4 -120
4 2 -24 4 -4 -48
4 2 -22 4 -4 -80
4 2 -22 4 -4 -48
4 2 -16 4 -4 -288
4 2 -16 4 -4 -48
4 2 -14 4 -4 -224
4 2 -12 4 -4 -168
4 2 -12 4 -4 -24
4 2 -10 4 -4 -120
4 2 -10 4 -4 -24
4 2 -8 4 -4 -80
4 2 -6 4 -4 -48
4 2 -4 4 -4 -24
4 2 -4 4 -4 -8
4 2 -2 4 -4 -8
4 2 0 4 -4 0
4 2 2 4 -4 0
4 2 4 4 -4 -8
4 2 6 4 -4 -24
4 2 8 4 -4 -48
4 2 8 4 -4 0
4 2 10 4 -4 -80
4 2 12 4 -4 -120
4 2 14 4 -4 -168
4 2 14 4 -4 -8
4 2 16 4 -4 -224
4 2 18 4 -4 -288
4 2 18 4 -4 0
4 2 20 4 -4 -24
4 2 26 4 -4 -48
4 2 28 4 -4 -8
4 2 32 4 -4 -80
4 2 32 4 -4 0
4 2 38 4 -4 -120
4 2 38 4 -4 -24
4 2 44 4 -4 -168
4 2 46 4 -4 -8
4 2 48 4 -4 -48
4 2 50 4 -4 -224
4 2 50 4 -4 0
4 2 56 4 -4 -288
4 2 58 4 -4 -80
4 2 60 4 -4 -24
4 2 68 4 -4 -120
4 2 68 4 -4 -8
4 2 72 4 -4 0
4 2 74 4 -4 -48
4 2 78 4 -4 -168
4 2 86 4 -4 -24
4 2 88 4 -4 -224
4 2 88 4 -4 -80
4 2 94 4 -4 -8
4 2 98 4 -4 -288
4 2 98 4 -4 0
4 2 102 4 -4 -120
4 2 104 4 -4 -48
4 2 116 4 -4 -168
4 2 116 4 -4 -24
4 2 122 4 -4 -80
4 2 124 4 -4 -8
4 2 128 4 -4 0
4 2 130 4 -4 -224
4 2 138 4 -4 -48
4 2 140 4 -4 -120
4 2 144 4 -4 -288
4 2 150 4 -4 -24
4 2 0 5 -5 0
4 2 0 6 -6 0
4 2 0 7 -7 0
4 2 -2 8 -8 -16
4 2 0 8 -8 0
4 2 0 9 -9 0
4 2 0 10 -10 0
4 2 0 11 -11 0
4 2 -2 12 -12 -24
4 2 0 12 -12 0
4 2 0 13 -13 0
4 2 0 14 -14 0
4 2 0 15 -15 0
4 2 -2 16 -16 -32
4 2 0 16 -16 0
4 2 0 17 -17 0
4 2 0 18 -18 0
4 2 0 19 -19 0
4 2 -2 20 -20 -40
4 2 0 20 -20 0
4 2 0 21 -21 0
4 2 0 22 -22 0
4 2 0 23 -23 0
4 2 -2 24 -24 -48
4 2 0 24 -24 0
4 2 0 25 -25 0
4 2 0 26 -26 0
4 2 0 27 -27 0
4 2 -2 28 -28 -56
4 2 0 28 -28 0
4 2 0 29 -29 0
4 2 0 30 -30 0
4 2 0 31 -31 0
4 2 -2 32 -32 -64
4 2 0 32 -32 0
4 2 0 33 -33 0
4 2 0 34 -34 0
4 2 0 35 -35 0
4 2 -2 36 -36 -72
4 2 0 36 -36 0
4 2 0 37 -37 0
4 2 0 38 -38 0
4 2 0 39 -39 0
4 2 -2 40 -40 -80
4 2 0 40 -40 0
4 2 0 41 -41 0
4 2 0 42 -42 0
4 2 0 43 -43 0
4 2 -2 44 -44 -88
4 2 0 44 -44 0
4 2 0 45 -45 0
4 2 0 46 -46 0
4 2 0 47 -47 0
4 2 -2 48 -48 -96
4 2 0 48 -48 0
4 2 0 49 -49 0
4 2 0 50 -50 0
4 2 0 51 -51 0
4 2 -2 52 -52 -104
4 2 0 52 -52 0
4 2 0 53 -53 0
4 2 0 54 -54 0
4 2 0 55 -55 0
4 2 -2 56 -56 -112
4 2 0 56 -56 0
4 2 0 57 -57 0
4 2 0 58 -58 0
4 2 0 59 -59 0
4 2 -2 60 -60 -120
4 2 0 60 -60 0
4 2 0 61 -61 0
4 2 0 62 -62 0
4 2 0 63 -63 0
4 2 -2 64 -64 -128
4 2 0 64 -64 0
4 2 0 65 -65 0
4 2 0 66 -66 0
4 2 0 67 -67 0
4 2 -2 68 -68 -136
4 2 0 68 -68 0
4 2 0 69 -69 0
4 2 0 70 -70 0
4 2 0 71 -71 0
4 2 -2 72 -72 -144
4 2 0 72 -72 0
4 2 0 73 -73 0
4 2 0 74 -74 0
4 2 0 75 -75 0
4 2 -2 76 -76 -152
4 2 0 76 -76 0
4 2 0 77 -77 0
4 2 0 78 -78 0
4 2 0 79 -79 0
4 2 -2 80 -80 -160
4 2 0 80 -80 0
4 2 0 81 -81 0
4 2 0 82 -82 0
4 2 0 83 -83 0
4 2 -2 84 -84 -168
4 2 0 84 -84 0
4 2 0 85 -85 0
4 2 0 86 -86 0
4 2 0 87 -87 0
4 2 -2 88 -88 -176
4 2 0 88 -88 0
4 2 0 89 -89 0
4 2 0 90 -90 0
4 2 0 91 -91 0
4 2 -2 92 -92 -184
4 2 0 92 -92 0
4 2 0 93 -93 0
4 2 0 94 -94 0
4 2 0 95 -95 0
4 2 -2 96 -96 -192
4 2 0 96 -96 0
4 2 0 97 -97 0
4 2 0 98 -98 0
4 2 0 99 -99 0
4 2 -2 100 -100 -200
4 2 0 100 -100 0
4 2 0 101 -101 0
4 2 0 102 -102 0
4 2 0 103 -103 0
4 2 -2 104 -104 -208
4 2 0 104 -104 0
4 2 0 105 -105 0
4 2 0 106 -106 0
4 2 0 107 -107 0
4 2 -2 108 -108 -216
4 2 0 108 -108 0
4 2 0 109 -109 0
4 2 0 110 -110 0
4 2 0 111 -111 0
4 2 -2 112 -112 -224
4 2 0 112 -112 0
4 2 0 113 -113 0
4 2 0 114 -114 0
4 2 0 115 -115 0
4 2 -2 116 -116 -232
4 2 0 116 -116 0
4 2 0 117 -117 0
4 2 0 118 -118 0
4 2 0 119 -119 0
4 2 -2 120 -120 -240
4 2 0 120 -120 0
4 2 0 121 -121 0
4 2 0 122 -122 0
4 2 0 123 -123 0
4 2 -2 124 -124 -248
4 2 0 124 -124 0
4 2 0 125 -125 0
4 2 0 126 -126 0
4 2 0 127 -127 0
4 2 -2 128 -128 -256
4 2 0 128 -128 0
4 2 0 129 -129 0
4 2 0 130 -130 0
4 2 0 131 -131 0
4 2 -2 132 -132 -264
4 2 0 132 -132 0
4 2 0 133 -133 0
4 2 0 134 -134 0
4 2 0 135 -135 0
4 2 -2 136 -136 -272
4 2 0 136 -136 0
4 2 0 137 -137 0
4 2 0 138 -138 0
4 2 0 139 -139 0
4 2 -2 140 -140 -280
4 2 0 140 -140 0
4 2 0 141 -141 0
4 2 0 142 -142 0
4 2 0 143 -143 0
4 2 -2 144 -144 -288
4 2 0 144 -144 0
4 2 0 145 -145 0
4 2 0 146 -146 0
4 2 0 147 -147 0
4 2 -2 148 -148 -296
4 2 0 148 -148 0
4 2 0 149 -149 0
4 2 0 150 -150 0
6 3 0 -150 150 0
6 3 0 -149 149 0
6 3 0 -148 148 0
6 3 -3 -147 147 294
6 3 0 -147 147 0
6 3 0 -146 146 0
6 3 0 -145 145 0
6 3 0 -144 144 0
6 3 -22 -143 143 286
6 3 -3 -143 143 286
6 3 0 -143 143 0
6 3 13 -143 143 286
6 3 0 -142 142 0
6 3 0 -141 141 0
6 3 0 -140 140 0
6 3 -3 -139 139 278
6 3 0 -139 139 0
6 3 0 -138 138 0
6 3 0 -137 137 0
6 3 0 -136 136 0
6 3 -3 -135 135 270
6 3 0 -135 135 0
6 3 0 -134 134 0
6 3 0 -133 133 0
6 3 0 -132 132 0
6 3 -3 -131 131 262
6 3 0 -131 131 0
6 3 0 -130 130 0
6 3 0 -129 129 0
6 3 0 -128 128 0
6 3 -3 -127 127 254
6 3 0 -127 127 0
6 3 -21 -126 126 252
6 3 0 -126 126 0
6 3 12 -126 126 252
6 3 0 -125 125 0
6 3 0 -124 124 0
6 3 -3 -123 123 246
6 3 0 -123 123 0
6 3 0 -122 122 0
6 3 0 -121 121 0
6 3 0 -120 120 0
6 3 -3 -119 119 238
6 3 0 -119 119 0
6 3 0 -118 118 0
6 3 0 -117 117 0
6 3 0 -116 116 0
6 3 -3 -115 115 230
6 3 0 -115 115 0
6 3 0 -114 114 0
6 3 0 -113 113 0
6 3 0 -112 112 0
6 3 4 -112 112 84
6 3 -3 -111 111 222
6 3 0 -111 111 0
6 3 -20 -110 110 220
6 3 0 -110 110 0
6 3 11 -110 110 220
6 3 0 -109 109 0
6 3 0 -108 108 0
6 3 -3 -107 107 214
6 3 0 -107 107 0
6 3 0 -106 106 0
6 3 0 -105 105 0
6 3 0 -104 104 0
6 3 -3 -103 103 206
6 3 0 -103 103 0
6 3 0 -102 102 0
6 3 0 -101 101 0
6 3 0 -100 100 0
6 3 -3 -99 99 198
6 3 0 -99 99 0
6 3 0 -98 98 0
6 3 0 -97 97 0
6 3 0 -96 96 0
6 3 -19 -95 95 190
6 3 -3 -95 95 190
6 3 0 -95 95 0
6 3 10 -95 95 190
6 3 0 -94 94 0
6 3 0 -93 93 0
6 3 0 -92 92 0
6 3 -3 -91 91 182
6 3 0 -91 91 0
6 3 0 -90 90 0
6 3 0 -89 89 0
6 3 0 -88 88 0
6 3 -3 -87 87 174
6 3 0 -87 87 0
6 3 0 -86 86 0
6 3 0 -85 85 0
6 3 0 -84 84 0
6 3 -3 -83 83 166
6 3 0 -83 83 0
6 3 0 -82 82 0
6 3 -18 -81 81 162
6 3 0 -81 81 0
6 3 9 -81 81 162
6 3 0 -80 80 0
6 3 -3 -79 79 158
6 3 0 -79 79 0
6 3 0 -78 78 0
6 3 0 -77 77 0
6 3 0 -76 76 0
6 3 -3 -75 75 150
6 3 0 -75 75 0
6 3 0 -74 74 0
6 3 0 -73 73 0
6 3 -6 -72 72 54
6 3 0 -72 72 0
6 3 -3 -71 71 142
6 3 0 -71 71 0
6 3 0 -70 70 0
6 3 0 -69 69 0
6 3 -17 -68 68 136
6 3 0 -68 68 0
6 3 8 -68 68 136
6 3 -3 -67 67 134
6 3 0 -67 67 0
6 3 0 -66 66 0
6 3 0 -65 65 0
6 3 0 -64 64 0
6 3 -3 -63 63 126
6 3 0 -63 63 0
6 3 0 -62 62 0
6 3 0 -61 61 0
6 3 0 -60 60 0
6 3 -3 -59 59 118
6 3 0 -59 59 0
6 3 0 -58 58 0
6 3 0 -57 57 0
6 3 -16 -56 56 112
6 3 0 -56 56 0
6 3 7 -56 56 112
6 3 -3 -55 55 110
6 3 0 -55 55 0
6 3 0 -54 54 0
6 3 0 -53 53 0
6 3 0 -52 52 0
6 3 -3 -51 51 102
6 3 0 -51 51 0
6 3 0 -50 50 0
6 3 0 -49 49 0
6 3 0 -48 48 0
6 3 -3 -47 47 94
6 3 0 -47 47 0
6 3 0 -46 46 0
6 3 -15 -45 45 90
6 3 0 -45 45 0
6 3 6 -45 45 90
6 3 0 -44 44 0
6 3 -3 -43 43 86
6 3 0 -43 43 0
6 3 0 -42 42 0
6 3 0 -41 41 0
6 3 0 -40 40 0
6 3 2 -40 40 30
6 3 -3 -39 39 78
6 3 0 -39 39 0
6 3 0 -38 38 0
6 3 0 -37 37 0
6 3 0 -36 36 0
6 3 -14 -35 35 70
6 3 -3 -35 35 70
6 3 0 -35 35 0
6 3 5 -35 35 70
6 3 0 -34 34 0
6 3 0 -33 33 0
6 3 0 -32 32 0
6 3 -3 -31 31 62
6 3 0 -31 31 0
6 3 -45 -30 30 180
6 3 0 -30 30 0
6 3 0 -29 29 0
6 3 0 -28 28 0
6 3 -3 -27 27 54
6 3 0 -27 27 0
6 3 -13 -26 26 52
6 3 0 -26 26 0
6 3 4 -26 26 52
6 3 0 -25 25 0
6 3 0 -24 24 0
6 3 -3 -23 23 46
6 3 0 -23 23 0
6 3 0 -22 22 0
6 3 0 -21 21 0
6 3 0 -20 20 0
6 3 -22 -19 19 114
6 3 -3 -19 19 38
6 3 0 -19 19 0
6 3 1 -19 19 114
6 3 10 -19 19 114
6 3 -12 -18 18 36
6 3 0 -18 18 0
6 3 3 -18 18 36
6 3 0 -17 17 0
6 3 -4 -16 16 12
6 3 0 -16 16 0
6 3 -3 -15 15 30
6 3 0 -15 15 0
6 3 0 -14 14 0
6 3 0 -13 13 0
6 3 0 -12 12 0
6 3 -12 -11 11 220
6 3 -11 -11 11 22
6 3 -3 -11 11 22
6 3 0 -11 11 0
6 3 2 -11 11 22
6 3 0 -10 10 0
6 3 0 -9 9 0
6 3 0 -8 8 0
6 3 -17 -7 7 84
6 3 -3 -7 7 14
6 3 0 -7 7 0
6 3 0 -6 6 0
6 3 -10 -5 5 10
6 3 0 -5 5 0
6 3 1 -5 5 10
6 3 0 -4 4 0
6 3 -3 -3 3 6
6 3 0 -3 3 0
6 3 0 -2 2 0
6 3 0 -1 1 0
6 3 -3 1 -1 -2
6 3 0 1 -1 0
6 3 0 2 -2 0
6 3 0 3 -3 0
6 3 -8 4 -4 -8
6 3 -1 4 -4 -8
6 3 0 4 -4 0
6 3 -10 5 -5 -30
6 3 -3 5 -5 -10
6 3 0 5 -5 0
6 3 0 6 -6 0
6 3 -7 7 -7 -14
6 3 -2 7 -7 -14
6 3 0 7 -7 0
6 3 -2 8 -8 -6
6 3 0 8 -8 0
6 3 -90 9 -9 -270
6 3 -87 9 -9 -270
6 3 -78 9 -9 -270
6 3 -63 9 -9 -270
6 3 -60 9 -9 -180
6 3 -57 9 -9 -180
6 3 -48 9 -9 -180
6 3 -42 9 -9 -270
6 3 -36 9 -9 -108
6 3 -33 9 -9 -180
6 3 -33 9 -9 -108
6 3 -24 9 -9 -108
6 3 -18 9 -9 -54
6 3 -15 9 -9 -270
6 3 -15 9 -9 -54
6 3 -12 9 -9 -180
6 3 -9 9 -9 -108
6 3 -6 9 -9 -54
6 3 -6 9 -9 -18
6 3 -3 9 -9 -18
6 3 0 9 -9 0
6 3 3 9 -9 0
6 3 6 9 -9 -18
6 3 9 9 -9 -54
6 3 12 9 -9 -108
6 3 12 9 -9 0
6 3 15 9 -9 -180
6 3 18 9 -9 -270
6 3 21 9 -9 -18
6 3 27 9 -9 0
6 3 30 9 -9 -54
6 3 39 9 -9 -108
6 3 42 9 -9 -18
6 3 48 9 -9 -180
6 3 48 9 -9 0
6 3 57 9 -9 -270
6 3 57 9 -9 -54
6 3 69 9 -9 -18
6 3 72 9 -9 -108
6 3 75 9 -9 0
6 3 87 9 -9 -180
6 3 90 9 -9 -54
6 3 102 9 -9 -270
6 3 102 9 -9 -18
6 3 108 9 -9 0
6 3 111 9 -9 -108
6 3 129 9 -9 -54
6 3 132 9 -9 -180
6 3 141 9 -9 -18
6 3 147 9 -9 0
6 3 -5 10 -10 -20
6 3 -4 10 -10 -20
6 3 0 10 -10 0
6 3 0 11 -11 0
6 3 0 12 -12 0
6 3 -3 13 -13 -26
6 3 0 13 -13 0
6 3 0 14 -14 0
6 3 0 15 -15 0
6 3 0 16 -16 0
6 3 -3 17 -17 -34
6 3 0 17 -17 0
6 3 0 18 -18 0
6 3 0 19 -19 0
6 3 0 20 -20 0
6 3 -3 21 -21 -42
6 3 0 21 -21 0
6 3 0 22 -22 0
6 3 0 23 -23 0
6 3 0 24 -24 0
6 3 -3 25 -25 -50
6 3 0 25 -25 0
6 3 0 26 -26 0
6 3 0 27 -27 0
6 3 0 28 -28 0
6 3 -3 29 -29 -58
6 3 0 29 -29 0
6 3 0 30 -30 0
6 3 0 31 -31 0
6 3 0 32 -32 0
6 3 -3 33 -33 -66
6 3 0 33 -33 0
6 3 0 34 -34 0
6 3 0 35 -35 0
6 3 0 36 -36 0
6 3 -3 37 -37 -74
6 3 0 37 -37 0
6 3 0 38 -38 0
6 3 0 39 -39 0
6 3 0 40 -40 0
6 3 -3 41 -41 -82
6 3 0 41 -41 0
6 3 0 42 -42 0
6 3 0 43 -43 0
6 3 -8 44 -44 -264
6 3 0 44 -44 0
6 3 -3 45 -45 -90
6 3 0 45 -45 0
6 3 0 46 -46 0
6 3 0 47 -47 0
6 3 0 48 -48 0
6 3 -3 49 -49 -98
6 3 0 49 -49 0
6 3 0 50 -50 0
6 3 0 51 -51 0
6 3 0 52 -52 0
6 3 -3 53 -53 -106
6 3 0 53 -53 0
6 3 0 54 -54 0
6 3 0 55 -55 0
6 3 0 56 -56 0
6 3 -3 57 -57 -114
6 3 0 57 -57 0
6 3 0 58 -58 0
6 3 0 59 -59 0
6 3 0 60 -60 0
6 3 -3 61 -61 -122
6 3 0 61 -61 0
6 3 0 62 -62 0
6 3 0 63 -63 0
6 3 0 64 -64 0
6 3 -3 65 -65 -130
6 3 0 65 -65 0
6 3 0 66 -66 0
6 3 0 67 -67 0
6 3 0 68 -68 0
6 3 -3 69 -69 -138
6 3 0 69 -69 0
6 3 0 70 -70 0
6 3 0 71 -71 0
6 3 0 72 -72 0
6 3 -3 73 -73 -146
6 3 0 73 -73 0
6 3 0 74 -74 0
6 3 0 75 -75 0
6 3 0 76 -76 0
6 3 -3 77 -77 -154
6 3 0 77 -77 0
6 3 0 78 -78 0
6 3 0 79 -79 0
6 3 0 80 -80 0
6 3 -3 81 -81 -162
6 3 0 81 -81 0
6 3 0 82 -82 0
6 3 0 83 -83 0
6 3 0 84 -84 0
6 3 -3 85 -85 -170
6 3 0 85 -85 0
6 3 0 86 -86 0
6 3 0 87 -87 0
6 3 0 88 -88 0
6 3 -3 89 -89 -178
6 3 0 89 -89 0
6 3 0 90 -90 0
6 3 0 91 -91 0
6 3 0 92 -92 0
6 3 -3 93 -93 -186
6 3 0 93 -93 0
6 3 0 94 -94 0
6 3 0 95 -95 0
6 3 0 96 -96 0
6 3 -3 97 -97 -194
6 3 0 97 -97 0
6 3 0 98 -98 0
6 3 0 99 -99 0
6 3 0 100 -100 0
6 3 -3 101 -101 -202
6 3 0 101 -101 0
6 3 0 102 -102 0
6 3 0 103 -103 0
6 3 0 104 -104 0
6 3 -3 105 -105 -210
6 3 0 105 -105 0
6 3 0 106 -106 0
6 3 0 107 -107 0
6 3 0 108 -108 0
6 3 -3 109 -109 -218
6 3 0 109 -109 0
6 3 0 110 -110 0
6 3 0 111 -111 0
6 3 0 112 -112 0
6 3 -3 113 -113 -226
6 3 0 113 -113 0
6 3 0 114 -114 0
6 3 0 115 -115 0
6 3 0 116 -116 0
6 3 -3 117 -117 -234
6 3 0 117 -117 0
6 3 0 118 -118 0
6 3 0 119 -119 0
6 3 0 120 -120 0
6 3 -3 121 -121 -242
6 3 0 121 -121 0
6 3 0 122 -122 0
6 3 0 123 -123 0
6 3 0 124 -124 0
6 3 -3 125 -125 -250
6 3 0 125 -125 0
6 3 0 126 -126 0
6 3 0 127 -127 0
6 3 0 128 -128 0
6 3 -3 129 -129 -258
6 3 0 129 -129 0
6 3 0 130 -130 0
6 3 0 131 -131 0
6 3 0 132 -132 0
6 3 -3 133 -133 -266
6 3 0 133 -133 0
6 3 0 134 -134 0
6 3 0 135 -135 0
6 3 0 136 -136 0
6 3 -3 137 -137 -274
6 3 0 137 -137 0
6 3 0 138 -138 0
6 3 0 139 -139 0
6 3 0 140 -140 0
6 3 -3 141 -141 -282
6 3 0 141 -141 0
6 3 0 142 -142 0
6 3 0 143 -143 0
6 3 0 144 -144 0
6 3 -3 145 -145 -290
6 3 0 145 -145 0
6 3 0 146 -146 0
6 3 0 147 -147 0
6 3 0 148 -148 0
6 3 -3 149 -149 -298
6 3 0 149 -149 0
6 3 0 150 -150 0
8 4 0 -150 150 0
8 4 0 -149 149 0
8 4 -4 -148 148 296
8 4 0 -148 148 0
8 4 0 -147 147 0
8 4 0 -146 146 0
8 4 0 -145 145 0
8 4 -24 -144 144 288
8 4 -4 -144 144 288
8 4 0 -144 144 0
8 4 12 -144 144 288
8 4 0 -143 143 0
8 4 0 -142 142 0
8 4 0 -141 141 0
8 4 -4 -140 140 280
8 4 0 -140 140 0
8 4 0 -139 139 0
8 4 0 -138 138 0
8 4 0 -137 137 0
8 4 -4 -136 136 272
8 4 0 -136 136 0
8 4 0 -135 135 0
8 4 0 -134 134 0
8 4 0 -133 133 0
8 4 -4 -132 132 264
8 4 0 -132 132 0
8 4 0 -131 131 0
8 4 0 -130 130 0
8 4 0 -129 129 0
8 4 -8 -128 128 96
8 4 -4 -128 128 256
8 4 0 -128 128 0
8 4 4 -128 128 96
8 4 0 -127 127 0
8 4 0 -126 126 0
8 4 0 -125 125 0
8 4 -4 -124 124 248
8 4 0 -124 124 0
8 4 0 -123 123 0
8 4 0 -122 122 0
8 4 0 -121 121 0
8 4 -4 -120 120 240
8 4 0 -120 120 0
8 4 0 -119 119 0
8 4 0 -118 118 0
8 4 0 -117 117 0
8 4 -4 -116 116 232
8 4 0 -116 116 0
8 4 0 -115 115 0
8 4 0 -114 114 0
8 4 0 -113 113 0
8 4 -4 -112 112 224
8 4 0 -112 112 0
8 4 0 -111 111 0
8 4 -22 -110 110 220
8 4 0 -110 110 0
8 4 10 -110 110 220
8 4 0 -109 109 0
8 4 -4 -108 108 216
8 4 0 -108 108 0
8 4 0 -107 107 0
8 4 0 -106 106 0
8 4 0 -105 105 0
8 4 -4 -104 104 208
8 4 0 -104 104 0
8 4 0 -103 103 0
8 4 0 -102 102 0
8 4 0 -101 101 0
8 4 -4 -100 100 200
8 4 0 -100 100 0
8 4 0 -99 99 0
8 4 0 -98 98 0
8 4 0 -97 97 0
8 4 -4 -96 96 192
8 4 0 -96 96 0
8 4 0 -95 95 0
8 4 0 -94 94 0
8 4 0 -93 93 0
8 4 -4 -92 92 184
8 4 0 -92 92 0
8 4 0 -91 91 0
8 4 0 -90 90 0
8 4 0 -89 89 0
8 4 -4 -88 88 176
8 4 0 -88 88 0
8 4 0 -87 87 0
8 4 0 -86 86 0
8 4 0 -85 85 0
8 4 -4 -84 84 168
8 4 0 -84 84 0
8 4 0 -83 83 0
8 4 0 -82 82 0
8 4 0 -81 81 0
8 4 -20 -80 80 160
8 4 -4 -80 80 160
8 4 0 -80 80 0
8 4 8 -80 80 160
8 4 0 -79 79 0
8 4 0 -78 78 0
8 4 0 -77 77 0
8 4 -4 -76 76 152
8 4 0 -76 76 0
8 4 0 -75 75 0
8 4 0 -74 74 0
8 4 0 -73 73 0
8 4 -4 -72 72 144
8 4 0 -72 72 0
8 4 0 -71 71 0
8 4 0 -70 70 0
8 4 0 -69 69 0
8 4 -4 -68 68 136
8 4 0 -68 68 0
8 4 0 -67 67 0
8 4 0 -66 66 0
8 4 0 -65 65 0
8 4 -4 -64 64 128
8 4 0 -64 64 0
8 4 0 -63 63 0
8 4 0 -62 62 0
8 4 0 -61 61 0
8 4 -4 -60 60 120
8 4 0 -60 60 0
8 4 0 -59 59 0
8 4 0 -58 58 0
8 4 0 -57 57 0
8 4 -4 -56 56 112
8 4 0 -56 56 0
8 4 0 -55 55 0
8 4 -18 -54 54 108
8 4 0 -54 54 0
8 4 6 -54 54 108
8 4 0 -53 53 0
8 4 -4 -52 52 104
8 4 0 -52 52 0
8 4 0 -51 51 0
8 4 0 -50 50 0
8 4 0 -49 49 0
8 4 -6 -48 48 36
8 4 -4 -48 48 96
8 4 0 -48 48 0
8 4 2 -48 48 36
8 4 0 -47 47 0
8 4 0 -46 46 0
8 4 0 -45 45 0
8 4 -4 -44 44 88
8 4 0 -44 44 0
8 4 0 -43 43 0
8 4 0 -42 42 0
8 4 0 -41 41 0
8 4 -4 -40 40 80
8 4 0 -40 40 0
8 4 0 -39 39 0
8 4 0 -38 38 0
8 4 0 -37 37 0
8 4 -4 -36 36 72
8 4 0 -36 36 0
8 4 0 -35 35 0
8 4 0 -34 34 0
8 4 0 -33 33 0
8 4 -16 -32 32 64
8 4 -4 -32 32 64
8 4 0 -32 32 0
8 4 4 -32 32 64
8 4 0 -31 31 0
8 4 0 -30 30 0
8 4 0 -29 29 0
8 4 -4 -28 28 56
8 4 0 -28 28 0
8 4 0 -27 27 0
8 4 0 -26 26 0
8 4 0 -25 25 0
8 4 -28 -24 24 144
8 4 -4 -24 24 48
8 4 0 -24 24 0
8 4 0 -24 24 144
8 4 0 -23 23 0
8 4 0 -22 22 0
8 4 0 -21 21 0
8 4 -4 -20 20 40
8 4 0 -20 20 0
8 4 0 -19 19 0
8 4 0 -18 18 0
8 4 0 -17 17 0
8 4 -4 -16 16 32
8 4 0 -16 16 0
8 4 0 -15 15 0
8 4 -14 -14 14 28
8 4 0 -14 14 0
8 4 2 -14 14 28
8 4 0 -13 13 0
8 4 -4 -12 12 24
8 4 0 -12 12 0
8 4 0 -11 11 0
8 4 0 -10 10 0
8 4 0 -9 9 0
8 4 -4 -8 8 16
8 4 0 -8 8 0
8 4 0 -7 7 0
8 4 0 -6 6 0
8 4 0 -5 5 0
8 4 -4 -4 4 8
8 4 0 -4 4 0
8 4 0 -3 3 0
8 4 0 -2 2 0
8 4 0 -1 1 0
8 4 0 1 -1 0
8 4 0 2 -2 0
8 4 0 3 -3 0
8 4 -4 4 -4 -8
8 4 0 4 -4 0
8 4 0 5 -5 0
8 4 0 6 -6 0
8 4 0 7 -7 0
8 4 -4 8 -8 -16
8 4 0 8 -8 0
8 4 0 9 -9 0
8 4 -10 10 -10 -20
8 4 -2 10 -10 -20
8 4 0 10 -10 0
8 4 0 11 -11 0
8 4 -28 12 -12 -144
8 4 -4 12 -12 -24
8 4 0 12 -12 0
8 4 0 13 -13 0
8 4 0 14 -14 0
8 4 -30 15 -15 -180
8 4 0 15 -15 0
8 4 -62 16 -16 -252
8 4 -54 16 -16 -252
8 4 -48 16 -16 -192
8 4 -44 16 -16 -192
8 4 -38 16 -16 -252
8 4 -34 16 -16 -140
8 4 -32 16 -16 -192
8 4 -26 16 -16 -140
8 4 -24 16 -16 -96
8 4 -20 16 -16 -96
8 4 -14 16 -16 -252
8 4 -14 16 -16 -60
8 4 -12 16 -16 -192
8 4 -10 16 -16 -140
8 4 -8 16 -16 -96
8 4 -8 16 -16 -32
8 4 -6 16 -16 -60
8 4 -4 16 -16 -32
8 4 -2 16 -16 -12
8 4 0 16 -16 0
8 4 2 16 -16 4
8 4 4 16 -16 0
8 4 6 16 -16 -12
8 4 8 16 -16 -32
8 4 10 16 -16 -60
8 4 10 16 -16 4
8 4 12 16 -16 -96
8 4 14 16 -16 -140
8 4 16 16 -16 -192
8 4 16 16 -16 0
8 4 18 16 -16 -252
8 4 22 16 -16 -12
8 4 26 16 -16 4
8 4 28 16 -16 -32
8 4 34 16 -16 -60
8 4 36 16 -16 0
8 4 40 16 -16 -96
8 4 46 16 -16 -140
8 4 46 16 -16 -12
8 4 50 16 -16 4
8 4 52 16 -16 -192
8 4 56 16 -16 -32
8 4 58 16 -16 -252
8 4 64 16 -16 0
8 4 66 16 -16 -60
8 4 76 16 -16 -96
8 4 78 16 -16 -12
8 4 82 16 -16 4
8 4 86 16 -16 -140
8 4 92 16 -16 -32
8 4 96 16 -16 -192
8 4 100 16 -16 0
8 4 106 16 -16 -252
8 4 106 16 -16 -60
8 4 118 16 -16 -12
8 4 120 16 -16 -96
8 4 122 16 -16 4
8 4 134 16 -16 -140
8 4 136 16 -16 -32
8 4 144 16 -16 0
8 4 148 16 -16 -192
8 4 0 17 -17 0
8 4 -6 18 -18 -36
8 4 0 18 -18 0
8 4 0 19 -19 0
8 4 -4 20 -20 -40
8 4 0 20 -20 0
8 4 0 21 -21 0
8 4 0 22 -22 0
8 4 0 23 -23 0
8 4 -16 24 -24 -144
8 4 -12 24 -24 -144
8 4 -4 24 -24 -48
8 4 0 24 -24 0
8 4 0 25 -25 0
8 4 0 26 -26 0
8 4 0 27 -27 0
8 4 -4 28 -28 -56
8 4 0 28 -28 0
8 4 0 29 -29 0
8 4 -10 30 -30 -180
8 4 0 30 -30 0
8 4 0 31 -31 0
8 4 -4 32 -32 -64
8 4 0 32 -32 0
8 4 0 33 -33 0
8 4 0 34 -34 0
8 4 0 35 -35 0
8 4 -4 36 -36 -72
8 4 0 36 -36 0
8 4 0 37 -37 0
8 4 0 38 -38 0
8 4 0 39 -39 0
8 4 -4 40 -40 -80
8 4 0 40 -40 0
8 4 0 41 -41 0
8 4 0 42 -42 0
8 4 0 43 -43 0
8 4 -4 44 -44 -88
8 4 0 44 -44 0
8 4 0 45 -45 0
8 4 0 46 -46 0
8 4 0 47 -47 0
8 4 -4 48 -48 -96
8 4 0 48 -48 0
8 4 0 49 -49 0
8 4 0 50 -50 0
8 4 0 51 -51 0
8 4 -4 52 -52 -104
8 4 0 52 -52 0
8 4 0 53 -53 0
8 4 0 54 -54 0
8 4 0 55 -55 0
8 4 -4 56 -56 -112
8 4 0 56 -56 0
8 4 0 57 -57 0
8 4 0 58 -58 0
8 4 0 59 -59 0
8 4 -4 60 -60 -120
8 4 0 60 -60 0
8 4 0 61 -61 0
8 4 0 62 -62 0
8 4 0 63 -63 0
8 4 -4 64 -64 -128
8 4 0 64 -64 0
8 4 0 65 -65 0
8 4 0 66 -66 0
8 4 0 67 -67 0
8 4 -4 68 -68 -136
8 4 0 68 -68 0
8 4 0 69 -69 0
8 4 0 70 -70 0
8 4 0 71 -71 0
8 4 -4 72 -72 -144
8 4 0 72 -72 0
8 4 0 73 -73 0
8 4 0 74 -74 0
8 4 0 75 -75 0
8 4 -4 76 -76 -152
8 4 0 76 -76 0
8 4 0 77 -77 0
8 4 0 78 -78 0
8 4 0 79 -79 0
8 4 -4 80 -80 -160
8 4 0 80 -80 0
8 4 0 81 -81 0
8 4 0 82 -82 0
8 4 0 83 -83 0
8 4 -4 84 -84 -168
8 4 0 84 -84 0
8 4 0 85 -85 0
8 4 0 86 -86 0
8 4 0 87 -87 0
8 4 -4 88 -88 -176
8 4 0 88 -88 0
8 4 0 89 -89 0
8 4 0 90 -90 0
8 4 0 91 -91 0
8 4 -4 92 -92 -184
8 4 0 92 -92 0
8 4 0 93 -93 0
8 4 0 94 -94 0
8 4 0 95 -95 0
8 4 -4 96 -96 -192
8 4 0 96 -96 0
8 4 0 97 -97 0
8 4 0 98 -98 0
8 4 0 99 -99 0
8 4 -4 100 -100 -200
8 4 0 100 -100 0
8 4 0 101 -101 0
8 4 0 102 -102 0
8 4 0 103 -103 0
8 4 -4 104 -104 -208
8 4 0 104 -104 0
8 4 0 105 -105 0
8 4 0 106 -106 0
8 4 0 107 -107 0
8 4 -4 108 -108 -216
8 4 0 108 -108 0
8 4 0 109 -109 0
8 4 0 110 -110 0
8 4 0 111 -111 0
8 4 -4 112 -112 -224
8 4 0 112 -112 0
8 4 0 113 -113 0
8 4 0 114 -114 0
8 4 0 115 -115 0
8 4 -4 116 -116 -232
8 4 0 116 -116 0
8 4 0 117 -117 0
8 4 0 118 -118 0
8 4 0 119 -119 0
8 4 -4 120 -120 -240
8 4 0 120 -120 0
8 4 0 121 -121 0
8 4 0 122 -122 0
8 4 0 123 -123 0
8 4 -4 124 -124 -248
8 4 0 124 -124 0
8 4 0 125 -125 0
8 4 0 126 -126 0
8 4 0 127 -127 0
8 4 -4 128 -128 -256
8 4 0 128 -128 0
8 4 0 129 -129 0
8 4 0 130 -130 0
8 4 0 131 -131 0
8 4 -4 132 -132 -264
8 4 0 132 -132 0
8 4 0 133 -133 0
8 4 0 134 -134 0
8 4 0 135 -135 0
8 4 -4 136 -136 -272
8 4 0 136 -136 0
8 4 0 137 -137 0
8 4 0 138 -138 0
8 4 0 139 -139 0
8 4 -4 140 -140 -280
8 4 0 140 -140 0
8 4 0 141 -141 0
8 4 0 142 -142 0
8 4 0 143 -143 0
8 4 -4 144 -144 -288
8 4 0 144 -144 0
8 4 0 145 -145 0
8 4 0 146 -146 0
8 4 0 147 -147 0
8 4 -4 148 -148 -296
8 4 0 148 -148 0
8 4 0 149 -149 0
8 4 0 150 -150 0
10 5 0 -150 150 0
10 5 0 -149 149 0
10 5 0 -148 148 0
10 5 -5 -147 147 294
10 5 0 -147 147 0
10 5 0 -146 146 0
10 5 0 -145 145 0
10 5 0 -144 144 0
10 5 4 -144 144 108
10 5 -26 -143 143 286
10 5 -5 -143 143 286
10 5 0 -143 143 0
10 5 11 -143 143 286
10 5 0 -142 142 0
10 5 0 -141 141 0
10 5 0 -140 140 0
10 5 -5 -139 139 278
10 5 0 -139 139 0
10 5 0 -138 138 0
10 5 0 -137 137 0
10 5 0 -136 136 0
10 5 -5 -135 135 270
10 5 0 -135 135 0
10 5 0 -134 134 0
10 5 0 -133 133 0
10 5 0 -132 132 0
10 5 -5 -131 131 262
10 5 0 -131 131 0
10 5 0 -130 130 0
10 5 0 -129 129 0
10 5 0 -128 128 0
10 5 -5 -127 127 254
10 5 0 -127 127 0
10 5 0 -126 126 0
10 5 -25 -125 125 250
10 5 0 -125 125 0
10 5 10 -125 125 250
10 5 0 -124 124 0
10 5 -5 -123 123 246
10 5 0 -123 123 0
10 5 0 -122 122 0
10 5 0 -121 121 0
10 5 0 -120 120 0
10 5 -5 -119 119 238
10 5 0 -119 119 0
10 5 0 -118 118 0
10 5 0 -117 117 0
10 5 0 -116 116 0
10 5 -5 -115 115 230
10 5 0 -115 115 0
10 5 0 -114 114 0
10 5 0 -113 113 0
10 5 0 -112 112 0
10 5 -5 -111 111 222
10 5 0 -111 111 0
10 5 0 -110 110 0
10 5 0 -109 109 0
10 5 -24 -108 108 216
10 5 0 -108 108 0
10 5 9 -108 108 216
10 5 -5 -107 107 214
10 5 0 -107 107 0
10 5 0 -106 106 0
10 5 0 -105 105 0
10 5 0 -104 104 0
10 5 -5 -103 103 206
10 5 0 -103 103 0
10 5 0 -102 102 0
10 5 0 -101 101 0
10 5 0 -100 100 0
10 5 -5 -99 99 198
10 5 0 -99 99 0
10 5 0 -98 98 0
10 5 0 -97 97 0
10 5 -8 -96 96 72
10 5 0 -96 96 0
10 5 -5 -95 95 190
10 5 0 -95 95 0
10 5 0 -94 94 0
10 5 0 -93 93 0
10 5 -23 -92 92 184
10 5 0 -92 92 0
10 5 8 -92 92 184
10 5 -5 -91 91 182
10 5 0 -91 91 0
10 5 0 -90 90 0
10 5 0 -89 89 0
10 5 0 -88 88 0
10 5 -5 -87 87 174
10 5 0 -87 87 0
10 5 0 -86 86 0
10 5 0 -85 85 0
10 5 0 -84 84 0
10 5 -5 -83 83 166
10 5 0 -83 83 0
10 5 0 -82 82 0
10 5 0 -81 81 0
10 5 0 -80 80 0
10 5 -5 -79 79 158
10 5 0 -79 79 0
10 5 0 -78 78 0
10 5 -22 -77 77 154
10 5 0 -77 77 0
10 5 7 -77 77 154
10 5 0 -76 76 0
10 5 -5 -75 75 150
10 5 0 -75 75 0
10 5 0 -74 74 0
10 5 0 -73 73 0
10 5 0 -72 72 0
10 5 -5 -71 71 142
10 5 0 -71 71 0
10 5 0 -70 70 0
10 5 0 -69 69 0
10 5 0 -68 68 0
10 5 -5 -67 67 134
10 5 0 -67 67 0
10 5 0 -66 66 0
10 5 0 -65 65 0
10 5 0 -64 64 0
10 5 -21 -63 63 126
10 5 -5 -63 63 126
10 5 0 -63 63 0
10 5 6 -63 63 126
10 5 0 -62 62 0
10 5 0 -61 61 0
10 5 0 -60 60 0
10 5 -5 -59 59 118
10 5 0 -59 59 0
10 5 0 -58 58 0
10 5 0 -57 57 0
10 5 0 -56 56 0
10 5 2 -56 56 42
10 5 -5 -55 55 110
10 5 0 -55 55 0
10 5 0 -54 54 0
10 5 0 -53 53 0
10 5 0 -52 52 0
10 5 -5 -51 51 102
10 5 0 -51 51 0
10 5 -20 -50 50 100
10 5 0 -50 50 0
10 5 5 -50 50 100
10 5 0 -49 49 0
10 5 0 -48 48 0
10 5 -5 -47 47 94
10 5 0 -47 47 0
10 5 0 -46 46 0
10 5 0 -45 45 0
10 5 0 -44 44 0
10 5 -5 -43 43 86
10 5 0 -43 43 0
10 5 0 -42 42 0
10 5 0 -41 41 0
10 5 0 -40 40 0
10 5 -5 -39 39 78
10 5 0 -39 39 0
10 5 -19 -38 38 76
10 5 0 -38 38 0
10 5 4 -38 38 76
10 5 0 -37 37 0
10 5 0 -36 36 0
10 5 -5 -35 35 70
10 5 0 -35 35 0
10 5 0 -34 34 0
10 5 0 -33 33 0
10 5 0 -32 32 0
10 5 -5 -31 31 62
10 5 0 -31 31 0
10 5 0 -30 30 0
10 5 0 -29 29 0
10 5 0 -28 28 0
10 5 -18 -27 27 54
10 5 -5 -27 27 54
10 5 0 -27 27 0
10 5 3 -27 27 54
10 5 0 -26 26 0
10 5 0 -25 25 0
10 5 -6 -24 24 18
10 5 0 -24 24 0
10 5 -5 -23 23 46
10 5 0 -23 23 0
10 5 0 -22 22 0
10 5 0 -21 21 0
10 5 0 -20 20 0
10 5 -5 -19 19 38
10 5 0 -19 19 0
10 5 0 -18 18 0
10 5 -17 -17 17 34
10 5 0 -17 17 0
10 5 2 -17 17 34
10 5 0 -16 16 0
10 5 -5 -15 15 30
10 5 0 -15 15 0
10 5 0 -14 14 0
10 5 0 -13 13 0
10 5 0 -12 12 0
10 5 -5 -11 11 22
10 5 0 -11 11 0
10 5 0 -10 10 0
10 5 0 -9 9 0
10 5 -16 -8 8 16
10 5 0 -8 8 0
10 5 1 -8 8 16
10 5 -5 -7 7 14
10 5 0 -7 7 0
10 5 0 -6 6 0
10 5 0 -5 5 0
10 5 0 -4 4 0
10 5 -5 -3 3 6
10 5 0 -3 3 0
10 5 0 -2 2 0
10 5 0 -1 1 0
10 5 -5 1 -1 -2
10 5 0 1 -1 0
10 5 0 2 -2 0
10 5 0 3 -3 0
10 5 0 4 -4 0
10 5 -5 5 -5 -10
10 5 0 5 -5 0
10 5 0 6 -6 0
10 5 -14 7 -7 -14
10 5 -1 7 -7 -14
10 5 0 7 -7 0
10 5 0 8 -8 0
10 5 -5 9 -9 -18
10 5 0 9 -9 0
10 5 0 10 -10 0
10 5 0 11 -11 0
10 5 0 12 -12 0
10 5 -13 13 -13 -26
10 5 -5 13 -13 -26
10 5 -2 13 -13 -26
10 5 0 13 -13 0
10 5 0 14 -14 0
10 5 0 15 -15 0
10 5 -4 16 -16 -12
10 5 0 16 -16 0
10 5 -5 17 -17 -34
10 5 0 17 -17 0
10 5 -12 18 -18 -36
10 5 -3 18 -18 -36
10 5 0 18 -18 0
10 5 0 19 -19 0
10 5 0 20 -20 0
10 5 -26 21 -21 -126
10 5 -9 21 -21 -126
10 5 -5 21 -21 -42
10 5 0 21 -21 0
10 5 -11 22 -22 -44
10 5 -4 22 -22 -44
10 5 0 22 -22 0
10 5 0 23 -23 0
10 5 -2 24 -24 -18
10 5 0 24 -24 0
10 5 -60 25 -25 -300
10 5 -55 25 -25 -300
10 5 -40 25 -25 -300
10 5 -30 25 -25 -150
10 5 -25 25 -25 -150
10 5 -15 25 -25 -300
10 5 -10 25 -25 -150
10 5 -10 25 -25 -50
10 5 -5 25 -25 -50
10 5 0 25 -25 0
10 5 5 25 -25 0
10 5 10 25 -25 -50
10 5 15 25 -25 -150
10 5 20 25 -25 -300
10 5 20 25 -25 0
10 5 35 25 -25 -50
10 5 45 25 -25 0
10 5 50 25 -25 -150
10 5 65 25 -25 -300
10 5 70 25 -25 -50
10 5 80 25 -25 0
10 5 95 25 -25 -150
10 5 115 25 -25 -50
10 5 120 25 -25 -300
10 5 125 25 -25 0
10 5 150 25 -25 -150
10 5 0 26 -26 0
10 5 -9 27 -27 -54
10 5 -6 27 -27 -54
10 5 0 27 -27 0
10 5 -8 28 -28 -56
10 5 -7 28 -28 -56
10 5 0 28 -28 0
10 5 -5 29 -29 -58
10 5 0 29 -29 0
10 5 0 30 -30 0
10 5 0 31 -31 0
10 5 0 32 -32 0
10 5 -5 33 -33 -66
10 5 0 33 -33 0
10 5 0 34 -34 0
10 5 0 35 -35 0
10 5 0 36 -36 0
10 5 -5 37 -37 -74
10 5 0 37 -37 0
10 5 -12 38 -38 -228
10 5 0 38 -38 0
10 5 0 39 -39 0
10 5 0 40 -40 0
10 5 -5 41 -41 -82
10 5 0 41 -41 0
10 5 0 42 -42 0
10 5 0 43 -43 0
10 5 0 44 -44 0
10 5 -5 45 -45 -90
10 5 0 45 -45 0
10 5 0 46 -46 0
10 5 0 47 -47 0
10 5 0 48 -48 0
10 5 -5 49 -49 -98
10 5 0 49 -49 0
10 5 0 50 -50 0
10 5 0 51 -51 0
10 5 0 52 -52 0
10 5 -5 53 -53 -106
10 5 0 53 -53 0
10 5 0 54 -54 0
10 5 0 55 -55 0
10 5 0 56 -56 0
10 5 -5 57 -57 -114
10 5 0 57 -57 0
10 5 0 58 -58 0
10 5 0 59 -59 0
10 5 0 60 -60 0
10 5 -5 61 -61 -122
10 5 0 61 -61 0
10 5 0 62 -62 0
10 5 0 63 -63 0
10 5 0 64 -64 0
10 5 -5 65 -65 -130
10 5 0 65 -65 0
10 5 0 66 -66 0
10 5 0 67 -67 0
10 5 0 68 -68 0
10 5 -5 69 -69 -138
10 5 0 69 -69 0
10 5 0 70 -70 0
10 5 0 71 -71 0
10 5 0 72 -72 0
10 5 -5 73 -73 -146
10 5 0 73 -73 0
10 5 0 74 -74 0
10 5 0 75 -75 0
10 5 0 76 -76 0
10 5 -5 77 -77 -154
10 5 0 77 -77 0
10 5 0 78 -78 0
10 5 0 79 -79 0
10 5 0 80 -80 0
10 5 -5 81 -81 -162
10 5 0 81 -81 0
10 5 0 82 -82 0
10 5 0 83 -83 0
10 5 0 84 -84 0
10 5 -5 85 -85 -170
10 5 0 85 -85 0
10 5 0 86 -86 0
10 5 0 87 -87 0
10 5 0 88 -88 0
10 5 -5 89 -89 -178
10 5 0 89 -89 0
10 5 0 90 -90 0
10 5 0 91 -91 0
10 5 0 92 -92 0
10 5 -5 93 -93 -186
10 5 0 93 -93 0
10 5 0 94 -94 0
10 5 0 95 -95 0
10 5 0 96 -96 0
10 5 -5 97 -97 -194
10 5 0 97 -97 0
10 5 0 98 -98 0
10 5 0 99 -99 0
10 5 0 100 -100 0
10 5 -5 101 -101 -202
10 5 0 101 -101 0
10 5 0 102 -102 0
10 5 0 103 -103 0
10 5 0 104 -104 0
10 5 -5 105 -105 -210
10 5 0 105 -105 0
10 5 0 106 -106 0
10 5 0 107 -107 0
10 5 0 108 -108 0
10 5 -5 109 -109 -218
10 5 0 109 -109 0
10 5 0 110 -110 0
10 5 0 111 -111 0
10 5 0 112 -112 0
10 5 -5 113 -113 -226
10 5 0 113 -113 0
10 5 0 114 -114 0
10 5 0 115 -115 0
10 5 0 116 -116 0
10 5 -5 117 -117 -234
10 5 0 117 -117 0
10 5 0 118 -118 0
10 5 0 119 -119 0
10 5 0 120 -120 0
10 5 -5 121 -121 -242
10 5 0 121 -121 0
10 5 0 122 -122 0
10 5 0 123 -123 0
10 5 0 124 -124 0
10 5 -5 125 -125 -250
10 5 0 125 -125 0
10 5 0 126 -126 0
10 5 0 127 -127 0
10 5 0 128 -128 0
10 5 -5 129 -129 -258
10 5 0 129 -129 0
10 5 0 130 -130 0
10 5 0 131 -131 0
10 5 0 132 -132 0
10 5 -5 133 -133 -266
10 5 0 133 -133 0
10 5 0 134 -134 0
10 5 0 135 -135 0
10 5 0 136 -136 0
10 5 -5 137 -137 -274
10 5 0 137 -137 0
10 5 0 138 -138 0
10 5 0 139 -139 0
10 5 0 140 -140 0
10 5 -5 141 -141 -282
10 5 0 141 -141 0
10 5 0 142 -142 0
10 5 0 143 -143 0
10 5 0 144 -144 0
10 5 -5 145 -145 -290
10 5 0 145 -145 0
10 5 0 146 -146 0
10 5 0 147 -147 0
10 5 0 148 -148 0
10 5 -5 149 -149 -298
10 5 0 149 -149 0
10 5 0 150 -150 0
12 6 0 -150 150 0
12 6 0 -149 149 0
12 6 -6 -148 148 296
12 6 0 -148 148 0
12 6 0 -147 147 0
12 6 0 -146 146 0
12 6 0 -145 145 0
12 6 -6 -144 144 288
12 6 0 -144 144 0
12 6 0 -143 143 0
12 6 0 -142 142 0
12 6 0 -141 141 0
12 6 -28 -140 140 280
12 6 -6 -140 140 280
12 6 0 -140 140 0
12 6 10 -140 140 280
12 6 0 -139 139 0
12 6 0 -138 138 0
12 6 0 -137 137 0
12 6 -6 -136 136 272
12 6 0 -136 136 0
12 6 0 -135 135 0
12 6 0 -134 134 0
12 6 0 -133 133 0
12 6 -6 -132 132 264
12 6 0 -132 132 0
12 6 0 -131 131 0
12 6 0 -130 130 0
12 6 0 -129 129 0
12 6 -6 -128 128 256
12 6 0 -128 128 0
12 6 0 -127 127 0
12 6 0 -126 126 0
12 6 0 -125 125 0
12 6 -6 -124 124 248
12 6 0 -124 124 0
12 6 0 -123 123 0
12 6 0 -122 122 0
12 6 0 -121 121 0
12 6 -6 -120 120 240
12 6 0 -120 120 0
12 6 0 -119 119 0
12 6 0 -118 118 0
12 6 0 -117 117 0
12 6 -6 -116 116 232
12 6 0 -116 116 0
12 6 0 -115 115 0
12 6 0 -114 114 0
12 6 0 -113 113 0
12 6 -6 -112 112 224
12 6 0 -112 112 0
12 6 0 -111 111 0
12 6 0 -110 110 0
12 6 0 -109 109 0
12 6 -6 -108 108 216
12 6 0 -108 108 0
12 6 0 -107 107 0
12 6 0 -106 106 0
12 6 0 -105 105 0
12 6 -26 -104 104 208
12 6 -6 -104 104 208
12 6 0 -104 104 0
12 6 8 -104 104 208
12 6 0 -103 103 0
12 6 0 -102 102 0
12 6 0 -101 101 0
12 6 -6 -100 100 200
12 6 0 -100 100 0
12 6 0 -99 99 0
12 6 0 -98 98 0
12 6 0 -97 97 0
12 6 -6 -96 96 192
12 6 0 -96 96 0
12 6 0 -95 95 0
12 6 0 -94 94 0
12 6 0 -93 93 0
12 6 -6 -92 92 184
12 6 0 -92 92 0
12 6 0 -91 91 0
12 6 0 -90 90 0
12 6 0 -89 89 0
12 6 -6 -88 88 176
12 6 0 -88 88 0
12 6 0 -87 87 0
12 6 0 -86 86 0
12 6 0 -85 85 0
12 6 -6 -84 84 168
12 6 0 -84 84 0
12 6 0 -83 83 0
12 6 0 -82 82 0
12 6 0 -81 81 0
12 6 -6 -80 80 160
12 6 0 -80 80 0
12 6 0 -79 79 0
12 6 0 -78 78 0
12 6 0 -77 77 0
12 6 -6 -76 76 152
12 6 0 -76 76 0
12 6 0 -75 75 0
12 6 0 -74 74 0
12 6 0 -73 73 0
12 6 -24 -72 72 144
12 6 -6 -72 72 144
12 6 0 -72 72 0
12 6 6 -72 72 144
12 6 0 -71 71 0
12 6 0 -70 70 0
12 6 0 -69 69 0
12 6 -6 -68 68 136
12 6 0 -68 68 0
12 6 0 -67 67 0
12 6 0 -66 66 0
12 6 0 -65 65 0
12 6 -8 -64 64 48
12 6 -6 -64 64 128
12 6 0 -64 64 0
12 6 2 -64 64 48
12 6 0 -63 63 0
12 6 0 -62 62 0
12 6 0 -61 61 0
12 6 -6 -60 60 120
12 6 0 -60 60 0
12 6 0 -59 59 0
12 6 0 -58 58 0
12 6 0 -57 57 0
12 6 -6 -56 56 112
12 6 0 -56 56 0
12 6 0 -55 55 0
12 6 0 -54 54 0
12 6 0 -53 53 0
12 6 -6 -52 52 104
12 6 0 -52 52 0
12 6 0 -51 51 0
12 6 0 -50 50 0
12 6 0 -49 49 0
12 6 -6 -48 48 96
12 6 0 -48 48 0
12 6 0 -47 47 0
12 6 0 -46 46 0
12 6 0 -45 45 0
12 6 -22 -44 44 88
12 6 -6 -44 44 88
12 6 0 -44 44 0
12 6 4 -44 44 88
12 6 0 -43 43 0
12 6 0 -42 42 0
12 6 0 -41 41 0
12 6 -6 -40 40 80
12 6 0 -40 40 0
12 6 0 -39 39 0
12 6 0 -38 38 0
12 6 0 -37 37 0
12 6 -6 -36 36 72
12 6 0 -36 36 0
12 6 0 -35 35 0
12 6 0 -34 34 0
12 6 0 -33 33 0
12 6 -6 -32 32 64
12 6 0 -32 32 0
12 6 0 -31 31 0
12 6 0 -30 30 0
12 6 0 -29 29 0
12 6 -6 -28 28 56
12 6 0 -28 28 0
12 6 0 -27 27 0
12 6 0 -26 26 0
12 6 0 -25 25 0
12 6 -6 -24 24 48
12 6 0 -24 24 0
12 6 0 -23 23 0
12 6 0 -22 22 0
12 6 0 -21 21 0
12 6 -20 -20 20 40
12 6 -6 -20 20 40
12 6 0 -20 20 0
12 6 2 -20 20 40
12 6 0 -19 19 0
12 6 0 -18 18 0
12 6 0 -17 17 0
12 6 -38 -16 16 96
12 6 -6 -16 16 32
12 6 -4 -16 16 96
12 6 0 -16 16 0
12 6 0 -15 15 0
12 6 0 -14 14 0
12 6 0 -13 13 0
12 6 -6 -12 12 24
12 6 0 -12 12 0
12 6 0 -11 11 0
12 6 0 -10 10 0
12 6 0 -9 9 0
12 6 -6 -8 8 16
12 6 0 -8 8 0
12 6 0 -7 7 0
12 6 0 -6 6 0
12 6 0 -5 5 0
12 6 -6 -4 4 8
12 6 0 -4 4 0
12 6 0 -3 3 0
12 6 0 -2 2 0
12 6 0 -1 1 0
12 6 0 1 -1 0
12 6 0 2 -2 0
12 6 0 3 -3 0
12 6 -6 4 -4 -8
12 6 0 4 -4 0
12 6 0 5 -5 0
12 6 0 6 -6 0
12 6 0 7 -7 0
12 6 -6 8 -8 -16
12 6 0 8 -8 0
12 6 0 9 -9 0
12 6 0 10 -10 0
12 6 0 11 -11 0
12 6 -6 12 -12 -24
12 6 0 12 -12 0
12 6 0 13 -13 0
12 6 0 14 -14 0
12 6 0 15 -15 0
12 6 -16 16 -16 -32
12 6 -6 16 -16 -32
12 6 -2 16 -16 -32
12 6 0 16 -16 0
12 6 0 17 -17 0
12 6 0 18 -18 0
12 6 0 19 -19 0
12 6 -20 20 -20 -120
12 6 -6 20 -20 -40
12 6 0 20 -20 0
12 6 0 21 -21 0
12 6 0 22 -22 0
12 6 0 23 -23 0
12 6 -6 24 -24 -48
12 6 0 24 -24 0
12 6 0 25 -25 0
12 6 0 26 -26 0
12 6 0 27 -27 0
12 6 -14 28 -28 -56
12 6 -6 28 -28 -56
12 6 -4 28 -28 -56
12 6 0 28 -28 0
12 6 0 29 -29 0
12 6 0 30 -30 0
12 6 0 31 -31 0
12 6 -18 32 -32 -120
12 6 -8 32 -32 -120
12 6 -6 32 -32 -64
12 6 -4 32 -32 -24
12 6 -2 32 -32 -24
12 6 0 32 -32 0
12 6 0 33 -33 0
12 6 0 34 -34 0
12 6 0 35 -35 0
12 6 -36 36 -36 -216
12 6 -30 36 -36 -216
12 6 -12 36 -36 -216
12 6 -12 36 -36 -72
12 6 -6 36 -36 -72
12 6 0 36 -36 0
12 6 6 36 -36 0
12 6 12 36 -36 -72
12 6 18 36 -36 -216
12 6 24 36 -36 0
12 6 42 36 -36 -72
12 6 54 36 -36 0
12 6 60 36 -36 -216
12 6 84 36 -36 -72
12 6 96 36 -36 0
12 6 114 36 -36 -216
12 6 138 36 -36 -72
12 6 150 36 -36 0
12 6 0 37 -37 0
12 6 0 38 -38 0
12 6 0 39 -39 0
12 6 -10 40 -40 -80
12 6 -8 40 -40 -80
12 6 -6 40 -40 -80
12 6 0 40 -40 0
12 6 0 41 -41 0
12 6 0 42 -42 0
12 6 0 43 -43 0
12 6 -28 44 -44 -264
12 6 -14 44 -44 -264
12 6 -6 44 -44 -88
12 6 0 44 -44 0
12 6 0 45 -45 0
12 6 0 46 -46 0
12 6 0 47 -47 0
12 6 -6 48 -48 -96
12 6 0 48 -48 0
12 6 0 49 -49 0
12 6 0 50 -50 0
12 6 0 51 -51 0
12 6 -6 52 -52 -104
12 6 0 52 -52 0
12 6 0 53 -53 0
12 6 0 54 -54 0
12 6 0 55 -55 0
12 6 -6 56 -56 -112
12 6 0 56 -56 0
12 6 0 57 -57 0
12 6 0 58 -58 0
12 6 0 59 -59 0
12 6 -6 60 -60 -120
12 6 0 60 -60 0
12 6 0 61 -61 0
12 6 0 62 -62 0
12 6 0 63 -63 0
12 6 -6 64 -64 -128
12 6 0 64 -64 0
12 6 0 65 -65 0
12 6 0 66 -66 0
12 6 0 67 -67 0
12 6 -6 68 -68 -136
12 6 0 68 -68 0
12 6 0 69 -69 0
12 6 0 70 -70 0
12 6 0 71 -71 0
12 6 -6 72 -72 -144
12 6 0 72 -72 0
12 6 0 73 -73 0
12 6 0 74 -74 0
12 6 0 75 -75 0
12 6 -6 76 -76 -152
12 6 0 76 -76 0
12 6 0 77 -77 0
12 6 0 78 -78 0
12 6 0 79 -79 0
12 6 -6 80 -80 -160
12 6 0 80 -80 0
12 6 0 81 -81 0
12 6 0 82 -82 0
12 6 0 83 -83 0
12 6 -6 84 -84 -168
12 6 0 84 -84 0
12 6 0 85 -85 0
12 6 0 86 -86 0
12 6 0 87 -87 0
12 6 -6 88 -88 -176
12 6 0 88 -88 0
12 6 0 89 -89 0
12 6 0 90 -90 0
12 6 0 91 -91 0
12 6 -6 92 -92 -184
12 6 0 92 -92 0
12 6 0 93 -93 0
12 6 0 94 -94 0
12 6 0 95 -95 0
12 6 -6 96 -96 -192
12 6 0 96 -96 0
12 6 0 97 -97 0
12 6 0 98 -98 0
12 6 0 99 -99 0
12 6 -6 100 -100 -200
12 6 0 100 -100 0
12 6 0 101 -101 0
12 6 0 102 -102 0
12 6 0 103 -103 0
12 6 -6 104 -104 -208
12 6 0 104 -104 0
12 6 0 105 -105 0
12 6 0 106 -106 0
12 6 0 107 -107 0
12 6 -6 108 -108 -216
12 6 0 108 -108 0
12 6 0 109 -109 0
12 6 0 110 -110 0
12 6 0 111 -111 0
12 6 -6 112 -112 -224
12 6 0 112 -112 0
12 6 0 113 -113 0
12 6 0 114 -114 0
12 6 0 115 -115 0
12 6 -6 116 -116 -232
12 6 0 116 -116 0
12 6 0 117 -117 0
12 6 0 118 -118 0
12 6 0 119 -119 0
12 6 -6 120 -120 -240
12 6 0 120 -120 0
12 6 0 121 -121 0
12 6 0 122 -122 0
12 6 0 123 -123 0
12 6 -6 124 -124 -248
12 6 0 124 -124 0
12 6 0 125 -125 0
12 6 0 126 -126 0
12 6 0 127 -127 0
12 6 -6 128 -128 -256
12 6 0 128 -128 0
12 6 0 129 -129 0
12 6 0 130 -130 0
12 6 0 131 -131 0
12 6 -6 132 -132 -264
12 6 0 132 -132 0
12 6 0 133 -133 0
12 6 0 134 -134 0
12 6 0 135 -135 0
12 6 -6 136 -136 -272
12 6 0 136 -136 0
12 6 0 137 -137 0
12 6 0 138 -138 0
12 6 0 139 -139 0
12 6 -6 140 -140 -280
12 6 0 140 -140 0
12 6 0 141 -141 0
12 6 0 142 -142 0
12 6 0 143 -143 0
12 6 -6 144 -144 -288
12 6 0 144 -144 0
12 6 0 145 -145 0
12 6 0 146 -146 0
12 6 0 147 -147 0
12 6 -6 148 -148 -296
12 6 0 148 -148 0
12 6 0 149 -149 0
12 6 0 150 -150 0
14 7 0 -150 150 0
14 7 0 -149 149 0
14 7 0 -148 148 0
14 7 -7 -147 147 294
14 7 0 -147 147 0
14 7 0 -146 146 0
14 7 0 -145 145 0
14 7 0 -144 144 0
14 7 -7 -143 143 286
14 7 0 -143 143 0
14 7 0 -142 142 0
14 7 0 -141 141 0
14 7 0 -140 140 0
14 7 -7 -139 139 278
14 7 0 -139 139 0
14 7 0 -138 138 0
14 7 0 -137 137 0
14 7 0 -136 136 0
14 7 -30 -135 135 270
14 7 -7 -135 135 270
14 7 0 -135 135 0
14 7 9 -135 135 270
14 7 0 -134 134 0
14 7 0 -133 133 0
14 7 0 -132 132 0
14 7 -7 -131 131 262
14 7 0 -131 131 0
14 7 0 -130 130 0
14 7 0 -129 129 0
14 7 0 -128 128 0
14 7 -7 -127 127 254
14 7 0 -127 127 0
14 7 0 -126 126 0
14 7 0 -125 125 0
14 7 0 -124 124 0
14 7 -7 -123 123 246
14 7 0 -123 123 0
14 7 0 -122 122 0
14 7 0 -121 121 0
14 7 -10 -120 120 90
14 7 0 -120 120 0
14 7 -7 -119 119 238
14 7 0 -119 119 0
14 7 0 -118 118 0
14 7 0 -117 117 0
14 7 -29 -116 116 232
14 7 0 -116 116 0
14 7 8 -116 116 232
14 7 -7 -115 115 230
14 7 0 -115 115 0
14 7 0 -114 114 0
14 7 0 -113 113 0
14 7 0 -112 112 0
14 7 -7 -111 111 222
14 7 0 -111 111 0
14 7 0 -110 110 0
14 7 0 -109 109 0
14 7 0 -108 108 0
14 7 -7 -107 107 214
14 7 0 -107 107 0
14 7 0 -106 106 0
14 7 0 -105 105 0
14 7 0 -104 104 0
14 7 -7 -103 103 206
14 7 0 -103 103 0
14 7 0 -102 102 0
14 7 0 -101 101 0
14 7 0 -100 100 0
14 7 -7 -99 99 198
14 7 0 -99 99 0
14 7 -28 -98 98 196
14 7 0 -98 98 0
14 7 7 -98 98 196
14 7 0 -97 97 0
14 7 0 -96 96 0
14 7 -7 -95 95 190
14 7 0 -95 95 0
14 7 0 -94 94 0
14 7 0 -93 93 0
14 7 0 -92 92 0
14 7 -7 -91 91 182
14 7 0 -91 91 0
14 7 0 -90 90 0
14 7 0 -89 89 0
14 7 0 -88 88 0
14 7 -7 -87 87 174
14 7 0 -87 87 0
14 7 0 -86 86 0
14 7 0 -85 85 0
14 7 0 -84 84 0
14 7 -7 -83 83 166
14 7 0 -83 83 0
14 7 0 -82 82 0
14 7 -27 -81 81 162
14 7 0 -81 81 0
14 7 6 -81 81 162
14 7 0 -80 80 0
14 7 -7 -79 79 158
14 7 0 -79 79 0
14 7 0 -78 78 0
14 7 0 -77 77 0
14 7 0 -76 76 0
14 7 -7 -75 75 150
14 7 0 -75 75 0
14 7 0 -74 74 0
14 7 0 -73 73 0
14 7 0 -72 72 0
14 7 2 -72 72 54
14 7 -7 -71 71 142
14 7 0 -71 71 0
14 7 0 -70 70 0
14 7 0 -69 69 0
14 7 0 -68 68 0
14 7 -7 -67 67 134
14 7 0 -67 67 0
14 7 0 -66 66 0
14 7 -26 -65 65 130
14 7 0 -65 65 0
14 7 5 -65 65 130
14 7 0 -64 64 0
14 7 -7 -63 63 126
14 7 0 -63 63 0
14 7 0 -62 62 0
14 7 0 -61 61 0
14 7 0 -60 60 0
14 7 -7 -59 59 118
14 7 0 -59 59 0
14 7 0 -58 58 0
14 7 0 -57 57 0
14 7 0 -56 56 0
14 7 -7 -55 55 110
14 7 0 -55 55 0
14 7 0 -54 54 0
14 7 0 -53 53 0
14 7 0 -52 52 0
14 7 -7 -51 51 102
14 7 0 -51 51 0
14 7 -25 -50 50 100
14 7 -20 -50 50 300
14 7 0 -50 50 0
14 7 4 -50 50 100
14 7 0 -49 49 0
14 7 0 -48 48 0
14 7 -7 -47 47 94
14 7 0 -47 47 0
14 7 0 -46 46 0
14 7 0 -45 45 0
14 7 0 -44 44 0
14 7 -7 -43 43 86
14 7 0 -43 43 0
14 7 0 -42 42 0
14 7 0 -41 41 0
14 7 0 -40 40 0
14 7 -46 -39 39 234
14 7 -7 -39 39 78
14 7 -3 -39 39 234
14 7 0 -39 39 0
14 7 0 -38 38 0
14 7 0 -37 37 0
14 7 -24 -36 36 72
14 7 0 -36 36 0
14 7 3 -36 36 72
14 7 -7 -35 35 70
14 7 0 -35 35 0
14 7 0 -34 34 0
14 7 0 -33 33 0
14 7 -8 -32 32 24
14 7 0 -32 32 0
14 7 -7 -31 31 62
14 7 0 -31 31 0
14 7 0 -30 30 0
14 7 0 -29 29 0
14 7 0 -28 28 0
14 7 -7 -27 27 54
14 7 0 -27 27 0
14 7 0 -26 26 0
14 7 0 -25 25 0
14 7 0 -24 24 0
14 7 -23 -23 23 46
14 7 -7 -23 23 46
14 7 0 -23 23 0
14 7 2 -23 23 46
14 7 0 -22 22 0
14 7 0 -21 21 0
14 7 0 -20 20 0
14 7 -7 -19 19 38
14 7 0 -19 19 0
14 7 0 -18 18 0
14 7 0 -17 17 0
14 7 0 -16 16 0
14 7 -7 -15 15 30
14 7 0 -15 15 0
14 7 0 -14 14 0
14 7 0 -13 13 0
14 7 0 -12 12 0
14 7 -22 -11 11 22
14 7 -7 -11 11 22
14 7 0 -11 11 0
14 7 1 -11 11 22
14 7 0 -10 10 0
14 7 0 -9 9 0
14 7 0 -8 8 0
14 7 -7 -7 7 14
14 7 0 -7 7 0
14 7 0 -6 6 0
14 7 0 -5 5 0
14 7 0 -4 4 0
14 7 -7 -3 3 6
14 7 0 -3 3 0
14 7 0 -2 2 0
14 7 0 -1 1 0
14 7 -7 1 -1 -2
14 7 0 1 -1 0
14 7 0 2 -2 0
14 7 0 3 -3 0
14 7 0 4 -4 0
14 7 -7 5 -5 -10
14 7 0 5 -5 0
14 7 0 6 -6 0
14 7 0 7 -7 0
14 7 0 8 -8 0
14 7 -7 9 -9 -18
14 7 0 9 -9 0
14 7 -20 10 -10 -20
14 7 -1 10 -10 -20
14 7 0 10 -10 0
14 7 0 11 -11 0
14 7 0 12 -12 0
14 7 -7 13 -13 -26
14 7 0 13 -13 0
14 7 0 14 -14 0
14 7 0 15 -15 0
14 7 0 16 -16 0
14 7 -7 17 -17 -34
14 7 0 17 -17 0
14 7 0 18 -18 0
14 7 -19 19 -19 -38
14 7 -2 19 -19 -38
14 7 0 19 -19 0
14 7 0 20 -20 0
14 7 -7 21 -21 -42
14 7 0 21 -21 0
14 7 0 22 -22 0
14 7 0 23 -23 0
14 7 -6 24 -24 -18
14 7 0 24 -24 0
14 7 -7 25 -25 -50
14 7 0 25 -25 0
14 7 -60 26 -26 -156
14 7 0 26 -26 0
14 7 -18 27 -27 -54
14 7 -3 27 -27 -54
14 7 0 27 -27 0
14 7 0 28 -28 0
14 7 -7 29 -29 -58
14 7 0 29 -29 0
14 7 0 30 -30 0
14 7 0 31 -31 0
14 7 0 32 -32 0
14 7 -10 33 -33 -198
14 7 -7 33 -33 -66
14 7 0 33 -33 0
14 7 -17 34 -34 -68
14 7 -4 34 -34 -68
14 7 0 34 -34 0
14 7 0 35 -35 0
14 7 0 36 -36 0
14 7 -7 37 -37 -74
14 7 0 37 -37 0
14 7 0 38 -38 0
14 7 0 39 -39 0
14 7 -16 40 -40 -80
14 7 -5 40 -40 -80
14 7 -2 40 -40 -30
14 7 0 40 -40 0
14 7 -7 41 -41 -82
14 7 0 41 -41 0
14 7 -28 42 -42 -252
14 7 0 42 -42 0
14 7 0 43 -43 0
14 7 0 44 -44 0
14 7 -30 45 -45 -270
14 7 -15 45 -45 -90
14 7 -7 45 -45 -90
14 7 -6 45 -45 -90
14 7 0 45 -45 0
14 7 0 46 -46 0
14 7 0 47 -47 0
14 7 -4 48 -48 -36
14 7 0 48 -48 0
14 7 -42 49 -49 -294
14 7 -35 49 -49 -294
14 7 -14 49 -49 -294
14 7 -14 49 -49 -98
14 7 -7 49 -49 -98
14 7 0 49 -49 0
14 7 7 49 -49 0
14 7 14 49 -49 -98
14 7 21 49 -49 -294
14 7 28 49 -49 0
14 7 49 49 -49 -98
14 7 63 49 -49 0
14 7 70 49 -49 -294
14 7 98 49 -49 -98
14 7 112 49 -49 0
14 7 133 49 -49 -294
14 7 0 50 -50 0
14 7 0 51 -51 0
14 7 -13 52 -52 -104
14 7 -8 52 -52 -104
14 7 0 52 -52 0
14 7 -7 53 -53 -106
14 7 0 53 -53 0
14 7 -12 54 -54 -108
14 7 -9 54 -54 -108
14 7 0 54 -54 0
14 7 -11 55 -55 -110
14 7 -10 55 -55 -110
14 7 0 55 -55 0
14 7 0 56 -56 0
14 7 -7 57 -57 -114
14 7 0 57 -57 0
14 7 0 58 -58 0
14 7 0 59 -59 0
14 7 0 60 -60 0
14 7 -7 61 -61 -122
14 7 0 61 -61 0
14 7 0 62 -62 0
14 7 0 63 -63 0
14 7 0 64 -64 0
14 7 -7 65 -65 -130
14 7 0 65 -65 0
14 7 0 66 -66 0
14 7 0 67 -67 0
14 7 0 68 -68 0
14 7 -7 69 -69 -138
14 7 0 69 -69 0
14 7 0 70 -70 0
14 7 0 71 -71 0
14 7 0 72 -72 0
14 7 -7 73 -73 -146
14 7 0 73 -73 0
14 7 0 74 -74 0
14 7 0 75 -75 0
14 7 0 76 -76 0
14 7 -7 77 -77 -154
14 7 0 77 -77 0
14 7 0 78 -78 0
14 7 0 79 -79 0
14 7 0 80 -80 0
14 7 -7 81 -81 -162
14 7 0 81 -81 0
14 7 0 82 -82 0
14 7 0 83 -83 0
14 7 0 84 -84 0
14 7 -7 85 -85 -170
14 7 0 85 -85 0
14 7 0 86 -86 0
14 7 0 87 -87 0
14 7 0 88 -88 0
14 7 -7 89 -89 -178
14 7 0 89 -89 0
14 7 0 90 -90 0
14 7 0 91 -91 0
14 7 0 92 -92 0
14 7 -7 93 -93 -186
14 7 0 93 -93 0
14 7 0 94 -94 0
14 7 0 95 -95 0
14 7 0 96 -96 0
14 7 -7 97 -97 -194
14 7 0 97 -97 0
14 7 0 98 -98 0
14 7 0 99 -99 0
14 7 0 100 -100 0
14 7 -7 101 -101 -202
14 7 0 101 -101 0
14 7 0 102 -102 0
14 7 0 103 -103 0
14 7 0 104 -104 0
14 7 -7 105 -105 -210
14 7 0 105 -105 0
14 7 0 106 -106 0
14 7 0 107 -107 0
14 7 0 108 -108 0
14 7 -7 109 -109 -218
14 7 0 109 -109 0
14 7 0 110 -110 0
14 7 0 111 -111 0
14 7 0 112 -112 0
14 7 -7 113 -113 -226
14 7 0 113 -113 0
14 7 0 114 -114 0
14 7 0 115 -115 0
14 7 0 116 -116 0
14 7 -7 117 -117 -234
14 7 0 117 -117 0
14 7 0 118 -118 0
14 7 0 119 -119 0
14 7 0 120 -120 0
14 7 -7 121 -121 -242
14 7 0 121 -121 0
14 7 0 122 -122 0
14 7 0 123 -123 0
14 7 0 124 -124 0
14 7 -7 125 -125 -250
14 7 0 125 -125 0
14 7 0 126 -126 0
14 7 0 127 -127 0
14 7 0 128 -128 0
14 7 -7 129 -129 -258
14 7 0 129 -129 0
14 7 0 130 -130 0
14 7 0 131 -131 0
14 7 0 132 -132 0
14 7 -7 133 -133 -266
14 7 0 133 -133 0
14 7 0 134 -134 0
14 7 0 135 -135 0
14 7 0 136 -136 0
14 7 -7 137 -137 -274
14 7 0 137 -137 0
14 7 0 138 -138 0
14 7 0 139 -139 0
14 7 0 140 -140 0
14 7 -7 141 -141 -282
14 7 0 141 -141 0
14 7 0 142 -142 0
14 7 0 143 -143 0
14 7 0 144 -144 0
14 7 -7 145 -145 -290
14 7 0 145 -145 0
14 7 0 146 -146 0
14 7 0 147 -147 0
14 7 0 148 -148 0
14 7 -7 149 -149 -298
14 7 0 149 -149 0
14 7 0 150 -150 0
16 8 0 -150 150 0
16 8 0 -149 149 0
16 8 -8 -148 148 296
16 8 0 -148 148 0
16 8 0 -147 147 0
16 8 0 -146 146 0
16 8 0 -145 145 0
16 8 -8 -144 144 288
16 8 0 -144 144 0
16 8 0 -143 143 0
16 8 0 -142 142 0
16 8 0 -141 141 0
16 8 -8 -140 140 280
16 8 0 -140 140 0
16 8 0 -139 139 0
16 8 0 -138 138 0
16 8 0 -137 137 0
16 8 -8 -136 136 272
16 8 0 -136 136 0
16 8 0 -135 135 0
16 8 0 -134 134 0
16 8 0 -133 133 0
16 8 -8 -132 132 264
16 8 0 -132 132 0
16 8 0 -131 131 0
16 8 0 -130 130 0
16 8 0 -129 129 0
16 8 -32 -128 128 256
16 8 -8 -128 128 256
16 8 0 -128 128 0
16 8 8 -128 128 256
16 8 0 -127 127 0
16 8 0 -126 126 0
16 8 0 -125 125 0
16 8 -8 -124 124 248
16 8 0 -124 124 0
16 8 0 -123 123 0
16 8 0 -122 122 0
16 8 0 -121 121 0
16 8 -8 -120 120 240
16 8 0 -120 120 0
16 8 0 -119 119 0
16 8 0 -118 118 0
16 8 0 -117 117 0
16 8 -8 -116 116 232
16 8 0 -116 116 0
16 8 0 -115 115 0
16 8 0 -114 114 0
16 8 0 -113 113 0
16 8 -8 -112 112 224
16 8 0 -112 112 0
16 8 0 -111 111 0
16 8 0 -110 110 0
16 8 0 -109 109 0
16 8 -8 -108 108 216
16 8 0 -108 108 0
16 8 0 -107 107 0
16 8 0 -106 106 0
16 8 0 -105 105 0
16 8 -8 -104 104 208
16 8 0 -104 104 0
16 8 0 -103 103 0
16 8 0 -102 102 0
16 8 0 -101 101 0
16 8 -8 -100 100 200
16 8 0 -100 100 0
16 8 0 -99 99 0
16 8 0 -98 98 0
16 8 0 -97 97 0
16 8 -8 -96 96 192
16 8 0 -96 96 0
16 8 0 -95 95 0
16 8 0 -94 94 0
16 8 0 -93 93 0
16 8 -8 -92 92 184
16 8 0 -92 92 0
16 8 0 -91 91 0
16 8 -30 -90 90 180
16 8 0 -90 90 0
16 8 6 -90 90 180
16 8 0 -89 89 0
16 8 -8 -88 88 176
16 8 0 -88 88 0
16 8 0 -87 87 0
16 8 0 -86 86 0
16 8 0 -85 85 0
16 8 -8 -84 84 168
16 8 0 -84 84 0
16 8 0 -83 83 0
16 8 0 -82 82 0
16 8 0 -81 81 0
16 8 -10 -80 80 60
16 8 -8 -80 80 160
16 8 0 -80 80 0
16 8 2 -80 80 60
16 8 0 -79 79 0
16 8 0 -78 78 0
16 8 0 -77 77 0
16 8 -8 -76 76 152
16 8 0 -76 76 0
16 8 0 -75 75 0
16 8 0 -74 74 0
16 8 0 -73 73 0
16 8 -8 -72 72 144
16 8 0 -72 72 0
16 8 0 -71 71 0
16 8 0 -70 70 0
16 8 0 -69 69 0
16 8 -8 -68 68 136
16 8 0 -68 68 0
16 8 0 -67 67 0
16 8 0 -66 66 0
16 8 0 -65 65 0
16 8 -8 -64 64 128
16 8 0 -64 64 0
16 8 0 -63 63 0
16 8 0 -62 62 0
16 8 0 -61 61 0
16 8 -8 -60 60 120
16 8 0 -60 60 0
16 8 0 -59 59 0
16 8 0 -58 58 0
16 8 0 -57 57 0
16 8 -28 -56 56 112
16 8 -8 -56 56 112
16 8 0 -56 56 0
16 8 4 -56 56 112
16 8 0 -55 55 0
16 8 0 -54 54 0
16 8 0 -53 53 0
16 8 -8 -52 52 104
16 8 0 -52 52 0
16 8 0 -51 51 0
16 8 0 -50 50 0
16 8 0 -49 49 0
16 8 -8 -48 48 96
16 8 0 -48 48 0
16 8 0 -47 47 0
16 8 0 -46 46 0
16 8 0 -45 45 0
16 8 -52 -44 44 264
16 8 -8 -44 44 88
16 8 -4 -44 44 264
16 8 0 -44 44 0
16 8 0 -43 43 0
16 8 0 -42 42 0
16 8 0 -41 41 0
16 8 -8 -40 40 80
16 8 0 -40 40 0
16 8 0 -39 39 0
16 8 0 -38 38 0
16 8 0 -37 37 0
16 8 -8 -36 36 72
16 8 0 -36 36 0
16 8 0 -35 35 0
16 8 0 -34 34 0
16 8 0 -33 33 0
16 8 -8 -32 32 64
16 8 0 -32 32 0
16 8 0 -31 31 0
16 8 0 -30 30 0
16 8 0 -29 29 0
16 8 -8 -28 28 56
16 8 0 -28 28 0
16 8 0 -27 27 0
16 8 -26 -26 26 52
16 8 0 -26 26 0
16 8 2 -26 26 52
16 8 0 -25 25 0
16 8 -8 -24 24 48
16 8 0 -24 24 0
16 8 0 -23 23 0
16 8 0 -22 22 0
16 8 0 -21 21 0
16 8 -8 -20 20 40
16 8 0 -20 20 0
16 8 0 -19 19 0
16 8 0 -18 18 0
16 8 0 -17 17 0
16 8 -8 -16 16 32
16 8 0 -16 16 0
16 8 0 -15 15 0
16 8 0 -14 14 0
16 8 0 -13 13 0
16 8 -8 -12 12 24
16 8 0 -12 12 0
16 8 0 -11 11 0
16 8 0 -10 10 0
16 8 0 -9 9 0
16 8 -8 -8 8 16
16 8 0 -8 8 0
16 8 0 -7 7 0
16 8 0 -6 6 0
16 8 0 -5 5 0
16 8 -8 -4 4 8
16 8 0 -4 4 0
16 8 0 -3 3 0
16 8 0 -2 2 0
16 8 0 -1 1 0
16 8 0 1 -1 0
16 8 0 2 -2 0
16 8 0 3 -3 0
16 8 -8 4 -4 -8
16 8 0 4 -4 0
16 8 0 5 -5 0
16 8 0 6 -6 0
16 8 0 7 -7 0
16 8 -8 8 -8 -16
16 8 0 8 -8 0
16 8 0 9 -9 0
16 8 0 10 -10 0
16 8 0 11 -11 0
16 8 -8 12 -12 -24
16 8 0 12 -12 0
16 8 0 13 -13 0
16 8 0 14 -14 0
16 8 0 15 -15 0
16 8 -8 16 -16 -32
16 8 0 16 -16 0
16 8 0 17 -17 0
16 8 0 18 -18 0
16 8 0 19 -19 0
16 8 -8 20 -20 -40
16 8 0 20 -20 0
16 8 0 21 -21 0
16 8 -22 22 -22 -44
16 8 -2 22 -22 -44
16 8 0 22 -22 0
16 8 0 23 -23 0
16 8 -8 24 -24 -48
16 8 0 24 -24 0
16 8 0 25 -25 0
16 8 0 26 -26 0
16 8 0 27 -27 0
16 8 -8 28 -28 -56
16 8 0 28 -28 0
16 8 0 29 -29 0
16 8 0 30 -30 0
16 8 0 31 -31 0
16 8 -8 32 -32 -64
16 8 0 32 -32 0
16 8 0 33 -33 0
16 8 0 34 -34 0
16 8 0 35 -35 0
16 8 -44 36 -36 -216
16 8 -12 36 -36 -216
16 8 -8 36 -36 -72
16 8 0 36 -36 0
16 8 0 37 -37 0
16 8 0 38 -38 0
16 8 0 39 -39 0
16 8 -20 40 -40 -80
16 8 -8 40 -40 -80
16 8 -4 40 -40 -80
16 8 0 40 -40 0
16 8 0 41 -41 0
16 8 0 42 -42 0
16 8 0 43 -43 0
16 8 -8 44 -44 -88
16 8 0 44 -44 0
16 8 0 45 -45 0
16 8 0 46 -46 0
16 8 0 47 -47 0
16 8 -8 48 -48 -96
16 8 -6 48 -48 -36
16 8 -2 48 -48 -36
16 8 0 48 -48 0
16 8 0 49 -49 0
16 8 -30 50 -50 -300
16 8 0 50 -50 0
16 8 0 51 -51 0
16 8 -8 52 -52 -104
16 8 0 52 -52 0
16 8 0 53 -53 0
16 8 -18 54 -54 -108
16 8 -6 54 -54 -108
16 8 0 54 -54 0
16 8 0 55 -55 0
16 8 -8 56 -56 -112
16 8 0 56 -56 0
16 8 0 57 -57 0
16 8 0 58 -58 0
16 8 0 59 -59 0
16 8 -8 60 -60 -120
16 8 0 60 -60 0
16 8 0 61 -61 0
16 8 0 62 -62 0
16 8 0 63 -63 0
16 8 -28 64 -64 -240
16 8 -22 64 -64 -180
16 8 -18 64 -64 -180
16 8 -16 64 -64 -128
16 8 -12 64 -64 -240
16 8 -10 64 -64 -180
16 8 -10 64 -64 -84
16 8 -8 64 -64 -128
16 8 -6 64 -64 -84
16 8 -4 64 -64 -48
16 8 -2 64 -64 -20
16 8 0 64 -64 0
16 8 2 64 -64 -180
16 8 2 64 -64 -84
16 8 2 64 -64 -20
16 8 2 64 -64 12
16 8 4 64 -64 16
16 8 6 64 -64 12
16 8 8 64 -64 0
16 8 10 64 -64 -20
16 8 12 64 -64 -48
16 8 14 64 -64 -84
16 8 14 64 -64 12
16 8 16 64 -64 -128
16 8 18 64 -64 -180
16 8 20 64 -64 -240
16 8 20 64 -64 16
16 8 22 64 -64 -20
16 8 26 64 -64 12
16 8 30 64 -64 -84
16 8 32 64 -64 0
16 8 38 64 -64 -180
16 8 38 64 -64 -20
16 8 42 64 -64 12
16 8 44 64 -64 -48
16 8 50 64 -64 -84
16 8 52 64 -64 16
16 8 56 64 -64 -128
16 8 58 64 -64 -20
16 8 62 64 -64 -180
16 8 62 64 -64 12
16 8 68 64 -64 -240
16 8 72 64 -64 0
16 8 74 64 -64 -84
16 8 82 64 -64 -20
16 8 86 64 -64 12
16 8 90 64 -64 -180
16 8 92 64 -64 -48
16 8 100 64 -64 16
16 8 102 64 -64 -84
16 8 110 64 -64 -20
16 8 112 64 -64 -128
16 8 114 64 -64 12
16 8 122 64 -64 -180
16 8 128 64 -64 0
16 8 132 64 -64 -240
16 8 134 64 -64 -84
16 8 142 64 -64 -20
16 8 146 64 -64 12
16 8 0 65 -65 0
16 8 0 66 -66 0
16 8 0 67 -67 0
16 8 -8 68 -68 -136
16 8 0 68 -68 0
16 8 0 69 -69 0
16 8 -14 70 -70 -140
16 8 -10 70 -70 -140
16 8 0 70 -70 0
16 8 0 71 -71 0
16 8 -12 72 -72 -144
16 8 -8 72 -72 -144
16 8 0 72 -72 0
16 8 0 73 -73 0
16 8 0 74 -74 0
16 8 0 75 -75 0
16 8 -8 76 -76 -152
16 8 0 76 -76 0
16 8 0 77 -77 0
16 8 0 78 -78 0
16 8 0 79 -79 0
16 8 -8 80 -80 -160
16 8 0 80 -80 0
16 8 0 81 -81 0
16 8 0 82 -82 0
16 8 0 83 -83 0
16 8 -8 84 -84 -168
16 8 0 84 -84 0
16 8 0 85 -85 0
16 8 0 86 -86 0
16 8 0 87 -87 0
16 8 -8 88 -88 -176
16 8 0 88 -88 0
16 8 0 89 -89 0
16 8 0 90 -90 0
16 8 0 91 -91 0
16 8 -8 92 -92 -184
16 8 0 92 -92 0
16 8 0 93 -93 0
16 8 0 94 -94 0
16 8 0 95 -95 0
16 8 -8 96 -96 -192
16 8 0 96 -96 0
16 8 0 97 -97 0
16 8 0 98 -98 0
16 8 0 99 -99 0
16 8 -8 100 -100 -200
16 8 0 100 -100 0
16 8 0 101 -101 0
16 8 0 102 -102 0
16 8 0 103 -103 0
16 8 -8 104 -104 -208
16 8 0 104 -104 0
16 8 0 105 -105 0
16 8 0 106 -106 0
16 8 0 107 -107 0
16 8 -8 108 -108 -216
16 8 0 108 -108 0
16 8 0 109 -109 0
16 8 0 110 -110 0
16 8 0 111 -111 0
16 8 -8 112 -112 -224
16 8 0 112 -112 0
16 8 0 113 -113 0
16 8 0 114 -114 0
16 8 0 115 -115 0
16 8 -8 116 -116 -232
16 8 0 116 -116 0
16 8 0 117 -117 0
16 8 0 118 -118 0
16 8 0 119 -119 0
16 8 -8 120 -120 -240
16 8 0 120 -120 0
16 8 0 121 -121 0
16 8 0 122 -122 0
16 8 0 123 -123 0
16 8 -8 124 -124 -248
16 8 0 124 -124 0
16 8 0 125 -125 0
16 8 0 126 -126 0
16 8 0 127 -127 0
16 8 -8 128 -128 -256
16 8 0 128 -128 0
16 8 0 129 -129 0
16 8 0 130 -130 0
16 8 0 131 -131 0
16 8 -8 132 -132 -264
16 8 0 132 -132 0
16 8 0 133 -133 0
16 8 0 134 -134 0
16 8 0 135 -135 0
16 8 -8 136 -136 -272
16 8 0 136 -136 0
16 8 0 137 -137 0
16 8 0 138 -138 0
16 8 0 139 -139 0
16 8 -8 140 -140 -280
16 8 0 140 -140 0
16 8 0 141 -141 0
16 8 0 142 -142 0
16 8 0 143 -143 0
16 8 -8 144 -144 -288
16 8 0 144 -144 0
16 8 0 145 -145 0
16 8 0 146 -146 0
16 8 0 147 -147 0
16 8 -8 148 -148 -296
16 8 0 148 -148 0
16 8 0 149 -149 0
16 8 0 150 -150 0
18 9 0 -150 150 0
18 9 0 -149 149 0
18 9 0 -148 148 0
18 9 -9 -147 147 294
18 9 0 -147 147 0
18 9 0 -146 146 0
18 9 0 -145 145 0
18 9 -12 -144 144 108
18 9 0 -144 144 0
18 9 -9 -143 143 286
18 9 0 -143 143 0
18 9 0 -142 142 0
18 9 0 -141 141 0
18 9 -35 -140 140 280
18 9 0 -140 140 0
18 9 8 -140 140 280
18 9 -9 -139 139 278
18 9 0 -139 139 0
18 9 0 -138 138 0
18 9 0 -137 137 0
18 9 0 -136 136 0
18 9 -9 -135 135 270
18 9 0 -135 135 0
18 9 0 -134 134 0
18 9 0 -133 133 0
18 9 0 -132 132 0
18 9 -9 -131 131 262
18 9 0 -131 131 0
18 9 0 -130 130 0
18 9 0 -129 129 0
18 9 0 -128 128 0
18 9 -9 -127 127 254
18 9 0 -127 127 0
18 9 0 -126 126 0
18 9 0 -125 125 0
18 9 0 -124 124 0
18 9 -9 -123 123 246
18 9 0 -123 123 0
18 9 0 -122 122 0
18 9 0 -121 121 0
18 9 0 -120 120 0
18 9 -34 -119 119 238
18 9 -9 -119 119 238
18 9 0 -119 119 0
18 9 7 -119 119 238
18 9 0 -118 118 0
18 9 0 -117 117 0
18 9 0 -116 116 0
18 9 -9 -115 115 230
18 9 0 -115 115 0
18 9 0 -114 114 0
18 9 0 -113 113 0
18 9 0 -112 112 0
18 9 -9 -111 111 222
18 9 0 -111 111 0
18 9 0 -110 110 0
18 9 0 -109 109 0
18 9 0 -108 108 0
18 9 -9 -107 107 214
18 9 0 -107 107 0
18 9 0 -106 106 0
18 9 0 -105 105 0
18 9 0 -104 104 0
18 9 -9 -103 103 206
18 9 0 -103 103 0
18 9 0 -102 102 0
18 9 0 -101 101 0
18 9 0 -100 100 0
18 9 -33 -99 99 198
18 9 -9 -99 99 198
18 9 0 -99 99 0
18 9 6 -99 99 198
18 9 0 -98 98 0
18 9 0 -97 97 0
18 9 0 -96 96 0
18 9 -9 -95 95 190
18 9 0 -95 95 0
18 9 0 -94 94 0
18 9 0 -93 93 0
18 9 0 -92 92 0
18 9 -9 -91 91 182
18 9 0 -91 91 0
18 9 0 -90 90 0
18 9 0 -89 89 0
18 9 0 -88 88 0
18 9 2 -88 88 66
18 9 -9 -87 87 174
18 9 0 -87 87 0
18 9 0 -86 86 0
18 9 0 -85 85 0
18 9 0 -84 84 0
18 9 -9 -83 83 166
18 9 0 -83 83 0
18 9 0 -82 82 0
18 9 0 -81 81 0
18 9 -32 -80 80 160
18 9 0 -80 80 0
18 9 5 -80 80 160
18 9 -9 -79 79 158
18 9 0 -79 79 0
18 9 0 -78 78 0
18 9 0 -77 77 0
18 9 0 -76 76 0
18 9 -9 -75 75 150
18 9 0 -75 75 0
18 9 0 -74 74 0
18 9 0 -73 73 0
18 9 0 -72 72 0
18 9 -9 -71 71 142
18 9 0 -71 71 0
18 9 0 -70 70 0
18 9 0 -69 69 0
18 9 0 -68 68 0
18 9 -9 -67 67 134
18 9 0 -67 67 0
18 9 0 -66 66 0
18 9 0 -65 65 0
18 9 0 -64 64 0
18 9 -9 -63 63 126
18 9 0 -63 63 0
18 9 -31 -62 62 124
18 9 0 -62 62 0
18 9 4 -62 62 124
18 9 0 -61 61 0
18 9 0 -60 60 0
18 9 -9 -59 59 118
18 9 0 -59 59 0
18 9 0 -58 58 0
18 9 0 -57 57 0
18 9 0 -56 56 0
18 9 -9 -55 55 110
18 9 0 -55 55 0
18 9 0 -54 54 0
18 9 0 -53 53 0
18 9 0 -52 52 0
18 9 -9 -51 51 102
18 9 0 -51 51 0
18 9 0 -50 50 0
18 9 0 -49 49 0
18 9 0 -48 48 0
18 9 -9 -47 47 94
18 9 0 -47 47 0
18 9 0 -46 46 0
18 9 -30 -45 45 90
18 9 0 -45 45 0
18 9 3 -45 45 90
18 9 0 -44 44 0
18 9 -9 -43 43 86
18 9 0 -43 43 0
18 9 0 -42 42 0
18 9 0 -41 41 0
18 9 -10 -40 40 30
18 9 0 -40 40 0
18 9 -9 -39 39 78
18 9 0 -39 39 0
18 9 0 -38 38 0
18 9 0 -37 37 0
18 9 0 -36 36 0
18 9 -9 -35 35 70
18 9 0 -35 35 0
18 9 0 -34 34 0
18 9 0 -33 33 0
18 9 0 -32 32 0
18 9 -9 -31 31 62
18 9 0 -31 31 0
18 9 0 -30 30 0
18 9 -29 -29 29 58
18 9 0 -29 29 0
18 9 2 -29 29 58
18 9 0 -28 28 0
18 9 -9 -27 27 54
18 9 0 -27 27 0
18 9 0 -26 26 0
18 9 0 -25 25 0
18 9 0 -24 24 0
18 9 -9 -23 23 46
18 9 0 -23 23 0
18 9 0 -22 22 0
18 9 0 -21 21 0
18 9 0 -20 20 0
18 9 -9 -19 19 38
18 9 0 -19 19 0
18 9 0 -18 18 0
18 9 0 -17 17 0
18 9 0 -16 16 0
18 9 -9 -15 15 30
18 9 0 -15 15 0
18 9 -28 -14 14 28
18 9 0 -14 14 0
18 9 1 -14 14 28
18 9 0 -13 13 0
18 9 0 -12 12 0
18 9 -9 -11 11 22
18 9 0 -11 11 0
18 9 0 -10 10 0
18 9 0 -9 9 0
18 9 0 -8 8 0
18 9 -9 -7 7 14
18 9 0 -7 7 0
18 9 0 -6 6 0
18 9 0 -5 5 0
18 9 0 -4 4 0
18 9 -9 -3 3 6
18 9 0 -3 3 0
18 9 0 -2 2 0
18 9 0 -1 1 0
18 9 -9 1 -1 -2
18 9 0 1 -1 0
18 9 0 2 -2 0
18 9 0 3 -3 0
18 9 0 4 -4 0
18 9 -9 5 -5 -10
18 9 0 5 -5 0
18 9 0 6 -6 0
18 9 0 7 -7 0
18 9 0 8 -8 0
18 9 -9 9 -9 -18
18 9 0 9 -9 0
18 9 0 10 -10 0
18 9 0 11 -11 0
18 9 0 12 -12 0
18 9 -26 13 -13 -26
18 9 -9 13 -13 -26
18 9 -1 13 -13 -26
18 9 0 13 -13 0
18 9 0 14 -14 0
18 9 0 15 -15 0
18 9 0 16 -16 0
18 9 -9 17 -17 -34
18 9 0 17 -17 0
18 9 0 18 -18 0
18 9 0 19 -19 0
18 9 0 20 -20 0
18 9 -9 21 -21 -42
18 9 0 21 -21 0
18 9 0 22 -22 0
18 9 0 23 -23 0
18 9 0 24 -24 0
18 9 -25 25 -25 -50
18 9 -9 25 -25 -50
18 9 -2 25 -25 -50
18 9 0 25 -25 0
18 9 0 26 -26 0
18 9 0 27 -27 0
18 9 0 28 -28 0
18 9 -9 29 -29 -58
18 9 0 29 -29 0
18 9 0 30 -30 0
18 9 0 31 -31 0
18 9 -8 32 -32 -24
18 9 0 32 -32 0
18 9 -9 33 -33 -66
18 9 0 33 -33 0
18 9 0 34 -34 0
18 9 0 35 -35 0
18 9 -24 36 -36 -72
18 9 -3 36 -36 -72
18 9 0 36 -36 0
18 9 -9 37 -37 -74
18 9 0 37 -37 0
18 9 0 38 -38 0
18 9 0 39 -39 0
18 9 0 40 -40 0
18 9 -50 41 -41 -246
18 9 -13 41 -41 -246
18 9 -9 41 -41 -82
18 9 0 41 -41 0
18 9 0 42 -42 0
18 9 0 43 -43 0
18 9 0 44 -44 0
18 9 -30 45 -45 -270
18 9 -9 45 -45 -90
18 9 0 45 -45 0
18 9 -23 46 -46 -92
18 9 -4 46 -46 -92
18 9 0 46 -46 0
18 9 0 47 -47 0
18 9 0 48 -48 0
18 9 -9 49 -49 -98
18 9 0 49 -49 0
18 9 0 50 -50 0
18 9 0 51 -51 0
18 9 0 52 -52 0
18 9 -9 53 -53 -106
18 9 0 53 -53 0
18 9 0 54 -54 0
18 9 -22 55 -55 -110
18 9 -5 55 -55 -110
18 9 0 55 -55 0
18 9 -26 56 -56 -210
18 9 -9 56 -56 -210
18 9 -2 56 -56 -42
18 9 0 56 -56 0
18 9 -9 57 -57 -114
18 9 0 57 -57 0
18 9 0 58 -58 0
18 9 0 59 -59 0
18 9 0 60 -60 0
18 9 -9 61 -61 -122
18 9 0 61 -61 0
18 9 0 62 -62 0
18 9 -21 63 -63 -126
18 9 -6 63 -63 -126
18 9 0 63 -63 0
18 9 0 64 -64 0
18 9 -9 65 -65 -130
18 9 0 65 -65 0
18 9 0 66 -66 0
18 9 0 67 -67 0
18 9 0 68 -68 0
18 9 -9 69 -69 -138
18 9 0 69 -69 0
18 9 -20 70 -70 -140
18 9 -7 70 -70 -140
18 9 0 70 -70 0
18 9 0 71 -71 0
18 9 -6 72 -72 -54
18 9 0 72 -72 0
18 9 -9 73 -73 -146
18 9 0 73 -73 0
18 9 0 74 -74 0
18 9 0 75 -75 0
18 9 -19 76 -76 -152
18 9 -8 76 -76 -152
18 9 0 76 -76 0
18 9 -9 77 -77 -154
18 9 0 77 -77 0
18 9 0 78 -78 0
18 9 0 79 -79 0
18 9 -4 80 -80 -60
18 9 0 80 -80 0
18 9 -27 81 -81 -252
18 9 -24 81 -81 -252
18 9 -18 81 -81 -162
18 9 -12 81 -81 -252
18 9 -9 81 -81 -162
18 9 -9 81 -81 -90
18 9 -6 81 -81 -90
18 9 -3 81 -81 -252
18 9 -3 81 -81 -36
18 9 0 81 -81 -36
18 9 0 81 -81 0
18 9 3 81 -81 18
18 9 6 81 -81 -90
18 9 6 81 -81 18
18 9 9 81 -81 0
18 9 12 81 -81 -36
18 9 15 81 -81 -90
18 9 18 81 -81 -162
18 9 18 81 -81 18
18 9 21 81 -81 -252
18 9 21 81 -81 -36
18 9 27 81 -81 18
18 9 36 81 -81 -252
18 9 36 81 -81 0
18 9 39 81 -81 -90
18 9 45 81 -81 -36
18 9 51 81 -81 18
18 9 54 81 -81 -90
18 9 60 81 -81 -36
18 9 63 81 -81 -162
18 9 66 81 -81 18
18 9 72 81 -81 -252
18 9 81 81 -81 0
18 9 90 81 -81 -90
18 9 93 81 -81 -252
18 9 96 81 -81 -36
18 9 102 81 -81 18
18 9 111 81 -81 -90
18 9 117 81 -81 -36
18 9 123 81 -81 18
18 9 126 81 -81 -162
18 9 141 81 -81 -252
18 9 144 81 -81 0
18 9 0 82 -82 0
18 9 0 83 -83 0
18 9 0 84 -84 0
18 9 -17 85 -85 -170
18 9 -10 85 -85 -170
18 9 -9 85 -85 -170
18 9 0 85 -85 0
18 9 0 86 -86 0
18 9 0 87 -87 0
18 9 -16 88 -88 -176
18 9 -11 88 -88 -176
18 9 0 88 -88 0
18 9 -9 89 -89 -178
18 9 0 89 -89 0
18 9 -15 90 -90 -180
18 9 -12 90 -90 -180
18 9 0 90 -90 0
18 9 -14 91 -91 -182
18 9 -13 91 -91 -182
18 9 0 91 -91 0
18 9 0 92 -92 0
18 9 -9 93 -93 -186
18 9 0 93 -93 0
18 9 0 94 -94 0
18 9 0 95 -95 0
18 9 0 96 -96 0
18 9 -9 97 -97 -194
18 9 0 97 -97 0
18 9 0 98 -98 0
18 9 0 99 -99 0
18 9 0 100 -100 0
18 9 -9 101 -101 -202
18 9 0 101 -101 0
18 9 0 102 -102 0
18 9 0 103 -103 0
18 9 0 104 -104 0
18 9 -9 105 -105 -210
18 9 0 105 -105 0
18 9 0 106 -106 0
18 9 0 107 -107 0
18 9 0 108 -108 0
18 9 -9 109 -109 -218
18 9 0 109 -109 0
18 9 0 110 -110 0
18 9 0 111 -111 0
18 9 0 112 -112 0
18 9 -9 113 -113 -226
18 9 0 113 -113 0
18 9 0 114 -114 0
18 9 0 115 -115 0
18 9 0 116 -116 0
18 9 -9 117 -117 -234
18 9 0 117 -117 0
18 9 0 118 -118 0
18 9 0 119 -119 0
18 9 0 120 -120 0
18 9 -9 121 -121 -242
18 9 0 121 -121 0
18 9 0 122 -122 0
18 9 0 123 -123 0
18 9 0 124 -124 0
18 9 -9 125 -125 -250
18 9 0 125 -125 0
18 9 0 126 -126 0
18 9 0 127 -127 0
18 9 0 128 -128 0
18 9 -9 129 -129 -258
18 9 0 129 -129 0
18 9 0 130 -130 0
18 9 0 131 -131 0
18 9 0 132 -132 0
18 9 -9 133 -133 -266
18 9 0 133 -133 0
18 9 0 134 -134 0
18 9 0 135 -135 0
18 9 0 136 -136 0
18 9 -9 137 -137 -274
18 9 0 137 -137 0
18 9 0 138 -138 0
18 9 0 139 -139 0
18 9 0 140 -140 0
18 9 -9 141 -141 -282
18 9 0 141 -141 0
18 9 0 142 -142 0
18 9 0 143 -143 0
18 9 0 144 -144 0
18 9 -9 145 -145 -290
18 9 0 145 -145 0
18 9 0 146 -146 0
18 9 0 147 -147 0
18 9 0 148 -148 0
18 9 -9 149 -149 -298
18 9 0 149 -149 0
18 9 0 150 -150 0
20 10 0 -150 150 0
20 10 0 -149 149 0
20 10 -10 -148 148 296
20 10 0 -148 148 0
20 10 0 -147 147 0
20 10 0 -146 146 0
20 10 0 -145 145 0
20 10 -10 -144 144 288
20 10 0 -144 144 0
20 10 0 -143 143 0
20 10 0 -142 142 0
20 10 0 -141 141 0
20 10 -10 -140 140 280
20 10 0 -140 140 0
20 10 0 -139 139 0
20 10 0 -138 138 0
20 10 0 -137 137 0
20 10 -10 -136 136 272
20 10 0 -136 136 0
20 10 0 -135 135 0
20 10 0 -134 134 0
20 10 0 -133 133 0
20 10 -10 -132 132 264
20 10 0 -132 132 0
20 10 0 -131 131 0
20 10 0 -130 130 0
20 10 0 -129 129 0
20 10 -10 -128 128 256
20 10 0 -128 128 0
20 10 0 -127 127 0
20 10 0 -126 126 0
20 10 0 -125 125 0
20 10 -10 -124 124 248
20 10 0 -124 124 0
20 10 0 -123 123 0
20 10 0 -122 122 0
20 10 0 -121 121 0
20 10 -10 -120 120 240
20 10 0 -120 120 0
20 10 0 -119 119 0
20 10 0 -118 118 0
20 10 0 -117 117 0
20 10 -10 -116 116 232
20 10 0 -116 116 0
20 10 0 -115 115 0
20 10 0 -114 114 0
20 10 0 -113 113 0
20 10 -10 -112 112 224
20 10 0 -112 112 0
20 10 0 -111 111 0
20 10 0 -110 110 0
20 10 0 -109 109 0
20 10 -36 -108 108 216
20 10 -10 -108 108 216
20 10 0 -108 108 0
20 10 6 -108 108 216
20 10 0 -107 107 0
20 10 0 -106 106 0
20 10 0 -105 105 0
20 10 -10 -104 104 208
20 10 0 -104 104 0
20 10 0 -103 103 0
20 10 0 -102 102 0
20 10 0 -101 101 0
20 10 -10 -100 100 200
20 10 0 -100 100 0
20 10 0 -99 99 0
20 10 0 -98 98 0
20 10 0 -97 97 0
20 10 -12 -96 96 72
20 10 -10 -96 96 192
20 10 0 -96 96 0
20 10 2 -96 96 72
20 10 0 -95 95 0
20 10 0 -94 94 0
20 10 0 -93 93 0
20 10 -10 -92 92 184
20 10 0 -92 92 0
20 10 0 -91 91 0
20 10 0 -90 90 0
20 10 0 -89 89 0
20 10 -10 -88 88 176
20 10 0 -88 88 0
20 10 0 -87 87 0
20 10 0 -86 86 0
20 10 0 -85 85 0
20 10 -10 -84 84 168
20 10 0 -84 84 0
20 10 0 -83 83 0
20 10 0 -82 82 0
20 10 0 -81 81 0
20 10 -10 -80 80 160
20 10 0 -80 80 0
20 10 0 -79 79 0
20 10 0 -78 78 0
20 10 0 -77 77 0
20 10 -10 -76 76 152
20 10 0 -76 76 0
20 10 0 -75 75 0
20 10 0 -74 74 0
20 10 0 -73 73 0
20 10 -10 -72 72 144
20 10 0 -72 72 0
20 10 0 -71 71 0
20 10 0 -70 70 0
20 10 0 -69 69 0
20 10 -34 -68 68 136
20 10 -10 -68 68 136
20 10 0 -68 68 0
20 10 4 -68 68 136
20 10 0 -67 67 0
20 10 0 -66 66 0
20 10 0 -65 65 0
20 10 -10 -64 64 128
20 10 0 -64 64 0
20 10 0 -63 63 0
20 10 0 -62 62 0
20 10 0 -61 61 0
20 10 -10 -60 60 120
20 10 0 -60 60 0
20 10 0 -59 59 0
20 10 0 -58 58 0
20 10 0 -57 57 0
20 10 -10 -56 56 112
20 10 0 -56 56 0
20 10 0 -55 55 0
20 10 0 -54 54 0
20 10 0 -53 53 0
20 10 -10 -52 52 104
20 10 0 -52 52 0
20 10 0 -51 51 0
20 10 0 -50 50 0
20 10 0 -49 49 0
20 10 -10 -48 48 96
20 10 0 -48 48 0
20 10 0 -47 47 0
20 10 0 -46 46 0
20 10 0 -45 45 0
20 10 -10 -44 44 88
20 10 0 -44 44 0
20 10 0 -43 43 0
20 10 0 -42 42 0
20 10 0 -41 41 0
20 10 -10 -40 40 80
20 10 0 -40 40 0
20 10 0 -39 39 0
20 10 0 -38 38 0
20 10 0 -37 37 0
20 10 -10 -36 36 72
20 10 0 -36 36 0
20 10 0 -35 35 0
20 10 0 -34 34 0
20 10 0 -33 33 0
20 10 -32 -32 32 64
20 10 -10 -32 32 64
20 10 0 -32 32 0
20 10 2 -32 32 64
20 10 0 -31 31 0
20 10 0 -30 30 0
20 10 0 -29 29 0
20 10 -10 -28 28 56
20 10 0 -28 28 0
20 10 0 -27 27 0
20 10 0 -26 26 0
20 10 0 -25 25 0
20 10 -10 -24 24 48
20 10 0 -24 24 0
20 10 0 -23 23 0
20 10 0 -22 22 0
20 10 0 -21 21 0
20 10 -10 -20 20 40
20 10 0 -20 20 0
20 10 0 -19 19 0
20 10 0 -18 18 0
20 10 0 -17 17 0
20 10 -10 -16 16 32
20 10 0 -16 16 0
20 10 0 -15 15 0
20 10 0 -14 14 0
20 10 0 -13 13 0
20 10 -10 -12 12 24
20 10 0 -12 12 0
20 10 0 -11 11 0
20 10 0 -10 10 0
20 10 0 -9 9 0
20 10 -10 -8 8 16
20 10 0 -8 8 0
20 10 0 -7 7 0
20 10 0 -6 6 0
20 10 0 -5 5 0
20 10 -10 -4 4 8
20 10 0 -4 4 0
20 10 0 -3 3 0
20 10 0 -2 2 0
20 10 0 -1 1 0
20 10 0 1 -1 0
20 10 0 2 -2 0
20 10 0 3 -3 0
20 10 -10 4 -4 -8
20 10 0 4 -4 0
20 10 0 5 -5 0
20 10 0 6 -6 0
20 10 0 7 -7 0
20 10 -10 8 -8 -16
20 10 0 8 -8 0
20 10 0 9 -9 0
20 10 0 10 -10 0
20 10 0 11 -11 0
20 10 -10 12 -12 -24
20 10 0 12 -12 0
20 10 0 13 -13 0
20 10 0 14 -14 0
20 10 0 15 -15 0
20 10 -10 16 -16 -32
20 10 0 16 -16 0
20 10 0 17 -17 0
20 10 0 18 -18 0
20 10 0 19 -19 0
20 10 -10 20 -20 -40
20 10 0 20 -20 0
20 10 0 21 -21 0
20 10 0 22 -22 0
20 10 0 23 -23 0
20 10 -58 24 -24 -144
20 10 -12 24 -24 -144
20 10 -10 24 -24 -48
20 10 0 24 -24 0
20 10 0 25 -25 0
20 10 0 26 -26 0
20 10 0 27 -27 0
20 10 -28 28 -28 -56
20 10 -10 28 -28 -56
20 10 -2 28 -28 -56
20 10 0 28 -28 0
20 10 0 29 -29 0
20 10 0 30 -30 0
20 10 0 31 -31 0
20 10 -10 32 -32 -64
20 10 0 32 -32 0
20 10 0 33 -33 0
20 10 0 34 -34 0
20 10 0 35 -35 0
20 10 -10 36 -36 -72
20 10 0 36 -36 0
20 10 0 37 -37 0
20 10 0 38 -38 0
20 10 0 39 -39 0
20 10 -10 40 -40 -80
20 10 0 40 -40 0
20 10 0 41 -41 0
20 10 0 42 -42 0
20 10 0 43 -43 0
20 10 -10 44 -44 -88
20 10 0 44 -44 0
20 10 0 45 -45 0
20 10 0 46 -46 0
20 10 0 47 -47 0
20 10 -10 48 -48 -96
20 10 0 48 -48 0
20 10 0 49 -49 0
20 10 0 50 -50 0
20 10 0 51 -51 0
20 10 -26 52 -52 -104
20 10 -10 52 -52 -104
20 10 -4 52 -52 -104
20 10 0 52 -52 0
20 10 0 53 -53 0
20 10 0 54 -54 0
20 10 0 55 -55 0
20 10 -10 56 -56 -112
20 10 0 56 -56 0
20 10 0 57 -57 0
20 10 0 58 -58 0
20 10 0 59 -59 0
20 10 -10 60 -60 -120
20 10 0 60 -60 0
20 10 0 61 -61 0
20 10 0 62 -62 0
20 10 0 63 -63 0
20 10 -10 64 -64 -128
20 10 -8 64 -64 -48
20 10 -2 64 -64 -48
20 10 0 64 -64 0
20 10 2 64 -64 16
20 10 0 65 -65 0
20 10 0 66 -66 0
20 10 0 67 -67 0
20 10 -10 68 -68 -136
20 10 0 68 -68 0
20 10 0 69 -69 0
20 10 0 70 -70 0
20 10 0 71 -71 0
20 10 -24 72 -72 -144
20 10 -10 72 -72 -144
20 10 -6 72 -72 -144
20 10 0 72 -72 0
20 10 0 73 -73 0
20 10 0 74 -74 0
20 10 0 75 -75 0
20 10 -10 76 -76 -152
20 10 0 76 -76 0
20 10 0 77 -77 0
20 10 0 78 -78 0
20 10 0 79 -79 0
20 10 -10 80 -80 -160
20 10 0 80 -80 0
20 10 0 81 -81 0
20 10 0 82 -82 0
20 10 0 83 -83 0
20 10 -10 84 -84 -168
20 10 0 84 -84 0
20 10 0 85 -85 0
20 10 0 86 -86 0
20 10 0 87 -87 0
20 10 -22 88 -88 -176
20 10 -10 88 -88 -176
20 10 -8 88 -88 -176
20 10 0 88 -88 0
20 10 0 89 -89 0
20 10 0 90 -90 0
20 10 0 91 -91 0
20 10 -10 92 -92 -184
20 10 0 92 -92 0
20 10 0 93 -93 0
20 10 0 94 -94 0
20 10 0 95 -95 0
20 10 -10 96 -96 -192
20 10 -6 96 -96 -72
20 10 -4 96 -96 -72
20 10 0 96 -96 0
20 10 0 97 -97 0
20 10 0 98 -98 0
20 10 0 99 -99 0
20 10 -20 100 -100 -200
20 10 -10 100 -100 -200
20 10 0 100 -100 0
20 10 10 100 -100 0
20 10 20 100 -100 -200
20 10 40 100 -100 0
20 10 70 100 -100 -200
20 10 90 100 -100 0
20 10 140 100 -100 -200
20 10 0 101 -101 0
20 10 0 102 -102 0
20 10 0 103 -103 0
20 10 -10 104 -104 -208
20 10 0 104 -104 0
20 10 0 105 -105 0
20 10 0 106 -106 0
20 10 0 107 -107 0
20 10 -18 108 -108 -216
20 10 -12 108 -108 -216
20 10 -10 108 -108 -216
20 10 0 108 -108 0
20 10 0 109 -109 0
20 10 0 110 -110 0
20 10 0 111 -111 0
20 10 -16 112 -112 -224
20 10 -14 112 -112 -224
20 10 -10 112 -112 -224
20 10 0 112 -112 0
20 10 0 113 -113 0
20 10 0 114 -114 0
20 10 0 115 -115 0
20 10 -10 116 -116 -232
20 10 0 116 -116 0
20 10 0 117 -117 0
20 10 0 118 -118 0
20 10 0 119 -119 0
20 10 -10 120 -120 -240
20 10 0 120 -120 0
20 10 0 121 -121 0
20 10 0 122 -122 0
20 10 0 123 -123 0
20 10 -10 124 -124 -248
20 10 0 124 -124 0
20 10 0 125 -125 0
20 10 0 126 -126 0
20 10 0 127 -127 0
20 10 -10 128 -128 -256
20 10 0 128 -128 0
20 10 0 129 -129 0
20 10 0 130 -130 0
20 10 0 131 -131 0
20 10 -10 132 -132 -264
20 10 0 132 -132 0
20 10 0 133 -133 0
20 10 0 134 -134 0
20 10 0 135 -135 0
20 10 -10 136 -136 -272
20 10 0 136 -136 0
20 10 0 137 -137 0
20 10 0 138 -138 0
20 10 0 139 -139 0
20 10 -10 140 -140 -280
20 10 0 140 -140 0
20 10 0 141 -141 0
20 10 0 142 -142 0
20 10 0 143 -143 0
20 10 -10 144 -144 -288
20 10 0 144 -144 0
20 10 0 145 -145 0
20 10 0 146 -146 0
20 10 0 147 -147 0
20 10 -10 148 -148 -296
20 10 0 148 -148 0
20 10 0 149 -149 0
20 10 0 150 -150 0
22 11 0 -150 150 0
22 11 0 -149 149 0
22 11 0 -148 148 0
22 11 -11 -147 147 294
22 11 0 -147 147 0
22 11 0 -146 146 0
22 11 0 -145 145 0
22 11 0 -144 144 0
22 11 -11 -143 143 286
22 11 0 -143 143 0
22 11 0 -142 142 0
22 11 0 -141 141 0
22 11 -40 -140 140 280
22 11 0 -140 140 0
22 11 7 -140 140 280
22 11 -11 -139 139 278
22 11 0 -139 139 0
22 11 0 -138 138 0
22 11 0 -137 137 0
22 11 0 -136 136 0
22 11 -11 -135 135 270
22 11 0 -135 135 0
22 11 0 -134 134 0
22 11 0 -133 133 0
22 11 0 -132 132 0
22 11 -11 -131 131 262
22 11 0 -131 131 0
22 11 0 -130 130 0
22 11 0 -129 129 0
22 11 0 -128 128 0
22 11 -11 -127 127 254
22 11 0 -127 127 0
22 11 0 -126 126 0
22 11 0 -125 125 0
22 11 0 -124 124 0
22 11 -11 -123 123 246
22 11 0 -123 123 0
22 11 0 -122 122 0
22 11 0 -121 121 0
22 11 0 -120 120 0
22 11 -11 -119 119 238
22 11 0 -119 119 0
22 11 0 -118 118 0
22 11 -39 -117 117 234
22 11 0 -117 117 0
22 11 6 -117 117 234
22 11 0 -116 116 0
22 11 -11 -115 115 230
22 11 0 -115 115 0
22 11 0 -114 114 0
22 11 0 -113 113 0
22 11 0 -112 112 0
22 11 -11 -111 111 222
22 11 0 -111 111 0
22 11 0 -110 110 0
22 11 0 -109 109 0
22 11 0 -108 108 0
22 11 -11 -107 107 214
22 11 0 -107 107 0
22 11 0 -106 106 0
22 11 0 -105 105 0
22 11 0 -104 104 0
22 11 2 -104 104 78
22 11 -11 -103 103 206
22 11 0 -103 103 0
22 11 0 -102 102 0
22 11 0 -101 101 0
22 11 0 -100 100 0
22 11 -11 -99 99 198
22 11 0 -99 99 0
22 11 0 -98 98 0
22 11 0 -97 97 0
22 11 0 -96 96 0
22 11 -38 -95 95 190
22 11 -11 -95 95 190
22 11 0 -95 95 0
22 11 5 -95 95 190
22 11 0 -94 94 0
22 11 0 -93 93 0
22 11 0 -92 92 0
22 11 -11 -91 91 182
22 11 0 -91 91 0
22 11 0 -90 90 0
22 11 0 -89 89 0
22 11 0 -88 88 0
22 11 -11 -87 87 174
22 11 0 -87 87 0
22 11 0 -86 86 0
22 11 0 -85 85 0
22 11 0 -84 84 0
22 11 -11 -83 83 166
22 11 0 -83 83 0
22 11 0 -82 82 0
22 11 0 -81 81 0
22 11 0 -80 80 0
22 11 -11 -79 79 158
22 11 0 -79 79 0
22 11 0 -78 78 0
22 11 0 -77 77 0
22 11 0 -76 76 0
22 11 -11 -75 75 150
22 11 0 -75 75 0
22 11 -37 -74 74 148
22 11 0 -74 74 0
22 11 4 -74 74 148
22 11 0 -73 73 0
22 11 0 -72 72 0
22 11 -11 -71 71 142
22 11 0 -71 71 0
22 11 0 -70 70 0
22 11 0 -69 69 0
22 11 0 -68 68 0
22 11 -11 -67 67 134
22 11 0 -67 67 0
22 11 0 -66 66 0
22 11 0 -65 65 0
22 11 0 -64 64 0
22 11 -11 -63 63 126
22 11 0 -63 63 0
22 11 0 -62 62 0
22 11 0 -61 61 0
22 11 0 -60 60 0
22 11 -11 -59 59 118
22 11 0 -59 59 0
22 11 0 -58 58 0
22 11 0 -57 57 0
22 11 0 -56 56 0
22 11 -11 -55 55 110
22 11 0 -55 55 0
22 11 -36 -54 54 108
22 11 0 -54 54 0
22 11 3 -54 54 108
22 11 0 -53 53 0
22 11 0 -52 52 0
22 11 -11 -51 51 102
22 11 0 -51 51 0
22 11 0 -50 50 0
22 11 0 -49 49 0
22 11 -12 -48 48 36
22 11 0 -48 48 0
22 11 -11 -47 47 94
22 11 0 -47 47 0
22 11 0 -46 46 0
22 11 0 -45 45 0
22 11 0 -44 44 0
22 11 -11 -43 43 86
22 11 0 -43 43 0
22 11 0 -42 42 0
22 11 0 -41 41 0
22 11 0 -40 40 0
22 11 -11 -39 39 78
22 11 0 -39 39 0
22 11 0 -38 38 0
22 11 0 -37 37 0
22 11 0 -36 36 0
22 11 -35 -35 35 70
22 11 -11 -35 35 70
22 11 0 -35 35 0
22 11 2 -35 35 70
22 11 0 -34 34 0
22 11 0 -33 33 0
22 11 0 -32 32 0
22 11 -11 -31 31 62
22 11 0 -31 31 0
22 11 0 -30 30 0
22 11 0 -29 29 0
22 11 0 -28 28 0
22 11 -11 -27 27 54
22 11 0 -27 27 0
22 11 0 -26 26 0
22 11 0 -25 25 0
22 11 0 -24 24 0
22 11 -11 -23 23 46
22 11 0 -23 23 0
22 11 0 -22 22 0
22 11 0 -21 21 0
22 11 0 -20 20 0
22 11 -11 -19 19 38
22 11 0 -19 19 0
22 11 0 -18 18 0
22 11 -34 -17 17 34
22 11 0 -17 17 0
22 11 1 -17 17 34
22 11 0 -16 16 0
22 11 -11 -15 15 30
22 11 0 -15 15 0
22 11 0 -14 14 0
22 11 0 -13 13 0
22 11 0 -12 12 0
22 11 -11 -11 11 22
22 11 0 -11 11 0
22 11 0 -10 10 0
22 11 0 -9 9 0
22 11 0 -8 8 0
22 11 -11 -7 7 14
22 11 0 -7 7 0
22 11 0 -6 6 0
22 11 0 -5 5 0
22 11 0 -4 4 0
22 11 -11 -3 3 6
22 11 0 -3 3 0
22 11 0 -2 2 0
22 11 0 -1 1 0
22 11 -11 1 -1 -2
22 11 0 1 -1 0
22 11 0 2 -2 0
22 11 0 3 -3 0
22 11 0 4 -4 0
22 11 -11 5 -5 -10
22 11 0 5 -5 0
22 11 0 6 -6 0
22 11 0 7 -7 0
22 11 0 8 -8 0
22 11 -11 9 -9 -18
22 11 0 9 -9 0
22 11 0 10 -10 0
22 11 0 11 -11 0
22 11 0 12 -12 0
22 11 -11 13 -13 -26
22 11 0 13 -13 0
22 11 0 14 -14 0
22 11 0 15 -15 0
22 11 -32 16 -16 -32
22 11 -1 16 -16 -32
22 11 0 16 -16 0
22 11 -11 17 -17 -34
22 11 0 17 -17 0
22 11 0 18 -18 0
22 11 0 19 -19 0
22 11 0 20 -20 0
22 11 -11 21 -21 -42
22 11 0 21 -21 0
22 11 0 22 -22 0
22 11 0 23 -23 0
22 11 0 24 -24 0
22 11 -11 25 -25 -50
22 11 0 25 -25 0
22 11 0 26 -26 0
22 11 0 27 -27 0
22 11 0 28 -28 0
22 11 -11 29 -29 -58
22 11 0 29 -29 0
22 11 0 30 -30 0
22 11 -31 31 -31 -62
22 11 -2 31 -31 -62
22 11 0 31 -31 0
22 11 0 32 -32 0
22 11 -11 33 -33 -66
22 11 0 33 -33 0
22 11 0 34 -34 0
22 11 0 35 -35 0
22 11 0 36 -36 0
22 11 -11 37 -37 -74
22 11 0 37 -37 0
22 11 0 38 -38 0
22 11 0 39 -39 0
22 11 -10 40 -40 -30
22 11 0 40 -40 0
22 11 -11 41 -41 -82
22 11 0 41 -41 0
22 11 0 42 -42 0
22 11 0 43 -43 0
22 11 0 44 -44 0
22 11 -30 45 -45 -90
22 11 -11 45 -45 -90
22 11 -3 45 -45 -90
22 11 0 45 -45 0
22 11 0 46 -46 0
22 11 0 47 -47 0
22 11 0 48 -48 0
22 11 -11 49 -49 -98
22 11 0 49 -49 0
22 11 0 50 -50 0
22 11 0 51 -51 0
22 11 0 52 -52 0
22 11 -11 53 -53 -106
22 11 0 53 -53 0
22 11 0 54 -54 0
22 11 0 55 -55 0
22 11 0 56 -56 0
22 11 -11 57 -57 -114
22 11 0 57 -57 0
22 11 -29 58 -58 -116
22 11 -4 58 -58 -116
22 11 0 58 -58 0
22 11 0 59 -59 0
22 11 0 60 -60 0
22 11 -11 61 -61 -122
22 11 0 61 -61 0
22 11 0 62 -62 0
22 11 0 63 -63 0
22 11 0 64 -64 0
22 11 -11 65 -65 -130
22 11 0 65 -65 0
22 11 0 66 -66 0
22 11 0 67 -67 0
22 11 0 68 -68 0
22 11 -11 69 -69 -138
22 11 0 69 -69 0
22 11 -28 70 -70 -140
22 11 -5 70 -70 -140
22 11 0 70 -70 0
22 11 0 71 -71 0
22 11 -2 72 -72 -54
22 11 0 72 -72 0
22 11 -11 73 -73 -146
22 11 0 73 -73 0
22 11 0 74 -74 0
22 11 0 75 -75 0
22 11 0 76 -76 0
22 11 -11 77 -77 -154
22 11 0 77 -77 0
22 11 0 78 -78 0
22 11 0 79 -79 0
22 11 0 80 -80 0
22 11 -27 81 -81 -162
22 11 -11 81 -81 -162
22 11 -6 81 -81 -162
22 11 0 81 -81 0
22 11 0 82 -82 0
22 11 0 83 -83 0
22 11 0 84 -84 0
22 11 -11 85 -85 -170
22 11 0 85 -85 0
22 11 0 86 -86 0
22 11 0 87 -87 0
22 11 0 88 -88 0
22 11 -11 89 -89 -178
22 11 0 89 -89 0
22 11 0 90 -90 0
22 11 -26 91 -91 -182
22 11 -7 91 -91 -182
22 11 0 91 -91 0
22 11 0 92 -92 0
22 11 -11 93 -93 -186
22 11 0 93 -93 0
22 11 0 94 -94 0
22 11 0 95 -95 0
22 11 -8 96 -96 -72
22 11 0 96 -96 0
22 11 -11 97 -97 -194
22 11 0 97 -97 0
22 11 0 98 -98 0
22 11 0 99 -99 0
22 11 -25 100 -100 -200
22 11 -8 100 -100 -200
22 11 0 100 -100 0
22 11 -11 101 -101 -202
22 11 0 101 -101 0
22 11 0 102 -102 0
22 11 0 103 -103 0
22 11 0 104 -104 0
22 11 -11 105 -105 -210
22 11 0 105 -105 0
22 11 0 106 -106 0
22 11 0 107 -107 0
22 11 -24 108 -108 -216
22 11 -9 108 -108 -216
22 11 0 108 -108 0
22 11 -11 109 -109 -218
22 11 0 109 -109 0
22 11 0 110 -110 0
22 11 0 111 -111 0
22 11 -4 112 -112 -84
22 11 0 112 -112 0
22 11 -11 113 -113 -226
22 11 0 113 -113 0
22 11 0 114 -114 0
22 11 -23 115 -115 -230
22 11 -10 115 -115 -230
22 11 0 115 -115 0
22 11 0 116 -116 0
22 11 -11 117 -117 -234
22 11 0 117 -117 0
22 11 0 118 -118 0
22 11 0 119 -119 0
22 11 -6 120 -120 -90
22 11 0 120 -120 0
22 11 -22 121 -121 -242
22 11 -11 121 -121 -242
22 11 0 121 -121 0
22 11 11 121 -121 0
22 11 22 121 -121 -242
22 11 44 121 -121 0
22 11 77 121 -121 -242
22 11 99 121 -121 0
22 11 0 122 -122 0
22 11 0 123 -123 0
22 11 0 124 -124 0
22 11 -11 125 -125 -250
22 11 0 125 -125 0
22 11 -21 126 -126 -252
22 11 -12 126 -126 -252
22 11 0 126 -126 0
22 11 0 127 -127 0
22 11 0 128 -128 0
22 11 -11 129 -129 -258
22 11 0 129 -129 0
22 11 -20 130 -130 -260
22 11 -13 130 -130 -260
22 11 0 130 -130 0
22 11 0 131 -131 0
22 11 0 132 -132 0
22 11 -19 133 -133 -266
22 11 -14 133 -133 -266
22 11 -11 133 -133 -266
22 11 0 133 -133 0
22 11 0 134 -134 0
22 11 -18 135 -135 -270
22 11 -15 135 -135 -270
22 11 0 135 -135 0
22 11 -17 136 -136 -272
22 11 -16 136 -136 -272
22 11 0 136 -136 0
22 11 -11 137 -137 -274
22 11 0 137 -137 0
22 11 0 138 -138 0
22 11 0 139 -139 0
22 11 0 140 -140 0
22 11 -11 141 -141 -282
22 11 0 141 -141 0
22 11 0 142 -142 0
22 11 0 143 -143 0
22 11 0 144 -144 0
22 11 -11 145 -145 -290
22 11 0 145 -145 0
22 11 0 146 -146 0
22 11 0 147 -147 0
22 11 0 148 -148 0
22 11 -11 149 -149 -298
22 11 0 149 -149 0
22 11 0 150 -150 0
24 12 0 -150 150 0
24 12 0 -149 149 0
24 12 -12 -148 148 296
24 12 0 -148 148 0
24 12 0 -147 147 0
24 12 0 -146 146 0
24 12 0 -145 145 0
24 12 -12 -144 144 288
24 12 0 -144 144 0
24 12 0 -143 143 0
24 12 0 -142 142 0
24 12 0 -141 141 0
24 12 -12 -140 140 280
24 12 0 -140 140 0
24 12 0 -139 139 0
24 12 0 -138 138 0
24 12 0 -137 137 0
24 12 -12 -136 136 272
24 12 0 -136 136 0
24 12 0 -135 135 0
24 12 0 -134 134 0
24 12 0 -133 133 0
24 12 -12 -132 132 264
24 12 0 -132 132 0
24 12 0 -131 131 0
24 12 0 -130 130 0
24 12 0 -129 129 0
24 12 -12 -128 128 256
24 12 0 -128 128 0
24 12 0 -127 127 0
24 12 -42 -126 126 252
24 12 0 -126 126 0
24 12 6 -126 126 252
24 12 0 -125 125 0
24 12 -12 -124 124 248
24 12 0 -124 124 0
24 12 0 -123 123 0
24 12 0 -122 122 0
24 12 0 -121 121 0
24 12 -12 -120 120 240
24 12 0 -120 120 0
24 12 0 -119 119 0
24 12 0 -118 118 0
24 12 0 -117 117 0
24 12 -12 -116 116 232
24 12 0 -116 116 0
24 12 0 -115 115 0
24 12 0 -114 114 0
24 12 0 -113 113 0
24 12 -14 -112 112 84
24 12 -12 -112 112 224
24 12 0 -112 112 0
24 12 2 -112 112 84
24 12 0 -111 111 0
24 12 0 -110 110 0
24 12 0 -109 109 0
24 12 -12 -108 108 216
24 12 0 -108 108 0
24 12 0 -107 107 0
24 12 0 -106 106 0
24 12 0 -105 105 0
24 12 -12 -104 104 208
24 12 0 -104 104 0
24 12 0 -103 103 0
24 12 0 -102 102 0
24 12 0 -101 101 0
24 12 -12 -100 100 200
24 12 0 -100 100 0
24 12 0 -99 99 0
24 12 0 -98 98 0
24 12 0 -97 97 0
24 12 -12 -96 96 192
24 12 0 -96 96 0
24 12 0 -95 95 0
24 12 0 -94 94 0
24 12 0 -93 93 0
24 12 -12 -92 92 184
24 12 0 -92 92 0
24 12 0 -91 91 0
24 12 0 -90 90 0
24 12 0 -89 89 0
24 12 -12 -88 88 176
24 12 0 -88 88 0
24 12 0 -87 87 0
24 12 0 -86 86 0
24 12 0 -85 85 0
24 12 -12 -84 84 168
24 12 0 -84 84 0
24 12 0 -83 83 0
24 12 0 -82 82 0
24 12 0 -81 81 0
24 12 -40 -80 80 160
24 12 -12 -80 80 160
24 12 0 -80 80 0
24 12 4 -80 80 160
24 12 0 -79 79 0
24 12 0 -78 78 0
24 12 0 -77 77 0
24 12 -12 -76 76 152
24 12 0 -76 76 0
24 12 0 -75 75 0
24 12 0 -74 74 0
24 12 0 -73 73 0
24 12 -12 -72 72 144
24 12 0 -72 72 0
24 12 0 -71 71 0
24 12 0 -70 70 0
24 12 0 -69 69 0
24 12 -12 -68 68 136
24 12 0 -68 68 0
24 12 0 -67 67 0
24 12 0 -66 66 0
24 12 0 -65 65 0
24 12 -12 -64 64 128
24 12 0 -64 64 0
24 12 0 -63 63 0
24 12 0 -62 62 0
24 12 0 -61 61 0
24 12 -12 -60 60 120
24 12 0 -60 60 0
24 12 0 -59 59 0
24 12 0 -58 58 0
24 12 0 -57 57 0
24 12 -12 -56 56 112
24 12 0 -56 56 0
24 12 0 -55 55 0
24 12 0 -54 54 0
24 12 0 -53 53 0
24 12 -12 -52 52 104
24 12 0 -52 52 0
24 12 0 -51 51 0
24 12 0 -50 50 0
24 12 0 -49 49 0
24 12 -12 -48 48 96
24 12 0 -48 48 0
24 12 0 -47 47 0
24 12 0 -46 46 0
24 12 0 -45 45 0
24 12 -12 -44 44 88
24 12 0 -44 44 0
24 12 0 -43 43 0
24 12 0 -42 42 0
24 12 0 -41 41 0
24 12 -12 -40 40 80
24 12 0 -40 40 0
24 12 0 -39 39 0
24 12 -38 -38 38 76
24 12 0 -38 38 0
24 12 2 -38 38 76
24 12 0 -37 37 0
24 12 -12 -36 36 72
24 12 0 -36 36 0
24 12 0 -35 35 0
24 12 0 -34 34 0
24 12 0 -33 33 0
24 12 -12 -32 32 64
24 12 0 -32 32 0
24 12 0 -31 31 0
24 12 0 -30 30 0
24 12 0 -29 29 0
24 12 -12 -28 28 56
24 12 0 -28 28 0
24 12 0 -27 27 0
24 12 0 -26 26 0
24 12 0 -25 25 0
24 12 -12 -24 24 48
24 12 0 -24 24 0
24 12 0 -23 23 0
24 12 0 -22 22 0
24 12 0 -21 21 0
24 12 -12 -20 20 40
24 12 0 -20 20 0
24 12 0 -19 19 0
24 12 0 -18 18 0
24 12 0 -17 17 0
24 12 -12 -16 16 32
24 12 0 -16 16 0
24 12 0 -15 15 0
24 12 0 -14 14 0
24 12 0 -13 13 0
24 12 -12 -12 12 24
24 12 0 -12 12 0
24 12 0 -11 11 0
24 12 0 -10 10 0
24 12 0 -9 9 0
24 12 -12 -8 8 16
24 12 0 -8 8 0
24 12 0 -7 7 0
24 12 0 -6 6 0
24 12 0 -5 5 0
24 12 -12 -4 4 8
24 12 0 -4 4 0
24 12 0 -3 3 0
24 12 0 -2 2 0
24 12 0 -1 1 0
24 12 0 1 -1 0
24 12 0 2 -2 0
24 12 0 3 -3 0
24 12 -12 4 -4 -8
24 12 0 4 -4 0
24 12 0 5 -5 0
24 12 0 6 -6 0
24 12 0 7 -7 0
24 12 -12 8 -8 -16
24 12 0 8 -8 0
24 12 0 9 -9 0
24 12 0 10 -10 0
24 12 0 11 -11 0
24 12 -12 12 -12 -24
24 12 0 12 -12 0
24 12 0 13 -13 0
24 12 0 14 -14 0
24 12 0 15 -15 0
24 12 -12 16 -16 -32
24 12 0 16 -16 0
24 12 2 16 -16 4
24 12 0 17 -17 0
24 12 0 18 -18 0
24 12 0 19 -19 0
24 12 -12 20 -20 -40
24 12 0 20 -20 0
24 12 0 21 -21 0
24 12 0 22 -22 0
24 12 0 23 -23 0
24 12 -12 24 -24 -48
24 12 0 24 -24 0
24 12 0 25 -25 0
24 12 0 26 -26 0
24 12 0 27 -27 0
24 12 -12 28 -28 -56
24 12 0 28 -28 0
24 12 0 29 -29 0
24 12 0 30 -30 0
24 12 0 31 -31 0
24 12 -12 32 -32 -64
24 12 0 32 -32 0
24 12 0 33 -33 0
24 12 -34 34 -34 -68
24 12 -2 34 -34 -68
24 12 0 34 -34 0
24 12 0 35 -35 0
24 12 -12 36 -36 -72
24 12 0 36 -36 0
24 12 0 37 -37 0
24 12 0 38 -38 0
24 12 0 39 -39 0
24 12 -12 40 -40 -80
24 12 0 40 -40 0
24 12 0 41 -41 0
24 12 0 42 -42 0
24 12 0 43 -43 0
24 12 -12 44 -44 -88
24 12 0 44 -44 0
24 12 0 45 -45 0
24 12 0 46 -46 0
24 12 0 47 -47 0
24 12 -12 48 -48 -96
24 12 0 48 -48 0
24 12 0 49 -49 0
24 12 0 50 -50 0
24 12 0 51 -51 0
24 12 -12 52 -52 -104
24 12 0 52 -52 0
24 12 0 53 -53 0
24 12 0 54 -54 0
24 12 0 55 -55 0
24 12 -12 56 -56 -112
24 12 0 56 -56 0
24 12 0 57 -57 0
24 12 0 58 -58 0
24 12 0 59 -59 0
24 12 -12 60 -60 -120
24 12 0 60 -60 0
24 12 0 61 -61 0
24 12 0 62 -62 0
24 12 0 63 -63 0
24 12 -32 64 -64 -128
24 12 -12 64 -64 -128
24 12 -4 64 -64 -128
24 12 0 64 -64 0
24 12 0 65 -65 0
24 12 0 66 -66 0
24 12 0 67 -67 0
24 12 -12 68 -68 -136
24 12 0 68 -68 0
24 12 0 69 -69 0
24 12 0 70 -70 0
24 12 0 71 -71 0
24 12 -12 72 -72 -144
24 12 0 72 -72 0
24 12 0 73 -73 0
24 12 0 74 -74 0
24 12 0 75 -75 0
24 12 -12 76 -76 -152
24 12 0 76 -76 0
24 12 0 77 -77 0
24 12 0 78 -78 0
24 12 0 79 -79 0
24 12 -12 80 -80 -160
24 12 -10 80 -80 -60
24 12 -2 80 -80 -60
24 12 0 80 -80 0
24 12 0 81 -81 0
24 12 0 82 -82 0
24 12 0 83 -83 0
24 12 -12 84 -84 -168
24 12 0 84 -84 0
24 12 0 85 -85 0
24 12 0 86 -86 0
24 12 0 87 -87 0
24 12 -12 88 -88 -176
24 12 0 88 -88 0
24 12 0 89 -89 0
24 12 -30 90 -90 -180
24 12 -6 90 -90 -180
24 12 0 90 -90 0
24 12 0 91 -91 0
24 12 -12 92 -92 -184
24 12 0 92 -92 0
24 12 0 93 -93 0
24 12 0 94 -94 0
24 12 0 95 -95 0
24 12 -12 96 -96 -192
24 12 0 96 -96 0
24 12 0 97 -97 0
24 12 0 98 -98 0
24 12 0 99 -99 0
24 12 -12 100 -100 -200
24 12 0 100 -100 0
24 12 0 101 -101 0
24 12 0 102 -102 0
24 12 0 103 -103 0
24 12 -12 104 -104 -208
24 12 0 104 -104 0
24 12 0 105 -105 0
24 12 0 106 -106 0
24 12 0 107 -107 0
24 12 -12 108 -108 -216
24 12 0 108 -108 0
24 12 0 109 -109 0
24 12 0 110 -110 0
24 12 0 111 -111 0
24 12 -28 112 -112 -224
24 12 -12 112 -112 -224
24 12 -8 112 -112 -224
24 12 0 112 -112 0
24 12 0 113 -113 0
24 12 0 114 -114 0
24 12 0 115 -115 0
24 12 -12 116 -116 -232
24 12 0 116 -116 0
24 12 0 117 -117 0
24 12 0 118 -118 0
24 12 0 119 -119 0
24 12 -12 120 -120 -240
24 12 0 120 -120 0
24 12 0 121 -121 0
24 12 0 122 -122 0
24 12 0 123 -123 0
24 12 -12 124 -124 -248
24 12 0 124 -124 0
24 12 0 125 -125 0
24 12 0 126 -126 0
24 12 0 127 -127 0
24 12 -12 128 -128 -256
24 12 -8 128 -128 -96
24 12 -4 128 -128 -96
24 12 0 128 -128 0
24 12 0 129 -129 0
24 12 -26 130 -130 -260
24 12 -10 130 -130 -260
24 12 0 130 -130 0
24 12 0 131 -131 0
24 12 -12 132 -132 -264
24 12 0 132 -132 0
24 12 0 133 -133 0
24 12 0 134 -134 0
24 12 0 135 -135 0
24 12 -12 136 -136 -272
24 12 0 136 -136 0
24 12 0 137 -137 0
24 12 0 138 -138 0
24 12 0 139 -139 0
24 12 -12 140 -140 -280
24 12 0 140 -140 0
24 12 0 141 -141 0
24 12 0 142 -142 0
24 12 0 143 -143 0
24 12 -24 144 -144 -288
24 12 -12 144 -144 -288
24 12 -6 144 -144 -108
24 12 0 144 -144 0
24 12 6 144 -144 36
24 12 12 144 -144 0
24 12 18 144 -144 -108
24 12 24 144 -144 -288
24 12 30 144 -144 36
24 12 48 144 -144 0
24 12 66 144 -144 -108
24 12 78 144 -144 36
24 12 84 144 -144 -288
24 12 108 144 -144 0
24 12 138 144 -144 -108
24 12 150 144 -144 36
24 12 0 145 -145 0
24 12 0 146 -146 0
24 12 0 147 -147 0
24 12 -12 148 -148 -296
24 12 0 148 -148 0
24 12 0 149 -149 0
24 12 0 150 -150 0
26 13 0 -150 150 0
26 13 0 -149 149 0
26 13 0 -148 148 0
26 13 -13 -147 147 294
26 13 0 -147 147 0
26 13 0 -146 146 0
26 13 0 -145 145 0
26 13 0 -144 144 0
26 13 -13 -143 143 286
26 13 0 -143 143 0
26 13 0 -142 142 0
26 13 0 -141 141 0
26 13 0 -140 140 0
26 13 -13 -139 139 278
26 13 0 -139 139 0
26 13 0 -138 138 0
26 13 0 -137 137 0
26 13 0 -136 136 0
26 13 -45 -135 135 270
26 13 -13 -135 135 270
26 13 0 -135 135 0
26 13 6 -135 135 270
26 13 0 -134 134 0
26 13 0 -133 133 0
26 13 0 -132 132 0
26 13 -13 -131 131 262
26 13 0 -131 131 0
26 13 0 -130 130 0
26 13 0 -129 129 0
26 13 0 -128 128 0
26 13 -13 -127 127 254
26 13 0 -127 127 0
26 13 0 -126 126 0
26 13 0 -125 125 0
26 13 0 -124 124 0
26 13 -13 -123 123 246
26 13 0 -123 123 0
26 13 0 -122 122 0
26 13 0 -121 121 0
26 13 0 -120 120 0
26 13 2 -120 120 90
26 13 -13 -119 119 238
26 13 0 -119 119 0
26 13 0 -118 118 0
26 13 0 -117 117 0
26 13 0 -116 116 0
26 13 -13 -115 115 230
26 13 0 -115 115 0
26 13 0 -114 114 0
26 13 0 -113 113 0
26 13 0 -112 112 0
26 13 -13 -111 111 222
26 13 0 -111 111 0
26 13 -44 -110 110 220
26 13 0 -110 110 0
26 13 5 -110 110 220
26 13 0 -109 109 0
26 13 0 -108 108 0
26 13 -13 -107 107 214
26 13 0 -107 107 0
26 13 0 -106 106 0
26 13 0 -105 105 0
26 13 0 -104 104 0
26 13 -13 -103 103 206
26 13 0 -103 103 0
26 13 0 -102 102 0
26 13 0 -101 101 0
26 13 0 -100 100 0
26 13 -13 -99 99 198
26 13 0 -99 99 0
26 13 0 -98 98 0
26 13 0 -97 97 0
26 13 0 -96 96 0
26 13 -13 -95 95 190
26 13 0 -95 95 0
26 13 0 -94 94 0
26 13 0 -93 93 0
26 13 0 -92 92 0
26 13 -13 -91 91 182
26 13 0 -91 91 0
26 13 0 -90 90 0
26 13 0 -89 89 0
26 13 0 -88 88 0
26 13 -13 -87 87 174
26 13 0 -87 87 0
26 13 -43 -86 86 172
26 13 0 -86 86 0
26 13 4 -86 86 172
26 13 0 -85 85 0
26 13 0 -84 84 0
26 13 -13 -83 83 166
26 13 0 -83 83 0
26 13 0 -82 82 0
26 13 0 -81 81 0
26 13 0 -80 80 0
26 13 -13 -79 79 158
26 13 0 -79 79 0
26 13 0 -78 78 0
26 13 0 -77 77 0
26 13 0 -76 76 0
26 13 -13 -75 75 150
26 13 0 -75 75 0
26 13 0 -74 74 0
26 13 0 -73 73 0
26 13 0 -72 72 0
26 13 -13 -71 71 142
26 13 0 -71 71 0
26 13 0 -70 70 0
26 13 0 -69 69 0
26 13 0 -68 68 0
26 13 -13 -67 67 134
26 13 0 -67 67 0
26 13 0 -66 66 0
26 13 0 -65 65 0
26 13 0 -64 64 0
26 13 -42 -63 63 126
26 13 -13 -63 63 126
26 13 0 -63 63 0
26 13 3 -63 63 126
26 13 0 -62 62 0
26 13 0 -61 61 0
26 13 0 -60 60 0
26 13 -13 -59 59 118
26 13 0 -59 59 0
26 13 0 -58 58 0
26 13 0 -57 57 0
26 13 -14 -56 56 42
26 13 0 -56 56 0
26 13 -13 -55 55 110
26 13 0 -55 55 0
26 13 0 -54 54 0
26 13 0 -53 53 0
26 13 0 -52 52 0
26 13 -13 -51 51 102
26 13 0 -51 51 0
26 13 0 -50 50 0
26 13 0 -49 49 0
26 13 0 -48 48 0
26 13 -13 -47 47 94
26 13 0 -47 47 0
26 13 0 -46 46 0
26 13 0 -45 45 0
26 13 0 -44 44 0
26 13 -13 -43 43 86
26 13 0 -43 43 0
26 13 0 -42 42 0
26 13 -41 -41 41 82
26 13 0 -41 41 0
26 13 2 -41 41 82
26 13 0 -40 40 0
26 13 -13 -39 39 78
26 13 0 -39 39 0
26 13 0 -38 38 0
26 13 0 -37 37 0
26 13 0 -36 36 0
26 13 -13 -35 35 70
26 13 0 -35 35 0
26 13 0 -34 34 0
26 13 0 -33 33 0
26 13 0 -32 32 0
26 13 -13 -31 31 62
26 13 0 -31 31 0
26 13 0 -30 30 0
26 13 0 -29 29 0
26 13 0 -28 28 0
26 13 -13 -27 27 54
26 13 0 -27 27 0
26 13 2 -27 27 -6
26 13 0 -26 26 0
26 13 0 -25 25 0
26 13 0 -24 24 0
26 13 -13 -23 23 46
26 13 0 -23 23 0
26 13 0 -22 22 0
26 13 0 -21 21 0
26 13 -40 -20 20 40
26 13 0 -20 20 0
26 13 1 -20 20 40
26 13 -13 -19 19 38
26 13 0 -19 19 0
26 13 0 -18 18 0
26 13 0 -17 17 0
26 13 0 -16 16 0
26 13 -13 -15 15 30
26 13 0 -15 15 0
26 13 0 -14 14 0
26 13 0 -13 13 0
26 13 0 -12 12 0
26 13 -13 -11 11 22
26 13 0 -11 11 0
26 13 0 -10 10 0
26 13 0 -9 9 0
26 13 0 -8 8 0
26 13 -13 -7 7 14
26 13 0 -7 7 0
26 13 0 -6 6 0
26 13 0 -5 5 0
26 13 0 -4 4 0
26 13 -13 -3 3 6
26 13 0 -3 3 0
26 13 0 -2 2 0
26 13 0 -1 1 0
26 13 -13 1 -1 -2
26 13 0 1 -1 0
26 13 0 2 -2 0
26 13 0 3 -3 0
26 13 0 4 -4 0
26 13 -13 5 -5 -10
26 13 0 5 -5 0
26 13 0 6 -6 0
26 13 0 7 -7 0
26 13 0 8 -8 0
26 13 -13 9 -9 -18
26 13 0 9 -9 0
26 13 0 10 -10 0
26 13 0 11 -11 0
26 13 0 12 -12 0
26 13 -13 13 -13 -26
26 13 0 13 -13 0
26 13 0 14 -14 0
26 13 0 15 -15 0
26 13 0 16 -16 0
26 13 -13 17 -17 -34
26 13 0 17 -17 0
26 13 0 18 -18 0
26 13 -38 19 -19 -38
26 13 -1 19 -19 -38
26 13 0 19 -19 0
26 13 0 20 -20 0
26 13 -13 21 -21 -42
26 13 0 21 -21 0
26 13 0 22 -22 0
26 13 0 23 -23 0
26 13 0 24 -24 0
26 13 -13 25 -25 -50
26 13 0 25 -25 0
26 13 0 26 -26 0
26 13 0 27 -27 0
26 13 0 28 -28 0
26 13 -13 29 -29 -58
26 13 0 29 -29 0
26 13 0 30 -30 0
26 13 0 31 -31 0
26 13 0 32 -32 0
26 13 -13 33 -33 -66
26 13 0 33 -33 0
26 13 0 34 -34 0
26 13 0 35 -35 0
26 13 -40 36 -36 -216
26 13 0 36 -36 0
26 13 -37 37 -37 -74
26 13 -13 37 -37 -74
26 13 -2 37 -37 -74
26 13 0 37 -37 0
26 13 0 38 -38 0
26 13 0 39 -39 0
26 13 0 40 -40 0
26 13 -13 41 -41 -82
26 13 0 41 -41 0
26 13 0 42 -42 0
26 13 0 43 -43 0
26 13 0 44 -44 0
26 13 -13 45 -45 -90
26 13 0 45 -45 0
26 13 0 46 -46 0
26 13 0 47 -47 0
26 13 -12 48 -48 -36
26 13 0 48 -48 0
26 13 -13 49 -49 -98
26 13 0 49 -49 0
26 13 0 50 -50 0
26 13 0 51 -51 0
26 13 0 52 -52 0
26 13 -13 53 -53 -106
26 13 0 53 -53 0
26 13 -36 54 -54 -108
26 13 -3 54 -54 -108
26 13 0 54 -54 0
26 13 0 55 -55 0
26 13 0 56 -56 0
26 13 -13 57 -57 -114
26 13 0 57 -57 0
26 13 0 58 -58 0
26 13 0 59 -59 0
26 13 0 60 -60 0
26 13 -13 61 -61 -122
26 13 0 61 -61 0
26 13 0 62 -62 0
26 13 0 63 -63 0
26 13 0 64 -64 0
26 13 -13 65 -65 -130
26 13 0 65 -65 0
26 13 0 66 -66 0
26 13 0 67 -67 0
26 13 0 68 -68 0
26 13 -13 69 -69 -138
26 13 0 69 -69 0
26 13 -35 70 -70 -140
26 13 -4 70 -70 -140
26 13 0 70 -70 0
26 13 0 71 -71 0
26 13 0 72 -72 0
26 13 -13 73 -73 -146
26 13 0 73 -73 0
26 13 0 74 -74 0
26 13 0 75 -75 0
26 13 0 76 -76 0
26 13 -13 77 -77 -154
26 13 0 77 -77 0
26 13 0 78 -78 0
26 13 0 79 -79 0
26 13 0 80 -80 0
26 13 -13 81 -81 -162
26 13 0 81 -81 0
26 13 0 82 -82 0
26 13 0 83 -83 0
26 13 0 84 -84 0
26 13 -34 85 -85 -170
26 13 -13 85 -85 -170
26 13 -5 85 -85 -170
26 13 0 85 -85 0
26 13 0 86 -86 0
26 13 0 87 -87 0
26 13 -2 88 -88 -66
26 13 0 88 -88 0
26 13 -13 89 -89 -178
26 13 0 89 -89 0
26 13 0 90 -90 0
26 13 0 91 -91 0
26 13 0 92 -92 0
26 13 -13 93 -93 -186
26 13 0 93 -93 0
26 13 0 94 -94 0
26 13 0 95 -95 0
26 13 0 96 -96 0
26 13 -13 97 -97 -194
26 13 0 97 -97 0
26 13 0 98 -98 0
26 13 -33 99 -99 -198
26 13 -6 99 -99 -198
26 13 0 99 -99 0
26 13 0 100 -100 0
26 13 -13 101 -101 -202
26 13 0 101 -101 0
26 13 0 102 -102 0
26 13 0 103 -103 0
26 13 0 104 -104 0
26 13 -13 105 -105 -210
26 13 0 105 -105 0
26 13 0 106 -106 0
26 13 0 107 -107 0
26 13 0 108 -108 0
26 13 -13 109 -109 -218
26 13 0 109 -109 0
26 13 0 110 -110 0
26 13 0 111 -111 0
26 13 -32 112 -112 -224
26 13 -7 112 -112 -224
26 13 0 112 -112 0
26 13 -13 113 -113 -226
26 13 0 113 -113 0
26 13 0 114 -114 0
26 13 0 115 -115 0
26 13 0 116 -116 0
26 13 -13 117 -117 -234
26 13 0 117 -117 0
26 13 0 118 -118 0
26 13 0 119 -119 0
26 13 -10 120 -120 -90
26 13 0 120 -120 0
26 13 -13 121 -121 -242
26 13 0 121 -121 0
26 13 0 122 -122 0
26 13 0 123 -123 0
26 13 -31 124 -124 -248
26 13 -8 124 -124 -248
26 13 0 124 -124 0
26 13 -13 125 -125 -250
26 13 0 125 -125 0
26 13 0 126 -126 0
26 13 0 127 -127 0
26 13 0 128 -128 0
26 13 -13 129 -129 -258
26 13 0 129 -129 0
26 13 0 130 -130 0
26 13 0 131 -131 0
26 13 0 132 -132 0
26 13 -13 133 -133 -266
26 13 0 133 -133 0
26 13 0 134 -134 0
26 13 -30 135 -135 -270
26 13 -9 135 -135 -270
26 13 0 135 -135 0
26 13 0 136 -136 0
26 13 -13 137 -137 -274
26 13 0 137 -137 0
26 13 0 138 -138 0
26 13 0 139 -139 0
26 13 0 140 -140 0
26 13 -13 141 -141 -282
26 13 0 141 -141 0
26 13 0 142 -142 0
26 13 0 143 -143 0
26 13 -4 144 -144 -108
26 13 0 144 -144 0
26 13 -29 145 -145 -290
26 13 -13 145 -145 -290
26 13 -10 145 -145 -290
26 13 0 145 -145 0
26 13 0 146 -146 0
26 13 0 147 -147 0
26 13 0 148 -148 0
26 13 -13 149 -149 -298
26 13 0 149 -149 0
26 13 0 150 -150 0
28 14 0 -150 150 0
28 14 0 -149 149 0
28 14 -14 -148 148 296
28 14 0 -148 148 0
28 14 0 -147 147 0
28 14 0 -146 146 0
28 14 0 -145 145 0
28 14 -48 -144 144 288
28 14 -14 -144 144 288
28 14 0 -144 144 0
28 14 6 -144 144 288
28 14 0 -143 143 0
28 14 0 -142 142 0
28 14 0 -141 141 0
28 14 -14 -140 140 280
28 14 0 -140 140 0
28 14 0 -139 139 0
28 14 0 -138 138 0
28 14 0 -137 137 0
28 14 -14 -136 136 272
28 14 0 -136 136 0
28 14 0 -135 135 0
28 14 0 -134 134 0
28 14 0 -133 133 0
28 14 -14 -132 132 264
28 14 0 -132 132 0
28 14 0 -131 131 0
28 14 0 -130 130 0
28 14 0 -129 129 0
28 14 -16 -128 128 96
28 14 -14 -128 128 256
28 14 0 -128 128 0
28 14 2 -128 128 -24
28 14 2 -128 128 96
28 14 0 -127 127 0
28 14 0 -126 126 0
28 14 0 -125 125 0
28 14 -14 -124 124 248
28 14 0 -124 124 0
28 14 0 -123 123 0
28 14 0 -122 122 0
28 14 0 -121 121 0
28 14 -14 -120 120 240
28 14 0 -120 120 0
28 14 0 -119 119 0
28 14 0 -118 118 0
28 14 0 -117 117 0
28 14 -14 -116 116 232
28 14 0 -116 116 0
28 14 0 -115 115 0
28 14 0 -114 114 0
28 14 0 -113 113 0
28 14 -14 -112 112 224
28 14 0 -112 112 0
28 14 0 -111 111 0
28 14 0 -110 110 0
28 14 0 -109 109 0
28 14 -14 -108 108 216
28 14 0 -108 108 0
28 14 0 -107 107 0
28 14 0 -106 106 0
28 14 0 -105 105 0
28 14 -14 -104 104 208
28 14 0 -104 104 0
28 14 0 -103 103 0
28 14 0 -102 102 0
28 14 0 -101 101 0
28 14 -14 -100 100 200
28 14 0 -100 100 0
28 14 0 -99 99 0
28 14 0 -98 98 0
28 14 0 -97 97 0
28 14 -14 -96 96 192
28 14 0 -96 96 0
28 14 0 -95 95 0
28 14 0 -94 94 0
28 14 0 -93 93 0
28 14 -46 -92 92 184
28 14 -14 -92 92 184
28 14 0 -92 92 0
28 14 4 -92 92 184
28 14 0 -91 91 0
28 14 0 -90 90 0
28 14 0 -89 89 0
28 14 -14 -88 88 176
28 14 0 -88 88 0
28 14 0 -87 87 0
28 14 0 -86 86 0
28 14 0 -85 85 0
28 14 -14 -84 84 168
28 14 0 -84 84 0
28 14 0 -83 83 0
28 14 0 -82 82 0
28 14 0 -81 81 0
28 14 -14 -80 80 160
28 14 0 -80 80 0
28 14 0 -79 79 0
28 14 0 -78 78 0
28 14 0 -77 77 0
28 14 -14 -76 76 152
28 14 0 -76 76 0
28 14 0 -75 75 0
28 14 0 -74 74 0
28 14 0 -73 73 0
28 14 -14 -72 72 144
28 14 0 -72 72 0
28 14 0 -71 71 0
28 14 0 -70 70 0
28 14 0 -69 69 0
28 14 -14 -68 68 136
28 14 0 -68 68 0
28 14 0 -67 67 0
28 14 0 -66 66 0
28 14 0 -65 65 0
28 14 -14 -64 64 128
28 14 0 -64 64 0
28 14 0 -63 63 0
28 14 0 -62 62 0
28 14 0 -61 61 0
28 14 -14 -60 60 120
28 14 0 -60 60 0
28 14 0 -59 59 0
28 14 0 -58 58 0
28 14 0 -57 57 0
28 14 -14 -56 56 112
28 14 0 -56 56 0
28 14 0 -55 55 0
28 14 0 -54 54 0
28 14 0 -53 53 0
28 14 -14 -52 52 104
28 14 0 -52 52 0
28 14 0 -51 51 0
28 14 0 -50 50 0
28 14 0 -49 49 0
28 14 -14 -48 48 96
28 14 0 -48 48 0
28 14 0 -47 47 0
28 14 0 -46 46 0
28 14 0 -45 45 0
28 14 -44 -44 44 88
28 14 -14 -44 44 88
28 14 0 -44 44 0
28 14 2 -44 44 88
28 14 0 -43 43 0
28 14 0 -42 42 0
28 14 0 -41 41 0
28 14 -14 -40 40 80
28 14 0 -40 40 0
28 14 0 -39 39 0
28 14 0 -38 38 0
28 14 0 -37 37 0
28 14 -86 -36 36 216
28 14 -14 -36 36 72
28 14 -12 -36 36 216
28 14 0 -36 36 0
28 14 0 -35 35 0
28 14 0 -34 34 0
28 14 0 -33 33 0
28 14 -14 -32 32 64
28 14 0 -32 32 0
28 14 0 -31 31 0
28 14 0 -30 30 0
28 14 0 -29 29 0
28 14 -14 -28 28 56
28 14 0 -28 28 0
28 14 0 -27 27 0
28 14 0 -26 26 0
28 14 0 -25 25 0
28 14 -14 -24 24 48
28 14 0 -24 24 0
28 14 0 -23 23 0
28 14 0 -22 22 0
28 14 0 -21 21 0
28 14 -14 -20 20 40
28 14 0 -20 20 0
28 14 0 -19 19 0
28 14 0 -18 18 0
28 14 0 -17 17 0
28 14 -14 -16 16 32
28 14 0 -16 16 0
28 14 0 -15 15 0
28 14 0 -14 14 0
28 14 0 -13 13 0
28 14 -14 -12 12 24
28 14 0 -12 12 0
28 14 0 -11 11 0
28 14 0 -10 10 0
28 14 0 -9 9 0
28 14 -14 -8 8 16
28 14 0 -8 8 0
28 14 0 -7 7 0
28 14 0 -6 6 0
28 14 0 -5 5 0
28 14 -14 -4 4 8
28 14 0 -4 4 0
28 14 0 -3 3 0
28 14 0 -2 2 0
28 14 0 -1 1 0
28 14 0 1 -1 0
28 14 0 2 -2 0
28 14 0 3 -3 0
28 14 -14 4 -4 -8
28 14 0 4 -4 0
28 14 0 5 -5 0
28 14 0 6 -6 0
28 14 0 7 -7 0
28 14 -14 8 -8 -16
28 14 0 8 -8 0
28 14 0 9 -9 0
28 14 0 10 -10 0
28 14 0 11 -11 0
28 14 -14 12 -12 -24
28 14 0 12 -12 0
28 14 0 13 -13 0
28 14 0 14 -14 0
28 14 0 15 -15 0
28 14 -14 16 -16 -32
28 14 0 16 -16 0
28 14 0 17 -17 0
28 14 0 18 -18 0
28 14 0 19 -19 0
28 14 -14 20 -20 -40
28 14 0 20 -20 0
28 14 0 21 -21 0
28 14 0 22 -22 0
28 14 0 23 -23 0
28 14 -14 24 -24 -48
28 14 0 24 -24 0
28 14 0 25 -25 0
28 14 0 26 -26 0
28 14 0 27 -27 0
28 14 -14 28 -28 -56
28 14 0 28 -28 0
28 14 0 29 -29 0
28 14 0 30 -30 0
28 14 0 31 -31 0
28 14 -14 32 -32 -64
28 14 0 32 -32 0
28 14 0 33 -33 0
28 14 0 34 -34 0
28 14 0 35 -35 0
28 14 -14 36 -36 -72
28 14 0 36 -36 0
28 14 0 37 -37 0
28 14 0 38 -38 0
28 14 0 39 -39 0
28 14 -40 40 -40 -80
28 14 -14 40 -40 -80
28 14 -2 40 -40 -80
28 14 0 40 -40 0
28 14 0 41 -41 0
28 14 0 42 -42 0
28 14 0 43 -43 0
28 14 -14 44 -44 -88
28 14 0 44 -44 0
28 14 0 45 -45 0
28 14 0 46 -46 0
28 14 0 47 -47 0
28 14 -14 48 -48 -96
28 14 0 48 -48 0
28 14 0 49 -49 0
28 14 0 50 -50 0
28 14 0 51 -51 0
28 14 -14 52 -52 -104
28 14 0 52 -52 0
28 14 0 53 -53 0
28 14 0 54 -54 0
28 14 0 55 -55 0
28 14 -14 56 -56 -112
28 14 0 56 -56 0
28 14 0 57 -57 0
28 14 0 58 -58 0
28 14 0 59 -59 0
28 14 -14 60 -60 -120
28 14 0 60 -60 0
28 14 0 61 -61 0
28 14 0 62 -62 0
28 14 0 63 -63 0
28 14 -14 64 -64 -128
28 14 0 64 -64 0
28 14 0 65 -65 0
28 14 0 66 -66 0
28 14 0 67 -67 0
28 14 -14 68 -68 -136
28 14 0 68 -68 0
28 14 0 69 -69 0
28 14 0 70 -70 0
28 14 0 71 -71 0
28 14 -14 72 -72 -144
28 14 0 72 -72 0
28 14 0 73 -73 0
28 14 0 74 -74 0
28 14 0 75 -75 0
28 14 -38 76 -76 -152
28 14 -14 76 -76 -152
28 14 -4 76 -76 -152
28 14 0 76 -76 0
28 14 0 77 -77 0
28 14 0 78 -78 0
28 14 0 79 -79 0
28 14 -14 80 -80 -160
28 14 0 80 -80 0
28 14 0 81 -81 0
28 14 0 82 -82 0
28 14 0 83 -83 0
28 14 -14 84 -84 -168
28 14 0 84 -84 0
28 14 0 85 -85 0
28 14 0 86 -86 0
28 14 0 87 -87 0
28 14 -14 88 -88 -176
28 14 0 88 -88 0
28 14 0 89 -89 0
28 14 0 90 -90 0
28 14 0 91 -91 0
28 14 -14 92 -92 -184
28 14 0 92 -92 0
28 14 0 93 -93 0
28 14 0 94 -94 0
28 14 0 95 -95 0
28 14 -14 96 -96 -192
28 14 -12 96 -96 -72
28 14 -2 96 -96 -72
28 14 0 96 -96 0
28 14 0 97 -97 0
28 14 0 98 -98 0
28 14 0 99 -99 0
28 14 -14 100 -100 -200
28 14 0 100 -100 0
28 14 0 101 -101 0
28 14 0 102 -102 0
28 14 0 103 -103 0
28 14 -14 104 -104 -208
28 14 0 104 -104 0
28 14 0 105 -105 0
28 14 0 106 -106 0
28 14 0 107 -107 0
28 14 -36 108 -108 -216
28 14 -14 108 -108 -216
28 14 -6 108 -108 -216
28 14 0 108 -108 0
28 14 0 109 -109 0
28 14 0 110 -110 0
28 14 0 111 -111 0
28 14 -14 112 -112 -224
28 14 0 112 -112 0
28 14 0 113 -113 0
28 14 0 114 -114 0
28 14 0 115 -115 0
28 14 -14 116 -116 -232
28 14 0 116 -116 0
28 14 0 117 -117 0
28 14 0 118 -118 0
28 14 0 119 -119 0
28 14 -14 120 -120 -240
28 14 0 120 -120 0
28 14 0 121 -121 0
28 14 0 122 -122 0
28 14 0 123 -123 0
28 14 -14 124 -124 -248
28 14 0 124 -124 0
28 14 0 125 -125 0
28 14 0 126 -126 0
28 14 0 127 -127 0
28 14 -14 128 -128 -256
28 14 0 128 -128 0
28 14 0 129 -129 0
28 14 0 130 -130 0
28 14 0 131 -131 0
28 14 -14 132 -132 -264
28 14 0 132 -132 0
28 14 0 133 -133 0
28 14 0 134 -134 0
28 14 0 135 -135 0
28 14 -34 136 -136 -272
28 14 -14 136 -136 -272
28 14 -8 136 -136 -272
28 14 0 136 -136 0
28 14 0 137 -137 0
28 14 0 138 -138 0
28 14 0 139 -139 0
28 14 -14 140 -140 -280
28 14 0 140 -140 0
28 14 0 141 -141 0
28 14 0 142 -142 0
28 14 0 143 -143 0
28 14 -14 144 -144 -288
28 14 0 144 -144 0
28 14 0 145 -145 0
28 14 0 146 -146 0
28 14 0 147 -147 0
28 14 -14 148 -148 -296
28 14 0 148 -148 0
28 14 0 149 -149 0
28 14 0 150 -150 0
30 15 0 -150 150 0
30 15 0 -149 149 0
30 15 0 -148 148 0
30 15 -15 -147 147 294
30 15 0 -147 147 0
30 15 0 -146 146 0
30 15 0 -145 145 0
30 15 0 -144 144 0
30 15 -15 -143 143 286
30 15 0 -143 143 0
30 15 0 -142 142 0
30 15 0 -141 141 0
30 15 0 -140 140 0
30 15 -15 -139 139 278
30 15 0 -139 139 0
30 15 0 -138 138 0
30 15 0 -137 137 0
30 15 0 -136 136 0
30 15 2 -136 136 102
30 15 -15 -135 135 270
30 15 0 -135 135 0
30 15 0 -134 134 0
30 15 0 -133 133 0
30 15 0 -132 132 0
30 15 -15 -131 131 262
30 15 0 -131 131 0
30 15 0 -130 130 0
30 15 0 -129 129 0
30 15 0 -128 128 0
30 15 -15 -127 127 254
30 15 0 -127 127 0
30 15 0 -126 126 0
30 15 -50 -125 125 250
30 15 0 -125 125 0
30 15 5 -125 125 250
30 15 0 -124 124 0
30 15 -15 -123 123 246
30 15 0 -123 123 0
30 15 0 -122 122 0
30 15 0 -121 121 0
30 15 0 -120 120 0
30 15 -15 -119 119 238
30 15 0 -119 119 0
30 15 0 -118 118 0
30 15 0 -117 117 0
30 15 0 -116 116 0
30 15 -15 -115 115 230
30 15 0 -115 115 0
30 15 0 -114 114 0
30 15 0 -113 113 0
30 15 0 -112 112 0
30 15 -15 -111 111 222
30 15 0 -111 111 0
30 15 0 -110 110 0
30 15 0 -109 109 0
30 15 0 -108 108 0
30 15 -15 -107 107 214
30 15 0 -107 107 0
30 15 0 -106 106 0
30 15 0 -105 105 0
30 15 0 -104 104 0
30 15 -15 -103 103 206
30 15 0 -103 103 0
30 15 0 -102 102 0
30 15 0 -101 101 0
30 15 0 -100 100 0
30 15 -15 -99 99 198
30 15 0 -99 99 0
30 15 -49 -98 98 196
30 15 0 -98 98 0
30 15 4 -98 98 196
30 15 0 -97 97 0
30 15 0 -96 96 0
30 15 -15 -95 95 190
30 15 0 -95 95 0
30 15 0 -94 94 0
30 15 0 -93 93 0
30 15 0 -92 92 0
30 15 -15 -91 91 182
30 15 0 -91 91 0
30 15 0 -90 90 0
30 15 0 -89 89 0
30 15 0 -88 88 0
30 15 -15 -87 87 174
30 15 0 -87 87 0
30 15 0 -86 86 0
30 15 0 -85 85 0
30 15 0 -84 84 0
30 15 -15 -83 83 166
30 15 0 -83 83 0
30 15 0 -82 82 0
30 15 0 -81 81 0
30 15 0 -80 80 0
30 15 -15 -79 79 158
30 15 0 -79 79 0
30 15 0 -78 78 0
30 15 0 -77 77 0
30 15 0 -76 76 0
30 15 -15 -75 75 150
30 15 0 -75 75 0
30 15 0 -74 74 0
30 15 0 -73 73 0
30 15 -48 -72 72 144
30 15 0 -72 72 0
30 15 3 -72 72 144
30 15 -15 -71 71 142
30 15 0 -71 71 0
30 15 0 -70 70 0
30 15 0 -69 69 0
30 15 0 -68 68 0
30 15 -15 -67 67 134
30 15 0 -67 67 0
30 15 0 -66 66 0
30 15 0 -65 65 0
30 15 -16 -64 64 48
30 15 0 -64 64 0
30 15 -15 -63 63 126
30 15 0 -63 63 0
30 15 0 -62 62 0
30 15 0 -61 61 0
30 15 0 -60 60 0
30 15 -15 -59 59 118
30 15 0 -59 59 0
30 15 0 -58 58 0
30 15 0 -57 57 0
30 15 0 -56 56 0
30 15 -15 -55 55 110
30 15 0 -55 55 0
30 15 0 -54 54 0
30 15 0 -53 53 0
30 15 0 -52 52 0
30 15 -15 -51 51 102
30 15 0 -51 51 0
30 15 0 -50 50 0
30 15 0 -49 49 0
30 15 0 -48 48 0
30 15 -47 -47 47 94
30 15 -15 -47 47 94
30 15 0 -47 47 0
30 15 2 -47 47 94
30 15 0 -46 46 0
30 15 0 -45 45 0
30 15 0 -44 44 0
30 15 -15 -43 43 86
30 15 0 -43 43 0
30 15 0 -42 42 0
30 15 0 -41 41 0
30 15 0 -40 40 0
30 15 -15 -39 39 78
30 15 0 -39 39 0
30 15 0 -38 38 0
30 15 0 -37 37 0
30 15 0 -36 36 0
30 15 -15 -35 35 70
30 15 0 -35 35 0
30 15 0 -34 34 0
30 15 0 -33 33 0
30 15 0 -32 32 0
30 15 -15 -31 31 62
30 15 0 -31 31 0
30 15 0 -30 30 0
30 15 0 -29 29 0
30 15 0 -28 28 0
30 15 -15 -27 27 54
30 15 0 -27 27 0
30 15 0 -26 26 0
30 15 0 -25 25 0
30 15 0 -24 24 0
30 15 -46 -23 23 46
30 15 -15 -23 23 46
30 15 0 -23 23 0
30 15 1 -23 23 46
30 15 0 -22 22 0
30 15 0 -21 21 0
30 15 0 -20 20 0
30 15 -91 -19 19 114
30 15 -15 -19 19 38
30 15 -14 -19 19 114
30 15 0 -19 19 0
30 15 0 -18 18 0
30 15 0 -17 17 0
30 15 0 -16 16 0
30 15 -15 -15 15 30
30 15 0 -15 15 0
30 15 0 -14 14 0
30 15 0 -13 13 0
30 15 0 -12 12 0
30 15 -15 -11 11 22
30 15 0 -11 11 0
30 15 0 -10 10 0
30 15 0 -9 9 0
30 15 0 -8 8 0
30 15 -15 -7 7 14
30 15 0 -7 7 0
30 15 0 -6 6 0
30 15 0 -5 5 0
30 15 0 -4 4 0
30 15 -15 -3 3 6
30 15 0 -3 3 0
30 15 0 -2 2 0
30 15 0 -1 1 0
30 15 -15 1 -1 -2
30 15 0 1 -1 0
30 15 0 2 -2 0
30 15 0 3 -3 0
30 15 0 4 -4 0
30 15 -15 5 -5 -10
30 15 0 5 -5 0
30 15 0 6 -6 0
30 15 0 7 -7 0
30 15 0 8 -8 0
30 15 -15 9 -9 -18
30 15 0 9 -9 0
30 15 0 10 -10 0
30 15 0 11 -11 0
30 15 0 12 -12 0
30 15 -15 13 -13 -26
30 15 0 13 -13 0
30 15 0 14 -14 0
30 15 0 15 -15 0
30 15 0 16 -16 0
30 15 -15 17 -17 -34
30 15 0 17 -17 0
30 15 0 18 -18 0
30 15 0 19 -19 0
30 15 0 20 -20 0
30 15 -15 21 -21 -42
30 15 0 21 -21 0
30 15 -44 22 -22 -44
30 15 -1 22 -22 -44
30 15 0 22 -22 0
30 15 0 23 -23 0
30 15 0 24 -24 0
30 15 -15 25 -25 -50
30 15 0 25 -25 0
30 15 0 26 -26 0
30 15 0 27 -27 0
30 15 0 28 -28 0
30 15 -15 29 -29 -58
30 15 0 29 -29 0
30 15 0 30 -30 0
30 15 0 31 -31 0
30 15 0 32 -32 0
30 15 -15 33 -33 -66
30 15 0 33 -33 0
30 15 0 34 -34 0
30 15 0 35 -35 0
30 15 0 36 -36 0
30 15 -15 37 -37 -74
30 15 0 37 -37 0
30 15 0 38 -38 0
30 15 0 39 -39 0
30 15 0 40 -40 0
30 15 -15 41 -41 -82
30 15 0 41 -41 0
30 15 0 42 -42 0
30 15 -43 43 -43 -86
30 15 -2 43 -43 -86
30 15 0 43 -43 0
30 15 0 44 -44 0
30 15 -15 45 -45 -90
30 15 0 45 -45 0
30 15 0 46 -46 0
30 15 0 47 -47 0
30 15 0 48 -48 0
30 15 -15 49 -49 -98
30 15 0 49 -49 0
30 15 0 50 -50 0
30 15 0 51 -51 0
30 15 0 52 -52 0
30 15 -15 53 -53 -106
30 15 0 53 -53 0
30 15 0 54 -54 0
30 15 0 55 -55 0
30 15 -14 56 -56 -42
30 15 0 56 -56 0
30 15 -15 57 -57 -114
30 15 0 57 -57 0
30 15 0 58 -58 0
30 15 0 59 -59 0
30 15 0 60 -60 0
30 15 -15 61 -61 -122
30 15 0 61 -61 0
30 15 0 62 -62 0
30 15 -42 63 -63 -126
30 15 -3 63 -63 -126
30 15 0 63 -63 0
30 15 0 64 -64 0
30 15 -15 65 -65 -130
30 15 0 65 -65 0
30 15 0 66 -66 0
30 15 0 67 -67 0
30 15 0 68 -68 0
30 15 -15 69 -69 -138
30 15 0 69 -69 0
30 15 0 70 -70 0
30 15 0 71 -71 0
30 15 0 72 -72 0
30 15 -15 73 -73 -146
30 15 0 73 -73 0
30 15 0 74 -74 0
30 15 0 75 -75 0
30 15 0 76 -76 0
30 15 -15 77 -77 -154
30 15 0 77 -77 0
30 15 0 78 -78 0
30 15 0 79 -79 0
30 15 0 80 -80 0
30 15 -15 81 -81 -162
30 15 0 81 -81 0
30 15 -41 82 -82 -164
30 15 -4 82 -82 -164
30 15 0 82 -82 0
30 15 0 83 -83 0
30 15 0 84 -84 0
30 15 -15 85 -85 -170
30 15 0 85 -85 0
30 15 0 86 -86 0
30 15 0 87 -87 0
30 15 0 88 -88 0
30 15 -15 89 -89 -178
30 15 0 89 -89 0
30 15 0 90 -90 0
30 15 0 91 -91 0
30 15 0 92 -92 0
30 15 -15 93 -93 -186
30 15 0 93 -93 0
30 15 0 94 -94 0
30 15 0 95 -95 0
30 15 0 96 -96 0
30 15 -15 97 -97 -194
30 15 0 97 -97 0
30 15 0 98 -98 0
30 15 0 99 -99 0
30 15 -40 100 -100 -200
30 15 -5 100 -100 -200
30 15 0 100 -100 0
30 15 -15 101 -101 -202
30 15 0 101 -101 0
30 15 0 102 -102 0
30 15 0 103 -103 0
30 15 -2 104 -104 -78
30 15 0 104 -104 0
30 15 -15 105 -105 -210
30 15 0 105 -105 0
30 15 0 106 -106 0
30 15 0 107 -107 0
30 15 0 108 -108 0
30 15 -15 109 -109 -218
30 15 0 109 -109 0
30 15 0 110 -110 0
30 15 0 111 -111 0
30 15 0 112 -112 0
30 15 -15 113 -113 -226
30 15 0 113 -113 0
30 15 0 114 -114 0
30 15 0 115 -115 0
30 15 0 116 -116 0
30 15 -39 117 -117 -234
30 15 -15 117 -117 -234
30 15 -6 117 -117 -234
30 15 0 117 -117 0
30 15 0 118 -118 0
30 15 0 119 -119 0
30 15 0 120 -120 0
30 15 -15 121 -121 -242
30 15 0 121 -121 0
30 15 0 122 -122 0
30 15 0 123 -123 0
30 15 0 124 -124 0
30 15 -15 125 -125 -250
30 15 0 125 -125 0
30 15 0 126 -126 0
30 15 0 127 -127 0
30 15 0 128 -128 0
30 15 -15 129 -129 -258
30 15 0 129 -129 0
30 15 0 130 -130 0
30 15 0 131 -131 0
30 15 0 132 -132 0
30 15 -38 133 -133 -266
30 15 -15 133 -133 -266
30 15 -7 133 -133 -266
30 15 0 133 -133 0
30 15 0 134 -134 0
30 15 0 135 -135 0
30 15 0 136 -136 0
30 15 -15 137 -137 -274
30 15 0 137 -137 0
30 15 0 138 -138 0
30 15 0 139 -139 0
30 15 0 140 -140 0
30 15 -15 141 -141 -282
30 15 0 141 -141 0
30 15 0 142 -142 0
30 15 0 143 -143 0
30 15 -12 144 -144 -108
30 15 0 144 -144 0
30 15 -15 145 -145 -290
30 15 0 145 -145 0
30 15 0 146 -146 0
30 15 0 147 -147 0
30 15 -37 148 -148 -296
30 15 -8 148 -148 -296
30 15 0 148 -148 0
30 15 -15 149 -149 -298
30 15 0 149 -149 0
30 15 0 150 -150 0
32 16 0 -150 150 0
32 16 0 -149 149 0
32 16 -16 -148 148 296
32 16 0 -148 148 0
32 16 0 -147 147 0
32 16 0 -146 146 0
32 16 0 -145 145 0
32 16 -18 -144 144 108
32 16 -16 -144 144 288
32 16 0 -144 144 0
32 16 2 -144 144 108
32 16 0 -143 143 0
32 16 0 -142 142 0
32 16 0 -141 141 0
32 16 -16 -140 140 280
32 16 0 -140 140 0
32 16 0 -139 139 0
32 16 0 -138 138 0
32 16 0 -137 137 0
32 16 -16 -136 136 272
32 16 0 -136 136 0
32 16 0 -135 135 0
32 16 0 -134 134 0
32 16 0 -133 133 0
32 16 -16 -132 132 264
32 16 0 -132 132 0
32 16 0 -131 131 0
32 16 0 -130 130 0
32 16 0 -129 129 0
32 16 -16 -128 128 256
32 16 0 -128 128 0
32 16 0 -127 127 0
32 16 0 -126 126 0
32 16 0 -125 125 0
32 16 -16 -124 124 248
32 16 0 -124 124 0
32 16 0 -123 123 0
32 16 0 -122 122 0
32 16 0 -121 121 0
32 16 -16 -120 120 240
32 16 0 -120 120 0
32 16 0 -119 119 0
32 16 0 -118 118 0
32 16 0 -117 117 0
32 16 -16 -116 116 232
32 16 0 -116 116 0
32 16 0 -115 115 0
32 16 0 -114 114 0
32 16 0 -113 113 0
32 16 -16 -112 112 224
32 16 0 -112 112 0
32 16 0 -111 111 0
32 16 0 -110 110 0
32 16 0 -109 109 0
32 16 -16 -108 108 216
32 16 0 -108 108 0
32 16 0 -107 107 0
32 16 0 -106 106 0
32 16 0 -105 105 0
32 16 -52 -104 104 208
32 16 -16 -104 104 208
32 16 0 -104 104 0
32 16 4 -104 104 208
32 16 0 -103 103 0
32 16 0 -102 102 0
32 16 0 -101 101 0
32 16 -16 -100 100 200
32 16 0 -100 100 0
32 16 0 -99 99 0
32 16 0 -98 98 0
32 16 0 -97 97 0
32 16 -16 -96 96 192
32 16 0 -96 96 0
32 16 0 -95 95 0
32 16 0 -94 94 0
32 16 0 -93 93 0
32 16 -16 -92 92 184
32 16 0 -92 92 0
32 16 0 -91 91 0
32 16 0 -90 90 0
32 16 0 -89 89 0
32 16 -16 -88 88 176
32 16 0 -88 88 0
32 16 0 -87 87 0
32 16 0 -86 86 0
32 16 0 -85 85 0
32 16 -16 -84 84 168
32 16 0 -84 84 0
32 16 0 -83 83 0
32 16 0 -82 82 0
32 16 0 -81 81 0
32 16 -16 -80 80 160
32 16 0 -80 80 0
32 16 0 -79 79 0
32 16 0 -78 78 0
32 16 0 -77 77 0
32 16 -16 -76 76 152
32 16 0 -76 76 0
32 16 0 -75 75 0
32 16 0 -74 74 0
32 16 0 -73 73 0
32 16 -16 -72 72 144
32 16 0 -72 72 0
32 16 0 -71 71 0
32 16 0 -70 70 0
32 16 0 -69 69 0
32 16 -16 -68 68 136
32 16 0 -68 68 0
32 16 0 -67 67 0
32 16 0 -66 66 0
32 16 0 -65 65 0
32 16 -16 -64 64 128
32 16 0 -64 64 0
32 16 0 -63 63 0
32 16 0 -62 62 0
32 16 0 -61 61 0
32 16 -16 -60 60 120
32 16 0 -60 60 0
32 16 0 -59 59 0
32 16 0 -58 58 0
32 16 0 -57 57 0
32 16 -16 -56 56 112
32 16 0 -56 56 0
32 16 0 -55 55 0
32 16 0 -54 54 0
32 16 0 -53 53 0
32 16 -16 -52 52 104
32 16 0 -52 52 0
32 16 0 -51 51 0
32 16 -50 -50 50 100
32 16 0 -50 50 0
32 16 2 -50 50 100
32 16 0 -49 49 0
32 16 -16 -48 48 96
32 16 0 -48 48 0
32 16 0 -47 47 0
32 16 0 -46 46 0
32 16 0 -45 45 0
32 16 -16 -44 44 88
32 16 0 -44 44 0
32 16 0 -43 43 0
32 16 0 -42 42 0
32 16 0 -41 41 0
32 16 -16 -40 40 80
32 16 0 -40 40 0
32 16 0 -39 39 0
32 16 0 -38 38 0
32 16 0 -37 37 0
32 16 -16 -36 36 72
32 16 0 -36 36 0
32 16 0 -35 35 0
32 16 0 -34 34 0
32 16 0 -33 33 0
32 16 -16 -32 32 64
32 16 0 -32 32 0
32 16 0 -31 31 0
32 16 0 -30 30 0
32 16 0 -29 29 0
32 16 -16 -28 28 56
32 16 0 -28 28 0
32 16 0 -27 27 0
32 16 0 -26 26 0
32 16 0 -25 25 0
32 16 -16 -24 24 48
32 16 0 -24 24 0
32 16 0 -23 23 0
32 16 0 -22 22 0
32 16 0 -21 21 0
32 16 -16 -20 20 40
32 16 0 -20 20 0
32 16 0 -19 19 0
32 16 0 -18 18 0
32 16 0 -17 17 0
32 16 -16 -16 16 32
32 16 0 -16 16 0
32 16 0 -15 15 0
32 16 0 -14 14 0
32 16 0 -13 13 0
32 16 -16 -12 12 24
32 16 0 -12 12 0
32 16 0 -11 11 0
32 16 0 -10 10 0
32 16 0 -9 9 0
32 16 -16 -8 8 16
32 16 0 -8 8 0
32 16 0 -7 7 0
32 16 0 -6 6 0
32 16 0 -5 5 0
32 16 -16 -4 4 8
32 16 0 -4 4 0
32 16 0 -3 3 0
32 16 0 -2 2 0
32 16 0 -1 1 0
32 16 0 1 -1 0
32 16 0 2 -2 0
32 16 0 3 -3 0
32 16 -16 4 -4 -8
32 16 0 4 -4 0
32 16 0 5 -5 0
32 16 0 6 -6 0
32 16 0 7 -7 0
32 16 -16 8 -8 -16
32 16 0 8 -8 0
32 16 0 9 -9 0
32 16 0 10 -10 0
32 16 0 11 -11 0
32 16 -16 12 -12 -24
32 16 0 12 -12 0
32 16 0 13 -13 0
32 16 0 14 -14 0
32 16 0 15 -15 0
32 16 -16 16 -16 -32
32 16 0 16 -16 0
32 16 0 17 -17 0
32 16 0 18 -18 0
32 16 0 19 -19 0
32 16 -16 20 -20 -40
32 16 0 20 -20 0
32 16 0 21 -21 0
32 16 0 22 -22 0
32 16 0 23 -23 0
32 16 -16 24 -24 -48
32 16 0 24 -24 0
32 16 0 25 -25 0
32 16 0 26 -26 0
32 16 0 27 -27 0
32 16 -16 28 -28 -56
32 16 0 28 -28 0
32 16 0 29 -29 0
32 16 0 30 -30 0
32 16 0 31 -31 0
32 16 -16 32 -32 -64
32 16 0 32 -32 0
32 16 0 33 -33 0
32 16 0 34 -34 0
32 16 0 35 -35 0
32 16 -16 36 -36 -72
32 16 0 36 -36 0
32 16 0 37 -37 0
32 16 0 38 -38 0
32 16 0 39 -39 0
32 16 -16 40 -40 -80
32 16 0 40 -40 0
32 16 0 41 -41 0
32 16 0 42 -42 0
32 16 0 43 -43 0
32 16 -16 44 -44 -88
32 16 0 44 -44 0
32 16 0 45 -45 0
32 16 -46 46 -46 -92
32 16 -2 46 -46 -92
32 16 0 46 -46 0
32 16 0 47 -47 0
32 16 -16 48 -48 -96
32 16 0 48 -48 0
32 16 0 49 -49 0
32 16 0 50 -50 0
32 16 0 51 -51 0
32 16 -16 52 -52 -104
32 16 0 52 -52 0
32 16 0 53 -53 0
32 16 0 54 -54 0
32 16 0 55 -55 0
32 16 -16 56 -56 -112
32 16 0 56 -56 0
32 16 0 57 -57 0
32 16 0 58 -58 0
32 16 0 59 -59 0
32 16 -16 60 -60 -120
32 16 0 60 -60 0
32 16 0 61 -61 0
32 16 0 62 -62 0
32 16 0 63 -63 0
32 16 -16 64 -64 -128
32 16 0 64 -64 0
32 16 0 65 -65 0
32 16 0 66 -66 0
32 16 0 67 -67 0
32 16 -16 68 -68 -136
32 16 0 68 -68 0
32 16 0 69 -69 0
32 16 0 70 -70 0
32 16 0 71 -71 0
32 16 -16 72 -72 -144
32 16 0 72 -72 0
32 16 0 73 -73 0
32 16 0 74 -74 0
32 16 0 75 -75 0
32 16 -16 76 -76 -152
32 16 0 76 -76 0
32 16 0 77 -77 0
32 16 0 78 -78 0
32 16 0 79 -79 0
32 16 -16 80 -80 -160
32 16 0 80 -80 0
32 16 0 81 -81 0
32 16 0 82 -82 0
32 16 0 83 -83 0
32 16 -16 84 -84 -168
32 16 0 84 -84 0
32 16 0 85 -85 0
32 16 0 86 -86 0
32 16 0 87 -87 0
32 16 -44 88 -88 -176
32 16 -16 88 -88 -176
32 16 -4 88 -88 -176
32 16 0 88 -88 0
32 16 0 89 -89 0
32 16 0 90 -90 0
32 16 0 91 -91 0
32 16 -16 92 -92 -184
32 16 0 92 -92 0
32 16 0 93 -93 0
32 16 0 94 -94 0
32 16 0 95 -95 0
32 16 -16 96 -96 -192
32 16 0 96 -96 0
32 16 0 97 -97 0
32 16 0 98 -98 0
32 16 0 99 -99 0
32 16 -16 100 -100 -200
32 16 0 100 -100 0
32 16 0 101 -101 0
32 16 0 102 -102 0
32 16 0 103 -103 0
32 16 -16 104 -104 -208
32 16 0 104 -104 0
32 16 0 105 -105 0
32 16 0 106 -106 0
32 16 0 107 -107 0
32 16 -16 108 -108 -216
32 16 0 108 -108 0
32 16 0 109 -109 0
32 16 0 110 -110 0
32 16 0 111 -111 0
32 16 -16 112 -112 -224
32 16 -14 112 -112 -84
32 16 -2 112 -112 -84
32 16 0 112 -112 0
32 16 0 113 -113 0
32 16 0 114 -114 0
32 16 0 115 -115 0
32 16 -16 116 -116 -232
32 16 0 116 -116 0
32 16 0 117 -117 0
32 16 0 118 -118 0
32 16 0 119 -119 0
32 16 -16 120 -120 -240
32 16 0 120 -120 0
32 16 0 121 -121 0
32 16 0 122 -122 0
32 16 0 123 -123 0
32 16 -16 124 -124 -248
32 16 0 124 -124 0
32 16 0 125 -125 0
32 16 -42 126 -126 -252
32 16 -6 126 -126 -252
32 16 0 126 -126 0
32 16 0 127 -127 0
32 16 -16 128 -128 -256
32 16 0 128 -128 0
32 16 0 129 -129 0
32 16 0 130 -130 0
32 16 0 131 -131 0
32 16 -16 132 -132 -264
32 16 0 132 -132 0
32 16 0 133 -133 0
32 16 0 134 -134 0
32 16 0 135 -135 0
32 16 -16 136 -136 -272
32 16 0 136 -136 0
32 16 0 137 -137 0
32 16 0 138 -138 0
32 16 0 139 -139 0
32 16 -16 140 -140 -280
32 16 0 140 -140 0
32 16 0 141 -141 0
32 16 0 142 -142 0
32 16 0 143 -143 0
32 16 -16 144 -144 -288
32 16 0 144 -144 0
32 16 0 145 -145 0
32 16 0 146 -146 0
32 16 0 147 -147 0
32 16 -16 148 -148 -296
32 16 0 148 -148 0
32 16 0 149 -149 0
32 16 0 150 -150 0
34 17 0 -150 150 0
34 17 0 -149 149 0
34 17 0 -148 148 0
34 17 -17 -147 147 294
34 17 0 -147 147 0
34 17 0 -146 146 0
34 17 0 -145 145 0
34 17 0 -144 144 0
34 17 -17 -143 143 286
34 17 0 -143 143 0
34 17 0 -142 142 0
34 17 0 -141 141 0
34 17 -56 -140 140 280
34 17 0 -140 140 0
34 17 5 -140 140 280
34 17 -17 -139 139 278
34 17 0 -139 139 0
34 17 0 -138 138 0
34 17 0 -137 137 0
34 17 0 -136 136 0
34 17 -17 -135 135 270
34 17 0 -135 135 0
34 17 0 -134 134 0
34 17 0 -133 133 0
34 17 0 -132 132 0
34 17 -17 -131 131 262
34 17 0 -131 131 0
34 17 0 -130 130 0
34 17 0 -129 129 0
34 17 0 -128 128 0
34 17 -17 -127 127 254
34 17 0 -127 127 0
34 17 0 -126 126 0
34 17 0 -125 125 0
34 17 0 -124 124 0
34 17 -17 -123 123 246
34 17 0 -123 123 0
34 17 0 -122 122 0
34 17 0 -121 121 0
34 17 0 -120 120 0
34 17 -17 -119 119 238
34 17 0 -119 119 0
34 17 0 -118 118 0
34 17 0 -117 117 0
34 17 0 -116 116 0
34 17 -17 -115 115 230
34 17 0 -115 115 0
34 17 0 -114 114 0
34 17 0 -113 113 0
34 17 0 -112 112 0
34 17 -17 -111 111 222
34 17 0 -111 111 0
34 17 -55 -110 110 220
34 17 0 -110 110 0
34 17 4 -110 110 220
34 17 0 -109 109 0
34 17 0 -108 108 0
34 17 -17 -107 107 214
34 17 0 -107 107 0
34 17 0 -106 106 0
34 17 0 -105 105 0
34 17 0 -104 104 0
34 17 -17 -103 103 206
34 17 0 -103 103 0
34 17 0 -102 102 0
34 17 0 -101 101 0
34 17 0 -100 100 0
34 17 -17 -99 99 198
34 17 0 -99 99 0
34 17 0 -98 98 0
34 17 0 -97 97 0
34 17 0 -96 96 0
34 17 -17 -95 95 190
34 17 0 -95 95 0
34 17 0 -94 94 0
34 17 0 -93 93 0
34 17 0 -92 92 0
34 17 -17 -91 91 182
34 17 0 -91 91 0
34 17 0 -90 90 0
34 17 0 -89 89 0
34 17 0 -88 88 0
34 17 -17 -87 87 174
34 17 0 -87 87 0
34 17 0 -86 86 0
34 17 0 -85 85 0
34 17 0 -84 84 0
34 17 -17 -83 83 166
34 17 0 -83 83 0
34 17 0 -82 82 0
34 17 -54 -81 81 162
34 17 0 -81 81 0
34 17 3 -81 81 162
34 17 0 -80 80 0
34 17 -17 -79 79 158
34 17 0 -79 79 0
34 17 0 -78 78 0
34 17 0 -77 77 0
34 17 0 -76 76 0
34 17 -17 -75 75 150
34 17 0 -75 75 0
34 17 0 -74 74 0
34 17 0 -73 73 0
34 17 -18 -72 72 54
34 17 0 -72 72 0
34 17 -17 -71 71 142
34 17 0 -71 71 0
34 17 0 -70 70 0
34 17 0 -69 69 0
34 17 0 -68 68 0
34 17 -17 -67 67 134
34 17 0 -67 67 0
34 17 0 -66 66 0
34 17 0 -65 65 0
34 17 0 -64 64 0
34 17 -17 -63 63 126
34 17 0 -63 63 0
34 17 0 -62 62 0
34 17 0 -61 61 0
34 17 0 -60 60 0
34 17 -17 -59 59 118
34 17 0 -59 59 0
34 17 0 -58 58 0
34 17 0 -57 57 0
34 17 0 -56 56 0
34 17 -17 -55 55 110
34 17 0 -55 55 0
34 17 0 -54 54 0
34 17 -53 -53 53 106
34 17 0 -53 53 0
34 17 2 -53 53 106
34 17 0 -52 52 0
34 17 -17 -51 51 102
34 17 0 -51 51 0
34 17 0 -50 50 0
34 17 0 -49 49 0
34 17 0 -48 48 0
34 17 -17 -47 47 94
34 17 0 -47 47 0
34 17 0 -46 46 0
34 17 0 -45 45 0
34 17 0 -44 44 0
34 17 -17 -43 43 86
34 17 0 -43 43 0
34 17 0 -42 42 0
34 17 0 -41 41 0
34 17 0 -40 40 0
34 17 -17 -39 39 78
34 17 0 -39 39 0
34 17 0 -38 38 0
34 17 0 -37 37 0
34 17 0 -36 36 0
34 17 -17 -35 35 70
34 17 0 -35 35 0
34 17 0 -34 34 0
34 17 0 -33 33 0
34 17 0 -32 32 0
34 17 -17 -31 31 62
34 17 0 -31 31 0
34 17 0 -30 30 0
34 17 0 -29 29 0
34 17 0 -28 28 0
34 17 -17 -27 27 54
34 17 0 -27 27 0
34 17 -52 -26 26 52
34 17 0 -26 26 0
34 17 1 -26 26 52
34 17 0 -25 25 0
34 17 0 -24 24 0
34 17 -17 -23 23 46
34 17 0 -23 23 0
34 17 0 -22 22 0
34 17 0 -21 21 0
34 17 0 -20 20 0
34 17 -17 -19 19 38
34 17 0 -19 19 0
34 17 0 -18 18 0
34 17 0 -17 17 0
34 17 0 -16 16 0
34 17 -17 -15 15 30
34 17 0 -15 15 0
34 17 0 -14 14 0
34 17 0 -13 13 0
34 17 0 -12 12 0
34 17 -17 -11 11 22
34 17 0 -11 11 0
34 17 0 -10 10 0
34 17 0 -9 9 0
34 17 0 -8 8 0
34 17 -17 -7 7 14
34 17 0 -7 7 0
34 17 0 -6 6 0
34 17 0 -5 5 0
34 17 0 -4 4 0
34 17 -17 -3 3 6
34 17 0 -3 3 0
34 17 0 -2 2 0
34 17 0 -1 1 0
34 17 -17 1 -1 -2
34 17 0 1 -1 0
34 17 0 2 -2 0
34 17 0 3 -3 0
34 17 0 4 -4 0
34 17 -17 5 -5 -10
34 17 0 5 -5 0
34 17 0 6 -6 0
34 17 0 7 -7 0
34 17 0 8 -8 0
34 17 -17 9 -9 -18
34 17 0 9 -9 0
34 17 0 10 -10 0
34 17 0 11 -11 0
34 17 0 12 -12 0
34 17 -17 13 -13 -26
34 17 0 13 -13 0
34 17 0 14 -14 0
34 17 0 15 -15 0
34 17 0 16 -16 0
34 17 -17 17 -17 -34
34 17 0 17 -17 0
34 17 0 18 -18 0
34 17 0 19 -19 0
34 17 0 20 -20 0
34 17 -101 21 -21 -126
34 17 -18 21 -21 -126
34 17 -17 21 -21 -42
34 17 0 21 -21 0
34 17 0 22 -22 0
34 17 0 23 -23 0
34 17 0 24 -24 0
34 17 -50 25 -25 -50
34 17 -17 25 -25 -50
34 17 -1 25 -25 -50
34 17 0 25 -25 0
34 17 0 26 -26 0
34 17 0 27 -27 0
34 17 0 28 -28 0
34 17 -17 29 -29 -58
34 17 0 29 -29 0
34 17 0 30 -30 0
34 17 0 31 -31 0
34 17 0 32 -32 0
34 17 -17 33 -33 -66
34 17 0 33 -33 0
34 17 0 34 -34 0
34 17 0 35 -35 0
34 17 0 36 -36 0
34 17 -17 37 -37 -74
34 17 0 37 -37 0
34 17 0 38 -38 0
34 17 0 39 -39 0
34 17 0 40 -40 0
34 17 -17 41 -41 -82
34 17 0 41 -41 0
34 17 0 42 -42 0
34 17 0 43 -43 0
34 17 0 44 -44 0
34 17 -17 45 -45 -90
34 17 0 45 -45 0
34 17 0 46 -46 0
34 17 0 47 -47 0
34 17 0 48 -48 0
34 17 -49 49 -49 -98
34 17 -17 49 -49 -98
34 17 -2 49 -49 -98
34 17 0 49 -49 0
34 17 0 50 -50 0
34 17 0 51 -51 0
34 17 0 52 -52 0
34 17 -17 53 -53 -106
34 17 0 53 -53 0
34 17 0 54 -54 0
34 17 0 55 -55 0
34 17 0 56 -56 0
34 17 -17 57 -57 -114
34 17 0 57 -57 0
34 17 0 58 -58 0
34 17 0 59 -59 0
34 17 0 60 -60 0
34 17 -17 61 -61 -122
34 17 0 61 -61 0
34 17 0 62 -62 0
34 17 0 63 -63 0
34 17 -16 64 -64 -48
34 17 0 64 -64 0
34 17 -17 65 -65 -130
34 17 0 65 -65 0
34 17 0 66 -66 0
34 17 0 67 -67 0
34 17 0 68 -68 0
34 17 -17 69 -69 -138
34 17 0 69 -69 0
34 17 0 70 -70 0
34 17 0 71 -71 0
34 17 -48 72 -72 -144
34 17 -3 72 -72 -144
34 17 0 72 -72 0
34 17 -17 73 -73 -146
34 17 0 73 -73 0
34 17 0 74 -74 0
34 17 0 75 -75 0
34 17 0 76 -76 0
34 17 -17 77 -77 -154
34 17 0 77 -77 0
34 17 0 78 -78 0
34 17 0 79 -79 0
34 17 0 80 -80 0
34 17 -17 81 -81 -162
34 17 0 81 -81 0
34 17 0 82 -82 0
34 17 0 83 -83 0
34 17 0 84 -84 0
34 17 -17 85 -85 -170
34 17 0 85 -85 0
34 17 0 86 -86 0
34 17 0 87 -87 0
34 17 0 88 -88 0
34 17 -17 89 -89 -178
34 17 0 89 -89 0
34 17 0 90 -90 0
34 17 0 91 -91 0
34 17 0 92 -92 0
34 17 -17 93 -93 -186
34 17 0 93 -93 0
34 17 -47 94 -94 -188
34 17 -4 94 -94 -188
34 17 0 94 -94 0
34 17 0 95 -95 0
34 17 0 96 -96 0
34 17 -17 97 -97 -194
34 17 0 97 -97 0
34 17 0 98 -98 0
34 17 0 99 -99 0
34 17 0 100 -100 0
34 17 -17 101 -101 -202
34 17 0 101 -101 0
34 17 0 102 -102 0
34 17 0 103 -103 0
34 17 0 104 -104 0
34 17 -17 105 -105 -210
34 17 0 105 -105 0
34 17 0 106 -106 0
34 17 0 107 -107 0
34 17 0 108 -108 0
34 17 -17 109 -109 -218
34 17 0 109 -109 0
34 17 0 110 -110 0
34 17 0 111 -111 0
34 17 0 112 -112 0
34 17 -17 113 -113 -226
34 17 0 113 -113 0
34 17 0 114 -114 0
34 17 -46 115 -115 -230
34 17 -5 115 -115 -230
34 17 0 115 -115 0
34 17 0 116 -116 0
34 17 -17 117 -117 -234
34 17 0 117 -117 0
34 17 0 118 -118 0
34 17 0 119 -119 0
34 17 -2 120 -120 -90
34 17 0 120 -120 0
34 17 -17 121 -121 -242
34 17 0 121 -121 0
34 17 0 122 -122 0
34 17 0 123 -123 0
34 17 0 124 -124 0
34 17 -17 125 -125 -250
34 17 0 125 -125 0
34 17 0 126 -126 0
34 17 0 127 -127 0
34 17 0 128 -128 0
34 17 -17 129 -129 -258
34 17 0 129 -129 0
34 17 0 130 -130 0
34 17 0 131 -131 0
34 17 0 132 -132 0
34 17 -17 133 -133 -266
34 17 0 133 -133 0
34 17 0 134 -134 0
34 17 -45 135 -135 -270
34 17 -6 135 -135 -270
34 17 0 135 -135 0
34 17 0 136 -136 0
34 17 -17 137 -137 -274
34 17 0 137 -137 0
34 17 0 138 -138 0
34 17 0 139 -139 0
34 17 0 140 -140 0
34 17 -17 141 -141 -282
34 17 0 141 -141 0
34 17 0 142 -142 0
34 17 0 143 -143 0
34 17 0 144 -144 0
34 17 -17 145 -145 -290
34 17 0 145 -145 0
34 17 0 146 -146 0
34 17 0 147 -147 0
34 17 0 148 -148 0
34 17 -17 149 -149 -298
34 17 0 149 -149 0
34 17 0 150 -150 0
36 18 0 -150 150 0
36 18 0 -149 149 0
36 18 -18 -148 148 296
36 18 0 -148 148 0
36 18 0 -147 147 0
36 18 0 -146 146 0
36 18 0 -145 145 0
36 18 -18 -144 144 288
36 18 0 -144 144 0
36 18 0 -143 143 0
36 18 0 -142 142 0
36 18 0 -141 141 0
36 18 -18 -140 140 280
36 18 0 -140 140 0
36 18 0 -139 139 0
36 18 0 -138 138 0
36 18 0 -137 137 0
36 18 -18 -136 136 272
36 18 0 -136 136 0
36 18 0 -135 135 0
36 18 0 -134 134 0
36 18 0 -133 133 0
36 18 -18 -132 132 264
36 18 0 -132 132 0
36 18 0 -131 131 0
36 18 0 -130 130 0
36 18 0 -129 129 0
36 18 -18 -128 128 256
36 18 0 -128 128 0
36 18 0 -127 127 0
36 18 0 -126 126 0
36 18 0 -125 125 0
36 18 -18 -124 124 248
36 18 0 -124 124 0
36 18 0 -123 123 0
36 18 0 -122 122 0
36 18 0 -121 121 0
36 18 -18 -120 120 240
36 18 0 -120 120 0
36 18 0 -119 119 0
36 18 0 -118 118 0
36 18 0 -117 117 0
36 18 -58 -116 116 232
36 18 -18 -116 116 232
36 18 0 -116 116 0
36 18 4 -116 116 232
36 18 0 -115 115 0
36 18 0 -114 114 0
36 18 0 -113 113 0
36 18 -18 -112 112 224
36 18 0 -112 112 0
36 18 0 -111 111 0
36 18 0 -110 110 0
36 18 0 -109 109 0
36 18 -18 -108 108 216
36 18 0 -108 108 0
36 18 0 -107 107 0
36 18 0 -106 106 0
36 18 0 -105 105 0
36 18 -18 -104 104 208
36 18 0 -104 104 0
36 18 0 -103 103 0
36 18 0 -102 102 0
36 18 0 -101 101 0
36 18 -18 -100 100 200
36 18 0 -100 100 0
36 18 0 -99 99 0
36 18 0 -98 98 0
36 18 0 -97 97 0
36 18 -18 -96 96 192
36 18 0 -96 96 0
36 18 0 -95 95 0
36 18 0 -94 94 0
36 18 0 -93 93 0
36 18 -18 -92 92 184
36 18 0 -92 92 0
36 18 0 -91 91 0
36 18 0 -90 90 0
36 18 0 -89 89 0
36 18 -18 -88 88 176
36 18 0 -88 88 0
36 18 0 -87 87 0
36 18 0 -86 86 0
36 18 0 -85 85 0
36 18 -18 -84 84 168
36 18 0 -84 84 0
36 18 0 -83 83 0
36 18 0 -82 82 0
36 18 0 -81 81 0
36 18 -18 -80 80 160
36 18 0 -80 80 0
36 18 0 -79 79 0
36 18 0 -78 78 0
36 18 0 -77 77 0
36 18 -18 -76 76 152
36 18 0 -76 76 0
36 18 0 -75 75 0
36 18 0 -74 74 0
36 18 0 -73 73 0
36 18 -18 -72 72 144
36 18 0 -72 72 0
36 18 0 -71 71 0
36 18 0 -70 70 0
36 18 0 -69 69 0
36 18 -18 -68 68 136
36 18 0 -68 68 0
36 18 0 -67 67 0
36 18 0 -66 66 0
36 18 0 -65 65 0
36 18 -18 -64 64 128
36 18 0 -64 64 0
36 18 0 -63 63 0
36 18 0 -62 62 0
36 18 0 -61 61 0
36 18 -18 -60 60 120
36 18 0 -60 60 0
36 18 0 -59 59 0
36 18 0 -58 58 0
36 18 0 -57 57 0
36 18 -56 -56 56 112
36 18 -18 -56 56 112
36 18 0 -56 56 0
36 18 2 -56 56 112
36 18 0 -55 55 0
36 18 0 -54 54 0
36 18 0 -53 53 0
36 18 -18 -52 52 104
36 18 0 -52 52 0
36 18 0 -51 51 0
36 18 0 -50 50 0
36 18 0 -49 49 0
36 18 -18 -48 48 96
36 18 0 -48 48 0
36 18 0 -47 47 0
36 18 0 -46 46 0
36 18 0 -45 45 0
36 18 -18 -44 44 88
36 18 0 -44 44 0
36 18 0 -43 43 0
36 18 0 -42 42 0
36 18 0 -41 41 0
36 18 -18 -40 40 80
36 18 0 -40 40 0
36 18 0 -39 39 0
36 18 0 -38 38 0
36 18 0 -37 37 0
36 18 -18 -36 36 72
36 18 0 -36 36 0
36 18 0 -35 35 0
36 18 0 -34 34 0
36 18 0 -33 33 0
36 18 -18 -32 32 64
36 18 0 -32 32 0
36 18 0 -31 31 0
36 18 0 -30 30 0
36 18 0 -29 29 0
36 18 -18 -28 28 56
36 18 0 -28 28 0
36 18 0 -27 27 0
36 18 0 -26 26 0
36 18 0 -25 25 0
36 18 -18 -24 24 48
36 18 0 -24 24 0
36 18 0 -23 23 0
36 18 0 -22 22 0
36 18 0 -21 21 0
36 18 -18 -20 20 40
36 18 0 -20 20 0
36 18 0 -19 19 0
36 18 0 -18 18 0
36 18 0 -17 17 0
36 18 -18 -16 16 32
36 18 0 -16 16 0
36 18 0 -15 15 0
36 18 0 -14 14 0
36 18 0 -13 13 0
36 18 -18 -12 12 24
36 18 0 -12 12 0
36 18 0 -11 11 0
36 18 0 -10 10 0
36 18 0 -9 9 0
36 18 -18 -8 8 16
36 18 0 -8 8 0
36 18 0 -7 7 0
36 18 0 -6 6 0
36 18 0 -5 5 0
36 18 -18 -4 4 8
36 18 0 -4 4 0
36 18 0 -3 3 0
36 18 0 -2 2 0
36 18 0 -1 1 0
36 18 0 1 -1 0
36 18 0 2 -2 0
36 18 0 3 -3 0
36 18 -18 4 -4 -8
36 18 0 4 -4 0
36 18 0 5 -5 0
36 18 0 6 -6 0
36 18 0 7 -7 0
36 18 -18 8 -8 -16
36 18 0 8 -8 0
36 18 0 9 -9 0
36 18 0 10 -10 0
36 18 0 11 -11 0
36 18 -18 12 -12 -24
36 18 0 12 -12 0
36 18 0 13 -13 0
36 18 0 14 -14 0
36 18 0 15 -15 0
36 18 -18 16 -16 -32
36 18 0 16 -16 0
36 18 0 17 -17 0
36 18 0 18 -18 0
36 18 0 19 -19 0
36 18 -18 20 -20 -40
36 18 0 20 -20 0
36 18 0 21 -21 0
36 18 0 22 -22 0
36 18 0 23 -23 0
36 18 -18 24 -24 -48
36 18 0 24 -24 0
36 18 0 25 -25 0
36 18 0 26 -26 0
36 18 0 27 -27 0
36 18 -18 28 -28 -56
36 18 0 28 -28 0
36 18 0 29 -29 0
36 18 0 30 -30 0
36 18 0 31 -31 0
36 18 -18 32 -32 -64
36 18 0 32 -32 0
36 18 0 33 -33 0
36 18 0 34 -34 0
36 18 0 35 -35 0
36 18 -18 36 -36 -72
36 18 0 36 -36 0
36 18 0 37 -37 0
36 18 0 38 -38 0
36 18 0 39 -39 0
36 18 -18 40 -40 -80
36 18 0 40 -40 0
36 18 0 41 -41 0
36 18 0 42 -42 0
36 18 0 43 -43 0
36 18 -106 44 -44 -264
36 18 -20 44 -44 -264
36 18 -18 44 -44 -88
36 18 0 44 -44 0
36 18 0 45 -45 0
36 18 0 46 -46 0
36 18 0 47 -47 0
36 18 -18 48 -48 -96
36 18 0 48 -48 0
36 18 0 49 -49 0
36 18 0 50 -50 0
36 18 0 51 -51 0
36 18 -52 52 -52 -104
36 18 -18 52 -52 -104
36 18 -2 52 -52 -104
36 18 0 52 -52 0
36 18 0 53 -53 0
36 18 0 54 -54 0
36 18 0 55 -55 0
36 18 -18 56 -56 -112
36 18 0 56 -56 0
36 18 0 57 -57 0
36 18 0 58 -58 0
36 18 0 59 -59 0
36 18 -18 60 -60 -120
36 18 0 60 -60 0
36 18 0 61 -61 0
36 18 0 62 -62 0
36 18 0 63 -63 0
36 18 -18 64 -64 -128
36 18 0 64 -64 0
36 18 0 65 -65 0
36 18 0 66 -66 0
36 18 0 67 -67 0
36 18 -18 68 -68 -136
36 18 0 68 -68 0
36 18 0 69 -69 0
36 18 0 70 -70 0
36 18 0 71 -71 0
36 18 -18 72 -72 -144
36 18 0 72 -72 0
36 18 0 73 -73 0
36 18 0 74 -74 0
36 18 0 75 -75 0
36 18 -18 76 -76 -152
36 18 0 76 -76 0
36 18 0 77 -77 0
36 18 0 78 -78 0
36 18 0 79 -79 0
36 18 -18 80 -80 -160
36 18 0 80 -80 0
36 18 0 81 -81 0
36 18 0 82 -82 0
36 18 0 83 -83 0
36 18 -18 84 -84 -168
36 18 0 84 -84 0
36 18 0 85 -85 0
36 18 0 86 -86 0
36 18 0 87 -87 0
36 18 -18 88 -88 -176
36 18 0 88 -88 0
36 18 0 89 -89 0
36 18 0 90 -90 0
36 18 0 91 -91 0
36 18 -18 92 -92 -184
36 18 0 92 -92 0
36 18 0 93 -93 0
36 18 0 94 -94 0
36 18 0 95 -95 0
36 18 -18 96 -96 -192
36 18 0 96 -96 0
36 18 0 97 -97 0
36 18 0 98 -98 0
36 18 0 99 -99 0
36 18 -50 100 -100 -200
36 18 -18 100 -100 -200
36 18 -4 100 -100 -200
36 18 0 100 -100 0
36 18 0 101 -101 0
36 18 0 102 -102 0
36 18 0 103 -103 0
36 18 -18 104 -104 -208
36 18 0 104 -104 0
36 18 0 105 -105 0
36 18 0 106 -106 0
36 18 0 107 -107 0
36 18 -18 108 -108 -216
36 18 0 108 -108 0
36 18 0 109 -109 0
36 18 0 110 -110 0
36 18 0 111 -111 0
36 18 -18 112 -112 -224
36 18 0 112 -112 0
36 18 0 113 -113 0
36 18 0 114 -114 0
36 18 0 115 -115 0
36 18 -18 116 -116 -232
36 18 0 116 -116 0
36 18 0 117 -117 0
36 18 0 118 -118 0
36 18 0 119 -119 0
36 18 -18 120 -120 -240
36 18 0 120 -120 0
36 18 0 121 -121 0
36 18 0 122 -122 0
36 18 0 123 -123 0
36 18 -18 124 -124 -248
36 18 0 124 -124 0
36 18 0 125 -125 0
36 18 0 126 -126 0
36 18 0 127 -127 0
36 18 -18 128 -128 -256
36 18 -16 128 -128 -96
36 18 -2 128 -128 -96
36 18 0 128 -128 0
36 18 0 129 -129 0
36 18 0 130 -130 0
36 18 0 131 -131 0
36 18 -18 132 -132 -264
36 18 0 132 -132 0
36 18 0 133 -133 0
36 18 0 134 -134 0
36 18 0 135 -135 0
36 18 -18 136 -136 -272
36 18 0 136 -136 0
36 18 0 137 -137 0
36 18 0 138 -138 0
36 18 0 139 -139 0
36 18 -18 140 -140 -280
36 18 0 140 -140 0
36 18 0 141 -141 0
36 18 0 142 -142 0
36 18 0 143 -143 0
36 18 -48 144 -144 -288
36 18 -18 144 -144 -288
36 18 -6 144 -144 -288
36 18 0 144 -144 0
36 18 0 145 -145 0
36 18 0 146 -146 0
36 18 0 147 -147 0
36 18 -18 148 -148 -296
36 18 0 148 -148 0
36 18 0 149 -149 0
36 18 0 150 -150 0
38 19 0 -150 150 0
38 19 0 -149 149 0
38 19 0 -148 148 0
38 19 -19 -147 147 294
38 19 0 -147 147 0
38 19 0 -146 146 0
38 19 0 -145 145 0
38 19 0 -144 144 0
38 19 -19 -143 143 286
38 19 0 -143 143 0
38 19 0 -142 142 0
38 19 0 -141 141 0
38 19 0 -140 140 0
38 19 -19 -139 139 278
38 19 0 -139 139 0
38 19 0 -138 138 0
38 19 0 -137 137 0
38 19 0 -136 136 0
38 19 -19 -135 135 270
38 19 0 -135 135 0
38 19 0 -134 134 0
38 19 0 -133 133 0
38 19 0 -132 132 0
38 19 -19 -131 131 262
38 19 0 -131 131 0
38 19 0 -130 130 0
38 19 0 -129 129 0
38 19 0 -128 128 0
38 19 -19 -127 127 254
38 19 0 -127 127 0
38 19 0 -126 126 0
38 19 0 -125 125 0
38 19 0 -124 124 0
38 19 -19 -123 123 246
38 19 0 -123 123 0
38 19 -61 -122 122 244
38 19 0 -122 122 0
38 19 4 -122 122 244
38 19 0 -121 121 0
38 19 0 -120 120 0
38 19 -19 -119 119 238
38 19 0 -119 119 0
38 19 0 -118 118 0
38 19 0 -117 117 0
38 19 0 -116 116 0
38 19 -19 -115 115 230
38 19 0 -115 115 0
38 19 0 -114 114 0
38 19 0 -113 113 0
38 19 0 -112 112 0
38 19 -19 -111 111 222
38 19 0 -111 111 0
38 19 0 -110 110 0
38 19 0 -109 109 0
38 19 0 -108 108 0
38 19 -19 -107 107 214
38 19 0 -107 107 0
38 19 0 -106 106 0
38 19 0 -105 105 0
38 19 0 -104 104 0
38 19 -19 -103 103 206
38 19 0 -103 103 0
38 19 0 -102 102 0
38 19 0 -101 101 0
38 19 0 -100 100 0
38 19 -19 -99 99 198
38 19 0 -99 99 0
38 19 0 -98 98 0
38 19 0 -97 97 0
38 19 0 -96 96 0
38 19 -19 -95 95 190
38 19 0 -95 95 0
38 19 0 -94 94 0
38 19 0 -93 93 0
38 19 0 -92 92 0
38 19 -19 -91 91 182
38 19 0 -91 91 0
38 19 -60 -90 90 180
38 19 0 -90 90 0
38 19 3 -90 90 180
38 19 0 -89 89 0
38 19 0 -88 88 0
38 19 -19 -87 87 174
38 19 0 -87 87 0
38 19 0 -86 86 0
38 19 0 -85 85 0
38 19 0 -84 84 0
38 19 -19 -83 83 166
38 19 0 -83 83 0
38 19 0 -82 82 0
38 19 0 -81 81 0
38 19 -20 -80 80 60
38 19 0 -80 80 0
38 19 -19 -79 79 158
38 19 0 -79 79 0
38 19 0 -78 78 0
38 19 0 -77 77 0
38 19 0 -76 76 0
38 19 -19 -75 75 150
38 19 0 -75 75 0
38 19 0 -74 74 0
38 19 0 -73 73 0
38 19 0 -72 72 0
38 19 -19 -71 71 142
38 19 0 -71 71 0
38 19 0 -70 70 0
38 19 0 -69 69 0
38 19 0 -68 68 0
38 19 -19 -67 67 134
38 19 0 -67 67 0
38 19 0 -66 66 0
38 19 0 -65 65 0
38 19 0 -64 64 0
38 19 -19 -63 63 126
38 19 0 -63 63 0
38 19 0 -62 62 0
38 19 0 -61 61 0
38 19 0 -60 60 0
38 19 -59 -59 59 118
38 19 -19 -59 59 118
38 19 0 -59 59 0
38 19 2 -59 59 118
38 19 0 -58 58 0
38 19 0 -57 57 0
38 19 0 -56 56 0
38 19 -19 -55 55 110
38 19 0 -55 55 0
38 19 0 -54 54 0
38 19 0 -53 53 0
38 19 0 -52 52 0
38 19 -19 -51 51 102
38 19 0 -51 51 0
38 19 0 -50 50 0
38 19 0 -49 49 0
38 19 0 -48 48 0
38 19 -19 -47 47 94
38 19 0 -47 47 0
38 19 0 -46 46 0
38 19 0 -45 45 0
38 19 0 -44 44 0
38 19 -19 -43 43 86
38 19 0 -43 43 0
38 19 0 -42 42 0
38 19 0 -41 41 0
38 19 0 -40 40 0
38 19 -19 -39 39 78
38 19 0 -39 39 0
38 19 0 -38 38 0
38 19 0 -37 37 0
38 19 0 -36 36 0
38 19 -19 -35 35 70
38 19 0 -35 35 0
38 19 0 -34 34 0
38 19 0 -33 33 0
38 19 0 -32 32 0
38 19 -19 -31 31 62
38 19 0 -31 31 0
38 19 0 -30 30 0
38 19 -58 -29 29 58
38 19 0 -29 29 0
38 19 1 -29 29 58
38 19 0 -28 28 0
38 19 -19 -27 27 54
38 19 0 -27 27 0
38 19 0 -26 26 0
38 19 0 -25 25 0
38 19 0 -24 24 0
38 19 -19 -23 23 46
38 19 0 -23 23 0
38 19 0 -22 22 0
38 19 0 -21 21 0
38 19 0 -20 20 0
38 19 -19 -19 19 38
38 19 0 -19 19 0
38 19 0 -18 18 0
38 19 0 -17 17 0
38 19 0 -16 16 0
38 19 -19 -15 15 30
38 19 0 -15 15 0
38 19 0 -14 14 0
38 19 0 -13 13 0
38 19 0 -12 12 0
38 19 -19 -11 11 22
38 19 0 -11 11 0
38 19 0 -10 10 0
38 19 0 -9 9 0
38 19 0 -8 8 0
38 19 -19 -7 7 14
38 19 0 -7 7 0
38 19 0 -6 6 0
38 19 0 -5 5 0
38 19 0 -4 4 0
38 19 -19 -3 3 6
38 19 0 -3 3 0
38 19 0 -2 2 0
38 19 0 -1 1 0
38 19 -19 1 -1 -2
38 19 0 1 -1 0
38 19 0 2 -2 0
38 19 0 3 -3 0
38 19 0 4 -4 0
38 19 -19 5 -5 -10
38 19 0 5 -5 0
38 19 0 6 -6 0
38 19 0 7 -7 0
38 19 0 8 -8 0
38 19 -19 9 -9 -18
38 19 0 9 -9 0
38 19 0 10 -10 0
38 19 0 11 -11 0
38 19 0 12 -12 0
38 19 -19 13 -13 -26
38 19 0 13 -13 0
38 19 0 14 -14 0
38 19 0 15 -15 0
38 19 0 16 -16 0
38 19 -19 17 -17 -34
38 19 0 17 -17 0
38 19 0 18 -18 0
38 19 0 19 -19 0
38 19 0 20 -20 0
38 19 -19 21 -21 -42
38 19 0 21 -21 0
38 19 0 22 -22 0
38 19 0 23 -23 0
38 19 0 24 -24 0
38 19 -19 25 -25 -50
38 19 0 25 -25 0
38 19 0 26 -26 0
38 19 0 27 -27 0
38 19 -56 28 -28 -56
38 19 -1 28 -28 -56
38 19 0 28 -28 0
38 19 -19 29 -29 -58
38 19 0 29 -29 0
38 19 0 30 -30 0
38 19 0 31 -31 0
38 19 0 32 -32 0
38 19 -19 33 -33 -66
38 19 0 33 -33 0
38 19 0 34 -34 0
38 19 0 35 -35 0
38 19 0 36 -36 0
38 19 -19 37 -37 -74
38 19 0 37 -37 0
38 19 0 38 -38 0
38 19 0 39 -39 0
38 19 0 40 -40 0
38 19 -19 41 -41 -82
38 19 0 41 -41 0
38 19 0 42 -42 0
38 19 0 43 -43 0
38 19 0 44 -44 0
38 19 -19 45 -45 -90
38 19 0 45 -45 0
38 19 0 46 -46 0
38 19 0 47 -47 0
38 19 0 48 -48 0
38 19 -19 49 -49 -98
38 19 0 49 -49 0
38 19 0 50 -50 0
38 19 0 51 -51 0
38 19 0 52 -52 0
38 19 -19 53 -53 -106
38 19 0 53 -53 0
38 19 0 54 -54 0
38 19 -55 55 -55 -110
38 19 -2 55 -55 -110
38 19 0 55 -55 0
38 19 0 56 -56 0
38 19 -19 57 -57 -114
38 19 0 57 -57 0
38 19 0 58 -58 0
38 19 0 59 -59 0
38 19 0 60 -60 0
38 19 -19 61 -61 -122
38 19 0 61 -61 0
38 19 0 62 -62 0
38 19 0 63 -63 0
38 19 0 64 -64 0
38 19 -19 65 -65 -130
38 19 0 65 -65 0
38 19 0 66 -66 0
38 19 0 67 -67 0
38 19 0 68 -68 0
38 19 -19 69 -69 -138
38 19 0 69 -69 0
38 19 0 70 -70 0
38 19 0 71 -71 0
38 19 -18 72 -72 -54
38 19 0 72 -72 0
38 19 -19 73 -73 -146
38 19 0 73 -73 0
38 19 0 74 -74 0
38 19 0 75 -75 0
38 19 0 76 -76 0
38 19 -19 77 -77 -154
38 19 0 77 -77 0
38 19 0 78 -78 0
38 19 0 79 -79 0
38 19 0 80 -80 0
38 19 -54 81 -81 -162
38 19 -19 81 -81 -162
38 19 -3 81 -81 -162
38 19 0 81 -81 0
38 19 0 82 -82 0
38 19 0 83 -83 0
38 19 0 84 -84 0
38 19 -19 85 -85 -170
38 19 0 85 -85 0
38 19 0 86 -86 0
38 19 0 87 -87 0
38 19 0 88 -88 0
38 19 -19 89 -89 -178
38 19 0 89 -89 0
38 19 0 90 -90 0
38 19 0 91 -91 0
38 19 0 92 -92 0
38 19 -19 93 -93 -186
38 19 0 93 -93 0
38 19 0 94 -94 0
38 19 0 95 -95 0
38 19 0 96 -96 0
38 19 -19 97 -97 -194
38 19 0 97 -97 0
38 19 0 98 -98 0
38 19 0 99 -99 0
38 19 0 100 -100 0
38 19 -19 101 -101 -202
38 19 0 101 -101 0
38 19 0 102 -102 0
38 19 0 103 -103 0
38 19 0 104 -104 0
38 19 -19 105 -105 -210
38 19 0 105 -105 0
38 19 -53 106 -106 -212
38 19 -4 106 -106 -212
38 19 0 106 -106 0
38 19 0 107 -107 0
38 19 0 108 -108 0
38 19 -19 109 -109 -218
38 19 0 109 -109 0
38 19 0 110 -110 0
38 19 0 111 -111 0
38 19 0 112 -112 0
38 19 -19 113 -113 -226
38 19 0 113 -113 0
38 19 0 114 -114 0
38 19 0 115 -115 0
38 19 0 116 -116 0
38 19 -19 117 -117 -234
38 19 0 117 -117 0
38 19 0 118 -118 0
38 19 0 119 -119 0
38 19 0 120 -120 0
38 19 -19 121 -121 -242
38 19 0 121 -121 0
38 19 0 122 -122 0
38 19 0 123 -123 0
38 19 0 124 -124 0
38 19 -19 125 -125 -250
38 19 0 125 -125 0
38 19 0 126 -126 0
38 19 0 127 -127 0
38 19 0 128 -128 0
38 19 -19 129 -129 -258
38 19 0 129 -129 0
38 19 -52 130 -130 -260
38 19 -5 130 -130 -260
38 19 0 130 -130 0
38 19 0 131 -131 0
38 19 0 132 -132 0
38 19 -19 133 -133 -266
38 19 0 133 -133 0
38 19 0 134 -134 0
38 19 0 135 -135 0
38 19 -2 136 -136 -102
38 19 0 136 -136 0
38 19 -19 137 -137 -274
38 19 0 137 -137 0
38 19 0 138 -138 0
38 19 0 139 -139 0
38 19 0 140 -140 0
38 19 -19 141 -141 -282
38 19 0 141 -141 0
38 19 0 142 -142 0
38 19 0 143 -143 0
38 19 0 144 -144 0
38 19 -19 145 -145 -290
38 19 0 145 -145 0
38 19 0 146 -146 0
38 19 0 147 -147 0
38 19 0 148 -148 0
38 19 -19 149 -149 -298
38 19 0 149 -149 0
38 19 0 150 -150 0
40 20 0 -150 150 0
40 20 0 -149 149 0
40 20 -20 -148 148 296
40 20 0 -148 148 0
40 20 0 -147 147 0
40 20 0 -146 146 0
40 20 0 -145 145 0
40 20 -20 -144 144 288
40 20 0 -144 144 0
40 20 0 -143 143 0
40 20 0 -142 142 0
40 20 0 -141 141 0
40 20 -20 -140 140 280
40 20 0 -140 140 0
40 20 0 -139 139 0
40 20 0 -138 138 0
40 20 0 -137 137 0
40 20 -20 -136 136 272
40 20 0 -136 136 0
40 20 0 -135 135 0
40 20 0 -134 134 0
40 20 0 -133 133 0
40 20 -20 -132 132 264
40 20 0 -132 132 0
40 20 0 -131 131 0
40 20 0 -130 130 0
40 20 0 -129 129 0
40 20 -64 -128 128 256
40 20 -20 -128 128 256
40 20 0 -128 128 0
40 20 4 -128 128 256
40 20 0 -127 127 0
40 20 0 -126 126 0
40 20 0 -125 125 0
40 20 -20 -124 124 248
40 20 0 -124 124 0
40 20 0 -123 123 0
40 20 0 -122 122 0
40 20 0 -121 121 0
40 20 -20 -120 120 240
40 20 0 -120 120 0
40 20 0 -119 119 0
40 20 0 -118 118 0
40 20 0 -117 117 0
40 20 -20 -116 116 232
40 20 0 -116 116 0
40 20 0 -115 115 0
40 20 0 -114 114 0
40 20 0 -113 113 0
40 20 -20 -112 112 224
40 20 0 -112 112 0
40 20 0 -111 111 0
40 20 0 -110 110 0
40 20 0 -109 109 0
40 20 -20 -108 108 216
40 20 0 -108 108 0
40 20 0 -107 107 0
40 20 0 -106 106 0
40 20 0 -105 105 0
40 20 -20 -104 104 208
40 20 0 -104 104 0
40 20 0 -103 103 0
40 20 0 -102 102 0
40 20 0 -101 101 0
40 20 -20 -100 100 200
40 20 0 -100 100 0
40 20 0 -99 99 0
40 20 0 -98 98 0
40 20 0 -97 97 0
40 20 -20 -96 96 192
40 20 0 -96 96 0
40 20 0 -95 95 0
40 20 0 -94 94 0
40 20 0 -93 93 0
40 20 -20 -92 92 184
40 20 0 -92 92 0
40 20 0 -91 91 0
40 20 0 -90 90 0
40 20 0 -89 89 0
40 20 -20 -88 88 176
40 20 0 -88 88 0
40 20 0 -87 87 0
40 20 0 -86 86 0
40 20 0 -85 85 0
40 20 -20 -84 84 168
40 20 0 -84 84 0
40 20 0 -83 83 0
40 20 0 -82 82 0
40 20 0 -81 81 0
40 20 -20 -80 80 160
40 20 0 -80 80 0
40 20 0 -79 79 0
40 20 0 -78 78 0
40 20 0 -77 77 0
40 20 -20 -76 76 152
40 20 0 -76 76 0
40 20 0 -75 75 0
40 20 0 -74 74 0
40 20 0 -73 73 0
40 20 -20 -72 72 144
40 20 0 -72 72 0
40 20 0 -71 71 0
40 20 0 -70 70 0
40 20 0 -69 69 0
40 20 -20 -68 68 136
40 20 0 -68 68 0
40 20 0 -67 67 0
40 20 0 -66 66 0
40 20 0 -65 65 0
40 20 -20 -64 64 128
40 20 0 -64 64 0
40 20 0 -63 63 0
40 20 -62 -62 62 124
40 20 0 -62 62 0
40 20 2 -62 62 124
40 20 0 -61 61 0
40 20 -20 -60 60 120
40 20 0 -60 60 0
40 20 0 -59 59 0
40 20 0 -58 58 0
40 20 0 -57 57 0
40 20 -20 -56 56 112
40 20 0 -56 56 0
40 20 0 -55 55 0
40 20 0 -54 54 0
40 20 0 -53 53 0
40 20 -20 -52 52 104
40 20 0 -52 52 0
40 20 0 -51 51 0
40 20 0 -50 50 0
40 20 0 -49 49 0
40 20 -20 -48 48 96
40 20 0 -48 48 0
40 20 0 -47 47 0
40 20 0 -46 46 0
40 20 0 -45 45 0
40 20 -20 -44 44 88
40 20 0 -44 44 0
40 20 0 -43 43 0
40 20 0 -42 42 0
40 20 0 -41 41 0
40 20 -20 -40 40 80
40 20 0 -40 40 0
40 20 0 -39 39 0
40 20 0 -38 38 0
40 20 0 -37 37 0
40 20 -20 -36 36 72
40 20 0 -36 36 0
40 20 0 -35 35 0
40 20 0 -34 34 0
40 20 0 -33 33 0
40 20 -20 -32 32 64
40 20 0 -32 32 0
40 20 0 -31 31 0
40 20 0 -30 30 0
40 20 0 -29 29 0
40 20 -20 -28 28 56
40 20 0 -28 28 0
40 20 0 -27 27 0
40 20 0 -26 26 0
40 20 0 -25 25 0
40 20 -20 -24 24 48
40 20 0 -24 24 0
40 20 0 -23 23 0
40 20 0 -22 22 0
40 20 0 -21 21 0
40 20 -20 -20 20 40
40 20 0 -20 20 0
40 20 0 -19 19 0
40 20 0 -18 18 0
40 20 0 -17 17 0
40 20 -20 -16 16 32
40 20 0 -16 16 0
40 20 0 -15 15 0
40 20 0 -14 14 0
40 20 0 -13 13 0
40 20 -20 -12 12 24
40 20 0 -12 12 0
40 20 0 -11 11 0
40 20 0 -10 10 0
40 20 0 -9 9 0
40 20 -20 -8 8 16
40 20 0 -8 8 0
40 20 0 -7 7 0
40 20 0 -6 6 0
40 20 0 -5 5 0
40 20 -20 -4 4 8
40 20 0 -4 4 0
40 20 0 -3 3 0
40 20 0 -2 2 0
40 20 0 -1 1 0
40 20 0 1 -1 0
40 20 0 2 -2 0
40 20 0 3 -3 0
40 20 -20 4 -4 -8
40 20 0 4 -4 0
40 20 0 5 -5 0
40 20 0 6 -6 0
40 20 0 7 -7 0
40 20 -20 8 -8 -16
40 20 0 8 -8 0
40 20 0 9 -9 0
40 20 0 10 -10 0
40 20 0 11 -11 0
40 20 -20 12 -12 -24
40 20 0 12 -12 0
40 20 0 13 -13 0
40 20 0 14 -14 0
40 20 0 15 -15 0
40 20 -20 16 -16 -32
40 20 0 16 -16 0
40 20 0 17 -17 0
40 20 0 18 -18 0
40 20 0 19 -19 0
40 20 -20 20 -20 -40
40 20 0 20 -20 0
40 20 0 21 -21 0
40 20 0 22 -22 0
40 20 0 23 -23 0
40 20 -20 24 -24 -48
40 20 0 24 -24 0
40 20 0 25 -25 0
40 20 0 26 -26 0
40 20 0 27 -27 0
40 20 -20 28 -28 -56
40 20 0 28 -28 0
40 20 0 29 -29 0
40 20 0 30 -30 0
40 20 0 31 -31 0
40 20 -20 32 -32 -64
40 20 0 32 -32 0
40 20 0 33 -33 0
40 20 0 34 -34 0
40 20 0 35 -35 0
40 20 -20 36 -36 -72
40 20 0 36 -36 0
40 20 0 37 -37 0
40 20 0 38 -38 0
40 20 0 39 -39 0
40 20 -20 40 -40 -80
40 20 0 40 -40 0
40 20 0 41 -41 0
40 20 0 42 -42 0
40 20 0 43 -43 0
40 20 -20 44 -44 -88
40 20 0 44 -44 0
40 20 0 45 -45 0
40 20 0 46 -46 0
40 20 0 47 -47 0
40 20 -20 48 -48 -96
40 20 0 48 -48 0
40 20 0 49 -49 0
40 20 0 50 -50 0
40 20 0 51 -51 0
40 20 -20 52 -52 -104
40 20 0 52 -52 0
40 20 0 53 -53 0
40 20 0 54 -54 0
40 20 0 55 -55 0
40 20 -20 56 -56 -112
40 20 0 56 -56 0
40 20 0 57 -57 0
40 20 -58 58 -58 -116
40 20 -2 58 -58 -116
40 20 0 58 -58 0
40 20 0 59 -59 0
40 20 -20 60 -60 -120
40 20 0 60 -60 0
40 20 0 61 -61 0
40 20 0 62 -62 0
40 20 0 63 -63 0
40 20 -20 64 -64 -128
40 20 0 64 -64 0
40 20 0 65 -65 0
40 20 0 66 -66 0
40 20 0 67 -67 0
40 20 -20 68 -68 -136
40 20 0 68 -68 0
40 20 0 69 -69 0
40 20 0 70 -70 0
40 20 0 71 -71 0
40 20 -20 72 -72 -144
40 20 0 72 -72 0
40 20 0 73 -73 0
40 20 0 74 -74 0
40 20 0 75 -75 0
40 20 -20 76 -76 -152
40 20 0 76 -76 0
40 20 0 77 -77 0
40 20 0 78 -78 0
40 20 0 79 -79 0
40 20 -20 80 -80 -160
40 20 0 80 -80 0
40 20 0 81 -81 0
40 20 0 82 -82 0
40 20 0 83 -83 0
40 20 -20 84 -84 -168
40 20 0 84 -84 0
40 20 0 85 -85 0
40 20 0 86 -86 0
40 20 0 87 -87 0
40 20 -20 88 -88 -176
40 20 0 88 -88 0
40 20 0 89 -89 0
40 20 0 90 -90 0
40 20 0 91 -91 0
40 20 -20 92 -92 -184
40 20 0 92 -92 0
40 20 0 93 -93 0
40 20 0 94 -94 0
40 20 0 95 -95 0
40 20 -20 96 -96 -192
40 20 0 96 -96 0
40 20 0 97 -97 0
40 20 0 98 -98 0
40 20 0 99 -99 0
40 20 -20 100 -100 -200
40 20 0 100 -100 0
40 20 0 101 -101 0
40 20 0 102 -102 0
40 20 0 103 -103 0
40 20 -20 104 -104 -208
40 20 0 104 -104 0
40 20 0 105 -105 0
40 20 0 106 -106 0
40 20 0 107 -107 0
40 20 -20 108 -108 -216
40 20 0 108 -108 0
40 20 0 109 -109 0
40 20 0 110 -110 0
40 20 0 111 -111 0
40 20 -56 112 -112 -224
40 20 -20 112 -112 -224
40 20 -4 112 -112 -224
40 20 0 112 -112 0
40 20 0 113 -113 0
40 20 0 114 -114 0
40 20 0 115 -115 0
40 20 -20 116 -116 -232
40 20 0 116 -116 0
40 20 0 117 -117 0
40 20 0 118 -118 0
40 20 0 119 -119 0
40 20 -20 120 -120 -240
40 20 0 120 -120 0
40 20 0 121 -121 0
40 20 0 122 -122 0
40 20 0 123 -123 0
40 20 -20 124 -124 -248
40 20 0 124 -124 0
40 20 0 125 -125 0
40 20 0 126 -126 0
40 20 0 127 -127 0
40 20 -20 128 -128 -256
40 20 0 128 -128 0
40 20 0 129 -129 0
40 20 0 130 -130 0
40 20 0 131 -131 0
40 20 -20 132 -132 -264
40 20 0 132 -132 0
40 20 0 133 -133 0
40 20 0 134 -134 0
40 20 0 135 -135 0
40 20 -20 136 -136 -272
40 20 0 136 -136 0
40 20 0 137 -137 0
40 20 0 138 -138 0
40 20 0 139 -139 0
40 20 -20 140 -140 -280
40 20 0 140 -140 0
40 20 0 141 -141 0
40 20 0 142 -142 0
40 20 0 143 -143 0
40 20 -20 144 -144 -288
40 20 -18 144 -144 -108
40 20 -2 144 -144 -108
40 20 0 144 -144 0
40 20 0 145 -145 0
40 20 0 146 -146 0
40 20 0 147 -147 0
40 20 -20 148 -148 -296
40 20 0 148 -148 0
40 20 0 149 -149 0
40 20 0 150 -150 0
42 21 0 -150 150 0
42 21 0 -149 149 0
42 21 0 -148 148 0
42 21 -21 -147 147 294
42 21 0 -147 147 0
42 21 0 -146 146 0
42 21 0 -145 145 0
42 21 0 -144 144 0
42 21 -21 -143 143 286
42 21 0 -143 143 0
42 21 0 -142 142 0
42 21 0 -141 141 0
42 21 0 -140 140 0
42 21 -21 -139 139 278
42 21 0 -139 139 0
42 21 0 -138 138 0
42 21 0 -137 137 0
42 21 0 -136 136 0
42 21 -21 -135 135 270
42 21 0 -135 135 0
42 21 -67 -134 134 268
42 21 0 -134 134 0
42 21 4 -134 134 268
42 21 0 -133 133 0
42 21 0 -132 132 0
42 21 -21 -131 131 262
42 21 0 -131 131 0
42 21 0 -130 130 0
42 21 0 -129 129 0
42 21 0 -128 128 0
42 21 -21 -127 127 254
42 21 0 -127 127 0
42 21 0 -126 126 0
42 21 0 -125 125 0
42 21 0 -124 124 0
42 21 -21 -123 123 246
42 21 0 -123 123 0
42 21 0 -122 122 0
42 21 0 -121 121 0
42 21 0 -120 120 0
42 21 -21 -119 119 238
42 21 0 -119 119 0
42 21 0 -118 118 0
42 21 0 -117 117 0
42 21 0 -116 116 0
42 21 -21 -115 115 230
42 21 0 -115 115 0
42 21 0 -114 114 0
42 21 0 -113 113 0
42 21 0 -112 112 0
42 21 -21 -111 111 222
42 21 0 -111 111 0
42 21 0 -110 110 0
42 21 0 -109 109 0
42 21 0 -108 108 0
42 21 -21 -107 107 214
42 21 0 -107 107 0
42 21 0 -106 106 0
42 21 0 -105 105 0
42 21 0 -104 104 0
42 21 -21 -103 103 206
42 21 0 -103 103 0
42 21 0 -102 102 0
42 21 0 -101 101 0
42 21 0 -100 100 0
42 21 -66 -99 99 198
42 21 -21 -99 99 198
42 21 0 -99 99 0
42 21 3 -99 99 198
42 21 0 -98 98 0
42 21 0 -97 97 0
42 21 0 -96 96 0
42 21 -21 -95 95 190
42 21 0 -95 95 0
42 21 0 -94 94 0
42 21 0 -93 93 0
42 21 0 -92 92 0
42 21 -21 -91 91 182
42 21 0 -91 91 0
42 21 0 -90 90 0
42 21 0 -89 89 0
42 21 -22 -88 88 66
42 21 0 -88 88 0
42 21 -21 -87 87 174
42 21 0 -87 87 0
42 21 0 -86 86 0
42 21 0 -85 85 0
42 21 0 -84 84 0
42 21 -21 -83 83 166
42 21 0 -83 83 0
42 21 0 -82 82 0
42 21 0 -81 81 0
42 21 0 -80 80 0
42 21 -21 -79 79 158
42 21 0 -79 79 0
42 21 0 -78 78 0
42 21 0 -77 77 0
42 21 0 -76 76 0
42 21 -21 -75 75 150
42 21 0 -75 75 0
42 21 0 -74 74 0
42 21 0 -73 73 0
42 21 0 -72 72 0
42 21 -21 -71 71 142
42 21 0 -71 71 0
42 21 0 -70 70 0
42 21 0 -69 69 0
42 21 0 -68 68 0
42 21 -21 -67 67 134
42 21 0 -67 67 0
42 21 0 -66 66 0
42 21 -65 -65 65 130
42 21 0 -65 65 0
42 21 2 -65 65 130
42 21 0 -64 64 0
42 21 -21 -63 63 126
42 21 0 -63 63 0
42 21 0 -62 62 0
42 21 0 -61 61 0
42 21 0 -60 60 0
42 21 -21 -59 59 118
42 21 0 -59 59 0
42 21 0 -58 58 0
42 21 0 -57 57 0
42 21 0 -56 56 0
42 21 -21 -55 55 110
42 21 0 -55 55 0
42 21 0 -54 54 0
42 21 0 -53 53 0
42 21 0 -52 52 0
42 21 -21 -51 51 102
42 21 0 -51 51 0
42 21 0 -50 50 0
42 21 0 -49 49 0
42 21 0 -48 48 0
42 21 -21 -47 47 94
42 21 0 -47 47 0
42 21 0 -46 46 0
42 21 0 -45 45 0
42 21 0 -44 44 0
42 21 -21 -43 43 86
42 21 0 -43 43 0
42 21 0 -42 42 0
42 21 0 -41 41 0
42 21 0 -40 40 0
42 21 -21 -39 39 78
42 21 0 -39 39 0
42 21 0 -38 38 0
42 21 0 -37 37 0
42 21 0 -36 36 0
42 21 -21 -35 35 70
42 21 0 -35 35 0
42 21 0 -34 34 0
42 21 0 -33 33 0
42 21 -64 -32 32 64
42 21 0 -32 32 0
42 21 1 -32 32 64
42 21 -21 -31 31 62
42 21 0 -31 31 0
42 21 0 -30 30 0
42 21 0 -29 29 0
42 21 0 -28 28 0
42 21 -21 -27 27 54
42 21 0 -27 27 0
42 21 0 -26 26 0
42 21 0 -25 25 0
42 21 0 -24 24 0
42 21 -21 -23 23 46
42 21 0 -23 23 0
42 21 0 -22 22 0
42 21 0 -21 21 0
42 21 0 -20 20 0
42 21 -21 -19 19 38
42 21 0 -19 19 0
42 21 0 -18 18 0
42 21 0 -17 17 0
42 21 0 -16 16 0
42 21 -21 -15 15 30
42 21 0 -15 15 0
42 21 0 -14 14 0
42 21 0 -13 13 0
42 21 0 -12 12 0
42 21 -21 -11 11 22
42 21 0 -11 11 0
42 21 0 -10 10 0
42 21 0 -9 9 0
42 21 0 -8 8 0
42 21 -21 -7 7 14
42 21 0 -7 7 0
42 21 0 -6 6 0
42 21 0 -5 5 0
42 21 0 -4 4 0
42 21 -21 -3 3 6
42 21 0 -3 3 0
42 21 0 -2 2 0
42 21 0 -1 1 0
42 21 -21 1 -1 -2
42 21 0 1 -1 0
42 21 0 2 -2 0
42 21 0 3 -3 0
42 21 0 4 -4 0
42 21 -21 5 -5 -10
42 21 0 5 -5 0
42 21 0 6 -6 0
42 21 0 7 -7 0
42 21 0 8 -8 0
42 21 -21 9 -9 -18
42 21 0 9 -9 0
42 21 0 10 -10 0
42 21 0 11 -11 0
42 21 0 12 -12 0
42 21 -21 13 -13 -26
42 21 0 13 -13 0
42 21 0 14 -14 0
42 21 0 15 -15 0
42 21 0 16 -16 0
42 21 -21 17 -17 -34
42 21 0 17 -17 0
42 21 0 18 -18 0
42 21 0 19 -19 0
42 21 0 20 -20 0
42 21 -21 21 -21 -42
42 21 0 21 -21 0
42 21 0 22 -22 0
42 21 0 23 -23 0
42 21 0 24 -24 0
42 21 -21 25 -25 -50
42 21 0 25 -25 0
42 21 0 26 -26 0
42 21 0 27 -27 0
42 21 0 28 -28 0
42 21 -21 29 -29 -58
42 21 0 29 -29 0
42 21 0 30 -30 0
42 21 -62 31 -31 -62
42 21 -1 31 -31 -62
42 21 0 31 -31 0
42 21 0 32 -32 0
42 21 -21 33 -33 -66
42 21 0 33 -33 0
42 21 0 34 -34 0
42 21 0 35 -35 0
42 21 0 36 -36 0
42 21 -21 37 -37 -74
42 21 0 37 -37 0
42 21 0 38 -38 0
42 21 0 39 -39 0
42 21 0 40 -40 0
42 21 -21 41 -41 -82
42 21 0 41 -41 0
42 21 0 42 -42 0
42 21 0 43 -43 0
42 21 0 44 -44 0
42 21 -21 45 -45 -90
42 21 0 45 -45 0
42 21 0 46 -46 0
42 21 0 47 -47 0
42 21 0 48 -48 0
42 21 -21 49 -49 -98
42 21 0 49 -49 0
42 21 0 50 -50 0
42 21 0 51 -51 0
42 21 0 52 -52 0
42 21 -21 53 -53 -106
42 21 0 53 -53 0
42 21 0 54 -54 0
42 21 0 55 -55 0
42 21 0 56 -56 0
42 21 -21 57 -57 -114
42 21 0 57 -57 0
42 21 0 58 -58 0
42 21 0 59 -59 0
42 21 0 60 -60 0
42 21 -61 61 -61 -122
42 21 -21 61 -61 -122
42 21 -2 61 -61 -122
42 21 0 61 -61 0
42 21 0 62 -62 0
42 21 0 63 -63 0
42 21 0 64 -64 0
42 21 -21 65 -65 -130
42 21 0 65 -65 0
42 21 0 66 -66 0
42 21 0 67 -67 0
42 21 0 68 -68 0
42 21 -21 69 -69 -138
42 21 0 69 -69 0
42 21 0 70 -70 0
42 21 0 71 -71 0
42 21 0 72 -72 0
42 21 -21 73 -73 -146
42 21 0 73 -73 0
42 21 0 74 -74 0
42 21 0 75 -75 0
42 21 0 76 -76 0
42 21 -21 77 -77 -154
42 21 0 77 -77 0
42 21 0 78 -78 0
42 21 0 79 -79 0
42 21 -20 80 -80 -60
42 21 0 80 -80 0
42 21 -21 81 -81 -162
42 21 0 81 -81 0
42 21 0 82 -82 0
42 21 0 83 -83 0
42 21 0 84 -84 0
42 21 -21 85 -85 -170
42 21 0 85 -85 0
42 21 0 86 -86 0
42 21 0 87 -87 0
42 21 0 88 -88 0
42 21 -21 89 -89 -178
42 21 0 89 -89 0
42 21 -60 90 -90 -180
42 21 -3 90 -90 -180
42 21 0 90 -90 0
42 21 0 91 -91 0
42 21 0 92 -92 0
42 21 -21 93 -93 -186
42 21 0 93 -93 0
42 21 0 94 -94 0
42 21 0 95 -95 0
42 21 0 96 -96 0
42 21 -21 97 -97 -194
42 21 0 97 -97 0
42 21 0 98 -98 0
42 21 0 99 -99 0
42 21 0 100 -100 0
42 21 -21 101 -101 -202
42 21 0 101 -101 0
42 21 0 102 -102 0
42 21 0 103 -103 0
42 21 0 104 -104 0
42 21 -21 105 -105 -210
42 21 0 105 -105 0
42 21 0 106 -106 0
42 21 0 107 -107 0
42 21 0 108 -108 0
42 21 -21 109 -109 -218
42 21 0 109 -109 0
42 21 0 110 -110 0
42 21 0 111 -111 0
42 21 0 112 -112 0
42 21 -21 113 -113 -226
42 21 0 113 -113 0
42 21 0 114 -114 0
42 21 0 115 -115 0
42 21 0 116 -116 0
42 21 -21 117 -117 -234
42 21 0 117 -117 0
42 21 -59 118 -118 -236
42 21 -4 118 -118 -236
42 21 0 118 -118 0
42 21 0 119 -119 0
42 21 0 120 -120 0
42 21 -21 121 -121 -242
42 21 0 121 -121 0
42 21 0 122 -122 0
42 21 0 123 -123 0
42 21 0 124 -124 0
42 21 -21 125 -125 -250
42 21 0 125 -125 0
42 21 0 126 -126 0
42 21 0 127 -127 0
42 21 0 128 -128 0
42 21 -21 129 -129 -258
42 21 0 129 -129 0
42 21 0 130 -130 0
42 21 0 131 -131 0
42 21 0 132 -132 0
42 21 -21 133 -133 -266
42 21 0 133 -133 0
42 21 0 134 -134 0
42 21 0 135 -135 0
42 21 0 136 -136 0
42 21 -21 137 -137 -274
42 21 0 137 -137 0
42 21 0 138 -138 0
42 21 0 139 -139 0
42 21 0 140 -140 0
42 21 -21 141 -141 -282
42 21 0 141 -141 0
42 21 0 142 -142 0
42 21 0 143 -143 0
42 21 0 144 -144 0
42 21 -58 145 -145 -290
42 21 -21 145 -145 -290
42 21 -5 145 -145 -290
42 21 0 145 -145 0
42 21 0 146 -146 0
42 21 0 147 -147 0
42 21 0 148 -148 0
42 21 -21 149 -149 -298
42 21 0 149 -149 0
42 21 0 150 -150 0
44 22 0 -150 150 0
44 22 0 -149 149 0
44 22 -22 -148 148 296
44 22 0 -148 148 0
44 22 0 -147 147 0
44 22 0 -146 146 0
44 22 0 -145 145 0
44 22 -22 -144 144 288
44 22 0 -144 144 0
44 22 0 -143 143 0
44 22 0 -142 142 0
44 22 0 -141 141 0
44 22 -70 -140 140 280
44 22 -22 -140 140 280
44 22 0 -140 140 0
44 22 4 -140 140 280
44 22 0 -139 139 0
44 22 0 -138 138 0
44 22 0 -137 137 0
44 22 -22 -136 136 272
44 22 0 -136 136 0
44 22 0 -135 135 0
44 22 0 -134 134 0
44 22 0 -133 133 0
44 22 -22 -132 132 264
44 22 0 -132 132 0
44 22 0 -131 131 0
44 22 0 -130 130 0
44 22 0 -129 129 0
44 22 -22 -128 128 256
44 22 0 -128 128 0
44 22 0 -127 127 0
44 22 0 -126 126 0
44 22 0 -125 125 0
44 22 -22 -124 124 248
44 22 0 -124 124 0
44 22 0 -123 123 0
44 22 0 -122 122 0
44 22 0 -121 121 0
44 22 -22 -120 120 240
44 22 0 -120 120 0
44 22 0 -119 119 0
44 22 0 -118 118 0
44 22 0 -117 117 0
44 22 -22 -116 116 232
44 22 0 -116 116 0
44 22 0 -115 115 0
44 22 0 -114 114 0
44 22 0 -113 113 0
44 22 -22 -112 112 224
44 22 0 -112 112 0
44 22 0 -111 111 0
44 22 0 -110 110 0
44 22 0 -109 109 0
44 22 -22 -108 108 216
44 22 0 -108 108 0
44 22 0 -107 107 0
44 22 0 -106 106 0
44 22 0 -105 105 0
44 22 -22 -104 104 208
44 22 0 -104 104 0
44 22 0 -103 103 0
44 22 0 -102 102 0
44 22 0 -101 101 0
44 22 -22 -100 100 200
44 22 0 -100 100 0
44 22 0 -99 99 0
44 22 0 -98 98 0
44 22 0 -97 97 0
44 22 -22 -96 96 192
44 22 0 -96 96 0
44 22 0 -95 95 0
44 22 0 -94 94 0
44 22 0 -93 93 0
44 22 -22 -92 92 184
44 22 0 -92 92 0
44 22 0 -91 91 0
44 22 0 -90 90 0
44 22 0 -89 89 0
44 22 -22 -88 88 176
44 22 0 -88 88 0
44 22 0 -87 87 0
44 22 0 -86 86 0
44 22 0 -85 85 0
44 22 -22 -84 84 168
44 22 0 -84 84 0
44 22 0 -83 83 0
44 22 0 -82 82 0
44 22 0 -81 81 0
44 22 -22 -80 80 160
44 22 0 -80 80 0
44 22 0 -79 79 0
44 22 0 -78 78 0
44 22 0 -77 77 0
44 22 -22 -76 76 152
44 22 0 -76 76 0
44 22 0 -75 75 0
44 22 0 -74 74 0
44 22 0 -73 73 0
44 22 -22 -72 72 144
44 22 0 -72 72 0
44 22 0 -71 71 0
44 22 0 -70 70 0
44 22 0 -69 69 0
44 22 -68 -68 68 136
44 22 -22 -68 68 136
44 22 0 -68 68 0
44 22 2 -68 68 136
44 22 0 -67 67 0
44 22 0 -66 66 0
44 22 0 -65 65 0
44 22 -22 -64 64 128
44 22 0 -64 64 0
44 22 0 -63 63 0
44 22 0 -62 62 0
44 22 0 -61 61 0
44 22 -22 -60 60 120
44 22 0 -60 60 0
44 22 0 -59 59 0
44 22 0 -58 58 0
44 22 0 -57 57 0
44 22 -22 -56 56 112
44 22 0 -56 56 0
44 22 0 -55 55 0
44 22 0 -54 54 0
44 22 0 -53 53 0
44 22 -22 -52 52 104
44 22 0 -52 52 0
44 22 0 -51 51 0
44 22 0 -50 50 0
44 22 0 -49 49 0
44 22 -22 -48 48 96
44 22 0 -48 48 0
44 22 0 -47 47 0
44 22 0 -46 46 0
44 22 0 -45 45 0
44 22 -22 -44 44 88
44 22 0 -44 44 0
44 22 0 -43 43 0
44 22 0 -42 42 0
44 22 0 -41 41 0
44 22 -22 -40 40 80
44 22 0 -40 40 0
44 22 0 -39 39 0
44 22 0 -38 38 0
44 22 0 -37 37 0
44 22 -22 -36 36 72
44 22 0 -36 36 0
44 22 0 -35 35 0
44 22 0 -34 34 0
44 22 0 -33 33 0
44 22 -22 -32 32 64
44 22 0 -32 32 0
44 22 0 -31 31 0
44 22 0 -30 30 0
44 22 0 -29 29 0
44 22 -22 -28 28 56
44 22 0 -28 28 0
44 22 0 -27 27 0
44 22 0 -26 26 0
44 22 0 -25 25 0
44 22 -22 -24 24 48
44 22 0 -24 24 0
44 22 0 -23 23 0
44 22 0 -22 22 0
44 22 0 -21 21 0
44 22 -22 -20 20 40
44 22 0 -20 20 0
44 22 0 -19 19 0
44 22 0 -18 18 0
44 22 0 -17 17 0
44 22 -22 -16 16 32
44 22 0 -16 16 0
44 22 0 -15 15 0
44 22 0 -14 14 0
44 22 0 -13 13 0
44 22 -22 -12 12 24
44 22 0 -12 12 0
44 22 0 -11 11 0
44 22 0 -10 10 0
44 22 0 -9 9 0
44 22 -22 -8 8 16
44 22 0 -8 8 0
44 22 0 -7 7 0
44 22 0 -6 6 0
44 22 0 -5 5 0
44 22 -22 -4 4 8
44 22 0 -4 4 0
44 22 0 -3 3 0
44 22 0 -2 2 0
44 22 0 -1 1 0
44 22 0 1 -1 0
44 22 0 2 -2 0
44 22 0 3 -3 0
44 22 -22 4 -4 -8
44 22 0 4 -4 0
44 22 0 5 -5 0
44 22 0 6 -6 0
44 22 0 7 -7 0
44 22 -22 8 -8 -16
44 22 0 8 -8 0
44 22 0 9 -9 0
44 22 0 10 -10 0
44 22 0 11 -11 0
44 22 -22 12 -12 -24
44 22 0 12 -12 0
44 22 0 13 -13 0
44 22 0 14 -14 0
44 22 0 15 -15 0
44 22 -22 16 -16 -32
44 22 0 16 -16 0
44 22 0 17 -17 0
44 22 0 18 -18 0
44 22 0 19 -19 0
44 22 -22 20 -20 -40
44 22 0 20 -20 0
44 22 0 21 -21 0
44 22 0 22 -22 0
44 22 0 23 -23 0
44 22 -22 24 -24 -48
44 22 0 24 -24 0
44 22 0 25 -25 0
44 22 0 26 -26 0
44 22 0 27 -27 0
44 22 -22 28 -28 -56
44 22 0 28 -28 0
44 22 0 29 -29 0
44 22 0 30 -30 0
44 22 0 31 -31 0
44 22 -22 32 -32 -64
44 22 0 32 -32 0
44 22 0 33 -33 0
44 22 0 34 -34 0
44 22 0 35 -35 0
44 22 -22 36 -36 -72
44 22 0 36 -36 0
44 22 0 37 -37 0
44 22 0 38 -38 0
44 22 0 39 -39 0
44 22 -22 40 -40 -80
44 22 0 40 -40 0
44 22 0 41 -41 0
44 22 0 42 -42 0
44 22 0 43 -43 0
44 22 -22 44 -44 -88
44 22 0 44 -44 0
44 22 0 45 -45 0
44 22 0 46 -46 0
44 22 0 47 -47 0
44 22 -22 48 -48 -96
44 22 0 48 -48 0
44 22 0 49 -49 0
44 22 0 50 -50 0
44 22 0 51 -51 0
44 22 -22 52 -52 -104
44 22 0 52 -52 0
44 22 0 53 -53 0
44 22 0 54 -54 0
44 22 0 55 -55 0
44 22 -22 56 -56 -112
44 22 0 56 -56 0
44 22 0 57 -57 0
44 22 0 58 -58 0
44 22 0 59 -59 0
44 22 -22 60 -60 -120
44 22 0 60 -60 0
44 22 0 61 -61 0
44 22 0 62 -62 0
44 22 0 63 -63 0
44 22 -64 64 -64 -128
44 22 -22 64 -64 -128
44 22 -2 64 -64 -128
44 22 0 64 -64 0
44 22 0 65 -65 0
44 22 0 66 -66 0
44 22 0 67 -67 0
44 22 -22 68 -68 -136
44 22 0 68 -68 0
44 22 0 69 -69 0
44 22 0 70 -70 0
44 22 0 71 -71 0
44 22 -22 72 -72 -144
44 22 0 72 -72 0
44 22 0 73 -73 0
44 22 0 74 -74 0
44 22 0 75 -75 0
44 22 -22 76 -76 -152
44 22 0 76 -76 0
44 22 0 77 -77 0
44 22 0 78 -78 0
44 22 0 79 -79 0
44 22 -22 80 -80 -160
44 22 0 80 -80 0
44 22 0 81 -81 0
44 22 0 82 -82 0
44 22 0 83 -83 0
44 22 -22 84 -84 -168
44 22 0 84 -84 0
44 22 0 85 -85 0
44 22 0 86 -86 0
44 22 0 87 -87 0
44 22 -22 88 -88 -176
44 22 0 88 -88 0
44 22 0 89 -89 0
44 22 0 90 -90 0
44 22 0 91 -91 0
44 22 -22 92 -92 -184
44 22 0 92 -92 0
44 22 0 93 -93 0
44 22 0 94 -94 0
44 22 0 95 -95 0
44 22 -22 96 -96 -192
44 22 0 96 -96 0
44 22 0 97 -97 0
44 22 0 98 -98 0
44 22 0 99 -99 0
44 22 -22 100 -100 -200
44 22 0 100 -100 0
44 22 0 101 -101 0
44 22 0 102 -102 0
44 22 0 103 -103 0
44 22 -22 104 -104 -208
44 22 0 104 -104 0
44 22 0 105 -105 0
44 22 0 106 -106 0
44 22 0 107 -107 0
44 22 -22 108 -108 -216
44 22 0 108 -108 0
44 22 0 109 -109 0
44 22 0 110 -110 0
44 22 0 111 -111 0
44 22 -22 112 -112 -224
44 22 0 112 -112 0
44 22 0 113 -113 0
44 22 0 114 -114 0
44 22 0 115 -115 0
44 22 -22 116 -116 -232
44 22 0 116 -116 0
44 22 0 117 -117 0
44 22 0 118 -118 0
44 22 0 119 -119 0
44 22 -22 120 -120 -240
44 22 0 120 -120 0
44 22 0 121 -121 0
44 22 0 122 -122 0
44 22 0 123 -123 0
44 22 -62 124 -124 -248
44 22 -22 124 -124 -248
44 22 -4 124 -124 -248
44 22 0 124 -124 0
44 22 0 125 -125 0
44 22 0 126 -126 0
44 22 0 127 -127 0
44 22 -22 128 -128 -256
44 22 0 128 -128 0
44 22 0 129 -129 0
44 22 0 130 -130 0
44 22 0 131 -131 0
44 22 -22 132 -132 -264
44 22 0 132 -132 0
44 22 0 133 -133 0
44 22 0 134 -134 0
44 22 0 135 -135 0
44 22 -22 136 -136 -272
44 22 0 136 -136 0
44 22 0 137 -137 0
44 22 0 138 -138 0
44 22 0 139 -139 0
44 22 -22 140 -140 -280
44 22 0 140 -140 0
44 22 0 141 -141 0
44 22 0 142 -142 0
44 22 0 143 -143 0
44 22 -22 144 -144 -288
44 22 0 144 -144 0
44 22 0 145 -145 0
44 22 0 146 -146 0
44 22 0 147 -147 0
44 22 -22 148 -148 -296
44 22 0 148 -148 0
44 22 0 149 -149 0
44 22 0 150 -150 0
46 23 0 -150 150 0
46 23 0 -149 149 0
46 23 0 -148 148 0
46 23 -23 -147 147 294
46 23 0 -147 147 0
46 23 -73 -146 146 292
46 23 0 -146 146 0
46 23 4 -146 146 292
46 23 0 -145 145 0
46 23 0 -144 144 0
46 23 -23 -143 143 286
46 23 0 -143 143 0
46 23 0 -142 142 0
46 23 0 -141 141 0
46 23 0 -140 140 0
46 23 -23 -139 139 278
46 23 0 -139 139 0
46 23 0 -138 138 0
46 23 0 -137 137 0
46 23 0 -136 136 0
46 23 -23 -135 135 270
46 23 0 -135 135 0
46 23 0 -134 134 0
46 23 0 -133 133 0
46 23 0 -132 132 0
46 23 -23 -131 131 262
46 23 0 -131 131 0
46 23 0 -130 130 0
46 23 0 -129 129 0
46 23 0 -128 128 0
46 23 -23 -127 127 254
46 23 0 -127 127 0
46 23 0 -126 126 0
46 23 0 -125 125 0
46 23 0 -124 124 0
46 23 -23 -123 123 246
46 23 0 -123 123 0
46 23 0 -122 122 0
46 23 0 -121 121 0
46 23 0 -120 120 0
46 23 -23 -119 119 238
46 23 0 -119 119 0
46 23 0 -118 118 0
46 23 0 -117 117 0
46 23 0 -116 116 0
46 23 -23 -115 115 230
46 23 0 -115 115 0
46 23 0 -114 114 0
46 23 0 -113 113 0
46 23 0 -112 112 0
46 23 -23 -111 111 222
46 23 0 -111 111 0
46 23 0 -110 110 0
46 23 0 -109 109 0
46 23 -72 -108 108 216
46 23 0 -108 108 0
46 23 3 -108 108 216
46 23 -23 -107 107 214
46 23 0 -107 107 0
46 23 0 -106 106 0
46 23 0 -105 105 0
46 23 0 -104 104 0
46 23 -23 -103 103 206
46 23 0 -103 103 0
46 23 0 -102 102 0
46 23 0 -101 101 0
46 23 0 -100 100 0
46 23 -23 -99 99 198
46 23 0 -99 99 0
46 23 0 -98 98 0
46 23 0 -97 97 0
46 23 -24 -96 96 72
46 23 0 -96 96 0
46 23 -23 -95 95 190
46 23 0 -95 95 0
46 23 0 -94 94 0
46 23 0 -93 93 0
46 23 0 -92 92 0
46 23 -23 -91 91 182
46 23 0 -91 91 0
46 23 0 -90 90 0
46 23 0 -89 89 0
46 23 0 -88 88 0
46 23 -23 -87 87 174
46 23 0 -87 87 0
46 23 0 -86 86 0
46 23 0 -85 85 0
46 23 0 -84 84 0
46 23 -23 -83 83 166
46 23 0 -83 83 0
46 23 0 -82 82 0
46 23 0 -81 81 0
46 23 0 -80 80 0
46 23 -23 -79 79 158
46 23 0 -79 79 0
46 23 0 -78 78 0
46 23 0 -77 77 0
46 23 0 -76 76 0
46 23 -23 -75 75 150
46 23 0 -75 75 0
46 23 0 -74 74 0
46 23 0 -73 73 0
46 23 0 -72 72 0
46 23 -71 -71 71 142
46 23 -23 -71 71 142
46 23 0 -71 71 0
46 23 2 -71 71 142
46 23 0 -70 70 0
46 23 0 -69 69 0
46 23 0 -68 68 0
46 23 -23 -67 67 134
46 23 0 -67 67 0
46 23 0 -66 66 0
46 23 0 -65 65 0
46 23 0 -64 64 0
46 23 -23 -63 63 126
46 23 0 -63 63 0
46 23 0 -62 62 0
46 23 0 -61 61 0
46 23 0 -60 60 0
46 23 -23 -59 59 118
46 23 0 -59 59 0
46 23 0 -58 58 0
46 23 0 -57 57 0
46 23 0 -56 56 0
46 23 -23 -55 55 110
46 23 0 -55 55 0
46 23 0 -54 54 0
46 23 0 -53 53 0
46 23 0 -52 52 0
46 23 -23 -51 51 102
46 23 0 -51 51 0
46 23 0 -50 50 0
46 23 0 -49 49 0
46 23 0 -48 48 0
46 23 -23 -47 47 94
46 23 0 -47 47 0
46 23 0 -46 46 0
46 23 0 -45 45 0
46 23 0 -44 44 0
46 23 -23 -43 43 86
46 23 0 -43 43 0
46 23 0 -42 42 0
46 23 0 -41 41 0
46 23 0 -40 40 0
46 23 -23 -39 39 78
46 23 0 -39 39 0
46 23 0 -38 38 0
46 23 0 -37 37 0
46 23 0 -36 36 0
46 23 -70 -35 35 70
46 23 -23 -35 35 70
46 23 0 -35 35 0
46 23 1 -35 35 70
46 23 0 -34 34 0
46 23 0 -33 33 0
46 23 0 -32 32 0
46 23 -23 -31 31 62
46 23 0 -31 31 0
46 23 0 -30 30 0
46 23 0 -29 29 0
46 23 0 -28 28 0
46 23 -23 -27 27 54
46 23 0 -27 27 0
46 23 0 -26 26 0
46 23 0 -25 25 0
46 23 0 -24 24 0
46 23 -23 -23 23 46
46 23 0 -23 23 0
46 23 0 -22 22 0
46 23 0 -21 21 0
46 23 0 -20 20 0
46 23 -23 -19 19 38
46 23 0 -19 19 0
46 23 0 -18 18 0
46 23 0 -17 17 0
46 23 0 -16 16 0
46 23 -23 -15 15 30
46 23 0 -15 15 0
46 23 0 -14 14 0
46 23 0 -13 13 0
46 23 0 -12 12 0
46 23 -23 -11 11 22
46 23 0 -11 11 0
46 23 0 -10 10 0
46 23 0 -9 9 0
46 23 0 -8 8 0
46 23 -23 -7 7 14
46 23 0 -7 7 0
46 23 0 -6 6 0
46 23 0 -5 5 0
46 23 0 -4 4 0
46 23 -23 -3 3 6
46 23 0 -3 3 0
46 23 0 -2 2 0
46 23 0 -1 1 0
46 23 -23 1 -1 -2
46 23 0 1 -1 0
46 23 0 2 -2 0
46 23 0 3 -3 0
46 23 0 4 -4 0
46 23 -23 5 -5 -10
46 23 0 5 -5 0
46 23 0 6 -6 0
46 23 0 7 -7 0
46 23 0 8 -8 0
46 23 -23 9 -9 -18
46 23 0 9 -9 0
46 23 0 10 -10 0
46 23 0 11 -11 0
46 23 0 12 -12 0
46 23 -23 13 -13 -26
46 23 0 13 -13 0
46 23 0 14 -14 0
46 23 0 15 -15 0
46 23 0 16 -16 0
46 23 -23 17 -17 -34
46 23 0 17 -17 0
46 23 0 18 -18 0
46 23 0 19 -19 0
46 23 0 20 -20 0
46 23 -23 21 -21 -42
46 23 0 21 -21 0
46 23 0 22 -22 0
46 23 0 23 -23 0
46 23 0 24 -24 0
46 23 -23 25 -25 -50
46 23 0 25 -25 0
46 23 0 26 -26 0
46 23 0 27 -27 0
46 23 0 28 -28 0
46 23 -23 29 -29 -58
46 23 0 29 -29 0
46 23 0 30 -30 0
46 23 0 31 -31 0
46 23 0 32 -32 0
46 23 -23 33 -33 -66
46 23 0 33 -33 0
46 23 -68 34 -34 -68
46 23 -1 34 -34 -68
46 23 0 34 -34 0
46 23 0 35 -35 0
46 23 0 36 -36 0
46 23 -23 37 -37 -74
46 23 0 37 -37 0
46 23 0 38 -38 0
46 23 0 39 -39 0
46 23 0 40 -40 0
46 23 -23 41 -41 -82
46 23 0 41 -41 0
46 23 0 42 -42 0
46 23 0 43 -43 0
46 23 0 44 -44 0
46 23 -23 45 -45 -90
46 23 0 45 -45 0
46 23 0 46 -46 0
46 23 0 47 -47 0
46 23 0 48 -48 0
46 23 -23 49 -49 -98
46 23 0 49 -49 0
46 23 0 50 -50 0
46 23 0 51 -51 0
46 23 0 52 -52 0
46 23 -23 53 -53 -106
46 23 0 53 -53 0
46 23 0 54 -54 0
46 23 0 55 -55 0
46 23 0 56 -56 0
46 23 -23 57 -57 -114
46 23 0 57 -57 0
46 23 0 58 -58 0
46 23 0 59 -59 0
46 23 0 60 -60 0
46 23 -23 61 -61 -122
46 23 0 61 -61 0
46 23 0 62 -62 0
46 23 0 63 -63 0
46 23 0 64 -64 0
46 23 -23 65 -65 -130
46 23 0 65 -65 0
46 23 0 66 -66 0
46 23 -67 67 -67 -134
46 23 -2 67 -67 -134
46 23 0 67 -67 0
46 23 0 68 -68 0
46 23 -23 69 -69 -138
46 23 0 69 -69 0
46 23 0 70 -70 0
46 23 0 71 -71 0
46 23 0 72 -72 0
46 23 -23 73 -73 -146
46 23 0 73 -73 0
46 23 0 74 -74 0
46 23 0 75 -75 0
46 23 0 76 -76 0
46 23 -23 77 -77 -154
46 23 0 77 -77 0
46 23 0 78 -78 0
46 23 0 79 -79 0
46 23 0 80 -80 0
46 23 -23 81 -81 -162
46 23 0 81 -81 0
46 23 0 82 -82 0
46 23 0 83 -83 0
46 23 0 84 -84 0
46 23 -23 85 -85 -170
46 23 0 85 -85 0
46 23 0 86 -86 0
46 23 0 87 -87 0
46 23 -22 88 -88 -66
46 23 0 88 -88 0
46 23 -23 89 -89 -178
46 23 0 89 -89 0
46 23 0 90 -90 0
46 23 0 91 -91 0
46 23 0 92 -92 0
46 23 -23 93 -93 -186
46 23 0 93 -93 0
46 23 0 94 -94 0
46 23 0 95 -95 0
46 23 0 96 -96 0
46 23 -23 97 -97 -194
46 23 0 97 -97 0
46 23 0 98 -98 0
46 23 -66 99 -99 -198
46 23 -3 99 -99 -198
46 23 0 99 -99 0
46 23 0 100 -100 0
46 23 -23 101 -101 -202
46 23 0 101 -101 0
46 23 0 102 -102 0
46 23 0 103 -103 0
46 23 0 104 -104 0
46 23 -23 105 -105 -210
46 23 0 105 -105 0
46 23 0 106 -106 0
46 23 0 107 -107 0
46 23 0 108 -108 0
46 23 -23 109 -109 -218
46 23 0 109 -109 0
46 23 0 110 -110 0
46 23 0 111 -111 0
46 23 0 112 -112 0
46 23 -23 113 -113 -226
46 23 0 113 -113 0
46 23 0 114 -114 0
46 23 0 115 -115 0
46 23 0 116 -116 0
46 23 -23 117 -117 -234
46 23 0 117 -117 0
46 23 0 118 -118 0
46 23 0 119 -119 0
46 23 0 120 -120 0
46 23 -23 121 -121 -242
46 23 0 121 -121 0
46 23 0 122 -122 0
46 23 0 123 -123 0
46 23 0 124 -124 0
46 23 -23 125 -125 -250
46 23 0 125 -125 0
46 23 0 126 -126 0
46 23 0 127 -127 0
46 23 0 128 -128 0
46 23 -23 129 -129 -258
46 23 0 129 -129 0
46 23 -65 130 -130 -260
46 23 -4 130 -130 -260
46 23 0 130 -130 0
46 23 0 131 -131 0
46 23 0 132 -132 0
46 23 -23 133 -133 -266
46 23 0 133 -133 0
46 23 0 134 -134 0
46 23 0 135 -135 0
46 23 0 136 -136 0
46 23 -23 137 -137 -274
46 23 0 137 -137 0
46 23 0 138 -138 0
46 23 0 139 -139 0
46 23 0 140 -140 0
46 23 -23 141 -141 -282
46 23 0 141 -141 0
46 23 0 142 -142 0
46 23 0 143 -143 0
46 23 0 144 -144 0
46 23 -23 145 -145 -290
46 23 0 145 -145 0
46 23 0 146 -146 0
46 23 0 147 -147 0
46 23 0 148 -148 0
46 23 -23 149 -149 -298
46 23 0 149 -149 0
46 23 0 150 -150 0
48 24 0 -150 150 0
48 24 0 -149 149 0
48 24 -24 -148 148 296
48 24 0 -148 148 0
48 24 0 -147 147 0
48 24 0 -146 146 0
48 24 0 -145 145 0
48 24 -24 -144 144 288
48 24 0 -144 144 0
48 24 0 -143 143 0
48 24 0 -142 142 0
48 24 0 -141 141 0
48 24 -24 -140 140 280
48 24 0 -140 140 0
48 24 0 -139 139 0
48 24 0 -138 138 0
48 24 0 -137 137 0
48 24 -24 -136 136 272
48 24 0 -136 136 0
48 24 0 -135 135 0
48 24 0 -134 134 0
48 24 0 -133 133 0
48 24 -24 -132 132 264
48 24 0 -132 132 0
48 24 0 -131 131 0
48 24 0 -130 130 0
48 24 0 -129 129 0
48 24 -24 -128 128 256
48 24 0 -128 128 0
48 24 0 -127 127 0
48 24 0 -126 126 0
48 24 0 -125 125 0
48 24 -24 -124 124 248
48 24 0 -124 124 0
48 24 0 -123 123 0
48 24 0 -122 122 0
48 24 0 -121 121 0
48 24 -24 -120 120 240
48 24 0 -120 120 0
48 24 0 -119 119 0
48 24 0 -118 118 0
48 24 0 -117 117 0
48 24 -24 -116 116 232
48 24 0 -116 116 0
48 24 0 -115 115 0
48 24 0 -114 114 0
48 24 0 -113 113 0
48 24 -24 -112 112 224
48 24 0 -112 112 0
48 24 0 -111 111 0
48 24 0 -110 110 0
48 24 0 -109 109 0
48 24 -24 -108 108 216
48 24 0 -108 108 0
48 24 0 -107 107 0
48 24 0 -106 106 0
48 24 0 -105 105 0
48 24 -24 -104 104 208
48 24 0 -104 104 0
48 24 0 -103 103 0
48 24 0 -102 102 0
48 24 0 -101 101 0
48 24 -24 -100 100 200
48 24 0 -100 100 0
48 24 0 -99 99 0
48 24 0 -98 98 0
48 24 0 -97 97 0
48 24 -24 -96 96 192
48 24 0 -96 96 0
48 24 0 -95 95 0
48 24 0 -94 94 0
48 24 0 -93 93 0
48 24 -24 -92 92 184
48 24 0 -92 92 0
48 24 0 -91 91 0
48 24 0 -90 90 0
48 24 0 -89 89 0
48 24 -24 -88 88 176
48 24 0 -88 88 0
48 24 0 -87 87 0
48 24 0 -86 86 0
48 24 0 -85 85 0
48 24 -24 -84 84 168
48 24 0 -84 84 0
48 24 0 -83 83 0
48 24 0 -82 82 0
48 24 0 -81 81 0
48 24 -24 -80 80 160
48 24 0 -80 80 0
48 24 0 -79 79 0
48 24 0 -78 78 0
48 24 0 -77 77 0
48 24 -24 -76 76 152
48 24 0 -76 76 0
48 24 0 -75 75 0
48 24 -74 -74 74 148
48 24 0 -74 74 0
48 24 2 -74 74 148
48 24 0 -73 73 0
48 24 -24 -72 72 144
48 24 0 -72 72 0
48 24 0 -71 71 0
48 24 0 -70 70 0
48 24 0 -69 69 0
48 24 -24 -68 68 136
48 24 0 -68 68 0
48 24 0 -67 67 0
48 24 0 -66 66 0
48 24 0 -65 65 0
48 24 -24 -64 64 128
48 24 0 -64 64 0
48 24 0 -63 63 0
48 24 0 -62 62 0
48 24 0 -61 61 0
48 24 -24 -60 60 120
48 24 0 -60 60 0
48 24 0 -59 59 0
48 24 0 -58 58 0
48 24 0 -57 57 0
48 24 -24 -56 56 112
48 24 0 -56 56 0
48 24 0 -55 55 0
48 24 0 -54 54 0
48 24 0 -53 53 0
48 24 -24 -52 52 104
48 24 0 -52 52 0
48 24 0 -51 51 0
48 24 0 -50 50 0
48 24 0 -49 49 0
48 24 -24 -48 48 96
48 24 0 -48 48 0
48 24 0 -47 47 0
48 24 0 -46 46 0
48 24 0 -45 45 0
48 24 -24 -44 44 88
48 24 0 -44 44 0
48 24 0 -43 43 0
48 24 0 -42 42 0
48 24 0 -41 41 0
48 24 -24 -40 40 80
48 24 0 -40 40 0
48 24 0 -39 39 0
48 24 0 -38 38 0
48 24 0 -37 37 0
48 24 -24 -36 36 72
48 24 0 -36 36 0
48 24 0 -35 35 0
48 24 0 -34 34 0
48 24 0 -33 33 0
48 24 -24 -32 32 64
48 24 0 -32 32 0
48 24 0 -31 31 0
48 24 0 -30 30 0
48 24 0 -29 29 0
48 24 -24 -28 28 56
48 24 0 -28 28 0
48 24 0 -27 27 0
48 24 0 -26 26 0
48 24 0 -25 25 0
48 24 -24 -24 24 48
48 24 0 -24 24 0
48 24 0 -23 23 0
48 24 0 -22 22 0
48 24 0 -21 21 0
48 24 -24 -20 20 40
48 24 0 -20 20 0
48 24 0 -19 19 0
48 24 0 -18 18 0
48 24 0 -17 17 0
48 24 -24 -16 16 32
48 24 0 -16 16 0
48 24 0 -15 15 0
48 24 0 -14 14 0
48 24 0 -13 13 0
48 24 -24 -12 12 24
48 24 0 -12 12 0
48 24 0 -11 11 0
48 24 0 -10 10 0
48 24 0 -9 9 0
48 24 -24 -8 8 16
48 24 0 -8 8 0
48 24 0 -7 7 0
48 24 0 -6 6 0
48 24 0 -5 5 0
48 24 -24 -4 4 8
48 24 0 -4 4 0
48 24 0 -3 3 0
48 24 0 -2 2 0
48 24 0 -1 1 0
48 24 0 1 -1 0
48 24 0 2 -2 0
48 24 0 3 -3 0
48 24 -24 4 -4 -8
48 24 0 4 -4 0
48 24 0 5 -5 0
48 24 0 6 -6 0
48 24 0 7 -7 0
48 24 -24 8 -8 -16
48 24 0 8 -8 0
48 24 0 9 -9 0
48 24 0 10 -10 0
48 24 0 11 -11 0
48 24 -24 12 -12 -24
48 24 0 12 -12 0
48 24 0 13 -13 0
48 24 0 14 -14 0
48 24 0 15 -15 0
48 24 -24 16 -16 -32
48 24 0 16 -16 0
48 24 0 17 -17 0
48 24 0 18 -18 0
48 24 0 19 -19 0
48 24 -24 20 -20 -40
48 24 0 20 -20 0
48 24 0 21 -21 0
48 24 0 22 -22 0
48 24 0 23 -23 0
48 24 -24 24 -24 -48
48 24 0 24 -24 0
48 24 0 25 -25 0
48 24 0 26 -26 0
48 24 0 27 -27 0
48 24 -24 28 -28 -56
48 24 0 28 -28 0
48 24 0 29 -29 0
48 24 0 30 -30 0
48 24 0 31 -31 0
48 24 -24 32 -32 -64
48 24 0 32 -32 0
48 24 0 33 -33 0
48 24 0 34 -34 0
48 24 0 35 -35 0
48 24 -24 36 -36 -72
48 24 0 36 -36 0
48 24 0 37 -37 0
48 24 0 38 -38 0
48 24 0 39 -39 0
48 24 -24 40 -40 -80
48 24 0 40 -40 0
48 24 0 41 -41 0
48 24 0 42 -42 0
48 24 0 43 -43 0
48 24 -24 44 -44 -88
48 24 0 44 -44 0
48 24 0 45 -45 0
48 24 0 46 -46 0
48 24 0 47 -47 0
48 24 -24 48 -48 -96
48 24 0 48 -48 0
48 24 0 49 -49 0
48 24 0 50 -50 0
48 24 0 51 -51 0
48 24 -24 52 -52 -104
48 24 0 52 -52 0
48 24 0 53 -53 0
48 24 0 54 -54 0
48 24 0 55 -55 0
48 24 -24 56 -56 -112
48 24 0 56 -56 0
48 24 0 57 -57 0
48 24 0 58 -58 0
48 24 0 59 -59 0
48 24 -24 60 -60 -120
48 24 0 60 -60 0
48 24 0 61 -61 0
48 24 0 62 -62 0
48 24 0 63 -63 0
48 24 -24 64 -64 -128
48 24 0 64 -64 0
48 24 4 64 -64 16
48 24 0 65 -65 0
48 24 0 66 -66 0
48 24 0 67 -67 0
48 24 -24 68 -68 -136
48 24 0 68 -68 0
48 24 0 69 -69 0
48 24 -70 70 -70 -140
48 24 -2 70 -70 -140
48 24 0 70 -70 0
48 24 0 71 -71 0
48 24 -24 72 -72 -144
48 24 0 72 -72 0
48 24 0 73 -73 0
48 24 0 74 -74 0
48 24 0 75 -75 0
48 24 -24 76 -76 -152
48 24 0 76 -76 0
48 24 0 77 -77 0
48 24 0 78 -78 0
48 24 0 79 -79 0
48 24 -24 80 -80 -160
48 24 0 80 -80 0
48 24 0 81 -81 0
48 24 0 82 -82 0
48 24 0 83 -83 0
48 24 -24 84 -84 -168
48 24 0 84 -84 0
48 24 0 85 -85 0
48 24 0 86 -86 0
48 24 0 87 -87 0
48 24 -24 88 -88 -176
48 24 0 88 -88 0
48 24 0 89 -89 0
48 24 0 90 -90 0
48 24 0 91 -91 0
48 24 -24 92 -92 -184
48 24 0 92 -92 0
48 24 0 93 -93 0
48 24 0 94 -94 0
48 24 0 95 -95 0
48 24 -24 96 -96 -192
48 24 0 96 -96 0
48 24 0 97 -97 0
48 24 0 98 -98 0
48 24 0 99 -99 0
48 24 -24 100 -100 -200
48 24 0 100 -100 0
48 24 0 101 -101 0
48 24 0 102 -102 0
48 24 0 103 -103 0
48 24 -24 104 -104 -208
48 24 0 104 -104 0
48 24 0 105 -105 0
48 24 0 106 -106 0
48 24 0 107 -107 0
48 24 -24 108 -108 -216
48 24 0 108 -108 0
48 24 0 109 -109 0
48 24 0 110 -110 0
48 24 0 111 -111 0
48 24 -24 112 -112 -224
48 24 0 112 -112 0
48 24 0 113 -113 0
48 24 0 114 -114 0
48 24 0 115 -115 0
48 24 -24 116 -116 -232
48 24 0 116 -116 0
48 24 0 117 -117 0
48 24 0 118 -118 0
48 24 0 119 -119 0
48 24 -24 120 -120 -240
48 24 0 120 -120 0
48 24 0 121 -121 0
48 24 0 122 -122 0
48 24 0 123 -123 0
48 24 -24 124 -124 -248
48 24 0 124 -124 0
48 24 0 125 -125 0
48 24 0 126 -126 0
48 24 0 127 -127 0
48 24 -24 128 -128 -256
48 24 0 128 -128 0
48 24 0 129 -129 0
48 24 0 130 -130 0
48 24 0 131 -131 0
48 24 -24 132 -132 -264
48 24 0 132 -132 0
48 24 0 133 -133 0
48 24 0 134 -134 0
48 24 0 135 -135 0
48 24 -68 136 -136 -272
48 24 -24 136 -136 -272
48 24 -4 136 -136 -272
48 24 0 136 -136 0
48 24 0 137 -137 0
48 24 0 138 -138 0
48 24 0 139 -139 0
48 24 -24 140 -140 -280
48 24 0 140 -140 0
48 24 0 141 -141 0
48 24 0 142 -142 0
48 24 0 143 -143 0
48 24 -24 144 -144 -288
48 24 0 144 -144 0
48 24 0 145 -145 0
48 24 0 146 -146 0
48 24 0 147 -147 0
48 24 -24 148 -148 -296
48 24 0 148 -148 0
48 24 0 149 -149 0
48 24 0 150 -150 0
50 25 0 -150 150 0
50 25 0 -149 149 0
50 25 0 -148 148 0
50 25 -25 -147 147 294
50 25 0 -147 147 0
50 25 0 -146 146 0
50 25 0 -145 145 0
50 25 0 -144 144 0
50 25 -25 -143 143 286
50 25 0 -143 143 0
50 25 0 -142 142 0
50 25 0 -141 141 0
50 25 0 -140 140 0
50 25 -25 -139 139 278
50 25 0 -139 139 0
50 25 0 -138 138 0
50 25 0 -137 137 0
50 25 0 -136 136 0
50 25 -25 -135 135 270
50 25 0 -135 135 0
50 25 0 -134 134 0
50 25 0 -133 133 0
50 25 0 -132 132 0
50 25 -25 -131 131 262
50 25 0 -131 131 0
50 25 0 -130 130 0
50 25 0 -129 129 0
50 25 0 -128 128 0
50 25 -25 -127 127 254
50 25 0 -127 127 0
50 25 0 -126 126 0
50 25 0 -125 125 0
50 25 0 -124 124 0
50 25 -25 -123 123 246
50 25 0 -123 123 0
50 25 0 -122 122 0
50 25 0 -121 121 0
50 25 0 -120 120 0
50 25 -25 -119 119 238
50 25 0 -119 119 0
50 25 0 -118 118 0
50 25 -78 -117 117 234
50 25 0 -117 117 0
50 25 3 -117 117 234
50 25 0 -116 116 0
50 25 -25 -115 115 230
50 25 0 -115 115 0
50 25 0 -114 114 0
50 25 0 -113 113 0
50 25 0 -112 112 0
50 25 -25 -111 111 222
50 25 0 -111 111 0
50 25 0 -110 110 0
50 25 0 -109 109 0
50 25 0 -108 108 0
50 25 -25 -107 107 214
50 25 0 -107 107 0
50 25 0 -106 106 0
50 25 0 -105 105 0
50 25 -26 -104 104 78
50 25 0 -104 104 0
50 25 -25 -103 103 206
50 25 0 -103 103 0
50 25 0 -102 102 0
50 25 0 -101 101 0
50 25 0 -100 100 0
50 25 -25 -99 99 198
50 25 0 -99 99 0
50 25 0 -98 98 0
50 25 0 -97 97 0
50 25 0 -96 96 0
50 25 -25 -95 95 190
50 25 0 -95 95 0
50 25 0 -94 94 0
50 25 0 -93 93 0
50 25 0 -92 92 0
50 25 -25 -91 91 182
50 25 0 -91 91 0
50 25 0 -90 90 0
50 25 0 -89 89 0
50 25 0 -88 88 0
50 25 -25 -87 87 174
50 25 0 -87 87 0
50 25 0 -86 86 0
50 25 0 -85 85 0
50 25 0 -84 84 0
50 25 -25 -83 83 166
50 25 0 -83 83 0
50 25 0 -82 82 0
50 25 0 -81 81 0
50 25 0 -80 80 0
50 25 -25 -79 79 158
50 25 0 -79 79 0
50 25 0 -78 78 0
50 25 -77 -77 77 154
50 25 0 -77 77 0
50 25 2 -77 77 154
50 25 0 -76 76 0
50 25 -25 -75 75 150
50 25 0 -75 75 0
50 25 0 -74 74 0
50 25 0 -73 73 0
50 25 0 -72 72 0
50 25 -25 -71 71 142
50 25 0 -71 71 0
50 25 0 -70 70 0
50 25 0 -69 69 0
50 25 0 -68 68 0
50 25 -25 -67 67 134
50 25 0 -67 67 0
50 25 0 -66 66 0
50 25 0 -65 65 0
50 25 0 -64 64 0
50 25 -25 -63 63 126
50 25 0 -63 63 0
50 25 0 -62 62 0
50 25 0 -61 61 0
50 25 0 -60 60 0
50 25 -25 -59 59 118
50 25 0 -59 59 0
50 25 0 -58 58 0
50 25 0 -57 57 0
50 25 0 -56 56 0
50 25 -25 -55 55 110
50 25 0 -55 55 0
50 25 0 -54 54 0
50 25 0 -53 53 0
50 25 0 -52 52 0
50 25 -25 -51 51 102
50 25 0 -51 51 0
50 25 0 -50 50 0
50 25 0 -49 49 0
50 25 0 -48 48 0
50 25 -25 -47 47 94
50 25 0 -47 47 0
50 25 0 -46 46 0
50 25 0 -45 45 0
50 25 0 -44 44 0
50 25 -25 -43 43 86
50 25 0 -43 43 0
50 25 0 -42 42 0
50 25 0 -41 41 0
50 25 0 -40 40 0
50 25 -25 -39 39 78
50 25 0 -39 39 0
50 25 -76 -38 38 76
50 25 0 -38 38 0
50 25 1 -38 38 76
50 25 0 -37 37 0
50 25 0 -36 36 0
50 25 -25 -35 35 70
50 25 0 -35 35 0
50 25 0 -34 34 0
50 25 0 -33 33 0
50 25 0 -32 32 0
50 25 -25 -31 31 62
50 25 0 -31 31 0
50 25 0 -30 30 0
50 25 0 -29 29 0
50 25 0 -28 28 0
50 25 -25 -27 27 54
50 25 0 -27 27 0
50 25 0 -26 26 0
50 25 0 -25 25 0
50 25 0 -24 24 0
50 25 -25 -23 23 46
50 25 0 -23 23 0
50 25 0 -22 22 0
50 25 0 -21 21 0
50 25 0 -20 20 0
50 25 -25 -19 19 38
50 25 0 -19 19 0
50 25 0 -18 18 0
50 25 0 -17 17 0
50 25 0 -16 16 0
50 25 -25 -15 15 30
50 25 0 -15 15 0
50 25 0 -14 14 0
50 25 0 -13 13 0
50 25 0 -12 12 0
50 25 -25 -11 11 22
50 25 0 -11 11 0
50 25 0 -10 10 0
50 25 0 -9 9 0
50 25 0 -8 8 0
50 25 -25 -7 7 14
50 25 0 -7 7 0
50 25 0 -6 6 0
50 25 0 -5 5 0
50 25 0 -4 4 0
50 25 -25 -3 3 6
50 25 0 -3 3 0
50 25 0 -2 2 0
50 25 0 -1 1 0
50 25 -25 1 -1 -2
50 25 0 1 -1 0
50 25 0 2 -2 0
50 25 0 3 -3 0
50 25 0 4 -4 0
50 25 -25 5 -5 -10
50 25 0 5 -5 0
50 25 0 6 -6 0
50 25 0 7 -7 0
50 25 0 8 -8 0
50 25 -25 9 -9 -18
50 25 0 9 -9 0
50 25 0 10 -10 0
50 25 0 11 -11 0
50 25 0 12 -12 0
50 25 -25 13 -13 -26
50 25 0 13 -13 0
50 25 0 14 -14 0
50 25 0 15 -15 0
50 25 0 16 -16 0
50 25 -25 17 -17 -34
50 25 0 17 -17 0
50 25 0 18 -18 0
50 25 0 19 -19 0
50 25 0 20 -20 0
50 25 -25 21 -21 -42
50 25 0 21 -21 0
50 25 0 22 -22 0
50 25 0 23 -23 0
50 25 0 24 -24 0
50 25 -25 25 -25 -50
50 25 0 25 -25 0
50 25 0 26 -26 0
50 25 0 27 -27 0
50 25 0 28 -28 0
50 25 -25 29 -29 -58
50 25 0 29 -29 0
50 25 0 30 -30 0
50 25 0 31 -31 0
50 25 0 32 -32 0
50 25 -25 33 -33 -66
50 25 0 33 -33 0
50 25 0 34 -34 0
50 25 0 35 -35 0
50 25 0 36 -36 0
50 25 -74 37 -37 -74
50 25 -25 37 -37 -74
50 25 -1 37 -37 -74
50 25 0 37 -37 0
50 25 0 38 -38 0
50 25 0 39 -39 0
50 25 0 40 -40 0
50 25 -25 41 -41 -82
50 25 0 41 -41 0
50 25 0 42 -42 0
50 25 0 43 -43 0
50 25 0 44 -44 0
50 25 -25 45 -45 -90
50 25 0 45 -45 0
50 25 0 46 -46 0
50 25 0 47 -47 0
50 25 0 48 -48 0
50 25 -25 49 -49 -98
50 25 0 49 -49 0
50 25 0 50 -50 0
50 25 0 51 -51 0
50 25 0 52 -52 0
50 25 -25 53 -53 -106
50 25 0 53 -53 0
50 25 0 54 -54 0
50 25 0 55 -55 0
50 25 0 56 -56 0
50 25 -25 57 -57 -114
50 25 0 57 -57 0
50 25 0 58 -58 0
50 25 0 59 -59 0
50 25 0 60 -60 0
50 25 -25 61 -61 -122
50 25 0 61 -61 0
50 25 0 62 -62 0
50 25 0 63 -63 0
50 25 0 64 -64 0
50 25 -25 65 -65 -130
50 25 0 65 -65 0
50 25 0 66 -66 0
50 25 0 67 -67 0
50 25 0 68 -68 0
50 25 -25 69 -69 -138
50 25 0 69 -69 0
50 25 0 70 -70 0
50 25 0 71 -71 0
50 25 0 72 -72 0
50 25 -73 73 -73 -146
50 25 -25 73 -73 -146
50 25 -2 73 -73 -146
50 25 0 73 -73 0
50 25 0 74 -74 0
50 25 0 75 -75 0
50 25 0 76 -76 0
50 25 -25 77 -77 -154
50 25 0 77 -77 0
50 25 0 78 -78 0
50 25 0 79 -79 0
50 25 0 80 -80 0
50 25 -25 81 -81 -162
50 25 0 81 -81 0
50 25 0 82 -82 0
50 25 0 83 -83 0
50 25 0 84 -84 0
50 25 -25 85 -85 -170
50 25 0 85 -85 0
50 25 0 86 -86 0
50 25 0 87 -87 0
50 25 0 88 -88 0
50 25 -25 89 -89 -178
50 25 0 89 -89 0
50 25 0 90 -90 0
50 25 0 91 -91 0
50 25 0 92 -92 0
50 25 -25 93 -93 -186
50 25 0 93 -93 0
50 25 0 94 -94 0
50 25 0 95 -95 0
50 25 -24 96 -96 -72
50 25 0 96 -96 0
50 25 -25 97 -97 -194
50 25 0 97 -97 0
50 25 0 98 -98 0
50 25 0 99 -99 0
50 25 0 100 -100 0
50 25 -25 101 -101 -202
50 25 0 101 -101 0
50 25 0 102 -102 0
50 25 0 103 -103 0
50 25 0 104 -104 0
50 25 -25 105 -105 -210
50 25 0 105 -105 0
50 25 0 106 -106 0
50 25 0 107 -107 0
50 25 -72 108 -108 -216
50 25 -3 108 -108 -216
50 25 0 108 -108 0
50 25 -25 109 -109 -218
50 25 0 109 -109 0
50 25 0 110 -110 0
50 25 0 111 -111 0
50 25 0 112 -112 0
50 25 -25 113 -113 -226
50 25 0 113 -113 0
50 25 0 114 -114 0
50 25 0 115 -115 0
50 25 0 116 -116 0
50 25 -25 117 -117 -234
50 25 0 117 -117 0
50 25 0 118 -118 0
50 25 0 119 -119 0
50 25 0 120 -120 0
50 25 -25 121 -121 -242
50 25 0 121 -121 0
50 25 0 122 -122 0
50 25 0 123 -123 0
50 25 0 124 -124 0
50 25 -25 125 -125 -250
50 25 0 125 -125 0
50 25 0 126 -126 0
50 25 0 127 -127 0
50 25 0 128 -128 0
50 25 -25 129 -129 -258
50 25 0 129 -129 0
50 25 0 130 -130 0
50 25 0 131 -131 0
50 25 0 132 -132 0
50 25 -25 133 -133 -266
50 25 0 133 -133 0
50 25 0 134 -134 0
50 25 0 135 -135 0
50 25 0 136 -136 0
50 25 -25 137 -137 -274
50 25 0 137 -137 0
50 25 0 138 -138 0
50 25 0 139 -139 0
50 25 0 140 -140 0
50 25 -25 141 -141 -282
50 25 0 141 -141 0
50 25 -71 142 -142 -284
50 25 -4 142 -142 -284
50 25 0 142 -142 0
50 25 0 143 -143 0
50 25 0 144 -144 0
50 25 -25 145 -145 -290
50 25 0 145 -145 0
50 25 0 146 -146 0
50 25 0 147 -147 0
50 25 0 148 -148 0
50 25 -25 149 -149 -298
50 25 0 149 -149 0
50 25 0 150 -150 0
52 26 0 -150 150 0
52 26 0 -149 149 0
52 26 -26 -148 148 296
52 26 0 -148 148 0
52 26 0 -147 147 0
52 26 0 -146 146 0
52 26 0 -145 145 0
52 26 -26 -144 144 288
52 26 0 -144 144 0
52 26 0 -143 143 0
52 26 0 -142 142 0
52 26 0 -141 141 0
52 26 -26 -140 140 280
52 26 0 -140 140 0
52 26 0 -139 139 0
52 26 0 -138 138 0
52 26 0 -137 137 0
52 26 -26 -136 136 272
52 26 0 -136 136 0
52 26 0 -135 135 0
52 26 0 -134 134 0
52 26 0 -133 133 0
52 26 -26 -132 132 264
52 26 0 -132 132 0
52 26 0 -131 131 0
52 26 0 -130 130 0
52 26 0 -129 129 0
52 26 -26 -128 128 256
52 26 0 -128 128 0
52 26 0 -127 127 0
52 26 0 -126 126 0
52 26 0 -125 125 0
52 26 -26 -124 124 248
52 26 0 -124 124 0
52 26 0 -123 123 0
52 26 0 -122 122 0
52 26 0 -121 121 0
52 26 -26 -120 120 240
52 26 0 -120 120 0
52 26 0 -119 119 0
52 26 0 -118 118 0
52 26 0 -117 117 0
52 26 -26 -116 116 232
52 26 0 -116 116 0
52 26 0 -115 115 0
52 26 0 -114 114 0
52 26 0 -113 113 0
52 26 -26 -112 112 224
52 26 0 -112 112 0
52 26 0 -111 111 0
52 26 0 -110 110 0
52 26 0 -109 109 0
52 26 -26 -108 108 216
52 26 0 -108 108 0
52 26 4 -108 108 -24
52 26 0 -107 107 0
52 26 0 -106 106 0
52 26 0 -105 105 0
52 26 -26 -104 104 208
52 26 0 -104 104 0
52 26 0 -103 103 0
52 26 0 -102 102 0
52 26 0 -101 101 0
52 26 -26 -100 100 200
52 26 0 -100 100 0
52 26 0 -99 99 0
52 26 0 -98 98 0
52 26 0 -97 97 0
52 26 -26 -96 96 192
52 26 0 -96 96 0
52 26 0 -95 95 0
52 26 0 -94 94 0
52 26 0 -93 93 0
52 26 -26 -92 92 184
52 26 0 -92 92 0
52 26 0 -91 91 0
52 26 0 -90 90 0
52 26 0 -89 89 0
52 26 -26 -88 88 176
52 26 0 -88 88 0
52 26 0 -87 87 0
52 26 0 -86 86 0
52 26 0 -85 85 0
52 26 -26 -84 84 168
52 26 0 -84 84 0
52 26 0 -83 83 0
52 26 0 -82 82 0
52 26 0 -81 81 0
52 26 -80 -80 80 160
52 26 -26 -80 80 160
52 26 0 -80 80 0
52 26 2 -80 80 160
52 26 0 -79 79 0
52 26 0 -78 78 0
52 26 0 -77 77 0
52 26 -26 -76 76 152
52 26 0 -76 76 0
52 26 0 -75 75 0
52 26 0 -74 74 0
52 26 0 -73 73 0
52 26 -26 -72 72 144
52 26 0 -72 72 0
52 26 0 -71 71 0
52 26 0 -70 70 0
52 26 0 -69 69 0
52 26 -26 -68 68 136
52 26 0 -68 68 0
52 26 0 -67 67 0
52 26 0 -66 66 0
52 26 0 -65 65 0
52 26 -26 -64 64 128
52 26 0 -64 64 0
52 26 0 -63 63 0
52 26 0 -62 62 0
52 26 0 -61 61 0
52 26 -26 -60 60 120
52 26 0 -60 60 0
52 26 0 -59 59 0
52 26 0 -58 58 0
52 26 0 -57 57 0
52 26 -26 -56 56 112
52 26 0 -56 56 0
52 26 0 -55 55 0
52 26 0 -54 54 0
52 26 0 -53 53 0
52 26 -26 -52 52 104
52 26 0 -52 52 0
52 26 0 -51 51 0
52 26 0 -50 50 0
52 26 0 -49 49 0
52 26 -26 -48 48 96
52 26 0 -48 48 0
52 26 0 -47 47 0
52 26 0 -46 46 0
52 26 0 -45 45 0
52 26 -26 -44 44 88
52 26 0 -44 44 0
52 26 0 -43 43 0
52 26 0 -42 42 0
52 26 0 -41 41 0
52 26 -26 -40 40 80
52 26 0 -40 40 0
52 26 0 -39 39 0
52 26 0 -38 38 0
52 26 0 -37 37 0
52 26 -26 -36 36 72
52 26 0 -36 36 0
52 26 0 -35 35 0
52 26 0 -34 34 0
52 26 0 -33 33 0
52 26 -26 -32 32 64
52 26 0 -32 32 0
52 26 0 -31 31 0
52 26 0 -30 30 0
52 26 0 -29 29 0
52 26 -26 -28 28 56
52 26 0 -28 28 0
52 26 0 -27 27 0
52 26 0 -26 26 0
52 26 0 -25 25 0
52 26 -26 -24 24 48
52 26 0 -24 24 0
52 26 0 -23 23 0
52 26 0 -22 22 0
52 26 0 -21 21 0
52 26 -26 -20 20 40
52 26 0 -20 20 0
52 26 0 -19 19 0
52 26 0 -18 18 0
52 26 0 -17 17 0
52 26 -26 -16 16 32
52 26 0 -16 16 0
52 26 0 -15 15 0
52 26 0 -14 14 0
52 26 0 -13 13 0
52 26 -26 -12 12 24
52 26 0 -12 12 0
52 26 0 -11 11 0
52 26 0 -10 10 0
52 26 0 -9 9 0
52 26 -26 -8 8 16
52 26 0 -8 8 0
52 26 0 -7 7 0
52 26 0 -6 6 0
52 26 0 -5 5 0
52 26 -26 -4 4 8
52 26 0 -4 4 0
52 26 0 -3 3 0
52 26 0 -2 2 0
52 26 0 -1 1 0
52 26 0 1 -1 0
52 26 0 2 -2 0
52 26 0 3 -3 0
52 26 -26 4 -4 -8
52 26 0 4 -4 0
52 26 0 5 -5 0
52 26 0 6 -6 0
52 26 0 7 -7 0
52 26 -26 8 -8 -16
52 26 0 8 -8 0
52 26 0 9 -9 0
52 26 0 10 -10 0
52 26 0 11 -11 0
52 26 -26 12 -12 -24
52 26 0 12 -12 0
52 26 0 13 -13 0
52 26 0 14 -14 0
52 26 0 15 -15 0
52 26 -26 16 -16 -32
52 26 0 16 -16 0
52 26 0 17 -17 0
52 26 0 18 -18 0
52 26 0 19 -19 0
52 26 -26 20 -20 -40
52 26 0 20 -20 0
52 26 0 21 -21 0
52 26 0 22 -22 0
52 26 0 23 -23 0
52 26 -26 24 -24 -48
52 26 0 24 -24 0
52 26 0 25 -25 0
52 26 0 26 -26 0
52 26 0 27 -27 0
52 26 -26 28 -28 -56
52 26 0 28 -28 0
52 26 0 29 -29 0
52 26 0 30 -30 0
52 26 0 31 -31 0
52 26 -26 32 -32 -64
52 26 0 32 -32 0
52 26 0 33 -33 0
52 26 0 34 -34 0
52 26 0 35 -35 0
52 26 -26 36 -36 -72
52 26 0 36 -36 0
52 26 0 37 -37 0
52 26 0 38 -38 0
52 26 0 39 -39 0
52 26 -26 40 -40 -80
52 26 0 40 -40 0
52 26 0 41 -41 0
52 26 0 42 -42 0
52 26 0 43 -43 0
52 26 -26 44 -44 -88
52 26 0 44 -44 0
52 26 0 45 -45 0
52 26 0 46 -46 0
52 26 0 47 -47 0
52 26 -26 48 -48 -96
52 26 0 48 -48 0
52 26 0 49 -49 0
52 26 0 50 -50 0
52 26 0 51 -51 0
52 26 -26 52 -52 -104
52 26 0 52 -52 0
52 26 0 53 -53 0
52 26 0 54 -54 0
52 26 0 55 -55 0
52 26 -26 56 -56 -112
52 26 0 56 -56 0
52 26 0 57 -57 0
52 26 0 58 -58 0
52 26 0 59 -59 0
52 26 -26 60 -60 -120
52 26 0 60 -60 0
52 26 0 61 -61 0
52 26 0 62 -62 0
52 26 0 63 -63 0
52 26 -26 64 -64 -128
52 26 0 64 -64 0
52 26 0 65 -65 0
52 26 0 66 -66 0
52 26 0 67 -67 0
52 26 -26 68 -68 -136
52 26 0 68 -68 0
52 26 0 69 -69 0
52 26 0 70 -70 0
52 26 0 71 -71 0
52 26 -26 72 -72 -144
52 26 0 72 -72 0
52 26 0 73 -73 0
52 26 0 74 -74 0
52 26 0 75 -75 0
52 26 -76 76 -76 -152
52 26 -26 76 -76 -152
52 26 -2 76 -76 -152
52 26 0 76 -76 0
52 26 0 77 -77 0
52 26 0 78 -78 0
52 26 0 79 -79 0
52 26 -26 80 -80 -160
52 26 0 80 -80 0
52 26 0 81 -81 0
52 26 0 82 -82 0
52 26 0 83 -83 0
52 26 -26 84 -84 -168
52 26 0 84 -84 0
52 26 0 85 -85 0
52 26 0 86 -86 0
52 26 0 87 -87 0
52 26 -26 88 -88 -176
52 26 0 88 -88 0
52 26 0 89 -89 0
52 26 0 90 -90 0
52 26 0 91 -91 0
52 26 -26 92 -92 -184
52 26 0 92 -92 0
52 26 0 93 -93 0
52 26 0 94 -94 0
52 26 0 95 -95 0
52 26 -26 96 -96 -192
52 26 0 96 -96 0
52 26 0 97 -97 0
52 26 0 98 -98 0
52 26 0 99 -99 0
52 26 -26 100 -100 -200
52 26 0 100 -100 0
52 26 0 101 -101 0
52 26 0 102 -102 0
52 26 0 103 -103 0
52 26 -26 104 -104 -208
52 26 0 104 -104 0
52 26 0 105 -105 0
52 26 0 106 -106 0
52 26 0 107 -107 0
52 26 -26 108 -108 -216
52 26 0 108 -108 0
52 26 0 109 -109 0
52 26 0 110 -110 0
52 26 0 111 -111 0
52 26 -26 112 -112 -224
52 26 0 112 -112 0
52 26 0 113 -113 0
52 26 0 114 -114 0
52 26 0 115 -115 0
52 26 -26 116 -116 -232
52 26 0 116 -116 0
52 26 0 117 -117 0
52 26 0 118 -118 0
52 26 0 119 -119 0
52 26 -26 120 -120 -240
52 26 0 120 -120 0
52 26 0 121 -121 0
52 26 0 122 -122 0
52 26 0 123 -123 0
52 26 -26 124 -124 -248
52 26 0 124 -124 0
52 26 0 125 -125 0
52 26 0 126 -126 0
52 26 0 127 -127 0
52 26 -26 128 -128 -256
52 26 0 128 -128 0
52 26 0 129 -129 0
52 26 0 130 -130 0
52 26 0 131 -131 0
52 26 -26 132 -132 -264
52 26 0 132 -132 0
52 26 0 133 -133 0
52 26 0 134 -134 0
52 26 0 135 -135 0
52 26 -26 136 -136 -272
52 26 0 136 -136 0
52 26 0 137 -137 0
52 26 0 138 -138 0
52 26 0 139 -139 0
52 26 -26 140 -140 -280
52 26 0 140 -140 0
52 26 0 141 -141 0
52 26 0 142 -142 0
52 26 0 143 -143 0
52 26 -26 144 -144 -288
52 26 0 144 -144 0
52 26 0 145 -145 0
52 26 0 146 -146 0
52 26 0 147 -147 0
52 26 -74 148 -148 -296
52 26 -26 148 -148 -296
52 26 -4 148 -148 -296
52 26 0 148 -148 0
52 26 0 149 -149 0
52 26 0 150 -150 0
54 27 0 -150 150 0
54 27 0 -149 149 0
54 27 0 -148 148 0
54 27 -27 -147 147 294
54 27 0 -147 147 0
54 27 0 -146 146 0
54 27 0 -145 145 0
54 27 0 -144 144 0
54 27 -27 -143 143 286
54 27 0 -143 143 0
54 27 0 -142 142 0
54 27 0 -141 141 0
54 27 0 -140 140 0
54 27 -27 -139 139 278
54 27 0 -139 139 0
54 27 0 -138 138 0
54 27 0 -137 137 0
54 27 0 -136 136 0
54 27 -27 -135 135 270
54 27 0 -135 135 0
54 27 0 -134 134 0
54 27 0 -133 133 0
54 27 0 -132 132 0
54 27 -27 -131 131 262
54 27 0 -131 131 0
54 27 0 -130 130 0
54 27 0 -129 129 0
54 27 0 -128 128 0
54 27 -27 -127 127 254
54 27 0 -127 127 0
54 27 -84 -126 126 252
54 27 0 -126 126 0
54 27 3 -126 126 252
54 27 0 -125 125 0
54 27 0 -124 124 0
54 27 -27 -123 123 246
54 27 0 -123 123 0
54 27 0 -122 122 0
54 27 0 -121 121 0
54 27 0 -120 120 0
54 27 -27 -119 119 238
54 27 0 -119 119 0
54 27 0 -118 118 0
54 27 0 -117 117 0
54 27 0 -116 116 0
54 27 -27 -115 115 230
54 27 0 -115 115 0
54 27 0 -114 114 0
54 27 0 -113 113 0
54 27 -28 -112 112 84
54 27 0 -112 112 0
54 27 -27 -111 111 222
54 27 0 -111 111 0
54 27 0 -110 110 0
54 27 0 -109 109 0
54 27 0 -108 108 0
54 27 -27 -107 107 214
54 27 0 -107 107 0
54 27 0 -106 106 0
54 27 0 -105 105 0
54 27 0 -104 104 0
54 27 -27 -103 103 206
54 27 0 -103 103 0
54 27 0 -102 102 0
54 27 0 -101 101 0
54 27 0 -100 100 0
54 27 -27 -99 99 198
54 27 0 -99 99 0
54 27 0 -98 98 0
54 27 0 -97 97 0
54 27 0 -96 96 0
54 27 -27 -95 95 190
54 27 0 -95 95 0
54 27 0 -94 94 0
54 27 0 -93 93 0
54 27 0 -92 92 0
54 27 -27 -91 91 182
54 27 0 -91 91 0
54 27 0 -90 90 0
54 27 0 -89 89 0
54 27 0 -88 88 0
54 27 -27 -87 87 174
54 27 0 -87 87 0
54 27 0 -86 86 0
54 27 0 -85 85 0
54 27 0 -84 84 0
54 27 -83 -83 83 166
54 27 -27 -83 83 166
54 27 0 -83 83 0
54 27 2 -83 83 166
54 27 0 -82 82 0
54 27 0 -81 81 0
54 27 0 -80 80 0
54 27 -27 -79 79 158
54 27 0 -79 79 0
54 27 0 -78 78 0
54 27 0 -77 77 0
54 27 0 -76 76 0
54 27 -27 -75 75 150
54 27 0 -75 75 0
54 27 0 -74 74 0
54 27 0 -73 73 0
54 27 0 -72 72 0
54 27 -27 -71 71 142
54 27 0 -71 71 0
54 27 0 -70 70 0
54 27 0 -69 69 0
54 27 0 -68 68 0
54 27 -27 -67 67 134
54 27 0 -67 67 0
54 27 0 -66 66 0
54 27 0 -65 65 0
54 27 0 -64 64 0
54 27 -27 -63 63 126
54 27 0 -63 63 0
54 27 0 -62 62 0
54 27 0 -61 61 0
54 27 0 -60 60 0
54 27 -27 -59 59 118
54 27 0 -59 59 0
54 27 0 -58 58 0
54 27 0 -57 57 0
54 27 0 -56 56 0
54 27 -27 -55 55 110
54 27 0 -55 55 0
54 27 0 -54 54 0
54 27 0 -53 53 0
54 27 0 -52 52 0
54 27 -27 -51 51 102
54 27 0 -51 51 0
54 27 0 -50 50 0
54 27 0 -49 49 0
54 27 0 -48 48 0
54 27 -27 -47 47 94
54 27 0 -47 47 0
54 27 0 -46 46 0
54 27 0 -45 45 0
54 27 0 -44 44 0
54 27 -27 -43 43 86
54 27 0 -43 43 0
54 27 0 -42 42 0
54 27 -82 -41 41 82
54 27 0 -41 41 0
54 27 1 -41 41 82
54 27 0 -40 40 0
54 27 -27 -39 39 78
54 27 0 -39 39 0
54 27 0 -38 38 0
54 27 0 -37 37 0
54 27 0 -36 36 0
54 27 -27 -35 35 70
54 27 0 -35 35 0
54 27 0 -34 34 0
54 27 0 -33 33 0
54 27 0 -32 32 0
54 27 -27 -31 31 62
54 27 0 -31 31 0
54 27 0 -30 30 0
54 27 0 -29 29 0
54 27 0 -28 28 0
54 27 -27 -27 27 54
54 27 0 -27 27 0
54 27 0 -26 26 0
54 27 0 -25 25 0
54 27 0 -24 24 0
54 27 -27 -23 23 46
54 27 0 -23 23 0
54 27 0 -22 22 0
54 27 0 -21 21 0
54 27 0 -20 20 0
54 27 -27 -19 19 38
54 27 0 -19 19 0
54 27 0 -18 18 0
54 27 0 -17 17 0
54 27 0 -16 16 0
54 27 -27 -15 15 30
54 27 0 -15 15 0
54 27 0 -14 14 0
54 27 0 -13 13 0
54 27 0 -12 12 0
54 27 -27 -11 11 22
54 27 0 -11 11 0
54 27 0 -10 10 0
54 27 0 -9 9 0
54 27 0 -8 8 0
54 27 -27 -7 7 14
54 27 0 -7 7 0
54 27 0 -6 6 0
54 27 0 -5 5 0
54 27 0 -4 4 0
54 27 -27 -3 3 6
54 27 0 -3 3 0
54 27 0 -2 2 0
54 27 0 -1 1 0
54 27 -27 1 -1 -2
54 27 0 1 -1 0
54 27 0 2 -2 0
54 27 0 3 -3 0
54 27 0 4 -4 0
54 27 -27 5 -5 -10
54 27 0 5 -5 0
54 27 0 6 -6 0
54 27 0 7 -7 0
54 27 0 8 -8 0
54 27 -27 9 -9 -18
54 27 0 9 -9 0
54 27 0 10 -10 0
54 27 0 11 -11 0
54 27 0 12 -12 0
54 27 -27 13 -13 -26
54 27 0 13 -13 0
54 27 0 14 -14 0
54 27 0 15 -15 0
54 27 0 16 -16 0
54 27 -27 17 -17 -34
54 27 0 17 -17 0
54 27 0 18 -18 0
54 27 0 19 -19 0
54 27 0 20 -20 0
54 27 -27 21 -21 -42
54 27 0 21 -21 0
54 27 0 22 -22 0
54 27 0 23 -23 0
54 27 0 24 -24 0
54 27 -27 25 -25 -50
54 27 0 25 -25 0
54 27 0 26 -26 0
54 27 0 27 -27 0
54 27 0 28 -28 0
54 27 -27 29 -29 -58
54 27 0 29 -29 0
54 27 0 30 -30 0
54 27 0 31 -31 0
54 27 0 32 -32 0
54 27 -27 33 -33 -66
54 27 0 33 -33 0
54 27 0 34 -34 0
54 27 0 35 -35 0
54 27 0 36 -36 0
54 27 -27 37 -37 -74
54 27 0 37 -37 0
54 27 0 38 -38 0
54 27 0 39 -39 0
54 27 -80 40 -40 -80
54 27 -1 40 -40 -80
54 27 0 40 -40 0
54 27 -27 41 -41 -82
54 27 0 41 -41 0
54 27 0 42 -42 0
54 27 0 43 -43 0
54 27 0 44 -44 0
54 27 -27 45 -45 -90
54 27 0 45 -45 0
54 27 0 46 -46 0
54 27 0 47 -47 0
54 27 0 48 -48 0
54 27 -27 49 -49 -98
54 27 0 49 -49 0
54 27 0 50 -50 0
54 27 0 51 -51 0
54 27 0 52 -52 0
54 27 -27 53 -53 -106
54 27 0 53 -53 0
54 27 0 54 -54 0
54 27 0 55 -55 0
54 27 0 56 -56 0
54 27 -27 57 -57 -114
54 27 0 57 -57 0
54 27 0 58 -58 0
54 27 0 59 -59 0
54 27 0 60 -60 0
54 27 -27 61 -61 -122
54 27 0 61 -61 0
54 27 0 62 -62 0
54 27 0 63 -63 0
54 27 0 64 -64 0
54 27 -27 65 -65 -130
54 27 0 65 -65 0
54 27 0 66 -66 0
54 27 0 67 -67 0
54 27 0 68 -68 0
54 27 -27 69 -69 -138
54 27 0 69 -69 0
54 27 0 70 -70 0
54 27 0 71 -71 0
54 27 0 72 -72 0
54 27 -27 73 -73 -146
54 27 0 73 -73 0
54 27 0 74 -74 0
54 27 0 75 -75 0
54 27 0 76 -76 0
54 27 -27 77 -77 -154
54 27 0 77 -77 0
54 27 0 78 -78 0
54 27 -79 79 -79 -158
54 27 -2 79 -79 -158
54 27 0 79 -79 0
54 27 0 80 -80 0
54 27 -27 81 -81 -162
54 27 0 81 -81 0
54 27 0 82 -82 0
54 27 0 83 -83 0
54 27 0 84 -84 0
54 27 -27 85 -85 -170
54 27 0 85 -85 0
54 27 0 86 -86 0
54 27 0 87 -87 0
54 27 0 88 -88 0
54 27 -27 89 -89 -178
54 27 0 89 -89 0
54 27 0 90 -90 0
54 27 0 91 -91 0
54 27 0 92 -92 0
54 27 -27 93 -93 -186
54 27 0 93 -93 0
54 27 0 94 -94 0
54 27 0 95 -95 0
54 27 0 96 -96 0
54 27 -27 97 -97 -194
54 27 0 97 -97 0
54 27 0 98 -98 0
54 27 0 99 -99 0
54 27 0 100 -100 0
54 27 -27 101 -101 -202
54 27 0 101 -101 0
54 27 0 102 -102 0
54 27 0 103 -103 0
54 27 -26 104 -104 -78
54 27 0 104 -104 0
54 27 -27 105 -105 -210
54 27 0 105 -105 0
54 27 0 106 -106 0
54 27 0 107 -107 0
54 27 0 108 -108 0
54 27 -27 109 -109 -218
54 27 0 109 -109 0
54 27 0 110 -110 0
54 27 0 111 -111 0
54 27 0 112 -112 0
54 27 -27 113 -113 -226
54 27 0 113 -113 0
54 27 0 114 -114 0
54 27 0 115 -115 0
54 27 0 116 -116 0
54 27 -78 117 -117 -234
54 27 -27 117 -117 -234
54 27 -3 117 -117 -234
54 27 0 117 -117 0
54 27 0 118 -118 0
54 27 0 119 -119 0
54 27 0 120 -120 0
54 27 -27 121 -121 -242
54 27 0 121 -121 0
54 27 0 122 -122 0
54 27 0 123 -123 0
54 27 0 124 -124 0
54 27 -27 125 -125 -250
54 27 0 125 -125 0
54 27 0 126 -126 0
54 27 0 127 -127 0
54 27 0 128 -128 0
54 27 -27 129 -129 -258
54 27 0 129 -129 0
54 27 0 130 -130 0
54 27 0 131 -131 0
54 27 0 132 -132 0
54 27 -27 133 -133 -266
54 27 0 133 -133 0
54 27 0 134 -134 0
54 27 0 135 -135 0
54 27 0 136 -136 0
54 27 -27 137 -137 -274
54 27 0 137 -137 0
54 27 0 138 -138 0
54 27 0 139 -139 0
54 27 0 140 -140 0
54 27 -27 141 -141 -282
54 27 0 141 -141 0
54 27 0 142 -142 0
54 27 0 143 -143 0
54 27 0 144 -144 0
54 27 -27 145 -145 -290
54 27 0 145 -145 0
54 27 0 146 -146 0
54 27 0 147 -147 0
54 27 0 148 -148 0
54 27 -27 149 -149 -298
54 27 0 149 -149 0
54 27 0 150 -150 0
56 28 0 -150 150 0
56 28 0 -149 149 0
56 28 -28 -148 148 296
56 28 0 -148 148 0
56 28 0 -147 147 0
56 28 0 -146 146 0
56 28 0 -145 145 0
56 28 -28 -144 144 288
56 28 0 -144 144 0
56 28 0 -143 143 0
56 28 0 -142 142 0
56 28 0 -141 141 0
56 28 -28 -140 140 280
56 28 0 -140 140 0
56 28 0 -139 139 0
56 28 0 -138 138 0
56 28 0 -137 137 0
56 28 -28 -136 136 272
56 28 0 -136 136 0
56 28 0 -135 135 0
56 28 0 -134 134 0
56 28 0 -133 133 0
56 28 -28 -132 132 264
56 28 0 -132 132 0
56 28 0 -131 131 0
56 28 0 -130 130 0
56 28 0 -129 129 0
56 28 -28 -128 128 256
56 28 0 -128 128 0
56 28 0 -127 127 0
56 28 0 -126 126 0
56 28 0 -125 125 0
56 28 -28 -124 124 248
56 28 0 -124 124 0
56 28 0 -123 123 0
56 28 0 -122 122 0
56 28 0 -121 121 0
56 28 -28 -120 120 240
56 28 0 -120 120 0
56 28 0 -119 119 0
56 28 0 -118 118 0
56 28 0 -117 117 0
56 28 -28 -116 116 232
56 28 0 -116 116 0
56 28 0 -115 115 0
56 28 0 -114 114 0
56 28 0 -113 113 0
56 28 -28 -112 112 224
56 28 0 -112 112 0
56 28 0 -111 111 0
56 28 0 -110 110 0
56 28 0 -109 109 0
56 28 -28 -108 108 216
56 28 0 -108 108 0
56 28 0 -107 107 0
56 28 0 -106 106 0
56 28 0 -105 105 0
56 28 -28 -104 104 208
56 28 0 -104 104 0
56 28 0 -103 103 0
56 28 0 -102 102 0
56 28 0 -101 101 0
56 28 -28 -100 100 200
56 28 0 -100 100 0
56 28 0 -99 99 0
56 28 0 -98 98 0
56 28 0 -97 97 0
56 28 -28 -96 96 192
56 28 0 -96 96 0
56 28 0 -95 95 0
56 28 0 -94 94 0
56 28 0 -93 93 0
56 28 -28 -92 92 184
56 28 0 -92 92 0
56 28 0 -91 91 0
56 28 0 -90 90 0
56 28 0 -89 89 0
56 28 -28 -88 88 176
56 28 0 -88 88 0
56 28 0 -87 87 0
56 28 -86 -86 86 172
56 28 0 -86 86 0
56 28 2 -86 86 172
56 28 0 -85 85 0
56 28 -28 -84 84 168
56 28 0 -84 84 0
56 28 0 -83 83 0
56 28 0 -82 82 0
56 28 0 -81 81 0
56 28 -28 -80 80 160
56 28 0 -80 80 0
56 28 0 -79 79 0
56 28 0 -78 78 0
56 28 0 -77 77 0
56 28 -28 -76 76 152
56 28 0 -76 76 0
56 28 0 -75 75 0
56 28 0 -74 74 0
56 28 0 -73 73 0
56 28 -28 -72 72 144
56 28 0 -72 72 0
56 28 0 -71 71 0
56 28 0 -70 70 0
56 28 0 -69 69 0
56 28 -28 -68 68 136
56 28 0 -68 68 0
56 28 0 -67 67 0
56 28 0 -66 66 0
56 28 0 -65 65 0
56 28 -28 -64 64 128
56 28 0 -64 64 0
56 28 0 -63 63 0
56 28 0 -62 62 0
56 28 0 -61 61 0
56 28 -28 -60 60 120
56 28 0 -60 60 0
56 28 0 -59 59 0
56 28 0 -58 58 0
56 28 0 -57 57 0
56 28 -28 -56 56 112
56 28 0 -56 56 0
56 28 0 -55 55 0
56 28 0 -54 54 0
56 28 0 -53 53 0
56 28 -28 -52 52 104
56 28 0 -52 52 0
56 28 0 -51 51 0
56 28 0 -50 50 0
56 28 0 -49 49 0
56 28 -28 -48 48 96
56 28 0 -48 48 0
56 28 0 -47 47 0
56 28 0 -46 46 0
56 28 0 -45 45 0
56 28 -28 -44 44 88
56 28 0 -44 44 0
56 28 0 -43 43 0
56 28 0 -42 42 0
56 28 0 -41 41 0
56 28 -28 -40 40 80
56 28 0 -40 40 0
56 28 0 -39 39 0
56 28 0 -38 38 0
56 28 0 -37 37 0
56 28 -28 -36 36 72
56 28 0 -36 36 0
56 28 0 -35 35 0
56 28 0 -34 34 0
56 28 0 -33 33 0
56 28 -28 -32 32 64
56 28 0 -32 32 0
56 28 0 -31 31 0
56 28 0 -30 30 0
56 28 0 -29 29 0
56 28 -28 -28 28 56
56 28 0 -28 28 0
56 28 0 -27 27 0
56 28 0 -26 26 0
56 28 0 -25 25 0
56 28 -28 -24 24 48
56 28 0 -24 24 0
56 28 0 -23 23 0
56 28 0 -22 22 0
56 28 0 -21 21 0
56 28 -28 -20 20 40
56 28 0 -20 20 0
56 28 0 -19 19 0
56 28 0 -18 18 0
56 28 0 -17 17 0
56 28 -28 -16 16 32
56 28 0 -16 16 0
56 28 0 -15 15 0
56 28 0 -14 14 0
56 28 0 -13 13 0
56 28 -28 -12 12 24
56 28 0 -12 12 0
56 28 0 -11 11 0
56 28 0 -10 10 0
56 28 0 -9 9 0
56 28 -28 -8 8 16
56 28 0 -8 8 0
56 28 0 -7 7 0
56 28 0 -6 6 0
56 28 0 -5 5 0
56 28 -28 -4 4 8
56 28 0 -4 4 0
56 28 0 -3 3 0
56 28 0 -2 2 0
56 28 0 -1 1 0
56 28 0 1 -1 0
56 28 0 2 -2 0
56 28 0 3 -3 0
56 28 -28 4 -4 -8
56 28 0 4 -4 0
56 28 0 5 -5 0
56 28 0 6 -6 0
56 28 0 7 -7 0
56 28 -28 8 -8 -16
56 28 0 8 -8 0
56 28 0 9 -9 0
56 28 0 10 -10 0
56 28 0 11 -11 0
56 28 -28 12 -12 -24
56 28 0 12 -12 0
56 28 0 13 -13 0
56 28 0 14 -14 0
56 28 0 15 -15 0
56 28 -28 16 -16 -32
56 28 0 16 -16 0
56 28 0 17 -17 0
56 28 0 18 -18 0
56 28 0 19 -19 0
56 28 -28 20 -20 -40
56 28 0 20 -20 0
56 28 0 21 -21 0
56 28 0 22 -22 0
56 28 0 23 -23 0
56 28 -28 24 -24 -48
56 28 0 24 -24 0
56 28 0 25 -25 0
56 28 0 26 -26 0
56 28 0 27 -27 0
56 28 -28 28 -28 -56
56 28 0 28 -28 0
56 28 0 29 -29 0
56 28 0 30 -30 0
56 28 0 31 -31 0
56 28 -28 32 -32 -64
56 28 0 32 -32 0
56 28 0 33 -33 0
56 28 0 34 -34 0
56 28 0 35 -35 0
56 28 -28 36 -36 -72
56 28 0 36 -36 0
56 28 0 37 -37 0
56 28 0 38 -38 0
56 28 0 39 -39 0
56 28 -28 40 -40 -80
56 28 0 40 -40 0
56 28 0 41 -41 0
56 28 0 42 -42 0
56 28 0 43 -43 0
56 28 -28 44 -44 -88
56 28 0 44 -44 0
56 28 0 45 -45 0
56 28 0 46 -46 0
56 28 0 47 -47 0
56 28 -28 48 -48 -96
56 28 0 48 -48 0
56 28 0 49 -49 0
56 28 0 50 -50 0
56 28 0 51 -51 0
56 28 -28 52 -52 -104
56 28 0 52 -52 0
56 28 0 53 -53 0
56 28 0 54 -54 0
56 28 0 55 -55 0
56 28 -28 56 -56 -112
56 28 0 56 -56 0
56 28 0 57 -57 0
56 28 0 58 -58 0
56 28 0 59 -59 0
56 28 -28 60 -60 -120
56 28 0 60 -60 0
56 28 0 61 -61 0
56 28 0 62 -62 0
56 28 0 63 -63 0
56 28 -28 64 -64 -128
56 28 0 64 -64 0
56 28 0 65 -65 0
56 28 0 66 -66 0
56 28 0 67 -67 0
56 28 -28 68 -68 -136
56 28 0 68 -68 0
56 28 0 69 -69 0
56 28 0 70 -70 0
56 28 0 71 -71 0
56 28 -28 72 -72 -144
56 28 0 72 -72 0
56 28 0 73 -73 0
56 28 0 74 -74 0
56 28 0 75 -75 0
56 28 -28 76 -76 -152
56 28 0 76 -76 0
56 28 0 77 -77 0
56 28 0 78 -78 0
56 28 0 79 -79 0
56 28 -28 80 -80 -160
56 28 0 80 -80 0
56 28 0 81 -81 0
56 28 -82 82 -82 -164
56 28 -2 82 -82 -164
56 28 0 82 -82 0
56 28 0 83 -83 0
56 28 -28 84 -84 -168
56 28 0 84 -84 0
56 28 0 85 -85 0
56 28 0 86 -86 0
56 28 0 87 -87 0
56 28 -28 88 -88 -176
56 28 0 88 -88 0
56 28 0 89 -89 0
56 28 0 90 -90 0
56 28 0 91 -91 0
56 28 -28 92 -92 -184
56 28 0 92 -92 0
56 28 0 93 -93 0
56 28 0 94 -94 0
56 28 0 95 -95 0
56 28 -28 96 -96 -192
56 28 0 96 -96 0
56 28 0 97 -97 0
56 28 0 98 -98 0
56 28 0 99 -99 0
56 28 -28 100 -100 -200
56 28 0 100 -100 0
56 28 0 101 -101 0
56 28 0 102 -102 0
56 28 0 103 -103 0
56 28 -28 104 -104 -208
56 28 0 104 -104 0
56 28 0 105 -105 0
56 28 0 106 -106 0
56 28 0 107 -107 0
56 28 -28 108 -108 -216
56 28 0 108 -108 0
56 28 0 109 -109 0
56 28 0 110 -110 0
56 28 0 111 -111 0
56 28 -28 112 -112 -224
56 28 0 112 -112 0
56 28 0 113 -113 0
56 28 0 114 -114 0
56 28 0 115 -115 0
56 28 -28 116 -116 -232
56 28 0 116 -116 0
56 28 0 117 -117 0
56 28 0 118 -118 0
56 28 0 119 -119 0
56 28 -28 120 -120 -240
56 28 0 120 -120 0
56 28 0 121 -121 0
56 28 0 122 -122 0
56 28 0 123 -123 0
56 28 -28 124 -124 -248
56 28 0 124 -124 0
56 28 0 125 -125 0
56 28 0 126 -126 0
56 28 0 127 -127 0
56 28 -28 128 -128 -256
56 28 0 128 -128 0
56 28 0 129 -129 0
56 28 0 130 -130 0
56 28 0 131 -131 0
56 28 -28 132 -132 -264
56 28 0 132 -132 0
56 28 0 133 -133 0
56 28 0 134 -134 0
56 28 0 135 -135 0
56 28 -28 136 -136 -272
56 28 0 136 -136 0
56 28 0 137 -137 0
56 28 0 138 -138 0
56 28 0 139 -139 0
56 28 -28 140 -140 -280
56 28 0 140 -140 0
56 28 0 141 -141 0
56 28 0 142 -142 0
56 28 0 143 -143 0
56 28 -28 144 -144 -288
56 28 0 144 -144 0
56 28 0 145 -145 0
56 28 0 146 -146 0
56 28 0 147 -147 0
56 28 -28 148 -148 -296
56 28 0 148 -148 0
56 28 0 149 -149 0
56 28 0 150 -150 0
58 29 0 -150 150 0
58 29 0 -149 149 0
58 29 0 -148 148 0
58 29 -29 -147 147 294
58 29 0 -147 147 0
58 29 0 -146 146 0
58 29 0 -145 145 0
58 29 0 -144 144 0
58 29 -29 -143 143 286
58 29 0 -143 143 0
58 29 0 -142 142 0
58 29 0 -141 141 0
58 29 0 -140 140 0
58 29 -29 -139 139 278
58 29 0 -139 139 0
58 29 0 -138 138 0
58 29 0 -137 137 0
58 29 0 -136 136 0
58 29 -90 -135 135 270
58 29 -29 -135 135 270
58 29 0 -135 135 0
58 29 3 -135 135 270
58 29 0 -134 134 0
58 29 0 -133 133 0
58 29 0 -132 132 0
58 29 -29 -131 131 262
58 29 0 -131 131 0
58 29 0 -130 130 0
58 29 0 -129 129 0
58 29 0 -128 128 0
58 29 -29 -127 127 254
58 29 0 -127 127 0
58 29 0 -126 126 0
58 29 0 -125 125 0
58 29 0 -124 124 0
58 29 -29 -123 123 246
58 29 0 -123 123 0
58 29 0 -122 122 0
58 29 0 -121 121 0
58 29 -30 -120 120 90
58 29 0 -120 120 0
58 29 -29 -119 119 238
58 29 0 -119 119 0
58 29 0 -118 118 0
58 29 0 -117 117 0
58 29 0 -116 116 0
58 29 -29 -115 115 230
58 29 0 -115 115 0
58 29 0 -114 114 0
58 29 0 -113 113 0
58 29 0 -112 112 0
58 29 -29 -111 111 222
58 29 0 -111 111 0
58 29 0 -110 110 0
58 29 0 -109 109 0
58 29 0 -108 108 0
58 29 -29 -107 107 214
58 29 0 -107 107 0
58 29 0 -106 106 0
58 29 0 -105 105 0
58 29 0 -104 104 0
58 29 -29 -103 103 206
58 29 0 -103 103 0
58 29 0 -102 102 0
58 29 0 -101 101 0
58 29 0 -100 100 0
58 29 -29 -99 99 198
58 29 0 -99 99 0
58 29 0 -98 98 0
58 29 0 -97 97 0
58 29 0 -96 96 0
58 29 -29 -95 95 190
58 29 0 -95 95 0
58 29 0 -94 94 0
58 29 0 -93 93 0
58 29 0 -92 92 0
58 29 -29 -91 91 182
58 29 0 -91 91 0
58 29 0 -90 90 0
58 29 -89 -89 89 178
58 29 0 -89 89 0
58 29 2 -89 89 178
58 29 0 -88 88 0
58 29 -29 -87 87 174
58 29 0 -87 87 0
58 29 0 -86 86 0
58 29 0 -85 85 0
58 29 0 -84 84 0
58 29 -29 -83 83 166
58 29 0 -83 83 0
58 29 0 -82 82 0
58 29 0 -81 81 0
58 29 0 -80 80 0
58 29 -29 -79 79 158
58 29 0 -79 79 0
58 29 0 -78 78 0
58 29 0 -77 77 0
58 29 0 -76 76 0
58 29 -29 -75 75 150
58 29 0 -75 75 0
58 29 0 -74 74 0
58 29 0 -73 73 0
58 29 0 -72 72 0
58 29 -29 -71 71 142
58 29 0 -71 71 0
58 29 0 -70 70 0
58 29 0 -69 69 0
58 29 0 -68 68 0
58 29 -29 -67 67 134
58 29 0 -67 67 0
58 29 0 -66 66 0
58 29 0 -65 65 0
58 29 0 -64 64 0
58 29 -29 -63 63 126
58 29 0 -63 63 0
58 29 0 -62 62 0
58 29 0 -61 61 0
58 29 0 -60 60 0
58 29 -29 -59 59 118
58 29 0 -59 59 0
58 29 0 -58 58 0
58 29 0 -57 57 0
58 29 0 -56 56 0
58 29 -29 -55 55 110
58 29 0 -55 55 0
58 29 0 -54 54 0
58 29 0 -53 53 0
58 29 0 -52 52 0
58 29 -29 -51 51 102
58 29 0 -51 51 0
58 29 0 -50 50 0
58 29 0 -49 49 0
58 29 0 -48 48 0
58 29 -29 -47 47 94
58 29 0 -47 47 0
58 29 0 -46 46 0
58 29 0 -45 45 0
58 29 -88 -44 44 88
58 29 0 -44 44 0
58 29 1 -44 44 88
58 29 -29 -43 43 86
58 29 0 -43 43 0
58 29 0 -42 42 0
58 29 0 -41 41 0
58 29 0 -40 40 0
58 29 -29 -39 39 78
58 29 0 -39 39 0
58 29 0 -38 38 0
58 29 0 -37 37 0
58 29 0 -36 36 0
58 29 -29 -35 35 70
58 29 0 -35 35 0
58 29 0 -34 34 0
58 29 0 -33 33 0
58 29 0 -32 32 0
58 29 -29 -31 31 62
58 29 0 -31 31 0
58 29 0 -30 30 0
58 29 0 -29 29 0
58 29 0 -28 28 0
58 29 -29 -27 27 54
58 29 0 -27 27 0
58 29 0 -26 26 0
58 29 0 -25 25 0
58 29 0 -24 24 0
58 29 -29 -23 23 46
58 29 0 -23 23 0
58 29 0 -22 22 0
58 29 0 -21 21 0
58 29 0 -20 20 0
58 29 -29 -19 19 38
58 29 0 -19 19 0
58 29 0 -18 18 0
58 29 0 -17 17 0
58 29 0 -16 16 0
58 29 -29 -15 15 30
58 29 0 -15 15 0
58 29 0 -14 14 0
58 29 0 -13 13 0
58 29 0 -12 12 0
58 29 -29 -11 11 22
58 29 0 -11 11 0
58 29 0 -10 10 0
58 29 0 -9 9 0
58 29 0 -8 8 0
58 29 -29 -7 7 14
58 29 0 -7 7 0
58 29 0 -6 6 0
58 29 0 -5 5 0
58 29 0 -4 4 0
58 29 -29 -3 3 6
58 29 0 -3 3 0
58 29 0 -2 2 0
58 29 0 -1 1 0
58 29 -29 1 -1 -2
58 29 0 1 -1 0
58 29 0 2 -2 0
58 29 0 3 -3 0
58 29 0 4 -4 0
58 29 -29 5 -5 -10
58 29 0 5 -5 0
58 29 0 6 -6 0
58 29 0 7 -7 0
58 29 0 8 -8 0
58 29 -29 9 -9 -18
58 29 0 9 -9 0
58 29 0 10 -10 0
58 29 0 11 -11 0
58 29 0 12 -12 0
58 29 -29 13 -13 -26
58 29 0 13 -13 0
58 29 0 14 -14 0
58 29 0 15 -15 0
58 29 0 16 -16 0
58 29 -29 17 -17 -34
58 29 0 17 -17 0
58 29 0 18 -18 0
58 29 0 19 -19 0
58 29 0 20 -20 0
58 29 -29 21 -21 -42
58 29 0 21 -21 0
58 29 0 22 -22 0
58 29 0 23 -23 0
58 29 0 24 -24 0
58 29 -29 25 -25 -50
58 29 0 25 -25 0
58 29 0 26 -26 0
58 29 0 27 -27 0
58 29 0 28 -28 0
58 29 -29 29 -29 -58
58 29 0 29 -29 0
58 29 0 30 -30 0
58 29 0 31 -31 0
58 29 0 32 -32 0
58 29 -29 33 -33 -66
58 29 0 33 -33 0
58 29 0 34 -34 0
58 29 0 35 -35 0
58 29 0 36 -36 0
58 29 -29 37 -37 -74
58 29 0 37 -37 0
58 29 0 38 -38 0
58 29 0 39 -39 0
58 29 0 40 -40 0
58 29 -29 41 -41 -82
58 29 0 41 -41 0
58 29 0 42 -42 0
58 29 -86 43 -43 -86
58 29 -1 43 -43 -86
58 29 0 43 -43 0
58 29 0 44 -44 0
58 29 -29 45 -45 -90
58 29 0 45 -45 0
58 29 0 46 -46 0
58 29 0 47 -47 0
58 29 0 48 -48 0
58 29 -29 49 -49 -98
58 29 0 49 -49 0
58 29 0 50 -50 0
58 29 0 51 -51 0
58 29 0 52 -52 0
58 29 -29 53 -53 -106
58 29 0 53 -53 0
58 29 0 54 -54 0
58 29 0 55 -55 0
58 29 0 56 -56 0
58 29 -29 57 -57 -114
58 29 0 57 -57 0
58 29 0 58 -58 0
58 29 0 59 -59 0
58 29 0 60 -60 0
58 29 -29 61 -61 -122
58 29 0 61 -61 0
58 29 0 62 -62 0
58 29 0 63 -63 0
58 29 0 64 -64 0
58 29 -29 65 -65 -130
58 29 0 65 -65 0
58 29 0 66 -66 0
58 29 0 67 -67 0
58 29 0 68 -68 0
58 29 -29 69 -69 -138
58 29 0 69 -69 0
58 29 0 70 -70 0
58 29 0 71 -71 0
58 29 0 72 -72 0
58 29 -29 73 -73 -146
58 29 0 73 -73 0
58 29 0 74 -74 0
58 29 0 75 -75 0
58 29 0 76 -76 0
58 29 -29 77 -77 -154
58 29 0 77 -77 0
58 29 0 78 -78 0
58 29 0 79 -79 0
58 29 0 80 -80 0
58 29 -29 81 -81 -162
58 29 0 81 -81 0
58 29 0 82 -82 0
58 29 0 83 -83 0
58 29 0 84 -84 0
58 29 -85 85 -85 -170
58 29 -29 85 -85 -170
58 29 -2 85 -85 -170
58 29 0 85 -85 0
58 29 0 86 -86 0
58 29 0 87 -87 0
58 29 0 88 -88 0
58 29 -29 89 -89 -178
58 29 0 89 -89 0
58 29 0 90 -90 0
58 29 0 91 -91 0
58 29 0 92 -92 0
58 29 -29 93 -93 -186
58 29 0 93 -93 0
58 29 0 94 -94 0
58 29 0 95 -95 0
58 29 0 96 -96 0
58 29 -29 97 -97 -194
58 29 0 97 -97 0
58 29 0 98 -98 0
58 29 0 99 -99 0
58 29 0 100 -100 0
58 29 -29 101 -101 -202
58 29 0 101 -101 0
58 29 0 102 -102 0
58 29 0 103 -103 0
58 29 0 104 -104 0
58 29 -29 105 -105 -210
58 29 0 105 -105 0
58 29 0 106 -106 0
58 29 0 107 -107 0
58 29 0 108 -108 0
58 29 -29 109 -109 -218
58 29 0 109 -109 0
58 29 0 110 -110 0
58 29 0 111 -111 0
58 29 -28 112 -112 -84
58 29 0 112 -112 0
58 29 -29 113 -113 -226
58 29 0 113 -113 0
58 29 0 114 -114 0
58 29 0 115 -115 0
58 29 0 116 -116 0
58 29 -29 117 -117 -234
58 29 0 117 -117 0
58 29 0 118 -118 0
58 29 0 119 -119 0
58 29 0 120 -120 0
58 29 -29 121 -121 -242
58 29 0 121 -121 0
58 29 0 122 -122 0
58 29 0 123 -123 0
58 29 0 124 -124 0
58 29 -29 125 -125 -250
58 29 0 125 -125 0
58 29 -84 126 -126 -252
58 29 -3 126 -126 -252
58 29 0 126 -126 0
58 29 0 127 -127 0
58 29 0 128 -128 0
58 29 -29 129 -129 -258
58 29 0 129 -129 0
58 29 0 130 -130 0
58 29 0 131 -131 0
58 29 0 132 -132 0
58 29 -29 133 -133 -266
58 29 0 133 -133 0
58 29 0 134 -134 0
58 29 0 135 -135 0
58 29 0 136 -136 0
58 29 -29 137 -137 -274
58 29 0 137 -137 0
58 29 0 138 -138 0
58 29 0 139 -139 0
58 29 0 140 -140 0
58 29 -29 141 -141 -282
58 29 0 141 -141 0
58 29 0 142 -142 0
58 29 0 143 -143 0
58 29 0 144 -144 0
58 29 -29 145 -145 -290
58 29 0 145 -145 0
58 29 0 146 -146 0
58 29 0 147 -147 0
58 29 0 148 -148 0
58 29 -29 149 -149 -298
58 29 0 149 -149 0
58 29 0 150 -150 0
60 30 0 -150 150 0
60 30 0 -149 149 0
60 30 -30 -148 148 296
60 30 0 -148 148 0
60 30 0 -147 147 0
60 30 0 -146 146 0
60 30 0 -145 145 0
60 30 -30 -144 144 288
60 30 0 -144 144 0
60 30 0 -143 143 0
60 30 0 -142 142 0
60 30 0 -141 141 0
60 30 -30 -140 140 280
60 30 0 -140 140 0
60 30 0 -139 139 0
60 30 0 -138 138 0
60 30 0 -137 137 0
60 30 -30 -136 136 272
60 30 0 -136 136 0
60 30 0 -135 135 0
60 30 0 -134 134 0
60 30 0 -133 133 0
60 30 -30 -132 132 264
60 30 0 -132 132 0
60 30 0 -131 131 0
60 30 0 -130 130 0
60 30 0 -129 129 0
60 30 -30 -128 128 256
60 30 0 -128 128 0
60 30 0 -127 127 0
60 30 0 -126 126 0
60 30 0 -125 125 0
60 30 -30 -124 124 248
60 30 0 -124 124 0
60 30 0 -123 123 0
60 30 0 -122 122 0
60 30 0 -121 121 0
60 30 -30 -120 120 240
60 30 0 -120 120 0
60 30 0 -119 119 0
60 30 0 -118 118 0
60 30 0 -117 117 0
60 30 -30 -116 116 232
60 30 0 -116 116 0
60 30 0 -115 115 0
60 30 0 -114 114 0
60 30 0 -113 113 0
60 30 -30 -112 112 224
60 30 0 -112 112 0
60 30 0 -111 111 0
60 30 0 -110 110 0
60 30 0 -109 109 0
60 30 -30 -108 108 216
60 30 0 -108 108 0
60 30 0 -107 107 0
60 30 0 -106 106 0
60 30 0 -105 105 0
60 30 -30 -104 104 208
60 30 0 -104 104 0
60 30 0 -103 103 0
60 30 0 -102 102 0
60 30 0 -101 101 0
60 30 -30 -100 100 200
60 30 0 -100 100 0
60 30 0 -99 99 0
60 30 0 -98 98 0
60 30 0 -97 97 0
60 30 -30 -96 96 192
60 30 0 -96 96 0
60 30 0 -95 95 0
60 30 0 -94 94 0
60 30 0 -93 93 0
60 30 -92 -92 92 184
60 30 -30 -92 92 184
60 30 0 -92 92 0
60 30 2 -92 92 184
60 30 0 -91 91 0
60 30 0 -90 90 0
60 30 0 -89 89 0
60 30 -30 -88 88 176
60 30 0 -88 88 0
60 30 0 -87 87 0
60 30 0 -86 86 0
60 30 0 -85 85 0
60 30 -30 -84 84 168
60 30 0 -84 84 0
60 30 0 -83 83 0
60 30 0 -82 82 0
60 30 0 -81 81 0
60 30 -30 -80 80 160
60 30 0 -80 80 0
60 30 0 -79 79 0
60 30 0 -78 78 0
60 30 0 -77 77 0
60 30 -30 -76 76 152
60 30 0 -76 76 0
60 30 0 -75 75 0
60 30 0 -74 74 0
60 30 0 -73 73 0
60 30 -30 -72 72 144
60 30 0 -72 72 0
60 30 0 -71 71 0
60 30 0 -70 70 0
60 30 0 -69 69 0
60 30 -30 -68 68 136
60 30 0 -68 68 0
60 30 0 -67 67 0
60 30 0 -66 66 0
60 30 0 -65 65 0
60 30 -30 -64 64 128
60 30 0 -64 64 0
60 30 0 -63 63 0
60 30 0 -62 62 0
60 30 0 -61 61 0
60 30 -30 -60 60 120
60 30 0 -60 60 0
60 30 0 -59 59 0
60 30 0 -58 58 0
60 30 0 -57 57 0
60 30 -30 -56 56 112
60 30 0 -56 56 0
60 30 0 -55 55 0
60 30 0 -54 54 0
60 30 0 -53 53 0
60 30 -30 -52 52 104
60 30 0 -52 52 0
60 30 0 -51 51 0
60 30 0 -50 50 0
60 30 0 -49 49 0
60 30 -30 -48 48 96
60 30 0 -48 48 0
60 30 0 -47 47 0
60 30 0 -46 46 0
60 30 0 -45 45 0
60 30 -30 -44 44 88
60 30 0 -44 44 0
60 30 0 -43 43 0
60 30 0 -42 42 0
60 30 0 -41 41 0
60 30 -30 -40 40 80
60 30 0 -40 40 0
60 30 0 -39 39 0
60 30 0 -38 38 0
60 30 0 -37 37 0
60 30 -30 -36 36 72
60 30 0 -36 36 0
60 30 0 -35 35 0
60 30 0 -34 34 0
60 30 0 -33 33 0
60 30 -30 -32 32 64
60 30 0 -32 32 0
60 30 0 -31 31 0
60 30 0 -30 30 0
60 30 0 -29 29 0
60 30 -30 -28 28 56
60 30 0 -28 28 0
60 30 0 -27 27 0
60 30 0 -26 26 0
60 30 0 -25 25 0
60 30 -30 -24 24 48
60 30 0 -24 24 0
60 30 0 -23 23 0
60 30 0 -22 22 0
60 30 0 -21 21 0
60 30 -30 -20 20 40
60 30 0 -20 20 0
60 30 0 -19 19 0
60 30 0 -18 18 0
60 30 0 -17 17 0
60 30 -30 -16 16 32
60 30 0 -16 16 0
60 30 0 -15 15 0
60 30 0 -14 14 0
60 30 0 -13 13 0
60 30 -30 -12 12 24
60 30 0 -12 12 0
60 30 0 -11 11 0
60 30 0 -10 10 0
60 30 0 -9 9 0
60 30 -30 -8 8 16
60 30 0 -8 8 0
60 30 0 -7 7 0
60 30 0 -6 6 0
60 30 0 -5 5 0
60 30 -30 -4 4 8
60 30 0 -4 4 0
60 30 0 -3 3 0
60 30 0 -2 2 0
60 30 0 -1 1 0
60 30 0 1 -1 0
60 30 0 2 -2 0
60 30 0 3 -3 0
60 30 -30 4 -4 -8
60 30 0 4 -4 0
60 30 0 5 -5 0
60 30 0 6 -6 0
60 30 0 7 -7 0
60 30 -30 8 -8 -16
60 30 0 8 -8 0
60 30 0 9 -9 0
60 30 0 10 -10 0
60 30 0 11 -11 0
60 30 -30 12 -12 -24
60 30 0 12 -12 0
60 30 0 13 -13 0
60 30 0 14 -14 0
60 30 0 15 -15 0
60 30 -30 16 -16 -32
60 30 0 16 -16 0
60 30 0 17 -17 0
60 30 0 18 -18 0
60 30 0 19 -19 0
60 30 -30 20 -20 -40
60 30 0 20 -20 0
60 30 0 21 -21 0
60 30 0 22 -22 0
60 30 0 23 -23 0
60 30 -30 24 -24 -48
60 30 0 24 -24 0
60 30 0 25 -25 0
60 30 0 26 -26 0
60 30 0 27 -27 0
60 30 -30 28 -28 -56
60 30 0 28 -28 0
60 30 0 29 -29 0
60 30 0 30 -30 0
60 30 0 31 -31 0
60 30 -30 32 -32 -64
60 30 0 32 -32 0
60 30 0 33 -33 0
60 30 0 34 -34 0
60 30 0 35 -35 0
60 30 -30 36 -36 -72
60 30 0 36 -36 0
60 30 0 37 -37 0
60 30 0 38 -38 0
60 30 0 39 -39 0
60 30 -30 40 -40 -80
60 30 0 40 -40 0
60 30 0 41 -41 0
60 30 0 42 -42 0
60 30 0 43 -43 0
60 30 -30 44 -44 -88
60 30 0 44 -44 0
60 30 0 45 -45 0
60 30 0 46 -46 0
60 30 0 47 -47 0
60 30 -30 48 -48 -96
60 30 0 48 -48 0
60 30 0 49 -49 0
60 30 0 50 -50 0
60 30 0 51 -51 0
60 30 -30 52 -52 -104
60 30 0 52 -52 0
60 30 0 53 -53 0
60 30 0 54 -54 0
60 30 0 55 -55 0
60 30 -30 56 -56 -112
60 30 0 56 -56 0
60 30 0 57 -57 0
60 30 0 58 -58 0
60 30 0 59 -59 0
60 30 -30 60 -60 -120
60 30 0 60 -60 0
60 30 0 61 -61 0
60 30 0 62 -62 0
60 30 0 63 -63 0
60 30 -30 64 -64 -128
60 30 0 64 -64 0
60 30 0 65 -65 0
60 30 0 66 -66 0
60 30 0 67 -67 0
60 30 -30 68 -68 -136
60 30 0 68 -68 0
60 30 0 69 -69 0
60 30 0 70 -70 0
60 30 0 71 -71 0
60 30 -30 72 -72 -144
60 30 0 72 -72 0
60 30 0 73 -73 0
60 30 0 74 -74 0
60 30 0 75 -75 0
60 30 -30 76 -76 -152
60 30 0 76 -76 0
60 30 0 77 -77 0
60 30 0 78 -78 0
60 30 0 79 -79 0
60 30 -30 80 -80 -160
60 30 0 80 -80 0
60 30 0 81 -81 0
60 30 0 82 -82 0
60 30 0 83 -83 0
60 30 -30 84 -84 -168
60 30 0 84 -84 0
60 30 0 85 -85 0
60 30 0 86 -86 0
60 30 0 87 -87 0
60 30 -88 88 -88 -176
60 30 -30 88 -88 -176
60 30 -2 88 -88 -176
60 30 0 88 -88 0
60 30 0 89 -89 0
60 30 0 90 -90 0
60 30 0 91 -91 0
60 30 -30 92 -92 -184
60 30 0 92 -92 0
60 30 0 93 -93 0
60 30 0 94 -94 0
60 30 0 95 -95 0
60 30 -30 96 -96 -192
60 30 0 96 -96 0
60 30 0 97 -97 0
60 30 0 98 -98 0
60 30 0 99 -99 0
60 30 -30 100 -100 -200
60 30 0 100 -100 0
60 30 0 101 -101 0
60 30 0 102 -102 0
60 30 0 103 -103 0
60 30 -30 104 -104 -208
60 30 0 104 -104 0
60 30 0 105 -105 0
60 30 0 106 -106 0
60 30 0 107 -107 0
60 30 -30 108 -108 -216
60 30 0 108 -108 0
60 30 0 109 -109 0
60 30 0 110 -110 0
60 30 0 111 -111 0
60 30 -30 112 -112 -224
60 30 0 112 -112 0
60 30 0 113 -113 0
60 30 0 114 -114 0
60 30 0 115 -115 0
60 30 -30 116 -116 -232
60 30 0 116 -116 0
60 30 0 117 -117 0
60 30 0 118 -118 0
60 30 0 119 -119 0
60 30 -30 120 -120 -240
60 30 0 120 -120 0
60 30 0 121 -121 0
60 30 0 122 -122 0
60 30 0 123 -123 0
60 30 -30 124 -124 -248
60 30 0 124 -124 0
60 30 0 125 -125 0
60 30 0 126 -126 0
60 30 0 127 -127 0
60 30 -30 128 -128 -256
60 30 0 128 -128 0
60 30 0 129 -129 0
60 30 0 130 -130 0
60 30 0 131 -131 0
60 30 -30 132 -132 -264
60 30 0 132 -132 0
60 30 0 133 -133 0
60 30 0 134 -134 0
60 30 0 135 -135 0
60 30 -30 136 -136 -272
60 30 0 136 -136 0
60 30 0 137 -137 0
60 30 0 138 -138 0
60 30 0 139 -139 0
60 30 -30 140 -140 -280
60 30 0 140 -140 0
60 30 0 141 -141 0
60 30 0 142 -142 0
60 30 0 143 -143 0
60 30 -30 144 -144 -288
60 30 0 144 -144 0
60 30 0 145 -145 0
60 30 0 146 -146 0
60 30 0 147 -147 0
60 30 -30 148 -148 -296
60 30 0 148 -148 0
60 30 0 149 -149 0
60 30 0 150 -150 0
62 31 0 -150 150 0
62 31 0 -149 149 0
62 31 0 -148 148 0
62 31 -31 -147 147 294
62 31 0 -147 147 0
62 31 0 -146 146 0
62 31 0 -145 145 0
62 31 -96 -144 144 288
62 31 0 -144 144 0
62 31 3 -144 144 288
62 31 -31 -143 143 286
62 31 0 -143 143 0
62 31 0 -142 142 0
62 31 0 -141 141 0
62 31 0 -140 140 0
62 31 -31 -139 139 278
62 31 0 -139 139 0
62 31 0 -138 138 0
62 31 0 -137 137 0
62 31 0 -136 136 0
62 31 -31 -135 135 270
62 31 0 -135 135 0
62 31 0 -134 134 0
62 31 0 -133 133 0
62 31 0 -132 132 0
62 31 -31 -131 131 262
62 31 0 -131 131 0
62 31 0 -130 130 0
62 31 0 -129 129 0
62 31 -32 -128 128 96
62 31 0 -128 128 0
62 31 -31 -127 127 254
62 31 0 -127 127 0
62 31 0 -126 126 0
62 31 0 -125 125 0
62 31 0 -124 124 0
62 31 -31 -123 123 246
62 31 0 -123 123 0
62 31 0 -122 122 0
62 31 0 -121 121 0
62 31 0 -120 120 0
62 31 -31 -119 119 238
62 31 0 -119 119 0
62 31 0 -118 118 0
62 31 0 -117 117 0
62 31 0 -116 116 0
62 31 -31 -115 115 230
62 31 0 -115 115 0
62 31 0 -114 114 0
62 31 0 -113 113 0
62 31 0 -112 112 0
62 31 -31 -111 111 222
62 31 0 -111 111 0
62 31 0 -110 110 0
62 31 0 -109 109 0
62 31 0 -108 108 0
62 31 -31 -107 107 214
62 31 0 -107 107 0
62 31 0 -106 106 0
62 31 0 -105 105 0
62 31 0 -104 104 0
62 31 -31 -103 103 206
62 31 0 -103 103 0
62 31 0 -102 102 0
62 31 0 -101 101 0
62 31 0 -100 100 0
62 31 -31 -99 99 198
62 31 0 -99 99 0
62 31 0 -98 98 0
62 31 0 -97 97 0
62 31 0 -96 96 0
62 31 -95 -95 95 190
62 31 -31 -95 95 190
62 31 0 -95 95 0
62 31 2 -95 95 190
62 31 0 -94 94 0
62 31 0 -93 93 0
62 31 0 -92 92 0
62 31 -31 -91 91 182
62 31 0 -91 91 0
62 31 0 -90 90 0
62 31 0 -89 89 0
62 31 0 -88 88 0
62 31 -31 -87 87 174
62 31 0 -87 87 0
62 31 0 -86 86 0
62 31 0 -85 85 0
62 31 0 -84 84 0
62 31 -31 -83 83 166
62 31 0 -83 83 0
62 31 0 -82 82 0
62 31 0 -81 81 0
62 31 0 -80 80 0
62 31 -31 -79 79 158
62 31 0 -79 79 0
62 31 0 -78 78 0
62 31 0 -77 77 0
62 31 0 -76 76 0
62 31 -31 -75 75 150
62 31 0 -75 75 0
62 31 0 -74 74 0
62 31 0 -73 73 0
62 31 0 -72 72 0
62 31 -31 -71 71 142
62 31 0 -71 71 0
62 31 0 -70 70 0
62 31 0 -69 69 0
62 31 0 -68 68 0
62 31 -31 -67 67 134
62 31 0 -67 67 0
62 31 0 -66 66 0
62 31 0 -65 65 0
62 31 0 -64 64 0
62 31 -31 -63 63 126
62 31 0 -63 63 0
62 31 0 -62 62 0
62 31 0 -61 61 0
62 31 0 -60 60 0
62 31 -31 -59 59 118
62 31 0 -59 59 0
62 31 0 -58 58 0
62 31 0 -57 57 0
62 31 0 -56 56 0
62 31 -31 -55 55 110
62 31 0 -55 55 0
62 31 0 -54 54 0
62 31 0 -53 53 0
62 31 0 -52 52 0
62 31 -31 -51 51 102
62 31 0 -51 51 0
62 31 0 -50 50 0
62 31 0 -49 49 0
62 31 0 -48 48 0
62 31 -94 -47 47 94
62 31 -31 -47 47 94
62 31 0 -47 47 0
62 31 1 -47 47 94
62 31 0 -46 46 0
62 31 0 -45 45 0
62 31 0 -44 44 0
62 31 -31 -43 43 86
62 31 0 -43 43 0
62 31 0 -42 42 0
62 31 0 -41 41 0
62 31 0 -40 40 0
62 31 -31 -39 39 78
62 31 -30 -39 39 234
62 31 0 -39 39 0
62 31 0 -38 38 0
62 31 0 -37 37 0
62 31 0 -36 36 0
62 31 -31 -35 35 70
62 31 0 -35 35 0
62 31 0 -34 34 0
62 31 0 -33 33 0
62 31 0 -32 32 0
62 31 -31 -31 31 62
62 31 0 -31 31 0
62 31 0 -30 30 0
62 31 0 -29 29 0
62 31 0 -28 28 0
62 31 -31 -27 27 54
62 31 0 -27 27 0
62 31 0 -26 26 0
62 31 0 -25 25 0
62 31 0 -24 24 0
62 31 -31 -23 23 46
62 31 0 -23 23 0
62 31 0 -22 22 0
62 31 0 -21 21 0
62 31 0 -20 20 0
62 31 -31 -19 19 38
62 31 0 -19 19 0
62 31 0 -18 18 0
62 31 0 -17 17 0
62 31 0 -16 16 0
62 31 -31 -15 15 30
62 31 0 -15 15 0
62 31 0 -14 14 0
62 31 0 -13 13 0
62 31 0 -12 12 0
62 31 -31 -11 11 22
62 31 0 -11 11 0
62 31 0 -10 10 0
62 31 0 -9 9 0
62 31 0 -8 8 0
62 31 -31 -7 7 14
62 31 0 -7 7 0
62 31 0 -6 6 0
62 31 0 -5 5 0
62 31 0 -4 4 0
62 31 -31 -3 3 6
62 31 0 -3 3 0
62 31 0 -2 2 0
62 31 0 -1 1 0
62 31 -31 1 -1 -2
62 31 0 1 -1 0
62 31 0 2 -2 0
62 31 0 3 -3 0
62 31 0 4 -4 0
62 31 -31 5 -5 -10
62 31 0 5 -5 0
62 31 0 6 -6 0
62 31 0 7 -7 0
62 31 0 8 -8 0
62 31 -31 9 -9 -18
62 31 0 9 -9 0
62 31 0 10 -10 0
62 31 0 11 -11 0
62 31 0 12 -12 0
62 31 -31 13 -13 -26
62 31 0 13 -13 0
62 31 0 14 -14 0
62 31 0 15 -15 0
62 31 0 16 -16 0
62 31 -31 17 -17 -34
62 31 0 17 -17 0
62 31 0 18 -18 0
62 31 0 19 -19 0
62 31 0 20 -20 0
62 31 -31 21 -21 -42
62 31 0 21 -21 0
62 31 0 22 -22 0
62 31 0 23 -23 0
62 31 0 24 -24 0
62 31 -31 25 -25 -50
62 31 0 25 -25 0
62 31 0 26 -26 0
62 31 0 27 -27 0
62 31 0 28 -28 0
62 31 -31 29 -29 -58
62 31 0 29 -29 0
62 31 0 30 -30 0
62 31 0 31 -31 0
62 31 0 32 -32 0
62 31 -31 33 -33 -66
62 31 0 33 -33 0
62 31 0 34 -34 0
62 31 0 35 -35 0
62 31 0 36 -36 0
62 31 -31 37 -37 -74
62 31 0 37 -37 0
62 31 0 38 -38 0
62 31 0 39 -39 0
62 31 0 40 -40 0
62 31 -31 41 -41 -82
62 31 0 41 -41 0
62 31 0 42 -42 0
62 31 0 43 -43 0
62 31 0 44 -44 0
62 31 -31 45 -45 -90
62 31 0 45 -45 0
62 31 -92 46 -46 -92
62 31 -1 46 -46 -92
62 31 0 46 -46 0
62 31 0 47 -47 0
62 31 0 48 -48 0
62 31 -31 49 -49 -98
62 31 0 49 -49 0
62 31 0 50 -50 0
62 31 0 51 -51 0
62 31 0 52 -52 0
62 31 -31 53 -53 -106
62 31 0 53 -53 0
62 31 0 54 -54 0
62 31 0 55 -55 0
62 31 0 56 -56 0
62 31 -31 57 -57 -114
62 31 0 57 -57 0
62 31 0 58 -58 0
62 31 0 59 -59 0
62 31 0 60 -60 0
62 31 -31 61 -61 -122
62 31 0 61 -61 0
62 31 0 62 -62 0
62 31 0 63 -63 0
62 31 0 64 -64 0
62 31 -31 65 -65 -130
62 31 0 65 -65 0
62 31 0 66 -66 0
62 31 0 67 -67 0
62 31 0 68 -68 0
62 31 -31 69 -69 -138
62 31 0 69 -69 0
62 31 0 70 -70 0
62 31 0 71 -71 0
62 31 0 72 -72 0
62 31 -31 73 -73 -146
62 31 0 73 -73 0
62 31 0 74 -74 0
62 31 0 75 -75 0
62 31 0 76 -76 0
62 31 -31 77 -77 -154
62 31 0 77 -77 0
62 31 0 78 -78 0
62 31 0 79 -79 0
62 31 0 80 -80 0
62 31 -31 81 -81 -162
62 31 0 81 -81 0
62 31 0 82 -82 0
62 31 0 83 -83 0
62 31 0 84 -84 0
62 31 -31 85 -85 -170
62 31 0 85 -85 0
62 31 0 86 -86 0
62 31 0 87 -87 0
62 31 0 88 -88 0
62 31 -31 89 -89 -178
62 31 0 89 -89 0
62 31 0 90 -90 0
62 31 -91 91 -91 -182
62 31 -2 91 -91 -182
62 31 0 91 -91 0
62 31 0 92 -92 0
62 31 -31 93 -93 -186
62 31 0 93 -93 0
62 31 0 94 -94 0
62 31 0 95 -95 0
62 31 0 96 -96 0
62 31 -31 97 -97 -194
62 31 0 97 -97 0
62 31 0 98 -98 0
62 31 0 99 -99 0
62 31 0 100 -100 0
62 31 -31 101 -101 -202
62 31 0 101 -101 0
62 31 0 102 -102 0
62 31 0 103 -103 0
62 31 0 104 -104 0
62 31 -31 105 -105 -210
62 31 0 105 -105 0
62 31 0 106 -106 0
62 31 0 107 -107 0
62 31 0 108 -108 0
62 31 -31 109 -109 -218
62 31 0 109 -109 0
62 31 0 110 -110 0
62 31 0 111 -111 0
62 31 0 112 -112 0
62 31 -31 113 -113 -226
62 31 0 113 -113 0
62 31 0 114 -114 0
62 31 0 115 -115 0
62 31 0 116 -116 0
62 31 -31 117 -117 -234
62 31 0 117 -117 0
62 31 0 118 -118 0
62 31 0 119 -119 0
62 31 -30 120 -120 -90
62 31 0 120 -120 0
62 31 -31 121 -121 -242
62 31 0 121 -121 0
62 31 0 122 -122 0
62 31 0 123 -123 0
62 31 0 124 -124 0
62 31 -31 125 -125 -250
62 31 0 125 -125 0
62 31 0 126 -126 0
62 31 0 127 -127 0
62 31 0 128 -128 0
62 31 -31 129 -129 -258
62 31 0 129 -129 0
62 31 0 130 -130 0
62 31 0 131 -131 0
62 31 0 132 -132 0
62 31 -31 133 -133 -266
62 31 0 133 -133 0
62 31 0 134 -134 0
62 31 -90 135 -135 -270
62 31 -3 135 -135 -270
62 31 0 135 -135 0
62 31 0 136 -136 0
62 31 -31 137 -137 -274
62 31 0 137 -137 0
62 31 0 138 -138 0
62 31 0 139 -139 0
62 31 0 140 -140 0
62 31 -31 141 -141 -282
62 31 0 141 -141 0
62 31 0 142 -142 0
62 31 0 143 -143 0
62 31 0 144 -144 0
62 31 -31 145 -145 -290
62 31 0 145 -145 0
62 31 0 146 -146 0
62 31 0 147 -147 0
62 31 0 148 -148 0
62 31 -31 149 -149 -298
62 31 0 149 -149 0
62 31 0 150 -150 0
64 32 0 -150 150 0
64 32 0 -149 149 0
64 32 -32 -148 148 296
64 32 0 -148 148 0
64 32 0 -147 147 0
64 32 0 -146 146 0
64 32 0 -145 145 0
64 32 -32 -144 144 288
64 32 0 -144 144 0
64 32 0 -143 143 0
64 32 0 -142 142 0
64 32 0 -141 141 0
64 32 -32 -140 140 280
64 32 0 -140 140 0
64 32 0 -139 139 0
64 32 0 -138 138 0
64 32 0 -137 137 0
64 32 -32 -136 136 272
64 32 0 -136 136 0
64 32 0 -135 135 0
64 32 0 -134 134 0
64 32 0 -133 133 0
64 32 -32 -132 132 264
64 32 0 -132 132 0
64 32 0 -131 131 0
64 32 0 -130 130 0
64 32 0 -129 129 0
64 32 -32 -128 128 256
64 32 0 -128 128 0
64 32 0 -127 127 0
64 32 0 -126 126 0
64 32 0 -125 125 0
64 32 -32 -124 124 248
64 32 0 -124 124 0
64 32 0 -123 123 0
64 32 0 -122 122 0
64 32 0 -121 121 0
64 32 -32 -120 120 240
64 32 0 -120 120 0
64 32 0 -119 119 0
64 32 0 -118 118 0
64 32 0 -117 117 0
64 32 -32 -116 116 232
64 32 0 -116 116 0
64 32 0 -115 115 0
64 32 0 -114 114 0
64 32 0 -113 113 0
64 32 -32 -112 112 224
64 32 0 -112 112 0
64 32 0 -111 111 0
64 32 0 -110 110 0
64 32 0 -109 109 0
64 32 -32 -108 108 216
64 32 0 -108 108 0
64 32 0 -107 107 0
64 32 0 -106 106 0
64 32 0 -105 105 0
64 32 -32 -104 104 208
64 32 0 -104 104 0
64 32 0 -103 103 0
64 32 0 -102 102 0
64 32 0 -101 101 0
64 32 -32 -100 100 200
64 32 0 -100 100 0
64 32 0 -99 99 0
64 32 -98 -98 98 196
64 32 0 -98 98 0
64 32 2 -98 98 196
64 32 0 -97 97 0
64 32 -32 -96 96 192
64 32 0 -96 96 0
64 32 0 -95 95 0
64 32 0 -94 94 0
64 32 0 -93 93 0
64 32 -32 -92 92 184
64 32 0 -92 92 0
64 32 0 -91 91 0
64 32 0 -90 90 0
64 32 0 -89 89 0
64 32 -32 -88 88 176
64 32 0 -88 88 0
64 32 0 -87 87 0
64 32 0 -86 86 0
64 32 0 -85 85 0
64 32 -32 -84 84 168
64 32 0 -84 84 0
64 32 0 -83 83 0
64 32 0 -82 82 0
64 32 0 -81 81 0
64 32 -32 -80 80 160
64 32 0 -80 80 0
64 32 0 -79 79 0
64 32 0 -78 78 0
64 32 0 -77 77 0
64 32 -32 -76 76 152
64 32 0 -76 76 0
64 32 0 -75 75 0
64 32 0 -74 74 0
64 32 0 -73 73 0
64 32 -32 -72 72 144
64 32 0 -72 72 0
64 32 0 -71 71 0
64 32 0 -70 70 0
64 32 0 -69 69 0
64 32 -32 -68 68 136
64 32 0 -68 68 0
64 32 0 -67 67 0
64 32 0 -66 66 0
64 32 0 -65 65 0
64 32 -32 -64 64 128
64 32 0 -64 64 0
64 32 0 -63 63 0
64 32 0 -62 62 0
64 32 0 -61 61 0
64 32 -32 -60 60 120
64 32 0 -60 60 0
64 32 0 -59 59 0
64 32 0 -58 58 0
64 32 0 -57 57 0
64 32 -32 -56 56 112
64 32 0 -56 56 0
64 32 0 -55 55 0
64 32 0 -54 54 0
64 32 0 -53 53 0
64 32 -32 -52 52 104
64 32 0 -52 52 0
64 32 0 -51 51 0
64 32 0 -50 50 0
64 32 0 -49 49 0
64 32 -32 -48 48 96
64 32 0 -48 48 0
64 32 0 -47 47 0
64 32 0 -46 46 0
64 32 0 -45 45 0
64 32 -32 -44 44 88
64 32 0 -44 44 0
64 32 0 -43 43 0
64 32 0 -42 42 0
64 32 0 -41 41 0
64 32 -32 -40 40 80
64 32 0 -40 40 0
64 32 0 -39 39 0
64 32 0 -38 38 0
64 32 0 -37 37 0
64 32 -32 -36 36 72
64 32 0 -36 36 0
64 32 0 -35 35 0
64 32 0 -34 34 0
64 32 0 -33 33 0
64 32 -32 -32 32 64
64 32 0 -32 32 0
64 32 0 -31 31 0
64 32 0 -30 30 0
64 32 0 -29 29 0
64 32 -32 -28 28 56
64 32 0 -28 28 0
64 32 0 -27 27 0
64 32 0 -26 26 0
64 32 0 -25 25 0
64 32 -32 -24 24 48
64 32 0 -24 24 0
64 32 0 -23 23 0
64 32 0 -22 22 0
64 32 0 -21 21 0
64 32 -32 -20 20 40
64 32 0 -20 20 0
64 32 0 -19 19 0
64 32 0 -18 18 0
64 32 0 -17 17 0
64 32 -32 -16 16 32
64 32 0 -16 16 0
64 32 0 -15 15 0
64 32 0 -14 14 0
64 32 0 -13 13 0
64 32 -32 -12 12 24
64 32 0 -12 12 0
64 32 0 -11 11 0
64 32 0 -10 10 0
64 32 0 -9 9 0
64 32 -32 -8 8 16
64 32 0 -8 8 0
64 32 0 -7 7 0
64 32 0 -6 6 0
64 32 0 -5 5 0
64 32 -32 -4 4 8
64 32 0 -4 4 0
64 32 0 -3 3 0
64 32 0 -2 2 0
64 32 0 -1 1 0
64 32 0 1 -1 0
64 32 0 2 -2 0
64 32 0 3 -3 0
64 32 -32 4 -4 -8
64 32 0 4 -4 0
64 32 0 5 -5 0
64 32 0 6 -6 0
64 32 0 7 -7 0
64 32 -32 8 -8 -16
64 32 0 8 -8 0
64 32 0 9 -9 0
64 32 0 10 -10 0
64 32 0 11 -11 0
64 32 -32 12 -12 -24
64 32 0 12 -12 0
64 32 0 13 -13 0
64 32 0 14 -14 0
64 32 0 15 -15 0
64 32 -32 16 -16 -32
64 32 0 16 -16 0
64 32 0 17 -17 0
64 32 0 18 -18 0
64 32 0 19 -19 0
64 32 -32 20 -20 -40
64 32 0 20 -20 0
64 32 0 21 -21 0
64 32 0 22 -22 0
64 32 0 23 -23 0
64 32 -32 24 -24 -48
64 32 0 24 -24 0
64 32 0 25 -25 0
64 32 0 26 -26 0
64 32 0 27 -27 0
64 32 -32 28 -28 -56
64 32 0 28 -28 0
64 32 0 29 -29 0
64 32 0 30 -30 0
64 32 0 31 -31 0
64 32 -32 32 -32 -64
64 32 0 32 -32 0
64 32 0 33 -33 0
64 32 0 34 -34 0
64 32 0 35 -35 0
64 32 -32 36 -36 -72
64 32 0 36 -36 0
64 32 0 37 -37 0
64 32 0 38 -38 0
64 32 0 39 -39 0
64 32 -32 40 -40 -80
64 32 0 40 -40 0
64 32 0 41 -41 0
64 32 0 42 -42 0
64 32 0 43 -43 0
64 32 -32 44 -44 -88
64 32 0 44 -44 0
64 32 0 45 -45 0
64 32 0 46 -46 0
64 32 0 47 -47 0
64 32 -32 48 -48 -96
64 32 0 48 -48 0
64 32 0 49 -49 0
64 32 0 50 -50 0
64 32 0 51 -51 0
64 32 -32 52 -52 -104
64 32 0 52 -52 0
64 32 0 53 -53 0
64 32 0 54 -54 0
64 32 0 55 -55 0
64 32 -32 56 -56 -112
64 32 0 56 -56 0
64 32 0 57 -57 0
64 32 0 58 -58 0
64 32 0 59 -59 0
64 32 -32 60 -60 -120
64 32 0 60 -60 0
64 32 0 61 -61 0
64 32 0 62 -62 0
64 32 0 63 -63 0
64 32 -32 64 -64 -128
64 32 0 64 -64 0
64 32 0 65 -65 0
64 32 0 66 -66 0
64 32 0 67 -67 0
64 32 -32 68 -68 -136
64 32 0 68 -68 0
64 32 0 69 -69 0
64 32 0 70 -70 0
64 32 0 71 -71 0
64 32 -32 72 -72 -144
64 32 0 72 -72 0
64 32 0 73 -73 0
64 32 0 74 -74 0
64 32 0 75 -75 0
64 32 -32 76 -76 -152
64 32 0 76 -76 0
64 32 0 77 -77 0
64 32 0 78 -78 0
64 32 0 79 -79 0
64 32 -32 80 -80 -160
64 32 0 80 -80 0
64 32 0 81 -81 0
64 32 0 82 -82 0
64 32 0 83 -83 0
64 32 -32 84 -84 -168
64 32 0 84 -84 0
64 32 0 85 -85 0
64 32 0 86 -86 0
64 32 0 87 -87 0
64 32 -32 88 -88 -176
64 32 0 88 -88 0
64 32 0 89 -89 0
64 32 0 90 -90 0
64 32 0 91 -91 0
64 32 -32 92 -92 -184
64 32 0 92 -92 0
64 32 0 93 -93 0
64 32 -94 94 -94 -188
64 32 -2 94 -94 -188
64 32 0 94 -94 0
64 32 0 95 -95 0
64 32 -32 96 -96 -192
64 32 0 96 -96 0
64 32 0 97 -97 0
64 32 0 98 -98 0
64 32 0 99 -99 0
64 32 -32 100 -100 -200
64 32 0 100 -100 0
64 32 0 101 -101 0
64 32 0 102 -102 0
64 32 0 103 -103 0
64 32 -32 104 -104 -208
64 32 0 104 -104 0
64 32 0 105 -105 0
64 32 0 106 -106 0
64 32 0 107 -107 0
64 32 -32 108 -108 -216
64 32 0 108 -108 0
64 32 0 109 -109 0
64 32 0 110 -110 0
64 32 0 111 -111 0
64 32 -32 112 -112 -224
64 32 0 112 -112 0
64 32 0 113 -113 0
64 32 0 114 -114 0
64 32 0 115 -115 0
64 32 -32 116 -116 -232
64 32 0 116 -116 0
64 32 0 117 -117 0
64 32 0 118 -118 0
64 32 0 119 -119 0
64 32 -32 120 -120 -240
64 32 0 120 -120 0
64 32 0 121 -121 0
64 32 0 122 -122 0
64 32 0 123 -123 0
64 32 -32 124 -124 -248
64 32 0 124 -124 0
64 32 0 125 -125 0
64 32 0 126 -126 0
64 32 0 127 -127 0
64 32 -32 128 -128 -256
64 32 0 128 -128 0
64 32 0 129 -129 0
64 32 0 130 -130 0
64 32 0 131 -131 0
64 32 -32 132 -132 -264
64 32 0 132 -132 0
64 32 0 133 -133 0
64 32 0 134 -134 0
64 32 0 135 -135 0
64 32 -32 136 -136 -272
64 32 0 136 -136 0
64 32 0 137 -137 0
64 32 0 138 -138 0
64 32 0 139 -139 0
64 32 -32 140 -140 -280
64 32 0 140 -140 0
64 32 0 141 -141 0
64 32 0 142 -142 0
64 32 0 143 -143 0
64 32 -32 144 -144 -288
64 32 0 144 -144 0
64 32 0 145 -145 0
64 32 0 146 -146 0
64 32 0 147 -147 0
64 32 -32 148 -148 -296
64 32 0 148 -148 0
64 32 0 149 -149 0
64 32 0 150 -150 0
66 33 0 -150 150 0
66 33 0 -149 149 0
66 33 0 -148 148 0
66 33 -33 -147 147 294
66 33 0 -147 147 0
66 33 0 -146 146 0
66 33 0 -145 145 0
66 33 0 -144 144 0
66 33 -33 -143 143 286
66 33 0 -143 143 0
66 33 0 -142 142 0
66 33 0 -141 141 0
66 33 0 -140 140 0
66 33 -33 -139 139 278
66 33 0 -139 139 0
66 33 0 -138 138 0
66 33 0 -137 137 0
66 33 -34 -136 136 102
66 33 0 -136 136 0
66 33 -33 -135 135 270
66 33 0 -135 135 0
66 33 0 -134 134 0
66 33 0 -133 133 0
66 33 0 -132 132 0
66 33 -33 -131 131 262
66 33 0 -131 131 0
66 33 0 -130 130 0
66 33 0 -129 129 0
66 33 0 -128 128 0
66 33 -33 -127 127 254
66 33 0 -127 127 0
66 33 0 -126 126 0
66 33 0 -125 125 0
66 33 0 -124 124 0
66 33 -33 -123 123 246
66 33 0 -123 123 0
66 33 0 -122 122 0
66 33 0 -121 121 0
66 33 0 -120 120 0
66 33 -33 -119 119 238
66 33 0 -119 119 0
66 33 0 -118 118 0
66 33 0 -117 117 0
66 33 0 -116 116 0
66 33 -33 -115 115 230
66 33 0 -115 115 0
66 33 0 -114 114 0
66 33 0 -113 113 0
66 33 0 -112 112 0
66 33 -33 -111 111 222
66 33 0 -111 111 0
66 33 0 -110 110 0
66 33 0 -109 109 0
66 33 0 -108 108 0
66 33 -33 -107 107 214
66 33 0 -107 107 0
66 33 0 -106 106 0
66 33 0 -105 105 0
66 33 0 -104 104 0
66 33 -33 -103 103 206
66 33 0 -103 103 0
66 33 0 -102 102 0
66 33 -101 -101 101 202
66 33 0 -101 101 0
66 33 2 -101 101 202
66 33 0 -100 100 0
66 33 -33 -99 99 198
66 33 0 -99 99 0
66 33 0 -98 98 0
66 33 0 -97 97 0
66 33 0 -96 96 0
66 33 -33 -95 95 190
66 33 0 -95 95 0
66 33 0 -94 94 0
66 33 0 -93 93 0
66 33 0 -92 92 0
66 33 -33 -91 91 182
66 33 0 -91 91 0
66 33 0 -90 90 0
66 33 0 -89 89 0
66 33 0 -88 88 0
66 33 -33 -87 87 174
66 33 0 -87 87 0
66 33 0 -86 86 0
66 33 0 -85 85 0
66 33 0 -84 84 0
66 33 -33 -83 83 166
66 33 0 -83 83 0
66 33 0 -82 82 0
66 33 0 -81 81 0
66 33 0 -80 80 0
66 33 -33 -79 79 158
66 33 0 -79 79 0
66 33 0 -78 78 0
66 33 0 -77 77 0
66 33 0 -76 76 0
66 33 -33 -75 75 150
66 33 0 -75 75 0
66 33 0 -74 74 0
66 33 0 -73 73 0
66 33 0 -72 72 0
66 33 -33 -71 71 142
66 33 0 -71 71 0
66 33 0 -70 70 0
66 33 0 -69 69 0
66 33 0 -68 68 0
66 33 -33 -67 67 134
66 33 0 -67 67 0
66 33 0 -66 66 0
66 33 0 -65 65 0
66 33 0 -64 64 0
66 33 -33 -63 63 126
66 33 0 -63 63 0
66 33 0 -62 62 0
66 33 0 -61 61 0
66 33 0 -60 60 0
66 33 -33 -59 59 118
66 33 0 -59 59 0
66 33 0 -58 58 0
66 33 0 -57 57 0
66 33 0 -56 56 0
66 33 -33 -55 55 110
66 33 0 -55 55 0
66 33 0 -54 54 0
66 33 0 -53 53 0
66 33 0 -52 52 0
66 33 -33 -51 51 102
66 33 0 -51 51 0
66 33 -100 -50 50 100
66 33 0 -50 50 0
66 33 1 -50 50 100
66 33 0 -49 49 0
66 33 0 -48 48 0
66 33 -33 -47 47 94
66 33 0 -47 47 0
66 33 0 -46 46 0
66 33 0 -45 45 0
66 33 0 -44 44 0
66 33 -33 -43 43 86
66 33 0 -43 43 0
66 33 0 -42 42 0
66 33 0 -41 41 0
66 33 0 -40 40 0
66 33 -33 -39 39 78
66 33 0 -39 39 0
66 33 0 -38 38 0
66 33 0 -37 37 0
66 33 0 -36 36 0
66 33 -33 -35 35 70
66 33 0 -35 35 0
66 33 0 -34 34 0
66 33 0 -33 33 0
66 33 0 -32 32 0
66 33 -33 -31 31 62
66 33 0 -31 31 0
66 33 0 -30 30 0
66 33 0 -29 29 0
66 33 0 -28 28 0
66 33 -33 -27 27 54
66 33 0 -27 27 0
66 33 0 -26 26 0
66 33 0 -25 25 0
66 33 0 -24 24 0
66 33 -33 -23 23 46
66 33 0 -23 23 0
66 33 0 -22 22 0
66 33 0 -21 21 0
66 33 0 -20 20 0
66 33 -33 -19 19 38
66 33 0 -19 19 0
66 33 0 -18 18 0
66 33 0 -17 17 0
66 33 0 -16 16 0
66 33 -33 -15 15 30
66 33 0 -15 15 0
66 33 0 -14 14 0
66 33 0 -13 13 0
66 33 0 -12 12 0
66 33 -33 -11 11 22
66 33 0 -11 11 0
66 33 0 -10 10 0
66 33 0 -9 9 0
66 33 0 -8 8 0
66 33 -33 -7 7 14
66 33 0 -7 7 0
66 33 0 -6 6 0
66 33 0 -5 5 0
66 33 0 -4 4 0
66 33 -33 -3 3 6
66 33 0 -3 3 0
66 33 0 -2 2 0
66 33 0 -1 1 0
66 33 -33 1 -1 -2
66 33 0 1 -1 0
66 33 0 2 -2 0
66 33 0 3 -3 0
66 33 0 4 -4 0
66 33 -33 5 -5 -10
66 33 0 5 -5 0
66 33 0 6 -6 0
66 33 0 7 -7 0
66 33 0 8 -8 0
66 33 -33 9 -9 -18
66 33 0 9 -9 0
66 33 0 10 -10 0
66 33 0 11 -11 0
66 33 0 12 -12 0
66 33 -33 13 -13 -26
66 33 0 13 -13 0
66 33 0 14 -14 0
66 33 0 15 -15 0
66 33 0 16 -16 0
66 33 -33 17 -17 -34
66 33 0 17 -17 0
66 33 0 18 -18 0
66 33 0 19 -19 0
66 33 0 20 -20 0
66 33 -33 21 -21 -42
66 33 0 21 -21 0
66 33 0 22 -22 0
66 33 0 23 -23 0
66 33 0 24 -24 0
66 33 -33 25 -25 -50
66 33 0 25 -25 0
66 33 0 26 -26 0
66 33 0 27 -27 0
66 33 0 28 -28 0
66 33 -33 29 -29 -58
66 33 0 29 -29 0
66 33 0 30 -30 0
66 33 0 31 -31 0
66 33 0 32 -32 0
66 33 -33 33 -33 -66
66 33 0 33 -33 0
66 33 0 34 -34 0
66 33 0 35 -35 0
66 33 0 36 -36 0
66 33 -33 37 -37 -74
66 33 0 37 -37 0
66 33 0 38 -38 0
66 33 0 39 -39 0
66 33 0 40 -40 0
66 33 -34 41 -41 -246
66 33 -33 41 -41 -82
66 33 0 41 -41 0
66 33 0 42 -42 0
66 33 0 43 -43 0
66 33 0 44 -44 0
66 33 -33 45 -45 -90
66 33 0 45 -45 0
66 33 0 46 -46 0
66 33 0 47 -47 0
66 33 0 48 -48 0
66 33 -98 49 -49 -98
66 33 -33 49 -49 -98
66 33 -1 49 -49 -98
66 33 0 49 -49 0
66 33 0 50 -50 0
66 33 0 51 -51 0
66 33 0 52 -52 0
66 33 -33 53 -53 -106
66 33 0 53 -53 0
66 33 0 54 -54 0
66 33 0 55 -55 0
66 33 0 56 -56 0
66 33 -33 57 -57 -114
66 33 0 57 -57 0
66 33 0 58 -58 0
66 33 0 59 -59 0
66 33 0 60 -60 0
66 33 -33 61 -61 -122
66 33 0 61 -61 0
66 33 0 62 -62 0
66 33 0 63 -63 0
66 33 0 64 -64 0
66 33 -33 65 -65 -130
66 33 0 65 -65 0
66 33 0 66 -66 0
66 33 0 67 -67 0
66 33 0 68 -68 0
66 33 -33 69 -69 -138
66 33 0 69 -69 0
66 33 0 70 -70 0
66 33 0 71 -71 0
66 33 0 72 -72 0
66 33 -33 73 -73 -146
66 33 0 73 -73 0
66 33 0 74 -74 0
66 33 0 75 -75 0
66 33 0 76 -76 0
66 33 -33 77 -77 -154
66 33 0 77 -77 0
66 33 0 78 -78 0
66 33 0 79 -79 0
66 33 0 80 -80 0
66 33 -33 81 -81 -162
66 33 0 81 -81 0
66 33 0 82 -82 0
66 33 0 83 -83 0
66 33 0 84 -84 0
66 33 -33 85 -85 -170
66 33 0 85 -85 0
66 33 0 86 -86 0
66 33 0 87 -87 0
66 33 0 88 -88 0
66 33 -33 89 -89 -178
66 33 0 89 -89 0
66 33 0 90 -90 0
66 33 0 91 -91 0
66 33 0 92 -92 0
66 33 -33 93 -93 -186
66 33 0 93 -93 0
66 33 0 94 -94 0
66 33 0 95 -95 0
66 33 0 96 -96 0
66 33 -97 97 -97 -194
66 33 -33 97 -97 -194
66 33 -2 97 -97 -194
66 33 0 97 -97 0
66 33 0 98 -98 0
66 33 0 99 -99 0
66 33 0 100 -100 0
66 33 -33 101 -101 -202
66 33 0 101 -101 0
66 33 0 102 -102 0
66 33 0 103 -103 0
66 33 0 104 -104 0
66 33 -33 105 -105 -210
66 33 0 105 -105 0
66 33 0 106 -106 0
66 33 0 107 -107 0
66 33 0 108 -108 0
66 33 -33 109 -109 -218
66 33 0 109 -109 0
66 33 0 110 -110 0
66 33 0 111 -111 0
66 33 0 112 -112 0
66 33 -33 113 -113 -226
66 33 0 113 -113 0
66 33 0 114 -114 0
66 33 0 115 -115 0
66 33 0 116 -116 0
66 33 -33 117 -117 -234
66 33 0 117 -117 0
66 33 0 118 -118 0
66 33 0 119 -119 0
66 33 0 120 -120 0
66 33 -33 121 -121 -242
66 33 0 121 -121 0
66 33 0 122 -122 0
66 33 0 123 -123 0
66 33 0 124 -124 0
66 33 -33 125 -125 -250
66 33 0 125 -125 0
66 33 0 126 -126 0
66 33 0 127 -127 0
66 33 -32 128 -128 -96
66 33 0 128 -128 0
66 33 -33 129 -129 -258
66 33 0 129 -129 0
66 33 0 130 -130 0
66 33 0 131 -131 0
66 33 0 132 -132 0
66 33 -33 133 -133 -266
66 33 0 133 -133 0
66 33 0 134 -134 0
66 33 0 135 -135 0
66 33 0 136 -136 0
66 33 -33 137 -137 -274
66 33 0 137 -137 0
66 33 0 138 -138 0
66 33 0 139 -139 0
66 33 0 140 -140 0
66 33 -33 141 -141 -282
66 33 0 141 -141 0
66 33 0 142 -142 0
66 33 0 143 -143 0
66 33 -96 144 -144 -288
66 33 -3 144 -144 -288
66 33 0 144 -144 0
66 33 -33 145 -145 -290
66 33 0 145 -145 0
66 33 0 146 -146 0
66 33 0 147 -147 0
66 33 0 148 -148 0
66 33 -33 149 -149 -298
66 33 0 149 -149 0
66 33 0 150 -150 0
68 34 0 -150 150 0
68 34 0 -149 149 0
68 34 -34 -148 148 296
68 34 0 -148 148 0
68 34 0 -147 147 0
68 34 0 -146 146 0
68 34 0 -145 145 0
68 34 -34 -144 144 288
68 34 0 -144 144 0
68 34 0 -143 143 0
68 34 0 -142 142 0
68 34 0 -141 141 0
68 34 -34 -140 140 280
68 34 0 -140 140 0
68 34 0 -139 139 0
68 34 0 -138 138 0
68 34 0 -137 137 0
68 34 -34 -136 136 272
68 34 0 -136 136 0
68 34 0 -135 135 0
68 34 0 -134 134 0
68 34 0 -133 133 0
68 34 -34 -132 132 264
68 34 0 -132 132 0
68 34 0 -131 131 0
68 34 0 -130 130 0
68 34 0 -129 129 0
68 34 -34 -128 128 256
68 34 0 -128 128 0
68 34 0 -127 127 0
68 34 0 -126 126 0
68 34 0 -125 125 0
68 34 -34 -124 124 248
68 34 0 -124 124 0
68 34 0 -123 123 0
68 34 0 -122 122 0
68 34 0 -121 121 0
68 34 -34 -120 120 240
68 34 0 -120 120 0
68 34 0 -119 119 0
68 34 0 -118 118 0
68 34 0 -117 117 0
68 34 -34 -116 116 232
68 34 0 -116 116 0
68 34 0 -115 115 0
68 34 0 -114 114 0
68 34 0 -113 113 0
68 34 -34 -112 112 224
68 34 0 -112 112 0
68 34 0 -111 111 0
68 34 0 -110 110 0
68 34 0 -109 109 0
68 34 -34 -108 108 216
68 34 0 -108 108 0
68 34 0 -107 107 0
68 34 0 -106 106 0
68 34 0 -105 105 0
68 34 -104 -104 104 208
68 34 -34 -104 104 208
68 34 0 -104 104 0
68 34 2 -104 104 208
68 34 0 -103 103 0
68 34 0 -102 102 0
68 34 0 -101 101 0
68 34 -34 -100 100 200
68 34 0 -100 100 0
68 34 0 -99 99 0
68 34 0 -98 98 0
68 34 0 -97 97 0
68 34 -34 -96 96 192
68 34 0 -96 96 0
68 34 0 -95 95 0
68 34 0 -94 94 0
68 34 0 -93 93 0
68 34 -34 -92 92 184
68 34 0 -92 92 0
68 34 0 -91 91 0
68 34 0 -90 90 0
68 34 0 -89 89 0
68 34 -34 -88 88 176
68 34 0 -88 88 0
68 34 0 -87 87 0
68 34 0 -86 86 0
68 34 0 -85 85 0
68 34 -34 -84 84 168
68 34 0 -84 84 0
68 34 0 -83 83 0
68 34 0 -82 82 0
68 34 0 -81 81 0
68 34 -34 -80 80 160
68 34 0 -80 80 0
68 34 0 -79 79 0
68 34 0 -78 78 0
68 34 0 -77 77 0
68 34 -34 -76 76 152
68 34 0 -76 76 0
68 34 0 -75 75 0
68 34 0 -74 74 0
68 34 0 -73 73 0
68 34 -34 -72 72 144
68 34 0 -72 72 0
68 34 0 -71 71 0
68 34 0 -70 70 0
68 34 0 -69 69 0
68 34 -34 -68 68 136
68 34 0 -68 68 0
68 34 0 -67 67 0
68 34 0 -66 66 0
68 34 0 -65 65 0
68 34 -34 -64 64 128
68 34 0 -64 64 0
68 34 0 -63 63 0
68 34 0 -62 62 0
68 34 0 -61 61 0
68 34 -34 -60 60 120
68 34 0 -60 60 0
68 34 0 -59 59 0
68 34 0 -58 58 0
68 34 0 -57 57 0
68 34 -34 -56 56 112
68 34 0 -56 56 0
68 34 0 -55 55 0
68 34 0 -54 54 0
68 34 0 -53 53 0
68 34 -34 -52 52 104
68 34 0 -52 52 0
68 34 0 -51 51 0
68 34 0 -50 50 0
68 34 0 -49 49 0
68 34 -34 -48 48 96
68 34 0 -48 48 0
68 34 0 -47 47 0
68 34 0 -46 46 0
68 34 0 -45 45 0
68 34 -34 -44 44 88
68 34 0 -44 44 0
68 34 0 -43 43 0
68 34 0 -42 42 0
68 34 0 -41 41 0
68 34 -34 -40 40 80
68 34 0 -40 40 0
68 34 0 -39 39 0
68 34 0 -38 38 0
68 34 0 -37 37 0
68 34 -34 -36 36 72
68 34 0 -36 36 0
68 34 0 -35 35 0
68 34 0 -34 34 0
68 34 0 -33 33 0
68 34 -34 -32 32 64
68 34 0 -32 32 0
68 34 0 -31 31 0
68 34 0 -30 30 0
68 34 0 -29 29 0
68 34 -34 -28 28 56
68 34 0 -28 28 0
68 34 0 -27 27 0
68 34 0 -26 26 0
68 34 0 -25 25 0
68 34 -34 -24 24 48
68 34 0 -24 24 0
68 34 0 -23 23 0
68 34 0 -22 22 0
68 34 0 -21 21 0
68 34 -34 -20 20 40
68 34 0 -20 20 0
68 34 0 -19 19 0
68 34 0 -18 18 0
68 34 0 -17 17 0
68 34 -34 -16 16 32
68 34 0 -16 16 0
68 34 0 -15 15 0
68 34 0 -14 14 0
68 34 0 -13 13 0
68 34 -34 -12 12 24
68 34 0 -12 12 0
68 34 0 -11 11 0
68 34 0 -10 10 0
68 34 0 -9 9 0
68 34 -34 -8 8 16
68 34 0 -8 8 0
68 34 0 -7 7 0
68 34 0 -6 6 0
68 34 0 -5 5 0
68 34 -34 -4 4 8
68 34 0 -4 4 0
68 34 0 -3 3 0
68 34 0 -2 2 0
68 34 0 -1 1 0
68 34 0 1 -1 0
68 34 0 2 -2 0
68 34 0 3 -3 0
68 34 -34 4 -4 -8
68 34 0 4 -4 0
68 34 0 5 -5 0
68 34 0 6 -6 0
68 34 0 7 -7 0
68 34 -34 8 -8 -16
68 34 0 8 -8 0
68 34 0 9 -9 0
68 34 0 10 -10 0
68 34 0 11 -11 0
68 34 -34 12 -12 -24
68 34 0 12 -12 0
68 34 0 13 -13 0
68 34 0 14 -14 0
68 34 0 15 -15 0
68 34 -34 16 -16 -32
68 34 0 16 -16 0
68 34 0 17 -17 0
68 34 0 18 -18 0
68 34 0 19 -19 0
68 34 -34 20 -20 -40
68 34 0 20 -20 0
68 34 0 21 -21 0
68 34 0 22 -22 0
68 34 0 23 -23 0
68 34 -34 24 -24 -48
68 34 0 24 -24 0
68 34 0 25 -25 0
68 34 0 26 -26 0
68 34 0 27 -27 0
68 34 -34 28 -28 -56
68 34 0 28 -28 0
68 34 0 29 -29 0
68 34 0 30 -30 0
68 34 0 31 -31 0
68 34 -34 32 -32 -64
68 34 0 32 -32 0
68 34 0 33 -33 0
68 34 0 34 -34 0
68 34 0 35 -35 0
68 34 -34 36 -36 -72
68 34 0 36 -36 0
68 34 0 37 -37 0
68 34 0 38 -38 0
68 34 0 39 -39 0
68 34 -34 40 -40 -80
68 34 0 40 -40 0
68 34 0 41 -41 0
68 34 0 42 -42 0
68 34 0 43 -43 0
68 34 -34 44 -44 -88
68 34 0 44 -44 0
68 34 0 45 -45 0
68 34 0 46 -46 0
68 34 0 47 -47 0
68 34 -34 48 -48 -96
68 34 0 48 -48 0
68 34 0 49 -49 0
68 34 0 50 -50 0
68 34 0 51 -51 0
68 34 -34 52 -52 -104
68 34 0 52 -52 0
68 34 0 53 -53 0
68 34 0 54 -54 0
68 34 0 55 -55 0
68 34 -34 56 -56 -112
68 34 0 56 -56 0
68 34 0 57 -57 0
68 34 0 58 -58 0
68 34 0 59 -59 0
68 34 -34 60 -60 -120
68 34 0 60 -60 0
68 34 0 61 -61 0
68 34 0 62 -62 0
68 34 0 63 -63 0
68 34 -34 64 -64 -128
68 34 0 64 -64 0
68 34 0 65 -65 0
68 34 0 66 -66 0
68 34 0 67 -67 0
68 34 -34 68 -68 -136
68 34 0 68 -68 0
68 34 0 69 -69 0
68 34 0 70 -70 0
68 34 0 71 -71 0
68 34 -34 72 -72 -144
68 34 0 72 -72 0
68 34 0 73 -73 0
68 34 0 74 -74 0
68 34 0 75 -75 0
68 34 -34 76 -76 -152
68 34 0 76 -76 0
68 34 0 77 -77 0
68 34 0 78 -78 0
68 34 0 79 -79 0
68 34 -34 80 -80 -160
68 34 0 80 -80 0
68 34 0 81 -81 0
68 34 0 82 -82 0
68 34 0 83 -83 0
68 34 -34 84 -84 -168
68 34 0 84 -84 0
68 34 0 85 -85 0
68 34 0 86 -86 0
68 34 0 87 -87 0
68 34 -34 88 -88 -176
68 34 0 88 -88 0
68 34 0 89 -89 0
68 34 0 90 -90 0
68 34 0 91 -91 0
68 34 -34 92 -92 -184
68 34 0 92 -92 0
68 34 0 93 -93 0
68 34 0 94 -94 0
68 34 0 95 -95 0
68 34 -34 96 -96 -192
68 34 0 96 -96 0
68 34 0 97 -97 0
68 34 0 98 -98 0
68 34 0 99 -99 0
68 34 -100 100 -100 -200
68 34 -34 100 -100 -200
68 34 -2 100 -100 -200
68 34 0 100 -100 0
68 34 0 101 -101 0
68 34 0 102 -102 0
68 34 0 103 -103 0
68 34 -34 104 -104 -208
68 34 0 104 -104 0
68 34 0 105 -105 0
68 34 0 106 -106 0
68 34 0 107 -107 0
68 34 -34 108 -108 -216
68 34 0 108 -108 0
68 34 0 109 -109 0
68 34 0 110 -110 0
68 34 0 111 -111 0
68 34 -34 112 -112 -224
68 34 0 112 -112 0
68 34 0 113 -113 0
68 34 0 114 -114 0
68 34 0 115 -115 0
68 34 -34 116 -116 -232
68 34 0 116 -116 0
68 34 0 117 -117 0
68 34 0 118 -118 0
68 34 0 119 -119 0
68 34 -34 120 -120 -240
68 34 0 120 -120 0
68 34 0 121 -121 0
68 34 0 122 -122 0
68 34 0 123 -123 0
68 34 -34 124 -124 -248
68 34 0 124 -124 0
68 34 0 125 -125 0
68 34 0 126 -126 0
68 34 0 127 -127 0
68 34 -34 128 -128 -256
68 34 0 128 -128 0
68 34 0 129 -129 0
68 34 0 130 -130 0
68 34 0 131 -131 0
68 34 -34 132 -132 -264
68 34 0 132 -132 0
68 34 0 133 -133 0
68 34 0 134 -134 0
68 34 0 135 -135 0
68 34 -34 136 -136 -272
68 34 0 136 -136 0
68 34 0 137 -137 0
68 34 0 138 -138 0
68 34 0 139 -139 0
68 34 -34 140 -140 -280
68 34 0 140 -140 0
68 34 0 141 -141 0
68 34 0 142 -142 0
68 34 0 143 -143 0
68 34 -34 144 -144 -288
68 34 0 144 -144 0
68 34 0 145 -145 0
68 34 0 146 -146 0
68 34 0 147 -147 0
68 34 -34 148 -148 -296
68 34 0 148 -148 0
68 34 0 149 -149 0
68 34 0 150 -150 0
70 35 0 -150 150 0
70 35 0 -149 149 0
70 35 0 -148 148 0
70 35 -35 -147 147 294
70 35 0 -147 147 0
70 35 0 -146 146 0
70 35 0 -145 145 0
70 35 -36 -144 144 108
70 35 0 -144 144 0
70 35 -35 -143 143 286
70 35 0 -143 143 0
70 35 0 -142 142 0
70 35 0 -141 141 0
70 35 0 -140 140 0
70 35 -35 -139 139 278
70 35 0 -139 139 0
70 35 0 -138 138 0
70 35 0 -137 137 0
70 35 0 -136 136 0
70 35 -35 -135 135 270
70 35 0 -135 135 0
70 35 0 -134 134 0
70 35 0 -133 133 0
70 35 0 -132 132 0
70 35 -35 -131 131 262
70 35 0 -131 131 0
70 35 0 -130 130 0
70 35 0 -129 129 0
70 35 0 -128 128 0
70 35 -35 -127 127 254
70 35 0 -127 127 0
70 35 0 -126 126 0
70 35 0 -125 125 0
70 35 0 -124 124 0
70 35 -35 -123 123 246
70 35 0 -123 123 0
70 35 0 -122 122 0
70 35 0 -121 121 0
70 35 0 -120 120 0
70 35 -35 -119 119 238
70 35 0 -119 119 0
70 35 0 -118 118 0
70 35 0 -117 117 0
70 35 0 -116 116 0
70 35 -35 -115 115 230
70 35 0 -115 115 0
70 35 0 -114 114 0
70 35 0 -113 113 0
70 35 0 -112 112 0
70 35 -35 -111 111 222
70 35 0 -111 111 0
70 35 0 -110 110 0
70 35 0 -109 109 0
70 35 0 -108 108 0
70 35 -107 -107 107 214
70 35 -35 -107 107 214
70 35 0 -107 107 0
70 35 2 -107 107 214
70 35 0 -106 106 0
70 35 0 -105 105 0
70 35 0 -104 104 0
70 35 -35 -103 103 206
70 35 0 -103 103 0
70 35 0 -102 102 0
70 35 0 -101 101 0
70 35 0 -100 100 0
70 35 -35 -99 99 198
70 35 0 -99 99 0
70 35 0 -98 98 0
70 35 0 -97 97 0
70 35 0 -96 96 0
70 35 -35 -95 95 190
70 35 0 -95 95 0
70 35 0 -94 94 0
70 35 0 -93 93 0
70 35 0 -92 92 0
70 35 -35 -91 91 182
70 35 0 -91 91 0
70 35 0 -90 90 0
70 35 0 -89 89 0
70 35 0 -88 88 0
70 35 -35 -87 87 174
70 35 0 -87 87 0
70 35 0 -86 86 0
70 35 0 -85 85 0
70 35 0 -84 84 0
70 35 -35 -83 83 166
70 35 0 -83 83 0
70 35 0 -82 82 0
70 35 0 -81 81 0
70 35 0 -80 80 0
70 35 -35 -79 79 158
70 35 0 -79 79 0
70 35 0 -78 78 0
70 35 0 -77 77 0
70 35 0 -76 76 0
70 35 -35 -75 75 150
70 35 0 -75 75 0
70 35 0 -74 74 0
70 35 0 -73 73 0
70 35 0 -72 72 0
70 35 -35 -71 71 142
70 35 0 -71 71 0
70 35 0 -70 70 0
70 35 0 -69 69 0
70 35 0 -68 68 0
70 35 -35 -67 67 134
70 35 0 -67 67 0
70 35 0 -66 66 0
70 35 0 -65 65 0
70 35 0 -64 64 0
70 35 -35 -63 63 126
70 35 0 -63 63 0
70 35 0 -62 62 0
70 35 0 -61 61 0
70 35 0 -60 60 0
70 35 -35 -59 59 118
70 35 0 -59 59 0
70 35 0 -58 58 0
70 35 0 -57 57 0
70 35 0 -56 56 0
70 35 -35 -55 55 110
70 35 0 -55 55 0
70 35 0 -54 54 0
70 35 -106 -53 53 106
70 35 0 -53 53 0
70 35 1 -53 53 106
70 35 0 -52 52 0
70 35 -35 -51 51 102
70 35 0 -51 51 0
70 35 0 -50 50 0
70 35 0 -49 49 0
70 35 0 -48 48 0
70 35 -35 -47 47 94
70 35 0 -47 47 0
70 35 0 -46 46 0
70 35 0 -45 45 0
70 35 0 -44 44 0
70 35 -35 -43 43 86
70 35 0 -43 43 0
70 35 0 -42 42 0
70 35 0 -41 41 0
70 35 0 -40 40 0
70 35 -35 -39 39 78
70 35 0 -39 39 0
70 35 0 -38 38 0
70 35 0 -37 37 0
70 35 0 -36 36 0
70 35 -35 -35 35 70
70 35 0 -35 35 0
70 35 0 -34 34 0
70 35 0 -33 33 0
70 35 0 -32 32 0
70 35 -35 -31 31 62
70 35 0 -31 31 0
70 35 0 -30 30 0
70 35 0 -29 29 0
70 35 0 -28 28 0
70 35 -35 -27 27 54
70 35 0 -27 27 0
70 35 0 -26 26 0
70 35 0 -25 25 0
70 35 0 -24 24 0
70 35 -35 -23 23 46
70 35 0 -23 23 0
70 35 0 -22 22 0
70 35 0 -21 21 0
70 35 0 -20 20 0
70 35 -35 -19 19 38
70 35 0 -19 19 0
70 35 0 -18 18 0
70 35 0 -17 17 0
70 35 0 -16 16 0
70 35 -35 -15 15 30
70 35 0 -15 15 0
70 35 0 -14 14 0
70 35 0 -13 13 0
70 35 0 -12 12 0
70 35 -35 -11 11 22
70 35 0 -11 11 0
70 35 0 -10 10 0
70 35 0 -9 9 0
70 35 0 -8 8 0
70 35 -35 -7 7 14
70 35 0 -7 7 0
70 35 0 -6 6 0
70 35 0 -5 5 0
70 35 0 -4 4 0
70 35 -35 -3 3 6
70 35 0 -3 3 0
70 35 0 -2 2 0
70 35 0 -1 1 0
70 35 -35 1 -1 -2
70 35 0 1 -1 0
70 35 0 2 -2 0
70 35 0 3 -3 0
70 35 0 4 -4 0
70 35 -35 5 -5 -10
70 35 0 5 -5 0
70 35 0 6 -6 0
70 35 0 7 -7 0
70 35 0 8 -8 0
70 35 -35 9 -9 -18
70 35 0 9 -9 0
70 35 0 10 -10 0
70 35 0 11 -11 0
70 35 0 12 -12 0
70 35 -35 13 -13 -26
70 35 0 13 -13 0
70 35 0 14 -14 0
70 35 0 15 -15 0
70 35 0 16 -16 0
70 35 -35 17 -17 -34
70 35 0 17 -17 0
70 35 0 18 -18 0
70 35 0 19 -19 0
70 35 0 20 -20 0
70 35 -35 21 -21 -42
70 35 0 21 -21 0
70 35 0 22 -22 0
70 35 0 23 -23 0
70 35 0 24 -24 0
70 35 -35 25 -25 -50
70 35 0 25 -25 0
70 35 0 26 -26 0
70 35 0 27 -27 0
70 35 0 28 -28 0
70 35 -35 29 -29 -58
70 35 0 29 -29 0
70 35 0 30 -30 0
70 35 0 31 -31 0
70 35 0 32 -32 0
70 35 -35 33 -33 -66
70 35 0 33 -33 0
70 35 0 34 -34 0
70 35 0 35 -35 0
70 35 0 36 -36 0
70 35 -35 37 -37 -74
70 35 0 37 -37 0
70 35 0 38 -38 0
70 35 0 39 -39 0
70 35 0 40 -40 0
70 35 -35 41 -41 -82
70 35 0 41 -41 0
70 35 0 42 -42 0
70 35 0 43 -43 0
70 35 0 44 -44 0
70 35 -35 45 -45 -90
70 35 0 45 -45 0
70 35 0 46 -46 0
70 35 0 47 -47 0
70 35 0 48 -48 0
70 35 -35 49 -49 -98
70 35 0 49 -49 0
70 35 0 50 -50 0
70 35 0 51 -51 0
70 35 -104 52 -52 -104
70 35 -1 52 -52 -104
70 35 0 52 -52 0
70 35 -35 53 -53 -106
70 35 0 53 -53 0
70 35 0 54 -54 0
70 35 0 55 -55 0
70 35 0 56 -56 0
70 35 -35 57 -57 -114
70 35 0 57 -57 0
70 35 0 58 -58 0
70 35 0 59 -59 0
70 35 0 60 -60 0
70 35 -35 61 -61 -122
70 35 0 61 -61 0
70 35 0 62 -62 0
70 35 0 63 -63 0
70 35 0 64 -64 0
70 35 -35 65 -65 -130
70 35 0 65 -65 0
70 35 0 66 -66 0
70 35 0 67 -67 0
70 35 0 68 -68 0
70 35 -35 69 -69 -138
70 35 0 69 -69 0
70 35 0 70 -70 0
70 35 0 71 -71 0
70 35 0 72 -72 0
70 35 -35 73 -73 -146
70 35 0 73 -73 0
70 35 0 74 -74 0
70 35 0 75 -75 0
70 35 0 76 -76 0
70 35 -35 77 -77 -154
70 35 0 77 -77 0
70 35 0 78 -78 0
70 35 0 79 -79 0
70 35 0 80 -80 0
70 35 -35 81 -81 -162
70 35 0 81 -81 0
70 35 0 82 -82 0
70 35 0 83 -83 0
70 35 0 84 -84 0
70 35 -35 85 -85 -170
70 35 0 85 -85 0
70 35 0 86 -86 0
70 35 0 87 -87 0
70 35 0 88 -88 0
70 35 -35 89 -89 -178
70 35 0 89 -89 0
70 35 0 90 -90 0
70 35 0 91 -91 0
70 35 0 92 -92 0
70 35 -35 93 -93 -186
70 35 0 93 -93 0
70 35 0 94 -94 0
70 35 0 95 -95 0
70 35 0 96 -96 0
70 35 -35 97 -97 -194
70 35 0 97 -97 0
70 35 0 98 -98 0
70 35 0 99 -99 0
70 35 0 100 -100 0
70 35 -35 101 -101 -202
70 35 0 101 -101 0
70 35 0 102 -102 0
70 35 -103 103 -103 -206
70 35 -2 103 -103 -206
70 35 0 103 -103 0
70 35 0 104 -104 0
70 35 -35 105 -105 -210
70 35 0 105 -105 0
70 35 0 106 -106 0
70 35 0 107 -107 0
70 35 0 108 -108 0
70 35 -35 109 -109 -218
70 35 0 109 -109 0
70 35 0 110 -110 0
70 35 0 111 -111 0
70 35 0 112 -112 0
70 35 -35 113 -113 -226
70 35 0 113 -113 0
70 35 0 114 -114 0
70 35 0 115 -115 0
70 35 0 116 -116 0
70 35 -35 117 -117 -234
70 35 0 117 -117 0
70 35 0 118 -118 0
70 35 0 119 -119 0
70 35 0 120 -120 0
70 35 -35 121 -121 -242
70 35 0 121 -121 0
70 35 0 122 -122 0
70 35 0 123 -123 0
70 35 0 124 -124 0
70 35 -35 125 -125 -250
70 35 0 125 -125 0
70 35 0 126 -126 0
70 35 0 127 -127 0
70 35 0 128 -128 0
70 35 -35 129 -129 -258
70 35 0 129 -129 0
70 35 0 130 -130 0
70 35 0 131 -131 0
70 35 0 132 -132 0
70 35 -35 133 -133 -266
70 35 0 133 -133 0
70 35 0 134 -134 0
70 35 0 135 -135 0
70 35 -34 136 -136 -102
70 35 0 136 -136 0
70 35 -35 137 -137 -274
70 35 0 137 -137 0
70 35 0 138 -138 0
70 35 0 139 -139 0
70 35 0 140 -140 0
70 35 -35 141 -141 -282
70 35 0 141 -141 0
70 35 0 142 -142 0
70 35 0 143 -143 0
70 35 0 144 -144 0
70 35 -35 145 -145 -290
70 35 0 145 -145 0
70 35 0 146 -146 0
70 35 0 147 -147 0
70 35 0 148 -148 0
70 35 -35 149 -149 -298
70 35 0 149 -149 0
70 35 0 150 -150 0
72 36 0 -150 150 0
72 36 0 -149 149 0
72 36 -36 -148 148 296
72 36 0 -148 148 0
72 36 0 -147 147 0
72 36 0 -146 146 0
72 36 0 -145 145 0
72 36 -36 -144 144 288
72 36 0 -144 144 0
72 36 0 -143 143 0
72 36 0 -142 142 0
72 36 0 -141 141 0
72 36 -36 -140 140 280
72 36 0 -140 140 0
72 36 0 -139 139 0
72 36 0 -138 138 0
72 36 0 -137 137 0
72 36 -36 -136 136 272
72 36 0 -136 136 0
72 36 0 -135 135 0
72 36 0 -134 134 0
72 36 0 -133 133 0
72 36 -36 -132 132 264
72 36 0 -132 132 0
72 36 0 -131 131 0
72 36 0 -130 130 0
72 36 0 -129 129 0
72 36 -36 -128 128 256
72 36 0 -128 128 0
72 36 0 -127 127 0
72 36 0 -126 126 0
72 36 0 -125 125 0
72 36 -36 -124 124 248
72 36 0 -124 124 0
72 36 0 -123 123 0
72 36 0 -122 122 0
72 36 0 -121 121 0
72 36 -36 -120 120 240
72 36 0 -120 120 0
72 36 0 -119 119 0
72 36 0 -118 118 0
72 36 0 -117 117 0
72 36 -36 -116 116 232
72 36 0 -116 116 0
72 36 0 -115 115 0
72 36 0 -114 114 0
72 36 0 -113 113 0
72 36 -36 -112 112 224
72 36 0 -112 112 0
72 36 0 -111 111 0
72 36 -110 -110 110 220
72 36 0 -110 110 0
72 36 2 -110 110 220
72 36 0 -109 109 0
72 36 -36 -108 108 216
72 36 0 -108 108 0
72 36 0 -107 107 0
72 36 0 -106 106 0
72 36 0 -105 105 0
72 36 -36 -104 104 208
72 36 0 -104 104 0
72 36 0 -103 103 0
72 36 0 -102 102 0
72 36 0 -101 101 0
72 36 -36 -100 100 200
72 36 0 -100 100 0
72 36 0 -99 99 0
72 36 0 -98 98 0
72 36 0 -97 97 0
72 36 -36 -96 96 192
72 36 0 -96 96 0
72 36 0 -95 95 0
72 36 0 -94 94 0
72 36 0 -93 93 0
72 36 -36 -92 92 184
72 36 0 -92 92 0
72 36 0 -91 91 0
72 36 0 -90 90 0
72 36 0 -89 89 0
72 36 -36 -88 88 176
72 36 0 -88 88 0
72 36 0 -87 87 0
72 36 0 -86 86 0
72 36 0 -85 85 0
72 36 -36 -84 84 168
72 36 0 -84 84 0
72 36 0 -83 83 0
72 36 0 -82 82 0
72 36 0 -81 81 0
72 36 -36 -80 80 160
72 36 0 -80 80 0
72 36 0 -79 79 0
72 36 0 -78 78 0
72 36 0 -77 77 0
72 36 -36 -76 76 152
72 36 0 -76 76 0
72 36 0 -75 75 0
72 36 0 -74 74 0
72 36 0 -73 73 0
72 36 -36 -72 72 144
72 36 0 -72 72 0
72 36 0 -71 71 0
72 36 0 -70 70 0
72 36 0 -69 69 0
72 36 -36 -68 68 136
72 36 0 -68 68 0
72 36 0 -67 67 0
72 36 0 -66 66 0
72 36 0 -65 65 0
72 36 -36 -64 64 128
72 36 0 -64 64 0
72 36 0 -63 63 0
72 36 0 -62 62 0
72 36 0 -61 61 0
72 36 -36 -60 60 120
72 36 0 -60 60 0
72 36 0 -59 59 0
72 36 0 -58 58 0
72 36 0 -57 57 0
72 36 -36 -56 56 112
72 36 0 -56 56 0
72 36 0 -55 55 0
72 36 0 -54 54 0
72 36 0 -53 53 0
72 36 -36 -52 52 104
72 36 0 -52 52 0
72 36 0 -51 51 0
72 36 0 -50 50 0
72 36 0 -49 49 0
72 36 -36 -48 48 96
72 36 0 -48 48 0
72 36 0 -47 47 0
72 36 0 -46 46 0
72 36 0 -45 45 0
72 36 -36 -44 44 88
72 36 0 -44 44 0
72 36 0 -43 43 0
72 36 0 -42 42 0
72 36 0 -41 41 0
72 36 -36 -40 40 80
72 36 0 -40 40 0
72 36 0 -39 39 0
72 36 0 -38 38 0
72 36 0 -37 37 0
72 36 -36 -36 36 72
72 36 0 -36 36 0
72 36 0 -35 35 0
72 36 0 -34 34 0
72 36 0 -33 33 0
72 36 -36 -32 32 64
72 36 0 -32 32 0
72 36 0 -31 31 0
72 36 0 -30 30 0
72 36 0 -29 29 0
72 36 -36 -28 28 56
72 36 0 -28 28 0
72 36 0 -27 27 0
72 36 0 -26 26 0
72 36 0 -25 25 0
72 36 -36 -24 24 48
72 36 0 -24 24 0
72 36 0 -23 23 0
72 36 0 -22 22 0
72 36 0 -21 21 0
72 36 -36 -20 20 40
72 36 0 -20 20 0
72 36 0 -19 19 0
72 36 0 -18 18 0
72 36 0 -17 17 0
72 36 -36 -16 16 32
72 36 0 -16 16 0
72 36 0 -15 15 0
72 36 0 -14 14 0
72 36 0 -13 13 0
72 36 -36 -12 12 24
72 36 0 -12 12 0
72 36 0 -11 11 0
72 36 0 -10 10 0
72 36 0 -9 9 0
72 36 -36 -8 8 16
72 36 0 -8 8 0
72 36 0 -7 7 0
72 36 0 -6 6 0
72 36 0 -5 5 0
72 36 -36 -4 4 8
72 36 0 -4 4 0
72 36 0 -3 3 0
72 36 0 -2 2 0
72 36 0 -1 1 0
72 36 0 1 -1 0
72 36 0 2 -2 0
72 36 0 3 -3 0
72 36 -36 4 -4 -8
72 36 0 4 -4 0
72 36 0 5 -5 0
72 36 0 6 -6 0
72 36 0 7 -7 0
72 36 -36 8 -8 -16
72 36 0 8 -8 0
72 36 0 9 -9 0
72 36 0 10 -10 0
72 36 0 11 -11 0
72 36 -36 12 -12 -24
72 36 0 12 -12 0
72 36 0 13 -13 0
72 36 0 14 -14 0
72 36 0 15 -15 0
72 36 -36 16 -16 -32
72 36 0 16 -16 0
72 36 0 17 -17 0
72 36 0 18 -18 0
72 36 0 19 -19 0
72 36 -36 20 -20 -40
72 36 0 20 -20 0
72 36 0 21 -21 0
72 36 0 22 -22 0
72 36 0 23 -23 0
72 36 -36 24 -24 -48
72 36 0 24 -24 0
72 36 0 25 -25 0
72 36 0 26 -26 0
72 36 0 27 -27 0
72 36 -36 28 -28 -56
72 36 0 28 -28 0
72 36 0 29 -29 0
72 36 0 30 -30 0
72 36 0 31 -31 0
72 36 -36 32 -32 -64
72 36 0 32 -32 0
72 36 0 33 -33 0
72 36 0 34 -34 0
72 36 0 35 -35 0
72 36 -36 36 -36 -72
72 36 0 36 -36 0
72 36 0 37 -37 0
72 36 0 38 -38 0
72 36 0 39 -39 0
72 36 -36 40 -40 -80
72 36 0 40 -40 0
72 36 0 41 -41 0
72 36 0 42 -42 0
72 36 0 43 -43 0
72 36 -36 44 -44 -88
72 36 0 44 -44 0
72 36 0 45 -45 0
72 36 0 46 -46 0
72 36 0 47 -47 0
72 36 -36 48 -48 -96
72 36 0 48 -48 0
72 36 0 49 -49 0
72 36 0 50 -50 0
72 36 0 51 -51 0
72 36 -36 52 -52 -104
72 36 0 52 -52 0
72 36 0 53 -53 0
72 36 0 54 -54 0
72 36 0 55 -55 0
72 36 -36 56 -56 -112
72 36 0 56 -56 0
72 36 0 57 -57 0
72 36 0 58 -58 0
72 36 0 59 -59 0
72 36 -36 60 -60 -120
72 36 0 60 -60 0
72 36 0 61 -61 0
72 36 0 62 -62 0
72 36 0 63 -63 0
72 36 -36 64 -64 -128
72 36 0 64 -64 0
72 36 0 65 -65 0
72 36 0 66 -66 0
72 36 0 67 -67 0
72 36 -36 68 -68 -136
72 36 0 68 -68 0
72 36 0 69 -69 0
72 36 0 70 -70 0
72 36 0 71 -71 0
72 36 -36 72 -72 -144
72 36 0 72 -72 0
72 36 0 73 -73 0
72 36 0 74 -74 0
72 36 0 75 -75 0
72 36 -36 76 -76 -152
72 36 0 76 -76 0
72 36 0 77 -77 0
72 36 0 78 -78 0
72 36 0 79 -79 0
72 36 -36 80 -80 -160
72 36 0 80 -80 0
72 36 0 81 -81 0
72 36 0 82 -82 0
72 36 0 83 -83 0
72 36 -36 84 -84 -168
72 36 0 84 -84 0
72 36 0 85 -85 0
72 36 0 86 -86 0
72 36 0 87 -87 0
72 36 -36 88 -88 -176
72 36 0 88 -88 0
72 36 0 89 -89 0
72 36 0 90 -90 0
72 36 0 91 -91 0
72 36 -36 92 -92 -184
72 36 0 92 -92 0
72 36 0 93 -93 0
72 36 0 94 -94 0
72 36 0 95 -95 0
72 36 -36 96 -96 -192
72 36 0 96 -96 0
72 36 0 97 -97 0
72 36 0 98 -98 0
72 36 0 99 -99 0
72 36 -36 100 -100 -200
72 36 0 100 -100 0
72 36 0 101 -101 0
72 36 0 102 -102 0
72 36 0 103 -103 0
72 36 -36 104 -104 -208
72 36 0 104 -104 0
72 36 0 105 -105 0
72 36 -106 106 -106 -212
72 36 -2 106 -106 -212
72 36 0 106 -106 0
72 36 0 107 -107 0
72 36 -36 108 -108 -216
72 36 0 108 -108 0
72 36 0 109 -109 0
72 36 0 110 -110 0
72 36 0 111 -111 0
72 36 -36 112 -112 -224
72 36 0 112 -112 0
72 36 0 113 -113 0
72 36 0 114 -114 0
72 36 0 115 -115 0
72 36 -36 116 -116 -232
72 36 0 116 -116 0
72 36 0 117 -117 0
72 36 0 118 -118 0
72 36 0 119 -119 0
72 36 -36 120 -120 -240
72 36 0 120 -120 0
72 36 0 121 -121 0
72 36 0 122 -122 0
72 36 0 123 -123 0
72 36 -36 124 -124 -248
72 36 0 124 -124 0
72 36 0 125 -125 0
72 36 0 126 -126 0
72 36 0 127 -127 0
72 36 -36 128 -128 -256
72 36 0 128 -128 0
72 36 0 129 -129 0
72 36 0 130 -130 0
72 36 0 131 -131 0
72 36 -36 132 -132 -264
72 36 0 132 -132 0
72 36 0 133 -133 0
72 36 0 134 -134 0
72 36 0 135 -135 0
72 36 -36 136 -136 -272
72 36 0 136 -136 0
72 36 0 137 -137 0
72 36 0 138 -138 0
72 36 0 139 -139 0
72 36 -36 140 -140 -280
72 36 0 140 -140 0
72 36 0 141 -141 0
72 36 0 142 -142 0
72 36 0 143 -143 0
72 36 -36 144 -144 -288
72 36 0 144 -144 0
72 36 6 144 -144 36
72 36 0 145 -145 0
72 36 0 146 -146 0
72 36 0 147 -147 0
72 36 -36 148 -148 -296
72 36 0 148 -148 0
72 36 0 149 -149 0
72 36 0 150 -150 0
74 37 0 -150 150 0
74 37 0 -149 149 0
74 37 0 -148 148 0
74 37 -37 -147 147 294
74 37 0 -147 147 0
74 37 0 -146 146 0
74 37 0 -145 145 0
74 37 0 -144 144 0
74 37 -37 -143 143 286
74 37 0 -143 143 0
74 37 0 -142 142 0
74 37 0 -141 141 0
74 37 0 -140 140 0
74 37 -37 -139 139 278
74 37 0 -139 139 0
74 37 0 -138 138 0
74 37 0 -137 137 0
74 37 0 -136 136 0
74 37 -37 -135 135 270
74 37 0 -135 135 0
74 37 0 -134 134 0
74 37 0 -133 133 0
74 37 0 -132 132 0
74 37 -37 -131 131 262
74 37 0 -131 131 0
74 37 0 -130 130 0
74 37 0 -129 129 0
74 37 0 -128 128 0
74 37 -37 -127 127 254
74 37 0 -127 127 0
74 37 0 -126 126 0
74 37 0 -125 125 0
74 37 0 -124 124 0
74 37 -37 -123 123 246
74 37 0 -123 123 0
74 37 0 -122 122 0
74 37 0 -121 121 0
74 37 0 -120 120 0
74 37 -37 -119 119 238
74 37 0 -119 119 0
74 37 0 -118 118 0
74 37 0 -117 117 0
74 37 0 -116 116 0
74 37 -37 -115 115 230
74 37 0 -115 115 0
74 37 0 -114 114 0
74 37 -113 -113 113 226
74 37 0 -113 113 0
74 37 2 -113 113 226
74 37 0 -112 112 0
74 37 -37 -111 111 222
74 37 0 -111 111 0
74 37 0 -110 110 0
74 37 0 -109 109 0
74 37 0 -108 108 0
74 37 -37 -107 107 214
74 37 0 -107 107 0
74 37 0 -106 106 0
74 37 0 -105 105 0
74 37 0 -104 104 0
74 37 -37 -103 103 206
74 37 0 -103 103 0
74 37 0 -102 102 0
74 37 0 -101 101 0
74 37 0 -100 100 0
74 37 -37 -99 99 198
74 37 0 -99 99 0
74 37 0 -98 98 0
74 37 0 -97 97 0
74 37 0 -96 96 0
74 37 -37 -95 95 190
74 37 0 -95 95 0
74 37 0 -94 94 0
74 37 0 -93 93 0
74 37 0 -92 92 0
74 37 -37 -91 91 182
74 37 0 -91 91 0
74 37 0 -90 90 0
74 37 0 -89 89 0
74 37 0 -88 88 0
74 37 -37 -87 87 174
74 37 0 -87 87 0
74 37 0 -86 86 0
74 37 0 -85 85 0
74 37 0 -84 84 0
74 37 -37 -83 83 166
74 37 0 -83 83 0
74 37 0 -82 82 0
74 37 0 -81 81 0
74 37 0 -80 80 0
74 37 -37 -79 79 158
74 37 0 -79 79 0
74 37 0 -78 78 0
74 37 0 -77 77 0
74 37 0 -76 76 0
74 37 -37 -75 75 150
74 37 0 -75 75 0
74 37 0 -74 74 0
74 37 0 -73 73 0
74 37 0 -72 72 0
74 37 -37 -71 71 142
74 37 0 -71 71 0
74 37 0 -70 70 0
74 37 0 -69 69 0
74 37 0 -68 68 0
74 37 -37 -67 67 134
74 37 0 -67 67 0
74 37 0 -66 66 0
74 37 0 -65 65 0
74 37 0 -64 64 0
74 37 -37 -63 63 126
74 37 0 -63 63 0
74 37 0 -62 62 0
74 37 0 -61 61 0
74 37 0 -60 60 0
74 37 -37 -59 59 118
74 37 0 -59 59 0
74 37 0 -58 58 0
74 37 0 -57 57 0
74 37 -112 -56 56 112
74 37 0 -56 56 0
74 37 1 -56 56 112
74 37 -37 -55 55 110
74 37 0 -55 55 0
74 37 0 -54 54 0
74 37 0 -53 53 0
74 37 0 -52 52 0
74 37 -37 -51 51 102
74 37 0 -51 51 0
74 37 0 -50 50 0
74 37 0 -49 49 0
74 37 0 -48 48 0
74 37 -37 -47 47 94
74 37 0 -47 47 0
74 37 0 -46 46 0
74 37 0 -45 45 0
74 37 0 -44 44 0
74 37 -37 -43 43 86
74 37 0 -43 43 0
74 37 0 -42 42 0
74 37 0 -41 41 0
74 37 0 -40 40 0
74 37 -37 -39 39 78
74 37 0 -39 39 0
74 37 0 -38 38 0
74 37 0 -37 37 0
74 37 0 -36 36 0
74 37 -37 -35 35 70
74 37 0 -35 35 0
74 37 0 -34 34 0
74 37 0 -33 33 0
74 37 0 -32 32 0
74 37 -37 -31 31 62
74 37 0 -31 31 0
74 37 0 -30 30 0
74 37 0 -29 29 0
74 37 0 -28 28 0
74 37 -37 -27 27 54
74 37 0 -27 27 0
74 37 0 -26 26 0
74 37 0 -25 25 0
74 37 0 -24 24 0
74 37 -37 -23 23 46
74 37 0 -23 23 0
74 37 0 -22 22 0
74 37 0 -21 21 0
74 37 0 -20 20 0
74 37 -37 -19 19 38
74 37 0 -19 19 0
74 37 0 -18 18 0
74 37 0 -17 17 0
74 37 0 -16 16 0
74 37 -37 -15 15 30
74 37 0 -15 15 0
74 37 0 -14 14 0
74 37 0 -13 13 0
74 37 0 -12 12 0
74 37 -37 -11 11 22
74 37 0 -11 11 0
74 37 0 -10 10 0
74 37 0 -9 9 0
74 37 0 -8 8 0
74 37 -37 -7 7 14
74 37 0 -7 7 0
74 37 0 -6 6 0
74 37 0 -5 5 0
74 37 0 -4 4 0
74 37 -37 -3 3 6
74 37 0 -3 3 0
74 37 0 -2 2 0
74 37 0 -1 1 0
74 37 -37 1 -1 -2
74 37 0 1 -1 0
74 37 0 2 -2 0
74 37 0 3 -3 0
74 37 0 4 -4 0
74 37 -37 5 -5 -10
74 37 0 5 -5 0
74 37 0 6 -6 0
74 37 0 7 -7 0
74 37 0 8 -8 0
74 37 -37 9 -9 -18
74 37 0 9 -9 0
74 37 0 10 -10 0
74 37 0 11 -11 0
74 37 0 12 -12 0
74 37 -37 13 -13 -26
74 37 0 13 -13 0
74 37 0 14 -14 0
74 37 0 15 -15 0
74 37 0 16 -16 0
74 37 -37 17 -17 -34
74 37 0 17 -17 0
74 37 0 18 -18 0
74 37 0 19 -19 0
74 37 0 20 -20 0
74 37 -37 21 -21 -42
74 37 0 21 -21 0
74 37 0 22 -22 0
74 37 0 23 -23 0
74 37 0 24 -24 0
74 37 -37 25 -25 -50
74 37 0 25 -25 0
74 37 0 26 -26 0
74 37 0 27 -27 0
74 37 0 28 -28 0
74 37 -37 29 -29 -58
74 37 0 29 -29 0
74 37 0 30 -30 0
74 37 0 31 -31 0
74 37 0 32 -32 0
74 37 -37 33 -33 -66
74 37 0 33 -33 0
74 37 0 34 -34 0
74 37 0 35 -35 0
74 37 0 36 -36 0
74 37 -37 37 -37 -74
74 37 0 37 -37 0
74 37 0 38 -38 0
74 37 0 39 -39 0
74 37 0 40 -40 0
74 37 -37 41 -41 -82
74 37 0 41 -41 0
74 37 0 42 -42 0
74 37 0 43 -43 0
74 37 0 44 -44 0
74 37 -37 45 -45 -90
74 37 0 45 -45 0
74 37 0 46 -46 0
74 37 0 47 -47 0
74 37 0 48 -48 0
74 37 -37 49 -49 -98
74 37 0 49 -49 0
74 37 0 50 -50 0
74 37 0 51 -51 0
74 37 0 52 -52 0
74 37 -37 53 -53 -106
74 37 0 53 -53 0
74 37 0 54 -54 0
74 37 -110 55 -55 -110
74 37 -1 55 -55 -110
74 37 0 55 -55 0
74 37 0 56 -56 0
74 37 -37 57 -57 -114
74 37 0 57 -57 0
74 37 0 58 -58 0
74 37 0 59 -59 0
74 37 0 60 -60 0
74 37 -37 61 -61 -122
74 37 0 61 -61 0
74 37 0 62 -62 0
74 37 0 63 -63 0
74 37 0 64 -64 0
74 37 -37 65 -65 -130
74 37 0 65 -65 0
74 37 0 66 -66 0
74 37 0 67 -67 0
74 37 0 68 -68 0
74 37 -37 69 -69 -138
74 37 0 69 -69 0
74 37 0 70 -70 0
74 37 0 71 -71 0
74 37 0 72 -72 0
74 37 -37 73 -73 -146
74 37 0 73 -73 0
74 37 0 74 -74 0
74 37 0 75 -75 0
74 37 0 76 -76 0
74 37 -37 77 -77 -154
74 37 0 77 -77 0
74 37 0 78 -78 0
74 37 0 79 -79 0
74 37 0 80 -80 0
74 37 -37 81 -81 -162
74 37 0 81 -81 0
74 37 0 82 -82 0
74 37 0 83 -83 0
74 37 0 84 -84 0
74 37 -37 85 -85 -170
74 37 0 85 -85 0
74 37 0 86 -86 0
74 37 0 87 -87 0
74 37 0 88 -88 0
74 37 -37 89 -89 -178
74 37 0 89 -89 0
74 37 0 90 -90 0
74 37 0 91 -91 0
74 37 0 92 -92 0
74 37 -37 93 -93 -186
74 37 0 93 -93 0
74 37 0 94 -94 0
74 37 0 95 -95 0
74 37 0 96 -96 0
74 37 -37 97 -97 -194
74 37 0 97 -97 0
74 37 0 98 -98 0
74 37 0 99 -99 0
74 37 0 100 -100 0
74 37 -37 101 -101 -202
74 37 0 101 -101 0
74 37 0 102 -102 0
74 37 0 103 -103 0
74 37 0 104 -104 0
74 37 -37 105 -105 -210
74 37 0 105 -105 0
74 37 0 106 -106 0
74 37 0 107 -107 0
74 37 0 108 -108 0
74 37 -109 109 -109 -218
74 37 -37 109 -109 -218
74 37 -2 109 -109 -218
74 37 0 109 -109 0
74 37 0 110 -110 0
74 37 0 111 -111 0
74 37 0 112 -112 0
74 37 -37 113 -113 -226
74 37 0 113 -113 0
74 37 0 114 -114 0
74 37 0 115 -115 0
74 37 0 116 -116 0
74 37 -37 117 -117 -234
74 37 0 117 -117 0
74 37 0 118 -118 0
74 37 0 119 -119 0
74 37 0 120 -120 0
74 37 -37 121 -121 -242
74 37 0 121 -121 0
74 37 0 122 -122 0
74 37 0 123 -123 0
74 37 0 124 -124 0
74 37 -37 125 -125 -250
74 37 0 125 -125 0
74 37 0 126 -126 0
74 37 0 127 -127 0
74 37 0 128 -128 0
74 37 -37 129 -129 -258
74 37 0 129 -129 0
74 37 0 130 -130 0
74 37 0 131 -131 0
74 37 0 132 -132 0
74 37 -37 133 -133 -266
74 37 0 133 -133 0
74 37 0 134 -134 0
74 37 0 135 -135 0
74 37 0 136 -136 0
74 37 -37 137 -137 -274
74 37 0 137 -137 0
74 37 0 138 -138 0
74 37 0 139 -139 0
74 37 0 140 -140 0
74 37 -37 141 -141 -282
74 37 0 141 -141 0
74 37 0 142 -142 0
74 37 0 143 -143 0
74 37 -36 144 -144 -108
74 37 0 144 -144 0
74 37 -37 145 -145 -290
74 37 0 145 -145 0
74 37 0 146 -146 0
74 37 0 147 -147 0
74 37 0 148 -148 0
74 37 -37 149 -149 -298
74 37 0 149 -149 0
74 37 0 150 -150 0
76 38 0 -150 150 0
76 38 0 -149 149 0
76 38 -38 -148 148 296
76 38 0 -148 148 0
76 38 0 -147 147 0
76 38 0 -146 146 0
76 38 0 -145 145 0
76 38 -38 -144 144 288
76 38 0 -144 144 0
76 38 0 -143 143 0
76 38 0 -142 142 0
76 38 0 -141 141 0
76 38 -38 -140 140 280
76 38 0 -140 140 0
76 38 0 -139 139 0
76 38 0 -138 138 0
76 38 0 -137 137 0
76 38 -38 -136 136 272
76 38 0 -136 136 0
76 38 0 -135 135 0
76 38 0 -134 134 0
76 38 0 -133 133 0
76 38 -38 -132 132 264
76 38 0 -132 132 0
76 38 0 -131 131 0
76 38 0 -130 130 0
76 38 0 -129 129 0
76 38 -38 -128 128 256
76 38 0 -128 128 0
76 38 0 -127 127 0
76 38 0 -126 126 0
76 38 0 -125 125 0
76 38 -38 -124 124 248
76 38 0 -124 124 0
76 38 0 -123 123 0
76 38 0 -122 122 0
76 38 0 -121 121 0
76 38 -38 -120 120 240
76 38 0 -120 120 0
76 38 0 -119 119 0
76 38 0 -118 118 0
76 38 0 -117 117 0
76 38 -116 -116 116 232
76 38 -38 -116 116 232
76 38 0 -116 116 0
76 38 2 -116 116 232
76 38 0 -115 115 0
76 38 0 -114 114 0
76 38 0 -113 113 0
76 38 -38 -112 112 224
76 38 0 -112 112 0
76 38 0 -111 111 0
76 38 0 -110 110 0
76 38 0 -109 109 0
76 38 -38 -108 108 216
76 38 0 -108 108 0
76 38 0 -107 107 0
76 38 0 -106 106 0
76 38 0 -105 105 0
76 38 -38 -104 104 208
76 38 0 -104 104 0
76 38 0 -103 103 0
76 38 0 -102 102 0
76 38 0 -101 101 0
76 38 -38 -100 100 200
76 38 0 -100 100 0
76 38 0 -99 99 0
76 38 0 -98 98 0
76 38 0 -97 97 0
76 38 -38 -96 96 192
76 38 0 -96 96 0
76 38 0 -95 95 0
76 38 0 -94 94 0
76 38 0 -93 93 0
76 38 -38 -92 92 184
76 38 0 -92 92 0
76 38 0 -91 91 0
76 38 0 -90 90 0
76 38 0 -89 89 0
76 38 -38 -88 88 176
76 38 0 -88 88 0
76 38 0 -87 87 0
76 38 0 -86 86 0
76 38 0 -85 85 0
76 38 -38 -84 84 168
76 38 0 -84 84 0
76 38 0 -83 83 0
76 38 0 -82 82 0
76 38 0 -81 81 0
76 38 -38 -80 80 160
76 38 0 -80 80 0
76 38 0 -79 79 0
76 38 0 -78 78 0
76 38 0 -77 77 0
76 38 -38 -76 76 152
76 38 0 -76 76 0
76 38 0 -75 75 0
76 38 0 -74 74 0
76 38 0 -73 73 0
76 38 -38 -72 72 144
76 38 0 -72 72 0
76 38 0 -71 71 0
76 38 0 -70 70 0
76 38 0 -69 69 0
76 38 -38 -68 68 136
76 38 0 -68 68 0
76 38 0 -67 67 0
76 38 0 -66 66 0
76 38 0 -65 65 0
76 38 -38 -64 64 128
76 38 0 -64 64 0
76 38 0 -63 63 0
76 38 0 -62 62 0
76 38 0 -61 61 0
76 38 -38 -60 60 120
76 38 0 -60 60 0
76 38 0 -59 59 0
76 38 0 -58 58 0
76 38 0 -57 57 0
76 38 -38 -56 56 112
76 38 0 -56 56 0
76 38 0 -55 55 0
76 38 0 -54 54 0
76 38 0 -53 53 0
76 38 -38 -52 52 104
76 38 0 -52 52 0
76 38 0 -51 51 0
76 38 0 -50 50 0
76 38 0 -49 49 0
76 38 -38 -48 48 96
76 38 0 -48 48 0
76 38 0 -47 47 0
76 38 0 -46 46 0
76 38 0 -45 45 0
76 38 -38 -44 44 88
76 38 0 -44 44 0
76 38 0 -43 43 0
76 38 0 -42 42 0
76 38 0 -41 41 0
76 38 -38 -40 40 80
76 38 0 -40 40 0
76 38 0 -39 39 0
76 38 0 -38 38 0
76 38 0 -37 37 0
76 38 -38 -36 36 72
76 38 0 -36 36 0
76 38 0 -35 35 0
76 38 0 -34 34 0
76 38 0 -33 33 0
76 38 -38 -32 32 64
76 38 0 -32 32 0
76 38 0 -31 31 0
76 38 0 -30 30 0
76 38 0 -29 29 0
76 38 -38 -28 28 56
76 38 0 -28 28 0
76 38 0 -27 27 0
76 38 0 -26 26 0
76 38 0 -25 25 0
76 38 -38 -24 24 48
76 38 0 -24 24 0
76 38 0 -23 23 0
76 38 0 -22 22 0
76 38 0 -21 21 0
76 38 -38 -20 20 40
76 38 0 -20 20 0
76 38 0 -19 19 0
76 38 0 -18 18 0
76 38 0 -17 17 0
76 38 -38 -16 16 32
76 38 0 -16 16 0
76 38 0 -15 15 0
76 38 0 -14 14 0
76 38 0 -13 13 0
76 38 -38 -12 12 24
76 38 0 -12 12 0
76 38 0 -11 11 0
76 38 0 -10 10 0
76 38 0 -9 9 0
76 38 -38 -8 8 16
76 38 0 -8 8 0
76 38 0 -7 7 0
76 38 0 -6 6 0
76 38 0 -5 5 0
76 38 -38 -4 4 8
76 38 0 -4 4 0
76 38 0 -3 3 0
76 38 0 -2 2 0
76 38 0 -1 1 0
76 38 0 1 -1 0
76 38 0 2 -2 0
76 38 0 3 -3 0
76 38 -38 4 -4 -8
76 38 0 4 -4 0
76 38 0 5 -5 0
76 38 0 6 -6 0
76 38 0 7 -7 0
76 38 -38 8 -8 -16
76 38 0 8 -8 0
76 38 0 9 -9 0
76 38 0 10 -10 0
76 38 0 11 -11 0
76 38 -38 12 -12 -24
76 38 0 12 -12 0
76 38 0 13 -13 0
76 38 0 14 -14 0
76 38 0 15 -15 0
76 38 -38 16 -16 -32
76 38 0 16 -16 0
76 38 0 17 -17 0
76 38 0 18 -18 0
76 38 0 19 -19 0
76 38 -38 20 -20 -40
76 38 0 20 -20 0
76 38 0 21 -21 0
76 38 0 22 -22 0
76 38 0 23 -23 0
76 38 -38 24 -24 -48
76 38 0 24 -24 0
76 38 0 25 -25 0
76 38 0 26 -26 0
76 38 0 27 -27 0
76 38 -38 28 -28 -56
76 38 0 28 -28 0
76 38 0 29 -29 0
76 38 0 30 -30 0
76 38 0 31 -31 0
76 38 -38 32 -32 -64
76 38 0 32 -32 0
76 38 0 33 -33 0
76 38 0 34 -34 0
76 38 0 35 -35 0
76 38 -38 36 -36 -72
76 38 0 36 -36 0
76 38 0 37 -37 0
76 38 0 38 -38 0
76 38 0 39 -39 0
76 38 -38 40 -40 -80
76 38 0 40 -40 0
76 38 0 41 -41 0
76 38 0 42 -42 0
76 38 0 43 -43 0
76 38 -38 44 -44 -88
76 38 0 44 -44 0
76 38 0 45 -45 0
76 38 0 46 -46 0
76 38 0 47 -47 0
76 38 -38 48 -48 -96
76 38 0 48 -48 0
76 38 0 49 -49 0
76 38 0 50 -50 0
76 38 0 51 -51 0
76 38 -38 52 -52 -104
76 38 0 52 -52 0
76 38 0 53 -53 0
76 38 0 54 -54 0
76 38 0 55 -55 0
76 38 -38 56 -56 -112
76 38 0 56 -56 0
76 38 0 57 -57 0
76 38 0 58 -58 0
76 38 0 59 -59 0
76 38 -38 60 -60 -120
76 38 0 60 -60 0
76 38 0 61 -61 0
76 38 0 62 -62 0
76 38 0 63 -63 0
76 38 -38 64 -64 -128
76 38 0 64 -64 0
76 38 0 65 -65 0
76 38 0 66 -66 0
76 38 0 67 -67 0
76 38 -38 68 -68 -136
76 38 0 68 -68 0
76 38 0 69 -69 0
76 38 0 70 -70 0
76 38 0 71 -71 0
76 38 -38 72 -72 -144
76 38 0 72 -72 0
76 38 0 73 -73 0
76 38 0 74 -74 0
76 38 0 75 -75 0
76 38 -38 76 -76 -152
76 38 0 76 -76 0
76 38 0 77 -77 0
76 38 0 78 -78 0
76 38 0 79 -79 0
76 38 -38 80 -80 -160
76 38 0 80 -80 0
76 38 0 81 -81 0
76 38 0 82 -82 0
76 38 0 83 -83 0
76 38 -38 84 -84 -168
76 38 0 84 -84 0
76 38 0 85 -85 0
76 38 0 86 -86 0
76 38 0 87 -87 0
76 38 -38 88 -88 -176
76 38 0 88 -88 0
76 38 0 89 -89 0
76 38 0 90 -90 0
76 38 0 91 -91 0
76 38 -38 92 -92 -184
76 38 0 92 -92 0
76 38 0 93 -93 0
76 38 0 94 -94 0
76 38 0 95 -95 0
76 38 -38 96 -96 -192
76 38 0 96 -96 0
76 38 0 97 -97 0
76 38 0 98 -98 0
76 38 0 99 -99 0
76 38 -38 100 -100 -200
76 38 0 100 -100 0
76 38 0 101 -101 0
76 38 0 102 -102 0
76 38 0 103 -103 0
76 38 -38 104 -104 -208
76 38 0 104 -104 0
76 38 0 105 -105 0
76 38 0 106 -106 0
76 38 0 107 -107 0
76 38 -38 108 -108 -216
76 38 0 108 -108 0
76 38 0 109 -109 0
76 38 0 110 -110 0
76 38 0 111 -111 0
76 38 -112 112 -112 -224
76 38 -38 112 -112 -224
76 38 -2 112 -112 -224
76 38 0 112 -112 0
76 38 0 113 -113 0
76 38 0 114 -114 0
76 38 0 115 -115 0
76 38 -38 116 -116 -232
76 38 0 116 -116 0
76 38 0 117 -117 0
76 38 0 118 -118 0
76 38 0 119 -119 0
76 38 -38 120 -120 -240
76 38 0 120 -120 0
76 38 0 121 -121 0
76 38 0 122 -122 0
76 38 0 123 -123 0
76 38 -38 124 -124 -248
76 38 0 124 -124 0
76 38 0 125 -125 0
76 38 0 126 -126 0
76 38 0 127 -127 0
76 38 -38 128 -128 -256
76 38 0 128 -128 0
76 38 0 129 -129 0
76 38 0 130 -130 0
76 38 0 131 -131 0
76 38 -38 132 -132 -264
76 38 0 132 -132 0
76 38 0 133 -133 0
76 38 0 134 -134 0
76 38 0 135 -135 0
76 38 -38 136 -136 -272
76 38 0 136 -136 0
76 38 0 137 -137 0
76 38 0 138 -138 0
76 38 0 139 -139 0
76 38 -38 140 -140 -280
76 38 0 140 -140 0
76 38 0 141 -141 0
76 38 0 142 -142 0
76 38 0 143 -143 0
76 38 -38 144 -144 -288
76 38 0 144 -144 0
76 38 0 145 -145 0
76 38 0 146 -146 0
76 38 0 147 -147 0
76 38 -38 148 -148 -296
76 38 0 148 -148 0
76 38 0 149 -149 0
76 38 0 150 -150 0
78 39 0 -150 150 0
78 39 0 -149 149 0
78 39 0 -148 148 0
78 39 -39 -147 147 294
78 39 0 -147 147 0
78 39 0 -146 146 0
78 39 0 -145 145 0
78 39 0 -144 144 0
78 39 -39 -143 143 286
78 39 0 -143 143 0
78 39 0 -142 142 0
78 39 0 -141 141 0
78 39 0 -140 140 0
78 39 -39 -139 139 278
78 39 0 -139 139 0
78 39 0 -138 138 0
78 39 0 -137 137 0
78 39 0 -136 136 0
78 39 -39 -135 135 270
78 39 0 -135 135 0
78 39 0 -134 134 0
78 39 0 -133 133 0
78 39 0 -132 132 0
78 39 -39 -131 131 262
78 39 0 -131 131 0
78 39 0 -130 130 0
78 39 0 -129 129 0
78 39 0 -128 128 0
78 39 -39 -127 127 254
78 39 0 -127 127 0
78 39 0 -126 126 0
78 39 0 -125 125 0
78 39 0 -124 124 0
78 39 -39 -123 123 246
78 39 0 -123 123 0
78 39 0 -122 122 0
78 39 0 -121 121 0
78 39 0 -120 120 0
78 39 -119 -119 119 238
78 39 -39 -119 119 238
78 39 0 -119 119 0
78 39 2 -119 119 238
78 39 0 -118 118 0
78 39 0 -117 117 0
78 39 0 -116 116 0
78 39 -39 -115 115 230
78 39 0 -115 115 0
78 39 0 -114 114 0
78 39 0 -113 113 0
78 39 0 -112 112 0
78 39 -39 -111 111 222
78 39 0 -111 111 0
78 39 0 -110 110 0
78 39 0 -109 109 0
78 39 0 -108 108 0
78 39 -39 -107 107 214
78 39 0 -107 107 0
78 39 0 -106 106 0
78 39 0 -105 105 0
78 39 0 -104 104 0
78 39 -39 -103 103 206
78 39 0 -103 103 0
78 39 0 -102 102 0
78 39 0 -101 101 0
78 39 0 -100 100 0
78 39 -39 -99 99 198
78 39 0 -99 99 0
78 39 0 -98 98 0
78 39 0 -97 97 0
78 39 0 -96 96 0
78 39 -39 -95 95 190
78 39 0 -95 95 0
78 39 0 -94 94 0
78 39 0 -93 93 0
78 39 0 -92 92 0
78 39 -39 -91 91 182
78 39 0 -91 91 0
78 39 0 -90 90 0
78 39 0 -89 89 0
78 39 0 -88 88 0
78 39 -39 -87 87 174
78 39 0 -87 87 0
78 39 0 -86 86 0
78 39 0 -85 85 0
78 39 0 -84 84 0
78 39 -39 -83 83 166
78 39 0 -83 83 0
78 39 0 -82 82 0
78 39 0 -81 81 0
78 39 0 -80 80 0
78 39 -39 -79 79 158
78 39 0 -79 79 0
78 39 0 -78 78 0
78 39 0 -77 77 0
78 39 0 -76 76 0
78 39 -39 -75 75 150
78 39 0 -75 75 0
78 39 0 -74 74 0
78 39 0 -73 73 0
78 39 0 -72 72 0
78 39 -39 -71 71 142
78 39 0 -71 71 0
78 39 0 -70 70 0
78 39 0 -69 69 0
78 39 0 -68 68 0
78 39 -39 -67 67 134
78 39 0 -67 67 0
78 39 0 -66 66 0
78 39 0 -65 65 0
78 39 0 -64 64 0
78 39 -39 -63 63 126
78 39 0 -63 63 0
78 39 0 -62 62 0
78 39 0 -61 61 0
78 39 0 -60 60 0
78 39 -118 -59 59 118
78 39 -39 -59 59 118
78 39 0 -59 59 0
78 39 1 -59 59 118
78 39 0 -58 58 0
78 39 0 -57 57 0
78 39 0 -56 56 0
78 39 -39 -55 55 110
78 39 0 -55 55 0
78 39 0 -54 54 0
78 39 0 -53 53 0
78 39 0 -52 52 0
78 39 -39 -51 51 102
78 39 0 -51 51 0
78 39 0 -50 50 0
78 39 0 -49 49 0
78 39 0 -48 48 0
78 39 -39 -47 47 94
78 39 0 -47 47 0
78 39 0 -46 46 0
78 39 0 -45 45 0
78 39 0 -44 44 0
78 39 -39 -43 43 86
78 39 0 -43 43 0
78 39 0 -42 42 0
78 39 0 -41 41 0
78 39 0 -40 40 0
78 39 -39 -39 39 78
78 39 0 -39 39 0
78 39 0 -38 38 0
78 39 0 -37 37 0
78 39 0 -36 36 0
78 39 -39 -35 35 70
78 39 0 -35 35 0
78 39 0 -34 34 0
78 39 0 -33 33 0
78 39 0 -32 32 0
78 39 -39 -31 31 62
78 39 0 -31 31 0
78 39 0 -30 30 0
78 39 0 -29 29 0
78 39 0 -28 28 0
78 39 -39 -27 27 54
78 39 0 -27 27 0
78 39 0 -26 26 0
78 39 0 -25 25 0
78 39 0 -24 24 0
78 39 -39 -23 23 46
78 39 0 -23 23 0
78 39 0 -22 22 0
78 39 0 -21 21 0
78 39 0 -20 20 0
78 39 -39 -19 19 38
78 39 0 -19 19 0
78 39 0 -18 18 0
78 39 0 -17 17 0
78 39 0 -16 16 0
78 39 -39 -15 15 30
78 39 0 -15 15 0
78 39 0 -14 14 0
78 39 0 -13 13 0
78 39 0 -12 12 0
78 39 -39 -11 11 22
78 39 0 -11 11 0
78 39 0 -10 10 0
78 39 0 -9 9 0
78 39 0 -8 8 0
78 39 -39 -7 7 14
78 39 0 -7 7 0
78 39 0 -6 6 0
78 39 0 -5 5 0
78 39 0 -4 4 0
78 39 -39 -3 3 6
78 39 0 -3 3 0
78 39 0 -2 2 0
78 39 0 -1 1 0
78 39 -39 1 -1 -2
78 39 0 1 -1 0
78 39 0 2 -2 0
78 39 0 3 -3 0
78 39 0 4 -4 0
78 39 -39 5 -5 -10
78 39 0 5 -5 0
78 39 0 6 -6 0
78 39 0 7 -7 0
78 39 0 8 -8 0
78 39 -39 9 -9 -18
78 39 0 9 -9 0
78 39 0 10 -10 0
78 39 0 11 -11 0
78 39 0 12 -12 0
78 39 -39 13 -13 -26
78 39 0 13 -13 0
78 39 0 14 -14 0
78 39 0 15 -15 0
78 39 0 16 -16 0
78 39 -39 17 -17 -34
78 39 0 17 -17 0
78 39 0 18 -18 0
78 39 0 19 -19 0
78 39 0 20 -20 0
78 39 -39 21 -21 -42
78 39 0 21 -21 0
78 39 0 22 -22 0
78 39 0 23 -23 0
78 39 0 24 -24 0
78 39 -39 25 -25 -50
78 39 0 25 -25 0
78 39 0 26 -26 0
78 39 0 27 -27 0
78 39 0 28 -28 0
78 39 -39 29 -29 -58
78 39 0 29 -29 0
78 39 0 30 -30 0
78 39 0 31 -31 0
78 39 0 32 -32 0
78 39 -39 33 -33 -66
78 39 0 33 -33 0
78 39 0 34 -34 0
78 39 0 35 -35 0
78 39 0 36 -36 0
78 39 -39 37 -37 -74
78 39 0 37 -37 0
78 39 0 38 -38 0
78 39 0 39 -39 0
78 39 0 40 -40 0
78 39 -39 41 -41 -82
78 39 0 41 -41 0
78 39 0 42 -42 0
78 39 0 43 -43 0
78 39 0 44 -44 0
78 39 -39 45 -45 -90
78 39 0 45 -45 0
78 39 0 46 -46 0
78 39 0 47 -47 0
78 39 0 48 -48 0
78 39 -39 49 -49 -98
78 39 0 49 -49 0
78 39 0 50 -50 0
78 39 0 51 -51 0
78 39 0 52 -52 0
78 39 -39 53 -53 -106
78 39 0 53 -53 0
78 39 0 54 -54 0
78 39 0 55 -55 0
78 39 0 56 -56 0
78 39 -39 57 -57 -114
78 39 0 57 -57 0
78 39 -116 58 -58 -116
78 39 -1 58 -58 -116
78 39 0 58 -58 0
78 39 0 59 -59 0
78 39 0 60 -60 0
78 39 -39 61 -61 -122
78 39 0 61 -61 0
78 39 0 62 -62 0
78 39 0 63 -63 0
78 39 0 64 -64 0
78 39 -39 65 -65 -130
78 39 0 65 -65 0
78 39 0 66 -66 0
78 39 0 67 -67 0
78 39 0 68 -68 0
78 39 -39 69 -69 -138
78 39 0 69 -69 0
78 39 0 70 -70 0
78 39 0 71 -71 0
78 39 0 72 -72 0
78 39 -39 73 -73 -146
78 39 0 73 -73 0
78 39 0 74 -74 0
78 39 0 75 -75 0
78 39 0 76 -76 0
78 39 -39 77 -77 -154
78 39 0 77 -77 0
78 39 0 78 -78 0
78 39 0 79 -79 0
78 39 0 80 -80 0
78 39 -39 81 -81 -162
78 39 0 81 -81 0
78 39 0 82 -82 0
78 39 0 83 -83 0
78 39 0 84 -84 0
78 39 -39 85 -85 -170
78 39 0 85 -85 0
78 39 0 86 -86 0
78 39 0 87 -87 0
78 39 0 88 -88 0
78 39 -39 89 -89 -178
78 39 0 89 -89 0
78 39 0 90 -90 0
78 39 0 91 -91 0
78 39 0 92 -92 0
78 39 -39 93 -93 -186
78 39 0 93 -93 0
78 39 0 94 -94 0
78 39 0 95 -95 0
78 39 0 96 -96 0
78 39 -39 97 -97 -194
78 39 0 97 -97 0
78 39 0 98 -98 0
78 39 0 99 -99 0
78 39 0 100 -100 0
78 39 -39 101 -101 -202
78 39 0 101 -101 0
78 39 0 102 -102 0
78 39 0 103 -103 0
78 39 0 104 -104 0
78 39 -39 105 -105 -210
78 39 0 105 -105 0
78 39 0 106 -106 0
78 39 0 107 -107 0
78 39 0 108 -108 0
78 39 -39 109 -109 -218
78 39 0 109 -109 0
78 39 0 110 -110 0
78 39 0 111 -111 0
78 39 0 112 -112 0
78 39 -39 113 -113 -226
78 39 0 113 -113 0
78 39 0 114 -114 0
78 39 -115 115 -115 -230
78 39 -2 115 -115 -230
78 39 0 115 -115 0
78 39 0 116 -116 0
78 39 -39 117 -117 -234
78 39 0 117 -117 0
78 39 0 118 -118 0
78 39 0 119 -119 0
78 39 0 120 -120 0
78 39 -39 121 -121 -242
78 39 0 121 -121 0
78 39 0 122 -122 0
78 39 0 123 -123 0
78 39 0 124 -124 0
78 39 -39 125 -125 -250
78 39 0 125 -125 0
78 39 0 126 -126 0
78 39 0 127 -127 0
78 39 0 128 -128 0
78 39 -39 129 -129 -258
78 39 0 129 -129 0
78 39 0 130 -130 0
78 39 0 131 -131 0
78 39 0 132 -132 0
78 39 -39 133 -133 -266
78 39 0 133 -133 0
78 39 0 134 -134 0
78 39 0 135 -135 0
78 39 0 136 -136 0
78 39 -39 137 -137 -274
78 39 0 137 -137 0
78 39 0 138 -138 0
78 39 0 139 -139 0
78 39 0 140 -140 0
78 39 -39 141 -141 -282
78 39 0 141 -141 0
78 39 0 142 -142 0
78 39 0 143 -143 0
78 39 0 144 -144 0
78 39 -39 145 -145 -290
78 39 0 145 -145 0
78 39 0 146 -146 0
78 39 0 147 -147 0
78 39 0 148 -148 0
78 39 -39 149 -149 -298
78 39 0 149 -149 0
78 39 0 150 -150 0
80 40 0 -150 150 0
80 40 0 -149 149 0
80 40 -40 -148 148 296
80 40 0 -148 148 0
80 40 0 -147 147 0
80 40 0 -146 146 0
80 40 0 -145 145 0
80 40 -40 -144 144 288
80 40 0 -144 144 0
80 40 0 -143 143 0
80 40 0 -142 142 0
80 40 0 -141 141 0
80 40 -40 -140 140 280
80 40 0 -140 140 0
80 40 0 -139 139 0
80 40 0 -138 138 0
80 40 0 -137 137 0
80 40 -40 -136 136 272
80 40 0 -136 136 0
80 40 0 -135 135 0
80 40 0 -134 134 0
80 40 0 -133 133 0
80 40 -40 -132 132 264
80 40 0 -132 132 0
80 40 0 -131 131 0
80 40 0 -130 130 0
80 40 0 -129 129 0
80 40 -40 -128 128 256
80 40 0 -128 128 0
80 40 0 -127 127 0
80 40 0 -126 126 0
80 40 0 -125 125 0
80 40 -40 -124 124 248
80 40 0 -124 124 0
80 40 0 -123 123 0
80 40 -122 -122 122 244
80 40 0 -122 122 0
80 40 2 -122 122 244
80 40 0 -121 121 0
80 40 -40 -120 120 240
80 40 0 -120 120 0
80 40 0 -119 119 0
80 40 0 -118 118 0
80 40 0 -117 117 0
80 40 -40 -116 116 232
80 40 0 -116 116 0
80 40 0 -115 115 0
80 40 0 -114 114 0
80 40 0 -113 113 0
80 40 -40 -112 112 224
80 40 0 -112 112 0
80 40 0 -111 111 0
80 40 0 -110 110 0
80 40 0 -109 109 0
80 40 -40 -108 108 216
80 40 0 -108 108 0
80 40 0 -107 107 0
80 40 0 -106 106 0
80 40 0 -105 105 0
80 40 -40 -104 104 208
80 40 0 -104 104 0
80 40 0 -103 103 0
80 40 0 -102 102 0
80 40 0 -101 101 0
80 40 -40 -100 100 200
80 40 0 -100 100 0
80 40 0 -99 99 0
80 40 0 -98 98 0
80 40 0 -97 97 0
80 40 -40 -96 96 192
80 40 0 -96 96 0
80 40 0 -95 95 0
80 40 0 -94 94 0
80 40 0 -93 93 0
80 40 -40 -92 92 184
80 40 0 -92 92 0
80 40 0 -91 91 0
80 40 0 -90 90 0
80 40 0 -89 89 0
80 40 -40 -88 88 176
80 40 0 -88 88 0
80 40 0 -87 87 0
80 40 0 -86 86 0
80 40 0 -85 85 0
80 40 -40 -84 84 168
80 40 0 -84 84 0
80 40 0 -83 83 0
80 40 0 -82 82 0
80 40 0 -81 81 0
80 40 -40 -80 80 160
80 40 0 -80 80 0
80 40 0 -79 79 0
80 40 0 -78 78 0
80 40 0 -77 77 0
80 40 -40 -76 76 152
80 40 0 -76 76 0
80 40 0 -75 75 0
80 40 0 -74 74 0
80 40 0 -73 73 0
80 40 -40 -72 72 144
80 40 0 -72 72 0
80 40 0 -71 71 0
80 40 0 -70 70 0
80 40 0 -69 69 0
80 40 -40 -68 68 136
80 40 0 -68 68 0
80 40 0 -67 67 0
80 40 0 -66 66 0
80 40 0 -65 65 0
80 40 -40 -64 64 128
80 40 0 -64 64 0
80 40 0 -63 63 0
80 40 0 -62 62 0
80 40 0 -61 61 0
80 40 -40 -60 60 120
80 40 0 -60 60 0
80 40 0 -59 59 0
80 40 0 -58 58 0
80 40 0 -57 57 0
80 40 -40 -56 56 112
80 40 0 -56 56 0
80 40 0 -55 55 0
80 40 0 -54 54 0
80 40 0 -53 53 0
80 40 -40 -52 52 104
80 40 0 -52 52 0
80 40 0 -51 51 0
80 40 0 -50 50 0
80 40 0 -49 49 0
80 40 -40 -48 48 96
80 40 0 -48 48 0
80 40 0 -47 47 0
80 40 0 -46 46 0
80 40 0 -45 45 0
80 40 -40 -44 44 88
80 40 0 -44 44 0
80 40 0 -43 43 0
80 40 0 -42 42 0
80 40 0 -41 41 0
80 40 -40 -40 40 80
80 40 0 -40 40 0
80 40 0 -39 39 0
80 40 0 -38 38 0
80 40 0 -37 37 0
80 40 -40 -36 36 72
80 40 0 -36 36 0
80 40 0 -35 35 0
80 40 0 -34 34 0
80 40 0 -33 33 0
80 40 -40 -32 32 64
80 40 0 -32 32 0
80 40 0 -31 31 0
80 40 0 -30 30 0
80 40 0 -29 29 0
80 40 -40 -28 28 56
80 40 0 -28 28 0
80 40 0 -27 27 0
80 40 0 -26 26 0
80 40 0 -25 25 0
80 40 -40 -24 24 48
80 40 0 -24 24 0
80 40 0 -23 23 0
80 40 0 -22 22 0
80 40 0 -21 21 0
80 40 -40 -20 20 40
80 40 0 -20 20 0
80 40 0 -19 19 0
80 40 0 -18 18 0
80 40 0 -17 17 0
80 40 -40 -16 16 32
80 40 0 -16 16 0
80 40 0 -15 15 0
80 40 0 -14 14 0
80 40 0 -13 13 0
80 40 -40 -12 12 24
80 40 0 -12 12 0
80 40 0 -11 11 0
80 40 0 -10 10 0
80 40 0 -9 9 0
80 40 -40 -8 8 16
80 40 0 -8 8 0
80 40 0 -7 7 0
80 40 0 -6 6 0
80 40 0 -5 5 0
80 40 -40 -4 4 8
80 40 0 -4 4 0
80 40 0 -3 3 0
80 40 0 -2 2 0
80 40 0 -1 1 0
80 40 0 1 -1 0
80 40 0 2 -2 0
80 40 0 3 -3 0
80 40 -40 4 -4 -8
80 40 0 4 -4 0
80 40 0 5 -5 0
80 40 0 6 -6 0
80 40 0 7 -7 0
80 40 -40 8 -8 -16
80 40 0 8 -8 0
80 40 0 9 -9 0
80 40 0 10 -10 0
80 40 0 11 -11 0
80 40 -40 12 -12 -24
80 40 0 12 -12 0
80 40 0 13 -13 0
80 40 0 14 -14 0
80 40 0 15 -15 0
80 40 -40 16 -16 -32
80 40 0 16 -16 0
80 40 0 17 -17 0
80 40 0 18 -18 0
80 40 0 19 -19 0
80 40 -40 20 -20 -40
80 40 0 20 -20 0
80 40 0 21 -21 0
80 40 0 22 -22 0
80 40 0 23 -23 0
80 40 -40 24 -24 -48
80 40 0 24 -24 0
80 40 0 25 -25 0
80 40 0 26 -26 0
80 40 0 27 -27 0
80 40 -40 28 -28 -56
80 40 0 28 -28 0
80 40 0 29 -29 0
80 40 0 30 -30 0
80 40 0 31 -31 0
80 40 -40 32 -32 -64
80 40 0 32 -32 0
80 40 0 33 -33 0
80 40 0 34 -34 0
80 40 0 35 -35 0
80 40 -40 36 -36 -72
80 40 0 36 -36 0
80 40 0 37 -37 0
80 40 0 38 -38 0
80 40 0 39 -39 0
80 40 -40 40 -40 -80
80 40 0 40 -40 0
80 40 0 41 -41 0
80 40 0 42 -42 0
80 40 0 43 -43 0
80 40 -40 44 -44 -88
80 40 0 44 -44 0
80 40 0 45 -45 0
80 40 0 46 -46 0
80 40 0 47 -47 0
80 40 -40 48 -48 -96
80 40 0 48 -48 0
80 40 0 49 -49 0
80 40 0 50 -50 0
80 40 0 51 -51 0
80 40 -40 52 -52 -104
80 40 0 52 -52 0
80 40 0 53 -53 0
80 40 0 54 -54 0
80 40 0 55 -55 0
80 40 -40 56 -56 -112
80 40 0 56 -56 0
80 40 0 57 -57 0
80 40 0 58 -58 0
80 40 0 59 -59 0
80 40 -40 60 -60 -120
80 40 0 60 -60 0
80 40 0 61 -61 0
80 40 0 62 -62 0
80 40 0 63 -63 0
80 40 -40 64 -64 -128
80 40 0 64 -64 0
80 40 0 65 -65 0
80 40 0 66 -66 0
80 40 0 67 -67 0
80 40 -40 68 -68 -136
80 40 0 68 -68 0
80 40 0 69 -69 0
80 40 0 70 -70 0
80 40 0 71 -71 0
80 40 -40 72 -72 -144
80 40 0 72 -72 0
80 40 0 73 -73 0
80 40 0 74 -74 0
80 40 0 75 -75 0
80 40 -40 76 -76 -152
80 40 0 76 -76 0
80 40 0 77 -77 0
80 40 0 78 -78 0
80 40 0 79 -79 0
80 40 -40 80 -80 -160
80 40 0 80 -80 0
80 40 0 81 -81 0
80 40 0 82 -82 0
80 40 0 83 -83 0
80 40 -40 84 -84 -168
80 40 0 84 -84 0
80 40 0 85 -85 0
80 40 0 86 -86 0
80 40 0 87 -87 0
80 40 -40 88 -88 -176
80 40 0 88 -88 0
80 40 0 89 -89 0
80 40 0 90 -90 0
80 40 0 91 -91 0
80 40 -40 92 -92 -184
80 40 0 92 -92 0
80 40 0 93 -93 0
80 40 0 94 -94 0
80 40 0 95 -95 0
80 40 -40 96 -96 -192
80 40 0 96 -96 0
80 40 0 97 -97 0
80 40 0 98 -98 0
80 40 0 99 -99 0
80 40 -40 100 -100 -200
80 40 0 100 -100 0
80 40 0 101 -101 0
80 40 0 102 -102 0
80 40 0 103 -103 0
80 40 -40 104 -104 -208
80 40 0 104 -104 0
80 40 0 105 -105 0
80 40 0 106 -106 0
80 40 0 107 -107 0
80 40 -40 108 -108 -216
80 40 0 108 -108 0
80 40 0 109 -109 0
80 40 0 110 -110 0
80 40 0 111 -111 0
80 40 -40 112 -112 -224
80 40 0 112 -112 0
80 40 0 113 -113 0
80 40 0 114 -114 0
80 40 0 115 -115 0
80 40 -40 116 -116 -232
80 40 0 116 -116 0
80 40 0 117 -117 0
80 40 -118 118 -118 -236
80 40 -2 118 -118 -236
80 40 0 118 -118 0
80 40 0 119 -119 0
80 40 -40 120 -120 -240
80 40 0 120 -120 0
80 40 0 121 -121 0
80 40 0 122 -122 0
80 40 0 123 -123 0
80 40 -40 124 -124 -248
80 40 0 124 -124 0
80 40 0 125 -125 0
80 40 0 126 -126 0
80 40 0 127 -127 0
80 40 -40 128 -128 -256
80 40 0 128 -128 0
80 40 0 129 -129 0
80 40 0 130 -130 0
80 40 0 131 -131 0
80 40 -40 132 -132 -264
80 40 0 132 -132 0
80 40 0 133 -133 0
80 40 0 134 -134 0
80 40 0 135 -135 0
80 40 -40 136 -136 -272
80 40 0 136 -136 0
80 40 0 137 -137 0
80 40 0 138 -138 0
80 40 0 139 -139 0
80 40 -40 140 -140 -280
80 40 0 140 -140 0
80 40 0 141 -141 0
80 40 0 142 -142 0
80 40 0 143 -143 0
80 40 -40 144 -144 -288
80 40 0 144 -144 0
80 40 0 145 -145 0
80 40 0 146 -146 0
80 40 0 147 -147 0
80 40 -40 148 -148 -296
80 40 0 148 -148 0
80 40 0 149 -149 0
80 40 0 150 -150 0
82 41 0 -150 150 0
82 41 0 -149 149 0
82 41 0 -148 148 0
82 41 -41 -147 147 294
82 41 0 -147 147 0
82 41 0 -146 146 0
82 41 0 -145 145 0
82 41 0 -144 144 0
82 41 -41 -143 143 286
82 41 0 -143 143 0
82 41 0 -142 142 0
82 41 0 -141 141 0
82 41 0 -140 140 0
82 41 -41 -139 139 278
82 41 0 -139 139 0
82 41 0 -138 138 0
82 41 0 -137 137 0
82 41 0 -136 136 0
82 41 -41 -135 135 270
82 41 0 -135 135 0
82 41 0 -134 134 0
82 41 0 -133 133 0
82 41 0 -132 132 0
82 41 -41 -131 131 262
82 41 0 -131 131 0
82 41 0 -130 130 0
82 41 0 -129 129 0
82 41 0 -128 128 0
82 41 -41 -127 127 254
82 41 0 -127 127 0
82 41 0 -126 126 0
82 41 -125 -125 125 250
82 41 0 -125 125 0
82 41 2 -125 125 250
82 41 0 -124 124 0
82 41 -41 -123 123 246
82 41 0 -123 123 0
82 41 0 -122 122 0
82 41 0 -121 121 0
82 41 0 -120 120 0
82 41 -41 -119 119 238
82 41 0 -119 119 0
82 41 0 -118 118 0
82 41 0 -117 117 0
82 41 0 -116 116 0
82 41 -41 -115 115 230
82 41 0 -115 115 0
82 41 0 -114 114 0
82 41 0 -113 113 0
82 41 0 -112 112 0
82 41 -41 -111 111 222
82 41 0 -111 111 0
82 41 0 -110 110 0
82 41 0 -109 109 0
82 41 0 -108 108 0
82 41 -41 -107 107 214
82 41 0 -107 107 0
82 41 0 -106 106 0
82 41 0 -105 105 0
82 41 0 -104 104 0
82 41 -41 -103 103 206
82 41 0 -103 103 0
82 41 0 -102 102 0
82 41 0 -101 101 0
82 41 0 -100 100 0
82 41 -41 -99 99 198
82 41 0 -99 99 0
82 41 0 -98 98 0
82 41 0 -97 97 0
82 41 0 -96 96 0
82 41 -41 -95 95 190
82 41 0 -95 95 0
82 41 0 -94 94 0
82 41 0 -93 93 0
82 41 0 -92 92 0
82 41 -41 -91 91 182
82 41 0 -91 91 0
82 41 0 -90 90 0
82 41 0 -89 89 0
82 41 0 -88 88 0
82 41 -41 -87 87 174
82 41 0 -87 87 0
82 41 0 -86 86 0
82 41 0 -85 85 0
82 41 0 -84 84 0
82 41 -41 -83 83 166
82 41 0 -83 83 0
82 41 0 -82 82 0
82 41 0 -81 81 0
82 41 0 -80 80 0
82 41 -41 -79 79 158
82 41 0 -79 79 0
82 41 0 -78 78 0
82 41 0 -77 77 0
82 41 0 -76 76 0
82 41 -41 -75 75 150
82 41 0 -75 75 0
82 41 0 -74 74 0
82 41 0 -73 73 0
82 41 0 -72 72 0
82 41 -41 -71 71 142
82 41 0 -71 71 0
82 41 0 -70 70 0
82 41 0 -69 69 0
82 41 0 -68 68 0
82 41 -41 -67 67 134
82 41 0 -67 67 0
82 41 0 -66 66 0
82 41 0 -65 65 0
82 41 0 -64 64 0
82 41 -41 -63 63 126
82 41 0 -63 63 0
82 41 -124 -62 62 124
82 41 0 -62 62 0
82 41 1 -62 62 124
82 41 0 -61 61 0
82 41 0 -60 60 0
82 41 -41 -59 59 118
82 41 0 -59 59 0
82 41 0 -58 58 0
82 41 0 -57 57 0
82 41 0 -56 56 0
82 41 -41 -55 55 110
82 41 0 -55 55 0
82 41 0 -54 54 0
82 41 0 -53 53 0
82 41 0 -52 52 0
82 41 -41 -51 51 102
82 41 0 -51 51 0
82 41 0 -50 50 0
82 41 0 -49 49 0
82 41 0 -48 48 0
82 41 -41 -47 47 94
82 41 0 -47 47 0
82 41 0 -46 46 0
82 41 0 -45 45 0
82 41 0 -44 44 0
82 41 -41 -43 43 86
82 41 0 -43 43 0
82 41 0 -42 42 0
82 41 0 -41 41 0
82 41 0 -40 40 0
82 41 -41 -39 39 78
82 41 0 -39 39 0
82 41 0 -38 38 0
82 41 0 -37 37 0
82 41 0 -36 36 0
82 41 -41 -35 35 70
82 41 0 -35 35 0
82 41 0 -34 34 0
82 41 0 -33 33 0
82 41 0 -32 32 0
82 41 -41 -31 31 62
82 41 0 -31 31 0
82 41 0 -30 30 0
82 41 0 -29 29 0
82 41 0 -28 28 0
82 41 -41 -27 27 54
82 41 0 -27 27 0
82 41 0 -26 26 0
82 41 0 -25 25 0
82 41 0 -24 24 0
82 41 -41 -23 23 46
82 41 0 -23 23 0
82 41 0 -22 22 0
82 41 0 -21 21 0
82 41 0 -20 20 0
82 41 -41 -19 19 38
82 41 0 -19 19 0
82 41 0 -18 18 0
82 41 0 -17 17 0
82 41 0 -16 16 0
82 41 -41 -15 15 30
82 41 0 -15 15 0
82 41 0 -14 14 0
82 41 0 -13 13 0
82 41 0 -12 12 0
82 41 -41 -11 11 22
82 41 0 -11 11 0
82 41 0 -10 10 0
82 41 0 -9 9 0
82 41 0 -8 8 0
82 41 -41 -7 7 14
82 41 0 -7 7 0
82 41 0 -6 6 0
82 41 0 -5 5 0
82 41 0 -4 4 0
82 41 -41 -3 3 6
82 41 0 -3 3 0
82 41 0 -2 2 0
82 41 0 -1 1 0
82 41 -41 1 -1 -2
82 41 0 1 -1 0
82 41 0 2 -2 0
82 41 0 3 -3 0
82 41 0 4 -4 0
82 41 -41 5 -5 -10
82 41 0 5 -5 0
82 41 0 6 -6 0
82 41 0 7 -7 0
82 41 0 8 -8 0
82 41 -41 9 -9 -18
82 41 0 9 -9 0
82 41 0 10 -10 0
82 41 0 11 -11 0
82 41 0 12 -12 0
82 41 -41 13 -13 -26
82 41 0 13 -13 0
82 41 0 14 -14 0
82 41 0 15 -15 0
82 41 0 16 -16 0
82 41 -41 17 -17 -34
82 41 0 17 -17 0
82 41 0 18 -18 0
82 41 0 19 -19 0
82 41 0 20 -20 0
82 41 -41 21 -21 -42
82 41 0 21 -21 0
82 41 0 22 -22 0
82 41 0 23 -23 0
82 41 0 24 -24 0
82 41 -41 25 -25 -50
82 41 0 25 -25 0
82 41 0 26 -26 0
82 41 0 27 -27 0
82 41 0 28 -28 0
82 41 -41 29 -29 -58
82 41 0 29 -29 0
82 41 0 30 -30 0
82 41 0 31 -31 0
82 41 0 32 -32 0
82 41 -41 33 -33 -66
82 41 0 33 -33 0
82 41 0 34 -34 0
82 41 0 35 -35 0
82 41 0 36 -36 0
82 41 -41 37 -37 -74
82 41 0 37 -37 0
82 41 0 38 -38 0
82 41 0 39 -39 0
82 41 0 40 -40 0
82 41 -41 41 -41 -82
82 41 0 41 -41 0
82 41 0 42 -42 0
82 41 0 43 -43 0
82 41 0 44 -44 0
82 41 -41 45 -45 -90
82 41 0 45 -45 0
82 41 0 46 -46 0
82 41 0 47 -47 0
82 41 0 48 -48 0
82 41 -41 49 -49 -98
82 41 0 49 -49 0
82 41 0 50 -50 0
82 41 0 51 -51 0
82 41 0 52 -52 0
82 41 -41 53 -53 -106
82 41 0 53 -53 0
82 41 0 54 -54 0
82 41 0 55 -55 0
82 41 0 56 -56 0
82 41 -41 57 -57 -114
82 41 0 57 -57 0
82 41 0 58 -58 0
82 41 0 59 -59 0
82 41 0 60 -60 0
82 41 -122 61 -61 -122
82 41 -41 61 -61 -122
82 41 -1 61 -61 -122
82 41 0 61 -61 0
82 41 0 62 -62 0
82 41 0 63 -63 0
82 41 0 64 -64 0
82 41 -41 65 -65 -130
82 41 0 65 -65 0
82 41 0 66 -66 0
82 41 0 67 -67 0
82 41 0 68 -68 0
82 41 -41 69 -69 -138
82 41 0 69 -69 0
82 41 0 70 -70 0
82 41 0 71 -71 0
82 41 0 72 -72 0
82 41 -41 73 -73 -146
82 41 0 73 -73 0
82 41 0 74 -74 0
82 41 0 75 -75 0
82 41 0 76 -76 0
82 41 -41 77 -77 -154
82 41 0 77 -77 0
82 41 0 78 -78 0
82 41 0 79 -79 0
82 41 0 80 -80 0
82 41 -41 81 -81 -162
82 41 0 81 -81 0
82 41 0 82 -82 0
82 41 0 83 -83 0
82 41 0 84 -84 0
82 41 -41 85 -85 -170
82 41 0 85 -85 0
82 41 0 86 -86 0
82 41 0 87 -87 0
82 41 0 88 -88 0
82 41 -41 89 -89 -178
82 41 0 89 -89 0
82 41 0 90 -90 0
82 41 0 91 -91 0
82 41 0 92 -92 0
82 41 -41 93 -93 -186
82 41 0 93 -93 0
82 41 0 94 -94 0
82 41 0 95 -95 0
82 41 0 96 -96 0
82 41 -41 97 -97 -194
82 41 0 97 -97 0
82 41 0 98 -98 0
82 41 0 99 -99 0
82 41 0 100 -100 0
82 41 -41 101 -101 -202
82 41 0 101 -101 0
82 41 0 102 -102 0
82 41 0 103 -103 0
82 41 0 104 -104 0
82 41 -41 105 -105 -210
82 41 0 105 -105 0
82 41 0 106 -106 0
82 41 0 107 -107 0
82 41 0 108 -108 0
82 41 -41 109 -109 -218
82 41 0 109 -109 0
82 41 0 110 -110 0
82 41 0 111 -111 0
82 41 0 112 -112 0
82 41 -41 113 -113 -226
82 41 0 113 -113 0
82 41 0 114 -114 0
82 41 0 115 -115 0
82 41 0 116 -116 0
82 41 -41 117 -117 -234
82 41 0 117 -117 0
82 41 0 118 -118 0
82 41 0 119 -119 0
82 41 0 120 -120 0
82 41 -121 121 -121 -242
82 41 -41 121 -121 -242
82 41 -2 121 -121 -242
82 41 0 121 -121 0
82 41 0 122 -122 0
82 41 0 123 -123 0
82 41 0 124 -124 0
82 41 -41 125 -125 -250
82 41 0 125 -125 0
82 41 0 126 -126 0
82 41 0 127 -127 0
82 41 0 128 -128 0
82 41 -41 129 -129 -258
82 41 0 129 -129 0
82 41 0 130 -130 0
82 41 0 131 -131 0
82 41 0 132 -132 0
82 41 -41 133 -133 -266
82 41 0 133 -133 0
82 41 0 134 -134 0
82 41 0 135 -135 0
82 41 0 136 -136 0
82 41 -41 137 -137 -274
82 41 0 137 -137 0
82 41 0 138 -138 0
82 41 0 139 -139 0
82 41 0 140 -140 0
82 41 -41 141 -141 -282
82 41 0 141 -141 0
82 41 0 142 -142 0
82 41 0 143 -143 0
82 41 0 144 -144 0
82 41 -41 145 -145 -290
82 41 0 145 -145 0
82 41 0 146 -146 0
82 41 0 147 -147 0
82 41 0 148 -148 0
82 41 -41 149 -149 -298
82 41 0 149 -149 0
82 41 0 150 -150 0
84 42 0 -150 150 0
84 42 0 -149 149 0
84 42 -42 -148 148 296
84 42 0 -148 148 0
84 42 0 -147 147 0
84 42 0 -146 146 0
84 42 0 -145 145 0
84 42 -42 -144 144 288
84 42 0 -144 144 0
84 42 0 -143 143 0
84 42 0 -142 142 0
84 42 0 -141 141 0
84 42 -42 -140 140 280
84 42 0 -140 140 0
84 42 0 -139 139 0
84 42 0 -138 138 0
84 42 0 -137 137 0
84 42 -42 -136 136 272
84 42 0 -136 136 0
84 42 0 -135 135 0
84 42 0 -134 134 0
84 42 0 -133 133 0
84 42 -42 -132 132 264
84 42 0 -132 132 0
84 42 0 -131 131 0
84 42 0 -130 130 0
84 42 0 -129 129 0
84 42 -128 -128 128 256
84 42 -42 -128 128 256
84 42 0 -128 128 0
84 42 2 -128 128 256
84 42 0 -127 127 0
84 42 0 -126 126 0
84 42 0 -125 125 0
84 42 -42 -124 124 248
84 42 0 -124 124 0
84 42 0 -123 123 0
84 42 0 -122 122 0
84 42 0 -121 121 0
84 42 -42 -120 120 240
84 42 0 -120 120 0
84 42 0 -119 119 0
84 42 0 -118 118 0
84 42 0 -117 117 0
84 42 -42 -116 116 232
84 42 0 -116 116 0
84 42 0 -115 115 0
84 42 0 -114 114 0
84 42 0 -113 113 0
84 42 -42 -112 112 224
84 42 0 -112 112 0
84 42 0 -111 111 0
84 42 0 -110 110 0
84 42 0 -109 109 0
84 42 -42 -108 108 216
84 42 0 -108 108 0
84 42 0 -107 107 0
84 42 0 -106 106 0
84 42 0 -105 105 0
84 42 -42 -104 104 208
84 42 0 -104 104 0
84 42 0 -103 103 0
84 42 0 -102 102 0
84 42 0 -101 101 0
84 42 -42 -100 100 200
84 42 0 -100 100 0
84 42 0 -99 99 0
84 42 0 -98 98 0
84 42 0 -97 97 0
84 42 -42 -96 96 192
84 42 0 -96 96 0
84 42 0 -95 95 0
84 42 0 -94 94 0
84 42 0 -93 93 0
84 42 -42 -92 92 184
84 42 0 -92 92 0
84 42 0 -91 91 0
84 42 0 -90 90 0
84 42 0 -89 89 0
84 42 -42 -88 88 176
84 42 0 -88 88 0
84 42 0 -87 87 0
84 42 0 -86 86 0
84 42 0 -85 85 0
84 42 -42 -84 84 168
84 42 0 -84 84 0
84 42 0 -83 83 0
84 42 0 -82 82 0
84 42 0 -81 81 0
84 42 -42 -80 80 160
84 42 0 -80 80 0
84 42 0 -79 79 0
84 42 0 -78 78 0
84 42 0 -77 77 0
84 42 -42 -76 76 152
84 42 0 -76 76 0
84 42 0 -75 75 0
84 42 0 -74 74 0
84 42 0 -73 73 0
84 42 -42 -72 72 144
84 42 0 -72 72 0
84 42 0 -71 71 0
84 42 0 -70 70 0
84 42 0 -69 69 0
84 42 -42 -68 68 136
84 42 0 -68 68 0
84 42 0 -67 67 0
84 42 0 -66 66 0
84 42 0 -65 65 0
84 42 -42 -64 64 128
84 42 0 -64 64 0
84 42 0 -63 63 0
84 42 0 -62 62 0
84 42 0 -61 61 0
84 42 -42 -60 60 120
84 42 0 -60 60 0
84 42 0 -59 59 0
84 42 0 -58 58 0
84 42 0 -57 57 0
84 42 -42 -56 56 112
84 42 0 -56 56 0
84 42 0 -55 55 0
84 42 0 -54 54 0
84 42 0 -53 53 0
84 42 -42 -52 52 104
84 42 0 -52 52 0
84 42 0 -51 51 0
84 42 0 -50 50 0
84 42 0 -49 49 0
84 42 -42 -48 48 96
84 42 0 -48 48 0
84 42 0 -47 47 0
84 42 0 -46 46 0
84 42 0 -45 45 0
84 42 -42 -44 44 88
84 42 0 -44 44 0
84 42 0 -43 43 0
84 42 0 -42 42 0
84 42 0 -41 41 0
84 42 -42 -40 40 80
84 42 0 -40 40 0
84 42 0 -39 39 0
84 42 0 -38 38 0
84 42 0 -37 37 0
84 42 -42 -36 36 72
84 42 0 -36 36 0
84 42 0 -35 35 0
84 42 0 -34 34 0
84 42 0 -33 33 0
84 42 -42 -32 32 64
84 42 0 -32 32 0
84 42 0 -31 31 0
84 42 0 -30 30 0
84 42 0 -29 29 0
84 42 -42 -28 28 56
84 42 0 -28 28 0
84 42 0 -27 27 0
84 42 0 -26 26 0
84 42 0 -25 25 0
84 42 -42 -24 24 48
84 42 0 -24 24 0
84 42 0 -23 23 0
84 42 0 -22 22 0
84 42 0 -21 21 0
84 42 -42 -20 20 40
84 42 0 -20 20 0
84 42 0 -19 19 0
84 42 0 -18 18 0
84 42 0 -17 17 0
84 42 -42 -16 16 32
84 42 0 -16 16 0
84 42 0 -15 15 0
84 42 0 -14 14 0
84 42 0 -13 13 0
84 42 -42 -12 12 24
84 42 0 -12 12 0
84 42 0 -11 11 0
84 42 0 -10 10 0
84 42 0 -9 9 0
84 42 -42 -8 8 16
84 42 0 -8 8 0
84 42 0 -7 7 0
84 42 0 -6 6 0
84 42 0 -5 5 0
84 42 -42 -4 4 8
84 42 0 -4 4 0
84 42 0 -3 3 0
84 42 0 -2 2 0
84 42 0 -1 1 0
84 42 0 1 -1 0
84 42 0 2 -2 0
84 42 0 3 -3 0
84 42 -42 4 -4 -8
84 42 0 4 -4 0
84 42 0 5 -5 0
84 42 0 6 -6 0
84 42 0 7 -7 0
84 42 -42 8 -8 -16
84 42 0 8 -8 0
84 42 0 9 -9 0
84 42 0 10 -10 0
84 42 0 11 -11 0
84 42 -42 12 -12 -24
84 42 0 12 -12 0
84 42 0 13 -13 0
84 42 0 14 -14 0
84 42 0 15 -15 0
84 42 -42 16 -16 -32
84 42 0 16 -16 0
84 42 0 17 -17 0
84 42 0 18 -18 0
84 42 0 19 -19 0
84 42 -42 20 -20 -40
84 42 0 20 -20 0
84 42 0 21 -21 0
84 42 0 22 -22 0
84 42 0 23 -23 0
84 42 -42 24 -24 -48
84 42 0 24 -24 0
84 42 0 25 -25 0
84 42 0 26 -26 0
84 42 0 27 -27 0
84 42 -42 28 -28 -56
84 42 0 28 -28 0
84 42 0 29 -29 0
84 42 0 30 -30 0
84 42 0 31 -31 0
84 42 -42 32 -32 -64
84 42 0 32 -32 0
84 42 0 33 -33 0
84 42 0 34 -34 0
84 42 0 35 -35 0
84 42 -42 36 -36 -72
84 42 0 36 -36 0
84 42 0 37 -37 0
84 42 0 38 -38 0
84 42 0 39 -39 0
84 42 -42 40 -40 -80
84 42 0 40 -40 0
84 42 0 41 -41 0
84 42 0 42 -42 0
84 42 0 43 -43 0
84 42 -42 44 -44 -88
84 42 0 44 -44 0
84 42 0 45 -45 0
84 42 0 46 -46 0
84 42 0 47 -47 0
84 42 -42 48 -48 -96
84 42 0 48 -48 0
84 42 0 49 -49 0
84 42 0 50 -50 0
84 42 0 51 -51 0
84 42 -42 52 -52 -104
84 42 0 52 -52 0
84 42 0 53 -53 0
84 42 0 54 -54 0
84 42 0 55 -55 0
84 42 -42 56 -56 -112
84 42 0 56 -56 0
84 42 0 57 -57 0
84 42 0 58 -58 0
84 42 0 59 -59 0
84 42 -42 60 -60 -120
84 42 0 60 -60 0
84 42 0 61 -61 0
84 42 0 62 -62 0
84 42 0 63 -63 0
84 42 -42 64 -64 -128
84 42 0 64 -64 0
84 42 0 65 -65 0
84 42 0 66 -66 0
84 42 0 67 -67 0
84 42 -42 68 -68 -136
84 42 0 68 -68 0
84 42 0 69 -69 0
84 42 0 70 -70 0
84 42 0 71 -71 0
84 42 -42 72 -72 -144
84 42 0 72 -72 0
84 42 0 73 -73 0
84 42 0 74 -74 0
84 42 0 75 -75 0
84 42 -42 76 -76 -152
84 42 0 76 -76 0
84 42 0 77 -77 0
84 42 0 78 -78 0
84 42 0 79 -79 0
84 42 -42 80 -80 -160
84 42 0 80 -80 0
84 42 0 81 -81 0
84 42 0 82 -82 0
84 42 0 83 -83 0
84 42 -42 84 -84 -168
84 42 0 84 -84 0
84 42 0 85 -85 0
84 42 0 86 -86 0
84 42 0 87 -87 0
84 42 -42 88 -88 -176
84 42 0 88 -88 0
84 42 0 89 -89 0
84 42 0 90 -90 0
84 42 0 91 -91 0
84 42 -42 92 -92 -184
84 42 0 92 -92 0
84 42 0 93 -93 0
84 42 0 94 -94 0
84 42 0 95 -95 0
84 42 -42 96 -96 -192
84 42 0 96 -96 0
84 42 0 97 -97 0
84 42 0 98 -98 0
84 42 0 99 -99 0
84 42 -42 100 -100 -200
84 42 0 100 -100 0
84 42 0 101 -101 0
84 42 0 102 -102 0
84 42 0 103 -103 0
84 42 -42 104 -104 -208
84 42 0 104 -104 0
84 42 0 105 -105 0
84 42 0 106 -106 0
84 42 0 107 -107 0
84 42 -42 108 -108 -216
84 42 0 108 -108 0
84 42 0 109 -109 0
84 42 0 110 -110 0
84 42 0 111 -111 0
84 42 -42 112 -112 -224
84 42 0 112 -112 0
84 42 0 113 -113 0
84 42 0 114 -114 0
84 42 0 115 -115 0
84 42 -42 116 -116 -232
84 42 0 116 -116 0
84 42 0 117 -117 0
84 42 0 118 -118 0
84 42 0 119 -119 0
84 42 -42 120 -120 -240
84 42 0 120 -120 0
84 42 0 121 -121 0
84 42 0 122 -122 0
84 42 0 123 -123 0
84 42 -124 124 -124 -248
84 42 -42 124 -124 -248
84 42 -2 124 -124 -248
84 42 0 124 -124 0
84 42 0 125 -125 0
84 42 0 126 -126 0
84 42 0 127 -127 0
84 42 -42 128 -128 -256
84 42 0 128 -128 0
84 42 0 129 -129 0
84 42 0 130 -130 0
84 42 0 131 -131 0
84 42 -42 132 -132 -264
84 42 0 132 -132 0
84 42 0 133 -133 0
84 42 0 134 -134 0
84 42 0 135 -135 0
84 42 -42 136 -136 -272
84 42 0 136 -136 0
84 42 0 137 -137 0
84 42 0 138 -138 0
84 42 0 139 -139 0
84 42 -42 140 -140 -280
84 42 0 140 -140 0
84 42 0 141 -141 0
84 42 0 142 -142 0
84 42 0 143 -143 0
84 42 -42 144 -144 -288
84 42 0 144 -144 0
84 42 0 145 -145 0
84 42 0 146 -146 0
84 42 0 147 -147 0
84 42 -42 148 -148 -296
84 42 0 148 -148 0
84 42 0 149 -149 0
84 42 0 150 -150 0
86 43 0 -150 150 0
86 43 0 -149 149 0
86 43 0 -148 148 0
86 43 -43 -147 147 294
86 43 0 -147 147 0
86 43 0 -146 146 0
86 43 0 -145 145 0
86 43 0 -144 144 0
86 43 -43 -143 143 286
86 43 0 -143 143 0
86 43 0 -142 142 0
86 43 0 -141 141 0
86 43 0 -140 140 0
86 43 -43 -139 139 278
86 43 0 -139 139 0
86 43 0 -138 138 0
86 43 0 -137 137 0
86 43 0 -136 136 0
86 43 -43 -135 135 270
86 43 0 -135 135 0
86 43 0 -134 134 0
86 43 0 -133 133 0
86 43 0 -132 132 0
86 43 -131 -131 131 262
86 43 -43 -131 131 262
86 43 0 -131 131 0
86 43 2 -131 131 262
86 43 0 -130 130 0
86 43 0 -129 129 0
86 43 0 -128 128 0
86 43 -43 -127 127 254
86 43 0 -127 127 0
86 43 0 -126 126 0
86 43 0 -125 125 0
86 43 0 -124 124 0
86 43 -43 -123 123 246
86 43 0 -123 123 0
86 43 0 -122 122 0
86 43 0 -121 121 0
86 43 0 -120 120 0
86 43 -43 -119 119 238
86 43 0 -119 119 0
86 43 0 -118 118 0
86 43 0 -117 117 0
86 43 0 -116 116 0
86 43 -43 -115 115 230
86 43 0 -115 115 0
86 43 0 -114 114 0
86 43 0 -113 113 0
86 43 0 -112 112 0
86 43 -43 -111 111 222
86 43 0 -111 111 0
86 43 0 -110 110 0
86 43 0 -109 109 0
86 43 0 -108 108 0
86 43 -43 -107 107 214
86 43 0 -107 107 0
86 43 0 -106 106 0
86 43 0 -105 105 0
86 43 0 -104 104 0
86 43 -43 -103 103 206
86 43 0 -103 103 0
86 43 0 -102 102 0
86 43 0 -101 101 0
86 43 0 -100 100 0
86 43 -43 -99 99 198
86 43 0 -99 99 0
86 43 0 -98 98 0
86 43 0 -97 97 0
86 43 0 -96 96 0
86 43 -43 -95 95 190
86 43 0 -95 95 0
86 43 0 -94 94 0
86 43 0 -93 93 0
86 43 0 -92 92 0
86 43 -43 -91 91 182
86 43 0 -91 91 0
86 43 0 -90 90 0
86 43 0 -89 89 0
86 43 0 -88 88 0
86 43 -43 -87 87 174
86 43 0 -87 87 0
86 43 0 -86 86 0
86 43 0 -85 85 0
86 43 0 -84 84 0
86 43 -43 -83 83 166
86 43 0 -83 83 0
86 43 0 -82 82 0
86 43 0 -81 81 0
86 43 0 -80 80 0
86 43 -43 -79 79 158
86 43 0 -79 79 0
86 43 0 -78 78 0
86 43 0 -77 77 0
86 43 0 -76 76 0
86 43 -43 -75 75 150
86 43 0 -75 75 0
86 43 0 -74 74 0
86 43 0 -73 73 0
86 43 0 -72 72 0
86 43 -43 -71 71 142
86 43 0 -71 71 0
86 43 0 -70 70 0
86 43 0 -69 69 0
86 43 0 -68 68 0
86 43 -43 -67 67 134
86 43 0 -67 67 0
86 43 0 -66 66 0
86 43 -130 -65 65 130
86 43 0 -65 65 0
86 43 1 -65 65 130
86 43 0 -64 64 0
86 43 -43 -63 63 126
86 43 0 -63 63 0
86 43 0 -62 62 0
86 43 0 -61 61 0
86 43 0 -60 60 0
86 43 -43 -59 59 118
86 43 0 -59 59 0
86 43 0 -58 58 0
86 43 0 -57 57 0
86 43 0 -56 56 0
86 43 -43 -55 55 110
86 43 0 -55 55 0
86 43 0 -54 54 0
86 43 0 -53 53 0
86 43 0 -52 52 0
86 43 -43 -51 51 102
86 43 0 -51 51 0
86 43 0 -50 50 0
86 43 0 -49 49 0
86 43 0 -48 48 0
86 43 -43 -47 47 94
86 43 0 -47 47 0
86 43 0 -46 46 0
86 43 0 -45 45 0
86 43 0 -44 44 0
86 43 -43 -43 43 86
86 43 0 -43 43 0
86 43 0 -42 42 0
86 43 0 -41 41 0
86 43 0 -40 40 0
86 43 -43 -39 39 78
86 43 0 -39 39 0
86 43 0 -38 38 0
86 43 0 -37 37 0
86 43 0 -36 36 0
86 43 -43 -35 35 70
86 43 0 -35 35 0
86 43 0 -34 34 0
86 43 0 -33 33 0
86 43 0 -32 32 0
86 43 -43 -31 31 62
86 43 0 -31 31 0
86 43 0 -30 30 0
86 43 0 -29 29 0
86 43 0 -28 28 0
86 43 -43 -27 27 54
86 43 0 -27 27 0
86 43 0 -26 26 0
86 43 0 -25 25 0
86 43 0 -24 24 0
86 43 -43 -23 23 46
86 43 0 -23 23 0
86 43 0 -22 22 0
86 43 0 -21 21 0
86 43 0 -20 20 0
86 43 -43 -19 19 38
86 43 0 -19 19 0
86 43 0 -18 18 0
86 43 0 -17 17 0
86 43 0 -16 16 0
86 43 -43 -15 15 30
86 43 0 -15 15 0
86 43 0 -14 14 0
86 43 0 -13 13 0
86 43 0 -12 12 0
86 43 -43 -11 11 22
86 43 0 -11 11 0
86 43 0 -10 10 0
86 43 0 -9 9 0
86 43 0 -8 8 0
86 43 -43 -7 7 14
86 43 0 -7 7 0
86 43 0 -6 6 0
86 43 0 -5 5 0
86 43 0 -4 4 0
86 43 -43 -3 3 6
86 43 0 -3 3 0
86 43 0 -2 2 0
86 43 0 -1 1 0
86 43 -43 1 -1 -2
86 43 0 1 -1 0
86 43 0 2 -2 0
86 43 0 3 -3 0
86 43 0 4 -4 0
86 43 -43 5 -5 -10
86 43 0 5 -5 0
86 43 0 6 -6 0
86 43 0 7 -7 0
86 43 0 8 -8 0
86 43 -43 9 -9 -18
86 43 0 9 -9 0
86 43 0 10 -10 0
86 43 0 11 -11 0
86 43 0 12 -12 0
86 43 -43 13 -13 -26
86 43 0 13 -13 0
86 43 0 14 -14 0
86 43 0 15 -15 0
86 43 0 16 -16 0
86 43 -43 17 -17 -34
86 43 0 17 -17 0
86 43 0 18 -18 0
86 43 0 19 -19 0
86 43 0 20 -20 0
86 43 -43 21 -21 -42
86 43 0 21 -21 0
86 43 0 22 -22 0
86 43 0 23 -23 0
86 43 0 24 -24 0
86 43 -43 25 -25 -50
86 43 0 25 -25 0
86 43 0 26 -26 0
86 43 0 27 -27 0
86 43 0 28 -28 0
86 43 -43 29 -29 -58
86 43 0 29 -29 0
86 43 0 30 -30 0
86 43 0 31 -31 0
86 43 0 32 -32 0
86 43 -43 33 -33 -66
86 43 0 33 -33 0
86 43 0 34 -34 0
86 43 0 35 -35 0
86 43 0 36 -36 0
86 43 -43 37 -37 -74
86 43 0 37 -37 0
86 43 0 38 -38 0
86 43 0 39 -39 0
86 43 0 40 -40 0
86 43 -43 41 -41 -82
86 43 0 41 -41 0
86 43 0 42 -42 0
86 43 0 43 -43 0
86 43 0 44 -44 0
86 43 -43 45 -45 -90
86 43 0 45 -45 0
86 43 0 46 -46 0
86 43 0 47 -47 0
86 43 0 48 -48 0
86 43 -43 49 -49 -98
86 43 0 49 -49 0
86 43 0 50 -50 0
86 43 0 51 -51 0
86 43 0 52 -52 0
86 43 -43 53 -53 -106
86 43 0 53 -53 0
86 43 0 54 -54 0
86 43 0 55 -55 0
86 43 0 56 -56 0
86 43 -43 57 -57 -114
86 43 0 57 -57 0
86 43 0 58 -58 0
86 43 0 59 -59 0
86 43 0 60 -60 0
86 43 -43 61 -61 -122
86 43 0 61 -61 0
86 43 0 62 -62 0
86 43 0 63 -63 0
86 43 -128 64 -64 -128
86 43 -1 64 -64 -128
86 43 0 64 -64 0
86 43 -43 65 -65 -130
86 43 0 65 -65 0
86 43 0 66 -66 0
86 43 0 67 -67 0
86 43 0 68 -68 0
86 43 -43 69 -69 -138
86 43 0 69 -69 0
86 43 0 70 -70 0
86 43 0 71 -71 0
86 43 0 72 -72 0
86 43 -43 73 -73 -146
86 43 0 73 -73 0
86 43 0 74 -74 0
86 43 0 75 -75 0
86 43 0 76 -76 0
86 43 -43 77 -77 -154
86 43 0 77 -77 0
86 43 0 78 -78 0
86 43 0 79 -79 0
86 43 0 80 -80 0
86 43 -43 81 -81 -162
86 43 0 81 -81 0
86 43 0 82 -82 0
86 43 0 83 -83 0
86 43 0 84 -84 0
86 43 -43 85 -85 -170
86 43 0 85 -85 0
86 43 0 86 -86 0
86 43 0 87 -87 0
86 43 0 88 -88 0
86 43 -43 89 -89 -178
86 43 0 89 -89 0
86 43 0 90 -90 0
86 43 0 91 -91 0
86 43 0 92 -92 0
86 43 -43 93 -93 -186
86 43 0 93 -93 0
86 43 0 94 -94 0
86 43 0 95 -95 0
86 43 0 96 -96 0
86 43 -43 97 -97 -194
86 43 0 97 -97 0
86 43 0 98 -98 0
86 43 0 99 -99 0
86 43 0 100 -100 0
86 43 -43 101 -101 -202
86 43 0 101 -101 0
86 43 0 102 -102 0
86 43 0 103 -103 0
86 43 0 104 -104 0
86 43 -43 105 -105 -210
86 43 0 105 -105 0
86 43 0 106 -106 0
86 43 0 107 -107 0
86 43 0 108 -108 0
86 43 -43 109 -109 -218
86 43 0 109 -109 0
86 43 0 110 -110 0
86 43 0 111 -111 0
86 43 0 112 -112 0
86 43 -43 113 -113 -226
86 43 0 113 -113 0
86 43 0 114 -114 0
86 43 0 115 -115 0
86 43 0 116 -116 0
86 43 -43 117 -117 -234
86 43 0 117 -117 0
86 43 0 118 -118 0
86 43 0 119 -119 0
86 43 0 120 -120 0
86 43 -43 121 -121 -242
86 43 0 121 -121 0
86 43 0 122 -122 0
86 43 0 123 -123 0
86 43 0 124 -124 0
86 43 -43 125 -125 -250
86 43 0 125 -125 0
86 43 0 126 -126 0
86 43 -127 127 -127 -254
86 43 -2 127 -127 -254
86 43 0 127 -127 0
86 43 0 128 -128 0
86 43 -43 129 -129 -258
86 43 0 129 -129 0
86 43 0 130 -130 0
86 43 0 131 -131 0
86 43 0 132 -132 0
86 43 -43 133 -133 -266
86 43 0 133 -133 0
86 43 0 134 -134 0
86 43 0 135 -135 0
86 43 0 136 -136 0
86 43 -43 137 -137 -274
86 43 0 137 -137 0
86 43 0 138 -138 0
86 43 0 139 -139 0
86 43 0 140 -140 0
86 43 -43 141 -141 -282
86 43 0 141 -141 0
86 43 0 142 -142 0
86 43 0 143 -143 0
86 43 0 144 -144 0
86 43 -43 145 -145 -290
86 43 0 145 -145 0
86 43 0 146 -146 0
86 43 0 147 -147 0
86 43 0 148 -148 0
86 43 -43 149 -149 -298
86 43 0 149 -149 0
86 43 0 150 -150 0
88 44 0 -150 150 0
88 44 0 -149 149 0
88 44 -44 -148 148 296
88 44 0 -148 148 0
88 44 0 -147 147 0
88 44 0 -146 146 0
88 44 0 -145 145 0
88 44 -44 -144 144 288
88 44 0 -144 144 0
88 44 0 -143 143 0
88 44 0 -142 142 0
88 44 0 -141 141 0
88 44 -44 -140 140 280
88 44 0 -140 140 0
88 44 0 -139 139 0
88 44 0 -138 138 0
88 44 0 -137 137 0
88 44 -44 -136 136 272
88 44 0 -136 136 0
88 44 0 -135 135 0
88 44 -134 -134 134 268
88 44 0 -134 134 0
88 44 2 -134 134 268
88 44 0 -133 133 0
88 44 -44 -132 132 264
88 44 0 -132 132 0
88 44 0 -131 131 0
88 44 0 -130 130 0
88 44 0 -129 129 0
88 44 -44 -128 128 256
88 44 0 -128 128 0
88 44 0 -127 127 0
88 44 0 -126 126 0
88 44 0 -125 125 0
88 44 -44 -124 124 248
88 44 0 -124 124 0
88 44 0 -123 123 0
88 44 0 -122 122 0
88 44 0 -121 121 0
88 44 -44 -120 120 240
88 44 0 -120 120 0
88 44 0 -119 119 0
88 44 0 -118 118 0
88 44 0 -117 117 0
88 44 -44 -116 116 232
88 44 0 -116 116 0
88 44 0 -115 115 0
88 44 0 -114 114 0
88 44 0 -113 113 0
88 44 -44 -112 112 224
88 44 0 -112 112 0
88 44 0 -111 111 0
88 44 0 -110 110 0
88 44 0 -109 109 0
88 44 -44 -108 108 216
88 44 0 -108 108 0
88 44 0 -107 107 0
88 44 0 -106 106 0
88 44 0 -105 105 0
88 44 -44 -104 104 208
88 44 0 -104 104 0
88 44 0 -103 103 0
88 44 0 -102 102 0
88 44 0 -101 101 0
88 44 -44 -100 100 200
88 44 0 -100 100 0
88 44 0 -99 99 0
88 44 0 -98 98 0
88 44 0 -97 97 0
88 44 -44 -96 96 192
88 44 0 -96 96 0
88 44 0 -95 95 0
88 44 0 -94 94 0
88 44 0 -93 93 0
88 44 -44 -92 92 184
88 44 0 -92 92 0
88 44 0 -91 91 0
88 44 0 -90 90 0
88 44 0 -89 89 0
88 44 -44 -88 88 176
88 44 0 -88 88 0
88 44 0 -87 87 0
88 44 0 -86 86 0
88 44 0 -85 85 0
88 44 -44 -84 84 168
88 44 0 -84 84 0
88 44 0 -83 83 0
88 44 0 -82 82 0
88 44 0 -81 81 0
88 44 -44 -80 80 160
88 44 0 -80 80 0
88 44 0 -79 79 0
88 44 0 -78 78 0
88 44 0 -77 77 0
88 44 -44 -76 76 152
88 44 0 -76 76 0
88 44 0 -75 75 0
88 44 0 -74 74 0
88 44 0 -73 73 0
88 44 -44 -72 72 144
88 44 0 -72 72 0
88 44 0 -71 71 0
88 44 0 -70 70 0
88 44 0 -69 69 0
88 44 -44 -68 68 136
88 44 0 -68 68 0
88 44 0 -67 67 0
88 44 0 -66 66 0
88 44 0 -65 65 0
88 44 -44 -64 64 128
88 44 0 -64 64 0
88 44 6 -64 64 -12
88 44 0 -63 63 0
88 44 0 -62 62 0
88 44 0 -61 61 0
88 44 -44 -60 60 120
88 44 0 -60 60 0
88 44 0 -59 59 0
88 44 0 -58 58 0
88 44 0 -57 57 0
88 44 -44 -56 56 112
88 44 0 -56 56 0
88 44 0 -55 55 0
88 44 0 -54 54 0
88 44 0 -53 53 0
88 44 -44 -52 52 104
88 44 0 -52 52 0
88 44 0 -51 51 0
88 44 0 -50 50 0
88 44 0 -49 49 0
88 44 -44 -48 48 96
88 44 0 -48 48 0
88 44 0 -47 47 0
88 44 0 -46 46 0
88 44 0 -45 45 0
88 44 -44 -44 44 88
88 44 0 -44 44 0
88 44 0 -43 43 0
88 44 0 -42 42 0
88 44 0 -41 41 0
88 44 -44 -40 40 80
88 44 0 -40 40 0
88 44 0 -39 39 0
88 44 0 -38 38 0
88 44 0 -37 37 0
88 44 -44 -36 36 72
88 44 0 -36 36 0
88 44 0 -35 35 0
88 44 0 -34 34 0
88 44 0 -33 33 0
88 44 -44 -32 32 64
88 44 0 -32 32 0
88 44 0 -31 31 0
88 44 0 -30 30 0
88 44 0 -29 29 0
88 44 -44 -28 28 56
88 44 0 -28 28 0
88 44 0 -27 27 0
88 44 0 -26 26 0
88 44 0 -25 25 0
88 44 -44 -24 24 48
88 44 0 -24 24 0
88 44 0 -23 23 0
88 44 0 -22 22 0
88 44 0 -21 21 0
88 44 -44 -20 20 40
88 44 0 -20 20 0
88 44 0 -19 19 0
88 44 0 -18 18 0
88 44 0 -17 17 0
88 44 -44 -16 16 32
88 44 0 -16 16 0
88 44 0 -15 15 0
88 44 0 -14 14 0
88 44 0 -13 13 0
88 44 -44 -12 12 24
88 44 0 -12 12 0
88 44 0 -11 11 0
88 44 0 -10 10 0
88 44 0 -9 9 0
88 44 -44 -8 8 16
88 44 0 -8 8 0
88 44 0 -7 7 0
88 44 0 -6 6 0
88 44 0 -5 5 0
88 44 -44 -4 4 8
88 44 0 -4 4 0
88 44 0 -3 3 0
88 44 0 -2 2 0
88 44 0 -1 1 0
88 44 0 1 -1 0
88 44 0 2 -2 0
88 44 0 3 -3 0
88 44 -44 4 -4 -8
88 44 0 4 -4 0
88 44 0 5 -5 0
88 44 0 6 -6 0
88 44 0 7 -7 0
88 44 -44 8 -8 -16
88 44 0 8 -8 0
88 44 0 9 -9 0
88 44 0 10 -10 0
88 44 0 11 -11 0
88 44 -44 12 -12 -24
88 44 0 12 -12 0
88 44 0 13 -13 0
88 44 0 14 -14 0
88 44 0 15 -15 0
88 44 -44 16 -16 -32
88 44 0 16 -16 0
88 44 0 17 -17 0
88 44 0 18 -18 0
88 44 0 19 -19 0
88 44 -44 20 -20 -40
88 44 0 20 -20 0
88 44 0 21 -21 0
88 44 0 22 -22 0
88 44 0 23 -23 0
88 44 -44 24 -24 -48
88 44 0 24 -24 0
88 44 0 25 -25 0
88 44 0 26 -26 0
88 44 0 27 -27 0
88 44 -44 28 -28 -56
88 44 0 28 -28 0
88 44 0 29 -29 0
88 44 0 30 -30 0
88 44 0 31 -31 0
88 44 -44 32 -32 -64
88 44 0 32 -32 0
88 44 0 33 -33 0
88 44 0 34 -34 0
88 44 0 35 -35 0
88 44 -44 36 -36 -72
88 44 0 36 -36 0
88 44 0 37 -37 0
88 44 0 38 -38 0
88 44 0 39 -39 0
88 44 -44 40 -40 -80
88 44 0 40 -40 0
88 44 0 41 -41 0
88 44 0 42 -42 0
88 44 0 43 -43 0
88 44 -44 44 -44 -88
88 44 0 44 -44 0
88 44 0 45 -45 0
88 44 0 46 -46 0
88 44 0 47 -47 0
88 44 -44 48 -48 -96
88 44 0 48 -48 0
88 44 0 49 -49 0
88 44 0 50 -50 0
88 44 0 51 -51 0
88 44 -44 52 -52 -104
88 44 0 52 -52 0
88 44 0 53 -53 0
88 44 0 54 -54 0
88 44 0 55 -55 0
88 44 -44 56 -56 -112
88 44 0 56 -56 0
88 44 0 57 -57 0
88 44 0 58 -58 0
88 44 0 59 -59 0
88 44 -44 60 -60 -120
88 44 0 60 -60 0
88 44 0 61 -61 0
88 44 0 62 -62 0
88 44 0 63 -63 0
88 44 -44 64 -64 -128
88 44 0 64 -64 0
88 44 0 65 -65 0
88 44 0 66 -66 0
88 44 0 67 -67 0
88 44 -44 68 -68 -136
88 44 0 68 -68 0
88 44 0 69 -69 0
88 44 0 70 -70 0
88 44 0 71 -71 0
88 44 -44 72 -72 -144
88 44 0 72 -72 0
88 44 0 73 -73 0
88 44 0 74 -74 0
88 44 0 75 -75 0
88 44 -44 76 -76 -152
88 44 0 76 -76 0
88 44 0 77 -77 0
88 44 0 78 -78 0
88 44 0 79 -79 0
88 44 -44 80 -80 -160
88 44 0 80 -80 0
88 44 0 81 -81 0
88 44 0 82 -82 0
88 44 0 83 -83 0
88 44 -44 84 -84 -168
88 44 0 84 -84 0
88 44 0 85 -85 0
88 44 0 86 -86 0
88 44 0 87 -87 0
88 44 -44 88 -88 -176
88 44 0 88 -88 0
88 44 0 89 -89 0
88 44 0 90 -90 0
88 44 0 91 -91 0
88 44 -44 92 -92 -184
88 44 0 92 -92 0
88 44 0 93 -93 0
88 44 0 94 -94 0
88 44 0 95 -95 0
88 44 -44 96 -96 -192
88 44 0 96 -96 0
88 44 0 97 -97 0
88 44 0 98 -98 0
88 44 0 99 -99 0
88 44 -44 100 -100 -200
88 44 0 100 -100 0
88 44 0 101 -101 0
88 44 0 102 -102 0
88 44 0 103 -103 0
88 44 -44 104 -104 -208
88 44 0 104 -104 0
88 44 0 105 -105 0
88 44 0 106 -106 0
88 44 0 107 -107 0
88 44 -44 108 -108 -216
88 44 0 108 -108 0
88 44 0 109 -109 0
88 44 0 110 -110 0
88 44 0 111 -111 0
88 44 -44 112 -112 -224
88 44 0 112 -112 0
88 44 0 113 -113 0
88 44 0 114 -114 0
88 44 0 115 -115 0
88 44 -44 116 -116 -232
88 44 0 116 -116 0
88 44 0 117 -117 0
88 44 0 118 -118 0
88 44 0 119 -119 0
88 44 -44 120 -120 -240
88 44 0 120 -120 0
88 44 0 121 -121 0
88 44 0 122 -122 0
88 44 0 123 -123 0
88 44 -44 124 -124 -248
88 44 0 124 -124 0
88 44 0 125 -125 0
88 44 0 126 -126 0
88 44 0 127 -127 0
88 44 -44 128 -128 -256
88 44 0 128 -128 0
88 44 0 129 -129 0
88 44 -130 130 -130 -260
88 44 -2 130 -130 -260
88 44 0 130 -130 0
88 44 0 131 -131 0
88 44 -44 132 -132 -264
88 44 0 132 -132 0
88 44 0 133 -133 0
88 44 0 134 -134 0
88 44 0 135 -135 0
88 44 -44 136 -136 -272
88 44 0 136 -136 0
88 44 0 137 -137 0
88 44 0 138 -138 0
88 44 0 139 -139 0
88 44 -44 140 -140 -280
88 44 0 140 -140 0
88 44 0 141 -141 0
88 44 0 142 -142 0
88 44 0 143 -143 0
88 44 -44 144 -144 -288
88 44 0 144 -144 0
88 44 0 145 -145 0
88 44 0 146 -146 0
88 44 0 147 -147 0
88 44 -44 148 -148 -296
88 44 0 148 -148 0
88 44 0 149 -149 0
88 44 0 150 -150 0
90 45 0 -150 150 0
90 45 0 -149 149 0
90 45 0 -148 148 0
90 45 -45 -147 147 294
90 45 0 -147 147 0
90 45 0 -146 146 0
90 45 0 -145 145 0
90 45 0 -144 144 0
90 45 -45 -143 143 286
90 45 0 -143 143 0
90 45 0 -142 142 0
90 45 0 -141 141 0
90 45 0 -140 140 0
90 45 -45 -139 139 278
90 45 0 -139 139 0
90 45 0 -138 138 0
90 45 -137 -137 137 274
90 45 0 -137 137 0
90 45 2 -137 137 274
90 45 0 -136 136 0
90 45 -45 -135 135 270
90 45 0 -135 135 0
90 45 0 -134 134 0
90 45 0 -133 133 0
90 45 0 -132 132 0
90 45 -45 -131 131 262
90 45 0 -131 131 0
90 45 0 -130 130 0
90 45 0 -129 129 0
90 45 0 -128 128 0
90 45 -45 -127 127 254
90 45 0 -127 127 0
90 45 0 -126 126 0
90 45 0 -125 125 0
90 45 0 -124 124 0
90 45 -45 -123 123 246
90 45 0 -123 123 0
90 45 0 -122 122 0
90 45 0 -121 121 0
90 45 0 -120 120 0
90 45 -45 -119 119 238
90 45 0 -119 119 0
90 45 0 -118 118 0
90 45 0 -117 117 0
90 45 0 -116 116 0
90 45 -45 -115 115 230
90 45 0 -115 115 0
90 45 0 -114 114 0
90 45 0 -113 113 0
90 45 0 -112 112 0
90 45 -45 -111 111 222
90 45 0 -111 111 0
90 45 0 -110 110 0
90 45 0 -109 109 0
90 45 0 -108 108 0
90 45 -45 -107 107 214
90 45 0 -107 107 0
90 45 0 -106 106 0
90 45 0 -105 105 0
90 45 0 -104 104 0
90 45 -45 -103 103 206
90 45 0 -103 103 0
90 45 0 -102 102 0
90 45 0 -101 101 0
90 45 0 -100 100 0
90 45 -45 -99 99 198
90 45 0 -99 99 0
90 45 0 -98 98 0
90 45 0 -97 97 0
90 45 0 -96 96 0
90 45 -45 -95 95 190
90 45 0 -95 95 0
90 45 0 -94 94 0
90 45 0 -93 93 0
90 45 0 -92 92 0
90 45 -45 -91 91 182
90 45 0 -91 91 0
90 45 0 -90 90 0
90 45 0 -89 89 0
90 45 0 -88 88 0
90 45 -45 -87 87 174
90 45 0 -87 87 0
90 45 0 -86 86 0
90 45 0 -85 85 0
90 45 0 -84 84 0
90 45 -45 -83 83 166
90 45 0 -83 83 0
90 45 0 -82 82 0
90 45 0 -81 81 0
90 45 0 -80 80 0
90 45 -45 -79 79 158
90 45 0 -79 79 0
90 45 0 -78 78 0
90 45 0 -77 77 0
90 45 0 -76 76 0
90 45 -45 -75 75 150
90 45 0 -75 75 0
90 45 0 -74 74 0
90 45 0 -73 73 0
90 45 0 -72 72 0
90 45 -45 -71 71 142
90 45 0 -71 71 0
90 45 0 -70 70 0
90 45 0 -69 69 0
90 45 -136 -68 68 136
90 45 0 -68 68 0
90 45 1 -68 68 136
90 45 -45 -67 67 134
90 45 0 -67 67 0
90 45 0 -66 66 0
90 45 0 -65 65 0
90 45 0 -64 64 0
90 45 -45 -63 63 126
90 45 0 -63 63 0
90 45 0 -62 62 0
90 45 0 -61 61 0
90 45 0 -60 60 0
90 45 -45 -59 59 118
90 45 0 -59 59 0
90 45 0 -58 58 0
90 45 0 -57 57 0
90 45 0 -56 56 0
90 45 -45 -55 55 110
90 45 0 -55 55 0
90 45 0 -54 54 0
90 45 0 -53 53 0
90 45 0 -52 52 0
90 45 -45 -51 51 102
90 45 0 -51 51 0
90 45 0 -50 50 0
90 45 0 -49 49 0
90 45 0 -48 48 0
90 45 -45 -47 47 94
90 45 0 -47 47 0
90 45 0 -46 46 0
90 45 0 -45 45 0
90 45 0 -44 44 0
90 45 -45 -43 43 86
90 45 0 -43 43 0
90 45 0 -42 42 0
90 45 0 -41 41 0
90 45 0 -40 40 0
90 45 -45 -39 39 78
90 45 0 -39 39 0
90 45 0 -38 38 0
90 45 0 -37 37 0
90 45 0 -36 36 0
90 45 -45 -35 35 70
90 45 0 -35 35 0
90 45 0 -34 34 0
90 45 0 -33 33 0
90 45 0 -32 32 0
90 45 -45 -31 31 62
90 45 0 -31 31 0
90 45 0 -30 30 0
90 45 0 -29 29 0
90 45 0 -28 28 0
90 45 -45 -27 27 54
90 45 0 -27 27 0
90 45 0 -26 26 0
90 45 0 -25 25 0
90 45 0 -24 24 0
90 45 -45 -23 23 46
90 45 0 -23 23 0
90 45 0 -22 22 0
90 45 0 -21 21 0
90 45 0 -20 20 0
90 45 -45 -19 19 38
90 45 0 -19 19 0
90 45 0 -18 18 0
90 45 0 -17 17 0
90 45 0 -16 16 0
90 45 -45 -15 15 30
90 45 0 -15 15 0
90 45 0 -14 14 0
90 45 0 -13 13 0
90 45 0 -12 12 0
90 45 -45 -11 11 22
90 45 0 -11 11 0
90 45 0 -10 10 0
90 45 0 -9 9 0
90 45 0 -8 8 0
90 45 -45 -7 7 14
90 45 0 -7 7 0
90 45 0 -6 6 0
90 45 0 -5 5 0
90 45 0 -4 4 0
90 45 -45 -3 3 6
90 45 0 -3 3 0
90 45 0 -2 2 0
90 45 0 -1 1 0
90 45 -45 1 -1 -2
90 45 0 1 -1 0
90 45 0 2 -2 0
90 45 0 3 -3 0
90 45 0 4 -4 0
90 45 -45 5 -5 -10
90 45 0 5 -5 0
90 45 0 6 -6 0
90 45 0 7 -7 0
90 45 0 8 -8 0
90 45 -45 9 -9 -18
90 45 0 9 -9 0
90 45 0 10 -10 0
90 45 0 11 -11 0
90 45 0 12 -12 0
90 45 -45 13 -13 -26
90 45 0 13 -13 0
90 45 0 14 -14 0
90 45 0 15 -15 0
90 45 0 16 -16 0
90 45 -45 17 -17 -34
90 45 0 17 -17 0
90 45 0 18 -18 0
90 45 0 19 -19 0
90 45 0 20 -20 0
90 45 -45 21 -21 -42
90 45 0 21 -21 0
90 45 0 22 -22 0
90 45 0 23 -23 0
90 45 0 24 -24 0
90 45 -45 25 -25 -50
90 45 0 25 -25 0
90 45 0 26 -26 0
90 45 0 27 -27 0
90 45 0 28 -28 0
90 45 -45 29 -29 -58
90 45 0 29 -29 0
90 45 0 30 -30 0
90 45 0 31 -31 0
90 45 0 32 -32 0
90 45 -45 33 -33 -66
90 45 0 33 -33 0
90 45 0 34 -34 0
90 45 0 35 -35 0
90 45 0 36 -36 0
90 45 -45 37 -37 -74
90 45 0 37 -37 0
90 45 0 38 -38 0
90 45 0 39 -39 0
90 45 0 40 -40 0
90 45 -45 41 -41 -82
90 45 0 41 -41 0
90 45 0 42 -42 0
90 45 0 43 -43 0
90 45 0 44 -44 0
90 45 -45 45 -45 -90
90 45 0 45 -45 0
90 45 0 46 -46 0
90 45 0 47 -47 0
90 45 0 48 -48 0
90 45 -45 49 -49 -98
90 45 0 49 -49 0
90 45 0 50 -50 0
90 45 0 51 -51 0
90 45 0 52 -52 0
90 45 -45 53 -53 -106
90 45 0 53 -53 0
90 45 0 54 -54 0
90 45 0 55 -55 0
90 45 0 56 -56 0
90 45 -45 57 -57 -114
90 45 0 57 -57 0
90 45 0 58 -58 0
90 45 0 59 -59 0
90 45 0 60 -60 0
90 45 -45 61 -61 -122
90 45 0 61 -61 0
90 45 0 62 -62 0
90 45 0 63 -63 0
90 45 0 64 -64 0
90 45 -45 65 -65 -130
90 45 0 65 -65 0
90 45 0 66 -66 0
90 45 -134 67 -67 -134
90 45 -1 67 -67 -134
90 45 0 67 -67 0
90 45 0 68 -68 0
90 45 -45 69 -69 -138
90 45 0 69 -69 0
90 45 0 70 -70 0
90 45 0 71 -71 0
90 45 0 72 -72 0
90 45 -45 73 -73 -146
90 45 0 73 -73 0
90 45 0 74 -74 0
90 45 0 75 -75 0
90 45 0 76 -76 0
90 45 -45 77 -77 -154
90 45 0 77 -77 0
90 45 0 78 -78 0
90 45 0 79 -79 0
90 45 0 80 -80 0
90 45 -45 81 -81 -162
90 45 0 81 -81 0
90 45 0 82 -82 0
90 45 0 83 -83 0
90 45 0 84 -84 0
90 45 -45 85 -85 -170
90 45 0 85 -85 0
90 45 0 86 -86 0
90 45 0 87 -87 0
90 45 0 88 -88 0
90 45 -45 89 -89 -178
90 45 0 89 -89 0
90 45 0 90 -90 0
90 45 0 91 -91 0
90 45 0 92 -92 0
90 45 -45 93 -93 -186
90 45 0 93 -93 0
90 45 0 94 -94 0
90 45 0 95 -95 0
90 45 0 96 -96 0
90 45 -45 97 -97 -194
90 45 0 97 -97 0
90 45 0 98 -98 0
90 45 0 99 -99 0
90 45 0 100 -100 0
90 45 -45 101 -101 -202
90 45 0 101 -101 0
90 45 0 102 -102 0
90 45 0 103 -103 0
90 45 0 104 -104 0
90 45 -45 105 -105 -210
90 45 0 105 -105 0
90 45 0 106 -106 0
90 45 0 107 -107 0
90 45 0 108 -108 0
90 45 -45 109 -109 -218
90 45 0 109 -109 0
90 45 0 110 -110 0
90 45 0 111 -111 0
90 45 0 112 -112 0
90 45 -45 113 -113 -226
90 45 0 113 -113 0
90 45 0 114 -114 0
90 45 0 115 -115 0
90 45 0 116 -116 0
90 45 -45 117 -117 -234
90 45 0 117 -117 0
90 45 0 118 -118 0
90 45 0 119 -119 0
90 45 0 120 -120 0
90 45 -45 121 -121 -242
90 45 0 121 -121 0
90 45 0 122 -122 0
90 45 0 123 -123 0
90 45 0 124 -124 0
90 45 -45 125 -125 -250
90 45 0 125 -125 0
90 45 0 126 -126 0
90 45 0 127 -127 0
90 45 0 128 -128 0
90 45 -45 129 -129 -258
90 45 0 129 -129 0
90 45 0 130 -130 0
90 45 0 131 -131 0
90 45 0 132 -132 0
90 45 -133 133 -133 -266
90 45 -45 133 -133 -266
90 45 -2 133 -133 -266
90 45 0 133 -133 0
90 45 0 134 -134 0
90 45 0 135 -135 0
90 45 0 136 -136 0
90 45 -45 137 -137 -274
90 45 0 137 -137 0
90 45 0 138 -138 0
90 45 0 139 -139 0
90 45 0 140 -140 0
90 45 -45 141 -141 -282
90 45 0 141 -141 0
90 45 0 142 -142 0
90 45 0 143 -143 0
90 45 0 144 -144 0
90 45 -45 145 -145 -290
90 45 0 145 -145 0
90 45 0 146 -146 0
90 45 0 147 -147 0
90 45 0 148 -148 0
90 45 -45 149 -149 -298
90 45 0 149 -149 0
90 45 0 150 -150 0
92 46 0 -150 150 0
92 46 0 -149 149 0
92 46 -46 -148 148 296
92 46 0 -148 148 0
92 46 0 -147 147 0
92 46 0 -146 146 0
92 46 0 -145 145 0
92 46 -46 -144 144 288
92 46 0 -144 144 0
92 46 0 -143 143 0
92 46 0 -142 142 0
92 46 0 -141 141 0
92 46 -140 -140 140 280
92 46 -46 -140 140 280
92 46 0 -140 140 0
92 46 2 -140 140 280
92 46 0 -139 139 0
92 46 0 -138 138 0
92 46 0 -137 137 0
92 46 -46 -136 136 272
92 46 0 -136 136 0
92 46 0 -135 135 0
92 46 0 -134 134 0
92 46 0 -133 133 0
92 46 -46 -132 132 264
92 46 0 -132 132 0
92 46 0 -131 131 0
92 46 0 -130 130 0
92 46 0 -129 129 0
92 46 -46 -128 128 256
92 46 0 -128 128 0
92 46 0 -127 127 0
92 46 0 -126 126 0
92 46 0 -125 125 0
92 46 -46 -124 124 248
92 46 0 -124 124 0
92 46 0 -123 123 0
92 46 0 -122 122 0
92 46 0 -121 121 0
92 46 -46 -120 120 240
92 46 0 -120 120 0
92 46 0 -119 119 0
92 46 0 -118 118 0
92 46 0 -117 117 0
92 46 -46 -116 116 232
92 46 0 -116 116 0
92 46 0 -115 115 0
92 46 0 -114 114 0
92 46 0 -113 113 0
92 46 -46 -112 112 224
92 46 0 -112 112 0
92 46 0 -111 111 0
92 46 0 -110 110 0
92 46 0 -109 109 0
92 46 -46 -108 108 216
92 46 0 -108 108 0
92 46 0 -107 107 0
92 46 0 -106 106 0
92 46 0 -105 105 0
92 46 -46 -104 104 208
92 46 0 -104 104 0
92 46 0 -103 103 0
92 46 0 -102 102 0
92 46 0 -101 101 0
92 46 -46 -100 100 200
92 46 0 -100 100 0
92 46 0 -99 99 0
92 46 0 -98 98 0
92 46 0 -97 97 0
92 46 -46 -96 96 192
92 46 0 -96 96 0
92 46 0 -95 95 0
92 46 0 -94 94 0
92 46 0 -93 93 0
92 46 -46 -92 92 184
92 46 0 -92 92 0
92 46 0 -91 91 0
92 46 0 -90 90 0
92 46 0 -89 89 0
92 46 -46 -88 88 176
92 46 0 -88 88 0
92 46 0 -87 87 0
92 46 0 -86 86 0
92 46 0 -85 85 0
92 46 -46 -84 84 168
92 46 0 -84 84 0
92 46 0 -83 83 0
92 46 0 -82 82 0
92 46 0 -81 81 0
92 46 -46 -80 80 160
92 46 0 -80 80 0
92 46 0 -79 79 0
92 46 0 -78 78 0
92 46 0 -77 77 0
92 46 -46 -76 76 152
92 46 0 -76 76 0
92 46 0 -75 75 0
92 46 0 -74 74 0
92 46 0 -73 73 0
92 46 -46 -72 72 144
92 46 0 -72 72 0
92 46 0 -71 71 0
92 46 0 -70 70 0
92 46 0 -69 69 0
92 46 -46 -68 68 136
92 46 0 -68 68 0
92 46 0 -67 67 0
92 46 0 -66 66 0
92 46 0 -65 65 0
92 46 -46 -64 64 128
92 46 0 -64 64 0
92 46 0 -63 63 0
92 46 0 -62 62 0
92 46 0 -61 61 0
92 46 -46 -60 60 120
92 46 0 -60 60 0
92 46 0 -59 59 0
92 46 0 -58 58 0
92 46 0 -57 57 0
92 46 -46 -56 56 112
92 46 0 -56 56 0
92 46 0 -55 55 0
92 46 0 -54 54 0
92 46 0 -53 53 0
92 46 -46 -52 52 104
92 46 0 -52 52 0
92 46 0 -51 51 0
92 46 0 -50 50 0
92 46 0 -49 49 0
92 46 -46 -48 48 96
92 46 0 -48 48 0
92 46 0 -47 47 0
92 46 0 -46 46 0
92 46 0 -45 45 0
92 46 -46 -44 44 88
92 46 0 -44 44 0
92 46 0 -43 43 0
92 46 0 -42 42 0
92 46 0 -41 41 0
92 46 -46 -40 40 80
92 46 0 -40 40 0
92 46 0 -39 39 0
92 46 0 -38 38 0
92 46 0 -37 37 0
92 46 -46 -36 36 72
92 46 0 -36 36 0
92 46 0 -35 35 0
92 46 0 -34 34 0
92 46 0 -33 33 0
92 46 -46 -32 32 64
92 46 0 -32 32 0
92 46 0 -31 31 0
92 46 0 -30 30 0
92 46 0 -29 29 0
92 46 -46 -28 28 56
92 46 0 -28 28 0
92 46 0 -27 27 0
92 46 0 -26 26 0
92 46 0 -25 25 0
92 46 -46 -24 24 48
92 46 0 -24 24 0
92 46 0 -23 23 0
92 46 0 -22 22 0
92 46 0 -21 21 0
92 46 -46 -20 20 40
92 46 0 -20 20 0
92 46 0 -19 19 0
92 46 0 -18 18 0
92 46 0 -17 17 0
92 46 -46 -16 16 32
92 46 0 -16 16 0
92 46 0 -15 15 0
92 46 0 -14 14 0
92 46 0 -13 13 0
92 46 -46 -12 12 24
92 46 0 -12 12 0
92 46 0 -11 11 0
92 46 0 -10 10 0
92 46 0 -9 9 0
92 46 -46 -8 8 16
92 46 0 -8 8 0
92 46 0 -7 7 0
92 46 0 -6 6 0
92 46 0 -5 5 0
92 46 -46 -4 4 8
92 46 0 -4 4 0
92 46 0 -3 3 0
92 46 0 -2 2 0
92 46 0 -1 1 0
92 46 0 1 -1 0
92 46 0 2 -2 0
92 46 0 3 -3 0
92 46 -46 4 -4 -8
92 46 0 4 -4 0
92 46 0 5 -5 0
92 46 0 6 -6 0
92 46 0 7 -7 0
92 46 -46 8 -8 -16
92 46 0 8 -8 0
92 46 0 9 -9 0
92 46 0 10 -10 0
92 46 0 11 -11 0
92 46 -46 12 -12 -24
92 46 0 12 -12 0
92 46 0 13 -13 0
92 46 0 14 -14 0
92 46 0 15 -15 0
92 46 -46 16 -16 -32
92 46 0 16 -16 0
92 46 0 17 -17 0
92 46 0 18 -18 0
92 46 0 19 -19 0
92 46 -46 20 -20 -40
92 46 0 20 -20 0
92 46 0 21 -21 0
92 46 0 22 -22 0
92 46 0 23 -23 0
92 46 -46 24 -24 -48
92 46 0 24 -24 0
92 46 0 25 -25 0
92 46 0 26 -26 0
92 46 0 27 -27 0
92 46 -46 28 -28 -56
92 46 0 28 -28 0
92 46 0 29 -29 0
92 46 0 30 -30 0
92 46 0 31 -31 0
92 46 -46 32 -32 -64
92 46 0 32 -32 0
92 46 0 33 -33 0
92 46 0 34 -34 0
92 46 0 35 -35 0
92 46 -46 36 -36 -72
92 46 0 36 -36 0
92 46 0 37 -37 0
92 46 0 38 -38 0
92 46 0 39 -39 0
92 46 -46 40 -40 -80
92 46 0 40 -40 0
92 46 0 41 -41 0
92 46 0 42 -42 0
92 46 0 43 -43 0
92 46 -46 44 -44 -88
92 46 0 44 -44 0
92 46 0 45 -45 0
92 46 0 46 -46 0
92 46 0 47 -47 0
92 46 -46 48 -48 -96
92 46 0 48 -48 0
92 46 0 49 -49 0
92 46 0 50 -50 0
92 46 0 51 -51 0
92 46 -46 52 -52 -104
92 46 0 52 -52 0
92 46 0 53 -53 0
92 46 0 54 -54 0
92 46 0 55 -55 0
92 46 -46 56 -56 -112
92 46 0 56 -56 0
92 46 0 57 -57 0
92 46 0 58 -58 0
92 46 0 59 -59 0
92 46 -46 60 -60 -120
92 46 0 60 -60 0
92 46 0 61 -61 0
92 46 0 62 -62 0
92 46 0 63 -63 0
92 46 -46 64 -64 -128
92 46 0 64 -64 0
92 46 0 65 -65 0
92 46 0 66 -66 0
92 46 0 67 -67 0
92 46 -46 68 -68 -136
92 46 0 68 -68 0
92 46 0 69 -69 0
92 46 0 70 -70 0
92 46 0 71 -71 0
92 46 -46 72 -72 -144
92 46 0 72 -72 0
92 46 0 73 -73 0
92 46 0 74 -74 0
92 46 0 75 -75 0
92 46 -46 76 -76 -152
92 46 0 76 -76 0
92 46 0 77 -77 0
92 46 0 78 -78 0
92 46 0 79 -79 0
92 46 -46 80 -80 -160
92 46 0 80 -80 0
92 46 0 81 -81 0
92 46 0 82 -82 0
92 46 0 83 -83 0
92 46 -46 84 -84 -168
92 46 0 84 -84 0
92 46 0 85 -85 0
92 46 0 86 -86 0
92 46 0 87 -87 0
92 46 -46 88 -88 -176
92 46 0 88 -88 0
92 46 0 89 -89 0
92 46 0 90 -90 0
92 46 0 91 -91 0
92 46 -46 92 -92 -184
92 46 0 92 -92 0
92 46 0 93 -93 0
92 46 0 94 -94 0
92 46 0 95 -95 0
92 46 -46 96 -96 -192
92 46 0 96 -96 0
92 46 0 97 -97 0
92 46 0 98 -98 0
92 46 0 99 -99 0
92 46 -46 100 -100 -200
92 46 0 100 -100 0
92 46 0 101 -101 0
92 46 0 102 -102 0
92 46 0 103 -103 0
92 46 -46 104 -104 -208
92 46 0 104 -104 0
92 46 0 105 -105 0
92 46 0 106 -106 0
92 46 0 107 -107 0
92 46 -46 108 -108 -216
92 46 0 108 -108 0
92 46 0 109 -109 0
92 46 0 110 -110 0
92 46 0 111 -111 0
92 46 -46 112 -112 -224
92 46 0 112 -112 0
92 46 0 113 -113 0
92 46 0 114 -114 0
92 46 0 115 -115 0
92 46 -46 116 -116 -232
92 46 0 116 -116 0
92 46 0 117 -117 0
92 46 0 118 -118 0
92 46 0 119 -119 0
92 46 -46 120 -120 -240
92 46 0 120 -120 0
92 46 0 121 -121 0
92 46 0 122 -122 0
92 46 0 123 -123 0
92 46 -46 124 -124 -248
92 46 0 124 -124 0
92 46 0 125 -125 0
92 46 0 126 -126 0
92 46 0 127 -127 0
92 46 -46 128 -128 -256
92 46 0 128 -128 0
92 46 0 129 -129 0
92 46 0 130 -130 0
92 46 0 131 -131 0
92 46 -46 132 -132 -264
92 46 0 132 -132 0
92 46 0 133 -133 0
92 46 0 134 -134 0
92 46 0 135 -135 0
92 46 -136 136 -136 -272
92 46 -46 136 -136 -272
92 46 -2 136 -136 -272
92 46 0 136 -136 0
92 46 0 137 -137 0
92 46 0 138 -138 0
92 46 0 139 -139 0
92 46 -46 140 -140 -280
92 46 0 140 -140 0
92 46 0 141 -141 0
92 46 0 142 -142 0
92 46 0 143 -143 0
92 46 -46 144 -144 -288
92 46 0 144 -144 0
92 46 0 145 -145 0
92 46 0 146 -146 0
92 46 0 147 -147 0
92 46 -46 148 -148 -296
92 46 0 148 -148 0
92 46 0 149 -149 0
92 46 0 150 -150 0
94 47 0 -150 150 0
94 47 0 -149 149 0
94 47 0 -148 148 0
94 47 -47 -147 147 294
94 47 0 -147 147 0
94 47 0 -146 146 0
94 47 0 -145 145 0
94 47 0 -144 144 0
94 47 -143 -143 143 286
94 47 -47 -143 143 286
94 47 0 -143 143 0
94 47 2 -143 143 286
94 47 0 -142 142 0
94 47 0 -141 141 0
94 47 0 -140 140 0
94 47 -47 -139 139 278
94 47 0 -139 139 0
94 47 0 -138 138 0
94 47 0 -137 137 0
94 47 0 -136 136 0
94 47 -47 -135 135 270
94 47 0 -135 135 0
94 47 0 -134 134 0
94 47 0 -133 133 0
94 47 0 -132 132 0
94 47 -47 -131 131 262
94 47 0 -131 131 0
94 47 0 -130 130 0
94 47 0 -129 129 0
94 47 0 -128 128 0
94 47 -47 -127 127 254
94 47 0 -127 127 0
94 47 0 -126 126 0
94 47 0 -125 125 0
94 47 0 -124 124 0
94 47 -47 -123 123 246
94 47 0 -123 123 0
94 47 0 -122 122 0
94 47 0 -121 121 0
94 47 0 -120 120 0
94 47 -47 -119 119 238
94 47 0 -119 119 0
94 47 0 -118 118 0
94 47 0 -117 117 0
94 47 0 -116 116 0
94 47 -47 -115 115 230
94 47 0 -115 115 0
94 47 0 -114 114 0
94 47 0 -113 113 0
94 47 0 -112 112 0
94 47 -47 -111 111 222
94 47 0 -111 111 0
94 47 0 -110 110 0
94 47 0 -109 109 0
94 47 0 -108 108 0
94 47 -47 -107 107 214
94 47 0 -107 107 0
94 47 0 -106 106 0
94 47 0 -105 105 0
94 47 0 -104 104 0
94 47 -47 -103 103 206
94 47 0 -103 103 0
94 47 0 -102 102 0
94 47 0 -101 101 0
94 47 0 -100 100 0
94 47 -47 -99 99 198
94 47 0 -99 99 0
94 47 0 -98 98 0
94 47 0 -97 97 0
94 47 0 -96 96 0
94 47 -47 -95 95 190
94 47 0 -95 95 0
94 47 0 -94 94 0
94 47 0 -93 93 0
94 47 0 -92 92 0
94 47 -47 -91 91 182
94 47 0 -91 91 0
94 47 0 -90 90 0
94 47 0 -89 89 0
94 47 0 -88 88 0
94 47 -47 -87 87 174
94 47 0 -87 87 0
94 47 0 -86 86 0
94 47 0 -85 85 0
94 47 0 -84 84 0
94 47 -47 -83 83 166
94 47 0 -83 83 0
94 47 0 -82 82 0
94 47 0 -81 81 0
94 47 0 -80 80 0
94 47 -47 -79 79 158
94 47 0 -79 79 0
94 47 0 -78 78 0
94 47 0 -77 77 0
94 47 0 -76 76 0
94 47 -47 -75 75 150
94 47 0 -75 75 0
94 47 0 -74 74 0
94 47 0 -73 73 0
94 47 0 -72 72 0
94 47 -142 -71 71 142
94 47 -47 -71 71 142
94 47 0 -71 71 0
94 47 1 -71 71 142
94 47 0 -70 70 0
94 47 0 -69 69 0
94 47 0 -68 68 0
94 47 -47 -67 67 134
94 47 0 -67 67 0
94 47 0 -66 66 0
94 47 0 -65 65 0
94 47 0 -64 64 0
94 47 -47 -63 63 126
94 47 0 -63 63 0
94 47 0 -62 62 0
94 47 0 -61 61 0
94 47 0 -60 60 0
94 47 -47 -59 59 118
94 47 0 -59 59 0
94 47 0 -58 58 0
94 47 0 -57 57 0
94 47 0 -56 56 0
94 47 -47 -55 55 110
94 47 0 -55 55 0
94 47 0 -54 54 0
94 47 0 -53 53 0
94 47 0 -52 52 0
94 47 -47 -51 51 102
94 47 0 -51 51 0
94 47 0 -50 50 0
94 47 0 -49 49 0
94 47 0 -48 48 0
94 47 -47 -47 47 94
94 47 0 -47 47 0
94 47 0 -46 46 0
94 47 0 -45 45 0
94 47 0 -44 44 0
94 47 -47 -43 43 86
94 47 0 -43 43 0
94 47 0 -42 42 0
94 47 0 -41 41 0
94 47 0 -40 40 0
94 47 -47 -39 39 78
94 47 0 -39 39 0
94 47 0 -38 38 0
94 47 0 -37 37 0
94 47 0 -36 36 0
94 47 -47 -35 35 70
94 47 0 -35 35 0
94 47 0 -34 34 0
94 47 0 -33 33 0
94 47 0 -32 32 0
94 47 -47 -31 31 62
94 47 0 -31 31 0
94 47 0 -30 30 0
94 47 0 -29 29 0
94 47 0 -28 28 0
94 47 -47 -27 27 54
94 47 0 -27 27 0
94 47 0 -26 26 0
94 47 0 -25 25 0
94 47 0 -24 24 0
94 47 -47 -23 23 46
94 47 0 -23 23 0
94 47 0 -22 22 0
94 47 0 -21 21 0
94 47 0 -20 20 0
94 47 -47 -19 19 38
94 47 0 -19 19 0
94 47 0 -18 18 0
94 47 0 -17 17 0
94 47 0 -16 16 0
94 47 -47 -15 15 30
94 47 0 -15 15 0
94 47 0 -14 14 0
94 47 0 -13 13 0
94 47 0 -12 12 0
94 47 -47 -11 11 22
94 47 0 -11 11 0
94 47 0 -10 10 0
94 47 0 -9 9 0
94 47 0 -8 8 0
94 47 -47 -7 7 14
94 47 0 -7 7 0
94 47 0 -6 6 0
94 47 0 -5 5 0
94 47 0 -4 4 0
94 47 -47 -3 3 6
94 47 0 -3 3 0
94 47 0 -2 2 0
94 47 0 -1 1 0
94 47 -47 1 -1 -2
94 47 0 1 -1 0
94 47 0 2 -2 0
94 47 0 3 -3 0
94 47 0 4 -4 0
94 47 -47 5 -5 -10
94 47 0 5 -5 0
94 47 0 6 -6 0
94 47 0 7 -7 0
94 47 0 8 -8 0
94 47 -47 9 -9 -18
94 47 0 9 -9 0
94 47 0 10 -10 0
94 47 0 11 -11 0
94 47 0 12 -12 0
94 47 -47 13 -13 -26
94 47 0 13 -13 0
94 47 0 14 -14 0
94 47 0 15 -15 0
94 47 0 16 -16 0
94 47 -47 17 -17 -34
94 47 0 17 -17 0
94 47 0 18 -18 0
94 47 0 19 -19 0
94 47 0 20 -20 0
94 47 -47 21 -21 -42
94 47 0 21 -21 0
94 47 0 22 -22 0
94 47 0 23 -23 0
94 47 0 24 -24 0
94 47 -47 25 -25 -50
94 47 0 25 -25 0
94 47 0 26 -26 0
94 47 0 27 -27 0
94 47 0 28 -28 0
94 47 -47 29 -29 -58
94 47 0 29 -29 0
94 47 0 30 -30 0
94 47 0 31 -31 0
94 47 0 32 -32 0
94 47 -47 33 -33 -66
94 47 0 33 -33 0
94 47 0 34 -34 0
94 47 0 35 -35 0
94 47 0 36 -36 0
94 47 -47 37 -37 -74
94 47 0 37 -37 0
94 47 0 38 -38 0
94 47 0 39 -39 0
94 47 0 40 -40 0
94 47 -47 41 -41 -82
94 47 0 41 -41 0
94 47 0 42 -42 0
94 47 0 43 -43 0
94 47 0 44 -44 0
94 47 -47 45 -45 -90
94 47 0 45 -45 0
94 47 0 46 -46 0
94 47 0 47 -47 0
94 47 0 48 -48 0
94 47 -47 49 -49 -98
94 47 0 49 -49 0
94 47 0 50 -50 0
94 47 0 51 -51 0
94 47 0 52 -52 0
94 47 -47 53 -53 -106
94 47 0 53 -53 0
94 47 0 54 -54 0
94 47 0 55 -55 0
94 47 0 56 -56 0
94 47 -47 57 -57 -114
94 47 0 57 -57 0
94 47 0 58 -58 0
94 47 0 59 -59 0
94 47 0 60 -60 0
94 47 -47 61 -61 -122
94 47 0 61 -61 0
94 47 0 62 -62 0
94 47 0 63 -63 0
94 47 0 64 -64 0
94 47 -47 65 -65 -130
94 47 0 65 -65 0
94 47 0 66 -66 0
94 47 0 67 -67 0
94 47 0 68 -68 0
94 47 -47 69 -69 -138
94 47 0 69 -69 0
94 47 -140 70 -70 -140
94 47 -1 70 -70 -140
94 47 0 70 -70 0
94 47 0 71 -71 0
94 47 0 72 -72 0
94 47 -47 73 -73 -146
94 47 0 73 -73 0
94 47 0 74 -74 0
94 47 0 75 -75 0
94 47 0 76 -76 0
94 47 -47 77 -77 -154
94 47 0 77 -77 0
94 47 0 78 -78 0
94 47 0 79 -79 0
94 47 0 80 -80 0
94 47 -47 81 -81 -162
94 47 0 81 -81 0
94 47 0 82 -82 0
94 47 0 83 -83 0
94 47 0 84 -84 0
94 47 -47 85 -85 -170
94 47 0 85 -85 0
94 47 0 86 -86 0
94 47 0 87 -87 0
94 47 0 88 -88 0
94 47 -47 89 -89 -178
94 47 0 89 -89 0
94 47 0 90 -90 0
94 47 0 91 -91 0
94 47 0 92 -92 0
94 47 -47 93 -93 -186
94 47 0 93 -93 0
94 47 0 94 -94 0
94 47 0 95 -95 0
94 47 0 96 -96 0
94 47 -47 97 -97 -194
94 47 0 97 -97 0
94 47 0 98 -98 0
94 47 0 99 -99 0
94 47 0 100 -100 0
94 47 -47 101 -101 -202
94 47 0 101 -101 0
94 47 0 102 -102 0
94 47 0 103 -103 0
94 47 0 104 -104 0
94 47 -47 105 -105 -210
94 47 0 105 -105 0
94 47 0 106 -106 0
94 47 0 107 -107 0
94 47 0 108 -108 0
94 47 -47 109 -109 -218
94 47 0 109 -109 0
94 47 0 110 -110 0
94 47 0 111 -111 0
94 47 0 112 -112 0
94 47 -47 113 -113 -226
94 47 0 113 -113 0
94 47 0 114 -114 0
94 47 0 115 -115 0
94 47 0 116 -116 0
94 47 -47 117 -117 -234
94 47 0 117 -117 0
94 47 0 118 -118 0
94 47 0 119 -119 0
94 47 0 120 -120 0
94 47 -47 121 -121 -242
94 47 0 121 -121 0
94 47 0 122 -122 0
94 47 0 123 -123 0
94 47 0 124 -124 0
94 47 -47 125 -125 -250
94 47 0 125 -125 0
94 47 0 126 -126 0
94 47 0 127 -127 0
94 47 0 128 -128 0
94 47 -47 129 -129 -258
94 47 0 129 -129 0
94 47 0 130 -130 0
94 47 0 131 -131 0
94 47 0 132 -132 0
94 47 -47 133 -133 -266
94 47 0 133 -133 0
94 47 0 134 -134 0
94 47 0 135 -135 0
94 47 0 136 -136 0
94 47 -47 137 -137 -274
94 47 0 137 -137 0
94 47 0 138 -138 0
94 47 -139 139 -139 -278
94 47 -2 139 -139 -278
94 47 0 139 -139 0
94 47 0 140 -140 0
94 47 -47 141 -141 -282
94 47 0 141 -141 0
94 47 0 142 -142 0
94 47 0 143 -143 0
94 47 0 144 -144 0
94 47 -47 145 -145 -290
94 47 0 145 -145 0
94 47 0 146 -146 0
94 47 0 147 -147 0
94 47 0 148 -148 0
94 47 -47 149 -149 -298
94 47 0 149 -149 0
94 47 0 150 -150 0
96 48 0 -150 150 0
96 48 0 -149 149 0
96 48 -48 -148 148 296
96 48 0 -148 148 0
96 48 0 -147 147 0
96 48 -146 -146 146 292
96 48 0 -146 146 0
96 48 2 -146 146 292
96 48 0 -145 145 0
96 48 -48 -144 144 288
96 48 0 -144 144 0
96 48 0 -143 143 0
96 48 0 -142 142 0
96 48 0 -141 141 0
96 48 -48 -140 140 280
96 48 0 -140 140 0
96 48 0 -139 139 0
96 48 0 -138 138 0
96 48 0 -137 137 0
96 48 -48 -136 136 272
96 48 0 -136 136 0
96 48 0 -135 135 0
96 48 0 -134 134 0
96 48 0 -133 133 0
96 48 -48 -132 132 264
96 48 0 -132 132 0
96 48 0 -131 131 0
96 48 0 -130 130 0
96 48 0 -129 129 0
96 48 -48 -128 128 256
96 48 0 -128 128 0
96 48 0 -127 127 0
96 48 0 -126 126 0
96 48 0 -125 125 0
96 48 -48 -124 124 248
96 48 0 -124 124 0
96 48 0 -123 123 0
96 48 0 -122 122 0
96 48 0 -121 121 0
96 48 -48 -120 120 240
96 48 0 -120 120 0
96 48 0 -119 119 0
96 48 0 -118 118 0
96 48 0 -117 117 0
96 48 -48 -116 116 232
96 48 0 -116 116 0
96 48 0 -115 115 0
96 48 0 -114 114 0
96 48 0 -113 113 0
96 48 -48 -112 112 224
96 48 0 -112 112 0
96 48 0 -111 111 0
96 48 0 -110 110 0
96 48 0 -109 109 0
96 48 -48 -108 108 216
96 48 0 -108 108 0
96 48 0 -107 107 0
96 48 0 -106 106 0
96 48 0 -105 105 0
96 48 -48 -104 104 208
96 48 0 -104 104 0
96 48 0 -103 103 0
96 48 0 -102 102 0
96 48 0 -101 101 0
96 48 -48 -100 100 200
96 48 0 -100 100 0
96 48 0 -99 99 0
96 48 0 -98 98 0
96 48 0 -97 97 0
96 48 -48 -96 96 192
96 48 0 -96 96 0
96 48 0 -95 95 0
96 48 0 -94 94 0
96 48 0 -93 93 0
96 48 -48 -92 92 184
96 48 0 -92 92 0
96 48 0 -91 91 0
96 48 0 -90 90 0
96 48 0 -89 89 0
96 48 -48 -88 88 176
96 48 0 -88 88 0
96 48 0 -87 87 0
96 48 0 -86 86 0
96 48 0 -85 85 0
96 48 -48 -84 84 168
96 48 0 -84 84 0
96 48 0 -83 83 0
96 48 0 -82 82 0
96 48 0 -81 81 0
96 48 -48 -80 80 160
96 48 0 -80 80 0
96 48 0 -79 79 0
96 48 0 -78 78 0
96 48 0 -77 77 0
96 48 -48 -76 76 152
96 48 0 -76 76 0
96 48 0 -75 75 0
96 48 0 -74 74 0
96 48 0 -73 73 0
96 48 -48 -72 72 144
96 48 0 -72 72 0
96 48 0 -71 71 0
96 48 0 -70 70 0
96 48 0 -69 69 0
96 48 -48 -68 68 136
96 48 0 -68 68 0
96 48 0 -67 67 0
96 48 0 -66 66 0
96 48 0 -65 65 0
96 48 -48 -64 64 128
96 48 0 -64 64 0
96 48 0 -63 63 0
96 48 0 -62 62 0
96 48 0 -61 61 0
96 48 -48 -60 60 120
96 48 0 -60 60 0
96 48 0 -59 59 0
96 48 0 -58 58 0
96 48 0 -57 57 0
96 48 -48 -56 56 112
96 48 0 -56 56 0
96 48 0 -55 55 0
96 48 0 -54 54 0
96 48 0 -53 53 0
96 48 -48 -52 52 104
96 48 0 -52 52 0
96 48 0 -51 51 0
96 48 0 -50 50 0
96 48 0 -49 49 0
96 48 -48 -48 48 96
96 48 0 -48 48 0
96 48 0 -47 47 0
96 48 0 -46 46 0
96 48 0 -45 45 0
96 48 -48 -44 44 88
96 48 0 -44 44 0
96 48 0 -43 43 0
96 48 0 -42 42 0
96 48 0 -41 41 0
96 48 -48 -40 40 80
96 48 0 -40 40 0
96 48 0 -39 39 0
96 48 0 -38 38 0
96 48 0 -37 37 0
96 48 -48 -36 36 72
96 48 0 -36 36 0
96 48 0 -35 35 0
96 48 0 -34 34 0
96 48 0 -33 33 0
96 48 -48 -32 32 64
96 48 0 -32 32 0
96 48 0 -31 31 0
96 48 0 -30 30 0
96 48 0 -29 29 0
96 48 -48 -28 28 56
96 48 0 -28 28 0
96 48 0 -27 27 0
96 48 0 -26 26 0
96 48 0 -25 25 0
96 48 -48 -24 24 48
96 48 0 -24 24 0
96 48 0 -23 23 0
96 48 0 -22 22 0
96 48 0 -21 21 0
96 48 -48 -20 20 40
96 48 0 -20 20 0
96 48 0 -19 19 0
96 48 0 -18 18 0
96 48 0 -17 17 0
96 48 -48 -16 16 32
96 48 0 -16 16 0
96 48 0 -15 15 0
96 48 0 -14 14 0
96 48 0 -13 13 0
96 48 -48 -12 12 24
96 48 0 -12 12 0
96 48 0 -11 11 0
96 48 0 -10 10 0
96 48 0 -9 9 0
96 48 -48 -8 8 16
96 48 0 -8 8 0
96 48 0 -7 7 0
96 48 0 -6 6 0
96 48 0 -5 5 0
96 48 -48 -4 4 8
96 48 0 -4 4 0
96 48 0 -3 3 0
96 48 0 -2 2 0
96 48 0 -1 1 0
96 48 0 1 -1 0
96 48 0 2 -2 0
96 48 0 3 -3 0
96 48 -48 4 -4 -8
96 48 0 4 -4 0
96 48 0 5 -5 0
96 48 0 6 -6 0
96 48 0 7 -7 0
96 48 -48 8 -8 -16
96 48 0 8 -8 0
96 48 0 9 -9 0
96 48 0 10 -10 0
96 48 0 11 -11 0
96 48 -48 12 -12 -24
96 48 0 12 -12 0
96 48 0 13 -13 0
96 48 0 14 -14 0
96 48 0 15 -15 0
96 48 -48 16 -16 -32
96 48 0 16 -16 0
96 48 0 17 -17 0
96 48 0 18 -18 0
96 48 0 19 -19 0
96 48 -48 20 -20 -40
96 48 0 20 -20 0
96 48 0 21 -21 0
96 48 0 22 -22 0
96 48 0 23 -23 0
96 48 -48 24 -24 -48
96 48 0 24 -24 0
96 48 0 25 -25 0
96 48 0 26 -26 0
96 48 0 27 -27 0
96 48 -48 28 -28 -56
96 48 0 28 -28 0
96 48 0 29 -29 0
96 48 0 30 -30 0
96 48 0 31 -31 0
96 48 -48 32 -32 -64
96 48 0 32 -32 0
96 48 0 33 -33 0
96 48 0 34 -34 0
96 48 0 35 -35 0
96 48 -48 36 -36 -72
96 48 0 36 -36 0
96 48 0 37 -37 0
96 48 0 38 -38 0
96 48 0 39 -39 0
96 48 -48 40 -40 -80
96 48 0 40 -40 0
96 48 0 41 -41 0
96 48 0 42 -42 0
96 48 0 43 -43 0
96 48 -48 44 -44 -88
96 48 0 44 -44 0
96 48 0 45 -45 0
96 48 0 46 -46 0
96 48 0 47 -47 0
96 48 -48 48 -48 -96
96 48 0 48 -48 0
96 48 0 49 -49 0
96 48 0 50 -50 0
96 48 0 51 -51 0
96 48 -48 52 -52 -104
96 48 0 52 -52 0
96 48 0 53 -53 0
96 48 0 54 -54 0
96 48 0 55 -55 0
96 48 -48 56 -56 -112
96 48 0 56 -56 0
96 48 0 57 -57 0
96 48 0 58 -58 0
96 48 0 59 -59 0
96 48 -48 60 -60 -120
96 48 0 60 -60 0
96 48 0 61 -61 0
96 48 0 62 -62 0
96 48 0 63 -63 0
96 48 -48 64 -64 -128
96 48 0 64 -64 0
96 48 0 65 -65 0
96 48 0 66 -66 0
96 48 0 67 -67 0
96 48 -48 68 -68 -136
96 48 0 68 -68 0
96 48 0 69 -69 0
96 48 0 70 -70 0
96 48 0 71 -71 0
96 48 -48 72 -72 -144
96 48 0 72 -72 0
96 48 0 73 -73 0
96 48 0 74 -74 0
96 48 0 75 -75 0
96 48 -48 76 -76 -152
96 48 0 76 -76 0
96 48 0 77 -77 0
96 48 0 78 -78 0
96 48 0 79 -79 0
96 48 -48 80 -80 -160
96 48 0 80 -80 0
96 48 0 81 -81 0
96 48 0 82 -82 0
96 48 0 83 -83 0
96 48 -48 84 -84 -168
96 48 0 84 -84 0
96 48 0 85 -85 0
96 48 0 86 -86 0
96 48 0 87 -87 0
96 48 -48 88 -88 -176
96 48 0 88 -88 0
96 48 0 89 -89 0
96 48 0 90 -90 0
96 48 0 91 -91 0
96 48 -48 92 -92 -184
96 48 0 92 -92 0
96 48 0 93 -93 0
96 48 0 94 -94 0
96 48 0 95 -95 0
96 48 -48 96 -96 -192
96 48 0 96 -96 0
96 48 0 97 -97 0
96 48 0 98 -98 0
96 48 0 99 -99 0
96 48 -48 100 -100 -200
96 48 0 100 -100 0
96 48 0 101 -101 0
96 48 0 102 -102 0
96 48 0 103 -103 0
96 48 -48 104 -104 -208
96 48 0 104 -104 0
96 48 0 105 -105 0
96 48 0 106 -106 0
96 48 0 107 -107 0
96 48 -48 108 -108 -216
96 48 0 108 -108 0
96 48 0 109 -109 0
96 48 0 110 -110 0
96 48 0 111 -111 0
96 48 -48 112 -112 -224
96 48 0 112 -112 0
96 48 0 113 -113 0
96 48 0 114 -114 0
96 48 0 115 -115 0
96 48 -48 116 -116 -232
96 48 0 116 -116 0
96 48 0 117 -117 0
96 48 0 118 -118 0
96 48 0 119 -119 0
96 48 -48 120 -120 -240
96 48 0 120 -120 0
96 48 0 121 -121 0
96 48 0 122 -122 0
96 48 0 123 -123 0
96 48 -48 124 -124 -248
96 48 0 124 -124 0
96 48 0 125 -125 0
96 48 0 126 -126 0
96 48 0 127 -127 0
96 48 -48 128 -128 -256
96 48 0 128 -128 0
96 48 0 129 -129 0
96 48 0 130 -130 0
96 48 0 131 -131 0
96 48 -48 132 -132 -264
96 48 0 132 -132 0
96 48 0 133 -133 0
96 48 0 134 -134 0
96 48 0 135 -135 0
96 48 -48 136 -136 -272
96 48 0 136 -136 0
96 48 0 137 -137 0
96 48 0 138 -138 0
96 48 0 139 -139 0
96 48 -48 140 -140 -280
96 48 0 140 -140 0
96 48 0 141 -141 0
96 48 -142 142 -142 -284
96 48 -2 142 -142 -284
96 48 0 142 -142 0
96 48 0 143 -143 0
96 48 -48 144 -144 -288
96 48 0 144 -144 0
96 48 0 145 -145 0
96 48 0 146 -146 0
96 48 0 147 -147 0
96 48 -48 148 -148 -296
96 48 0 148 -148 0
96 48 0 149 -149 0
96 48 0 150 -150 0
98 49 0 -150 150 0
98 49 -149 -149 149 298
98 49 0 -149 149 0
98 49 2 -149 149 298
98 49 0 -148 148 0
98 49 -49 -147 147 294
98 49 0 -147 147 0
98 49 0 -146 146 0
98 49 0 -145 145 0
98 49 0 -144 144 0
98 49 -49 -143 143 286
98 49 0 -143 143 0
98 49 0 -142 142 0
98 49 0 -141 141 0
98 49 0 -140 140 0
98 49 -49 -139 139 278
98 49 0 -139 139 0
98 49 0 -138 138 0
98 49 0 -137 137 0
98 49 0 -136 136 0
98 49 -49 -135 135 270
98 49 0 -135 135 0
98 49 0 -134 134 0
98 49 0 -133 133 0
98 49 0 -132 132 0
98 49 -49 -131 131 262
98 49 0 -131 131 0
98 49 0 -130 130 0
98 49 0 -129 129 0
98 49 0 -128 128 0
98 49 -49 -127 127 254
98 49 0 -127 127 0
98 49 0 -126 126 0
98 49 0 -125 125 0
98 49 0 -124 124 0
98 49 -49 -123 123 246
98 49 0 -123 123 0
98 49 0 -122 122 0
98 49 0 -121 121 0
98 49 0 -120 120 0
98 49 -49 -119 119 238
98 49 0 -119 119 0
98 49 0 -118 118 0
98 49 0 -117 117 0
98 49 0 -116 116 0
98 49 -49 -115 115 230
98 49 0 -115 115 0
98 49 0 -114 114 0
98 49 0 -113 113 0
98 49 0 -112 112 0
98 49 -49 -111 111 222
98 49 0 -111 111 0
98 49 0 -110 110 0
98 49 0 -109 109 0
98 49 0 -108 108 0
98 49 -49 -107 107 214
98 49 0 -107 107 0
98 49 0 -106 106 0
98 49 0 -105 105 0
98 49 0 -104 104 0
98 49 -49 -103 103 206
98 49 0 -103 103 0
98 49 0 -102 102 0
98 49 0 -101 101 0
98 49 0 -100 100 0
98 49 -49 -99 99 198
98 49 0 -99 99 0
98 49 0 -98 98 0
98 49 0 -97 97 0
98 49 0 -96 96 0
98 49 -49 -95 95 190
98 49 0 -95 95 0
98 49 0 -94 94 0
98 49 0 -93 93 0
98 49 0 -92 92 0
98 49 -49 -91 91 182
98 49 0 -91 91 0
98 49 0 -90 90 0
98 49 0 -89 89 0
98 49 0 -88 88 0
98 49 -49 -87 87 174
98 49 0 -87 87 0
98 49 0 -86 86 0
98 49 0 -85 85 0
98 49 0 -84 84 0
98 49 -49 -83 83 166
98 49 0 -83 83 0
98 49 0 -82 82 0
98 49 0 -81 81 0
98 49 0 -80 80 0
98 49 -49 -79 79 158
98 49 0 -79 79 0
98 49 0 -78 78 0
98 49 0 -77 77 0
98 49 0 -76 76 0
98 49 -49 -75 75 150
98 49 0 -75 75 0
98 49 -148 -74 74 148
98 49 0 -74 74 0
98 49 1 -74 74 148
98 49 0 -73 73 0
98 49 0 -72 72 0
98 49 -49 -71 71 142
98 49 0 -71 71 0
98 49 0 -70 70 0
98 49 0 -69 69 0
98 49 0 -68 68 0
98 49 -49 -67 67 134
98 49 0 -67 67 0
98 49 0 -66 66 0
98 49 0 -65 65 0
98 49 0 -64 64 0
98 49 -49 -63 63 126
98 49 0 -63 63 0
98 49 0 -62 62 0
98 49 0 -61 61 0
98 49 0 -60 60 0
98 49 -49 -59 59 118
98 49 0 -59 59 0
98 49 0 -58 58 0
98 49 0 -57 57 0
98 49 0 -56 56 0
98 49 -49 -55 55 110
98 49 0 -55 55 0
98 49 0 -54 54 0
98 49 0 -53 53 0
98 49 0 -52 52 0
98 49 -49 -51 51 102
98 49 0 -51 51 0
98 49 0 -50 50 0
98 49 0 -49 49 0
98 49 0 -48 48 0
98 49 -49 -47 47 94
98 49 0 -47 47 0
98 49 0 -46 46 0
98 49 0 -45 45 0
98 49 0 -44 44 0
98 49 -49 -43 43 86
98 49 0 -43 43 0
98 49 0 -42 42 0
98 49 0 -41 41 0
98 49 0 -40 40 0
98 49 -49 -39 39 78
98 49 0 -39 39 0
98 49 0 -38 38 0
98 49 0 -37 37 0
98 49 0 -36 36 0
98 49 -49 -35 35 70
98 49 0 -35 35 0
98 49 0 -34 34 0
98 49 0 -33 33 0
98 49 0 -32 32 0
98 49 -49 -31 31 62
98 49 0 -31 31 0
98 49 0 -30 30 0
98 49 0 -29 29 0
98 49 0 -28 28 0
98 49 -49 -27 27 54
98 49 0 -27 27 0
98 49 0 -26 26 0
98 49 0 -25 25 0
98 49 0 -24 24 0
98 49 -49 -23 23 46
98 49 0 -23 23 0
98 49 0 -22 22 0
98 49 0 -21 21 0
98 49 0 -20 20 0
98 49 -49 -19 19 38
98 49 0 -19 19 0
98 49 0 -18 18 0
98 49 0 -17 17 0
98 49 0 -16 16 0
98 49 -49 -15 15 30
98 49 0 -15 15 0
98 49 0 -14 14 0
98 49 0 -13 13 0
98 49 0 -12 12 0
98 49 -49 -11 11 22
98 49 0 -11 11 0
98 49 0 -10 10 0
98 49 0 -9 9 0
98 49 0 -8 8 0
98 49 -49 -7 7 14
98 49 0 -7 7 0
98 49 0 -6 6 0
98 49 0 -5 5 0
98 49 0 -4 4 0
98 49 -49 -3 3 6
98 49 0 -3 3 0
98 49 0 -2 2 0
98 49 0 -1 1 0
98 49 -49 1 -1 -2
98 49 0 1 -1 0
98 49 0 2 -2 0
98 49 0 3 -3 0
98 49 0 4 -4 0
98 49 -49 5 -5 -10
98 49 0 5 -5 0
98 49 0 6 -6 0
98 49 0 7 -7 0
98 49 0 8 -8 0
98 49 -49 9 -9 -18
98 49 0 9 -9 0
98 49 0 10 -10 0
98 49 0 11 -11 0
98 49 0 12 -12 0
98 49 -49 13 -13 -26
98 49 0 13 -13 0
98 49 0 14 -14 0
98 49 0 15 -15 0
98 49 0 16 -16 0
98 49 -49 17 -17 -34
98 49 0 17 -17 0
98 49 0 18 -18 0
98 49 0 19 -19 0
98 49 0 20 -20 0
98 49 -49 21 -21 -42
98 49 0 21 -21 0
98 49 0 22 -22 0
98 49 0 23 -23 0
98 49 0 24 -24 0
98 49 -49 25 -25 -50
98 49 0 25 -25 0
98 49 0 26 -26 0
98 49 0 27 -27 0
98 49 0 28 -28 0
98 49 -49 29 -29 -58
98 49 0 29 -29 0
98 49 0 30 -30 0
98 49 0 31 -31 0
98 49 0 32 -32 0
98 49 -49 33 -33 -66
98 49 0 33 -33 0
98 49 0 34 -34 0
98 49 0 35 -35 0
98 49 0 36 -36 0
98 49 -49 37 -37 -74
98 49 0 37 -37 0
98 49 0 38 -38 0
98 49 0 39 -39 0
98 49 0 40 -40 0
98 49 -49 41 -41 -82
98 49 0 41 -41 0
98 49 0 42 -42 0
98 49 0 43 -43 0
98 49 0 44 -44 0
98 49 -49 45 -45 -90
98 49 0 45 -45 0
98 49 0 46 -46 0
98 49 0 47 -47 0
98 49 0 48 -48 0
98 49 -49 49 -49 -98
98 49 0 49 -49 0
98 49 0 50 -50 0
98 49 0 51 -51 0
98 49 0 52 -52 0
98 49 -49 53 -53 -106
98 49 0 53 -53 0
98 49 0 54 -54 0
98 49 0 55 -55 0
98 49 0 56 -56 0
98 49 -49 57 -57 -114
98 49 0 57 -57 0
98 49 0 58 -58 0
98 49 0 59 -59 0
98 49 0 60 -60 0
98 49 -49 61 -61 -122
98 49 0 61 -61 0
98 49 0 62 -62 0
98 49 0 63 -63 0
98 49 0 64 -64 0
98 49 -49 65 -65 -130
98 49 0 65 -65 0
98 49 0 66 -66 0
98 49 0 67 -67 0
98 49 0 68 -68 0
98 49 -49 69 -69 -138
98 49 0 69 -69 0
98 49 0 70 -70 0
98 49 0 71 -71 0
98 49 0 72 -72 0
98 49 -146 73 -73 -146
98 49 -49 73 -73 -146
98 49 -1 73 -73 -146
98 49 0 73 -73 0
98 49 0 74 -74 0
98 49 0 75 -75 0
98 49 0 76 -76 0
98 49 -49 77 -77 -154
98 49 0 77 -77 0
98 49 0 78 -78 0
98 49 0 79 -79 0
98 49 0 80 -80 0
98 49 -49 81 -81 -162
98 49 0 81 -81 0
98 49 0 82 -82 0
98 49 0 83 -83 0
98 49 0 84 -84 0
98 49 -49 85 -85 -170
98 49 0 85 -85 0
98 49 0 86 -86 0
98 49 0 87 -87 0
98 49 0 88 -88 0
98 49 -49 89 -89 -178
98 49 0 89 -89 0
98 49 0 90 -90 0
98 49 0 91 -91 0
98 49 0 92 -92 0
98 49 -49 93 -93 -186
98 49 0 93 -93 0
98 49 0 94 -94 0
98 49 0 95 -95 0
98 49 0 96 -96 0
98 49 -49 97 -97 -194
98 49 0 97 -97 0
98 49 0 98 -98 0
98 49 0 99 -99 0
98 49 0 100 -100 0
98 49 -49 101 -101 -202
98 49 0 101 -101 0
98 49 0 102 -102 0
98 49 0 103 -103 0
98 49 0 104 -104 0
98 49 -49 105 -105 -210
98 49 0 105 -105 0
98 49 0 106 -106 0
98 49 0 107 -107 0
98 49 0 108 -108 0
98 49 -49 109 -109 -218
98 49 0 109 -109 0
98 49 0 110 -110 0
98 49 0 111 -111 0
98 49 0 112 -112 0
98 49 -49 113 -113 -226
98 49 0 113 -113 0
98 49 0 114 -114 0
98 49 0 115 -115 0
98 49 0 116 -116 0
98 49 -49 117 -117 -234
98 49 0 117 -117 0
98 49 0 118 -118 0
98 49 0 119 -119 0
98 49 0 120 -120 0
98 49 -49 121 -121 -242
98 49 0 121 -121 0
98 49 0 122 -122 0
98 49 0 123 -123 0
98 49 0 124 -124 0
98 49 -49 125 -125 -250
98 49 0 125 -125 0
98 49 0 126 -126 0
98 49 0 127 -127 0
98 49 0 128 -128 0
98 49 -49 129 -129 -258
98 49 0 129 -129 0
98 49 0 130 -130 0
98 49 0 131 -131 0
98 49 0 132 -132 0
98 49 -49 133 -133 -266
98 49 0 133 -133 0
98 49 0 134 -134 0
98 49 0 135 -135 0
98 49 0 136 -136 0
98 49 -49 137 -137 -274
98 49 0 137 -137 0
98 49 0 138 -138 0
98 49 0 139 -139 0
98 49 0 140 -140 0
98 49 -49 141 -141 -282
98 49 0 141 -141 0
98 49 0 142 -142 0
98 49 0 143 -143 0
98 49 0 144 -144 0
98 49 -145 145 -145 -290
98 49 -49 145 -145 -290
98 49 -2 145 -145 -290
98 49 0 145 -145 0
98 49 0 146 -146 0
98 49 0 147 -147 0
98 49 0 148 -148 0
98 49 -49 149 -149 -298
98 49 0 149 -149 0
98 49 0 150 -150 0
100 50 0 -150 150 0
100 50 0 -149 149 0
100 50 -50 -148 148 296
100 50 0 -148 148 0
100 50 0 -147 147 0
100 50 0 -146 146 0
100 50 0 -145 145 0
100 50 -50 -144 144 288
100 50 0 -144 144 0
100 50 0 -143 143 0
100 50 0 -142 142 0
100 50 0 -141 141 0
100 50 -50 -140 140 280
100 50 0 -140 140 0
100 50 0 -139 139 0
100 50 0 -138 138 0
100 50 0 -137 137 0
100 50 -50 -136 136 272
100 50 0 -136 136 0
100 50 0 -135 135 0
100 50 0 -134 134 0
100 50 0 -133 133 0
100 50 -50 -132 132 264
100 50 0 -132 132 0
100 50 0 -131 131 0
100 50 0 -130 130 0
100 50 0 -129 129 0
100 50 -50 -128 128 256
100 50 0 -128 128 0
100 50 0 -127 127 0
100 50 0 -126 126 0
100 50 0 -125 125 0
100 50 -50 -124 124 248
100 50 0 -124 124 0
100 50 0 -123 123 0
100 50 0 -122 122 0
100 50 0 -121 121 0
100 50 -50 -120 120 240
100 50 0 -120 120 0
100 50 0 -119 119 0
100 50 0 -118 118 0
100 50 0 -117 117 0
100 50 -50 -116 116 232
100 50 0 -116 116 0
100 50 0 -115 115 0
100 50 0 -114 114 0
100 50 0 -113 113 0
100 50 -50 -112 112 224
100 50 0 -112 112 0
100 50 0 -111 111 0
100 50 0 -110 110 0
100 50 0 -109 109 0
100 50 -50 -108 108 216
100 50 0 -108 108 0
100 50 0 -107 107 0
100 50 0 -106 106 0
100 50 0 -105 105 0
100 50 -50 -104 104 208
100 50 0 -104 104 0
100 50 0 -103 103 0
100 50 0 -102 102 0
100 50 0 -101 101 0
100 50 -50 -100 100 200
100 50 0 -100 100 0
100 50 0 -99 99 0
100 50 0 -98 98 0
100 50 0 -97 97 0
100 50 -50 -96 96 192
100 50 0 -96 96 0
100 50 0 -95 95 0
100 50 0 -94 94 0
100 50 0 -93 93 0
100 50 -50 -92 92 184
100 50 0 -92 92 0
100 50 0 -91 91 0
100 50 0 -90 90 0
100 50 0 -89 89 0
100 50 -50 -88 88 176
100 50 0 -88 88 0
100 50 0 -87 87 0
100 50 0 -86 86 0
100 50 0 -85 85 0
100 50 -50 -84 84 168
100 50 0 -84 84 0
100 50 0 -83 83 0
100 50 0 -82 82 0
100 50 0 -81 81 0
100 50 -50 -80 80 160
100 50 0 -80 80 0
100 50 0 -79 79 0
100 50 0 -78 78 0
100 50 0 -77 77 0
100 50 -50 -76 76 152
100 50 0 -76 76 0
100 50 0 -75 75 0
100 50 0 -74 74 0
100 50 0 -73 73 0
100 50 -50 -72 72 144
100 50 0 -72 72 0
100 50 0 -71 71 0
100 50 0 -70 70 0
100 50 0 -69 69 0
100 50 -50 -68 68 136
100 50 0 -68 68 0
100 50 0 -67 67 0
100 50 0 -66 66 0
100 50 0 -65 65 0
100 50 -50 -64 64 128
100 50 0 -64 64 0
100 50 0 -63 63 0
100 50 0 -62 62 0
100 50 0 -61 61 0
100 50 -50 -60 60 120
100 50 0 -60 60 0
100 50 0 -59 59 0
100 50 0 -58 58 0
100 50 0 -57 57 0
100 50 -50 -56 56 112
100 50 0 -56 56 0
100 50 0 -55 55 0
100 50 0 -54 54 0
100 50 0 -53 53 0
100 50 -50 -52 52 104
100 50 0 -52 52 0
100 50 0 -51 51 0
100 50 0 -50 50 0
100 50 0 -49 49 0
100 50 -50 -48 48 96
100 50 0 -48 48 0
100 50 0 -47 47 0
100 50 0 -46 46 0
100 50 0 -45 45 0
100 50 -50 -44 44 88
100 50 0 -44 44 0
100 50 0 -43 43 0
100 50 0 -42 42 0
100 50 0 -41 41 0
100 50 -50 -40 40 80
100 50 0 -40 40 0
100 50 0 -39 39 0
100 50 0 -38 38 0
100 50 0 -37 37 0
100 50 -50 -36 36 72
100 50 0 -36 36 0
100 50 0 -35 35 0
100 50 0 -34 34 0
100 50 0 -33 33 0
100 50 -50 -32 32 64
100 50 0 -32 32 0
100 50 0 -31 31 0
100 50 0 -30 30 0
100 50 0 -29 29 0
100 50 -50 -28 28 56
100 50 0 -28 28 0
100 50 0 -27 27 0
100 50 0 -26 26 0
100 50 0 -25 25 0
100 50 -50 -24 24 48
100 50 0 -24 24 0
100 50 0 -23 23 0
100 50 0 -22 22 0
100 50 0 -21 21 0
100 50 -50 -20 20 40
100 50 0 -20 20 0
100 50 0 -19 19 0
100 50 0 -18 18 0
100 50 0 -17 17 0
100 50 -50 -16 16 32
100 50 0 -16 16 0
100 50 0 -15 15 0
100 50 0 -14 14 0
100 50 0 -13 13 0
100 50 -50 -12 12 24
100 50 0 -12 12 0
100 50 0 -11 11 0
100 50 0 -10 10 0
100 50 0 -9 9 0
100 50 -50 -8 8 16
100 50 0 -8 8 0
100 50 0 -7 7 0
100 50 0 -6 6 0
100 50 0 -5 5 0
100 50 -50 -4 4 8
100 50 0 -4 4 0
100 50 0 -3 3 0
100 50 0 -2 2 0
100 50 0 -1 1 0
100 50 0 1 -1 0
100 50 0 2 -2 0
100 50 0 3 -3 0
100 50 -50 4 -4 -8
100 50 0 4 -4 0
100 50 0 5 -5 0
100 50 0 6 -6 0
100 50 0 7 -7 0
100 50 -50 8 -8 -16
100 50 0 8 -8 0
100 50 0 9 -9 0
100 50 0 10 -10 0
100 50 0 11 -11 0
100 50 -50 12 -12 -24
100 50 0 12 -12 0
100 50 0 13 -13 0
100 50 0 14 -14 0
100 50 0 15 -15 0
100 50 -50 16 -16 -32
100 50 0 16 -16 0
100 50 0 17 -17 0
100 50 0 18 -18 0
100 50 0 19 -19 0
100 50 -50 20 -20 -40
100 50 0 20 -20 0
100 50 0 21 -21 0
100 50 0 22 -22 0
100 50 0 23 -23 0
100 50 -50 24 -24 -48
100 50 0 24 -24 0
100 50 0 25 -25 0
100 50 0 26 -26 0
100 50 0 27 -27 0
100 50 -50 28 -28 -56
100 50 0 28 -28 0
100 50 0 29 -29 0
100 50 0 30 -30 0
100 50 0 31 -31 0
100 50 -50 32 -32 -64
100 50 0 32 -32 0
100 50 0 33 -33 0
100 50 0 34 -34 0
100 50 0 35 -35 0
100 50 -50 36 -36 -72
100 50 0 36 -36 0
100 50 0 37 -37 0
100 50 0 38 -38 0
100 50 0 39 -39 0
100 50 -50 40 -40 -80
100 50 0 40 -40 0
100 50 0 41 -41 0
100 50 0 42 -42 0
100 50 0 43 -43 0
100 50 -50 44 -44 -88
100 50 0 44 -44 0
100 50 0 45 -45 0
100 50 0 46 -46 0
100 50 0 47 -47 0
100 50 -50 48 -48 -96
100 50 0 48 -48 0
100 50 0 49 -49 0
100 50 0 50 -50 0
100 50 0 51 -51 0
100 50 -50 52 -52 -104
100 50 0 52 -52 0
100 50 0 53 -53 0
100 50 0 54 -54 0
100 50 0 55 -55 0
100 50 -50 56 -56 -112
100 50 0 56 -56 0
100 50 0 57 -57 0
100 50 0 58 -58 0
100 50 0 59 -59 0
100 50 -50 60 -60 -120
100 50 0 60 -60 0
100 50 0 61 -61 0
100 50 0 62 -62 0
100 50 0 63 -63 0
100 50 -50 64 -64 -128
100 50 0 64 -64 0
100 50 0 65 -65 0
100 50 0 66 -66 0
100 50 0 67 -67 0
100 50 -50 68 -68 -136
100 50 0 68 -68 0
100 50 0 69 -69 0
100 50 0 70 -70 0
100 50 0 71 -71 0
100 50 -50 72 -72 -144
100 50 0 72 -72 0
100 50 0 73 -73 0
100 50 0 74 -74 0
100 50 0 75 -75 0
100 50 -50 76 -76 -152
100 50 0 76 -76 0
100 50 0 77 -77 0
100 50 0 78 -78 0
100 50 0 79 -79 0
100 50 -50 80 -80 -160
100 50 0 80 -80 0
100 50 0 81 -81 0
100 50 0 82 -82 0
100 50 0 83 -83 0
100 50 -50 84 -84 -168
100 50 0 84 -84 0
100 50 0 85 -85 0
100 50 0 86 -86 0
100 50 0 87 -87 0
100 50 -50 88 -88 -176
100 50 0 88 -88 0
100 50 0 89 -89 0
100 50 0 90 -90 0
100 50 0 91 -91 0
100 50 -50 92 -92 -184
100 50 0 92 -92 0
100 50 0 93 -93 0
100 50 0 94 -94 0
100 50 0 95 -95 0
100 50 -50 96 -96 -192
100 50 0 96 -96 0
100 50 0 97 -97 0
100 50 0 98 -98 0
100 50 0 99 -99 0
100 50 -50 100 -100 -200
100 50 0 100 -100 0
100 50 0 101 -101 0
100 50 0 102 -102 0
100 50 0 103 -103 0
100 50 -50 104 -104 -208
100 50 0 104 -104 0
100 50 0 105 -105 0
100 50 0 106 -106 0
100 50 0 107 -107 0
100 50 -50 108 -108 -216
100 50 0 108 -108 0
100 50 0 109 -109 0
100 50 0 110 -110 0
100 50 0 111 -111 0
100 50 -50 112 -112 -224
100 50 0 112 -112 0
100 50 0 113 -113 0
100 50 0 114 -114 0
100 50 0 115 -115 0
100 50 -50 116 -116 -232
100 50 0 116 -116 0
100 50 0 117 -117 0
100 50 0 118 -118 0
100 50 0 119 -119 0
100 50 -50 120 -120 -240
100 50 0 120 -120 0
100 50 0 121 -121 0
100 50 0 122 -122 0
100 50 0 123 -123 0
100 50 -50 124 -124 -248
100 50 0 124 -124 0
100 50 0 125 -125 0
100 50 0 126 -126 0
100 50 0 127 -127 0
100 50 -50 128 -128 -256
100 50 0 128 -128 0
100 50 0 129 -129 0
100 50 0 130 -130 0
100 50 0 131 -131 0
100 50 -50 132 -132 -264
100 50 0 132 -132 0
100 50 0 133 -133 0
100 50 0 134 -134 0
100 50 0 135 -135 0
100 50 -50 136 -136 -272
100 50 0 136 -136 0
100 50 0 137 -137 0
100 50 0 138 -138 0
100 50 0 139 -139 0
100 50 -50 140 -140 -280
100 50 0 140 -140 0
100 50 0 141 -141 0
100 50 0 142 -142 0
100 50 0 143 -143 0
100 50 -50 144 -144 -288
100 50 0 144 -144 0
100 50 0 145 -145 0
100 50 0 146 -146 0
100 50 0 147 -147 0
100 50 -148 148 -148 -296
100 50 -50 148 -148 -296
100 50 -2 148 -148 -296
100 50 0 148 -148 0
100 50 0 149 -149 0
100 50 0 150 -150 0
102 51 0 -150 150 0
102 51 0 -149 149 0
102 51 0 -148 148 0
102 51 -51 -147 147 294
102 51 0 -147 147 0
102 51 0 -146 146 0
102 51 0 -145 145 0
102 51 0 -144 144 0
102 51 -51 -143 143 286
102 51 0 -143 143 0
102 51 0 -142 142 0
102 51 0 -141 141 0
102 51 0 -140 140 0
102 51 -51 -139 139 278
102 51 0 -139 139 0
102 51 0 -138 138 0
102 51 0 -137 137 0
102 51 0 -136 136 0
102 51 -51 -135 135 270
102 51 0 -135 135 0
102 51 0 -134 134 0
102 51 0 -133 133 0
102 51 0 -132 132 0
102 51 -51 -131 131 262
102 51 0 -131 131 0
102 51 0 -130 130 0
102 51 0 -129 129 0
102 51 0 -128 128 0
102 51 -51 -127 127 254
102 51 0 -127 127 0
102 51 0 -126 126 0
102 51 0 -125 125 0
102 51 0 -124 124 0
102 51 -51 -123 123 246
102 51 0 -123 123 0
102 51 0 -122 122 0
102 51 0 -121 121 0
102 51 0 -120 120 0
102 51 -51 -119 119 238
102 51 0 -119 119 0
102 51 0 -118 118 0
102 51 0 -117 117 0
102 51 0 -116 116 0
102 51 -51 -115 115 230
102 51 0 -115 115 0
102 51 0 -114 114 0
102 51 0 -113 113 0
102 51 0 -112 112 0
102 51 -51 -111 111 222
102 51 0 -111 111 0
102 51 0 -110 110 0
102 51 0 -109 109 0
102 51 0 -108 108 0
102 51 -51 -107 107 214
102 51 0 -107 107 0
102 51 0 -106 106 0
102 51 0 -105 105 0
102 51 0 -104 104 0
102 51 -51 -103 103 206
102 51 0 -103 103 0
102 51 0 -102 102 0
102 51 0 -101 101 0
102 51 0 -100 100 0
102 51 -51 -99 99 198
102 51 0 -99 99 0
102 51 0 -98 98 0
102 51 0 -97 97 0
102 51 0 -96 96 0
102 51 -51 -95 95 190
102 51 0 -95 95 0
102 51 0 -94 94 0
102 51 0 -93 93 0
102 51 0 -92 92 0
102 51 -51 -91 91 182
102 51 0 -91 91 0
102 51 0 -90 90 0
102 51 0 -89 89 0
102 51 0 -88 88 0
102 51 -51 -87 87 174
102 51 0 -87 87 0
102 51 0 -86 86 0
102 51 0 -85 85 0
102 51 0 -84 84 0
102 51 -51 -83 83 166
102 51 0 -83 83 0
102 51 0 -82 82 0
102 51 0 -81 81 0
102 51 0 -80 80 0
102 51 -51 -79 79 158
102 51 0 -79 79 0
102 51 0 -78 78 0
102 51 0 -77 77 0
102 51 1 -77 77 154
102 51 0 -76 76 0
102 51 -51 -75 75 150
102 51 0 -75 75 0
102 51 0 -74 74 0
102 51 0 -73 73 0
102 51 0 -72 72 0
102 51 -51 -71 71 142
102 51 0 -71 71 0
102 51 0 -70 70 0
102 51 0 -69 69 0
102 51 0 -68 68 0
102 51 -51 -67 67 134
102 51 0 -67 67 0
102 51 0 -66 66 0
102 51 0 -65 65 0
102 51 0 -64 64 0
102 51 -51 -63 63 126
102 51 0 -63 63 0
102 51 0 -62 62 0
102 51 0 -61 61 0
102 51 0 -60 60 0
102 51 -51 -59 59 118
102 51 0 -59 59 0
102 51 0 -58 58 0
102 51 0 -57 57 0
102 51 0 -56 56 0
102 51 -51 -55 55 110
102 51 0 -55 55 0
102 51 0 -54 54 0
102 51 0 -53 53 0
102 51 0 -52 52 0
102 51 -51 -51 51 102
102 51 0 -51 51 0
102 51 0 -50 50 0
102 51 0 -49 49 0
102 51 0 -48 48 0
102 51 -51 -47 47 94
102 51 0 -47 47 0
102 51 0 -46 46 0
102 51 0 -45 45 0
102 51 0 -44 44 0
102 51 -51 -43 43 86
102 51 0 -43 43 0
102 51 0 -42 42 0
102 51 0 -41 41 0
102 51 0 -40 40 0
102 51 -51 -39 39 78
102 51 0 -39 39 0
102 51 0 -38 38 0
102 51 0 -37 37 0
102 51 0 -36 36 0
102 51 -51 -35 35 70
102 51 0 -35 35 0
102 51 0 -34 34 0
102 51 0 -33 33 0
102 51 0 -32 32 0
102 51 -51 -31 31 62
102 51 0 -31 31 0
102 51 0 -30 30 0
102 51 0 -29 29 0
102 51 0 -28 28 0
102 51 -51 -27 27 54
102 51 0 -27 27 0
102 51 0 -26 26 0
102 51 0 -25 25 0
102 51 0 -24 24 0
102 51 -51 -23 23 46
102 51 0 -23 23 0
102 51 0 -22 22 0
102 51 0 -21 21 0
102 51 0 -20 20 0
102 51 -51 -19 19 38
102 51 0 -19 19 0
102 51 0 -18 18 0
102 51 0 -17 17 0
102 51 0 -16 16 0
102 51 -51 -15 15 30
102 51 0 -15 15 0
102 51 0 -14 14 0
102 51 0 -13 13 0
102 51 0 -12 12 0
102 51 -51 -11 11 22
102 51 0 -11 11 0
102 51 0 -10 10 0
102 51 0 -9 9 0
102 51 0 -8 8 0
102 51 -51 -7 7 14
102 51 0 -7 7 0
102 51 0 -6 6 0
102 51 0 -5 5 0
102 51 0 -4 4 0
102 51 -51 -3 3 6
102 51 0 -3 3 0
102 51 0 -2 2 0
102 51 0 -1 1 0
102 51 -51 1 -1 -2
102 51 0 1 -1 0
102 51 0 2 -2 0
102 51 0 3 -3 0
102 51 0 4 -4 0
102 51 -51 5 -5 -10
102 51 0 5 -5 0
102 51 0 6 -6 0
102 51 0 7 -7 0
102 51 0 8 -8 0
102 51 -51 9 -9 -18
102 51 0 9 -9 0
102 51 0 10 -10 0
102 51 0 11 -11 0
102 51 0 12 -12 0
102 51 -51 13 -13 -26
102 51 0 13 -13 0
102 51 0 14 -14 0
102 51 0 15 -15 0
102 51 0 16 -16 0
102 51 -51 17 -17 -34
102 51 0 17 -17 0
102 51 0 18 -18 0
102 51 0 19 -19 0
102 51 0 20 -20 0
102 51 -51 21 -21 -42
102 51 0 21 -21 0
102 51 0 22 -22 0
102 51 0 23 -23 0
102 51 0 24 -24 0
102 51 -51 25 -25 -50
102 51 0 25 -25 0
102 51 0 26 -26 0
102 51 0 27 -27 0
102 51 0 28 -28 0
102 51 -51 29 -29 -58
102 51 0 29 -29 0
102 51 0 30 -30 0
102 51 0 31 -31 0
102 51 0 32 -32 0
102 51 -51 33 -33 -66
102 51 0 33 -33 0
102 51 0 34 -34 0
102 51 0 35 -35 0
102 51 0 36 -36 0
102 51 -51 37 -37 -74
102 51 0 37 -37 0
102 51 0 38 -38 0
102 51 0 39 -39 0
102 51 0 40 -40 0
102 51 -51 41 -41 -82
102 51 0 41 -41 0
102 51 0 42 -42 0
102 51 0 43 -43 0
102 51 0 44 -44 0
102 51 -51 45 -45 -90
102 51 0 45 -45 0
102 51 0 46 -46 0
102 51 0 47 -47 0
102 51 0 48 -48 0
102 51 -51 49 -49 -98
102 51 0 49 -49 0
102 51 0 50 -50 0
102 51 0 51 -51 0
102 51 0 52 -52 0
102 51 -51 53 -53 -106
102 51 0 53 -53 0
102 51 0 54 -54 0
102 51 0 55 -55 0
102 51 0 56 -56 0
102 51 -51 57 -57 -114
102 51 0 57 -57 0
102 51 0 58 -58 0
102 51 0 59 -59 0
102 51 0 60 -60 0
102 51 -51 61 -61 -122
102 51 0 61 -61 0
102 51 0 62 -62 0
102 51 0 63 -63 0
102 51 0 64 -64 0
102 51 -51 65 -65 -130
102 51 0 65 -65 0
102 51 0 66 -66 0
102 51 0 67 -67 0
102 51 0 68 -68 0
102 51 -51 69 -69 -138
102 51 0 69 -69 0
102 51 0 70 -70 0
102 51 0 71 -71 0
102 51 0 72 -72 0
102 51 -51 73 -73 -146
102 51 0 73 -73 0
102 51 0 74 -74 0
102 51 0 75 -75 0
102 51 -1 76 -76 -152
102 51 0 76 -76 0
102 51 -51 77 -77 -154
102 51 0 77 -77 0
102 51 0 78 -78 0
102 51 0 79 -79 0
102 51 0 80 -80 0
102 51 -51 81 -81 -162
102 51 0 81 -81 0
102 51 0 82 -82 0
102 51 0 83 -83 0
102 51 0 84 -84 0
102 51 -51 85 -85 -170
102 51 0 85 -85 0
102 51 0 86 -86 0
102 51 0 87 -87 0
102 51 0 88 -88 0
102 51 -51 89 -89 -178
102 51 0 89 -89 0
102 51 0 90 -90 0
102 51 0 91 -91 0
102 51 0 92 -92 0
102 51 -51 93 -93 -186
102 51 0 93 -93 0
102 51 0 94 -94 0
102 51 0 95 -95 0
102 51 0 96 -96 0
102 51 -51 97 -97 -194
102 51 0 97 -97 0
102 51 0 98 -98 0
102 51 0 99 -99 0
102 51 0 100 -100 0
102 51 -51 101 -101 -202
102 51 0 101 -101 0
102 51 0 102 -102 0
102 51 0 103 -103 0
102 51 0 104 -104 0
102 51 -51 105 -105 -210
102 51 0 105 -105 0
102 51 0 106 -106 0
102 51 0 107 -107 0
102 51 0 108 -108 0
102 51 -51 109 -109 -218
102 51 0 109 -109 0
102 51 0 110 -110 0
102 51 0 111 -111 0
102 51 0 112 -112 0
102 51 -51 113 -113 -226
102 51 0 113 -113 0
102 51 0 114 -114 0
102 51 0 115 -115 0
102 51 0 116 -116 0
102 51 -51 117 -117 -234
102 51 0 117 -117 0
102 51 0 118 -118 0
102 51 0 119 -119 0
102 51 0 120 -120 0
102 51 -51 121 -121 -242
102 51 0 121 -121 0
102 51 0 122 -122 0
102 51 0 123 -123 0
102 51 0 124 -124 0
102 51 -51 125 -125 -250
102 51 0 125 -125 0
102 51 0 126 -126 0
102 51 0 127 -127 0
102 51 0 128 -128 0
102 51 -51 129 -129 -258
102 51 0 129 -129 0
102 51 0 130 -130 0
102 51 0 131 -131 0
102 51 0 132 -132 0
102 51 -51 133 -133 -266
102 51 0 133 -133 0
102 51 0 134 -134 0
102 51 0 135 -135 0
102 51 0 136 -136 0
102 51 -51 137 -137 -274
102 51 0 137 -137 0
102 51 0 138 -138 0
102 51 0 139 -139 0
102 51 0 140 -140 0
102 51 -51 141 -141 -282
102 51 0 141 -141 0
102 51 0 142 -142 0
102 51 0 143 -143 0
102 51 0 144 -144 0
102 51 -51 145 -145 -290
102 51 0 145 -145 0
102 51 0 146 -146 0
102 51 0 147 -147 0
102 51 0 148 -148 0
102 51 -51 149 -149 -298
102 51 0 149 -149 0
102 51 0 150 -150 0
104 52 0 -150 150 0
104 52 0 -149 149 0
104 52 -52 -148 148 296
104 52 0 -148 148 0
104 52 0 -147 147 0
104 52 0 -146 146 0
104 52 0 -145 145 0
104 52 -52 -144 144 288
104 52 0 -144 144 0
104 52 0 -143 143 0
104 52 0 -142 142 0
104 52 0 -141 141 0
104 52 -52 -140 140 280
104 52 0 -140 140 0
104 52 0 -139 139 0
104 52 0 -138 138 0
104 52 0 -137 137 0
104 52 -52 -136 136 272
104 52 0 -136 136 0
104 52 0 -135 135 0
104 52 0 -134 134 0
104 52 0 -133 133 0
104 52 -52 -132 132 264
104 52 0 -132 132 0
104 52 0 -131 131 0
104 52 0 -130 130 0
104 52 0 -129 129 0
104 52 -52 -128 128 256
104 52 0 -128 128 0
104 52 0 -127 127 0
104 52 0 -126 126 0
104 52 0 -125 125 0
104 52 -52 -124 124 248
104 52 0 -124 124 0
104 52 0 -123 123 0
104 52 0 -122 122 0
104 52 0 -121 121 0
104 52 -52 -120 120 240
104 52 0 -120 120 0
104 52 0 -119 119 0
104 52 0 -118 118 0
104 52 0 -117 117 0
104 52 -52 -116 116 232
104 52 0 -116 116 0
104 52 0 -115 115 0
104 52 0 -114 114 0
104 52 0 -113 113 0
104 52 -52 -112 112 224
104 52 0 -112 112 0
104 52 0 -111 111 0
104 52 0 -110 110 0
104 52 0 -109 109 0
104 52 -52 -108 108 216
104 52 0 -108 108 0
104 52 0 -107 107 0
104 52 0 -106 106 0
104 52 0 -105 105 0
104 52 -52 -104 104 208
104 52 0 -104 104 0
104 52 0 -103 103 0
104 52 0 -102 102 0
104 52 0 -101 101 0
104 52 -52 -100 100 200
104 52 0 -100 100 0
104 52 0 -99 99 0
104 52 0 -98 98 0
104 52 0 -97 97 0
104 52 -52 -96 96 192
104 52 0 -96 96 0
104 52 0 -95 95 0
104 52 0 -94 94 0
104 52 0 -93 93 0
104 52 -52 -92 92 184
104 52 0 -92 92 0
104 52 0 -91 91 0
104 52 0 -90 90 0
104 52 0 -89 89 0
104 52 -52 -88 88 176
104 52 0 -88 88 0
104 52 0 -87 87 0
104 52 0 -86 86 0
104 52 0 -85 85 0
104 52 -52 -84 84 168
104 52 0 -84 84 0
104 52 0 -83 83 0
104 52 0 -82 82 0
104 52 0 -81 81 0
104 52 -52 -80 80 160
104 52 0 -80 80 0
104 52 0 -79 79 0
104 52 0 -78 78 0
104 52 0 -77 77 0
104 52 -52 -76 76 152
104 52 0 -76 76 0
104 52 0 -75 75 0
104 52 0 -74 74 0
104 52 0 -73 73 0
104 52 -52 -72 72 144
104 52 0 -72 72 0
104 52 0 -71 71 0
104 52 0 -70 70 0
104 52 0 -69 69 0
104 52 -52 -68 68 136
104 52 0 -68 68 0
104 52 0 -67 67 0
104 52 0 -66 66 0
104 52 0 -65 65 0
104 52 -52 -64 64 128
104 52 0 -64 64 0
104 52 0 -63 63 0
104 52 0 -62 62 0
104 52 0 -61 61 0
104 52 -52 -60 60 120
104 52 0 -60 60 0
104 52 0 -59 59 0
104 52 0 -58 58 0
104 52 0 -57 57 0
104 52 -52 -56 56 112
104 52 0 -56 56 0
104 52 0 -55 55 0
104 52 0 -54 54 0
104 52 0 -53 53 0
104 52 -52 -52 52 104
104 52 0 -52 52 0
104 52 0 -51 51 0
104 52 0 -50 50 0
104 52 0 -49 49 0
104 52 -52 -48 48 96
104 52 0 -48 48 0
104 52 0 -47 47 0
104 52 0 -46 46 0
104 52 0 -45 45 0
104 52 -52 -44 44 88
104 52 0 -44 44 0
104 52 0 -43 43 0
104 52 0 -42 42 0
104 52 0 -41 41 0
104 52 -52 -40 40 80
104 52 0 -40 40 0
104 52 0 -39 39 0
104 52 0 -38 38 0
104 52 0 -37 37 0
104 52 -52 -36 36 72
104 52 0 -36 36 0
104 52 0 -35 35 0
104 52 0 -34 34 0
104 52 0 -33 33 0
104 52 -52 -32 32 64
104 52 0 -32 32 0
104 52 0 -31 31 0
104 52 0 -30 30 0
104 52 0 -29 29 0
104 52 -52 -28 28 56
104 52 0 -28 28 0
104 52 0 -27 27 0
104 52 0 -26 26 0
104 52 0 -25 25 0
104 52 -52 -24 24 48
104 52 0 -24 24 0
104 52 0 -23 23 0
104 52 0 -22 22 0
104 52 0 -21 21 0
104 52 -52 -20 20 40
104 52 0 -20 20 0
104 52 0 -19 19 0
104 52 0 -18 18 0
104 52 0 -17 17 0
104 52 -52 -16 16 32
104 52 0 -16 16 0
104 52 0 -15 15 0
104 52 0 -14 14 0
104 52 0 -13 13 0
104 52 -52 -12 12 24
104 52 0 -12 12 0
104 52 0 -11 11 0
104 52 0 -10 10 0
104 52 0 -9 9 0
104 52 -52 -8 8 16
104 52 0 -8 8 0
104 52 0 -7 7 0
104 52 0 -6 6 0
104 52 0 -5 5 0
104 52 -52 -4 4 8
104 52 0 -4 4 0
104 52 0 -3 3 0
104 52 0 -2 2 0
104 52 0 -1 1 0
104 52 0 1 -1 0
104 52 0 2 -2 0
104 52 0 3 -3 0
104 52 -52 4 -4 -8
104 52 0 4 -4 0
104 52 0 5 -5 0
104 52 0 6 -6 0
104 52 0 7 -7 0
104 52 -52 8 -8 -16
104 52 0 8 -8 0
104 52 0 9 -9 0
104 52 0 10 -10 0
104 52 0 11 -11 0
104 52 -52 12 -12 -24
104 52 0 12 -12 0
104 52 0 13 -13 0
104 52 0 14 -14 0
104 52 0 15 -15 0
104 52 -52 16 -16 -32
104 52 0 16 -16 0
104 52 0 17 -17 0
104 52 0 18 -18 0
104 52 0 19 -19 0
104 52 -52 20 -20 -40
104 52 0 20 -20 0
104 52 0 21 -21 0
104 52 0 22 -22 0
104 52 0 23 -23 0
104 52 -52 24 -24 -48
104 52 0 24 -24 0
104 52 0 25 -25 0
104 52 0 26 -26 0
104 52 0 27 -27 0
104 52 -52 28 -28 -56
104 52 0 28 -28 0
104 52 0 29 -29 0
104 52 0 30 -30 0
104 52 0 31 -31 0
104 52 -52 32 -32 -64
104 52 0 32 -32 0
104 52 0 33 -33 0
104 52 0 34 -34 0
104 52 0 35 -35 0
104 52 -52 36 -36 -72
104 52 0 36 -36 0
104 52 0 37 -37 0
104 52 0 38 -38 0
104 52 0 39 -39 0
104 52 -52 40 -40 -80
104 52 0 40 -40 0
104 52 0 41 -41 0
104 52 0 42 -42 0
104 52 0 43 -43 0
104 52 -52 44 -44 -88
104 52 0 44 -44 0
104 52 0 45 -45 0
104 52 0 46 -46 0
104 52 0 47 -47 0
104 52 -52 48 -48 -96
104 52 0 48 -48 0
104 52 0 49 -49 0
104 52 0 50 -50 0
104 52 0 51 -51 0
104 52 -52 52 -52 -104
104 52 0 52 -52 0
104 52 0 53 -53 0
104 52 0 54 -54 0
104 52 0 55 -55 0
104 52 -52 56 -56 -112
104 52 0 56 -56 0
104 52 0 57 -57 0
104 52 0 58 -58 0
104 52 0 59 -59 0
104 52 -52 60 -60 -120
104 52 0 60 -60 0
104 52 0 61 -61 0
104 52 0 62 -62 0
104 52 0 63 -63 0
104 52 -52 64 -64 -128
104 52 0 64 -64 0
104 52 0 65 -65 0
104 52 0 66 -66 0
104 52 0 67 -67 0
104 52 -52 68 -68 -136
104 52 0 68 -68 0
104 52 0 69 -69 0
104 52 0 70 -70 0
104 52 0 71 -71 0
104 52 -52 72 -72 -144
104 52 0 72 -72 0
104 52 0 73 -73 0
104 52 0 74 -74 0
104 52 0 75 -75 0
104 52 -52 76 -76 -152
104 52 0 76 -76 0
104 52 0 77 -77 0
104 52 0 78 -78 0
104 52 0 79 -79 0
104 52 -52 80 -80 -160
104 52 0 80 -80 0
104 52 0 81 -81 0
104 52 0 82 -82 0
104 52 0 83 -83 0
104 52 -52 84 -84 -168
104 52 0 84 -84 0
104 52 0 85 -85 0
104 52 0 86 -86 0
104 52 0 87 -87 0
104 52 -52 88 -88 -176
104 52 0 88 -88 0
104 52 0 89 -89 0
104 52 0 90 -90 0
104 52 0 91 -91 0
104 52 -52 92 -92 -184
104 52 0 92 -92 0
104 52 0 93 -93 0
104 52 0 94 -94 0
104 52 0 95 -95 0
104 52 -52 96 -96 -192
104 52 0 96 -96 0
104 52 0 97 -97 0
104 52 0 98 -98 0
104 52 0 99 -99 0
104 52 -52 100 -100 -200
104 52 0 100 -100 0
104 52 0 101 -101 0
104 52 0 102 -102 0
104 52 0 103 -103 0
104 52 -52 104 -104 -208
104 52 0 104 -104 0
104 52 0 105 -105 0
104 52 0 106 -106 0
104 52 0 107 -107 0
104 52 -52 108 -108 -216
104 52 0 108 -108 0
104 52 0 109 -109 0
104 52 0 110 -110 0
104 52 0 111 -111 0
104 52 -52 112 -112 -224
104 52 0 112 -112 0
104 52 0 113 -113 0
104 52 0 114 -114 0
104 52 0 115 -115 0
104 52 -52 116 -116 -232
104 52 0 116 -116 0
104 52 0 117 -117 0
104 52 0 118 -118 0
104 52 0 119 -119 0
104 52 -52 120 -120 -240
104 52 0 120 -120 0
104 52 0 121 -121 0
104 52 0 122 -122 0
104 52 0 123 -123 0
104 52 -52 124 -124 -248
104 52 0 124 -124 0
104 52 0 125 -125 0
104 52 0 126 -126 0
104 52 0 127 -127 0
104 52 -52 128 -128 -256
104 52 0 128 -128 0
104 52 0 129 -129 0
104 52 0 130 -130 0
104 52 0 131 -131 0
104 52 -52 132 -132 -264
104 52 0 132 -132 0
104 52 0 133 -133 0
104 52 0 134 -134 0
104 52 0 135 -135 0
104 52 -52 136 -136 -272
104 52 0 136 -136 0
104 52 0 137 -137 0
104 52 0 138 -138 0
104 52 0 139 -139 0
104 52 -52 140 -140 -280
104 52 0 140 -140 0
104 52 0 141 -141 0
104 52 0 142 -142 0
104 52 0 143 -143 0
104 52 -52 144 -144 -288
104 52 0 144 -144 0
104 52 0 145 -145 0
104 52 0 146 -146 0
104 52 0 147 -147 0
104 52 -52 148 -148 -296
104 52 0 148 -148 0
104 52 0 149 -149 0
104 52 0 150 -150 0
106 53 0 -150 150 0
106 53 0 -149 149 0
106 53 0 -148 148 0
106 53 -53 -147 147 294
106 53 0 -147 147 0
106 53 0 -146 146 0
106 53 0 -145 145 0
106 53 0 -144 144 0
106 53 -53 -143 143 286
106 53 0 -143 143 0
106 53 0 -142 142 0
106 53 0 -141 141 0
106 53 0 -140 140 0
106 53 -53 -139 139 278
106 53 0 -139 139 0
106 53 0 -138 138 0
106 53 0 -137 137 0
106 53 0 -136 136 0
106 53 -53 -135 135 270
106 53 0 -135 135 0
106 53 0 -134 134 0
106 53 0 -133 133 0
106 53 0 -132 132 0
106 53 -53 -131 131 262
106 53 0 -131 131 0
106 53 0 -130 130 0
106 53 0 -129 129 0
106 53 0 -128 128 0
106 53 -53 -127 127 254
106 53 0 -127 127 0
106 53 0 -126 126 0
106 53 0 -125 125 0
106 53 0 -124 124 0
106 53 -53 -123 123 246
106 53 0 -123 123 0
106 53 0 -122 122 0
106 53 0 -121 121 0
106 53 0 -120 120 0
106 53 -53 -119 119 238
106 53 0 -119 119 0
106 53 0 -118 118 0
106 53 0 -117 117 0
106 53 0 -116 116 0
106 53 -53 -115 115 230
106 53 0 -115 115 0
106 53 0 -114 114 0
106 53 0 -113 113 0
106 53 0 -112 112 0
106 53 -53 -111 111 222
106 53 0 -111 111 0
106 53 0 -110 110 0
106 53 0 -109 109 0
106 53 0 -108 108 0
106 53 -53 -107 107 214
106 53 0 -107 107 0
106 53 0 -106 106 0
106 53 0 -105 105 0
106 53 0 -104 104 0
106 53 -53 -103 103 206
106 53 0 -103 103 0
106 53 0 -102 102 0
106 53 0 -101 101 0
106 53 0 -100 100 0
106 53 -53 -99 99 198
106 53 0 -99 99 0
106 53 0 -98 98 0
106 53 0 -97 97 0
106 53 0 -96 96 0
106 53 -53 -95 95 190
106 53 0 -95 95 0
106 53 0 -94 94 0
106 53 0 -93 93 0
106 53 0 -92 92 0
106 53 -53 -91 91 182
106 53 0 -91 91 0
106 53 0 -90 90 0
106 53 0 -89 89 0
106 53 0 -88 88 0
106 53 -53 -87 87 174
106 53 0 -87 87 0
106 53 0 -86 86 0
106 53 0 -85 85 0
106 53 0 -84 84 0
106 53 -53 -83 83 166
106 53 0 -83 83 0
106 53 0 -82 82 0
106 53 0 -81 81 0
106 53 0 -80 80 0
106 53 1 -80 80 160
106 53 -53 -79 79 158
106 53 0 -79 79 0
106 53 0 -78 78 0
106 53 0 -77 77 0
106 53 0 -76 76 0
106 53 -53 -75 75 150
106 53 0 -75 75 0
106 53 0 -74 74 0
106 53 0 -73 73 0
106 53 0 -72 72 0
106 53 -53 -71 71 142
106 53 0 -71 71 0
106 53 0 -70 70 0
106 53 0 -69 69 0
106 53 0 -68 68 0
106 53 -53 -67 67 134
106 53 0 -67 67 0
106 53 0 -66 66 0
106 53 0 -65 65 0
106 53 0 -64 64 0
106 53 -53 -63 63 126
106 53 0 -63 63 0
106 53 0 -62 62 0
106 53 0 -61 61 0
106 53 0 -60 60 0
106 53 -53 -59 59 118
106 53 0 -59 59 0
106 53 0 -58 58 0
106 53 0 -57 57 0
106 53 0 -56 56 0
106 53 -53 -55 55 110
106 53 0 -55 55 0
106 53 0 -54 54 0
106 53 0 -53 53 0
106 53 0 -52 52 0
106 53 -53 -51 51 102
106 53 0 -51 51 0
106 53 0 -50 50 0
106 53 0 -49 49 0
106 53 0 -48 48 0
106 53 -53 -47 47 94
106 53 0 -47 47 0
106 53 0 -46 46 0
106 53 0 -45 45 0
106 53 0 -44 44 0
106 53 -53 -43 43 86
106 53 0 -43 43 0
106 53 0 -42 42 0
106 53 0 -41 41 0
106 53 0 -40 40 0
106 53 -53 -39 39 78
106 53 0 -39 39 0
106 53 0 -38 38 0
106 53 0 -37 37 0
106 53 0 -36 36 0
106 53 -53 -35 35 70
106 53 0 -35 35 0
106 53 0 -34 34 0
106 53 0 -33 33 0
106 53 0 -32 32 0
106 53 -53 -31 31 62
106 53 0 -31 31 0
106 53 0 -30 30 0
106 53 0 -29 29 0
106 53 0 -28 28 0
106 53 -53 -27 27 54
106 53 0 -27 27 0
106 53 0 -26 26 0
106 53 0 -25 25 0
106 53 0 -24 24 0
106 53 -53 -23 23 46
106 53 0 -23 23 0
106 53 0 -22 22 0
106 53 0 -21 21 0
106 53 0 -20 20 0
106 53 -53 -19 19 38
106 53 0 -19 19 0
106 53 0 -18 18 0
106 53 0 -17 17 0
106 53 0 -16 16 0
106 53 -53 -15 15 30
106 53 0 -15 15 0
106 53 0 -14 14 0
106 53 0 -13 13 0
106 53 0 -12 12 0
106 53 -53 -11 11 22
106 53 0 -11 11 0
106 53 0 -10 10 0
106 53 0 -9 9 0
106 53 0 -8 8 0
106 53 -53 -7 7 14
106 53 0 -7 7 0
106 53 0 -6 6 0
106 53 0 -5 5 0
106 53 0 -4 4 0
106 53 -53 -3 3 6
106 53 0 -3 3 0
106 53 0 -2 2 0
106 53 0 -1 1 0
106 53 -53 1 -1 -2
106 53 0 1 -1 0
106 53 0 2 -2 0
106 53 0 3 -3 0
106 53 0 4 -4 0
106 53 -53 5 -5 -10
106 53 0 5 -5 0
106 53 0 6 -6 0
106 53 0 7 -7 0
106 53 0 8 -8 0
106 53 -53 9 -9 -18
106 53 0 9 -9 0
106 53 0 10 -10 0
106 53 0 11 -11 0
106 53 0 12 -12 0
106 53 -53 13 -13 -26
106 53 0 13 -13 0
106 53 0 14 -14 0
106 53 0 15 -15 0
106 53 0 16 -16 0
106 53 -53 17 -17 -34
106 53 0 17 -17 0
106 53 0 18 -18 0
106 53 0 19 -19 0
106 53 0 20 -20 0
106 53 -53 21 -21 -42
106 53 0 21 -21 0
106 53 0 22 -22 0
106 53 0 23 -23 0
106 53 0 24 -24 0
106 53 -53 25 -25 -50
106 53 0 25 -25 0
106 53 0 26 -26 0
106 53 0 27 -27 0
106 53 0 28 -28 0
106 53 -53 29 -29 -58
106 53 0 29 -29 0
106 53 0 30 -30 0
106 53 0 31 -31 0
106 53 0 32 -32 0
106 53 -53 33 -33 -66
106 53 0 33 -33 0
106 53 0 34 -34 0
106 53 0 35 -35 0
106 53 0 36 -36 0
106 53 -53 37 -37 -74
106 53 0 37 -37 0
106 53 0 38 -38 0
106 53 0 39 -39 0
106 53 0 40 -40 0
106 53 -53 41 -41 -82
106 53 0 41 -41 0
106 53 0 42 -42 0
106 53 0 43 -43 0
106 53 0 44 -44 0
106 53 -53 45 -45 -90
106 53 0 45 -45 0
106 53 0 46 -46 0
106 53 0 47 -47 0
106 53 0 48 -48 0
106 53 -53 49 -49 -98
106 53 0 49 -49 0
106 53 0 50 -50 0
106 53 0 51 -51 0
106 53 0 52 -52 0
106 53 -53 53 -53 -106
106 53 0 53 -53 0
106 53 0 54 -54 0
106 53 0 55 -55 0
106 53 0 56 -56 0
106 53 -53 57 -57 -114
106 53 0 57 -57 0
106 53 0 58 -58 0
106 53 0 59 -59 0
106 53 0 60 -60 0
106 53 -53 61 -61 -122
106 53 0 61 -61 0
106 53 0 62 -62 0
106 53 0 63 -63 0
106 53 0 64 -64 0
106 53 -53 65 -65 -130
106 53 0 65 -65 0
106 53 0 66 -66 0
106 53 0 67 -67 0
106 53 0 68 -68 0
106 53 -53 69 -69 -138
106 53 0 69 -69 0
106 53 0 70 -70 0
106 53 0 71 -71 0
106 53 0 72 -72 0
106 53 -53 73 -73 -146
106 53 0 73 -73 0
106 53 0 74 -74 0
106 53 0 75 -75 0
106 53 0 76 -76 0
106 53 -53 77 -77 -154
106 53 0 77 -77 0
106 53 0 78 -78 0
106 53 -1 79 -79 -158
106 53 0 79 -79 0
106 53 0 80 -80 0
106 53 -53 81 -81 -162
106 53 0 81 -81 0
106 53 0 82 -82 0
106 53 0 83 -83 0
106 53 0 84 -84 0
106 53 -53 85 -85 -170
106 53 0 85 -85 0
106 53 0 86 -86 0
106 53 0 87 -87 0
106 53 0 88 -88 0
106 53 -53 89 -89 -178
106 53 0 89 -89 0
106 53 0 90 -90 0
106 53 0 91 -91 0
106 53 0 92 -92 0
106 53 -53 93 -93 -186
106 53 0 93 -93 0
106 53 0 94 -94 0
106 53 0 95 -95 0
106 53 0 96 -96 0
106 53 -53 97 -97 -194
106 53 0 97 -97 0
106 53 0 98 -98 0
106 53 0 99 -99 0
106 53 0 100 -100 0
106 53 -53 101 -101 -202
106 53 0 101 -101 0
106 53 0 102 -102 0
106 53 0 103 -103 0
106 53 0 104 -104 0
106 53 -53 105 -105 -210
106 53 0 105 -105 0
106 53 0 106 -106 0
106 53 0 107 -107 0
106 53 0 108 -108 0
106 53 -53 109 -109 -218
106 53 0 109 -109 0
106 53 0 110 -110 0
106 53 0 111 -111 0
106 53 0 112 -112 0
106 53 -53 113 -113 -226
106 53 0 113 -113 0
106 53 0 114 -114 0
106 53 0 115 -115 0
106 53 0 116 -116 0
106 53 -53 117 -117 -234
106 53 0 117 -117 0
106 53 0 118 -118 0
106 53 0 119 -119 0
106 53 0 120 -120 0
106 53 -53 121 -121 -242
106 53 0 121 -121 0
106 53 0 122 -122 0
106 53 0 123 -123 0
106 53 0 124 -124 0
106 53 -53 125 -125 -250
106 53 0 125 -125 0
106 53 0 126 -126 0
106 53 0 127 -127 0
106 53 0 128 -128 0
106 53 -53 129 -129 -258
106 53 0 129 -129 0
106 53 0 130 -130 0
106 53 0 131 -131 0
106 53 0 132 -132 0
106 53 -53 133 -133 -266
106 53 0 133 -133 0
106 53 0 134 -134 0
106 53 0 135 -135 0
106 53 0 136 -136 0
106 53 -53 137 -137 -274
106 53 0 137 -137 0
106 53 0 138 -138 0
106 53 0 139 -139 0
106 53 0 140 -140 0
106 53 -53 141 -141 -282
106 53 0 141 -141 0
106 53 0 142 -142 0
106 53 0 143 -143 0
106 53 0 144 -144 0
106 53 -53 145 -145 -290
106 53 0 145 -145 0
106 53 0 146 -146 0
106 53 0 147 -147 0
106 53 0 148 -148 0
106 53 -53 149 -149 -298
106 53 0 149 -149 0
106 53 0 150 -150 0
108 54 0 -150 150 0
108 54 0 -149 149 0
108 54 -54 -148 148 296
108 54 0 -148 148 0
108 54 0 -147 147 0
108 54 0 -146 146 0
108 54 0 -145 145 0
108 54 -54 -144 144 288
108 54 0 -144 144 0
108 54 0 -143 143 0
108 54 0 -142 142 0
108 54 0 -141 141 0
108 54 -54 -140 140 280
108 54 0 -140 140 0
108 54 0 -139 139 0
108 54 0 -138 138 0
108 54 0 -137 137 0
108 54 -54 -136 136 272
108 54 0 -136 136 0
108 54 0 -135 135 0
108 54 0 -134 134 0
108 54 0 -133 133 0
108 54 -54 -132 132 264
108 54 0 -132 132 0
108 54 0 -131 131 0
108 54 0 -130 130 0
108 54 0 -129 129 0
108 54 -54 -128 128 256
108 54 0 -128 128 0
108 54 0 -127 127 0
108 54 0 -126 126 0
108 54 0 -125 125 0
108 54 -54 -124 124 248
108 54 0 -124 124 0
108 54 0 -123 123 0
108 54 0 -122 122 0
108 54 0 -121 121 0
108 54 -54 -120 120 240
108 54 0 -120 120 0
108 54 0 -119 119 0
108 54 0 -118 118 0
108 54 0 -117 117 0
108 54 -54 -116 116 232
108 54 0 -116 116 0
108 54 0 -115 115 0
108 54 0 -114 114 0
108 54 0 -113 113 0
108 54 -54 -112 112 224
108 54 0 -112 112 0
108 54 0 -111 111 0
108 54 0 -110 110 0
108 54 0 -109 109 0
108 54 -54 -108 108 216
108 54 0 -108 108 0
108 54 0 -107 107 0
108 54 0 -106 106 0
108 54 0 -105 105 0
108 54 -54 -104 104 208
108 54 0 -104 104 0
108 54 0 -103 103 0
108 54 0 -102 102 0
108 54 0 -101 101 0
108 54 -54 -100 100 200
108 54 0 -100 100 0
108 54 0 -99 99 0
108 54 0 -98 98 0
108 54 0 -97 97 0
108 54 -54 -96 96 192
108 54 0 -96 96 0
108 54 0 -95 95 0
108 54 0 -94 94 0
108 54 0 -93 93 0
108 54 -54 -92 92 184
108 54 0 -92 92 0
108 54 0 -91 91 0
108 54 0 -90 90 0
108 54 0 -89 89 0
108 54 -54 -88 88 176
108 54 0 -88 88 0
108 54 0 -87 87 0
108 54 0 -86 86 0
108 54 0 -85 85 0
108 54 -54 -84 84 168
108 54 0 -84 84 0
108 54 0 -83 83 0
108 54 0 -82 82 0
108 54 0 -81 81 0
108 54 -54 -80 80 160
108 54 0 -80 80 0
108 54 0 -79 79 0
108 54 0 -78 78 0
108 54 0 -77 77 0
108 54 -54 -76 76 152
108 54 0 -76 76 0
108 54 0 -75 75 0
108 54 0 -74 74 0
108 54 0 -73 73 0
108 54 -54 -72 72 144
108 54 0 -72 72 0
108 54 0 -71 71 0
108 54 0 -70 70 0
108 54 0 -69 69 0
108 54 -54 -68 68 136
108 54 0 -68 68 0
108 54 0 -67 67 0
108 54 0 -66 66 0
108 54 0 -65 65 0
108 54 -54 -64 64 128
108 54 0 -64 64 0
108 54 0 -63 63 0
108 54 0 -62 62 0
108 54 0 -61 61 0
108 54 -54 -60 60 120
108 54 0 -60 60 0
108 54 0 -59 59 0
108 54 0 -58 58 0
108 54 0 -57 57 0
108 54 -54 -56 56 112
108 54 0 -56 56 0
108 54 0 -55 55 0
108 54 0 -54 54 0
108 54 0 -53 53 0
108 54 -54 -52 52 104
108 54 0 -52 52 0
108 54 0 -51 51 0
108 54 0 -50 50 0
108 54 0 -49 49 0
108 54 -54 -48 48 96
108 54 0 -48 48 0
108 54 0 -47 47 0
108 54 0 -46 46 0
108 54 0 -45 45 0
108 54 -54 -44 44 88
108 54 0 -44 44 0
108 54 0 -43 43 0
108 54 0 -42 42 0
108 54 0 -41 41 0
108 54 -54 -40 40 80
108 54 0 -40 40 0
108 54 0 -39 39 0
108 54 0 -38 38 0
108 54 0 -37 37 0
108 54 -54 -36 36 72
108 54 0 -36 36 0
108 54 0 -35 35 0
108 54 0 -34 34 0
108 54 0 -33 33 0
108 54 -54 -32 32 64
108 54 0 -32 32 0
108 54 0 -31 31 0
108 54 0 -30 30 0
108 54 0 -29 29 0
108 54 -54 -28 28 56
108 54 0 -28 28 0
108 54 0 -27 27 0
108 54 0 -26 26 0
108 54 0 -25 25 0
108 54 -54 -24 24 48
108 54 0 -24 24 0
108 54 0 -23 23 0
108 54 0 -22 22 0
108 54 0 -21 21 0
108 54 -54 -20 20 40
108 54 0 -20 20 0
108 54 0 -19 19 0
108 54 0 -18 18 0
108 54 0 -17 17 0
108 54 -54 -16 16 32
108 54 0 -16 16 0
108 54 0 -15 15 0
108 54 0 -14 14 0
108 54 0 -13 13 0
108 54 -54 -12 12 24
108 54 0 -12 12 0
108 54 0 -11 11 0
108 54 0 -10 10 0
108 54 0 -9 9 0
108 54 -54 -8 8 16
108 54 0 -8 8 0
108 54 0 -7 7 0
108 54 0 -6 6 0
108 54 0 -5 5 0
108 54 -54 -4 4 8
108 54 0 -4 4 0
108 54 0 -3 3 0
108 54 0 -2 2 0
108 54 0 -1 1 0
108 54 0 1 -1 0
108 54 0 2 -2 0
108 54 0 3 -3 0
108 54 -54 4 -4 -8
108 54 0 4 -4 0
108 54 0 5 -5 0
108 54 0 6 -6 0
108 54 0 7 -7 0
108 54 -54 8 -8 -16
108 54 0 8 -8 0
108 54 0 9 -9 0
108 54 0 10 -10 0
108 54 0 11 -11 0
108 54 -54 12 -12 -24
108 54 0 12 -12 0
108 54 0 13 -13 0
108 54 0 14 -14 0
108 54 0 15 -15 0
108 54 -54 16 -16 -32
108 54 0 16 -16 0
108 54 0 17 -17 0
108 54 0 18 -18 0
108 54 0 19 -19 0
108 54 -54 20 -20 -40
108 54 0 20 -20 0
108 54 0 21 -21 0
108 54 0 22 -22 0
108 54 0 23 -23 0
108 54 -54 24 -24 -48
108 54 0 24 -24 0
108 54 0 25 -25 0
108 54 0 26 -26 0
108 54 0 27 -27 0
108 54 -54 28 -28 -56
108 54 0 28 -28 0
108 54 0 29 -29 0
108 54 0 30 -30 0
108 54 0 31 -31 0
108 54 -54 32 -32 -64
108 54 0 32 -32 0
108 54 0 33 -33 0
108 54 0 34 -34 0
108 54 0 35 -35 0
108 54 -54 36 -36 -72
108 54 0 36 -36 0
108 54 0 37 -37 0
108 54 0 38 -38 0
108 54 0 39 -39 0
108 54 -54 40 -40 -80
108 54 0 40 -40 0
108 54 0 41 -41 0
108 54 0 42 -42 0
108 54 0 43 -43 0
108 54 -54 44 -44 -88
108 54 0 44 -44 0
108 54 0 45 -45 0
108 54 0 46 -46 0
108 54 0 47 -47 0
108 54 -54 48 -48 -96
108 54 0 48 -48 0
108 54 0 49 -49 0
108 54 0 50 -50 0
108 54 0 51 -51 0
108 54 -54 52 -52 -104
108 54 0 52 -52 0
108 54 0 53 -53 0
108 54 0 54 -54 0
108 54 0 55 -55 0
108 54 -54 56 -56 -112
108 54 0 56 -56 0
108 54 0 57 -57 0
108 54 0 58 -58 0
108 54 0 59 -59 0
108 54 -54 60 -60 -120
108 54 0 60 -60 0
108 54 0 61 -61 0
108 54 0 62 -62 0
108 54 0 63 -63 0
108 54 -54 64 -64 -128
108 54 0 64 -64 0
108 54 0 65 -65 0
108 54 0 66 -66 0
108 54 0 67 -67 0
108 54 -54 68 -68 -136
108 54 0 68 -68 0
108 54 0 69 -69 0
108 54 0 70 -70 0
108 54 0 71 -71 0
108 54 -54 72 -72 -144
108 54 0 72 -72 0
108 54 0 73 -73 0
108 54 0 74 -74 0
108 54 0 75 -75 0
108 54 -54 76 -76 -152
108 54 0 76 -76 0
108 54 0 77 -77 0
108 54 0 78 -78 0
108 54 0 79 -79 0
108 54 -54 80 -80 -160
108 54 0 80 -80 0
108 54 0 81 -81 0
108 54 0 82 -82 0
108 54 0 83 -83 0
108 54 -54 84 -84 -168
108 54 0 84 -84 0
108 54 0 85 -85 0
108 54 0 86 -86 0
108 54 0 87 -87 0
108 54 -54 88 -88 -176
108 54 0 88 -88 0
108 54 0 89 -89 0
108 54 0 90 -90 0
108 54 0 91 -91 0
108 54 -54 92 -92 -184
108 54 0 92 -92 0
108 54 0 93 -93 0
108 54 0 94 -94 0
108 54 0 95 -95 0
108 54 -54 96 -96 -192
108 54 0 96 -96 0
108 54 0 97 -97 0
108 54 0 98 -98 0
108 54 0 99 -99 0
108 54 -54 100 -100 -200
108 54 0 100 -100 0
108 54 0 101 -101 0
108 54 0 102 -102 0
108 54 0 103 -103 0
108 54 -54 104 -104 -208
108 54 0 104 -104 0
108 54 0 105 -105 0
108 54 0 106 -106 0
108 54 0 107 -107 0
108 54 -54 108 -108 -216
108 54 0 108 -108 0
108 54 0 109 -109 0
108 54 0 110 -110 0
108 54 0 111 -111 0
108 54 -54 112 -112 -224
108 54 0 112 -112 0
108 54 0 113 -113 0
108 54 0 114 -114 0
108 54 0 115 -115 0
108 54 -54 116 -116 -232
108 54 0 116 -116 0
108 54 0 117 -117 0
108 54 0 118 -118 0
108 54 0 119 -119 0
108 54 -54 120 -120 -240
108 54 0 120 -120 0
108 54 0 121 -121 0
108 54 0 122 -122 0
108 54 0 123 -123 0
108 54 -54 124 -124 -248
108 54 0 124 -124 0
108 54 0 125 -125 0
108 54 0 126 -126 0
108 54 0 127 -127 0
108 54 -54 128 -128 -256
108 54 0 128 -128 0
108 54 0 129 -129 0
108 54 0 130 -130 0
108 54 0 131 -131 0
108 54 -54 132 -132 -264
108 54 0 132 -132 0
108 54 0 133 -133 0
108 54 0 134 -134 0
108 54 0 135 -135 0
108 54 -54 136 -136 -272
108 54 0 136 -136 0
108 54 0 137 -137 0
108 54 0 138 -138 0
108 54 0 139 -139 0
108 54 -54 140 -140 -280
108 54 0 140 -140 0
108 54 0 141 -141 0
108 54 0 142 -142 0
108 54 0 143 -143 0
108 54 -54 144 -144 -288
108 54 0 144 -144 0
108 54 0 145 -145 0
108 54 0 146 -146 0
108 54 0 147 -147 0
108 54 -54 148 -148 -296
108 54 0 148 -148 0
108 54 0 149 -149 0
108 54 0 150 -150 0
110 55 0 -150 150 0
110 55 0 -149 149 0
110 55 0 -148 148 0
110 55 -55 -147 147 294
110 55 0 -147 147 0
110 55 0 -146 146 0
110 55 0 -145 145 0
110 55 0 -144 144 0
110 55 -55 -143 143 286
110 55 0 -143 143 0
110 55 0 -142 142 0
110 55 0 -141 141 0
110 55 0 -140 140 0
110 55 -55 -139 139 278
110 55 0 -139 139 0
110 55 0 -138 138 0
110 55 0 -137 137 0
110 55 0 -136 136 0
110 55 -55 -135 135 270
110 55 0 -135 135 0
110 55 0 -134 134 0
110 55 0 -133 133 0
110 55 0 -132 132 0
110 55 -55 -131 131 262
110 55 0 -131 131 0
110 55 0 -130 130 0
110 55 0 -129 129 0
110 55 0 -128 128 0
110 55 -55 -127 127 254
110 55 0 -127 127 0
110 55 0 -126 126 0
110 55 0 -125 125 0
110 55 0 -124 124 0
110 55 -55 -123 123 246
110 55 0 -123 123 0
110 55 0 -122 122 0
110 55 0 -121 121 0
110 55 0 -120 120 0
110 55 -55 -119 119 238
110 55 0 -119 119 0
110 55 0 -118 118 0
110 55 0 -117 117 0
110 55 0 -116 116 0
110 55 -55 -115 115 230
110 55 0 -115 115 0
110 55 0 -114 114 0
110 55 0 -113 113 0
110 55 0 -112 112 0
110 55 -55 -111 111 222
110 55 0 -111 111 0
110 55 0 -110 110 0
110 55 0 -109 109 0
110 55 0 -108 108 0
110 55 -55 -107 107 214
110 55 0 -107 107 0
110 55 0 -106 106 0
110 55 0 -105 105 0
110 55 0 -104 104 0
110 55 -55 -103 103 206
110 55 0 -103 103 0
110 55 0 -102 102 0
110 55 0 -101 101 0
110 55 0 -100 100 0
110 55 -55 -99 99 198
110 55 0 -99 99 0
110 55 0 -98 98 0
110 55 0 -97 97 0
110 55 0 -96 96 0
110 55 -55 -95 95 190
110 55 0 -95 95 0
110 55 0 -94 94 0
110 55 0 -93 93 0
110 55 0 -92 92 0
110 55 -55 -91 91 182
110 55 0 -91 91 0
110 55 0 -90 90 0
110 55 0 -89 89 0
110 55 0 -88 88 0
110 55 -55 -87 87 174
110 55 0 -87 87 0
110 55 0 -86 86 0
110 55 0 -85 85 0
110 55 0 -84 84 0
110 55 -55 -83 83 166
110 55 0 -83 83 0
110 55 1 -83 83 166
110 55 0 -82 82 0
110 55 0 -81 81 0
110 55 0 -80 80 0
110 55 -55 -79 79 158
110 55 0 -79 79 0
110 55 0 -78 78 0
110 55 0 -77 77 0
110 55 0 -76 76 0
110 55 -55 -75 75 150
110 55 0 -75 75 0
110 55 0 -74 74 0
110 55 0 -73 73 0
110 55 0 -72 72 0
110 55 -55 -71 71 142
110 55 0 -71 71 0
110 55 0 -70 70 0
110 55 0 -69 69 0
110 55 0 -68 68 0
110 55 -55 -67 67 134
110 55 0 -67 67 0
110 55 0 -66 66 0
110 55 0 -65 65 0
110 55 0 -64 64 0
110 55 -55 -63 63 126
110 55 0 -63 63 0
110 55 0 -62 62 0
110 55 0 -61 61 0
110 55 0 -60 60 0
110 55 -55 -59 59 118
110 55 0 -59 59 0
110 55 0 -58 58 0
110 55 0 -57 57 0
110 55 0 -56 56 0
110 55 -55 -55 55 110
110 55 0 -55 55 0
110 55 0 -54 54 0
110 55 0 -53 53 0
110 55 0 -52 52 0
110 55 -55 -51 51 102
110 55 0 -51 51 0
110 55 0 -50 50 0
110 55 0 -49 49 0
110 55 0 -48 48 0
110 55 -55 -47 47 94
110 55 0 -47 47 0
110 55 0 -46 46 0
110 55 0 -45 45 0
110 55 0 -44 44 0
110 55 -55 -43 43 86
110 55 0 -43 43 0
110 55 0 -42 42 0
110 55 0 -41 41 0
110 55 0 -40 40 0
110 55 -55 -39 39 78
110 55 0 -39 39 0
110 55 0 -38 38 0
110 55 0 -37 37 0
110 55 0 -36 36 0
110 55 -55 -35 35 70
110 55 0 -35 35 0
110 55 0 -34 34 0
110 55 0 -33 33 0
110 55 0 -32 32 0
110 55 -55 -31 31 62
110 55 0 -31 31 0
110 55 0 -30 30 0
110 55 0 -29 29 0
110 55 0 -28 28 0
110 55 -55 -27 27 54
110 55 0 -27 27 0
110 55 0 -26 26 0
110 55 0 -25 25 0
110 55 0 -24 24 0
110 55 -55 -23 23 46
110 55 0 -23 23 0
110 55 0 -22 22 0
110 55 0 -21 21 0
110 55 0 -20 20 0
110 55 -55 -19 19 38
110 55 0 -19 19 0
110 55 0 -18 18 0
110 55 0 -17 17 0
110 55 0 -16 16 0
110 55 -55 -15 15 30
110 55 0 -15 15 0
110 55 0 -14 14 0
110 55 0 -13 13 0
110 55 0 -12 12 0
110 55 -55 -11 11 22
110 55 0 -11 11 0
110 55 0 -10 10 0
110 55 0 -9 9 0
110 55 0 -8 8 0
110 55 -55 -7 7 14
110 55 0 -7 7 0
110 55 0 -6 6 0
110 55 0 -5 5 0
110 55 0 -4 4 0
110 55 -55 -3 3 6
110 55 0 -3 3 0
110 55 0 -2 2 0
110 55 0 -1 1 0
110 55 -55 1 -1 -2
110 55 0 1 -1 0
110 55 0 2 -2 0
110 55 0 3 -3 0
110 55 0 4 -4 0
110 55 -55 5 -5 -10
110 55 0 5 -5 0
110 55 0 6 -6 0
110 55 0 7 -7 0
110 55 0 8 -8 0
110 55 -55 9 -9 -18
110 55 0 9 -9 0
110 55 0 10 -10 0
110 55 0 11 -11 0
110 55 0 12 -12 0
110 55 -55 13 -13 -26
110 55 0 13 -13 0
110 55 0 14 -14 0
110 55 0 15 -15 0
110 55 0 16 -16 0
110 55 -55 17 -17 -34
110 55 0 17 -17 0
110 55 0 18 -18 0
110 55 0 19 -19 0
110 55 0 20 -20 0
110 55 -55 21 -21 -42
110 55 0 21 -21 0
110 55 0 22 -22 0
110 55 0 23 -23 0
110 55 0 24 -24 0
110 55 -55 25 -25 -50
110 55 0 25 -25 0
110 55 0 26 -26 0
110 55 0 27 -27 0
110 55 0 28 -28 0
110 55 -55 29 -29 -58
110 55 0 29 -29 0
110 55 0 30 -30 0
110 55 0 31 -31 0
110 55 0 32 -32 0
110 55 -55 33 -33 -66
110 55 0 33 -33 0
110 55 0 34 -34 0
110 55 0 35 -35 0
110 55 0 36 -36 0
110 55 -55 37 -37 -74
110 55 0 37 -37 0
110 55 0 38 -38 0
110 55 0 39 -39 0
110 55 0 40 -40 0
110 55 -55 41 -41 -82
110 55 0 41 -41 0
110 55 0 42 -42 0
110 55 0 43 -43 0
110 55 0 44 -44 0
110 55 -55 45 -45 -90
110 55 0 45 -45 0
110 55 0 46 -46 0
110 55 0 47 -47 0
110 55 0 48 -48 0
110 55 -55 49 -49 -98
110 55 0 49 -49 0
110 55 0 50 -50 0
110 55 0 51 -51 0
110 55 0 52 -52 0
110 55 -55 53 -53 -106
110 55 0 53 -53 0
110 55 0 54 -54 0
110 55 0 55 -55 0
110 55 0 56 -56 0
110 55 -55 57 -57 -114
110 55 0 57 -57 0
110 55 0 58 -58 0
110 55 0 59 -59 0
110 55 0 60 -60 0
110 55 -55 61 -61 -122
110 55 0 61 -61 0
110 55 0 62 -62 0
110 55 0 63 -63 0
110 55 0 64 -64 0
110 55 -55 65 -65 -130
110 55 0 65 -65 0
110 55 0 66 -66 0
110 55 0 67 -67 0
110 55 0 68 -68 0
110 55 -55 69 -69 -138
110 55 0 69 -69 0
110 55 0 70 -70 0
110 55 0 71 -71 0
110 55 0 72 -72 0
110 55 -55 73 -73 -146
110 55 0 73 -73 0
110 55 0 74 -74 0
110 55 0 75 -75 0
110 55 0 76 -76 0
110 55 -55 77 -77 -154
110 55 0 77 -77 0
110 55 0 78 -78 0
110 55 0 79 -79 0
110 55 0 80 -80 0
110 55 -55 81 -81 -162
110 55 0 81 -81 0
110 55 -1 82 -82 -164
110 55 0 82 -82 0
110 55 0 83 -83 0
110 55 0 84 -84 0
110 55 -55 85 -85 -170
110 55 0 85 -85 0
110 55 0 86 -86 0
110 55 0 87 -87 0
110 55 0 88 -88 0
110 55 -55 89 -89 -178
110 55 0 89 -89 0
110 55 0 90 -90 0
110 55 0 91 -91 0
110 55 0 92 -92 0
110 55 -55 93 -93 -186
110 55 0 93 -93 0
110 55 0 94 -94 0
110 55 0 95 -95 0
110 55 0 96 -96 0
110 55 -55 97 -97 -194
110 55 0 97 -97 0
110 55 0 98 -98 0
110 55 0 99 -99 0
110 55 0 100 -100 0
110 55 -55 101 -101 -202
110 55 0 101 -101 0
110 55 0 102 -102 0
110 55 0 103 -103 0
110 55 0 104 -104 0
110 55 -55 105 -105 -210
110 55 0 105 -105 0
110 55 0 106 -106 0
110 55 0 107 -107 0
110 55 0 108 -108 0
110 55 -55 109 -109 -218
110 55 0 109 -109 0
110 55 0 110 -110 0
110 55 0 111 -111 0
110 55 0 112 -112 0
110 55 -55 113 -113 -226
110 55 0 113 -113 0
110 55 0 114 -114 0
110 55 0 115 -115 0
110 55 0 116 -116 0
110 55 -55 117 -117 -234
110 55 0 117 -117 0
110 55 0 118 -118 0
110 55 0 119 -119 0
110 55 0 120 -120 0
110 55 -55 121 -121 -242
110 55 0 121 -121 0
110 55 0 122 -122 0
110 55 0 123 -123 0
110 55 0 124 -124 0
110 55 -55 125 -125 -250
110 55 0 125 -125 0
110 55 0 126 -126 0
110 55 0 127 -127 0
110 55 0 128 -128 0
110 55 -55 129 -129 -258
110 55 0 129 -129 0
110 55 0 130 -130 0
110 55 0 131 -131 0
110 55 0 132 -132 0
110 55 -55 133 -133 -266
110 55 0 133 -133 0
110 55 0 134 -134 0
110 55 0 135 -135 0
110 55 0 136 -136 0
110 55 -55 137 -137 -274
110 55 0 137 -137 0
110 55 0 138 -138 0
110 55 0 139 -139 0
110 55 0 140 -140 0
110 55 -55 141 -141 -282
110 55 0 141 -141 0
110 55 0 142 -142 0
110 55 0 143 -143 0
110 55 0 144 -144 0
110 55 -55 145 -145 -290
110 55 0 145 -145 0
110 55 0 146 -146 0
110 55 0 147 -147 0
110 55 0 148 -148 0
110 55 -55 149 -149 -298
110 55 0 149 -149 0
110 55 0 150 -150 0
112 56 0 -150 150 0
112 56 0 -149 149 0
112 56 -56 -148 148 296
112 56 0 -148 148 0
112 56 0 -147 147 0
112 56 0 -146 146 0
112 56 0 -145 145 0
112 56 -56 -144 144 288
112 56 0 -144 144 0
112 56 0 -143 143 0
112 56 0 -142 142 0
112 56 0 -141 141 0
112 56 -56 -140 140 280
112 56 0 -140 140 0
112 56 0 -139 139 0
112 56 0 -138 138 0
112 56 0 -137 137 0
112 56 -56 -136 136 272
112 56 0 -136 136 0
112 56 0 -135 135 0
112 56 0 -134 134 0
112 56 0 -133 133 0
112 56 -56 -132 132 264
112 56 0 -132 132 0
112 56 0 -131 131 0
112 56 0 -130 130 0
112 56 0 -129 129 0
112 56 -56 -128 128 256
112 56 0 -128 128 0
112 56 0 -127 127 0
112 56 0 -126 126 0
112 56 0 -125 125 0
112 56 -56 -124 124 248
112 56 0 -124 124 0
112 56 0 -123 123 0
112 56 0 -122 122 0
112 56 0 -121 121 0
112 56 -56 -120 120 240
112 56 0 -120 120 0
112 56 0 -119 119 0
112 56 0 -118 118 0
112 56 0 -117 117 0
112 56 -56 -116 116 232
112 56 0 -116 116 0
112 56 0 -115 115 0
112 56 0 -114 114 0
112 56 0 -113 113 0
112 56 -56 -112 112 224
112 56 0 -112 112 0
112 56 0 -111 111 0
112 56 0 -110 110 0
112 56 0 -109 109 0
112 56 -56 -108 108 216
112 56 0 -108 108 0
112 56 0 -107 107 0
112 56 0 -106 106 0
112 56 0 -105 105 0
112 56 -56 -104 104 208
112 56 0 -104 104 0
112 56 0 -103 103 0
112 56 0 -102 102 0
112 56 0 -101 101 0
112 56 -56 -100 100 200
112 56 0 -100 100 0
112 56 0 -99 99 0
112 56 0 -98 98 0
112 56 0 -97 97 0
112 56 -56 -96 96 192
112 56 0 -96 96 0
112 56 0 -95 95 0
112 56 0 -94 94 0
112 56 0 -93 93 0
112 56 -56 -92 92 184
112 56 0 -92 92 0
112 56 0 -91 91 0
112 56 0 -90 90 0
112 56 0 -89 89 0
112 56 -56 -88 88 176
112 56 0 -88 88 0
112 56 0 -87 87 0
112 56 0 -86 86 0
112 56 0 -85 85 0
112 56 -56 -84 84 168
112 56 0 -84 84 0
112 56 0 -83 83 0
112 56 0 -82 82 0
112 56 0 -81 81 0
112 56 -56 -80 80 160
112 56 0 -80 80 0
112 56 0 -79 79 0
112 56 0 -78 78 0
112 56 0 -77 77 0
112 56 -56 -76 76 152
112 56 0 -76 76 0
112 56 0 -75 75 0
112 56 0 -74 74 0
112 56 0 -73 73 0
112 56 -56 -72 72 144
112 56 0 -72 72 0
112 56 0 -71 71 0
112 56 0 -70 70 0
112 56 0 -69 69 0
112 56 -56 -68 68 136
112 56 0 -68 68 0
112 56 0 -67 67 0
112 56 0 -66 66 0
112 56 0 -65 65 0
112 56 -56 -64 64 128
112 56 0 -64 64 0
112 56 0 -63 63 0
112 56 0 -62 62 0
112 56 0 -61 61 0
112 56 -56 -60 60 120
112 56 0 -60 60 0
112 56 0 -59 59 0
112 56 0 -58 58 0
112 56 0 -57 57 0
112 56 -56 -56 56 112
112 56 0 -56 56 0
112 56 0 -55 55 0
112 56 0 -54 54 0
112 56 0 -53 53 0
112 56 -56 -52 52 104
112 56 0 -52 52 0
112 56 0 -51 51 0
112 56 0 -50 50 0
112 56 0 -49 49 0
112 56 -56 -48 48 96
112 56 0 -48 48 0
112 56 0 -47 47 0
112 56 0 -46 46 0
112 56 0 -45 45 0
112 56 -56 -44 44 88
112 56 0 -44 44 0
112 56 0 -43 43 0
112 56 0 -42 42 0
112 56 0 -41 41 0
112 56 -56 -40 40 80
112 56 0 -40 40 0
112 56 0 -39 39 0
112 56 0 -38 38 0
112 56 0 -37 37 0
112 56 -56 -36 36 72
112 56 0 -36 36 0
112 56 0 -35 35 0
112 56 0 -34 34 0
112 56 0 -33 33 0
112 56 -56 -32 32 64
112 56 0 -32 32 0
112 56 0 -31 31 0
112 56 0 -30 30 0
112 56 0 -29 29 0
112 56 -56 -28 28 56
112 56 0 -28 28 0
112 56 0 -27 27 0
112 56 0 -26 26 0
112 56 0 -25 25 0
112 56 -56 -24 24 48
112 56 0 -24 24 0
112 56 0 -23 23 0
112 56 0 -22 22 0
112 56 0 -21 21 0
112 56 -56 -20 20 40
112 56 0 -20 20 0
112 56 0 -19 19 0
112 56 0 -18 18 0
112 56 0 -17 17 0
112 56 -56 -16 16 32
112 56 0 -16 16 0
112 56 0 -15 15 0
112 56 0 -14 14 0
112 56 0 -13 13 0
112 56 -56 -12 12 24
112 56 0 -12 12 0
112 56 0 -11 11 0
112 56 0 -10 10 0
112 56 0 -9 9 0
112 56 -56 -8 8 16
112 56 0 -8 8 0
112 56 0 -7 7 0
112 56 0 -6 6 0
112 56 0 -5 5 0
112 56 -56 -4 4 8
112 56 0 -4 4 0
112 56 0 -3 3 0
112 56 0 -2 2 0
112 56 0 -1 1 0
112 56 0 1 -1 0
112 56 0 2 -2 0
112 56 0 3 -3 0
112 56 -56 4 -4 -8
112 56 0 4 -4 0
112 56 0 5 -5 0
112 56 0 6 -6 0
112 56 0 7 -7 0
112 56 -56 8 -8 -16
112 56 0 8 -8 0
112 56 0 9 -9 0
112 56 0 10 -10 0
112 56 0 11 -11 0
112 56 -56 12 -12 -24
112 56 0 12 -12 0
112 56 0 13 -13 0
112 56 0 14 -14 0
112 56 0 15 -15 0
112 56 -56 16 -16 -32
112 56 0 16 -16 0
112 56 0 17 -17 0
112 56 0 18 -18 0
112 56 0 19 -19 0
112 56 -56 20 -20 -40
112 56 0 20 -20 0
112 56 0 21 -21 0
112 56 0 22 -22 0
112 56 0 23 -23 0
112 56 -56 24 -24 -48
112 56 0 24 -24 0
112 56 0 25 -25 0
112 56 0 26 -26 0
112 56 0 27 -27 0
112 56 -56 28 -28 -56
112 56 0 28 -28 0
112 56 0 29 -29 0
112 56 0 30 -30 0
112 56 0 31 -31 0
112 56 -56 32 -32 -64
112 56 0 32 -32 0
112 56 0 33 -33 0
112 56 0 34 -34 0
112 56 0 35 -35 0
112 56 -56 36 -36 -72
112 56 0 36 -36 0
112 56 0 37 -37 0
112 56 0 38 -38 0
112 56 0 39 -39 0
112 56 -56 40 -40 -80
112 56 0 40 -40 0
112 56 0 41 -41 0
112 56 0 42 -42 0
112 56 0 43 -43 0
112 56 -56 44 -44 -88
112 56 0 44 -44 0
112 56 0 45 -45 0
112 56 0 46 -46 0
112 56 0 47 -47 0
112 56 -56 48 -48 -96
112 56 0 48 -48 0
112 56 0 49 -49 0
112 56 0 50 -50 0
112 56 0 51 -51 0
112 56 -56 52 -52 -104
112 56 0 52 -52 0
112 56 0 53 -53 0
112 56 0 54 -54 0
112 56 0 55 -55 0
112 56 -56 56 -56 -112
112 56 0 56 -56 0
112 56 0 57 -57 0
112 56 0 58 -58 0
112 56 0 59 -59 0
112 56 -56 60 -60 -120
112 56 0 60 -60 0
112 56 0 61 -61 0
112 56 0 62 -62 0
112 56 0 63 -63 0
112 56 -56 64 -64 -128
112 56 0 64 -64 0
112 56 0 65 -65 0
112 56 0 66 -66 0
112 56 0 67 -67 0
112 56 -56 68 -68 -136
112 56 0 68 -68 0
112 56 0 69 -69 0
112 56 0 70 -70 0
112 56 0 71 -71 0
112 56 -56 72 -72 -144
112 56 0 72 -72 0
112 56 0 73 -73 0
112 56 0 74 -74 0
112 56 0 75 -75 0
112 56 -56 76 -76 -152
112 56 0 76 -76 0
112 56 0 77 -77 0
112 56 0 78 -78 0
112 56 0 79 -79 0
112 56 -56 80 -80 -160
112 56 0 80 -80 0
112 56 0 81 -81 0
112 56 0 82 -82 0
112 56 0 83 -83 0
112 56 -56 84 -84 -168
112 56 0 84 -84 0
112 56 0 85 -85 0
112 56 0 86 -86 0
112 56 0 87 -87 0
112 56 -56 88 -88 -176
112 56 0 88 -88 0
112 56 0 89 -89 0
112 56 0 90 -90 0
112 56 0 91 -91 0
112 56 -56 92 -92 -184
112 56 0 92 -92 0
112 56 0 93 -93 0
112 56 0 94 -94 0
112 56 0 95 -95 0
112 56 -56 96 -96 -192
112 56 0 96 -96 0
112 56 0 97 -97 0
112 56 0 98 -98 0
112 56 0 99 -99 0
112 56 -56 100 -100 -200
112 56 0 100 -100 0
112 56 0 101 -101 0
112 56 0 102 -102 0
112 56 0 103 -103 0
112 56 -56 104 -104 -208
112 56 0 104 -104 0
112 56 0 105 -105 0
112 56 0 106 -106 0
112 56 0 107 -107 0
112 56 -56 108 -108 -216
112 56 0 108 -108 0
112 56 0 109 -109 0
112 56 0 110 -110 0
112 56 0 111 -111 0
112 56 -56 112 -112 -224
112 56 0 112 -112 0
112 56 0 113 -113 0
112 56 0 114 -114 0
112 56 0 115 -115 0
112 56 -56 116 -116 -232
112 56 0 116 -116 0
112 56 0 117 -117 0
112 56 0 118 -118 0
112 56 0 119 -119 0
112 56 -56 120 -120 -240
112 56 0 120 -120 0
112 56 0 121 -121 0
112 56 0 122 -122 0
112 56 0 123 -123 0
112 56 -56 124 -124 -248
112 56 0 124 -124 0
112 56 0 125 -125 0
112 56 0 126 -126 0
112 56 0 127 -127 0
112 56 -56 128 -128 -256
112 56 0 128 -128 0
112 56 0 129 -129 0
112 56 0 130 -130 0
112 56 0 131 -131 0
112 56 -56 132 -132 -264
112 56 0 132 -132 0
112 56 0 133 -133 0
112 56 0 134 -134 0
112 56 0 135 -135 0
112 56 -56 136 -136 -272
112 56 0 136 -136 0
112 56 0 137 -137 0
112 56 0 138 -138 0
112 56 0 139 -139 0
112 56 -56 140 -140 -280
112 56 0 140 -140 0
112 56 0 141 -141 0
112 56 0 142 -142 0
112 56 0 143 -143 0
112 56 -56 144 -144 -288
112 56 0 144 -144 0
112 56 0 145 -145 0
112 56 0 146 -146 0
112 56 0 147 -147 0
112 56 -56 148 -148 -296
112 56 0 148 -148 0
112 56 0 149 -149 0
112 56 0 150 -150 0
114 57 0 -150 150 0
114 57 0 -149 149 0
114 57 0 -148 148 0
114 57 -57 -147 147 294
114 57 0 -147 147 0
114 57 0 -146 146 0
114 57 0 -145 145 0
114 57 0 -144 144 0
114 57 -57 -143 143 286
114 57 0 -143 143 0
114 57 0 -142 142 0
114 57 0 -141 141 0
114 57 0 -140 140 0
114 57 -57 -139 139 278
114 57 0 -139 139 0
114 57 0 -138 138 0
114 57 0 -137 137 0
114 57 0 -136 136 0
114 57 -57 -135 135 270
114 57 0 -135 135 0
114 57 0 -134 134 0
114 57 0 -133 133 0
114 57 0 -132 132 0
114 57 -57 -131 131 262
114 57 0 -131 131 0
114 57 0 -130 130 0
114 57 0 -129 129 0
114 57 0 -128 128 0
114 57 -57 -127 127 254
114 57 0 -127 127 0
114 57 0 -126 126 0
114 57 0 -125 125 0
114 57 0 -124 124 0
114 57 -57 -123 123 246
114 57 0 -123 123 0
114 57 0 -122 122 0
114 57 0 -121 121 0
114 57 0 -120 120 0
114 57 -57 -119 119 238
114 57 0 -119 119 0
114 57 0 -118 118 0
114 57 0 -117 117 0
114 57 0 -116 116 0
114 57 -57 -115 115 230
114 57 0 -115 115 0
114 57 0 -114 114 0
114 57 0 -113 113 0
114 57 0 -112 112 0
114 57 -57 -111 111 222
114 57 0 -111 111 0
114 57 0 -110 110 0
114 57 0 -109 109 0
114 57 0 -108 108 0
114 57 -57 -107 107 214
114 57 0 -107 107 0
114 57 0 -106 106 0
114 57 0 -105 105 0
114 57 0 -104 104 0
114 57 -57 -103 103 206
114 57 0 -103 103 0
114 57 0 -102 102 0
114 57 0 -101 101 0
114 57 0 -100 100 0
114 57 -57 -99 99 198
114 57 0 -99 99 0
114 57 0 -98 98 0
114 57 0 -97 97 0
114 57 0 -96 96 0
114 57 -57 -95 95 190
114 57 0 -95 95 0
114 57 0 -94 94 0
114 57 0 -93 93 0
114 57 0 -92 92 0
114 57 -57 -91 91 182
114 57 0 -91 91 0
114 57 0 -90 90 0
114 57 0 -89 89 0
114 57 0 -88 88 0
114 57 -57 -87 87 174
114 57 0 -87 87 0
114 57 0 -86 86 0
114 57 1 -86 86 172
114 57 0 -85 85 0
114 57 0 -84 84 0
114 57 -57 -83 83 166
114 57 0 -83 83 0
114 57 0 -82 82 0
114 57 0 -81 81 0
114 57 0 -80 80 0
114 57 -57 -79 79 158
114 57 0 -79 79 0
114 57 0 -78 78 0
114 57 0 -77 77 0
114 57 0 -76 76 0
114 57 -57 -75 75 150
114 57 0 -75 75 0
114 57 0 -74 74 0
114 57 0 -73 73 0
114 57 0 -72 72 0
114 57 -57 -71 71 142
114 57 0 -71 71 0
114 57 0 -70 70 0
114 57 0 -69 69 0
114 57 0 -68 68 0
114 57 -57 -67 67 134
114 57 0 -67 67 0
114 57 0 -66 66 0
114 57 0 -65 65 0
114 57 0 -64 64 0
114 57 -57 -63 63 126
114 57 0 -63 63 0
114 57 0 -62 62 0
114 57 0 -61 61 0
114 57 0 -60 60 0
114 57 -57 -59 59 118
114 57 0 -59 59 0
114 57 0 -58 58 0
114 57 0 -57 57 0
114 57 0 -56 56 0
114 57 -57 -55 55 110
114 57 0 -55 55 0
114 57 0 -54 54 0
114 57 0 -53 53 0
114 57 0 -52 52 0
114 57 -57 -51 51 102
114 57 0 -51 51 0
114 57 0 -50 50 0
114 57 0 -49 49 0
114 57 0 -48 48 0
114 57 -57 -47 47 94
114 57 0 -47 47 0
114 57 0 -46 46 0
114 57 0 -45 45 0
114 57 0 -44 44 0
114 57 -57 -43 43 86
114 57 0 -43 43 0
114 57 0 -42 42 0
114 57 0 -41 41 0
114 57 0 -40 40 0
114 57 -57 -39 39 78
114 57 0 -39 39 0
114 57 0 -38 38 0
114 57 0 -37 37 0
114 57 0 -36 36 0
114 57 -57 -35 35 70
114 57 0 -35 35 0
114 57 0 -34 34 0
114 57 0 -33 33 0
114 57 0 -32 32 0
114 57 -57 -31 31 62
114 57 0 -31 31 0
114 57 0 -30 30 0
114 57 0 -29 29 0
114 57 0 -28 28 0
114 57 -57 -27 27 54
114 57 0 -27 27 0
114 57 0 -26 26 0
114 57 0 -25 25 0
114 57 0 -24 24 0
114 57 -57 -23 23 46
114 57 0 -23 23 0
114 57 0 -22 22 0
114 57 0 -21 21 0
114 57 0 -20 20 0
114 57 -57 -19 19 38
114 57 0 -19 19 0
114 57 0 -18 18 0
114 57 0 -17 17 0
114 57 0 -16 16 0
114 57 -57 -15 15 30
114 57 0 -15 15 0
114 57 0 -14 14 0
114 57 0 -13 13 0
114 57 0 -12 12 0
114 57 -57 -11 11 22
114 57 0 -11 11 0
114 57 0 -10 10 0
114 57 0 -9 9 0
114 57 0 -8 8 0
114 57 -57 -7 7 14
114 57 0 -7 7 0
114 57 0 -6 6 0
114 57 0 -5 5 0
114 57 0 -4 4 0
114 57 -57 -3 3 6
114 57 0 -3 3 0
114 57 0 -2 2 0
114 57 0 -1 1 0
114 57 -57 1 -1 -2
114 57 0 1 -1 0
114 57 0 2 -2 0
114 57 0 3 -3 0
114 57 0 4 -4 0
114 57 -57 5 -5 -10
114 57 0 5 -5 0
114 57 0 6 -6 0
114 57 0 7 -7 0
114 57 0 8 -8 0
114 57 -57 9 -9 -18
114 57 0 9 -9 0
114 57 0 10 -10 0
114 57 0 11 -11 0
114 57 0 12 -12 0
114 57 -57 13 -13 -26
114 57 0 13 -13 0
114 57 0 14 -14 0
114 57 0 15 -15 0
114 57 0 16 -16 0
114 57 -57 17 -17 -34
114 57 0 17 -17 0
114 57 0 18 -18 0
114 57 0 19 -19 0
114 57 0 20 -20 0
114 57 -57 21 -21 -42
114 57 0 21 -21 0
114 57 0 22 -22 0
114 57 0 23 -23 0
114 57 0 24 -24 0
114 57 -57 25 -25 -50
114 57 0 25 -25 0
114 57 0 26 -26 0
114 57 0 27 -27 0
114 57 0 28 -28 0
114 57 -57 29 -29 -58
114 57 0 29 -29 0
114 57 0 30 -30 0
114 57 0 31 -31 0
114 57 0 32 -32 0
114 57 -57 33 -33 -66
114 57 0 33 -33 0
114 57 0 34 -34 0
114 57 0 35 -35 0
114 57 0 36 -36 0
114 57 -57 37 -37 -74
114 57 0 37 -37 0
114 57 0 38 -38 0
114 57 0 39 -39 0
114 57 0 40 -40 0
114 57 -57 41 -41 -82
114 57 0 41 -41 0
114 57 0 42 -42 0
114 57 0 43 -43 0
114 57 0 44 -44 0
114 57 -57 45 -45 -90
114 57 0 45 -45 0
114 57 0 46 -46 0
114 57 0 47 -47 0
114 57 0 48 -48 0
114 57 -57 49 -49 -98
114 57 0 49 -49 0
114 57 0 50 -50 0
114 57 0 51 -51 0
114 57 0 52 -52 0
114 57 -57 53 -53 -106
114 57 0 53 -53 0
114 57 0 54 -54 0
114 57 0 55 -55 0
114 57 0 56 -56 0
114 57 -57 57 -57 -114
114 57 0 57 -57 0
114 57 0 58 -58 0
114 57 0 59 -59 0
114 57 0 60 -60 0
114 57 -57 61 -61 -122
114 57 0 61 -61 0
114 57 0 62 -62 0
114 57 0 63 -63 0
114 57 0 64 -64 0
114 57 -57 65 -65 -130
114 57 0 65 -65 0
114 57 0 66 -66 0
114 57 0 67 -67 0
114 57 0 68 -68 0
114 57 -57 69 -69 -138
114 57 0 69 -69 0
114 57 0 70 -70 0
114 57 0 71 -71 0
114 57 0 72 -72 0
114 57 -57 73 -73 -146
114 57 0 73 -73 0
114 57 0 74 -74 0
114 57 0 75 -75 0
114 57 0 76 -76 0
114 57 -57 77 -77 -154
114 57 0 77 -77 0
114 57 0 78 -78 0
114 57 0 79 -79 0
114 57 0 80 -80 0
114 57 -57 81 -81 -162
114 57 0 81 -81 0
114 57 0 82 -82 0
114 57 0 83 -83 0
114 57 0 84 -84 0
114 57 -57 85 -85 -170
114 57 -1 85 -85 -170
114 57 0 85 -85 0
114 57 0 86 -86 0
114 57 0 87 -87 0
114 57 0 88 -88 0
114 57 -57 89 -89 -178
114 57 0 89 -89 0
114 57 0 90 -90 0
114 57 0 91 -91 0
114 57 0 92 -92 0
114 57 -57 93 -93 -186
114 57 0 93 -93 0
114 57 0 94 -94 0
114 57 0 95 -95 0
114 57 0 96 -96 0
114 57 -57 97 -97 -194
114 57 0 97 -97 0
114 57 0 98 -98 0
114 57 0 99 -99 0
114 57 0 100 -100 0
114 57 -57 101 -101 -202
114 57 0 101 -101 0
114 57 0 102 -102 0
114 57 0 103 -103 0
114 57 0 104 -104 0
114 57 -57 105 -105 -210
114 57 0 105 -105 0
114 57 0 106 -106 0
114 57 0 107 -107 0
114 57 0 108 -108 0
114 57 -57 109 -109 -218
114 57 0 109 -109 0
114 57 0 110 -110 0
114 57 0 111 -111 0
114 57 0 112 -112 0
114 57 -57 113 -113 -226
114 57 0 113 -113 0
114 57 0 114 -114 0
114 57 0 115 -115 0
114 57 0 116 -116 0
114 57 -57 117 -117 -234
114 57 0 117 -117 0
114 57 0 118 -118 0
114 57 0 119 -119 0
114 57 0 120 -120 0
114 57 -57 121 -121 -242
114 57 0 121 -121 0
114 57 0 122 -122 0
114 57 0 123 -123 0
114 57 0 124 -124 0
114 57 -57 125 -125 -250
114 57 0 125 -125 0
114 57 0 126 -126 0
114 57 0 127 -127 0
114 57 0 128 -128 0
114 57 -57 129 -129 -258
114 57 0 129 -129 0
114 57 0 130 -130 0
114 57 0 131 -131 0
114 57 0 132 -132 0
114 57 -57 133 -133 -266
114 57 0 133 -133 0
114 57 0 134 -134 0
114 57 0 135 -135 0
114 57 0 136 -136 0
114 57 -57 137 -137 -274
114 57 0 137 -137 0
114 57 0 138 -138 0
114 57 0 139 -139 0
114 57 0 140 -140 0
114 57 -57 141 -141 -282
114 57 0 141 -141 0
114 57 0 142 -142 0
114 57 0 143 -143 0
114 57 0 144 -144 0
114 57 -57 145 -145 -290
114 57 0 145 -145 0
114 57 0 146 -146 0
114 57 0 147 -147 0
114 57 0 148 -148 0
114 57 -57 149 -149 -298
114 57 0 149 -149 0
114 57 0 150 -150 0
116 58 0 -150 150 0
116 58 0 -149 149 0
116 58 -58 -148 148 296
116 58 0 -148 148 0
116 58 0 -147 147 0
116 58 0 -146 146 0
116 58 0 -145 145 0
116 58 -58 -144 144 288
116 58 0 -144 144 0
116 58 0 -143 143 0
116 58 0 -142 142 0
116 58 0 -141 141 0
116 58 -58 -140 140 280
116 58 0 -140 140 0
116 58 0 -139 139 0
116 58 0 -138 138 0
116 58 0 -137 137 0
116 58 -58 -136 136 272
116 58 0 -136 136 0
116 58 0 -135 135 0
116 58 0 -134 134 0
116 58 0 -133 133 0
116 58 -58 -132 132 264
116 58 0 -132 132 0
116 58 0 -131 131 0
116 58 0 -130 130 0
116 58 0 -129 129 0
116 58 -58 -128 128 256
116 58 0 -128 128 0
116 58 0 -127 127 0
116 58 0 -126 126 0
116 58 0 -125 125 0
116 58 -58 -124 124 248
116 58 0 -124 124 0
116 58 0 -123 123 0
116 58 0 -122 122 0
116 58 0 -121 121 0
116 58 -58 -120 120 240
116 58 0 -120 120 0
116 58 0 -119 119 0
116 58 0 -118 118 0
116 58 0 -117 117 0
116 58 -58 -116 116 232
116 58 0 -116 116 0
116 58 0 -115 115 0
116 58 0 -114 114 0
116 58 0 -113 113 0
116 58 -58 -112 112 224
116 58 0 -112 112 0
116 58 0 -111 111 0
116 58 0 -110 110 0
116 58 0 -109 109 0
116 58 -58 -108 108 216
116 58 0 -108 108 0
116 58 0 -107 107 0
116 58 0 -106 106 0
116 58 0 -105 105 0
116 58 -58 -104 104 208
116 58 0 -104 104 0
116 58 0 -103 103 0
116 58 0 -102 102 0
116 58 0 -101 101 0
116 58 -58 -100 100 200
116 58 0 -100 100 0
116 58 0 -99 99 0
116 58 0 -98 98 0
116 58 0 -97 97 0
116 58 -58 -96 96 192
116 58 0 -96 96 0
116 58 0 -95 95 0
116 58 0 -94 94 0
116 58 0 -93 93 0
116 58 -58 -92 92 184
116 58 0 -92 92 0
116 58 0 -91 91 0
116 58 0 -90 90 0
116 58 0 -89 89 0
116 58 -58 -88 88 176
116 58 0 -88 88 0
116 58 0 -87 87 0
116 58 0 -86 86 0
116 58 0 -85 85 0
116 58 -58 -84 84 168
116 58 0 -84 84 0
116 58 0 -83 83 0
116 58 0 -82 82 0
116 58 0 -81 81 0
116 58 -58 -80 80 160
116 58 0 -80 80 0
116 58 0 -79 79 0
116 58 0 -78 78 0
116 58 0 -77 77 0
116 58 -58 -76 76 152
116 58 0 -76 76 0
116 58 0 -75 75 0
116 58 0 -74 74 0
116 58 0 -73 73 0
116 58 -58 -72 72 144
116 58 0 -72 72 0
116 58 0 -71 71 0
116 58 0 -70 70 0
116 58 0 -69 69 0
116 58 -58 -68 68 136
116 58 0 -68 68 0
116 58 0 -67 67 0
116 58 0 -66 66 0
116 58 0 -65 65 0
116 58 -58 -64 64 128
116 58 0 -64 64 0
116 58 0 -63 63 0
116 58 0 -62 62 0
116 58 0 -61 61 0
116 58 -58 -60 60 120
116 58 0 -60 60 0
116 58 0 -59 59 0
116 58 0 -58 58 0
116 58 0 -57 57 0
116 58 -58 -56 56 112
116 58 0 -56 56 0
116 58 0 -55 55 0
116 58 0 -54 54 0
116 58 0 -53 53 0
116 58 -58 -52 52 104
116 58 0 -52 52 0
116 58 0 -51 51 0
116 58 0 -50 50 0
116 58 0 -49 49 0
116 58 -58 -48 48 96
116 58 0 -48 48 0
116 58 0 -47 47 0
116 58 0 -46 46 0
116 58 0 -45 45 0
116 58 -58 -44 44 88
116 58 0 -44 44 0
116 58 0 -43 43 0
116 58 0 -42 42 0
116 58 0 -41 41 0
116 58 -58 -40 40 80
116 58 0 -40 40 0
116 58 0 -39 39 0
116 58 0 -38 38 0
116 58 0 -37 37 0
116 58 -58 -36 36 72
116 58 0 -36 36 0
116 58 0 -35 35 0
116 58 0 -34 34 0
116 58 0 -33 33 0
116 58 -58 -32 32 64
116 58 0 -32 32 0
116 58 0 -31 31 0
116 58 0 -30 30 0
116 58 0 -29 29 0
116 58 -58 -28 28 56
116 58 0 -28 28 0
116 58 0 -27 27 0
116 58 0 -26 26 0
116 58 0 -25 25 0
116 58 -58 -24 24 48
116 58 0 -24 24 0
116 58 0 -23 23 0
116 58 0 -22 22 0
116 58 0 -21 21 0
116 58 -58 -20 20 40
116 58 0 -20 20 0
116 58 0 -19 19 0
116 58 0 -18 18 0
116 58 0 -17 17 0
116 58 -58 -16 16 32
116 58 0 -16 16 0
116 58 0 -15 15 0
116 58 0 -14 14 0
116 58 0 -13 13 0
116 58 -58 -12 12 24
116 58 0 -12 12 0
116 58 0 -11 11 0
116 58 0 -10 10 0
116 58 0 -9 9 0
116 58 -58 -8 8 16
116 58 0 -8 8 0
116 58 0 -7 7 0
116 58 0 -6 6 0
116 58 0 -5 5 0
116 58 -58 -4 4 8
116 58 0 -4 4 0
116 58 0 -3 3 0
116 58 0 -2 2 0
116 58 0 -1 1 0
116 58 0 1 -1 0
116 58 0 2 -2 0
116 58 0 3 -3 0
116 58 -58 4 -4 -8
116 58 0 4 -4 0
116 58 0 5 -5 0
116 58 0 6 -6 0
116 58 0 7 -7 0
116 58 -58 8 -8 -16
116 58 0 8 -8 0
116 58 0 9 -9 0
116 58 0 10 -10 0
116 58 0 11 -11 0
116 58 -58 12 -12 -24
116 58 0 12 -12 0
116 58 0 13 -13 0
116 58 0 14 -14 0
116 58 0 15 -15 0
116 58 -58 16 -16 -32
116 58 0 16 -16 0
116 58 0 17 -17 0
116 58 0 18 -18 0
116 58 0 19 -19 0
116 58 -58 20 -20 -40
116 58 0 20 -20 0
116 58 0 21 -21 0
116 58 0 22 -22 0
116 58 0 23 -23 0
116 58 -58 24 -24 -48
116 58 0 24 -24 0
116 58 0 25 -25 0
116 58 0 26 -26 0
116 58 0 27 -27 0
116 58 -58 28 -28 -56
116 58 0 28 -28 0
116 58 0 29 -29 0
116 58 0 30 -30 0
116 58 0 31 -31 0
116 58 -58 32 -32 -64
116 58 0 32 -32 0
116 58 0 33 -33 0
116 58 0 34 -34 0
116 58 0 35 -35 0
116 58 -58 36 -36 -72
116 58 0 36 -36 0
116 58 0 37 -37 0
116 58 0 38 -38 0
116 58 0 39 -39 0
116 58 -58 40 -40 -80
116 58 0 40 -40 0
116 58 0 41 -41 0
116 58 0 42 -42 0
116 58 0 43 -43 0
116 58 -58 44 -44 -88
116 58 0 44 -44 0
116 58 0 45 -45 0
116 58 0 46 -46 0
116 58 0 47 -47 0
116 58 -58 48 -48 -96
116 58 0 48 -48 0
116 58 0 49 -49 0
116 58 0 50 -50 0
116 58 0 51 -51 0
116 58 -58 52 -52 -104
116 58 0 52 -52 0
116 58 0 53 -53 0
116 58 0 54 -54 0
116 58 0 55 -55 0
116 58 -58 56 -56 -112
116 58 0 56 -56 0
116 58 0 57 -57 0
116 58 0 58 -58 0
116 58 0 59 -59 0
116 58 -58 60 -60 -120
116 58 0 60 -60 0
116 58 0 61 -61 0
116 58 0 62 -62 0
116 58 0 63 -63 0
116 58 -58 64 -64 -128
116 58 0 64 -64 0
116 58 0 65 -65 0
116 58 0 66 -66 0
116 58 0 67 -67 0
116 58 -58 68 -68 -136
116 58 0 68 -68 0
116 58 0 69 -69 0
116 58 0 70 -70 0
116 58 0 71 -71 0
116 58 -58 72 -72 -144
116 58 0 72 -72 0
116 58 0 73 -73 0
116 58 0 74 -74 0
116 58 0 75 -75 0
116 58 -58 76 -76 -152
116 58 0 76 -76 0
116 58 0 77 -77 0
116 58 0 78 -78 0
116 58 0 79 -79 0
116 58 -58 80 -80 -160
116 58 0 80 -80 0
116 58 0 81 -81 0
116 58 0 82 -82 0
116 58 0 83 -83 0
116 58 -58 84 -84 -168
116 58 0 84 -84 0
116 58 0 85 -85 0
116 58 0 86 -86 0
116 58 0 87 -87 0
116 58 -58 88 -88 -176
116 58 0 88 -88 0
116 58 0 89 -89 0
116 58 0 90 -90 0
116 58 0 91 -91 0
116 58 -58 92 -92 -184
116 58 0 92 -92 0
116 58 0 93 -93 0
116 58 0 94 -94 0
116 58 0 95 -95 0
116 58 -58 96 -96 -192
116 58 0 96 -96 0
116 58 0 97 -97 0
116 58 0 98 -98 0
116 58 0 99 -99 0
116 58 -58 100 -100 -200
116 58 0 100 -100 0
116 58 0 101 -101 0
116 58 0 102 -102 0
116 58 0 103 -103 0
116 58 -58 104 -104 -208
116 58 0 104 -104 0
116 58 0 105 -105 0
116 58 0 106 -106 0
116 58 0 107 -107 0
116 58 -58 108 -108 -216
116 58 0 108 -108 0
116 58 0 109 -109 0
116 58 0 110 -110 0
116 58 0 111 -111 0
116 58 -58 112 -112 -224
116 58 0 112 -112 0
116 58 0 113 -113 0
116 58 0 114 -114 0
116 58 0 115 -115 0
116 58 -58 116 -116 -232
116 58 0 116 -116 0
116 58 0 117 -117 0
116 58 0 118 -118 0
116 58 0 119 -119 0
116 58 -58 120 -120 -240
116 58 0 120 -120 0
116 58 0 121 -121 0
116 58 0 122 -122 0
116 58 0 123 -123 0
116 58 -58 124 -124 -248
116 58 0 124 -124 0
116 58 0 125 -125 0
116 58 0 126 -126 0
116 58 0 127 -127 0
116 58 -58 128 -128 -256
116 58 0 128 -128 0
116 58 0 129 -129 0
116 58 0 130 -130 0
116 58 0 131 -131 0
116 58 -58 132 -132 -264
116 58 0 132 -132 0
116 58 0 133 -133 0
116 58 0 134 -134 0
116 58 0 135 -135 0
116 58 -58 136 -136 -272
116 58 0 136 -136 0
116 58 0 137 -137 0
116 58 0 138 -138 0
116 58 0 139 -139 0
116 58 -58 140 -140 -280
116 58 0 140 -140 0
116 58 0 141 -141 0
116 58 0 142 -142 0
116 58 0 143 -143 0
116 58 -58 144 -144 -288
116 58 0 144 -144 0
116 58 0 145 -145 0
116 58 0 146 -146 0
116 58 0 147 -147 0
116 58 -58 148 -148 -296
116 58 0 148 -148 0
116 58 0 149 -149 0
116 58 0 150 -150 0
118 59 0 -150 150 0
118 59 0 -149 149 0
118 59 0 -148 148 0
118 59 -59 -147 147 294
118 59 0 -147 147 0
118 59 0 -146 146 0
118 59 0 -145 145 0
118 59 0 -144 144 0
118 59 -59 -143 143 286
118 59 0 -143 143 0
118 59 0 -142 142 0
118 59 0 -141 141 0
118 59 0 -140 140 0
118 59 -59 -139 139 278
118 59 0 -139 139 0
118 59 0 -138 138 0
118 59 0 -137 137 0
118 59 0 -136 136 0
118 59 -59 -135 135 270
118 59 0 -135 135 0
118 59 0 -134 134 0
118 59 0 -133 133 0
118 59 0 -132 132 0
118 59 -59 -131 131 262
118 59 0 -131 131 0
118 59 0 -130 130 0
118 59 0 -129 129 0
118 59 0 -128 128 0
118 59 -59 -127 127 254
118 59 0 -127 127 0
118 59 0 -126 126 0
118 59 0 -125 125 0
118 59 0 -124 124 0
118 59 -59 -123 123 246
118 59 0 -123 123 0
118 59 0 -122 122 0
118 59 0 -121 121 0
118 59 0 -120 120 0
118 59 -59 -119 119 238
118 59 0 -119 119 0
118 59 0 -118 118 0
118 59 0 -117 117 0
118 59 0 -116 116 0
118 59 -59 -115 115 230
118 59 0 -115 115 0
118 59 0 -114 114 0
118 59 0 -113 113 0
118 59 0 -112 112 0
118 59 -59 -111 111 222
118 59 0 -111 111 0
118 59 0 -110 110 0
118 59 0 -109 109 0
118 59 0 -108 108 0
118 59 -59 -107 107 214
118 59 0 -107 107 0
118 59 0 -106 106 0
118 59 0 -105 105 0
118 59 0 -104 104 0
118 59 -59 -103 103 206
118 59 0 -103 103 0
118 59 0 -102 102 0
118 59 0 -101 101 0
118 59 0 -100 100 0
118 59 -59 -99 99 198
118 59 0 -99 99 0
118 59 0 -98 98 0
118 59 0 -97 97 0
118 59 0 -96 96 0
118 59 -59 -95 95 190
118 59 0 -95 95 0
118 59 0 -94 94 0
118 59 0 -93 93 0
118 59 0 -92 92 0
118 59 -59 -91 91 182
118 59 0 -91 91 0
118 59 0 -90 90 0
118 59 0 -89 89 0
118 59 1 -89 89 178
118 59 0 -88 88 0
118 59 -59 -87 87 174
118 59 0 -87 87 0
118 59 0 -86 86 0
118 59 0 -85 85 0
118 59 0 -84 84 0
118 59 -59 -83 83 166
118 59 0 -83 83 0
118 59 0 -82 82 0
118 59 0 -81 81 0
118 59 0 -80 80 0
118 59 -59 -79 79 158
118 59 0 -79 79 0
118 59 0 -78 78 0
118 59 0 -77 77 0
118 59 0 -76 76 0
118 59 -59 -75 75 150
118 59 0 -75 75 0
118 59 0 -74 74 0
118 59 0 -73 73 0
118 59 0 -72 72 0
118 59 -59 -71 71 142
118 59 0 -71 71 0
118 59 0 -70 70 0
118 59 0 -69 69 0
118 59 0 -68 68 0
118 59 -59 -67 67 134
118 59 0 -67 67 0
118 59 0 -66 66 0
118 59 0 -65 65 0
118 59 0 -64 64 0
118 59 -59 -63 63 126
118 59 0 -63 63 0
118 59 0 -62 62 0
118 59 0 -61 61 0
118 59 0 -60 60 0
118 59 -59 -59 59 118
118 59 0 -59 59 0
118 59 0 -58 58 0
118 59 0 -57 57 0
118 59 0 -56 56 0
118 59 -59 -55 55 110
118 59 0 -55 55 0
118 59 0 -54 54 0
118 59 0 -53 53 0
118 59 0 -52 52 0
118 59 -59 -51 51 102
118 59 0 -51 51 0
118 59 0 -50 50 0
118 59 0 -49 49 0
118 59 0 -48 48 0
118 59 -59 -47 47 94
118 59 0 -47 47 0
118 59 0 -46 46 0
118 59 0 -45 45 0
118 59 0 -44 44 0
118 59 -59 -43 43 86
118 59 0 -43 43 0
118 59 0 -42 42 0
118 59 0 -41 41 0
118 59 0 -40 40 0
118 59 -59 -39 39 78
118 59 0 -39 39 0
118 59 0 -38 38 0
118 59 0 -37 37 0
118 59 0 -36 36 0
118 59 -59 -35 35 70
118 59 0 -35 35 0
118 59 0 -34 34 0
118 59 0 -33 33 0
118 59 0 -32 32 0
118 59 -59 -31 31 62
118 59 0 -31 31 0
118 59 0 -30 30 0
118 59 0 -29 29 0
118 59 0 -28 28 0
118 59 -59 -27 27 54
118 59 0 -27 27 0
118 59 0 -26 26 0
118 59 0 -25 25 0
118 59 0 -24 24 0
118 59 -59 -23 23 46
118 59 0 -23 23 0
118 59 0 -22 22 0
118 59 0 -21 21 0
118 59 0 -20 20 0
118 59 -59 -19 19 38
118 59 0 -19 19 0
118 59 0 -18 18 0
118 59 0 -17 17 0
118 59 0 -16 16 0
118 59 -59 -15 15 30
118 59 0 -15 15 0
118 59 0 -14 14 0
118 59 0 -13 13 0
118 59 0 -12 12 0
118 59 -59 -11 11 22
118 59 0 -11 11 0
118 59 0 -10 10 0
118 59 0 -9 9 0
118 59 0 -8 8 0
118 59 -59 -7 7 14
118 59 0 -7 7 0
118 59 0 -6 6 0
118 59 0 -5 5 0
118 59 0 -4 4 0
118 59 -59 -3 3 6
118 59 0 -3 3 0
118 59 0 -2 2 0
118 59 0 -1 1 0
118 59 -59 1 -1 -2
118 59 0 1 -1 0
118 59 0 2 -2 0
118 59 0 3 -3 0
118 59 0 4 -4 0
118 59 -59 5 -5 -10
118 59 0 5 -5 0
118 59 0 6 -6 0
118 59 0 7 -7 0
118 59 0 8 -8 0
118 59 -59 9 -9 -18
118 59 0 9 -9 0
118 59 0 10 -10 0
118 59 0 11 -11 0
118 59 0 12 -12 0
118 59 -59 13 -13 -26
118 59 0 13 -13 0
118 59 0 14 -14 0
118 59 0 15 -15 0
118 59 0 16 -16 0
118 59 -59 17 -17 -34
118 59 0 17 -17 0
118 59 0 18 -18 0
118 59 0 19 -19 0
118 59 0 20 -20 0
118 59 -59 21 -21 -42
118 59 0 21 -21 0
118 59 0 22 -22 0
118 59 0 23 -23 0
118 59 0 24 -24 0
118 59 -59 25 -25 -50
118 59 0 25 -25 0
118 59 0 26 -26 0
118 59 0 27 -27 0
118 59 0 28 -28 0
118 59 -59 29 -29 -58
118 59 0 29 -29 0
118 59 0 30 -30 0
118 59 0 31 -31 0
118 59 0 32 -32 0
118 59 -59 33 -33 -66
118 59 0 33 -33 0
118 59 0 34 -34 0
118 59 0 35 -35 0
118 59 0 36 -36 0
118 59 -59 37 -37 -74
118 59 0 37 -37 0
118 59 0 38 -38 0
118 59 0 39 -39 0
118 59 0 40 -40 0
118 59 -59 41 -41 -82
118 59 0 41 -41 0
118 59 0 42 -42 0
118 59 0 43 -43 0
118 59 0 44 -44 0
118 59 -59 45 -45 -90
118 59 0 45 -45 0
118 59 0 46 -46 0
118 59 0 47 -47 0
118 59 0 48 -48 0
118 59 -59 49 -49 -98
118 59 0 49 -49 0
118 59 0 50 -50 0
118 59 0 51 -51 0
118 59 0 52 -52 0
118 59 -59 53 -53 -106
118 59 0 53 -53 0
118 59 0 54 -54 0
118 59 0 55 -55 0
118 59 0 56 -56 0
118 59 -59 57 -57 -114
118 59 0 57 -57 0
118 59 0 58 -58 0
118 59 0 59 -59 0
118 59 0 60 -60 0
118 59 -59 61 -61 -122
118 59 0 61 -61 0
118 59 0 62 -62 0
118 59 0 63 -63 0
118 59 0 64 -64 0
118 59 -59 65 -65 -130
118 59 0 65 -65 0
118 59 0 66 -66 0
118 59 0 67 -67 0
118 59 0 68 -68 0
118 59 -59 69 -69 -138
118 59 0 69 -69 0
118 59 0 70 -70 0
118 59 0 71 -71 0
118 59 0 72 -72 0
118 59 -59 73 -73 -146
118 59 0 73 -73 0
118 59 0 74 -74 0
118 59 0 75 -75 0
118 59 0 76 -76 0
118 59 -59 77 -77 -154
118 59 0 77 -77 0
118 59 0 78 -78 0
118 59 0 79 -79 0
118 59 0 80 -80 0
118 59 -59 81 -81 -162
118 59 0 81 -81 0
118 59 0 82 -82 0
118 59 0 83 -83 0
118 59 0 84 -84 0
118 59 -59 85 -85 -170
118 59 0 85 -85 0
118 59 0 86 -86 0
118 59 0 87 -87 0
118 59 -1 88 -88 -176
118 59 0 88 -88 0
118 59 -59 89 -89 -178
118 59 0 89 -89 0
118 59 0 90 -90 0
118 59 0 91 -91 0
118 59 0 92 -92 0
118 59 -59 93 -93 -186
118 59 0 93 -93 0
118 59 0 94 -94 0
118 59 0 95 -95 0
118 59 0 96 -96 0
118 59 -59 97 -97 -194
118 59 0 97 -97 0
118 59 0 98 -98 0
118 59 0 99 -99 0
118 59 0 100 -100 0
118 59 -59 101 -101 -202
118 59 0 101 -101 0
118 59 0 102 -102 0
118 59 0 103 -103 0
118 59 0 104 -104 0
118 59 -59 105 -105 -210
118 59 0 105 -105 0
118 59 0 106 -106 0
118 59 0 107 -107 0
118 59 0 108 -108 0
118 59 -59 109 -109 -218
118 59 0 109 -109 0
118 59 0 110 -110 0
118 59 0 111 -111 0
118 59 0 112 -112 0
118 59 -59 113 -113 -226
118 59 0 113 -113 0
118 59 0 114 -114 0
118 59 0 115 -115 0
118 59 0 116 -116 0
118 59 -59 117 -117 -234
118 59 0 117 -117 0
118 59 0 118 -118 0
118 59 0 119 -119 0
118 59 0 120 -120 0
118 59 -59 121 -121 -242
118 59 0 121 -121 0
118 59 0 122 -122 0
118 59 0 123 -123 0
118 59 0 124 -124 0
118 59 -59 125 -125 -250
118 59 0 125 -125 0
118 59 0 126 -126 0
118 59 0 127 -127 0
118 59 0 128 -128 0
118 59 -59 129 -129 -258
118 59 0 129 -129 0
118 59 0 130 -130 0
118 59 0 131 -131 0
118 59 0 132 -132 0
118 59 -59 133 -133 -266
118 59 0 133 -133 0
118 59 0 134 -134 0
118 59 0 135 -135 0
118 59 0 136 -136 0
118 59 -59 137 -137 -274
118 59 0 137 -137 0
118 59 0 138 -138 0
118 59 0 139 -139 0
118 59 0 140 -140 0
118 59 -59 141 -141 -282
118 59 0 141 -141 0
118 59 0 142 -142 0
118 59 0 143 -143 0
118 59 0 144 -144 0
118 59 -59 145 -145 -290
118 59 0 145 -145 0
118 59 0 146 -146 0
118 59 0 147 -147 0
118 59 0 148 -148 0
118 59 -59 149 -149 -298
118 59 0 149 -149 0
118 59 0 150 -150 0
120 60 0 -150 150 0
120 60 0 -149 149 0
120 60 -60 -148 148 296
120 60 0 -148 148 0
120 60 0 -147 147 0
120 60 0 -146 146 0
120 60 0 -145 145 0
120 60 -60 -144 144 288
120 60 0 -144 144 0
120 60 0 -143 143 0
120 60 0 -142 142 0
120 60 0 -141 141 0
120 60 -60 -140 140 280
120 60 0 -140 140 0
120 60 0 -139 139 0
120 60 0 -138 138 0
120 60 0 -137 137 0
120 60 -60 -136 136 272
120 60 0 -136 136 0
120 60 0 -135 135 0
120 60 0 -134 134 0
120 60 0 -133 133 0
120 60 -60 -132 132 264
120 60 0 -132 132 0
120 60 0 -131 131 0
120 60 0 -130 130 0
120 60 0 -129 129 0
120 60 -60 -128 128 256
120 60 0 -128 128 0
120 60 0 -127 127 0
120 60 0 -126 126 0
120 60 0 -125 125 0
120 60 -60 -124 124 248
120 60 0 -124 124 0
120 60 0 -123 123 0
120 60 0 -122 122 0
120 60 0 -121 121 0
120 60 -60 -120 120 240
120 60 0 -120 120 0
120 60 0 -119 119 0
120 60 0 -118 118 0
120 60 0 -117 117 0
120 60 -60 -116 116 232
120 60 0 -116 116 0
120 60 0 -115 115 0
120 60 0 -114 114 0
120 60 0 -113 113 0
120 60 -60 -112 112 224
120 60 0 -112 112 0
120 60 0 -111 111 0
120 60 0 -110 110 0
120 60 0 -109 109 0
120 60 -60 -108 108 216
120 60 0 -108 108 0
120 60 0 -107 107 0
120 60 0 -106 106 0
120 60 0 -105 105 0
120 60 -60 -104 104 208
120 60 0 -104 104 0
120 60 0 -103 103 0
120 60 0 -102 102 0
120 60 0 -101 101 0
120 60 -60 -100 100 200
120 60 0 -100 100 0
120 60 0 -99 99 0
120 60 0 -98 98 0
120 60 0 -97 97 0
120 60 -60 -96 96 192
120 60 0 -96 96 0
120 60 0 -95 95 0
120 60 0 -94 94 0
120 60 0 -93 93 0
120 60 -60 -92 92 184
120 60 0 -92 92 0
120 60 0 -91 91 0
120 60 0 -90 90 0
120 60 0 -89 89 0
120 60 -60 -88 88 176
120 60 0 -88 88 0
120 60 0 -87 87 0
120 60 0 -86 86 0
120 60 0 -85 85 0
120 60 -60 -84 84 168
120 60 0 -84 84 0
120 60 0 -83 83 0
120 60 0 -82 82 0
120 60 0 -81 81 0
120 60 -60 -80 80 160
120 60 0 -80 80 0
120 60 0 -79 79 0
120 60 0 -78 78 0
120 60 0 -77 77 0
120 60 -60 -76 76 152
120 60 0 -76 76 0
120 60 0 -75 75 0
120 60 0 -74 74 0
120 60 0 -73 73 0
120 60 -60 -72 72 144
120 60 0 -72 72 0
120 60 0 -71 71 0
120 60 0 -70 70 0
120 60 0 -69 69 0
120 60 -60 -68 68 136
120 60 0 -68 68 0
120 60 0 -67 67 0
120 60 0 -66 66 0
120 60 0 -65 65 0
120 60 -60 -64 64 128
120 60 0 -64 64 0
120 60 0 -63 63 0
120 60 0 -62 62 0
120 60 0 -61 61 0
120 60 -60 -60 60 120
120 60 0 -60 60 0
120 60 0 -59 59 0
120 60 0 -58 58 0
120 60 0 -57 57 0
120 60 -60 -56 56 112
120 60 0 -56 56 0
120 60 0 -55 55 0
120 60 0 -54 54 0
120 60 0 -53 53 0
120 60 -60 -52 52 104
120 60 0 -52 52 0
120 60 0 -51 51 0
120 60 0 -50 50 0
120 60 0 -49 49 0
120 60 -60 -48 48 96
120 60 0 -48 48 0
120 60 0 -47 47 0
120 60 0 -46 46 0
120 60 0 -45 45 0
120 60 -60 -44 44 88
120 60 0 -44 44 0
120 60 0 -43 43 0
120 60 0 -42 42 0
120 60 0 -41 41 0
120 60 -60 -40 40 80
120 60 0 -40 40 0
120 60 0 -39 39 0
120 60 0 -38 38 0
120 60 0 -37 37 0
120 60 -60 -36 36 72
120 60 0 -36 36 0
120 60 0 -35 35 0
120 60 0 -34 34 0
120 60 0 -33 33 0
120 60 -60 -32 32 64
120 60 0 -32 32 0
120 60 0 -31 31 0
120 60 0 -30 30 0
120 60 0 -29 29 0
120 60 -60 -28 28 56
120 60 0 -28 28 0
120 60 0 -27 27 0
120 60 0 -26 26 0
120 60 0 -25 25 0
120 60 -60 -24 24 48
120 60 0 -24 24 0
120 60 0 -23 23 0
120 60 0 -22 22 0
120 60 0 -21 21 0
120 60 -60 -20 20 40
120 60 0 -20 20 0
120 60 0 -19 19 0
120 60 0 -18 18 0
120 60 0 -17 17 0
120 60 -60 -16 16 32
120 60 0 -16 16 0
120 60 0 -15 15 0
120 60 0 -14 14 0
120 60 0 -13 13 0
120 60 -60 -12 12 24
120 60 0 -12 12 0
120 60 0 -11 11 0
120 60 0 -10 10 0
120 60 0 -9 9 0
120 60 -60 -8 8 16
120 60 0 -8 8 0
120 60 0 -7 7 0
120 60 0 -6 6 0
120 60 0 -5 5 0
120 60 -60 -4 4 8
120 60 0 -4 4 0
120 60 0 -3 3 0
120 60 0 -2 2 0
120 60 0 -1 1 0
120 60 0 1 -1 0
120 60 0 2 -2 0
120 60 0 3 -3 0
120 60 -60 4 -4 -8
120 60 0 4 -4 0
120 60 0 5 -5 0
120 60 0 6 -6 0
120 60 0 7 -7 0
120 60 -60 8 -8 -16
120 60 0 8 -8 0
120 60 0 9 -9 0
120 60 0 10 -10 0
120 60 0 11 -11 0
120 60 -60 12 -12 -24
120 60 0 12 -12 0
120 60 0 13 -13 0
120 60 0 14 -14 0
120 60 0 15 -15 0
120 60 -60 16 -16 -32
120 60 0 16 -16 0
120 60 0 17 -17 0
120 60 0 18 -18 0
120 60 0 19 -19 0
120 60 -60 20 -20 -40
120 60 0 20 -20 0
120 60 0 21 -21 0
120 60 0 22 -22 0
120 60 0 23 -23 0
120 60 -60 24 -24 -48
120 60 0 24 -24 0
120 60 0 25 -25 0
120 60 0 26 -26 0
120 60 0 27 -27 0
120 60 -60 28 -28 -56
120 60 0 28 -28 0
120 60 0 29 -29 0
120 60 0 30 -30 0
120 60 0 31 -31 0
120 60 -60 32 -32 -64
120 60 0 32 -32 0
120 60 0 33 -33 0
120 60 0 34 -34 0
120 60 0 35 -35 0
120 60 -60 36 -36 -72
120 60 0 36 -36 0
120 60 0 37 -37 0
120 60 0 38 -38 0
120 60 0 39 -39 0
120 60 -60 40 -40 -80
120 60 0 40 -40 0
120 60 0 41 -41 0
120 60 0 42 -42 0
120 60 0 43 -43 0
120 60 -60 44 -44 -88
120 60 0 44 -44 0
120 60 0 45 -45 0
120 60 0 46 -46 0
120 60 0 47 -47 0
120 60 -60 48 -48 -96
120 60 0 48 -48 0
120 60 0 49 -49 0
120 60 0 50 -50 0
120 60 0 51 -51 0
120 60 -60 52 -52 -104
120 60 0 52 -52 0
120 60 0 53 -53 0
120 60 0 54 -54 0
120 60 0 55 -55 0
120 60 -60 56 -56 -112
120 60 0 56 -56 0
120 60 0 57 -57 0
120 60 0 58 -58 0
120 60 0 59 -59 0
120 60 -60 60 -60 -120
120 60 0 60 -60 0
120 60 0 61 -61 0
120 60 0 62 -62 0
120 60 0 63 -63 0
120 60 -60 64 -64 -128
120 60 0 64 -64 0
120 60 0 65 -65 0
120 60 0 66 -66 0
120 60 0 67 -67 0
120 60 -60 68 -68 -136
120 60 0 68 -68 0
120 60 0 69 -69 0
120 60 0 70 -70 0
120 60 0 71 -71 0
120 60 -60 72 -72 -144
120 60 0 72 -72 0
120 60 0 73 -73 0
120 60 0 74 -74 0
120 60 0 75 -75 0
120 60 -60 76 -76 -152
120 60 0 76 -76 0
120 60 0 77 -77 0
120 60 0 78 -78 0
120 60 0 79 -79 0
120 60 -60 80 -80 -160
120 60 0 80 -80 0
120 60 0 81 -81 0
120 60 0 82 -82 0
120 60 0 83 -83 0
120 60 -60 84 -84 -168
120 60 0 84 -84 0
120 60 0 85 -85 0
120 60 0 86 -86 0
120 60 0 87 -87 0
120 60 -60 88 -88 -176
120 60 0 88 -88 0
120 60 0 89 -89 0
120 60 0 90 -90 0
120 60 0 91 -91 0
120 60 -60 92 -92 -184
120 60 0 92 -92 0
120 60 0 93 -93 0
120 60 0 94 -94 0
120 60 0 95 -95 0
120 60 -60 96 -96 -192
120 60 0 96 -96 0
120 60 0 97 -97 0
120 60 0 98 -98 0
120 60 0 99 -99 0
120 60 -60 100 -100 -200
120 60 0 100 -100 0
120 60 0 101 -101 0
120 60 0 102 -102 0
120 60 0 103 -103 0
120 60 -60 104 -104 -208
120 60 0 104 -104 0
120 60 0 105 -105 0
120 60 0 106 -106 0
120 60 0 107 -107 0
120 60 -60 108 -108 -216
120 60 0 108 -108 0
120 60 0 109 -109 0
120 60 0 110 -110 0
120 60 0 111 -111 0
120 60 -60 112 -112 -224
120 60 0 112 -112 0
120 60 0 113 -113 0
120 60 0 114 -114 0
120 60 0 115 -115 0
120 60 -60 116 -116 -232
120 60 0 116 -116 0
120 60 0 117 -117 0
120 60 0 118 -118 0
120 60 0 119 -119 0
120 60 -60 120 -120 -240
120 60 0 120 -120 0
120 60 0 121 -121 0
120 60 0 122 -122 0
120 60 0 123 -123 0
120 60 -60 124 -124 -248
120 60 0 124 -124 0
120 60 0 125 -125 0
120 60 0 126 -126 0
120 60 0 127 -127 0
120 60 -60 128 -128 -256
120 60 0 128 -128 0
120 60 0 129 -129 0
120 60 0 130 -130 0
120 60 0 131 -131 0
120 60 -60 132 -132 -264
120 60 0 132 -132 0
120 60 0 133 -133 0
120 60 0 134 -134 0
120 60 0 135 -135 0
120 60 -60 136 -136 -272
120 60 0 136 -136 0
120 60 0 137 -137 0
120 60 0 138 -138 0
120 60 0 139 -139 0
120 60 -60 140 -140 -280
120 60 0 140 -140 0
120 60 0 141 -141 0
120 60 0 142 -142 0
120 60 0 143 -143 0
120 60 -60 144 -144 -288
120 60 0 144 -144 0
120 60 0 145 -145 0
120 60 0 146 -146 0
120 60 0 147 -147 0
120 60 -60 148 -148 -296
120 60 0 148 -148 0
120 60 0 149 -149 0
120 60 0 150 -150 0
122 61 0 -150 150 0
122 61 0 -149 149 0
122 61 0 -148 148 0
122 61 -61 -147 147 294
122 61 0 -147 147 0
122 61 0 -146 146 0
122 61 0 -145 145 0
122 61 0 -144 144 0
122 61 -61 -143 143 286
122 61 0 -143 143 0
122 61 0 -142 142 0
122 61 0 -141 141 0
122 61 0 -140 140 0
122 61 -61 -139 139 278
122 61 0 -139 139 0
122 61 0 -138 138 0
122 61 0 -137 137 0
122 61 0 -136 136 0
122 61 -61 -135 135 270
122 61 0 -135 135 0
122 61 0 -134 134 0
122 61 0 -133 133 0
122 61 0 -132 132 0
122 61 -61 -131 131 262
122 61 0 -131 131 0
122 61 0 -130 130 0
122 61 0 -129 129 0
122 61 0 -128 128 0
122 61 -61 -127 127 254
122 61 0 -127 127 0
122 61 0 -126 126 0
122 61 0 -125 125 0
122 61 0 -124 124 0
122 61 -61 -123 123 246
122 61 0 -123 123 0
122 61 0 -122 122 0
122 61 0 -121 121 0
122 61 0 -120 120 0
122 61 -61 -119 119 238
122 61 0 -119 119 0
122 61 0 -118 118 0
122 61 0 -117 117 0
122 61 0 -116 116 0
122 61 -61 -115 115 230
122 61 0 -115 115 0
122 61 0 -114 114 0
122 61 0 -113 113 0
122 61 0 -112 112 0
122 61 -61 -111 111 222
122 61 0 -111 111 0
122 61 0 -110 110 0
122 61 0 -109 109 0
122 61 0 -108 108 0
122 61 -61 -107 107 214
122 61 0 -107 107 0
122 61 0 -106 106 0
122 61 0 -105 105 0
122 61 0 -104 104 0
122 61 -61 -103 103 206
122 61 0 -103 103 0
122 61 0 -102 102 0
122 61 0 -101 101 0
122 61 0 -100 100 0
122 61 -61 -99 99 198
122 61 0 -99 99 0
122 61 0 -98 98 0
122 61 0 -97 97 0
122 61 0 -96 96 0
122 61 -61 -95 95 190
122 61 0 -95 95 0
122 61 0 -94 94 0
122 61 0 -93 93 0
122 61 0 -92 92 0
122 61 1 -92 92 184
122 61 -61 -91 91 182
122 61 0 -91 91 0
122 61 0 -90 90 0
122 61 0 -89 89 0
122 61 0 -88 88 0
122 61 -61 -87 87 174
122 61 0 -87 87 0
122 61 0 -86 86 0
122 61 0 -85 85 0
122 61 0 -84 84 0
122 61 -61 -83 83 166
122 61 0 -83 83 0
122 61 0 -82 82 0
122 61 0 -81 81 0
122 61 0 -80 80 0
122 61 -61 -79 79 158
122 61 0 -79 79 0
122 61 0 -78 78 0
122 61 0 -77 77 0
122 61 0 -76 76 0
122 61 -61 -75 75 150
122 61 0 -75 75 0
122 61 0 -74 74 0
122 61 0 -73 73 0
122 61 0 -72 72 0
122 61 -61 -71 71 142
122 61 0 -71 71 0
122 61 0 -70 70 0
122 61 0 -69 69 0
122 61 0 -68 68 0
122 61 -61 -67 67 134
122 61 0 -67 67 0
122 61 0 -66 66 0
122 61 0 -65 65 0
122 61 0 -64 64 0
122 61 -61 -63 63 126
122 61 0 -63 63 0
122 61 0 -62 62 0
122 61 0 -61 61 0
122 61 0 -60 60 0
122 61 -61 -59 59 118
122 61 0 -59 59 0
122 61 0 -58 58 0
122 61 0 -57 57 0
122 61 0 -56 56 0
122 61 -61 -55 55 110
122 61 0 -55 55 0
122 61 0 -54 54 0
122 61 0 -53 53 0
122 61 0 -52 52 0
122 61 -61 -51 51 102
122 61 0 -51 51 0
122 61 0 -50 50 0
122 61 0 -49 49 0
122 61 0 -48 48 0
122 61 -61 -47 47 94
122 61 0 -47 47 0
122 61 0 -46 46 0
122 61 0 -45 45 0
122 61 0 -44 44 0
122 61 -61 -43 43 86
122 61 0 -43 43 0
122 61 0 -42 42 0
122 61 0 -41 41 0
122 61 0 -40 40 0
122 61 -61 -39 39 78
122 61 0 -39 39 0
122 61 0 -38 38 0
122 61 0 -37 37 0
122 61 0 -36 36 0
122 61 -61 -35 35 70
122 61 0 -35 35 0
122 61 0 -34 34 0
122 61 0 -33 33 0
122 61 0 -32 32 0
122 61 -61 -31 31 62
122 61 0 -31 31 0
122 61 0 -30 30 0
122 61 0 -29 29 0
122 61 0 -28 28 0
122 61 -61 -27 27 54
122 61 0 -27 27 0
122 61 0 -26 26 0
122 61 0 -25 25 0
122 61 0 -24 24 0
122 61 -61 -23 23 46
122 61 0 -23 23 0
122 61 0 -22 22 0
122 61 0 -21 21 0
122 61 0 -20 20 0
122 61 -61 -19 19 38
122 61 0 -19 19 0
122 61 0 -18 18 0
122 61 0 -17 17 0
122 61 0 -16 16 0
122 61 -61 -15 15 30
122 61 0 -15 15 0
122 61 0 -14 14 0
122 61 0 -13 13 0
122 61 0 -12 12 0
122 61 -61 -11 11 22
122 61 0 -11 11 0
122 61 0 -10 10 0
122 61 0 -9 9 0
122 61 0 -8 8 0
122 61 -61 -7 7 14
122 61 0 -7 7 0
122 61 0 -6 6 0
122 61 0 -5 5 0
122 61 0 -4 4 0
122 61 -61 -3 3 6
122 61 0 -3 3 0
122 61 0 -2 2 0
122 61 0 -1 1 0
122 61 -61 1 -1 -2
122 61 0 1 -1 0
122 61 0 2 -2 0
122 61 0 3 -3 0
122 61 0 4 -4 0
122 61 -61 5 -5 -10
122 61 0 5 -5 0
122 61 0 6 -6 0
122 61 0 7 -7 0
122 61 0 8 -8 0
122 61 -61 9 -9 -18
122 61 0 9 -9 0
122 61 0 10 -10 0
122 61 0 11 -11 0
122 61 0 12 -12 0
122 61 -61 13 -13 -26
122 61 0 13 -13 0
122 61 0 14 -14 0
122 61 0 15 -15 0
122 61 0 16 -16 0
122 61 -61 17 -17 -34
122 61 0 17 -17 0
122 61 0 18 -18 0
122 61 0 19 -19 0
122 61 0 20 -20 0
122 61 -61 21 -21 -42
122 61 0 21 -21 0
122 61 0 22 -22 0
122 61 0 23 -23 0
122 61 0 24 -24 0
122 61 -61 25 -25 -50
122 61 0 25 -25 0
122 61 0 26 -26 0
122 61 0 27 -27 0
122 61 0 28 -28 0
122 61 -61 29 -29 -58
122 61 0 29 -29 0
122 61 0 30 -30 0
122 61 0 31 -31 0
122 61 0 32 -32 0
122 61 -61 33 -33 -66
122 61 0 33 -33 0
122 61 0 34 -34 0
122 61 0 35 -35 0
122 61 0 36 -36 0
122 61 -61 37 -37 -74
122 61 0 37 -37 0
122 61 0 38 -38 0
122 61 0 39 -39 0
122 61 0 40 -40 0
122 61 -61 41 -41 -82
122 61 0 41 -41 0
122 61 0 42 -42 0
122 61 0 43 -43 0
122 61 0 44 -44 0
122 61 -61 45 -45 -90
122 61 0 45 -45 0
122 61 0 46 -46 0
122 61 0 47 -47 0
122 61 0 48 -48 0
122 61 -61 49 -49 -98
122 61 0 49 -49 0
122 61 0 50 -50 0
122 61 0 51 -51 0
122 61 0 52 -52 0
122 61 -61 53 -53 -106
122 61 0 53 -53 0
122 61 0 54 -54 0
122 61 0 55 -55 0
122 61 0 56 -56 0
122 61 -61 57 -57 -114
122 61 0 57 -57 0
122 61 0 58 -58 0
122 61 0 59 -59 0
122 61 0 60 -60 0
122 61 -61 61 -61 -122
122 61 0 61 -61 0
122 61 0 62 -62 0
122 61 0 63 -63 0
122 61 0 64 -64 0
122 61 -61 65 -65 -130
122 61 0 65 -65 0
122 61 0 66 -66 0
122 61 0 67 -67 0
122 61 0 68 -68 0
122 61 -61 69 -69 -138
122 61 0 69 -69 0
122 61 0 70 -70 0
122 61 0 71 -71 0
122 61 0 72 -72 0
122 61 -61 73 -73 -146
122 61 0 73 -73 0
122 61 0 74 -74 0
122 61 0 75 -75 0
122 61 0 76 -76 0
122 61 -61 77 -77 -154
122 61 0 77 -77 0
122 61 0 78 -78 0
122 61 0 79 -79 0
122 61 0 80 -80 0
122 61 -61 81 -81 -162
122 61 0 81 -81 0
122 61 0 82 -82 0
122 61 0 83 -83 0
122 61 0 84 -84 0
122 61 -61 85 -85 -170
122 61 0 85 -85 0
122 61 0 86 -86 0
122 61 0 87 -87 0
122 61 0 88 -88 0
122 61 -61 89 -89 -178
122 61 0 89 -89 0
122 61 0 90 -90 0
122 61 -1 91 -91 -182
122 61 0 91 -91 0
122 61 0 92 -92 0
122 61 -61 93 -93 -186
122 61 0 93 -93 0
122 61 0 94 -94 0
122 61 0 95 -95 0
122 61 0 96 -96 0
122 61 -61 97 -97 -194
122 61 0 97 -97 0
122 61 0 98 -98 0
122 61 0 99 -99 0
122 61 0 100 -100 0
122 61 -61 101 -101 -202
122 61 0 101 -101 0
122 61 0 102 -102 0
122 61 0 103 -103 0
122 61 0 104 -104 0
122 61 -61 105 -105 -210
122 61 0 105 -105 0
122 61 0 106 -106 0
122 61 0 107 -107 0
122 61 0 108 -108 0
122 61 -61 109 -109 -218
122 61 0 109 -109 0
122 61 0 110 -110 0
122 61 0 111 -111 0
122 61 0 112 -112 0
122 61 -61 113 -113 -226
122 61 0 113 -113 0
122 61 0 114 -114 0
122 61 0 115 -115 0
122 61 0 116 -116 0
122 61 -61 117 -117 -234
122 61 0 117 -117 0
122 61 0 118 -118 0
122 61 0 119 -119 0
122 61 0 120 -120 0
122 61 -61 121 -121 -242
122 61 0 121 -121 0
122 61 0 122 -122 0
122 61 0 123 -123 0
122 61 0 124 -124 0
122 61 -61 125 -125 -250
122 61 0 125 -125 0
122 61 0 126 -126 0
122 61 0 127 -127 0
122 61 0 128 -128 0
122 61 -61 129 -129 -258
122 61 0 129 -129 0
122 61 0 130 -130 0
122 61 0 131 -131 0
122 61 0 132 -132 0
122 61 -61 133 -133 -266
122 61 0 133 -133 0
122 61 0 134 -134 0
122 61 0 135 -135 0
122 61 0 136 -136 0
122 61 -61 137 -137 -274
122 61 0 137 -137 0
122 61 0 138 -138 0
122 61 0 139 -139 0
122 61 0 140 -140 0
122 61 -61 141 -141 -282
122 61 0 141 -141 0
122 61 0 142 -142 0
122 61 0 143 -143 0
122 61 0 144 -144 0
122 61 -61 145 -145 -290
122 61 0 145 -145 0
122 61 0 146 -146 0
122 61 0 147 -147 0
122 61 0 148 -148 0
122 61 -61 149 -149 -298
122 61 0 149 -149 0
122 61 0 150 -150 0
124 62 0 -150 150 0
124 62 0 -149 149 0
124 62 -62 -148 148 296
124 62 0 -148 148 0
124 62 0 -147 147 0
124 62 0 -146 146 0
124 62 0 -145 145 0
124 62 -62 -144 144 288
124 62 0 -144 144 0
124 62 0 -143 143 0
124 62 0 -142 142 0
124 62 0 -141 141 0
124 62 -62 -140 140 280
124 62 0 -140 140 0
124 62 0 -139 139 0
124 62 0 -138 138 0
124 62 0 -137 137 0
124 62 -62 -136 136 272
124 62 0 -136 136 0
124 62 0 -135 135 0
124 62 0 -134 134 0
124 62 0 -133 133 0
124 62 -62 -132 132 264
124 62 0 -132 132 0
124 62 0 -131 131 0
124 62 0 -130 130 0
124 62 0 -129 129 0
124 62 -62 -128 128 256
124 62 0 -128 128 0
124 62 0 -127 127 0
124 62 0 -126 126 0
124 62 0 -125 125 0
124 62 -62 -124 124 248
124 62 0 -124 124 0
124 62 0 -123 123 0
124 62 0 -122 122 0
124 62 0 -121 121 0
124 62 -62 -120 120 240
124 62 0 -120 120 0
124 62 0 -119 119 0
124 62 0 -118 118 0
124 62 0 -117 117 0
124 62 -62 -116 116 232
124 62 0 -116 116 0
124 62 0 -115 115 0
124 62 0 -114 114 0
124 62 0 -113 113 0
124 62 -62 -112 112 224
124 62 0 -112 112 0
124 62 0 -111 111 0
124 62 0 -110 110 0
124 62 0 -109 109 0
124 62 -62 -108 108 216
124 62 0 -108 108 0
124 62 0 -107 107 0
124 62 0 -106 106 0
124 62 0 -105 105 0
124 62 -62 -104 104 208
124 62 0 -104 104 0
124 62 0 -103 103 0
124 62 0 -102 102 0
124 62 0 -101 101 0
124 62 -62 -100 100 200
124 62 0 -100 100 0
124 62 0 -99 99 0
124 62 0 -98 98 0
124 62 0 -97 97 0
124 62 -62 -96 96 192
124 62 0 -96 96 0
124 62 0 -95 95 0
124 62 0 -94 94 0
124 62 0 -93 93 0
124 62 -62 -92 92 184
124 62 0 -92 92 0
124 62 0 -91 91 0
124 62 0 -90 90 0
124 62 0 -89 89 0
124 62 -62 -88 88 176
124 62 0 -88 88 0
124 62 0 -87 87 0
124 62 0 -86 86 0
124 62 0 -85 85 0
124 62 -62 -84 84 168
124 62 0 -84 84 0
124 62 0 -83 83 0
124 62 0 -82 82 0
124 62 0 -81 81 0
124 62 -62 -80 80 160
124 62 0 -80 80 0
124 62 0 -79 79 0
124 62 0 -78 78 0
124 62 0 -77 77 0
124 62 -62 -76 76 152
124 62 0 -76 76 0
124 62 0 -75 75 0
124 62 0 -74 74 0
124 62 0 -73 73 0
124 62 -62 -72 72 144
124 62 0 -72 72 0
124 62 0 -71 71 0
124 62 0 -70 70 0
124 62 0 -69 69 0
124 62 -62 -68 68 136
124 62 0 -68 68 0
124 62 0 -67 67 0
124 62 0 -66 66 0
124 62 0 -65 65 0
124 62 -62 -64 64 128
124 62 0 -64 64 0
124 62 0 -63 63 0
124 62 0 -62 62 0
124 62 0 -61 61 0
124 62 -62 -60 60 120
124 62 0 -60 60 0
124 62 0 -59 59 0
124 62 0 -58 58 0
124 62 0 -57 57 0
124 62 -62 -56 56 112
124 62 0 -56 56 0
124 62 0 -55 55 0
124 62 0 -54 54 0
124 62 0 -53 53 0
124 62 -62 -52 52 104
124 62 0 -52 52 0
124 62 0 -51 51 0
124 62 0 -50 50 0
124 62 0 -49 49 0
124 62 -62 -48 48 96
124 62 0 -48 48 0
124 62 0 -47 47 0
124 62 0 -46 46 0
124 62 0 -45 45 0
124 62 -62 -44 44 88
124 62 0 -44 44 0
124 62 0 -43 43 0
124 62 0 -42 42 0
124 62 0 -41 41 0
124 62 -62 -40 40 80
124 62 0 -40 40 0
124 62 0 -39 39 0
124 62 0 -38 38 0
124 62 0 -37 37 0
124 62 -62 -36 36 72
124 62 0 -36 36 0
124 62 0 -35 35 0
124 62 0 -34 34 0
124 62 0 -33 33 0
124 62 -62 -32 32 64
124 62 0 -32 32 0
124 62 0 -31 31 0
124 62 0 -30 30 0
124 62 0 -29 29 0
124 62 -62 -28 28 56
124 62 0 -28 28 0
124 62 0 -27 27 0
124 62 0 -26 26 0
124 62 0 -25 25 0
124 62 -62 -24 24 48
124 62 0 -24 24 0
124 62 0 -23 23 0
124 62 0 -22 22 0
124 62 0 -21 21 0
124 62 -62 -20 20 40
124 62 0 -20 20 0
124 62 0 -19 19 0
124 62 0 -18 18 0
124 62 0 -17 17 0
124 62 -62 -16 16 32
124 62 0 -16 16 0
124 62 0 -15 15 0
124 62 0 -14 14 0
124 62 0 -13 13 0
124 62 -62 -12 12 24
124 62 0 -12 12 0
124 62 0 -11 11 0
124 62 0 -10 10 0
124 62 0 -9 9 0
124 62 -62 -8 8 16
124 62 0 -8 8 0
124 62 0 -7 7 0
124 62 0 -6 6 0
124 62 0 -5 5 0
124 62 -62 -4 4 8
124 62 0 -4 4 0
124 62 0 -3 3 0
124 62 0 -2 2 0
124 62 0 -1 1 0
124 62 0 1 -1 0
124 62 0 2 -2 0
124 62 0 3 -3 0
124 62 -62 4 -4 -8
124 62 0 4 -4 0
124 62 0 5 -5 0
124 62 0 6 -6 0
124 62 0 7 -7 0
124 62 -62 8 -8 -16
124 62 0 8 -8 0
124 62 0 9 -9 0
124 62 0 10 -10 0
124 62 0 11 -11 0
124 62 -62 12 -12 -24
124 62 0 12 -12 0
124 62 0 13 -13 0
124 62 0 14 -14 0
124 62 0 15 -15 0
124 62 -62 16 -16 -32
124 62 0 16 -16 0
124 62 0 17 -17 0
124 62 0 18 -18 0
124 62 0 19 -19 0
124 62 -62 20 -20 -40
124 62 0 20 -20 0
124 62 0 21 -21 0
124 62 0 22 -22 0
124 62 0 23 -23 0
124 62 -62 24 -24 -48
124 62 0 24 -24 0
124 62 0 25 -25 0
124 62 0 26 -26 0
124 62 0 27 -27 0
124 62 -62 28 -28 -56
124 62 0 28 -28 0
124 62 0 29 -29 0
124 62 0 30 -30 0
124 62 0 31 -31 0
124 62 -62 32 -32 -64
124 62 0 32 -32 0
124 62 0 33 -33 0
124 62 0 34 -34 0
124 62 0 35 -35 0
124 62 -62 36 -36 -72
124 62 0 36 -36 0
124 62 0 37 -37 0
124 62 0 38 -38 0
124 62 0 39 -39 0
124 62 -62 40 -40 -80
124 62 0 40 -40 0
124 62 0 41 -41 0
124 62 0 42 -42 0
124 62 0 43 -43 0
124 62 -62 44 -44 -88
124 62 0 44 -44 0
124 62 0 45 -45 0
124 62 0 46 -46 0
124 62 0 47 -47 0
124 62 -62 48 -48 -96
124 62 0 48 -48 0
124 62 0 49 -49 0
124 62 0 50 -50 0
124 62 0 51 -51 0
124 62 -62 52 -52 -104
124 62 0 52 -52 0
124 62 0 53 -53 0
124 62 0 54 -54 0
124 62 0 55 -55 0
124 62 -62 56 -56 -112
124 62 0 56 -56 0
124 62 0 57 -57 0
124 62 0 58 -58 0
124 62 0 59 -59 0
124 62 -62 60 -60 -120
124 62 0 60 -60 0
124 62 0 61 -61 0
124 62 0 62 -62 0
124 62 0 63 -63 0
124 62 -62 64 -64 -128
124 62 0 64 -64 0
124 62 0 65 -65 0
124 62 0 66 -66 0
124 62 0 67 -67 0
124 62 -62 68 -68 -136
124 62 0 68 -68 0
124 62 0 69 -69 0
124 62 0 70 -70 0
124 62 0 71 -71 0
124 62 -62 72 -72 -144
124 62 0 72 -72 0
124 62 0 73 -73 0
124 62 0 74 -74 0
124 62 0 75 -75 0
124 62 -62 76 -76 -152
124 62 0 76 -76 0
124 62 0 77 -77 0
124 62 0 78 -78 0
124 62 0 79 -79 0
124 62 -62 80 -80 -160
124 62 0 80 -80 0
124 62 0 81 -81 0
124 62 0 82 -82 0
124 62 0 83 -83 0
124 62 -62 84 -84 -168
124 62 0 84 -84 0
124 62 0 85 -85 0
124 62 0 86 -86 0
124 62 0 87 -87 0
124 62 -62 88 -88 -176
124 62 0 88 -88 0
124 62 0 89 -89 0
124 62 0 90 -90 0
124 62 0 91 -91 0
124 62 -62 92 -92 -184
124 62 0 92 -92 0
124 62 0 93 -93 0
124 62 0 94 -94 0
124 62 0 95 -95 0
124 62 -62 96 -96 -192
124 62 0 96 -96 0
124 62 0 97 -97 0
124 62 0 98 -98 0
124 62 0 99 -99 0
124 62 -62 100 -100 -200
124 62 0 100 -100 0
124 62 0 101 -101 0
124 62 0 102 -102 0
124 62 0 103 -103 0
124 62 -62 104 -104 -208
124 62 0 104 -104 0
124 62 0 105 -105 0
124 62 0 106 -106 0
124 62 0 107 -107 0
124 62 -62 108 -108 -216
124 62 0 108 -108 0
124 62 0 109 -109 0
124 62 0 110 -110 0
124 62 0 111 -111 0
124 62 -62 112 -112 -224
124 62 0 112 -112 0
124 62 0 113 -113 0
124 62 0 114 -114 0
124 62 0 115 -115 0
124 62 -62 116 -116 -232
124 62 0 116 -116 0
124 62 0 117 -117 0
124 62 0 118 -118 0
124 62 0 119 -119 0
124 62 -62 120 -120 -240
124 62 0 120 -120 0
124 62 0 121 -121 0
124 62 0 122 -122 0
124 62 0 123 -123 0
124 62 -62 124 -124 -248
124 62 0 124 -124 0
124 62 0 125 -125 0
124 62 0 126 -126 0
124 62 0 127 -127 0
124 62 -62 128 -128 -256
124 62 0 128 -128 0
124 62 0 129 -129 0
124 62 0 130 -130 0
124 62 0 131 -131 0
124 62 -62 132 -132 -264
124 62 0 132 -132 0
124 62 0 133 -133 0
124 62 0 134 -134 0
124 62 0 135 -135 0
124 62 -62 136 -136 -272
124 62 0 136 -136 0
124 62 0 137 -137 0
124 62 0 138 -138 0
124 62 0 139 -139 0
124 62 -62 140 -140 -280
124 62 0 140 -140 0
124 62 0 141 -141 0
124 62 0 142 -142 0
124 62 0 143 -143 0
124 62 -62 144 -144 -288
124 62 0 144 -144 0
124 62 0 145 -145 0
124 62 0 146 -146 0
124 62 0 147 -147 0
124 62 -62 148 -148 -296
124 62 0 148 -148 0
124 62 0 149 -149 0
124 62 0 150 -150 0
126 63 0 -150 150 0
126 63 0 -149 149 0
126 63 0 -148 148 0
126 63 -63 -147 147 294
126 63 0 -147 147 0
126 63 0 -146 146 0
126 63 0 -145 145 0
126 63 0 -144 144 0
126 63 -63 -143 143 286
126 63 0 -143 143 0
126 63 0 -142 142 0
126 63 0 -141 141 0
126 63 0 -140 140 0
126 63 -63 -139 139 278
126 63 0 -139 139 0
126 63 0 -138 138 0
126 63 0 -137 137 0
126 63 0 -136 136 0
126 63 -63 -135 135 270
126 63 0 -135 135 0
126 63 0 -134 134 0
126 63 0 -133 133 0
126 63 0 -132 132 0
126 63 -63 -131 131 262
126 63 0 -131 131 0
126 63 0 -130 130 0
126 63 0 -129 129 0
126 63 0 -128 128 0
126 63 -63 -127 127 254
126 63 0 -127 127 0
126 63 0 -126 126 0
126 63 0 -125 125 0
126 63 0 -124 124 0
126 63 -63 -123 123 246
126 63 0 -123 123 0
126 63 0 -122 122 0
126 63 0 -121 121 0
126 63 0 -120 120 0
126 63 -63 -119 119 238
126 63 0 -119 119 0
126 63 0 -118 118 0
126 63 0 -117 117 0
126 63 0 -116 116 0
126 63 -63 -115 115 230
126 63 0 -115 115 0
126 63 0 -114 114 0
126 63 0 -113 113 0
126 63 0 -112 112 0
126 63 -63 -111 111 222
126 63 0 -111 111 0
126 63 0 -110 110 0
126 63 0 -109 109 0
126 63 0 -108 108 0
126 63 -63 -107 107 214
126 63 0 -107 107 0
126 63 0 -106 106 0
126 63 0 -105 105 0
126 63 0 -104 104 0
126 63 -63 -103 103 206
126 63 0 -103 103 0
126 63 0 -102 102 0
126 63 0 -101 101 0
126 63 0 -100 100 0
126 63 -63 -99 99 198
126 63 0 -99 99 0
126 63 0 -98 98 0
126 63 0 -97 97 0
126 63 0 -96 96 0
126 63 -63 -95 95 190
126 63 0 -95 95 0
126 63 1 -95 95 190
126 63 0 -94 94 0
126 63 0 -93 93 0
126 63 0 -92 92 0
126 63 -63 -91 91 182
126 63 0 -91 91 0
126 63 0 -90 90 0
126 63 0 -89 89 0
126 63 0 -88 88 0
126 63 -63 -87 87 174
126 63 0 -87 87 0
126 63 0 -86 86 0
126 63 0 -85 85 0
126 63 0 -84 84 0
126 63 -63 -83 83 166
126 63 0 -83 83 0
126 63 0 -82 82 0
126 63 0 -81 81 0
126 63 0 -80 80 0
126 63 -63 -79 79 158
126 63 0 -79 79 0
126 63 0 -78 78 0
126 63 0 -77 77 0
126 63 0 -76 76 0
126 63 -63 -75 75 150
126 63 0 -75 75 0
126 63 0 -74 74 0
126 63 0 -73 73 0
126 63 0 -72 72 0
126 63 -63 -71 71 142
126 63 0 -71 71 0
126 63 0 -70 70 0
126 63 0 -69 69 0
126 63 0 -68 68 0
126 63 -63 -67 67 134
126 63 0 -67 67 0
126 63 0 -66 66 0
126 63 0 -65 65 0
126 63 0 -64 64 0
126 63 -63 -63 63 126
126 63 0 -63 63 0
126 63 0 -62 62 0
126 63 0 -61 61 0
126 63 0 -60 60 0
126 63 -63 -59 59 118
126 63 0 -59 59 0
126 63 0 -58 58 0
126 63 0 -57 57 0
126 63 0 -56 56 0
126 63 -63 -55 55 110
126 63 0 -55 55 0
126 63 0 -54 54 0
126 63 0 -53 53 0
126 63 0 -52 52 0
126 63 -63 -51 51 102
126 63 0 -51 51 0
126 63 0 -50 50 0
126 63 0 -49 49 0
126 63 0 -48 48 0
126 63 -63 -47 47 94
126 63 0 -47 47 0
126 63 0 -46 46 0
126 63 0 -45 45 0
126 63 0 -44 44 0
126 63 -63 -43 43 86
126 63 0 -43 43 0
126 63 0 -42 42 0
126 63 0 -41 41 0
126 63 0 -40 40 0
126 63 -63 -39 39 78
126 63 0 -39 39 0
126 63 0 -38 38 0
126 63 0 -37 37 0
126 63 0 -36 36 0
126 63 -63 -35 35 70
126 63 0 -35 35 0
126 63 0 -34 34 0
126 63 0 -33 33 0
126 63 0 -32 32 0
126 63 -63 -31 31 62
126 63 0 -31 31 0
126 63 0 -30 30 0
126 63 0 -29 29 0
126 63 0 -28 28 0
126 63 -63 -27 27 54
126 63 0 -27 27 0
126 63 0 -26 26 0
126 63 0 -25 25 0
126 63 0 -24 24 0
126 63 -63 -23 23 46
126 63 0 -23 23 0
126 63 0 -22 22 0
126 63 0 -21 21 0
126 63 0 -20 20 0
126 63 -63 -19 19 38
126 63 0 -19 19 0
126 63 0 -18 18 0
126 63 0 -17 17 0
126 63 0 -16 16 0
126 63 -63 -15 15 30
126 63 0 -15 15 0
126 63 0 -14 14 0
126 63 0 -13 13 0
126 63 0 -12 12 0
126 63 -63 -11 11 22
126 63 0 -11 11 0
126 63 0 -10 10 0
126 63 0 -9 9 0
126 63 0 -8 8 0
126 63 -63 -7 7 14
126 63 0 -7 7 0
126 63 0 -6 6 0
126 63 0 -5 5 0
126 63 0 -4 4 0
126 63 -63 -3 3 6
126 63 0 -3 3 0
126 63 0 -2 2 0
126 63 0 -1 1 0
126 63 -63 1 -1 -2
126 63 0 1 -1 0
126 63 0 2 -2 0
126 63 0 3 -3 0
126 63 0 4 -4 0
126 63 -63 5 -5 -10
126 63 0 5 -5 0
126 63 0 6 -6 0
126 63 0 7 -7 0
126 63 0 8 -8 0
126 63 -63 9 -9 -18
126 63 0 9 -9 0
126 63 0 10 -10 0
126 63 0 11 -11 0
126 63 0 12 -12 0
126 63 -63 13 -13 -26
126 63 0 13 -13 0
126 63 0 14 -14 0
126 63 0 15 -15 0
126 63 0 16 -16 0
126 63 -63 17 -17 -34
126 63 0 17 -17 0
126 63 0 18 -18 0
126 63 0 19 -19 0
126 63 0 20 -20 0
126 63 -63 21 -21 -42
126 63 0 21 -21 0
126 63 0 22 -22 0
126 63 0 23 -23 0
126 63 0 24 -24 0
126 63 -63 25 -25 -50
126 63 0 25 -25 0
126 63 0 26 -26 0
126 63 0 27 -27 0
126 63 0 28 -28 0
126 63 -63 29 -29 -58
126 63 0 29 -29 0
126 63 0 30 -30 0
126 63 0 31 -31 0
126 63 0 32 -32 0
126 63 -63 33 -33 -66
126 63 0 33 -33 0
126 63 0 34 -34 0
126 63 0 35 -35 0
126 63 0 36 -36 0
126 63 -63 37 -37 -74
126 63 0 37 -37 0
126 63 0 38 -38 0
126 63 0 39 -39 0
126 63 0 40 -40 0
126 63 -63 41 -41 -82
126 63 0 41 -41 0
126 63 0 42 -42 0
126 63 0 43 -43 0
126 63 0 44 -44 0
126 63 -63 45 -45 -90
126 63 0 45 -45 0
126 63 0 46 -46 0
126 63 0 47 -47 0
126 63 0 48 -48 0
126 63 -63 49 -49 -98
126 63 0 49 -49 0
126 63 0 50 -50 0
126 63 0 51 -51 0
126 63 0 52 -52 0
126 63 -63 53 -53 -106
126 63 0 53 -53 0
126 63 0 54 -54 0
126 63 0 55 -55 0
126 63 0 56 -56 0
126 63 -63 57 -57 -114
126 63 0 57 -57 0
126 63 0 58 -58 0
126 63 0 59 -59 0
126 63 0 60 -60 0
126 63 -63 61 -61 -122
126 63 0 61 -61 0
126 63 0 62 -62 0
126 63 0 63 -63 0
126 63 0 64 -64 0
126 63 -63 65 -65 -130
126 63 0 65 -65 0
126 63 0 66 -66 0
126 63 0 67 -67 0
126 63 0 68 -68 0
126 63 -63 69 -69 -138
126 63 0 69 -69 0
126 63 0 70 -70 0
126 63 0 71 -71 0
126 63 0 72 -72 0
126 63 -63 73 -73 -146
126 63 0 73 -73 0
126 63 0 74 -74 0
126 63 0 75 -75 0
126 63 0 76 -76 0
126 63 -63 77 -77 -154
126 63 0 77 -77 0
126 63 0 78 -78 0
126 63 0 79 -79 0
126 63 0 80 -80 0
126 63 -63 81 -81 -162
126 63 0 81 -81 0
126 63 0 82 -82 0
126 63 0 83 -83 0
126 63 0 84 -84 0
126 63 -63 85 -85 -170
126 63 0 85 -85 0
126 63 0 86 -86 0
126 63 0 87 -87 0
126 63 0 88 -88 0
126 63 -63 89 -89 -178
126 63 0 89 -89 0
126 63 0 90 -90 0
126 63 0 91 -91 0
126 63 0 92 -92 0
126 63 -63 93 -93 -186
126 63 0 93 -93 0
126 63 -1 94 -94 -188
126 63 0 94 -94 0
126 63 0 95 -95 0
126 63 0 96 -96 0
126 63 -63 97 -97 -194
126 63 0 97 -97 0
126 63 0 98 -98 0
126 63 0 99 -99 0
126 63 0 100 -100 0
126 63 -63 101 -101 -202
126 63 0 101 -101 0
126 63 0 102 -102 0
126 63 0 103 -103 0
126 63 0 104 -104 0
126 63 -63 105 -105 -210
126 63 0 105 -105 0
126 63 0 106 -106 0
126 63 0 107 -107 0
126 63 0 108 -108 0
126 63 -63 109 -109 -218
126 63 0 109 -109 0
126 63 0 110 -110 0
126 63 0 111 -111 0
126 63 0 112 -112 0
126 63 -63 113 -113 -226
126 63 0 113 -113 0
126 63 0 114 -114 0
126 63 0 115 -115 0
126 63 0 116 -116 0
126 63 -63 117 -117 -234
126 63 0 117 -117 0
126 63 0 118 -118 0
126 63 0 119 -119 0
126 63 0 120 -120 0
126 63 -63 121 -121 -242
126 63 0 121 -121 0
126 63 0 122 -122 0
126 63 0 123 -123 0
126 63 0 124 -124 0
126 63 -63 125 -125 -250
126 63 0 125 -125 0
126 63 0 126 -126 0
126 63 0 127 -127 0
126 63 0 128 -128 0
126 63 -63 129 -129 -258
126 63 0 129 -129 0
126 63 0 130 -130 0
126 63 0 131 -131 0
126 63 0 132 -132 0
126 63 -63 133 -133 -266
126 63 0 133 -133 0
126 63 0 134 -134 0
126 63 0 135 -135 0
126 63 0 136 -136 0
126 63 -63 137 -137 -274
126 63 0 137 -137 0
126 63 0 138 -138 0
126 63 0 139 -139 0
126 63 0 140 -140 0
126 63 -63 141 -141 -282
126 63 0 141 -141 0
126 63 0 142 -142 0
126 63 0 143 -143 0
126 63 0 144 -144 0
126 63 -63 145 -145 -290
126 63 0 145 -145 0
126 63 0 146 -146 0
126 63 0 147 -147 0
126 63 0 148 -148 0
126 63 -63 149 -149 -298
126 63 0 149 -149 0
126 63 0 150 -150 0
128 64 0 -150 150 0
128 64 0 -149 149 0
128 64 -64 -148 148 296
128 64 0 -148 148 0
128 64 0 -147 147 0
128 64 0 -146 146 0
128 64 0 -145 145 0
128 64 -64 -144 144 288
128 64 0 -144 144 0
128 64 0 -143 143 0
128 64 0 -142 142 0
128 64 0 -141 141 0
128 64 -64 -140 140 280
128 64 0 -140 140 0
128 64 0 -139 139 0
128 64 0 -138 138 0
128 64 0 -137 137 0
128 64 -64 -136 136 272
128 64 0 -136 136 0
128 64 0 -135 135 0
128 64 0 -134 134 0
128 64 0 -133 133 0
128 64 -64 -132 132 264
128 64 0 -132 132 0
128 64 0 -131 131 0
128 64 0 -130 130 0
128 64 0 -129 129 0
128 64 -64 -128 128 256
128 64 0 -128 128 0
128 64 0 -127 127 0
128 64 0 -126 126 0
128 64 0 -125 125 0
128 64 -64 -124 124 248
128 64 0 -124 124 0
128 64 0 -123 123 0
128 64 0 -122 122 0
128 64 0 -121 121 0
128 64 -64 -120 120 240
128 64 0 -120 120 0
128 64 0 -119 119 0
128 64 0 -118 118 0
128 64 0 -117 117 0
128 64 -64 -116 116 232
128 64 0 -116 116 0
128 64 0 -115 115 0
128 64 0 -114 114 0
128 64 0 -113 113 0
128 64 -64 -112 112 224
128 64 0 -112 112 0
128 64 0 -111 111 0
128 64 0 -110 110 0
128 64 0 -109 109 0
128 64 -64 -108 108 216
128 64 0 -108 108 0
128 64 0 -107 107 0
128 64 0 -106 106 0
128 64 0 -105 105 0
128 64 -64 -104 104 208
128 64 0 -104 104 0
128 64 0 -103 103 0
128 64 0 -102 102 0
128 64 0 -101 101 0
128 64 -64 -100 100 200
128 64 0 -100 100 0
128 64 0 -99 99 0
128 64 0 -98 98 0
128 64 0 -97 97 0
128 64 -64 -96 96 192
128 64 0 -96 96 0
128 64 0 -95 95 0
128 64 0 -94 94 0
128 64 0 -93 93 0
128 64 -64 -92 92 184
128 64 0 -92 92 0
128 64 0 -91 91 0
128 64 0 -90 90 0
128 64 0 -89 89 0
128 64 -64 -88 88 176
128 64 0 -88 88 0
128 64 0 -87 87 0
128 64 0 -86 86 0
128 64 0 -85 85 0
128 64 -64 -84 84 168
128 64 0 -84 84 0
128 64 0 -83 83 0
128 64 0 -82 82 0
128 64 0 -81 81 0
128 64 -64 -80 80 160
128 64 0 -80 80 0
128 64 0 -79 79 0
128 64 0 -78 78 0
128 64 0 -77 77 0
128 64 -64 -76 76 152
128 64 0 -76 76 0
128 64 0 -75 75 0
128 64 0 -74 74 0
128 64 0 -73 73 0
128 64 -64 -72 72 144
128 64 0 -72 72 0
128 64 0 -71 71 0
128 64 0 -70 70 0
128 64 0 -69 69 0
128 64 -64 -68 68 136
128 64 0 -68 68 0
128 64 0 -67 67 0
128 64 0 -66 66 0
128 64 0 -65 65 0
128 64 -64 -64 64 128
128 64 0 -64 64 0
128 64 0 -63 63 0
128 64 0 -62 62 0
128 64 0 -61 61 0
128 64 -64 -60 60 120
128 64 0 -60 60 0
128 64 0 -59 59 0
128 64 0 -58 58 0
128 64 0 -57 57 0
128 64 -64 -56 56 112
128 64 0 -56 56 0
128 64 0 -55 55 0
128 64 0 -54 54 0
128 64 0 -53 53 0
128 64 -64 -52 52 104
128 64 0 -52 52 0
128 64 0 -51 51 0
128 64 0 -50 50 0
128 64 0 -49 49 0
128 64 -64 -48 48 96
128 64 0 -48 48 0
128 64 0 -47 47 0
128 64 0 -46 46 0
128 64 0 -45 45 0
128 64 -64 -44 44 88
128 64 0 -44 44 0
128 64 0 -43 43 0
128 64 0 -42 42 0
128 64 0 -41 41 0
128 64 -64 -40 40 80
128 64 0 -40 40 0
128 64 0 -39 39 0
128 64 0 -38 38 0
128 64 0 -37 37 0
128 64 -64 -36 36 72
128 64 0 -36 36 0
128 64 0 -35 35 0
128 64 0 -34 34 0
128 64 0 -33 33 0
128 64 -64 -32 32 64
128 64 0 -32 32 0
128 64 0 -31 31 0
128 64 0 -30 30 0
128 64 0 -29 29 0
128 64 -64 -28 28 56
128 64 0 -28 28 0
128 64 0 -27 27 0
128 64 0 -26 26 0
128 64 0 -25 25 0
128 64 -64 -24 24 48
128 64 0 -24 24 0
128 64 0 -23 23 0
128 64 0 -22 22 0
128 64 0 -21 21 0
128 64 -64 -20 20 40
128 64 0 -20 20 0
128 64 0 -19 19 0
128 64 0 -18 18 0
128 64 0 -17 17 0
128 64 -64 -16 16 32
128 64 0 -16 16 0
128 64 0 -15 15 0
128 64 0 -14 14 0
128 64 0 -13 13 0
128 64 -64 -12 12 24
128 64 0 -12 12 0
128 64 0 -11 11 0
128 64 0 -10 10 0
128 64 0 -9 9 0
128 64 -64 -8 8 16
128 64 0 -8 8 0
128 64 0 -7 7 0
128 64 0 -6 6 0
128 64 0 -5 5 0
128 64 -64 -4 4 8
128 64 0 -4 4 0
128 64 0 -3 3 0
128 64 0 -2 2 0
128 64 0 -1 1 0
128 64 0 1 -1 0
128 64 0 2 -2 0
128 64 0 3 -3 0
128 64 -64 4 -4 -8
128 64 0 4 -4 0
128 64 0 5 -5 0
128 64 0 6 -6 0
128 64 0 7 -7 0
128 64 -64 8 -8 -16
128 64 0 8 -8 0
128 64 0 9 -9 0
128 64 0 10 -10 0
128 64 0 11 -11 0
128 64 -64 12 -12 -24
128 64 0 12 -12 0
128 64 0 13 -13 0
128 64 0 14 -14 0
128 64 0 15 -15 0
128 64 -64 16 -16 -32
128 64 0 16 -16 0
128 64 0 17 -17 0
128 64 0 18 -18 0
128 64 0 19 -19 0
128 64 -64 20 -20 -40
128 64 0 20 -20 0
128 64 0 21 -21 0
128 64 0 22 -22 0
128 64 0 23 -23 0
128 64 -64 24 -24 -48
128 64 0 24 -24 0
128 64 0 25 -25 0
128 64 0 26 -26 0
128 64 0 27 -27 0
128 64 -64 28 -28 -56
128 64 0 28 -28 0
128 64 0 29 -29 0
128 64 0 30 -30 0
128 64 0 31 -31 0
128 64 -64 32 -32 -64
128 64 0 32 -32 0
128 64 0 33 -33 0
128 64 0 34 -34 0
128 64 0 35 -35 0
128 64 -64 36 -36 -72
128 64 0 36 -36 0
128 64 0 37 -37 0
128 64 0 38 -38 0
128 64 0 39 -39 0
128 64 -64 40 -40 -80
128 64 0 40 -40 0
128 64 0 41 -41 0
128 64 0 42 -42 0
128 64 0 43 -43 0
128 64 -64 44 -44 -88
128 64 0 44 -44 0
128 64 0 45 -45 0
128 64 0 46 -46 0
128 64 0 47 -47 0
128 64 -64 48 -48 -96
128 64 0 48 -48 0
128 64 0 49 -49 0
128 64 0 50 -50 0
128 64 0 51 -51 0
128 64 -64 52 -52 -104
128 64 0 52 -52 0
128 64 0 53 -53 0
128 64 0 54 -54 0
128 64 0 55 -55 0
128 64 -64 56 -56 -112
128 64 0 56 -56 0
128 64 0 57 -57 0
128 64 0 58 -58 0
128 64 0 59 -59 0
128 64 -64 60 -60 -120
128 64 0 60 -60 0
128 64 0 61 -61 0
128 64 0 62 -62 0
128 64 0 63 -63 0
128 64 -64 64 -64 -128
128 64 0 64 -64 0
128 64 0 65 -65 0
128 64 0 66 -66 0
128 64 0 67 -67 0
128 64 -64 68 -68 -136
128 64 0 68 -68 0
128 64 0 69 -69 0
128 64 0 70 -70 0
128 64 0 71 -71 0
128 64 -64 72 -72 -144
128 64 0 72 -72 0
128 64 0 73 -73 0
128 64 0 74 -74 0
128 64 0 75 -75 0
128 64 -64 76 -76 -152
128 64 0 76 -76 0
128 64 0 77 -77 0
128 64 0 78 -78 0
128 64 0 79 -79 0
128 64 -64 80 -80 -160
128 64 0 80 -80 0
128 64 0 81 -81 0
128 64 0 82 -82 0
128 64 0 83 -83 0
128 64 -64 84 -84 -168
128 64 0 84 -84 0
128 64 0 85 -85 0
128 64 0 86 -86 0
128 64 0 87 -87 0
128 64 -64 88 -88 -176
128 64 0 88 -88 0
128 64 0 89 -89 0
128 64 0 90 -90 0
128 64 0 91 -91 0
128 64 -64 92 -92 -184
128 64 0 92 -92 0
128 64 0 93 -93 0
128 64 0 94 -94 0
128 64 0 95 -95 0
128 64 -64 96 -96 -192
128 64 0 96 -96 0
128 64 0 97 -97 0
128 64 0 98 -98 0
128 64 0 99 -99 0
128 64 -64 100 -100 -200
128 64 0 100 -100 0
128 64 0 101 -101 0
128 64 0 102 -102 0
128 64 0 103 -103 0
128 64 -64 104 -104 -208
128 64 0 104 -104 0
128 64 0 105 -105 0
128 64 0 106 -106 0
128 64 0 107 -107 0
128 64 -64 108 -108 -216
128 64 0 108 -108 0
128 64 0 109 -109 0
128 64 0 110 -110 0
128 64 0 111 -111 0
128 64 -64 112 -112 -224
128 64 0 112 -112 0
128 64 0 113 -113 0
128 64 0 114 -114 0
128 64 0 115 -115 0
128 64 -64 116 -116 -232
128 64 0 116 -116 0
128 64 0 117 -117 0
128 64 0 118 -118 0
128 64 0 119 -119 0
128 64 -64 120 -120 -240
128 64 0 120 -120 0
128 64 0 121 -121 0
128 64 0 122 -122 0
128 64 0 123 -123 0
128 64 -64 124 -124 -248
128 64 0 124 -124 0
128 64 0 125 -125 0
128 64 0 126 -126 0
128 64 0 127 -127 0
128 64 -64 128 -128 -256
128 64 0 128 -128 0
128 64 0 129 -129 0
128 64 0 130 -130 0
128 64 0 131 -131 0
128 64 -64 132 -132 -264
128 64 0 132 -132 0
128 64 0 133 -133 0
128 64 0 134 -134 0
128 64 0 135 -135 0
128 64 -64 136 -136 -272
128 64 0 136 -136 0
128 64 0 137 -137 0
128 64 0 138 -138 0
128 64 0 139 -139 0
128 64 -64 140 -140 -280
128 64 0 140 -140 0
128 64 0 141 -141 0
128 64 0 142 -142 0
128 64 0 143 -143 0
128 64 -64 144 -144 -288
128 64 0 144 -144 0
128 64 0 145 -145 0
128 64 0 146 -146 0
128 64 0 147 -147 0
128 64 -64 148 -148 -296
128 64 0 148 -148 0
128 64 0 149 -149 0
128 64 0 150 -150 0
130 65 0 -150 150 0
130 65 0 -149 149 0
130 65 0 -148 148 0
130 65 -65 -147 147 294
130 65 0 -147 147 0
130 65 0 -146 146 0
130 65 0 -145 145 0
130 65 0 -144 144 0
130 65 -65 -143 143 286
130 65 0 -143 143 0
130 65 0 -142 142 0
130 65 0 -141 141 0
130 65 0 -140 140 0
130 65 -65 -139 139 278
130 65 0 -139 139 0
130 65 0 -138 138 0
130 65 0 -137 137 0
130 65 0 -136 136 0
130 65 -65 -135 135 270
130 65 0 -135 135 0
130 65 0 -134 134 0
130 65 0 -133 133 0
130 65 0 -132 132 0
130 65 -65 -131 131 262
130 65 0 -131 131 0
130 65 0 -130 130 0
130 65 0 -129 129 0
130 65 0 -128 128 0
130 65 -65 -127 127 254
130 65 0 -127 127 0
130 65 0 -126 126 0
130 65 0 -125 125 0
130 65 0 -124 124 0
130 65 -65 -123 123 246
130 65 0 -123 123 0
130 65 0 -122 122 0
130 65 0 -121 121 0
130 65 0 -120 120 0
130 65 -65 -119 119 238
130 65 0 -119 119 0
130 65 0 -118 118 0
130 65 0 -117 117 0
130 65 0 -116 116 0
130 65 -65 -115 115 230
130 65 0 -115 115 0
130 65 0 -114 114 0
130 65 0 -113 113 0
130 65 0 -112 112 0
130 65 -65 -111 111 222
130 65 0 -111 111 0
130 65 0 -110 110 0
130 65 0 -109 109 0
130 65 0 -108 108 0
130 65 -65 -107 107 214
130 65 0 -107 107 0
130 65 0 -106 106 0
130 65 0 -105 105 0
130 65 0 -104 104 0
130 65 -65 -103 103 206
130 65 0 -103 103 0
130 65 0 -102 102 0
130 65 0 -101 101 0
130 65 0 -100 100 0
130 65 -65 -99 99 198
130 65 0 -99 99 0
130 65 0 -98 98 0
130 65 1 -98 98 196
130 65 0 -97 97 0
130 65 0 -96 96 0
130 65 -65 -95 95 190
130 65 0 -95 95 0
130 65 0 -94 94 0
130 65 0 -93 93 0
130 65 0 -92 92 0
130 65 -65 -91 91 182
130 65 0 -91 91 0
130 65 0 -90 90 0
130 65 0 -89 89 0
130 65 0 -88 88 0
130 65 -65 -87 87 174
130 65 0 -87 87 0
130 65 0 -86 86 0
130 65 0 -85 85 0
130 65 0 -84 84 0
130 65 -65 -83 83 166
130 65 0 -83 83 0
130 65 0 -82 82 0
130 65 0 -81 81 0
130 65 0 -80 80 0
130 65 -65 -79 79 158
130 65 0 -79 79 0
130 65 0 -78 78 0
130 65 0 -77 77 0
130 65 0 -76 76 0
130 65 -65 -75 75 150
130 65 0 -75 75 0
130 65 0 -74 74 0
130 65 0 -73 73 0
130 65 0 -72 72 0
130 65 -65 -71 71 142
130 65 0 -71 71 0
130 65 0 -70 70 0
130 65 0 -69 69 0
130 65 0 -68 68 0
130 65 -65 -67 67 134
130 65 0 -67 67 0
130 65 0 -66 66 0
130 65 0 -65 65 0
130 65 0 -64 64 0
130 65 -65 -63 63 126
130 65 0 -63 63 0
130 65 0 -62 62 0
130 65 0 -61 61 0
130 65 0 -60 60 0
130 65 -65 -59 59 118
130 65 0 -59 59 0
130 65 0 -58 58 0
130 65 0 -57 57 0
130 65 0 -56 56 0
130 65 -65 -55 55 110
130 65 0 -55 55 0
130 65 0 -54 54 0
130 65 0 -53 53 0
130 65 0 -52 52 0
130 65 -65 -51 51 102
130 65 0 -51 51 0
130 65 0 -50 50 0
130 65 0 -49 49 0
130 65 0 -48 48 0
130 65 -65 -47 47 94
130 65 0 -47 47 0
130 65 0 -46 46 0
130 65 0 -45 45 0
130 65 0 -44 44 0
130 65 -65 -43 43 86
130 65 0 -43 43 0
130 65 0 -42 42 0
130 65 0 -41 41 0
130 65 0 -40 40 0
130 65 -65 -39 39 78
130 65 0 -39 39 0
130 65 0 -38 38 0
130 65 0 -37 37 0
130 65 0 -36 36 0
130 65 -65 -35 35 70
130 65 0 -35 35 0
130 65 0 -34 34 0
130 65 0 -33 33 0
130 65 0 -32 32 0
130 65 -65 -31 31 62
130 65 0 -31 31 0
130 65 0 -30 30 0
130 65 0 -29 29 0
130 65 0 -28 28 0
130 65 -65 -27 27 54
130 65 0 -27 27 0
130 65 0 -26 26 0
130 65 0 -25 25 0
130 65 0 -24 24 0
130 65 -65 -23 23 46
130 65 0 -23 23 0
130 65 0 -22 22 0
130 65 0 -21 21 0
130 65 0 -20 20 0
130 65 -65 -19 19 38
130 65 0 -19 19 0
130 65 0 -18 18 0
130 65 0 -17 17 0
130 65 0 -16 16 0
130 65 -65 -15 15 30
130 65 0 -15 15 0
130 65 0 -14 14 0
130 65 0 -13 13 0
130 65 0 -12 12 0
130 65 -65 -11 11 22
130 65 0 -11 11 0
130 65 0 -10 10 0
130 65 0 -9 9 0
130 65 0 -8 8 0
130 65 -65 -7 7 14
130 65 0 -7 7 0
130 65 0 -6 6 0
130 65 0 -5 5 0
130 65 0 -4 4 0
130 65 -65 -3 3 6
130 65 0 -3 3 0
130 65 0 -2 2 0
130 65 0 -1 1 0
130 65 -65 1 -1 -2
130 65 0 1 -1 0
130 65 0 2 -2 0
130 65 0 3 -3 0
130 65 0 4 -4 0
130 65 -65 5 -5 -10
130 65 0 5 -5 0
130 65 0 6 -6 0
130 65 0 7 -7 0
130 65 0 8 -8 0
130 65 -65 9 -9 -18
130 65 0 9 -9 0
130 65 0 10 -10 0
130 65 0 11 -11 0
130 65 0 12 -12 0
130 65 -65 13 -13 -26
130 65 0 13 -13 0
130 65 0 14 -14 0
130 65 0 15 -15 0
130 65 0 16 -16 0
130 65 -65 17 -17 -34
130 65 0 17 -17 0
130 65 0 18 -18 0
130 65 0 19 -19 0
130 65 0 20 -20 0
130 65 -65 21 -21 -42
130 65 0 21 -21 0
130 65 0 22 -22 0
130 65 0 23 -23 0
130 65 0 24 -24 0
130 65 -65 25 -25 -50
130 65 0 25 -25 0
130 65 0 26 -26 0
130 65 0 27 -27 0
130 65 0 28 -28 0
130 65 -65 29 -29 -58
130 65 0 29 -29 0
130 65 0 30 -30 0
130 65 0 31 -31 0
130 65 0 32 -32 0
130 65 -65 33 -33 -66
130 65 0 33 -33 0
130 65 0 34 -34 0
130 65 0 35 -35 0
130 65 0 36 -36 0
130 65 -65 37 -37 -74
130 65 0 37 -37 0
130 65 0 38 -38 0
130 65 0 39 -39 0
130 65 0 40 -40 0
130 65 -65 41 -41 -82
130 65 0 41 -41 0
130 65 0 42 -42 0
130 65 0 43 -43 0
130 65 0 44 -44 0
130 65 -65 45 -45 -90
130 65 0 45 -45 0
130 65 0 46 -46 0
130 65 0 47 -47 0
130 65 0 48 -48 0
130 65 -65 49 -49 -98
130 65 0 49 -49 0
130 65 0 50 -50 0
130 65 0 51 -51 0
130 65 0 52 -52 0
130 65 -65 53 -53 -106
130 65 0 53 -53 0
130 65 0 54 -54 0
130 65 0 55 -55 0
130 65 0 56 -56 0
130 65 -65 57 -57 -114
130 65 0 57 -57 0
130 65 0 58 -58 0
130 65 0 59 -59 0
130 65 0 60 -60 0
130 65 -65 61 -61 -122
130 65 0 61 -61 0
130 65 0 62 -62 0
130 65 0 63 -63 0
130 65 0 64 -64 0
130 65 -65 65 -65 -130
130 65 0 65 -65 0
130 65 0 66 -66 0
130 65 0 67 -67 0
130 65 0 68 -68 0
130 65 -65 69 -69 -138
130 65 0 69 -69 0
130 65 0 70 -70 0
130 65 0 71 -71 0
130 65 0 72 -72 0
130 65 -65 73 -73 -146
130 65 0 73 -73 0
130 65 0 74 -74 0
130 65 0 75 -75 0
130 65 0 76 -76 0
130 65 -65 77 -77 -154
130 65 0 77 -77 0
130 65 0 78 -78 0
130 65 0 79 -79 0
130 65 0 80 -80 0
130 65 -65 81 -81 -162
130 65 0 81 -81 0
130 65 0 82 -82 0
130 65 0 83 -83 0
130 65 0 84 -84 0
130 65 -65 85 -85 -170
130 65 0 85 -85 0
130 65 0 86 -86 0
130 65 0 87 -87 0
130 65 0 88 -88 0
130 65 -65 89 -89 -178
130 65 0 89 -89 0
130 65 0 90 -90 0
130 65 0 91 -91 0
130 65 0 92 -92 0
130 65 -65 93 -93 -186
130 65 0 93 -93 0
130 65 0 94 -94 0
130 65 0 95 -95 0
130 65 0 96 -96 0
130 65 -65 97 -97 -194
130 65 -1 97 -97 -194
130 65 0 97 -97 0
130 65 0 98 -98 0
130 65 0 99 -99 0
130 65 0 100 -100 0
130 65 -65 101 -101 -202
130 65 0 101 -101 0
130 65 0 102 -102 0
130 65 0 103 -103 0
130 65 0 104 -104 0
130 65 -65 105 -105 -210
130 65 0 105 -105 0
130 65 0 106 -106 0
130 65 0 107 -107 0
130 65 0 108 -108 0
130 65 -65 109 -109 -218
130 65 0 109 -109 0
130 65 0 110 -110 0
130 65 0 111 -111 0
130 65 0 112 -112 0
130 65 -65 113 -113 -226
130 65 0 113 -113 0
130 65 0 114 -114 0
130 65 0 115 -115 0
130 65 0 116 -116 0
130 65 -65 117 -117 -234
130 65 0 117 -117 0
130 65 0 118 -118 0
130 65 0 119 -119 0
130 65 0 120 -120 0
130 65 -65 121 -121 -242
130 65 0 121 -121 0
130 65 0 122 -122 0
130 65 0 123 -123 0
130 65 0 124 -124 0
130 65 -65 125 -125 -250
130 65 0 125 -125 0
130 65 0 126 -126 0
130 65 0 127 -127 0
130 65 0 128 -128 0
130 65 -65 129 -129 -258
130 65 0 129 -129 0
130 65 0 130 -130 0
130 65 0 131 -131 0
130 65 0 132 -132 0
130 65 -65 133 -133 -266
130 65 0 133 -133 0
130 65 0 134 -134 0
130 65 0 135 -135 0
130 65 0 136 -136 0
130 65 -65 137 -137 -274
130 65 0 137 -137 0
130 65 0 138 -138 0
130 65 0 139 -139 0
130 65 0 140 -140 0
130 65 -65 141 -141 -282
130 65 0 141 -141 0
130 65 0 142 -142 0
130 65 0 143 -143 0
130 65 0 144 -144 0
130 65 -65 145 -145 -290
130 65 0 145 -145 0
130 65 0 146 -146 0
130 65 0 147 -147 0
130 65 0 148 -148 0
130 65 -65 149 -149 -298
130 65 0 149 -149 0
130 65 0 150 -150 0
132 66 0 -150 150 0
132 66 0 -149 149 0
132 66 -66 -148 148 296
132 66 0 -148 148 0
132 66 0 -147 147 0
132 66 0 -146 146 0
132 66 0 -145 145 0
132 66 -66 -144 144 288
132 66 0 -144 144 0
132 66 0 -143 143 0
132 66 0 -142 142 0
132 66 0 -141 141 0
132 66 -66 -140 140 280
132 66 0 -140 140 0
132 66 0 -139 139 0
132 66 0 -138 138 0
132 66 0 -137 137 0
132 66 -66 -136 136 272
132 66 0 -136 136 0
132 66 0 -135 135 0
132 66 0 -134 134 0
132 66 0 -133 133 0
132 66 -66 -132 132 264
132 66 0 -132 132 0
132 66 0 -131 131 0
132 66 0 -130 130 0
132 66 0 -129 129 0
132 66 -66 -128 128 256
132 66 0 -128 128 0
132 66 0 -127 127 0
132 66 0 -126 126 0
132 66 0 -125 125 0
132 66 -66 -124 124 248
132 66 0 -124 124 0
132 66 0 -123 123 0
132 66 0 -122 122 0
132 66 0 -121 121 0
132 66 -66 -120 120 240
132 66 0 -120 120 0
132 66 0 -119 119 0
132 66 0 -118 118 0
132 66 0 -117 117 0
132 66 -66 -116 116 232
132 66 0 -116 116 0
132 66 0 -115 115 0
132 66 0 -114 114 0
132 66 0 -113 113 0
132 66 -66 -112 112 224
132 66 0 -112 112 0
132 66 0 -111 111 0
132 66 0 -110 110 0
132 66 0 -109 109 0
132 66 -66 -108 108 216
132 66 0 -108 108 0
132 66 0 -107 107 0
132 66 0 -106 106 0
132 66 0 -105 105 0
132 66 -66 -104 104 208
132 66 0 -104 104 0
132 66 0 -103 103 0
132 66 0 -102 102 0
132 66 0 -101 101 0
132 66 -66 -100 100 200
132 66 0 -100 100 0
132 66 0 -99 99 0
132 66 0 -98 98 0
132 66 0 -97 97 0
132 66 -66 -96 96 192
132 66 0 -96 96 0
132 66 0 -95 95 0
132 66 0 -94 94 0
132 66 0 -93 93 0
132 66 -66 -92 92 184
132 66 0 -92 92 0
132 66 0 -91 91 0
132 66 0 -90 90 0
132 66 0 -89 89 0
132 66 -66 -88 88 176
132 66 0 -88 88 0
132 66 0 -87 87 0
132 66 0 -86 86 0
132 66 0 -85 85 0
132 66 -66 -84 84 168
132 66 0 -84 84 0
132 66 0 -83 83 0
132 66 0 -82 82 0
132 66 0 -81 81 0
132 66 -66 -80 80 160
132 66 0 -80 80 0
132 66 0 -79 79 0
132 66 0 -78 78 0
132 66 0 -77 77 0
132 66 -66 -76 76 152
132 66 0 -76 76 0
132 66 0 -75 75 0
132 66 0 -74 74 0
132 66 0 -73 73 0
132 66 -66 -72 72 144
132 66 0 -72 72 0
132 66 0 -71 71 0
132 66 0 -70 70 0
132 66 0 -69 69 0
132 66 -66 -68 68 136
132 66 0 -68 68 0
132 66 0 -67 67 0
132 66 0 -66 66 0
132 66 0 -65 65 0
132 66 -66 -64 64 128
132 66 0 -64 64 0
132 66 0 -63 63 0
132 66 0 -62 62 0
132 66 0 -61 61 0
132 66 -66 -60 60 120
132 66 0 -60 60 0
132 66 0 -59 59 0
132 66 0 -58 58 0
132 66 0 -57 57 0
132 66 -66 -56 56 112
132 66 0 -56 56 0
132 66 0 -55 55 0
132 66 0 -54 54 0
132 66 0 -53 53 0
132 66 -66 -52 52 104
132 66 0 -52 52 0
132 66 0 -51 51 0
132 66 0 -50 50 0
132 66 0 -49 49 0
132 66 -66 -48 48 96
132 66 0 -48 48 0
132 66 0 -47 47 0
132 66 0 -46 46 0
132 66 0 -45 45 0
132 66 -66 -44 44 88
132 66 0 -44 44 0
132 66 0 -43 43 0
132 66 0 -42 42 0
132 66 0 -41 41 0
132 66 -66 -40 40 80
132 66 0 -40 40 0
132 66 0 -39 39 0
132 66 0 -38 38 0
132 66 0 -37 37 0
132 66 -66 -36 36 72
132 66 0 -36 36 0
132 66 0 -35 35 0
132 66 0 -34 34 0
132 66 0 -33 33 0
132 66 -66 -32 32 64
132 66 0 -32 32 0
132 66 0 -31 31 0
132 66 0 -30 30 0
132 66 0 -29 29 0
132 66 -66 -28 28 56
132 66 0 -28 28 0
132 66 0 -27 27 0
132 66 0 -26 26 0
132 66 0 -25 25 0
132 66 -66 -24 24 48
132 66 0 -24 24 0
132 66 0 -23 23 0
132 66 0 -22 22 0
132 66 0 -21 21 0
132 66 -66 -20 20 40
132 66 0 -20 20 0
132 66 0 -19 19 0
132 66 0 -18 18 0
132 66 0 -17 17 0
132 66 -66 -16 16 32
132 66 0 -16 16 0
132 66 0 -15 15 0
132 66 0 -14 14 0
132 66 0 -13 13 0
132 66 -66 -12 12 24
132 66 0 -12 12 0
132 66 0 -11 11 0
132 66 0 -10 10 0
132 66 0 -9 9 0
132 66 -66 -8 8 16
132 66 0 -8 8 0
132 66 0 -7 7 0
132 66 0 -6 6 0
132 66 0 -5 5 0
132 66 -66 -4 4 8
132 66 0 -4 4 0
132 66 0 -3 3 0
132 66 0 -2 2 0
132 66 0 -1 1 0
132 66 0 1 -1 0
132 66 0 2 -2 0
132 66 0 3 -3 0
132 66 -66 4 -4 -8
132 66 0 4 -4 0
132 66 0 5 -5 0
132 66 0 6 -6 0
132 66 0 7 -7 0
132 66 -66 8 -8 -16
132 66 0 8 -8 0
132 66 0 9 -9 0
132 66 0 10 -10 0
132 66 0 11 -11 0
132 66 -66 12 -12 -24
132 66 0 12 -12 0
132 66 0 13 -13 0
132 66 0 14 -14 0
132 66 0 15 -15 0
132 66 -66 16 -16 -32
132 66 0 16 -16 0
132 66 0 17 -17 0
132 66 0 18 -18 0
132 66 0 19 -19 0
132 66 -66 20 -20 -40
132 66 0 20 -20 0
132 66 0 21 -21 0
132 66 0 22 -22 0
132 66 0 23 -23 0
132 66 -66 24 -24 -48
132 66 0 24 -24 0
132 66 0 25 -25 0
132 66 0 26 -26 0
132 66 0 27 -27 0
132 66 -66 28 -28 -56
132 66 0 28 -28 0
132 66 0 29 -29 0
132 66 0 30 -30 0
132 66 0 31 -31 0
132 66 -66 32 -32 -64
132 66 0 32 -32 0
132 66 0 33 -33 0
132 66 0 34 -34 0
132 66 0 35 -35 0
132 66 -66 36 -36 -72
132 66 0 36 -36 0
132 66 0 37 -37 0
132 66 0 38 -38 0
132 66 0 39 -39 0
132 66 -66 40 -40 -80
132 66 0 40 -40 0
132 66 0 41 -41 0
132 66 0 42 -42 0
132 66 0 43 -43 0
132 66 -66 44 -44 -88
132 66 0 44 -44 0
132 66 0 45 -45 0
132 66 0 46 -46 0
132 66 0 47 -47 0
132 66 -66 48 -48 -96
132 66 0 48 -48 0
132 66 0 49 -49 0
132 66 0 50 -50 0
132 66 0 51 -51 0
132 66 -66 52 -52 -104
132 66 0 52 -52 0
132 66 0 53 -53 0
132 66 0 54 -54 0
132 66 0 55 -55 0
132 66 -66 56 -56 -112
132 66 0 56 -56 0
132 66 0 57 -57 0
132 66 0 58 -58 0
132 66 0 59 -59 0
132 66 -66 60 -60 -120
132 66 0 60 -60 0
132 66 0 61 -61 0
132 66 0 62 -62 0
132 66 0 63 -63 0
132 66 -66 64 -64 -128
132 66 0 64 -64 0
132 66 0 65 -65 0
132 66 0 66 -66 0
132 66 0 67 -67 0
132 66 -66 68 -68 -136
132 66 0 68 -68 0
132 66 0 69 -69 0
132 66 0 70 -70 0
132 66 0 71 -71 0
132 66 -66 72 -72 -144
132 66 0 72 -72 0
132 66 0 73 -73 0
132 66 0 74 -74 0
132 66 0 75 -75 0
132 66 -66 76 -76 -152
132 66 0 76 -76 0
132 66 0 77 -77 0
132 66 0 78 -78 0
132 66 0 79 -79 0
132 66 -66 80 -80 -160
132 66 0 80 -80 0
132 66 0 81 -81 0
132 66 0 82 -82 0
132 66 0 83 -83 0
132 66 -66 84 -84 -168
132 66 0 84 -84 0
132 66 0 85 -85 0
132 66 0 86 -86 0
132 66 0 87 -87 0
132 66 -66 88 -88 -176
132 66 0 88 -88 0
132 66 0 89 -89 0
132 66 0 90 -90 0
132 66 0 91 -91 0
132 66 -66 92 -92 -184
132 66 0 92 -92 0
132 66 0 93 -93 0
132 66 0 94 -94 0
132 66 0 95 -95 0
132 66 -66 96 -96 -192
132 66 0 96 -96 0
132 66 0 97 -97 0
132 66 0 98 -98 0
132 66 0 99 -99 0
132 66 -66 100 -100 -200
132 66 0 100 -100 0
132 66 0 101 -101 0
132 66 0 102 -102 0
132 66 0 103 -103 0
132 66 -66 104 -104 -208
132 66 0 104 -104 0
132 66 0 105 -105 0
132 66 0 106 -106 0
132 66 0 107 -107 0
132 66 -66 108 -108 -216
132 66 0 108 -108 0
132 66 0 109 -109 0
132 66 0 110 -110 0
132 66 0 111 -111 0
132 66 -66 112 -112 -224
132 66 0 112 -112 0
132 66 0 113 -113 0
132 66 0 114 -114 0
132 66 0 115 -115 0
132 66 -66 116 -116 -232
132 66 0 116 -116 0
132 66 0 117 -117 0
132 66 0 118 -118 0
132 66 0 119 -119 0
132 66 -66 120 -120 -240
132 66 0 120 -120 0
132 66 0 121 -121 0
132 66 0 122 -122 0
132 66 0 123 -123 0
132 66 -66 124 -124 -248
132 66 0 124 -124 0
132 66 0 125 -125 0
132 66 0 126 -126 0
132 66 0 127 -127 0
132 66 -66 128 -128 -256
132 66 0 128 -128 0
132 66 0 129 -129 0
132 66 0 130 -130 0
132 66 0 131 -131 0
132 66 -66 132 -132 -264
132 66 0 132 -132 0
132 66 0 133 -133 0
132 66 0 134 -134 0
132 66 0 135 -135 0
132 66 -66 136 -136 -272
132 66 0 136 -136 0
132 66 0 137 -137 0
132 66 0 138 -138 0
132 66 0 139 -139 0
132 66 -66 140 -140 -280
132 66 0 140 -140 0
132 66 0 141 -141 0
132 66 0 142 -142 0
132 66 0 143 -143 0
132 66 -66 144 -144 -288
132 66 0 144 -144 0
132 66 0 145 -145 0
132 66 0 146 -146 0
132 66 0 147 -147 0
132 66 -66 148 -148 -296
132 66 0 148 -148 0
132 66 0 149 -149 0
132 66 0 150 -150 0
134 67 0 -150 150 0
134 67 0 -149 149 0
134 67 0 -148 148 0
134 67 -67 -147 147 294
134 67 0 -147 147 0
134 67 0 -146 146 0
134 67 0 -145 145 0
134 67 0 -144 144 0
134 67 -67 -143 143 286
134 67 0 -143 143 0
134 67 0 -142 142 0
134 67 0 -141 141 0
134 67 0 -140 140 0
134 67 -67 -139 139 278
134 67 0 -139 139 0
134 67 0 -138 138 0
134 67 0 -137 137 0
134 67 0 -136 136 0
134 67 -67 -135 135 270
134 67 0 -135 135 0
134 67 0 -134 134 0
134 67 0 -133 133 0
134 67 0 -132 132 0
134 67 -67 -131 131 262
134 67 0 -131 131 0
134 67 0 -130 130 0
134 67 0 -129 129 0
134 67 0 -128 128 0
134 67 -67 -127 127 254
134 67 0 -127 127 0
134 67 0 -126 126 0
134 67 0 -125 125 0
134 67 0 -124 124 0
134 67 -67 -123 123 246
134 67 0 -123 123 0
134 67 0 -122 122 0
134 67 0 -121 121 0
134 67 0 -120 120 0
134 67 -67 -119 119 238
134 67 0 -119 119 0
134 67 0 -118 118 0
134 67 0 -117 117 0
134 67 0 -116 116 0
134 67 -67 -115 115 230
134 67 0 -115 115 0
134 67 0 -114 114 0
134 67 0 -113 113 0
134 67 0 -112 112 0
134 67 -67 -111 111 222
134 67 0 -111 111 0
134 67 0 -110 110 0
134 67 0 -109 109 0
134 67 0 -108 108 0
134 67 -67 -107 107 214
134 67 0 -107 107 0
134 67 0 -106 106 0
134 67 0 -105 105 0
134 67 0 -104 104 0
134 67 -67 -103 103 206
134 67 0 -103 103 0
134 67 0 -102 102 0
134 67 0 -101 101 0
134 67 1 -101 101 202
134 67 0 -100 100 0
134 67 -67 -99 99 198
134 67 0 -99 99 0
134 67 0 -98 98 0
134 67 0 -97 97 0
134 67 0 -96 96 0
134 67 -67 -95 95 190
134 67 0 -95 95 0
134 67 0 -94 94 0
134 67 0 -93 93 0
134 67 0 -92 92 0
134 67 -67 -91 91 182
134 67 0 -91 91 0
134 67 0 -90 90 0
134 67 0 -89 89 0
134 67 0 -88 88 0
134 67 -67 -87 87 174
134 67 0 -87 87 0
134 67 0 -86 86 0
134 67 0 -85 85 0
134 67 0 -84 84 0
134 67 -67 -83 83 166
134 67 0 -83 83 0
134 67 0 -82 82 0
134 67 0 -81 81 0
134 67 0 -80 80 0
134 67 -67 -79 79 158
134 67 0 -79 79 0
134 67 0 -78 78 0
134 67 0 -77 77 0
134 67 0 -76 76 0
134 67 -67 -75 75 150
134 67 0 -75 75 0
134 67 0 -74 74 0
134 67 0 -73 73 0
134 67 0 -72 72 0
134 67 -67 -71 71 142
134 67 0 -71 71 0
134 67 0 -70 70 0
134 67 0 -69 69 0
134 67 0 -68 68 0
134 67 -67 -67 67 134
134 67 0 -67 67 0
134 67 0 -66 66 0
134 67 0 -65 65 0
134 67 0 -64 64 0
134 67 -67 -63 63 126
134 67 0 -63 63 0
134 67 0 -62 62 0
134 67 0 -61 61 0
134 67 0 -60 60 0
134 67 -67 -59 59 118
134 67 0 -59 59 0
134 67 0 -58 58 0
134 67 0 -57 57 0
134 67 0 -56 56 0
134 67 -67 -55 55 110
134 67 0 -55 55 0
134 67 0 -54 54 0
134 67 0 -53 53 0
134 67 0 -52 52 0
134 67 -67 -51 51 102
134 67 0 -51 51 0
134 67 0 -50 50 0
134 67 0 -49 49 0
134 67 0 -48 48 0
134 67 -67 -47 47 94
134 67 0 -47 47 0
134 67 0 -46 46 0
134 67 0 -45 45 0
134 67 0 -44 44 0
134 67 -67 -43 43 86
134 67 0 -43 43 0
134 67 0 -42 42 0
134 67 0 -41 41 0
134 67 0 -40 40 0
134 67 -67 -39 39 78
134 67 0 -39 39 0
134 67 0 -38 38 0
134 67 0 -37 37 0
134 67 0 -36 36 0
134 67 -67 -35 35 70
134 67 0 -35 35 0
134 67 0 -34 34 0
134 67 0 -33 33 0
134 67 0 -32 32 0
134 67 -67 -31 31 62
134 67 0 -31 31 0
134 67 0 -30 30 0
134 67 0 -29 29 0
134 67 0 -28 28 0
134 67 -67 -27 27 54
134 67 0 -27 27 0
134 67 0 -26 26 0
134 67 0 -25 25 0
134 67 0 -24 24 0
134 67 -67 -23 23 46
134 67 0 -23 23 0
134 67 0 -22 22 0
134 67 0 -21 21 0
134 67 0 -20 20 0
134 67 -67 -19 19 38
134 67 0 -19 19 0
134 67 0 -18 18 0
134 67 0 -17 17 0
134 67 0 -16 16 0
134 67 -67 -15 15 30
134 67 0 -15 15 0
134 67 0 -14 14 0
134 67 0 -13 13 0
134 67 0 -12 12 0
134 67 -67 -11 11 22
134 67 0 -11 11 0
134 67 0 -10 10 0
134 67 0 -9 9 0
134 67 0 -8 8 0
134 67 -67 -7 7 14
134 67 0 -7 7 0
134 67 0 -6 6 0
134 67 0 -5 5 0
134 67 0 -4 4 0
134 67 -67 -3 3 6
134 67 0 -3 3 0
134 67 0 -2 2 0
134 67 0 -1 1 0
134 67 -67 1 -1 -2
134 67 0 1 -1 0
134 67 0 2 -2 0
134 67 0 3 -3 0
134 67 0 4 -4 0
134 67 -67 5 -5 -10
134 67 0 5 -5 0
134 67 0 6 -6 0
134 67 0 7 -7 0
134 67 0 8 -8 0
134 67 -67 9 -9 -18
134 67 0 9 -9 0
134 67 0 10 -10 0
134 67 0 11 -11 0
134 67 0 12 -12 0
134 67 -67 13 -13 -26
134 67 0 13 -13 0
134 67 0 14 -14 0
134 67 0 15 -15 0
134 67 0 16 -16 0
134 67 -67 17 -17 -34
134 67 0 17 -17 0
134 67 0 18 -18 0
134 67 0 19 -19 0
134 67 0 20 -20 0
134 67 -67 21 -21 -42
134 67 0 21 -21 0
134 67 0 22 -22 0
134 67 0 23 -23 0
134 67 0 24 -24 0
134 67 -67 25 -25 -50
134 67 0 25 -25 0
134 67 0 26 -26 0
134 67 0 27 -27 0
134 67 0 28 -28 0
134 67 -67 29 -29 -58
134 67 0 29 -29 0
134 67 0 30 -30 0
134 67 0 31 -31 0
134 67 0 32 -32 0
134 67 -67 33 -33 -66
134 67 0 33 -33 0
134 67 0 34 -34 0
134 67 0 35 -35 0
134 67 0 36 -36 0
134 67 -67 37 -37 -74
134 67 0 37 -37 0
134 67 0 38 -38 0
134 67 0 39 -39 0
134 67 0 40 -40 0
134 67 -67 41 -41 -82
134 67 0 41 -41 0
134 67 0 42 -42 0
134 67 0 43 -43 0
134 67 0 44 -44 0
134 67 -67 45 -45 -90
134 67 0 45 -45 0
134 67 0 46 -46 0
134 67 0 47 -47 0
134 67 0 48 -48 0
134 67 -67 49 -49 -98
134 67 0 49 -49 0
134 67 0 50 -50 0
134 67 0 51 -51 0
134 67 0 52 -52 0
134 67 -67 53 -53 -106
134 67 0 53 -53 0
134 67 0 54 -54 0
134 67 0 55 -55 0
134 67 0 56 -56 0
134 67 -67 57 -57 -114
134 67 0 57 -57 0
134 67 0 58 -58 0
134 67 0 59 -59 0
134 67 0 60 -60 0
134 67 -67 61 -61 -122
134 67 0 61 -61 0
134 67 0 62 -62 0
134 67 0 63 -63 0
134 67 0 64 -64 0
134 67 -67 65 -65 -130
134 67 0 65 -65 0
134 67 0 66 -66 0
134 67 0 67 -67 0
134 67 0 68 -68 0
134 67 -67 69 -69 -138
134 67 0 69 -69 0
134 67 0 70 -70 0
134 67 0 71 -71 0
134 67 0 72 -72 0
134 67 -67 73 -73 -146
134 67 0 73 -73 0
134 67 0 74 -74 0
134 67 0 75 -75 0
134 67 0 76 -76 0
134 67 -67 77 -77 -154
134 67 0 77 -77 0
134 67 0 78 -78 0
134 67 0 79 -79 0
134 67 0 80 -80 0
134 67 -67 81 -81 -162
134 67 0 81 -81 0
134 67 0 82 -82 0
134 67 0 83 -83 0
134 67 0 84 -84 0
134 67 -67 85 -85 -170
134 67 0 85 -85 0
134 67 0 86 -86 0
134 67 0 87 -87 0
134 67 0 88 -88 0
134 67 -67 89 -89 -178
134 67 0 89 -89 0
134 67 0 90 -90 0
134 67 0 91 -91 0
134 67 0 92 -92 0
134 67 -67 93 -93 -186
134 67 0 93 -93 0
134 67 0 94 -94 0
134 67 0 95 -95 0
134 67 0 96 -96 0
134 67 -67 97 -97 -194
134 67 0 97 -97 0
134 67 0 98 -98 0
134 67 0 99 -99 0
134 67 -1 100 -100 -200
134 67 0 100 -100 0
134 67 -67 101 -101 -202
134 67 0 101 -101 0
134 67 0 102 -102 0
134 67 0 103 -103 0
134 67 0 104 -104 0
134 67 -67 105 -105 -210
134 67 0 105 -105 0
134 67 0 106 -106 0
134 67 0 107 -107 0
134 67 0 108 -108 0
134 67 -67 109 -109 -218
134 67 0 109 -109 0
134 67 0 110 -110 0
134 67 0 111 -111 0
134 67 0 112 -112 0
134 67 -67 113 -113 -226
134 67 0 113 -113 0
134 67 0 114 -114 0
134 67 0 115 -115 0
134 67 0 116 -116 0
134 67 -67 117 -117 -234
134 67 0 117 -117 0
134 67 0 118 -118 0
134 67 0 119 -119 0
134 67 0 120 -120 0
134 67 -67 121 -121 -242
134 67 0 121 -121 0
134 67 0 122 -122 0
134 67 0 123 -123 0
134 67 0 124 -124 0
134 67 -67 125 -125 -250
134 67 0 125 -125 0
134 67 0 126 -126 0
134 67 0 127 -127 0
134 67 0 128 -128 0
134 67 -67 129 -129 -258
134 67 0 129 -129 0
134 67 0 130 -130 0
134 67 0 131 -131 0
134 67 0 132 -132 0
134 67 -67 133 -133 -266
134 67 0 133 -133 0
134 67 0 134 -134 0
134 67 0 135 -135 0
134 67 0 136 -136 0
134 67 -67 137 -137 -274
134 67 0 137 -137 0
134 67 0 138 -138 0
134 67 0 139 -139 0
134 67 0 140 -140 0
134 67 -67 141 -141 -282
134 67 0 141 -141 0
134 67 0 142 -142 0
134 67 0 143 -143 0
134 67 0 144 -144 0
134 67 -67 145 -145 -290
134 67 0 145 -145 0
134 67 0 146 -146 0
134 67 0 147 -147 0
134 67 0 148 -148 0
134 67 -67 149 -149 -298
134 67 0 149 -149 0
134 67 0 150 -150 0
136 68 0 -150 150 0
136 68 0 -149 149 0
136 68 -68 -148 148 296
136 68 0 -148 148 0
136 68 0 -147 147 0
136 68 0 -146 146 0
136 68 0 -145 145 0
136 68 -68 -144 144 288
136 68 0 -144 144 0
136 68 0 -143 143 0
136 68 0 -142 142 0
136 68 0 -141 141 0
136 68 -68 -140 140 280
136 68 0 -140 140 0
136 68 0 -139 139 0
136 68 0 -138 138 0
136 68 0 -137 137 0
136 68 -68 -136 136 272
136 68 0 -136 136 0
136 68 0 -135 135 0
136 68 0 -134 134 0
136 68 0 -133 133 0
136 68 -68 -132 132 264
136 68 0 -132 132 0
136 68 0 -131 131 0
136 68 0 -130 130 0
136 68 0 -129 129 0
136 68 -68 -128 128 256
136 68 0 -128 128 0
136 68 0 -127 127 0
136 68 0 -126 126 0
136 68 0 -125 125 0
136 68 -68 -124 124 248
136 68 0 -124 124 0
136 68 0 -123 123 0
136 68 0 -122 122 0
136 68 0 -121 121 0
136 68 -68 -120 120 240
136 68 0 -120 120 0
136 68 0 -119 119 0
136 68 0 -118 118 0
136 68 0 -117 117 0
136 68 -68 -116 116 232
136 68 0 -116 116 0
136 68 0 -115 115 0
136 68 0 -114 114 0
136 68 0 -113 113 0
136 68 -68 -112 112 224
136 68 0 -112 112 0
136 68 0 -111 111 0
136 68 0 -110 110 0
136 68 0 -109 109 0
136 68 -68 -108 108 216
136 68 0 -108 108 0
136 68 0 -107 107 0
136 68 0 -106 106 0
136 68 0 -105 105 0
136 68 -68 -104 104 208
136 68 0 -104 104 0
136 68 0 -103 103 0
136 68 0 -102 102 0
136 68 0 -101 101 0
136 68 -68 -100 100 200
136 68 0 -100 100 0
136 68 0 -99 99 0
136 68 0 -98 98 0
136 68 0 -97 97 0
136 68 -68 -96 96 192
136 68 0 -96 96 0
136 68 0 -95 95 0
136 68 0 -94 94 0
136 68 0 -93 93 0
136 68 -68 -92 92 184
136 68 0 -92 92 0
136 68 0 -91 91 0
136 68 0 -90 90 0
136 68 0 -89 89 0
136 68 -68 -88 88 176
136 68 0 -88 88 0
136 68 0 -87 87 0
136 68 0 -86 86 0
136 68 0 -85 85 0
136 68 -68 -84 84 168
136 68 0 -84 84 0
136 68 0 -83 83 0
136 68 0 -82 82 0
136 68 0 -81 81 0
136 68 -68 -80 80 160
136 68 0 -80 80 0
136 68 0 -79 79 0
136 68 0 -78 78 0
136 68 0 -77 77 0
136 68 -68 -76 76 152
136 68 0 -76 76 0
136 68 0 -75 75 0
136 68 0 -74 74 0
136 68 0 -73 73 0
136 68 -68 -72 72 144
136 68 0 -72 72 0
136 68 0 -71 71 0
136 68 0 -70 70 0
136 68 0 -69 69 0
136 68 -68 -68 68 136
136 68 0 -68 68 0
136 68 0 -67 67 0
136 68 0 -66 66 0
136 68 0 -65 65 0
136 68 -68 -64 64 128
136 68 0 -64 64 0
136 68 0 -63 63 0
136 68 0 -62 62 0
136 68 0 -61 61 0
136 68 -68 -60 60 120
136 68 0 -60 60 0
136 68 0 -59 59 0
136 68 0 -58 58 0
136 68 0 -57 57 0
136 68 -68 -56 56 112
136 68 0 -56 56 0
136 68 0 -55 55 0
136 68 0 -54 54 0
136 68 0 -53 53 0
136 68 -68 -52 52 104
136 68 0 -52 52 0
136 68 0 -51 51 0
136 68 0 -50 50 0
136 68 0 -49 49 0
136 68 -68 -48 48 96
136 68 0 -48 48 0
136 68 0 -47 47 0
136 68 0 -46 46 0
136 68 0 -45 45 0
136 68 -68 -44 44 88
136 68 0 -44 44 0
136 68 0 -43 43 0
136 68 0 -42 42 0
136 68 0 -41 41 0
136 68 -68 -40 40 80
136 68 0 -40 40 0
136 68 0 -39 39 0
136 68 0 -38 38 0
136 68 0 -37 37 0
136 68 -68 -36 36 72
136 68 0 -36 36 0
136 68 0 -35 35 0
136 68 0 -34 34 0
136 68 0 -33 33 0
136 68 -68 -32 32 64
136 68 0 -32 32 0
136 68 0 -31 31 0
136 68 0 -30 30 0
136 68 0 -29 29 0
136 68 -68 -28 28 56
136 68 0 -28 28 0
136 68 0 -27 27 0
136 68 0 -26 26 0
136 68 0 -25 25 0
136 68 -68 -24 24 48
136 68 0 -24 24 0
136 68 0 -23 23 0
136 68 0 -22 22 0
136 68 0 -21 21 0
136 68 -68 -20 20 40
136 68 0 -20 20 0
136 68 0 -19 19 0
136 68 0 -18 18 0
136 68 0 -17 17 0
136 68 -68 -16 16 32
136 68 0 -16 16 0
136 68 0 -15 15 0
136 68 0 -14 14 0
136 68 0 -13 13 0
136 68 -68 -12 12 24
136 68 0 -12 12 0
136 68 0 -11 11 0
136 68 0 -10 10 0
136 68 0 -9 9 0
136 68 -68 -8 8 16
136 68 0 -8 8 0
136 68 0 -7 7 0
136 68 0 -6 6 0
136 68 0 -5 5 0
136 68 -68 -4 4 8
136 68 0 -4 4 0
136 68 0 -3 3 0
136 68 0 -2 2 0
136 68 0 -1 1 0
136 68 0 1 -1 0
136 68 0 2 -2 0
136 68 0 3 -3 0
136 68 -68 4 -4 -8
136 68 0 4 -4 0
136 68 0 5 -5 0
136 68 0 6 -6 0
136 68 0 7 -7 0
136 68 -68 8 -8 -16
136 68 0 8 -8 0
136 68 0 9 -9 0
136 68 0 10 -10 0
136 68 0 11 -11 0
136 68 -68 12 -12 -24
136 68 0 12 -12 0
136 68 0 13 -13 0
136 68 0 14 -14 0
136 68 0 15 -15 0
136 68 -68 16 -16 -32
136 68 0 16 -16 0
136 68 10 16 -16 4
136 68 0 17 -17 0
136 68 0 18 -18 0
136 68 0 19 -19 0
136 68 -68 20 -20 -40
136 68 0 20 -20 0
136 68 0 21 -21 0
136 68 0 22 -22 0
136 68 0 23 -23 0
136 68 -68 24 -24 -48
136 68 0 24 -24 0
136 68 0 25 -25 0
136 68 0 26 -26 0
136 68 0 27 -27 0
136 68 -68 28 -28 -56
136 68 0 28 -28 0
136 68 0 29 -29 0
136 68 0 30 -30 0
136 68 0 31 -31 0
136 68 -68 32 -32 -64
136 68 0 32 -32 0
136 68 0 33 -33 0
136 68 0 34 -34 0
136 68 0 35 -35 0
136 68 -68 36 -36 -72
136 68 0 36 -36 0
136 68 0 37 -37 0
136 68 0 38 -38 0
136 68 0 39 -39 0
136 68 -68 40 -40 -80
136 68 0 40 -40 0
136 68 0 41 -41 0
136 68 0 42 -42 0
136 68 0 43 -43 0
136 68 -68 44 -44 -88
136 68 0 44 -44 0
136 68 0 45 -45 0
136 68 0 46 -46 0
136 68 0 47 -47 0
136 68 -68 48 -48 -96
136 68 0 48 -48 0
136 68 0 49 -49 0
136 68 0 50 -50 0
136 68 0 51 -51 0
136 68 -68 52 -52 -104
136 68 0 52 -52 0
136 68 0 53 -53 0
136 68 0 54 -54 0
136 68 0 55 -55 0
136 68 -68 56 -56 -112
136 68 0 56 -56 0
136 68 0 57 -57 0
136 68 0 58 -58 0
136 68 0 59 -59 0
136 68 -68 60 -60 -120
136 68 0 60 -60 0
136 68 0 61 -61 0
136 68 0 62 -62 0
136 68 0 63 -63 0
136 68 -68 64 -64 -128
136 68 0 64 -64 0
136 68 0 65 -65 0
136 68 0 66 -66 0
136 68 0 67 -67 0
136 68 -68 68 -68 -136
136 68 0 68 -68 0
136 68 0 69 -69 0
136 68 0 70 -70 0
136 68 0 71 -71 0
136 68 -68 72 -72 -144
136 68 0 72 -72 0
136 68 0 73 -73 0
136 68 0 74 -74 0
136 68 0 75 -75 0
136 68 -68 76 -76 -152
136 68 0 76 -76 0
136 68 0 77 -77 0
136 68 0 78 -78 0
136 68 0 79 -79 0
136 68 -68 80 -80 -160
136 68 0 80 -80 0
136 68 0 81 -81 0
136 68 0 82 -82 0
136 68 0 83 -83 0
136 68 -68 84 -84 -168
136 68 0 84 -84 0
136 68 0 85 -85 0
136 68 0 86 -86 0
136 68 0 87 -87 0
136 68 -68 88 -88 -176
136 68 0 88 -88 0
136 68 0 89 -89 0
136 68 0 90 -90 0
136 68 0 91 -91 0
136 68 -68 92 -92 -184
136 68 0 92 -92 0
136 68 0 93 -93 0
136 68 0 94 -94 0
136 68 0 95 -95 0
136 68 -68 96 -96 -192
136 68 0 96 -96 0
136 68 0 97 -97 0
136 68 0 98 -98 0
136 68 0 99 -99 0
136 68 -68 100 -100 -200
136 68 0 100 -100 0
136 68 0 101 -101 0
136 68 0 102 -102 0
136 68 0 103 -103 0
136 68 -68 104 -104 -208
136 68 0 104 -104 0
136 68 0 105 -105 0
136 68 0 106 -106 0
136 68 0 107 -107 0
136 68 -68 108 -108 -216
136 68 0 108 -108 0
136 68 0 109 -109 0
136 68 0 110 -110 0
136 68 0 111 -111 0
136 68 -68 112 -112 -224
136 68 0 112 -112 0
136 68 0 113 -113 0
136 68 0 114 -114 0
136 68 0 115 -115 0
136 68 -68 116 -116 -232
136 68 0 116 -116 0
136 68 0 117 -117 0
136 68 0 118 -118 0
136 68 0 119 -119 0
136 68 -68 120 -120 -240
136 68 0 120 -120 0
136 68 0 121 -121 0
136 68 0 122 -122 0
136 68 0 123 -123 0
136 68 -68 124 -124 -248
136 68 0 124 -124 0
136 68 0 125 -125 0
136 68 0 126 -126 0
136 68 0 127 -127 0
136 68 -68 128 -128 -256
136 68 0 128 -128 0
136 68 0 129 -129 0
136 68 0 130 -130 0
136 68 0 131 -131 0
136 68 -68 132 -132 -264
136 68 0 132 -132 0
136 68 0 133 -133 0
136 68 0 134 -134 0
136 68 0 135 -135 0
136 68 -68 136 -136 -272
136 68 0 136 -136 0
136 68 0 137 -137 0
136 68 0 138 -138 0
136 68 0 139 -139 0
136 68 -68 140 -140 -280
136 68 0 140 -140 0
136 68 0 141 -141 0
136 68 0 142 -142 0
136 68 0 143 -143 0
136 68 -68 144 -144 -288
136 68 0 144 -144 0
136 68 0 145 -145 0
136 68 0 146 -146 0
136 68 0 147 -147 0
136 68 -68 148 -148 -296
136 68 0 148 -148 0
136 68 0 149 -149 0
136 68 0 150 -150 0
138 69 0 -150 150 0
138 69 0 -149 149 0
138 69 0 -148 148 0
138 69 -69 -147 147 294
138 69 0 -147 147 0
138 69 0 -146 146 0
138 69 0 -145 145 0
138 69 0 -144 144 0
138 69 -69 -143 143 286
138 69 0 -143 143 0
138 69 0 -142 142 0
138 69 0 -141 141 0
138 69 0 -140 140 0
138 69 -69 -139 139 278
138 69 0 -139 139 0
138 69 0 -138 138 0
138 69 0 -137 137 0
138 69 0 -136 136 0
138 69 -69 -135 135 270
138 69 0 -135 135 0
138 69 0 -134 134 0
138 69 0 -133 133 0
138 69 0 -132 132 0
138 69 -69 -131 131 262
138 69 0 -131 131 0
138 69 0 -130 130 0
138 69 0 -129 129 0
138 69 0 -128 128 0
138 69 -69 -127 127 254
138 69 0 -127 127 0
138 69 0 -126 126 0
138 69 0 -125 125 0
138 69 0 -124 124 0
138 69 -69 -123 123 246
138 69 0 -123 123 0
138 69 0 -122 122 0
138 69 0 -121 121 0
138 69 0 -120 120 0
138 69 -69 -119 119 238
138 69 0 -119 119 0
138 69 0 -118 118 0
138 69 0 -117 117 0
138 69 0 -116 116 0
138 69 -69 -115 115 230
138 69 0 -115 115 0
138 69 0 -114 114 0
138 69 0 -113 113 0
138 69 0 -112 112 0
138 69 -69 -111 111 222
138 69 0 -111 111 0
138 69 0 -110 110 0
138 69 0 -109 109 0
138 69 0 -108 108 0
138 69 -69 -107 107 214
138 69 0 -107 107 0
138 69 0 -106 106 0
138 69 0 -105 105 0
138 69 0 -104 104 0
138 69 1 -104 104 208
138 69 -69 -103 103 206
138 69 0 -103 103 0
138 69 0 -102 102 0
138 69 0 -101 101 0
138 69 0 -100 100 0
138 69 -69 -99 99 198
138 69 0 -99 99 0
138 69 0 -98 98 0
138 69 0 -97 97 0
138 69 0 -96 96 0
138 69 -69 -95 95 190
138 69 0 -95 95 0
138 69 0 -94 94 0
138 69 0 -93 93 0
138 69 0 -92 92 0
138 69 -69 -91 91 182
138 69 0 -91 91 0
138 69 0 -90 90 0
138 69 0 -89 89 0
138 69 0 -88 88 0
138 69 -69 -87 87 174
138 69 0 -87 87 0
138 69 0 -86 86 0
138 69 0 -85 85 0
138 69 0 -84 84 0
138 69 -69 -83 83 166
138 69 0 -83 83 0
138 69 0 -82 82 0
138 69 0 -81 81 0
138 69 0 -80 80 0
138 69 -69 -79 79 158
138 69 0 -79 79 0
138 69 0 -78 78 0
138 69 0 -77 77 0
138 69 0 -76 76 0
138 69 -69 -75 75 150
138 69 0 -75 75 0
138 69 0 -74 74 0
138 69 0 -73 73 0
138 69 0 -72 72 0
138 69 -69 -71 71 142
138 69 0 -71 71 0
138 69 0 -70 70 0
138 69 0 -69 69 0
138 69 0 -68 68 0
138 69 -69 -67 67 134
138 69 0 -67 67 0
138 69 0 -66 66 0
138 69 0 -65 65 0
138 69 0 -64 64 0
138 69 -69 -63 63 126
138 69 0 -63 63 0
138 69 0 -62 62 0
138 69 0 -61 61 0
138 69 0 -60 60 0
138 69 -69 -59 59 118
138 69 0 -59 59 0
138 69 0 -58 58 0
138 69 0 -57 57 0
138 69 0 -56 56 0
138 69 -69 -55 55 110
138 69 0 -55 55 0
138 69 0 -54 54 0
138 69 0 -53 53 0
138 69 0 -52 52 0
138 69 -69 -51 51 102
138 69 0 -51 51 0
138 69 0 -50 50 0
138 69 0 -49 49 0
138 69 0 -48 48 0
138 69 -69 -47 47 94
138 69 0 -47 47 0
138 69 0 -46 46 0
138 69 0 -45 45 0
138 69 0 -44 44 0
138 69 -69 -43 43 86
138 69 0 -43 43 0
138 69 0 -42 42 0
138 69 0 -41 41 0
138 69 0 -40 40 0
138 69 -69 -39 39 78
138 69 0 -39 39 0
138 69 0 -38 38 0
138 69 0 -37 37 0
138 69 0 -36 36 0
138 69 -69 -35 35 70
138 69 0 -35 35 0
138 69 0 -34 34 0
138 69 0 -33 33 0
138 69 0 -32 32 0
138 69 -69 -31 31 62
138 69 0 -31 31 0
138 69 0 -30 30 0
138 69 0 -29 29 0
138 69 0 -28 28 0
138 69 -69 -27 27 54
138 69 0 -27 27 0
138 69 0 -26 26 0
138 69 0 -25 25 0
138 69 0 -24 24 0
138 69 -69 -23 23 46
138 69 0 -23 23 0
138 69 0 -22 22 0
138 69 0 -21 21 0
138 69 0 -20 20 0
138 69 -69 -19 19 38
138 69 0 -19 19 0
138 69 0 -18 18 0
138 69 0 -17 17 0
138 69 0 -16 16 0
138 69 -69 -15 15 30
138 69 0 -15 15 0
138 69 0 -14 14 0
138 69 0 -13 13 0
138 69 0 -12 12 0
138 69 -69 -11 11 22
138 69 0 -11 11 0
138 69 0 -10 10 0
138 69 0 -9 9 0
138 69 0 -8 8 0
138 69 -69 -7 7 14
138 69 0 -7 7 0
138 69 0 -6 6 0
138 69 0 -5 5 0
138 69 0 -4 4 0
138 69 -69 -3 3 6
138 69 0 -3 3 0
138 69 0 -2 2 0
138 69 0 -1 1 0
138 69 -69 1 -1 -2
138 69 0 1 -1 0
138 69 0 2 -2 0
138 69 0 3 -3 0
138 69 0 4 -4 0
138 69 -69 5 -5 -10
138 69 0 5 -5 0
138 69 0 6 -6 0
138 69 0 7 -7 0
138 69 0 8 -8 0
138 69 -69 9 -9 -18
138 69 0 9 -9 0
138 69 0 10 -10 0
138 69 0 11 -11 0
138 69 0 12 -12 0
138 69 -69 13 -13 -26
138 69 0 13 -13 0
138 69 0 14 -14 0
138 69 0 15 -15 0
138 69 0 16 -16 0
138 69 -69 17 -17 -34
138 69 0 17 -17 0
138 69 0 18 -18 0
138 69 0 19 -19 0
138 69 0 20 -20 0
138 69 -69 21 -21 -42
138 69 0 21 -21 0
138 69 0 22 -22 0
138 69 0 23 -23 0
138 69 0 24 -24 0
138 69 -69 25 -25 -50
138 69 0 25 -25 0
138 69 0 26 -26 0
138 69 0 27 -27 0
138 69 0 28 -28 0
138 69 -69 29 -29 -58
138 69 0 29 -29 0
138 69 0 30 -30 0
138 69 0 31 -31 0
138 69 0 32 -32 0
138 69 -69 33 -33 -66
138 69 0 33 -33 0
138 69 0 34 -34 0
138 69 0 35 -35 0
138 69 0 36 -36 0
138 69 -69 37 -37 -74
138 69 0 37 -37 0
138 69 0 38 -38 0
138 69 0 39 -39 0
138 69 0 40 -40 0
138 69 -69 41 -41 -82
138 69 0 41 -41 0
138 69 0 42 -42 0
138 69 0 43 -43 0
138 69 0 44 -44 0
138 69 -69 45 -45 -90
138 69 0 45 -45 0
138 69 0 46 -46 0
138 69 0 47 -47 0
138 69 0 48 -48 0
138 69 -69 49 -49 -98
138 69 0 49 -49 0
138 69 0 50 -50 0
138 69 0 51 -51 0
138 69 0 52 -52 0
138 69 -69 53 -53 -106
138 69 0 53 -53 0
138 69 0 54 -54 0
138 69 0 55 -55 0
138 69 0 56 -56 0
138 69 -69 57 -57 -114
138 69 0 57 -57 0
138 69 0 58 -58 0
138 69 0 59 -59 0
138 69 0 60 -60 0
138 69 -69 61 -61 -122
138 69 0 61 -61 0
138 69 0 62 -62 0
138 69 0 63 -63 0
138 69 0 64 -64 0
138 69 -69 65 -65 -130
138 69 0 65 -65 0
138 69 0 66 -66 0
138 69 0 67 -67 0
138 69 0 68 -68 0
138 69 -69 69 -69 -138
138 69 0 69 -69 0
138 69 0 70 -70 0
138 69 0 71 -71 0
138 69 0 72 -72 0
138 69 -69 73 -73 -146
138 69 0 73 -73 0
138 69 0 74 -74 0
138 69 0 75 -75 0
138 69 0 76 -76 0
138 69 -69 77 -77 -154
138 69 0 77 -77 0
138 69 0 78 -78 0
138 69 0 79 -79 0
138 69 0 80 -80 0
138 69 -69 81 -81 -162
138 69 0 81 -81 0
138 69 0 82 -82 0
138 69 0 83 -83 0
138 69 0 84 -84 0
138 69 -69 85 -85 -170
138 69 0 85 -85 0
138 69 0 86 -86 0
138 69 0 87 -87 0
138 69 0 88 -88 0
138 69 -69 89 -89 -178
138 69 0 89 -89 0
138 69 0 90 -90 0
138 69 0 91 -91 0
138 69 0 92 -92 0
138 69 -69 93 -93 -186
138 69 0 93 -93 0
138 69 0 94 -94 0
138 69 0 95 -95 0
138 69 0 96 -96 0
138 69 -69 97 -97 -194
138 69 0 97 -97 0
138 69 0 98 -98 0
138 69 0 99 -99 0
138 69 0 100 -100 0
138 69 -69 101 -101 -202
138 69 0 101 -101 0
138 69 0 102 -102 0
138 69 -1 103 -103 -206
138 69 0 103 -103 0
138 69 0 104 -104 0
138 69 -69 105 -105 -210
138 69 0 105 -105 0
138 69 0 106 -106 0
138 69 0 107 -107 0
138 69 0 108 -108 0
138 69 -69 109 -109 -218
138 69 0 109 -109 0
138 69 0 110 -110 0
138 69 0 111 -111 0
138 69 0 112 -112 0
138 69 -69 113 -113 -226
138 69 0 113 -113 0
138 69 0 114 -114 0
138 69 0 115 -115 0
138 69 0 116 -116 0
138 69 -69 117 -117 -234
138 69 0 117 -117 0
138 69 0 118 -118 0
138 69 0 119 -119 0
138 69 0 120 -120 0
138 69 -69 121 -121 -242
138 69 0 121 -121 0
138 69 0 122 -122 0
138 69 0 123 -123 0
138 69 0 124 -124 0
138 69 -69 125 -125 -250
138 69 0 125 -125 0
138 69 0 126 -126 0
138 69 0 127 -127 0
138 69 0 128 -128 0
138 69 -69 129 -129 -258
138 69 0 129 -129 0
138 69 0 130 -130 0
138 69 0 131 -131 0
138 69 0 132 -132 0
138 69 -69 133 -133 -266
138 69 0 133 -133 0
138 69 0 134 -134 0
138 69 0 135 -135 0
138 69 0 136 -136 0
138 69 -69 137 -137 -274
138 69 0 137 -137 0
138 69 0 138 -138 0
138 69 0 139 -139 0
138 69 0 140 -140 0
138 69 -69 141 -141 -282
138 69 0 141 -141 0
138 69 0 142 -142 0
138 69 0 143 -143 0
138 69 0 144 -144 0
138 69 -69 145 -145 -290
138 69 0 145 -145 0
138 69 0 146 -146 0
138 69 0 147 -147 0
138 69 0 148 -148 0
138 69 -69 149 -149 -298
138 69 0 149 -149 0
138 69 0 150 -150 0
140 70 0 -150 150 0
140 70 0 -149 149 0
140 70 -70 -148 148 296
140 70 0 -148 148 0
140 70 0 -147 147 0
140 70 0 -146 146 0
140 70 0 -145 145 0
140 70 -70 -144 144 288
140 70 0 -144 144 0
140 70 0 -143 143 0
140 70 0 -142 142 0
140 70 0 -141 141 0
140 70 -70 -140 140 280
140 70 0 -140 140 0
140 70 0 -139 139 0
140 70 0 -138 138 0
140 70 0 -137 137 0
140 70 -70 -136 136 272
140 70 0 -136 136 0
140 70 0 -135 135 0
140 70 0 -134 134 0
140 70 0 -133 133 0
140 70 -70 -132 132 264
140 70 0 -132 132 0
140 70 0 -131 131 0
140 70 0 -130 130 0
140 70 0 -129 129 0
140 70 -70 -128 128 256
140 70 0 -128 128 0
140 70 0 -127 127 0
140 70 0 -126 126 0
140 70 0 -125 125 0
140 70 -70 -124 124 248
140 70 0 -124 124 0
140 70 0 -123 123 0
140 70 0 -122 122 0
140 70 0 -121 121 0
140 70 -70 -120 120 240
140 70 0 -120 120 0
140 70 0 -119 119 0
140 70 0 -118 118 0
140 70 0 -117 117 0
140 70 -70 -116 116 232
140 70 0 -116 116 0
140 70 0 -115 115 0
140 70 0 -114 114 0
140 70 0 -113 113 0
140 70 -70 -112 112 224
140 70 0 -112 112 0
140 70 0 -111 111 0
140 70 0 -110 110 0
140 70 0 -109 109 0
140 70 -70 -108 108 216
140 70 0 -108 108 0
140 70 0 -107 107 0
140 70 0 -106 106 0
140 70 0 -105 105 0
140 70 -70 -104 104 208
140 70 0 -104 104 0
140 70 0 -103 103 0
140 70 0 -102 102 0
140 70 0 -101 101 0
140 70 -70 -100 100 200
140 70 0 -100 100 0
140 70 0 -99 99 0
140 70 0 -98 98 0
140 70 0 -97 97 0
140 70 -70 -96 96 192
140 70 0 -96 96 0
140 70 0 -95 95 0
140 70 0 -94 94 0
140 70 0 -93 93 0
140 70 -70 -92 92 184
140 70 0 -92 92 0
140 70 0 -91 91 0
140 70 0 -90 90 0
140 70 0 -89 89 0
140 70 -70 -88 88 176
140 70 0 -88 88 0
140 70 0 -87 87 0
140 70 0 -86 86 0
140 70 0 -85 85 0
140 70 -70 -84 84 168
140 70 0 -84 84 0
140 70 0 -83 83 0
140 70 0 -82 82 0
140 70 0 -81 81 0
140 70 -70 -80 80 160
140 70 0 -80 80 0
140 70 0 -79 79 0
140 70 0 -78 78 0
140 70 0 -77 77 0
140 70 -70 -76 76 152
140 70 0 -76 76 0
140 70 0 -75 75 0
140 70 0 -74 74 0
140 70 0 -73 73 0
140 70 -70 -72 72 144
140 70 0 -72 72 0
140 70 0 -71 71 0
140 70 0 -70 70 0
140 70 0 -69 69 0
140 70 -70 -68 68 136
140 70 0 -68 68 0
140 70 0 -67 67 0
140 70 0 -66 66 0
140 70 0 -65 65 0
140 70 -70 -64 64 128
140 70 0 -64 64 0
140 70 0 -63 63 0
140 70 0 -62 62 0
140 70 0 -61 61 0
140 70 -70 -60 60 120
140 70 0 -60 60 0
140 70 0 -59 59 0
140 70 0 -58 58 0
140 70 0 -57 57 0
140 70 -70 -56 56 112
140 70 0 -56 56 0
140 70 0 -55 55 0
140 70 0 -54 54 0
140 70 0 -53 53 0
140 70 -70 -52 52 104
140 70 0 -52 52 0
140 70 0 -51 51 0
140 70 0 -50 50 0
140 70 0 -49 49 0
140 70 -70 -48 48 96
140 70 0 -48 48 0
140 70 0 -47 47 0
140 70 0 -46 46 0
140 70 0 -45 45 0
140 70 -70 -44 44 88
140 70 0 -44 44 0
140 70 0 -43 43 0
140 70 0 -42 42 0
140 70 0 -41 41 0
140 70 -70 -40 40 80
140 70 0 -40 40 0
140 70 0 -39 39 0
140 70 0 -38 38 0
140 70 0 -37 37 0
140 70 -70 -36 36 72
140 70 0 -36 36 0
140 70 0 -35 35 0
140 70 0 -34 34 0
140 70 0 -33 33 0
140 70 -70 -32 32 64
140 70 0 -32 32 0
140 70 0 -31 31 0
140 70 0 -30 30 0
140 70 0 -29 29 0
140 70 -70 -28 28 56
140 70 0 -28 28 0
140 70 0 -27 27 0
140 70 0 -26 26 0
140 70 0 -25 25 0
140 70 -70 -24 24 48
140 70 0 -24 24 0
140 70 0 -23 23 0
140 70 0 -22 22 0
140 70 0 -21 21 0
140 70 -70 -20 20 40
140 70 0 -20 20 0
140 70 0 -19 19 0
140 70 0 -18 18 0
140 70 0 -17 17 0
140 70 -70 -16 16 32
140 70 0 -16 16 0
140 70 0 -15 15 0
140 70 0 -14 14 0
140 70 0 -13 13 0
140 70 -70 -12 12 24
140 70 0 -12 12 0
140 70 0 -11 11 0
140 70 0 -10 10 0
140 70 0 -9 9 0
140 70 -70 -8 8 16
140 70 0 -8 8 0
140 70 0 -7 7 0
140 70 0 -6 6 0
140 70 0 -5 5 0
140 70 -70 -4 4 8
140 70 0 -4 4 0
140 70 0 -3 3 0
140 70 0 -2 2 0
140 70 0 -1 1 0
140 70 0 1 -1 0
140 70 0 2 -2 0
140 70 0 3 -3 0
140 70 -70 4 -4 -8
140 70 0 4 -4 0
140 70 0 5 -5 0
140 70 0 6 -6 0
140 70 0 7 -7 0
140 70 -70 8 -8 -16
140 70 0 8 -8 0
140 70 0 9 -9 0
140 70 0 10 -10 0
140 70 0 11 -11 0
140 70 -70 12 -12 -24
140 70 0 12 -12 0
140 70 0 13 -13 0
140 70 0 14 -14 0
140 70 0 15 -15 0
140 70 -70 16 -16 -32
140 70 0 16 -16 0
140 70 0 17 -17 0
140 70 0 18 -18 0
140 70 0 19 -19 0
140 70 -70 20 -20 -40
140 70 0 20 -20 0
140 70 0 21 -21 0
140 70 0 22 -22 0
140 70 0 23 -23 0
140 70 -70 24 -24 -48
140 70 0 24 -24 0
140 70 0 25 -25 0
140 70 0 26 -26 0
140 70 0 27 -27 0
140 70 -70 28 -28 -56
140 70 0 28 -28 0
140 70 0 29 -29 0
140 70 0 30 -30 0
140 70 0 31 -31 0
140 70 -70 32 -32 -64
140 70 0 32 -32 0
140 70 0 33 -33 0
140 70 0 34 -34 0
140 70 0 35 -35 0
140 70 -70 36 -36 -72
140 70 0 36 -36 0
140 70 0 37 -37 0
140 70 0 38 -38 0
140 70 0 39 -39 0
140 70 -70 40 -40 -80
140 70 0 40 -40 0
140 70 0 41 -41 0
140 70 0 42 -42 0
140 70 0 43 -43 0
140 70 -70 44 -44 -88
140 70 0 44 -44 0
140 70 0 45 -45 0
140 70 0 46 -46 0
140 70 0 47 -47 0
140 70 -70 48 -48 -96
140 70 0 48 -48 0
140 70 0 49 -49 0
140 70 0 50 -50 0
140 70 0 51 -51 0
140 70 -70 52 -52 -104
140 70 0 52 -52 0
140 70 0 53 -53 0
140 70 0 54 -54 0
140 70 0 55 -55 0
140 70 -70 56 -56 -112
140 70 0 56 -56 0
140 70 0 57 -57 0
140 70 0 58 -58 0
140 70 0 59 -59 0
140 70 -70 60 -60 -120
140 70 0 60 -60 0
140 70 0 61 -61 0
140 70 0 62 -62 0
140 70 0 63 -63 0
140 70 -70 64 -64 -128
140 70 0 64 -64 0
140 70 0 65 -65 0
140 70 0 66 -66 0
140 70 0 67 -67 0
140 70 -70 68 -68 -136
140 70 0 68 -68 0
140 70 0 69 -69 0
140 70 0 70 -70 0
140 70 0 71 -71 0
140 70 -70 72 -72 -144
140 70 0 72 -72 0
140 70 0 73 -73 0
140 70 0 74 -74 0
140 70 0 75 -75 0
140 70 -70 76 -76 -152
140 70 0 76 -76 0
140 70 0 77 -77 0
140 70 0 78 -78 0
140 70 0 79 -79 0
140 70 -70 80 -80 -160
140 70 0 80 -80 0
140 70 0 81 -81 0
140 70 0 82 -82 0
140 70 0 83 -83 0
140 70 -70 84 -84 -168
140 70 0 84 -84 0
140 70 0 85 -85 0
140 70 0 86 -86 0
140 70 0 87 -87 0
140 70 -70 88 -88 -176
140 70 0 88 -88 0
140 70 0 89 -89 0
140 70 0 90 -90 0
140 70 0 91 -91 0
140 70 -70 92 -92 -184
140 70 0 92 -92 0
140 70 0 93 -93 0
140 70 0 94 -94 0
140 70 0 95 -95 0
140 70 -70 96 -96 -192
140 70 0 96 -96 0
140 70 0 97 -97 0
140 70 0 98 -98 0
140 70 0 99 -99 0
140 70 -70 100 -100 -200
140 70 0 100 -100 0
140 70 0 101 -101 0
140 70 0 102 -102 0
140 70 0 103 -103 0
140 70 -70 104 -104 -208
140 70 0 104 -104 0
140 70 0 105 -105 0
140 70 0 106 -106 0
140 70 0 107 -107 0
140 70 -70 108 -108 -216
140 70 0 108 -108 0
140 70 0 109 -109 0
140 70 0 110 -110 0
140 70 0 111 -111 0
140 70 -70 112 -112 -224
140 70 0 112 -112 0
140 70 0 113 -113 0
140 70 0 114 -114 0
140 70 0 115 -115 0
140 70 -70 116 -116 -232
140 70 0 116 -116 0
140 70 0 117 -117 0
140 70 0 118 -118 0
140 70 0 119 -119 0
140 70 -70 120 -120 -240
140 70 0 120 -120 0
140 70 0 121 -121 0
140 70 0 122 -122 0
140 70 0 123 -123 0
140 70 -70 124 -124 -248
140 70 0 124 -124 0
140 70 0 125 -125 0
140 70 0 126 -126 0
140 70 0 127 -127 0
140 70 -70 128 -128 -256
140 70 0 128 -128 0
140 70 0 129 -129 0
140 70 0 130 -130 0
140 70 0 131 -131 0
140 70 -70 132 -132 -264
140 70 0 132 -132 0
140 70 0 133 -133 0
140 70 0 134 -134 0
140 70 0 135 -135 0
140 70 -70 136 -136 -272
140 70 0 136 -136 0
140 70 0 137 -137 0
140 70 0 138 -138 0
140 70 0 139 -139 0
140 70 -70 140 -140 -280
140 70 0 140 -140 0
140 70 0 141 -141 0
140 70 0 142 -142 0
140 70 0 143 -143 0
140 70 -70 144 -144 -288
140 70 0 144 -144 0
140 70 0 145 -145 0
140 70 0 146 -146 0
140 70 0 147 -147 0
140 70 -70 148 -148 -296
140 70 0 148 -148 0
140 70 0 149 -149 0
140 70 0 150 -150 0
142 71 0 -150 150 0
142 71 0 -149 149 0
142 71 0 -148 148 0
142 71 -71 -147 147 294
142 71 0 -147 147 0
142 71 0 -146 146 0
142 71 0 -145 145 0
142 71 0 -144 144 0
142 71 -71 -143 143 286
142 71 0 -143 143 0
142 71 0 -142 142 0
142 71 0 -141 141 0
142 71 0 -140 140 0
142 71 -71 -139 139 278
142 71 0 -139 139 0
142 71 0 -138 138 0
142 71 0 -137 137 0
142 71 0 -136 136 0
142 71 -71 -135 135 270
142 71 0 -135 135 0
142 71 0 -134 134 0
142 71 0 -133 133 0
142 71 0 -132 132 0
142 71 -71 -131 131 262
142 71 0 -131 131 0
142 71 0 -130 130 0
142 71 0 -129 129 0
142 71 0 -128 128 0
142 71 -71 -127 127 254
142 71 0 -127 127 0
142 71 0 -126 126 0
142 71 0 -125 125 0
142 71 0 -124 124 0
142 71 -71 -123 123 246
142 71 0 -123 123 0
142 71 0 -122 122 0
142 71 0 -121 121 0
142 71 0 -120 120 0
142 71 -71 -119 119 238
142 71 0 -119 119 0
142 71 0 -118 118 0
142 71 0 -117 117 0
142 71 0 -116 116 0
142 71 -71 -115 115 230
142 71 0 -115 115 0
142 71 0 -114 114 0
142 71 0 -113 113 0
142 71 0 -112 112 0
142 71 -71 -111 111 222
142 71 0 -111 111 0
142 71 0 -110 110 0
142 71 0 -109 109 0
142 71 0 -108 108 0
142 71 -71 -107 107 214
142 71 0 -107 107 0
142 71 1 -107 107 214
142 71 0 -106 106 0
142 71 0 -105 105 0
142 71 0 -104 104 0
142 71 -71 -103 103 206
142 71 0 -103 103 0
142 71 0 -102 102 0
142 71 0 -101 101 0
142 71 0 -100 100 0
142 71 -71 -99 99 198
142 71 0 -99 99 0
142 71 0 -98 98 0
142 71 0 -97 97 0
142 71 0 -96 96 0
142 71 -71 -95 95 190
142 71 0 -95 95 0
142 71 0 -94 94 0
142 71 0 -93 93 0
142 71 0 -92 92 0
142 71 -71 -91 91 182
142 71 0 -91 91 0
142 71 0 -90 90 0
142 71 0 -89 89 0
142 71 0 -88 88 0
142 71 -71 -87 87 174
142 71 0 -87 87 0
142 71 0 -86 86 0
142 71 0 -85 85 0
142 71 0 -84 84 0
142 71 -71 -83 83 166
142 71 0 -83 83 0
142 71 0 -82 82 0
142 71 0 -81 81 0
142 71 0 -80 80 0
142 71 -71 -79 79 158
142 71 0 -79 79 0
142 71 0 -78 78 0
142 71 0 -77 77 0
142 71 0 -76 76 0
142 71 -71 -75 75 150
142 71 0 -75 75 0
142 71 0 -74 74 0
142 71 0 -73 73 0
142 71 0 -72 72 0
142 71 -71 -71 71 142
142 71 0 -71 71 0
142 71 0 -70 70 0
142 71 0 -69 69 0
142 71 0 -68 68 0
142 71 -71 -67 67 134
142 71 0 -67 67 0
142 71 0 -66 66 0
142 71 0 -65 65 0
142 71 0 -64 64 0
142 71 -71 -63 63 126
142 71 0 -63 63 0
142 71 0 -62 62 0
142 71 0 -61 61 0
142 71 0 -60 60 0
142 71 -71 -59 59 118
142 71 0 -59 59 0
142 71 0 -58 58 0
142 71 0 -57 57 0
142 71 0 -56 56 0
142 71 -71 -55 55 110
142 71 0 -55 55 0
142 71 0 -54 54 0
142 71 0 -53 53 0
142 71 0 -52 52 0
142 71 -71 -51 51 102
142 71 0 -51 51 0
142 71 0 -50 50 0
142 71 0 -49 49 0
142 71 0 -48 48 0
142 71 -71 -47 47 94
142 71 0 -47 47 0
142 71 0 -46 46 0
142 71 0 -45 45 0
142 71 0 -44 44 0
142 71 -71 -43 43 86
142 71 0 -43 43 0
142 71 0 -42 42 0
142 71 0 -41 41 0
142 71 0 -40 40 0
142 71 -71 -39 39 78
142 71 0 -39 39 0
142 71 0 -38 38 0
142 71 0 -37 37 0
142 71 0 -36 36 0
142 71 -71 -35 35 70
142 71 0 -35 35 0
142 71 0 -34 34 0
142 71 0 -33 33 0
142 71 0 -32 32 0
142 71 -71 -31 31 62
142 71 0 -31 31 0
142 71 0 -30 30 0
142 71 0 -29 29 0
142 71 0 -28 28 0
142 71 -71 -27 27 54
142 71 0 -27 27 0
142 71 0 -26 26 0
142 71 0 -25 25 0
142 71 0 -24 24 0
142 71 -71 -23 23 46
142 71 0 -23 23 0
142 71 0 -22 22 0
142 71 0 -21 21 0
142 71 0 -20 20 0
142 71 -71 -19 19 38
142 71 0 -19 19 0
142 71 0 -18 18 0
142 71 0 -17 17 0
142 71 0 -16 16 0
142 71 -71 -15 15 30
142 71 0 -15 15 0
142 71 0 -14 14 0
142 71 0 -13 13 0
142 71 0 -12 12 0
142 71 -71 -11 11 22
142 71 0 -11 11 0
142 71 0 -10 10 0
142 71 0 -9 9 0
142 71 0 -8 8 0
142 71 -71 -7 7 14
142 71 0 -7 7 0
142 71 0 -6 6 0
142 71 0 -5 5 0
142 71 0 -4 4 0
142 71 -71 -3 3 6
142 71 0 -3 3 0
142 71 0 -2 2 0
142 71 0 -1 1 0
142 71 -71 1 -1 -2
142 71 0 1 -1 0
142 71 0 2 -2 0
142 71 0 3 -3 0
142 71 0 4 -4 0
142 71 -71 5 -5 -10
142 71 0 5 -5 0
142 71 0 6 -6 0
142 71 0 7 -7 0
142 71 0 8 -8 0
142 71 -71 9 -9 -18
142 71 0 9 -9 0
142 71 0 10 -10 0
142 71 0 11 -11 0
142 71 0 12 -12 0
142 71 -71 13 -13 -26
142 71 0 13 -13 0
142 71 0 14 -14 0
142 71 0 15 -15 0
142 71 0 16 -16 0
142 71 -71 17 -17 -34
142 71 0 17 -17 0
142 71 0 18 -18 0
142 71 0 19 -19 0
142 71 0 20 -20 0
142 71 -71 21 -21 -42
142 71 0 21 -21 0
142 71 0 22 -22 0
142 71 0 23 -23 0
142 71 0 24 -24 0
142 71 -71 25 -25 -50
142 71 0 25 -25 0
142 71 0 26 -26 0
142 71 0 27 -27 0
142 71 0 28 -28 0
142 71 -71 29 -29 -58
142 71 0 29 -29 0
142 71 0 30 -30 0
142 71 0 31 -31 0
142 71 0 32 -32 0
142 71 -71 33 -33 -66
142 71 0 33 -33 0
142 71 0 34 -34 0
142 71 0 35 -35 0
142 71 0 36 -36 0
142 71 -71 37 -37 -74
142 71 0 37 -37 0
142 71 0 38 -38 0
142 71 0 39 -39 0
142 71 0 40 -40 0
142 71 -71 41 -41 -82
142 71 0 41 -41 0
142 71 0 42 -42 0
142 71 0 43 -43 0
142 71 0 44 -44 0
142 71 -71 45 -45 -90
142 71 0 45 -45 0
142 71 0 46 -46 0
142 71 0 47 -47 0
142 71 0 48 -48 0
142 71 -71 49 -49 -98
142 71 0 49 -49 0
142 71 0 50 -50 0
142 71 0 51 -51 0
142 71 0 52 -52 0
142 71 -71 53 -53 -106
142 71 0 53 -53 0
142 71 0 54 -54 0
142 71 0 55 -55 0
142 71 0 56 -56 0
142 71 -71 57 -57 -114
142 71 0 57 -57 0
142 71 0 58 -58 0
142 71 0 59 -59 0
142 71 0 60 -60 0
142 71 -71 61 -61 -122
142 71 0 61 -61 0
142 71 0 62 -62 0
142 71 0 63 -63 0
142 71 0 64 -64 0
142 71 -71 65 -65 -130
142 71 0 65 -65 0
142 71 0 66 -66 0
142 71 0 67 -67 0
142 71 0 68 -68 0
142 71 -71 69 -69 -138
142 71 0 69 -69 0
142 71 0 70 -70 0
142 71 0 71 -71 0
142 71 0 72 -72 0
142 71 -71 73 -73 -146
142 71 0 73 -73 0
142 71 0 74 -74 0
142 71 0 75 -75 0
142 71 0 76 -76 0
142 71 -71 77 -77 -154
142 71 0 77 -77 0
142 71 0 78 -78 0
142 71 0 79 -79 0
142 71 0 80 -80 0
142 71 -71 81 -81 -162
142 71 0 81 -81 0
142 71 0 82 -82 0
142 71 0 83 -83 0
142 71 0 84 -84 0
142 71 -71 85 -85 -170
142 71 0 85 -85 0
142 71 0 86 -86 0
142 71 0 87 -87 0
142 71 0 88 -88 0
142 71 -71 89 -89 -178
142 71 0 89 -89 0
142 71 0 90 -90 0
142 71 0 91 -91 0
142 71 0 92 -92 0
142 71 -71 93 -93 -186
142 71 0 93 -93 0
142 71 0 94 -94 0
142 71 0 95 -95 0
142 71 0 96 -96 0
142 71 -71 97 -97 -194
142 71 0 97 -97 0
142 71 0 98 -98 0
142 71 0 99 -99 0
142 71 0 100 -100 0
142 71 -71 101 -101 -202
142 71 0 101 -101 0
142 71 0 102 -102 0
142 71 0 103 -103 0
142 71 0 104 -104 0
142 71 -71 105 -105 -210
142 71 0 105 -105 0
142 71 -1 106 -106 -212
142 71 0 106 -106 0
142 71 0 107 -107 0
142 71 0 108 -108 0
142 71 -71 109 -109 -218
142 71 0 109 -109 0
142 71 0 110 -110 0
142 71 0 111 -111 0
142 71 0 112 -112 0
142 71 -71 113 -113 -226
142 71 0 113 -113 0
142 71 0 114 -114 0
142 71 0 115 -115 0
142 71 0 116 -116 0
142 71 -71 117 -117 -234
142 71 0 117 -117 0
142 71 0 118 -118 0
142 71 0 119 -119 0
142 71 0 120 -120 0
142 71 -71 121 -121 -242
142 71 0 121 -121 0
142 71 0 122 -122 0
142 71 0 123 -123 0
142 71 0 124 -124 0
142 71 -71 125 -125 -250
142 71 0 125 -125 0
142 71 0 126 -126 0
142 71 0 127 -127 0
142 71 0 128 -128 0
142 71 -71 129 -129 -258
142 71 0 129 -129 0
142 71 0 130 -130 0
142 71 0 131 -131 0
142 71 0 132 -132 0
142 71 -71 133 -133 -266
142 71 0 133 -133 0
142 71 0 134 -134 0
142 71 0 135 -135 0
142 71 0 136 -136 0
142 71 -71 137 -137 -274
142 71 0 137 -137 0
142 71 0 138 -138 0
142 71 0 139 -139 0
142 71 0 140 -140 0
142 71 -71 141 -141 -282
142 71 0 141 -141 0
142 71 0 142 -142 0
142 71 0 143 -143 0
142 71 0 144 -144 0
142 71 -71 145 -145 -290
142 71 0 145 -145 0
142 71 0 146 -146 0
142 71 0 147 -147 0
142 71 0 148 -148 0
142 71 -71 149 -149 -298
142 71 0 149 -149 0
142 71 0 150 -150 0
144 72 0 -150 150 0
144 72 0 -149 149 0
144 72 -72 -148 148 296
144 72 0 -148 148 0
144 72 0 -147 147 0
144 72 0 -146 146 0
144 72 0 -145 145 0
144 72 -72 -144 144 288
144 72 0 -144 144 0
144 72 0 -143 143 0
144 72 0 -142 142 0
144 72 0 -141 141 0
144 72 -72 -140 140 280
144 72 0 -140 140 0
144 72 0 -139 139 0
144 72 0 -138 138 0
144 72 0 -137 137 0
144 72 -72 -136 136 272
144 72 0 -136 136 0
144 72 0 -135 135 0
144 72 0 -134 134 0
144 72 0 -133 133 0
144 72 -72 -132 132 264
144 72 0 -132 132 0
144 72 0 -131 131 0
144 72 0 -130 130 0
144 72 0 -129 129 0
144 72 -72 -128 128 256
144 72 0 -128 128 0
144 72 0 -127 127 0
144 72 0 -126 126 0
144 72 0 -125 125 0
144 72 -72 -124 124 248
144 72 0 -124 124 0
144 72 0 -123 123 0
144 72 0 -122 122 0
144 72 0 -121 121 0
144 72 -72 -120 120 240
144 72 0 -120 120 0
144 72 0 -119 119 0
144 72 0 -118 118 0
144 72 0 -117 117 0
144 72 -72 -116 116 232
144 72 0 -116 116 0
144 72 0 -115 115 0
144 72 0 -114 114 0
144 72 0 -113 113 0
144 72 -72 -112 112 224
144 72 0 -112 112 0
144 72 0 -111 111 0
144 72 0 -110 110 0
144 72 0 -109 109 0
144 72 -72 -108 108 216
144 72 0 -108 108 0
144 72 0 -107 107 0
144 72 0 -106 106 0
144 72 0 -105 105 0
144 72 -72 -104 104 208
144 72 0 -104 104 0
144 72 0 -103 103 0
144 72 0 -102 102 0
144 72 0 -101 101 0
144 72 -72 -100 100 200
144 72 0 -100 100 0
144 72 0 -99 99 0
144 72 0 -98 98 0
144 72 0 -97 97 0
144 72 -72 -96 96 192
144 72 0 -96 96 0
144 72 0 -95 95 0
144 72 0 -94 94 0
144 72 0 -93 93 0
144 72 -72 -92 92 184
144 72 0 -92 92 0
144 72 0 -91 91 0
144 72 0 -90 90 0
144 72 0 -89 89 0
144 72 -72 -88 88 176
144 72 0 -88 88 0
144 72 0 -87 87 0
144 72 0 -86 86 0
144 72 0 -85 85 0
144 72 -72 -84 84 168
144 72 0 -84 84 0
144 72 0 -83 83 0
144 72 0 -82 82 0
144 72 0 -81 81 0
144 72 -72 -80 80 160
144 72 0 -80 80 0
144 72 0 -79 79 0
144 72 0 -78 78 0
144 72 0 -77 77 0
144 72 -72 -76 76 152
144 72 0 -76 76 0
144 72 0 -75 75 0
144 72 0 -74 74 0
144 72 0 -73 73 0
144 72 -72 -72 72 144
144 72 0 -72 72 0
144 72 0 -71 71 0
144 72 0 -70 70 0
144 72 0 -69 69 0
144 72 -72 -68 68 136
144 72 0 -68 68 0
144 72 0 -67 67 0
144 72 0 -66 66 0
144 72 0 -65 65 0
144 72 -72 -64 64 128
144 72 0 -64 64 0
144 72 0 -63 63 0
144 72 0 -62 62 0
144 72 0 -61 61 0
144 72 -72 -60 60 120
144 72 0 -60 60 0
144 72 0 -59 59 0
144 72 0 -58 58 0
144 72 0 -57 57 0
144 72 -72 -56 56 112
144 72 0 -56 56 0
144 72 0 -55 55 0
144 72 0 -54 54 0
144 72 0 -53 53 0
144 72 -72 -52 52 104
144 72 0 -52 52 0
144 72 0 -51 51 0
144 72 0 -50 50 0
144 72 0 -49 49 0
144 72 -72 -48 48 96
144 72 0 -48 48 0
144 72 0 -47 47 0
144 72 0 -46 46 0
144 72 0 -45 45 0
144 72 -72 -44 44 88
144 72 0 -44 44 0
144 72 0 -43 43 0
144 72 0 -42 42 0
144 72 0 -41 41 0
144 72 -72 -40 40 80
144 72 0 -40 40 0
144 72 0 -39 39 0
144 72 0 -38 38 0
144 72 0 -37 37 0
144 72 -72 -36 36 72
144 72 0 -36 36 0
144 72 0 -35 35 0
144 72 0 -34 34 0
144 72 0 -33 33 0
144 72 -72 -32 32 64
144 72 0 -32 32 0
144 72 0 -31 31 0
144 72 0 -30 30 0
144 72 0 -29 29 0
144 72 -72 -28 28 56
144 72 0 -28 28 0
144 72 0 -27 27 0
144 72 0 -26 26 0
144 72 0 -25 25 0
144 72 -72 -24 24 48
144 72 0 -24 24 0
144 72 0 -23 23 0
144 72 0 -22 22 0
144 72 0 -21 21 0
144 72 -72 -20 20 40
144 72 0 -20 20 0
144 72 0 -19 19 0
144 72 0 -18 18 0
144 72 0 -17 17 0
144 72 -72 -16 16 32
144 72 0 -16 16 0
144 72 0 -15 15 0
144 72 0 -14 14 0
144 72 0 -13 13 0
144 72 -72 -12 12 24
144 72 0 -12 12 0
144 72 0 -11 11 0
144 72 0 -10 10 0
144 72 0 -9 9 0
144 72 -72 -8 8 16
144 72 0 -8 8 0
144 72 0 -7 7 0
144 72 0 -6 6 0
144 72 0 -5 5 0
144 72 -72 -4 4 8
144 72 0 -4 4 0
144 72 0 -3 3 0
144 72 0 -2 2 0
144 72 0 -1 1 0
144 72 0 1 -1 0
144 72 0 2 -2 0
144 72 0 3 -3 0
144 72 -72 4 -4 -8
144 72 0 4 -4 0
144 72 0 5 -5 0
144 72 0 6 -6 0
144 72 0 7 -7 0
144 72 -72 8 -8 -16
144 72 0 8 -8 0
144 72 0 9 -9 0
144 72 0 10 -10 0
144 72 0 11 -11 0
144 72 -72 12 -12 -24
144 72 0 12 -12 0
144 72 0 13 -13 0
144 72 0 14 -14 0
144 72 0 15 -15 0
144 72 -72 16 -16 -32
144 72 0 16 -16 0
144 72 0 17 -17 0
144 72 0 18 -18 0
144 72 0 19 -19 0
144 72 -72 20 -20 -40
144 72 0 20 -20 0
144 72 0 21 -21 0
144 72 0 22 -22 0
144 72 0 23 -23 0
144 72 -72 24 -24 -48
144 72 0 24 -24 0
144 72 0 25 -25 0
144 72 0 26 -26 0
144 72 0 27 -27 0
144 72 -72 28 -28 -56
144 72 0 28 -28 0
144 72 0 29 -29 0
144 72 0 30 -30 0
144 72 0 31 -31 0
144 72 -72 32 -32 -64
144 72 0 32 -32 0
144 72 0 33 -33 0
144 72 0 34 -34 0
144 72 0 35 -35 0
144 72 -72 36 -36 -72
144 72 0 36 -36 0
144 72 0 37 -37 0
144 72 0 38 -38 0
144 72 0 39 -39 0
144 72 -72 40 -40 -80
144 72 0 40 -40 0
144 72 0 41 -41 0
144 72 0 42 -42 0
144 72 0 43 -43 0
144 72 -72 44 -44 -88
144 72 0 44 -44 0
144 72 0 45 -45 0
144 72 0 46 -46 0
144 72 0 47 -47 0
144 72 -72 48 -48 -96
144 72 0 48 -48 0
144 72 0 49 -49 0
144 72 0 50 -50 0
144 72 0 51 -51 0
144 72 -72 52 -52 -104
144 72 0 52 -52 0
144 72 0 53 -53 0
144 72 0 54 -54 0
144 72 0 55 -55 0
144 72 -72 56 -56 -112
144 72 0 56 -56 0
144 72 0 57 -57 0
144 72 0 58 -58 0
144 72 0 59 -59 0
144 72 -72 60 -60 -120
144 72 0 60 -60 0
144 72 0 61 -61 0
144 72 0 62 -62 0
144 72 0 63 -63 0
144 72 -72 64 -64 -128
144 72 0 64 -64 0
144 72 0 65 -65 0
144 72 0 66 -66 0
144 72 0 67 -67 0
144 72 -72 68 -68 -136
144 72 0 68 -68 0
144 72 0 69 -69 0
144 72 0 70 -70 0
144 72 0 71 -71 0
144 72 -72 72 -72 -144
144 72 0 72 -72 0
144 72 0 73 -73 0
144 72 0 74 -74 0
144 72 0 75 -75 0
144 72 -72 76 -76 -152
144 72 0 76 -76 0
144 72 0 77 -77 0
144 72 0 78 -78 0
144 72 0 79 -79 0
144 72 -72 80 -80 -160
144 72 0 80 -80 0
144 72 0 81 -81 0
144 72 0 82 -82 0
144 72 0 83 -83 0
144 72 -72 84 -84 -168
144 72 0 84 -84 0
144 72 0 85 -85 0
144 72 0 86 -86 0
144 72 0 87 -87 0
144 72 -72 88 -88 -176
144 72 0 88 -88 0
144 72 0 89 -89 0
144 72 0 90 -90 0
144 72 0 91 -91 0
144 72 -72 92 -92 -184
144 72 0 92 -92 0
144 72 0 93 -93 0
144 72 0 94 -94 0
144 72 0 95 -95 0
144 72 -72 96 -96 -192
144 72 0 96 -96 0
144 72 0 97 -97 0
144 72 0 98 -98 0
144 72 0 99 -99 0
144 72 -72 100 -100 -200
144 72 0 100 -100 0
144 72 0 101 -101 0
144 72 0 102 -102 0
144 72 0 103 -103 0
144 72 -72 104 -104 -208
144 72 0 104 -104 0
144 72 0 105 -105 0
144 72 0 106 -106 0
144 72 0 107 -107 0
144 72 -72 108 -108 -216
144 72 0 108 -108 0
144 72 0 109 -109 0
144 72 0 110 -110 0
144 72 0 111 -111 0
144 72 -72 112 -112 -224
144 72 0 112 -112 0
144 72 0 113 -113 0
144 72 0 114 -114 0
144 72 0 115 -115 0
144 72 -72 116 -116 -232
144 72 0 116 -116 0
144 72 0 117 -117 0
144 72 0 118 -118 0
144 72 0 119 -119 0
144 72 -72 120 -120 -240
144 72 0 120 -120 0
144 72 0 121 -121 0
144 72 0 122 -122 0
144 72 0 123 -123 0
144 72 -72 124 -124 -248
144 72 0 124 -124 0
144 72 0 125 -125 0
144 72 0 126 -126 0
144 72 0 127 -127 0
144 72 -72 128 -128 -256
144 72 0 128 -128 0
144 72 0 129 -129 0
144 72 0 130 -130 0
144 72 0 131 -131 0
144 72 -72 132 -132 -264
144 72 0 132 -132 0
144 72 0 133 -133 0
144 72 0 134 -134 0
144 72 0 135 -135 0
144 72 -72 136 -136 -272
144 72 0 136 -136 0
144 72 0 137 -137 0
144 72 0 138 -138 0
144 72 0 139 -139 0
144 72 -72 140 -140 -280
144 72 0 140 -140 0
144 72 0 141 -141 0
144 72 0 142 -142 0
144 72 0 143 -143 0
144 72 -72 144 -144 -288
144 72 0 144 -144 0
144 72 0 145 -145 0
144 72 0 146 -146 0
144 72 0 147 -147 0
144 72 -72 148 -148 -296
144 72 0 148 -148 0
144 72 0 149 -149 0
144 72 0 150 -150 0
146 73 0 -150 150 0
146 73 0 -149 149 0
146 73 0 -148 148 0
146 73 -73 -147 147 294
146 73 0 -147 147 0
146 73 0 -146 146 0
146 73 0 -145 145 0
146 73 0 -144 144 0
146 73 -73 -143 143 286
146 73 0 -143 143 0
146 73 0 -142 142 0
146 73 0 -141 141 0
146 73 0 -140 140 0
146 73 -73 -139 139 278
146 73 0 -139 139 0
146 73 0 -138 138 0
146 73 0 -137 137 0
146 73 0 -136 136 0
146 73 -73 -135 135 270
146 73 0 -135 135 0
146 73 0 -134 134 0
146 73 0 -133 133 0
146 73 0 -132 132 0
146 73 -73 -131 131 262
146 73 0 -131 131 0
146 73 0 -130 130 0
146 73 0 -129 129 0
146 73 0 -128 128 0
146 73 -73 -127 127 254
146 73 0 -127 127 0
146 73 0 -126 126 0
146 73 0 -125 125 0
146 73 0 -124 124 0
146 73 -73 -123 123 246
146 73 0 -123 123 0
146 73 0 -122 122 0
146 73 0 -121 121 0
146 73 0 -120 120 0
146 73 -73 -119 119 238
146 73 0 -119 119 0
146 73 0 -118 118 0
146 73 0 -117 117 0
146 73 0 -116 116 0
146 73 -73 -115 115 230
146 73 0 -115 115 0
146 73 0 -114 114 0
146 73 0 -113 113 0
146 73 0 -112 112 0
146 73 -73 -111 111 222
146 73 0 -111 111 0
146 73 0 -110 110 0
146 73 1 -110 110 220
146 73 0 -109 109 0
146 73 0 -108 108 0
146 73 -73 -107 107 214
146 73 0 -107 107 0
146 73 0 -106 106 0
146 73 0 -105 105 0
146 73 0 -104 104 0
146 73 -73 -103 103 206
146 73 0 -103 103 0
146 73 0 -102 102 0
146 73 0 -101 101 0
146 73 0 -100 100 0
146 73 -73 -99 99 198
146 73 0 -99 99 0
146 73 0 -98 98 0
146 73 0 -97 97 0
146 73 0 -96 96 0
146 73 -73 -95 95 190
146 73 0 -95 95 0
146 73 0 -94 94 0
146 73 0 -93 93 0
146 73 0 -92 92 0
146 73 -73 -91 91 182
146 73 0 -91 91 0
146 73 0 -90 90 0
146 73 0 -89 89 0
146 73 0 -88 88 0
146 73 -73 -87 87 174
146 73 0 -87 87 0
146 73 0 -86 86 0
146 73 0 -85 85 0
146 73 0 -84 84 0
146 73 -73 -83 83 166
146 73 0 -83 83 0
146 73 0 -82 82 0
146 73 0 -81 81 0
146 73 0 -80 80 0
146 73 -73 -79 79 158
146 73 0 -79 79 0
146 73 0 -78 78 0
146 73 0 -77 77 0
146 73 0 -76 76 0
146 73 -73 -75 75 150
146 73 0 -75 75 0
146 73 0 -74 74 0
146 73 0 -73 73 0
146 73 0 -72 72 0
146 73 -73 -71 71 142
146 73 0 -71 71 0
146 73 0 -70 70 0
146 73 0 -69 69 0
146 73 0 -68 68 0
146 73 -73 -67 67 134
146 73 0 -67 67 0
146 73 0 -66 66 0
146 73 0 -65 65 0
146 73 0 -64 64 0
146 73 -73 -63 63 126
146 73 0 -63 63 0
146 73 0 -62 62 0
146 73 0 -61 61 0
146 73 0 -60 60 0
146 73 -73 -59 59 118
146 73 0 -59 59 0
146 73 0 -58 58 0
146 73 0 -57 57 0
146 73 0 -56 56 0
146 73 -73 -55 55 110
146 73 0 -55 55 0
146 73 0 -54 54 0
146 73 0 -53 53 0
146 73 0 -52 52 0
146 73 -73 -51 51 102
146 73 0 -51 51 0
146 73 0 -50 50 0
146 73 0 -49 49 0
146 73 0 -48 48 0
146 73 -73 -47 47 94
146 73 0 -47 47 0
146 73 0 -46 46 0
146 73 0 -45 45 0
146 73 0 -44 44 0
146 73 -73 -43 43 86
146 73 0 -43 43 0
146 73 0 -42 42 0
146 73 0 -41 41 0
146 73 0 -40 40 0
146 73 -73 -39 39 78
146 73 0 -39 39 0
146 73 0 -38 38 0
146 73 0 -37 37 0
146 73 0 -36 36 0
146 73 -73 -35 35 70
146 73 0 -35 35 0
146 73 0 -34 34 0
146 73 0 -33 33 0
146 73 0 -32 32 0
146 73 -73 -31 31 62
146 73 0 -31 31 0
146 73 0 -30 30 0
146 73 0 -29 29 0
146 73 0 -28 28 0
146 73 -73 -27 27 54
146 73 0 -27 27 0
146 73 0 -26 26 0
146 73 0 -25 25 0
146 73 0 -24 24 0
146 73 -73 -23 23 46
146 73 0 -23 23 0
146 73 0 -22 22 0
146 73 0 -21 21 0
146 73 0 -20 20 0
146 73 -73 -19 19 38
146 73 0 -19 19 0
146 73 0 -18 18 0
146 73 0 -17 17 0
146 73 0 -16 16 0
146 73 -73 -15 15 30
146 73 0 -15 15 0
146 73 0 -14 14 0
146 73 0 -13 13 0
146 73 0 -12 12 0
146 73 -73 -11 11 22
146 73 0 -11 11 0
146 73 0 -10 10 0
146 73 0 -9 9 0
146 73 0 -8 8 0
146 73 -73 -7 7 14
146 73 0 -7 7 0
146 73 0 -6 6 0
146 73 0 -5 5 0
146 73 0 -4 4 0
146 73 -73 -3 3 6
146 73 0 -3 3 0
146 73 0 -2 2 0
146 73 0 -1 1 0
146 73 -73 1 -1 -2
146 73 0 1 -1 0
146 73 0 2 -2 0
146 73 0 3 -3 0
146 73 0 4 -4 0
146 73 -73 5 -5 -10
146 73 0 5 -5 0
146 73 0 6 -6 0
146 73 0 7 -7 0
146 73 0 8 -8 0
146 73 -73 9 -9 -18
146 73 0 9 -9 0
146 73 0 10 -10 0
146 73 0 11 -11 0
146 73 0 12 -12 0
146 73 -73 13 -13 -26
146 73 0 13 -13 0
146 73 0 14 -14 0
146 73 0 15 -15 0
146 73 0 16 -16 0
146 73 -73 17 -17 -34
146 73 0 17 -17 0
146 73 0 18 -18 0
146 73 0 19 -19 0
146 73 0 20 -20 0
146 73 -73 21 -21 -42
146 73 0 21 -21 0
146 73 0 22 -22 0
146 73 0 23 -23 0
146 73 0 24 -24 0
146 73 -73 25 -25 -50
146 73 0 25 -25 0
146 73 0 26 -26 0
146 73 0 27 -27 0
146 73 0 28 -28 0
146 73 -73 29 -29 -58
146 73 0 29 -29 0
146 73 0 30 -30 0
146 73 0 31 -31 0
146 73 0 32 -32 0
146 73 -73 33 -33 -66
146 73 0 33 -33 0
146 73 0 34 -34 0
146 73 0 35 -35 0
146 73 0 36 -36 0
146 73 -73 37 -37 -74
146 73 0 37 -37 0
146 73 0 38 -38 0
146 73 0 39 -39 0
146 73 0 40 -40 0
146 73 -73 41 -41 -82
146 73 0 41 -41 0
146 73 0 42 -42 0
146 73 0 43 -43 0
146 73 0 44 -44 0
146 73 -73 45 -45 -90
146 73 0 45 -45 0
146 73 0 46 -46 0
146 73 0 47 -47 0
146 73 0 48 -48 0
146 73 -73 49 -49 -98
146 73 0 49 -49 0
146 73 0 50 -50 0
146 73 0 51 -51 0
146 73 0 52 -52 0
146 73 -73 53 -53 -106
146 73 0 53 -53 0
146 73 0 54 -54 0
146 73 0 55 -55 0
146 73 0 56 -56 0
146 73 -73 57 -57 -114
146 73 0 57 -57 0
146 73 0 58 -58 0
146 73 0 59 -59 0
146 73 0 60 -60 0
146 73 -73 61 -61 -122
146 73 0 61 -61 0
146 73 0 62 -62 0
146 73 0 63 -63 0
146 73 0 64 -64 0
146 73 -73 65 -65 -130
146 73 0 65 -65 0
146 73 0 66 -66 0
146 73 0 67 -67 0
146 73 0 68 -68 0
146 73 -73 69 -69 -138
146 73 0 69 -69 0
146 73 0 70 -70 0
146 73 0 71 -71 0
146 73 0 72 -72 0
146 73 -73 73 -73 -146
146 73 0 73 -73 0
146 73 0 74 -74 0
146 73 0 75 -75 0
146 73 0 76 -76 0
146 73 -73 77 -77 -154
146 73 0 77 -77 0
146 73 0 78 -78 0
146 73 0 79 -79 0
146 73 0 80 -80 0
146 73 -73 81 -81 -162
146 73 0 81 -81 0
146 73 0 82 -82 0
146 73 0 83 -83 0
146 73 0 84 -84 0
146 73 -73 85 -85 -170
146 73 0 85 -85 0
146 73 0 86 -86 0
146 73 0 87 -87 0
146 73 0 88 -88 0
146 73 -73 89 -89 -178
146 73 0 89 -89 0
146 73 0 90 -90 0
146 73 0 91 -91 0
146 73 0 92 -92 0
146 73 -73 93 -93 -186
146 73 0 93 -93 0
146 73 0 94 -94 0
146 73 0 95 -95 0
146 73 0 96 -96 0
146 73 -73 97 -97 -194
146 73 0 97 -97 0
146 73 0 98 -98 0
146 73 0 99 -99 0
146 73 0 100 -100 0
146 73 -73 101 -101 -202
146 73 0 101 -101 0
146 73 0 102 -102 0
146 73 0 103 -103 0
146 73 0 104 -104 0
146 73 -73 105 -105 -210
146 73 0 105 -105 0
146 73 0 106 -106 0
146 73 0 107 -107 0
146 73 0 108 -108 0
146 73 -73 109 -109 -218
146 73 -1 109 -109 -218
146 73 0 109 -109 0
146 73 0 110 -110 0
146 73 0 111 -111 0
146 73 0 112 -112 0
146 73 -73 113 -113 -226
146 73 0 113 -113 0
146 73 0 114 -114 0
146 73 0 115 -115 0
146 73 0 116 -116 0
146 73 -73 117 -117 -234
146 73 0 117 -117 0
146 73 0 118 -118 0
146 73 0 119 -119 0
146 73 0 120 -120 0
146 73 -73 121 -121 -242
146 73 0 121 -121 0
146 73 0 122 -122 0
146 73 0 123 -123 0
146 73 0 124 -124 0
146 73 -73 125 -125 -250
146 73 0 125 -125 0
146 73 0 126 -126 0
146 73 0 127 -127 0
146 73 0 128 -128 0
146 73 -73 129 -129 -258
146 73 0 129 -129 0
146 73 0 130 -130 0
146 73 0 131 -131 0
146 73 0 132 -132 0
146 73 -73 133 -133 -266
146 73 0 133 -133 0
146 73 0 134 -134 0
146 73 0 135 -135 0
146 73 0 136 -136 0
146 73 -73 137 -137 -274
146 73 0 137 -137 0
146 73 0 138 -138 0
146 73 0 139 -139 0
146 73 0 140 -140 0
146 73 -73 141 -141 -282
146 73 0 141 -141 0
146 73 0 142 -142 0
146 73 0 143 -143 0
146 73 0 144 -144 0
146 73 -73 145 -145 -290
146 73 0 145 -145 0
146 73 0 146 -146 0
146 73 0 147 -147 0
146 73 0 148 -148 0
146 73 -73 149 -149 -298
146 73 0 149 -149 0
146 73 0 150 -150 0
148 74 0 -150 150 0
148 74 0 -149 149 0
148 74 -74 -148 148 296
148 74 0 -148 148 0
148 74 0 -147 147 0
148 74 0 -146 146 0
148 74 0 -145 145 0
148 74 -74 -144 144 288
148 74 0 -144 144 0
148 74 0 -143 143 0
148 74 0 -142 142 0
148 74 0 -141 141 0
148 74 -74 -140 140 280
148 74 0 -140 140 0
148 74 0 -139 139 0
148 74 0 -138 138 0
148 74 0 -137 137 0
148 74 -74 -136 136 272
148 74 0 -136 136 0
148 74 0 -135 135 0
148 74 0 -134 134 0
148 74 0 -133 133 0
148 74 -74 -132 132 264
148 74 0 -132 132 0
148 74 0 -131 131 0
148 74 0 -130 130 0
148 74 0 -129 129 0
148 74 -74 -128 128 256
148 74 0 -128 128 0
148 74 0 -127 127 0
148 74 0 -126 126 0
148 74 0 -125 125 0
148 74 -74 -124 124 248
148 74 0 -124 124 0
148 74 0 -123 123 0
148 74 0 -122 122 0
148 74 0 -121 121 0
148 74 -74 -120 120 240
148 74 0 -120 120 0
148 74 0 -119 119 0
148 74 0 -118 118 0
148 74 0 -117 117 0
148 74 -74 -116 116 232
148 74 0 -116 116 0
148 74 0 -115 115 0
148 74 0 -114 114 0
148 74 0 -113 113 0
148 74 -74 -112 112 224
148 74 0 -112 112 0
148 74 0 -111 111 0
148 74 0 -110 110 0
148 74 0 -109 109 0
148 74 -74 -108 108 216
148 74 0 -108 108 0
148 74 0 -107 107 0
148 74 0 -106 106 0
148 74 0 -105 105 0
148 74 -74 -104 104 208
148 74 0 -104 104 0
148 74 0 -103 103 0
148 74 0 -102 102 0
148 74 0 -101 101 0
148 74 -74 -100 100 200
148 74 0 -100 100 0
148 74 0 -99 99 0
148 74 0 -98 98 0
148 74 0 -97 97 0
148 74 -74 -96 96 192
148 74 0 -96 96 0
148 74 0 -95 95 0
148 74 0 -94 94 0
148 74 0 -93 93 0
148 74 -74 -92 92 184
148 74 0 -92 92 0
148 74 0 -91 91 0
148 74 0 -90 90 0
148 74 0 -89 89 0
148 74 -74 -88 88 176
148 74 0 -88 88 0
148 74 0 -87 87 0
148 74 0 -86 86 0
148 74 0 -85 85 0
148 74 -74 -84 84 168
148 74 0 -84 84 0
148 74 0 -83 83 0
148 74 0 -82 82 0
148 74 0 -81 81 0
148 74 -74 -80 80 160
148 74 0 -80 80 0
148 74 0 -79 79 0
148 74 0 -78 78 0
148 74 0 -77 77 0
148 74 -74 -76 76 152
148 74 0 -76 76 0
148 74 0 -75 75 0
148 74 0 -74 74 0
148 74 0 -73 73 0
148 74 -74 -72 72 144
148 74 0 -72 72 0
148 74 0 -71 71 0
148 74 0 -70 70 0
148 74 0 -69 69 0
148 74 -74 -68 68 136
148 74 0 -68 68 0
148 74 0 -67 67 0
148 74 0 -66 66 0
148 74 0 -65 65 0
148 74 -74 -64 64 128
148 74 0 -64 64 0
148 74 0 -63 63 0
148 74 0 -62 62 0
148 74 0 -61 61 0
148 74 -74 -60 60 120
148 74 0 -60 60 0
148 74 0 -59 59 0
148 74 0 -58 58 0
148 74 0 -57 57 0
148 74 -74 -56 56 112
148 74 0 -56 56 0
148 74 0 -55 55 0
148 74 0 -54 54 0
148 74 0 -53 53 0
148 74 -74 -52 52 104
148 74 0 -52 52 0
148 74 0 -51 51 0
148 74 0 -50 50 0
148 74 0 -49 49 0
148 74 -74 -48 48 96
148 74 0 -48 48 0
148 74 0 -47 47 0
148 74 0 -46 46 0
148 74 0 -45 45 0
148 74 -74 -44 44 88
148 74 0 -44 44 0
148 74 0 -43 43 0
148 74 0 -42 42 0
148 74 0 -41 41 0
148 74 -74 -40 40 80
148 74 0 -40 40 0
148 74 0 -39 39 0
148 74 0 -38 38 0
148 74 0 -37 37 0
148 74 -74 -36 36 72
148 74 0 -36 36 0
148 74 0 -35 35 0
148 74 0 -34 34 0
148 74 0 -33 33 0
148 74 -74 -32 32 64
148 74 0 -32 32 0
148 74 0 -31 31 0
148 74 0 -30 30 0
148 74 0 -29 29 0
148 74 -74 -28 28 56
148 74 0 -28 28 0
148 74 0 -27 27 0
148 74 0 -26 26 0
148 74 0 -25 25 0
148 74 -74 -24 24 48
148 74 0 -24 24 0
148 74 0 -23 23 0
148 74 0 -22 22 0
148 74 0 -21 21 0
148 74 -74 -20 20 40
148 74 0 -20 20 0
148 74 0 -19 19 0
148 74 0 -18 18 0
148 74 0 -17 17 0
148 74 -74 -16 16 32
148 74 0 -16 16 0
148 74 0 -15 15 0
148 74 0 -14 14 0
148 74 0 -13 13 0
148 74 -74 -12 12 24
148 74 0 -12 12 0
148 74 0 -11 11 0
148 74 0 -10 10 0
148 74 0 -9 9 0
148 74 -74 -8 8 16
148 74 0 -8 8 0
148 74 0 -7 7 0
148 74 0 -6 6 0
148 74 0 -5 5 0
148 74 -74 -4 4 8
148 74 0 -4 4 0
148 74 0 -3 3 0
148 74 0 -2 2 0
148 74 0 -1 1 0
148 74 0 1 -1 0
148 74 0 2 -2 0
148 74 0 3 -3 0
148 74 -74 4 -4 -8
148 74 0 4 -4 0
148 74 0 5 -5 0
148 74 0 6 -6 0
148 74 0 7 -7 0
148 74 -74 8 -8 -16
148 74 0 8 -8 0
148 74 0 9 -9 0
148 74 0 10 -10 0
148 74 0 11 -11 0
148 74 -74 12 -12 -24
148 74 0 12 -12 0
148 74 0 13 -13 0
148 74 0 14 -14 0
148 74 0 15 -15 0
148 74 -74 16 -16 -32
148 74 0 16 -16 0
148 74 0 17 -17 0
148 74 0 18 -18 0
148 74 0 19 -19 0
148 74 -74 20 -20 -40
148 74 0 20 -20 0
148 74 0 21 -21 0
148 74 0 22 -22 0
148 74 0 23 -23 0
148 74 -74 24 -24 -48
148 74 0 24 -24 0
148 74 0 25 -25 0
148 74 0 26 -26 0
148 74 0 27 -27 0
148 74 -74 28 -28 -56
148 74 0 28 -28 0
148 74 0 29 -29 0
148 74 0 30 -30 0
148 74 0 31 -31 0
148 74 -74 32 -32 -64
148 74 0 32 -32 0
148 74 0 33 -33 0
148 74 0 34 -34 0
148 74 0 35 -35 0
148 74 -74 36 -36 -72
148 74 0 36 -36 0
148 74 0 37 -37 0
148 74 0 38 -38 0
148 74 0 39 -39 0
148 74 -74 40 -40 -80
148 74 0 40 -40 0
148 74 0 41 -41 0
148 74 0 42 -42 0
148 74 0 43 -43 0
148 74 -74 44 -44 -88
148 74 0 44 -44 0
148 74 0 45 -45 0
148 74 0 46 -46 0
148 74 0 47 -47 0
148 74 -74 48 -48 -96
148 74 0 48 -48 0
148 74 0 49 -49 0
148 74 0 50 -50 0
148 74 0 51 -51 0
148 74 -74 52 -52 -104
148 74 0 52 -52 0
148 74 0 53 -53 0
148 74 0 54 -54 0
148 74 0 55 -55 0
148 74 -74 56 -56 -112
148 74 0 56 -56 0
148 74 0 57 -57 0
148 74 0 58 -58 0
148 74 0 59 -59 0
148 74 -74 60 -60 -120
148 74 0 60 -60 0
148 74 0 61 -61 0
148 74 0 62 -62 0
148 74 0 63 -63 0
148 74 -74 64 -64 -128
148 74 0 64 -64 0
148 74 0 65 -65 0
148 74 0 66 -66 0
148 74 0 67 -67 0
148 74 -74 68 -68 -136
148 74 0 68 -68 0
148 74 0 69 -69 0
148 74 0 70 -70 0
148 74 0 71 -71 0
148 74 -74 72 -72 -144
148 74 0 72 -72 0
148 74 0 73 -73 0
148 74 0 74 -74 0
148 74 0 75 -75 0
148 74 -74 76 -76 -152
148 74 0 76 -76 0
148 74 0 77 -77 0
148 74 0 78 -78 0
148 74 0 79 -79 0
148 74 -74 80 -80 -160
148 74 0 80 -80 0
148 74 0 81 -81 0
148 74 0 82 -82 0
148 74 0 83 -83 0
148 74 -74 84 -84 -168
148 74 0 84 -84 0
148 74 0 85 -85 0
148 74 0 86 -86 0
148 74 0 87 -87 0
148 74 -74 88 -88 -176
148 74 0 88 -88 0
148 74 0 89 -89 0
148 74 0 90 -90 0
148 74 0 91 -91 0
148 74 -74 92 -92 -184
148 74 0 92 -92 0
148 74 0 93 -93 0
148 74 0 94 -94 0
148 74 0 95 -95 0
148 74 -74 96 -96 -192
148 74 0 96 -96 0
148 74 0 97 -97 0
148 74 0 98 -98 0
148 74 0 99 -99 0
148 74 -74 100 -100 -200
148 74 0 100 -100 0
148 74 0 101 -101 0
148 74 0 102 -102 0
148 74 0 103 -103 0
148 74 -74 104 -104 -208
148 74 0 104 -104 0
148 74 0 105 -105 0
148 74 0 106 -106 0
148 74 0 107 -107 0
148 74 -74 108 -108 -216
148 74 0 108 -108 0
148 74 0 109 -109 0
148 74 0 110 -110 0
148 74 0 111 -111 0
148 74 -74 112 -112 -224
148 74 0 112 -112 0
148 74 0 113 -113 0
148 74 0 114 -114 0
148 74 0 115 -115 0
148 74 -74 116 -116 -232
148 74 0 116 -116 0
148 74 0 117 -117 0
148 74 0 118 -118 0
148 74 0 119 -119 0
148 74 -74 120 -120 -240
148 74 0 120 -120 0
148 74 0 121 -121 0
148 74 0 122 -122 0
148 74 0 123 -123 0
148 74 -74 124 -124 -248
148 74 0 124 -124 0
148 74 0 125 -125 0
148 74 0 126 -126 0
148 74 0 127 -127 0
148 74 -74 128 -128 -256
148 74 0 128 -128 0
148 74 0 129 -129 0
148 74 0 130 -130 0
148 74 0 131 -131 0
148 74 -74 132 -132 -264
148 74 0 132 -132 0
148 74 0 133 -133 0
148 74 0 134 -134 0
148 74 0 135 -135 0
148 74 -74 136 -136 -272
148 74 0 136 -136 0
148 74 0 137 -137 0
148 74 0 138 -138 0
148 74 0 139 -139 0
148 74 -74 140 -140 -280
148 74 0 140 -140 0
148 74 0 141 -141 0
148 74 0 142 -142 0
148 74 0 143 -143 0
148 74 -74 144 -144 -288
148 74 0 144 -144 0
148 74 0 145 -145 0
148 74 0 146 -146 0
148 74 0 147 -147 0
148 74 -74 148 -148 -296
148 74 0 148 -148 0
148 74 0 149 -149 0
148 74 0 150 -150 0
150 75 0 -150 150 0
150 75 0 -149 149 0
150 75 0 -148 148 0
150 75 -75 -147 147 294
150 75 0 -147 147 0
150 75 0 -146 146 0
150 75 0 -145 145 0
150 75 0 -144 144 0
150 75 -75 -143 143 286
150 75 0 -143 143 0
150 75 0 -142 142 0
150 75 0 -141 141 0
150 75 0 -140 140 0
150 75 -75 -139 139 278
150 75 0 -139 139 0
150 75 0 -138 138 0
150 75 0 -137 137 0
150 75 0 -136 136 0
150 75 -75 -135 135 270
150 75 0 -135 135 0
150 75 0 -134 134 0
150 75 0 -133 133 0
150 75 0 -132 132 0
150 75 -75 -131 131 262
150 75 0 -131 131 0
150 75 0 -130 130 0
150 75 0 -129 129 0
150 75 0 -128 128 0
150 75 -75 -127 127 254
150 75 0 -127 127 0
150 75 0 -126 126 0
150 75 0 -125 125 0
150 75 0 -124 124 0
150 75 -75 -123 123 246
150 75 0 -123 123 0
150 75 0 -122 122 0
150 75 0 -121 121 0
150 75 0 -120 120 0
150 75 -75 -119 119 238
150 75 0 -119 119 0
150 75 0 -118 118 0
150 75 0 -117 117 0
150 75 0 -116 116 0
150 75 -75 -115 115 230
150 75 0 -115 115 0
150 75 0 -114 114 0
150 75 0 -113 113 0
150 75 1 -113 113 226
150 75 0 -112 112 0
150 75 -75 -111 111 222
150 75 0 -111 111 0
150 75 0 -110 110 0
150 75 0 -109 109 0
150 75 0 -108 108 0
150 75 -75 -107 107 214
150 75 0 -107 107 0
150 75 0 -106 106 0
150 75 0 -105 105 0
150 75 0 -104 104 0
150 75 -75 -103 103 206
150 75 0 -103 103 0
150 75 0 -102 102 0
150 75 0 -101 101 0
150 75 0 -100 100 0
150 75 -75 -99 99 198
150 75 0 -99 99 0
150 75 0 -98 98 0
150 75 0 -97 97 0
150 75 0 -96 96 0
150 75 -75 -95 95 190
150 75 0 -95 95 0
150 75 0 -94 94 0
150 75 0 -93 93 0
150 75 0 -92 92 0
150 75 -75 -91 91 182
150 75 0 -91 91 0
150 75 0 -90 90 0
150 75 0 -89 89 0
150 75 0 -88 88 0
150 75 -75 -87 87 174
150 75 0 -87 87 0
150 75 0 -86 86 0
150 75 0 -85 85 0
150 75 0 -84 84 0
150 75 -75 -83 83 166
150 75 0 -83 83 0
150 75 0 -82 82 0
150 75 0 -81 81 0
150 75 0 -80 80 0
150 75 -75 -79 79 158
150 75 0 -79 79 0
150 75 0 -78 78 0
150 75 0 -77 77 0
150 75 0 -76 76 0
150 75 -75 -75 75 150
150 75 0 -75 75 0
150 75 0 -74 74 0
150 75 0 -73 73 0
150 75 0 -72 72 0
150 75 -75 -71 71 142
150 75 0 -71 71 0
150 75 0 -70 70 0
150 75 0 -69 69 0
150 75 0 -68 68 0
150 75 -75 -67 67 134
150 75 0 -67 67 0
150 75 0 -66 66 0
150 75 0 -65 65 0
150 75 0 -64 64 0
150 75 -75 -63 63 126
150 75 0 -63 63 0
150 75 0 -62 62 0
150 75 0 -61 61 0
150 75 0 -60 60 0
150 75 -75 -59 59 118
150 75 0 -59 59 0
150 75 0 -58 58 0
150 75 0 -57 57 0
150 75 0 -56 56 0
150 75 -75 -55 55 110
150 75 0 -55 55 0
150 75 0 -54 54 0
150 75 0 -53 53 0
150 75 0 -52 52 0
150 75 -75 -51 51 102
150 75 0 -51 51 0
150 75 0 -50 50 0
150 75 0 -49 49 0
150 75 0 -48 48 0
150 75 -75 -47 47 94
150 75 0 -47 47 0
150 75 0 -46 46 0
150 75 0 -45 45 0
150 75 0 -44 44 0
150 75 -75 -43 43 86
150 75 0 -43 43 0
150 75 0 -42 42 0
150 75 0 -41 41 0
150 75 0 -40 40 0
150 75 -75 -39 39 78
150 75 0 -39 39 0
150 75 0 -38 38 0
150 75 0 -37 37 0
150 75 0 -36 36 0
150 75 -75 -35 35 70
150 75 0 -35 35 0
150 75 0 -34 34 0
150 75 0 -33 33 0
150 75 0 -32 32 0
150 75 -75 -31 31 62
150 75 0 -31 31 0
150 75 0 -30 30 0
150 75 0 -29 29 0
150 75 0 -28 28 0
150 75 -75 -27 27 54
150 75 0 -27 27 0
150 75 0 -26 26 0
150 75 0 -25 25 0
150 75 0 -24 24 0
150 75 -75 -23 23 46
150 75 0 -23 23 0
150 75 0 -22 22 0
150 75 0 -21 21 0
150 75 0 -20 20 0
150 75 -75 -19 19 38
150 75 0 -19 19 0
150 75 0 -18 18 0
150 75 0 -17 17 0
150 75 0 -16 16 0
150 75 -75 -15 15 30
150 75 0 -15 15 0
150 75 0 -14 14 0
150 75 0 -13 13 0
150 75 0 -12 12 0
150 75 -75 -11 11 22
150 75 0 -11 11 0
150 75 0 -10 10 0
150 75 0 -9 9 0
150 75 0 -8 8 0
150 75 -75 -7 7 14
150 75 0 -7 7 0
150 75 0 -6 6 0
150 75 0 -5 5 0
150 75 0 -4 4 0
150 75 -75 -3 3 6
150 75 0 -3 3 0
150 75 0 -2 2 0
150 75 0 -1 1 0
150 75 -75 1 -1 -2
150 75 0 1 -1 0
150 75 0 2 -2 0
150 75 0 3 -3 0
150 75 0 4 -4 0
150 75 -75 5 -5 -10
150 75 0 5 -5 0
150 75 0 6 -6 0
150 75 0 7 -7 0
150 75 0 8 -8 0
150 75 -75 9 -9 -18
150 75 0 9 -9 0
150 75 0 10 -10 0
150 75 0 11 -11 0
150 75 0 12 -12 0
150 75 -75 13 -13 -26
150 75 0 13 -13 0
150 75 0 14 -14 0
150 75 0 15 -15 0
150 75 0 16 -16 0
150 75 -75 17 -17 -34
150 75 0 17 -17 0
150 75 0 18 -18 0
150 75 0 19 -19 0
150 75 0 20 -20 0
150 75 -75 21 -21 -42
150 75 0 21 -21 0
150 75 0 22 -22 0
150 75 0 23 -23 0
150 75 0 24 -24 0
150 75 -75 25 -25 -50
150 75 0 25 -25 0
150 75 0 26 -26 0
150 75 0 27 -27 0
150 75 0 28 -28 0
150 75 -75 29 -29 -58
150 75 0 29 -29 0
150 75 0 30 -30 0
150 75 0 31 -31 0
150 75 0 32 -32 0
150 75 -75 33 -33 -66
150 75 0 33 -33 0
150 75 0 34 -34 0
150 75 0 35 -35 0
150 75 0 36 -36 0
150 75 -75 37 -37 -74
150 75 0 37 -37 0
150 75 0 38 -38 0
150 75 0 39 -39 0
150 75 0 40 -40 0
150 75 -75 41 -41 -82
150 75 0 41 -41 0
150 75 0 42 -42 0
150 75 0 43 -43 0
150 75 0 44 -44 0
150 75 -75 45 -45 -90
150 75 0 45 -45 0
150 75 0 46 -46 0
150 75 0 47 -47 0
150 75 0 48 -48 0
150 75 -75 49 -49 -98
150 75 0 49 -49 0
150 75 0 50 -50 0
150 75 0 51 -51 0
150 75 0 52 -52 0
150 75 -75 53 -53 -106
150 75 0 53 -53 0
150 75 0 54 -54 0
150 75 0 55 -55 0
150 75 0 56 -56 0
150 75 -75 57 -57 -114
150 75 0 57 -57 0
150 75 0 58 -58 0
150 75 0 59 -59 0
150 75 0 60 -60 0
150 75 -75 61 -61 -122
150 75 0 61 -61 0
150 75 0 62 -62 0
150 75 0 63 -63 0
150 75 0 64 -64 0
150 75 -75 65 -65 -130
150 75 0 65 -65 0
150 75 0 66 -66 0
150 75 0 67 -67 0
150 75 0 68 -68 0
150 75 -75 69 -69 -138
150 75 0 69 -69 0
150 75 0 70 -70 0
150 75 0 71 -71 0
150 75 0 72 -72 0
150 75 -75 73 -73 -146
150 75 0 73 -73 0
150 75 0 74 -74 0
150 75 0 75 -75 0
150 75 0 76 -76 0
150 75 -75 77 -77 -154
150 75 0 77 -77 0
150 75 0 78 -78 0
150 75 0 79 -79 0
150 75 0 80 -80 0
150 75 -75 81 -81 -162
150 75 0 81 -81 0
150 75 0 82 -82 0
150 75 0 83 -83 0
150 75 0 84 -84 0
150 75 -75 85 -85 -170
150 75 0 85 -85 0
150 75 0 86 -86 0
150 75 0 87 -87 0
150 75 0 88 -88 0
150 75 -75 89 -89 -178
150 75 0 89 -89 0
150 75 0 90 -90 0
150 75 0 91 -91 0
150 75 0 92 -92 0
150 75 -75 93 -93 -186
150 75 0 93 -93 0
150 75 0 94 -94 0
150 75 0 95 -95 0
150 75 0 96 -96 0
150 75 -75 97 -97 -194
150 75 0 97 -97 0
150 75 0 98 -98 0
150 75 0 99 -99 0
150 75 0 100 -100 0
150 75 -75 101 -101 -202
150 75 0 101 -101 0
150 75 0 102 -102 0
150 75 0 103 -103 0
150 75 0 104 -104 0
150 75 -75 105 -105 -210
150 75 0 105 -105 0
150 75 0 106 -106 0
150 75 0 107 -107 0
150 75 0 108 -108 0
150 75 -75 109 -109 -218
150 75 0 109 -109 0
150 75 0 110 -110 0
150 75 0 111 -111 0
150 75 -1 112 -112 -224
150 75 0 112 -112 0
150 75 -75 113 -113 -226
150 75 0 113 -113 0
150 75 0 114 -114 0
150 75 0 115 -115 0
150 75 0 116 -116 0
150 75 -75 117 -117 -234
150 75 0 117 -117 0
150 75 0 118 -118 0
150 75 0 119 -119 0
150 75 0 120 -120 0
150 75 -75 121 -121 -242
150 75 0 121 -121 0
150 75 0 122 -122 0
150 75 0 123 -123 0
150 75 0 124 -124 0
150 75 -75 125 -125 -250
150 75 0 125 -125 0
150 75 0 126 -126 0
150 75 0 127 -127 0
150 75 0 128 -128 0
150 75 -75 129 -129 -258
150 75 0 129 -129 0
150 75 0 130 -130 0
150 75 0 131 -131 0
150 75 0 132 -132 0
150 75 -75 133 -133 -266
150 75 0 133 -133 0
150 75 0 134 -134 0
150 75 0 135 -135 0
150 75 0 136 -136 0
150 75 -75 137 -137 -274
150 75 0 137 -137 0
150 75 0 138 -138 0
150 75 0 139 -139 0
150 75 0 140 -140 0
150 75 -75 141 -141 -282
150 75 0 141 -141 0
150 75 0 142 -142 0
150 75 0 143 -143 0
150 75 0 144 -144 0
150 75 -75 145 -145 -290
150 75 0 145 -145 0
150 75 0 146 -146 0
150 75 0 147 -147 0
150 75 0 148 -148 0
150 75 -75 149 -149 -298
150 75 0 149 -149 0
150 75 0 150 -150 0
152 76 0 -150 150 0
152 76 0 -149 149 0
152 76 -76 -148 148 296
152 76 0 -148 148 0
152 76 0 -147 147 0
152 76 0 -146 146 0
152 76 0 -145 145 0
152 76 -76 -144 144 288
152 76 0 -144 144 0
152 76 0 -143 143 0
152 76 0 -142 142 0
152 76 0 -141 141 0
152 76 -76 -140 140 280
152 76 0 -140 140 0
152 76 0 -139 139 0
152 76 0 -138 138 0
152 76 0 -137 137 0
152 76 -76 -136 136 272
152 76 0 -136 136 0
152 76 0 -135 135 0
152 76 0 -134 134 0
152 76 0 -133 133 0
152 76 -76 -132 132 264
152 76 0 -132 132 0
152 76 0 -131 131 0
152 76 0 -130 130 0
152 76 0 -129 129 0
152 76 -76 -128 128 256
152 76 0 -128 128 0
152 76 0 -127 127 0
152 76 0 -126 126 0
152 76 0 -125 125 0
152 76 -76 -124 124 248
152 76 0 -124 124 0
152 76 0 -123 123 0
152 76 0 -122 122 0
152 76 0 -121 121 0
152 76 -76 -120 120 240
152 76 0 -120 120 0
152 76 0 -119 119 0
152 76 0 -118 118 0
152 76 0 -117 117 0
152 76 -76 -116 116 232
152 76 0 -116 116 0
152 76 0 -115 115 0
152 76 0 -114 114 0
152 76 0 -113 113 0
152 76 -76 -112 112 224
152 76 0 -112 112 0
152 76 0 -111 111 0
152 76 0 -110 110 0
152 76 0 -109 109 0
152 76 -76 -108 108 216
152 76 0 -108 108 0
152 76 0 -107 107 0
152 76 0 -106 106 0
152 76 0 -105 105 0
152 76 -76 -104 104 208
152 76 0 -104 104 0
152 76 0 -103 103 0
152 76 0 -102 102 0
152 76 0 -101 101 0
152 76 -76 -100 100 200
152 76 0 -100 100 0
152 76 0 -99 99 0
152 76 0 -98 98 0
152 76 0 -97 97 0
152 76 -76 -96 96 192
152 76 0 -96 96 0
152 76 0 -95 95 0
152 76 0 -94 94 0
152 76 0 -93 93 0
152 76 -76 -92 92 184
152 76 0 -92 92 0
152 76 0 -91 91 0
152 76 0 -90 90 0
152 76 0 -89 89 0
152 76 -76 -88 88 176
152 76 0 -88 88 0
152 76 0 -87 87 0
152 76 0 -86 86 0
152 76 0 -85 85 0
152 76 -76 -84 84 168
152 76 0 -84 84 0
152 76 0 -83 83 0
152 76 0 -82 82 0
152 76 0 -81 81 0
152 76 -76 -80 80 160
152 76 0 -80 80 0
152 76 0 -79 79 0
152 76 0 -78 78 0
152 76 0 -77 77 0
152 76 -76 -76 76 152
152 76 0 -76 76 0
152 76 0 -75 75 0
152 76 0 -74 74 0
152 76 0 -73 73 0
152 76 -76 -72 72 144
152 76 0 -72 72 0
152 76 0 -71 71 0
152 76 0 -70 70 0
152 76 0 -69 69 0
152 76 -76 -68 68 136
152 76 0 -68 68 0
152 76 0 -67 67 0
152 76 0 -66 66 0
152 76 0 -65 65 0
152 76 -76 -64 64 128
152 76 0 -64 64 0
152 76 0 -63 63 0
152 76 0 -62 62 0
152 76 0 -61 61 0
152 76 -76 -60 60 120
152 76 0 -60 60 0
152 76 0 -59 59 0
152 76 0 -58 58 0
152 76 0 -57 57 0
152 76 -76 -56 56 112
152 76 0 -56 56 0
152 76 0 -55 55 0
152 76 0 -54 54 0
152 76 0 -53 53 0
152 76 -76 -52 52 104
152 76 0 -52 52 0
152 76 0 -51 51 0
152 76 0 -50 50 0
152 76 0 -49 49 0
152 76 -76 -48 48 96
152 76 0 -48 48 0
152 76 0 -47 47 0
152 76 0 -46 46 0
152 76 0 -45 45 0
152 76 -76 -44 44 88
152 76 0 -44 44 0
152 76 0 -43 43 0
152 76 0 -42 42 0
152 76 0 -41 41 0
152 76 -76 -40 40 80
152 76 0 -40 40 0
152 76 0 -39 39 0
152 76 0 -38 38 0
152 76 0 -37 37 0
152 76 -76 -36 36 72
152 76 0 -36 36 0
152 76 0 -35 35 0
152 76 0 -34 34 0
152 76 0 -33 33 0
152 76 -76 -32 32 64
152 76 0 -32 32 0
152 76 0 -31 31 0
152 76 0 -30 30 0
152 76 0 -29 29 0
152 76 -76 -28 28 56
152 76 0 -28 28 0
152 76 0 -27 27 0
152 76 0 -26 26 0
152 76 0 -25 25 0
152 76 -76 -24 24 48
152 76 0 -24 24 0
152 76 0 -23 23 0
152 76 0 -22 22 0
152 76 0 -21 21 0
152 76 -76 -20 20 40
152 76 0 -20 20 0
152 76 0 -19 19 0
152 76 0 -18 18 0
152 76 0 -17 17 0
152 76 -76 -16 16 32
152 76 0 -16 16 0
152 76 0 -15 15 0
152 76 0 -14 14 0
152 76 0 -13 13 0
152 76 -76 -12 12 24
152 76 0 -12 12 0
152 76 0 -11 11 0
152 76 0 -10 10 0
152 76 0 -9 9 0
152 76 -76 -8 8 16
152 76 0 -8 8 0
152 76 0 -7 7 0
152 76 0 -6 6 0
152 76 0 -5 5 0
152 76 -76 -4 4 8
152 76 0 -4 4 0
152 76 0 -3 3 0
152 76 0 -2 2 0
152 76 0 -1 1 0
152 76 0 1 -1 0
152 76 0 2 -2 0
152 76 0 3 -3 0
152 76 -76 4 -4 -8
152 76 0 4 -4 0
152 76 0 5 -5 0
152 76 0 6 -6 0
152 76 0 7 -7 0
152 76 -76 8 -8 -16
152 76 0 8 -8 0
152 76 0 9 -9 0
152 76 0 10 -10 0
152 76 0 11 -11 0
152 76 -76 12 -12 -24
152 76 0 12 -12 0
152 76 0 13 -13 0
152 76 0 14 -14 0
152 76 0 15 -15 0
152 76 -76 16 -16 -32
152 76 0 16 -16 0
152 76 0 17 -17 0
152 76 0 18 -18 0
152 76 0 19 -19 0
152 76 -76 20 -20 -40
152 76 0 20 -20 0
152 76 0 21 -21 0
152 76 0 22 -22 0
152 76 0 23 -23 0
152 76 -76 24 -24 -48
152 76 0 24 -24 0
152 76 0 25 -25 0
152 76 0 26 -26 0
152 76 0 27 -27 0
152 76 -76 28 -28 -56
152 76 0 28 -28 0
152 76 0 29 -29 0
152 76 0 30 -30 0
152 76 0 31 -31 0
152 76 -76 32 -32 -64
152 76 0 32 -32 0
152 76 0 33 -33 0
152 76 0 34 -34 0
152 76 0 35 -35 0
152 76 -76 36 -36 -72
152 76 0 36 -36 0
152 76 0 37 -37 0
152 76 0 38 -38 0
152 76 0 39 -39 0
152 76 -76 40 -40 -80
152 76 0 40 -40 0
152 76 0 41 -41 0
152 76 0 42 -42 0
152 76 0 43 -43 0
152 76 -76 44 -44 -88
152 76 0 44 -44 0
152 76 0 45 -45 0
152 76 0 46 -46 0
152 76 0 47 -47 0
152 76 -76 48 -48 -96
152 76 0 48 -48 0
152 76 0 49 -49 0
152 76 0 50 -50 0
152 76 0 51 -51 0
152 76 -76 52 -52 -104
152 76 0 52 -52 0
152 76 0 53 -53 0
152 76 0 54 -54 0
152 76 0 55 -55 0
152 76 -76 56 -56 -112
152 76 0 56 -56 0
152 76 0 57 -57 0
152 76 0 58 -58 0
152 76 0 59 -59 0
152 76 -76 60 -60 -120
152 76 0 60 -60 0
152 76 0 61 -61 0
152 76 0 62 -62 0
152 76 0 63 -63 0
152 76 -76 64 -64 -128
152 76 0 64 -64 0
152 76 0 65 -65 0
152 76 0 66 -66 0
152 76 0 67 -67 0
152 76 -76 68 -68 -136
152 76 0 68 -68 0
152 76 0 69 -69 0
152 76 0 70 -70 0
152 76 0 71 -71 0
152 76 -76 72 -72 -144
152 76 0 72 -72 0
152 76 0 73 -73 0
152 76 0 74 -74 0
152 76 0 75 -75 0
152 76 -76 76 -76 -152
152 76 0 76 -76 0
152 76 0 77 -77 0
152 76 0 78 -78 0
152 76 0 79 -79 0
152 76 -76 80 -80 -160
152 76 0 80 -80 0
152 76 0 81 -81 0
152 76 0 82 -82 0
152 76 0 83 -83 0
152 76 -76 84 -84 -168
152 76 0 84 -84 0
152 76 0 85 -85 0
152 76 0 86 -86 0
152 76 0 87 -87 0
152 76 -76 88 -88 -176
152 76 0 88 -88 0
152 76 0 89 -89 0
152 76 0 90 -90 0
152 76 0 91 -91 0
152 76 -76 92 -92 -184
152 76 0 92 -92 0
152 76 0 93 -93 0
152 76 0 94 -94 0
152 76 0 95 -95 0
152 76 -76 96 -96 -192
152 76 0 96 -96 0
152 76 0 97 -97 0
152 76 0 98 -98 0
152 76 0 99 -99 0
152 76 -76 100 -100 -200
152 76 0 100 -100 0
152 76 0 101 -101 0
152 76 0 102 -102 0
152 76 0 103 -103 0
152 76 -76 104 -104 -208
152 76 0 104 -104 0
152 76 0 105 -105 0
152 76 0 106 -106 0
152 76 0 107 -107 0
152 76 -76 108 -108 -216
152 76 0 108 -108 0
152 76 0 109 -109 0
152 76 0 110 -110 0
152 76 0 111 -111 0
152 76 -76 112 -112 -224
152 76 0 112 -112 0
152 76 0 113 -113 0
152 76 0 114 -114 0
152 76 0 115 -115 0
152 76 -76 116 -116 -232
152 76 0 116 -116 0
152 76 0 117 -117 0
152 76 0 118 -118 0
152 76 0 119 -119 0
152 76 -76 120 -120 -240
152 76 0 120 -120 0
152 76 0 121 -121 0
152 76 0 122 -122 0
152 76 0 123 -123 0
152 76 -76 124 -124 -248
152 76 0 124 -124 0
152 76 0 125 -125 0
152 76 0 126 -126 0
152 76 0 127 -127 0
152 76 -76 128 -128 -256
152 76 0 128 -128 0
152 76 0 129 -129 0
152 76 0 130 -130 0
152 76 0 131 -131 0
152 76 -76 132 -132 -264
152 76 0 132 -132 0
152 76 0 133 -133 0
152 76 0 134 -134 0
152 76 0 135 -135 0
152 76 -76 136 -136 -272
152 76 0 136 -136 0
152 76 0 137 -137 0
152 76 0 138 -138 0
152 76 0 139 -139 0
152 76 -76 140 -140 -280
152 76 0 140 -140 0
152 76 0 141 -141 0
152 76 0 142 -142 0
152 76 0 143 -143 0
152 76 -76 144 -144 -288
152 76 0 144 -144 0
152 76 0 145 -145 0
152 76 0 146 -146 0
152 76 0 147 -147 0
152 76 -76 148 -148 -296
152 76 0 148 -148 0
152 76 0 149 -149 0
152 76 0 150 -150 0
154 77 0 -150 150 0
154 77 0 -149 149 0
154 77 0 -148 148 0
154 77 -77 -147 147 294
154 77 0 -147 147 0
154 77 0 -146 146 0
154 77 0 -145 145 0
154 77 0 -144 144 0
154 77 -77 -143 143 286
154 77 0 -143 143 0
154 77 0 -142 142 0
154 77 0 -141 141 0
154 77 0 -140 140 0
154 77 -77 -139 139 278
154 77 0 -139 139 0
154 77 0 -138 138 0
154 77 0 -137 137 0
154 77 0 -136 136 0
154 77 -77 -135 135 270
154 77 0 -135 135 0
154 77 0 -134 134 0
154 77 0 -133 133 0
154 77 0 -132 132 0
154 77 -77 -131 131 262
154 77 0 -131 131 0
154 77 0 -130 130 0
154 77 0 -129 129 0
154 77 0 -128 128 0
154 77 -77 -127 127 254
154 77 0 -127 127 0
154 77 0 -126 126 0
154 77 0 -125 125 0
154 77 0 -124 124 0
154 77 -77 -123 123 246
154 77 0 -123 123 0
154 77 0 -122 122 0
154 77 0 -121 121 0
154 77 0 -120 120 0
154 77 -77 -119 119 238
154 77 0 -119 119 0
154 77 0 -118 118 0
154 77 0 -117 117 0
154 77 0 -116 116 0
154 77 1 -116 116 232
154 77 -77 -115 115 230
154 77 0 -115 115 0
154 77 0 -114 114 0
154 77 0 -113 113 0
154 77 0 -112 112 0
154 77 -77 -111 111 222
154 77 0 -111 111 0
154 77 0 -110 110 0
154 77 0 -109 109 0
154 77 0 -108 108 0
154 77 -77 -107 107 214
154 77 0 -107 107 0
154 77 0 -106 106 0
154 77 0 -105 105 0
154 77 0 -104 104 0
154 77 -77 -103 103 206
154 77 0 -103 103 0
154 77 0 -102 102 0
154 77 0 -101 101 0
154 77 0 -100 100 0
154 77 -77 -99 99 198
154 77 0 -99 99 0
154 77 0 -98 98 0
154 77 0 -97 97 0
154 77 0 -96 96 0
154 77 -77 -95 95 190
154 77 0 -95 95 0
154 77 0 -94 94 0
154 77 0 -93 93 0
154 77 0 -92 92 0
154 77 -77 -91 91 182
154 77 0 -91 91 0
154 77 0 -90 90 0
154 77 0 -89 89 0
154 77 0 -88 88 0
154 77 -77 -87 87 174
154 77 0 -87 87 0
154 77 0 -86 86 0
154 77 0 -85 85 0
154 77 0 -84 84 0
154 77 -77 -83 83 166
154 77 0 -83 83 0
154 77 0 -82 82 0
154 77 0 -81 81 0
154 77 0 -80 80 0
154 77 -77 -79 79 158
154 77 0 -79 79 0
154 77 0 -78 78 0
154 77 0 -77 77 0
154 77 0 -76 76 0
154 77 -77 -75 75 150
154 77 0 -75 75 0
154 77 0 -74 74 0
154 77 0 -73 73 0
154 77 0 -72 72 0
154 77 -77 -71 71 142
154 77 0 -71 71 0
154 77 0 -70 70 0
154 77 0 -69 69 0
154 77 0 -68 68 0
154 77 -77 -67 67 134
154 77 0 -67 67 0
154 77 0 -66 66 0
154 77 0 -65 65 0
154 77 0 -64 64 0
154 77 -77 -63 63 126
154 77 0 -63 63 0
154 77 0 -62 62 0
154 77 0 -61 61 0
154 77 0 -60 60 0
154 77 -77 -59 59 118
154 77 0 -59 59 0
154 77 0 -58 58 0
154 77 0 -57 57 0
154 77 0 -56 56 0
154 77 -77 -55 55 110
154 77 0 -55 55 0
154 77 0 -54 54 0
154 77 0 -53 53 0
154 77 0 -52 52 0
154 77 -77 -51 51 102
154 77 0 -51 51 0
154 77 0 -50 50 0
154 77 0 -49 49 0
154 77 0 -48 48 0
154 77 -77 -47 47 94
154 77 0 -47 47 0
154 77 0 -46 46 0
154 77 0 -45 45 0
154 77 0 -44 44 0
154 77 -77 -43 43 86
154 77 0 -43 43 0
154 77 0 -42 42 0
154 77 0 -41 41 0
154 77 0 -40 40 0
154 77 -77 -39 39 78
154 77 0 -39 39 0
154 77 0 -38 38 0
154 77 0 -37 37 0
154 77 0 -36 36 0
154 77 -77 -35 35 70
154 77 0 -35 35 0
154 77 0 -34 34 0
154 77 0 -33 33 0
154 77 0 -32 32 0
154 77 -77 -31 31 62
154 77 0 -31 31 0
154 77 0 -30 30 0
154 77 0 -29 29 0
154 77 0 -28 28 0
154 77 -77 -27 27 54
154 77 0 -27 27 0
154 77 0 -26 26 0
154 77 0 -25 25 0
154 77 0 -24 24 0
154 77 -77 -23 23 46
154 77 0 -23 23 0
154 77 0 -22 22 0
154 77 0 -21 21 0
154 77 0 -20 20 0
154 77 -77 -19 19 38
154 77 0 -19 19 0
154 77 0 -18 18 0
154 77 0 -17 17 0
154 77 0 -16 16 0
154 77 -77 -15 15 30
154 77 0 -15 15 0
154 77 0 -14 14 0
154 77 0 -13 13 0
154 77 0 -12 12 0
154 77 -77 -11 11 22
154 77 0 -11 11 0
154 77 0 -10 10 0
154 77 0 -9 9 0
154 77 0 -8 8 0
154 77 -77 -7 7 14
154 77 0 -7 7 0
154 77 0 -6 6 0
154 77 0 -5 5 0
154 77 0 -4 4 0
154 77 -77 -3 3 6
154 77 0 -3 3 0
154 77 0 -2 2 0
154 77 0 -1 1 0
154 77 -77 1 -1 -2
154 77 0 1 -1 0
154 77 0 2 -2 0
154 77 0 3 -3 0
154 77 0 4 -4 0
154 77 -77 5 -5 -10
154 77 0 5 -5 0
154 77 0 6 -6 0
154 77 0 7 -7 0
154 77 0 8 -8 0
154 77 -77 9 -9 -18
154 77 0 9 -9 0
154 77 0 10 -10 0
154 77 0 11 -11 0
154 77 0 12 -12 0
154 77 -77 13 -13 -26
154 77 0 13 -13 0
154 77 0 14 -14 0
154 77 0 15 -15 0
154 77 0 16 -16 0
154 77 -77 17 -17 -34
154 77 0 17 -17 0
154 77 0 18 -18 0
154 77 0 19 -19 0
154 77 0 20 -20 0
154 77 -77 21 -21 -42
154 77 0 21 -21 0
154 77 0 22 -22 0
154 77 0 23 -23 0
154 77 0 24 -24 0
154 77 -77 25 -25 -50
154 77 0 25 -25 0
154 77 0 26 -26 0
154 77 0 27 -27 0
154 77 0 28 -28 0
154 77 -77 29 -29 -58
154 77 0 29 -29 0
154 77 0 30 -30 0
154 77 0 31 -31 0
154 77 0 32 -32 0
154 77 -77 33 -33 -66
154 77 0 33 -33 0
154 77 0 34 -34 0
154 77 0 35 -35 0
154 77 0 36 -36 0
154 77 -77 37 -37 -74
154 77 0 37 -37 0
154 77 0 38 -38 0
154 77 0 39 -39 0
154 77 0 40 -40 0
154 77 -77 41 -41 -82
154 77 0 41 -41 0
154 77 0 42 -42 0
154 77 0 43 -43 0
154 77 0 44 -44 0
154 77 -77 45 -45 -90
154 77 0 45 -45 0
154 77 0 46 -46 0
154 77 0 47 -47 0
154 77 0 48 -48 0
154 77 -77 49 -49 -98
154 77 0 49 -49 0
154 77 0 50 -50 0
154 77 0 51 -51 0
154 77 0 52 -52 0
154 77 -77 53 -53 -106
154 77 0 53 -53 0
154 77 0 54 -54 0
154 77 0 55 -55 0
154 77 0 56 -56 0
154 77 -77 57 -57 -114
154 77 0 57 -57 0
154 77 0 58 -58 0
154 77 0 59 -59 0
154 77 0 60 -60 0
154 77 -77 61 -61 -122
154 77 0 61 -61 0
154 77 0 62 -62 0
154 77 0 63 -63 0
154 77 0 64 -64 0
154 77 -77 65 -65 -130
154 77 0 65 -65 0
154 77 0 66 -66 0
154 77 0 67 -67 0
154 77 0 68 -68 0
154 77 -77 69 -69 -138
154 77 0 69 -69 0
154 77 0 70 -70 0
154 77 0 71 -71 0
154 77 0 72 -72 0
154 77 -77 73 -73 -146
154 77 0 73 -73 0
154 77 0 74 -74 0
154 77 0 75 -75 0
154 77 0 76 -76 0
154 77 -77 77 -77 -154
154 77 0 77 -77 0
154 77 0 78 -78 0
154 77 0 79 -79 0
154 77 0 80 -80 0
154 77 -77 81 -81 -162
154 77 0 81 -81 0
154 77 0 82 -82 0
154 77 0 83 -83 0
154 77 0 84 -84 0
154 77 -77 85 -85 -170
154 77 0 85 -85 0
154 77 0 86 -86 0
154 77 0 87 -87 0
154 77 0 88 -88 0
154 77 -77 89 -89 -178
154 77 0 89 -89 0
154 77 0 90 -90 0
154 77 0 91 -91 0
154 77 0 92 -92 0
154 77 -77 93 -93 -186
154 77 0 93 -93 0
154 77 0 94 -94 0
154 77 0 95 -95 0
154 77 0 96 -96 0
154 77 -77 97 -97 -194
154 77 0 97 -97 0
154 77 0 98 -98 0
154 77 0 99 -99 0
154 77 0 100 -100 0
154 77 -77 101 -101 -202
154 77 0 101 -101 0
154 77 0 102 -102 0
154 77 0 103 -103 0
154 77 0 104 -104 0
154 77 -77 105 -105 -210
154 77 0 105 -105 0
154 77 0 106 -106 0
154 77 0 107 -107 0
154 77 0 108 -108 0
154 77 -77 109 -109 -218
154 77 0 109 -109 0
154 77 0 110 -110 0
154 77 0 111 -111 0
154 77 0 112 -112 0
154 77 -77 113 -113 -226
154 77 0 113 -113 0
154 77 0 114 -114 0
154 77 -1 115 -115 -230
154 77 0 115 -115 0
154 77 0 116 -116 0
154 77 -77 117 -117 -234
154 77 0 117 -117 0
154 77 0 118 -118 0
154 77 0 119 -119 0
154 77 0 120 -120 0
154 77 -77 121 -121 -242
154 77 0 121 -121 0
154 77 0 122 -122 0
154 77 0 123 -123 0
154 77 0 124 -124 0
154 77 -77 125 -125 -250
154 77 0 125 -125 0
154 77 0 126 -126 0
154 77 0 127 -127 0
154 77 0 128 -128 0
154 77 -77 129 -129 -258
154 77 0 129 -129 0
154 77 0 130 -130 0
154 77 0 131 -131 0
154 77 0 132 -132 0
154 77 -77 133 -133 -266
154 77 0 133 -133 0
154 77 0 134 -134 0
154 77 0 135 -135 0
154 77 0 136 -136 0
154 77 -77 137 -137 -274
154 77 0 137 -137 0
154 77 0 138 -138 0
154 77 0 139 -139 0
154 77 0 140 -140 0
154 77 -77 141 -141 -282
154 77 0 141 -141 0
154 77 0 142 -142 0
154 77 0 143 -143 0
154 77 0 144 -144 0
154 77 -77 145 -145 -290
154 77 0 145 -145 0
154 77 0 146 -146 0
154 77 0 147 -147 0
154 77 0 148 -148 0
154 77 -77 149 -149 -298
154 77 0 149 -149 0
154 77 0 150 -150 0
156 78 0 -150 150 0
156 78 0 -149 149 0
156 78 -78 -148 148 296
156 78 0 -148 148 0
156 78 0 -147 147 0
156 78 0 -146 146 0
156 78 0 -145 145 0
156 78 -78 -144 144 288
156 78 0 -144 144 0
156 78 0 -143 143 0
156 78 0 -142 142 0
156 78 0 -141 141 0
156 78 -78 -140 140 280
156 78 0 -140 140 0
156 78 0 -139 139 0
156 78 0 -138 138 0
156 78 0 -137 137 0
156 78 -78 -136 136 272
156 78 0 -136 136 0
156 78 0 -135 135 0
156 78 0 -134 134 0
156 78 0 -133 133 0
156 78 -78 -132 132 264
156 78 0 -132 132 0
156 78 0 -131 131 0
156 78 0 -130 130 0
156 78 0 -129 129 0
156 78 -78 -128 128 256
156 78 0 -128 128 0
156 78 0 -127 127 0
156 78 0 -126 126 0
156 78 0 -125 125 0
156 78 -78 -124 124 248
156 78 0 -124 124 0
156 78 0 -123 123 0
156 78 0 -122 122 0
156 78 0 -121 121 0
156 78 -78 -120 120 240
156 78 0 -120 120 0
156 78 0 -119 119 0
156 78 0 -118 118 0
156 78 0 -117 117 0
156 78 -78 -116 116 232
156 78 0 -116 116 0
156 78 0 -115 115 0
156 78 0 -114 114 0
156 78 0 -113 113 0
156 78 -78 -112 112 224
156 78 0 -112 112 0
156 78 0 -111 111 0
156 78 0 -110 110 0
156 78 0 -109 109 0
156 78 -78 -108 108 216
156 78 0 -108 108 0
156 78 0 -107 107 0
156 78 0 -106 106 0
156 78 0 -105 105 0
156 78 -78 -104 104 208
156 78 0 -104 104 0
156 78 0 -103 103 0
156 78 0 -102 102 0
156 78 0 -101 101 0
156 78 -78 -100 100 200
156 78 0 -100 100 0
156 78 0 -99 99 0
156 78 0 -98 98 0
156 78 0 -97 97 0
156 78 -78 -96 96 192
156 78 0 -96 96 0
156 78 0 -95 95 0
156 78 0 -94 94 0
156 78 0 -93 93 0
156 78 -78 -92 92 184
156 78 0 -92 92 0
156 78 0 -91 91 0
156 78 0 -90 90 0
156 78 0 -89 89 0
156 78 -78 -88 88 176
156 78 0 -88 88 0
156 78 0 -87 87 0
156 78 0 -86 86 0
156 78 0 -85 85 0
156 78 -78 -84 84 168
156 78 0 -84 84 0
156 78 0 -83 83 0
156 78 0 -82 82 0
156 78 0 -81 81 0
156 78 -78 -80 80 160
156 78 0 -80 80 0
156 78 0 -79 79 0
156 78 0 -78 78 0
156 78 0 -77 77 0
156 78 -78 -76 76 152
156 78 0 -76 76 0
156 78 0 -75 75 0
156 78 0 -74 74 0
156 78 0 -73 73 0
156 78 -78 -72 72 144
156 78 0 -72 72 0
156 78 0 -71 71 0
156 78 0 -70 70 0
156 78 0 -69 69 0
156 78 -78 -68 68 136
156 78 0 -68 68 0
156 78 0 -67 67 0
156 78 0 -66 66 0
156 78 0 -65 65 0
156 78 -78 -64 64 128
156 78 0 -64 64 0
156 78 0 -63 63 0
156 78 0 -62 62 0
156 78 0 -61 61 0
156 78 -78 -60 60 120
156 78 0 -60 60 0
156 78 0 -59 59 0
156 78 0 -58 58 0
156 78 0 -57 57 0
156 78 -78 -56 56 112
156 78 0 -56 56 0
156 78 0 -55 55 0
156 78 0 -54 54 0
156 78 0 -53 53 0
156 78 -78 -52 52 104
156 78 0 -52 52 0
156 78 0 -51 51 0
156 78 0 -50 50 0
156 78 0 -49 49 0
156 78 -78 -48 48 96
156 78 0 -48 48 0
156 78 0 -47 47 0
156 78 0 -46 46 0
156 78 0 -45 45 0
156 78 -78 -44 44 88
156 78 0 -44 44 0
156 78 0 -43 43 0
156 78 0 -42 42 0
156 78 0 -41 41 0
156 78 -78 -40 40 80
156 78 0 -40 40 0
156 78 0 -39 39 0
156 78 0 -38 38 0
156 78 0 -37 37 0
156 78 -78 -36 36 72
156 78 0 -36 36 0
156 78 0 -35 35 0
156 78 0 -34 34 0
156 78 0 -33 33 0
156 78 -78 -32 32 64
156 78 0 -32 32 0
156 78 0 -31 31 0
156 78 0 -30 30 0
156 78 0 -29 29 0
156 78 -78 -28 28 56
156 78 0 -28 28 0
156 78 0 -27 27 0
156 78 0 -26 26 0
156 78 0 -25 25 0
156 78 -78 -24 24 48
156 78 0 -24 24 0
156 78 0 -23 23 0
156 78 0 -22 22 0
156 78 0 -21 21 0
156 78 -78 -20 20 40
156 78 0 -20 20 0
156 78 0 -19 19 0
156 78 0 -18 18 0
156 78 0 -17 17 0
156 78 -78 -16 16 32
156 78 0 -16 16 0
156 78 0 -15 15 0
156 78 0 -14 14 0
156 78 0 -13 13 0
156 78 -78 -12 12 24
156 78 0 -12 12 0
156 78 0 -11 11 0
156 78 0 -10 10 0
156 78 0 -9 9 0
156 78 -78 -8 8 16
156 78 0 -8 8 0
156 78 0 -7 7 0
156 78 0 -6 6 0
156 78 0 -5 5 0
156 78 -78 -4 4 8
156 78 0 -4 4 0
156 78 0 -3 3 0
156 78 0 -2 2 0
156 78 0 -1 1 0
156 78 0 1 -1 0
156 78 0 2 -2 0
156 78 0 3 -3 0
156 78 -78 4 -4 -8
156 78 0 4 -4 0
156 78 0 5 -5 0
156 78 0 6 -6 0
156 78 0 7 -7 0
156 78 -78 8 -8 -16
156 78 0 8 -8 0
156 78 0 9 -9 0
156 78 0 10 -10 0
156 78 0 11 -11 0
156 78 -78 12 -12 -24
156 78 0 12 -12 0
156 78 0 13 -13 0
156 78 0 14 -14 0
156 78 0 15 -15 0
156 78 -78 16 -16 -32
156 78 0 16 -16 0
156 78 0 17 -17 0
156 78 0 18 -18 0
156 78 0 19 -19 0
156 78 -78 20 -20 -40
156 78 0 20 -20 0
156 78 0 21 -21 0
156 78 0 22 -22 0
156 78 0 23 -23 0
156 78 -78 24 -24 -48
156 78 0 24 -24 0
156 78 0 25 -25 0
156 78 0 26 -26 0
156 78 0 27 -27 0
156 78 -78 28 -28 -56
156 78 0 28 -28 0
156 78 0 29 -29 0
156 78 0 30 -30 0
156 78 0 31 -31 0
156 78 -78 32 -32 -64
156 78 0 32 -32 0
156 78 0 33 -33 0
156 78 0 34 -34 0
156 78 0 35 -35 0
156 78 -78 36 -36 -72
156 78 0 36 -36 0
156 78 0 37 -37 0
156 78 0 38 -38 0
156 78 0 39 -39 0
156 78 -78 40 -40 -80
156 78 0 40 -40 0
156 78 0 41 -41 0
156 78 0 42 -42 0
156 78 0 43 -43 0
156 78 -78 44 -44 -88
156 78 0 44 -44 0
156 78 0 45 -45 0
156 78 0 46 -46 0
156 78 0 47 -47 0
156 78 -78 48 -48 -96
156 78 0 48 -48 0
156 78 0 49 -49 0
156 78 0 50 -50 0
156 78 0 51 -51 0
156 78 -78 52 -52 -104
156 78 0 52 -52 0
156 78 0 53 -53 0
156 78 0 54 -54 0
156 78 0 55 -55 0
156 78 -78 56 -56 -112
156 78 0 56 -56 0
156 78 0 57 -57 0
156 78 0 58 -58 0
156 78 0 59 -59 0
156 78 -78 60 -60 -120
156 78 0 60 -60 0
156 78 0 61 -61 0
156 78 0 62 -62 0
156 78 0 63 -63 0
156 78 -78 64 -64 -128
156 78 0 64 -64 0
156 78 0 65 -65 0
156 78 0 66 -66 0
156 78 0 67 -67 0
156 78 -78 68 -68 -136
156 78 0 68 -68 0
156 78 0 69 -69 0
156 78 0 70 -70 0
156 78 0 71 -71 0
156 78 -78 72 -72 -144
156 78 0 72 -72 0
156 78 0 73 -73 0
156 78 0 74 -74 0
156 78 0 75 -75 0
156 78 -78 76 -76 -152
156 78 0 76 -76 0
156 78 0 77 -77 0
156 78 0 78 -78 0
156 78 0 79 -79 0
156 78 -78 80 -80 -160
156 78 0 80 -80 0
156 78 0 81 -81 0
156 78 0 82 -82 0
156 78 0 83 -83 0
156 78 -78 84 -84 -168
156 78 0 84 -84 0
156 78 0 85 -85 0
156 78 0 86 -86 0
156 78 0 87 -87 0
156 78 -78 88 -88 -176
156 78 0 88 -88 0
156 78 0 89 -89 0
156 78 0 90 -90 0
156 78 0 91 -91 0
156 78 -78 92 -92 -184
156 78 0 92 -92 0
156 78 0 93 -93 0
156 78 0 94 -94 0
156 78 0 95 -95 0
156 78 -78 96 -96 -192
156 78 0 96 -96 0
156 78 0 97 -97 0
156 78 0 98 -98 0
156 78 0 99 -99 0
156 78 -78 100 -100 -200
156 78 0 100 -100 0
156 78 0 101 -101 0
156 78 0 102 -102 0
156 78 0 103 -103 0
156 78 -78 104 -104 -208
156 78 0 104 -104 0
156 78 0 105 -105 0
156 78 0 106 -106 0
156 78 0 107 -107 0
156 78 -78 108 -108 -216
156 78 0 108 -108 0
156 78 0 109 -109 0
156 78 0 110 -110 0
156 78 0 111 -111 0
156 78 -78 112 -112 -224
156 78 0 112 -112 0
156 78 0 113 -113 0
156 78 0 114 -114 0
156 78 0 115 -115 0
156 78 -78 116 -116 -232
156 78 0 116 -116 0
156 78 0 117 -117 0
156 78 0 118 -118 0
156 78 0 119 -119 0
156 78 -78 120 -120 -240
156 78 0 120 -120 0
156 78 0 121 -121 0
156 78 0 122 -122 0
156 78 0 123 -123 0
156 78 -78 124 -124 -248
156 78 0 124 -124 0
156 78 0 125 -125 0
156 78 0 126 -126 0
156 78 0 127 -127 0
156 78 -78 128 -128 -256
156 78 0 128 -128 0
156 78 0 129 -129 0
156 78 0 130 -130 0
156 78 0 131 -131 0
156 78 -78 132 -132 -264
156 78 0 132 -132 0
156 78 0 133 -133 0
156 78 0 134 -134 0
156 78 0 135 -135 0
156 78 -78 136 -136 -272
156 78 0 136 -136 0
156 78 0 137 -137 0
156 78 0 138 -138 0
156 78 0 139 -139 0
156 78 -78 140 -140 -280
156 78 0 140 -140 0
156 78 0 141 -141 0
156 78 0 142 -142 0
156 78 0 143 -143 0
156 78 -78 144 -144 -288
156 78 0 144 -144 0
156 78 0 145 -145 0
156 78 0 146 -146 0
156 78 0 147 -147 0
156 78 -78 148 -148 -296
156 78 0 148 -148 0
156 78 0 149 -149 0
156 78 0 150 -150 0
158 79 0 -150 150 0
158 79 0 -149 149 0
158 79 0 -148 148 0
158 79 -79 -147 147 294
158 79 0 -147 147 0
158 79 0 -146 146 0
158 79 0 -145 145 0
158 79 0 -144 144 0
158 79 -79 -143 143 286
158 79 0 -143 143 0
158 79 0 -142 142 0
158 79 0 -141 141 0
158 79 0 -140 140 0
158 79 -79 -139 139 278
158 79 0 -139 139 0
158 79 0 -138 138 0
158 79 0 -137 137 0
158 79 0 -136 136 0
158 79 -79 -135 135 270
158 79 0 -135 135 0
158 79 0 -134 134 0
158 79 0 -133 133 0
158 79 0 -132 132 0
158 79 -79 -131 131 262
158 79 0 -131 131 0
158 79 0 -130 130 0
158 79 0 -129 129 0
158 79 0 -128 128 0
158 79 -79 -127 127 254
158 79 0 -127 127 0
158 79 0 -126 126 0
158 79 0 -125 125 0
158 79 0 -124 124 0
158 79 -79 -123 123 246
158 79 0 -123 123 0
158 79 0 -122 122 0
158 79 0 -121 121 0
158 79 0 -120 120 0
158 79 -79 -119 119 238
158 79 0 -119 119 0
158 79 1 -119 119 238
158 79 0 -118 118 0
158 79 0 -117 117 0
158 79 0 -116 116 0
158 79 -79 -115 115 230
158 79 0 -115 115 0
158 79 0 -114 114 0
158 79 0 -113 113 0
158 79 0 -112 112 0
158 79 -79 -111 111 222
158 79 0 -111 111 0
158 79 0 -110 110 0
158 79 0 -109 109 0
158 79 0 -108 108 0
158 79 -79 -107 107 214
158 79 0 -107 107 0
158 79 0 -106 106 0
158 79 0 -105 105 0
158 79 0 -104 104 0
158 79 -79 -103 103 206
158 79 0 -103 103 0
158 79 0 -102 102 0
158 79 0 -101 101 0
158 79 0 -100 100 0
158 79 -79 -99 99 198
158 79 0 -99 99 0
158 79 0 -98 98 0
158 79 0 -97 97 0
158 79 0 -96 96 0
158 79 -79 -95 95 190
158 79 0 -95 95 0
158 79 0 -94 94 0
158 79 0 -93 93 0
158 79 0 -92 92 0
158 79 -79 -91 91 182
158 79 0 -91 91 0
158 79 0 -90 90 0
158 79 0 -89 89 0
158 79 0 -88 88 0
158 79 -79 -87 87 174
158 79 0 -87 87 0
158 79 0 -86 86 0
158 79 0 -85 85 0
158 79 0 -84 84 0
158 79 -79 -83 83 166
158 79 0 -83 83 0
158 79 0 -82 82 0
158 79 0 -81 81 0
158 79 0 -80 80 0
158 79 -79 -79 79 158
158 79 0 -79 79 0
158 79 0 -78 78 0
158 79 0 -77 77 0
158 79 0 -76 76 0
158 79 -79 -75 75 150
158 79 0 -75 75 0
158 79 0 -74 74 0
158 79 0 -73 73 0
158 79 0 -72 72 0
158 79 -79 -71 71 142
158 79 0 -71 71 0
158 79 0 -70 70 0
158 79 0 -69 69 0
158 79 0 -68 68 0
158 79 -79 -67 67 134
158 79 0 -67 67 0
158 79 0 -66 66 0
158 79 0 -65 65 0
158 79 0 -64 64 0
158 79 -79 -63 63 126
158 79 0 -63 63 0
158 79 0 -62 62 0
158 79 0 -61 61 0
158 79 0 -60 60 0
158 79 -79 -59 59 118
158 79 0 -59 59 0
158 79 0 -58 58 0
158 79 0 -57 57 0
158 79 0 -56 56 0
158 79 -79 -55 55 110
158 79 0 -55 55 0
158 79 0 -54 54 0
158 79 0 -53 53 0
158 79 0 -52 52 0
158 79 -79 -51 51 102
158 79 0 -51 51 0
158 79 0 -50 50 0
158 79 0 -49 49 0
158 79 0 -48 48 0
158 79 -79 -47 47 94
158 79 0 -47 47 0
158 79 0 -46 46 0
158 79 0 -45 45 0
158 79 0 -44 44 0
158 79 -79 -43 43 86
158 79 0 -43 43 0
158 79 0 -42 42 0
158 79 0 -41 41 0
158 79 0 -40 40 0
158 79 -79 -39 39 78
158 79 0 -39 39 0
158 79 0 -38 38 0
158 79 0 -37 37 0
158 79 0 -36 36 0
158 79 -79 -35 35 70
158 79 0 -35 35 0
158 79 0 -34 34 0
158 79 0 -33 33 0
158 79 0 -32 32 0
158 79 -79 -31 31 62
158 79 0 -31 31 0
158 79 0 -30 30 0
158 79 0 -29 29 0
158 79 0 -28 28 0
158 79 -79 -27 27 54
158 79 0 -27 27 0
158 79 0 -26 26 0
158 79 0 -25 25 0
158 79 0 -24 24 0
158 79 -79 -23 23 46
158 79 0 -23 23 0
158 79 0 -22 22 0
158 79 0 -21 21 0
158 79 0 -20 20 0
158 79 -79 -19 19 38
158 79 0 -19 19 0
158 79 0 -18 18 0
158 79 0 -17 17 0
158 79 0 -16 16 0
158 79 -79 -15 15 30
158 79 0 -15 15 0
158 79 0 -14 14 0
158 79 0 -13 13 0
158 79 0 -12 12 0
158 79 -79 -11 11 22
158 79 0 -11 11 0
158 79 0 -10 10 0
158 79 0 -9 9 0
158 79 0 -8 8 0
158 79 -79 -7 7 14
158 79 0 -7 7 0
158 79 0 -6 6 0
158 79 0 -5 5 0
158 79 0 -4 4 0
158 79 -79 -3 3 6
158 79 0 -3 3 0
158 79 0 -2 2 0
158 79 0 -1 1 0
158 79 -79 1 -1 -2
158 79 0 1 -1 0
158 79 0 2 -2 0
158 79 0 3 -3 0
158 79 0 4 -4 0
158 79 -79 5 -5 -10
158 79 0 5 -5 0
158 79 0 6 -6 0
158 79 0 7 -7 0
158 79 0 8 -8 0
158 79 -79 9 -9 -18
158 79 0 9 -9 0
158 79 0 10 -10 0
158 79 0 11 -11 0
158 79 0 12 -12 0
158 79 -79 13 -13 -26
158 79 0 13 -13 0
158 79 0 14 -14 0
158 79 0 15 -15 0
158 79 0 16 -16 0
158 79 -79 17 -17 -34
158 79 0 17 -17 0
158 79 0 18 -18 0
158 79 0 19 -19 0
158 79 0 20 -20 0
158 79 -79 21 -21 -42
158 79 0 21 -21 0
158 79 0 22 -22 0
158 79 0 23 -23 0
158 79 0 24 -24 0
158 79 -79 25 -25 -50
158 79 0 25 -25 0
158 79 0 26 -26 0
158 79 0 27 -27 0
158 79 0 28 -28 0
158 79 -79 29 -29 -58
158 79 0 29 -29 0
158 79 0 30 -30 0
158 79 0 31 -31 0
158 79 0 32 -32 0
158 79 -79 33 -33 -66
158 79 0 33 -33 0
158 79 0 34 -34 0
158 79 0 35 -35 0
158 79 0 36 -36 0
158 79 -79 37 -37 -74
158 79 0 37 -37 0
158 79 0 38 -38 0
158 79 0 39 -39 0
158 79 0 40 -40 0
158 79 -79 41 -41 -82
158 79 0 41 -41 0
158 79 0 42 -42 0
158 79 0 43 -43 0
158 79 0 44 -44 0
158 79 -79 45 -45 -90
158 79 0 45 -45 0
158 79 0 46 -46 0
158 79 0 47 -47 0
158 79 0 48 -48 0
158 79 -79 49 -49 -98
158 79 0 49 -49 0
158 79 0 50 -50 0
158 79 0 51 -51 0
158 79 0 52 -52 0
158 79 -79 53 -53 -106
158 79 0 53 -53 0
158 79 0 54 -54 0
158 79 0 55 -55 0
158 79 0 56 -56 0
158 79 -79 57 -57 -114
158 79 0 57 -57 0
158 79 0 58 -58 0
158 79 0 59 -59 0
158 79 0 60 -60 0
158 79 -79 61 -61 -122
158 79 0 61 -61 0
158 79 0 62 -62 0
158 79 0 63 -63 0
158 79 0 64 -64 0
158 79 -79 65 -65 -130
158 79 0 65 -65 0
158 79 0 66 -66 0
158 79 0 67 -67 0
158 79 0 68 -68 0
158 79 -79 69 -69 -138
158 79 0 69 -69 0
158 79 0 70 -70 0
158 79 0 71 -71 0
158 79 0 72 -72 0
158 79 -79 73 -73 -146
158 79 0 73 -73 0
158 79 0 74 -74 0
158 79 0 75 -75 0
158 79 0 76 -76 0
158 79 -79 77 -77 -154
158 79 0 77 -77 0
158 79 0 78 -78 0
158 79 0 79 -79 0
158 79 0 80 -80 0
158 79 -79 81 -81 -162
158 79 0 81 -81 0
158 79 0 82 -82 0
158 79 0 83 -83 0
158 79 0 84 -84 0
158 79 -79 85 -85 -170
158 79 0 85 -85 0
158 79 0 86 -86 0
158 79 0 87 -87 0
158 79 0 88 -88 0
158 79 -79 89 -89 -178
158 79 0 89 -89 0
158 79 0 90 -90 0
158 79 0 91 -91 0
158 79 0 92 -92 0
158 79 -79 93 -93 -186
158 79 0 93 -93 0
158 79 0 94 -94 0
158 79 0 95 -95 0
158 79 0 96 -96 0
158 79 -79 97 -97 -194
158 79 0 97 -97 0
158 79 0 98 -98 0
158 79 0 99 -99 0
158 79 0 100 -100 0
158 79 -79 101 -101 -202
158 79 0 101 -101 0
158 79 0 102 -102 0
158 79 0 103 -103 0
158 79 0 104 -104 0
158 79 -79 105 -105 -210
158 79 0 105 -105 0
158 79 0 106 -106 0
158 79 0 107 -107 0
158 79 0 108 -108 0
158 79 -79 109 -109 -218
158 79 0 109 -109 0
158 79 0 110 -110 0
158 79 0 111 -111 0
158 79 0 112 -112 0
158 79 -79 113 -113 -226
158 79 0 113 -113 0
158 79 0 114 -114 0
158 79 0 115 -115 0
158 79 0 116 -116 0
158 79 -79 117 -117 -234
158 79 0 117 -117 0
158 79 -1 118 -118 -236
158 79 0 118 -118 0
158 79 0 119 -119 0
158 79 0 120 -120 0
158 79 -79 121 -121 -242
158 79 0 121 -121 0
158 79 0 122 -122 0
158 79 0 123 -123 0
158 79 0 124 -124 0
158 79 -79 125 -125 -250
158 79 0 125 -125 0
158 79 0 126 -126 0
158 79 0 127 -127 0
158 79 0 128 -128 0
158 79 -79 129 -129 -258
158 79 0 129 -129 0
158 79 0 130 -130 0
158 79 0 131 -131 0
158 79 0 132 -132 0
158 79 -79 133 -133 -266
158 79 0 133 -133 0
158 79 0 134 -134 0
158 79 0 135 -135 0
158 79 0 136 -136 0
158 79 -79 137 -137 -274
158 79 0 137 -137 0
158 79 0 138 -138 0
158 79 0 139 -139 0
158 79 0 140 -140 0
158 79 -79 141 -141 -282
158 79 0 141 -141 0
158 79 0 142 -142 0
158 79 0 143 -143 0
158 79 0 144 -144 0
158 79 -79 145 -145 -290
158 79 0 145 -145 0
158 79 0 146 -146 0
158 79 0 147 -147 0
158 79 0 148 -148 0
158 79 -79 149 -149 -298
158 79 0 149 -149 0
158 79 0 150 -150 0
160 80 0 -150 150 0
160 80 0 -149 149 0
160 80 -80 -148 148 296
160 80 0 -148 148 0
160 80 0 -147 147 0
160 80 0 -146 146 0
160 80 0 -145 145 0
160 80 -80 -144 144 288
160 80 0 -144 144 0
160 80 0 -143 143 0
160 80 0 -142 142 0
160 80 0 -141 141 0
160 80 -80 -140 140 280
160 80 0 -140 140 0
160 80 0 -139 139 0
160 80 0 -138 138 0
160 80 0 -137 137 0
160 80 -80 -136 136 272
160 80 0 -136 136 0
160 80 0 -135 135 0
160 80 0 -134 134 0
160 80 0 -133 133 0
160 80 -80 -132 132 264
160 80 0 -132 132 0
160 80 0 -131 131 0
160 80 0 -130 130 0
160 80 0 -129 129 0
160 80 -80 -128 128 256
160 80 0 -128 128 0
160 80 0 -127 127 0
160 80 0 -126 126 0
160 80 0 -125 125 0
160 80 -80 -124 124 248
160 80 0 -124 124 0
160 80 0 -123 123 0
160 80 0 -122 122 0
160 80 0 -121 121 0
160 80 -80 -120 120 240
160 80 0 -120 120 0
160 80 0 -119 119 0
160 80 0 -118 118 0
160 80 0 -117 117 0
160 80 -80 -116 116 232
160 80 0 -116 116 0
160 80 0 -115 115 0
160 80 0 -114 114 0
160 80 0 -113 113 0
160 80 -80 -112 112 224
160 80 0 -112 112 0
160 80 0 -111 111 0
160 80 0 -110 110 0
160 80 0 -109 109 0
160 80 -80 -108 108 216
160 80 0 -108 108 0
160 80 0 -107 107 0
160 80 0 -106 106 0
160 80 0 -105 105 0
160 80 -80 -104 104 208
160 80 0 -104 104 0
160 80 0 -103 103 0
160 80 0 -102 102 0
160 80 0 -101 101 0
160 80 -80 -100 100 200
160 80 0 -100 100 0
160 80 0 -99 99 0
160 80 0 -98 98 0
160 80 0 -97 97 0
160 80 -80 -96 96 192
160 80 0 -96 96 0
160 80 0 -95 95 0
160 80 0 -94 94 0
160 80 0 -93 93 0
160 80 -80 -92 92 184
160 80 0 -92 92 0
160 80 0 -91 91 0
160 80 0 -90 90 0
160 80 0 -89 89 0
160 80 -80 -88 88 176
160 80 0 -88 88 0
160 80 0 -87 87 0
160 80 0 -86 86 0
160 80 0 -85 85 0
160 80 -80 -84 84 168
160 80 0 -84 84 0
160 80 0 -83 83 0
160 80 0 -82 82 0
160 80 0 -81 81 0
160 80 -80 -80 80 160
160 80 0 -80 80 0
160 80 0 -79 79 0
160 80 0 -78 78 0
160 80 0 -77 77 0
160 80 -80 -76 76 152
160 80 0 -76 76 0
160 80 0 -75 75 0
160 80 0 -74 74 0
160 80 0 -73 73 0
160 80 -80 -72 72 144
160 80 0 -72 72 0
160 80 0 -71 71 0
160 80 0 -70 70 0
160 80 0 -69 69 0
160 80 -80 -68 68 136
160 80 0 -68 68 0
160 80 0 -67 67 0
160 80 0 -66 66 0
160 80 0 -65 65 0
160 80 -80 -64 64 128
160 80 0 -64 64 0
160 80 0 -63 63 0
160 80 0 -62 62 0
160 80 0 -61 61 0
160 80 -80 -60 60 120
160 80 0 -60 60 0
160 80 0 -59 59 0
160 80 0 -58 58 0
160 80 0 -57 57 0
160 80 -80 -56 56 112
160 80 0 -56 56 0
160 80 0 -55 55 0
160 80 0 -54 54 0
160 80 0 -53 53 0
160 80 -80 -52 52 104
160 80 0 -52 52 0
160 80 0 -51 51 0
160 80 0 -50 50 0
160 80 0 -49 49 0
160 80 -80 -48 48 96
160 80 0 -48 48 0
160 80 0 -47 47 0
160 80 0 -46 46 0
160 80 0 -45 45 0
160 80 -80 -44 44 88
160 80 0 -44 44 0
160 80 0 -43 43 0
160 80 0 -42 42 0
160 80 0 -41 41 0
160 80 -80 -40 40 80
160 80 0 -40 40 0
160 80 0 -39 39 0
160 80 0 -38 38 0
160 80 0 -37 37 0
160 80 -80 -36 36 72
160 80 0 -36 36 0
160 80 0 -35 35 0
160 80 0 -34 34 0
160 80 0 -33 33 0
160 80 -80 -32 32 64
160 80 0 -32 32 0
160 80 0 -31 31 0
160 80 0 -30 30 0
160 80 0 -29 29 0
160 80 -80 -28 28 56
160 80 0 -28 28 0
160 80 0 -27 27 0
160 80 0 -26 26 0
160 80 0 -25 25 0
160 80 -80 -24 24 48
160 80 0 -24 24 0
160 80 0 -23 23 0
160 80 0 -22 22 0
160 80 0 -21 21 0
160 80 -80 -20 20 40
160 80 0 -20 20 0
160 80 0 -19 19 0
160 80 0 -18 18 0
160 80 0 -17 17 0
160 80 -80 -16 16 32
160 80 0 -16 16 0
160 80 0 -15 15 0
160 80 0 -14 14 0
160 80 0 -13 13 0
160 80 -80 -12 12 24
160 80 0 -12 12 0
160 80 0 -11 11 0
160 80 0 -10 10 0
160 80 0 -9 9 0
160 80 -80 -8 8 16
160 80 0 -8 8 0
160 80 0 -7 7 0
160 80 0 -6 6 0
160 80 0 -5 5 0
160 80 -80 -4 4 8
160 80 0 -4 4 0
160 80 0 -3 3 0
160 80 0 -2 2 0
160 80 0 -1 1 0
160 80 0 1 -1 0
160 80 0 2 -2 0
160 80 0 3 -3 0
160 80 -80 4 -4 -8
160 80 0 4 -4 0
160 80 0 5 -5 0
160 80 0 6 -6 0
160 80 0 7 -7 0
160 80 -80 8 -8 -16
160 80 0 8 -8 0
160 80 0 9 -9 0
160 80 0 10 -10 0
160 80 0 11 -11 0
160 80 -80 12 -12 -24
160 80 0 12 -12 0
160 80 0 13 -13 0
160 80 0 14 -14 0
160 80 0 15 -15 0
160 80 -80 16 -16 -32
160 80 0 16 -16 0
160 80 0 17 -17 0
160 80 0 18 -18 0
160 80 0 19 -19 0
160 80 -80 20 -20 -40
160 80 0 20 -20 0
160 80 0 21 -21 0
160 80 0 22 -22 0
160 80 0 23 -23 0
160 80 -80 24 -24 -48
160 80 0 24 -24 0
160 80 0 25 -25 0
160 80 0 26 -26 0
160 80 0 27 -27 0
160 80 -80 28 -28 -56
160 80 0 28 -28 0
160 80 0 29 -29 0
160 80 0 30 -30 0
160 80 0 31 -31 0
160 80 -80 32 -32 -64
160 80 0 32 -32 0
160 80 0 33 -33 0
160 80 0 34 -34 0
160 80 0 35 -35 0
160 80 -80 36 -36 -72
160 80 0 36 -36 0
160 80 0 37 -37 0
160 80 0 38 -38 0
160 80 0 39 -39 0
160 80 -80 40 -40 -80
160 80 0 40 -40 0
160 80 0 41 -41 0
160 80 0 42 -42 0
160 80 0 43 -43 0
160 80 -80 44 -44 -88
160 80 0 44 -44 0
160 80 0 45 -45 0
160 80 0 46 -46 0
160 80 0 47 -47 0
160 80 -80 48 -48 -96
160 80 0 48 -48 0
160 80 0 49 -49 0
160 80 0 50 -50 0
160 80 0 51 -51 0
160 80 -80 52 -52 -104
160 80 0 52 -52 0
160 80 0 53 -53 0
160 80 0 54 -54 0
160 80 0 55 -55 0
160 80 -80 56 -56 -112
160 80 0 56 -56 0
160 80 0 57 -57 0
160 80 0 58 -58 0
160 80 0 59 -59 0
160 80 -80 60 -60 -120
160 80 0 60 -60 0
160 80 0 61 -61 0
160 80 0 62 -62 0
160 80 0 63 -63 0
160 80 -80 64 -64 -128
160 80 0 64 -64 0
160 80 0 65 -65 0
160 80 0 66 -66 0
160 80 0 67 -67 0
160 80 -80 68 -68 -136
160 80 0 68 -68 0
160 80 0 69 -69 0
160 80 0 70 -70 0
160 80 0 71 -71 0
160 80 -80 72 -72 -144
160 80 0 72 -72 0
160 80 0 73 -73 0
160 80 0 74 -74 0
160 80 0 75 -75 0
160 80 -80 76 -76 -152
160 80 0 76 -76 0
160 80 0 77 -77 0
160 80 0 78 -78 0
160 80 0 79 -79 0
160 80 -80 80 -80 -160
160 80 0 80 -80 0
160 80 0 81 -81 0
160 80 0 82 -82 0
160 80 0 83 -83 0
160 80 -80 84 -84 -168
160 80 0 84 -84 0
160 80 0 85 -85 0
160 80 0 86 -86 0
160 80 0 87 -87 0
160 80 -80 88 -88 -176
160 80 0 88 -88 0
160 80 0 89 -89 0
160 80 0 90 -90 0
160 80 0 91 -91 0
160 80 -80 92 -92 -184
160 80 0 92 -92 0
160 80 0 93 -93 0
160 80 0 94 -94 0
160 80 0 95 -95 0
160 80 -80 96 -96 -192
160 80 0 96 -96 0
160 80 0 97 -97 0
160 80 0 98 -98 0
160 80 0 99 -99 0
160 80 -80 100 -100 -200
160 80 0 100 -100 0
160 80 0 101 -101 0
160 80 0 102 -102 0
160 80 0 103 -103 0
160 80 -80 104 -104 -208
160 80 0 104 -104 0
160 80 0 105 -105 0
160 80 0 106 -106 0
160 80 0 107 -107 0
160 80 -80 108 -108 -216
160 80 0 108 -108 0
160 80 0 109 -109 0
160 80 0 110 -110 0
160 80 0 111 -111 0
160 80 -80 112 -112 -224
160 80 0 112 -112 0
160 80 0 113 -113 0
160 80 0 114 -114 0
160 80 0 115 -115 0
160 80 -80 116 -116 -232
160 80 0 116 -116 0
160 80 0 117 -117 0
160 80 0 118 -118 0
160 80 0 119 -119 0
160 80 -80 120 -120 -240
160 80 0 120 -120 0
160 80 0 121 -121 0
160 80 0 122 -122 0
160 80 0 123 -123 0
160 80 -80 124 -124 -248
160 80 0 124 -124 0
160 80 0 125 -125 0
160 80 0 126 -126 0
160 80 0 127 -127 0
160 80 -80 128 -128 -256
160 80 0 128 -128 0
160 80 0 129 -129 0
160 80 0 130 -130 0
160 80 0 131 -131 0
160 80 -80 132 -132 -264
160 80 0 132 -132 0
160 80 0 133 -133 0
160 80 0 134 -134 0
160 80 0 135 -135 0
160 80 -80 136 -136 -272
160 80 0 136 -136 0
160 80 0 137 -137 0
160 80 0 138 -138 0
160 80 0 139 -139 0
160 80 -80 140 -140 -280
160 80 0 140 -140 0
160 80 0 141 -141 0
160 80 0 142 -142 0
160 80 0 143 -143 0
160 80 -80 144 -144 -288
160 80 0 144 -144 0
160 80 0 145 -145 0
160 80 0 146 -146 0
160 80 0 147 -147 0
160 80 -80 148 -148 -296
160 80 0 148 -148 0
160 80 0 149 -149 0
160 80 0 150 -150 0
162 81 0 -150 150 0
162 81 0 -149 149 0
162 81 0 -148 148 0
162 81 -81 -147 147 294
162 81 0 -147 147 0
162 81 0 -146 146 0
162 81 0 -145 145 0
162 81 0 -144 144 0
162 81 -81 -143 143 286
162 81 0 -143 143 0
162 81 0 -142 142 0
162 81 0 -141 141 0
162 81 0 -140 140 0
162 81 -81 -139 139 278
162 81 0 -139 139 0
162 81 0 -138 138 0
162 81 0 -137 137 0
162 81 0 -136 136 0
162 81 -81 -135 135 270
162 81 0 -135 135 0
162 81 0 -134 134 0
162 81 0 -133 133 0
162 81 0 -132 132 0
162 81 -81 -131 131 262
162 81 0 -131 131 0
162 81 0 -130 130 0
162 81 0 -129 129 0
162 81 0 -128 128 0
162 81 -81 -127 127 254
162 81 0 -127 127 0
162 81 0 -126 126 0
162 81 0 -125 125 0
162 81 0 -124 124 0
162 81 -81 -123 123 246
162 81 0 -123 123 0
162 81 0 -122 122 0
162 81 1 -122 122 244
162 81 0 -121 121 0
162 81 0 -120 120 0
162 81 -81 -119 119 238
162 81 0 -119 119 0
162 81 0 -118 118 0
162 81 0 -117 117 0
162 81 0 -116 116 0
162 81 -81 -115 115 230
162 81 0 -115 115 0
162 81 0 -114 114 0
162 81 0 -113 113 0
162 81 0 -112 112 0
162 81 -81 -111 111 222
162 81 0 -111 111 0
162 81 0 -110 110 0
162 81 0 -109 109 0
162 81 0 -108 108 0
162 81 -81 -107 107 214
162 81 0 -107 107 0
162 81 0 -106 106 0
162 81 0 -105 105 0
162 81 0 -104 104 0
162 81 -81 -103 103 206
162 81 0 -103 103 0
162 81 0 -102 102 0
162 81 0 -101 101 0
162 81 0 -100 100 0
162 81 -81 -99 99 198
162 81 0 -99 99 0
162 81 0 -98 98 0
162 81 0 -97 97 0
162 81 0 -96 96 0
162 81 -81 -95 95 190
162 81 0 -95 95 0
162 81 0 -94 94 0
162 81 0 -93 93 0
162 81 0 -92 92 0
162 81 -81 -91 91 182
162 81 0 -91 91 0
162 81 0 -90 90 0
162 81 0 -89 89 0
162 81 0 -88 88 0
162 81 -81 -87 87 174
162 81 0 -87 87 0
162 81 0 -86 86 0
162 81 0 -85 85 0
162 81 0 -84 84 0
162 81 -81 -83 83 166
162 81 0 -83 83 0
162 81 0 -82 82 0
162 81 0 -81 81 0
162 81 0 -80 80 0
162 81 -81 -79 79 158
162 81 0 -79 79 0
162 81 0 -78 78 0
162 81 0 -77 77 0
162 81 0 -76 76 0
162 81 -81 -75 75 150
162 81 0 -75 75 0
162 81 0 -74 74 0
162 81 0 -73 73 0
162 81 0 -72 72 0
162 81 -81 -71 71 142
162 81 0 -71 71 0
162 81 0 -70 70 0
162 81 0 -69 69 0
162 81 0 -68 68 0
162 81 -81 -67 67 134
162 81 0 -67 67 0
162 81 0 -66 66 0
162 81 0 -65 65 0
162 81 0 -64 64 0
162 81 -81 -63 63 126
162 81 0 -63 63 0
162 81 0 -62 62 0
162 81 0 -61 61 0
162 81 0 -60 60 0
162 81 -81 -59 59 118
162 81 0 -59 59 0
162 81 0 -58 58 0
162 81 0 -57 57 0
162 81 0 -56 56 0
162 81 -81 -55 55 110
162 81 0 -55 55 0
162 81 0 -54 54 0
162 81 0 -53 53 0
162 81 0 -52 52 0
162 81 -81 -51 51 102
162 81 0 -51 51 0
162 81 0 -50 50 0
162 81 0 -49 49 0
162 81 0 -48 48 0
162 81 -81 -47 47 94
162 81 0 -47 47 0
162 81 0 -46 46 0
162 81 0 -45 45 0
162 81 0 -44 44 0
162 81 -81 -43 43 86
162 81 0 -43 43 0
162 81 0 -42 42 0
162 81 0 -41 41 0
162 81 0 -40 40 0
162 81 -81 -39 39 78
162 81 0 -39 39 0
162 81 0 -38 38 0
162 81 0 -37 37 0
162 81 0 -36 36 0
162 81 -81 -35 35 70
162 81 0 -35 35 0
162 81 0 -34 34 0
162 81 0 -33 33 0
162 81 0 -32 32 0
162 81 -81 -31 31 62
162 81 0 -31 31 0
162 81 0 -30 30 0
162 81 0 -29 29 0
162 81 0 -28 28 0
162 81 -81 -27 27 54
162 81 0 -27 27 0
162 81 0 -26 26 0
162 81 0 -25 25 0
162 81 0 -24 24 0
162 81 -81 -23 23 46
162 81 0 -23 23 0
162 81 0 -22 22 0
162 81 0 -21 21 0
162 81 0 -20 20 0
162 81 -81 -19 19 38
162 81 0 -19 19 0
162 81 0 -18 18 0
162 81 0 -17 17 0
162 81 0 -16 16 0
162 81 -81 -15 15 30
162 81 0 -15 15 0
162 81 0 -14 14 0
162 81 0 -13 13 0
162 81 0 -12 12 0
162 81 -81 -11 11 22
162 81 0 -11 11 0
162 81 0 -10 10 0
162 81 0 -9 9 0
162 81 0 -8 8 0
162 81 -81 -7 7 14
162 81 0 -7 7 0
162 81 0 -6 6 0
162 81 0 -5 5 0
162 81 0 -4 4 0
162 81 -81 -3 3 6
162 81 0 -3 3 0
162 81 0 -2 2 0
162 81 0 -1 1 0
162 81 -81 1 -1 -2
162 81 0 1 -1 0
162 81 0 2 -2 0
162 81 0 3 -3 0
162 81 0 4 -4 0
162 81 -81 5 -5 -10
162 81 0 5 -5 0
162 81 0 6 -6 0
162 81 0 7 -7 0
162 81 0 8 -8 0
162 81 -81 9 -9 -18
162 81 0 9 -9 0
162 81 0 10 -10 0
162 81 0 11 -11 0
162 81 0 12 -12 0
162 81 -81 13 -13 -26
162 81 0 13 -13 0
162 81 0 14 -14 0
162 81 0 15 -15 0
162 81 0 16 -16 0
162 81 -81 17 -17 -34
162 81 0 17 -17 0
162 81 0 18 -18 0
162 81 0 19 -19 0
162 81 0 20 -20 0
162 81 -81 21 -21 -42
162 81 0 21 -21 0
162 81 0 22 -22 0
162 81 0 23 -23 0
162 81 0 24 -24 0
162 81 -81 25 -25 -50
162 81 0 25 -25 0
162 81 0 26 -26 0
162 81 0 27 -27 0
162 81 0 28 -28 0
162 81 -81 29 -29 -58
162 81 0 29 -29 0
162 81 0 30 -30 0
162 81 0 31 -31 0
162 81 0 32 -32 0
162 81 -81 33 -33 -66
162 81 0 33 -33 0
162 81 0 34 -34 0
162 81 0 35 -35 0
162 81 0 36 -36 0
162 81 -81 37 -37 -74
162 81 0 37 -37 0
162 81 0 38 -38 0
162 81 0 39 -39 0
162 81 0 40 -40 0
162 81 -81 41 -41 -82
162 81 0 41 -41 0
162 81 0 42 -42 0
162 81 0 43 -43 0
162 81 0 44 -44 0
162 81 -81 45 -45 -90
162 81 0 45 -45 0
162 81 0 46 -46 0
162 81 0 47 -47 0
162 81 0 48 -48 0
162 81 -81 49 -49 -98
162 81 0 49 -49 0
162 81 0 50 -50 0
162 81 0 51 -51 0
162 81 0 52 -52 0
162 81 -81 53 -53 -106
162 81 0 53 -53 0
162 81 0 54 -54 0
162 81 0 55 -55 0
162 81 0 56 -56 0
162 81 -81 57 -57 -114
162 81 0 57 -57 0
162 81 0 58 -58 0
162 81 0 59 -59 0
162 81 0 60 -60 0
162 81 -81 61 -61 -122
162 81 0 61 -61 0
162 81 0 62 -62 0
162 81 0 63 -63 0
162 81 0 64 -64 0
162 81 -81 65 -65 -130
162 81 0 65 -65 0
162 81 0 66 -66 0
162 81 0 67 -67 0
162 81 0 68 -68 0
162 81 -81 69 -69 -138
162 81 0 69 -69 0
162 81 0 70 -70 0
162 81 0 71 -71 0
162 81 0 72 -72 0
162 81 -81 73 -73 -146
162 81 0 73 -73 0
162 81 0 74 -74 0
162 81 0 75 -75 0
162 81 0 76 -76 0
162 81 -81 77 -77 -154
162 81 0 77 -77 0
162 81 0 78 -78 0
162 81 0 79 -79 0
162 81 0 80 -80 0
162 81 -81 81 -81 -162
162 81 0 81 -81 0
162 81 0 82 -82 0
162 81 0 83 -83 0
162 81 0 84 -84 0
162 81 -81 85 -85 -170
162 81 0 85 -85 0
162 81 0 86 -86 0
162 81 0 87 -87 0
162 81 0 88 -88 0
162 81 -81 89 -89 -178
162 81 0 89 -89 0
162 81 0 90 -90 0
162 81 0 91 -91 0
162 81 0 92 -92 0
162 81 -81 93 -93 -186
162 81 0 93 -93 0
162 81 0 94 -94 0
162 81 0 95 -95 0
162 81 0 96 -96 0
162 81 -81 97 -97 -194
162 81 0 97 -97 0
162 81 0 98 -98 0
162 81 0 99 -99 0
162 81 0 100 -100 0
162 81 -81 101 -101 -202
162 81 0 101 -101 0
162 81 0 102 -102 0
162 81 0 103 -103 0
162 81 0 104 -104 0
162 81 -81 105 -105 -210
162 81 0 105 -105 0
162 81 0 106 -106 0
162 81 0 107 -107 0
162 81 0 108 -108 0
162 81 -81 109 -109 -218
162 81 0 109 -109 0
162 81 0 110 -110 0
162 81 0 111 -111 0
162 81 0 112 -112 0
162 81 -81 113 -113 -226
162 81 0 113 -113 0
162 81 0 114 -114 0
162 81 0 115 -115 0
162 81 0 116 -116 0
162 81 -81 117 -117 -234
162 81 0 117 -117 0
162 81 0 118 -118 0
162 81 0 119 -119 0
162 81 0 120 -120 0
162 81 -81 121 -121 -242
162 81 -1 121 -121 -242
162 81 0 121 -121 0
162 81 0 122 -122 0
162 81 0 123 -123 0
162 81 0 124 -124 0
162 81 -81 125 -125 -250
162 81 0 125 -125 0
162 81 0 126 -126 0
162 81 0 127 -127 0
162 81 0 128 -128 0
162 81 -81 129 -129 -258
162 81 0 129 -129 0
162 81 0 130 -130 0
162 81 0 131 -131 0
162 81 0 132 -132 0
162 81 -81 133 -133 -266
162 81 0 133 -133 0
162 81 0 134 -134 0
162 81 0 135 -135 0
162 81 0 136 -136 0
162 81 -81 137 -137 -274
162 81 0 137 -137 0
162 81 0 138 -138 0
162 81 0 139 -139 0
162 81 0 140 -140 0
162 81 -81 141 -141 -282
162 81 0 141 -141 0
162 81 0 142 -142 0
162 81 0 143 -143 0
162 81 0 144 -144 0
162 81 -81 145 -145 -290
162 81 0 145 -145 0
162 81 0 146 -146 0
162 81 0 147 -147 0
162 81 0 148 -148 0
162 81 -81 149 -149 -298
162 81 0 149 -149 0
162 81 0 150 -150 0
164 82 0 -150 150 0
164 82 0 -149 149 0
164 82 -82 -148 148 296
164 82 0 -148 148 0
164 82 0 -147 147 0
164 82 0 -146 146 0
164 82 0 -145 145 0
164 82 -82 -144 144 288
164 82 0 -144 144 0
164 82 0 -143 143 0
164 82 0 -142 142 0
164 82 0 -141 141 0
164 82 -82 -140 140 280
164 82 0 -140 140 0
164 82 0 -139 139 0
164 82 0 -138 138 0
164 82 0 -137 137 0
164 82 -82 -136 136 272
164 82 0 -136 136 0
164 82 0 -135 135 0
164 82 0 -134 134 0
164 82 0 -133 133 0
164 82 -82 -132 132 264
164 82 0 -132 132 0
164 82 0 -131 131 0
164 82 0 -130 130 0
164 82 0 -129 129 0
164 82 -82 -128 128 256
164 82 0 -128 128 0
164 82 0 -127 127 0
164 82 0 -126 126 0
164 82 0 -125 125 0
164 82 -82 -124 124 248
164 82 0 -124 124 0
164 82 0 -123 123 0
164 82 0 -122 122 0
164 82 0 -121 121 0
164 82 -82 -120 120 240
164 82 0 -120 120 0
164 82 0 -119 119 0
164 82 0 -118 118 0
164 82 0 -117 117 0
164 82 -82 -116 116 232
164 82 0 -116 116 0
164 82 0 -115 115 0
164 82 0 -114 114 0
164 82 0 -113 113 0
164 82 -82 -112 112 224
164 82 0 -112 112 0
164 82 0 -111 111 0
164 82 0 -110 110 0
164 82 0 -109 109 0
164 82 -82 -108 108 216
164 82 0 -108 108 0
164 82 0 -107 107 0
164 82 0 -106 106 0
164 82 0 -105 105 0
164 82 -82 -104 104 208
164 82 0 -104 104 0
164 82 0 -103 103 0
164 82 0 -102 102 0
164 82 0 -101 101 0
164 82 -82 -100 100 200
164 82 0 -100 100 0
164 82 0 -99 99 0
164 82 0 -98 98 0
164 82 0 -97 97 0
164 82 -82 -96 96 192
164 82 0 -96 96 0
164 82 0 -95 95 0
164 82 0 -94 94 0
164 82 0 -93 93 0
164 82 -82 -92 92 184
164 82 0 -92 92 0
164 82 0 -91 91 0
164 82 0 -90 90 0
164 82 0 -89 89 0
164 82 -82 -88 88 176
164 82 0 -88 88 0
164 82 0 -87 87 0
164 82 0 -86 86 0
164 82 0 -85 85 0
164 82 -82 -84 84 168
164 82 0 -84 84 0
164 82 0 -83 83 0
164 82 0 -82 82 0
164 82 0 -81 81 0
164 82 -82 -80 80 160
164 82 0 -80 80 0
164 82 0 -79 79 0
164 82 0 -78 78 0
164 82 0 -77 77 0
164 82 -82 -76 76 152
164 82 0 -76 76 0
164 82 0 -75 75 0
164 82 0 -74 74 0
164 82 0 -73 73 0
164 82 -82 -72 72 144
164 82 0 -72 72 0
164 82 0 -71 71 0
164 82 0 -70 70 0
164 82 0 -69 69 0
164 82 -82 -68 68 136
164 82 0 -68 68 0
164 82 0 -67 67 0
164 82 0 -66 66 0
164 82 0 -65 65 0
164 82 -82 -64 64 128
164 82 0 -64 64 0
164 82 0 -63 63 0
164 82 0 -62 62 0
164 82 0 -61 61 0
164 82 -82 -60 60 120
164 82 0 -60 60 0
164 82 0 -59 59 0
164 82 0 -58 58 0
164 82 0 -57 57 0
164 82 -82 -56 56 112
164 82 0 -56 56 0
164 82 0 -55 55 0
164 82 0 -54 54 0
164 82 0 -53 53 0
164 82 -82 -52 52 104
164 82 0 -52 52 0
164 82 0 -51 51 0
164 82 0 -50 50 0
164 82 0 -49 49 0
164 82 -82 -48 48 96
164 82 0 -48 48 0
164 82 0 -47 47 0
164 82 0 -46 46 0
164 82 0 -45 45 0
164 82 -82 -44 44 88
164 82 0 -44 44 0
164 82 0 -43 43 0
164 82 0 -42 42 0
164 82 0 -41 41 0
164 82 -82 -40 40 80
164 82 0 -40 40 0
164 82 0 -39 39 0
164 82 0 -38 38 0
164 82 0 -37 37 0
164 82 -82 -36 36 72
164 82 0 -36 36 0
164 82 0 -35 35 0
164 82 0 -34 34 0
164 82 0 -33 33 0
164 82 -82 -32 32 64
164 82 0 -32 32 0
164 82 0 -31 31 0
164 82 0 -30 30 0
164 82 0 -29 29 0
164 82 -82 -28 28 56
164 82 0 -28 28 0
164 82 0 -27 27 0
164 82 0 -26 26 0
164 82 0 -25 25 0
164 82 -82 -24 24 48
164 82 0 -24 24 0
164 82 0 -23 23 0
164 82 0 -22 22 0
164 82 0 -21 21 0
164 82 -82 -20 20 40
164 82 0 -20 20 0
164 82 0 -19 19 0
164 82 0 -18 18 0
164 82 0 -17 17 0
164 82 -82 -16 16 32
164 82 0 -16 16 0
164 82 0 -15 15 0
164 82 0 -14 14 0
164 82 0 -13 13 0
164 82 -82 -12 12 24
164 82 0 -12 12 0
164 82 0 -11 11 0
164 82 0 -10 10 0
164 82 0 -9 9 0
164 82 -82 -8 8 16
164 82 0 -8 8 0
164 82 0 -7 7 0
164 82 0 -6 6 0
164 82 0 -5 5 0
164 82 -82 -4 4 8
164 82 0 -4 4 0
164 82 0 -3 3 0
164 82 0 -2 2 0
164 82 0 -1 1 0
164 82 0 1 -1 0
164 82 0 2 -2 0
164 82 0 3 -3 0
164 82 -82 4 -4 -8
164 82 0 4 -4 0
164 82 0 5 -5 0
164 82 0 6 -6 0
164 82 0 7 -7 0
164 82 -82 8 -8 -16
164 82 0 8 -8 0
164 82 0 9 -9 0
164 82 0 10 -10 0
164 82 0 11 -11 0
164 82 -82 12 -12 -24
164 82 0 12 -12 0
164 82 0 13 -13 0
164 82 0 14 -14 0
164 82 0 15 -15 0
164 82 -82 16 -16 -32
164 82 0 16 -16 0
164 82 0 17 -17 0
164 82 0 18 -18 0
164 82 0 19 -19 0
164 82 -82 20 -20 -40
164 82 0 20 -20 0
164 82 0 21 -21 0
164 82 0 22 -22 0
164 82 0 23 -23 0
164 82 -82 24 -24 -48
164 82 0 24 -24 0
164 82 0 25 -25 0
164 82 0 26 -26 0
164 82 0 27 -27 0
164 82 -82 28 -28 -56
164 82 0 28 -28 0
164 82 0 29 -29 0
164 82 0 30 -30 0
164 82 0 31 -31 0
164 82 -82 32 -32 -64
164 82 0 32 -32 0
164 82 0 33 -33 0
164 82 0 34 -34 0
164 82 0 35 -35 0
164 82 -82 36 -36 -72
164 82 0 36 -36 0
164 82 0 37 -37 0
164 82 0 38 -38 0
164 82 0 39 -39 0
164 82 -82 40 -40 -80
164 82 0 40 -40 0
164 82 0 41 -41 0
164 82 0 42 -42 0
164 82 0 43 -43 0
164 82 -82 44 -44 -88
164 82 0 44 -44 0
164 82 0 45 -45 0
164 82 0 46 -46 0
164 82 0 47 -47 0
164 82 -82 48 -48 -96
164 82 0 48 -48 0
164 82 0 49 -49 0
164 82 0 50 -50 0
164 82 0 51 -51 0
164 82 -82 52 -52 -104
164 82 0 52 -52 0
164 82 0 53 -53 0
164 82 0 54 -54 0
164 82 0 55 -55 0
164 82 -82 56 -56 -112
164 82 0 56 -56 0
164 82 0 57 -57 0
164 82 0 58 -58 0
164 82 0 59 -59 0
164 82 -82 60 -60 -120
164 82 0 60 -60 0
164 82 0 61 -61 0
164 82 0 62 -62 0
164 82 0 63 -63 0
164 82 -82 64 -64 -128
164 82 0 64 -64 0
164 82 0 65 -65 0
164 82 0 66 -66 0
164 82 0 67 -67 0
164 82 -82 68 -68 -136
164 82 0 68 -68 0
164 82 0 69 -69 0
164 82 0 70 -70 0
164 82 0 71 -71 0
164 82 -82 72 -72 -144
164 82 0 72 -72 0
164 82 0 73 -73 0
164 82 0 74 -74 0
164 82 0 75 -75 0
164 82 -82 76 -76 -152
164 82 0 76 -76 0
164 82 0 77 -77 0
164 82 0 78 -78 0
164 82 0 79 -79 0
164 82 -82 80 -80 -160
164 82 0 80 -80 0
164 82 0 81 -81 0
164 82 0 82 -82 0
164 82 0 83 -83 0
164 82 -82 84 -84 -168
164 82 0 84 -84 0
164 82 0 85 -85 0
164 82 0 86 -86 0
164 82 0 87 -87 0
164 82 -82 88 -88 -176
164 82 0 88 -88 0
164 82 0 89 -89 0
164 82 0 90 -90 0
164 82 0 91 -91 0
164 82 -82 92 -92 -184
164 82 0 92 -92 0
164 82 0 93 -93 0
164 82 0 94 -94 0
164 82 0 95 -95 0
164 82 -82 96 -96 -192
164 82 0 96 -96 0
164 82 0 97 -97 0
164 82 0 98 -98 0
164 82 0 99 -99 0
164 82 -82 100 -100 -200
164 82 0 100 -100 0
164 82 0 101 -101 0
164 82 0 102 -102 0
164 82 0 103 -103 0
164 82 -82 104 -104 -208
164 82 0 104 -104 0
164 82 0 105 -105 0
164 82 0 106 -106 0
164 82 0 107 -107 0
164 82 -82 108 -108 -216
164 82 0 108 -108 0
164 82 0 109 -109 0
164 82 0 110 -110 0
164 82 0 111 -111 0
164 82 -82 112 -112 -224
164 82 0 112 -112 0
164 82 0 113 -113 0
164 82 0 114 -114 0
164 82 0 115 -115 0
164 82 -82 116 -116 -232
164 82 0 116 -116 0
164 82 0 117 -117 0
164 82 0 118 -118 0
164 82 0 119 -119 0
164 82 -82 120 -120 -240
164 82 0 120 -120 0
164 82 0 121 -121 0
164 82 0 122 -122 0
164 82 0 123 -123 0
164 82 -82 124 -124 -248
164 82 0 124 -124 0
164 82 0 125 -125 0
164 82 0 126 -126 0
164 82 0 127 -127 0
164 82 -82 128 -128 -256
164 82 0 128 -128 0
164 82 0 129 -129 0
164 82 0 130 -130 0
164 82 0 131 -131 0
164 82 -82 132 -132 -264
164 82 0 132 -132 0
164 82 0 133 -133 0
164 82 0 134 -134 0
164 82 0 135 -135 0
164 82 -82 136 -136 -272
164 82 0 136 -136 0
164 82 0 137 -137 0
164 82 0 138 -138 0
164 82 0 139 -139 0
164 82 -82 140 -140 -280
164 82 0 140 -140 0
164 82 0 141 -141 0
164 82 0 142 -142 0
164 82 0 143 -143 0
164 82 -82 144 -144 -288
164 82 0 144 -144 0
164 82 0 145 -145 0
164 82 0 146 -146 0
164 82 0 147 -147 0
164 82 -82 148 -148 -296
164 82 0 148 -148 0
164 82 0 149 -149 0
164 82 0 150 -150 0
166 83 0 -150 150 0
166 83 0 -149 149 0
166 83 0 -148 148 0
166 83 -83 -147 147 294
166 83 0 -147 147 0
166 83 0 -146 146 0
166 83 0 -145 145 0
166 83 0 -144 144 0
166 83 -83 -143 143 286
166 83 0 -143 143 0
166 83 0 -142 142 0
166 83 0 -141 141 0
166 83 0 -140 140 0
166 83 -83 -139 139 278
166 83 0 -139 139 0
166 83 0 -138 138 0
166 83 0 -137 137 0
166 83 0 -136 136 0
166 83 -83 -135 135 270
166 83 0 -135 135 0
166 83 0 -134 134 0
166 83 0 -133 133 0
166 83 0 -132 132 0
166 83 -83 -131 131 262
166 83 0 -131 131 0
166 83 0 -130 130 0
166 83 0 -129 129 0
166 83 0 -128 128 0
166 83 -83 -127 127 254
166 83 0 -127 127 0
166 83 0 -126 126 0
166 83 0 -125 125 0
166 83 1 -125 125 250
166 83 0 -124 124 0
166 83 -83 -123 123 246
166 83 0 -123 123 0
166 83 0 -122 122 0
166 83 0 -121 121 0
166 83 0 -120 120 0
166 83 -83 -119 119 238
166 83 0 -119 119 0
166 83 0 -118 118 0
166 83 0 -117 117 0
166 83 0 -116 116 0
166 83 -83 -115 115 230
166 83 0 -115 115 0
166 83 0 -114 114 0
166 83 0 -113 113 0
166 83 0 -112 112 0
166 83 -83 -111 111 222
166 83 0 -111 111 0
166 83 0 -110 110 0
166 83 0 -109 109 0
166 83 0 -108 108 0
166 83 -83 -107 107 214
166 83 0 -107 107 0
166 83 0 -106 106 0
166 83 0 -105 105 0
166 83 0 -104 104 0
166 83 -83 -103 103 206
166 83 0 -103 103 0
166 83 0 -102 102 0
166 83 0 -101 101 0
166 83 0 -100 100 0
166 83 -83 -99 99 198
166 83 0 -99 99 0
166 83 0 -98 98 0
166 83 0 -97 97 0
166 83 0 -96 96 0
166 83 -83 -95 95 190
166 83 0 -95 95 0
166 83 0 -94 94 0
166 83 0 -93 93 0
166 83 0 -92 92 0
166 83 -83 -91 91 182
166 83 0 -91 91 0
166 83 0 -90 90 0
166 83 0 -89 89 0
166 83 0 -88 88 0
166 83 -83 -87 87 174
166 83 0 -87 87 0
166 83 0 -86 86 0
166 83 0 -85 85 0
166 83 0 -84 84 0
166 83 -83 -83 83 166
166 83 0 -83 83 0
166 83 0 -82 82 0
166 83 0 -81 81 0
166 83 0 -80 80 0
166 83 -83 -79 79 158
166 83 0 -79 79 0
166 83 0 -78 78 0
166 83 0 -77 77 0
166 83 0 -76 76 0
166 83 -83 -75 75 150
166 83 0 -75 75 0
166 83 0 -74 74 0
166 83 0 -73 73 0
166 83 0 -72 72 0
166 83 -83 -71 71 142
166 83 0 -71 71 0
166 83 0 -70 70 0
166 83 0 -69 69 0
166 83 0 -68 68 0
166 83 -83 -67 67 134
166 83 0 -67 67 0
166 83 0 -66 66 0
166 83 0 -65 65 0
166 83 0 -64 64 0
166 83 -83 -63 63 126
166 83 0 -63 63 0
166 83 0 -62 62 0
166 83 0 -61 61 0
166 83 0 -60 60 0
166 83 -83 -59 59 118
166 83 0 -59 59 0
166 83 0 -58 58 0
166 83 0 -57 57 0
166 83 0 -56 56 0
166 83 -83 -55 55 110
166 83 0 -55 55 0
166 83 0 -54 54 0
166 83 0 -53 53 0
166 83 0 -52 52 0
166 83 -83 -51 51 102
166 83 0 -51 51 0
166 83 0 -50 50 0
166 83 0 -49 49 0
166 83 0 -48 48 0
166 83 -83 -47 47 94
166 83 0 -47 47 0
166 83 0 -46 46 0
166 83 0 -45 45 0
166 83 0 -44 44 0
166 83 -83 -43 43 86
166 83 0 -43 43 0
166 83 0 -42 42 0
166 83 0 -41 41 0
166 83 0 -40 40 0
166 83 -83 -39 39 78
166 83 0 -39 39 0
166 83 0 -38 38 0
166 83 0 -37 37 0
166 83 0 -36 36 0
166 83 -83 -35 35 70
166 83 0 -35 35 0
166 83 0 -34 34 0
166 83 0 -33 33 0
166 83 0 -32 32 0
166 83 -83 -31 31 62
166 83 0 -31 31 0
166 83 0 -30 30 0
166 83 0 -29 29 0
166 83 0 -28 28 0
166 83 -83 -27 27 54
166 83 0 -27 27 0
166 83 0 -26 26 0
166 83 0 -25 25 0
166 83 0 -24 24 0
166 83 -83 -23 23 46
166 83 0 -23 23 0
166 83 0 -22 22 0
166 83 0 -21 21 0
166 83 0 -20 20 0
166 83 -83 -19 19 38
166 83 0 -19 19 0
166 83 0 -18 18 0
166 83 0 -17 17 0
166 83 0 -16 16 0
166 83 -83 -15 15 30
166 83 0 -15 15 0
166 83 0 -14 14 0
166 83 0 -13 13 0
166 83 0 -12 12 0
166 83 -83 -11 11 22
166 83 0 -11 11 0
166 83 0 -10 10 0
166 83 0 -9 9 0
166 83 0 -8 8 0
166 83 -83 -7 7 14
166 83 0 -7 7 0
166 83 0 -6 6 0
166 83 0 -5 5 0
166 83 0 -4 4 0
166 83 -83 -3 3 6
166 83 0 -3 3 0
166 83 0 -2 2 0
166 83 0 -1 1 0
166 83 -83 1 -1 -2
166 83 0 1 -1 0
166 83 0 2 -2 0
166 83 0 3 -3 0
166 83 0 4 -4 0
166 83 -83 5 -5 -10
166 83 0 5 -5 0
166 83 0 6 -6 0
166 83 0 7 -7 0
166 83 0 8 -8 0
166 83 -83 9 -9 -18
166 83 0 9 -9 0
166 83 0 10 -10 0
166 83 0 11 -11 0
166 83 0 12 -12 0
166 83 -83 13 -13 -26
166 83 0 13 -13 0
166 83 0 14 -14 0
166 83 0 15 -15 0
166 83 0 16 -16 0
166 83 -83 17 -17 -34
166 83 0 17 -17 0
166 83 0 18 -18 0
166 83 0 19 -19 0
166 83 0 20 -20 0
166 83 -83 21 -21 -42
166 83 0 21 -21 0
166 83 0 22 -22 0
166 83 0 23 -23 0
166 83 0 24 -24 0
166 83 -83 25 -25 -50
166 83 0 25 -25 0
166 83 0 26 -26 0
166 83 0 27 -27 0
166 83 0 28 -28 0
166 83 -83 29 -29 -58
166 83 0 29 -29 0
166 83 0 30 -30 0
166 83 0 31 -31 0
166 83 0 32 -32 0
166 83 -83 33 -33 -66
166 83 0 33 -33 0
166 83 0 34 -34 0
166 83 0 35 -35 0
166 83 0 36 -36 0
166 83 -83 37 -37 -74
166 83 0 37 -37 0
166 83 0 38 -38 0
166 83 0 39 -39 0
166 83 0 40 -40 0
166 83 -83 41 -41 -82
166 83 0 41 -41 0
166 83 0 42 -42 0
166 83 0 43 -43 0
166 83 0 44 -44 0
166 83 -83 45 -45 -90
166 83 0 45 -45 0
166 83 0 46 -46 0
166 83 0 47 -47 0
166 83 0 48 -48 0
166 83 -83 49 -49 -98
166 83 0 49 -49 0
166 83 0 50 -50 0
166 83 0 51 -51 0
166 83 0 52 -52 0
166 83 -83 53 -53 -106
166 83 0 53 -53 0
166 83 0 54 -54 0
166 83 0 55 -55 0
166 83 0 56 -56 0
166 83 -83 57 -57 -114
166 83 0 57 -57 0
166 83 0 58 -58 0
166 83 0 59 -59 0
166 83 0 60 -60 0
166 83 -83 61 -61 -122
166 83 0 61 -61 0
166 83 0 62 -62 0
166 83 0 63 -63 0
166 83 0 64 -64 0
166 83 -83 65 -65 -130
166 83 0 65 -65 0
166 83 0 66 -66 0
166 83 0 67 -67 0
166 83 0 68 -68 0
166 83 -83 69 -69 -138
166 83 0 69 -69 0
166 83 0 70 -70 0
166 83 0 71 -71 0
166 83 0 72 -72 0
166 83 -83 73 -73 -146
166 83 0 73 -73 0
166 83 0 74 -74 0
166 83 0 75 -75 0
166 83 0 76 -76 0
166 83 -83 77 -77 -154
166 83 0 77 -77 0
166 83 0 78 -78 0
166 83 0 79 -79 0
166 83 0 80 -80 0
166 83 -83 81 -81 -162
166 83 0 81 -81 0
166 83 0 82 -82 0
166 83 0 83 -83 0
166 83 0 84 -84 0
166 83 -83 85 -85 -170
166 83 0 85 -85 0
166 83 0 86 -86 0
166 83 0 87 -87 0
166 83 0 88 -88 0
166 83 -83 89 -89 -178
166 83 0 89 -89 0
166 83 0 90 -90 0
166 83 0 91 -91 0
166 83 0 92 -92 0
166 83 -83 93 -93 -186
166 83 0 93 -93 0
166 83 0 94 -94 0
166 83 0 95 -95 0
166 83 0 96 -96 0
166 83 -83 97 -97 -194
166 83 0 97 -97 0
166 83 0 98 -98 0
166 83 0 99 -99 0
166 83 0 100 -100 0
166 83 -83 101 -101 -202
166 83 0 101 -101 0
166 83 0 102 -102 0
166 83 0 103 -103 0
166 83 0 104 -104 0
166 83 -83 105 -105 -210
166 83 0 105 -105 0
166 83 0 106 -106 0
166 83 0 107 -107 0
166 83 0 108 -108 0
166 83 -83 109 -109 -218
166 83 0 109 -109 0
166 83 0 110 -110 0
166 83 0 111 -111 0
166 83 0 112 -112 0
166 83 -83 113 -113 -226
166 83 0 113 -113 0
166 83 0 114 -114 0
166 83 0 115 -115 0
166 83 0 116 -116 0
166 83 -83 117 -117 -234
166 83 0 117 -117 0
166 83 0 118 -118 0
166 83 0 119 -119 0
166 83 0 120 -120 0
166 83 -83 121 -121 -242
166 83 0 121 -121 0
166 83 0 122 -122 0
166 83 0 123 -123 0
166 83 -1 124 -124 -248
166 83 0 124 -124 0
166 83 -83 125 -125 -250
166 83 0 125 -125 0
166 83 0 126 -126 0
166 83 0 127 -127 0
166 83 0 128 -128 0
166 83 -83 129 -129 -258
166 83 0 129 -129 0
166 83 0 130 -130 0
166 83 0 131 -131 0
166 83 0 132 -132 0
166 83 -83 133 -133 -266
166 83 0 133 -133 0
166 83 0 134 -134 0
166 83 0 135 -135 0
166 83 0 136 -136 0
166 83 -83 137 -137 -274
166 83 0 137 -137 0
166 83 0 138 -138 0
166 83 0 139 -139 0
166 83 0 140 -140 0
166 83 -83 141 -141 -282
166 83 0 141 -141 0
166 83 0 142 -142 0
166 83 0 143 -143 0
166 83 0 144 -144 0
166 83 -83 145 -145 -290
166 83 0 145 -145 0
166 83 0 146 -146 0
166 83 0 147 -147 0
166 83 0 148 -148 0
166 83 -83 149 -149 -298
166 83 0 149 -149 0
166 83 0 150 -150 0
168 84 0 -150 150 0
168 84 0 -149 149 0
168 84 -84 -148 148 296
168 84 0 -148 148 0
168 84 0 -147 147 0
168 84 0 -146 146 0
168 84 0 -145 145 0
168 84 -84 -144 144 288
168 84 0 -144 144 0
168 84 0 -143 143 0
168 84 0 -142 142 0
168 84 0 -141 141 0
168 84 -84 -140 140 280
168 84 0 -140 140 0
168 84 0 -139 139 0
168 84 0 -138 138 0
168 84 0 -137 137 0
168 84 -84 -136 136 272
168 84 0 -136 136 0
168 84 0 -135 135 0
168 84 0 -134 134 0
168 84 0 -133 133 0
168 84 -84 -132 132 264
168 84 0 -132 132 0
168 84 0 -131 131 0
168 84 0 -130 130 0
168 84 0 -129 129 0
168 84 -84 -128 128 256
168 84 0 -128 128 0
168 84 0 -127 127 0
168 84 0 -126 126 0
168 84 0 -125 125 0
168 84 -84 -124 124 248
168 84 0 -124 124 0
168 84 0 -123 123 0
168 84 0 -122 122 0
168 84 0 -121 121 0
168 84 -84 -120 120 240
168 84 0 -120 120 0
168 84 0 -119 119 0
168 84 0 -118 118 0
168 84 0 -117 117 0
168 84 -84 -116 116 232
168 84 0 -116 116 0
168 84 0 -115 115 0
168 84 0 -114 114 0
168 84 0 -113 113 0
168 84 -84 -112 112 224
168 84 0 -112 112 0
168 84 0 -111 111 0
168 84 0 -110 110 0
168 84 0 -109 109 0
168 84 -84 -108 108 216
168 84 0 -108 108 0
168 84 0 -107 107 0
168 84 0 -106 106 0
168 84 0 -105 105 0
168 84 -84 -104 104 208
168 84 0 -104 104 0
168 84 0 -103 103 0
168 84 0 -102 102 0
168 84 0 -101 101 0
168 84 -84 -100 100 200
168 84 0 -100 100 0
168 84 0 -99 99 0
168 84 0 -98 98 0
168 84 0 -97 97 0
168 84 -84 -96 96 192
168 84 0 -96 96 0
168 84 0 -95 95 0
168 84 0 -94 94 0
168 84 0 -93 93 0
168 84 -84 -92 92 184
168 84 0 -92 92 0
168 84 0 -91 91 0
168 84 0 -90 90 0
168 84 0 -89 89 0
168 84 -84 -88 88 176
168 84 0 -88 88 0
168 84 0 -87 87 0
168 84 0 -86 86 0
168 84 0 -85 85 0
168 84 -84 -84 84 168
168 84 0 -84 84 0
168 84 0 -83 83 0
168 84 0 -82 82 0
168 84 0 -81 81 0
168 84 -84 -80 80 160
168 84 0 -80 80 0
168 84 0 -79 79 0
168 84 0 -78 78 0
168 84 0 -77 77 0
168 84 -84 -76 76 152
168 84 0 -76 76 0
168 84 0 -75 75 0
168 84 0 -74 74 0
168 84 0 -73 73 0
168 84 -84 -72 72 144
168 84 0 -72 72 0
168 84 0 -71 71 0
168 84 0 -70 70 0
168 84 0 -69 69 0
168 84 -84 -68 68 136
168 84 0 -68 68 0
168 84 0 -67 67 0
168 84 0 -66 66 0
168 84 0 -65 65 0
168 84 -84 -64 64 128
168 84 0 -64 64 0
168 84 0 -63 63 0
168 84 0 -62 62 0
168 84 0 -61 61 0
168 84 -84 -60 60 120
168 84 0 -60 60 0
168 84 0 -59 59 0
168 84 0 -58 58 0
168 84 0 -57 57 0
168 84 -84 -56 56 112
168 84 0 -56 56 0
168 84 0 -55 55 0
168 84 0 -54 54 0
168 84 0 -53 53 0
168 84 -84 -52 52 104
168 84 0 -52 52 0
168 84 0 -51 51 0
168 84 0 -50 50 0
168 84 0 -49 49 0
168 84 -84 -48 48 96
168 84 0 -48 48 0
168 84 0 -47 47 0
168 84 0 -46 46 0
168 84 0 -45 45 0
168 84 -84 -44 44 88
168 84 0 -44 44 0
168 84 0 -43 43 0
168 84 0 -42 42 0
168 84 0 -41 41 0
168 84 -84 -40 40 80
168 84 0 -40 40 0
168 84 0 -39 39 0
168 84 0 -38 38 0
168 84 0 -37 37 0
168 84 -84 -36 36 72
168 84 0 -36 36 0
168 84 0 -35 35 0
168 84 0 -34 34 0
168 84 0 -33 33 0
168 84 -84 -32 32 64
168 84 0 -32 32 0
168 84 0 -31 31 0
168 84 0 -30 30 0
168 84 0 -29 29 0
168 84 -84 -28 28 56
168 84 0 -28 28 0
168 84 0 -27 27 0
168 84 0 -26 26 0
168 84 0 -25 25 0
168 84 -84 -24 24 48
168 84 0 -24 24 0
168 84 0 -23 23 0
168 84 0 -22 22 0
168 84 0 -21 21 0
168 84 -84 -20 20 40
168 84 0 -20 20 0
168 84 0 -19 19 0
168 84 0 -18 18 0
168 84 0 -17 17 0
168 84 -84 -16 16 32
168 84 0 -16 16 0
168 84 0 -15 15 0
168 84 0 -14 14 0
168 84 0 -13 13 0
168 84 -84 -12 12 24
168 84 0 -12 12 0
168 84 0 -11 11 0
168 84 0 -10 10 0
168 84 0 -9 9 0
168 84 -84 -8 8 16
168 84 0 -8 8 0
168 84 0 -7 7 0
168 84 0 -6 6 0
168 84 0 -5 5 0
168 84 -84 -4 4 8
168 84 0 -4 4 0
168 84 0 -3 3 0
168 84 0 -2 2 0
168 84 0 -1 1 0
168 84 0 1 -1 0
168 84 0 2 -2 0
168 84 0 3 -3 0
168 84 -84 4 -4 -8
168 84 0 4 -4 0
168 84 0 5 -5 0
168 84 0 6 -6 0
168 84 0 7 -7 0
168 84 -84 8 -8 -16
168 84 0 8 -8 0
168 84 0 9 -9 0
168 84 0 10 -10 0
168 84 0 11 -11 0
168 84 -84 12 -12 -24
168 84 0 12 -12 0
168 84 0 13 -13 0
168 84 0 14 -14 0
168 84 0 15 -15 0
168 84 -84 16 -16 -32
168 84 0 16 -16 0
168 84 0 17 -17 0
168 84 0 18 -18 0
168 84 0 19 -19 0
168 84 -84 20 -20 -40
168 84 0 20 -20 0
168 84 0 21 -21 0
168 84 0 22 -22 0
168 84 0 23 -23 0
168 84 -84 24 -24 -48
168 84 0 24 -24 0
168 84 0 25 -25 0
168 84 0 26 -26 0
168 84 0 27 -27 0
168 84 -84 28 -28 -56
168 84 0 28 -28 0
168 84 0 29 -29 0
168 84 0 30 -30 0
168 84 0 31 -31 0
168 84 -84 32 -32 -64
168 84 0 32 -32 0
168 84 0 33 -33 0
168 84 0 34 -34 0
168 84 0 35 -35 0
168 84 -84 36 -36 -72
168 84 0 36 -36 0
168 84 0 37 -37 0
168 84 0 38 -38 0
168 84 0 39 -39 0
168 84 -84 40 -40 -80
168 84 0 40 -40 0
168 84 0 41 -41 0
168 84 0 42 -42 0
168 84 0 43 -43 0
168 84 -84 44 -44 -88
168 84 0 44 -44 0
168 84 0 45 -45 0
168 84 0 46 -46 0
168 84 0 47 -47 0
168 84 -84 48 -48 -96
168 84 0 48 -48 0
168 84 0 49 -49 0
168 84 0 50 -50 0
168 84 0 51 -51 0
168 84 -84 52 -52 -104
168 84 0 52 -52 0
168 84 0 53 -53 0
168 84 0 54 -54 0
168 84 0 55 -55 0
168 84 -84 56 -56 -112
168 84 0 56 -56 0
168 84 0 57 -57 0
168 84 0 58 -58 0
168 84 0 59 -59 0
168 84 -84 60 -60 -120
168 84 0 60 -60 0
168 84 0 61 -61 0
168 84 0 62 -62 0
168 84 0 63 -63 0
168 84 -84 64 -64 -128
168 84 0 64 -64 0
168 84 0 65 -65 0
168 84 0 66 -66 0
168 84 0 67 -67 0
168 84 -84 68 -68 -136
168 84 0 68 -68 0
168 84 0 69 -69 0
168 84 0 70 -70 0
168 84 0 71 -71 0
168 84 -84 72 -72 -144
168 84 0 72 -72 0
168 84 0 73 -73 0
168 84 0 74 -74 0
168 84 0 75 -75 0
168 84 -84 76 -76 -152
168 84 0 76 -76 0
168 84 0 77 -77 0
168 84 0 78 -78 0
168 84 0 79 -79 0
168 84 -84 80 -80 -160
168 84 0 80 -80 0
168 84 0 81 -81 0
168 84 0 82 -82 0
168 84 0 83 -83 0
168 84 -84 84 -84 -168
168 84 0 84 -84 0
168 84 0 85 -85 0
168 84 0 86 -86 0
168 84 0 87 -87 0
168 84 -84 88 -88 -176
168 84 0 88 -88 0
168 84 0 89 -89 0
168 84 0 90 -90 0
168 84 0 91 -91 0
168 84 -84 92 -92 -184
168 84 0 92 -92 0
168 84 0 93 -93 0
168 84 0 94 -94 0
168 84 0 95 -95 0
168 84 -84 96 -96 -192
168 84 0 96 -96 0
168 84 0 97 -97 0
168 84 0 98 -98 0
168 84 0 99 -99 0
168 84 -84 100 -100 -200
168 84 0 100 -100 0
168 84 0 101 -101 0
168 84 0 102 -102 0
168 84 0 103 -103 0
168 84 -84 104 -104 -208
168 84 0 104 -104 0
168 84 0 105 -105 0
168 84 0 106 -106 0
168 84 0 107 -107 0
168 84 -84 108 -108 -216
168 84 0 108 -108 0
168 84 0 109 -109 0
168 84 0 110 -110 0
168 84 0 111 -111 0
168 84 -84 112 -112 -224
168 84 0 112 -112 0
168 84 0 113 -113 0
168 84 0 114 -114 0
168 84 0 115 -115 0
168 84 -84 116 -116 -232
168 84 0 116 -116 0
168 84 0 117 -117 0
168 84 0 118 -118 0
168 84 0 119 -119 0
168 84 -84 120 -120 -240
168 84 0 120 -120 0
168 84 0 121 -121 0
168 84 0 122 -122 0
168 84 0 123 -123 0
168 84 -84 124 -124 -248
168 84 0 124 -124 0
168 84 0 125 -125 0
168 84 0 126 -126 0
168 84 0 127 -127 0
168 84 -84 128 -128 -256
168 84 0 128 -128 0
168 84 0 129 -129 0
168 84 0 130 -130 0
168 84 0 131 -131 0
168 84 -84 132 -132 -264
168 84 0 132 -132 0
168 84 0 133 -133 0
168 84 0 134 -134 0
168 84 0 135 -135 0
168 84 -84 136 -136 -272
168 84 0 136 -136 0
168 84 0 137 -137 0
168 84 0 138 -138 0
168 84 0 139 -139 0
168 84 -84 140 -140 -280
168 84 0 140 -140 0
168 84 0 141 -141 0
168 84 0 142 -142 0
168 84 0 143 -143 0
168 84 -84 144 -144 -288
168 84 0 144 -144 0
168 84 0 145 -145 0
168 84 0 146 -146 0
168 84 0 147 -147 0
168 84 -84 148 -148 -296
168 84 0 148 -148 0
168 84 0 149 -149 0
168 84 0 150 -150 0
170 85 0 -150 150 0
170 85 0 -149 149 0
170 85 0 -148 148 0
170 85 -85 -147 147 294
170 85 0 -147 147 0
170 85 0 -146 146 0
170 85 0 -145 145 0
170 85 0 -144 144 0
170 85 -85 -143 143 286
170 85 0 -143 143 0
170 85 0 -142 142 0
170 85 0 -141 141 0
170 85 0 -140 140 0
170 85 -85 -139 139 278
170 85 0 -139 139 0
170 85 0 -138 138 0
170 85 0 -137 137 0
170 85 0 -136 136 0
170 85 -85 -135 135 270
170 85 0 -135 135 0
170 85 0 -134 134 0
170 85 0 -133 133 0
170 85 0 -132 132 0
170 85 -85 -131 131 262
170 85 0 -131 131 0
170 85 0 -130 130 0
170 85 0 -129 129 0
170 85 0 -128 128 0
170 85 1 -128 128 256
170 85 -85 -127 127 254
170 85 0 -127 127 0
170 85 0 -126 126 0
170 85 0 -125 125 0
170 85 0 -124 124 0
170 85 -85 -123 123 246
170 85 0 -123 123 0
170 85 0 -122 122 0
170 85 0 -121 121 0
170 85 0 -120 120 0
170 85 -85 -119 119 238
170 85 0 -119 119 0
170 85 0 -118 118 0
170 85 0 -117 117 0
170 85 0 -116 116 0
170 85 -85 -115 115 230
170 85 0 -115 115 0
170 85 0 -114 114 0
170 85 0 -113 113 0
170 85 0 -112 112 0
170 85 -85 -111 111 222
170 85 0 -111 111 0
170 85 0 -110 110 0
170 85 0 -109 109 0
170 85 0 -108 108 0
170 85 -85 -107 107 214
170 85 0 -107 107 0
170 85 0 -106 106 0
170 85 0 -105 105 0
170 85 0 -104 104 0
170 85 -85 -103 103 206
170 85 0 -103 103 0
170 85 0 -102 102 0
170 85 0 -101 101 0
170 85 0 -100 100 0
170 85 -85 -99 99 198
170 85 0 -99 99 0
170 85 0 -98 98 0
170 85 0 -97 97 0
170 85 0 -96 96 0
170 85 -85 -95 95 190
170 85 0 -95 95 0
170 85 0 -94 94 0
170 85 0 -93 93 0
170 85 0 -92 92 0
170 85 -85 -91 91 182
170 85 0 -91 91 0
170 85 0 -90 90 0
170 85 0 -89 89 0
170 85 0 -88 88 0
170 85 -85 -87 87 174
170 85 0 -87 87 0
170 85 0 -86 86 0
170 85 0 -85 85 0
170 85 0 -84 84 0
170 85 -85 -83 83 166
170 85 0 -83 83 0
170 85 0 -82 82 0
170 85 0 -81 81 0
170 85 0 -80 80 0
170 85 -85 -79 79 158
170 85 0 -79 79 0
170 85 0 -78 78 0
170 85 0 -77 77 0
170 85 0 -76 76 0
170 85 -85 -75 75 150
170 85 0 -75 75 0
170 85 0 -74 74 0
170 85 0 -73 73 0
170 85 0 -72 72 0
170 85 -85 -71 71 142
170 85 0 -71 71 0
170 85 0 -70 70 0
170 85 0 -69 69 0
170 85 0 -68 68 0
170 85 -85 -67 67 134
170 85 0 -67 67 0
170 85 0 -66 66 0
170 85 0 -65 65 0
170 85 0 -64 64 0
170 85 -85 -63 63 126
170 85 0 -63 63 0
170 85 0 -62 62 0
170 85 0 -61 61 0
170 85 0 -60 60 0
170 85 -85 -59 59 118
170 85 0 -59 59 0
170 85 0 -58 58 0
170 85 0 -57 57 0
170 85 0 -56 56 0
170 85 -85 -55 55 110
170 85 0 -55 55 0
170 85 0 -54 54 0
170 85 0 -53 53 0
170 85 0 -52 52 0
170 85 -85 -51 51 102
170 85 0 -51 51 0
170 85 0 -50 50 0
170 85 0 -49 49 0
170 85 0 -48 48 0
170 85 -85 -47 47 94
170 85 0 -47 47 0
170 85 0 -46 46 0
170 85 0 -45 45 0
170 85 0 -44 44 0
170 85 -85 -43 43 86
170 85 0 -43 43 0
170 85 0 -42 42 0
170 85 0 -41 41 0
170 85 0 -40 40 0
170 85 -85 -39 39 78
170 85 0 -39 39 0
170 85 0 -38 38 0
170 85 0 -37 37 0
170 85 0 -36 36 0
170 85 -85 -35 35 70
170 85 0 -35 35 0
170 85 0 -34 34 0
170 85 0 -33 33 0
170 85 0 -32 32 0
170 85 -85 -31 31 62
170 85 0 -31 31 0
170 85 0 -30 30 0
170 85 0 -29 29 0
170 85 0 -28 28 0
170 85 -85 -27 27 54
170 85 0 -27 27 0
170 85 0 -26 26 0
170 85 0 -25 25 0
170 85 0 -24 24 0
170 85 -85 -23 23 46
170 85 0 -23 23 0
170 85 0 -22 22 0
170 85 0 -21 21 0
170 85 0 -20 20 0
170 85 -85 -19 19 38
170 85 0 -19 19 0
170 85 0 -18 18 0
170 85 0 -17 17 0
170 85 0 -16 16 0
170 85 -85 -15 15 30
170 85 0 -15 15 0
170 85 0 -14 14 0
170 85 0 -13 13 0
170 85 0 -12 12 0
170 85 -85 -11 11 22
170 85 0 -11 11 0
170 85 0 -10 10 0
170 85 0 -9 9 0
170 85 0 -8 8 0
170 85 -85 -7 7 14
170 85 0 -7 7 0
170 85 0 -6 6 0
170 85 0 -5 5 0
170 85 0 -4 4 0
170 85 -85 -3 3 6
170 85 0 -3 3 0
170 85 0 -2 2 0
170 85 0 -1 1 0
170 85 -85 1 -1 -2
170 85 0 1 -1 0
170 85 0 2 -2 0
170 85 0 3 -3 0
170 85 0 4 -4 0
170 85 -85 5 -5 -10
170 85 0 5 -5 0
170 85 0 6 -6 0
170 85 0 7 -7 0
170 85 0 8 -8 0
170 85 -85 9 -9 -18
170 85 0 9 -9 0
170 85 0 10 -10 0
170 85 0 11 -11 0
170 85 0 12 -12 0
170 85 -85 13 -13 -26
170 85 0 13 -13 0
170 85 0 14 -14 0
170 85 0 15 -15 0
170 85 0 16 -16 0
170 85 -85 17 -17 -34
170 85 0 17 -17 0
170 85 0 18 -18 0
170 85 0 19 -19 0
170 85 0 20 -20 0
170 85 -85 21 -21 -42
170 85 0 21 -21 0
170 85 0 22 -22 0
170 85 0 23 -23 0
170 85 0 24 -24 0
170 85 -85 25 -25 -50
170 85 0 25 -25 0
170 85 0 26 -26 0
170 85 0 27 -27 0
170 85 0 28 -28 0
170 85 -85 29 -29 -58
170 85 0 29 -29 0
170 85 0 30 -30 0
170 85 0 31 -31 0
170 85 0 32 -32 0
170 85 -85 33 -33 -66
170 85 0 33 -33 0
170 85 0 34 -34 0
170 85 0 35 -35 0
170 85 0 36 -36 0
170 85 -85 37 -37 -74
170 85 0 37 -37 0
170 85 0 38 -38 0
170 85 0 39 -39 0
170 85 0 40 -40 0
170 85 -85 41 -41 -82
170 85 0 41 -41 0
170 85 0 42 -42 0
170 85 0 43 -43 0
170 85 0 44 -44 0
170 85 -85 45 -45 -90
170 85 0 45 -45 0
170 85 0 46 -46 0
170 85 0 47 -47 0
170 85 0 48 -48 0
170 85 -85 49 -49 -98
170 85 0 49 -49 0
170 85 0 50 -50 0
170 85 0 51 -51 0
170 85 0 52 -52 0
170 85 -85 53 -53 -106
170 85 0 53 -53 0
170 85 0 54 -54 0
170 85 0 55 -55 0
170 85 0 56 -56 0
170 85 -85 57 -57 -114
170 85 0 57 -57 0
170 85 0 58 -58 0
170 85 0 59 -59 0
170 85 0 60 -60 0
170 85 -85 61 -61 -122
170 85 0 61 -61 0
170 85 0 62 -62 0
170 85 0 63 -63 0
170 85 0 64 -64 0
170 85 -85 65 -65 -130
170 85 0 65 -65 0
170 85 0 66 -66 0
170 85 0 67 -67 0
170 85 0 68 -68 0
170 85 -85 69 -69 -138
170 85 0 69 -69 0
170 85 0 70 -70 0
170 85 0 71 -71 0
170 85 0 72 -72 0
170 85 -85 73 -73 -146
170 85 0 73 -73 0
170 85 0 74 -74 0
170 85 0 75 -75 0
170 85 0 76 -76 0
170 85 -85 77 -77 -154
170 85 0 77 -77 0
170 85 0 78 -78 0
170 85 0 79 -79 0
170 85 0 80 -80 0
170 85 -85 81 -81 -162
170 85 0 81 -81 0
170 85 0 82 -82 0
170 85 0 83 -83 0
170 85 0 84 -84 0
170 85 -85 85 -85 -170
170 85 0 85 -85 0
170 85 0 86 -86 0
170 85 0 87 -87 0
170 85 0 88 -88 0
170 85 -85 89 -89 -178
170 85 0 89 -89 0
170 85 0 90 -90 0
170 85 0 91 -91 0
170 85 0 92 -92 0
170 85 -85 93 -93 -186
170 85 0 93 -93 0
170 85 0 94 -94 0
170 85 0 95 -95 0
170 85 0 96 -96 0
170 85 -85 97 -97 -194
170 85 0 97 -97 0
170 85 0 98 -98 0
170 85 0 99 -99 0
170 85 0 100 -100 0
170 85 -85 101 -101 -202
170 85 0 101 -101 0
170 85 0 102 -102 0
170 85 0 103 -103 0
170 85 0 104 -104 0
170 85 -85 105 -105 -210
170 85 0 105 -105 0
170 85 0 106 -106 0
170 85 0 107 -107 0
170 85 0 108 -108 0
170 85 -85 109 -109 -218
170 85 0 109 -109 0
170 85 0 110 -110 0
170 85 0 111 -111 0
170 85 0 112 -112 0
170 85 -85 113 -113 -226
170 85 0 113 -113 0
170 85 0 114 -114 0
170 85 0 115 -115 0
170 85 0 116 -116 0
170 85 -85 117 -117 -234
170 85 0 117 -117 0
170 85 0 118 -118 0
170 85 0 119 -119 0
170 85 0 120 -120 0
170 85 -85 121 -121 -242
170 85 0 121 -121 0
170 85 0 122 -122 0
170 85 0 123 -123 0
170 85 0 124 -124 0
170 85 -85 125 -125 -250
170 85 0 125 -125 0
170 85 0 126 -126 0
170 85 -1 127 -127 -254
170 85 0 127 -127 0
170 85 0 128 -128 0
170 85 -85 129 -129 -258
170 85 0 129 -129 0
170 85 0 130 -130 0
170 85 0 131 -131 0
170 85 0 132 -132 0
170 85 -85 133 -133 -266
170 85 0 133 -133 0
170 85 0 134 -134 0
170 85 0 135 -135 0
170 85 0 136 -136 0
170 85 -85 137 -137 -274
170 85 0 137 -137 0
170 85 0 138 -138 0
170 85 0 139 -139 0
170 85 0 140 -140 0
170 85 -85 141 -141 -282
170 85 0 141 -141 0
170 85 0 142 -142 0
170 85 0 143 -143 0
170 85 0 144 -144 0
170 85 -85 145 -145 -290
170 85 0 145 -145 0
170 85 0 146 -146 0
170 85 0 147 -147 0
170 85 0 148 -148 0
170 85 -85 149 -149 -298
170 85 0 149 -149 0
170 85 0 150 -150 0
172 86 0 -150 150 0
172 86 0 -149 149 0
172 86 -86 -148 148 296
172 86 0 -148 148 0
172 86 0 -147 147 0
172 86 0 -146 146 0
172 86 0 -145 145 0
172 86 -86 -144 144 288
172 86 0 -144 144 0
172 86 0 -143 143 0
172 86 0 -142 142 0
172 86 0 -141 141 0
172 86 -86 -140 140 280
172 86 0 -140 140 0
172 86 0 -139 139 0
172 86 0 -138 138 0
172 86 0 -137 137 0
172 86 -86 -136 136 272
172 86 0 -136 136 0
172 86 0 -135 135 0
172 86 0 -134 134 0
172 86 0 -133 133 0
172 86 -86 -132 132 264
172 86 0 -132 132 0
172 86 0 -131 131 0
172 86 0 -130 130 0
172 86 0 -129 129 0
172 86 -86 -128 128 256
172 86 0 -128 128 0
172 86 0 -127 127 0
172 86 0 -126 126 0
172 86 0 -125 125 0
172 86 -86 -124 124 248
172 86 0 -124 124 0
172 86 0 -123 123 0
172 86 0 -122 122 0
172 86 0 -121 121 0
172 86 -86 -120 120 240
172 86 0 -120 120 0
172 86 0 -119 119 0
172 86 0 -118 118 0
172 86 0 -117 117 0
172 86 -86 -116 116 232
172 86 0 -116 116 0
172 86 0 -115 115 0
172 86 0 -114 114 0
172 86 0 -113 113 0
172 86 -86 -112 112 224
172 86 0 -112 112 0
172 86 0 -111 111 0
172 86 0 -110 110 0
172 86 0 -109 109 0
172 86 -86 -108 108 216
172 86 0 -108 108 0
172 86 0 -107 107 0
172 86 0 -106 106 0
172 86 0 -105 105 0
172 86 -86 -104 104 208
172 86 0 -104 104 0
172 86 0 -103 103 0
172 86 0 -102 102 0
172 86 0 -101 101 0
172 86 -86 -100 100 200
172 86 0 -100 100 0
172 86 0 -99 99 0
172 86 0 -98 98 0
172 86 0 -97 97 0
172 86 -86 -96 96 192
172 86 0 -96 96 0
172 86 0 -95 95 0
172 86 0 -94 94 0
172 86 0 -93 93 0
172 86 -86 -92 92 184
172 86 0 -92 92 0
172 86 0 -91 91 0
172 86 0 -90 90 0
172 86 0 -89 89 0
172 86 -86 -88 88 176
172 86 0 -88 88 0
172 86 0 -87 87 0
172 86 0 -86 86 0
172 86 0 -85 85 0
172 86 -86 -84 84 168
172 86 0 -84 84 0
172 86 0 -83 83 0
172 86 0 -82 82 0
172 86 0 -81 81 0
172 86 -86 -80 80 160
172 86 0 -80 80 0
172 86 0 -79 79 0
172 86 0 -78 78 0
172 86 0 -77 77 0
172 86 -86 -76 76 152
172 86 0 -76 76 0
172 86 0 -75 75 0
172 86 0 -74 74 0
172 86 0 -73 73 0
172 86 -86 -72 72 144
172 86 0 -72 72 0
172 86 0 -71 71 0
172 86 0 -70 70 0
172 86 0 -69 69 0
172 86 -86 -68 68 136
172 86 0 -68 68 0
172 86 0 -67 67 0
172 86 0 -66 66 0
172 86 0 -65 65 0
172 86 -86 -64 64 128
172 86 0 -64 64 0
172 86 0 -63 63 0
172 86 0 -62 62 0
172 86 0 -61 61 0
172 86 -86 -60 60 120
172 86 0 -60 60 0
172 86 0 -59 59 0
172 86 0 -58 58 0
172 86 0 -57 57 0
172 86 -86 -56 56 112
172 86 0 -56 56 0
172 86 0 -55 55 0
172 86 0 -54 54 0
172 86 0 -53 53 0
172 86 -86 -52 52 104
172 86 0 -52 52 0
172 86 0 -51 51 0
172 86 0 -50 50 0
172 86 0 -49 49 0
172 86 -86 -48 48 96
172 86 0 -48 48 0
172 86 0 -47 47 0
172 86 0 -46 46 0
172 86 0 -45 45 0
172 86 -86 -44 44 88
172 86 0 -44 44 0
172 86 0 -43 43 0
172 86 0 -42 42 0
172 86 0 -41 41 0
172 86 -86 -40 40 80
172 86 0 -40 40 0
172 86 0 -39 39 0
172 86 0 -38 38 0
172 86 0 -37 37 0
172 86 -86 -36 36 72
172 86 0 -36 36 0
172 86 0 -35 35 0
172 86 0 -34 34 0
172 86 0 -33 33 0
172 86 -86 -32 32 64
172 86 0 -32 32 0
172 86 0 -31 31 0
172 86 0 -30 30 0
172 86 0 -29 29 0
172 86 -86 -28 28 56
172 86 0 -28 28 0
172 86 0 -27 27 0
172 86 0 -26 26 0
172 86 0 -25 25 0
172 86 -86 -24 24 48
172 86 0 -24 24 0
172 86 0 -23 23 0
172 86 0 -22 22 0
172 86 0 -21 21 0
172 86 -86 -20 20 40
172 86 0 -20 20 0
172 86 0 -19 19 0
172 86 0 -18 18 0
172 86 0 -17 17 0
172 86 -86 -16 16 32
172 86 0 -16 16 0
172 86 0 -15 15 0
172 86 0 -14 14 0
172 86 0 -13 13 0
172 86 -86 -12 12 24
172 86 0 -12 12 0
172 86 0 -11 11 0
172 86 0 -10 10 0
172 86 0 -9 9 0
172 86 -86 -8 8 16
172 86 0 -8 8 0
172 86 0 -7 7 0
172 86 0 -6 6 0
172 86 0 -5 5 0
172 86 -86 -4 4 8
172 86 0 -4 4 0
172 86 0 -3 3 0
172 86 0 -2 2 0
172 86 0 -1 1 0
172 86 0 1 -1 0
172 86 0 2 -2 0
172 86 0 3 -3 0
172 86 -86 4 -4 -8
172 86 0 4 -4 0
172 86 0 5 -5 0
172 86 0 6 -6 0
172 86 0 7 -7 0
172 86 -86 8 -8 -16
172 86 0 8 -8 0
172 86 0 9 -9 0
172 86 0 10 -10 0
172 86 0 11 -11 0
172 86 -86 12 -12 -24
172 86 0 12 -12 0
172 86 0 13 -13 0
172 86 0 14 -14 0
172 86 0 15 -15 0
172 86 -86 16 -16 -32
172 86 0 16 -16 0
172 86 0 17 -17 0
172 86 0 18 -18 0
172 86 0 19 -19 0
172 86 -86 20 -20 -40
172 86 0 20 -20 0
172 86 0 21 -21 0
172 86 0 22 -22 0
172 86 0 23 -23 0
172 86 -86 24 -24 -48
172 86 0 24 -24 0
172 86 0 25 -25 0
172 86 0 26 -26 0
172 86 0 27 -27 0
172 86 -86 28 -28 -56
172 86 0 28 -28 0
172 86 0 29 -29 0
172 86 0 30 -30 0
172 86 0 31 -31 0
172 86 -86 32 -32 -64
172 86 0 32 -32 0
172 86 0 33 -33 0
172 86 0 34 -34 0
172 86 0 35 -35 0
172 86 -86 36 -36 -72
172 86 0 36 -36 0
172 86 0 37 -37 0
172 86 0 38 -38 0
172 86 0 39 -39 0
172 86 -86 40 -40 -80
172 86 0 40 -40 0
172 86 0 41 -41 0
172 86 0 42 -42 0
172 86 0 43 -43 0
172 86 -86 44 -44 -88
172 86 0 44 -44 0
172 86 0 45 -45 0
172 86 0 46 -46 0
172 86 0 47 -47 0
172 86 -86 48 -48 -96
172 86 0 48 -48 0
172 86 0 49 -49 0
172 86 0 50 -50 0
172 86 0 51 -51 0
172 86 -86 52 -52 -104
172 86 0 52 -52 0
172 86 0 53 -53 0
172 86 0 54 -54 0
172 86 0 55 -55 0
172 86 -86 56 -56 -112
172 86 0 56 -56 0
172 86 0 57 -57 0
172 86 0 58 -58 0
172 86 0 59 -59 0
172 86 -86 60 -60 -120
172 86 0 60 -60 0
172 86 0 61 -61 0
172 86 0 62 -62 0
172 86 0 63 -63 0
172 86 -86 64 -64 -128
172 86 0 64 -64 0
172 86 0 65 -65 0
172 86 0 66 -66 0
172 86 0 67 -67 0
172 86 -86 68 -68 -136
172 86 0 68 -68 0
172 86 0 69 -69 0
172 86 0 70 -70 0
172 86 0 71 -71 0
172 86 -86 72 -72 -144
172 86 0 72 -72 0
172 86 0 73 -73 0
172 86 0 74 -74 0
172 86 0 75 -75 0
172 86 -86 76 -76 -152
172 86 0 76 -76 0
172 86 0 77 -77 0
172 86 0 78 -78 0
172 86 0 79 -79 0
172 86 -86 80 -80 -160
172 86 0 80 -80 0
172 86 0 81 -81 0
172 86 0 82 -82 0
172 86 0 83 -83 0
172 86 -86 84 -84 -168
172 86 0 84 -84 0
172 86 0 85 -85 0
172 86 0 86 -86 0
172 86 0 87 -87 0
172 86 -86 88 -88 -176
172 86 0 88 -88 0
172 86 0 89 -89 0
172 86 0 90 -90 0
172 86 0 91 -91 0
172 86 -86 92 -92 -184
172 86 0 92 -92 0
172 86 0 93 -93 0
172 86 0 94 -94 0
172 86 0 95 -95 0
172 86 -86 96 -96 -192
172 86 0 96 -96 0
172 86 0 97 -97 0
172 86 0 98 -98 0
172 86 0 99 -99 0
172 86 -86 100 -100 -200
172 86 0 100 -100 0
172 86 0 101 -101 0
172 86 0 102 -102 0
172 86 0 103 -103 0
172 86 -86 104 -104 -208
172 86 0 104 -104 0
172 86 0 105 -105 0
172 86 0 106 -106 0
172 86 0 107 -107 0
172 86 -86 108 -108 -216
172 86 0 108 -108 0
172 86 0 109 -109 0
172 86 0 110 -110 0
172 86 0 111 -111 0
172 86 -86 112 -112 -224
172 86 0 112 -112 0
172 86 0 113 -113 0
172 86 0 114 -114 0
172 86 0 115 -115 0
172 86 -86 116 -116 -232
172 86 0 116 -116 0
172 86 0 117 -117 0
172 86 0 118 -118 0
172 86 0 119 -119 0
172 86 -86 120 -120 -240
172 86 0 120 -120 0
172 86 0 121 -121 0
172 86 0 122 -122 0
172 86 0 123 -123 0
172 86 -86 124 -124 -248
172 86 0 124 -124 0
172 86 0 125 -125 0
172 86 0 126 -126 0
172 86 0 127 -127 0
172 86 -86 128 -128 -256
172 86 0 128 -128 0
172 86 0 129 -129 0
172 86 0 130 -130 0
172 86 0 131 -131 0
172 86 -86 132 -132 -264
172 86 0 132 -132 0
172 86 0 133 -133 0
172 86 0 134 -134 0
172 86 0 135 -135 0
172 86 -86 136 -136 -272
172 86 0 136 -136 0
172 86 0 137 -137 0
172 86 0 138 -138 0
172 86 0 139 -139 0
172 86 -86 140 -140 -280
172 86 0 140 -140 0
172 86 0 141 -141 0
172 86 0 142 -142 0
172 86 0 143 -143 0
172 86 -86 144 -144 -288
172 86 0 144 -144 0
172 86 0 145 -145 0
172 86 0 146 -146 0
172 86 0 147 -147 0
172 86 -86 148 -148 -296
172 86 0 148 -148 0
172 86 0 149 -149 0
172 86 0 150 -150 0
174 87 0 -150 150 0
174 87 0 -149 149 0
174 87 0 -148 148 0
174 87 -87 -147 147 294
174 87 0 -147 147 0
174 87 0 -146 146 0
174 87 0 -145 145 0
174 87 0 -144 144 0
174 87 -87 -143 143 286
174 87 0 -143 143 0
174 87 0 -142 142 0
174 87 0 -141 141 0
174 87 0 -140 140 0
174 87 -87 -139 139 278
174 87 0 -139 139 0
174 87 0 -138 138 0
174 87 0 -137 137 0
174 87 0 -136 136 0
174 87 -87 -135 135 270
174 87 0 -135 135 0
174 87 0 -134 134 0
174 87 0 -133 133 0
174 87 0 -132 132 0
174 87 -87 -131 131 262
174 87 0 -131 131 0
174 87 1 -131 131 262
174 87 0 -130 130 0
174 87 0 -129 129 0
174 87 0 -128 128 0
174 87 -87 -127 127 254
174 87 0 -127 127 0
174 87 0 -126 126 0
174 87 0 -125 125 0
174 87 0 -124 124 0
174 87 -87 -123 123 246
174 87 0 -123 123 0
174 87 0 -122 122 0
174 87 0 -121 121 0
174 87 0 -120 120 0
174 87 -87 -119 119 238
174 87 0 -119 119 0
174 87 0 -118 118 0
174 87 0 -117 117 0
174 87 0 -116 116 0
174 87 -87 -115 115 230
174 87 0 -115 115 0
174 87 0 -114 114 0
174 87 0 -113 113 0
174 87 0 -112 112 0
174 87 -87 -111 111 222
174 87 0 -111 111 0
174 87 0 -110 110 0
174 87 0 -109 109 0
174 87 0 -108 108 0
174 87 -87 -107 107 214
174 87 0 -107 107 0
174 87 0 -106 106 0
174 87 0 -105 105 0
174 87 0 -104 104 0
174 87 -87 -103 103 206
174 87 0 -103 103 0
174 87 0 -102 102 0
174 87 0 -101 101 0
174 87 0 -100 100 0
174 87 -87 -99 99 198
174 87 0 -99 99 0
174 87 0 -98 98 0
174 87 0 -97 97 0
174 87 0 -96 96 0
174 87 -87 -95 95 190
174 87 0 -95 95 0
174 87 0 -94 94 0
174 87 0 -93 93 0
174 87 0 -92 92 0
174 87 -87 -91 91 182
174 87 0 -91 91 0
174 87 0 -90 90 0
174 87 0 -89 89 0
174 87 0 -88 88 0
174 87 -87 -87 87 174
174 87 0 -87 87 0
174 87 0 -86 86 0
174 87 0 -85 85 0
174 87 0 -84 84 0
174 87 -87 -83 83 166
174 87 0 -83 83 0
174 87 0 -82 82 0
174 87 0 -81 81 0
174 87 0 -80 80 0
174 87 -87 -79 79 158
174 87 0 -79 79 0
174 87 0 -78 78 0
174 87 0 -77 77 0
174 87 0 -76 76 0
174 87 -87 -75 75 150
174 87 0 -75 75 0
174 87 0 -74 74 0
174 87 0 -73 73 0
174 87 0 -72 72 0
174 87 -87 -71 71 142
174 87 0 -71 71 0
174 87 0 -70 70 0
174 87 0 -69 69 0
174 87 0 -68 68 0
174 87 -87 -67 67 134
174 87 0 -67 67 0
174 87 0 -66 66 0
174 87 0 -65 65 0
174 87 0 -64 64 0
174 87 -87 -63 63 126
174 87 0 -63 63 0
174 87 0 -62 62 0
174 87 0 -61 61 0
174 87 0 -60 60 0
174 87 -87 -59 59 118
174 87 0 -59 59 0
174 87 0 -58 58 0
174 87 0 -57 57 0
174 87 0 -56 56 0
174 87 -87 -55 55 110
174 87 0 -55 55 0
174 87 0 -54 54 0
174 87 0 -53 53 0
174 87 0 -52 52 0
174 87 -87 -51 51 102
174 87 0 -51 51 0
174 87 0 -50 50 0
174 87 0 -49 49 0
174 87 0 -48 48 0
174 87 -87 -47 47 94
174 87 0 -47 47 0
174 87 0 -46 46 0
174 87 0 -45 45 0
174 87 0 -44 44 0
174 87 -87 -43 43 86
174 87 0 -43 43 0
174 87 0 -42 42 0
174 87 0 -41 41 0
174 87 0 -40 40 0
174 87 -87 -39 39 78
174 87 0 -39 39 0
174 87 0 -38 38 0
174 87 0 -37 37 0
174 87 0 -36 36 0
174 87 -87 -35 35 70
174 87 0 -35 35 0
174 87 0 -34 34 0
174 87 0 -33 33 0
174 87 0 -32 32 0
174 87 -87 -31 31 62
174 87 0 -31 31 0
174 87 0 -30 30 0
174 87 0 -29 29 0
174 87 0 -28 28 0
174 87 -87 -27 27 54
174 87 0 -27 27 0
174 87 0 -26 26 0
174 87 0 -25 25 0
174 87 0 -24 24 0
174 87 -87 -23 23 46
174 87 0 -23 23 0
174 87 0 -22 22 0
174 87 0 -21 21 0
174 87 0 -20 20 0
174 87 -87 -19 19 38
174 87 0 -19 19 0
174 87 0 -18 18 0
174 87 0 -17 17 0
174 87 0 -16 16 0
174 87 -87 -15 15 30
174 87 0 -15 15 0
174 87 0 -14 14 0
174 87 0 -13 13 0
174 87 0 -12 12 0
174 87 -87 -11 11 22
174 87 0 -11 11 0
174 87 0 -10 10 0
174 87 0 -9 9 0
174 87 0 -8 8 0
174 87 -87 -7 7 14
174 87 0 -7 7 0
174 87 0 -6 6 0
174 87 0 -5 5 0
174 87 0 -4 4 0
174 87 -87 -3 3 6
174 87 0 -3 3 0
174 87 0 -2 2 0
174 87 0 -1 1 0
174 87 -87 1 -1 -2
174 87 0 1 -1 0
174 87 0 2 -2 0
174 87 0 3 -3 0
174 87 0 4 -4 0
174 87 -87 5 -5 -10
174 87 0 5 -5 0
174 87 0 6 -6 0
174 87 0 7 -7 0
174 87 0 8 -8 0
174 87 -87 9 -9 -18
174 87 0 9 -9 0
174 87 0 10 -10 0
174 87 0 11 -11 0
174 87 0 12 -12 0
174 87 -87 13 -13 -26
174 87 0 13 -13 0
174 87 0 14 -14 0
174 87 0 15 -15 0
174 87 0 16 -16 0
174 87 -87 17 -17 -34
174 87 0 17 -17 0
174 87 0 18 -18 0
174 87 0 19 -19 0
174 87 0 20 -20 0
174 87 -87 21 -21 -42
174 87 0 21 -21 0
174 87 0 22 -22 0
174 87 0 23 -23 0
174 87 0 24 -24 0
174 87 -87 25 -25 -50
174 87 0 25 -25 0
174 87 0 26 -26 0
174 87 0 27 -27 0
174 87 0 28 -28 0
174 87 -87 29 -29 -58
174 87 0 29 -29 0
174 87 0 30 -30 0
174 87 0 31 -31 0
174 87 0 32 -32 0
174 87 -87 33 -33 -66
174 87 0 33 -33 0
174 87 0 34 -34 0
174 87 0 35 -35 0
174 87 0 36 -36 0
174 87 -87 37 -37 -74
174 87 0 37 -37 0
174 87 0 38 -38 0
174 87 0 39 -39 0
174 87 0 40 -40 0
174 87 -87 41 -41 -82
174 87 0 41 -41 0
174 87 0 42 -42 0
174 87 0 43 -43 0
174 87 0 44 -44 0
174 87 -87 45 -45 -90
174 87 0 45 -45 0
174 87 0 46 -46 0
174 87 0 47 -47 0
174 87 0 48 -48 0
174 87 -87 49 -49 -98
174 87 0 49 -49 0
174 87 0 50 -50 0
174 87 0 51 -51 0
174 87 0 52 -52 0
174 87 -87 53 -53 -106
174 87 0 53 -53 0
174 87 0 54 -54 0
174 87 0 55 -55 0
174 87 0 56 -56 0
174 87 -87 57 -57 -114
174 87 0 57 -57 0
174 87 0 58 -58 0
174 87 0 59 -59 0
174 87 0 60 -60 0
174 87 -87 61 -61 -122
174 87 0 61 -61 0
174 87 0 62 -62 0
174 87 0 63 -63 0
174 87 0 64 -64 0
174 87 -87 65 -65 -130
174 87 0 65 -65 0
174 87 0 66 -66 0
174 87 0 67 -67 0
174 87 0 68 -68 0
174 87 -87 69 -69 -138
174 87 0 69 -69 0
174 87 0 70 -70 0
174 87 0 71 -71 0
174 87 0 72 -72 0
174 87 -87 73 -73 -146
174 87 0 73 -73 0
174 87 0 74 -74 0
174 87 0 75 -75 0
174 87 0 76 -76 0
174 87 -87 77 -77 -154
174 87 0 77 -77 0
174 87 0 78 -78 0
174 87 0 79 -79 0
174 87 0 80 -80 0
174 87 -87 81 -81 -162
174 87 0 81 -81 0
174 87 0 82 -82 0
174 87 0 83 -83 0
174 87 0 84 -84 0
174 87 -87 85 -85 -170
174 87 0 85 -85 0
174 87 0 86 -86 0
174 87 0 87 -87 0
174 87 0 88 -88 0
174 87 -87 89 -89 -178
174 87 0 89 -89 0
174 87 0 90 -90 0
174 87 0 91 -91 0
174 87 0 92 -92 0
174 87 -87 93 -93 -186
174 87 0 93 -93 0
174 87 0 94 -94 0
174 87 0 95 -95 0
174 87 0 96 -96 0
174 87 -87 97 -97 -194
174 87 0 97 -97 0
174 87 0 98 -98 0
174 87 0 99 -99 0
174 87 0 100 -100 0
174 87 -87 101 -101 -202
174 87 0 101 -101 0
174 87 0 102 -102 0
174 87 0 103 -103 0
174 87 0 104 -104 0
174 87 -87 105 -105 -210
174 87 0 105 -105 0
174 87 0 106 -106 0
174 87 0 107 -107 0
174 87 0 108 -108 0
174 87 -87 109 -109 -218
174 87 0 109 -109 0
174 87 0 110 -110 0
174 87 0 111 -111 0
174 87 0 112 -112 0
174 87 -87 113 -113 -226
174 87 0 113 -113 0
174 87 0 114 -114 0
174 87 0 115 -115 0
174 87 0 116 -116 0
174 87 -87 117 -117 -234
174 87 0 117 -117 0
174 87 0 118 -118 0
174 87 0 119 -119 0
174 87 0 120 -120 0
174 87 -87 121 -121 -242
174 87 0 121 -121 0
174 87 0 122 -122 0
174 87 0 123 -123 0
174 87 0 124 -124 0
174 87 -87 125 -125 -250
174 87 0 125 -125 0
174 87 0 126 -126 0
174 87 0 127 -127 0
174 87 0 128 -128 0
174 87 -87 129 -129 -258
174 87 0 129 -129 0
174 87 -1 130 -130 -260
174 87 0 130 -130 0
174 87 0 131 -131 0
174 87 0 132 -132 0
174 87 -87 133 -133 -266
174 87 0 133 -133 0
174 87 0 134 -134 0
174 87 0 135 -135 0
174 87 0 136 -136 0
174 87 -87 137 -137 -274
174 87 0 137 -137 0
174 87 0 138 -138 0
174 87 0 139 -139 0
174 87 0 140 -140 0
174 87 -87 141 -141 -282
174 87 0 141 -141 0
174 87 0 142 -142 0
174 87 0 143 -143 0
174 87 0 144 -144 0
174 87 -87 145 -145 -290
174 87 0 145 -145 0
174 87 0 146 -146 0
174 87 0 147 -147 0
174 87 0 148 -148 0
174 87 -87 149 -149 -298
174 87 0 149 -149 0
174 87 0 150 -150 0
176 88 0 -150 150 0
176 88 0 -149 149 0
176 88 -88 -148 148 296
176 88 0 -148 148 0
176 88 0 -147 147 0
176 88 0 -146 146 0
176 88 0 -145 145 0
176 88 -88 -144 144 288
176 88 0 -144 144 0
176 88 0 -143 143 0
176 88 0 -142 142 0
176 88 0 -141 141 0
176 88 -88 -140 140 280
176 88 0 -140 140 0
176 88 0 -139 139 0
176 88 0 -138 138 0
176 88 0 -137 137 0
176 88 -88 -136 136 272
176 88 0 -136 136 0
176 88 0 -135 135 0
176 88 0 -134 134 0
176 88 0 -133 133 0
176 88 -88 -132 132 264
176 88 0 -132 132 0
176 88 0 -131 131 0
176 88 0 -130 130 0
176 88 0 -129 129 0
176 88 -88 -128 128 256
176 88 0 -128 128 0
176 88 0 -127 127 0
176 88 0 -126 126 0
176 88 0 -125 125 0
176 88 -88 -124 124 248
176 88 0 -124 124 0
176 88 0 -123 123 0
176 88 0 -122 122 0
176 88 0 -121 121 0
176 88 -88 -120 120 240
176 88 0 -120 120 0
176 88 0 -119 119 0
176 88 0 -118 118 0
176 88 0 -117 117 0
176 88 -88 -116 116 232
176 88 0 -116 116 0
176 88 0 -115 115 0
176 88 0 -114 114 0
176 88 0 -113 113 0
176 88 -88 -112 112 224
176 88 0 -112 112 0
176 88 0 -111 111 0
176 88 0 -110 110 0
176 88 0 -109 109 0
176 88 -88 -108 108 216
176 88 0 -108 108 0
176 88 0 -107 107 0
176 88 0 -106 106 0
176 88 0 -105 105 0
176 88 -88 -104 104 208
176 88 0 -104 104 0
176 88 0 -103 103 0
176 88 0 -102 102 0
176 88 0 -101 101 0
176 88 -88 -100 100 200
176 88 0 -100 100 0
176 88 0 -99 99 0
176 88 0 -98 98 0
176 88 0 -97 97 0
176 88 -88 -96 96 192
176 88 0 -96 96 0
176 88 0 -95 95 0
176 88 0 -94 94 0
176 88 0 -93 93 0
176 88 -88 -92 92 184
176 88 0 -92 92 0
176 88 0 -91 91 0
176 88 0 -90 90 0
176 88 0 -89 89 0
176 88 -88 -88 88 176
176 88 0 -88 88 0
176 88 0 -87 87 0
176 88 0 -86 86 0
176 88 0 -85 85 0
176 88 -88 -84 84 168
176 88 0 -84 84 0
176 88 0 -83 83 0
176 88 0 -82 82 0
176 88 0 -81 81 0
176 88 -88 -80 80 160
176 88 0 -80 80 0
176 88 0 -79 79 0
176 88 0 -78 78 0
176 88 0 -77 77 0
176 88 -88 -76 76 152
176 88 0 -76 76 0
176 88 0 -75 75 0
176 88 0 -74 74 0
176 88 0 -73 73 0
176 88 -88 -72 72 144
176 88 0 -72 72 0
176 88 0 -71 71 0
176 88 0 -70 70 0
176 88 0 -69 69 0
176 88 -88 -68 68 136
176 88 0 -68 68 0
176 88 0 -67 67 0
176 88 0 -66 66 0
176 88 0 -65 65 0
176 88 -88 -64 64 128
176 88 0 -64 64 0
176 88 0 -63 63 0
176 88 0 -62 62 0
176 88 0 -61 61 0
176 88 -88 -60 60 120
176 88 0 -60 60 0
176 88 0 -59 59 0
176 88 0 -58 58 0
176 88 0 -57 57 0
176 88 -88 -56 56 112
176 88 0 -56 56 0
176 88 0 -55 55 0
176 88 0 -54 54 0
176 88 0 -53 53 0
176 88 -88 -52 52 104
176 88 0 -52 52 0
176 88 0 -51 51 0
176 88 0 -50 50 0
176 88 0 -49 49 0
176 88 -88 -48 48 96
176 88 0 -48 48 0
176 88 0 -47 47 0
176 88 0 -46 46 0
176 88 0 -45 45 0
176 88 -88 -44 44 88
176 88 0 -44 44 0
176 88 0 -43 43 0
176 88 0 -42 42 0
176 88 0 -41 41 0
176 88 -88 -40 40 80
176 88 0 -40 40 0
176 88 0 -39 39 0
176 88 0 -38 38 0
176 88 0 -37 37 0
176 88 -88 -36 36 72
176 88 0 -36 36 0
176 88 0 -35 35 0
176 88 0 -34 34 0
176 88 0 -33 33 0
176 88 -88 -32 32 64
176 88 0 -32 32 0
176 88 0 -31 31 0
176 88 0 -30 30 0
176 88 0 -29 29 0
176 88 -88 -28 28 56
176 88 0 -28 28 0
176 88 0 -27 27 0
176 88 0 -26 26 0
176 88 0 -25 25 0
176 88 -88 -24 24 48
176 88 0 -24 24 0
176 88 0 -23 23 0
176 88 0 -22 22 0
176 88 0 -21 21 0
176 88 -88 -20 20 40
176 88 0 -20 20 0
176 88 0 -19 19 0
176 88 0 -18 18 0
176 88 0 -17 17 0
176 88 -88 -16 16 32
176 88 0 -16 16 0
176 88 0 -15 15 0
176 88 0 -14 14 0
176 88 0 -13 13 0
176 88 -88 -12 12 24
176 88 0 -12 12 0
176 88 0 -11 11 0
176 88 0 -10 10 0
176 88 0 -9 9 0
176 88 -88 -8 8 16
176 88 0 -8 8 0
176 88 0 -7 7 0
176 88 0 -6 6 0
176 88 0 -5 5 0
176 88 -88 -4 4 8
176 88 0 -4 4 0
176 88 0 -3 3 0
176 88 0 -2 2 0
176 88 0 -1 1 0
176 88 0 1 -1 0
176 88 0 2 -2 0
176 88 0 3 -3 0
176 88 -88 4 -4 -8
176 88 0 4 -4 0
176 88 0 5 -5 0
176 88 0 6 -6 0
176 88 0 7 -7 0
176 88 -88 8 -8 -16
176 88 0 8 -8 0
176 88 0 9 -9 0
176 88 0 10 -10 0
176 88 0 11 -11 0
176 88 -88 12 -12 -24
176 88 0 12 -12 0
176 88 0 13 -13 0
176 88 0 14 -14 0
176 88 0 15 -15 0
176 88 -88 16 -16 -32
176 88 0 16 -16 0
176 88 0 17 -17 0
176 88 0 18 -18 0
176 88 0 19 -19 0
176 88 -88 20 -20 -40
176 88 0 20 -20 0
176 88 0 21 -21 0
176 88 0 22 -22 0
176 88 0 23 -23 0
176 88 -88 24 -24 -48
176 88 0 24 -24 0
176 88 0 25 -25 0
176 88 0 26 -26 0
176 88 0 27 -27 0
176 88 -88 28 -28 -56
176 88 0 28 -28 0
176 88 0 29 -29 0
176 88 0 30 -30 0
176 88 0 31 -31 0
176 88 -88 32 -32 -64
176 88 0 32 -32 0
176 88 0 33 -33 0
176 88 0 34 -34 0
176 88 0 35 -35 0
176 88 -88 36 -36 -72
176 88 0 36 -36 0
176 88 0 37 -37 0
176 88 0 38 -38 0
176 88 0 39 -39 0
176 88 -88 40 -40 -80
176 88 0 40 -40 0
176 88 0 41 -41 0
176 88 0 42 -42 0
176 88 0 43 -43 0
176 88 -88 44 -44 -88
176 88 0 44 -44 0
176 88 0 45 -45 0
176 88 0 46 -46 0
176 88 0 47 -47 0
176 88 -88 48 -48 -96
176 88 0 48 -48 0
176 88 0 49 -49 0
176 88 0 50 -50 0
176 88 0 51 -51 0
176 88 -88 52 -52 -104
176 88 0 52 -52 0
176 88 0 53 -53 0
176 88 0 54 -54 0
176 88 0 55 -55 0
176 88 -88 56 -56 -112
176 88 0 56 -56 0
176 88 0 57 -57 0
176 88 0 58 -58 0
176 88 0 59 -59 0
176 88 -88 60 -60 -120
176 88 0 60 -60 0
176 88 0 61 -61 0
176 88 0 62 -62 0
176 88 0 63 -63 0
176 88 -88 64 -64 -128
176 88 0 64 -64 0
176 88 0 65 -65 0
176 88 0 66 -66 0
176 88 0 67 -67 0
176 88 -88 68 -68 -136
176 88 0 68 -68 0
176 88 0 69 -69 0
176 88 0 70 -70 0
176 88 0 71 -71 0
176 88 -88 72 -72 -144
176 88 0 72 -72 0
176 88 0 73 -73 0
176 88 0 74 -74 0
176 88 0 75 -75 0
176 88 -88 76 -76 -152
176 88 0 76 -76 0
176 88 0 77 -77 0
176 88 0 78 -78 0
176 88 0 79 -79 0
176 88 -88 80 -80 -160
176 88 0 80 -80 0
176 88 0 81 -81 0
176 88 0 82 -82 0
176 88 0 83 -83 0
176 88 -88 84 -84 -168
176 88 0 84 -84 0
176 88 0 85 -85 0
176 88 0 86 -86 0
176 88 0 87 -87 0
176 88 -88 88 -88 -176
176 88 0 88 -88 0
176 88 0 89 -89 0
176 88 0 90 -90 0
176 88 0 91 -91 0
176 88 -88 92 -92 -184
176 88 0 92 -92 0
176 88 0 93 -93 0
176 88 0 94 -94 0
176 88 0 95 -95 0
176 88 -88 96 -96 -192
176 88 0 96 -96 0
176 88 0 97 -97 0
176 88 0 98 -98 0
176 88 0 99 -99 0
176 88 -88 100 -100 -200
176 88 0 100 -100 0
176 88 0 101 -101 0
176 88 0 102 -102 0
176 88 0 103 -103 0
176 88 -88 104 -104 -208
176 88 0 104 -104 0
176 88 0 105 -105 0
176 88 0 106 -106 0
176 88 0 107 -107 0
176 88 -88 108 -108 -216
176 88 0 108 -108 0
176 88 0 109 -109 0
176 88 0 110 -110 0
176 88 0 111 -111 0
176 88 -88 112 -112 -224
176 88 0 112 -112 0
176 88 0 113 -113 0
176 88 0 114 -114 0
176 88 0 115 -115 0
176 88 -88 116 -116 -232
176 88 0 116 -116 0
176 88 0 117 -117 0
176 88 0 118 -118 0
176 88 0 119 -119 0
176 88 -88 120 -120 -240
176 88 0 120 -120 0
176 88 0 121 -121 0
176 88 0 122 -122 0
176 88 0 123 -123 0
176 88 -88 124 -124 -248
176 88 0 124 -124 0
176 88 0 125 -125 0
176 88 0 126 -126 0
176 88 0 127 -127 0
176 88 -88 128 -128 -256
176 88 0 128 -128 0
176 88 0 129 -129 0
176 88 0 130 -130 0
176 88 0 131 -131 0
176 88 -88 132 -132 -264
176 88 0 132 -132 0
176 88 0 133 -133 0
176 88 0 134 -134 0
176 88 0 135 -135 0
176 88 -88 136 -136 -272
176 88 0 136 -136 0
176 88 0 137 -137 0
176 88 0 138 -138 0
176 88 0 139 -139 0
176 88 -88 140 -140 -280
176 88 0 140 -140 0
176 88 0 141 -141 0
176 88 0 142 -142 0
176 88 0 143 -143 0
176 88 -88 144 -144 -288
176 88 0 144 -144 0
176 88 0 145 -145 0
176 88 0 146 -146 0
176 88 0 147 -147 0
176 88 -88 148 -148 -296
176 88 0 148 -148 0
176 88 0 149 -149 0
176 88 0 150 -150 0
178 89 0 -150 150 0
178 89 0 -149 149 0
178 89 0 -148 148 0
178 89 -89 -147 147 294
178 89 0 -147 147 0
178 89 0 -146 146 0
178 89 0 -145 145 0
178 89 0 -144 144 0
178 89 -89 -143 143 286
178 89 0 -143 143 0
178 89 0 -142 142 0
178 89 0 -141 141 0
178 89 0 -140 140 0
178 89 -89 -139 139 278
178 89 0 -139 139 0
178 89 0 -138 138 0
178 89 0 -137 137 0
178 89 0 -136 136 0
178 89 -89 -135 135 270
178 89 0 -135 135 0
178 89 0 -134 134 0
178 89 1 -134 134 268
178 89 0 -133 133 0
178 89 0 -132 132 0
178 89 -89 -131 131 262
178 89 0 -131 131 0
178 89 0 -130 130 0
178 89 0 -129 129 0
178 89 0 -128 128 0
178 89 -89 -127 127 254
178 89 0 -127 127 0
178 89 0 -126 126 0
178 89 0 -125 125 0
178 89 0 -124 124 0
178 89 -89 -123 123 246
178 89 0 -123 123 0
178 89 0 -122 122 0
178 89 0 -121 121 0
178 89 0 -120 120 0
178 89 -89 -119 119 238
178 89 0 -119 119 0
178 89 0 -118 118 0
178 89 0 -117 117 0
178 89 0 -116 116 0
178 89 -89 -115 115 230
178 89 0 -115 115 0
178 89 0 -114 114 0
178 89 0 -113 113 0
178 89 0 -112 112 0
178 89 -89 -111 111 222
178 89 0 -111 111 0
178 89 0 -110 110 0
178 89 0 -109 109 0
178 89 0 -108 108 0
178 89 -89 -107 107 214
178 89 0 -107 107 0
178 89 0 -106 106 0
178 89 0 -105 105 0
178 89 0 -104 104 0
178 89 -89 -103 103 206
178 89 0 -103 103 0
178 89 0 -102 102 0
178 89 0 -101 101 0
178 89 0 -100 100 0
178 89 -89 -99 99 198
178 89 0 -99 99 0
178 89 0 -98 98 0
178 89 0 -97 97 0
178 89 0 -96 96 0
178 89 -89 -95 95 190
178 89 0 -95 95 0
178 89 0 -94 94 0
178 89 0 -93 93 0
178 89 0 -92 92 0
178 89 -89 -91 91 182
178 89 0 -91 91 0
178 89 0 -90 90 0
178 89 0 -89 89 0
178 89 0 -88 88 0
178 89 -89 -87 87 174
178 89 0 -87 87 0
178 89 0 -86 86 0
178 89 0 -85 85 0
178 89 0 -84 84 0
178 89 -89 -83 83 166
178 89 0 -83 83 0
178 89 0 -82 82 0
178 89 0 -81 81 0
178 89 0 -80 80 0
178 89 -89 -79 79 158
178 89 0 -79 79 0
178 89 0 -78 78 0
178 89 0 -77 77 0
178 89 0 -76 76 0
178 89 -89 -75 75 150
178 89 0 -75 75 0
178 89 0 -74 74 0
178 89 0 -73 73 0
178 89 0 -72 72 0
178 89 -89 -71 71 142
178 89 0 -71 71 0
178 89 0 -70 70 0
178 89 0 -69 69 0
178 89 0 -68 68 0
178 89 -89 -67 67 134
178 89 0 -67 67 0
178 89 0 -66 66 0
178 89 0 -65 65 0
178 89 0 -64 64 0
178 89 -89 -63 63 126
178 89 0 -63 63 0
178 89 0 -62 62 0
178 89 0 -61 61 0
178 89 0 -60 60 0
178 89 -89 -59 59 118
178 89 0 -59 59 0
178 89 0 -58 58 0
178 89 0 -57 57 0
178 89 0 -56 56 0
178 89 -89 -55 55 110
178 89 0 -55 55 0
178 89 0 -54 54 0
178 89 0 -53 53 0
178 89 0 -52 52 0
178 89 -89 -51 51 102
178 89 0 -51 51 0
178 89 0 -50 50 0
178 89 0 -49 49 0
178 89 0 -48 48 0
178 89 -89 -47 47 94
178 89 0 -47 47 0
178 89 0 -46 46 0
178 89 0 -45 45 0
178 89 0 -44 44 0
178 89 -89 -43 43 86
178 89 0 -43 43 0
178 89 0 -42 42 0
178 89 0 -41 41 0
178 89 0 -40 40 0
178 89 -89 -39 39 78
178 89 0 -39 39 0
178 89 0 -38 38 0
178 89 0 -37 37 0
178 89 0 -36 36 0
178 89 -89 -35 35 70
178 89 0 -35 35 0
178 89 0 -34 34 0
178 89 0 -33 33 0
178 89 0 -32 32 0
178 89 -89 -31 31 62
178 89 0 -31 31 0
178 89 0 -30 30 0
178 89 0 -29 29 0
178 89 0 -28 28 0
178 89 -89 -27 27 54
178 89 0 -27 27 0
178 89 0 -26 26 0
178 89 0 -25 25 0
178 89 0 -24 24 0
178 89 -89 -23 23 46
178 89 0 -23 23 0
178 89 0 -22 22 0
178 89 0 -21 21 0
178 89 0 -20 20 0
178 89 -89 -19 19 38
178 89 0 -19 19 0
178 89 0 -18 18 0
178 89 0 -17 17 0
178 89 0 -16 16 0
178 89 -89 -15 15 30
178 89 0 -15 15 0
178 89 0 -14 14 0
178 89 0 -13 13 0
178 89 0 -12 12 0
178 89 -89 -11 11 22
178 89 0 -11 11 0
178 89 0 -10 10 0
178 89 0 -9 9 0
178 89 0 -8 8 0
178 89 -89 -7 7 14
178 89 0 -7 7 0
178 89 0 -6 6 0
178 89 0 -5 5 0
178 89 0 -4 4 0
178 89 -89 -3 3 6
178 89 0 -3 3 0
178 89 0 -2 2 0
178 89 0 -1 1 0
178 89 -89 1 -1 -2
178 89 0 1 -1 0
178 89 0 2 -2 0
178 89 0 3 -3 0
178 89 0 4 -4 0
178 89 -89 5 -5 -10
178 89 0 5 -5 0
178 89 0 6 -6 0
178 89 0 7 -7 0
178 89 0 8 -8 0
178 89 -89 9 -9 -18
178 89 0 9 -9 0
178 89 0 10 -10 0
178 89 0 11 -11 0
178 89 0 12 -12 0
178 89 -89 13 -13 -26
178 89 0 13 -13 0
178 89 0 14 -14 0
178 89 0 15 -15 0
178 89 0 16 -16 0
178 89 -89 17 -17 -34
178 89 0 17 -17 0
178 89 0 18 -18 0
178 89 0 19 -19 0
178 89 0 20 -20 0
178 89 -89 21 -21 -42
178 89 0 21 -21 0
178 89 0 22 -22 0
178 89 0 23 -23 0
178 89 0 24 -24 0
178 89 -89 25 -25 -50
178 89 0 25 -25 0
178 89 0 26 -26 0
178 89 0 27 -27 0
178 89 0 28 -28 0
178 89 -89 29 -29 -58
178 89 0 29 -29 0
178 89 0 30 -30 0
178 89 0 31 -31 0
178 89 0 32 -32 0
178 89 -89 33 -33 -66
178 89 0 33 -33 0
178 89 0 34 -34 0
178 89 0 35 -35 0
178 89 0 36 -36 0
178 89 -89 37 -37 -74
178 89 0 37 -37 0
178 89 0 38 -38 0
178 89 0 39 -39 0
178 89 0 40 -40 0
178 89 -89 41 -41 -82
178 89 0 41 -41 0
178 89 0 42 -42 0
178 89 0 43 -43 0
178 89 0 44 -44 0
178 89 -89 45 -45 -90
178 89 0 45 -45 0
178 89 0 46 -46 0
178 89 0 47 -47 0
178 89 0 48 -48 0
178 89 -89 49 -49 -98
178 89 0 49 -49 0
178 89 0 50 -50 0
178 89 0 51 -51 0
178 89 0 52 -52 0
178 89 -89 53 -53 -106
178 89 0 53 -53 0
178 89 0 54 -54 0
178 89 0 55 -55 0
178 89 0 56 -56 0
178 89 -89 57 -57 -114
178 89 0 57 -57 0
178 89 0 58 -58 0
178 89 0 59 -59 0
178 89 0 60 -60 0
178 89 -89 61 -61 -122
178 89 0 61 -61 0
178 89 0 62 -62 0
178 89 0 63 -63 0
178 89 0 64 -64 0
178 89 -89 65 -65 -130
178 89 0 65 -65 0
178 89 0 66 -66 0
178 89 0 67 -67 0
178 89 0 68 -68 0
178 89 -89 69 -69 -138
178 89 0 69 -69 0
178 89 0 70 -70 0
178 89 0 71 -71 0
178 89 0 72 -72 0
178 89 -89 73 -73 -146
178 89 0 73 -73 0
178 89 0 74 -74 0
178 89 0 75 -75 0
178 89 0 76 -76 0
178 89 -89 77 -77 -154
178 89 0 77 -77 0
178 89 0 78 -78 0
178 89 0 79 -79 0
178 89 0 80 -80 0
178 89 -89 81 -81 -162
178 89 0 81 -81 0
178 89 0 82 -82 0
178 89 0 83 -83 0
178 89 0 84 -84 0
178 89 -89 85 -85 -170
178 89 0 85 -85 0
178 89 0 86 -86 0
178 89 0 87 -87 0
178 89 0 88 -88 0
178 89 -89 89 -89 -178
178 89 0 89 -89 0
178 89 0 90 -90 0
178 89 0 91 -91 0
178 89 0 92 -92 0
178 89 -89 93 -93 -186
178 89 0 93 -93 0
178 89 0 94 -94 0
178 89 0 95 -95 0
178 89 0 96 -96 0
178 89 -89 97 -97 -194
178 89 0 97 -97 0
178 89 0 98 -98 0
178 89 0 99 -99 0
178 89 0 100 -100 0
178 89 -89 101 -101 -202
178 89 0 101 -101 0
178 89 0 102 -102 0
178 89 0 103 -103 0
178 89 0 104 -104 0
178 89 -89 105 -105 -210
178 89 0 105 -105 0
178 89 0 106 -106 0
178 89 0 107 -107 0
178 89 0 108 -108 0
178 89 -89 109 -109 -218
178 89 0 109 -109 0
178 89 0 110 -110 0
178 89 0 111 -111 0
178 89 0 112 -112 0
178 89 -89 113 -113 -226
178 89 0 113 -113 0
178 89 0 114 -114 0
178 89 0 115 -115 0
178 89 0 116 -116 0
178 89 -89 117 -117 -234
178 89 0 117 -117 0
178 89 0 118 -118 0
178 89 0 119 -119 0
178 89 0 120 -120 0
178 89 -89 121 -121 -242
178 89 0 121 -121 0
178 89 0 122 -122 0
178 89 0 123 -123 0
178 89 0 124 -124 0
178 89 -89 125 -125 -250
178 89 0 125 -125 0
178 89 0 126 -126 0
178 89 0 127 -127 0
178 89 0 128 -128 0
178 89 -89 129 -129 -258
178 89 0 129 -129 0
178 89 0 130 -130 0
178 89 0 131 -131 0
178 89 0 132 -132 0
178 89 -89 133 -133 -266
178 89 -1 133 -133 -266
178 89 0 133 -133 0
178 89 0 134 -134 0
178 89 0 135 -135 0
178 89 0 136 -136 0
178 89 -89 137 -137 -274
178 89 0 137 -137 0
178 89 0 138 -138 0
178 89 0 139 -139 0
178 89 0 140 -140 0
178 89 -89 141 -141 -282
178 89 0 141 -141 0
178 89 0 142 -142 0
178 89 0 143 -143 0
178 89 0 144 -144 0
178 89 -89 145 -145 -290
178 89 0 145 -145 0
178 89 0 146 -146 0
178 89 0 147 -147 0
178 89 0 148 -148 0
178 89 -89 149 -149 -298
178 89 0 149 -149 0
178 89 0 150 -150 0
180 90 0 -150 150 0
180 90 0 -149 149 0
180 90 -90 -148 148 296
180 90 0 -148 148 0
180 90 0 -147 147 0
180 90 0 -146 146 0
180 90 0 -145 145 0
180 90 -90 -144 144 288
180 90 0 -144 144 0
180 90 0 -143 143 0
180 90 0 -142 142 0
180 90 0 -141 141 0
180 90 -90 -140 140 280
180 90 0 -140 140 0
180 90 0 -139 139 0
180 90 0 -138 138 0
180 90 0 -137 137 0
180 90 -90 -136 136 272
180 90 0 -136 136 0
180 90 0 -135 135 0
180 90 0 -134 134 0
180 90 0 -133 133 0
180 90 -90 -132 132 264
180 90 0 -132 132 0
180 90 0 -131 131 0
180 90 0 -130 130 0
180 90 0 -129 129 0
180 90 -90 -128 128 256
180 90 0 -128 128 0
180 90 0 -127 127 0
180 90 0 -126 126 0
180 90 0 -125 125 0
180 90 -90 -124 124 248
180 90 0 -124 124 0
180 90 0 -123 123 0
180 90 0 -122 122 0
180 90 0 -121 121 0
180 90 -90 -120 120 240
180 90 0 -120 120 0
180 90 0 -119 119 0
180 90 0 -118 118 0
180 90 0 -117 117 0
180 90 -90 -116 116 232
180 90 0 -116 116 0
180 90 0 -115 115 0
180 90 0 -114 114 0
180 90 0 -113 113 0
180 90 -90 -112 112 224
180 90 0 -112 112 0
180 90 0 -111 111 0
180 90 0 -110 110 0
180 90 0 -109 109 0
180 90 -90 -108 108 216
180 90 0 -108 108 0
180 90 0 -107 107 0
180 90 0 -106 106 0
180 90 0 -105 105 0
180 90 -90 -104 104 208
180 90 0 -104 104 0
180 90 0 -103 103 0
180 90 0 -102 102 0
180 90 0 -101 101 0
180 90 -90 -100 100 200
180 90 0 -100 100 0
180 90 0 -99 99 0
180 90 0 -98 98 0
180 90 0 -97 97 0
180 90 -90 -96 96 192
180 90 0 -96 96 0
180 90 0 -95 95 0
180 90 0 -94 94 0
180 90 0 -93 93 0
180 90 -90 -92 92 184
180 90 0 -92 92 0
180 90 0 -91 91 0
180 90 0 -90 90 0
180 90 0 -89 89 0
180 90 -90 -88 88 176
180 90 0 -88 88 0
180 90 0 -87 87 0
180 90 0 -86 86 0
180 90 0 -85 85 0
180 90 -90 -84 84 168
180 90 0 -84 84 0
180 90 0 -83 83 0
180 90 0 -82 82 0
180 90 0 -81 81 0
180 90 -90 -80 80 160
180 90 0 -80 80 0
180 90 0 -79 79 0
180 90 0 -78 78 0
180 90 0 -77 77 0
180 90 -90 -76 76 152
180 90 0 -76 76 0
180 90 0 -75 75 0
180 90 0 -74 74 0
180 90 0 -73 73 0
180 90 -90 -72 72 144
180 90 0 -72 72 0
180 90 0 -71 71 0
180 90 0 -70 70 0
180 90 0 -69 69 0
180 90 -90 -68 68 136
180 90 0 -68 68 0
180 90 0 -67 67 0
180 90 0 -66 66 0
180 90 0 -65 65 0
180 90 -90 -64 64 128
180 90 0 -64 64 0
180 90 0 -63 63 0
180 90 0 -62 62 0
180 90 0 -61 61 0
180 90 -90 -60 60 120
180 90 0 -60 60 0
180 90 0 -59 59 0
180 90 0 -58 58 0
180 90 0 -57 57 0
180 90 -90 -56 56 112
180 90 0 -56 56 0
180 90 0 -55 55 0
180 90 0 -54 54 0
180 90 0 -53 53 0
180 90 -90 -52 52 104
180 90 0 -52 52 0
180 90 0 -51 51 0
180 90 0 -50 50 0
180 90 0 -49 49 0
180 90 -90 -48 48 96
180 90 0 -48 48 0
180 90 0 -47 47 0
180 90 0 -46 46 0
180 90 0 -45 45 0
180 90 -90 -44 44 88
180 90 0 -44 44 0
180 90 0 -43 43 0
180 90 0 -42 42 0
180 90 0 -41 41 0
180 90 -90 -40 40 80
180 90 0 -40 40 0
180 90 0 -39 39 0
180 90 0 -38 38 0
180 90 0 -37 37 0
180 90 -90 -36 36 72
180 90 0 -36 36 0
180 90 0 -35 35 0
180 90 0 -34 34 0
180 90 0 -33 33 0
180 90 -90 -32 32 64
180 90 0 -32 32 0
180 90 0 -31 31 0
180 90 0 -30 30 0
180 90 0 -29 29 0
180 90 -90 -28 28 56
180 90 0 -28 28 0
180 90 0 -27 27 0
180 90 0 -26 26 0
180 90 0 -25 25 0
180 90 -90 -24 24 48
180 90 0 -24 24 0
180 90 0 -23 23 0
180 90 0 -22 22 0
180 90 0 -21 21 0
180 90 -90 -20 20 40
180 90 0 -20 20 0
180 90 0 -19 19 0
180 90 0 -18 18 0
180 90 0 -17 17 0
180 90 -90 -16 16 32
180 90 0 -16 16 0
180 90 0 -15 15 0
180 90 0 -14 14 0
180 90 0 -13 13 0
180 90 -90 -12 12 24
180 90 0 -12 12 0
180 90 0 -11 11 0
180 90 0 -10 10 0
180 90 0 -9 9 0
180 90 -90 -8 8 16
180 90 0 -8 8 0
180 90 0 -7 7 0
180 90 0 -6 6 0
180 90 0 -5 5 0
180 90 -90 -4 4 8
180 90 0 -4 4 0
180 90 0 -3 3 0
180 90 0 -2 2 0
180 90 0 -1 1 0
180 90 0 1 -1 0
180 90 0 2 -2 0
180 90 0 3 -3 0
180 90 -90 4 -4 -8
180 90 0 4 -4 0
180 90 0 5 -5 0
180 90 0 6 -6 0
180 90 0 7 -7 0
180 90 -90 8 -8 -16
180 90 0 8 -8 0
180 90 0 9 -9 0
180 90 0 10 -10 0
180 90 0 11 -11 0
180 90 -90 12 -12 -24
180 90 0 12 -12 0
180 90 0 13 -13 0
180 90 0 14 -14 0
180 90 0 15 -15 0
180 90 -90 16 -16 -32
180 90 0 16 -16 0
180 90 0 17 -17 0
180 90 0 18 -18 0
180 90 0 19 -19 0
180 90 -90 20 -20 -40
180 90 0 20 -20 0
180 90 0 21 -21 0
180 90 0 22 -22 0
180 90 0 23 -23 0
180 90 -90 24 -24 -48
180 90 0 24 -24 0
180 90 0 25 -25 0
180 90 0 26 -26 0
180 90 0 27 -27 0
180 90 -90 28 -28 -56
180 90 0 28 -28 0
180 90 0 29 -29 0
180 90 0 30 -30 0
180 90 0 31 -31 0
180 90 -90 32 -32 -64
180 90 0 32 -32 0
180 90 0 33 -33 0
180 90 0 34 -34 0
180 90 0 35 -35 0
180 90 -90 36 -36 -72
180 90 0 36 -36 0
180 90 0 37 -37 0
180 90 0 38 -38 0
180 90 0 39 -39 0
180 90 -90 40 -40 -80
180 90 0 40 -40 0
180 90 0 41 -41 0
180 90 0 42 -42 0
180 90 0 43 -43 0
180 90 -90 44 -44 -88
180 90 0 44 -44 0
180 90 0 45 -45 0
180 90 0 46 -46 0
180 90 0 47 -47 0
180 90 -90 48 -48 -96
180 90 0 48 -48 0
180 90 0 49 -49 0
180 90 0 50 -50 0
180 90 0 51 -51 0
180 90 -90 52 -52 -104
180 90 0 52 -52 0
180 90 0 53 -53 0
180 90 0 54 -54 0
180 90 0 55 -55 0
180 90 -90 56 -56 -112
180 90 0 56 -56 0
180 90 0 57 -57 0
180 90 0 58 -58 0
180 90 0 59 -59 0
180 90 -90 60 -60 -120
180 90 0 60 -60 0
180 90 0 61 -61 0
180 90 0 62 -62 0
180 90 0 63 -63 0
180 90 -90 64 -64 -128
180 90 0 64 -64 0
180 90 0 65 -65 0
180 90 0 66 -66 0
180 90 0 67 -67 0
180 90 -90 68 -68 -136
180 90 0 68 -68 0
180 90 0 69 -69 0
180 90 0 70 -70 0
180 90 0 71 -71 0
180 90 -90 72 -72 -144
180 90 0 72 -72 0
180 90 0 73 -73 0
180 90 0 74 -74 0
180 90 0 75 -75 0
180 90 -90 76 -76 -152
180 90 0 76 -76 0
180 90 0 77 -77 0
180 90 0 78 -78 0
180 90 0 79 -79 0
180 90 -90 80 -80 -160
180 90 0 80 -80 0
180 90 0 81 -81 0
180 90 0 82 -82 0
180 90 0 83 -83 0
180 90 -90 84 -84 -168
180 90 0 84 -84 0
180 90 0 85 -85 0
180 90 0 86 -86 0
180 90 0 87 -87 0
180 90 -90 88 -88 -176
180 90 0 88 -88 0
180 90 0 89 -89 0
180 90 0 90 -90 0
180 90 0 91 -91 0
180 90 -90 92 -92 -184
180 90 0 92 -92 0
180 90 0 93 -93 0
180 90 0 94 -94 0
180 90 0 95 -95 0
180 90 -90 96 -96 -192
180 90 0 96 -96 0
180 90 0 97 -97 0
180 90 0 98 -98 0
180 90 0 99 -99 0
180 90 -90 100 -100 -200
180 90 0 100 -100 0
180 90 0 101 -101 0
180 90 0 102 -102 0
180 90 0 103 -103 0
180 90 -90 104 -104 -208
180 90 0 104 -104 0
180 90 0 105 -105 0
180 90 0 106 -106 0
180 90 0 107 -107 0
180 90 -90 108 -108 -216
180 90 0 108 -108 0
180 90 0 109 -109 0
180 90 0 110 -110 0
180 90 0 111 -111 0
180 90 -90 112 -112 -224
180 90 0 112 -112 0
180 90 0 113 -113 0
180 90 0 114 -114 0
180 90 0 115 -115 0
180 90 -90 116 -116 -232
180 90 0 116 -116 0
180 90 0 117 -117 0
180 90 0 118 -118 0
180 90 0 119 -119 0
180 90 -90 120 -120 -240
180 90 0 120 -120 0
180 90 0 121 -121 0
180 90 0 122 -122 0
180 90 0 123 -123 0
180 90 -90 124 -124 -248
180 90 0 124 -124 0
180 90 0 125 -125 0
180 90 0 126 -126 0
180 90 0 127 -127 0
180 90 -90 128 -128 -256
180 90 0 128 -128 0
180 90 0 129 -129 0
180 90 0 130 -130 0
180 90 0 131 -131 0
180 90 -90 132 -132 -264
180 90 0 132 -132 0
180 90 0 133 -133 0
180 90 0 134 -134 0
180 90 0 135 -135 0
180 90 -90 136 -136 -272
180 90 0 136 -136 0
180 90 0 137 -137 0
180 90 0 138 -138 0
180 90 0 139 -139 0
180 90 -90 140 -140 -280
180 90 0 140 -140 0
180 90 0 141 -141 0
180 90 0 142 -142 0
180 90 0 143 -143 0
180 90 -90 144 -144 -288
180 90 0 144 -144 0
180 90 0 145 -145 0
180 90 0 146 -146 0
180 90 0 147 -147 0
180 90 -90 148 -148 -296
180 90 0 148 -148 0
180 90 0 149 -149 0
180 90 0 150 -150 0
182 91 0 -150 150 0
182 91 0 -149 149 0
182 91 0 -148 148 0
182 91 -91 -147 147 294
182 91 0 -147 147 0
182 91 0 -146 146 0
182 91 0 -145 145 0
182 91 0 -144 144 0
182 91 -91 -143 143 286
182 91 0 -143 143 0
182 91 0 -142 142 0
182 91 0 -141 141 0
182 91 0 -140 140 0
182 91 -91 -139 139 278
182 91 0 -139 139 0
182 91 0 -138 138 0
182 91 0 -137 137 0
182 91 1 -137 137 274
182 91 0 -136 136 0
182 91 -91 -135 135 270
182 91 0 -135 135 0
182 91 0 -134 134 0
182 91 0 -133 133 0
182 91 0 -132 132 0
182 91 -91 -131 131 262
182 91 0 -131 131 0
182 91 0 -130 130 0
182 91 0 -129 129 0
182 91 0 -128 128 0
182 91 -91 -127 127 254
182 91 0 -127 127 0
182 91 0 -126 126 0
182 91 0 -125 125 0
182 91 0 -124 124 0
182 91 -91 -123 123 246
182 91 0 -123 123 0
182 91 0 -122 122 0
182 91 0 -121 121 0
182 91 0 -120 120 0
182 91 -91 -119 119 238
182 91 0 -119 119 0
182 91 0 -118 118 0
182 91 0 -117 117 0
182 91 0 -116 116 0
182 91 -91 -115 115 230
182 91 0 -115 115 0
182 91 0 -114 114 0
182 91 0 -113 113 0
182 91 0 -112 112 0
182 91 -91 -111 111 222
182 91 0 -111 111 0
182 91 0 -110 110 0
182 91 0 -109 109 0
182 91 0 -108 108 0
182 91 -91 -107 107 214
182 91 0 -107 107 0
182 91 0 -106 106 0
182 91 0 -105 105 0
182 91 0 -104 104 0
182 91 -91 -103 103 206
182 91 0 -103 103 0
182 91 0 -102 102 0
182 91 0 -101 101 0
182 91 0 -100 100 0
182 91 -91 -99 99 198
182 91 0 -99 99 0
182 91 0 -98 98 0
182 91 0 -97 97 0
182 91 0 -96 96 0
182 91 -91 -95 95 190
182 91 0 -95 95 0
182 91 0 -94 94 0
182 91 0 -93 93 0
182 91 0 -92 92 0
182 91 -91 -91 91 182
182 91 0 -91 91 0
182 91 0 -90 90 0
182 91 0 -89 89 0
182 91 0 -88 88 0
182 91 -91 -87 87 174
182 91 0 -87 87 0
182 91 0 -86 86 0
182 91 0 -85 85 0
182 91 0 -84 84 0
182 91 -91 -83 83 166
182 91 0 -83 83 0
182 91 0 -82 82 0
182 91 0 -81 81 0
182 91 0 -80 80 0
182 91 -91 -79 79 158
182 91 0 -79 79 0
182 91 0 -78 78 0
182 91 0 -77 77 0
182 91 0 -76 76 0
182 91 -91 -75 75 150
182 91 0 -75 75 0
182 91 0 -74 74 0
182 91 0 -73 73 0
182 91 0 -72 72 0
182 91 -91 -71 71 142
182 91 0 -71 71 0
182 91 0 -70 70 0
182 91 0 -69 69 0
182 91 0 -68 68 0
182 91 -91 -67 67 134
182 91 0 -67 67 0
182 91 0 -66 66 0
182 91 0 -65 65 0
182 91 0 -64 64 0
182 91 -91 -63 63 126
182 91 0 -63 63 0
182 91 0 -62 62 0
182 91 0 -61 61 0
182 91 0 -60 60 0
182 91 -91 -59 59 118
182 91 0 -59 59 0
182 91 0 -58 58 0
182 91 0 -57 57 0
182 91 0 -56 56 0
182 91 -91 -55 55 110
182 91 0 -55 55 0
182 91 0 -54 54 0
182 91 0 -53 53 0
182 91 0 -52 52 0
182 91 -91 -51 51 102
182 91 0 -51 51 0
182 91 0 -50 50 0
182 91 0 -49 49 0
182 91 0 -48 48 0
182 91 -91 -47 47 94
182 91 0 -47 47 0
182 91 0 -46 46 0
182 91 0 -45 45 0
182 91 0 -44 44 0
182 91 -91 -43 43 86
182 91 0 -43 43 0
182 91 0 -42 42 0
182 91 0 -41 41 0
182 91 0 -40 40 0
182 91 -91 -39 39 78
182 91 0 -39 39 0
182 91 0 -38 38 0
182 91 0 -37 37 0
182 91 0 -36 36 0
182 91 -91 -35 35 70
182 91 0 -35 35 0
182 91 0 -34 34 0
182 91 0 -33 33 0
182 91 0 -32 32 0
182 91 -91 -31 31 62
182 91 0 -31 31 0
182 91 0 -30 30 0
182 91 0 -29 29 0
182 91 0 -28 28 0
182 91 -91 -27 27 54
182 91 0 -27 27 0
182 91 0 -26 26 0
182 91 0 -25 25 0
182 91 0 -24 24 0
182 91 -91 -23 23 46
182 91 0 -23 23 0
182 91 0 -22 22 0
182 91 0 -21 21 0
182 91 0 -20 20 0
182 91 -91 -19 19 38
182 91 0 -19 19 0
182 91 0 -18 18 0
182 91 0 -17 17 0
182 91 0 -16 16 0
182 91 -91 -15 15 30
182 91 0 -15 15 0
182 91 0 -14 14 0
182 91 0 -13 13 0
182 91 0 -12 12 0
182 91 -91 -11 11 22
182 91 0 -11 11 0
182 91 0 -10 10 0
182 91 0 -9 9 0
182 91 0 -8 8 0
182 91 -91 -7 7 14
182 91 0 -7 7 0
182 91 0 -6 6 0
182 91 0 -5 5 0
182 91 0 -4 4 0
182 91 -91 -3 3 6
182 91 0 -3 3 0
182 91 0 -2 2 0
182 91 0 -1 1 0
182 91 -91 1 -1 -2
182 91 0 1 -1 0
182 91 0 2 -2 0
182 91 0 3 -3 0
182 91 0 4 -4 0
182 91 -91 5 -5 -10
182 91 0 5 -5 0
182 91 0 6 -6 0
182 91 0 7 -7 0
182 91 0 8 -8 0
182 91 -91 9 -9 -18
182 91 0 9 -9 0
182 91 0 10 -10 0
182 91 0 11 -11 0
182 91 0 12 -12 0
182 91 -91 13 -13 -26
182 91 0 13 -13 0
182 91 0 14 -14 0
182 91 0 15 -15 0
182 91 0 16 -16 0
182 91 -91 17 -17 -34
182 91 0 17 -17 0
182 91 0 18 -18 0
182 91 0 19 -19 0
182 91 0 20 -20 0
182 91 -91 21 -21 -42
182 91 0 21 -21 0
182 91 0 22 -22 0
182 91 0 23 -23 0
182 91 0 24 -24 0
182 91 -91 25 -25 -50
182 91 0 25 -25 0
182 91 0 26 -26 0
182 91 0 27 -27 0
182 91 0 28 -28 0
182 91 -91 29 -29 -58
182 91 0 29 -29 0
182 91 0 30 -30 0
182 91 0 31 -31 0
182 91 0 32 -32 0
182 91 -91 33 -33 -66
182 91 0 33 -33 0
182 91 0 34 -34 0
182 91 0 35 -35 0
182 91 0 36 -36 0
182 91 -91 37 -37 -74
182 91 0 37 -37 0
182 91 0 38 -38 0
182 91 0 39 -39 0
182 91 0 40 -40 0
182 91 -91 41 -41 -82
182 91 0 41 -41 0
182 91 0 42 -42 0
182 91 0 43 -43 0
182 91 0 44 -44 0
182 91 -91 45 -45 -90
182 91 0 45 -45 0
182 91 0 46 -46 0
182 91 0 47 -47 0
182 91 0 48 -48 0
182 91 -91 49 -49 -98
182 91 0 49 -49 0
182 91 0 50 -50 0
182 91 0 51 -51 0
182 91 0 52 -52 0
182 91 -91 53 -53 -106
182 91 0 53 -53 0
182 91 0 54 -54 0
182 91 0 55 -55 0
182 91 0 56 -56 0
182 91 -91 57 -57 -114
182 91 0 57 -57 0
182 91 0 58 -58 0
182 91 0 59 -59 0
182 91 0 60 -60 0
182 91 -91 61 -61 -122
182 91 0 61 -61 0
182 91 0 62 -62 0
182 91 0 63 -63 0
182 91 0 64 -64 0
182 91 -91 65 -65 -130
182 91 0 65 -65 0
182 91 0 66 -66 0
182 91 0 67 -67 0
182 91 0 68 -68 0
182 91 -91 69 -69 -138
182 91 0 69 -69 0
182 91 0 70 -70 0
182 91 0 71 -71 0
182 91 0 72 -72 0
182 91 -91 73 -73 -146
182 91 0 73 -73 0
182 91 0 74 -74 0
182 91 0 75 -75 0
182 91 0 76 -76 0
182 91 -91 77 -77 -154
182 91 0 77 -77 0
182 91 0 78 -78 0
182 91 0 79 -79 0
182 91 0 80 -80 0
182 91 -91 81 -81 -162
182 91 0 81 -81 0
182 91 0 82 -82 0
182 91 0 83 -83 0
182 91 0 84 -84 0
182 91 -91 85 -85 -170
182 91 0 85 -85 0
182 91 0 86 -86 0
182 91 0 87 -87 0
182 91 0 88 -88 0
182 91 -91 89 -89 -178
182 91 0 89 -89 0
182 91 0 90 -90 0
182 91 0 91 -91 0
182 91 0 92 -92 0
182 91 -91 93 -93 -186
182 91 0 93 -93 0
182 91 0 94 -94 0
182 91 0 95 -95 0
182 91 0 96 -96 0
182 91 -91 97 -97 -194
182 91 0 97 -97 0
182 91 0 98 -98 0
182 91 0 99 -99 0
182 91 0 100 -100 0
182 91 -91 101 -101 -202
182 91 0 101 -101 0
182 91 0 102 -102 0
182 91 0 103 -103 0
182 91 0 104 -104 0
182 91 -91 105 -105 -210
182 91 0 105 -105 0
182 91 0 106 -106 0
182 91 0 107 -107 0
182 91 0 108 -108 0
182 91 -91 109 -109 -218
182 91 0 109 -109 0
182 91 0 110 -110 0
182 91 0 111 -111 0
182 91 0 112 -112 0
182 91 -91 113 -113 -226
182 91 0 113 -113 0
182 91 0 114 -114 0
182 91 0 115 -115 0
182 91 0 116 -116 0
182 91 -91 117 -117 -234
182 91 0 117 -117 0
182 91 0 118 -118 0
182 91 0 119 -119 0
182 91 0 120 -120 0
182 91 -91 121 -121 -242
182 91 0 121 -121 0
182 91 0 122 -122 0
182 91 0 123 -123 0
182 91 0 124 -124 0
182 91 -91 125 -125 -250
182 91 0 125 -125 0
182 91 0 126 -126 0
182 91 0 127 -127 0
182 91 0 128 -128 0
182 91 -91 129 -129 -258
182 91 0 129 -129 0
182 91 0 130 -130 0
182 91 0 131 -131 0
182 91 0 132 -132 0
182 91 -91 133 -133 -266
182 91 0 133 -133 0
182 91 0 134 -134 0
182 91 0 135 -135 0
182 91 -1 136 -136 -272
182 91 0 136 -136 0
182 91 -91 137 -137 -274
182 91 0 137 -137 0
182 91 0 138 -138 0
182 91 0 139 -139 0
182 91 0 140 -140 0
182 91 -91 141 -141 -282
182 91 0 141 -141 0
182 91 0 142 -142 0
182 91 0 143 -143 0
182 91 0 144 -144 0
182 91 -91 145 -145 -290
182 91 0 145 -145 0
182 91 0 146 -146 0
182 91 0 147 -147 0
182 91 0 148 -148 0
182 91 -91 149 -149 -298
182 91 0 149 -149 0
182 91 0 150 -150 0
184 92 0 -150 150 0
184 92 0 -149 149 0
184 92 -92 -148 148 296
184 92 0 -148 148 0
184 92 0 -147 147 0
184 92 0 -146 146 0
184 92 0 -145 145 0
184 92 -92 -144 144 288
184 92 0 -144 144 0
184 92 0 -143 143 0
184 92 0 -142 142 0
184 92 0 -141 141 0
184 92 -92 -140 140 280
184 92 0 -140 140 0
184 92 0 -139 139 0
184 92 0 -138 138 0
184 92 0 -137 137 0
184 92 -92 -136 136 272
184 92 0 -136 136 0
184 92 0 -135 135 0
184 92 0 -134 134 0
184 92 0 -133 133 0
184 92 -92 -132 132 264
184 92 0 -132 132 0
184 92 0 -131 131 0
184 92 0 -130 130 0
184 92 0 -129 129 0
184 92 -92 -128 128 256
184 92 0 -128 128 0
184 92 0 -127 127 0
184 92 0 -126 126 0
184 92 0 -125 125 0
184 92 -92 -124 124 248
184 92 0 -124 124 0
184 92 0 -123 123 0
184 92 0 -122 122 0
184 92 0 -121 121 0
184 92 -92 -120 120 240
184 92 0 -120 120 0
184 92 0 -119 119 0
184 92 0 -118 118 0
184 92 0 -117 117 0
184 92 -92 -116 116 232
184 92 0 -116 116 0
184 92 0 -115 115 0
184 92 0 -114 114 0
184 92 0 -113 113 0
184 92 -92 -112 112 224
184 92 0 -112 112 0
184 92 0 -111 111 0
184 92 0 -110 110 0
184 92 0 -109 109 0
184 92 -92 -108 108 216
184 92 0 -108 108 0
184 92 0 -107 107 0
184 92 0 -106 106 0
184 92 0 -105 105 0
184 92 -92 -104 104 208
184 92 0 -104 104 0
184 92 0 -103 103 0
184 92 0 -102 102 0
184 92 0 -101 101 0
184 92 -92 -100 100 200
184 92 0 -100 100 0
184 92 0 -99 99 0
184 92 0 -98 98 0
184 92 0 -97 97 0
184 92 -92 -96 96 192
184 92 0 -96 96 0
184 92 0 -95 95 0
184 92 0 -94 94 0
184 92 0 -93 93 0
184 92 -92 -92 92 184
184 92 0 -92 92 0
184 92 0 -91 91 0
184 92 0 -90 90 0
184 92 0 -89 89 0
184 92 -92 -88 88 176
184 92 0 -88 88 0
184 92 0 -87 87 0
184 92 0 -86 86 0
184 92 0 -85 85 0
184 92 -92 -84 84 168
184 92 0 -84 84 0
184 92 0 -83 83 0
184 92 0 -82 82 0
184 92 0 -81 81 0
184 92 -92 -80 80 160
184 92 0 -80 80 0
184 92 0 -79 79 0
184 92 0 -78 78 0
184 92 0 -77 77 0
184 92 -92 -76 76 152
184 92 0 -76 76 0
184 92 0 -75 75 0
184 92 0 -74 74 0
184 92 0 -73 73 0
184 92 -92 -72 72 144
184 92 0 -72 72 0
184 92 0 -71 71 0
184 92 0 -70 70 0
184 92 0 -69 69 0
184 92 -92 -68 68 136
184 92 0 -68 68 0
184 92 0 -67 67 0
184 92 0 -66 66 0
184 92 0 -65 65 0
184 92 -92 -64 64 128
184 92 0 -64 64 0
184 92 0 -63 63 0
184 92 0 -62 62 0
184 92 0 -61 61 0
184 92 -92 -60 60 120
184 92 0 -60 60 0
184 92 0 -59 59 0
184 92 0 -58 58 0
184 92 0 -57 57 0
184 92 -92 -56 56 112
184 92 0 -56 56 0
184 92 0 -55 55 0
184 92 0 -54 54 0
184 92 0 -53 53 0
184 92 -92 -52 52 104
184 92 0 -52 52 0
184 92 0 -51 51 0
184 92 0 -50 50 0
184 92 0 -49 49 0
184 92 -92 -48 48 96
184 92 0 -48 48 0
184 92 0 -47 47 0
184 92 0 -46 46 0
184 92 0 -45 45 0
184 92 -92 -44 44 88
184 92 0 -44 44 0
184 92 0 -43 43 0
184 92 0 -42 42 0
184 92 0 -41 41 0
184 92 -92 -40 40 80
184 92 0 -40 40 0
184 92 0 -39 39 0
184 92 0 -38 38 0
184 92 0 -37 37 0
184 92 -92 -36 36 72
184 92 0 -36 36 0
184 92 0 -35 35 0
184 92 0 -34 34 0
184 92 0 -33 33 0
184 92 -92 -32 32 64
184 92 0 -32 32 0
184 92 0 -31 31 0
184 92 0 -30 30 0
184 92 0 -29 29 0
184 92 -92 -28 28 56
184 92 0 -28 28 0
184 92 0 -27 27 0
184 92 0 -26 26 0
184 92 0 -25 25 0
184 92 -92 -24 24 48
184 92 0 -24 24 0
184 92 0 -23 23 0
184 92 0 -22 22 0
184 92 0 -21 21 0
184 92 -92 -20 20 40
184 92 0 -20 20 0
184 92 0 -19 19 0
184 92 0 -18 18 0
184 92 0 -17 17 0
184 92 -92 -16 16 32
184 92 0 -16 16 0
184 92 0 -15 15 0
184 92 0 -14 14 0
184 92 0 -13 13 0
184 92 -92 -12 12 24
184 92 0 -12 12 0
184 92 0 -11 11 0
184 92 0 -10 10 0
184 92 0 -9 9 0
184 92 -92 -8 8 16
184 92 0 -8 8 0
184 92 0 -7 7 0
184 92 0 -6 6 0
184 92 0 -5 5 0
184 92 -92 -4 4 8
184 92 0 -4 4 0
184 92 0 -3 3 0
184 92 0 -2 2 0
184 92 0 -1 1 0
184 92 0 1 -1 0
184 92 0 2 -2 0
184 92 0 3 -3 0
184 92 -92 4 -4 -8
184 92 0 4 -4 0
184 92 0 5 -5 0
184 92 0 6 -6 0
184 92 0 7 -7 0
184 92 -92 8 -8 -16
184 92 0 8 -8 0
184 92 0 9 -9 0
184 92 0 10 -10 0
184 92 0 11 -11 0
184 92 -92 12 -12 -24
184 92 0 12 -12 0
184 92 0 13 -13 0
184 92 0 14 -14 0
184 92 0 15 -15 0
184 92 -92 16 -16 -32
184 92 0 16 -16 0
184 92 0 17 -17 0
184 92 0 18 -18 0
184 92 0 19 -19 0
184 92 -92 20 -20 -40
184 92 0 20 -20 0
184 92 0 21 -21 0
184 92 0 22 -22 0
184 92 0 23 -23 0
184 92 -92 24 -24 -48
184 92 0 24 -24 0
184 92 0 25 -25 0
184 92 0 26 -26 0
184 92 0 27 -27 0
184 92 -92 28 -28 -56
184 92 0 28 -28 0
184 92 0 29 -29 0
184 92 0 30 -30 0
184 92 0 31 -31 0
184 92 -92 32 -32 -64
184 92 0 32 -32 0
184 92 0 33 -33 0
184 92 0 34 -34 0
184 92 0 35 -35 0
184 92 -92 36 -36 -72
184 92 0 36 -36 0
184 92 0 37 -37 0
184 92 0 38 -38 0
184 92 0 39 -39 0
184 92 -92 40 -40 -80
184 92 0 40 -40 0
184 92 0 41 -41 0
184 92 0 42 -42 0
184 92 0 43 -43 0
184 92 -92 44 -44 -88
184 92 0 44 -44 0
184 92 0 45 -45 0
184 92 0 46 -46 0
184 92 0 47 -47 0
184 92 -92 48 -48 -96
184 92 0 48 -48 0
184 92 0 49 -49 0
184 92 0 50 -50 0
184 92 0 51 -51 0
184 92 -92 52 -52 -104
184 92 0 52 -52 0
184 92 0 53 -53 0
184 92 0 54 -54 0
184 92 0 55 -55 0
184 92 -92 56 -56 -112
184 92 0 56 -56 0
184 92 0 57 -57 0
184 92 0 58 -58 0
184 92 0 59 -59 0
184 92 -92 60 -60 -120
184 92 0 60 -60 0
184 92 0 61 -61 0
184 92 0 62 -62 0
184 92 0 63 -63 0
184 92 -92 64 -64 -128
184 92 0 64 -64 0
184 92 0 65 -65 0
184 92 0 66 -66 0
184 92 0 67 -67 0
184 92 -92 68 -68 -136
184 92 0 68 -68 0
184 92 0 69 -69 0
184 92 0 70 -70 0
184 92 0 71 -71 0
184 92 -92 72 -72 -144
184 92 0 72 -72 0
184 92 0 73 -73 0
184 92 0 74 -74 0
184 92 0 75 -75 0
184 92 -92 76 -76 -152
184 92 0 76 -76 0
184 92 0 77 -77 0
184 92 0 78 -78 0
184 92 0 79 -79 0
184 92 -92 80 -80 -160
184 92 0 80 -80 0
184 92 0 81 -81 0
184 92 0 82 -82 0
184 92 0 83 -83 0
184 92 -92 84 -84 -168
184 92 0 84 -84 0
184 92 0 85 -85 0
184 92 0 86 -86 0
184 92 0 87 -87 0
184 92 -92 88 -88 -176
184 92 0 88 -88 0
184 92 0 89 -89 0
184 92 0 90 -90 0
184 92 0 91 -91 0
184 92 -92 92 -92 -184
184 92 0 92 -92 0
184 92 0 93 -93 0
184 92 0 94 -94 0
184 92 0 95 -95 0
184 92 -92 96 -96 -192
184 92 0 96 -96 0
184 92 0 97 -97 0
184 92 0 98 -98 0
184 92 0 99 -99 0
184 92 -92 100 -100 -200
184 92 0 100 -100 0
184 92 0 101 -101 0
184 92 0 102 -102 0
184 92 0 103 -103 0
184 92 -92 104 -104 -208
184 92 0 104 -104 0
184 92 0 105 -105 0
184 92 0 106 -106 0
184 92 0 107 -107 0
184 92 -92 108 -108 -216
184 92 0 108 -108 0
184 92 0 109 -109 0
184 92 0 110 -110 0
184 92 0 111 -111 0
184 92 -92 112 -112 -224
184 92 0 112 -112 0
184 92 0 113 -113 0
184 92 0 114 -114 0
184 92 0 115 -115 0
184 92 -92 116 -116 -232
184 92 0 116 -116 0
184 92 0 117 -117 0
184 92 0 118 -118 0
184 92 0 119 -119 0
184 92 -92 120 -120 -240
184 92 0 120 -120 0
184 92 0 121 -121 0
184 92 0 122 -122 0
184 92 0 123 -123 0
184 92 -92 124 -124 -248
184 92 0 124 -124 0
184 92 0 125 -125 0
184 92 0 126 -126 0
184 92 0 127 -127 0
184 92 -92 128 -128 -256
184 92 0 128 -128 0
184 92 0 129 -129 0
184 92 0 130 -130 0
184 92 0 131 -131 0
184 92 -92 132 -132 -264
184 92 0 132 -132 0
184 92 0 133 -133 0
184 92 0 134 -134 0
184 92 0 135 -135 0
184 92 -92 136 -136 -272
184 92 0 136 -136 0
184 92 0 137 -137 0
184 92 0 138 -138 0
184 92 0 139 -139 0
184 92 -92 140 -140 -280
184 92 0 140 -140 0
184 92 0 141 -141 0
184 92 0 142 -142 0
184 92 0 143 -143 0
184 92 -92 144 -144 -288
184 92 0 144 -144 0
184 92 0 145 -145 0
184 92 0 146 -146 0
184 92 0 147 -147 0
184 92 -92 148 -148 -296
184 92 0 148 -148 0
184 92 0 149 -149 0
184 92 0 150 -150 0
186 93 0 -150 150 0
186 93 0 -149 149 0
186 93 0 -148 148 0
186 93 -93 -147 147 294
186 93 0 -147 147 0
186 93 0 -146 146 0
186 93 0 -145 145 0
186 93 0 -144 144 0
186 93 -93 -143 143 286
186 93 0 -143 143 0
186 93 0 -142 142 0
186 93 0 -141 141 0
186 93 0 -140 140 0
186 93 1 -140 140 280
186 93 -93 -139 139 278
186 93 0 -139 139 0
186 93 0 -138 138 0
186 93 0 -137 137 0
186 93 0 -136 136 0
186 93 -93 -135 135 270
186 93 0 -135 135 0
186 93 0 -134 134 0
186 93 0 -133 133 0
186 93 0 -132 132 0
186 93 -93 -131 131 262
186 93 0 -131 131 0
186 93 0 -130 130 0
186 93 0 -129 129 0
186 93 0 -128 128 0
186 93 -93 -127 127 254
186 93 0 -127 127 0
186 93 0 -126 126 0
186 93 0 -125 125 0
186 93 0 -124 124 0
186 93 -93 -123 123 246
186 93 0 -123 123 0
186 93 0 -122 122 0
186 93 0 -121 121 0
186 93 0 -120 120 0
186 93 -93 -119 119 238
186 93 0 -119 119 0
186 93 0 -118 118 0
186 93 0 -117 117 0
186 93 0 -116 116 0
186 93 -93 -115 115 230
186 93 0 -115 115 0
186 93 0 -114 114 0
186 93 0 -113 113 0
186 93 0 -112 112 0
186 93 -93 -111 111 222
186 93 0 -111 111 0
186 93 0 -110 110 0
186 93 0 -109 109 0
186 93 0 -108 108 0
186 93 -93 -107 107 214
186 93 0 -107 107 0
186 93 0 -106 106 0
186 93 0 -105 105 0
186 93 0 -104 104 0
186 93 -93 -103 103 206
186 93 0 -103 103 0
186 93 0 -102 102 0
186 93 0 -101 101 0
186 93 0 -100 100 0
186 93 -93 -99 99 198
186 93 0 -99 99 0
186 93 0 -98 98 0
186 93 0 -97 97 0
186 93 0 -96 96 0
186 93 -93 -95 95 190
186 93 0 -95 95 0
186 93 0 -94 94 0
186 93 0 -93 93 0
186 93 0 -92 92 0
186 93 -93 -91 91 182
186 93 0 -91 91 0
186 93 0 -90 90 0
186 93 0 -89 89 0
186 93 0 -88 88 0
186 93 -93 -87 87 174
186 93 0 -87 87 0
186 93 0 -86 86 0
186 93 0 -85 85 0
186 93 0 -84 84 0
186 93 -93 -83 83 166
186 93 0 -83 83 0
186 93 0 -82 82 0
186 93 0 -81 81 0
186 93 0 -80 80 0
186 93 -93 -79 79 158
186 93 0 -79 79 0
186 93 0 -78 78 0
186 93 0 -77 77 0
186 93 0 -76 76 0
186 93 -93 -75 75 150
186 93 0 -75 75 0
186 93 0 -74 74 0
186 93 0 -73 73 0
186 93 0 -72 72 0
186 93 -93 -71 71 142
186 93 0 -71 71 0
186 93 0 -70 70 0
186 93 0 -69 69 0
186 93 0 -68 68 0
186 93 -93 -67 67 134
186 93 0 -67 67 0
186 93 0 -66 66 0
186 93 0 -65 65 0
186 93 0 -64 64 0
186 93 -93 -63 63 126
186 93 0 -63 63 0
186 93 0 -62 62 0
186 93 0 -61 61 0
186 93 0 -60 60 0
186 93 -93 -59 59 118
186 93 0 -59 59 0
186 93 0 -58 58 0
186 93 0 -57 57 0
186 93 0 -56 56 0
186 93 -93 -55 55 110
186 93 0 -55 55 0
186 93 0 -54 54 0
186 93 0 -53 53 0
186 93 0 -52 52 0
186 93 -93 -51 51 102
186 93 0 -51 51 0
186 93 0 -50 50 0
186 93 0 -49 49 0
186 93 0 -48 48 0
186 93 -93 -47 47 94
186 93 0 -47 47 0
186 93 0 -46 46 0
186 93 0 -45 45 0
186 93 0 -44 44 0
186 93 -93 -43 43 86
186 93 0 -43 43 0
186 93 0 -42 42 0
186 93 0 -41 41 0
186 93 0 -40 40 0
186 93 -93 -39 39 78
186 93 0 -39 39 0
186 93 0 -38 38 0
186 93 0 -37 37 0
186 93 0 -36 36 0
186 93 -93 -35 35 70
186 93 0 -35 35 0
186 93 0 -34 34 0
186 93 0 -33 33 0
186 93 0 -32 32 0
186 93 -93 -31 31 62
186 93 0 -31 31 0
186 93 0 -30 30 0
186 93 0 -29 29 0
186 93 0 -28 28 0
186 93 -93 -27 27 54
186 93 0 -27 27 0
186 93 0 -26 26 0
186 93 0 -25 25 0
186 93 0 -24 24 0
186 93 -93 -23 23 46
186 93 0 -23 23 0
186 93 0 -22 22 0
186 93 0 -21 21 0
186 93 0 -20 20 0
186 93 -93 -19 19 38
186 93 0 -19 19 0
186 93 0 -18 18 0
186 93 0 -17 17 0
186 93 0 -16 16 0
186 93 -93 -15 15 30
186 93 0 -15 15 0
186 93 0 -14 14 0
186 93 0 -13 13 0
186 93 0 -12 12 0
186 93 -93 -11 11 22
186 93 0 -11 11 0
186 93 0 -10 10 0
186 93 0 -9 9 0
186 93 0 -8 8 0
186 93 -93 -7 7 14
186 93 0 -7 7 0
186 93 0 -6 6 0
186 93 0 -5 5 0
186 93 0 -4 4 0
186 93 -93 -3 3 6
186 93 0 -3 3 0
186 93 0 -2 2 0
186 93 0 -1 1 0
186 93 -93 1 -1 -2
186 93 0 1 -1 0
186 93 0 2 -2 0
186 93 0 3 -3 0
186 93 0 4 -4 0
186 93 -93 5 -5 -10
186 93 0 5 -5 0
186 93 0 6 -6 0
186 93 0 7 -7 0
186 93 0 8 -8 0
186 93 -93 9 -9 -18
186 93 0 9 -9 0
186 93 0 10 -10 0
186 93 0 11 -11 0
186 93 0 12 -12 0
186 93 -93 13 -13 -26
186 93 0 13 -13 0
186 93 0 14 -14 0
186 93 0 15 -15 0
186 93 0 16 -16 0
186 93 -93 17 -17 -34
186 93 0 17 -17 0
186 93 0 18 -18 0
186 93 0 19 -19 0
186 93 0 20 -20 0
186 93 -93 21 -21 -42
186 93 0 21 -21 0
186 93 0 22 -22 0
186 93 0 23 -23 0
186 93 0 24 -24 0
186 93 -93 25 -25 -50
186 93 0 25 -25 0
186 93 0 26 -26 0
186 93 0 27 -27 0
186 93 0 28 -28 0
186 93 -93 29 -29 -58
186 93 0 29 -29 0
186 93 0 30 -30 0
186 93 0 31 -31 0
186 93 0 32 -32 0
186 93 -93 33 -33 -66
186 93 0 33 -33 0
186 93 0 34 -34 0
186 93 0 35 -35 0
186 93 0 36 -36 0
186 93 -93 37 -37 -74
186 93 0 37 -37 0
186 93 0 38 -38 0
186 93 0 39 -39 0
186 93 0 40 -40 0
186 93 -93 41 -41 -82
186 93 0 41 -41 0
186 93 0 42 -42 0
186 93 0 43 -43 0
186 93 0 44 -44 0
186 93 -93 45 -45 -90
186 93 0 45 -45 0
186 93 0 46 -46 0
186 93 0 47 -47 0
186 93 0 48 -48 0
186 93 -93 49 -49 -98
186 93 0 49 -49 0
186 93 0 50 -50 0
186 93 0 51 -51 0
186 93 0 52 -52 0
186 93 -93 53 -53 -106
186 93 0 53 -53 0
186 93 0 54 -54 0
186 93 0 55 -55 0
186 93 0 56 -56 0
186 93 -93 57 -57 -114
186 93 0 57 -57 0
186 93 0 58 -58 0
186 93 0 59 -59 0
186 93 0 60 -60 0
186 93 -93 61 -61 -122
186 93 0 61 -61 0
186 93 0 62 -62 0
186 93 0 63 -63 0
186 93 0 64 -64 0
186 93 -93 65 -65 -130
186 93 0 65 -65 0
186 93 0 66 -66 0
186 93 0 67 -67 0
186 93 0 68 -68 0
186 93 -93 69 -69 -138
186 93 0 69 -69 0
186 93 0 70 -70 0
186 93 0 71 -71 0
186 93 0 72 -72 0
186 93 -93 73 -73 -146
186 93 0 73 -73 0
186 93 0 74 -74 0
186 93 0 75 -75 0
186 93 0 76 -76 0
186 93 -93 77 -77 -154
186 93 0 77 -77 0
186 93 0 78 -78 0
186 93 0 79 -79 0
186 93 0 80 -80 0
186 93 -93 81 -81 -162
186 93 0 81 -81 0
186 93 0 82 -82 0
186 93 0 83 -83 0
186 93 0 84 -84 0
186 93 -93 85 -85 -170
186 93 0 85 -85 0
186 93 0 86 -86 0
186 93 0 87 -87 0
186 93 0 88 -88 0
186 93 -93 89 -89 -178
186 93 0 89 -89 0
186 93 0 90 -90 0
186 93 0 91 -91 0
186 93 0 92 -92 0
186 93 -93 93 -93 -186
186 93 0 93 -93 0
186 93 0 94 -94 0
186 93 0 95 -95 0
186 93 0 96 -96 0
186 93 -93 97 -97 -194
186 93 0 97 -97 0
186 93 0 98 -98 0
186 93 0 99 -99 0
186 93 0 100 -100 0
186 93 -93 101 -101 -202
186 93 0 101 -101 0
186 93 0 102 -102 0
186 93 0 103 -103 0
186 93 0 104 -104 0
186 93 -93 105 -105 -210
186 93 0 105 -105 0
186 93 0 106 -106 0
186 93 0 107 -107 0
186 93 0 108 -108 0
186 93 -93 109 -109 -218
186 93 0 109 -109 0
186 93 0 110 -110 0
186 93 0 111 -111 0
186 93 0 112 -112 0
186 93 -93 113 -113 -226
186 93 0 113 -113 0
186 93 0 114 -114 0
186 93 0 115 -115 0
186 93 0 116 -116 0
186 93 -93 117 -117 -234
186 93 0 117 -117 0
186 93 0 118 -118 0
186 93 0 119 -119 0
186 93 0 120 -120 0
186 93 -93 121 -121 -242
186 93 0 121 -121 0
186 93 0 122 -122 0
186 93 0 123 -123 0
186 93 0 124 -124 0
186 93 -93 125 -125 -250
186 93 0 125 -125 0
186 93 0 126 -126 0
186 93 0 127 -127 0
186 93 0 128 -128 0
186 93 -93 129 -129 -258
186 93 0 129 -129 0
186 93 0 130 -130 0
186 93 0 131 -131 0
186 93 0 132 -132 0
186 93 -93 133 -133 -266
186 93 0 133 -133 0
186 93 0 134 -134 0
186 93 0 135 -135 0
186 93 0 136 -136 0
186 93 -93 137 -137 -274
186 93 0 137 -137 0
186 93 0 138 -138 0
186 93 -1 139 -139 -278
186 93 0 139 -139 0
186 93 0 140 -140 0
186 93 -93 141 -141 -282
186 93 0 141 -141 0
186 93 0 142 -142 0
186 93 0 143 -143 0
186 93 0 144 -144 0
186 93 -93 145 -145 -290
186 93 0 145 -145 0
186 93 0 146 -146 0
186 93 0 147 -147 0
186 93 0 148 -148 0
186 93 -93 149 -149 -298
186 93 0 149 -149 0
186 93 0 150 -150 0
188 94 0 -150 150 0
188 94 0 -149 149 0
188 94 -94 -148 148 296
188 94 0 -148 148 0
188 94 0 -147 147 0
188 94 0 -146 146 0
188 94 0 -145 145 0
188 94 -94 -144 144 288
188 94 0 -144 144 0
188 94 0 -143 143 0
188 94 0 -142 142 0
188 94 0 -141 141 0
188 94 -94 -140 140 280
188 94 0 -140 140 0
188 94 0 -139 139 0
188 94 0 -138 138 0
188 94 0 -137 137 0
188 94 -94 -136 136 272
188 94 0 -136 136 0
188 94 0 -135 135 0
188 94 0 -134 134 0
188 94 0 -133 133 0
188 94 -94 -132 132 264
188 94 0 -132 132 0
188 94 0 -131 131 0
188 94 0 -130 130 0
188 94 0 -129 129 0
188 94 -94 -128 128 256
188 94 0 -128 128 0
188 94 0 -127 127 0
188 94 0 -126 126 0
188 94 0 -125 125 0
188 94 -94 -124 124 248
188 94 0 -124 124 0
188 94 0 -123 123 0
188 94 0 -122 122 0
188 94 0 -121 121 0
188 94 -94 -120 120 240
188 94 0 -120 120 0
188 94 0 -119 119 0
188 94 0 -118 118 0
188 94 0 -117 117 0
188 94 -94 -116 116 232
188 94 0 -116 116 0
188 94 0 -115 115 0
188 94 0 -114 114 0
188 94 0 -113 113 0
188 94 -94 -112 112 224
188 94 0 -112 112 0
188 94 0 -111 111 0
188 94 0 -110 110 0
188 94 0 -109 109 0
188 94 -94 -108 108 216
188 94 0 -108 108 0
188 94 0 -107 107 0
188 94 0 -106 106 0
188 94 0 -105 105 0
188 94 -94 -104 104 208
188 94 0 -104 104 0
188 94 0 -103 103 0
188 94 0 -102 102 0
188 94 0 -101 101 0
188 94 -94 -100 100 200
188 94 0 -100 100 0
188 94 0 -99 99 0
188 94 0 -98 98 0
188 94 0 -97 97 0
188 94 -94 -96 96 192
188 94 0 -96 96 0
188 94 0 -95 95 0
188 94 0 -94 94 0
188 94 0 -93 93 0
188 94 -94 -92 92 184
188 94 0 -92 92 0
188 94 0 -91 91 0
188 94 0 -90 90 0
188 94 0 -89 89 0
188 94 -94 -88 88 176
188 94 0 -88 88 0
188 94 0 -87 87 0
188 94 0 -86 86 0
188 94 0 -85 85 0
188 94 -94 -84 84 168
188 94 0 -84 84 0
188 94 0 -83 83 0
188 94 0 -82 82 0
188 94 0 -81 81 0
188 94 -94 -80 80 160
188 94 0 -80 80 0
188 94 0 -79 79 0
188 94 0 -78 78 0
188 94 0 -77 77 0
188 94 -94 -76 76 152
188 94 0 -76 76 0
188 94 0 -75 75 0
188 94 0 -74 74 0
188 94 0 -73 73 0
188 94 -94 -72 72 144
188 94 0 -72 72 0
188 94 0 -71 71 0
188 94 0 -70 70 0
188 94 0 -69 69 0
188 94 -94 -68 68 136
188 94 0 -68 68 0
188 94 0 -67 67 0
188 94 0 -66 66 0
188 94 0 -65 65 0
188 94 -94 -64 64 128
188 94 0 -64 64 0
188 94 0 -63 63 0
188 94 0 -62 62 0
188 94 0 -61 61 0
188 94 -94 -60 60 120
188 94 0 -60 60 0
188 94 0 -59 59 0
188 94 0 -58 58 0
188 94 0 -57 57 0
188 94 -94 -56 56 112
188 94 0 -56 56 0
188 94 0 -55 55 0
188 94 0 -54 54 0
188 94 0 -53 53 0
188 94 -94 -52 52 104
188 94 0 -52 52 0
188 94 0 -51 51 0
188 94 0 -50 50 0
188 94 0 -49 49 0
188 94 -94 -48 48 96
188 94 0 -48 48 0
188 94 0 -47 47 0
188 94 0 -46 46 0
188 94 0 -45 45 0
188 94 -94 -44 44 88
188 94 0 -44 44 0
188 94 0 -43 43 0
188 94 0 -42 42 0
188 94 0 -41 41 0
188 94 -94 -40 40 80
188 94 0 -40 40 0
188 94 0 -39 39 0
188 94 0 -38 38 0
188 94 0 -37 37 0
188 94 -94 -36 36 72
188 94 0 -36 36 0
188 94 0 -35 35 0
188 94 0 -34 34 0
188 94 0 -33 33 0
188 94 -94 -32 32 64
188 94 0 -32 32 0
188 94 0 -31 31 0
188 94 0 -30 30 0
188 94 0 -29 29 0
188 94 -94 -28 28 56
188 94 0 -28 28 0
188 94 0 -27 27 0
188 94 0 -26 26 0
188 94 0 -25 25 0
188 94 -94 -24 24 48
188 94 0 -24 24 0
188 94 0 -23 23 0
188 94 0 -22 22 0
188 94 0 -21 21 0
188 94 -94 -20 20 40
188 94 0 -20 20 0
188 94 0 -19 19 0
188 94 0 -18 18 0
188 94 0 -17 17 0
188 94 -94 -16 16 32
188 94 0 -16 16 0
188 94 0 -15 15 0
188 94 0 -14 14 0
188 94 0 -13 13 0
188 94 -94 -12 12 24
188 94 0 -12 12 0
188 94 0 -11 11 0
188 94 0 -10 10 0
188 94 0 -9 9 0
188 94 -94 -8 8 16
188 94 0 -8 8 0
188 94 0 -7 7 0
188 94 0 -6 6 0
188 94 0 -5 5 0
188 94 -94 -4 4 8
188 94 0 -4 4 0
188 94 0 -3 3 0
188 94 0 -2 2 0
188 94 0 -1 1 0
188 94 0 1 -1 0
188 94 0 2 -2 0
188 94 0 3 -3 0
188 94 -94 4 -4 -8
188 94 0 4 -4 0
188 94 0 5 -5 0
188 94 0 6 -6 0
188 94 0 7 -7 0
188 94 -94 8 -8 -16
188 94 0 8 -8 0
188 94 0 9 -9 0
188 94 0 10 -10 0
188 94 0 11 -11 0
188 94 -94 12 -12 -24
188 94 0 12 -12 0
188 94 0 13 -13 0
188 94 0 14 -14 0
188 94 0 15 -15 0
188 94 -94 16 -16 -32
188 94 0 16 -16 0
188 94 0 17 -17 0
188 94 0 18 -18 0
188 94 0 19 -19 0
188 94 -94 20 -20 -40
188 94 0 20 -20 0
188 94 0 21 -21 0
188 94 0 22 -22 0
188 94 0 23 -23 0
188 94 -94 24 -24 -48
188 94 0 24 -24 0
188 94 0 25 -25 0
188 94 0 26 -26 0
188 94 0 27 -27 0
188 94 -94 28 -28 -56
188 94 0 28 -28 0
188 94 0 29 -29 0
188 94 0 30 -30 0
188 94 0 31 -31 0
188 94 -94 32 -32 -64
188 94 0 32 -32 0
188 94 0 33 -33 0
188 94 0 34 -34 0
188 94 0 35 -35 0
188 94 -94 36 -36 -72
188 94 0 36 -36 0
188 94 0 37 -37 0
188 94 0 38 -38 0
188 94 0 39 -39 0
188 94 -94 40 -40 -80
188 94 0 40 -40 0
188 94 0 41 -41 0
188 94 0 42 -42 0
188 94 0 43 -43 0
188 94 -94 44 -44 -88
188 94 0 44 -44 0
188 94 0 45 -45 0
188 94 0 46 -46 0
188 94 0 47 -47 0
188 94 -94 48 -48 -96
188 94 0 48 -48 0
188 94 0 49 -49 0
188 94 0 50 -50 0
188 94 0 51 -51 0
188 94 -94 52 -52 -104
188 94 0 52 -52 0
188 94 0 53 -53 0
188 94 0 54 -54 0
188 94 0 55 -55 0
188 94 -94 56 -56 -112
188 94 0 56 -56 0
188 94 0 57 -57 0
188 94 0 58 -58 0
188 94 0 59 -59 0
188 94 -94 60 -60 -120
188 94 0 60 -60 0
188 94 0 61 -61 0
188 94 0 62 -62 0
188 94 0 63 -63 0
188 94 -94 64 -64 -128
188 94 0 64 -64 0
188 94 0 65 -65 0
188 94 0 66 -66 0
188 94 0 67 -67 0
188 94 -94 68 -68 -136
188 94 0 68 -68 0
188 94 0 69 -69 0
188 94 0 70 -70 0
188 94 0 71 -71 0
188 94 -94 72 -72 -144
188 94 0 72 -72 0
188 94 0 73 -73 0
188 94 0 74 -74 0
188 94 0 75 -75 0
188 94 -94 76 -76 -152
188 94 0 76 -76 0
188 94 0 77 -77 0
188 94 0 78 -78 0
188 94 0 79 -79 0
188 94 -94 80 -80 -160
188 94 0 80 -80 0
188 94 0 81 -81 0
188 94 0 82 -82 0
188 94 0 83 -83 0
188 94 -94 84 -84 -168
188 94 0 84 -84 0
188 94 0 85 -85 0
188 94 0 86 -86 0
188 94 0 87 -87 0
188 94 -94 88 -88 -176
188 94 0 88 -88 0
188 94 0 89 -89 0
188 94 0 90 -90 0
188 94 0 91 -91 0
188 94 -94 92 -92 -184
188 94 0 92 -92 0
188 94 0 93 -93 0
188 94 0 94 -94 0
188 94 0 95 -95 0
188 94 -94 96 -96 -192
188 94 0 96 -96 0
188 94 0 97 -97 0
188 94 0 98 -98 0
188 94 0 99 -99 0
188 94 -94 100 -100 -200
188 94 0 100 -100 0
188 94 0 101 -101 0
188 94 0 102 -102 0
188 94 0 103 -103 0
188 94 -94 104 -104 -208
188 94 0 104 -104 0
188 94 0 105 -105 0
188 94 0 106 -106 0
188 94 0 107 -107 0
188 94 -94 108 -108 -216
188 94 0 108 -108 0
188 94 0 109 -109 0
188 94 0 110 -110 0
188 94 0 111 -111 0
188 94 -94 112 -112 -224
188 94 0 112 -112 0
188 94 0 113 -113 0
188 94 0 114 -114 0
188 94 0 115 -115 0
188 94 -94 116 -116 -232
188 94 0 116 -116 0
188 94 0 117 -117 0
188 94 0 118 -118 0
188 94 0 119 -119 0
188 94 -94 120 -120 -240
188 94 0 120 -120 0
188 94 0 121 -121 0
188 94 0 122 -122 0
188 94 0 123 -123 0
188 94 -94 124 -124 -248
188 94 0 124 -124 0
188 94 0 125 -125 0
188 94 0 126 -126 0
188 94 0 127 -127 0
188 94 -94 128 -128 -256
188 94 0 128 -128 0
188 94 0 129 -129 0
188 94 0 130 -130 0
188 94 0 131 -131 0
188 94 -94 132 -132 -264
188 94 0 132 -132 0
188 94 0 133 -133 0
188 94 0 134 -134 0
188 94 0 135 -135 0
188 94 -94 136 -136 -272
188 94 0 136 -136 0
188 94 0 137 -137 0
188 94 0 138 -138 0
188 94 0 139 -139 0
188 94 -94 140 -140 -280
188 94 0 140 -140 0
188 94 0 141 -141 0
188 94 0 142 -142 0
188 94 0 143 -143 0
188 94 -94 144 -144 -288
188 94 0 144 -144 0
188 94 0 145 -145 0
188 94 0 146 -146 0
188 94 0 147 -147 0
188 94 -94 148 -148 -296
188 94 0 148 -148 0
188 94 0 149 -149 0
188 94 0 150 -150 0
190 95 0 -150 150 0
190 95 0 -149 149 0
190 95 0 -148 148 0
190 95 -95 -147 147 294
190 95 0 -147 147 0
190 95 0 -146 146 0
190 95 0 -145 145 0
190 95 0 -144 144 0
190 95 -95 -143 143 286
190 95 0 -143 143 0
190 95 1 -143 143 286
190 95 0 -142 142 0
190 95 0 -141 141 0
190 95 0 -140 140 0
190 95 -95 -139 139 278
190 95 0 -139 139 0
190 95 0 -138 138 0
190 95 0 -137 137 0
190 95 0 -136 136 0
190 95 -95 -135 135 270
190 95 0 -135 135 0
190 95 0 -134 134 0
190 95 0 -133 133 0
190 95 0 -132 132 0
190 95 -95 -131 131 262
190 95 0 -131 131 0
190 95 0 -130 130 0
190 95 0 -129 129 0
190 95 0 -128 128 0
190 95 -95 -127 127 254
190 95 0 -127 127 0
190 95 0 -126 126 0
190 95 0 -125 125 0
190 95 0 -124 124 0
190 95 -95 -123 123 246
190 95 0 -123 123 0
190 95 0 -122 122 0
190 95 0 -121 121 0
190 95 0 -120 120 0
190 95 -95 -119 119 238
190 95 0 -119 119 0
190 95 0 -118 118 0
190 95 0 -117 117 0
190 95 0 -116 116 0
190 95 -95 -115 115 230
190 95 0 -115 115 0
190 95 0 -114 114 0
190 95 0 -113 113 0
190 95 0 -112 112 0
190 95 -95 -111 111 222
190 95 0 -111 111 0
190 95 0 -110 110 0
190 95 0 -109 109 0
190 95 0 -108 108 0
190 95 -95 -107 107 214
190 95 0 -107 107 0
190 95 0 -106 106 0
190 95 0 -105 105 0
190 95 0 -104 104 0
190 95 -95 -103 103 206
190 95 0 -103 103 0
190 95 0 -102 102 0
190 95 0 -101 101 0
190 95 0 -100 100 0
190 95 -95 -99 99 198
190 95 0 -99 99 0
190 95 0 -98 98 0
190 95 0 -97 97 0
190 95 0 -96 96 0
190 95 -95 -95 95 190
190 95 0 -95 95 0
190 95 0 -94 94 0
190 95 0 -93 93 0
190 95 0 -92 92 0
190 95 -95 -91 91 182
190 95 0 -91 91 0
190 95 0 -90 90 0
190 95 0 -89 89 0
190 95 0 -88 88 0
190 95 -95 -87 87 174
190 95 0 -87 87 0
190 95 0 -86 86 0
190 95 0 -85 85 0
190 95 0 -84 84 0
190 95 -95 -83 83 166
190 95 0 -83 83 0
190 95 0 -82 82 0
190 95 0 -81 81 0
190 95 0 -80 80 0
190 95 -95 -79 79 158
190 95 0 -79 79 0
190 95 0 -78 78 0
190 95 0 -77 77 0
190 95 0 -76 76 0
190 95 -95 -75 75 150
190 95 0 -75 75 0
190 95 0 -74 74 0
190 95 0 -73 73 0
190 95 0 -72 72 0
190 95 -95 -71 71 142
190 95 0 -71 71 0
190 95 0 -70 70 0
190 95 0 -69 69 0
190 95 0 -68 68 0
190 95 -95 -67 67 134
190 95 0 -67 67 0
190 95 0 -66 66 0
190 95 0 -65 65 0
190 95 0 -64 64 0
190 95 -95 -63 63 126
190 95 0 -63 63 0
190 95 0 -62 62 0
190 95 0 -61 61 0
190 95 0 -60 60 0
190 95 -95 -59 59 118
190 95 0 -59 59 0
190 95 0 -58 58 0
190 95 0 -57 57 0
190 95 0 -56 56 0
190 95 -95 -55 55 110
190 95 0 -55 55 0
190 95 0 -54 54 0
190 95 0 -53 53 0
190 95 0 -52 52 0
190 95 -95 -51 51 102
190 95 0 -51 51 0
190 95 0 -50 50 0
190 95 0 -49 49 0
190 95 0 -48 48 0
190 95 -95 -47 47 94
190 95 0 -47 47 0
190 95 0 -46 46 0
190 95 0 -45 45 0
190 95 0 -44 44 0
190 95 -95 -43 43 86
190 95 0 -43 43 0
190 95 0 -42 42 0
190 95 0 -41 41 0
190 95 0 -40 40 0
190 95 -95 -39 39 78
190 95 0 -39 39 0
190 95 0 -38 38 0
190 95 0 -37 37 0
190 95 0 -36 36 0
190 95 -95 -35 35 70
190 95 0 -35 35 0
190 95 0 -34 34 0
190 95 0 -33 33 0
190 95 0 -32 32 0
190 95 -95 -31 31 62
190 95 0 -31 31 0
190 95 0 -30 30 0
190 95 0 -29 29 0
190 95 0 -28 28 0
190 95 -95 -27 27 54
190 95 0 -27 27 0
190 95 0 -26 26 0
190 95 0 -25 25 0
190 95 0 -24 24 0
190 95 -95 -23 23 46
190 95 0 -23 23 0
190 95 0 -22 22 0
190 95 0 -21 21 0
190 95 0 -20 20 0
190 95 -95 -19 19 38
190 95 0 -19 19 0
190 95 0 -18 18 0
190 95 0 -17 17 0
190 95 0 -16 16 0
190 95 -95 -15 15 30
190 95 0 -15 15 0
190 95 0 -14 14 0
190 95 0 -13 13 0
190 95 0 -12 12 0
190 95 -95 -11 11 22
190 95 0 -11 11 0
190 95 0 -10 10 0
190 95 0 -9 9 0
190 95 0 -8 8 0
190 95 -95 -7 7 14
190 95 0 -7 7 0
190 95 0 -6 6 0
190 95 0 -5 5 0
190 95 0 -4 4 0
190 95 -95 -3 3 6
190 95 0 -3 3 0
190 95 0 -2 2 0
190 95 0 -1 1 0
190 95 -95 1 -1 -2
190 95 0 1 -1 0
190 95 0 2 -2 0
190 95 0 3 -3 0
190 95 0 4 -4 0
190 95 -95 5 -5 -10
190 95 0 5 -5 0
190 95 0 6 -6 0
190 95 0 7 -7 0
190 95 0 8 -8 0
190 95 -95 9 -9 -18
190 95 0 9 -9 0
190 95 0 10 -10 0
190 95 0 11 -11 0
190 95 0 12 -12 0
190 95 -95 13 -13 -26
190 95 0 13 -13 0
190 95 0 14 -14 0
190 95 0 15 -15 0
190 95 0 16 -16 0
190 95 -95 17 -17 -34
190 95 0 17 -17 0
190 95 0 18 -18 0
190 95 0 19 -19 0
190 95 0 20 -20 0
190 95 -95 21 -21 -42
190 95 0 21 -21 0
190 95 0 22 -22 0
190 95 0 23 -23 0
190 95 0 24 -24 0
190 95 -95 25 -25 -50
190 95 0 25 -25 0
190 95 0 26 -26 0
190 95 0 27 -27 0
190 95 0 28 -28 0
190 95 -95 29 -29 -58
190 95 0 29 -29 0
190 95 0 30 -30 0
190 95 0 31 -31 0
190 95 0 32 -32 0
190 95 -95 33 -33 -66
190 95 0 33 -33 0
190 95 0 34 -34 0
190 95 0 35 -35 0
190 95 0 36 -36 0
190 95 -95 37 -37 -74
190 95 0 37 -37 0
190 95 0 38 -38 0
190 95 0 39 -39 0
190 95 0 40 -40 0
190 95 -95 41 -41 -82
190 95 0 41 -41 0
190 95 0 42 -42 0
190 95 0 43 -43 0
190 95 0 44 -44 0
190 95 -95 45 -45 -90
190 95 0 45 -45 0
190 95 0 46 -46 0
190 95 0 47 -47 0
190 95 0 48 -48 0
190 95 -95 49 -49 -98
190 95 0 49 -49 0
190 95 0 50 -50 0
190 95 0 51 -51 0
190 95 0 52 -52 0
190 95 -95 53 -53 -106
190 95 0 53 -53 0
190 95 0 54 -54 0
190 95 0 55 -55 0
190 95 0 56 -56 0
190 95 -95 57 -57 -114
190 95 0 57 -57 0
190 95 0 58 -58 0
190 95 0 59 -59 0
190 95 0 60 -60 0
190 95 -95 61 -61 -122
190 95 0 61 -61 0
190 95 0 62 -62 0
190 95 0 63 -63 0
190 95 0 64 -64 0
190 95 -95 65 -65 -130
190 95 0 65 -65 0
190 95 0 66 -66 0
190 95 0 67 -67 0
190 95 0 68 -68 0
190 95 -95 69 -69 -138
190 95 0 69 -69 0
190 95 0 70 -70 0
190 95 0 71 -71 0
190 95 0 72 -72 0
190 95 -95 73 -73 -146
190 95 0 73 -73 0
190 95 0 74 -74 0
190 95 0 75 -75 0
190 95 0 76 -76 0
190 95 -95 77 -77 -154
190 95 0 77 -77 0
190 95 0 78 -78 0
190 95 0 79 -79 0
190 95 0 80 -80 0
190 95 -95 81 -81 -162
190 95 0 81 -81 0
190 95 0 82 -82 0
190 95 0 83 -83 0
190 95 0 84 -84 0
190 95 -95 85 -85 -170
190 95 0 85 -85 0
190 95 0 86 -86 0
190 95 0 87 -87 0
190 95 0 88 -88 0
190 95 -95 89 -89 -178
190 95 0 89 -89 0
190 95 0 90 -90 0
190 95 0 91 -91 0
190 95 0 92 -92 0
190 95 -95 93 -93 -186
190 95 0 93 -93 0
190 95 0 94 -94 0
190 95 0 95 -95 0
190 95 0 96 -96 0
190 95 -95 97 -97 -194
190 95 0 97 -97 0
190 95 0 98 -98 0
190 95 0 99 -99 0
190 95 0 100 -100 0
190 95 -95 101 -101 -202
190 95 0 101 -101 0
190 95 0 102 -102 0
190 95 0 103 -103 0
190 95 0 104 -104 0
190 95 -95 105 -105 -210
190 95 0 105 -105 0
190 95 0 106 -106 0
190 95 0 107 -107 0
190 95 0 108 -108 0
190 95 -95 109 -109 -218
190 95 0 109 -109 0
190 95 0 110 -110 0
190 95 0 111 -111 0
190 95 0 112 -112 0
190 95 -95 113 -113 -226
190 95 0 113 -113 0
190 95 0 114 -114 0
190 95 0 115 -115 0
190 95 0 116 -116 0
190 95 -95 117 -117 -234
190 95 0 117 -117 0
190 95 0 118 -118 0
190 95 0 119 -119 0
190 95 0 120 -120 0
190 95 -95 121 -121 -242
190 95 0 121 -121 0
190 95 0 122 -122 0
190 95 0 123 -123 0
190 95 0 124 -124 0
190 95 -95 125 -125 -250
190 95 0 125 -125 0
190 95 0 126 -126 0
190 95 0 127 -127 0
190 95 0 128 -128 0
190 95 -95 129 -129 -258
190 95 0 129 -129 0
190 95 0 130 -130 0
190 95 0 131 -131 0
190 95 0 132 -132 0
190 95 -95 133 -133 -266
190 95 0 133 -133 0
190 95 0 134 -134 0
190 95 0 135 -135 0
190 95 0 136 -136 0
190 95 -95 137 -137 -274
190 95 0 137 -137 0
190 95 0 138 -138 0
190 95 0 139 -139 0
190 95 0 140 -140 0
190 95 -95 141 -141 -282
190 95 0 141 -141 0
190 95 -1 142 -142 -284
190 95 0 142 -142 0
190 95 0 143 -143 0
190 95 0 144 -144 0
190 95 -95 145 -145 -290
190 95 0 145 -145 0
190 95 0 146 -146 0
190 95 0 147 -147 0
190 95 0 148 -148 0
190 95 -95 149 -149 -298
190 95 0 149 -149 0
190 95 0 150 -150 0
192 96 0 -150 150 0
192 96 0 -149 149 0
192 96 -96 -148 148 296
192 96 0 -148 148 0
192 96 0 -147 147 0
192 96 0 -146 146 0
192 96 0 -145 145 0
192 96 -96 -144 144 288
192 96 0 -144 144 0
192 96 0 -143 143 0
192 96 0 -142 142 0
192 96 0 -141 141 0
192 96 -96 -140 140 280
192 96 0 -140 140 0
192 96 0 -139 139 0
192 96 0 -138 138 0
192 96 0 -137 137 0
192 96 -96 -136 136 272
192 96 0 -136 136 0
192 96 0 -135 135 0
192 96 0 -134 134 0
192 96 0 -133 133 0
192 96 -96 -132 132 264
192 96 0 -132 132 0
192 96 0 -131 131 0
192 96 0 -130 130 0
192 96 0 -129 129 0
192 96 -96 -128 128 256
192 96 0 -128 128 0
192 96 0 -127 127 0
192 96 0 -126 126 0
192 96 0 -125 125 0
192 96 -96 -124 124 248
192 96 0 -124 124 0
192 96 0 -123 123 0
192 96 0 -122 122 0
192 96 0 -121 121 0
192 96 -96 -120 120 240
192 96 0 -120 120 0
192 96 0 -119 119 0
192 96 0 -118 118 0
192 96 0 -117 117 0
192 96 -96 -116 116 232
192 96 0 -116 116 0
192 96 0 -115 115 0
192 96 0 -114 114 0
192 96 0 -113 113 0
192 96 -96 -112 112 224
192 96 0 -112 112 0
192 96 0 -111 111 0
192 96 0 -110 110 0
192 96 0 -109 109 0
192 96 -96 -108 108 216
192 96 0 -108 108 0
192 96 0 -107 107 0
192 96 0 -106 106 0
192 96 0 -105 105 0
192 96 -96 -104 104 208
192 96 0 -104 104 0
192 96 0 -103 103 0
192 96 0 -102 102 0
192 96 0 -101 101 0
192 96 -96 -100 100 200
192 96 0 -100 100 0
192 96 0 -99 99 0
192 96 0 -98 98 0
192 96 0 -97 97 0
192 96 -96 -96 96 192
192 96 0 -96 96 0
192 96 0 -95 95 0
192 96 0 -94 94 0
192 96 0 -93 93 0
192 96 -96 -92 92 184
192 96 0 -92 92 0
192 96 0 -91 91 0
192 96 0 -90 90 0
192 96 0 -89 89 0
192 96 -96 -88 88 176
192 96 0 -88 88 0
192 96 0 -87 87 0
192 96 0 -86 86 0
192 96 0 -85 85 0
192 96 -96 -84 84 168
192 96 0 -84 84 0
192 96 0 -83 83 0
192 96 0 -82 82 0
192 96 0 -81 81 0
192 96 -96 -80 80 160
192 96 0 -80 80 0
192 96 0 -79 79 0
192 96 0 -78 78 0
192 96 0 -77 77 0
192 96 -96 -76 76 152
192 96 0 -76 76 0
192 96 0 -75 75 0
192 96 0 -74 74 0
192 96 0 -73 73 0
192 96 -96 -72 72 144
192 96 0 -72 72 0
192 96 0 -71 71 0
192 96 0 -70 70 0
192 96 0 -69 69 0
192 96 -96 -68 68 136
192 96 0 -68 68 0
192 96 0 -67 67 0
192 96 0 -66 66 0
192 96 0 -65 65 0
192 96 -96 -64 64 128
192 96 0 -64 64 0
192 96 0 -63 63 0
192 96 0 -62 62 0
192 96 0 -61 61 0
192 96 -96 -60 60 120
192 96 0 -60 60 0
192 96 0 -59 59 0
192 96 0 -58 58 0
192 96 0 -57 57 0
192 96 -96 -56 56 112
192 96 0 -56 56 0
192 96 0 -55 55 0
192 96 0 -54 54 0
192 96 0 -53 53 0
192 96 -96 -52 52 104
192 96 0 -52 52 0
192 96 0 -51 51 0
192 96 0 -50 50 0
192 96 0 -49 49 0
192 96 -96 -48 48 96
192 96 0 -48 48 0
192 96 0 -47 47 0
192 96 0 -46 46 0
192 96 0 -45 45 0
192 96 -96 -44 44 88
192 96 0 -44 44 0
192 96 0 -43 43 0
192 96 0 -42 42 0
192 96 0 -41 41 0
192 96 -96 -40 40 80
192 96 0 -40 40 0
192 96 0 -39 39 0
192 96 0 -38 38 0
192 96 0 -37 37 0
192 96 -96 -36 36 72
192 96 0 -36 36 0
192 96 0 -35 35 0
192 96 0 -34 34 0
192 96 0 -33 33 0
192 96 -96 -32 32 64
192 96 0 -32 32 0
192 96 0 -31 31 0
192 96 0 -30 30 0
192 96 0 -29 29 0
192 96 -96 -28 28 56
192 96 0 -28 28 0
192 96 0 -27 27 0
192 96 0 -26 26 0
192 96 0 -25 25 0
192 96 -96 -24 24 48
192 96 0 -24 24 0
192 96 0 -23 23 0
192 96 0 -22 22 0
192 96 0 -21 21 0
192 96 -96 -20 20 40
192 96 0 -20 20 0
192 96 0 -19 19 0
192 96 0 -18 18 0
192 96 0 -17 17 0
192 96 -96 -16 16 32
192 96 0 -16 16 0
192 96 0 -15 15 0
192 96 0 -14 14 0
192 96 0 -13 13 0
192 96 -96 -12 12 24
192 96 0 -12 12 0
192 96 0 -11 11 0
192 96 0 -10 10 0
192 96 0 -9 9 0
192 96 -96 -8 8 16
192 96 0 -8 8 0
192 96 0 -7 7 0
192 96 0 -6 6 0
192 96 0 -5 5 0
192 96 -96 -4 4 8
192 96 0 -4 4 0
192 96 0 -3 3 0
192 96 0 -2 2 0
192 96 0 -1 1 0
192 96 0 1 -1 0
192 96 0 2 -2 0
192 96 0 3 -3 0
192 96 -96 4 -4 -8
192 96 0 4 -4 0
192 96 0 5 -5 0
192 96 0 6 -6 0
192 96 0 7 -7 0
192 96 -96 8 -8 -16
192 96 0 8 -8 0
192 96 0 9 -9 0
192 96 0 10 -10 0
192 96 0 11 -11 0
192 96 -96 12 -12 -24
192 96 0 12 -12 0
192 96 0 13 -13 0
192 96 0 14 -14 0
192 96 0 15 -15 0
192 96 -96 16 -16 -32
192 96 0 16 -16 0
192 96 0 17 -17 0
192 96 0 18 -18 0
192 96 0 19 -19 0
192 96 -96 20 -20 -40
192 96 0 20 -20 0
192 96 0 21 -21 0
192 96 0 22 -22 0
192 96 0 23 -23 0
192 96 -96 24 -24 -48
192 96 0 24 -24 0
192 96 0 25 -25 0
192 96 0 26 -26 0
192 96 0 27 -27 0
192 96 -96 28 -28 -56
192 96 0 28 -28 0
192 96 0 29 -29 0
192 96 0 30 -30 0
192 96 0 31 -31 0
192 96 -96 32 -32 -64
192 96 0 32 -32 0
192 96 0 33 -33 0
192 96 0 34 -34 0
192 96 0 35 -35 0
192 96 -96 36 -36 -72
192 96 0 36 -36 0
192 96 0 37 -37 0
192 96 0 38 -38 0
192 96 0 39 -39 0
192 96 -96 40 -40 -80
192 96 0 40 -40 0
192 96 0 41 -41 0
192 96 0 42 -42 0
192 96 0 43 -43 0
192 96 -96 44 -44 -88
192 96 0 44 -44 0
192 96 0 45 -45 0
192 96 0 46 -46 0
192 96 0 47 -47 0
192 96 -96 48 -48 -96
192 96 0 48 -48 0
192 96 0 49 -49 0
192 96 0 50 -50 0
192 96 0 51 -51 0
192 96 -96 52 -52 -104
192 96 0 52 -52 0
192 96 0 53 -53 0
192 96 0 54 -54 0
192 96 0 55 -55 0
192 96 -96 56 -56 -112
192 96 0 56 -56 0
192 96 0 57 -57 0
192 96 0 58 -58 0
192 96 0 59 -59 0
192 96 -96 60 -60 -120
192 96 0 60 -60 0
192 96 0 61 -61 0
192 96 0 62 -62 0
192 96 0 63 -63 0
192 96 -96 64 -64 -128
192 96 0 64 -64 0
192 96 0 65 -65 0
192 96 0 66 -66 0
192 96 0 67 -67 0
192 96 -96 68 -68 -136
192 96 0 68 -68 0
192 96 0 69 -69 0
192 96 0 70 -70 0
192 96 0 71 -71 0
192 96 -96 72 -72 -144
192 96 0 72 -72 0
192 96 0 73 -73 0
192 96 0 74 -74 0
192 96 0 75 -75 0
192 96 -96 76 -76 -152
192 96 0 76 -76 0
192 96 0 77 -77 0
192 96 0 78 -78 0
192 96 0 79 -79 0
192 96 -96 80 -80 -160
192 96 0 80 -80 0
192 96 0 81 -81 0
192 96 0 82 -82 0
192 96 0 83 -83 0
192 96 -96 84 -84 -168
192 96 0 84 -84 0
192 96 0 85 -85 0
192 96 0 86 -86 0
192 96 0 87 -87 0
192 96 -96 88 -88 -176
192 96 0 88 -88 0
192 96 0 89 -89 0
192 96 0 90 -90 0
192 96 0 91 -91 0
192 96 -96 92 -92 -184
192 96 0 92 -92 0
192 96 0 93 -93 0
192 96 0 94 -94 0
192 96 0 95 -95 0
192 96 -96 96 -96 -192
192 96 0 96 -96 0
192 96 0 97 -97 0
192 96 0 98 -98 0
192 96 0 99 -99 0
192 96 -96 100 -100 -200
192 96 0 100 -100 0
192 96 0 101 -101 0
192 96 0 102 -102 0
192 96 0 103 -103 0
192 96 -96 104 -104 -208
192 96 0 104 -104 0
192 96 0 105 -105 0
192 96 0 106 -106 0
192 96 0 107 -107 0
192 96 -96 108 -108 -216
192 96 0 108 -108 0
192 96 0 109 -109 0
192 96 0 110 -110 0
192 96 0 111 -111 0
192 96 -96 112 -112 -224
192 96 0 112 -112 0
192 96 0 113 -113 0
192 96 0 114 -114 0
192 96 0 115 -115 0
192 96 -96 116 -116 -232
192 96 0 116 -116 0
192 96 0 117 -117 0
192 96 0 118 -118 0
192 96 0 119 -119 0
192 96 -96 120 -120 -240
192 96 0 120 -120 0
192 96 0 121 -121 0
192 96 0 122 -122 0
192 96 0 123 -123 0
192 96 -96 124 -124 -248
192 96 0 124 -124 0
192 96 0 125 -125 0
192 96 0 126 -126 0
192 96 0 127 -127 0
192 96 -96 128 -128 -256
192 96 0 128 -128 0
192 96 0 129 -129 0
192 96 0 130 -130 0
192 96 0 131 -131 0
192 96 -96 132 -132 -264
192 96 0 132 -132 0
192 96 0 133 -133 0
192 96 0 134 -134 0
192 96 0 135 -135 0
192 96 -96 136 -136 -272
192 96 0 136 -136 0
192 96 0 137 -137 0
192 96 0 138 -138 0
192 96 0 139 -139 0
192 96 -96 140 -140 -280
192 96 0 140 -140 0
192 96 0 141 -141 0
192 96 0 142 -142 0
192 96 0 143 -143 0
192 96 -96 144 -144 -288
192 96 0 144 -144 0
192 96 0 145 -145 0
192 96 0 146 -146 0
192 96 0 147 -147 0
192 96 -96 148 -148 -296
192 96 0 148 -148 0
192 96 0 149 -149 0
192 96 0 150 -150 0
194 97 0 -150 150 0
194 97 0 -149 149 0
194 97 0 -148 148 0
194 97 -97 -147 147 294
194 97 0 -147 147 0
194 97 0 -146 146 0
194 97 1 -146 146 292
194 97 0 -145 145 0
194 97 0 -144 144 0
194 97 -97 -143 143 286
194 97 0 -143 143 0
194 97 0 -142 142 0
194 97 0 -141 141 0
194 97 0 -140 140 0
194 97 -97 -139 139 278
194 97 0 -139 139 0
194 97 0 -138 138 0
194 97 0 -137 137 0
194 97 0 -136 136 0
194 97 -97 -135 135 270
194 97 0 -135 135 0
194 97 0 -134 134 0
194 97 0 -133 133 0
194 97 0 -132 132 0
194 97 -97 -131 131 262
194 97 0 -131 131 0
194 97 0 -130 130 0
194 97 0 -129 129 0
194 97 0 -128 128 0
194 97 -97 -127 127 254
194 97 0 -127 127 0
194 97 0 -126 126 0
194 97 0 -125 125 0
194 97 0 -124 124 0
194 97 -97 -123 123 246
194 97 0 -123 123 0
194 97 0 -122 122 0
194 97 0 -121 121 0
194 97 0 -120 120 0
194 97 -97 -119 119 238
194 97 0 -119 119 0
194 97 0 -118 118 0
194 97 0 -117 117 0
194 97 0 -116 116 0
194 97 -97 -115 115 230
194 97 0 -115 115 0
194 97 0 -114 114 0
194 97 0 -113 113 0
194 97 0 -112 112 0
194 97 -97 -111 111 222
194 97 0 -111 111 0
194 97 0 -110 110 0
194 97 0 -109 109 0
194 97 0 -108 108 0
194 97 -97 -107 107 214
194 97 0 -107 107 0
194 97 0 -106 106 0
194 97 0 -105 105 0
194 97 0 -104 104 0
194 97 -97 -103 103 206
194 97 0 -103 103 0
194 97 0 -102 102 0
194 97 0 -101 101 0
194 97 0 -100 100 0
194 97 -97 -99 99 198
194 97 0 -99 99 0
194 97 0 -98 98 0
194 97 0 -97 97 0
194 97 0 -96 96 0
194 97 -97 -95 95 190
194 97 0 -95 95 0
194 97 0 -94 94 0
194 97 0 -93 93 0
194 97 0 -92 92 0
194 97 -97 -91 91 182
194 97 0 -91 91 0
194 97 0 -90 90 0
194 97 0 -89 89 0
194 97 0 -88 88 0
194 97 -97 -87 87 174
194 97 0 -87 87 0
194 97 0 -86 86 0
194 97 0 -85 85 0
194 97 0 -84 84 0
194 97 -97 -83 83 166
194 97 0 -83 83 0
194 97 0 -82 82 0
194 97 0 -81 81 0
194 97 0 -80 80 0
194 97 -97 -79 79 158
194 97 0 -79 79 0
194 97 0 -78 78 0
194 97 0 -77 77 0
194 97 0 -76 76 0
194 97 -97 -75 75 150
194 97 0 -75 75 0
194 97 0 -74 74 0
194 97 0 -73 73 0
194 97 0 -72 72 0
194 97 -97 -71 71 142
194 97 0 -71 71 0
194 97 0 -70 70 0
194 97 0 -69 69 0
194 97 0 -68 68 0
194 97 -97 -67 67 134
194 97 0 -67 67 0
194 97 0 -66 66 0
194 97 0 -65 65 0
194 97 0 -64 64 0
194 97 -97 -63 63 126
194 97 0 -63 63 0
194 97 0 -62 62 0
194 97 0 -61 61 0
194 97 0 -60 60 0
194 97 -97 -59 59 118
194 97 0 -59 59 0
194 97 0 -58 58 0
194 97 0 -57 57 0
194 97 0 -56 56 0
194 97 -97 -55 55 110
194 97 0 -55 55 0
194 97 0 -54 54 0
194 97 0 -53 53 0
194 97 0 -52 52 0
194 97 -97 -51 51 102
194 97 0 -51 51 0
194 97 0 -50 50 0
194 97 0 -49 49 0
194 97 0 -48 48 0
194 97 -97 -47 47 94
194 97 0 -47 47 0
194 97 0 -46 46 0
194 97 0 -45 45 0
194 97 0 -44 44 0
194 97 -97 -43 43 86
194 97 0 -43 43 0
194 97 0 -42 42 0
194 97 0 -41 41 0
194 97 0 -40 40 0
194 97 -97 -39 39 78
194 97 0 -39 39 0
194 97 0 -38 38 0
194 97 0 -37 37 0
194 97 0 -36 36 0
194 97 -97 -35 35 70
194 97 0 -35 35 0
194 97 0 -34 34 0
194 97 0 -33 33 0
194 97 0 -32 32 0
194 97 -97 -31 31 62
194 97 0 -31 31 0
194 97 0 -30 30 0
194 97 0 -29 29 0
194 97 0 -28 28 0
194 97 -97 -27 27 54
194 97 0 -27 27 0
194 97 0 -26 26 0
194 97 0 -25 25 0
194 97 0 -24 24 0
194 97 -97 -23 23 46
194 97 0 -23 23 0
194 97 0 -22 22 0
194 97 0 -21 21 0
194 97 0 -20 20 0
194 97 -97 -19 19 38
194 97 0 -19 19 0
194 97 0 -18 18 0
194 97 0 -17 17 0
194 97 0 -16 16 0
194 97 -97 -15 15 30
194 97 0 -15 15 0
194 97 0 -14 14 0
194 97 0 -13 13 0
194 97 0 -12 12 0
194 97 -97 -11 11 22
194 97 0 -11 11 0
194 97 0 -10 10 0
194 97 0 -9 9 0
194 97 0 -8 8 0
194 97 -97 -7 7 14
194 97 0 -7 7 0
194 97 0 -6 6 0
194 97 0 -5 5 0
194 97 0 -4 4 0
194 97 -97 -3 3 6
194 97 0 -3 3 0
194 97 0 -2 2 0
194 97 0 -1 1 0
194 97 -97 1 -1 -2
194 97 0 1 -1 0
194 97 0 2 -2 0
194 97 0 3 -3 0
194 97 0 4 -4 0
194 97 -97 5 -5 -10
194 97 0 5 -5 0
194 97 0 6 -6 0
194 97 0 7 -7 0
194 97 0 8 -8 0
194 97 -97 9 -9 -18
194 97 0 9 -9 0
194 97 0 10 -10 0
194 97 0 11 -11 0
194 97 0 12 -12 0
194 97 -97 13 -13 -26
194 97 0 13 -13 0
194 97 0 14 -14 0
194 97 0 15 -15 0
194 97 0 16 -16 0
194 97 -97 17 -17 -34
194 97 0 17 -17 0
194 97 0 18 -18 0
194 97 0 19 -19 0
194 97 0 20 -20 0
194 97 -97 21 -21 -42
194 97 0 21 -21 0
194 97 0 22 -22 0
194 97 0 23 -23 0
194 97 0 24 -24 0
194 97 -97 25 -25 -50
194 97 0 25 -25 0
194 97 0 26 -26 0
194 97 0 27 -27 0
194 97 0 28 -28 0
194 97 -97 29 -29 -58
194 97 0 29 -29 0
194 97 0 30 -30 0
194 97 0 31 -31 0
194 97 0 32 -32 0
194 97 -97 33 -33 -66
194 97 0 33 -33 0
194 97 0 34 -34 0
194 97 0 35 -35 0
194 97 0 36 -36 0
194 97 -97 37 -37 -74
194 97 0 37 -37 0
194 97 0 38 -38 0
194 97 0 39 -39 0
194 97 0 40 -40 0
194 97 -97 41 -41 -82
194 97 0 41 -41 0
194 97 0 42 -42 0
194 97 0 43 -43 0
194 97 0 44 -44 0
194 97 -97 45 -45 -90
194 97 0 45 -45 0
194 97 0 46 -46 0
194 97 0 47 -47 0
194 97 0 48 -48 0
194 97 -97 49 -49 -98
194 97 0 49 -49 0
194 97 0 50 -50 0
194 97 0 51 -51 0
194 97 0 52 -52 0
194 97 -97 53 -53 -106
194 97 0 53 -53 0
194 97 0 54 -54 0
194 97 0 55 -55 0
194 97 0 56 -56 0
194 97 -97 57 -57 -114
194 97 0 57 -57 0
194 97 0 58 -58 0
194 97 0 59 -59 0
194 97 0 60 -60 0
194 97 -97 61 -61 -122
194 97 0 61 -61 0
194 97 0 62 -62 0
194 97 0 63 -63 0
194 97 0 64 -64 0
194 97 -97 65 -65 -130
194 97 0 65 -65 0
194 97 0 66 -66 0
194 97 0 67 -67 0
194 97 0 68 -68 0
194 97 -97 69 -69 -138
194 97 0 69 -69 0
194 97 0 70 -70 0
194 97 0 71 -71 0
194 97 0 72 -72 0
194 97 -97 73 -73 -146
194 97 0 73 -73 0
194 97 0 74 -74 0
194 97 0 75 -75 0
194 97 0 76 -76 0
194 97 -97 77 -77 -154
194 97 0 77 -77 0
194 97 0 78 -78 0
194 97 0 79 -79 0
194 97 0 80 -80 0
194 97 -97 81 -81 -162
194 97 0 81 -81 0
194 97 0 82 -82 0
194 97 0 83 -83 0
194 97 0 84 -84 0
194 97 -97 85 -85 -170
194 97 0 85 -85 0
194 97 0 86 -86 0
194 97 0 87 -87 0
194 97 0 88 -88 0
194 97 -97 89 -89 -178
194 97 0 89 -89 0
194 97 0 90 -90 0
194 97 0 91 -91 0
194 97 0 92 -92 0
194 97 -97 93 -93 -186
194 97 0 93 -93 0
194 97 0 94 -94 0
194 97 0 95 -95 0
194 97 0 96 -96 0
194 97 -97 97 -97 -194
194 97 0 97 -97 0
194 97 0 98 -98 0
194 97 0 99 -99 0
194 97 0 100 -100 0
194 97 -97 101 -101 -202
194 97 0 101 -101 0
194 97 0 102 -102 0
194 97 0 103 -103 0
194 97 0 104 -104 0
194 97 -97 105 -105 -210
194 97 0 105 -105 0
194 97 0 106 -106 0
194 97 0 107 -107 0
194 97 0 108 -108 0
194 97 -97 109 -109 -218
194 97 0 109 -109 0
194 97 0 110 -110 0
194 97 0 111 -111 0
194 97 0 112 -112 0
194 97 -97 113 -113 -226
194 97 0 113 -113 0
194 97 0 114 -114 0
194 97 0 115 -115 0
194 97 0 116 -116 0
194 97 -97 117 -117 -234
194 97 0 117 -117 0
194 97 0 118 -118 0
194 97 0 119 -119 0
194 97 0 120 -120 0
194 97 -97 121 -121 -242
194 97 0 121 -121 0
194 97 0 122 -122 0
194 97 0 123 -123 0
194 97 0 124 -124 0
194 97 -97 125 -125 -250
194 97 0 125 -125 0
194 97 0 126 -126 0
194 97 0 127 -127 0
194 97 0 128 -128 0
194 97 -97 129 -129 -258
194 97 0 129 -129 0
194 97 0 130 -130 0
194 97 0 131 -131 0
194 97 0 132 -132 0
194 97 -97 133 -133 -266
194 97 0 133 -133 0
194 97 0 134 -134 0
194 97 0 135 -135 0
194 97 0 136 -136 0
194 97 -97 137 -137 -274
194 97 0 137 -137 0
194 97 0 138 -138 0
194 97 0 139 -139 0
194 97 0 140 -140 0
194 97 -97 141 -141 -282
194 97 0 141 -141 0
194 97 0 142 -142 0
194 97 0 143 -143 0
194 97 0 144 -144 0
194 97 -97 145 -145 -290
194 97 -1 145 -145 -290
194 97 0 145 -145 0
194 97 0 146 -146 0
194 97 0 147 -147 0
194 97 0 148 -148 0
194 97 -97 149 -149 -298
194 97 0 149 -149 0
194 97 0 150 -150 0
196 98 0 -150 150 0
196 98 0 -149 149 0
196 98 -98 -148 148 296
196 98 0 -148 148 0
196 98 0 -147 147 0
196 98 0 -146 146 0
196 98 0 -145 145 0
196 98 -98 -144 144 288
196 98 0 -144 144 0
196 98 0 -143 143 0
196 98 0 -142 142 0
196 98 0 -141 141 0
196 98 -98 -140 140 280
196 98 0 -140 140 0
196 98 0 -139 139 0
196 98 0 -138 138 0
196 98 0 -137 137 0
196 98 -98 -136 136 272
196 98 0 -136 136 0
196 98 0 -135 135 0
196 98 0 -134 134 0
196 98 0 -133 133 0
196 98 -98 -132 132 264
196 98 0 -132 132 0
196 98 0 -131 131 0
196 98 0 -130 130 0
196 98 0 -129 129 0
196 98 -98 -128 128 256
196 98 0 -128 128 0
196 98 0 -127 127 0
196 98 0 -126 126 0
196 98 0 -125 125 0
196 98 -98 -124 124 248
196 98 0 -124 124 0
196 98 0 -123 123 0
196 98 0 -122 122 0
196 98 0 -121 121 0
196 98 -98 -120 120 240
196 98 0 -120 120 0
196 98 0 -119 119 0
196 98 0 -118 118 0
196 98 0 -117 117 0
196 98 -98 -116 116 232
196 98 0 -116 116 0
196 98 0 -115 115 0
196 98 0 -114 114 0
196 98 0 -113 113 0
196 98 -98 -112 112 224
196 98 0 -112 112 0
196 98 0 -111 111 0
196 98 0 -110 110 0
196 98 0 -109 109 0
196 98 -98 -108 108 216
196 98 0 -108 108 0
196 98 0 -107 107 0
196 98 0 -106 106 0
196 98 0 -105 105 0
196 98 -98 -104 104 208
196 98 0 -104 104 0
196 98 0 -103 103 0
196 98 0 -102 102 0
196 98 0 -101 101 0
196 98 -98 -100 100 200
196 98 0 -100 100 0
196 98 0 -99 99 0
196 98 0 -98 98 0
196 98 0 -97 97 0
196 98 -98 -96 96 192
196 98 0 -96 96 0
196 98 0 -95 95 0
196 98 0 -94 94 0
196 98 0 -93 93 0
196 98 -98 -92 92 184
196 98 0 -92 92 0
196 98 0 -91 91 0
196 98 0 -90 90 0
196 98 0 -89 89 0
196 98 -98 -88 88 176
196 98 0 -88 88 0
196 98 0 -87 87 0
196 98 0 -86 86 0
196 98 0 -85 85 0
196 98 -98 -84 84 168
196 98 0 -84 84 0
196 98 0 -83 83 0
196 98 0 -82 82 0
196 98 0 -81 81 0
196 98 -98 -80 80 160
196 98 0 -80 80 0
196 98 0 -79 79 0
196 98 0 -78 78 0
196 98 0 -77 77 0
196 98 -98 -76 76 152
196 98 0 -76 76 0
196 98 0 -75 75 0
196 98 0 -74 74 0
196 98 0 -73 73 0
196 98 -98 -72 72 144
196 98 0 -72 72 0
196 98 0 -71 71 0
196 98 0 -70 70 0
196 98 0 -69 69 0
196 98 -98 -68 68 136
196 98 0 -68 68 0
196 98 0 -67 67 0
196 98 0 -66 66 0
196 98 0 -65 65 0
196 98 -98 -64 64 128
196 98 0 -64 64 0
196 98 0 -63 63 0
196 98 0 -62 62 0
196 98 0 -61 61 0
196 98 -98 -60 60 120
196 98 0 -60 60 0
196 98 0 -59 59 0
196 98 0 -58 58 0
196 98 0 -57 57 0
196 98 -98 -56 56 112
196 98 0 -56 56 0
196 98 0 -55 55 0
196 98 0 -54 54 0
196 98 0 -53 53 0
196 98 -98 -52 52 104
196 98 0 -52 52 0
196 98 0 -51 51 0
196 98 0 -50 50 0
196 98 0 -49 49 0
196 98 -98 -48 48 96
196 98 0 -48 48 0
196 98 0 -47 47 0
196 98 0 -46 46 0
196 98 0 -45 45 0
196 98 -98 -44 44 88
196 98 0 -44 44 0
196 98 0 -43 43 0
196 98 0 -42 42 0
196 98 0 -41 41 0
196 98 -98 -40 40 80
196 98 0 -40 40 0
196 98 0 -39 39 0
196 98 0 -38 38 0
196 98 0 -37 37 0
196 98 -98 -36 36 72
196 98 0 -36 36 0
196 98 0 -35 35 0
196 98 0 -34 34 0
196 98 0 -33 33 0
196 98 -98 -32 32 64
196 98 0 -32 32 0
196 98 0 -31 31 0
196 98 0 -30 30 0
196 98 0 -29 29 0
196 98 -98 -28 28 56
196 98 0 -28 28 0
196 98 0 -27 27 0
196 98 0 -26 26 0
196 98 0 -25 25 0
196 98 -98 -24 24 48
196 98 0 -24 24 0
196 98 0 -23 23 0
196 98 0 -22 22 0
196 98 0 -21 21 0
196 98 -98 -20 20 40
196 98 0 -20 20 0
196 98 0 -19 19 0
196 98 0 -18 18 0
196 98 0 -17 17 0
196 98 -98 -16 16 32
196 98 0 -16 16 0
196 98 0 -15 15 0
196 98 0 -14 14 0
196 98 0 -13 13 0
196 98 -98 -12 12 24
196 98 0 -12 12 0
196 98 0 -11 11 0
196 98 0 -10 10 0
196 98 0 -9 9 0
196 98 -98 -8 8 16
196 98 0 -8 8 0
196 98 0 -7 7 0
196 98 0 -6 6 0
196 98 0 -5 5 0
196 98 -98 -4 4 8
196 98 0 -4 4 0
196 98 0 -3 3 0
196 98 0 -2 2 0
196 98 0 -1 1 0
196 98 0 1 -1 0
196 98 0 2 -2 0
196 98 0 3 -3 0
196 98 -98 4 -4 -8
196 98 0 4 -4 0
196 98 0 5 -5 0
196 98 0 6 -6 0
196 98 0 7 -7 0
196 98 -98 8 -8 -16
196 98 0 8 -8 0
196 98 0 9 -9 0
196 98 0 10 -10 0
196 98 0 11 -11 0
196 98 -98 12 -12 -24
196 98 0 12 -12 0
196 98 0 13 -13 0
196 98 0 14 -14 0
196 98 0 15 -15 0
196 98 -98 16 -16 -32
196 98 0 16 -16 0
196 98 0 17 -17 0
196 98 0 18 -18 0
196 98 0 19 -19 0
196 98 -98 20 -20 -40
196 98 0 20 -20 0
196 98 0 21 -21 0
196 98 0 22 -22 0
196 98 0 23 -23 0
196 98 -98 24 -24 -48
196 98 0 24 -24 0
196 98 0 25 -25 0
196 98 0 26 -26 0
196 98 0 27 -27 0
196 98 -98 28 -28 -56
196 98 0 28 -28 0
196 98 0 29 -29 0
196 98 0 30 -30 0
196 98 0 31 -31 0
196 98 -98 32 -32 -64
196 98 0 32 -32 0
196 98 0 33 -33 0
196 98 0 34 -34 0
196 98 0 35 -35 0
196 98 -98 36 -36 -72
196 98 0 36 -36 0
196 98 0 37 -37 0
196 98 0 38 -38 0
196 98 0 39 -39 0
196 98 -98 40 -40 -80
196 98 0 40 -40 0
196 98 0 41 -41 0
196 98 0 42 -42 0
196 98 0 43 -43 0
196 98 -98 44 -44 -88
196 98 0 44 -44 0
196 98 0 45 -45 0
196 98 0 46 -46 0
196 98 0 47 -47 0
196 98 -98 48 -48 -96
196 98 0 48 -48 0
196 98 0 49 -49 0
196 98 0 50 -50 0
196 98 0 51 -51 0
196 98 -98 52 -52 -104
196 98 0 52 -52 0
196 98 0 53 -53 0
196 98 0 54 -54 0
196 98 0 55 -55 0
196 98 -98 56 -56 -112
196 98 0 56 -56 0
196 98 0 57 -57 0
196 98 0 58 -58 0
196 98 0 59 -59 0
196 98 -98 60 -60 -120
196 98 0 60 -60 0
196 98 0 61 -61 0
196 98 0 62 -62 0
196 98 0 63 -63 0
196 98 -98 64 -64 -128
196 98 0 64 -64 0
196 98 0 65 -65 0
196 98 0 66 -66 0
196 98 0 67 -67 0
196 98 -98 68 -68 -136
196 98 0 68 -68 0
196 98 0 69 -69 0
196 98 0 70 -70 0
196 98 0 71 -71 0
196 98 -98 72 -72 -144
196 98 0 72 -72 0
196 98 0 73 -73 0
196 98 0 74 -74 0
196 98 0 75 -75 0
196 98 -98 76 -76 -152
196 98 0 76 -76 0
196 98 0 77 -77 0
196 98 0 78 -78 0
196 98 0 79 -79 0
196 98 -98 80 -80 -160
196 98 0 80 -80 0
196 98 0 81 -81 0
196 98 0 82 -82 0
196 98 0 83 -83 0
196 98 -98 84 -84 -168
196 98 0 84 -84 0
196 98 0 85 -85 0
196 98 0 86 -86 0
196 98 0 87 -87 0
196 98 -98 88 -88 -176
196 98 0 88 -88 0
196 98 0 89 -89 0
196 98 0 90 -90 0
196 98 0 91 -91 0
196 98 -98 92 -92 -184
196 98 0 92 -92 0
196 98 0 93 -93 0
196 98 0 94 -94 0
196 98 0 95 -95 0
196 98 -98 96 -96 -192
196 98 0 96 -96 0
196 98 0 97 -97 0
196 98 0 98 -98 0
196 98 0 99 -99 0
196 98 -98 100 -100 -200
196 98 0 100 -100 0
196 98 0 101 -101 0
196 98 0 102 -102 0
196 98 0 103 -103 0
196 98 -98 104 -104 -208
196 98 0 104 -104 0
196 98 0 105 -105 0
196 98 0 106 -106 0
196 98 0 107 -107 0
196 98 -98 108 -108 -216
196 98 0 108 -108 0
196 98 0 109 -109 0
196 98 0 110 -110 0
196 98 0 111 -111 0
196 98 -98 112 -112 -224
196 98 0 112 -112 0
196 98 0 113 -113 0
196 98 0 114 -114 0
196 98 0 115 -115 0
196 98 -98 116 -116 -232
196 98 0 116 -116 0
196 98 0 117 -117 0
196 98 0 118 -118 0
196 98 0 119 -119 0
196 98 -98 120 -120 -240
196 98 0 120 -120 0
196 98 0 121 -121 0
196 98 0 122 -122 0
196 98 0 123 -123 0
196 98 -98 124 -124 -248
196 98 0 124 -124 0
196 98 0 125 -125 0
196 98 0 126 -126 0
196 98 0 127 -127 0
196 98 -98 128 -128 -256
196 98 0 128 -128 0
196 98 0 129 -129 0
196 98 0 130 -130 0
196 98 0 131 -131 0
196 98 -98 132 -132 -264
196 98 0 132 -132 0
196 98 0 133 -133 0
196 98 0 134 -134 0
196 98 0 135 -135 0
196 98 -98 136 -136 -272
196 98 0 136 -136 0
196 98 0 137 -137 0
196 98 0 138 -138 0
196 98 0 139 -139 0
196 98 -98 140 -140 -280
196 98 0 140 -140 0
196 98 0 141 -141 0
196 98 0 142 -142 0
196 98 0 143 -143 0
196 98 -98 144 -144 -288
196 98 0 144 -144 0
196 98 0 145 -145 0
196 98 0 146 -146 0
196 98 0 147 -147 0
196 98 -98 148 -148 -296
196 98 0 148 -148 0
196 98 0 149 -149 0
196 98 0 150 -150 0
198 99 0 -150 150 0
198 99 0 -149 149 0
198 99 1 -149 149 298
198 99 0 -148 148 0
198 99 -99 -147 147 294
198 99 0 -147 147 0
198 99 0 -146 146 0
198 99 0 -145 145 0
198 99 0 -144 144 0
198 99 -99 -143 143 286
198 99 0 -143 143 0
198 99 0 -142 142 0
198 99 0 -141 141 0
198 99 0 -140 140 0
198 99 -99 -139 139 278
198 99 0 -139 139 0
198 99 0 -138 138 0
198 99 0 -137 137 0
198 99 0 -136 136 0
198 99 -99 -135 135 270
198 99 0 -135 135 0
198 99 0 -134 134 0
198 99 0 -133 133 0
198 99 0 -132 132 0
198 99 -99 -131 131 262
198 99 0 -131 131 0
198 99 0 -130 130 0
198 99 0 -129 129 0
198 99 0 -128 128 0
198 99 -99 -127 127 254
198 99 0 -127 127 0
198 99 0 -126 126 0
198 99 0 -125 125 0
198 99 0 -124 124 0
198 99 -99 -123 123 246
198 99 0 -123 123 0
198 99 0 -122 122 0
198 99 0 -121 121 0
198 99 0 -120 120 0
198 99 -99 -119 119 238
198 99 0 -119 119 0
198 99 0 -118 118 0
198 99 0 -117 117 0
198 99 0 -116 116 0
198 99 -99 -115 115 230
198 99 0 -115 115 0
198 99 0 -114 114 0
198 99 0 -113 113 0
198 99 0 -112 112 0
198 99 -99 -111 111 222
198 99 0 -111 111 0
198 99 0 -110 110 0
198 99 0 -109 109 0
198 99 0 -108 108 0
198 99 -99 -107 107 214
198 99 0 -107 107 0
198 99 0 -106 106 0
198 99 0 -105 105 0
198 99 0 -104 104 0
198 99 -99 -103 103 206
198 99 0 -103 103 0
198 99 0 -102 102 0
198 99 0 -101 101 0
198 99 0 -100 100 0
198 99 -99 -99 99 198
198 99 0 -99 99 0
198 99 0 -98 98 0
198 99 0 -97 97 0
198 99 0 -96 96 0
198 99 -99 -95 95 190
198 99 0 -95 95 0
198 99 0 -94 94 0
198 99 0 -93 93 0
198 99 0 -92 92 0
198 99 -99 -91 91 182
198 99 0 -91 91 0
198 99 0 -90 90 0
198 99 0 -89 89 0
198 99 0 -88 88 0
198 99 -99 -87 87 174
198 99 0 -87 87 0
198 99 0 -86 86 0
198 99 0 -85 85 0
198 99 0 -84 84 0
198 99 -99 -83 83 166
198 99 0 -83 83 0
198 99 0 -82 82 0
198 99 0 -81 81 0
198 99 0 -80 80 0
198 99 -99 -79 79 158
198 99 0 -79 79 0
198 99 0 -78 78 0
198 99 0 -77 77 0
198 99 0 -76 76 0
198 99 -99 -75 75 150
198 99 0 -75 75 0
198 99 0 -74 74 0
198 99 0 -73 73 0
198 99 0 -72 72 0
198 99 -99 -71 71 142
198 99 0 -71 71 0
198 99 0 -70 70 0
198 99 0 -69 69 0
198 99 0 -68 68 0
198 99 -99 -67 67 134
198 99 0 -67 67 0
198 99 0 -66 66 0
198 99 0 -65 65 0
198 99 0 -64 64 0
198 99 -99 -63 63 126
198 99 0 -63 63 0
198 99 0 -62 62 0
198 99 0 -61 61 0
198 99 0 -60 60 0
198 99 -99 -59 59 118
198 99 0 -59 59 0
198 99 0 -58 58 0
198 99 0 -57 57 0
198 99 0 -56 56 0
198 99 -99 -55 55 110
198 99 0 -55 55 0
198 99 0 -54 54 0
198 99 0 -53 53 0
198 99 0 -52 52 0
198 99 -99 -51 51 102
198 99 0 -51 51 0
198 99 0 -50 50 0
198 99 0 -49 49 0
198 99 0 -48 48 0
198 99 -99 -47 47 94
198 99 0 -47 47 0
198 99 0 -46 46 0
198 99 0 -45 45 0
198 99 0 -44 44 0
198 99 -99 -43 43 86
198 99 0 -43 43 0
198 99 0 -42 42 0
198 99 0 -41 41 0
198 99 0 -40 40 0
198 99 -99 -39 39 78
198 99 0 -39 39 0
198 99 0 -38 38 0
198 99 0 -37 37 0
198 99 0 -36 36 0
198 99 -99 -35 35 70
198 99 0 -35 35 0
198 99 0 -34 34 0
198 99 0 -33 33 0
198 99 0 -32 32 0
198 99 -99 -31 31 62
198 99 0 -31 31 0
198 99 0 -30 30 0
198 99 0 -29 29 0
198 99 0 -28 28 0
198 99 -99 -27 27 54
198 99 0 -27 27 0
198 99 0 -26 26 0
198 99 0 -25 25 0
198 99 0 -24 24 0
198 99 -99 -23 23 46
198 99 0 -23 23 0
198 99 0 -22 22 0
198 99 0 -21 21 0
198 99 0 -20 20 0
198 99 -99 -19 19 38
198 99 0 -19 19 0
198 99 0 -18 18 0
198 99 0 -17 17 0
198 99 0 -16 16 0
198 99 -99 -15 15 30
198 99 0 -15 15 0
198 99 0 -14 14 0
198 99 0 -13 13 0
198 99 0 -12 12 0
198 99 -99 -11 11 22
198 99 0 -11 11 0
198 99 0 -10 10 0
198 99 0 -9 9 0
198 99 0 -8 8 0
198 99 -99 -7 7 14
198 99 0 -7 7 0
198 99 0 -6 6 0
198 99 0 -5 5 0
198 99 0 -4 4 0
198 99 -99 -3 3 6
198 99 0 -3 3 0
198 99 0 -2 2 0
198 99 0 -1 1 0
198 99 -99 1 -1 -2
198 99 0 1 -1 0
198 99 0 2 -2 0
198 99 0 3 -3 0
198 99 0 4 -4 0
198 99 -99 5 -5 -10
198 99 0 5 -5 0
198 99 0 6 -6 0
198 99 0 7 -7 0
198 99 0 8 -8 0
198 99 -99 9 -9 -18
198 99 0 9 -9 0
198 99 0 10 -10 0
198 99 0 11 -11 0
198 99 0 12 -12 0
198 99 -99 13 -13 -26
198 99 0 13 -13 0
198 99 0 14 -14 0
198 99 0 15 -15 0
198 99 0 16 -16 0
198 99 -99 17 -17 -34
198 99 0 17 -17 0
198 99 0 18 -18 0
198 99 0 19 -19 0
198 99 0 20 -20 0
198 99 -99 21 -21 -42
198 99 0 21 -21 0
198 99 0 22 -22 0
198 99 0 23 -23 0
198 99 0 24 -24 0
198 99 -99 25 -25 -50
198 99 0 25 -25 0
198 99 0 26 -26 0
198 99 0 27 -27 0
198 99 0 28 -28 0
198 99 -99 29 -29 -58
198 99 0 29 -29 0
198 99 0 30 -30 0
198 99 0 31 -31 0
198 99 0 32 -32 0
198 99 -99 33 -33 -66
198 99 0 33 -33 0
198 99 0 34 -34 0
198 99 0 35 -35 0
198 99 0 36 -36 0
198 99 -99 37 -37 -74
198 99 0 37 -37 0
198 99 0 38 -38 0
198 99 0 39 -39 0
198 99 0 40 -40 0
198 99 -99 41 -41 -82
198 99 0 41 -41 0
198 99 0 42 -42 0
198 99 0 43 -43 0
198 99 0 44 -44 0
198 99 -99 45 -45 -90
198 99 0 45 -45 0
198 99 0 46 -46 0
198 99 0 47 -47 0
198 99 0 48 -48 0
198 99 -99 49 -49 -98
198 99 0 49 -49 0
198 99 0 50 -50 0
198 99 0 51 -51 0
198 99 0 52 -52 0
198 99 -99 53 -53 -106
198 99 0 53 -53 0
198 99 0 54 -54 0
198 99 0 55 -55 0
198 99 0 56 -56 0
198 99 -99 57 -57 -114
198 99 0 57 -57 0
198 99 0 58 -58 0
198 99 0 59 -59 0
198 99 0 60 -60 0
198 99 -99 61 -61 -122
198 99 0 61 -61 0
198 99 0 62 -62 0
198 99 0 63 -63 0
198 99 0 64 -64 0
198 99 -99 65 -65 -130
198 99 0 65 -65 0
198 99 0 66 -66 0
198 99 0 67 -67 0
198 99 0 68 -68 0
198 99 -99 69 -69 -138
198 99 0 69 -69 0
198 99 0 70 -70 0
198 99 0 71 -71 0
198 99 0 72 -72 0
198 99 -99 73 -73 -146
198 99 0 73 -73 0
198 99 0 74 -74 0
198 99 0 75 -75 0
198 99 0 76 -76 0
198 99 -99 77 -77 -154
198 99 0 77 -77 0
198 99 0 78 -78 0
198 99 0 79 -79 0
198 99 0 80 -80 0
198 99 -99 81 -81 -162
198 99 0 81 -81 0
198 99 0 82 -82 0
198 99 0 83 -83 0
198 99 0 84 -84 0
198 99 -99 85 -85 -170
198 99 0 85 -85 0
198 99 0 86 -86 0
198 99 0 87 -87 0
198 99 0 88 -88 0
198 99 -99 89 -89 -178
198 99 0 89 -89 0
198 99 0 90 -90 0
198 99 0 91 -91 0
198 99 0 92 -92 0
198 99 -99 93 -93 -186
198 99 0 93 -93 0
198 99 0 94 -94 0
198 99 0 95 -95 0
198 99 0 96 -96 0
198 99 -99 97 -97 -194
198 99 0 97 -97 0
198 99 0 98 -98 0
198 99 0 99 -99 0
198 99 0 100 -100 0
198 99 -99 101 -101 -202
198 99 0 101 -101 0
198 99 0 102 -102 0
198 99 0 103 -103 0
198 99 0 104 -104 0
198 99 -99 105 -105 -210
198 99 0 105 -105 0
198 99 0 106 -106 0
198 99 0 107 -107 0
198 99 0 108 -108 0
198 99 -99 109 -109 -218
198 99 0 109 -109 0
198 99 0 110 -110 0
198 99 0 111 -111 0
198 99 0 112 -112 0
198 99 -99 113 -113 -226
198 99 0 113 -113 0
198 99 0 114 -114 0
198 99 0 115 -115 0
198 99 0 116 -116 0
198 99 -99 117 -117 -234
198 99 0 117 -117 0
198 99 0 118 -118 0
198 99 0 119 -119 0
198 99 0 120 -120 0
198 99 -99 121 -121 -242
198 99 0 121 -121 0
198 99 0 122 -122 0
198 99 0 123 -123 0
198 99 0 124 -124 0
198 99 -99 125 -125 -250
198 99 0 125 -125 0
198 99 0 126 -126 0
198 99 0 127 -127 0
198 99 0 128 -128 0
198 99 -99 129 -129 -258
198 99 0 129 -129 0
198 99 0 130 -130 0
198 99 0 131 -131 0
198 99 0 132 -132 0
198 99 -99 133 -133 -266
198 99 0 133 -133 0
198 99 0 134 -134 0
198 99 0 135 -135 0
198 99 0 136 -136 0
198 99 -99 137 -137 -274
198 99 0 137 -137 0
198 99 0 138 -138 0
198 99 0 139 -139 0
198 99 0 140 -140 0
198 99 -99 141 -141 -282
198 99 0 141 -141 0
198 99 0 142 -142 0
198 99 0 143 -143 0
198 99 0 144 -144 0
198 99 -99 145 -145 -290
198 99 0 145 -145 0
198 99 0 146 -146 0
198 99 0 147 -147 0
198 99 -1 148 -148 -296
198 99 0 148 -148 0
198 99 -99 149 -149 -298
198 99 0 149 -149 0
198 99 0 150 -150 0
200 100 0 -150 150 0
200 100 0 -149 149 0
200 100 -100 -148 148 296
200 100 0 -148 148 0
200 100 0 -147 147 0
200 100 0 -146 146 0
200 100 0 -145 145 0
200 100 -100 -144 144 288
200 100 0 -144 144 0
200 100 0 -143 143 0
200 100 0 -142 142 0
200 100 0 -141 141 0
200 100 -100 -140 140 280
200 100 0 -140 140 0
200 100 0 -139 139 0
200 100 0 -138 138 0
200 100 0 -137 137 0
200 100 -100 -136 136 272
200 100 0 -136 136 0
200 100 0 -135 135 0
200 100 0 -134 134 0
200 100 0 -133 133 0
200 100 -100 -132 132 264
200 100 0 -132 132 0
200 100 0 -131 131 0
200 100 0 -130 130 0
200 100 0 -129 129 0
200 100 -100 -128 128 256
200 100 0 -128 128 0
200 100 0 -127 127 0
200 100 0 -126 126 0
200 100 0 -125 125 0
200 100 -100 -124 124 248
200 100 0 -124 124 0
200 100 0 -123 123 0
200 100 0 -122 122 0
200 100 0 -121 121 0
200 100 -100 -120 120 240
200 100 0 -120 120 0
200 100 0 -119 119 0
200 100 0 -118 118 0
200 100 0 -117 117 0
200 100 -100 -116 116 232
200 100 0 -116 116 0
200 100 0 -115 115 0
200 100 0 -114 114 0
200 100 0 -113 113 0
200 100 -100 -112 112 224
200 100 0 -112 112 0
200 100 0 -111 111 0
200 100 0 -110 110 0
200 100 0 -109 109 0
200 100 -100 -108 108 216
200 100 0 -108 108 0
200 100 0 -107 107 0
200 100 0 -106 106 0
200 100 0 -105 105 0
200 100 -100 -104 104 208
200 100 0 -104 104 0
200 100 0 -103 103 0
200 100 0 -102 102 0
200 100 0 -101 101 0
200 100 -100 -100 100 200
200 100 0 -100 100 0
200 100 0 -99 99 0
200 100 0 -98 98 0
200 100 0 -97 97 0
200 100 -100 -96 96 192
200 100 0 -96 96 0
200 100 0 -95 95 0
200 100 0 -94 94 0
200 100 0 -93 93 0
200 100 -100 -92 92 184
200 100 0 -92 92 0
200 100 0 -91 91 0
200 100 0 -90 90 0
200 100 0 -89 89 0
200 100 -100 -88 88 176
200 100 0 -88 88 0
200 100 0 -87 87 0
200 100 0 -86 86 0
200 100 0 -85 85 0
200 100 -100 -84 84 168
200 100 0 -84 84 0
200 100 0 -83 83 0
200 100 0 -82 82 0
200 100 0 -81 81 0
200 100 -100 -80 80 160
200 100 0 -80 80 0
200 100 0 -79 79 0
200 100 0 -78 78 0
200 100 0 -77 77 0
200 100 -100 -76 76 152
200 100 0 -76 76 0
200 100 0 -75 75 0
200 100 0 -74 74 0
200 100 0 -73 73 0
200 100 -100 -72 72 144
200 100 0 -72 72 0
200 100 0 -71 71 0
200 100 0 -70 70 0
200 100 0 -69 69 0
200 100 -100 -68 68 136
200 100 0 -68 68 0
200 100 0 -67 67 0
200 100 0 -66 66 0
200 100 0 -65 65 0
200 100 -100 -64 64 128
200 100 0 -64 64 0
200 100 0 -63 63 0
200 100 0 -62 62 0
200 100 0 -61 61 0
200 100 -100 -60 60 120
200 100 0 -60 60 0
200 100 0 -59 59 0
200 100 0 -58 58 0
200 100 0 -57 57 0
200 100 -100 -56 56 112
200 100 0 -56 56 0
200 100 0 -55 55 0
200 100 0 -54 54 0
200 100 0 -53 53 0
200 100 -100 -52 52 104
200 100 0 -52 52 0
200 100 0 -51 51 0
200 100 0 -50 50 0
200 100 0 -49 49 0
200 100 -100 -48 48 96
200 100 0 -48 48 0
200 100 0 -47 47 0
200 100 0 -46 46 0
200 100 0 -45 45 0
200 100 -100 -44 44 88
200 100 0 -44 44 0
200 100 0 -43 43 0
200 100 0 -42 42 0
200 100 0 -41 41 0
200 100 -100 -40 40 80
200 100 0 -40 40 0
200 100 0 -39 39 0
200 100 0 -38 38 0
200 100 0 -37 37 0
200 100 -100 -36 36 72
200 100 0 -36 36 0
200 100 0 -35 35 0
200 100 0 -34 34 0
200 100 0 -33 33 0
200 100 -100 -32 32 64
200 100 0 -32 32 0
200 100 0 -31 31 0
200 100 0 -30 30 0
200 100 0 -29 29 0
200 100 -100 -28 28 56
200 100 0 -28 28 0
200 100 0 -27 27 0
200 100 0 -26 26 0
200 100 0 -25 25 0
200 100 -100 -24 24 48
200 100 0 -24 24 0
200 100 0 -23 23 0
200 100 0 -22 22 0
200 100 0 -21 21 0
200 100 -100 -20 20 40
200 100 0 -20 20 0
200 100 0 -19 19 0
200 100 0 -18 18 0
200 100 0 -17 17 0
200 100 -100 -16 16 32
200 100 0 -16 16 0
200 100 0 -15 15 0
200 100 0 -14 14 0
200 100 0 -13 13 0
200 100 -100 -12 12 24
200 100 0 -12 12 0
200 100 0 -11 11 0
200 100 0 -10 10 0
200 100 0 -9 9 0
200 100 -100 -8 8 16
200 100 0 -8 8 0
200 100 0 -7 7 0
200 100 0 -6 6 0
200 100 0 -5 5 0
200 100 -100 -4 4 8
200 100 0 -4 4 0
200 100 0 -3 3 0
200 100 0 -2 2 0
200 100 0 -1 1 0
200 100 0 1 -1 0
200 100 0 2 -2 0
200 100 0 3 -3 0
200 100 -100 4 -4 -8
200 100 0 4 -4 0
200 100 0 5 -5 0
200 100 0 6 -6 0
200 100 0 7 -7 0
200 100 -100 8 -8 -16
200 100 0 8 -8 0
200 100 0 9 -9 0
200 100 0 10 -10 0
200 100 0 11 -11 0
200 100 -100 12 -12 -24
200 100 0 12 -12 0
200 100 0 13 -13 0
200 100 0 14 -14 0
200 100 0 15 -15 0
200 100 -100 16 -16 -32
200 100 0 16 -16 0
200 100 0 17 -17 0
200 100 0 18 -18 0
200 100 0 19 -19 0
200 100 -100 20 -20 -40
200 100 0 20 -20 0
200 100 0 21 -21 0
200 100 0 22 -22 0
200 100 0 23 -23 0
200 100 -100 24 -24 -48
200 100 0 24 -24 0
200 100 0 25 -25 0
200 100 0 26 -26 0
200 100 0 27 -27 0
200 100 -100 28 -28 -56
200 100 0 28 -28 0
200 100 0 29 -29 0
200 100 0 30 -30 0
200 100 0 31 -31 0
200 100 -100 32 -32 -64
200 100 0 32 -32 0
200 100 0 33 -33 0
200 100 0 34 -34 0
200 100 0 35 -35 0
200 100 -100 36 -36 -72
200 100 0 36 -36 0
200 100 0 37 -37 0
200 100 0 38 -38 0
200 100 0 39 -39 0
200 100 -100 40 -40 -80
200 100 0 40 -40 0
200 100 0 41 -41 0
200 100 0 42 -42 0
200 100 0 43 -43 0
200 100 -100 44 -44 -88
200 100 0 44 -44 0
200 100 0 45 -45 0
200 100 0 46 -46 0
200 100 0 47 -47 0
200 100 -100 48 -48 -96
200 100 0 48 -48 0
200 100 0 49 -49 0
200 100 0 50 -50 0
200 100 0 51 -51 0
200 100 -100 52 -52 -104
200 100 0 52 -52 0
200 100 0 53 -53 0
200 100 0 54 -54 0
200 100 0 55 -55 0
200 100 -100 56 -56 -112
200 100 0 56 -56 0
200 100 0 57 -57 0
200 100 0 58 -58 0
200 100 0 59 -59 0
200 100 -100 60 -60 -120
200 100 0 60 -60 0
200 100 0 61 -61 0
200 100 0 62 -62 0
200 100 0 63 -63 0
200 100 -100 64 -64 -128
200 100 0 64 -64 0
200 100 0 65 -65 0
200 100 0 66 -66 0
200 100 0 67 -67 0
200 100 -100 68 -68 -136
200 100 0 68 -68 0
200 100 0 69 -69 0
200 100 0 70 -70 0
200 100 0 71 -71 0
200 100 -100 72 -72 -144
200 100 0 72 -72 0
200 100 0 73 -73 0
200 100 0 74 -74 0
200 100 0 75 -75 0
200 100 -100 76 -76 -152
200 100 0 76 -76 0
200 100 0 77 -77 0
200 100 0 78 -78 0
200 100 0 79 -79 0
200 100 -100 80 -80 -160
200 100 0 80 -80 0
200 100 0 81 -81 0
200 100 0 82 -82 0
200 100 0 83 -83 0
200 100 -100 84 -84 -168
200 100 0 84 -84 0
200 100 0 85 -85 0
200 100 0 86 -86 0
200 100 0 87 -87 0
200 100 -100 88 -88 -176
200 100 0 88 -88 0
200 100 0 89 -89 0
200 100 0 90 -90 0
200 100 0 91 -91 0
200 100 -100 92 -92 -184
200 100 0 92 -92 0
200 100 0 93 -93 0
200 100 0 94 -94 0
200 100 0 95 -95 0
200 100 -100 96 -96 -192
200 100 0 96 -96 0
200 100 0 97 -97 0
200 100 0 98 -98 0
200 100 0 99 -99 0
200 100 -100 100 -100 -200
200 100 0 100 -100 0
200 100 0 101 -101 0
200 100 0 102 -102 0
200 100 0 103 -103 0
200 100 -100 104 -104 -208
200 100 0 104 -104 0
200 100 0 105 -105 0
200 100 0 106 -106 0
200 100 0 107 -107 0
200 100 -100 108 -108 -216
200 100 0 108 -108 0
200 100 0 109 -109 0
200 100 0 110 -110 0
200 100 0 111 -111 0
200 100 -100 112 -112 -224
200 100 0 112 -112 0
200 100 0 113 -113 0
200 100 0 114 -114 0
200 100 0 115 -115 0
200 100 -100 116 -116 -232
200 100 0 116 -116 0
200 100 0 117 -117 0
200 100 0 118 -118 0
200 100 0 119 -119 0
200 100 -100 120 -120 -240
200 100 0 120 -120 0
200 100 0 121 -121 0
200 100 0 122 -122 0
200 100 0 123 -123 0
200 100 -100 124 -124 -248
200 100 0 124 -124 0
200 100 0 125 -125 0
200 100 0 126 -126 0
200 100 0 127 -127 0
200 100 -100 128 -128 -256
200 100 0 128 -128 0
200 100 0 129 -129 0
200 100 0 130 -130 0
200 100 0 131 -131 0
200 100 -100 132 -132 -264
200 100 0 132 -132 0
200 100 0 133 -133 0
200 100 0 134 -134 0
200 100 0 135 -135 0
200 100 -100 136 -136 -272
200 100 0 136 -136 0
200 100 0 137 -137 0
200 100 0 138 -138 0
200 100 0 139 -139 0
200 100 -100 140 -140 -280
200 100 0 140 -140 0
200 100 0 141 -141 0
200 100 0 142 -142 0
200 100 0 143 -143 0
200 100 -100 144 -144 -288
200 100 0 144 -144 0
200 100 0 145 -145 0
200 100 0 146 -146 0
200 100 0 147 -147 0
200 100 -100 148 -148 -296
200 100 0 148 -148 0
200 100 0 149 -149 0
200 100 0 150 -150 0
202 101 0 -150 150 0
202 101 0 -149 149 0
202 101 0 -148 148 0
202 101 -101 -147 147 294
202 101 0 -147 147 0
202 101 0 -146 146 0
202 101 0 -145 145 0
202 101 0 -144 144 0
202 101 -101 -143 143 286
202 101 0 -143 143 0
202 101 0 -142 142 0
202 101 0 -141 141 0
202 101 0 -140 140 0
202 101 -101 -139 139 278
202 101 0 -139 139 0
202 101 0 -138 138 0
202 101 0 -137 137 0
202 101 0 -136 136 0
202 101 -101 -135 135 270
202 101 0 -135 135 0
202 101 0 -134 134 0
202 101 0 -133 133 0
202 101 0 -132 132 0
202 101 -101 -131 131 262
202 101 0 -131 131 0
202 101 0 -130 130 0
202 101 0 -129 129 0
202 101 0 -128 128 0
202 101 -101 -127 127 254
202 101 0 -127 127 0
202 101 0 -126 126 0
202 101 0 -125 125 0
202 101 0 -124 124 0
202 101 -101 -123 123 246
202 101 0 -123 123 0
202 101 0 -122 122 0
202 101 0 -121 121 0
202 101 0 -120 120 0
202 101 -101 -119 119 238
202 101 0 -119 119 0
202 101 0 -118 118 0
202 101 0 -117 117 0
202 101 0 -116 116 0
202 101 -101 -115 115 230
202 101 0 -115 115 0
202 101 0 -114 114 0
202 101 0 -113 113 0
202 101 0 -112 112 0
202 101 -101 -111 111 222
202 101 0 -111 111 0
202 101 0 -110 110 0
202 101 0 -109 109 0
202 101 0 -108 108 0
202 101 -101 -107 107 214
202 101 0 -107 107 0
202 101 0 -106 106 0
202 101 0 -105 105 0
202 101 0 -104 104 0
202 101 -101 -103 103 206
202 101 0 -103 103 0
202 101 0 -102 102 0
202 101 0 -101 101 0
202 101 0 -100 100 0
202 101 -101 -99 99 198
202 101 0 -99 99 0
202 101 0 -98 98 0
202 101 0 -97 97 0
202 101 0 -96 96 0
202 101 -101 -95 95 190
202 101 0 -95 95 0
202 101 0 -94 94 0
202 101 0 -93 93 0
202 101 0 -92 92 0
202 101 -101 -91 91 182
202 101 0 -91 91 0
202 101 0 -90 90 0
202 101 0 -89 89 0
202 101 0 -88 88 0
202 101 -101 -87 87 174
202 101 0 -87 87 0
202 101 0 -86 86 0
202 101 0 -85 85 0
202 101 0 -84 84 0
202 101 -101 -83 83 166
202 101 0 -83 83 0
202 101 0 -82 82 0
202 101 0 -81 81 0
202 101 0 -80 80 0
202 101 -101 -79 79 158
202 101 0 -79 79 0
202 101 0 -78 78 0
202 101 0 -77 77 0
202 101 0 -76 76 0
202 101 -101 -75 75 150
202 101 0 -75 75 0
202 101 0 -74 74 0
202 101 0 -73 73 0
202 101 0 -72 72 0
202 101 -101 -71 71 142
202 101 0 -71 71 0
202 101 0 -70 70 0
202 101 0 -69 69 0
202 101 0 -68 68 0
202 101 -101 -67 67 134
202 101 0 -67 67 0
202 101 0 -66 66 0
202 101 0 -65 65 0
202 101 0 -64 64 0
202 101 -101 -63 63 126
202 101 0 -63 63 0
202 101 0 -62 62 0
202 101 0 -61 61 0
202 101 0 -60 60 0
202 101 -101 -59 59 118
202 101 0 -59 59 0
202 101 0 -58 58 0
202 101 0 -57 57 0
202 101 0 -56 56 0
202 101 -101 -55 55 110
202 101 0 -55 55 0
202 101 0 -54 54 0
202 101 0 -53 53 0
202 101 0 -52 52 0
202 101 -101 -51 51 102
202 101 0 -51 51 0
202 101 0 -50 50 0
202 101 0 -49 49 0
202 101 0 -48 48 0
202 101 -101 -47 47 94
202 101 0 -47 47 0
202 101 0 -46 46 0
202 101 0 -45 45 0
202 101 0 -44 44 0
202 101 -101 -43 43 86
202 101 0 -43 43 0
202 101 0 -42 42 0
202 101 0 -41 41 0
202 101 0 -40 40 0
202 101 -101 -39 39 78
202 101 0 -39 39 0
202 101 0 -38 38 0
202 101 0 -37 37 0
202 101 0 -36 36 0
202 101 -101 -35 35 70
202 101 0 -35 35 0
202 101 0 -34 34 0
202 101 0 -33 33 0
202 101 0 -32 32 0
202 101 -101 -31 31 62
202 101 0 -31 31 0
202 101 0 -30 30 0
202 101 0 -29 29 0
202 101 0 -28 28 0
202 101 -101 -27 27 54
202 101 0 -27 27 0
202 101 0 -26 26 0
202 101 0 -25 25 0
202 101 0 -24 24 0
202 101 -101 -23 23 46
202 101 0 -23 23 0
202 101 0 -22 22 0
202 101 0 -21 21 0
202 101 0 -20 20 0
202 101 -101 -19 19 38
202 101 0 -19 19 0
202 101 0 -18 18 0
202 101 0 -17 17 0
202 101 0 -16 16 0
202 101 -101 -15 15 30
202 101 0 -15 15 0
202 101 0 -14 14 0
202 101 0 -13 13 0
202 101 0 -12 12 0
202 101 -101 -11 11 22
202 101 0 -11 11 0
202 101 0 -10 10 0
202 101 0 -9 9 0
202 101 0 -8 8 0
202 101 -101 -7 7 14
202 101 0 -7 7 0
202 101 0 -6 6 0
202 101 0 -5 5 0
202 101 0 -4 4 0
202 101 -101 -3 3 6
202 101 0 -3 3 0
202 101 0 -2 2 0
202 101 0 -1 1 0
202 101 -101 1 -1 -2
202 101 0 1 -1 0
202 101 0 2 -2 0
202 101 0 3 -3 0
202 101 0 4 -4 0
202 101 -101 5 -5 -10
202 101 0 5 -5 0
202 101 0 6 -6 0
202 101 0 7 -7 0
202 101 0 8 -8 0
202 101 -101 9 -9 -18
202 101 0 9 -9 0
202 101 0 10 -10 0
202 101 0 11 -11 0
202 101 0 12 -12 0
202 101 -101 13 -13 -26
202 101 0 13 -13 0
202 101 0 14 -14 0
202 101 0 15 -15 0
202 101 0 16 -16 0
202 101 -101 17 -17 -34
202 101 0 17 -17 0
202 101 0 18 -18 0
202 101 0 19 -19 0
202 101 0 20 -20 0
202 101 -101 21 -21 -42
202 101 0 21 -21 0
202 101 0 22 -22 0
202 101 0 23 -23 0
202 101 0 24 -24 0
202 101 -101 25 -25 -50
202 101 0 25 -25 0
202 101 0 26 -26 0
202 101 0 27 -27 0
202 101 0 28 -28 0
202 101 -101 29 -29 -58
202 101 0 29 -29 0
202 101 0 30 -30 0
202 101 0 31 -31 0
202 101 0 32 -32 0
202 101 -101 33 -33 -66
202 101 0 33 -33 0
202 101 0 34 -34 0
202 101 0 35 -35 0
202 101 0 36 -36 0
202 101 -101 37 -37 -74
202 101 0 37 -37 0
202 101 0 38 -38 0
202 101 0 39 -39 0
202 101 0 40 -40 0
202 101 -101 41 -41 -82
202 101 0 41 -41 0
202 101 0 42 -42 0
202 101 0 43 -43 0
202 101 0 44 -44 0
202 101 -101 45 -45 -90
202 101 0 45 -45 0
202 101 0 46 -46 0
202 101 0 47 -47 0
202 101 0 48 -48 0
202 101 -101 49 -49 -98
202 101 0 49 -49 0
202 101 0 50 -50 0
202 101 0 51 -51 0
202 101 0 52 -52 0
202 101 -101 53 -53 -106
202 101 0 53 -53 0
202 101 0 54 -54 0
202 101 0 55 -55 0
202 101 0 56 -56 0
202 101 -101 57 -57 -114
202 101 0 57 -57 0
202 101 0 58 -58 0
202 101 0 59 -59 0
202 101 0 60 -60 0
202 101 -101 61 -61 -122
202 101 0 61 -61 0
202 101 0 62 -62 0
202 101 0 63 -63 0
202 101 0 64 -64 0
202 101 -101 65 -65 -130
202 101 0 65 -65 0
202 101 0 66 -66 0
202 101 0 67 -67 0
202 101 0 68 -68 0
202 101 -101 69 -69 -138
202 101 0 69 -69 0
202 101 0 70 -70 0
202 101 0 71 -71 0
202 101 0 72 -72 0
202 101 -101 73 -73 -146
202 101 0 73 -73 0
202 101 0 74 -74 0
202 101 0 75 -75 0
202 101 0 76 -76 0
202 101 -101 77 -77 -154
202 101 0 77 -77 0
202 101 0 78 -78 0
202 101 0 79 -79 0
202 101 0 80 -80 0
202 101 -101 81 -81 -162
202 101 0 81 -81 0
202 101 0 82 -82 0
202 101 0 83 -83 0
202 101 0 84 -84 0
202 101 -101 85 -85 -170
202 101 0 85 -85 0
202 101 0 86 -86 0
202 101 0 87 -87 0
202 101 0 88 -88 0
202 101 -101 89 -89 -178
202 101 0 89 -89 0
202 101 0 90 -90 0
202 101 0 91 -91 0
202 101 0 92 -92 0
202 101 -101 93 -93 -186
202 101 0 93 -93 0
202 101 0 94 -94 0
202 101 0 95 -95 0
202 101 0 96 -96 0
202 101 -101 97 -97 -194
202 101 0 97 -97 0
202 101 0 98 -98 0
202 101 0 99 -99 0
202 101 0 100 -100 0
202 101 -101 101 -101 -202
202 101 0 101 -101 0
202 101 0 102 -102 0
202 101 0 103 -103 0
202 101 0 104 -104 0
202 101 -101 105 -105 -210
202 101 0 105 -105 0
202 101 0 106 -106 0
202 101 0 107 -107 0
202 101 0 108 -108 0
202 101 -101 109 -109 -218
202 101 0 109 -109 0
202 101 0 110 -110 0
202 101 0 111 -111 0
202 101 0 112 -112 0
202 101 -101 113 -113 -226
202 101 0 113 -113 0
202 101 0 114 -114 0
202 101 0 115 -115 0
202 101 0 116 -116 0
202 101 -101 117 -117 -234
202 101 0 117 -117 0
202 101 0 118 -118 0
202 101 0 119 -119 0
202 101 0 120 -120 0
202 101 -101 121 -121 -242
202 101 0 121 -121 0
202 101 0 122 -122 0
202 101 0 123 -123 0
202 101 0 124 -124 0
202 101 -101 125 -125 -250
202 101 0 125 -125 0
202 101 0 126 -126 0
202 101 0 127 -127 0
202 101 0 128 -128 0
202 101 -101 129 -129 -258
202 101 0 129 -129 0
202 101 0 130 -130 0
202 101 0 131 -131 0
202 101 0 132 -132 0
202 101 -101 133 -133 -266
202 101 0 133 -133 0
202 101 0 134 -134 0
202 101 0 135 -135 0
202 101 0 136 -136 0
202 101 -101 137 -137 -274
202 101 0 137 -137 0
202 101 0 138 -138 0
202 101 0 139 -139 0
202 101 0 140 -140 0
202 101 -101 141 -141 -282
202 101 0 141 -141 0
202 101 0 142 -142 0
202 101 0 143 -143 0
202 101 0 144 -144 0
202 101 -101 145 -145 -290
202 101 0 145 -145 0
202 101 0 146 -146 0
202 101 0 147 -147 0
202 101 0 148 -148 0
202 101 -101 149 -149 -298
202 101 0 149 -149 0
202 101 0 150 -150 0
204 102 0 -150 150 0
204 102 0 -149 149 0
204 102 -102 -148 148 296
204 102 0 -148 148 0
204 102 0 -147 147 0
204 102 0 -146 146 0
204 102 0 -145 145 0
204 102 -102 -144 144 288
204 102 0 -144 144 0
204 102 0 -143 143 0
204 102 0 -142 142 0
204 102 0 -141 141 0
204 102 -102 -140 140 280
204 102 0 -140 140 0
204 102 0 -139 139 0
204 102 0 -138 138 0
204 102 0 -137 137 0
204 102 -102 -136 136 272
204 102 0 -136 136 0
204 102 0 -135 135 0
204 102 0 -134 134 0
204 102 0 -133 133 0
204 102 -102 -132 132 264
204 102 0 -132 132 0
204 102 0 -131 131 0
204 102 0 -130 130 0
204 102 0 -129 129 0
204 102 -102 -128 128 256
204 102 0 -128 128 0
204 102 0 -127 127 0
204 102 0 -126 126 0
204 102 0 -125 125 0
204 102 -102 -124 124 248
204 102 0 -124 124 0
204 102 0 -123 123 0
204 102 0 -122 122 0
204 102 0 -121 121 0
204 102 -102 -120 120 240
204 102 0 -120 120 0
204 102 0 -119 119 0
204 102 0 -118 118 0
204 102 0 -117 117 0
204 102 -102 -116 116 232
204 102 0 -116 116 0
204 102 0 -115 115 0
204 102 0 -114 114 0
204 102 0 -113 113 0
204 102 -102 -112 112 224
204 102 0 -112 112 0
204 102 0 -111 111 0
204 102 0 -110 110 0
204 102 0 -109 109 0
204 102 -102 -108 108 216
204 102 0 -108 108 0
204 102 0 -107 107 0
204 102 0 -106 106 0
204 102 0 -105 105 0
204 102 -102 -104 104 208
204 102 0 -104 104 0
204 102 0 -103 103 0
204 102 0 -102 102 0
204 102 0 -101 101 0
204 102 -102 -100 100 200
204 102 0 -100 100 0
204 102 0 -99 99 0
204 102 0 -98 98 0
204 102 0 -97 97 0
204 102 -102 -96 96 192
204 102 0 -96 96 0
204 102 0 -95 95 0
204 102 0 -94 94 0
204 102 0 -93 93 0
204 102 -102 -92 92 184
204 102 0 -92 92 0
204 102 0 -91 91 0
204 102 0 -90 90 0
204 102 0 -89 89 0
204 102 -102 -88 88 176
204 102 0 -88 88 0
204 102 0 -87 87 0
204 102 0 -86 86 0
204 102 0 -85 85 0
204 102 -102 -84 84 168
204 102 0 -84 84 0
204 102 0 -83 83 0
204 102 0 -82 82 0
204 102 0 -81 81 0
204 102 -102 -80 80 160
204 102 0 -80 80 0
204 102 0 -79 79 0
204 102 0 -78 78 0
204 102 0 -77 77 0
204 102 -102 -76 76 152
204 102 0 -76 76 0
204 102 0 -75 75 0
204 102 0 -74 74 0
204 102 0 -73 73 0
204 102 -102 -72 72 144
204 102 0 -72 72 0
204 102 0 -71 71 0
204 102 0 -70 70 0
204 102 0 -69 69 0
204 102 -102 -68 68 136
204 102 0 -68 68 0
204 102 0 -67 67 0
204 102 0 -66 66 0
204 102 0 -65 65 0
204 102 -102 -64 64 128
204 102 0 -64 64 0
204 102 0 -63 63 0
204 102 0 -62 62 0
204 102 0 -61 61 0
204 102 -102 -60 60 120
204 102 0 -60 60 0
204 102 0 -59 59 0
204 102 0 -58 58 0
204 102 0 -57 57 0
204 102 -102 -56 56 112
204 102 0 -56 56 0
204 102 0 -55 55 0
204 102 0 -54 54 0
204 102 0 -53 53 0
204 102 -102 -52 52 104
204 102 0 -52 52 0
204 102 0 -51 51 0
204 102 0 -50 50 0
204 102 0 -49 49 0
204 102 -102 -48 48 96
204 102 0 -48 48 0
204 102 0 -47 47 0
204 102 0 -46 46 0
204 102 0 -45 45 0
204 102 -102 -44 44 88
204 102 0 -44 44 0
204 102 0 -43 43 0
204 102 0 -42 42 0
204 102 0 -41 41 0
204 102 -102 -40 40 80
204 102 0 -40 40 0
204 102 0 -39 39 0
204 102 0 -38 38 0
204 102 0 -37 37 0
204 102 -102 -36 36 72
204 102 0 -36 36 0
204 102 0 -35 35 0
204 102 0 -34 34 0
204 102 0 -33 33 0
204 102 -102 -32 32 64
204 102 0 -32 32 0
204 102 0 -31 31 0
204 102 0 -30 30 0
204 102 0 -29 29 0
204 102 -102 -28 28 56
204 102 0 -28 28 0
204 102 0 -27 27 0
204 102 0 -26 26 0
204 102 0 -25 25 0
204 102 -102 -24 24 48
204 102 0 -24 24 0
204 102 0 -23 23 0
204 102 0 -22 22 0
204 102 0 -21 21 0
204 102 -102 -20 20 40
204 102 0 -20 20 0
204 102 0 -19 19 0
204 102 0 -18 18 0
204 102 0 -17 17 0
204 102 -102 -16 16 32
204 102 0 -16 16 0
204 102 0 -15 15 0
204 102 0 -14 14 0
204 102 0 -13 13 0
204 102 -102 -12 12 24
204 102 0 -12 12 0
204 102 0 -11 11 0
204 102 0 -10 10 0
204 102 0 -9 9 0
204 102 -102 -8 8 16
204 102 0 -8 8 0
204 102 0 -7 7 0
204 102 0 -6 6 0
204 102 0 -5 5 0
204 102 -102 -4 4 8
204 102 0 -4 4 0
204 102 0 -3 3 0
204 102 0 -2 2 0
204 102 0 -1 1 0
204 102 0 1 -1 0
204 102 0 2 -2 0
204 102 0 3 -3 0
204 102 -102 4 -4 -8
204 102 0 4 -4 0
204 102 0 5 -5 0
204 102 0 6 -6 0
204 102 0 7 -7 0
204 102 -102 8 -8 -16
204 102 0 8 -8 0
204 102 0 9 -9 0
204 102 0 10 -10 0
204 102 0 11 -11 0
204 102 -102 12 -12 -24
204 102 0 12 -12 0
204 102 0 13 -13 0
204 102 0 14 -14 0
204 102 0 15 -15 0
204 102 -102 16 -16 -32
204 102 0 16 -16 0
204 102 0 17 -17 0
204 102 0 18 -18 0
204 102 0 19 -19 0
204 102 -102 20 -20 -40
204 102 0 20 -20 0
204 102 0 21 -21 0
204 102 0 22 -22 0
204 102 0 23 -23 0
204 102 -102 24 -24 -48
204 102 0 24 -24 0
204 102 0 25 -25 0
204 102 0 26 -26 0
204 102 0 27 -27 0
204 102 -102 28 -28 -56
204 102 0 28 -28 0
204 102 0 29 -29 0
204 102 0 30 -30 0
204 102 0 31 -31 0
204 102 -102 32 -32 -64
204 102 0 32 -32 0
204 102 0 33 -33 0
204 102 0 34 -34 0
204 102 0 35 -35 0
204 102 -102 36 -36 -72
204 102 0 36 -36 0
204 102 0 37 -37 0
204 102 0 38 -38 0
204 102 0 39 -39 0
204 102 -102 40 -40 -80
204 102 0 40 -40 0
204 102 0 41 -41 0
204 102 0 42 -42 0
204 102 0 43 -43 0
204 102 -102 44 -44 -88
204 102 0 44 -44 0
204 102 0 45 -45 0
204 102 0 46 -46 0
204 102 0 47 -47 0
204 102 -102 48 -48 -96
204 102 0 48 -48 0
204 102 0 49 -49 0
204 102 0 50 -50 0
204 102 0 51 -51 0
204 102 -102 52 -52 -104
204 102 0 52 -52 0
204 102 0 53 -53 0
204 102 0 54 -54 0
204 102 0 55 -55 0
204 102 -102 56 -56 -112
204 102 0 56 -56 0
204 102 0 57 -57 0
204 102 0 58 -58 0
204 102 0 59 -59 0
204 102 -102 60 -60 -120
204 102 0 60 -60 0
204 102 0 61 -61 0
204 102 0 62 -62 0
204 102 0 63 -63 0
204 102 -102 64 -64 -128
204 102 0 64 -64 0
204 102 0 65 -65 0
204 102 0 66 -66 0
204 102 0 67 -67 0
204 102 -102 68 -68 -136
204 102 0 68 -68 0
204 102 0 69 -69 0
204 102 0 70 -70 0
204 102 0 71 -71 0
204 102 -102 72 -72 -144
204 102 0 72 -72 0
204 102 0 73 -73 0
204 102 0 74 -74 0
204 102 0 75 -75 0
204 102 -102 76 -76 -152
204 102 0 76 -76 0
204 102 0 77 -77 0
204 102 0 78 -78 0
204 102 0 79 -79 0
204 102 -102 80 -80 -160
204 102 0 80 -80 0
204 102 0 81 -81 0
204 102 0 82 -82 0
204 102 0 83 -83 0
204 102 -102 84 -84 -168
204 102 0 84 -84 0
204 102 0 85 -85 0
204 102 0 86 -86 0
204 102 0 87 -87 0
204 102 -102 88 -88 -176
204 102 0 88 -88 0
204 102 0 89 -89 0
204 102 0 90 -90 0
204 102 0 91 -91 0
204 102 -102 92 -92 -184
204 102 0 92 -92 0
204 102 0 93 -93 0
204 102 0 94 -94 0
204 102 0 95 -95 0
204 102 -102 96 -96 -192
204 102 0 96 -96 0
204 102 0 97 -97 0
204 102 0 98 -98 0
204 102 0 99 -99 0
204 102 -102 100 -100 -200
204 102 0 100 -100 0
204 102 0 101 -101 0
204 102 0 102 -102 0
204 102 0 103 -103 0
204 102 -102 104 -104 -208
204 102 0 104 -104 0
204 102 0 105 -105 0
204 102 0 106 -106 0
204 102 0 107 -107 0
204 102 -102 108 -108 -216
204 102 0 108 -108 0
204 102 0 109 -109 0
204 102 0 110 -110 0
204 102 0 111 -111 0
204 102 -102 112 -112 -224
204 102 0 112 -112 0
204 102 0 113 -113 0
204 102 0 114 -114 0
204 102 0 115 -115 0
204 102 -102 116 -116 -232
204 102 0 116 -116 0
204 102 0 117 -117 0
204 102 0 118 -118 0
204 102 0 119 -119 0
204 102 -102 120 -120 -240
204 102 0 120 -120 0
204 102 0 121 -121 0
204 102 0 122 -122 0
204 102 0 123 -123 0
204 102 -102 124 -124 -248
204 102 0 124 -124 0
204 102 0 125 -125 0
204 102 0 126 -126 0
204 102 0 127 -127 0
204 102 -102 128 -128 -256
204 102 0 128 -128 0
204 102 0 129 -129 0
204 102 0 130 -130 0
204 102 0 131 -131 0
204 102 -102 132 -132 -264
204 102 0 132 -132 0
204 102 0 133 -133 0
204 102 0 134 -134 0
204 102 0 135 -135 0
204 102 -102 136 -136 -272
204 102 0 136 -136 0
204 102 0 137 -137 0
204 102 0 138 -138 0
204 102 0 139 -139 0
204 102 -102 140 -140 -280
204 102 0 140 -140 0
204 102 0 141 -141 0
204 102 0 142 -142 0
204 102 0 143 -143 0
204 102 -102 144 -144 -288
204 102 0 144 -144 0
204 102 0 145 -145 0
204 102 0 146 -146 0
204 102 0 147 -147 0
204 102 -102 148 -148 -296
204 102 0 148 -148 0
204 102 0 149 -149 0
204 102 0 150 -150 0
206 103 0 -150 150 0
206 103 0 -149 149 0
206 103 0 -148 148 0
206 103 -103 -147 147 294
206 103 0 -147 147 0
206 103 0 -146 146 0
206 103 0 -145 145 0
206 103 0 -144 144 0
206 103 -103 -143 143 286
206 103 0 -143 143 0
206 103 0 -142 142 0
206 103 0 -141 141 0
206 103 0 -140 140 0
206 103 -103 -139 139 278
206 103 0 -139 139 0
206 103 0 -138 138 0
206 103 0 -137 137 0
206 103 0 -136 136 0
206 103 -103 -135 135 270
206 103 0 -135 135 0
206 103 0 -134 134 0
206 103 0 -133 133 0
206 103 0 -132 132 0
206 103 -103 -131 131 262
206 103 0 -131 131 0
206 103 0 -130 130 0
206 103 0 -129 129 0
206 103 0 -128 128 0
206 103 -103 -127 127 254
206 103 0 -127 127 0
206 103 0 -126 126 0
206 103 0 -125 125 0
206 103 0 -124 124 0
206 103 -103 -123 123 246
206 103 0 -123 123 0
206 103 0 -122 122 0
206 103 0 -121 121 0
206 103 0 -120 120 0
206 103 -103 -119 119 238
206 103 0 -119 119 0
206 103 0 -118 118 0
206 103 0 -117 117 0
206 103 0 -116 116 0
206 103 -103 -115 115 230
206 103 0 -115 115 0
206 103 0 -114 114 0
206 103 0 -113 113 0
206 103 0 -112 112 0
206 103 -103 -111 111 222
206 103 0 -111 111 0
206 103 0 -110 110 0
206 103 0 -109 109 0
206 103 0 -108 108 0
206 103 -103 -107 107 214
206 103 0 -107 107 0
206 103 0 -106 106 0
206 103 0 -105 105 0
206 103 0 -104 104 0
206 103 -103 -103 103 206
206 103 0 -103 103 0
206 103 0 -102 102 0
206 103 0 -101 101 0
206 103 0 -100 100 0
206 103 -103 -99 99 198
206 103 0 -99 99 0
206 103 0 -98 98 0
206 103 0 -97 97 0
206 103 0 -96 96 0
206 103 -103 -95 95 190
206 103 0 -95 95 0
206 103 0 -94 94 0
206 103 0 -93 93 0
206 103 0 -92 92 0
206 103 -103 -91 91 182
206 103 0 -91 91 0
206 103 0 -90 90 0
206 103 0 -89 89 0
206 103 0 -88 88 0
206 103 -103 -87 87 174
206 103 0 -87 87 0
206 103 0 -86 86 0
206 103 0 -85 85 0
206 103 0 -84 84 0
206 103 -103 -83 83 166
206 103 0 -83 83 0
206 103 0 -82 82 0
206 103 0 -81 81 0
206 103 0 -80 80 0
206 103 -103 -79 79 158
206 103 0 -79 79 0
206 103 0 -78 78 0
206 103 0 -77 77 0
206 103 0 -76 76 0
206 103 -103 -75 75 150
206 103 0 -75 75 0
206 103 0 -74 74 0
206 103 0 -73 73 0
206 103 0 -72 72 0
206 103 -103 -71 71 142
206 103 0 -71 71 0
206 103 0 -70 70 0
206 103 0 -69 69 0
206 103 0 -68 68 0
206 103 -103 -67 67 134
206 103 0 -67 67 0
206 103 0 -66 66 0
206 103 0 -65 65 0
206 103 0 -64 64 0
206 103 -103 -63 63 126
206 103 0 -63 63 0
206 103 0 -62 62 0
206 103 0 -61 61 0
206 103 0 -60 60 0
206 103 -103 -59 59 118
206 103 0 -59 59 0
206 103 0 -58 58 0
206 103 0 -57 57 0
206 103 0 -56 56 0
206 103 -103 -55 55 110
206 103 0 -55 55 0
206 103 0 -54 54 0
206 103 0 -53 53 0
206 103 0 -52 52 0
206 103 -103 -51 51 102
206 103 0 -51 51 0
206 103 0 -50 50 0
206 103 0 -49 49 0
206 103 0 -48 48 0
206 103 -103 -47 47 94
206 103 0 -47 47 0
206 103 0 -46 46 0
206 103 0 -45 45 0
206 103 0 -44 44 0
206 103 -103 -43 43 86
206 103 0 -43 43 0
206 103 0 -42 42 0
206 103 0 -41 41 0
206 103 0 -40 40 0
206 103 -103 -39 39 78
206 103 0 -39 39 0
206 103 0 -38 38 0
206 103 0 -37 37 0
206 103 0 -36 36 0
206 103 -103 -35 35 70
206 103 0 -35 35 0
206 103 0 -34 34 0
206 103 0 -33 33 0
206 103 0 -32 32 0
206 103 -103 -31 31 62
206 103 0 -31 31 0
206 103 0 -30 30 0
206 103 0 -29 29 0
206 103 0 -28 28 0
206 103 -103 -27 27 54
206 103 0 -27 27 0
206 103 0 -26 26 0
206 103 0 -25 25 0
206 103 0 -24 24 0
206 103 -103 -23 23 46
206 103 0 -23 23 0
206 103 0 -22 22 0
206 103 0 -21 21 0
206 103 0 -20 20 0
206 103 -103 -19 19 38
206 103 0 -19 19 0
206 103 0 -18 18 0
206 103 0 -17 17 0
206 103 0 -16 16 0
206 103 -103 -15 15 30
206 103 0 -15 15 0
206 103 0 -14 14 0
206 103 0 -13 13 0
206 103 0 -12 12 0
206 103 -103 -11 11 22
206 103 0 -11 11 0
206 103 0 -10 10 0
206 103 0 -9 9 0
206 103 0 -8 8 0
206 103 -103 -7 7 14
206 103 0 -7 7 0
206 103 0 -6 6 0
206 103 0 -5 5 0
206 103 0 -4 4 0
206 103 -103 -3 3 6
206 103 0 -3 3 0
206 103 0 -2 2 0
206 103 0 -1 1 0
206 103 -103 1 -1 -2
206 103 0 1 -1 0
206 103 0 2 -2 0
206 103 0 3 -3 0
206 103 0 4 -4 0
206 103 -103 5 -5 -10
206 103 0 5 -5 0
206 103 0 6 -6 0
206 103 0 7 -7 0
206 103 0 8 -8 0
206 103 -103 9 -9 -18
206 103 0 9 -9 0
206 103 0 10 -10 0
206 103 0 11 -11 0
206 103 0 12 -12 0
206 103 -103 13 -13 -26
206 103 0 13 -13 0
206 103 0 14 -14 0
206 103 0 15 -15 0
206 103 0 16 -16 0
206 103 -103 17 -17 -34
206 103 0 17 -17 0
206 103 0 18 -18 0
206 103 0 19 -19 0
206 103 0 20 -20 0
206 103 -103 21 -21 -42
206 103 0 21 -21 0
206 103 0 22 -22 0
206 103 0 23 -23 0
206 103 0 24 -24 0
206 103 -103 25 -25 -50
206 103 0 25 -25 0
206 103 0 26 -26 0
206 103 0 27 -27 0
206 103 0 28 -28 0
206 103 -103 29 -29 -58
206 103 0 29 -29 0
206 103 0 30 -30 0
206 103 0 31 -31 0
206 103 0 32 -32 0
206 103 -103 33 -33 -66
206 103 0 33 -33 0
206 103 0 34 -34 0
206 103 0 35 -35 0
206 103 0 36 -36 0
206 103 -103 37 -37 -74
206 103 0 37 -37 0
206 103 0 38 -38 0
206 103 0 39 -39 0
206 103 0 40 -40 0
206 103 -103 41 -41 -82
206 103 0 41 -41 0
206 103 0 42 -42 0
206 103 0 43 -43 0
206 103 0 44 -44 0
206 103 -103 45 -45 -90
206 103 0 45 -45 0
206 103 0 46 -46 0
206 103 0 47 -47 0
206 103 0 48 -48 0
206 103 -103 49 -49 -98
206 103 0 49 -49 0
206 103 0 50 -50 0
206 103 0 51 -51 0
206 103 0 52 -52 0
206 103 -103 53 -53 -106
206 103 0 53 -53 0
206 103 0 54 -54 0
206 103 0 55 -55 0
206 103 0 56 -56 0
206 103 -103 57 -57 -114
206 103 0 57 -57 0
206 103 0 58 -58 0
206 103 0 59 -59 0
206 103 0 60 -60 0
206 103 -103 61 -61 -122
206 103 0 61 -61 0
206 103 0 62 -62 0
206 103 0 63 -63 0
206 103 0 64 -64 0
206 103 -103 65 -65 -130
206 103 0 65 -65 0
206 103 0 66 -66 0
206 103 0 67 -67 0
206 103 0 68 -68 0
206 103 -103 69 -69 -138
206 103 0 69 -69 0
206 103 0 70 -70 0
206 103 0 71 -71 0
206 103 0 72 -72 0
206 103 -103 73 -73 -146
206 103 0 73 -73 0
206 103 0 74 -74 0
206 103 0 75 -75 0
206 103 0 76 -76 0
206 103 -103 77 -77 -154
206 103 0 77 -77 0
206 103 0 78 -78 0
206 103 0 79 -79 0
206 103 0 80 -80 0
206 103 -103 81 -81 -162
206 103 0 81 -81 0
206 103 0 82 -82 0
206 103 0 83 -83 0
206 103 0 84 -84 0
206 103 -103 85 -85 -170
206 103 0 85 -85 0
206 103 0 86 -86 0
206 103 0 87 -87 0
206 103 0 88 -88 0
206 103 -103 89 -89 -178
206 103 0 89 -89 0
206 103 0 90 -90 0
206 103 0 91 -91 0
206 103 0 92 -92 0
206 103 -103 93 -93 -186
206 103 0 93 -93 0
206 103 0 94 -94 0
206 103 0 95 -95 0
206 103 0 96 -96 0
206 103 -103 97 -97 -194
206 103 0 97 -97 0
206 103 0 98 -98 0
206 103 0 99 -99 0
206 103 0 100 -100 0
206 103 -103 101 -101 -202
206 103 0 101 -101 0
206 103 0 102 -102 0
206 103 0 103 -103 0
206 103 0 104 -104 0
206 103 -103 105 -105 -210
206 103 0 105 -105 0
206 103 0 106 -106 0
206 103 0 107 -107 0
206 103 0 108 -108 0
206 103 -103 109 -109 -218
206 103 0 109 -109 0
206 103 0 110 -110 0
206 103 0 111 -111 0
206 103 0 112 -112 0
206 103 -103 113 -113 -226
206 103 0 113 -113 0
206 103 0 114 -114 0
206 103 0 115 -115 0
206 103 0 116 -116 0
206 103 -103 117 -117 -234
206 103 0 117 -117 0
206 103 0 118 -118 0
206 103 0 119 -119 0
206 103 0 120 -120 0
206 103 -103 121 -121 -242
206 103 0 121 -121 0
206 103 0 122 -122 0
206 103 0 123 -123 0
206 103 0 124 -124 0
206 103 -103 125 -125 -250
206 103 0 125 -125 0
206 103 0 126 -126 0
206 103 0 127 -127 0
206 103 0 128 -128 0
206 103 -103 129 -129 -258
206 103 0 129 -129 0
206 103 0 130 -130 0
206 103 0 131 -131 0
206 103 0 132 -132 0
206 103 -103 133 -133 -266
206 103 0 133 -133 0
206 103 0 134 -134 0
206 103 0 135 -135 0
206 103 0 136 -136 0
206 103 -103 137 -137 -274
206 103 0 137 -137 0
206 103 0 138 -138 0
206 103 0 139 -139 0
206 103 0 140 -140 0
206 103 -103 141 -141 -282
206 103 0 141 -141 0
206 103 0 142 -142 0
206 103 0 143 -143 0
206 103 0 144 -144 0
206 103 -103 145 -145 -290
206 103 0 145 -145 0
206 103 0 146 -146 0
206 103 0 147 -147 0
206 103 0 148 -148 0
206 103 -103 149 -149 -298
206 103 0 149 -149 0
206 103 0 150 -150 0
208 104 0 -150 150 0
208 104 0 -149 149 0
208 104 -104 -148 148 296
208 104 0 -148 148 0
208 104 0 -147 147 0
208 104 0 -146 146 0
208 104 0 -145 145 0
208 104 -104 -144 144 288
208 104 0 -144 144 0
208 104 0 -143 143 0
208 104 0 -142 142 0
208 104 0 -141 141 0
208 104 -104 -140 140 280
208 104 0 -140 140 0
208 104 0 -139 139 0
208 104 0 -138 138 0
208 104 0 -137 137 0
208 104 -104 -136 136 272
208 104 0 -136 136 0
208 104 0 -135 135 0
208 104 0 -134 134 0
208 104 0 -133 133 0
208 104 -104 -132 132 264
208 104 0 -132 132 0
208 104 0 -131 131 0
208 104 0 -130 130 0
208 104 0 -129 129 0
208 104 -104 -128 128 256
208 104 0 -128 128 0
208 104 0 -127 127 0
208 104 0 -126 126 0
208 104 0 -125 125 0
208 104 -104 -124 124 248
208 104 0 -124 124 0
208 104 0 -123 123 0
208 104 0 -122 122 0
208 104 0 -121 121 0
208 104 -104 -120 120 240
208 104 0 -120 120 0
208 104 0 -119 119 0
208 104 0 -118 118 0
208 104 0 -117 117 0
208 104 -104 -116 116 232
208 104 0 -116 116 0
208 104 0 -115 115 0
208 104 0 -114 114 0
208 104 0 -113 113 0
208 104 -104 -112 112 224
208 104 0 -112 112 0
208 104 0 -111 111 0
208 104 0 -110 110 0
208 104 0 -109 109 0
208 104 -104 -108 108 216
208 104 0 -108 108 0
208 104 0 -107 107 0
208 104 0 -106 106 0
208 104 0 -105 105 0
208 104 -104 -104 104 208
208 104 0 -104 104 0
208 104 0 -103 103 0
208 104 0 -102 102 0
208 104 0 -101 101 0
208 104 -104 -100 100 200
208 104 0 -100 100 0
208 104 0 -99 99 0
208 104 0 -98 98 0
208 104 0 -97 97 0
208 104 -104 -96 96 192
208 104 0 -96 96 0
208 104 0 -95 95 0
208 104 0 -94 94 0
208 104 0 -93 93 0
208 104 -104 -92 92 184
208 104 0 -92 92 0
208 104 0 -91 91 0
208 104 0 -90 90 0
208 104 0 -89 89 0
208 104 -104 -88 88 176
208 104 0 -88 88 0
208 104 0 -87 87 0
208 104 0 -86 86 0
208 104 0 -85 85 0
208 104 -104 -84 84 168
208 104 0 -84 84 0
208 104 0 -83 83 0
208 104 0 -82 82 0
208 104 0 -81 81 0
208 104 -104 -80 80 160
208 104 0 -80 80 0
208 104 0 -79 79 0
208 104 0 -78 78 0
208 104 0 -77 77 0
208 104 -104 -76 76 152
208 104 0 -76 76 0
208 104 0 -75 75 0
208 104 0 -74 74 0
208 104 0 -73 73 0
208 104 -104 -72 72 144
208 104 0 -72 72 0
208 104 0 -71 71 0
208 104 0 -70 70 0
208 104 0 -69 69 0
208 104 -104 -68 68 136
208 104 0 -68 68 0
208 104 0 -67 67 0
208 104 0 -66 66 0
208 104 0 -65 65 0
208 104 -104 -64 64 128
208 104 0 -64 64 0
208 104 0 -63 63 0
208 104 0 -62 62 0
208 104 0 -61 61 0
208 104 -104 -60 60 120
208 104 0 -60 60 0
208 104 0 -59 59 0
208 104 0 -58 58 0
208 104 0 -57 57 0
208 104 -104 -56 56 112
208 104 0 -56 56 0
208 104 0 -55 55 0
208 104 0 -54 54 0
208 104 0 -53 53 0
208 104 -104 -52 52 104
208 104 0 -52 52 0
208 104 0 -51 51 0
208 104 0 -50 50 0
208 104 0 -49 49 0
208 104 -104 -48 48 96
208 104 0 -48 48 0
208 104 0 -47 47 0
208 104 0 -46 46 0
208 104 0 -45 45 0
208 104 -104 -44 44 88
208 104 0 -44 44 0
208 104 0 -43 43 0
208 104 0 -42 42 0
208 104 0 -41 41 0
208 104 -104 -40 40 80
208 104 0 -40 40 0
208 104 0 -39 39 0
208 104 0 -38 38 0
208 104 0 -37 37 0
208 104 -104 -36 36 72
208 104 0 -36 36 0
208 104 0 -35 35 0
208 104 0 -34 34 0
208 104 0 -33 33 0
208 104 -104 -32 32 64
208 104 0 -32 32 0
208 104 0 -31 31 0
208 104 0 -30 30 0
208 104 0 -29 29 0
208 104 -104 -28 28 56
208 104 0 -28 28 0
208 104 0 -27 27 0
208 104 0 -26 26 0
208 104 0 -25 25 0
208 104 -104 -24 24 48
208 104 0 -24 24 0
208 104 0 -23 23 0
208 104 0 -22 22 0
208 104 0 -21 21 0
208 104 -104 -20 20 40
208 104 0 -20 20 0
208 104 0 -19 19 0
208 104 0 -18 18 0
208 104 0 -17 17 0
208 104 -104 -16 16 32
208 104 0 -16 16 0
208 104 0 -15 15 0
208 104 0 -14 14 0
208 104 0 -13 13 0
208 104 -104 -12 12 24
208 104 0 -12 12 0
208 104 0 -11 11 0
208 104 0 -10 10 0
208 104 0 -9 9 0
208 104 -104 -8 8 16
208 104 0 -8 8 0
208 104 0 -7 7 0
208 104 0 -6 6 0
208 104 0 -5 5 0
208 104 -104 -4 4 8
208 104 0 -4 4 0
208 104 0 -3 3 0
208 104 0 -2 2 0
208 104 0 -1 1 0
208 104 0 1 -1 0
208 104 0 2 -2 0
208 104 0 3 -3 0
208 104 -104 4 -4 -8
208 104 0 4 -4 0
208 104 0 5 -5 0
208 104 0 6 -6 0
208 104 0 7 -7 0
208 104 -104 8 -8 -16
208 104 0 8 -8 0
208 104 0 9 -9 0
208 104 0 10 -10 0
208 104 0 11 -11 0
208 104 -104 12 -12 -24
208 104 0 12 -12 0
208 104 0 13 -13 0
208 104 0 14 -14 0
208 104 0 15 -15 0
208 104 -104 16 -16 -32
208 104 0 16 -16 0
208 104 0 17 -17 0
208 104 0 18 -18 0
208 104 0 19 -19 0
208 104 -104 20 -20 -40
208 104 0 20 -20 0
208 104 0 21 -21 0
208 104 0 22 -22 0
208 104 0 23 -23 0
208 104 -104 24 -24 -48
208 104 0 24 -24 0
208 104 0 25 -25 0
208 104 0 26 -26 0
208 104 0 27 -27 0
208 104 -104 28 -28 -56
208 104 0 28 -28 0
208 104 0 29 -29 0
208 104 0 30 -30 0
208 104 0 31 -31 0
208 104 -104 32 -32 -64
208 104 0 32 -32 0
208 104 0 33 -33 0
208 104 0 34 -34 0
208 104 0 35 -35 0
208 104 -104 36 -36 -72
208 104 0 36 -36 0
208 104 0 37 -37 0
208 104 0 38 -38 0
208 104 0 39 -39 0
208 104 -104 40 -40 -80
208 104 0 40 -40 0
208 104 0 41 -41 0
208 104 0 42 -42 0
208 104 0 43 -43 0
208 104 -104 44 -44 -88
208 104 0 44 -44 0
208 104 0 45 -45 0
208 104 0 46 -46 0
208 104 0 47 -47 0
208 104 -104 48 -48 -96
208 104 0 48 -48 0
208 104 0 49 -49 0
208 104 0 50 -50 0
208 104 0 51 -51 0
208 104 -104 52 -52 -104
208 104 0 52 -52 0
208 104 0 53 -53 0
208 104 0 54 -54 0
208 104 0 55 -55 0
208 104 -104 56 -56 -112
208 104 0 56 -56 0
208 104 0 57 -57 0
208 104 0 58 -58 0
208 104 0 59 -59 0
208 104 -104 60 -60 -120
208 104 0 60 -60 0
208 104 0 61 -61 0
208 104 0 62 -62 0
208 104 0 63 -63 0
208 104 -104 64 -64 -128
208 104 0 64 -64 0
208 104 0 65 -65 0
208 104 0 66 -66 0
208 104 0 67 -67 0
208 104 -104 68 -68 -136
208 104 0 68 -68 0
208 104 0 69 -69 0
208 104 0 70 -70 0
208 104 0 71 -71 0
208 104 -104 72 -72 -144
208 104 0 72 -72 0
208 104 0 73 -73 0
208 104 0 74 -74 0
208 104 0 75 -75 0
208 104 -104 76 -76 -152
208 104 0 76 -76 0
208 104 0 77 -77 0
208 104 0 78 -78 0
208 104 0 79 -79 0
208 104 -104 80 -80 -160
208 104 0 80 -80 0
208 104 0 81 -81 0
208 104 0 82 -82 0
208 104 0 83 -83 0
208 104 -104 84 -84 -168
208 104 0 84 -84 0
208 104 0 85 -85 0
208 104 0 86 -86 0
208 104 0 87 -87 0
208 104 -104 88 -88 -176
208 104 0 88 -88 0
208 104 0 89 -89 0
208 104 0 90 -90 0
208 104 0 91 -91 0
208 104 -104 92 -92 -184
208 104 0 92 -92 0
208 104 0 93 -93 0
208 104 0 94 -94 0
208 104 0 95 -95 0
208 104 -104 96 -96 -192
208 104 0 96 -96 0
208 104 0 97 -97 0
208 104 0 98 -98 0
208 104 0 99 -99 0
208 104 -104 100 -100 -200
208 104 0 100 -100 0
208 104 0 101 -101 0
208 104 0 102 -102 0
208 104 0 103 -103 0
208 104 -104 104 -104 -208
208 104 0 104 -104 0
208 104 0 105 -105 0
208 104 0 106 -106 0
208 104 0 107 -107 0
208 104 -104 108 -108 -216
208 104 0 108 -108 0
208 104 0 109 -109 0
208 104 0 110 -110 0
208 104 0 111 -111 0
208 104 -104 112 -112 -224
208 104 0 112 -112 0
208 104 0 113 -113 0
208 104 0 114 -114 0
208 104 0 115 -115 0
208 104 -104 116 -116 -232
208 104 0 116 -116 0
208 104 0 117 -117 0
208 104 0 118 -118 0
208 104 0 119 -119 0
208 104 -104 120 -120 -240
208 104 0 120 -120 0
208 104 0 121 -121 0
208 104 0 122 -122 0
208 104 0 123 -123 0
208 104 -104 124 -124 -248
208 104 0 124 -124 0
208 104 0 125 -125 0
208 104 0 126 -126 0
208 104 0 127 -127 0
208 104 -104 128 -128 -256
208 104 0 128 -128 0
208 104 0 129 -129 0
208 104 0 130 -130 0
208 104 0 131 -131 0
208 104 -104 132 -132 -264
208 104 0 132 -132 0
208 104 0 133 -133 0
208 104 0 134 -134 0
208 104 0 135 -135 0
208 104 -104 136 -136 -272
208 104 0 136 -136 0
208 104 0 137 -137 0
208 104 0 138 -138 0
208 104 0 139 -139 0
208 104 -104 140 -140 -280
208 104 0 140 -140 0
208 104 0 141 -141 0
208 104 0 142 -142 0
208 104 0 143 -143 0
208 104 -104 144 -144 -288
208 104 0 144 -144 0
208 104 0 145 -145 0
208 104 0 146 -146 0
208 104 0 147 -147 0
208 104 -104 148 -148 -296
208 104 0 148 -148 0
208 104 0 149 -149 0
208 104 0 150 -150 0
210 105 0 -150 150 0
210 105 0 -149 149 0
210 105 0 -148 148 0
210 105 -105 -147 147 294
210 105 0 -147 147 0
210 105 0 -146 146 0
210 105 0 -145 145 0
210 105 0 -144 144 0
210 105 -105 -143 143 286
210 105 0 -143 143 0
210 105 0 -142 142 0
210 105 0 -141 141 0
210 105 0 -140 140 0
210 105 -105 -139 139 278
210 105 0 -139 139 0
210 105 0 -138 138 0
210 105 0 -137 137 0
210 105 0 -136 136 0
210 105 -105 -135 135 270
210 105 0 -135 135 0
210 105 0 -134 134 0
210 105 0 -133 133 0
210 105 0 -132 132 0
210 105 -105 -131 131 262
210 105 0 -131 131 0
210 105 0 -130 130 0
210 105 0 -129 129 0
210 105 0 -128 128 0
210 105 -105 -127 127 254
210 105 0 -127 127 0
210 105 0 -126 126 0
210 105 0 -125 125 0
210 105 0 -124 124 0
210 105 -105 -123 123 246
210 105 0 -123 123 0
210 105 0 -122 122 0
210 105 0 -121 121 0
210 105 0 -120 120 0
210 105 -105 -119 119 238
210 105 0 -119 119 0
210 105 0 -118 118 0
210 105 0 -117 117 0
210 105 0 -116 116 0
210 105 -105 -115 115 230
210 105 0 -115 115 0
210 105 0 -114 114 0
210 105 0 -113 113 0
210 105 0 -112 112 0
210 105 -105 -111 111 222
210 105 0 -111 111 0
210 105 0 -110 110 0
210 105 0 -109 109 0
210 105 0 -108 108 0
210 105 -105 -107 107 214
210 105 0 -107 107 0
210 105 0 -106 106 0
210 105 0 -105 105 0
210 105 0 -104 104 0
210 105 -105 -103 103 206
210 105 0 -103 103 0
210 105 0 -102 102 0
210 105 0 -101 101 0
210 105 0 -100 100 0
210 105 -105 -99 99 198
210 105 0 -99 99 0
210 105 0 -98 98 0
210 105 0 -97 97 0
210 105 0 -96 96 0
210 105 -105 -95 95 190
210 105 0 -95 95 0
210 105 0 -94 94 0
210 105 0 -93 93 0
210 105 0 -92 92 0
210 105 -105 -91 91 182
210 105 0 -91 91 0
210 105 0 -90 90 0
210 105 0 -89 89 0
210 105 0 -88 88 0
210 105 -105 -87 87 174
210 105 0 -87 87 0
210 105 0 -86 86 0
210 105 0 -85 85 0
210 105 0 -84 84 0
210 105 -105 -83 83 166
210 105 0 -83 83 0
210 105 0 -82 82 0
210 105 0 -81 81 0
210 105 0 -80 80 0
210 105 -105 -79 79 158
210 105 0 -79 79 0
210 105 0 -78 78 0
210 105 0 -77 77 0
210 105 0 -76 76 0
210 105 -105 -75 75 150
210 105 0 -75 75 0
210 105 0 -74 74 0
210 105 0 -73 73 0
210 105 0 -72 72 0
210 105 -105 -71 71 142
210 105 0 -71 71 0
210 105 0 -70 70 0
210 105 0 -69 69 0
210 105 0 -68 68 0
210 105 -105 -67 67 134
210 105 0 -67 67 0
210 105 0 -66 66 0
210 105 0 -65 65 0
210 105 0 -64 64 0
210 105 -105 -63 63 126
210 105 0 -63 63 0
210 105 0 -62 62 0
210 105 0 -61 61 0
210 105 0 -60 60 0
210 105 -105 -59 59 118
210 105 0 -59 59 0
210 105 0 -58 58 0
210 105 0 -57 57 0
210 105 0 -56 56 0
210 105 -105 -55 55 110
210 105 0 -55 55 0
210 105 0 -54 54 0
210 105 0 -53 53 0
210 105 0 -52 52 0
210 105 -105 -51 51 102
210 105 0 -51 51 0
210 105 0 -50 50 0
210 105 0 -49 49 0
210 105 0 -48 48 0
210 105 -105 -47 47 94
210 105 0 -47 47 0
210 105 0 -46 46 0
210 105 0 -45 45 0
210 105 0 -44 44 0
210 105 -105 -43 43 86
210 105 0 -43 43 0
210 105 0 -42 42 0
210 105 0 -41 41 0
210 105 0 -40 40 0
210 105 -105 -39 39 78
210 105 0 -39 39 0
210 105 0 -38 38 0
210 105 0 -37 37 0
210 105 0 -36 36 0
210 105 -105 -35 35 70
210 105 0 -35 35 0
210 105 0 -34 34 0
210 105 0 -33 33 0
210 105 0 -32 32 0
210 105 -105 -31 31 62
210 105 0 -31 31 0
210 105 0 -30 30 0
210 105 0 -29 29 0
210 105 0 -28 28 0
210 105 -105 -27 27 54
210 105 0 -27 27 0
210 105 0 -26 26 0
210 105 0 -25 25 0
210 105 0 -24 24 0
210 105 -105 -23 23 46
210 105 0 -23 23 0
210 105 0 -22 22 0
210 105 0 -21 21 0
210 105 0 -20 20 0
210 105 -105 -19 19 38
210 105 0 -19 19 0
210 105 0 -18 18 0
210 105 0 -17 17 0
210 105 0 -16 16 0
210 105 -105 -15 15 30
210 105 0 -15 15 0
210 105 0 -14 14 0
210 105 0 -13 13 0
210 105 0 -12 12 0
210 105 -105 -11 11 22
210 105 0 -11 11 0
210 105 0 -10 10 0
210 105 0 -9 9 0
210 105 0 -8 8 0
210 105 -105 -7 7 14
210 105 0 -7 7 0
210 105 0 -6 6 0
210 105 0 -5 5 0
210 105 0 -4 4 0
210 105 -105 -3 3 6
210 105 0 -3 3 0
210 105 0 -2 2 0
210 105 0 -1 1 0
210 105 -105 1 -1 -2
210 105 0 1 -1 0
210 105 0 2 -2 0
210 105 0 3 -3 0
210 105 0 4 -4 0
210 105 -105 5 -5 -10
210 105 0 5 -5 0
210 105 0 6 -6 0
210 105 0 7 -7 0
210 105 0 8 -8 0
210 105 -105 9 -9 -18
210 105 0 9 -9 0
210 105 0 10 -10 0
210 105 0 11 -11 0
210 105 0 12 -12 0
210 105 -105 13 -13 -26
210 105 0 13 -13 0
210 105 0 14 -14 0
210 105 0 15 -15 0
210 105 0 16 -16 0
210 105 -105 17 -17 -34
210 105 0 17 -17 0
210 105 0 18 -18 0
210 105 0 19 -19 0
210 105 0 20 -20 0
210 105 -105 21 -21 -42
210 105 0 21 -21 0
210 105 0 22 -22 0
210 105 0 23 -23 0
210 105 0 24 -24 0
210 105 -105 25 -25 -50
210 105 0 25 -25 0
210 105 0 26 -26 0
210 105 0 27 -27 0
210 105 0 28 -28 0
210 105 -105 29 -29 -58
210 105 0 29 -29 0
210 105 0 30 -30 0
210 105 0 31 -31 0
210 105 0 32 -32 0
210 105 -105 33 -33 -66
210 105 0 33 -33 0
210 105 0 34 -34 0
210 105 0 35 -35 0
210 105 0 36 -36 0
210 105 -105 37 -37 -74
210 105 0 37 -37 0
210 105 0 38 -38 0
210 105 0 39 -39 0
210 105 0 40 -40 0
210 105 -105 41 -41 -82
210 105 0 41 -41 0
210 105 0 42 -42 0
210 105 0 43 -43 0
210 105 0 44 -44 0
210 105 -105 45 -45 -90
210 105 0 45 -45 0
210 105 0 46 -46 0
210 105 0 47 -47 0
210 105 0 48 -48 0
210 105 -105 49 -49 -98
210 105 0 49 -49 0
210 105 0 50 -50 0
210 105 0 51 -51 0
210 105 0 52 -52 0
210 105 -105 53 -53 -106
210 105 0 53 -53 0
210 105 0 54 -54 0
210 105 0 55 -55 0
210 105 0 56 -56 0
210 105 -105 57 -57 -114
210 105 0 57 -57 0
210 105 0 58 -58 0
210 105 0 59 -59 0
210 105 0 60 -60 0
210 105 -105 61 -61 -122
210 105 0 61 -61 0
210 105 0 62 -62 0
210 105 0 63 -63 0
210 105 0 64 -64 0
210 105 -105 65 -65 -130
210 105 0 65 -65 0
210 105 0 66 -66 0
210 105 0 67 -67 0
210 105 0 68 -68 0
210 105 -105 69 -69 -138
210 105 0 69 -69 0
210 105 0 70 -70 0
210 105 0 71 -71 0
210 105 0 72 -72 0
210 105 -105 73 -73 -146
210 105 0 73 -73 0
210 105 0 74 -74 0
210 105 0 75 -75 0
210 105 0 76 -76 0
210 105 -105 77 -77 -154
210 105 0 77 -77 0
210 105 0 78 -78 0
210 105 0 79 -79 0
210 105 0 80 -80 0
210 105 -105 81 -81 -162
210 105 0 81 -81 0
210 105 0 82 -82 0
210 105 0 83 -83 0
210 105 0 84 -84 0
210 105 -105 85 -85 -170
210 105 0 85 -85 0
210 105 0 86 -86 0
210 105 0 87 -87 0
210 105 0 88 -88 0
210 105 -105 89 -89 -178
210 105 0 89 -89 0
210 105 0 90 -90 0
210 105 0 91 -91 0
210 105 0 92 -92 0
210 105 -105 93 -93 -186
210 105 0 93 -93 0
210 105 0 94 -94 0
210 105 0 95 -95 0
210 105 0 96 -96 0
210 105 -105 97 -97 -194
210 105 0 97 -97 0
210 105 0 98 -98 0
210 105 0 99 -99 0
210 105 0 100 -100 0
210 105 -105 101 -101 -202
210 105 0 101 -101 0
210 105 0 102 -102 0
210 105 0 103 -103 0
210 105 0 104 -104 0
210 105 -105 105 -105 -210
210 105 0 105 -105 0
210 105 0 106 -106 0
210 105 0 107 -107 0
210 105 0 108 -108 0
210 105 -105 109 -109 -218
210 105 0 109 -109 0
210 105 0 110 -110 0
210 105 0 111 -111 0
210 105 0 112 -112 0
210 105 -105 113 -113 -226
210 105 0 113 -113 0
210 105 0 114 -114 0
210 105 0 115 -115 0
210 105 0 116 -116 0
210 105 -105 117 -117 -234
210 105 0 117 -117 0
210 105 0 118 -118 0
210 105 0 119 -119 0
210 105 0 120 -120 0
210 105 -105 121 -121 -242
210 105 0 121 -121 0
210 105 0 122 -122 0
210 105 0 123 -123 0
210 105 0 124 -124 0
210 105 -105 125 -125 -250
210 105 0 125 -125 0
210 105 0 126 -126 0
210 105 0 127 -127 0
210 105 0 128 -128 0
210 105 -105 129 -129 -258
210 105 0 129 -129 0
210 105 0 130 -130 0
210 105 0 131 -131 0
210 105 0 132 -132 0
210 105 -105 133 -133 -266
210 105 0 133 -133 0
210 105 0 134 -134 0
210 105 0 135 -135 0
210 105 0 136 -136 0
210 105 -105 137 -137 -274
210 105 0 137 -137 0
210 105 0 138 -138 0
210 105 0 139 -139 0
210 105 0 140 -140 0
210 105 -105 141 -141 -282
210 105 0 141 -141 0
210 105 0 142 -142 0
210 105 0 143 -143 0
210 105 0 144 -144 0
210 105 -105 145 -145 -290
210 105 0 145 -145 0
210 105 0 146 -146 0
210 105 0 147 -147 0
210 105 0 148 -148 0
210 105 -105 149 -149 -298
210 105 0 149 -149 0
210 105 0 150 -150 0
212 106 0 -150 150 0
212 106 0 -149 149 0
212 106 -106 -148 148 296
212 106 0 -148 148 0
212 106 0 -147 147 0
212 106 0 -146 146 0
212 106 0 -145 145 0
212 106 -106 -144 144 288
212 106 0 -144 144 0
212 106 0 -143 143 0
212 106 0 -142 142 0
212 106 0 -141 141 0
212 106 -106 -140 140 280
212 106 0 -140 140 0
212 106 0 -139 139 0
212 106 0 -138 138 0
212 106 0 -137 137 0
212 106 -106 -136 136 272
212 106 0 -136 136 0
212 106 0 -135 135 0
212 106 0 -134 134 0
212 106 0 -133 133 0
212 106 -106 -132 132 264
212 106 0 -132 132 0
212 106 0 -131 131 0
212 106 0 -130 130 0
212 106 0 -129 129 0
212 106 -106 -128 128 256
212 106 0 -128 128 0
212 106 0 -127 127 0
212 106 0 -126 126 0
212 106 0 -125 125 0
212 106 -106 -124 124 248
212 106 0 -124 124 0
212 106 0 -123 123 0
212 106 0 -122 122 0
212 106 0 -121 121 0
212 106 -106 -120 120 240
212 106 0 -120 120 0
212 106 0 -119 119 0
212 106 0 -118 118 0
212 106 0 -117 117 0
212 106 -106 -116 116 232
212 106 0 -116 116 0
212 106 0 -115 115 0
212 106 0 -114 114 0
212 106 0 -113 113 0
212 106 -106 -112 112 224
212 106 0 -112 112 0
212 106 0 -111 111 0
212 106 0 -110 110 0
212 106 0 -109 109 0
212 106 -106 -108 108 216
212 106 0 -108 108 0
212 106 0 -107 107 0
212 106 0 -106 106 0
212 106 0 -105 105 0
212 106 -106 -104 104 208
212 106 0 -104 104 0
212 106 0 -103 103 0
212 106 0 -102 102 0
212 106 0 -101 101 0
212 106 -106 -100 100 200
212 106 0 -100 100 0
212 106 0 -99 99 0
212 106 0 -98 98 0
212 106 0 -97 97 0
212 106 -106 -96 96 192
212 106 0 -96 96 0
212 106 0 -95 95 0
212 106 0 -94 94 0
212 106 0 -93 93 0
212 106 -106 -92 92 184
212 106 0 -92 92 0
212 106 0 -91 91 0
212 106 0 -90 90 0
212 106 0 -89 89 0
212 106 -106 -88 88 176
212 106 0 -88 88 0
212 106 0 -87 87 0
212 106 0 -86 86 0
212 106 0 -85 85 0
212 106 -106 -84 84 168
212 106 0 -84 84 0
212 106 0 -83 83 0
212 106 0 -82 82 0
212 106 0 -81 81 0
212 106 -106 -80 80 160
212 106 0 -80 80 0
212 106 0 -79 79 0
212 106 0 -78 78 0
212 106 0 -77 77 0
212 106 -106 -76 76 152
212 106 0 -76 76 0
212 106 0 -75 75 0
212 106 0 -74 74 0
212 106 0 -73 73 0
212 106 -106 -72 72 144
212 106 0 -72 72 0
212 106 0 -71 71 0
212 106 0 -70 70 0
212 106 0 -69 69 0
212 106 -106 -68 68 136
212 106 0 -68 68 0
212 106 0 -67 67 0
212 106 0 -66 66 0
212 106 0 -65 65 0
212 106 -106 -64 64 128
212 106 0 -64 64 0
212 106 0 -63 63 0
212 106 0 -62 62 0
212 106 0 -61 61 0
212 106 -106 -60 60 120
212 106 0 -60 60 0
212 106 0 -59 59 0
212 106 0 -58 58 0
212 106 0 -57 57 0
212 106 -106 -56 56 112
212 106 0 -56 56 0
212 106 0 -55 55 0
212 106 0 -54 54 0
212 106 0 -53 53 0
212 106 -106 -52 52 104
212 106 0 -52 52 0
212 106 0 -51 51 0
212 106 0 -50 50 0
212 106 0 -49 49 0
212 106 -106 -48 48 96
212 106 0 -48 48 0
212 106 0 -47 47 0
212 106 0 -46 46 0
212 106 0 -45 45 0
212 106 -106 -44 44 88
212 106 0 -44 44 0
212 106 0 -43 43 0
212 106 0 -42 42 0
212 106 0 -41 41 0
212 106 -106 -40 40 80
212 106 0 -40 40 0
212 106 0 -39 39 0
212 106 0 -38 38 0
212 106 0 -37 37 0
212 106 -106 -36 36 72
212 106 0 -36 36 0
212 106 0 -35 35 0
212 106 0 -34 34 0
212 106 0 -33 33 0
212 106 -106 -32 32 64
212 106 0 -32 32 0
212 106 0 -31 31 0
212 106 0 -30 30 0
212 106 0 -29 29 0
212 106 -106 -28 28 56
212 106 0 -28 28 0
212 106 0 -27 27 0
212 106 0 -26 26 0
212 106 0 -25 25 0
212 106 -106 -24 24 48
212 106 0 -24 24 0
212 106 0 -23 23 0
212 106 0 -22 22 0
212 106 0 -21 21 0
212 106 -106 -20 20 40
212 106 0 -20 20 0
212 106 0 -19 19 0
212 106 0 -18 18 0
212 106 0 -17 17 0
212 106 -106 -16 16 32
212 106 0 -16 16 0
212 106 0 -15 15 0
212 106 0 -14 14 0
212 106 0 -13 13 0
212 106 -106 -12 12 24
212 106 0 -12 12 0
212 106 0 -11 11 0
212 106 0 -10 10 0
212 106 0 -9 9 0
212 106 -106 -8 8 16
212 106 0 -8 8 0
212 106 0 -7 7 0
212 106 0 -6 6 0
212 106 0 -5 5 0
212 106 -106 -4 4 8
212 106 0 -4 4 0
212 106 0 -3 3 0
212 106 0 -2 2 0
212 106 0 -1 1 0
212 106 0 1 -1 0
212 106 0 2 -2 0
212 106 0 3 -3 0
212 106 -106 4 -4 -8
212 106 0 4 -4 0
212 106 0 5 -5 0
212 106 0 6 -6 0
212 106 0 7 -7 0
212 106 -106 8 -8 -16
212 106 0 8 -8 0
212 106 0 9 -9 0
212 106 0 10 -10 0
212 106 0 11 -11 0
212 106 -106 12 -12 -24
212 106 0 12 -12 0
212 106 0 13 -13 0
212 106 0 14 -14 0
212 106 0 15 -15 0
212 106 -106 16 -16 -32
212 106 0 16 -16 0
212 106 0 17 -17 0
212 106 0 18 -18 0
212 106 0 19 -19 0
212 106 -106 20 -20 -40
212 106 0 20 -20 0
212 106 0 21 -21 0
212 106 0 22 -22 0
212 106 0 23 -23 0
212 106 -106 24 -24 -48
212 106 0 24 -24 0
212 106 0 25 -25 0
212 106 0 26 -26 0
212 106 0 27 -27 0
212 106 -106 28 -28 -56
212 106 0 28 -28 0
212 106 0 29 -29 0
212 106 0 30 -30 0
212 106 0 31 -31 0
212 106 -106 32 -32 -64
212 106 0 32 -32 0
212 106 0 33 -33 0
212 106 0 34 -34 0
212 106 0 35 -35 0
212 106 -106 36 -36 -72
212 106 0 36 -36 0
212 106 0 37 -37 0
212 106 0 38 -38 0
212 106 0 39 -39 0
212 106 -106 40 -40 -80
212 106 0 40 -40 0
212 106 0 41 -41 0
212 106 0 42 -42 0
212 106 0 43 -43 0
212 106 -106 44 -44 -88
212 106 0 44 -44 0
212 106 0 45 -45 0
212 106 0 46 -46 0
212 106 0 47 -47 0
212 106 -106 48 -48 -96
212 106 0 48 -48 0
212 106 0 49 -49 0
212 106 0 50 -50 0
212 106 0 51 -51 0
212 106 -106 52 -52 -104
212 106 0 52 -52 0
212 106 0 53 -53 0
212 106 0 54 -54 0
212 106 0 55 -55 0
212 106 -106 56 -56 -112
212 106 0 56 -56 0
212 106 0 57 -57 0
212 106 0 58 -58 0
212 106 0 59 -59 0
212 106 -106 60 -60 -120
212 106 0 60 -60 0
212 106 0 61 -61 0
212 106 0 62 -62 0
212 106 0 63 -63 0
212 106 -106 64 -64 -128
212 106 0 64 -64 0
212 106 0 65 -65 0
212 106 0 66 -66 0
212 106 0 67 -67 0
212 106 -106 68 -68 -136
212 106 0 68 -68 0
212 106 0 69 -69 0
212 106 0 70 -70 0
212 106 0 71 -71 0
212 106 -106 72 -72 -144
212 106 0 72 -72 0
212 106 0 73 -73 0
212 106 0 74 -74 0
212 106 0 75 -75 0
212 106 -106 76 -76 -152
212 106 0 76 -76 0
212 106 0 77 -77 0
212 106 0 78 -78 0
212 106 0 79 -79 0
212 106 -106 80 -80 -160
212 106 0 80 -80 0
212 106 0 81 -81 0
212 106 0 82 -82 0
212 106 0 83 -83 0
212 106 -106 84 -84 -168
212 106 0 84 -84 0
212 106 0 85 -85 0
212 106 0 86 -86 0
212 106 0 87 -87 0
212 106 -106 88 -88 -176
212 106 0 88 -88 0
212 106 0 89 -89 0
212 106 0 90 -90 0
212 106 0 91 -91 0
212 106 -106 92 -92 -184
212 106 0 92 -92 0
212 106 0 93 -93 0
212 106 0 94 -94 0
212 106 0 95 -95 0
212 106 -106 96 -96 -192
212 106 0 96 -96 0
212 106 0 97 -97 0
212 106 0 98 -98 0
212 106 0 99 -99 0
212 106 -106 100 -100 -200
212 106 0 100 -100 0
212 106 0 101 -101 0
212 106 0 102 -102 0
212 106 0 103 -103 0
212 106 -106 104 -104 -208
212 106 0 104 -104 0
212 106 0 105 -105 0
212 106 0 106 -106 0
212 106 0 107 -107 0
212 106 -106 108 -108 -216
212 106 0 108 -108 0
212 106 0 109 -109 0
212 106 0 110 -110 0
212 106 0 111 -111 0
212 106 -106 112 -112 -224
212 106 0 112 -112 0
212 106 0 113 -113 0
212 106 0 114 -114 0
212 106 0 115 -115 0
212 106 -106 116 -116 -232
212 106 0 116 -116 0
212 106 0 117 -117 0
212 106 0 118 -118 0
212 106 0 119 -119 0
212 106 -106 120 -120 -240
212 106 0 120 -120 0
212 106 0 121 -121 0
212 106 0 122 -122 0
212 106 0 123 -123 0
212 106 -106 124 -124 -248
212 106 0 124 -124 0
212 106 0 125 -125 0
212 106 0 126 -126 0
212 106 0 127 -127 0
212 106 -106 128 -128 -256
212 106 0 128 -128 0
212 106 0 129 -129 0
212 106 0 130 -130 0
212 106 0 131 -131 0
212 106 -106 132 -132 -264
212 106 0 132 -132 0
212 106 0 133 -133 0
212 106 0 134 -134 0
212 106 0 135 -135 0
212 106 -106 136 -136 -272
212 106 0 136 -136 0
212 106 0 137 -137 0
212 106 0 138 -138 0
212 106 0 139 -139 0
212 106 -106 140 -140 -280
212 106 0 140 -140 0
212 106 0 141 -141 0
212 106 0 142 -142 0
212 106 0 143 -143 0
212 106 -106 144 -144 -288
212 106 0 144 -144 0
212 106 0 145 -145 0
212 106 0 146 -146 0
212 106 0 147 -147 0
212 106 -106 148 -148 -296
212 106 0 148 -148 0
212 106 0 149 -149 0
212 106 0 150 -150 0
214 107 0 -150 150 0
214 107 0 -149 149 0
214 107 0 -148 148 0
214 107 -107 -147 147 294
214 107 0 -147 147 0
214 107 0 -146 146 0
214 107 0 -145 145 0
214 107 0 -144 144 0
214 107 -107 -143 143 286
214 107 0 -143 143 0
214 107 0 -142 142 0
214 107 0 -141 141 0
214 107 0 -140 140 0
214 107 -107 -139 139 278
214 107 0 -139 139 0
214 107 0 -138 138 0
214 107 0 -137 137 0
214 107 0 -136 136 0
214 107 -107 -135 135 270
214 107 0 -135 135 0
214 107 0 -134 134 0
214 107 0 -133 133 0
214 107 0 -132 132 0
214 107 -107 -131 131 262
214 107 0 -131 131 0
214 107 0 -130 130 0
214 107 0 -129 129 0
214 107 0 -128 128 0
214 107 -107 -127 127 254
214 107 0 -127 127 0
214 107 0 -126 126 0
214 107 0 -125 125 0
214 107 0 -124 124 0
214 107 -107 -123 123 246
214 107 0 -123 123 0
214 107 0 -122 122 0
214 107 0 -121 121 0
214 107 0 -120 120 0
214 107 -107 -119 119 238
214 107 0 -119 119 0
214 107 0 -118 118 0
214 107 0 -117 117 0
214 107 0 -116 116 0
214 107 -107 -115 115 230
214 107 0 -115 115 0
214 107 0 -114 114 0
214 107 0 -113 113 0
214 107 0 -112 112 0
214 107 -107 -111 111 222
214 107 0 -111 111 0
214 107 0 -110 110 0
214 107 0 -109 109 0
214 107 0 -108 108 0
214 107 -107 -107 107 214
214 107 0 -107 107 0
214 107 0 -106 106 0
214 107 0 -105 105 0
214 107 0 -104 104 0
214 107 -107 -103 103 206
214 107 0 -103 103 0
214 107 0 -102 102 0
214 107 0 -101 101 0
214 107 0 -100 100 0
214 107 -107 -99 99 198
214 107 0 -99 99 0
214 107 0 -98 98 0
214 107 0 -97 97 0
214 107 0 -96 96 0
214 107 -107 -95 95 190
214 107 0 -95 95 0
214 107 0 -94 94 0
214 107 0 -93 93 0
214 107 0 -92 92 0
214 107 -107 -91 91 182
214 107 0 -91 91 0
214 107 0 -90 90 0
214 107 0 -89 89 0
214 107 0 -88 88 0
214 107 -107 -87 87 174
214 107 0 -87 87 0
214 107 0 -86 86 0
214 107 0 -85 85 0
214 107 0 -84 84 0
214 107 -107 -83 83 166
214 107 0 -83 83 0
214 107 0 -82 82 0
214 107 0 -81 81 0
214 107 0 -80 80 0
214 107 -107 -79 79 158
214 107 0 -79 79 0
214 107 0 -78 78 0
214 107 0 -77 77 0
214 107 0 -76 76 0
214 107 -107 -75 75 150
214 107 0 -75 75 0
214 107 0 -74 74 0
214 107 0 -73 73 0
214 107 0 -72 72 0
214 107 -107 -71 71 142
214 107 0 -71 71 0
214 107 0 -70 70 0
214 107 0 -69 69 0
214 107 0 -68 68 0
214 107 -107 -67 67 134
214 107 0 -67 67 0
214 107 0 -66 66 0
214 107 0 -65 65 0
214 107 0 -64 64 0
214 107 -107 -63 63 126
214 107 0 -63 63 0
214 107 0 -62 62 0
214 107 0 -61 61 0
214 107 0 -60 60 0
214 107 -107 -59 59 118
214 107 0 -59 59 0
214 107 0 -58 58 0
214 107 0 -57 57 0
214 107 0 -56 56 0
214 107 -107 -55 55 110
214 107 0 -55 55 0
214 107 0 -54 54 0
214 107 0 -53 53 0
214 107 0 -52 52 0
214 107 -107 -51 51 102
214 107 0 -51 51 0
214 107 0 -50 50 0
214 107 0 -49 49 0
214 107 0 -48 48 0
214 107 -107 -47 47 94
214 107 0 -47 47 0
214 107 0 -46 46 0
214 107 0 -45 45 0
214 107 0 -44 44 0
214 107 -107 -43 43 86
214 107 0 -43 43 0
214 107 0 -42 42 0
214 107 0 -41 41 0
214 107 0 -40 40 0
214 107 -107 -39 39 78
214 107 0 -39 39 0
214 107 0 -38 38 0
214 107 0 -37 37 0
214 107 0 -36 36 0
214 107 -107 -35 35 70
214 107 0 -35 35 0
214 107 0 -34 34 0
214 107 0 -33 33 0
214 107 0 -32 32 0
214 107 -107 -31 31 62
214 107 0 -31 31 0
214 107 0 -30 30 0
214 107 0 -29 29 0
214 107 0 -28 28 0
214 107 -107 -27 27 54
214 107 0 -27 27 0
214 107 0 -26 26 0
214 107 0 -25 25 0
214 107 0 -24 24 0
214 107 -107 -23 23 46
214 107 0 -23 23 0
214 107 0 -22 22 0
214 107 0 -21 21 0
214 107 0 -20 20 0
214 107 -107 -19 19 38
214 107 0 -19 19 0
214 107 0 -18 18 0
214 107 0 -17 17 0
214 107 0 -16 16 0
214 107 -107 -15 15 30
214 107 0 -15 15 0
214 107 0 -14 14 0
214 107 0 -13 13 0
214 107 0 -12 12 0
214 107 -107 -11 11 22
214 107 0 -11 11 0
214 107 0 -10 10 0
214 107 0 -9 9 0
214 107 0 -8 8 0
214 107 -107 -7 7 14
214 107 0 -7 7 0
214 107 0 -6 6 0
214 107 0 -5 5 0
214 107 0 -4 4 0
214 107 -107 -3 3 6
214 107 0 -3 3 0
214 107 0 -2 2 0
214 107 0 -1 1 0
214 107 -107 1 -1 -2
214 107 0 1 -1 0
214 107 0 2 -2 0
214 107 0 3 -3 0
214 107 0 4 -4 0
214 107 -107 5 -5 -10
214 107 0 5 -5 0
214 107 0 6 -6 0
214 107 0 7 -7 0
214 107 0 8 -8 0
214 107 -107 9 -9 -18
214 107 0 9 -9 0
214 107 0 10 -10 0
214 107 0 11 -11 0
214 107 0 12 -12 0
214 107 -107 13 -13 -26
214 107 0 13 -13 0
214 107 0 14 -14 0
214 107 0 15 -15 0
214 107 0 16 -16 0
214 107 -107 17 -17 -34
214 107 0 17 -17 0
214 107 0 18 -18 0
214 107 0 19 -19 0
214 107 0 20 -20 0
214 107 -107 21 -21 -42
214 107 0 21 -21 0
214 107 0 22 -22 0
214 107 0 23 -23 0
214 107 0 24 -24 0
214 107 -107 25 -25 -50
214 107 0 25 -25 0
214 107 0 26 -26 0
214 107 0 27 -27 0
214 107 0 28 -28 0
214 107 -107 29 -29 -58
214 107 0 29 -29 0
214 107 0 30 -30 0
214 107 0 31 -31 0
214 107 0 32 -32 0
214 107 -107 33 -33 -66
214 107 0 33 -33 0
214 107 0 34 -34 0
214 107 0 35 -35 0
214 107 0 36 -36 0
214 107 -107 37 -37 -74
214 107 0 37 -37 0
214 107 0 38 -38 0
214 107 0 39 -39 0
214 107 0 40 -40 0
214 107 -107 41 -41 -82
214 107 0 41 -41 0
214 107 0 42 -42 0
214 107 0 43 -43 0
214 107 0 44 -44 0
214 107 -107 45 -45 -90
214 107 0 45 -45 0
214 107 0 46 -46 0
214 107 0 47 -47 0
214 107 0 48 -48 0
214 107 -107 49 -49 -98
214 107 0 49 -49 0
214 107 0 50 -50 0
214 107 0 51 -51 0
214 107 0 52 -52 0
214 107 -107 53 -53 -106
214 107 0 53 -53 0
214 107 0 54 -54 0
214 107 0 55 -55 0
214 107 0 56 -56 0
214 107 -107 57 -57 -114
214 107 0 57 -57 0
214 107 0 58 -58 0
214 107 0 59 -59 0
214 107 0 60 -60 0
214 107 -107 61 -61 -122
214 107 0 61 -61 0
214 107 0 62 -62 0
214 107 0 63 -63 0
214 107 0 64 -64 0
214 107 -107 65 -65 -130
214 107 0 65 -65 0
214 107 0 66 -66 0
214 107 0 67 -67 0
214 107 0 68 -68 0
214 107 -107 69 -69 -138
214 107 0 69 -69 0
214 107 0 70 -70 0
214 107 0 71 -71 0
214 107 0 72 -72 0
214 107 -107 73 -73 -146
214 107 0 73 -73 0
214 107 0 74 -74 0
214 107 0 75 -75 0
214 107 0 76 -76 0
214 107 -107 77 -77 -154
214 107 0 77 -77 0
214 107 0 78 -78 0
214 107 0 79 -79 0
214 107 0 80 -80 0
214 107 -107 81 -81 -162
214 107 0 81 -81 0
214 107 0 82 -82 0
214 107 0 83 -83 0
214 107 0 84 -84 0
214 107 -107 85 -85 -170
214 107 0 85 -85 0
214 107 0 86 -86 0
214 107 0 87 -87 0
214 107 0 88 -88 0
214 107 -107 89 -89 -178
214 107 0 89 -89 0
214 107 0 90 -90 0
214 107 0 91 -91 0
214 107 0 92 -92 0
214 107 -107 93 -93 -186
214 107 0 93 -93 0
214 107 0 94 -94 0
214 107 0 95 -95 0
214 107 0 96 -96 0
214 107 -107 97 -97 -194
214 107 0 97 -97 0
214 107 0 98 -98 0
214 107 0 99 -99 0
214 107 0 100 -100 0
214 107 -107 101 -101 -202
214 107 0 101 -101 0
214 107 0 102 -102 0
214 107 0 103 -103 0
214 107 0 104 -104 0
214 107 -107 105 -105 -210
214 107 0 105 -105 0
214 107 0 106 -106 0
214 107 0 107 -107 0
214 107 0 108 -108 0
214 107 -107 109 -109 -218
214 107 0 109 -109 0
214 107 0 110 -110 0
214 107 0 111 -111 0
214 107 0 112 -112 0
214 107 -107 113 -113 -226
214 107 0 113 -113 0
214 107 0 114 -114 0
214 107 0 115 -115 0
214 107 0 116 -116 0
214 107 -107 117 -117 -234
214 107 0 117 -117 0
214 107 0 118 -118 0
214 107 0 119 -119 0
214 107 0 120 -120 0
214 107 -107 121 -121 -242
214 107 0 121 -121 0
214 107 0 122 -122 0
214 107 0 123 -123 0
214 107 0 124 -124 0
214 107 -107 125 -125 -250
214 107 0 125 -125 0
214 107 0 126 -126 0
214 107 0 127 -127 0
214 107 0 128 -128 0
214 107 -107 129 -129 -258
214 107 0 129 -129 0
214 107 0 130 -130 0
214 107 0 131 -131 0
214 107 0 132 -132 0
214 107 -107 133 -133 -266
214 107 0 133 -133 0
214 107 0 134 -134 0
214 107 0 135 -135 0
214 107 0 136 -136 0
214 107 -107 137 -137 -274
214 107 0 137 -137 0
214 107 0 138 -138 0
214 107 0 139 -139 0
214 107 0 140 -140 0
214 107 -107 141 -141 -282
214 107 0 141 -141 0
214 107 0 142 -142 0
214 107 0 143 -143 0
214 107 0 144 -144 0
214 107 -107 145 -145 -290
214 107 0 145 -145 0
214 107 0 146 -146 0
214 107 0 147 -147 0
214 107 0 148 -148 0
214 107 -107 149 -149 -298
214 107 0 149 -149 0
214 107 0 150 -150 0
216 108 0 -150 150 0
216 108 0 -149 149 0
216 108 -108 -148 148 296
216 108 0 -148 148 0
216 108 0 -147 147 0
216 108 0 -146 146 0
216 108 0 -145 145 0
216 108 -108 -144 144 288
216 108 0 -144 144 0
216 108 0 -143 143 0
216 108 0 -142 142 0
216 108 0 -141 141 0
216 108 -108 -140 140 280
216 108 0 -140 140 0
216 108 0 -139 139 0
216 108 0 -138 138 0
216 108 0 -137 137 0
216 108 -108 -136 136 272
216 108 0 -136 136 0
216 108 0 -135 135 0
216 108 0 -134 134 0
216 108 0 -133 133 0
216 108 -108 -132 132 264
216 108 0 -132 132 0
216 108 0 -131 131 0
216 108 0 -130 130 0
216 108 0 -129 129 0
216 108 -108 -128 128 256
216 108 0 -128 128 0
216 108 0 -127 127 0
216 108 0 -126 126 0
216 108 0 -125 125 0
216 108 -108 -124 124 248
216 108 0 -124 124 0
216 108 0 -123 123 0
216 108 0 -122 122 0
216 108 0 -121 121 0
216 108 -108 -120 120 240
216 108 0 -120 120 0
216 108 0 -119 119 0
216 108 0 -118 118 0
216 108 0 -117 117 0
216 108 -108 -116 116 232
216 108 0 -116 116 0
216 108 0 -115 115 0
216 108 0 -114 114 0
216 108 0 -113 113 0
216 108 -108 -112 112 224
216 108 0 -112 112 0
216 108 0 -111 111 0
216 108 0 -110 110 0
216 108 0 -109 109 0
216 108 -108 -108 108 216
216 108 0 -108 108 0
216 108 0 -107 107 0
216 108 0 -106 106 0
216 108 0 -105 105 0
216 108 -108 -104 104 208
216 108 0 -104 104 0
216 108 0 -103 103 0
216 108 0 -102 102 0
216 108 0 -101 101 0
216 108 -108 -100 100 200
216 108 0 -100 100 0
216 108 0 -99 99 0
216 108 0 -98 98 0
216 108 0 -97 97 0
216 108 -108 -96 96 192
216 108 0 -96 96 0
216 108 0 -95 95 0
216 108 0 -94 94 0
216 108 0 -93 93 0
216 108 -108 -92 92 184
216 108 0 -92 92 0
216 108 0 -91 91 0
216 108 0 -90 90 0
216 108 0 -89 89 0
216 108 -108 -88 88 176
216 108 0 -88 88 0
216 108 0 -87 87 0
216 108 0 -86 86 0
216 108 0 -85 85 0
216 108 -108 -84 84 168
216 108 0 -84 84 0
216 108 0 -83 83 0
216 108 0 -82 82 0
216 108 0 -81 81 0
216 108 -108 -80 80 160
216 108 0 -80 80 0
216 108 0 -79 79 0
216 108 0 -78 78 0
216 108 0 -77 77 0
216 108 -108 -76 76 152
216 108 0 -76 76 0
216 108 0 -75 75 0
216 108 0 -74 74 0
216 108 0 -73 73 0
216 108 -108 -72 72 144
216 108 0 -72 72 0
216 108 0 -71 71 0
216 108 0 -70 70 0
216 108 0 -69 69 0
216 108 -108 -68 68 136
216 108 0 -68 68 0
216 108 0 -67 67 0
216 108 0 -66 66 0
216 108 0 -65 65 0
216 108 -108 -64 64 128
216 108 0 -64 64 0
216 108 0 -63 63 0
216 108 0 -62 62 0
216 108 0 -61 61 0
216 108 -108 -60 60 120
216 108 0 -60 60 0
216 108 0 -59 59 0
216 108 0 -58 58 0
216 108 0 -57 57 0
216 108 -108 -56 56 112
216 108 0 -56 56 0
216 108 0 -55 55 0
216 108 0 -54 54 0
216 108 0 -53 53 0
216 108 -108 -52 52 104
216 108 0 -52 52 0
216 108 0 -51 51 0
216 108 0 -50 50 0
216 108 0 -49 49 0
216 108 -108 -48 48 96
216 108 0 -48 48 0
216 108 0 -47 47 0
216 108 0 -46 46 0
216 108 0 -45 45 0
216 108 -108 -44 44 88
216 108 0 -44 44 0
216 108 0 -43 43 0
216 108 0 -42 42 0
216 108 0 -41 41 0
216 108 -108 -40 40 80
216 108 0 -40 40 0
216 108 0 -39 39 0
216 108 0 -38 38 0
216 108 0 -37 37 0
216 108 -108 -36 36 72
216 108 0 -36 36 0
216 108 0 -35 35 0
216 108 0 -34 34 0
216 108 0 -33 33 0
216 108 -108 -32 32 64
216 108 0 -32 32 0
216 108 0 -31 31 0
216 108 0 -30 30 0
216 108 0 -29 29 0
216 108 -108 -28 28 56
216 108 0 -28 28 0
216 108 0 -27 27 0
216 108 0 -26 26 0
216 108 0 -25 25 0
216 108 -108 -24 24 48
216 108 0 -24 24 0
216 108 0 -23 23 0
216 108 0 -22 22 0
216 108 0 -21 21 0
216 108 -108 -20 20 40
216 108 0 -20 20 0
216 108 0 -19 19 0
216 108 0 -18 18 0
216 108 0 -17 17 0
216 108 -108 -16 16 32
216 108 0 -16 16 0
216 108 0 -15 15 0
216 108 0 -14 14 0
216 108 0 -13 13 0
216 108 -108 -12 12 24
216 108 0 -12 12 0
216 108 0 -11 11 0
216 108 0 -10 10 0
216 108 0 -9 9 0
216 108 -108 -8 8 16
216 108 0 -8 8 0
216 108 0 -7 7 0
216 108 0 -6 6 0
216 108 0 -5 5 0
216 108 -108 -4 4 8
216 108 0 -4 4 0
216 108 0 -3 3 0
216 108 0 -2 2 0
216 108 0 -1 1 0
216 108 0 1 -1 0
216 108 0 2 -2 0
216 108 0 3 -3 0
216 108 -108 4 -4 -8
216 108 0 4 -4 0
216 108 0 5 -5 0
216 108 0 6 -6 0
216 108 0 7 -7 0
216 108 -108 8 -8 -16
216 108 0 8 -8 0
216 108 0 9 -9 0
216 108 0 10 -10 0
216 108 0 11 -11 0
216 108 -108 12 -12 -24
216 108 0 12 -12 0
216 108 0 13 -13 0
216 108 0 14 -14 0
216 108 0 15 -15 0
216 108 -108 16 -16 -32
216 108 0 16 -16 0
216 108 0 17 -17 0
216 108 0 18 -18 0
216 108 0 19 -19 0
216 108 -108 20 -20 -40
216 108 0 20 -20 0
216 108 0 21 -21 0
216 108 0 22 -22 0
216 108 0 23 -23 0
216 108 -108 24 -24 -48
216 108 0 24 -24 0
216 108 0 25 -25 0
216 108 0 26 -26 0
216 108 0 27 -27 0
216 108 -108 28 -28 -56
216 108 0 28 -28 0
216 108 0 29 -29 0
216 108 0 30 -30 0
216 108 0 31 -31 0
216 108 -108 32 -32 -64
216 108 0 32 -32 0
216 108 0 33 -33 0
216 108 0 34 -34 0
216 108 0 35 -35 0
216 108 -108 36 -36 -72
216 108 0 36 -36 0
216 108 0 37 -37 0
216 108 0 38 -38 0
216 108 0 39 -39 0
216 108 -108 40 -40 -80
216 108 0 40 -40 0
216 108 0 41 -41 0
216 108 0 42 -42 0
216 108 0 43 -43 0
216 108 -108 44 -44 -88
216 108 0 44 -44 0
216 108 0 45 -45 0
216 108 0 46 -46 0
216 108 0 47 -47 0
216 108 -108 48 -48 -96
216 108 0 48 -48 0
216 108 0 49 -49 0
216 108 0 50 -50 0
216 108 0 51 -51 0
216 108 -108 52 -52 -104
216 108 0 52 -52 0
216 108 0 53 -53 0
216 108 0 54 -54 0
216 108 0 55 -55 0
216 108 -108 56 -56 -112
216 108 0 56 -56 0
216 108 0 57 -57 0
216 108 0 58 -58 0
216 108 0 59 -59 0
216 108 -108 60 -60 -120
216 108 0 60 -60 0
216 108 0 61 -61 0
216 108 0 62 -62 0
216 108 0 63 -63 0
216 108 -108 64 -64 -128
216 108 0 64 -64 0
216 108 0 65 -65 0
216 108 0 66 -66 0
216 108 0 67 -67 0
216 108 -108 68 -68 -136
216 108 0 68 -68 0
216 108 0 69 -69 0
216 108 0 70 -70 0
216 108 0 71 -71 0
216 108 -108 72 -72 -144
216 108 0 72 -72 0
216 108 0 73 -73 0
216 108 0 74 -74 0
216 108 0 75 -75 0
216 108 -108 76 -76 -152
216 108 0 76 -76 0
216 108 0 77 -77 0
216 108 0 78 -78 0
216 108 0 79 -79 0
216 108 -108 80 -80 -160
216 108 0 80 -80 0
216 108 0 81 -81 0
216 108 0 82 -82 0
216 108 0 83 -83 0
216 108 -108 84 -84 -168
216 108 0 84 -84 0
216 108 0 85 -85 0
216 108 0 86 -86 0
216 108 0 87 -87 0
216 108 -108 88 -88 -176
216 108 0 88 -88 0
216 108 0 89 -89 0
216 108 0 90 -90 0
216 108 0 91 -91 0
216 108 -108 92 -92 -184
216 108 0 92 -92 0
216 108 0 93 -93 0
216 108 0 94 -94 0
216 108 0 95 -95 0
216 108 -108 96 -96 -192
216 108 0 96 -96 0
216 108 0 97 -97 0
216 108 0 98 -98 0
216 108 0 99 -99 0
216 108 -108 100 -100 -200
216 108 0 100 -100 0
216 108 0 101 -101 0
216 108 0 102 -102 0
216 108 0 103 -103 0
216 108 -108 104 -104 -208
216 108 0 104 -104 0
216 108 0 105 -105 0
216 108 0 106 -106 0
216 108 0 107 -107 0
216 108 -108 108 -108 -216
216 108 0 108 -108 0
216 108 0 109 -109 0
216 108 0 110 -110 0
216 108 0 111 -111 0
216 108 -108 112 -112 -224
216 108 0 112 -112 0
216 108 0 113 -113 0
216 108 0 114 -114 0
216 108 0 115 -115 0
216 108 -108 116 -116 -232
216 108 0 116 -116 0
216 108 0 117 -117 0
216 108 0 118 -118 0
216 108 0 119 -119 0
216 108 -108 120 -120 -240
216 108 0 120 -120 0
216 108 0 121 -121 0
216 108 0 122 -122 0
216 108 0 123 -123 0
216 108 -108 124 -124 -248
216 108 0 124 -124 0
216 108 0 125 -125 0
216 108 0 126 -126 0
216 108 0 127 -127 0
216 108 -108 128 -128 -256
216 108 0 128 -128 0
216 108 0 129 -129 0
216 108 0 130 -130 0
216 108 0 131 -131 0
216 108 -108 132 -132 -264
216 108 0 132 -132 0
216 108 0 133 -133 0
216 108 0 134 -134 0
216 108 0 135 -135 0
216 108 -108 136 -136 -272
216 108 0 136 -136 0
216 108 0 137 -137 0
216 108 0 138 -138 0
216 108 0 139 -139 0
216 108 -108 140 -140 -280
216 108 0 140 -140 0
216 108 0 141 -141 0
216 108 0 142 -142 0
216 108 0 143 -143 0
216 108 -108 144 -144 -288
216 108 0 144 -144 0
216 108 0 145 -145 0
216 108 0 146 -146 0
216 108 0 147 -147 0
216 108 -108 148 -148 -296
216 108 0 148 -148 0
216 108 0 149 -149 0
216 108 0 150 -150 0
218 109 0 -150 150 0
218 109 0 -149 149 0
218 109 0 -148 148 0
218 109 -109 -147 147 294
218 109 0 -147 147 0
218 109 0 -146 146 0
218 109 0 -145 145 0
218 109 0 -144 144 0
218 109 -109 -143 143 286
218 109 0 -143 143 0
218 109 0 -142 142 0
218 109 0 -141 141 0
218 109 0 -140 140 0
218 109 -109 -139 139 278
218 109 0 -139 139 0
218 109 0 -138 138 0
218 109 0 -137 137 0
218 109 0 -136 136 0
218 109 -109 -135 135 270
218 109 0 -135 135 0
218 109 0 -134 134 0
218 109 0 -133 133 0
218 109 0 -132 132 0
218 109 -109 -131 131 262
218 109 0 -131 131 0
218 109 0 -130 130 0
218 109 0 -129 129 0
218 109 0 -128 128 0
218 109 -109 -127 127 254
218 109 0 -127 127 0
218 109 0 -126 126 0
218 109 0 -125 125 0
218 109 0 -124 124 0
218 109 -109 -123 123 246
218 109 0 -123 123 0
218 109 0 -122 122 0
218 109 0 -121 121 0
218 109 0 -120 120 0
218 109 -109 -119 119 238
218 109 0 -119 119 0
218 109 0 -118 118 0
218 109 0 -117 117 0
218 109 0 -116 116 0
218 109 -109 -115 115 230
218 109 0 -115 115 0
218 109 0 -114 114 0
218 109 0 -113 113 0
218 109 0 -112 112 0
218 109 -109 -111 111 222
218 109 0 -111 111 0
218 109 0 -110 110 0
218 109 0 -109 109 0
218 109 0 -108 108 0
218 109 -109 -107 107 214
218 109 0 -107 107 0
218 109 0 -106 106 0
218 109 0 -105 105 0
218 109 0 -104 104 0
218 109 -109 -103 103 206
218 109 0 -103 103 0
218 109 0 -102 102 0
218 109 0 -101 101 0
218 109 0 -100 100 0
218 109 -109 -99 99 198
218 109 0 -99 99 0
218 109 0 -98 98 0
218 109 0 -97 97 0
218 109 0 -96 96 0
218 109 -109 -95 95 190
218 109 0 -95 95 0
218 109 0 -94 94 0
218 109 0 -93 93 0
218 109 0 -92 92 0
218 109 -109 -91 91 182
218 109 0 -91 91 0
218 109 0 -90 90 0
218 109 0 -89 89 0
218 109 0 -88 88 0
218 109 -109 -87 87 174
218 109 0 -87 87 0
218 109 0 -86 86 0
218 109 0 -85 85 0
218 109 0 -84 84 0
218 109 -109 -83 83 166
218 109 0 -83 83 0
218 109 0 -82 82 0
218 109 0 -81 81 0
218 109 0 -80 80 0
218 109 -109 -79 79 158
218 109 0 -79 79 0
218 109 0 -78 78 0
218 109 0 -77 77 0
218 109 0 -76 76 0
218 109 -109 -75 75 150
218 109 0 -75 75 0
218 109 0 -74 74 0
218 109 0 -73 73 0
218 109 0 -72 72 0
218 109 -109 -71 71 142
218 109 0 -71 71 0
218 109 0 -70 70 0
218 109 0 -69 69 0
218 109 0 -68 68 0
218 109 -109 -67 67 134
218 109 0 -67 67 0
218 109 0 -66 66 0
218 109 0 -65 65 0
218 109 0 -64 64 0
218 109 -109 -63 63 126
218 109 0 -63 63 0
218 109 0 -62 62 0
218 109 0 -61 61 0
218 109 0 -60 60 0
218 109 -109 -59 59 118
218 109 0 -59 59 0
218 109 0 -58 58 0
218 109 0 -57 57 0
218 109 0 -56 56 0
218 109 -109 -55 55 110
218 109 0 -55 55 0
218 109 0 -54 54 0
218 109 0 -53 53 0
218 109 0 -52 52 0
218 109 -109 -51 51 102
218 109 0 -51 51 0
218 109 0 -50 50 0
218 109 0 -49 49 0
218 109 0 -48 48 0
218 109 -109 -47 47 94
218 109 0 -47 47 0
218 109 0 -46 46 0
218 109 0 -45 45 0
218 109 0 -44 44 0
218 109 -109 -43 43 86
218 109 0 -43 43 0
218 109 0 -42 42 0
218 109 0 -41 41 0
218 109 0 -40 40 0
218 109 -109 -39 39 78
218 109 0 -39 39 0
218 109 0 -38 38 0
218 109 0 -37 37 0
218 109 0 -36 36 0
218 109 -109 -35 35 70
218 109 0 -35 35 0
218 109 0 -34 34 0
218 109 0 -33 33 0
218 109 0 -32 32 0
218 109 -109 -31 31 62
218 109 0 -31 31 0
218 109 0 -30 30 0
218 109 0 -29 29 0
218 109 0 -28 28 0
218 109 -109 -27 27 54
218 109 0 -27 27 0
218 109 0 -26 26 0
218 109 0 -25 25 0
218 109 0 -24 24 0
218 109 -109 -23 23 46
218 109 0 -23 23 0
218 109 0 -22 22 0
218 109 0 -21 21 0
218 109 0 -20 20 0
218 109 -109 -19 19 38
218 109 0 -19 19 0
218 109 0 -18 18 0
218 109 0 -17 17 0
218 109 0 -16 16 0
218 109 -109 -15 15 30
218 109 0 -15 15 0
218 109 0 -14 14 0
218 109 0 -13 13 0
218 109 0 -12 12 0
218 109 -109 -11 11 22
218 109 0 -11 11 0
218 109 0 -10 10 0
218 109 0 -9 9 0
218 109 0 -8 8 0
218 109 -109 -7 7 14
218 109 0 -7 7 0
218 109 0 -6 6 0
218 109 0 -5 5 0
218 109 0 -4 4 0
218 109 -109 -3 3 6
218 109 0 -3 3 0
218 109 0 -2 2 0
218 109 0 -1 1 0
218 109 -109 1 -1 -2
218 109 0 1 -1 0
218 109 0 2 -2 0
218 109 0 3 -3 0
218 109 0 4 -4 0
218 109 -109 5 -5 -10
218 109 0 5 -5 0
218 109 0 6 -6 0
218 109 0 7 -7 0
218 109 0 8 -8 0
218 109 -109 9 -9 -18
218 109 0 9 -9 0
218 109 0 10 -10 0
218 109 0 11 -11 0
218 109 0 12 -12 0
218 109 -109 13 -13 -26
218 109 0 13 -13 0
218 109 0 14 -14 0
218 109 0 15 -15 0
218 109 0 16 -16 0
218 109 -109 17 -17 -34
218 109 0 17 -17 0
218 109 0 18 -18 0
218 109 0 19 -19 0
218 109 0 20 -20 0
218 109 -109 21 -21 -42
218 109 0 21 -21 0
218 109 0 22 -22 0
218 109 0 23 -23 0
218 109 0 24 -24 0
218 109 -109 25 -25 -50
218 109 0 25 -25 0
218 109 0 26 -26 0
218 109 0 27 -27 0
218 109 0 28 -28 0
218 109 -109 29 -29 -58
218 109 0 29 -29 0
218 109 0 30 -30 0
218 109 0 31 -31 0
218 109 0 32 -32 0
218 109 -109 33 -33 -66
218 109 0 33 -33 0
218 109 0 34 -34 0
218 109 0 35 -35 0
218 109 0 36 -36 0
218 109 -109 37 -37 -74
218 109 0 37 -37 0
218 109 0 38 -38 0
218 109 0 39 -39 0
218 109 0 40 -40 0
218 109 -109 41 -41 -82
218 109 0 41 -41 0
218 109 0 42 -42 0
218 109 0 43 -43 0
218 109 0 44 -44 0
218 109 -109 45 -45 -90
218 109 0 45 -45 0
218 109 0 46 -46 0
218 109 0 47 -47 0
218 109 0 48 -48 0
218 109 -109 49 -49 -98
218 109 0 49 -49 0
218 109 0 50 -50 0
218 109 0 51 -51 0
218 109 0 52 -52 0
218 109 -109 53 -53 -106
218 109 0 53 -53 0
218 109 0 54 -54 0
218 109 0 55 -55 0
218 109 0 56 -56 0
218 109 -109 57 -57 -114
218 109 0 57 -57 0
218 109 0 58 -58 0
218 109 0 59 -59 0
218 109 0 60 -60 0
218 109 -109 61 -61 -122
218 109 0 61 -61 0
218 109 0 62 -62 0
218 109 0 63 -63 0
218 109 0 64 -64 0
218 109 -109 65 -65 -130
218 109 0 65 -65 0
218 109 0 66 -66 0
218 109 0 67 -67 0
218 109 0 68 -68 0
218 109 -109 69 -69 -138
218 109 0 69 -69 0
218 109 0 70 -70 0
218 109 0 71 -71 0
218 109 0 72 -72 0
218 109 -109 73 -73 -146
218 109 0 73 -73 0
218 109 0 74 -74 0
218 109 0 75 -75 0
218 109 0 76 -76 0
218 109 -109 77 -77 -154
218 109 0 77 -77 0
218 109 0 78 -78 0
218 109 0 79 -79 0
218 109 0 80 -80 0
218 109 -109 81 -81 -162
218 109 0 81 -81 0
218 109 0 82 -82 0
218 109 0 83 -83 0
218 109 0 84 -84 0
218 109 -109 85 -85 -170
218 109 0 85 -85 0
218 109 0 86 -86 0
218 109 0 87 -87 0
218 109 0 88 -88 0
218 109 -109 89 -89 -178
218 109 0 89 -89 0
218 109 0 90 -90 0
218 109 0 91 -91 0
218 109 0 92 -92 0
218 109 -109 93 -93 -186
218 109 0 93 -93 0
218 109 0 94 -94 0
218 109 0 95 -95 0
218 109 0 96 -96 0
218 109 -109 97 -97 -194
218 109 0 97 -97 0
218 109 0 98 -98 0
218 109 0 99 -99 0
218 109 0 100 -100 0
218 109 -109 101 -101 -202
218 109 0 101 -101 0
218 109 0 102 -102 0
218 109 0 103 -103 0
218 109 0 104 -104 0
218 109 -109 105 -105 -210
218 109 0 105 -105 0
218 109 0 106 -106 0
218 109 0 107 -107 0
218 109 0 108 -108 0
218 109 -109 109 -109 -218
218 109 0 109 -109 0
218 109 0 110 -110 0
218 109 0 111 -111 0
218 109 0 112 -112 0
218 109 -109 113 -113 -226
218 109 0 113 -113 0
218 109 0 114 -114 0
218 109 0 115 -115 0
218 109 0 116 -116 0
218 109 -109 117 -117 -234
218 109 0 117 -117 0
218 109 0 118 -118 0
218 109 0 119 -119 0
218 109 0 120 -120 0
218 109 -109 121 -121 -242
218 109 0 121 -121 0
218 109 0 122 -122 0
218 109 0 123 -123 0
218 109 0 124 -124 0
218 109 -109 125 -125 -250
218 109 0 125 -125 0
218 109 0 126 -126 0
218 109 0 127 -127 0
218 109 0 128 -128 0
218 109 -109 129 -129 -258
218 109 0 129 -129 0
218 109 0 130 -130 0
218 109 0 131 -131 0
218 109 0 132 -132 0
218 109 -109 133 -133 -266
218 109 0 133 -133 0
218 109 0 134 -134 0
218 109 0 135 -135 0
218 109 0 136 -136 0
218 109 -109 137 -137 -274
218 109 0 137 -137 0
218 109 0 138 -138 0
218 109 0 139 -139 0
218 109 0 140 -140 0
218 109 -109 141 -141 -282
218 109 0 141 -141 0
218 109 0 142 -142 0
218 109 0 143 -143 0
218 109 0 144 -144 0
218 109 -109 145 -145 -290
218 109 0 145 -145 0
218 109 0 146 -146 0
218 109 0 147 -147 0
218 109 0 148 -148 0
218 109 -109 149 -149 -298
218 109 0 149 -149 0
218 109 0 150 -150 0
220 110 0 -150 150 0
220 110 0 -149 149 0
220 110 -110 -148 148 296
220 110 0 -148 148 0
220 110 0 -147 147 0
220 110 0 -146 146 0
220 110 0 -145 145 0
220 110 -110 -144 144 288
220 110 0 -144 144 0
220 110 0 -143 143 0
220 110 0 -142 142 0
220 110 0 -141 141 0
220 110 -110 -140 140 280
220 110 0 -140 140 0
220 110 0 -139 139 0
220 110 0 -138 138 0
220 110 0 -137 137 0
220 110 -110 -136 136 272
220 110 0 -136 136 0
220 110 0 -135 135 0
220 110 0 -134 134 0
220 110 0 -133 133 0
220 110 -110 -132 132 264
220 110 0 -132 132 0
220 110 0 -131 131 0
220 110 0 -130 130 0
220 110 0 -129 129 0
220 110 -110 -128 128 256
220 110 0 -128 128 0
220 110 0 -127 127 0
220 110 0 -126 126 0
220 110 0 -125 125 0
220 110 -110 -124 124 248
220 110 0 -124 124 0
220 110 0 -123 123 0
220 110 0 -122 122 0
220 110 0 -121 121 0
220 110 -110 -120 120 240
220 110 0 -120 120 0
220 110 0 -119 119 0
220 110 0 -118 118 0
220 110 0 -117 117 0
220 110 -110 -116 116 232
220 110 0 -116 116 0
220 110 0 -115 115 0
220 110 0 -114 114 0
220 110 0 -113 113 0
220 110 -110 -112 112 224
220 110 0 -112 112 0
220 110 0 -111 111 0
220 110 0 -110 110 0
220 110 0 -109 109 0
220 110 -110 -108 108 216
220 110 0 -108 108 0
220 110 0 -107 107 0
220 110 0 -106 106 0
220 110 0 -105 105 0
220 110 -110 -104 104 208
220 110 0 -104 104 0
220 110 0 -103 103 0
220 110 0 -102 102 0
220 110 0 -101 101 0
220 110 -110 -100 100 200
220 110 0 -100 100 0
220 110 0 -99 99 0
220 110 0 -98 98 0
220 110 0 -97 97 0
220 110 -110 -96 96 192
220 110 0 -96 96 0
220 110 0 -95 95 0
220 110 0 -94 94 0
220 110 0 -93 93 0
220 110 -110 -92 92 184
220 110 0 -92 92 0
220 110 0 -91 91 0
220 110 0 -90 90 0
220 110 0 -89 89 0
220 110 -110 -88 88 176
220 110 0 -88 88 0
220 110 0 -87 87 0
220 110 0 -86 86 0
220 110 0 -85 85 0
220 110 -110 -84 84 168
220 110 0 -84 84 0
220 110 0 -83 83 0
220 110 0 -82 82 0
220 110 0 -81 81 0
220 110 -110 -80 80 160
220 110 0 -80 80 0
220 110 0 -79 79 0
220 110 0 -78 78 0
220 110 0 -77 77 0
220 110 -110 -76 76 152
220 110 0 -76 76 0
220 110 0 -75 75 0
220 110 0 -74 74 0
220 110 0 -73 73 0
220 110 -110 -72 72 144
220 110 0 -72 72 0
220 110 0 -71 71 0
220 110 0 -70 70 0
220 110 0 -69 69 0
220 110 -110 -68 68 136
220 110 0 -68 68 0
220 110 0 -67 67 0
220 110 0 -66 66 0
220 110 0 -65 65 0
220 110 -110 -64 64 128
220 110 0 -64 64 0
220 110 0 -63 63 0
220 110 0 -62 62 0
220 110 0 -61 61 0
220 110 -110 -60 60 120
220 110 0 -60 60 0
220 110 0 -59 59 0
220 110 0 -58 58 0
220 110 0 -57 57 0
220 110 -110 -56 56 112
220 110 0 -56 56 0
220 110 0 -55 55 0
220 110 0 -54 54 0
220 110 0 -53 53 0
220 110 -110 -52 52 104
220 110 0 -52 52 0
220 110 0 -51 51 0
220 110 0 -50 50 0
220 110 0 -49 49 0
220 110 -110 -48 48 96
220 110 0 -48 48 0
220 110 0 -47 47 0
220 110 0 -46 46 0
220 110 0 -45 45 0
220 110 -110 -44 44 88
220 110 0 -44 44 0
220 110 0 -43 43 0
220 110 0 -42 42 0
220 110 0 -41 41 0
220 110 -110 -40 40 80
220 110 0 -40 40 0
220 110 0 -39 39 0
220 110 0 -38 38 0
220 110 0 -37 37 0
220 110 -110 -36 36 72
220 110 0 -36 36 0
220 110 0 -35 35 0
220 110 0 -34 34 0
220 110 0 -33 33 0
220 110 -110 -32 32 64
220 110 0 -32 32 0
220 110 0 -31 31 0
220 110 0 -30 30 0
220 110 0 -29 29 0
220 110 -110 -28 28 56
220 110 0 -28 28 0
220 110 0 -27 27 0
220 110 0 -26 26 0
220 110 0 -25 25 0
220 110 -110 -24 24 48
220 110 0 -24 24 0
220 110 0 -23 23 0
220 110 0 -22 22 0
220 110 0 -21 21 0
220 110 -110 -20 20 40
220 110 0 -20 20 0
220 110 0 -19 19 0
220 110 0 -18 18 0
220 110 0 -17 17 0
220 110 -110 -16 16 32
220 110 0 -16 16 0
220 110 0 -15 15 0
220 110 0 -14 14 0
220 110 0 -13 13 0
220 110 -110 -12 12 24
220 110 0 -12 12 0
220 110 0 -11 11 0
220 110 0 -10 10 0
220 110 0 -9 9 0
220 110 -110 -8 8 16
220 110 0 -8 8 0
220 110 0 -7 7 0
220 110 0 -6 6 0
220 110 0 -5 5 0
220 110 -110 -4 4 8
220 110 0 -4 4 0
220 110 0 -3 3 0
220 110 0 -2 2 0
220 110 0 -1 1 0
220 110 0 1 -1 0
220 110 0 2 -2 0
220 110 0 3 -3 0
220 110 -110 4 -4 -8
220 110 0 4 -4 0
220 110 0 5 -5 0
220 110 0 6 -6 0
220 110 0 7 -7 0
220 110 -110 8 -8 -16
220 110 0 8 -8 0
220 110 0 9 -9 0
220 110 0 10 -10 0
220 110 0 11 -11 0
220 110 -110 12 -12 -24
220 110 0 12 -12 0
220 110 0 13 -13 0
220 110 0 14 -14 0
220 110 0 15 -15 0
220 110 -110 16 -16 -32
220 110 0 16 -16 0
220 110 0 17 -17 0
220 110 0 18 -18 0
220 110 0 19 -19 0
220 110 -110 20 -20 -40
220 110 0 20 -20 0
220 110 0 21 -21 0
220 110 0 22 -22 0
220 110 0 23 -23 0
220 110 -110 24 -24 -48
220 110 0 24 -24 0
220 110 0 25 -25 0
220 110 0 26 -26 0
220 110 0 27 -27 0
220 110 -110 28 -28 -56
220 110 0 28 -28 0
220 110 0 29 -29 0
220 110 0 30 -30 0
220 110 0 31 -31 0
220 110 -110 32 -32 -64
220 110 0 32 -32 0
220 110 0 33 -33 0
220 110 0 34 -34 0
220 110 0 35 -35 0
220 110 -110 36 -36 -72
220 110 0 36 -36 0
220 110 0 37 -37 0
220 110 0 38 -38 0
220 110 0 39 -39 0
220 110 -110 40 -40 -80
220 110 0 40 -40 0
220 110 0 41 -41 0
220 110 0 42 -42 0
220 110 0 43 -43 0
220 110 -110 44 -44 -88
220 110 0 44 -44 0
220 110 0 45 -45 0
220 110 0 46 -46 0
220 110 0 47 -47 0
220 110 -110 48 -48 -96
220 110 0 48 -48 0
220 110 0 49 -49 0
220 110 0 50 -50 0
220 110 0 51 -51 0
220 110 -110 52 -52 -104
220 110 0 52 -52 0
220 110 0 53 -53 0
220 110 0 54 -54 0
220 110 0 55 -55 0
220 110 -110 56 -56 -112
220 110 0 56 -56 0
220 110 0 57 -57 0
220 110 0 58 -58 0
220 110 0 59 -59 0
220 110 -110 60 -60 -120
220 110 0 60 -60 0
220 110 0 61 -61 0
220 110 0 62 -62 0
220 110 0 63 -63 0
220 110 -110 64 -64 -128
220 110 0 64 -64 0
220 110 0 65 -65 0
220 110 0 66 -66 0
220 110 0 67 -67 0
220 110 -110 68 -68 -136
220 110 0 68 -68 0
220 110 0 69 -69 0
220 110 0 70 -70 0
220 110 0 71 -71 0
220 110 -110 72 -72 -144
220 110 0 72 -72 0
220 110 0 73 -73 0
220 110 0 74 -74 0
220 110 0 75 -75 0
220 110 -110 76 -76 -152
220 110 0 76 -76 0
220 110 0 77 -77 0
220 110 0 78 -78 0
220 110 0 79 -79 0
220 110 -110 80 -80 -160
220 110 0 80 -80 0
220 110 0 81 -81 0
220 110 0 82 -82 0
220 110 0 83 -83 0
220 110 -110 84 -84 -168
220 110 0 84 -84 0
220 110 0 85 -85 0
220 110 0 86 -86 0
220 110 0 87 -87 0
220 110 -110 88 -88 -176
220 110 0 88 -88 0
220 110 0 89 -89 0
220 110 0 90 -90 0
220 110 0 91 -91 0
220 110 -110 92 -92 -184
220 110 0 92 -92 0
220 110 0 93 -93 0
220 110 0 94 -94 0
220 110 0 95 -95 0
220 110 -110 96 -96 -192
220 110 0 96 -96 0
220 110 0 97 -97 0
220 110 0 98 -98 0
220 110 0 99 -99 0
220 110 -110 100 -100 -200
220 110 0 100 -100 0
220 110 0 101 -101 0
220 110 0 102 -102 0
220 110 0 103 -103 0
220 110 -110 104 -104 -208
220 110 0 104 -104 0
220 110 0 105 -105 0
220 110 0 106 -106 0
220 110 0 107 -107 0
220 110 -110 108 -108 -216
220 110 0 108 -108 0
220 110 0 109 -109 0
220 110 0 110 -110 0
220 110 0 111 -111 0
220 110 -110 112 -112 -224
220 110 0 112 -112 0
220 110 0 113 -113 0
220 110 0 114 -114 0
220 110 0 115 -115 0
220 110 -110 116 -116 -232
220 110 0 116 -116 0
220 110 0 117 -117 0
220 110 0 118 -118 0
220 110 0 119 -119 0
220 110 -110 120 -120 -240
220 110 0 120 -120 0
220 110 0 121 -121 0
220 110 0 122 -122 0
220 110 0 123 -123 0
220 110 -110 124 -124 -248
220 110 0 124 -124 0
220 110 0 125 -125 0
220 110 0 126 -126 0
220 110 0 127 -127 0
220 110 -110 128 -128 -256
220 110 0 128 -128 0
220 110 0 129 -129 0
220 110 0 130 -130 0
220 110 0 131 -131 0
220 110 -110 132 -132 -264
220 110 0 132 -132 0
220 110 0 133 -133 0
220 110 0 134 -134 0
220 110 0 135 -135 0
220 110 -110 136 -136 -272
220 110 0 136 -136 0
220 110 0 137 -137 0
220 110 0 138 -138 0
220 110 0 139 -139 0
220 110 -110 140 -140 -280
220 110 0 140 -140 0
220 110 0 141 -141 0
220 110 0 142 -142 0
220 110 0 143 -143 0
220 110 -110 144 -144 -288
220 110 0 144 -144 0
220 110 0 145 -145 0
220 110 0 146 -146 0
220 110 0 147 -147 0
220 110 -110 148 -148 -296
220 110 0 148 -148 0
220 110 0 149 -149 0
220 110 0 150 -150 0
222 111 0 -150 150 0
222 111 0 -149 149 0
222 111 0 -148 148 0
222 111 -111 -147 147 294
222 111 0 -147 147 0
222 111 0 -146 146 0
222 111 0 -145 145 0
222 111 0 -144 144 0
222 111 -111 -143 143 286
222 111 0 -143 143 0
222 111 0 -142 142 0
222 111 0 -141 141 0
222 111 0 -140 140 0
222 111 -111 -139 139 278
222 111 0 -139 139 0
222 111 0 -138 138 0
222 111 0 -137 137 0
222 111 0 -136 136 0
222 111 -111 -135 135 270
222 111 0 -135 135 0
222 111 0 -134 134 0
222 111 0 -133 133 0
222 111 0 -132 132 0
222 111 -111 -131 131 262
222 111 0 -131 131 0
222 111 0 -130 130 0
222 111 0 -129 129 0
222 111 0 -128 128 0
222 111 -111 -127 127 254
222 111 0 -127 127 0
222 111 0 -126 126 0
222 111 0 -125 125 0
222 111 0 -124 124 0
222 111 -111 -123 123 246
222 111 0 -123 123 0
222 111 0 -122 122 0
222 111 0 -121 121 0
222 111 0 -120 120 0
222 111 -111 -119 119 238
222 111 0 -119 119 0
222 111 0 -118 118 0
222 111 0 -117 117 0
222 111 0 -116 116 0
222 111 -111 -115 115 230
222 111 0 -115 115 0
222 111 0 -114 114 0
222 111 0 -113 113 0
222 111 0 -112 112 0
222 111 -111 -111 111 222
222 111 0 -111 111 0
222 111 0 -110 110 0
222 111 0 -109 109 0
222 111 0 -108 108 0
222 111 -111 -107 107 214
222 111 0 -107 107 0
222 111 0 -106 106 0
222 111 0 -105 105 0
222 111 0 -104 104 0
222 111 -111 -103 103 206
222 111 0 -103 103 0
222 111 0 -102 102 0
222 111 0 -101 101 0
222 111 0 -100 100 0
222 111 -111 -99 99 198
222 111 0 -99 99 0
222 111 0 -98 98 0
222 111 0 -97 97 0
222 111 0 -96 96 0
222 111 -111 -95 95 190
222 111 0 -95 95 0
222 111 0 -94 94 0
222 111 0 -93 93 0
222 111 0 -92 92 0
222 111 -111 -91 91 182
222 111 0 -91 91 0
222 111 0 -90 90 0
222 111 0 -89 89 0
222 111 0 -88 88 0
222 111 -111 -87 87 174
222 111 0 -87 87 0
222 111 0 -86 86 0
222 111 0 -85 85 0
222 111 0 -84 84 0
222 111 -111 -83 83 166
222 111 0 -83 83 0
222 111 0 -82 82 0
222 111 0 -81 81 0
222 111 0 -80 80 0
222 111 -111 -79 79 158
222 111 0 -79 79 0
222 111 0 -78 78 0
222 111 0 -77 77 0
222 111 0 -76 76 0
222 111 -111 -75 75 150
222 111 0 -75 75 0
222 111 0 -74 74 0
222 111 0 -73 73 0
222 111 0 -72 72 0
222 111 -111 -71 71 142
222 111 0 -71 71 0
222 111 0 -70 70 0
222 111 0 -69 69 0
222 111 0 -68 68 0
222 111 -111 -67 67 134
222 111 0 -67 67 0
222 111 0 -66 66 0
222 111 0 -65 65 0
222 111 0 -64 64 0
222 111 -111 -63 63 126
222 111 0 -63 63 0
222 111 0 -62 62 0
222 111 0 -61 61 0
222 111 0 -60 60 0
222 111 -111 -59 59 118
222 111 0 -59 59 0
222 111 0 -58 58 0
222 111 0 -57 57 0
222 111 0 -56 56 0
222 111 -111 -55 55 110
222 111 0 -55 55 0
222 111 0 -54 54 0
222 111 0 -53 53 0
222 111 0 -52 52 0
222 111 -111 -51 51 102
222 111 0 -51 51 0
222 111 0 -50 50 0
222 111 0 -49 49 0
222 111 0 -48 48 0
222 111 -111 -47 47 94
222 111 0 -47 47 0
222 111 0 -46 46 0
222 111 0 -45 45 0
222 111 0 -44 44 0
222 111 -111 -43 43 86
222 111 0 -43 43 0
222 111 0 -42 42 0
222 111 0 -41 41 0
222 111 0 -40 40 0
222 111 -111 -39 39 78
222 111 0 -39 39 0
222 111 0 -38 38 0
222 111 0 -37 37 0
222 111 0 -36 36 0
222 111 -111 -35 35 70
222 111 0 -35 35 0
222 111 0 -34 34 0
222 111 0 -33 33 0
222 111 0 -32 32 0
222 111 -111 -31 31 62
222 111 0 -31 31 0
222 111 0 -30 30 0
222 111 0 -29 29 0
222 111 0 -28 28 0
222 111 -111 -27 27 54
222 111 0 -27 27 0
222 111 0 -26 26 0
222 111 0 -25 25 0
222 111 0 -24 24 0
222 111 -111 -23 23 46
222 111 0 -23 23 0
222 111 0 -22 22 0
222 111 0 -21 21 0
222 111 0 -20 20 0
222 111 -111 -19 19 38
222 111 0 -19 19 0
222 111 0 -18 18 0
222 111 0 -17 17 0
222 111 0 -16 16 0
222 111 -111 -15 15 30
222 111 0 -15 15 0
222 111 0 -14 14 0
222 111 0 -13 13 0
222 111 0 -12 12 0
222 111 -111 -11 11 22
222 111 0 -11 11 0
222 111 0 -10 10 0
222 111 0 -9 9 0
222 111 0 -8 8 0
222 111 -111 -7 7 14
222 111 0 -7 7 0
222 111 0 -6 6 0
222 111 0 -5 5 0
222 111 0 -4 4 0
222 111 -111 -3 3 6
222 111 0 -3 3 0
222 111 0 -2 2 0
222 111 0 -1 1 0
222 111 -111 1 -1 -2
222 111 0 1 -1 0
222 111 0 2 -2 0
222 111 0 3 -3 0
222 111 0 4 -4 0
222 111 -111 5 -5 -10
222 111 0 5 -5 0
222 111 0 6 -6 0
222 111 0 7 -7 0
222 111 0 8 -8 0
222 111 -111 9 -9 -18
222 111 0 9 -9 0
222 111 0 10 -10 0
222 111 0 11 -11 0
222 111 0 12 -12 0
222 111 -111 13 -13 -26
222 111 0 13 -13 0
222 111 0 14 -14 0
222 111 0 15 -15 0
222 111 0 16 -16 0
222 111 -111 17 -17 -34
222 111 0 17 -17 0
222 111 0 18 -18 0
222 111 0 19 -19 0
222 111 0 20 -20 0
222 111 -111 21 -21 -42
222 111 0 21 -21 0
222 111 0 22 -22 0
222 111 0 23 -23 0
222 111 0 24 -24 0
222 111 -111 25 -25 -50
222 111 0 25 -25 0
222 111 0 26 -26 0
222 111 0 27 -27 0
222 111 0 28 -28 0
222 111 -111 29 -29 -58
222 111 0 29 -29 0
222 111 0 30 -30 0
222 111 0 31 -31 0
222 111 0 32 -32 0
222 111 -111 33 -33 -66
222 111 0 33 -33 0
222 111 0 34 -34 0
222 111 0 35 -35 0
222 111 0 36 -36 0
222 111 -111 37 -37 -74
222 111 0 37 -37 0
222 111 0 38 -38 0
222 111 0 39 -39 0
222 111 0 40 -40 0
222 111 -111 41 -41 -82
222 111 0 41 -41 0
222 111 0 42 -42 0
222 111 0 43 -43 0
222 111 0 44 -44 0
222 111 -111 45 -45 -90
222 111 0 45 -45 0
222 111 0 46 -46 0
222 111 0 47 -47 0
222 111 0 48 -48 0
222 111 -111 49 -49 -98
222 111 0 49 -49 0
222 111 0 50 -50 0
222 111 0 51 -51 0
222 111 0 52 -52 0
222 111 -111 53 -53 -106
222 111 0 53 -53 0
222 111 0 54 -54 0
222 111 0 55 -55 0
222 111 0 56 -56 0
222 111 -111 57 -57 -114
222 111 0 57 -57 0
222 111 0 58 -58 0
222 111 0 59 -59 0
222 111 0 60 -60 0
222 111 -111 61 -61 -122
222 111 0 61 -61 0
222 111 0 62 -62 0
222 111 0 63 -63 0
222 111 0 64 -64 0
222 111 -111 65 -65 -130
222 111 0 65 -65 0
222 111 0 66 -66 0
222 111 0 67 -67 0
222 111 0 68 -68 0
222 111 -111 69 -69 -138
222 111 0 69 -69 0
222 111 0 70 -70 0
222 111 0 71 -71 0
222 111 0 72 -72 0
222 111 -111 73 -73 -146
222 111 0 73 -73 0
222 111 0 74 -74 0
222 111 0 75 -75 0
222 111 0 76 -76 0
222 111 -111 77 -77 -154
222 111 0 77 -77 0
222 111 0 78 -78 0
222 111 0 79 -79 0
222 111 0 80 -80 0
222 111 -111 81 -81 -162
222 111 0 81 -81 0
222 111 0 82 -82 0
222 111 0 83 -83 0
222 111 0 84 -84 0
222 111 -111 85 -85 -170
222 111 0 85 -85 0
222 111 0 86 -86 0
222 111 0 87 -87 0
222 111 0 88 -88 0
222 111 -111 89 -89 -178
222 111 0 89 -89 0
222 111 0 90 -90 0
222 111 0 91 -91 0
222 111 0 92 -92 0
222 111 -111 93 -93 -186
222 111 0 93 -93 0
222 111 0 94 -94 0
222 111 0 95 -95 0
222 111 0 96 -96 0
222 111 -111 97 -97 -194
222 111 0 97 -97 0
222 111 0 98 -98 0
222 111 0 99 -99 0
222 111 0 100 -100 0
222 111 -111 101 -101 -202
222 111 0 101 -101 0
222 111 0 102 -102 0
222 111 0 103 -103 0
222 111 0 104 -104 0
222 111 -111 105 -105 -210
222 111 0 105 -105 0
222 111 0 106 -106 0
222 111 0 107 -107 0
222 111 0 108 -108 0
222 111 -111 109 -109 -218
222 111 0 109 -109 0
222 111 0 110 -110 0
222 111 0 111 -111 0
222 111 0 112 -112 0
222 111 -111 113 -113 -226
222 111 0 113 -113 0
222 111 0 114 -114 0
222 111 0 115 -115 0
222 111 0 116 -116 0
222 111 -111 117 -117 -234
222 111 0 117 -117 0
222 111 0 118 -118 0
222 111 0 119 -119 0
222 111 0 120 -120 0
222 111 -111 121 -121 -242
222 111 0 121 -121 0
222 111 0 122 -122 0
222 111 0 123 -123 0
222 111 0 124 -124 0
222 111 -111 125 -125 -250
222 111 0 125 -125 0
222 111 0 126 -126 0
222 111 0 127 -127 0
222 111 0 128 -128 0
222 111 -111 129 -129 -258
222 111 0 129 -129 0
222 111 0 130 -130 0
222 111 0 131 -131 0
222 111 0 132 -132 0
222 111 -111 133 -133 -266
222 111 0 133 -133 0
222 111 0 134 -134 0
222 111 0 135 -135 0
222 111 0 136 -136 0
222 111 -111 137 -137 -274
222 111 0 137 -137 0
222 111 0 138 -138 0
222 111 0 139 -139 0
222 111 0 140 -140 0
222 111 -111 141 -141 -282
222 111 0 141 -141 0
222 111 0 142 -142 0
222 111 0 143 -143 0
222 111 0 144 -144 0
222 111 -111 145 -145 -290
222 111 0 145 -145 0
222 111 0 146 -146 0
222 111 0 147 -147 0
222 111 0 148 -148 0
222 111 -111 149 -149 -298
222 111 0 149 -149 0
222 111 0 150 -150 0
224 112 0 -150 150 0
224 112 0 -149 149 0
224 112 -112 -148 148 296
224 112 0 -148 148 0
224 112 0 -147 147 0
224 112 0 -146 146 0
224 112 0 -145 145 0
224 112 -112 -144 144 288
224 112 0 -144 144 0
224 112 0 -143 143 0
224 112 0 -142 142 0
224 112 0 -141 141 0
224 112 -112 -140 140 280
224 112 0 -140 140 0
224 112 0 -139 139 0
224 112 0 -138 138 0
224 112 0 -137 137 0
224 112 -112 -136 136 272
224 112 0 -136 136 0
224 112 0 -135 135 0
224 112 0 -134 134 0
224 112 0 -133 133 0
224 112 -112 -132 132 264
224 112 0 -132 132 0
224 112 0 -131 131 0
224 112 0 -130 130 0
224 112 0 -129 129 0
224 112 -112 -128 128 256
224 112 0 -128 128 0
224 112 0 -127 127 0
224 112 0 -126 126 0
224 112 0 -125 125 0
224 112 -112 -124 124 248
224 112 0 -124 124 0
224 112 0 -123 123 0
224 112 0 -122 122 0
224 112 0 -121 121 0
224 112 -112 -120 120 240
224 112 0 -120 120 0
224 112 0 -119 119 0
224 112 0 -118 118 0
224 112 0 -117 117 0
224 112 -112 -116 116 232
224 112 0 -116 116 0
224 112 0 -115 115 0
224 112 0 -114 114 0
224 112 0 -113 113 0
224 112 -112 -112 112 224
224 112 0 -112 112 0
224 112 0 -111 111 0
224 112 0 -110 110 0
224 112 0 -109 109 0
224 112 -112 -108 108 216
224 112 0 -108 108 0
224 112 0 -107 107 0
224 112 0 -106 106 0
224 112 0 -105 105 0
224 112 -112 -104 104 208
224 112 0 -104 104 0
224 112 0 -103 103 0
224 112 0 -102 102 0
224 112 0 -101 101 0
224 112 -112 -100 100 200
224 112 0 -100 100 0
224 112 0 -99 99 0
224 112 0 -98 98 0
224 112 0 -97 97 0
224 112 -112 -96 96 192
224 112 0 -96 96 0
224 112 0 -95 95 0
224 112 0 -94 94 0
224 112 0 -93 93 0
224 112 -112 -92 92 184
224 112 0 -92 92 0
224 112 0 -91 91 0
224 112 0 -90 90 0
224 112 0 -89 89 0
224 112 -112 -88 88 176
224 112 0 -88 88 0
224 112 0 -87 87 0
224 112 0 -86 86 0
224 112 0 -85 85 0
224 112 -112 -84 84 168
224 112 0 -84 84 0
224 112 0 -83 83 0
224 112 0 -82 82 0
224 112 0 -81 81 0
224 112 -112 -80 80 160
224 112 0 -80 80 0
224 112 0 -79 79 0
224 112 0 -78 78 0
224 112 0 -77 77 0
224 112 -112 -76 76 152
224 112 0 -76 76 0
224 112 0 -75 75 0
224 112 0 -74 74 0
224 112 0 -73 73 0
224 112 -112 -72 72 144
224 112 0 -72 72 0
224 112 0 -71 71 0
224 112 0 -70 70 0
224 112 0 -69 69 0
224 112 -112 -68 68 136
224 112 0 -68 68 0
224 112 0 -67 67 0
224 112 0 -66 66 0
224 112 0 -65 65 0
224 112 -112 -64 64 128
224 112 0 -64 64 0
224 112 0 -63 63 0
224 112 0 -62 62 0
224 112 0 -61 61 0
224 112 -112 -60 60 120
224 112 0 -60 60 0
224 112 0 -59 59 0
224 112 0 -58 58 0
224 112 0 -57 57 0
224 112 -112 -56 56 112
224 112 0 -56 56 0
224 112 0 -55 55 0
224 112 0 -54 54 0
224 112 0 -53 53 0
224 112 -112 -52 52 104
224 112 0 -52 52 0
224 112 0 -51 51 0
224 112 0 -50 50 0
224 112 0 -49 49 0
224 112 -112 -48 48 96
224 112 0 -48 48 0
224 112 0 -47 47 0
224 112 0 -46 46 0
224 112 0 -45 45 0
224 112 -112 -44 44 88
224 112 0 -44 44 0
224 112 0 -43 43 0
224 112 0 -42 42 0
224 112 0 -41 41 0
224 112 -112 -40 40 80
224 112 0 -40 40 0
224 112 0 -39 39 0
224 112 0 -38 38 0
224 112 0 -37 37 0
224 112 -112 -36 36 72
224 112 0 -36 36 0
224 112 0 -35 35 0
224 112 0 -34 34 0
224 112 0 -33 33 0
224 112 -112 -32 32 64
224 112 0 -32 32 0
224 112 0 -31 31 0
224 112 0 -30 30 0
224 112 0 -29 29 0
224 112 -112 -28 28 56
224 112 0 -28 28 0
224 112 0 -27 27 0
224 112 0 -26 26 0
224 112 0 -25 25 0
224 112 -112 -24 24 48
224 112 0 -24 24 0
224 112 0 -23 23 0
224 112 0 -22 22 0
224 112 0 -21 21 0
224 112 -112 -20 20 40
224 112 0 -20 20 0
224 112 0 -19 19 0
224 112 0 -18 18 0
224 112 0 -17 17 0
224 112 -112 -16 16 32
224 112 0 -16 16 0
224 112 0 -15 15 0
224 112 0 -14 14 0
224 112 0 -13 13 0
224 112 -112 -12 12 24
224 112 0 -12 12 0
224 112 0 -11 11 0
224 112 0 -10 10 0
224 112 0 -9 9 0
224 112 -112 -8 8 16
224 112 0 -8 8 0
224 112 0 -7 7 0
224 112 0 -6 6 0
224 112 0 -5 5 0
224 112 -112 -4 4 8
224 112 0 -4 4 0
224 112 0 -3 3 0
224 112 0 -2 2 0
224 112 0 -1 1 0
224 112 0 1 -1 0
224 112 0 2 -2 0
224 112 0 3 -3 0
224 112 -112 4 -4 -8
224 112 0 4 -4 0
224 112 0 5 -5 0
224 112 0 6 -6 0
224 112 0 7 -7 0
224 112 -112 8 -8 -16
224 112 0 8 -8 0
224 112 0 9 -9 0
224 112 0 10 -10 0
224 112 0 11 -11 0
224 112 -112 12 -12 -24
224 112 0 12 -12 0
224 112 0 13 -13 0
224 112 0 14 -14 0
224 112 0 15 -15 0
224 112 -112 16 -16 -32
224 112 0 16 -16 0
224 112 0 17 -17 0
224 112 0 18 -18 0
224 112 0 19 -19 0
224 112 -112 20 -20 -40
224 112 0 20 -20 0
224 112 0 21 -21 0
224 112 0 22 -22 0
224 112 0 23 -23 0
224 112 -112 24 -24 -48
224 112 0 24 -24 0
224 112 0 25 -25 0
224 112 0 26 -26 0
224 112 0 27 -27 0
224 112 -112 28 -28 -56
224 112 0 28 -28 0
224 112 0 29 -29 0
224 112 0 30 -30 0
224 112 0 31 -31 0
224 112 -112 32 -32 -64
224 112 0 32 -32 0
224 112 0 33 -33 0
224 112 0 34 -34 0
224 112 0 35 -35 0
224 112 -112 36 -36 -72
224 112 0 36 -36 0
224 112 0 37 -37 0
224 112 0 38 -38 0
224 112 0 39 -39 0
224 112 -112 40 -40 -80
224 112 0 40 -40 0
224 112 0 41 -41 0
224 112 0 42 -42 0
224 112 0 43 -43 0
224 112 -112 44 -44 -88
224 112 0 44 -44 0
224 112 0 45 -45 0
224 112 0 46 -46 0
224 112 0 47 -47 0
224 112 -112 48 -48 -96
224 112 0 48 -48 0
224 112 0 49 -49 0
224 112 0 50 -50 0
224 112 0 51 -51 0
224 112 -112 52 -52 -104
224 112 0 52 -52 0
224 112 0 53 -53 0
224 112 0 54 -54 0
224 112 0 55 -55 0
224 112 -112 56 -56 -112
224 112 0 56 -56 0
224 112 0 57 -57 0
224 112 0 58 -58 0
224 112 0 59 -59 0
224 112 -112 60 -60 -120
224 112 0 60 -60 0
224 112 0 61 -61 0
224 112 0 62 -62 0
224 112 0 63 -63 0
224 112 -112 64 -64 -128
224 112 0 64 -64 0
224 112 0 65 -65 0
224 112 0 66 -66 0
224 112 0 67 -67 0
224 112 -112 68 -68 -136
224 112 0 68 -68 0
224 112 0 69 -69 0
224 112 0 70 -70 0
224 112 0 71 -71 0
224 112 -112 72 -72 -144
224 112 0 72 -72 0
224 112 0 73 -73 0
224 112 0 74 -74 0
224 112 0 75 -75 0
224 112 -112 76 -76 -152
224 112 0 76 -76 0
224 112 0 77 -77 0
224 112 0 78 -78 0
224 112 0 79 -79 0
224 112 -112 80 -80 -160
224 112 0 80 -80 0
224 112 0 81 -81 0
224 112 0 82 -82 0
224 112 0 83 -83 0
224 112 -112 84 -84 -168
224 112 0 84 -84 0
224 112 0 85 -85 0
224 112 0 86 -86 0
224 112 0 87 -87 0
224 112 -112 88 -88 -176
224 112 0 88 -88 0
224 112 0 89 -89 0
224 112 0 90 -90 0
224 112 0 91 -91 0
224 112 -112 92 -92 -184
224 112 0 92 -92 0
224 112 0 93 -93 0
224 112 0 94 -94 0
224 112 0 95 -95 0
224 112 -112 96 -96 -192
224 112 0 96 -96 0
224 112 0 97 -97 0
224 112 0 98 -98 0
224 112 0 99 -99 0
224 112 -112 100 -100 -200
224 112 0 100 -100 0
224 112 0 101 -101 0
224 112 0 102 -102 0
224 112 0 103 -103 0
224 112 -112 104 -104 -208
224 112 0 104 -104 0
224 112 0 105 -105 0
224 112 0 106 -106 0
224 112 0 107 -107 0
224 112 -112 108 -108 -216
224 112 0 108 -108 0
224 112 0 109 -109 0
224 112 0 110 -110 0
224 112 0 111 -111 0
224 112 -112 112 -112 -224
224 112 0 112 -112 0
224 112 0 113 -113 0
224 112 0 114 -114 0
224 112 0 115 -115 0
224 112 -112 116 -116 -232
224 112 0 116 -116 0
224 112 0 117 -117 0
224 112 0 118 -118 0
224 112 0 119 -119 0
224 112 -112 120 -120 -240
224 112 0 120 -120 0
224 112 0 121 -121 0
224 112 0 122 -122 0
224 112 0 123 -123 0
224 112 -112 124 -124 -248
224 112 0 124 -124 0
224 112 0 125 -125 0
224 112 0 126 -126 0
224 112 0 127 -127 0
224 112 -112 128 -128 -256
224 112 0 128 -128 0
224 112 0 129 -129 0
224 112 0 130 -130 0
224 112 0 131 -131 0
224 112 -112 132 -132 -264
224 112 0 132 -132 0
224 112 0 133 -133 0
224 112 0 134 -134 0
224 112 0 135 -135 0
224 112 -112 136 -136 -272
224 112 0 136 -136 0
224 112 0 137 -137 0
224 112 0 138 -138 0
224 112 0 139 -139 0
224 112 -112 140 -140 -280
224 112 0 140 -140 0
224 112 0 141 -141 0
224 112 0 142 -142 0
224 112 0 143 -143 0
224 112 -112 144 -144 -288
224 112 0 144 -144 0
224 112 0 145 -145 0
224 112 0 146 -146 0
224 112 0 147 -147 0
224 112 -112 148 -148 -296
224 112 0 148 -148 0
224 112 0 149 -149 0
224 112 0 150 -150 0
226 113 0 -150 150 0
226 113 0 -149 149 0
226 113 0 -148 148 0
226 113 -113 -147 147 294
226 113 0 -147 147 0
226 113 0 -146 146 0
226 113 0 -145 145 0
226 113 0 -144 144 0
226 113 -113 -143 143 286
226 113 0 -143 143 0
226 113 0 -142 142 0
226 113 0 -141 141 0
226 113 0 -140 140 0
226 113 -113 -139 139 278
226 113 0 -139 139 0
226 113 0 -138 138 0
226 113 0 -137 137 0
226 113 0 -136 136 0
226 113 -113 -135 135 270
226 113 0 -135 135 0
226 113 0 -134 134 0
226 113 0 -133 133 0
226 113 0 -132 132 0
226 113 -113 -131 131 262
226 113 0 -131 131 0
226 113 0 -130 130 0
226 113 0 -129 129 0
226 113 0 -128 128 0
226 113 -113 -127 127 254
226 113 0 -127 127 0
226 113 0 -126 126 0
226 113 0 -125 125 0
226 113 0 -124 124 0
226 113 -113 -123 123 246
226 113 0 -123 123 0
226 113 0 -122 122 0
226 113 0 -121 121 0
226 113 0 -120 120 0
226 113 -113 -119 119 238
226 113 0 -119 119 0
226 113 0 -118 118 0
226 113 0 -117 117 0
226 113 0 -116 116 0
226 113 -113 -115 115 230
226 113 0 -115 115 0
226 113 0 -114 114 0
226 113 0 -113 113 0
226 113 0 -112 112 0
226 113 -113 -111 111 222
226 113 0 -111 111 0
226 113 0 -110 110 0
226 113 0 -109 109 0
226 113 0 -108 108 0
226 113 -113 -107 107 214
226 113 0 -107 107 0
226 113 0 -106 106 0
226 113 0 -105 105 0
226 113 0 -104 104 0
226 113 -113 -103 103 206
226 113 0 -103 103 0
226 113 0 -102 102 0
226 113 0 -101 101 0
226 113 0 -100 100 0
226 113 -113 -99 99 198
226 113 0 -99 99 0
226 113 0 -98 98 0
226 113 0 -97 97 0
226 113 0 -96 96 0
226 113 -113 -95 95 190
226 113 0 -95 95 0
226 113 0 -94 94 0
226 113 0 -93 93 0
226 113 0 -92 92 0
226 113 -113 -91 91 182
226 113 0 -91 91 0
226 113 0 -90 90 0
226 113 0 -89 89 0
226 113 0 -88 88 0
226 113 -113 -87 87 174
226 113 0 -87 87 0
226 113 0 -86 86 0
226 113 0 -85 85 0
226 113 0 -84 84 0
226 113 -113 -83 83 166
226 113 0 -83 83 0
226 113 0 -82 82 0
226 113 0 -81 81 0
226 113 0 -80 80 0
226 113 -113 -79 79 158
226 113 0 -79 79 0
226 113 0 -78 78 0
226 113 0 -77 77 0
226 113 0 -76 76 0
226 113 -113 -75 75 150
226 113 0 -75 75 0
226 113 0 -74 74 0
226 113 0 -73 73 0
226 113 0 -72 72 0
226 113 -113 -71 71 142
226 113 0 -71 71 0
226 113 0 -70 70 0
226 113 0 -69 69 0
226 113 0 -68 68 0
226 113 -113 -67 67 134
226 113 0 -67 67 0
226 113 0 -66 66 0
226 113 0 -65 65 0
226 113 0 -64 64 0
226 113 -113 -63 63 126
226 113 0 -63 63 0
226 113 0 -62 62 0
226 113 0 -61 61 0
226 113 0 -60 60 0
226 113 -113 -59 59 118
226 113 0 -59 59 0
226 113 0 -58 58 0
226 113 0 -57 57 0
226 113 0 -56 56 0
226 113 -113 -55 55 110
226 113 0 -55 55 0
226 113 0 -54 54 0
226 113 0 -53 53 0
226 113 0 -52 52 0
226 113 -113 -51 51 102
226 113 0 -51 51 0
226 113 0 -50 50 0
226 113 0 -49 49 0
226 113 0 -48 48 0
226 113 -113 -47 47 94
226 113 0 -47 47 0
226 113 0 -46 46 0
226 113 0 -45 45 0
226 113 0 -44 44 0
226 113 -113 -43 43 86
226 113 0 -43 43 0
226 113 0 -42 42 0
226 113 0 -41 41 0
226 113 0 -40 40 0
226 113 -113 -39 39 78
226 113 0 -39 39 0
226 113 0 -38 38 0
226 113 0 -37 37 0
226 113 0 -36 36 0
226 113 -113 -35 35 70
226 113 0 -35 35 0
226 113 0 -34 34 0
226 113 0 -33 33 0
226 113 0 -32 32 0
226 113 -113 -31 31 62
226 113 0 -31 31 0
226 113 0 -30 30 0
226 113 0 -29 29 0
226 113 0 -28 28 0
226 113 -113 -27 27 54
226 113 0 -27 27 0
226 113 0 -26 26 0
226 113 0 -25 25 0
226 113 0 -24 24 0
226 113 -113 -23 23 46
226 113 0 -23 23 0
226 113 0 -22 22 0
226 113 0 -21 21 0
226 113 0 -20 20 0
226 113 -113 -19 19 38
226 113 0 -19 19 0
226 113 0 -18 18 0
226 113 0 -17 17 0
226 113 0 -16 16 0
226 113 -113 -15 15 30
226 113 0 -15 15 0
226 113 0 -14 14 0
226 113 0 -13 13 0
226 113 0 -12 12 0
226 113 -113 -11 11 22
226 113 0 -11 11 0
226 113 0 -10 10 0
226 113 0 -9 9 0
226 113 0 -8 8 0
226 113 -113 -7 7 14
226 113 0 -7 7 0
226 113 0 -6 6 0
226 113 0 -5 5 0
226 113 0 -4 4 0
226 113 -113 -3 3 6
226 113 0 -3 3 0
226 113 0 -2 2 0
226 113 0 -1 1 0
226 113 -113 1 -1 -2
226 113 0 1 -1 0
226 113 0 2 -2 0
226 113 0 3 -3 0
226 113 0 4 -4 0
226 113 -113 5 -5 -10
226 113 0 5 -5 0
226 113 0 6 -6 0
226 113 0 7 -7 0
226 113 0 8 -8 0
226 113 -113 9 -9 -18
226 113 0 9 -9 0
226 113 0 10 -10 0
226 113 0 11 -11 0
226 113 0 12 -12 0
226 113 -113 13 -13 -26
226 113 0 13 -13 0
226 113 0 14 -14 0
226 113 0 15 -15 0
226 113 0 16 -16 0
226 113 -113 17 -17 -34
226 113 0 17 -17 0
226 113 0 18 -18 0
226 113 0 19 -19 0
226 113 0 20 -20 0
226 113 -113 21 -21 -42
226 113 0 21 -21 0
226 113 0 22 -22 0
226 113 0 23 -23 0
226 113 0 24 -24 0
226 113 -113 25 -25 -50
226 113 0 25 -25 0
226 113 0 26 -26 0
226 113 0 27 -27 0
226 113 0 28 -28 0
226 113 -113 29 -29 -58
226 113 0 29 -29 0
226 113 0 30 -30 0
226 113 0 31 -31 0
226 113 0 32 -32 0
226 113 -113 33 -33 -66
226 113 0 33 -33 0
226 113 0 34 -34 0
226 113 0 35 -35 0
226 113 0 36 -36 0
226 113 -113 37 -37 -74
226 113 0 37 -37 0
226 113 0 38 -38 0
226 113 0 39 -39 0
226 113 0 40 -40 0
226 113 -113 41 -41 -82
226 113 0 41 -41 0
226 113 0 42 -42 0
226 113 0 43 -43 0
226 113 0 44 -44 0
226 113 -113 45 -45 -90
226 113 0 45 -45 0
226 113 0 46 -46 0
226 113 0 47 -47 0
226 113 0 48 -48 0
226 113 -113 49 -49 -98
226 113 0 49 -49 0
226 113 0 50 -50 0
226 113 0 51 -51 0
226 113 0 52 -52 0
226 113 -113 53 -53 -106
226 113 0 53 -53 0
226 113 0 54 -54 0
226 113 0 55 -55 0
226 113 0 56 -56 0
226 113 -113 57 -57 -114
226 113 0 57 -57 0
226 113 0 58 -58 0
226 113 0 59 -59 0
226 113 0 60 -60 0
226 113 -113 61 -61 -122
226 113 0 61 -61 0
226 113 0 62 -62 0
226 113 0 63 -63 0
226 113 0 64 -64 0
226 113 -113 65 -65 -130
226 113 0 65 -65 0
226 113 0 66 -66 0
226 113 0 67 -67 0
226 113 0 68 -68 0
226 113 -113 69 -69 -138
226 113 0 69 -69 0
226 113 0 70 -70 0
226 113 0 71 -71 0
226 113 0 72 -72 0
226 113 -113 73 -73 -146
226 113 0 73 -73 0
226 113 0 74 -74 0
226 113 0 75 -75 0
226 113 0 76 -76 0
226 113 -113 77 -77 -154
226 113 0 77 -77 0
226 113 0 78 -78 0
226 113 0 79 -79 0
226 113 0 80 -80 0
226 113 -113 81 -81 -162
226 113 0 81 -81 0
226 113 0 82 -82 0
226 113 0 83 -83 0
226 113 0 84 -84 0
226 113 -113 85 -85 -170
226 113 0 85 -85 0
226 113 0 86 -86 0
226 113 0 87 -87 0
226 113 0 88 -88 0
226 113 -113 89 -89 -178
226 113 0 89 -89 0
226 113 0 90 -90 0
226 113 0 91 -91 0
226 113 0 92 -92 0
226 113 -113 93 -93 -186
226 113 0 93 -93 0
226 113 0 94 -94 0
226 113 0 95 -95 0
226 113 0 96 -96 0
226 113 -113 97 -97 -194
226 113 0 97 -97 0
226 113 0 98 -98 0
226 113 0 99 -99 0
226 113 0 100 -100 0
226 113 -113 101 -101 -202
226 113 0 101 -101 0
226 113 0 102 -102 0
226 113 0 103 -103 0
226 113 0 104 -104 0
226 113 -113 105 -105 -210
226 113 0 105 -105 0
226 113 0 106 -106 0
226 113 0 107 -107 0
226 113 0 108 -108 0
226 113 -113 109 -109 -218
226 113 0 109 -109 0
226 113 0 110 -110 0
226 113 0 111 -111 0
226 113 0 112 -112 0
226 113 -113 113 -113 -226
226 113 0 113 -113 0
226 113 0 114 -114 0
226 113 0 115 -115 0
226 113 0 116 -116 0
226 113 -113 117 -117 -234
226 113 0 117 -117 0
226 113 0 118 -118 0
226 113 0 119 -119 0
226 113 0 120 -120 0
226 113 -113 121 -121 -242
226 113 0 121 -121 0
226 113 0 122 -122 0
226 113 0 123 -123 0
226 113 0 124 -124 0
226 113 -113 125 -125 -250
226 113 0 125 -125 0
226 113 0 126 -126 0
226 113 0 127 -127 0
226 113 0 128 -128 0
226 113 -113 129 -129 -258
226 113 0 129 -129 0
226 113 0 130 -130 0
226 113 0 131 -131 0
226 113 0 132 -132 0
226 113 -113 133 -133 -266
226 113 0 133 -133 0
226 113 0 134 -134 0
226 113 0 135 -135 0
226 113 0 136 -136 0
226 113 -113 137 -137 -274
226 113 0 137 -137 0
226 113 0 138 -138 0
226 113 0 139 -139 0
226 113 0 140 -140 0
226 113 -113 141 -141 -282
226 113 0 141 -141 0
226 113 0 142 -142 0
226 113 0 143 -143 0
226 113 0 144 -144 0
226 113 -113 145 -145 -290
226 113 0 145 -145 0
226 113 0 146 -146 0
226 113 0 147 -147 0
226 113 0 148 -148 0
226 113 -113 149 -149 -298
226 113 0 149 -149 0
226 113 0 150 -150 0
228 114 0 -150 150 0
228 114 0 -149 149 0
228 114 -114 -148 148 296
228 114 0 -148 148 0
228 114 0 -147 147 0
228 114 0 -146 146 0
228 114 0 -145 145 0
228 114 -114 -144 144 288
228 114 0 -144 144 0
228 114 0 -143 143 0
228 114 0 -142 142 0
228 114 0 -141 141 0
228 114 -114 -140 140 280
228 114 0 -140 140 0
228 114 0 -139 139 0
228 114 0 -138 138 0
228 114 0 -137 137 0
228 114 -114 -136 136 272
228 114 0 -136 136 0
228 114 0 -135 135 0
228 114 0 -134 134 0
228 114 0 -133 133 0
228 114 -114 -132 132 264
228 114 0 -132 132 0
228 114 0 -131 131 0
228 114 0 -130 130 0
228 114 0 -129 129 0
228 114 -114 -128 128 256
228 114 0 -128 128 0
228 114 0 -127 127 0
228 114 0 -126 126 0
228 114 0 -125 125 0
228 114 -114 -124 124 248
228 114 0 -124 124 0
228 114 0 -123 123 0
228 114 0 -122 122 0
228 114 0 -121 121 0
228 114 -114 -120 120 240
228 114 0 -120 120 0
228 114 0 -119 119 0
228 114 0 -118 118 0
228 114 0 -117 117 0
228 114 -114 -116 116 232
228 114 0 -116 116 0
228 114 0 -115 115 0
228 114 0 -114 114 0
228 114 0 -113 113 0
228 114 -114 -112 112 224
228 114 0 -112 112 0
228 114 0 -111 111 0
228 114 0 -110 110 0
228 114 0 -109 109 0
228 114 -114 -108 108 216
228 114 0 -108 108 0
228 114 0 -107 107 0
228 114 0 -106 106 0
228 114 0 -105 105 0
228 114 -114 -104 104 208
228 114 0 -104 104 0
228 114 0 -103 103 0
228 114 0 -102 102 0
228 114 0 -101 101 0
228 114 -114 -100 100 200
228 114 0 -100 100 0
228 114 0 -99 99 0
228 114 0 -98 98 0
228 114 0 -97 97 0
228 114 -114 -96 96 192
228 114 0 -96 96 0
228 114 0 -95 95 0
228 114 0 -94 94 0
228 114 0 -93 93 0
228 114 -114 -92 92 184
228 114 0 -92 92 0
228 114 0 -91 91 0
228 114 0 -90 90 0
228 114 0 -89 89 0
228 114 -114 -88 88 176
228 114 0 -88 88 0
228 114 0 -87 87 0
228 114 0 -86 86 0
228 114 0 -85 85 0
228 114 -114 -84 84 168
228 114 0 -84 84 0
228 114 0 -83 83 0
228 114 0 -82 82 0
228 114 0 -81 81 0
228 114 -114 -80 80 160
228 114 0 -80 80 0
228 114 0 -79 79 0
228 114 0 -78 78 0
228 114 0 -77 77 0
228 114 -114 -76 76 152
228 114 0 -76 76 0
228 114 0 -75 75 0
228 114 0 -74 74 0
228 114 0 -73 73 0
228 114 -114 -72 72 144
228 114 0 -72 72 0
228 114 0 -71 71 0
228 114 0 -70 70 0
228 114 0 -69 69 0
228 114 -114 -68 68 136
228 114 0 -68 68 0
228 114 0 -67 67 0
228 114 0 -66 66 0
228 114 0 -65 65 0
228 114 -114 -64 64 128
228 114 0 -64 64 0
228 114 0 -63 63 0
228 114 0 -62 62 0
228 114 0 -61 61 0
228 114 -114 -60 60 120
228 114 0 -60 60 0
228 114 0 -59 59 0
228 114 0 -58 58 0
228 114 0 -57 57 0
228 114 -114 -56 56 112
228 114 0 -56 56 0
228 114 0 -55 55 0
228 114 0 -54 54 0
228 114 0 -53 53 0
228 114 -114 -52 52 104
228 114 0 -52 52 0
228 114 0 -51 51 0
228 114 0 -50 50 0
228 114 0 -49 49 0
228 114 -114 -48 48 96
228 114 0 -48 48 0
228 114 0 -47 47 0
228 114 0 -46 46 0
228 114 0 -45 45 0
228 114 -114 -44 44 88
228 114 0 -44 44 0
228 114 0 -43 43 0
228 114 0 -42 42 0
228 114 0 -41 41 0
228 114 -114 -40 40 80
228 114 0 -40 40 0
228 114 0 -39 39 0
228 114 0 -38 38 0
228 114 0 -37 37 0
228 114 -114 -36 36 72
228 114 0 -36 36 0
228 114 0 -35 35 0
228 114 0 -34 34 0
228 114 0 -33 33 0
228 114 -114 -32 32 64
228 114 0 -32 32 0
228 114 0 -31 31 0
228 114 0 -30 30 0
228 114 0 -29 29 0
228 114 -114 -28 28 56
228 114 0 -28 28 0
228 114 0 -27 27 0
228 114 0 -26 26 0
228 114 0 -25 25 0
228 114 -114 -24 24 48
228 114 0 -24 24 0
228 114 0 -23 23 0
228 114 0 -22 22 0
228 114 0 -21 21 0
228 114 -114 -20 20 40
228 114 0 -20 20 0
228 114 0 -19 19 0
228 114 0 -18 18 0
228 114 0 -17 17 0
228 114 -114 -16 16 32
228 114 0 -16 16 0
228 114 0 -15 15 0
228 114 0 -14 14 0
228 114 0 -13 13 0
228 114 -114 -12 12 24
228 114 0 -12 12 0
228 114 0 -11 11 0
228 114 0 -10 10 0
228 114 0 -9 9 0
228 114 -114 -8 8 16
228 114 0 -8 8 0
228 114 0 -7 7 0
228 114 0 -6 6 0
228 114 0 -5 5 0
228 114 -114 -4 4 8
228 114 0 -4 4 0
228 114 0 -3 3 0
228 114 0 -2 2 0
228 114 0 -1 1 0
228 114 0 1 -1 0
228 114 0 2 -2 0
228 114 0 3 -3 0
228 114 -114 4 -4 -8
228 114 0 4 -4 0
228 114 0 5 -5 0
228 114 0 6 -6 0
228 114 0 7 -7 0
228 114 -114 8 -8 -16
228 114 0 8 -8 0
228 114 0 9 -9 0
228 114 0 10 -10 0
228 114 0 11 -11 0
228 114 -114 12 -12 -24
228 114 0 12 -12 0
228 114 0 13 -13 0
228 114 0 14 -14 0
228 114 0 15 -15 0
228 114 -114 16 -16 -32
228 114 0 16 -16 0
228 114 0 17 -17 0
228 114 0 18 -18 0
228 114 0 19 -19 0
228 114 -114 20 -20 -40
228 114 0 20 -20 0
228 114 0 21 -21 0
228 114 0 22 -22 0
228 114 0 23 -23 0
228 114 -114 24 -24 -48
228 114 0 24 -24 0
228 114 0 25 -25 0
228 114 0 26 -26 0
228 114 0 27 -27 0
228 114 -114 28 -28 -56
228 114 0 28 -28 0
228 114 0 29 -29 0
228 114 0 30 -30 0
228 114 0 31 -31 0
228 114 -114 32 -32 -64
228 114 0 32 -32 0
228 114 0 33 -33 0
228 114 0 34 -34 0
228 114 0 35 -35 0
228 114 -114 36 -36 -72
228 114 0 36 -36 0
228 114 0 37 -37 0
228 114 0 38 -38 0
228 114 0 39 -39 0
228 114 -114 40 -40 -80
228 114 0 40 -40 0
228 114 0 41 -41 0
228 114 0 42 -42 0
228 114 0 43 -43 0
228 114 -114 44 -44 -88
228 114 0 44 -44 0
228 114 0 45 -45 0
228 114 0 46 -46 0
228 114 0 47 -47 0
228 114 -114 48 -48 -96
228 114 0 48 -48 0
228 114 0 49 -49 0
228 114 0 50 -50 0
228 114 0 51 -51 0
228 114 -114 52 -52 -104
228 114 0 52 -52 0
228 114 0 53 -53 0
228 114 0 54 -54 0
228 114 0 55 -55 0
228 114 -114 56 -56 -112
228 114 0 56 -56 0
228 114 0 57 -57 0
228 114 0 58 -58 0
228 114 0 59 -59 0
228 114 -114 60 -60 -120
228 114 0 60 -60 0
228 114 0 61 -61 0
228 114 0 62 -62 0
228 114 0 63 -63 0
228 114 -114 64 -64 -128
228 114 0 64 -64 0
228 114 0 65 -65 0
228 114 0 66 -66 0
228 114 0 67 -67 0
228 114 -114 68 -68 -136
228 114 0 68 -68 0
228 114 0 69 -69 0
228 114 0 70 -70 0
228 114 0 71 -71 0
228 114 -114 72 -72 -144
228 114 0 72 -72 0
228 114 0 73 -73 0
228 114 0 74 -74 0
228 114 0 75 -75 0
228 114 -114 76 -76 -152
228 114 0 76 -76 0
228 114 0 77 -77 0
228 114 0 78 -78 0
228 114 0 79 -79 0
228 114 -114 80 -80 -160
228 114 0 80 -80 0
228 114 0 81 -81 0
228 114 0 82 -82 0
228 114 0 83 -83 0
228 114 -114 84 -84 -168
228 114 0 84 -84 0
228 114 0 85 -85 0
228 114 0 86 -86 0
228 114 0 87 -87 0
228 114 -114 88 -88 -176
228 114 0 88 -88 0
228 114 0 89 -89 0
228 114 0 90 -90 0
228 114 0 91 -91 0
228 114 -114 92 -92 -184
228 114 0 92 -92 0
228 114 0 93 -93 0
228 114 0 94 -94 0
228 114 0 95 -95 0
228 114 -114 96 -96 -192
228 114 0 96 -96 0
228 114 0 97 -97 0
228 114 0 98 -98 0
228 114 0 99 -99 0
228 114 -114 100 -100 -200
228 114 0 100 -100 0
228 114 0 101 -101 0
228 114 0 102 -102 0
228 114 0 103 -103 0
228 114 -114 104 -104 -208
228 114 0 104 -104 0
228 114 0 105 -105 0
228 114 0 106 -106 0
228 114 0 107 -107 0
228 114 -114 108 -108 -216
228 114 0 108 -108 0
228 114 0 109 -109 0
228 114 0 110 -110 0
228 114 0 111 -111 0
228 114 -114 112 -112 -224
228 114 0 112 -112 0
228 114 0 113 -113 0
228 114 0 114 -114 0
228 114 0 115 -115 0
228 114 -114 116 -116 -232
228 114 0 116 -116 0
228 114 0 117 -117 0
228 114 0 118 -118 0
228 114 0 119 -119 0
228 114 -114 120 -120 -240
228 114 0 120 -120 0
228 114 0 121 -121 0
228 114 0 122 -122 0
228 114 0 123 -123 0
228 114 -114 124 -124 -248
228 114 0 124 -124 0
228 114 0 125 -125 0
228 114 0 126 -126 0
228 114 0 127 -127 0
228 114 -114 128 -128 -256
228 114 0 128 -128 0
228 114 0 129 -129 0
228 114 0 130 -130 0
228 114 0 131 -131 0
228 114 -114 132 -132 -264
228 114 0 132 -132 0
228 114 0 133 -133 0
228 114 0 134 -134 0
228 114 0 135 -135 0
228 114 -114 136 -136 -272
228 114 0 136 -136 0
228 114 0 137 -137 0
228 114 0 138 -138 0
228 114 0 139 -139 0
228 114 -114 140 -140 -280
228 114 0 140 -140 0
228 114 0 141 -141 0
228 114 0 142 -142 0
228 114 0 143 -143 0
228 114 -114 144 -144 -288
228 114 0 144 -144 0
228 114 0 145 -145 0
228 114 0 146 -146 0
228 114 0 147 -147 0
228 114 -114 148 -148 -296
228 114 0 148 -148 0
228 114 0 149 -149 0
228 114 0 150 -150 0
230 115 0 -150 150 0
230 115 0 -149 149 0
230 115 0 -148 148 0
230 115 -115 -147 147 294
230 115 0 -147 147 0
230 115 0 -146 146 0
230 115 0 -145 145 0
230 115 0 -144 144 0
230 115 -115 -143 143 286
230 115 0 -143 143 0
230 115 0 -142 142 0
230 115 0 -141 141 0
230 115 0 -140 140 0
230 115 -115 -139 139 278
230 115 0 -139 139 0
230 115 0 -138 138 0
230 115 0 -137 137 0
230 115 0 -136 136 0
230 115 -115 -135 135 270
230 115 0 -135 135 0
230 115 0 -134 134 0
230 115 0 -133 133 0
230 115 0 -132 132 0
230 115 -115 -131 131 262
230 115 0 -131 131 0
230 115 0 -130 130 0
230 115 0 -129 129 0
230 115 0 -128 128 0
230 115 -115 -127 127 254
230 115 0 -127 127 0
230 115 0 -126 126 0
230 115 0 -125 125 0
230 115 0 -124 124 0
230 115 -115 -123 123 246
230 115 0 -123 123 0
230 115 0 -122 122 0
230 115 0 -121 121 0
230 115 0 -120 120 0
230 115 -115 -119 119 238
230 115 0 -119 119 0
230 115 0 -118 118 0
230 115 0 -117 117 0
230 115 0 -116 116 0
230 115 -115 -115 115 230
230 115 0 -115 115 0
230 115 0 -114 114 0
230 115 0 -113 113 0
230 115 0 -112 112 0
230 115 -115 -111 111 222
230 115 0 -111 111 0
230 115 0 -110 110 0
230 115 0 -109 109 0
230 115 0 -108 108 0
230 115 -115 -107 107 214
230 115 0 -107 107 0
230 115 0 -106 106 0
230 115 0 -105 105 0
230 115 0 -104 104 0
230 115 -115 -103 103 206
230 115 0 -103 103 0
230 115 0 -102 102 0
230 115 0 -101 101 0
230 115 0 -100 100 0
230 115 -115 -99 99 198
230 115 0 -99 99 0
230 115 0 -98 98 0
230 115 0 -97 97 0
230 115 0 -96 96 0
230 115 -115 -95 95 190
230 115 0 -95 95 0
230 115 0 -94 94 0
230 115 0 -93 93 0
230 115 0 -92 92 0
230 115 -115 -91 91 182
230 115 0 -91 91 0
230 115 0 -90 90 0
230 115 0 -89 89 0
230 115 0 -88 88 0
230 115 -115 -87 87 174
230 115 0 -87 87 0
230 115 0 -86 86 0
230 115 0 -85 85 0
230 115 0 -84 84 0
230 115 -115 -83 83 166
230 115 0 -83 83 0
230 115 0 -82 82 0
230 115 0 -81 81 0
230 115 0 -80 80 0
230 115 -115 -79 79 158
230 115 0 -79 79 0
230 115 0 -78 78 0
230 115 0 -77 77 0
230 115 0 -76 76 0
230 115 -115 -75 75 150
230 115 0 -75 75 0
230 115 0 -74 74 0
230 115 0 -73 73 0
230 115 0 -72 72 0
230 115 -115 -71 71 142
230 115 0 -71 71 0
230 115 0 -70 70 0
230 115 0 -69 69 0
230 115 0 -68 68 0
230 115 -115 -67 67 134
230 115 0 -67 67 0
230 115 0 -66 66 0
230 115 0 -65 65 0
230 115 0 -64 64 0
230 115 -115 -63 63 126
230 115 0 -63 63 0
230 115 0 -62 62 0
230 115 0 -61 61 0
230 115 0 -60 60 0
230 115 -115 -59 59 118
230 115 0 -59 59 0
230 115 0 -58 58 0
230 115 0 -57 57 0
230 115 0 -56 56 0
230 115 -115 -55 55 110
230 115 0 -55 55 0
230 115 0 -54 54 0
230 115 0 -53 53 0
230 115 0 -52 52 0
230 115 -115 -51 51 102
230 115 0 -51 51 0
230 115 0 -50 50 0
230 115 0 -49 49 0
230 115 0 -48 48 0
230 115 -115 -47 47 94
230 115 0 -47 47 0
230 115 0 -46 46 0
230 115 0 -45 45 0
230 115 0 -44 44 0
230 115 -115 -43 43 86
230 115 0 -43 43 0
230 115 0 -42 42 0
230 115 0 -41 41 0
230 115 0 -40 40 0
230 115 -115 -39 39 78
230 115 0 -39 39 0
230 115 0 -38 38 0
230 115 0 -37 37 0
230 115 0 -36 36 0
230 115 -115 -35 35 70
230 115 0 -35 35 0
230 115 0 -34 34 0
230 115 0 -33 33 0
230 115 0 -32 32 0
230 115 -115 -31 31 62
230 115 0 -31 31 0
230 115 0 -30 30 0
230 115 0 -29 29 0
230 115 0 -28 28 0
230 115 -115 -27 27 54
230 115 0 -27 27 0
230 115 0 -26 26 0
230 115 0 -25 25 0
230 115 0 -24 24 0
230 115 -115 -23 23 46
230 115 0 -23 23 0
230 115 0 -22 22 0
230 115 0 -21 21 0
230 115 0 -20 20 0
230 115 -115 -19 19 38
230 115 0 -19 19 0
230 115 0 -18 18 0
230 115 0 -17 17 0
230 115 0 -16 16 0
230 115 -115 -15 15 30
230 115 0 -15 15 0
230 115 0 -14 14 0
230 115 0 -13 13 0
230 115 0 -12 12 0
230 115 -115 -11 11 22
230 115 0 -11 11 0
230 115 0 -10 10 0
230 115 0 -9 9 0
230 115 0 -8 8 0
230 115 -115 -7 7 14
230 115 0 -7 7 0
230 115 0 -6 6 0
230 115 0 -5 5 0
230 115 0 -4 4 0
230 115 -115 -3 3 6
230 115 0 -3 3 0
230 115 0 -2 2 0
230 115 0 -1 1 0
230 115 -115 1 -1 -2
230 115 0 1 -1 0
230 115 0 2 -2 0
230 115 0 3 -3 0
230 115 0 4 -4 0
230 115 -115 5 -5 -10
230 115 0 5 -5 0
230 115 0 6 -6 0
230 115 0 7 -7 0
230 115 0 8 -8 0
230 115 -115 9 -9 -18
230 115 0 9 -9 0
230 115 0 10 -10 0
230 115 0 11 -11 0
230 115 0 12 -12 0
230 115 -115 13 -13 -26
230 115 0 13 -13 0
230 115 0 14 -14 0
230 115 0 15 -15 0
230 115 0 16 -16 0
230 115 -115 17 -17 -34
230 115 0 17 -17 0
230 115 0 18 -18 0
230 115 0 19 -19 0
230 115 0 20 -20 0
230 115 -115 21 -21 -42
230 115 0 21 -21 0
230 115 0 22 -22 0
230 115 0 23 -23 0
230 115 0 24 -24 0
230 115 -115 25 -25 -50
230 115 0 25 -25 0
230 115 0 26 -26 0
230 115 0 27 -27 0
230 115 0 28 -28 0
230 115 -115 29 -29 -58
230 115 0 29 -29 0
230 115 0 30 -30 0
230 115 0 31 -31 0
230 115 0 32 -32 0
230 115 -115 33 -33 -66
230 115 0 33 -33 0
230 115 0 34 -34 0
230 115 0 35 -35 0
230 115 0 36 -36 0
230 115 -115 37 -37 -74
230 115 0 37 -37 0
230 115 0 38 -38 0
230 115 0 39 -39 0
230 115 0 40 -40 0
230 115 -115 41 -41 -82
230 115 0 41 -41 0
230 115 0 42 -42 0
230 115 0 43 -43 0
230 115 0 44 -44 0
230 115 -115 45 -45 -90
230 115 0 45 -45 0
230 115 0 46 -46 0
230 115 0 47 -47 0
230 115 0 48 -48 0
230 115 -115 49 -49 -98
230 115 0 49 -49 0
230 115 0 50 -50 0
230 115 0 51 -51 0
230 115 0 52 -52 0
230 115 -115 53 -53 -106
230 115 0 53 -53 0
230 115 0 54 -54 0
230 115 0 55 -55 0
230 115 0 56 -56 0
230 115 -115 57 -57 -114
230 115 0 57 -57 0
230 115 0 58 -58 0
230 115 0 59 -59 0
230 115 0 60 -60 0
230 115 -115 61 -61 -122
230 115 0 61 -61 0
230 115 0 62 -62 0
230 115 0 63 -63 0
230 115 0 64 -64 0
230 115 -115 65 -65 -130
230 115 0 65 -65 0
230 115 0 66 -66 0
230 115 0 67 -67 0
230 115 0 68 -68 0
230 115 -115 69 -69 -138
230 115 0 69 -69 0
230 115 0 70 -70 0
230 115 0 71 -71 0
230 115 0 72 -72 0
230 115 -115 73 -73 -146
230 115 0 73 -73 0
230 115 0 74 -74 0
230 115 0 75 -75 0
230 115 0 76 -76 0
230 115 -115 77 -77 -154
230 115 0 77 -77 0
230 115 0 78 -78 0
230 115 0 79 -79 0
230 115 0 80 -80 0
230 115 -115 81 -81 -162
230 115 0 81 -81 0
230 115 0 82 -82 0
230 115 0 83 -83 0
230 115 0 84 -84 0
230 115 -115 85 -85 -170
230 115 0 85 -85 0
230 115 0 86 -86 0
230 115 0 87 -87 0
230 115 0 88 -88 0
230 115 -115 89 -89 -178
230 115 0 89 -89 0
230 115 0 90 -90 0
230 115 0 91 -91 0
230 115 0 92 -92 0
230 115 -115 93 -93 -186
230 115 0 93 -93 0
230 115 0 94 -94 0
230 115 0 95 -95 0
230 115 0 96 -96 0
230 115 -115 97 -97 -194
230 115 0 97 -97 0
230 115 0 98 -98 0
230 115 0 99 -99 0
230 115 0 100 -100 0
230 115 -115 101 -101 -202
230 115 0 101 -101 0
230 115 0 102 -102 0
230 115 0 103 -103 0
230 115 0 104 -104 0
230 115 -115 105 -105 -210
230 115 0 105 -105 0
230 115 0 106 -106 0
230 115 0 107 -107 0
230 115 0 108 -108 0
230 115 -115 109 -109 -218
230 115 0 109 -109 0
230 115 0 110 -110 0
230 115 0 111 -111 0
230 115 0 112 -112 0
230 115 -115 113 -113 -226
230 115 0 113 -113 0
230 115 0 114 -114 0
230 115 0 115 -115 0
230 115 0 116 -116 0
230 115 -115 117 -117 -234
230 115 0 117 -117 0
230 115 0 118 -118 0
230 115 0 119 -119 0
230 115 0 120 -120 0
230 115 -115 121 -121 -242
230 115 0 121 -121 0
230 115 0 122 -122 0
230 115 0 123 -123 0
230 115 0 124 -124 0
230 115 -115 125 -125 -250
230 115 0 125 -125 0
230 115 0 126 -126 0
230 115 0 127 -127 0
230 115 0 128 -128 0
230 115 -115 129 -129 -258
230 115 0 129 -129 0
230 115 0 130 -130 0
230 115 0 131 -131 0
230 115 0 132 -132 0
230 115 -115 133 -133 -266
230 115 0 133 -133 0
230 115 0 134 -134 0
230 115 0 135 -135 0
230 115 0 136 -136 0
230 115 -115 137 -137 -274
230 115 0 137 -137 0
230 115 0 138 -138 0
230 115 0 139 -139 0
230 115 0 140 -140 0
230 115 -115 141 -141 -282
230 115 0 141 -141 0
230 115 0 142 -142 0
230 115 0 143 -143 0
230 115 0 144 -144 0
230 115 -115 145 -145 -290
230 115 0 145 -145 0
230 115 0 146 -146 0
230 115 0 147 -147 0
230 115 0 148 -148 0
230 115 -115 149 -149 -298
230 115 0 149 -149 0
230 115 0 150 -150 0
232 116 0 -150 150 0
232 116 0 -149 149 0
232 116 -116 -148 148 296
232 116 0 -148 148 0
232 116 0 -147 147 0
232 116 0 -146 146 0
232 116 0 -145 145 0
232 116 -116 -144 144 288
232 116 0 -144 144 0
232 116 0 -143 143 0
232 116 0 -142 142 0
232 116 0 -141 141 0
232 116 -116 -140 140 280
232 116 0 -140 140 0
232 116 0 -139 139 0
232 116 0 -138 138 0
232 116 0 -137 137 0
232 116 -116 -136 136 272
232 116 0 -136 136 0
232 116 0 -135 135 0
232 116 0 -134 134 0
232 116 0 -133 133 0
232 116 -116 -132 132 264
232 116 0 -132 132 0
232 116 0 -131 131 0
232 116 0 -130 130 0
232 116 0 -129 129 0
232 116 -116 -128 128 256
232 116 0 -128 128 0
232 116 0 -127 127 0
232 116 0 -126 126 0
232 116 0 -125 125 0
232 116 -116 -124 124 248
232 116 0 -124 124 0
232 116 0 -123 123 0
232 116 0 -122 122 0
232 116 0 -121 121 0
232 116 -116 -120 120 240
232 116 0 -120 120 0
232 116 0 -119 119 0
232 116 0 -118 118 0
232 116 0 -117 117 0
232 116 -116 -116 116 232
232 116 0 -116 116 0
232 116 0 -115 115 0
232 116 0 -114 114 0
232 116 0 -113 113 0
232 116 -116 -112 112 224
232 116 0 -112 112 0
232 116 0 -111 111 0
232 116 0 -110 110 0
232 116 0 -109 109 0
232 116 -116 -108 108 216
232 116 0 -108 108 0
232 116 0 -107 107 0
232 116 0 -106 106 0
232 116 0 -105 105 0
232 116 -116 -104 104 208
232 116 0 -104 104 0
232 116 0 -103 103 0
232 116 0 -102 102 0
232 116 0 -101 101 0
232 116 -116 -100 100 200
232 116 0 -100 100 0
232 116 0 -99 99 0
232 116 0 -98 98 0
232 116 0 -97 97 0
232 116 -116 -96 96 192
232 116 0 -96 96 0
232 116 0 -95 95 0
232 116 0 -94 94 0
232 116 0 -93 93 0
232 116 -116 -92 92 184
232 116 0 -92 92 0
232 116 0 -91 91 0
232 116 0 -90 90 0
232 116 0 -89 89 0
232 116 -116 -88 88 176
232 116 0 -88 88 0
232 116 0 -87 87 0
232 116 0 -86 86 0
232 116 0 -85 85 0
232 116 -116 -84 84 168
232 116 0 -84 84 0
232 116 0 -83 83 0
232 116 0 -82 82 0
232 116 0 -81 81 0
232 116 -116 -80 80 160
232 116 0 -80 80 0
232 116 0 -79 79 0
232 116 0 -78 78 0
232 116 0 -77 77 0
232 116 -116 -76 76 152
232 116 0 -76 76 0
232 116 0 -75 75 0
232 116 0 -74 74 0
232 116 0 -73 73 0
232 116 -116 -72 72 144
232 116 0 -72 72 0
232 116 0 -71 71 0
232 116 0 -70 70 0
232 116 0 -69 69 0
232 116 -116 -68 68 136
232 116 0 -68 68 0
232 116 0 -67 67 0
232 116 0 -66 66 0
232 116 0 -65 65 0
232 116 -116 -64 64 128
232 116 0 -64 64 0
232 116 0 -63 63 0
232 116 0 -62 62 0
232 116 0 -61 61 0
232 116 -116 -60 60 120
232 116 0 -60 60 0
232 116 0 -59 59 0
232 116 0 -58 58 0
232 116 0 -57 57 0
232 116 -116 -56 56 112
232 116 0 -56 56 0
232 116 0 -55 55 0
232 116 0 -54 54 0
232 116 0 -53 53 0
232 116 -116 -52 52 104
232 116 0 -52 52 0
232 116 0 -51 51 0
232 116 0 -50 50 0
232 116 0 -49 49 0
232 116 -116 -48 48 96
232 116 0 -48 48 0
232 116 0 -47 47 0
232 116 0 -46 46 0
232 116 0 -45 45 0
232 116 -116 -44 44 88
232 116 0 -44 44 0
232 116 0 -43 43 0
232 116 0 -42 42 0
232 116 0 -41 41 0
232 116 -116 -40 40 80
232 116 0 -40 40 0
232 116 0 -39 39 0
232 116 0 -38 38 0
232 116 0 -37 37 0
232 116 -116 -36 36 72
232 116 0 -36 36 0
232 116 0 -35 35 0
232 116 0 -34 34 0
232 116 0 -33 33 0
232 116 -116 -32 32 64
232 116 0 -32 32 0
232 116 0 -31 31 0
232 116 0 -30 30 0
232 116 0 -29 29 0
232 116 -116 -28 28 56
232 116 0 -28 28 0
232 116 0 -27 27 0
232 116 0 -26 26 0
232 116 0 -25 25 0
232 116 -116 -24 24 48
232 116 0 -24 24 0
232 116 0 -23 23 0
232 116 0 -22 22 0
232 116 0 -21 21 0
232 116 -116 -20 20 40
232 116 0 -20 20 0
232 116 0 -19 19 0
232 116 0 -18 18 0
232 116 0 -17 17 0
232 116 -116 -16 16 32
232 116 0 -16 16 0
232 116 0 -15 15 0
232 116 0 -14 14 0
232 116 0 -13 13 0
232 116 -116 -12 12 24
232 116 0 -12 12 0
232 116 0 -11 11 0
232 116 0 -10 10 0
232 116 0 -9 9 0
232 116 -116 -8 8 16
232 116 0 -8 8 0
232 116 0 -7 7 0
232 116 0 -6 6 0
232 116 0 -5 5 0
232 116 -116 -4 4 8
232 116 0 -4 4 0
232 116 0 -3 3 0
232 116 0 -2 2 0
232 116 0 -1 1 0
232 116 0 1 -1 0
232 116 0 2 -2 0
232 116 0 3 -3 0
232 116 -116 4 -4 -8
232 116 0 4 -4 0
232 116 0 5 -5 0
232 116 0 6 -6 0
232 116 0 7 -7 0
232 116 -116 8 -8 -16
232 116 0 8 -8 0
232 116 0 9 -9 0
232 116 0 10 -10 0
232 116 0 11 -11 0
232 116 -116 12 -12 -24
232 116 0 12 -12 0
232 116 0 13 -13 0
232 116 0 14 -14 0
232 116 0 15 -15 0
232 116 -116 16 -16 -32
232 116 0 16 -16 0
232 116 0 17 -17 0
232 116 0 18 -18 0
232 116 0 19 -19 0
232 116 -116 20 -20 -40
232 116 0 20 -20 0
232 116 0 21 -21 0
232 116 0 22 -22 0
232 116 0 23 -23 0
232 116 -116 24 -24 -48
232 116 0 24 -24 0
232 116 0 25 -25 0
232 116 0 26 -26 0
232 116 0 27 -27 0
232 116 -116 28 -28 -56
232 116 0 28 -28 0
232 116 0 29 -29 0
232 116 0 30 -30 0
232 116 0 31 -31 0
232 116 -116 32 -32 -64
232 116 0 32 -32 0
232 116 0 33 -33 0
232 116 0 34 -34 0
232 116 0 35 -35 0
232 116 -116 36 -36 -72
232 116 0 36 -36 0
232 116 0 37 -37 0
232 116 0 38 -38 0
232 116 0 39 -39 0
232 116 -116 40 -40 -80
232 116 0 40 -40 0
232 116 0 41 -41 0
232 116 0 42 -42 0
232 116 0 43 -43 0
232 116 -116 44 -44 -88
232 116 0 44 -44 0
232 116 0 45 -45 0
232 116 0 46 -46 0
232 116 0 47 -47 0
232 116 -116 48 -48 -96
232 116 0 48 -48 0
232 116 0 49 -49 0
232 116 0 50 -50 0
232 116 0 51 -51 0
232 116 -116 52 -52 -104
232 116 0 52 -52 0
232 116 0 53 -53 0
232 116 0 54 -54 0
232 116 0 55 -55 0
232 116 -116 56 -56 -112
232 116 0 56 -56 0
232 116 0 57 -57 0
232 116 0 58 -58 0
232 116 0 59 -59 0
232 116 -116 60 -60 -120
232 116 0 60 -60 0
232 116 0 61 -61 0
232 116 0 62 -62 0
232 116 0 63 -63 0
232 116 -116 64 -64 -128
232 116 0 64 -64 0
232 116 0 65 -65 0
232 116 0 66 -66 0
232 116 0 67 -67 0
232 116 -116 68 -68 -136
232 116 0 68 -68 0
232 116 0 69 -69 0
232 116 0 70 -70 0
232 116 0 71 -71 0
232 116 -116 72 -72 -144
232 116 0 72 -72 0
232 116 0 73 -73 0
232 116 0 74 -74 0
232 116 0 75 -75 0
232 116 -116 76 -76 -152
232 116 0 76 -76 0
232 116 0 77 -77 0
232 116 0 78 -78 0
232 116 0 79 -79 0
232 116 -116 80 -80 -160
232 116 0 80 -80 0
232 116 0 81 -81 0
232 116 0 82 -82 0
232 116 0 83 -83 0
232 116 -116 84 -84 -168
232 116 0 84 -84 0
232 116 0 85 -85 0
232 116 0 86 -86 0
232 116 0 87 -87 0
232 116 -116 88 -88 -176
232 116 0 88 -88 0
232 116 0 89 -89 0
232 116 0 90 -90 0
232 116 0 91 -91 0
232 116 -116 92 -92 -184
232 116 0 92 -92 0
232 116 0 93 -93 0
232 116 0 94 -94 0
232 116 0 95 -95 0
232 116 -116 96 -96 -192
232 116 0 96 -96 0
232 116 0 97 -97 0
232 116 0 98 -98 0
232 116 0 99 -99 0
232 116 -116 100 -100 -200
232 116 0 100 -100 0
232 116 0 101 -101 0
232 116 0 102 -102 0
232 116 0 103 -103 0
232 116 -116 104 -104 -208
232 116 0 104 -104 0
232 116 0 105 -105 0
232 116 0 106 -106 0
232 116 0 107 -107 0
232 116 -116 108 -108 -216
232 116 0 108 -108 0
232 116 0 109 -109 0
232 116 0 110 -110 0
232 116 0 111 -111 0
232 116 -116 112 -112 -224
232 116 0 112 -112 0
232 116 0 113 -113 0
232 116 0 114 -114 0
232 116 0 115 -115 0
232 116 -116 116 -116 -232
232 116 0 116 -116 0
232 116 0 117 -117 0
232 116 0 118 -118 0
232 116 0 119 -119 0
232 116 -116 120 -120 -240
232 116 0 120 -120 0
232 116 0 121 -121 0
232 116 0 122 -122 0
232 116 0 123 -123 0
232 116 -116 124 -124 -248
232 116 0 124 -124 0
232 116 0 125 -125 0
232 116 0 126 -126 0
232 116 0 127 -127 0
232 116 -116 128 -128 -256
232 116 0 128 -128 0
232 116 0 129 -129 0
232 116 0 130 -130 0
232 116 0 131 -131 0
232 116 -116 132 -132 -264
232 116 0 132 -132 0
232 116 0 133 -133 0
232 116 0 134 -134 0
232 116 0 135 -135 0
232 116 -116 136 -136 -272
232 116 0 136 -136 0
232 116 0 137 -137 0
232 116 0 138 -138 0
232 116 0 139 -139 0
232 116 -116 140 -140 -280
232 116 0 140 -140 0
232 116 0 141 -141 0
232 116 0 142 -142 0
232 116 0 143 -143 0
232 116 -116 144 -144 -288
232 116 0 144 -144 0
232 116 0 145 -145 0
232 116 0 146 -146 0
232 116 0 147 -147 0
232 116 -116 148 -148 -296
232 116 0 148 -148 0
232 116 0 149 -149 0
232 116 0 150 -150 0
234 117 0 -150 150 0
234 117 0 -149 149 0
234 117 0 -148 148 0
234 117 -117 -147 147 294
234 117 0 -147 147 0
234 117 0 -146 146 0
234 117 0 -145 145 0
234 117 0 -144 144 0
234 117 -117 -143 143 286
234 117 0 -143 143 0
234 117 0 -142 142 0
234 117 0 -141 141 0
234 117 0 -140 140 0
234 117 -117 -139 139 278
234 117 0 -139 139 0
234 117 0 -138 138 0
234 117 0 -137 137 0
234 117 0 -136 136 0
234 117 -117 -135 135 270
234 117 0 -135 135 0
234 117 0 -134 134 0
234 117 0 -133 133 0
234 117 0 -132 132 0
234 117 -117 -131 131 262
234 117 0 -131 131 0
234 117 0 -130 130 0
234 117 0 -129 129 0
234 117 0 -128 128 0
234 117 -117 -127 127 254
234 117 0 -127 127 0
234 117 0 -126 126 0
234 117 0 -125 125 0
234 117 0 -124 124 0
234 117 -117 -123 123 246
234 117 0 -123 123 0
234 117 0 -122 122 0
234 117 0 -121 121 0
234 117 0 -120 120 0
234 117 -117 -119 119 238
234 117 0 -119 119 0
234 117 0 -118 118 0
234 117 0 -117 117 0
234 117 0 -116 116 0
234 117 -117 -115 115 230
234 117 0 -115 115 0
234 117 0 -114 114 0
234 117 0 -113 113 0
234 117 0 -112 112 0
234 117 -117 -111 111 222
234 117 0 -111 111 0
234 117 0 -110 110 0
234 117 0 -109 109 0
234 117 0 -108 108 0
234 117 -117 -107 107 214
234 117 0 -107 107 0
234 117 0 -106 106 0
234 117 0 -105 105 0
234 117 0 -104 104 0
234 117 -117 -103 103 206
234 117 0 -103 103 0
234 117 0 -102 102 0
234 117 0 -101 101 0
234 117 0 -100 100 0
234 117 -117 -99 99 198
234 117 0 -99 99 0
234 117 0 -98 98 0
234 117 0 -97 97 0
234 117 0 -96 96 0
234 117 -117 -95 95 190
234 117 0 -95 95 0
234 117 0 -94 94 0
234 117 0 -93 93 0
234 117 0 -92 92 0
234 117 -117 -91 91 182
234 117 0 -91 91 0
234 117 0 -90 90 0
234 117 0 -89 89 0
234 117 0 -88 88 0
234 117 -117 -87 87 174
234 117 0 -87 87 0
234 117 0 -86 86 0
234 117 0 -85 85 0
234 117 0 -84 84 0
234 117 -117 -83 83 166
234 117 0 -83 83 0
234 117 0 -82 82 0
234 117 0 -81 81 0
234 117 0 -80 80 0
234 117 -117 -79 79 158
234 117 0 -79 79 0
234 117 0 -78 78 0
234 117 0 -77 77 0
234 117 0 -76 76 0
234 117 -117 -75 75 150
234 117 0 -75 75 0
234 117 0 -74 74 0
234 117 0 -73 73 0
234 117 0 -72 72 0
234 117 -117 -71 71 142
234 117 0 -71 71 0
234 117 0 -70 70 0
234 117 0 -69 69 0
234 117 0 -68 68 0
234 117 -117 -67 67 134
234 117 0 -67 67 0
234 117 0 -66 66 0
234 117 0 -65 65 0
234 117 0 -64 64 0
234 117 -117 -63 63 126
234 117 0 -63 63 0
234 117 0 -62 62 0
234 117 0 -61 61 0
234 117 0 -60 60 0
234 117 -117 -59 59 118
234 117 0 -59 59 0
234 117 0 -58 58 0
234 117 0 -57 57 0
234 117 0 -56 56 0
234 117 -117 -55 55 110
234 117 0 -55 55 0
234 117 0 -54 54 0
234 117 0 -53 53 0
234 117 0 -52 52 0
234 117 -117 -51 51 102
234 117 0 -51 51 0
234 117 0 -50 50 0
234 117 0 -49 49 0
234 117 0 -48 48 0
234 117 -117 -47 47 94
234 117 0 -47 47 0
234 117 0 -46 46 0
234 117 0 -45 45 0
234 117 0 -44 44 0
234 117 -117 -43 43 86
234 117 0 -43 43 0
234 117 0 -42 42 0
234 117 0 -41 41 0
234 117 0 -40 40 0
234 117 -117 -39 39 78
234 117 0 -39 39 0
234 117 0 -38 38 0
234 117 0 -37 37 0
234 117 0 -36 36 0
234 117 -117 -35 35 70
234 117 0 -35 35 0
234 117 0 -34 34 0
234 117 0 -33 33 0
234 117 0 -32 32 0
234 117 -117 -31 31 62
234 117 0 -31 31 0
234 117 0 -30 30 0
234 117 0 -29 29 0
234 117 0 -28 28 0
234 117 -117 -27 27 54
234 117 0 -27 27 0
234 117 0 -26 26 0
234 117 0 -25 25 0
234 117 0 -24 24 0
234 117 -117 -23 23 46
234 117 0 -23 23 0
234 117 0 -22 22 0
234 117 0 -21 21 0
234 117 0 -20 20 0
234 117 -117 -19 19 38
234 117 0 -19 19 0
234 117 0 -18 18 0
234 117 0 -17 17 0
234 117 0 -16 16 0
234 117 -117 -15 15 30
234 117 0 -15 15 0
234 117 0 -14 14 0
234 117 0 -13 13 0
234 117 0 -12 12 0
234 117 -117 -11 11 22
234 117 0 -11 11 0
234 117 0 -10 10 0
234 117 0 -9 9 0
234 117 0 -8 8 0
234 117 -117 -7 7 14
234 117 0 -7 7 0
234 117 0 -6 6 0
234 117 0 -5 5 0
234 117 0 -4 4 0
234 117 -117 -3 3 6
234 117 0 -3 3 0
234 117 0 -2 2 0
234 117 0 -1 1 0
234 117 -117 1 -1 -2
234 117 0 1 -1 0
234 117 0 2 -2 0
234 117 0 3 -3 0
234 117 0 4 -4 0
234 117 -117 5 -5 -10
234 117 0 5 -5 0
234 117 0 6 -6 0
234 117 0 7 -7 0
234 117 0 8 -8 0
234 117 -117 9 -9 -18
234 117 0 9 -9 0
234 117 0 10 -10 0
234 117 0 11 -11 0
234 117 0 12 -12 0
234 117 -117 13 -13 -26
234 117 0 13 -13 0
234 117 0 14 -14 0
234 117 0 15 -15 0
234 117 0 16 -16 0
234 117 -117 17 -17 -34
234 117 0 17 -17 0
234 117 0 18 -18 0
234 117 0 19 -19 0
234 117 0 20 -20 0
234 117 -117 21 -21 -42
234 117 0 21 -21 0
234 117 0 22 -22 0
234 117 0 23 -23 0
234 117 0 24 -24 0
234 117 -117 25 -25 -50
234 117 0 25 -25 0
234 117 0 26 -26 0
234 117 0 27 -27 0
234 117 0 28 -28 0
234 117 -117 29 -29 -58
234 117 0 29 -29 0
234 117 0 30 -30 0
234 117 0 31 -31 0
234 117 0 32 -32 0
234 117 -117 33 -33 -66
234 117 0 33 -33 0
234 117 0 34 -34 0
234 117 0 35 -35 0
234 117 0 36 -36 0
234 117 -117 37 -37 -74
234 117 0 37 -37 0
234 117 0 38 -38 0
234 117 0 39 -39 0
234 117 0 40 -40 0
234 117 -117 41 -41 -82
234 117 0 41 -41 0
234 117 0 42 -42 0
234 117 0 43 -43 0
234 117 0 44 -44 0
234 117 -117 45 -45 -90
234 117 0 45 -45 0
234 117 0 46 -46 0
234 117 0 47 -47 0
234 117 0 48 -48 0
234 117 -117 49 -49 -98
234 117 0 49 -49 0
234 117 0 50 -50 0
234 117 0 51 -51 0
234 117 0 52 -52 0
234 117 -117 53 -53 -106
234 117 0 53 -53 0
234 117 0 54 -54 0
234 117 0 55 -55 0
234 117 0 56 -56 0
234 117 -117 57 -57 -114
234 117 0 57 -57 0
234 117 0 58 -58 0
234 117 0 59 -59 0
234 117 0 60 -60 0
234 117 -117 61 -61 -122
234 117 0 61 -61 0
234 117 0 62 -62 0
234 117 0 63 -63 0
234 117 0 64 -64 0
234 117 -117 65 -65 -130
234 117 0 65 -65 0
234 117 0 66 -66 0
234 117 0 67 -67 0
234 117 0 68 -68 0
234 117 -117 69 -69 -138
234 117 0 69 -69 0
234 117 0 70 -70 0
234 117 0 71 -71 0
234 117 0 72 -72 0
234 117 -117 73 -73 -146
234 117 0 73 -73 0
234 117 0 74 -74 0
234 117 0 75 -75 0
234 117 0 76 -76 0
234 117 -117 77 -77 -154
234 117 0 77 -77 0
234 117 0 78 -78 0
234 117 0 79 -79 0
234 117 0 80 -80 0
234 117 -117 81 -81 -162
234 117 0 81 -81 0
234 117 0 82 -82 0
234 117 0 83 -83 0
234 117 0 84 -84 0
234 117 -117 85 -85 -170
234 117 0 85 -85 0
234 117 0 86 -86 0
234 117 0 87 -87 0
234 117 0 88 -88 0
234 117 -117 89 -89 -178
234 117 0 89 -89 0
234 117 0 90 -90 0
234 117 0 91 -91 0
234 117 0 92 -92 0
234 117 -117 93 -93 -186
234 117 0 93 -93 0
234 117 0 94 -94 0
234 117 0 95 -95 0
234 117 0 96 -96 0
234 117 -117 97 -97 -194
234 117 0 97 -97 0
234 117 0 98 -98 0
234 117 0 99 -99 0
234 117 0 100 -100 0
234 117 -117 101 -101 -202
234 117 0 101 -101 0
234 117 0 102 -102 0
234 117 0 103 -103 0
234 117 0 104 -104 0
234 117 -117 105 -105 -210
234 117 0 105 -105 0
234 117 0 106 -106 0
234 117 0 107 -107 0
234 117 0 108 -108 0
234 117 -117 109 -109 -218
234 117 0 109 -109 0
234 117 0 110 -110 0
234 117 0 111 -111 0
234 117 0 112 -112 0
234 117 -117 113 -113 -226
234 117 0 113 -113 0
234 117 0 114 -114 0
234 117 0 115 -115 0
234 117 0 116 -116 0
234 117 -117 117 -117 -234
234 117 0 117 -117 0
234 117 0 118 -118 0
234 117 0 119 -119 0
234 117 0 120 -120 0
234 117 -117 121 -121 -242
234 117 0 121 -121 0
234 117 0 122 -122 0
234 117 0 123 -123 0
234 117 0 124 -124 0
234 117 -117 125 -125 -250
234 117 0 125 -125 0
234 117 0 126 -126 0
234 117 0 127 -127 0
234 117 0 128 -128 0
234 117 -117 129 -129 -258
234 117 0 129 -129 0
234 117 0 130 -130 0
234 117 0 131 -131 0
234 117 0 132 -132 0
234 117 -117 133 -133 -266
234 117 0 133 -133 0
234 117 0 134 -134 0
234 117 0 135 -135 0
234 117 0 136 -136 0
234 117 -117 137 -137 -274
234 117 0 137 -137 0
234 117 0 138 -138 0
234 117 0 139 -139 0
234 117 0 140 -140 0
234 117 -117 141 -141 -282
234 117 0 141 -141 0
234 117 0 142 -142 0
234 117 0 143 -143 0
234 117 0 144 -144 0
234 117 -117 145 -145 -290
234 117 0 145 -145 0
234 117 0 146 -146 0
234 117 0 147 -147 0
234 117 0 148 -148 0
234 117 -117 149 -149 -298
234 117 0 149 -149 0
234 117 0 150 -150 0
236 118 0 -150 150 0
236 118 0 -149 149 0
236 118 -118 -148 148 296
236 118 0 -148 148 0
236 118 0 -147 147 0
236 118 0 -146 146 0
236 118 0 -145 145 0
236 118 -118 -144 144 288
236 118 0 -144 144 0
236 118 0 -143 143 0
236 118 0 -142 142 0
236 118 0 -141 141 0
236 118 -118 -140 140 280
236 118 0 -140 140 0
236 118 0 -139 139 0
236 118 0 -138 138 0
236 118 0 -137 137 0
236 118 -118 -136 136 272
236 118 0 -136 136 0
236 118 0 -135 135 0
236 118 0 -134 134 0
236 118 0 -133 133 0
236 118 -118 -132 132 264
236 118 0 -132 132 0
236 118 0 -131 131 0
236 118 0 -130 130 0
236 118 0 -129 129 0
236 118 -118 -128 128 256
236 118 0 -128 128 0
236 118 0 -127 127 0
236 118 0 -126 126 0
236 118 0 -125 125 0
236 118 -118 -124 124 248
236 118 0 -124 124 0
236 118 0 -123 123 0
236 118 0 -122 122 0
236 118 0 -121 121 0
236 118 -118 -120 120 240
236 118 0 -120 120 0
236 118 0 -119 119 0
236 118 0 -118 118 0
236 118 0 -117 117 0
236 118 -118 -116 116 232
236 118 0 -116 116 0
236 118 0 -115 115 0
236 118 0 -114 114 0
236 118 0 -113 113 0
236 118 -118 -112 112 224
236 118 0 -112 112 0
236 118 0 -111 111 0
236 118 0 -110 110 0
236 118 0 -109 109 0
236 118 -118 -108 108 216
236 118 0 -108 108 0
236 118 0 -107 107 0
236 118 0 -106 106 0
236 118 0 -105 105 0
236 118 -118 -104 104 208
236 118 0 -104 104 0
236 118 0 -103 103 0
236 118 0 -102 102 0
236 118 0 -101 101 0
236 118 -118 -100 100 200
236 118 0 -100 100 0
236 118 0 -99 99 0
236 118 0 -98 98 0
236 118 0 -97 97 0
236 118 -118 -96 96 192
236 118 0 -96 96 0
236 118 0 -95 95 0
236 118 0 -94 94 0
236 118 0 -93 93 0
236 118 -118 -92 92 184
236 118 0 -92 92 0
236 118 0 -91 91 0
236 118 0 -90 90 0
236 118 0 -89 89 0
236 118 -118 -88 88 176
236 118 0 -88 88 0
236 118 0 -87 87 0
236 118 0 -86 86 0
236 118 0 -85 85 0
236 118 -118 -84 84 168
236 118 0 -84 84 0
236 118 0 -83 83 0
236 118 0 -82 82 0
236 118 0 -81 81 0
236 118 -118 -80 80 160
236 118 0 -80 80 0
236 118 0 -79 79 0
236 118 0 -78 78 0
236 118 0 -77 77 0
236 118 -118 -76 76 152
236 118 0 -76 76 0
236 118 0 -75 75 0
236 118 0 -74 74 0
236 118 0 -73 73 0
236 118 -118 -72 72 144
236 118 0 -72 72 0
236 118 0 -71 71 0
236 118 0 -70 70 0
236 118 0 -69 69 0
236 118 -118 -68 68 136
236 118 0 -68 68 0
236 118 0 -67 67 0
236 118 0 -66 66 0
236 118 0 -65 65 0
236 118 -118 -64 64 128
236 118 0 -64 64 0
236 118 0 -63 63 0
236 118 0 -62 62 0
236 118 0 -61 61 0
236 118 -118 -60 60 120
236 118 0 -60 60 0
236 118 0 -59 59 0
236 118 0 -58 58 0
236 118 0 -57 57 0
236 118 -118 -56 56 112
236 118 0 -56 56 0
236 118 0 -55 55 0
236 118 0 -54 54 0
236 118 0 -53 53 0
236 118 -118 -52 52 104
236 118 0 -52 52 0
236 118 0 -51 51 0
236 118 0 -50 50 0
236 118 0 -49 49 0
236 118 -118 -48 48 96
236 118 0 -48 48 0
236 118 0 -47 47 0
236 118 0 -46 46 0
236 118 0 -45 45 0
236 118 -118 -44 44 88
236 118 0 -44 44 0
236 118 0 -43 43 0
236 118 0 -42 42 0
236 118 0 -41 41 0
236 118 -118 -40 40 80
236 118 0 -40 40 0
236 118 0 -39 39 0
236 118 0 -38 38 0
236 118 0 -37 37 0
236 118 -118 -36 36 72
236 118 0 -36 36 0
236 118 0 -35 35 0
236 118 0 -34 34 0
236 118 0 -33 33 0
236 118 -118 -32 32 64
236 118 0 -32 32 0
236 118 0 -31 31 0
236 118 0 -30 30 0
236 118 0 -29 29 0
236 118 -118 -28 28 56
236 118 0 -28 28 0
236 118 0 -27 27 0
236 118 0 -26 26 0
236 118 0 -25 25 0
236 118 -118 -24 24 48
236 118 0 -24 24 0
236 118 0 -23 23 0
236 118 0 -22 22 0
236 118 0 -21 21 0
236 118 -118 -20 20 40
236 118 0 -20 20 0
236 118 0 -19 19 0
236 118 0 -18 18 0
236 118 0 -17 17 0
236 118 -118 -16 16 32
236 118 0 -16 16 0
236 118 0 -15 15 0
236 118 0 -14 14 0
236 118 0 -13 13 0
236 118 -118 -12 12 24
236 118 0 -12 12 0
236 118 0 -11 11 0
236 118 0 -10 10 0
236 118 0 -9 9 0
236 118 -118 -8 8 16
236 118 0 -8 8 0
236 118 0 -7 7 0
236 118 0 -6 6 0
236 118 0 -5 5 0
236 118 -118 -4 4 8
236 118 0 -4 4 0
236 118 0 -3 3 0
236 118 0 -2 2 0
236 118 0 -1 1 0
236 118 0 1 -1 0
236 118 0 2 -2 0
236 118 0 3 -3 0
236 118 -118 4 -4 -8
236 118 0 4 -4 0
236 118 0 5 -5 0
236 118 0 6 -6 0
236 118 0 7 -7 0
236 118 -118 8 -8 -16
236 118 0 8 -8 0
236 118 0 9 -9 0
236 118 0 10 -10 0
236 118 0 11 -11 0
236 118 -118 12 -12 -24
236 118 0 12 -12 0
236 118 0 13 -13 0
236 118 0 14 -14 0
236 118 0 15 -15 0
236 118 -118 16 -16 -32
236 118 0 16 -16 0
236 118 0 17 -17 0
236 118 0 18 -18 0
236 118 0 19 -19 0
236 118 -118 20 -20 -40
236 118 0 20 -20 0
236 118 0 21 -21 0
236 118 0 22 -22 0
236 118 0 23 -23 0
236 118 -118 24 -24 -48
236 118 0 24 -24 0
236 118 0 25 -25 0
236 118 0 26 -26 0
236 118 0 27 -27 0
236 118 -118 28 -28 -56
236 118 0 28 -28 0
236 118 0 29 -29 0
236 118 0 30 -30 0
236 118 0 31 -31 0
236 118 -118 32 -32 -64
236 118 0 32 -32 0
236 118 0 33 -33 0
236 118 0 34 -34 0
236 118 0 35 -35 0
236 118 -118 36 -36 -72
236 118 0 36 -36 0
236 118 0 37 -37 0
236 118 0 38 -38 0
236 118 0 39 -39 0
236 118 -118 40 -40 -80
236 118 0 40 -40 0
236 118 0 41 -41 0
236 118 0 42 -42 0
236 118 0 43 -43 0
236 118 -118 44 -44 -88
236 118 0 44 -44 0
236 118 0 45 -45 0
236 118 0 46 -46 0
236 118 0 47 -47 0
236 118 -118 48 -48 -96
236 118 0 48 -48 0
236 118 0 49 -49 0
236 118 0 50 -50 0
236 118 0 51 -51 0
236 118 -118 52 -52 -104
236 118 0 52 -52 0
236 118 0 53 -53 0
236 118 0 54 -54 0
236 118 0 55 -55 0
236 118 -118 56 -56 -112
236 118 0 56 -56 0
236 118 0 57 -57 0
236 118 0 58 -58 0
236 118 0 59 -59 0
236 118 -118 60 -60 -120
236 118 0 60 -60 0
236 118 0 61 -61 0
236 118 0 62 -62 0
236 118 0 63 -63 0
236 118 -118 64 -64 -128
236 118 0 64 -64 0
236 118 0 65 -65 0
236 118 0 66 -66 0
236 118 0 67 -67 0
236 118 -118 68 -68 -136
236 118 0 68 -68 0
236 118 0 69 -69 0
236 118 0 70 -70 0
236 118 0 71 -71 0
236 118 -118 72 -72 -144
236 118 0 72 -72 0
236 118 0 73 -73 0
236 118 0 74 -74 0
236 118 0 75 -75 0
236 118 -118 76 -76 -152
236 118 0 76 -76 0
236 118 0 77 -77 0
236 118 0 78 -78 0
236 118 0 79 -79 0
236 118 -118 80 -80 -160
236 118 0 80 -80 0
236 118 0 81 -81 0
236 118 0 82 -82 0
236 118 0 83 -83 0
236 118 -118 84 -84 -168
236 118 0 84 -84 0
236 118 0 85 -85 0
236 118 0 86 -86 0
236 118 0 87 -87 0
236 118 -118 88 -88 -176
236 118 0 88 -88 0
236 118 0 89 -89 0
236 118 0 90 -90 0
236 118 0 91 -91 0
236 118 -118 92 -92 -184
236 118 0 92 -92 0
236 118 0 93 -93 0
236 118 0 94 -94 0
236 118 0 95 -95 0
236 118 -118 96 -96 -192
236 118 0 96 -96 0
236 118 0 97 -97 0
236 118 0 98 -98 0
236 118 0 99 -99 0
236 118 -118 100 -100 -200
236 118 0 100 -100 0
236 118 0 101 -101 0
236 118 0 102 -102 0
236 118 0 103 -103 0
236 118 -118 104 -104 -208
236 118 0 104 -104 0
236 118 0 105 -105 0
236 118 0 106 -106 0
236 118 0 107 -107 0
236 118 -118 108 -108 -216
236 118 0 108 -108 0
236 118 0 109 -109 0
236 118 0 110 -110 0
236 118 0 111 -111 0
236 118 -118 112 -112 -224
236 118 0 112 -112 0
236 118 0 113 -113 0
236 118 0 114 -114 0
236 118 0 115 -115 0
236 118 -118 116 -116 -232
236 118 0 116 -116 0
236 118 0 117 -117 0
236 118 0 118 -118 0
236 118 0 119 -119 0
236 118 -118 120 -120 -240
236 118 0 120 -120 0
236 118 0 121 -121 0
236 118 0 122 -122 0
236 118 0 123 -123 0
236 118 -118 124 -124 -248
236 118 0 124 -124 0
236 118 0 125 -125 0
236 118 0 126 -126 0
236 118 0 127 -127 0
236 118 -118 128 -128 -256
236 118 0 128 -128 0
236 118 0 129 -129 0
236 118 0 130 -130 0
236 118 0 131 -131 0
236 118 -118 132 -132 -264
236 118 0 132 -132 0
236 118 0 133 -133 0
236 118 0 134 -134 0
236 118 0 135 -135 0
236 118 -118 136 -136 -272
236 118 0 136 -136 0
236 118 0 137 -137 0
236 118 0 138 -138 0
236 118 0 139 -139 0
236 118 -118 140 -140 -280
236 118 0 140 -140 0
236 118 0 141 -141 0
236 118 0 142 -142 0
236 118 0 143 -143 0
236 118 -118 144 -144 -288
236 118 0 144 -144 0
236 118 0 145 -145 0
236 118 0 146 -146 0
236 118 0 147 -147 0
236 118 -118 148 -148 -296
236 118 0 148 -148 0
236 118 0 149 -149 0
236 118 0 150 -150 0
238 119 0 -150 150 0
238 119 0 -149 149 0
238 119 0 -148 148 0
238 119 -119 -147 147 294
238 119 0 -147 147 0
238 119 0 -146 146 0
238 119 0 -145 145 0
238 119 0 -144 144 0
238 119 -119 -143 143 286
238 119 0 -143 143 0
238 119 0 -142 142 0
238 119 0 -141 141 0
238 119 0 -140 140 0
238 119 -119 -139 139 278
238 119 0 -139 139 0
238 119 0 -138 138 0
238 119 0 -137 137 0
238 119 0 -136 136 0
238 119 -119 -135 135 270
238 119 0 -135 135 0
238 119 0 -134 134 0
238 119 0 -133 133 0
238 119 0 -132 132 0
238 119 -119 -131 131 262
238 119 0 -131 131 0
238 119 0 -130 130 0
238 119 0 -129 129 0
238 119 0 -128 128 0
238 119 -119 -127 127 254
238 119 0 -127 127 0
238 119 0 -126 126 0
238 119 0 -125 125 0
238 119 0 -124 124 0
238 119 -119 -123 123 246
238 119 0 -123 123 0
238 119 0 -122 122 0
238 119 0 -121 121 0
238 119 0 -120 120 0
238 119 -119 -119 119 238
238 119 0 -119 119 0
238 119 0 -118 118 0
238 119 0 -117 117 0
238 119 0 -116 116 0
238 119 -119 -115 115 230
238 119 0 -115 115 0
238 119 0 -114 114 0
238 119 0 -113 113 0
238 119 0 -112 112 0
238 119 -119 -111 111 222
238 119 0 -111 111 0
238 119 0 -110 110 0
238 119 0 -109 109 0
238 119 0 -108 108 0
238 119 -119 -107 107 214
238 119 0 -107 107 0
238 119 0 -106 106 0
238 119 0 -105 105 0
238 119 0 -104 104 0
238 119 -119 -103 103 206
238 119 0 -103 103 0
238 119 0 -102 102 0
238 119 0 -101 101 0
238 119 0 -100 100 0
238 119 -119 -99 99 198
238 119 0 -99 99 0
238 119 0 -98 98 0
238 119 0 -97 97 0
238 119 0 -96 96 0
238 119 -119 -95 95 190
238 119 0 -95 95 0
238 119 0 -94 94 0
238 119 0 -93 93 0
238 119 0 -92 92 0
238 119 -119 -91 91 182
238 119 0 -91 91 0
238 119 0 -90 90 0
238 119 0 -89 89 0
238 119 0 -88 88 0
238 119 -119 -87 87 174
238 119 0 -87 87 0
238 119 0 -86 86 0
238 119 0 -85 85 0
238 119 0 -84 84 0
238 119 -119 -83 83 166
238 119 0 -83 83 0
238 119 0 -82 82 0
238 119 0 -81 81 0
238 119 0 -80 80 0
238 119 -119 -79 79 158
238 119 0 -79 79 0
238 119 0 -78 78 0
238 119 0 -77 77 0
238 119 0 -76 76 0
238 119 -119 -75 75 150
238 119 0 -75 75 0
238 119 0 -74 74 0
238 119 0 -73 73 0
238 119 0 -72 72 0
238 119 -119 -71 71 142
238 119 0 -71 71 0
238 119 0 -70 70 0
238 119 0 -69 69 0
238 119 0 -68 68 0
238 119 -119 -67 67 134
238 119 0 -67 67 0
238 119 0 -66 66 0
238 119 0 -65 65 0
238 119 0 -64 64 0
238 119 -119 -63 63 126
238 119 0 -63 63 0
238 119 0 -62 62 0
238 119 0 -61 61 0
238 119 0 -60 60 0
238 119 -119 -59 59 118
238 119 0 -59 59 0
238 119 0 -58 58 0
238 119 0 -57 57 0
238 119 0 -56 56 0
238 119 -119 -55 55 110
238 119 0 -55 55 0
238 119 0 -54 54 0
238 119 0 -53 53 0
238 119 0 -52 52 0
238 119 -119 -51 51 102
238 119 0 -51 51 0
238 119 0 -50 50 0
238 119 0 -49 49 0
238 119 0 -48 48 0
238 119 -119 -47 47 94
238 119 0 -47 47 0
238 119 0 -46 46 0
238 119 0 -45 45 0
238 119 0 -44 44 0
238 119 -119 -43 43 86
238 119 0 -43 43 0
238 119 0 -42 42 0
238 119 0 -41 41 0
238 119 0 -40 40 0
238 119 -119 -39 39 78
238 119 0 -39 39 0
238 119 0 -38 38 0
238 119 0 -37 37 0
238 119 0 -36 36 0
238 119 -119 -35 35 70
238 119 0 -35 35 0
238 119 0 -34 34 0
238 119 0 -33 33 0
238 119 0 -32 32 0
238 119 -119 -31 31 62
238 119 0 -31 31 0
238 119 0 -30 30 0
238 119 0 -29 29 0
238 119 0 -28 28 0
238 119 -119 -27 27 54
238 119 0 -27 27 0
238 119 0 -26 26 0
238 119 0 -25 25 0
238 119 0 -24 24 0
238 119 -119 -23 23 46
238 119 0 -23 23 0
238 119 0 -22 22 0
238 119 0 -21 21 0
238 119 0 -20 20 0
238 119 -119 -19 19 38
238 119 0 -19 19 0
238 119 0 -18 18 0
238 119 0 -17 17 0
238 119 0 -16 16 0
238 119 -119 -15 15 30
238 119 0 -15 15 0
238 119 0 -14 14 0
238 119 0 -13 13 0
238 119 0 -12 12 0
238 119 -119 -11 11 22
238 119 0 -11 11 0
238 119 0 -10 10 0
238 119 0 -9 9 0
238 119 0 -8 8 0
238 119 -119 -7 7 14
238 119 0 -7 7 0
238 119 0 -6 6 0
238 119 0 -5 5 0
238 119 0 -4 4 0
238 119 -119 -3 3 6
238 119 0 -3 3 0
238 119 0 -2 2 0
238 119 0 -1 1 0
238 119 -119 1 -1 -2
238 119 0 1 -1 0
238 119 0 2 -2 0
238 119 0 3 -3 0
238 119 0 4 -4 0
238 119 -119 5 -5 -10
238 119 0 5 -5 0
238 119 0 6 -6 0
238 119 0 7 -7 0
238 119 0 8 -8 0
238 119 -119 9 -9 -18
238 119 0 9 -9 0
238 119 0 10 -10 0
238 119 0 11 -11 0
238 119 0 12 -12 0
238 119 -119 13 -13 -26
238 119 0 13 -13 0
238 119 0 14 -14 0
238 119 0 15 -15 0
238 119 0 16 -16 0
238 119 -119 17 -17 -34
238 119 0 17 -17 0
238 119 0 18 -18 0
238 119 0 19 -19 0
238 119 0 20 -20 0
238 119 -119 21 -21 -42
238 119 0 21 -21 0
238 119 0 22 -22 0
238 119 0 23 -23 0
238 119 0 24 -24 0
238 119 -119 25 -25 -50
238 119 0 25 -25 0
238 119 0 26 -26 0
238 119 0 27 -27 0
238 119 0 28 -28 0
238 119 -119 29 -29 -58
238 119 0 29 -29 0
238 119 0 30 -30 0
238 119 0 31 -31 0
238 119 0 32 -32 0
238 119 -119 33 -33 -66
238 119 0 33 -33 0
238 119 0 34 -34 0
238 119 0 35 -35 0
238 119 0 36 -36 0
238 119 -119 37 -37 -74
238 119 0 37 -37 0
238 119 0 38 -38 0
238 119 0 39 -39 0
238 119 0 40 -40 0
238 119 -119 41 -41 -82
238 119 0 41 -41 0
238 119 0 42 -42 0
238 119 0 43 -43 0
238 119 0 44 -44 0
238 119 -119 45 -45 -90
238 119 0 45 -45 0
238 119 0 46 -46 0
238 119 0 47 -47 0
238 119 0 48 -48 0
238 119 -119 49 -49 -98
238 119 0 49 -49 0
238 119 0 50 -50 0
238 119 0 51 -51 0
238 119 0 52 -52 0
238 119 -119 53 -53 -106
238 119 0 53 -53 0
238 119 0 54 -54 0
238 119 0 55 -55 0
238 119 0 56 -56 0
238 119 -119 57 -57 -114
238 119 0 57 -57 0
238 119 0 58 -58 0
238 119 0 59 -59 0
238 119 0 60 -60 0
238 119 -119 61 -61 -122
238 119 0 61 -61 0
238 119 0 62 -62 0
238 119 0 63 -63 0
238 119 0 64 -64 0
238 119 -119 65 -65 -130
238 119 0 65 -65 0
238 119 0 66 -66 0
238 119 0 67 -67 0
238 119 0 68 -68 0
238 119 -119 69 -69 -138
238 119 0 69 -69 0
238 119 0 70 -70 0
238 119 0 71 -71 0
238 119 0 72 -72 0
238 119 -119 73 -73 -146
238 119 0 73 -73 0
238 119 0 74 -74 0
238 119 0 75 -75 0
238 119 0 76 -76 0
238 119 -119 77 -77 -154
238 119 0 77 -77 0
238 119 0 78 -78 0
238 119 0 79 -79 0
238 119 0 80 -80 0
238 119 -119 81 -81 -162
238 119 0 81 -81 0
238 119 0 82 -82 0
238 119 0 83 -83 0
238 119 0 84 -84 0
238 119 -119 85 -85 -170
238 119 0 85 -85 0
238 119 0 86 -86 0
238 119 0 87 -87 0
238 119 0 88 -88 0
238 119 -119 89 -89 -178
238 119 0 89 -89 0
238 119 0 90 -90 0
238 119 0 91 -91 0
238 119 0 92 -92 0
238 119 -119 93 -93 -186
238 119 0 93 -93 0
238 119 0 94 -94 0
238 119 0 95 -95 0
238 119 0 96 -96 0
238 119 -119 97 -97 -194
238 119 0 97 -97 0
238 119 0 98 -98 0
238 119 0 99 -99 0
238 119 0 100 -100 0
238 119 -119 101 -101 -202
238 119 0 101 -101 0
238 119 0 102 -102 0
238 119 0 103 -103 0
238 119 0 104 -104 0
238 119 -119 105 -105 -210
238 119 0 105 -105 0
238 119 0 106 -106 0
238 119 0 107 -107 0
238 119 0 108 -108 0
238 119 -119 109 -109 -218
238 119 0 109 -109 0
238 119 0 110 -110 0
238 119 0 111 -111 0
238 119 0 112 -112 0
238 119 -119 113 -113 -226
238 119 0 113 -113 0
238 119 0 114 -114 0
238 119 0 115 -115 0
238 119 0 116 -116 0
238 119 -119 117 -117 -234
238 119 0 117 -117 0
238 119 0 118 -118 0
238 119 0 119 -119 0
238 119 0 120 -120 0
238 119 -119 121 -121 -242
238 119 0 121 -121 0
238 119 0 122 -122 0
238 119 0 123 -123 0
238 119 0 124 -124 0
238 119 -119 125 -125 -250
238 119 0 125 -125 0
238 119 0 126 -126 0
238 119 0 127 -127 0
238 119 0 128 -128 0
238 119 -119 129 -129 -258
238 119 0 129 -129 0
238 119 0 130 -130 0
238 119 0 131 -131 0
238 119 0 132 -132 0
238 119 -119 133 -133 -266
238 119 0 133 -133 0
238 119 0 134 -134 0
238 119 0 135 -135 0
238 119 0 136 -136 0
238 119 -119 137 -137 -274
238 119 0 137 -137 0
238 119 0 138 -138 0
238 119 0 139 -139 0
238 119 0 140 -140 0
238 119 -119 141 -141 -282
238 119 0 141 -141 0
238 119 0 142 -142 0
238 119 0 143 -143 0
238 119 0 144 -144 0
238 119 -119 145 -145 -290
238 119 0 145 -145 0
238 119 0 146 -146 0
238 119 0 147 -147 0
238 119 0 148 -148 0
238 119 -119 149 -149 -298
238 119 0 149 -149 0
238 119 0 150 -150 0
240 120 0 -150 150 0
240 120 0 -149 149 0
240 120 -120 -148 148 296
240 120 0 -148 148 0
240 120 0 -147 147 0
240 120 0 -146 146 0
240 120 0 -145 145 0
240 120 -120 -144 144 288
240 120 0 -144 144 0
240 120 0 -143 143 0
240 120 0 -142 142 0
240 120 0 -141 141 0
240 120 -120 -140 140 280
240 120 0 -140 140 0
240 120 0 -139 139 0
240 120 0 -138 138 0
240 120 0 -137 137 0
240 120 -120 -136 136 272
240 120 0 -136 136 0
240 120 0 -135 135 0
240 120 0 -134 134 0
240 120 0 -133 133 0
240 120 -120 -132 132 264
240 120 0 -132 132 0
240 120 0 -131 131 0
240 120 0 -130 130 0
240 120 0 -129 129 0
240 120 -120 -128 128 256
240 120 0 -128 128 0
240 120 0 -127 127 0
240 120 0 -126 126 0
240 120 0 -125 125 0
240 120 -120 -124 124 248
240 120 0 -124 124 0
240 120 0 -123 123 0
240 120 0 -122 122 0
240 120 0 -121 121 0
240 120 -120 -120 120 240
240 120 0 -120 120 0
240 120 0 -119 119 0
240 120 0 -118 118 0
240 120 0 -117 117 0
240 120 -120 -116 116 232
240 120 0 -116 116 0
240 120 0 -115 115 0
240 120 0 -114 114 0
240 120 0 -113 113 0
240 120 -120 -112 112 224
240 120 0 -112 112 0
240 120 0 -111 111 0
240 120 0 -110 110 0
240 120 0 -109 109 0
240 120 -120 -108 108 216
240 120 0 -108 108 0
240 120 0 -107 107 0
240 120 0 -106 106 0
240 120 0 -105 105 0
240 120 -120 -104 104 208
240 120 0 -104 104 0
240 120 0 -103 103 0
240 120 0 -102 102 0
240 120 0 -101 101 0
240 120 -120 -100 100 200
240 120 0 -100 100 0
240 120 0 -99 99 0
240 120 0 -98 98 0
240 120 0 -97 97 0
240 120 -120 -96 96 192
240 120 0 -96 96 0
240 120 0 -95 95 0
240 120 0 -94 94 0
240 120 0 -93 93 0
240 120 -120 -92 92 184
240 120 0 -92 92 0
240 120 0 -91 91 0
240 120 0 -90 90 0
240 120 0 -89 89 0
240 120 -120 -88 88 176
240 120 0 -88 88 0
240 120 0 -87 87 0
240 120 0 -86 86 0
240 120 0 -85 85 0
240 120 -120 -84 84 168
240 120 0 -84 84 0
240 120 0 -83 83 0
240 120 0 -82 82 0
240 120 0 -81 81 0
240 120 -120 -80 80 160
240 120 0 -80 80 0
240 120 0 -79 79 0
240 120 0 -78 78 0
240 120 0 -77 77 0
240 120 -120 -76 76 152
240 120 0 -76 76 0
240 120 0 -75 75 0
240 120 0 -74 74 0
240 120 0 -73 73 0
240 120 -120 -72 72 144
240 120 0 -72 72 0
240 120 0 -71 71 0
240 120 0 -70 70 0
240 120 0 -69 69 0
240 120 -120 -68 68 136
240 120 0 -68 68 0
240 120 0 -67 67 0
240 120 0 -66 66 0
240 120 0 -65 65 0
240 120 -120 -64 64 128
240 120 0 -64 64 0
240 120 0 -63 63 0
240 120 0 -62 62 0
240 120 0 -61 61 0
240 120 -120 -60 60 120
240 120 0 -60 60 0
240 120 0 -59 59 0
240 120 0 -58 58 0
240 120 0 -57 57 0
240 120 -120 -56 56 112
240 120 0 -56 56 0
240 120 0 -55 55 0
240 120 0 -54 54 0
240 120 0 -53 53 0
240 120 -120 -52 52 104
240 120 0 -52 52 0
240 120 0 -51 51 0
240 120 0 -50 50 0
240 120 0 -49 49 0
240 120 -120 -48 48 96
240 120 0 -48 48 0
240 120 0 -47 47 0
240 120 0 -46 46 0
240 120 0 -45 45 0
240 120 -120 -44 44 88
240 120 0 -44 44 0
240 120 0 -43 43 0
240 120 0 -42 42 0
240 120 0 -41 41 0
240 120 -120 -40 40 80
240 120 0 -40 40 0
240 120 0 -39 39 0
240 120 0 -38 38 0
240 120 0 -37 37 0
240 120 -120 -36 36 72
240 120 0 -36 36 0
240 120 0 -35 35 0
240 120 0 -34 34 0
240 120 0 -33 33 0
240 120 -120 -32 32 64
240 120 0 -32 32 0
240 120 0 -31 31 0
240 120 0 -30 30 0
240 120 0 -29 29 0
240 120 -120 -28 28 56
240 120 0 -28 28 0
240 120 0 -27 27 0
240 120 0 -26 26 0
240 120 0 -25 25 0
240 120 -120 -24 24 48
240 120 0 -24 24 0
240 120 0 -23 23 0
240 120 0 -22 22 0
240 120 0 -21 21 0
240 120 -120 -20 20 40
240 120 0 -20 20 0
240 120 0 -19 19 0
240 120 0 -18 18 0
240 120 0 -17 17 0
240 120 -120 -16 16 32
240 120 0 -16 16 0
240 120 0 -15 15 0
240 120 0 -14 14 0
240 120 0 -13 13 0
240 120 -120 -12 12 24
240 120 0 -12 12 0
240 120 0 -11 11 0
240 120 0 -10 10 0
240 120 0 -9 9 0
240 120 -120 -8 8 16
240 120 0 -8 8 0
240 120 0 -7 7 0
240 120 0 -6 6 0
240 120 0 -5 5 0
240 120 -120 -4 4 8
240 120 0 -4 4 0
240 120 0 -3 3 0
240 120 0 -2 2 0
240 120 0 -1 1 0
240 120 0 1 -1 0
240 120 0 2 -2 0
240 120 0 3 -3 0
240 120 -120 4 -4 -8
240 120 0 4 -4 0
240 120 0 5 -5 0
240 120 0 6 -6 0
240 120 0 7 -7 0
240 120 -120 8 -8 -16
240 120 0 8 -8 0
240 120 0 9 -9 0
240 120 0 10 -10 0
240 120 0 11 -11 0
240 120 -120 12 -12 -24
240 120 0 12 -12 0
240 120 0 13 -13 0
240 120 0 14 -14 0
240 120 0 15 -15 0
240 120 -120 16 -16 -32
240 120 0 16 -16 0
240 120 0 17 -17 0
240 120 0 18 -18 0
240 120 0 19 -19 0
240 120 -120 20 -20 -40
240 120 0 20 -20 0
240 120 0 21 -21 0
240 120 0 22 -22 0
240 120 0 23 -23 0
240 120 -120 24 -24 -48
240 120 0 24 -24 0
240 120 0 25 -25 0
240 120 0 26 -26 0
240 120 0 27 -27 0
240 120 -120 28 -28 -56
240 120 0 28 -28 0
240 120 0 29 -29 0
240 120 0 30 -30 0
240 120 0 31 -31 0
240 120 -120 32 -32 -64
240 120 0 32 -32 0
240 120 0 33 -33 0
240 120 0 34 -34 0
240 120 0 35 -35 0
240 120 -120 36 -36 -72
240 120 0 36 -36 0
240 120 0 37 -37 0
240 120 0 38 -38 0
240 120 0 39 -39 0
240 120 -120 40 -40 -80
240 120 0 40 -40 0
240 120 0 41 -41 0
240 120 0 42 -42 0
240 120 0 43 -43 0
240 120 -120 44 -44 -88
240 120 0 44 -44 0
240 120 0 45 -45 0
240 120 0 46 -46 0
240 120 0 47 -47 0
240 120 -120 48 -48 -96
240 120 0 48 -48 0
240 120 0 49 -49 0
240 120 0 50 -50 0
240 120 0 51 -51 0
240 120 -120 52 -52 -104
240 120 0 52 -52 0
240 120 0 53 -53 0
240 120 0 54 -54 0
240 120 0 55 -55 0
240 120 -120 56 -56 -112
240 120 0 56 -56 0
240 120 0 57 -57 0
240 120 0 58 -58 0
240 120 0 59 -59 0
240 120 -120 60 -60 -120
240 120 0 60 -60 0
240 120 0 61 -61 0
240 120 0 62 -62 0
240 120 0 63 -63 0
240 120 -120 64 -64 -128
240 120 0 64 -64 0
240 120 0 65 -65 0
240 120 0 66 -66 0
240 120 0 67 -67 0
240 120 -120 68 -68 -136
240 120 0 68 -68 0
240 120 0 69 -69 0
240 120 0 70 -70 0
240 120 0 71 -71 0
240 120 -120 72 -72 -144
240 120 0 72 -72 0
240 120 0 73 -73 0
240 120 0 74 -74 0
240 120 0 75 -75 0
240 120 -120 76 -76 -152
240 120 0 76 -76 0
240 120 0 77 -77 0
240 120 0 78 -78 0
240 120 0 79 -79 0
240 120 -120 80 -80 -160
240 120 0 80 -80 0
240 120 0 81 -81 0
240 120 0 82 -82 0
240 120 0 83 -83 0
240 120 -120 84 -84 -168
240 120 0 84 -84 0
240 120 0 85 -85 0
240 120 0 86 -86 0
240 120 0 87 -87 0
240 120 -120 88 -88 -176
240 120 0 88 -88 0
240 120 0 89 -89 0
240 120 0 90 -90 0
240 120 0 91 -91 0
240 120 -120 92 -92 -184
240 120 0 92 -92 0
240 120 0 93 -93 0
240 120 0 94 -94 0
240 120 0 95 -95 0
240 120 -120 96 -96 -192
240 120 0 96 -96 0
240 120 0 97 -97 0
240 120 0 98 -98 0
240 120 0 99 -99 0
240 120 -120 100 -100 -200
240 120 0 100 -100 0
240 120 0 101 -101 0
240 120 0 102 -102 0
240 120 0 103 -103 0
240 120 -120 104 -104 -208
240 120 0 104 -104 0
240 120 0 105 -105 0
240 120 0 106 -106 0
240 120 0 107 -107 0
240 120 -120 108 -108 -216
240 120 0 108 -108 0
240 120 0 109 -109 0
240 120 0 110 -110 0
240 120 0 111 -111 0
240 120 -120 112 -112 -224
240 120 0 112 -112 0
240 120 0 113 -113 0
240 120 0 114 -114 0
240 120 0 115 -115 0
240 120 -120 116 -116 -232
240 120 0 116 -116 0
240 120 0 117 -117 0
240 120 0 118 -118 0
240 120 0 119 -119 0
240 120 -120 120 -120 -240
240 120 0 120 -120 0
240 120 0 121 -121 0
240 120 0 122 -122 0
240 120 0 123 -123 0
240 120 -120 124 -124 -248
240 120 0 124 -124 0
240 120 0 125 -125 0
240 120 0 126 -126 0
240 120 0 127 -127 0
240 120 -120 128 -128 -256
240 120 0 128 -128 0
240 120 0 129 -129 0
240 120 0 130 -130 0
240 120 0 131 -131 0
240 120 -120 132 -132 -264
240 120 0 132 -132 0
240 120 0 133 -133 0
240 120 0 134 -134 0
240 120 0 135 -135 0
240 120 -120 136 -136 -272
240 120 0 136 -136 0
240 120 0 137 -137 0
240 120 0 138 -138 0
240 120 0 139 -139 0
240 120 -120 140 -140 -280
240 120 0 140 -140 0
240 120 0 141 -141 0
240 120 0 142 -142 0
240 120 0 143 -143 0
240 120 -120 144 -144 -288
240 120 0 144 -144 0
240 120 0 145 -145 0
240 120 0 146 -146 0
240 120 0 147 -147 0
240 120 -120 148 -148 -296
240 120 0 148 -148 0
240 120 0 149 -149 0
240 120 0 150 -150 0
242 121 0 -150 150 0
242 121 0 -149 149 0
242 121 0 -148 148 0
242 121 -121 -147 147 294
242 121 0 -147 147 0
242 121 0 -146 146 0
242 121 0 -145 145 0
242 121 0 -144 144 0
242 121 -121 -143 143 286
242 121 0 -143 143 0
242 121 0 -142 142 0
242 121 0 -141 141 0
242 121 0 -140 140 0
242 121 -121 -139 139 278
242 121 0 -139 139 0
242 121 0 -138 138 0
242 121 0 -137 137 0
242 121 0 -136 136 0
242 121 -121 -135 135 270
242 121 0 -135 135 0
242 121 0 -134 134 0
242 121 0 -133 133 0
242 121 0 -132 132 0
242 121 -121 -131 131 262
242 121 0 -131 131 0
242 121 0 -130 130 0
242 121 0 -129 129 0
242 121 0 -128 128 0
242 121 -121 -127 127 254
242 121 0 -127 127 0
242 121 0 -126 126 0
242 121 0 -125 125 0
242 121 0 -124 124 0
242 121 -121 -123 123 246
242 121 0 -123 123 0
242 121 0 -122 122 0
242 121 0 -121 121 0
242 121 0 -120 120 0
242 121 -121 -119 119 238
242 121 0 -119 119 0
242 121 0 -118 118 0
242 121 0 -117 117 0
242 121 0 -116 116 0
242 121 -121 -115 115 230
242 121 0 -115 115 0
242 121 0 -114 114 0
242 121 0 -113 113 0
242 121 0 -112 112 0
242 121 -121 -111 111 222
242 121 0 -111 111 0
242 121 0 -110 110 0
242 121 0 -109 109 0
242 121 0 -108 108 0
242 121 -121 -107 107 214
242 121 0 -107 107 0
242 121 0 -106 106 0
242 121 0 -105 105 0
242 121 0 -104 104 0
242 121 -121 -103 103 206
242 121 0 -103 103 0
242 121 0 -102 102 0
242 121 0 -101 101 0
242 121 0 -100 100 0
242 121 -121 -99 99 198
242 121 0 -99 99 0
242 121 0 -98 98 0
242 121 0 -97 97 0
242 121 0 -96 96 0
242 121 -121 -95 95 190
242 121 0 -95 95 0
242 121 0 -94 94 0
242 121 0 -93 93 0
242 121 0 -92 92 0
242 121 -121 -91 91 182
242 121 0 -91 91 0
242 121 0 -90 90 0
242 121 0 -89 89 0
242 121 0 -88 88 0
242 121 -121 -87 87 174
242 121 0 -87 87 0
242 121 0 -86 86 0
242 121 0 -85 85 0
242 121 0 -84 84 0
242 121 -121 -83 83 166
242 121 0 -83 83 0
242 121 0 -82 82 0
242 121 0 -81 81 0
242 121 0 -80 80 0
242 121 -121 -79 79 158
242 121 0 -79 79 0
242 121 0 -78 78 0
242 121 0 -77 77 0
242 121 0 -76 76 0
242 121 -121 -75 75 150
242 121 0 -75 75 0
242 121 0 -74 74 0
242 121 0 -73 73 0
242 121 0 -72 72 0
242 121 -121 -71 71 142
242 121 0 -71 71 0
242 121 0 -70 70 0
242 121 0 -69 69 0
242 121 0 -68 68 0
242 121 -121 -67 67 134
242 121 0 -67 67 0
242 121 0 -66 66 0
242 121 0 -65 65 0
242 121 0 -64 64 0
242 121 -121 -63 63 126
242 121 0 -63 63 0
242 121 0 -62 62 0
242 121 0 -61 61 0
242 121 0 -60 60 0
242 121 -121 -59 59 118
242 121 0 -59 59 0
242 121 0 -58 58 0
242 121 0 -57 57 0
242 121 0 -56 56 0
242 121 -121 -55 55 110
242 121 0 -55 55 0
242 121 0 -54 54 0
242 121 0 -53 53 0
242 121 0 -52 52 0
242 121 -121 -51 51 102
242 121 0 -51 51 0
242 121 0 -50 50 0
242 121 0 -49 49 0
242 121 0 -48 48 0
242 121 -121 -47 47 94
242 121 0 -47 47 0
242 121 0 -46 46 0
242 121 0 -45 45 0
242 121 0 -44 44 0
242 121 -121 -43 43 86
242 121 0 -43 43 0
242 121 0 -42 42 0
242 121 0 -41 41 0
242 121 0 -40 40 0
242 121 -121 -39 39 78
242 121 0 -39 39 0
242 121 0 -38 38 0
242 121 0 -37 37 0
242 121 0 -36 36 0
242 121 -121 -35 35 70
242 121 0 -35 35 0
242 121 0 -34 34 0
242 121 0 -33 33 0
242 121 0 -32 32 0
242 121 -121 -31 31 62
242 121 0 -31 31 0
242 121 0 -30 30 0
242 121 0 -29 29 0
242 121 0 -28 28 0
242 121 -121 -27 27 54
242 121 0 -27 27 0
242 121 0 -26 26 0
242 121 0 -25 25 0
242 121 0 -24 24 0
242 121 -121 -23 23 46
242 121 0 -23 23 0
242 121 0 -22 22 0
242 121 0 -21 21 0
242 121 0 -20 20 0
242 121 -121 -19 19 38
242 121 0 -19 19 0
242 121 0 -18 18 0
242 121 0 -17 17 0
242 121 0 -16 16 0
242 121 -121 -15 15 30
242 121 0 -15 15 0
242 121 0 -14 14 0
242 121 0 -13 13 0
242 121 0 -12 12 0
242 121 -121 -11 11 22
242 121 0 -11 11 0
242 121 0 -10 10 0
242 121 0 -9 9 0
242 121 0 -8 8 0
242 121 -121 -7 7 14
242 121 0 -7 7 0
242 121 0 -6 6 0
242 121 0 -5 5 0
242 121 0 -4 4 0
242 121 -121 -3 3 6
242 121 0 -3 3 0
242 121 0 -2 2 0
242 121 0 -1 1 0
242 121 -121 1 -1 -2
242 121 0 1 -1 0
242 121 0 2 -2 0
242 121 0 3 -3 0
242 121 0 4 -4 0
242 121 -121 5 -5 -10
242 121 0 5 -5 0
242 121 0 6 -6 0
242 121 0 7 -7 0
242 121 0 8 -8 0
242 121 -121 9 -9 -18
242 121 0 9 -9 0
242 121 0 10 -10 0
242 121 0 11 -11 0
242 121 0 12 -12 0
242 121 -121 13 -13 -26
242 121 0 13 -13 0
242 121 0 14 -14 0
242 121 0 15 -15 0
242 121 0 16 -16 0
242 121 -121 17 -17 -34
242 121 0 17 -17 0
242 121 0 18 -18 0
242 121 0 19 -19 0
242 121 0 20 -20 0
242 121 -121 21 -21 -42
242 121 0 21 -21 0
242 121 0 22 -22 0
242 121 0 23 -23 0
242 121 0 24 -24 0
242 121 -121 25 -25 -50
242 121 0 25 -25 0
242 121 0 26 -26 0
242 121 0 27 -27 0
242 121 0 28 -28 0
242 121 -121 29 -29 -58
242 121 0 29 -29 0
242 121 0 30 -30 0
242 121 0 31 -31 0
242 121 0 32 -32 0
242 121 -121 33 -33 -66
242 121 0 33 -33 0
242 121 0 34 -34 0
242 121 0 35 -35 0
242 121 0 36 -36 0
242 121 -121 37 -37 -74
242 121 0 37 -37 0
242 121 0 38 -38 0
242 121 0 39 -39 0
242 121 0 40 -40 0
242 121 -121 41 -41 -82
242 121 0 41 -41 0
242 121 0 42 -42 0
242 121 0 43 -43 0
242 121 0 44 -44 0
242 121 -121 45 -45 -90
242 121 0 45 -45 0
242 121 0 46 -46 0
242 121 0 47 -47 0
242 121 0 48 -48 0
242 121 -121 49 -49 -98
242 121 0 49 -49 0
242 121 0 50 -50 0
242 121 0 51 -51 0
242 121 0 52 -52 0
242 121 -121 53 -53 -106
242 121 0 53 -53 0
242 121 0 54 -54 0
242 121 0 55 -55 0
242 121 0 56 -56 0
242 121 -121 57 -57 -114
242 121 0 57 -57 0
242 121 0 58 -58 0
242 121 0 59 -59 0
242 121 0 60 -60 0
242 121 -121 61 -61 -122
242 121 0 61 -61 0
242 121 0 62 -62 0
242 121 0 63 -63 0
242 121 0 64 -64 0
242 121 -121 65 -65 -130
242 121 0 65 -65 0
242 121 0 66 -66 0
242 121 0 67 -67 0
242 121 0 68 -68 0
242 121 -121 69 -69 -138
242 121 0 69 -69 0
242 121 0 70 -70 0
242 121 0 71 -71 0
242 121 0 72 -72 0
242 121 -121 73 -73 -146
242 121 0 73 -73 0
242 121 0 74 -74 0
242 121 0 75 -75 0
242 121 0 76 -76 0
242 121 -121 77 -77 -154
242 121 0 77 -77 0
242 121 0 78 -78 0
242 121 0 79 -79 0
242 121 0 80 -80 0
242 121 -121 81 -81 -162
242 121 0 81 -81 0
242 121 0 82 -82 0
242 121 0 83 -83 0
242 121 0 84 -84 0
242 121 -121 85 -85 -170
242 121 0 85 -85 0
242 121 0 86 -86 0
242 121 0 87 -87 0
242 121 0 88 -88 0
242 121 -121 89 -89 -178
242 121 0 89 -89 0
242 121 0 90 -90 0
242 121 0 91 -91 0
242 121 0 92 -92 0
242 121 -121 93 -93 -186
242 121 0 93 -93 0
242 121 0 94 -94 0
242 121 0 95 -95 0
242 121 0 96 -96 0
242 121 -121 97 -97 -194
242 121 0 97 -97 0
242 121 0 98 -98 0
242 121 0 99 -99 0
242 121 0 100 -100 0
242 121 -121 101 -101 -202
242 121 0 101 -101 0
242 121 0 102 -102 0
242 121 0 103 -103 0
242 121 0 104 -104 0
242 121 -121 105 -105 -210
242 121 0 105 -105 0
242 121 0 106 -106 0
242 121 0 107 -107 0
242 121 0 108 -108 0
242 121 -121 109 -109 -218
242 121 0 109 -109 0
242 121 0 110 -110 0
242 121 0 111 -111 0
242 121 0 112 -112 0
242 121 -121 113 -113 -226
242 121 0 113 -113 0
242 121 0 114 -114 0
242 121 0 115 -115 0
242 121 0 116 -116 0
242 121 -121 117 -117 -234
242 121 0 117 -117 0
242 121 0 118 -118 0
242 121 0 119 -119 0
242 121 0 120 -120 0
242 121 -121 121 -121 -242
242 121 0 121 -121 0
242 121 0 122 -122 0
242 121 0 123 -123 0
242 121 0 124 -124 0
242 121 -121 125 -125 -250
242 121 0 125 -125 0
242 121 0 126 -126 0
242 121 0 127 -127 0
242 121 0 128 -128 0
242 121 -121 129 -129 -258
242 121 0 129 -129 0
242 121 0 130 -130 0
242 121 0 131 -131 0
242 121 0 132 -132 0
242 121 -121 133 -133 -266
242 121 0 133 -133 0
242 121 0 134 -134 0
242 121 0 135 -135 0
242 121 0 136 -136 0
242 121 -121 137 -137 -274
242 121 0 137 -137 0
242 121 0 138 -138 0
242 121 0 139 -139 0
242 121 0 140 -140 0
242 121 -121 141 -141 -282
242 121 0 141 -141 0
242 121 0 142 -142 0
242 121 0 143 -143 0
242 121 0 144 -144 0
242 121 -121 145 -145 -290
242 121 0 145 -145 0
242 121 0 146 -146 0
242 121 0 147 -147 0
242 121 0 148 -148 0
242 121 -121 149 -149 -298
242 121 0 149 -149 0
242 121 0 150 -150 0
244 122 0 -150 150 0
244 122 0 -149 149 0
244 122 -122 -148 148 296
244 122 0 -148 148 0
244 122 0 -147 147 0
244 122 0 -146 146 0
244 122 0 -145 145 0
244 122 -122 -144 144 288
244 122 0 -144 144 0
244 122 0 -143 143 0
244 122 0 -142 142 0
244 122 0 -141 141 0
244 122 -122 -140 140 280
244 122 0 -140 140 0
244 122 0 -139 139 0
244 122 0 -138 138 0
244 122 0 -137 137 0
244 122 -122 -136 136 272
244 122 0 -136 136 0
244 122 0 -135 135 0
244 122 0 -134 134 0
244 122 0 -133 133 0
244 122 -122 -132 132 264
244 122 0 -132 132 0
244 122 0 -131 131 0
244 122 0 -130 130 0
244 122 0 -129 129 0
244 122 -122 -128 128 256
244 122 0 -128 128 0
244 122 0 -127 127 0
244 122 0 -126 126 0
244 122 0 -125 125 0
244 122 -122 -124 124 248
244 122 0 -124 124 0
244 122 0 -123 123 0
244 122 0 -122 122 0
244 122 0 -121 121 0
244 122 -122 -120 120 240
244 122 0 -120 120 0
244 122 0 -119 119 0
244 122 0 -118 118 0
244 122 0 -117 117 0
244 122 -122 -116 116 232
244 122 0 -116 116 0
244 122 0 -115 115 0
244 122 0 -114 114 0
244 122 0 -113 113 0
244 122 -122 -112 112 224
244 122 0 -112 112 0
244 122 0 -111 111 0
244 122 0 -110 110 0
244 122 0 -109 109 0
244 122 -122 -108 108 216
244 122 0 -108 108 0
244 122 0 -107 107 0
244 122 0 -106 106 0
244 122 0 -105 105 0
244 122 -122 -104 104 208
244 122 0 -104 104 0
244 122 0 -103 103 0
244 122 0 -102 102 0
244 122 0 -101 101 0
244 122 -122 -100 100 200
244 122 0 -100 100 0
244 122 0 -99 99 0
244 122 0 -98 98 0
244 122 0 -97 97 0
244 122 -122 -96 96 192
244 122 0 -96 96 0
244 122 0 -95 95 0
244 122 0 -94 94 0
244 122 0 -93 93 0
244 122 -122 -92 92 184
244 122 0 -92 92 0
244 122 0 -91 91 0
244 122 0 -90 90 0
244 122 0 -89 89 0
244 122 -122 -88 88 176
244 122 0 -88 88 0
244 122 0 -87 87 0
244 122 0 -86 86 0
244 122 0 -85 85 0
244 122 -122 -84 84 168
244 122 0 -84 84 0
244 122 0 -83 83 0
244 122 0 -82 82 0
244 122 0 -81 81 0
244 122 -122 -80 80 160
244 122 0 -80 80 0
244 122 0 -79 79 0
244 122 0 -78 78 0
244 122 0 -77 77 0
244 122 -122 -76 76 152
244 122 0 -76 76 0
244 122 0 -75 75 0
244 122 0 -74 74 0
244 122 0 -73 73 0
244 122 -122 -72 72 144
244 122 0 -72 72 0
244 122 0 -71 71 0
244 122 0 -70 70 0
244 122 0 -69 69 0
244 122 -122 -68 68 136
244 122 0 -68 68 0
244 122 0 -67 67 0
244 122 0 -66 66 0
244 122 0 -65 65 0
244 122 -122 -64 64 128
244 122 0 -64 64 0
244 122 0 -63 63 0
244 122 0 -62 62 0
244 122 0 -61 61 0
244 122 -122 -60 60 120
244 122 0 -60 60 0
244 122 0 -59 59 0
244 122 0 -58 58 0
244 122 0 -57 57 0
244 122 -122 -56 56 112
244 122 0 -56 56 0
244 122 0 -55 55 0
244 122 0 -54 54 0
244 122 0 -53 53 0
244 122 -122 -52 52 104
244 122 0 -52 52 0
244 122 0 -51 51 0
244 122 0 -50 50 0
244 122 0 -49 49 0
244 122 -122 -48 48 96
244 122 0 -48 48 0
244 122 0 -47 47 0
244 122 0 -46 46 0
244 122 0 -45 45 0
244 122 -122 -44 44 88
244 122 0 -44 44 0
244 122 0 -43 43 0
244 122 0 -42 42 0
244 122 0 -41 41 0
244 122 -122 -40 40 80
244 122 0 -40 40 0
244 122 0 -39 39 0
244 122 0 -38 38 0
244 122 0 -37 37 0
244 122 -122 -36 36 72
244 122 0 -36 36 0
244 122 0 -35 35 0
244 122 0 -34 34 0
244 122 0 -33 33 0
244 122 -122 -32 32 64
244 122 0 -32 32 0
244 122 0 -31 31 0
244 122 0 -30 30 0
244 122 0 -29 29 0
244 122 -122 -28 28 56
244 122 0 -28 28 0
244 122 0 -27 27 0
244 122 0 -26 26 0
244 122 0 -25 25 0
244 122 -122 -24 24 48
244 122 0 -24 24 0
244 122 0 -23 23 0
244 122 0 -22 22 0
244 122 0 -21 21 0
244 122 -122 -20 20 40
244 122 0 -20 20 0
244 122 0 -19 19 0
244 122 0 -18 18 0
244 122 0 -17 17 0
244 122 -122 -16 16 32
244 122 0 -16 16 0
244 122 0 -15 15 0
244 122 0 -14 14 0
244 122 0 -13 13 0
244 122 -122 -12 12 24
244 122 0 -12 12 0
244 122 0 -11 11 0
244 122 0 -10 10 0
244 122 0 -9 9 0
244 122 -122 -8 8 16
244 122 0 -8 8 0
244 122 0 -7 7 0
244 122 0 -6 6 0
244 122 0 -5 5 0
244 122 -122 -4 4 8
244 122 0 -4 4 0
244 122 0 -3 3 0
244 122 0 -2 2 0
244 122 0 -1 1 0
244 122 0 1 -1 0
244 122 0 2 -2 0
244 122 0 3 -3 0
244 122 -122 4 -4 -8
244 122 0 4 -4 0
244 122 0 5 -5 0
244 122 0 6 -6 0
244 122 0 7 -7 0
244 122 -122 8 -8 -16
244 122 0 8 -8 0
244 122 0 9 -9 0
244 122 0 10 -10 0
244 122 0 11 -11 0
244 122 -122 12 -12 -24
244 122 0 12 -12 0
244 122 0 13 -13 0
244 122 0 14 -14 0
244 122 0 15 -15 0
244 122 -122 16 -16 -32
244 122 0 16 -16 0
244 122 0 17 -17 0
244 122 0 18 -18 0
244 122 0 19 -19 0
244 122 -122 20 -20 -40
244 122 0 20 -20 0
244 122 0 21 -21 0
244 122 0 22 -22 0
244 122 0 23 -23 0
244 122 -122 24 -24 -48
244 122 0 24 -24 0
244 122 0 25 -25 0
244 122 0 26 -26 0
244 122 0 27 -27 0
244 122 -122 28 -28 -56
244 122 0 28 -28 0
244 122 0 29 -29 0
244 122 0 30 -30 0
244 122 0 31 -31 0
244 122 -122 32 -32 -64
244 122 0 32 -32 0
244 122 0 33 -33 0
244 122 0 34 -34 0
244 122 0 35 -35 0
244 122 -122 36 -36 -72
244 122 0 36 -36 0
244 122 0 37 -37 0
244 122 0 38 -38 0
244 122 0 39 -39 0
244 122 -122 40 -40 -80
244 122 0 40 -40 0
244 122 0 41 -41 0
244 122 0 42 -42 0
244 122 0 43 -43 0
244 122 -122 44 -44 -88
244 122 0 44 -44 0
244 122 0 45 -45 0
244 122 0 46 -46 0
244 122 0 47 -47 0
244 122 -122 48 -48 -96
244 122 0 48 -48 0
244 122 0 49 -49 0
244 122 0 50 -50 0
244 122 0 51 -51 0
244 122 -122 52 -52 -104
244 122 0 52 -52 0
244 122 0 53 -53 0
244 122 0 54 -54 0
244 122 0 55 -55 0
244 122 -122 56 -56 -112
244 122 0 56 -56 0
244 122 0 57 -57 0
244 122 0 58 -58 0
244 122 0 59 -59 0
244 122 -122 60 -60 -120
244 122 0 60 -60 0
244 122 0 61 -61 0
244 122 0 62 -62 0
244 122 0 63 -63 0
244 122 -122 64 -64 -128
244 122 0 64 -64 0
244 122 0 65 -65 0
244 122 0 66 -66 0
244 122 0 67 -67 0
244 122 -122 68 -68 -136
244 122 0 68 -68 0
244 122 0 69 -69 0
244 122 0 70 -70 0
244 122 0 71 -71 0
244 122 -122 72 -72 -144
244 122 0 72 -72 0
244 122 0 73 -73 0
244 122 0 74 -74 0
244 122 0 75 -75 0
244 122 -122 76 -76 -152
244 122 0 76 -76 0
244 122 0 77 -77 0
244 122 0 78 -78 0
244 122 0 79 -79 0
244 122 -122 80 -80 -160
244 122 0 80 -80 0
244 122 0 81 -81 0
244 122 0 82 -82 0
244 122 0 83 -83 0
244 122 -122 84 -84 -168
244 122 0 84 -84 0
244 122 0 85 -85 0
244 122 0 86 -86 0
244 122 0 87 -87 0
244 122 -122 88 -88 -176
244 122 0 88 -88 0
244 122 0 89 -89 0
244 122 0 90 -90 0
244 122 0 91 -91 0
244 122 -122 92 -92 -184
244 122 0 92 -92 0
244 122 0 93 -93 0
244 122 0 94 -94 0
244 122 0 95 -95 0
244 122 -122 96 -96 -192
244 122 0 96 -96 0
244 122 0 97 -97 0
244 122 0 98 -98 0
244 122 0 99 -99 0
244 122 -122 100 -100 -200
244 122 0 100 -100 0
244 122 0 101 -101 0
244 122 0 102 -102 0
244 122 0 103 -103 0
244 122 -122 104 -104 -208
244 122 0 104 -104 0
244 122 0 105 -105 0
244 122 0 106 -106 0
244 122 0 107 -107 0
244 122 -122 108 -108 -216
244 122 0 108 -108 0
244 122 0 109 -109 0
244 122 0 110 -110 0
244 122 0 111 -111 0
244 122 -122 112 -112 -224
244 122 0 112 -112 0
244 122 0 113 -113 0
244 122 0 114 -114 0
244 122 0 115 -115 0
244 122 -122 116 -116 -232
244 122 0 116 -116 0
244 122 0 117 -117 0
244 122 0 118 -118 0
244 122 0 119 -119 0
244 122 -122 120 -120 -240
244 122 0 120 -120 0
244 122 0 121 -121 0
244 122 0 122 -122 0
244 122 0 123 -123 0
244 122 -122 124 -124 -248
244 122 0 124 -124 0
244 122 0 125 -125 0
244 122 0 126 -126 0
244 122 0 127 -127 0
244 122 -122 128 -128 -256
244 122 0 128 -128 0
244 122 0 129 -129 0
244 122 0 130 -130 0
244 122 0 131 -131 0
244 122 -122 132 -132 -264
244 122 0 132 -132 0
244 122 0 133 -133 0
244 122 0 134 -134 0
244 122 0 135 -135 0
244 122 -122 136 -136 -272
244 122 0 136 -136 0
244 122 0 137 -137 0
244 122 0 138 -138 0
244 122 0 139 -139 0
244 122 -122 140 -140 -280
244 122 0 140 -140 0
244 122 0 141 -141 0
244 122 0 142 -142 0
244 122 0 143 -143 0
244 122 -122 144 -144 -288
244 122 0 144 -144 0
244 122 0 145 -145 0
244 122 0 146 -146 0
244 122 0 147 -147 0
244 122 -122 148 -148 -296
244 122 0 148 -148 0
244 122 0 149 -149 0
244 122 0 150 -150 0
246 123 0 -150 150 0
246 123 0 -149 149 0
246 123 0 -148 148 0
246 123 -123 -147 147 294
246 123 0 -147 147 0
246 123 0 -146 146 0
246 123 0 -145 145 0
246 123 0 -144 144 0
246 123 -123 -143 143 286
246 123 0 -143 143 0
246 123 0 -142 142 0
246 123 0 -141 141 0
246 123 0 -140 140 0
246 123 -123 -139 139 278
246 123 0 -139 139 0
246 123 0 -138 138 0
246 123 0 -137 137 0
246 123 0 -136 136 0
246 123 -123 -135 135 270
246 123 0 -135 135 0
246 123 0 -134 134 0
246 123 0 -133 133 0
246 123 0 -132 132 0
246 123 -123 -131 131 262
246 123 0 -131 131 0
246 123 0 -130 130 0
246 123 0 -129 129 0
246 123 0 -128 128 0
246 123 -123 -127 127 254
246 123 0 -127 127 0
246 123 0 -126 126 0
246 123 0 -125 125 0
246 123 0 -124 124 0
246 123 -123 -123 123 246
246 123 0 -123 123 0
246 123 0 -122 122 0
246 123 0 -121 121 0
246 123 0 -120 120 0
246 123 -123 -119 119 238
246 123 0 -119 119 0
246 123 0 -118 118 0
246 123 0 -117 117 0
246 123 0 -116 116 0
246 123 -123 -115 115 230
246 123 0 -115 115 0
246 123 0 -114 114 0
246 123 0 -113 113 0
246 123 0 -112 112 0
246 123 -123 -111 111 222
246 123 0 -111 111 0
246 123 0 -110 110 0
246 123 0 -109 109 0
246 123 0 -108 108 0
246 123 -123 -107 107 214
246 123 0 -107 107 0
246 123 0 -106 106 0
246 123 0 -105 105 0
246 123 0 -104 104 0
246 123 -123 -103 103 206
246 123 0 -103 103 0
246 123 0 -102 102 0
246 123 0 -101 101 0
246 123 0 -100 100 0
246 123 -123 -99 99 198
246 123 0 -99 99 0
246 123 0 -98 98 0
246 123 0 -97 97 0
246 123 0 -96 96 0
246 123 -123 -95 95 190
246 123 0 -95 95 0
246 123 0 -94 94 0
246 123 0 -93 93 0
246 123 0 -92 92 0
246 123 -123 -91 91 182
246 123 0 -91 91 0
246 123 0 -90 90 0
246 123 0 -89 89 0
246 123 0 -88 88 0
246 123 -123 -87 87 174
246 123 0 -87 87 0
246 123 0 -86 86 0
246 123 0 -85 85 0
246 123 0 -84 84 0
246 123 -123 -83 83 166
246 123 0 -83 83 0
246 123 0 -82 82 0
246 123 0 -81 81 0
246 123 0 -80 80 0
246 123 -123 -79 79 158
246 123 0 -79 79 0
246 123 0 -78 78 0
246 123 0 -77 77 0
246 123 0 -76 76 0
246 123 -123 -75 75 150
246 123 0 -75 75 0
246 123 0 -74 74 0
246 123 0 -73 73 0
246 123 0 -72 72 0
246 123 -123 -71 71 142
246 123 0 -71 71 0
246 123 0 -70 70 0
246 123 0 -69 69 0
246 123 0 -68 68 0
246 123 -123 -67 67 134
246 123 0 -67 67 0
246 123 0 -66 66 0
246 123 0 -65 65 0
246 123 0 -64 64 0
246 123 -123 -63 63 126
246 123 0 -63 63 0
246 123 0 -62 62 0
246 123 0 -61 61 0
246 123 0 -60 60 0
246 123 -123 -59 59 118
246 123 0 -59 59 0
246 123 0 -58 58 0
246 123 0 -57 57 0
246 123 0 -56 56 0
246 123 -123 -55 55 110
246 123 0 -55 55 0
246 123 0 -54 54 0
246 123 0 -53 53 0
246 123 0 -52 52 0
246 123 -123 -51 51 102
246 123 0 -51 51 0
246 123 0 -50 50 0
246 123 0 -49 49 0
246 123 0 -48 48 0
246 123 -123 -47 47 94
246 123 0 -47 47 0
246 123 0 -46 46 0
246 123 0 -45 45 0
246 123 0 -44 44 0
246 123 -123 -43 43 86
246 123 0 -43 43 0
246 123 0 -42 42 0
246 123 0 -41 41 0
246 123 0 -40 40 0
246 123 -123 -39 39 78
246 123 0 -39 39 0
246 123 0 -38 38 0
246 123 0 -37 37 0
246 123 0 -36 36 0
246 123 -123 -35 35 70
246 123 0 -35 35 0
246 123 0 -34 34 0
246 123 0 -33 33 0
246 123 0 -32 32 0
246 123 -123 -31 31 62
246 123 0 -31 31 0
246 123 0 -30 30 0
246 123 0 -29 29 0
246 123 0 -28 28 0
246 123 -123 -27 27 54
246 123 0 -27 27 0
246 123 0 -26 26 0
246 123 0 -25 25 0
246 123 0 -24 24 0
246 123 -123 -23 23 46
246 123 0 -23 23 0
246 123 0 -22 22 0
246 123 0 -21 21 0
246 123 0 -20 20 0
246 123 -123 -19 19 38
246 123 0 -19 19 0
246 123 0 -18 18 0
246 123 0 -17 17 0
246 123 0 -16 16 0
246 123 -123 -15 15 30
246 123 0 -15 15 0
246 123 0 -14 14 0
246 123 0 -13 13 0
246 123 0 -12 12 0
246 123 -123 -11 11 22
246 123 0 -11 11 0
246 123 0 -10 10 0
246 123 0 -9 9 0
246 123 0 -8 8 0
246 123 -123 -7 7 14
246 123 0 -7 7 0
246 123 0 -6 6 0
246 123 0 -5 5 0
246 123 0 -4 4 0
246 123 -123 -3 3 6
246 123 0 -3 3 0
246 123 0 -2 2 0
246 123 0 -1 1 0
246 123 -123 1 -1 -2
246 123 0 1 -1 0
246 123 0 2 -2 0
246 123 0 3 -3 0
246 123 0 4 -4 0
246 123 -123 5 -5 -10
246 123 0 5 -5 0
246 123 0 6 -6 0
246 123 0 7 -7 0
246 123 0 8 -8 0
246 123 -123 9 -9 -18
246 123 0 9 -9 0
246 123 0 10 -10 0
246 123 0 11 -11 0
246 123 0 12 -12 0
246 123 -123 13 -13 -26
246 123 0 13 -13 0
246 123 0 14 -14 0
246 123 0 15 -15 0
246 123 0 16 -16 0
246 123 -123 17 -17 -34
246 123 0 17 -17 0
246 123 0 18 -18 0
246 123 0 19 -19 0
246 123 0 20 -20 0
246 123 -123 21 -21 -42
246 123 0 21 -21 0
246 123 0 22 -22 0
246 123 0 23 -23 0
246 123 0 24 -24 0
246 123 -123 25 -25 -50
246 123 0 25 -25 0
246 123 0 26 -26 0
246 123 0 27 -27 0
246 123 0 28 -28 0
246 123 -123 29 -29 -58
246 123 0 29 -29 0
246 123 0 30 -30 0
246 123 0 31 -31 0
246 123 0 32 -32 0
246 123 -123 33 -33 -66
246 123 0 33 -33 0
246 123 0 34 -34 0
246 123 0 35 -35 0
246 123 0 36 -36 0
246 123 -123 37 -37 -74
246 123 0 37 -37 0
246 123 0 38 -38 0
246 123 0 39 -39 0
246 123 0 40 -40 0
246 123 -123 41 -41 -82
246 123 0 41 -41 0
246 123 0 42 -42 0
246 123 0 43 -43 0
246 123 0 44 -44 0
246 123 -123 45 -45 -90
246 123 0 45 -45 0
246 123 0 46 -46 0
246 123 0 47 -47 0
246 123 0 48 -48 0
246 123 -123 49 -49 -98
246 123 0 49 -49 0
246 123 0 50 -50 0
246 123 0 51 -51 0
246 123 0 52 -52 0
246 123 -123 53 -53 -106
246 123 0 53 -53 0
246 123 0 54 -54 0
246 123 0 55 -55 0
246 123 0 56 -56 0
246 123 -123 57 -57 -114
246 123 0 57 -57 0
246 123 0 58 -58 0
246 123 0 59 -59 0
246 123 0 60 -60 0
246 123 -123 61 -61 -122
246 123 0 61 -61 0
246 123 0 62 -62 0
246 123 0 63 -63 0
246 123 0 64 -64 0
246 123 -123 65 -65 -130
246 123 0 65 -65 0
246 123 0 66 -66 0
246 123 0 67 -67 0
246 123 0 68 -68 0
246 123 -123 69 -69 -138
246 123 0 69 -69 0
246 123 0 70 -70 0
246 123 0 71 -71 0
246 123 0 72 -72 0
246 123 -123 73 -73 -146
246 123 0 73 -73 0
246 123 0 74 -74 0
246 123 0 75 -75 0
246 123 0 76 -76 0
246 123 -123 77 -77 -154
246 123 0 77 -77 0
246 123 0 78 -78 0
246 123 0 79 -79 0
246 123 0 80 -80 0
246 123 -123 81 -81 -162
246 123 0 81 -81 0
246 123 0 82 -82 0
246 123 0 83 -83 0
246 123 0 84 -84 0
246 123 -123 85 -85 -170
246 123 0 85 -85 0
246 123 0 86 -86 0
246 123 0 87 -87 0
246 123 0 88 -88 0
246 123 -123 89 -89 -178
246 123 0 89 -89 0
246 123 0 90 -90 0
246 123 0 91 -91 0
246 123 0 92 -92 0
246 123 -123 93 -93 -186
246 123 0 93 -93 0
246 123 0 94 -94 0
246 123 0 95 -95 0
246 123 0 96 -96 0
246 123 -123 97 -97 -194
246 123 0 97 -97 0
246 123 0 98 -98 0
246 123 0 99 -99 0
246 123 0 100 -100 0
246 123 -123 101 -101 -202
246 123 0 101 -101 0
246 123 0 102 -102 0
246 123 0 103 -103 0
246 123 0 104 -104 0
246 123 -123 105 -105 -210
246 123 0 105 -105 0
246 123 0 106 -106 0
246 123 0 107 -107 0
246 123 0 108 -108 0
246 123 -123 109 -109 -218
246 123 0 109 -109 0
246 123 0 110 -110 0
246 123 0 111 -111 0
246 123 0 112 -112 0
246 123 -123 113 -113 -226
246 123 0 113 -113 0
246 123 0 114 -114 0
246 123 0 115 -115 0
246 123 0 116 -116 0
246 123 -123 117 -117 -234
246 123 0 117 -117 0
246 123 0 118 -118 0
246 123 0 119 -119 0
246 123 0 120 -120 0
246 123 -123 121 -121 -242
246 123 0 121 -121 0
246 123 0 122 -122 0
246 123 0 123 -123 0
246 123 0 124 -124 0
246 123 -123 125 -125 -250
246 123 0 125 -125 0
246 123 0 126 -126 0
246 123 0 127 -127 0
246 123 0 128 -128 0
246 123 -123 129 -129 -258
246 123 0 129 -129 0
246 123 0 130 -130 0
246 123 0 131 -131 0
246 123 0 132 -132 0
246 123 -123 133 -133 -266
246 123 0 133 -133 0
246 123 0 134 -134 0
246 123 0 135 -135 0
246 123 0 136 -136 0
246 123 -123 137 -137 -274
246 123 0 137 -137 0
246 123 0 138 -138 0
246 123 0 139 -139 0
246 123 0 140 -140 0
246 123 -123 141 -141 -282
246 123 0 141 -141 0
246 123 0 142 -142 0
246 123 0 143 -143 0
246 123 0 144 -144 0
246 123 -123 145 -145 -290
246 123 0 145 -145 0
246 123 0 146 -146 0
246 123 0 147 -147 0
246 123 0 148 -148 0
246 123 -123 149 -149 -298
246 123 0 149 -149 0
246 123 0 150 -150 0
248 124 0 -150 150 0
248 124 0 -149 149 0
248 124 -124 -148 148 296
248 124 0 -148 148 0
248 124 0 -147 147 0
248 124 0 -146 146 0
248 124 0 -145 145 0
248 124 -124 -144 144 288
248 124 0 -144 144 0
248 124 0 -143 143 0
248 124 0 -142 142 0
248 124 0 -141 141 0
248 124 -124 -140 140 280
248 124 0 -140 140 0
248 124 0 -139 139 0
248 124 0 -138 138 0
248 124 0 -137 137 0
248 124 -124 -136 136 272
248 124 0 -136 136 0
248 124 0 -135 135 0
248 124 0 -134 134 0
248 124 0 -133 133 0
248 124 -124 -132 132 264
248 124 0 -132 132 0
248 124 0 -131 131 0
248 124 0 -130 130 0
248 124 0 -129 129 0
248 124 -124 -128 128 256
248 124 0 -128 128 0
248 124 0 -127 127 0
248 124 0 -126 126 0
248 124 0 -125 125 0
248 124 -124 -124 124 248
248 124 0 -124 124 0
248 124 0 -123 123 0
248 124 0 -122 122 0
248 124 0 -121 121 0
248 124 -124 -120 120 240
248 124 0 -120 120 0
248 124 0 -119 119 0
248 124 0 -118 118 0
248 124 0 -117 117 0
248 124 -124 -116 116 232
248 124 0 -116 116 0
248 124 0 -115 115 0
248 124 0 -114 114 0
248 124 0 -113 113 0
248 124 -124 -112 112 224
248 124 0 -112 112 0
248 124 0 -111 111 0
248 124 0 -110 110 0
248 124 0 -109 109 0
248 124 -124 -108 108 216
248 124 0 -108 108 0
248 124 0 -107 107 0
248 124 0 -106 106 0
248 124 0 -105 105 0
248 124 -124 -104 104 208
248 124 0 -104 104 0
248 124 0 -103 103 0
248 124 0 -102 102 0
248 124 0 -101 101 0
248 124 -124 -100 100 200
248 124 0 -100 100 0
248 124 0 -99 99 0
248 124 0 -98 98 0
248 124 0 -97 97 0
248 124 -124 -96 96 192
248 124 0 -96 96 0
248 124 0 -95 95 0
248 124 0 -94 94 0
248 124 0 -93 93 0
248 124 -124 -92 92 184
248 124 0 -92 92 0
248 124 0 -91 91 0
248 124 0 -90 90 0
248 124 0 -89 89 0
248 124 -124 -88 88 176
248 124 0 -88 88 0
248 124 0 -87 87 0
248 124 0 -86 86 0
248 124 0 -85 85 0
248 124 -124 -84 84 168
248 124 0 -84 84 0
248 124 0 -83 83 0
248 124 0 -82 82 0
248 124 0 -81 81 0
248 124 -124 -80 80 160
248 124 0 -80 80 0
248 124 0 -79 79 0
248 124 0 -78 78 0
248 124 0 -77 77 0
248 124 -124 -76 76 152
248 124 0 -76 76 0
248 124 0 -75 75 0
248 124 0 -74 74 0
248 124 0 -73 73 0
248 124 -124 -72 72 144
248 124 0 -72 72 0
248 124 0 -71 71 0
248 124 0 -70 70 0
248 124 0 -69 69 0
248 124 -124 -68 68 136
248 124 0 -68 68 0
248 124 0 -67 67 0
248 124 0 -66 66 0
248 124 0 -65 65 0
248 124 -124 -64 64 128
248 124 0 -64 64 0
248 124 0 -63 63 0
248 124 0 -62 62 0
248 124 0 -61 61 0
248 124 -124 -60 60 120
248 124 0 -60 60 0
248 124 0 -59 59 0
248 124 0 -58 58 0
248 124 0 -57 57 0
248 124 -124 -56 56 112
248 124 0 -56 56 0
248 124 0 -55 55 0
248 124 0 -54 54 0
248 124 0 -53 53 0
248 124 -124 -52 52 104
248 124 0 -52 52 0
248 124 0 -51 51 0
248 124 0 -50 50 0
248 124 0 -49 49 0
248 124 -124 -48 48 96
248 124 0 -48 48 0
248 124 0 -47 47 0
248 124 0 -46 46 0
248 124 0 -45 45 0
248 124 -124 -44 44 88
248 124 0 -44 44 0
248 124 0 -43 43 0
248 124 0 -42 42 0
248 124 0 -41 41 0
248 124 -124 -40 40 80
248 124 0 -40 40 0
248 124 0 -39 39 0
248 124 0 -38 38 0
248 124 0 -37 37 0
248 124 -124 -36 36 72
248 124 0 -36 36 0
248 124 0 -35 35 0
248 124 0 -34 34 0
248 124 0 -33 33 0
248 124 -124 -32 32 64
248 124 0 -32 32 0
248 124 0 -31 31 0
248 124 0 -30 30 0
248 124 0 -29 29 0
248 124 -124 -28 28 56
248 124 0 -28 28 0
248 124 0 -27 27 0
248 124 0 -26 26 0
248 124 0 -25 25 0
248 124 -124 -24 24 48
248 124 0 -24 24 0
248 124 0 -23 23 0
248 124 0 -22 22 0
248 124 0 -21 21 0
248 124 -124 -20 20 40
248 124 0 -20 20 0
248 124 0 -19 19 0
248 124 0 -18 18 0
248 124 0 -17 17 0
248 124 -124 -16 16 32
248 124 0 -16 16 0
248 124 0 -15 15 0
248 124 0 -14 14 0
248 124 0 -13 13 0
248 124 -124 -12 12 24
248 124 0 -12 12 0
248 124 0 -11 11 0
248 124 0 -10 10 0
248 124 0 -9 9 0
248 124 -124 -8 8 16
248 124 0 -8 8 0
248 124 0 -7 7 0
248 124 0 -6 6 0
248 124 0 -5 5 0
248 124 -124 -4 4 8
248 124 0 -4 4 0
248 124 0 -3 3 0
248 124 0 -2 2 0
248 124 0 -1 1 0
248 124 0 1 -1 0
248 124 0 2 -2 0
248 124 0 3 -3 0
248 124 -124 4 -4 -8
248 124 0 4 -4 0
248 124 0 5 -5 0
248 124 0 6 -6 0
248 124 0 7 -7 0
248 124 -124 8 -8 -16
248 124 0 8 -8 0
248 124 0 9 -9 0
248 124 0 10 -10 0
248 124 0 11 -11 0
248 124 -124 12 -12 -24
248 124 0 12 -12 0
248 124 0 13 -13 0
248 124 0 14 -14 0
248 124 0 15 -15 0
248 124 -124 16 -16 -32
248 124 0 16 -16 0
248 124 0 17 -17 0
248 124 0 18 -18 0
248 124 0 19 -19 0
248 124 -124 20 -20 -40
248 124 0 20 -20 0
248 124 0 21 -21 0
248 124 0 22 -22 0
248 124 0 23 -23 0
248 124 -124 24 -24 -48
248 124 0 24 -24 0
248 124 0 25 -25 0
248 124 0 26 -26 0
248 124 0 27 -27 0
248 124 -124 28 -28 -56
248 124 0 28 -28 0
248 124 0 29 -29 0
248 124 0 30 -30 0
248 124 0 31 -31 0
248 124 -124 32 -32 -64
248 124 0 32 -32 0
248 124 0 33 -33 0
248 124 0 34 -34 0
248 124 0 35 -35 0
248 124 -124 36 -36 -72
248 124 0 36 -36 0
248 124 0 37 -37 0
248 124 0 38 -38 0
248 124 0 39 -39 0
248 124 -124 40 -40 -80
248 124 0 40 -40 0
248 124 0 41 -41 0
248 124 0 42 -42 0
248 124 0 43 -43 0
248 124 -124 44 -44 -88
248 124 0 44 -44 0
248 124 0 45 -45 0
248 124 0 46 -46 0
248 124 0 47 -47 0
248 124 -124 48 -48 -96
248 124 0 48 -48 0
248 124 0 49 -49 0
248 124 0 50 -50 0
248 124 0 51 -51 0
248 124 -124 52 -52 -104
248 124 0 52 -52 0
248 124 0 53 -53 0
248 124 0 54 -54 0
248 124 0 55 -55 0
248 124 -124 56 -56 -112
248 124 0 56 -56 0
248 124 0 57 -57 0
248 124 0 58 -58 0
248 124 0 59 -59 0
248 124 -124 60 -60 -120
248 124 0 60 -60 0
248 124 0 61 -61 0
248 124 0 62 -62 0
248 124 0 63 -63 0
248 124 -124 64 -64 -128
248 124 0 64 -64 0
248 124 0 65 -65 0
248 124 0 66 -66 0
248 124 0 67 -67 0
248 124 -124 68 -68 -136
248 124 0 68 -68 0
248 124 0 69 -69 0
248 124 0 70 -70 0
248 124 0 71 -71 0
248 124 -124 72 -72 -144
248 124 0 72 -72 0
248 124 0 73 -73 0
248 124 0 74 -74 0
248 124 0 75 -75 0
248 124 -124 76 -76 -152
248 124 0 76 -76 0
248 124 0 77 -77 0
248 124 0 78 -78 0
248 124 0 79 -79 0
248 124 -124 80 -80 -160
248 124 0 80 -80 0
248 124 0 81 -81 0
248 124 0 82 -82 0
248 124 0 83 -83 0
248 124 -124 84 -84 -168
248 124 0 84 -84 0
248 124 0 85 -85 0
248 124 0 86 -86 0
248 124 0 87 -87 0
248 124 -124 88 -88 -176
248 124 0 88 -88 0
248 124 0 89 -89 0
248 124 0 90 -90 0
248 124 0 91 -91 0
248 124 -124 92 -92 -184
248 124 0 92 -92 0
248 124 0 93 -93 0
248 124 0 94 -94 0
248 124 0 95 -95 0
248 124 -124 96 -96 -192
248 124 0 96 -96 0
248 124 0 97 -97 0
248 124 0 98 -98 0
248 124 0 99 -99 0
248 124 -124 100 -100 -200
248 124 0 100 -100 0
248 124 0 101 -101 0
248 124 0 102 -102 0
248 124 0 103 -103 0
248 124 -124 104 -104 -208
248 124 0 104 -104 0
248 124 0 105 -105 0
248 124 0 106 -106 0
248 124 0 107 -107 0
248 124 -124 108 -108 -216
248 124 0 108 -108 0
248 124 0 109 -109 0
248 124 0 110 -110 0
248 124 0 111 -111 0
248 124 -124 112 -112 -224
248 124 0 112 -112 0
248 124 0 113 -113 0
248 124 0 114 -114 0
248 124 0 115 -115 0
248 124 -124 116 -116 -232
248 124 0 116 -116 0
248 124 0 117 -117 0
248 124 0 118 -118 0
248 124 0 119 -119 0
248 124 -124 120 -120 -240
248 124 0 120 -120 0
248 124 0 121 -121 0
248 124 0 122 -122 0
248 124 0 123 -123 0
248 124 -124 124 -124 -248
248 124 0 124 -124 0
248 124 0 125 -125 0
248 124 0 126 -126 0
248 124 0 127 -127 0
248 124 -124 128 -128 -256
248 124 0 128 -128 0
248 124 0 129 -129 0
248 124 0 130 -130 0
248 124 0 131 -131 0
248 124 -124 132 -132 -264
248 124 0 132 -132 0
248 124 0 133 -133 0
248 124 0 134 -134 0
248 124 0 135 -135 0
248 124 -124 136 -136 -272
248 124 0 136 -136 0
248 124 0 137 -137 0
248 124 0 138 -138 0
248 124 0 139 -139 0
248 124 -124 140 -140 -280
248 124 0 140 -140 0
248 124 0 141 -141 0
248 124 0 142 -142 0
248 124 0 143 -143 0
248 124 -124 144 -144 -288
248 124 0 144 -144 0
248 124 0 145 -145 0
248 124 0 146 -146 0
248 124 0 147 -147 0
248 124 -124 148 -148 -296
248 124 0 148 -148 0
248 124 0 149 -149 0
248 124 0 150 -150 0
250 125 0 -150 150 0
250 125 0 -149 149 0
250 125 0 -148 148 0
250 125 -125 -147 147 294
250 125 0 -147 147 0
250 125 0 -146 146 0
250 125 0 -145 145 0
250 125 0 -144 144 0
250 125 -125 -143 143 286
250 125 0 -143 143 0
250 125 0 -142 142 0
250 125 0 -141 141 0
250 125 0 -140 140 0
250 125 -125 -139 139 278
250 125 0 -139 139 0
250 125 0 -138 138 0
250 125 0 -137 137 0
250 125 0 -136 136 0
250 125 -125 -135 135 270
250 125 0 -135 135 0
250 125 0 -134 134 0
250 125 0 -133 133 0
250 125 0 -132 132 0
250 125 -125 -131 131 262
250 125 0 -131 131 0
250 125 0 -130 130 0
250 125 0 -129 129 0
250 125 0 -128 128 0
250 125 -125 -127 127 254
250 125 0 -127 127 0
250 125 0 -126 126 0
250 125 0 -125 125 0
250 125 0 -124 124 0
250 125 -125 -123 123 246
250 125 0 -123 123 0
250 125 0 -122 122 0
250 125 0 -121 121 0
250 125 0 -120 120 0
250 125 -125 -119 119 238
250 125 0 -119 119 0
250 125 0 -118 118 0
250 125 0 -117 117 0
250 125 0 -116 116 0
250 125 -125 -115 115 230
250 125 0 -115 115 0
250 125 0 -114 114 0
250 125 0 -113 113 0
250 125 0 -112 112 0
250 125 -125 -111 111 222
250 125 0 -111 111 0
250 125 0 -110 110 0
250 125 0 -109 109 0
250 125 0 -108 108 0
250 125 -125 -107 107 214
250 125 0 -107 107 0
250 125 0 -106 106 0
250 125 0 -105 105 0
250 125 0 -104 104 0
250 125 -125 -103 103 206
250 125 0 -103 103 0
250 125 0 -102 102 0
250 125 0 -101 101 0
250 125 0 -100 100 0
250 125 -125 -99 99 198
250 125 0 -99 99 0
250 125 0 -98 98 0
250 125 0 -97 97 0
250 125 0 -96 96 0
250 125 -125 -95 95 190
250 125 0 -95 95 0
250 125 0 -94 94 0
250 125 0 -93 93 0
250 125 0 -92 92 0
250 125 -125 -91 91 182
250 125 0 -91 91 0
250 125 0 -90 90 0
250 125 0 -89 89 0
250 125 0 -88 88 0
250 125 -125 -87 87 174
250 125 0 -87 87 0
250 125 0 -86 86 0
250 125 0 -85 85 0
250 125 0 -84 84 0
250 125 -125 -83 83 166
250 125 0 -83 83 0
250 125 0 -82 82 0
250 125 0 -81 81 0
250 125 0 -80 80 0
250 125 -125 -79 79 158
250 125 0 -79 79 0
250 125 0 -78 78 0
250 125 0 -77 77 0
250 125 0 -76 76 0
250 125 -125 -75 75 150
250 125 0 -75 75 0
250 125 0 -74 74 0
250 125 0 -73 73 0
250 125 0 -72 72 0
250 125 -125 -71 71 142
250 125 0 -71 71 0
250 125 0 -70 70 0
250 125 0 -69 69 0
250 125 0 -68 68 0
250 125 -125 -67 67 134
250 125 0 -67 67 0
250 125 0 -66 66 0
250 125 0 -65 65 0
250 125 0 -64 64 0
250 125 -125 -63 63 126
250 125 0 -63 63 0
250 125 0 -62 62 0
250 125 0 -61 61 0
250 125 0 -60 60 0
250 125 -125 -59 59 118
250 125 0 -59 59 0
250 125 0 -58 58 0
250 125 0 -57 57 0
250 125 0 -56 56 0
250 125 -125 -55 55 110
250 125 0 -55 55 0
250 125 0 -54 54 0
250 125 0 -53 53 0
250 125 0 -52 52 0
250 125 -125 -51 51 102
250 125 0 -51 51 0
250 125 0 -50 50 0
250 125 0 -49 49 0
250 125 0 -48 48 0
250 125 -125 -47 47 94
250 125 0 -47 47 0
250 125 0 -46 46 0
250 125 0 -45 45 0
250 125 0 -44 44 0
250 125 -125 -43 43 86
250 125 0 -43 43 0
250 125 0 -42 42 0
250 125 0 -41 41 0
250 125 0 -40 40 0
250 125 -125 -39 39 78
250 125 0 -39 39 0
250 125 0 -38 38 0
250 125 0 -37 37 0
250 125 0 -36 36 0
250 125 -125 -35 35 70
250 125 0 -35 35 0
250 125 0 -34 34 0
250 125 0 -33 33 0
250 125 0 -32 32 0
250 125 -125 -31 31 62
250 125 0 -31 31 0
250 125 0 -30 30 0
250 125 0 -29 29 0
250 125 0 -28 28 0
250 125 -125 -27 27 54
250 125 0 -27 27 0
250 125 0 -26 26 0
250 125 0 -25 25 0
250 125 0 -24 24 0
250 125 -125 -23 23 46
250 125 0 -23 23 0
250 125 0 -22 22 0
250 125 0 -21 21 0
250 125 0 -20 20 0
250 125 -125 -19 19 38
250 125 0 -19 19 0
250 125 0 -18 18 0
250 125 0 -17 17 0
250 125 0 -16 16 0
250 125 -125 -15 15 30
250 125 0 -15 15 0
250 125 0 -14 14 0
250 125 0 -13 13 0
250 125 0 -12 12 0
250 125 -125 -11 11 22
250 125 0 -11 11 0
250 125 0 -10 10 0
250 125 0 -9 9 0
250 125 0 -8 8 0
250 125 -125 -7 7 14
250 125 0 -7 7 0
250 125 0 -6 6 0
250 125 0 -5 5 0
250 125 0 -4 4 0
250 125 -125 -3 3 6
250 125 0 -3 3 0
250 125 0 -2 2 0
250 125 0 -1 1 0
250 125 -125 1 -1 -2
250 125 0 1 -1 0
250 125 0 2 -2 0
250 125 0 3 -3 0
250 125 0 4 -4 0
250 125 -125 5 -5 -10
250 125 0 5 -5 0
250 125 0 6 -6 0
250 125 0 7 -7 0
250 125 0 8 -8 0
250 125 -125 9 -9 -18
250 125 0 9 -9 0
250 125 0 10 -10 0
250 125 0 11 -11 0
250 125 0 12 -12 0
250 125 -125 13 -13 -26
250 125 0 13 -13 0
250 125 0 14 -14 0
250 125 0 15 -15 0
250 125 0 16 -16 0
250 125 -125 17 -17 -34
250 125 0 17 -17 0
250 125 0 18 -18 0
250 125 0 19 -19 0
250 125 0 20 -20 0
250 125 -125 21 -21 -42
250 125 0 21 -21 0
250 125 0 22 -22 0
250 125 0 23 -23 0
250 125 0 24 -24 0
250 125 -125 25 -25 -50
250 125 0 25 -25 0
250 125 0 26 -26 0
250 125 0 27 -27 0
250 125 0 28 -28 0
250 125 -125 29 -29 -58
250 125 0 29 -29 0
250 125 0 30 -30 0
250 125 0 31 -31 0
250 125 0 32 -32 0
250 125 -125 33 -33 -66
250 125 0 33 -33 0
250 125 0 34 -34 0
250 125 0 35 -35 0
250 125 0 36 -36 0
250 125 -125 37 -37 -74
250 125 0 37 -37 0
250 125 0 38 -38 0
250 125 0 39 -39 0
250 125 0 40 -40 0
250 125 -125 41 -41 -82
250 125 0 41 -41 0
250 125 0 42 -42 0
250 125 0 43 -43 0
250 125 0 44 -44 0
250 125 -125 45 -45 -90
250 125 0 45 -45 0
250 125 0 46 -46 0
250 125 0 47 -47 0
250 125 0 48 -48 0
250 125 -125 49 -49 -98
250 125 0 49 -49 0
250 125 0 50 -50 0
250 125 0 51 -51 0
250 125 0 52 -52 0
250 125 -125 53 -53 -106
250 125 0 53 -53 0
250 125 0 54 -54 0
250 125 0 55 -55 0
250 125 0 56 -56 0
250 125 -125 57 -57 -114
250 125 0 57 -57 0
250 125 0 58 -58 0
250 125 0 59 -59 0
250 125 0 60 -60 0
250 125 -125 61 -61 -122
250 125 0 61 -61 0
250 125 0 62 -62 0
250 125 0 63 -63 0
250 125 0 64 -64 0
250 125 -125 65 -65 -130
250 125 0 65 -65 0
250 125 0 66 -66 0
250 125 0 67 -67 0
250 125 0 68 -68 0
250 125 -125 69 -69 -138
250 125 0 69 -69 0
250 125 0 70 -70 0
250 125 0 71 -71 0
250 125 0 72 -72 0
250 125 -125 73 -73 -146
250 125 0 73 -73 0
250 125 0 74 -74 0
250 125 0 75 -75 0
250 125 0 76 -76 0
250 125 -125 77 -77 -154
250 125 0 77 -77 0
250 125 0 78 -78 0
250 125 0 79 -79 0
250 125 0 80 -80 0
250 125 -125 81 -81 -162
250 125 0 81 -81 0
250 125 0 82 -82 0
250 125 0 83 -83 0
250 125 0 84 -84 0
250 125 -125 85 -85 -170
250 125 0 85 -85 0
250 125 0 86 -86 0
250 125 0 87 -87 0
250 125 0 88 -88 0
250 125 -125 89 -89 -178
250 125 0 89 -89 0
250 125 0 90 -90 0
250 125 0 91 -91 0
250 125 0 92 -92 0
250 125 -125 93 -93 -186
250 125 0 93 -93 0
250 125 0 94 -94 0
250 125 0 95 -95 0
250 125 0 96 -96 0
250 125 -125 97 -97 -194
250 125 0 97 -97 0
250 125 0 98 -98 0
250 125 0 99 -99 0
250 125 0 100 -100 0
250 125 -125 101 -101 -202
250 125 0 101 -101 0
250 125 0 102 -102 0
250 125 0 103 -103 0
250 125 0 104 -104 0
250 125 -125 105 -105 -210
250 125 0 105 -105 0
250 125 0 106 -106 0
250 125 0 107 -107 0
250 125 0 108 -108 0
250 125 -125 109 -109 -218
250 125 0 109 -109 0
250 125 0 110 -110 0
250 125 0 111 -111 0
250 125 0 112 -112 0
250 125 -125 113 -113 -226
250 125 0 113 -113 0
250 125 0 114 -114 0
250 125 0 115 -115 0
250 125 0 116 -116 0
250 125 -125 117 -117 -234
250 125 0 117 -117 0
250 125 0 118 -118 0
250 125 0 119 -119 0
250 125 0 120 -120 0
250 125 -125 121 -121 -242
250 125 0 121 -121 0
250 125 0 122 -122 0
250 125 0 123 -123 0
250 125 0 124 -124 0
250 125 -125 125 -125 -250
250 125 0 125 -125 0
250 125 0 126 -126 0
250 125 0 127 -127 0
250 125 0 128 -128 0
250 125 -125 129 -129 -258
250 125 0 129 -129 0
250 125 0 130 -130 0
250 125 0 131 -131 0
250 125 0 132 -132 0
250 125 -125 133 -133 -266
250 125 0 133 -133 0
250 125 0 134 -134 0
250 125 0 135 -135 0
250 125 0 136 -136 0
250 125 -125 137 -137 -274
250 125 0 137 -137 0
250 125 0 138 -138 0
250 125 0 139 -139 0
250 125 0 140 -140 0
250 125 -125 141 -141 -282
250 125 0 141 -141 0
250 125 0 142 -142 0
250 125 0 143 -143 0
250 125 0 144 -144 0
250 125 -125 145 -145 -290
250 125 0 145 -145 0
250 125 0 146 -146 0
250 125 0 147 -147 0
250 125 0 148 -148 0
250 125 -125 149 -149 -298
250 125 0 149 -149 0
250 125 0 150 -150 0
