2752 1376 0 -150 150 0
2752 1376 0 -149 149 0
2752 1376 0 -148 148 0
2752 1376 0 -147 147 0
2752 1376 0 -146 146 0
2752 1376 0 -145 145 0
2752 1376 0 -144 144 0
2752 1376 0 -143 143 0
2752 1376 0 -142 142 0
2752 1376 0 -141 141 0
2752 1376 0 -140 140 0
2752 1376 0 -139 139 0
2752 1376 0 -138 138 0
2752 1376 0 -137 137 0
2752 1376 0 -136 136 0
2752 1376 0 -135 135 0
2752 1376 0 -134 134 0
2752 1376 0 -133 133 0
2752 1376 0 -132 132 0
2752 1376 0 -131 131 0
2752 1376 0 -130 130 0
2752 1376 0 -129 129 0
2752 1376 0 -128 128 0
2752 1376 0 -127 127 0
2752 1376 0 -126 126 0
2752 1376 0 -125 125 0
2752 1376 0 -124 124 0
2752 1376 0 -123 123 0
2752 1376 0 -122 122 0
2752 1376 0 -121 121 0
2752 1376 0 -120 120 0
2752 1376 0 -119 119 0
2752 1376 0 -118 118 0
2752 1376 0 -117 117 0
2752 1376 0 -116 116 0
2752 1376 0 -115 115 0
2752 1376 0 -114 114 0
2752 1376 0 -113 113 0
2752 1376 0 -112 112 0
2752 1376 0 -111 111 0
2752 1376 0 -110 110 0
2752 1376 0 -109 109 0
2752 1376 0 -108 108 0
2752 1376 0 -107 107 0
2752 1376 0 -106 106 0
2752 1376 0 -105 105 0
2752 1376 0 -104 104 0
2752 1376 0 -103 103 0
2752 1376 0 -102 102 0
2752 1376 0 -101 101 0
2752 1376 0 -100 100 0
2752 1376 0 -99 99 0
2752 1376 0 -98 98 0
2752 1376 0 -97 97 0
2752 1376 0 -96 96 0
2752 1376 0 -95 95 0
2752 1376 0 -94 94 0
2752 1376 0 -93 93 0
2752 1376 0 -92 92 0
2752 1376 0 -91 91 0
2752 1376 0 -90 90 0
2752 1376 0 -89 89 0
2752 1376 0 -88 88 0
2752 1376 0 -87 87 0
2752 1376 0 -86 86 0
2752 1376 0 -85 85 0
2752 1376 0 -84 84 0
2752 1376 0 -83 83 0
2752 1376 0 -82 82 0
2752 1376 0 -81 81 0
2752 1376 0 -80 80 0
2752 1376 0 -79 79 0
2752 1376 0 -78 78 0
2752 1376 0 -77 77 0
2752 1376 0 -76 76 0
2752 1376 0 -75 75 0
2752 1376 0 -74 74 0
2752 1376 0 -73 73 0
2752 1376 0 -72 72 0
2752 1376 0 -71 71 0
2752 1376 0 -70 70 0
2752 1376 0 -69 69 0
2752 1376 0 -68 68 0
2752 1376 0 -67 67 0
2752 1376 0 -66 66 0
2752 1376 0 -65 65 0
2752 1376 0 -64 64 0
2752 1376 0 -63 63 0
2752 1376 0 -62 62 0
2752 1376 0 -61 61 0
2752 1376 0 -60 60 0
2752 1376 0 -59 59 0
2752 1376 0 -58 58 0
2752 1376 0 -57 57 0
2752 1376 0 -56 56 0
2752 1376 0 -55 55 0
2752 1376 0 -54 54 0
2752 1376 0 -53 53 0
2752 1376 0 -52 52 0
2752 1376 0 -51 51 0
2752 1376 0 -50 50 0
2752 1376 0 -49 49 0
2752 1376 0 -48 48 0
2752 1376 0 -47 47 0
2752 1376 0 -46 46 0
2752 1376 0 -45 45 0
2752 1376 0 -44 44 0
2752 1376 0 -43 43 0
2752 1376 0 -42 42 0
2752 1376 0 -41 41 0
2752 1376 0 -40 40 0
2752 1376 0 -39 39 0
2752 1376 0 -38 38 0
2752 1376 0 -37 37 0
2752 1376 0 -36 36 0
2752 1376 0 -35 35 0
2752 1376 0 -34 34 0
2752 1376 0 -33 33 0
2752 1376 0 -32 32 0
2752 1376 0 -31 31 0
2752 1376 0 -30 30 0
2752 1376 0 -29 29 0
2752 1376 0 -28 28 0
2752 1376 0 -27 27 0
2752 1376 0 -26 26 0
2752 1376 0 -25 25 0
2752 1376 0 -24 24 0
2752 1376 0 -23 23 0
2752 1376 0 -22 22 0
2752 1376 0 -21 21 0
2752 1376 0 -20 20 0
2752 1376 0 -19 19 0
2752 1376 0 -18 18 0
2752 1376 0 -17 17 0
2752 1376 0 -16 16 0
2752 1376 0 -15 15 0
2752 1376 0 -14 14 0
2752 1376 0 -13 13 0
2752 1376 0 -12 12 0
2752 1376 0 -11 11 0
2752 1376 0 -10 10 0
2752 1376 0 -9 9 0
2752 1376 0 -8 8 0
2752 1376 0 -7 7 0
2752 1376 0 -6 6 0
2752 1376 0 -5 5 0
2752 1376 0 -4 4 0
2752 1376 0 -3 3 0
2752 1376 0 -2 2 0
2752 1376 0 -1 1 0
2752 1376 0 1 -1 0
2752 1376 0 2 -2 0
2752 1376 0 3 -3 0
2752 1376 0 4 -4 0
2752 1376 0 5 -5 0
2752 1376 0 6 -6 0
2752 1376 0 7 -7 0
2752 1376 0 8 -8 0
2752 1376 0 9 -9 0
2752 1376 0 10 -10 0
2752 1376 0 11 -11 0
2752 1376 0 12 -12 0
2752 1376 0 13 -13 0
2752 1376 0 14 -14 0
2752 1376 0 15 -15 0
2752 1376 0 16 -16 0
2752 1376 0 17 -17 0
2752 1376 0 18 -18 0
2752 1376 0 19 -19 0
2752 1376 0 20 -20 0
2752 1376 0 21 -21 0
2752 1376 0 22 -22 0
2752 1376 0 23 -23 0
2752 1376 0 24 -24 0
2752 1376 0 25 -25 0
2752 1376 0 26 -26 0
2752 1376 0 27 -27 0
2752 1376 0 28 -28 0
2752 1376 0 29 -29 0
2752 1376 0 30 -30 0
2752 1376 0 31 -31 0
2752 1376 0 32 -32 0
2752 1376 0 33 -33 0
2752 1376 0 34 -34 0
2752 1376 0 35 -35 0
2752 1376 0 36 -36 0
2752 1376 0 37 -37 0
2752 1376 0 38 -38 0
2752 1376 0 39 -39 0
2752 1376 0 40 -40 0
2752 1376 0 41 -41 0
2752 1376 0 42 -42 0
2752 1376 0 43 -43 0
2752 1376 0 44 -44 0
2752 1376 0 45 -45 0
2752 1376 0 46 -46 0
2752 1376 0 47 -47 0
2752 1376 0 48 -48 0
2752 1376 0 49 -49 0
2752 1376 0 50 -50 0
2752 1376 0 51 -51 0
2752 1376 0 52 -52 0
2752 1376 0 53 -53 0
2752 1376 0 54 -54 0
2752 1376 0 55 -55 0
2752 1376 0 56 -56 0
2752 1376 0 57 -57 0
2752 1376 0 58 -58 0
2752 1376 0 59 -59 0
2752 1376 0 60 -60 0
2752 1376 0 61 -61 0
2752 1376 0 62 -62 0
2752 1376 0 63 -63 0
2752 1376 0 64 -64 0
2752 1376 0 65 -65 0
2752 1376 0 66 -66 0
2752 1376 0 67 -67 0
2752 1376 0 68 -68 0
2752 1376 0 69 -69 0
2752 1376 0 70 -70 0
2752 1376 0 71 -71 0
2752 1376 0 72 -72 0
2752 1376 0 73 -73 0
2752 1376 0 74 -74 0
2752 1376 0 75 -75 0
2752 1376 0 76 -76 0
2752 1376 0 77 -77 0
2752 1376 0 78 -78 0
2752 1376 0 79 -79 0
2752 1376 0 80 -80 0
2752 1376 0 81 -81 0
2752 1376 0 82 -82 0
2752 1376 0 83 -83 0
2752 1376 0 84 -84 0
2752 1376 0 85 -85 0
2752 1376 0 86 -86 0
2752 1376 0 87 -87 0
2752 1376 0 88 -88 0
2752 1376 0 89 -89 0
2752 1376 0 90 -90 0
2752 1376 0 91 -91 0
2752 1376 0 92 -92 0
2752 1376 0 93 -93 0
2752 1376 0 94 -94 0
2752 1376 0 95 -95 0
2752 1376 0 96 -96 0
2752 1376 0 97 -97 0
2752 1376 0 98 -98 0
2752 1376 0 99 -99 0
2752 1376 0 100 -100 0
2752 1376 0 101 -101 0
2752 1376 0 102 -102 0
2752 1376 0 103 -103 0
2752 1376 0 104 -104 0
2752 1376 0 105 -105 0
2752 1376 0 106 -106 0
2752 1376 0 107 -107 0
2752 1376 0 108 -108 0
2752 1376 0 109 -109 0
2752 1376 0 110 -110 0
2752 1376 0 111 -111 0
2752 1376 0 112 -112 0
2752 1376 0 113 -113 0
2752 1376 0 114 -114 0
2752 1376 0 115 -115 0
2752 1376 0 116 -116 0
2752 1376 0 117 -117 0
2752 1376 0 118 -118 0
2752 1376 0 119 -119 0
2752 1376 0 120 -120 0
2752 1376 0 121 -121 0
2752 1376 0 122 -122 0
2752 1376 0 123 -123 0
2752 1376 0 124 -124 0
2752 1376 0 125 -125 0
2752 1376 0 126 -126 0
2752 1376 0 127 -127 0
2752 1376 0 128 -128 0
2752 1376 0 129 -129 0
2752 1376 0 130 -130 0
2752 1376 0 131 -131 0
2752 1376 0 132 -132 0
2752 1376 0 133 -133 0
2752 1376 0 134 -134 0
2752 1376 0 135 -135 0
2752 1376 0 136 -136 0
2752 1376 0 137 -137 0
2752 1376 0 138 -138 0
2752 1376 0 139 -139 0
2752 1376 0 140 -140 0
2752 1376 0 141 -141 0
2752 1376 0 142 -142 0
2752 1376 0 143 -143 0
2752 1376 0 144 -144 0
2752 1376 0 145 -145 0
2752 1376 0 146 -146 0
2752 1376 0 147 -147 0
2752 1376 0 148 -148 0
2752 1376 0 149 -149 0
2752 1376 0 150 -150 0
2754 1377 0 -150 150 0
2754 1377 0 -149 149 0
2754 1377 0 -148 148 0
2754 1377 0 -147 147 0
2754 1377 0 -146 146 0
2754 1377 0 -145 145 0
2754 1377 0 -144 144 0
2754 1377 0 -143 143 0
2754 1377 0 -142 142 0
2754 1377 0 -141 141 0
2754 1377 0 -140 140 0
2754 1377 0 -139 139 0
2754 1377 0 -138 138 0
2754 1377 0 -137 137 0
2754 1377 0 -136 136 0
2754 1377 0 -135 135 0
2754 1377 0 -134 134 0
2754 1377 0 -133 133 0
2754 1377 0 -132 132 0
2754 1377 0 -131 131 0
2754 1377 0 -130 130 0
2754 1377 0 -129 129 0
2754 1377 0 -128 128 0
2754 1377 0 -127 127 0
2754 1377 0 -126 126 0
2754 1377 0 -125 125 0
2754 1377 0 -124 124 0
2754 1377 0 -123 123 0
2754 1377 0 -122 122 0
2754 1377 0 -121 121 0
2754 1377 0 -120 120 0
2754 1377 0 -119 119 0
2754 1377 0 -118 118 0
2754 1377 0 -117 117 0
2754 1377 0 -116 116 0
2754 1377 0 -115 115 0
2754 1377 0 -114 114 0
2754 1377 0 -113 113 0
2754 1377 0 -112 112 0
2754 1377 0 -111 111 0
2754 1377 0 -110 110 0
2754 1377 0 -109 109 0
2754 1377 0 -108 108 0
2754 1377 0 -107 107 0
2754 1377 0 -106 106 0
2754 1377 0 -105 105 0
2754 1377 0 -104 104 0
2754 1377 0 -103 103 0
2754 1377 0 -102 102 0
2754 1377 0 -101 101 0
2754 1377 0 -100 100 0
2754 1377 0 -99 99 0
2754 1377 0 -98 98 0
2754 1377 0 -97 97 0
2754 1377 0 -96 96 0
2754 1377 0 -95 95 0
2754 1377 0 -94 94 0
2754 1377 0 -93 93 0
2754 1377 0 -92 92 0
2754 1377 0 -91 91 0
2754 1377 0 -90 90 0
2754 1377 0 -89 89 0
2754 1377 0 -88 88 0
2754 1377 0 -87 87 0
2754 1377 0 -86 86 0
2754 1377 0 -85 85 0
2754 1377 0 -84 84 0
2754 1377 0 -83 83 0
2754 1377 0 -82 82 0
2754 1377 0 -81 81 0
2754 1377 0 -80 80 0
2754 1377 0 -79 79 0
2754 1377 0 -78 78 0
2754 1377 0 -77 77 0
2754 1377 0 -76 76 0
2754 1377 0 -75 75 0
2754 1377 0 -74 74 0
2754 1377 0 -73 73 0
2754 1377 0 -72 72 0
2754 1377 0 -71 71 0
2754 1377 0 -70 70 0
2754 1377 0 -69 69 0
2754 1377 0 -68 68 0
2754 1377 0 -67 67 0
2754 1377 0 -66 66 0
2754 1377 0 -65 65 0
2754 1377 0 -64 64 0
2754 1377 0 -63 63 0
2754 1377 0 -62 62 0
2754 1377 0 -61 61 0
2754 1377 0 -60 60 0
2754 1377 0 -59 59 0
2754 1377 0 -58 58 0
2754 1377 0 -57 57 0
2754 1377 0 -56 56 0
2754 1377 0 -55 55 0
2754 1377 0 -54 54 0
2754 1377 0 -53 53 0
2754 1377 0 -52 52 0
2754 1377 0 -51 51 0
2754 1377 0 -50 50 0
2754 1377 0 -49 49 0
2754 1377 0 -48 48 0
2754 1377 0 -47 47 0
2754 1377 0 -46 46 0
2754 1377 0 -45 45 0
2754 1377 0 -44 44 0
2754 1377 0 -43 43 0
2754 1377 0 -42 42 0
2754 1377 0 -41 41 0
2754 1377 0 -40 40 0
2754 1377 0 -39 39 0
2754 1377 0 -38 38 0
2754 1377 0 -37 37 0
2754 1377 0 -36 36 0
2754 1377 0 -35 35 0
2754 1377 0 -34 34 0
2754 1377 0 -33 33 0
2754 1377 0 -32 32 0
2754 1377 0 -31 31 0
2754 1377 0 -30 30 0
2754 1377 0 -29 29 0
2754 1377 0 -28 28 0
2754 1377 0 -27 27 0
2754 1377 0 -26 26 0
2754 1377 0 -25 25 0
2754 1377 0 -24 24 0
2754 1377 0 -23 23 0
2754 1377 0 -22 22 0
2754 1377 0 -21 21 0
2754 1377 0 -20 20 0
2754 1377 0 -19 19 0
2754 1377 0 -18 18 0
2754 1377 0 -17 17 0
2754 1377 0 -16 16 0
2754 1377 0 -15 15 0
2754 1377 0 -14 14 0
2754 1377 0 -13 13 0
2754 1377 0 -12 12 0
2754 1377 0 -11 11 0
2754 1377 0 -10 10 0
2754 1377 0 -9 9 0
2754 1377 0 -8 8 0
2754 1377 0 -7 7 0
2754 1377 0 -6 6 0
2754 1377 0 -5 5 0
2754 1377 0 -4 4 0
2754 1377 0 -3 3 0
2754 1377 0 -2 2 0
2754 1377 0 -1 1 0
2754 1377 0 1 -1 0
2754 1377 0 2 -2 0
2754 1377 0 3 -3 0
2754 1377 0 4 -4 0
2754 1377 0 5 -5 0
2754 1377 0 6 -6 0
2754 1377 0 7 -7 0
2754 1377 0 8 -8 0
2754 1377 0 9 -9 0
2754 1377 0 10 -10 0
2754 1377 0 11 -11 0
2754 1377 0 12 -12 0
2754 1377 0 13 -13 0
2754 1377 0 14 -14 0
2754 1377 0 15 -15 0
2754 1377 0 16 -16 0
2754 1377 0 17 -17 0
2754 1377 0 18 -18 0
2754 1377 0 19 -19 0
2754 1377 0 20 -20 0
2754 1377 0 21 -21 0
2754 1377 0 22 -22 0
2754 1377 0 23 -23 0
2754 1377 0 24 -24 0
2754 1377 0 25 -25 0
2754 1377 0 26 -26 0
2754 1377 0 27 -27 0
2754 1377 0 28 -28 0
2754 1377 0 29 -29 0
2754 1377 0 30 -30 0
2754 1377 0 31 -31 0
2754 1377 0 32 -32 0
2754 1377 0 33 -33 0
2754 1377 0 34 -34 0
2754 1377 0 35 -35 0
2754 1377 0 36 -36 0
2754 1377 0 37 -37 0
2754 1377 0 38 -38 0
2754 1377 0 39 -39 0
2754 1377 0 40 -40 0
2754 1377 0 41 -41 0
2754 1377 0 42 -42 0
2754 1377 0 43 -43 0
2754 1377 0 44 -44 0
2754 1377 0 45 -45 0
2754 1377 0 46 -46 0
2754 1377 0 47 -47 0
2754 1377 0 48 -48 0
2754 1377 0 49 -49 0
2754 1377 0 50 -50 0
2754 1377 0 51 -51 0
2754 1377 0 52 -52 0
2754 1377 0 53 -53 0
2754 1377 0 54 -54 0
2754 1377 0 55 -55 0
2754 1377 0 56 -56 0
2754 1377 0 57 -57 0
2754 1377 0 58 -58 0
2754 1377 0 59 -59 0
2754 1377 0 60 -60 0
2754 1377 0 61 -61 0
2754 1377 0 62 -62 0
2754 1377 0 63 -63 0
2754 1377 0 64 -64 0
2754 1377 0 65 -65 0
2754 1377 0 66 -66 0
2754 1377 0 67 -67 0
2754 1377 0 68 -68 0
2754 1377 0 69 -69 0
2754 1377 0 70 -70 0
2754 1377 0 71 -71 0
2754 1377 0 72 -72 0
2754 1377 0 73 -73 0
2754 1377 0 74 -74 0
2754 1377 0 75 -75 0
2754 1377 0 76 -76 0
2754 1377 0 77 -77 0
2754 1377 0 78 -78 0
2754 1377 0 79 -79 0
2754 1377 0 80 -80 0
2754 1377 0 81 -81 0
2754 1377 0 82 -82 0
2754 1377 0 83 -83 0
2754 1377 0 84 -84 0
2754 1377 0 85 -85 0
2754 1377 0 86 -86 0
2754 1377 0 87 -87 0
2754 1377 0 88 -88 0
2754 1377 0 89 -89 0
2754 1377 0 90 -90 0
2754 1377 0 91 -91 0
2754 1377 0 92 -92 0
2754 1377 0 93 -93 0
2754 1377 0 94 -94 0
2754 1377 0 95 -95 0
2754 1377 0 96 -96 0
2754 1377 0 97 -97 0
2754 1377 0 98 -98 0
2754 1377 0 99 -99 0
2754 1377 0 100 -100 0
2754 1377 0 101 -101 0
2754 1377 0 102 -102 0
2754 1377 0 103 -103 0
2754 1377 0 104 -104 0
2754 1377 0 105 -105 0
2754 1377 0 106 -106 0
2754 1377 0 107 -107 0
2754 1377 0 108 -108 0
2754 1377 0 109 -109 0
2754 1377 0 110 -110 0
2754 1377 0 111 -111 0
2754 1377 0 112 -112 0
2754 1377 0 113 -113 0
2754 1377 0 114 -114 0
2754 1377 0 115 -115 0
2754 1377 0 116 -116 0
2754 1377 0 117 -117 0
2754 1377 0 118 -118 0
2754 1377 0 119 -119 0
2754 1377 0 120 -120 0
2754 1377 0 121 -121 0
2754 1377 0 122 -122 0
2754 1377 0 123 -123 0
2754 1377 0 124 -124 0
2754 1377 0 125 -125 0
2754 1377 0 126 -126 0
2754 1377 0 127 -127 0
2754 1377 0 128 -128 0
2754 1377 0 129 -129 0
2754 1377 0 130 -130 0
2754 1377 0 131 -131 0
2754 1377 0 132 -132 0
2754 1377 0 133 -133 0
2754 1377 0 134 -134 0
2754 1377 0 135 -135 0
2754 1377 0 136 -136 0
2754 1377 0 137 -137 0
2754 1377 0 138 -138 0
2754 1377 0 139 -139 0
2754 1377 0 140 -140 0
2754 1377 0 141 -141 0
2754 1377 0 142 -142 0
2754 1377 0 143 -143 0
2754 1377 0 144 -144 0
2754 1377 0 145 -145 0
2754 1377 0 146 -146 0
2754 1377 0 147 -147 0
2754 1377 0 148 -148 0
2754 1377 0 149 -149 0
2754 1377 0 150 -150 0
2756 1378 0 -150 150 0
2756 1378 0 -149 149 0
2756 1378 0 -148 148 0
2756 1378 0 -147 147 0
2756 1378 0 -146 146 0
2756 1378 0 -145 145 0
2756 1378 0 -144 144 0
2756 1378 0 -143 143 0
2756 1378 0 -142 142 0
2756 1378 0 -141 141 0
2756 1378 0 -140 140 0
2756 1378 0 -139 139 0
2756 1378 0 -138 138 0
2756 1378 0 -137 137 0
2756 1378 0 -136 136 0
2756 1378 0 -135 135 0
2756 1378 0 -134 134 0
2756 1378 0 -133 133 0
2756 1378 0 -132 132 0
2756 1378 0 -131 131 0
2756 1378 0 -130 130 0
2756 1378 0 -129 129 0
2756 1378 0 -128 128 0
2756 1378 0 -127 127 0
2756 1378 0 -126 126 0
2756 1378 0 -125 125 0
2756 1378 0 -124 124 0
2756 1378 0 -123 123 0
2756 1378 0 -122 122 0
2756 1378 0 -121 121 0
2756 1378 0 -120 120 0
2756 1378 0 -119 119 0
2756 1378 0 -118 118 0
2756 1378 0 -117 117 0
2756 1378 0 -116 116 0
2756 1378 0 -115 115 0
2756 1378 0 -114 114 0
2756 1378 0 -113 113 0
2756 1378 0 -112 112 0
2756 1378 0 -111 111 0
2756 1378 0 -110 110 0
2756 1378 0 -109 109 0
2756 1378 0 -108 108 0
2756 1378 0 -107 107 0
2756 1378 0 -106 106 0
2756 1378 0 -105 105 0
2756 1378 0 -104 104 0
2756 1378 0 -103 103 0
2756 1378 0 -102 102 0
2756 1378 0 -101 101 0
2756 1378 0 -100 100 0
2756 1378 0 -99 99 0
2756 1378 0 -98 98 0
2756 1378 0 -97 97 0
2756 1378 0 -96 96 0
2756 1378 0 -95 95 0
2756 1378 0 -94 94 0
2756 1378 0 -93 93 0
2756 1378 0 -92 92 0
2756 1378 0 -91 91 0
2756 1378 0 -90 90 0
2756 1378 0 -89 89 0
2756 1378 0 -88 88 0
2756 1378 0 -87 87 0
2756 1378 0 -86 86 0
2756 1378 0 -85 85 0
2756 1378 0 -84 84 0
2756 1378 0 -83 83 0
2756 1378 0 -82 82 0
2756 1378 0 -81 81 0
2756 1378 0 -80 80 0
2756 1378 0 -79 79 0
2756 1378 0 -78 78 0
2756 1378 0 -77 77 0
2756 1378 0 -76 76 0
2756 1378 0 -75 75 0
2756 1378 0 -74 74 0
2756 1378 0 -73 73 0
2756 1378 0 -72 72 0
2756 1378 0 -71 71 0
2756 1378 0 -70 70 0
2756 1378 0 -69 69 0
2756 1378 0 -68 68 0
2756 1378 0 -67 67 0
2756 1378 0 -66 66 0
2756 1378 0 -65 65 0
2756 1378 0 -64 64 0
2756 1378 0 -63 63 0
2756 1378 0 -62 62 0
2756 1378 0 -61 61 0
2756 1378 0 -60 60 0
2756 1378 0 -59 59 0
2756 1378 0 -58 58 0
2756 1378 0 -57 57 0
2756 1378 0 -56 56 0
2756 1378 0 -55 55 0
2756 1378 0 -54 54 0
2756 1378 0 -53 53 0
2756 1378 0 -52 52 0
2756 1378 0 -51 51 0
2756 1378 0 -50 50 0
2756 1378 0 -49 49 0
2756 1378 0 -48 48 0
2756 1378 0 -47 47 0
2756 1378 0 -46 46 0
2756 1378 0 -45 45 0
2756 1378 0 -44 44 0
2756 1378 0 -43 43 0
2756 1378 0 -42 42 0
2756 1378 0 -41 41 0
2756 1378 0 -40 40 0
2756 1378 0 -39 39 0
2756 1378 0 -38 38 0
2756 1378 0 -37 37 0
2756 1378 0 -36 36 0
2756 1378 0 -35 35 0
2756 1378 0 -34 34 0
2756 1378 0 -33 33 0
2756 1378 0 -32 32 0
2756 1378 0 -31 31 0
2756 1378 0 -30 30 0
2756 1378 0 -29 29 0
2756 1378 0 -28 28 0
2756 1378 0 -27 27 0
2756 1378 0 -26 26 0
2756 1378 0 -25 25 0
2756 1378 0 -24 24 0
2756 1378 0 -23 23 0
2756 1378 0 -22 22 0
2756 1378 0 -21 21 0
2756 1378 0 -20 20 0
2756 1378 0 -19 19 0
2756 1378 0 -18 18 0
2756 1378 0 -17 17 0
2756 1378 0 -16 16 0
2756 1378 0 -15 15 0
2756 1378 0 -14 14 0
2756 1378 0 -13 13 0
2756 1378 0 -12 12 0
2756 1378 0 -11 11 0
2756 1378 0 -10 10 0
2756 1378 0 -9 9 0
2756 1378 0 -8 8 0
2756 1378 0 -7 7 0
2756 1378 0 -6 6 0
2756 1378 0 -5 5 0
2756 1378 0 -4 4 0
2756 1378 0 -3 3 0
2756 1378 0 -2 2 0
2756 1378 0 -1 1 0
2756 1378 0 1 -1 0
2756 1378 0 2 -2 0
2756 1378 0 3 -3 0
2756 1378 0 4 -4 0
2756 1378 0 5 -5 0
2756 1378 0 6 -6 0
2756 1378 0 7 -7 0
2756 1378 0 8 -8 0
2756 1378 0 9 -9 0
2756 1378 0 10 -10 0
2756 1378 0 11 -11 0
2756 1378 0 12 -12 0
2756 1378 0 13 -13 0
2756 1378 0 14 -14 0
2756 1378 0 15 -15 0
2756 1378 0 16 -16 0
2756 1378 0 17 -17 0
2756 1378 0 18 -18 0
2756 1378 0 19 -19 0
2756 1378 0 20 -20 0
2756 1378 0 21 -21 0
2756 1378 0 22 -22 0
2756 1378 0 23 -23 0
2756 1378 0 24 -24 0
2756 1378 0 25 -25 0
2756 1378 0 26 -26 0
2756 1378 0 27 -27 0
2756 1378 0 28 -28 0
2756 1378 0 29 -29 0
2756 1378 0 30 -30 0
2756 1378 0 31 -31 0
2756 1378 0 32 -32 0
2756 1378 0 33 -33 0
2756 1378 0 34 -34 0
2756 1378 0 35 -35 0
2756 1378 0 36 -36 0
2756 1378 0 37 -37 0
2756 1378 0 38 -38 0
2756 1378 0 39 -39 0
2756 1378 0 40 -40 0
2756 1378 0 41 -41 0
2756 1378 0 42 -42 0
2756 1378 0 43 -43 0
2756 1378 0 44 -44 0
2756 1378 0 45 -45 0
2756 1378 0 46 -46 0
2756 1378 0 47 -47 0
2756 1378 0 48 -48 0
2756 1378 0 49 -49 0
2756 1378 0 50 -50 0
2756 1378 0 51 -51 0
2756 1378 0 52 -52 0
2756 1378 0 53 -53 0
2756 1378 0 54 -54 0
2756 1378 0 55 -55 0
2756 1378 0 56 -56 0
2756 1378 0 57 -57 0
2756 1378 0 58 -58 0
2756 1378 0 59 -59 0
2756 1378 0 60 -60 0
2756 1378 0 61 -61 0
2756 1378 0 62 -62 0
2756 1378 0 63 -63 0
2756 1378 0 64 -64 0
2756 1378 0 65 -65 0
2756 1378 0 66 -66 0
2756 1378 0 67 -67 0
2756 1378 0 68 -68 0
2756 1378 0 69 -69 0
2756 1378 0 70 -70 0
2756 1378 0 71 -71 0
2756 1378 0 72 -72 0
2756 1378 0 73 -73 0
2756 1378 0 74 -74 0
2756 1378 0 75 -75 0
2756 1378 0 76 -76 0
2756 1378 0 77 -77 0
2756 1378 0 78 -78 0
2756 1378 0 79 -79 0
2756 1378 0 80 -80 0
2756 1378 0 81 -81 0
2756 1378 0 82 -82 0
2756 1378 0 83 -83 0
2756 1378 0 84 -84 0
2756 1378 0 85 -85 0
2756 1378 0 86 -86 0
2756 1378 0 87 -87 0
2756 1378 0 88 -88 0
2756 1378 0 89 -89 0
2756 1378 0 90 -90 0
2756 1378 0 91 -91 0
2756 1378 0 92 -92 0
2756 1378 0 93 -93 0
2756 1378 0 94 -94 0
2756 1378 0 95 -95 0
2756 1378 0 96 -96 0
2756 1378 0 97 -97 0
2756 1378 0 98 -98 0
2756 1378 0 99 -99 0
2756 1378 0 100 -100 0
2756 1378 0 101 -101 0
2756 1378 0 102 -102 0
2756 1378 0 103 -103 0
2756 1378 0 104 -104 0
2756 1378 0 105 -105 0
2756 1378 0 106 -106 0
2756 1378 0 107 -107 0
2756 1378 0 108 -108 0
2756 1378 0 109 -109 0
2756 1378 0 110 -110 0
2756 1378 0 111 -111 0
2756 1378 0 112 -112 0
2756 1378 0 113 -113 0
2756 1378 0 114 -114 0
2756 1378 0 115 -115 0
2756 1378 0 116 -116 0
2756 1378 0 117 -117 0
2756 1378 0 118 -118 0
2756 1378 0 119 -119 0
2756 1378 0 120 -120 0
2756 1378 0 121 -121 0
2756 1378 0 122 -122 0
2756 1378 0 123 -123 0
2756 1378 0 124 -124 0
2756 1378 0 125 -125 0
2756 1378 0 126 -126 0
2756 1378 0 127 -127 0
2756 1378 0 128 -128 0
2756 1378 0 129 -129 0
2756 1378 0 130 -130 0
2756 1378 0 131 -131 0
2756 1378 0 132 -132 0
2756 1378 0 133 -133 0
2756 1378 0 134 -134 0
2756 1378 0 135 -135 0
2756 1378 0 136 -136 0
2756 1378 0 137 -137 0
2756 1378 0 138 -138 0
2756 1378 0 139 -139 0
2756 1378 0 140 -140 0
2756 1378 0 141 -141 0
2756 1378 0 142 -142 0
2756 1378 0 143 -143 0
2756 1378 0 144 -144 0
2756 1378 0 145 -145 0
2756 1378 0 146 -146 0
2756 1378 0 147 -147 0
2756 1378 0 148 -148 0
2756 1378 0 149 -149 0
2756 1378 0 150 -150 0
2758 1379 0 -150 150 0
2758 1379 0 -149 149 0
2758 1379 0 -148 148 0
2758 1379 0 -147 147 0
2758 1379 0 -146 146 0
2758 1379 0 -145 145 0
2758 1379 0 -144 144 0
2758 1379 0 -143 143 0
2758 1379 0 -142 142 0
2758 1379 0 -141 141 0
2758 1379 0 -140 140 0
2758 1379 0 -139 139 0
2758 1379 0 -138 138 0
2758 1379 0 -137 137 0
2758 1379 0 -136 136 0
2758 1379 0 -135 135 0
2758 1379 0 -134 134 0
2758 1379 0 -133 133 0
2758 1379 0 -132 132 0
2758 1379 0 -131 131 0
2758 1379 0 -130 130 0
2758 1379 0 -129 129 0
2758 1379 0 -128 128 0
2758 1379 0 -127 127 0
2758 1379 0 -126 126 0
2758 1379 0 -125 125 0
2758 1379 0 -124 124 0
2758 1379 0 -123 123 0
2758 1379 0 -122 122 0
2758 1379 0 -121 121 0
2758 1379 0 -120 120 0
2758 1379 0 -119 119 0
2758 1379 0 -118 118 0
2758 1379 0 -117 117 0
2758 1379 0 -116 116 0
2758 1379 0 -115 115 0
2758 1379 0 -114 114 0
2758 1379 0 -113 113 0
2758 1379 0 -112 112 0
2758 1379 0 -111 111 0
2758 1379 0 -110 110 0
2758 1379 0 -109 109 0
2758 1379 0 -108 108 0
2758 1379 0 -107 107 0
2758 1379 0 -106 106 0
2758 1379 0 -105 105 0
2758 1379 0 -104 104 0
2758 1379 0 -103 103 0
2758 1379 0 -102 102 0
2758 1379 0 -101 101 0
2758 1379 0 -100 100 0
2758 1379 0 -99 99 0
2758 1379 0 -98 98 0
2758 1379 0 -97 97 0
2758 1379 0 -96 96 0
2758 1379 0 -95 95 0
2758 1379 0 -94 94 0
2758 1379 0 -93 93 0
2758 1379 0 -92 92 0
2758 1379 0 -91 91 0
2758 1379 0 -90 90 0
2758 1379 0 -89 89 0
2758 1379 0 -88 88 0
2758 1379 0 -87 87 0
2758 1379 0 -86 86 0
2758 1379 0 -85 85 0
2758 1379 0 -84 84 0
2758 1379 0 -83 83 0
2758 1379 0 -82 82 0
2758 1379 0 -81 81 0
2758 1379 0 -80 80 0
2758 1379 0 -79 79 0
2758 1379 0 -78 78 0
2758 1379 0 -77 77 0
2758 1379 0 -76 76 0
2758 1379 0 -75 75 0
2758 1379 0 -74 74 0
2758 1379 0 -73 73 0
2758 1379 0 -72 72 0
2758 1379 0 -71 71 0
2758 1379 0 -70 70 0
2758 1379 0 -69 69 0
2758 1379 0 -68 68 0
2758 1379 0 -67 67 0
2758 1379 0 -66 66 0
2758 1379 0 -65 65 0
2758 1379 0 -64 64 0
2758 1379 0 -63 63 0
2758 1379 0 -62 62 0
2758 1379 0 -61 61 0
2758 1379 0 -60 60 0
2758 1379 0 -59 59 0
2758 1379 0 -58 58 0
2758 1379 0 -57 57 0
2758 1379 0 -56 56 0
2758 1379 0 -55 55 0
2758 1379 0 -54 54 0
2758 1379 0 -53 53 0
2758 1379 0 -52 52 0
2758 1379 0 -51 51 0
2758 1379 0 -50 50 0
2758 1379 0 -49 49 0
2758 1379 0 -48 48 0
2758 1379 0 -47 47 0
2758 1379 0 -46 46 0
2758 1379 0 -45 45 0
2758 1379 0 -44 44 0
2758 1379 0 -43 43 0
2758 1379 0 -42 42 0
2758 1379 0 -41 41 0
2758 1379 0 -40 40 0
2758 1379 0 -39 39 0
2758 1379 0 -38 38 0
2758 1379 0 -37 37 0
2758 1379 0 -36 36 0
2758 1379 0 -35 35 0
2758 1379 0 -34 34 0
2758 1379 0 -33 33 0
2758 1379 0 -32 32 0
2758 1379 0 -31 31 0
2758 1379 0 -30 30 0
2758 1379 0 -29 29 0
2758 1379 0 -28 28 0
2758 1379 0 -27 27 0
2758 1379 0 -26 26 0
2758 1379 0 -25 25 0
2758 1379 0 -24 24 0
2758 1379 0 -23 23 0
2758 1379 0 -22 22 0
2758 1379 0 -21 21 0
2758 1379 0 -20 20 0
2758 1379 0 -19 19 0
2758 1379 0 -18 18 0
2758 1379 0 -17 17 0
2758 1379 0 -16 16 0
2758 1379 0 -15 15 0
2758 1379 0 -14 14 0
2758 1379 0 -13 13 0
2758 1379 0 -12 12 0
2758 1379 0 -11 11 0
2758 1379 0 -10 10 0
2758 1379 0 -9 9 0
2758 1379 0 -8 8 0
2758 1379 0 -7 7 0
2758 1379 0 -6 6 0
2758 1379 0 -5 5 0
2758 1379 0 -4 4 0
2758 1379 0 -3 3 0
2758 1379 0 -2 2 0
2758 1379 0 -1 1 0
2758 1379 0 1 -1 0
2758 1379 0 2 -2 0
2758 1379 0 3 -3 0
2758 1379 0 4 -4 0
2758 1379 0 5 -5 0
2758 1379 0 6 -6 0
2758 1379 0 7 -7 0
2758 1379 0 8 -8 0
2758 1379 0 9 -9 0
2758 1379 0 10 -10 0
2758 1379 0 11 -11 0
2758 1379 0 12 -12 0
2758 1379 0 13 -13 0
2758 1379 0 14 -14 0
2758 1379 0 15 -15 0
2758 1379 0 16 -16 0
2758 1379 0 17 -17 0
2758 1379 0 18 -18 0
2758 1379 0 19 -19 0
2758 1379 0 20 -20 0
2758 1379 0 21 -21 0
2758 1379 0 22 -22 0
2758 1379 0 23 -23 0
2758 1379 0 24 -24 0
2758 1379 0 25 -25 0
2758 1379 0 26 -26 0
2758 1379 0 27 -27 0
2758 1379 0 28 -28 0
2758 1379 0 29 -29 0
2758 1379 0 30 -30 0
2758 1379 0 31 -31 0
2758 1379 0 32 -32 0
2758 1379 0 33 -33 0
2758 1379 0 34 -34 0
2758 1379 0 35 -35 0
2758 1379 0 36 -36 0
2758 1379 0 37 -37 0
2758 1379 0 38 -38 0
2758 1379 0 39 -39 0
2758 1379 0 40 -40 0
2758 1379 0 41 -41 0
2758 1379 0 42 -42 0
2758 1379 0 43 -43 0
2758 1379 0 44 -44 0
2758 1379 0 45 -45 0
2758 1379 0 46 -46 0
2758 1379 0 47 -47 0
2758 1379 0 48 -48 0
2758 1379 0 49 -49 0
2758 1379 0 50 -50 0
2758 1379 0 51 -51 0
2758 1379 0 52 -52 0
2758 1379 0 53 -53 0
2758 1379 0 54 -54 0
2758 1379 0 55 -55 0
2758 1379 0 56 -56 0
2758 1379 0 57 -57 0
2758 1379 0 58 -58 0
2758 1379 0 59 -59 0
2758 1379 0 60 -60 0
2758 1379 0 61 -61 0
2758 1379 0 62 -62 0
2758 1379 0 63 -63 0
2758 1379 0 64 -64 0
2758 1379 0 65 -65 0
2758 1379 0 66 -66 0
2758 1379 0 67 -67 0
2758 1379 0 68 -68 0
2758 1379 0 69 -69 0
2758 1379 0 70 -70 0
2758 1379 0 71 -71 0
2758 1379 0 72 -72 0
2758 1379 0 73 -73 0
2758 1379 0 74 -74 0
2758 1379 0 75 -75 0
2758 1379 0 76 -76 0
2758 1379 0 77 -77 0
2758 1379 0 78 -78 0
2758 1379 0 79 -79 0
2758 1379 0 80 -80 0
2758 1379 0 81 -81 0
2758 1379 0 82 -82 0
2758 1379 0 83 -83 0
2758 1379 0 84 -84 0
2758 1379 0 85 -85 0
2758 1379 0 86 -86 0
2758 1379 0 87 -87 0
2758 1379 0 88 -88 0
2758 1379 0 89 -89 0
2758 1379 0 90 -90 0
2758 1379 0 91 -91 0
2758 1379 0 92 -92 0
2758 1379 0 93 -93 0
2758 1379 0 94 -94 0
2758 1379 0 95 -95 0
2758 1379 0 96 -96 0
2758 1379 0 97 -97 0
2758 1379 0 98 -98 0
2758 1379 0 99 -99 0
2758 1379 0 100 -100 0
2758 1379 0 101 -101 0
2758 1379 0 102 -102 0
2758 1379 0 103 -103 0
2758 1379 0 104 -104 0
2758 1379 0 105 -105 0
2758 1379 0 106 -106 0
2758 1379 0 107 -107 0
2758 1379 0 108 -108 0
2758 1379 0 109 -109 0
2758 1379 0 110 -110 0
2758 1379 0 111 -111 0
2758 1379 0 112 -112 0
2758 1379 0 113 -113 0
2758 1379 0 114 -114 0
2758 1379 0 115 -115 0
2758 1379 0 116 -116 0
2758 1379 0 117 -117 0
2758 1379 0 118 -118 0
2758 1379 0 119 -119 0
2758 1379 0 120 -120 0
2758 1379 0 121 -121 0
2758 1379 0 122 -122 0
2758 1379 0 123 -123 0
2758 1379 0 124 -124 0
2758 1379 0 125 -125 0
2758 1379 0 126 -126 0
2758 1379 0 127 -127 0
2758 1379 0 128 -128 0
2758 1379 0 129 -129 0
2758 1379 0 130 -130 0
2758 1379 0 131 -131 0
2758 1379 0 132 -132 0
2758 1379 0 133 -133 0
2758 1379 0 134 -134 0
2758 1379 0 135 -135 0
2758 1379 0 136 -136 0
2758 1379 0 137 -137 0
2758 1379 0 138 -138 0
2758 1379 0 139 -139 0
2758 1379 0 140 -140 0
2758 1379 0 141 -141 0
2758 1379 0 142 -142 0
2758 1379 0 143 -143 0
2758 1379 0 144 -144 0
2758 1379 0 145 -145 0
2758 1379 0 146 -146 0
2758 1379 0 147 -147 0
2758 1379 0 148 -148 0
2758 1379 0 149 -149 0
2758 1379 0 150 -150 0
2760 1380 0 -150 150 0
2760 1380 0 -149 149 0
2760 1380 0 -148 148 0
2760 1380 0 -147 147 0
2760 1380 0 -146 146 0
2760 1380 0 -145 145 0
2760 1380 0 -144 144 0
2760 1380 0 -143 143 0
2760 1380 0 -142 142 0
2760 1380 0 -141 141 0
2760 1380 0 -140 140 0
2760 1380 0 -139 139 0
2760 1380 0 -138 138 0
2760 1380 0 -137 137 0
2760 1380 0 -136 136 0
2760 1380 0 -135 135 0
2760 1380 0 -134 134 0
2760 1380 0 -133 133 0
2760 1380 0 -132 132 0
2760 1380 0 -131 131 0
2760 1380 0 -130 130 0
2760 1380 0 -129 129 0
2760 1380 0 -128 128 0
2760 1380 0 -127 127 0
2760 1380 0 -126 126 0
2760 1380 0 -125 125 0
2760 1380 0 -124 124 0
2760 1380 0 -123 123 0
2760 1380 0 -122 122 0
2760 1380 0 -121 121 0
2760 1380 0 -120 120 0
2760 1380 0 -119 119 0
2760 1380 0 -118 118 0
2760 1380 0 -117 117 0
2760 1380 0 -116 116 0
2760 1380 0 -115 115 0
2760 1380 0 -114 114 0
2760 1380 0 -113 113 0
2760 1380 0 -112 112 0
2760 1380 0 -111 111 0
2760 1380 0 -110 110 0
2760 1380 0 -109 109 0
2760 1380 0 -108 108 0
2760 1380 0 -107 107 0
2760 1380 0 -106 106 0
2760 1380 0 -105 105 0
2760 1380 0 -104 104 0
2760 1380 0 -103 103 0
2760 1380 0 -102 102 0
2760 1380 0 -101 101 0
2760 1380 0 -100 100 0
2760 1380 0 -99 99 0
2760 1380 0 -98 98 0
2760 1380 0 -97 97 0
2760 1380 0 -96 96 0
2760 1380 0 -95 95 0
2760 1380 0 -94 94 0
2760 1380 0 -93 93 0
2760 1380 0 -92 92 0
2760 1380 0 -91 91 0
2760 1380 0 -90 90 0
2760 1380 0 -89 89 0
2760 1380 0 -88 88 0
2760 1380 0 -87 87 0
2760 1380 0 -86 86 0
2760 1380 0 -85 85 0
2760 1380 0 -84 84 0
2760 1380 0 -83 83 0
2760 1380 0 -82 82 0
2760 1380 0 -81 81 0
2760 1380 0 -80 80 0
2760 1380 0 -79 79 0
2760 1380 0 -78 78 0
2760 1380 0 -77 77 0
2760 1380 0 -76 76 0
2760 1380 0 -75 75 0
2760 1380 0 -74 74 0
2760 1380 0 -73 73 0
2760 1380 0 -72 72 0
2760 1380 0 -71 71 0
2760 1380 0 -70 70 0
2760 1380 0 -69 69 0
2760 1380 0 -68 68 0
2760 1380 0 -67 67 0
2760 1380 0 -66 66 0
2760 1380 0 -65 65 0
2760 1380 0 -64 64 0
2760 1380 0 -63 63 0
2760 1380 0 -62 62 0
2760 1380 0 -61 61 0
2760 1380 0 -60 60 0
2760 1380 0 -59 59 0
2760 1380 0 -58 58 0
2760 1380 0 -57 57 0
2760 1380 0 -56 56 0
2760 1380 0 -55 55 0
2760 1380 0 -54 54 0
2760 1380 0 -53 53 0
2760 1380 0 -52 52 0
2760 1380 0 -51 51 0
2760 1380 0 -50 50 0
2760 1380 0 -49 49 0
2760 1380 0 -48 48 0
2760 1380 0 -47 47 0
2760 1380 0 -46 46 0
2760 1380 0 -45 45 0
2760 1380 0 -44 44 0
2760 1380 0 -43 43 0
2760 1380 0 -42 42 0
2760 1380 0 -41 41 0
2760 1380 0 -40 40 0
2760 1380 0 -39 39 0
2760 1380 0 -38 38 0
2760 1380 0 -37 37 0
2760 1380 0 -36 36 0
2760 1380 0 -35 35 0
2760 1380 0 -34 34 0
2760 1380 0 -33 33 0
2760 1380 0 -32 32 0
2760 1380 0 -31 31 0
2760 1380 0 -30 30 0
2760 1380 0 -29 29 0
2760 1380 0 -28 28 0
2760 1380 0 -27 27 0
2760 1380 0 -26 26 0
2760 1380 0 -25 25 0
2760 1380 0 -24 24 0
2760 1380 0 -23 23 0
2760 1380 0 -22 22 0
2760 1380 0 -21 21 0
2760 1380 0 -20 20 0
2760 1380 0 -19 19 0
2760 1380 0 -18 18 0
2760 1380 0 -17 17 0
2760 1380 0 -16 16 0
2760 1380 0 -15 15 0
2760 1380 0 -14 14 0
2760 1380 0 -13 13 0
2760 1380 0 -12 12 0
2760 1380 0 -11 11 0
2760 1380 0 -10 10 0
2760 1380 0 -9 9 0
2760 1380 0 -8 8 0
2760 1380 0 -7 7 0
2760 1380 0 -6 6 0
2760 1380 0 -5 5 0
2760 1380 0 -4 4 0
2760 1380 0 -3 3 0
2760 1380 0 -2 2 0
2760 1380 0 -1 1 0
2760 1380 0 1 -1 0
2760 1380 0 2 -2 0
2760 1380 0 3 -3 0
2760 1380 0 4 -4 0
2760 1380 0 5 -5 0
2760 1380 0 6 -6 0
2760 1380 0 7 -7 0
2760 1380 0 8 -8 0
2760 1380 0 9 -9 0
2760 1380 0 10 -10 0
2760 1380 0 11 -11 0
2760 1380 0 12 -12 0
2760 1380 0 13 -13 0
2760 1380 0 14 -14 0
2760 1380 0 15 -15 0
2760 1380 0 16 -16 0
2760 1380 0 17 -17 0
2760 1380 0 18 -18 0
2760 1380 0 19 -19 0
2760 1380 0 20 -20 0
2760 1380 0 21 -21 0
2760 1380 0 22 -22 0
2760 1380 0 23 -23 0
2760 1380 0 24 -24 0
2760 1380 0 25 -25 0
2760 1380 0 26 -26 0
2760 1380 0 27 -27 0
2760 1380 0 28 -28 0
2760 1380 0 29 -29 0
2760 1380 0 30 -30 0
2760 1380 0 31 -31 0
2760 1380 0 32 -32 0
2760 1380 0 33 -33 0
2760 1380 0 34 -34 0
2760 1380 0 35 -35 0
2760 1380 0 36 -36 0
2760 1380 0 37 -37 0
2760 1380 0 38 -38 0
2760 1380 0 39 -39 0
2760 1380 0 40 -40 0
2760 1380 0 41 -41 0
2760 1380 0 42 -42 0
2760 1380 0 43 -43 0
2760 1380 0 44 -44 0
2760 1380 0 45 -45 0
2760 1380 0 46 -46 0
2760 1380 0 47 -47 0
2760 1380 0 48 -48 0
2760 1380 0 49 -49 0
2760 1380 0 50 -50 0
2760 1380 0 51 -51 0
2760 1380 0 52 -52 0
2760 1380 0 53 -53 0
2760 1380 0 54 -54 0
2760 1380 0 55 -55 0
2760 1380 0 56 -56 0
2760 1380 0 57 -57 0
2760 1380 0 58 -58 0
2760 1380 0 59 -59 0
2760 1380 0 60 -60 0
2760 1380 0 61 -61 0
2760 1380 0 62 -62 0
2760 1380 0 63 -63 0
2760 1380 0 64 -64 0
2760 1380 0 65 -65 0
2760 1380 0 66 -66 0
2760 1380 0 67 -67 0
2760 1380 0 68 -68 0
2760 1380 0 69 -69 0
2760 1380 0 70 -70 0
2760 1380 0 71 -71 0
2760 1380 0 72 -72 0
2760 1380 0 73 -73 0
2760 1380 0 74 -74 0
2760 1380 0 75 -75 0
2760 1380 0 76 -76 0
2760 1380 0 77 -77 0
2760 1380 0 78 -78 0
2760 1380 0 79 -79 0
2760 1380 0 80 -80 0
2760 1380 0 81 -81 0
2760 1380 0 82 -82 0
2760 1380 0 83 -83 0
2760 1380 0 84 -84 0
2760 1380 0 85 -85 0
2760 1380 0 86 -86 0
2760 1380 0 87 -87 0
2760 1380 0 88 -88 0
2760 1380 0 89 -89 0
2760 1380 0 90 -90 0
2760 1380 0 91 -91 0
2760 1380 0 92 -92 0
2760 1380 0 93 -93 0
2760 1380 0 94 -94 0
2760 1380 0 95 -95 0
2760 1380 0 96 -96 0
2760 1380 0 97 -97 0
2760 1380 0 98 -98 0
2760 1380 0 99 -99 0
2760 1380 0 100 -100 0
2760 1380 0 101 -101 0
2760 1380 0 102 -102 0
2760 1380 0 103 -103 0
2760 1380 0 104 -104 0
2760 1380 0 105 -105 0
2760 1380 0 106 -106 0
2760 1380 0 107 -107 0
2760 1380 0 108 -108 0
2760 1380 0 109 -109 0
2760 1380 0 110 -110 0
2760 1380 0 111 -111 0
2760 1380 0 112 -112 0
2760 1380 0 113 -113 0
2760 1380 0 114 -114 0
2760 1380 0 115 -115 0
2760 1380 0 116 -116 0
2760 1380 0 117 -117 0
2760 1380 0 118 -118 0
2760 1380 0 119 -119 0
2760 1380 0 120 -120 0
2760 1380 0 121 -121 0
2760 1380 0 122 -122 0
2760 1380 0 123 -123 0
2760 1380 0 124 -124 0
2760 1380 0 125 -125 0
2760 1380 0 126 -126 0
2760 1380 0 127 -127 0
2760 1380 0 128 -128 0
2760 1380 0 129 -129 0
2760 1380 0 130 -130 0
2760 1380 0 131 -131 0
2760 1380 0 132 -132 0
2760 1380 0 133 -133 0
2760 1380 0 134 -134 0
2760 1380 0 135 -135 0
2760 1380 0 136 -136 0
2760 1380 0 137 -137 0
2760 1380 0 138 -138 0
2760 1380 0 139 -139 0
2760 1380 0 140 -140 0
2760 1380 0 141 -141 0
2760 1380 0 142 -142 0
2760 1380 0 143 -143 0
2760 1380 0 144 -144 0
2760 1380 0 145 -145 0
2760 1380 0 146 -146 0
2760 1380 0 147 -147 0
2760 1380 0 148 -148 0
2760 1380 0 149 -149 0
2760 1380 0 150 -150 0
2762 1381 0 -150 150 0
2762 1381 0 -149 149 0
2762 1381 0 -148 148 0
2762 1381 0 -147 147 0
2762 1381 0 -146 146 0
2762 1381 0 -145 145 0
2762 1381 0 -144 144 0
2762 1381 0 -143 143 0
2762 1381 0 -142 142 0
2762 1381 0 -141 141 0
2762 1381 0 -140 140 0
2762 1381 0 -139 139 0
2762 1381 0 -138 138 0
2762 1381 0 -137 137 0
2762 1381 0 -136 136 0
2762 1381 0 -135 135 0
2762 1381 0 -134 134 0
2762 1381 0 -133 133 0
2762 1381 0 -132 132 0
2762 1381 0 -131 131 0
2762 1381 0 -130 130 0
2762 1381 0 -129 129 0
2762 1381 0 -128 128 0
2762 1381 0 -127 127 0
2762 1381 0 -126 126 0
2762 1381 0 -125 125 0
2762 1381 0 -124 124 0
2762 1381 0 -123 123 0
2762 1381 0 -122 122 0
2762 1381 0 -121 121 0
2762 1381 0 -120 120 0
2762 1381 0 -119 119 0
2762 1381 0 -118 118 0
2762 1381 0 -117 117 0
2762 1381 0 -116 116 0
2762 1381 0 -115 115 0
2762 1381 0 -114 114 0
2762 1381 0 -113 113 0
2762 1381 0 -112 112 0
2762 1381 0 -111 111 0
2762 1381 0 -110 110 0
2762 1381 0 -109 109 0
2762 1381 0 -108 108 0
2762 1381 0 -107 107 0
2762 1381 0 -106 106 0
2762 1381 0 -105 105 0
2762 1381 0 -104 104 0
2762 1381 0 -103 103 0
2762 1381 0 -102 102 0
2762 1381 0 -101 101 0
2762 1381 0 -100 100 0
2762 1381 0 -99 99 0
2762 1381 0 -98 98 0
2762 1381 0 -97 97 0
2762 1381 0 -96 96 0
2762 1381 0 -95 95 0
2762 1381 0 -94 94 0
2762 1381 0 -93 93 0
2762 1381 0 -92 92 0
2762 1381 0 -91 91 0
2762 1381 0 -90 90 0
2762 1381 0 -89 89 0
2762 1381 0 -88 88 0
2762 1381 0 -87 87 0
2762 1381 0 -86 86 0
2762 1381 0 -85 85 0
2762 1381 0 -84 84 0
2762 1381 0 -83 83 0
2762 1381 0 -82 82 0
2762 1381 0 -81 81 0
2762 1381 0 -80 80 0
2762 1381 0 -79 79 0
2762 1381 0 -78 78 0
2762 1381 0 -77 77 0
2762 1381 0 -76 76 0
2762 1381 0 -75 75 0
2762 1381 0 -74 74 0
2762 1381 0 -73 73 0
2762 1381 0 -72 72 0
2762 1381 0 -71 71 0
2762 1381 0 -70 70 0
2762 1381 0 -69 69 0
2762 1381 0 -68 68 0
2762 1381 0 -67 67 0
2762 1381 0 -66 66 0
2762 1381 0 -65 65 0
2762 1381 0 -64 64 0
2762 1381 0 -63 63 0
2762 1381 0 -62 62 0
2762 1381 0 -61 61 0
2762 1381 0 -60 60 0
2762 1381 0 -59 59 0
2762 1381 0 -58 58 0
2762 1381 0 -57 57 0
2762 1381 0 -56 56 0
2762 1381 0 -55 55 0
2762 1381 0 -54 54 0
2762 1381 0 -53 53 0
2762 1381 0 -52 52 0
2762 1381 0 -51 51 0
2762 1381 0 -50 50 0
2762 1381 0 -49 49 0
2762 1381 0 -48 48 0
2762 1381 0 -47 47 0
2762 1381 0 -46 46 0
2762 1381 0 -45 45 0
2762 1381 0 -44 44 0
2762 1381 0 -43 43 0
2762 1381 0 -42 42 0
2762 1381 0 -41 41 0
2762 1381 0 -40 40 0
2762 1381 0 -39 39 0
2762 1381 0 -38 38 0
2762 1381 0 -37 37 0
2762 1381 0 -36 36 0
2762 1381 0 -35 35 0
2762 1381 0 -34 34 0
2762 1381 0 -33 33 0
2762 1381 0 -32 32 0
2762 1381 0 -31 31 0
2762 1381 0 -30 30 0
2762 1381 0 -29 29 0
2762 1381 0 -28 28 0
2762 1381 0 -27 27 0
2762 1381 0 -26 26 0
2762 1381 0 -25 25 0
2762 1381 0 -24 24 0
2762 1381 0 -23 23 0
2762 1381 0 -22 22 0
2762 1381 0 -21 21 0
2762 1381 0 -20 20 0
2762 1381 0 -19 19 0
2762 1381 0 -18 18 0
2762 1381 0 -17 17 0
2762 1381 0 -16 16 0
2762 1381 0 -15 15 0
2762 1381 0 -14 14 0
2762 1381 0 -13 13 0
2762 1381 0 -12 12 0
2762 1381 0 -11 11 0
2762 1381 0 -10 10 0
2762 1381 0 -9 9 0
2762 1381 0 -8 8 0
2762 1381 0 -7 7 0
2762 1381 0 -6 6 0
2762 1381 0 -5 5 0
2762 1381 0 -4 4 0
2762 1381 0 -3 3 0
2762 1381 0 -2 2 0
2762 1381 0 -1 1 0
2762 1381 0 1 -1 0
2762 1381 0 2 -2 0
2762 1381 0 3 -3 0
2762 1381 0 4 -4 0
2762 1381 0 5 -5 0
2762 1381 0 6 -6 0
2762 1381 0 7 -7 0
2762 1381 0 8 -8 0
2762 1381 0 9 -9 0
2762 1381 0 10 -10 0
2762 1381 0 11 -11 0
2762 1381 0 12 -12 0
2762 1381 0 13 -13 0
2762 1381 0 14 -14 0
2762 1381 0 15 -15 0
2762 1381 0 16 -16 0
2762 1381 0 17 -17 0
2762 1381 0 18 -18 0
2762 1381 0 19 -19 0
2762 1381 0 20 -20 0
2762 1381 0 21 -21 0
2762 1381 0 22 -22 0
2762 1381 0 23 -23 0
2762 1381 0 24 -24 0
2762 1381 0 25 -25 0
2762 1381 0 26 -26 0
2762 1381 0 27 -27 0
2762 1381 0 28 -28 0
2762 1381 0 29 -29 0
2762 1381 0 30 -30 0
2762 1381 0 31 -31 0
2762 1381 0 32 -32 0
2762 1381 0 33 -33 0
2762 1381 0 34 -34 0
2762 1381 0 35 -35 0
2762 1381 0 36 -36 0
2762 1381 0 37 -37 0
2762 1381 0 38 -38 0
2762 1381 0 39 -39 0
2762 1381 0 40 -40 0
2762 1381 0 41 -41 0
2762 1381 0 42 -42 0
2762 1381 0 43 -43 0
2762 1381 0 44 -44 0
2762 1381 0 45 -45 0
2762 1381 0 46 -46 0
2762 1381 0 47 -47 0
2762 1381 0 48 -48 0
2762 1381 0 49 -49 0
2762 1381 0 50 -50 0
2762 1381 0 51 -51 0
2762 1381 0 52 -52 0
2762 1381 0 53 -53 0
2762 1381 0 54 -54 0
2762 1381 0 55 -55 0
2762 1381 0 56 -56 0
2762 1381 0 57 -57 0
2762 1381 0 58 -58 0
2762 1381 0 59 -59 0
2762 1381 0 60 -60 0
2762 1381 0 61 -61 0
2762 1381 0 62 -62 0
2762 1381 0 63 -63 0
2762 1381 0 64 -64 0
2762 1381 0 65 -65 0
2762 1381 0 66 -66 0
2762 1381 0 67 -67 0
2762 1381 0 68 -68 0
2762 1381 0 69 -69 0
2762 1381 0 70 -70 0
2762 1381 0 71 -71 0
2762 1381 0 72 -72 0
2762 1381 0 73 -73 0
2762 1381 0 74 -74 0
2762 1381 0 75 -75 0
2762 1381 0 76 -76 0
2762 1381 0 77 -77 0
2762 1381 0 78 -78 0
2762 1381 0 79 -79 0
2762 1381 0 80 -80 0
2762 1381 0 81 -81 0
2762 1381 0 82 -82 0
2762 1381 0 83 -83 0
2762 1381 0 84 -84 0
2762 1381 0 85 -85 0
2762 1381 0 86 -86 0
2762 1381 0 87 -87 0
2762 1381 0 88 -88 0
2762 1381 0 89 -89 0
2762 1381 0 90 -90 0
2762 1381 0 91 -91 0
2762 1381 0 92 -92 0
2762 1381 0 93 -93 0
2762 1381 0 94 -94 0
2762 1381 0 95 -95 0
2762 1381 0 96 -96 0
2762 1381 0 97 -97 0
2762 1381 0 98 -98 0
2762 1381 0 99 -99 0
2762 1381 0 100 -100 0
2762 1381 0 101 -101 0
2762 1381 0 102 -102 0
2762 1381 0 103 -103 0
2762 1381 0 104 -104 0
2762 1381 0 105 -105 0
2762 1381 0 106 -106 0
2762 1381 0 107 -107 0
2762 1381 0 108 -108 0
2762 1381 0 109 -109 0
2762 1381 0 110 -110 0
2762 1381 0 111 -111 0
2762 1381 0 112 -112 0
2762 1381 0 113 -113 0
2762 1381 0 114 -114 0
2762 1381 0 115 -115 0
2762 1381 0 116 -116 0
2762 1381 0 117 -117 0
2762 1381 0 118 -118 0
2762 1381 0 119 -119 0
2762 1381 0 120 -120 0
2762 1381 0 121 -121 0
2762 1381 0 122 -122 0
2762 1381 0 123 -123 0
2762 1381 0 124 -124 0
2762 1381 0 125 -125 0
2762 1381 0 126 -126 0
2762 1381 0 127 -127 0
2762 1381 0 128 -128 0
2762 1381 0 129 -129 0
2762 1381 0 130 -130 0
2762 1381 0 131 -131 0
2762 1381 0 132 -132 0
2762 1381 0 133 -133 0
2762 1381 0 134 -134 0
2762 1381 0 135 -135 0
2762 1381 0 136 -136 0
2762 1381 0 137 -137 0
2762 1381 0 138 -138 0
2762 1381 0 139 -139 0
2762 1381 0 140 -140 0
2762 1381 0 141 -141 0
2762 1381 0 142 -142 0
2762 1381 0 143 -143 0
2762 1381 0 144 -144 0
2762 1381 0 145 -145 0
2762 1381 0 146 -146 0
2762 1381 0 147 -147 0
2762 1381 0 148 -148 0
2762 1381 0 149 -149 0
2762 1381 0 150 -150 0
2764 1382 0 -150 150 0
2764 1382 0 -149 149 0
2764 1382 0 -148 148 0
2764 1382 0 -147 147 0
2764 1382 0 -146 146 0
2764 1382 0 -145 145 0
2764 1382 0 -144 144 0
2764 1382 0 -143 143 0
2764 1382 0 -142 142 0
2764 1382 0 -141 141 0
2764 1382 0 -140 140 0
2764 1382 0 -139 139 0
2764 1382 0 -138 138 0
2764 1382 0 -137 137 0
2764 1382 0 -136 136 0
2764 1382 0 -135 135 0
2764 1382 0 -134 134 0
2764 1382 0 -133 133 0
2764 1382 0 -132 132 0
2764 1382 0 -131 131 0
2764 1382 0 -130 130 0
2764 1382 0 -129 129 0
2764 1382 0 -128 128 0
2764 1382 0 -127 127 0
2764 1382 0 -126 126 0
2764 1382 0 -125 125 0
2764 1382 0 -124 124 0
2764 1382 0 -123 123 0
2764 1382 0 -122 122 0
2764 1382 0 -121 121 0
2764 1382 0 -120 120 0
2764 1382 0 -119 119 0
2764 1382 0 -118 118 0
2764 1382 0 -117 117 0
2764 1382 0 -116 116 0
2764 1382 0 -115 115 0
2764 1382 0 -114 114 0
2764 1382 0 -113 113 0
2764 1382 0 -112 112 0
2764 1382 0 -111 111 0
2764 1382 0 -110 110 0
2764 1382 0 -109 109 0
2764 1382 0 -108 108 0
2764 1382 0 -107 107 0
2764 1382 0 -106 106 0
2764 1382 0 -105 105 0
2764 1382 0 -104 104 0
2764 1382 0 -103 103 0
2764 1382 0 -102 102 0
2764 1382 0 -101 101 0
2764 1382 0 -100 100 0
2764 1382 0 -99 99 0
2764 1382 0 -98 98 0
2764 1382 0 -97 97 0
2764 1382 0 -96 96 0
2764 1382 0 -95 95 0
2764 1382 0 -94 94 0
2764 1382 0 -93 93 0
2764 1382 0 -92 92 0
2764 1382 0 -91 91 0
2764 1382 0 -90 90 0
2764 1382 0 -89 89 0
2764 1382 0 -88 88 0
2764 1382 0 -87 87 0
2764 1382 0 -86 86 0
2764 1382 0 -85 85 0
2764 1382 0 -84 84 0
2764 1382 0 -83 83 0
2764 1382 0 -82 82 0
2764 1382 0 -81 81 0
2764 1382 0 -80 80 0
2764 1382 0 -79 79 0
2764 1382 0 -78 78 0
2764 1382 0 -77 77 0
2764 1382 0 -76 76 0
2764 1382 0 -75 75 0
2764 1382 0 -74 74 0
2764 1382 0 -73 73 0
2764 1382 0 -72 72 0
2764 1382 0 -71 71 0
2764 1382 0 -70 70 0
2764 1382 0 -69 69 0
2764 1382 0 -68 68 0
2764 1382 0 -67 67 0
2764 1382 0 -66 66 0
2764 1382 0 -65 65 0
2764 1382 0 -64 64 0
2764 1382 0 -63 63 0
2764 1382 0 -62 62 0
2764 1382 0 -61 61 0
2764 1382 0 -60 60 0
2764 1382 0 -59 59 0
2764 1382 0 -58 58 0
2764 1382 0 -57 57 0
2764 1382 0 -56 56 0
2764 1382 0 -55 55 0
2764 1382 0 -54 54 0
2764 1382 0 -53 53 0
2764 1382 0 -52 52 0
2764 1382 0 -51 51 0
2764 1382 0 -50 50 0
2764 1382 0 -49 49 0
2764 1382 0 -48 48 0
2764 1382 0 -47 47 0
2764 1382 0 -46 46 0
2764 1382 0 -45 45 0
2764 1382 0 -44 44 0
2764 1382 0 -43 43 0
2764 1382 0 -42 42 0
2764 1382 0 -41 41 0
2764 1382 0 -40 40 0
2764 1382 0 -39 39 0
2764 1382 0 -38 38 0
2764 1382 0 -37 37 0
2764 1382 0 -36 36 0
2764 1382 0 -35 35 0
2764 1382 0 -34 34 0
2764 1382 0 -33 33 0
2764 1382 0 -32 32 0
2764 1382 0 -31 31 0
2764 1382 0 -30 30 0
2764 1382 0 -29 29 0
2764 1382 0 -28 28 0
2764 1382 0 -27 27 0
2764 1382 0 -26 26 0
2764 1382 0 -25 25 0
2764 1382 0 -24 24 0
2764 1382 0 -23 23 0
2764 1382 0 -22 22 0
2764 1382 0 -21 21 0
2764 1382 0 -20 20 0
2764 1382 0 -19 19 0
2764 1382 0 -18 18 0
2764 1382 0 -17 17 0
2764 1382 0 -16 16 0
2764 1382 0 -15 15 0
2764 1382 0 -14 14 0
2764 1382 0 -13 13 0
2764 1382 0 -12 12 0
2764 1382 0 -11 11 0
2764 1382 0 -10 10 0
2764 1382 0 -9 9 0
2764 1382 0 -8 8 0
2764 1382 0 -7 7 0
2764 1382 0 -6 6 0
2764 1382 0 -5 5 0
2764 1382 0 -4 4 0
2764 1382 0 -3 3 0
2764 1382 0 -2 2 0
2764 1382 0 -1 1 0
2764 1382 0 1 -1 0
2764 1382 0 2 -2 0
2764 1382 0 3 -3 0
2764 1382 0 4 -4 0
2764 1382 0 5 -5 0
2764 1382 0 6 -6 0
2764 1382 0 7 -7 0
2764 1382 0 8 -8 0
2764 1382 0 9 -9 0
2764 1382 0 10 -10 0
2764 1382 0 11 -11 0
2764 1382 0 12 -12 0
2764 1382 0 13 -13 0
2764 1382 0 14 -14 0
2764 1382 0 15 -15 0
2764 1382 0 16 -16 0
2764 1382 0 17 -17 0
2764 1382 0 18 -18 0
2764 1382 0 19 -19 0
2764 1382 0 20 -20 0
2764 1382 0 21 -21 0
2764 1382 0 22 -22 0
2764 1382 0 23 -23 0
2764 1382 0 24 -24 0
2764 1382 0 25 -25 0
2764 1382 0 26 -26 0
2764 1382 0 27 -27 0
2764 1382 0 28 -28 0
2764 1382 0 29 -29 0
2764 1382 0 30 -30 0
2764 1382 0 31 -31 0
2764 1382 0 32 -32 0
2764 1382 0 33 -33 0
2764 1382 0 34 -34 0
2764 1382 0 35 -35 0
2764 1382 0 36 -36 0
2764 1382 0 37 -37 0
2764 1382 0 38 -38 0
2764 1382 0 39 -39 0
2764 1382 0 40 -40 0
2764 1382 0 41 -41 0
2764 1382 0 42 -42 0
2764 1382 0 43 -43 0
2764 1382 0 44 -44 0
2764 1382 0 45 -45 0
2764 1382 0 46 -46 0
2764 1382 0 47 -47 0
2764 1382 0 48 -48 0
2764 1382 0 49 -49 0
2764 1382 0 50 -50 0
2764 1382 0 51 -51 0
2764 1382 0 52 -52 0
2764 1382 0 53 -53 0
2764 1382 0 54 -54 0
2764 1382 0 55 -55 0
2764 1382 0 56 -56 0
2764 1382 0 57 -57 0
2764 1382 0 58 -58 0
2764 1382 0 59 -59 0
2764 1382 0 60 -60 0
2764 1382 0 61 -61 0
2764 1382 0 62 -62 0
2764 1382 0 63 -63 0
2764 1382 0 64 -64 0
2764 1382 0 65 -65 0
2764 1382 0 66 -66 0
2764 1382 0 67 -67 0
2764 1382 0 68 -68 0
2764 1382 0 69 -69 0
2764 1382 0 70 -70 0
2764 1382 0 71 -71 0
2764 1382 0 72 -72 0
2764 1382 0 73 -73 0
2764 1382 0 74 -74 0
2764 1382 0 75 -75 0
2764 1382 0 76 -76 0
2764 1382 0 77 -77 0
2764 1382 0 78 -78 0
2764 1382 0 79 -79 0
2764 1382 0 80 -80 0
2764 1382 0 81 -81 0
2764 1382 0 82 -82 0
2764 1382 0 83 -83 0
2764 1382 0 84 -84 0
2764 1382 0 85 -85 0
2764 1382 0 86 -86 0
2764 1382 0 87 -87 0
2764 1382 0 88 -88 0
2764 1382 0 89 -89 0
2764 1382 0 90 -90 0
2764 1382 0 91 -91 0
2764 1382 0 92 -92 0
2764 1382 0 93 -93 0
2764 1382 0 94 -94 0
2764 1382 0 95 -95 0
2764 1382 0 96 -96 0
2764 1382 0 97 -97 0
2764 1382 0 98 -98 0
2764 1382 0 99 -99 0
2764 1382 0 100 -100 0
2764 1382 0 101 -101 0
2764 1382 0 102 -102 0
2764 1382 0 103 -103 0
2764 1382 0 104 -104 0
2764 1382 0 105 -105 0
2764 1382 0 106 -106 0
2764 1382 0 107 -107 0
2764 1382 0 108 -108 0
2764 1382 0 109 -109 0
2764 1382 0 110 -110 0
2764 1382 0 111 -111 0
2764 1382 0 112 -112 0
2764 1382 0 113 -113 0
2764 1382 0 114 -114 0
2764 1382 0 115 -115 0
2764 1382 0 116 -116 0
2764 1382 0 117 -117 0
2764 1382 0 118 -118 0
2764 1382 0 119 -119 0
2764 1382 0 120 -120 0
2764 1382 0 121 -121 0
2764 1382 0 122 -122 0
2764 1382 0 123 -123 0
2764 1382 0 124 -124 0
2764 1382 0 125 -125 0
2764 1382 0 126 -126 0
2764 1382 0 127 -127 0
2764 1382 0 128 -128 0
2764 1382 0 129 -129 0
2764 1382 0 130 -130 0
2764 1382 0 131 -131 0
2764 1382 0 132 -132 0
2764 1382 0 133 -133 0
2764 1382 0 134 -134 0
2764 1382 0 135 -135 0
2764 1382 0 136 -136 0
2764 1382 0 137 -137 0
2764 1382 0 138 -138 0
2764 1382 0 139 -139 0
2764 1382 0 140 -140 0
2764 1382 0 141 -141 0
2764 1382 0 142 -142 0
2764 1382 0 143 -143 0
2764 1382 0 144 -144 0
2764 1382 0 145 -145 0
2764 1382 0 146 -146 0
2764 1382 0 147 -147 0
2764 1382 0 148 -148 0
2764 1382 0 149 -149 0
2764 1382 0 150 -150 0
2766 1383 0 -150 150 0
2766 1383 0 -149 149 0
2766 1383 0 -148 148 0
2766 1383 0 -147 147 0
2766 1383 0 -146 146 0
2766 1383 0 -145 145 0
2766 1383 0 -144 144 0
2766 1383 0 -143 143 0
2766 1383 0 -142 142 0
2766 1383 0 -141 141 0
2766 1383 0 -140 140 0
2766 1383 0 -139 139 0
2766 1383 0 -138 138 0
2766 1383 0 -137 137 0
2766 1383 0 -136 136 0
2766 1383 0 -135 135 0
2766 1383 0 -134 134 0
2766 1383 0 -133 133 0
2766 1383 0 -132 132 0
2766 1383 0 -131 131 0
2766 1383 0 -130 130 0
2766 1383 0 -129 129 0
2766 1383 0 -128 128 0
2766 1383 0 -127 127 0
2766 1383 0 -126 126 0
2766 1383 0 -125 125 0
2766 1383 0 -124 124 0
2766 1383 0 -123 123 0
2766 1383 0 -122 122 0
2766 1383 0 -121 121 0
2766 1383 0 -120 120 0
2766 1383 0 -119 119 0
2766 1383 0 -118 118 0
2766 1383 0 -117 117 0
2766 1383 0 -116 116 0
2766 1383 0 -115 115 0
2766 1383 0 -114 114 0
2766 1383 0 -113 113 0
2766 1383 0 -112 112 0
2766 1383 0 -111 111 0
2766 1383 0 -110 110 0
2766 1383 0 -109 109 0
2766 1383 0 -108 108 0
2766 1383 0 -107 107 0
2766 1383 0 -106 106 0
2766 1383 0 -105 105 0
2766 1383 0 -104 104 0
2766 1383 0 -103 103 0
2766 1383 0 -102 102 0
2766 1383 0 -101 101 0
2766 1383 0 -100 100 0
2766 1383 0 -99 99 0
2766 1383 0 -98 98 0
2766 1383 0 -97 97 0
2766 1383 0 -96 96 0
2766 1383 0 -95 95 0
2766 1383 0 -94 94 0
2766 1383 0 -93 93 0
2766 1383 0 -92 92 0
2766 1383 0 -91 91 0
2766 1383 0 -90 90 0
2766 1383 0 -89 89 0
2766 1383 0 -88 88 0
2766 1383 0 -87 87 0
2766 1383 0 -86 86 0
2766 1383 0 -85 85 0
2766 1383 0 -84 84 0
2766 1383 0 -83 83 0
2766 1383 0 -82 82 0
2766 1383 0 -81 81 0
2766 1383 0 -80 80 0
2766 1383 0 -79 79 0
2766 1383 0 -78 78 0
2766 1383 0 -77 77 0
2766 1383 0 -76 76 0
2766 1383 0 -75 75 0
2766 1383 0 -74 74 0
2766 1383 0 -73 73 0
2766 1383 0 -72 72 0
2766 1383 0 -71 71 0
2766 1383 0 -70 70 0
2766 1383 0 -69 69 0
2766 1383 0 -68 68 0
2766 1383 0 -67 67 0
2766 1383 0 -66 66 0
2766 1383 0 -65 65 0
2766 1383 0 -64 64 0
2766 1383 0 -63 63 0
2766 1383 0 -62 62 0
2766 1383 0 -61 61 0
2766 1383 0 -60 60 0
2766 1383 0 -59 59 0
2766 1383 0 -58 58 0
2766 1383 0 -57 57 0
2766 1383 0 -56 56 0
2766 1383 0 -55 55 0
2766 1383 0 -54 54 0
2766 1383 0 -53 53 0
2766 1383 0 -52 52 0
2766 1383 0 -51 51 0
2766 1383 0 -50 50 0
2766 1383 0 -49 49 0
2766 1383 0 -48 48 0
2766 1383 0 -47 47 0
2766 1383 0 -46 46 0
2766 1383 0 -45 45 0
2766 1383 0 -44 44 0
2766 1383 0 -43 43 0
2766 1383 0 -42 42 0
2766 1383 0 -41 41 0
2766 1383 0 -40 40 0
2766 1383 0 -39 39 0
2766 1383 0 -38 38 0
2766 1383 0 -37 37 0
2766 1383 0 -36 36 0
2766 1383 0 -35 35 0
2766 1383 0 -34 34 0
2766 1383 0 -33 33 0
2766 1383 0 -32 32 0
2766 1383 0 -31 31 0
2766 1383 0 -30 30 0
2766 1383 0 -29 29 0
2766 1383 0 -28 28 0
2766 1383 0 -27 27 0
2766 1383 0 -26 26 0
2766 1383 0 -25 25 0
2766 1383 0 -24 24 0
2766 1383 0 -23 23 0
2766 1383 0 -22 22 0
2766 1383 0 -21 21 0
2766 1383 0 -20 20 0
2766 1383 0 -19 19 0
2766 1383 0 -18 18 0
2766 1383 0 -17 17 0
2766 1383 0 -16 16 0
2766 1383 0 -15 15 0
2766 1383 0 -14 14 0
2766 1383 0 -13 13 0
2766 1383 0 -12 12 0
2766 1383 0 -11 11 0
2766 1383 0 -10 10 0
2766 1383 0 -9 9 0
2766 1383 0 -8 8 0
2766 1383 0 -7 7 0
2766 1383 0 -6 6 0
2766 1383 0 -5 5 0
2766 1383 0 -4 4 0
2766 1383 0 -3 3 0
2766 1383 0 -2 2 0
2766 1383 0 -1 1 0
2766 1383 0 1 -1 0
2766 1383 0 2 -2 0
2766 1383 0 3 -3 0
2766 1383 0 4 -4 0
2766 1383 0 5 -5 0
2766 1383 0 6 -6 0
2766 1383 0 7 -7 0
2766 1383 0 8 -8 0
2766 1383 0 9 -9 0
2766 1383 0 10 -10 0
2766 1383 0 11 -11 0
2766 1383 0 12 -12 0
2766 1383 0 13 -13 0
2766 1383 0 14 -14 0
2766 1383 0 15 -15 0
2766 1383 0 16 -16 0
2766 1383 0 17 -17 0
2766 1383 0 18 -18 0
2766 1383 0 19 -19 0
2766 1383 0 20 -20 0
2766 1383 0 21 -21 0
2766 1383 0 22 -22 0
2766 1383 0 23 -23 0
2766 1383 0 24 -24 0
2766 1383 0 25 -25 0
2766 1383 0 26 -26 0
2766 1383 0 27 -27 0
2766 1383 0 28 -28 0
2766 1383 0 29 -29 0
2766 1383 0 30 -30 0
2766 1383 0 31 -31 0
2766 1383 0 32 -32 0
2766 1383 0 33 -33 0
2766 1383 0 34 -34 0
2766 1383 0 35 -35 0
2766 1383 0 36 -36 0
2766 1383 0 37 -37 0
2766 1383 0 38 -38 0
2766 1383 0 39 -39 0
2766 1383 0 40 -40 0
2766 1383 0 41 -41 0
2766 1383 0 42 -42 0
2766 1383 0 43 -43 0
2766 1383 0 44 -44 0
2766 1383 0 45 -45 0
2766 1383 0 46 -46 0
2766 1383 0 47 -47 0
2766 1383 0 48 -48 0
2766 1383 0 49 -49 0
2766 1383 0 50 -50 0
2766 1383 0 51 -51 0
2766 1383 0 52 -52 0
2766 1383 0 53 -53 0
2766 1383 0 54 -54 0
2766 1383 0 55 -55 0
2766 1383 0 56 -56 0
2766 1383 0 57 -57 0
2766 1383 0 58 -58 0
2766 1383 0 59 -59 0
2766 1383 0 60 -60 0
2766 1383 0 61 -61 0
2766 1383 0 62 -62 0
2766 1383 0 63 -63 0
2766 1383 0 64 -64 0
2766 1383 0 65 -65 0
2766 1383 0 66 -66 0
2766 1383 0 67 -67 0
2766 1383 0 68 -68 0
2766 1383 0 69 -69 0
2766 1383 0 70 -70 0
2766 1383 0 71 -71 0
2766 1383 0 72 -72 0
2766 1383 0 73 -73 0
2766 1383 0 74 -74 0
2766 1383 0 75 -75 0
2766 1383 0 76 -76 0
2766 1383 0 77 -77 0
2766 1383 0 78 -78 0
2766 1383 0 79 -79 0
2766 1383 0 80 -80 0
2766 1383 0 81 -81 0
2766 1383 0 82 -82 0
2766 1383 0 83 -83 0
2766 1383 0 84 -84 0
2766 1383 0 85 -85 0
2766 1383 0 86 -86 0
2766 1383 0 87 -87 0
2766 1383 0 88 -88 0
2766 1383 0 89 -89 0
2766 1383 0 90 -90 0
2766 1383 0 91 -91 0
2766 1383 0 92 -92 0
2766 1383 0 93 -93 0
2766 1383 0 94 -94 0
2766 1383 0 95 -95 0
2766 1383 0 96 -96 0
2766 1383 0 97 -97 0
2766 1383 0 98 -98 0
2766 1383 0 99 -99 0
2766 1383 0 100 -100 0
2766 1383 0 101 -101 0
2766 1383 0 102 -102 0
2766 1383 0 103 -103 0
2766 1383 0 104 -104 0
2766 1383 0 105 -105 0
2766 1383 0 106 -106 0
2766 1383 0 107 -107 0
2766 1383 0 108 -108 0
2766 1383 0 109 -109 0
2766 1383 0 110 -110 0
2766 1383 0 111 -111 0
2766 1383 0 112 -112 0
2766 1383 0 113 -113 0
2766 1383 0 114 -114 0
2766 1383 0 115 -115 0
2766 1383 0 116 -116 0
2766 1383 0 117 -117 0
2766 1383 0 118 -118 0
2766 1383 0 119 -119 0
2766 1383 0 120 -120 0
2766 1383 0 121 -121 0
2766 1383 0 122 -122 0
2766 1383 0 123 -123 0
2766 1383 0 124 -124 0
2766 1383 0 125 -125 0
2766 1383 0 126 -126 0
2766 1383 0 127 -127 0
2766 1383 0 128 -128 0
2766 1383 0 129 -129 0
2766 1383 0 130 -130 0
2766 1383 0 131 -131 0
2766 1383 0 132 -132 0
2766 1383 0 133 -133 0
2766 1383 0 134 -134 0
2766 1383 0 135 -135 0
2766 1383 0 136 -136 0
2766 1383 0 137 -137 0
2766 1383 0 138 -138 0
2766 1383 0 139 -139 0
2766 1383 0 140 -140 0
2766 1383 0 141 -141 0
2766 1383 0 142 -142 0
2766 1383 0 143 -143 0
2766 1383 0 144 -144 0
2766 1383 0 145 -145 0
2766 1383 0 146 -146 0
2766 1383 0 147 -147 0
2766 1383 0 148 -148 0
2766 1383 0 149 -149 0
2766 1383 0 150 -150 0
2768 1384 0 -150 150 0
2768 1384 0 -149 149 0
2768 1384 0 -148 148 0
2768 1384 0 -147 147 0
2768 1384 0 -146 146 0
2768 1384 0 -145 145 0
2768 1384 0 -144 144 0
2768 1384 0 -143 143 0
2768 1384 0 -142 142 0
2768 1384 0 -141 141 0
2768 1384 0 -140 140 0
2768 1384 0 -139 139 0
2768 1384 0 -138 138 0
2768 1384 0 -137 137 0
2768 1384 0 -136 136 0
2768 1384 0 -135 135 0
2768 1384 0 -134 134 0
2768 1384 0 -133 133 0
2768 1384 0 -132 132 0
2768 1384 0 -131 131 0
2768 1384 0 -130 130 0
2768 1384 0 -129 129 0
2768 1384 0 -128 128 0
2768 1384 0 -127 127 0
2768 1384 0 -126 126 0
2768 1384 0 -125 125 0
2768 1384 0 -124 124 0
2768 1384 0 -123 123 0
2768 1384 0 -122 122 0
2768 1384 0 -121 121 0
2768 1384 0 -120 120 0
2768 1384 0 -119 119 0
2768 1384 0 -118 118 0
2768 1384 0 -117 117 0
2768 1384 0 -116 116 0
2768 1384 0 -115 115 0
2768 1384 0 -114 114 0
2768 1384 0 -113 113 0
2768 1384 0 -112 112 0
2768 1384 0 -111 111 0
2768 1384 0 -110 110 0
2768 1384 0 -109 109 0
2768 1384 0 -108 108 0
2768 1384 0 -107 107 0
2768 1384 0 -106 106 0
2768 1384 0 -105 105 0
2768 1384 0 -104 104 0
2768 1384 0 -103 103 0
2768 1384 0 -102 102 0
2768 1384 0 -101 101 0
2768 1384 0 -100 100 0
2768 1384 0 -99 99 0
2768 1384 0 -98 98 0
2768 1384 0 -97 97 0
2768 1384 0 -96 96 0
2768 1384 0 -95 95 0
2768 1384 0 -94 94 0
2768 1384 0 -93 93 0
2768 1384 0 -92 92 0
2768 1384 0 -91 91 0
2768 1384 0 -90 90 0
2768 1384 0 -89 89 0
2768 1384 0 -88 88 0
2768 1384 0 -87 87 0
2768 1384 0 -86 86 0
2768 1384 0 -85 85 0
2768 1384 0 -84 84 0
2768 1384 0 -83 83 0
2768 1384 0 -82 82 0
2768 1384 0 -81 81 0
2768 1384 0 -80 80 0
2768 1384 0 -79 79 0
2768 1384 0 -78 78 0
2768 1384 0 -77 77 0
2768 1384 0 -76 76 0
2768 1384 0 -75 75 0
2768 1384 0 -74 74 0
2768 1384 0 -73 73 0
2768 1384 0 -72 72 0
2768 1384 0 -71 71 0
2768 1384 0 -70 70 0
2768 1384 0 -69 69 0
2768 1384 0 -68 68 0
2768 1384 0 -67 67 0
2768 1384 0 -66 66 0
2768 1384 0 -65 65 0
2768 1384 0 -64 64 0
2768 1384 0 -63 63 0
2768 1384 0 -62 62 0
2768 1384 0 -61 61 0
2768 1384 0 -60 60 0
2768 1384 0 -59 59 0
2768 1384 0 -58 58 0
2768 1384 0 -57 57 0
2768 1384 0 -56 56 0
2768 1384 0 -55 55 0
2768 1384 0 -54 54 0
2768 1384 0 -53 53 0
2768 1384 0 -52 52 0
2768 1384 0 -51 51 0
2768 1384 0 -50 50 0
2768 1384 0 -49 49 0
2768 1384 0 -48 48 0
2768 1384 0 -47 47 0
2768 1384 0 -46 46 0
2768 1384 0 -45 45 0
2768 1384 0 -44 44 0
2768 1384 0 -43 43 0
2768 1384 0 -42 42 0
2768 1384 0 -41 41 0
2768 1384 0 -40 40 0
2768 1384 0 -39 39 0
2768 1384 0 -38 38 0
2768 1384 0 -37 37 0
2768 1384 0 -36 36 0
2768 1384 0 -35 35 0
2768 1384 0 -34 34 0
2768 1384 0 -33 33 0
2768 1384 0 -32 32 0
2768 1384 0 -31 31 0
2768 1384 0 -30 30 0
2768 1384 0 -29 29 0
2768 1384 0 -28 28 0
2768 1384 0 -27 27 0
2768 1384 0 -26 26 0
2768 1384 0 -25 25 0
2768 1384 0 -24 24 0
2768 1384 0 -23 23 0
2768 1384 0 -22 22 0
2768 1384 0 -21 21 0
2768 1384 0 -20 20 0
2768 1384 0 -19 19 0
2768 1384 0 -18 18 0
2768 1384 0 -17 17 0
2768 1384 0 -16 16 0
2768 1384 0 -15 15 0
2768 1384 0 -14 14 0
2768 1384 0 -13 13 0
2768 1384 0 -12 12 0
2768 1384 0 -11 11 0
2768 1384 0 -10 10 0
2768 1384 0 -9 9 0
2768 1384 0 -8 8 0
2768 1384 0 -7 7 0
2768 1384 0 -6 6 0
2768 1384 0 -5 5 0
2768 1384 0 -4 4 0
2768 1384 0 -3 3 0
2768 1384 0 -2 2 0
2768 1384 0 -1 1 0
2768 1384 0 1 -1 0
2768 1384 0 2 -2 0
2768 1384 0 3 -3 0
2768 1384 0 4 -4 0
2768 1384 0 5 -5 0
2768 1384 0 6 -6 0
2768 1384 0 7 -7 0
2768 1384 0 8 -8 0
2768 1384 0 9 -9 0
2768 1384 0 10 -10 0
2768 1384 0 11 -11 0
2768 1384 0 12 -12 0
2768 1384 0 13 -13 0
2768 1384 0 14 -14 0
2768 1384 0 15 -15 0
2768 1384 0 16 -16 0
2768 1384 0 17 -17 0
2768 1384 0 18 -18 0
2768 1384 0 19 -19 0
2768 1384 0 20 -20 0
2768 1384 0 21 -21 0
2768 1384 0 22 -22 0
2768 1384 0 23 -23 0
2768 1384 0 24 -24 0
2768 1384 0 25 -25 0
2768 1384 0 26 -26 0
2768 1384 0 27 -27 0
2768 1384 0 28 -28 0
2768 1384 0 29 -29 0
2768 1384 0 30 -30 0
2768 1384 0 31 -31 0
2768 1384 0 32 -32 0
2768 1384 0 33 -33 0
2768 1384 0 34 -34 0
2768 1384 0 35 -35 0
2768 1384 0 36 -36 0
2768 1384 0 37 -37 0
2768 1384 0 38 -38 0
2768 1384 0 39 -39 0
2768 1384 0 40 -40 0
2768 1384 0 41 -41 0
2768 1384 0 42 -42 0
2768 1384 0 43 -43 0
2768 1384 0 44 -44 0
2768 1384 0 45 -45 0
2768 1384 0 46 -46 0
2768 1384 0 47 -47 0
2768 1384 0 48 -48 0
2768 1384 0 49 -49 0
2768 1384 0 50 -50 0
2768 1384 0 51 -51 0
2768 1384 0 52 -52 0
2768 1384 0 53 -53 0
2768 1384 0 54 -54 0
2768 1384 0 55 -55 0
2768 1384 0 56 -56 0
2768 1384 0 57 -57 0
2768 1384 0 58 -58 0
2768 1384 0 59 -59 0
2768 1384 0 60 -60 0
2768 1384 0 61 -61 0
2768 1384 0 62 -62 0
2768 1384 0 63 -63 0
2768 1384 0 64 -64 0
2768 1384 0 65 -65 0
2768 1384 0 66 -66 0
2768 1384 0 67 -67 0
2768 1384 0 68 -68 0
2768 1384 0 69 -69 0
2768 1384 0 70 -70 0
2768 1384 0 71 -71 0
2768 1384 0 72 -72 0
2768 1384 0 73 -73 0
2768 1384 0 74 -74 0
2768 1384 0 75 -75 0
2768 1384 0 76 -76 0
2768 1384 0 77 -77 0
2768 1384 0 78 -78 0
2768 1384 0 79 -79 0
2768 1384 0 80 -80 0
2768 1384 0 81 -81 0
2768 1384 0 82 -82 0
2768 1384 0 83 -83 0
2768 1384 0 84 -84 0
2768 1384 0 85 -85 0
2768 1384 0 86 -86 0
2768 1384 0 87 -87 0
2768 1384 0 88 -88 0
2768 1384 0 89 -89 0
2768 1384 0 90 -90 0
2768 1384 0 91 -91 0
2768 1384 0 92 -92 0
2768 1384 0 93 -93 0
2768 1384 0 94 -94 0
2768 1384 0 95 -95 0
2768 1384 0 96 -96 0
2768 1384 0 97 -97 0
2768 1384 0 98 -98 0
2768 1384 0 99 -99 0
2768 1384 0 100 -100 0
2768 1384 0 101 -101 0
2768 1384 0 102 -102 0
2768 1384 0 103 -103 0
2768 1384 0 104 -104 0
2768 1384 0 105 -105 0
2768 1384 0 106 -106 0
2768 1384 0 107 -107 0
2768 1384 0 108 -108 0
2768 1384 0 109 -109 0
2768 1384 0 110 -110 0
2768 1384 0 111 -111 0
2768 1384 0 112 -112 0
2768 1384 0 113 -113 0
2768 1384 0 114 -114 0
2768 1384 0 115 -115 0
2768 1384 0 116 -116 0
2768 1384 0 117 -117 0
2768 1384 0 118 -118 0
2768 1384 0 119 -119 0
2768 1384 0 120 -120 0
2768 1384 0 121 -121 0
2768 1384 0 122 -122 0
2768 1384 0 123 -123 0
2768 1384 0 124 -124 0
2768 1384 0 125 -125 0
2768 1384 0 126 -126 0
2768 1384 0 127 -127 0
2768 1384 0 128 -128 0
2768 1384 0 129 -129 0
2768 1384 0 130 -130 0
2768 1384 0 131 -131 0
2768 1384 0 132 -132 0
2768 1384 0 133 -133 0
2768 1384 0 134 -134 0
2768 1384 0 135 -135 0
2768 1384 0 136 -136 0
2768 1384 0 137 -137 0
2768 1384 0 138 -138 0
2768 1384 0 139 -139 0
2768 1384 0 140 -140 0
2768 1384 0 141 -141 0
2768 1384 0 142 -142 0
2768 1384 0 143 -143 0
2768 1384 0 144 -144 0
2768 1384 0 145 -145 0
2768 1384 0 146 -146 0
2768 1384 0 147 -147 0
2768 1384 0 148 -148 0
2768 1384 0 149 -149 0
2768 1384 0 150 -150 0
2770 1385 0 -150 150 0
2770 1385 0 -149 149 0
2770 1385 0 -148 148 0
2770 1385 0 -147 147 0
2770 1385 0 -146 146 0
2770 1385 0 -145 145 0
2770 1385 0 -144 144 0
2770 1385 0 -143 143 0
2770 1385 0 -142 142 0
2770 1385 0 -141 141 0
2770 1385 0 -140 140 0
2770 1385 0 -139 139 0
2770 1385 0 -138 138 0
2770 1385 0 -137 137 0
2770 1385 0 -136 136 0
2770 1385 0 -135 135 0
2770 1385 0 -134 134 0
2770 1385 0 -133 133 0
2770 1385 0 -132 132 0
2770 1385 0 -131 131 0
2770 1385 0 -130 130 0
2770 1385 0 -129 129 0
2770 1385 0 -128 128 0
2770 1385 0 -127 127 0
2770 1385 0 -126 126 0
2770 1385 0 -125 125 0
2770 1385 0 -124 124 0
2770 1385 0 -123 123 0
2770 1385 0 -122 122 0
2770 1385 0 -121 121 0
2770 1385 0 -120 120 0
2770 1385 0 -119 119 0
2770 1385 0 -118 118 0
2770 1385 0 -117 117 0
2770 1385 0 -116 116 0
2770 1385 0 -115 115 0
2770 1385 0 -114 114 0
2770 1385 0 -113 113 0
2770 1385 0 -112 112 0
2770 1385 0 -111 111 0
2770 1385 0 -110 110 0
2770 1385 0 -109 109 0
2770 1385 0 -108 108 0
2770 1385 0 -107 107 0
2770 1385 0 -106 106 0
2770 1385 0 -105 105 0
2770 1385 0 -104 104 0
2770 1385 0 -103 103 0
2770 1385 0 -102 102 0
2770 1385 0 -101 101 0
2770 1385 0 -100 100 0
2770 1385 0 -99 99 0
2770 1385 0 -98 98 0
2770 1385 0 -97 97 0
2770 1385 0 -96 96 0
2770 1385 0 -95 95 0
2770 1385 0 -94 94 0
2770 1385 0 -93 93 0
2770 1385 0 -92 92 0
2770 1385 0 -91 91 0
2770 1385 0 -90 90 0
2770 1385 0 -89 89 0
2770 1385 0 -88 88 0
2770 1385 0 -87 87 0
2770 1385 0 -86 86 0
2770 1385 0 -85 85 0
2770 1385 0 -84 84 0
2770 1385 0 -83 83 0
2770 1385 0 -82 82 0
2770 1385 0 -81 81 0
2770 1385 0 -80 80 0
2770 1385 0 -79 79 0
2770 1385 0 -78 78 0
2770 1385 0 -77 77 0
2770 1385 0 -76 76 0
2770 1385 0 -75 75 0
2770 1385 0 -74 74 0
2770 1385 0 -73 73 0
2770 1385 0 -72 72 0
2770 1385 0 -71 71 0
2770 1385 0 -70 70 0
2770 1385 0 -69 69 0
2770 1385 0 -68 68 0
2770 1385 0 -67 67 0
2770 1385 0 -66 66 0
2770 1385 0 -65 65 0
2770 1385 0 -64 64 0
2770 1385 0 -63 63 0
2770 1385 0 -62 62 0
2770 1385 0 -61 61 0
2770 1385 0 -60 60 0
2770 1385 0 -59 59 0
2770 1385 0 -58 58 0
2770 1385 0 -57 57 0
2770 1385 0 -56 56 0
2770 1385 0 -55 55 0
2770 1385 0 -54 54 0
2770 1385 0 -53 53 0
2770 1385 0 -52 52 0
2770 1385 0 -51 51 0
2770 1385 0 -50 50 0
2770 1385 0 -49 49 0
2770 1385 0 -48 48 0
2770 1385 0 -47 47 0
2770 1385 0 -46 46 0
2770 1385 0 -45 45 0
2770 1385 0 -44 44 0
2770 1385 0 -43 43 0
2770 1385 0 -42 42 0
2770 1385 0 -41 41 0
2770 1385 0 -40 40 0
2770 1385 0 -39 39 0
2770 1385 0 -38 38 0
2770 1385 0 -37 37 0
2770 1385 0 -36 36 0
2770 1385 0 -35 35 0
2770 1385 0 -34 34 0
2770 1385 0 -33 33 0
2770 1385 0 -32 32 0
2770 1385 0 -31 31 0
2770 1385 0 -30 30 0
2770 1385 0 -29 29 0
2770 1385 0 -28 28 0
2770 1385 0 -27 27 0
2770 1385 0 -26 26 0
2770 1385 0 -25 25 0
2770 1385 0 -24 24 0
2770 1385 0 -23 23 0
2770 1385 0 -22 22 0
2770 1385 0 -21 21 0
2770 1385 0 -20 20 0
2770 1385 0 -19 19 0
2770 1385 0 -18 18 0
2770 1385 0 -17 17 0
2770 1385 0 -16 16 0
2770 1385 0 -15 15 0
2770 1385 0 -14 14 0
2770 1385 0 -13 13 0
2770 1385 0 -12 12 0
2770 1385 0 -11 11 0
2770 1385 0 -10 10 0
2770 1385 0 -9 9 0
2770 1385 0 -8 8 0
2770 1385 0 -7 7 0
2770 1385 0 -6 6 0
2770 1385 0 -5 5 0
2770 1385 0 -4 4 0
2770 1385 0 -3 3 0
2770 1385 0 -2 2 0
2770 1385 0 -1 1 0
2770 1385 0 1 -1 0
2770 1385 0 2 -2 0
2770 1385 0 3 -3 0
2770 1385 0 4 -4 0
2770 1385 0 5 -5 0
2770 1385 0 6 -6 0
2770 1385 0 7 -7 0
2770 1385 0 8 -8 0
2770 1385 0 9 -9 0
2770 1385 0 10 -10 0
2770 1385 0 11 -11 0
2770 1385 0 12 -12 0
2770 1385 0 13 -13 0
2770 1385 0 14 -14 0
2770 1385 0 15 -15 0
2770 1385 0 16 -16 0
2770 1385 0 17 -17 0
2770 1385 0 18 -18 0
2770 1385 0 19 -19 0
2770 1385 0 20 -20 0
2770 1385 0 21 -21 0
2770 1385 0 22 -22 0
2770 1385 0 23 -23 0
2770 1385 0 24 -24 0
2770 1385 0 25 -25 0
2770 1385 0 26 -26 0
2770 1385 0 27 -27 0
2770 1385 0 28 -28 0
2770 1385 0 29 -29 0
2770 1385 0 30 -30 0
2770 1385 0 31 -31 0
2770 1385 0 32 -32 0
2770 1385 0 33 -33 0
2770 1385 0 34 -34 0
2770 1385 0 35 -35 0
2770 1385 0 36 -36 0
2770 1385 0 37 -37 0
2770 1385 0 38 -38 0
2770 1385 0 39 -39 0
2770 1385 0 40 -40 0
2770 1385 0 41 -41 0
2770 1385 0 42 -42 0
2770 1385 0 43 -43 0
2770 1385 0 44 -44 0
2770 1385 0 45 -45 0
2770 1385 0 46 -46 0
2770 1385 0 47 -47 0
2770 1385 0 48 -48 0
2770 1385 0 49 -49 0
2770 1385 0 50 -50 0
2770 1385 0 51 -51 0
2770 1385 0 52 -52 0
2770 1385 0 53 -53 0
2770 1385 0 54 -54 0
2770 1385 0 55 -55 0
2770 1385 0 56 -56 0
2770 1385 0 57 -57 0
2770 1385 0 58 -58 0
2770 1385 0 59 -59 0
2770 1385 0 60 -60 0
2770 1385 0 61 -61 0
2770 1385 0 62 -62 0
2770 1385 0 63 -63 0
2770 1385 0 64 -64 0
2770 1385 0 65 -65 0
2770 1385 0 66 -66 0
2770 1385 0 67 -67 0
2770 1385 0 68 -68 0
2770 1385 0 69 -69 0
2770 1385 0 70 -70 0
2770 1385 0 71 -71 0
2770 1385 0 72 -72 0
2770 1385 0 73 -73 0
2770 1385 0 74 -74 0
2770 1385 0 75 -75 0
2770 1385 0 76 -76 0
2770 1385 0 77 -77 0
2770 1385 0 78 -78 0
2770 1385 0 79 -79 0
2770 1385 0 80 -80 0
2770 1385 0 81 -81 0
2770 1385 0 82 -82 0
2770 1385 0 83 -83 0
2770 1385 0 84 -84 0
2770 1385 0 85 -85 0
2770 1385 0 86 -86 0
2770 1385 0 87 -87 0
2770 1385 0 88 -88 0
2770 1385 0 89 -89 0
2770 1385 0 90 -90 0
2770 1385 0 91 -91 0
2770 1385 0 92 -92 0
2770 1385 0 93 -93 0
2770 1385 0 94 -94 0
2770 1385 0 95 -95 0
2770 1385 0 96 -96 0
2770 1385 0 97 -97 0
2770 1385 0 98 -98 0
2770 1385 0 99 -99 0
2770 1385 0 100 -100 0
2770 1385 0 101 -101 0
2770 1385 0 102 -102 0
2770 1385 0 103 -103 0
2770 1385 0 104 -104 0
2770 1385 0 105 -105 0
2770 1385 0 106 -106 0
2770 1385 0 107 -107 0
2770 1385 0 108 -108 0
2770 1385 0 109 -109 0
2770 1385 0 110 -110 0
2770 1385 0 111 -111 0
2770 1385 0 112 -112 0
2770 1385 0 113 -113 0
2770 1385 0 114 -114 0
2770 1385 0 115 -115 0
2770 1385 0 116 -116 0
2770 1385 0 117 -117 0
2770 1385 0 118 -118 0
2770 1385 0 119 -119 0
2770 1385 0 120 -120 0
2770 1385 0 121 -121 0
2770 1385 0 122 -122 0
2770 1385 0 123 -123 0
2770 1385 0 124 -124 0
2770 1385 0 125 -125 0
2770 1385 0 126 -126 0
2770 1385 0 127 -127 0
2770 1385 0 128 -128 0
2770 1385 0 129 -129 0
2770 1385 0 130 -130 0
2770 1385 0 131 -131 0
2770 1385 0 132 -132 0
2770 1385 0 133 -133 0
2770 1385 0 134 -134 0
2770 1385 0 135 -135 0
2770 1385 0 136 -136 0
2770 1385 0 137 -137 0
2770 1385 0 138 -138 0
2770 1385 0 139 -139 0
2770 1385 0 140 -140 0
2770 1385 0 141 -141 0
2770 1385 0 142 -142 0
2770 1385 0 143 -143 0
2770 1385 0 144 -144 0
2770 1385 0 145 -145 0
2770 1385 0 146 -146 0
2770 1385 0 147 -147 0
2770 1385 0 148 -148 0
2770 1385 0 149 -149 0
2770 1385 0 150 -150 0
2772 1386 0 -150 150 0
2772 1386 0 -149 149 0
2772 1386 0 -148 148 0
2772 1386 0 -147 147 0
2772 1386 0 -146 146 0
2772 1386 0 -145 145 0
2772 1386 0 -144 144 0
2772 1386 0 -143 143 0
2772 1386 0 -142 142 0
2772 1386 0 -141 141 0
2772 1386 0 -140 140 0
2772 1386 0 -139 139 0
2772 1386 0 -138 138 0
2772 1386 0 -137 137 0
2772 1386 0 -136 136 0
2772 1386 0 -135 135 0
2772 1386 0 -134 134 0
2772 1386 0 -133 133 0
2772 1386 0 -132 132 0
2772 1386 0 -131 131 0
2772 1386 0 -130 130 0
2772 1386 0 -129 129 0
2772 1386 0 -128 128 0
2772 1386 0 -127 127 0
2772 1386 0 -126 126 0
2772 1386 0 -125 125 0
2772 1386 0 -124 124 0
2772 1386 0 -123 123 0
2772 1386 0 -122 122 0
2772 1386 0 -121 121 0
2772 1386 0 -120 120 0
2772 1386 0 -119 119 0
2772 1386 0 -118 118 0
2772 1386 0 -117 117 0
2772 1386 0 -116 116 0
2772 1386 0 -115 115 0
2772 1386 0 -114 114 0
2772 1386 0 -113 113 0
2772 1386 0 -112 112 0
2772 1386 0 -111 111 0
2772 1386 0 -110 110 0
2772 1386 0 -109 109 0
2772 1386 0 -108 108 0
2772 1386 0 -107 107 0
2772 1386 0 -106 106 0
2772 1386 0 -105 105 0
2772 1386 0 -104 104 0
2772 1386 0 -103 103 0
2772 1386 0 -102 102 0
2772 1386 0 -101 101 0
2772 1386 0 -100 100 0
2772 1386 0 -99 99 0
2772 1386 0 -98 98 0
2772 1386 0 -97 97 0
2772 1386 0 -96 96 0
2772 1386 0 -95 95 0
2772 1386 0 -94 94 0
2772 1386 0 -93 93 0
2772 1386 0 -92 92 0
2772 1386 0 -91 91 0
2772 1386 0 -90 90 0
2772 1386 0 -89 89 0
2772 1386 0 -88 88 0
2772 1386 0 -87 87 0
2772 1386 0 -86 86 0
2772 1386 0 -85 85 0
2772 1386 0 -84 84 0
2772 1386 0 -83 83 0
2772 1386 0 -82 82 0
2772 1386 0 -81 81 0
2772 1386 0 -80 80 0
2772 1386 0 -79 79 0
2772 1386 0 -78 78 0
2772 1386 0 -77 77 0
2772 1386 0 -76 76 0
2772 1386 0 -75 75 0
2772 1386 0 -74 74 0
2772 1386 0 -73 73 0
2772 1386 0 -72 72 0
2772 1386 0 -71 71 0
2772 1386 0 -70 70 0
2772 1386 0 -69 69 0
2772 1386 0 -68 68 0
2772 1386 0 -67 67 0
2772 1386 0 -66 66 0
2772 1386 0 -65 65 0
2772 1386 0 -64 64 0
2772 1386 0 -63 63 0
2772 1386 0 -62 62 0
2772 1386 0 -61 61 0
2772 1386 0 -60 60 0
2772 1386 0 -59 59 0
2772 1386 0 -58 58 0
2772 1386 0 -57 57 0
2772 1386 0 -56 56 0
2772 1386 0 -55 55 0
2772 1386 0 -54 54 0
2772 1386 0 -53 53 0
2772 1386 0 -52 52 0
2772 1386 0 -51 51 0
2772 1386 0 -50 50 0
2772 1386 0 -49 49 0
2772 1386 0 -48 48 0
2772 1386 0 -47 47 0
2772 1386 0 -46 46 0
2772 1386 0 -45 45 0
2772 1386 0 -44 44 0
2772 1386 0 -43 43 0
2772 1386 0 -42 42 0
2772 1386 0 -41 41 0
2772 1386 0 -40 40 0
2772 1386 0 -39 39 0
2772 1386 0 -38 38 0
2772 1386 0 -37 37 0
2772 1386 0 -36 36 0
2772 1386 0 -35 35 0
2772 1386 0 -34 34 0
2772 1386 0 -33 33 0
2772 1386 0 -32 32 0
2772 1386 0 -31 31 0
2772 1386 0 -30 30 0
2772 1386 0 -29 29 0
2772 1386 0 -28 28 0
2772 1386 0 -27 27 0
2772 1386 0 -26 26 0
2772 1386 0 -25 25 0
2772 1386 0 -24 24 0
2772 1386 0 -23 23 0
2772 1386 0 -22 22 0
2772 1386 0 -21 21 0
2772 1386 0 -20 20 0
2772 1386 0 -19 19 0
2772 1386 0 -18 18 0
2772 1386 0 -17 17 0
2772 1386 0 -16 16 0
2772 1386 0 -15 15 0
2772 1386 0 -14 14 0
2772 1386 0 -13 13 0
2772 1386 0 -12 12 0
2772 1386 0 -11 11 0
2772 1386 0 -10 10 0
2772 1386 0 -9 9 0
2772 1386 0 -8 8 0
2772 1386 0 -7 7 0
2772 1386 0 -6 6 0
2772 1386 0 -5 5 0
2772 1386 0 -4 4 0
2772 1386 0 -3 3 0
2772 1386 0 -2 2 0
2772 1386 0 -1 1 0
2772 1386 0 1 -1 0
2772 1386 0 2 -2 0
2772 1386 0 3 -3 0
2772 1386 0 4 -4 0
2772 1386 0 5 -5 0
2772 1386 0 6 -6 0
2772 1386 0 7 -7 0
2772 1386 0 8 -8 0
2772 1386 0 9 -9 0
2772 1386 0 10 -10 0
2772 1386 0 11 -11 0
2772 1386 0 12 -12 0
2772 1386 0 13 -13 0
2772 1386 0 14 -14 0
2772 1386 0 15 -15 0
2772 1386 0 16 -16 0
2772 1386 0 17 -17 0
2772 1386 0 18 -18 0
2772 1386 0 19 -19 0
2772 1386 0 20 -20 0
2772 1386 0 21 -21 0
2772 1386 0 22 -22 0
2772 1386 0 23 -23 0
2772 1386 0 24 -24 0
2772 1386 0 25 -25 0
2772 1386 0 26 -26 0
2772 1386 0 27 -27 0
2772 1386 0 28 -28 0
2772 1386 0 29 -29 0
2772 1386 0 30 -30 0
2772 1386 0 31 -31 0
2772 1386 0 32 -32 0
2772 1386 0 33 -33 0
2772 1386 0 34 -34 0
2772 1386 0 35 -35 0
2772 1386 0 36 -36 0
2772 1386 0 37 -37 0
2772 1386 0 38 -38 0
2772 1386 0 39 -39 0
2772 1386 0 40 -40 0
2772 1386 0 41 -41 0
2772 1386 0 42 -42 0
2772 1386 0 43 -43 0
2772 1386 0 44 -44 0
2772 1386 0 45 -45 0
2772 1386 0 46 -46 0
2772 1386 0 47 -47 0
2772 1386 0 48 -48 0
2772 1386 0 49 -49 0
2772 1386 0 50 -50 0
2772 1386 0 51 -51 0
2772 1386 0 52 -52 0
2772 1386 0 53 -53 0
2772 1386 0 54 -54 0
2772 1386 0 55 -55 0
2772 1386 0 56 -56 0
2772 1386 0 57 -57 0
2772 1386 0 58 -58 0
2772 1386 0 59 -59 0
2772 1386 0 60 -60 0
2772 1386 0 61 -61 0
2772 1386 0 62 -62 0
2772 1386 0 63 -63 0
2772 1386 0 64 -64 0
2772 1386 0 65 -65 0
2772 1386 0 66 -66 0
2772 1386 0 67 -67 0
2772 1386 0 68 -68 0
2772 1386 0 69 -69 0
2772 1386 0 70 -70 0
2772 1386 0 71 -71 0
2772 1386 0 72 -72 0
2772 1386 0 73 -73 0
2772 1386 0 74 -74 0
2772 1386 0 75 -75 0
2772 1386 0 76 -76 0
2772 1386 0 77 -77 0
2772 1386 0 78 -78 0
2772 1386 0 79 -79 0
2772 1386 0 80 -80 0
2772 1386 0 81 -81 0
2772 1386 0 82 -82 0
2772 1386 0 83 -83 0
2772 1386 0 84 -84 0
2772 1386 0 85 -85 0
2772 1386 0 86 -86 0
2772 1386 0 87 -87 0
2772 1386 0 88 -88 0
2772 1386 0 89 -89 0
2772 1386 0 90 -90 0
2772 1386 0 91 -91 0
2772 1386 0 92 -92 0
2772 1386 0 93 -93 0
2772 1386 0 94 -94 0
2772 1386 0 95 -95 0
2772 1386 0 96 -96 0
2772 1386 0 97 -97 0
2772 1386 0 98 -98 0
2772 1386 0 99 -99 0
2772 1386 0 100 -100 0
2772 1386 0 101 -101 0
2772 1386 0 102 -102 0
2772 1386 0 103 -103 0
2772 1386 0 104 -104 0
2772 1386 0 105 -105 0
2772 1386 0 106 -106 0
2772 1386 0 107 -107 0
2772 1386 0 108 -108 0
2772 1386 0 109 -109 0
2772 1386 0 110 -110 0
2772 1386 0 111 -111 0
2772 1386 0 112 -112 0
2772 1386 0 113 -113 0
2772 1386 0 114 -114 0
2772 1386 0 115 -115 0
2772 1386 0 116 -116 0
2772 1386 0 117 -117 0
2772 1386 0 118 -118 0
2772 1386 0 119 -119 0
2772 1386 0 120 -120 0
2772 1386 0 121 -121 0
2772 1386 0 122 -122 0
2772 1386 0 123 -123 0
2772 1386 0 124 -124 0
2772 1386 0 125 -125 0
2772 1386 0 126 -126 0
2772 1386 0 127 -127 0
2772 1386 0 128 -128 0
2772 1386 0 129 -129 0
2772 1386 0 130 -130 0
2772 1386 0 131 -131 0
2772 1386 0 132 -132 0
2772 1386 0 133 -133 0
2772 1386 0 134 -134 0
2772 1386 0 135 -135 0
2772 1386 0 136 -136 0
2772 1386 0 137 -137 0
2772 1386 0 138 -138 0
2772 1386 0 139 -139 0
2772 1386 0 140 -140 0
2772 1386 0 141 -141 0
2772 1386 0 142 -142 0
2772 1386 0 143 -143 0
2772 1386 0 144 -144 0
2772 1386 0 145 -145 0
2772 1386 0 146 -146 0
2772 1386 0 147 -147 0
2772 1386 0 148 -148 0
2772 1386 0 149 -149 0
2772 1386 0 150 -150 0
2774 1387 0 -150 150 0
2774 1387 0 -149 149 0
2774 1387 0 -148 148 0
2774 1387 0 -147 147 0
2774 1387 0 -146 146 0
2774 1387 0 -145 145 0
2774 1387 0 -144 144 0
2774 1387 0 -143 143 0
2774 1387 0 -142 142 0
2774 1387 0 -141 141 0
2774 1387 0 -140 140 0
2774 1387 0 -139 139 0
2774 1387 0 -138 138 0
2774 1387 0 -137 137 0
2774 1387 0 -136 136 0
2774 1387 0 -135 135 0
2774 1387 0 -134 134 0
2774 1387 0 -133 133 0
2774 1387 0 -132 132 0
2774 1387 0 -131 131 0
2774 1387 0 -130 130 0
2774 1387 0 -129 129 0
2774 1387 0 -128 128 0
2774 1387 0 -127 127 0
2774 1387 0 -126 126 0
2774 1387 0 -125 125 0
2774 1387 0 -124 124 0
2774 1387 0 -123 123 0
2774 1387 0 -122 122 0
2774 1387 0 -121 121 0
2774 1387 0 -120 120 0
2774 1387 0 -119 119 0
2774 1387 0 -118 118 0
2774 1387 0 -117 117 0
2774 1387 0 -116 116 0
2774 1387 0 -115 115 0
2774 1387 0 -114 114 0
2774 1387 0 -113 113 0
2774 1387 0 -112 112 0
2774 1387 0 -111 111 0
2774 1387 0 -110 110 0
2774 1387 0 -109 109 0
2774 1387 0 -108 108 0
2774 1387 0 -107 107 0
2774 1387 0 -106 106 0
2774 1387 0 -105 105 0
2774 1387 0 -104 104 0
2774 1387 0 -103 103 0
2774 1387 0 -102 102 0
2774 1387 0 -101 101 0
2774 1387 0 -100 100 0
2774 1387 0 -99 99 0
2774 1387 0 -98 98 0
2774 1387 0 -97 97 0
2774 1387 0 -96 96 0
2774 1387 0 -95 95 0
2774 1387 0 -94 94 0
2774 1387 0 -93 93 0
2774 1387 0 -92 92 0
2774 1387 0 -91 91 0
2774 1387 0 -90 90 0
2774 1387 0 -89 89 0
2774 1387 0 -88 88 0
2774 1387 0 -87 87 0
2774 1387 0 -86 86 0
2774 1387 0 -85 85 0
2774 1387 0 -84 84 0
2774 1387 0 -83 83 0
2774 1387 0 -82 82 0
2774 1387 0 -81 81 0
2774 1387 0 -80 80 0
2774 1387 0 -79 79 0
2774 1387 0 -78 78 0
2774 1387 0 -77 77 0
2774 1387 0 -76 76 0
2774 1387 0 -75 75 0
2774 1387 0 -74 74 0
2774 1387 0 -73 73 0
2774 1387 0 -72 72 0
2774 1387 0 -71 71 0
2774 1387 0 -70 70 0
2774 1387 0 -69 69 0
2774 1387 0 -68 68 0
2774 1387 0 -67 67 0
2774 1387 0 -66 66 0
2774 1387 0 -65 65 0
2774 1387 0 -64 64 0
2774 1387 0 -63 63 0
2774 1387 0 -62 62 0
2774 1387 0 -61 61 0
2774 1387 0 -60 60 0
2774 1387 0 -59 59 0
2774 1387 0 -58 58 0
2774 1387 0 -57 57 0
2774 1387 0 -56 56 0
2774 1387 0 -55 55 0
2774 1387 0 -54 54 0
2774 1387 0 -53 53 0
2774 1387 0 -52 52 0
2774 1387 0 -51 51 0
2774 1387 0 -50 50 0
2774 1387 0 -49 49 0
2774 1387 0 -48 48 0
2774 1387 0 -47 47 0
2774 1387 0 -46 46 0
2774 1387 0 -45 45 0
2774 1387 0 -44 44 0
2774 1387 0 -43 43 0
2774 1387 0 -42 42 0
2774 1387 0 -41 41 0
2774 1387 0 -40 40 0
2774 1387 0 -39 39 0
2774 1387 0 -38 38 0
2774 1387 0 -37 37 0
2774 1387 0 -36 36 0
2774 1387 0 -35 35 0
2774 1387 0 -34 34 0
2774 1387 0 -33 33 0
2774 1387 0 -32 32 0
2774 1387 0 -31 31 0
2774 1387 0 -30 30 0
2774 1387 0 -29 29 0
2774 1387 0 -28 28 0
2774 1387 0 -27 27 0
2774 1387 0 -26 26 0
2774 1387 0 -25 25 0
2774 1387 0 -24 24 0
2774 1387 0 -23 23 0
2774 1387 0 -22 22 0
2774 1387 0 -21 21 0
2774 1387 0 -20 20 0
2774 1387 0 -19 19 0
2774 1387 0 -18 18 0
2774 1387 0 -17 17 0
2774 1387 0 -16 16 0
2774 1387 0 -15 15 0
2774 1387 0 -14 14 0
2774 1387 0 -13 13 0
2774 1387 0 -12 12 0
2774 1387 0 -11 11 0
2774 1387 0 -10 10 0
2774 1387 0 -9 9 0
2774 1387 0 -8 8 0
2774 1387 0 -7 7 0
2774 1387 0 -6 6 0
2774 1387 0 -5 5 0
2774 1387 0 -4 4 0
2774 1387 0 -3 3 0
2774 1387 0 -2 2 0
2774 1387 0 -1 1 0
2774 1387 0 1 -1 0
2774 1387 0 2 -2 0
2774 1387 0 3 -3 0
2774 1387 0 4 -4 0
2774 1387 0 5 -5 0
2774 1387 0 6 -6 0
2774 1387 0 7 -7 0
2774 1387 0 8 -8 0
2774 1387 0 9 -9 0
2774 1387 0 10 -10 0
2774 1387 0 11 -11 0
2774 1387 0 12 -12 0
2774 1387 0 13 -13 0
2774 1387 0 14 -14 0
2774 1387 0 15 -15 0
2774 1387 0 16 -16 0
2774 1387 0 17 -17 0
2774 1387 0 18 -18 0
2774 1387 0 19 -19 0
2774 1387 0 20 -20 0
2774 1387 0 21 -21 0
2774 1387 0 22 -22 0
2774 1387 0 23 -23 0
2774 1387 0 24 -24 0
2774 1387 0 25 -25 0
2774 1387 0 26 -26 0
2774 1387 0 27 -27 0
2774 1387 0 28 -28 0
2774 1387 0 29 -29 0
2774 1387 0 30 -30 0
2774 1387 0 31 -31 0
2774 1387 0 32 -32 0
2774 1387 0 33 -33 0
2774 1387 0 34 -34 0
2774 1387 0 35 -35 0
2774 1387 0 36 -36 0
2774 1387 0 37 -37 0
2774 1387 0 38 -38 0
2774 1387 0 39 -39 0
2774 1387 0 40 -40 0
2774 1387 0 41 -41 0
2774 1387 0 42 -42 0
2774 1387 0 43 -43 0
2774 1387 0 44 -44 0
2774 1387 0 45 -45 0
2774 1387 0 46 -46 0
2774 1387 0 47 -47 0
2774 1387 0 48 -48 0
2774 1387 0 49 -49 0
2774 1387 0 50 -50 0
2774 1387 0 51 -51 0
2774 1387 0 52 -52 0
2774 1387 0 53 -53 0
2774 1387 0 54 -54 0
2774 1387 0 55 -55 0
2774 1387 0 56 -56 0
2774 1387 0 57 -57 0
2774 1387 0 58 -58 0
2774 1387 0 59 -59 0
2774 1387 0 60 -60 0
2774 1387 0 61 -61 0
2774 1387 0 62 -62 0
2774 1387 0 63 -63 0
2774 1387 0 64 -64 0
2774 1387 0 65 -65 0
2774 1387 0 66 -66 0
2774 1387 0 67 -67 0
2774 1387 0 68 -68 0
2774 1387 0 69 -69 0
2774 1387 0 70 -70 0
2774 1387 0 71 -71 0
2774 1387 0 72 -72 0
2774 1387 0 73 -73 0
2774 1387 0 74 -74 0
2774 1387 0 75 -75 0
2774 1387 0 76 -76 0
2774 1387 0 77 -77 0
2774 1387 0 78 -78 0
2774 1387 0 79 -79 0
2774 1387 0 80 -80 0
2774 1387 0 81 -81 0
2774 1387 0 82 -82 0
2774 1387 0 83 -83 0
2774 1387 0 84 -84 0
2774 1387 0 85 -85 0
2774 1387 0 86 -86 0
2774 1387 0 87 -87 0
2774 1387 0 88 -88 0
2774 1387 0 89 -89 0
2774 1387 0 90 -90 0
2774 1387 0 91 -91 0
2774 1387 0 92 -92 0
2774 1387 0 93 -93 0
2774 1387 0 94 -94 0
2774 1387 0 95 -95 0
2774 1387 0 96 -96 0
2774 1387 0 97 -97 0
2774 1387 0 98 -98 0
2774 1387 0 99 -99 0
2774 1387 0 100 -100 0
2774 1387 0 101 -101 0
2774 1387 0 102 -102 0
2774 1387 0 103 -103 0
2774 1387 0 104 -104 0
2774 1387 0 105 -105 0
2774 1387 0 106 -106 0
2774 1387 0 107 -107 0
2774 1387 0 108 -108 0
2774 1387 0 109 -109 0
2774 1387 0 110 -110 0
2774 1387 0 111 -111 0
2774 1387 0 112 -112 0
2774 1387 0 113 -113 0
2774 1387 0 114 -114 0
2774 1387 0 115 -115 0
2774 1387 0 116 -116 0
2774 1387 0 117 -117 0
2774 1387 0 118 -118 0
2774 1387 0 119 -119 0
2774 1387 0 120 -120 0
2774 1387 0 121 -121 0
2774 1387 0 122 -122 0
2774 1387 0 123 -123 0
2774 1387 0 124 -124 0
2774 1387 0 125 -125 0
2774 1387 0 126 -126 0
2774 1387 0 127 -127 0
2774 1387 0 128 -128 0
2774 1387 0 129 -129 0
2774 1387 0 130 -130 0
2774 1387 0 131 -131 0
2774 1387 0 132 -132 0
2774 1387 0 133 -133 0
2774 1387 0 134 -134 0
2774 1387 0 135 -135 0
2774 1387 0 136 -136 0
2774 1387 0 137 -137 0
2774 1387 0 138 -138 0
2774 1387 0 139 -139 0
2774 1387 0 140 -140 0
2774 1387 0 141 -141 0
2774 1387 0 142 -142 0
2774 1387 0 143 -143 0
2774 1387 0 144 -144 0
2774 1387 0 145 -145 0
2774 1387 0 146 -146 0
2774 1387 0 147 -147 0
2774 1387 0 148 -148 0
2774 1387 0 149 -149 0
2774 1387 0 150 -150 0
2776 1388 0 -150 150 0
2776 1388 0 -149 149 0
2776 1388 0 -148 148 0
2776 1388 0 -147 147 0
2776 1388 0 -146 146 0
2776 1388 0 -145 145 0
2776 1388 0 -144 144 0
2776 1388 0 -143 143 0
2776 1388 0 -142 142 0
2776 1388 0 -141 141 0
2776 1388 0 -140 140 0
2776 1388 0 -139 139 0
2776 1388 0 -138 138 0
2776 1388 0 -137 137 0
2776 1388 0 -136 136 0
2776 1388 0 -135 135 0
2776 1388 0 -134 134 0
2776 1388 0 -133 133 0
2776 1388 0 -132 132 0
2776 1388 0 -131 131 0
2776 1388 0 -130 130 0
2776 1388 0 -129 129 0
2776 1388 0 -128 128 0
2776 1388 0 -127 127 0
2776 1388 0 -126 126 0
2776 1388 0 -125 125 0
2776 1388 0 -124 124 0
2776 1388 0 -123 123 0
2776 1388 0 -122 122 0
2776 1388 0 -121 121 0
2776 1388 0 -120 120 0
2776 1388 0 -119 119 0
2776 1388 0 -118 118 0
2776 1388 0 -117 117 0
2776 1388 0 -116 116 0
2776 1388 0 -115 115 0
2776 1388 0 -114 114 0
2776 1388 0 -113 113 0
2776 1388 0 -112 112 0
2776 1388 0 -111 111 0
2776 1388 0 -110 110 0
2776 1388 0 -109 109 0
2776 1388 0 -108 108 0
2776 1388 0 -107 107 0
2776 1388 0 -106 106 0
2776 1388 0 -105 105 0
2776 1388 0 -104 104 0
2776 1388 0 -103 103 0
2776 1388 0 -102 102 0
2776 1388 0 -101 101 0
2776 1388 0 -100 100 0
2776 1388 0 -99 99 0
2776 1388 0 -98 98 0
2776 1388 0 -97 97 0
2776 1388 0 -96 96 0
2776 1388 0 -95 95 0
2776 1388 0 -94 94 0
2776 1388 0 -93 93 0
2776 1388 0 -92 92 0
2776 1388 0 -91 91 0
2776 1388 0 -90 90 0
2776 1388 0 -89 89 0
2776 1388 0 -88 88 0
2776 1388 0 -87 87 0
2776 1388 0 -86 86 0
2776 1388 0 -85 85 0
2776 1388 0 -84 84 0
2776 1388 0 -83 83 0
2776 1388 0 -82 82 0
2776 1388 0 -81 81 0
2776 1388 0 -80 80 0
2776 1388 0 -79 79 0
2776 1388 0 -78 78 0
2776 1388 0 -77 77 0
2776 1388 0 -76 76 0
2776 1388 0 -75 75 0
2776 1388 0 -74 74 0
2776 1388 0 -73 73 0
2776 1388 0 -72 72 0
2776 1388 0 -71 71 0
2776 1388 0 -70 70 0
2776 1388 0 -69 69 0
2776 1388 0 -68 68 0
2776 1388 0 -67 67 0
2776 1388 0 -66 66 0
2776 1388 0 -65 65 0
2776 1388 0 -64 64 0
2776 1388 0 -63 63 0
2776 1388 0 -62 62 0
2776 1388 0 -61 61 0
2776 1388 0 -60 60 0
2776 1388 0 -59 59 0
2776 1388 0 -58 58 0
2776 1388 0 -57 57 0
2776 1388 0 -56 56 0
2776 1388 0 -55 55 0
2776 1388 0 -54 54 0
2776 1388 0 -53 53 0
2776 1388 0 -52 52 0
2776 1388 0 -51 51 0
2776 1388 0 -50 50 0
2776 1388 0 -49 49 0
2776 1388 0 -48 48 0
2776 1388 0 -47 47 0
2776 1388 0 -46 46 0
2776 1388 0 -45 45 0
2776 1388 0 -44 44 0
2776 1388 0 -43 43 0
2776 1388 0 -42 42 0
2776 1388 0 -41 41 0
2776 1388 0 -40 40 0
2776 1388 0 -39 39 0
2776 1388 0 -38 38 0
2776 1388 0 -37 37 0
2776 1388 0 -36 36 0
2776 1388 0 -35 35 0
2776 1388 0 -34 34 0
2776 1388 0 -33 33 0
2776 1388 0 -32 32 0
2776 1388 0 -31 31 0
2776 1388 0 -30 30 0
2776 1388 0 -29 29 0
2776 1388 0 -28 28 0
2776 1388 0 -27 27 0
2776 1388 0 -26 26 0
2776 1388 0 -25 25 0
2776 1388 0 -24 24 0
2776 1388 0 -23 23 0
2776 1388 0 -22 22 0
2776 1388 0 -21 21 0
2776 1388 0 -20 20 0
2776 1388 0 -19 19 0
2776 1388 0 -18 18 0
2776 1388 0 -17 17 0
2776 1388 0 -16 16 0
2776 1388 0 -15 15 0
2776 1388 0 -14 14 0
2776 1388 0 -13 13 0
2776 1388 0 -12 12 0
2776 1388 0 -11 11 0
2776 1388 0 -10 10 0
2776 1388 0 -9 9 0
2776 1388 0 -8 8 0
2776 1388 0 -7 7 0
2776 1388 0 -6 6 0
2776 1388 0 -5 5 0
2776 1388 0 -4 4 0
2776 1388 0 -3 3 0
2776 1388 0 -2 2 0
2776 1388 0 -1 1 0
2776 1388 0 1 -1 0
2776 1388 0 2 -2 0
2776 1388 0 3 -3 0
2776 1388 0 4 -4 0
2776 1388 0 5 -5 0
2776 1388 0 6 -6 0
2776 1388 0 7 -7 0
2776 1388 0 8 -8 0
2776 1388 0 9 -9 0
2776 1388 0 10 -10 0
2776 1388 0 11 -11 0
2776 1388 0 12 -12 0
2776 1388 0 13 -13 0
2776 1388 0 14 -14 0
2776 1388 0 15 -15 0
2776 1388 0 16 -16 0
2776 1388 0 17 -17 0
2776 1388 0 18 -18 0
2776 1388 0 19 -19 0
2776 1388 0 20 -20 0
2776 1388 0 21 -21 0
2776 1388 0 22 -22 0
2776 1388 0 23 -23 0
2776 1388 0 24 -24 0
2776 1388 0 25 -25 0
2776 1388 0 26 -26 0
2776 1388 0 27 -27 0
2776 1388 0 28 -28 0
2776 1388 0 29 -29 0
2776 1388 0 30 -30 0
2776 1388 0 31 -31 0
2776 1388 0 32 -32 0
2776 1388 0 33 -33 0
2776 1388 0 34 -34 0
2776 1388 0 35 -35 0
2776 1388 0 36 -36 0
2776 1388 0 37 -37 0
2776 1388 0 38 -38 0
2776 1388 0 39 -39 0
2776 1388 0 40 -40 0
2776 1388 0 41 -41 0
2776 1388 0 42 -42 0
2776 1388 0 43 -43 0
2776 1388 0 44 -44 0
2776 1388 0 45 -45 0
2776 1388 0 46 -46 0
2776 1388 0 47 -47 0
2776 1388 0 48 -48 0
2776 1388 0 49 -49 0
2776 1388 0 50 -50 0
2776 1388 0 51 -51 0
2776 1388 0 52 -52 0
2776 1388 0 53 -53 0
2776 1388 0 54 -54 0
2776 1388 0 55 -55 0
2776 1388 0 56 -56 0
2776 1388 0 57 -57 0
2776 1388 0 58 -58 0
2776 1388 0 59 -59 0
2776 1388 0 60 -60 0
2776 1388 0 61 -61 0
2776 1388 0 62 -62 0
2776 1388 0 63 -63 0
2776 1388 0 64 -64 0
2776 1388 0 65 -65 0
2776 1388 0 66 -66 0
2776 1388 0 67 -67 0
2776 1388 0 68 -68 0
2776 1388 0 69 -69 0
2776 1388 0 70 -70 0
2776 1388 0 71 -71 0
2776 1388 0 72 -72 0
2776 1388 0 73 -73 0
2776 1388 0 74 -74 0
2776 1388 0 75 -75 0
2776 1388 0 76 -76 0
2776 1388 0 77 -77 0
2776 1388 0 78 -78 0
2776 1388 0 79 -79 0
2776 1388 0 80 -80 0
2776 1388 0 81 -81 0
2776 1388 0 82 -82 0
2776 1388 0 83 -83 0
2776 1388 0 84 -84 0
2776 1388 0 85 -85 0
2776 1388 0 86 -86 0
2776 1388 0 87 -87 0
2776 1388 0 88 -88 0
2776 1388 0 89 -89 0
2776 1388 0 90 -90 0
2776 1388 0 91 -91 0
2776 1388 0 92 -92 0
2776 1388 0 93 -93 0
2776 1388 0 94 -94 0
2776 1388 0 95 -95 0
2776 1388 0 96 -96 0
2776 1388 0 97 -97 0
2776 1388 0 98 -98 0
2776 1388 0 99 -99 0
2776 1388 0 100 -100 0
2776 1388 0 101 -101 0
2776 1388 0 102 -102 0
2776 1388 0 103 -103 0
2776 1388 0 104 -104 0
2776 1388 0 105 -105 0
2776 1388 0 106 -106 0
2776 1388 0 107 -107 0
2776 1388 0 108 -108 0
2776 1388 0 109 -109 0
2776 1388 0 110 -110 0
2776 1388 0 111 -111 0
2776 1388 0 112 -112 0
2776 1388 0 113 -113 0
2776 1388 0 114 -114 0
2776 1388 0 115 -115 0
2776 1388 0 116 -116 0
2776 1388 0 117 -117 0
2776 1388 0 118 -118 0
2776 1388 0 119 -119 0
2776 1388 0 120 -120 0
2776 1388 0 121 -121 0
2776 1388 0 122 -122 0
2776 1388 0 123 -123 0
2776 1388 0 124 -124 0
2776 1388 0 125 -125 0
2776 1388 0 126 -126 0
2776 1388 0 127 -127 0
2776 1388 0 128 -128 0
2776 1388 0 129 -129 0
2776 1388 0 130 -130 0
2776 1388 0 131 -131 0
2776 1388 0 132 -132 0
2776 1388 0 133 -133 0
2776 1388 0 134 -134 0
2776 1388 0 135 -135 0
2776 1388 0 136 -136 0
2776 1388 0 137 -137 0
2776 1388 0 138 -138 0
2776 1388 0 139 -139 0
2776 1388 0 140 -140 0
2776 1388 0 141 -141 0
2776 1388 0 142 -142 0
2776 1388 0 143 -143 0
2776 1388 0 144 -144 0
2776 1388 0 145 -145 0
2776 1388 0 146 -146 0
2776 1388 0 147 -147 0
2776 1388 0 148 -148 0
2776 1388 0 149 -149 0
2776 1388 0 150 -150 0
2778 1389 0 -150 150 0
2778 1389 0 -149 149 0
2778 1389 0 -148 148 0
2778 1389 0 -147 147 0
2778 1389 0 -146 146 0
2778 1389 0 -145 145 0
2778 1389 0 -144 144 0
2778 1389 0 -143 143 0
2778 1389 0 -142 142 0
2778 1389 0 -141 141 0
2778 1389 0 -140 140 0
2778 1389 0 -139 139 0
2778 1389 0 -138 138 0
2778 1389 0 -137 137 0
2778 1389 0 -136 136 0
2778 1389 0 -135 135 0
2778 1389 0 -134 134 0
2778 1389 0 -133 133 0
2778 1389 0 -132 132 0
2778 1389 0 -131 131 0
2778 1389 0 -130 130 0
2778 1389 0 -129 129 0
2778 1389 0 -128 128 0
2778 1389 0 -127 127 0
2778 1389 0 -126 126 0
2778 1389 0 -125 125 0
2778 1389 0 -124 124 0
2778 1389 0 -123 123 0
2778 1389 0 -122 122 0
2778 1389 0 -121 121 0
2778 1389 0 -120 120 0
2778 1389 0 -119 119 0
2778 1389 0 -118 118 0
2778 1389 0 -117 117 0
2778 1389 0 -116 116 0
2778 1389 0 -115 115 0
2778 1389 0 -114 114 0
2778 1389 0 -113 113 0
2778 1389 0 -112 112 0
2778 1389 0 -111 111 0
2778 1389 0 -110 110 0
2778 1389 0 -109 109 0
2778 1389 0 -108 108 0
2778 1389 0 -107 107 0
2778 1389 0 -106 106 0
2778 1389 0 -105 105 0
2778 1389 0 -104 104 0
2778 1389 0 -103 103 0
2778 1389 0 -102 102 0
2778 1389 0 -101 101 0
2778 1389 0 -100 100 0
2778 1389 0 -99 99 0
2778 1389 0 -98 98 0
2778 1389 0 -97 97 0
2778 1389 0 -96 96 0
2778 1389 0 -95 95 0
2778 1389 0 -94 94 0
2778 1389 0 -93 93 0
2778 1389 0 -92 92 0
2778 1389 0 -91 91 0
2778 1389 0 -90 90 0
2778 1389 0 -89 89 0
2778 1389 0 -88 88 0
2778 1389 0 -87 87 0
2778 1389 0 -86 86 0
2778 1389 0 -85 85 0
2778 1389 0 -84 84 0
2778 1389 0 -83 83 0
2778 1389 0 -82 82 0
2778 1389 0 -81 81 0
2778 1389 0 -80 80 0
2778 1389 0 -79 79 0
2778 1389 0 -78 78 0
2778 1389 0 -77 77 0
2778 1389 0 -76 76 0
2778 1389 0 -75 75 0
2778 1389 0 -74 74 0
2778 1389 0 -73 73 0
2778 1389 0 -72 72 0
2778 1389 0 -71 71 0
2778 1389 0 -70 70 0
2778 1389 0 -69 69 0
2778 1389 0 -68 68 0
2778 1389 0 -67 67 0
2778 1389 0 -66 66 0
2778 1389 0 -65 65 0
2778 1389 0 -64 64 0
2778 1389 0 -63 63 0
2778 1389 0 -62 62 0
2778 1389 0 -61 61 0
2778 1389 0 -60 60 0
2778 1389 0 -59 59 0
2778 1389 0 -58 58 0
2778 1389 0 -57 57 0
2778 1389 0 -56 56 0
2778 1389 0 -55 55 0
2778 1389 0 -54 54 0
2778 1389 0 -53 53 0
2778 1389 0 -52 52 0
2778 1389 0 -51 51 0
2778 1389 0 -50 50 0
2778 1389 0 -49 49 0
2778 1389 0 -48 48 0
2778 1389 0 -47 47 0
2778 1389 0 -46 46 0
2778 1389 0 -45 45 0
2778 1389 0 -44 44 0
2778 1389 0 -43 43 0
2778 1389 0 -42 42 0
2778 1389 0 -41 41 0
2778 1389 0 -40 40 0
2778 1389 0 -39 39 0
2778 1389 0 -38 38 0
2778 1389 0 -37 37 0
2778 1389 0 -36 36 0
2778 1389 0 -35 35 0
2778 1389 0 -34 34 0
2778 1389 0 -33 33 0
2778 1389 0 -32 32 0
2778 1389 0 -31 31 0
2778 1389 0 -30 30 0
2778 1389 0 -29 29 0
2778 1389 0 -28 28 0
2778 1389 0 -27 27 0
2778 1389 0 -26 26 0
2778 1389 0 -25 25 0
2778 1389 0 -24 24 0
2778 1389 0 -23 23 0
2778 1389 0 -22 22 0
2778 1389 0 -21 21 0
2778 1389 0 -20 20 0
2778 1389 0 -19 19 0
2778 1389 0 -18 18 0
2778 1389 0 -17 17 0
2778 1389 0 -16 16 0
2778 1389 0 -15 15 0
2778 1389 0 -14 14 0
2778 1389 0 -13 13 0
2778 1389 0 -12 12 0
2778 1389 0 -11 11 0
2778 1389 0 -10 10 0
2778 1389 0 -9 9 0
2778 1389 0 -8 8 0
2778 1389 0 -7 7 0
2778 1389 0 -6 6 0
2778 1389 0 -5 5 0
2778 1389 0 -4 4 0
2778 1389 0 -3 3 0
2778 1389 0 -2 2 0
2778 1389 0 -1 1 0
2778 1389 0 1 -1 0
2778 1389 0 2 -2 0
2778 1389 0 3 -3 0
2778 1389 0 4 -4 0
2778 1389 0 5 -5 0
2778 1389 0 6 -6 0
2778 1389 0 7 -7 0
2778 1389 0 8 -8 0
2778 1389 0 9 -9 0
2778 1389 0 10 -10 0
2778 1389 0 11 -11 0
2778 1389 0 12 -12 0
2778 1389 0 13 -13 0
2778 1389 0 14 -14 0
2778 1389 0 15 -15 0
2778 1389 0 16 -16 0
2778 1389 0 17 -17 0
2778 1389 0 18 -18 0
2778 1389 0 19 -19 0
2778 1389 0 20 -20 0
2778 1389 0 21 -21 0
2778 1389 0 22 -22 0
2778 1389 0 23 -23 0
2778 1389 0 24 -24 0
2778 1389 0 25 -25 0
2778 1389 0 26 -26 0
2778 1389 0 27 -27 0
2778 1389 0 28 -28 0
2778 1389 0 29 -29 0
2778 1389 0 30 -30 0
2778 1389 0 31 -31 0
2778 1389 0 32 -32 0
2778 1389 0 33 -33 0
2778 1389 0 34 -34 0
2778 1389 0 35 -35 0
2778 1389 0 36 -36 0
2778 1389 0 37 -37 0
2778 1389 0 38 -38 0
2778 1389 0 39 -39 0
2778 1389 0 40 -40 0
2778 1389 0 41 -41 0
2778 1389 0 42 -42 0
2778 1389 0 43 -43 0
2778 1389 0 44 -44 0
2778 1389 0 45 -45 0
2778 1389 0 46 -46 0
2778 1389 0 47 -47 0
2778 1389 0 48 -48 0
2778 1389 0 49 -49 0
2778 1389 0 50 -50 0
2778 1389 0 51 -51 0
2778 1389 0 52 -52 0
2778 1389 0 53 -53 0
2778 1389 0 54 -54 0
2778 1389 0 55 -55 0
2778 1389 0 56 -56 0
2778 1389 0 57 -57 0
2778 1389 0 58 -58 0
2778 1389 0 59 -59 0
2778 1389 0 60 -60 0
2778 1389 0 61 -61 0
2778 1389 0 62 -62 0
2778 1389 0 63 -63 0
2778 1389 0 64 -64 0
2778 1389 0 65 -65 0
2778 1389 0 66 -66 0
2778 1389 0 67 -67 0
2778 1389 0 68 -68 0
2778 1389 0 69 -69 0
2778 1389 0 70 -70 0
2778 1389 0 71 -71 0
2778 1389 0 72 -72 0
2778 1389 0 73 -73 0
2778 1389 0 74 -74 0
2778 1389 0 75 -75 0
2778 1389 0 76 -76 0
2778 1389 0 77 -77 0
2778 1389 0 78 -78 0
2778 1389 0 79 -79 0
2778 1389 0 80 -80 0
2778 1389 0 81 -81 0
2778 1389 0 82 -82 0
2778 1389 0 83 -83 0
2778 1389 0 84 -84 0
2778 1389 0 85 -85 0
2778 1389 0 86 -86 0
2778 1389 0 87 -87 0
2778 1389 0 88 -88 0
2778 1389 0 89 -89 0
2778 1389 0 90 -90 0
2778 1389 0 91 -91 0
2778 1389 0 92 -92 0
2778 1389 0 93 -93 0
2778 1389 0 94 -94 0
2778 1389 0 95 -95 0
2778 1389 0 96 -96 0
2778 1389 0 97 -97 0
2778 1389 0 98 -98 0
2778 1389 0 99 -99 0
2778 1389 0 100 -100 0
2778 1389 0 101 -101 0
2778 1389 0 102 -102 0
2778 1389 0 103 -103 0
2778 1389 0 104 -104 0
2778 1389 0 105 -105 0
2778 1389 0 106 -106 0
2778 1389 0 107 -107 0
2778 1389 0 108 -108 0
2778 1389 0 109 -109 0
2778 1389 0 110 -110 0
2778 1389 0 111 -111 0
2778 1389 0 112 -112 0
2778 1389 0 113 -113 0
2778 1389 0 114 -114 0
2778 1389 0 115 -115 0
2778 1389 0 116 -116 0
2778 1389 0 117 -117 0
2778 1389 0 118 -118 0
2778 1389 0 119 -119 0
2778 1389 0 120 -120 0
2778 1389 0 121 -121 0
2778 1389 0 122 -122 0
2778 1389 0 123 -123 0
2778 1389 0 124 -124 0
2778 1389 0 125 -125 0
2778 1389 0 126 -126 0
2778 1389 0 127 -127 0
2778 1389 0 128 -128 0
2778 1389 0 129 -129 0
2778 1389 0 130 -130 0
2778 1389 0 131 -131 0
2778 1389 0 132 -132 0
2778 1389 0 133 -133 0
2778 1389 0 134 -134 0
2778 1389 0 135 -135 0
2778 1389 0 136 -136 0
2778 1389 0 137 -137 0
2778 1389 0 138 -138 0
2778 1389 0 139 -139 0
2778 1389 0 140 -140 0
2778 1389 0 141 -141 0
2778 1389 0 142 -142 0
2778 1389 0 143 -143 0
2778 1389 0 144 -144 0
2778 1389 0 145 -145 0
2778 1389 0 146 -146 0
2778 1389 0 147 -147 0
2778 1389 0 148 -148 0
2778 1389 0 149 -149 0
2778 1389 0 150 -150 0
2780 1390 0 -150 150 0
2780 1390 0 -149 149 0
2780 1390 0 -148 148 0
2780 1390 0 -147 147 0
2780 1390 0 -146 146 0
2780 1390 0 -145 145 0
2780 1390 0 -144 144 0
2780 1390 0 -143 143 0
2780 1390 0 -142 142 0
2780 1390 0 -141 141 0
2780 1390 0 -140 140 0
2780 1390 0 -139 139 0
2780 1390 0 -138 138 0
2780 1390 0 -137 137 0
2780 1390 0 -136 136 0
2780 1390 0 -135 135 0
2780 1390 0 -134 134 0
2780 1390 0 -133 133 0
2780 1390 0 -132 132 0
2780 1390 0 -131 131 0
2780 1390 0 -130 130 0
2780 1390 0 -129 129 0
2780 1390 0 -128 128 0
2780 1390 0 -127 127 0
2780 1390 0 -126 126 0
2780 1390 0 -125 125 0
2780 1390 0 -124 124 0
2780 1390 0 -123 123 0
2780 1390 0 -122 122 0
2780 1390 0 -121 121 0
2780 1390 0 -120 120 0
2780 1390 0 -119 119 0
2780 1390 0 -118 118 0
2780 1390 0 -117 117 0
2780 1390 0 -116 116 0
2780 1390 0 -115 115 0
2780 1390 0 -114 114 0
2780 1390 0 -113 113 0
2780 1390 0 -112 112 0
2780 1390 0 -111 111 0
2780 1390 0 -110 110 0
2780 1390 0 -109 109 0
2780 1390 0 -108 108 0
2780 1390 0 -107 107 0
2780 1390 0 -106 106 0
2780 1390 0 -105 105 0
2780 1390 0 -104 104 0
2780 1390 0 -103 103 0
2780 1390 0 -102 102 0
2780 1390 0 -101 101 0
2780 1390 0 -100 100 0
2780 1390 0 -99 99 0
2780 1390 0 -98 98 0
2780 1390 0 -97 97 0
2780 1390 0 -96 96 0
2780 1390 0 -95 95 0
2780 1390 0 -94 94 0
2780 1390 0 -93 93 0
2780 1390 0 -92 92 0
2780 1390 0 -91 91 0
2780 1390 0 -90 90 0
2780 1390 0 -89 89 0
2780 1390 0 -88 88 0
2780 1390 0 -87 87 0
2780 1390 0 -86 86 0
2780 1390 0 -85 85 0
2780 1390 0 -84 84 0
2780 1390 0 -83 83 0
2780 1390 0 -82 82 0
2780 1390 0 -81 81 0
2780 1390 0 -80 80 0
2780 1390 0 -79 79 0
2780 1390 0 -78 78 0
2780 1390 0 -77 77 0
2780 1390 0 -76 76 0
2780 1390 0 -75 75 0
2780 1390 0 -74 74 0
2780 1390 0 -73 73 0
2780 1390 0 -72 72 0
2780 1390 0 -71 71 0
2780 1390 0 -70 70 0
2780 1390 0 -69 69 0
2780 1390 0 -68 68 0
2780 1390 0 -67 67 0
2780 1390 0 -66 66 0
2780 1390 0 -65 65 0
2780 1390 0 -64 64 0
2780 1390 0 -63 63 0
2780 1390 0 -62 62 0
2780 1390 0 -61 61 0
2780 1390 0 -60 60 0
2780 1390 0 -59 59 0
2780 1390 0 -58 58 0
2780 1390 0 -57 57 0
2780 1390 0 -56 56 0
2780 1390 0 -55 55 0
2780 1390 0 -54 54 0
2780 1390 0 -53 53 0
2780 1390 0 -52 52 0
2780 1390 0 -51 51 0
2780 1390 0 -50 50 0
2780 1390 0 -49 49 0
2780 1390 0 -48 48 0
2780 1390 0 -47 47 0
2780 1390 0 -46 46 0
2780 1390 0 -45 45 0
2780 1390 0 -44 44 0
2780 1390 0 -43 43 0
2780 1390 0 -42 42 0
2780 1390 0 -41 41 0
2780 1390 0 -40 40 0
2780 1390 0 -39 39 0
2780 1390 0 -38 38 0
2780 1390 0 -37 37 0
2780 1390 0 -36 36 0
2780 1390 0 -35 35 0
2780 1390 0 -34 34 0
2780 1390 0 -33 33 0
2780 1390 0 -32 32 0
2780 1390 0 -31 31 0
2780 1390 0 -30 30 0
2780 1390 0 -29 29 0
2780 1390 0 -28 28 0
2780 1390 0 -27 27 0
2780 1390 0 -26 26 0
2780 1390 0 -25 25 0
2780 1390 0 -24 24 0
2780 1390 0 -23 23 0
2780 1390 0 -22 22 0
2780 1390 0 -21 21 0
2780 1390 0 -20 20 0
2780 1390 0 -19 19 0
2780 1390 0 -18 18 0
2780 1390 0 -17 17 0
2780 1390 0 -16 16 0
2780 1390 0 -15 15 0
2780 1390 0 -14 14 0
2780 1390 0 -13 13 0
2780 1390 0 -12 12 0
2780 1390 0 -11 11 0
2780 1390 0 -10 10 0
2780 1390 0 -9 9 0
2780 1390 0 -8 8 0
2780 1390 0 -7 7 0
2780 1390 0 -6 6 0
2780 1390 0 -5 5 0
2780 1390 0 -4 4 0
2780 1390 0 -3 3 0
2780 1390 0 -2 2 0
2780 1390 0 -1 1 0
2780 1390 0 1 -1 0
2780 1390 0 2 -2 0
2780 1390 0 3 -3 0
2780 1390 0 4 -4 0
2780 1390 0 5 -5 0
2780 1390 0 6 -6 0
2780 1390 0 7 -7 0
2780 1390 0 8 -8 0
2780 1390 0 9 -9 0
2780 1390 0 10 -10 0
2780 1390 0 11 -11 0
2780 1390 0 12 -12 0
2780 1390 0 13 -13 0
2780 1390 0 14 -14 0
2780 1390 0 15 -15 0
2780 1390 0 16 -16 0
2780 1390 0 17 -17 0
2780 1390 0 18 -18 0
2780 1390 0 19 -19 0
2780 1390 0 20 -20 0
2780 1390 0 21 -21 0
2780 1390 0 22 -22 0
2780 1390 0 23 -23 0
2780 1390 0 24 -24 0
2780 1390 0 25 -25 0
2780 1390 0 26 -26 0
2780 1390 0 27 -27 0
2780 1390 0 28 -28 0
2780 1390 0 29 -29 0
2780 1390 0 30 -30 0
2780 1390 0 31 -31 0
2780 1390 0 32 -32 0
2780 1390 0 33 -33 0
2780 1390 0 34 -34 0
2780 1390 0 35 -35 0
2780 1390 0 36 -36 0
2780 1390 0 37 -37 0
2780 1390 0 38 -38 0
2780 1390 0 39 -39 0
2780 1390 0 40 -40 0
2780 1390 0 41 -41 0
2780 1390 0 42 -42 0
2780 1390 0 43 -43 0
2780 1390 0 44 -44 0
2780 1390 0 45 -45 0
2780 1390 0 46 -46 0
2780 1390 0 47 -47 0
2780 1390 0 48 -48 0
2780 1390 0 49 -49 0
2780 1390 0 50 -50 0
2780 1390 0 51 -51 0
2780 1390 0 52 -52 0
2780 1390 0 53 -53 0
2780 1390 0 54 -54 0
2780 1390 0 55 -55 0
2780 1390 0 56 -56 0
2780 1390 0 57 -57 0
2780 1390 0 58 -58 0
2780 1390 0 59 -59 0
2780 1390 0 60 -60 0
2780 1390 0 61 -61 0
2780 1390 0 62 -62 0
2780 1390 0 63 -63 0
2780 1390 0 64 -64 0
2780 1390 0 65 -65 0
2780 1390 0 66 -66 0
2780 1390 0 67 -67 0
2780 1390 0 68 -68 0
2780 1390 0 69 -69 0
2780 1390 0 70 -70 0
2780 1390 0 71 -71 0
2780 1390 0 72 -72 0
2780 1390 0 73 -73 0
2780 1390 0 74 -74 0
2780 1390 0 75 -75 0
2780 1390 0 76 -76 0
2780 1390 0 77 -77 0
2780 1390 0 78 -78 0
2780 1390 0 79 -79 0
2780 1390 0 80 -80 0
2780 1390 0 81 -81 0
2780 1390 0 82 -82 0
2780 1390 0 83 -83 0
2780 1390 0 84 -84 0
2780 1390 0 85 -85 0
2780 1390 0 86 -86 0
2780 1390 0 87 -87 0
2780 1390 0 88 -88 0
2780 1390 0 89 -89 0
2780 1390 0 90 -90 0
2780 1390 0 91 -91 0
2780 1390 0 92 -92 0
2780 1390 0 93 -93 0
2780 1390 0 94 -94 0
2780 1390 0 95 -95 0
2780 1390 0 96 -96 0
2780 1390 0 97 -97 0
2780 1390 0 98 -98 0
2780 1390 0 99 -99 0
2780 1390 0 100 -100 0
2780 1390 0 101 -101 0
2780 1390 0 102 -102 0
2780 1390 0 103 -103 0
2780 1390 0 104 -104 0
2780 1390 0 105 -105 0
2780 1390 0 106 -106 0
2780 1390 0 107 -107 0
2780 1390 0 108 -108 0
2780 1390 0 109 -109 0
2780 1390 0 110 -110 0
2780 1390 0 111 -111 0
2780 1390 0 112 -112 0
2780 1390 0 113 -113 0
2780 1390 0 114 -114 0
2780 1390 0 115 -115 0
2780 1390 0 116 -116 0
2780 1390 0 117 -117 0
2780 1390 0 118 -118 0
2780 1390 0 119 -119 0
2780 1390 0 120 -120 0
2780 1390 0 121 -121 0
2780 1390 0 122 -122 0
2780 1390 0 123 -123 0
2780 1390 0 124 -124 0
2780 1390 0 125 -125 0
2780 1390 0 126 -126 0
2780 1390 0 127 -127 0
2780 1390 0 128 -128 0
2780 1390 0 129 -129 0
2780 1390 0 130 -130 0
2780 1390 0 131 -131 0
2780 1390 0 132 -132 0
2780 1390 0 133 -133 0
2780 1390 0 134 -134 0
2780 1390 0 135 -135 0
2780 1390 0 136 -136 0
2780 1390 0 137 -137 0
2780 1390 0 138 -138 0
2780 1390 0 139 -139 0
2780 1390 0 140 -140 0
2780 1390 0 141 -141 0
2780 1390 0 142 -142 0
2780 1390 0 143 -143 0
2780 1390 0 144 -144 0
2780 1390 0 145 -145 0
2780 1390 0 146 -146 0
2780 1390 0 147 -147 0
2780 1390 0 148 -148 0
2780 1390 0 149 -149 0
2780 1390 0 150 -150 0
2782 1391 0 -150 150 0
2782 1391 0 -149 149 0
2782 1391 0 -148 148 0
2782 1391 0 -147 147 0
2782 1391 0 -146 146 0
2782 1391 0 -145 145 0
2782 1391 0 -144 144 0
2782 1391 0 -143 143 0
2782 1391 0 -142 142 0
2782 1391 0 -141 141 0
2782 1391 0 -140 140 0
2782 1391 0 -139 139 0
2782 1391 0 -138 138 0
2782 1391 0 -137 137 0
2782 1391 0 -136 136 0
2782 1391 0 -135 135 0
2782 1391 0 -134 134 0
2782 1391 0 -133 133 0
2782 1391 0 -132 132 0
2782 1391 0 -131 131 0
2782 1391 0 -130 130 0
2782 1391 0 -129 129 0
2782 1391 0 -128 128 0
2782 1391 0 -127 127 0
2782 1391 0 -126 126 0
2782 1391 0 -125 125 0
2782 1391 0 -124 124 0
2782 1391 0 -123 123 0
2782 1391 0 -122 122 0
2782 1391 0 -121 121 0
2782 1391 0 -120 120 0
2782 1391 0 -119 119 0
2782 1391 0 -118 118 0
2782 1391 0 -117 117 0
2782 1391 0 -116 116 0
2782 1391 0 -115 115 0
2782 1391 0 -114 114 0
2782 1391 0 -113 113 0
2782 1391 0 -112 112 0
2782 1391 0 -111 111 0
2782 1391 0 -110 110 0
2782 1391 0 -109 109 0
2782 1391 0 -108 108 0
2782 1391 0 -107 107 0
2782 1391 0 -106 106 0
2782 1391 0 -105 105 0
2782 1391 0 -104 104 0
2782 1391 0 -103 103 0
2782 1391 0 -102 102 0
2782 1391 0 -101 101 0
2782 1391 0 -100 100 0
2782 1391 0 -99 99 0
2782 1391 0 -98 98 0
2782 1391 0 -97 97 0
2782 1391 0 -96 96 0
2782 1391 0 -95 95 0
2782 1391 0 -94 94 0
2782 1391 0 -93 93 0
2782 1391 0 -92 92 0
2782 1391 0 -91 91 0
2782 1391 0 -90 90 0
2782 1391 0 -89 89 0
2782 1391 0 -88 88 0
2782 1391 0 -87 87 0
2782 1391 0 -86 86 0
2782 1391 0 -85 85 0
2782 1391 0 -84 84 0
2782 1391 0 -83 83 0
2782 1391 0 -82 82 0
2782 1391 0 -81 81 0
2782 1391 0 -80 80 0
2782 1391 0 -79 79 0
2782 1391 0 -78 78 0
2782 1391 0 -77 77 0
2782 1391 0 -76 76 0
2782 1391 0 -75 75 0
2782 1391 0 -74 74 0
2782 1391 0 -73 73 0
2782 1391 0 -72 72 0
2782 1391 0 -71 71 0
2782 1391 0 -70 70 0
2782 1391 0 -69 69 0
2782 1391 0 -68 68 0
2782 1391 0 -67 67 0
2782 1391 0 -66 66 0
2782 1391 0 -65 65 0
2782 1391 0 -64 64 0
2782 1391 0 -63 63 0
2782 1391 0 -62 62 0
2782 1391 0 -61 61 0
2782 1391 0 -60 60 0
2782 1391 0 -59 59 0
2782 1391 0 -58 58 0
2782 1391 0 -57 57 0
2782 1391 0 -56 56 0
2782 1391 0 -55 55 0
2782 1391 0 -54 54 0
2782 1391 0 -53 53 0
2782 1391 0 -52 52 0
2782 1391 0 -51 51 0
2782 1391 0 -50 50 0
2782 1391 0 -49 49 0
2782 1391 0 -48 48 0
2782 1391 0 -47 47 0
2782 1391 0 -46 46 0
2782 1391 0 -45 45 0
2782 1391 0 -44 44 0
2782 1391 0 -43 43 0
2782 1391 0 -42 42 0
2782 1391 0 -41 41 0
2782 1391 0 -40 40 0
2782 1391 0 -39 39 0
2782 1391 0 -38 38 0
2782 1391 0 -37 37 0
2782 1391 0 -36 36 0
2782 1391 0 -35 35 0
2782 1391 0 -34 34 0
2782 1391 0 -33 33 0
2782 1391 0 -32 32 0
2782 1391 0 -31 31 0
2782 1391 0 -30 30 0
2782 1391 0 -29 29 0
2782 1391 0 -28 28 0
2782 1391 0 -27 27 0
2782 1391 0 -26 26 0
2782 1391 0 -25 25 0
2782 1391 0 -24 24 0
2782 1391 0 -23 23 0
2782 1391 0 -22 22 0
2782 1391 0 -21 21 0
2782 1391 0 -20 20 0
2782 1391 0 -19 19 0
2782 1391 0 -18 18 0
2782 1391 0 -17 17 0
2782 1391 0 -16 16 0
2782 1391 0 -15 15 0
2782 1391 0 -14 14 0
2782 1391 0 -13 13 0
2782 1391 0 -12 12 0
2782 1391 0 -11 11 0
2782 1391 0 -10 10 0
2782 1391 0 -9 9 0
2782 1391 0 -8 8 0
2782 1391 0 -7 7 0
2782 1391 0 -6 6 0
2782 1391 0 -5 5 0
2782 1391 0 -4 4 0
2782 1391 0 -3 3 0
2782 1391 0 -2 2 0
2782 1391 0 -1 1 0
2782 1391 0 1 -1 0
2782 1391 0 2 -2 0
2782 1391 0 3 -3 0
2782 1391 0 4 -4 0
2782 1391 0 5 -5 0
2782 1391 0 6 -6 0
2782 1391 0 7 -7 0
2782 1391 0 8 -8 0
2782 1391 0 9 -9 0
2782 1391 0 10 -10 0
2782 1391 0 11 -11 0
2782 1391 0 12 -12 0
2782 1391 0 13 -13 0
2782 1391 0 14 -14 0
2782 1391 0 15 -15 0
2782 1391 0 16 -16 0
2782 1391 0 17 -17 0
2782 1391 0 18 -18 0
2782 1391 0 19 -19 0
2782 1391 0 20 -20 0
2782 1391 0 21 -21 0
2782 1391 0 22 -22 0
2782 1391 0 23 -23 0
2782 1391 0 24 -24 0
2782 1391 0 25 -25 0
2782 1391 0 26 -26 0
2782 1391 0 27 -27 0
2782 1391 0 28 -28 0
2782 1391 0 29 -29 0
2782 1391 0 30 -30 0
2782 1391 0 31 -31 0
2782 1391 0 32 -32 0
2782 1391 0 33 -33 0
2782 1391 0 34 -34 0
2782 1391 0 35 -35 0
2782 1391 0 36 -36 0
2782 1391 0 37 -37 0
2782 1391 0 38 -38 0
2782 1391 0 39 -39 0
2782 1391 0 40 -40 0
2782 1391 0 41 -41 0
2782 1391 0 42 -42 0
2782 1391 0 43 -43 0
2782 1391 0 44 -44 0
2782 1391 0 45 -45 0
2782 1391 0 46 -46 0
2782 1391 0 47 -47 0
2782 1391 0 48 -48 0
2782 1391 0 49 -49 0
2782 1391 0 50 -50 0
2782 1391 0 51 -51 0
2782 1391 0 52 -52 0
2782 1391 0 53 -53 0
2782 1391 0 54 -54 0
2782 1391 0 55 -55 0
2782 1391 0 56 -56 0
2782 1391 0 57 -57 0
2782 1391 0 58 -58 0
2782 1391 0 59 -59 0
2782 1391 0 60 -60 0
2782 1391 0 61 -61 0
2782 1391 0 62 -62 0
2782 1391 0 63 -63 0
2782 1391 0 64 -64 0
2782 1391 0 65 -65 0
2782 1391 0 66 -66 0
2782 1391 0 67 -67 0
2782 1391 0 68 -68 0
2782 1391 0 69 -69 0
2782 1391 0 70 -70 0
2782 1391 0 71 -71 0
2782 1391 0 72 -72 0
2782 1391 0 73 -73 0
2782 1391 0 74 -74 0
2782 1391 0 75 -75 0
2782 1391 0 76 -76 0
2782 1391 0 77 -77 0
2782 1391 0 78 -78 0
2782 1391 0 79 -79 0
2782 1391 0 80 -80 0
2782 1391 0 81 -81 0
2782 1391 0 82 -82 0
2782 1391 0 83 -83 0
2782 1391 0 84 -84 0
2782 1391 0 85 -85 0
2782 1391 0 86 -86 0
2782 1391 0 87 -87 0
2782 1391 0 88 -88 0
2782 1391 0 89 -89 0
2782 1391 0 90 -90 0
2782 1391 0 91 -91 0
2782 1391 0 92 -92 0
2782 1391 0 93 -93 0
2782 1391 0 94 -94 0
2782 1391 0 95 -95 0
2782 1391 0 96 -96 0
2782 1391 0 97 -97 0
2782 1391 0 98 -98 0
2782 1391 0 99 -99 0
2782 1391 0 100 -100 0
2782 1391 0 101 -101 0
2782 1391 0 102 -102 0
2782 1391 0 103 -103 0
2782 1391 0 104 -104 0
2782 1391 0 105 -105 0
2782 1391 0 106 -106 0
2782 1391 0 107 -107 0
2782 1391 0 108 -108 0
2782 1391 0 109 -109 0
2782 1391 0 110 -110 0
2782 1391 0 111 -111 0
2782 1391 0 112 -112 0
2782 1391 0 113 -113 0
2782 1391 0 114 -114 0
2782 1391 0 115 -115 0
2782 1391 0 116 -116 0
2782 1391 0 117 -117 0
2782 1391 0 118 -118 0
2782 1391 0 119 -119 0
2782 1391 0 120 -120 0
2782 1391 0 121 -121 0
2782 1391 0 122 -122 0
2782 1391 0 123 -123 0
2782 1391 0 124 -124 0
2782 1391 0 125 -125 0
2782 1391 0 126 -126 0
2782 1391 0 127 -127 0
2782 1391 0 128 -128 0
2782 1391 0 129 -129 0
2782 1391 0 130 -130 0
2782 1391 0 131 -131 0
2782 1391 0 132 -132 0
2782 1391 0 133 -133 0
2782 1391 0 134 -134 0
2782 1391 0 135 -135 0
2782 1391 0 136 -136 0
2782 1391 0 137 -137 0
2782 1391 0 138 -138 0
2782 1391 0 139 -139 0
2782 1391 0 140 -140 0
2782 1391 0 141 -141 0
2782 1391 0 142 -142 0
2782 1391 0 143 -143 0
2782 1391 0 144 -144 0
2782 1391 0 145 -145 0
2782 1391 0 146 -146 0
2782 1391 0 147 -147 0
2782 1391 0 148 -148 0
2782 1391 0 149 -149 0
2782 1391 0 150 -150 0
2784 1392 0 -150 150 0
2784 1392 0 -149 149 0
2784 1392 0 -148 148 0
2784 1392 0 -147 147 0
2784 1392 0 -146 146 0
2784 1392 0 -145 145 0
2784 1392 0 -144 144 0
2784 1392 0 -143 143 0
2784 1392 0 -142 142 0
2784 1392 0 -141 141 0
2784 1392 0 -140 140 0
2784 1392 0 -139 139 0
2784 1392 0 -138 138 0
2784 1392 0 -137 137 0
2784 1392 0 -136 136 0
2784 1392 0 -135 135 0
2784 1392 0 -134 134 0
2784 1392 0 -133 133 0
2784 1392 0 -132 132 0
2784 1392 0 -131 131 0
2784 1392 0 -130 130 0
2784 1392 0 -129 129 0
2784 1392 0 -128 128 0
2784 1392 0 -127 127 0
2784 1392 0 -126 126 0
2784 1392 0 -125 125 0
2784 1392 0 -124 124 0
2784 1392 0 -123 123 0
2784 1392 0 -122 122 0
2784 1392 0 -121 121 0
2784 1392 0 -120 120 0
2784 1392 0 -119 119 0
2784 1392 0 -118 118 0
2784 1392 0 -117 117 0
2784 1392 0 -116 116 0
2784 1392 0 -115 115 0
2784 1392 0 -114 114 0
2784 1392 0 -113 113 0
2784 1392 0 -112 112 0
2784 1392 0 -111 111 0
2784 1392 0 -110 110 0
2784 1392 0 -109 109 0
2784 1392 0 -108 108 0
2784 1392 0 -107 107 0
2784 1392 0 -106 106 0
2784 1392 0 -105 105 0
2784 1392 0 -104 104 0
2784 1392 0 -103 103 0
2784 1392 0 -102 102 0
2784 1392 0 -101 101 0
2784 1392 0 -100 100 0
2784 1392 0 -99 99 0
2784 1392 0 -98 98 0
2784 1392 0 -97 97 0
2784 1392 0 -96 96 0
2784 1392 0 -95 95 0
2784 1392 0 -94 94 0
2784 1392 0 -93 93 0
2784 1392 0 -92 92 0
2784 1392 0 -91 91 0
2784 1392 0 -90 90 0
2784 1392 0 -89 89 0
2784 1392 0 -88 88 0
2784 1392 0 -87 87 0
2784 1392 0 -86 86 0
2784 1392 0 -85 85 0
2784 1392 0 -84 84 0
2784 1392 0 -83 83 0
2784 1392 0 -82 82 0
2784 1392 0 -81 81 0
2784 1392 0 -80 80 0
2784 1392 0 -79 79 0
2784 1392 0 -78 78 0
2784 1392 0 -77 77 0
2784 1392 0 -76 76 0
2784 1392 0 -75 75 0
2784 1392 0 -74 74 0
2784 1392 0 -73 73 0
2784 1392 0 -72 72 0
2784 1392 0 -71 71 0
2784 1392 0 -70 70 0
2784 1392 0 -69 69 0
2784 1392 0 -68 68 0
2784 1392 0 -67 67 0
2784 1392 0 -66 66 0
2784 1392 0 -65 65 0
2784 1392 0 -64 64 0
2784 1392 0 -63 63 0
2784 1392 0 -62 62 0
2784 1392 0 -61 61 0
2784 1392 0 -60 60 0
2784 1392 0 -59 59 0
2784 1392 0 -58 58 0
2784 1392 0 -57 57 0
2784 1392 0 -56 56 0
2784 1392 0 -55 55 0
2784 1392 0 -54 54 0
2784 1392 0 -53 53 0
2784 1392 0 -52 52 0
2784 1392 0 -51 51 0
2784 1392 0 -50 50 0
2784 1392 0 -49 49 0
2784 1392 0 -48 48 0
2784 1392 0 -47 47 0
2784 1392 0 -46 46 0
2784 1392 0 -45 45 0
2784 1392 0 -44 44 0
2784 1392 0 -43 43 0
2784 1392 0 -42 42 0
2784 1392 0 -41 41 0
2784 1392 0 -40 40 0
2784 1392 0 -39 39 0
2784 1392 0 -38 38 0
2784 1392 0 -37 37 0
2784 1392 0 -36 36 0
2784 1392 0 -35 35 0
2784 1392 0 -34 34 0
2784 1392 0 -33 33 0
2784 1392 0 -32 32 0
2784 1392 0 -31 31 0
2784 1392 0 -30 30 0
2784 1392 0 -29 29 0
2784 1392 0 -28 28 0
2784 1392 0 -27 27 0
2784 1392 0 -26 26 0
2784 1392 0 -25 25 0
2784 1392 0 -24 24 0
2784 1392 0 -23 23 0
2784 1392 0 -22 22 0
2784 1392 0 -21 21 0
2784 1392 0 -20 20 0
2784 1392 0 -19 19 0
2784 1392 0 -18 18 0
2784 1392 0 -17 17 0
2784 1392 0 -16 16 0
2784 1392 0 -15 15 0
2784 1392 0 -14 14 0
2784 1392 0 -13 13 0
2784 1392 0 -12 12 0
2784 1392 0 -11 11 0
2784 1392 0 -10 10 0
2784 1392 0 -9 9 0
2784 1392 0 -8 8 0
2784 1392 0 -7 7 0
2784 1392 0 -6 6 0
2784 1392 0 -5 5 0
2784 1392 0 -4 4 0
2784 1392 0 -3 3 0
2784 1392 0 -2 2 0
2784 1392 0 -1 1 0
2784 1392 0 1 -1 0
2784 1392 0 2 -2 0
2784 1392 0 3 -3 0
2784 1392 0 4 -4 0
2784 1392 0 5 -5 0
2784 1392 0 6 -6 0
2784 1392 0 7 -7 0
2784 1392 0 8 -8 0
2784 1392 0 9 -9 0
2784 1392 0 10 -10 0
2784 1392 0 11 -11 0
2784 1392 0 12 -12 0
2784 1392 0 13 -13 0
2784 1392 0 14 -14 0
2784 1392 0 15 -15 0
2784 1392 0 16 -16 0
2784 1392 0 17 -17 0
2784 1392 0 18 -18 0
2784 1392 0 19 -19 0
2784 1392 0 20 -20 0
2784 1392 0 21 -21 0
2784 1392 0 22 -22 0
2784 1392 0 23 -23 0
2784 1392 0 24 -24 0
2784 1392 0 25 -25 0
2784 1392 0 26 -26 0
2784 1392 0 27 -27 0
2784 1392 0 28 -28 0
2784 1392 0 29 -29 0
2784 1392 0 30 -30 0
2784 1392 0 31 -31 0
2784 1392 0 32 -32 0
2784 1392 0 33 -33 0
2784 1392 0 34 -34 0
2784 1392 0 35 -35 0
2784 1392 0 36 -36 0
2784 1392 0 37 -37 0
2784 1392 0 38 -38 0
2784 1392 0 39 -39 0
2784 1392 0 40 -40 0
2784 1392 0 41 -41 0
2784 1392 0 42 -42 0
2784 1392 0 43 -43 0
2784 1392 0 44 -44 0
2784 1392 0 45 -45 0
2784 1392 0 46 -46 0
2784 1392 0 47 -47 0
2784 1392 0 48 -48 0
2784 1392 0 49 -49 0
2784 1392 0 50 -50 0
2784 1392 0 51 -51 0
2784 1392 0 52 -52 0
2784 1392 0 53 -53 0
2784 1392 0 54 -54 0
2784 1392 0 55 -55 0
2784 1392 0 56 -56 0
2784 1392 0 57 -57 0
2784 1392 0 58 -58 0
2784 1392 0 59 -59 0
2784 1392 0 60 -60 0
2784 1392 0 61 -61 0
2784 1392 0 62 -62 0
2784 1392 0 63 -63 0
2784 1392 0 64 -64 0
2784 1392 0 65 -65 0
2784 1392 0 66 -66 0
2784 1392 0 67 -67 0
2784 1392 0 68 -68 0
2784 1392 0 69 -69 0
2784 1392 0 70 -70 0
2784 1392 0 71 -71 0
2784 1392 0 72 -72 0
2784 1392 0 73 -73 0
2784 1392 0 74 -74 0
2784 1392 0 75 -75 0
2784 1392 0 76 -76 0
2784 1392 0 77 -77 0
2784 1392 0 78 -78 0
2784 1392 0 79 -79 0
2784 1392 0 80 -80 0
2784 1392 0 81 -81 0
2784 1392 0 82 -82 0
2784 1392 0 83 -83 0
2784 1392 0 84 -84 0
2784 1392 0 85 -85 0
2784 1392 0 86 -86 0
2784 1392 0 87 -87 0
2784 1392 0 88 -88 0
2784 1392 0 89 -89 0
2784 1392 0 90 -90 0
2784 1392 0 91 -91 0
2784 1392 0 92 -92 0
2784 1392 0 93 -93 0
2784 1392 0 94 -94 0
2784 1392 0 95 -95 0
2784 1392 0 96 -96 0
2784 1392 0 97 -97 0
2784 1392 0 98 -98 0
2784 1392 0 99 -99 0
2784 1392 0 100 -100 0
2784 1392 0 101 -101 0
2784 1392 0 102 -102 0
2784 1392 0 103 -103 0
2784 1392 0 104 -104 0
2784 1392 0 105 -105 0
2784 1392 0 106 -106 0
2784 1392 0 107 -107 0
2784 1392 0 108 -108 0
2784 1392 0 109 -109 0
2784 1392 0 110 -110 0
2784 1392 0 111 -111 0
2784 1392 0 112 -112 0
2784 1392 0 113 -113 0
2784 1392 0 114 -114 0
2784 1392 0 115 -115 0
2784 1392 0 116 -116 0
2784 1392 0 117 -117 0
2784 1392 0 118 -118 0
2784 1392 0 119 -119 0
2784 1392 0 120 -120 0
2784 1392 0 121 -121 0
2784 1392 0 122 -122 0
2784 1392 0 123 -123 0
2784 1392 0 124 -124 0
2784 1392 0 125 -125 0
2784 1392 0 126 -126 0
2784 1392 0 127 -127 0
2784 1392 0 128 -128 0
2784 1392 0 129 -129 0
2784 1392 0 130 -130 0
2784 1392 0 131 -131 0
2784 1392 0 132 -132 0
2784 1392 0 133 -133 0
2784 1392 0 134 -134 0
2784 1392 0 135 -135 0
2784 1392 0 136 -136 0
2784 1392 0 137 -137 0
2784 1392 0 138 -138 0
2784 1392 0 139 -139 0
2784 1392 0 140 -140 0
2784 1392 0 141 -141 0
2784 1392 0 142 -142 0
2784 1392 0 143 -143 0
2784 1392 0 144 -144 0
2784 1392 0 145 -145 0
2784 1392 0 146 -146 0
2784 1392 0 147 -147 0
2784 1392 0 148 -148 0
2784 1392 0 149 -149 0
2784 1392 0 150 -150 0
2786 1393 0 -150 150 0
2786 1393 0 -149 149 0
2786 1393 0 -148 148 0
2786 1393 0 -147 147 0
2786 1393 0 -146 146 0
2786 1393 0 -145 145 0
2786 1393 0 -144 144 0
2786 1393 0 -143 143 0
2786 1393 0 -142 142 0
2786 1393 0 -141 141 0
2786 1393 0 -140 140 0
2786 1393 0 -139 139 0
2786 1393 0 -138 138 0
2786 1393 0 -137 137 0
2786 1393 0 -136 136 0
2786 1393 0 -135 135 0
2786 1393 0 -134 134 0
2786 1393 0 -133 133 0
2786 1393 0 -132 132 0
2786 1393 0 -131 131 0
2786 1393 0 -130 130 0
2786 1393 0 -129 129 0
2786 1393 0 -128 128 0
2786 1393 0 -127 127 0
2786 1393 0 -126 126 0
2786 1393 0 -125 125 0
2786 1393 0 -124 124 0
2786 1393 0 -123 123 0
2786 1393 0 -122 122 0
2786 1393 0 -121 121 0
2786 1393 0 -120 120 0
2786 1393 0 -119 119 0
2786 1393 0 -118 118 0
2786 1393 0 -117 117 0
2786 1393 0 -116 116 0
2786 1393 0 -115 115 0
2786 1393 0 -114 114 0
2786 1393 0 -113 113 0
2786 1393 0 -112 112 0
2786 1393 0 -111 111 0
2786 1393 0 -110 110 0
2786 1393 0 -109 109 0
2786 1393 0 -108 108 0
2786 1393 0 -107 107 0
2786 1393 0 -106 106 0
2786 1393 0 -105 105 0
2786 1393 0 -104 104 0
2786 1393 0 -103 103 0
2786 1393 0 -102 102 0
2786 1393 0 -101 101 0
2786 1393 0 -100 100 0
2786 1393 0 -99 99 0
2786 1393 0 -98 98 0
2786 1393 0 -97 97 0
2786 1393 0 -96 96 0
2786 1393 0 -95 95 0
2786 1393 0 -94 94 0
2786 1393 0 -93 93 0
2786 1393 0 -92 92 0
2786 1393 0 -91 91 0
2786 1393 0 -90 90 0
2786 1393 0 -89 89 0
2786 1393 0 -88 88 0
2786 1393 0 -87 87 0
2786 1393 0 -86 86 0
2786 1393 0 -85 85 0
2786 1393 0 -84 84 0
2786 1393 0 -83 83 0
2786 1393 0 -82 82 0
2786 1393 0 -81 81 0
2786 1393 0 -80 80 0
2786 1393 0 -79 79 0
2786 1393 0 -78 78 0
2786 1393 0 -77 77 0
2786 1393 0 -76 76 0
2786 1393 0 -75 75 0
2786 1393 0 -74 74 0
2786 1393 0 -73 73 0
2786 1393 0 -72 72 0
2786 1393 0 -71 71 0
2786 1393 0 -70 70 0
2786 1393 0 -69 69 0
2786 1393 0 -68 68 0
2786 1393 0 -67 67 0
2786 1393 0 -66 66 0
2786 1393 0 -65 65 0
2786 1393 0 -64 64 0
2786 1393 0 -63 63 0
2786 1393 0 -62 62 0
2786 1393 0 -61 61 0
2786 1393 0 -60 60 0
2786 1393 0 -59 59 0
2786 1393 0 -58 58 0
2786 1393 0 -57 57 0
2786 1393 0 -56 56 0
2786 1393 0 -55 55 0
2786 1393 0 -54 54 0
2786 1393 0 -53 53 0
2786 1393 0 -52 52 0
2786 1393 0 -51 51 0
2786 1393 0 -50 50 0
2786 1393 0 -49 49 0
2786 1393 0 -48 48 0
2786 1393 0 -47 47 0
2786 1393 0 -46 46 0
2786 1393 0 -45 45 0
2786 1393 0 -44 44 0
2786 1393 0 -43 43 0
2786 1393 0 -42 42 0
2786 1393 0 -41 41 0
2786 1393 0 -40 40 0
2786 1393 0 -39 39 0
2786 1393 0 -38 38 0
2786 1393 0 -37 37 0
2786 1393 0 -36 36 0
2786 1393 0 -35 35 0
2786 1393 0 -34 34 0
2786 1393 0 -33 33 0
2786 1393 0 -32 32 0
2786 1393 0 -31 31 0
2786 1393 0 -30 30 0
2786 1393 0 -29 29 0
2786 1393 0 -28 28 0
2786 1393 0 -27 27 0
2786 1393 0 -26 26 0
2786 1393 0 -25 25 0
2786 1393 0 -24 24 0
2786 1393 0 -23 23 0
2786 1393 0 -22 22 0
2786 1393 0 -21 21 0
2786 1393 0 -20 20 0
2786 1393 0 -19 19 0
2786 1393 0 -18 18 0
2786 1393 0 -17 17 0
2786 1393 0 -16 16 0
2786 1393 0 -15 15 0
2786 1393 0 -14 14 0
2786 1393 0 -13 13 0
2786 1393 0 -12 12 0
2786 1393 0 -11 11 0
2786 1393 0 -10 10 0
2786 1393 0 -9 9 0
2786 1393 0 -8 8 0
2786 1393 0 -7 7 0
2786 1393 0 -6 6 0
2786 1393 0 -5 5 0
2786 1393 0 -4 4 0
2786 1393 0 -3 3 0
2786 1393 0 -2 2 0
2786 1393 0 -1 1 0
2786 1393 0 1 -1 0
2786 1393 0 2 -2 0
2786 1393 0 3 -3 0
2786 1393 0 4 -4 0
2786 1393 0 5 -5 0
2786 1393 0 6 -6 0
2786 1393 0 7 -7 0
2786 1393 0 8 -8 0
2786 1393 0 9 -9 0
2786 1393 0 10 -10 0
2786 1393 0 11 -11 0
2786 1393 0 12 -12 0
2786 1393 0 13 -13 0
2786 1393 0 14 -14 0
2786 1393 0 15 -15 0
2786 1393 0 16 -16 0
2786 1393 0 17 -17 0
2786 1393 0 18 -18 0
2786 1393 0 19 -19 0
2786 1393 0 20 -20 0
2786 1393 0 21 -21 0
2786 1393 0 22 -22 0
2786 1393 0 23 -23 0
2786 1393 0 24 -24 0
2786 1393 0 25 -25 0
2786 1393 0 26 -26 0
2786 1393 0 27 -27 0
2786 1393 0 28 -28 0
2786 1393 0 29 -29 0
2786 1393 0 30 -30 0
2786 1393 0 31 -31 0
2786 1393 0 32 -32 0
2786 1393 0 33 -33 0
2786 1393 0 34 -34 0
2786 1393 0 35 -35 0
2786 1393 0 36 -36 0
2786 1393 0 37 -37 0
2786 1393 0 38 -38 0
2786 1393 0 39 -39 0
2786 1393 0 40 -40 0
2786 1393 0 41 -41 0
2786 1393 0 42 -42 0
2786 1393 0 43 -43 0
2786 1393 0 44 -44 0
2786 1393 0 45 -45 0
2786 1393 0 46 -46 0
2786 1393 0 47 -47 0
2786 1393 0 48 -48 0
2786 1393 0 49 -49 0
2786 1393 0 50 -50 0
2786 1393 0 51 -51 0
2786 1393 0 52 -52 0
2786 1393 0 53 -53 0
2786 1393 0 54 -54 0
2786 1393 0 55 -55 0
2786 1393 0 56 -56 0
2786 1393 0 57 -57 0
2786 1393 0 58 -58 0
2786 1393 0 59 -59 0
2786 1393 0 60 -60 0
2786 1393 0 61 -61 0
2786 1393 0 62 -62 0
2786 1393 0 63 -63 0
2786 1393 0 64 -64 0
2786 1393 0 65 -65 0
2786 1393 0 66 -66 0
2786 1393 0 67 -67 0
2786 1393 0 68 -68 0
2786 1393 0 69 -69 0
2786 1393 0 70 -70 0
2786 1393 0 71 -71 0
2786 1393 0 72 -72 0
2786 1393 0 73 -73 0
2786 1393 0 74 -74 0
2786 1393 0 75 -75 0
2786 1393 0 76 -76 0
2786 1393 0 77 -77 0
2786 1393 0 78 -78 0
2786 1393 0 79 -79 0
2786 1393 0 80 -80 0
2786 1393 0 81 -81 0
2786 1393 0 82 -82 0
2786 1393 0 83 -83 0
2786 1393 0 84 -84 0
2786 1393 0 85 -85 0
2786 1393 0 86 -86 0
2786 1393 0 87 -87 0
2786 1393 0 88 -88 0
2786 1393 0 89 -89 0
2786 1393 0 90 -90 0
2786 1393 0 91 -91 0
2786 1393 0 92 -92 0
2786 1393 0 93 -93 0
2786 1393 0 94 -94 0
2786 1393 0 95 -95 0
2786 1393 0 96 -96 0
2786 1393 0 97 -97 0
2786 1393 0 98 -98 0
2786 1393 0 99 -99 0
2786 1393 0 100 -100 0
2786 1393 0 101 -101 0
2786 1393 0 102 -102 0
2786 1393 0 103 -103 0
2786 1393 0 104 -104 0
2786 1393 0 105 -105 0
2786 1393 0 106 -106 0
2786 1393 0 107 -107 0
2786 1393 0 108 -108 0
2786 1393 0 109 -109 0
2786 1393 0 110 -110 0
2786 1393 0 111 -111 0
2786 1393 0 112 -112 0
2786 1393 0 113 -113 0
2786 1393 0 114 -114 0
2786 1393 0 115 -115 0
2786 1393 0 116 -116 0
2786 1393 0 117 -117 0
2786 1393 0 118 -118 0
2786 1393 0 119 -119 0
2786 1393 0 120 -120 0
2786 1393 0 121 -121 0
2786 1393 0 122 -122 0
2786 1393 0 123 -123 0
2786 1393 0 124 -124 0
2786 1393 0 125 -125 0
2786 1393 0 126 -126 0
2786 1393 0 127 -127 0
2786 1393 0 128 -128 0
2786 1393 0 129 -129 0
2786 1393 0 130 -130 0
2786 1393 0 131 -131 0
2786 1393 0 132 -132 0
2786 1393 0 133 -133 0
2786 1393 0 134 -134 0
2786 1393 0 135 -135 0
2786 1393 0 136 -136 0
2786 1393 0 137 -137 0
2786 1393 0 138 -138 0
2786 1393 0 139 -139 0
2786 1393 0 140 -140 0
2786 1393 0 141 -141 0
2786 1393 0 142 -142 0
2786 1393 0 143 -143 0
2786 1393 0 144 -144 0
2786 1393 0 145 -145 0
2786 1393 0 146 -146 0
2786 1393 0 147 -147 0
2786 1393 0 148 -148 0
2786 1393 0 149 -149 0
2786 1393 0 150 -150 0
2788 1394 0 -150 150 0
2788 1394 0 -149 149 0
2788 1394 0 -148 148 0
2788 1394 0 -147 147 0
2788 1394 0 -146 146 0
2788 1394 0 -145 145 0
2788 1394 0 -144 144 0
2788 1394 0 -143 143 0
2788 1394 0 -142 142 0
2788 1394 0 -141 141 0
2788 1394 0 -140 140 0
2788 1394 0 -139 139 0
2788 1394 0 -138 138 0
2788 1394 0 -137 137 0
2788 1394 0 -136 136 0
2788 1394 0 -135 135 0
2788 1394 0 -134 134 0
2788 1394 0 -133 133 0
2788 1394 0 -132 132 0
2788 1394 0 -131 131 0
2788 1394 0 -130 130 0
2788 1394 0 -129 129 0
2788 1394 0 -128 128 0
2788 1394 0 -127 127 0
2788 1394 0 -126 126 0
2788 1394 0 -125 125 0
2788 1394 0 -124 124 0
2788 1394 0 -123 123 0
2788 1394 0 -122 122 0
2788 1394 0 -121 121 0
2788 1394 0 -120 120 0
2788 1394 0 -119 119 0
2788 1394 0 -118 118 0
2788 1394 0 -117 117 0
2788 1394 0 -116 116 0
2788 1394 0 -115 115 0
2788 1394 0 -114 114 0
2788 1394 0 -113 113 0
2788 1394 0 -112 112 0
2788 1394 0 -111 111 0
2788 1394 0 -110 110 0
2788 1394 0 -109 109 0
2788 1394 0 -108 108 0
2788 1394 0 -107 107 0
2788 1394 0 -106 106 0
2788 1394 0 -105 105 0
2788 1394 0 -104 104 0
2788 1394 0 -103 103 0
2788 1394 0 -102 102 0
2788 1394 0 -101 101 0
2788 1394 0 -100 100 0
2788 1394 0 -99 99 0
2788 1394 0 -98 98 0
2788 1394 0 -97 97 0
2788 1394 0 -96 96 0
2788 1394 0 -95 95 0
2788 1394 0 -94 94 0
2788 1394 0 -93 93 0
2788 1394 0 -92 92 0
2788 1394 0 -91 91 0
2788 1394 0 -90 90 0
2788 1394 0 -89 89 0
2788 1394 0 -88 88 0
2788 1394 0 -87 87 0
2788 1394 0 -86 86 0
2788 1394 0 -85 85 0
2788 1394 0 -84 84 0
2788 1394 0 -83 83 0
2788 1394 0 -82 82 0
2788 1394 0 -81 81 0
2788 1394 0 -80 80 0
2788 1394 0 -79 79 0
2788 1394 0 -78 78 0
2788 1394 0 -77 77 0
2788 1394 0 -76 76 0
2788 1394 0 -75 75 0
2788 1394 0 -74 74 0
2788 1394 0 -73 73 0
2788 1394 0 -72 72 0
2788 1394 0 -71 71 0
2788 1394 0 -70 70 0
2788 1394 0 -69 69 0
2788 1394 0 -68 68 0
2788 1394 0 -67 67 0
2788 1394 0 -66 66 0
2788 1394 0 -65 65 0
2788 1394 0 -64 64 0
2788 1394 0 -63 63 0
2788 1394 0 -62 62 0
2788 1394 0 -61 61 0
2788 1394 0 -60 60 0
2788 1394 0 -59 59 0
2788 1394 0 -58 58 0
2788 1394 0 -57 57 0
2788 1394 0 -56 56 0
2788 1394 0 -55 55 0
2788 1394 0 -54 54 0
2788 1394 0 -53 53 0
2788 1394 0 -52 52 0
2788 1394 0 -51 51 0
2788 1394 0 -50 50 0
2788 1394 0 -49 49 0
2788 1394 0 -48 48 0
2788 1394 0 -47 47 0
2788 1394 0 -46 46 0
2788 1394 0 -45 45 0
2788 1394 0 -44 44 0
2788 1394 0 -43 43 0
2788 1394 0 -42 42 0
2788 1394 0 -41 41 0
2788 1394 0 -40 40 0
2788 1394 0 -39 39 0
2788 1394 0 -38 38 0
2788 1394 0 -37 37 0
2788 1394 0 -36 36 0
2788 1394 0 -35 35 0
2788 1394 0 -34 34 0
2788 1394 0 -33 33 0
2788 1394 0 -32 32 0
2788 1394 0 -31 31 0
2788 1394 0 -30 30 0
2788 1394 0 -29 29 0
2788 1394 0 -28 28 0
2788 1394 0 -27 27 0
2788 1394 0 -26 26 0
2788 1394 0 -25 25 0
2788 1394 0 -24 24 0
2788 1394 0 -23 23 0
2788 1394 0 -22 22 0
2788 1394 0 -21 21 0
2788 1394 0 -20 20 0
2788 1394 0 -19 19 0
2788 1394 0 -18 18 0
2788 1394 0 -17 17 0
2788 1394 0 -16 16 0
2788 1394 0 -15 15 0
2788 1394 0 -14 14 0
2788 1394 0 -13 13 0
2788 1394 0 -12 12 0
2788 1394 0 -11 11 0
2788 1394 0 -10 10 0
2788 1394 0 -9 9 0
2788 1394 0 -8 8 0
2788 1394 0 -7 7 0
2788 1394 0 -6 6 0
2788 1394 0 -5 5 0
2788 1394 0 -4 4 0
2788 1394 0 -3 3 0
2788 1394 0 -2 2 0
2788 1394 0 -1 1 0
2788 1394 0 1 -1 0
2788 1394 0 2 -2 0
2788 1394 0 3 -3 0
2788 1394 0 4 -4 0
2788 1394 0 5 -5 0
2788 1394 0 6 -6 0
2788 1394 0 7 -7 0
2788 1394 0 8 -8 0
2788 1394 0 9 -9 0
2788 1394 0 10 -10 0
2788 1394 0 11 -11 0
2788 1394 0 12 -12 0
2788 1394 0 13 -13 0
2788 1394 0 14 -14 0
2788 1394 0 15 -15 0
2788 1394 0 16 -16 0
2788 1394 0 17 -17 0
2788 1394 0 18 -18 0
2788 1394 0 19 -19 0
2788 1394 0 20 -20 0
2788 1394 0 21 -21 0
2788 1394 0 22 -22 0
2788 1394 0 23 -23 0
2788 1394 0 24 -24 0
2788 1394 0 25 -25 0
2788 1394 0 26 -26 0
2788 1394 0 27 -27 0
2788 1394 0 28 -28 0
2788 1394 0 29 -29 0
2788 1394 0 30 -30 0
2788 1394 0 31 -31 0
2788 1394 0 32 -32 0
2788 1394 0 33 -33 0
2788 1394 0 34 -34 0
2788 1394 0 35 -35 0
2788 1394 0 36 -36 0
2788 1394 0 37 -37 0
2788 1394 0 38 -38 0
2788 1394 0 39 -39 0
2788 1394 0 40 -40 0
2788 1394 0 41 -41 0
2788 1394 0 42 -42 0
2788 1394 0 43 -43 0
2788 1394 0 44 -44 0
2788 1394 0 45 -45 0
2788 1394 0 46 -46 0
2788 1394 0 47 -47 0
2788 1394 0 48 -48 0
2788 1394 0 49 -49 0
2788 1394 0 50 -50 0
2788 1394 0 51 -51 0
2788 1394 0 52 -52 0
2788 1394 0 53 -53 0
2788 1394 0 54 -54 0
2788 1394 0 55 -55 0
2788 1394 0 56 -56 0
2788 1394 0 57 -57 0
2788 1394 0 58 -58 0
2788 1394 0 59 -59 0
2788 1394 0 60 -60 0
2788 1394 0 61 -61 0
2788 1394 0 62 -62 0
2788 1394 0 63 -63 0
2788 1394 0 64 -64 0
2788 1394 0 65 -65 0
2788 1394 0 66 -66 0
2788 1394 0 67 -67 0
2788 1394 0 68 -68 0
2788 1394 0 69 -69 0
2788 1394 0 70 -70 0
2788 1394 0 71 -71 0
2788 1394 0 72 -72 0
2788 1394 0 73 -73 0
2788 1394 0 74 -74 0
2788 1394 0 75 -75 0
2788 1394 0 76 -76 0
2788 1394 0 77 -77 0
2788 1394 0 78 -78 0
2788 1394 0 79 -79 0
2788 1394 0 80 -80 0
2788 1394 0 81 -81 0
2788 1394 0 82 -82 0
2788 1394 0 83 -83 0
2788 1394 0 84 -84 0
2788 1394 0 85 -85 0
2788 1394 0 86 -86 0
2788 1394 0 87 -87 0
2788 1394 0 88 -88 0
2788 1394 0 89 -89 0
2788 1394 0 90 -90 0
2788 1394 0 91 -91 0
2788 1394 0 92 -92 0
2788 1394 0 93 -93 0
2788 1394 0 94 -94 0
2788 1394 0 95 -95 0
2788 1394 0 96 -96 0
2788 1394 0 97 -97 0
2788 1394 0 98 -98 0
2788 1394 0 99 -99 0
2788 1394 0 100 -100 0
2788 1394 0 101 -101 0
2788 1394 0 102 -102 0
2788 1394 0 103 -103 0
2788 1394 0 104 -104 0
2788 1394 0 105 -105 0
2788 1394 0 106 -106 0
2788 1394 0 107 -107 0
2788 1394 0 108 -108 0
2788 1394 0 109 -109 0
2788 1394 0 110 -110 0
2788 1394 0 111 -111 0
2788 1394 0 112 -112 0
2788 1394 0 113 -113 0
2788 1394 0 114 -114 0
2788 1394 0 115 -115 0
2788 1394 0 116 -116 0
2788 1394 0 117 -117 0
2788 1394 0 118 -118 0
2788 1394 0 119 -119 0
2788 1394 0 120 -120 0
2788 1394 0 121 -121 0
2788 1394 0 122 -122 0
2788 1394 0 123 -123 0
2788 1394 0 124 -124 0
2788 1394 0 125 -125 0
2788 1394 0 126 -126 0
2788 1394 0 127 -127 0
2788 1394 0 128 -128 0
2788 1394 0 129 -129 0
2788 1394 0 130 -130 0
2788 1394 0 131 -131 0
2788 1394 0 132 -132 0
2788 1394 0 133 -133 0
2788 1394 0 134 -134 0
2788 1394 0 135 -135 0
2788 1394 0 136 -136 0
2788 1394 0 137 -137 0
2788 1394 0 138 -138 0
2788 1394 0 139 -139 0
2788 1394 0 140 -140 0
2788 1394 0 141 -141 0
2788 1394 0 142 -142 0
2788 1394 0 143 -143 0
2788 1394 0 144 -144 0
2788 1394 0 145 -145 0
2788 1394 0 146 -146 0
2788 1394 0 147 -147 0
2788 1394 0 148 -148 0
2788 1394 0 149 -149 0
2788 1394 0 150 -150 0
2790 1395 0 -150 150 0
2790 1395 0 -149 149 0
2790 1395 0 -148 148 0
2790 1395 0 -147 147 0
2790 1395 0 -146 146 0
2790 1395 0 -145 145 0
2790 1395 0 -144 144 0
2790 1395 0 -143 143 0
2790 1395 0 -142 142 0
2790 1395 0 -141 141 0
2790 1395 0 -140 140 0
2790 1395 0 -139 139 0
2790 1395 0 -138 138 0
2790 1395 0 -137 137 0
2790 1395 0 -136 136 0
2790 1395 0 -135 135 0
2790 1395 0 -134 134 0
2790 1395 0 -133 133 0
2790 1395 0 -132 132 0
2790 1395 0 -131 131 0
2790 1395 0 -130 130 0
2790 1395 0 -129 129 0
2790 1395 0 -128 128 0
2790 1395 0 -127 127 0
2790 1395 0 -126 126 0
2790 1395 0 -125 125 0
2790 1395 0 -124 124 0
2790 1395 0 -123 123 0
2790 1395 0 -122 122 0
2790 1395 0 -121 121 0
2790 1395 0 -120 120 0
2790 1395 0 -119 119 0
2790 1395 0 -118 118 0
2790 1395 0 -117 117 0
2790 1395 0 -116 116 0
2790 1395 0 -115 115 0
2790 1395 0 -114 114 0
2790 1395 0 -113 113 0
2790 1395 0 -112 112 0
2790 1395 0 -111 111 0
2790 1395 0 -110 110 0
2790 1395 0 -109 109 0
2790 1395 0 -108 108 0
2790 1395 0 -107 107 0
2790 1395 0 -106 106 0
2790 1395 0 -105 105 0
2790 1395 0 -104 104 0
2790 1395 0 -103 103 0
2790 1395 0 -102 102 0
2790 1395 0 -101 101 0
2790 1395 0 -100 100 0
2790 1395 0 -99 99 0
2790 1395 0 -98 98 0
2790 1395 0 -97 97 0
2790 1395 0 -96 96 0
2790 1395 0 -95 95 0
2790 1395 0 -94 94 0
2790 1395 0 -93 93 0
2790 1395 0 -92 92 0
2790 1395 0 -91 91 0
2790 1395 0 -90 90 0
2790 1395 0 -89 89 0
2790 1395 0 -88 88 0
2790 1395 0 -87 87 0
2790 1395 0 -86 86 0
2790 1395 0 -85 85 0
2790 1395 0 -84 84 0
2790 1395 0 -83 83 0
2790 1395 0 -82 82 0
2790 1395 0 -81 81 0
2790 1395 0 -80 80 0
2790 1395 0 -79 79 0
2790 1395 0 -78 78 0
2790 1395 0 -77 77 0
2790 1395 0 -76 76 0
2790 1395 0 -75 75 0
2790 1395 0 -74 74 0
2790 1395 0 -73 73 0
2790 1395 0 -72 72 0
2790 1395 0 -71 71 0
2790 1395 0 -70 70 0
2790 1395 0 -69 69 0
2790 1395 0 -68 68 0
2790 1395 0 -67 67 0
2790 1395 0 -66 66 0
2790 1395 0 -65 65 0
2790 1395 0 -64 64 0
2790 1395 0 -63 63 0
2790 1395 0 -62 62 0
2790 1395 0 -61 61 0
2790 1395 0 -60 60 0
2790 1395 0 -59 59 0
2790 1395 0 -58 58 0
2790 1395 0 -57 57 0
2790 1395 0 -56 56 0
2790 1395 0 -55 55 0
2790 1395 0 -54 54 0
2790 1395 0 -53 53 0
2790 1395 0 -52 52 0
2790 1395 0 -51 51 0
2790 1395 0 -50 50 0
2790 1395 0 -49 49 0
2790 1395 0 -48 48 0
2790 1395 0 -47 47 0
2790 1395 0 -46 46 0
2790 1395 0 -45 45 0
2790 1395 0 -44 44 0
2790 1395 0 -43 43 0
2790 1395 0 -42 42 0
2790 1395 0 -41 41 0
2790 1395 0 -40 40 0
2790 1395 0 -39 39 0
2790 1395 0 -38 38 0
2790 1395 0 -37 37 0
2790 1395 0 -36 36 0
2790 1395 0 -35 35 0
2790 1395 0 -34 34 0
2790 1395 0 -33 33 0
2790 1395 0 -32 32 0
2790 1395 0 -31 31 0
2790 1395 0 -30 30 0
2790 1395 0 -29 29 0
2790 1395 0 -28 28 0
2790 1395 0 -27 27 0
2790 1395 0 -26 26 0
2790 1395 0 -25 25 0
2790 1395 0 -24 24 0
2790 1395 0 -23 23 0
2790 1395 0 -22 22 0
2790 1395 0 -21 21 0
2790 1395 0 -20 20 0
2790 1395 0 -19 19 0
2790 1395 0 -18 18 0
2790 1395 0 -17 17 0
2790 1395 0 -16 16 0
2790 1395 0 -15 15 0
2790 1395 0 -14 14 0
2790 1395 0 -13 13 0
2790 1395 0 -12 12 0
2790 1395 0 -11 11 0
2790 1395 0 -10 10 0
2790 1395 0 -9 9 0
2790 1395 0 -8 8 0
2790 1395 0 -7 7 0
2790 1395 0 -6 6 0
2790 1395 0 -5 5 0
2790 1395 0 -4 4 0
2790 1395 0 -3 3 0
2790 1395 0 -2 2 0
2790 1395 0 -1 1 0
2790 1395 0 1 -1 0
2790 1395 0 2 -2 0
2790 1395 0 3 -3 0
2790 1395 0 4 -4 0
2790 1395 0 5 -5 0
2790 1395 0 6 -6 0
2790 1395 0 7 -7 0
2790 1395 0 8 -8 0
2790 1395 0 9 -9 0
2790 1395 0 10 -10 0
2790 1395 0 11 -11 0
2790 1395 0 12 -12 0
2790 1395 0 13 -13 0
2790 1395 0 14 -14 0
2790 1395 0 15 -15 0
2790 1395 0 16 -16 0
2790 1395 0 17 -17 0
2790 1395 0 18 -18 0
2790 1395 0 19 -19 0
2790 1395 0 20 -20 0
2790 1395 0 21 -21 0
2790 1395 0 22 -22 0
2790 1395 0 23 -23 0
2790 1395 0 24 -24 0
2790 1395 0 25 -25 0
2790 1395 0 26 -26 0
2790 1395 0 27 -27 0
2790 1395 0 28 -28 0
2790 1395 0 29 -29 0
2790 1395 0 30 -30 0
2790 1395 0 31 -31 0
2790 1395 0 32 -32 0
2790 1395 0 33 -33 0
2790 1395 0 34 -34 0
2790 1395 0 35 -35 0
2790 1395 0 36 -36 0
2790 1395 0 37 -37 0
2790 1395 0 38 -38 0
2790 1395 0 39 -39 0
2790 1395 0 40 -40 0
2790 1395 0 41 -41 0
2790 1395 0 42 -42 0
2790 1395 0 43 -43 0
2790 1395 0 44 -44 0
2790 1395 0 45 -45 0
2790 1395 0 46 -46 0
2790 1395 0 47 -47 0
2790 1395 0 48 -48 0
2790 1395 0 49 -49 0
2790 1395 0 50 -50 0
2790 1395 0 51 -51 0
2790 1395 0 52 -52 0
2790 1395 0 53 -53 0
2790 1395 0 54 -54 0
2790 1395 0 55 -55 0
2790 1395 0 56 -56 0
2790 1395 0 57 -57 0
2790 1395 0 58 -58 0
2790 1395 0 59 -59 0
2790 1395 0 60 -60 0
2790 1395 0 61 -61 0
2790 1395 0 62 -62 0
2790 1395 0 63 -63 0
2790 1395 0 64 -64 0
2790 1395 0 65 -65 0
2790 1395 0 66 -66 0
2790 1395 0 67 -67 0
2790 1395 0 68 -68 0
2790 1395 0 69 -69 0
2790 1395 0 70 -70 0
2790 1395 0 71 -71 0
2790 1395 0 72 -72 0
2790 1395 0 73 -73 0
2790 1395 0 74 -74 0
2790 1395 0 75 -75 0
2790 1395 0 76 -76 0
2790 1395 0 77 -77 0
2790 1395 0 78 -78 0
2790 1395 0 79 -79 0
2790 1395 0 80 -80 0
2790 1395 0 81 -81 0
2790 1395 0 82 -82 0
2790 1395 0 83 -83 0
2790 1395 0 84 -84 0
2790 1395 0 85 -85 0
2790 1395 0 86 -86 0
2790 1395 0 87 -87 0
2790 1395 0 88 -88 0
2790 1395 0 89 -89 0
2790 1395 0 90 -90 0
2790 1395 0 91 -91 0
2790 1395 0 92 -92 0
2790 1395 0 93 -93 0
2790 1395 0 94 -94 0
2790 1395 0 95 -95 0
2790 1395 0 96 -96 0
2790 1395 0 97 -97 0
2790 1395 0 98 -98 0
2790 1395 0 99 -99 0
2790 1395 0 100 -100 0
2790 1395 0 101 -101 0
2790 1395 0 102 -102 0
2790 1395 0 103 -103 0
2790 1395 0 104 -104 0
2790 1395 0 105 -105 0
2790 1395 0 106 -106 0
2790 1395 0 107 -107 0
2790 1395 0 108 -108 0
2790 1395 0 109 -109 0
2790 1395 0 110 -110 0
2790 1395 0 111 -111 0
2790 1395 0 112 -112 0
2790 1395 0 113 -113 0
2790 1395 0 114 -114 0
2790 1395 0 115 -115 0
2790 1395 0 116 -116 0
2790 1395 0 117 -117 0
2790 1395 0 118 -118 0
2790 1395 0 119 -119 0
2790 1395 0 120 -120 0
2790 1395 0 121 -121 0
2790 1395 0 122 -122 0
2790 1395 0 123 -123 0
2790 1395 0 124 -124 0
2790 1395 0 125 -125 0
2790 1395 0 126 -126 0
2790 1395 0 127 -127 0
2790 1395 0 128 -128 0
2790 1395 0 129 -129 0
2790 1395 0 130 -130 0
2790 1395 0 131 -131 0
2790 1395 0 132 -132 0
2790 1395 0 133 -133 0
2790 1395 0 134 -134 0
2790 1395 0 135 -135 0
2790 1395 0 136 -136 0
2790 1395 0 137 -137 0
2790 1395 0 138 -138 0
2790 1395 0 139 -139 0
2790 1395 0 140 -140 0
2790 1395 0 141 -141 0
2790 1395 0 142 -142 0
2790 1395 0 143 -143 0
2790 1395 0 144 -144 0
2790 1395 0 145 -145 0
2790 1395 0 146 -146 0
2790 1395 0 147 -147 0
2790 1395 0 148 -148 0
2790 1395 0 149 -149 0
2790 1395 0 150 -150 0
2792 1396 0 -150 150 0
2792 1396 0 -149 149 0
2792 1396 0 -148 148 0
2792 1396 0 -147 147 0
2792 1396 0 -146 146 0
2792 1396 0 -145 145 0
2792 1396 0 -144 144 0
2792 1396 0 -143 143 0
2792 1396 0 -142 142 0
2792 1396 0 -141 141 0
2792 1396 0 -140 140 0
2792 1396 0 -139 139 0
2792 1396 0 -138 138 0
2792 1396 0 -137 137 0
2792 1396 0 -136 136 0
2792 1396 0 -135 135 0
2792 1396 0 -134 134 0
2792 1396 0 -133 133 0
2792 1396 0 -132 132 0
2792 1396 0 -131 131 0
2792 1396 0 -130 130 0
2792 1396 0 -129 129 0
2792 1396 0 -128 128 0
2792 1396 0 -127 127 0
2792 1396 0 -126 126 0
2792 1396 0 -125 125 0
2792 1396 0 -124 124 0
2792 1396 0 -123 123 0
2792 1396 0 -122 122 0
2792 1396 0 -121 121 0
2792 1396 0 -120 120 0
2792 1396 0 -119 119 0
2792 1396 0 -118 118 0
2792 1396 0 -117 117 0
2792 1396 0 -116 116 0
2792 1396 0 -115 115 0
2792 1396 0 -114 114 0
2792 1396 0 -113 113 0
2792 1396 0 -112 112 0
2792 1396 0 -111 111 0
2792 1396 0 -110 110 0
2792 1396 0 -109 109 0
2792 1396 0 -108 108 0
2792 1396 0 -107 107 0
2792 1396 0 -106 106 0
2792 1396 0 -105 105 0
2792 1396 0 -104 104 0
2792 1396 0 -103 103 0
2792 1396 0 -102 102 0
2792 1396 0 -101 101 0
2792 1396 0 -100 100 0
2792 1396 0 -99 99 0
2792 1396 0 -98 98 0
2792 1396 0 -97 97 0
2792 1396 0 -96 96 0
2792 1396 0 -95 95 0
2792 1396 0 -94 94 0
2792 1396 0 -93 93 0
2792 1396 0 -92 92 0
2792 1396 0 -91 91 0
2792 1396 0 -90 90 0
2792 1396 0 -89 89 0
2792 1396 0 -88 88 0
2792 1396 0 -87 87 0
2792 1396 0 -86 86 0
2792 1396 0 -85 85 0
2792 1396 0 -84 84 0
2792 1396 0 -83 83 0
2792 1396 0 -82 82 0
2792 1396 0 -81 81 0
2792 1396 0 -80 80 0
2792 1396 0 -79 79 0
2792 1396 0 -78 78 0
2792 1396 0 -77 77 0
2792 1396 0 -76 76 0
2792 1396 0 -75 75 0
2792 1396 0 -74 74 0
2792 1396 0 -73 73 0
2792 1396 0 -72 72 0
2792 1396 0 -71 71 0
2792 1396 0 -70 70 0
2792 1396 0 -69 69 0
2792 1396 0 -68 68 0
2792 1396 0 -67 67 0
2792 1396 0 -66 66 0
2792 1396 0 -65 65 0
2792 1396 0 -64 64 0
2792 1396 0 -63 63 0
2792 1396 0 -62 62 0
2792 1396 0 -61 61 0
2792 1396 0 -60 60 0
2792 1396 0 -59 59 0
2792 1396 0 -58 58 0
2792 1396 0 -57 57 0
2792 1396 0 -56 56 0
2792 1396 0 -55 55 0
2792 1396 0 -54 54 0
2792 1396 0 -53 53 0
2792 1396 0 -52 52 0
2792 1396 0 -51 51 0
2792 1396 0 -50 50 0
2792 1396 0 -49 49 0
2792 1396 0 -48 48 0
2792 1396 0 -47 47 0
2792 1396 0 -46 46 0
2792 1396 0 -45 45 0
2792 1396 0 -44 44 0
2792 1396 0 -43 43 0
2792 1396 0 -42 42 0
2792 1396 0 -41 41 0
2792 1396 0 -40 40 0
2792 1396 0 -39 39 0
2792 1396 0 -38 38 0
2792 1396 0 -37 37 0
2792 1396 0 -36 36 0
2792 1396 0 -35 35 0
2792 1396 0 -34 34 0
2792 1396 0 -33 33 0
2792 1396 0 -32 32 0
2792 1396 0 -31 31 0
2792 1396 0 -30 30 0
2792 1396 0 -29 29 0
2792 1396 0 -28 28 0
2792 1396 0 -27 27 0
2792 1396 0 -26 26 0
2792 1396 0 -25 25 0
2792 1396 0 -24 24 0
2792 1396 0 -23 23 0
2792 1396 0 -22 22 0
2792 1396 0 -21 21 0
2792 1396 0 -20 20 0
2792 1396 0 -19 19 0
2792 1396 0 -18 18 0
2792 1396 0 -17 17 0
2792 1396 0 -16 16 0
2792 1396 0 -15 15 0
2792 1396 0 -14 14 0
2792 1396 0 -13 13 0
2792 1396 0 -12 12 0
2792 1396 0 -11 11 0
2792 1396 0 -10 10 0
2792 1396 0 -9 9 0
2792 1396 0 -8 8 0
2792 1396 0 -7 7 0
2792 1396 0 -6 6 0
2792 1396 0 -5 5 0
2792 1396 0 -4 4 0
2792 1396 0 -3 3 0
2792 1396 0 -2 2 0
2792 1396 0 -1 1 0
2792 1396 0 1 -1 0
2792 1396 0 2 -2 0
2792 1396 0 3 -3 0
2792 1396 0 4 -4 0
2792 1396 0 5 -5 0
2792 1396 0 6 -6 0
2792 1396 0 7 -7 0
2792 1396 0 8 -8 0
2792 1396 0 9 -9 0
2792 1396 0 10 -10 0
2792 1396 0 11 -11 0
2792 1396 0 12 -12 0
2792 1396 0 13 -13 0
2792 1396 0 14 -14 0
2792 1396 0 15 -15 0
2792 1396 0 16 -16 0
2792 1396 0 17 -17 0
2792 1396 0 18 -18 0
2792 1396 0 19 -19 0
2792 1396 0 20 -20 0
2792 1396 0 21 -21 0
2792 1396 0 22 -22 0
2792 1396 0 23 -23 0
2792 1396 0 24 -24 0
2792 1396 0 25 -25 0
2792 1396 0 26 -26 0
2792 1396 0 27 -27 0
2792 1396 0 28 -28 0
2792 1396 0 29 -29 0
2792 1396 0 30 -30 0
2792 1396 0 31 -31 0
2792 1396 0 32 -32 0
2792 1396 0 33 -33 0
2792 1396 0 34 -34 0
2792 1396 0 35 -35 0
2792 1396 0 36 -36 0
2792 1396 0 37 -37 0
2792 1396 0 38 -38 0
2792 1396 0 39 -39 0
2792 1396 0 40 -40 0
2792 1396 0 41 -41 0
2792 1396 0 42 -42 0
2792 1396 0 43 -43 0
2792 1396 0 44 -44 0
2792 1396 0 45 -45 0
2792 1396 0 46 -46 0
2792 1396 0 47 -47 0
2792 1396 0 48 -48 0
2792 1396 0 49 -49 0
2792 1396 0 50 -50 0
2792 1396 0 51 -51 0
2792 1396 0 52 -52 0
2792 1396 0 53 -53 0
2792 1396 0 54 -54 0
2792 1396 0 55 -55 0
2792 1396 0 56 -56 0
2792 1396 0 57 -57 0
2792 1396 0 58 -58 0
2792 1396 0 59 -59 0
2792 1396 0 60 -60 0
2792 1396 0 61 -61 0
2792 1396 0 62 -62 0
2792 1396 0 63 -63 0
2792 1396 0 64 -64 0
2792 1396 0 65 -65 0
2792 1396 0 66 -66 0
2792 1396 0 67 -67 0
2792 1396 0 68 -68 0
2792 1396 0 69 -69 0
2792 1396 0 70 -70 0
2792 1396 0 71 -71 0
2792 1396 0 72 -72 0
2792 1396 0 73 -73 0
2792 1396 0 74 -74 0
2792 1396 0 75 -75 0
2792 1396 0 76 -76 0
2792 1396 0 77 -77 0
2792 1396 0 78 -78 0
2792 1396 0 79 -79 0
2792 1396 0 80 -80 0
2792 1396 0 81 -81 0
2792 1396 0 82 -82 0
2792 1396 0 83 -83 0
2792 1396 0 84 -84 0
2792 1396 0 85 -85 0
2792 1396 0 86 -86 0
2792 1396 0 87 -87 0
2792 1396 0 88 -88 0
2792 1396 0 89 -89 0
2792 1396 0 90 -90 0
2792 1396 0 91 -91 0
2792 1396 0 92 -92 0
2792 1396 0 93 -93 0
2792 1396 0 94 -94 0
2792 1396 0 95 -95 0
2792 1396 0 96 -96 0
2792 1396 0 97 -97 0
2792 1396 0 98 -98 0
2792 1396 0 99 -99 0
2792 1396 0 100 -100 0
2792 1396 0 101 -101 0
2792 1396 0 102 -102 0
2792 1396 0 103 -103 0
2792 1396 0 104 -104 0
2792 1396 0 105 -105 0
2792 1396 0 106 -106 0
2792 1396 0 107 -107 0
2792 1396 0 108 -108 0
2792 1396 0 109 -109 0
2792 1396 0 110 -110 0
2792 1396 0 111 -111 0
2792 1396 0 112 -112 0
2792 1396 0 113 -113 0
2792 1396 0 114 -114 0
2792 1396 0 115 -115 0
2792 1396 0 116 -116 0
2792 1396 0 117 -117 0
2792 1396 0 118 -118 0
2792 1396 0 119 -119 0
2792 1396 0 120 -120 0
2792 1396 0 121 -121 0
2792 1396 0 122 -122 0
2792 1396 0 123 -123 0
2792 1396 0 124 -124 0
2792 1396 0 125 -125 0
2792 1396 0 126 -126 0
2792 1396 0 127 -127 0
2792 1396 0 128 -128 0
2792 1396 0 129 -129 0
2792 1396 0 130 -130 0
2792 1396 0 131 -131 0
2792 1396 0 132 -132 0
2792 1396 0 133 -133 0
2792 1396 0 134 -134 0
2792 1396 0 135 -135 0
2792 1396 0 136 -136 0
2792 1396 0 137 -137 0
2792 1396 0 138 -138 0
2792 1396 0 139 -139 0
2792 1396 0 140 -140 0
2792 1396 0 141 -141 0
2792 1396 0 142 -142 0
2792 1396 0 143 -143 0
2792 1396 0 144 -144 0
2792 1396 0 145 -145 0
2792 1396 0 146 -146 0
2792 1396 0 147 -147 0
2792 1396 0 148 -148 0
2792 1396 0 149 -149 0
2792 1396 0 150 -150 0
2794 1397 0 -150 150 0
2794 1397 0 -149 149 0
2794 1397 0 -148 148 0
2794 1397 0 -147 147 0
2794 1397 0 -146 146 0
2794 1397 0 -145 145 0
2794 1397 0 -144 144 0
2794 1397 0 -143 143 0
2794 1397 0 -142 142 0
2794 1397 0 -141 141 0
2794 1397 0 -140 140 0
2794 1397 0 -139 139 0
2794 1397 0 -138 138 0
2794 1397 0 -137 137 0
2794 1397 0 -136 136 0
2794 1397 0 -135 135 0
2794 1397 0 -134 134 0
2794 1397 0 -133 133 0
2794 1397 0 -132 132 0
2794 1397 0 -131 131 0
2794 1397 0 -130 130 0
2794 1397 0 -129 129 0
2794 1397 0 -128 128 0
2794 1397 0 -127 127 0
2794 1397 0 -126 126 0
2794 1397 0 -125 125 0
2794 1397 0 -124 124 0
2794 1397 0 -123 123 0
2794 1397 0 -122 122 0
2794 1397 0 -121 121 0
2794 1397 0 -120 120 0
2794 1397 0 -119 119 0
2794 1397 0 -118 118 0
2794 1397 0 -117 117 0
2794 1397 0 -116 116 0
2794 1397 0 -115 115 0
2794 1397 0 -114 114 0
2794 1397 0 -113 113 0
2794 1397 0 -112 112 0
2794 1397 0 -111 111 0
2794 1397 0 -110 110 0
2794 1397 0 -109 109 0
2794 1397 0 -108 108 0
2794 1397 0 -107 107 0
2794 1397 0 -106 106 0
2794 1397 0 -105 105 0
2794 1397 0 -104 104 0
2794 1397 0 -103 103 0
2794 1397 0 -102 102 0
2794 1397 0 -101 101 0
2794 1397 0 -100 100 0
2794 1397 0 -99 99 0
2794 1397 0 -98 98 0
2794 1397 0 -97 97 0
2794 1397 0 -96 96 0
2794 1397 0 -95 95 0
2794 1397 0 -94 94 0
2794 1397 0 -93 93 0
2794 1397 0 -92 92 0
2794 1397 0 -91 91 0
2794 1397 0 -90 90 0
2794 1397 0 -89 89 0
2794 1397 0 -88 88 0
2794 1397 0 -87 87 0
2794 1397 0 -86 86 0
2794 1397 0 -85 85 0
2794 1397 0 -84 84 0
2794 1397 0 -83 83 0
2794 1397 0 -82 82 0
2794 1397 0 -81 81 0
2794 1397 0 -80 80 0
2794 1397 0 -79 79 0
2794 1397 0 -78 78 0
2794 1397 0 -77 77 0
2794 1397 0 -76 76 0
2794 1397 0 -75 75 0
2794 1397 0 -74 74 0
2794 1397 0 -73 73 0
2794 1397 0 -72 72 0
2794 1397 0 -71 71 0
2794 1397 0 -70 70 0
2794 1397 0 -69 69 0
2794 1397 0 -68 68 0
2794 1397 0 -67 67 0
2794 1397 0 -66 66 0
2794 1397 0 -65 65 0
2794 1397 0 -64 64 0
2794 1397 0 -63 63 0
2794 1397 0 -62 62 0
2794 1397 0 -61 61 0
2794 1397 0 -60 60 0
2794 1397 0 -59 59 0
2794 1397 0 -58 58 0
2794 1397 0 -57 57 0
2794 1397 0 -56 56 0
2794 1397 0 -55 55 0
2794 1397 0 -54 54 0
2794 1397 0 -53 53 0
2794 1397 0 -52 52 0
2794 1397 0 -51 51 0
2794 1397 0 -50 50 0
2794 1397 0 -49 49 0
2794 1397 0 -48 48 0
2794 1397 0 -47 47 0
2794 1397 0 -46 46 0
2794 1397 0 -45 45 0
2794 1397 0 -44 44 0
2794 1397 0 -43 43 0
2794 1397 0 -42 42 0
2794 1397 0 -41 41 0
2794 1397 0 -40 40 0
2794 1397 0 -39 39 0
2794 1397 0 -38 38 0
2794 1397 0 -37 37 0
2794 1397 0 -36 36 0
2794 1397 0 -35 35 0
2794 1397 0 -34 34 0
2794 1397 0 -33 33 0
2794 1397 0 -32 32 0
2794 1397 0 -31 31 0
2794 1397 0 -30 30 0
2794 1397 0 -29 29 0
2794 1397 0 -28 28 0
2794 1397 0 -27 27 0
2794 1397 0 -26 26 0
2794 1397 0 -25 25 0
2794 1397 0 -24 24 0
2794 1397 0 -23 23 0
2794 1397 0 -22 22 0
2794 1397 0 -21 21 0
2794 1397 0 -20 20 0
2794 1397 0 -19 19 0
2794 1397 0 -18 18 0
2794 1397 0 -17 17 0
2794 1397 0 -16 16 0
2794 1397 0 -15 15 0
2794 1397 0 -14 14 0
2794 1397 0 -13 13 0
2794 1397 0 -12 12 0
2794 1397 0 -11 11 0
2794 1397 0 -10 10 0
2794 1397 0 -9 9 0
2794 1397 0 -8 8 0
2794 1397 0 -7 7 0
2794 1397 0 -6 6 0
2794 1397 0 -5 5 0
2794 1397 0 -4 4 0
2794 1397 0 -3 3 0
2794 1397 0 -2 2 0
2794 1397 0 -1 1 0
2794 1397 0 1 -1 0
2794 1397 0 2 -2 0
2794 1397 0 3 -3 0
2794 1397 0 4 -4 0
2794 1397 0 5 -5 0
2794 1397 0 6 -6 0
2794 1397 0 7 -7 0
2794 1397 0 8 -8 0
2794 1397 0 9 -9 0
2794 1397 0 10 -10 0
2794 1397 0 11 -11 0
2794 1397 0 12 -12 0
2794 1397 0 13 -13 0
2794 1397 0 14 -14 0
2794 1397 0 15 -15 0
2794 1397 0 16 -16 0
2794 1397 0 17 -17 0
2794 1397 0 18 -18 0
2794 1397 0 19 -19 0
2794 1397 0 20 -20 0
2794 1397 0 21 -21 0
2794 1397 0 22 -22 0
2794 1397 0 23 -23 0
2794 1397 0 24 -24 0
2794 1397 0 25 -25 0
2794 1397 0 26 -26 0
2794 1397 0 27 -27 0
2794 1397 0 28 -28 0
2794 1397 0 29 -29 0
2794 1397 0 30 -30 0
2794 1397 0 31 -31 0
2794 1397 0 32 -32 0
2794 1397 0 33 -33 0
2794 1397 0 34 -34 0
2794 1397 0 35 -35 0
2794 1397 0 36 -36 0
2794 1397 0 37 -37 0
2794 1397 0 38 -38 0
2794 1397 0 39 -39 0
2794 1397 0 40 -40 0
2794 1397 0 41 -41 0
2794 1397 0 42 -42 0
2794 1397 0 43 -43 0
2794 1397 0 44 -44 0
2794 1397 0 45 -45 0
2794 1397 0 46 -46 0
2794 1397 0 47 -47 0
2794 1397 0 48 -48 0
2794 1397 0 49 -49 0
2794 1397 0 50 -50 0
2794 1397 0 51 -51 0
2794 1397 0 52 -52 0
2794 1397 0 53 -53 0
2794 1397 0 54 -54 0
2794 1397 0 55 -55 0
2794 1397 0 56 -56 0
2794 1397 0 57 -57 0
2794 1397 0 58 -58 0
2794 1397 0 59 -59 0
2794 1397 0 60 -60 0
2794 1397 0 61 -61 0
2794 1397 0 62 -62 0
2794 1397 0 63 -63 0
2794 1397 0 64 -64 0
2794 1397 0 65 -65 0
2794 1397 0 66 -66 0
2794 1397 0 67 -67 0
2794 1397 0 68 -68 0
2794 1397 0 69 -69 0
2794 1397 0 70 -70 0
2794 1397 0 71 -71 0
2794 1397 0 72 -72 0
2794 1397 0 73 -73 0
2794 1397 0 74 -74 0
2794 1397 0 75 -75 0
2794 1397 0 76 -76 0
2794 1397 0 77 -77 0
2794 1397 0 78 -78 0
2794 1397 0 79 -79 0
2794 1397 0 80 -80 0
2794 1397 0 81 -81 0
2794 1397 0 82 -82 0
2794 1397 0 83 -83 0
2794 1397 0 84 -84 0
2794 1397 0 85 -85 0
2794 1397 0 86 -86 0
2794 1397 0 87 -87 0
2794 1397 0 88 -88 0
2794 1397 0 89 -89 0
2794 1397 0 90 -90 0
2794 1397 0 91 -91 0
2794 1397 0 92 -92 0
2794 1397 0 93 -93 0
2794 1397 0 94 -94 0
2794 1397 0 95 -95 0
2794 1397 0 96 -96 0
2794 1397 0 97 -97 0
2794 1397 0 98 -98 0
2794 1397 0 99 -99 0
2794 1397 0 100 -100 0
2794 1397 0 101 -101 0
2794 1397 0 102 -102 0
2794 1397 0 103 -103 0
2794 1397 0 104 -104 0
2794 1397 0 105 -105 0
2794 1397 0 106 -106 0
2794 1397 0 107 -107 0
2794 1397 0 108 -108 0
2794 1397 0 109 -109 0
2794 1397 0 110 -110 0
2794 1397 0 111 -111 0
2794 1397 0 112 -112 0
2794 1397 0 113 -113 0
2794 1397 0 114 -114 0
2794 1397 0 115 -115 0
2794 1397 0 116 -116 0
2794 1397 0 117 -117 0
2794 1397 0 118 -118 0
2794 1397 0 119 -119 0
2794 1397 0 120 -120 0
2794 1397 0 121 -121 0
2794 1397 0 122 -122 0
2794 1397 0 123 -123 0
2794 1397 0 124 -124 0
2794 1397 0 125 -125 0
2794 1397 0 126 -126 0
2794 1397 0 127 -127 0
2794 1397 0 128 -128 0
2794 1397 0 129 -129 0
2794 1397 0 130 -130 0
2794 1397 0 131 -131 0
2794 1397 0 132 -132 0
2794 1397 0 133 -133 0
2794 1397 0 134 -134 0
2794 1397 0 135 -135 0
2794 1397 0 136 -136 0
2794 1397 0 137 -137 0
2794 1397 0 138 -138 0
2794 1397 0 139 -139 0
2794 1397 0 140 -140 0
2794 1397 0 141 -141 0
2794 1397 0 142 -142 0
2794 1397 0 143 -143 0
2794 1397 0 144 -144 0
2794 1397 0 145 -145 0
2794 1397 0 146 -146 0
2794 1397 0 147 -147 0
2794 1397 0 148 -148 0
2794 1397 0 149 -149 0
2794 1397 0 150 -150 0
2796 1398 0 -150 150 0
2796 1398 0 -149 149 0
2796 1398 0 -148 148 0
2796 1398 0 -147 147 0
2796 1398 0 -146 146 0
2796 1398 0 -145 145 0
2796 1398 0 -144 144 0
2796 1398 0 -143 143 0
2796 1398 0 -142 142 0
2796 1398 0 -141 141 0
2796 1398 0 -140 140 0
2796 1398 0 -139 139 0
2796 1398 0 -138 138 0
2796 1398 0 -137 137 0
2796 1398 0 -136 136 0
2796 1398 0 -135 135 0
2796 1398 0 -134 134 0
2796 1398 0 -133 133 0
2796 1398 0 -132 132 0
2796 1398 0 -131 131 0
2796 1398 0 -130 130 0
2796 1398 0 -129 129 0
2796 1398 0 -128 128 0
2796 1398 0 -127 127 0
2796 1398 0 -126 126 0
2796 1398 0 -125 125 0
2796 1398 0 -124 124 0
2796 1398 0 -123 123 0
2796 1398 0 -122 122 0
2796 1398 0 -121 121 0
2796 1398 0 -120 120 0
2796 1398 0 -119 119 0
2796 1398 0 -118 118 0
2796 1398 0 -117 117 0
2796 1398 0 -116 116 0
2796 1398 0 -115 115 0
2796 1398 0 -114 114 0
2796 1398 0 -113 113 0
2796 1398 0 -112 112 0
2796 1398 0 -111 111 0
2796 1398 0 -110 110 0
2796 1398 0 -109 109 0
2796 1398 0 -108 108 0
2796 1398 0 -107 107 0
2796 1398 0 -106 106 0
2796 1398 0 -105 105 0
2796 1398 0 -104 104 0
2796 1398 0 -103 103 0
2796 1398 0 -102 102 0
2796 1398 0 -101 101 0
2796 1398 0 -100 100 0
2796 1398 0 -99 99 0
2796 1398 0 -98 98 0
2796 1398 0 -97 97 0
2796 1398 0 -96 96 0
2796 1398 0 -95 95 0
2796 1398 0 -94 94 0
2796 1398 0 -93 93 0
2796 1398 0 -92 92 0
2796 1398 0 -91 91 0
2796 1398 0 -90 90 0
2796 1398 0 -89 89 0
2796 1398 0 -88 88 0
2796 1398 0 -87 87 0
2796 1398 0 -86 86 0
2796 1398 0 -85 85 0
2796 1398 0 -84 84 0
2796 1398 0 -83 83 0
2796 1398 0 -82 82 0
2796 1398 0 -81 81 0
2796 1398 0 -80 80 0
2796 1398 0 -79 79 0
2796 1398 0 -78 78 0
2796 1398 0 -77 77 0
2796 1398 0 -76 76 0
2796 1398 0 -75 75 0
2796 1398 0 -74 74 0
2796 1398 0 -73 73 0
2796 1398 0 -72 72 0
2796 1398 0 -71 71 0
2796 1398 0 -70 70 0
2796 1398 0 -69 69 0
2796 1398 0 -68 68 0
2796 1398 0 -67 67 0
2796 1398 0 -66 66 0
2796 1398 0 -65 65 0
2796 1398 0 -64 64 0
2796 1398 0 -63 63 0
2796 1398 0 -62 62 0
2796 1398 0 -61 61 0
2796 1398 0 -60 60 0
2796 1398 0 -59 59 0
2796 1398 0 -58 58 0
2796 1398 0 -57 57 0
2796 1398 0 -56 56 0
2796 1398 0 -55 55 0
2796 1398 0 -54 54 0
2796 1398 0 -53 53 0
2796 1398 0 -52 52 0
2796 1398 0 -51 51 0
2796 1398 0 -50 50 0
2796 1398 0 -49 49 0
2796 1398 0 -48 48 0
2796 1398 0 -47 47 0
2796 1398 0 -46 46 0
2796 1398 0 -45 45 0
2796 1398 0 -44 44 0
2796 1398 0 -43 43 0
2796 1398 0 -42 42 0
2796 1398 0 -41 41 0
2796 1398 0 -40 40 0
2796 1398 0 -39 39 0
2796 1398 0 -38 38 0
2796 1398 0 -37 37 0
2796 1398 0 -36 36 0
2796 1398 0 -35 35 0
2796 1398 0 -34 34 0
2796 1398 0 -33 33 0
2796 1398 0 -32 32 0
2796 1398 0 -31 31 0
2796 1398 0 -30 30 0
2796 1398 0 -29 29 0
2796 1398 0 -28 28 0
2796 1398 0 -27 27 0
2796 1398 0 -26 26 0
2796 1398 0 -25 25 0
2796 1398 0 -24 24 0
2796 1398 0 -23 23 0
2796 1398 0 -22 22 0
2796 1398 0 -21 21 0
2796 1398 0 -20 20 0
2796 1398 0 -19 19 0
2796 1398 0 -18 18 0
2796 1398 0 -17 17 0
2796 1398 0 -16 16 0
2796 1398 0 -15 15 0
2796 1398 0 -14 14 0
2796 1398 0 -13 13 0
2796 1398 0 -12 12 0
2796 1398 0 -11 11 0
2796 1398 0 -10 10 0
2796 1398 0 -9 9 0
2796 1398 0 -8 8 0
2796 1398 0 -7 7 0
2796 1398 0 -6 6 0
2796 1398 0 -5 5 0
2796 1398 0 -4 4 0
2796 1398 0 -3 3 0
2796 1398 0 -2 2 0
2796 1398 0 -1 1 0
2796 1398 0 1 -1 0
2796 1398 0 2 -2 0
2796 1398 0 3 -3 0
2796 1398 0 4 -4 0
2796 1398 0 5 -5 0
2796 1398 0 6 -6 0
2796 1398 0 7 -7 0
2796 1398 0 8 -8 0
2796 1398 0 9 -9 0
2796 1398 0 10 -10 0
2796 1398 0 11 -11 0
2796 1398 0 12 -12 0
2796 1398 0 13 -13 0
2796 1398 0 14 -14 0
2796 1398 0 15 -15 0
2796 1398 0 16 -16 0
2796 1398 0 17 -17 0
2796 1398 0 18 -18 0
2796 1398 0 19 -19 0
2796 1398 0 20 -20 0
2796 1398 0 21 -21 0
2796 1398 0 22 -22 0
2796 1398 0 23 -23 0
2796 1398 0 24 -24 0
2796 1398 0 25 -25 0
2796 1398 0 26 -26 0
2796 1398 0 27 -27 0
2796 1398 0 28 -28 0
2796 1398 0 29 -29 0
2796 1398 0 30 -30 0
2796 1398 0 31 -31 0
2796 1398 0 32 -32 0
2796 1398 0 33 -33 0
2796 1398 0 34 -34 0
2796 1398 0 35 -35 0
2796 1398 0 36 -36 0
2796 1398 0 37 -37 0
2796 1398 0 38 -38 0
2796 1398 0 39 -39 0
2796 1398 0 40 -40 0
2796 1398 0 41 -41 0
2796 1398 0 42 -42 0
2796 1398 0 43 -43 0
2796 1398 0 44 -44 0
2796 1398 0 45 -45 0
2796 1398 0 46 -46 0
2796 1398 0 47 -47 0
2796 1398 0 48 -48 0
2796 1398 0 49 -49 0
2796 1398 0 50 -50 0
2796 1398 0 51 -51 0
2796 1398 0 52 -52 0
2796 1398 0 53 -53 0
2796 1398 0 54 -54 0
2796 1398 0 55 -55 0
2796 1398 0 56 -56 0
2796 1398 0 57 -57 0
2796 1398 0 58 -58 0
2796 1398 0 59 -59 0
2796 1398 0 60 -60 0
2796 1398 0 61 -61 0
2796 1398 0 62 -62 0
2796 1398 0 63 -63 0
2796 1398 0 64 -64 0
2796 1398 0 65 -65 0
2796 1398 0 66 -66 0
2796 1398 0 67 -67 0
2796 1398 0 68 -68 0
2796 1398 0 69 -69 0
2796 1398 0 70 -70 0
2796 1398 0 71 -71 0
2796 1398 0 72 -72 0
2796 1398 0 73 -73 0
2796 1398 0 74 -74 0
2796 1398 0 75 -75 0
2796 1398 0 76 -76 0
2796 1398 0 77 -77 0
2796 1398 0 78 -78 0
2796 1398 0 79 -79 0
2796 1398 0 80 -80 0
2796 1398 0 81 -81 0
2796 1398 0 82 -82 0
2796 1398 0 83 -83 0
2796 1398 0 84 -84 0
2796 1398 0 85 -85 0
2796 1398 0 86 -86 0
2796 1398 0 87 -87 0
2796 1398 0 88 -88 0
2796 1398 0 89 -89 0
2796 1398 0 90 -90 0
2796 1398 0 91 -91 0
2796 1398 0 92 -92 0
2796 1398 0 93 -93 0
2796 1398 0 94 -94 0
2796 1398 0 95 -95 0
2796 1398 0 96 -96 0
2796 1398 0 97 -97 0
2796 1398 0 98 -98 0
2796 1398 0 99 -99 0
2796 1398 0 100 -100 0
2796 1398 0 101 -101 0
2796 1398 0 102 -102 0
2796 1398 0 103 -103 0
2796 1398 0 104 -104 0
2796 1398 0 105 -105 0
2796 1398 0 106 -106 0
2796 1398 0 107 -107 0
2796 1398 0 108 -108 0
2796 1398 0 109 -109 0
2796 1398 0 110 -110 0
2796 1398 0 111 -111 0
2796 1398 0 112 -112 0
2796 1398 0 113 -113 0
2796 1398 0 114 -114 0
2796 1398 0 115 -115 0
2796 1398 0 116 -116 0
2796 1398 0 117 -117 0
2796 1398 0 118 -118 0
2796 1398 0 119 -119 0
2796 1398 0 120 -120 0
2796 1398 0 121 -121 0
2796 1398 0 122 -122 0
2796 1398 0 123 -123 0
2796 1398 0 124 -124 0
2796 1398 0 125 -125 0
2796 1398 0 126 -126 0
2796 1398 0 127 -127 0
2796 1398 0 128 -128 0
2796 1398 0 129 -129 0
2796 1398 0 130 -130 0
2796 1398 0 131 -131 0
2796 1398 0 132 -132 0
2796 1398 0 133 -133 0
2796 1398 0 134 -134 0
2796 1398 0 135 -135 0
2796 1398 0 136 -136 0
2796 1398 0 137 -137 0
2796 1398 0 138 -138 0
2796 1398 0 139 -139 0
2796 1398 0 140 -140 0
2796 1398 0 141 -141 0
2796 1398 0 142 -142 0
2796 1398 0 143 -143 0
2796 1398 0 144 -144 0
2796 1398 0 145 -145 0
2796 1398 0 146 -146 0
2796 1398 0 147 -147 0
2796 1398 0 148 -148 0
2796 1398 0 149 -149 0
2796 1398 0 150 -150 0
2798 1399 0 -150 150 0
2798 1399 0 -149 149 0
2798 1399 0 -148 148 0
2798 1399 0 -147 147 0
2798 1399 0 -146 146 0
2798 1399 0 -145 145 0
2798 1399 0 -144 144 0
2798 1399 0 -143 143 0
2798 1399 0 -142 142 0
2798 1399 0 -141 141 0
2798 1399 0 -140 140 0
2798 1399 0 -139 139 0
2798 1399 0 -138 138 0
2798 1399 0 -137 137 0
2798 1399 0 -136 136 0
2798 1399 0 -135 135 0
2798 1399 0 -134 134 0
2798 1399 0 -133 133 0
2798 1399 0 -132 132 0
2798 1399 0 -131 131 0
2798 1399 0 -130 130 0
2798 1399 0 -129 129 0
2798 1399 0 -128 128 0
2798 1399 0 -127 127 0
2798 1399 0 -126 126 0
2798 1399 0 -125 125 0
2798 1399 0 -124 124 0
2798 1399 0 -123 123 0
2798 1399 0 -122 122 0
2798 1399 0 -121 121 0
2798 1399 0 -120 120 0
2798 1399 0 -119 119 0
2798 1399 0 -118 118 0
2798 1399 0 -117 117 0
2798 1399 0 -116 116 0
2798 1399 0 -115 115 0
2798 1399 0 -114 114 0
2798 1399 0 -113 113 0
2798 1399 0 -112 112 0
2798 1399 0 -111 111 0
2798 1399 0 -110 110 0
2798 1399 0 -109 109 0
2798 1399 0 -108 108 0
2798 1399 0 -107 107 0
2798 1399 0 -106 106 0
2798 1399 0 -105 105 0
2798 1399 0 -104 104 0
2798 1399 0 -103 103 0
2798 1399 0 -102 102 0
2798 1399 0 -101 101 0
2798 1399 0 -100 100 0
2798 1399 0 -99 99 0
2798 1399 0 -98 98 0
2798 1399 0 -97 97 0
2798 1399 0 -96 96 0
2798 1399 0 -95 95 0
2798 1399 0 -94 94 0
2798 1399 0 -93 93 0
2798 1399 0 -92 92 0
2798 1399 0 -91 91 0
2798 1399 0 -90 90 0
2798 1399 0 -89 89 0
2798 1399 0 -88 88 0
2798 1399 0 -87 87 0
2798 1399 0 -86 86 0
2798 1399 0 -85 85 0
2798 1399 0 -84 84 0
2798 1399 0 -83 83 0
2798 1399 0 -82 82 0
2798 1399 0 -81 81 0
2798 1399 0 -80 80 0
2798 1399 0 -79 79 0
2798 1399 0 -78 78 0
2798 1399 0 -77 77 0
2798 1399 0 -76 76 0
2798 1399 0 -75 75 0
2798 1399 0 -74 74 0
2798 1399 0 -73 73 0
2798 1399 0 -72 72 0
2798 1399 0 -71 71 0
2798 1399 0 -70 70 0
2798 1399 0 -69 69 0
2798 1399 0 -68 68 0
2798 1399 0 -67 67 0
2798 1399 0 -66 66 0
2798 1399 0 -65 65 0
2798 1399 0 -64 64 0
2798 1399 0 -63 63 0
2798 1399 0 -62 62 0
2798 1399 0 -61 61 0
2798 1399 0 -60 60 0
2798 1399 0 -59 59 0
2798 1399 0 -58 58 0
2798 1399 0 -57 57 0
2798 1399 0 -56 56 0
2798 1399 0 -55 55 0
2798 1399 0 -54 54 0
2798 1399 0 -53 53 0
2798 1399 0 -52 52 0
2798 1399 0 -51 51 0
2798 1399 0 -50 50 0
2798 1399 0 -49 49 0
2798 1399 0 -48 48 0
2798 1399 0 -47 47 0
2798 1399 0 -46 46 0
2798 1399 0 -45 45 0
2798 1399 0 -44 44 0
2798 1399 0 -43 43 0
2798 1399 0 -42 42 0
2798 1399 0 -41 41 0
2798 1399 0 -40 40 0
2798 1399 0 -39 39 0
2798 1399 0 -38 38 0
2798 1399 0 -37 37 0
2798 1399 0 -36 36 0
2798 1399 0 -35 35 0
2798 1399 0 -34 34 0
2798 1399 0 -33 33 0
2798 1399 0 -32 32 0
2798 1399 0 -31 31 0
2798 1399 0 -30 30 0
2798 1399 0 -29 29 0
2798 1399 0 -28 28 0
2798 1399 0 -27 27 0
2798 1399 0 -26 26 0
2798 1399 0 -25 25 0
2798 1399 0 -24 24 0
2798 1399 0 -23 23 0
2798 1399 0 -22 22 0
2798 1399 0 -21 21 0
2798 1399 0 -20 20 0
2798 1399 0 -19 19 0
2798 1399 0 -18 18 0
2798 1399 0 -17 17 0
2798 1399 0 -16 16 0
2798 1399 0 -15 15 0
2798 1399 0 -14 14 0
2798 1399 0 -13 13 0
2798 1399 0 -12 12 0
2798 1399 0 -11 11 0
2798 1399 0 -10 10 0
2798 1399 0 -9 9 0
2798 1399 0 -8 8 0
2798 1399 0 -7 7 0
2798 1399 0 -6 6 0
2798 1399 0 -5 5 0
2798 1399 0 -4 4 0
2798 1399 0 -3 3 0
2798 1399 0 -2 2 0
2798 1399 0 -1 1 0
2798 1399 0 1 -1 0
2798 1399 0 2 -2 0
2798 1399 0 3 -3 0
2798 1399 0 4 -4 0
2798 1399 0 5 -5 0
2798 1399 0 6 -6 0
2798 1399 0 7 -7 0
2798 1399 0 8 -8 0
2798 1399 0 9 -9 0
2798 1399 0 10 -10 0
2798 1399 0 11 -11 0
2798 1399 0 12 -12 0
2798 1399 0 13 -13 0
2798 1399 0 14 -14 0
2798 1399 0 15 -15 0
2798 1399 0 16 -16 0
2798 1399 0 17 -17 0
2798 1399 0 18 -18 0
2798 1399 0 19 -19 0
2798 1399 0 20 -20 0
2798 1399 0 21 -21 0
2798 1399 0 22 -22 0
2798 1399 0 23 -23 0
2798 1399 0 24 -24 0
2798 1399 0 25 -25 0
2798 1399 0 26 -26 0
2798 1399 0 27 -27 0
2798 1399 0 28 -28 0
2798 1399 0 29 -29 0
2798 1399 0 30 -30 0
2798 1399 0 31 -31 0
2798 1399 0 32 -32 0
2798 1399 0 33 -33 0
2798 1399 0 34 -34 0
2798 1399 0 35 -35 0
2798 1399 0 36 -36 0
2798 1399 0 37 -37 0
2798 1399 0 38 -38 0
2798 1399 0 39 -39 0
2798 1399 0 40 -40 0
2798 1399 0 41 -41 0
2798 1399 0 42 -42 0
2798 1399 0 43 -43 0
2798 1399 0 44 -44 0
2798 1399 0 45 -45 0
2798 1399 0 46 -46 0
2798 1399 0 47 -47 0
2798 1399 0 48 -48 0
2798 1399 0 49 -49 0
2798 1399 0 50 -50 0
2798 1399 0 51 -51 0
2798 1399 0 52 -52 0
2798 1399 0 53 -53 0
2798 1399 0 54 -54 0
2798 1399 0 55 -55 0
2798 1399 0 56 -56 0
2798 1399 0 57 -57 0
2798 1399 0 58 -58 0
2798 1399 0 59 -59 0
2798 1399 0 60 -60 0
2798 1399 0 61 -61 0
2798 1399 0 62 -62 0
2798 1399 0 63 -63 0
2798 1399 0 64 -64 0
2798 1399 0 65 -65 0
2798 1399 0 66 -66 0
2798 1399 0 67 -67 0
2798 1399 0 68 -68 0
2798 1399 0 69 -69 0
2798 1399 0 70 -70 0
2798 1399 0 71 -71 0
2798 1399 0 72 -72 0
2798 1399 0 73 -73 0
2798 1399 0 74 -74 0
2798 1399 0 75 -75 0
2798 1399 0 76 -76 0
2798 1399 0 77 -77 0
2798 1399 0 78 -78 0
2798 1399 0 79 -79 0
2798 1399 0 80 -80 0
2798 1399 0 81 -81 0
2798 1399 0 82 -82 0
2798 1399 0 83 -83 0
2798 1399 0 84 -84 0
2798 1399 0 85 -85 0
2798 1399 0 86 -86 0
2798 1399 0 87 -87 0
2798 1399 0 88 -88 0
2798 1399 0 89 -89 0
2798 1399 0 90 -90 0
2798 1399 0 91 -91 0
2798 1399 0 92 -92 0
2798 1399 0 93 -93 0
2798 1399 0 94 -94 0
2798 1399 0 95 -95 0
2798 1399 0 96 -96 0
2798 1399 0 97 -97 0
2798 1399 0 98 -98 0
2798 1399 0 99 -99 0
2798 1399 0 100 -100 0
2798 1399 0 101 -101 0
2798 1399 0 102 -102 0
2798 1399 0 103 -103 0
2798 1399 0 104 -104 0
2798 1399 0 105 -105 0
2798 1399 0 106 -106 0
2798 1399 0 107 -107 0
2798 1399 0 108 -108 0
2798 1399 0 109 -109 0
2798 1399 0 110 -110 0
2798 1399 0 111 -111 0
2798 1399 0 112 -112 0
2798 1399 0 113 -113 0
2798 1399 0 114 -114 0
2798 1399 0 115 -115 0
2798 1399 0 116 -116 0
2798 1399 0 117 -117 0
2798 1399 0 118 -118 0
2798 1399 0 119 -119 0
2798 1399 0 120 -120 0
2798 1399 0 121 -121 0
2798 1399 0 122 -122 0
2798 1399 0 123 -123 0
2798 1399 0 124 -124 0
2798 1399 0 125 -125 0
2798 1399 0 126 -126 0
2798 1399 0 127 -127 0
2798 1399 0 128 -128 0
2798 1399 0 129 -129 0
2798 1399 0 130 -130 0
2798 1399 0 131 -131 0
2798 1399 0 132 -132 0
2798 1399 0 133 -133 0
2798 1399 0 134 -134 0
2798 1399 0 135 -135 0
2798 1399 0 136 -136 0
2798 1399 0 137 -137 0
2798 1399 0 138 -138 0
2798 1399 0 139 -139 0
2798 1399 0 140 -140 0
2798 1399 0 141 -141 0
2798 1399 0 142 -142 0
2798 1399 0 143 -143 0
2798 1399 0 144 -144 0
2798 1399 0 145 -145 0
2798 1399 0 146 -146 0
2798 1399 0 147 -147 0
2798 1399 0 148 -148 0
2798 1399 0 149 -149 0
2798 1399 0 150 -150 0
2800 1400 0 -150 150 0
2800 1400 0 -149 149 0
2800 1400 0 -148 148 0
2800 1400 0 -147 147 0
2800 1400 0 -146 146 0
2800 1400 0 -145 145 0
2800 1400 0 -144 144 0
2800 1400 0 -143 143 0
2800 1400 0 -142 142 0
2800 1400 0 -141 141 0
2800 1400 0 -140 140 0
2800 1400 0 -139 139 0
2800 1400 0 -138 138 0
2800 1400 0 -137 137 0
2800 1400 0 -136 136 0
2800 1400 0 -135 135 0
2800 1400 0 -134 134 0
2800 1400 0 -133 133 0
2800 1400 0 -132 132 0
2800 1400 0 -131 131 0
2800 1400 0 -130 130 0
2800 1400 0 -129 129 0
2800 1400 0 -128 128 0
2800 1400 0 -127 127 0
2800 1400 0 -126 126 0
2800 1400 0 -125 125 0
2800 1400 0 -124 124 0
2800 1400 0 -123 123 0
2800 1400 0 -122 122 0
2800 1400 0 -121 121 0
2800 1400 0 -120 120 0
2800 1400 0 -119 119 0
2800 1400 0 -118 118 0
2800 1400 0 -117 117 0
2800 1400 0 -116 116 0
2800 1400 0 -115 115 0
2800 1400 0 -114 114 0
2800 1400 0 -113 113 0
2800 1400 0 -112 112 0
2800 1400 0 -111 111 0
2800 1400 0 -110 110 0
2800 1400 0 -109 109 0
2800 1400 0 -108 108 0
2800 1400 0 -107 107 0
2800 1400 0 -106 106 0
2800 1400 0 -105 105 0
2800 1400 0 -104 104 0
2800 1400 0 -103 103 0
2800 1400 0 -102 102 0
2800 1400 0 -101 101 0
2800 1400 0 -100 100 0
2800 1400 0 -99 99 0
2800 1400 0 -98 98 0
2800 1400 0 -97 97 0
2800 1400 0 -96 96 0
2800 1400 0 -95 95 0
2800 1400 0 -94 94 0
2800 1400 0 -93 93 0
2800 1400 0 -92 92 0
2800 1400 0 -91 91 0
2800 1400 0 -90 90 0
2800 1400 0 -89 89 0
2800 1400 0 -88 88 0
2800 1400 0 -87 87 0
2800 1400 0 -86 86 0
2800 1400 0 -85 85 0
2800 1400 0 -84 84 0
2800 1400 0 -83 83 0
2800 1400 0 -82 82 0
2800 1400 0 -81 81 0
2800 1400 0 -80 80 0
2800 1400 0 -79 79 0
2800 1400 0 -78 78 0
2800 1400 0 -77 77 0
2800 1400 0 -76 76 0
2800 1400 0 -75 75 0
2800 1400 0 -74 74 0
2800 1400 0 -73 73 0
2800 1400 0 -72 72 0
2800 1400 0 -71 71 0
2800 1400 0 -70 70 0
2800 1400 0 -69 69 0
2800 1400 0 -68 68 0
2800 1400 0 -67 67 0
2800 1400 0 -66 66 0
2800 1400 0 -65 65 0
2800 1400 0 -64 64 0
2800 1400 0 -63 63 0
2800 1400 0 -62 62 0
2800 1400 0 -61 61 0
2800 1400 0 -60 60 0
2800 1400 0 -59 59 0
2800 1400 0 -58 58 0
2800 1400 0 -57 57 0
2800 1400 0 -56 56 0
2800 1400 0 -55 55 0
2800 1400 0 -54 54 0
2800 1400 0 -53 53 0
2800 1400 0 -52 52 0
2800 1400 0 -51 51 0
2800 1400 0 -50 50 0
2800 1400 0 -49 49 0
2800 1400 0 -48 48 0
2800 1400 0 -47 47 0
2800 1400 0 -46 46 0
2800 1400 0 -45 45 0
2800 1400 0 -44 44 0
2800 1400 0 -43 43 0
2800 1400 0 -42 42 0
2800 1400 0 -41 41 0
2800 1400 0 -40 40 0
2800 1400 0 -39 39 0
2800 1400 0 -38 38 0
2800 1400 0 -37 37 0
2800 1400 0 -36 36 0
2800 1400 0 -35 35 0
2800 1400 0 -34 34 0
2800 1400 0 -33 33 0
2800 1400 0 -32 32 0
2800 1400 0 -31 31 0
2800 1400 0 -30 30 0
2800 1400 0 -29 29 0
2800 1400 0 -28 28 0
2800 1400 0 -27 27 0
2800 1400 0 -26 26 0
2800 1400 0 -25 25 0
2800 1400 0 -24 24 0
2800 1400 0 -23 23 0
2800 1400 0 -22 22 0
2800 1400 0 -21 21 0
2800 1400 0 -20 20 0
2800 1400 0 -19 19 0
2800 1400 0 -18 18 0
2800 1400 0 -17 17 0
2800 1400 0 -16 16 0
2800 1400 0 -15 15 0
2800 1400 0 -14 14 0
2800 1400 0 -13 13 0
2800 1400 0 -12 12 0
2800 1400 0 -11 11 0
2800 1400 0 -10 10 0
2800 1400 0 -9 9 0
2800 1400 0 -8 8 0
2800 1400 0 -7 7 0
2800 1400 0 -6 6 0
2800 1400 0 -5 5 0
2800 1400 0 -4 4 0
2800 1400 0 -3 3 0
2800 1400 0 -2 2 0
2800 1400 0 -1 1 0
2800 1400 0 1 -1 0
2800 1400 0 2 -2 0
2800 1400 0 3 -3 0
2800 1400 0 4 -4 0
2800 1400 0 5 -5 0
2800 1400 0 6 -6 0
2800 1400 0 7 -7 0
2800 1400 0 8 -8 0
2800 1400 0 9 -9 0
2800 1400 0 10 -10 0
2800 1400 0 11 -11 0
2800 1400 0 12 -12 0
2800 1400 0 13 -13 0
2800 1400 0 14 -14 0
2800 1400 0 15 -15 0
2800 1400 0 16 -16 0
2800 1400 0 17 -17 0
2800 1400 0 18 -18 0
2800 1400 0 19 -19 0
2800 1400 0 20 -20 0
2800 1400 0 21 -21 0
2800 1400 0 22 -22 0
2800 1400 0 23 -23 0
2800 1400 0 24 -24 0
2800 1400 0 25 -25 0
2800 1400 0 26 -26 0
2800 1400 0 27 -27 0
2800 1400 0 28 -28 0
2800 1400 0 29 -29 0
2800 1400 0 30 -30 0
2800 1400 0 31 -31 0
2800 1400 0 32 -32 0
2800 1400 0 33 -33 0
2800 1400 0 34 -34 0
2800 1400 0 35 -35 0
2800 1400 0 36 -36 0
2800 1400 0 37 -37 0
2800 1400 0 38 -38 0
2800 1400 0 39 -39 0
2800 1400 0 40 -40 0
2800 1400 0 41 -41 0
2800 1400 0 42 -42 0
2800 1400 0 43 -43 0
2800 1400 0 44 -44 0
2800 1400 0 45 -45 0
2800 1400 0 46 -46 0
2800 1400 0 47 -47 0
2800 1400 0 48 -48 0
2800 1400 0 49 -49 0
2800 1400 0 50 -50 0
2800 1400 0 51 -51 0
2800 1400 0 52 -52 0
2800 1400 0 53 -53 0
2800 1400 0 54 -54 0
2800 1400 0 55 -55 0
2800 1400 0 56 -56 0
2800 1400 0 57 -57 0
2800 1400 0 58 -58 0
2800 1400 0 59 -59 0
2800 1400 0 60 -60 0
2800 1400 0 61 -61 0
2800 1400 0 62 -62 0
2800 1400 0 63 -63 0
2800 1400 0 64 -64 0
2800 1400 0 65 -65 0
2800 1400 0 66 -66 0
2800 1400 0 67 -67 0
2800 1400 0 68 -68 0
2800 1400 0 69 -69 0
2800 1400 0 70 -70 0
2800 1400 0 71 -71 0
2800 1400 0 72 -72 0
2800 1400 0 73 -73 0
2800 1400 0 74 -74 0
2800 1400 0 75 -75 0
2800 1400 0 76 -76 0
2800 1400 0 77 -77 0
2800 1400 0 78 -78 0
2800 1400 0 79 -79 0
2800 1400 0 80 -80 0
2800 1400 0 81 -81 0
2800 1400 0 82 -82 0
2800 1400 0 83 -83 0
2800 1400 0 84 -84 0
2800 1400 0 85 -85 0
2800 1400 0 86 -86 0
2800 1400 0 87 -87 0
2800 1400 0 88 -88 0
2800 1400 0 89 -89 0
2800 1400 0 90 -90 0
2800 1400 0 91 -91 0
2800 1400 0 92 -92 0
2800 1400 0 93 -93 0
2800 1400 0 94 -94 0
2800 1400 0 95 -95 0
2800 1400 0 96 -96 0
2800 1400 0 97 -97 0
2800 1400 0 98 -98 0
2800 1400 0 99 -99 0
2800 1400 0 100 -100 0
2800 1400 0 101 -101 0
2800 1400 0 102 -102 0
2800 1400 0 103 -103 0
2800 1400 0 104 -104 0
2800 1400 0 105 -105 0
2800 1400 0 106 -106 0
2800 1400 0 107 -107 0
2800 1400 0 108 -108 0
2800 1400 0 109 -109 0
2800 1400 0 110 -110 0
2800 1400 0 111 -111 0
2800 1400 0 112 -112 0
2800 1400 0 113 -113 0
2800 1400 0 114 -114 0
2800 1400 0 115 -115 0
2800 1400 0 116 -116 0
2800 1400 0 117 -117 0
2800 1400 0 118 -118 0
2800 1400 0 119 -119 0
2800 1400 0 120 -120 0
2800 1400 0 121 -121 0
2800 1400 0 122 -122 0
2800 1400 0 123 -123 0
2800 1400 0 124 -124 0
2800 1400 0 125 -125 0
2800 1400 0 126 -126 0
2800 1400 0 127 -127 0
2800 1400 0 128 -128 0
2800 1400 0 129 -129 0
2800 1400 0 130 -130 0
2800 1400 0 131 -131 0
2800 1400 0 132 -132 0
2800 1400 0 133 -133 0
2800 1400 0 134 -134 0
2800 1400 0 135 -135 0
2800 1400 0 136 -136 0
2800 1400 0 137 -137 0
2800 1400 0 138 -138 0
2800 1400 0 139 -139 0
2800 1400 0 140 -140 0
2800 1400 0 141 -141 0
2800 1400 0 142 -142 0
2800 1400 0 143 -143 0
2800 1400 0 144 -144 0
2800 1400 0 145 -145 0
2800 1400 0 146 -146 0
2800 1400 0 147 -147 0
2800 1400 0 148 -148 0
2800 1400 0 149 -149 0
2800 1400 0 150 -150 0
2802 1401 0 -150 150 0
2802 1401 0 -149 149 0
2802 1401 0 -148 148 0
2802 1401 0 -147 147 0
2802 1401 0 -146 146 0
2802 1401 0 -145 145 0
2802 1401 0 -144 144 0
2802 1401 0 -143 143 0
2802 1401 0 -142 142 0
2802 1401 0 -141 141 0
2802 1401 0 -140 140 0
2802 1401 0 -139 139 0
2802 1401 0 -138 138 0
2802 1401 0 -137 137 0
2802 1401 0 -136 136 0
2802 1401 0 -135 135 0
2802 1401 0 -134 134 0
2802 1401 0 -133 133 0
2802 1401 0 -132 132 0
2802 1401 0 -131 131 0
2802 1401 0 -130 130 0
2802 1401 0 -129 129 0
2802 1401 0 -128 128 0
2802 1401 0 -127 127 0
2802 1401 0 -126 126 0
2802 1401 0 -125 125 0
2802 1401 0 -124 124 0
2802 1401 0 -123 123 0
2802 1401 0 -122 122 0
2802 1401 0 -121 121 0
2802 1401 0 -120 120 0
2802 1401 0 -119 119 0
2802 1401 0 -118 118 0
2802 1401 0 -117 117 0
2802 1401 0 -116 116 0
2802 1401 0 -115 115 0
2802 1401 0 -114 114 0
2802 1401 0 -113 113 0
2802 1401 0 -112 112 0
2802 1401 0 -111 111 0
2802 1401 0 -110 110 0
2802 1401 0 -109 109 0
2802 1401 0 -108 108 0
2802 1401 0 -107 107 0
2802 1401 0 -106 106 0
2802 1401 0 -105 105 0
2802 1401 0 -104 104 0
2802 1401 0 -103 103 0
2802 1401 0 -102 102 0
2802 1401 0 -101 101 0
2802 1401 0 -100 100 0
2802 1401 0 -99 99 0
2802 1401 0 -98 98 0
2802 1401 0 -97 97 0
2802 1401 0 -96 96 0
2802 1401 0 -95 95 0
2802 1401 0 -94 94 0
2802 1401 0 -93 93 0
2802 1401 0 -92 92 0
2802 1401 0 -91 91 0
2802 1401 0 -90 90 0
2802 1401 0 -89 89 0
2802 1401 0 -88 88 0
2802 1401 0 -87 87 0
2802 1401 0 -86 86 0
2802 1401 0 -85 85 0
2802 1401 0 -84 84 0
2802 1401 0 -83 83 0
2802 1401 0 -82 82 0
2802 1401 0 -81 81 0
2802 1401 0 -80 80 0
2802 1401 0 -79 79 0
2802 1401 0 -78 78 0
2802 1401 0 -77 77 0
2802 1401 0 -76 76 0
2802 1401 0 -75 75 0
2802 1401 0 -74 74 0
2802 1401 0 -73 73 0
2802 1401 0 -72 72 0
2802 1401 0 -71 71 0
2802 1401 0 -70 70 0
2802 1401 0 -69 69 0
2802 1401 0 -68 68 0
2802 1401 0 -67 67 0
2802 1401 0 -66 66 0
2802 1401 0 -65 65 0
2802 1401 0 -64 64 0
2802 1401 0 -63 63 0
2802 1401 0 -62 62 0
2802 1401 0 -61 61 0
2802 1401 0 -60 60 0
2802 1401 0 -59 59 0
2802 1401 0 -58 58 0
2802 1401 0 -57 57 0
2802 1401 0 -56 56 0
2802 1401 0 -55 55 0
2802 1401 0 -54 54 0
2802 1401 0 -53 53 0
2802 1401 0 -52 52 0
2802 1401 0 -51 51 0
2802 1401 0 -50 50 0
2802 1401 0 -49 49 0
2802 1401 0 -48 48 0
2802 1401 0 -47 47 0
2802 1401 0 -46 46 0
2802 1401 0 -45 45 0
2802 1401 0 -44 44 0
2802 1401 0 -43 43 0
2802 1401 0 -42 42 0
2802 1401 0 -41 41 0
2802 1401 0 -40 40 0
2802 1401 0 -39 39 0
2802 1401 0 -38 38 0
2802 1401 0 -37 37 0
2802 1401 0 -36 36 0
2802 1401 0 -35 35 0
2802 1401 0 -34 34 0
2802 1401 0 -33 33 0
2802 1401 0 -32 32 0
2802 1401 0 -31 31 0
2802 1401 0 -30 30 0
2802 1401 0 -29 29 0
2802 1401 0 -28 28 0
2802 1401 0 -27 27 0
2802 1401 0 -26 26 0
2802 1401 0 -25 25 0
2802 1401 0 -24 24 0
2802 1401 0 -23 23 0
2802 1401 0 -22 22 0
2802 1401 0 -21 21 0
2802 1401 0 -20 20 0
2802 1401 0 -19 19 0
2802 1401 0 -18 18 0
2802 1401 0 -17 17 0
2802 1401 0 -16 16 0
2802 1401 0 -15 15 0
2802 1401 0 -14 14 0
2802 1401 0 -13 13 0
2802 1401 0 -12 12 0
2802 1401 0 -11 11 0
2802 1401 0 -10 10 0
2802 1401 0 -9 9 0
2802 1401 0 -8 8 0
2802 1401 0 -7 7 0
2802 1401 0 -6 6 0
2802 1401 0 -5 5 0
2802 1401 0 -4 4 0
2802 1401 0 -3 3 0
2802 1401 0 -2 2 0
2802 1401 0 -1 1 0
2802 1401 0 1 -1 0
2802 1401 0 2 -2 0
2802 1401 0 3 -3 0
2802 1401 0 4 -4 0
2802 1401 0 5 -5 0
2802 1401 0 6 -6 0
2802 1401 0 7 -7 0
2802 1401 0 8 -8 0
2802 1401 0 9 -9 0
2802 1401 0 10 -10 0
2802 1401 0 11 -11 0
2802 1401 0 12 -12 0
2802 1401 0 13 -13 0
2802 1401 0 14 -14 0
2802 1401 0 15 -15 0
2802 1401 0 16 -16 0
2802 1401 0 17 -17 0
2802 1401 0 18 -18 0
2802 1401 0 19 -19 0
2802 1401 0 20 -20 0
2802 1401 0 21 -21 0
2802 1401 0 22 -22 0
2802 1401 0 23 -23 0
2802 1401 0 24 -24 0
2802 1401 0 25 -25 0
2802 1401 0 26 -26 0
2802 1401 0 27 -27 0
2802 1401 0 28 -28 0
2802 1401 0 29 -29 0
2802 1401 0 30 -30 0
2802 1401 0 31 -31 0
2802 1401 0 32 -32 0
2802 1401 0 33 -33 0
2802 1401 0 34 -34 0
2802 1401 0 35 -35 0
2802 1401 0 36 -36 0
2802 1401 0 37 -37 0
2802 1401 0 38 -38 0
2802 1401 0 39 -39 0
2802 1401 0 40 -40 0
2802 1401 0 41 -41 0
2802 1401 0 42 -42 0
2802 1401 0 43 -43 0
2802 1401 0 44 -44 0
2802 1401 0 45 -45 0
2802 1401 0 46 -46 0
2802 1401 0 47 -47 0
2802 1401 0 48 -48 0
2802 1401 0 49 -49 0
2802 1401 0 50 -50 0
2802 1401 0 51 -51 0
2802 1401 0 52 -52 0
2802 1401 0 53 -53 0
2802 1401 0 54 -54 0
2802 1401 0 55 -55 0
2802 1401 0 56 -56 0
2802 1401 0 57 -57 0
2802 1401 0 58 -58 0
2802 1401 0 59 -59 0
2802 1401 0 60 -60 0
2802 1401 0 61 -61 0
2802 1401 0 62 -62 0
2802 1401 0 63 -63 0
2802 1401 0 64 -64 0
2802 1401 0 65 -65 0
2802 1401 0 66 -66 0
2802 1401 0 67 -67 0
2802 1401 0 68 -68 0
2802 1401 0 69 -69 0
2802 1401 0 70 -70 0
2802 1401 0 71 -71 0
2802 1401 0 72 -72 0
2802 1401 0 73 -73 0
2802 1401 0 74 -74 0
2802 1401 0 75 -75 0
2802 1401 0 76 -76 0
2802 1401 0 77 -77 0
2802 1401 0 78 -78 0
2802 1401 0 79 -79 0
2802 1401 0 80 -80 0
2802 1401 0 81 -81 0
2802 1401 0 82 -82 0
2802 1401 0 83 -83 0
2802 1401 0 84 -84 0
2802 1401 0 85 -85 0
2802 1401 0 86 -86 0
2802 1401 0 87 -87 0
2802 1401 0 88 -88 0
2802 1401 0 89 -89 0
2802 1401 0 90 -90 0
2802 1401 0 91 -91 0
2802 1401 0 92 -92 0
2802 1401 0 93 -93 0
2802 1401 0 94 -94 0
2802 1401 0 95 -95 0
2802 1401 0 96 -96 0
2802 1401 0 97 -97 0
2802 1401 0 98 -98 0
2802 1401 0 99 -99 0
2802 1401 0 100 -100 0
2802 1401 0 101 -101 0
2802 1401 0 102 -102 0
2802 1401 0 103 -103 0
2802 1401 0 104 -104 0
2802 1401 0 105 -105 0
2802 1401 0 106 -106 0
2802 1401 0 107 -107 0
2802 1401 0 108 -108 0
2802 1401 0 109 -109 0
2802 1401 0 110 -110 0
2802 1401 0 111 -111 0
2802 1401 0 112 -112 0
2802 1401 0 113 -113 0
2802 1401 0 114 -114 0
2802 1401 0 115 -115 0
2802 1401 0 116 -116 0
2802 1401 0 117 -117 0
2802 1401 0 118 -118 0
2802 1401 0 119 -119 0
2802 1401 0 120 -120 0
2802 1401 0 121 -121 0
2802 1401 0 122 -122 0
2802 1401 0 123 -123 0
2802 1401 0 124 -124 0
2802 1401 0 125 -125 0
2802 1401 0 126 -126 0
2802 1401 0 127 -127 0
2802 1401 0 128 -128 0
2802 1401 0 129 -129 0
2802 1401 0 130 -130 0
2802 1401 0 131 -131 0
2802 1401 0 132 -132 0
2802 1401 0 133 -133 0
2802 1401 0 134 -134 0
2802 1401 0 135 -135 0
2802 1401 0 136 -136 0
2802 1401 0 137 -137 0
2802 1401 0 138 -138 0
2802 1401 0 139 -139 0
2802 1401 0 140 -140 0
2802 1401 0 141 -141 0
2802 1401 0 142 -142 0
2802 1401 0 143 -143 0
2802 1401 0 144 -144 0
2802 1401 0 145 -145 0
2802 1401 0 146 -146 0
2802 1401 0 147 -147 0
2802 1401 0 148 -148 0
2802 1401 0 149 -149 0
2802 1401 0 150 -150 0
2804 1402 0 -150 150 0
2804 1402 0 -149 149 0
2804 1402 0 -148 148 0
2804 1402 0 -147 147 0
2804 1402 0 -146 146 0
2804 1402 0 -145 145 0
2804 1402 0 -144 144 0
2804 1402 0 -143 143 0
2804 1402 0 -142 142 0
2804 1402 0 -141 141 0
2804 1402 0 -140 140 0
2804 1402 0 -139 139 0
2804 1402 0 -138 138 0
2804 1402 0 -137 137 0
2804 1402 0 -136 136 0
2804 1402 0 -135 135 0
2804 1402 0 -134 134 0
2804 1402 0 -133 133 0
2804 1402 0 -132 132 0
2804 1402 0 -131 131 0
2804 1402 0 -130 130 0
2804 1402 0 -129 129 0
2804 1402 0 -128 128 0
2804 1402 0 -127 127 0
2804 1402 0 -126 126 0
2804 1402 0 -125 125 0
2804 1402 0 -124 124 0
2804 1402 0 -123 123 0
2804 1402 0 -122 122 0
2804 1402 0 -121 121 0
2804 1402 0 -120 120 0
2804 1402 0 -119 119 0
2804 1402 0 -118 118 0
2804 1402 0 -117 117 0
2804 1402 0 -116 116 0
2804 1402 0 -115 115 0
2804 1402 0 -114 114 0
2804 1402 0 -113 113 0
2804 1402 0 -112 112 0
2804 1402 0 -111 111 0
2804 1402 0 -110 110 0
2804 1402 0 -109 109 0
2804 1402 0 -108 108 0
2804 1402 0 -107 107 0
2804 1402 0 -106 106 0
2804 1402 0 -105 105 0
2804 1402 0 -104 104 0
2804 1402 0 -103 103 0
2804 1402 0 -102 102 0
2804 1402 0 -101 101 0
2804 1402 0 -100 100 0
2804 1402 0 -99 99 0
2804 1402 0 -98 98 0
2804 1402 0 -97 97 0
2804 1402 0 -96 96 0
2804 1402 0 -95 95 0
2804 1402 0 -94 94 0
2804 1402 0 -93 93 0
2804 1402 0 -92 92 0
2804 1402 0 -91 91 0
2804 1402 0 -90 90 0
2804 1402 0 -89 89 0
2804 1402 0 -88 88 0
2804 1402 0 -87 87 0
2804 1402 0 -86 86 0
2804 1402 0 -85 85 0
2804 1402 0 -84 84 0
2804 1402 0 -83 83 0
2804 1402 0 -82 82 0
2804 1402 0 -81 81 0
2804 1402 0 -80 80 0
2804 1402 0 -79 79 0
2804 1402 0 -78 78 0
2804 1402 0 -77 77 0
2804 1402 0 -76 76 0
2804 1402 0 -75 75 0
2804 1402 0 -74 74 0
2804 1402 0 -73 73 0
2804 1402 0 -72 72 0
2804 1402 0 -71 71 0
2804 1402 0 -70 70 0
2804 1402 0 -69 69 0
2804 1402 0 -68 68 0
2804 1402 0 -67 67 0
2804 1402 0 -66 66 0
2804 1402 0 -65 65 0
2804 1402 0 -64 64 0
2804 1402 0 -63 63 0
2804 1402 0 -62 62 0
2804 1402 0 -61 61 0
2804 1402 0 -60 60 0
2804 1402 0 -59 59 0
2804 1402 0 -58 58 0
2804 1402 0 -57 57 0
2804 1402 0 -56 56 0
2804 1402 0 -55 55 0
2804 1402 0 -54 54 0
2804 1402 0 -53 53 0
2804 1402 0 -52 52 0
2804 1402 0 -51 51 0
2804 1402 0 -50 50 0
2804 1402 0 -49 49 0
2804 1402 0 -48 48 0
2804 1402 0 -47 47 0
2804 1402 0 -46 46 0
2804 1402 0 -45 45 0
2804 1402 0 -44 44 0
2804 1402 0 -43 43 0
2804 1402 0 -42 42 0
2804 1402 0 -41 41 0
2804 1402 0 -40 40 0
2804 1402 0 -39 39 0
2804 1402 0 -38 38 0
2804 1402 0 -37 37 0
2804 1402 0 -36 36 0
2804 1402 0 -35 35 0
2804 1402 0 -34 34 0
2804 1402 0 -33 33 0
2804 1402 0 -32 32 0
2804 1402 0 -31 31 0
2804 1402 0 -30 30 0
2804 1402 0 -29 29 0
2804 1402 0 -28 28 0
2804 1402 0 -27 27 0
2804 1402 0 -26 26 0
2804 1402 0 -25 25 0
2804 1402 0 -24 24 0
2804 1402 0 -23 23 0
2804 1402 0 -22 22 0
2804 1402 0 -21 21 0
2804 1402 0 -20 20 0
2804 1402 0 -19 19 0
2804 1402 0 -18 18 0
2804 1402 0 -17 17 0
2804 1402 0 -16 16 0
2804 1402 0 -15 15 0
2804 1402 0 -14 14 0
2804 1402 0 -13 13 0
2804 1402 0 -12 12 0
2804 1402 0 -11 11 0
2804 1402 0 -10 10 0
2804 1402 0 -9 9 0
2804 1402 0 -8 8 0
2804 1402 0 -7 7 0
2804 1402 0 -6 6 0
2804 1402 0 -5 5 0
2804 1402 0 -4 4 0
2804 1402 0 -3 3 0
2804 1402 0 -2 2 0
2804 1402 0 -1 1 0
2804 1402 0 1 -1 0
2804 1402 0 2 -2 0
2804 1402 0 3 -3 0
2804 1402 0 4 -4 0
2804 1402 0 5 -5 0
2804 1402 0 6 -6 0
2804 1402 0 7 -7 0
2804 1402 0 8 -8 0
2804 1402 0 9 -9 0
2804 1402 0 10 -10 0
2804 1402 0 11 -11 0
2804 1402 0 12 -12 0
2804 1402 0 13 -13 0
2804 1402 0 14 -14 0
2804 1402 0 15 -15 0
2804 1402 0 16 -16 0
2804 1402 0 17 -17 0
2804 1402 0 18 -18 0
2804 1402 0 19 -19 0
2804 1402 0 20 -20 0
2804 1402 0 21 -21 0
2804 1402 0 22 -22 0
2804 1402 0 23 -23 0
2804 1402 0 24 -24 0
2804 1402 0 25 -25 0
2804 1402 0 26 -26 0
2804 1402 0 27 -27 0
2804 1402 0 28 -28 0
2804 1402 0 29 -29 0
2804 1402 0 30 -30 0
2804 1402 0 31 -31 0
2804 1402 0 32 -32 0
2804 1402 0 33 -33 0
2804 1402 0 34 -34 0
2804 1402 0 35 -35 0
2804 1402 0 36 -36 0
2804 1402 0 37 -37 0
2804 1402 0 38 -38 0
2804 1402 0 39 -39 0
2804 1402 0 40 -40 0
2804 1402 0 41 -41 0
2804 1402 0 42 -42 0
2804 1402 0 43 -43 0
2804 1402 0 44 -44 0
2804 1402 0 45 -45 0
2804 1402 0 46 -46 0
2804 1402 0 47 -47 0
2804 1402 0 48 -48 0
2804 1402 0 49 -49 0
2804 1402 0 50 -50 0
2804 1402 0 51 -51 0
2804 1402 0 52 -52 0
2804 1402 0 53 -53 0
2804 1402 0 54 -54 0
2804 1402 0 55 -55 0
2804 1402 0 56 -56 0
2804 1402 0 57 -57 0
2804 1402 0 58 -58 0
2804 1402 0 59 -59 0
2804 1402 0 60 -60 0
2804 1402 0 61 -61 0
2804 1402 0 62 -62 0
2804 1402 0 63 -63 0
2804 1402 0 64 -64 0
2804 1402 0 65 -65 0
2804 1402 0 66 -66 0
2804 1402 0 67 -67 0
2804 1402 0 68 -68 0
2804 1402 0 69 -69 0
2804 1402 0 70 -70 0
2804 1402 0 71 -71 0
2804 1402 0 72 -72 0
2804 1402 0 73 -73 0
2804 1402 0 74 -74 0
2804 1402 0 75 -75 0
2804 1402 0 76 -76 0
2804 1402 0 77 -77 0
2804 1402 0 78 -78 0
2804 1402 0 79 -79 0
2804 1402 0 80 -80 0
2804 1402 0 81 -81 0
2804 1402 0 82 -82 0
2804 1402 0 83 -83 0
2804 1402 0 84 -84 0
2804 1402 0 85 -85 0
2804 1402 0 86 -86 0
2804 1402 0 87 -87 0
2804 1402 0 88 -88 0
2804 1402 0 89 -89 0
2804 1402 0 90 -90 0
2804 1402 0 91 -91 0
2804 1402 0 92 -92 0
2804 1402 0 93 -93 0
2804 1402 0 94 -94 0
2804 1402 0 95 -95 0
2804 1402 0 96 -96 0
2804 1402 0 97 -97 0
2804 1402 0 98 -98 0
2804 1402 0 99 -99 0
2804 1402 0 100 -100 0
2804 1402 0 101 -101 0
2804 1402 0 102 -102 0
2804 1402 0 103 -103 0
2804 1402 0 104 -104 0
2804 1402 0 105 -105 0
2804 1402 0 106 -106 0
2804 1402 0 107 -107 0
2804 1402 0 108 -108 0
2804 1402 0 109 -109 0
2804 1402 0 110 -110 0
2804 1402 0 111 -111 0
2804 1402 0 112 -112 0
2804 1402 0 113 -113 0
2804 1402 0 114 -114 0
2804 1402 0 115 -115 0
2804 1402 0 116 -116 0
2804 1402 0 117 -117 0
2804 1402 0 118 -118 0
2804 1402 0 119 -119 0
2804 1402 0 120 -120 0
2804 1402 0 121 -121 0
2804 1402 0 122 -122 0
2804 1402 0 123 -123 0
2804 1402 0 124 -124 0
2804 1402 0 125 -125 0
2804 1402 0 126 -126 0
2804 1402 0 127 -127 0
2804 1402 0 128 -128 0
2804 1402 0 129 -129 0
2804 1402 0 130 -130 0
2804 1402 0 131 -131 0
2804 1402 0 132 -132 0
2804 1402 0 133 -133 0
2804 1402 0 134 -134 0
2804 1402 0 135 -135 0
2804 1402 0 136 -136 0
2804 1402 0 137 -137 0
2804 1402 0 138 -138 0
2804 1402 0 139 -139 0
2804 1402 0 140 -140 0
2804 1402 0 141 -141 0
2804 1402 0 142 -142 0
2804 1402 0 143 -143 0
2804 1402 0 144 -144 0
2804 1402 0 145 -145 0
2804 1402 0 146 -146 0
2804 1402 0 147 -147 0
2804 1402 0 148 -148 0
2804 1402 0 149 -149 0
2804 1402 0 150 -150 0
2806 1403 0 -150 150 0
2806 1403 0 -149 149 0
2806 1403 0 -148 148 0
2806 1403 0 -147 147 0
2806 1403 0 -146 146 0
2806 1403 0 -145 145 0
2806 1403 0 -144 144 0
2806 1403 0 -143 143 0
2806 1403 0 -142 142 0
2806 1403 0 -141 141 0
2806 1403 0 -140 140 0
2806 1403 0 -139 139 0
2806 1403 0 -138 138 0
2806 1403 0 -137 137 0
2806 1403 0 -136 136 0
2806 1403 0 -135 135 0
2806 1403 0 -134 134 0
2806 1403 0 -133 133 0
2806 1403 0 -132 132 0
2806 1403 0 -131 131 0
2806 1403 0 -130 130 0
2806 1403 0 -129 129 0
2806 1403 0 -128 128 0
2806 1403 0 -127 127 0
2806 1403 0 -126 126 0
2806 1403 0 -125 125 0
2806 1403 0 -124 124 0
2806 1403 0 -123 123 0
2806 1403 0 -122 122 0
2806 1403 0 -121 121 0
2806 1403 0 -120 120 0
2806 1403 0 -119 119 0
2806 1403 0 -118 118 0
2806 1403 0 -117 117 0
2806 1403 0 -116 116 0
2806 1403 0 -115 115 0
2806 1403 0 -114 114 0
2806 1403 0 -113 113 0
2806 1403 0 -112 112 0
2806 1403 0 -111 111 0
2806 1403 0 -110 110 0
2806 1403 0 -109 109 0
2806 1403 0 -108 108 0
2806 1403 0 -107 107 0
2806 1403 0 -106 106 0
2806 1403 0 -105 105 0
2806 1403 0 -104 104 0
2806 1403 0 -103 103 0
2806 1403 0 -102 102 0
2806 1403 0 -101 101 0
2806 1403 0 -100 100 0
2806 1403 0 -99 99 0
2806 1403 0 -98 98 0
2806 1403 0 -97 97 0
2806 1403 0 -96 96 0
2806 1403 0 -95 95 0
2806 1403 0 -94 94 0
2806 1403 0 -93 93 0
2806 1403 0 -92 92 0
2806 1403 0 -91 91 0
2806 1403 0 -90 90 0
2806 1403 0 -89 89 0
2806 1403 0 -88 88 0
2806 1403 0 -87 87 0
2806 1403 0 -86 86 0
2806 1403 0 -85 85 0
2806 1403 0 -84 84 0
2806 1403 0 -83 83 0
2806 1403 0 -82 82 0
2806 1403 0 -81 81 0
2806 1403 0 -80 80 0
2806 1403 0 -79 79 0
2806 1403 0 -78 78 0
2806 1403 0 -77 77 0
2806 1403 0 -76 76 0
2806 1403 0 -75 75 0
2806 1403 0 -74 74 0
2806 1403 0 -73 73 0
2806 1403 0 -72 72 0
2806 1403 0 -71 71 0
2806 1403 0 -70 70 0
2806 1403 0 -69 69 0
2806 1403 0 -68 68 0
2806 1403 0 -67 67 0
2806 1403 0 -66 66 0
2806 1403 0 -65 65 0
2806 1403 0 -64 64 0
2806 1403 0 -63 63 0
2806 1403 0 -62 62 0
2806 1403 0 -61 61 0
2806 1403 0 -60 60 0
2806 1403 0 -59 59 0
2806 1403 0 -58 58 0
2806 1403 0 -57 57 0
2806 1403 0 -56 56 0
2806 1403 0 -55 55 0
2806 1403 0 -54 54 0
2806 1403 0 -53 53 0
2806 1403 0 -52 52 0
2806 1403 0 -51 51 0
2806 1403 0 -50 50 0
2806 1403 0 -49 49 0
2806 1403 0 -48 48 0
2806 1403 0 -47 47 0
2806 1403 0 -46 46 0
2806 1403 0 -45 45 0
2806 1403 0 -44 44 0
2806 1403 0 -43 43 0
2806 1403 0 -42 42 0
2806 1403 0 -41 41 0
2806 1403 0 -40 40 0
2806 1403 0 -39 39 0
2806 1403 0 -38 38 0
2806 1403 0 -37 37 0
2806 1403 0 -36 36 0
2806 1403 0 -35 35 0
2806 1403 0 -34 34 0
2806 1403 0 -33 33 0
2806 1403 0 -32 32 0
2806 1403 0 -31 31 0
2806 1403 0 -30 30 0
2806 1403 0 -29 29 0
2806 1403 0 -28 28 0
2806 1403 0 -27 27 0
2806 1403 0 -26 26 0
2806 1403 0 -25 25 0
2806 1403 0 -24 24 0
2806 1403 0 -23 23 0
2806 1403 0 -22 22 0
2806 1403 0 -21 21 0
2806 1403 0 -20 20 0
2806 1403 0 -19 19 0
2806 1403 0 -18 18 0
2806 1403 0 -17 17 0
2806 1403 0 -16 16 0
2806 1403 0 -15 15 0
2806 1403 0 -14 14 0
2806 1403 0 -13 13 0
2806 1403 0 -12 12 0
2806 1403 0 -11 11 0
2806 1403 0 -10 10 0
2806 1403 0 -9 9 0
2806 1403 0 -8 8 0
2806 1403 0 -7 7 0
2806 1403 0 -6 6 0
2806 1403 0 -5 5 0
2806 1403 0 -4 4 0
2806 1403 0 -3 3 0
2806 1403 0 -2 2 0
2806 1403 0 -1 1 0
2806 1403 0 1 -1 0
2806 1403 0 2 -2 0
2806 1403 0 3 -3 0
2806 1403 0 4 -4 0
2806 1403 0 5 -5 0
2806 1403 0 6 -6 0
2806 1403 0 7 -7 0
2806 1403 0 8 -8 0
2806 1403 0 9 -9 0
2806 1403 0 10 -10 0
2806 1403 0 11 -11 0
2806 1403 0 12 -12 0
2806 1403 0 13 -13 0
2806 1403 0 14 -14 0
2806 1403 0 15 -15 0
2806 1403 0 16 -16 0
2806 1403 0 17 -17 0
2806 1403 0 18 -18 0
2806 1403 0 19 -19 0
2806 1403 0 20 -20 0
2806 1403 0 21 -21 0
2806 1403 0 22 -22 0
2806 1403 0 23 -23 0
2806 1403 0 24 -24 0
2806 1403 0 25 -25 0
2806 1403 0 26 -26 0
2806 1403 0 27 -27 0
2806 1403 0 28 -28 0
2806 1403 0 29 -29 0
2806 1403 0 30 -30 0
2806 1403 0 31 -31 0
2806 1403 0 32 -32 0
2806 1403 0 33 -33 0
2806 1403 0 34 -34 0
2806 1403 0 35 -35 0
2806 1403 0 36 -36 0
2806 1403 0 37 -37 0
2806 1403 0 38 -38 0
2806 1403 0 39 -39 0
2806 1403 0 40 -40 0
2806 1403 0 41 -41 0
2806 1403 0 42 -42 0
2806 1403 0 43 -43 0
2806 1403 0 44 -44 0
2806 1403 0 45 -45 0
2806 1403 0 46 -46 0
2806 1403 0 47 -47 0
2806 1403 0 48 -48 0
2806 1403 0 49 -49 0
2806 1403 0 50 -50 0
2806 1403 0 51 -51 0
2806 1403 0 52 -52 0
2806 1403 0 53 -53 0
2806 1403 0 54 -54 0
2806 1403 0 55 -55 0
2806 1403 0 56 -56 0
2806 1403 0 57 -57 0
2806 1403 0 58 -58 0
2806 1403 0 59 -59 0
2806 1403 0 60 -60 0
2806 1403 0 61 -61 0
2806 1403 0 62 -62 0
2806 1403 0 63 -63 0
2806 1403 0 64 -64 0
2806 1403 0 65 -65 0
2806 1403 0 66 -66 0
2806 1403 0 67 -67 0
2806 1403 0 68 -68 0
2806 1403 0 69 -69 0
2806 1403 0 70 -70 0
2806 1403 0 71 -71 0
2806 1403 0 72 -72 0
2806 1403 0 73 -73 0
2806 1403 0 74 -74 0
2806 1403 0 75 -75 0
2806 1403 0 76 -76 0
2806 1403 0 77 -77 0
2806 1403 0 78 -78 0
2806 1403 0 79 -79 0
2806 1403 0 80 -80 0
2806 1403 0 81 -81 0
2806 1403 0 82 -82 0
2806 1403 0 83 -83 0
2806 1403 0 84 -84 0
2806 1403 0 85 -85 0
2806 1403 0 86 -86 0
2806 1403 0 87 -87 0
2806 1403 0 88 -88 0
2806 1403 0 89 -89 0
2806 1403 0 90 -90 0
2806 1403 0 91 -91 0
2806 1403 0 92 -92 0
2806 1403 0 93 -93 0
2806 1403 0 94 -94 0
2806 1403 0 95 -95 0
2806 1403 0 96 -96 0
2806 1403 0 97 -97 0
2806 1403 0 98 -98 0
2806 1403 0 99 -99 0
2806 1403 0 100 -100 0
2806 1403 0 101 -101 0
2806 1403 0 102 -102 0
2806 1403 0 103 -103 0
2806 1403 0 104 -104 0
2806 1403 0 105 -105 0
2806 1403 0 106 -106 0
2806 1403 0 107 -107 0
2806 1403 0 108 -108 0
2806 1403 0 109 -109 0
2806 1403 0 110 -110 0
2806 1403 0 111 -111 0
2806 1403 0 112 -112 0
2806 1403 0 113 -113 0
2806 1403 0 114 -114 0
2806 1403 0 115 -115 0
2806 1403 0 116 -116 0
2806 1403 0 117 -117 0
2806 1403 0 118 -118 0
2806 1403 0 119 -119 0
2806 1403 0 120 -120 0
2806 1403 0 121 -121 0
2806 1403 0 122 -122 0
2806 1403 0 123 -123 0
2806 1403 0 124 -124 0
2806 1403 0 125 -125 0
2806 1403 0 126 -126 0
2806 1403 0 127 -127 0
2806 1403 0 128 -128 0
2806 1403 0 129 -129 0
2806 1403 0 130 -130 0
2806 1403 0 131 -131 0
2806 1403 0 132 -132 0
2806 1403 0 133 -133 0
2806 1403 0 134 -134 0
2806 1403 0 135 -135 0
2806 1403 0 136 -136 0
2806 1403 0 137 -137 0
2806 1403 0 138 -138 0
2806 1403 0 139 -139 0
2806 1403 0 140 -140 0
2806 1403 0 141 -141 0
2806 1403 0 142 -142 0
2806 1403 0 143 -143 0
2806 1403 0 144 -144 0
2806 1403 0 145 -145 0
2806 1403 0 146 -146 0
2806 1403 0 147 -147 0
2806 1403 0 148 -148 0
2806 1403 0 149 -149 0
2806 1403 0 150 -150 0
2808 1404 0 -150 150 0
2808 1404 0 -149 149 0
2808 1404 0 -148 148 0
2808 1404 0 -147 147 0
2808 1404 0 -146 146 0
2808 1404 0 -145 145 0
2808 1404 0 -144 144 0
2808 1404 0 -143 143 0
2808 1404 0 -142 142 0
2808 1404 0 -141 141 0
2808 1404 0 -140 140 0
2808 1404 0 -139 139 0
2808 1404 0 -138 138 0
2808 1404 0 -137 137 0
2808 1404 0 -136 136 0
2808 1404 0 -135 135 0
2808 1404 0 -134 134 0
2808 1404 0 -133 133 0
2808 1404 0 -132 132 0
2808 1404 0 -131 131 0
2808 1404 0 -130 130 0
2808 1404 0 -129 129 0
2808 1404 0 -128 128 0
2808 1404 0 -127 127 0
2808 1404 0 -126 126 0
2808 1404 0 -125 125 0
2808 1404 0 -124 124 0
2808 1404 0 -123 123 0
2808 1404 0 -122 122 0
2808 1404 0 -121 121 0
2808 1404 0 -120 120 0
2808 1404 0 -119 119 0
2808 1404 0 -118 118 0
2808 1404 0 -117 117 0
2808 1404 0 -116 116 0
2808 1404 0 -115 115 0
2808 1404 0 -114 114 0
2808 1404 0 -113 113 0
2808 1404 0 -112 112 0
2808 1404 0 -111 111 0
2808 1404 0 -110 110 0
2808 1404 0 -109 109 0
2808 1404 0 -108 108 0
2808 1404 0 -107 107 0
2808 1404 0 -106 106 0
2808 1404 0 -105 105 0
2808 1404 0 -104 104 0
2808 1404 0 -103 103 0
2808 1404 0 -102 102 0
2808 1404 0 -101 101 0
2808 1404 0 -100 100 0
2808 1404 0 -99 99 0
2808 1404 0 -98 98 0
2808 1404 0 -97 97 0
2808 1404 0 -96 96 0
2808 1404 0 -95 95 0
2808 1404 0 -94 94 0
2808 1404 0 -93 93 0
2808 1404 0 -92 92 0
2808 1404 0 -91 91 0
2808 1404 0 -90 90 0
2808 1404 0 -89 89 0
2808 1404 0 -88 88 0
2808 1404 0 -87 87 0
2808 1404 0 -86 86 0
2808 1404 0 -85 85 0
2808 1404 0 -84 84 0
2808 1404 0 -83 83 0
2808 1404 0 -82 82 0
2808 1404 0 -81 81 0
2808 1404 0 -80 80 0
2808 1404 0 -79 79 0
2808 1404 0 -78 78 0
2808 1404 0 -77 77 0
2808 1404 0 -76 76 0
2808 1404 0 -75 75 0
2808 1404 0 -74 74 0
2808 1404 0 -73 73 0
2808 1404 0 -72 72 0
2808 1404 0 -71 71 0
2808 1404 0 -70 70 0
2808 1404 0 -69 69 0
2808 1404 0 -68 68 0
2808 1404 0 -67 67 0
2808 1404 0 -66 66 0
2808 1404 0 -65 65 0
2808 1404 0 -64 64 0
2808 1404 0 -63 63 0
2808 1404 0 -62 62 0
2808 1404 0 -61 61 0
2808 1404 0 -60 60 0
2808 1404 0 -59 59 0
2808 1404 0 -58 58 0
2808 1404 0 -57 57 0
2808 1404 0 -56 56 0
2808 1404 0 -55 55 0
2808 1404 0 -54 54 0
2808 1404 0 -53 53 0
2808 1404 0 -52 52 0
2808 1404 0 -51 51 0
2808 1404 0 -50 50 0
2808 1404 0 -49 49 0
2808 1404 0 -48 48 0
2808 1404 0 -47 47 0
2808 1404 0 -46 46 0
2808 1404 0 -45 45 0
2808 1404 0 -44 44 0
2808 1404 0 -43 43 0
2808 1404 0 -42 42 0
2808 1404 0 -41 41 0
2808 1404 0 -40 40 0
2808 1404 0 -39 39 0
2808 1404 0 -38 38 0
2808 1404 0 -37 37 0
2808 1404 0 -36 36 0
2808 1404 0 -35 35 0
2808 1404 0 -34 34 0
2808 1404 0 -33 33 0
2808 1404 0 -32 32 0
2808 1404 0 -31 31 0
2808 1404 0 -30 30 0
2808 1404 0 -29 29 0
2808 1404 0 -28 28 0
2808 1404 0 -27 27 0
2808 1404 0 -26 26 0
2808 1404 0 -25 25 0
2808 1404 0 -24 24 0
2808 1404 0 -23 23 0
2808 1404 0 -22 22 0
2808 1404 0 -21 21 0
2808 1404 0 -20 20 0
2808 1404 0 -19 19 0
2808 1404 0 -18 18 0
2808 1404 0 -17 17 0
2808 1404 0 -16 16 0
2808 1404 0 -15 15 0
2808 1404 0 -14 14 0
2808 1404 0 -13 13 0
2808 1404 0 -12 12 0
2808 1404 0 -11 11 0
2808 1404 0 -10 10 0
2808 1404 0 -9 9 0
2808 1404 0 -8 8 0
2808 1404 0 -7 7 0
2808 1404 0 -6 6 0
2808 1404 0 -5 5 0
2808 1404 0 -4 4 0
2808 1404 0 -3 3 0
2808 1404 0 -2 2 0
2808 1404 0 -1 1 0
2808 1404 0 1 -1 0
2808 1404 0 2 -2 0
2808 1404 0 3 -3 0
2808 1404 0 4 -4 0
2808 1404 0 5 -5 0
2808 1404 0 6 -6 0
2808 1404 0 7 -7 0
2808 1404 0 8 -8 0
2808 1404 0 9 -9 0
2808 1404 0 10 -10 0
2808 1404 0 11 -11 0
2808 1404 0 12 -12 0
2808 1404 0 13 -13 0
2808 1404 0 14 -14 0
2808 1404 0 15 -15 0
2808 1404 0 16 -16 0
2808 1404 0 17 -17 0
2808 1404 0 18 -18 0
2808 1404 0 19 -19 0
2808 1404 0 20 -20 0
2808 1404 0 21 -21 0
2808 1404 0 22 -22 0
2808 1404 0 23 -23 0
2808 1404 0 24 -24 0
2808 1404 0 25 -25 0
2808 1404 0 26 -26 0
2808 1404 0 27 -27 0
2808 1404 0 28 -28 0
2808 1404 0 29 -29 0
2808 1404 0 30 -30 0
2808 1404 0 31 -31 0
2808 1404 0 32 -32 0
2808 1404 0 33 -33 0
2808 1404 0 34 -34 0
2808 1404 0 35 -35 0
2808 1404 0 36 -36 0
2808 1404 0 37 -37 0
2808 1404 0 38 -38 0
2808 1404 0 39 -39 0
2808 1404 0 40 -40 0
2808 1404 0 41 -41 0
2808 1404 0 42 -42 0
2808 1404 0 43 -43 0
2808 1404 0 44 -44 0
2808 1404 0 45 -45 0
2808 1404 0 46 -46 0
2808 1404 0 47 -47 0
2808 1404 0 48 -48 0
2808 1404 0 49 -49 0
2808 1404 0 50 -50 0
2808 1404 0 51 -51 0
2808 1404 0 52 -52 0
2808 1404 0 53 -53 0
2808 1404 0 54 -54 0
2808 1404 0 55 -55 0
2808 1404 0 56 -56 0
2808 1404 0 57 -57 0
2808 1404 0 58 -58 0
2808 1404 0 59 -59 0
2808 1404 0 60 -60 0
2808 1404 0 61 -61 0
2808 1404 0 62 -62 0
2808 1404 0 63 -63 0
2808 1404 0 64 -64 0
2808 1404 0 65 -65 0
2808 1404 0 66 -66 0
2808 1404 0 67 -67 0
2808 1404 0 68 -68 0
2808 1404 0 69 -69 0
2808 1404 0 70 -70 0
2808 1404 0 71 -71 0
2808 1404 0 72 -72 0
2808 1404 0 73 -73 0
2808 1404 0 74 -74 0
2808 1404 0 75 -75 0
2808 1404 0 76 -76 0
2808 1404 0 77 -77 0
2808 1404 0 78 -78 0
2808 1404 0 79 -79 0
2808 1404 0 80 -80 0
2808 1404 0 81 -81 0
2808 1404 0 82 -82 0
2808 1404 0 83 -83 0
2808 1404 0 84 -84 0
2808 1404 0 85 -85 0
2808 1404 0 86 -86 0
2808 1404 0 87 -87 0
2808 1404 0 88 -88 0
2808 1404 0 89 -89 0
2808 1404 0 90 -90 0
2808 1404 0 91 -91 0
2808 1404 0 92 -92 0
2808 1404 0 93 -93 0
2808 1404 0 94 -94 0
2808 1404 0 95 -95 0
2808 1404 0 96 -96 0
2808 1404 0 97 -97 0
2808 1404 0 98 -98 0
2808 1404 0 99 -99 0
2808 1404 0 100 -100 0
2808 1404 0 101 -101 0
2808 1404 0 102 -102 0
2808 1404 0 103 -103 0
2808 1404 0 104 -104 0
2808 1404 0 105 -105 0
2808 1404 0 106 -106 0
2808 1404 0 107 -107 0
2808 1404 0 108 -108 0
2808 1404 0 109 -109 0
2808 1404 0 110 -110 0
2808 1404 0 111 -111 0
2808 1404 0 112 -112 0
2808 1404 0 113 -113 0
2808 1404 0 114 -114 0
2808 1404 0 115 -115 0
2808 1404 0 116 -116 0
2808 1404 0 117 -117 0
2808 1404 0 118 -118 0
2808 1404 0 119 -119 0
2808 1404 0 120 -120 0
2808 1404 0 121 -121 0
2808 1404 0 122 -122 0
2808 1404 0 123 -123 0
2808 1404 0 124 -124 0
2808 1404 0 125 -125 0
2808 1404 0 126 -126 0
2808 1404 0 127 -127 0
2808 1404 0 128 -128 0
2808 1404 0 129 -129 0
2808 1404 0 130 -130 0
2808 1404 0 131 -131 0
2808 1404 0 132 -132 0
2808 1404 0 133 -133 0
2808 1404 0 134 -134 0
2808 1404 0 135 -135 0
2808 1404 0 136 -136 0
2808 1404 0 137 -137 0
2808 1404 0 138 -138 0
2808 1404 0 139 -139 0
2808 1404 0 140 -140 0
2808 1404 0 141 -141 0
2808 1404 0 142 -142 0
2808 1404 0 143 -143 0
2808 1404 0 144 -144 0
2808 1404 0 145 -145 0
2808 1404 0 146 -146 0
2808 1404 0 147 -147 0
2808 1404 0 148 -148 0
2808 1404 0 149 -149 0
2808 1404 0 150 -150 0
2810 1405 0 -150 150 0
2810 1405 0 -149 149 0
2810 1405 0 -148 148 0
2810 1405 0 -147 147 0
2810 1405 0 -146 146 0
2810 1405 0 -145 145 0
2810 1405 0 -144 144 0
2810 1405 0 -143 143 0
2810 1405 0 -142 142 0
2810 1405 0 -141 141 0
2810 1405 0 -140 140 0
2810 1405 0 -139 139 0
2810 1405 0 -138 138 0
2810 1405 0 -137 137 0
2810 1405 0 -136 136 0
2810 1405 0 -135 135 0
2810 1405 0 -134 134 0
2810 1405 0 -133 133 0
2810 1405 0 -132 132 0
2810 1405 0 -131 131 0
2810 1405 0 -130 130 0
2810 1405 0 -129 129 0
2810 1405 0 -128 128 0
2810 1405 0 -127 127 0
2810 1405 0 -126 126 0
2810 1405 0 -125 125 0
2810 1405 0 -124 124 0
2810 1405 0 -123 123 0
2810 1405 0 -122 122 0
2810 1405 0 -121 121 0
2810 1405 0 -120 120 0
2810 1405 0 -119 119 0
2810 1405 0 -118 118 0
2810 1405 0 -117 117 0
2810 1405 0 -116 116 0
2810 1405 0 -115 115 0
2810 1405 0 -114 114 0
2810 1405 0 -113 113 0
2810 1405 0 -112 112 0
2810 1405 0 -111 111 0
2810 1405 0 -110 110 0
2810 1405 0 -109 109 0
2810 1405 0 -108 108 0
2810 1405 0 -107 107 0
2810 1405 0 -106 106 0
2810 1405 0 -105 105 0
2810 1405 0 -104 104 0
2810 1405 0 -103 103 0
2810 1405 0 -102 102 0
2810 1405 0 -101 101 0
2810 1405 0 -100 100 0
2810 1405 0 -99 99 0
2810 1405 0 -98 98 0
2810 1405 0 -97 97 0
2810 1405 0 -96 96 0
2810 1405 0 -95 95 0
2810 1405 0 -94 94 0
2810 1405 0 -93 93 0
2810 1405 0 -92 92 0
2810 1405 0 -91 91 0
2810 1405 0 -90 90 0
2810 1405 0 -89 89 0
2810 1405 0 -88 88 0
2810 1405 0 -87 87 0
2810 1405 0 -86 86 0
2810 1405 0 -85 85 0
2810 1405 0 -84 84 0
2810 1405 0 -83 83 0
2810 1405 0 -82 82 0
2810 1405 0 -81 81 0
2810 1405 0 -80 80 0
2810 1405 0 -79 79 0
2810 1405 0 -78 78 0
2810 1405 0 -77 77 0
2810 1405 0 -76 76 0
2810 1405 0 -75 75 0
2810 1405 0 -74 74 0
2810 1405 0 -73 73 0
2810 1405 0 -72 72 0
2810 1405 0 -71 71 0
2810 1405 0 -70 70 0
2810 1405 0 -69 69 0
2810 1405 0 -68 68 0
2810 1405 0 -67 67 0
2810 1405 0 -66 66 0
2810 1405 0 -65 65 0
2810 1405 0 -64 64 0
2810 1405 0 -63 63 0
2810 1405 0 -62 62 0
2810 1405 0 -61 61 0
2810 1405 0 -60 60 0
2810 1405 0 -59 59 0
2810 1405 0 -58 58 0
2810 1405 0 -57 57 0
2810 1405 0 -56 56 0
2810 1405 0 -55 55 0
2810 1405 0 -54 54 0
2810 1405 0 -53 53 0
2810 1405 0 -52 52 0
2810 1405 0 -51 51 0
2810 1405 0 -50 50 0
2810 1405 0 -49 49 0
2810 1405 0 -48 48 0
2810 1405 0 -47 47 0
2810 1405 0 -46 46 0
2810 1405 0 -45 45 0
2810 1405 0 -44 44 0
2810 1405 0 -43 43 0
2810 1405 0 -42 42 0
2810 1405 0 -41 41 0
2810 1405 0 -40 40 0
2810 1405 0 -39 39 0
2810 1405 0 -38 38 0
2810 1405 0 -37 37 0
2810 1405 0 -36 36 0
2810 1405 0 -35 35 0
2810 1405 0 -34 34 0
2810 1405 0 -33 33 0
2810 1405 0 -32 32 0
2810 1405 0 -31 31 0
2810 1405 0 -30 30 0
2810 1405 0 -29 29 0
2810 1405 0 -28 28 0
2810 1405 0 -27 27 0
2810 1405 0 -26 26 0
2810 1405 0 -25 25 0
2810 1405 0 -24 24 0
2810 1405 0 -23 23 0
2810 1405 0 -22 22 0
2810 1405 0 -21 21 0
2810 1405 0 -20 20 0
2810 1405 0 -19 19 0
2810 1405 0 -18 18 0
2810 1405 0 -17 17 0
2810 1405 0 -16 16 0
2810 1405 0 -15 15 0
2810 1405 0 -14 14 0
2810 1405 0 -13 13 0
2810 1405 0 -12 12 0
2810 1405 0 -11 11 0
2810 1405 0 -10 10 0
2810 1405 0 -9 9 0
2810 1405 0 -8 8 0
2810 1405 0 -7 7 0
2810 1405 0 -6 6 0
2810 1405 0 -5 5 0
2810 1405 0 -4 4 0
2810 1405 0 -3 3 0
2810 1405 0 -2 2 0
2810 1405 0 -1 1 0
2810 1405 0 1 -1 0
2810 1405 0 2 -2 0
2810 1405 0 3 -3 0
2810 1405 0 4 -4 0
2810 1405 0 5 -5 0
2810 1405 0 6 -6 0
2810 1405 0 7 -7 0
2810 1405 0 8 -8 0
2810 1405 0 9 -9 0
2810 1405 0 10 -10 0
2810 1405 0 11 -11 0
2810 1405 0 12 -12 0
2810 1405 0 13 -13 0
2810 1405 0 14 -14 0
2810 1405 0 15 -15 0
2810 1405 0 16 -16 0
2810 1405 0 17 -17 0
2810 1405 0 18 -18 0
2810 1405 0 19 -19 0
2810 1405 0 20 -20 0
2810 1405 0 21 -21 0
2810 1405 0 22 -22 0
2810 1405 0 23 -23 0
2810 1405 0 24 -24 0
2810 1405 0 25 -25 0
2810 1405 0 26 -26 0
2810 1405 0 27 -27 0
2810 1405 0 28 -28 0
2810 1405 0 29 -29 0
2810 1405 0 30 -30 0
2810 1405 0 31 -31 0
2810 1405 0 32 -32 0
2810 1405 0 33 -33 0
2810 1405 0 34 -34 0
2810 1405 0 35 -35 0
2810 1405 0 36 -36 0
2810 1405 0 37 -37 0
2810 1405 0 38 -38 0
2810 1405 0 39 -39 0
2810 1405 0 40 -40 0
2810 1405 0 41 -41 0
2810 1405 0 42 -42 0
2810 1405 0 43 -43 0
2810 1405 0 44 -44 0
2810 1405 0 45 -45 0
2810 1405 0 46 -46 0
2810 1405 0 47 -47 0
2810 1405 0 48 -48 0
2810 1405 0 49 -49 0
2810 1405 0 50 -50 0
2810 1405 0 51 -51 0
2810 1405 0 52 -52 0
2810 1405 0 53 -53 0
2810 1405 0 54 -54 0
2810 1405 0 55 -55 0
2810 1405 0 56 -56 0
2810 1405 0 57 -57 0
2810 1405 0 58 -58 0
2810 1405 0 59 -59 0
2810 1405 0 60 -60 0
2810 1405 0 61 -61 0
2810 1405 0 62 -62 0
2810 1405 0 63 -63 0
2810 1405 0 64 -64 0
2810 1405 0 65 -65 0
2810 1405 0 66 -66 0
2810 1405 0 67 -67 0
2810 1405 0 68 -68 0
2810 1405 0 69 -69 0
2810 1405 0 70 -70 0
2810 1405 0 71 -71 0
2810 1405 0 72 -72 0
2810 1405 0 73 -73 0
2810 1405 0 74 -74 0
2810 1405 0 75 -75 0
2810 1405 0 76 -76 0
2810 1405 0 77 -77 0
2810 1405 0 78 -78 0
2810 1405 0 79 -79 0
2810 1405 0 80 -80 0
2810 1405 0 81 -81 0
2810 1405 0 82 -82 0
2810 1405 0 83 -83 0
2810 1405 0 84 -84 0
2810 1405 0 85 -85 0
2810 1405 0 86 -86 0
2810 1405 0 87 -87 0
2810 1405 0 88 -88 0
2810 1405 0 89 -89 0
2810 1405 0 90 -90 0
2810 1405 0 91 -91 0
2810 1405 0 92 -92 0
2810 1405 0 93 -93 0
2810 1405 0 94 -94 0
2810 1405 0 95 -95 0
2810 1405 0 96 -96 0
2810 1405 0 97 -97 0
2810 1405 0 98 -98 0
2810 1405 0 99 -99 0
2810 1405 0 100 -100 0
2810 1405 0 101 -101 0
2810 1405 0 102 -102 0
2810 1405 0 103 -103 0
2810 1405 0 104 -104 0
2810 1405 0 105 -105 0
2810 1405 0 106 -106 0
2810 1405 0 107 -107 0
2810 1405 0 108 -108 0
2810 1405 0 109 -109 0
2810 1405 0 110 -110 0
2810 1405 0 111 -111 0
2810 1405 0 112 -112 0
2810 1405 0 113 -113 0
2810 1405 0 114 -114 0
2810 1405 0 115 -115 0
2810 1405 0 116 -116 0
2810 1405 0 117 -117 0
2810 1405 0 118 -118 0
2810 1405 0 119 -119 0
2810 1405 0 120 -120 0
2810 1405 0 121 -121 0
2810 1405 0 122 -122 0
2810 1405 0 123 -123 0
2810 1405 0 124 -124 0
2810 1405 0 125 -125 0
2810 1405 0 126 -126 0
2810 1405 0 127 -127 0
2810 1405 0 128 -128 0
2810 1405 0 129 -129 0
2810 1405 0 130 -130 0
2810 1405 0 131 -131 0
2810 1405 0 132 -132 0
2810 1405 0 133 -133 0
2810 1405 0 134 -134 0
2810 1405 0 135 -135 0
2810 1405 0 136 -136 0
2810 1405 0 137 -137 0
2810 1405 0 138 -138 0
2810 1405 0 139 -139 0
2810 1405 0 140 -140 0
2810 1405 0 141 -141 0
2810 1405 0 142 -142 0
2810 1405 0 143 -143 0
2810 1405 0 144 -144 0
2810 1405 0 145 -145 0
2810 1405 0 146 -146 0
2810 1405 0 147 -147 0
2810 1405 0 148 -148 0
2810 1405 0 149 -149 0
2810 1405 0 150 -150 0
2812 1406 0 -150 150 0
2812 1406 0 -149 149 0
2812 1406 0 -148 148 0
2812 1406 0 -147 147 0
2812 1406 0 -146 146 0
2812 1406 0 -145 145 0
2812 1406 0 -144 144 0
2812 1406 0 -143 143 0
2812 1406 0 -142 142 0
2812 1406 0 -141 141 0
2812 1406 0 -140 140 0
2812 1406 0 -139 139 0
2812 1406 0 -138 138 0
2812 1406 0 -137 137 0
2812 1406 0 -136 136 0
2812 1406 0 -135 135 0
2812 1406 0 -134 134 0
2812 1406 0 -133 133 0
2812 1406 0 -132 132 0
2812 1406 0 -131 131 0
2812 1406 0 -130 130 0
2812 1406 0 -129 129 0
2812 1406 0 -128 128 0
2812 1406 0 -127 127 0
2812 1406 0 -126 126 0
2812 1406 0 -125 125 0
2812 1406 0 -124 124 0
2812 1406 0 -123 123 0
2812 1406 0 -122 122 0
2812 1406 0 -121 121 0
2812 1406 0 -120 120 0
2812 1406 0 -119 119 0
2812 1406 0 -118 118 0
2812 1406 0 -117 117 0
2812 1406 0 -116 116 0
2812 1406 0 -115 115 0
2812 1406 0 -114 114 0
2812 1406 0 -113 113 0
2812 1406 0 -112 112 0
2812 1406 0 -111 111 0
2812 1406 0 -110 110 0
2812 1406 0 -109 109 0
2812 1406 0 -108 108 0
2812 1406 0 -107 107 0
2812 1406 0 -106 106 0
2812 1406 0 -105 105 0
2812 1406 0 -104 104 0
2812 1406 0 -103 103 0
2812 1406 0 -102 102 0
2812 1406 0 -101 101 0
2812 1406 0 -100 100 0
2812 1406 0 -99 99 0
2812 1406 0 -98 98 0
2812 1406 0 -97 97 0
2812 1406 0 -96 96 0
2812 1406 0 -95 95 0
2812 1406 0 -94 94 0
2812 1406 0 -93 93 0
2812 1406 0 -92 92 0
2812 1406 0 -91 91 0
2812 1406 0 -90 90 0
2812 1406 0 -89 89 0
2812 1406 0 -88 88 0
2812 1406 0 -87 87 0
2812 1406 0 -86 86 0
2812 1406 0 -85 85 0
2812 1406 0 -84 84 0
2812 1406 0 -83 83 0
2812 1406 0 -82 82 0
2812 1406 0 -81 81 0
2812 1406 0 -80 80 0
2812 1406 0 -79 79 0
2812 1406 0 -78 78 0
2812 1406 0 -77 77 0
2812 1406 0 -76 76 0
2812 1406 0 -75 75 0
2812 1406 0 -74 74 0
2812 1406 0 -73 73 0
2812 1406 0 -72 72 0
2812 1406 0 -71 71 0
2812 1406 0 -70 70 0
2812 1406 0 -69 69 0
2812 1406 0 -68 68 0
2812 1406 0 -67 67 0
2812 1406 0 -66 66 0
2812 1406 0 -65 65 0
2812 1406 0 -64 64 0
2812 1406 0 -63 63 0
2812 1406 0 -62 62 0
2812 1406 0 -61 61 0
2812 1406 0 -60 60 0
2812 1406 0 -59 59 0
2812 1406 0 -58 58 0
2812 1406 0 -57 57 0
2812 1406 0 -56 56 0
2812 1406 0 -55 55 0
2812 1406 0 -54 54 0
2812 1406 0 -53 53 0
2812 1406 0 -52 52 0
2812 1406 0 -51 51 0
2812 1406 0 -50 50 0
2812 1406 0 -49 49 0
2812 1406 0 -48 48 0
2812 1406 0 -47 47 0
2812 1406 0 -46 46 0
2812 1406 0 -45 45 0
2812 1406 0 -44 44 0
2812 1406 0 -43 43 0
2812 1406 0 -42 42 0
2812 1406 0 -41 41 0
2812 1406 0 -40 40 0
2812 1406 0 -39 39 0
2812 1406 0 -38 38 0
2812 1406 0 -37 37 0
2812 1406 0 -36 36 0
2812 1406 0 -35 35 0
2812 1406 0 -34 34 0
2812 1406 0 -33 33 0
2812 1406 0 -32 32 0
2812 1406 0 -31 31 0
2812 1406 0 -30 30 0
2812 1406 0 -29 29 0
2812 1406 0 -28 28 0
2812 1406 0 -27 27 0
2812 1406 0 -26 26 0
2812 1406 0 -25 25 0
2812 1406 0 -24 24 0
2812 1406 0 -23 23 0
2812 1406 0 -22 22 0
2812 1406 0 -21 21 0
2812 1406 0 -20 20 0
2812 1406 0 -19 19 0
2812 1406 0 -18 18 0
2812 1406 0 -17 17 0
2812 1406 0 -16 16 0
2812 1406 0 -15 15 0
2812 1406 0 -14 14 0
2812 1406 0 -13 13 0
2812 1406 0 -12 12 0
2812 1406 0 -11 11 0
2812 1406 0 -10 10 0
2812 1406 0 -9 9 0
2812 1406 0 -8 8 0
2812 1406 0 -7 7 0
2812 1406 0 -6 6 0
2812 1406 0 -5 5 0
2812 1406 0 -4 4 0
2812 1406 0 -3 3 0
2812 1406 0 -2 2 0
2812 1406 0 -1 1 0
2812 1406 0 1 -1 0
2812 1406 0 2 -2 0
2812 1406 0 3 -3 0
2812 1406 0 4 -4 0
2812 1406 0 5 -5 0
2812 1406 0 6 -6 0
2812 1406 0 7 -7 0
2812 1406 0 8 -8 0
2812 1406 0 9 -9 0
2812 1406 0 10 -10 0
2812 1406 0 11 -11 0
2812 1406 0 12 -12 0
2812 1406 0 13 -13 0
2812 1406 0 14 -14 0
2812 1406 0 15 -15 0
2812 1406 0 16 -16 0
2812 1406 0 17 -17 0
2812 1406 0 18 -18 0
2812 1406 0 19 -19 0
2812 1406 0 20 -20 0
2812 1406 0 21 -21 0
2812 1406 0 22 -22 0
2812 1406 0 23 -23 0
2812 1406 0 24 -24 0
2812 1406 0 25 -25 0
2812 1406 0 26 -26 0
2812 1406 0 27 -27 0
2812 1406 0 28 -28 0
2812 1406 0 29 -29 0
2812 1406 0 30 -30 0
2812 1406 0 31 -31 0
2812 1406 0 32 -32 0
2812 1406 0 33 -33 0
2812 1406 0 34 -34 0
2812 1406 0 35 -35 0
2812 1406 0 36 -36 0
2812 1406 0 37 -37 0
2812 1406 0 38 -38 0
2812 1406 0 39 -39 0
2812 1406 0 40 -40 0
2812 1406 0 41 -41 0
2812 1406 0 42 -42 0
2812 1406 0 43 -43 0
2812 1406 0 44 -44 0
2812 1406 0 45 -45 0
2812 1406 0 46 -46 0
2812 1406 0 47 -47 0
2812 1406 0 48 -48 0
2812 1406 0 49 -49 0
2812 1406 0 50 -50 0
2812 1406 0 51 -51 0
2812 1406 0 52 -52 0
2812 1406 0 53 -53 0
2812 1406 0 54 -54 0
2812 1406 0 55 -55 0
2812 1406 0 56 -56 0
2812 1406 0 57 -57 0
2812 1406 0 58 -58 0
2812 1406 0 59 -59 0
2812 1406 0 60 -60 0
2812 1406 0 61 -61 0
2812 1406 0 62 -62 0
2812 1406 0 63 -63 0
2812 1406 0 64 -64 0
2812 1406 0 65 -65 0
2812 1406 0 66 -66 0
2812 1406 0 67 -67 0
2812 1406 0 68 -68 0
2812 1406 0 69 -69 0
2812 1406 0 70 -70 0
2812 1406 0 71 -71 0
2812 1406 0 72 -72 0
2812 1406 0 73 -73 0
2812 1406 0 74 -74 0
2812 1406 0 75 -75 0
2812 1406 0 76 -76 0
2812 1406 0 77 -77 0
2812 1406 0 78 -78 0
2812 1406 0 79 -79 0
2812 1406 0 80 -80 0
2812 1406 0 81 -81 0
2812 1406 0 82 -82 0
2812 1406 0 83 -83 0
2812 1406 0 84 -84 0
2812 1406 0 85 -85 0
2812 1406 0 86 -86 0
2812 1406 0 87 -87 0
2812 1406 0 88 -88 0
2812 1406 0 89 -89 0
2812 1406 0 90 -90 0
2812 1406 0 91 -91 0
2812 1406 0 92 -92 0
2812 1406 0 93 -93 0
2812 1406 0 94 -94 0
2812 1406 0 95 -95 0
2812 1406 0 96 -96 0
2812 1406 0 97 -97 0
2812 1406 0 98 -98 0
2812 1406 0 99 -99 0
2812 1406 0 100 -100 0
2812 1406 0 101 -101 0
2812 1406 0 102 -102 0
2812 1406 0 103 -103 0
2812 1406 0 104 -104 0
2812 1406 0 105 -105 0
2812 1406 0 106 -106 0
2812 1406 0 107 -107 0
2812 1406 0 108 -108 0
2812 1406 0 109 -109 0
2812 1406 0 110 -110 0
2812 1406 0 111 -111 0
2812 1406 0 112 -112 0
2812 1406 0 113 -113 0
2812 1406 0 114 -114 0
2812 1406 0 115 -115 0
2812 1406 0 116 -116 0
2812 1406 0 117 -117 0
2812 1406 0 118 -118 0
2812 1406 0 119 -119 0
2812 1406 0 120 -120 0
2812 1406 0 121 -121 0
2812 1406 0 122 -122 0
2812 1406 0 123 -123 0
2812 1406 0 124 -124 0
2812 1406 0 125 -125 0
2812 1406 0 126 -126 0
2812 1406 0 127 -127 0
2812 1406 0 128 -128 0
2812 1406 0 129 -129 0
2812 1406 0 130 -130 0
2812 1406 0 131 -131 0
2812 1406 0 132 -132 0
2812 1406 0 133 -133 0
2812 1406 0 134 -134 0
2812 1406 0 135 -135 0
2812 1406 0 136 -136 0
2812 1406 0 137 -137 0
2812 1406 0 138 -138 0
2812 1406 0 139 -139 0
2812 1406 0 140 -140 0
2812 1406 0 141 -141 0
2812 1406 0 142 -142 0
2812 1406 0 143 -143 0
2812 1406 0 144 -144 0
2812 1406 0 145 -145 0
2812 1406 0 146 -146 0
2812 1406 0 147 -147 0
2812 1406 0 148 -148 0
2812 1406 0 149 -149 0
2812 1406 0 150 -150 0
2814 1407 0 -150 150 0
2814 1407 0 -149 149 0
2814 1407 0 -148 148 0
2814 1407 0 -147 147 0
2814 1407 0 -146 146 0
2814 1407 0 -145 145 0
2814 1407 0 -144 144 0
2814 1407 0 -143 143 0
2814 1407 0 -142 142 0
2814 1407 0 -141 141 0
2814 1407 0 -140 140 0
2814 1407 0 -139 139 0
2814 1407 0 -138 138 0
2814 1407 0 -137 137 0
2814 1407 0 -136 136 0
2814 1407 0 -135 135 0
2814 1407 0 -134 134 0
2814 1407 0 -133 133 0
2814 1407 0 -132 132 0
2814 1407 0 -131 131 0
2814 1407 0 -130 130 0
2814 1407 0 -129 129 0
2814 1407 0 -128 128 0
2814 1407 0 -127 127 0
2814 1407 0 -126 126 0
2814 1407 0 -125 125 0
2814 1407 0 -124 124 0
2814 1407 0 -123 123 0
2814 1407 0 -122 122 0
2814 1407 0 -121 121 0
2814 1407 0 -120 120 0
2814 1407 0 -119 119 0
2814 1407 0 -118 118 0
2814 1407 0 -117 117 0
2814 1407 0 -116 116 0
2814 1407 0 -115 115 0
2814 1407 0 -114 114 0
2814 1407 0 -113 113 0
2814 1407 0 -112 112 0
2814 1407 0 -111 111 0
2814 1407 0 -110 110 0
2814 1407 0 -109 109 0
2814 1407 0 -108 108 0
2814 1407 0 -107 107 0
2814 1407 0 -106 106 0
2814 1407 0 -105 105 0
2814 1407 0 -104 104 0
2814 1407 0 -103 103 0
2814 1407 0 -102 102 0
2814 1407 0 -101 101 0
2814 1407 0 -100 100 0
2814 1407 0 -99 99 0
2814 1407 0 -98 98 0
2814 1407 0 -97 97 0
2814 1407 0 -96 96 0
2814 1407 0 -95 95 0
2814 1407 0 -94 94 0
2814 1407 0 -93 93 0
2814 1407 0 -92 92 0
2814 1407 0 -91 91 0
2814 1407 0 -90 90 0
2814 1407 0 -89 89 0
2814 1407 0 -88 88 0
2814 1407 0 -87 87 0
2814 1407 0 -86 86 0
2814 1407 0 -85 85 0
2814 1407 0 -84 84 0
2814 1407 0 -83 83 0
2814 1407 0 -82 82 0
2814 1407 0 -81 81 0
2814 1407 0 -80 80 0
2814 1407 0 -79 79 0
2814 1407 0 -78 78 0
2814 1407 0 -77 77 0
2814 1407 0 -76 76 0
2814 1407 0 -75 75 0
2814 1407 0 -74 74 0
2814 1407 0 -73 73 0
2814 1407 0 -72 72 0
2814 1407 0 -71 71 0
2814 1407 0 -70 70 0
2814 1407 0 -69 69 0
2814 1407 0 -68 68 0
2814 1407 0 -67 67 0
2814 1407 0 -66 66 0
2814 1407 0 -65 65 0
2814 1407 0 -64 64 0
2814 1407 0 -63 63 0
2814 1407 0 -62 62 0
2814 1407 0 -61 61 0
2814 1407 0 -60 60 0
2814 1407 0 -59 59 0
2814 1407 0 -58 58 0
2814 1407 0 -57 57 0
2814 1407 0 -56 56 0
2814 1407 0 -55 55 0
2814 1407 0 -54 54 0
2814 1407 0 -53 53 0
2814 1407 0 -52 52 0
2814 1407 0 -51 51 0
2814 1407 0 -50 50 0
2814 1407 0 -49 49 0
2814 1407 0 -48 48 0
2814 1407 0 -47 47 0
2814 1407 0 -46 46 0
2814 1407 0 -45 45 0
2814 1407 0 -44 44 0
2814 1407 0 -43 43 0
2814 1407 0 -42 42 0
2814 1407 0 -41 41 0
2814 1407 0 -40 40 0
2814 1407 0 -39 39 0
2814 1407 0 -38 38 0
2814 1407 0 -37 37 0
2814 1407 0 -36 36 0
2814 1407 0 -35 35 0
2814 1407 0 -34 34 0
2814 1407 0 -33 33 0
2814 1407 0 -32 32 0
2814 1407 0 -31 31 0
2814 1407 0 -30 30 0
2814 1407 0 -29 29 0
2814 1407 0 -28 28 0
2814 1407 0 -27 27 0
2814 1407 0 -26 26 0
2814 1407 0 -25 25 0
2814 1407 0 -24 24 0
2814 1407 0 -23 23 0
2814 1407 0 -22 22 0
2814 1407 0 -21 21 0
2814 1407 0 -20 20 0
2814 1407 0 -19 19 0
2814 1407 0 -18 18 0
2814 1407 0 -17 17 0
2814 1407 0 -16 16 0
2814 1407 0 -15 15 0
2814 1407 0 -14 14 0
2814 1407 0 -13 13 0
2814 1407 0 -12 12 0
2814 1407 0 -11 11 0
2814 1407 0 -10 10 0
2814 1407 0 -9 9 0
2814 1407 0 -8 8 0
2814 1407 0 -7 7 0
2814 1407 0 -6 6 0
2814 1407 0 -5 5 0
2814 1407 0 -4 4 0
2814 1407 0 -3 3 0
2814 1407 0 -2 2 0
2814 1407 0 -1 1 0
2814 1407 0 1 -1 0
2814 1407 0 2 -2 0
2814 1407 0 3 -3 0
2814 1407 0 4 -4 0
2814 1407 0 5 -5 0
2814 1407 0 6 -6 0
2814 1407 0 7 -7 0
2814 1407 0 8 -8 0
2814 1407 0 9 -9 0
2814 1407 0 10 -10 0
2814 1407 0 11 -11 0
2814 1407 0 12 -12 0
2814 1407 0 13 -13 0
2814 1407 0 14 -14 0
2814 1407 0 15 -15 0
2814 1407 0 16 -16 0
2814 1407 0 17 -17 0
2814 1407 0 18 -18 0
2814 1407 0 19 -19 0
2814 1407 0 20 -20 0
2814 1407 0 21 -21 0
2814 1407 0 22 -22 0
2814 1407 0 23 -23 0
2814 1407 0 24 -24 0
2814 1407 0 25 -25 0
2814 1407 0 26 -26 0
2814 1407 0 27 -27 0
2814 1407 0 28 -28 0
2814 1407 0 29 -29 0
2814 1407 0 30 -30 0
2814 1407 0 31 -31 0
2814 1407 0 32 -32 0
2814 1407 0 33 -33 0
2814 1407 0 34 -34 0
2814 1407 0 35 -35 0
2814 1407 0 36 -36 0
2814 1407 0 37 -37 0
2814 1407 0 38 -38 0
2814 1407 0 39 -39 0
2814 1407 0 40 -40 0
2814 1407 0 41 -41 0
2814 1407 0 42 -42 0
2814 1407 0 43 -43 0
2814 1407 0 44 -44 0
2814 1407 0 45 -45 0
2814 1407 0 46 -46 0
2814 1407 0 47 -47 0
2814 1407 0 48 -48 0
2814 1407 0 49 -49 0
2814 1407 0 50 -50 0
2814 1407 0 51 -51 0
2814 1407 0 52 -52 0
2814 1407 0 53 -53 0
2814 1407 0 54 -54 0
2814 1407 0 55 -55 0
2814 1407 0 56 -56 0
2814 1407 0 57 -57 0
2814 1407 0 58 -58 0
2814 1407 0 59 -59 0
2814 1407 0 60 -60 0
2814 1407 0 61 -61 0
2814 1407 0 62 -62 0
2814 1407 0 63 -63 0
2814 1407 0 64 -64 0
2814 1407 0 65 -65 0
2814 1407 0 66 -66 0
2814 1407 0 67 -67 0
2814 1407 0 68 -68 0
2814 1407 0 69 -69 0
2814 1407 0 70 -70 0
2814 1407 0 71 -71 0
2814 1407 0 72 -72 0
2814 1407 0 73 -73 0
2814 1407 0 74 -74 0
2814 1407 0 75 -75 0
2814 1407 0 76 -76 0
2814 1407 0 77 -77 0
2814 1407 0 78 -78 0
2814 1407 0 79 -79 0
2814 1407 0 80 -80 0
2814 1407 0 81 -81 0
2814 1407 0 82 -82 0
2814 1407 0 83 -83 0
2814 1407 0 84 -84 0
2814 1407 0 85 -85 0
2814 1407 0 86 -86 0
2814 1407 0 87 -87 0
2814 1407 0 88 -88 0
2814 1407 0 89 -89 0
2814 1407 0 90 -90 0
2814 1407 0 91 -91 0
2814 1407 0 92 -92 0
2814 1407 0 93 -93 0
2814 1407 0 94 -94 0
2814 1407 0 95 -95 0
2814 1407 0 96 -96 0
2814 1407 0 97 -97 0
2814 1407 0 98 -98 0
2814 1407 0 99 -99 0
2814 1407 0 100 -100 0
2814 1407 0 101 -101 0
2814 1407 0 102 -102 0
2814 1407 0 103 -103 0
2814 1407 0 104 -104 0
2814 1407 0 105 -105 0
2814 1407 0 106 -106 0
2814 1407 0 107 -107 0
2814 1407 0 108 -108 0
2814 1407 0 109 -109 0
2814 1407 0 110 -110 0
2814 1407 0 111 -111 0
2814 1407 0 112 -112 0
2814 1407 0 113 -113 0
2814 1407 0 114 -114 0
2814 1407 0 115 -115 0
2814 1407 0 116 -116 0
2814 1407 0 117 -117 0
2814 1407 0 118 -118 0
2814 1407 0 119 -119 0
2814 1407 0 120 -120 0
2814 1407 0 121 -121 0
2814 1407 0 122 -122 0
2814 1407 0 123 -123 0
2814 1407 0 124 -124 0
2814 1407 0 125 -125 0
2814 1407 0 126 -126 0
2814 1407 0 127 -127 0
2814 1407 0 128 -128 0
2814 1407 0 129 -129 0
2814 1407 0 130 -130 0
2814 1407 0 131 -131 0
2814 1407 0 132 -132 0
2814 1407 0 133 -133 0
2814 1407 0 134 -134 0
2814 1407 0 135 -135 0
2814 1407 0 136 -136 0
2814 1407 0 137 -137 0
2814 1407 0 138 -138 0
2814 1407 0 139 -139 0
2814 1407 0 140 -140 0
2814 1407 0 141 -141 0
2814 1407 0 142 -142 0
2814 1407 0 143 -143 0
2814 1407 0 144 -144 0
2814 1407 0 145 -145 0
2814 1407 0 146 -146 0
2814 1407 0 147 -147 0
2814 1407 0 148 -148 0
2814 1407 0 149 -149 0
2814 1407 0 150 -150 0
2816 1408 0 -150 150 0
2816 1408 0 -149 149 0
2816 1408 0 -148 148 0
2816 1408 0 -147 147 0
2816 1408 0 -146 146 0
2816 1408 0 -145 145 0
2816 1408 0 -144 144 0
2816 1408 0 -143 143 0
2816 1408 0 -142 142 0
2816 1408 0 -141 141 0
2816 1408 0 -140 140 0
2816 1408 0 -139 139 0
2816 1408 0 -138 138 0
2816 1408 0 -137 137 0
2816 1408 0 -136 136 0
2816 1408 0 -135 135 0
2816 1408 0 -134 134 0
2816 1408 0 -133 133 0
2816 1408 0 -132 132 0
2816 1408 0 -131 131 0
2816 1408 0 -130 130 0
2816 1408 0 -129 129 0
2816 1408 0 -128 128 0
2816 1408 0 -127 127 0
2816 1408 0 -126 126 0
2816 1408 0 -125 125 0
2816 1408 0 -124 124 0
2816 1408 0 -123 123 0
2816 1408 0 -122 122 0
2816 1408 0 -121 121 0
2816 1408 0 -120 120 0
2816 1408 0 -119 119 0
2816 1408 0 -118 118 0
2816 1408 0 -117 117 0
2816 1408 0 -116 116 0
2816 1408 0 -115 115 0
2816 1408 0 -114 114 0
2816 1408 0 -113 113 0
2816 1408 0 -112 112 0
2816 1408 0 -111 111 0
2816 1408 0 -110 110 0
2816 1408 0 -109 109 0
2816 1408 0 -108 108 0
2816 1408 0 -107 107 0
2816 1408 0 -106 106 0
2816 1408 0 -105 105 0
2816 1408 0 -104 104 0
2816 1408 0 -103 103 0
2816 1408 0 -102 102 0
2816 1408 0 -101 101 0
2816 1408 0 -100 100 0
2816 1408 0 -99 99 0
2816 1408 0 -98 98 0
2816 1408 0 -97 97 0
2816 1408 0 -96 96 0
2816 1408 0 -95 95 0
2816 1408 0 -94 94 0
2816 1408 0 -93 93 0
2816 1408 0 -92 92 0
2816 1408 0 -91 91 0
2816 1408 0 -90 90 0
2816 1408 0 -89 89 0
2816 1408 0 -88 88 0
2816 1408 0 -87 87 0
2816 1408 0 -86 86 0
2816 1408 0 -85 85 0
2816 1408 0 -84 84 0
2816 1408 0 -83 83 0
2816 1408 0 -82 82 0
2816 1408 0 -81 81 0
2816 1408 0 -80 80 0
2816 1408 0 -79 79 0
2816 1408 0 -78 78 0
2816 1408 0 -77 77 0
2816 1408 0 -76 76 0
2816 1408 0 -75 75 0
2816 1408 0 -74 74 0
2816 1408 0 -73 73 0
2816 1408 0 -72 72 0
2816 1408 0 -71 71 0
2816 1408 0 -70 70 0
2816 1408 0 -69 69 0
2816 1408 0 -68 68 0
2816 1408 0 -67 67 0
2816 1408 0 -66 66 0
2816 1408 0 -65 65 0
2816 1408 0 -64 64 0
2816 1408 0 -63 63 0
2816 1408 0 -62 62 0
2816 1408 0 -61 61 0
2816 1408 0 -60 60 0
2816 1408 0 -59 59 0
2816 1408 0 -58 58 0
2816 1408 0 -57 57 0
2816 1408 0 -56 56 0
2816 1408 0 -55 55 0
2816 1408 0 -54 54 0
2816 1408 0 -53 53 0
2816 1408 0 -52 52 0
2816 1408 0 -51 51 0
2816 1408 0 -50 50 0
2816 1408 0 -49 49 0
2816 1408 0 -48 48 0
2816 1408 0 -47 47 0
2816 1408 0 -46 46 0
2816 1408 0 -45 45 0
2816 1408 0 -44 44 0
2816 1408 0 -43 43 0
2816 1408 0 -42 42 0
2816 1408 0 -41 41 0
2816 1408 0 -40 40 0
2816 1408 0 -39 39 0
2816 1408 0 -38 38 0
2816 1408 0 -37 37 0
2816 1408 0 -36 36 0
2816 1408 0 -35 35 0
2816 1408 0 -34 34 0
2816 1408 0 -33 33 0
2816 1408 0 -32 32 0
2816 1408 0 -31 31 0
2816 1408 0 -30 30 0
2816 1408 0 -29 29 0
2816 1408 0 -28 28 0
2816 1408 0 -27 27 0
2816 1408 0 -26 26 0
2816 1408 0 -25 25 0
2816 1408 0 -24 24 0
2816 1408 0 -23 23 0
2816 1408 0 -22 22 0
2816 1408 0 -21 21 0
2816 1408 0 -20 20 0
2816 1408 0 -19 19 0
2816 1408 0 -18 18 0
2816 1408 0 -17 17 0
2816 1408 0 -16 16 0
2816 1408 0 -15 15 0
2816 1408 0 -14 14 0
2816 1408 0 -13 13 0
2816 1408 0 -12 12 0
2816 1408 0 -11 11 0
2816 1408 0 -10 10 0
2816 1408 0 -9 9 0
2816 1408 0 -8 8 0
2816 1408 0 -7 7 0
2816 1408 0 -6 6 0
2816 1408 0 -5 5 0
2816 1408 0 -4 4 0
2816 1408 0 -3 3 0
2816 1408 0 -2 2 0
2816 1408 0 -1 1 0
2816 1408 0 1 -1 0
2816 1408 0 2 -2 0
2816 1408 0 3 -3 0
2816 1408 0 4 -4 0
2816 1408 0 5 -5 0
2816 1408 0 6 -6 0
2816 1408 0 7 -7 0
2816 1408 0 8 -8 0
2816 1408 0 9 -9 0
2816 1408 0 10 -10 0
2816 1408 0 11 -11 0
2816 1408 0 12 -12 0
2816 1408 0 13 -13 0
2816 1408 0 14 -14 0
2816 1408 0 15 -15 0
2816 1408 0 16 -16 0
2816 1408 0 17 -17 0
2816 1408 0 18 -18 0
2816 1408 0 19 -19 0
2816 1408 0 20 -20 0
2816 1408 0 21 -21 0
2816 1408 0 22 -22 0
2816 1408 0 23 -23 0
2816 1408 0 24 -24 0
2816 1408 0 25 -25 0
2816 1408 0 26 -26 0
2816 1408 0 27 -27 0
2816 1408 0 28 -28 0
2816 1408 0 29 -29 0
2816 1408 0 30 -30 0
2816 1408 0 31 -31 0
2816 1408 0 32 -32 0
2816 1408 0 33 -33 0
2816 1408 0 34 -34 0
2816 1408 0 35 -35 0
2816 1408 0 36 -36 0
2816 1408 0 37 -37 0
2816 1408 0 38 -38 0
2816 1408 0 39 -39 0
2816 1408 0 40 -40 0
2816 1408 0 41 -41 0
2816 1408 0 42 -42 0
2816 1408 0 43 -43 0
2816 1408 0 44 -44 0
2816 1408 0 45 -45 0
2816 1408 0 46 -46 0
2816 1408 0 47 -47 0
2816 1408 0 48 -48 0
2816 1408 0 49 -49 0
2816 1408 0 50 -50 0
2816 1408 0 51 -51 0
2816 1408 0 52 -52 0
2816 1408 0 53 -53 0
2816 1408 0 54 -54 0
2816 1408 0 55 -55 0
2816 1408 0 56 -56 0
2816 1408 0 57 -57 0
2816 1408 0 58 -58 0
2816 1408 0 59 -59 0
2816 1408 0 60 -60 0
2816 1408 0 61 -61 0
2816 1408 0 62 -62 0
2816 1408 0 63 -63 0
2816 1408 0 64 -64 0
2816 1408 0 65 -65 0
2816 1408 0 66 -66 0
2816 1408 0 67 -67 0
2816 1408 0 68 -68 0
2816 1408 0 69 -69 0
2816 1408 0 70 -70 0
2816 1408 0 71 -71 0
2816 1408 0 72 -72 0
2816 1408 0 73 -73 0
2816 1408 0 74 -74 0
2816 1408 0 75 -75 0
2816 1408 0 76 -76 0
2816 1408 0 77 -77 0
2816 1408 0 78 -78 0
2816 1408 0 79 -79 0
2816 1408 0 80 -80 0
2816 1408 0 81 -81 0
2816 1408 0 82 -82 0
2816 1408 0 83 -83 0
2816 1408 0 84 -84 0
2816 1408 0 85 -85 0
2816 1408 0 86 -86 0
2816 1408 0 87 -87 0
2816 1408 0 88 -88 0
2816 1408 0 89 -89 0
2816 1408 0 90 -90 0
2816 1408 0 91 -91 0
2816 1408 0 92 -92 0
2816 1408 0 93 -93 0
2816 1408 0 94 -94 0
2816 1408 0 95 -95 0
2816 1408 0 96 -96 0
2816 1408 0 97 -97 0
2816 1408 0 98 -98 0
2816 1408 0 99 -99 0
2816 1408 0 100 -100 0
2816 1408 0 101 -101 0
2816 1408 0 102 -102 0
2816 1408 0 103 -103 0
2816 1408 0 104 -104 0
2816 1408 0 105 -105 0
2816 1408 0 106 -106 0
2816 1408 0 107 -107 0
2816 1408 0 108 -108 0
2816 1408 0 109 -109 0
2816 1408 0 110 -110 0
2816 1408 0 111 -111 0
2816 1408 0 112 -112 0
2816 1408 0 113 -113 0
2816 1408 0 114 -114 0
2816 1408 0 115 -115 0
2816 1408 0 116 -116 0
2816 1408 0 117 -117 0
2816 1408 0 118 -118 0
2816 1408 0 119 -119 0
2816 1408 0 120 -120 0
2816 1408 0 121 -121 0
2816 1408 0 122 -122 0
2816 1408 0 123 -123 0
2816 1408 0 124 -124 0
2816 1408 0 125 -125 0
2816 1408 0 126 -126 0
2816 1408 0 127 -127 0
2816 1408 0 128 -128 0
2816 1408 0 129 -129 0
2816 1408 0 130 -130 0
2816 1408 0 131 -131 0
2816 1408 0 132 -132 0
2816 1408 0 133 -133 0
2816 1408 0 134 -134 0
2816 1408 0 135 -135 0
2816 1408 0 136 -136 0
2816 1408 0 137 -137 0
2816 1408 0 138 -138 0
2816 1408 0 139 -139 0
2816 1408 0 140 -140 0
2816 1408 0 141 -141 0
2816 1408 0 142 -142 0
2816 1408 0 143 -143 0
2816 1408 0 144 -144 0
2816 1408 0 145 -145 0
2816 1408 0 146 -146 0
2816 1408 0 147 -147 0
2816 1408 0 148 -148 0
2816 1408 0 149 -149 0
2816 1408 0 150 -150 0
2818 1409 0 -150 150 0
2818 1409 0 -149 149 0
2818 1409 0 -148 148 0
2818 1409 0 -147 147 0
2818 1409 0 -146 146 0
2818 1409 0 -145 145 0
2818 1409 0 -144 144 0
2818 1409 0 -143 143 0
2818 1409 0 -142 142 0
2818 1409 0 -141 141 0
2818 1409 0 -140 140 0
2818 1409 0 -139 139 0
2818 1409 0 -138 138 0
2818 1409 0 -137 137 0
2818 1409 0 -136 136 0
2818 1409 0 -135 135 0
2818 1409 0 -134 134 0
2818 1409 0 -133 133 0
2818 1409 0 -132 132 0
2818 1409 0 -131 131 0
2818 1409 0 -130 130 0
2818 1409 0 -129 129 0
2818 1409 0 -128 128 0
2818 1409 0 -127 127 0
2818 1409 0 -126 126 0
2818 1409 0 -125 125 0
2818 1409 0 -124 124 0
2818 1409 0 -123 123 0
2818 1409 0 -122 122 0
2818 1409 0 -121 121 0
2818 1409 0 -120 120 0
2818 1409 0 -119 119 0
2818 1409 0 -118 118 0
2818 1409 0 -117 117 0
2818 1409 0 -116 116 0
2818 1409 0 -115 115 0
2818 1409 0 -114 114 0
2818 1409 0 -113 113 0
2818 1409 0 -112 112 0
2818 1409 0 -111 111 0
2818 1409 0 -110 110 0
2818 1409 0 -109 109 0
2818 1409 0 -108 108 0
2818 1409 0 -107 107 0
2818 1409 0 -106 106 0
2818 1409 0 -105 105 0
2818 1409 0 -104 104 0
2818 1409 0 -103 103 0
2818 1409 0 -102 102 0
2818 1409 0 -101 101 0
2818 1409 0 -100 100 0
2818 1409 0 -99 99 0
2818 1409 0 -98 98 0
2818 1409 0 -97 97 0
2818 1409 0 -96 96 0
2818 1409 0 -95 95 0
2818 1409 0 -94 94 0
2818 1409 0 -93 93 0
2818 1409 0 -92 92 0
2818 1409 0 -91 91 0
2818 1409 0 -90 90 0
2818 1409 0 -89 89 0
2818 1409 0 -88 88 0
2818 1409 0 -87 87 0
2818 1409 0 -86 86 0
2818 1409 0 -85 85 0
2818 1409 0 -84 84 0
2818 1409 0 -83 83 0
2818 1409 0 -82 82 0
2818 1409 0 -81 81 0
2818 1409 0 -80 80 0
2818 1409 0 -79 79 0
2818 1409 0 -78 78 0
2818 1409 0 -77 77 0
2818 1409 0 -76 76 0
2818 1409 0 -75 75 0
2818 1409 0 -74 74 0
2818 1409 0 -73 73 0
2818 1409 0 -72 72 0
2818 1409 0 -71 71 0
2818 1409 0 -70 70 0
2818 1409 0 -69 69 0
2818 1409 0 -68 68 0
2818 1409 0 -67 67 0
2818 1409 0 -66 66 0
2818 1409 0 -65 65 0
2818 1409 0 -64 64 0
2818 1409 0 -63 63 0
2818 1409 0 -62 62 0
2818 1409 0 -61 61 0
2818 1409 0 -60 60 0
2818 1409 0 -59 59 0
2818 1409 0 -58 58 0
2818 1409 0 -57 57 0
2818 1409 0 -56 56 0
2818 1409 0 -55 55 0
2818 1409 0 -54 54 0
2818 1409 0 -53 53 0
2818 1409 0 -52 52 0
2818 1409 0 -51 51 0
2818 1409 0 -50 50 0
2818 1409 0 -49 49 0
2818 1409 0 -48 48 0
2818 1409 0 -47 47 0
2818 1409 0 -46 46 0
2818 1409 0 -45 45 0
2818 1409 0 -44 44 0
2818 1409 0 -43 43 0
2818 1409 0 -42 42 0
2818 1409 0 -41 41 0
2818 1409 0 -40 40 0
2818 1409 0 -39 39 0
2818 1409 0 -38 38 0
2818 1409 0 -37 37 0
2818 1409 0 -36 36 0
2818 1409 0 -35 35 0
2818 1409 0 -34 34 0
2818 1409 0 -33 33 0
2818 1409 0 -32 32 0
2818 1409 0 -31 31 0
2818 1409 0 -30 30 0
2818 1409 0 -29 29 0
2818 1409 0 -28 28 0
2818 1409 0 -27 27 0
2818 1409 0 -26 26 0
2818 1409 0 -25 25 0
2818 1409 0 -24 24 0
2818 1409 0 -23 23 0
2818 1409 0 -22 22 0
2818 1409 0 -21 21 0
2818 1409 0 -20 20 0
2818 1409 0 -19 19 0
2818 1409 0 -18 18 0
2818 1409 0 -17 17 0
2818 1409 0 -16 16 0
2818 1409 0 -15 15 0
2818 1409 0 -14 14 0
2818 1409 0 -13 13 0
2818 1409 0 -12 12 0
2818 1409 0 -11 11 0
2818 1409 0 -10 10 0
2818 1409 0 -9 9 0
2818 1409 0 -8 8 0
2818 1409 0 -7 7 0
2818 1409 0 -6 6 0
2818 1409 0 -5 5 0
2818 1409 0 -4 4 0
2818 1409 0 -3 3 0
2818 1409 0 -2 2 0
2818 1409 0 -1 1 0
2818 1409 0 1 -1 0
2818 1409 0 2 -2 0
2818 1409 0 3 -3 0
2818 1409 0 4 -4 0
2818 1409 0 5 -5 0
2818 1409 0 6 -6 0
2818 1409 0 7 -7 0
2818 1409 0 8 -8 0
2818 1409 0 9 -9 0
2818 1409 0 10 -10 0
2818 1409 0 11 -11 0
2818 1409 0 12 -12 0
2818 1409 0 13 -13 0
2818 1409 0 14 -14 0
2818 1409 0 15 -15 0
2818 1409 0 16 -16 0
2818 1409 0 17 -17 0
2818 1409 0 18 -18 0
2818 1409 0 19 -19 0
2818 1409 0 20 -20 0
2818 1409 0 21 -21 0
2818 1409 0 22 -22 0
2818 1409 0 23 -23 0
2818 1409 0 24 -24 0
2818 1409 0 25 -25 0
2818 1409 0 26 -26 0
2818 1409 0 27 -27 0
2818 1409 0 28 -28 0
2818 1409 0 29 -29 0
2818 1409 0 30 -30 0
2818 1409 0 31 -31 0
2818 1409 0 32 -32 0
2818 1409 0 33 -33 0
2818 1409 0 34 -34 0
2818 1409 0 35 -35 0
2818 1409 0 36 -36 0
2818 1409 0 37 -37 0
2818 1409 0 38 -38 0
2818 1409 0 39 -39 0
2818 1409 0 40 -40 0
2818 1409 0 41 -41 0
2818 1409 0 42 -42 0
2818 1409 0 43 -43 0
2818 1409 0 44 -44 0
2818 1409 0 45 -45 0
2818 1409 0 46 -46 0
2818 1409 0 47 -47 0
2818 1409 0 48 -48 0
2818 1409 0 49 -49 0
2818 1409 0 50 -50 0
2818 1409 0 51 -51 0
2818 1409 0 52 -52 0
2818 1409 0 53 -53 0
2818 1409 0 54 -54 0
2818 1409 0 55 -55 0
2818 1409 0 56 -56 0
2818 1409 0 57 -57 0
2818 1409 0 58 -58 0
2818 1409 0 59 -59 0
2818 1409 0 60 -60 0
2818 1409 0 61 -61 0
2818 1409 0 62 -62 0
2818 1409 0 63 -63 0
2818 1409 0 64 -64 0
2818 1409 0 65 -65 0
2818 1409 0 66 -66 0
2818 1409 0 67 -67 0
2818 1409 0 68 -68 0
2818 1409 0 69 -69 0
2818 1409 0 70 -70 0
2818 1409 0 71 -71 0
2818 1409 0 72 -72 0
2818 1409 0 73 -73 0
2818 1409 0 74 -74 0
2818 1409 0 75 -75 0
2818 1409 0 76 -76 0
2818 1409 0 77 -77 0
2818 1409 0 78 -78 0
2818 1409 0 79 -79 0
2818 1409 0 80 -80 0
2818 1409 0 81 -81 0
2818 1409 0 82 -82 0
2818 1409 0 83 -83 0
2818 1409 0 84 -84 0
2818 1409 0 85 -85 0
2818 1409 0 86 -86 0
2818 1409 0 87 -87 0
2818 1409 0 88 -88 0
2818 1409 0 89 -89 0
2818 1409 0 90 -90 0
2818 1409 0 91 -91 0
2818 1409 0 92 -92 0
2818 1409 0 93 -93 0
2818 1409 0 94 -94 0
2818 1409 0 95 -95 0
2818 1409 0 96 -96 0
2818 1409 0 97 -97 0
2818 1409 0 98 -98 0
2818 1409 0 99 -99 0
2818 1409 0 100 -100 0
2818 1409 0 101 -101 0
2818 1409 0 102 -102 0
2818 1409 0 103 -103 0
2818 1409 0 104 -104 0
2818 1409 0 105 -105 0
2818 1409 0 106 -106 0
2818 1409 0 107 -107 0
2818 1409 0 108 -108 0
2818 1409 0 109 -109 0
2818 1409 0 110 -110 0
2818 1409 0 111 -111 0
2818 1409 0 112 -112 0
2818 1409 0 113 -113 0
2818 1409 0 114 -114 0
2818 1409 0 115 -115 0
2818 1409 0 116 -116 0
2818 1409 0 117 -117 0
2818 1409 0 118 -118 0
2818 1409 0 119 -119 0
2818 1409 0 120 -120 0
2818 1409 0 121 -121 0
2818 1409 0 122 -122 0
2818 1409 0 123 -123 0
2818 1409 0 124 -124 0
2818 1409 0 125 -125 0
2818 1409 0 126 -126 0
2818 1409 0 127 -127 0
2818 1409 0 128 -128 0
2818 1409 0 129 -129 0
2818 1409 0 130 -130 0
2818 1409 0 131 -131 0
2818 1409 0 132 -132 0
2818 1409 0 133 -133 0
2818 1409 0 134 -134 0
2818 1409 0 135 -135 0
2818 1409 0 136 -136 0
2818 1409 0 137 -137 0
2818 1409 0 138 -138 0
2818 1409 0 139 -139 0
2818 1409 0 140 -140 0
2818 1409 0 141 -141 0
2818 1409 0 142 -142 0
2818 1409 0 143 -143 0
2818 1409 0 144 -144 0
2818 1409 0 145 -145 0
2818 1409 0 146 -146 0
2818 1409 0 147 -147 0
2818 1409 0 148 -148 0
2818 1409 0 149 -149 0
2818 1409 0 150 -150 0
2820 1410 0 -150 150 0
2820 1410 0 -149 149 0
2820 1410 0 -148 148 0
2820 1410 0 -147 147 0
2820 1410 0 -146 146 0
2820 1410 0 -145 145 0
2820 1410 0 -144 144 0
2820 1410 0 -143 143 0
2820 1410 0 -142 142 0
2820 1410 0 -141 141 0
2820 1410 0 -140 140 0
2820 1410 0 -139 139 0
2820 1410 0 -138 138 0
2820 1410 0 -137 137 0
2820 1410 0 -136 136 0
2820 1410 0 -135 135 0
2820 1410 0 -134 134 0
2820 1410 0 -133 133 0
2820 1410 0 -132 132 0
2820 1410 0 -131 131 0
2820 1410 0 -130 130 0
2820 1410 0 -129 129 0
2820 1410 0 -128 128 0
2820 1410 0 -127 127 0
2820 1410 0 -126 126 0
2820 1410 0 -125 125 0
2820 1410 0 -124 124 0
2820 1410 0 -123 123 0
2820 1410 0 -122 122 0
2820 1410 0 -121 121 0
2820 1410 0 -120 120 0
2820 1410 0 -119 119 0
2820 1410 0 -118 118 0
2820 1410 0 -117 117 0
2820 1410 0 -116 116 0
2820 1410 0 -115 115 0
2820 1410 0 -114 114 0
2820 1410 0 -113 113 0
2820 1410 0 -112 112 0
2820 1410 0 -111 111 0
2820 1410 0 -110 110 0
2820 1410 0 -109 109 0
2820 1410 0 -108 108 0
2820 1410 0 -107 107 0
2820 1410 0 -106 106 0
2820 1410 0 -105 105 0
2820 1410 0 -104 104 0
2820 1410 0 -103 103 0
2820 1410 0 -102 102 0
2820 1410 0 -101 101 0
2820 1410 0 -100 100 0
2820 1410 0 -99 99 0
2820 1410 0 -98 98 0
2820 1410 0 -97 97 0
2820 1410 0 -96 96 0
2820 1410 0 -95 95 0
2820 1410 0 -94 94 0
2820 1410 0 -93 93 0
2820 1410 0 -92 92 0
2820 1410 0 -91 91 0
2820 1410 0 -90 90 0
2820 1410 0 -89 89 0
2820 1410 0 -88 88 0
2820 1410 0 -87 87 0
2820 1410 0 -86 86 0
2820 1410 0 -85 85 0
2820 1410 0 -84 84 0
2820 1410 0 -83 83 0
2820 1410 0 -82 82 0
2820 1410 0 -81 81 0
2820 1410 0 -80 80 0
2820 1410 0 -79 79 0
2820 1410 0 -78 78 0
2820 1410 0 -77 77 0
2820 1410 0 -76 76 0
2820 1410 0 -75 75 0
2820 1410 0 -74 74 0
2820 1410 0 -73 73 0
2820 1410 0 -72 72 0
2820 1410 0 -71 71 0
2820 1410 0 -70 70 0
2820 1410 0 -69 69 0
2820 1410 0 -68 68 0
2820 1410 0 -67 67 0
2820 1410 0 -66 66 0
2820 1410 0 -65 65 0
2820 1410 0 -64 64 0
2820 1410 0 -63 63 0
2820 1410 0 -62 62 0
2820 1410 0 -61 61 0
2820 1410 0 -60 60 0
2820 1410 0 -59 59 0
2820 1410 0 -58 58 0
2820 1410 0 -57 57 0
2820 1410 0 -56 56 0
2820 1410 0 -55 55 0
2820 1410 0 -54 54 0
2820 1410 0 -53 53 0
2820 1410 0 -52 52 0
2820 1410 0 -51 51 0
2820 1410 0 -50 50 0
2820 1410 0 -49 49 0
2820 1410 0 -48 48 0
2820 1410 0 -47 47 0
2820 1410 0 -46 46 0
2820 1410 0 -45 45 0
2820 1410 0 -44 44 0
2820 1410 0 -43 43 0
2820 1410 0 -42 42 0
2820 1410 0 -41 41 0
2820 1410 0 -40 40 0
2820 1410 0 -39 39 0
2820 1410 0 -38 38 0
2820 1410 0 -37 37 0
2820 1410 0 -36 36 0
2820 1410 0 -35 35 0
2820 1410 0 -34 34 0
2820 1410 0 -33 33 0
2820 1410 0 -32 32 0
2820 1410 0 -31 31 0
2820 1410 0 -30 30 0
2820 1410 0 -29 29 0
2820 1410 0 -28 28 0
2820 1410 0 -27 27 0
2820 1410 0 -26 26 0
2820 1410 0 -25 25 0
2820 1410 0 -24 24 0
2820 1410 0 -23 23 0
2820 1410 0 -22 22 0
2820 1410 0 -21 21 0
2820 1410 0 -20 20 0
2820 1410 0 -19 19 0
2820 1410 0 -18 18 0
2820 1410 0 -17 17 0
2820 1410 0 -16 16 0
2820 1410 0 -15 15 0
2820 1410 0 -14 14 0
2820 1410 0 -13 13 0
2820 1410 0 -12 12 0
2820 1410 0 -11 11 0
2820 1410 0 -10 10 0
2820 1410 0 -9 9 0
2820 1410 0 -8 8 0
2820 1410 0 -7 7 0
2820 1410 0 -6 6 0
2820 1410 0 -5 5 0
2820 1410 0 -4 4 0
2820 1410 0 -3 3 0
2820 1410 0 -2 2 0
2820 1410 0 -1 1 0
2820 1410 0 1 -1 0
2820 1410 0 2 -2 0
2820 1410 0 3 -3 0
2820 1410 0 4 -4 0
2820 1410 0 5 -5 0
2820 1410 0 6 -6 0
2820 1410 0 7 -7 0
2820 1410 0 8 -8 0
2820 1410 0 9 -9 0
2820 1410 0 10 -10 0
2820 1410 0 11 -11 0
2820 1410 0 12 -12 0
2820 1410 0 13 -13 0
2820 1410 0 14 -14 0
2820 1410 0 15 -15 0
2820 1410 0 16 -16 0
2820 1410 0 17 -17 0
2820 1410 0 18 -18 0
2820 1410 0 19 -19 0
2820 1410 0 20 -20 0
2820 1410 0 21 -21 0
2820 1410 0 22 -22 0
2820 1410 0 23 -23 0
2820 1410 0 24 -24 0
2820 1410 0 25 -25 0
2820 1410 0 26 -26 0
2820 1410 0 27 -27 0
2820 1410 0 28 -28 0
2820 1410 0 29 -29 0
2820 1410 0 30 -30 0
2820 1410 0 31 -31 0
2820 1410 0 32 -32 0
2820 1410 0 33 -33 0
2820 1410 0 34 -34 0
2820 1410 0 35 -35 0
2820 1410 0 36 -36 0
2820 1410 0 37 -37 0
2820 1410 0 38 -38 0
2820 1410 0 39 -39 0
2820 1410 0 40 -40 0
2820 1410 0 41 -41 0
2820 1410 0 42 -42 0
2820 1410 0 43 -43 0
2820 1410 0 44 -44 0
2820 1410 0 45 -45 0
2820 1410 0 46 -46 0
2820 1410 0 47 -47 0
2820 1410 0 48 -48 0
2820 1410 0 49 -49 0
2820 1410 0 50 -50 0
2820 1410 0 51 -51 0
2820 1410 0 52 -52 0
2820 1410 0 53 -53 0
2820 1410 0 54 -54 0
2820 1410 0 55 -55 0
2820 1410 0 56 -56 0
2820 1410 0 57 -57 0
2820 1410 0 58 -58 0
2820 1410 0 59 -59 0
2820 1410 0 60 -60 0
2820 1410 0 61 -61 0
2820 1410 0 62 -62 0
2820 1410 0 63 -63 0
2820 1410 0 64 -64 0
2820 1410 0 65 -65 0
2820 1410 0 66 -66 0
2820 1410 0 67 -67 0
2820 1410 0 68 -68 0
2820 1410 0 69 -69 0
2820 1410 0 70 -70 0
2820 1410 0 71 -71 0
2820 1410 0 72 -72 0
2820 1410 0 73 -73 0
2820 1410 0 74 -74 0
2820 1410 0 75 -75 0
2820 1410 0 76 -76 0
2820 1410 0 77 -77 0
2820 1410 0 78 -78 0
2820 1410 0 79 -79 0
2820 1410 0 80 -80 0
2820 1410 0 81 -81 0
2820 1410 0 82 -82 0
2820 1410 0 83 -83 0
2820 1410 0 84 -84 0
2820 1410 0 85 -85 0
2820 1410 0 86 -86 0
2820 1410 0 87 -87 0
2820 1410 0 88 -88 0
2820 1410 0 89 -89 0
2820 1410 0 90 -90 0
2820 1410 0 91 -91 0
2820 1410 0 92 -92 0
2820 1410 0 93 -93 0
2820 1410 0 94 -94 0
2820 1410 0 95 -95 0
2820 1410 0 96 -96 0
2820 1410 0 97 -97 0
2820 1410 0 98 -98 0
2820 1410 0 99 -99 0
2820 1410 0 100 -100 0
2820 1410 0 101 -101 0
2820 1410 0 102 -102 0
2820 1410 0 103 -103 0
2820 1410 0 104 -104 0
2820 1410 0 105 -105 0
2820 1410 0 106 -106 0
2820 1410 0 107 -107 0
2820 1410 0 108 -108 0
2820 1410 0 109 -109 0
2820 1410 0 110 -110 0
2820 1410 0 111 -111 0
2820 1410 0 112 -112 0
2820 1410 0 113 -113 0
2820 1410 0 114 -114 0
2820 1410 0 115 -115 0
2820 1410 0 116 -116 0
2820 1410 0 117 -117 0
2820 1410 0 118 -118 0
2820 1410 0 119 -119 0
2820 1410 0 120 -120 0
2820 1410 0 121 -121 0
2820 1410 0 122 -122 0
2820 1410 0 123 -123 0
2820 1410 0 124 -124 0
2820 1410 0 125 -125 0
2820 1410 0 126 -126 0
2820 1410 0 127 -127 0
2820 1410 0 128 -128 0
2820 1410 0 129 -129 0
2820 1410 0 130 -130 0
2820 1410 0 131 -131 0
2820 1410 0 132 -132 0
2820 1410 0 133 -133 0
2820 1410 0 134 -134 0
2820 1410 0 135 -135 0
2820 1410 0 136 -136 0
2820 1410 0 137 -137 0
2820 1410 0 138 -138 0
2820 1410 0 139 -139 0
2820 1410 0 140 -140 0
2820 1410 0 141 -141 0
2820 1410 0 142 -142 0
2820 1410 0 143 -143 0
2820 1410 0 144 -144 0
2820 1410 0 145 -145 0
2820 1410 0 146 -146 0
2820 1410 0 147 -147 0
2820 1410 0 148 -148 0
2820 1410 0 149 -149 0
2820 1410 0 150 -150 0
2822 1411 0 -150 150 0
2822 1411 0 -149 149 0
2822 1411 0 -148 148 0
2822 1411 0 -147 147 0
2822 1411 0 -146 146 0
2822 1411 0 -145 145 0
2822 1411 0 -144 144 0
2822 1411 0 -143 143 0
2822 1411 0 -142 142 0
2822 1411 0 -141 141 0
2822 1411 0 -140 140 0
2822 1411 0 -139 139 0
2822 1411 0 -138 138 0
2822 1411 0 -137 137 0
2822 1411 0 -136 136 0
2822 1411 0 -135 135 0
2822 1411 0 -134 134 0
2822 1411 0 -133 133 0
2822 1411 0 -132 132 0
2822 1411 0 -131 131 0
2822 1411 0 -130 130 0
2822 1411 0 -129 129 0
2822 1411 0 -128 128 0
2822 1411 0 -127 127 0
2822 1411 0 -126 126 0
2822 1411 0 -125 125 0
2822 1411 0 -124 124 0
2822 1411 0 -123 123 0
2822 1411 0 -122 122 0
2822 1411 0 -121 121 0
2822 1411 0 -120 120 0
2822 1411 0 -119 119 0
2822 1411 0 -118 118 0
2822 1411 0 -117 117 0
2822 1411 0 -116 116 0
2822 1411 0 -115 115 0
2822 1411 0 -114 114 0
2822 1411 0 -113 113 0
2822 1411 0 -112 112 0
2822 1411 0 -111 111 0
2822 1411 0 -110 110 0
2822 1411 0 -109 109 0
2822 1411 0 -108 108 0
2822 1411 0 -107 107 0
2822 1411 0 -106 106 0
2822 1411 0 -105 105 0
2822 1411 0 -104 104 0
2822 1411 0 -103 103 0
2822 1411 0 -102 102 0
2822 1411 0 -101 101 0
2822 1411 0 -100 100 0
2822 1411 0 -99 99 0
2822 1411 0 -98 98 0
2822 1411 0 -97 97 0
2822 1411 0 -96 96 0
2822 1411 0 -95 95 0
2822 1411 0 -94 94 0
2822 1411 0 -93 93 0
2822 1411 0 -92 92 0
2822 1411 0 -91 91 0
2822 1411 0 -90 90 0
2822 1411 0 -89 89 0
2822 1411 0 -88 88 0
2822 1411 0 -87 87 0
2822 1411 0 -86 86 0
2822 1411 0 -85 85 0
2822 1411 0 -84 84 0
2822 1411 0 -83 83 0
2822 1411 0 -82 82 0
2822 1411 0 -81 81 0
2822 1411 0 -80 80 0
2822 1411 0 -79 79 0
2822 1411 0 -78 78 0
2822 1411 0 -77 77 0
2822 1411 0 -76 76 0
2822 1411 0 -75 75 0
2822 1411 0 -74 74 0
2822 1411 0 -73 73 0
2822 1411 0 -72 72 0
2822 1411 0 -71 71 0
2822 1411 0 -70 70 0
2822 1411 0 -69 69 0
2822 1411 0 -68 68 0
2822 1411 0 -67 67 0
2822 1411 0 -66 66 0
2822 1411 0 -65 65 0
2822 1411 0 -64 64 0
2822 1411 0 -63 63 0
2822 1411 0 -62 62 0
2822 1411 0 -61 61 0
2822 1411 0 -60 60 0
2822 1411 0 -59 59 0
2822 1411 0 -58 58 0
2822 1411 0 -57 57 0
2822 1411 0 -56 56 0
2822 1411 0 -55 55 0
2822 1411 0 -54 54 0
2822 1411 0 -53 53 0
2822 1411 0 -52 52 0
2822 1411 0 -51 51 0
2822 1411 0 -50 50 0
2822 1411 0 -49 49 0
2822 1411 0 -48 48 0
2822 1411 0 -47 47 0
2822 1411 0 -46 46 0
2822 1411 0 -45 45 0
2822 1411 0 -44 44 0
2822 1411 0 -43 43 0
2822 1411 0 -42 42 0
2822 1411 0 -41 41 0
2822 1411 0 -40 40 0
2822 1411 0 -39 39 0
2822 1411 0 -38 38 0
2822 1411 0 -37 37 0
2822 1411 0 -36 36 0
2822 1411 0 -35 35 0
2822 1411 0 -34 34 0
2822 1411 0 -33 33 0
2822 1411 0 -32 32 0
2822 1411 0 -31 31 0
2822 1411 0 -30 30 0
2822 1411 0 -29 29 0
2822 1411 0 -28 28 0
2822 1411 0 -27 27 0
2822 1411 0 -26 26 0
2822 1411 0 -25 25 0
2822 1411 0 -24 24 0
2822 1411 0 -23 23 0
2822 1411 0 -22 22 0
2822 1411 0 -21 21 0
2822 1411 0 -20 20 0
2822 1411 0 -19 19 0
2822 1411 0 -18 18 0
2822 1411 0 -17 17 0
2822 1411 0 -16 16 0
2822 1411 0 -15 15 0
2822 1411 0 -14 14 0
2822 1411 0 -13 13 0
2822 1411 0 -12 12 0
2822 1411 0 -11 11 0
2822 1411 0 -10 10 0
2822 1411 0 -9 9 0
2822 1411 0 -8 8 0
2822 1411 0 -7 7 0
2822 1411 0 -6 6 0
2822 1411 0 -5 5 0
2822 1411 0 -4 4 0
2822 1411 0 -3 3 0
2822 1411 0 -2 2 0
2822 1411 0 -1 1 0
2822 1411 0 1 -1 0
2822 1411 0 2 -2 0
2822 1411 0 3 -3 0
2822 1411 0 4 -4 0
2822 1411 0 5 -5 0
2822 1411 0 6 -6 0
2822 1411 0 7 -7 0
2822 1411 0 8 -8 0
2822 1411 0 9 -9 0
2822 1411 0 10 -10 0
2822 1411 0 11 -11 0
2822 1411 0 12 -12 0
2822 1411 0 13 -13 0
2822 1411 0 14 -14 0
2822 1411 0 15 -15 0
2822 1411 0 16 -16 0
2822 1411 0 17 -17 0
2822 1411 0 18 -18 0
2822 1411 0 19 -19 0
2822 1411 0 20 -20 0
2822 1411 0 21 -21 0
2822 1411 0 22 -22 0
2822 1411 0 23 -23 0
2822 1411 0 24 -24 0
2822 1411 0 25 -25 0
2822 1411 0 26 -26 0
2822 1411 0 27 -27 0
2822 1411 0 28 -28 0
2822 1411 0 29 -29 0
2822 1411 0 30 -30 0
2822 1411 0 31 -31 0
2822 1411 0 32 -32 0
2822 1411 0 33 -33 0
2822 1411 0 34 -34 0
2822 1411 0 35 -35 0
2822 1411 0 36 -36 0
2822 1411 0 37 -37 0
2822 1411 0 38 -38 0
2822 1411 0 39 -39 0
2822 1411 0 40 -40 0
2822 1411 0 41 -41 0
2822 1411 0 42 -42 0
2822 1411 0 43 -43 0
2822 1411 0 44 -44 0
2822 1411 0 45 -45 0
2822 1411 0 46 -46 0
2822 1411 0 47 -47 0
2822 1411 0 48 -48 0
2822 1411 0 49 -49 0
2822 1411 0 50 -50 0
2822 1411 0 51 -51 0
2822 1411 0 52 -52 0
2822 1411 0 53 -53 0
2822 1411 0 54 -54 0
2822 1411 0 55 -55 0
2822 1411 0 56 -56 0
2822 1411 0 57 -57 0
2822 1411 0 58 -58 0
2822 1411 0 59 -59 0
2822 1411 0 60 -60 0
2822 1411 0 61 -61 0
2822 1411 0 62 -62 0
2822 1411 0 63 -63 0
2822 1411 0 64 -64 0
2822 1411 0 65 -65 0
2822 1411 0 66 -66 0
2822 1411 0 67 -67 0
2822 1411 0 68 -68 0
2822 1411 0 69 -69 0
2822 1411 0 70 -70 0
2822 1411 0 71 -71 0
2822 1411 0 72 -72 0
2822 1411 0 73 -73 0
2822 1411 0 74 -74 0
2822 1411 0 75 -75 0
2822 1411 0 76 -76 0
2822 1411 0 77 -77 0
2822 1411 0 78 -78 0
2822 1411 0 79 -79 0
2822 1411 0 80 -80 0
2822 1411 0 81 -81 0
2822 1411 0 82 -82 0
2822 1411 0 83 -83 0
2822 1411 0 84 -84 0
2822 1411 0 85 -85 0
2822 1411 0 86 -86 0
2822 1411 0 87 -87 0
2822 1411 0 88 -88 0
2822 1411 0 89 -89 0
2822 1411 0 90 -90 0
2822 1411 0 91 -91 0
2822 1411 0 92 -92 0
2822 1411 0 93 -93 0
2822 1411 0 94 -94 0
2822 1411 0 95 -95 0
2822 1411 0 96 -96 0
2822 1411 0 97 -97 0
2822 1411 0 98 -98 0
2822 1411 0 99 -99 0
2822 1411 0 100 -100 0
2822 1411 0 101 -101 0
2822 1411 0 102 -102 0
2822 1411 0 103 -103 0
2822 1411 0 104 -104 0
2822 1411 0 105 -105 0
2822 1411 0 106 -106 0
2822 1411 0 107 -107 0
2822 1411 0 108 -108 0
2822 1411 0 109 -109 0
2822 1411 0 110 -110 0
2822 1411 0 111 -111 0
2822 1411 0 112 -112 0
2822 1411 0 113 -113 0
2822 1411 0 114 -114 0
2822 1411 0 115 -115 0
2822 1411 0 116 -116 0
2822 1411 0 117 -117 0
2822 1411 0 118 -118 0
2822 1411 0 119 -119 0
2822 1411 0 120 -120 0
2822 1411 0 121 -121 0
2822 1411 0 122 -122 0
2822 1411 0 123 -123 0
2822 1411 0 124 -124 0
2822 1411 0 125 -125 0
2822 1411 0 126 -126 0
2822 1411 0 127 -127 0
2822 1411 0 128 -128 0
2822 1411 0 129 -129 0
2822 1411 0 130 -130 0
2822 1411 0 131 -131 0
2822 1411 0 132 -132 0
2822 1411 0 133 -133 0
2822 1411 0 134 -134 0
2822 1411 0 135 -135 0
2822 1411 0 136 -136 0
2822 1411 0 137 -137 0
2822 1411 0 138 -138 0
2822 1411 0 139 -139 0
2822 1411 0 140 -140 0
2822 1411 0 141 -141 0
2822 1411 0 142 -142 0
2822 1411 0 143 -143 0
2822 1411 0 144 -144 0
2822 1411 0 145 -145 0
2822 1411 0 146 -146 0
2822 1411 0 147 -147 0
2822 1411 0 148 -148 0
2822 1411 0 149 -149 0
2822 1411 0 150 -150 0
2824 1412 0 -150 150 0
2824 1412 0 -149 149 0
2824 1412 0 -148 148 0
2824 1412 0 -147 147 0
2824 1412 0 -146 146 0
2824 1412 0 -145 145 0
2824 1412 0 -144 144 0
2824 1412 0 -143 143 0
2824 1412 0 -142 142 0
2824 1412 0 -141 141 0
2824 1412 0 -140 140 0
2824 1412 0 -139 139 0
2824 1412 0 -138 138 0
2824 1412 0 -137 137 0
2824 1412 0 -136 136 0
2824 1412 0 -135 135 0
2824 1412 0 -134 134 0
2824 1412 0 -133 133 0
2824 1412 0 -132 132 0
2824 1412 0 -131 131 0
2824 1412 0 -130 130 0
2824 1412 0 -129 129 0
2824 1412 0 -128 128 0
2824 1412 0 -127 127 0
2824 1412 0 -126 126 0
2824 1412 0 -125 125 0
2824 1412 0 -124 124 0
2824 1412 0 -123 123 0
2824 1412 0 -122 122 0
2824 1412 0 -121 121 0
2824 1412 0 -120 120 0
2824 1412 0 -119 119 0
2824 1412 0 -118 118 0
2824 1412 0 -117 117 0
2824 1412 0 -116 116 0
2824 1412 0 -115 115 0
2824 1412 0 -114 114 0
2824 1412 0 -113 113 0
2824 1412 0 -112 112 0
2824 1412 0 -111 111 0
2824 1412 0 -110 110 0
2824 1412 0 -109 109 0
2824 1412 0 -108 108 0
2824 1412 0 -107 107 0
2824 1412 0 -106 106 0
2824 1412 0 -105 105 0
2824 1412 0 -104 104 0
2824 1412 0 -103 103 0
2824 1412 0 -102 102 0
2824 1412 0 -101 101 0
2824 1412 0 -100 100 0
2824 1412 0 -99 99 0
2824 1412 0 -98 98 0
2824 1412 0 -97 97 0
2824 1412 0 -96 96 0
2824 1412 0 -95 95 0
2824 1412 0 -94 94 0
2824 1412 0 -93 93 0
2824 1412 0 -92 92 0
2824 1412 0 -91 91 0
2824 1412 0 -90 90 0
2824 1412 0 -89 89 0
2824 1412 0 -88 88 0
2824 1412 0 -87 87 0
2824 1412 0 -86 86 0
2824 1412 0 -85 85 0
2824 1412 0 -84 84 0
2824 1412 0 -83 83 0
2824 1412 0 -82 82 0
2824 1412 0 -81 81 0
2824 1412 0 -80 80 0
2824 1412 0 -79 79 0
2824 1412 0 -78 78 0
2824 1412 0 -77 77 0
2824 1412 0 -76 76 0
2824 1412 0 -75 75 0
2824 1412 0 -74 74 0
2824 1412 0 -73 73 0
2824 1412 0 -72 72 0
2824 1412 0 -71 71 0
2824 1412 0 -70 70 0
2824 1412 0 -69 69 0
2824 1412 0 -68 68 0
2824 1412 0 -67 67 0
2824 1412 0 -66 66 0
2824 1412 0 -65 65 0
2824 1412 0 -64 64 0
2824 1412 0 -63 63 0
2824 1412 0 -62 62 0
2824 1412 0 -61 61 0
2824 1412 0 -60 60 0
2824 1412 0 -59 59 0
2824 1412 0 -58 58 0
2824 1412 0 -57 57 0
2824 1412 0 -56 56 0
2824 1412 0 -55 55 0
2824 1412 0 -54 54 0
2824 1412 0 -53 53 0
2824 1412 0 -52 52 0
2824 1412 0 -51 51 0
2824 1412 0 -50 50 0
2824 1412 0 -49 49 0
2824 1412 0 -48 48 0
2824 1412 0 -47 47 0
2824 1412 0 -46 46 0
2824 1412 0 -45 45 0
2824 1412 0 -44 44 0
2824 1412 0 -43 43 0
2824 1412 0 -42 42 0
2824 1412 0 -41 41 0
2824 1412 0 -40 40 0
2824 1412 0 -39 39 0
2824 1412 0 -38 38 0
2824 1412 0 -37 37 0
2824 1412 0 -36 36 0
2824 1412 0 -35 35 0
2824 1412 0 -34 34 0
2824 1412 0 -33 33 0
2824 1412 0 -32 32 0
2824 1412 0 -31 31 0
2824 1412 0 -30 30 0
2824 1412 0 -29 29 0
2824 1412 0 -28 28 0
2824 1412 0 -27 27 0
2824 1412 0 -26 26 0
2824 1412 0 -25 25 0
2824 1412 0 -24 24 0
2824 1412 0 -23 23 0
2824 1412 0 -22 22 0
2824 1412 0 -21 21 0
2824 1412 0 -20 20 0
2824 1412 0 -19 19 0
2824 1412 0 -18 18 0
2824 1412 0 -17 17 0
2824 1412 0 -16 16 0
2824 1412 0 -15 15 0
2824 1412 0 -14 14 0
2824 1412 0 -13 13 0
2824 1412 0 -12 12 0
2824 1412 0 -11 11 0
2824 1412 0 -10 10 0
2824 1412 0 -9 9 0
2824 1412 0 -8 8 0
2824 1412 0 -7 7 0
2824 1412 0 -6 6 0
2824 1412 0 -5 5 0
2824 1412 0 -4 4 0
2824 1412 0 -3 3 0
2824 1412 0 -2 2 0
2824 1412 0 -1 1 0
2824 1412 0 1 -1 0
2824 1412 0 2 -2 0
2824 1412 0 3 -3 0
2824 1412 0 4 -4 0
2824 1412 0 5 -5 0
2824 1412 0 6 -6 0
2824 1412 0 7 -7 0
2824 1412 0 8 -8 0
2824 1412 0 9 -9 0
2824 1412 0 10 -10 0
2824 1412 0 11 -11 0
2824 1412 0 12 -12 0
2824 1412 0 13 -13 0
2824 1412 0 14 -14 0
2824 1412 0 15 -15 0
2824 1412 0 16 -16 0
2824 1412 0 17 -17 0
2824 1412 0 18 -18 0
2824 1412 0 19 -19 0
2824 1412 0 20 -20 0
2824 1412 0 21 -21 0
2824 1412 0 22 -22 0
2824 1412 0 23 -23 0
2824 1412 0 24 -24 0
2824 1412 0 25 -25 0
2824 1412 0 26 -26 0
2824 1412 0 27 -27 0
2824 1412 0 28 -28 0
2824 1412 0 29 -29 0
2824 1412 0 30 -30 0
2824 1412 0 31 -31 0
2824 1412 0 32 -32 0
2824 1412 0 33 -33 0
2824 1412 0 34 -34 0
2824 1412 0 35 -35 0
2824 1412 0 36 -36 0
2824 1412 0 37 -37 0
2824 1412 0 38 -38 0
2824 1412 0 39 -39 0
2824 1412 0 40 -40 0
2824 1412 0 41 -41 0
2824 1412 0 42 -42 0
2824 1412 0 43 -43 0
2824 1412 0 44 -44 0
2824 1412 0 45 -45 0
2824 1412 0 46 -46 0
2824 1412 0 47 -47 0
2824 1412 0 48 -48 0
2824 1412 0 49 -49 0
2824 1412 0 50 -50 0
2824 1412 0 51 -51 0
2824 1412 0 52 -52 0
2824 1412 0 53 -53 0
2824 1412 0 54 -54 0
2824 1412 0 55 -55 0
2824 1412 0 56 -56 0
2824 1412 0 57 -57 0
2824 1412 0 58 -58 0
2824 1412 0 59 -59 0
2824 1412 0 60 -60 0
2824 1412 0 61 -61 0
2824 1412 0 62 -62 0
2824 1412 0 63 -63 0
2824 1412 0 64 -64 0
2824 1412 0 65 -65 0
2824 1412 0 66 -66 0
2824 1412 0 67 -67 0
2824 1412 0 68 -68 0
2824 1412 0 69 -69 0
2824 1412 0 70 -70 0
2824 1412 0 71 -71 0
2824 1412 0 72 -72 0
2824 1412 0 73 -73 0
2824 1412 0 74 -74 0
2824 1412 0 75 -75 0
2824 1412 0 76 -76 0
2824 1412 0 77 -77 0
2824 1412 0 78 -78 0
2824 1412 0 79 -79 0
2824 1412 0 80 -80 0
2824 1412 0 81 -81 0
2824 1412 0 82 -82 0
2824 1412 0 83 -83 0
2824 1412 0 84 -84 0
2824 1412 0 85 -85 0
2824 1412 0 86 -86 0
2824 1412 0 87 -87 0
2824 1412 0 88 -88 0
2824 1412 0 89 -89 0
2824 1412 0 90 -90 0
2824 1412 0 91 -91 0
2824 1412 0 92 -92 0
2824 1412 0 93 -93 0
2824 1412 0 94 -94 0
2824 1412 0 95 -95 0
2824 1412 0 96 -96 0
2824 1412 0 97 -97 0
2824 1412 0 98 -98 0
2824 1412 0 99 -99 0
2824 1412 0 100 -100 0
2824 1412 0 101 -101 0
2824 1412 0 102 -102 0
2824 1412 0 103 -103 0
2824 1412 0 104 -104 0
2824 1412 0 105 -105 0
2824 1412 0 106 -106 0
2824 1412 0 107 -107 0
2824 1412 0 108 -108 0
2824 1412 0 109 -109 0
2824 1412 0 110 -110 0
2824 1412 0 111 -111 0
2824 1412 0 112 -112 0
2824 1412 0 113 -113 0
2824 1412 0 114 -114 0
2824 1412 0 115 -115 0
2824 1412 0 116 -116 0
2824 1412 0 117 -117 0
2824 1412 0 118 -118 0
2824 1412 0 119 -119 0
2824 1412 0 120 -120 0
2824 1412 0 121 -121 0
2824 1412 0 122 -122 0
2824 1412 0 123 -123 0
2824 1412 0 124 -124 0
2824 1412 0 125 -125 0
2824 1412 0 126 -126 0
2824 1412 0 127 -127 0
2824 1412 0 128 -128 0
2824 1412 0 129 -129 0
2824 1412 0 130 -130 0
2824 1412 0 131 -131 0
2824 1412 0 132 -132 0
2824 1412 0 133 -133 0
2824 1412 0 134 -134 0
2824 1412 0 135 -135 0
2824 1412 0 136 -136 0
2824 1412 0 137 -137 0
2824 1412 0 138 -138 0
2824 1412 0 139 -139 0
2824 1412 0 140 -140 0
2824 1412 0 141 -141 0
2824 1412 0 142 -142 0
2824 1412 0 143 -143 0
2824 1412 0 144 -144 0
2824 1412 0 145 -145 0
2824 1412 0 146 -146 0
2824 1412 0 147 -147 0
2824 1412 0 148 -148 0
2824 1412 0 149 -149 0
2824 1412 0 150 -150 0
2826 1413 0 -150 150 0
2826 1413 0 -149 149 0
2826 1413 0 -148 148 0
2826 1413 0 -147 147 0
2826 1413 0 -146 146 0
2826 1413 0 -145 145 0
2826 1413 0 -144 144 0
2826 1413 0 -143 143 0
2826 1413 0 -142 142 0
2826 1413 0 -141 141 0
2826 1413 0 -140 140 0
2826 1413 0 -139 139 0
2826 1413 0 -138 138 0
2826 1413 0 -137 137 0
2826 1413 0 -136 136 0
2826 1413 0 -135 135 0
2826 1413 0 -134 134 0
2826 1413 0 -133 133 0
2826 1413 0 -132 132 0
2826 1413 0 -131 131 0
2826 1413 0 -130 130 0
2826 1413 0 -129 129 0
2826 1413 0 -128 128 0
2826 1413 0 -127 127 0
2826 1413 0 -126 126 0
2826 1413 0 -125 125 0
2826 1413 0 -124 124 0
2826 1413 0 -123 123 0
2826 1413 0 -122 122 0
2826 1413 0 -121 121 0
2826 1413 0 -120 120 0
2826 1413 0 -119 119 0
2826 1413 0 -118 118 0
2826 1413 0 -117 117 0
2826 1413 0 -116 116 0
2826 1413 0 -115 115 0
2826 1413 0 -114 114 0
2826 1413 0 -113 113 0
2826 1413 0 -112 112 0
2826 1413 0 -111 111 0
2826 1413 0 -110 110 0
2826 1413 0 -109 109 0
2826 1413 0 -108 108 0
2826 1413 0 -107 107 0
2826 1413 0 -106 106 0
2826 1413 0 -105 105 0
2826 1413 0 -104 104 0
2826 1413 0 -103 103 0
2826 1413 0 -102 102 0
2826 1413 0 -101 101 0
2826 1413 0 -100 100 0
2826 1413 0 -99 99 0
2826 1413 0 -98 98 0
2826 1413 0 -97 97 0
2826 1413 0 -96 96 0
2826 1413 0 -95 95 0
2826 1413 0 -94 94 0
2826 1413 0 -93 93 0
2826 1413 0 -92 92 0
2826 1413 0 -91 91 0
2826 1413 0 -90 90 0
2826 1413 0 -89 89 0
2826 1413 0 -88 88 0
2826 1413 0 -87 87 0
2826 1413 0 -86 86 0
2826 1413 0 -85 85 0
2826 1413 0 -84 84 0
2826 1413 0 -83 83 0
2826 1413 0 -82 82 0
2826 1413 0 -81 81 0
2826 1413 0 -80 80 0
2826 1413 0 -79 79 0
2826 1413 0 -78 78 0
2826 1413 0 -77 77 0
2826 1413 0 -76 76 0
2826 1413 0 -75 75 0
2826 1413 0 -74 74 0
2826 1413 0 -73 73 0
2826 1413 0 -72 72 0
2826 1413 0 -71 71 0
2826 1413 0 -70 70 0
2826 1413 0 -69 69 0
2826 1413 0 -68 68 0
2826 1413 0 -67 67 0
2826 1413 0 -66 66 0
2826 1413 0 -65 65 0
2826 1413 0 -64 64 0
2826 1413 0 -63 63 0
2826 1413 0 -62 62 0
2826 1413 0 -61 61 0
2826 1413 0 -60 60 0
2826 1413 0 -59 59 0
2826 1413 0 -58 58 0
2826 1413 0 -57 57 0
2826 1413 0 -56 56 0
2826 1413 0 -55 55 0
2826 1413 0 -54 54 0
2826 1413 0 -53 53 0
2826 1413 0 -52 52 0
2826 1413 0 -51 51 0
2826 1413 0 -50 50 0
2826 1413 0 -49 49 0
2826 1413 0 -48 48 0
2826 1413 0 -47 47 0
2826 1413 0 -46 46 0
2826 1413 0 -45 45 0
2826 1413 0 -44 44 0
2826 1413 0 -43 43 0
2826 1413 0 -42 42 0
2826 1413 0 -41 41 0
2826 1413 0 -40 40 0
2826 1413 0 -39 39 0
2826 1413 0 -38 38 0
2826 1413 0 -37 37 0
2826 1413 0 -36 36 0
2826 1413 0 -35 35 0
2826 1413 0 -34 34 0
2826 1413 0 -33 33 0
2826 1413 0 -32 32 0
2826 1413 0 -31 31 0
2826 1413 0 -30 30 0
2826 1413 0 -29 29 0
2826 1413 0 -28 28 0
2826 1413 0 -27 27 0
2826 1413 0 -26 26 0
2826 1413 0 -25 25 0
2826 1413 0 -24 24 0
2826 1413 0 -23 23 0
2826 1413 0 -22 22 0
2826 1413 0 -21 21 0
2826 1413 0 -20 20 0
2826 1413 0 -19 19 0
2826 1413 0 -18 18 0
2826 1413 0 -17 17 0
2826 1413 0 -16 16 0
2826 1413 0 -15 15 0
2826 1413 0 -14 14 0
2826 1413 0 -13 13 0
2826 1413 0 -12 12 0
2826 1413 0 -11 11 0
2826 1413 0 -10 10 0
2826 1413 0 -9 9 0
2826 1413 0 -8 8 0
2826 1413 0 -7 7 0
2826 1413 0 -6 6 0
2826 1413 0 -5 5 0
2826 1413 0 -4 4 0
2826 1413 0 -3 3 0
2826 1413 0 -2 2 0
2826 1413 0 -1 1 0
2826 1413 0 1 -1 0
2826 1413 0 2 -2 0
2826 1413 0 3 -3 0
2826 1413 0 4 -4 0
2826 1413 0 5 -5 0
2826 1413 0 6 -6 0
2826 1413 0 7 -7 0
2826 1413 0 8 -8 0
2826 1413 0 9 -9 0
2826 1413 0 10 -10 0
2826 1413 0 11 -11 0
2826 1413 0 12 -12 0
2826 1413 0 13 -13 0
2826 1413 0 14 -14 0
2826 1413 0 15 -15 0
2826 1413 0 16 -16 0
2826 1413 0 17 -17 0
2826 1413 0 18 -18 0
2826 1413 0 19 -19 0
2826 1413 0 20 -20 0
2826 1413 0 21 -21 0
2826 1413 0 22 -22 0
2826 1413 0 23 -23 0
2826 1413 0 24 -24 0
2826 1413 0 25 -25 0
2826 1413 0 26 -26 0
2826 1413 0 27 -27 0
2826 1413 0 28 -28 0
2826 1413 0 29 -29 0
2826 1413 0 30 -30 0
2826 1413 0 31 -31 0
2826 1413 0 32 -32 0
2826 1413 0 33 -33 0
2826 1413 0 34 -34 0
2826 1413 0 35 -35 0
2826 1413 0 36 -36 0
2826 1413 0 37 -37 0
2826 1413 0 38 -38 0
2826 1413 0 39 -39 0
2826 1413 0 40 -40 0
2826 1413 0 41 -41 0
2826 1413 0 42 -42 0
2826 1413 0 43 -43 0
2826 1413 0 44 -44 0
2826 1413 0 45 -45 0
2826 1413 0 46 -46 0
2826 1413 0 47 -47 0
2826 1413 0 48 -48 0
2826 1413 0 49 -49 0
2826 1413 0 50 -50 0
2826 1413 0 51 -51 0
2826 1413 0 52 -52 0
2826 1413 0 53 -53 0
2826 1413 0 54 -54 0
2826 1413 0 55 -55 0
2826 1413 0 56 -56 0
2826 1413 0 57 -57 0
2826 1413 0 58 -58 0
2826 1413 0 59 -59 0
2826 1413 0 60 -60 0
2826 1413 0 61 -61 0
2826 1413 0 62 -62 0
2826 1413 0 63 -63 0
2826 1413 0 64 -64 0
2826 1413 0 65 -65 0
2826 1413 0 66 -66 0
2826 1413 0 67 -67 0
2826 1413 0 68 -68 0
2826 1413 0 69 -69 0
2826 1413 0 70 -70 0
2826 1413 0 71 -71 0
2826 1413 0 72 -72 0
2826 1413 0 73 -73 0
2826 1413 0 74 -74 0
2826 1413 0 75 -75 0
2826 1413 0 76 -76 0
2826 1413 0 77 -77 0
2826 1413 0 78 -78 0
2826 1413 0 79 -79 0
2826 1413 0 80 -80 0
2826 1413 0 81 -81 0
2826 1413 0 82 -82 0
2826 1413 0 83 -83 0
2826 1413 0 84 -84 0
2826 1413 0 85 -85 0
2826 1413 0 86 -86 0
2826 1413 0 87 -87 0
2826 1413 0 88 -88 0
2826 1413 0 89 -89 0
2826 1413 0 90 -90 0
2826 1413 0 91 -91 0
2826 1413 0 92 -92 0
2826 1413 0 93 -93 0
2826 1413 0 94 -94 0
2826 1413 0 95 -95 0
2826 1413 0 96 -96 0
2826 1413 0 97 -97 0
2826 1413 0 98 -98 0
2826 1413 0 99 -99 0
2826 1413 0 100 -100 0
2826 1413 0 101 -101 0
2826 1413 0 102 -102 0
2826 1413 0 103 -103 0
2826 1413 0 104 -104 0
2826 1413 0 105 -105 0
2826 1413 0 106 -106 0
2826 1413 0 107 -107 0
2826 1413 0 108 -108 0
2826 1413 0 109 -109 0
2826 1413 0 110 -110 0
2826 1413 0 111 -111 0
2826 1413 0 112 -112 0
2826 1413 0 113 -113 0
2826 1413 0 114 -114 0
2826 1413 0 115 -115 0
2826 1413 0 116 -116 0
2826 1413 0 117 -117 0
2826 1413 0 118 -118 0
2826 1413 0 119 -119 0
2826 1413 0 120 -120 0
2826 1413 0 121 -121 0
2826 1413 0 122 -122 0
2826 1413 0 123 -123 0
2826 1413 0 124 -124 0
2826 1413 0 125 -125 0
2826 1413 0 126 -126 0
2826 1413 0 127 -127 0
2826 1413 0 128 -128 0
2826 1413 0 129 -129 0
2826 1413 0 130 -130 0
2826 1413 0 131 -131 0
2826 1413 0 132 -132 0
2826 1413 0 133 -133 0
2826 1413 0 134 -134 0
2826 1413 0 135 -135 0
2826 1413 0 136 -136 0
2826 1413 0 137 -137 0
2826 1413 0 138 -138 0
2826 1413 0 139 -139 0
2826 1413 0 140 -140 0
2826 1413 0 141 -141 0
2826 1413 0 142 -142 0
2826 1413 0 143 -143 0
2826 1413 0 144 -144 0
2826 1413 0 145 -145 0
2826 1413 0 146 -146 0
2826 1413 0 147 -147 0
2826 1413 0 148 -148 0
2826 1413 0 149 -149 0
2826 1413 0 150 -150 0
2828 1414 0 -150 150 0
2828 1414 0 -149 149 0
2828 1414 0 -148 148 0
2828 1414 0 -147 147 0
2828 1414 0 -146 146 0
2828 1414 0 -145 145 0
2828 1414 0 -144 144 0
2828 1414 0 -143 143 0
2828 1414 0 -142 142 0
2828 1414 0 -141 141 0
2828 1414 0 -140 140 0
2828 1414 0 -139 139 0
2828 1414 0 -138 138 0
2828 1414 0 -137 137 0
2828 1414 0 -136 136 0
2828 1414 0 -135 135 0
2828 1414 0 -134 134 0
2828 1414 0 -133 133 0
2828 1414 0 -132 132 0
2828 1414 0 -131 131 0
2828 1414 0 -130 130 0
2828 1414 0 -129 129 0
2828 1414 0 -128 128 0
2828 1414 0 -127 127 0
2828 1414 0 -126 126 0
2828 1414 0 -125 125 0
2828 1414 0 -124 124 0
2828 1414 0 -123 123 0
2828 1414 0 -122 122 0
2828 1414 0 -121 121 0
2828 1414 0 -120 120 0
2828 1414 0 -119 119 0
2828 1414 0 -118 118 0
2828 1414 0 -117 117 0
2828 1414 0 -116 116 0
2828 1414 0 -115 115 0
2828 1414 0 -114 114 0
2828 1414 0 -113 113 0
2828 1414 0 -112 112 0
2828 1414 0 -111 111 0
2828 1414 0 -110 110 0
2828 1414 0 -109 109 0
2828 1414 0 -108 108 0
2828 1414 0 -107 107 0
2828 1414 0 -106 106 0
2828 1414 0 -105 105 0
2828 1414 0 -104 104 0
2828 1414 0 -103 103 0
2828 1414 0 -102 102 0
2828 1414 0 -101 101 0
2828 1414 0 -100 100 0
2828 1414 0 -99 99 0
2828 1414 0 -98 98 0
2828 1414 0 -97 97 0
2828 1414 0 -96 96 0
2828 1414 0 -95 95 0
2828 1414 0 -94 94 0
2828 1414 0 -93 93 0
2828 1414 0 -92 92 0
2828 1414 0 -91 91 0
2828 1414 0 -90 90 0
2828 1414 0 -89 89 0
2828 1414 0 -88 88 0
2828 1414 0 -87 87 0
2828 1414 0 -86 86 0
2828 1414 0 -85 85 0
2828 1414 0 -84 84 0
2828 1414 0 -83 83 0
2828 1414 0 -82 82 0
2828 1414 0 -81 81 0
2828 1414 0 -80 80 0
2828 1414 0 -79 79 0
2828 1414 0 -78 78 0
2828 1414 0 -77 77 0
2828 1414 0 -76 76 0
2828 1414 0 -75 75 0
2828 1414 0 -74 74 0
2828 1414 0 -73 73 0
2828 1414 0 -72 72 0
2828 1414 0 -71 71 0
2828 1414 0 -70 70 0
2828 1414 0 -69 69 0
2828 1414 0 -68 68 0
2828 1414 0 -67 67 0
2828 1414 0 -66 66 0
2828 1414 0 -65 65 0
2828 1414 0 -64 64 0
2828 1414 0 -63 63 0
2828 1414 0 -62 62 0
2828 1414 0 -61 61 0
2828 1414 0 -60 60 0
2828 1414 0 -59 59 0
2828 1414 0 -58 58 0
2828 1414 0 -57 57 0
2828 1414 0 -56 56 0
2828 1414 0 -55 55 0
2828 1414 0 -54 54 0
2828 1414 0 -53 53 0
2828 1414 0 -52 52 0
2828 1414 0 -51 51 0
2828 1414 0 -50 50 0
2828 1414 0 -49 49 0
2828 1414 0 -48 48 0
2828 1414 0 -47 47 0
2828 1414 0 -46 46 0
2828 1414 0 -45 45 0
2828 1414 0 -44 44 0
2828 1414 0 -43 43 0
2828 1414 0 -42 42 0
2828 1414 0 -41 41 0
2828 1414 0 -40 40 0
2828 1414 0 -39 39 0
2828 1414 0 -38 38 0
2828 1414 0 -37 37 0
2828 1414 0 -36 36 0
2828 1414 0 -35 35 0
2828 1414 0 -34 34 0
2828 1414 0 -33 33 0
2828 1414 0 -32 32 0
2828 1414 0 -31 31 0
2828 1414 0 -30 30 0
2828 1414 0 -29 29 0
2828 1414 0 -28 28 0
2828 1414 0 -27 27 0
2828 1414 0 -26 26 0
2828 1414 0 -25 25 0
2828 1414 0 -24 24 0
2828 1414 0 -23 23 0
2828 1414 0 -22 22 0
2828 1414 0 -21 21 0
2828 1414 0 -20 20 0
2828 1414 0 -19 19 0
2828 1414 0 -18 18 0
2828 1414 0 -17 17 0
2828 1414 0 -16 16 0
2828 1414 0 -15 15 0
2828 1414 0 -14 14 0
2828 1414 0 -13 13 0
2828 1414 0 -12 12 0
2828 1414 0 -11 11 0
2828 1414 0 -10 10 0
2828 1414 0 -9 9 0
2828 1414 0 -8 8 0
2828 1414 0 -7 7 0
2828 1414 0 -6 6 0
2828 1414 0 -5 5 0
2828 1414 0 -4 4 0
2828 1414 0 -3 3 0
2828 1414 0 -2 2 0
2828 1414 0 -1 1 0
2828 1414 0 1 -1 0
2828 1414 0 2 -2 0
2828 1414 0 3 -3 0
2828 1414 0 4 -4 0
2828 1414 0 5 -5 0
2828 1414 0 6 -6 0
2828 1414 0 7 -7 0
2828 1414 0 8 -8 0
2828 1414 0 9 -9 0
2828 1414 0 10 -10 0
2828 1414 0 11 -11 0
2828 1414 0 12 -12 0
2828 1414 0 13 -13 0
2828 1414 0 14 -14 0
2828 1414 0 15 -15 0
2828 1414 0 16 -16 0
2828 1414 0 17 -17 0
2828 1414 0 18 -18 0
2828 1414 0 19 -19 0
2828 1414 0 20 -20 0
2828 1414 0 21 -21 0
2828 1414 0 22 -22 0
2828 1414 0 23 -23 0
2828 1414 0 24 -24 0
2828 1414 0 25 -25 0
2828 1414 0 26 -26 0
2828 1414 0 27 -27 0
2828 1414 0 28 -28 0
2828 1414 0 29 -29 0
2828 1414 0 30 -30 0
2828 1414 0 31 -31 0
2828 1414 0 32 -32 0
2828 1414 0 33 -33 0
2828 1414 0 34 -34 0
2828 1414 0 35 -35 0
2828 1414 0 36 -36 0
2828 1414 0 37 -37 0
2828 1414 0 38 -38 0
2828 1414 0 39 -39 0
2828 1414 0 40 -40 0
2828 1414 0 41 -41 0
2828 1414 0 42 -42 0
2828 1414 0 43 -43 0
2828 1414 0 44 -44 0
2828 1414 0 45 -45 0
2828 1414 0 46 -46 0
2828 1414 0 47 -47 0
2828 1414 0 48 -48 0
2828 1414 0 49 -49 0
2828 1414 0 50 -50 0
2828 1414 0 51 -51 0
2828 1414 0 52 -52 0
2828 1414 0 53 -53 0
2828 1414 0 54 -54 0
2828 1414 0 55 -55 0
2828 1414 0 56 -56 0
2828 1414 0 57 -57 0
2828 1414 0 58 -58 0
2828 1414 0 59 -59 0
2828 1414 0 60 -60 0
2828 1414 0 61 -61 0
2828 1414 0 62 -62 0
2828 1414 0 63 -63 0
2828 1414 0 64 -64 0
2828 1414 0 65 -65 0
2828 1414 0 66 -66 0
2828 1414 0 67 -67 0
2828 1414 0 68 -68 0
2828 1414 0 69 -69 0
2828 1414 0 70 -70 0
2828 1414 0 71 -71 0
2828 1414 0 72 -72 0
2828 1414 0 73 -73 0
2828 1414 0 74 -74 0
2828 1414 0 75 -75 0
2828 1414 0 76 -76 0
2828 1414 0 77 -77 0
2828 1414 0 78 -78 0
2828 1414 0 79 -79 0
2828 1414 0 80 -80 0
2828 1414 0 81 -81 0
2828 1414 0 82 -82 0
2828 1414 0 83 -83 0
2828 1414 0 84 -84 0
2828 1414 0 85 -85 0
2828 1414 0 86 -86 0
2828 1414 0 87 -87 0
2828 1414 0 88 -88 0
2828 1414 0 89 -89 0
2828 1414 0 90 -90 0
2828 1414 0 91 -91 0
2828 1414 0 92 -92 0
2828 1414 0 93 -93 0
2828 1414 0 94 -94 0
2828 1414 0 95 -95 0
2828 1414 0 96 -96 0
2828 1414 0 97 -97 0
2828 1414 0 98 -98 0
2828 1414 0 99 -99 0
2828 1414 0 100 -100 0
2828 1414 0 101 -101 0
2828 1414 0 102 -102 0
2828 1414 0 103 -103 0
2828 1414 0 104 -104 0
2828 1414 0 105 -105 0
2828 1414 0 106 -106 0
2828 1414 0 107 -107 0
2828 1414 0 108 -108 0
2828 1414 0 109 -109 0
2828 1414 0 110 -110 0
2828 1414 0 111 -111 0
2828 1414 0 112 -112 0
2828 1414 0 113 -113 0
2828 1414 0 114 -114 0
2828 1414 0 115 -115 0
2828 1414 0 116 -116 0
2828 1414 0 117 -117 0
2828 1414 0 118 -118 0
2828 1414 0 119 -119 0
2828 1414 0 120 -120 0
2828 1414 0 121 -121 0
2828 1414 0 122 -122 0
2828 1414 0 123 -123 0
2828 1414 0 124 -124 0
2828 1414 0 125 -125 0
2828 1414 0 126 -126 0
2828 1414 0 127 -127 0
2828 1414 0 128 -128 0
2828 1414 0 129 -129 0
2828 1414 0 130 -130 0
2828 1414 0 131 -131 0
2828 1414 0 132 -132 0
2828 1414 0 133 -133 0
2828 1414 0 134 -134 0
2828 1414 0 135 -135 0
2828 1414 0 136 -136 0
2828 1414 0 137 -137 0
2828 1414 0 138 -138 0
2828 1414 0 139 -139 0
2828 1414 0 140 -140 0
2828 1414 0 141 -141 0
2828 1414 0 142 -142 0
2828 1414 0 143 -143 0
2828 1414 0 144 -144 0
2828 1414 0 145 -145 0
2828 1414 0 146 -146 0
2828 1414 0 147 -147 0
2828 1414 0 148 -148 0
2828 1414 0 149 -149 0
2828 1414 0 150 -150 0
2830 1415 0 -150 150 0
2830 1415 0 -149 149 0
2830 1415 0 -148 148 0
2830 1415 0 -147 147 0
2830 1415 0 -146 146 0
2830 1415 0 -145 145 0
2830 1415 0 -144 144 0
2830 1415 0 -143 143 0
2830 1415 0 -142 142 0
2830 1415 0 -141 141 0
2830 1415 0 -140 140 0
2830 1415 0 -139 139 0
2830 1415 0 -138 138 0
2830 1415 0 -137 137 0
2830 1415 0 -136 136 0
2830 1415 0 -135 135 0
2830 1415 0 -134 134 0
2830 1415 0 -133 133 0
2830 1415 0 -132 132 0
2830 1415 0 -131 131 0
2830 1415 0 -130 130 0
2830 1415 0 -129 129 0
2830 1415 0 -128 128 0
2830 1415 0 -127 127 0
2830 1415 0 -126 126 0
2830 1415 0 -125 125 0
2830 1415 0 -124 124 0
2830 1415 0 -123 123 0
2830 1415 0 -122 122 0
2830 1415 0 -121 121 0
2830 1415 0 -120 120 0
2830 1415 0 -119 119 0
2830 1415 0 -118 118 0
2830 1415 0 -117 117 0
2830 1415 0 -116 116 0
2830 1415 0 -115 115 0
2830 1415 0 -114 114 0
2830 1415 0 -113 113 0
2830 1415 0 -112 112 0
2830 1415 0 -111 111 0
2830 1415 0 -110 110 0
2830 1415 0 -109 109 0
2830 1415 0 -108 108 0
2830 1415 0 -107 107 0
2830 1415 0 -106 106 0
2830 1415 0 -105 105 0
2830 1415 0 -104 104 0
2830 1415 0 -103 103 0
2830 1415 0 -102 102 0
2830 1415 0 -101 101 0
2830 1415 0 -100 100 0
2830 1415 0 -99 99 0
2830 1415 0 -98 98 0
2830 1415 0 -97 97 0
2830 1415 0 -96 96 0
2830 1415 0 -95 95 0
2830 1415 0 -94 94 0
2830 1415 0 -93 93 0
2830 1415 0 -92 92 0
2830 1415 0 -91 91 0
2830 1415 0 -90 90 0
2830 1415 0 -89 89 0
2830 1415 0 -88 88 0
2830 1415 0 -87 87 0
2830 1415 0 -86 86 0
2830 1415 0 -85 85 0
2830 1415 0 -84 84 0
2830 1415 0 -83 83 0
2830 1415 0 -82 82 0
2830 1415 0 -81 81 0
2830 1415 0 -80 80 0
2830 1415 0 -79 79 0
2830 1415 0 -78 78 0
2830 1415 0 -77 77 0
2830 1415 0 -76 76 0
2830 1415 0 -75 75 0
2830 1415 0 -74 74 0
2830 1415 0 -73 73 0
2830 1415 0 -72 72 0
2830 1415 0 -71 71 0
2830 1415 0 -70 70 0
2830 1415 0 -69 69 0
2830 1415 0 -68 68 0
2830 1415 0 -67 67 0
2830 1415 0 -66 66 0
2830 1415 0 -65 65 0
2830 1415 0 -64 64 0
2830 1415 0 -63 63 0
2830 1415 0 -62 62 0
2830 1415 0 -61 61 0
2830 1415 0 -60 60 0
2830 1415 0 -59 59 0
2830 1415 0 -58 58 0
2830 1415 0 -57 57 0
2830 1415 0 -56 56 0
2830 1415 0 -55 55 0
2830 1415 0 -54 54 0
2830 1415 0 -53 53 0
2830 1415 0 -52 52 0
2830 1415 0 -51 51 0
2830 1415 0 -50 50 0
2830 1415 0 -49 49 0
2830 1415 0 -48 48 0
2830 1415 0 -47 47 0
2830 1415 0 -46 46 0
2830 1415 0 -45 45 0
2830 1415 0 -44 44 0
2830 1415 0 -43 43 0
2830 1415 0 -42 42 0
2830 1415 0 -41 41 0
2830 1415 0 -40 40 0
2830 1415 0 -39 39 0
2830 1415 0 -38 38 0
2830 1415 0 -37 37 0
2830 1415 0 -36 36 0
2830 1415 0 -35 35 0
2830 1415 0 -34 34 0
2830 1415 0 -33 33 0
2830 1415 0 -32 32 0
2830 1415 0 -31 31 0
2830 1415 0 -30 30 0
2830 1415 0 -29 29 0
2830 1415 0 -28 28 0
2830 1415 0 -27 27 0
2830 1415 0 -26 26 0
2830 1415 0 -25 25 0
2830 1415 0 -24 24 0
2830 1415 0 -23 23 0
2830 1415 0 -22 22 0
2830 1415 0 -21 21 0
2830 1415 0 -20 20 0
2830 1415 0 -19 19 0
2830 1415 0 -18 18 0
2830 1415 0 -17 17 0
2830 1415 0 -16 16 0
2830 1415 0 -15 15 0
2830 1415 0 -14 14 0
2830 1415 0 -13 13 0
2830 1415 0 -12 12 0
2830 1415 0 -11 11 0
2830 1415 0 -10 10 0
2830 1415 0 -9 9 0
2830 1415 0 -8 8 0
2830 1415 0 -7 7 0
2830 1415 0 -6 6 0
2830 1415 0 -5 5 0
2830 1415 0 -4 4 0
2830 1415 0 -3 3 0
2830 1415 0 -2 2 0
2830 1415 0 -1 1 0
2830 1415 0 1 -1 0
2830 1415 0 2 -2 0
2830 1415 0 3 -3 0
2830 1415 0 4 -4 0
2830 1415 0 5 -5 0
2830 1415 0 6 -6 0
2830 1415 0 7 -7 0
2830 1415 0 8 -8 0
2830 1415 0 9 -9 0
2830 1415 0 10 -10 0
2830 1415 0 11 -11 0
2830 1415 0 12 -12 0
2830 1415 0 13 -13 0
2830 1415 0 14 -14 0
2830 1415 0 15 -15 0
2830 1415 0 16 -16 0
2830 1415 0 17 -17 0
2830 1415 0 18 -18 0
2830 1415 0 19 -19 0
2830 1415 0 20 -20 0
2830 1415 0 21 -21 0
2830 1415 0 22 -22 0
2830 1415 0 23 -23 0
2830 1415 0 24 -24 0
2830 1415 0 25 -25 0
2830 1415 0 26 -26 0
2830 1415 0 27 -27 0
2830 1415 0 28 -28 0
2830 1415 0 29 -29 0
2830 1415 0 30 -30 0
2830 1415 0 31 -31 0
2830 1415 0 32 -32 0
2830 1415 0 33 -33 0
2830 1415 0 34 -34 0
2830 1415 0 35 -35 0
2830 1415 0 36 -36 0
2830 1415 0 37 -37 0
2830 1415 0 38 -38 0
2830 1415 0 39 -39 0
2830 1415 0 40 -40 0
2830 1415 0 41 -41 0
2830 1415 0 42 -42 0
2830 1415 0 43 -43 0
2830 1415 0 44 -44 0
2830 1415 0 45 -45 0
2830 1415 0 46 -46 0
2830 1415 0 47 -47 0
2830 1415 0 48 -48 0
2830 1415 0 49 -49 0
2830 1415 0 50 -50 0
2830 1415 0 51 -51 0
2830 1415 0 52 -52 0
2830 1415 0 53 -53 0
2830 1415 0 54 -54 0
2830 1415 0 55 -55 0
2830 1415 0 56 -56 0
2830 1415 0 57 -57 0
2830 1415 0 58 -58 0
2830 1415 0 59 -59 0
2830 1415 0 60 -60 0
2830 1415 0 61 -61 0
2830 1415 0 62 -62 0
2830 1415 0 63 -63 0
2830 1415 0 64 -64 0
2830 1415 0 65 -65 0
2830 1415 0 66 -66 0
2830 1415 0 67 -67 0
2830 1415 0 68 -68 0
2830 1415 0 69 -69 0
2830 1415 0 70 -70 0
2830 1415 0 71 -71 0
2830 1415 0 72 -72 0
2830 1415 0 73 -73 0
2830 1415 0 74 -74 0
2830 1415 0 75 -75 0
2830 1415 0 76 -76 0
2830 1415 0 77 -77 0
2830 1415 0 78 -78 0
2830 1415 0 79 -79 0
2830 1415 0 80 -80 0
2830 1415 0 81 -81 0
2830 1415 0 82 -82 0
2830 1415 0 83 -83 0
2830 1415 0 84 -84 0
2830 1415 0 85 -85 0
2830 1415 0 86 -86 0
2830 1415 0 87 -87 0
2830 1415 0 88 -88 0
2830 1415 0 89 -89 0
2830 1415 0 90 -90 0
2830 1415 0 91 -91 0
2830 1415 0 92 -92 0
2830 1415 0 93 -93 0
2830 1415 0 94 -94 0
2830 1415 0 95 -95 0
2830 1415 0 96 -96 0
2830 1415 0 97 -97 0
2830 1415 0 98 -98 0
2830 1415 0 99 -99 0
2830 1415 0 100 -100 0
2830 1415 0 101 -101 0
2830 1415 0 102 -102 0
2830 1415 0 103 -103 0
2830 1415 0 104 -104 0
2830 1415 0 105 -105 0
2830 1415 0 106 -106 0
2830 1415 0 107 -107 0
2830 1415 0 108 -108 0
2830 1415 0 109 -109 0
2830 1415 0 110 -110 0
2830 1415 0 111 -111 0
2830 1415 0 112 -112 0
2830 1415 0 113 -113 0
2830 1415 0 114 -114 0
2830 1415 0 115 -115 0
2830 1415 0 116 -116 0
2830 1415 0 117 -117 0
2830 1415 0 118 -118 0
2830 1415 0 119 -119 0
2830 1415 0 120 -120 0
2830 1415 0 121 -121 0
2830 1415 0 122 -122 0
2830 1415 0 123 -123 0
2830 1415 0 124 -124 0
2830 1415 0 125 -125 0
2830 1415 0 126 -126 0
2830 1415 0 127 -127 0
2830 1415 0 128 -128 0
2830 1415 0 129 -129 0
2830 1415 0 130 -130 0
2830 1415 0 131 -131 0
2830 1415 0 132 -132 0
2830 1415 0 133 -133 0
2830 1415 0 134 -134 0
2830 1415 0 135 -135 0
2830 1415 0 136 -136 0
2830 1415 0 137 -137 0
2830 1415 0 138 -138 0
2830 1415 0 139 -139 0
2830 1415 0 140 -140 0
2830 1415 0 141 -141 0
2830 1415 0 142 -142 0
2830 1415 0 143 -143 0
2830 1415 0 144 -144 0
2830 1415 0 145 -145 0
2830 1415 0 146 -146 0
2830 1415 0 147 -147 0
2830 1415 0 148 -148 0
2830 1415 0 149 -149 0
2830 1415 0 150 -150 0
2832 1416 0 -150 150 0
2832 1416 0 -149 149 0
2832 1416 0 -148 148 0
2832 1416 0 -147 147 0
2832 1416 0 -146 146 0
2832 1416 0 -145 145 0
2832 1416 0 -144 144 0
2832 1416 0 -143 143 0
2832 1416 0 -142 142 0
2832 1416 0 -141 141 0
2832 1416 0 -140 140 0
2832 1416 0 -139 139 0
2832 1416 0 -138 138 0
2832 1416 0 -137 137 0
2832 1416 0 -136 136 0
2832 1416 0 -135 135 0
2832 1416 0 -134 134 0
2832 1416 0 -133 133 0
2832 1416 0 -132 132 0
2832 1416 0 -131 131 0
2832 1416 0 -130 130 0
2832 1416 0 -129 129 0
2832 1416 0 -128 128 0
2832 1416 0 -127 127 0
2832 1416 0 -126 126 0
2832 1416 0 -125 125 0
2832 1416 0 -124 124 0
2832 1416 0 -123 123 0
2832 1416 0 -122 122 0
2832 1416 0 -121 121 0
2832 1416 0 -120 120 0
2832 1416 0 -119 119 0
2832 1416 0 -118 118 0
2832 1416 0 -117 117 0
2832 1416 0 -116 116 0
2832 1416 0 -115 115 0
2832 1416 0 -114 114 0
2832 1416 0 -113 113 0
2832 1416 0 -112 112 0
2832 1416 0 -111 111 0
2832 1416 0 -110 110 0
2832 1416 0 -109 109 0
2832 1416 0 -108 108 0
2832 1416 0 -107 107 0
2832 1416 0 -106 106 0
2832 1416 0 -105 105 0
2832 1416 0 -104 104 0
2832 1416 0 -103 103 0
2832 1416 0 -102 102 0
2832 1416 0 -101 101 0
2832 1416 0 -100 100 0
2832 1416 0 -99 99 0
2832 1416 0 -98 98 0
2832 1416 0 -97 97 0
2832 1416 0 -96 96 0
2832 1416 0 -95 95 0
2832 1416 0 -94 94 0
2832 1416 0 -93 93 0
2832 1416 0 -92 92 0
2832 1416 0 -91 91 0
2832 1416 0 -90 90 0
2832 1416 0 -89 89 0
2832 1416 0 -88 88 0
2832 1416 0 -87 87 0
2832 1416 0 -86 86 0
2832 1416 0 -85 85 0
2832 1416 0 -84 84 0
2832 1416 0 -83 83 0
2832 1416 0 -82 82 0
2832 1416 0 -81 81 0
2832 1416 0 -80 80 0
2832 1416 0 -79 79 0
2832 1416 0 -78 78 0
2832 1416 0 -77 77 0
2832 1416 0 -76 76 0
2832 1416 0 -75 75 0
2832 1416 0 -74 74 0
2832 1416 0 -73 73 0
2832 1416 0 -72 72 0
2832 1416 0 -71 71 0
2832 1416 0 -70 70 0
2832 1416 0 -69 69 0
2832 1416 0 -68 68 0
2832 1416 0 -67 67 0
2832 1416 0 -66 66 0
2832 1416 0 -65 65 0
2832 1416 0 -64 64 0
2832 1416 0 -63 63 0
2832 1416 0 -62 62 0
2832 1416 0 -61 61 0
2832 1416 0 -60 60 0
2832 1416 0 -59 59 0
2832 1416 0 -58 58 0
2832 1416 0 -57 57 0
2832 1416 0 -56 56 0
2832 1416 0 -55 55 0
2832 1416 0 -54 54 0
2832 1416 0 -53 53 0
2832 1416 0 -52 52 0
2832 1416 0 -51 51 0
2832 1416 0 -50 50 0
2832 1416 0 -49 49 0
2832 1416 0 -48 48 0
2832 1416 0 -47 47 0
2832 1416 0 -46 46 0
2832 1416 0 -45 45 0
2832 1416 0 -44 44 0
2832 1416 0 -43 43 0
2832 1416 0 -42 42 0
2832 1416 0 -41 41 0
2832 1416 0 -40 40 0
2832 1416 0 -39 39 0
2832 1416 0 -38 38 0
2832 1416 0 -37 37 0
2832 1416 0 -36 36 0
2832 1416 0 -35 35 0
2832 1416 0 -34 34 0
2832 1416 0 -33 33 0
2832 1416 0 -32 32 0
2832 1416 0 -31 31 0
2832 1416 0 -30 30 0
2832 1416 0 -29 29 0
2832 1416 0 -28 28 0
2832 1416 0 -27 27 0
2832 1416 0 -26 26 0
2832 1416 0 -25 25 0
2832 1416 0 -24 24 0
2832 1416 0 -23 23 0
2832 1416 0 -22 22 0
2832 1416 0 -21 21 0
2832 1416 0 -20 20 0
2832 1416 0 -19 19 0
2832 1416 0 -18 18 0
2832 1416 0 -17 17 0
2832 1416 0 -16 16 0
2832 1416 0 -15 15 0
2832 1416 0 -14 14 0
2832 1416 0 -13 13 0
2832 1416 0 -12 12 0
2832 1416 0 -11 11 0
2832 1416 0 -10 10 0
2832 1416 0 -9 9 0
2832 1416 0 -8 8 0
2832 1416 0 -7 7 0
2832 1416 0 -6 6 0
2832 1416 0 -5 5 0
2832 1416 0 -4 4 0
2832 1416 0 -3 3 0
2832 1416 0 -2 2 0
2832 1416 0 -1 1 0
2832 1416 0 1 -1 0
2832 1416 0 2 -2 0
2832 1416 0 3 -3 0
2832 1416 0 4 -4 0
2832 1416 0 5 -5 0
2832 1416 0 6 -6 0
2832 1416 0 7 -7 0
2832 1416 0 8 -8 0
2832 1416 0 9 -9 0
2832 1416 0 10 -10 0
2832 1416 0 11 -11 0
2832 1416 0 12 -12 0
2832 1416 0 13 -13 0
2832 1416 0 14 -14 0
2832 1416 0 15 -15 0
2832 1416 0 16 -16 0
2832 1416 0 17 -17 0
2832 1416 0 18 -18 0
2832 1416 0 19 -19 0
2832 1416 0 20 -20 0
2832 1416 0 21 -21 0
2832 1416 0 22 -22 0
2832 1416 0 23 -23 0
2832 1416 0 24 -24 0
2832 1416 0 25 -25 0
2832 1416 0 26 -26 0
2832 1416 0 27 -27 0
2832 1416 0 28 -28 0
2832 1416 0 29 -29 0
2832 1416 0 30 -30 0
2832 1416 0 31 -31 0
2832 1416 0 32 -32 0
2832 1416 0 33 -33 0
2832 1416 0 34 -34 0
2832 1416 0 35 -35 0
2832 1416 0 36 -36 0
2832 1416 0 37 -37 0
2832 1416 0 38 -38 0
2832 1416 0 39 -39 0
2832 1416 0 40 -40 0
2832 1416 0 41 -41 0
2832 1416 0 42 -42 0
2832 1416 0 43 -43 0
2832 1416 0 44 -44 0
2832 1416 0 45 -45 0
2832 1416 0 46 -46 0
2832 1416 0 47 -47 0
2832 1416 0 48 -48 0
2832 1416 0 49 -49 0
2832 1416 0 50 -50 0
2832 1416 0 51 -51 0
2832 1416 0 52 -52 0
2832 1416 0 53 -53 0
2832 1416 0 54 -54 0
2832 1416 0 55 -55 0
2832 1416 0 56 -56 0
2832 1416 0 57 -57 0
2832 1416 0 58 -58 0
2832 1416 0 59 -59 0
2832 1416 0 60 -60 0
2832 1416 0 61 -61 0
2832 1416 0 62 -62 0
2832 1416 0 63 -63 0
2832 1416 0 64 -64 0
2832 1416 0 65 -65 0
2832 1416 0 66 -66 0
2832 1416 0 67 -67 0
2832 1416 0 68 -68 0
2832 1416 0 69 -69 0
2832 1416 0 70 -70 0
2832 1416 0 71 -71 0
2832 1416 0 72 -72 0
2832 1416 0 73 -73 0
2832 1416 0 74 -74 0
2832 1416 0 75 -75 0
2832 1416 0 76 -76 0
2832 1416 0 77 -77 0
2832 1416 0 78 -78 0
2832 1416 0 79 -79 0
2832 1416 0 80 -80 0
2832 1416 0 81 -81 0
2832 1416 0 82 -82 0
2832 1416 0 83 -83 0
2832 1416 0 84 -84 0
2832 1416 0 85 -85 0
2832 1416 0 86 -86 0
2832 1416 0 87 -87 0
2832 1416 0 88 -88 0
2832 1416 0 89 -89 0
2832 1416 0 90 -90 0
2832 1416 0 91 -91 0
2832 1416 0 92 -92 0
2832 1416 0 93 -93 0
2832 1416 0 94 -94 0
2832 1416 0 95 -95 0
2832 1416 0 96 -96 0
2832 1416 0 97 -97 0
2832 1416 0 98 -98 0
2832 1416 0 99 -99 0
2832 1416 0 100 -100 0
2832 1416 0 101 -101 0
2832 1416 0 102 -102 0
2832 1416 0 103 -103 0
2832 1416 0 104 -104 0
2832 1416 0 105 -105 0
2832 1416 0 106 -106 0
2832 1416 0 107 -107 0
2832 1416 0 108 -108 0
2832 1416 0 109 -109 0
2832 1416 0 110 -110 0
2832 1416 0 111 -111 0
2832 1416 0 112 -112 0
2832 1416 0 113 -113 0
2832 1416 0 114 -114 0
2832 1416 0 115 -115 0
2832 1416 0 116 -116 0
2832 1416 0 117 -117 0
2832 1416 0 118 -118 0
2832 1416 0 119 -119 0
2832 1416 0 120 -120 0
2832 1416 0 121 -121 0
2832 1416 0 122 -122 0
2832 1416 0 123 -123 0
2832 1416 0 124 -124 0
2832 1416 0 125 -125 0
2832 1416 0 126 -126 0
2832 1416 0 127 -127 0
2832 1416 0 128 -128 0
2832 1416 0 129 -129 0
2832 1416 0 130 -130 0
2832 1416 0 131 -131 0
2832 1416 0 132 -132 0
2832 1416 0 133 -133 0
2832 1416 0 134 -134 0
2832 1416 0 135 -135 0
2832 1416 0 136 -136 0
2832 1416 0 137 -137 0
2832 1416 0 138 -138 0
2832 1416 0 139 -139 0
2832 1416 0 140 -140 0
2832 1416 0 141 -141 0
2832 1416 0 142 -142 0
2832 1416 0 143 -143 0
2832 1416 0 144 -144 0
2832 1416 0 145 -145 0
2832 1416 0 146 -146 0
2832 1416 0 147 -147 0
2832 1416 0 148 -148 0
2832 1416 0 149 -149 0
2832 1416 0 150 -150 0
2834 1417 0 -150 150 0
2834 1417 0 -149 149 0
2834 1417 0 -148 148 0
2834 1417 0 -147 147 0
2834 1417 0 -146 146 0
2834 1417 0 -145 145 0
2834 1417 0 -144 144 0
2834 1417 0 -143 143 0
2834 1417 0 -142 142 0
2834 1417 0 -141 141 0
2834 1417 0 -140 140 0
2834 1417 0 -139 139 0
2834 1417 0 -138 138 0
2834 1417 0 -137 137 0
2834 1417 0 -136 136 0
2834 1417 0 -135 135 0
2834 1417 0 -134 134 0
2834 1417 0 -133 133 0
2834 1417 0 -132 132 0
2834 1417 0 -131 131 0
2834 1417 0 -130 130 0
2834 1417 0 -129 129 0
2834 1417 0 -128 128 0
2834 1417 0 -127 127 0
2834 1417 0 -126 126 0
2834 1417 0 -125 125 0
2834 1417 0 -124 124 0
2834 1417 0 -123 123 0
2834 1417 0 -122 122 0
2834 1417 0 -121 121 0
2834 1417 0 -120 120 0
2834 1417 0 -119 119 0
2834 1417 0 -118 118 0
2834 1417 0 -117 117 0
2834 1417 0 -116 116 0
2834 1417 0 -115 115 0
2834 1417 0 -114 114 0
2834 1417 0 -113 113 0
2834 1417 0 -112 112 0
2834 1417 0 -111 111 0
2834 1417 0 -110 110 0
2834 1417 0 -109 109 0
2834 1417 0 -108 108 0
2834 1417 0 -107 107 0
2834 1417 0 -106 106 0
2834 1417 0 -105 105 0
2834 1417 0 -104 104 0
2834 1417 0 -103 103 0
2834 1417 0 -102 102 0
2834 1417 0 -101 101 0
2834 1417 0 -100 100 0
2834 1417 0 -99 99 0
2834 1417 0 -98 98 0
2834 1417 0 -97 97 0
2834 1417 0 -96 96 0
2834 1417 0 -95 95 0
2834 1417 0 -94 94 0
2834 1417 0 -93 93 0
2834 1417 0 -92 92 0
2834 1417 0 -91 91 0
2834 1417 0 -90 90 0
2834 1417 0 -89 89 0
2834 1417 0 -88 88 0
2834 1417 0 -87 87 0
2834 1417 0 -86 86 0
2834 1417 0 -85 85 0
2834 1417 0 -84 84 0
2834 1417 0 -83 83 0
2834 1417 0 -82 82 0
2834 1417 0 -81 81 0
2834 1417 0 -80 80 0
2834 1417 0 -79 79 0
2834 1417 0 -78 78 0
2834 1417 0 -77 77 0
2834 1417 0 -76 76 0
2834 1417 0 -75 75 0
2834 1417 0 -74 74 0
2834 1417 0 -73 73 0
2834 1417 0 -72 72 0
2834 1417 0 -71 71 0
2834 1417 0 -70 70 0
2834 1417 0 -69 69 0
2834 1417 0 -68 68 0
2834 1417 0 -67 67 0
2834 1417 0 -66 66 0
2834 1417 0 -65 65 0
2834 1417 0 -64 64 0
2834 1417 0 -63 63 0
2834 1417 0 -62 62 0
2834 1417 0 -61 61 0
2834 1417 0 -60 60 0
2834 1417 0 -59 59 0
2834 1417 0 -58 58 0
2834 1417 0 -57 57 0
2834 1417 0 -56 56 0
2834 1417 0 -55 55 0
2834 1417 0 -54 54 0
2834 1417 0 -53 53 0
2834 1417 0 -52 52 0
2834 1417 0 -51 51 0
2834 1417 0 -50 50 0
2834 1417 0 -49 49 0
2834 1417 0 -48 48 0
2834 1417 0 -47 47 0
2834 1417 0 -46 46 0
2834 1417 0 -45 45 0
2834 1417 0 -44 44 0
2834 1417 0 -43 43 0
2834 1417 0 -42 42 0
2834 1417 0 -41 41 0
2834 1417 0 -40 40 0
2834 1417 0 -39 39 0
2834 1417 0 -38 38 0
2834 1417 0 -37 37 0
2834 1417 0 -36 36 0
2834 1417 0 -35 35 0
2834 1417 0 -34 34 0
2834 1417 0 -33 33 0
2834 1417 0 -32 32 0
2834 1417 0 -31 31 0
2834 1417 0 -30 30 0
2834 1417 0 -29 29 0
2834 1417 0 -28 28 0
2834 1417 0 -27 27 0
2834 1417 0 -26 26 0
2834 1417 0 -25 25 0
2834 1417 0 -24 24 0
2834 1417 0 -23 23 0
2834 1417 0 -22 22 0
2834 1417 0 -21 21 0
2834 1417 0 -20 20 0
2834 1417 0 -19 19 0
2834 1417 0 -18 18 0
2834 1417 0 -17 17 0
2834 1417 0 -16 16 0
2834 1417 0 -15 15 0
2834 1417 0 -14 14 0
2834 1417 0 -13 13 0
2834 1417 0 -12 12 0
2834 1417 0 -11 11 0
2834 1417 0 -10 10 0
2834 1417 0 -9 9 0
2834 1417 0 -8 8 0
2834 1417 0 -7 7 0
2834 1417 0 -6 6 0
2834 1417 0 -5 5 0
2834 1417 0 -4 4 0
2834 1417 0 -3 3 0
2834 1417 0 -2 2 0
2834 1417 0 -1 1 0
2834 1417 0 1 -1 0
2834 1417 0 2 -2 0
2834 1417 0 3 -3 0
2834 1417 0 4 -4 0
2834 1417 0 5 -5 0
2834 1417 0 6 -6 0
2834 1417 0 7 -7 0
2834 1417 0 8 -8 0
2834 1417 0 9 -9 0
2834 1417 0 10 -10 0
2834 1417 0 11 -11 0
2834 1417 0 12 -12 0
2834 1417 0 13 -13 0
2834 1417 0 14 -14 0
2834 1417 0 15 -15 0
2834 1417 0 16 -16 0
2834 1417 0 17 -17 0
2834 1417 0 18 -18 0
2834 1417 0 19 -19 0
2834 1417 0 20 -20 0
2834 1417 0 21 -21 0
2834 1417 0 22 -22 0
2834 1417 0 23 -23 0
2834 1417 0 24 -24 0
2834 1417 0 25 -25 0
2834 1417 0 26 -26 0
2834 1417 0 27 -27 0
2834 1417 0 28 -28 0
2834 1417 0 29 -29 0
2834 1417 0 30 -30 0
2834 1417 0 31 -31 0
2834 1417 0 32 -32 0
2834 1417 0 33 -33 0
2834 1417 0 34 -34 0
2834 1417 0 35 -35 0
2834 1417 0 36 -36 0
2834 1417 0 37 -37 0
2834 1417 0 38 -38 0
2834 1417 0 39 -39 0
2834 1417 0 40 -40 0
2834 1417 0 41 -41 0
2834 1417 0 42 -42 0
2834 1417 0 43 -43 0
2834 1417 0 44 -44 0
2834 1417 0 45 -45 0
2834 1417 0 46 -46 0
2834 1417 0 47 -47 0
2834 1417 0 48 -48 0
2834 1417 0 49 -49 0
2834 1417 0 50 -50 0
2834 1417 0 51 -51 0
2834 1417 0 52 -52 0
2834 1417 0 53 -53 0
2834 1417 0 54 -54 0
2834 1417 0 55 -55 0
2834 1417 0 56 -56 0
2834 1417 0 57 -57 0
2834 1417 0 58 -58 0
2834 1417 0 59 -59 0
2834 1417 0 60 -60 0
2834 1417 0 61 -61 0
2834 1417 0 62 -62 0
2834 1417 0 63 -63 0
2834 1417 0 64 -64 0
2834 1417 0 65 -65 0
2834 1417 0 66 -66 0
2834 1417 0 67 -67 0
2834 1417 0 68 -68 0
2834 1417 0 69 -69 0
2834 1417 0 70 -70 0
2834 1417 0 71 -71 0
2834 1417 0 72 -72 0
2834 1417 0 73 -73 0
2834 1417 0 74 -74 0
2834 1417 0 75 -75 0
2834 1417 0 76 -76 0
2834 1417 0 77 -77 0
2834 1417 0 78 -78 0
2834 1417 0 79 -79 0
2834 1417 0 80 -80 0
2834 1417 0 81 -81 0
2834 1417 0 82 -82 0
2834 1417 0 83 -83 0
2834 1417 0 84 -84 0
2834 1417 0 85 -85 0
2834 1417 0 86 -86 0
2834 1417 0 87 -87 0
2834 1417 0 88 -88 0
2834 1417 0 89 -89 0
2834 1417 0 90 -90 0
2834 1417 0 91 -91 0
2834 1417 0 92 -92 0
2834 1417 0 93 -93 0
2834 1417 0 94 -94 0
2834 1417 0 95 -95 0
2834 1417 0 96 -96 0
2834 1417 0 97 -97 0
2834 1417 0 98 -98 0
2834 1417 0 99 -99 0
2834 1417 0 100 -100 0
2834 1417 0 101 -101 0
2834 1417 0 102 -102 0
2834 1417 0 103 -103 0
2834 1417 0 104 -104 0
2834 1417 0 105 -105 0
2834 1417 0 106 -106 0
2834 1417 0 107 -107 0
2834 1417 0 108 -108 0
2834 1417 0 109 -109 0
2834 1417 0 110 -110 0
2834 1417 0 111 -111 0
2834 1417 0 112 -112 0
2834 1417 0 113 -113 0
2834 1417 0 114 -114 0
2834 1417 0 115 -115 0
2834 1417 0 116 -116 0
2834 1417 0 117 -117 0
2834 1417 0 118 -118 0
2834 1417 0 119 -119 0
2834 1417 0 120 -120 0
2834 1417 0 121 -121 0
2834 1417 0 122 -122 0
2834 1417 0 123 -123 0
2834 1417 0 124 -124 0
2834 1417 0 125 -125 0
2834 1417 0 126 -126 0
2834 1417 0 127 -127 0
2834 1417 0 128 -128 0
2834 1417 0 129 -129 0
2834 1417 0 130 -130 0
2834 1417 0 131 -131 0
2834 1417 0 132 -132 0
2834 1417 0 133 -133 0
2834 1417 0 134 -134 0
2834 1417 0 135 -135 0
2834 1417 0 136 -136 0
2834 1417 0 137 -137 0
2834 1417 0 138 -138 0
2834 1417 0 139 -139 0
2834 1417 0 140 -140 0
2834 1417 0 141 -141 0
2834 1417 0 142 -142 0
2834 1417 0 143 -143 0
2834 1417 0 144 -144 0
2834 1417 0 145 -145 0
2834 1417 0 146 -146 0
2834 1417 0 147 -147 0
2834 1417 0 148 -148 0
2834 1417 0 149 -149 0
2834 1417 0 150 -150 0
2836 1418 0 -150 150 0
2836 1418 0 -149 149 0
2836 1418 0 -148 148 0
2836 1418 0 -147 147 0
2836 1418 0 -146 146 0
2836 1418 0 -145 145 0
2836 1418 0 -144 144 0
2836 1418 0 -143 143 0
2836 1418 0 -142 142 0
2836 1418 0 -141 141 0
2836 1418 0 -140 140 0
2836 1418 0 -139 139 0
2836 1418 0 -138 138 0
2836 1418 0 -137 137 0
2836 1418 0 -136 136 0
2836 1418 0 -135 135 0
2836 1418 0 -134 134 0
2836 1418 0 -133 133 0
2836 1418 0 -132 132 0
2836 1418 0 -131 131 0
2836 1418 0 -130 130 0
2836 1418 0 -129 129 0
2836 1418 0 -128 128 0
2836 1418 0 -127 127 0
2836 1418 0 -126 126 0
2836 1418 0 -125 125 0
2836 1418 0 -124 124 0
2836 1418 0 -123 123 0
2836 1418 0 -122 122 0
2836 1418 0 -121 121 0
2836 1418 0 -120 120 0
2836 1418 0 -119 119 0
2836 1418 0 -118 118 0
2836 1418 0 -117 117 0
2836 1418 0 -116 116 0
2836 1418 0 -115 115 0
2836 1418 0 -114 114 0
2836 1418 0 -113 113 0
2836 1418 0 -112 112 0
2836 1418 0 -111 111 0
2836 1418 0 -110 110 0
2836 1418 0 -109 109 0
2836 1418 0 -108 108 0
2836 1418 0 -107 107 0
2836 1418 0 -106 106 0
2836 1418 0 -105 105 0
2836 1418 0 -104 104 0
2836 1418 0 -103 103 0
2836 1418 0 -102 102 0
2836 1418 0 -101 101 0
2836 1418 0 -100 100 0
2836 1418 0 -99 99 0
2836 1418 0 -98 98 0
2836 1418 0 -97 97 0
2836 1418 0 -96 96 0
2836 1418 0 -95 95 0
2836 1418 0 -94 94 0
2836 1418 0 -93 93 0
2836 1418 0 -92 92 0
2836 1418 0 -91 91 0
2836 1418 0 -90 90 0
2836 1418 0 -89 89 0
2836 1418 0 -88 88 0
2836 1418 0 -87 87 0
2836 1418 0 -86 86 0
2836 1418 0 -85 85 0
2836 1418 0 -84 84 0
2836 1418 0 -83 83 0
2836 1418 0 -82 82 0
2836 1418 0 -81 81 0
2836 1418 0 -80 80 0
2836 1418 0 -79 79 0
2836 1418 0 -78 78 0
2836 1418 0 -77 77 0
2836 1418 0 -76 76 0
2836 1418 0 -75 75 0
2836 1418 0 -74 74 0
2836 1418 0 -73 73 0
2836 1418 0 -72 72 0
2836 1418 0 -71 71 0
2836 1418 0 -70 70 0
2836 1418 0 -69 69 0
2836 1418 0 -68 68 0
2836 1418 0 -67 67 0
2836 1418 0 -66 66 0
2836 1418 0 -65 65 0
2836 1418 0 -64 64 0
2836 1418 0 -63 63 0
2836 1418 0 -62 62 0
2836 1418 0 -61 61 0
2836 1418 0 -60 60 0
2836 1418 0 -59 59 0
2836 1418 0 -58 58 0
2836 1418 0 -57 57 0
2836 1418 0 -56 56 0
2836 1418 0 -55 55 0
2836 1418 0 -54 54 0
2836 1418 0 -53 53 0
2836 1418 0 -52 52 0
2836 1418 0 -51 51 0
2836 1418 0 -50 50 0
2836 1418 0 -49 49 0
2836 1418 0 -48 48 0
2836 1418 0 -47 47 0
2836 1418 0 -46 46 0
2836 1418 0 -45 45 0
2836 1418 0 -44 44 0
2836 1418 0 -43 43 0
2836 1418 0 -42 42 0
2836 1418 0 -41 41 0
2836 1418 0 -40 40 0
2836 1418 0 -39 39 0
2836 1418 0 -38 38 0
2836 1418 0 -37 37 0
2836 1418 0 -36 36 0
2836 1418 0 -35 35 0
2836 1418 0 -34 34 0
2836 1418 0 -33 33 0
2836 1418 0 -32 32 0
2836 1418 0 -31 31 0
2836 1418 0 -30 30 0
2836 1418 0 -29 29 0
2836 1418 0 -28 28 0
2836 1418 0 -27 27 0
2836 1418 0 -26 26 0
2836 1418 0 -25 25 0
2836 1418 0 -24 24 0
2836 1418 0 -23 23 0
2836 1418 0 -22 22 0
2836 1418 0 -21 21 0
2836 1418 0 -20 20 0
2836 1418 0 -19 19 0
2836 1418 0 -18 18 0
2836 1418 0 -17 17 0
2836 1418 0 -16 16 0
2836 1418 0 -15 15 0
2836 1418 0 -14 14 0
2836 1418 0 -13 13 0
2836 1418 0 -12 12 0
2836 1418 0 -11 11 0
2836 1418 0 -10 10 0
2836 1418 0 -9 9 0
2836 1418 0 -8 8 0
2836 1418 0 -7 7 0
2836 1418 0 -6 6 0
2836 1418 0 -5 5 0
2836 1418 0 -4 4 0
2836 1418 0 -3 3 0
2836 1418 0 -2 2 0
2836 1418 0 -1 1 0
2836 1418 0 1 -1 0
2836 1418 0 2 -2 0
2836 1418 0 3 -3 0
2836 1418 0 4 -4 0
2836 1418 0 5 -5 0
2836 1418 0 6 -6 0
2836 1418 0 7 -7 0
2836 1418 0 8 -8 0
2836 1418 0 9 -9 0
2836 1418 0 10 -10 0
2836 1418 0 11 -11 0
2836 1418 0 12 -12 0
2836 1418 0 13 -13 0
2836 1418 0 14 -14 0
2836 1418 0 15 -15 0
2836 1418 0 16 -16 0
2836 1418 0 17 -17 0
2836 1418 0 18 -18 0
2836 1418 0 19 -19 0
2836 1418 0 20 -20 0
2836 1418 0 21 -21 0
2836 1418 0 22 -22 0
2836 1418 0 23 -23 0
2836 1418 0 24 -24 0
2836 1418 0 25 -25 0
2836 1418 0 26 -26 0
2836 1418 0 27 -27 0
2836 1418 0 28 -28 0
2836 1418 0 29 -29 0
2836 1418 0 30 -30 0
2836 1418 0 31 -31 0
2836 1418 0 32 -32 0
2836 1418 0 33 -33 0
2836 1418 0 34 -34 0
2836 1418 0 35 -35 0
2836 1418 0 36 -36 0
2836 1418 0 37 -37 0
2836 1418 0 38 -38 0
2836 1418 0 39 -39 0
2836 1418 0 40 -40 0
2836 1418 0 41 -41 0
2836 1418 0 42 -42 0
2836 1418 0 43 -43 0
2836 1418 0 44 -44 0
2836 1418 0 45 -45 0
2836 1418 0 46 -46 0
2836 1418 0 47 -47 0
2836 1418 0 48 -48 0
2836 1418 0 49 -49 0
2836 1418 0 50 -50 0
2836 1418 0 51 -51 0
2836 1418 0 52 -52 0
2836 1418 0 53 -53 0
2836 1418 0 54 -54 0
2836 1418 0 55 -55 0
2836 1418 0 56 -56 0
2836 1418 0 57 -57 0
2836 1418 0 58 -58 0
2836 1418 0 59 -59 0
2836 1418 0 60 -60 0
2836 1418 0 61 -61 0
2836 1418 0 62 -62 0
2836 1418 0 63 -63 0
2836 1418 0 64 -64 0
2836 1418 0 65 -65 0
2836 1418 0 66 -66 0
2836 1418 0 67 -67 0
2836 1418 0 68 -68 0
2836 1418 0 69 -69 0
2836 1418 0 70 -70 0
2836 1418 0 71 -71 0
2836 1418 0 72 -72 0
2836 1418 0 73 -73 0
2836 1418 0 74 -74 0
2836 1418 0 75 -75 0
2836 1418 0 76 -76 0
2836 1418 0 77 -77 0
2836 1418 0 78 -78 0
2836 1418 0 79 -79 0
2836 1418 0 80 -80 0
2836 1418 0 81 -81 0
2836 1418 0 82 -82 0
2836 1418 0 83 -83 0
2836 1418 0 84 -84 0
2836 1418 0 85 -85 0
2836 1418 0 86 -86 0
2836 1418 0 87 -87 0
2836 1418 0 88 -88 0
2836 1418 0 89 -89 0
2836 1418 0 90 -90 0
2836 1418 0 91 -91 0
2836 1418 0 92 -92 0
2836 1418 0 93 -93 0
2836 1418 0 94 -94 0
2836 1418 0 95 -95 0
2836 1418 0 96 -96 0
2836 1418 0 97 -97 0
2836 1418 0 98 -98 0
2836 1418 0 99 -99 0
2836 1418 0 100 -100 0
2836 1418 0 101 -101 0
2836 1418 0 102 -102 0
2836 1418 0 103 -103 0
2836 1418 0 104 -104 0
2836 1418 0 105 -105 0
2836 1418 0 106 -106 0
2836 1418 0 107 -107 0
2836 1418 0 108 -108 0
2836 1418 0 109 -109 0
2836 1418 0 110 -110 0
2836 1418 0 111 -111 0
2836 1418 0 112 -112 0
2836 1418 0 113 -113 0
2836 1418 0 114 -114 0
2836 1418 0 115 -115 0
2836 1418 0 116 -116 0
2836 1418 0 117 -117 0
2836 1418 0 118 -118 0
2836 1418 0 119 -119 0
2836 1418 0 120 -120 0
2836 1418 0 121 -121 0
2836 1418 0 122 -122 0
2836 1418 0 123 -123 0
2836 1418 0 124 -124 0
2836 1418 0 125 -125 0
2836 1418 0 126 -126 0
2836 1418 0 127 -127 0
2836 1418 0 128 -128 0
2836 1418 0 129 -129 0
2836 1418 0 130 -130 0
2836 1418 0 131 -131 0
2836 1418 0 132 -132 0
2836 1418 0 133 -133 0
2836 1418 0 134 -134 0
2836 1418 0 135 -135 0
2836 1418 0 136 -136 0
2836 1418 0 137 -137 0
2836 1418 0 138 -138 0
2836 1418 0 139 -139 0
2836 1418 0 140 -140 0
2836 1418 0 141 -141 0
2836 1418 0 142 -142 0
2836 1418 0 143 -143 0
2836 1418 0 144 -144 0
2836 1418 0 145 -145 0
2836 1418 0 146 -146 0
2836 1418 0 147 -147 0
2836 1418 0 148 -148 0
2836 1418 0 149 -149 0
2836 1418 0 150 -150 0
2838 1419 0 -150 150 0
2838 1419 0 -149 149 0
2838 1419 0 -148 148 0
2838 1419 0 -147 147 0
2838 1419 0 -146 146 0
2838 1419 0 -145 145 0
2838 1419 0 -144 144 0
2838 1419 0 -143 143 0
2838 1419 0 -142 142 0
2838 1419 0 -141 141 0
2838 1419 0 -140 140 0
2838 1419 0 -139 139 0
2838 1419 0 -138 138 0
2838 1419 0 -137 137 0
2838 1419 0 -136 136 0
2838 1419 0 -135 135 0
2838 1419 0 -134 134 0
2838 1419 0 -133 133 0
2838 1419 0 -132 132 0
2838 1419 0 -131 131 0
2838 1419 0 -130 130 0
2838 1419 0 -129 129 0
2838 1419 0 -128 128 0
2838 1419 0 -127 127 0
2838 1419 0 -126 126 0
2838 1419 0 -125 125 0
2838 1419 0 -124 124 0
2838 1419 0 -123 123 0
2838 1419 0 -122 122 0
2838 1419 0 -121 121 0
2838 1419 0 -120 120 0
2838 1419 0 -119 119 0
2838 1419 0 -118 118 0
2838 1419 0 -117 117 0
2838 1419 0 -116 116 0
2838 1419 0 -115 115 0
2838 1419 0 -114 114 0
2838 1419 0 -113 113 0
2838 1419 0 -112 112 0
2838 1419 0 -111 111 0
2838 1419 0 -110 110 0
2838 1419 0 -109 109 0
2838 1419 0 -108 108 0
2838 1419 0 -107 107 0
2838 1419 0 -106 106 0
2838 1419 0 -105 105 0
2838 1419 0 -104 104 0
2838 1419 0 -103 103 0
2838 1419 0 -102 102 0
2838 1419 0 -101 101 0
2838 1419 0 -100 100 0
2838 1419 0 -99 99 0
2838 1419 0 -98 98 0
2838 1419 0 -97 97 0
2838 1419 0 -96 96 0
2838 1419 0 -95 95 0
2838 1419 0 -94 94 0
2838 1419 0 -93 93 0
2838 1419 0 -92 92 0
2838 1419 0 -91 91 0
2838 1419 0 -90 90 0
2838 1419 0 -89 89 0
2838 1419 0 -88 88 0
2838 1419 0 -87 87 0
2838 1419 0 -86 86 0
2838 1419 0 -85 85 0
2838 1419 0 -84 84 0
2838 1419 0 -83 83 0
2838 1419 0 -82 82 0
2838 1419 0 -81 81 0
2838 1419 0 -80 80 0
2838 1419 0 -79 79 0
2838 1419 0 -78 78 0
2838 1419 0 -77 77 0
2838 1419 0 -76 76 0
2838 1419 0 -75 75 0
2838 1419 0 -74 74 0
2838 1419 0 -73 73 0
2838 1419 0 -72 72 0
2838 1419 0 -71 71 0
2838 1419 0 -70 70 0
2838 1419 0 -69 69 0
2838 1419 0 -68 68 0
2838 1419 0 -67 67 0
2838 1419 0 -66 66 0
2838 1419 0 -65 65 0
2838 1419 0 -64 64 0
2838 1419 0 -63 63 0
2838 1419 0 -62 62 0
2838 1419 0 -61 61 0
2838 1419 0 -60 60 0
2838 1419 0 -59 59 0
2838 1419 0 -58 58 0
2838 1419 0 -57 57 0
2838 1419 0 -56 56 0
2838 1419 0 -55 55 0
2838 1419 0 -54 54 0
2838 1419 0 -53 53 0
2838 1419 0 -52 52 0
2838 1419 0 -51 51 0
2838 1419 0 -50 50 0
2838 1419 0 -49 49 0
2838 1419 0 -48 48 0
2838 1419 0 -47 47 0
2838 1419 0 -46 46 0
2838 1419 0 -45 45 0
2838 1419 0 -44 44 0
2838 1419 0 -43 43 0
2838 1419 0 -42 42 0
2838 1419 0 -41 41 0
2838 1419 0 -40 40 0
2838 1419 0 -39 39 0
2838 1419 0 -38 38 0
2838 1419 0 -37 37 0
2838 1419 0 -36 36 0
2838 1419 0 -35 35 0
2838 1419 0 -34 34 0
2838 1419 0 -33 33 0
2838 1419 0 -32 32 0
2838 1419 0 -31 31 0
2838 1419 0 -30 30 0
2838 1419 0 -29 29 0
2838 1419 0 -28 28 0
2838 1419 0 -27 27 0
2838 1419 0 -26 26 0
2838 1419 0 -25 25 0
2838 1419 0 -24 24 0
2838 1419 0 -23 23 0
2838 1419 0 -22 22 0
2838 1419 0 -21 21 0
2838 1419 0 -20 20 0
2838 1419 0 -19 19 0
2838 1419 0 -18 18 0
2838 1419 0 -17 17 0
2838 1419 0 -16 16 0
2838 1419 0 -15 15 0
2838 1419 0 -14 14 0
2838 1419 0 -13 13 0
2838 1419 0 -12 12 0
2838 1419 0 -11 11 0
2838 1419 0 -10 10 0
2838 1419 0 -9 9 0
2838 1419 0 -8 8 0
2838 1419 0 -7 7 0
2838 1419 0 -6 6 0
2838 1419 0 -5 5 0
2838 1419 0 -4 4 0
2838 1419 0 -3 3 0
2838 1419 0 -2 2 0
2838 1419 0 -1 1 0
2838 1419 0 1 -1 0
2838 1419 0 2 -2 0
2838 1419 0 3 -3 0
2838 1419 0 4 -4 0
2838 1419 0 5 -5 0
2838 1419 0 6 -6 0
2838 1419 0 7 -7 0
2838 1419 0 8 -8 0
2838 1419 0 9 -9 0
2838 1419 0 10 -10 0
2838 1419 0 11 -11 0
2838 1419 0 12 -12 0
2838 1419 0 13 -13 0
2838 1419 0 14 -14 0
2838 1419 0 15 -15 0
2838 1419 0 16 -16 0
2838 1419 0 17 -17 0
2838 1419 0 18 -18 0
2838 1419 0 19 -19 0
2838 1419 0 20 -20 0
2838 1419 0 21 -21 0
2838 1419 0 22 -22 0
2838 1419 0 23 -23 0
2838 1419 0 24 -24 0
2838 1419 0 25 -25 0
2838 1419 0 26 -26 0
2838 1419 0 27 -27 0
2838 1419 0 28 -28 0
2838 1419 0 29 -29 0
2838 1419 0 30 -30 0
2838 1419 0 31 -31 0
2838 1419 0 32 -32 0
2838 1419 0 33 -33 0
2838 1419 0 34 -34 0
2838 1419 0 35 -35 0
2838 1419 0 36 -36 0
2838 1419 0 37 -37 0
2838 1419 0 38 -38 0
2838 1419 0 39 -39 0
2838 1419 0 40 -40 0
2838 1419 0 41 -41 0
2838 1419 0 42 -42 0
2838 1419 0 43 -43 0
2838 1419 0 44 -44 0
2838 1419 0 45 -45 0
2838 1419 0 46 -46 0
2838 1419 0 47 -47 0
2838 1419 0 48 -48 0
2838 1419 0 49 -49 0
2838 1419 0 50 -50 0
2838 1419 0 51 -51 0
2838 1419 0 52 -52 0
2838 1419 0 53 -53 0
2838 1419 0 54 -54 0
2838 1419 0 55 -55 0
2838 1419 0 56 -56 0
2838 1419 0 57 -57 0
2838 1419 0 58 -58 0
2838 1419 0 59 -59 0
2838 1419 0 60 -60 0
2838 1419 0 61 -61 0
2838 1419 0 62 -62 0
2838 1419 0 63 -63 0
2838 1419 0 64 -64 0
2838 1419 0 65 -65 0
2838 1419 0 66 -66 0
2838 1419 0 67 -67 0
2838 1419 0 68 -68 0
2838 1419 0 69 -69 0
2838 1419 0 70 -70 0
2838 1419 0 71 -71 0
2838 1419 0 72 -72 0
2838 1419 0 73 -73 0
2838 1419 0 74 -74 0
2838 1419 0 75 -75 0
2838 1419 0 76 -76 0
2838 1419 0 77 -77 0
2838 1419 0 78 -78 0
2838 1419 0 79 -79 0
2838 1419 0 80 -80 0
2838 1419 0 81 -81 0
2838 1419 0 82 -82 0
2838 1419 0 83 -83 0
2838 1419 0 84 -84 0
2838 1419 0 85 -85 0
2838 1419 0 86 -86 0
2838 1419 0 87 -87 0
2838 1419 0 88 -88 0
2838 1419 0 89 -89 0
2838 1419 0 90 -90 0
2838 1419 0 91 -91 0
2838 1419 0 92 -92 0
2838 1419 0 93 -93 0
2838 1419 0 94 -94 0
2838 1419 0 95 -95 0
2838 1419 0 96 -96 0
2838 1419 0 97 -97 0
2838 1419 0 98 -98 0
2838 1419 0 99 -99 0
2838 1419 0 100 -100 0
2838 1419 0 101 -101 0
2838 1419 0 102 -102 0
2838 1419 0 103 -103 0
2838 1419 0 104 -104 0
2838 1419 0 105 -105 0
2838 1419 0 106 -106 0
2838 1419 0 107 -107 0
2838 1419 0 108 -108 0
2838 1419 0 109 -109 0
2838 1419 0 110 -110 0
2838 1419 0 111 -111 0
2838 1419 0 112 -112 0
2838 1419 0 113 -113 0
2838 1419 0 114 -114 0
2838 1419 0 115 -115 0
2838 1419 0 116 -116 0
2838 1419 0 117 -117 0
2838 1419 0 118 -118 0
2838 1419 0 119 -119 0
2838 1419 0 120 -120 0
2838 1419 0 121 -121 0
2838 1419 0 122 -122 0
2838 1419 0 123 -123 0
2838 1419 0 124 -124 0
2838 1419 0 125 -125 0
2838 1419 0 126 -126 0
2838 1419 0 127 -127 0
2838 1419 0 128 -128 0
2838 1419 0 129 -129 0
2838 1419 0 130 -130 0
2838 1419 0 131 -131 0
2838 1419 0 132 -132 0
2838 1419 0 133 -133 0
2838 1419 0 134 -134 0
2838 1419 0 135 -135 0
2838 1419 0 136 -136 0
2838 1419 0 137 -137 0
2838 1419 0 138 -138 0
2838 1419 0 139 -139 0
2838 1419 0 140 -140 0
2838 1419 0 141 -141 0
2838 1419 0 142 -142 0
2838 1419 0 143 -143 0
2838 1419 0 144 -144 0
2838 1419 0 145 -145 0
2838 1419 0 146 -146 0
2838 1419 0 147 -147 0
2838 1419 0 148 -148 0
2838 1419 0 149 -149 0
2838 1419 0 150 -150 0
2840 1420 0 -150 150 0
2840 1420 0 -149 149 0
2840 1420 0 -148 148 0
2840 1420 0 -147 147 0
2840 1420 0 -146 146 0
2840 1420 0 -145 145 0
2840 1420 0 -144 144 0
2840 1420 0 -143 143 0
2840 1420 0 -142 142 0
2840 1420 0 -141 141 0
2840 1420 0 -140 140 0
2840 1420 0 -139 139 0
2840 1420 0 -138 138 0
2840 1420 0 -137 137 0
2840 1420 0 -136 136 0
2840 1420 0 -135 135 0
2840 1420 0 -134 134 0
2840 1420 0 -133 133 0
2840 1420 0 -132 132 0
2840 1420 0 -131 131 0
2840 1420 0 -130 130 0
2840 1420 0 -129 129 0
2840 1420 0 -128 128 0
2840 1420 0 -127 127 0
2840 1420 0 -126 126 0
2840 1420 0 -125 125 0
2840 1420 0 -124 124 0
2840 1420 0 -123 123 0
2840 1420 0 -122 122 0
2840 1420 0 -121 121 0
2840 1420 0 -120 120 0
2840 1420 0 -119 119 0
2840 1420 0 -118 118 0
2840 1420 0 -117 117 0
2840 1420 0 -116 116 0
2840 1420 0 -115 115 0
2840 1420 0 -114 114 0
2840 1420 0 -113 113 0
2840 1420 0 -112 112 0
2840 1420 0 -111 111 0
2840 1420 0 -110 110 0
2840 1420 0 -109 109 0
2840 1420 0 -108 108 0
2840 1420 0 -107 107 0
2840 1420 0 -106 106 0
2840 1420 0 -105 105 0
2840 1420 0 -104 104 0
2840 1420 0 -103 103 0
2840 1420 0 -102 102 0
2840 1420 0 -101 101 0
2840 1420 0 -100 100 0
2840 1420 0 -99 99 0
2840 1420 0 -98 98 0
2840 1420 0 -97 97 0
2840 1420 0 -96 96 0
2840 1420 0 -95 95 0
2840 1420 0 -94 94 0
2840 1420 0 -93 93 0
2840 1420 0 -92 92 0
2840 1420 0 -91 91 0
2840 1420 0 -90 90 0
2840 1420 0 -89 89 0
2840 1420 0 -88 88 0
2840 1420 0 -87 87 0
2840 1420 0 -86 86 0
2840 1420 0 -85 85 0
2840 1420 0 -84 84 0
2840 1420 0 -83 83 0
2840 1420 0 -82 82 0
2840 1420 0 -81 81 0
2840 1420 0 -80 80 0
2840 1420 0 -79 79 0
2840 1420 0 -78 78 0
2840 1420 0 -77 77 0
2840 1420 0 -76 76 0
2840 1420 0 -75 75 0
2840 1420 0 -74 74 0
2840 1420 0 -73 73 0
2840 1420 0 -72 72 0
2840 1420 0 -71 71 0
2840 1420 0 -70 70 0
2840 1420 0 -69 69 0
2840 1420 0 -68 68 0
2840 1420 0 -67 67 0
2840 1420 0 -66 66 0
2840 1420 0 -65 65 0
2840 1420 0 -64 64 0
2840 1420 0 -63 63 0
2840 1420 0 -62 62 0
2840 1420 0 -61 61 0
2840 1420 0 -60 60 0
2840 1420 0 -59 59 0
2840 1420 0 -58 58 0
2840 1420 0 -57 57 0
2840 1420 0 -56 56 0
2840 1420 0 -55 55 0
2840 1420 0 -54 54 0
2840 1420 0 -53 53 0
2840 1420 0 -52 52 0
2840 1420 0 -51 51 0
2840 1420 0 -50 50 0
2840 1420 0 -49 49 0
2840 1420 0 -48 48 0
2840 1420 0 -47 47 0
2840 1420 0 -46 46 0
2840 1420 0 -45 45 0
2840 1420 0 -44 44 0
2840 1420 0 -43 43 0
2840 1420 0 -42 42 0
2840 1420 0 -41 41 0
2840 1420 0 -40 40 0
2840 1420 0 -39 39 0
2840 1420 0 -38 38 0
2840 1420 0 -37 37 0
2840 1420 0 -36 36 0
2840 1420 0 -35 35 0
2840 1420 0 -34 34 0
2840 1420 0 -33 33 0
2840 1420 0 -32 32 0
2840 1420 0 -31 31 0
2840 1420 0 -30 30 0
2840 1420 0 -29 29 0
2840 1420 0 -28 28 0
2840 1420 0 -27 27 0
2840 1420 0 -26 26 0
2840 1420 0 -25 25 0
2840 1420 0 -24 24 0
2840 1420 0 -23 23 0
2840 1420 0 -22 22 0
2840 1420 0 -21 21 0
2840 1420 0 -20 20 0
2840 1420 0 -19 19 0
2840 1420 0 -18 18 0
2840 1420 0 -17 17 0
2840 1420 0 -16 16 0
2840 1420 0 -15 15 0
2840 1420 0 -14 14 0
2840 1420 0 -13 13 0
2840 1420 0 -12 12 0
2840 1420 0 -11 11 0
2840 1420 0 -10 10 0
2840 1420 0 -9 9 0
2840 1420 0 -8 8 0
2840 1420 0 -7 7 0
2840 1420 0 -6 6 0
2840 1420 0 -5 5 0
2840 1420 0 -4 4 0
2840 1420 0 -3 3 0
2840 1420 0 -2 2 0
2840 1420 0 -1 1 0
2840 1420 0 1 -1 0
2840 1420 0 2 -2 0
2840 1420 0 3 -3 0
2840 1420 0 4 -4 0
2840 1420 0 5 -5 0
2840 1420 0 6 -6 0
2840 1420 0 7 -7 0
2840 1420 0 8 -8 0
2840 1420 0 9 -9 0
2840 1420 0 10 -10 0
2840 1420 0 11 -11 0
2840 1420 0 12 -12 0
2840 1420 0 13 -13 0
2840 1420 0 14 -14 0
2840 1420 0 15 -15 0
2840 1420 0 16 -16 0
2840 1420 0 17 -17 0
2840 1420 0 18 -18 0
2840 1420 0 19 -19 0
2840 1420 0 20 -20 0
2840 1420 0 21 -21 0
2840 1420 0 22 -22 0
2840 1420 0 23 -23 0
2840 1420 0 24 -24 0
2840 1420 0 25 -25 0
2840 1420 0 26 -26 0
2840 1420 0 27 -27 0
2840 1420 0 28 -28 0
2840 1420 0 29 -29 0
2840 1420 0 30 -30 0
2840 1420 0 31 -31 0
2840 1420 0 32 -32 0
2840 1420 0 33 -33 0
2840 1420 0 34 -34 0
2840 1420 0 35 -35 0
2840 1420 0 36 -36 0
2840 1420 0 37 -37 0
2840 1420 0 38 -38 0
2840 1420 0 39 -39 0
2840 1420 0 40 -40 0
2840 1420 0 41 -41 0
2840 1420 0 42 -42 0
2840 1420 0 43 -43 0
2840 1420 0 44 -44 0
2840 1420 0 45 -45 0
2840 1420 0 46 -46 0
2840 1420 0 47 -47 0
2840 1420 0 48 -48 0
2840 1420 0 49 -49 0
2840 1420 0 50 -50 0
2840 1420 0 51 -51 0
2840 1420 0 52 -52 0
2840 1420 0 53 -53 0
2840 1420 0 54 -54 0
2840 1420 0 55 -55 0
2840 1420 0 56 -56 0
2840 1420 0 57 -57 0
2840 1420 0 58 -58 0
2840 1420 0 59 -59 0
2840 1420 0 60 -60 0
2840 1420 0 61 -61 0
2840 1420 0 62 -62 0
2840 1420 0 63 -63 0
2840 1420 0 64 -64 0
2840 1420 0 65 -65 0
2840 1420 0 66 -66 0
2840 1420 0 67 -67 0
2840 1420 0 68 -68 0
2840 1420 0 69 -69 0
2840 1420 0 70 -70 0
2840 1420 0 71 -71 0
2840 1420 0 72 -72 0
2840 1420 0 73 -73 0
2840 1420 0 74 -74 0
2840 1420 0 75 -75 0
2840 1420 0 76 -76 0
2840 1420 0 77 -77 0
2840 1420 0 78 -78 0
2840 1420 0 79 -79 0
2840 1420 0 80 -80 0
2840 1420 0 81 -81 0
2840 1420 0 82 -82 0
2840 1420 0 83 -83 0
2840 1420 0 84 -84 0
2840 1420 0 85 -85 0
2840 1420 0 86 -86 0
2840 1420 0 87 -87 0
2840 1420 0 88 -88 0
2840 1420 0 89 -89 0
2840 1420 0 90 -90 0
2840 1420 0 91 -91 0
2840 1420 0 92 -92 0
2840 1420 0 93 -93 0
2840 1420 0 94 -94 0
2840 1420 0 95 -95 0
2840 1420 0 96 -96 0
2840 1420 0 97 -97 0
2840 1420 0 98 -98 0
2840 1420 0 99 -99 0
2840 1420 0 100 -100 0
2840 1420 0 101 -101 0
2840 1420 0 102 -102 0
2840 1420 0 103 -103 0
2840 1420 0 104 -104 0
2840 1420 0 105 -105 0
2840 1420 0 106 -106 0
2840 1420 0 107 -107 0
2840 1420 0 108 -108 0
2840 1420 0 109 -109 0
2840 1420 0 110 -110 0
2840 1420 0 111 -111 0
2840 1420 0 112 -112 0
2840 1420 0 113 -113 0
2840 1420 0 114 -114 0
2840 1420 0 115 -115 0
2840 1420 0 116 -116 0
2840 1420 0 117 -117 0
2840 1420 0 118 -118 0
2840 1420 0 119 -119 0
2840 1420 0 120 -120 0
2840 1420 0 121 -121 0
2840 1420 0 122 -122 0
2840 1420 0 123 -123 0
2840 1420 0 124 -124 0
2840 1420 0 125 -125 0
2840 1420 0 126 -126 0
2840 1420 0 127 -127 0
2840 1420 0 128 -128 0
2840 1420 0 129 -129 0
2840 1420 0 130 -130 0
2840 1420 0 131 -131 0
2840 1420 0 132 -132 0
2840 1420 0 133 -133 0
2840 1420 0 134 -134 0
2840 1420 0 135 -135 0
2840 1420 0 136 -136 0
2840 1420 0 137 -137 0
2840 1420 0 138 -138 0
2840 1420 0 139 -139 0
2840 1420 0 140 -140 0
2840 1420 0 141 -141 0
2840 1420 0 142 -142 0
2840 1420 0 143 -143 0
2840 1420 0 144 -144 0
2840 1420 0 145 -145 0
2840 1420 0 146 -146 0
2840 1420 0 147 -147 0
2840 1420 0 148 -148 0
2840 1420 0 149 -149 0
2840 1420 0 150 -150 0
2842 1421 0 -150 150 0
2842 1421 0 -149 149 0
2842 1421 0 -148 148 0
2842 1421 0 -147 147 0
2842 1421 0 -146 146 0
2842 1421 0 -145 145 0
2842 1421 0 -144 144 0
2842 1421 0 -143 143 0
2842 1421 0 -142 142 0
2842 1421 0 -141 141 0
2842 1421 0 -140 140 0
2842 1421 0 -139 139 0
2842 1421 0 -138 138 0
2842 1421 0 -137 137 0
2842 1421 0 -136 136 0
2842 1421 0 -135 135 0
2842 1421 0 -134 134 0
2842 1421 0 -133 133 0
2842 1421 0 -132 132 0
2842 1421 0 -131 131 0
2842 1421 0 -130 130 0
2842 1421 0 -129 129 0
2842 1421 0 -128 128 0
2842 1421 0 -127 127 0
2842 1421 0 -126 126 0
2842 1421 0 -125 125 0
2842 1421 0 -124 124 0
2842 1421 0 -123 123 0
2842 1421 0 -122 122 0
2842 1421 0 -121 121 0
2842 1421 0 -120 120 0
2842 1421 0 -119 119 0
2842 1421 0 -118 118 0
2842 1421 0 -117 117 0
2842 1421 0 -116 116 0
2842 1421 0 -115 115 0
2842 1421 0 -114 114 0
2842 1421 0 -113 113 0
2842 1421 0 -112 112 0
2842 1421 0 -111 111 0
2842 1421 0 -110 110 0
2842 1421 0 -109 109 0
2842 1421 0 -108 108 0
2842 1421 0 -107 107 0
2842 1421 0 -106 106 0
2842 1421 0 -105 105 0
2842 1421 0 -104 104 0
2842 1421 0 -103 103 0
2842 1421 0 -102 102 0
2842 1421 0 -101 101 0
2842 1421 0 -100 100 0
2842 1421 0 -99 99 0
2842 1421 0 -98 98 0
2842 1421 0 -97 97 0
2842 1421 0 -96 96 0
2842 1421 0 -95 95 0
2842 1421 0 -94 94 0
2842 1421 0 -93 93 0
2842 1421 0 -92 92 0
2842 1421 0 -91 91 0
2842 1421 0 -90 90 0
2842 1421 0 -89 89 0
2842 1421 0 -88 88 0
2842 1421 0 -87 87 0
2842 1421 0 -86 86 0
2842 1421 0 -85 85 0
2842 1421 0 -84 84 0
2842 1421 0 -83 83 0
2842 1421 0 -82 82 0
2842 1421 0 -81 81 0
2842 1421 0 -80 80 0
2842 1421 0 -79 79 0
2842 1421 0 -78 78 0
2842 1421 0 -77 77 0
2842 1421 0 -76 76 0
2842 1421 0 -75 75 0
2842 1421 0 -74 74 0
2842 1421 0 -73 73 0
2842 1421 0 -72 72 0
2842 1421 0 -71 71 0
2842 1421 0 -70 70 0
2842 1421 0 -69 69 0
2842 1421 0 -68 68 0
2842 1421 0 -67 67 0
2842 1421 0 -66 66 0
2842 1421 0 -65 65 0
2842 1421 0 -64 64 0
2842 1421 0 -63 63 0
2842 1421 0 -62 62 0
2842 1421 0 -61 61 0
2842 1421 0 -60 60 0
2842 1421 0 -59 59 0
2842 1421 0 -58 58 0
2842 1421 0 -57 57 0
2842 1421 0 -56 56 0
2842 1421 0 -55 55 0
2842 1421 0 -54 54 0
2842 1421 0 -53 53 0
2842 1421 0 -52 52 0
2842 1421 0 -51 51 0
2842 1421 0 -50 50 0
2842 1421 0 -49 49 0
2842 1421 0 -48 48 0
2842 1421 0 -47 47 0
2842 1421 0 -46 46 0
2842 1421 0 -45 45 0
2842 1421 0 -44 44 0
2842 1421 0 -43 43 0
2842 1421 0 -42 42 0
2842 1421 0 -41 41 0
2842 1421 0 -40 40 0
2842 1421 0 -39 39 0
2842 1421 0 -38 38 0
2842 1421 0 -37 37 0
2842 1421 0 -36 36 0
2842 1421 0 -35 35 0
2842 1421 0 -34 34 0
2842 1421 0 -33 33 0
2842 1421 0 -32 32 0
2842 1421 0 -31 31 0
2842 1421 0 -30 30 0
2842 1421 0 -29 29 0
2842 1421 0 -28 28 0
2842 1421 0 -27 27 0
2842 1421 0 -26 26 0
2842 1421 0 -25 25 0
2842 1421 0 -24 24 0
2842 1421 0 -23 23 0
2842 1421 0 -22 22 0
2842 1421 0 -21 21 0
2842 1421 0 -20 20 0
2842 1421 0 -19 19 0
2842 1421 0 -18 18 0
2842 1421 0 -17 17 0
2842 1421 0 -16 16 0
2842 1421 0 -15 15 0
2842 1421 0 -14 14 0
2842 1421 0 -13 13 0
2842 1421 0 -12 12 0
2842 1421 0 -11 11 0
2842 1421 0 -10 10 0
2842 1421 0 -9 9 0
2842 1421 0 -8 8 0
2842 1421 0 -7 7 0
2842 1421 0 -6 6 0
2842 1421 0 -5 5 0
2842 1421 0 -4 4 0
2842 1421 0 -3 3 0
2842 1421 0 -2 2 0
2842 1421 0 -1 1 0
2842 1421 0 1 -1 0
2842 1421 0 2 -2 0
2842 1421 0 3 -3 0
2842 1421 0 4 -4 0
2842 1421 0 5 -5 0
2842 1421 0 6 -6 0
2842 1421 0 7 -7 0
2842 1421 0 8 -8 0
2842 1421 0 9 -9 0
2842 1421 0 10 -10 0
2842 1421 0 11 -11 0
2842 1421 0 12 -12 0
2842 1421 0 13 -13 0
2842 1421 0 14 -14 0
2842 1421 0 15 -15 0
2842 1421 0 16 -16 0
2842 1421 0 17 -17 0
2842 1421 0 18 -18 0
2842 1421 0 19 -19 0
2842 1421 0 20 -20 0
2842 1421 0 21 -21 0
2842 1421 0 22 -22 0
2842 1421 0 23 -23 0
2842 1421 0 24 -24 0
2842 1421 0 25 -25 0
2842 1421 0 26 -26 0
2842 1421 0 27 -27 0
2842 1421 0 28 -28 0
2842 1421 0 29 -29 0
2842 1421 0 30 -30 0
2842 1421 0 31 -31 0
2842 1421 0 32 -32 0
2842 1421 0 33 -33 0
2842 1421 0 34 -34 0
2842 1421 0 35 -35 0
2842 1421 0 36 -36 0
2842 1421 0 37 -37 0
2842 1421 0 38 -38 0
2842 1421 0 39 -39 0
2842 1421 0 40 -40 0
2842 1421 0 41 -41 0
2842 1421 0 42 -42 0
2842 1421 0 43 -43 0
2842 1421 0 44 -44 0
2842 1421 0 45 -45 0
2842 1421 0 46 -46 0
2842 1421 0 47 -47 0
2842 1421 0 48 -48 0
2842 1421 0 49 -49 0
2842 1421 0 50 -50 0
2842 1421 0 51 -51 0
2842 1421 0 52 -52 0
2842 1421 0 53 -53 0
2842 1421 0 54 -54 0
2842 1421 0 55 -55 0
2842 1421 0 56 -56 0
2842 1421 0 57 -57 0
2842 1421 0 58 -58 0
2842 1421 0 59 -59 0
2842 1421 0 60 -60 0
2842 1421 0 61 -61 0
2842 1421 0 62 -62 0
2842 1421 0 63 -63 0
2842 1421 0 64 -64 0
2842 1421 0 65 -65 0
2842 1421 0 66 -66 0
2842 1421 0 67 -67 0
2842 1421 0 68 -68 0
2842 1421 0 69 -69 0
2842 1421 0 70 -70 0
2842 1421 0 71 -71 0
2842 1421 0 72 -72 0
2842 1421 0 73 -73 0
2842 1421 0 74 -74 0
2842 1421 0 75 -75 0
2842 1421 0 76 -76 0
2842 1421 0 77 -77 0
2842 1421 0 78 -78 0
2842 1421 0 79 -79 0
2842 1421 0 80 -80 0
2842 1421 0 81 -81 0
2842 1421 0 82 -82 0
2842 1421 0 83 -83 0
2842 1421 0 84 -84 0
2842 1421 0 85 -85 0
2842 1421 0 86 -86 0
2842 1421 0 87 -87 0
2842 1421 0 88 -88 0
2842 1421 0 89 -89 0
2842 1421 0 90 -90 0
2842 1421 0 91 -91 0
2842 1421 0 92 -92 0
2842 1421 0 93 -93 0
2842 1421 0 94 -94 0
2842 1421 0 95 -95 0
2842 1421 0 96 -96 0
2842 1421 0 97 -97 0
2842 1421 0 98 -98 0
2842 1421 0 99 -99 0
2842 1421 0 100 -100 0
2842 1421 0 101 -101 0
2842 1421 0 102 -102 0
2842 1421 0 103 -103 0
2842 1421 0 104 -104 0
2842 1421 0 105 -105 0
2842 1421 0 106 -106 0
2842 1421 0 107 -107 0
2842 1421 0 108 -108 0
2842 1421 0 109 -109 0
2842 1421 0 110 -110 0
2842 1421 0 111 -111 0
2842 1421 0 112 -112 0
2842 1421 0 113 -113 0
2842 1421 0 114 -114 0
2842 1421 0 115 -115 0
2842 1421 0 116 -116 0
2842 1421 0 117 -117 0
2842 1421 0 118 -118 0
2842 1421 0 119 -119 0
2842 1421 0 120 -120 0
2842 1421 0 121 -121 0
2842 1421 0 122 -122 0
2842 1421 0 123 -123 0
2842 1421 0 124 -124 0
2842 1421 0 125 -125 0
2842 1421 0 126 -126 0
2842 1421 0 127 -127 0
2842 1421 0 128 -128 0
2842 1421 0 129 -129 0
2842 1421 0 130 -130 0
2842 1421 0 131 -131 0
2842 1421 0 132 -132 0
2842 1421 0 133 -133 0
2842 1421 0 134 -134 0
2842 1421 0 135 -135 0
2842 1421 0 136 -136 0
2842 1421 0 137 -137 0
2842 1421 0 138 -138 0
2842 1421 0 139 -139 0
2842 1421 0 140 -140 0
2842 1421 0 141 -141 0
2842 1421 0 142 -142 0
2842 1421 0 143 -143 0
2842 1421 0 144 -144 0
2842 1421 0 145 -145 0
2842 1421 0 146 -146 0
2842 1421 0 147 -147 0
2842 1421 0 148 -148 0
2842 1421 0 149 -149 0
2842 1421 0 150 -150 0
2844 1422 0 -150 150 0
2844 1422 0 -149 149 0
2844 1422 0 -148 148 0
2844 1422 0 -147 147 0
2844 1422 0 -146 146 0
2844 1422 0 -145 145 0
2844 1422 0 -144 144 0
2844 1422 0 -143 143 0
2844 1422 0 -142 142 0
2844 1422 0 -141 141 0
2844 1422 0 -140 140 0
2844 1422 0 -139 139 0
2844 1422 0 -138 138 0
2844 1422 0 -137 137 0
2844 1422 0 -136 136 0
2844 1422 0 -135 135 0
2844 1422 0 -134 134 0
2844 1422 0 -133 133 0
2844 1422 0 -132 132 0
2844 1422 0 -131 131 0
2844 1422 0 -130 130 0
2844 1422 0 -129 129 0
2844 1422 0 -128 128 0
2844 1422 0 -127 127 0
2844 1422 0 -126 126 0
2844 1422 0 -125 125 0
2844 1422 0 -124 124 0
2844 1422 0 -123 123 0
2844 1422 0 -122 122 0
2844 1422 0 -121 121 0
2844 1422 0 -120 120 0
2844 1422 0 -119 119 0
2844 1422 0 -118 118 0
2844 1422 0 -117 117 0
2844 1422 0 -116 116 0
2844 1422 0 -115 115 0
2844 1422 0 -114 114 0
2844 1422 0 -113 113 0
2844 1422 0 -112 112 0
2844 1422 0 -111 111 0
2844 1422 0 -110 110 0
2844 1422 0 -109 109 0
2844 1422 0 -108 108 0
2844 1422 0 -107 107 0
2844 1422 0 -106 106 0
2844 1422 0 -105 105 0
2844 1422 0 -104 104 0
2844 1422 0 -103 103 0
2844 1422 0 -102 102 0
2844 1422 0 -101 101 0
2844 1422 0 -100 100 0
2844 1422 0 -99 99 0
2844 1422 0 -98 98 0
2844 1422 0 -97 97 0
2844 1422 0 -96 96 0
2844 1422 0 -95 95 0
2844 1422 0 -94 94 0
2844 1422 0 -93 93 0
2844 1422 0 -92 92 0
2844 1422 0 -91 91 0
2844 1422 0 -90 90 0
2844 1422 0 -89 89 0
2844 1422 0 -88 88 0
2844 1422 0 -87 87 0
2844 1422 0 -86 86 0
2844 1422 0 -85 85 0
2844 1422 0 -84 84 0
2844 1422 0 -83 83 0
2844 1422 0 -82 82 0
2844 1422 0 -81 81 0
2844 1422 0 -80 80 0
2844 1422 0 -79 79 0
2844 1422 0 -78 78 0
2844 1422 0 -77 77 0
2844 1422 0 -76 76 0
2844 1422 0 -75 75 0
2844 1422 0 -74 74 0
2844 1422 0 -73 73 0
2844 1422 0 -72 72 0
2844 1422 0 -71 71 0
2844 1422 0 -70 70 0
2844 1422 0 -69 69 0
2844 1422 0 -68 68 0
2844 1422 0 -67 67 0
2844 1422 0 -66 66 0
2844 1422 0 -65 65 0
2844 1422 0 -64 64 0
2844 1422 0 -63 63 0
2844 1422 0 -62 62 0
2844 1422 0 -61 61 0
2844 1422 0 -60 60 0
2844 1422 0 -59 59 0
2844 1422 0 -58 58 0
2844 1422 0 -57 57 0
2844 1422 0 -56 56 0
2844 1422 0 -55 55 0
2844 1422 0 -54 54 0
2844 1422 0 -53 53 0
2844 1422 0 -52 52 0
2844 1422 0 -51 51 0
2844 1422 0 -50 50 0
2844 1422 0 -49 49 0
2844 1422 0 -48 48 0
2844 1422 0 -47 47 0
2844 1422 0 -46 46 0
2844 1422 0 -45 45 0
2844 1422 0 -44 44 0
2844 1422 0 -43 43 0
2844 1422 0 -42 42 0
2844 1422 0 -41 41 0
2844 1422 0 -40 40 0
2844 1422 0 -39 39 0
2844 1422 0 -38 38 0
2844 1422 0 -37 37 0
2844 1422 0 -36 36 0
2844 1422 0 -35 35 0
2844 1422 0 -34 34 0
2844 1422 0 -33 33 0
2844 1422 0 -32 32 0
2844 1422 0 -31 31 0
2844 1422 0 -30 30 0
2844 1422 0 -29 29 0
2844 1422 0 -28 28 0
2844 1422 0 -27 27 0
2844 1422 0 -26 26 0
2844 1422 0 -25 25 0
2844 1422 0 -24 24 0
2844 1422 0 -23 23 0
2844 1422 0 -22 22 0
2844 1422 0 -21 21 0
2844 1422 0 -20 20 0
2844 1422 0 -19 19 0
2844 1422 0 -18 18 0
2844 1422 0 -17 17 0
2844 1422 0 -16 16 0
2844 1422 0 -15 15 0
2844 1422 0 -14 14 0
2844 1422 0 -13 13 0
2844 1422 0 -12 12 0
2844 1422 0 -11 11 0
2844 1422 0 -10 10 0
2844 1422 0 -9 9 0
2844 1422 0 -8 8 0
2844 1422 0 -7 7 0
2844 1422 0 -6 6 0
2844 1422 0 -5 5 0
2844 1422 0 -4 4 0
2844 1422 0 -3 3 0
2844 1422 0 -2 2 0
2844 1422 0 -1 1 0
2844 1422 0 1 -1 0
2844 1422 0 2 -2 0
2844 1422 0 3 -3 0
2844 1422 0 4 -4 0
2844 1422 0 5 -5 0
2844 1422 0 6 -6 0
2844 1422 0 7 -7 0
2844 1422 0 8 -8 0
2844 1422 0 9 -9 0
2844 1422 0 10 -10 0
2844 1422 0 11 -11 0
2844 1422 0 12 -12 0
2844 1422 0 13 -13 0
2844 1422 0 14 -14 0
2844 1422 0 15 -15 0
2844 1422 0 16 -16 0
2844 1422 0 17 -17 0
2844 1422 0 18 -18 0
2844 1422 0 19 -19 0
2844 1422 0 20 -20 0
2844 1422 0 21 -21 0
2844 1422 0 22 -22 0
2844 1422 0 23 -23 0
2844 1422 0 24 -24 0
2844 1422 0 25 -25 0
2844 1422 0 26 -26 0
2844 1422 0 27 -27 0
2844 1422 0 28 -28 0
2844 1422 0 29 -29 0
2844 1422 0 30 -30 0
2844 1422 0 31 -31 0
2844 1422 0 32 -32 0
2844 1422 0 33 -33 0
2844 1422 0 34 -34 0
2844 1422 0 35 -35 0
2844 1422 0 36 -36 0
2844 1422 0 37 -37 0
2844 1422 0 38 -38 0
2844 1422 0 39 -39 0
2844 1422 0 40 -40 0
2844 1422 0 41 -41 0
2844 1422 0 42 -42 0
2844 1422 0 43 -43 0
2844 1422 0 44 -44 0
2844 1422 0 45 -45 0
2844 1422 0 46 -46 0
2844 1422 0 47 -47 0
2844 1422 0 48 -48 0
2844 1422 0 49 -49 0
2844 1422 0 50 -50 0
2844 1422 0 51 -51 0
2844 1422 0 52 -52 0
2844 1422 0 53 -53 0
2844 1422 0 54 -54 0
2844 1422 0 55 -55 0
2844 1422 0 56 -56 0
2844 1422 0 57 -57 0
2844 1422 0 58 -58 0
2844 1422 0 59 -59 0
2844 1422 0 60 -60 0
2844 1422 0 61 -61 0
2844 1422 0 62 -62 0
2844 1422 0 63 -63 0
2844 1422 0 64 -64 0
2844 1422 0 65 -65 0
2844 1422 0 66 -66 0
2844 1422 0 67 -67 0
2844 1422 0 68 -68 0
2844 1422 0 69 -69 0
2844 1422 0 70 -70 0
2844 1422 0 71 -71 0
2844 1422 0 72 -72 0
2844 1422 0 73 -73 0
2844 1422 0 74 -74 0
2844 1422 0 75 -75 0
2844 1422 0 76 -76 0
2844 1422 0 77 -77 0
2844 1422 0 78 -78 0
2844 1422 0 79 -79 0
2844 1422 0 80 -80 0
2844 1422 0 81 -81 0
2844 1422 0 82 -82 0
2844 1422 0 83 -83 0
2844 1422 0 84 -84 0
2844 1422 0 85 -85 0
2844 1422 0 86 -86 0
2844 1422 0 87 -87 0
2844 1422 0 88 -88 0
2844 1422 0 89 -89 0
2844 1422 0 90 -90 0
2844 1422 0 91 -91 0
2844 1422 0 92 -92 0
2844 1422 0 93 -93 0
2844 1422 0 94 -94 0
2844 1422 0 95 -95 0
2844 1422 0 96 -96 0
2844 1422 0 97 -97 0
2844 1422 0 98 -98 0
2844 1422 0 99 -99 0
2844 1422 0 100 -100 0
2844 1422 0 101 -101 0
2844 1422 0 102 -102 0
2844 1422 0 103 -103 0
2844 1422 0 104 -104 0
2844 1422 0 105 -105 0
2844 1422 0 106 -106 0
2844 1422 0 107 -107 0
2844 1422 0 108 -108 0
2844 1422 0 109 -109 0
2844 1422 0 110 -110 0
2844 1422 0 111 -111 0
2844 1422 0 112 -112 0
2844 1422 0 113 -113 0
2844 1422 0 114 -114 0
2844 1422 0 115 -115 0
2844 1422 0 116 -116 0
2844 1422 0 117 -117 0
2844 1422 0 118 -118 0
2844 1422 0 119 -119 0
2844 1422 0 120 -120 0
2844 1422 0 121 -121 0
2844 1422 0 122 -122 0
2844 1422 0 123 -123 0
2844 1422 0 124 -124 0
2844 1422 0 125 -125 0
2844 1422 0 126 -126 0
2844 1422 0 127 -127 0
2844 1422 0 128 -128 0
2844 1422 0 129 -129 0
2844 1422 0 130 -130 0
2844 1422 0 131 -131 0
2844 1422 0 132 -132 0
2844 1422 0 133 -133 0
2844 1422 0 134 -134 0
2844 1422 0 135 -135 0
2844 1422 0 136 -136 0
2844 1422 0 137 -137 0
2844 1422 0 138 -138 0
2844 1422 0 139 -139 0
2844 1422 0 140 -140 0
2844 1422 0 141 -141 0
2844 1422 0 142 -142 0
2844 1422 0 143 -143 0
2844 1422 0 144 -144 0
2844 1422 0 145 -145 0
2844 1422 0 146 -146 0
2844 1422 0 147 -147 0
2844 1422 0 148 -148 0
2844 1422 0 149 -149 0
2844 1422 0 150 -150 0
2846 1423 0 -150 150 0
2846 1423 0 -149 149 0
2846 1423 0 -148 148 0
2846 1423 0 -147 147 0
2846 1423 0 -146 146 0
2846 1423 0 -145 145 0
2846 1423 0 -144 144 0
2846 1423 0 -143 143 0
2846 1423 0 -142 142 0
2846 1423 0 -141 141 0
2846 1423 0 -140 140 0
2846 1423 0 -139 139 0
2846 1423 0 -138 138 0
2846 1423 0 -137 137 0
2846 1423 0 -136 136 0
2846 1423 0 -135 135 0
2846 1423 0 -134 134 0
2846 1423 0 -133 133 0
2846 1423 0 -132 132 0
2846 1423 0 -131 131 0
2846 1423 0 -130 130 0
2846 1423 0 -129 129 0
2846 1423 0 -128 128 0
2846 1423 0 -127 127 0
2846 1423 0 -126 126 0
2846 1423 0 -125 125 0
2846 1423 0 -124 124 0
2846 1423 0 -123 123 0
2846 1423 0 -122 122 0
2846 1423 0 -121 121 0
2846 1423 0 -120 120 0
2846 1423 0 -119 119 0
2846 1423 0 -118 118 0
2846 1423 0 -117 117 0
2846 1423 0 -116 116 0
2846 1423 0 -115 115 0
2846 1423 0 -114 114 0
2846 1423 0 -113 113 0
2846 1423 0 -112 112 0
2846 1423 0 -111 111 0
2846 1423 0 -110 110 0
2846 1423 0 -109 109 0
2846 1423 0 -108 108 0
2846 1423 0 -107 107 0
2846 1423 0 -106 106 0
2846 1423 0 -105 105 0
2846 1423 0 -104 104 0
2846 1423 0 -103 103 0
2846 1423 0 -102 102 0
2846 1423 0 -101 101 0
2846 1423 0 -100 100 0
2846 1423 0 -99 99 0
2846 1423 0 -98 98 0
2846 1423 0 -97 97 0
2846 1423 0 -96 96 0
2846 1423 0 -95 95 0
2846 1423 0 -94 94 0
2846 1423 0 -93 93 0
2846 1423 0 -92 92 0
2846 1423 0 -91 91 0
2846 1423 0 -90 90 0
2846 1423 0 -89 89 0
2846 1423 0 -88 88 0
2846 1423 0 -87 87 0
2846 1423 0 -86 86 0
2846 1423 0 -85 85 0
2846 1423 0 -84 84 0
2846 1423 0 -83 83 0
2846 1423 0 -82 82 0
2846 1423 0 -81 81 0
2846 1423 0 -80 80 0
2846 1423 0 -79 79 0
2846 1423 0 -78 78 0
2846 1423 0 -77 77 0
2846 1423 0 -76 76 0
2846 1423 0 -75 75 0
2846 1423 0 -74 74 0
2846 1423 0 -73 73 0
2846 1423 0 -72 72 0
2846 1423 0 -71 71 0
2846 1423 0 -70 70 0
2846 1423 0 -69 69 0
2846 1423 0 -68 68 0
2846 1423 0 -67 67 0
2846 1423 0 -66 66 0
2846 1423 0 -65 65 0
2846 1423 0 -64 64 0
2846 1423 0 -63 63 0
2846 1423 0 -62 62 0
2846 1423 0 -61 61 0
2846 1423 0 -60 60 0
2846 1423 0 -59 59 0
2846 1423 0 -58 58 0
2846 1423 0 -57 57 0
2846 1423 0 -56 56 0
2846 1423 0 -55 55 0
2846 1423 0 -54 54 0
2846 1423 0 -53 53 0
2846 1423 0 -52 52 0
2846 1423 0 -51 51 0
2846 1423 0 -50 50 0
2846 1423 0 -49 49 0
2846 1423 0 -48 48 0
2846 1423 0 -47 47 0
2846 1423 0 -46 46 0
2846 1423 0 -45 45 0
2846 1423 0 -44 44 0
2846 1423 0 -43 43 0
2846 1423 0 -42 42 0
2846 1423 0 -41 41 0
2846 1423 0 -40 40 0
2846 1423 0 -39 39 0
2846 1423 0 -38 38 0
2846 1423 0 -37 37 0
2846 1423 0 -36 36 0
2846 1423 0 -35 35 0
2846 1423 0 -34 34 0
2846 1423 0 -33 33 0
2846 1423 0 -32 32 0
2846 1423 0 -31 31 0
2846 1423 0 -30 30 0
2846 1423 0 -29 29 0
2846 1423 0 -28 28 0
2846 1423 0 -27 27 0
2846 1423 0 -26 26 0
2846 1423 0 -25 25 0
2846 1423 0 -24 24 0
2846 1423 0 -23 23 0
2846 1423 0 -22 22 0
2846 1423 0 -21 21 0
2846 1423 0 -20 20 0
2846 1423 0 -19 19 0
2846 1423 0 -18 18 0
2846 1423 0 -17 17 0
2846 1423 0 -16 16 0
2846 1423 0 -15 15 0
2846 1423 0 -14 14 0
2846 1423 0 -13 13 0
2846 1423 0 -12 12 0
2846 1423 0 -11 11 0
2846 1423 0 -10 10 0
2846 1423 0 -9 9 0
2846 1423 0 -8 8 0
2846 1423 0 -7 7 0
2846 1423 0 -6 6 0
2846 1423 0 -5 5 0
2846 1423 0 -4 4 0
2846 1423 0 -3 3 0
2846 1423 0 -2 2 0
2846 1423 0 -1 1 0
2846 1423 0 1 -1 0
2846 1423 0 2 -2 0
2846 1423 0 3 -3 0
2846 1423 0 4 -4 0
2846 1423 0 5 -5 0
2846 1423 0 6 -6 0
2846 1423 0 7 -7 0
2846 1423 0 8 -8 0
2846 1423 0 9 -9 0
2846 1423 0 10 -10 0
2846 1423 0 11 -11 0
2846 1423 0 12 -12 0
2846 1423 0 13 -13 0
2846 1423 0 14 -14 0
2846 1423 0 15 -15 0
2846 1423 0 16 -16 0
2846 1423 0 17 -17 0
2846 1423 0 18 -18 0
2846 1423 0 19 -19 0
2846 1423 0 20 -20 0
2846 1423 0 21 -21 0
2846 1423 0 22 -22 0
2846 1423 0 23 -23 0
2846 1423 0 24 -24 0
2846 1423 0 25 -25 0
2846 1423 0 26 -26 0
2846 1423 0 27 -27 0
2846 1423 0 28 -28 0
2846 1423 0 29 -29 0
2846 1423 0 30 -30 0
2846 1423 0 31 -31 0
2846 1423 0 32 -32 0
2846 1423 0 33 -33 0
2846 1423 0 34 -34 0
2846 1423 0 35 -35 0
2846 1423 0 36 -36 0
2846 1423 0 37 -37 0
2846 1423 0 38 -38 0
2846 1423 0 39 -39 0
2846 1423 0 40 -40 0
2846 1423 0 41 -41 0
2846 1423 0 42 -42 0
2846 1423 0 43 -43 0
2846 1423 0 44 -44 0
2846 1423 0 45 -45 0
2846 1423 0 46 -46 0
2846 1423 0 47 -47 0
2846 1423 0 48 -48 0
2846 1423 0 49 -49 0
2846 1423 0 50 -50 0
2846 1423 0 51 -51 0
2846 1423 0 52 -52 0
2846 1423 0 53 -53 0
2846 1423 0 54 -54 0
2846 1423 0 55 -55 0
2846 1423 0 56 -56 0
2846 1423 0 57 -57 0
2846 1423 0 58 -58 0
2846 1423 0 59 -59 0
2846 1423 0 60 -60 0
2846 1423 0 61 -61 0
2846 1423 0 62 -62 0
2846 1423 0 63 -63 0
2846 1423 0 64 -64 0
2846 1423 0 65 -65 0
2846 1423 0 66 -66 0
2846 1423 0 67 -67 0
2846 1423 0 68 -68 0
2846 1423 0 69 -69 0
2846 1423 0 70 -70 0
2846 1423 0 71 -71 0
2846 1423 0 72 -72 0
2846 1423 0 73 -73 0
2846 1423 0 74 -74 0
2846 1423 0 75 -75 0
2846 1423 0 76 -76 0
2846 1423 0 77 -77 0
2846 1423 0 78 -78 0
2846 1423 0 79 -79 0
2846 1423 0 80 -80 0
2846 1423 0 81 -81 0
2846 1423 0 82 -82 0
2846 1423 0 83 -83 0
2846 1423 0 84 -84 0
2846 1423 0 85 -85 0
2846 1423 0 86 -86 0
2846 1423 0 87 -87 0
2846 1423 0 88 -88 0
2846 1423 0 89 -89 0
2846 1423 0 90 -90 0
2846 1423 0 91 -91 0
2846 1423 0 92 -92 0
2846 1423 0 93 -93 0
2846 1423 0 94 -94 0
2846 1423 0 95 -95 0
2846 1423 0 96 -96 0
2846 1423 0 97 -97 0
2846 1423 0 98 -98 0
2846 1423 0 99 -99 0
2846 1423 0 100 -100 0
2846 1423 0 101 -101 0
2846 1423 0 102 -102 0
2846 1423 0 103 -103 0
2846 1423 0 104 -104 0
2846 1423 0 105 -105 0
2846 1423 0 106 -106 0
2846 1423 0 107 -107 0
2846 1423 0 108 -108 0
2846 1423 0 109 -109 0
2846 1423 0 110 -110 0
2846 1423 0 111 -111 0
2846 1423 0 112 -112 0
2846 1423 0 113 -113 0
2846 1423 0 114 -114 0
2846 1423 0 115 -115 0
2846 1423 0 116 -116 0
2846 1423 0 117 -117 0
2846 1423 0 118 -118 0
2846 1423 0 119 -119 0
2846 1423 0 120 -120 0
2846 1423 0 121 -121 0
2846 1423 0 122 -122 0
2846 1423 0 123 -123 0
2846 1423 0 124 -124 0
2846 1423 0 125 -125 0
2846 1423 0 126 -126 0
2846 1423 0 127 -127 0
2846 1423 0 128 -128 0
2846 1423 0 129 -129 0
2846 1423 0 130 -130 0
2846 1423 0 131 -131 0
2846 1423 0 132 -132 0
2846 1423 0 133 -133 0
2846 1423 0 134 -134 0
2846 1423 0 135 -135 0
2846 1423 0 136 -136 0
2846 1423 0 137 -137 0
2846 1423 0 138 -138 0
2846 1423 0 139 -139 0
2846 1423 0 140 -140 0
2846 1423 0 141 -141 0
2846 1423 0 142 -142 0
2846 1423 0 143 -143 0
2846 1423 0 144 -144 0
2846 1423 0 145 -145 0
2846 1423 0 146 -146 0
2846 1423 0 147 -147 0
2846 1423 0 148 -148 0
2846 1423 0 149 -149 0
2846 1423 0 150 -150 0
2848 1424 0 -150 150 0
2848 1424 0 -149 149 0
2848 1424 0 -148 148 0
2848 1424 0 -147 147 0
2848 1424 0 -146 146 0
2848 1424 0 -145 145 0
2848 1424 0 -144 144 0
2848 1424 0 -143 143 0
2848 1424 0 -142 142 0
2848 1424 0 -141 141 0
2848 1424 0 -140 140 0
2848 1424 0 -139 139 0
2848 1424 0 -138 138 0
2848 1424 0 -137 137 0
2848 1424 0 -136 136 0
2848 1424 0 -135 135 0
2848 1424 0 -134 134 0
2848 1424 0 -133 133 0
2848 1424 0 -132 132 0
2848 1424 0 -131 131 0
2848 1424 0 -130 130 0
2848 1424 0 -129 129 0
2848 1424 0 -128 128 0
2848 1424 0 -127 127 0
2848 1424 0 -126 126 0
2848 1424 0 -125 125 0
2848 1424 0 -124 124 0
2848 1424 0 -123 123 0
2848 1424 0 -122 122 0
2848 1424 0 -121 121 0
2848 1424 0 -120 120 0
2848 1424 0 -119 119 0
2848 1424 0 -118 118 0
2848 1424 0 -117 117 0
2848 1424 0 -116 116 0
2848 1424 0 -115 115 0
2848 1424 0 -114 114 0
2848 1424 0 -113 113 0
2848 1424 0 -112 112 0
2848 1424 0 -111 111 0
2848 1424 0 -110 110 0
2848 1424 0 -109 109 0
2848 1424 0 -108 108 0
2848 1424 0 -107 107 0
2848 1424 0 -106 106 0
2848 1424 0 -105 105 0
2848 1424 0 -104 104 0
2848 1424 0 -103 103 0
2848 1424 0 -102 102 0
2848 1424 0 -101 101 0
2848 1424 0 -100 100 0
2848 1424 0 -99 99 0
2848 1424 0 -98 98 0
2848 1424 0 -97 97 0
2848 1424 0 -96 96 0
2848 1424 0 -95 95 0
2848 1424 0 -94 94 0
2848 1424 0 -93 93 0
2848 1424 0 -92 92 0
2848 1424 0 -91 91 0
2848 1424 0 -90 90 0
2848 1424 0 -89 89 0
2848 1424 0 -88 88 0
2848 1424 0 -87 87 0
2848 1424 0 -86 86 0
2848 1424 0 -85 85 0
2848 1424 0 -84 84 0
2848 1424 0 -83 83 0
2848 1424 0 -82 82 0
2848 1424 0 -81 81 0
2848 1424 0 -80 80 0
2848 1424 0 -79 79 0
2848 1424 0 -78 78 0
2848 1424 0 -77 77 0
2848 1424 0 -76 76 0
2848 1424 0 -75 75 0
2848 1424 0 -74 74 0
2848 1424 0 -73 73 0
2848 1424 0 -72 72 0
2848 1424 0 -71 71 0
2848 1424 0 -70 70 0
2848 1424 0 -69 69 0
2848 1424 0 -68 68 0
2848 1424 0 -67 67 0
2848 1424 0 -66 66 0
2848 1424 0 -65 65 0
2848 1424 0 -64 64 0
2848 1424 0 -63 63 0
2848 1424 0 -62 62 0
2848 1424 0 -61 61 0
2848 1424 0 -60 60 0
2848 1424 0 -59 59 0
2848 1424 0 -58 58 0
2848 1424 0 -57 57 0
2848 1424 0 -56 56 0
2848 1424 0 -55 55 0
2848 1424 0 -54 54 0
2848 1424 0 -53 53 0
2848 1424 0 -52 52 0
2848 1424 0 -51 51 0
2848 1424 0 -50 50 0
2848 1424 0 -49 49 0
2848 1424 0 -48 48 0
2848 1424 0 -47 47 0
2848 1424 0 -46 46 0
2848 1424 0 -45 45 0
2848 1424 0 -44 44 0
2848 1424 0 -43 43 0
2848 1424 0 -42 42 0
2848 1424 0 -41 41 0
2848 1424 0 -40 40 0
2848 1424 0 -39 39 0
2848 1424 0 -38 38 0
2848 1424 0 -37 37 0
2848 1424 0 -36 36 0
2848 1424 0 -35 35 0
2848 1424 0 -34 34 0
2848 1424 0 -33 33 0
2848 1424 0 -32 32 0
2848 1424 0 -31 31 0
2848 1424 0 -30 30 0
2848 1424 0 -29 29 0
2848 1424 0 -28 28 0
2848 1424 0 -27 27 0
2848 1424 0 -26 26 0
2848 1424 0 -25 25 0
2848 1424 0 -24 24 0
2848 1424 0 -23 23 0
2848 1424 0 -22 22 0
2848 1424 0 -21 21 0
2848 1424 0 -20 20 0
2848 1424 0 -19 19 0
2848 1424 0 -18 18 0
2848 1424 0 -17 17 0
2848 1424 0 -16 16 0
2848 1424 0 -15 15 0
2848 1424 0 -14 14 0
2848 1424 0 -13 13 0
2848 1424 0 -12 12 0
2848 1424 0 -11 11 0
2848 1424 0 -10 10 0
2848 1424 0 -9 9 0
2848 1424 0 -8 8 0
2848 1424 0 -7 7 0
2848 1424 0 -6 6 0
2848 1424 0 -5 5 0
2848 1424 0 -4 4 0
2848 1424 0 -3 3 0
2848 1424 0 -2 2 0
2848 1424 0 -1 1 0
2848 1424 0 1 -1 0
2848 1424 0 2 -2 0
2848 1424 0 3 -3 0
2848 1424 0 4 -4 0
2848 1424 0 5 -5 0
2848 1424 0 6 -6 0
2848 1424 0 7 -7 0
2848 1424 0 8 -8 0
2848 1424 0 9 -9 0
2848 1424 0 10 -10 0
2848 1424 0 11 -11 0
2848 1424 0 12 -12 0
2848 1424 0 13 -13 0
2848 1424 0 14 -14 0
2848 1424 0 15 -15 0
2848 1424 0 16 -16 0
2848 1424 0 17 -17 0
2848 1424 0 18 -18 0
2848 1424 0 19 -19 0
2848 1424 0 20 -20 0
2848 1424 0 21 -21 0
2848 1424 0 22 -22 0
2848 1424 0 23 -23 0
2848 1424 0 24 -24 0
2848 1424 0 25 -25 0
2848 1424 0 26 -26 0
2848 1424 0 27 -27 0
2848 1424 0 28 -28 0
2848 1424 0 29 -29 0
2848 1424 0 30 -30 0
2848 1424 0 31 -31 0
2848 1424 0 32 -32 0
2848 1424 0 33 -33 0
2848 1424 0 34 -34 0
2848 1424 0 35 -35 0
2848 1424 0 36 -36 0
2848 1424 0 37 -37 0
2848 1424 0 38 -38 0
2848 1424 0 39 -39 0
2848 1424 0 40 -40 0
2848 1424 0 41 -41 0
2848 1424 0 42 -42 0
2848 1424 0 43 -43 0
2848 1424 0 44 -44 0
2848 1424 0 45 -45 0
2848 1424 0 46 -46 0
2848 1424 0 47 -47 0
2848 1424 0 48 -48 0
2848 1424 0 49 -49 0
2848 1424 0 50 -50 0
2848 1424 0 51 -51 0
2848 1424 0 52 -52 0
2848 1424 0 53 -53 0
2848 1424 0 54 -54 0
2848 1424 0 55 -55 0
2848 1424 0 56 -56 0
2848 1424 0 57 -57 0
2848 1424 0 58 -58 0
2848 1424 0 59 -59 0
2848 1424 0 60 -60 0
2848 1424 0 61 -61 0
2848 1424 0 62 -62 0
2848 1424 0 63 -63 0
2848 1424 0 64 -64 0
2848 1424 0 65 -65 0
2848 1424 0 66 -66 0
2848 1424 0 67 -67 0
2848 1424 0 68 -68 0
2848 1424 0 69 -69 0
2848 1424 0 70 -70 0
2848 1424 0 71 -71 0
2848 1424 0 72 -72 0
2848 1424 0 73 -73 0
2848 1424 0 74 -74 0
2848 1424 0 75 -75 0
2848 1424 0 76 -76 0
2848 1424 0 77 -77 0
2848 1424 0 78 -78 0
2848 1424 0 79 -79 0
2848 1424 0 80 -80 0
2848 1424 0 81 -81 0
2848 1424 0 82 -82 0
2848 1424 0 83 -83 0
2848 1424 0 84 -84 0
2848 1424 0 85 -85 0
2848 1424 0 86 -86 0
2848 1424 0 87 -87 0
2848 1424 0 88 -88 0
2848 1424 0 89 -89 0
2848 1424 0 90 -90 0
2848 1424 0 91 -91 0
2848 1424 0 92 -92 0
2848 1424 0 93 -93 0
2848 1424 0 94 -94 0
2848 1424 0 95 -95 0
2848 1424 0 96 -96 0
2848 1424 0 97 -97 0
2848 1424 0 98 -98 0
2848 1424 0 99 -99 0
2848 1424 0 100 -100 0
2848 1424 0 101 -101 0
2848 1424 0 102 -102 0
2848 1424 0 103 -103 0
2848 1424 0 104 -104 0
2848 1424 0 105 -105 0
2848 1424 0 106 -106 0
2848 1424 0 107 -107 0
2848 1424 0 108 -108 0
2848 1424 0 109 -109 0
2848 1424 0 110 -110 0
2848 1424 0 111 -111 0
2848 1424 0 112 -112 0
2848 1424 0 113 -113 0
2848 1424 0 114 -114 0
2848 1424 0 115 -115 0
2848 1424 0 116 -116 0
2848 1424 0 117 -117 0
2848 1424 0 118 -118 0
2848 1424 0 119 -119 0
2848 1424 0 120 -120 0
2848 1424 0 121 -121 0
2848 1424 0 122 -122 0
2848 1424 0 123 -123 0
2848 1424 0 124 -124 0
2848 1424 0 125 -125 0
2848 1424 0 126 -126 0
2848 1424 0 127 -127 0
2848 1424 0 128 -128 0
2848 1424 0 129 -129 0
2848 1424 0 130 -130 0
2848 1424 0 131 -131 0
2848 1424 0 132 -132 0
2848 1424 0 133 -133 0
2848 1424 0 134 -134 0
2848 1424 0 135 -135 0
2848 1424 0 136 -136 0
2848 1424 0 137 -137 0
2848 1424 0 138 -138 0
2848 1424 0 139 -139 0
2848 1424 0 140 -140 0
2848 1424 0 141 -141 0
2848 1424 0 142 -142 0
2848 1424 0 143 -143 0
2848 1424 0 144 -144 0
2848 1424 0 145 -145 0
2848 1424 0 146 -146 0
2848 1424 0 147 -147 0
2848 1424 0 148 -148 0
2848 1424 0 149 -149 0
2848 1424 0 150 -150 0
2850 1425 0 -150 150 0
2850 1425 0 -149 149 0
2850 1425 0 -148 148 0
2850 1425 0 -147 147 0
2850 1425 0 -146 146 0
2850 1425 0 -145 145 0
2850 1425 0 -144 144 0
2850 1425 0 -143 143 0
2850 1425 0 -142 142 0
2850 1425 0 -141 141 0
2850 1425 0 -140 140 0
2850 1425 0 -139 139 0
2850 1425 0 -138 138 0
2850 1425 0 -137 137 0
2850 1425 0 -136 136 0
2850 1425 0 -135 135 0
2850 1425 0 -134 134 0
2850 1425 0 -133 133 0
2850 1425 0 -132 132 0
2850 1425 0 -131 131 0
2850 1425 0 -130 130 0
2850 1425 0 -129 129 0
2850 1425 0 -128 128 0
2850 1425 0 -127 127 0
2850 1425 0 -126 126 0
2850 1425 0 -125 125 0
2850 1425 0 -124 124 0
2850 1425 0 -123 123 0
2850 1425 0 -122 122 0
2850 1425 0 -121 121 0
2850 1425 0 -120 120 0
2850 1425 0 -119 119 0
2850 1425 0 -118 118 0
2850 1425 0 -117 117 0
2850 1425 0 -116 116 0
2850 1425 0 -115 115 0
2850 1425 0 -114 114 0
2850 1425 0 -113 113 0
2850 1425 0 -112 112 0
2850 1425 0 -111 111 0
2850 1425 0 -110 110 0
2850 1425 0 -109 109 0
2850 1425 0 -108 108 0
2850 1425 0 -107 107 0
2850 1425 0 -106 106 0
2850 1425 0 -105 105 0
2850 1425 0 -104 104 0
2850 1425 0 -103 103 0
2850 1425 0 -102 102 0
2850 1425 0 -101 101 0
2850 1425 0 -100 100 0
2850 1425 0 -99 99 0
2850 1425 0 -98 98 0
2850 1425 0 -97 97 0
2850 1425 0 -96 96 0
2850 1425 0 -95 95 0
2850 1425 0 -94 94 0
2850 1425 0 -93 93 0
2850 1425 0 -92 92 0
2850 1425 0 -91 91 0
2850 1425 0 -90 90 0
2850 1425 0 -89 89 0
2850 1425 0 -88 88 0
2850 1425 0 -87 87 0
2850 1425 0 -86 86 0
2850 1425 0 -85 85 0
2850 1425 0 -84 84 0
2850 1425 0 -83 83 0
2850 1425 0 -82 82 0
2850 1425 0 -81 81 0
2850 1425 0 -80 80 0
2850 1425 0 -79 79 0
2850 1425 0 -78 78 0
2850 1425 0 -77 77 0
2850 1425 0 -76 76 0
2850 1425 0 -75 75 0
2850 1425 0 -74 74 0
2850 1425 0 -73 73 0
2850 1425 0 -72 72 0
2850 1425 0 -71 71 0
2850 1425 0 -70 70 0
2850 1425 0 -69 69 0
2850 1425 0 -68 68 0
2850 1425 0 -67 67 0
2850 1425 0 -66 66 0
2850 1425 0 -65 65 0
2850 1425 0 -64 64 0
2850 1425 0 -63 63 0
2850 1425 0 -62 62 0
2850 1425 0 -61 61 0
2850 1425 0 -60 60 0
2850 1425 0 -59 59 0
2850 1425 0 -58 58 0
2850 1425 0 -57 57 0
2850 1425 0 -56 56 0
2850 1425 0 -55 55 0
2850 1425 0 -54 54 0
2850 1425 0 -53 53 0
2850 1425 0 -52 52 0
2850 1425 0 -51 51 0
2850 1425 0 -50 50 0
2850 1425 0 -49 49 0
2850 1425 0 -48 48 0
2850 1425 0 -47 47 0
2850 1425 0 -46 46 0
2850 1425 0 -45 45 0
2850 1425 0 -44 44 0
2850 1425 0 -43 43 0
2850 1425 0 -42 42 0
2850 1425 0 -41 41 0
2850 1425 0 -40 40 0
2850 1425 0 -39 39 0
2850 1425 0 -38 38 0
2850 1425 0 -37 37 0
2850 1425 0 -36 36 0
2850 1425 0 -35 35 0
2850 1425 0 -34 34 0
2850 1425 0 -33 33 0
2850 1425 0 -32 32 0
2850 1425 0 -31 31 0
2850 1425 0 -30 30 0
2850 1425 0 -29 29 0
2850 1425 0 -28 28 0
2850 1425 0 -27 27 0
2850 1425 0 -26 26 0
2850 1425 0 -25 25 0
2850 1425 0 -24 24 0
2850 1425 0 -23 23 0
2850 1425 0 -22 22 0
2850 1425 0 -21 21 0
2850 1425 0 -20 20 0
2850 1425 0 -19 19 0
2850 1425 0 -18 18 0
2850 1425 0 -17 17 0
2850 1425 0 -16 16 0
2850 1425 0 -15 15 0
2850 1425 0 -14 14 0
2850 1425 0 -13 13 0
2850 1425 0 -12 12 0
2850 1425 0 -11 11 0
2850 1425 0 -10 10 0
2850 1425 0 -9 9 0
2850 1425 0 -8 8 0
2850 1425 0 -7 7 0
2850 1425 0 -6 6 0
2850 1425 0 -5 5 0
2850 1425 0 -4 4 0
2850 1425 0 -3 3 0
2850 1425 0 -2 2 0
2850 1425 0 -1 1 0
2850 1425 0 1 -1 0
2850 1425 0 2 -2 0
2850 1425 0 3 -3 0
2850 1425 0 4 -4 0
2850 1425 0 5 -5 0
2850 1425 0 6 -6 0
2850 1425 0 7 -7 0
2850 1425 0 8 -8 0
2850 1425 0 9 -9 0
2850 1425 0 10 -10 0
2850 1425 0 11 -11 0
2850 1425 0 12 -12 0
2850 1425 0 13 -13 0
2850 1425 0 14 -14 0
2850 1425 0 15 -15 0
2850 1425 0 16 -16 0
2850 1425 0 17 -17 0
2850 1425 0 18 -18 0
2850 1425 0 19 -19 0
2850 1425 0 20 -20 0
2850 1425 0 21 -21 0
2850 1425 0 22 -22 0
2850 1425 0 23 -23 0
2850 1425 0 24 -24 0
2850 1425 0 25 -25 0
2850 1425 0 26 -26 0
2850 1425 0 27 -27 0
2850 1425 0 28 -28 0
2850 1425 0 29 -29 0
2850 1425 0 30 -30 0
2850 1425 0 31 -31 0
2850 1425 0 32 -32 0
2850 1425 0 33 -33 0
2850 1425 0 34 -34 0
2850 1425 0 35 -35 0
2850 1425 0 36 -36 0
2850 1425 0 37 -37 0
2850 1425 0 38 -38 0
2850 1425 0 39 -39 0
2850 1425 0 40 -40 0
2850 1425 0 41 -41 0
2850 1425 0 42 -42 0
2850 1425 0 43 -43 0
2850 1425 0 44 -44 0
2850 1425 0 45 -45 0
2850 1425 0 46 -46 0
2850 1425 0 47 -47 0
2850 1425 0 48 -48 0
2850 1425 0 49 -49 0
2850 1425 0 50 -50 0
2850 1425 0 51 -51 0
2850 1425 0 52 -52 0
2850 1425 0 53 -53 0
2850 1425 0 54 -54 0
2850 1425 0 55 -55 0
2850 1425 0 56 -56 0
2850 1425 0 57 -57 0
2850 1425 0 58 -58 0
2850 1425 0 59 -59 0
2850 1425 0 60 -60 0
2850 1425 0 61 -61 0
2850 1425 0 62 -62 0
2850 1425 0 63 -63 0
2850 1425 0 64 -64 0
2850 1425 0 65 -65 0
2850 1425 0 66 -66 0
2850 1425 0 67 -67 0
2850 1425 0 68 -68 0
2850 1425 0 69 -69 0
2850 1425 0 70 -70 0
2850 1425 0 71 -71 0
2850 1425 0 72 -72 0
2850 1425 0 73 -73 0
2850 1425 0 74 -74 0
2850 1425 0 75 -75 0
2850 1425 0 76 -76 0
2850 1425 0 77 -77 0
2850 1425 0 78 -78 0
2850 1425 0 79 -79 0
2850 1425 0 80 -80 0
2850 1425 0 81 -81 0
2850 1425 0 82 -82 0
2850 1425 0 83 -83 0
2850 1425 0 84 -84 0
2850 1425 0 85 -85 0
2850 1425 0 86 -86 0
2850 1425 0 87 -87 0
2850 1425 0 88 -88 0
2850 1425 0 89 -89 0
2850 1425 0 90 -90 0
2850 1425 0 91 -91 0
2850 1425 0 92 -92 0
2850 1425 0 93 -93 0
2850 1425 0 94 -94 0
2850 1425 0 95 -95 0
2850 1425 0 96 -96 0
2850 1425 0 97 -97 0
2850 1425 0 98 -98 0
2850 1425 0 99 -99 0
2850 1425 0 100 -100 0
2850 1425 0 101 -101 0
2850 1425 0 102 -102 0
2850 1425 0 103 -103 0
2850 1425 0 104 -104 0
2850 1425 0 105 -105 0
2850 1425 0 106 -106 0
2850 1425 0 107 -107 0
2850 1425 0 108 -108 0
2850 1425 0 109 -109 0
2850 1425 0 110 -110 0
2850 1425 0 111 -111 0
2850 1425 0 112 -112 0
2850 1425 0 113 -113 0
2850 1425 0 114 -114 0
2850 1425 0 115 -115 0
2850 1425 0 116 -116 0
2850 1425 0 117 -117 0
2850 1425 0 118 -118 0
2850 1425 0 119 -119 0
2850 1425 0 120 -120 0
2850 1425 0 121 -121 0
2850 1425 0 122 -122 0
2850 1425 0 123 -123 0
2850 1425 0 124 -124 0
2850 1425 0 125 -125 0
2850 1425 0 126 -126 0
2850 1425 0 127 -127 0
2850 1425 0 128 -128 0
2850 1425 0 129 -129 0
2850 1425 0 130 -130 0
2850 1425 0 131 -131 0
2850 1425 0 132 -132 0
2850 1425 0 133 -133 0
2850 1425 0 134 -134 0
2850 1425 0 135 -135 0
2850 1425 0 136 -136 0
2850 1425 0 137 -137 0
2850 1425 0 138 -138 0
2850 1425 0 139 -139 0
2850 1425 0 140 -140 0
2850 1425 0 141 -141 0
2850 1425 0 142 -142 0
2850 1425 0 143 -143 0
2850 1425 0 144 -144 0
2850 1425 0 145 -145 0
2850 1425 0 146 -146 0
2850 1425 0 147 -147 0
2850 1425 0 148 -148 0
2850 1425 0 149 -149 0
2850 1425 0 150 -150 0
2852 1426 0 -150 150 0
2852 1426 0 -149 149 0
2852 1426 0 -148 148 0
2852 1426 0 -147 147 0
2852 1426 0 -146 146 0
2852 1426 0 -145 145 0
2852 1426 0 -144 144 0
2852 1426 0 -143 143 0
2852 1426 0 -142 142 0
2852 1426 0 -141 141 0
2852 1426 0 -140 140 0
2852 1426 0 -139 139 0
2852 1426 0 -138 138 0
2852 1426 0 -137 137 0
2852 1426 0 -136 136 0
2852 1426 0 -135 135 0
2852 1426 0 -134 134 0
2852 1426 0 -133 133 0
2852 1426 0 -132 132 0
2852 1426 0 -131 131 0
2852 1426 0 -130 130 0
2852 1426 0 -129 129 0
2852 1426 0 -128 128 0
2852 1426 0 -127 127 0
2852 1426 0 -126 126 0
2852 1426 0 -125 125 0
2852 1426 0 -124 124 0
2852 1426 0 -123 123 0
2852 1426 0 -122 122 0
2852 1426 0 -121 121 0
2852 1426 0 -120 120 0
2852 1426 0 -119 119 0
2852 1426 0 -118 118 0
2852 1426 0 -117 117 0
2852 1426 0 -116 116 0
2852 1426 0 -115 115 0
2852 1426 0 -114 114 0
2852 1426 0 -113 113 0
2852 1426 0 -112 112 0
2852 1426 0 -111 111 0
2852 1426 0 -110 110 0
2852 1426 0 -109 109 0
2852 1426 0 -108 108 0
2852 1426 0 -107 107 0
2852 1426 0 -106 106 0
2852 1426 0 -105 105 0
2852 1426 0 -104 104 0
2852 1426 0 -103 103 0
2852 1426 0 -102 102 0
2852 1426 0 -101 101 0
2852 1426 0 -100 100 0
2852 1426 0 -99 99 0
2852 1426 0 -98 98 0
2852 1426 0 -97 97 0
2852 1426 0 -96 96 0
2852 1426 0 -95 95 0
2852 1426 0 -94 94 0
2852 1426 0 -93 93 0
2852 1426 0 -92 92 0
2852 1426 0 -91 91 0
2852 1426 0 -90 90 0
2852 1426 0 -89 89 0
2852 1426 0 -88 88 0
2852 1426 0 -87 87 0
2852 1426 0 -86 86 0
2852 1426 0 -85 85 0
2852 1426 0 -84 84 0
2852 1426 0 -83 83 0
2852 1426 0 -82 82 0
2852 1426 0 -81 81 0
2852 1426 0 -80 80 0
2852 1426 0 -79 79 0
2852 1426 0 -78 78 0
2852 1426 0 -77 77 0
2852 1426 0 -76 76 0
2852 1426 0 -75 75 0
2852 1426 0 -74 74 0
2852 1426 0 -73 73 0
2852 1426 0 -72 72 0
2852 1426 0 -71 71 0
2852 1426 0 -70 70 0
2852 1426 0 -69 69 0
2852 1426 0 -68 68 0
2852 1426 0 -67 67 0
2852 1426 0 -66 66 0
2852 1426 0 -65 65 0
2852 1426 0 -64 64 0
2852 1426 0 -63 63 0
2852 1426 0 -62 62 0
2852 1426 0 -61 61 0
2852 1426 0 -60 60 0
2852 1426 0 -59 59 0
2852 1426 0 -58 58 0
2852 1426 0 -57 57 0
2852 1426 0 -56 56 0
2852 1426 0 -55 55 0
2852 1426 0 -54 54 0
2852 1426 0 -53 53 0
2852 1426 0 -52 52 0
2852 1426 0 -51 51 0
2852 1426 0 -50 50 0
2852 1426 0 -49 49 0
2852 1426 0 -48 48 0
2852 1426 0 -47 47 0
2852 1426 0 -46 46 0
2852 1426 0 -45 45 0
2852 1426 0 -44 44 0
2852 1426 0 -43 43 0
2852 1426 0 -42 42 0
2852 1426 0 -41 41 0
2852 1426 0 -40 40 0
2852 1426 0 -39 39 0
2852 1426 0 -38 38 0
2852 1426 0 -37 37 0
2852 1426 0 -36 36 0
2852 1426 0 -35 35 0
2852 1426 0 -34 34 0
2852 1426 0 -33 33 0
2852 1426 0 -32 32 0
2852 1426 0 -31 31 0
2852 1426 0 -30 30 0
2852 1426 0 -29 29 0
2852 1426 0 -28 28 0
2852 1426 0 -27 27 0
2852 1426 0 -26 26 0
2852 1426 0 -25 25 0
2852 1426 0 -24 24 0
2852 1426 0 -23 23 0
2852 1426 0 -22 22 0
2852 1426 0 -21 21 0
2852 1426 0 -20 20 0
2852 1426 0 -19 19 0
2852 1426 0 -18 18 0
2852 1426 0 -17 17 0
2852 1426 0 -16 16 0
2852 1426 0 -15 15 0
2852 1426 0 -14 14 0
2852 1426 0 -13 13 0
2852 1426 0 -12 12 0
2852 1426 0 -11 11 0
2852 1426 0 -10 10 0
2852 1426 0 -9 9 0
2852 1426 0 -8 8 0
2852 1426 0 -7 7 0
2852 1426 0 -6 6 0
2852 1426 0 -5 5 0
2852 1426 0 -4 4 0
2852 1426 0 -3 3 0
2852 1426 0 -2 2 0
2852 1426 0 -1 1 0
2852 1426 0 1 -1 0
2852 1426 0 2 -2 0
2852 1426 0 3 -3 0
2852 1426 0 4 -4 0
2852 1426 0 5 -5 0
2852 1426 0 6 -6 0
2852 1426 0 7 -7 0
2852 1426 0 8 -8 0
2852 1426 0 9 -9 0
2852 1426 0 10 -10 0
2852 1426 0 11 -11 0
2852 1426 0 12 -12 0
2852 1426 0 13 -13 0
2852 1426 0 14 -14 0
2852 1426 0 15 -15 0
2852 1426 0 16 -16 0
2852 1426 0 17 -17 0
2852 1426 0 18 -18 0
2852 1426 0 19 -19 0
2852 1426 0 20 -20 0
2852 1426 0 21 -21 0
2852 1426 0 22 -22 0
2852 1426 0 23 -23 0
2852 1426 0 24 -24 0
2852 1426 0 25 -25 0
2852 1426 0 26 -26 0
2852 1426 0 27 -27 0
2852 1426 0 28 -28 0
2852 1426 0 29 -29 0
2852 1426 0 30 -30 0
2852 1426 0 31 -31 0
2852 1426 0 32 -32 0
2852 1426 0 33 -33 0
2852 1426 0 34 -34 0
2852 1426 0 35 -35 0
2852 1426 0 36 -36 0
2852 1426 0 37 -37 0
2852 1426 0 38 -38 0
2852 1426 0 39 -39 0
2852 1426 0 40 -40 0
2852 1426 0 41 -41 0
2852 1426 0 42 -42 0
2852 1426 0 43 -43 0
2852 1426 0 44 -44 0
2852 1426 0 45 -45 0
2852 1426 0 46 -46 0
2852 1426 0 47 -47 0
2852 1426 0 48 -48 0
2852 1426 0 49 -49 0
2852 1426 0 50 -50 0
2852 1426 0 51 -51 0
2852 1426 0 52 -52 0
2852 1426 0 53 -53 0
2852 1426 0 54 -54 0
2852 1426 0 55 -55 0
2852 1426 0 56 -56 0
2852 1426 0 57 -57 0
2852 1426 0 58 -58 0
2852 1426 0 59 -59 0
2852 1426 0 60 -60 0
2852 1426 0 61 -61 0
2852 1426 0 62 -62 0
2852 1426 0 63 -63 0
2852 1426 0 64 -64 0
2852 1426 0 65 -65 0
2852 1426 0 66 -66 0
2852 1426 0 67 -67 0
2852 1426 0 68 -68 0
2852 1426 0 69 -69 0
2852 1426 0 70 -70 0
2852 1426 0 71 -71 0
2852 1426 0 72 -72 0
2852 1426 0 73 -73 0
2852 1426 0 74 -74 0
2852 1426 0 75 -75 0
2852 1426 0 76 -76 0
2852 1426 0 77 -77 0
2852 1426 0 78 -78 0
2852 1426 0 79 -79 0
2852 1426 0 80 -80 0
2852 1426 0 81 -81 0
2852 1426 0 82 -82 0
2852 1426 0 83 -83 0
2852 1426 0 84 -84 0
2852 1426 0 85 -85 0
2852 1426 0 86 -86 0
2852 1426 0 87 -87 0
2852 1426 0 88 -88 0
2852 1426 0 89 -89 0
2852 1426 0 90 -90 0
2852 1426 0 91 -91 0
2852 1426 0 92 -92 0
2852 1426 0 93 -93 0
2852 1426 0 94 -94 0
2852 1426 0 95 -95 0
2852 1426 0 96 -96 0
2852 1426 0 97 -97 0
2852 1426 0 98 -98 0
2852 1426 0 99 -99 0
2852 1426 0 100 -100 0
2852 1426 0 101 -101 0
2852 1426 0 102 -102 0
2852 1426 0 103 -103 0
2852 1426 0 104 -104 0
2852 1426 0 105 -105 0
2852 1426 0 106 -106 0
2852 1426 0 107 -107 0
2852 1426 0 108 -108 0
2852 1426 0 109 -109 0
2852 1426 0 110 -110 0
2852 1426 0 111 -111 0
2852 1426 0 112 -112 0
2852 1426 0 113 -113 0
2852 1426 0 114 -114 0
2852 1426 0 115 -115 0
2852 1426 0 116 -116 0
2852 1426 0 117 -117 0
2852 1426 0 118 -118 0
2852 1426 0 119 -119 0
2852 1426 0 120 -120 0
2852 1426 0 121 -121 0
2852 1426 0 122 -122 0
2852 1426 0 123 -123 0
2852 1426 0 124 -124 0
2852 1426 0 125 -125 0
2852 1426 0 126 -126 0
2852 1426 0 127 -127 0
2852 1426 0 128 -128 0
2852 1426 0 129 -129 0
2852 1426 0 130 -130 0
2852 1426 0 131 -131 0
2852 1426 0 132 -132 0
2852 1426 0 133 -133 0
2852 1426 0 134 -134 0
2852 1426 0 135 -135 0
2852 1426 0 136 -136 0
2852 1426 0 137 -137 0
2852 1426 0 138 -138 0
2852 1426 0 139 -139 0
2852 1426 0 140 -140 0
2852 1426 0 141 -141 0
2852 1426 0 142 -142 0
2852 1426 0 143 -143 0
2852 1426 0 144 -144 0
2852 1426 0 145 -145 0
2852 1426 0 146 -146 0
2852 1426 0 147 -147 0
2852 1426 0 148 -148 0
2852 1426 0 149 -149 0
2852 1426 0 150 -150 0
2854 1427 0 -150 150 0
2854 1427 0 -149 149 0
2854 1427 0 -148 148 0
2854 1427 0 -147 147 0
2854 1427 0 -146 146 0
2854 1427 0 -145 145 0
2854 1427 0 -144 144 0
2854 1427 0 -143 143 0
2854 1427 0 -142 142 0
2854 1427 0 -141 141 0
2854 1427 0 -140 140 0
2854 1427 0 -139 139 0
2854 1427 0 -138 138 0
2854 1427 0 -137 137 0
2854 1427 0 -136 136 0
2854 1427 0 -135 135 0
2854 1427 0 -134 134 0
2854 1427 0 -133 133 0
2854 1427 0 -132 132 0
2854 1427 0 -131 131 0
2854 1427 0 -130 130 0
2854 1427 0 -129 129 0
2854 1427 0 -128 128 0
2854 1427 0 -127 127 0
2854 1427 0 -126 126 0
2854 1427 0 -125 125 0
2854 1427 0 -124 124 0
2854 1427 0 -123 123 0
2854 1427 0 -122 122 0
2854 1427 0 -121 121 0
2854 1427 0 -120 120 0
2854 1427 0 -119 119 0
2854 1427 0 -118 118 0
2854 1427 0 -117 117 0
2854 1427 0 -116 116 0
2854 1427 0 -115 115 0
2854 1427 0 -114 114 0
2854 1427 0 -113 113 0
2854 1427 0 -112 112 0
2854 1427 0 -111 111 0
2854 1427 0 -110 110 0
2854 1427 0 -109 109 0
2854 1427 0 -108 108 0
2854 1427 0 -107 107 0
2854 1427 0 -106 106 0
2854 1427 0 -105 105 0
2854 1427 0 -104 104 0
2854 1427 0 -103 103 0
2854 1427 0 -102 102 0
2854 1427 0 -101 101 0
2854 1427 0 -100 100 0
2854 1427 0 -99 99 0
2854 1427 0 -98 98 0
2854 1427 0 -97 97 0
2854 1427 0 -96 96 0
2854 1427 0 -95 95 0
2854 1427 0 -94 94 0
2854 1427 0 -93 93 0
2854 1427 0 -92 92 0
2854 1427 0 -91 91 0
2854 1427 0 -90 90 0
2854 1427 0 -89 89 0
2854 1427 0 -88 88 0
2854 1427 0 -87 87 0
2854 1427 0 -86 86 0
2854 1427 0 -85 85 0
2854 1427 0 -84 84 0
2854 1427 0 -83 83 0
2854 1427 0 -82 82 0
2854 1427 0 -81 81 0
2854 1427 0 -80 80 0
2854 1427 0 -79 79 0
2854 1427 0 -78 78 0
2854 1427 0 -77 77 0
2854 1427 0 -76 76 0
2854 1427 0 -75 75 0
2854 1427 0 -74 74 0
2854 1427 0 -73 73 0
2854 1427 0 -72 72 0
2854 1427 0 -71 71 0
2854 1427 0 -70 70 0
2854 1427 0 -69 69 0
2854 1427 0 -68 68 0
2854 1427 0 -67 67 0
2854 1427 0 -66 66 0
2854 1427 0 -65 65 0
2854 1427 0 -64 64 0
2854 1427 0 -63 63 0
2854 1427 0 -62 62 0
2854 1427 0 -61 61 0
2854 1427 0 -60 60 0
2854 1427 0 -59 59 0
2854 1427 0 -58 58 0
2854 1427 0 -57 57 0
2854 1427 0 -56 56 0
2854 1427 0 -55 55 0
2854 1427 0 -54 54 0
2854 1427 0 -53 53 0
2854 1427 0 -52 52 0
2854 1427 0 -51 51 0
2854 1427 0 -50 50 0
2854 1427 0 -49 49 0
2854 1427 0 -48 48 0
2854 1427 0 -47 47 0
2854 1427 0 -46 46 0
2854 1427 0 -45 45 0
2854 1427 0 -44 44 0
2854 1427 0 -43 43 0
2854 1427 0 -42 42 0
2854 1427 0 -41 41 0
2854 1427 0 -40 40 0
2854 1427 0 -39 39 0
2854 1427 0 -38 38 0
2854 1427 0 -37 37 0
2854 1427 0 -36 36 0
2854 1427 0 -35 35 0
2854 1427 0 -34 34 0
2854 1427 0 -33 33 0
2854 1427 0 -32 32 0
2854 1427 0 -31 31 0
2854 1427 0 -30 30 0
2854 1427 0 -29 29 0
2854 1427 0 -28 28 0
2854 1427 0 -27 27 0
2854 1427 0 -26 26 0
2854 1427 0 -25 25 0
2854 1427 0 -24 24 0
2854 1427 0 -23 23 0
2854 1427 0 -22 22 0
2854 1427 0 -21 21 0
2854 1427 0 -20 20 0
2854 1427 0 -19 19 0
2854 1427 0 -18 18 0
2854 1427 0 -17 17 0
2854 1427 0 -16 16 0
2854 1427 0 -15 15 0
2854 1427 0 -14 14 0
2854 1427 0 -13 13 0
2854 1427 0 -12 12 0
2854 1427 0 -11 11 0
2854 1427 0 -10 10 0
2854 1427 0 -9 9 0
2854 1427 0 -8 8 0
2854 1427 0 -7 7 0
2854 1427 0 -6 6 0
2854 1427 0 -5 5 0
2854 1427 0 -4 4 0
2854 1427 0 -3 3 0
2854 1427 0 -2 2 0
2854 1427 0 -1 1 0
2854 1427 0 1 -1 0
2854 1427 0 2 -2 0
2854 1427 0 3 -3 0
2854 1427 0 4 -4 0
2854 1427 0 5 -5 0
2854 1427 0 6 -6 0
2854 1427 0 7 -7 0
2854 1427 0 8 -8 0
2854 1427 0 9 -9 0
2854 1427 0 10 -10 0
2854 1427 0 11 -11 0
2854 1427 0 12 -12 0
2854 1427 0 13 -13 0
2854 1427 0 14 -14 0
2854 1427 0 15 -15 0
2854 1427 0 16 -16 0
2854 1427 0 17 -17 0
2854 1427 0 18 -18 0
2854 1427 0 19 -19 0
2854 1427 0 20 -20 0
2854 1427 0 21 -21 0
2854 1427 0 22 -22 0
2854 1427 0 23 -23 0
2854 1427 0 24 -24 0
2854 1427 0 25 -25 0
2854 1427 0 26 -26 0
2854 1427 0 27 -27 0
2854 1427 0 28 -28 0
2854 1427 0 29 -29 0
2854 1427 0 30 -30 0
2854 1427 0 31 -31 0
2854 1427 0 32 -32 0
2854 1427 0 33 -33 0
2854 1427 0 34 -34 0
2854 1427 0 35 -35 0
2854 1427 0 36 -36 0
2854 1427 0 37 -37 0
2854 1427 0 38 -38 0
2854 1427 0 39 -39 0
2854 1427 0 40 -40 0
2854 1427 0 41 -41 0
2854 1427 0 42 -42 0
2854 1427 0 43 -43 0
2854 1427 0 44 -44 0
2854 1427 0 45 -45 0
2854 1427 0 46 -46 0
2854 1427 0 47 -47 0
2854 1427 0 48 -48 0
2854 1427 0 49 -49 0
2854 1427 0 50 -50 0
2854 1427 0 51 -51 0
2854 1427 0 52 -52 0
2854 1427 0 53 -53 0
2854 1427 0 54 -54 0
2854 1427 0 55 -55 0
2854 1427 0 56 -56 0
2854 1427 0 57 -57 0
2854 1427 0 58 -58 0
2854 1427 0 59 -59 0
2854 1427 0 60 -60 0
2854 1427 0 61 -61 0
2854 1427 0 62 -62 0
2854 1427 0 63 -63 0
2854 1427 0 64 -64 0
2854 1427 0 65 -65 0
2854 1427 0 66 -66 0
2854 1427 0 67 -67 0
2854 1427 0 68 -68 0
2854 1427 0 69 -69 0
2854 1427 0 70 -70 0
2854 1427 0 71 -71 0
2854 1427 0 72 -72 0
2854 1427 0 73 -73 0
2854 1427 0 74 -74 0
2854 1427 0 75 -75 0
2854 1427 0 76 -76 0
2854 1427 0 77 -77 0
2854 1427 0 78 -78 0
2854 1427 0 79 -79 0
2854 1427 0 80 -80 0
2854 1427 0 81 -81 0
2854 1427 0 82 -82 0
2854 1427 0 83 -83 0
2854 1427 0 84 -84 0
2854 1427 0 85 -85 0
2854 1427 0 86 -86 0
2854 1427 0 87 -87 0
2854 1427 0 88 -88 0
2854 1427 0 89 -89 0
2854 1427 0 90 -90 0
2854 1427 0 91 -91 0
2854 1427 0 92 -92 0
2854 1427 0 93 -93 0
2854 1427 0 94 -94 0
2854 1427 0 95 -95 0
2854 1427 0 96 -96 0
2854 1427 0 97 -97 0
2854 1427 0 98 -98 0
2854 1427 0 99 -99 0
2854 1427 0 100 -100 0
2854 1427 0 101 -101 0
2854 1427 0 102 -102 0
2854 1427 0 103 -103 0
2854 1427 0 104 -104 0
2854 1427 0 105 -105 0
2854 1427 0 106 -106 0
2854 1427 0 107 -107 0
2854 1427 0 108 -108 0
2854 1427 0 109 -109 0
2854 1427 0 110 -110 0
2854 1427 0 111 -111 0
2854 1427 0 112 -112 0
2854 1427 0 113 -113 0
2854 1427 0 114 -114 0
2854 1427 0 115 -115 0
2854 1427 0 116 -116 0
2854 1427 0 117 -117 0
2854 1427 0 118 -118 0
2854 1427 0 119 -119 0
2854 1427 0 120 -120 0
2854 1427 0 121 -121 0
2854 1427 0 122 -122 0
2854 1427 0 123 -123 0
2854 1427 0 124 -124 0
2854 1427 0 125 -125 0
2854 1427 0 126 -126 0
2854 1427 0 127 -127 0
2854 1427 0 128 -128 0
2854 1427 0 129 -129 0
2854 1427 0 130 -130 0
2854 1427 0 131 -131 0
2854 1427 0 132 -132 0
2854 1427 0 133 -133 0
2854 1427 0 134 -134 0
2854 1427 0 135 -135 0
2854 1427 0 136 -136 0
2854 1427 0 137 -137 0
2854 1427 0 138 -138 0
2854 1427 0 139 -139 0
2854 1427 0 140 -140 0
2854 1427 0 141 -141 0
2854 1427 0 142 -142 0
2854 1427 0 143 -143 0
2854 1427 0 144 -144 0
2854 1427 0 145 -145 0
2854 1427 0 146 -146 0
2854 1427 0 147 -147 0
2854 1427 0 148 -148 0
2854 1427 0 149 -149 0
2854 1427 0 150 -150 0
2856 1428 0 -150 150 0
2856 1428 0 -149 149 0
2856 1428 0 -148 148 0
2856 1428 0 -147 147 0
2856 1428 0 -146 146 0
2856 1428 0 -145 145 0
2856 1428 0 -144 144 0
2856 1428 0 -143 143 0
2856 1428 0 -142 142 0
2856 1428 0 -141 141 0
2856 1428 0 -140 140 0
2856 1428 0 -139 139 0
2856 1428 0 -138 138 0
2856 1428 0 -137 137 0
2856 1428 0 -136 136 0
2856 1428 0 -135 135 0
2856 1428 0 -134 134 0
2856 1428 0 -133 133 0
2856 1428 0 -132 132 0
2856 1428 0 -131 131 0
2856 1428 0 -130 130 0
2856 1428 0 -129 129 0
2856 1428 0 -128 128 0
2856 1428 0 -127 127 0
2856 1428 0 -126 126 0
2856 1428 0 -125 125 0
2856 1428 0 -124 124 0
2856 1428 0 -123 123 0
2856 1428 0 -122 122 0
2856 1428 0 -121 121 0
2856 1428 0 -120 120 0
2856 1428 0 -119 119 0
2856 1428 0 -118 118 0
2856 1428 0 -117 117 0
2856 1428 0 -116 116 0
2856 1428 0 -115 115 0
2856 1428 0 -114 114 0
2856 1428 0 -113 113 0
2856 1428 0 -112 112 0
2856 1428 0 -111 111 0
2856 1428 0 -110 110 0
2856 1428 0 -109 109 0
2856 1428 0 -108 108 0
2856 1428 0 -107 107 0
2856 1428 0 -106 106 0
2856 1428 0 -105 105 0
2856 1428 0 -104 104 0
2856 1428 0 -103 103 0
2856 1428 0 -102 102 0
2856 1428 0 -101 101 0
2856 1428 0 -100 100 0
2856 1428 0 -99 99 0
2856 1428 0 -98 98 0
2856 1428 0 -97 97 0
2856 1428 0 -96 96 0
2856 1428 0 -95 95 0
2856 1428 0 -94 94 0
2856 1428 0 -93 93 0
2856 1428 0 -92 92 0
2856 1428 0 -91 91 0
2856 1428 0 -90 90 0
2856 1428 0 -89 89 0
2856 1428 0 -88 88 0
2856 1428 0 -87 87 0
2856 1428 0 -86 86 0
2856 1428 0 -85 85 0
2856 1428 0 -84 84 0
2856 1428 0 -83 83 0
2856 1428 0 -82 82 0
2856 1428 0 -81 81 0
2856 1428 0 -80 80 0
2856 1428 0 -79 79 0
2856 1428 0 -78 78 0
2856 1428 0 -77 77 0
2856 1428 0 -76 76 0
2856 1428 0 -75 75 0
2856 1428 0 -74 74 0
2856 1428 0 -73 73 0
2856 1428 0 -72 72 0
2856 1428 0 -71 71 0
2856 1428 0 -70 70 0
2856 1428 0 -69 69 0
2856 1428 0 -68 68 0
2856 1428 0 -67 67 0
2856 1428 0 -66 66 0
2856 1428 0 -65 65 0
2856 1428 0 -64 64 0
2856 1428 0 -63 63 0
2856 1428 0 -62 62 0
2856 1428 0 -61 61 0
2856 1428 0 -60 60 0
2856 1428 0 -59 59 0
2856 1428 0 -58 58 0
2856 1428 0 -57 57 0
2856 1428 0 -56 56 0
2856 1428 0 -55 55 0
2856 1428 0 -54 54 0
2856 1428 0 -53 53 0
2856 1428 0 -52 52 0
2856 1428 0 -51 51 0
2856 1428 0 -50 50 0
2856 1428 0 -49 49 0
2856 1428 0 -48 48 0
2856 1428 0 -47 47 0
2856 1428 0 -46 46 0
2856 1428 0 -45 45 0
2856 1428 0 -44 44 0
2856 1428 0 -43 43 0
2856 1428 0 -42 42 0
2856 1428 0 -41 41 0
2856 1428 0 -40 40 0
2856 1428 0 -39 39 0
2856 1428 0 -38 38 0
2856 1428 0 -37 37 0
2856 1428 0 -36 36 0
2856 1428 0 -35 35 0
2856 1428 0 -34 34 0
2856 1428 0 -33 33 0
2856 1428 0 -32 32 0
2856 1428 0 -31 31 0
2856 1428 0 -30 30 0
2856 1428 0 -29 29 0
2856 1428 0 -28 28 0
2856 1428 0 -27 27 0
2856 1428 0 -26 26 0
2856 1428 0 -25 25 0
2856 1428 0 -24 24 0
2856 1428 0 -23 23 0
2856 1428 0 -22 22 0
2856 1428 0 -21 21 0
2856 1428 0 -20 20 0
2856 1428 0 -19 19 0
2856 1428 0 -18 18 0
2856 1428 0 -17 17 0
2856 1428 0 -16 16 0
2856 1428 0 -15 15 0
2856 1428 0 -14 14 0
2856 1428 0 -13 13 0
2856 1428 0 -12 12 0
2856 1428 0 -11 11 0
2856 1428 0 -10 10 0
2856 1428 0 -9 9 0
2856 1428 0 -8 8 0
2856 1428 0 -7 7 0
2856 1428 0 -6 6 0
2856 1428 0 -5 5 0
2856 1428 0 -4 4 0
2856 1428 0 -3 3 0
2856 1428 0 -2 2 0
2856 1428 0 -1 1 0
2856 1428 0 1 -1 0
2856 1428 0 2 -2 0
2856 1428 0 3 -3 0
2856 1428 0 4 -4 0
2856 1428 0 5 -5 0
2856 1428 0 6 -6 0
2856 1428 0 7 -7 0
2856 1428 0 8 -8 0
2856 1428 0 9 -9 0
2856 1428 0 10 -10 0
2856 1428 0 11 -11 0
2856 1428 0 12 -12 0
2856 1428 0 13 -13 0
2856 1428 0 14 -14 0
2856 1428 0 15 -15 0
2856 1428 0 16 -16 0
2856 1428 0 17 -17 0
2856 1428 0 18 -18 0
2856 1428 0 19 -19 0
2856 1428 0 20 -20 0
2856 1428 0 21 -21 0
2856 1428 0 22 -22 0
2856 1428 0 23 -23 0
2856 1428 0 24 -24 0
2856 1428 0 25 -25 0
2856 1428 0 26 -26 0
2856 1428 0 27 -27 0
2856 1428 0 28 -28 0
2856 1428 0 29 -29 0
2856 1428 0 30 -30 0
2856 1428 0 31 -31 0
2856 1428 0 32 -32 0
2856 1428 0 33 -33 0
2856 1428 0 34 -34 0
2856 1428 0 35 -35 0
2856 1428 0 36 -36 0
2856 1428 0 37 -37 0
2856 1428 0 38 -38 0
2856 1428 0 39 -39 0
2856 1428 0 40 -40 0
2856 1428 0 41 -41 0
2856 1428 0 42 -42 0
2856 1428 0 43 -43 0
2856 1428 0 44 -44 0
2856 1428 0 45 -45 0
2856 1428 0 46 -46 0
2856 1428 0 47 -47 0
2856 1428 0 48 -48 0
2856 1428 0 49 -49 0
2856 1428 0 50 -50 0
2856 1428 0 51 -51 0
2856 1428 0 52 -52 0
2856 1428 0 53 -53 0
2856 1428 0 54 -54 0
2856 1428 0 55 -55 0
2856 1428 0 56 -56 0
2856 1428 0 57 -57 0
2856 1428 0 58 -58 0
2856 1428 0 59 -59 0
2856 1428 0 60 -60 0
2856 1428 0 61 -61 0
2856 1428 0 62 -62 0
2856 1428 0 63 -63 0
2856 1428 0 64 -64 0
2856 1428 0 65 -65 0
2856 1428 0 66 -66 0
2856 1428 0 67 -67 0
2856 1428 0 68 -68 0
2856 1428 0 69 -69 0
2856 1428 0 70 -70 0
2856 1428 0 71 -71 0
2856 1428 0 72 -72 0
2856 1428 0 73 -73 0
2856 1428 0 74 -74 0
2856 1428 0 75 -75 0
2856 1428 0 76 -76 0
2856 1428 0 77 -77 0
2856 1428 0 78 -78 0
2856 1428 0 79 -79 0
2856 1428 0 80 -80 0
2856 1428 0 81 -81 0
2856 1428 0 82 -82 0
2856 1428 0 83 -83 0
2856 1428 0 84 -84 0
2856 1428 0 85 -85 0
2856 1428 0 86 -86 0
2856 1428 0 87 -87 0
2856 1428 0 88 -88 0
2856 1428 0 89 -89 0
2856 1428 0 90 -90 0
2856 1428 0 91 -91 0
2856 1428 0 92 -92 0
2856 1428 0 93 -93 0
2856 1428 0 94 -94 0
2856 1428 0 95 -95 0
2856 1428 0 96 -96 0
2856 1428 0 97 -97 0
2856 1428 0 98 -98 0
2856 1428 0 99 -99 0
2856 1428 0 100 -100 0
2856 1428 0 101 -101 0
2856 1428 0 102 -102 0
2856 1428 0 103 -103 0
2856 1428 0 104 -104 0
2856 1428 0 105 -105 0
2856 1428 0 106 -106 0
2856 1428 0 107 -107 0
2856 1428 0 108 -108 0
2856 1428 0 109 -109 0
2856 1428 0 110 -110 0
2856 1428 0 111 -111 0
2856 1428 0 112 -112 0
2856 1428 0 113 -113 0
2856 1428 0 114 -114 0
2856 1428 0 115 -115 0
2856 1428 0 116 -116 0
2856 1428 0 117 -117 0
2856 1428 0 118 -118 0
2856 1428 0 119 -119 0
2856 1428 0 120 -120 0
2856 1428 0 121 -121 0
2856 1428 0 122 -122 0
2856 1428 0 123 -123 0
2856 1428 0 124 -124 0
2856 1428 0 125 -125 0
2856 1428 0 126 -126 0
2856 1428 0 127 -127 0
2856 1428 0 128 -128 0
2856 1428 0 129 -129 0
2856 1428 0 130 -130 0
2856 1428 0 131 -131 0
2856 1428 0 132 -132 0
2856 1428 0 133 -133 0
2856 1428 0 134 -134 0
2856 1428 0 135 -135 0
2856 1428 0 136 -136 0
2856 1428 0 137 -137 0
2856 1428 0 138 -138 0
2856 1428 0 139 -139 0
2856 1428 0 140 -140 0
2856 1428 0 141 -141 0
2856 1428 0 142 -142 0
2856 1428 0 143 -143 0
2856 1428 0 144 -144 0
2856 1428 0 145 -145 0
2856 1428 0 146 -146 0
2856 1428 0 147 -147 0
2856 1428 0 148 -148 0
2856 1428 0 149 -149 0
2856 1428 0 150 -150 0
2858 1429 0 -150 150 0
2858 1429 0 -149 149 0
2858 1429 0 -148 148 0
2858 1429 0 -147 147 0
2858 1429 0 -146 146 0
2858 1429 0 -145 145 0
2858 1429 0 -144 144 0
2858 1429 0 -143 143 0
2858 1429 0 -142 142 0
2858 1429 0 -141 141 0
2858 1429 0 -140 140 0
2858 1429 0 -139 139 0
2858 1429 0 -138 138 0
2858 1429 0 -137 137 0
2858 1429 0 -136 136 0
2858 1429 0 -135 135 0
2858 1429 0 -134 134 0
2858 1429 0 -133 133 0
2858 1429 0 -132 132 0
2858 1429 0 -131 131 0
2858 1429 0 -130 130 0
2858 1429 0 -129 129 0
2858 1429 0 -128 128 0
2858 1429 0 -127 127 0
2858 1429 0 -126 126 0
2858 1429 0 -125 125 0
2858 1429 0 -124 124 0
2858 1429 0 -123 123 0
2858 1429 0 -122 122 0
2858 1429 0 -121 121 0
2858 1429 0 -120 120 0
2858 1429 0 -119 119 0
2858 1429 0 -118 118 0
2858 1429 0 -117 117 0
2858 1429 0 -116 116 0
2858 1429 0 -115 115 0
2858 1429 0 -114 114 0
2858 1429 0 -113 113 0
2858 1429 0 -112 112 0
2858 1429 0 -111 111 0
2858 1429 0 -110 110 0
2858 1429 0 -109 109 0
2858 1429 0 -108 108 0
2858 1429 0 -107 107 0
2858 1429 0 -106 106 0
2858 1429 0 -105 105 0
2858 1429 0 -104 104 0
2858 1429 0 -103 103 0
2858 1429 0 -102 102 0
2858 1429 0 -101 101 0
2858 1429 0 -100 100 0
2858 1429 0 -99 99 0
2858 1429 0 -98 98 0
2858 1429 0 -97 97 0
2858 1429 0 -96 96 0
2858 1429 0 -95 95 0
2858 1429 0 -94 94 0
2858 1429 0 -93 93 0
2858 1429 0 -92 92 0
2858 1429 0 -91 91 0
2858 1429 0 -90 90 0
2858 1429 0 -89 89 0
2858 1429 0 -88 88 0
2858 1429 0 -87 87 0
2858 1429 0 -86 86 0
2858 1429 0 -85 85 0
2858 1429 0 -84 84 0
2858 1429 0 -83 83 0
2858 1429 0 -82 82 0
2858 1429 0 -81 81 0
2858 1429 0 -80 80 0
2858 1429 0 -79 79 0
2858 1429 0 -78 78 0
2858 1429 0 -77 77 0
2858 1429 0 -76 76 0
2858 1429 0 -75 75 0
2858 1429 0 -74 74 0
2858 1429 0 -73 73 0
2858 1429 0 -72 72 0
2858 1429 0 -71 71 0
2858 1429 0 -70 70 0
2858 1429 0 -69 69 0
2858 1429 0 -68 68 0
2858 1429 0 -67 67 0
2858 1429 0 -66 66 0
2858 1429 0 -65 65 0
2858 1429 0 -64 64 0
2858 1429 0 -63 63 0
2858 1429 0 -62 62 0
2858 1429 0 -61 61 0
2858 1429 0 -60 60 0
2858 1429 0 -59 59 0
2858 1429 0 -58 58 0
2858 1429 0 -57 57 0
2858 1429 0 -56 56 0
2858 1429 0 -55 55 0
2858 1429 0 -54 54 0
2858 1429 0 -53 53 0
2858 1429 0 -52 52 0
2858 1429 0 -51 51 0
2858 1429 0 -50 50 0
2858 1429 0 -49 49 0
2858 1429 0 -48 48 0
2858 1429 0 -47 47 0
2858 1429 0 -46 46 0
2858 1429 0 -45 45 0
2858 1429 0 -44 44 0
2858 1429 0 -43 43 0
2858 1429 0 -42 42 0
2858 1429 0 -41 41 0
2858 1429 0 -40 40 0
2858 1429 0 -39 39 0
2858 1429 0 -38 38 0
2858 1429 0 -37 37 0
2858 1429 0 -36 36 0
2858 1429 0 -35 35 0
2858 1429 0 -34 34 0
2858 1429 0 -33 33 0
2858 1429 0 -32 32 0
2858 1429 0 -31 31 0
2858 1429 0 -30 30 0
2858 1429 0 -29 29 0
2858 1429 0 -28 28 0
2858 1429 0 -27 27 0
2858 1429 0 -26 26 0
2858 1429 0 -25 25 0
2858 1429 0 -24 24 0
2858 1429 0 -23 23 0
2858 1429 0 -22 22 0
2858 1429 0 -21 21 0
2858 1429 0 -20 20 0
2858 1429 0 -19 19 0
2858 1429 0 -18 18 0
2858 1429 0 -17 17 0
2858 1429 0 -16 16 0
2858 1429 0 -15 15 0
2858 1429 0 -14 14 0
2858 1429 0 -13 13 0
2858 1429 0 -12 12 0
2858 1429 0 -11 11 0
2858 1429 0 -10 10 0
2858 1429 0 -9 9 0
2858 1429 0 -8 8 0
2858 1429 0 -7 7 0
2858 1429 0 -6 6 0
2858 1429 0 -5 5 0
2858 1429 0 -4 4 0
2858 1429 0 -3 3 0
2858 1429 0 -2 2 0
2858 1429 0 -1 1 0
2858 1429 0 1 -1 0
2858 1429 0 2 -2 0
2858 1429 0 3 -3 0
2858 1429 0 4 -4 0
2858 1429 0 5 -5 0
2858 1429 0 6 -6 0
2858 1429 0 7 -7 0
2858 1429 0 8 -8 0
2858 1429 0 9 -9 0
2858 1429 0 10 -10 0
2858 1429 0 11 -11 0
2858 1429 0 12 -12 0
2858 1429 0 13 -13 0
2858 1429 0 14 -14 0
2858 1429 0 15 -15 0
2858 1429 0 16 -16 0
2858 1429 0 17 -17 0
2858 1429 0 18 -18 0
2858 1429 0 19 -19 0
2858 1429 0 20 -20 0
2858 1429 0 21 -21 0
2858 1429 0 22 -22 0
2858 1429 0 23 -23 0
2858 1429 0 24 -24 0
2858 1429 0 25 -25 0
2858 1429 0 26 -26 0
2858 1429 0 27 -27 0
2858 1429 0 28 -28 0
2858 1429 0 29 -29 0
2858 1429 0 30 -30 0
2858 1429 0 31 -31 0
2858 1429 0 32 -32 0
2858 1429 0 33 -33 0
2858 1429 0 34 -34 0
2858 1429 0 35 -35 0
2858 1429 0 36 -36 0
2858 1429 0 37 -37 0
2858 1429 0 38 -38 0
2858 1429 0 39 -39 0
2858 1429 0 40 -40 0
2858 1429 0 41 -41 0
2858 1429 0 42 -42 0
2858 1429 0 43 -43 0
2858 1429 0 44 -44 0
2858 1429 0 45 -45 0
2858 1429 0 46 -46 0
2858 1429 0 47 -47 0
2858 1429 0 48 -48 0
2858 1429 0 49 -49 0
2858 1429 0 50 -50 0
2858 1429 0 51 -51 0
2858 1429 0 52 -52 0
2858 1429 0 53 -53 0
2858 1429 0 54 -54 0
2858 1429 0 55 -55 0
2858 1429 0 56 -56 0
2858 1429 0 57 -57 0
2858 1429 0 58 -58 0
2858 1429 0 59 -59 0
2858 1429 0 60 -60 0
2858 1429 0 61 -61 0
2858 1429 0 62 -62 0
2858 1429 0 63 -63 0
2858 1429 0 64 -64 0
2858 1429 0 65 -65 0
2858 1429 0 66 -66 0
2858 1429 0 67 -67 0
2858 1429 0 68 -68 0
2858 1429 0 69 -69 0
2858 1429 0 70 -70 0
2858 1429 0 71 -71 0
2858 1429 0 72 -72 0
2858 1429 0 73 -73 0
2858 1429 0 74 -74 0
2858 1429 0 75 -75 0
2858 1429 0 76 -76 0
2858 1429 0 77 -77 0
2858 1429 0 78 -78 0
2858 1429 0 79 -79 0
2858 1429 0 80 -80 0
2858 1429 0 81 -81 0
2858 1429 0 82 -82 0
2858 1429 0 83 -83 0
2858 1429 0 84 -84 0
2858 1429 0 85 -85 0
2858 1429 0 86 -86 0
2858 1429 0 87 -87 0
2858 1429 0 88 -88 0
2858 1429 0 89 -89 0
2858 1429 0 90 -90 0
2858 1429 0 91 -91 0
2858 1429 0 92 -92 0
2858 1429 0 93 -93 0
2858 1429 0 94 -94 0
2858 1429 0 95 -95 0
2858 1429 0 96 -96 0
2858 1429 0 97 -97 0
2858 1429 0 98 -98 0
2858 1429 0 99 -99 0
2858 1429 0 100 -100 0
2858 1429 0 101 -101 0
2858 1429 0 102 -102 0
2858 1429 0 103 -103 0
2858 1429 0 104 -104 0
2858 1429 0 105 -105 0
2858 1429 0 106 -106 0
2858 1429 0 107 -107 0
2858 1429 0 108 -108 0
2858 1429 0 109 -109 0
2858 1429 0 110 -110 0
2858 1429 0 111 -111 0
2858 1429 0 112 -112 0
2858 1429 0 113 -113 0
2858 1429 0 114 -114 0
2858 1429 0 115 -115 0
2858 1429 0 116 -116 0
2858 1429 0 117 -117 0
2858 1429 0 118 -118 0
2858 1429 0 119 -119 0
2858 1429 0 120 -120 0
2858 1429 0 121 -121 0
2858 1429 0 122 -122 0
2858 1429 0 123 -123 0
2858 1429 0 124 -124 0
2858 1429 0 125 -125 0
2858 1429 0 126 -126 0
2858 1429 0 127 -127 0
2858 1429 0 128 -128 0
2858 1429 0 129 -129 0
2858 1429 0 130 -130 0
2858 1429 0 131 -131 0
2858 1429 0 132 -132 0
2858 1429 0 133 -133 0
2858 1429 0 134 -134 0
2858 1429 0 135 -135 0
2858 1429 0 136 -136 0
2858 1429 0 137 -137 0
2858 1429 0 138 -138 0
2858 1429 0 139 -139 0
2858 1429 0 140 -140 0
2858 1429 0 141 -141 0
2858 1429 0 142 -142 0
2858 1429 0 143 -143 0
2858 1429 0 144 -144 0
2858 1429 0 145 -145 0
2858 1429 0 146 -146 0
2858 1429 0 147 -147 0
2858 1429 0 148 -148 0
2858 1429 0 149 -149 0
2858 1429 0 150 -150 0
2860 1430 0 -150 150 0
2860 1430 0 -149 149 0
2860 1430 0 -148 148 0
2860 1430 0 -147 147 0
2860 1430 0 -146 146 0
2860 1430 0 -145 145 0
2860 1430 0 -144 144 0
2860 1430 0 -143 143 0
2860 1430 0 -142 142 0
2860 1430 0 -141 141 0
2860 1430 0 -140 140 0
2860 1430 0 -139 139 0
2860 1430 0 -138 138 0
2860 1430 0 -137 137 0
2860 1430 0 -136 136 0
2860 1430 0 -135 135 0
2860 1430 0 -134 134 0
2860 1430 0 -133 133 0
2860 1430 0 -132 132 0
2860 1430 0 -131 131 0
2860 1430 0 -130 130 0
2860 1430 0 -129 129 0
2860 1430 0 -128 128 0
2860 1430 0 -127 127 0
2860 1430 0 -126 126 0
2860 1430 0 -125 125 0
2860 1430 0 -124 124 0
2860 1430 0 -123 123 0
2860 1430 0 -122 122 0
2860 1430 0 -121 121 0
2860 1430 0 -120 120 0
2860 1430 0 -119 119 0
2860 1430 0 -118 118 0
2860 1430 0 -117 117 0
2860 1430 0 -116 116 0
2860 1430 0 -115 115 0
2860 1430 0 -114 114 0
2860 1430 0 -113 113 0
2860 1430 0 -112 112 0
2860 1430 0 -111 111 0
2860 1430 0 -110 110 0
2860 1430 0 -109 109 0
2860 1430 0 -108 108 0
2860 1430 0 -107 107 0
2860 1430 0 -106 106 0
2860 1430 0 -105 105 0
2860 1430 0 -104 104 0
2860 1430 0 -103 103 0
2860 1430 0 -102 102 0
2860 1430 0 -101 101 0
2860 1430 0 -100 100 0
2860 1430 0 -99 99 0
2860 1430 0 -98 98 0
2860 1430 0 -97 97 0
2860 1430 0 -96 96 0
2860 1430 0 -95 95 0
2860 1430 0 -94 94 0
2860 1430 0 -93 93 0
2860 1430 0 -92 92 0
2860 1430 0 -91 91 0
2860 1430 0 -90 90 0
2860 1430 0 -89 89 0
2860 1430 0 -88 88 0
2860 1430 0 -87 87 0
2860 1430 0 -86 86 0
2860 1430 0 -85 85 0
2860 1430 0 -84 84 0
2860 1430 0 -83 83 0
2860 1430 0 -82 82 0
2860 1430 0 -81 81 0
2860 1430 0 -80 80 0
2860 1430 0 -79 79 0
2860 1430 0 -78 78 0
2860 1430 0 -77 77 0
2860 1430 0 -76 76 0
2860 1430 0 -75 75 0
2860 1430 0 -74 74 0
2860 1430 0 -73 73 0
2860 1430 0 -72 72 0
2860 1430 0 -71 71 0
2860 1430 0 -70 70 0
2860 1430 0 -69 69 0
2860 1430 0 -68 68 0
2860 1430 0 -67 67 0
2860 1430 0 -66 66 0
2860 1430 0 -65 65 0
2860 1430 0 -64 64 0
2860 1430 0 -63 63 0
2860 1430 0 -62 62 0
2860 1430 0 -61 61 0
2860 1430 0 -60 60 0
2860 1430 0 -59 59 0
2860 1430 0 -58 58 0
2860 1430 0 -57 57 0
2860 1430 0 -56 56 0
2860 1430 0 -55 55 0
2860 1430 0 -54 54 0
2860 1430 0 -53 53 0
2860 1430 0 -52 52 0
2860 1430 0 -51 51 0
2860 1430 0 -50 50 0
2860 1430 0 -49 49 0
2860 1430 0 -48 48 0
2860 1430 0 -47 47 0
2860 1430 0 -46 46 0
2860 1430 0 -45 45 0
2860 1430 0 -44 44 0
2860 1430 0 -43 43 0
2860 1430 0 -42 42 0
2860 1430 0 -41 41 0
2860 1430 0 -40 40 0
2860 1430 0 -39 39 0
2860 1430 0 -38 38 0
2860 1430 0 -37 37 0
2860 1430 0 -36 36 0
2860 1430 0 -35 35 0
2860 1430 0 -34 34 0
2860 1430 0 -33 33 0
2860 1430 0 -32 32 0
2860 1430 0 -31 31 0
2860 1430 0 -30 30 0
2860 1430 0 -29 29 0
2860 1430 0 -28 28 0
2860 1430 0 -27 27 0
2860 1430 0 -26 26 0
2860 1430 0 -25 25 0
2860 1430 0 -24 24 0
2860 1430 0 -23 23 0
2860 1430 0 -22 22 0
2860 1430 0 -21 21 0
2860 1430 0 -20 20 0
2860 1430 0 -19 19 0
2860 1430 0 -18 18 0
2860 1430 0 -17 17 0
2860 1430 0 -16 16 0
2860 1430 0 -15 15 0
2860 1430 0 -14 14 0
2860 1430 0 -13 13 0
2860 1430 0 -12 12 0
2860 1430 0 -11 11 0
2860 1430 0 -10 10 0
2860 1430 0 -9 9 0
2860 1430 0 -8 8 0
2860 1430 0 -7 7 0
2860 1430 0 -6 6 0
2860 1430 0 -5 5 0
2860 1430 0 -4 4 0
2860 1430 0 -3 3 0
2860 1430 0 -2 2 0
2860 1430 0 -1 1 0
2860 1430 0 1 -1 0
2860 1430 0 2 -2 0
2860 1430 0 3 -3 0
2860 1430 0 4 -4 0
2860 1430 0 5 -5 0
2860 1430 0 6 -6 0
2860 1430 0 7 -7 0
2860 1430 0 8 -8 0
2860 1430 0 9 -9 0
2860 1430 0 10 -10 0
2860 1430 0 11 -11 0
2860 1430 0 12 -12 0
2860 1430 0 13 -13 0
2860 1430 0 14 -14 0
2860 1430 0 15 -15 0
2860 1430 0 16 -16 0
2860 1430 0 17 -17 0
2860 1430 0 18 -18 0
2860 1430 0 19 -19 0
2860 1430 0 20 -20 0
2860 1430 0 21 -21 0
2860 1430 0 22 -22 0
2860 1430 0 23 -23 0
2860 1430 0 24 -24 0
2860 1430 0 25 -25 0
2860 1430 0 26 -26 0
2860 1430 0 27 -27 0
2860 1430 0 28 -28 0
2860 1430 0 29 -29 0
2860 1430 0 30 -30 0
2860 1430 0 31 -31 0
2860 1430 0 32 -32 0
2860 1430 0 33 -33 0
2860 1430 0 34 -34 0
2860 1430 0 35 -35 0
2860 1430 0 36 -36 0
2860 1430 0 37 -37 0
2860 1430 0 38 -38 0
2860 1430 0 39 -39 0
2860 1430 0 40 -40 0
2860 1430 0 41 -41 0
2860 1430 0 42 -42 0
2860 1430 0 43 -43 0
2860 1430 0 44 -44 0
2860 1430 0 45 -45 0
2860 1430 0 46 -46 0
2860 1430 0 47 -47 0
2860 1430 0 48 -48 0
2860 1430 0 49 -49 0
2860 1430 0 50 -50 0
2860 1430 0 51 -51 0
2860 1430 0 52 -52 0
2860 1430 0 53 -53 0
2860 1430 0 54 -54 0
2860 1430 0 55 -55 0
2860 1430 0 56 -56 0
2860 1430 0 57 -57 0
2860 1430 0 58 -58 0
2860 1430 0 59 -59 0
2860 1430 0 60 -60 0
2860 1430 0 61 -61 0
2860 1430 0 62 -62 0
2860 1430 0 63 -63 0
2860 1430 0 64 -64 0
2860 1430 0 65 -65 0
2860 1430 0 66 -66 0
2860 1430 0 67 -67 0
2860 1430 0 68 -68 0
2860 1430 0 69 -69 0
2860 1430 0 70 -70 0
2860 1430 0 71 -71 0
2860 1430 0 72 -72 0
2860 1430 0 73 -73 0
2860 1430 0 74 -74 0
2860 1430 0 75 -75 0
2860 1430 0 76 -76 0
2860 1430 0 77 -77 0
2860 1430 0 78 -78 0
2860 1430 0 79 -79 0
2860 1430 0 80 -80 0
2860 1430 0 81 -81 0
2860 1430 0 82 -82 0
2860 1430 0 83 -83 0
2860 1430 0 84 -84 0
2860 1430 0 85 -85 0
2860 1430 0 86 -86 0
2860 1430 0 87 -87 0
2860 1430 0 88 -88 0
2860 1430 0 89 -89 0
2860 1430 0 90 -90 0
2860 1430 0 91 -91 0
2860 1430 0 92 -92 0
2860 1430 0 93 -93 0
2860 1430 0 94 -94 0
2860 1430 0 95 -95 0
2860 1430 0 96 -96 0
2860 1430 0 97 -97 0
2860 1430 0 98 -98 0
2860 1430 0 99 -99 0
2860 1430 0 100 -100 0
2860 1430 0 101 -101 0
2860 1430 0 102 -102 0
2860 1430 0 103 -103 0
2860 1430 0 104 -104 0
2860 1430 0 105 -105 0
2860 1430 0 106 -106 0
2860 1430 0 107 -107 0
2860 1430 0 108 -108 0
2860 1430 0 109 -109 0
2860 1430 0 110 -110 0
2860 1430 0 111 -111 0
2860 1430 0 112 -112 0
2860 1430 0 113 -113 0
2860 1430 0 114 -114 0
2860 1430 0 115 -115 0
2860 1430 0 116 -116 0
2860 1430 0 117 -117 0
2860 1430 0 118 -118 0
2860 1430 0 119 -119 0
2860 1430 0 120 -120 0
2860 1430 0 121 -121 0
2860 1430 0 122 -122 0
2860 1430 0 123 -123 0
2860 1430 0 124 -124 0
2860 1430 0 125 -125 0
2860 1430 0 126 -126 0
2860 1430 0 127 -127 0
2860 1430 0 128 -128 0
2860 1430 0 129 -129 0
2860 1430 0 130 -130 0
2860 1430 0 131 -131 0
2860 1430 0 132 -132 0
2860 1430 0 133 -133 0
2860 1430 0 134 -134 0
2860 1430 0 135 -135 0
2860 1430 0 136 -136 0
2860 1430 0 137 -137 0
2860 1430 0 138 -138 0
2860 1430 0 139 -139 0
2860 1430 0 140 -140 0
2860 1430 0 141 -141 0
2860 1430 0 142 -142 0
2860 1430 0 143 -143 0
2860 1430 0 144 -144 0
2860 1430 0 145 -145 0
2860 1430 0 146 -146 0
2860 1430 0 147 -147 0
2860 1430 0 148 -148 0
2860 1430 0 149 -149 0
2860 1430 0 150 -150 0
2862 1431 0 -150 150 0
2862 1431 0 -149 149 0
2862 1431 0 -148 148 0
2862 1431 0 -147 147 0
2862 1431 0 -146 146 0
2862 1431 0 -145 145 0
2862 1431 0 -144 144 0
2862 1431 0 -143 143 0
2862 1431 0 -142 142 0
2862 1431 0 -141 141 0
2862 1431 0 -140 140 0
2862 1431 0 -139 139 0
2862 1431 0 -138 138 0
2862 1431 0 -137 137 0
2862 1431 0 -136 136 0
2862 1431 0 -135 135 0
2862 1431 0 -134 134 0
2862 1431 0 -133 133 0
2862 1431 0 -132 132 0
2862 1431 0 -131 131 0
2862 1431 0 -130 130 0
2862 1431 0 -129 129 0
2862 1431 0 -128 128 0
2862 1431 0 -127 127 0
2862 1431 0 -126 126 0
2862 1431 0 -125 125 0
2862 1431 0 -124 124 0
2862 1431 0 -123 123 0
2862 1431 0 -122 122 0
2862 1431 0 -121 121 0
2862 1431 0 -120 120 0
2862 1431 0 -119 119 0
2862 1431 0 -118 118 0
2862 1431 0 -117 117 0
2862 1431 0 -116 116 0
2862 1431 0 -115 115 0
2862 1431 0 -114 114 0
2862 1431 0 -113 113 0
2862 1431 0 -112 112 0
2862 1431 0 -111 111 0
2862 1431 0 -110 110 0
2862 1431 0 -109 109 0
2862 1431 0 -108 108 0
2862 1431 0 -107 107 0
2862 1431 0 -106 106 0
2862 1431 0 -105 105 0
2862 1431 0 -104 104 0
2862 1431 0 -103 103 0
2862 1431 0 -102 102 0
2862 1431 0 -101 101 0
2862 1431 0 -100 100 0
2862 1431 0 -99 99 0
2862 1431 0 -98 98 0
2862 1431 0 -97 97 0
2862 1431 0 -96 96 0
2862 1431 0 -95 95 0
2862 1431 0 -94 94 0
2862 1431 0 -93 93 0
2862 1431 0 -92 92 0
2862 1431 0 -91 91 0
2862 1431 0 -90 90 0
2862 1431 0 -89 89 0
2862 1431 0 -88 88 0
2862 1431 0 -87 87 0
2862 1431 0 -86 86 0
2862 1431 0 -85 85 0
2862 1431 0 -84 84 0
2862 1431 0 -83 83 0
2862 1431 0 -82 82 0
2862 1431 0 -81 81 0
2862 1431 0 -80 80 0
2862 1431 0 -79 79 0
2862 1431 0 -78 78 0
2862 1431 0 -77 77 0
2862 1431 0 -76 76 0
2862 1431 0 -75 75 0
2862 1431 0 -74 74 0
2862 1431 0 -73 73 0
2862 1431 0 -72 72 0
2862 1431 0 -71 71 0
2862 1431 0 -70 70 0
2862 1431 0 -69 69 0
2862 1431 0 -68 68 0
2862 1431 0 -67 67 0
2862 1431 0 -66 66 0
2862 1431 0 -65 65 0
2862 1431 0 -64 64 0
2862 1431 0 -63 63 0
2862 1431 0 -62 62 0
2862 1431 0 -61 61 0
2862 1431 0 -60 60 0
2862 1431 0 -59 59 0
2862 1431 0 -58 58 0
2862 1431 0 -57 57 0
2862 1431 0 -56 56 0
2862 1431 0 -55 55 0
2862 1431 0 -54 54 0
2862 1431 0 -53 53 0
2862 1431 0 -52 52 0
2862 1431 0 -51 51 0
2862 1431 0 -50 50 0
2862 1431 0 -49 49 0
2862 1431 0 -48 48 0
2862 1431 0 -47 47 0
2862 1431 0 -46 46 0
2862 1431 0 -45 45 0
2862 1431 0 -44 44 0
2862 1431 0 -43 43 0
2862 1431 0 -42 42 0
2862 1431 0 -41 41 0
2862 1431 0 -40 40 0
2862 1431 0 -39 39 0
2862 1431 0 -38 38 0
2862 1431 0 -37 37 0
2862 1431 0 -36 36 0
2862 1431 0 -35 35 0
2862 1431 0 -34 34 0
2862 1431 0 -33 33 0
2862 1431 0 -32 32 0
2862 1431 0 -31 31 0
2862 1431 0 -30 30 0
2862 1431 0 -29 29 0
2862 1431 0 -28 28 0
2862 1431 0 -27 27 0
2862 1431 0 -26 26 0
2862 1431 0 -25 25 0
2862 1431 0 -24 24 0
2862 1431 0 -23 23 0
2862 1431 0 -22 22 0
2862 1431 0 -21 21 0
2862 1431 0 -20 20 0
2862 1431 0 -19 19 0
2862 1431 0 -18 18 0
2862 1431 0 -17 17 0
2862 1431 0 -16 16 0
2862 1431 0 -15 15 0
2862 1431 0 -14 14 0
2862 1431 0 -13 13 0
2862 1431 0 -12 12 0
2862 1431 0 -11 11 0
2862 1431 0 -10 10 0
2862 1431 0 -9 9 0
2862 1431 0 -8 8 0
2862 1431 0 -7 7 0
2862 1431 0 -6 6 0
2862 1431 0 -5 5 0
2862 1431 0 -4 4 0
2862 1431 0 -3 3 0
2862 1431 0 -2 2 0
2862 1431 0 -1 1 0
2862 1431 0 1 -1 0
2862 1431 0 2 -2 0
2862 1431 0 3 -3 0
2862 1431 0 4 -4 0
2862 1431 0 5 -5 0
2862 1431 0 6 -6 0
2862 1431 0 7 -7 0
2862 1431 0 8 -8 0
2862 1431 0 9 -9 0
2862 1431 0 10 -10 0
2862 1431 0 11 -11 0
2862 1431 0 12 -12 0
2862 1431 0 13 -13 0
2862 1431 0 14 -14 0
2862 1431 0 15 -15 0
2862 1431 0 16 -16 0
2862 1431 0 17 -17 0
2862 1431 0 18 -18 0
2862 1431 0 19 -19 0
2862 1431 0 20 -20 0
2862 1431 0 21 -21 0
2862 1431 0 22 -22 0
2862 1431 0 23 -23 0
2862 1431 0 24 -24 0
2862 1431 0 25 -25 0
2862 1431 0 26 -26 0
2862 1431 0 27 -27 0
2862 1431 0 28 -28 0
2862 1431 0 29 -29 0
2862 1431 0 30 -30 0
2862 1431 0 31 -31 0
2862 1431 0 32 -32 0
2862 1431 0 33 -33 0
2862 1431 0 34 -34 0
2862 1431 0 35 -35 0
2862 1431 0 36 -36 0
2862 1431 0 37 -37 0
2862 1431 0 38 -38 0
2862 1431 0 39 -39 0
2862 1431 0 40 -40 0
2862 1431 0 41 -41 0
2862 1431 0 42 -42 0
2862 1431 0 43 -43 0
2862 1431 0 44 -44 0
2862 1431 0 45 -45 0
2862 1431 0 46 -46 0
2862 1431 0 47 -47 0
2862 1431 0 48 -48 0
2862 1431 0 49 -49 0
2862 1431 0 50 -50 0
2862 1431 0 51 -51 0
2862 1431 0 52 -52 0
2862 1431 0 53 -53 0
2862 1431 0 54 -54 0
2862 1431 0 55 -55 0
2862 1431 0 56 -56 0
2862 1431 0 57 -57 0
2862 1431 0 58 -58 0
2862 1431 0 59 -59 0
2862 1431 0 60 -60 0
2862 1431 0 61 -61 0
2862 1431 0 62 -62 0
2862 1431 0 63 -63 0
2862 1431 0 64 -64 0
2862 1431 0 65 -65 0
2862 1431 0 66 -66 0
2862 1431 0 67 -67 0
2862 1431 0 68 -68 0
2862 1431 0 69 -69 0
2862 1431 0 70 -70 0
2862 1431 0 71 -71 0
2862 1431 0 72 -72 0
2862 1431 0 73 -73 0
2862 1431 0 74 -74 0
2862 1431 0 75 -75 0
2862 1431 0 76 -76 0
2862 1431 0 77 -77 0
2862 1431 0 78 -78 0
2862 1431 0 79 -79 0
2862 1431 0 80 -80 0
2862 1431 0 81 -81 0
2862 1431 0 82 -82 0
2862 1431 0 83 -83 0
2862 1431 0 84 -84 0
2862 1431 0 85 -85 0
2862 1431 0 86 -86 0
2862 1431 0 87 -87 0
2862 1431 0 88 -88 0
2862 1431 0 89 -89 0
2862 1431 0 90 -90 0
2862 1431 0 91 -91 0
2862 1431 0 92 -92 0
2862 1431 0 93 -93 0
2862 1431 0 94 -94 0
2862 1431 0 95 -95 0
2862 1431 0 96 -96 0
2862 1431 0 97 -97 0
2862 1431 0 98 -98 0
2862 1431 0 99 -99 0
2862 1431 0 100 -100 0
2862 1431 0 101 -101 0
2862 1431 0 102 -102 0
2862 1431 0 103 -103 0
2862 1431 0 104 -104 0
2862 1431 0 105 -105 0
2862 1431 0 106 -106 0
2862 1431 0 107 -107 0
2862 1431 0 108 -108 0
2862 1431 0 109 -109 0
2862 1431 0 110 -110 0
2862 1431 0 111 -111 0
2862 1431 0 112 -112 0
2862 1431 0 113 -113 0
2862 1431 0 114 -114 0
2862 1431 0 115 -115 0
2862 1431 0 116 -116 0
2862 1431 0 117 -117 0
2862 1431 0 118 -118 0
2862 1431 0 119 -119 0
2862 1431 0 120 -120 0
2862 1431 0 121 -121 0
2862 1431 0 122 -122 0
2862 1431 0 123 -123 0
2862 1431 0 124 -124 0
2862 1431 0 125 -125 0
2862 1431 0 126 -126 0
2862 1431 0 127 -127 0
2862 1431 0 128 -128 0
2862 1431 0 129 -129 0
2862 1431 0 130 -130 0
2862 1431 0 131 -131 0
2862 1431 0 132 -132 0
2862 1431 0 133 -133 0
2862 1431 0 134 -134 0
2862 1431 0 135 -135 0
2862 1431 0 136 -136 0
2862 1431 0 137 -137 0
2862 1431 0 138 -138 0
2862 1431 0 139 -139 0
2862 1431 0 140 -140 0
2862 1431 0 141 -141 0
2862 1431 0 142 -142 0
2862 1431 0 143 -143 0
2862 1431 0 144 -144 0
2862 1431 0 145 -145 0
2862 1431 0 146 -146 0
2862 1431 0 147 -147 0
2862 1431 0 148 -148 0
2862 1431 0 149 -149 0
2862 1431 0 150 -150 0
2864 1432 0 -150 150 0
2864 1432 0 -149 149 0
2864 1432 0 -148 148 0
2864 1432 0 -147 147 0
2864 1432 0 -146 146 0
2864 1432 0 -145 145 0
2864 1432 0 -144 144 0
2864 1432 0 -143 143 0
2864 1432 0 -142 142 0
2864 1432 0 -141 141 0
2864 1432 0 -140 140 0
2864 1432 0 -139 139 0
2864 1432 0 -138 138 0
2864 1432 0 -137 137 0
2864 1432 0 -136 136 0
2864 1432 0 -135 135 0
2864 1432 0 -134 134 0
2864 1432 0 -133 133 0
2864 1432 0 -132 132 0
2864 1432 0 -131 131 0
2864 1432 0 -130 130 0
2864 1432 0 -129 129 0
2864 1432 0 -128 128 0
2864 1432 0 -127 127 0
2864 1432 0 -126 126 0
2864 1432 0 -125 125 0
2864 1432 0 -124 124 0
2864 1432 0 -123 123 0
2864 1432 0 -122 122 0
2864 1432 0 -121 121 0
2864 1432 0 -120 120 0
2864 1432 0 -119 119 0
2864 1432 0 -118 118 0
2864 1432 0 -117 117 0
2864 1432 0 -116 116 0
2864 1432 0 -115 115 0
2864 1432 0 -114 114 0
2864 1432 0 -113 113 0
2864 1432 0 -112 112 0
2864 1432 0 -111 111 0
2864 1432 0 -110 110 0
2864 1432 0 -109 109 0
2864 1432 0 -108 108 0
2864 1432 0 -107 107 0
2864 1432 0 -106 106 0
2864 1432 0 -105 105 0
2864 1432 0 -104 104 0
2864 1432 0 -103 103 0
2864 1432 0 -102 102 0
2864 1432 0 -101 101 0
2864 1432 0 -100 100 0
2864 1432 0 -99 99 0
2864 1432 0 -98 98 0
2864 1432 0 -97 97 0
2864 1432 0 -96 96 0
2864 1432 0 -95 95 0
2864 1432 0 -94 94 0
2864 1432 0 -93 93 0
2864 1432 0 -92 92 0
2864 1432 0 -91 91 0
2864 1432 0 -90 90 0
2864 1432 0 -89 89 0
2864 1432 0 -88 88 0
2864 1432 0 -87 87 0
2864 1432 0 -86 86 0
2864 1432 0 -85 85 0
2864 1432 0 -84 84 0
2864 1432 0 -83 83 0
2864 1432 0 -82 82 0
2864 1432 0 -81 81 0
2864 1432 0 -80 80 0
2864 1432 0 -79 79 0
2864 1432 0 -78 78 0
2864 1432 0 -77 77 0
2864 1432 0 -76 76 0
2864 1432 0 -75 75 0
2864 1432 0 -74 74 0
2864 1432 0 -73 73 0
2864 1432 0 -72 72 0
2864 1432 0 -71 71 0
2864 1432 0 -70 70 0
2864 1432 0 -69 69 0
2864 1432 0 -68 68 0
2864 1432 0 -67 67 0
2864 1432 0 -66 66 0
2864 1432 0 -65 65 0
2864 1432 0 -64 64 0
2864 1432 0 -63 63 0
2864 1432 0 -62 62 0
2864 1432 0 -61 61 0
2864 1432 0 -60 60 0
2864 1432 0 -59 59 0
2864 1432 0 -58 58 0
2864 1432 0 -57 57 0
2864 1432 0 -56 56 0
2864 1432 0 -55 55 0
2864 1432 0 -54 54 0
2864 1432 0 -53 53 0
2864 1432 0 -52 52 0
2864 1432 0 -51 51 0
2864 1432 0 -50 50 0
2864 1432 0 -49 49 0
2864 1432 0 -48 48 0
2864 1432 0 -47 47 0
2864 1432 0 -46 46 0
2864 1432 0 -45 45 0
2864 1432 0 -44 44 0
2864 1432 0 -43 43 0
2864 1432 0 -42 42 0
2864 1432 0 -41 41 0
2864 1432 0 -40 40 0
2864 1432 0 -39 39 0
2864 1432 0 -38 38 0
2864 1432 0 -37 37 0
2864 1432 0 -36 36 0
2864 1432 0 -35 35 0
2864 1432 0 -34 34 0
2864 1432 0 -33 33 0
2864 1432 0 -32 32 0
2864 1432 0 -31 31 0
2864 1432 0 -30 30 0
2864 1432 0 -29 29 0
2864 1432 0 -28 28 0
2864 1432 0 -27 27 0
2864 1432 0 -26 26 0
2864 1432 0 -25 25 0
2864 1432 0 -24 24 0
2864 1432 0 -23 23 0
2864 1432 0 -22 22 0
2864 1432 0 -21 21 0
2864 1432 0 -20 20 0
2864 1432 0 -19 19 0
2864 1432 0 -18 18 0
2864 1432 0 -17 17 0
2864 1432 0 -16 16 0
2864 1432 0 -15 15 0
2864 1432 0 -14 14 0
2864 1432 0 -13 13 0
2864 1432 0 -12 12 0
2864 1432 0 -11 11 0
2864 1432 0 -10 10 0
2864 1432 0 -9 9 0
2864 1432 0 -8 8 0
2864 1432 0 -7 7 0
2864 1432 0 -6 6 0
2864 1432 0 -5 5 0
2864 1432 0 -4 4 0
2864 1432 0 -3 3 0
2864 1432 0 -2 2 0
2864 1432 0 -1 1 0
2864 1432 0 1 -1 0
2864 1432 0 2 -2 0
2864 1432 0 3 -3 0
2864 1432 0 4 -4 0
2864 1432 0 5 -5 0
2864 1432 0 6 -6 0
2864 1432 0 7 -7 0
2864 1432 0 8 -8 0
2864 1432 0 9 -9 0
2864 1432 0 10 -10 0
2864 1432 0 11 -11 0
2864 1432 0 12 -12 0
2864 1432 0 13 -13 0
2864 1432 0 14 -14 0
2864 1432 0 15 -15 0
2864 1432 0 16 -16 0
2864 1432 0 17 -17 0
2864 1432 0 18 -18 0
2864 1432 0 19 -19 0
2864 1432 0 20 -20 0
2864 1432 0 21 -21 0
2864 1432 0 22 -22 0
2864 1432 0 23 -23 0
2864 1432 0 24 -24 0
2864 1432 0 25 -25 0
2864 1432 0 26 -26 0
2864 1432 0 27 -27 0
2864 1432 0 28 -28 0
2864 1432 0 29 -29 0
2864 1432 0 30 -30 0
2864 1432 0 31 -31 0
2864 1432 0 32 -32 0
2864 1432 0 33 -33 0
2864 1432 0 34 -34 0
2864 1432 0 35 -35 0
2864 1432 0 36 -36 0
2864 1432 0 37 -37 0
2864 1432 0 38 -38 0
2864 1432 0 39 -39 0
2864 1432 0 40 -40 0
2864 1432 0 41 -41 0
2864 1432 0 42 -42 0
2864 1432 0 43 -43 0
2864 1432 0 44 -44 0
2864 1432 0 45 -45 0
2864 1432 0 46 -46 0
2864 1432 0 47 -47 0
2864 1432 0 48 -48 0
2864 1432 0 49 -49 0
2864 1432 0 50 -50 0
2864 1432 0 51 -51 0
2864 1432 0 52 -52 0
2864 1432 0 53 -53 0
2864 1432 0 54 -54 0
2864 1432 0 55 -55 0
2864 1432 0 56 -56 0
2864 1432 0 57 -57 0
2864 1432 0 58 -58 0
2864 1432 0 59 -59 0
2864 1432 0 60 -60 0
2864 1432 0 61 -61 0
2864 1432 0 62 -62 0
2864 1432 0 63 -63 0
2864 1432 0 64 -64 0
2864 1432 0 65 -65 0
2864 1432 0 66 -66 0
2864 1432 0 67 -67 0
2864 1432 0 68 -68 0
2864 1432 0 69 -69 0
2864 1432 0 70 -70 0
2864 1432 0 71 -71 0
2864 1432 0 72 -72 0
2864 1432 0 73 -73 0
2864 1432 0 74 -74 0
2864 1432 0 75 -75 0
2864 1432 0 76 -76 0
2864 1432 0 77 -77 0
2864 1432 0 78 -78 0
2864 1432 0 79 -79 0
2864 1432 0 80 -80 0
2864 1432 0 81 -81 0
2864 1432 0 82 -82 0
2864 1432 0 83 -83 0
2864 1432 0 84 -84 0
2864 1432 0 85 -85 0
2864 1432 0 86 -86 0
2864 1432 0 87 -87 0
2864 1432 0 88 -88 0
2864 1432 0 89 -89 0
2864 1432 0 90 -90 0
2864 1432 0 91 -91 0
2864 1432 0 92 -92 0
2864 1432 0 93 -93 0
2864 1432 0 94 -94 0
2864 1432 0 95 -95 0
2864 1432 0 96 -96 0
2864 1432 0 97 -97 0
2864 1432 0 98 -98 0
2864 1432 0 99 -99 0
2864 1432 0 100 -100 0
2864 1432 0 101 -101 0
2864 1432 0 102 -102 0
2864 1432 0 103 -103 0
2864 1432 0 104 -104 0
2864 1432 0 105 -105 0
2864 1432 0 106 -106 0
2864 1432 0 107 -107 0
2864 1432 0 108 -108 0
2864 1432 0 109 -109 0
2864 1432 0 110 -110 0
2864 1432 0 111 -111 0
2864 1432 0 112 -112 0
2864 1432 0 113 -113 0
2864 1432 0 114 -114 0
2864 1432 0 115 -115 0
2864 1432 0 116 -116 0
2864 1432 0 117 -117 0
2864 1432 0 118 -118 0
2864 1432 0 119 -119 0
2864 1432 0 120 -120 0
2864 1432 0 121 -121 0
2864 1432 0 122 -122 0
2864 1432 0 123 -123 0
2864 1432 0 124 -124 0
2864 1432 0 125 -125 0
2864 1432 0 126 -126 0
2864 1432 0 127 -127 0
2864 1432 0 128 -128 0
2864 1432 0 129 -129 0
2864 1432 0 130 -130 0
2864 1432 0 131 -131 0
2864 1432 0 132 -132 0
2864 1432 0 133 -133 0
2864 1432 0 134 -134 0
2864 1432 0 135 -135 0
2864 1432 0 136 -136 0
2864 1432 0 137 -137 0
2864 1432 0 138 -138 0
2864 1432 0 139 -139 0
2864 1432 0 140 -140 0
2864 1432 0 141 -141 0
2864 1432 0 142 -142 0
2864 1432 0 143 -143 0
2864 1432 0 144 -144 0
2864 1432 0 145 -145 0
2864 1432 0 146 -146 0
2864 1432 0 147 -147 0
2864 1432 0 148 -148 0
2864 1432 0 149 -149 0
2864 1432 0 150 -150 0
2866 1433 0 -150 150 0
2866 1433 0 -149 149 0
2866 1433 0 -148 148 0
2866 1433 0 -147 147 0
2866 1433 0 -146 146 0
2866 1433 0 -145 145 0
2866 1433 0 -144 144 0
2866 1433 0 -143 143 0
2866 1433 0 -142 142 0
2866 1433 0 -141 141 0
2866 1433 0 -140 140 0
2866 1433 0 -139 139 0
2866 1433 0 -138 138 0
2866 1433 0 -137 137 0
2866 1433 0 -136 136 0
2866 1433 0 -135 135 0
2866 1433 0 -134 134 0
2866 1433 0 -133 133 0
2866 1433 0 -132 132 0
2866 1433 0 -131 131 0
2866 1433 0 -130 130 0
2866 1433 0 -129 129 0
2866 1433 0 -128 128 0
2866 1433 0 -127 127 0
2866 1433 0 -126 126 0
2866 1433 0 -125 125 0
2866 1433 0 -124 124 0
2866 1433 0 -123 123 0
2866 1433 0 -122 122 0
2866 1433 0 -121 121 0
2866 1433 0 -120 120 0
2866 1433 0 -119 119 0
2866 1433 0 -118 118 0
2866 1433 0 -117 117 0
2866 1433 0 -116 116 0
2866 1433 0 -115 115 0
2866 1433 0 -114 114 0
2866 1433 0 -113 113 0
2866 1433 0 -112 112 0
2866 1433 0 -111 111 0
2866 1433 0 -110 110 0
2866 1433 0 -109 109 0
2866 1433 0 -108 108 0
2866 1433 0 -107 107 0
2866 1433 0 -106 106 0
2866 1433 0 -105 105 0
2866 1433 0 -104 104 0
2866 1433 0 -103 103 0
2866 1433 0 -102 102 0
2866 1433 0 -101 101 0
2866 1433 0 -100 100 0
2866 1433 0 -99 99 0
2866 1433 0 -98 98 0
2866 1433 0 -97 97 0
2866 1433 0 -96 96 0
2866 1433 0 -95 95 0
2866 1433 0 -94 94 0
2866 1433 0 -93 93 0
2866 1433 0 -92 92 0
2866 1433 0 -91 91 0
2866 1433 0 -90 90 0
2866 1433 0 -89 89 0
2866 1433 0 -88 88 0
2866 1433 0 -87 87 0
2866 1433 0 -86 86 0
2866 1433 0 -85 85 0
2866 1433 0 -84 84 0
2866 1433 0 -83 83 0
2866 1433 0 -82 82 0
2866 1433 0 -81 81 0
2866 1433 0 -80 80 0
2866 1433 0 -79 79 0
2866 1433 0 -78 78 0
2866 1433 0 -77 77 0
2866 1433 0 -76 76 0
2866 1433 0 -75 75 0
2866 1433 0 -74 74 0
2866 1433 0 -73 73 0
2866 1433 0 -72 72 0
2866 1433 0 -71 71 0
2866 1433 0 -70 70 0
2866 1433 0 -69 69 0
2866 1433 0 -68 68 0
2866 1433 0 -67 67 0
2866 1433 0 -66 66 0
2866 1433 0 -65 65 0
2866 1433 0 -64 64 0
2866 1433 0 -63 63 0
2866 1433 0 -62 62 0
2866 1433 0 -61 61 0
2866 1433 0 -60 60 0
2866 1433 0 -59 59 0
2866 1433 0 -58 58 0
2866 1433 0 -57 57 0
2866 1433 0 -56 56 0
2866 1433 0 -55 55 0
2866 1433 0 -54 54 0
2866 1433 0 -53 53 0
2866 1433 0 -52 52 0
2866 1433 0 -51 51 0
2866 1433 0 -50 50 0
2866 1433 0 -49 49 0
2866 1433 0 -48 48 0
2866 1433 0 -47 47 0
2866 1433 0 -46 46 0
2866 1433 0 -45 45 0
2866 1433 0 -44 44 0
2866 1433 0 -43 43 0
2866 1433 0 -42 42 0
2866 1433 0 -41 41 0
2866 1433 0 -40 40 0
2866 1433 0 -39 39 0
2866 1433 0 -38 38 0
2866 1433 0 -37 37 0
2866 1433 0 -36 36 0
2866 1433 0 -35 35 0
2866 1433 0 -34 34 0
2866 1433 0 -33 33 0
2866 1433 0 -32 32 0
2866 1433 0 -31 31 0
2866 1433 0 -30 30 0
2866 1433 0 -29 29 0
2866 1433 0 -28 28 0
2866 1433 0 -27 27 0
2866 1433 0 -26 26 0
2866 1433 0 -25 25 0
2866 1433 0 -24 24 0
2866 1433 0 -23 23 0
2866 1433 0 -22 22 0
2866 1433 0 -21 21 0
2866 1433 0 -20 20 0
2866 1433 0 -19 19 0
2866 1433 0 -18 18 0
2866 1433 0 -17 17 0
2866 1433 0 -16 16 0
2866 1433 0 -15 15 0
2866 1433 0 -14 14 0
2866 1433 0 -13 13 0
2866 1433 0 -12 12 0
2866 1433 0 -11 11 0
2866 1433 0 -10 10 0
2866 1433 0 -9 9 0
2866 1433 0 -8 8 0
2866 1433 0 -7 7 0
2866 1433 0 -6 6 0
2866 1433 0 -5 5 0
2866 1433 0 -4 4 0
2866 1433 0 -3 3 0
2866 1433 0 -2 2 0
2866 1433 0 -1 1 0
2866 1433 0 1 -1 0
2866 1433 0 2 -2 0
2866 1433 0 3 -3 0
2866 1433 0 4 -4 0
2866 1433 0 5 -5 0
2866 1433 0 6 -6 0
2866 1433 0 7 -7 0
2866 1433 0 8 -8 0
2866 1433 0 9 -9 0
2866 1433 0 10 -10 0
2866 1433 0 11 -11 0
2866 1433 0 12 -12 0
2866 1433 0 13 -13 0
2866 1433 0 14 -14 0
2866 1433 0 15 -15 0
2866 1433 0 16 -16 0
2866 1433 0 17 -17 0
2866 1433 0 18 -18 0
2866 1433 0 19 -19 0
2866 1433 0 20 -20 0
2866 1433 0 21 -21 0
2866 1433 0 22 -22 0
2866 1433 0 23 -23 0
2866 1433 0 24 -24 0
2866 1433 0 25 -25 0
2866 1433 0 26 -26 0
2866 1433 0 27 -27 0
2866 1433 0 28 -28 0
2866 1433 0 29 -29 0
2866 1433 0 30 -30 0
2866 1433 0 31 -31 0
2866 1433 0 32 -32 0
2866 1433 0 33 -33 0
2866 1433 0 34 -34 0
2866 1433 0 35 -35 0
2866 1433 0 36 -36 0
2866 1433 0 37 -37 0
2866 1433 0 38 -38 0
2866 1433 0 39 -39 0
2866 1433 0 40 -40 0
2866 1433 0 41 -41 0
2866 1433 0 42 -42 0
2866 1433 0 43 -43 0
2866 1433 0 44 -44 0
2866 1433 0 45 -45 0
2866 1433 0 46 -46 0
2866 1433 0 47 -47 0
2866 1433 0 48 -48 0
2866 1433 0 49 -49 0
2866 1433 0 50 -50 0
2866 1433 0 51 -51 0
2866 1433 0 52 -52 0
2866 1433 0 53 -53 0
2866 1433 0 54 -54 0
2866 1433 0 55 -55 0
2866 1433 0 56 -56 0
2866 1433 0 57 -57 0
2866 1433 0 58 -58 0
2866 1433 0 59 -59 0
2866 1433 0 60 -60 0
2866 1433 0 61 -61 0
2866 1433 0 62 -62 0
2866 1433 0 63 -63 0
2866 1433 0 64 -64 0
2866 1433 0 65 -65 0
2866 1433 0 66 -66 0
2866 1433 0 67 -67 0
2866 1433 0 68 -68 0
2866 1433 0 69 -69 0
2866 1433 0 70 -70 0
2866 1433 0 71 -71 0
2866 1433 0 72 -72 0
2866 1433 0 73 -73 0
2866 1433 0 74 -74 0
2866 1433 0 75 -75 0
2866 1433 0 76 -76 0
2866 1433 0 77 -77 0
2866 1433 0 78 -78 0
2866 1433 0 79 -79 0
2866 1433 0 80 -80 0
2866 1433 0 81 -81 0
2866 1433 0 82 -82 0
2866 1433 0 83 -83 0
2866 1433 0 84 -84 0
2866 1433 0 85 -85 0
2866 1433 0 86 -86 0
2866 1433 0 87 -87 0
2866 1433 0 88 -88 0
2866 1433 0 89 -89 0
2866 1433 0 90 -90 0
2866 1433 0 91 -91 0
2866 1433 0 92 -92 0
2866 1433 0 93 -93 0
2866 1433 0 94 -94 0
2866 1433 0 95 -95 0
2866 1433 0 96 -96 0
2866 1433 0 97 -97 0
2866 1433 0 98 -98 0
2866 1433 0 99 -99 0
2866 1433 0 100 -100 0
2866 1433 0 101 -101 0
2866 1433 0 102 -102 0
2866 1433 0 103 -103 0
2866 1433 0 104 -104 0
2866 1433 0 105 -105 0
2866 1433 0 106 -106 0
2866 1433 0 107 -107 0
2866 1433 0 108 -108 0
2866 1433 0 109 -109 0
2866 1433 0 110 -110 0
2866 1433 0 111 -111 0
2866 1433 0 112 -112 0
2866 1433 0 113 -113 0
2866 1433 0 114 -114 0
2866 1433 0 115 -115 0
2866 1433 0 116 -116 0
2866 1433 0 117 -117 0
2866 1433 0 118 -118 0
2866 1433 0 119 -119 0
2866 1433 0 120 -120 0
2866 1433 0 121 -121 0
2866 1433 0 122 -122 0
2866 1433 0 123 -123 0
2866 1433 0 124 -124 0
2866 1433 0 125 -125 0
2866 1433 0 126 -126 0
2866 1433 0 127 -127 0
2866 1433 0 128 -128 0
2866 1433 0 129 -129 0
2866 1433 0 130 -130 0
2866 1433 0 131 -131 0
2866 1433 0 132 -132 0
2866 1433 0 133 -133 0
2866 1433 0 134 -134 0
2866 1433 0 135 -135 0
2866 1433 0 136 -136 0
2866 1433 0 137 -137 0
2866 1433 0 138 -138 0
2866 1433 0 139 -139 0
2866 1433 0 140 -140 0
2866 1433 0 141 -141 0
2866 1433 0 142 -142 0
2866 1433 0 143 -143 0
2866 1433 0 144 -144 0
2866 1433 0 145 -145 0
2866 1433 0 146 -146 0
2866 1433 0 147 -147 0
2866 1433 0 148 -148 0
2866 1433 0 149 -149 0
2866 1433 0 150 -150 0
2868 1434 0 -150 150 0
2868 1434 0 -149 149 0
2868 1434 0 -148 148 0
2868 1434 0 -147 147 0
2868 1434 0 -146 146 0
2868 1434 0 -145 145 0
2868 1434 0 -144 144 0
2868 1434 0 -143 143 0
2868 1434 0 -142 142 0
2868 1434 0 -141 141 0
2868 1434 0 -140 140 0
2868 1434 0 -139 139 0
2868 1434 0 -138 138 0
2868 1434 0 -137 137 0
2868 1434 0 -136 136 0
2868 1434 0 -135 135 0
2868 1434 0 -134 134 0
2868 1434 0 -133 133 0
2868 1434 0 -132 132 0
2868 1434 0 -131 131 0
2868 1434 0 -130 130 0
2868 1434 0 -129 129 0
2868 1434 0 -128 128 0
2868 1434 0 -127 127 0
2868 1434 0 -126 126 0
2868 1434 0 -125 125 0
2868 1434 0 -124 124 0
2868 1434 0 -123 123 0
2868 1434 0 -122 122 0
2868 1434 0 -121 121 0
2868 1434 0 -120 120 0
2868 1434 0 -119 119 0
2868 1434 0 -118 118 0
2868 1434 0 -117 117 0
2868 1434 0 -116 116 0
2868 1434 0 -115 115 0
2868 1434 0 -114 114 0
2868 1434 0 -113 113 0
2868 1434 0 -112 112 0
2868 1434 0 -111 111 0
2868 1434 0 -110 110 0
2868 1434 0 -109 109 0
2868 1434 0 -108 108 0
2868 1434 0 -107 107 0
2868 1434 0 -106 106 0
2868 1434 0 -105 105 0
2868 1434 0 -104 104 0
2868 1434 0 -103 103 0
2868 1434 0 -102 102 0
2868 1434 0 -101 101 0
2868 1434 0 -100 100 0
2868 1434 0 -99 99 0
2868 1434 0 -98 98 0
2868 1434 0 -97 97 0
2868 1434 0 -96 96 0
2868 1434 0 -95 95 0
2868 1434 0 -94 94 0
2868 1434 0 -93 93 0
2868 1434 0 -92 92 0
2868 1434 0 -91 91 0
2868 1434 0 -90 90 0
2868 1434 0 -89 89 0
2868 1434 0 -88 88 0
2868 1434 0 -87 87 0
2868 1434 0 -86 86 0
2868 1434 0 -85 85 0
2868 1434 0 -84 84 0
2868 1434 0 -83 83 0
2868 1434 0 -82 82 0
2868 1434 0 -81 81 0
2868 1434 0 -80 80 0
2868 1434 0 -79 79 0
2868 1434 0 -78 78 0
2868 1434 0 -77 77 0
2868 1434 0 -76 76 0
2868 1434 0 -75 75 0
2868 1434 0 -74 74 0
2868 1434 0 -73 73 0
2868 1434 0 -72 72 0
2868 1434 0 -71 71 0
2868 1434 0 -70 70 0
2868 1434 0 -69 69 0
2868 1434 0 -68 68 0
2868 1434 0 -67 67 0
2868 1434 0 -66 66 0
2868 1434 0 -65 65 0
2868 1434 0 -64 64 0
2868 1434 0 -63 63 0
2868 1434 0 -62 62 0
2868 1434 0 -61 61 0
2868 1434 0 -60 60 0
2868 1434 0 -59 59 0
2868 1434 0 -58 58 0
2868 1434 0 -57 57 0
2868 1434 0 -56 56 0
2868 1434 0 -55 55 0
2868 1434 0 -54 54 0
2868 1434 0 -53 53 0
2868 1434 0 -52 52 0
2868 1434 0 -51 51 0
2868 1434 0 -50 50 0
2868 1434 0 -49 49 0
2868 1434 0 -48 48 0
2868 1434 0 -47 47 0
2868 1434 0 -46 46 0
2868 1434 0 -45 45 0
2868 1434 0 -44 44 0
2868 1434 0 -43 43 0
2868 1434 0 -42 42 0
2868 1434 0 -41 41 0
2868 1434 0 -40 40 0
2868 1434 0 -39 39 0
2868 1434 0 -38 38 0
2868 1434 0 -37 37 0
2868 1434 0 -36 36 0
2868 1434 0 -35 35 0
2868 1434 0 -34 34 0
2868 1434 0 -33 33 0
2868 1434 0 -32 32 0
2868 1434 0 -31 31 0
2868 1434 0 -30 30 0
2868 1434 0 -29 29 0
2868 1434 0 -28 28 0
2868 1434 0 -27 27 0
2868 1434 0 -26 26 0
2868 1434 0 -25 25 0
2868 1434 0 -24 24 0
2868 1434 0 -23 23 0
2868 1434 0 -22 22 0
2868 1434 0 -21 21 0
2868 1434 0 -20 20 0
2868 1434 0 -19 19 0
2868 1434 0 -18 18 0
2868 1434 0 -17 17 0
2868 1434 0 -16 16 0
2868 1434 0 -15 15 0
2868 1434 0 -14 14 0
2868 1434 0 -13 13 0
2868 1434 0 -12 12 0
2868 1434 0 -11 11 0
2868 1434 0 -10 10 0
2868 1434 0 -9 9 0
2868 1434 0 -8 8 0
2868 1434 0 -7 7 0
2868 1434 0 -6 6 0
2868 1434 0 -5 5 0
2868 1434 0 -4 4 0
2868 1434 0 -3 3 0
2868 1434 0 -2 2 0
2868 1434 0 -1 1 0
2868 1434 0 1 -1 0
2868 1434 0 2 -2 0
2868 1434 0 3 -3 0
2868 1434 0 4 -4 0
2868 1434 0 5 -5 0
2868 1434 0 6 -6 0
2868 1434 0 7 -7 0
2868 1434 0 8 -8 0
2868 1434 0 9 -9 0
2868 1434 0 10 -10 0
2868 1434 0 11 -11 0
2868 1434 0 12 -12 0
2868 1434 0 13 -13 0
2868 1434 0 14 -14 0
2868 1434 0 15 -15 0
2868 1434 0 16 -16 0
2868 1434 0 17 -17 0
2868 1434 0 18 -18 0
2868 1434 0 19 -19 0
2868 1434 0 20 -20 0
2868 1434 0 21 -21 0
2868 1434 0 22 -22 0
2868 1434 0 23 -23 0
2868 1434 0 24 -24 0
2868 1434 0 25 -25 0
2868 1434 0 26 -26 0
2868 1434 0 27 -27 0
2868 1434 0 28 -28 0
2868 1434 0 29 -29 0
2868 1434 0 30 -30 0
2868 1434 0 31 -31 0
2868 1434 0 32 -32 0
2868 1434 0 33 -33 0
2868 1434 0 34 -34 0
2868 1434 0 35 -35 0
2868 1434 0 36 -36 0
2868 1434 0 37 -37 0
2868 1434 0 38 -38 0
2868 1434 0 39 -39 0
2868 1434 0 40 -40 0
2868 1434 0 41 -41 0
2868 1434 0 42 -42 0
2868 1434 0 43 -43 0
2868 1434 0 44 -44 0
2868 1434 0 45 -45 0
2868 1434 0 46 -46 0
2868 1434 0 47 -47 0
2868 1434 0 48 -48 0
2868 1434 0 49 -49 0
2868 1434 0 50 -50 0
2868 1434 0 51 -51 0
2868 1434 0 52 -52 0
2868 1434 0 53 -53 0
2868 1434 0 54 -54 0
2868 1434 0 55 -55 0
2868 1434 0 56 -56 0
2868 1434 0 57 -57 0
2868 1434 0 58 -58 0
2868 1434 0 59 -59 0
2868 1434 0 60 -60 0
2868 1434 0 61 -61 0
2868 1434 0 62 -62 0
2868 1434 0 63 -63 0
2868 1434 0 64 -64 0
2868 1434 0 65 -65 0
2868 1434 0 66 -66 0
2868 1434 0 67 -67 0
2868 1434 0 68 -68 0
2868 1434 0 69 -69 0
2868 1434 0 70 -70 0
2868 1434 0 71 -71 0
2868 1434 0 72 -72 0
2868 1434 0 73 -73 0
2868 1434 0 74 -74 0
2868 1434 0 75 -75 0
2868 1434 0 76 -76 0
2868 1434 0 77 -77 0
2868 1434 0 78 -78 0
2868 1434 0 79 -79 0
2868 1434 0 80 -80 0
2868 1434 0 81 -81 0
2868 1434 0 82 -82 0
2868 1434 0 83 -83 0
2868 1434 0 84 -84 0
2868 1434 0 85 -85 0
2868 1434 0 86 -86 0
2868 1434 0 87 -87 0
2868 1434 0 88 -88 0
2868 1434 0 89 -89 0
2868 1434 0 90 -90 0
2868 1434 0 91 -91 0
2868 1434 0 92 -92 0
2868 1434 0 93 -93 0
2868 1434 0 94 -94 0
2868 1434 0 95 -95 0
2868 1434 0 96 -96 0
2868 1434 0 97 -97 0
2868 1434 0 98 -98 0
2868 1434 0 99 -99 0
2868 1434 0 100 -100 0
2868 1434 0 101 -101 0
2868 1434 0 102 -102 0
2868 1434 0 103 -103 0
2868 1434 0 104 -104 0
2868 1434 0 105 -105 0
2868 1434 0 106 -106 0
2868 1434 0 107 -107 0
2868 1434 0 108 -108 0
2868 1434 0 109 -109 0
2868 1434 0 110 -110 0
2868 1434 0 111 -111 0
2868 1434 0 112 -112 0
2868 1434 0 113 -113 0
2868 1434 0 114 -114 0
2868 1434 0 115 -115 0
2868 1434 0 116 -116 0
2868 1434 0 117 -117 0
2868 1434 0 118 -118 0
2868 1434 0 119 -119 0
2868 1434 0 120 -120 0
2868 1434 0 121 -121 0
2868 1434 0 122 -122 0
2868 1434 0 123 -123 0
2868 1434 0 124 -124 0
2868 1434 0 125 -125 0
2868 1434 0 126 -126 0
2868 1434 0 127 -127 0
2868 1434 0 128 -128 0
2868 1434 0 129 -129 0
2868 1434 0 130 -130 0
2868 1434 0 131 -131 0
2868 1434 0 132 -132 0
2868 1434 0 133 -133 0
2868 1434 0 134 -134 0
2868 1434 0 135 -135 0
2868 1434 0 136 -136 0
2868 1434 0 137 -137 0
2868 1434 0 138 -138 0
2868 1434 0 139 -139 0
2868 1434 0 140 -140 0
2868 1434 0 141 -141 0
2868 1434 0 142 -142 0
2868 1434 0 143 -143 0
2868 1434 0 144 -144 0
2868 1434 0 145 -145 0
2868 1434 0 146 -146 0
2868 1434 0 147 -147 0
2868 1434 0 148 -148 0
2868 1434 0 149 -149 0
2868 1434 0 150 -150 0
2870 1435 0 -150 150 0
2870 1435 0 -149 149 0
2870 1435 0 -148 148 0
2870 1435 0 -147 147 0
2870 1435 0 -146 146 0
2870 1435 0 -145 145 0
2870 1435 0 -144 144 0
2870 1435 0 -143 143 0
2870 1435 0 -142 142 0
2870 1435 0 -141 141 0
2870 1435 0 -140 140 0
2870 1435 0 -139 139 0
2870 1435 0 -138 138 0
2870 1435 0 -137 137 0
2870 1435 0 -136 136 0
2870 1435 0 -135 135 0
2870 1435 0 -134 134 0
2870 1435 0 -133 133 0
2870 1435 0 -132 132 0
2870 1435 0 -131 131 0
2870 1435 0 -130 130 0
2870 1435 0 -129 129 0
2870 1435 0 -128 128 0
2870 1435 0 -127 127 0
2870 1435 0 -126 126 0
2870 1435 0 -125 125 0
2870 1435 0 -124 124 0
2870 1435 0 -123 123 0
2870 1435 0 -122 122 0
2870 1435 0 -121 121 0
2870 1435 0 -120 120 0
2870 1435 0 -119 119 0
2870 1435 0 -118 118 0
2870 1435 0 -117 117 0
2870 1435 0 -116 116 0
2870 1435 0 -115 115 0
2870 1435 0 -114 114 0
2870 1435 0 -113 113 0
2870 1435 0 -112 112 0
2870 1435 0 -111 111 0
2870 1435 0 -110 110 0
2870 1435 0 -109 109 0
2870 1435 0 -108 108 0
2870 1435 0 -107 107 0
2870 1435 0 -106 106 0
2870 1435 0 -105 105 0
2870 1435 0 -104 104 0
2870 1435 0 -103 103 0
2870 1435 0 -102 102 0
2870 1435 0 -101 101 0
2870 1435 0 -100 100 0
2870 1435 0 -99 99 0
2870 1435 0 -98 98 0
2870 1435 0 -97 97 0
2870 1435 0 -96 96 0
2870 1435 0 -95 95 0
2870 1435 0 -94 94 0
2870 1435 0 -93 93 0
2870 1435 0 -92 92 0
2870 1435 0 -91 91 0
2870 1435 0 -90 90 0
2870 1435 0 -89 89 0
2870 1435 0 -88 88 0
2870 1435 0 -87 87 0
2870 1435 0 -86 86 0
2870 1435 0 -85 85 0
2870 1435 0 -84 84 0
2870 1435 0 -83 83 0
2870 1435 0 -82 82 0
2870 1435 0 -81 81 0
2870 1435 0 -80 80 0
2870 1435 0 -79 79 0
2870 1435 0 -78 78 0
2870 1435 0 -77 77 0
2870 1435 0 -76 76 0
2870 1435 0 -75 75 0
2870 1435 0 -74 74 0
2870 1435 0 -73 73 0
2870 1435 0 -72 72 0
2870 1435 0 -71 71 0
2870 1435 0 -70 70 0
2870 1435 0 -69 69 0
2870 1435 0 -68 68 0
2870 1435 0 -67 67 0
2870 1435 0 -66 66 0
2870 1435 0 -65 65 0
2870 1435 0 -64 64 0
2870 1435 0 -63 63 0
2870 1435 0 -62 62 0
2870 1435 0 -61 61 0
2870 1435 0 -60 60 0
2870 1435 0 -59 59 0
2870 1435 0 -58 58 0
2870 1435 0 -57 57 0
2870 1435 0 -56 56 0
2870 1435 0 -55 55 0
2870 1435 0 -54 54 0
2870 1435 0 -53 53 0
2870 1435 0 -52 52 0
2870 1435 0 -51 51 0
2870 1435 0 -50 50 0
2870 1435 0 -49 49 0
2870 1435 0 -48 48 0
2870 1435 0 -47 47 0
2870 1435 0 -46 46 0
2870 1435 0 -45 45 0
2870 1435 0 -44 44 0
2870 1435 0 -43 43 0
2870 1435 0 -42 42 0
2870 1435 0 -41 41 0
2870 1435 0 -40 40 0
2870 1435 0 -39 39 0
2870 1435 0 -38 38 0
2870 1435 0 -37 37 0
2870 1435 0 -36 36 0
2870 1435 0 -35 35 0
2870 1435 0 -34 34 0
2870 1435 0 -33 33 0
2870 1435 0 -32 32 0
2870 1435 0 -31 31 0
2870 1435 0 -30 30 0
2870 1435 0 -29 29 0
2870 1435 0 -28 28 0
2870 1435 0 -27 27 0
2870 1435 0 -26 26 0
2870 1435 0 -25 25 0
2870 1435 0 -24 24 0
2870 1435 0 -23 23 0
2870 1435 0 -22 22 0
2870 1435 0 -21 21 0
2870 1435 0 -20 20 0
2870 1435 0 -19 19 0
2870 1435 0 -18 18 0
2870 1435 0 -17 17 0
2870 1435 0 -16 16 0
2870 1435 0 -15 15 0
2870 1435 0 -14 14 0
2870 1435 0 -13 13 0
2870 1435 0 -12 12 0
2870 1435 0 -11 11 0
2870 1435 0 -10 10 0
2870 1435 0 -9 9 0
2870 1435 0 -8 8 0
2870 1435 0 -7 7 0
2870 1435 0 -6 6 0
2870 1435 0 -5 5 0
2870 1435 0 -4 4 0
2870 1435 0 -3 3 0
2870 1435 0 -2 2 0
2870 1435 0 -1 1 0
2870 1435 0 1 -1 0
2870 1435 0 2 -2 0
2870 1435 0 3 -3 0
2870 1435 0 4 -4 0
2870 1435 0 5 -5 0
2870 1435 0 6 -6 0
2870 1435 0 7 -7 0
2870 1435 0 8 -8 0
2870 1435 0 9 -9 0
2870 1435 0 10 -10 0
2870 1435 0 11 -11 0
2870 1435 0 12 -12 0
2870 1435 0 13 -13 0
2870 1435 0 14 -14 0
2870 1435 0 15 -15 0
2870 1435 0 16 -16 0
2870 1435 0 17 -17 0
2870 1435 0 18 -18 0
2870 1435 0 19 -19 0
2870 1435 0 20 -20 0
2870 1435 0 21 -21 0
2870 1435 0 22 -22 0
2870 1435 0 23 -23 0
2870 1435 0 24 -24 0
2870 1435 0 25 -25 0
2870 1435 0 26 -26 0
2870 1435 0 27 -27 0
2870 1435 0 28 -28 0
2870 1435 0 29 -29 0
2870 1435 0 30 -30 0
2870 1435 0 31 -31 0
2870 1435 0 32 -32 0
2870 1435 0 33 -33 0
2870 1435 0 34 -34 0
2870 1435 0 35 -35 0
2870 1435 0 36 -36 0
2870 1435 0 37 -37 0
2870 1435 0 38 -38 0
2870 1435 0 39 -39 0
2870 1435 0 40 -40 0
2870 1435 0 41 -41 0
2870 1435 0 42 -42 0
2870 1435 0 43 -43 0
2870 1435 0 44 -44 0
2870 1435 0 45 -45 0
2870 1435 0 46 -46 0
2870 1435 0 47 -47 0
2870 1435 0 48 -48 0
2870 1435 0 49 -49 0
2870 1435 0 50 -50 0
2870 1435 0 51 -51 0
2870 1435 0 52 -52 0
2870 1435 0 53 -53 0
2870 1435 0 54 -54 0
2870 1435 0 55 -55 0
2870 1435 0 56 -56 0
2870 1435 0 57 -57 0
2870 1435 0 58 -58 0
2870 1435 0 59 -59 0
2870 1435 0 60 -60 0
2870 1435 0 61 -61 0
2870 1435 0 62 -62 0
2870 1435 0 63 -63 0
2870 1435 0 64 -64 0
2870 1435 0 65 -65 0
2870 1435 0 66 -66 0
2870 1435 0 67 -67 0
2870 1435 0 68 -68 0
2870 1435 0 69 -69 0
2870 1435 0 70 -70 0
2870 1435 0 71 -71 0
2870 1435 0 72 -72 0
2870 1435 0 73 -73 0
2870 1435 0 74 -74 0
2870 1435 0 75 -75 0
2870 1435 0 76 -76 0
2870 1435 0 77 -77 0
2870 1435 0 78 -78 0
2870 1435 0 79 -79 0
2870 1435 0 80 -80 0
2870 1435 0 81 -81 0
2870 1435 0 82 -82 0
2870 1435 0 83 -83 0
2870 1435 0 84 -84 0
2870 1435 0 85 -85 0
2870 1435 0 86 -86 0
2870 1435 0 87 -87 0
2870 1435 0 88 -88 0
2870 1435 0 89 -89 0
2870 1435 0 90 -90 0
2870 1435 0 91 -91 0
2870 1435 0 92 -92 0
2870 1435 0 93 -93 0
2870 1435 0 94 -94 0
2870 1435 0 95 -95 0
2870 1435 0 96 -96 0
2870 1435 0 97 -97 0
2870 1435 0 98 -98 0
2870 1435 0 99 -99 0
2870 1435 0 100 -100 0
2870 1435 0 101 -101 0
2870 1435 0 102 -102 0
2870 1435 0 103 -103 0
2870 1435 0 104 -104 0
2870 1435 0 105 -105 0
2870 1435 0 106 -106 0
2870 1435 0 107 -107 0
2870 1435 0 108 -108 0
2870 1435 0 109 -109 0
2870 1435 0 110 -110 0
2870 1435 0 111 -111 0
2870 1435 0 112 -112 0
2870 1435 0 113 -113 0
2870 1435 0 114 -114 0
2870 1435 0 115 -115 0
2870 1435 0 116 -116 0
2870 1435 0 117 -117 0
2870 1435 0 118 -118 0
2870 1435 0 119 -119 0
2870 1435 0 120 -120 0
2870 1435 0 121 -121 0
2870 1435 0 122 -122 0
2870 1435 0 123 -123 0
2870 1435 0 124 -124 0
2870 1435 0 125 -125 0
2870 1435 0 126 -126 0
2870 1435 0 127 -127 0
2870 1435 0 128 -128 0
2870 1435 0 129 -129 0
2870 1435 0 130 -130 0
2870 1435 0 131 -131 0
2870 1435 0 132 -132 0
2870 1435 0 133 -133 0
2870 1435 0 134 -134 0
2870 1435 0 135 -135 0
2870 1435 0 136 -136 0
2870 1435 0 137 -137 0
2870 1435 0 138 -138 0
2870 1435 0 139 -139 0
2870 1435 0 140 -140 0
2870 1435 0 141 -141 0
2870 1435 0 142 -142 0
2870 1435 0 143 -143 0
2870 1435 0 144 -144 0
2870 1435 0 145 -145 0
2870 1435 0 146 -146 0
2870 1435 0 147 -147 0
2870 1435 0 148 -148 0
2870 1435 0 149 -149 0
2870 1435 0 150 -150 0
2872 1436 0 -150 150 0
2872 1436 0 -149 149 0
2872 1436 0 -148 148 0
2872 1436 0 -147 147 0
2872 1436 0 -146 146 0
2872 1436 0 -145 145 0
2872 1436 0 -144 144 0
2872 1436 0 -143 143 0
2872 1436 0 -142 142 0
2872 1436 0 -141 141 0
2872 1436 0 -140 140 0
2872 1436 0 -139 139 0
2872 1436 0 -138 138 0
2872 1436 0 -137 137 0
2872 1436 0 -136 136 0
2872 1436 0 -135 135 0
2872 1436 0 -134 134 0
2872 1436 0 -133 133 0
2872 1436 0 -132 132 0
2872 1436 0 -131 131 0
2872 1436 0 -130 130 0
2872 1436 0 -129 129 0
2872 1436 0 -128 128 0
2872 1436 0 -127 127 0
2872 1436 0 -126 126 0
2872 1436 0 -125 125 0
2872 1436 0 -124 124 0
2872 1436 0 -123 123 0
2872 1436 0 -122 122 0
2872 1436 0 -121 121 0
2872 1436 0 -120 120 0
2872 1436 0 -119 119 0
2872 1436 0 -118 118 0
2872 1436 0 -117 117 0
2872 1436 0 -116 116 0
2872 1436 0 -115 115 0
2872 1436 0 -114 114 0
2872 1436 0 -113 113 0
2872 1436 0 -112 112 0
2872 1436 0 -111 111 0
2872 1436 0 -110 110 0
2872 1436 0 -109 109 0
2872 1436 0 -108 108 0
2872 1436 0 -107 107 0
2872 1436 0 -106 106 0
2872 1436 0 -105 105 0
2872 1436 0 -104 104 0
2872 1436 0 -103 103 0
2872 1436 0 -102 102 0
2872 1436 0 -101 101 0
2872 1436 0 -100 100 0
2872 1436 0 -99 99 0
2872 1436 0 -98 98 0
2872 1436 0 -97 97 0
2872 1436 0 -96 96 0
2872 1436 0 -95 95 0
2872 1436 0 -94 94 0
2872 1436 0 -93 93 0
2872 1436 0 -92 92 0
2872 1436 0 -91 91 0
2872 1436 0 -90 90 0
2872 1436 0 -89 89 0
2872 1436 0 -88 88 0
2872 1436 0 -87 87 0
2872 1436 0 -86 86 0
2872 1436 0 -85 85 0
2872 1436 0 -84 84 0
2872 1436 0 -83 83 0
2872 1436 0 -82 82 0
2872 1436 0 -81 81 0
2872 1436 0 -80 80 0
2872 1436 0 -79 79 0
2872 1436 0 -78 78 0
2872 1436 0 -77 77 0
2872 1436 0 -76 76 0
2872 1436 0 -75 75 0
2872 1436 0 -74 74 0
2872 1436 0 -73 73 0
2872 1436 0 -72 72 0
2872 1436 0 -71 71 0
2872 1436 0 -70 70 0
2872 1436 0 -69 69 0
2872 1436 0 -68 68 0
2872 1436 0 -67 67 0
2872 1436 0 -66 66 0
2872 1436 0 -65 65 0
2872 1436 0 -64 64 0
2872 1436 0 -63 63 0
2872 1436 0 -62 62 0
2872 1436 0 -61 61 0
2872 1436 0 -60 60 0
2872 1436 0 -59 59 0
2872 1436 0 -58 58 0
2872 1436 0 -57 57 0
2872 1436 0 -56 56 0
2872 1436 0 -55 55 0
2872 1436 0 -54 54 0
2872 1436 0 -53 53 0
2872 1436 0 -52 52 0
2872 1436 0 -51 51 0
2872 1436 0 -50 50 0
2872 1436 0 -49 49 0
2872 1436 0 -48 48 0
2872 1436 0 -47 47 0
2872 1436 0 -46 46 0
2872 1436 0 -45 45 0
2872 1436 0 -44 44 0
2872 1436 0 -43 43 0
2872 1436 0 -42 42 0
2872 1436 0 -41 41 0
2872 1436 0 -40 40 0
2872 1436 0 -39 39 0
2872 1436 0 -38 38 0
2872 1436 0 -37 37 0
2872 1436 0 -36 36 0
2872 1436 0 -35 35 0
2872 1436 0 -34 34 0
2872 1436 0 -33 33 0
2872 1436 0 -32 32 0
2872 1436 0 -31 31 0
2872 1436 0 -30 30 0
2872 1436 0 -29 29 0
2872 1436 0 -28 28 0
2872 1436 0 -27 27 0
2872 1436 0 -26 26 0
2872 1436 0 -25 25 0
2872 1436 0 -24 24 0
2872 1436 0 -23 23 0
2872 1436 0 -22 22 0
2872 1436 0 -21 21 0
2872 1436 0 -20 20 0
2872 1436 0 -19 19 0
2872 1436 0 -18 18 0
2872 1436 0 -17 17 0
2872 1436 0 -16 16 0
2872 1436 0 -15 15 0
2872 1436 0 -14 14 0
2872 1436 0 -13 13 0
2872 1436 0 -12 12 0
2872 1436 0 -11 11 0
2872 1436 0 -10 10 0
2872 1436 0 -9 9 0
2872 1436 0 -8 8 0
2872 1436 0 -7 7 0
2872 1436 0 -6 6 0
2872 1436 0 -5 5 0
2872 1436 0 -4 4 0
2872 1436 0 -3 3 0
2872 1436 0 -2 2 0
2872 1436 0 -1 1 0
2872 1436 0 1 -1 0
2872 1436 0 2 -2 0
2872 1436 0 3 -3 0
2872 1436 0 4 -4 0
2872 1436 0 5 -5 0
2872 1436 0 6 -6 0
2872 1436 0 7 -7 0
2872 1436 0 8 -8 0
2872 1436 0 9 -9 0
2872 1436 0 10 -10 0
2872 1436 0 11 -11 0
2872 1436 0 12 -12 0
2872 1436 0 13 -13 0
2872 1436 0 14 -14 0
2872 1436 0 15 -15 0
2872 1436 0 16 -16 0
2872 1436 0 17 -17 0
2872 1436 0 18 -18 0
2872 1436 0 19 -19 0
2872 1436 0 20 -20 0
2872 1436 0 21 -21 0
2872 1436 0 22 -22 0
2872 1436 0 23 -23 0
2872 1436 0 24 -24 0
2872 1436 0 25 -25 0
2872 1436 0 26 -26 0
2872 1436 0 27 -27 0
2872 1436 0 28 -28 0
2872 1436 0 29 -29 0
2872 1436 0 30 -30 0
2872 1436 0 31 -31 0
2872 1436 0 32 -32 0
2872 1436 0 33 -33 0
2872 1436 0 34 -34 0
2872 1436 0 35 -35 0
2872 1436 0 36 -36 0
2872 1436 0 37 -37 0
2872 1436 0 38 -38 0
2872 1436 0 39 -39 0
2872 1436 0 40 -40 0
2872 1436 0 41 -41 0
2872 1436 0 42 -42 0
2872 1436 0 43 -43 0
2872 1436 0 44 -44 0
2872 1436 0 45 -45 0
2872 1436 0 46 -46 0
2872 1436 0 47 -47 0
2872 1436 0 48 -48 0
2872 1436 0 49 -49 0
2872 1436 0 50 -50 0
2872 1436 0 51 -51 0
2872 1436 0 52 -52 0
2872 1436 0 53 -53 0
2872 1436 0 54 -54 0
2872 1436 0 55 -55 0
2872 1436 0 56 -56 0
2872 1436 0 57 -57 0
2872 1436 0 58 -58 0
2872 1436 0 59 -59 0
2872 1436 0 60 -60 0
2872 1436 0 61 -61 0
2872 1436 0 62 -62 0
2872 1436 0 63 -63 0
2872 1436 0 64 -64 0
2872 1436 0 65 -65 0
2872 1436 0 66 -66 0
2872 1436 0 67 -67 0
2872 1436 0 68 -68 0
2872 1436 0 69 -69 0
2872 1436 0 70 -70 0
2872 1436 0 71 -71 0
2872 1436 0 72 -72 0
2872 1436 0 73 -73 0
2872 1436 0 74 -74 0
2872 1436 0 75 -75 0
2872 1436 0 76 -76 0
2872 1436 0 77 -77 0
2872 1436 0 78 -78 0
2872 1436 0 79 -79 0
2872 1436 0 80 -80 0
2872 1436 0 81 -81 0
2872 1436 0 82 -82 0
2872 1436 0 83 -83 0
2872 1436 0 84 -84 0
2872 1436 0 85 -85 0
2872 1436 0 86 -86 0
2872 1436 0 87 -87 0
2872 1436 0 88 -88 0
2872 1436 0 89 -89 0
2872 1436 0 90 -90 0
2872 1436 0 91 -91 0
2872 1436 0 92 -92 0
2872 1436 0 93 -93 0
2872 1436 0 94 -94 0
2872 1436 0 95 -95 0
2872 1436 0 96 -96 0
2872 1436 0 97 -97 0
2872 1436 0 98 -98 0
2872 1436 0 99 -99 0
2872 1436 0 100 -100 0
2872 1436 0 101 -101 0
2872 1436 0 102 -102 0
2872 1436 0 103 -103 0
2872 1436 0 104 -104 0
2872 1436 0 105 -105 0
2872 1436 0 106 -106 0
2872 1436 0 107 -107 0
2872 1436 0 108 -108 0
2872 1436 0 109 -109 0
2872 1436 0 110 -110 0
2872 1436 0 111 -111 0
2872 1436 0 112 -112 0
2872 1436 0 113 -113 0
2872 1436 0 114 -114 0
2872 1436 0 115 -115 0
2872 1436 0 116 -116 0
2872 1436 0 117 -117 0
2872 1436 0 118 -118 0
2872 1436 0 119 -119 0
2872 1436 0 120 -120 0
2872 1436 0 121 -121 0
2872 1436 0 122 -122 0
2872 1436 0 123 -123 0
2872 1436 0 124 -124 0
2872 1436 0 125 -125 0
2872 1436 0 126 -126 0
2872 1436 0 127 -127 0
2872 1436 0 128 -128 0
2872 1436 0 129 -129 0
2872 1436 0 130 -130 0
2872 1436 0 131 -131 0
2872 1436 0 132 -132 0
2872 1436 0 133 -133 0
2872 1436 0 134 -134 0
2872 1436 0 135 -135 0
2872 1436 0 136 -136 0
2872 1436 0 137 -137 0
2872 1436 0 138 -138 0
2872 1436 0 139 -139 0
2872 1436 0 140 -140 0
2872 1436 0 141 -141 0
2872 1436 0 142 -142 0
2872 1436 0 143 -143 0
2872 1436 0 144 -144 0
2872 1436 0 145 -145 0
2872 1436 0 146 -146 0
2872 1436 0 147 -147 0
2872 1436 0 148 -148 0
2872 1436 0 149 -149 0
2872 1436 0 150 -150 0
2874 1437 0 -150 150 0
2874 1437 0 -149 149 0
2874 1437 0 -148 148 0
2874 1437 0 -147 147 0
2874 1437 0 -146 146 0
2874 1437 0 -145 145 0
2874 1437 0 -144 144 0
2874 1437 0 -143 143 0
2874 1437 0 -142 142 0
2874 1437 0 -141 141 0
2874 1437 0 -140 140 0
2874 1437 0 -139 139 0
2874 1437 0 -138 138 0
2874 1437 0 -137 137 0
2874 1437 0 -136 136 0
2874 1437 0 -135 135 0
2874 1437 0 -134 134 0
2874 1437 0 -133 133 0
2874 1437 0 -132 132 0
2874 1437 0 -131 131 0
2874 1437 0 -130 130 0
2874 1437 0 -129 129 0
2874 1437 0 -128 128 0
2874 1437 0 -127 127 0
2874 1437 0 -126 126 0
2874 1437 0 -125 125 0
2874 1437 0 -124 124 0
2874 1437 0 -123 123 0
2874 1437 0 -122 122 0
2874 1437 0 -121 121 0
2874 1437 0 -120 120 0
2874 1437 0 -119 119 0
2874 1437 0 -118 118 0
2874 1437 0 -117 117 0
2874 1437 0 -116 116 0
2874 1437 0 -115 115 0
2874 1437 0 -114 114 0
2874 1437 0 -113 113 0
2874 1437 0 -112 112 0
2874 1437 0 -111 111 0
2874 1437 0 -110 110 0
2874 1437 0 -109 109 0
2874 1437 0 -108 108 0
2874 1437 0 -107 107 0
2874 1437 0 -106 106 0
2874 1437 0 -105 105 0
2874 1437 0 -104 104 0
2874 1437 0 -103 103 0
2874 1437 0 -102 102 0
2874 1437 0 -101 101 0
2874 1437 0 -100 100 0
2874 1437 0 -99 99 0
2874 1437 0 -98 98 0
2874 1437 0 -97 97 0
2874 1437 0 -96 96 0
2874 1437 0 -95 95 0
2874 1437 0 -94 94 0
2874 1437 0 -93 93 0
2874 1437 0 -92 92 0
2874 1437 0 -91 91 0
2874 1437 0 -90 90 0
2874 1437 0 -89 89 0
2874 1437 0 -88 88 0
2874 1437 0 -87 87 0
2874 1437 0 -86 86 0
2874 1437 0 -85 85 0
2874 1437 0 -84 84 0
2874 1437 0 -83 83 0
2874 1437 0 -82 82 0
2874 1437 0 -81 81 0
2874 1437 0 -80 80 0
2874 1437 0 -79 79 0
2874 1437 0 -78 78 0
2874 1437 0 -77 77 0
2874 1437 0 -76 76 0
2874 1437 0 -75 75 0
2874 1437 0 -74 74 0
2874 1437 0 -73 73 0
2874 1437 0 -72 72 0
2874 1437 0 -71 71 0
2874 1437 0 -70 70 0
2874 1437 0 -69 69 0
2874 1437 0 -68 68 0
2874 1437 0 -67 67 0
2874 1437 0 -66 66 0
2874 1437 0 -65 65 0
2874 1437 0 -64 64 0
2874 1437 0 -63 63 0
2874 1437 0 -62 62 0
2874 1437 0 -61 61 0
2874 1437 0 -60 60 0
2874 1437 0 -59 59 0
2874 1437 0 -58 58 0
2874 1437 0 -57 57 0
2874 1437 0 -56 56 0
2874 1437 0 -55 55 0
2874 1437 0 -54 54 0
2874 1437 0 -53 53 0
2874 1437 0 -52 52 0
2874 1437 0 -51 51 0
2874 1437 0 -50 50 0
2874 1437 0 -49 49 0
2874 1437 0 -48 48 0
2874 1437 0 -47 47 0
2874 1437 0 -46 46 0
2874 1437 0 -45 45 0
2874 1437 0 -44 44 0
2874 1437 0 -43 43 0
2874 1437 0 -42 42 0
2874 1437 0 -41 41 0
2874 1437 0 -40 40 0
2874 1437 0 -39 39 0
2874 1437 0 -38 38 0
2874 1437 0 -37 37 0
2874 1437 0 -36 36 0
2874 1437 0 -35 35 0
2874 1437 0 -34 34 0
2874 1437 0 -33 33 0
2874 1437 0 -32 32 0
2874 1437 0 -31 31 0
2874 1437 0 -30 30 0
2874 1437 0 -29 29 0
2874 1437 0 -28 28 0
2874 1437 0 -27 27 0
2874 1437 0 -26 26 0
2874 1437 0 -25 25 0
2874 1437 0 -24 24 0
2874 1437 0 -23 23 0
2874 1437 0 -22 22 0
2874 1437 0 -21 21 0
2874 1437 0 -20 20 0
2874 1437 0 -19 19 0
2874 1437 0 -18 18 0
2874 1437 0 -17 17 0
2874 1437 0 -16 16 0
2874 1437 0 -15 15 0
2874 1437 0 -14 14 0
2874 1437 0 -13 13 0
2874 1437 0 -12 12 0
2874 1437 0 -11 11 0
2874 1437 0 -10 10 0
2874 1437 0 -9 9 0
2874 1437 0 -8 8 0
2874 1437 0 -7 7 0
2874 1437 0 -6 6 0
2874 1437 0 -5 5 0
2874 1437 0 -4 4 0
2874 1437 0 -3 3 0
2874 1437 0 -2 2 0
2874 1437 0 -1 1 0
2874 1437 0 1 -1 0
2874 1437 0 2 -2 0
2874 1437 0 3 -3 0
2874 1437 0 4 -4 0
2874 1437 0 5 -5 0
2874 1437 0 6 -6 0
2874 1437 0 7 -7 0
2874 1437 0 8 -8 0
2874 1437 0 9 -9 0
2874 1437 0 10 -10 0
2874 1437 0 11 -11 0
2874 1437 0 12 -12 0
2874 1437 0 13 -13 0
2874 1437 0 14 -14 0
2874 1437 0 15 -15 0
2874 1437 0 16 -16 0
2874 1437 0 17 -17 0
2874 1437 0 18 -18 0
2874 1437 0 19 -19 0
2874 1437 0 20 -20 0
2874 1437 0 21 -21 0
2874 1437 0 22 -22 0
2874 1437 0 23 -23 0
2874 1437 0 24 -24 0
2874 1437 0 25 -25 0
2874 1437 0 26 -26 0
2874 1437 0 27 -27 0
2874 1437 0 28 -28 0
2874 1437 0 29 -29 0
2874 1437 0 30 -30 0
2874 1437 0 31 -31 0
2874 1437 0 32 -32 0
2874 1437 0 33 -33 0
2874 1437 0 34 -34 0
2874 1437 0 35 -35 0
2874 1437 0 36 -36 0
2874 1437 0 37 -37 0
2874 1437 0 38 -38 0
2874 1437 0 39 -39 0
2874 1437 0 40 -40 0
2874 1437 0 41 -41 0
2874 1437 0 42 -42 0
2874 1437 0 43 -43 0
2874 1437 0 44 -44 0
2874 1437 0 45 -45 0
2874 1437 0 46 -46 0
2874 1437 0 47 -47 0
2874 1437 0 48 -48 0
2874 1437 0 49 -49 0
2874 1437 0 50 -50 0
2874 1437 0 51 -51 0
2874 1437 0 52 -52 0
2874 1437 0 53 -53 0
2874 1437 0 54 -54 0
2874 1437 0 55 -55 0
2874 1437 0 56 -56 0
2874 1437 0 57 -57 0
2874 1437 0 58 -58 0
2874 1437 0 59 -59 0
2874 1437 0 60 -60 0
2874 1437 0 61 -61 0
2874 1437 0 62 -62 0
2874 1437 0 63 -63 0
2874 1437 0 64 -64 0
2874 1437 0 65 -65 0
2874 1437 0 66 -66 0
2874 1437 0 67 -67 0
2874 1437 0 68 -68 0
2874 1437 0 69 -69 0
2874 1437 0 70 -70 0
2874 1437 0 71 -71 0
2874 1437 0 72 -72 0
2874 1437 0 73 -73 0
2874 1437 0 74 -74 0
2874 1437 0 75 -75 0
2874 1437 0 76 -76 0
2874 1437 0 77 -77 0
2874 1437 0 78 -78 0
2874 1437 0 79 -79 0
2874 1437 0 80 -80 0
2874 1437 0 81 -81 0
2874 1437 0 82 -82 0
2874 1437 0 83 -83 0
2874 1437 0 84 -84 0
2874 1437 0 85 -85 0
2874 1437 0 86 -86 0
2874 1437 0 87 -87 0
2874 1437 0 88 -88 0
2874 1437 0 89 -89 0
2874 1437 0 90 -90 0
2874 1437 0 91 -91 0
2874 1437 0 92 -92 0
2874 1437 0 93 -93 0
2874 1437 0 94 -94 0
2874 1437 0 95 -95 0
2874 1437 0 96 -96 0
2874 1437 0 97 -97 0
2874 1437 0 98 -98 0
2874 1437 0 99 -99 0
2874 1437 0 100 -100 0
2874 1437 0 101 -101 0
2874 1437 0 102 -102 0
2874 1437 0 103 -103 0
2874 1437 0 104 -104 0
2874 1437 0 105 -105 0
2874 1437 0 106 -106 0
2874 1437 0 107 -107 0
2874 1437 0 108 -108 0
2874 1437 0 109 -109 0
2874 1437 0 110 -110 0
2874 1437 0 111 -111 0
2874 1437 0 112 -112 0
2874 1437 0 113 -113 0
2874 1437 0 114 -114 0
2874 1437 0 115 -115 0
2874 1437 0 116 -116 0
2874 1437 0 117 -117 0
2874 1437 0 118 -118 0
2874 1437 0 119 -119 0
2874 1437 0 120 -120 0
2874 1437 0 121 -121 0
2874 1437 0 122 -122 0
2874 1437 0 123 -123 0
2874 1437 0 124 -124 0
2874 1437 0 125 -125 0
2874 1437 0 126 -126 0
2874 1437 0 127 -127 0
2874 1437 0 128 -128 0
2874 1437 0 129 -129 0
2874 1437 0 130 -130 0
2874 1437 0 131 -131 0
2874 1437 0 132 -132 0
2874 1437 0 133 -133 0
2874 1437 0 134 -134 0
2874 1437 0 135 -135 0
2874 1437 0 136 -136 0
2874 1437 0 137 -137 0
2874 1437 0 138 -138 0
2874 1437 0 139 -139 0
2874 1437 0 140 -140 0
2874 1437 0 141 -141 0
2874 1437 0 142 -142 0
2874 1437 0 143 -143 0
2874 1437 0 144 -144 0
2874 1437 0 145 -145 0
2874 1437 0 146 -146 0
2874 1437 0 147 -147 0
2874 1437 0 148 -148 0
2874 1437 0 149 -149 0
2874 1437 0 150 -150 0
2876 1438 0 -150 150 0
2876 1438 0 -149 149 0
2876 1438 0 -148 148 0
2876 1438 0 -147 147 0
2876 1438 0 -146 146 0
2876 1438 0 -145 145 0
2876 1438 0 -144 144 0
2876 1438 0 -143 143 0
2876 1438 0 -142 142 0
2876 1438 0 -141 141 0
2876 1438 0 -140 140 0
2876 1438 0 -139 139 0
2876 1438 0 -138 138 0
2876 1438 0 -137 137 0
2876 1438 0 -136 136 0
2876 1438 0 -135 135 0
2876 1438 0 -134 134 0
2876 1438 0 -133 133 0
2876 1438 0 -132 132 0
2876 1438 0 -131 131 0
2876 1438 0 -130 130 0
2876 1438 0 -129 129 0
2876 1438 0 -128 128 0
2876 1438 0 -127 127 0
2876 1438 0 -126 126 0
2876 1438 0 -125 125 0
2876 1438 0 -124 124 0
2876 1438 0 -123 123 0
2876 1438 0 -122 122 0
2876 1438 0 -121 121 0
2876 1438 0 -120 120 0
2876 1438 0 -119 119 0
2876 1438 0 -118 118 0
2876 1438 0 -117 117 0
2876 1438 0 -116 116 0
2876 1438 0 -115 115 0
2876 1438 0 -114 114 0
2876 1438 0 -113 113 0
2876 1438 0 -112 112 0
2876 1438 0 -111 111 0
2876 1438 0 -110 110 0
2876 1438 0 -109 109 0
2876 1438 0 -108 108 0
2876 1438 0 -107 107 0
2876 1438 0 -106 106 0
2876 1438 0 -105 105 0
2876 1438 0 -104 104 0
2876 1438 0 -103 103 0
2876 1438 0 -102 102 0
2876 1438 0 -101 101 0
2876 1438 0 -100 100 0
2876 1438 0 -99 99 0
2876 1438 0 -98 98 0
2876 1438 0 -97 97 0
2876 1438 0 -96 96 0
2876 1438 0 -95 95 0
2876 1438 0 -94 94 0
2876 1438 0 -93 93 0
2876 1438 0 -92 92 0
2876 1438 0 -91 91 0
2876 1438 0 -90 90 0
2876 1438 0 -89 89 0
2876 1438 0 -88 88 0
2876 1438 0 -87 87 0
2876 1438 0 -86 86 0
2876 1438 0 -85 85 0
2876 1438 0 -84 84 0
2876 1438 0 -83 83 0
2876 1438 0 -82 82 0
2876 1438 0 -81 81 0
2876 1438 0 -80 80 0
2876 1438 0 -79 79 0
2876 1438 0 -78 78 0
2876 1438 0 -77 77 0
2876 1438 0 -76 76 0
2876 1438 0 -75 75 0
2876 1438 0 -74 74 0
2876 1438 0 -73 73 0
2876 1438 0 -72 72 0
2876 1438 0 -71 71 0
2876 1438 0 -70 70 0
2876 1438 0 -69 69 0
2876 1438 0 -68 68 0
2876 1438 0 -67 67 0
2876 1438 0 -66 66 0
2876 1438 0 -65 65 0
2876 1438 0 -64 64 0
2876 1438 0 -63 63 0
2876 1438 0 -62 62 0
2876 1438 0 -61 61 0
2876 1438 0 -60 60 0
2876 1438 0 -59 59 0
2876 1438 0 -58 58 0
2876 1438 0 -57 57 0
2876 1438 0 -56 56 0
2876 1438 0 -55 55 0
2876 1438 0 -54 54 0
2876 1438 0 -53 53 0
2876 1438 0 -52 52 0
2876 1438 0 -51 51 0
2876 1438 0 -50 50 0
2876 1438 0 -49 49 0
2876 1438 0 -48 48 0
2876 1438 0 -47 47 0
2876 1438 0 -46 46 0
2876 1438 0 -45 45 0
2876 1438 0 -44 44 0
2876 1438 0 -43 43 0
2876 1438 0 -42 42 0
2876 1438 0 -41 41 0
2876 1438 0 -40 40 0
2876 1438 0 -39 39 0
2876 1438 0 -38 38 0
2876 1438 0 -37 37 0
2876 1438 0 -36 36 0
2876 1438 0 -35 35 0
2876 1438 0 -34 34 0
2876 1438 0 -33 33 0
2876 1438 0 -32 32 0
2876 1438 0 -31 31 0
2876 1438 0 -30 30 0
2876 1438 0 -29 29 0
2876 1438 0 -28 28 0
2876 1438 0 -27 27 0
2876 1438 0 -26 26 0
2876 1438 0 -25 25 0
2876 1438 0 -24 24 0
2876 1438 0 -23 23 0
2876 1438 0 -22 22 0
2876 1438 0 -21 21 0
2876 1438 0 -20 20 0
2876 1438 0 -19 19 0
2876 1438 0 -18 18 0
2876 1438 0 -17 17 0
2876 1438 0 -16 16 0
2876 1438 0 -15 15 0
2876 1438 0 -14 14 0
2876 1438 0 -13 13 0
2876 1438 0 -12 12 0
2876 1438 0 -11 11 0
2876 1438 0 -10 10 0
2876 1438 0 -9 9 0
2876 1438 0 -8 8 0
2876 1438 0 -7 7 0
2876 1438 0 -6 6 0
2876 1438 0 -5 5 0
2876 1438 0 -4 4 0
2876 1438 0 -3 3 0
2876 1438 0 -2 2 0
2876 1438 0 -1 1 0
2876 1438 0 1 -1 0
2876 1438 0 2 -2 0
2876 1438 0 3 -3 0
2876 1438 0 4 -4 0
2876 1438 0 5 -5 0
2876 1438 0 6 -6 0
2876 1438 0 7 -7 0
2876 1438 0 8 -8 0
2876 1438 0 9 -9 0
2876 1438 0 10 -10 0
2876 1438 0 11 -11 0
2876 1438 0 12 -12 0
2876 1438 0 13 -13 0
2876 1438 0 14 -14 0
2876 1438 0 15 -15 0
2876 1438 0 16 -16 0
2876 1438 0 17 -17 0
2876 1438 0 18 -18 0
2876 1438 0 19 -19 0
2876 1438 0 20 -20 0
2876 1438 0 21 -21 0
2876 1438 0 22 -22 0
2876 1438 0 23 -23 0
2876 1438 0 24 -24 0
2876 1438 0 25 -25 0
2876 1438 0 26 -26 0
2876 1438 0 27 -27 0
2876 1438 0 28 -28 0
2876 1438 0 29 -29 0
2876 1438 0 30 -30 0
2876 1438 0 31 -31 0
2876 1438 0 32 -32 0
2876 1438 0 33 -33 0
2876 1438 0 34 -34 0
2876 1438 0 35 -35 0
2876 1438 0 36 -36 0
2876 1438 0 37 -37 0
2876 1438 0 38 -38 0
2876 1438 0 39 -39 0
2876 1438 0 40 -40 0
2876 1438 0 41 -41 0
2876 1438 0 42 -42 0
2876 1438 0 43 -43 0
2876 1438 0 44 -44 0
2876 1438 0 45 -45 0
2876 1438 0 46 -46 0
2876 1438 0 47 -47 0
2876 1438 0 48 -48 0
2876 1438 0 49 -49 0
2876 1438 0 50 -50 0
2876 1438 0 51 -51 0
2876 1438 0 52 -52 0
2876 1438 0 53 -53 0
2876 1438 0 54 -54 0
2876 1438 0 55 -55 0
2876 1438 0 56 -56 0
2876 1438 0 57 -57 0
2876 1438 0 58 -58 0
2876 1438 0 59 -59 0
2876 1438 0 60 -60 0
2876 1438 0 61 -61 0
2876 1438 0 62 -62 0
2876 1438 0 63 -63 0
2876 1438 0 64 -64 0
2876 1438 0 65 -65 0
2876 1438 0 66 -66 0
2876 1438 0 67 -67 0
2876 1438 0 68 -68 0
2876 1438 0 69 -69 0
2876 1438 0 70 -70 0
2876 1438 0 71 -71 0
2876 1438 0 72 -72 0
2876 1438 0 73 -73 0
2876 1438 0 74 -74 0
2876 1438 0 75 -75 0
2876 1438 0 76 -76 0
2876 1438 0 77 -77 0
2876 1438 0 78 -78 0
2876 1438 0 79 -79 0
2876 1438 0 80 -80 0
2876 1438 0 81 -81 0
2876 1438 0 82 -82 0
2876 1438 0 83 -83 0
2876 1438 0 84 -84 0
2876 1438 0 85 -85 0
2876 1438 0 86 -86 0
2876 1438 0 87 -87 0
2876 1438 0 88 -88 0
2876 1438 0 89 -89 0
2876 1438 0 90 -90 0
2876 1438 0 91 -91 0
2876 1438 0 92 -92 0
2876 1438 0 93 -93 0
2876 1438 0 94 -94 0
2876 1438 0 95 -95 0
2876 1438 0 96 -96 0
2876 1438 0 97 -97 0
2876 1438 0 98 -98 0
2876 1438 0 99 -99 0
2876 1438 0 100 -100 0
2876 1438 0 101 -101 0
2876 1438 0 102 -102 0
2876 1438 0 103 -103 0
2876 1438 0 104 -104 0
2876 1438 0 105 -105 0
2876 1438 0 106 -106 0
2876 1438 0 107 -107 0
2876 1438 0 108 -108 0
2876 1438 0 109 -109 0
2876 1438 0 110 -110 0
2876 1438 0 111 -111 0
2876 1438 0 112 -112 0
2876 1438 0 113 -113 0
2876 1438 0 114 -114 0
2876 1438 0 115 -115 0
2876 1438 0 116 -116 0
2876 1438 0 117 -117 0
2876 1438 0 118 -118 0
2876 1438 0 119 -119 0
2876 1438 0 120 -120 0
2876 1438 0 121 -121 0
2876 1438 0 122 -122 0
2876 1438 0 123 -123 0
2876 1438 0 124 -124 0
2876 1438 0 125 -125 0
2876 1438 0 126 -126 0
2876 1438 0 127 -127 0
2876 1438 0 128 -128 0
2876 1438 0 129 -129 0
2876 1438 0 130 -130 0
2876 1438 0 131 -131 0
2876 1438 0 132 -132 0
2876 1438 0 133 -133 0
2876 1438 0 134 -134 0
2876 1438 0 135 -135 0
2876 1438 0 136 -136 0
2876 1438 0 137 -137 0
2876 1438 0 138 -138 0
2876 1438 0 139 -139 0
2876 1438 0 140 -140 0
2876 1438 0 141 -141 0
2876 1438 0 142 -142 0
2876 1438 0 143 -143 0
2876 1438 0 144 -144 0
2876 1438 0 145 -145 0
2876 1438 0 146 -146 0
2876 1438 0 147 -147 0
2876 1438 0 148 -148 0
2876 1438 0 149 -149 0
2876 1438 0 150 -150 0
2878 1439 0 -150 150 0
2878 1439 0 -149 149 0
2878 1439 0 -148 148 0
2878 1439 0 -147 147 0
2878 1439 0 -146 146 0
2878 1439 0 -145 145 0
2878 1439 0 -144 144 0
2878 1439 0 -143 143 0
2878 1439 0 -142 142 0
2878 1439 0 -141 141 0
2878 1439 0 -140 140 0
2878 1439 0 -139 139 0
2878 1439 0 -138 138 0
2878 1439 0 -137 137 0
2878 1439 0 -136 136 0
2878 1439 0 -135 135 0
2878 1439 0 -134 134 0
2878 1439 0 -133 133 0
2878 1439 0 -132 132 0
2878 1439 0 -131 131 0
2878 1439 0 -130 130 0
2878 1439 0 -129 129 0
2878 1439 0 -128 128 0
2878 1439 0 -127 127 0
2878 1439 0 -126 126 0
2878 1439 0 -125 125 0
2878 1439 0 -124 124 0
2878 1439 0 -123 123 0
2878 1439 0 -122 122 0
2878 1439 0 -121 121 0
2878 1439 0 -120 120 0
2878 1439 0 -119 119 0
2878 1439 0 -118 118 0
2878 1439 0 -117 117 0
2878 1439 0 -116 116 0
2878 1439 0 -115 115 0
2878 1439 0 -114 114 0
2878 1439 0 -113 113 0
2878 1439 0 -112 112 0
2878 1439 0 -111 111 0
2878 1439 0 -110 110 0
2878 1439 0 -109 109 0
2878 1439 0 -108 108 0
2878 1439 0 -107 107 0
2878 1439 0 -106 106 0
2878 1439 0 -105 105 0
2878 1439 0 -104 104 0
2878 1439 0 -103 103 0
2878 1439 0 -102 102 0
2878 1439 0 -101 101 0
2878 1439 0 -100 100 0
2878 1439 0 -99 99 0
2878 1439 0 -98 98 0
2878 1439 0 -97 97 0
2878 1439 0 -96 96 0
2878 1439 0 -95 95 0
2878 1439 0 -94 94 0
2878 1439 0 -93 93 0
2878 1439 0 -92 92 0
2878 1439 0 -91 91 0
2878 1439 0 -90 90 0
2878 1439 0 -89 89 0
2878 1439 0 -88 88 0
2878 1439 0 -87 87 0
2878 1439 0 -86 86 0
2878 1439 0 -85 85 0
2878 1439 0 -84 84 0
2878 1439 0 -83 83 0
2878 1439 0 -82 82 0
2878 1439 0 -81 81 0
2878 1439 0 -80 80 0
2878 1439 0 -79 79 0
2878 1439 0 -78 78 0
2878 1439 0 -77 77 0
2878 1439 0 -76 76 0
2878 1439 0 -75 75 0
2878 1439 0 -74 74 0
2878 1439 0 -73 73 0
2878 1439 0 -72 72 0
2878 1439 0 -71 71 0
2878 1439 0 -70 70 0
2878 1439 0 -69 69 0
2878 1439 0 -68 68 0
2878 1439 0 -67 67 0
2878 1439 0 -66 66 0
2878 1439 0 -65 65 0
2878 1439 0 -64 64 0
2878 1439 0 -63 63 0
2878 1439 0 -62 62 0
2878 1439 0 -61 61 0
2878 1439 0 -60 60 0
2878 1439 0 -59 59 0
2878 1439 0 -58 58 0
2878 1439 0 -57 57 0
2878 1439 0 -56 56 0
2878 1439 0 -55 55 0
2878 1439 0 -54 54 0
2878 1439 0 -53 53 0
2878 1439 0 -52 52 0
2878 1439 0 -51 51 0
2878 1439 0 -50 50 0
2878 1439 0 -49 49 0
2878 1439 0 -48 48 0
2878 1439 0 -47 47 0
2878 1439 0 -46 46 0
2878 1439 0 -45 45 0
2878 1439 0 -44 44 0
2878 1439 0 -43 43 0
2878 1439 0 -42 42 0
2878 1439 0 -41 41 0
2878 1439 0 -40 40 0
2878 1439 0 -39 39 0
2878 1439 0 -38 38 0
2878 1439 0 -37 37 0
2878 1439 0 -36 36 0
2878 1439 0 -35 35 0
2878 1439 0 -34 34 0
2878 1439 0 -33 33 0
2878 1439 0 -32 32 0
2878 1439 0 -31 31 0
2878 1439 0 -30 30 0
2878 1439 0 -29 29 0
2878 1439 0 -28 28 0
2878 1439 0 -27 27 0
2878 1439 0 -26 26 0
2878 1439 0 -25 25 0
2878 1439 0 -24 24 0
2878 1439 0 -23 23 0
2878 1439 0 -22 22 0
2878 1439 0 -21 21 0
2878 1439 0 -20 20 0
2878 1439 0 -19 19 0
2878 1439 0 -18 18 0
2878 1439 0 -17 17 0
2878 1439 0 -16 16 0
2878 1439 0 -15 15 0
2878 1439 0 -14 14 0
2878 1439 0 -13 13 0
2878 1439 0 -12 12 0
2878 1439 0 -11 11 0
2878 1439 0 -10 10 0
2878 1439 0 -9 9 0
2878 1439 0 -8 8 0
2878 1439 0 -7 7 0
2878 1439 0 -6 6 0
2878 1439 0 -5 5 0
2878 1439 0 -4 4 0
2878 1439 0 -3 3 0
2878 1439 0 -2 2 0
2878 1439 0 -1 1 0
2878 1439 0 1 -1 0
2878 1439 0 2 -2 0
2878 1439 0 3 -3 0
2878 1439 0 4 -4 0
2878 1439 0 5 -5 0
2878 1439 0 6 -6 0
2878 1439 0 7 -7 0
2878 1439 0 8 -8 0
2878 1439 0 9 -9 0
2878 1439 0 10 -10 0
2878 1439 0 11 -11 0
2878 1439 0 12 -12 0
2878 1439 0 13 -13 0
2878 1439 0 14 -14 0
2878 1439 0 15 -15 0
2878 1439 0 16 -16 0
2878 1439 0 17 -17 0
2878 1439 0 18 -18 0
2878 1439 0 19 -19 0
2878 1439 0 20 -20 0
2878 1439 0 21 -21 0
2878 1439 0 22 -22 0
2878 1439 0 23 -23 0
2878 1439 0 24 -24 0
2878 1439 0 25 -25 0
2878 1439 0 26 -26 0
2878 1439 0 27 -27 0
2878 1439 0 28 -28 0
2878 1439 0 29 -29 0
2878 1439 0 30 -30 0
2878 1439 0 31 -31 0
2878 1439 0 32 -32 0
2878 1439 0 33 -33 0
2878 1439 0 34 -34 0
2878 1439 0 35 -35 0
2878 1439 0 36 -36 0
2878 1439 0 37 -37 0
2878 1439 0 38 -38 0
2878 1439 0 39 -39 0
2878 1439 0 40 -40 0
2878 1439 0 41 -41 0
2878 1439 0 42 -42 0
2878 1439 0 43 -43 0
2878 1439 0 44 -44 0
2878 1439 0 45 -45 0
2878 1439 0 46 -46 0
2878 1439 0 47 -47 0
2878 1439 0 48 -48 0
2878 1439 0 49 -49 0
2878 1439 0 50 -50 0
2878 1439 0 51 -51 0
2878 1439 0 52 -52 0
2878 1439 0 53 -53 0
2878 1439 0 54 -54 0
2878 1439 0 55 -55 0
2878 1439 0 56 -56 0
2878 1439 0 57 -57 0
2878 1439 0 58 -58 0
2878 1439 0 59 -59 0
2878 1439 0 60 -60 0
2878 1439 0 61 -61 0
2878 1439 0 62 -62 0
2878 1439 0 63 -63 0
2878 1439 0 64 -64 0
2878 1439 0 65 -65 0
2878 1439 0 66 -66 0
2878 1439 0 67 -67 0
2878 1439 0 68 -68 0
2878 1439 0 69 -69 0
2878 1439 0 70 -70 0
2878 1439 0 71 -71 0
2878 1439 0 72 -72 0
2878 1439 0 73 -73 0
2878 1439 0 74 -74 0
2878 1439 0 75 -75 0
2878 1439 0 76 -76 0
2878 1439 0 77 -77 0
2878 1439 0 78 -78 0
2878 1439 0 79 -79 0
2878 1439 0 80 -80 0
2878 1439 0 81 -81 0
2878 1439 0 82 -82 0
2878 1439 0 83 -83 0
2878 1439 0 84 -84 0
2878 1439 0 85 -85 0
2878 1439 0 86 -86 0
2878 1439 0 87 -87 0
2878 1439 0 88 -88 0
2878 1439 0 89 -89 0
2878 1439 0 90 -90 0
2878 1439 0 91 -91 0
2878 1439 0 92 -92 0
2878 1439 0 93 -93 0
2878 1439 0 94 -94 0
2878 1439 0 95 -95 0
2878 1439 0 96 -96 0
2878 1439 0 97 -97 0
2878 1439 0 98 -98 0
2878 1439 0 99 -99 0
2878 1439 0 100 -100 0
2878 1439 0 101 -101 0
2878 1439 0 102 -102 0
2878 1439 0 103 -103 0
2878 1439 0 104 -104 0
2878 1439 0 105 -105 0
2878 1439 0 106 -106 0
2878 1439 0 107 -107 0
2878 1439 0 108 -108 0
2878 1439 0 109 -109 0
2878 1439 0 110 -110 0
2878 1439 0 111 -111 0
2878 1439 0 112 -112 0
2878 1439 0 113 -113 0
2878 1439 0 114 -114 0
2878 1439 0 115 -115 0
2878 1439 0 116 -116 0
2878 1439 0 117 -117 0
2878 1439 0 118 -118 0
2878 1439 0 119 -119 0
2878 1439 0 120 -120 0
2878 1439 0 121 -121 0
2878 1439 0 122 -122 0
2878 1439 0 123 -123 0
2878 1439 0 124 -124 0
2878 1439 0 125 -125 0
2878 1439 0 126 -126 0
2878 1439 0 127 -127 0
2878 1439 0 128 -128 0
2878 1439 0 129 -129 0
2878 1439 0 130 -130 0
2878 1439 0 131 -131 0
2878 1439 0 132 -132 0
2878 1439 0 133 -133 0
2878 1439 0 134 -134 0
2878 1439 0 135 -135 0
2878 1439 0 136 -136 0
2878 1439 0 137 -137 0
2878 1439 0 138 -138 0
2878 1439 0 139 -139 0
2878 1439 0 140 -140 0
2878 1439 0 141 -141 0
2878 1439 0 142 -142 0
2878 1439 0 143 -143 0
2878 1439 0 144 -144 0
2878 1439 0 145 -145 0
2878 1439 0 146 -146 0
2878 1439 0 147 -147 0
2878 1439 0 148 -148 0
2878 1439 0 149 -149 0
2878 1439 0 150 -150 0
2880 1440 0 -150 150 0
2880 1440 0 -149 149 0
2880 1440 0 -148 148 0
2880 1440 0 -147 147 0
2880 1440 0 -146 146 0
2880 1440 0 -145 145 0
2880 1440 0 -144 144 0
2880 1440 0 -143 143 0
2880 1440 0 -142 142 0
2880 1440 0 -141 141 0
2880 1440 0 -140 140 0
2880 1440 0 -139 139 0
2880 1440 0 -138 138 0
2880 1440 0 -137 137 0
2880 1440 0 -136 136 0
2880 1440 0 -135 135 0
2880 1440 0 -134 134 0
2880 1440 0 -133 133 0
2880 1440 0 -132 132 0
2880 1440 0 -131 131 0
2880 1440 0 -130 130 0
2880 1440 0 -129 129 0
2880 1440 0 -128 128 0
2880 1440 0 -127 127 0
2880 1440 0 -126 126 0
2880 1440 0 -125 125 0
2880 1440 0 -124 124 0
2880 1440 0 -123 123 0
2880 1440 0 -122 122 0
2880 1440 0 -121 121 0
2880 1440 0 -120 120 0
2880 1440 0 -119 119 0
2880 1440 0 -118 118 0
2880 1440 0 -117 117 0
2880 1440 0 -116 116 0
2880 1440 0 -115 115 0
2880 1440 0 -114 114 0
2880 1440 0 -113 113 0
2880 1440 0 -112 112 0
2880 1440 0 -111 111 0
2880 1440 0 -110 110 0
2880 1440 0 -109 109 0
2880 1440 0 -108 108 0
2880 1440 0 -107 107 0
2880 1440 0 -106 106 0
2880 1440 0 -105 105 0
2880 1440 0 -104 104 0
2880 1440 0 -103 103 0
2880 1440 0 -102 102 0
2880 1440 0 -101 101 0
2880 1440 0 -100 100 0
2880 1440 0 -99 99 0
2880 1440 0 -98 98 0
2880 1440 0 -97 97 0
2880 1440 0 -96 96 0
2880 1440 0 -95 95 0
2880 1440 0 -94 94 0
2880 1440 0 -93 93 0
2880 1440 0 -92 92 0
2880 1440 0 -91 91 0
2880 1440 0 -90 90 0
2880 1440 0 -89 89 0
2880 1440 0 -88 88 0
2880 1440 0 -87 87 0
2880 1440 0 -86 86 0
2880 1440 0 -85 85 0
2880 1440 0 -84 84 0
2880 1440 0 -83 83 0
2880 1440 0 -82 82 0
2880 1440 0 -81 81 0
2880 1440 0 -80 80 0
2880 1440 0 -79 79 0
2880 1440 0 -78 78 0
2880 1440 0 -77 77 0
2880 1440 0 -76 76 0
2880 1440 0 -75 75 0
2880 1440 0 -74 74 0
2880 1440 0 -73 73 0
2880 1440 0 -72 72 0
2880 1440 0 -71 71 0
2880 1440 0 -70 70 0
2880 1440 0 -69 69 0
2880 1440 0 -68 68 0
2880 1440 0 -67 67 0
2880 1440 0 -66 66 0
2880 1440 0 -65 65 0
2880 1440 0 -64 64 0
2880 1440 0 -63 63 0
2880 1440 0 -62 62 0
2880 1440 0 -61 61 0
2880 1440 0 -60 60 0
2880 1440 0 -59 59 0
2880 1440 0 -58 58 0
2880 1440 0 -57 57 0
2880 1440 0 -56 56 0
2880 1440 0 -55 55 0
2880 1440 0 -54 54 0
2880 1440 0 -53 53 0
2880 1440 0 -52 52 0
2880 1440 0 -51 51 0
2880 1440 0 -50 50 0
2880 1440 0 -49 49 0
2880 1440 0 -48 48 0
2880 1440 0 -47 47 0
2880 1440 0 -46 46 0
2880 1440 0 -45 45 0
2880 1440 0 -44 44 0
2880 1440 0 -43 43 0
2880 1440 0 -42 42 0
2880 1440 0 -41 41 0
2880 1440 0 -40 40 0
2880 1440 0 -39 39 0
2880 1440 0 -38 38 0
2880 1440 0 -37 37 0
2880 1440 0 -36 36 0
2880 1440 0 -35 35 0
2880 1440 0 -34 34 0
2880 1440 0 -33 33 0
2880 1440 0 -32 32 0
2880 1440 0 -31 31 0
2880 1440 0 -30 30 0
2880 1440 0 -29 29 0
2880 1440 0 -28 28 0
2880 1440 0 -27 27 0
2880 1440 0 -26 26 0
2880 1440 0 -25 25 0
2880 1440 0 -24 24 0
2880 1440 0 -23 23 0
2880 1440 0 -22 22 0
2880 1440 0 -21 21 0
2880 1440 0 -20 20 0
2880 1440 0 -19 19 0
2880 1440 0 -18 18 0
2880 1440 0 -17 17 0
2880 1440 0 -16 16 0
2880 1440 0 -15 15 0
2880 1440 0 -14 14 0
2880 1440 0 -13 13 0
2880 1440 0 -12 12 0
2880 1440 0 -11 11 0
2880 1440 0 -10 10 0
2880 1440 0 -9 9 0
2880 1440 0 -8 8 0
2880 1440 0 -7 7 0
2880 1440 0 -6 6 0
2880 1440 0 -5 5 0
2880 1440 0 -4 4 0
2880 1440 0 -3 3 0
2880 1440 0 -2 2 0
2880 1440 0 -1 1 0
2880 1440 0 1 -1 0
2880 1440 0 2 -2 0
2880 1440 0 3 -3 0
2880 1440 0 4 -4 0
2880 1440 0 5 -5 0
2880 1440 0 6 -6 0
2880 1440 0 7 -7 0
2880 1440 0 8 -8 0
2880 1440 0 9 -9 0
2880 1440 0 10 -10 0
2880 1440 0 11 -11 0
2880 1440 0 12 -12 0
2880 1440 0 13 -13 0
2880 1440 0 14 -14 0
2880 1440 0 15 -15 0
2880 1440 0 16 -16 0
2880 1440 0 17 -17 0
2880 1440 0 18 -18 0
2880 1440 0 19 -19 0
2880 1440 0 20 -20 0
2880 1440 0 21 -21 0
2880 1440 0 22 -22 0
2880 1440 0 23 -23 0
2880 1440 0 24 -24 0
2880 1440 0 25 -25 0
2880 1440 0 26 -26 0
2880 1440 0 27 -27 0
2880 1440 0 28 -28 0
2880 1440 0 29 -29 0
2880 1440 0 30 -30 0
2880 1440 0 31 -31 0
2880 1440 0 32 -32 0
2880 1440 0 33 -33 0
2880 1440 0 34 -34 0
2880 1440 0 35 -35 0
2880 1440 0 36 -36 0
2880 1440 0 37 -37 0
2880 1440 0 38 -38 0
2880 1440 0 39 -39 0
2880 1440 0 40 -40 0
2880 1440 0 41 -41 0
2880 1440 0 42 -42 0
2880 1440 0 43 -43 0
2880 1440 0 44 -44 0
2880 1440 0 45 -45 0
2880 1440 0 46 -46 0
2880 1440 0 47 -47 0
2880 1440 0 48 -48 0
2880 1440 0 49 -49 0
2880 1440 0 50 -50 0
2880 1440 0 51 -51 0
2880 1440 0 52 -52 0
2880 1440 0 53 -53 0
2880 1440 0 54 -54 0
2880 1440 0 55 -55 0
2880 1440 0 56 -56 0
2880 1440 0 57 -57 0
2880 1440 0 58 -58 0
2880 1440 0 59 -59 0
2880 1440 0 60 -60 0
2880 1440 0 61 -61 0
2880 1440 0 62 -62 0
2880 1440 0 63 -63 0
2880 1440 0 64 -64 0
2880 1440 0 65 -65 0
2880 1440 0 66 -66 0
2880 1440 0 67 -67 0
2880 1440 0 68 -68 0
2880 1440 0 69 -69 0
2880 1440 0 70 -70 0
2880 1440 0 71 -71 0
2880 1440 0 72 -72 0
2880 1440 0 73 -73 0
2880 1440 0 74 -74 0
2880 1440 0 75 -75 0
2880 1440 0 76 -76 0
2880 1440 0 77 -77 0
2880 1440 0 78 -78 0
2880 1440 0 79 -79 0
2880 1440 0 80 -80 0
2880 1440 0 81 -81 0
2880 1440 0 82 -82 0
2880 1440 0 83 -83 0
2880 1440 0 84 -84 0
2880 1440 0 85 -85 0
2880 1440 0 86 -86 0
2880 1440 0 87 -87 0
2880 1440 0 88 -88 0
2880 1440 0 89 -89 0
2880 1440 0 90 -90 0
2880 1440 0 91 -91 0
2880 1440 0 92 -92 0
2880 1440 0 93 -93 0
2880 1440 0 94 -94 0
2880 1440 0 95 -95 0
2880 1440 0 96 -96 0
2880 1440 0 97 -97 0
2880 1440 0 98 -98 0
2880 1440 0 99 -99 0
2880 1440 0 100 -100 0
2880 1440 0 101 -101 0
2880 1440 0 102 -102 0
2880 1440 0 103 -103 0
2880 1440 0 104 -104 0
2880 1440 0 105 -105 0
2880 1440 0 106 -106 0
2880 1440 0 107 -107 0
2880 1440 0 108 -108 0
2880 1440 0 109 -109 0
2880 1440 0 110 -110 0
2880 1440 0 111 -111 0
2880 1440 0 112 -112 0
2880 1440 0 113 -113 0
2880 1440 0 114 -114 0
2880 1440 0 115 -115 0
2880 1440 0 116 -116 0
2880 1440 0 117 -117 0
2880 1440 0 118 -118 0
2880 1440 0 119 -119 0
2880 1440 0 120 -120 0
2880 1440 0 121 -121 0
2880 1440 0 122 -122 0
2880 1440 0 123 -123 0
2880 1440 0 124 -124 0
2880 1440 0 125 -125 0
2880 1440 0 126 -126 0
2880 1440 0 127 -127 0
2880 1440 0 128 -128 0
2880 1440 0 129 -129 0
2880 1440 0 130 -130 0
2880 1440 0 131 -131 0
2880 1440 0 132 -132 0
2880 1440 0 133 -133 0
2880 1440 0 134 -134 0
2880 1440 0 135 -135 0
2880 1440 0 136 -136 0
2880 1440 0 137 -137 0
2880 1440 0 138 -138 0
2880 1440 0 139 -139 0
2880 1440 0 140 -140 0
2880 1440 0 141 -141 0
2880 1440 0 142 -142 0
2880 1440 0 143 -143 0
2880 1440 0 144 -144 0
2880 1440 0 145 -145 0
2880 1440 0 146 -146 0
2880 1440 0 147 -147 0
2880 1440 0 148 -148 0
2880 1440 0 149 -149 0
2880 1440 0 150 -150 0
2882 1441 0 -150 150 0
2882 1441 0 -149 149 0
2882 1441 0 -148 148 0
2882 1441 0 -147 147 0
2882 1441 0 -146 146 0
2882 1441 0 -145 145 0
2882 1441 0 -144 144 0
2882 1441 0 -143 143 0
2882 1441 0 -142 142 0
2882 1441 0 -141 141 0
2882 1441 0 -140 140 0
2882 1441 0 -139 139 0
2882 1441 0 -138 138 0
2882 1441 0 -137 137 0
2882 1441 0 -136 136 0
2882 1441 0 -135 135 0
2882 1441 0 -134 134 0
2882 1441 0 -133 133 0
2882 1441 0 -132 132 0
2882 1441 0 -131 131 0
2882 1441 0 -130 130 0
2882 1441 0 -129 129 0
2882 1441 0 -128 128 0
2882 1441 0 -127 127 0
2882 1441 0 -126 126 0
2882 1441 0 -125 125 0
2882 1441 0 -124 124 0
2882 1441 0 -123 123 0
2882 1441 0 -122 122 0
2882 1441 0 -121 121 0
2882 1441 0 -120 120 0
2882 1441 0 -119 119 0
2882 1441 0 -118 118 0
2882 1441 0 -117 117 0
2882 1441 0 -116 116 0
2882 1441 0 -115 115 0
2882 1441 0 -114 114 0
2882 1441 0 -113 113 0
2882 1441 0 -112 112 0
2882 1441 0 -111 111 0
2882 1441 0 -110 110 0
2882 1441 0 -109 109 0
2882 1441 0 -108 108 0
2882 1441 0 -107 107 0
2882 1441 0 -106 106 0
2882 1441 0 -105 105 0
2882 1441 0 -104 104 0
2882 1441 0 -103 103 0
2882 1441 0 -102 102 0
2882 1441 0 -101 101 0
2882 1441 0 -100 100 0
2882 1441 0 -99 99 0
2882 1441 0 -98 98 0
2882 1441 0 -97 97 0
2882 1441 0 -96 96 0
2882 1441 0 -95 95 0
2882 1441 0 -94 94 0
2882 1441 0 -93 93 0
2882 1441 0 -92 92 0
2882 1441 0 -91 91 0
2882 1441 0 -90 90 0
2882 1441 0 -89 89 0
2882 1441 0 -88 88 0
2882 1441 0 -87 87 0
2882 1441 0 -86 86 0
2882 1441 0 -85 85 0
2882 1441 0 -84 84 0
2882 1441 0 -83 83 0
2882 1441 0 -82 82 0
2882 1441 0 -81 81 0
2882 1441 0 -80 80 0
2882 1441 0 -79 79 0
2882 1441 0 -78 78 0
2882 1441 0 -77 77 0
2882 1441 0 -76 76 0
2882 1441 0 -75 75 0
2882 1441 0 -74 74 0
2882 1441 0 -73 73 0
2882 1441 0 -72 72 0
2882 1441 0 -71 71 0
2882 1441 0 -70 70 0
2882 1441 0 -69 69 0
2882 1441 0 -68 68 0
2882 1441 0 -67 67 0
2882 1441 0 -66 66 0
2882 1441 0 -65 65 0
2882 1441 0 -64 64 0
2882 1441 0 -63 63 0
2882 1441 0 -62 62 0
2882 1441 0 -61 61 0
2882 1441 0 -60 60 0
2882 1441 0 -59 59 0
2882 1441 0 -58 58 0
2882 1441 0 -57 57 0
2882 1441 0 -56 56 0
2882 1441 0 -55 55 0
2882 1441 0 -54 54 0
2882 1441 0 -53 53 0
2882 1441 0 -52 52 0
2882 1441 0 -51 51 0
2882 1441 0 -50 50 0
2882 1441 0 -49 49 0
2882 1441 0 -48 48 0
2882 1441 0 -47 47 0
2882 1441 0 -46 46 0
2882 1441 0 -45 45 0
2882 1441 0 -44 44 0
2882 1441 0 -43 43 0
2882 1441 0 -42 42 0
2882 1441 0 -41 41 0
2882 1441 0 -40 40 0
2882 1441 0 -39 39 0
2882 1441 0 -38 38 0
2882 1441 0 -37 37 0
2882 1441 0 -36 36 0
2882 1441 0 -35 35 0
2882 1441 0 -34 34 0
2882 1441 0 -33 33 0
2882 1441 0 -32 32 0
2882 1441 0 -31 31 0
2882 1441 0 -30 30 0
2882 1441 0 -29 29 0
2882 1441 0 -28 28 0
2882 1441 0 -27 27 0
2882 1441 0 -26 26 0
2882 1441 0 -25 25 0
2882 1441 0 -24 24 0
2882 1441 0 -23 23 0
2882 1441 0 -22 22 0
2882 1441 0 -21 21 0
2882 1441 0 -20 20 0
2882 1441 0 -19 19 0
2882 1441 0 -18 18 0
2882 1441 0 -17 17 0
2882 1441 0 -16 16 0
2882 1441 0 -15 15 0
2882 1441 0 -14 14 0
2882 1441 0 -13 13 0
2882 1441 0 -12 12 0
2882 1441 0 -11 11 0
2882 1441 0 -10 10 0
2882 1441 0 -9 9 0
2882 1441 0 -8 8 0
2882 1441 0 -7 7 0
2882 1441 0 -6 6 0
2882 1441 0 -5 5 0
2882 1441 0 -4 4 0
2882 1441 0 -3 3 0
2882 1441 0 -2 2 0
2882 1441 0 -1 1 0
2882 1441 0 1 -1 0
2882 1441 0 2 -2 0
2882 1441 0 3 -3 0
2882 1441 0 4 -4 0
2882 1441 0 5 -5 0
2882 1441 0 6 -6 0
2882 1441 0 7 -7 0
2882 1441 0 8 -8 0
2882 1441 0 9 -9 0
2882 1441 0 10 -10 0
2882 1441 0 11 -11 0
2882 1441 0 12 -12 0
2882 1441 0 13 -13 0
2882 1441 0 14 -14 0
2882 1441 0 15 -15 0
2882 1441 0 16 -16 0
2882 1441 0 17 -17 0
2882 1441 0 18 -18 0
2882 1441 0 19 -19 0
2882 1441 0 20 -20 0
2882 1441 0 21 -21 0
2882 1441 0 22 -22 0
2882 1441 0 23 -23 0
2882 1441 0 24 -24 0
2882 1441 0 25 -25 0
2882 1441 0 26 -26 0
2882 1441 0 27 -27 0
2882 1441 0 28 -28 0
2882 1441 0 29 -29 0
2882 1441 0 30 -30 0
2882 1441 0 31 -31 0
2882 1441 0 32 -32 0
2882 1441 0 33 -33 0
2882 1441 0 34 -34 0
2882 1441 0 35 -35 0
2882 1441 0 36 -36 0
2882 1441 0 37 -37 0
2882 1441 0 38 -38 0
2882 1441 0 39 -39 0
2882 1441 0 40 -40 0
2882 1441 0 41 -41 0
2882 1441 0 42 -42 0
2882 1441 0 43 -43 0
2882 1441 0 44 -44 0
2882 1441 0 45 -45 0
2882 1441 0 46 -46 0
2882 1441 0 47 -47 0
2882 1441 0 48 -48 0
2882 1441 0 49 -49 0
2882 1441 0 50 -50 0
2882 1441 0 51 -51 0
2882 1441 0 52 -52 0
2882 1441 0 53 -53 0
2882 1441 0 54 -54 0
2882 1441 0 55 -55 0
2882 1441 0 56 -56 0
2882 1441 0 57 -57 0
2882 1441 0 58 -58 0
2882 1441 0 59 -59 0
2882 1441 0 60 -60 0
2882 1441 0 61 -61 0
2882 1441 0 62 -62 0
2882 1441 0 63 -63 0
2882 1441 0 64 -64 0
2882 1441 0 65 -65 0
2882 1441 0 66 -66 0
2882 1441 0 67 -67 0
2882 1441 0 68 -68 0
2882 1441 0 69 -69 0
2882 1441 0 70 -70 0
2882 1441 0 71 -71 0
2882 1441 0 72 -72 0
2882 1441 0 73 -73 0
2882 1441 0 74 -74 0
2882 1441 0 75 -75 0
2882 1441 0 76 -76 0
2882 1441 0 77 -77 0
2882 1441 0 78 -78 0
2882 1441 0 79 -79 0
2882 1441 0 80 -80 0
2882 1441 0 81 -81 0
2882 1441 0 82 -82 0
2882 1441 0 83 -83 0
2882 1441 0 84 -84 0
2882 1441 0 85 -85 0
2882 1441 0 86 -86 0
2882 1441 0 87 -87 0
2882 1441 0 88 -88 0
2882 1441 0 89 -89 0
2882 1441 0 90 -90 0
2882 1441 0 91 -91 0
2882 1441 0 92 -92 0
2882 1441 0 93 -93 0
2882 1441 0 94 -94 0
2882 1441 0 95 -95 0
2882 1441 0 96 -96 0
2882 1441 0 97 -97 0
2882 1441 0 98 -98 0
2882 1441 0 99 -99 0
2882 1441 0 100 -100 0
2882 1441 0 101 -101 0
2882 1441 0 102 -102 0
2882 1441 0 103 -103 0
2882 1441 0 104 -104 0
2882 1441 0 105 -105 0
2882 1441 0 106 -106 0
2882 1441 0 107 -107 0
2882 1441 0 108 -108 0
2882 1441 0 109 -109 0
2882 1441 0 110 -110 0
2882 1441 0 111 -111 0
2882 1441 0 112 -112 0
2882 1441 0 113 -113 0
2882 1441 0 114 -114 0
2882 1441 0 115 -115 0
2882 1441 0 116 -116 0
2882 1441 0 117 -117 0
2882 1441 0 118 -118 0
2882 1441 0 119 -119 0
2882 1441 0 120 -120 0
2882 1441 0 121 -121 0
2882 1441 0 122 -122 0
2882 1441 0 123 -123 0
2882 1441 0 124 -124 0
2882 1441 0 125 -125 0
2882 1441 0 126 -126 0
2882 1441 0 127 -127 0
2882 1441 0 128 -128 0
2882 1441 0 129 -129 0
2882 1441 0 130 -130 0
2882 1441 0 131 -131 0
2882 1441 0 132 -132 0
2882 1441 0 133 -133 0
2882 1441 0 134 -134 0
2882 1441 0 135 -135 0
2882 1441 0 136 -136 0
2882 1441 0 137 -137 0
2882 1441 0 138 -138 0
2882 1441 0 139 -139 0
2882 1441 0 140 -140 0
2882 1441 0 141 -141 0
2882 1441 0 142 -142 0
2882 1441 0 143 -143 0
2882 1441 0 144 -144 0
2882 1441 0 145 -145 0
2882 1441 0 146 -146 0
2882 1441 0 147 -147 0
2882 1441 0 148 -148 0
2882 1441 0 149 -149 0
2882 1441 0 150 -150 0
2884 1442 0 -150 150 0
2884 1442 0 -149 149 0
2884 1442 0 -148 148 0
2884 1442 0 -147 147 0
2884 1442 0 -146 146 0
2884 1442 0 -145 145 0
2884 1442 0 -144 144 0
2884 1442 0 -143 143 0
2884 1442 0 -142 142 0
2884 1442 0 -141 141 0
2884 1442 0 -140 140 0
2884 1442 0 -139 139 0
2884 1442 0 -138 138 0
2884 1442 0 -137 137 0
2884 1442 0 -136 136 0
2884 1442 0 -135 135 0
2884 1442 0 -134 134 0
2884 1442 0 -133 133 0
2884 1442 0 -132 132 0
2884 1442 0 -131 131 0
2884 1442 0 -130 130 0
2884 1442 0 -129 129 0
2884 1442 0 -128 128 0
2884 1442 0 -127 127 0
2884 1442 0 -126 126 0
2884 1442 0 -125 125 0
2884 1442 0 -124 124 0
2884 1442 0 -123 123 0
2884 1442 0 -122 122 0
2884 1442 0 -121 121 0
2884 1442 0 -120 120 0
2884 1442 0 -119 119 0
2884 1442 0 -118 118 0
2884 1442 0 -117 117 0
2884 1442 0 -116 116 0
2884 1442 0 -115 115 0
2884 1442 0 -114 114 0
2884 1442 0 -113 113 0
2884 1442 0 -112 112 0
2884 1442 0 -111 111 0
2884 1442 0 -110 110 0
2884 1442 0 -109 109 0
2884 1442 0 -108 108 0
2884 1442 0 -107 107 0
2884 1442 0 -106 106 0
2884 1442 0 -105 105 0
2884 1442 0 -104 104 0
2884 1442 0 -103 103 0
2884 1442 0 -102 102 0
2884 1442 0 -101 101 0
2884 1442 0 -100 100 0
2884 1442 0 -99 99 0
2884 1442 0 -98 98 0
2884 1442 0 -97 97 0
2884 1442 0 -96 96 0
2884 1442 0 -95 95 0
2884 1442 0 -94 94 0
2884 1442 0 -93 93 0
2884 1442 0 -92 92 0
2884 1442 0 -91 91 0
2884 1442 0 -90 90 0
2884 1442 0 -89 89 0
2884 1442 0 -88 88 0
2884 1442 0 -87 87 0
2884 1442 0 -86 86 0
2884 1442 0 -85 85 0
2884 1442 0 -84 84 0
2884 1442 0 -83 83 0
2884 1442 0 -82 82 0
2884 1442 0 -81 81 0
2884 1442 0 -80 80 0
2884 1442 0 -79 79 0
2884 1442 0 -78 78 0
2884 1442 0 -77 77 0
2884 1442 0 -76 76 0
2884 1442 0 -75 75 0
2884 1442 0 -74 74 0
2884 1442 0 -73 73 0
2884 1442 0 -72 72 0
2884 1442 0 -71 71 0
2884 1442 0 -70 70 0
2884 1442 0 -69 69 0
2884 1442 0 -68 68 0
2884 1442 0 -67 67 0
2884 1442 0 -66 66 0
2884 1442 0 -65 65 0
2884 1442 0 -64 64 0
2884 1442 0 -63 63 0
2884 1442 0 -62 62 0
2884 1442 0 -61 61 0
2884 1442 0 -60 60 0
2884 1442 0 -59 59 0
2884 1442 0 -58 58 0
2884 1442 0 -57 57 0
2884 1442 0 -56 56 0
2884 1442 0 -55 55 0
2884 1442 0 -54 54 0
2884 1442 0 -53 53 0
2884 1442 0 -52 52 0
2884 1442 0 -51 51 0
2884 1442 0 -50 50 0
2884 1442 0 -49 49 0
2884 1442 0 -48 48 0
2884 1442 0 -47 47 0
2884 1442 0 -46 46 0
2884 1442 0 -45 45 0
2884 1442 0 -44 44 0
2884 1442 0 -43 43 0
2884 1442 0 -42 42 0
2884 1442 0 -41 41 0
2884 1442 0 -40 40 0
2884 1442 0 -39 39 0
2884 1442 0 -38 38 0
2884 1442 0 -37 37 0
2884 1442 0 -36 36 0
2884 1442 0 -35 35 0
2884 1442 0 -34 34 0
2884 1442 0 -33 33 0
2884 1442 0 -32 32 0
2884 1442 0 -31 31 0
2884 1442 0 -30 30 0
2884 1442 0 -29 29 0
2884 1442 0 -28 28 0
2884 1442 0 -27 27 0
2884 1442 0 -26 26 0
2884 1442 0 -25 25 0
2884 1442 0 -24 24 0
2884 1442 0 -23 23 0
2884 1442 0 -22 22 0
2884 1442 0 -21 21 0
2884 1442 0 -20 20 0
2884 1442 0 -19 19 0
2884 1442 0 -18 18 0
2884 1442 0 -17 17 0
2884 1442 0 -16 16 0
2884 1442 0 -15 15 0
2884 1442 0 -14 14 0
2884 1442 0 -13 13 0
2884 1442 0 -12 12 0
2884 1442 0 -11 11 0
2884 1442 0 -10 10 0
2884 1442 0 -9 9 0
2884 1442 0 -8 8 0
2884 1442 0 -7 7 0
2884 1442 0 -6 6 0
2884 1442 0 -5 5 0
2884 1442 0 -4 4 0
2884 1442 0 -3 3 0
2884 1442 0 -2 2 0
2884 1442 0 -1 1 0
2884 1442 0 1 -1 0
2884 1442 0 2 -2 0
2884 1442 0 3 -3 0
2884 1442 0 4 -4 0
2884 1442 0 5 -5 0
2884 1442 0 6 -6 0
2884 1442 0 7 -7 0
2884 1442 0 8 -8 0
2884 1442 0 9 -9 0
2884 1442 0 10 -10 0
2884 1442 0 11 -11 0
2884 1442 0 12 -12 0
2884 1442 0 13 -13 0
2884 1442 0 14 -14 0
2884 1442 0 15 -15 0
2884 1442 0 16 -16 0
2884 1442 0 17 -17 0
2884 1442 0 18 -18 0
2884 1442 0 19 -19 0
2884 1442 0 20 -20 0
2884 1442 0 21 -21 0
2884 1442 0 22 -22 0
2884 1442 0 23 -23 0
2884 1442 0 24 -24 0
2884 1442 0 25 -25 0
2884 1442 0 26 -26 0
2884 1442 0 27 -27 0
2884 1442 0 28 -28 0
2884 1442 0 29 -29 0
2884 1442 0 30 -30 0
2884 1442 0 31 -31 0
2884 1442 0 32 -32 0
2884 1442 0 33 -33 0
2884 1442 0 34 -34 0
2884 1442 0 35 -35 0
2884 1442 0 36 -36 0
2884 1442 0 37 -37 0
2884 1442 0 38 -38 0
2884 1442 0 39 -39 0
2884 1442 0 40 -40 0
2884 1442 0 41 -41 0
2884 1442 0 42 -42 0
2884 1442 0 43 -43 0
2884 1442 0 44 -44 0
2884 1442 0 45 -45 0
2884 1442 0 46 -46 0
2884 1442 0 47 -47 0
2884 1442 0 48 -48 0
2884 1442 0 49 -49 0
2884 1442 0 50 -50 0
2884 1442 0 51 -51 0
2884 1442 0 52 -52 0
2884 1442 0 53 -53 0
2884 1442 0 54 -54 0
2884 1442 0 55 -55 0
2884 1442 0 56 -56 0
2884 1442 0 57 -57 0
2884 1442 0 58 -58 0
2884 1442 0 59 -59 0
2884 1442 0 60 -60 0
2884 1442 0 61 -61 0
2884 1442 0 62 -62 0
2884 1442 0 63 -63 0
2884 1442 0 64 -64 0
2884 1442 0 65 -65 0
2884 1442 0 66 -66 0
2884 1442 0 67 -67 0
2884 1442 0 68 -68 0
2884 1442 0 69 -69 0
2884 1442 0 70 -70 0
2884 1442 0 71 -71 0
2884 1442 0 72 -72 0
2884 1442 0 73 -73 0
2884 1442 0 74 -74 0
2884 1442 0 75 -75 0
2884 1442 0 76 -76 0
2884 1442 0 77 -77 0
2884 1442 0 78 -78 0
2884 1442 0 79 -79 0
2884 1442 0 80 -80 0
2884 1442 0 81 -81 0
2884 1442 0 82 -82 0
2884 1442 0 83 -83 0
2884 1442 0 84 -84 0
2884 1442 0 85 -85 0
2884 1442 0 86 -86 0
2884 1442 0 87 -87 0
2884 1442 0 88 -88 0
2884 1442 0 89 -89 0
2884 1442 0 90 -90 0
2884 1442 0 91 -91 0
2884 1442 0 92 -92 0
2884 1442 0 93 -93 0
2884 1442 0 94 -94 0
2884 1442 0 95 -95 0
2884 1442 0 96 -96 0
2884 1442 0 97 -97 0
2884 1442 0 98 -98 0
2884 1442 0 99 -99 0
2884 1442 0 100 -100 0
2884 1442 0 101 -101 0
2884 1442 0 102 -102 0
2884 1442 0 103 -103 0
2884 1442 0 104 -104 0
2884 1442 0 105 -105 0
2884 1442 0 106 -106 0
2884 1442 0 107 -107 0
2884 1442 0 108 -108 0
2884 1442 0 109 -109 0
2884 1442 0 110 -110 0
2884 1442 0 111 -111 0
2884 1442 0 112 -112 0
2884 1442 0 113 -113 0
2884 1442 0 114 -114 0
2884 1442 0 115 -115 0
2884 1442 0 116 -116 0
2884 1442 0 117 -117 0
2884 1442 0 118 -118 0
2884 1442 0 119 -119 0
2884 1442 0 120 -120 0
2884 1442 0 121 -121 0
2884 1442 0 122 -122 0
2884 1442 0 123 -123 0
2884 1442 0 124 -124 0
2884 1442 0 125 -125 0
2884 1442 0 126 -126 0
2884 1442 0 127 -127 0
2884 1442 0 128 -128 0
2884 1442 0 129 -129 0
2884 1442 0 130 -130 0
2884 1442 0 131 -131 0
2884 1442 0 132 -132 0
2884 1442 0 133 -133 0
2884 1442 0 134 -134 0
2884 1442 0 135 -135 0
2884 1442 0 136 -136 0
2884 1442 0 137 -137 0
2884 1442 0 138 -138 0
2884 1442 0 139 -139 0
2884 1442 0 140 -140 0
2884 1442 0 141 -141 0
2884 1442 0 142 -142 0
2884 1442 0 143 -143 0
2884 1442 0 144 -144 0
2884 1442 0 145 -145 0
2884 1442 0 146 -146 0
2884 1442 0 147 -147 0
2884 1442 0 148 -148 0
2884 1442 0 149 -149 0
2884 1442 0 150 -150 0
2886 1443 0 -150 150 0
2886 1443 0 -149 149 0
2886 1443 0 -148 148 0
2886 1443 0 -147 147 0
2886 1443 0 -146 146 0
2886 1443 0 -145 145 0
2886 1443 0 -144 144 0
2886 1443 0 -143 143 0
2886 1443 0 -142 142 0
2886 1443 0 -141 141 0
2886 1443 0 -140 140 0
2886 1443 0 -139 139 0
2886 1443 0 -138 138 0
2886 1443 0 -137 137 0
2886 1443 0 -136 136 0
2886 1443 0 -135 135 0
2886 1443 0 -134 134 0
2886 1443 0 -133 133 0
2886 1443 0 -132 132 0
2886 1443 0 -131 131 0
2886 1443 0 -130 130 0
2886 1443 0 -129 129 0
2886 1443 0 -128 128 0
2886 1443 0 -127 127 0
2886 1443 0 -126 126 0
2886 1443 0 -125 125 0
2886 1443 0 -124 124 0
2886 1443 0 -123 123 0
2886 1443 0 -122 122 0
2886 1443 0 -121 121 0
2886 1443 0 -120 120 0
2886 1443 0 -119 119 0
2886 1443 0 -118 118 0
2886 1443 0 -117 117 0
2886 1443 0 -116 116 0
2886 1443 0 -115 115 0
2886 1443 0 -114 114 0
2886 1443 0 -113 113 0
2886 1443 0 -112 112 0
2886 1443 0 -111 111 0
2886 1443 0 -110 110 0
2886 1443 0 -109 109 0
2886 1443 0 -108 108 0
2886 1443 0 -107 107 0
2886 1443 0 -106 106 0
2886 1443 0 -105 105 0
2886 1443 0 -104 104 0
2886 1443 0 -103 103 0
2886 1443 0 -102 102 0
2886 1443 0 -101 101 0
2886 1443 0 -100 100 0
2886 1443 0 -99 99 0
2886 1443 0 -98 98 0
2886 1443 0 -97 97 0
2886 1443 0 -96 96 0
2886 1443 0 -95 95 0
2886 1443 0 -94 94 0
2886 1443 0 -93 93 0
2886 1443 0 -92 92 0
2886 1443 0 -91 91 0
2886 1443 0 -90 90 0
2886 1443 0 -89 89 0
2886 1443 0 -88 88 0
2886 1443 0 -87 87 0
2886 1443 0 -86 86 0
2886 1443 0 -85 85 0
2886 1443 0 -84 84 0
2886 1443 0 -83 83 0
2886 1443 0 -82 82 0
2886 1443 0 -81 81 0
2886 1443 0 -80 80 0
2886 1443 0 -79 79 0
2886 1443 0 -78 78 0
2886 1443 0 -77 77 0
2886 1443 0 -76 76 0
2886 1443 0 -75 75 0
2886 1443 0 -74 74 0
2886 1443 0 -73 73 0
2886 1443 0 -72 72 0
2886 1443 0 -71 71 0
2886 1443 0 -70 70 0
2886 1443 0 -69 69 0
2886 1443 0 -68 68 0
2886 1443 0 -67 67 0
2886 1443 0 -66 66 0
2886 1443 0 -65 65 0
2886 1443 0 -64 64 0
2886 1443 0 -63 63 0
2886 1443 0 -62 62 0
2886 1443 0 -61 61 0
2886 1443 0 -60 60 0
2886 1443 0 -59 59 0
2886 1443 0 -58 58 0
2886 1443 0 -57 57 0
2886 1443 0 -56 56 0
2886 1443 0 -55 55 0
2886 1443 0 -54 54 0
2886 1443 0 -53 53 0
2886 1443 0 -52 52 0
2886 1443 0 -51 51 0
2886 1443 0 -50 50 0
2886 1443 0 -49 49 0
2886 1443 0 -48 48 0
2886 1443 0 -47 47 0
2886 1443 0 -46 46 0
2886 1443 0 -45 45 0
2886 1443 0 -44 44 0
2886 1443 0 -43 43 0
2886 1443 0 -42 42 0
2886 1443 0 -41 41 0
2886 1443 0 -40 40 0
2886 1443 0 -39 39 0
2886 1443 0 -38 38 0
2886 1443 0 -37 37 0
2886 1443 0 -36 36 0
2886 1443 0 -35 35 0
2886 1443 0 -34 34 0
2886 1443 0 -33 33 0
2886 1443 0 -32 32 0
2886 1443 0 -31 31 0
2886 1443 0 -30 30 0
2886 1443 0 -29 29 0
2886 1443 0 -28 28 0
2886 1443 0 -27 27 0
2886 1443 0 -26 26 0
2886 1443 0 -25 25 0
2886 1443 0 -24 24 0
2886 1443 0 -23 23 0
2886 1443 0 -22 22 0
2886 1443 0 -21 21 0
2886 1443 0 -20 20 0
2886 1443 0 -19 19 0
2886 1443 0 -18 18 0
2886 1443 0 -17 17 0
2886 1443 0 -16 16 0
2886 1443 0 -15 15 0
2886 1443 0 -14 14 0
2886 1443 0 -13 13 0
2886 1443 0 -12 12 0
2886 1443 0 -11 11 0
2886 1443 0 -10 10 0
2886 1443 0 -9 9 0
2886 1443 0 -8 8 0
2886 1443 0 -7 7 0
2886 1443 0 -6 6 0
2886 1443 0 -5 5 0
2886 1443 0 -4 4 0
2886 1443 0 -3 3 0
2886 1443 0 -2 2 0
2886 1443 0 -1 1 0
2886 1443 0 1 -1 0
2886 1443 0 2 -2 0
2886 1443 0 3 -3 0
2886 1443 0 4 -4 0
2886 1443 0 5 -5 0
2886 1443 0 6 -6 0
2886 1443 0 7 -7 0
2886 1443 0 8 -8 0
2886 1443 0 9 -9 0
2886 1443 0 10 -10 0
2886 1443 0 11 -11 0
2886 1443 0 12 -12 0
2886 1443 0 13 -13 0
2886 1443 0 14 -14 0
2886 1443 0 15 -15 0
2886 1443 0 16 -16 0
2886 1443 0 17 -17 0
2886 1443 0 18 -18 0
2886 1443 0 19 -19 0
2886 1443 0 20 -20 0
2886 1443 0 21 -21 0
2886 1443 0 22 -22 0
2886 1443 0 23 -23 0
2886 1443 0 24 -24 0
2886 1443 0 25 -25 0
2886 1443 0 26 -26 0
2886 1443 0 27 -27 0
2886 1443 0 28 -28 0
2886 1443 0 29 -29 0
2886 1443 0 30 -30 0
2886 1443 0 31 -31 0
2886 1443 0 32 -32 0
2886 1443 0 33 -33 0
2886 1443 0 34 -34 0
2886 1443 0 35 -35 0
2886 1443 0 36 -36 0
2886 1443 0 37 -37 0
2886 1443 0 38 -38 0
2886 1443 0 39 -39 0
2886 1443 0 40 -40 0
2886 1443 0 41 -41 0
2886 1443 0 42 -42 0
2886 1443 0 43 -43 0
2886 1443 0 44 -44 0
2886 1443 0 45 -45 0
2886 1443 0 46 -46 0
2886 1443 0 47 -47 0
2886 1443 0 48 -48 0
2886 1443 0 49 -49 0
2886 1443 0 50 -50 0
2886 1443 0 51 -51 0
2886 1443 0 52 -52 0
2886 1443 0 53 -53 0
2886 1443 0 54 -54 0
2886 1443 0 55 -55 0
2886 1443 0 56 -56 0
2886 1443 0 57 -57 0
2886 1443 0 58 -58 0
2886 1443 0 59 -59 0
2886 1443 0 60 -60 0
2886 1443 0 61 -61 0
2886 1443 0 62 -62 0
2886 1443 0 63 -63 0
2886 1443 0 64 -64 0
2886 1443 0 65 -65 0
2886 1443 0 66 -66 0
2886 1443 0 67 -67 0
2886 1443 0 68 -68 0
2886 1443 0 69 -69 0
2886 1443 0 70 -70 0
2886 1443 0 71 -71 0
2886 1443 0 72 -72 0
2886 1443 0 73 -73 0
2886 1443 0 74 -74 0
2886 1443 0 75 -75 0
2886 1443 0 76 -76 0
2886 1443 0 77 -77 0
2886 1443 0 78 -78 0
2886 1443 0 79 -79 0
2886 1443 0 80 -80 0
2886 1443 0 81 -81 0
2886 1443 0 82 -82 0
2886 1443 0 83 -83 0
2886 1443 0 84 -84 0
2886 1443 0 85 -85 0
2886 1443 0 86 -86 0
2886 1443 0 87 -87 0
2886 1443 0 88 -88 0
2886 1443 0 89 -89 0
2886 1443 0 90 -90 0
2886 1443 0 91 -91 0
2886 1443 0 92 -92 0
2886 1443 0 93 -93 0
2886 1443 0 94 -94 0
2886 1443 0 95 -95 0
2886 1443 0 96 -96 0
2886 1443 0 97 -97 0
2886 1443 0 98 -98 0
2886 1443 0 99 -99 0
2886 1443 0 100 -100 0
2886 1443 0 101 -101 0
2886 1443 0 102 -102 0
2886 1443 0 103 -103 0
2886 1443 0 104 -104 0
2886 1443 0 105 -105 0
2886 1443 0 106 -106 0
2886 1443 0 107 -107 0
2886 1443 0 108 -108 0
2886 1443 0 109 -109 0
2886 1443 0 110 -110 0
2886 1443 0 111 -111 0
2886 1443 0 112 -112 0
2886 1443 0 113 -113 0
2886 1443 0 114 -114 0
2886 1443 0 115 -115 0
2886 1443 0 116 -116 0
2886 1443 0 117 -117 0
2886 1443 0 118 -118 0
2886 1443 0 119 -119 0
2886 1443 0 120 -120 0
2886 1443 0 121 -121 0
2886 1443 0 122 -122 0
2886 1443 0 123 -123 0
2886 1443 0 124 -124 0
2886 1443 0 125 -125 0
2886 1443 0 126 -126 0
2886 1443 0 127 -127 0
2886 1443 0 128 -128 0
2886 1443 0 129 -129 0
2886 1443 0 130 -130 0
2886 1443 0 131 -131 0
2886 1443 0 132 -132 0
2886 1443 0 133 -133 0
2886 1443 0 134 -134 0
2886 1443 0 135 -135 0
2886 1443 0 136 -136 0
2886 1443 0 137 -137 0
2886 1443 0 138 -138 0
2886 1443 0 139 -139 0
2886 1443 0 140 -140 0
2886 1443 0 141 -141 0
2886 1443 0 142 -142 0
2886 1443 0 143 -143 0
2886 1443 0 144 -144 0
2886 1443 0 145 -145 0
2886 1443 0 146 -146 0
2886 1443 0 147 -147 0
2886 1443 0 148 -148 0
2886 1443 0 149 -149 0
2886 1443 0 150 -150 0
2888 1444 0 -150 150 0
2888 1444 0 -149 149 0
2888 1444 0 -148 148 0
2888 1444 0 -147 147 0
2888 1444 0 -146 146 0
2888 1444 0 -145 145 0
2888 1444 0 -144 144 0
2888 1444 0 -143 143 0
2888 1444 0 -142 142 0
2888 1444 0 -141 141 0
2888 1444 0 -140 140 0
2888 1444 0 -139 139 0
2888 1444 0 -138 138 0
2888 1444 0 -137 137 0
2888 1444 0 -136 136 0
2888 1444 0 -135 135 0
2888 1444 0 -134 134 0
2888 1444 0 -133 133 0
2888 1444 0 -132 132 0
2888 1444 0 -131 131 0
2888 1444 0 -130 130 0
2888 1444 0 -129 129 0
2888 1444 0 -128 128 0
2888 1444 0 -127 127 0
2888 1444 0 -126 126 0
2888 1444 0 -125 125 0
2888 1444 0 -124 124 0
2888 1444 0 -123 123 0
2888 1444 0 -122 122 0
2888 1444 0 -121 121 0
2888 1444 0 -120 120 0
2888 1444 0 -119 119 0
2888 1444 0 -118 118 0
2888 1444 0 -117 117 0
2888 1444 0 -116 116 0
2888 1444 0 -115 115 0
2888 1444 0 -114 114 0
2888 1444 0 -113 113 0
2888 1444 0 -112 112 0
2888 1444 0 -111 111 0
2888 1444 0 -110 110 0
2888 1444 0 -109 109 0
2888 1444 0 -108 108 0
2888 1444 0 -107 107 0
2888 1444 0 -106 106 0
2888 1444 0 -105 105 0
2888 1444 0 -104 104 0
2888 1444 0 -103 103 0
2888 1444 0 -102 102 0
2888 1444 0 -101 101 0
2888 1444 0 -100 100 0
2888 1444 0 -99 99 0
2888 1444 0 -98 98 0
2888 1444 0 -97 97 0
2888 1444 0 -96 96 0
2888 1444 0 -95 95 0
2888 1444 0 -94 94 0
2888 1444 0 -93 93 0
2888 1444 0 -92 92 0
2888 1444 0 -91 91 0
2888 1444 0 -90 90 0
2888 1444 0 -89 89 0
2888 1444 0 -88 88 0
2888 1444 0 -87 87 0
2888 1444 0 -86 86 0
2888 1444 0 -85 85 0
2888 1444 0 -84 84 0
2888 1444 0 -83 83 0
2888 1444 0 -82 82 0
2888 1444 0 -81 81 0
2888 1444 0 -80 80 0
2888 1444 0 -79 79 0
2888 1444 0 -78 78 0
2888 1444 0 -77 77 0
2888 1444 0 -76 76 0
2888 1444 0 -75 75 0
2888 1444 0 -74 74 0
2888 1444 0 -73 73 0
2888 1444 0 -72 72 0
2888 1444 0 -71 71 0
2888 1444 0 -70 70 0
2888 1444 0 -69 69 0
2888 1444 0 -68 68 0
2888 1444 0 -67 67 0
2888 1444 0 -66 66 0
2888 1444 0 -65 65 0
2888 1444 0 -64 64 0
2888 1444 0 -63 63 0
2888 1444 0 -62 62 0
2888 1444 0 -61 61 0
2888 1444 0 -60 60 0
2888 1444 0 -59 59 0
2888 1444 0 -58 58 0
2888 1444 0 -57 57 0
2888 1444 0 -56 56 0
2888 1444 0 -55 55 0
2888 1444 0 -54 54 0
2888 1444 0 -53 53 0
2888 1444 0 -52 52 0
2888 1444 0 -51 51 0
2888 1444 0 -50 50 0
2888 1444 0 -49 49 0
2888 1444 0 -48 48 0
2888 1444 0 -47 47 0
2888 1444 0 -46 46 0
2888 1444 0 -45 45 0
2888 1444 0 -44 44 0
2888 1444 0 -43 43 0
2888 1444 0 -42 42 0
2888 1444 0 -41 41 0
2888 1444 0 -40 40 0
2888 1444 0 -39 39 0
2888 1444 0 -38 38 0
2888 1444 0 -37 37 0
2888 1444 0 -36 36 0
2888 1444 0 -35 35 0
2888 1444 0 -34 34 0
2888 1444 0 -33 33 0
2888 1444 0 -32 32 0
2888 1444 0 -31 31 0
2888 1444 0 -30 30 0
2888 1444 0 -29 29 0
2888 1444 0 -28 28 0
2888 1444 0 -27 27 0
2888 1444 0 -26 26 0
2888 1444 0 -25 25 0
2888 1444 0 -24 24 0
2888 1444 0 -23 23 0
2888 1444 0 -22 22 0
2888 1444 0 -21 21 0
2888 1444 0 -20 20 0
2888 1444 0 -19 19 0
2888 1444 0 -18 18 0
2888 1444 0 -17 17 0
2888 1444 0 -16 16 0
2888 1444 0 -15 15 0
2888 1444 0 -14 14 0
2888 1444 0 -13 13 0
2888 1444 0 -12 12 0
2888 1444 0 -11 11 0
2888 1444 0 -10 10 0
2888 1444 0 -9 9 0
2888 1444 0 -8 8 0
2888 1444 0 -7 7 0
2888 1444 0 -6 6 0
2888 1444 0 -5 5 0
2888 1444 0 -4 4 0
2888 1444 0 -3 3 0
2888 1444 0 -2 2 0
2888 1444 0 -1 1 0
2888 1444 0 1 -1 0
2888 1444 0 2 -2 0
2888 1444 0 3 -3 0
2888 1444 0 4 -4 0
2888 1444 0 5 -5 0
2888 1444 0 6 -6 0
2888 1444 0 7 -7 0
2888 1444 0 8 -8 0
2888 1444 0 9 -9 0
2888 1444 0 10 -10 0
2888 1444 0 11 -11 0
2888 1444 0 12 -12 0
2888 1444 0 13 -13 0
2888 1444 0 14 -14 0
2888 1444 0 15 -15 0
2888 1444 0 16 -16 0
2888 1444 0 17 -17 0
2888 1444 0 18 -18 0
2888 1444 0 19 -19 0
2888 1444 0 20 -20 0
2888 1444 0 21 -21 0
2888 1444 0 22 -22 0
2888 1444 0 23 -23 0
2888 1444 0 24 -24 0
2888 1444 0 25 -25 0
2888 1444 0 26 -26 0
2888 1444 0 27 -27 0
2888 1444 0 28 -28 0
2888 1444 0 29 -29 0
2888 1444 0 30 -30 0
2888 1444 0 31 -31 0
2888 1444 0 32 -32 0
2888 1444 0 33 -33 0
2888 1444 0 34 -34 0
2888 1444 0 35 -35 0
2888 1444 0 36 -36 0
2888 1444 0 37 -37 0
2888 1444 0 38 -38 0
2888 1444 0 39 -39 0
2888 1444 0 40 -40 0
2888 1444 0 41 -41 0
2888 1444 0 42 -42 0
2888 1444 0 43 -43 0
2888 1444 0 44 -44 0
2888 1444 0 45 -45 0
2888 1444 0 46 -46 0
2888 1444 0 47 -47 0
2888 1444 0 48 -48 0
2888 1444 0 49 -49 0
2888 1444 0 50 -50 0
2888 1444 0 51 -51 0
2888 1444 0 52 -52 0
2888 1444 0 53 -53 0
2888 1444 0 54 -54 0
2888 1444 0 55 -55 0
2888 1444 0 56 -56 0
2888 1444 0 57 -57 0
2888 1444 0 58 -58 0
2888 1444 0 59 -59 0
2888 1444 0 60 -60 0
2888 1444 0 61 -61 0
2888 1444 0 62 -62 0
2888 1444 0 63 -63 0
2888 1444 0 64 -64 0
2888 1444 0 65 -65 0
2888 1444 0 66 -66 0
2888 1444 0 67 -67 0
2888 1444 0 68 -68 0
2888 1444 0 69 -69 0
2888 1444 0 70 -70 0
2888 1444 0 71 -71 0
2888 1444 0 72 -72 0
2888 1444 0 73 -73 0
2888 1444 0 74 -74 0
2888 1444 0 75 -75 0
2888 1444 0 76 -76 0
2888 1444 0 77 -77 0
2888 1444 0 78 -78 0
2888 1444 0 79 -79 0
2888 1444 0 80 -80 0
2888 1444 0 81 -81 0
2888 1444 0 82 -82 0
2888 1444 0 83 -83 0
2888 1444 0 84 -84 0
2888 1444 0 85 -85 0
2888 1444 0 86 -86 0
2888 1444 0 87 -87 0
2888 1444 0 88 -88 0
2888 1444 0 89 -89 0
2888 1444 0 90 -90 0
2888 1444 0 91 -91 0
2888 1444 0 92 -92 0
2888 1444 0 93 -93 0
2888 1444 0 94 -94 0
2888 1444 0 95 -95 0
2888 1444 0 96 -96 0
2888 1444 0 97 -97 0
2888 1444 0 98 -98 0
2888 1444 0 99 -99 0
2888 1444 0 100 -100 0
2888 1444 0 101 -101 0
2888 1444 0 102 -102 0
2888 1444 0 103 -103 0
2888 1444 0 104 -104 0
2888 1444 0 105 -105 0
2888 1444 0 106 -106 0
2888 1444 0 107 -107 0
2888 1444 0 108 -108 0
2888 1444 0 109 -109 0
2888 1444 0 110 -110 0
2888 1444 0 111 -111 0
2888 1444 0 112 -112 0
2888 1444 0 113 -113 0
2888 1444 0 114 -114 0
2888 1444 0 115 -115 0
2888 1444 0 116 -116 0
2888 1444 0 117 -117 0
2888 1444 0 118 -118 0
2888 1444 0 119 -119 0
2888 1444 0 120 -120 0
2888 1444 0 121 -121 0
2888 1444 0 122 -122 0
2888 1444 0 123 -123 0
2888 1444 0 124 -124 0
2888 1444 0 125 -125 0
2888 1444 0 126 -126 0
2888 1444 0 127 -127 0
2888 1444 0 128 -128 0
2888 1444 0 129 -129 0
2888 1444 0 130 -130 0
2888 1444 0 131 -131 0
2888 1444 0 132 -132 0
2888 1444 0 133 -133 0
2888 1444 0 134 -134 0
2888 1444 0 135 -135 0
2888 1444 0 136 -136 0
2888 1444 0 137 -137 0
2888 1444 0 138 -138 0
2888 1444 0 139 -139 0
2888 1444 0 140 -140 0
2888 1444 0 141 -141 0
2888 1444 0 142 -142 0
2888 1444 0 143 -143 0
2888 1444 0 144 -144 0
2888 1444 0 145 -145 0
2888 1444 0 146 -146 0
2888 1444 0 147 -147 0
2888 1444 0 148 -148 0
2888 1444 0 149 -149 0
2888 1444 0 150 -150 0
2890 1445 0 -150 150 0
2890 1445 0 -149 149 0
2890 1445 0 -148 148 0
2890 1445 0 -147 147 0
2890 1445 0 -146 146 0
2890 1445 0 -145 145 0
2890 1445 0 -144 144 0
2890 1445 0 -143 143 0
2890 1445 0 -142 142 0
2890 1445 0 -141 141 0
2890 1445 0 -140 140 0
2890 1445 0 -139 139 0
2890 1445 0 -138 138 0
2890 1445 0 -137 137 0
2890 1445 0 -136 136 0
2890 1445 0 -135 135 0
2890 1445 0 -134 134 0
2890 1445 0 -133 133 0
2890 1445 0 -132 132 0
2890 1445 0 -131 131 0
2890 1445 0 -130 130 0
2890 1445 0 -129 129 0
2890 1445 0 -128 128 0
2890 1445 0 -127 127 0
2890 1445 0 -126 126 0
2890 1445 0 -125 125 0
2890 1445 0 -124 124 0
2890 1445 0 -123 123 0
2890 1445 0 -122 122 0
2890 1445 0 -121 121 0
2890 1445 0 -120 120 0
2890 1445 0 -119 119 0
2890 1445 0 -118 118 0
2890 1445 0 -117 117 0
2890 1445 0 -116 116 0
2890 1445 0 -115 115 0
2890 1445 0 -114 114 0
2890 1445 0 -113 113 0
2890 1445 0 -112 112 0
2890 1445 0 -111 111 0
2890 1445 0 -110 110 0
2890 1445 0 -109 109 0
2890 1445 0 -108 108 0
2890 1445 0 -107 107 0
2890 1445 0 -106 106 0
2890 1445 0 -105 105 0
2890 1445 0 -104 104 0
2890 1445 0 -103 103 0
2890 1445 0 -102 102 0
2890 1445 0 -101 101 0
2890 1445 0 -100 100 0
2890 1445 0 -99 99 0
2890 1445 0 -98 98 0
2890 1445 0 -97 97 0
2890 1445 0 -96 96 0
2890 1445 0 -95 95 0
2890 1445 0 -94 94 0
2890 1445 0 -93 93 0
2890 1445 0 -92 92 0
2890 1445 0 -91 91 0
2890 1445 0 -90 90 0
2890 1445 0 -89 89 0
2890 1445 0 -88 88 0
2890 1445 0 -87 87 0
2890 1445 0 -86 86 0
2890 1445 0 -85 85 0
2890 1445 0 -84 84 0
2890 1445 0 -83 83 0
2890 1445 0 -82 82 0
2890 1445 0 -81 81 0
2890 1445 0 -80 80 0
2890 1445 0 -79 79 0
2890 1445 0 -78 78 0
2890 1445 0 -77 77 0
2890 1445 0 -76 76 0
2890 1445 0 -75 75 0
2890 1445 0 -74 74 0
2890 1445 0 -73 73 0
2890 1445 0 -72 72 0
2890 1445 0 -71 71 0
2890 1445 0 -70 70 0
2890 1445 0 -69 69 0
2890 1445 0 -68 68 0
2890 1445 0 -67 67 0
2890 1445 0 -66 66 0
2890 1445 0 -65 65 0
2890 1445 0 -64 64 0
2890 1445 0 -63 63 0
2890 1445 0 -62 62 0
2890 1445 0 -61 61 0
2890 1445 0 -60 60 0
2890 1445 0 -59 59 0
2890 1445 0 -58 58 0
2890 1445 0 -57 57 0
2890 1445 0 -56 56 0
2890 1445 0 -55 55 0
2890 1445 0 -54 54 0
2890 1445 0 -53 53 0
2890 1445 0 -52 52 0
2890 1445 0 -51 51 0
2890 1445 0 -50 50 0
2890 1445 0 -49 49 0
2890 1445 0 -48 48 0
2890 1445 0 -47 47 0
2890 1445 0 -46 46 0
2890 1445 0 -45 45 0
2890 1445 0 -44 44 0
2890 1445 0 -43 43 0
2890 1445 0 -42 42 0
2890 1445 0 -41 41 0
2890 1445 0 -40 40 0
2890 1445 0 -39 39 0
2890 1445 0 -38 38 0
2890 1445 0 -37 37 0
2890 1445 0 -36 36 0
2890 1445 0 -35 35 0
2890 1445 0 -34 34 0
2890 1445 0 -33 33 0
2890 1445 0 -32 32 0
2890 1445 0 -31 31 0
2890 1445 0 -30 30 0
2890 1445 0 -29 29 0
2890 1445 0 -28 28 0
2890 1445 0 -27 27 0
2890 1445 0 -26 26 0
2890 1445 0 -25 25 0
2890 1445 0 -24 24 0
2890 1445 0 -23 23 0
2890 1445 0 -22 22 0
2890 1445 0 -21 21 0
2890 1445 0 -20 20 0
2890 1445 0 -19 19 0
2890 1445 0 -18 18 0
2890 1445 0 -17 17 0
2890 1445 0 -16 16 0
2890 1445 0 -15 15 0
2890 1445 0 -14 14 0
2890 1445 0 -13 13 0
2890 1445 0 -12 12 0
2890 1445 0 -11 11 0
2890 1445 0 -10 10 0
2890 1445 0 -9 9 0
2890 1445 0 -8 8 0
2890 1445 0 -7 7 0
2890 1445 0 -6 6 0
2890 1445 0 -5 5 0
2890 1445 0 -4 4 0
2890 1445 0 -3 3 0
2890 1445 0 -2 2 0
2890 1445 0 -1 1 0
2890 1445 0 1 -1 0
2890 1445 0 2 -2 0
2890 1445 0 3 -3 0
2890 1445 0 4 -4 0
2890 1445 0 5 -5 0
2890 1445 0 6 -6 0
2890 1445 0 7 -7 0
2890 1445 0 8 -8 0
2890 1445 0 9 -9 0
2890 1445 0 10 -10 0
2890 1445 0 11 -11 0
2890 1445 0 12 -12 0
2890 1445 0 13 -13 0
2890 1445 0 14 -14 0
2890 1445 0 15 -15 0
2890 1445 0 16 -16 0
2890 1445 0 17 -17 0
2890 1445 0 18 -18 0
2890 1445 0 19 -19 0
2890 1445 0 20 -20 0
2890 1445 0 21 -21 0
2890 1445 0 22 -22 0
2890 1445 0 23 -23 0
2890 1445 0 24 -24 0
2890 1445 0 25 -25 0
2890 1445 0 26 -26 0
2890 1445 0 27 -27 0
2890 1445 0 28 -28 0
2890 1445 0 29 -29 0
2890 1445 0 30 -30 0
2890 1445 0 31 -31 0
2890 1445 0 32 -32 0
2890 1445 0 33 -33 0
2890 1445 0 34 -34 0
2890 1445 0 35 -35 0
2890 1445 0 36 -36 0
2890 1445 0 37 -37 0
2890 1445 0 38 -38 0
2890 1445 0 39 -39 0
2890 1445 0 40 -40 0
2890 1445 0 41 -41 0
2890 1445 0 42 -42 0
2890 1445 0 43 -43 0
2890 1445 0 44 -44 0
2890 1445 0 45 -45 0
2890 1445 0 46 -46 0
2890 1445 0 47 -47 0
2890 1445 0 48 -48 0
2890 1445 0 49 -49 0
2890 1445 0 50 -50 0
2890 1445 0 51 -51 0
2890 1445 0 52 -52 0
2890 1445 0 53 -53 0
2890 1445 0 54 -54 0
2890 1445 0 55 -55 0
2890 1445 0 56 -56 0
2890 1445 0 57 -57 0
2890 1445 0 58 -58 0
2890 1445 0 59 -59 0
2890 1445 0 60 -60 0
2890 1445 0 61 -61 0
2890 1445 0 62 -62 0
2890 1445 0 63 -63 0
2890 1445 0 64 -64 0
2890 1445 0 65 -65 0
2890 1445 0 66 -66 0
2890 1445 0 67 -67 0
2890 1445 0 68 -68 0
2890 1445 0 69 -69 0
2890 1445 0 70 -70 0
2890 1445 0 71 -71 0
2890 1445 0 72 -72 0
2890 1445 0 73 -73 0
2890 1445 0 74 -74 0
2890 1445 0 75 -75 0
2890 1445 0 76 -76 0
2890 1445 0 77 -77 0
2890 1445 0 78 -78 0
2890 1445 0 79 -79 0
2890 1445 0 80 -80 0
2890 1445 0 81 -81 0
2890 1445 0 82 -82 0
2890 1445 0 83 -83 0
2890 1445 0 84 -84 0
2890 1445 0 85 -85 0
2890 1445 0 86 -86 0
2890 1445 0 87 -87 0
2890 1445 0 88 -88 0
2890 1445 0 89 -89 0
2890 1445 0 90 -90 0
2890 1445 0 91 -91 0
2890 1445 0 92 -92 0
2890 1445 0 93 -93 0
2890 1445 0 94 -94 0
2890 1445 0 95 -95 0
2890 1445 0 96 -96 0
2890 1445 0 97 -97 0
2890 1445 0 98 -98 0
2890 1445 0 99 -99 0
2890 1445 0 100 -100 0
2890 1445 0 101 -101 0
2890 1445 0 102 -102 0
2890 1445 0 103 -103 0
2890 1445 0 104 -104 0
2890 1445 0 105 -105 0
2890 1445 0 106 -106 0
2890 1445 0 107 -107 0
2890 1445 0 108 -108 0
2890 1445 0 109 -109 0
2890 1445 0 110 -110 0
2890 1445 0 111 -111 0
2890 1445 0 112 -112 0
2890 1445 0 113 -113 0
2890 1445 0 114 -114 0
2890 1445 0 115 -115 0
2890 1445 0 116 -116 0
2890 1445 0 117 -117 0
2890 1445 0 118 -118 0
2890 1445 0 119 -119 0
2890 1445 0 120 -120 0
2890 1445 0 121 -121 0
2890 1445 0 122 -122 0
2890 1445 0 123 -123 0
2890 1445 0 124 -124 0
2890 1445 0 125 -125 0
2890 1445 0 126 -126 0
2890 1445 0 127 -127 0
2890 1445 0 128 -128 0
2890 1445 0 129 -129 0
2890 1445 0 130 -130 0
2890 1445 0 131 -131 0
2890 1445 0 132 -132 0
2890 1445 0 133 -133 0
2890 1445 0 134 -134 0
2890 1445 0 135 -135 0
2890 1445 0 136 -136 0
2890 1445 0 137 -137 0
2890 1445 0 138 -138 0
2890 1445 0 139 -139 0
2890 1445 0 140 -140 0
2890 1445 0 141 -141 0
2890 1445 0 142 -142 0
2890 1445 0 143 -143 0
2890 1445 0 144 -144 0
2890 1445 0 145 -145 0
2890 1445 0 146 -146 0
2890 1445 0 147 -147 0
2890 1445 0 148 -148 0
2890 1445 0 149 -149 0
2890 1445 0 150 -150 0
2892 1446 0 -150 150 0
2892 1446 0 -149 149 0
2892 1446 0 -148 148 0
2892 1446 0 -147 147 0
2892 1446 0 -146 146 0
2892 1446 0 -145 145 0
2892 1446 0 -144 144 0
2892 1446 0 -143 143 0
2892 1446 0 -142 142 0
2892 1446 0 -141 141 0
2892 1446 0 -140 140 0
2892 1446 0 -139 139 0
2892 1446 0 -138 138 0
2892 1446 0 -137 137 0
2892 1446 0 -136 136 0
2892 1446 0 -135 135 0
2892 1446 0 -134 134 0
2892 1446 0 -133 133 0
2892 1446 0 -132 132 0
2892 1446 0 -131 131 0
2892 1446 0 -130 130 0
2892 1446 0 -129 129 0
2892 1446 0 -128 128 0
2892 1446 0 -127 127 0
2892 1446 0 -126 126 0
2892 1446 0 -125 125 0
2892 1446 0 -124 124 0
2892 1446 0 -123 123 0
2892 1446 0 -122 122 0
2892 1446 0 -121 121 0
2892 1446 0 -120 120 0
2892 1446 0 -119 119 0
2892 1446 0 -118 118 0
2892 1446 0 -117 117 0
2892 1446 0 -116 116 0
2892 1446 0 -115 115 0
2892 1446 0 -114 114 0
2892 1446 0 -113 113 0
2892 1446 0 -112 112 0
2892 1446 0 -111 111 0
2892 1446 0 -110 110 0
2892 1446 0 -109 109 0
2892 1446 0 -108 108 0
2892 1446 0 -107 107 0
2892 1446 0 -106 106 0
2892 1446 0 -105 105 0
2892 1446 0 -104 104 0
2892 1446 0 -103 103 0
2892 1446 0 -102 102 0
2892 1446 0 -101 101 0
2892 1446 0 -100 100 0
2892 1446 0 -99 99 0
2892 1446 0 -98 98 0
2892 1446 0 -97 97 0
2892 1446 0 -96 96 0
2892 1446 0 -95 95 0
2892 1446 0 -94 94 0
2892 1446 0 -93 93 0
2892 1446 0 -92 92 0
2892 1446 0 -91 91 0
2892 1446 0 -90 90 0
2892 1446 0 -89 89 0
2892 1446 0 -88 88 0
2892 1446 0 -87 87 0
2892 1446 0 -86 86 0
2892 1446 0 -85 85 0
2892 1446 0 -84 84 0
2892 1446 0 -83 83 0
2892 1446 0 -82 82 0
2892 1446 0 -81 81 0
2892 1446 0 -80 80 0
2892 1446 0 -79 79 0
2892 1446 0 -78 78 0
2892 1446 0 -77 77 0
2892 1446 0 -76 76 0
2892 1446 0 -75 75 0
2892 1446 0 -74 74 0
2892 1446 0 -73 73 0
2892 1446 0 -72 72 0
2892 1446 0 -71 71 0
2892 1446 0 -70 70 0
2892 1446 0 -69 69 0
2892 1446 0 -68 68 0
2892 1446 0 -67 67 0
2892 1446 0 -66 66 0
2892 1446 0 -65 65 0
2892 1446 0 -64 64 0
2892 1446 0 -63 63 0
2892 1446 0 -62 62 0
2892 1446 0 -61 61 0
2892 1446 0 -60 60 0
2892 1446 0 -59 59 0
2892 1446 0 -58 58 0
2892 1446 0 -57 57 0
2892 1446 0 -56 56 0
2892 1446 0 -55 55 0
2892 1446 0 -54 54 0
2892 1446 0 -53 53 0
2892 1446 0 -52 52 0
2892 1446 0 -51 51 0
2892 1446 0 -50 50 0
2892 1446 0 -49 49 0
2892 1446 0 -48 48 0
2892 1446 0 -47 47 0
2892 1446 0 -46 46 0
2892 1446 0 -45 45 0
2892 1446 0 -44 44 0
2892 1446 0 -43 43 0
2892 1446 0 -42 42 0
2892 1446 0 -41 41 0
2892 1446 0 -40 40 0
2892 1446 0 -39 39 0
2892 1446 0 -38 38 0
2892 1446 0 -37 37 0
2892 1446 0 -36 36 0
2892 1446 0 -35 35 0
2892 1446 0 -34 34 0
2892 1446 0 -33 33 0
2892 1446 0 -32 32 0
2892 1446 0 -31 31 0
2892 1446 0 -30 30 0
2892 1446 0 -29 29 0
2892 1446 0 -28 28 0
2892 1446 0 -27 27 0
2892 1446 0 -26 26 0
2892 1446 0 -25 25 0
2892 1446 0 -24 24 0
2892 1446 0 -23 23 0
2892 1446 0 -22 22 0
2892 1446 0 -21 21 0
2892 1446 0 -20 20 0
2892 1446 0 -19 19 0
2892 1446 0 -18 18 0
2892 1446 0 -17 17 0
2892 1446 0 -16 16 0
2892 1446 0 -15 15 0
2892 1446 0 -14 14 0
2892 1446 0 -13 13 0
2892 1446 0 -12 12 0
2892 1446 0 -11 11 0
2892 1446 0 -10 10 0
2892 1446 0 -9 9 0
2892 1446 0 -8 8 0
2892 1446 0 -7 7 0
2892 1446 0 -6 6 0
2892 1446 0 -5 5 0
2892 1446 0 -4 4 0
2892 1446 0 -3 3 0
2892 1446 0 -2 2 0
2892 1446 0 -1 1 0
2892 1446 0 1 -1 0
2892 1446 0 2 -2 0
2892 1446 0 3 -3 0
2892 1446 0 4 -4 0
2892 1446 0 5 -5 0
2892 1446 0 6 -6 0
2892 1446 0 7 -7 0
2892 1446 0 8 -8 0
2892 1446 0 9 -9 0
2892 1446 0 10 -10 0
2892 1446 0 11 -11 0
2892 1446 0 12 -12 0
2892 1446 0 13 -13 0
2892 1446 0 14 -14 0
2892 1446 0 15 -15 0
2892 1446 0 16 -16 0
2892 1446 0 17 -17 0
2892 1446 0 18 -18 0
2892 1446 0 19 -19 0
2892 1446 0 20 -20 0
2892 1446 0 21 -21 0
2892 1446 0 22 -22 0
2892 1446 0 23 -23 0
2892 1446 0 24 -24 0
2892 1446 0 25 -25 0
2892 1446 0 26 -26 0
2892 1446 0 27 -27 0
2892 1446 0 28 -28 0
2892 1446 0 29 -29 0
2892 1446 0 30 -30 0
2892 1446 0 31 -31 0
2892 1446 0 32 -32 0
2892 1446 0 33 -33 0
2892 1446 0 34 -34 0
2892 1446 0 35 -35 0
2892 1446 0 36 -36 0
2892 1446 0 37 -37 0
2892 1446 0 38 -38 0
2892 1446 0 39 -39 0
2892 1446 0 40 -40 0
2892 1446 0 41 -41 0
2892 1446 0 42 -42 0
2892 1446 0 43 -43 0
2892 1446 0 44 -44 0
2892 1446 0 45 -45 0
2892 1446 0 46 -46 0
2892 1446 0 47 -47 0
2892 1446 0 48 -48 0
2892 1446 0 49 -49 0
2892 1446 0 50 -50 0
2892 1446 0 51 -51 0
2892 1446 0 52 -52 0
2892 1446 0 53 -53 0
2892 1446 0 54 -54 0
2892 1446 0 55 -55 0
2892 1446 0 56 -56 0
2892 1446 0 57 -57 0
2892 1446 0 58 -58 0
2892 1446 0 59 -59 0
2892 1446 0 60 -60 0
2892 1446 0 61 -61 0
2892 1446 0 62 -62 0
2892 1446 0 63 -63 0
2892 1446 0 64 -64 0
2892 1446 0 65 -65 0
2892 1446 0 66 -66 0
2892 1446 0 67 -67 0
2892 1446 0 68 -68 0
2892 1446 0 69 -69 0
2892 1446 0 70 -70 0
2892 1446 0 71 -71 0
2892 1446 0 72 -72 0
2892 1446 0 73 -73 0
2892 1446 0 74 -74 0
2892 1446 0 75 -75 0
2892 1446 0 76 -76 0
2892 1446 0 77 -77 0
2892 1446 0 78 -78 0
2892 1446 0 79 -79 0
2892 1446 0 80 -80 0
2892 1446 0 81 -81 0
2892 1446 0 82 -82 0
2892 1446 0 83 -83 0
2892 1446 0 84 -84 0
2892 1446 0 85 -85 0
2892 1446 0 86 -86 0
2892 1446 0 87 -87 0
2892 1446 0 88 -88 0
2892 1446 0 89 -89 0
2892 1446 0 90 -90 0
2892 1446 0 91 -91 0
2892 1446 0 92 -92 0
2892 1446 0 93 -93 0
2892 1446 0 94 -94 0
2892 1446 0 95 -95 0
2892 1446 0 96 -96 0
2892 1446 0 97 -97 0
2892 1446 0 98 -98 0
2892 1446 0 99 -99 0
2892 1446 0 100 -100 0
2892 1446 0 101 -101 0
2892 1446 0 102 -102 0
2892 1446 0 103 -103 0
2892 1446 0 104 -104 0
2892 1446 0 105 -105 0
2892 1446 0 106 -106 0
2892 1446 0 107 -107 0
2892 1446 0 108 -108 0
2892 1446 0 109 -109 0
2892 1446 0 110 -110 0
2892 1446 0 111 -111 0
2892 1446 0 112 -112 0
2892 1446 0 113 -113 0
2892 1446 0 114 -114 0
2892 1446 0 115 -115 0
2892 1446 0 116 -116 0
2892 1446 0 117 -117 0
2892 1446 0 118 -118 0
2892 1446 0 119 -119 0
2892 1446 0 120 -120 0
2892 1446 0 121 -121 0
2892 1446 0 122 -122 0
2892 1446 0 123 -123 0
2892 1446 0 124 -124 0
2892 1446 0 125 -125 0
2892 1446 0 126 -126 0
2892 1446 0 127 -127 0
2892 1446 0 128 -128 0
2892 1446 0 129 -129 0
2892 1446 0 130 -130 0
2892 1446 0 131 -131 0
2892 1446 0 132 -132 0
2892 1446 0 133 -133 0
2892 1446 0 134 -134 0
2892 1446 0 135 -135 0
2892 1446 0 136 -136 0
2892 1446 0 137 -137 0
2892 1446 0 138 -138 0
2892 1446 0 139 -139 0
2892 1446 0 140 -140 0
2892 1446 0 141 -141 0
2892 1446 0 142 -142 0
2892 1446 0 143 -143 0
2892 1446 0 144 -144 0
2892 1446 0 145 -145 0
2892 1446 0 146 -146 0
2892 1446 0 147 -147 0
2892 1446 0 148 -148 0
2892 1446 0 149 -149 0
2892 1446 0 150 -150 0
2894 1447 0 -150 150 0
2894 1447 0 -149 149 0
2894 1447 0 -148 148 0
2894 1447 0 -147 147 0
2894 1447 0 -146 146 0
2894 1447 0 -145 145 0
2894 1447 0 -144 144 0
2894 1447 0 -143 143 0
2894 1447 0 -142 142 0
2894 1447 0 -141 141 0
2894 1447 0 -140 140 0
2894 1447 0 -139 139 0
2894 1447 0 -138 138 0
2894 1447 0 -137 137 0
2894 1447 0 -136 136 0
2894 1447 0 -135 135 0
2894 1447 0 -134 134 0
2894 1447 0 -133 133 0
2894 1447 0 -132 132 0
2894 1447 0 -131 131 0
2894 1447 0 -130 130 0
2894 1447 0 -129 129 0
2894 1447 0 -128 128 0
2894 1447 0 -127 127 0
2894 1447 0 -126 126 0
2894 1447 0 -125 125 0
2894 1447 0 -124 124 0
2894 1447 0 -123 123 0
2894 1447 0 -122 122 0
2894 1447 0 -121 121 0
2894 1447 0 -120 120 0
2894 1447 0 -119 119 0
2894 1447 0 -118 118 0
2894 1447 0 -117 117 0
2894 1447 0 -116 116 0
2894 1447 0 -115 115 0
2894 1447 0 -114 114 0
2894 1447 0 -113 113 0
2894 1447 0 -112 112 0
2894 1447 0 -111 111 0
2894 1447 0 -110 110 0
2894 1447 0 -109 109 0
2894 1447 0 -108 108 0
2894 1447 0 -107 107 0
2894 1447 0 -106 106 0
2894 1447 0 -105 105 0
2894 1447 0 -104 104 0
2894 1447 0 -103 103 0
2894 1447 0 -102 102 0
2894 1447 0 -101 101 0
2894 1447 0 -100 100 0
2894 1447 0 -99 99 0
2894 1447 0 -98 98 0
2894 1447 0 -97 97 0
2894 1447 0 -96 96 0
2894 1447 0 -95 95 0
2894 1447 0 -94 94 0
2894 1447 0 -93 93 0
2894 1447 0 -92 92 0
2894 1447 0 -91 91 0
2894 1447 0 -90 90 0
2894 1447 0 -89 89 0
2894 1447 0 -88 88 0
2894 1447 0 -87 87 0
2894 1447 0 -86 86 0
2894 1447 0 -85 85 0
2894 1447 0 -84 84 0
2894 1447 0 -83 83 0
2894 1447 0 -82 82 0
2894 1447 0 -81 81 0
2894 1447 0 -80 80 0
2894 1447 0 -79 79 0
2894 1447 0 -78 78 0
2894 1447 0 -77 77 0
2894 1447 0 -76 76 0
2894 1447 0 -75 75 0
2894 1447 0 -74 74 0
2894 1447 0 -73 73 0
2894 1447 0 -72 72 0
2894 1447 0 -71 71 0
2894 1447 0 -70 70 0
2894 1447 0 -69 69 0
2894 1447 0 -68 68 0
2894 1447 0 -67 67 0
2894 1447 0 -66 66 0
2894 1447 0 -65 65 0
2894 1447 0 -64 64 0
2894 1447 0 -63 63 0
2894 1447 0 -62 62 0
2894 1447 0 -61 61 0
2894 1447 0 -60 60 0
2894 1447 0 -59 59 0
2894 1447 0 -58 58 0
2894 1447 0 -57 57 0
2894 1447 0 -56 56 0
2894 1447 0 -55 55 0
2894 1447 0 -54 54 0
2894 1447 0 -53 53 0
2894 1447 0 -52 52 0
2894 1447 0 -51 51 0
2894 1447 0 -50 50 0
2894 1447 0 -49 49 0
2894 1447 0 -48 48 0
2894 1447 0 -47 47 0
2894 1447 0 -46 46 0
2894 1447 0 -45 45 0
2894 1447 0 -44 44 0
2894 1447 0 -43 43 0
2894 1447 0 -42 42 0
2894 1447 0 -41 41 0
2894 1447 0 -40 40 0
2894 1447 0 -39 39 0
2894 1447 0 -38 38 0
2894 1447 0 -37 37 0
2894 1447 0 -36 36 0
2894 1447 0 -35 35 0
2894 1447 0 -34 34 0
2894 1447 0 -33 33 0
2894 1447 0 -32 32 0
2894 1447 0 -31 31 0
2894 1447 0 -30 30 0
2894 1447 0 -29 29 0
2894 1447 0 -28 28 0
2894 1447 0 -27 27 0
2894 1447 0 -26 26 0
2894 1447 0 -25 25 0
2894 1447 0 -24 24 0
2894 1447 0 -23 23 0
2894 1447 0 -22 22 0
2894 1447 0 -21 21 0
2894 1447 0 -20 20 0
2894 1447 0 -19 19 0
2894 1447 0 -18 18 0
2894 1447 0 -17 17 0
2894 1447 0 -16 16 0
2894 1447 0 -15 15 0
2894 1447 0 -14 14 0
2894 1447 0 -13 13 0
2894 1447 0 -12 12 0
2894 1447 0 -11 11 0
2894 1447 0 -10 10 0
2894 1447 0 -9 9 0
2894 1447 0 -8 8 0
2894 1447 0 -7 7 0
2894 1447 0 -6 6 0
2894 1447 0 -5 5 0
2894 1447 0 -4 4 0
2894 1447 0 -3 3 0
2894 1447 0 -2 2 0
2894 1447 0 -1 1 0
2894 1447 0 1 -1 0
2894 1447 0 2 -2 0
2894 1447 0 3 -3 0
2894 1447 0 4 -4 0
2894 1447 0 5 -5 0
2894 1447 0 6 -6 0
2894 1447 0 7 -7 0
2894 1447 0 8 -8 0
2894 1447 0 9 -9 0
2894 1447 0 10 -10 0
2894 1447 0 11 -11 0
2894 1447 0 12 -12 0
2894 1447 0 13 -13 0
2894 1447 0 14 -14 0
2894 1447 0 15 -15 0
2894 1447 0 16 -16 0
2894 1447 0 17 -17 0
2894 1447 0 18 -18 0
2894 1447 0 19 -19 0
2894 1447 0 20 -20 0
2894 1447 0 21 -21 0
2894 1447 0 22 -22 0
2894 1447 0 23 -23 0
2894 1447 0 24 -24 0
2894 1447 0 25 -25 0
2894 1447 0 26 -26 0
2894 1447 0 27 -27 0
2894 1447 0 28 -28 0
2894 1447 0 29 -29 0
2894 1447 0 30 -30 0
2894 1447 0 31 -31 0
2894 1447 0 32 -32 0
2894 1447 0 33 -33 0
2894 1447 0 34 -34 0
2894 1447 0 35 -35 0
2894 1447 0 36 -36 0
2894 1447 0 37 -37 0
2894 1447 0 38 -38 0
2894 1447 0 39 -39 0
2894 1447 0 40 -40 0
2894 1447 0 41 -41 0
2894 1447 0 42 -42 0
2894 1447 0 43 -43 0
2894 1447 0 44 -44 0
2894 1447 0 45 -45 0
2894 1447 0 46 -46 0
2894 1447 0 47 -47 0
2894 1447 0 48 -48 0
2894 1447 0 49 -49 0
2894 1447 0 50 -50 0
2894 1447 0 51 -51 0
2894 1447 0 52 -52 0
2894 1447 0 53 -53 0
2894 1447 0 54 -54 0
2894 1447 0 55 -55 0
2894 1447 0 56 -56 0
2894 1447 0 57 -57 0
2894 1447 0 58 -58 0
2894 1447 0 59 -59 0
2894 1447 0 60 -60 0
2894 1447 0 61 -61 0
2894 1447 0 62 -62 0
2894 1447 0 63 -63 0
2894 1447 0 64 -64 0
2894 1447 0 65 -65 0
2894 1447 0 66 -66 0
2894 1447 0 67 -67 0
2894 1447 0 68 -68 0
2894 1447 0 69 -69 0
2894 1447 0 70 -70 0
2894 1447 0 71 -71 0
2894 1447 0 72 -72 0
2894 1447 0 73 -73 0
2894 1447 0 74 -74 0
2894 1447 0 75 -75 0
2894 1447 0 76 -76 0
2894 1447 0 77 -77 0
2894 1447 0 78 -78 0
2894 1447 0 79 -79 0
2894 1447 0 80 -80 0
2894 1447 0 81 -81 0
2894 1447 0 82 -82 0
2894 1447 0 83 -83 0
2894 1447 0 84 -84 0
2894 1447 0 85 -85 0
2894 1447 0 86 -86 0
2894 1447 0 87 -87 0
2894 1447 0 88 -88 0
2894 1447 0 89 -89 0
2894 1447 0 90 -90 0
2894 1447 0 91 -91 0
2894 1447 0 92 -92 0
2894 1447 0 93 -93 0
2894 1447 0 94 -94 0
2894 1447 0 95 -95 0
2894 1447 0 96 -96 0
2894 1447 0 97 -97 0
2894 1447 0 98 -98 0
2894 1447 0 99 -99 0
2894 1447 0 100 -100 0
2894 1447 0 101 -101 0
2894 1447 0 102 -102 0
2894 1447 0 103 -103 0
2894 1447 0 104 -104 0
2894 1447 0 105 -105 0
2894 1447 0 106 -106 0
2894 1447 0 107 -107 0
2894 1447 0 108 -108 0
2894 1447 0 109 -109 0
2894 1447 0 110 -110 0
2894 1447 0 111 -111 0
2894 1447 0 112 -112 0
2894 1447 0 113 -113 0
2894 1447 0 114 -114 0
2894 1447 0 115 -115 0
2894 1447 0 116 -116 0
2894 1447 0 117 -117 0
2894 1447 0 118 -118 0
2894 1447 0 119 -119 0
2894 1447 0 120 -120 0
2894 1447 0 121 -121 0
2894 1447 0 122 -122 0
2894 1447 0 123 -123 0
2894 1447 0 124 -124 0
2894 1447 0 125 -125 0
2894 1447 0 126 -126 0
2894 1447 0 127 -127 0
2894 1447 0 128 -128 0
2894 1447 0 129 -129 0
2894 1447 0 130 -130 0
2894 1447 0 131 -131 0
2894 1447 0 132 -132 0
2894 1447 0 133 -133 0
2894 1447 0 134 -134 0
2894 1447 0 135 -135 0
2894 1447 0 136 -136 0
2894 1447 0 137 -137 0
2894 1447 0 138 -138 0
2894 1447 0 139 -139 0
2894 1447 0 140 -140 0
2894 1447 0 141 -141 0
2894 1447 0 142 -142 0
2894 1447 0 143 -143 0
2894 1447 0 144 -144 0
2894 1447 0 145 -145 0
2894 1447 0 146 -146 0
2894 1447 0 147 -147 0
2894 1447 0 148 -148 0
2894 1447 0 149 -149 0
2894 1447 0 150 -150 0
2896 1448 0 -150 150 0
2896 1448 0 -149 149 0
2896 1448 0 -148 148 0
2896 1448 0 -147 147 0
2896 1448 0 -146 146 0
2896 1448 0 -145 145 0
2896 1448 0 -144 144 0
2896 1448 0 -143 143 0
2896 1448 0 -142 142 0
2896 1448 0 -141 141 0
2896 1448 0 -140 140 0
2896 1448 0 -139 139 0
2896 1448 0 -138 138 0
2896 1448 0 -137 137 0
2896 1448 0 -136 136 0
2896 1448 0 -135 135 0
2896 1448 0 -134 134 0
2896 1448 0 -133 133 0
2896 1448 0 -132 132 0
2896 1448 0 -131 131 0
2896 1448 0 -130 130 0
2896 1448 0 -129 129 0
2896 1448 0 -128 128 0
2896 1448 0 -127 127 0
2896 1448 0 -126 126 0
2896 1448 0 -125 125 0
2896 1448 0 -124 124 0
2896 1448 0 -123 123 0
2896 1448 0 -122 122 0
2896 1448 0 -121 121 0
2896 1448 0 -120 120 0
2896 1448 0 -119 119 0
2896 1448 0 -118 118 0
2896 1448 0 -117 117 0
2896 1448 0 -116 116 0
2896 1448 0 -115 115 0
2896 1448 0 -114 114 0
2896 1448 0 -113 113 0
2896 1448 0 -112 112 0
2896 1448 0 -111 111 0
2896 1448 0 -110 110 0
2896 1448 0 -109 109 0
2896 1448 0 -108 108 0
2896 1448 0 -107 107 0
2896 1448 0 -106 106 0
2896 1448 0 -105 105 0
2896 1448 0 -104 104 0
2896 1448 0 -103 103 0
2896 1448 0 -102 102 0
2896 1448 0 -101 101 0
2896 1448 0 -100 100 0
2896 1448 0 -99 99 0
2896 1448 0 -98 98 0
2896 1448 0 -97 97 0
2896 1448 0 -96 96 0
2896 1448 0 -95 95 0
2896 1448 0 -94 94 0
2896 1448 0 -93 93 0
2896 1448 0 -92 92 0
2896 1448 0 -91 91 0
2896 1448 0 -90 90 0
2896 1448 0 -89 89 0
2896 1448 0 -88 88 0
2896 1448 0 -87 87 0
2896 1448 0 -86 86 0
2896 1448 0 -85 85 0
2896 1448 0 -84 84 0
2896 1448 0 -83 83 0
2896 1448 0 -82 82 0
2896 1448 0 -81 81 0
2896 1448 0 -80 80 0
2896 1448 0 -79 79 0
2896 1448 0 -78 78 0
2896 1448 0 -77 77 0
2896 1448 0 -76 76 0
2896 1448 0 -75 75 0
2896 1448 0 -74 74 0
2896 1448 0 -73 73 0
2896 1448 0 -72 72 0
2896 1448 0 -71 71 0
2896 1448 0 -70 70 0
2896 1448 0 -69 69 0
2896 1448 0 -68 68 0
2896 1448 0 -67 67 0
2896 1448 0 -66 66 0
2896 1448 0 -65 65 0
2896 1448 0 -64 64 0
2896 1448 0 -63 63 0
2896 1448 0 -62 62 0
2896 1448 0 -61 61 0
2896 1448 0 -60 60 0
2896 1448 0 -59 59 0
2896 1448 0 -58 58 0
2896 1448 0 -57 57 0
2896 1448 0 -56 56 0
2896 1448 0 -55 55 0
2896 1448 0 -54 54 0
2896 1448 0 -53 53 0
2896 1448 0 -52 52 0
2896 1448 0 -51 51 0
2896 1448 0 -50 50 0
2896 1448 0 -49 49 0
2896 1448 0 -48 48 0
2896 1448 0 -47 47 0
2896 1448 0 -46 46 0
2896 1448 0 -45 45 0
2896 1448 0 -44 44 0
2896 1448 0 -43 43 0
2896 1448 0 -42 42 0
2896 1448 0 -41 41 0
2896 1448 0 -40 40 0
2896 1448 0 -39 39 0
2896 1448 0 -38 38 0
2896 1448 0 -37 37 0
2896 1448 0 -36 36 0
2896 1448 0 -35 35 0
2896 1448 0 -34 34 0
2896 1448 0 -33 33 0
2896 1448 0 -32 32 0
2896 1448 0 -31 31 0
2896 1448 0 -30 30 0
2896 1448 0 -29 29 0
2896 1448 0 -28 28 0
2896 1448 0 -27 27 0
2896 1448 0 -26 26 0
2896 1448 0 -25 25 0
2896 1448 0 -24 24 0
2896 1448 0 -23 23 0
2896 1448 0 -22 22 0
2896 1448 0 -21 21 0
2896 1448 0 -20 20 0
2896 1448 0 -19 19 0
2896 1448 0 -18 18 0
2896 1448 0 -17 17 0
2896 1448 0 -16 16 0
2896 1448 0 -15 15 0
2896 1448 0 -14 14 0
2896 1448 0 -13 13 0
2896 1448 0 -12 12 0
2896 1448 0 -11 11 0
2896 1448 0 -10 10 0
2896 1448 0 -9 9 0
2896 1448 0 -8 8 0
2896 1448 0 -7 7 0
2896 1448 0 -6 6 0
2896 1448 0 -5 5 0
2896 1448 0 -4 4 0
2896 1448 0 -3 3 0
2896 1448 0 -2 2 0
2896 1448 0 -1 1 0
2896 1448 0 1 -1 0
2896 1448 0 2 -2 0
2896 1448 0 3 -3 0
2896 1448 0 4 -4 0
2896 1448 0 5 -5 0
2896 1448 0 6 -6 0
2896 1448 0 7 -7 0
2896 1448 0 8 -8 0
2896 1448 0 9 -9 0
2896 1448 0 10 -10 0
2896 1448 0 11 -11 0
2896 1448 0 12 -12 0
2896 1448 0 13 -13 0
2896 1448 0 14 -14 0
2896 1448 0 15 -15 0
2896 1448 0 16 -16 0
2896 1448 0 17 -17 0
2896 1448 0 18 -18 0
2896 1448 0 19 -19 0
2896 1448 0 20 -20 0
2896 1448 0 21 -21 0
2896 1448 0 22 -22 0
2896 1448 0 23 -23 0
2896 1448 0 24 -24 0
2896 1448 0 25 -25 0
2896 1448 0 26 -26 0
2896 1448 0 27 -27 0
2896 1448 0 28 -28 0
2896 1448 0 29 -29 0
2896 1448 0 30 -30 0
2896 1448 0 31 -31 0
2896 1448 0 32 -32 0
2896 1448 0 33 -33 0
2896 1448 0 34 -34 0
2896 1448 0 35 -35 0
2896 1448 0 36 -36 0
2896 1448 0 37 -37 0
2896 1448 0 38 -38 0
2896 1448 0 39 -39 0
2896 1448 0 40 -40 0
2896 1448 0 41 -41 0
2896 1448 0 42 -42 0
2896 1448 0 43 -43 0
2896 1448 0 44 -44 0
2896 1448 0 45 -45 0
2896 1448 0 46 -46 0
2896 1448 0 47 -47 0
2896 1448 0 48 -48 0
2896 1448 0 49 -49 0
2896 1448 0 50 -50 0
2896 1448 0 51 -51 0
2896 1448 0 52 -52 0
2896 1448 0 53 -53 0
2896 1448 0 54 -54 0
2896 1448 0 55 -55 0
2896 1448 0 56 -56 0
2896 1448 0 57 -57 0
2896 1448 0 58 -58 0
2896 1448 0 59 -59 0
2896 1448 0 60 -60 0
2896 1448 0 61 -61 0
2896 1448 0 62 -62 0
2896 1448 0 63 -63 0
2896 1448 0 64 -64 0
2896 1448 0 65 -65 0
2896 1448 0 66 -66 0
2896 1448 0 67 -67 0
2896 1448 0 68 -68 0
2896 1448 0 69 -69 0
2896 1448 0 70 -70 0
2896 1448 0 71 -71 0
2896 1448 0 72 -72 0
2896 1448 0 73 -73 0
2896 1448 0 74 -74 0
2896 1448 0 75 -75 0
2896 1448 0 76 -76 0
2896 1448 0 77 -77 0
2896 1448 0 78 -78 0
2896 1448 0 79 -79 0
2896 1448 0 80 -80 0
2896 1448 0 81 -81 0
2896 1448 0 82 -82 0
2896 1448 0 83 -83 0
2896 1448 0 84 -84 0
2896 1448 0 85 -85 0
2896 1448 0 86 -86 0
2896 1448 0 87 -87 0
2896 1448 0 88 -88 0
2896 1448 0 89 -89 0
2896 1448 0 90 -90 0
2896 1448 0 91 -91 0
2896 1448 0 92 -92 0
2896 1448 0 93 -93 0
2896 1448 0 94 -94 0
2896 1448 0 95 -95 0
2896 1448 0 96 -96 0
2896 1448 0 97 -97 0
2896 1448 0 98 -98 0
2896 1448 0 99 -99 0
2896 1448 0 100 -100 0
2896 1448 0 101 -101 0
2896 1448 0 102 -102 0
2896 1448 0 103 -103 0
2896 1448 0 104 -104 0
2896 1448 0 105 -105 0
2896 1448 0 106 -106 0
2896 1448 0 107 -107 0
2896 1448 0 108 -108 0
2896 1448 0 109 -109 0
2896 1448 0 110 -110 0
2896 1448 0 111 -111 0
2896 1448 0 112 -112 0
2896 1448 0 113 -113 0
2896 1448 0 114 -114 0
2896 1448 0 115 -115 0
2896 1448 0 116 -116 0
2896 1448 0 117 -117 0
2896 1448 0 118 -118 0
2896 1448 0 119 -119 0
2896 1448 0 120 -120 0
2896 1448 0 121 -121 0
2896 1448 0 122 -122 0
2896 1448 0 123 -123 0
2896 1448 0 124 -124 0
2896 1448 0 125 -125 0
2896 1448 0 126 -126 0
2896 1448 0 127 -127 0
2896 1448 0 128 -128 0
2896 1448 0 129 -129 0
2896 1448 0 130 -130 0
2896 1448 0 131 -131 0
2896 1448 0 132 -132 0
2896 1448 0 133 -133 0
2896 1448 0 134 -134 0
2896 1448 0 135 -135 0
2896 1448 0 136 -136 0
2896 1448 0 137 -137 0
2896 1448 0 138 -138 0
2896 1448 0 139 -139 0
2896 1448 0 140 -140 0
2896 1448 0 141 -141 0
2896 1448 0 142 -142 0
2896 1448 0 143 -143 0
2896 1448 0 144 -144 0
2896 1448 0 145 -145 0
2896 1448 0 146 -146 0
2896 1448 0 147 -147 0
2896 1448 0 148 -148 0
2896 1448 0 149 -149 0
2896 1448 0 150 -150 0
2898 1449 0 -150 150 0
2898 1449 0 -149 149 0
2898 1449 0 -148 148 0
2898 1449 0 -147 147 0
2898 1449 0 -146 146 0
2898 1449 0 -145 145 0
2898 1449 0 -144 144 0
2898 1449 0 -143 143 0
2898 1449 0 -142 142 0
2898 1449 0 -141 141 0
2898 1449 0 -140 140 0
2898 1449 0 -139 139 0
2898 1449 0 -138 138 0
2898 1449 0 -137 137 0
2898 1449 0 -136 136 0
2898 1449 0 -135 135 0
2898 1449 0 -134 134 0
2898 1449 0 -133 133 0
2898 1449 0 -132 132 0
2898 1449 0 -131 131 0
2898 1449 0 -130 130 0
2898 1449 0 -129 129 0
2898 1449 0 -128 128 0
2898 1449 0 -127 127 0
2898 1449 0 -126 126 0
2898 1449 0 -125 125 0
2898 1449 0 -124 124 0
2898 1449 0 -123 123 0
2898 1449 0 -122 122 0
2898 1449 0 -121 121 0
2898 1449 0 -120 120 0
2898 1449 0 -119 119 0
2898 1449 0 -118 118 0
2898 1449 0 -117 117 0
2898 1449 0 -116 116 0
2898 1449 0 -115 115 0
2898 1449 0 -114 114 0
2898 1449 0 -113 113 0
2898 1449 0 -112 112 0
2898 1449 0 -111 111 0
2898 1449 0 -110 110 0
2898 1449 0 -109 109 0
2898 1449 0 -108 108 0
2898 1449 0 -107 107 0
2898 1449 0 -106 106 0
2898 1449 0 -105 105 0
2898 1449 0 -104 104 0
2898 1449 0 -103 103 0
2898 1449 0 -102 102 0
2898 1449 0 -101 101 0
2898 1449 0 -100 100 0
2898 1449 0 -99 99 0
2898 1449 0 -98 98 0
2898 1449 0 -97 97 0
2898 1449 0 -96 96 0
2898 1449 0 -95 95 0
2898 1449 0 -94 94 0
2898 1449 0 -93 93 0
2898 1449 0 -92 92 0
2898 1449 0 -91 91 0
2898 1449 0 -90 90 0
2898 1449 0 -89 89 0
2898 1449 0 -88 88 0
2898 1449 0 -87 87 0
2898 1449 0 -86 86 0
2898 1449 0 -85 85 0
2898 1449 0 -84 84 0
2898 1449 0 -83 83 0
2898 1449 0 -82 82 0
2898 1449 0 -81 81 0
2898 1449 0 -80 80 0
2898 1449 0 -79 79 0
2898 1449 0 -78 78 0
2898 1449 0 -77 77 0
2898 1449 0 -76 76 0
2898 1449 0 -75 75 0
2898 1449 0 -74 74 0
2898 1449 0 -73 73 0
2898 1449 0 -72 72 0
2898 1449 0 -71 71 0
2898 1449 0 -70 70 0
2898 1449 0 -69 69 0
2898 1449 0 -68 68 0
2898 1449 0 -67 67 0
2898 1449 0 -66 66 0
2898 1449 0 -65 65 0
2898 1449 0 -64 64 0
2898 1449 0 -63 63 0
2898 1449 0 -62 62 0
2898 1449 0 -61 61 0
2898 1449 0 -60 60 0
2898 1449 0 -59 59 0
2898 1449 0 -58 58 0
2898 1449 0 -57 57 0
2898 1449 0 -56 56 0
2898 1449 0 -55 55 0
2898 1449 0 -54 54 0
2898 1449 0 -53 53 0
2898 1449 0 -52 52 0
2898 1449 0 -51 51 0
2898 1449 0 -50 50 0
2898 1449 0 -49 49 0
2898 1449 0 -48 48 0
2898 1449 0 -47 47 0
2898 1449 0 -46 46 0
2898 1449 0 -45 45 0
2898 1449 0 -44 44 0
2898 1449 0 -43 43 0
2898 1449 0 -42 42 0
2898 1449 0 -41 41 0
2898 1449 0 -40 40 0
2898 1449 0 -39 39 0
2898 1449 0 -38 38 0
2898 1449 0 -37 37 0
2898 1449 0 -36 36 0
2898 1449 0 -35 35 0
2898 1449 0 -34 34 0
2898 1449 0 -33 33 0
2898 1449 0 -32 32 0
2898 1449 0 -31 31 0
2898 1449 0 -30 30 0
2898 1449 0 -29 29 0
2898 1449 0 -28 28 0
2898 1449 0 -27 27 0
2898 1449 0 -26 26 0
2898 1449 0 -25 25 0
2898 1449 0 -24 24 0
2898 1449 0 -23 23 0
2898 1449 0 -22 22 0
2898 1449 0 -21 21 0
2898 1449 0 -20 20 0
2898 1449 0 -19 19 0
2898 1449 0 -18 18 0
2898 1449 0 -17 17 0
2898 1449 0 -16 16 0
2898 1449 0 -15 15 0
2898 1449 0 -14 14 0
2898 1449 0 -13 13 0
2898 1449 0 -12 12 0
2898 1449 0 -11 11 0
2898 1449 0 -10 10 0
2898 1449 0 -9 9 0
2898 1449 0 -8 8 0
2898 1449 0 -7 7 0
2898 1449 0 -6 6 0
2898 1449 0 -5 5 0
2898 1449 0 -4 4 0
2898 1449 0 -3 3 0
2898 1449 0 -2 2 0
2898 1449 0 -1 1 0
2898 1449 0 1 -1 0
2898 1449 0 2 -2 0
2898 1449 0 3 -3 0
2898 1449 0 4 -4 0
2898 1449 0 5 -5 0
2898 1449 0 6 -6 0
2898 1449 0 7 -7 0
2898 1449 0 8 -8 0
2898 1449 0 9 -9 0
2898 1449 0 10 -10 0
2898 1449 0 11 -11 0
2898 1449 0 12 -12 0
2898 1449 0 13 -13 0
2898 1449 0 14 -14 0
2898 1449 0 15 -15 0
2898 1449 0 16 -16 0
2898 1449 0 17 -17 0
2898 1449 0 18 -18 0
2898 1449 0 19 -19 0
2898 1449 0 20 -20 0
2898 1449 0 21 -21 0
2898 1449 0 22 -22 0
2898 1449 0 23 -23 0
2898 1449 0 24 -24 0
2898 1449 0 25 -25 0
2898 1449 0 26 -26 0
2898 1449 0 27 -27 0
2898 1449 0 28 -28 0
2898 1449 0 29 -29 0
2898 1449 0 30 -30 0
2898 1449 0 31 -31 0
2898 1449 0 32 -32 0
2898 1449 0 33 -33 0
2898 1449 0 34 -34 0
2898 1449 0 35 -35 0
2898 1449 0 36 -36 0
2898 1449 0 37 -37 0
2898 1449 0 38 -38 0
2898 1449 0 39 -39 0
2898 1449 0 40 -40 0
2898 1449 0 41 -41 0
2898 1449 0 42 -42 0
2898 1449 0 43 -43 0
2898 1449 0 44 -44 0
2898 1449 0 45 -45 0
2898 1449 0 46 -46 0
2898 1449 0 47 -47 0
2898 1449 0 48 -48 0
2898 1449 0 49 -49 0
2898 1449 0 50 -50 0
2898 1449 0 51 -51 0
2898 1449 0 52 -52 0
2898 1449 0 53 -53 0
2898 1449 0 54 -54 0
2898 1449 0 55 -55 0
2898 1449 0 56 -56 0
2898 1449 0 57 -57 0
2898 1449 0 58 -58 0
2898 1449 0 59 -59 0
2898 1449 0 60 -60 0
2898 1449 0 61 -61 0
2898 1449 0 62 -62 0
2898 1449 0 63 -63 0
2898 1449 0 64 -64 0
2898 1449 0 65 -65 0
2898 1449 0 66 -66 0
2898 1449 0 67 -67 0
2898 1449 0 68 -68 0
2898 1449 0 69 -69 0
2898 1449 0 70 -70 0
2898 1449 0 71 -71 0
2898 1449 0 72 -72 0
2898 1449 0 73 -73 0
2898 1449 0 74 -74 0
2898 1449 0 75 -75 0
2898 1449 0 76 -76 0
2898 1449 0 77 -77 0
2898 1449 0 78 -78 0
2898 1449 0 79 -79 0
2898 1449 0 80 -80 0
2898 1449 0 81 -81 0
2898 1449 0 82 -82 0
2898 1449 0 83 -83 0
2898 1449 0 84 -84 0
2898 1449 0 85 -85 0
2898 1449 0 86 -86 0
2898 1449 0 87 -87 0
2898 1449 0 88 -88 0
2898 1449 0 89 -89 0
2898 1449 0 90 -90 0
2898 1449 0 91 -91 0
2898 1449 0 92 -92 0
2898 1449 0 93 -93 0
2898 1449 0 94 -94 0
2898 1449 0 95 -95 0
2898 1449 0 96 -96 0
2898 1449 0 97 -97 0
2898 1449 0 98 -98 0
2898 1449 0 99 -99 0
2898 1449 0 100 -100 0
2898 1449 0 101 -101 0
2898 1449 0 102 -102 0
2898 1449 0 103 -103 0
2898 1449 0 104 -104 0
2898 1449 0 105 -105 0
2898 1449 0 106 -106 0
2898 1449 0 107 -107 0
2898 1449 0 108 -108 0
2898 1449 0 109 -109 0
2898 1449 0 110 -110 0
2898 1449 0 111 -111 0
2898 1449 0 112 -112 0
2898 1449 0 113 -113 0
2898 1449 0 114 -114 0
2898 1449 0 115 -115 0
2898 1449 0 116 -116 0
2898 1449 0 117 -117 0
2898 1449 0 118 -118 0
2898 1449 0 119 -119 0
2898 1449 0 120 -120 0
2898 1449 0 121 -121 0
2898 1449 0 122 -122 0
2898 1449 0 123 -123 0
2898 1449 0 124 -124 0
2898 1449 0 125 -125 0
2898 1449 0 126 -126 0
2898 1449 0 127 -127 0
2898 1449 0 128 -128 0
2898 1449 0 129 -129 0
2898 1449 0 130 -130 0
2898 1449 0 131 -131 0
2898 1449 0 132 -132 0
2898 1449 0 133 -133 0
2898 1449 0 134 -134 0
2898 1449 0 135 -135 0
2898 1449 0 136 -136 0
2898 1449 0 137 -137 0
2898 1449 0 138 -138 0
2898 1449 0 139 -139 0
2898 1449 0 140 -140 0
2898 1449 0 141 -141 0
2898 1449 0 142 -142 0
2898 1449 0 143 -143 0
2898 1449 0 144 -144 0
2898 1449 0 145 -145 0
2898 1449 0 146 -146 0
2898 1449 0 147 -147 0
2898 1449 0 148 -148 0
2898 1449 0 149 -149 0
2898 1449 0 150 -150 0
2900 1450 0 -150 150 0
2900 1450 0 -149 149 0
2900 1450 0 -148 148 0
2900 1450 0 -147 147 0
2900 1450 0 -146 146 0
2900 1450 0 -145 145 0
2900 1450 0 -144 144 0
2900 1450 0 -143 143 0
2900 1450 0 -142 142 0
2900 1450 0 -141 141 0
2900 1450 0 -140 140 0
2900 1450 0 -139 139 0
2900 1450 0 -138 138 0
2900 1450 0 -137 137 0
2900 1450 0 -136 136 0
2900 1450 0 -135 135 0
2900 1450 0 -134 134 0
2900 1450 0 -133 133 0
2900 1450 0 -132 132 0
2900 1450 0 -131 131 0
2900 1450 0 -130 130 0
2900 1450 0 -129 129 0
2900 1450 0 -128 128 0
2900 1450 0 -127 127 0
2900 1450 0 -126 126 0
2900 1450 0 -125 125 0
2900 1450 0 -124 124 0
2900 1450 0 -123 123 0
2900 1450 0 -122 122 0
2900 1450 0 -121 121 0
2900 1450 0 -120 120 0
2900 1450 0 -119 119 0
2900 1450 0 -118 118 0
2900 1450 0 -117 117 0
2900 1450 0 -116 116 0
2900 1450 0 -115 115 0
2900 1450 0 -114 114 0
2900 1450 0 -113 113 0
2900 1450 0 -112 112 0
2900 1450 0 -111 111 0
2900 1450 0 -110 110 0
2900 1450 0 -109 109 0
2900 1450 0 -108 108 0
2900 1450 0 -107 107 0
2900 1450 0 -106 106 0
2900 1450 0 -105 105 0
2900 1450 0 -104 104 0
2900 1450 0 -103 103 0
2900 1450 0 -102 102 0
2900 1450 0 -101 101 0
2900 1450 0 -100 100 0
2900 1450 0 -99 99 0
2900 1450 0 -98 98 0
2900 1450 0 -97 97 0
2900 1450 0 -96 96 0
2900 1450 0 -95 95 0
2900 1450 0 -94 94 0
2900 1450 0 -93 93 0
2900 1450 0 -92 92 0
2900 1450 0 -91 91 0
2900 1450 0 -90 90 0
2900 1450 0 -89 89 0
2900 1450 0 -88 88 0
2900 1450 0 -87 87 0
2900 1450 0 -86 86 0
2900 1450 0 -85 85 0
2900 1450 0 -84 84 0
2900 1450 0 -83 83 0
2900 1450 0 -82 82 0
2900 1450 0 -81 81 0
2900 1450 0 -80 80 0
2900 1450 0 -79 79 0
2900 1450 0 -78 78 0
2900 1450 0 -77 77 0
2900 1450 0 -76 76 0
2900 1450 0 -75 75 0
2900 1450 0 -74 74 0
2900 1450 0 -73 73 0
2900 1450 0 -72 72 0
2900 1450 0 -71 71 0
2900 1450 0 -70 70 0
2900 1450 0 -69 69 0
2900 1450 0 -68 68 0
2900 1450 0 -67 67 0
2900 1450 0 -66 66 0
2900 1450 0 -65 65 0
2900 1450 0 -64 64 0
2900 1450 0 -63 63 0
2900 1450 0 -62 62 0
2900 1450 0 -61 61 0
2900 1450 0 -60 60 0
2900 1450 0 -59 59 0
2900 1450 0 -58 58 0
2900 1450 0 -57 57 0
2900 1450 0 -56 56 0
2900 1450 0 -55 55 0
2900 1450 0 -54 54 0
2900 1450 0 -53 53 0
2900 1450 0 -52 52 0
2900 1450 0 -51 51 0
2900 1450 0 -50 50 0
2900 1450 0 -49 49 0
2900 1450 0 -48 48 0
2900 1450 0 -47 47 0
2900 1450 0 -46 46 0
2900 1450 0 -45 45 0
2900 1450 0 -44 44 0
2900 1450 0 -43 43 0
2900 1450 0 -42 42 0
2900 1450 0 -41 41 0
2900 1450 0 -40 40 0
2900 1450 0 -39 39 0
2900 1450 0 -38 38 0
2900 1450 0 -37 37 0
2900 1450 0 -36 36 0
2900 1450 0 -35 35 0
2900 1450 0 -34 34 0
2900 1450 0 -33 33 0
2900 1450 0 -32 32 0
2900 1450 0 -31 31 0
2900 1450 0 -30 30 0
2900 1450 0 -29 29 0
2900 1450 0 -28 28 0
2900 1450 0 -27 27 0
2900 1450 0 -26 26 0
2900 1450 0 -25 25 0
2900 1450 0 -24 24 0
2900 1450 0 -23 23 0
2900 1450 0 -22 22 0
2900 1450 0 -21 21 0
2900 1450 0 -20 20 0
2900 1450 0 -19 19 0
2900 1450 0 -18 18 0
2900 1450 0 -17 17 0
2900 1450 0 -16 16 0
2900 1450 0 -15 15 0
2900 1450 0 -14 14 0
2900 1450 0 -13 13 0
2900 1450 0 -12 12 0
2900 1450 0 -11 11 0
2900 1450 0 -10 10 0
2900 1450 0 -9 9 0
2900 1450 0 -8 8 0
2900 1450 0 -7 7 0
2900 1450 0 -6 6 0
2900 1450 0 -5 5 0
2900 1450 0 -4 4 0
2900 1450 0 -3 3 0
2900 1450 0 -2 2 0
2900 1450 0 -1 1 0
2900 1450 0 1 -1 0
2900 1450 0 2 -2 0
2900 1450 0 3 -3 0
2900 1450 0 4 -4 0
2900 1450 0 5 -5 0
2900 1450 0 6 -6 0
2900 1450 0 7 -7 0
2900 1450 0 8 -8 0
2900 1450 0 9 -9 0
2900 1450 0 10 -10 0
2900 1450 0 11 -11 0
2900 1450 0 12 -12 0
2900 1450 0 13 -13 0
2900 1450 0 14 -14 0
2900 1450 0 15 -15 0
2900 1450 0 16 -16 0
2900 1450 0 17 -17 0
2900 1450 0 18 -18 0
2900 1450 0 19 -19 0
2900 1450 0 20 -20 0
2900 1450 0 21 -21 0
2900 1450 0 22 -22 0
2900 1450 0 23 -23 0
2900 1450 0 24 -24 0
2900 1450 0 25 -25 0
2900 1450 0 26 -26 0
2900 1450 0 27 -27 0
2900 1450 0 28 -28 0
2900 1450 0 29 -29 0
2900 1450 0 30 -30 0
2900 1450 0 31 -31 0
2900 1450 0 32 -32 0
2900 1450 0 33 -33 0
2900 1450 0 34 -34 0
2900 1450 0 35 -35 0
2900 1450 0 36 -36 0
2900 1450 0 37 -37 0
2900 1450 0 38 -38 0
2900 1450 0 39 -39 0
2900 1450 0 40 -40 0
2900 1450 0 41 -41 0
2900 1450 0 42 -42 0
2900 1450 0 43 -43 0
2900 1450 0 44 -44 0
2900 1450 0 45 -45 0
2900 1450 0 46 -46 0
2900 1450 0 47 -47 0
2900 1450 0 48 -48 0
2900 1450 0 49 -49 0
2900 1450 0 50 -50 0
2900 1450 0 51 -51 0
2900 1450 0 52 -52 0
2900 1450 0 53 -53 0
2900 1450 0 54 -54 0
2900 1450 0 55 -55 0
2900 1450 0 56 -56 0
2900 1450 0 57 -57 0
2900 1450 0 58 -58 0
2900 1450 0 59 -59 0
2900 1450 0 60 -60 0
2900 1450 0 61 -61 0
2900 1450 0 62 -62 0
2900 1450 0 63 -63 0
2900 1450 0 64 -64 0
2900 1450 0 65 -65 0
2900 1450 0 66 -66 0
2900 1450 0 67 -67 0
2900 1450 0 68 -68 0
2900 1450 0 69 -69 0
2900 1450 0 70 -70 0
2900 1450 0 71 -71 0
2900 1450 0 72 -72 0
2900 1450 0 73 -73 0
2900 1450 0 74 -74 0
2900 1450 0 75 -75 0
2900 1450 0 76 -76 0
2900 1450 0 77 -77 0
2900 1450 0 78 -78 0
2900 1450 0 79 -79 0
2900 1450 0 80 -80 0
2900 1450 0 81 -81 0
2900 1450 0 82 -82 0
2900 1450 0 83 -83 0
2900 1450 0 84 -84 0
2900 1450 0 85 -85 0
2900 1450 0 86 -86 0
2900 1450 0 87 -87 0
2900 1450 0 88 -88 0
2900 1450 0 89 -89 0
2900 1450 0 90 -90 0
2900 1450 0 91 -91 0
2900 1450 0 92 -92 0
2900 1450 0 93 -93 0
2900 1450 0 94 -94 0
2900 1450 0 95 -95 0
2900 1450 0 96 -96 0
2900 1450 0 97 -97 0
2900 1450 0 98 -98 0
2900 1450 0 99 -99 0
2900 1450 0 100 -100 0
2900 1450 0 101 -101 0
2900 1450 0 102 -102 0
2900 1450 0 103 -103 0
2900 1450 0 104 -104 0
2900 1450 0 105 -105 0
2900 1450 0 106 -106 0
2900 1450 0 107 -107 0
2900 1450 0 108 -108 0
2900 1450 0 109 -109 0
2900 1450 0 110 -110 0
2900 1450 0 111 -111 0
2900 1450 0 112 -112 0
2900 1450 0 113 -113 0
2900 1450 0 114 -114 0
2900 1450 0 115 -115 0
2900 1450 0 116 -116 0
2900 1450 0 117 -117 0
2900 1450 0 118 -118 0
2900 1450 0 119 -119 0
2900 1450 0 120 -120 0
2900 1450 0 121 -121 0
2900 1450 0 122 -122 0
2900 1450 0 123 -123 0
2900 1450 0 124 -124 0
2900 1450 0 125 -125 0
2900 1450 0 126 -126 0
2900 1450 0 127 -127 0
2900 1450 0 128 -128 0
2900 1450 0 129 -129 0
2900 1450 0 130 -130 0
2900 1450 0 131 -131 0
2900 1450 0 132 -132 0
2900 1450 0 133 -133 0
2900 1450 0 134 -134 0
2900 1450 0 135 -135 0
2900 1450 0 136 -136 0
2900 1450 0 137 -137 0
2900 1450 0 138 -138 0
2900 1450 0 139 -139 0
2900 1450 0 140 -140 0
2900 1450 0 141 -141 0
2900 1450 0 142 -142 0
2900 1450 0 143 -143 0
2900 1450 0 144 -144 0
2900 1450 0 145 -145 0
2900 1450 0 146 -146 0
2900 1450 0 147 -147 0
2900 1450 0 148 -148 0
2900 1450 0 149 -149 0
2900 1450 0 150 -150 0
2902 1451 0 -150 150 0
2902 1451 0 -149 149 0
2902 1451 0 -148 148 0
2902 1451 0 -147 147 0
2902 1451 0 -146 146 0
2902 1451 0 -145 145 0
2902 1451 0 -144 144 0
2902 1451 0 -143 143 0
2902 1451 0 -142 142 0
2902 1451 0 -141 141 0
2902 1451 0 -140 140 0
2902 1451 0 -139 139 0
2902 1451 0 -138 138 0
2902 1451 0 -137 137 0
2902 1451 0 -136 136 0
2902 1451 0 -135 135 0
2902 1451 0 -134 134 0
2902 1451 0 -133 133 0
2902 1451 0 -132 132 0
2902 1451 0 -131 131 0
2902 1451 0 -130 130 0
2902 1451 0 -129 129 0
2902 1451 0 -128 128 0
2902 1451 0 -127 127 0
2902 1451 0 -126 126 0
2902 1451 0 -125 125 0
2902 1451 0 -124 124 0
2902 1451 0 -123 123 0
2902 1451 0 -122 122 0
2902 1451 0 -121 121 0
2902 1451 0 -120 120 0
2902 1451 0 -119 119 0
2902 1451 0 -118 118 0
2902 1451 0 -117 117 0
2902 1451 0 -116 116 0
2902 1451 0 -115 115 0
2902 1451 0 -114 114 0
2902 1451 0 -113 113 0
2902 1451 0 -112 112 0
2902 1451 0 -111 111 0
2902 1451 0 -110 110 0
2902 1451 0 -109 109 0
2902 1451 0 -108 108 0
2902 1451 0 -107 107 0
2902 1451 0 -106 106 0
2902 1451 0 -105 105 0
2902 1451 0 -104 104 0
2902 1451 0 -103 103 0
2902 1451 0 -102 102 0
2902 1451 0 -101 101 0
2902 1451 0 -100 100 0
2902 1451 0 -99 99 0
2902 1451 0 -98 98 0
2902 1451 0 -97 97 0
2902 1451 0 -96 96 0
2902 1451 0 -95 95 0
2902 1451 0 -94 94 0
2902 1451 0 -93 93 0
2902 1451 0 -92 92 0
2902 1451 0 -91 91 0
2902 1451 0 -90 90 0
2902 1451 0 -89 89 0
2902 1451 0 -88 88 0
2902 1451 0 -87 87 0
2902 1451 0 -86 86 0
2902 1451 0 -85 85 0
2902 1451 0 -84 84 0
2902 1451 0 -83 83 0
2902 1451 0 -82 82 0
2902 1451 0 -81 81 0
2902 1451 0 -80 80 0
2902 1451 0 -79 79 0
2902 1451 0 -78 78 0
2902 1451 0 -77 77 0
2902 1451 0 -76 76 0
2902 1451 0 -75 75 0
2902 1451 0 -74 74 0
2902 1451 0 -73 73 0
2902 1451 0 -72 72 0
2902 1451 0 -71 71 0
2902 1451 0 -70 70 0
2902 1451 0 -69 69 0
2902 1451 0 -68 68 0
2902 1451 0 -67 67 0
2902 1451 0 -66 66 0
2902 1451 0 -65 65 0
2902 1451 0 -64 64 0
2902 1451 0 -63 63 0
2902 1451 0 -62 62 0
2902 1451 0 -61 61 0
2902 1451 0 -60 60 0
2902 1451 0 -59 59 0
2902 1451 0 -58 58 0
2902 1451 0 -57 57 0
2902 1451 0 -56 56 0
2902 1451 0 -55 55 0
2902 1451 0 -54 54 0
2902 1451 0 -53 53 0
2902 1451 0 -52 52 0
2902 1451 0 -51 51 0
2902 1451 0 -50 50 0
2902 1451 0 -49 49 0
2902 1451 0 -48 48 0
2902 1451 0 -47 47 0
2902 1451 0 -46 46 0
2902 1451 0 -45 45 0
2902 1451 0 -44 44 0
2902 1451 0 -43 43 0
2902 1451 0 -42 42 0
2902 1451 0 -41 41 0
2902 1451 0 -40 40 0
2902 1451 0 -39 39 0
2902 1451 0 -38 38 0
2902 1451 0 -37 37 0
2902 1451 0 -36 36 0
2902 1451 0 -35 35 0
2902 1451 0 -34 34 0
2902 1451 0 -33 33 0
2902 1451 0 -32 32 0
2902 1451 0 -31 31 0
2902 1451 0 -30 30 0
2902 1451 0 -29 29 0
2902 1451 0 -28 28 0
2902 1451 0 -27 27 0
2902 1451 0 -26 26 0
2902 1451 0 -25 25 0
2902 1451 0 -24 24 0
2902 1451 0 -23 23 0
2902 1451 0 -22 22 0
2902 1451 0 -21 21 0
2902 1451 0 -20 20 0
2902 1451 0 -19 19 0
2902 1451 0 -18 18 0
2902 1451 0 -17 17 0
2902 1451 0 -16 16 0
2902 1451 0 -15 15 0
2902 1451 0 -14 14 0
2902 1451 0 -13 13 0
2902 1451 0 -12 12 0
2902 1451 0 -11 11 0
2902 1451 0 -10 10 0
2902 1451 0 -9 9 0
2902 1451 0 -8 8 0
2902 1451 0 -7 7 0
2902 1451 0 -6 6 0
2902 1451 0 -5 5 0
2902 1451 0 -4 4 0
2902 1451 0 -3 3 0
2902 1451 0 -2 2 0
2902 1451 0 -1 1 0
2902 1451 0 1 -1 0
2902 1451 0 2 -2 0
2902 1451 0 3 -3 0
2902 1451 0 4 -4 0
2902 1451 0 5 -5 0
2902 1451 0 6 -6 0
2902 1451 0 7 -7 0
2902 1451 0 8 -8 0
2902 1451 0 9 -9 0
2902 1451 0 10 -10 0
2902 1451 0 11 -11 0
2902 1451 0 12 -12 0
2902 1451 0 13 -13 0
2902 1451 0 14 -14 0
2902 1451 0 15 -15 0
2902 1451 0 16 -16 0
2902 1451 0 17 -17 0
2902 1451 0 18 -18 0
2902 1451 0 19 -19 0
2902 1451 0 20 -20 0
2902 1451 0 21 -21 0
2902 1451 0 22 -22 0
2902 1451 0 23 -23 0
2902 1451 0 24 -24 0
2902 1451 0 25 -25 0
2902 1451 0 26 -26 0
2902 1451 0 27 -27 0
2902 1451 0 28 -28 0
2902 1451 0 29 -29 0
2902 1451 0 30 -30 0
2902 1451 0 31 -31 0
2902 1451 0 32 -32 0
2902 1451 0 33 -33 0
2902 1451 0 34 -34 0
2902 1451 0 35 -35 0
2902 1451 0 36 -36 0
2902 1451 0 37 -37 0
2902 1451 0 38 -38 0
2902 1451 0 39 -39 0
2902 1451 0 40 -40 0
2902 1451 0 41 -41 0
2902 1451 0 42 -42 0
2902 1451 0 43 -43 0
2902 1451 0 44 -44 0
2902 1451 0 45 -45 0
2902 1451 0 46 -46 0
2902 1451 0 47 -47 0
2902 1451 0 48 -48 0
2902 1451 0 49 -49 0
2902 1451 0 50 -50 0
2902 1451 0 51 -51 0
2902 1451 0 52 -52 0
2902 1451 0 53 -53 0
2902 1451 0 54 -54 0
2902 1451 0 55 -55 0
2902 1451 0 56 -56 0
2902 1451 0 57 -57 0
2902 1451 0 58 -58 0
2902 1451 0 59 -59 0
2902 1451 0 60 -60 0
2902 1451 0 61 -61 0
2902 1451 0 62 -62 0
2902 1451 0 63 -63 0
2902 1451 0 64 -64 0
2902 1451 0 65 -65 0
2902 1451 0 66 -66 0
2902 1451 0 67 -67 0
2902 1451 0 68 -68 0
2902 1451 0 69 -69 0
2902 1451 0 70 -70 0
2902 1451 0 71 -71 0
2902 1451 0 72 -72 0
2902 1451 0 73 -73 0
2902 1451 0 74 -74 0
2902 1451 0 75 -75 0
2902 1451 0 76 -76 0
2902 1451 0 77 -77 0
2902 1451 0 78 -78 0
2902 1451 0 79 -79 0
2902 1451 0 80 -80 0
2902 1451 0 81 -81 0
2902 1451 0 82 -82 0
2902 1451 0 83 -83 0
2902 1451 0 84 -84 0
2902 1451 0 85 -85 0
2902 1451 0 86 -86 0
2902 1451 0 87 -87 0
2902 1451 0 88 -88 0
2902 1451 0 89 -89 0
2902 1451 0 90 -90 0
2902 1451 0 91 -91 0
2902 1451 0 92 -92 0
2902 1451 0 93 -93 0
2902 1451 0 94 -94 0
2902 1451 0 95 -95 0
2902 1451 0 96 -96 0
2902 1451 0 97 -97 0
2902 1451 0 98 -98 0
2902 1451 0 99 -99 0
2902 1451 0 100 -100 0
2902 1451 0 101 -101 0
2902 1451 0 102 -102 0
2902 1451 0 103 -103 0
2902 1451 0 104 -104 0
2902 1451 0 105 -105 0
2902 1451 0 106 -106 0
2902 1451 0 107 -107 0
2902 1451 0 108 -108 0
2902 1451 0 109 -109 0
2902 1451 0 110 -110 0
2902 1451 0 111 -111 0
2902 1451 0 112 -112 0
2902 1451 0 113 -113 0
2902 1451 0 114 -114 0
2902 1451 0 115 -115 0
2902 1451 0 116 -116 0
2902 1451 0 117 -117 0
2902 1451 0 118 -118 0
2902 1451 0 119 -119 0
2902 1451 0 120 -120 0
2902 1451 0 121 -121 0
2902 1451 0 122 -122 0
2902 1451 0 123 -123 0
2902 1451 0 124 -124 0
2902 1451 0 125 -125 0
2902 1451 0 126 -126 0
2902 1451 0 127 -127 0
2902 1451 0 128 -128 0
2902 1451 0 129 -129 0
2902 1451 0 130 -130 0
2902 1451 0 131 -131 0
2902 1451 0 132 -132 0
2902 1451 0 133 -133 0
2902 1451 0 134 -134 0
2902 1451 0 135 -135 0
2902 1451 0 136 -136 0
2902 1451 0 137 -137 0
2902 1451 0 138 -138 0
2902 1451 0 139 -139 0
2902 1451 0 140 -140 0
2902 1451 0 141 -141 0
2902 1451 0 142 -142 0
2902 1451 0 143 -143 0
2902 1451 0 144 -144 0
2902 1451 0 145 -145 0
2902 1451 0 146 -146 0
2902 1451 0 147 -147 0
2902 1451 0 148 -148 0
2902 1451 0 149 -149 0
2902 1451 0 150 -150 0
2904 1452 0 -150 150 0
2904 1452 0 -149 149 0
2904 1452 0 -148 148 0
2904 1452 0 -147 147 0
2904 1452 0 -146 146 0
2904 1452 0 -145 145 0
2904 1452 0 -144 144 0
2904 1452 0 -143 143 0
2904 1452 0 -142 142 0
2904 1452 0 -141 141 0
2904 1452 0 -140 140 0
2904 1452 0 -139 139 0
2904 1452 0 -138 138 0
2904 1452 0 -137 137 0
2904 1452 0 -136 136 0
2904 1452 0 -135 135 0
2904 1452 0 -134 134 0
2904 1452 0 -133 133 0
2904 1452 0 -132 132 0
2904 1452 0 -131 131 0
2904 1452 0 -130 130 0
2904 1452 0 -129 129 0
2904 1452 0 -128 128 0
2904 1452 0 -127 127 0
2904 1452 0 -126 126 0
2904 1452 0 -125 125 0
2904 1452 0 -124 124 0
2904 1452 0 -123 123 0
2904 1452 0 -122 122 0
2904 1452 0 -121 121 0
2904 1452 0 -120 120 0
2904 1452 0 -119 119 0
2904 1452 0 -118 118 0
2904 1452 0 -117 117 0
2904 1452 0 -116 116 0
2904 1452 0 -115 115 0
2904 1452 0 -114 114 0
2904 1452 0 -113 113 0
2904 1452 0 -112 112 0
2904 1452 0 -111 111 0
2904 1452 0 -110 110 0
2904 1452 0 -109 109 0
2904 1452 0 -108 108 0
2904 1452 0 -107 107 0
2904 1452 0 -106 106 0
2904 1452 0 -105 105 0
2904 1452 0 -104 104 0
2904 1452 0 -103 103 0
2904 1452 0 -102 102 0
2904 1452 0 -101 101 0
2904 1452 0 -100 100 0
2904 1452 0 -99 99 0
2904 1452 0 -98 98 0
2904 1452 0 -97 97 0
2904 1452 0 -96 96 0
2904 1452 0 -95 95 0
2904 1452 0 -94 94 0
2904 1452 0 -93 93 0
2904 1452 0 -92 92 0
2904 1452 0 -91 91 0
2904 1452 0 -90 90 0
2904 1452 0 -89 89 0
2904 1452 0 -88 88 0
2904 1452 0 -87 87 0
2904 1452 0 -86 86 0
2904 1452 0 -85 85 0
2904 1452 0 -84 84 0
2904 1452 0 -83 83 0
2904 1452 0 -82 82 0
2904 1452 0 -81 81 0
2904 1452 0 -80 80 0
2904 1452 0 -79 79 0
2904 1452 0 -78 78 0
2904 1452 0 -77 77 0
2904 1452 0 -76 76 0
2904 1452 0 -75 75 0
2904 1452 0 -74 74 0
2904 1452 0 -73 73 0
2904 1452 0 -72 72 0
2904 1452 0 -71 71 0
2904 1452 0 -70 70 0
2904 1452 0 -69 69 0
2904 1452 0 -68 68 0
2904 1452 0 -67 67 0
2904 1452 0 -66 66 0
2904 1452 0 -65 65 0
2904 1452 0 -64 64 0
2904 1452 0 -63 63 0
2904 1452 0 -62 62 0
2904 1452 0 -61 61 0
2904 1452 0 -60 60 0
2904 1452 0 -59 59 0
2904 1452 0 -58 58 0
2904 1452 0 -57 57 0
2904 1452 0 -56 56 0
2904 1452 0 -55 55 0
2904 1452 0 -54 54 0
2904 1452 0 -53 53 0
2904 1452 0 -52 52 0
2904 1452 0 -51 51 0
2904 1452 0 -50 50 0
2904 1452 0 -49 49 0
2904 1452 0 -48 48 0
2904 1452 0 -47 47 0
2904 1452 0 -46 46 0
2904 1452 0 -45 45 0
2904 1452 0 -44 44 0
2904 1452 0 -43 43 0
2904 1452 0 -42 42 0
2904 1452 0 -41 41 0
2904 1452 0 -40 40 0
2904 1452 0 -39 39 0
2904 1452 0 -38 38 0
2904 1452 0 -37 37 0
2904 1452 0 -36 36 0
2904 1452 0 -35 35 0
2904 1452 0 -34 34 0
2904 1452 0 -33 33 0
2904 1452 0 -32 32 0
2904 1452 0 -31 31 0
2904 1452 0 -30 30 0
2904 1452 0 -29 29 0
2904 1452 0 -28 28 0
2904 1452 0 -27 27 0
2904 1452 0 -26 26 0
2904 1452 0 -25 25 0
2904 1452 0 -24 24 0
2904 1452 0 -23 23 0
2904 1452 0 -22 22 0
2904 1452 0 -21 21 0
2904 1452 0 -20 20 0
2904 1452 0 -19 19 0
2904 1452 0 -18 18 0
2904 1452 0 -17 17 0
2904 1452 0 -16 16 0
2904 1452 0 -15 15 0
2904 1452 0 -14 14 0
2904 1452 0 -13 13 0
2904 1452 0 -12 12 0
2904 1452 0 -11 11 0
2904 1452 0 -10 10 0
2904 1452 0 -9 9 0
2904 1452 0 -8 8 0
2904 1452 0 -7 7 0
2904 1452 0 -6 6 0
2904 1452 0 -5 5 0
2904 1452 0 -4 4 0
2904 1452 0 -3 3 0
2904 1452 0 -2 2 0
2904 1452 0 -1 1 0
2904 1452 0 1 -1 0
2904 1452 0 2 -2 0
2904 1452 0 3 -3 0
2904 1452 0 4 -4 0
2904 1452 0 5 -5 0
2904 1452 0 6 -6 0
2904 1452 0 7 -7 0
2904 1452 0 8 -8 0
2904 1452 0 9 -9 0
2904 1452 0 10 -10 0
2904 1452 0 11 -11 0
2904 1452 0 12 -12 0
2904 1452 0 13 -13 0
2904 1452 0 14 -14 0
2904 1452 0 15 -15 0
2904 1452 0 16 -16 0
2904 1452 0 17 -17 0
2904 1452 0 18 -18 0
2904 1452 0 19 -19 0
2904 1452 0 20 -20 0
2904 1452 0 21 -21 0
2904 1452 0 22 -22 0
2904 1452 0 23 -23 0
2904 1452 0 24 -24 0
2904 1452 0 25 -25 0
2904 1452 0 26 -26 0
2904 1452 0 27 -27 0
2904 1452 0 28 -28 0
2904 1452 0 29 -29 0
2904 1452 0 30 -30 0
2904 1452 0 31 -31 0
2904 1452 0 32 -32 0
2904 1452 0 33 -33 0
2904 1452 0 34 -34 0
2904 1452 0 35 -35 0
2904 1452 0 36 -36 0
2904 1452 0 37 -37 0
2904 1452 0 38 -38 0
2904 1452 0 39 -39 0
2904 1452 0 40 -40 0
2904 1452 0 41 -41 0
2904 1452 0 42 -42 0
2904 1452 0 43 -43 0
2904 1452 0 44 -44 0
2904 1452 0 45 -45 0
2904 1452 0 46 -46 0
2904 1452 0 47 -47 0
2904 1452 0 48 -48 0
2904 1452 0 49 -49 0
2904 1452 0 50 -50 0
2904 1452 0 51 -51 0
2904 1452 0 52 -52 0
2904 1452 0 53 -53 0
2904 1452 0 54 -54 0
2904 1452 0 55 -55 0
2904 1452 0 56 -56 0
2904 1452 0 57 -57 0
2904 1452 0 58 -58 0
2904 1452 0 59 -59 0
2904 1452 0 60 -60 0
2904 1452 0 61 -61 0
2904 1452 0 62 -62 0
2904 1452 0 63 -63 0
2904 1452 0 64 -64 0
2904 1452 0 65 -65 0
2904 1452 0 66 -66 0
2904 1452 0 67 -67 0
2904 1452 0 68 -68 0
2904 1452 0 69 -69 0
2904 1452 0 70 -70 0
2904 1452 0 71 -71 0
2904 1452 0 72 -72 0
2904 1452 0 73 -73 0
2904 1452 0 74 -74 0
2904 1452 0 75 -75 0
2904 1452 0 76 -76 0
2904 1452 0 77 -77 0
2904 1452 0 78 -78 0
2904 1452 0 79 -79 0
2904 1452 0 80 -80 0
2904 1452 0 81 -81 0
2904 1452 0 82 -82 0
2904 1452 0 83 -83 0
2904 1452 0 84 -84 0
2904 1452 0 85 -85 0
2904 1452 0 86 -86 0
2904 1452 0 87 -87 0
2904 1452 0 88 -88 0
2904 1452 0 89 -89 0
2904 1452 0 90 -90 0
2904 1452 0 91 -91 0
2904 1452 0 92 -92 0
2904 1452 0 93 -93 0
2904 1452 0 94 -94 0
2904 1452 0 95 -95 0
2904 1452 0 96 -96 0
2904 1452 0 97 -97 0
2904 1452 0 98 -98 0
2904 1452 0 99 -99 0
2904 1452 0 100 -100 0
2904 1452 0 101 -101 0
2904 1452 0 102 -102 0
2904 1452 0 103 -103 0
2904 1452 0 104 -104 0
2904 1452 0 105 -105 0
2904 1452 0 106 -106 0
2904 1452 0 107 -107 0
2904 1452 0 108 -108 0
2904 1452 0 109 -109 0
2904 1452 0 110 -110 0
2904 1452 0 111 -111 0
2904 1452 0 112 -112 0
2904 1452 0 113 -113 0
2904 1452 0 114 -114 0
2904 1452 0 115 -115 0
2904 1452 0 116 -116 0
2904 1452 0 117 -117 0
2904 1452 0 118 -118 0
2904 1452 0 119 -119 0
2904 1452 0 120 -120 0
2904 1452 0 121 -121 0
2904 1452 0 122 -122 0
2904 1452 0 123 -123 0
2904 1452 0 124 -124 0
2904 1452 0 125 -125 0
2904 1452 0 126 -126 0
2904 1452 0 127 -127 0
2904 1452 0 128 -128 0
2904 1452 0 129 -129 0
2904 1452 0 130 -130 0
2904 1452 0 131 -131 0
2904 1452 0 132 -132 0
2904 1452 0 133 -133 0
2904 1452 0 134 -134 0
2904 1452 0 135 -135 0
2904 1452 0 136 -136 0
2904 1452 0 137 -137 0
2904 1452 0 138 -138 0
2904 1452 0 139 -139 0
2904 1452 0 140 -140 0
2904 1452 0 141 -141 0
2904 1452 0 142 -142 0
2904 1452 0 143 -143 0
2904 1452 0 144 -144 0
2904 1452 0 145 -145 0
2904 1452 0 146 -146 0
2904 1452 0 147 -147 0
2904 1452 0 148 -148 0
2904 1452 0 149 -149 0
2904 1452 0 150 -150 0
2906 1453 0 -150 150 0
2906 1453 0 -149 149 0
2906 1453 0 -148 148 0
2906 1453 0 -147 147 0
2906 1453 0 -146 146 0
2906 1453 0 -145 145 0
2906 1453 0 -144 144 0
2906 1453 0 -143 143 0
2906 1453 0 -142 142 0
2906 1453 0 -141 141 0
2906 1453 0 -140 140 0
2906 1453 0 -139 139 0
2906 1453 0 -138 138 0
2906 1453 0 -137 137 0
2906 1453 0 -136 136 0
2906 1453 0 -135 135 0
2906 1453 0 -134 134 0
2906 1453 0 -133 133 0
2906 1453 0 -132 132 0
2906 1453 0 -131 131 0
2906 1453 0 -130 130 0
2906 1453 0 -129 129 0
2906 1453 0 -128 128 0
2906 1453 0 -127 127 0
2906 1453 0 -126 126 0
2906 1453 0 -125 125 0
2906 1453 0 -124 124 0
2906 1453 0 -123 123 0
2906 1453 0 -122 122 0
2906 1453 0 -121 121 0
2906 1453 0 -120 120 0
2906 1453 0 -119 119 0
2906 1453 0 -118 118 0
2906 1453 0 -117 117 0
2906 1453 0 -116 116 0
2906 1453 0 -115 115 0
2906 1453 0 -114 114 0
2906 1453 0 -113 113 0
2906 1453 0 -112 112 0
2906 1453 0 -111 111 0
2906 1453 0 -110 110 0
2906 1453 0 -109 109 0
2906 1453 0 -108 108 0
2906 1453 0 -107 107 0
2906 1453 0 -106 106 0
2906 1453 0 -105 105 0
2906 1453 0 -104 104 0
2906 1453 0 -103 103 0
2906 1453 0 -102 102 0
2906 1453 0 -101 101 0
2906 1453 0 -100 100 0
2906 1453 0 -99 99 0
2906 1453 0 -98 98 0
2906 1453 0 -97 97 0
2906 1453 0 -96 96 0
2906 1453 0 -95 95 0
2906 1453 0 -94 94 0
2906 1453 0 -93 93 0
2906 1453 0 -92 92 0
2906 1453 0 -91 91 0
2906 1453 0 -90 90 0
2906 1453 0 -89 89 0
2906 1453 0 -88 88 0
2906 1453 0 -87 87 0
2906 1453 0 -86 86 0
2906 1453 0 -85 85 0
2906 1453 0 -84 84 0
2906 1453 0 -83 83 0
2906 1453 0 -82 82 0
2906 1453 0 -81 81 0
2906 1453 0 -80 80 0
2906 1453 0 -79 79 0
2906 1453 0 -78 78 0
2906 1453 0 -77 77 0
2906 1453 0 -76 76 0
2906 1453 0 -75 75 0
2906 1453 0 -74 74 0
2906 1453 0 -73 73 0
2906 1453 0 -72 72 0
2906 1453 0 -71 71 0
2906 1453 0 -70 70 0
2906 1453 0 -69 69 0
2906 1453 0 -68 68 0
2906 1453 0 -67 67 0
2906 1453 0 -66 66 0
2906 1453 0 -65 65 0
2906 1453 0 -64 64 0
2906 1453 0 -63 63 0
2906 1453 0 -62 62 0
2906 1453 0 -61 61 0
2906 1453 0 -60 60 0
2906 1453 0 -59 59 0
2906 1453 0 -58 58 0
2906 1453 0 -57 57 0
2906 1453 0 -56 56 0
2906 1453 0 -55 55 0
2906 1453 0 -54 54 0
2906 1453 0 -53 53 0
2906 1453 0 -52 52 0
2906 1453 0 -51 51 0
2906 1453 0 -50 50 0
2906 1453 0 -49 49 0
2906 1453 0 -48 48 0
2906 1453 0 -47 47 0
2906 1453 0 -46 46 0
2906 1453 0 -45 45 0
2906 1453 0 -44 44 0
2906 1453 0 -43 43 0
2906 1453 0 -42 42 0
2906 1453 0 -41 41 0
2906 1453 0 -40 40 0
2906 1453 0 -39 39 0
2906 1453 0 -38 38 0
2906 1453 0 -37 37 0
2906 1453 0 -36 36 0
2906 1453 0 -35 35 0
2906 1453 0 -34 34 0
2906 1453 0 -33 33 0
2906 1453 0 -32 32 0
2906 1453 0 -31 31 0
2906 1453 0 -30 30 0
2906 1453 0 -29 29 0
2906 1453 0 -28 28 0
2906 1453 0 -27 27 0
2906 1453 0 -26 26 0
2906 1453 0 -25 25 0
2906 1453 0 -24 24 0
2906 1453 0 -23 23 0
2906 1453 0 -22 22 0
2906 1453 0 -21 21 0
2906 1453 0 -20 20 0
2906 1453 0 -19 19 0
2906 1453 0 -18 18 0
2906 1453 0 -17 17 0
2906 1453 0 -16 16 0
2906 1453 0 -15 15 0
2906 1453 0 -14 14 0
2906 1453 0 -13 13 0
2906 1453 0 -12 12 0
2906 1453 0 -11 11 0
2906 1453 0 -10 10 0
2906 1453 0 -9 9 0
2906 1453 0 -8 8 0
2906 1453 0 -7 7 0
2906 1453 0 -6 6 0
2906 1453 0 -5 5 0
2906 1453 0 -4 4 0
2906 1453 0 -3 3 0
2906 1453 0 -2 2 0
2906 1453 0 -1 1 0
2906 1453 0 1 -1 0
2906 1453 0 2 -2 0
2906 1453 0 3 -3 0
2906 1453 0 4 -4 0
2906 1453 0 5 -5 0
2906 1453 0 6 -6 0
2906 1453 0 7 -7 0
2906 1453 0 8 -8 0
2906 1453 0 9 -9 0
2906 1453 0 10 -10 0
2906 1453 0 11 -11 0
2906 1453 0 12 -12 0
2906 1453 0 13 -13 0
2906 1453 0 14 -14 0
2906 1453 0 15 -15 0
2906 1453 0 16 -16 0
2906 1453 0 17 -17 0
2906 1453 0 18 -18 0
2906 1453 0 19 -19 0
2906 1453 0 20 -20 0
2906 1453 0 21 -21 0
2906 1453 0 22 -22 0
2906 1453 0 23 -23 0
2906 1453 0 24 -24 0
2906 1453 0 25 -25 0
2906 1453 0 26 -26 0
2906 1453 0 27 -27 0
2906 1453 0 28 -28 0
2906 1453 0 29 -29 0
2906 1453 0 30 -30 0
2906 1453 0 31 -31 0
2906 1453 0 32 -32 0
2906 1453 0 33 -33 0
2906 1453 0 34 -34 0
2906 1453 0 35 -35 0
2906 1453 0 36 -36 0
2906 1453 0 37 -37 0
2906 1453 0 38 -38 0
2906 1453 0 39 -39 0
2906 1453 0 40 -40 0
2906 1453 0 41 -41 0
2906 1453 0 42 -42 0
2906 1453 0 43 -43 0
2906 1453 0 44 -44 0
2906 1453 0 45 -45 0
2906 1453 0 46 -46 0
2906 1453 0 47 -47 0
2906 1453 0 48 -48 0
2906 1453 0 49 -49 0
2906 1453 0 50 -50 0
2906 1453 0 51 -51 0
2906 1453 0 52 -52 0
2906 1453 0 53 -53 0
2906 1453 0 54 -54 0
2906 1453 0 55 -55 0
2906 1453 0 56 -56 0
2906 1453 0 57 -57 0
2906 1453 0 58 -58 0
2906 1453 0 59 -59 0
2906 1453 0 60 -60 0
2906 1453 0 61 -61 0
2906 1453 0 62 -62 0
2906 1453 0 63 -63 0
2906 1453 0 64 -64 0
2906 1453 0 65 -65 0
2906 1453 0 66 -66 0
2906 1453 0 67 -67 0
2906 1453 0 68 -68 0
2906 1453 0 69 -69 0
2906 1453 0 70 -70 0
2906 1453 0 71 -71 0
2906 1453 0 72 -72 0
2906 1453 0 73 -73 0
2906 1453 0 74 -74 0
2906 1453 0 75 -75 0
2906 1453 0 76 -76 0
2906 1453 0 77 -77 0
2906 1453 0 78 -78 0
2906 1453 0 79 -79 0
2906 1453 0 80 -80 0
2906 1453 0 81 -81 0
2906 1453 0 82 -82 0
2906 1453 0 83 -83 0
2906 1453 0 84 -84 0
2906 1453 0 85 -85 0
2906 1453 0 86 -86 0
2906 1453 0 87 -87 0
2906 1453 0 88 -88 0
2906 1453 0 89 -89 0
2906 1453 0 90 -90 0
2906 1453 0 91 -91 0
2906 1453 0 92 -92 0
2906 1453 0 93 -93 0
2906 1453 0 94 -94 0
2906 1453 0 95 -95 0
2906 1453 0 96 -96 0
2906 1453 0 97 -97 0
2906 1453 0 98 -98 0
2906 1453 0 99 -99 0
2906 1453 0 100 -100 0
2906 1453 0 101 -101 0
2906 1453 0 102 -102 0
2906 1453 0 103 -103 0
2906 1453 0 104 -104 0
2906 1453 0 105 -105 0
2906 1453 0 106 -106 0
2906 1453 0 107 -107 0
2906 1453 0 108 -108 0
2906 1453 0 109 -109 0
2906 1453 0 110 -110 0
2906 1453 0 111 -111 0
2906 1453 0 112 -112 0
2906 1453 0 113 -113 0
2906 1453 0 114 -114 0
2906 1453 0 115 -115 0
2906 1453 0 116 -116 0
2906 1453 0 117 -117 0
2906 1453 0 118 -118 0
2906 1453 0 119 -119 0
2906 1453 0 120 -120 0
2906 1453 0 121 -121 0
2906 1453 0 122 -122 0
2906 1453 0 123 -123 0
2906 1453 0 124 -124 0
2906 1453 0 125 -125 0
2906 1453 0 126 -126 0
2906 1453 0 127 -127 0
2906 1453 0 128 -128 0
2906 1453 0 129 -129 0
2906 1453 0 130 -130 0
2906 1453 0 131 -131 0
2906 1453 0 132 -132 0
2906 1453 0 133 -133 0
2906 1453 0 134 -134 0
2906 1453 0 135 -135 0
2906 1453 0 136 -136 0
2906 1453 0 137 -137 0
2906 1453 0 138 -138 0
2906 1453 0 139 -139 0
2906 1453 0 140 -140 0
2906 1453 0 141 -141 0
2906 1453 0 142 -142 0
2906 1453 0 143 -143 0
2906 1453 0 144 -144 0
2906 1453 0 145 -145 0
2906 1453 0 146 -146 0
2906 1453 0 147 -147 0
2906 1453 0 148 -148 0
2906 1453 0 149 -149 0
2906 1453 0 150 -150 0
2908 1454 0 -150 150 0
2908 1454 0 -149 149 0
2908 1454 0 -148 148 0
2908 1454 0 -147 147 0
2908 1454 0 -146 146 0
2908 1454 0 -145 145 0
2908 1454 0 -144 144 0
2908 1454 0 -143 143 0
2908 1454 0 -142 142 0
2908 1454 0 -141 141 0
2908 1454 0 -140 140 0
2908 1454 0 -139 139 0
2908 1454 0 -138 138 0
2908 1454 0 -137 137 0
2908 1454 0 -136 136 0
2908 1454 0 -135 135 0
2908 1454 0 -134 134 0
2908 1454 0 -133 133 0
2908 1454 0 -132 132 0
2908 1454 0 -131 131 0
2908 1454 0 -130 130 0
2908 1454 0 -129 129 0
2908 1454 0 -128 128 0
2908 1454 0 -127 127 0
2908 1454 0 -126 126 0
2908 1454 0 -125 125 0
2908 1454 0 -124 124 0
2908 1454 0 -123 123 0
2908 1454 0 -122 122 0
2908 1454 0 -121 121 0
2908 1454 0 -120 120 0
2908 1454 0 -119 119 0
2908 1454 0 -118 118 0
2908 1454 0 -117 117 0
2908 1454 0 -116 116 0
2908 1454 0 -115 115 0
2908 1454 0 -114 114 0
2908 1454 0 -113 113 0
2908 1454 0 -112 112 0
2908 1454 0 -111 111 0
2908 1454 0 -110 110 0
2908 1454 0 -109 109 0
2908 1454 0 -108 108 0
2908 1454 0 -107 107 0
2908 1454 0 -106 106 0
2908 1454 0 -105 105 0
2908 1454 0 -104 104 0
2908 1454 0 -103 103 0
2908 1454 0 -102 102 0
2908 1454 0 -101 101 0
2908 1454 0 -100 100 0
2908 1454 0 -99 99 0
2908 1454 0 -98 98 0
2908 1454 0 -97 97 0
2908 1454 0 -96 96 0
2908 1454 0 -95 95 0
2908 1454 0 -94 94 0
2908 1454 0 -93 93 0
2908 1454 0 -92 92 0
2908 1454 0 -91 91 0
2908 1454 0 -90 90 0
2908 1454 0 -89 89 0
2908 1454 0 -88 88 0
2908 1454 0 -87 87 0
2908 1454 0 -86 86 0
2908 1454 0 -85 85 0
2908 1454 0 -84 84 0
2908 1454 0 -83 83 0
2908 1454 0 -82 82 0
2908 1454 0 -81 81 0
2908 1454 0 -80 80 0
2908 1454 0 -79 79 0
2908 1454 0 -78 78 0
2908 1454 0 -77 77 0
2908 1454 0 -76 76 0
2908 1454 0 -75 75 0
2908 1454 0 -74 74 0
2908 1454 0 -73 73 0
2908 1454 0 -72 72 0
2908 1454 0 -71 71 0
2908 1454 0 -70 70 0
2908 1454 0 -69 69 0
2908 1454 0 -68 68 0
2908 1454 0 -67 67 0
2908 1454 0 -66 66 0
2908 1454 0 -65 65 0
2908 1454 0 -64 64 0
2908 1454 0 -63 63 0
2908 1454 0 -62 62 0
2908 1454 0 -61 61 0
2908 1454 0 -60 60 0
2908 1454 0 -59 59 0
2908 1454 0 -58 58 0
2908 1454 0 -57 57 0
2908 1454 0 -56 56 0
2908 1454 0 -55 55 0
2908 1454 0 -54 54 0
2908 1454 0 -53 53 0
2908 1454 0 -52 52 0
2908 1454 0 -51 51 0
2908 1454 0 -50 50 0
2908 1454 0 -49 49 0
2908 1454 0 -48 48 0
2908 1454 0 -47 47 0
2908 1454 0 -46 46 0
2908 1454 0 -45 45 0
2908 1454 0 -44 44 0
2908 1454 0 -43 43 0
2908 1454 0 -42 42 0
2908 1454 0 -41 41 0
2908 1454 0 -40 40 0
2908 1454 0 -39 39 0
2908 1454 0 -38 38 0
2908 1454 0 -37 37 0
2908 1454 0 -36 36 0
2908 1454 0 -35 35 0
2908 1454 0 -34 34 0
2908 1454 0 -33 33 0
2908 1454 0 -32 32 0
2908 1454 0 -31 31 0
2908 1454 0 -30 30 0
2908 1454 0 -29 29 0
2908 1454 0 -28 28 0
2908 1454 0 -27 27 0
2908 1454 0 -26 26 0
2908 1454 0 -25 25 0
2908 1454 0 -24 24 0
2908 1454 0 -23 23 0
2908 1454 0 -22 22 0
2908 1454 0 -21 21 0
2908 1454 0 -20 20 0
2908 1454 0 -19 19 0
2908 1454 0 -18 18 0
2908 1454 0 -17 17 0
2908 1454 0 -16 16 0
2908 1454 0 -15 15 0
2908 1454 0 -14 14 0
2908 1454 0 -13 13 0
2908 1454 0 -12 12 0
2908 1454 0 -11 11 0
2908 1454 0 -10 10 0
2908 1454 0 -9 9 0
2908 1454 0 -8 8 0
2908 1454 0 -7 7 0
2908 1454 0 -6 6 0
2908 1454 0 -5 5 0
2908 1454 0 -4 4 0
2908 1454 0 -3 3 0
2908 1454 0 -2 2 0
2908 1454 0 -1 1 0
2908 1454 0 1 -1 0
2908 1454 0 2 -2 0
2908 1454 0 3 -3 0
2908 1454 0 4 -4 0
2908 1454 0 5 -5 0
2908 1454 0 6 -6 0
2908 1454 0 7 -7 0
2908 1454 0 8 -8 0
2908 1454 0 9 -9 0
2908 1454 0 10 -10 0
2908 1454 0 11 -11 0
2908 1454 0 12 -12 0
2908 1454 0 13 -13 0
2908 1454 0 14 -14 0
2908 1454 0 15 -15 0
2908 1454 0 16 -16 0
2908 1454 0 17 -17 0
2908 1454 0 18 -18 0
2908 1454 0 19 -19 0
2908 1454 0 20 -20 0
2908 1454 0 21 -21 0
2908 1454 0 22 -22 0
2908 1454 0 23 -23 0
2908 1454 0 24 -24 0
2908 1454 0 25 -25 0
2908 1454 0 26 -26 0
2908 1454 0 27 -27 0
2908 1454 0 28 -28 0
2908 1454 0 29 -29 0
2908 1454 0 30 -30 0
2908 1454 0 31 -31 0
2908 1454 0 32 -32 0
2908 1454 0 33 -33 0
2908 1454 0 34 -34 0
2908 1454 0 35 -35 0
2908 1454 0 36 -36 0
2908 1454 0 37 -37 0
2908 1454 0 38 -38 0
2908 1454 0 39 -39 0
2908 1454 0 40 -40 0
2908 1454 0 41 -41 0
2908 1454 0 42 -42 0
2908 1454 0 43 -43 0
2908 1454 0 44 -44 0
2908 1454 0 45 -45 0
2908 1454 0 46 -46 0
2908 1454 0 47 -47 0
2908 1454 0 48 -48 0
2908 1454 0 49 -49 0
2908 1454 0 50 -50 0
2908 1454 0 51 -51 0
2908 1454 0 52 -52 0
2908 1454 0 53 -53 0
2908 1454 0 54 -54 0
2908 1454 0 55 -55 0
2908 1454 0 56 -56 0
2908 1454 0 57 -57 0
2908 1454 0 58 -58 0
2908 1454 0 59 -59 0
2908 1454 0 60 -60 0
2908 1454 0 61 -61 0
2908 1454 0 62 -62 0
2908 1454 0 63 -63 0
2908 1454 0 64 -64 0
2908 1454 0 65 -65 0
2908 1454 0 66 -66 0
2908 1454 0 67 -67 0
2908 1454 0 68 -68 0
2908 1454 0 69 -69 0
2908 1454 0 70 -70 0
2908 1454 0 71 -71 0
2908 1454 0 72 -72 0
2908 1454 0 73 -73 0
2908 1454 0 74 -74 0
2908 1454 0 75 -75 0
2908 1454 0 76 -76 0
2908 1454 0 77 -77 0
2908 1454 0 78 -78 0
2908 1454 0 79 -79 0
2908 1454 0 80 -80 0
2908 1454 0 81 -81 0
2908 1454 0 82 -82 0
2908 1454 0 83 -83 0
2908 1454 0 84 -84 0
2908 1454 0 85 -85 0
2908 1454 0 86 -86 0
2908 1454 0 87 -87 0
2908 1454 0 88 -88 0
2908 1454 0 89 -89 0
2908 1454 0 90 -90 0
2908 1454 0 91 -91 0
2908 1454 0 92 -92 0
2908 1454 0 93 -93 0
2908 1454 0 94 -94 0
2908 1454 0 95 -95 0
2908 1454 0 96 -96 0
2908 1454 0 97 -97 0
2908 1454 0 98 -98 0
2908 1454 0 99 -99 0
2908 1454 0 100 -100 0
2908 1454 0 101 -101 0
2908 1454 0 102 -102 0
2908 1454 0 103 -103 0
2908 1454 0 104 -104 0
2908 1454 0 105 -105 0
2908 1454 0 106 -106 0
2908 1454 0 107 -107 0
2908 1454 0 108 -108 0
2908 1454 0 109 -109 0
2908 1454 0 110 -110 0
2908 1454 0 111 -111 0
2908 1454 0 112 -112 0
2908 1454 0 113 -113 0
2908 1454 0 114 -114 0
2908 1454 0 115 -115 0
2908 1454 0 116 -116 0
2908 1454 0 117 -117 0
2908 1454 0 118 -118 0
2908 1454 0 119 -119 0
2908 1454 0 120 -120 0
2908 1454 0 121 -121 0
2908 1454 0 122 -122 0
2908 1454 0 123 -123 0
2908 1454 0 124 -124 0
2908 1454 0 125 -125 0
2908 1454 0 126 -126 0
2908 1454 0 127 -127 0
2908 1454 0 128 -128 0
2908 1454 0 129 -129 0
2908 1454 0 130 -130 0
2908 1454 0 131 -131 0
2908 1454 0 132 -132 0
2908 1454 0 133 -133 0
2908 1454 0 134 -134 0
2908 1454 0 135 -135 0
2908 1454 0 136 -136 0
2908 1454 0 137 -137 0
2908 1454 0 138 -138 0
2908 1454 0 139 -139 0
2908 1454 0 140 -140 0
2908 1454 0 141 -141 0
2908 1454 0 142 -142 0
2908 1454 0 143 -143 0
2908 1454 0 144 -144 0
2908 1454 0 145 -145 0
2908 1454 0 146 -146 0
2908 1454 0 147 -147 0
2908 1454 0 148 -148 0
2908 1454 0 149 -149 0
2908 1454 0 150 -150 0
2910 1455 0 -150 150 0
2910 1455 0 -149 149 0
2910 1455 0 -148 148 0
2910 1455 0 -147 147 0
2910 1455 0 -146 146 0
2910 1455 0 -145 145 0
2910 1455 0 -144 144 0
2910 1455 0 -143 143 0
2910 1455 0 -142 142 0
2910 1455 0 -141 141 0
2910 1455 0 -140 140 0
2910 1455 0 -139 139 0
2910 1455 0 -138 138 0
2910 1455 0 -137 137 0
2910 1455 0 -136 136 0
2910 1455 0 -135 135 0
2910 1455 0 -134 134 0
2910 1455 0 -133 133 0
2910 1455 0 -132 132 0
2910 1455 0 -131 131 0
2910 1455 0 -130 130 0
2910 1455 0 -129 129 0
2910 1455 0 -128 128 0
2910 1455 0 -127 127 0
2910 1455 0 -126 126 0
2910 1455 0 -125 125 0
2910 1455 0 -124 124 0
2910 1455 0 -123 123 0
2910 1455 0 -122 122 0
2910 1455 0 -121 121 0
2910 1455 0 -120 120 0
2910 1455 0 -119 119 0
2910 1455 0 -118 118 0
2910 1455 0 -117 117 0
2910 1455 0 -116 116 0
2910 1455 0 -115 115 0
2910 1455 0 -114 114 0
2910 1455 0 -113 113 0
2910 1455 0 -112 112 0
2910 1455 0 -111 111 0
2910 1455 0 -110 110 0
2910 1455 0 -109 109 0
2910 1455 0 -108 108 0
2910 1455 0 -107 107 0
2910 1455 0 -106 106 0
2910 1455 0 -105 105 0
2910 1455 0 -104 104 0
2910 1455 0 -103 103 0
2910 1455 0 -102 102 0
2910 1455 0 -101 101 0
2910 1455 0 -100 100 0
2910 1455 0 -99 99 0
2910 1455 0 -98 98 0
2910 1455 0 -97 97 0
2910 1455 0 -96 96 0
2910 1455 0 -95 95 0
2910 1455 0 -94 94 0
2910 1455 0 -93 93 0
2910 1455 0 -92 92 0
2910 1455 0 -91 91 0
2910 1455 0 -90 90 0
2910 1455 0 -89 89 0
2910 1455 0 -88 88 0
2910 1455 0 -87 87 0
2910 1455 0 -86 86 0
2910 1455 0 -85 85 0
2910 1455 0 -84 84 0
2910 1455 0 -83 83 0
2910 1455 0 -82 82 0
2910 1455 0 -81 81 0
2910 1455 0 -80 80 0
2910 1455 0 -79 79 0
2910 1455 0 -78 78 0
2910 1455 0 -77 77 0
2910 1455 0 -76 76 0
2910 1455 0 -75 75 0
2910 1455 0 -74 74 0
2910 1455 0 -73 73 0
2910 1455 0 -72 72 0
2910 1455 0 -71 71 0
2910 1455 0 -70 70 0
2910 1455 0 -69 69 0
2910 1455 0 -68 68 0
2910 1455 0 -67 67 0
2910 1455 0 -66 66 0
2910 1455 0 -65 65 0
2910 1455 0 -64 64 0
2910 1455 0 -63 63 0
2910 1455 0 -62 62 0
2910 1455 0 -61 61 0
2910 1455 0 -60 60 0
2910 1455 0 -59 59 0
2910 1455 0 -58 58 0
2910 1455 0 -57 57 0
2910 1455 0 -56 56 0
2910 1455 0 -55 55 0
2910 1455 0 -54 54 0
2910 1455 0 -53 53 0
2910 1455 0 -52 52 0
2910 1455 0 -51 51 0
2910 1455 0 -50 50 0
2910 1455 0 -49 49 0
2910 1455 0 -48 48 0
2910 1455 0 -47 47 0
2910 1455 0 -46 46 0
2910 1455 0 -45 45 0
2910 1455 0 -44 44 0
2910 1455 0 -43 43 0
2910 1455 0 -42 42 0
2910 1455 0 -41 41 0
2910 1455 0 -40 40 0
2910 1455 0 -39 39 0
2910 1455 0 -38 38 0
2910 1455 0 -37 37 0
2910 1455 0 -36 36 0
2910 1455 0 -35 35 0
2910 1455 0 -34 34 0
2910 1455 0 -33 33 0
2910 1455 0 -32 32 0
2910 1455 0 -31 31 0
2910 1455 0 -30 30 0
2910 1455 0 -29 29 0
2910 1455 0 -28 28 0
2910 1455 0 -27 27 0
2910 1455 0 -26 26 0
2910 1455 0 -25 25 0
2910 1455 0 -24 24 0
2910 1455 0 -23 23 0
2910 1455 0 -22 22 0
2910 1455 0 -21 21 0
2910 1455 0 -20 20 0
2910 1455 0 -19 19 0
2910 1455 0 -18 18 0
2910 1455 0 -17 17 0
2910 1455 0 -16 16 0
2910 1455 0 -15 15 0
2910 1455 0 -14 14 0
2910 1455 0 -13 13 0
2910 1455 0 -12 12 0
2910 1455 0 -11 11 0
2910 1455 0 -10 10 0
2910 1455 0 -9 9 0
2910 1455 0 -8 8 0
2910 1455 0 -7 7 0
2910 1455 0 -6 6 0
2910 1455 0 -5 5 0
2910 1455 0 -4 4 0
2910 1455 0 -3 3 0
2910 1455 0 -2 2 0
2910 1455 0 -1 1 0
2910 1455 0 1 -1 0
2910 1455 0 2 -2 0
2910 1455 0 3 -3 0
2910 1455 0 4 -4 0
2910 1455 0 5 -5 0
2910 1455 0 6 -6 0
2910 1455 0 7 -7 0
2910 1455 0 8 -8 0
2910 1455 0 9 -9 0
2910 1455 0 10 -10 0
2910 1455 0 11 -11 0
2910 1455 0 12 -12 0
2910 1455 0 13 -13 0
2910 1455 0 14 -14 0
2910 1455 0 15 -15 0
2910 1455 0 16 -16 0
2910 1455 0 17 -17 0
2910 1455 0 18 -18 0
2910 1455 0 19 -19 0
2910 1455 0 20 -20 0
2910 1455 0 21 -21 0
2910 1455 0 22 -22 0
2910 1455 0 23 -23 0
2910 1455 0 24 -24 0
2910 1455 0 25 -25 0
2910 1455 0 26 -26 0
2910 1455 0 27 -27 0
2910 1455 0 28 -28 0
2910 1455 0 29 -29 0
2910 1455 0 30 -30 0
2910 1455 0 31 -31 0
2910 1455 0 32 -32 0
2910 1455 0 33 -33 0
2910 1455 0 34 -34 0
2910 1455 0 35 -35 0
2910 1455 0 36 -36 0
2910 1455 0 37 -37 0
2910 1455 0 38 -38 0
2910 1455 0 39 -39 0
2910 1455 0 40 -40 0
2910 1455 0 41 -41 0
2910 1455 0 42 -42 0
2910 1455 0 43 -43 0
2910 1455 0 44 -44 0
2910 1455 0 45 -45 0
2910 1455 0 46 -46 0
2910 1455 0 47 -47 0
2910 1455 0 48 -48 0
2910 1455 0 49 -49 0
2910 1455 0 50 -50 0
2910 1455 0 51 -51 0
2910 1455 0 52 -52 0
2910 1455 0 53 -53 0
2910 1455 0 54 -54 0
2910 1455 0 55 -55 0
2910 1455 0 56 -56 0
2910 1455 0 57 -57 0
2910 1455 0 58 -58 0
2910 1455 0 59 -59 0
2910 1455 0 60 -60 0
2910 1455 0 61 -61 0
2910 1455 0 62 -62 0
2910 1455 0 63 -63 0
2910 1455 0 64 -64 0
2910 1455 0 65 -65 0
2910 1455 0 66 -66 0
2910 1455 0 67 -67 0
2910 1455 0 68 -68 0
2910 1455 0 69 -69 0
2910 1455 0 70 -70 0
2910 1455 0 71 -71 0
2910 1455 0 72 -72 0
2910 1455 0 73 -73 0
2910 1455 0 74 -74 0
2910 1455 0 75 -75 0
2910 1455 0 76 -76 0
2910 1455 0 77 -77 0
2910 1455 0 78 -78 0
2910 1455 0 79 -79 0
2910 1455 0 80 -80 0
2910 1455 0 81 -81 0
2910 1455 0 82 -82 0
2910 1455 0 83 -83 0
2910 1455 0 84 -84 0
2910 1455 0 85 -85 0
2910 1455 0 86 -86 0
2910 1455 0 87 -87 0
2910 1455 0 88 -88 0
2910 1455 0 89 -89 0
2910 1455 0 90 -90 0
2910 1455 0 91 -91 0
2910 1455 0 92 -92 0
2910 1455 0 93 -93 0
2910 1455 0 94 -94 0
2910 1455 0 95 -95 0
2910 1455 0 96 -96 0
2910 1455 0 97 -97 0
2910 1455 0 98 -98 0
2910 1455 0 99 -99 0
2910 1455 0 100 -100 0
2910 1455 0 101 -101 0
2910 1455 0 102 -102 0
2910 1455 0 103 -103 0
2910 1455 0 104 -104 0
2910 1455 0 105 -105 0
2910 1455 0 106 -106 0
2910 1455 0 107 -107 0
2910 1455 0 108 -108 0
2910 1455 0 109 -109 0
2910 1455 0 110 -110 0
2910 1455 0 111 -111 0
2910 1455 0 112 -112 0
2910 1455 0 113 -113 0
2910 1455 0 114 -114 0
2910 1455 0 115 -115 0
2910 1455 0 116 -116 0
2910 1455 0 117 -117 0
2910 1455 0 118 -118 0
2910 1455 0 119 -119 0
2910 1455 0 120 -120 0
2910 1455 0 121 -121 0
2910 1455 0 122 -122 0
2910 1455 0 123 -123 0
2910 1455 0 124 -124 0
2910 1455 0 125 -125 0
2910 1455 0 126 -126 0
2910 1455 0 127 -127 0
2910 1455 0 128 -128 0
2910 1455 0 129 -129 0
2910 1455 0 130 -130 0
2910 1455 0 131 -131 0
2910 1455 0 132 -132 0
2910 1455 0 133 -133 0
2910 1455 0 134 -134 0
2910 1455 0 135 -135 0
2910 1455 0 136 -136 0
2910 1455 0 137 -137 0
2910 1455 0 138 -138 0
2910 1455 0 139 -139 0
2910 1455 0 140 -140 0
2910 1455 0 141 -141 0
2910 1455 0 142 -142 0
2910 1455 0 143 -143 0
2910 1455 0 144 -144 0
2910 1455 0 145 -145 0
2910 1455 0 146 -146 0
2910 1455 0 147 -147 0
2910 1455 0 148 -148 0
2910 1455 0 149 -149 0
2910 1455 0 150 -150 0
2912 1456 0 -150 150 0
2912 1456 0 -149 149 0
2912 1456 0 -148 148 0
2912 1456 0 -147 147 0
2912 1456 0 -146 146 0
2912 1456 0 -145 145 0
2912 1456 0 -144 144 0
2912 1456 0 -143 143 0
2912 1456 0 -142 142 0
2912 1456 0 -141 141 0
2912 1456 0 -140 140 0
2912 1456 0 -139 139 0
2912 1456 0 -138 138 0
2912 1456 0 -137 137 0
2912 1456 0 -136 136 0
2912 1456 0 -135 135 0
2912 1456 0 -134 134 0
2912 1456 0 -133 133 0
2912 1456 0 -132 132 0
2912 1456 0 -131 131 0
2912 1456 0 -130 130 0
2912 1456 0 -129 129 0
2912 1456 0 -128 128 0
2912 1456 0 -127 127 0
2912 1456 0 -126 126 0
2912 1456 0 -125 125 0
2912 1456 0 -124 124 0
2912 1456 0 -123 123 0
2912 1456 0 -122 122 0
2912 1456 0 -121 121 0
2912 1456 0 -120 120 0
2912 1456 0 -119 119 0
2912 1456 0 -118 118 0
2912 1456 0 -117 117 0
2912 1456 0 -116 116 0
2912 1456 0 -115 115 0
2912 1456 0 -114 114 0
2912 1456 0 -113 113 0
2912 1456 0 -112 112 0
2912 1456 0 -111 111 0
2912 1456 0 -110 110 0
2912 1456 0 -109 109 0
2912 1456 0 -108 108 0
2912 1456 0 -107 107 0
2912 1456 0 -106 106 0
2912 1456 0 -105 105 0
2912 1456 0 -104 104 0
2912 1456 0 -103 103 0
2912 1456 0 -102 102 0
2912 1456 0 -101 101 0
2912 1456 0 -100 100 0
2912 1456 0 -99 99 0
2912 1456 0 -98 98 0
2912 1456 0 -97 97 0
2912 1456 0 -96 96 0
2912 1456 0 -95 95 0
2912 1456 0 -94 94 0
2912 1456 0 -93 93 0
2912 1456 0 -92 92 0
2912 1456 0 -91 91 0
2912 1456 0 -90 90 0
2912 1456 0 -89 89 0
2912 1456 0 -88 88 0
2912 1456 0 -87 87 0
2912 1456 0 -86 86 0
2912 1456 0 -85 85 0
2912 1456 0 -84 84 0
2912 1456 0 -83 83 0
2912 1456 0 -82 82 0
2912 1456 0 -81 81 0
2912 1456 0 -80 80 0
2912 1456 0 -79 79 0
2912 1456 0 -78 78 0
2912 1456 0 -77 77 0
2912 1456 0 -76 76 0
2912 1456 0 -75 75 0
2912 1456 0 -74 74 0
2912 1456 0 -73 73 0
2912 1456 0 -72 72 0
2912 1456 0 -71 71 0
2912 1456 0 -70 70 0
2912 1456 0 -69 69 0
2912 1456 0 -68 68 0
2912 1456 0 -67 67 0
2912 1456 0 -66 66 0
2912 1456 0 -65 65 0
2912 1456 0 -64 64 0
2912 1456 0 -63 63 0
2912 1456 0 -62 62 0
2912 1456 0 -61 61 0
2912 1456 0 -60 60 0
2912 1456 0 -59 59 0
2912 1456 0 -58 58 0
2912 1456 0 -57 57 0
2912 1456 0 -56 56 0
2912 1456 0 -55 55 0
2912 1456 0 -54 54 0
2912 1456 0 -53 53 0
2912 1456 0 -52 52 0
2912 1456 0 -51 51 0
2912 1456 0 -50 50 0
2912 1456 0 -49 49 0
2912 1456 0 -48 48 0
2912 1456 0 -47 47 0
2912 1456 0 -46 46 0
2912 1456 0 -45 45 0
2912 1456 0 -44 44 0
2912 1456 0 -43 43 0
2912 1456 0 -42 42 0
2912 1456 0 -41 41 0
2912 1456 0 -40 40 0
2912 1456 0 -39 39 0
2912 1456 0 -38 38 0
2912 1456 0 -37 37 0
2912 1456 0 -36 36 0
2912 1456 0 -35 35 0
2912 1456 0 -34 34 0
2912 1456 0 -33 33 0
2912 1456 0 -32 32 0
2912 1456 0 -31 31 0
2912 1456 0 -30 30 0
2912 1456 0 -29 29 0
2912 1456 0 -28 28 0
2912 1456 0 -27 27 0
2912 1456 0 -26 26 0
2912 1456 0 -25 25 0
2912 1456 0 -24 24 0
2912 1456 0 -23 23 0
2912 1456 0 -22 22 0
2912 1456 0 -21 21 0
2912 1456 0 -20 20 0
2912 1456 0 -19 19 0
2912 1456 0 -18 18 0
2912 1456 0 -17 17 0
2912 1456 0 -16 16 0
2912 1456 0 -15 15 0
2912 1456 0 -14 14 0
2912 1456 0 -13 13 0
2912 1456 0 -12 12 0
2912 1456 0 -11 11 0
2912 1456 0 -10 10 0
2912 1456 0 -9 9 0
2912 1456 0 -8 8 0
2912 1456 0 -7 7 0
2912 1456 0 -6 6 0
2912 1456 0 -5 5 0
2912 1456 0 -4 4 0
2912 1456 0 -3 3 0
2912 1456 0 -2 2 0
2912 1456 0 -1 1 0
2912 1456 0 1 -1 0
2912 1456 0 2 -2 0
2912 1456 0 3 -3 0
2912 1456 0 4 -4 0
2912 1456 0 5 -5 0
2912 1456 0 6 -6 0
2912 1456 0 7 -7 0
2912 1456 0 8 -8 0
2912 1456 0 9 -9 0
2912 1456 0 10 -10 0
2912 1456 0 11 -11 0
2912 1456 0 12 -12 0
2912 1456 0 13 -13 0
2912 1456 0 14 -14 0
2912 1456 0 15 -15 0
2912 1456 0 16 -16 0
2912 1456 0 17 -17 0
2912 1456 0 18 -18 0
2912 1456 0 19 -19 0
2912 1456 0 20 -20 0
2912 1456 0 21 -21 0
2912 1456 0 22 -22 0
2912 1456 0 23 -23 0
2912 1456 0 24 -24 0
2912 1456 0 25 -25 0
2912 1456 0 26 -26 0
2912 1456 0 27 -27 0
2912 1456 0 28 -28 0
2912 1456 0 29 -29 0
2912 1456 0 30 -30 0
2912 1456 0 31 -31 0
2912 1456 0 32 -32 0
2912 1456 0 33 -33 0
2912 1456 0 34 -34 0
2912 1456 0 35 -35 0
2912 1456 0 36 -36 0
2912 1456 0 37 -37 0
2912 1456 0 38 -38 0
2912 1456 0 39 -39 0
2912 1456 0 40 -40 0
2912 1456 0 41 -41 0
2912 1456 0 42 -42 0
2912 1456 0 43 -43 0
2912 1456 0 44 -44 0
2912 1456 0 45 -45 0
2912 1456 0 46 -46 0
2912 1456 0 47 -47 0
2912 1456 0 48 -48 0
2912 1456 0 49 -49 0
2912 1456 0 50 -50 0
2912 1456 0 51 -51 0
2912 1456 0 52 -52 0
2912 1456 0 53 -53 0
2912 1456 0 54 -54 0
2912 1456 0 55 -55 0
2912 1456 0 56 -56 0
2912 1456 0 57 -57 0
2912 1456 0 58 -58 0
2912 1456 0 59 -59 0
2912 1456 0 60 -60 0
2912 1456 0 61 -61 0
2912 1456 0 62 -62 0
2912 1456 0 63 -63 0
2912 1456 0 64 -64 0
2912 1456 0 65 -65 0
2912 1456 0 66 -66 0
2912 1456 0 67 -67 0
2912 1456 0 68 -68 0
2912 1456 0 69 -69 0
2912 1456 0 70 -70 0
2912 1456 0 71 -71 0
2912 1456 0 72 -72 0
2912 1456 0 73 -73 0
2912 1456 0 74 -74 0
2912 1456 0 75 -75 0
2912 1456 0 76 -76 0
2912 1456 0 77 -77 0
2912 1456 0 78 -78 0
2912 1456 0 79 -79 0
2912 1456 0 80 -80 0
2912 1456 0 81 -81 0
2912 1456 0 82 -82 0
2912 1456 0 83 -83 0
2912 1456 0 84 -84 0
2912 1456 0 85 -85 0
2912 1456 0 86 -86 0
2912 1456 0 87 -87 0
2912 1456 0 88 -88 0
2912 1456 0 89 -89 0
2912 1456 0 90 -90 0
2912 1456 0 91 -91 0
2912 1456 0 92 -92 0
2912 1456 0 93 -93 0
2912 1456 0 94 -94 0
2912 1456 0 95 -95 0
2912 1456 0 96 -96 0
2912 1456 0 97 -97 0
2912 1456 0 98 -98 0
2912 1456 0 99 -99 0
2912 1456 0 100 -100 0
2912 1456 0 101 -101 0
2912 1456 0 102 -102 0
2912 1456 0 103 -103 0
2912 1456 0 104 -104 0
2912 1456 0 105 -105 0
2912 1456 0 106 -106 0
2912 1456 0 107 -107 0
2912 1456 0 108 -108 0
2912 1456 0 109 -109 0
2912 1456 0 110 -110 0
2912 1456 0 111 -111 0
2912 1456 0 112 -112 0
2912 1456 0 113 -113 0
2912 1456 0 114 -114 0
2912 1456 0 115 -115 0
2912 1456 0 116 -116 0
2912 1456 0 117 -117 0
2912 1456 0 118 -118 0
2912 1456 0 119 -119 0
2912 1456 0 120 -120 0
2912 1456 0 121 -121 0
2912 1456 0 122 -122 0
2912 1456 0 123 -123 0
2912 1456 0 124 -124 0
2912 1456 0 125 -125 0
2912 1456 0 126 -126 0
2912 1456 0 127 -127 0
2912 1456 0 128 -128 0
2912 1456 0 129 -129 0
2912 1456 0 130 -130 0
2912 1456 0 131 -131 0
2912 1456 0 132 -132 0
2912 1456 0 133 -133 0
2912 1456 0 134 -134 0
2912 1456 0 135 -135 0
2912 1456 0 136 -136 0
2912 1456 0 137 -137 0
2912 1456 0 138 -138 0
2912 1456 0 139 -139 0
2912 1456 0 140 -140 0
2912 1456 0 141 -141 0
2912 1456 0 142 -142 0
2912 1456 0 143 -143 0
2912 1456 0 144 -144 0
2912 1456 0 145 -145 0
2912 1456 0 146 -146 0
2912 1456 0 147 -147 0
2912 1456 0 148 -148 0
2912 1456 0 149 -149 0
2912 1456 0 150 -150 0
2914 1457 0 -150 150 0
2914 1457 0 -149 149 0
2914 1457 0 -148 148 0
2914 1457 0 -147 147 0
2914 1457 0 -146 146 0
2914 1457 0 -145 145 0
2914 1457 0 -144 144 0
2914 1457 0 -143 143 0
2914 1457 0 -142 142 0
2914 1457 0 -141 141 0
2914 1457 0 -140 140 0
2914 1457 0 -139 139 0
2914 1457 0 -138 138 0
2914 1457 0 -137 137 0
2914 1457 0 -136 136 0
2914 1457 0 -135 135 0
2914 1457 0 -134 134 0
2914 1457 0 -133 133 0
2914 1457 0 -132 132 0
2914 1457 0 -131 131 0
2914 1457 0 -130 130 0
2914 1457 0 -129 129 0
2914 1457 0 -128 128 0
2914 1457 0 -127 127 0
2914 1457 0 -126 126 0
2914 1457 0 -125 125 0
2914 1457 0 -124 124 0
2914 1457 0 -123 123 0
2914 1457 0 -122 122 0
2914 1457 0 -121 121 0
2914 1457 0 -120 120 0
2914 1457 0 -119 119 0
2914 1457 0 -118 118 0
2914 1457 0 -117 117 0
2914 1457 0 -116 116 0
2914 1457 0 -115 115 0
2914 1457 0 -114 114 0
2914 1457 0 -113 113 0
2914 1457 0 -112 112 0
2914 1457 0 -111 111 0
2914 1457 0 -110 110 0
2914 1457 0 -109 109 0
2914 1457 0 -108 108 0
2914 1457 0 -107 107 0
2914 1457 0 -106 106 0
2914 1457 0 -105 105 0
2914 1457 0 -104 104 0
2914 1457 0 -103 103 0
2914 1457 0 -102 102 0
2914 1457 0 -101 101 0
2914 1457 0 -100 100 0
2914 1457 0 -99 99 0
2914 1457 0 -98 98 0
2914 1457 0 -97 97 0
2914 1457 0 -96 96 0
2914 1457 0 -95 95 0
2914 1457 0 -94 94 0
2914 1457 0 -93 93 0
2914 1457 0 -92 92 0
2914 1457 0 -91 91 0
2914 1457 0 -90 90 0
2914 1457 0 -89 89 0
2914 1457 0 -88 88 0
2914 1457 0 -87 87 0
2914 1457 0 -86 86 0
2914 1457 0 -85 85 0
2914 1457 0 -84 84 0
2914 1457 0 -83 83 0
2914 1457 0 -82 82 0
2914 1457 0 -81 81 0
2914 1457 0 -80 80 0
2914 1457 0 -79 79 0
2914 1457 0 -78 78 0
2914 1457 0 -77 77 0
2914 1457 0 -76 76 0
2914 1457 0 -75 75 0
2914 1457 0 -74 74 0
2914 1457 0 -73 73 0
2914 1457 0 -72 72 0
2914 1457 0 -71 71 0
2914 1457 0 -70 70 0
2914 1457 0 -69 69 0
2914 1457 0 -68 68 0
2914 1457 0 -67 67 0
2914 1457 0 -66 66 0
2914 1457 0 -65 65 0
2914 1457 0 -64 64 0
2914 1457 0 -63 63 0
2914 1457 0 -62 62 0
2914 1457 0 -61 61 0
2914 1457 0 -60 60 0
2914 1457 0 -59 59 0
2914 1457 0 -58 58 0
2914 1457 0 -57 57 0
2914 1457 0 -56 56 0
2914 1457 0 -55 55 0
2914 1457 0 -54 54 0
2914 1457 0 -53 53 0
2914 1457 0 -52 52 0
2914 1457 0 -51 51 0
2914 1457 0 -50 50 0
2914 1457 0 -49 49 0
2914 1457 0 -48 48 0
2914 1457 0 -47 47 0
2914 1457 0 -46 46 0
2914 1457 0 -45 45 0
2914 1457 0 -44 44 0
2914 1457 0 -43 43 0
2914 1457 0 -42 42 0
2914 1457 0 -41 41 0
2914 1457 0 -40 40 0
2914 1457 0 -39 39 0
2914 1457 0 -38 38 0
2914 1457 0 -37 37 0
2914 1457 0 -36 36 0
2914 1457 0 -35 35 0
2914 1457 0 -34 34 0
2914 1457 0 -33 33 0
2914 1457 0 -32 32 0
2914 1457 0 -31 31 0
2914 1457 0 -30 30 0
2914 1457 0 -29 29 0
2914 1457 0 -28 28 0
2914 1457 0 -27 27 0
2914 1457 0 -26 26 0
2914 1457 0 -25 25 0
2914 1457 0 -24 24 0
2914 1457 0 -23 23 0
2914 1457 0 -22 22 0
2914 1457 0 -21 21 0
2914 1457 0 -20 20 0
2914 1457 0 -19 19 0
2914 1457 0 -18 18 0
2914 1457 0 -17 17 0
2914 1457 0 -16 16 0
2914 1457 0 -15 15 0
2914 1457 0 -14 14 0
2914 1457 0 -13 13 0
2914 1457 0 -12 12 0
2914 1457 0 -11 11 0
2914 1457 0 -10 10 0
2914 1457 0 -9 9 0
2914 1457 0 -8 8 0
2914 1457 0 -7 7 0
2914 1457 0 -6 6 0
2914 1457 0 -5 5 0
2914 1457 0 -4 4 0
2914 1457 0 -3 3 0
2914 1457 0 -2 2 0
2914 1457 0 -1 1 0
2914 1457 0 1 -1 0
2914 1457 0 2 -2 0
2914 1457 0 3 -3 0
2914 1457 0 4 -4 0
2914 1457 0 5 -5 0
2914 1457 0 6 -6 0
2914 1457 0 7 -7 0
2914 1457 0 8 -8 0
2914 1457 0 9 -9 0
2914 1457 0 10 -10 0
2914 1457 0 11 -11 0
2914 1457 0 12 -12 0
2914 1457 0 13 -13 0
2914 1457 0 14 -14 0
2914 1457 0 15 -15 0
2914 1457 0 16 -16 0
2914 1457 0 17 -17 0
2914 1457 0 18 -18 0
2914 1457 0 19 -19 0
2914 1457 0 20 -20 0
2914 1457 0 21 -21 0
2914 1457 0 22 -22 0
2914 1457 0 23 -23 0
2914 1457 0 24 -24 0
2914 1457 0 25 -25 0
2914 1457 0 26 -26 0
2914 1457 0 27 -27 0
2914 1457 0 28 -28 0
2914 1457 0 29 -29 0
2914 1457 0 30 -30 0
2914 1457 0 31 -31 0
2914 1457 0 32 -32 0
2914 1457 0 33 -33 0
2914 1457 0 34 -34 0
2914 1457 0 35 -35 0
2914 1457 0 36 -36 0
2914 1457 0 37 -37 0
2914 1457 0 38 -38 0
2914 1457 0 39 -39 0
2914 1457 0 40 -40 0
2914 1457 0 41 -41 0
2914 1457 0 42 -42 0
2914 1457 0 43 -43 0
2914 1457 0 44 -44 0
2914 1457 0 45 -45 0
2914 1457 0 46 -46 0
2914 1457 0 47 -47 0
2914 1457 0 48 -48 0
2914 1457 0 49 -49 0
2914 1457 0 50 -50 0
2914 1457 0 51 -51 0
2914 1457 0 52 -52 0
2914 1457 0 53 -53 0
2914 1457 0 54 -54 0
2914 1457 0 55 -55 0
2914 1457 0 56 -56 0
2914 1457 0 57 -57 0
2914 1457 0 58 -58 0
2914 1457 0 59 -59 0
2914 1457 0 60 -60 0
2914 1457 0 61 -61 0
2914 1457 0 62 -62 0
2914 1457 0 63 -63 0
2914 1457 0 64 -64 0
2914 1457 0 65 -65 0
2914 1457 0 66 -66 0
2914 1457 0 67 -67 0
2914 1457 0 68 -68 0
2914 1457 0 69 -69 0
2914 1457 0 70 -70 0
2914 1457 0 71 -71 0
2914 1457 0 72 -72 0
2914 1457 0 73 -73 0
2914 1457 0 74 -74 0
2914 1457 0 75 -75 0
2914 1457 0 76 -76 0
2914 1457 0 77 -77 0
2914 1457 0 78 -78 0
2914 1457 0 79 -79 0
2914 1457 0 80 -80 0
2914 1457 0 81 -81 0
2914 1457 0 82 -82 0
2914 1457 0 83 -83 0
2914 1457 0 84 -84 0
2914 1457 0 85 -85 0
2914 1457 0 86 -86 0
2914 1457 0 87 -87 0
2914 1457 0 88 -88 0
2914 1457 0 89 -89 0
2914 1457 0 90 -90 0
2914 1457 0 91 -91 0
2914 1457 0 92 -92 0
2914 1457 0 93 -93 0
2914 1457 0 94 -94 0
2914 1457 0 95 -95 0
2914 1457 0 96 -96 0
2914 1457 0 97 -97 0
2914 1457 0 98 -98 0
2914 1457 0 99 -99 0
2914 1457 0 100 -100 0
2914 1457 0 101 -101 0
2914 1457 0 102 -102 0
2914 1457 0 103 -103 0
2914 1457 0 104 -104 0
2914 1457 0 105 -105 0
2914 1457 0 106 -106 0
2914 1457 0 107 -107 0
2914 1457 0 108 -108 0
2914 1457 0 109 -109 0
2914 1457 0 110 -110 0
2914 1457 0 111 -111 0
2914 1457 0 112 -112 0
2914 1457 0 113 -113 0
2914 1457 0 114 -114 0
2914 1457 0 115 -115 0
2914 1457 0 116 -116 0
2914 1457 0 117 -117 0
2914 1457 0 118 -118 0
2914 1457 0 119 -119 0
2914 1457 0 120 -120 0
2914 1457 0 121 -121 0
2914 1457 0 122 -122 0
2914 1457 0 123 -123 0
2914 1457 0 124 -124 0
2914 1457 0 125 -125 0
2914 1457 0 126 -126 0
2914 1457 0 127 -127 0
2914 1457 0 128 -128 0
2914 1457 0 129 -129 0
2914 1457 0 130 -130 0
2914 1457 0 131 -131 0
2914 1457 0 132 -132 0
2914 1457 0 133 -133 0
2914 1457 0 134 -134 0
2914 1457 0 135 -135 0
2914 1457 0 136 -136 0
2914 1457 0 137 -137 0
2914 1457 0 138 -138 0
2914 1457 0 139 -139 0
2914 1457 0 140 -140 0
2914 1457 0 141 -141 0
2914 1457 0 142 -142 0
2914 1457 0 143 -143 0
2914 1457 0 144 -144 0
2914 1457 0 145 -145 0
2914 1457 0 146 -146 0
2914 1457 0 147 -147 0
2914 1457 0 148 -148 0
2914 1457 0 149 -149 0
2914 1457 0 150 -150 0
2916 1458 0 -150 150 0
2916 1458 0 -149 149 0
2916 1458 0 -148 148 0
2916 1458 0 -147 147 0
2916 1458 0 -146 146 0
2916 1458 0 -145 145 0
2916 1458 0 -144 144 0
2916 1458 0 -143 143 0
2916 1458 0 -142 142 0
2916 1458 0 -141 141 0
2916 1458 0 -140 140 0
2916 1458 0 -139 139 0
2916 1458 0 -138 138 0
2916 1458 0 -137 137 0
2916 1458 0 -136 136 0
2916 1458 0 -135 135 0
2916 1458 0 -134 134 0
2916 1458 0 -133 133 0
2916 1458 0 -132 132 0
2916 1458 0 -131 131 0
2916 1458 0 -130 130 0
2916 1458 0 -129 129 0
2916 1458 0 -128 128 0
2916 1458 0 -127 127 0
2916 1458 0 -126 126 0
2916 1458 0 -125 125 0
2916 1458 0 -124 124 0
2916 1458 0 -123 123 0
2916 1458 0 -122 122 0
2916 1458 0 -121 121 0
2916 1458 0 -120 120 0
2916 1458 0 -119 119 0
2916 1458 0 -118 118 0
2916 1458 0 -117 117 0
2916 1458 0 -116 116 0
2916 1458 0 -115 115 0
2916 1458 0 -114 114 0
2916 1458 0 -113 113 0
2916 1458 0 -112 112 0
2916 1458 0 -111 111 0
2916 1458 0 -110 110 0
2916 1458 0 -109 109 0
2916 1458 0 -108 108 0
2916 1458 0 -107 107 0
2916 1458 0 -106 106 0
2916 1458 0 -105 105 0
2916 1458 0 -104 104 0
2916 1458 0 -103 103 0
2916 1458 0 -102 102 0
2916 1458 0 -101 101 0
2916 1458 0 -100 100 0
2916 1458 0 -99 99 0
2916 1458 0 -98 98 0
2916 1458 0 -97 97 0
2916 1458 0 -96 96 0
2916 1458 0 -95 95 0
2916 1458 0 -94 94 0
2916 1458 0 -93 93 0
2916 1458 0 -92 92 0
2916 1458 0 -91 91 0
2916 1458 0 -90 90 0
2916 1458 0 -89 89 0
2916 1458 0 -88 88 0
2916 1458 0 -87 87 0
2916 1458 0 -86 86 0
2916 1458 0 -85 85 0
2916 1458 0 -84 84 0
2916 1458 0 -83 83 0
2916 1458 0 -82 82 0
2916 1458 0 -81 81 0
2916 1458 0 -80 80 0
2916 1458 0 -79 79 0
2916 1458 0 -78 78 0
2916 1458 0 -77 77 0
2916 1458 0 -76 76 0
2916 1458 0 -75 75 0
2916 1458 0 -74 74 0
2916 1458 0 -73 73 0
2916 1458 0 -72 72 0
2916 1458 0 -71 71 0
2916 1458 0 -70 70 0
2916 1458 0 -69 69 0
2916 1458 0 -68 68 0
2916 1458 0 -67 67 0
2916 1458 0 -66 66 0
2916 1458 0 -65 65 0
2916 1458 0 -64 64 0
2916 1458 0 -63 63 0
2916 1458 0 -62 62 0
2916 1458 0 -61 61 0
2916 1458 0 -60 60 0
2916 1458 0 -59 59 0
2916 1458 0 -58 58 0
2916 1458 0 -57 57 0
2916 1458 0 -56 56 0
2916 1458 0 -55 55 0
2916 1458 0 -54 54 0
2916 1458 0 -53 53 0
2916 1458 0 -52 52 0
2916 1458 0 -51 51 0
2916 1458 0 -50 50 0
2916 1458 0 -49 49 0
2916 1458 0 -48 48 0
2916 1458 0 -47 47 0
2916 1458 0 -46 46 0
2916 1458 0 -45 45 0
2916 1458 0 -44 44 0
2916 1458 0 -43 43 0
2916 1458 0 -42 42 0
2916 1458 0 -41 41 0
2916 1458 0 -40 40 0
2916 1458 0 -39 39 0
2916 1458 0 -38 38 0
2916 1458 0 -37 37 0
2916 1458 0 -36 36 0
2916 1458 0 -35 35 0
2916 1458 0 -34 34 0
2916 1458 0 -33 33 0
2916 1458 0 -32 32 0
2916 1458 0 -31 31 0
2916 1458 0 -30 30 0
2916 1458 0 -29 29 0
2916 1458 0 -28 28 0
2916 1458 0 -27 27 0
2916 1458 0 -26 26 0
2916 1458 0 -25 25 0
2916 1458 0 -24 24 0
2916 1458 0 -23 23 0
2916 1458 0 -22 22 0
2916 1458 0 -21 21 0
2916 1458 0 -20 20 0
2916 1458 0 -19 19 0
2916 1458 0 -18 18 0
2916 1458 0 -17 17 0
2916 1458 0 -16 16 0
2916 1458 0 -15 15 0
2916 1458 0 -14 14 0
2916 1458 0 -13 13 0
2916 1458 0 -12 12 0
2916 1458 0 -11 11 0
2916 1458 0 -10 10 0
2916 1458 0 -9 9 0
2916 1458 0 -8 8 0
2916 1458 0 -7 7 0
2916 1458 0 -6 6 0
2916 1458 0 -5 5 0
2916 1458 0 -4 4 0
2916 1458 0 -3 3 0
2916 1458 0 -2 2 0
2916 1458 0 -1 1 0
2916 1458 0 1 -1 0
2916 1458 0 2 -2 0
2916 1458 0 3 -3 0
2916 1458 0 4 -4 0
2916 1458 0 5 -5 0
2916 1458 0 6 -6 0
2916 1458 0 7 -7 0
2916 1458 0 8 -8 0
2916 1458 0 9 -9 0
2916 1458 0 10 -10 0
2916 1458 0 11 -11 0
2916 1458 0 12 -12 0
2916 1458 0 13 -13 0
2916 1458 0 14 -14 0
2916 1458 0 15 -15 0
2916 1458 0 16 -16 0
2916 1458 0 17 -17 0
2916 1458 0 18 -18 0
2916 1458 0 19 -19 0
2916 1458 0 20 -20 0
2916 1458 0 21 -21 0
2916 1458 0 22 -22 0
2916 1458 0 23 -23 0
2916 1458 0 24 -24 0
2916 1458 0 25 -25 0
2916 1458 0 26 -26 0
2916 1458 0 27 -27 0
2916 1458 0 28 -28 0
2916 1458 0 29 -29 0
2916 1458 0 30 -30 0
2916 1458 0 31 -31 0
2916 1458 0 32 -32 0
2916 1458 0 33 -33 0
2916 1458 0 34 -34 0
2916 1458 0 35 -35 0
2916 1458 0 36 -36 0
2916 1458 0 37 -37 0
2916 1458 0 38 -38 0
2916 1458 0 39 -39 0
2916 1458 0 40 -40 0
2916 1458 0 41 -41 0
2916 1458 0 42 -42 0
2916 1458 0 43 -43 0
2916 1458 0 44 -44 0
2916 1458 0 45 -45 0
2916 1458 0 46 -46 0
2916 1458 0 47 -47 0
2916 1458 0 48 -48 0
2916 1458 0 49 -49 0
2916 1458 0 50 -50 0
2916 1458 0 51 -51 0
2916 1458 0 52 -52 0
2916 1458 0 53 -53 0
2916 1458 0 54 -54 0
2916 1458 0 55 -55 0
2916 1458 0 56 -56 0
2916 1458 0 57 -57 0
2916 1458 0 58 -58 0
2916 1458 0 59 -59 0
2916 1458 0 60 -60 0
2916 1458 0 61 -61 0
2916 1458 0 62 -62 0
2916 1458 0 63 -63 0
2916 1458 0 64 -64 0
2916 1458 0 65 -65 0
2916 1458 0 66 -66 0
2916 1458 0 67 -67 0
2916 1458 0 68 -68 0
2916 1458 0 69 -69 0
2916 1458 0 70 -70 0
2916 1458 0 71 -71 0
2916 1458 0 72 -72 0
2916 1458 0 73 -73 0
2916 1458 0 74 -74 0
2916 1458 0 75 -75 0
2916 1458 0 76 -76 0
2916 1458 0 77 -77 0
2916 1458 0 78 -78 0
2916 1458 0 79 -79 0
2916 1458 0 80 -80 0
2916 1458 0 81 -81 0
2916 1458 0 82 -82 0
2916 1458 0 83 -83 0
2916 1458 0 84 -84 0
2916 1458 0 85 -85 0
2916 1458 0 86 -86 0
2916 1458 0 87 -87 0
2916 1458 0 88 -88 0
2916 1458 0 89 -89 0
2916 1458 0 90 -90 0
2916 1458 0 91 -91 0
2916 1458 0 92 -92 0
2916 1458 0 93 -93 0
2916 1458 0 94 -94 0
2916 1458 0 95 -95 0
2916 1458 0 96 -96 0
2916 1458 0 97 -97 0
2916 1458 0 98 -98 0
2916 1458 0 99 -99 0
2916 1458 0 100 -100 0
2916 1458 0 101 -101 0
2916 1458 0 102 -102 0
2916 1458 0 103 -103 0
2916 1458 0 104 -104 0
2916 1458 0 105 -105 0
2916 1458 0 106 -106 0
2916 1458 0 107 -107 0
2916 1458 0 108 -108 0
2916 1458 0 109 -109 0
2916 1458 0 110 -110 0
2916 1458 0 111 -111 0
2916 1458 0 112 -112 0
2916 1458 0 113 -113 0
2916 1458 0 114 -114 0
2916 1458 0 115 -115 0
2916 1458 0 116 -116 0
2916 1458 0 117 -117 0
2916 1458 0 118 -118 0
2916 1458 0 119 -119 0
2916 1458 0 120 -120 0
2916 1458 0 121 -121 0
2916 1458 0 122 -122 0
2916 1458 0 123 -123 0
2916 1458 0 124 -124 0
2916 1458 0 125 -125 0
2916 1458 0 126 -126 0
2916 1458 0 127 -127 0
2916 1458 0 128 -128 0
2916 1458 0 129 -129 0
2916 1458 0 130 -130 0
2916 1458 0 131 -131 0
2916 1458 0 132 -132 0
2916 1458 0 133 -133 0
2916 1458 0 134 -134 0
2916 1458 0 135 -135 0
2916 1458 0 136 -136 0
2916 1458 0 137 -137 0
2916 1458 0 138 -138 0
2916 1458 0 139 -139 0
2916 1458 0 140 -140 0
2916 1458 0 141 -141 0
2916 1458 0 142 -142 0
2916 1458 0 143 -143 0
2916 1458 0 144 -144 0
2916 1458 0 145 -145 0
2916 1458 0 146 -146 0
2916 1458 0 147 -147 0
2916 1458 0 148 -148 0
2916 1458 0 149 -149 0
2916 1458 0 150 -150 0
2918 1459 0 -150 150 0
2918 1459 0 -149 149 0
2918 1459 0 -148 148 0
2918 1459 0 -147 147 0
2918 1459 0 -146 146 0
2918 1459 0 -145 145 0
2918 1459 0 -144 144 0
2918 1459 0 -143 143 0
2918 1459 0 -142 142 0
2918 1459 0 -141 141 0
2918 1459 0 -140 140 0
2918 1459 0 -139 139 0
2918 1459 0 -138 138 0
2918 1459 0 -137 137 0
2918 1459 0 -136 136 0
2918 1459 0 -135 135 0
2918 1459 0 -134 134 0
2918 1459 0 -133 133 0
2918 1459 0 -132 132 0
2918 1459 0 -131 131 0
2918 1459 0 -130 130 0
2918 1459 0 -129 129 0
2918 1459 0 -128 128 0
2918 1459 0 -127 127 0
2918 1459 0 -126 126 0
2918 1459 0 -125 125 0
2918 1459 0 -124 124 0
2918 1459 0 -123 123 0
2918 1459 0 -122 122 0
2918 1459 0 -121 121 0
2918 1459 0 -120 120 0
2918 1459 0 -119 119 0
2918 1459 0 -118 118 0
2918 1459 0 -117 117 0
2918 1459 0 -116 116 0
2918 1459 0 -115 115 0
2918 1459 0 -114 114 0
2918 1459 0 -113 113 0
2918 1459 0 -112 112 0
2918 1459 0 -111 111 0
2918 1459 0 -110 110 0
2918 1459 0 -109 109 0
2918 1459 0 -108 108 0
2918 1459 0 -107 107 0
2918 1459 0 -106 106 0
2918 1459 0 -105 105 0
2918 1459 0 -104 104 0
2918 1459 0 -103 103 0
2918 1459 0 -102 102 0
2918 1459 0 -101 101 0
2918 1459 0 -100 100 0
2918 1459 0 -99 99 0
2918 1459 0 -98 98 0
2918 1459 0 -97 97 0
2918 1459 0 -96 96 0
2918 1459 0 -95 95 0
2918 1459 0 -94 94 0
2918 1459 0 -93 93 0
2918 1459 0 -92 92 0
2918 1459 0 -91 91 0
2918 1459 0 -90 90 0
2918 1459 0 -89 89 0
2918 1459 0 -88 88 0
2918 1459 0 -87 87 0
2918 1459 0 -86 86 0
2918 1459 0 -85 85 0
2918 1459 0 -84 84 0
2918 1459 0 -83 83 0
2918 1459 0 -82 82 0
2918 1459 0 -81 81 0
2918 1459 0 -80 80 0
2918 1459 0 -79 79 0
2918 1459 0 -78 78 0
2918 1459 0 -77 77 0
2918 1459 0 -76 76 0
2918 1459 0 -75 75 0
2918 1459 0 -74 74 0
2918 1459 0 -73 73 0
2918 1459 0 -72 72 0
2918 1459 0 -71 71 0
2918 1459 0 -70 70 0
2918 1459 0 -69 69 0
2918 1459 0 -68 68 0
2918 1459 0 -67 67 0
2918 1459 0 -66 66 0
2918 1459 0 -65 65 0
2918 1459 0 -64 64 0
2918 1459 0 -63 63 0
2918 1459 0 -62 62 0
2918 1459 0 -61 61 0
2918 1459 0 -60 60 0
2918 1459 0 -59 59 0
2918 1459 0 -58 58 0
2918 1459 0 -57 57 0
2918 1459 0 -56 56 0
2918 1459 0 -55 55 0
2918 1459 0 -54 54 0
2918 1459 0 -53 53 0
2918 1459 0 -52 52 0
2918 1459 0 -51 51 0
2918 1459 0 -50 50 0
2918 1459 0 -49 49 0
2918 1459 0 -48 48 0
2918 1459 0 -47 47 0
2918 1459 0 -46 46 0
2918 1459 0 -45 45 0
2918 1459 0 -44 44 0
2918 1459 0 -43 43 0
2918 1459 0 -42 42 0
2918 1459 0 -41 41 0
2918 1459 0 -40 40 0
2918 1459 0 -39 39 0
2918 1459 0 -38 38 0
2918 1459 0 -37 37 0
2918 1459 0 -36 36 0
2918 1459 0 -35 35 0
2918 1459 0 -34 34 0
2918 1459 0 -33 33 0
2918 1459 0 -32 32 0
2918 1459 0 -31 31 0
2918 1459 0 -30 30 0
2918 1459 0 -29 29 0
2918 1459 0 -28 28 0
2918 1459 0 -27 27 0
2918 1459 0 -26 26 0
2918 1459 0 -25 25 0
2918 1459 0 -24 24 0
2918 1459 0 -23 23 0
2918 1459 0 -22 22 0
2918 1459 0 -21 21 0
2918 1459 0 -20 20 0
2918 1459 0 -19 19 0
2918 1459 0 -18 18 0
2918 1459 0 -17 17 0
2918 1459 0 -16 16 0
2918 1459 0 -15 15 0
2918 1459 0 -14 14 0
2918 1459 0 -13 13 0
2918 1459 0 -12 12 0
2918 1459 0 -11 11 0
2918 1459 0 -10 10 0
2918 1459 0 -9 9 0
2918 1459 0 -8 8 0
2918 1459 0 -7 7 0
2918 1459 0 -6 6 0
2918 1459 0 -5 5 0
2918 1459 0 -4 4 0
2918 1459 0 -3 3 0
2918 1459 0 -2 2 0
2918 1459 0 -1 1 0
2918 1459 0 1 -1 0
2918 1459 0 2 -2 0
2918 1459 0 3 -3 0
2918 1459 0 4 -4 0
2918 1459 0 5 -5 0
2918 1459 0 6 -6 0
2918 1459 0 7 -7 0
2918 1459 0 8 -8 0
2918 1459 0 9 -9 0
2918 1459 0 10 -10 0
2918 1459 0 11 -11 0
2918 1459 0 12 -12 0
2918 1459 0 13 -13 0
2918 1459 0 14 -14 0
2918 1459 0 15 -15 0
2918 1459 0 16 -16 0
2918 1459 0 17 -17 0
2918 1459 0 18 -18 0
2918 1459 0 19 -19 0
2918 1459 0 20 -20 0
2918 1459 0 21 -21 0
2918 1459 0 22 -22 0
2918 1459 0 23 -23 0
2918 1459 0 24 -24 0
2918 1459 0 25 -25 0
2918 1459 0 26 -26 0
2918 1459 0 27 -27 0
2918 1459 0 28 -28 0
2918 1459 0 29 -29 0
2918 1459 0 30 -30 0
2918 1459 0 31 -31 0
2918 1459 0 32 -32 0
2918 1459 0 33 -33 0
2918 1459 0 34 -34 0
2918 1459 0 35 -35 0
2918 1459 0 36 -36 0
2918 1459 0 37 -37 0
2918 1459 0 38 -38 0
2918 1459 0 39 -39 0
2918 1459 0 40 -40 0
2918 1459 0 41 -41 0
2918 1459 0 42 -42 0
2918 1459 0 43 -43 0
2918 1459 0 44 -44 0
2918 1459 0 45 -45 0
2918 1459 0 46 -46 0
2918 1459 0 47 -47 0
2918 1459 0 48 -48 0
2918 1459 0 49 -49 0
2918 1459 0 50 -50 0
2918 1459 0 51 -51 0
2918 1459 0 52 -52 0
2918 1459 0 53 -53 0
2918 1459 0 54 -54 0
2918 1459 0 55 -55 0
2918 1459 0 56 -56 0
2918 1459 0 57 -57 0
2918 1459 0 58 -58 0
2918 1459 0 59 -59 0
2918 1459 0 60 -60 0
2918 1459 0 61 -61 0
2918 1459 0 62 -62 0
2918 1459 0 63 -63 0
2918 1459 0 64 -64 0
2918 1459 0 65 -65 0
2918 1459 0 66 -66 0
2918 1459 0 67 -67 0
2918 1459 0 68 -68 0
2918 1459 0 69 -69 0
2918 1459 0 70 -70 0
2918 1459 0 71 -71 0
2918 1459 0 72 -72 0
2918 1459 0 73 -73 0
2918 1459 0 74 -74 0
2918 1459 0 75 -75 0
2918 1459 0 76 -76 0
2918 1459 0 77 -77 0
2918 1459 0 78 -78 0
2918 1459 0 79 -79 0
2918 1459 0 80 -80 0
2918 1459 0 81 -81 0
2918 1459 0 82 -82 0
2918 1459 0 83 -83 0
2918 1459 0 84 -84 0
2918 1459 0 85 -85 0
2918 1459 0 86 -86 0
2918 1459 0 87 -87 0
2918 1459 0 88 -88 0
2918 1459 0 89 -89 0
2918 1459 0 90 -90 0
2918 1459 0 91 -91 0
2918 1459 0 92 -92 0
2918 1459 0 93 -93 0
2918 1459 0 94 -94 0
2918 1459 0 95 -95 0
2918 1459 0 96 -96 0
2918 1459 0 97 -97 0
2918 1459 0 98 -98 0
2918 1459 0 99 -99 0
2918 1459 0 100 -100 0
2918 1459 0 101 -101 0
2918 1459 0 102 -102 0
2918 1459 0 103 -103 0
2918 1459 0 104 -104 0
2918 1459 0 105 -105 0
2918 1459 0 106 -106 0
2918 1459 0 107 -107 0
2918 1459 0 108 -108 0
2918 1459 0 109 -109 0
2918 1459 0 110 -110 0
2918 1459 0 111 -111 0
2918 1459 0 112 -112 0
2918 1459 0 113 -113 0
2918 1459 0 114 -114 0
2918 1459 0 115 -115 0
2918 1459 0 116 -116 0
2918 1459 0 117 -117 0
2918 1459 0 118 -118 0
2918 1459 0 119 -119 0
2918 1459 0 120 -120 0
2918 1459 0 121 -121 0
2918 1459 0 122 -122 0
2918 1459 0 123 -123 0
2918 1459 0 124 -124 0
2918 1459 0 125 -125 0
2918 1459 0 126 -126 0
2918 1459 0 127 -127 0
2918 1459 0 128 -128 0
2918 1459 0 129 -129 0
2918 1459 0 130 -130 0
2918 1459 0 131 -131 0
2918 1459 0 132 -132 0
2918 1459 0 133 -133 0
2918 1459 0 134 -134 0
2918 1459 0 135 -135 0
2918 1459 0 136 -136 0
2918 1459 0 137 -137 0
2918 1459 0 138 -138 0
2918 1459 0 139 -139 0
2918 1459 0 140 -140 0
2918 1459 0 141 -141 0
2918 1459 0 142 -142 0
2918 1459 0 143 -143 0
2918 1459 0 144 -144 0
2918 1459 0 145 -145 0
2918 1459 0 146 -146 0
2918 1459 0 147 -147 0
2918 1459 0 148 -148 0
2918 1459 0 149 -149 0
2918 1459 0 150 -150 0
2920 1460 0 -150 150 0
2920 1460 0 -149 149 0
2920 1460 0 -148 148 0
2920 1460 0 -147 147 0
2920 1460 0 -146 146 0
2920 1460 0 -145 145 0
2920 1460 0 -144 144 0
2920 1460 0 -143 143 0
2920 1460 0 -142 142 0
2920 1460 0 -141 141 0
2920 1460 0 -140 140 0
2920 1460 0 -139 139 0
2920 1460 0 -138 138 0
2920 1460 0 -137 137 0
2920 1460 0 -136 136 0
2920 1460 0 -135 135 0
2920 1460 0 -134 134 0
2920 1460 0 -133 133 0
2920 1460 0 -132 132 0
2920 1460 0 -131 131 0
2920 1460 0 -130 130 0
2920 1460 0 -129 129 0
2920 1460 0 -128 128 0
2920 1460 0 -127 127 0
2920 1460 0 -126 126 0
2920 1460 0 -125 125 0
2920 1460 0 -124 124 0
2920 1460 0 -123 123 0
2920 1460 0 -122 122 0
2920 1460 0 -121 121 0
2920 1460 0 -120 120 0
2920 1460 0 -119 119 0
2920 1460 0 -118 118 0
2920 1460 0 -117 117 0
2920 1460 0 -116 116 0
2920 1460 0 -115 115 0
2920 1460 0 -114 114 0
2920 1460 0 -113 113 0
2920 1460 0 -112 112 0
2920 1460 0 -111 111 0
2920 1460 0 -110 110 0
2920 1460 0 -109 109 0
2920 1460 0 -108 108 0
2920 1460 0 -107 107 0
2920 1460 0 -106 106 0
2920 1460 0 -105 105 0
2920 1460 0 -104 104 0
2920 1460 0 -103 103 0
2920 1460 0 -102 102 0
2920 1460 0 -101 101 0
2920 1460 0 -100 100 0
2920 1460 0 -99 99 0
2920 1460 0 -98 98 0
2920 1460 0 -97 97 0
2920 1460 0 -96 96 0
2920 1460 0 -95 95 0
2920 1460 0 -94 94 0
2920 1460 0 -93 93 0
2920 1460 0 -92 92 0
2920 1460 0 -91 91 0
2920 1460 0 -90 90 0
2920 1460 0 -89 89 0
2920 1460 0 -88 88 0
2920 1460 0 -87 87 0
2920 1460 0 -86 86 0
2920 1460 0 -85 85 0
2920 1460 0 -84 84 0
2920 1460 0 -83 83 0
2920 1460 0 -82 82 0
2920 1460 0 -81 81 0
2920 1460 0 -80 80 0
2920 1460 0 -79 79 0
2920 1460 0 -78 78 0
2920 1460 0 -77 77 0
2920 1460 0 -76 76 0
2920 1460 0 -75 75 0
2920 1460 0 -74 74 0
2920 1460 0 -73 73 0
2920 1460 0 -72 72 0
2920 1460 0 -71 71 0
2920 1460 0 -70 70 0
2920 1460 0 -69 69 0
2920 1460 0 -68 68 0
2920 1460 0 -67 67 0
2920 1460 0 -66 66 0
2920 1460 0 -65 65 0
2920 1460 0 -64 64 0
2920 1460 0 -63 63 0
2920 1460 0 -62 62 0
2920 1460 0 -61 61 0
2920 1460 0 -60 60 0
2920 1460 0 -59 59 0
2920 1460 0 -58 58 0
2920 1460 0 -57 57 0
2920 1460 0 -56 56 0
2920 1460 0 -55 55 0
2920 1460 0 -54 54 0
2920 1460 0 -53 53 0
2920 1460 0 -52 52 0
2920 1460 0 -51 51 0
2920 1460 0 -50 50 0
2920 1460 0 -49 49 0
2920 1460 0 -48 48 0
2920 1460 0 -47 47 0
2920 1460 0 -46 46 0
2920 1460 0 -45 45 0
2920 1460 0 -44 44 0
2920 1460 0 -43 43 0
2920 1460 0 -42 42 0
2920 1460 0 -41 41 0
2920 1460 0 -40 40 0
2920 1460 0 -39 39 0
2920 1460 0 -38 38 0
2920 1460 0 -37 37 0
2920 1460 0 -36 36 0
2920 1460 0 -35 35 0
2920 1460 0 -34 34 0
2920 1460 0 -33 33 0
2920 1460 0 -32 32 0
2920 1460 0 -31 31 0
2920 1460 0 -30 30 0
2920 1460 0 -29 29 0
2920 1460 0 -28 28 0
2920 1460 0 -27 27 0
2920 1460 0 -26 26 0
2920 1460 0 -25 25 0
2920 1460 0 -24 24 0
2920 1460 0 -23 23 0
2920 1460 0 -22 22 0
2920 1460 0 -21 21 0
2920 1460 0 -20 20 0
2920 1460 0 -19 19 0
2920 1460 0 -18 18 0
2920 1460 0 -17 17 0
2920 1460 0 -16 16 0
2920 1460 0 -15 15 0
2920 1460 0 -14 14 0
2920 1460 0 -13 13 0
2920 1460 0 -12 12 0
2920 1460 0 -11 11 0
2920 1460 0 -10 10 0
2920 1460 0 -9 9 0
2920 1460 0 -8 8 0
2920 1460 0 -7 7 0
2920 1460 0 -6 6 0
2920 1460 0 -5 5 0
2920 1460 0 -4 4 0
2920 1460 0 -3 3 0
2920 1460 0 -2 2 0
2920 1460 0 -1 1 0
2920 1460 0 1 -1 0
2920 1460 0 2 -2 0
2920 1460 0 3 -3 0
2920 1460 0 4 -4 0
2920 1460 0 5 -5 0
2920 1460 0 6 -6 0
2920 1460 0 7 -7 0
2920 1460 0 8 -8 0
2920 1460 0 9 -9 0
2920 1460 0 10 -10 0
2920 1460 0 11 -11 0
2920 1460 0 12 -12 0
2920 1460 0 13 -13 0
2920 1460 0 14 -14 0
2920 1460 0 15 -15 0
2920 1460 0 16 -16 0
2920 1460 0 17 -17 0
2920 1460 0 18 -18 0
2920 1460 0 19 -19 0
2920 1460 0 20 -20 0
2920 1460 0 21 -21 0
2920 1460 0 22 -22 0
2920 1460 0 23 -23 0
2920 1460 0 24 -24 0
2920 1460 0 25 -25 0
2920 1460 0 26 -26 0
2920 1460 0 27 -27 0
2920 1460 0 28 -28 0
2920 1460 0 29 -29 0
2920 1460 0 30 -30 0
2920 1460 0 31 -31 0
2920 1460 0 32 -32 0
2920 1460 0 33 -33 0
2920 1460 0 34 -34 0
2920 1460 0 35 -35 0
2920 1460 0 36 -36 0
2920 1460 0 37 -37 0
2920 1460 0 38 -38 0
2920 1460 0 39 -39 0
2920 1460 0 40 -40 0
2920 1460 0 41 -41 0
2920 1460 0 42 -42 0
2920 1460 0 43 -43 0
2920 1460 0 44 -44 0
2920 1460 0 45 -45 0
2920 1460 0 46 -46 0
2920 1460 0 47 -47 0
2920 1460 0 48 -48 0
2920 1460 0 49 -49 0
2920 1460 0 50 -50 0
2920 1460 0 51 -51 0
2920 1460 0 52 -52 0
2920 1460 0 53 -53 0
2920 1460 0 54 -54 0
2920 1460 0 55 -55 0
2920 1460 0 56 -56 0
2920 1460 0 57 -57 0
2920 1460 0 58 -58 0
2920 1460 0 59 -59 0
2920 1460 0 60 -60 0
2920 1460 0 61 -61 0
2920 1460 0 62 -62 0
2920 1460 0 63 -63 0
2920 1460 0 64 -64 0
2920 1460 0 65 -65 0
2920 1460 0 66 -66 0
2920 1460 0 67 -67 0
2920 1460 0 68 -68 0
2920 1460 0 69 -69 0
2920 1460 0 70 -70 0
2920 1460 0 71 -71 0
2920 1460 0 72 -72 0
2920 1460 0 73 -73 0
2920 1460 0 74 -74 0
2920 1460 0 75 -75 0
2920 1460 0 76 -76 0
2920 1460 0 77 -77 0
2920 1460 0 78 -78 0
2920 1460 0 79 -79 0
2920 1460 0 80 -80 0
2920 1460 0 81 -81 0
2920 1460 0 82 -82 0
2920 1460 0 83 -83 0
2920 1460 0 84 -84 0
2920 1460 0 85 -85 0
2920 1460 0 86 -86 0
2920 1460 0 87 -87 0
2920 1460 0 88 -88 0
2920 1460 0 89 -89 0
2920 1460 0 90 -90 0
2920 1460 0 91 -91 0
2920 1460 0 92 -92 0
2920 1460 0 93 -93 0
2920 1460 0 94 -94 0
2920 1460 0 95 -95 0
2920 1460 0 96 -96 0
2920 1460 0 97 -97 0
2920 1460 0 98 -98 0
2920 1460 0 99 -99 0
2920 1460 0 100 -100 0
2920 1460 0 101 -101 0
2920 1460 0 102 -102 0
2920 1460 0 103 -103 0
2920 1460 0 104 -104 0
2920 1460 0 105 -105 0
2920 1460 0 106 -106 0
2920 1460 0 107 -107 0
2920 1460 0 108 -108 0
2920 1460 0 109 -109 0
2920 1460 0 110 -110 0
2920 1460 0 111 -111 0
2920 1460 0 112 -112 0
2920 1460 0 113 -113 0
2920 1460 0 114 -114 0
2920 1460 0 115 -115 0
2920 1460 0 116 -116 0
2920 1460 0 117 -117 0
2920 1460 0 118 -118 0
2920 1460 0 119 -119 0
2920 1460 0 120 -120 0
2920 1460 0 121 -121 0
2920 1460 0 122 -122 0
2920 1460 0 123 -123 0
2920 1460 0 124 -124 0
2920 1460 0 125 -125 0
2920 1460 0 126 -126 0
2920 1460 0 127 -127 0
2920 1460 0 128 -128 0
2920 1460 0 129 -129 0
2920 1460 0 130 -130 0
2920 1460 0 131 -131 0
2920 1460 0 132 -132 0
2920 1460 0 133 -133 0
2920 1460 0 134 -134 0
2920 1460 0 135 -135 0
2920 1460 0 136 -136 0
2920 1460 0 137 -137 0
2920 1460 0 138 -138 0
2920 1460 0 139 -139 0
2920 1460 0 140 -140 0
2920 1460 0 141 -141 0
2920 1460 0 142 -142 0
2920 1460 0 143 -143 0
2920 1460 0 144 -144 0
2920 1460 0 145 -145 0
2920 1460 0 146 -146 0
2920 1460 0 147 -147 0
2920 1460 0 148 -148 0
2920 1460 0 149 -149 0
2920 1460 0 150 -150 0
2922 1461 0 -150 150 0
2922 1461 0 -149 149 0
2922 1461 0 -148 148 0
2922 1461 0 -147 147 0
2922 1461 0 -146 146 0
2922 1461 0 -145 145 0
2922 1461 0 -144 144 0
2922 1461 0 -143 143 0
2922 1461 0 -142 142 0
2922 1461 0 -141 141 0
2922 1461 0 -140 140 0
2922 1461 0 -139 139 0
2922 1461 0 -138 138 0
2922 1461 0 -137 137 0
2922 1461 0 -136 136 0
2922 1461 0 -135 135 0
2922 1461 0 -134 134 0
2922 1461 0 -133 133 0
2922 1461 0 -132 132 0
2922 1461 0 -131 131 0
2922 1461 0 -130 130 0
2922 1461 0 -129 129 0
2922 1461 0 -128 128 0
2922 1461 0 -127 127 0
2922 1461 0 -126 126 0
2922 1461 0 -125 125 0
2922 1461 0 -124 124 0
2922 1461 0 -123 123 0
2922 1461 0 -122 122 0
2922 1461 0 -121 121 0
2922 1461 0 -120 120 0
2922 1461 0 -119 119 0
2922 1461 0 -118 118 0
2922 1461 0 -117 117 0
2922 1461 0 -116 116 0
2922 1461 0 -115 115 0
2922 1461 0 -114 114 0
2922 1461 0 -113 113 0
2922 1461 0 -112 112 0
2922 1461 0 -111 111 0
2922 1461 0 -110 110 0
2922 1461 0 -109 109 0
2922 1461 0 -108 108 0
2922 1461 0 -107 107 0
2922 1461 0 -106 106 0
2922 1461 0 -105 105 0
2922 1461 0 -104 104 0
2922 1461 0 -103 103 0
2922 1461 0 -102 102 0
2922 1461 0 -101 101 0
2922 1461 0 -100 100 0
2922 1461 0 -99 99 0
2922 1461 0 -98 98 0
2922 1461 0 -97 97 0
2922 1461 0 -96 96 0
2922 1461 0 -95 95 0
2922 1461 0 -94 94 0
2922 1461 0 -93 93 0
2922 1461 0 -92 92 0
2922 1461 0 -91 91 0
2922 1461 0 -90 90 0
2922 1461 0 -89 89 0
2922 1461 0 -88 88 0
2922 1461 0 -87 87 0
2922 1461 0 -86 86 0
2922 1461 0 -85 85 0
2922 1461 0 -84 84 0
2922 1461 0 -83 83 0
2922 1461 0 -82 82 0
2922 1461 0 -81 81 0
2922 1461 0 -80 80 0
2922 1461 0 -79 79 0
2922 1461 0 -78 78 0
2922 1461 0 -77 77 0
2922 1461 0 -76 76 0
2922 1461 0 -75 75 0
2922 1461 0 -74 74 0
2922 1461 0 -73 73 0
2922 1461 0 -72 72 0
2922 1461 0 -71 71 0
2922 1461 0 -70 70 0
2922 1461 0 -69 69 0
2922 1461 0 -68 68 0
2922 1461 0 -67 67 0
2922 1461 0 -66 66 0
2922 1461 0 -65 65 0
2922 1461 0 -64 64 0
2922 1461 0 -63 63 0
2922 1461 0 -62 62 0
2922 1461 0 -61 61 0
2922 1461 0 -60 60 0
2922 1461 0 -59 59 0
2922 1461 0 -58 58 0
2922 1461 0 -57 57 0
2922 1461 0 -56 56 0
2922 1461 0 -55 55 0
2922 1461 0 -54 54 0
2922 1461 0 -53 53 0
2922 1461 0 -52 52 0
2922 1461 0 -51 51 0
2922 1461 0 -50 50 0
2922 1461 0 -49 49 0
2922 1461 0 -48 48 0
2922 1461 0 -47 47 0
2922 1461 0 -46 46 0
2922 1461 0 -45 45 0
2922 1461 0 -44 44 0
2922 1461 0 -43 43 0
2922 1461 0 -42 42 0
2922 1461 0 -41 41 0
2922 1461 0 -40 40 0
2922 1461 0 -39 39 0
2922 1461 0 -38 38 0
2922 1461 0 -37 37 0
2922 1461 0 -36 36 0
2922 1461 0 -35 35 0
2922 1461 0 -34 34 0
2922 1461 0 -33 33 0
2922 1461 0 -32 32 0
2922 1461 0 -31 31 0
2922 1461 0 -30 30 0
2922 1461 0 -29 29 0
2922 1461 0 -28 28 0
2922 1461 0 -27 27 0
2922 1461 0 -26 26 0
2922 1461 0 -25 25 0
2922 1461 0 -24 24 0
2922 1461 0 -23 23 0
2922 1461 0 -22 22 0
2922 1461 0 -21 21 0
2922 1461 0 -20 20 0
2922 1461 0 -19 19 0
2922 1461 0 -18 18 0
2922 1461 0 -17 17 0
2922 1461 0 -16 16 0
2922 1461 0 -15 15 0
2922 1461 0 -14 14 0
2922 1461 0 -13 13 0
2922 1461 0 -12 12 0
2922 1461 0 -11 11 0
2922 1461 0 -10 10 0
2922 1461 0 -9 9 0
2922 1461 0 -8 8 0
2922 1461 0 -7 7 0
2922 1461 0 -6 6 0
2922 1461 0 -5 5 0
2922 1461 0 -4 4 0
2922 1461 0 -3 3 0
2922 1461 0 -2 2 0
2922 1461 0 -1 1 0
2922 1461 0 1 -1 0
2922 1461 0 2 -2 0
2922 1461 0 3 -3 0
2922 1461 0 4 -4 0
2922 1461 0 5 -5 0
2922 1461 0 6 -6 0
2922 1461 0 7 -7 0
2922 1461 0 8 -8 0
2922 1461 0 9 -9 0
2922 1461 0 10 -10 0
2922 1461 0 11 -11 0
2922 1461 0 12 -12 0
2922 1461 0 13 -13 0
2922 1461 0 14 -14 0
2922 1461 0 15 -15 0
2922 1461 0 16 -16 0
2922 1461 0 17 -17 0
2922 1461 0 18 -18 0
2922 1461 0 19 -19 0
2922 1461 0 20 -20 0
2922 1461 0 21 -21 0
2922 1461 0 22 -22 0
2922 1461 0 23 -23 0
2922 1461 0 24 -24 0
2922 1461 0 25 -25 0
2922 1461 0 26 -26 0
2922 1461 0 27 -27 0
2922 1461 0 28 -28 0
2922 1461 0 29 -29 0
2922 1461 0 30 -30 0
2922 1461 0 31 -31 0
2922 1461 0 32 -32 0
2922 1461 0 33 -33 0
2922 1461 0 34 -34 0
2922 1461 0 35 -35 0
2922 1461 0 36 -36 0
2922 1461 0 37 -37 0
2922 1461 0 38 -38 0
2922 1461 0 39 -39 0
2922 1461 0 40 -40 0
2922 1461 0 41 -41 0
2922 1461 0 42 -42 0
2922 1461 0 43 -43 0
2922 1461 0 44 -44 0
2922 1461 0 45 -45 0
2922 1461 0 46 -46 0
2922 1461 0 47 -47 0
2922 1461 0 48 -48 0
2922 1461 0 49 -49 0
2922 1461 0 50 -50 0
2922 1461 0 51 -51 0
2922 1461 0 52 -52 0
2922 1461 0 53 -53 0
2922 1461 0 54 -54 0
2922 1461 0 55 -55 0
2922 1461 0 56 -56 0
2922 1461 0 57 -57 0
2922 1461 0 58 -58 0
2922 1461 0 59 -59 0
2922 1461 0 60 -60 0
2922 1461 0 61 -61 0
2922 1461 0 62 -62 0
2922 1461 0 63 -63 0
2922 1461 0 64 -64 0
2922 1461 0 65 -65 0
2922 1461 0 66 -66 0
2922 1461 0 67 -67 0
2922 1461 0 68 -68 0
2922 1461 0 69 -69 0
2922 1461 0 70 -70 0
2922 1461 0 71 -71 0
2922 1461 0 72 -72 0
2922 1461 0 73 -73 0
2922 1461 0 74 -74 0
2922 1461 0 75 -75 0
2922 1461 0 76 -76 0
2922 1461 0 77 -77 0
2922 1461 0 78 -78 0
2922 1461 0 79 -79 0
2922 1461 0 80 -80 0
2922 1461 0 81 -81 0
2922 1461 0 82 -82 0
2922 1461 0 83 -83 0
2922 1461 0 84 -84 0
2922 1461 0 85 -85 0
2922 1461 0 86 -86 0
2922 1461 0 87 -87 0
2922 1461 0 88 -88 0
2922 1461 0 89 -89 0
2922 1461 0 90 -90 0
2922 1461 0 91 -91 0
2922 1461 0 92 -92 0
2922 1461 0 93 -93 0
2922 1461 0 94 -94 0
2922 1461 0 95 -95 0
2922 1461 0 96 -96 0
2922 1461 0 97 -97 0
2922 1461 0 98 -98 0
2922 1461 0 99 -99 0
2922 1461 0 100 -100 0
2922 1461 0 101 -101 0
2922 1461 0 102 -102 0
2922 1461 0 103 -103 0
2922 1461 0 104 -104 0
2922 1461 0 105 -105 0
2922 1461 0 106 -106 0
2922 1461 0 107 -107 0
2922 1461 0 108 -108 0
2922 1461 0 109 -109 0
2922 1461 0 110 -110 0
2922 1461 0 111 -111 0
2922 1461 0 112 -112 0
2922 1461 0 113 -113 0
2922 1461 0 114 -114 0
2922 1461 0 115 -115 0
2922 1461 0 116 -116 0
2922 1461 0 117 -117 0
2922 1461 0 118 -118 0
2922 1461 0 119 -119 0
2922 1461 0 120 -120 0
2922 1461 0 121 -121 0
2922 1461 0 122 -122 0
2922 1461 0 123 -123 0
2922 1461 0 124 -124 0
2922 1461 0 125 -125 0
2922 1461 0 126 -126 0
2922 1461 0 127 -127 0
2922 1461 0 128 -128 0
2922 1461 0 129 -129 0
2922 1461 0 130 -130 0
2922 1461 0 131 -131 0
2922 1461 0 132 -132 0
2922 1461 0 133 -133 0
2922 1461 0 134 -134 0
2922 1461 0 135 -135 0
2922 1461 0 136 -136 0
2922 1461 0 137 -137 0
2922 1461 0 138 -138 0
2922 1461 0 139 -139 0
2922 1461 0 140 -140 0
2922 1461 0 141 -141 0
2922 1461 0 142 -142 0
2922 1461 0 143 -143 0
2922 1461 0 144 -144 0
2922 1461 0 145 -145 0
2922 1461 0 146 -146 0
2922 1461 0 147 -147 0
2922 1461 0 148 -148 0
2922 1461 0 149 -149 0
2922 1461 0 150 -150 0
2924 1462 0 -150 150 0
2924 1462 0 -149 149 0
2924 1462 0 -148 148 0
2924 1462 0 -147 147 0
2924 1462 0 -146 146 0
2924 1462 0 -145 145 0
2924 1462 0 -144 144 0
2924 1462 0 -143 143 0
2924 1462 0 -142 142 0
2924 1462 0 -141 141 0
2924 1462 0 -140 140 0
2924 1462 0 -139 139 0
2924 1462 0 -138 138 0
2924 1462 0 -137 137 0
2924 1462 0 -136 136 0
2924 1462 0 -135 135 0
2924 1462 0 -134 134 0
2924 1462 0 -133 133 0
2924 1462 0 -132 132 0
2924 1462 0 -131 131 0
2924 1462 0 -130 130 0
2924 1462 0 -129 129 0
2924 1462 0 -128 128 0
2924 1462 0 -127 127 0
2924 1462 0 -126 126 0
2924 1462 0 -125 125 0
2924 1462 0 -124 124 0
2924 1462 0 -123 123 0
2924 1462 0 -122 122 0
2924 1462 0 -121 121 0
2924 1462 0 -120 120 0
2924 1462 0 -119 119 0
2924 1462 0 -118 118 0
2924 1462 0 -117 117 0
2924 1462 0 -116 116 0
2924 1462 0 -115 115 0
2924 1462 0 -114 114 0
2924 1462 0 -113 113 0
2924 1462 0 -112 112 0
2924 1462 0 -111 111 0
2924 1462 0 -110 110 0
2924 1462 0 -109 109 0
2924 1462 0 -108 108 0
2924 1462 0 -107 107 0
2924 1462 0 -106 106 0
2924 1462 0 -105 105 0
2924 1462 0 -104 104 0
2924 1462 0 -103 103 0
2924 1462 0 -102 102 0
2924 1462 0 -101 101 0
2924 1462 0 -100 100 0
2924 1462 0 -99 99 0
2924 1462 0 -98 98 0
2924 1462 0 -97 97 0
2924 1462 0 -96 96 0
2924 1462 0 -95 95 0
2924 1462 0 -94 94 0
2924 1462 0 -93 93 0
2924 1462 0 -92 92 0
2924 1462 0 -91 91 0
2924 1462 0 -90 90 0
2924 1462 0 -89 89 0
2924 1462 0 -88 88 0
2924 1462 0 -87 87 0
2924 1462 0 -86 86 0
2924 1462 0 -85 85 0
2924 1462 0 -84 84 0
2924 1462 0 -83 83 0
2924 1462 0 -82 82 0
2924 1462 0 -81 81 0
2924 1462 0 -80 80 0
2924 1462 0 -79 79 0
2924 1462 0 -78 78 0
2924 1462 0 -77 77 0
2924 1462 0 -76 76 0
2924 1462 0 -75 75 0
2924 1462 0 -74 74 0
2924 1462 0 -73 73 0
2924 1462 0 -72 72 0
2924 1462 0 -71 71 0
2924 1462 0 -70 70 0
2924 1462 0 -69 69 0
2924 1462 0 -68 68 0
2924 1462 0 -67 67 0
2924 1462 0 -66 66 0
2924 1462 0 -65 65 0
2924 1462 0 -64 64 0
2924 1462 0 -63 63 0
2924 1462 0 -62 62 0
2924 1462 0 -61 61 0
2924 1462 0 -60 60 0
2924 1462 0 -59 59 0
2924 1462 0 -58 58 0
2924 1462 0 -57 57 0
2924 1462 0 -56 56 0
2924 1462 0 -55 55 0
2924 1462 0 -54 54 0
2924 1462 0 -53 53 0
2924 1462 0 -52 52 0
2924 1462 0 -51 51 0
2924 1462 0 -50 50 0
2924 1462 0 -49 49 0
2924 1462 0 -48 48 0
2924 1462 0 -47 47 0
2924 1462 0 -46 46 0
2924 1462 0 -45 45 0
2924 1462 0 -44 44 0
2924 1462 0 -43 43 0
2924 1462 0 -42 42 0
2924 1462 0 -41 41 0
2924 1462 0 -40 40 0
2924 1462 0 -39 39 0
2924 1462 0 -38 38 0
2924 1462 0 -37 37 0
2924 1462 0 -36 36 0
2924 1462 0 -35 35 0
2924 1462 0 -34 34 0
2924 1462 0 -33 33 0
2924 1462 0 -32 32 0
2924 1462 0 -31 31 0
2924 1462 0 -30 30 0
2924 1462 0 -29 29 0
2924 1462 0 -28 28 0
2924 1462 0 -27 27 0
2924 1462 0 -26 26 0
2924 1462 0 -25 25 0
2924 1462 0 -24 24 0
2924 1462 0 -23 23 0
2924 1462 0 -22 22 0
2924 1462 0 -21 21 0
2924 1462 0 -20 20 0
2924 1462 0 -19 19 0
2924 1462 0 -18 18 0
2924 1462 0 -17 17 0
2924 1462 0 -16 16 0
2924 1462 0 -15 15 0
2924 1462 0 -14 14 0
2924 1462 0 -13 13 0
2924 1462 0 -12 12 0
2924 1462 0 -11 11 0
2924 1462 0 -10 10 0
2924 1462 0 -9 9 0
2924 1462 0 -8 8 0
2924 1462 0 -7 7 0
2924 1462 0 -6 6 0
2924 1462 0 -5 5 0
2924 1462 0 -4 4 0
2924 1462 0 -3 3 0
2924 1462 0 -2 2 0
2924 1462 0 -1 1 0
2924 1462 0 1 -1 0
2924 1462 0 2 -2 0
2924 1462 0 3 -3 0
2924 1462 0 4 -4 0
2924 1462 0 5 -5 0
2924 1462 0 6 -6 0
2924 1462 0 7 -7 0
2924 1462 0 8 -8 0
2924 1462 0 9 -9 0
2924 1462 0 10 -10 0
2924 1462 0 11 -11 0
2924 1462 0 12 -12 0
2924 1462 0 13 -13 0
2924 1462 0 14 -14 0
2924 1462 0 15 -15 0
2924 1462 0 16 -16 0
2924 1462 0 17 -17 0
2924 1462 0 18 -18 0
2924 1462 0 19 -19 0
2924 1462 0 20 -20 0
2924 1462 0 21 -21 0
2924 1462 0 22 -22 0
2924 1462 0 23 -23 0
2924 1462 0 24 -24 0
2924 1462 0 25 -25 0
2924 1462 0 26 -26 0
2924 1462 0 27 -27 0
2924 1462 0 28 -28 0
2924 1462 0 29 -29 0
2924 1462 0 30 -30 0
2924 1462 0 31 -31 0
2924 1462 0 32 -32 0
2924 1462 0 33 -33 0
2924 1462 0 34 -34 0
2924 1462 0 35 -35 0
2924 1462 0 36 -36 0
2924 1462 0 37 -37 0
2924 1462 0 38 -38 0
2924 1462 0 39 -39 0
2924 1462 0 40 -40 0
2924 1462 0 41 -41 0
2924 1462 0 42 -42 0
2924 1462 0 43 -43 0
2924 1462 0 44 -44 0
2924 1462 0 45 -45 0
2924 1462 0 46 -46 0
2924 1462 0 47 -47 0
2924 1462 0 48 -48 0
2924 1462 0 49 -49 0
2924 1462 0 50 -50 0
2924 1462 0 51 -51 0
2924 1462 0 52 -52 0
2924 1462 0 53 -53 0
2924 1462 0 54 -54 0
2924 1462 0 55 -55 0
2924 1462 0 56 -56 0
2924 1462 0 57 -57 0
2924 1462 0 58 -58 0
2924 1462 0 59 -59 0
2924 1462 0 60 -60 0
2924 1462 0 61 -61 0
2924 1462 0 62 -62 0
2924 1462 0 63 -63 0
2924 1462 0 64 -64 0
2924 1462 0 65 -65 0
2924 1462 0 66 -66 0
2924 1462 0 67 -67 0
2924 1462 0 68 -68 0
2924 1462 0 69 -69 0
2924 1462 0 70 -70 0
2924 1462 0 71 -71 0
2924 1462 0 72 -72 0
2924 1462 0 73 -73 0
2924 1462 0 74 -74 0
2924 1462 0 75 -75 0
2924 1462 0 76 -76 0
2924 1462 0 77 -77 0
2924 1462 0 78 -78 0
2924 1462 0 79 -79 0
2924 1462 0 80 -80 0
2924 1462 0 81 -81 0
2924 1462 0 82 -82 0
2924 1462 0 83 -83 0
2924 1462 0 84 -84 0
2924 1462 0 85 -85 0
2924 1462 0 86 -86 0
2924 1462 0 87 -87 0
2924 1462 0 88 -88 0
2924 1462 0 89 -89 0
2924 1462 0 90 -90 0
2924 1462 0 91 -91 0
2924 1462 0 92 -92 0
2924 1462 0 93 -93 0
2924 1462 0 94 -94 0
2924 1462 0 95 -95 0
2924 1462 0 96 -96 0
2924 1462 0 97 -97 0
2924 1462 0 98 -98 0
2924 1462 0 99 -99 0
2924 1462 0 100 -100 0
2924 1462 0 101 -101 0
2924 1462 0 102 -102 0
2924 1462 0 103 -103 0
2924 1462 0 104 -104 0
2924 1462 0 105 -105 0
2924 1462 0 106 -106 0
2924 1462 0 107 -107 0
2924 1462 0 108 -108 0
2924 1462 0 109 -109 0
2924 1462 0 110 -110 0
2924 1462 0 111 -111 0
2924 1462 0 112 -112 0
2924 1462 0 113 -113 0
2924 1462 0 114 -114 0
2924 1462 0 115 -115 0
2924 1462 0 116 -116 0
2924 1462 0 117 -117 0
2924 1462 0 118 -118 0
2924 1462 0 119 -119 0
2924 1462 0 120 -120 0
2924 1462 0 121 -121 0
2924 1462 0 122 -122 0
2924 1462 0 123 -123 0
2924 1462 0 124 -124 0
2924 1462 0 125 -125 0
2924 1462 0 126 -126 0
2924 1462 0 127 -127 0
2924 1462 0 128 -128 0
2924 1462 0 129 -129 0
2924 1462 0 130 -130 0
2924 1462 0 131 -131 0
2924 1462 0 132 -132 0
2924 1462 0 133 -133 0
2924 1462 0 134 -134 0
2924 1462 0 135 -135 0
2924 1462 0 136 -136 0
2924 1462 0 137 -137 0
2924 1462 0 138 -138 0
2924 1462 0 139 -139 0
2924 1462 0 140 -140 0
2924 1462 0 141 -141 0
2924 1462 0 142 -142 0
2924 1462 0 143 -143 0
2924 1462 0 144 -144 0
2924 1462 0 145 -145 0
2924 1462 0 146 -146 0
2924 1462 0 147 -147 0
2924 1462 0 148 -148 0
2924 1462 0 149 -149 0
2924 1462 0 150 -150 0
2926 1463 0 -150 150 0
2926 1463 0 -149 149 0
2926 1463 0 -148 148 0
2926 1463 0 -147 147 0
2926 1463 0 -146 146 0
2926 1463 0 -145 145 0
2926 1463 0 -144 144 0
2926 1463 0 -143 143 0
2926 1463 0 -142 142 0
2926 1463 0 -141 141 0
2926 1463 0 -140 140 0
2926 1463 0 -139 139 0
2926 1463 0 -138 138 0
2926 1463 0 -137 137 0
2926 1463 0 -136 136 0
2926 1463 0 -135 135 0
2926 1463 0 -134 134 0
2926 1463 0 -133 133 0
2926 1463 0 -132 132 0
2926 1463 0 -131 131 0
2926 1463 0 -130 130 0
2926 1463 0 -129 129 0
2926 1463 0 -128 128 0
2926 1463 0 -127 127 0
2926 1463 0 -126 126 0
2926 1463 0 -125 125 0
2926 1463 0 -124 124 0
2926 1463 0 -123 123 0
2926 1463 0 -122 122 0
2926 1463 0 -121 121 0
2926 1463 0 -120 120 0
2926 1463 0 -119 119 0
2926 1463 0 -118 118 0
2926 1463 0 -117 117 0
2926 1463 0 -116 116 0
2926 1463 0 -115 115 0
2926 1463 0 -114 114 0
2926 1463 0 -113 113 0
2926 1463 0 -112 112 0
2926 1463 0 -111 111 0
2926 1463 0 -110 110 0
2926 1463 0 -109 109 0
2926 1463 0 -108 108 0
2926 1463 0 -107 107 0
2926 1463 0 -106 106 0
2926 1463 0 -105 105 0
2926 1463 0 -104 104 0
2926 1463 0 -103 103 0
2926 1463 0 -102 102 0
2926 1463 0 -101 101 0
2926 1463 0 -100 100 0
2926 1463 0 -99 99 0
2926 1463 0 -98 98 0
2926 1463 0 -97 97 0
2926 1463 0 -96 96 0
2926 1463 0 -95 95 0
2926 1463 0 -94 94 0
2926 1463 0 -93 93 0
2926 1463 0 -92 92 0
2926 1463 0 -91 91 0
2926 1463 0 -90 90 0
2926 1463 0 -89 89 0
2926 1463 0 -88 88 0
2926 1463 0 -87 87 0
2926 1463 0 -86 86 0
2926 1463 0 -85 85 0
2926 1463 0 -84 84 0
2926 1463 0 -83 83 0
2926 1463 0 -82 82 0
2926 1463 0 -81 81 0
2926 1463 0 -80 80 0
2926 1463 0 -79 79 0
2926 1463 0 -78 78 0
2926 1463 0 -77 77 0
2926 1463 0 -76 76 0
2926 1463 0 -75 75 0
2926 1463 0 -74 74 0
2926 1463 0 -73 73 0
2926 1463 0 -72 72 0
2926 1463 0 -71 71 0
2926 1463 0 -70 70 0
2926 1463 0 -69 69 0
2926 1463 0 -68 68 0
2926 1463 0 -67 67 0
2926 1463 0 -66 66 0
2926 1463 0 -65 65 0
2926 1463 0 -64 64 0
2926 1463 0 -63 63 0
2926 1463 0 -62 62 0
2926 1463 0 -61 61 0
2926 1463 0 -60 60 0
2926 1463 0 -59 59 0
2926 1463 0 -58 58 0
2926 1463 0 -57 57 0
2926 1463 0 -56 56 0
2926 1463 0 -55 55 0
2926 1463 0 -54 54 0
2926 1463 0 -53 53 0
2926 1463 0 -52 52 0
2926 1463 0 -51 51 0
2926 1463 0 -50 50 0
2926 1463 0 -49 49 0
2926 1463 0 -48 48 0
2926 1463 0 -47 47 0
2926 1463 0 -46 46 0
2926 1463 0 -45 45 0
2926 1463 0 -44 44 0
2926 1463 0 -43 43 0
2926 1463 0 -42 42 0
2926 1463 0 -41 41 0
2926 1463 0 -40 40 0
2926 1463 0 -39 39 0
2926 1463 0 -38 38 0
2926 1463 0 -37 37 0
2926 1463 0 -36 36 0
2926 1463 0 -35 35 0
2926 1463 0 -34 34 0
2926 1463 0 -33 33 0
2926 1463 0 -32 32 0
2926 1463 0 -31 31 0
2926 1463 0 -30 30 0
2926 1463 0 -29 29 0
2926 1463 0 -28 28 0
2926 1463 0 -27 27 0
2926 1463 0 -26 26 0
2926 1463 0 -25 25 0
2926 1463 0 -24 24 0
2926 1463 0 -23 23 0
2926 1463 0 -22 22 0
2926 1463 0 -21 21 0
2926 1463 0 -20 20 0
2926 1463 0 -19 19 0
2926 1463 0 -18 18 0
2926 1463 0 -17 17 0
2926 1463 0 -16 16 0
2926 1463 0 -15 15 0
2926 1463 0 -14 14 0
2926 1463 0 -13 13 0
2926 1463 0 -12 12 0
2926 1463 0 -11 11 0
2926 1463 0 -10 10 0
2926 1463 0 -9 9 0
2926 1463 0 -8 8 0
2926 1463 0 -7 7 0
2926 1463 0 -6 6 0
2926 1463 0 -5 5 0
2926 1463 0 -4 4 0
2926 1463 0 -3 3 0
2926 1463 0 -2 2 0
2926 1463 0 -1 1 0
2926 1463 0 1 -1 0
2926 1463 0 2 -2 0
2926 1463 0 3 -3 0
2926 1463 0 4 -4 0
2926 1463 0 5 -5 0
2926 1463 0 6 -6 0
2926 1463 0 7 -7 0
2926 1463 0 8 -8 0
2926 1463 0 9 -9 0
2926 1463 0 10 -10 0
2926 1463 0 11 -11 0
2926 1463 0 12 -12 0
2926 1463 0 13 -13 0
2926 1463 0 14 -14 0
2926 1463 0 15 -15 0
2926 1463 0 16 -16 0
2926 1463 0 17 -17 0
2926 1463 0 18 -18 0
2926 1463 0 19 -19 0
2926 1463 0 20 -20 0
2926 1463 0 21 -21 0
2926 1463 0 22 -22 0
2926 1463 0 23 -23 0
2926 1463 0 24 -24 0
2926 1463 0 25 -25 0
2926 1463 0 26 -26 0
2926 1463 0 27 -27 0
2926 1463 0 28 -28 0
2926 1463 0 29 -29 0
2926 1463 0 30 -30 0
2926 1463 0 31 -31 0
2926 1463 0 32 -32 0
2926 1463 0 33 -33 0
2926 1463 0 34 -34 0
2926 1463 0 35 -35 0
2926 1463 0 36 -36 0
2926 1463 0 37 -37 0
2926 1463 0 38 -38 0
2926 1463 0 39 -39 0
2926 1463 0 40 -40 0
2926 1463 0 41 -41 0
2926 1463 0 42 -42 0
2926 1463 0 43 -43 0
2926 1463 0 44 -44 0
2926 1463 0 45 -45 0
2926 1463 0 46 -46 0
2926 1463 0 47 -47 0
2926 1463 0 48 -48 0
2926 1463 0 49 -49 0
2926 1463 0 50 -50 0
2926 1463 0 51 -51 0
2926 1463 0 52 -52 0
2926 1463 0 53 -53 0
2926 1463 0 54 -54 0
2926 1463 0 55 -55 0
2926 1463 0 56 -56 0
2926 1463 0 57 -57 0
2926 1463 0 58 -58 0
2926 1463 0 59 -59 0
2926 1463 0 60 -60 0
2926 1463 0 61 -61 0
2926 1463 0 62 -62 0
2926 1463 0 63 -63 0
2926 1463 0 64 -64 0
2926 1463 0 65 -65 0
2926 1463 0 66 -66 0
2926 1463 0 67 -67 0
2926 1463 0 68 -68 0
2926 1463 0 69 -69 0
2926 1463 0 70 -70 0
2926 1463 0 71 -71 0
2926 1463 0 72 -72 0
2926 1463 0 73 -73 0
2926 1463 0 74 -74 0
2926 1463 0 75 -75 0
2926 1463 0 76 -76 0
2926 1463 0 77 -77 0
2926 1463 0 78 -78 0
2926 1463 0 79 -79 0
2926 1463 0 80 -80 0
2926 1463 0 81 -81 0
2926 1463 0 82 -82 0
2926 1463 0 83 -83 0
2926 1463 0 84 -84 0
2926 1463 0 85 -85 0
2926 1463 0 86 -86 0
2926 1463 0 87 -87 0
2926 1463 0 88 -88 0
2926 1463 0 89 -89 0
2926 1463 0 90 -90 0
2926 1463 0 91 -91 0
2926 1463 0 92 -92 0
2926 1463 0 93 -93 0
2926 1463 0 94 -94 0
2926 1463 0 95 -95 0
2926 1463 0 96 -96 0
2926 1463 0 97 -97 0
2926 1463 0 98 -98 0
2926 1463 0 99 -99 0
2926 1463 0 100 -100 0
2926 1463 0 101 -101 0
2926 1463 0 102 -102 0
2926 1463 0 103 -103 0
2926 1463 0 104 -104 0
2926 1463 0 105 -105 0
2926 1463 0 106 -106 0
2926 1463 0 107 -107 0
2926 1463 0 108 -108 0
2926 1463 0 109 -109 0
2926 1463 0 110 -110 0
2926 1463 0 111 -111 0
2926 1463 0 112 -112 0
2926 1463 0 113 -113 0
2926 1463 0 114 -114 0
2926 1463 0 115 -115 0
2926 1463 0 116 -116 0
2926 1463 0 117 -117 0
2926 1463 0 118 -118 0
2926 1463 0 119 -119 0
2926 1463 0 120 -120 0
2926 1463 0 121 -121 0
2926 1463 0 122 -122 0
2926 1463 0 123 -123 0
2926 1463 0 124 -124 0
2926 1463 0 125 -125 0
2926 1463 0 126 -126 0
2926 1463 0 127 -127 0
2926 1463 0 128 -128 0
2926 1463 0 129 -129 0
2926 1463 0 130 -130 0
2926 1463 0 131 -131 0
2926 1463 0 132 -132 0
2926 1463 0 133 -133 0
2926 1463 0 134 -134 0
2926 1463 0 135 -135 0
2926 1463 0 136 -136 0
2926 1463 0 137 -137 0
2926 1463 0 138 -138 0
2926 1463 0 139 -139 0
2926 1463 0 140 -140 0
2926 1463 0 141 -141 0
2926 1463 0 142 -142 0
2926 1463 0 143 -143 0
2926 1463 0 144 -144 0
2926 1463 0 145 -145 0
2926 1463 0 146 -146 0
2926 1463 0 147 -147 0
2926 1463 0 148 -148 0
2926 1463 0 149 -149 0
2926 1463 0 150 -150 0
2928 1464 0 -150 150 0
2928 1464 0 -149 149 0
2928 1464 0 -148 148 0
2928 1464 0 -147 147 0
2928 1464 0 -146 146 0
2928 1464 0 -145 145 0
2928 1464 0 -144 144 0
2928 1464 0 -143 143 0
2928 1464 0 -142 142 0
2928 1464 0 -141 141 0
2928 1464 0 -140 140 0
2928 1464 0 -139 139 0
2928 1464 0 -138 138 0
2928 1464 0 -137 137 0
2928 1464 0 -136 136 0
2928 1464 0 -135 135 0
2928 1464 0 -134 134 0
2928 1464 0 -133 133 0
2928 1464 0 -132 132 0
2928 1464 0 -131 131 0
2928 1464 0 -130 130 0
2928 1464 0 -129 129 0
2928 1464 0 -128 128 0
2928 1464 0 -127 127 0
2928 1464 0 -126 126 0
2928 1464 0 -125 125 0
2928 1464 0 -124 124 0
2928 1464 0 -123 123 0
2928 1464 0 -122 122 0
2928 1464 0 -121 121 0
2928 1464 0 -120 120 0
2928 1464 0 -119 119 0
2928 1464 0 -118 118 0
2928 1464 0 -117 117 0
2928 1464 0 -116 116 0
2928 1464 0 -115 115 0
2928 1464 0 -114 114 0
2928 1464 0 -113 113 0
2928 1464 0 -112 112 0
2928 1464 0 -111 111 0
2928 1464 0 -110 110 0
2928 1464 0 -109 109 0
2928 1464 0 -108 108 0
2928 1464 0 -107 107 0
2928 1464 0 -106 106 0
2928 1464 0 -105 105 0
2928 1464 0 -104 104 0
2928 1464 0 -103 103 0
2928 1464 0 -102 102 0
2928 1464 0 -101 101 0
2928 1464 0 -100 100 0
2928 1464 0 -99 99 0
2928 1464 0 -98 98 0
2928 1464 0 -97 97 0
2928 1464 0 -96 96 0
2928 1464 0 -95 95 0
2928 1464 0 -94 94 0
2928 1464 0 -93 93 0
2928 1464 0 -92 92 0
2928 1464 0 -91 91 0
2928 1464 0 -90 90 0
2928 1464 0 -89 89 0
2928 1464 0 -88 88 0
2928 1464 0 -87 87 0
2928 1464 0 -86 86 0
2928 1464 0 -85 85 0
2928 1464 0 -84 84 0
2928 1464 0 -83 83 0
2928 1464 0 -82 82 0
2928 1464 0 -81 81 0
2928 1464 0 -80 80 0
2928 1464 0 -79 79 0
2928 1464 0 -78 78 0
2928 1464 0 -77 77 0
2928 1464 0 -76 76 0
2928 1464 0 -75 75 0
2928 1464 0 -74 74 0
2928 1464 0 -73 73 0
2928 1464 0 -72 72 0
2928 1464 0 -71 71 0
2928 1464 0 -70 70 0
2928 1464 0 -69 69 0
2928 1464 0 -68 68 0
2928 1464 0 -67 67 0
2928 1464 0 -66 66 0
2928 1464 0 -65 65 0
2928 1464 0 -64 64 0
2928 1464 0 -63 63 0
2928 1464 0 -62 62 0
2928 1464 0 -61 61 0
2928 1464 0 -60 60 0
2928 1464 0 -59 59 0
2928 1464 0 -58 58 0
2928 1464 0 -57 57 0
2928 1464 0 -56 56 0
2928 1464 0 -55 55 0
2928 1464 0 -54 54 0
2928 1464 0 -53 53 0
2928 1464 0 -52 52 0
2928 1464 0 -51 51 0
2928 1464 0 -50 50 0
2928 1464 0 -49 49 0
2928 1464 0 -48 48 0
2928 1464 0 -47 47 0
2928 1464 0 -46 46 0
2928 1464 0 -45 45 0
2928 1464 0 -44 44 0
2928 1464 0 -43 43 0
2928 1464 0 -42 42 0
2928 1464 0 -41 41 0
2928 1464 0 -40 40 0
2928 1464 0 -39 39 0
2928 1464 0 -38 38 0
2928 1464 0 -37 37 0
2928 1464 0 -36 36 0
2928 1464 0 -35 35 0
2928 1464 0 -34 34 0
2928 1464 0 -33 33 0
2928 1464 0 -32 32 0
2928 1464 0 -31 31 0
2928 1464 0 -30 30 0
2928 1464 0 -29 29 0
2928 1464 0 -28 28 0
2928 1464 0 -27 27 0
2928 1464 0 -26 26 0
2928 1464 0 -25 25 0
2928 1464 0 -24 24 0
2928 1464 0 -23 23 0
2928 1464 0 -22 22 0
2928 1464 0 -21 21 0
2928 1464 0 -20 20 0
2928 1464 0 -19 19 0
2928 1464 0 -18 18 0
2928 1464 0 -17 17 0
2928 1464 0 -16 16 0
2928 1464 0 -15 15 0
2928 1464 0 -14 14 0
2928 1464 0 -13 13 0
2928 1464 0 -12 12 0
2928 1464 0 -11 11 0
2928 1464 0 -10 10 0
2928 1464 0 -9 9 0
2928 1464 0 -8 8 0
2928 1464 0 -7 7 0
2928 1464 0 -6 6 0
2928 1464 0 -5 5 0
2928 1464 0 -4 4 0
2928 1464 0 -3 3 0
2928 1464 0 -2 2 0
2928 1464 0 -1 1 0
2928 1464 0 1 -1 0
2928 1464 0 2 -2 0
2928 1464 0 3 -3 0
2928 1464 0 4 -4 0
2928 1464 0 5 -5 0
2928 1464 0 6 -6 0
2928 1464 0 7 -7 0
2928 1464 0 8 -8 0
2928 1464 0 9 -9 0
2928 1464 0 10 -10 0
2928 1464 0 11 -11 0
2928 1464 0 12 -12 0
2928 1464 0 13 -13 0
2928 1464 0 14 -14 0
2928 1464 0 15 -15 0
2928 1464 0 16 -16 0
2928 1464 0 17 -17 0
2928 1464 0 18 -18 0
2928 1464 0 19 -19 0
2928 1464 0 20 -20 0
2928 1464 0 21 -21 0
2928 1464 0 22 -22 0
2928 1464 0 23 -23 0
2928 1464 0 24 -24 0
2928 1464 0 25 -25 0
2928 1464 0 26 -26 0
2928 1464 0 27 -27 0
2928 1464 0 28 -28 0
2928 1464 0 29 -29 0
2928 1464 0 30 -30 0
2928 1464 0 31 -31 0
2928 1464 0 32 -32 0
2928 1464 0 33 -33 0
2928 1464 0 34 -34 0
2928 1464 0 35 -35 0
2928 1464 0 36 -36 0
2928 1464 0 37 -37 0
2928 1464 0 38 -38 0
2928 1464 0 39 -39 0
2928 1464 0 40 -40 0
2928 1464 0 41 -41 0
2928 1464 0 42 -42 0
2928 1464 0 43 -43 0
2928 1464 0 44 -44 0
2928 1464 0 45 -45 0
2928 1464 0 46 -46 0
2928 1464 0 47 -47 0
2928 1464 0 48 -48 0
2928 1464 0 49 -49 0
2928 1464 0 50 -50 0
2928 1464 0 51 -51 0
2928 1464 0 52 -52 0
2928 1464 0 53 -53 0
2928 1464 0 54 -54 0
2928 1464 0 55 -55 0
2928 1464 0 56 -56 0
2928 1464 0 57 -57 0
2928 1464 0 58 -58 0
2928 1464 0 59 -59 0
2928 1464 0 60 -60 0
2928 1464 0 61 -61 0
2928 1464 0 62 -62 0
2928 1464 0 63 -63 0
2928 1464 0 64 -64 0
2928 1464 0 65 -65 0
2928 1464 0 66 -66 0
2928 1464 0 67 -67 0
2928 1464 0 68 -68 0
2928 1464 0 69 -69 0
2928 1464 0 70 -70 0
2928 1464 0 71 -71 0
2928 1464 0 72 -72 0
2928 1464 0 73 -73 0
2928 1464 0 74 -74 0
2928 1464 0 75 -75 0
2928 1464 0 76 -76 0
2928 1464 0 77 -77 0
2928 1464 0 78 -78 0
2928 1464 0 79 -79 0
2928 1464 0 80 -80 0
2928 1464 0 81 -81 0
2928 1464 0 82 -82 0
2928 1464 0 83 -83 0
2928 1464 0 84 -84 0
2928 1464 0 85 -85 0
2928 1464 0 86 -86 0
2928 1464 0 87 -87 0
2928 1464 0 88 -88 0
2928 1464 0 89 -89 0
2928 1464 0 90 -90 0
2928 1464 0 91 -91 0
2928 1464 0 92 -92 0
2928 1464 0 93 -93 0
2928 1464 0 94 -94 0
2928 1464 0 95 -95 0
2928 1464 0 96 -96 0
2928 1464 0 97 -97 0
2928 1464 0 98 -98 0
2928 1464 0 99 -99 0
2928 1464 0 100 -100 0
2928 1464 0 101 -101 0
2928 1464 0 102 -102 0
2928 1464 0 103 -103 0
2928 1464 0 104 -104 0
2928 1464 0 105 -105 0
2928 1464 0 106 -106 0
2928 1464 0 107 -107 0
2928 1464 0 108 -108 0
2928 1464 0 109 -109 0
2928 1464 0 110 -110 0
2928 1464 0 111 -111 0
2928 1464 0 112 -112 0
2928 1464 0 113 -113 0
2928 1464 0 114 -114 0
2928 1464 0 115 -115 0
2928 1464 0 116 -116 0
2928 1464 0 117 -117 0
2928 1464 0 118 -118 0
2928 1464 0 119 -119 0
2928 1464 0 120 -120 0
2928 1464 0 121 -121 0
2928 1464 0 122 -122 0
2928 1464 0 123 -123 0
2928 1464 0 124 -124 0
2928 1464 0 125 -125 0
2928 1464 0 126 -126 0
2928 1464 0 127 -127 0
2928 1464 0 128 -128 0
2928 1464 0 129 -129 0
2928 1464 0 130 -130 0
2928 1464 0 131 -131 0
2928 1464 0 132 -132 0
2928 1464 0 133 -133 0
2928 1464 0 134 -134 0
2928 1464 0 135 -135 0
2928 1464 0 136 -136 0
2928 1464 0 137 -137 0
2928 1464 0 138 -138 0
2928 1464 0 139 -139 0
2928 1464 0 140 -140 0
2928 1464 0 141 -141 0
2928 1464 0 142 -142 0
2928 1464 0 143 -143 0
2928 1464 0 144 -144 0
2928 1464 0 145 -145 0
2928 1464 0 146 -146 0
2928 1464 0 147 -147 0
2928 1464 0 148 -148 0
2928 1464 0 149 -149 0
2928 1464 0 150 -150 0
2930 1465 0 -150 150 0
2930 1465 0 -149 149 0
2930 1465 0 -148 148 0
2930 1465 0 -147 147 0
2930 1465 0 -146 146 0
2930 1465 0 -145 145 0
2930 1465 0 -144 144 0
2930 1465 0 -143 143 0
2930 1465 0 -142 142 0
2930 1465 0 -141 141 0
2930 1465 0 -140 140 0
2930 1465 0 -139 139 0
2930 1465 0 -138 138 0
2930 1465 0 -137 137 0
2930 1465 0 -136 136 0
2930 1465 0 -135 135 0
2930 1465 0 -134 134 0
2930 1465 0 -133 133 0
2930 1465 0 -132 132 0
2930 1465 0 -131 131 0
2930 1465 0 -130 130 0
2930 1465 0 -129 129 0
2930 1465 0 -128 128 0
2930 1465 0 -127 127 0
2930 1465 0 -126 126 0
2930 1465 0 -125 125 0
2930 1465 0 -124 124 0
2930 1465 0 -123 123 0
2930 1465 0 -122 122 0
2930 1465 0 -121 121 0
2930 1465 0 -120 120 0
2930 1465 0 -119 119 0
2930 1465 0 -118 118 0
2930 1465 0 -117 117 0
2930 1465 0 -116 116 0
2930 1465 0 -115 115 0
2930 1465 0 -114 114 0
2930 1465 0 -113 113 0
2930 1465 0 -112 112 0
2930 1465 0 -111 111 0
2930 1465 0 -110 110 0
2930 1465 0 -109 109 0
2930 1465 0 -108 108 0
2930 1465 0 -107 107 0
2930 1465 0 -106 106 0
2930 1465 0 -105 105 0
2930 1465 0 -104 104 0
2930 1465 0 -103 103 0
2930 1465 0 -102 102 0
2930 1465 0 -101 101 0
2930 1465 0 -100 100 0
2930 1465 0 -99 99 0
2930 1465 0 -98 98 0
2930 1465 0 -97 97 0
2930 1465 0 -96 96 0
2930 1465 0 -95 95 0
2930 1465 0 -94 94 0
2930 1465 0 -93 93 0
2930 1465 0 -92 92 0
2930 1465 0 -91 91 0
2930 1465 0 -90 90 0
2930 1465 0 -89 89 0
2930 1465 0 -88 88 0
2930 1465 0 -87 87 0
2930 1465 0 -86 86 0
2930 1465 0 -85 85 0
2930 1465 0 -84 84 0
2930 1465 0 -83 83 0
2930 1465 0 -82 82 0
2930 1465 0 -81 81 0
2930 1465 0 -80 80 0
2930 1465 0 -79 79 0
2930 1465 0 -78 78 0
2930 1465 0 -77 77 0
2930 1465 0 -76 76 0
2930 1465 0 -75 75 0
2930 1465 0 -74 74 0
2930 1465 0 -73 73 0
2930 1465 0 -72 72 0
2930 1465 0 -71 71 0
2930 1465 0 -70 70 0
2930 1465 0 -69 69 0
2930 1465 0 -68 68 0
2930 1465 0 -67 67 0
2930 1465 0 -66 66 0
2930 1465 0 -65 65 0
2930 1465 0 -64 64 0
2930 1465 0 -63 63 0
2930 1465 0 -62 62 0
2930 1465 0 -61 61 0
2930 1465 0 -60 60 0
2930 1465 0 -59 59 0
2930 1465 0 -58 58 0
2930 1465 0 -57 57 0
2930 1465 0 -56 56 0
2930 1465 0 -55 55 0
2930 1465 0 -54 54 0
2930 1465 0 -53 53 0
2930 1465 0 -52 52 0
2930 1465 0 -51 51 0
2930 1465 0 -50 50 0
2930 1465 0 -49 49 0
2930 1465 0 -48 48 0
2930 1465 0 -47 47 0
2930 1465 0 -46 46 0
2930 1465 0 -45 45 0
2930 1465 0 -44 44 0
2930 1465 0 -43 43 0
2930 1465 0 -42 42 0
2930 1465 0 -41 41 0
2930 1465 0 -40 40 0
2930 1465 0 -39 39 0
2930 1465 0 -38 38 0
2930 1465 0 -37 37 0
2930 1465 0 -36 36 0
2930 1465 0 -35 35 0
2930 1465 0 -34 34 0
2930 1465 0 -33 33 0
2930 1465 0 -32 32 0
2930 1465 0 -31 31 0
2930 1465 0 -30 30 0
2930 1465 0 -29 29 0
2930 1465 0 -28 28 0
2930 1465 0 -27 27 0
2930 1465 0 -26 26 0
2930 1465 0 -25 25 0
2930 1465 0 -24 24 0
2930 1465 0 -23 23 0
2930 1465 0 -22 22 0
2930 1465 0 -21 21 0
2930 1465 0 -20 20 0
2930 1465 0 -19 19 0
2930 1465 0 -18 18 0
2930 1465 0 -17 17 0
2930 1465 0 -16 16 0
2930 1465 0 -15 15 0
2930 1465 0 -14 14 0
2930 1465 0 -13 13 0
2930 1465 0 -12 12 0
2930 1465 0 -11 11 0
2930 1465 0 -10 10 0
2930 1465 0 -9 9 0
2930 1465 0 -8 8 0
2930 1465 0 -7 7 0
2930 1465 0 -6 6 0
2930 1465 0 -5 5 0
2930 1465 0 -4 4 0
2930 1465 0 -3 3 0
2930 1465 0 -2 2 0
2930 1465 0 -1 1 0
2930 1465 0 1 -1 0
2930 1465 0 2 -2 0
2930 1465 0 3 -3 0
2930 1465 0 4 -4 0
2930 1465 0 5 -5 0
2930 1465 0 6 -6 0
2930 1465 0 7 -7 0
2930 1465 0 8 -8 0
2930 1465 0 9 -9 0
2930 1465 0 10 -10 0
2930 1465 0 11 -11 0
2930 1465 0 12 -12 0
2930 1465 0 13 -13 0
2930 1465 0 14 -14 0
2930 1465 0 15 -15 0
2930 1465 0 16 -16 0
2930 1465 0 17 -17 0
2930 1465 0 18 -18 0
2930 1465 0 19 -19 0
2930 1465 0 20 -20 0
2930 1465 0 21 -21 0
2930 1465 0 22 -22 0
2930 1465 0 23 -23 0
2930 1465 0 24 -24 0
2930 1465 0 25 -25 0
2930 1465 0 26 -26 0
2930 1465 0 27 -27 0
2930 1465 0 28 -28 0
2930 1465 0 29 -29 0
2930 1465 0 30 -30 0
2930 1465 0 31 -31 0
2930 1465 0 32 -32 0
2930 1465 0 33 -33 0
2930 1465 0 34 -34 0
2930 1465 0 35 -35 0
2930 1465 0 36 -36 0
2930 1465 0 37 -37 0
2930 1465 0 38 -38 0
2930 1465 0 39 -39 0
2930 1465 0 40 -40 0
2930 1465 0 41 -41 0
2930 1465 0 42 -42 0
2930 1465 0 43 -43 0
2930 1465 0 44 -44 0
2930 1465 0 45 -45 0
2930 1465 0 46 -46 0
2930 1465 0 47 -47 0
2930 1465 0 48 -48 0
2930 1465 0 49 -49 0
2930 1465 0 50 -50 0
2930 1465 0 51 -51 0
2930 1465 0 52 -52 0
2930 1465 0 53 -53 0
2930 1465 0 54 -54 0
2930 1465 0 55 -55 0
2930 1465 0 56 -56 0
2930 1465 0 57 -57 0
2930 1465 0 58 -58 0
2930 1465 0 59 -59 0
2930 1465 0 60 -60 0
2930 1465 0 61 -61 0
2930 1465 0 62 -62 0
2930 1465 0 63 -63 0
2930 1465 0 64 -64 0
2930 1465 0 65 -65 0
2930 1465 0 66 -66 0
2930 1465 0 67 -67 0
2930 1465 0 68 -68 0
2930 1465 0 69 -69 0
2930 1465 0 70 -70 0
2930 1465 0 71 -71 0
2930 1465 0 72 -72 0
2930 1465 0 73 -73 0
2930 1465 0 74 -74 0
2930 1465 0 75 -75 0
2930 1465 0 76 -76 0
2930 1465 0 77 -77 0
2930 1465 0 78 -78 0
2930 1465 0 79 -79 0
2930 1465 0 80 -80 0
2930 1465 0 81 -81 0
2930 1465 0 82 -82 0
2930 1465 0 83 -83 0
2930 1465 0 84 -84 0
2930 1465 0 85 -85 0
2930 1465 0 86 -86 0
2930 1465 0 87 -87 0
2930 1465 0 88 -88 0
2930 1465 0 89 -89 0
2930 1465 0 90 -90 0
2930 1465 0 91 -91 0
2930 1465 0 92 -92 0
2930 1465 0 93 -93 0
2930 1465 0 94 -94 0
2930 1465 0 95 -95 0
2930 1465 0 96 -96 0
2930 1465 0 97 -97 0
2930 1465 0 98 -98 0
2930 1465 0 99 -99 0
2930 1465 0 100 -100 0
2930 1465 0 101 -101 0
2930 1465 0 102 -102 0
2930 1465 0 103 -103 0
2930 1465 0 104 -104 0
2930 1465 0 105 -105 0
2930 1465 0 106 -106 0
2930 1465 0 107 -107 0
2930 1465 0 108 -108 0
2930 1465 0 109 -109 0
2930 1465 0 110 -110 0
2930 1465 0 111 -111 0
2930 1465 0 112 -112 0
2930 1465 0 113 -113 0
2930 1465 0 114 -114 0
2930 1465 0 115 -115 0
2930 1465 0 116 -116 0
2930 1465 0 117 -117 0
2930 1465 0 118 -118 0
2930 1465 0 119 -119 0
2930 1465 0 120 -120 0
2930 1465 0 121 -121 0
2930 1465 0 122 -122 0
2930 1465 0 123 -123 0
2930 1465 0 124 -124 0
2930 1465 0 125 -125 0
2930 1465 0 126 -126 0
2930 1465 0 127 -127 0
2930 1465 0 128 -128 0
2930 1465 0 129 -129 0
2930 1465 0 130 -130 0
2930 1465 0 131 -131 0
2930 1465 0 132 -132 0
2930 1465 0 133 -133 0
2930 1465 0 134 -134 0
2930 1465 0 135 -135 0
2930 1465 0 136 -136 0
2930 1465 0 137 -137 0
2930 1465 0 138 -138 0
2930 1465 0 139 -139 0
2930 1465 0 140 -140 0
2930 1465 0 141 -141 0
2930 1465 0 142 -142 0
2930 1465 0 143 -143 0
2930 1465 0 144 -144 0
2930 1465 0 145 -145 0
2930 1465 0 146 -146 0
2930 1465 0 147 -147 0
2930 1465 0 148 -148 0
2930 1465 0 149 -149 0
2930 1465 0 150 -150 0
2932 1466 0 -150 150 0
2932 1466 0 -149 149 0
2932 1466 0 -148 148 0
2932 1466 0 -147 147 0
2932 1466 0 -146 146 0
2932 1466 0 -145 145 0
2932 1466 0 -144 144 0
2932 1466 0 -143 143 0
2932 1466 0 -142 142 0
2932 1466 0 -141 141 0
2932 1466 0 -140 140 0
2932 1466 0 -139 139 0
2932 1466 0 -138 138 0
2932 1466 0 -137 137 0
2932 1466 0 -136 136 0
2932 1466 0 -135 135 0
2932 1466 0 -134 134 0
2932 1466 0 -133 133 0
2932 1466 0 -132 132 0
2932 1466 0 -131 131 0
2932 1466 0 -130 130 0
2932 1466 0 -129 129 0
2932 1466 0 -128 128 0
2932 1466 0 -127 127 0
2932 1466 0 -126 126 0
2932 1466 0 -125 125 0
2932 1466 0 -124 124 0
2932 1466 0 -123 123 0
2932 1466 0 -122 122 0
2932 1466 0 -121 121 0
2932 1466 0 -120 120 0
2932 1466 0 -119 119 0
2932 1466 0 -118 118 0
2932 1466 0 -117 117 0
2932 1466 0 -116 116 0
2932 1466 0 -115 115 0
2932 1466 0 -114 114 0
2932 1466 0 -113 113 0
2932 1466 0 -112 112 0
2932 1466 0 -111 111 0
2932 1466 0 -110 110 0
2932 1466 0 -109 109 0
2932 1466 0 -108 108 0
2932 1466 0 -107 107 0
2932 1466 0 -106 106 0
2932 1466 0 -105 105 0
2932 1466 0 -104 104 0
2932 1466 0 -103 103 0
2932 1466 0 -102 102 0
2932 1466 0 -101 101 0
2932 1466 0 -100 100 0
2932 1466 0 -99 99 0
2932 1466 0 -98 98 0
2932 1466 0 -97 97 0
2932 1466 0 -96 96 0
2932 1466 0 -95 95 0
2932 1466 0 -94 94 0
2932 1466 0 -93 93 0
2932 1466 0 -92 92 0
2932 1466 0 -91 91 0
2932 1466 0 -90 90 0
2932 1466 0 -89 89 0
2932 1466 0 -88 88 0
2932 1466 0 -87 87 0
2932 1466 0 -86 86 0
2932 1466 0 -85 85 0
2932 1466 0 -84 84 0
2932 1466 0 -83 83 0
2932 1466 0 -82 82 0
2932 1466 0 -81 81 0
2932 1466 0 -80 80 0
2932 1466 0 -79 79 0
2932 1466 0 -78 78 0
2932 1466 0 -77 77 0
2932 1466 0 -76 76 0
2932 1466 0 -75 75 0
2932 1466 0 -74 74 0
2932 1466 0 -73 73 0
2932 1466 0 -72 72 0
2932 1466 0 -71 71 0
2932 1466 0 -70 70 0
2932 1466 0 -69 69 0
2932 1466 0 -68 68 0
2932 1466 0 -67 67 0
2932 1466 0 -66 66 0
2932 1466 0 -65 65 0
2932 1466 0 -64 64 0
2932 1466 0 -63 63 0
2932 1466 0 -62 62 0
2932 1466 0 -61 61 0
2932 1466 0 -60 60 0
2932 1466 0 -59 59 0
2932 1466 0 -58 58 0
2932 1466 0 -57 57 0
2932 1466 0 -56 56 0
2932 1466 0 -55 55 0
2932 1466 0 -54 54 0
2932 1466 0 -53 53 0
2932 1466 0 -52 52 0
2932 1466 0 -51 51 0
2932 1466 0 -50 50 0
2932 1466 0 -49 49 0
2932 1466 0 -48 48 0
2932 1466 0 -47 47 0
2932 1466 0 -46 46 0
2932 1466 0 -45 45 0
2932 1466 0 -44 44 0
2932 1466 0 -43 43 0
2932 1466 0 -42 42 0
2932 1466 0 -41 41 0
2932 1466 0 -40 40 0
2932 1466 0 -39 39 0
2932 1466 0 -38 38 0
2932 1466 0 -37 37 0
2932 1466 0 -36 36 0
2932 1466 0 -35 35 0
2932 1466 0 -34 34 0
2932 1466 0 -33 33 0
2932 1466 0 -32 32 0
2932 1466 0 -31 31 0
2932 1466 0 -30 30 0
2932 1466 0 -29 29 0
2932 1466 0 -28 28 0
2932 1466 0 -27 27 0
2932 1466 0 -26 26 0
2932 1466 0 -25 25 0
2932 1466 0 -24 24 0
2932 1466 0 -23 23 0
2932 1466 0 -22 22 0
2932 1466 0 -21 21 0
2932 1466 0 -20 20 0
2932 1466 0 -19 19 0
2932 1466 0 -18 18 0
2932 1466 0 -17 17 0
2932 1466 0 -16 16 0
2932 1466 0 -15 15 0
2932 1466 0 -14 14 0
2932 1466 0 -13 13 0
2932 1466 0 -12 12 0
2932 1466 0 -11 11 0
2932 1466 0 -10 10 0
2932 1466 0 -9 9 0
2932 1466 0 -8 8 0
2932 1466 0 -7 7 0
2932 1466 0 -6 6 0
2932 1466 0 -5 5 0
2932 1466 0 -4 4 0
2932 1466 0 -3 3 0
2932 1466 0 -2 2 0
2932 1466 0 -1 1 0
2932 1466 0 1 -1 0
2932 1466 0 2 -2 0
2932 1466 0 3 -3 0
2932 1466 0 4 -4 0
2932 1466 0 5 -5 0
2932 1466 0 6 -6 0
2932 1466 0 7 -7 0
2932 1466 0 8 -8 0
2932 1466 0 9 -9 0
2932 1466 0 10 -10 0
2932 1466 0 11 -11 0
2932 1466 0 12 -12 0
2932 1466 0 13 -13 0
2932 1466 0 14 -14 0
2932 1466 0 15 -15 0
2932 1466 0 16 -16 0
2932 1466 0 17 -17 0
2932 1466 0 18 -18 0
2932 1466 0 19 -19 0
2932 1466 0 20 -20 0
2932 1466 0 21 -21 0
2932 1466 0 22 -22 0
2932 1466 0 23 -23 0
2932 1466 0 24 -24 0
2932 1466 0 25 -25 0
2932 1466 0 26 -26 0
2932 1466 0 27 -27 0
2932 1466 0 28 -28 0
2932 1466 0 29 -29 0
2932 1466 0 30 -30 0
2932 1466 0 31 -31 0
2932 1466 0 32 -32 0
2932 1466 0 33 -33 0
2932 1466 0 34 -34 0
2932 1466 0 35 -35 0
2932 1466 0 36 -36 0
2932 1466 0 37 -37 0
2932 1466 0 38 -38 0
2932 1466 0 39 -39 0
2932 1466 0 40 -40 0
2932 1466 0 41 -41 0
2932 1466 0 42 -42 0
2932 1466 0 43 -43 0
2932 1466 0 44 -44 0
2932 1466 0 45 -45 0
2932 1466 0 46 -46 0
2932 1466 0 47 -47 0
2932 1466 0 48 -48 0
2932 1466 0 49 -49 0
2932 1466 0 50 -50 0
2932 1466 0 51 -51 0
2932 1466 0 52 -52 0
2932 1466 0 53 -53 0
2932 1466 0 54 -54 0
2932 1466 0 55 -55 0
2932 1466 0 56 -56 0
2932 1466 0 57 -57 0
2932 1466 0 58 -58 0
2932 1466 0 59 -59 0
2932 1466 0 60 -60 0
2932 1466 0 61 -61 0
2932 1466 0 62 -62 0
2932 1466 0 63 -63 0
2932 1466 0 64 -64 0
2932 1466 0 65 -65 0
2932 1466 0 66 -66 0
2932 1466 0 67 -67 0
2932 1466 0 68 -68 0
2932 1466 0 69 -69 0
2932 1466 0 70 -70 0
2932 1466 0 71 -71 0
2932 1466 0 72 -72 0
2932 1466 0 73 -73 0
2932 1466 0 74 -74 0
2932 1466 0 75 -75 0
2932 1466 0 76 -76 0
2932 1466 0 77 -77 0
2932 1466 0 78 -78 0
2932 1466 0 79 -79 0
2932 1466 0 80 -80 0
2932 1466 0 81 -81 0
2932 1466 0 82 -82 0
2932 1466 0 83 -83 0
2932 1466 0 84 -84 0
2932 1466 0 85 -85 0
2932 1466 0 86 -86 0
2932 1466 0 87 -87 0
2932 1466 0 88 -88 0
2932 1466 0 89 -89 0
2932 1466 0 90 -90 0
2932 1466 0 91 -91 0
2932 1466 0 92 -92 0
2932 1466 0 93 -93 0
2932 1466 0 94 -94 0
2932 1466 0 95 -95 0
2932 1466 0 96 -96 0
2932 1466 0 97 -97 0
2932 1466 0 98 -98 0
2932 1466 0 99 -99 0
2932 1466 0 100 -100 0
2932 1466 0 101 -101 0
2932 1466 0 102 -102 0
2932 1466 0 103 -103 0
2932 1466 0 104 -104 0
2932 1466 0 105 -105 0
2932 1466 0 106 -106 0
2932 1466 0 107 -107 0
2932 1466 0 108 -108 0
2932 1466 0 109 -109 0
2932 1466 0 110 -110 0
2932 1466 0 111 -111 0
2932 1466 0 112 -112 0
2932 1466 0 113 -113 0
2932 1466 0 114 -114 0
2932 1466 0 115 -115 0
2932 1466 0 116 -116 0
2932 1466 0 117 -117 0
2932 1466 0 118 -118 0
2932 1466 0 119 -119 0
2932 1466 0 120 -120 0
2932 1466 0 121 -121 0
2932 1466 0 122 -122 0
2932 1466 0 123 -123 0
2932 1466 0 124 -124 0
2932 1466 0 125 -125 0
2932 1466 0 126 -126 0
2932 1466 0 127 -127 0
2932 1466 0 128 -128 0
2932 1466 0 129 -129 0
2932 1466 0 130 -130 0
2932 1466 0 131 -131 0
2932 1466 0 132 -132 0
2932 1466 0 133 -133 0
2932 1466 0 134 -134 0
2932 1466 0 135 -135 0
2932 1466 0 136 -136 0
2932 1466 0 137 -137 0
2932 1466 0 138 -138 0
2932 1466 0 139 -139 0
2932 1466 0 140 -140 0
2932 1466 0 141 -141 0
2932 1466 0 142 -142 0
2932 1466 0 143 -143 0
2932 1466 0 144 -144 0
2932 1466 0 145 -145 0
2932 1466 0 146 -146 0
2932 1466 0 147 -147 0
2932 1466 0 148 -148 0
2932 1466 0 149 -149 0
2932 1466 0 150 -150 0
2934 1467 0 -150 150 0
2934 1467 0 -149 149 0
2934 1467 0 -148 148 0
2934 1467 0 -147 147 0
2934 1467 0 -146 146 0
2934 1467 0 -145 145 0
2934 1467 0 -144 144 0
2934 1467 0 -143 143 0
2934 1467 0 -142 142 0
2934 1467 0 -141 141 0
2934 1467 0 -140 140 0
2934 1467 0 -139 139 0
2934 1467 0 -138 138 0
2934 1467 0 -137 137 0
2934 1467 0 -136 136 0
2934 1467 0 -135 135 0
2934 1467 0 -134 134 0
2934 1467 0 -133 133 0
2934 1467 0 -132 132 0
2934 1467 0 -131 131 0
2934 1467 0 -130 130 0
2934 1467 0 -129 129 0
2934 1467 0 -128 128 0
2934 1467 0 -127 127 0
2934 1467 0 -126 126 0
2934 1467 0 -125 125 0
2934 1467 0 -124 124 0
2934 1467 0 -123 123 0
2934 1467 0 -122 122 0
2934 1467 0 -121 121 0
2934 1467 0 -120 120 0
2934 1467 0 -119 119 0
2934 1467 0 -118 118 0
2934 1467 0 -117 117 0
2934 1467 0 -116 116 0
2934 1467 0 -115 115 0
2934 1467 0 -114 114 0
2934 1467 0 -113 113 0
2934 1467 0 -112 112 0
2934 1467 0 -111 111 0
2934 1467 0 -110 110 0
2934 1467 0 -109 109 0
2934 1467 0 -108 108 0
2934 1467 0 -107 107 0
2934 1467 0 -106 106 0
2934 1467 0 -105 105 0
2934 1467 0 -104 104 0
2934 1467 0 -103 103 0
2934 1467 0 -102 102 0
2934 1467 0 -101 101 0
2934 1467 0 -100 100 0
2934 1467 0 -99 99 0
2934 1467 0 -98 98 0
2934 1467 0 -97 97 0
2934 1467 0 -96 96 0
2934 1467 0 -95 95 0
2934 1467 0 -94 94 0
2934 1467 0 -93 93 0
2934 1467 0 -92 92 0
2934 1467 0 -91 91 0
2934 1467 0 -90 90 0
2934 1467 0 -89 89 0
2934 1467 0 -88 88 0
2934 1467 0 -87 87 0
2934 1467 0 -86 86 0
2934 1467 0 -85 85 0
2934 1467 0 -84 84 0
2934 1467 0 -83 83 0
2934 1467 0 -82 82 0
2934 1467 0 -81 81 0
2934 1467 0 -80 80 0
2934 1467 0 -79 79 0
2934 1467 0 -78 78 0
2934 1467 0 -77 77 0
2934 1467 0 -76 76 0
2934 1467 0 -75 75 0
2934 1467 0 -74 74 0
2934 1467 0 -73 73 0
2934 1467 0 -72 72 0
2934 1467 0 -71 71 0
2934 1467 0 -70 70 0
2934 1467 0 -69 69 0
2934 1467 0 -68 68 0
2934 1467 0 -67 67 0
2934 1467 0 -66 66 0
2934 1467 0 -65 65 0
2934 1467 0 -64 64 0
2934 1467 0 -63 63 0
2934 1467 0 -62 62 0
2934 1467 0 -61 61 0
2934 1467 0 -60 60 0
2934 1467 0 -59 59 0
2934 1467 0 -58 58 0
2934 1467 0 -57 57 0
2934 1467 0 -56 56 0
2934 1467 0 -55 55 0
2934 1467 0 -54 54 0
2934 1467 0 -53 53 0
2934 1467 0 -52 52 0
2934 1467 0 -51 51 0
2934 1467 0 -50 50 0
2934 1467 0 -49 49 0
2934 1467 0 -48 48 0
2934 1467 0 -47 47 0
2934 1467 0 -46 46 0
2934 1467 0 -45 45 0
2934 1467 0 -44 44 0
2934 1467 0 -43 43 0
2934 1467 0 -42 42 0
2934 1467 0 -41 41 0
2934 1467 0 -40 40 0
2934 1467 0 -39 39 0
2934 1467 0 -38 38 0
2934 1467 0 -37 37 0
2934 1467 0 -36 36 0
2934 1467 0 -35 35 0
2934 1467 0 -34 34 0
2934 1467 0 -33 33 0
2934 1467 0 -32 32 0
2934 1467 0 -31 31 0
2934 1467 0 -30 30 0
2934 1467 0 -29 29 0
2934 1467 0 -28 28 0
2934 1467 0 -27 27 0
2934 1467 0 -26 26 0
2934 1467 0 -25 25 0
2934 1467 0 -24 24 0
2934 1467 0 -23 23 0
2934 1467 0 -22 22 0
2934 1467 0 -21 21 0
2934 1467 0 -20 20 0
2934 1467 0 -19 19 0
2934 1467 0 -18 18 0
2934 1467 0 -17 17 0
2934 1467 0 -16 16 0
2934 1467 0 -15 15 0
2934 1467 0 -14 14 0
2934 1467 0 -13 13 0
2934 1467 0 -12 12 0
2934 1467 0 -11 11 0
2934 1467 0 -10 10 0
2934 1467 0 -9 9 0
2934 1467 0 -8 8 0
2934 1467 0 -7 7 0
2934 1467 0 -6 6 0
2934 1467 0 -5 5 0
2934 1467 0 -4 4 0
2934 1467 0 -3 3 0
2934 1467 0 -2 2 0
2934 1467 0 -1 1 0
2934 1467 0 1 -1 0
2934 1467 0 2 -2 0
2934 1467 0 3 -3 0
2934 1467 0 4 -4 0
2934 1467 0 5 -5 0
2934 1467 0 6 -6 0
2934 1467 0 7 -7 0
2934 1467 0 8 -8 0
2934 1467 0 9 -9 0
2934 1467 0 10 -10 0
2934 1467 0 11 -11 0
2934 1467 0 12 -12 0
2934 1467 0 13 -13 0
2934 1467 0 14 -14 0
2934 1467 0 15 -15 0
2934 1467 0 16 -16 0
2934 1467 0 17 -17 0
2934 1467 0 18 -18 0
2934 1467 0 19 -19 0
2934 1467 0 20 -20 0
2934 1467 0 21 -21 0
2934 1467 0 22 -22 0
2934 1467 0 23 -23 0
2934 1467 0 24 -24 0
2934 1467 0 25 -25 0
2934 1467 0 26 -26 0
2934 1467 0 27 -27 0
2934 1467 0 28 -28 0
2934 1467 0 29 -29 0
2934 1467 0 30 -30 0
2934 1467 0 31 -31 0
2934 1467 0 32 -32 0
2934 1467 0 33 -33 0
2934 1467 0 34 -34 0
2934 1467 0 35 -35 0
2934 1467 0 36 -36 0
2934 1467 0 37 -37 0
2934 1467 0 38 -38 0
2934 1467 0 39 -39 0
2934 1467 0 40 -40 0
2934 1467 0 41 -41 0
2934 1467 0 42 -42 0
2934 1467 0 43 -43 0
2934 1467 0 44 -44 0
2934 1467 0 45 -45 0
2934 1467 0 46 -46 0
2934 1467 0 47 -47 0
2934 1467 0 48 -48 0
2934 1467 0 49 -49 0
2934 1467 0 50 -50 0
2934 1467 0 51 -51 0
2934 1467 0 52 -52 0
2934 1467 0 53 -53 0
2934 1467 0 54 -54 0
2934 1467 0 55 -55 0
2934 1467 0 56 -56 0
2934 1467 0 57 -57 0
2934 1467 0 58 -58 0
2934 1467 0 59 -59 0
2934 1467 0 60 -60 0
2934 1467 0 61 -61 0
2934 1467 0 62 -62 0
2934 1467 0 63 -63 0
2934 1467 0 64 -64 0
2934 1467 0 65 -65 0
2934 1467 0 66 -66 0
2934 1467 0 67 -67 0
2934 1467 0 68 -68 0
2934 1467 0 69 -69 0
2934 1467 0 70 -70 0
2934 1467 0 71 -71 0
2934 1467 0 72 -72 0
2934 1467 0 73 -73 0
2934 1467 0 74 -74 0
2934 1467 0 75 -75 0
2934 1467 0 76 -76 0
2934 1467 0 77 -77 0
2934 1467 0 78 -78 0
2934 1467 0 79 -79 0
2934 1467 0 80 -80 0
2934 1467 0 81 -81 0
2934 1467 0 82 -82 0
2934 1467 0 83 -83 0
2934 1467 0 84 -84 0
2934 1467 0 85 -85 0
2934 1467 0 86 -86 0
2934 1467 0 87 -87 0
2934 1467 0 88 -88 0
2934 1467 0 89 -89 0
2934 1467 0 90 -90 0
2934 1467 0 91 -91 0
2934 1467 0 92 -92 0
2934 1467 0 93 -93 0
2934 1467 0 94 -94 0
2934 1467 0 95 -95 0
2934 1467 0 96 -96 0
2934 1467 0 97 -97 0
2934 1467 0 98 -98 0
2934 1467 0 99 -99 0
2934 1467 0 100 -100 0
2934 1467 0 101 -101 0
2934 1467 0 102 -102 0
2934 1467 0 103 -103 0
2934 1467 0 104 -104 0
2934 1467 0 105 -105 0
2934 1467 0 106 -106 0
2934 1467 0 107 -107 0
2934 1467 0 108 -108 0
2934 1467 0 109 -109 0
2934 1467 0 110 -110 0
2934 1467 0 111 -111 0
2934 1467 0 112 -112 0
2934 1467 0 113 -113 0
2934 1467 0 114 -114 0
2934 1467 0 115 -115 0
2934 1467 0 116 -116 0
2934 1467 0 117 -117 0
2934 1467 0 118 -118 0
2934 1467 0 119 -119 0
2934 1467 0 120 -120 0
2934 1467 0 121 -121 0
2934 1467 0 122 -122 0
2934 1467 0 123 -123 0
2934 1467 0 124 -124 0
2934 1467 0 125 -125 0
2934 1467 0 126 -126 0
2934 1467 0 127 -127 0
2934 1467 0 128 -128 0
2934 1467 0 129 -129 0
2934 1467 0 130 -130 0
2934 1467 0 131 -131 0
2934 1467 0 132 -132 0
2934 1467 0 133 -133 0
2934 1467 0 134 -134 0
2934 1467 0 135 -135 0
2934 1467 0 136 -136 0
2934 1467 0 137 -137 0
2934 1467 0 138 -138 0
2934 1467 0 139 -139 0
2934 1467 0 140 -140 0
2934 1467 0 141 -141 0
2934 1467 0 142 -142 0
2934 1467 0 143 -143 0
2934 1467 0 144 -144 0
2934 1467 0 145 -145 0
2934 1467 0 146 -146 0
2934 1467 0 147 -147 0
2934 1467 0 148 -148 0
2934 1467 0 149 -149 0
2934 1467 0 150 -150 0
2936 1468 0 -150 150 0
2936 1468 0 -149 149 0
2936 1468 0 -148 148 0
2936 1468 0 -147 147 0
2936 1468 0 -146 146 0
2936 1468 0 -145 145 0
2936 1468 0 -144 144 0
2936 1468 0 -143 143 0
2936 1468 0 -142 142 0
2936 1468 0 -141 141 0
2936 1468 0 -140 140 0
2936 1468 0 -139 139 0
2936 1468 0 -138 138 0
2936 1468 0 -137 137 0
2936 1468 0 -136 136 0
2936 1468 0 -135 135 0
2936 1468 0 -134 134 0
2936 1468 0 -133 133 0
2936 1468 0 -132 132 0
2936 1468 0 -131 131 0
2936 1468 0 -130 130 0
2936 1468 0 -129 129 0
2936 1468 0 -128 128 0
2936 1468 0 -127 127 0
2936 1468 0 -126 126 0
2936 1468 0 -125 125 0
2936 1468 0 -124 124 0
2936 1468 0 -123 123 0
2936 1468 0 -122 122 0
2936 1468 0 -121 121 0
2936 1468 0 -120 120 0
2936 1468 0 -119 119 0
2936 1468 0 -118 118 0
2936 1468 0 -117 117 0
2936 1468 0 -116 116 0
2936 1468 0 -115 115 0
2936 1468 0 -114 114 0
2936 1468 0 -113 113 0
2936 1468 0 -112 112 0
2936 1468 0 -111 111 0
2936 1468 0 -110 110 0
2936 1468 0 -109 109 0
2936 1468 0 -108 108 0
2936 1468 0 -107 107 0
2936 1468 0 -106 106 0
2936 1468 0 -105 105 0
2936 1468 0 -104 104 0
2936 1468 0 -103 103 0
2936 1468 0 -102 102 0
2936 1468 0 -101 101 0
2936 1468 0 -100 100 0
2936 1468 0 -99 99 0
2936 1468 0 -98 98 0
2936 1468 0 -97 97 0
2936 1468 0 -96 96 0
2936 1468 0 -95 95 0
2936 1468 0 -94 94 0
2936 1468 0 -93 93 0
2936 1468 0 -92 92 0
2936 1468 0 -91 91 0
2936 1468 0 -90 90 0
2936 1468 0 -89 89 0
2936 1468 0 -88 88 0
2936 1468 0 -87 87 0
2936 1468 0 -86 86 0
2936 1468 0 -85 85 0
2936 1468 0 -84 84 0
2936 1468 0 -83 83 0
2936 1468 0 -82 82 0
2936 1468 0 -81 81 0
2936 1468 0 -80 80 0
2936 1468 0 -79 79 0
2936 1468 0 -78 78 0
2936 1468 0 -77 77 0
2936 1468 0 -76 76 0
2936 1468 0 -75 75 0
2936 1468 0 -74 74 0
2936 1468 0 -73 73 0
2936 1468 0 -72 72 0
2936 1468 0 -71 71 0
2936 1468 0 -70 70 0
2936 1468 0 -69 69 0
2936 1468 0 -68 68 0
2936 1468 0 -67 67 0
2936 1468 0 -66 66 0
2936 1468 0 -65 65 0
2936 1468 0 -64 64 0
2936 1468 0 -63 63 0
2936 1468 0 -62 62 0
2936 1468 0 -61 61 0
2936 1468 0 -60 60 0
2936 1468 0 -59 59 0
2936 1468 0 -58 58 0
2936 1468 0 -57 57 0
2936 1468 0 -56 56 0
2936 1468 0 -55 55 0
2936 1468 0 -54 54 0
2936 1468 0 -53 53 0
2936 1468 0 -52 52 0
2936 1468 0 -51 51 0
2936 1468 0 -50 50 0
2936 1468 0 -49 49 0
2936 1468 0 -48 48 0
2936 1468 0 -47 47 0
2936 1468 0 -46 46 0
2936 1468 0 -45 45 0
2936 1468 0 -44 44 0
2936 1468 0 -43 43 0
2936 1468 0 -42 42 0
2936 1468 0 -41 41 0
2936 1468 0 -40 40 0
2936 1468 0 -39 39 0
2936 1468 0 -38 38 0
2936 1468 0 -37 37 0
2936 1468 0 -36 36 0
2936 1468 0 -35 35 0
2936 1468 0 -34 34 0
2936 1468 0 -33 33 0
2936 1468 0 -32 32 0
2936 1468 0 -31 31 0
2936 1468 0 -30 30 0
2936 1468 0 -29 29 0
2936 1468 0 -28 28 0
2936 1468 0 -27 27 0
2936 1468 0 -26 26 0
2936 1468 0 -25 25 0
2936 1468 0 -24 24 0
2936 1468 0 -23 23 0
2936 1468 0 -22 22 0
2936 1468 0 -21 21 0
2936 1468 0 -20 20 0
2936 1468 0 -19 19 0
2936 1468 0 -18 18 0
2936 1468 0 -17 17 0
2936 1468 0 -16 16 0
2936 1468 0 -15 15 0
2936 1468 0 -14 14 0
2936 1468 0 -13 13 0
2936 1468 0 -12 12 0
2936 1468 0 -11 11 0
2936 1468 0 -10 10 0
2936 1468 0 -9 9 0
2936 1468 0 -8 8 0
2936 1468 0 -7 7 0
2936 1468 0 -6 6 0
2936 1468 0 -5 5 0
2936 1468 0 -4 4 0
2936 1468 0 -3 3 0
2936 1468 0 -2 2 0
2936 1468 0 -1 1 0
2936 1468 0 1 -1 0
2936 1468 0 2 -2 0
2936 1468 0 3 -3 0
2936 1468 0 4 -4 0
2936 1468 0 5 -5 0
2936 1468 0 6 -6 0
2936 1468 0 7 -7 0
2936 1468 0 8 -8 0
2936 1468 0 9 -9 0
2936 1468 0 10 -10 0
2936 1468 0 11 -11 0
2936 1468 0 12 -12 0
2936 1468 0 13 -13 0
2936 1468 0 14 -14 0
2936 1468 0 15 -15 0
2936 1468 0 16 -16 0
2936 1468 0 17 -17 0
2936 1468 0 18 -18 0
2936 1468 0 19 -19 0
2936 1468 0 20 -20 0
2936 1468 0 21 -21 0
2936 1468 0 22 -22 0
2936 1468 0 23 -23 0
2936 1468 0 24 -24 0
2936 1468 0 25 -25 0
2936 1468 0 26 -26 0
2936 1468 0 27 -27 0
2936 1468 0 28 -28 0
2936 1468 0 29 -29 0
2936 1468 0 30 -30 0
2936 1468 0 31 -31 0
2936 1468 0 32 -32 0
2936 1468 0 33 -33 0
2936 1468 0 34 -34 0
2936 1468 0 35 -35 0
2936 1468 0 36 -36 0
2936 1468 0 37 -37 0
2936 1468 0 38 -38 0
2936 1468 0 39 -39 0
2936 1468 0 40 -40 0
2936 1468 0 41 -41 0
2936 1468 0 42 -42 0
2936 1468 0 43 -43 0
2936 1468 0 44 -44 0
2936 1468 0 45 -45 0
2936 1468 0 46 -46 0
2936 1468 0 47 -47 0
2936 1468 0 48 -48 0
2936 1468 0 49 -49 0
2936 1468 0 50 -50 0
2936 1468 0 51 -51 0
2936 1468 0 52 -52 0
2936 1468 0 53 -53 0
2936 1468 0 54 -54 0
2936 1468 0 55 -55 0
2936 1468 0 56 -56 0
2936 1468 0 57 -57 0
2936 1468 0 58 -58 0
2936 1468 0 59 -59 0
2936 1468 0 60 -60 0
2936 1468 0 61 -61 0
2936 1468 0 62 -62 0
2936 1468 0 63 -63 0
2936 1468 0 64 -64 0
2936 1468 0 65 -65 0
2936 1468 0 66 -66 0
2936 1468 0 67 -67 0
2936 1468 0 68 -68 0
2936 1468 0 69 -69 0
2936 1468 0 70 -70 0
2936 1468 0 71 -71 0
2936 1468 0 72 -72 0
2936 1468 0 73 -73 0
2936 1468 0 74 -74 0
2936 1468 0 75 -75 0
2936 1468 0 76 -76 0
2936 1468 0 77 -77 0
2936 1468 0 78 -78 0
2936 1468 0 79 -79 0
2936 1468 0 80 -80 0
2936 1468 0 81 -81 0
2936 1468 0 82 -82 0
2936 1468 0 83 -83 0
2936 1468 0 84 -84 0
2936 1468 0 85 -85 0
2936 1468 0 86 -86 0
2936 1468 0 87 -87 0
2936 1468 0 88 -88 0
2936 1468 0 89 -89 0
2936 1468 0 90 -90 0
2936 1468 0 91 -91 0
2936 1468 0 92 -92 0
2936 1468 0 93 -93 0
2936 1468 0 94 -94 0
2936 1468 0 95 -95 0
2936 1468 0 96 -96 0
2936 1468 0 97 -97 0
2936 1468 0 98 -98 0
2936 1468 0 99 -99 0
2936 1468 0 100 -100 0
2936 1468 0 101 -101 0
2936 1468 0 102 -102 0
2936 1468 0 103 -103 0
2936 1468 0 104 -104 0
2936 1468 0 105 -105 0
2936 1468 0 106 -106 0
2936 1468 0 107 -107 0
2936 1468 0 108 -108 0
2936 1468 0 109 -109 0
2936 1468 0 110 -110 0
2936 1468 0 111 -111 0
2936 1468 0 112 -112 0
2936 1468 0 113 -113 0
2936 1468 0 114 -114 0
2936 1468 0 115 -115 0
2936 1468 0 116 -116 0
2936 1468 0 117 -117 0
2936 1468 0 118 -118 0
2936 1468 0 119 -119 0
2936 1468 0 120 -120 0
2936 1468 0 121 -121 0
2936 1468 0 122 -122 0
2936 1468 0 123 -123 0
2936 1468 0 124 -124 0
2936 1468 0 125 -125 0
2936 1468 0 126 -126 0
2936 1468 0 127 -127 0
2936 1468 0 128 -128 0
2936 1468 0 129 -129 0
2936 1468 0 130 -130 0
2936 1468 0 131 -131 0
2936 1468 0 132 -132 0
2936 1468 0 133 -133 0
2936 1468 0 134 -134 0
2936 1468 0 135 -135 0
2936 1468 0 136 -136 0
2936 1468 0 137 -137 0
2936 1468 0 138 -138 0
2936 1468 0 139 -139 0
2936 1468 0 140 -140 0
2936 1468 0 141 -141 0
2936 1468 0 142 -142 0
2936 1468 0 143 -143 0
2936 1468 0 144 -144 0
2936 1468 0 145 -145 0
2936 1468 0 146 -146 0
2936 1468 0 147 -147 0
2936 1468 0 148 -148 0
2936 1468 0 149 -149 0
2936 1468 0 150 -150 0
2938 1469 0 -150 150 0
2938 1469 0 -149 149 0
2938 1469 0 -148 148 0
2938 1469 0 -147 147 0
2938 1469 0 -146 146 0
2938 1469 0 -145 145 0
2938 1469 0 -144 144 0
2938 1469 0 -143 143 0
2938 1469 0 -142 142 0
2938 1469 0 -141 141 0
2938 1469 0 -140 140 0
2938 1469 0 -139 139 0
2938 1469 0 -138 138 0
2938 1469 0 -137 137 0
2938 1469 0 -136 136 0
2938 1469 0 -135 135 0
2938 1469 0 -134 134 0
2938 1469 0 -133 133 0
2938 1469 0 -132 132 0
2938 1469 0 -131 131 0
2938 1469 0 -130 130 0
2938 1469 0 -129 129 0
2938 1469 0 -128 128 0
2938 1469 0 -127 127 0
2938 1469 0 -126 126 0
2938 1469 0 -125 125 0
2938 1469 0 -124 124 0
2938 1469 0 -123 123 0
2938 1469 0 -122 122 0
2938 1469 0 -121 121 0
2938 1469 0 -120 120 0
2938 1469 0 -119 119 0
2938 1469 0 -118 118 0
2938 1469 0 -117 117 0
2938 1469 0 -116 116 0
2938 1469 0 -115 115 0
2938 1469 0 -114 114 0
2938 1469 0 -113 113 0
2938 1469 0 -112 112 0
2938 1469 0 -111 111 0
2938 1469 0 -110 110 0
2938 1469 0 -109 109 0
2938 1469 0 -108 108 0
2938 1469 0 -107 107 0
2938 1469 0 -106 106 0
2938 1469 0 -105 105 0
2938 1469 0 -104 104 0
2938 1469 0 -103 103 0
2938 1469 0 -102 102 0
2938 1469 0 -101 101 0
2938 1469 0 -100 100 0
2938 1469 0 -99 99 0
2938 1469 0 -98 98 0
2938 1469 0 -97 97 0
2938 1469 0 -96 96 0
2938 1469 0 -95 95 0
2938 1469 0 -94 94 0
2938 1469 0 -93 93 0
2938 1469 0 -92 92 0
2938 1469 0 -91 91 0
2938 1469 0 -90 90 0
2938 1469 0 -89 89 0
2938 1469 0 -88 88 0
2938 1469 0 -87 87 0
2938 1469 0 -86 86 0
2938 1469 0 -85 85 0
2938 1469 0 -84 84 0
2938 1469 0 -83 83 0
2938 1469 0 -82 82 0
2938 1469 0 -81 81 0
2938 1469 0 -80 80 0
2938 1469 0 -79 79 0
2938 1469 0 -78 78 0
2938 1469 0 -77 77 0
2938 1469 0 -76 76 0
2938 1469 0 -75 75 0
2938 1469 0 -74 74 0
2938 1469 0 -73 73 0
2938 1469 0 -72 72 0
2938 1469 0 -71 71 0
2938 1469 0 -70 70 0
2938 1469 0 -69 69 0
2938 1469 0 -68 68 0
2938 1469 0 -67 67 0
2938 1469 0 -66 66 0
2938 1469 0 -65 65 0
2938 1469 0 -64 64 0
2938 1469 0 -63 63 0
2938 1469 0 -62 62 0
2938 1469 0 -61 61 0
2938 1469 0 -60 60 0
2938 1469 0 -59 59 0
2938 1469 0 -58 58 0
2938 1469 0 -57 57 0
2938 1469 0 -56 56 0
2938 1469 0 -55 55 0
2938 1469 0 -54 54 0
2938 1469 0 -53 53 0
2938 1469 0 -52 52 0
2938 1469 0 -51 51 0
2938 1469 0 -50 50 0
2938 1469 0 -49 49 0
2938 1469 0 -48 48 0
2938 1469 0 -47 47 0
2938 1469 0 -46 46 0
2938 1469 0 -45 45 0
2938 1469 0 -44 44 0
2938 1469 0 -43 43 0
2938 1469 0 -42 42 0
2938 1469 0 -41 41 0
2938 1469 0 -40 40 0
2938 1469 0 -39 39 0
2938 1469 0 -38 38 0
2938 1469 0 -37 37 0
2938 1469 0 -36 36 0
2938 1469 0 -35 35 0
2938 1469 0 -34 34 0
2938 1469 0 -33 33 0
2938 1469 0 -32 32 0
2938 1469 0 -31 31 0
2938 1469 0 -30 30 0
2938 1469 0 -29 29 0
2938 1469 0 -28 28 0
2938 1469 0 -27 27 0
2938 1469 0 -26 26 0
2938 1469 0 -25 25 0
2938 1469 0 -24 24 0
2938 1469 0 -23 23 0
2938 1469 0 -22 22 0
2938 1469 0 -21 21 0
2938 1469 0 -20 20 0
2938 1469 0 -19 19 0
2938 1469 0 -18 18 0
2938 1469 0 -17 17 0
2938 1469 0 -16 16 0
2938 1469 0 -15 15 0
2938 1469 0 -14 14 0
2938 1469 0 -13 13 0
2938 1469 0 -12 12 0
2938 1469 0 -11 11 0
2938 1469 0 -10 10 0
2938 1469 0 -9 9 0
2938 1469 0 -8 8 0
2938 1469 0 -7 7 0
2938 1469 0 -6 6 0
2938 1469 0 -5 5 0
2938 1469 0 -4 4 0
2938 1469 0 -3 3 0
2938 1469 0 -2 2 0
2938 1469 0 -1 1 0
2938 1469 0 1 -1 0
2938 1469 0 2 -2 0
2938 1469 0 3 -3 0
2938 1469 0 4 -4 0
2938 1469 0 5 -5 0
2938 1469 0 6 -6 0
2938 1469 0 7 -7 0
2938 1469 0 8 -8 0
2938 1469 0 9 -9 0
2938 1469 0 10 -10 0
2938 1469 0 11 -11 0
2938 1469 0 12 -12 0
2938 1469 0 13 -13 0
2938 1469 0 14 -14 0
2938 1469 0 15 -15 0
2938 1469 0 16 -16 0
2938 1469 0 17 -17 0
2938 1469 0 18 -18 0
2938 1469 0 19 -19 0
2938 1469 0 20 -20 0
2938 1469 0 21 -21 0
2938 1469 0 22 -22 0
2938 1469 0 23 -23 0
2938 1469 0 24 -24 0
2938 1469 0 25 -25 0
2938 1469 0 26 -26 0
2938 1469 0 27 -27 0
2938 1469 0 28 -28 0
2938 1469 0 29 -29 0
2938 1469 0 30 -30 0
2938 1469 0 31 -31 0
2938 1469 0 32 -32 0
2938 1469 0 33 -33 0
2938 1469 0 34 -34 0
2938 1469 0 35 -35 0
2938 1469 0 36 -36 0
2938 1469 0 37 -37 0
2938 1469 0 38 -38 0
2938 1469 0 39 -39 0
2938 1469 0 40 -40 0
2938 1469 0 41 -41 0
2938 1469 0 42 -42 0
2938 1469 0 43 -43 0
2938 1469 0 44 -44 0
2938 1469 0 45 -45 0
2938 1469 0 46 -46 0
2938 1469 0 47 -47 0
2938 1469 0 48 -48 0
2938 1469 0 49 -49 0
2938 1469 0 50 -50 0
2938 1469 0 51 -51 0
2938 1469 0 52 -52 0
2938 1469 0 53 -53 0
2938 1469 0 54 -54 0
2938 1469 0 55 -55 0
2938 1469 0 56 -56 0
2938 1469 0 57 -57 0
2938 1469 0 58 -58 0
2938 1469 0 59 -59 0
2938 1469 0 60 -60 0
2938 1469 0 61 -61 0
2938 1469 0 62 -62 0
2938 1469 0 63 -63 0
2938 1469 0 64 -64 0
2938 1469 0 65 -65 0
2938 1469 0 66 -66 0
2938 1469 0 67 -67 0
2938 1469 0 68 -68 0
2938 1469 0 69 -69 0
2938 1469 0 70 -70 0
2938 1469 0 71 -71 0
2938 1469 0 72 -72 0
2938 1469 0 73 -73 0
2938 1469 0 74 -74 0
2938 1469 0 75 -75 0
2938 1469 0 76 -76 0
2938 1469 0 77 -77 0
2938 1469 0 78 -78 0
2938 1469 0 79 -79 0
2938 1469 0 80 -80 0
2938 1469 0 81 -81 0
2938 1469 0 82 -82 0
2938 1469 0 83 -83 0
2938 1469 0 84 -84 0
2938 1469 0 85 -85 0
2938 1469 0 86 -86 0
2938 1469 0 87 -87 0
2938 1469 0 88 -88 0
2938 1469 0 89 -89 0
2938 1469 0 90 -90 0
2938 1469 0 91 -91 0
2938 1469 0 92 -92 0
2938 1469 0 93 -93 0
2938 1469 0 94 -94 0
2938 1469 0 95 -95 0
2938 1469 0 96 -96 0
2938 1469 0 97 -97 0
2938 1469 0 98 -98 0
2938 1469 0 99 -99 0
2938 1469 0 100 -100 0
2938 1469 0 101 -101 0
2938 1469 0 102 -102 0
2938 1469 0 103 -103 0
2938 1469 0 104 -104 0
2938 1469 0 105 -105 0
2938 1469 0 106 -106 0
2938 1469 0 107 -107 0
2938 1469 0 108 -108 0
2938 1469 0 109 -109 0
2938 1469 0 110 -110 0
2938 1469 0 111 -111 0
2938 1469 0 112 -112 0
2938 1469 0 113 -113 0
2938 1469 0 114 -114 0
2938 1469 0 115 -115 0
2938 1469 0 116 -116 0
2938 1469 0 117 -117 0
2938 1469 0 118 -118 0
2938 1469 0 119 -119 0
2938 1469 0 120 -120 0
2938 1469 0 121 -121 0
2938 1469 0 122 -122 0
2938 1469 0 123 -123 0
2938 1469 0 124 -124 0
2938 1469 0 125 -125 0
2938 1469 0 126 -126 0
2938 1469 0 127 -127 0
2938 1469 0 128 -128 0
2938 1469 0 129 -129 0
2938 1469 0 130 -130 0
2938 1469 0 131 -131 0
2938 1469 0 132 -132 0
2938 1469 0 133 -133 0
2938 1469 0 134 -134 0
2938 1469 0 135 -135 0
2938 1469 0 136 -136 0
2938 1469 0 137 -137 0
2938 1469 0 138 -138 0
2938 1469 0 139 -139 0
2938 1469 0 140 -140 0
2938 1469 0 141 -141 0
2938 1469 0 142 -142 0
2938 1469 0 143 -143 0
2938 1469 0 144 -144 0
2938 1469 0 145 -145 0
2938 1469 0 146 -146 0
2938 1469 0 147 -147 0
2938 1469 0 148 -148 0
2938 1469 0 149 -149 0
2938 1469 0 150 -150 0
2940 1470 0 -150 150 0
2940 1470 0 -149 149 0
2940 1470 0 -148 148 0
2940 1470 0 -147 147 0
2940 1470 0 -146 146 0
2940 1470 0 -145 145 0
2940 1470 0 -144 144 0
2940 1470 0 -143 143 0
2940 1470 0 -142 142 0
2940 1470 0 -141 141 0
2940 1470 0 -140 140 0
2940 1470 0 -139 139 0
2940 1470 0 -138 138 0
2940 1470 0 -137 137 0
2940 1470 0 -136 136 0
2940 1470 0 -135 135 0
2940 1470 0 -134 134 0
2940 1470 0 -133 133 0
2940 1470 0 -132 132 0
2940 1470 0 -131 131 0
2940 1470 0 -130 130 0
2940 1470 0 -129 129 0
2940 1470 0 -128 128 0
2940 1470 0 -127 127 0
2940 1470 0 -126 126 0
2940 1470 0 -125 125 0
2940 1470 0 -124 124 0
2940 1470 0 -123 123 0
2940 1470 0 -122 122 0
2940 1470 0 -121 121 0
2940 1470 0 -120 120 0
2940 1470 0 -119 119 0
2940 1470 0 -118 118 0
2940 1470 0 -117 117 0
2940 1470 0 -116 116 0
2940 1470 0 -115 115 0
2940 1470 0 -114 114 0
2940 1470 0 -113 113 0
2940 1470 0 -112 112 0
2940 1470 0 -111 111 0
2940 1470 0 -110 110 0
2940 1470 0 -109 109 0
2940 1470 0 -108 108 0
2940 1470 0 -107 107 0
2940 1470 0 -106 106 0
2940 1470 0 -105 105 0
2940 1470 0 -104 104 0
2940 1470 0 -103 103 0
2940 1470 0 -102 102 0
2940 1470 0 -101 101 0
2940 1470 0 -100 100 0
2940 1470 0 -99 99 0
2940 1470 0 -98 98 0
2940 1470 0 -97 97 0
2940 1470 0 -96 96 0
2940 1470 0 -95 95 0
2940 1470 0 -94 94 0
2940 1470 0 -93 93 0
2940 1470 0 -92 92 0
2940 1470 0 -91 91 0
2940 1470 0 -90 90 0
2940 1470 0 -89 89 0
2940 1470 0 -88 88 0
2940 1470 0 -87 87 0
2940 1470 0 -86 86 0
2940 1470 0 -85 85 0
2940 1470 0 -84 84 0
2940 1470 0 -83 83 0
2940 1470 0 -82 82 0
2940 1470 0 -81 81 0
2940 1470 0 -80 80 0
2940 1470 0 -79 79 0
2940 1470 0 -78 78 0
2940 1470 0 -77 77 0
2940 1470 0 -76 76 0
2940 1470 0 -75 75 0
2940 1470 0 -74 74 0
2940 1470 0 -73 73 0
2940 1470 0 -72 72 0
2940 1470 0 -71 71 0
2940 1470 0 -70 70 0
2940 1470 0 -69 69 0
2940 1470 0 -68 68 0
2940 1470 0 -67 67 0
2940 1470 0 -66 66 0
2940 1470 0 -65 65 0
2940 1470 0 -64 64 0
2940 1470 0 -63 63 0
2940 1470 0 -62 62 0
2940 1470 0 -61 61 0
2940 1470 0 -60 60 0
2940 1470 0 -59 59 0
2940 1470 0 -58 58 0
2940 1470 0 -57 57 0
2940 1470 0 -56 56 0
2940 1470 0 -55 55 0
2940 1470 0 -54 54 0
2940 1470 0 -53 53 0
2940 1470 0 -52 52 0
2940 1470 0 -51 51 0
2940 1470 0 -50 50 0
2940 1470 0 -49 49 0
2940 1470 0 -48 48 0
2940 1470 0 -47 47 0
2940 1470 0 -46 46 0
2940 1470 0 -45 45 0
2940 1470 0 -44 44 0
2940 1470 0 -43 43 0
2940 1470 0 -42 42 0
2940 1470 0 -41 41 0
2940 1470 0 -40 40 0
2940 1470 0 -39 39 0
2940 1470 0 -38 38 0
2940 1470 0 -37 37 0
2940 1470 0 -36 36 0
2940 1470 0 -35 35 0
2940 1470 0 -34 34 0
2940 1470 0 -33 33 0
2940 1470 0 -32 32 0
2940 1470 0 -31 31 0
2940 1470 0 -30 30 0
2940 1470 0 -29 29 0
2940 1470 0 -28 28 0
2940 1470 0 -27 27 0
2940 1470 0 -26 26 0
2940 1470 0 -25 25 0
2940 1470 0 -24 24 0
2940 1470 0 -23 23 0
2940 1470 0 -22 22 0
2940 1470 0 -21 21 0
2940 1470 0 -20 20 0
2940 1470 0 -19 19 0
2940 1470 0 -18 18 0
2940 1470 0 -17 17 0
2940 1470 0 -16 16 0
2940 1470 0 -15 15 0
2940 1470 0 -14 14 0
2940 1470 0 -13 13 0
2940 1470 0 -12 12 0
2940 1470 0 -11 11 0
2940 1470 0 -10 10 0
2940 1470 0 -9 9 0
2940 1470 0 -8 8 0
2940 1470 0 -7 7 0
2940 1470 0 -6 6 0
2940 1470 0 -5 5 0
2940 1470 0 -4 4 0
2940 1470 0 -3 3 0
2940 1470 0 -2 2 0
2940 1470 0 -1 1 0
2940 1470 0 1 -1 0
2940 1470 0 2 -2 0
2940 1470 0 3 -3 0
2940 1470 0 4 -4 0
2940 1470 0 5 -5 0
2940 1470 0 6 -6 0
2940 1470 0 7 -7 0
2940 1470 0 8 -8 0
2940 1470 0 9 -9 0
2940 1470 0 10 -10 0
2940 1470 0 11 -11 0
2940 1470 0 12 -12 0
2940 1470 0 13 -13 0
2940 1470 0 14 -14 0
2940 1470 0 15 -15 0
2940 1470 0 16 -16 0
2940 1470 0 17 -17 0
2940 1470 0 18 -18 0
2940 1470 0 19 -19 0
2940 1470 0 20 -20 0
2940 1470 0 21 -21 0
2940 1470 0 22 -22 0
2940 1470 0 23 -23 0
2940 1470 0 24 -24 0
2940 1470 0 25 -25 0
2940 1470 0 26 -26 0
2940 1470 0 27 -27 0
2940 1470 0 28 -28 0
2940 1470 0 29 -29 0
2940 1470 0 30 -30 0
2940 1470 0 31 -31 0
2940 1470 0 32 -32 0
2940 1470 0 33 -33 0
2940 1470 0 34 -34 0
2940 1470 0 35 -35 0
2940 1470 0 36 -36 0
2940 1470 0 37 -37 0
2940 1470 0 38 -38 0
2940 1470 0 39 -39 0
2940 1470 0 40 -40 0
2940 1470 0 41 -41 0
2940 1470 0 42 -42 0
2940 1470 0 43 -43 0
2940 1470 0 44 -44 0
2940 1470 0 45 -45 0
2940 1470 0 46 -46 0
2940 1470 0 47 -47 0
2940 1470 0 48 -48 0
2940 1470 0 49 -49 0
2940 1470 0 50 -50 0
2940 1470 0 51 -51 0
2940 1470 0 52 -52 0
2940 1470 0 53 -53 0
2940 1470 0 54 -54 0
2940 1470 0 55 -55 0
2940 1470 0 56 -56 0
2940 1470 0 57 -57 0
2940 1470 0 58 -58 0
2940 1470 0 59 -59 0
2940 1470 0 60 -60 0
2940 1470 0 61 -61 0
2940 1470 0 62 -62 0
2940 1470 0 63 -63 0
2940 1470 0 64 -64 0
2940 1470 0 65 -65 0
2940 1470 0 66 -66 0
2940 1470 0 67 -67 0
2940 1470 0 68 -68 0
2940 1470 0 69 -69 0
2940 1470 0 70 -70 0
2940 1470 0 71 -71 0
2940 1470 0 72 -72 0
2940 1470 0 73 -73 0
2940 1470 0 74 -74 0
2940 1470 0 75 -75 0
2940 1470 0 76 -76 0
2940 1470 0 77 -77 0
2940 1470 0 78 -78 0
2940 1470 0 79 -79 0
2940 1470 0 80 -80 0
2940 1470 0 81 -81 0
2940 1470 0 82 -82 0
2940 1470 0 83 -83 0
2940 1470 0 84 -84 0
2940 1470 0 85 -85 0
2940 1470 0 86 -86 0
2940 1470 0 87 -87 0
2940 1470 0 88 -88 0
2940 1470 0 89 -89 0
2940 1470 0 90 -90 0
2940 1470 0 91 -91 0
2940 1470 0 92 -92 0
2940 1470 0 93 -93 0
2940 1470 0 94 -94 0
2940 1470 0 95 -95 0
2940 1470 0 96 -96 0
2940 1470 0 97 -97 0
2940 1470 0 98 -98 0
2940 1470 0 99 -99 0
2940 1470 0 100 -100 0
2940 1470 0 101 -101 0
2940 1470 0 102 -102 0
2940 1470 0 103 -103 0
2940 1470 0 104 -104 0
2940 1470 0 105 -105 0
2940 1470 0 106 -106 0
2940 1470 0 107 -107 0
2940 1470 0 108 -108 0
2940 1470 0 109 -109 0
2940 1470 0 110 -110 0
2940 1470 0 111 -111 0
2940 1470 0 112 -112 0
2940 1470 0 113 -113 0
2940 1470 0 114 -114 0
2940 1470 0 115 -115 0
2940 1470 0 116 -116 0
2940 1470 0 117 -117 0
2940 1470 0 118 -118 0
2940 1470 0 119 -119 0
2940 1470 0 120 -120 0
2940 1470 0 121 -121 0
2940 1470 0 122 -122 0
2940 1470 0 123 -123 0
2940 1470 0 124 -124 0
2940 1470 0 125 -125 0
2940 1470 0 126 -126 0
2940 1470 0 127 -127 0
2940 1470 0 128 -128 0
2940 1470 0 129 -129 0
2940 1470 0 130 -130 0
2940 1470 0 131 -131 0
2940 1470 0 132 -132 0
2940 1470 0 133 -133 0
2940 1470 0 134 -134 0
2940 1470 0 135 -135 0
2940 1470 0 136 -136 0
2940 1470 0 137 -137 0
2940 1470 0 138 -138 0
2940 1470 0 139 -139 0
2940 1470 0 140 -140 0
2940 1470 0 141 -141 0
2940 1470 0 142 -142 0
2940 1470 0 143 -143 0
2940 1470 0 144 -144 0
2940 1470 0 145 -145 0
2940 1470 0 146 -146 0
2940 1470 0 147 -147 0
2940 1470 0 148 -148 0
2940 1470 0 149 -149 0
2940 1470 0 150 -150 0
2942 1471 0 -150 150 0
2942 1471 0 -149 149 0
2942 1471 0 -148 148 0
2942 1471 0 -147 147 0
2942 1471 0 -146 146 0
2942 1471 0 -145 145 0
2942 1471 0 -144 144 0
2942 1471 0 -143 143 0
2942 1471 0 -142 142 0
2942 1471 0 -141 141 0
2942 1471 0 -140 140 0
2942 1471 0 -139 139 0
2942 1471 0 -138 138 0
2942 1471 0 -137 137 0
2942 1471 0 -136 136 0
2942 1471 0 -135 135 0
2942 1471 0 -134 134 0
2942 1471 0 -133 133 0
2942 1471 0 -132 132 0
2942 1471 0 -131 131 0
2942 1471 0 -130 130 0
2942 1471 0 -129 129 0
2942 1471 0 -128 128 0
2942 1471 0 -127 127 0
2942 1471 0 -126 126 0
2942 1471 0 -125 125 0
2942 1471 0 -124 124 0
2942 1471 0 -123 123 0
2942 1471 0 -122 122 0
2942 1471 0 -121 121 0
2942 1471 0 -120 120 0
2942 1471 0 -119 119 0
2942 1471 0 -118 118 0
2942 1471 0 -117 117 0
2942 1471 0 -116 116 0
2942 1471 0 -115 115 0
2942 1471 0 -114 114 0
2942 1471 0 -113 113 0
2942 1471 0 -112 112 0
2942 1471 0 -111 111 0
2942 1471 0 -110 110 0
2942 1471 0 -109 109 0
2942 1471 0 -108 108 0
2942 1471 0 -107 107 0
2942 1471 0 -106 106 0
2942 1471 0 -105 105 0
2942 1471 0 -104 104 0
2942 1471 0 -103 103 0
2942 1471 0 -102 102 0
2942 1471 0 -101 101 0
2942 1471 0 -100 100 0
2942 1471 0 -99 99 0
2942 1471 0 -98 98 0
2942 1471 0 -97 97 0
2942 1471 0 -96 96 0
2942 1471 0 -95 95 0
2942 1471 0 -94 94 0
2942 1471 0 -93 93 0
2942 1471 0 -92 92 0
2942 1471 0 -91 91 0
2942 1471 0 -90 90 0
2942 1471 0 -89 89 0
2942 1471 0 -88 88 0
2942 1471 0 -87 87 0
2942 1471 0 -86 86 0
2942 1471 0 -85 85 0
2942 1471 0 -84 84 0
2942 1471 0 -83 83 0
2942 1471 0 -82 82 0
2942 1471 0 -81 81 0
2942 1471 0 -80 80 0
2942 1471 0 -79 79 0
2942 1471 0 -78 78 0
2942 1471 0 -77 77 0
2942 1471 0 -76 76 0
2942 1471 0 -75 75 0
2942 1471 0 -74 74 0
2942 1471 0 -73 73 0
2942 1471 0 -72 72 0
2942 1471 0 -71 71 0
2942 1471 0 -70 70 0
2942 1471 0 -69 69 0
2942 1471 0 -68 68 0
2942 1471 0 -67 67 0
2942 1471 0 -66 66 0
2942 1471 0 -65 65 0
2942 1471 0 -64 64 0
2942 1471 0 -63 63 0
2942 1471 0 -62 62 0
2942 1471 0 -61 61 0
2942 1471 0 -60 60 0
2942 1471 0 -59 59 0
2942 1471 0 -58 58 0
2942 1471 0 -57 57 0
2942 1471 0 -56 56 0
2942 1471 0 -55 55 0
2942 1471 0 -54 54 0
2942 1471 0 -53 53 0
2942 1471 0 -52 52 0
2942 1471 0 -51 51 0
2942 1471 0 -50 50 0
2942 1471 0 -49 49 0
2942 1471 0 -48 48 0
2942 1471 0 -47 47 0
2942 1471 0 -46 46 0
2942 1471 0 -45 45 0
2942 1471 0 -44 44 0
2942 1471 0 -43 43 0
2942 1471 0 -42 42 0
2942 1471 0 -41 41 0
2942 1471 0 -40 40 0
2942 1471 0 -39 39 0
2942 1471 0 -38 38 0
2942 1471 0 -37 37 0
2942 1471 0 -36 36 0
2942 1471 0 -35 35 0
2942 1471 0 -34 34 0
2942 1471 0 -33 33 0
2942 1471 0 -32 32 0
2942 1471 0 -31 31 0
2942 1471 0 -30 30 0
2942 1471 0 -29 29 0
2942 1471 0 -28 28 0
2942 1471 0 -27 27 0
2942 1471 0 -26 26 0
2942 1471 0 -25 25 0
2942 1471 0 -24 24 0
2942 1471 0 -23 23 0
2942 1471 0 -22 22 0
2942 1471 0 -21 21 0
2942 1471 0 -20 20 0
2942 1471 0 -19 19 0
2942 1471 0 -18 18 0
2942 1471 0 -17 17 0
2942 1471 0 -16 16 0
2942 1471 0 -15 15 0
2942 1471 0 -14 14 0
2942 1471 0 -13 13 0
2942 1471 0 -12 12 0
2942 1471 0 -11 11 0
2942 1471 0 -10 10 0
2942 1471 0 -9 9 0
2942 1471 0 -8 8 0
2942 1471 0 -7 7 0
2942 1471 0 -6 6 0
2942 1471 0 -5 5 0
2942 1471 0 -4 4 0
2942 1471 0 -3 3 0
2942 1471 0 -2 2 0
2942 1471 0 -1 1 0
2942 1471 0 1 -1 0
2942 1471 0 2 -2 0
2942 1471 0 3 -3 0
2942 1471 0 4 -4 0
2942 1471 0 5 -5 0
2942 1471 0 6 -6 0
2942 1471 0 7 -7 0
2942 1471 0 8 -8 0
2942 1471 0 9 -9 0
2942 1471 0 10 -10 0
2942 1471 0 11 -11 0
2942 1471 0 12 -12 0
2942 1471 0 13 -13 0
2942 1471 0 14 -14 0
2942 1471 0 15 -15 0
2942 1471 0 16 -16 0
2942 1471 0 17 -17 0
2942 1471 0 18 -18 0
2942 1471 0 19 -19 0
2942 1471 0 20 -20 0
2942 1471 0 21 -21 0
2942 1471 0 22 -22 0
2942 1471 0 23 -23 0
2942 1471 0 24 -24 0
2942 1471 0 25 -25 0
2942 1471 0 26 -26 0
2942 1471 0 27 -27 0
2942 1471 0 28 -28 0
2942 1471 0 29 -29 0
2942 1471 0 30 -30 0
2942 1471 0 31 -31 0
2942 1471 0 32 -32 0
2942 1471 0 33 -33 0
2942 1471 0 34 -34 0
2942 1471 0 35 -35 0
2942 1471 0 36 -36 0
2942 1471 0 37 -37 0
2942 1471 0 38 -38 0
2942 1471 0 39 -39 0
2942 1471 0 40 -40 0
2942 1471 0 41 -41 0
2942 1471 0 42 -42 0
2942 1471 0 43 -43 0
2942 1471 0 44 -44 0
2942 1471 0 45 -45 0
2942 1471 0 46 -46 0
2942 1471 0 47 -47 0
2942 1471 0 48 -48 0
2942 1471 0 49 -49 0
2942 1471 0 50 -50 0
2942 1471 0 51 -51 0
2942 1471 0 52 -52 0
2942 1471 0 53 -53 0
2942 1471 0 54 -54 0
2942 1471 0 55 -55 0
2942 1471 0 56 -56 0
2942 1471 0 57 -57 0
2942 1471 0 58 -58 0
2942 1471 0 59 -59 0
2942 1471 0 60 -60 0
2942 1471 0 61 -61 0
2942 1471 0 62 -62 0
2942 1471 0 63 -63 0
2942 1471 0 64 -64 0
2942 1471 0 65 -65 0
2942 1471 0 66 -66 0
2942 1471 0 67 -67 0
2942 1471 0 68 -68 0
2942 1471 0 69 -69 0
2942 1471 0 70 -70 0
2942 1471 0 71 -71 0
2942 1471 0 72 -72 0
2942 1471 0 73 -73 0
2942 1471 0 74 -74 0
2942 1471 0 75 -75 0
2942 1471 0 76 -76 0
2942 1471 0 77 -77 0
2942 1471 0 78 -78 0
2942 1471 0 79 -79 0
2942 1471 0 80 -80 0
2942 1471 0 81 -81 0
2942 1471 0 82 -82 0
2942 1471 0 83 -83 0
2942 1471 0 84 -84 0
2942 1471 0 85 -85 0
2942 1471 0 86 -86 0
2942 1471 0 87 -87 0
2942 1471 0 88 -88 0
2942 1471 0 89 -89 0
2942 1471 0 90 -90 0
2942 1471 0 91 -91 0
2942 1471 0 92 -92 0
2942 1471 0 93 -93 0
2942 1471 0 94 -94 0
2942 1471 0 95 -95 0
2942 1471 0 96 -96 0
2942 1471 0 97 -97 0
2942 1471 0 98 -98 0
2942 1471 0 99 -99 0
2942 1471 0 100 -100 0
2942 1471 0 101 -101 0
2942 1471 0 102 -102 0
2942 1471 0 103 -103 0
2942 1471 0 104 -104 0
2942 1471 0 105 -105 0
2942 1471 0 106 -106 0
2942 1471 0 107 -107 0
2942 1471 0 108 -108 0
2942 1471 0 109 -109 0
2942 1471 0 110 -110 0
2942 1471 0 111 -111 0
2942 1471 0 112 -112 0
2942 1471 0 113 -113 0
2942 1471 0 114 -114 0
2942 1471 0 115 -115 0
2942 1471 0 116 -116 0
2942 1471 0 117 -117 0
2942 1471 0 118 -118 0
2942 1471 0 119 -119 0
2942 1471 0 120 -120 0
2942 1471 0 121 -121 0
2942 1471 0 122 -122 0
2942 1471 0 123 -123 0
2942 1471 0 124 -124 0
2942 1471 0 125 -125 0
2942 1471 0 126 -126 0
2942 1471 0 127 -127 0
2942 1471 0 128 -128 0
2942 1471 0 129 -129 0
2942 1471 0 130 -130 0
2942 1471 0 131 -131 0
2942 1471 0 132 -132 0
2942 1471 0 133 -133 0
2942 1471 0 134 -134 0
2942 1471 0 135 -135 0
2942 1471 0 136 -136 0
2942 1471 0 137 -137 0
2942 1471 0 138 -138 0
2942 1471 0 139 -139 0
2942 1471 0 140 -140 0
2942 1471 0 141 -141 0
2942 1471 0 142 -142 0
2942 1471 0 143 -143 0
2942 1471 0 144 -144 0
2942 1471 0 145 -145 0
2942 1471 0 146 -146 0
2942 1471 0 147 -147 0
2942 1471 0 148 -148 0
2942 1471 0 149 -149 0
2942 1471 0 150 -150 0
2944 1472 0 -150 150 0
2944 1472 0 -149 149 0
2944 1472 0 -148 148 0
2944 1472 0 -147 147 0
2944 1472 0 -146 146 0
2944 1472 0 -145 145 0
2944 1472 0 -144 144 0
2944 1472 0 -143 143 0
2944 1472 0 -142 142 0
2944 1472 0 -141 141 0
2944 1472 0 -140 140 0
2944 1472 0 -139 139 0
2944 1472 0 -138 138 0
2944 1472 0 -137 137 0
2944 1472 0 -136 136 0
2944 1472 0 -135 135 0
2944 1472 0 -134 134 0
2944 1472 0 -133 133 0
2944 1472 0 -132 132 0
2944 1472 0 -131 131 0
2944 1472 0 -130 130 0
2944 1472 0 -129 129 0
2944 1472 0 -128 128 0
2944 1472 0 -127 127 0
2944 1472 0 -126 126 0
2944 1472 0 -125 125 0
2944 1472 0 -124 124 0
2944 1472 0 -123 123 0
2944 1472 0 -122 122 0
2944 1472 0 -121 121 0
2944 1472 0 -120 120 0
2944 1472 0 -119 119 0
2944 1472 0 -118 118 0
2944 1472 0 -117 117 0
2944 1472 0 -116 116 0
2944 1472 0 -115 115 0
2944 1472 0 -114 114 0
2944 1472 0 -113 113 0
2944 1472 0 -112 112 0
2944 1472 0 -111 111 0
2944 1472 0 -110 110 0
2944 1472 0 -109 109 0
2944 1472 0 -108 108 0
2944 1472 0 -107 107 0
2944 1472 0 -106 106 0
2944 1472 0 -105 105 0
2944 1472 0 -104 104 0
2944 1472 0 -103 103 0
2944 1472 0 -102 102 0
2944 1472 0 -101 101 0
2944 1472 0 -100 100 0
2944 1472 0 -99 99 0
2944 1472 0 -98 98 0
2944 1472 0 -97 97 0
2944 1472 0 -96 96 0
2944 1472 0 -95 95 0
2944 1472 0 -94 94 0
2944 1472 0 -93 93 0
2944 1472 0 -92 92 0
2944 1472 0 -91 91 0
2944 1472 0 -90 90 0
2944 1472 0 -89 89 0
2944 1472 0 -88 88 0
2944 1472 0 -87 87 0
2944 1472 0 -86 86 0
2944 1472 0 -85 85 0
2944 1472 0 -84 84 0
2944 1472 0 -83 83 0
2944 1472 0 -82 82 0
2944 1472 0 -81 81 0
2944 1472 0 -80 80 0
2944 1472 0 -79 79 0
2944 1472 0 -78 78 0
2944 1472 0 -77 77 0
2944 1472 0 -76 76 0
2944 1472 0 -75 75 0
2944 1472 0 -74 74 0
2944 1472 0 -73 73 0
2944 1472 0 -72 72 0
2944 1472 0 -71 71 0
2944 1472 0 -70 70 0
2944 1472 0 -69 69 0
2944 1472 0 -68 68 0
2944 1472 0 -67 67 0
2944 1472 0 -66 66 0
2944 1472 0 -65 65 0
2944 1472 0 -64 64 0
2944 1472 0 -63 63 0
2944 1472 0 -62 62 0
2944 1472 0 -61 61 0
2944 1472 0 -60 60 0
2944 1472 0 -59 59 0
2944 1472 0 -58 58 0
2944 1472 0 -57 57 0
2944 1472 0 -56 56 0
2944 1472 0 -55 55 0
2944 1472 0 -54 54 0
2944 1472 0 -53 53 0
2944 1472 0 -52 52 0
2944 1472 0 -51 51 0
2944 1472 0 -50 50 0
2944 1472 0 -49 49 0
2944 1472 0 -48 48 0
2944 1472 0 -47 47 0
2944 1472 0 -46 46 0
2944 1472 0 -45 45 0
2944 1472 0 -44 44 0
2944 1472 0 -43 43 0
2944 1472 0 -42 42 0
2944 1472 0 -41 41 0
2944 1472 0 -40 40 0
2944 1472 0 -39 39 0
2944 1472 0 -38 38 0
2944 1472 0 -37 37 0
2944 1472 0 -36 36 0
2944 1472 0 -35 35 0
2944 1472 0 -34 34 0
2944 1472 0 -33 33 0
2944 1472 0 -32 32 0
2944 1472 0 -31 31 0
2944 1472 0 -30 30 0
2944 1472 0 -29 29 0
2944 1472 0 -28 28 0
2944 1472 0 -27 27 0
2944 1472 0 -26 26 0
2944 1472 0 -25 25 0
2944 1472 0 -24 24 0
2944 1472 0 -23 23 0
2944 1472 0 -22 22 0
2944 1472 0 -21 21 0
2944 1472 0 -20 20 0
2944 1472 0 -19 19 0
2944 1472 0 -18 18 0
2944 1472 0 -17 17 0
2944 1472 0 -16 16 0
2944 1472 0 -15 15 0
2944 1472 0 -14 14 0
2944 1472 0 -13 13 0
2944 1472 0 -12 12 0
2944 1472 0 -11 11 0
2944 1472 0 -10 10 0
2944 1472 0 -9 9 0
2944 1472 0 -8 8 0
2944 1472 0 -7 7 0
2944 1472 0 -6 6 0
2944 1472 0 -5 5 0
2944 1472 0 -4 4 0
2944 1472 0 -3 3 0
2944 1472 0 -2 2 0
2944 1472 0 -1 1 0
2944 1472 0 1 -1 0
2944 1472 0 2 -2 0
2944 1472 0 3 -3 0
2944 1472 0 4 -4 0
2944 1472 0 5 -5 0
2944 1472 0 6 -6 0
2944 1472 0 7 -7 0
2944 1472 0 8 -8 0
2944 1472 0 9 -9 0
2944 1472 0 10 -10 0
2944 1472 0 11 -11 0
2944 1472 0 12 -12 0
2944 1472 0 13 -13 0
2944 1472 0 14 -14 0
2944 1472 0 15 -15 0
2944 1472 0 16 -16 0
2944 1472 0 17 -17 0
2944 1472 0 18 -18 0
2944 1472 0 19 -19 0
2944 1472 0 20 -20 0
2944 1472 0 21 -21 0
2944 1472 0 22 -22 0
2944 1472 0 23 -23 0
2944 1472 0 24 -24 0
2944 1472 0 25 -25 0
2944 1472 0 26 -26 0
2944 1472 0 27 -27 0
2944 1472 0 28 -28 0
2944 1472 0 29 -29 0
2944 1472 0 30 -30 0
2944 1472 0 31 -31 0
2944 1472 0 32 -32 0
2944 1472 0 33 -33 0
2944 1472 0 34 -34 0
2944 1472 0 35 -35 0
2944 1472 0 36 -36 0
2944 1472 0 37 -37 0
2944 1472 0 38 -38 0
2944 1472 0 39 -39 0
2944 1472 0 40 -40 0
2944 1472 0 41 -41 0
2944 1472 0 42 -42 0
2944 1472 0 43 -43 0
2944 1472 0 44 -44 0
2944 1472 0 45 -45 0
2944 1472 0 46 -46 0
2944 1472 0 47 -47 0
2944 1472 0 48 -48 0
2944 1472 0 49 -49 0
2944 1472 0 50 -50 0
2944 1472 0 51 -51 0
2944 1472 0 52 -52 0
2944 1472 0 53 -53 0
2944 1472 0 54 -54 0
2944 1472 0 55 -55 0
2944 1472 0 56 -56 0
2944 1472 0 57 -57 0
2944 1472 0 58 -58 0
2944 1472 0 59 -59 0
2944 1472 0 60 -60 0
2944 1472 0 61 -61 0
2944 1472 0 62 -62 0
2944 1472 0 63 -63 0
2944 1472 0 64 -64 0
2944 1472 0 65 -65 0
2944 1472 0 66 -66 0
2944 1472 0 67 -67 0
2944 1472 0 68 -68 0
2944 1472 0 69 -69 0
2944 1472 0 70 -70 0
2944 1472 0 71 -71 0
2944 1472 0 72 -72 0
2944 1472 0 73 -73 0
2944 1472 0 74 -74 0
2944 1472 0 75 -75 0
2944 1472 0 76 -76 0
2944 1472 0 77 -77 0
2944 1472 0 78 -78 0
2944 1472 0 79 -79 0
2944 1472 0 80 -80 0
2944 1472 0 81 -81 0
2944 1472 0 82 -82 0
2944 1472 0 83 -83 0
2944 1472 0 84 -84 0
2944 1472 0 85 -85 0
2944 1472 0 86 -86 0
2944 1472 0 87 -87 0
2944 1472 0 88 -88 0
2944 1472 0 89 -89 0
2944 1472 0 90 -90 0
2944 1472 0 91 -91 0
2944 1472 0 92 -92 0
2944 1472 0 93 -93 0
2944 1472 0 94 -94 0
2944 1472 0 95 -95 0
2944 1472 0 96 -96 0
2944 1472 0 97 -97 0
2944 1472 0 98 -98 0
2944 1472 0 99 -99 0
2944 1472 0 100 -100 0
2944 1472 0 101 -101 0
2944 1472 0 102 -102 0
2944 1472 0 103 -103 0
2944 1472 0 104 -104 0
2944 1472 0 105 -105 0
2944 1472 0 106 -106 0
2944 1472 0 107 -107 0
2944 1472 0 108 -108 0
2944 1472 0 109 -109 0
2944 1472 0 110 -110 0
2944 1472 0 111 -111 0
2944 1472 0 112 -112 0
2944 1472 0 113 -113 0
2944 1472 0 114 -114 0
2944 1472 0 115 -115 0
2944 1472 0 116 -116 0
2944 1472 0 117 -117 0
2944 1472 0 118 -118 0
2944 1472 0 119 -119 0
2944 1472 0 120 -120 0
2944 1472 0 121 -121 0
2944 1472 0 122 -122 0
2944 1472 0 123 -123 0
2944 1472 0 124 -124 0
2944 1472 0 125 -125 0
2944 1472 0 126 -126 0
2944 1472 0 127 -127 0
2944 1472 0 128 -128 0
2944 1472 0 129 -129 0
2944 1472 0 130 -130 0
2944 1472 0 131 -131 0
2944 1472 0 132 -132 0
2944 1472 0 133 -133 0
2944 1472 0 134 -134 0
2944 1472 0 135 -135 0
2944 1472 0 136 -136 0
2944 1472 0 137 -137 0
2944 1472 0 138 -138 0
2944 1472 0 139 -139 0
2944 1472 0 140 -140 0
2944 1472 0 141 -141 0
2944 1472 0 142 -142 0
2944 1472 0 143 -143 0
2944 1472 0 144 -144 0
2944 1472 0 145 -145 0
2944 1472 0 146 -146 0
2944 1472 0 147 -147 0
2944 1472 0 148 -148 0
2944 1472 0 149 -149 0
2944 1472 0 150 -150 0
2946 1473 0 -150 150 0
2946 1473 0 -149 149 0
2946 1473 0 -148 148 0
2946 1473 0 -147 147 0
2946 1473 0 -146 146 0
2946 1473 0 -145 145 0
2946 1473 0 -144 144 0
2946 1473 0 -143 143 0
2946 1473 0 -142 142 0
2946 1473 0 -141 141 0
2946 1473 0 -140 140 0
2946 1473 0 -139 139 0
2946 1473 0 -138 138 0
2946 1473 0 -137 137 0
2946 1473 0 -136 136 0
2946 1473 0 -135 135 0
2946 1473 0 -134 134 0
2946 1473 0 -133 133 0
2946 1473 0 -132 132 0
2946 1473 0 -131 131 0
2946 1473 0 -130 130 0
2946 1473 0 -129 129 0
2946 1473 0 -128 128 0
2946 1473 0 -127 127 0
2946 1473 0 -126 126 0
2946 1473 0 -125 125 0
2946 1473 0 -124 124 0
2946 1473 0 -123 123 0
2946 1473 0 -122 122 0
2946 1473 0 -121 121 0
2946 1473 0 -120 120 0
2946 1473 0 -119 119 0
2946 1473 0 -118 118 0
2946 1473 0 -117 117 0
2946 1473 0 -116 116 0
2946 1473 0 -115 115 0
2946 1473 0 -114 114 0
2946 1473 0 -113 113 0
2946 1473 0 -112 112 0
2946 1473 0 -111 111 0
2946 1473 0 -110 110 0
2946 1473 0 -109 109 0
2946 1473 0 -108 108 0
2946 1473 0 -107 107 0
2946 1473 0 -106 106 0
2946 1473 0 -105 105 0
2946 1473 0 -104 104 0
2946 1473 0 -103 103 0
2946 1473 0 -102 102 0
2946 1473 0 -101 101 0
2946 1473 0 -100 100 0
2946 1473 0 -99 99 0
2946 1473 0 -98 98 0
2946 1473 0 -97 97 0
2946 1473 0 -96 96 0
2946 1473 0 -95 95 0
2946 1473 0 -94 94 0
2946 1473 0 -93 93 0
2946 1473 0 -92 92 0
2946 1473 0 -91 91 0
2946 1473 0 -90 90 0
2946 1473 0 -89 89 0
2946 1473 0 -88 88 0
2946 1473 0 -87 87 0
2946 1473 0 -86 86 0
2946 1473 0 -85 85 0
2946 1473 0 -84 84 0
2946 1473 0 -83 83 0
2946 1473 0 -82 82 0
2946 1473 0 -81 81 0
2946 1473 0 -80 80 0
2946 1473 0 -79 79 0
2946 1473 0 -78 78 0
2946 1473 0 -77 77 0
2946 1473 0 -76 76 0
2946 1473 0 -75 75 0
2946 1473 0 -74 74 0
2946 1473 0 -73 73 0
2946 1473 0 -72 72 0
2946 1473 0 -71 71 0
2946 1473 0 -70 70 0
2946 1473 0 -69 69 0
2946 1473 0 -68 68 0
2946 1473 0 -67 67 0
2946 1473 0 -66 66 0
2946 1473 0 -65 65 0
2946 1473 0 -64 64 0
2946 1473 0 -63 63 0
2946 1473 0 -62 62 0
2946 1473 0 -61 61 0
2946 1473 0 -60 60 0
2946 1473 0 -59 59 0
2946 1473 0 -58 58 0
2946 1473 0 -57 57 0
2946 1473 0 -56 56 0
2946 1473 0 -55 55 0
2946 1473 0 -54 54 0
2946 1473 0 -53 53 0
2946 1473 0 -52 52 0
2946 1473 0 -51 51 0
2946 1473 0 -50 50 0
2946 1473 0 -49 49 0
2946 1473 0 -48 48 0
2946 1473 0 -47 47 0
2946 1473 0 -46 46 0
2946 1473 0 -45 45 0
2946 1473 0 -44 44 0
2946 1473 0 -43 43 0
2946 1473 0 -42 42 0
2946 1473 0 -41 41 0
2946 1473 0 -40 40 0
2946 1473 0 -39 39 0
2946 1473 0 -38 38 0
2946 1473 0 -37 37 0
2946 1473 0 -36 36 0
2946 1473 0 -35 35 0
2946 1473 0 -34 34 0
2946 1473 0 -33 33 0
2946 1473 0 -32 32 0
2946 1473 0 -31 31 0
2946 1473 0 -30 30 0
2946 1473 0 -29 29 0
2946 1473 0 -28 28 0
2946 1473 0 -27 27 0
2946 1473 0 -26 26 0
2946 1473 0 -25 25 0
2946 1473 0 -24 24 0
2946 1473 0 -23 23 0
2946 1473 0 -22 22 0
2946 1473 0 -21 21 0
2946 1473 0 -20 20 0
2946 1473 0 -19 19 0
2946 1473 0 -18 18 0
2946 1473 0 -17 17 0
2946 1473 0 -16 16 0
2946 1473 0 -15 15 0
2946 1473 0 -14 14 0
2946 1473 0 -13 13 0
2946 1473 0 -12 12 0
2946 1473 0 -11 11 0
2946 1473 0 -10 10 0
2946 1473 0 -9 9 0
2946 1473 0 -8 8 0
2946 1473 0 -7 7 0
2946 1473 0 -6 6 0
2946 1473 0 -5 5 0
2946 1473 0 -4 4 0
2946 1473 0 -3 3 0
2946 1473 0 -2 2 0
2946 1473 0 -1 1 0
2946 1473 0 1 -1 0
2946 1473 0 2 -2 0
2946 1473 0 3 -3 0
2946 1473 0 4 -4 0
2946 1473 0 5 -5 0
2946 1473 0 6 -6 0
2946 1473 0 7 -7 0
2946 1473 0 8 -8 0
2946 1473 0 9 -9 0
2946 1473 0 10 -10 0
2946 1473 0 11 -11 0
2946 1473 0 12 -12 0
2946 1473 0 13 -13 0
2946 1473 0 14 -14 0
2946 1473 0 15 -15 0
2946 1473 0 16 -16 0
2946 1473 0 17 -17 0
2946 1473 0 18 -18 0
2946 1473 0 19 -19 0
2946 1473 0 20 -20 0
2946 1473 0 21 -21 0
2946 1473 0 22 -22 0
2946 1473 0 23 -23 0
2946 1473 0 24 -24 0
2946 1473 0 25 -25 0
2946 1473 0 26 -26 0
2946 1473 0 27 -27 0
2946 1473 0 28 -28 0
2946 1473 0 29 -29 0
2946 1473 0 30 -30 0
2946 1473 0 31 -31 0
2946 1473 0 32 -32 0
2946 1473 0 33 -33 0
2946 1473 0 34 -34 0
2946 1473 0 35 -35 0
2946 1473 0 36 -36 0
2946 1473 0 37 -37 0
2946 1473 0 38 -38 0
2946 1473 0 39 -39 0
2946 1473 0 40 -40 0
2946 1473 0 41 -41 0
2946 1473 0 42 -42 0
2946 1473 0 43 -43 0
2946 1473 0 44 -44 0
2946 1473 0 45 -45 0
2946 1473 0 46 -46 0
2946 1473 0 47 -47 0
2946 1473 0 48 -48 0
2946 1473 0 49 -49 0
2946 1473 0 50 -50 0
2946 1473 0 51 -51 0
2946 1473 0 52 -52 0
2946 1473 0 53 -53 0
2946 1473 0 54 -54 0
2946 1473 0 55 -55 0
2946 1473 0 56 -56 0
2946 1473 0 57 -57 0
2946 1473 0 58 -58 0
2946 1473 0 59 -59 0
2946 1473 0 60 -60 0
2946 1473 0 61 -61 0
2946 1473 0 62 -62 0
2946 1473 0 63 -63 0
2946 1473 0 64 -64 0
2946 1473 0 65 -65 0
2946 1473 0 66 -66 0
2946 1473 0 67 -67 0
2946 1473 0 68 -68 0
2946 1473 0 69 -69 0
2946 1473 0 70 -70 0
2946 1473 0 71 -71 0
2946 1473 0 72 -72 0
2946 1473 0 73 -73 0
2946 1473 0 74 -74 0
2946 1473 0 75 -75 0
2946 1473 0 76 -76 0
2946 1473 0 77 -77 0
2946 1473 0 78 -78 0
2946 1473 0 79 -79 0
2946 1473 0 80 -80 0
2946 1473 0 81 -81 0
2946 1473 0 82 -82 0
2946 1473 0 83 -83 0
2946 1473 0 84 -84 0
2946 1473 0 85 -85 0
2946 1473 0 86 -86 0
2946 1473 0 87 -87 0
2946 1473 0 88 -88 0
2946 1473 0 89 -89 0
2946 1473 0 90 -90 0
2946 1473 0 91 -91 0
2946 1473 0 92 -92 0
2946 1473 0 93 -93 0
2946 1473 0 94 -94 0
2946 1473 0 95 -95 0
2946 1473 0 96 -96 0
2946 1473 0 97 -97 0
2946 1473 0 98 -98 0
2946 1473 0 99 -99 0
2946 1473 0 100 -100 0
2946 1473 0 101 -101 0
2946 1473 0 102 -102 0
2946 1473 0 103 -103 0
2946 1473 0 104 -104 0
2946 1473 0 105 -105 0
2946 1473 0 106 -106 0
2946 1473 0 107 -107 0
2946 1473 0 108 -108 0
2946 1473 0 109 -109 0
2946 1473 0 110 -110 0
2946 1473 0 111 -111 0
2946 1473 0 112 -112 0
2946 1473 0 113 -113 0
2946 1473 0 114 -114 0
2946 1473 0 115 -115 0
2946 1473 0 116 -116 0
2946 1473 0 117 -117 0
2946 1473 0 118 -118 0
2946 1473 0 119 -119 0
2946 1473 0 120 -120 0
2946 1473 0 121 -121 0
2946 1473 0 122 -122 0
2946 1473 0 123 -123 0
2946 1473 0 124 -124 0
2946 1473 0 125 -125 0
2946 1473 0 126 -126 0
2946 1473 0 127 -127 0
2946 1473 0 128 -128 0
2946 1473 0 129 -129 0
2946 1473 0 130 -130 0
2946 1473 0 131 -131 0
2946 1473 0 132 -132 0
2946 1473 0 133 -133 0
2946 1473 0 134 -134 0
2946 1473 0 135 -135 0
2946 1473 0 136 -136 0
2946 1473 0 137 -137 0
2946 1473 0 138 -138 0
2946 1473 0 139 -139 0
2946 1473 0 140 -140 0
2946 1473 0 141 -141 0
2946 1473 0 142 -142 0
2946 1473 0 143 -143 0
2946 1473 0 144 -144 0
2946 1473 0 145 -145 0
2946 1473 0 146 -146 0
2946 1473 0 147 -147 0
2946 1473 0 148 -148 0
2946 1473 0 149 -149 0
2946 1473 0 150 -150 0
2948 1474 0 -150 150 0
2948 1474 0 -149 149 0
2948 1474 0 -148 148 0
2948 1474 0 -147 147 0
2948 1474 0 -146 146 0
2948 1474 0 -145 145 0
2948 1474 0 -144 144 0
2948 1474 0 -143 143 0
2948 1474 0 -142 142 0
2948 1474 0 -141 141 0
2948 1474 0 -140 140 0
2948 1474 0 -139 139 0
2948 1474 0 -138 138 0
2948 1474 0 -137 137 0
2948 1474 0 -136 136 0
2948 1474 0 -135 135 0
2948 1474 0 -134 134 0
2948 1474 0 -133 133 0
2948 1474 0 -132 132 0
2948 1474 0 -131 131 0
2948 1474 0 -130 130 0
2948 1474 0 -129 129 0
2948 1474 0 -128 128 0
2948 1474 0 -127 127 0
2948 1474 0 -126 126 0
2948 1474 0 -125 125 0
2948 1474 0 -124 124 0
2948 1474 0 -123 123 0
2948 1474 0 -122 122 0
2948 1474 0 -121 121 0
2948 1474 0 -120 120 0
2948 1474 0 -119 119 0
2948 1474 0 -118 118 0
2948 1474 0 -117 117 0
2948 1474 0 -116 116 0
2948 1474 0 -115 115 0
2948 1474 0 -114 114 0
2948 1474 0 -113 113 0
2948 1474 0 -112 112 0
2948 1474 0 -111 111 0
2948 1474 0 -110 110 0
2948 1474 0 -109 109 0
2948 1474 0 -108 108 0
2948 1474 0 -107 107 0
2948 1474 0 -106 106 0
2948 1474 0 -105 105 0
2948 1474 0 -104 104 0
2948 1474 0 -103 103 0
2948 1474 0 -102 102 0
2948 1474 0 -101 101 0
2948 1474 0 -100 100 0
2948 1474 0 -99 99 0
2948 1474 0 -98 98 0
2948 1474 0 -97 97 0
2948 1474 0 -96 96 0
2948 1474 0 -95 95 0
2948 1474 0 -94 94 0
2948 1474 0 -93 93 0
2948 1474 0 -92 92 0
2948 1474 0 -91 91 0
2948 1474 0 -90 90 0
2948 1474 0 -89 89 0
2948 1474 0 -88 88 0
2948 1474 0 -87 87 0
2948 1474 0 -86 86 0
2948 1474 0 -85 85 0
2948 1474 0 -84 84 0
2948 1474 0 -83 83 0
2948 1474 0 -82 82 0
2948 1474 0 -81 81 0
2948 1474 0 -80 80 0
2948 1474 0 -79 79 0
2948 1474 0 -78 78 0
2948 1474 0 -77 77 0
2948 1474 0 -76 76 0
2948 1474 0 -75 75 0
2948 1474 0 -74 74 0
2948 1474 0 -73 73 0
2948 1474 0 -72 72 0
2948 1474 0 -71 71 0
2948 1474 0 -70 70 0
2948 1474 0 -69 69 0
2948 1474 0 -68 68 0
2948 1474 0 -67 67 0
2948 1474 0 -66 66 0
2948 1474 0 -65 65 0
2948 1474 0 -64 64 0
2948 1474 0 -63 63 0
2948 1474 0 -62 62 0
2948 1474 0 -61 61 0
2948 1474 0 -60 60 0
2948 1474 0 -59 59 0
2948 1474 0 -58 58 0
2948 1474 0 -57 57 0
2948 1474 0 -56 56 0
2948 1474 0 -55 55 0
2948 1474 0 -54 54 0
2948 1474 0 -53 53 0
2948 1474 0 -52 52 0
2948 1474 0 -51 51 0
2948 1474 0 -50 50 0
2948 1474 0 -49 49 0
2948 1474 0 -48 48 0
2948 1474 0 -47 47 0
2948 1474 0 -46 46 0
2948 1474 0 -45 45 0
2948 1474 0 -44 44 0
2948 1474 0 -43 43 0
2948 1474 0 -42 42 0
2948 1474 0 -41 41 0
2948 1474 0 -40 40 0
2948 1474 0 -39 39 0
2948 1474 0 -38 38 0
2948 1474 0 -37 37 0
2948 1474 0 -36 36 0
2948 1474 0 -35 35 0
2948 1474 0 -34 34 0
2948 1474 0 -33 33 0
2948 1474 0 -32 32 0
2948 1474 0 -31 31 0
2948 1474 0 -30 30 0
2948 1474 0 -29 29 0
2948 1474 0 -28 28 0
2948 1474 0 -27 27 0
2948 1474 0 -26 26 0
2948 1474 0 -25 25 0
2948 1474 0 -24 24 0
2948 1474 0 -23 23 0
2948 1474 0 -22 22 0
2948 1474 0 -21 21 0
2948 1474 0 -20 20 0
2948 1474 0 -19 19 0
2948 1474 0 -18 18 0
2948 1474 0 -17 17 0
2948 1474 0 -16 16 0
2948 1474 0 -15 15 0
2948 1474 0 -14 14 0
2948 1474 0 -13 13 0
2948 1474 0 -12 12 0
2948 1474 0 -11 11 0
2948 1474 0 -10 10 0
2948 1474 0 -9 9 0
2948 1474 0 -8 8 0
2948 1474 0 -7 7 0
2948 1474 0 -6 6 0
2948 1474 0 -5 5 0
2948 1474 0 -4 4 0
2948 1474 0 -3 3 0
2948 1474 0 -2 2 0
2948 1474 0 -1 1 0
2948 1474 0 1 -1 0
2948 1474 0 2 -2 0
2948 1474 0 3 -3 0
2948 1474 0 4 -4 0
2948 1474 0 5 -5 0
2948 1474 0 6 -6 0
2948 1474 0 7 -7 0
2948 1474 0 8 -8 0
2948 1474 0 9 -9 0
2948 1474 0 10 -10 0
2948 1474 0 11 -11 0
2948 1474 0 12 -12 0
2948 1474 0 13 -13 0
2948 1474 0 14 -14 0
2948 1474 0 15 -15 0
2948 1474 0 16 -16 0
2948 1474 0 17 -17 0
2948 1474 0 18 -18 0
2948 1474 0 19 -19 0
2948 1474 0 20 -20 0
2948 1474 0 21 -21 0
2948 1474 0 22 -22 0
2948 1474 0 23 -23 0
2948 1474 0 24 -24 0
2948 1474 0 25 -25 0
2948 1474 0 26 -26 0
2948 1474 0 27 -27 0
2948 1474 0 28 -28 0
2948 1474 0 29 -29 0
2948 1474 0 30 -30 0
2948 1474 0 31 -31 0
2948 1474 0 32 -32 0
2948 1474 0 33 -33 0
2948 1474 0 34 -34 0
2948 1474 0 35 -35 0
2948 1474 0 36 -36 0
2948 1474 0 37 -37 0
2948 1474 0 38 -38 0
2948 1474 0 39 -39 0
2948 1474 0 40 -40 0
2948 1474 0 41 -41 0
2948 1474 0 42 -42 0
2948 1474 0 43 -43 0
2948 1474 0 44 -44 0
2948 1474 0 45 -45 0
2948 1474 0 46 -46 0
2948 1474 0 47 -47 0
2948 1474 0 48 -48 0
2948 1474 0 49 -49 0
2948 1474 0 50 -50 0
2948 1474 0 51 -51 0
2948 1474 0 52 -52 0
2948 1474 0 53 -53 0
2948 1474 0 54 -54 0
2948 1474 0 55 -55 0
2948 1474 0 56 -56 0
2948 1474 0 57 -57 0
2948 1474 0 58 -58 0
2948 1474 0 59 -59 0
2948 1474 0 60 -60 0
2948 1474 0 61 -61 0
2948 1474 0 62 -62 0
2948 1474 0 63 -63 0
2948 1474 0 64 -64 0
2948 1474 0 65 -65 0
2948 1474 0 66 -66 0
2948 1474 0 67 -67 0
2948 1474 0 68 -68 0
2948 1474 0 69 -69 0
2948 1474 0 70 -70 0
2948 1474 0 71 -71 0
2948 1474 0 72 -72 0
2948 1474 0 73 -73 0
2948 1474 0 74 -74 0
2948 1474 0 75 -75 0
2948 1474 0 76 -76 0
2948 1474 0 77 -77 0
2948 1474 0 78 -78 0
2948 1474 0 79 -79 0
2948 1474 0 80 -80 0
2948 1474 0 81 -81 0
2948 1474 0 82 -82 0
2948 1474 0 83 -83 0
2948 1474 0 84 -84 0
2948 1474 0 85 -85 0
2948 1474 0 86 -86 0
2948 1474 0 87 -87 0
2948 1474 0 88 -88 0
2948 1474 0 89 -89 0
2948 1474 0 90 -90 0
2948 1474 0 91 -91 0
2948 1474 0 92 -92 0
2948 1474 0 93 -93 0
2948 1474 0 94 -94 0
2948 1474 0 95 -95 0
2948 1474 0 96 -96 0
2948 1474 0 97 -97 0
2948 1474 0 98 -98 0
2948 1474 0 99 -99 0
2948 1474 0 100 -100 0
2948 1474 0 101 -101 0
2948 1474 0 102 -102 0
2948 1474 0 103 -103 0
2948 1474 0 104 -104 0
2948 1474 0 105 -105 0
2948 1474 0 106 -106 0
2948 1474 0 107 -107 0
2948 1474 0 108 -108 0
2948 1474 0 109 -109 0
2948 1474 0 110 -110 0
2948 1474 0 111 -111 0
2948 1474 0 112 -112 0
2948 1474 0 113 -113 0
2948 1474 0 114 -114 0
2948 1474 0 115 -115 0
2948 1474 0 116 -116 0
2948 1474 0 117 -117 0
2948 1474 0 118 -118 0
2948 1474 0 119 -119 0
2948 1474 0 120 -120 0
2948 1474 0 121 -121 0
2948 1474 0 122 -122 0
2948 1474 0 123 -123 0
2948 1474 0 124 -124 0
2948 1474 0 125 -125 0
2948 1474 0 126 -126 0
2948 1474 0 127 -127 0
2948 1474 0 128 -128 0
2948 1474 0 129 -129 0
2948 1474 0 130 -130 0
2948 1474 0 131 -131 0
2948 1474 0 132 -132 0
2948 1474 0 133 -133 0
2948 1474 0 134 -134 0
2948 1474 0 135 -135 0
2948 1474 0 136 -136 0
2948 1474 0 137 -137 0
2948 1474 0 138 -138 0
2948 1474 0 139 -139 0
2948 1474 0 140 -140 0
2948 1474 0 141 -141 0
2948 1474 0 142 -142 0
2948 1474 0 143 -143 0
2948 1474 0 144 -144 0
2948 1474 0 145 -145 0
2948 1474 0 146 -146 0
2948 1474 0 147 -147 0
2948 1474 0 148 -148 0
2948 1474 0 149 -149 0
2948 1474 0 150 -150 0
2950 1475 0 -150 150 0
2950 1475 0 -149 149 0
2950 1475 0 -148 148 0
2950 1475 0 -147 147 0
2950 1475 0 -146 146 0
2950 1475 0 -145 145 0
2950 1475 0 -144 144 0
2950 1475 0 -143 143 0
2950 1475 0 -142 142 0
2950 1475 0 -141 141 0
2950 1475 0 -140 140 0
2950 1475 0 -139 139 0
2950 1475 0 -138 138 0
2950 1475 0 -137 137 0
2950 1475 0 -136 136 0
2950 1475 0 -135 135 0
2950 1475 0 -134 134 0
2950 1475 0 -133 133 0
2950 1475 0 -132 132 0
2950 1475 0 -131 131 0
2950 1475 0 -130 130 0
2950 1475 0 -129 129 0
2950 1475 0 -128 128 0
2950 1475 0 -127 127 0
2950 1475 0 -126 126 0
2950 1475 0 -125 125 0
2950 1475 0 -124 124 0
2950 1475 0 -123 123 0
2950 1475 0 -122 122 0
2950 1475 0 -121 121 0
2950 1475 0 -120 120 0
2950 1475 0 -119 119 0
2950 1475 0 -118 118 0
2950 1475 0 -117 117 0
2950 1475 0 -116 116 0
2950 1475 0 -115 115 0
2950 1475 0 -114 114 0
2950 1475 0 -113 113 0
2950 1475 0 -112 112 0
2950 1475 0 -111 111 0
2950 1475 0 -110 110 0
2950 1475 0 -109 109 0
2950 1475 0 -108 108 0
2950 1475 0 -107 107 0
2950 1475 0 -106 106 0
2950 1475 0 -105 105 0
2950 1475 0 -104 104 0
2950 1475 0 -103 103 0
2950 1475 0 -102 102 0
2950 1475 0 -101 101 0
2950 1475 0 -100 100 0
2950 1475 0 -99 99 0
2950 1475 0 -98 98 0
2950 1475 0 -97 97 0
2950 1475 0 -96 96 0
2950 1475 0 -95 95 0
2950 1475 0 -94 94 0
2950 1475 0 -93 93 0
2950 1475 0 -92 92 0
2950 1475 0 -91 91 0
2950 1475 0 -90 90 0
2950 1475 0 -89 89 0
2950 1475 0 -88 88 0
2950 1475 0 -87 87 0
2950 1475 0 -86 86 0
2950 1475 0 -85 85 0
2950 1475 0 -84 84 0
2950 1475 0 -83 83 0
2950 1475 0 -82 82 0
2950 1475 0 -81 81 0
2950 1475 0 -80 80 0
2950 1475 0 -79 79 0
2950 1475 0 -78 78 0
2950 1475 0 -77 77 0
2950 1475 0 -76 76 0
2950 1475 0 -75 75 0
2950 1475 0 -74 74 0
2950 1475 0 -73 73 0
2950 1475 0 -72 72 0
2950 1475 0 -71 71 0
2950 1475 0 -70 70 0
2950 1475 0 -69 69 0
2950 1475 0 -68 68 0
2950 1475 0 -67 67 0
2950 1475 0 -66 66 0
2950 1475 0 -65 65 0
2950 1475 0 -64 64 0
2950 1475 0 -63 63 0
2950 1475 0 -62 62 0
2950 1475 0 -61 61 0
2950 1475 0 -60 60 0
2950 1475 0 -59 59 0
2950 1475 0 -58 58 0
2950 1475 0 -57 57 0
2950 1475 0 -56 56 0
2950 1475 0 -55 55 0
2950 1475 0 -54 54 0
2950 1475 0 -53 53 0
2950 1475 0 -52 52 0
2950 1475 0 -51 51 0
2950 1475 0 -50 50 0
2950 1475 0 -49 49 0
2950 1475 0 -48 48 0
2950 1475 0 -47 47 0
2950 1475 0 -46 46 0
2950 1475 0 -45 45 0
2950 1475 0 -44 44 0
2950 1475 0 -43 43 0
2950 1475 0 -42 42 0
2950 1475 0 -41 41 0
2950 1475 0 -40 40 0
2950 1475 0 -39 39 0
2950 1475 0 -38 38 0
2950 1475 0 -37 37 0
2950 1475 0 -36 36 0
2950 1475 0 -35 35 0
2950 1475 0 -34 34 0
2950 1475 0 -33 33 0
2950 1475 0 -32 32 0
2950 1475 0 -31 31 0
2950 1475 0 -30 30 0
2950 1475 0 -29 29 0
2950 1475 0 -28 28 0
2950 1475 0 -27 27 0
2950 1475 0 -26 26 0
2950 1475 0 -25 25 0
2950 1475 0 -24 24 0
2950 1475 0 -23 23 0
2950 1475 0 -22 22 0
2950 1475 0 -21 21 0
2950 1475 0 -20 20 0
2950 1475 0 -19 19 0
2950 1475 0 -18 18 0
2950 1475 0 -17 17 0
2950 1475 0 -16 16 0
2950 1475 0 -15 15 0
2950 1475 0 -14 14 0
2950 1475 0 -13 13 0
2950 1475 0 -12 12 0
2950 1475 0 -11 11 0
2950 1475 0 -10 10 0
2950 1475 0 -9 9 0
2950 1475 0 -8 8 0
2950 1475 0 -7 7 0
2950 1475 0 -6 6 0
2950 1475 0 -5 5 0
2950 1475 0 -4 4 0
2950 1475 0 -3 3 0
2950 1475 0 -2 2 0
2950 1475 0 -1 1 0
2950 1475 0 1 -1 0
2950 1475 0 2 -2 0
2950 1475 0 3 -3 0
2950 1475 0 4 -4 0
2950 1475 0 5 -5 0
2950 1475 0 6 -6 0
2950 1475 0 7 -7 0
2950 1475 0 8 -8 0
2950 1475 0 9 -9 0
2950 1475 0 10 -10 0
2950 1475 0 11 -11 0
2950 1475 0 12 -12 0
2950 1475 0 13 -13 0
2950 1475 0 14 -14 0
2950 1475 0 15 -15 0
2950 1475 0 16 -16 0
2950 1475 0 17 -17 0
2950 1475 0 18 -18 0
2950 1475 0 19 -19 0
2950 1475 0 20 -20 0
2950 1475 0 21 -21 0
2950 1475 0 22 -22 0
2950 1475 0 23 -23 0
2950 1475 0 24 -24 0
2950 1475 0 25 -25 0
2950 1475 0 26 -26 0
2950 1475 0 27 -27 0
2950 1475 0 28 -28 0
2950 1475 0 29 -29 0
2950 1475 0 30 -30 0
2950 1475 0 31 -31 0
2950 1475 0 32 -32 0
2950 1475 0 33 -33 0
2950 1475 0 34 -34 0
2950 1475 0 35 -35 0
2950 1475 0 36 -36 0
2950 1475 0 37 -37 0
2950 1475 0 38 -38 0
2950 1475 0 39 -39 0
2950 1475 0 40 -40 0
2950 1475 0 41 -41 0
2950 1475 0 42 -42 0
2950 1475 0 43 -43 0
2950 1475 0 44 -44 0
2950 1475 0 45 -45 0
2950 1475 0 46 -46 0
2950 1475 0 47 -47 0
2950 1475 0 48 -48 0
2950 1475 0 49 -49 0
2950 1475 0 50 -50 0
2950 1475 0 51 -51 0
2950 1475 0 52 -52 0
2950 1475 0 53 -53 0
2950 1475 0 54 -54 0
2950 1475 0 55 -55 0
2950 1475 0 56 -56 0
2950 1475 0 57 -57 0
2950 1475 0 58 -58 0
2950 1475 0 59 -59 0
2950 1475 0 60 -60 0
2950 1475 0 61 -61 0
2950 1475 0 62 -62 0
2950 1475 0 63 -63 0
2950 1475 0 64 -64 0
2950 1475 0 65 -65 0
2950 1475 0 66 -66 0
2950 1475 0 67 -67 0
2950 1475 0 68 -68 0
2950 1475 0 69 -69 0
2950 1475 0 70 -70 0
2950 1475 0 71 -71 0
2950 1475 0 72 -72 0
2950 1475 0 73 -73 0
2950 1475 0 74 -74 0
2950 1475 0 75 -75 0
2950 1475 0 76 -76 0
2950 1475 0 77 -77 0
2950 1475 0 78 -78 0
2950 1475 0 79 -79 0
2950 1475 0 80 -80 0
2950 1475 0 81 -81 0
2950 1475 0 82 -82 0
2950 1475 0 83 -83 0
2950 1475 0 84 -84 0
2950 1475 0 85 -85 0
2950 1475 0 86 -86 0
2950 1475 0 87 -87 0
2950 1475 0 88 -88 0
2950 1475 0 89 -89 0
2950 1475 0 90 -90 0
2950 1475 0 91 -91 0
2950 1475 0 92 -92 0
2950 1475 0 93 -93 0
2950 1475 0 94 -94 0
2950 1475 0 95 -95 0
2950 1475 0 96 -96 0
2950 1475 0 97 -97 0
2950 1475 0 98 -98 0
2950 1475 0 99 -99 0
2950 1475 0 100 -100 0
2950 1475 0 101 -101 0
2950 1475 0 102 -102 0
2950 1475 0 103 -103 0
2950 1475 0 104 -104 0
2950 1475 0 105 -105 0
2950 1475 0 106 -106 0
2950 1475 0 107 -107 0
2950 1475 0 108 -108 0
2950 1475 0 109 -109 0
2950 1475 0 110 -110 0
2950 1475 0 111 -111 0
2950 1475 0 112 -112 0
2950 1475 0 113 -113 0
2950 1475 0 114 -114 0
2950 1475 0 115 -115 0
2950 1475 0 116 -116 0
2950 1475 0 117 -117 0
2950 1475 0 118 -118 0
2950 1475 0 119 -119 0
2950 1475 0 120 -120 0
2950 1475 0 121 -121 0
2950 1475 0 122 -122 0
2950 1475 0 123 -123 0
2950 1475 0 124 -124 0
2950 1475 0 125 -125 0
2950 1475 0 126 -126 0
2950 1475 0 127 -127 0
2950 1475 0 128 -128 0
2950 1475 0 129 -129 0
2950 1475 0 130 -130 0
2950 1475 0 131 -131 0
2950 1475 0 132 -132 0
2950 1475 0 133 -133 0
2950 1475 0 134 -134 0
2950 1475 0 135 -135 0
2950 1475 0 136 -136 0
2950 1475 0 137 -137 0
2950 1475 0 138 -138 0
2950 1475 0 139 -139 0
2950 1475 0 140 -140 0
2950 1475 0 141 -141 0
2950 1475 0 142 -142 0
2950 1475 0 143 -143 0
2950 1475 0 144 -144 0
2950 1475 0 145 -145 0
2950 1475 0 146 -146 0
2950 1475 0 147 -147 0
2950 1475 0 148 -148 0
2950 1475 0 149 -149 0
2950 1475 0 150 -150 0
2952 1476 0 -150 150 0
2952 1476 0 -149 149 0
2952 1476 0 -148 148 0
2952 1476 0 -147 147 0
2952 1476 0 -146 146 0
2952 1476 0 -145 145 0
2952 1476 0 -144 144 0
2952 1476 0 -143 143 0
2952 1476 0 -142 142 0
2952 1476 0 -141 141 0
2952 1476 0 -140 140 0
2952 1476 0 -139 139 0
2952 1476 0 -138 138 0
2952 1476 0 -137 137 0
2952 1476 0 -136 136 0
2952 1476 0 -135 135 0
2952 1476 0 -134 134 0
2952 1476 0 -133 133 0
2952 1476 0 -132 132 0
2952 1476 0 -131 131 0
2952 1476 0 -130 130 0
2952 1476 0 -129 129 0
2952 1476 0 -128 128 0
2952 1476 0 -127 127 0
2952 1476 0 -126 126 0
2952 1476 0 -125 125 0
2952 1476 0 -124 124 0
2952 1476 0 -123 123 0
2952 1476 0 -122 122 0
2952 1476 0 -121 121 0
2952 1476 0 -120 120 0
2952 1476 0 -119 119 0
2952 1476 0 -118 118 0
2952 1476 0 -117 117 0
2952 1476 0 -116 116 0
2952 1476 0 -115 115 0
2952 1476 0 -114 114 0
2952 1476 0 -113 113 0
2952 1476 0 -112 112 0
2952 1476 0 -111 111 0
2952 1476 0 -110 110 0
2952 1476 0 -109 109 0
2952 1476 0 -108 108 0
2952 1476 0 -107 107 0
2952 1476 0 -106 106 0
2952 1476 0 -105 105 0
2952 1476 0 -104 104 0
2952 1476 0 -103 103 0
2952 1476 0 -102 102 0
2952 1476 0 -101 101 0
2952 1476 0 -100 100 0
2952 1476 0 -99 99 0
2952 1476 0 -98 98 0
2952 1476 0 -97 97 0
2952 1476 0 -96 96 0
2952 1476 0 -95 95 0
2952 1476 0 -94 94 0
2952 1476 0 -93 93 0
2952 1476 0 -92 92 0
2952 1476 0 -91 91 0
2952 1476 0 -90 90 0
2952 1476 0 -89 89 0
2952 1476 0 -88 88 0
2952 1476 0 -87 87 0
2952 1476 0 -86 86 0
2952 1476 0 -85 85 0
2952 1476 0 -84 84 0
2952 1476 0 -83 83 0
2952 1476 0 -82 82 0
2952 1476 0 -81 81 0
2952 1476 0 -80 80 0
2952 1476 0 -79 79 0
2952 1476 0 -78 78 0
2952 1476 0 -77 77 0
2952 1476 0 -76 76 0
2952 1476 0 -75 75 0
2952 1476 0 -74 74 0
2952 1476 0 -73 73 0
2952 1476 0 -72 72 0
2952 1476 0 -71 71 0
2952 1476 0 -70 70 0
2952 1476 0 -69 69 0
2952 1476 0 -68 68 0
2952 1476 0 -67 67 0
2952 1476 0 -66 66 0
2952 1476 0 -65 65 0
2952 1476 0 -64 64 0
2952 1476 0 -63 63 0
2952 1476 0 -62 62 0
2952 1476 0 -61 61 0
2952 1476 0 -60 60 0
2952 1476 0 -59 59 0
2952 1476 0 -58 58 0
2952 1476 0 -57 57 0
2952 1476 0 -56 56 0
2952 1476 0 -55 55 0
2952 1476 0 -54 54 0
2952 1476 0 -53 53 0
2952 1476 0 -52 52 0
2952 1476 0 -51 51 0
2952 1476 0 -50 50 0
2952 1476 0 -49 49 0
2952 1476 0 -48 48 0
2952 1476 0 -47 47 0
2952 1476 0 -46 46 0
2952 1476 0 -45 45 0
2952 1476 0 -44 44 0
2952 1476 0 -43 43 0
2952 1476 0 -42 42 0
2952 1476 0 -41 41 0
2952 1476 0 -40 40 0
2952 1476 0 -39 39 0
2952 1476 0 -38 38 0
2952 1476 0 -37 37 0
2952 1476 0 -36 36 0
2952 1476 0 -35 35 0
2952 1476 0 -34 34 0
2952 1476 0 -33 33 0
2952 1476 0 -32 32 0
2952 1476 0 -31 31 0
2952 1476 0 -30 30 0
2952 1476 0 -29 29 0
2952 1476 0 -28 28 0
2952 1476 0 -27 27 0
2952 1476 0 -26 26 0
2952 1476 0 -25 25 0
2952 1476 0 -24 24 0
2952 1476 0 -23 23 0
2952 1476 0 -22 22 0
2952 1476 0 -21 21 0
2952 1476 0 -20 20 0
2952 1476 0 -19 19 0
2952 1476 0 -18 18 0
2952 1476 0 -17 17 0
2952 1476 0 -16 16 0
2952 1476 0 -15 15 0
2952 1476 0 -14 14 0
2952 1476 0 -13 13 0
2952 1476 0 -12 12 0
2952 1476 0 -11 11 0
2952 1476 0 -10 10 0
2952 1476 0 -9 9 0
2952 1476 0 -8 8 0
2952 1476 0 -7 7 0
2952 1476 0 -6 6 0
2952 1476 0 -5 5 0
2952 1476 0 -4 4 0
2952 1476 0 -3 3 0
2952 1476 0 -2 2 0
2952 1476 0 -1 1 0
2952 1476 0 1 -1 0
2952 1476 0 2 -2 0
2952 1476 0 3 -3 0
2952 1476 0 4 -4 0
2952 1476 0 5 -5 0
2952 1476 0 6 -6 0
2952 1476 0 7 -7 0
2952 1476 0 8 -8 0
2952 1476 0 9 -9 0
2952 1476 0 10 -10 0
2952 1476 0 11 -11 0
2952 1476 0 12 -12 0
2952 1476 0 13 -13 0
2952 1476 0 14 -14 0
2952 1476 0 15 -15 0
2952 1476 0 16 -16 0
2952 1476 0 17 -17 0
2952 1476 0 18 -18 0
2952 1476 0 19 -19 0
2952 1476 0 20 -20 0
2952 1476 0 21 -21 0
2952 1476 0 22 -22 0
2952 1476 0 23 -23 0
2952 1476 0 24 -24 0
2952 1476 0 25 -25 0
2952 1476 0 26 -26 0
2952 1476 0 27 -27 0
2952 1476 0 28 -28 0
2952 1476 0 29 -29 0
2952 1476 0 30 -30 0
2952 1476 0 31 -31 0
2952 1476 0 32 -32 0
2952 1476 0 33 -33 0
2952 1476 0 34 -34 0
2952 1476 0 35 -35 0
2952 1476 0 36 -36 0
2952 1476 0 37 -37 0
2952 1476 0 38 -38 0
2952 1476 0 39 -39 0
2952 1476 0 40 -40 0
2952 1476 0 41 -41 0
2952 1476 0 42 -42 0
2952 1476 0 43 -43 0
2952 1476 0 44 -44 0
2952 1476 0 45 -45 0
2952 1476 0 46 -46 0
2952 1476 0 47 -47 0
2952 1476 0 48 -48 0
2952 1476 0 49 -49 0
2952 1476 0 50 -50 0
2952 1476 0 51 -51 0
2952 1476 0 52 -52 0
2952 1476 0 53 -53 0
2952 1476 0 54 -54 0
2952 1476 0 55 -55 0
2952 1476 0 56 -56 0
2952 1476 0 57 -57 0
2952 1476 0 58 -58 0
2952 1476 0 59 -59 0
2952 1476 0 60 -60 0
2952 1476 0 61 -61 0
2952 1476 0 62 -62 0
2952 1476 0 63 -63 0
2952 1476 0 64 -64 0
2952 1476 0 65 -65 0
2952 1476 0 66 -66 0
2952 1476 0 67 -67 0
2952 1476 0 68 -68 0
2952 1476 0 69 -69 0
2952 1476 0 70 -70 0
2952 1476 0 71 -71 0
2952 1476 0 72 -72 0
2952 1476 0 73 -73 0
2952 1476 0 74 -74 0
2952 1476 0 75 -75 0
2952 1476 0 76 -76 0
2952 1476 0 77 -77 0
2952 1476 0 78 -78 0
2952 1476 0 79 -79 0
2952 1476 0 80 -80 0
2952 1476 0 81 -81 0
2952 1476 0 82 -82 0
2952 1476 0 83 -83 0
2952 1476 0 84 -84 0
2952 1476 0 85 -85 0
2952 1476 0 86 -86 0
2952 1476 0 87 -87 0
2952 1476 0 88 -88 0
2952 1476 0 89 -89 0
2952 1476 0 90 -90 0
2952 1476 0 91 -91 0
2952 1476 0 92 -92 0
2952 1476 0 93 -93 0
2952 1476 0 94 -94 0
2952 1476 0 95 -95 0
2952 1476 0 96 -96 0
2952 1476 0 97 -97 0
2952 1476 0 98 -98 0
2952 1476 0 99 -99 0
2952 1476 0 100 -100 0
2952 1476 0 101 -101 0
2952 1476 0 102 -102 0
2952 1476 0 103 -103 0
2952 1476 0 104 -104 0
2952 1476 0 105 -105 0
2952 1476 0 106 -106 0
2952 1476 0 107 -107 0
2952 1476 0 108 -108 0
2952 1476 0 109 -109 0
2952 1476 0 110 -110 0
2952 1476 0 111 -111 0
2952 1476 0 112 -112 0
2952 1476 0 113 -113 0
2952 1476 0 114 -114 0
2952 1476 0 115 -115 0
2952 1476 0 116 -116 0
2952 1476 0 117 -117 0
2952 1476 0 118 -118 0
2952 1476 0 119 -119 0
2952 1476 0 120 -120 0
2952 1476 0 121 -121 0
2952 1476 0 122 -122 0
2952 1476 0 123 -123 0
2952 1476 0 124 -124 0
2952 1476 0 125 -125 0
2952 1476 0 126 -126 0
2952 1476 0 127 -127 0
2952 1476 0 128 -128 0
2952 1476 0 129 -129 0
2952 1476 0 130 -130 0
2952 1476 0 131 -131 0
2952 1476 0 132 -132 0
2952 1476 0 133 -133 0
2952 1476 0 134 -134 0
2952 1476 0 135 -135 0
2952 1476 0 136 -136 0
2952 1476 0 137 -137 0
2952 1476 0 138 -138 0
2952 1476 0 139 -139 0
2952 1476 0 140 -140 0
2952 1476 0 141 -141 0
2952 1476 0 142 -142 0
2952 1476 0 143 -143 0
2952 1476 0 144 -144 0
2952 1476 0 145 -145 0
2952 1476 0 146 -146 0
2952 1476 0 147 -147 0
2952 1476 0 148 -148 0
2952 1476 0 149 -149 0
2952 1476 0 150 -150 0
2954 1477 0 -150 150 0
2954 1477 0 -149 149 0
2954 1477 0 -148 148 0
2954 1477 0 -147 147 0
2954 1477 0 -146 146 0
2954 1477 0 -145 145 0
2954 1477 0 -144 144 0
2954 1477 0 -143 143 0
2954 1477 0 -142 142 0
2954 1477 0 -141 141 0
2954 1477 0 -140 140 0
2954 1477 0 -139 139 0
2954 1477 0 -138 138 0
2954 1477 0 -137 137 0
2954 1477 0 -136 136 0
2954 1477 0 -135 135 0
2954 1477 0 -134 134 0
2954 1477 0 -133 133 0
2954 1477 0 -132 132 0
2954 1477 0 -131 131 0
2954 1477 0 -130 130 0
2954 1477 0 -129 129 0
2954 1477 0 -128 128 0
2954 1477 0 -127 127 0
2954 1477 0 -126 126 0
2954 1477 0 -125 125 0
2954 1477 0 -124 124 0
2954 1477 0 -123 123 0
2954 1477 0 -122 122 0
2954 1477 0 -121 121 0
2954 1477 0 -120 120 0
2954 1477 0 -119 119 0
2954 1477 0 -118 118 0
2954 1477 0 -117 117 0
2954 1477 0 -116 116 0
2954 1477 0 -115 115 0
2954 1477 0 -114 114 0
2954 1477 0 -113 113 0
2954 1477 0 -112 112 0
2954 1477 0 -111 111 0
2954 1477 0 -110 110 0
2954 1477 0 -109 109 0
2954 1477 0 -108 108 0
2954 1477 0 -107 107 0
2954 1477 0 -106 106 0
2954 1477 0 -105 105 0
2954 1477 0 -104 104 0
2954 1477 0 -103 103 0
2954 1477 0 -102 102 0
2954 1477 0 -101 101 0
2954 1477 0 -100 100 0
2954 1477 0 -99 99 0
2954 1477 0 -98 98 0
2954 1477 0 -97 97 0
2954 1477 0 -96 96 0
2954 1477 0 -95 95 0
2954 1477 0 -94 94 0
2954 1477 0 -93 93 0
2954 1477 0 -92 92 0
2954 1477 0 -91 91 0
2954 1477 0 -90 90 0
2954 1477 0 -89 89 0
2954 1477 0 -88 88 0
2954 1477 0 -87 87 0
2954 1477 0 -86 86 0
2954 1477 0 -85 85 0
2954 1477 0 -84 84 0
2954 1477 0 -83 83 0
2954 1477 0 -82 82 0
2954 1477 0 -81 81 0
2954 1477 0 -80 80 0
2954 1477 0 -79 79 0
2954 1477 0 -78 78 0
2954 1477 0 -77 77 0
2954 1477 0 -76 76 0
2954 1477 0 -75 75 0
2954 1477 0 -74 74 0
2954 1477 0 -73 73 0
2954 1477 0 -72 72 0
2954 1477 0 -71 71 0
2954 1477 0 -70 70 0
2954 1477 0 -69 69 0
2954 1477 0 -68 68 0
2954 1477 0 -67 67 0
2954 1477 0 -66 66 0
2954 1477 0 -65 65 0
2954 1477 0 -64 64 0
2954 1477 0 -63 63 0
2954 1477 0 -62 62 0
2954 1477 0 -61 61 0
2954 1477 0 -60 60 0
2954 1477 0 -59 59 0
2954 1477 0 -58 58 0
2954 1477 0 -57 57 0
2954 1477 0 -56 56 0
2954 1477 0 -55 55 0
2954 1477 0 -54 54 0
2954 1477 0 -53 53 0
2954 1477 0 -52 52 0
2954 1477 0 -51 51 0
2954 1477 0 -50 50 0
2954 1477 0 -49 49 0
2954 1477 0 -48 48 0
2954 1477 0 -47 47 0
2954 1477 0 -46 46 0
2954 1477 0 -45 45 0
2954 1477 0 -44 44 0
2954 1477 0 -43 43 0
2954 1477 0 -42 42 0
2954 1477 0 -41 41 0
2954 1477 0 -40 40 0
2954 1477 0 -39 39 0
2954 1477 0 -38 38 0
2954 1477 0 -37 37 0
2954 1477 0 -36 36 0
2954 1477 0 -35 35 0
2954 1477 0 -34 34 0
2954 1477 0 -33 33 0
2954 1477 0 -32 32 0
2954 1477 0 -31 31 0
2954 1477 0 -30 30 0
2954 1477 0 -29 29 0
2954 1477 0 -28 28 0
2954 1477 0 -27 27 0
2954 1477 0 -26 26 0
2954 1477 0 -25 25 0
2954 1477 0 -24 24 0
2954 1477 0 -23 23 0
2954 1477 0 -22 22 0
2954 1477 0 -21 21 0
2954 1477 0 -20 20 0
2954 1477 0 -19 19 0
2954 1477 0 -18 18 0
2954 1477 0 -17 17 0
2954 1477 0 -16 16 0
2954 1477 0 -15 15 0
2954 1477 0 -14 14 0
2954 1477 0 -13 13 0
2954 1477 0 -12 12 0
2954 1477 0 -11 11 0
2954 1477 0 -10 10 0
2954 1477 0 -9 9 0
2954 1477 0 -8 8 0
2954 1477 0 -7 7 0
2954 1477 0 -6 6 0
2954 1477 0 -5 5 0
2954 1477 0 -4 4 0
2954 1477 0 -3 3 0
2954 1477 0 -2 2 0
2954 1477 0 -1 1 0
2954 1477 0 1 -1 0
2954 1477 0 2 -2 0
2954 1477 0 3 -3 0
2954 1477 0 4 -4 0
2954 1477 0 5 -5 0
2954 1477 0 6 -6 0
2954 1477 0 7 -7 0
2954 1477 0 8 -8 0
2954 1477 0 9 -9 0
2954 1477 0 10 -10 0
2954 1477 0 11 -11 0
2954 1477 0 12 -12 0
2954 1477 0 13 -13 0
2954 1477 0 14 -14 0
2954 1477 0 15 -15 0
2954 1477 0 16 -16 0
2954 1477 0 17 -17 0
2954 1477 0 18 -18 0
2954 1477 0 19 -19 0
2954 1477 0 20 -20 0
2954 1477 0 21 -21 0
2954 1477 0 22 -22 0
2954 1477 0 23 -23 0
2954 1477 0 24 -24 0
2954 1477 0 25 -25 0
2954 1477 0 26 -26 0
2954 1477 0 27 -27 0
2954 1477 0 28 -28 0
2954 1477 0 29 -29 0
2954 1477 0 30 -30 0
2954 1477 0 31 -31 0
2954 1477 0 32 -32 0
2954 1477 0 33 -33 0
2954 1477 0 34 -34 0
2954 1477 0 35 -35 0
2954 1477 0 36 -36 0
2954 1477 0 37 -37 0
2954 1477 0 38 -38 0
2954 1477 0 39 -39 0
2954 1477 0 40 -40 0
2954 1477 0 41 -41 0
2954 1477 0 42 -42 0
2954 1477 0 43 -43 0
2954 1477 0 44 -44 0
2954 1477 0 45 -45 0
2954 1477 0 46 -46 0
2954 1477 0 47 -47 0
2954 1477 0 48 -48 0
2954 1477 0 49 -49 0
2954 1477 0 50 -50 0
2954 1477 0 51 -51 0
2954 1477 0 52 -52 0
2954 1477 0 53 -53 0
2954 1477 0 54 -54 0
2954 1477 0 55 -55 0
2954 1477 0 56 -56 0
2954 1477 0 57 -57 0
2954 1477 0 58 -58 0
2954 1477 0 59 -59 0
2954 1477 0 60 -60 0
2954 1477 0 61 -61 0
2954 1477 0 62 -62 0
2954 1477 0 63 -63 0
2954 1477 0 64 -64 0
2954 1477 0 65 -65 0
2954 1477 0 66 -66 0
2954 1477 0 67 -67 0
2954 1477 0 68 -68 0
2954 1477 0 69 -69 0
2954 1477 0 70 -70 0
2954 1477 0 71 -71 0
2954 1477 0 72 -72 0
2954 1477 0 73 -73 0
2954 1477 0 74 -74 0
2954 1477 0 75 -75 0
2954 1477 0 76 -76 0
2954 1477 0 77 -77 0
2954 1477 0 78 -78 0
2954 1477 0 79 -79 0
2954 1477 0 80 -80 0
2954 1477 0 81 -81 0
2954 1477 0 82 -82 0
2954 1477 0 83 -83 0
2954 1477 0 84 -84 0
2954 1477 0 85 -85 0
2954 1477 0 86 -86 0
2954 1477 0 87 -87 0
2954 1477 0 88 -88 0
2954 1477 0 89 -89 0
2954 1477 0 90 -90 0
2954 1477 0 91 -91 0
2954 1477 0 92 -92 0
2954 1477 0 93 -93 0
2954 1477 0 94 -94 0
2954 1477 0 95 -95 0
2954 1477 0 96 -96 0
2954 1477 0 97 -97 0
2954 1477 0 98 -98 0
2954 1477 0 99 -99 0
2954 1477 0 100 -100 0
2954 1477 0 101 -101 0
2954 1477 0 102 -102 0
2954 1477 0 103 -103 0
2954 1477 0 104 -104 0
2954 1477 0 105 -105 0
2954 1477 0 106 -106 0
2954 1477 0 107 -107 0
2954 1477 0 108 -108 0
2954 1477 0 109 -109 0
2954 1477 0 110 -110 0
2954 1477 0 111 -111 0
2954 1477 0 112 -112 0
2954 1477 0 113 -113 0
2954 1477 0 114 -114 0
2954 1477 0 115 -115 0
2954 1477 0 116 -116 0
2954 1477 0 117 -117 0
2954 1477 0 118 -118 0
2954 1477 0 119 -119 0
2954 1477 0 120 -120 0
2954 1477 0 121 -121 0
2954 1477 0 122 -122 0
2954 1477 0 123 -123 0
2954 1477 0 124 -124 0
2954 1477 0 125 -125 0
2954 1477 0 126 -126 0
2954 1477 0 127 -127 0
2954 1477 0 128 -128 0
2954 1477 0 129 -129 0
2954 1477 0 130 -130 0
2954 1477 0 131 -131 0
2954 1477 0 132 -132 0
2954 1477 0 133 -133 0
2954 1477 0 134 -134 0
2954 1477 0 135 -135 0
2954 1477 0 136 -136 0
2954 1477 0 137 -137 0
2954 1477 0 138 -138 0
2954 1477 0 139 -139 0
2954 1477 0 140 -140 0
2954 1477 0 141 -141 0
2954 1477 0 142 -142 0
2954 1477 0 143 -143 0
2954 1477 0 144 -144 0
2954 1477 0 145 -145 0
2954 1477 0 146 -146 0
2954 1477 0 147 -147 0
2954 1477 0 148 -148 0
2954 1477 0 149 -149 0
2954 1477 0 150 -150 0
2956 1478 0 -150 150 0
2956 1478 0 -149 149 0
2956 1478 0 -148 148 0
2956 1478 0 -147 147 0
2956 1478 0 -146 146 0
2956 1478 0 -145 145 0
2956 1478 0 -144 144 0
2956 1478 0 -143 143 0
2956 1478 0 -142 142 0
2956 1478 0 -141 141 0
2956 1478 0 -140 140 0
2956 1478 0 -139 139 0
2956 1478 0 -138 138 0
2956 1478 0 -137 137 0
2956 1478 0 -136 136 0
2956 1478 0 -135 135 0
2956 1478 0 -134 134 0
2956 1478 0 -133 133 0
2956 1478 0 -132 132 0
2956 1478 0 -131 131 0
2956 1478 0 -130 130 0
2956 1478 0 -129 129 0
2956 1478 0 -128 128 0
2956 1478 0 -127 127 0
2956 1478 0 -126 126 0
2956 1478 0 -125 125 0
2956 1478 0 -124 124 0
2956 1478 0 -123 123 0
2956 1478 0 -122 122 0
2956 1478 0 -121 121 0
2956 1478 0 -120 120 0
2956 1478 0 -119 119 0
2956 1478 0 -118 118 0
2956 1478 0 -117 117 0
2956 1478 0 -116 116 0
2956 1478 0 -115 115 0
2956 1478 0 -114 114 0
2956 1478 0 -113 113 0
2956 1478 0 -112 112 0
2956 1478 0 -111 111 0
2956 1478 0 -110 110 0
2956 1478 0 -109 109 0
2956 1478 0 -108 108 0
2956 1478 0 -107 107 0
2956 1478 0 -106 106 0
2956 1478 0 -105 105 0
2956 1478 0 -104 104 0
2956 1478 0 -103 103 0
2956 1478 0 -102 102 0
2956 1478 0 -101 101 0
2956 1478 0 -100 100 0
2956 1478 0 -99 99 0
2956 1478 0 -98 98 0
2956 1478 0 -97 97 0
2956 1478 0 -96 96 0
2956 1478 0 -95 95 0
2956 1478 0 -94 94 0
2956 1478 0 -93 93 0
2956 1478 0 -92 92 0
2956 1478 0 -91 91 0
2956 1478 0 -90 90 0
2956 1478 0 -89 89 0
2956 1478 0 -88 88 0
2956 1478 0 -87 87 0
2956 1478 0 -86 86 0
2956 1478 0 -85 85 0
2956 1478 0 -84 84 0
2956 1478 0 -83 83 0
2956 1478 0 -82 82 0
2956 1478 0 -81 81 0
2956 1478 0 -80 80 0
2956 1478 0 -79 79 0
2956 1478 0 -78 78 0
2956 1478 0 -77 77 0
2956 1478 0 -76 76 0
2956 1478 0 -75 75 0
2956 1478 0 -74 74 0
2956 1478 0 -73 73 0
2956 1478 0 -72 72 0
2956 1478 0 -71 71 0
2956 1478 0 -70 70 0
2956 1478 0 -69 69 0
2956 1478 0 -68 68 0
2956 1478 0 -67 67 0
2956 1478 0 -66 66 0
2956 1478 0 -65 65 0
2956 1478 0 -64 64 0
2956 1478 0 -63 63 0
2956 1478 0 -62 62 0
2956 1478 0 -61 61 0
2956 1478 0 -60 60 0
2956 1478 0 -59 59 0
2956 1478 0 -58 58 0
2956 1478 0 -57 57 0
2956 1478 0 -56 56 0
2956 1478 0 -55 55 0
2956 1478 0 -54 54 0
2956 1478 0 -53 53 0
2956 1478 0 -52 52 0
2956 1478 0 -51 51 0
2956 1478 0 -50 50 0
2956 1478 0 -49 49 0
2956 1478 0 -48 48 0
2956 1478 0 -47 47 0
2956 1478 0 -46 46 0
2956 1478 0 -45 45 0
2956 1478 0 -44 44 0
2956 1478 0 -43 43 0
2956 1478 0 -42 42 0
2956 1478 0 -41 41 0
2956 1478 0 -40 40 0
2956 1478 0 -39 39 0
2956 1478 0 -38 38 0
2956 1478 0 -37 37 0
2956 1478 0 -36 36 0
2956 1478 0 -35 35 0
2956 1478 0 -34 34 0
2956 1478 0 -33 33 0
2956 1478 0 -32 32 0
2956 1478 0 -31 31 0
2956 1478 0 -30 30 0
2956 1478 0 -29 29 0
2956 1478 0 -28 28 0
2956 1478 0 -27 27 0
2956 1478 0 -26 26 0
2956 1478 0 -25 25 0
2956 1478 0 -24 24 0
2956 1478 0 -23 23 0
2956 1478 0 -22 22 0
2956 1478 0 -21 21 0
2956 1478 0 -20 20 0
2956 1478 0 -19 19 0
2956 1478 0 -18 18 0
2956 1478 0 -17 17 0
2956 1478 0 -16 16 0
2956 1478 0 -15 15 0
2956 1478 0 -14 14 0
2956 1478 0 -13 13 0
2956 1478 0 -12 12 0
2956 1478 0 -11 11 0
2956 1478 0 -10 10 0
2956 1478 0 -9 9 0
2956 1478 0 -8 8 0
2956 1478 0 -7 7 0
2956 1478 0 -6 6 0
2956 1478 0 -5 5 0
2956 1478 0 -4 4 0
2956 1478 0 -3 3 0
2956 1478 0 -2 2 0
2956 1478 0 -1 1 0
2956 1478 0 1 -1 0
2956 1478 0 2 -2 0
2956 1478 0 3 -3 0
2956 1478 0 4 -4 0
2956 1478 0 5 -5 0
2956 1478 0 6 -6 0
2956 1478 0 7 -7 0
2956 1478 0 8 -8 0
2956 1478 0 9 -9 0
2956 1478 0 10 -10 0
2956 1478 0 11 -11 0
2956 1478 0 12 -12 0
2956 1478 0 13 -13 0
2956 1478 0 14 -14 0
2956 1478 0 15 -15 0
2956 1478 0 16 -16 0
2956 1478 0 17 -17 0
2956 1478 0 18 -18 0
2956 1478 0 19 -19 0
2956 1478 0 20 -20 0
2956 1478 0 21 -21 0
2956 1478 0 22 -22 0
2956 1478 0 23 -23 0
2956 1478 0 24 -24 0
2956 1478 0 25 -25 0
2956 1478 0 26 -26 0
2956 1478 0 27 -27 0
2956 1478 0 28 -28 0
2956 1478 0 29 -29 0
2956 1478 0 30 -30 0
2956 1478 0 31 -31 0
2956 1478 0 32 -32 0
2956 1478 0 33 -33 0
2956 1478 0 34 -34 0
2956 1478 0 35 -35 0
2956 1478 0 36 -36 0
2956 1478 0 37 -37 0
2956 1478 0 38 -38 0
2956 1478 0 39 -39 0
2956 1478 0 40 -40 0
2956 1478 0 41 -41 0
2956 1478 0 42 -42 0
2956 1478 0 43 -43 0
2956 1478 0 44 -44 0
2956 1478 0 45 -45 0
2956 1478 0 46 -46 0
2956 1478 0 47 -47 0
2956 1478 0 48 -48 0
2956 1478 0 49 -49 0
2956 1478 0 50 -50 0
2956 1478 0 51 -51 0
2956 1478 0 52 -52 0
2956 1478 0 53 -53 0
2956 1478 0 54 -54 0
2956 1478 0 55 -55 0
2956 1478 0 56 -56 0
2956 1478 0 57 -57 0
2956 1478 0 58 -58 0
2956 1478 0 59 -59 0
2956 1478 0 60 -60 0
2956 1478 0 61 -61 0
2956 1478 0 62 -62 0
2956 1478 0 63 -63 0
2956 1478 0 64 -64 0
2956 1478 0 65 -65 0
2956 1478 0 66 -66 0
2956 1478 0 67 -67 0
2956 1478 0 68 -68 0
2956 1478 0 69 -69 0
2956 1478 0 70 -70 0
2956 1478 0 71 -71 0
2956 1478 0 72 -72 0
2956 1478 0 73 -73 0
2956 1478 0 74 -74 0
2956 1478 0 75 -75 0
2956 1478 0 76 -76 0
2956 1478 0 77 -77 0
2956 1478 0 78 -78 0
2956 1478 0 79 -79 0
2956 1478 0 80 -80 0
2956 1478 0 81 -81 0
2956 1478 0 82 -82 0
2956 1478 0 83 -83 0
2956 1478 0 84 -84 0
2956 1478 0 85 -85 0
2956 1478 0 86 -86 0
2956 1478 0 87 -87 0
2956 1478 0 88 -88 0
2956 1478 0 89 -89 0
2956 1478 0 90 -90 0
2956 1478 0 91 -91 0
2956 1478 0 92 -92 0
2956 1478 0 93 -93 0
2956 1478 0 94 -94 0
2956 1478 0 95 -95 0
2956 1478 0 96 -96 0
2956 1478 0 97 -97 0
2956 1478 0 98 -98 0
2956 1478 0 99 -99 0
2956 1478 0 100 -100 0
2956 1478 0 101 -101 0
2956 1478 0 102 -102 0
2956 1478 0 103 -103 0
2956 1478 0 104 -104 0
2956 1478 0 105 -105 0
2956 1478 0 106 -106 0
2956 1478 0 107 -107 0
2956 1478 0 108 -108 0
2956 1478 0 109 -109 0
2956 1478 0 110 -110 0
2956 1478 0 111 -111 0
2956 1478 0 112 -112 0
2956 1478 0 113 -113 0
2956 1478 0 114 -114 0
2956 1478 0 115 -115 0
2956 1478 0 116 -116 0
2956 1478 0 117 -117 0
2956 1478 0 118 -118 0
2956 1478 0 119 -119 0
2956 1478 0 120 -120 0
2956 1478 0 121 -121 0
2956 1478 0 122 -122 0
2956 1478 0 123 -123 0
2956 1478 0 124 -124 0
2956 1478 0 125 -125 0
2956 1478 0 126 -126 0
2956 1478 0 127 -127 0
2956 1478 0 128 -128 0
2956 1478 0 129 -129 0
2956 1478 0 130 -130 0
2956 1478 0 131 -131 0
2956 1478 0 132 -132 0
2956 1478 0 133 -133 0
2956 1478 0 134 -134 0
2956 1478 0 135 -135 0
2956 1478 0 136 -136 0
2956 1478 0 137 -137 0
2956 1478 0 138 -138 0
2956 1478 0 139 -139 0
2956 1478 0 140 -140 0
2956 1478 0 141 -141 0
2956 1478 0 142 -142 0
2956 1478 0 143 -143 0
2956 1478 0 144 -144 0
2956 1478 0 145 -145 0
2956 1478 0 146 -146 0
2956 1478 0 147 -147 0
2956 1478 0 148 -148 0
2956 1478 0 149 -149 0
2956 1478 0 150 -150 0
2958 1479 0 -150 150 0
2958 1479 0 -149 149 0
2958 1479 0 -148 148 0
2958 1479 0 -147 147 0
2958 1479 0 -146 146 0
2958 1479 0 -145 145 0
2958 1479 0 -144 144 0
2958 1479 0 -143 143 0
2958 1479 0 -142 142 0
2958 1479 0 -141 141 0
2958 1479 0 -140 140 0
2958 1479 0 -139 139 0
2958 1479 0 -138 138 0
2958 1479 0 -137 137 0
2958 1479 0 -136 136 0
2958 1479 0 -135 135 0
2958 1479 0 -134 134 0
2958 1479 0 -133 133 0
2958 1479 0 -132 132 0
2958 1479 0 -131 131 0
2958 1479 0 -130 130 0
2958 1479 0 -129 129 0
2958 1479 0 -128 128 0
2958 1479 0 -127 127 0
2958 1479 0 -126 126 0
2958 1479 0 -125 125 0
2958 1479 0 -124 124 0
2958 1479 0 -123 123 0
2958 1479 0 -122 122 0
2958 1479 0 -121 121 0
2958 1479 0 -120 120 0
2958 1479 0 -119 119 0
2958 1479 0 -118 118 0
2958 1479 0 -117 117 0
2958 1479 0 -116 116 0
2958 1479 0 -115 115 0
2958 1479 0 -114 114 0
2958 1479 0 -113 113 0
2958 1479 0 -112 112 0
2958 1479 0 -111 111 0
2958 1479 0 -110 110 0
2958 1479 0 -109 109 0
2958 1479 0 -108 108 0
2958 1479 0 -107 107 0
2958 1479 0 -106 106 0
2958 1479 0 -105 105 0
2958 1479 0 -104 104 0
2958 1479 0 -103 103 0
2958 1479 0 -102 102 0
2958 1479 0 -101 101 0
2958 1479 0 -100 100 0
2958 1479 0 -99 99 0
2958 1479 0 -98 98 0
2958 1479 0 -97 97 0
2958 1479 0 -96 96 0
2958 1479 0 -95 95 0
2958 1479 0 -94 94 0
2958 1479 0 -93 93 0
2958 1479 0 -92 92 0
2958 1479 0 -91 91 0
2958 1479 0 -90 90 0
2958 1479 0 -89 89 0
2958 1479 0 -88 88 0
2958 1479 0 -87 87 0
2958 1479 0 -86 86 0
2958 1479 0 -85 85 0
2958 1479 0 -84 84 0
2958 1479 0 -83 83 0
2958 1479 0 -82 82 0
2958 1479 0 -81 81 0
2958 1479 0 -80 80 0
2958 1479 0 -79 79 0
2958 1479 0 -78 78 0
2958 1479 0 -77 77 0
2958 1479 0 -76 76 0
2958 1479 0 -75 75 0
2958 1479 0 -74 74 0
2958 1479 0 -73 73 0
2958 1479 0 -72 72 0
2958 1479 0 -71 71 0
2958 1479 0 -70 70 0
2958 1479 0 -69 69 0
2958 1479 0 -68 68 0
2958 1479 0 -67 67 0
2958 1479 0 -66 66 0
2958 1479 0 -65 65 0
2958 1479 0 -64 64 0
2958 1479 0 -63 63 0
2958 1479 0 -62 62 0
2958 1479 0 -61 61 0
2958 1479 0 -60 60 0
2958 1479 0 -59 59 0
2958 1479 0 -58 58 0
2958 1479 0 -57 57 0
2958 1479 0 -56 56 0
2958 1479 0 -55 55 0
2958 1479 0 -54 54 0
2958 1479 0 -53 53 0
2958 1479 0 -52 52 0
2958 1479 0 -51 51 0
2958 1479 0 -50 50 0
2958 1479 0 -49 49 0
2958 1479 0 -48 48 0
2958 1479 0 -47 47 0
2958 1479 0 -46 46 0
2958 1479 0 -45 45 0
2958 1479 0 -44 44 0
2958 1479 0 -43 43 0
2958 1479 0 -42 42 0
2958 1479 0 -41 41 0
2958 1479 0 -40 40 0
2958 1479 0 -39 39 0
2958 1479 0 -38 38 0
2958 1479 0 -37 37 0
2958 1479 0 -36 36 0
2958 1479 0 -35 35 0
2958 1479 0 -34 34 0
2958 1479 0 -33 33 0
2958 1479 0 -32 32 0
2958 1479 0 -31 31 0
2958 1479 0 -30 30 0
2958 1479 0 -29 29 0
2958 1479 0 -28 28 0
2958 1479 0 -27 27 0
2958 1479 0 -26 26 0
2958 1479 0 -25 25 0
2958 1479 0 -24 24 0
2958 1479 0 -23 23 0
2958 1479 0 -22 22 0
2958 1479 0 -21 21 0
2958 1479 0 -20 20 0
2958 1479 0 -19 19 0
2958 1479 0 -18 18 0
2958 1479 0 -17 17 0
2958 1479 0 -16 16 0
2958 1479 0 -15 15 0
2958 1479 0 -14 14 0
2958 1479 0 -13 13 0
2958 1479 0 -12 12 0
2958 1479 0 -11 11 0
2958 1479 0 -10 10 0
2958 1479 0 -9 9 0
2958 1479 0 -8 8 0
2958 1479 0 -7 7 0
2958 1479 0 -6 6 0
2958 1479 0 -5 5 0
2958 1479 0 -4 4 0
2958 1479 0 -3 3 0
2958 1479 0 -2 2 0
2958 1479 0 -1 1 0
2958 1479 0 1 -1 0
2958 1479 0 2 -2 0
2958 1479 0 3 -3 0
2958 1479 0 4 -4 0
2958 1479 0 5 -5 0
2958 1479 0 6 -6 0
2958 1479 0 7 -7 0
2958 1479 0 8 -8 0
2958 1479 0 9 -9 0
2958 1479 0 10 -10 0
2958 1479 0 11 -11 0
2958 1479 0 12 -12 0
2958 1479 0 13 -13 0
2958 1479 0 14 -14 0
2958 1479 0 15 -15 0
2958 1479 0 16 -16 0
2958 1479 0 17 -17 0
2958 1479 0 18 -18 0
2958 1479 0 19 -19 0
2958 1479 0 20 -20 0
2958 1479 0 21 -21 0
2958 1479 0 22 -22 0
2958 1479 0 23 -23 0
2958 1479 0 24 -24 0
2958 1479 0 25 -25 0
2958 1479 0 26 -26 0
2958 1479 0 27 -27 0
2958 1479 0 28 -28 0
2958 1479 0 29 -29 0
2958 1479 0 30 -30 0
2958 1479 0 31 -31 0
2958 1479 0 32 -32 0
2958 1479 0 33 -33 0
2958 1479 0 34 -34 0
2958 1479 0 35 -35 0
2958 1479 0 36 -36 0
2958 1479 0 37 -37 0
2958 1479 0 38 -38 0
2958 1479 0 39 -39 0
2958 1479 0 40 -40 0
2958 1479 0 41 -41 0
2958 1479 0 42 -42 0
2958 1479 0 43 -43 0
2958 1479 0 44 -44 0
2958 1479 0 45 -45 0
2958 1479 0 46 -46 0
2958 1479 0 47 -47 0
2958 1479 0 48 -48 0
2958 1479 0 49 -49 0
2958 1479 0 50 -50 0
2958 1479 0 51 -51 0
2958 1479 0 52 -52 0
2958 1479 0 53 -53 0
2958 1479 0 54 -54 0
2958 1479 0 55 -55 0
2958 1479 0 56 -56 0
2958 1479 0 57 -57 0
2958 1479 0 58 -58 0
2958 1479 0 59 -59 0
2958 1479 0 60 -60 0
2958 1479 0 61 -61 0
2958 1479 0 62 -62 0
2958 1479 0 63 -63 0
2958 1479 0 64 -64 0
2958 1479 0 65 -65 0
2958 1479 0 66 -66 0
2958 1479 0 67 -67 0
2958 1479 0 68 -68 0
2958 1479 0 69 -69 0
2958 1479 0 70 -70 0
2958 1479 0 71 -71 0
2958 1479 0 72 -72 0
2958 1479 0 73 -73 0
2958 1479 0 74 -74 0
2958 1479 0 75 -75 0
2958 1479 0 76 -76 0
2958 1479 0 77 -77 0
2958 1479 0 78 -78 0
2958 1479 0 79 -79 0
2958 1479 0 80 -80 0
2958 1479 0 81 -81 0
2958 1479 0 82 -82 0
2958 1479 0 83 -83 0
2958 1479 0 84 -84 0
2958 1479 0 85 -85 0
2958 1479 0 86 -86 0
2958 1479 0 87 -87 0
2958 1479 0 88 -88 0
2958 1479 0 89 -89 0
2958 1479 0 90 -90 0
2958 1479 0 91 -91 0
2958 1479 0 92 -92 0
2958 1479 0 93 -93 0
2958 1479 0 94 -94 0
2958 1479 0 95 -95 0
2958 1479 0 96 -96 0
2958 1479 0 97 -97 0
2958 1479 0 98 -98 0
2958 1479 0 99 -99 0
2958 1479 0 100 -100 0
2958 1479 0 101 -101 0
2958 1479 0 102 -102 0
2958 1479 0 103 -103 0
2958 1479 0 104 -104 0
2958 1479 0 105 -105 0
2958 1479 0 106 -106 0
2958 1479 0 107 -107 0
2958 1479 0 108 -108 0
2958 1479 0 109 -109 0
2958 1479 0 110 -110 0
2958 1479 0 111 -111 0
2958 1479 0 112 -112 0
2958 1479 0 113 -113 0
2958 1479 0 114 -114 0
2958 1479 0 115 -115 0
2958 1479 0 116 -116 0
2958 1479 0 117 -117 0
2958 1479 0 118 -118 0
2958 1479 0 119 -119 0
2958 1479 0 120 -120 0
2958 1479 0 121 -121 0
2958 1479 0 122 -122 0
2958 1479 0 123 -123 0
2958 1479 0 124 -124 0
2958 1479 0 125 -125 0
2958 1479 0 126 -126 0
2958 1479 0 127 -127 0
2958 1479 0 128 -128 0
2958 1479 0 129 -129 0
2958 1479 0 130 -130 0
2958 1479 0 131 -131 0
2958 1479 0 132 -132 0
2958 1479 0 133 -133 0
2958 1479 0 134 -134 0
2958 1479 0 135 -135 0
2958 1479 0 136 -136 0
2958 1479 0 137 -137 0
2958 1479 0 138 -138 0
2958 1479 0 139 -139 0
2958 1479 0 140 -140 0
2958 1479 0 141 -141 0
2958 1479 0 142 -142 0
2958 1479 0 143 -143 0
2958 1479 0 144 -144 0
2958 1479 0 145 -145 0
2958 1479 0 146 -146 0
2958 1479 0 147 -147 0
2958 1479 0 148 -148 0
2958 1479 0 149 -149 0
2958 1479 0 150 -150 0
2960 1480 0 -150 150 0
2960 1480 0 -149 149 0
2960 1480 0 -148 148 0
2960 1480 0 -147 147 0
2960 1480 0 -146 146 0
2960 1480 0 -145 145 0
2960 1480 0 -144 144 0
2960 1480 0 -143 143 0
2960 1480 0 -142 142 0
2960 1480 0 -141 141 0
2960 1480 0 -140 140 0
2960 1480 0 -139 139 0
2960 1480 0 -138 138 0
2960 1480 0 -137 137 0
2960 1480 0 -136 136 0
2960 1480 0 -135 135 0
2960 1480 0 -134 134 0
2960 1480 0 -133 133 0
2960 1480 0 -132 132 0
2960 1480 0 -131 131 0
2960 1480 0 -130 130 0
2960 1480 0 -129 129 0
2960 1480 0 -128 128 0
2960 1480 0 -127 127 0
2960 1480 0 -126 126 0
2960 1480 0 -125 125 0
2960 1480 0 -124 124 0
2960 1480 0 -123 123 0
2960 1480 0 -122 122 0
2960 1480 0 -121 121 0
2960 1480 0 -120 120 0
2960 1480 0 -119 119 0
2960 1480 0 -118 118 0
2960 1480 0 -117 117 0
2960 1480 0 -116 116 0
2960 1480 0 -115 115 0
2960 1480 0 -114 114 0
2960 1480 0 -113 113 0
2960 1480 0 -112 112 0
2960 1480 0 -111 111 0
2960 1480 0 -110 110 0
2960 1480 0 -109 109 0
2960 1480 0 -108 108 0
2960 1480 0 -107 107 0
2960 1480 0 -106 106 0
2960 1480 0 -105 105 0
2960 1480 0 -104 104 0
2960 1480 0 -103 103 0
2960 1480 0 -102 102 0
2960 1480 0 -101 101 0
2960 1480 0 -100 100 0
2960 1480 0 -99 99 0
2960 1480 0 -98 98 0
2960 1480 0 -97 97 0
2960 1480 0 -96 96 0
2960 1480 0 -95 95 0
2960 1480 0 -94 94 0
2960 1480 0 -93 93 0
2960 1480 0 -92 92 0
2960 1480 0 -91 91 0
2960 1480 0 -90 90 0
2960 1480 0 -89 89 0
2960 1480 0 -88 88 0
2960 1480 0 -87 87 0
2960 1480 0 -86 86 0
2960 1480 0 -85 85 0
2960 1480 0 -84 84 0
2960 1480 0 -83 83 0
2960 1480 0 -82 82 0
2960 1480 0 -81 81 0
2960 1480 0 -80 80 0
2960 1480 0 -79 79 0
2960 1480 0 -78 78 0
2960 1480 0 -77 77 0
2960 1480 0 -76 76 0
2960 1480 0 -75 75 0
2960 1480 0 -74 74 0
2960 1480 0 -73 73 0
2960 1480 0 -72 72 0
2960 1480 0 -71 71 0
2960 1480 0 -70 70 0
2960 1480 0 -69 69 0
2960 1480 0 -68 68 0
2960 1480 0 -67 67 0
2960 1480 0 -66 66 0
2960 1480 0 -65 65 0
2960 1480 0 -64 64 0
2960 1480 0 -63 63 0
2960 1480 0 -62 62 0
2960 1480 0 -61 61 0
2960 1480 0 -60 60 0
2960 1480 0 -59 59 0
2960 1480 0 -58 58 0
2960 1480 0 -57 57 0
2960 1480 0 -56 56 0
2960 1480 0 -55 55 0
2960 1480 0 -54 54 0
2960 1480 0 -53 53 0
2960 1480 0 -52 52 0
2960 1480 0 -51 51 0
2960 1480 0 -50 50 0
2960 1480 0 -49 49 0
2960 1480 0 -48 48 0
2960 1480 0 -47 47 0
2960 1480 0 -46 46 0
2960 1480 0 -45 45 0
2960 1480 0 -44 44 0
2960 1480 0 -43 43 0
2960 1480 0 -42 42 0
2960 1480 0 -41 41 0
2960 1480 0 -40 40 0
2960 1480 0 -39 39 0
2960 1480 0 -38 38 0
2960 1480 0 -37 37 0
2960 1480 0 -36 36 0
2960 1480 0 -35 35 0
2960 1480 0 -34 34 0
2960 1480 0 -33 33 0
2960 1480 0 -32 32 0
2960 1480 0 -31 31 0
2960 1480 0 -30 30 0
2960 1480 0 -29 29 0
2960 1480 0 -28 28 0
2960 1480 0 -27 27 0
2960 1480 0 -26 26 0
2960 1480 0 -25 25 0
2960 1480 0 -24 24 0
2960 1480 0 -23 23 0
2960 1480 0 -22 22 0
2960 1480 0 -21 21 0
2960 1480 0 -20 20 0
2960 1480 0 -19 19 0
2960 1480 0 -18 18 0
2960 1480 0 -17 17 0
2960 1480 0 -16 16 0
2960 1480 0 -15 15 0
2960 1480 0 -14 14 0
2960 1480 0 -13 13 0
2960 1480 0 -12 12 0
2960 1480 0 -11 11 0
2960 1480 0 -10 10 0
2960 1480 0 -9 9 0
2960 1480 0 -8 8 0
2960 1480 0 -7 7 0
2960 1480 0 -6 6 0
2960 1480 0 -5 5 0
2960 1480 0 -4 4 0
2960 1480 0 -3 3 0
2960 1480 0 -2 2 0
2960 1480 0 -1 1 0
2960 1480 0 1 -1 0
2960 1480 0 2 -2 0
2960 1480 0 3 -3 0
2960 1480 0 4 -4 0
2960 1480 0 5 -5 0
2960 1480 0 6 -6 0
2960 1480 0 7 -7 0
2960 1480 0 8 -8 0
2960 1480 0 9 -9 0
2960 1480 0 10 -10 0
2960 1480 0 11 -11 0
2960 1480 0 12 -12 0
2960 1480 0 13 -13 0
2960 1480 0 14 -14 0
2960 1480 0 15 -15 0
2960 1480 0 16 -16 0
2960 1480 0 17 -17 0
2960 1480 0 18 -18 0
2960 1480 0 19 -19 0
2960 1480 0 20 -20 0
2960 1480 0 21 -21 0
2960 1480 0 22 -22 0
2960 1480 0 23 -23 0
2960 1480 0 24 -24 0
2960 1480 0 25 -25 0
2960 1480 0 26 -26 0
2960 1480 0 27 -27 0
2960 1480 0 28 -28 0
2960 1480 0 29 -29 0
2960 1480 0 30 -30 0
2960 1480 0 31 -31 0
2960 1480 0 32 -32 0
2960 1480 0 33 -33 0
2960 1480 0 34 -34 0
2960 1480 0 35 -35 0
2960 1480 0 36 -36 0
2960 1480 0 37 -37 0
2960 1480 0 38 -38 0
2960 1480 0 39 -39 0
2960 1480 0 40 -40 0
2960 1480 0 41 -41 0
2960 1480 0 42 -42 0
2960 1480 0 43 -43 0
2960 1480 0 44 -44 0
2960 1480 0 45 -45 0
2960 1480 0 46 -46 0
2960 1480 0 47 -47 0
2960 1480 0 48 -48 0
2960 1480 0 49 -49 0
2960 1480 0 50 -50 0
2960 1480 0 51 -51 0
2960 1480 0 52 -52 0
2960 1480 0 53 -53 0
2960 1480 0 54 -54 0
2960 1480 0 55 -55 0
2960 1480 0 56 -56 0
2960 1480 0 57 -57 0
2960 1480 0 58 -58 0
2960 1480 0 59 -59 0
2960 1480 0 60 -60 0
2960 1480 0 61 -61 0
2960 1480 0 62 -62 0
2960 1480 0 63 -63 0
2960 1480 0 64 -64 0
2960 1480 0 65 -65 0
2960 1480 0 66 -66 0
2960 1480 0 67 -67 0
2960 1480 0 68 -68 0
2960 1480 0 69 -69 0
2960 1480 0 70 -70 0
2960 1480 0 71 -71 0
2960 1480 0 72 -72 0
2960 1480 0 73 -73 0
2960 1480 0 74 -74 0
2960 1480 0 75 -75 0
2960 1480 0 76 -76 0
2960 1480 0 77 -77 0
2960 1480 0 78 -78 0
2960 1480 0 79 -79 0
2960 1480 0 80 -80 0
2960 1480 0 81 -81 0
2960 1480 0 82 -82 0
2960 1480 0 83 -83 0
2960 1480 0 84 -84 0
2960 1480 0 85 -85 0
2960 1480 0 86 -86 0
2960 1480 0 87 -87 0
2960 1480 0 88 -88 0
2960 1480 0 89 -89 0
2960 1480 0 90 -90 0
2960 1480 0 91 -91 0
2960 1480 0 92 -92 0
2960 1480 0 93 -93 0
2960 1480 0 94 -94 0
2960 1480 0 95 -95 0
2960 1480 0 96 -96 0
2960 1480 0 97 -97 0
2960 1480 0 98 -98 0
2960 1480 0 99 -99 0
2960 1480 0 100 -100 0
2960 1480 0 101 -101 0
2960 1480 0 102 -102 0
2960 1480 0 103 -103 0
2960 1480 0 104 -104 0
2960 1480 0 105 -105 0
2960 1480 0 106 -106 0
2960 1480 0 107 -107 0
2960 1480 0 108 -108 0
2960 1480 0 109 -109 0
2960 1480 0 110 -110 0
2960 1480 0 111 -111 0
2960 1480 0 112 -112 0
2960 1480 0 113 -113 0
2960 1480 0 114 -114 0
2960 1480 0 115 -115 0
2960 1480 0 116 -116 0
2960 1480 0 117 -117 0
2960 1480 0 118 -118 0
2960 1480 0 119 -119 0
2960 1480 0 120 -120 0
2960 1480 0 121 -121 0
2960 1480 0 122 -122 0
2960 1480 0 123 -123 0
2960 1480 0 124 -124 0
2960 1480 0 125 -125 0
2960 1480 0 126 -126 0
2960 1480 0 127 -127 0
2960 1480 0 128 -128 0
2960 1480 0 129 -129 0
2960 1480 0 130 -130 0
2960 1480 0 131 -131 0
2960 1480 0 132 -132 0
2960 1480 0 133 -133 0
2960 1480 0 134 -134 0
2960 1480 0 135 -135 0
2960 1480 0 136 -136 0
2960 1480 0 137 -137 0
2960 1480 0 138 -138 0
2960 1480 0 139 -139 0
2960 1480 0 140 -140 0
2960 1480 0 141 -141 0
2960 1480 0 142 -142 0
2960 1480 0 143 -143 0
2960 1480 0 144 -144 0
2960 1480 0 145 -145 0
2960 1480 0 146 -146 0
2960 1480 0 147 -147 0
2960 1480 0 148 -148 0
2960 1480 0 149 -149 0
2960 1480 0 150 -150 0
2962 1481 0 -150 150 0
2962 1481 0 -149 149 0
2962 1481 0 -148 148 0
2962 1481 0 -147 147 0
2962 1481 0 -146 146 0
2962 1481 0 -145 145 0
2962 1481 0 -144 144 0
2962 1481 0 -143 143 0
2962 1481 0 -142 142 0
2962 1481 0 -141 141 0
2962 1481 0 -140 140 0
2962 1481 0 -139 139 0
2962 1481 0 -138 138 0
2962 1481 0 -137 137 0
2962 1481 0 -136 136 0
2962 1481 0 -135 135 0
2962 1481 0 -134 134 0
2962 1481 0 -133 133 0
2962 1481 0 -132 132 0
2962 1481 0 -131 131 0
2962 1481 0 -130 130 0
2962 1481 0 -129 129 0
2962 1481 0 -128 128 0
2962 1481 0 -127 127 0
2962 1481 0 -126 126 0
2962 1481 0 -125 125 0
2962 1481 0 -124 124 0
2962 1481 0 -123 123 0
2962 1481 0 -122 122 0
2962 1481 0 -121 121 0
2962 1481 0 -120 120 0
2962 1481 0 -119 119 0
2962 1481 0 -118 118 0
2962 1481 0 -117 117 0
2962 1481 0 -116 116 0
2962 1481 0 -115 115 0
2962 1481 0 -114 114 0
2962 1481 0 -113 113 0
2962 1481 0 -112 112 0
2962 1481 0 -111 111 0
2962 1481 0 -110 110 0
2962 1481 0 -109 109 0
2962 1481 0 -108 108 0
2962 1481 0 -107 107 0
2962 1481 0 -106 106 0
2962 1481 0 -105 105 0
2962 1481 0 -104 104 0
2962 1481 0 -103 103 0
2962 1481 0 -102 102 0
2962 1481 0 -101 101 0
2962 1481 0 -100 100 0
2962 1481 0 -99 99 0
2962 1481 0 -98 98 0
2962 1481 0 -97 97 0
2962 1481 0 -96 96 0
2962 1481 0 -95 95 0
2962 1481 0 -94 94 0
2962 1481 0 -93 93 0
2962 1481 0 -92 92 0
2962 1481 0 -91 91 0
2962 1481 0 -90 90 0
2962 1481 0 -89 89 0
2962 1481 0 -88 88 0
2962 1481 0 -87 87 0
2962 1481 0 -86 86 0
2962 1481 0 -85 85 0
2962 1481 0 -84 84 0
2962 1481 0 -83 83 0
2962 1481 0 -82 82 0
2962 1481 0 -81 81 0
2962 1481 0 -80 80 0
2962 1481 0 -79 79 0
2962 1481 0 -78 78 0
2962 1481 0 -77 77 0
2962 1481 0 -76 76 0
2962 1481 0 -75 75 0
2962 1481 0 -74 74 0
2962 1481 0 -73 73 0
2962 1481 0 -72 72 0
2962 1481 0 -71 71 0
2962 1481 0 -70 70 0
2962 1481 0 -69 69 0
2962 1481 0 -68 68 0
2962 1481 0 -67 67 0
2962 1481 0 -66 66 0
2962 1481 0 -65 65 0
2962 1481 0 -64 64 0
2962 1481 0 -63 63 0
2962 1481 0 -62 62 0
2962 1481 0 -61 61 0
2962 1481 0 -60 60 0
2962 1481 0 -59 59 0
2962 1481 0 -58 58 0
2962 1481 0 -57 57 0
2962 1481 0 -56 56 0
2962 1481 0 -55 55 0
2962 1481 0 -54 54 0
2962 1481 0 -53 53 0
2962 1481 0 -52 52 0
2962 1481 0 -51 51 0
2962 1481 0 -50 50 0
2962 1481 0 -49 49 0
2962 1481 0 -48 48 0
2962 1481 0 -47 47 0
2962 1481 0 -46 46 0
2962 1481 0 -45 45 0
2962 1481 0 -44 44 0
2962 1481 0 -43 43 0
2962 1481 0 -42 42 0
2962 1481 0 -41 41 0
2962 1481 0 -40 40 0
2962 1481 0 -39 39 0
2962 1481 0 -38 38 0
2962 1481 0 -37 37 0
2962 1481 0 -36 36 0
2962 1481 0 -35 35 0
2962 1481 0 -34 34 0
2962 1481 0 -33 33 0
2962 1481 0 -32 32 0
2962 1481 0 -31 31 0
2962 1481 0 -30 30 0
2962 1481 0 -29 29 0
2962 1481 0 -28 28 0
2962 1481 0 -27 27 0
2962 1481 0 -26 26 0
2962 1481 0 -25 25 0
2962 1481 0 -24 24 0
2962 1481 0 -23 23 0
2962 1481 0 -22 22 0
2962 1481 0 -21 21 0
2962 1481 0 -20 20 0
2962 1481 0 -19 19 0
2962 1481 0 -18 18 0
2962 1481 0 -17 17 0
2962 1481 0 -16 16 0
2962 1481 0 -15 15 0
2962 1481 0 -14 14 0
2962 1481 0 -13 13 0
2962 1481 0 -12 12 0
2962 1481 0 -11 11 0
2962 1481 0 -10 10 0
2962 1481 0 -9 9 0
2962 1481 0 -8 8 0
2962 1481 0 -7 7 0
2962 1481 0 -6 6 0
2962 1481 0 -5 5 0
2962 1481 0 -4 4 0
2962 1481 0 -3 3 0
2962 1481 0 -2 2 0
2962 1481 0 -1 1 0
2962 1481 0 1 -1 0
2962 1481 0 2 -2 0
2962 1481 0 3 -3 0
2962 1481 0 4 -4 0
2962 1481 0 5 -5 0
2962 1481 0 6 -6 0
2962 1481 0 7 -7 0
2962 1481 0 8 -8 0
2962 1481 0 9 -9 0
2962 1481 0 10 -10 0
2962 1481 0 11 -11 0
2962 1481 0 12 -12 0
2962 1481 0 13 -13 0
2962 1481 0 14 -14 0
2962 1481 0 15 -15 0
2962 1481 0 16 -16 0
2962 1481 0 17 -17 0
2962 1481 0 18 -18 0
2962 1481 0 19 -19 0
2962 1481 0 20 -20 0
2962 1481 0 21 -21 0
2962 1481 0 22 -22 0
2962 1481 0 23 -23 0
2962 1481 0 24 -24 0
2962 1481 0 25 -25 0
2962 1481 0 26 -26 0
2962 1481 0 27 -27 0
2962 1481 0 28 -28 0
2962 1481 0 29 -29 0
2962 1481 0 30 -30 0
2962 1481 0 31 -31 0
2962 1481 0 32 -32 0
2962 1481 0 33 -33 0
2962 1481 0 34 -34 0
2962 1481 0 35 -35 0
2962 1481 0 36 -36 0
2962 1481 0 37 -37 0
2962 1481 0 38 -38 0
2962 1481 0 39 -39 0
2962 1481 0 40 -40 0
2962 1481 0 41 -41 0
2962 1481 0 42 -42 0
2962 1481 0 43 -43 0
2962 1481 0 44 -44 0
2962 1481 0 45 -45 0
2962 1481 0 46 -46 0
2962 1481 0 47 -47 0
2962 1481 0 48 -48 0
2962 1481 0 49 -49 0
2962 1481 0 50 -50 0
2962 1481 0 51 -51 0
2962 1481 0 52 -52 0
2962 1481 0 53 -53 0
2962 1481 0 54 -54 0
2962 1481 0 55 -55 0
2962 1481 0 56 -56 0
2962 1481 0 57 -57 0
2962 1481 0 58 -58 0
2962 1481 0 59 -59 0
2962 1481 0 60 -60 0
2962 1481 0 61 -61 0
2962 1481 0 62 -62 0
2962 1481 0 63 -63 0
2962 1481 0 64 -64 0
2962 1481 0 65 -65 0
2962 1481 0 66 -66 0
2962 1481 0 67 -67 0
2962 1481 0 68 -68 0
2962 1481 0 69 -69 0
2962 1481 0 70 -70 0
2962 1481 0 71 -71 0
2962 1481 0 72 -72 0
2962 1481 0 73 -73 0
2962 1481 0 74 -74 0
2962 1481 0 75 -75 0
2962 1481 0 76 -76 0
2962 1481 0 77 -77 0
2962 1481 0 78 -78 0
2962 1481 0 79 -79 0
2962 1481 0 80 -80 0
2962 1481 0 81 -81 0
2962 1481 0 82 -82 0
2962 1481 0 83 -83 0
2962 1481 0 84 -84 0
2962 1481 0 85 -85 0
2962 1481 0 86 -86 0
2962 1481 0 87 -87 0
2962 1481 0 88 -88 0
2962 1481 0 89 -89 0
2962 1481 0 90 -90 0
2962 1481 0 91 -91 0
2962 1481 0 92 -92 0
2962 1481 0 93 -93 0
2962 1481 0 94 -94 0
2962 1481 0 95 -95 0
2962 1481 0 96 -96 0
2962 1481 0 97 -97 0
2962 1481 0 98 -98 0
2962 1481 0 99 -99 0
2962 1481 0 100 -100 0
2962 1481 0 101 -101 0
2962 1481 0 102 -102 0
2962 1481 0 103 -103 0
2962 1481 0 104 -104 0
2962 1481 0 105 -105 0
2962 1481 0 106 -106 0
2962 1481 0 107 -107 0
2962 1481 0 108 -108 0
2962 1481 0 109 -109 0
2962 1481 0 110 -110 0
2962 1481 0 111 -111 0
2962 1481 0 112 -112 0
2962 1481 0 113 -113 0
2962 1481 0 114 -114 0
2962 1481 0 115 -115 0
2962 1481 0 116 -116 0
2962 1481 0 117 -117 0
2962 1481 0 118 -118 0
2962 1481 0 119 -119 0
2962 1481 0 120 -120 0
2962 1481 0 121 -121 0
2962 1481 0 122 -122 0
2962 1481 0 123 -123 0
2962 1481 0 124 -124 0
2962 1481 0 125 -125 0
2962 1481 0 126 -126 0
2962 1481 0 127 -127 0
2962 1481 0 128 -128 0
2962 1481 0 129 -129 0
2962 1481 0 130 -130 0
2962 1481 0 131 -131 0
2962 1481 0 132 -132 0
2962 1481 0 133 -133 0
2962 1481 0 134 -134 0
2962 1481 0 135 -135 0
2962 1481 0 136 -136 0
2962 1481 0 137 -137 0
2962 1481 0 138 -138 0
2962 1481 0 139 -139 0
2962 1481 0 140 -140 0
2962 1481 0 141 -141 0
2962 1481 0 142 -142 0
2962 1481 0 143 -143 0
2962 1481 0 144 -144 0
2962 1481 0 145 -145 0
2962 1481 0 146 -146 0
2962 1481 0 147 -147 0
2962 1481 0 148 -148 0
2962 1481 0 149 -149 0
2962 1481 0 150 -150 0
2964 1482 0 -150 150 0
2964 1482 0 -149 149 0
2964 1482 0 -148 148 0
2964 1482 0 -147 147 0
2964 1482 0 -146 146 0
2964 1482 0 -145 145 0
2964 1482 0 -144 144 0
2964 1482 0 -143 143 0
2964 1482 0 -142 142 0
2964 1482 0 -141 141 0
2964 1482 0 -140 140 0
2964 1482 0 -139 139 0
2964 1482 0 -138 138 0
2964 1482 0 -137 137 0
2964 1482 0 -136 136 0
2964 1482 0 -135 135 0
2964 1482 0 -134 134 0
2964 1482 0 -133 133 0
2964 1482 0 -132 132 0
2964 1482 0 -131 131 0
2964 1482 0 -130 130 0
2964 1482 0 -129 129 0
2964 1482 0 -128 128 0
2964 1482 0 -127 127 0
2964 1482 0 -126 126 0
2964 1482 0 -125 125 0
2964 1482 0 -124 124 0
2964 1482 0 -123 123 0
2964 1482 0 -122 122 0
2964 1482 0 -121 121 0
2964 1482 0 -120 120 0
2964 1482 0 -119 119 0
2964 1482 0 -118 118 0
2964 1482 0 -117 117 0
2964 1482 0 -116 116 0
2964 1482 0 -115 115 0
2964 1482 0 -114 114 0
2964 1482 0 -113 113 0
2964 1482 0 -112 112 0
2964 1482 0 -111 111 0
2964 1482 0 -110 110 0
2964 1482 0 -109 109 0
2964 1482 0 -108 108 0
2964 1482 0 -107 107 0
2964 1482 0 -106 106 0
2964 1482 0 -105 105 0
2964 1482 0 -104 104 0
2964 1482 0 -103 103 0
2964 1482 0 -102 102 0
2964 1482 0 -101 101 0
2964 1482 0 -100 100 0
2964 1482 0 -99 99 0
2964 1482 0 -98 98 0
2964 1482 0 -97 97 0
2964 1482 0 -96 96 0
2964 1482 0 -95 95 0
2964 1482 0 -94 94 0
2964 1482 0 -93 93 0
2964 1482 0 -92 92 0
2964 1482 0 -91 91 0
2964 1482 0 -90 90 0
2964 1482 0 -89 89 0
2964 1482 0 -88 88 0
2964 1482 0 -87 87 0
2964 1482 0 -86 86 0
2964 1482 0 -85 85 0
2964 1482 0 -84 84 0
2964 1482 0 -83 83 0
2964 1482 0 -82 82 0
2964 1482 0 -81 81 0
2964 1482 0 -80 80 0
2964 1482 0 -79 79 0
2964 1482 0 -78 78 0
2964 1482 0 -77 77 0
2964 1482 0 -76 76 0
2964 1482 0 -75 75 0
2964 1482 0 -74 74 0
2964 1482 0 -73 73 0
2964 1482 0 -72 72 0
2964 1482 0 -71 71 0
2964 1482 0 -70 70 0
2964 1482 0 -69 69 0
2964 1482 0 -68 68 0
2964 1482 0 -67 67 0
2964 1482 0 -66 66 0
2964 1482 0 -65 65 0
2964 1482 0 -64 64 0
2964 1482 0 -63 63 0
2964 1482 0 -62 62 0
2964 1482 0 -61 61 0
2964 1482 0 -60 60 0
2964 1482 0 -59 59 0
2964 1482 0 -58 58 0
2964 1482 0 -57 57 0
2964 1482 0 -56 56 0
2964 1482 0 -55 55 0
2964 1482 0 -54 54 0
2964 1482 0 -53 53 0
2964 1482 0 -52 52 0
2964 1482 0 -51 51 0
2964 1482 0 -50 50 0
2964 1482 0 -49 49 0
2964 1482 0 -48 48 0
2964 1482 0 -47 47 0
2964 1482 0 -46 46 0
2964 1482 0 -45 45 0
2964 1482 0 -44 44 0
2964 1482 0 -43 43 0
2964 1482 0 -42 42 0
2964 1482 0 -41 41 0
2964 1482 0 -40 40 0
2964 1482 0 -39 39 0
2964 1482 0 -38 38 0
2964 1482 0 -37 37 0
2964 1482 0 -36 36 0
2964 1482 0 -35 35 0
2964 1482 0 -34 34 0
2964 1482 0 -33 33 0
2964 1482 0 -32 32 0
2964 1482 0 -31 31 0
2964 1482 0 -30 30 0
2964 1482 0 -29 29 0
2964 1482 0 -28 28 0
2964 1482 0 -27 27 0
2964 1482 0 -26 26 0
2964 1482 0 -25 25 0
2964 1482 0 -24 24 0
2964 1482 0 -23 23 0
2964 1482 0 -22 22 0
2964 1482 0 -21 21 0
2964 1482 0 -20 20 0
2964 1482 0 -19 19 0
2964 1482 0 -18 18 0
2964 1482 0 -17 17 0
2964 1482 0 -16 16 0
2964 1482 0 -15 15 0
2964 1482 0 -14 14 0
2964 1482 0 -13 13 0
2964 1482 0 -12 12 0
2964 1482 0 -11 11 0
2964 1482 0 -10 10 0
2964 1482 0 -9 9 0
2964 1482 0 -8 8 0
2964 1482 0 -7 7 0
2964 1482 0 -6 6 0
2964 1482 0 -5 5 0
2964 1482 0 -4 4 0
2964 1482 0 -3 3 0
2964 1482 0 -2 2 0
2964 1482 0 -1 1 0
2964 1482 0 1 -1 0
2964 1482 0 2 -2 0
2964 1482 0 3 -3 0
2964 1482 0 4 -4 0
2964 1482 0 5 -5 0
2964 1482 0 6 -6 0
2964 1482 0 7 -7 0
2964 1482 0 8 -8 0
2964 1482 0 9 -9 0
2964 1482 0 10 -10 0
2964 1482 0 11 -11 0
2964 1482 0 12 -12 0
2964 1482 0 13 -13 0
2964 1482 0 14 -14 0
2964 1482 0 15 -15 0
2964 1482 0 16 -16 0
2964 1482 0 17 -17 0
2964 1482 0 18 -18 0
2964 1482 0 19 -19 0
2964 1482 0 20 -20 0
2964 1482 0 21 -21 0
2964 1482 0 22 -22 0
2964 1482 0 23 -23 0
2964 1482 0 24 -24 0
2964 1482 0 25 -25 0
2964 1482 0 26 -26 0
2964 1482 0 27 -27 0
2964 1482 0 28 -28 0
2964 1482 0 29 -29 0
2964 1482 0 30 -30 0
2964 1482 0 31 -31 0
2964 1482 0 32 -32 0
2964 1482 0 33 -33 0
2964 1482 0 34 -34 0
2964 1482 0 35 -35 0
2964 1482 0 36 -36 0
2964 1482 0 37 -37 0
2964 1482 0 38 -38 0
2964 1482 0 39 -39 0
2964 1482 0 40 -40 0
2964 1482 0 41 -41 0
2964 1482 0 42 -42 0
2964 1482 0 43 -43 0
2964 1482 0 44 -44 0
2964 1482 0 45 -45 0
2964 1482 0 46 -46 0
2964 1482 0 47 -47 0
2964 1482 0 48 -48 0
2964 1482 0 49 -49 0
2964 1482 0 50 -50 0
2964 1482 0 51 -51 0
2964 1482 0 52 -52 0
2964 1482 0 53 -53 0
2964 1482 0 54 -54 0
2964 1482 0 55 -55 0
2964 1482 0 56 -56 0
2964 1482 0 57 -57 0
2964 1482 0 58 -58 0
2964 1482 0 59 -59 0
2964 1482 0 60 -60 0
2964 1482 0 61 -61 0
2964 1482 0 62 -62 0
2964 1482 0 63 -63 0
2964 1482 0 64 -64 0
2964 1482 0 65 -65 0
2964 1482 0 66 -66 0
2964 1482 0 67 -67 0
2964 1482 0 68 -68 0
2964 1482 0 69 -69 0
2964 1482 0 70 -70 0
2964 1482 0 71 -71 0
2964 1482 0 72 -72 0
2964 1482 0 73 -73 0
2964 1482 0 74 -74 0
2964 1482 0 75 -75 0
2964 1482 0 76 -76 0
2964 1482 0 77 -77 0
2964 1482 0 78 -78 0
2964 1482 0 79 -79 0
2964 1482 0 80 -80 0
2964 1482 0 81 -81 0
2964 1482 0 82 -82 0
2964 1482 0 83 -83 0
2964 1482 0 84 -84 0
2964 1482 0 85 -85 0
2964 1482 0 86 -86 0
2964 1482 0 87 -87 0
2964 1482 0 88 -88 0
2964 1482 0 89 -89 0
2964 1482 0 90 -90 0
2964 1482 0 91 -91 0
2964 1482 0 92 -92 0
2964 1482 0 93 -93 0
2964 1482 0 94 -94 0
2964 1482 0 95 -95 0
2964 1482 0 96 -96 0
2964 1482 0 97 -97 0
2964 1482 0 98 -98 0
2964 1482 0 99 -99 0
2964 1482 0 100 -100 0
2964 1482 0 101 -101 0
2964 1482 0 102 -102 0
2964 1482 0 103 -103 0
2964 1482 0 104 -104 0
2964 1482 0 105 -105 0
2964 1482 0 106 -106 0
2964 1482 0 107 -107 0
2964 1482 0 108 -108 0
2964 1482 0 109 -109 0
2964 1482 0 110 -110 0
2964 1482 0 111 -111 0
2964 1482 0 112 -112 0
2964 1482 0 113 -113 0
2964 1482 0 114 -114 0
2964 1482 0 115 -115 0
2964 1482 0 116 -116 0
2964 1482 0 117 -117 0
2964 1482 0 118 -118 0
2964 1482 0 119 -119 0
2964 1482 0 120 -120 0
2964 1482 0 121 -121 0
2964 1482 0 122 -122 0
2964 1482 0 123 -123 0
2964 1482 0 124 -124 0
2964 1482 0 125 -125 0
2964 1482 0 126 -126 0
2964 1482 0 127 -127 0
2964 1482 0 128 -128 0
2964 1482 0 129 -129 0
2964 1482 0 130 -130 0
2964 1482 0 131 -131 0
2964 1482 0 132 -132 0
2964 1482 0 133 -133 0
2964 1482 0 134 -134 0
2964 1482 0 135 -135 0
2964 1482 0 136 -136 0
2964 1482 0 137 -137 0
2964 1482 0 138 -138 0
2964 1482 0 139 -139 0
2964 1482 0 140 -140 0
2964 1482 0 141 -141 0
2964 1482 0 142 -142 0
2964 1482 0 143 -143 0
2964 1482 0 144 -144 0
2964 1482 0 145 -145 0
2964 1482 0 146 -146 0
2964 1482 0 147 -147 0
2964 1482 0 148 -148 0
2964 1482 0 149 -149 0
2964 1482 0 150 -150 0
2966 1483 0 -150 150 0
2966 1483 0 -149 149 0
2966 1483 0 -148 148 0
2966 1483 0 -147 147 0
2966 1483 0 -146 146 0
2966 1483 0 -145 145 0
2966 1483 0 -144 144 0
2966 1483 0 -143 143 0
2966 1483 0 -142 142 0
2966 1483 0 -141 141 0
2966 1483 0 -140 140 0
2966 1483 0 -139 139 0
2966 1483 0 -138 138 0
2966 1483 0 -137 137 0
2966 1483 0 -136 136 0
2966 1483 0 -135 135 0
2966 1483 0 -134 134 0
2966 1483 0 -133 133 0
2966 1483 0 -132 132 0
2966 1483 0 -131 131 0
2966 1483 0 -130 130 0
2966 1483 0 -129 129 0
2966 1483 0 -128 128 0
2966 1483 0 -127 127 0
2966 1483 0 -126 126 0
2966 1483 0 -125 125 0
2966 1483 0 -124 124 0
2966 1483 0 -123 123 0
2966 1483 0 -122 122 0
2966 1483 0 -121 121 0
2966 1483 0 -120 120 0
2966 1483 0 -119 119 0
2966 1483 0 -118 118 0
2966 1483 0 -117 117 0
2966 1483 0 -116 116 0
2966 1483 0 -115 115 0
2966 1483 0 -114 114 0
2966 1483 0 -113 113 0
2966 1483 0 -112 112 0
2966 1483 0 -111 111 0
2966 1483 0 -110 110 0
2966 1483 0 -109 109 0
2966 1483 0 -108 108 0
2966 1483 0 -107 107 0
2966 1483 0 -106 106 0
2966 1483 0 -105 105 0
2966 1483 0 -104 104 0
2966 1483 0 -103 103 0
2966 1483 0 -102 102 0
2966 1483 0 -101 101 0
2966 1483 0 -100 100 0
2966 1483 0 -99 99 0
2966 1483 0 -98 98 0
2966 1483 0 -97 97 0
2966 1483 0 -96 96 0
2966 1483 0 -95 95 0
2966 1483 0 -94 94 0
2966 1483 0 -93 93 0
2966 1483 0 -92 92 0
2966 1483 0 -91 91 0
2966 1483 0 -90 90 0
2966 1483 0 -89 89 0
2966 1483 0 -88 88 0
2966 1483 0 -87 87 0
2966 1483 0 -86 86 0
2966 1483 0 -85 85 0
2966 1483 0 -84 84 0
2966 1483 0 -83 83 0
2966 1483 0 -82 82 0
2966 1483 0 -81 81 0
2966 1483 0 -80 80 0
2966 1483 0 -79 79 0
2966 1483 0 -78 78 0
2966 1483 0 -77 77 0
2966 1483 0 -76 76 0
2966 1483 0 -75 75 0
2966 1483 0 -74 74 0
2966 1483 0 -73 73 0
2966 1483 0 -72 72 0
2966 1483 0 -71 71 0
2966 1483 0 -70 70 0
2966 1483 0 -69 69 0
2966 1483 0 -68 68 0
2966 1483 0 -67 67 0
2966 1483 0 -66 66 0
2966 1483 0 -65 65 0
2966 1483 0 -64 64 0
2966 1483 0 -63 63 0
2966 1483 0 -62 62 0
2966 1483 0 -61 61 0
2966 1483 0 -60 60 0
2966 1483 0 -59 59 0
2966 1483 0 -58 58 0
2966 1483 0 -57 57 0
2966 1483 0 -56 56 0
2966 1483 0 -55 55 0
2966 1483 0 -54 54 0
2966 1483 0 -53 53 0
2966 1483 0 -52 52 0
2966 1483 0 -51 51 0
2966 1483 0 -50 50 0
2966 1483 0 -49 49 0
2966 1483 0 -48 48 0
2966 1483 0 -47 47 0
2966 1483 0 -46 46 0
2966 1483 0 -45 45 0
2966 1483 0 -44 44 0
2966 1483 0 -43 43 0
2966 1483 0 -42 42 0
2966 1483 0 -41 41 0
2966 1483 0 -40 40 0
2966 1483 0 -39 39 0
2966 1483 0 -38 38 0
2966 1483 0 -37 37 0
2966 1483 0 -36 36 0
2966 1483 0 -35 35 0
2966 1483 0 -34 34 0
2966 1483 0 -33 33 0
2966 1483 0 -32 32 0
2966 1483 0 -31 31 0
2966 1483 0 -30 30 0
2966 1483 0 -29 29 0
2966 1483 0 -28 28 0
2966 1483 0 -27 27 0
2966 1483 0 -26 26 0
2966 1483 0 -25 25 0
2966 1483 0 -24 24 0
2966 1483 0 -23 23 0
2966 1483 0 -22 22 0
2966 1483 0 -21 21 0
2966 1483 0 -20 20 0
2966 1483 0 -19 19 0
2966 1483 0 -18 18 0
2966 1483 0 -17 17 0
2966 1483 0 -16 16 0
2966 1483 0 -15 15 0
2966 1483 0 -14 14 0
2966 1483 0 -13 13 0
2966 1483 0 -12 12 0
2966 1483 0 -11 11 0
2966 1483 0 -10 10 0
2966 1483 0 -9 9 0
2966 1483 0 -8 8 0
2966 1483 0 -7 7 0
2966 1483 0 -6 6 0
2966 1483 0 -5 5 0
2966 1483 0 -4 4 0
2966 1483 0 -3 3 0
2966 1483 0 -2 2 0
2966 1483 0 -1 1 0
2966 1483 0 1 -1 0
2966 1483 0 2 -2 0
2966 1483 0 3 -3 0
2966 1483 0 4 -4 0
2966 1483 0 5 -5 0
2966 1483 0 6 -6 0
2966 1483 0 7 -7 0
2966 1483 0 8 -8 0
2966 1483 0 9 -9 0
2966 1483 0 10 -10 0
2966 1483 0 11 -11 0
2966 1483 0 12 -12 0
2966 1483 0 13 -13 0
2966 1483 0 14 -14 0
2966 1483 0 15 -15 0
2966 1483 0 16 -16 0
2966 1483 0 17 -17 0
2966 1483 0 18 -18 0
2966 1483 0 19 -19 0
2966 1483 0 20 -20 0
2966 1483 0 21 -21 0
2966 1483 0 22 -22 0
2966 1483 0 23 -23 0
2966 1483 0 24 -24 0
2966 1483 0 25 -25 0
2966 1483 0 26 -26 0
2966 1483 0 27 -27 0
2966 1483 0 28 -28 0
2966 1483 0 29 -29 0
2966 1483 0 30 -30 0
2966 1483 0 31 -31 0
2966 1483 0 32 -32 0
2966 1483 0 33 -33 0
2966 1483 0 34 -34 0
2966 1483 0 35 -35 0
2966 1483 0 36 -36 0
2966 1483 0 37 -37 0
2966 1483 0 38 -38 0
2966 1483 0 39 -39 0
2966 1483 0 40 -40 0
2966 1483 0 41 -41 0
2966 1483 0 42 -42 0
2966 1483 0 43 -43 0
2966 1483 0 44 -44 0
2966 1483 0 45 -45 0
2966 1483 0 46 -46 0
2966 1483 0 47 -47 0
2966 1483 0 48 -48 0
2966 1483 0 49 -49 0
2966 1483 0 50 -50 0
2966 1483 0 51 -51 0
2966 1483 0 52 -52 0
2966 1483 0 53 -53 0
2966 1483 0 54 -54 0
2966 1483 0 55 -55 0
2966 1483 0 56 -56 0
2966 1483 0 57 -57 0
2966 1483 0 58 -58 0
2966 1483 0 59 -59 0
2966 1483 0 60 -60 0
2966 1483 0 61 -61 0
2966 1483 0 62 -62 0
2966 1483 0 63 -63 0
2966 1483 0 64 -64 0
2966 1483 0 65 -65 0
2966 1483 0 66 -66 0
2966 1483 0 67 -67 0
2966 1483 0 68 -68 0
2966 1483 0 69 -69 0
2966 1483 0 70 -70 0
2966 1483 0 71 -71 0
2966 1483 0 72 -72 0
2966 1483 0 73 -73 0
2966 1483 0 74 -74 0
2966 1483 0 75 -75 0
2966 1483 0 76 -76 0
2966 1483 0 77 -77 0
2966 1483 0 78 -78 0
2966 1483 0 79 -79 0
2966 1483 0 80 -80 0
2966 1483 0 81 -81 0
2966 1483 0 82 -82 0
2966 1483 0 83 -83 0
2966 1483 0 84 -84 0
2966 1483 0 85 -85 0
2966 1483 0 86 -86 0
2966 1483 0 87 -87 0
2966 1483 0 88 -88 0
2966 1483 0 89 -89 0
2966 1483 0 90 -90 0
2966 1483 0 91 -91 0
2966 1483 0 92 -92 0
2966 1483 0 93 -93 0
2966 1483 0 94 -94 0
2966 1483 0 95 -95 0
2966 1483 0 96 -96 0
2966 1483 0 97 -97 0
2966 1483 0 98 -98 0
2966 1483 0 99 -99 0
2966 1483 0 100 -100 0
2966 1483 0 101 -101 0
2966 1483 0 102 -102 0
2966 1483 0 103 -103 0
2966 1483 0 104 -104 0
2966 1483 0 105 -105 0
2966 1483 0 106 -106 0
2966 1483 0 107 -107 0
2966 1483 0 108 -108 0
2966 1483 0 109 -109 0
2966 1483 0 110 -110 0
2966 1483 0 111 -111 0
2966 1483 0 112 -112 0
2966 1483 0 113 -113 0
2966 1483 0 114 -114 0
2966 1483 0 115 -115 0
2966 1483 0 116 -116 0
2966 1483 0 117 -117 0
2966 1483 0 118 -118 0
2966 1483 0 119 -119 0
2966 1483 0 120 -120 0
2966 1483 0 121 -121 0
2966 1483 0 122 -122 0
2966 1483 0 123 -123 0
2966 1483 0 124 -124 0
2966 1483 0 125 -125 0
2966 1483 0 126 -126 0
2966 1483 0 127 -127 0
2966 1483 0 128 -128 0
2966 1483 0 129 -129 0
2966 1483 0 130 -130 0
2966 1483 0 131 -131 0
2966 1483 0 132 -132 0
2966 1483 0 133 -133 0
2966 1483 0 134 -134 0
2966 1483 0 135 -135 0
2966 1483 0 136 -136 0
2966 1483 0 137 -137 0
2966 1483 0 138 -138 0
2966 1483 0 139 -139 0
2966 1483 0 140 -140 0
2966 1483 0 141 -141 0
2966 1483 0 142 -142 0
2966 1483 0 143 -143 0
2966 1483 0 144 -144 0
2966 1483 0 145 -145 0
2966 1483 0 146 -146 0
2966 1483 0 147 -147 0
2966 1483 0 148 -148 0
2966 1483 0 149 -149 0
2966 1483 0 150 -150 0
2968 1484 0 -150 150 0
2968 1484 0 -149 149 0
2968 1484 0 -148 148 0
2968 1484 0 -147 147 0
2968 1484 0 -146 146 0
2968 1484 0 -145 145 0
2968 1484 0 -144 144 0
2968 1484 0 -143 143 0
2968 1484 0 -142 142 0
2968 1484 0 -141 141 0
2968 1484 0 -140 140 0
2968 1484 0 -139 139 0
2968 1484 0 -138 138 0
2968 1484 0 -137 137 0
2968 1484 0 -136 136 0
2968 1484 0 -135 135 0
2968 1484 0 -134 134 0
2968 1484 0 -133 133 0
2968 1484 0 -132 132 0
2968 1484 0 -131 131 0
2968 1484 0 -130 130 0
2968 1484 0 -129 129 0
2968 1484 0 -128 128 0
2968 1484 0 -127 127 0
2968 1484 0 -126 126 0
2968 1484 0 -125 125 0
2968 1484 0 -124 124 0
2968 1484 0 -123 123 0
2968 1484 0 -122 122 0
2968 1484 0 -121 121 0
2968 1484 0 -120 120 0
2968 1484 0 -119 119 0
2968 1484 0 -118 118 0
2968 1484 0 -117 117 0
2968 1484 0 -116 116 0
2968 1484 0 -115 115 0
2968 1484 0 -114 114 0
2968 1484 0 -113 113 0
2968 1484 0 -112 112 0
2968 1484 0 -111 111 0
2968 1484 0 -110 110 0
2968 1484 0 -109 109 0
2968 1484 0 -108 108 0
2968 1484 0 -107 107 0
2968 1484 0 -106 106 0
2968 1484 0 -105 105 0
2968 1484 0 -104 104 0
2968 1484 0 -103 103 0
2968 1484 0 -102 102 0
2968 1484 0 -101 101 0
2968 1484 0 -100 100 0
2968 1484 0 -99 99 0
2968 1484 0 -98 98 0
2968 1484 0 -97 97 0
2968 1484 0 -96 96 0
2968 1484 0 -95 95 0
2968 1484 0 -94 94 0
2968 1484 0 -93 93 0
2968 1484 0 -92 92 0
2968 1484 0 -91 91 0
2968 1484 0 -90 90 0
2968 1484 0 -89 89 0
2968 1484 0 -88 88 0
2968 1484 0 -87 87 0
2968 1484 0 -86 86 0
2968 1484 0 -85 85 0
2968 1484 0 -84 84 0
2968 1484 0 -83 83 0
2968 1484 0 -82 82 0
2968 1484 0 -81 81 0
2968 1484 0 -80 80 0
2968 1484 0 -79 79 0
2968 1484 0 -78 78 0
2968 1484 0 -77 77 0
2968 1484 0 -76 76 0
2968 1484 0 -75 75 0
2968 1484 0 -74 74 0
2968 1484 0 -73 73 0
2968 1484 0 -72 72 0
2968 1484 0 -71 71 0
2968 1484 0 -70 70 0
2968 1484 0 -69 69 0
2968 1484 0 -68 68 0
2968 1484 0 -67 67 0
2968 1484 0 -66 66 0
2968 1484 0 -65 65 0
2968 1484 0 -64 64 0
2968 1484 0 -63 63 0
2968 1484 0 -62 62 0
2968 1484 0 -61 61 0
2968 1484 0 -60 60 0
2968 1484 0 -59 59 0
2968 1484 0 -58 58 0
2968 1484 0 -57 57 0
2968 1484 0 -56 56 0
2968 1484 0 -55 55 0
2968 1484 0 -54 54 0
2968 1484 0 -53 53 0
2968 1484 0 -52 52 0
2968 1484 0 -51 51 0
2968 1484 0 -50 50 0
2968 1484 0 -49 49 0
2968 1484 0 -48 48 0
2968 1484 0 -47 47 0
2968 1484 0 -46 46 0
2968 1484 0 -45 45 0
2968 1484 0 -44 44 0
2968 1484 0 -43 43 0
2968 1484 0 -42 42 0
2968 1484 0 -41 41 0
2968 1484 0 -40 40 0
2968 1484 0 -39 39 0
2968 1484 0 -38 38 0
2968 1484 0 -37 37 0
2968 1484 0 -36 36 0
2968 1484 0 -35 35 0
2968 1484 0 -34 34 0
2968 1484 0 -33 33 0
2968 1484 0 -32 32 0
2968 1484 0 -31 31 0
2968 1484 0 -30 30 0
2968 1484 0 -29 29 0
2968 1484 0 -28 28 0
2968 1484 0 -27 27 0
2968 1484 0 -26 26 0
2968 1484 0 -25 25 0
2968 1484 0 -24 24 0
2968 1484 0 -23 23 0
2968 1484 0 -22 22 0
2968 1484 0 -21 21 0
2968 1484 0 -20 20 0
2968 1484 0 -19 19 0
2968 1484 0 -18 18 0
2968 1484 0 -17 17 0
2968 1484 0 -16 16 0
2968 1484 0 -15 15 0
2968 1484 0 -14 14 0
2968 1484 0 -13 13 0
2968 1484 0 -12 12 0
2968 1484 0 -11 11 0
2968 1484 0 -10 10 0
2968 1484 0 -9 9 0
2968 1484 0 -8 8 0
2968 1484 0 -7 7 0
2968 1484 0 -6 6 0
2968 1484 0 -5 5 0
2968 1484 0 -4 4 0
2968 1484 0 -3 3 0
2968 1484 0 -2 2 0
2968 1484 0 -1 1 0
2968 1484 0 1 -1 0
2968 1484 0 2 -2 0
2968 1484 0 3 -3 0
2968 1484 0 4 -4 0
2968 1484 0 5 -5 0
2968 1484 0 6 -6 0
2968 1484 0 7 -7 0
2968 1484 0 8 -8 0
2968 1484 0 9 -9 0
2968 1484 0 10 -10 0
2968 1484 0 11 -11 0
2968 1484 0 12 -12 0
2968 1484 0 13 -13 0
2968 1484 0 14 -14 0
2968 1484 0 15 -15 0
2968 1484 0 16 -16 0
2968 1484 0 17 -17 0
2968 1484 0 18 -18 0
2968 1484 0 19 -19 0
2968 1484 0 20 -20 0
2968 1484 0 21 -21 0
2968 1484 0 22 -22 0
2968 1484 0 23 -23 0
2968 1484 0 24 -24 0
2968 1484 0 25 -25 0
2968 1484 0 26 -26 0
2968 1484 0 27 -27 0
2968 1484 0 28 -28 0
2968 1484 0 29 -29 0
2968 1484 0 30 -30 0
2968 1484 0 31 -31 0
2968 1484 0 32 -32 0
2968 1484 0 33 -33 0
2968 1484 0 34 -34 0
2968 1484 0 35 -35 0
2968 1484 0 36 -36 0
2968 1484 0 37 -37 0
2968 1484 0 38 -38 0
2968 1484 0 39 -39 0
2968 1484 0 40 -40 0
2968 1484 0 41 -41 0
2968 1484 0 42 -42 0
2968 1484 0 43 -43 0
2968 1484 0 44 -44 0
2968 1484 0 45 -45 0
2968 1484 0 46 -46 0
2968 1484 0 47 -47 0
2968 1484 0 48 -48 0
2968 1484 0 49 -49 0
2968 1484 0 50 -50 0
2968 1484 0 51 -51 0
2968 1484 0 52 -52 0
2968 1484 0 53 -53 0
2968 1484 0 54 -54 0
2968 1484 0 55 -55 0
2968 1484 0 56 -56 0
2968 1484 0 57 -57 0
2968 1484 0 58 -58 0
2968 1484 0 59 -59 0
2968 1484 0 60 -60 0
2968 1484 0 61 -61 0
2968 1484 0 62 -62 0
2968 1484 0 63 -63 0
2968 1484 0 64 -64 0
2968 1484 0 65 -65 0
2968 1484 0 66 -66 0
2968 1484 0 67 -67 0
2968 1484 0 68 -68 0
2968 1484 0 69 -69 0
2968 1484 0 70 -70 0
2968 1484 0 71 -71 0
2968 1484 0 72 -72 0
2968 1484 0 73 -73 0
2968 1484 0 74 -74 0
2968 1484 0 75 -75 0
2968 1484 0 76 -76 0
2968 1484 0 77 -77 0
2968 1484 0 78 -78 0
2968 1484 0 79 -79 0
2968 1484 0 80 -80 0
2968 1484 0 81 -81 0
2968 1484 0 82 -82 0
2968 1484 0 83 -83 0
2968 1484 0 84 -84 0
2968 1484 0 85 -85 0
2968 1484 0 86 -86 0
2968 1484 0 87 -87 0
2968 1484 0 88 -88 0
2968 1484 0 89 -89 0
2968 1484 0 90 -90 0
2968 1484 0 91 -91 0
2968 1484 0 92 -92 0
2968 1484 0 93 -93 0
2968 1484 0 94 -94 0
2968 1484 0 95 -95 0
2968 1484 0 96 -96 0
2968 1484 0 97 -97 0
2968 1484 0 98 -98 0
2968 1484 0 99 -99 0
2968 1484 0 100 -100 0
2968 1484 0 101 -101 0
2968 1484 0 102 -102 0
2968 1484 0 103 -103 0
2968 1484 0 104 -104 0
2968 1484 0 105 -105 0
2968 1484 0 106 -106 0
2968 1484 0 107 -107 0
2968 1484 0 108 -108 0
2968 1484 0 109 -109 0
2968 1484 0 110 -110 0
2968 1484 0 111 -111 0
2968 1484 0 112 -112 0
2968 1484 0 113 -113 0
2968 1484 0 114 -114 0
2968 1484 0 115 -115 0
2968 1484 0 116 -116 0
2968 1484 0 117 -117 0
2968 1484 0 118 -118 0
2968 1484 0 119 -119 0
2968 1484 0 120 -120 0
2968 1484 0 121 -121 0
2968 1484 0 122 -122 0
2968 1484 0 123 -123 0
2968 1484 0 124 -124 0
2968 1484 0 125 -125 0
2968 1484 0 126 -126 0
2968 1484 0 127 -127 0
2968 1484 0 128 -128 0
2968 1484 0 129 -129 0
2968 1484 0 130 -130 0
2968 1484 0 131 -131 0
2968 1484 0 132 -132 0
2968 1484 0 133 -133 0
2968 1484 0 134 -134 0
2968 1484 0 135 -135 0
2968 1484 0 136 -136 0
2968 1484 0 137 -137 0
2968 1484 0 138 -138 0
2968 1484 0 139 -139 0
2968 1484 0 140 -140 0
2968 1484 0 141 -141 0
2968 1484 0 142 -142 0
2968 1484 0 143 -143 0
2968 1484 0 144 -144 0
2968 1484 0 145 -145 0
2968 1484 0 146 -146 0
2968 1484 0 147 -147 0
2968 1484 0 148 -148 0
2968 1484 0 149 -149 0
2968 1484 0 150 -150 0
2970 1485 0 -150 150 0
2970 1485 0 -149 149 0
2970 1485 0 -148 148 0
2970 1485 0 -147 147 0
2970 1485 0 -146 146 0
2970 1485 0 -145 145 0
2970 1485 0 -144 144 0
2970 1485 0 -143 143 0
2970 1485 0 -142 142 0
2970 1485 0 -141 141 0
2970 1485 0 -140 140 0
2970 1485 0 -139 139 0
2970 1485 0 -138 138 0
2970 1485 0 -137 137 0
2970 1485 0 -136 136 0
2970 1485 0 -135 135 0
2970 1485 0 -134 134 0
2970 1485 0 -133 133 0
2970 1485 0 -132 132 0
2970 1485 0 -131 131 0
2970 1485 0 -130 130 0
2970 1485 0 -129 129 0
2970 1485 0 -128 128 0
2970 1485 0 -127 127 0
2970 1485 0 -126 126 0
2970 1485 0 -125 125 0
2970 1485 0 -124 124 0
2970 1485 0 -123 123 0
2970 1485 0 -122 122 0
2970 1485 0 -121 121 0
2970 1485 0 -120 120 0
2970 1485 0 -119 119 0
2970 1485 0 -118 118 0
2970 1485 0 -117 117 0
2970 1485 0 -116 116 0
2970 1485 0 -115 115 0
2970 1485 0 -114 114 0
2970 1485 0 -113 113 0
2970 1485 0 -112 112 0
2970 1485 0 -111 111 0
2970 1485 0 -110 110 0
2970 1485 0 -109 109 0
2970 1485 0 -108 108 0
2970 1485 0 -107 107 0
2970 1485 0 -106 106 0
2970 1485 0 -105 105 0
2970 1485 0 -104 104 0
2970 1485 0 -103 103 0
2970 1485 0 -102 102 0
2970 1485 0 -101 101 0
2970 1485 0 -100 100 0
2970 1485 0 -99 99 0
2970 1485 0 -98 98 0
2970 1485 0 -97 97 0
2970 1485 0 -96 96 0
2970 1485 0 -95 95 0
2970 1485 0 -94 94 0
2970 1485 0 -93 93 0
2970 1485 0 -92 92 0
2970 1485 0 -91 91 0
2970 1485 0 -90 90 0
2970 1485 0 -89 89 0
2970 1485 0 -88 88 0
2970 1485 0 -87 87 0
2970 1485 0 -86 86 0
2970 1485 0 -85 85 0
2970 1485 0 -84 84 0
2970 1485 0 -83 83 0
2970 1485 0 -82 82 0
2970 1485 0 -81 81 0
2970 1485 0 -80 80 0
2970 1485 0 -79 79 0
2970 1485 0 -78 78 0
2970 1485 0 -77 77 0
2970 1485 0 -76 76 0
2970 1485 0 -75 75 0
2970 1485 0 -74 74 0
2970 1485 0 -73 73 0
2970 1485 0 -72 72 0
2970 1485 0 -71 71 0
2970 1485 0 -70 70 0
2970 1485 0 -69 69 0
2970 1485 0 -68 68 0
2970 1485 0 -67 67 0
2970 1485 0 -66 66 0
2970 1485 0 -65 65 0
2970 1485 0 -64 64 0
2970 1485 0 -63 63 0
2970 1485 0 -62 62 0
2970 1485 0 -61 61 0
2970 1485 0 -60 60 0
2970 1485 0 -59 59 0
2970 1485 0 -58 58 0
2970 1485 0 -57 57 0
2970 1485 0 -56 56 0
2970 1485 0 -55 55 0
2970 1485 0 -54 54 0
2970 1485 0 -53 53 0
2970 1485 0 -52 52 0
2970 1485 0 -51 51 0
2970 1485 0 -50 50 0
2970 1485 0 -49 49 0
2970 1485 0 -48 48 0
2970 1485 0 -47 47 0
2970 1485 0 -46 46 0
2970 1485 0 -45 45 0
2970 1485 0 -44 44 0
2970 1485 0 -43 43 0
2970 1485 0 -42 42 0
2970 1485 0 -41 41 0
2970 1485 0 -40 40 0
2970 1485 0 -39 39 0
2970 1485 0 -38 38 0
2970 1485 0 -37 37 0
2970 1485 0 -36 36 0
2970 1485 0 -35 35 0
2970 1485 0 -34 34 0
2970 1485 0 -33 33 0
2970 1485 0 -32 32 0
2970 1485 0 -31 31 0
2970 1485 0 -30 30 0
2970 1485 0 -29 29 0
2970 1485 0 -28 28 0
2970 1485 0 -27 27 0
2970 1485 0 -26 26 0
2970 1485 0 -25 25 0
2970 1485 0 -24 24 0
2970 1485 0 -23 23 0
2970 1485 0 -22 22 0
2970 1485 0 -21 21 0
2970 1485 0 -20 20 0
2970 1485 0 -19 19 0
2970 1485 0 -18 18 0
2970 1485 0 -17 17 0
2970 1485 0 -16 16 0
2970 1485 0 -15 15 0
2970 1485 0 -14 14 0
2970 1485 0 -13 13 0
2970 1485 0 -12 12 0
2970 1485 0 -11 11 0
2970 1485 0 -10 10 0
2970 1485 0 -9 9 0
2970 1485 0 -8 8 0
2970 1485 0 -7 7 0
2970 1485 0 -6 6 0
2970 1485 0 -5 5 0
2970 1485 0 -4 4 0
2970 1485 0 -3 3 0
2970 1485 0 -2 2 0
2970 1485 0 -1 1 0
2970 1485 0 1 -1 0
2970 1485 0 2 -2 0
2970 1485 0 3 -3 0
2970 1485 0 4 -4 0
2970 1485 0 5 -5 0
2970 1485 0 6 -6 0
2970 1485 0 7 -7 0
2970 1485 0 8 -8 0
2970 1485 0 9 -9 0
2970 1485 0 10 -10 0
2970 1485 0 11 -11 0
2970 1485 0 12 -12 0
2970 1485 0 13 -13 0
2970 1485 0 14 -14 0
2970 1485 0 15 -15 0
2970 1485 0 16 -16 0
2970 1485 0 17 -17 0
2970 1485 0 18 -18 0
2970 1485 0 19 -19 0
2970 1485 0 20 -20 0
2970 1485 0 21 -21 0
2970 1485 0 22 -22 0
2970 1485 0 23 -23 0
2970 1485 0 24 -24 0
2970 1485 0 25 -25 0
2970 1485 0 26 -26 0
2970 1485 0 27 -27 0
2970 1485 0 28 -28 0
2970 1485 0 29 -29 0
2970 1485 0 30 -30 0
2970 1485 0 31 -31 0
2970 1485 0 32 -32 0
2970 1485 0 33 -33 0
2970 1485 0 34 -34 0
2970 1485 0 35 -35 0
2970 1485 0 36 -36 0
2970 1485 0 37 -37 0
2970 1485 0 38 -38 0
2970 1485 0 39 -39 0
2970 1485 0 40 -40 0
2970 1485 0 41 -41 0
2970 1485 0 42 -42 0
2970 1485 0 43 -43 0
2970 1485 0 44 -44 0
2970 1485 0 45 -45 0
2970 1485 0 46 -46 0
2970 1485 0 47 -47 0
2970 1485 0 48 -48 0
2970 1485 0 49 -49 0
2970 1485 0 50 -50 0
2970 1485 0 51 -51 0
2970 1485 0 52 -52 0
2970 1485 0 53 -53 0
2970 1485 0 54 -54 0
2970 1485 0 55 -55 0
2970 1485 0 56 -56 0
2970 1485 0 57 -57 0
2970 1485 0 58 -58 0
2970 1485 0 59 -59 0
2970 1485 0 60 -60 0
2970 1485 0 61 -61 0
2970 1485 0 62 -62 0
2970 1485 0 63 -63 0
2970 1485 0 64 -64 0
2970 1485 0 65 -65 0
2970 1485 0 66 -66 0
2970 1485 0 67 -67 0
2970 1485 0 68 -68 0
2970 1485 0 69 -69 0
2970 1485 0 70 -70 0
2970 1485 0 71 -71 0
2970 1485 0 72 -72 0
2970 1485 0 73 -73 0
2970 1485 0 74 -74 0
2970 1485 0 75 -75 0
2970 1485 0 76 -76 0
2970 1485 0 77 -77 0
2970 1485 0 78 -78 0
2970 1485 0 79 -79 0
2970 1485 0 80 -80 0
2970 1485 0 81 -81 0
2970 1485 0 82 -82 0
2970 1485 0 83 -83 0
2970 1485 0 84 -84 0
2970 1485 0 85 -85 0
2970 1485 0 86 -86 0
2970 1485 0 87 -87 0
2970 1485 0 88 -88 0
2970 1485 0 89 -89 0
2970 1485 0 90 -90 0
2970 1485 0 91 -91 0
2970 1485 0 92 -92 0
2970 1485 0 93 -93 0
2970 1485 0 94 -94 0
2970 1485 0 95 -95 0
2970 1485 0 96 -96 0
2970 1485 0 97 -97 0
2970 1485 0 98 -98 0
2970 1485 0 99 -99 0
2970 1485 0 100 -100 0
2970 1485 0 101 -101 0
2970 1485 0 102 -102 0
2970 1485 0 103 -103 0
2970 1485 0 104 -104 0
2970 1485 0 105 -105 0
2970 1485 0 106 -106 0
2970 1485 0 107 -107 0
2970 1485 0 108 -108 0
2970 1485 0 109 -109 0
2970 1485 0 110 -110 0
2970 1485 0 111 -111 0
2970 1485 0 112 -112 0
2970 1485 0 113 -113 0
2970 1485 0 114 -114 0
2970 1485 0 115 -115 0
2970 1485 0 116 -116 0
2970 1485 0 117 -117 0
2970 1485 0 118 -118 0
2970 1485 0 119 -119 0
2970 1485 0 120 -120 0
2970 1485 0 121 -121 0
2970 1485 0 122 -122 0
2970 1485 0 123 -123 0
2970 1485 0 124 -124 0
2970 1485 0 125 -125 0
2970 1485 0 126 -126 0
2970 1485 0 127 -127 0
2970 1485 0 128 -128 0
2970 1485 0 129 -129 0
2970 1485 0 130 -130 0
2970 1485 0 131 -131 0
2970 1485 0 132 -132 0
2970 1485 0 133 -133 0
2970 1485 0 134 -134 0
2970 1485 0 135 -135 0
2970 1485 0 136 -136 0
2970 1485 0 137 -137 0
2970 1485 0 138 -138 0
2970 1485 0 139 -139 0
2970 1485 0 140 -140 0
2970 1485 0 141 -141 0
2970 1485 0 142 -142 0
2970 1485 0 143 -143 0
2970 1485 0 144 -144 0
2970 1485 0 145 -145 0
2970 1485 0 146 -146 0
2970 1485 0 147 -147 0
2970 1485 0 148 -148 0
2970 1485 0 149 -149 0
2970 1485 0 150 -150 0
2972 1486 0 -150 150 0
2972 1486 0 -149 149 0
2972 1486 0 -148 148 0
2972 1486 0 -147 147 0
2972 1486 0 -146 146 0
2972 1486 0 -145 145 0
2972 1486 0 -144 144 0
2972 1486 0 -143 143 0
2972 1486 0 -142 142 0
2972 1486 0 -141 141 0
2972 1486 0 -140 140 0
2972 1486 0 -139 139 0
2972 1486 0 -138 138 0
2972 1486 0 -137 137 0
2972 1486 0 -136 136 0
2972 1486 0 -135 135 0
2972 1486 0 -134 134 0
2972 1486 0 -133 133 0
2972 1486 0 -132 132 0
2972 1486 0 -131 131 0
2972 1486 0 -130 130 0
2972 1486 0 -129 129 0
2972 1486 0 -128 128 0
2972 1486 0 -127 127 0
2972 1486 0 -126 126 0
2972 1486 0 -125 125 0
2972 1486 0 -124 124 0
2972 1486 0 -123 123 0
2972 1486 0 -122 122 0
2972 1486 0 -121 121 0
2972 1486 0 -120 120 0
2972 1486 0 -119 119 0
2972 1486 0 -118 118 0
2972 1486 0 -117 117 0
2972 1486 0 -116 116 0
2972 1486 0 -115 115 0
2972 1486 0 -114 114 0
2972 1486 0 -113 113 0
2972 1486 0 -112 112 0
2972 1486 0 -111 111 0
2972 1486 0 -110 110 0
2972 1486 0 -109 109 0
2972 1486 0 -108 108 0
2972 1486 0 -107 107 0
2972 1486 0 -106 106 0
2972 1486 0 -105 105 0
2972 1486 0 -104 104 0
2972 1486 0 -103 103 0
2972 1486 0 -102 102 0
2972 1486 0 -101 101 0
2972 1486 0 -100 100 0
2972 1486 0 -99 99 0
2972 1486 0 -98 98 0
2972 1486 0 -97 97 0
2972 1486 0 -96 96 0
2972 1486 0 -95 95 0
2972 1486 0 -94 94 0
2972 1486 0 -93 93 0
2972 1486 0 -92 92 0
2972 1486 0 -91 91 0
2972 1486 0 -90 90 0
2972 1486 0 -89 89 0
2972 1486 0 -88 88 0
2972 1486 0 -87 87 0
2972 1486 0 -86 86 0
2972 1486 0 -85 85 0
2972 1486 0 -84 84 0
2972 1486 0 -83 83 0
2972 1486 0 -82 82 0
2972 1486 0 -81 81 0
2972 1486 0 -80 80 0
2972 1486 0 -79 79 0
2972 1486 0 -78 78 0
2972 1486 0 -77 77 0
2972 1486 0 -76 76 0
2972 1486 0 -75 75 0
2972 1486 0 -74 74 0
2972 1486 0 -73 73 0
2972 1486 0 -72 72 0
2972 1486 0 -71 71 0
2972 1486 0 -70 70 0
2972 1486 0 -69 69 0
2972 1486 0 -68 68 0
2972 1486 0 -67 67 0
2972 1486 0 -66 66 0
2972 1486 0 -65 65 0
2972 1486 0 -64 64 0
2972 1486 0 -63 63 0
2972 1486 0 -62 62 0
2972 1486 0 -61 61 0
2972 1486 0 -60 60 0
2972 1486 0 -59 59 0
2972 1486 0 -58 58 0
2972 1486 0 -57 57 0
2972 1486 0 -56 56 0
2972 1486 0 -55 55 0
2972 1486 0 -54 54 0
2972 1486 0 -53 53 0
2972 1486 0 -52 52 0
2972 1486 0 -51 51 0
2972 1486 0 -50 50 0
2972 1486 0 -49 49 0
2972 1486 0 -48 48 0
2972 1486 0 -47 47 0
2972 1486 0 -46 46 0
2972 1486 0 -45 45 0
2972 1486 0 -44 44 0
2972 1486 0 -43 43 0
2972 1486 0 -42 42 0
2972 1486 0 -41 41 0
2972 1486 0 -40 40 0
2972 1486 0 -39 39 0
2972 1486 0 -38 38 0
2972 1486 0 -37 37 0
2972 1486 0 -36 36 0
2972 1486 0 -35 35 0
2972 1486 0 -34 34 0
2972 1486 0 -33 33 0
2972 1486 0 -32 32 0
2972 1486 0 -31 31 0
2972 1486 0 -30 30 0
2972 1486 0 -29 29 0
2972 1486 0 -28 28 0
2972 1486 0 -27 27 0
2972 1486 0 -26 26 0
2972 1486 0 -25 25 0
2972 1486 0 -24 24 0
2972 1486 0 -23 23 0
2972 1486 0 -22 22 0
2972 1486 0 -21 21 0
2972 1486 0 -20 20 0
2972 1486 0 -19 19 0
2972 1486 0 -18 18 0
2972 1486 0 -17 17 0
2972 1486 0 -16 16 0
2972 1486 0 -15 15 0
2972 1486 0 -14 14 0
2972 1486 0 -13 13 0
2972 1486 0 -12 12 0
2972 1486 0 -11 11 0
2972 1486 0 -10 10 0
2972 1486 0 -9 9 0
2972 1486 0 -8 8 0
2972 1486 0 -7 7 0
2972 1486 0 -6 6 0
2972 1486 0 -5 5 0
2972 1486 0 -4 4 0
2972 1486 0 -3 3 0
2972 1486 0 -2 2 0
2972 1486 0 -1 1 0
2972 1486 0 1 -1 0
2972 1486 0 2 -2 0
2972 1486 0 3 -3 0
2972 1486 0 4 -4 0
2972 1486 0 5 -5 0
2972 1486 0 6 -6 0
2972 1486 0 7 -7 0
2972 1486 0 8 -8 0
2972 1486 0 9 -9 0
2972 1486 0 10 -10 0
2972 1486 0 11 -11 0
2972 1486 0 12 -12 0
2972 1486 0 13 -13 0
2972 1486 0 14 -14 0
2972 1486 0 15 -15 0
2972 1486 0 16 -16 0
2972 1486 0 17 -17 0
2972 1486 0 18 -18 0
2972 1486 0 19 -19 0
2972 1486 0 20 -20 0
2972 1486 0 21 -21 0
2972 1486 0 22 -22 0
2972 1486 0 23 -23 0
2972 1486 0 24 -24 0
2972 1486 0 25 -25 0
2972 1486 0 26 -26 0
2972 1486 0 27 -27 0
2972 1486 0 28 -28 0
2972 1486 0 29 -29 0
2972 1486 0 30 -30 0
2972 1486 0 31 -31 0
2972 1486 0 32 -32 0
2972 1486 0 33 -33 0
2972 1486 0 34 -34 0
2972 1486 0 35 -35 0
2972 1486 0 36 -36 0
2972 1486 0 37 -37 0
2972 1486 0 38 -38 0
2972 1486 0 39 -39 0
2972 1486 0 40 -40 0
2972 1486 0 41 -41 0
2972 1486 0 42 -42 0
2972 1486 0 43 -43 0
2972 1486 0 44 -44 0
2972 1486 0 45 -45 0
2972 1486 0 46 -46 0
2972 1486 0 47 -47 0
2972 1486 0 48 -48 0
2972 1486 0 49 -49 0
2972 1486 0 50 -50 0
2972 1486 0 51 -51 0
2972 1486 0 52 -52 0
2972 1486 0 53 -53 0
2972 1486 0 54 -54 0
2972 1486 0 55 -55 0
2972 1486 0 56 -56 0
2972 1486 0 57 -57 0
2972 1486 0 58 -58 0
2972 1486 0 59 -59 0
2972 1486 0 60 -60 0
2972 1486 0 61 -61 0
2972 1486 0 62 -62 0
2972 1486 0 63 -63 0
2972 1486 0 64 -64 0
2972 1486 0 65 -65 0
2972 1486 0 66 -66 0
2972 1486 0 67 -67 0
2972 1486 0 68 -68 0
2972 1486 0 69 -69 0
2972 1486 0 70 -70 0
2972 1486 0 71 -71 0
2972 1486 0 72 -72 0
2972 1486 0 73 -73 0
2972 1486 0 74 -74 0
2972 1486 0 75 -75 0
2972 1486 0 76 -76 0
2972 1486 0 77 -77 0
2972 1486 0 78 -78 0
2972 1486 0 79 -79 0
2972 1486 0 80 -80 0
2972 1486 0 81 -81 0
2972 1486 0 82 -82 0
2972 1486 0 83 -83 0
2972 1486 0 84 -84 0
2972 1486 0 85 -85 0
2972 1486 0 86 -86 0
2972 1486 0 87 -87 0
2972 1486 0 88 -88 0
2972 1486 0 89 -89 0
2972 1486 0 90 -90 0
2972 1486 0 91 -91 0
2972 1486 0 92 -92 0
2972 1486 0 93 -93 0
2972 1486 0 94 -94 0
2972 1486 0 95 -95 0
2972 1486 0 96 -96 0
2972 1486 0 97 -97 0
2972 1486 0 98 -98 0
2972 1486 0 99 -99 0
2972 1486 0 100 -100 0
2972 1486 0 101 -101 0
2972 1486 0 102 -102 0
2972 1486 0 103 -103 0
2972 1486 0 104 -104 0
2972 1486 0 105 -105 0
2972 1486 0 106 -106 0
2972 1486 0 107 -107 0
2972 1486 0 108 -108 0
2972 1486 0 109 -109 0
2972 1486 0 110 -110 0
2972 1486 0 111 -111 0
2972 1486 0 112 -112 0
2972 1486 0 113 -113 0
2972 1486 0 114 -114 0
2972 1486 0 115 -115 0
2972 1486 0 116 -116 0
2972 1486 0 117 -117 0
2972 1486 0 118 -118 0
2972 1486 0 119 -119 0
2972 1486 0 120 -120 0
2972 1486 0 121 -121 0
2972 1486 0 122 -122 0
2972 1486 0 123 -123 0
2972 1486 0 124 -124 0
2972 1486 0 125 -125 0
2972 1486 0 126 -126 0
2972 1486 0 127 -127 0
2972 1486 0 128 -128 0
2972 1486 0 129 -129 0
2972 1486 0 130 -130 0
2972 1486 0 131 -131 0
2972 1486 0 132 -132 0
2972 1486 0 133 -133 0
2972 1486 0 134 -134 0
2972 1486 0 135 -135 0
2972 1486 0 136 -136 0
2972 1486 0 137 -137 0
2972 1486 0 138 -138 0
2972 1486 0 139 -139 0
2972 1486 0 140 -140 0
2972 1486 0 141 -141 0
2972 1486 0 142 -142 0
2972 1486 0 143 -143 0
2972 1486 0 144 -144 0
2972 1486 0 145 -145 0
2972 1486 0 146 -146 0
2972 1486 0 147 -147 0
2972 1486 0 148 -148 0
2972 1486 0 149 -149 0
2972 1486 0 150 -150 0
2974 1487 0 -150 150 0
2974 1487 0 -149 149 0
2974 1487 0 -148 148 0
2974 1487 0 -147 147 0
2974 1487 0 -146 146 0
2974 1487 0 -145 145 0
2974 1487 0 -144 144 0
2974 1487 0 -143 143 0
2974 1487 0 -142 142 0
2974 1487 0 -141 141 0
2974 1487 0 -140 140 0
2974 1487 0 -139 139 0
2974 1487 0 -138 138 0
2974 1487 0 -137 137 0
2974 1487 0 -136 136 0
2974 1487 0 -135 135 0
2974 1487 0 -134 134 0
2974 1487 0 -133 133 0
2974 1487 0 -132 132 0
2974 1487 0 -131 131 0
2974 1487 0 -130 130 0
2974 1487 0 -129 129 0
2974 1487 0 -128 128 0
2974 1487 0 -127 127 0
2974 1487 0 -126 126 0
2974 1487 0 -125 125 0
2974 1487 0 -124 124 0
2974 1487 0 -123 123 0
2974 1487 0 -122 122 0
2974 1487 0 -121 121 0
2974 1487 0 -120 120 0
2974 1487 0 -119 119 0
2974 1487 0 -118 118 0
2974 1487 0 -117 117 0
2974 1487 0 -116 116 0
2974 1487 0 -115 115 0
2974 1487 0 -114 114 0
2974 1487 0 -113 113 0
2974 1487 0 -112 112 0
2974 1487 0 -111 111 0
2974 1487 0 -110 110 0
2974 1487 0 -109 109 0
2974 1487 0 -108 108 0
2974 1487 0 -107 107 0
2974 1487 0 -106 106 0
2974 1487 0 -105 105 0
2974 1487 0 -104 104 0
2974 1487 0 -103 103 0
2974 1487 0 -102 102 0
2974 1487 0 -101 101 0
2974 1487 0 -100 100 0
2974 1487 0 -99 99 0
2974 1487 0 -98 98 0
2974 1487 0 -97 97 0
2974 1487 0 -96 96 0
2974 1487 0 -95 95 0
2974 1487 0 -94 94 0
2974 1487 0 -93 93 0
2974 1487 0 -92 92 0
2974 1487 0 -91 91 0
2974 1487 0 -90 90 0
2974 1487 0 -89 89 0
2974 1487 0 -88 88 0
2974 1487 0 -87 87 0
2974 1487 0 -86 86 0
2974 1487 0 -85 85 0
2974 1487 0 -84 84 0
2974 1487 0 -83 83 0
2974 1487 0 -82 82 0
2974 1487 0 -81 81 0
2974 1487 0 -80 80 0
2974 1487 0 -79 79 0
2974 1487 0 -78 78 0
2974 1487 0 -77 77 0
2974 1487 0 -76 76 0
2974 1487 0 -75 75 0
2974 1487 0 -74 74 0
2974 1487 0 -73 73 0
2974 1487 0 -72 72 0
2974 1487 0 -71 71 0
2974 1487 0 -70 70 0
2974 1487 0 -69 69 0
2974 1487 0 -68 68 0
2974 1487 0 -67 67 0
2974 1487 0 -66 66 0
2974 1487 0 -65 65 0
2974 1487 0 -64 64 0
2974 1487 0 -63 63 0
2974 1487 0 -62 62 0
2974 1487 0 -61 61 0
2974 1487 0 -60 60 0
2974 1487 0 -59 59 0
2974 1487 0 -58 58 0
2974 1487 0 -57 57 0
2974 1487 0 -56 56 0
2974 1487 0 -55 55 0
2974 1487 0 -54 54 0
2974 1487 0 -53 53 0
2974 1487 0 -52 52 0
2974 1487 0 -51 51 0
2974 1487 0 -50 50 0
2974 1487 0 -49 49 0
2974 1487 0 -48 48 0
2974 1487 0 -47 47 0
2974 1487 0 -46 46 0
2974 1487 0 -45 45 0
2974 1487 0 -44 44 0
2974 1487 0 -43 43 0
2974 1487 0 -42 42 0
2974 1487 0 -41 41 0
2974 1487 0 -40 40 0
2974 1487 0 -39 39 0
2974 1487 0 -38 38 0
2974 1487 0 -37 37 0
2974 1487 0 -36 36 0
2974 1487 0 -35 35 0
2974 1487 0 -34 34 0
2974 1487 0 -33 33 0
2974 1487 0 -32 32 0
2974 1487 0 -31 31 0
2974 1487 0 -30 30 0
2974 1487 0 -29 29 0
2974 1487 0 -28 28 0
2974 1487 0 -27 27 0
2974 1487 0 -26 26 0
2974 1487 0 -25 25 0
2974 1487 0 -24 24 0
2974 1487 0 -23 23 0
2974 1487 0 -22 22 0
2974 1487 0 -21 21 0
2974 1487 0 -20 20 0
2974 1487 0 -19 19 0
2974 1487 0 -18 18 0
2974 1487 0 -17 17 0
2974 1487 0 -16 16 0
2974 1487 0 -15 15 0
2974 1487 0 -14 14 0
2974 1487 0 -13 13 0
2974 1487 0 -12 12 0
2974 1487 0 -11 11 0
2974 1487 0 -10 10 0
2974 1487 0 -9 9 0
2974 1487 0 -8 8 0
2974 1487 0 -7 7 0
2974 1487 0 -6 6 0
2974 1487 0 -5 5 0
2974 1487 0 -4 4 0
2974 1487 0 -3 3 0
2974 1487 0 -2 2 0
2974 1487 0 -1 1 0
2974 1487 0 1 -1 0
2974 1487 0 2 -2 0
2974 1487 0 3 -3 0
2974 1487 0 4 -4 0
2974 1487 0 5 -5 0
2974 1487 0 6 -6 0
2974 1487 0 7 -7 0
2974 1487 0 8 -8 0
2974 1487 0 9 -9 0
2974 1487 0 10 -10 0
2974 1487 0 11 -11 0
2974 1487 0 12 -12 0
2974 1487 0 13 -13 0
2974 1487 0 14 -14 0
2974 1487 0 15 -15 0
2974 1487 0 16 -16 0
2974 1487 0 17 -17 0
2974 1487 0 18 -18 0
2974 1487 0 19 -19 0
2974 1487 0 20 -20 0
2974 1487 0 21 -21 0
2974 1487 0 22 -22 0
2974 1487 0 23 -23 0
2974 1487 0 24 -24 0
2974 1487 0 25 -25 0
2974 1487 0 26 -26 0
2974 1487 0 27 -27 0
2974 1487 0 28 -28 0
2974 1487 0 29 -29 0
2974 1487 0 30 -30 0
2974 1487 0 31 -31 0
2974 1487 0 32 -32 0
2974 1487 0 33 -33 0
2974 1487 0 34 -34 0
2974 1487 0 35 -35 0
2974 1487 0 36 -36 0
2974 1487 0 37 -37 0
2974 1487 0 38 -38 0
2974 1487 0 39 -39 0
2974 1487 0 40 -40 0
2974 1487 0 41 -41 0
2974 1487 0 42 -42 0
2974 1487 0 43 -43 0
2974 1487 0 44 -44 0
2974 1487 0 45 -45 0
2974 1487 0 46 -46 0
2974 1487 0 47 -47 0
2974 1487 0 48 -48 0
2974 1487 0 49 -49 0
2974 1487 0 50 -50 0
2974 1487 0 51 -51 0
2974 1487 0 52 -52 0
2974 1487 0 53 -53 0
2974 1487 0 54 -54 0
2974 1487 0 55 -55 0
2974 1487 0 56 -56 0
2974 1487 0 57 -57 0
2974 1487 0 58 -58 0
2974 1487 0 59 -59 0
2974 1487 0 60 -60 0
2974 1487 0 61 -61 0
2974 1487 0 62 -62 0
2974 1487 0 63 -63 0
2974 1487 0 64 -64 0
2974 1487 0 65 -65 0
2974 1487 0 66 -66 0
2974 1487 0 67 -67 0
2974 1487 0 68 -68 0
2974 1487 0 69 -69 0
2974 1487 0 70 -70 0
2974 1487 0 71 -71 0
2974 1487 0 72 -72 0
2974 1487 0 73 -73 0
2974 1487 0 74 -74 0
2974 1487 0 75 -75 0
2974 1487 0 76 -76 0
2974 1487 0 77 -77 0
2974 1487 0 78 -78 0
2974 1487 0 79 -79 0
2974 1487 0 80 -80 0
2974 1487 0 81 -81 0
2974 1487 0 82 -82 0
2974 1487 0 83 -83 0
2974 1487 0 84 -84 0
2974 1487 0 85 -85 0
2974 1487 0 86 -86 0
2974 1487 0 87 -87 0
2974 1487 0 88 -88 0
2974 1487 0 89 -89 0
2974 1487 0 90 -90 0
2974 1487 0 91 -91 0
2974 1487 0 92 -92 0
2974 1487 0 93 -93 0
2974 1487 0 94 -94 0
2974 1487 0 95 -95 0
2974 1487 0 96 -96 0
2974 1487 0 97 -97 0
2974 1487 0 98 -98 0
2974 1487 0 99 -99 0
2974 1487 0 100 -100 0
2974 1487 0 101 -101 0
2974 1487 0 102 -102 0
2974 1487 0 103 -103 0
2974 1487 0 104 -104 0
2974 1487 0 105 -105 0
2974 1487 0 106 -106 0
2974 1487 0 107 -107 0
2974 1487 0 108 -108 0
2974 1487 0 109 -109 0
2974 1487 0 110 -110 0
2974 1487 0 111 -111 0
2974 1487 0 112 -112 0
2974 1487 0 113 -113 0
2974 1487 0 114 -114 0
2974 1487 0 115 -115 0
2974 1487 0 116 -116 0
2974 1487 0 117 -117 0
2974 1487 0 118 -118 0
2974 1487 0 119 -119 0
2974 1487 0 120 -120 0
2974 1487 0 121 -121 0
2974 1487 0 122 -122 0
2974 1487 0 123 -123 0
2974 1487 0 124 -124 0
2974 1487 0 125 -125 0
2974 1487 0 126 -126 0
2974 1487 0 127 -127 0
2974 1487 0 128 -128 0
2974 1487 0 129 -129 0
2974 1487 0 130 -130 0
2974 1487 0 131 -131 0
2974 1487 0 132 -132 0
2974 1487 0 133 -133 0
2974 1487 0 134 -134 0
2974 1487 0 135 -135 0
2974 1487 0 136 -136 0
2974 1487 0 137 -137 0
2974 1487 0 138 -138 0
2974 1487 0 139 -139 0
2974 1487 0 140 -140 0
2974 1487 0 141 -141 0
2974 1487 0 142 -142 0
2974 1487 0 143 -143 0
2974 1487 0 144 -144 0
2974 1487 0 145 -145 0
2974 1487 0 146 -146 0
2974 1487 0 147 -147 0
2974 1487 0 148 -148 0
2974 1487 0 149 -149 0
2974 1487 0 150 -150 0
2976 1488 0 -150 150 0
2976 1488 0 -149 149 0
2976 1488 0 -148 148 0
2976 1488 0 -147 147 0
2976 1488 0 -146 146 0
2976 1488 0 -145 145 0
2976 1488 0 -144 144 0
2976 1488 0 -143 143 0
2976 1488 0 -142 142 0
2976 1488 0 -141 141 0
2976 1488 0 -140 140 0
2976 1488 0 -139 139 0
2976 1488 0 -138 138 0
2976 1488 0 -137 137 0
2976 1488 0 -136 136 0
2976 1488 0 -135 135 0
2976 1488 0 -134 134 0
2976 1488 0 -133 133 0
2976 1488 0 -132 132 0
2976 1488 0 -131 131 0
2976 1488 0 -130 130 0
2976 1488 0 -129 129 0
2976 1488 0 -128 128 0
2976 1488 0 -127 127 0
2976 1488 0 -126 126 0
2976 1488 0 -125 125 0
2976 1488 0 -124 124 0
2976 1488 0 -123 123 0
2976 1488 0 -122 122 0
2976 1488 0 -121 121 0
2976 1488 0 -120 120 0
2976 1488 0 -119 119 0
2976 1488 0 -118 118 0
2976 1488 0 -117 117 0
2976 1488 0 -116 116 0
2976 1488 0 -115 115 0
2976 1488 0 -114 114 0
2976 1488 0 -113 113 0
2976 1488 0 -112 112 0
2976 1488 0 -111 111 0
2976 1488 0 -110 110 0
2976 1488 0 -109 109 0
2976 1488 0 -108 108 0
2976 1488 0 -107 107 0
2976 1488 0 -106 106 0
2976 1488 0 -105 105 0
2976 1488 0 -104 104 0
2976 1488 0 -103 103 0
2976 1488 0 -102 102 0
2976 1488 0 -101 101 0
2976 1488 0 -100 100 0
2976 1488 0 -99 99 0
2976 1488 0 -98 98 0
2976 1488 0 -97 97 0
2976 1488 0 -96 96 0
2976 1488 0 -95 95 0
2976 1488 0 -94 94 0
2976 1488 0 -93 93 0
2976 1488 0 -92 92 0
2976 1488 0 -91 91 0
2976 1488 0 -90 90 0
2976 1488 0 -89 89 0
2976 1488 0 -88 88 0
2976 1488 0 -87 87 0
2976 1488 0 -86 86 0
2976 1488 0 -85 85 0
2976 1488 0 -84 84 0
2976 1488 0 -83 83 0
2976 1488 0 -82 82 0
2976 1488 0 -81 81 0
2976 1488 0 -80 80 0
2976 1488 0 -79 79 0
2976 1488 0 -78 78 0
2976 1488 0 -77 77 0
2976 1488 0 -76 76 0
2976 1488 0 -75 75 0
2976 1488 0 -74 74 0
2976 1488 0 -73 73 0
2976 1488 0 -72 72 0
2976 1488 0 -71 71 0
2976 1488 0 -70 70 0
2976 1488 0 -69 69 0
2976 1488 0 -68 68 0
2976 1488 0 -67 67 0
2976 1488 0 -66 66 0
2976 1488 0 -65 65 0
2976 1488 0 -64 64 0
2976 1488 0 -63 63 0
2976 1488 0 -62 62 0
2976 1488 0 -61 61 0
2976 1488 0 -60 60 0
2976 1488 0 -59 59 0
2976 1488 0 -58 58 0
2976 1488 0 -57 57 0
2976 1488 0 -56 56 0
2976 1488 0 -55 55 0
2976 1488 0 -54 54 0
2976 1488 0 -53 53 0
2976 1488 0 -52 52 0
2976 1488 0 -51 51 0
2976 1488 0 -50 50 0
2976 1488 0 -49 49 0
2976 1488 0 -48 48 0
2976 1488 0 -47 47 0
2976 1488 0 -46 46 0
2976 1488 0 -45 45 0
2976 1488 0 -44 44 0
2976 1488 0 -43 43 0
2976 1488 0 -42 42 0
2976 1488 0 -41 41 0
2976 1488 0 -40 40 0
2976 1488 0 -39 39 0
2976 1488 0 -38 38 0
2976 1488 0 -37 37 0
2976 1488 0 -36 36 0
2976 1488 0 -35 35 0
2976 1488 0 -34 34 0
2976 1488 0 -33 33 0
2976 1488 0 -32 32 0
2976 1488 0 -31 31 0
2976 1488 0 -30 30 0
2976 1488 0 -29 29 0
2976 1488 0 -28 28 0
2976 1488 0 -27 27 0
2976 1488 0 -26 26 0
2976 1488 0 -25 25 0
2976 1488 0 -24 24 0
2976 1488 0 -23 23 0
2976 1488 0 -22 22 0
2976 1488 0 -21 21 0
2976 1488 0 -20 20 0
2976 1488 0 -19 19 0
2976 1488 0 -18 18 0
2976 1488 0 -17 17 0
2976 1488 0 -16 16 0
2976 1488 0 -15 15 0
2976 1488 0 -14 14 0
2976 1488 0 -13 13 0
2976 1488 0 -12 12 0
2976 1488 0 -11 11 0
2976 1488 0 -10 10 0
2976 1488 0 -9 9 0
2976 1488 0 -8 8 0
2976 1488 0 -7 7 0
2976 1488 0 -6 6 0
2976 1488 0 -5 5 0
2976 1488 0 -4 4 0
2976 1488 0 -3 3 0
2976 1488 0 -2 2 0
2976 1488 0 -1 1 0
2976 1488 0 1 -1 0
2976 1488 0 2 -2 0
2976 1488 0 3 -3 0
2976 1488 0 4 -4 0
2976 1488 0 5 -5 0
2976 1488 0 6 -6 0
2976 1488 0 7 -7 0
2976 1488 0 8 -8 0
2976 1488 0 9 -9 0
2976 1488 0 10 -10 0
2976 1488 0 11 -11 0
2976 1488 0 12 -12 0
2976 1488 0 13 -13 0
2976 1488 0 14 -14 0
2976 1488 0 15 -15 0
2976 1488 0 16 -16 0
2976 1488 0 17 -17 0
2976 1488 0 18 -18 0
2976 1488 0 19 -19 0
2976 1488 0 20 -20 0
2976 1488 0 21 -21 0
2976 1488 0 22 -22 0
2976 1488 0 23 -23 0
2976 1488 0 24 -24 0
2976 1488 0 25 -25 0
2976 1488 0 26 -26 0
2976 1488 0 27 -27 0
2976 1488 0 28 -28 0
2976 1488 0 29 -29 0
2976 1488 0 30 -30 0
2976 1488 0 31 -31 0
2976 1488 0 32 -32 0
2976 1488 0 33 -33 0
2976 1488 0 34 -34 0
2976 1488 0 35 -35 0
2976 1488 0 36 -36 0
2976 1488 0 37 -37 0
2976 1488 0 38 -38 0
2976 1488 0 39 -39 0
2976 1488 0 40 -40 0
2976 1488 0 41 -41 0
2976 1488 0 42 -42 0
2976 1488 0 43 -43 0
2976 1488 0 44 -44 0
2976 1488 0 45 -45 0
2976 1488 0 46 -46 0
2976 1488 0 47 -47 0
2976 1488 0 48 -48 0
2976 1488 0 49 -49 0
2976 1488 0 50 -50 0
2976 1488 0 51 -51 0
2976 1488 0 52 -52 0
2976 1488 0 53 -53 0
2976 1488 0 54 -54 0
2976 1488 0 55 -55 0
2976 1488 0 56 -56 0
2976 1488 0 57 -57 0
2976 1488 0 58 -58 0
2976 1488 0 59 -59 0
2976 1488 0 60 -60 0
2976 1488 0 61 -61 0
2976 1488 0 62 -62 0
2976 1488 0 63 -63 0
2976 1488 0 64 -64 0
2976 1488 0 65 -65 0
2976 1488 0 66 -66 0
2976 1488 0 67 -67 0
2976 1488 0 68 -68 0
2976 1488 0 69 -69 0
2976 1488 0 70 -70 0
2976 1488 0 71 -71 0
2976 1488 0 72 -72 0
2976 1488 0 73 -73 0
2976 1488 0 74 -74 0
2976 1488 0 75 -75 0
2976 1488 0 76 -76 0
2976 1488 0 77 -77 0
2976 1488 0 78 -78 0
2976 1488 0 79 -79 0
2976 1488 0 80 -80 0
2976 1488 0 81 -81 0
2976 1488 0 82 -82 0
2976 1488 0 83 -83 0
2976 1488 0 84 -84 0
2976 1488 0 85 -85 0
2976 1488 0 86 -86 0
2976 1488 0 87 -87 0
2976 1488 0 88 -88 0
2976 1488 0 89 -89 0
2976 1488 0 90 -90 0
2976 1488 0 91 -91 0
2976 1488 0 92 -92 0
2976 1488 0 93 -93 0
2976 1488 0 94 -94 0
2976 1488 0 95 -95 0
2976 1488 0 96 -96 0
2976 1488 0 97 -97 0
2976 1488 0 98 -98 0
2976 1488 0 99 -99 0
2976 1488 0 100 -100 0
2976 1488 0 101 -101 0
2976 1488 0 102 -102 0
2976 1488 0 103 -103 0
2976 1488 0 104 -104 0
2976 1488 0 105 -105 0
2976 1488 0 106 -106 0
2976 1488 0 107 -107 0
2976 1488 0 108 -108 0
2976 1488 0 109 -109 0
2976 1488 0 110 -110 0
2976 1488 0 111 -111 0
2976 1488 0 112 -112 0
2976 1488 0 113 -113 0
2976 1488 0 114 -114 0
2976 1488 0 115 -115 0
2976 1488 0 116 -116 0
2976 1488 0 117 -117 0
2976 1488 0 118 -118 0
2976 1488 0 119 -119 0
2976 1488 0 120 -120 0
2976 1488 0 121 -121 0
2976 1488 0 122 -122 0
2976 1488 0 123 -123 0
2976 1488 0 124 -124 0
2976 1488 0 125 -125 0
2976 1488 0 126 -126 0
2976 1488 0 127 -127 0
2976 1488 0 128 -128 0
2976 1488 0 129 -129 0
2976 1488 0 130 -130 0
2976 1488 0 131 -131 0
2976 1488 0 132 -132 0
2976 1488 0 133 -133 0
2976 1488 0 134 -134 0
2976 1488 0 135 -135 0
2976 1488 0 136 -136 0
2976 1488 0 137 -137 0
2976 1488 0 138 -138 0
2976 1488 0 139 -139 0
2976 1488 0 140 -140 0
2976 1488 0 141 -141 0
2976 1488 0 142 -142 0
2976 1488 0 143 -143 0
2976 1488 0 144 -144 0
2976 1488 0 145 -145 0
2976 1488 0 146 -146 0
2976 1488 0 147 -147 0
2976 1488 0 148 -148 0
2976 1488 0 149 -149 0
2976 1488 0 150 -150 0
2978 1489 0 -150 150 0
2978 1489 0 -149 149 0
2978 1489 0 -148 148 0
2978 1489 0 -147 147 0
2978 1489 0 -146 146 0
2978 1489 0 -145 145 0
2978 1489 0 -144 144 0
2978 1489 0 -143 143 0
2978 1489 0 -142 142 0
2978 1489 0 -141 141 0
2978 1489 0 -140 140 0
2978 1489 0 -139 139 0
2978 1489 0 -138 138 0
2978 1489 0 -137 137 0
2978 1489 0 -136 136 0
2978 1489 0 -135 135 0
2978 1489 0 -134 134 0
2978 1489 0 -133 133 0
2978 1489 0 -132 132 0
2978 1489 0 -131 131 0
2978 1489 0 -130 130 0
2978 1489 0 -129 129 0
2978 1489 0 -128 128 0
2978 1489 0 -127 127 0
2978 1489 0 -126 126 0
2978 1489 0 -125 125 0
2978 1489 0 -124 124 0
2978 1489 0 -123 123 0
2978 1489 0 -122 122 0
2978 1489 0 -121 121 0
2978 1489 0 -120 120 0
2978 1489 0 -119 119 0
2978 1489 0 -118 118 0
2978 1489 0 -117 117 0
2978 1489 0 -116 116 0
2978 1489 0 -115 115 0
2978 1489 0 -114 114 0
2978 1489 0 -113 113 0
2978 1489 0 -112 112 0
2978 1489 0 -111 111 0
2978 1489 0 -110 110 0
2978 1489 0 -109 109 0
2978 1489 0 -108 108 0
2978 1489 0 -107 107 0
2978 1489 0 -106 106 0
2978 1489 0 -105 105 0
2978 1489 0 -104 104 0
2978 1489 0 -103 103 0
2978 1489 0 -102 102 0
2978 1489 0 -101 101 0
2978 1489 0 -100 100 0
2978 1489 0 -99 99 0
2978 1489 0 -98 98 0
2978 1489 0 -97 97 0
2978 1489 0 -96 96 0
2978 1489 0 -95 95 0
2978 1489 0 -94 94 0
2978 1489 0 -93 93 0
2978 1489 0 -92 92 0
2978 1489 0 -91 91 0
2978 1489 0 -90 90 0
2978 1489 0 -89 89 0
2978 1489 0 -88 88 0
2978 1489 0 -87 87 0
2978 1489 0 -86 86 0
2978 1489 0 -85 85 0
2978 1489 0 -84 84 0
2978 1489 0 -83 83 0
2978 1489 0 -82 82 0
2978 1489 0 -81 81 0
2978 1489 0 -80 80 0
2978 1489 0 -79 79 0
2978 1489 0 -78 78 0
2978 1489 0 -77 77 0
2978 1489 0 -76 76 0
2978 1489 0 -75 75 0
2978 1489 0 -74 74 0
2978 1489 0 -73 73 0
2978 1489 0 -72 72 0
2978 1489 0 -71 71 0
2978 1489 0 -70 70 0
2978 1489 0 -69 69 0
2978 1489 0 -68 68 0
2978 1489 0 -67 67 0
2978 1489 0 -66 66 0
2978 1489 0 -65 65 0
2978 1489 0 -64 64 0
2978 1489 0 -63 63 0
2978 1489 0 -62 62 0
2978 1489 0 -61 61 0
2978 1489 0 -60 60 0
2978 1489 0 -59 59 0
2978 1489 0 -58 58 0
2978 1489 0 -57 57 0
2978 1489 0 -56 56 0
2978 1489 0 -55 55 0
2978 1489 0 -54 54 0
2978 1489 0 -53 53 0
2978 1489 0 -52 52 0
2978 1489 0 -51 51 0
2978 1489 0 -50 50 0
2978 1489 0 -49 49 0
2978 1489 0 -48 48 0
2978 1489 0 -47 47 0
2978 1489 0 -46 46 0
2978 1489 0 -45 45 0
2978 1489 0 -44 44 0
2978 1489 0 -43 43 0
2978 1489 0 -42 42 0
2978 1489 0 -41 41 0
2978 1489 0 -40 40 0
2978 1489 0 -39 39 0
2978 1489 0 -38 38 0
2978 1489 0 -37 37 0
2978 1489 0 -36 36 0
2978 1489 0 -35 35 0
2978 1489 0 -34 34 0
2978 1489 0 -33 33 0
2978 1489 0 -32 32 0
2978 1489 0 -31 31 0
2978 1489 0 -30 30 0
2978 1489 0 -29 29 0
2978 1489 0 -28 28 0
2978 1489 0 -27 27 0
2978 1489 0 -26 26 0
2978 1489 0 -25 25 0
2978 1489 0 -24 24 0
2978 1489 0 -23 23 0
2978 1489 0 -22 22 0
2978 1489 0 -21 21 0
2978 1489 0 -20 20 0
2978 1489 0 -19 19 0
2978 1489 0 -18 18 0
2978 1489 0 -17 17 0
2978 1489 0 -16 16 0
2978 1489 0 -15 15 0
2978 1489 0 -14 14 0
2978 1489 0 -13 13 0
2978 1489 0 -12 12 0
2978 1489 0 -11 11 0
2978 1489 0 -10 10 0
2978 1489 0 -9 9 0
2978 1489 0 -8 8 0
2978 1489 0 -7 7 0
2978 1489 0 -6 6 0
2978 1489 0 -5 5 0
2978 1489 0 -4 4 0
2978 1489 0 -3 3 0
2978 1489 0 -2 2 0
2978 1489 0 -1 1 0
2978 1489 0 1 -1 0
2978 1489 0 2 -2 0
2978 1489 0 3 -3 0
2978 1489 0 4 -4 0
2978 1489 0 5 -5 0
2978 1489 0 6 -6 0
2978 1489 0 7 -7 0
2978 1489 0 8 -8 0
2978 1489 0 9 -9 0
2978 1489 0 10 -10 0
2978 1489 0 11 -11 0
2978 1489 0 12 -12 0
2978 1489 0 13 -13 0
2978 1489 0 14 -14 0
2978 1489 0 15 -15 0
2978 1489 0 16 -16 0
2978 1489 0 17 -17 0
2978 1489 0 18 -18 0
2978 1489 0 19 -19 0
2978 1489 0 20 -20 0
2978 1489 0 21 -21 0
2978 1489 0 22 -22 0
2978 1489 0 23 -23 0
2978 1489 0 24 -24 0
2978 1489 0 25 -25 0
2978 1489 0 26 -26 0
2978 1489 0 27 -27 0
2978 1489 0 28 -28 0
2978 1489 0 29 -29 0
2978 1489 0 30 -30 0
2978 1489 0 31 -31 0
2978 1489 0 32 -32 0
2978 1489 0 33 -33 0
2978 1489 0 34 -34 0
2978 1489 0 35 -35 0
2978 1489 0 36 -36 0
2978 1489 0 37 -37 0
2978 1489 0 38 -38 0
2978 1489 0 39 -39 0
2978 1489 0 40 -40 0
2978 1489 0 41 -41 0
2978 1489 0 42 -42 0
2978 1489 0 43 -43 0
2978 1489 0 44 -44 0
2978 1489 0 45 -45 0
2978 1489 0 46 -46 0
2978 1489 0 47 -47 0
2978 1489 0 48 -48 0
2978 1489 0 49 -49 0
2978 1489 0 50 -50 0
2978 1489 0 51 -51 0
2978 1489 0 52 -52 0
2978 1489 0 53 -53 0
2978 1489 0 54 -54 0
2978 1489 0 55 -55 0
2978 1489 0 56 -56 0
2978 1489 0 57 -57 0
2978 1489 0 58 -58 0
2978 1489 0 59 -59 0
2978 1489 0 60 -60 0
2978 1489 0 61 -61 0
2978 1489 0 62 -62 0
2978 1489 0 63 -63 0
2978 1489 0 64 -64 0
2978 1489 0 65 -65 0
2978 1489 0 66 -66 0
2978 1489 0 67 -67 0
2978 1489 0 68 -68 0
2978 1489 0 69 -69 0
2978 1489 0 70 -70 0
2978 1489 0 71 -71 0
2978 1489 0 72 -72 0
2978 1489 0 73 -73 0
2978 1489 0 74 -74 0
2978 1489 0 75 -75 0
2978 1489 0 76 -76 0
2978 1489 0 77 -77 0
2978 1489 0 78 -78 0
2978 1489 0 79 -79 0
2978 1489 0 80 -80 0
2978 1489 0 81 -81 0
2978 1489 0 82 -82 0
2978 1489 0 83 -83 0
2978 1489 0 84 -84 0
2978 1489 0 85 -85 0
2978 1489 0 86 -86 0
2978 1489 0 87 -87 0
2978 1489 0 88 -88 0
2978 1489 0 89 -89 0
2978 1489 0 90 -90 0
2978 1489 0 91 -91 0
2978 1489 0 92 -92 0
2978 1489 0 93 -93 0
2978 1489 0 94 -94 0
2978 1489 0 95 -95 0
2978 1489 0 96 -96 0
2978 1489 0 97 -97 0
2978 1489 0 98 -98 0
2978 1489 0 99 -99 0
2978 1489 0 100 -100 0
2978 1489 0 101 -101 0
2978 1489 0 102 -102 0
2978 1489 0 103 -103 0
2978 1489 0 104 -104 0
2978 1489 0 105 -105 0
2978 1489 0 106 -106 0
2978 1489 0 107 -107 0
2978 1489 0 108 -108 0
2978 1489 0 109 -109 0
2978 1489 0 110 -110 0
2978 1489 0 111 -111 0
2978 1489 0 112 -112 0
2978 1489 0 113 -113 0
2978 1489 0 114 -114 0
2978 1489 0 115 -115 0
2978 1489 0 116 -116 0
2978 1489 0 117 -117 0
2978 1489 0 118 -118 0
2978 1489 0 119 -119 0
2978 1489 0 120 -120 0
2978 1489 0 121 -121 0
2978 1489 0 122 -122 0
2978 1489 0 123 -123 0
2978 1489 0 124 -124 0
2978 1489 0 125 -125 0
2978 1489 0 126 -126 0
2978 1489 0 127 -127 0
2978 1489 0 128 -128 0
2978 1489 0 129 -129 0
2978 1489 0 130 -130 0
2978 1489 0 131 -131 0
2978 1489 0 132 -132 0
2978 1489 0 133 -133 0
2978 1489 0 134 -134 0
2978 1489 0 135 -135 0
2978 1489 0 136 -136 0
2978 1489 0 137 -137 0
2978 1489 0 138 -138 0
2978 1489 0 139 -139 0
2978 1489 0 140 -140 0
2978 1489 0 141 -141 0
2978 1489 0 142 -142 0
2978 1489 0 143 -143 0
2978 1489 0 144 -144 0
2978 1489 0 145 -145 0
2978 1489 0 146 -146 0
2978 1489 0 147 -147 0
2978 1489 0 148 -148 0
2978 1489 0 149 -149 0
2978 1489 0 150 -150 0
2980 1490 0 -150 150 0
2980 1490 0 -149 149 0
2980 1490 0 -148 148 0
2980 1490 0 -147 147 0
2980 1490 0 -146 146 0
2980 1490 0 -145 145 0
2980 1490 0 -144 144 0
2980 1490 0 -143 143 0
2980 1490 0 -142 142 0
2980 1490 0 -141 141 0
2980 1490 0 -140 140 0
2980 1490 0 -139 139 0
2980 1490 0 -138 138 0
2980 1490 0 -137 137 0
2980 1490 0 -136 136 0
2980 1490 0 -135 135 0
2980 1490 0 -134 134 0
2980 1490 0 -133 133 0
2980 1490 0 -132 132 0
2980 1490 0 -131 131 0
2980 1490 0 -130 130 0
2980 1490 0 -129 129 0
2980 1490 0 -128 128 0
2980 1490 0 -127 127 0
2980 1490 0 -126 126 0
2980 1490 0 -125 125 0
2980 1490 0 -124 124 0
2980 1490 0 -123 123 0
2980 1490 0 -122 122 0
2980 1490 0 -121 121 0
2980 1490 0 -120 120 0
2980 1490 0 -119 119 0
2980 1490 0 -118 118 0
2980 1490 0 -117 117 0
2980 1490 0 -116 116 0
2980 1490 0 -115 115 0
2980 1490 0 -114 114 0
2980 1490 0 -113 113 0
2980 1490 0 -112 112 0
2980 1490 0 -111 111 0
2980 1490 0 -110 110 0
2980 1490 0 -109 109 0
2980 1490 0 -108 108 0
2980 1490 0 -107 107 0
2980 1490 0 -106 106 0
2980 1490 0 -105 105 0
2980 1490 0 -104 104 0
2980 1490 0 -103 103 0
2980 1490 0 -102 102 0
2980 1490 0 -101 101 0
2980 1490 0 -100 100 0
2980 1490 0 -99 99 0
2980 1490 0 -98 98 0
2980 1490 0 -97 97 0
2980 1490 0 -96 96 0
2980 1490 0 -95 95 0
2980 1490 0 -94 94 0
2980 1490 0 -93 93 0
2980 1490 0 -92 92 0
2980 1490 0 -91 91 0
2980 1490 0 -90 90 0
2980 1490 0 -89 89 0
2980 1490 0 -88 88 0
2980 1490 0 -87 87 0
2980 1490 0 -86 86 0
2980 1490 0 -85 85 0
2980 1490 0 -84 84 0
2980 1490 0 -83 83 0
2980 1490 0 -82 82 0
2980 1490 0 -81 81 0
2980 1490 0 -80 80 0
2980 1490 0 -79 79 0
2980 1490 0 -78 78 0
2980 1490 0 -77 77 0
2980 1490 0 -76 76 0
2980 1490 0 -75 75 0
2980 1490 0 -74 74 0
2980 1490 0 -73 73 0
2980 1490 0 -72 72 0
2980 1490 0 -71 71 0
2980 1490 0 -70 70 0
2980 1490 0 -69 69 0
2980 1490 0 -68 68 0
2980 1490 0 -67 67 0
2980 1490 0 -66 66 0
2980 1490 0 -65 65 0
2980 1490 0 -64 64 0
2980 1490 0 -63 63 0
2980 1490 0 -62 62 0
2980 1490 0 -61 61 0
2980 1490 0 -60 60 0
2980 1490 0 -59 59 0
2980 1490 0 -58 58 0
2980 1490 0 -57 57 0
2980 1490 0 -56 56 0
2980 1490 0 -55 55 0
2980 1490 0 -54 54 0
2980 1490 0 -53 53 0
2980 1490 0 -52 52 0
2980 1490 0 -51 51 0
2980 1490 0 -50 50 0
2980 1490 0 -49 49 0
2980 1490 0 -48 48 0
2980 1490 0 -47 47 0
2980 1490 0 -46 46 0
2980 1490 0 -45 45 0
2980 1490 0 -44 44 0
2980 1490 0 -43 43 0
2980 1490 0 -42 42 0
2980 1490 0 -41 41 0
2980 1490 0 -40 40 0
2980 1490 0 -39 39 0
2980 1490 0 -38 38 0
2980 1490 0 -37 37 0
2980 1490 0 -36 36 0
2980 1490 0 -35 35 0
2980 1490 0 -34 34 0
2980 1490 0 -33 33 0
2980 1490 0 -32 32 0
2980 1490 0 -31 31 0
2980 1490 0 -30 30 0
2980 1490 0 -29 29 0
2980 1490 0 -28 28 0
2980 1490 0 -27 27 0
2980 1490 0 -26 26 0
2980 1490 0 -25 25 0
2980 1490 0 -24 24 0
2980 1490 0 -23 23 0
2980 1490 0 -22 22 0
2980 1490 0 -21 21 0
2980 1490 0 -20 20 0
2980 1490 0 -19 19 0
2980 1490 0 -18 18 0
2980 1490 0 -17 17 0
2980 1490 0 -16 16 0
2980 1490 0 -15 15 0
2980 1490 0 -14 14 0
2980 1490 0 -13 13 0
2980 1490 0 -12 12 0
2980 1490 0 -11 11 0
2980 1490 0 -10 10 0
2980 1490 0 -9 9 0
2980 1490 0 -8 8 0
2980 1490 0 -7 7 0
2980 1490 0 -6 6 0
2980 1490 0 -5 5 0
2980 1490 0 -4 4 0
2980 1490 0 -3 3 0
2980 1490 0 -2 2 0
2980 1490 0 -1 1 0
2980 1490 0 1 -1 0
2980 1490 0 2 -2 0
2980 1490 0 3 -3 0
2980 1490 0 4 -4 0
2980 1490 0 5 -5 0
2980 1490 0 6 -6 0
2980 1490 0 7 -7 0
2980 1490 0 8 -8 0
2980 1490 0 9 -9 0
2980 1490 0 10 -10 0
2980 1490 0 11 -11 0
2980 1490 0 12 -12 0
2980 1490 0 13 -13 0
2980 1490 0 14 -14 0
2980 1490 0 15 -15 0
2980 1490 0 16 -16 0
2980 1490 0 17 -17 0
2980 1490 0 18 -18 0
2980 1490 0 19 -19 0
2980 1490 0 20 -20 0
2980 1490 0 21 -21 0
2980 1490 0 22 -22 0
2980 1490 0 23 -23 0
2980 1490 0 24 -24 0
2980 1490 0 25 -25 0
2980 1490 0 26 -26 0
2980 1490 0 27 -27 0
2980 1490 0 28 -28 0
2980 1490 0 29 -29 0
2980 1490 0 30 -30 0
2980 1490 0 31 -31 0
2980 1490 0 32 -32 0
2980 1490 0 33 -33 0
2980 1490 0 34 -34 0
2980 1490 0 35 -35 0
2980 1490 0 36 -36 0
2980 1490 0 37 -37 0
2980 1490 0 38 -38 0
2980 1490 0 39 -39 0
2980 1490 0 40 -40 0
2980 1490 0 41 -41 0
2980 1490 0 42 -42 0
2980 1490 0 43 -43 0
2980 1490 0 44 -44 0
2980 1490 0 45 -45 0
2980 1490 0 46 -46 0
2980 1490 0 47 -47 0
2980 1490 0 48 -48 0
2980 1490 0 49 -49 0
2980 1490 0 50 -50 0
2980 1490 0 51 -51 0
2980 1490 0 52 -52 0
2980 1490 0 53 -53 0
2980 1490 0 54 -54 0
2980 1490 0 55 -55 0
2980 1490 0 56 -56 0
2980 1490 0 57 -57 0
2980 1490 0 58 -58 0
2980 1490 0 59 -59 0
2980 1490 0 60 -60 0
2980 1490 0 61 -61 0
2980 1490 0 62 -62 0
2980 1490 0 63 -63 0
2980 1490 0 64 -64 0
2980 1490 0 65 -65 0
2980 1490 0 66 -66 0
2980 1490 0 67 -67 0
2980 1490 0 68 -68 0
2980 1490 0 69 -69 0
2980 1490 0 70 -70 0
2980 1490 0 71 -71 0
2980 1490 0 72 -72 0
2980 1490 0 73 -73 0
2980 1490 0 74 -74 0
2980 1490 0 75 -75 0
2980 1490 0 76 -76 0
2980 1490 0 77 -77 0
2980 1490 0 78 -78 0
2980 1490 0 79 -79 0
2980 1490 0 80 -80 0
2980 1490 0 81 -81 0
2980 1490 0 82 -82 0
2980 1490 0 83 -83 0
2980 1490 0 84 -84 0
2980 1490 0 85 -85 0
2980 1490 0 86 -86 0
2980 1490 0 87 -87 0
2980 1490 0 88 -88 0
2980 1490 0 89 -89 0
2980 1490 0 90 -90 0
2980 1490 0 91 -91 0
2980 1490 0 92 -92 0
2980 1490 0 93 -93 0
2980 1490 0 94 -94 0
2980 1490 0 95 -95 0
2980 1490 0 96 -96 0
2980 1490 0 97 -97 0
2980 1490 0 98 -98 0
2980 1490 0 99 -99 0
2980 1490 0 100 -100 0
2980 1490 0 101 -101 0
2980 1490 0 102 -102 0
2980 1490 0 103 -103 0
2980 1490 0 104 -104 0
2980 1490 0 105 -105 0
2980 1490 0 106 -106 0
2980 1490 0 107 -107 0
2980 1490 0 108 -108 0
2980 1490 0 109 -109 0
2980 1490 0 110 -110 0
2980 1490 0 111 -111 0
2980 1490 0 112 -112 0
2980 1490 0 113 -113 0
2980 1490 0 114 -114 0
2980 1490 0 115 -115 0
2980 1490 0 116 -116 0
2980 1490 0 117 -117 0
2980 1490 0 118 -118 0
2980 1490 0 119 -119 0
2980 1490 0 120 -120 0
2980 1490 0 121 -121 0
2980 1490 0 122 -122 0
2980 1490 0 123 -123 0
2980 1490 0 124 -124 0
2980 1490 0 125 -125 0
2980 1490 0 126 -126 0
2980 1490 0 127 -127 0
2980 1490 0 128 -128 0
2980 1490 0 129 -129 0
2980 1490 0 130 -130 0
2980 1490 0 131 -131 0
2980 1490 0 132 -132 0
2980 1490 0 133 -133 0
2980 1490 0 134 -134 0
2980 1490 0 135 -135 0
2980 1490 0 136 -136 0
2980 1490 0 137 -137 0
2980 1490 0 138 -138 0
2980 1490 0 139 -139 0
2980 1490 0 140 -140 0
2980 1490 0 141 -141 0
2980 1490 0 142 -142 0
2980 1490 0 143 -143 0
2980 1490 0 144 -144 0
2980 1490 0 145 -145 0
2980 1490 0 146 -146 0
2980 1490 0 147 -147 0
2980 1490 0 148 -148 0
2980 1490 0 149 -149 0
2980 1490 0 150 -150 0
2982 1491 0 -150 150 0
2982 1491 0 -149 149 0
2982 1491 0 -148 148 0
2982 1491 0 -147 147 0
2982 1491 0 -146 146 0
2982 1491 0 -145 145 0
2982 1491 0 -144 144 0
2982 1491 0 -143 143 0
2982 1491 0 -142 142 0
2982 1491 0 -141 141 0
2982 1491 0 -140 140 0
2982 1491 0 -139 139 0
2982 1491 0 -138 138 0
2982 1491 0 -137 137 0
2982 1491 0 -136 136 0
2982 1491 0 -135 135 0
2982 1491 0 -134 134 0
2982 1491 0 -133 133 0
2982 1491 0 -132 132 0
2982 1491 0 -131 131 0
2982 1491 0 -130 130 0
2982 1491 0 -129 129 0
2982 1491 0 -128 128 0
2982 1491 0 -127 127 0
2982 1491 0 -126 126 0
2982 1491 0 -125 125 0
2982 1491 0 -124 124 0
2982 1491 0 -123 123 0
2982 1491 0 -122 122 0
2982 1491 0 -121 121 0
2982 1491 0 -120 120 0
2982 1491 0 -119 119 0
2982 1491 0 -118 118 0
2982 1491 0 -117 117 0
2982 1491 0 -116 116 0
2982 1491 0 -115 115 0
2982 1491 0 -114 114 0
2982 1491 0 -113 113 0
2982 1491 0 -112 112 0
2982 1491 0 -111 111 0
2982 1491 0 -110 110 0
2982 1491 0 -109 109 0
2982 1491 0 -108 108 0
2982 1491 0 -107 107 0
2982 1491 0 -106 106 0
2982 1491 0 -105 105 0
2982 1491 0 -104 104 0
2982 1491 0 -103 103 0
2982 1491 0 -102 102 0
2982 1491 0 -101 101 0
2982 1491 0 -100 100 0
2982 1491 0 -99 99 0
2982 1491 0 -98 98 0
2982 1491 0 -97 97 0
2982 1491 0 -96 96 0
2982 1491 0 -95 95 0
2982 1491 0 -94 94 0
2982 1491 0 -93 93 0
2982 1491 0 -92 92 0
2982 1491 0 -91 91 0
2982 1491 0 -90 90 0
2982 1491 0 -89 89 0
2982 1491 0 -88 88 0
2982 1491 0 -87 87 0
2982 1491 0 -86 86 0
2982 1491 0 -85 85 0
2982 1491 0 -84 84 0
2982 1491 0 -83 83 0
2982 1491 0 -82 82 0
2982 1491 0 -81 81 0
2982 1491 0 -80 80 0
2982 1491 0 -79 79 0
2982 1491 0 -78 78 0
2982 1491 0 -77 77 0
2982 1491 0 -76 76 0
2982 1491 0 -75 75 0
2982 1491 0 -74 74 0
2982 1491 0 -73 73 0
2982 1491 0 -72 72 0
2982 1491 0 -71 71 0
2982 1491 0 -70 70 0
2982 1491 0 -69 69 0
2982 1491 0 -68 68 0
2982 1491 0 -67 67 0
2982 1491 0 -66 66 0
2982 1491 0 -65 65 0
2982 1491 0 -64 64 0
2982 1491 0 -63 63 0
2982 1491 0 -62 62 0
2982 1491 0 -61 61 0
2982 1491 0 -60 60 0
2982 1491 0 -59 59 0
2982 1491 0 -58 58 0
2982 1491 0 -57 57 0
2982 1491 0 -56 56 0
2982 1491 0 -55 55 0
2982 1491 0 -54 54 0
2982 1491 0 -53 53 0
2982 1491 0 -52 52 0
2982 1491 0 -51 51 0
2982 1491 0 -50 50 0
2982 1491 0 -49 49 0
2982 1491 0 -48 48 0
2982 1491 0 -47 47 0
2982 1491 0 -46 46 0
2982 1491 0 -45 45 0
2982 1491 0 -44 44 0
2982 1491 0 -43 43 0
2982 1491 0 -42 42 0
2982 1491 0 -41 41 0
2982 1491 0 -40 40 0
2982 1491 0 -39 39 0
2982 1491 0 -38 38 0
2982 1491 0 -37 37 0
2982 1491 0 -36 36 0
2982 1491 0 -35 35 0
2982 1491 0 -34 34 0
2982 1491 0 -33 33 0
2982 1491 0 -32 32 0
2982 1491 0 -31 31 0
2982 1491 0 -30 30 0
2982 1491 0 -29 29 0
2982 1491 0 -28 28 0
2982 1491 0 -27 27 0
2982 1491 0 -26 26 0
2982 1491 0 -25 25 0
2982 1491 0 -24 24 0
2982 1491 0 -23 23 0
2982 1491 0 -22 22 0
2982 1491 0 -21 21 0
2982 1491 0 -20 20 0
2982 1491 0 -19 19 0
2982 1491 0 -18 18 0
2982 1491 0 -17 17 0
2982 1491 0 -16 16 0
2982 1491 0 -15 15 0
2982 1491 0 -14 14 0
2982 1491 0 -13 13 0
2982 1491 0 -12 12 0
2982 1491 0 -11 11 0
2982 1491 0 -10 10 0
2982 1491 0 -9 9 0
2982 1491 0 -8 8 0
2982 1491 0 -7 7 0
2982 1491 0 -6 6 0
2982 1491 0 -5 5 0
2982 1491 0 -4 4 0
2982 1491 0 -3 3 0
2982 1491 0 -2 2 0
2982 1491 0 -1 1 0
2982 1491 0 1 -1 0
2982 1491 0 2 -2 0
2982 1491 0 3 -3 0
2982 1491 0 4 -4 0
2982 1491 0 5 -5 0
2982 1491 0 6 -6 0
2982 1491 0 7 -7 0
2982 1491 0 8 -8 0
2982 1491 0 9 -9 0
2982 1491 0 10 -10 0
2982 1491 0 11 -11 0
2982 1491 0 12 -12 0
2982 1491 0 13 -13 0
2982 1491 0 14 -14 0
2982 1491 0 15 -15 0
2982 1491 0 16 -16 0
2982 1491 0 17 -17 0
2982 1491 0 18 -18 0
2982 1491 0 19 -19 0
2982 1491 0 20 -20 0
2982 1491 0 21 -21 0
2982 1491 0 22 -22 0
2982 1491 0 23 -23 0
2982 1491 0 24 -24 0
2982 1491 0 25 -25 0
2982 1491 0 26 -26 0
2982 1491 0 27 -27 0
2982 1491 0 28 -28 0
2982 1491 0 29 -29 0
2982 1491 0 30 -30 0
2982 1491 0 31 -31 0
2982 1491 0 32 -32 0
2982 1491 0 33 -33 0
2982 1491 0 34 -34 0
2982 1491 0 35 -35 0
2982 1491 0 36 -36 0
2982 1491 0 37 -37 0
2982 1491 0 38 -38 0
2982 1491 0 39 -39 0
2982 1491 0 40 -40 0
2982 1491 0 41 -41 0
2982 1491 0 42 -42 0
2982 1491 0 43 -43 0
2982 1491 0 44 -44 0
2982 1491 0 45 -45 0
2982 1491 0 46 -46 0
2982 1491 0 47 -47 0
2982 1491 0 48 -48 0
2982 1491 0 49 -49 0
2982 1491 0 50 -50 0
2982 1491 0 51 -51 0
2982 1491 0 52 -52 0
2982 1491 0 53 -53 0
2982 1491 0 54 -54 0
2982 1491 0 55 -55 0
2982 1491 0 56 -56 0
2982 1491 0 57 -57 0
2982 1491 0 58 -58 0
2982 1491 0 59 -59 0
2982 1491 0 60 -60 0
2982 1491 0 61 -61 0
2982 1491 0 62 -62 0
2982 1491 0 63 -63 0
2982 1491 0 64 -64 0
2982 1491 0 65 -65 0
2982 1491 0 66 -66 0
2982 1491 0 67 -67 0
2982 1491 0 68 -68 0
2982 1491 0 69 -69 0
2982 1491 0 70 -70 0
2982 1491 0 71 -71 0
2982 1491 0 72 -72 0
2982 1491 0 73 -73 0
2982 1491 0 74 -74 0
2982 1491 0 75 -75 0
2982 1491 0 76 -76 0
2982 1491 0 77 -77 0
2982 1491 0 78 -78 0
2982 1491 0 79 -79 0
2982 1491 0 80 -80 0
2982 1491 0 81 -81 0
2982 1491 0 82 -82 0
2982 1491 0 83 -83 0
2982 1491 0 84 -84 0
2982 1491 0 85 -85 0
2982 1491 0 86 -86 0
2982 1491 0 87 -87 0
2982 1491 0 88 -88 0
2982 1491 0 89 -89 0
2982 1491 0 90 -90 0
2982 1491 0 91 -91 0
2982 1491 0 92 -92 0
2982 1491 0 93 -93 0
2982 1491 0 94 -94 0
2982 1491 0 95 -95 0
2982 1491 0 96 -96 0
2982 1491 0 97 -97 0
2982 1491 0 98 -98 0
2982 1491 0 99 -99 0
2982 1491 0 100 -100 0
2982 1491 0 101 -101 0
2982 1491 0 102 -102 0
2982 1491 0 103 -103 0
2982 1491 0 104 -104 0
2982 1491 0 105 -105 0
2982 1491 0 106 -106 0
2982 1491 0 107 -107 0
2982 1491 0 108 -108 0
2982 1491 0 109 -109 0
2982 1491 0 110 -110 0
2982 1491 0 111 -111 0
2982 1491 0 112 -112 0
2982 1491 0 113 -113 0
2982 1491 0 114 -114 0
2982 1491 0 115 -115 0
2982 1491 0 116 -116 0
2982 1491 0 117 -117 0
2982 1491 0 118 -118 0
2982 1491 0 119 -119 0
2982 1491 0 120 -120 0
2982 1491 0 121 -121 0
2982 1491 0 122 -122 0
2982 1491 0 123 -123 0
2982 1491 0 124 -124 0
2982 1491 0 125 -125 0
2982 1491 0 126 -126 0
2982 1491 0 127 -127 0
2982 1491 0 128 -128 0
2982 1491 0 129 -129 0
2982 1491 0 130 -130 0
2982 1491 0 131 -131 0
2982 1491 0 132 -132 0
2982 1491 0 133 -133 0
2982 1491 0 134 -134 0
2982 1491 0 135 -135 0
2982 1491 0 136 -136 0
2982 1491 0 137 -137 0
2982 1491 0 138 -138 0
2982 1491 0 139 -139 0
2982 1491 0 140 -140 0
2982 1491 0 141 -141 0
2982 1491 0 142 -142 0
2982 1491 0 143 -143 0
2982 1491 0 144 -144 0
2982 1491 0 145 -145 0
2982 1491 0 146 -146 0
2982 1491 0 147 -147 0
2982 1491 0 148 -148 0
2982 1491 0 149 -149 0
2982 1491 0 150 -150 0
2984 1492 0 -150 150 0
2984 1492 0 -149 149 0
2984 1492 0 -148 148 0
2984 1492 0 -147 147 0
2984 1492 0 -146 146 0
2984 1492 0 -145 145 0
2984 1492 0 -144 144 0
2984 1492 0 -143 143 0
2984 1492 0 -142 142 0
2984 1492 0 -141 141 0
2984 1492 0 -140 140 0
2984 1492 0 -139 139 0
2984 1492 0 -138 138 0
2984 1492 0 -137 137 0
2984 1492 0 -136 136 0
2984 1492 0 -135 135 0
2984 1492 0 -134 134 0
2984 1492 0 -133 133 0
2984 1492 0 -132 132 0
2984 1492 0 -131 131 0
2984 1492 0 -130 130 0
2984 1492 0 -129 129 0
2984 1492 0 -128 128 0
2984 1492 0 -127 127 0
2984 1492 0 -126 126 0
2984 1492 0 -125 125 0
2984 1492 0 -124 124 0
2984 1492 0 -123 123 0
2984 1492 0 -122 122 0
2984 1492 0 -121 121 0
2984 1492 0 -120 120 0
2984 1492 0 -119 119 0
2984 1492 0 -118 118 0
2984 1492 0 -117 117 0
2984 1492 0 -116 116 0
2984 1492 0 -115 115 0
2984 1492 0 -114 114 0
2984 1492 0 -113 113 0
2984 1492 0 -112 112 0
2984 1492 0 -111 111 0
2984 1492 0 -110 110 0
2984 1492 0 -109 109 0
2984 1492 0 -108 108 0
2984 1492 0 -107 107 0
2984 1492 0 -106 106 0
2984 1492 0 -105 105 0
2984 1492 0 -104 104 0
2984 1492 0 -103 103 0
2984 1492 0 -102 102 0
2984 1492 0 -101 101 0
2984 1492 0 -100 100 0
2984 1492 0 -99 99 0
2984 1492 0 -98 98 0
2984 1492 0 -97 97 0
2984 1492 0 -96 96 0
2984 1492 0 -95 95 0
2984 1492 0 -94 94 0
2984 1492 0 -93 93 0
2984 1492 0 -92 92 0
2984 1492 0 -91 91 0
2984 1492 0 -90 90 0
2984 1492 0 -89 89 0
2984 1492 0 -88 88 0
2984 1492 0 -87 87 0
2984 1492 0 -86 86 0
2984 1492 0 -85 85 0
2984 1492 0 -84 84 0
2984 1492 0 -83 83 0
2984 1492 0 -82 82 0
2984 1492 0 -81 81 0
2984 1492 0 -80 80 0
2984 1492 0 -79 79 0
2984 1492 0 -78 78 0
2984 1492 0 -77 77 0
2984 1492 0 -76 76 0
2984 1492 0 -75 75 0
2984 1492 0 -74 74 0
2984 1492 0 -73 73 0
2984 1492 0 -72 72 0
2984 1492 0 -71 71 0
2984 1492 0 -70 70 0
2984 1492 0 -69 69 0
2984 1492 0 -68 68 0
2984 1492 0 -67 67 0
2984 1492 0 -66 66 0
2984 1492 0 -65 65 0
2984 1492 0 -64 64 0
2984 1492 0 -63 63 0
2984 1492 0 -62 62 0
2984 1492 0 -61 61 0
2984 1492 0 -60 60 0
2984 1492 0 -59 59 0
2984 1492 0 -58 58 0
2984 1492 0 -57 57 0
2984 1492 0 -56 56 0
2984 1492 0 -55 55 0
2984 1492 0 -54 54 0
2984 1492 0 -53 53 0
2984 1492 0 -52 52 0
2984 1492 0 -51 51 0
2984 1492 0 -50 50 0
2984 1492 0 -49 49 0
2984 1492 0 -48 48 0
2984 1492 0 -47 47 0
2984 1492 0 -46 46 0
2984 1492 0 -45 45 0
2984 1492 0 -44 44 0
2984 1492 0 -43 43 0
2984 1492 0 -42 42 0
2984 1492 0 -41 41 0
2984 1492 0 -40 40 0
2984 1492 0 -39 39 0
2984 1492 0 -38 38 0
2984 1492 0 -37 37 0
2984 1492 0 -36 36 0
2984 1492 0 -35 35 0
2984 1492 0 -34 34 0
2984 1492 0 -33 33 0
2984 1492 0 -32 32 0
2984 1492 0 -31 31 0
2984 1492 0 -30 30 0
2984 1492 0 -29 29 0
2984 1492 0 -28 28 0
2984 1492 0 -27 27 0
2984 1492 0 -26 26 0
2984 1492 0 -25 25 0
2984 1492 0 -24 24 0
2984 1492 0 -23 23 0
2984 1492 0 -22 22 0
2984 1492 0 -21 21 0
2984 1492 0 -20 20 0
2984 1492 0 -19 19 0
2984 1492 0 -18 18 0
2984 1492 0 -17 17 0
2984 1492 0 -16 16 0
2984 1492 0 -15 15 0
2984 1492 0 -14 14 0
2984 1492 0 -13 13 0
2984 1492 0 -12 12 0
2984 1492 0 -11 11 0
2984 1492 0 -10 10 0
2984 1492 0 -9 9 0
2984 1492 0 -8 8 0
2984 1492 0 -7 7 0
2984 1492 0 -6 6 0
2984 1492 0 -5 5 0
2984 1492 0 -4 4 0
2984 1492 0 -3 3 0
2984 1492 0 -2 2 0
2984 1492 0 -1 1 0
2984 1492 0 1 -1 0
2984 1492 0 2 -2 0
2984 1492 0 3 -3 0
2984 1492 0 4 -4 0
2984 1492 0 5 -5 0
2984 1492 0 6 -6 0
2984 1492 0 7 -7 0
2984 1492 0 8 -8 0
2984 1492 0 9 -9 0
2984 1492 0 10 -10 0
2984 1492 0 11 -11 0
2984 1492 0 12 -12 0
2984 1492 0 13 -13 0
2984 1492 0 14 -14 0
2984 1492 0 15 -15 0
2984 1492 0 16 -16 0
2984 1492 0 17 -17 0
2984 1492 0 18 -18 0
2984 1492 0 19 -19 0
2984 1492 0 20 -20 0
2984 1492 0 21 -21 0
2984 1492 0 22 -22 0
2984 1492 0 23 -23 0
2984 1492 0 24 -24 0
2984 1492 0 25 -25 0
2984 1492 0 26 -26 0
2984 1492 0 27 -27 0
2984 1492 0 28 -28 0
2984 1492 0 29 -29 0
2984 1492 0 30 -30 0
2984 1492 0 31 -31 0
2984 1492 0 32 -32 0
2984 1492 0 33 -33 0
2984 1492 0 34 -34 0
2984 1492 0 35 -35 0
2984 1492 0 36 -36 0
2984 1492 0 37 -37 0
2984 1492 0 38 -38 0
2984 1492 0 39 -39 0
2984 1492 0 40 -40 0
2984 1492 0 41 -41 0
2984 1492 0 42 -42 0
2984 1492 0 43 -43 0
2984 1492 0 44 -44 0
2984 1492 0 45 -45 0
2984 1492 0 46 -46 0
2984 1492 0 47 -47 0
2984 1492 0 48 -48 0
2984 1492 0 49 -49 0
2984 1492 0 50 -50 0
2984 1492 0 51 -51 0
2984 1492 0 52 -52 0
2984 1492 0 53 -53 0
2984 1492 0 54 -54 0
2984 1492 0 55 -55 0
2984 1492 0 56 -56 0
2984 1492 0 57 -57 0
2984 1492 0 58 -58 0
2984 1492 0 59 -59 0
2984 1492 0 60 -60 0
2984 1492 0 61 -61 0
2984 1492 0 62 -62 0
2984 1492 0 63 -63 0
2984 1492 0 64 -64 0
2984 1492 0 65 -65 0
2984 1492 0 66 -66 0
2984 1492 0 67 -67 0
2984 1492 0 68 -68 0
2984 1492 0 69 -69 0
2984 1492 0 70 -70 0
2984 1492 0 71 -71 0
2984 1492 0 72 -72 0
2984 1492 0 73 -73 0
2984 1492 0 74 -74 0
2984 1492 0 75 -75 0
2984 1492 0 76 -76 0
2984 1492 0 77 -77 0
2984 1492 0 78 -78 0
2984 1492 0 79 -79 0
2984 1492 0 80 -80 0
2984 1492 0 81 -81 0
2984 1492 0 82 -82 0
2984 1492 0 83 -83 0
2984 1492 0 84 -84 0
2984 1492 0 85 -85 0
2984 1492 0 86 -86 0
2984 1492 0 87 -87 0
2984 1492 0 88 -88 0
2984 1492 0 89 -89 0
2984 1492 0 90 -90 0
2984 1492 0 91 -91 0
2984 1492 0 92 -92 0
2984 1492 0 93 -93 0
2984 1492 0 94 -94 0
2984 1492 0 95 -95 0
2984 1492 0 96 -96 0
2984 1492 0 97 -97 0
2984 1492 0 98 -98 0
2984 1492 0 99 -99 0
2984 1492 0 100 -100 0
2984 1492 0 101 -101 0
2984 1492 0 102 -102 0
2984 1492 0 103 -103 0
2984 1492 0 104 -104 0
2984 1492 0 105 -105 0
2984 1492 0 106 -106 0
2984 1492 0 107 -107 0
2984 1492 0 108 -108 0
2984 1492 0 109 -109 0
2984 1492 0 110 -110 0
2984 1492 0 111 -111 0
2984 1492 0 112 -112 0
2984 1492 0 113 -113 0
2984 1492 0 114 -114 0
2984 1492 0 115 -115 0
2984 1492 0 116 -116 0
2984 1492 0 117 -117 0
2984 1492 0 118 -118 0
2984 1492 0 119 -119 0
2984 1492 0 120 -120 0
2984 1492 0 121 -121 0
2984 1492 0 122 -122 0
2984 1492 0 123 -123 0
2984 1492 0 124 -124 0
2984 1492 0 125 -125 0
2984 1492 0 126 -126 0
2984 1492 0 127 -127 0
2984 1492 0 128 -128 0
2984 1492 0 129 -129 0
2984 1492 0 130 -130 0
2984 1492 0 131 -131 0
2984 1492 0 132 -132 0
2984 1492 0 133 -133 0
2984 1492 0 134 -134 0
2984 1492 0 135 -135 0
2984 1492 0 136 -136 0
2984 1492 0 137 -137 0
2984 1492 0 138 -138 0
2984 1492 0 139 -139 0
2984 1492 0 140 -140 0
2984 1492 0 141 -141 0
2984 1492 0 142 -142 0
2984 1492 0 143 -143 0
2984 1492 0 144 -144 0
2984 1492 0 145 -145 0
2984 1492 0 146 -146 0
2984 1492 0 147 -147 0
2984 1492 0 148 -148 0
2984 1492 0 149 -149 0
2984 1492 0 150 -150 0
2986 1493 0 -150 150 0
2986 1493 0 -149 149 0
2986 1493 0 -148 148 0
2986 1493 0 -147 147 0
2986 1493 0 -146 146 0
2986 1493 0 -145 145 0
2986 1493 0 -144 144 0
2986 1493 0 -143 143 0
2986 1493 0 -142 142 0
2986 1493 0 -141 141 0
2986 1493 0 -140 140 0
2986 1493 0 -139 139 0
2986 1493 0 -138 138 0
2986 1493 0 -137 137 0
2986 1493 0 -136 136 0
2986 1493 0 -135 135 0
2986 1493 0 -134 134 0
2986 1493 0 -133 133 0
2986 1493 0 -132 132 0
2986 1493 0 -131 131 0
2986 1493 0 -130 130 0
2986 1493 0 -129 129 0
2986 1493 0 -128 128 0
2986 1493 0 -127 127 0
2986 1493 0 -126 126 0
2986 1493 0 -125 125 0
2986 1493 0 -124 124 0
2986 1493 0 -123 123 0
2986 1493 0 -122 122 0
2986 1493 0 -121 121 0
2986 1493 0 -120 120 0
2986 1493 0 -119 119 0
2986 1493 0 -118 118 0
2986 1493 0 -117 117 0
2986 1493 0 -116 116 0
2986 1493 0 -115 115 0
2986 1493 0 -114 114 0
2986 1493 0 -113 113 0
2986 1493 0 -112 112 0
2986 1493 0 -111 111 0
2986 1493 0 -110 110 0
2986 1493 0 -109 109 0
2986 1493 0 -108 108 0
2986 1493 0 -107 107 0
2986 1493 0 -106 106 0
2986 1493 0 -105 105 0
2986 1493 0 -104 104 0
2986 1493 0 -103 103 0
2986 1493 0 -102 102 0
2986 1493 0 -101 101 0
2986 1493 0 -100 100 0
2986 1493 0 -99 99 0
2986 1493 0 -98 98 0
2986 1493 0 -97 97 0
2986 1493 0 -96 96 0
2986 1493 0 -95 95 0
2986 1493 0 -94 94 0
2986 1493 0 -93 93 0
2986 1493 0 -92 92 0
2986 1493 0 -91 91 0
2986 1493 0 -90 90 0
2986 1493 0 -89 89 0
2986 1493 0 -88 88 0
2986 1493 0 -87 87 0
2986 1493 0 -86 86 0
2986 1493 0 -85 85 0
2986 1493 0 -84 84 0
2986 1493 0 -83 83 0
2986 1493 0 -82 82 0
2986 1493 0 -81 81 0
2986 1493 0 -80 80 0
2986 1493 0 -79 79 0
2986 1493 0 -78 78 0
2986 1493 0 -77 77 0
2986 1493 0 -76 76 0
2986 1493 0 -75 75 0
2986 1493 0 -74 74 0
2986 1493 0 -73 73 0
2986 1493 0 -72 72 0
2986 1493 0 -71 71 0
2986 1493 0 -70 70 0
2986 1493 0 -69 69 0
2986 1493 0 -68 68 0
2986 1493 0 -67 67 0
2986 1493 0 -66 66 0
2986 1493 0 -65 65 0
2986 1493 0 -64 64 0
2986 1493 0 -63 63 0
2986 1493 0 -62 62 0
2986 1493 0 -61 61 0
2986 1493 0 -60 60 0
2986 1493 0 -59 59 0
2986 1493 0 -58 58 0
2986 1493 0 -57 57 0
2986 1493 0 -56 56 0
2986 1493 0 -55 55 0
2986 1493 0 -54 54 0
2986 1493 0 -53 53 0
2986 1493 0 -52 52 0
2986 1493 0 -51 51 0
2986 1493 0 -50 50 0
2986 1493 0 -49 49 0
2986 1493 0 -48 48 0
2986 1493 0 -47 47 0
2986 1493 0 -46 46 0
2986 1493 0 -45 45 0
2986 1493 0 -44 44 0
2986 1493 0 -43 43 0
2986 1493 0 -42 42 0
2986 1493 0 -41 41 0
2986 1493 0 -40 40 0
2986 1493 0 -39 39 0
2986 1493 0 -38 38 0
2986 1493 0 -37 37 0
2986 1493 0 -36 36 0
2986 1493 0 -35 35 0
2986 1493 0 -34 34 0
2986 1493 0 -33 33 0
2986 1493 0 -32 32 0
2986 1493 0 -31 31 0
2986 1493 0 -30 30 0
2986 1493 0 -29 29 0
2986 1493 0 -28 28 0
2986 1493 0 -27 27 0
2986 1493 0 -26 26 0
2986 1493 0 -25 25 0
2986 1493 0 -24 24 0
2986 1493 0 -23 23 0
2986 1493 0 -22 22 0
2986 1493 0 -21 21 0
2986 1493 0 -20 20 0
2986 1493 0 -19 19 0
2986 1493 0 -18 18 0
2986 1493 0 -17 17 0
2986 1493 0 -16 16 0
2986 1493 0 -15 15 0
2986 1493 0 -14 14 0
2986 1493 0 -13 13 0
2986 1493 0 -12 12 0
2986 1493 0 -11 11 0
2986 1493 0 -10 10 0
2986 1493 0 -9 9 0
2986 1493 0 -8 8 0
2986 1493 0 -7 7 0
2986 1493 0 -6 6 0
2986 1493 0 -5 5 0
2986 1493 0 -4 4 0
2986 1493 0 -3 3 0
2986 1493 0 -2 2 0
2986 1493 0 -1 1 0
2986 1493 0 1 -1 0
2986 1493 0 2 -2 0
2986 1493 0 3 -3 0
2986 1493 0 4 -4 0
2986 1493 0 5 -5 0
2986 1493 0 6 -6 0
2986 1493 0 7 -7 0
2986 1493 0 8 -8 0
2986 1493 0 9 -9 0
2986 1493 0 10 -10 0
2986 1493 0 11 -11 0
2986 1493 0 12 -12 0
2986 1493 0 13 -13 0
2986 1493 0 14 -14 0
2986 1493 0 15 -15 0
2986 1493 0 16 -16 0
2986 1493 0 17 -17 0
2986 1493 0 18 -18 0
2986 1493 0 19 -19 0
2986 1493 0 20 -20 0
2986 1493 0 21 -21 0
2986 1493 0 22 -22 0
2986 1493 0 23 -23 0
2986 1493 0 24 -24 0
2986 1493 0 25 -25 0
2986 1493 0 26 -26 0
2986 1493 0 27 -27 0
2986 1493 0 28 -28 0
2986 1493 0 29 -29 0
2986 1493 0 30 -30 0
2986 1493 0 31 -31 0
2986 1493 0 32 -32 0
2986 1493 0 33 -33 0
2986 1493 0 34 -34 0
2986 1493 0 35 -35 0
2986 1493 0 36 -36 0
2986 1493 0 37 -37 0
2986 1493 0 38 -38 0
2986 1493 0 39 -39 0
2986 1493 0 40 -40 0
2986 1493 0 41 -41 0
2986 1493 0 42 -42 0
2986 1493 0 43 -43 0
2986 1493 0 44 -44 0
2986 1493 0 45 -45 0
2986 1493 0 46 -46 0
2986 1493 0 47 -47 0
2986 1493 0 48 -48 0
2986 1493 0 49 -49 0
2986 1493 0 50 -50 0
2986 1493 0 51 -51 0
2986 1493 0 52 -52 0
2986 1493 0 53 -53 0
2986 1493 0 54 -54 0
2986 1493 0 55 -55 0
2986 1493 0 56 -56 0
2986 1493 0 57 -57 0
2986 1493 0 58 -58 0
2986 1493 0 59 -59 0
2986 1493 0 60 -60 0
2986 1493 0 61 -61 0
2986 1493 0 62 -62 0
2986 1493 0 63 -63 0
2986 1493 0 64 -64 0
2986 1493 0 65 -65 0
2986 1493 0 66 -66 0
2986 1493 0 67 -67 0
2986 1493 0 68 -68 0
2986 1493 0 69 -69 0
2986 1493 0 70 -70 0
2986 1493 0 71 -71 0
2986 1493 0 72 -72 0
2986 1493 0 73 -73 0
2986 1493 0 74 -74 0
2986 1493 0 75 -75 0
2986 1493 0 76 -76 0
2986 1493 0 77 -77 0
2986 1493 0 78 -78 0
2986 1493 0 79 -79 0
2986 1493 0 80 -80 0
2986 1493 0 81 -81 0
2986 1493 0 82 -82 0
2986 1493 0 83 -83 0
2986 1493 0 84 -84 0
2986 1493 0 85 -85 0
2986 1493 0 86 -86 0
2986 1493 0 87 -87 0
2986 1493 0 88 -88 0
2986 1493 0 89 -89 0
2986 1493 0 90 -90 0
2986 1493 0 91 -91 0
2986 1493 0 92 -92 0
2986 1493 0 93 -93 0
2986 1493 0 94 -94 0
2986 1493 0 95 -95 0
2986 1493 0 96 -96 0
2986 1493 0 97 -97 0
2986 1493 0 98 -98 0
2986 1493 0 99 -99 0
2986 1493 0 100 -100 0
2986 1493 0 101 -101 0
2986 1493 0 102 -102 0
2986 1493 0 103 -103 0
2986 1493 0 104 -104 0
2986 1493 0 105 -105 0
2986 1493 0 106 -106 0
2986 1493 0 107 -107 0
2986 1493 0 108 -108 0
2986 1493 0 109 -109 0
2986 1493 0 110 -110 0
2986 1493 0 111 -111 0
2986 1493 0 112 -112 0
2986 1493 0 113 -113 0
2986 1493 0 114 -114 0
2986 1493 0 115 -115 0
2986 1493 0 116 -116 0
2986 1493 0 117 -117 0
2986 1493 0 118 -118 0
2986 1493 0 119 -119 0
2986 1493 0 120 -120 0
2986 1493 0 121 -121 0
2986 1493 0 122 -122 0
2986 1493 0 123 -123 0
2986 1493 0 124 -124 0
2986 1493 0 125 -125 0
2986 1493 0 126 -126 0
2986 1493 0 127 -127 0
2986 1493 0 128 -128 0
2986 1493 0 129 -129 0
2986 1493 0 130 -130 0
2986 1493 0 131 -131 0
2986 1493 0 132 -132 0
2986 1493 0 133 -133 0
2986 1493 0 134 -134 0
2986 1493 0 135 -135 0
2986 1493 0 136 -136 0
2986 1493 0 137 -137 0
2986 1493 0 138 -138 0
2986 1493 0 139 -139 0
2986 1493 0 140 -140 0
2986 1493 0 141 -141 0
2986 1493 0 142 -142 0
2986 1493 0 143 -143 0
2986 1493 0 144 -144 0
2986 1493 0 145 -145 0
2986 1493 0 146 -146 0
2986 1493 0 147 -147 0
2986 1493 0 148 -148 0
2986 1493 0 149 -149 0
2986 1493 0 150 -150 0
2988 1494 0 -150 150 0
2988 1494 0 -149 149 0
2988 1494 0 -148 148 0
2988 1494 0 -147 147 0
2988 1494 0 -146 146 0
2988 1494 0 -145 145 0
2988 1494 0 -144 144 0
2988 1494 0 -143 143 0
2988 1494 0 -142 142 0
2988 1494 0 -141 141 0
2988 1494 0 -140 140 0
2988 1494 0 -139 139 0
2988 1494 0 -138 138 0
2988 1494 0 -137 137 0
2988 1494 0 -136 136 0
2988 1494 0 -135 135 0
2988 1494 0 -134 134 0
2988 1494 0 -133 133 0
2988 1494 0 -132 132 0
2988 1494 0 -131 131 0
2988 1494 0 -130 130 0
2988 1494 0 -129 129 0
2988 1494 0 -128 128 0
2988 1494 0 -127 127 0
2988 1494 0 -126 126 0
2988 1494 0 -125 125 0
2988 1494 0 -124 124 0
2988 1494 0 -123 123 0
2988 1494 0 -122 122 0
2988 1494 0 -121 121 0
2988 1494 0 -120 120 0
2988 1494 0 -119 119 0
2988 1494 0 -118 118 0
2988 1494 0 -117 117 0
2988 1494 0 -116 116 0
2988 1494 0 -115 115 0
2988 1494 0 -114 114 0
2988 1494 0 -113 113 0
2988 1494 0 -112 112 0
2988 1494 0 -111 111 0
2988 1494 0 -110 110 0
2988 1494 0 -109 109 0
2988 1494 0 -108 108 0
2988 1494 0 -107 107 0
2988 1494 0 -106 106 0
2988 1494 0 -105 105 0
2988 1494 0 -104 104 0
2988 1494 0 -103 103 0
2988 1494 0 -102 102 0
2988 1494 0 -101 101 0
2988 1494 0 -100 100 0
2988 1494 0 -99 99 0
2988 1494 0 -98 98 0
2988 1494 0 -97 97 0
2988 1494 0 -96 96 0
2988 1494 0 -95 95 0
2988 1494 0 -94 94 0
2988 1494 0 -93 93 0
2988 1494 0 -92 92 0
2988 1494 0 -91 91 0
2988 1494 0 -90 90 0
2988 1494 0 -89 89 0
2988 1494 0 -88 88 0
2988 1494 0 -87 87 0
2988 1494 0 -86 86 0
2988 1494 0 -85 85 0
2988 1494 0 -84 84 0
2988 1494 0 -83 83 0
2988 1494 0 -82 82 0
2988 1494 0 -81 81 0
2988 1494 0 -80 80 0
2988 1494 0 -79 79 0
2988 1494 0 -78 78 0
2988 1494 0 -77 77 0
2988 1494 0 -76 76 0
2988 1494 0 -75 75 0
2988 1494 0 -74 74 0
2988 1494 0 -73 73 0
2988 1494 0 -72 72 0
2988 1494 0 -71 71 0
2988 1494 0 -70 70 0
2988 1494 0 -69 69 0
2988 1494 0 -68 68 0
2988 1494 0 -67 67 0
2988 1494 0 -66 66 0
2988 1494 0 -65 65 0
2988 1494 0 -64 64 0
2988 1494 0 -63 63 0
2988 1494 0 -62 62 0
2988 1494 0 -61 61 0
2988 1494 0 -60 60 0
2988 1494 0 -59 59 0
2988 1494 0 -58 58 0
2988 1494 0 -57 57 0
2988 1494 0 -56 56 0
2988 1494 0 -55 55 0
2988 1494 0 -54 54 0
2988 1494 0 -53 53 0
2988 1494 0 -52 52 0
2988 1494 0 -51 51 0
2988 1494 0 -50 50 0
2988 1494 0 -49 49 0
2988 1494 0 -48 48 0
2988 1494 0 -47 47 0
2988 1494 0 -46 46 0
2988 1494 0 -45 45 0
2988 1494 0 -44 44 0
2988 1494 0 -43 43 0
2988 1494 0 -42 42 0
2988 1494 0 -41 41 0
2988 1494 0 -40 40 0
2988 1494 0 -39 39 0
2988 1494 0 -38 38 0
2988 1494 0 -37 37 0
2988 1494 0 -36 36 0
2988 1494 0 -35 35 0
2988 1494 0 -34 34 0
2988 1494 0 -33 33 0
2988 1494 0 -32 32 0
2988 1494 0 -31 31 0
2988 1494 0 -30 30 0
2988 1494 0 -29 29 0
2988 1494 0 -28 28 0
2988 1494 0 -27 27 0
2988 1494 0 -26 26 0
2988 1494 0 -25 25 0
2988 1494 0 -24 24 0
2988 1494 0 -23 23 0
2988 1494 0 -22 22 0
2988 1494 0 -21 21 0
2988 1494 0 -20 20 0
2988 1494 0 -19 19 0
2988 1494 0 -18 18 0
2988 1494 0 -17 17 0
2988 1494 0 -16 16 0
2988 1494 0 -15 15 0
2988 1494 0 -14 14 0
2988 1494 0 -13 13 0
2988 1494 0 -12 12 0
2988 1494 0 -11 11 0
2988 1494 0 -10 10 0
2988 1494 0 -9 9 0
2988 1494 0 -8 8 0
2988 1494 0 -7 7 0
2988 1494 0 -6 6 0
2988 1494 0 -5 5 0
2988 1494 0 -4 4 0
2988 1494 0 -3 3 0
2988 1494 0 -2 2 0
2988 1494 0 -1 1 0
2988 1494 0 1 -1 0
2988 1494 0 2 -2 0
2988 1494 0 3 -3 0
2988 1494 0 4 -4 0
2988 1494 0 5 -5 0
2988 1494 0 6 -6 0
2988 1494 0 7 -7 0
2988 1494 0 8 -8 0
2988 1494 0 9 -9 0
2988 1494 0 10 -10 0
2988 1494 0 11 -11 0
2988 1494 0 12 -12 0
2988 1494 0 13 -13 0
2988 1494 0 14 -14 0
2988 1494 0 15 -15 0
2988 1494 0 16 -16 0
2988 1494 0 17 -17 0
2988 1494 0 18 -18 0
2988 1494 0 19 -19 0
2988 1494 0 20 -20 0
2988 1494 0 21 -21 0
2988 1494 0 22 -22 0
2988 1494 0 23 -23 0
2988 1494 0 24 -24 0
2988 1494 0 25 -25 0
2988 1494 0 26 -26 0
2988 1494 0 27 -27 0
2988 1494 0 28 -28 0
2988 1494 0 29 -29 0
2988 1494 0 30 -30 0
2988 1494 0 31 -31 0
2988 1494 0 32 -32 0
2988 1494 0 33 -33 0
2988 1494 0 34 -34 0
2988 1494 0 35 -35 0
2988 1494 0 36 -36 0
2988 1494 0 37 -37 0
2988 1494 0 38 -38 0
2988 1494 0 39 -39 0
2988 1494 0 40 -40 0
2988 1494 0 41 -41 0
2988 1494 0 42 -42 0
2988 1494 0 43 -43 0
2988 1494 0 44 -44 0
2988 1494 0 45 -45 0
2988 1494 0 46 -46 0
2988 1494 0 47 -47 0
2988 1494 0 48 -48 0
2988 1494 0 49 -49 0
2988 1494 0 50 -50 0
2988 1494 0 51 -51 0
2988 1494 0 52 -52 0
2988 1494 0 53 -53 0
2988 1494 0 54 -54 0
2988 1494 0 55 -55 0
2988 1494 0 56 -56 0
2988 1494 0 57 -57 0
2988 1494 0 58 -58 0
2988 1494 0 59 -59 0
2988 1494 0 60 -60 0
2988 1494 0 61 -61 0
2988 1494 0 62 -62 0
2988 1494 0 63 -63 0
2988 1494 0 64 -64 0
2988 1494 0 65 -65 0
2988 1494 0 66 -66 0
2988 1494 0 67 -67 0
2988 1494 0 68 -68 0
2988 1494 0 69 -69 0
2988 1494 0 70 -70 0
2988 1494 0 71 -71 0
2988 1494 0 72 -72 0
2988 1494 0 73 -73 0
2988 1494 0 74 -74 0
2988 1494 0 75 -75 0
2988 1494 0 76 -76 0
2988 1494 0 77 -77 0
2988 1494 0 78 -78 0
2988 1494 0 79 -79 0
2988 1494 0 80 -80 0
2988 1494 0 81 -81 0
2988 1494 0 82 -82 0
2988 1494 0 83 -83 0
2988 1494 0 84 -84 0
2988 1494 0 85 -85 0
2988 1494 0 86 -86 0
2988 1494 0 87 -87 0
2988 1494 0 88 -88 0
2988 1494 0 89 -89 0
2988 1494 0 90 -90 0
2988 1494 0 91 -91 0
2988 1494 0 92 -92 0
2988 1494 0 93 -93 0
2988 1494 0 94 -94 0
2988 1494 0 95 -95 0
2988 1494 0 96 -96 0
2988 1494 0 97 -97 0
2988 1494 0 98 -98 0
2988 1494 0 99 -99 0
2988 1494 0 100 -100 0
2988 1494 0 101 -101 0
2988 1494 0 102 -102 0
2988 1494 0 103 -103 0
2988 1494 0 104 -104 0
2988 1494 0 105 -105 0
2988 1494 0 106 -106 0
2988 1494 0 107 -107 0
2988 1494 0 108 -108 0
2988 1494 0 109 -109 0
2988 1494 0 110 -110 0
2988 1494 0 111 -111 0
2988 1494 0 112 -112 0
2988 1494 0 113 -113 0
2988 1494 0 114 -114 0
2988 1494 0 115 -115 0
2988 1494 0 116 -116 0
2988 1494 0 117 -117 0
2988 1494 0 118 -118 0
2988 1494 0 119 -119 0
2988 1494 0 120 -120 0
2988 1494 0 121 -121 0
2988 1494 0 122 -122 0
2988 1494 0 123 -123 0
2988 1494 0 124 -124 0
2988 1494 0 125 -125 0
2988 1494 0 126 -126 0
2988 1494 0 127 -127 0
2988 1494 0 128 -128 0
2988 1494 0 129 -129 0
2988 1494 0 130 -130 0
2988 1494 0 131 -131 0
2988 1494 0 132 -132 0
2988 1494 0 133 -133 0
2988 1494 0 134 -134 0
2988 1494 0 135 -135 0
2988 1494 0 136 -136 0
2988 1494 0 137 -137 0
2988 1494 0 138 -138 0
2988 1494 0 139 -139 0
2988 1494 0 140 -140 0
2988 1494 0 141 -141 0
2988 1494 0 142 -142 0
2988 1494 0 143 -143 0
2988 1494 0 144 -144 0
2988 1494 0 145 -145 0
2988 1494 0 146 -146 0
2988 1494 0 147 -147 0
2988 1494 0 148 -148 0
2988 1494 0 149 -149 0
2988 1494 0 150 -150 0
2990 1495 0 -150 150 0
2990 1495 0 -149 149 0
2990 1495 0 -148 148 0
2990 1495 0 -147 147 0
2990 1495 0 -146 146 0
2990 1495 0 -145 145 0
2990 1495 0 -144 144 0
2990 1495 0 -143 143 0
2990 1495 0 -142 142 0
2990 1495 0 -141 141 0
2990 1495 0 -140 140 0
2990 1495 0 -139 139 0
2990 1495 0 -138 138 0
2990 1495 0 -137 137 0
2990 1495 0 -136 136 0
2990 1495 0 -135 135 0
2990 1495 0 -134 134 0
2990 1495 0 -133 133 0
2990 1495 0 -132 132 0
2990 1495 0 -131 131 0
2990 1495 0 -130 130 0
2990 1495 0 -129 129 0
2990 1495 0 -128 128 0
2990 1495 0 -127 127 0
2990 1495 0 -126 126 0
2990 1495 0 -125 125 0
2990 1495 0 -124 124 0
2990 1495 0 -123 123 0
2990 1495 0 -122 122 0
2990 1495 0 -121 121 0
2990 1495 0 -120 120 0
2990 1495 0 -119 119 0
2990 1495 0 -118 118 0
2990 1495 0 -117 117 0
2990 1495 0 -116 116 0
2990 1495 0 -115 115 0
2990 1495 0 -114 114 0
2990 1495 0 -113 113 0
2990 1495 0 -112 112 0
2990 1495 0 -111 111 0
2990 1495 0 -110 110 0
2990 1495 0 -109 109 0
2990 1495 0 -108 108 0
2990 1495 0 -107 107 0
2990 1495 0 -106 106 0
2990 1495 0 -105 105 0
2990 1495 0 -104 104 0
2990 1495 0 -103 103 0
2990 1495 0 -102 102 0
2990 1495 0 -101 101 0
2990 1495 0 -100 100 0
2990 1495 0 -99 99 0
2990 1495 0 -98 98 0
2990 1495 0 -97 97 0
2990 1495 0 -96 96 0
2990 1495 0 -95 95 0
2990 1495 0 -94 94 0
2990 1495 0 -93 93 0
2990 1495 0 -92 92 0
2990 1495 0 -91 91 0
2990 1495 0 -90 90 0
2990 1495 0 -89 89 0
2990 1495 0 -88 88 0
2990 1495 0 -87 87 0
2990 1495 0 -86 86 0
2990 1495 0 -85 85 0
2990 1495 0 -84 84 0
2990 1495 0 -83 83 0
2990 1495 0 -82 82 0
2990 1495 0 -81 81 0
2990 1495 0 -80 80 0
2990 1495 0 -79 79 0
2990 1495 0 -78 78 0
2990 1495 0 -77 77 0
2990 1495 0 -76 76 0
2990 1495 0 -75 75 0
2990 1495 0 -74 74 0
2990 1495 0 -73 73 0
2990 1495 0 -72 72 0
2990 1495 0 -71 71 0
2990 1495 0 -70 70 0
2990 1495 0 -69 69 0
2990 1495 0 -68 68 0
2990 1495 0 -67 67 0
2990 1495 0 -66 66 0
2990 1495 0 -65 65 0
2990 1495 0 -64 64 0
2990 1495 0 -63 63 0
2990 1495 0 -62 62 0
2990 1495 0 -61 61 0
2990 1495 0 -60 60 0
2990 1495 0 -59 59 0
2990 1495 0 -58 58 0
2990 1495 0 -57 57 0
2990 1495 0 -56 56 0
2990 1495 0 -55 55 0
2990 1495 0 -54 54 0
2990 1495 0 -53 53 0
2990 1495 0 -52 52 0
2990 1495 0 -51 51 0
2990 1495 0 -50 50 0
2990 1495 0 -49 49 0
2990 1495 0 -48 48 0
2990 1495 0 -47 47 0
2990 1495 0 -46 46 0
2990 1495 0 -45 45 0
2990 1495 0 -44 44 0
2990 1495 0 -43 43 0
2990 1495 0 -42 42 0
2990 1495 0 -41 41 0
2990 1495 0 -40 40 0
2990 1495 0 -39 39 0
2990 1495 0 -38 38 0
2990 1495 0 -37 37 0
2990 1495 0 -36 36 0
2990 1495 0 -35 35 0
2990 1495 0 -34 34 0
2990 1495 0 -33 33 0
2990 1495 0 -32 32 0
2990 1495 0 -31 31 0
2990 1495 0 -30 30 0
2990 1495 0 -29 29 0
2990 1495 0 -28 28 0
2990 1495 0 -27 27 0
2990 1495 0 -26 26 0
2990 1495 0 -25 25 0
2990 1495 0 -24 24 0
2990 1495 0 -23 23 0
2990 1495 0 -22 22 0
2990 1495 0 -21 21 0
2990 1495 0 -20 20 0
2990 1495 0 -19 19 0
2990 1495 0 -18 18 0
2990 1495 0 -17 17 0
2990 1495 0 -16 16 0
2990 1495 0 -15 15 0
2990 1495 0 -14 14 0
2990 1495 0 -13 13 0
2990 1495 0 -12 12 0
2990 1495 0 -11 11 0
2990 1495 0 -10 10 0
2990 1495 0 -9 9 0
2990 1495 0 -8 8 0
2990 1495 0 -7 7 0
2990 1495 0 -6 6 0
2990 1495 0 -5 5 0
2990 1495 0 -4 4 0
2990 1495 0 -3 3 0
2990 1495 0 -2 2 0
2990 1495 0 -1 1 0
2990 1495 0 1 -1 0
2990 1495 0 2 -2 0
2990 1495 0 3 -3 0
2990 1495 0 4 -4 0
2990 1495 0 5 -5 0
2990 1495 0 6 -6 0
2990 1495 0 7 -7 0
2990 1495 0 8 -8 0
2990 1495 0 9 -9 0
2990 1495 0 10 -10 0
2990 1495 0 11 -11 0
2990 1495 0 12 -12 0
2990 1495 0 13 -13 0
2990 1495 0 14 -14 0
2990 1495 0 15 -15 0
2990 1495 0 16 -16 0
2990 1495 0 17 -17 0
2990 1495 0 18 -18 0
2990 1495 0 19 -19 0
2990 1495 0 20 -20 0
2990 1495 0 21 -21 0
2990 1495 0 22 -22 0
2990 1495 0 23 -23 0
2990 1495 0 24 -24 0
2990 1495 0 25 -25 0
2990 1495 0 26 -26 0
2990 1495 0 27 -27 0
2990 1495 0 28 -28 0
2990 1495 0 29 -29 0
2990 1495 0 30 -30 0
2990 1495 0 31 -31 0
2990 1495 0 32 -32 0
2990 1495 0 33 -33 0
2990 1495 0 34 -34 0
2990 1495 0 35 -35 0
2990 1495 0 36 -36 0
2990 1495 0 37 -37 0
2990 1495 0 38 -38 0
2990 1495 0 39 -39 0
2990 1495 0 40 -40 0
2990 1495 0 41 -41 0
2990 1495 0 42 -42 0
2990 1495 0 43 -43 0
2990 1495 0 44 -44 0
2990 1495 0 45 -45 0
2990 1495 0 46 -46 0
2990 1495 0 47 -47 0
2990 1495 0 48 -48 0
2990 1495 0 49 -49 0
2990 1495 0 50 -50 0
2990 1495 0 51 -51 0
2990 1495 0 52 -52 0
2990 1495 0 53 -53 0
2990 1495 0 54 -54 0
2990 1495 0 55 -55 0
2990 1495 0 56 -56 0
2990 1495 0 57 -57 0
2990 1495 0 58 -58 0
2990 1495 0 59 -59 0
2990 1495 0 60 -60 0
2990 1495 0 61 -61 0
2990 1495 0 62 -62 0
2990 1495 0 63 -63 0
2990 1495 0 64 -64 0
2990 1495 0 65 -65 0
2990 1495 0 66 -66 0
2990 1495 0 67 -67 0
2990 1495 0 68 -68 0
2990 1495 0 69 -69 0
2990 1495 0 70 -70 0
2990 1495 0 71 -71 0
2990 1495 0 72 -72 0
2990 1495 0 73 -73 0
2990 1495 0 74 -74 0
2990 1495 0 75 -75 0
2990 1495 0 76 -76 0
2990 1495 0 77 -77 0
2990 1495 0 78 -78 0
2990 1495 0 79 -79 0
2990 1495 0 80 -80 0
2990 1495 0 81 -81 0
2990 1495 0 82 -82 0
2990 1495 0 83 -83 0
2990 1495 0 84 -84 0
2990 1495 0 85 -85 0
2990 1495 0 86 -86 0
2990 1495 0 87 -87 0
2990 1495 0 88 -88 0
2990 1495 0 89 -89 0
2990 1495 0 90 -90 0
2990 1495 0 91 -91 0
2990 1495 0 92 -92 0
2990 1495 0 93 -93 0
2990 1495 0 94 -94 0
2990 1495 0 95 -95 0
2990 1495 0 96 -96 0
2990 1495 0 97 -97 0
2990 1495 0 98 -98 0
2990 1495 0 99 -99 0
2990 1495 0 100 -100 0
2990 1495 0 101 -101 0
2990 1495 0 102 -102 0
2990 1495 0 103 -103 0
2990 1495 0 104 -104 0
2990 1495 0 105 -105 0
2990 1495 0 106 -106 0
2990 1495 0 107 -107 0
2990 1495 0 108 -108 0
2990 1495 0 109 -109 0
2990 1495 0 110 -110 0
2990 1495 0 111 -111 0
2990 1495 0 112 -112 0
2990 1495 0 113 -113 0
2990 1495 0 114 -114 0
2990 1495 0 115 -115 0
2990 1495 0 116 -116 0
2990 1495 0 117 -117 0
2990 1495 0 118 -118 0
2990 1495 0 119 -119 0
2990 1495 0 120 -120 0
2990 1495 0 121 -121 0
2990 1495 0 122 -122 0
2990 1495 0 123 -123 0
2990 1495 0 124 -124 0
2990 1495 0 125 -125 0
2990 1495 0 126 -126 0
2990 1495 0 127 -127 0
2990 1495 0 128 -128 0
2990 1495 0 129 -129 0
2990 1495 0 130 -130 0
2990 1495 0 131 -131 0
2990 1495 0 132 -132 0
2990 1495 0 133 -133 0
2990 1495 0 134 -134 0
2990 1495 0 135 -135 0
2990 1495 0 136 -136 0
2990 1495 0 137 -137 0
2990 1495 0 138 -138 0
2990 1495 0 139 -139 0
2990 1495 0 140 -140 0
2990 1495 0 141 -141 0
2990 1495 0 142 -142 0
2990 1495 0 143 -143 0
2990 1495 0 144 -144 0
2990 1495 0 145 -145 0
2990 1495 0 146 -146 0
2990 1495 0 147 -147 0
2990 1495 0 148 -148 0
2990 1495 0 149 -149 0
2990 1495 0 150 -150 0
2992 1496 0 -150 150 0
2992 1496 0 -149 149 0
2992 1496 0 -148 148 0
2992 1496 0 -147 147 0
2992 1496 0 -146 146 0
2992 1496 0 -145 145 0
2992 1496 0 -144 144 0
2992 1496 0 -143 143 0
2992 1496 0 -142 142 0
2992 1496 0 -141 141 0
2992 1496 0 -140 140 0
2992 1496 0 -139 139 0
2992 1496 0 -138 138 0
2992 1496 0 -137 137 0
2992 1496 0 -136 136 0
2992 1496 0 -135 135 0
2992 1496 0 -134 134 0
2992 1496 0 -133 133 0
2992 1496 0 -132 132 0
2992 1496 0 -131 131 0
2992 1496 0 -130 130 0
2992 1496 0 -129 129 0
2992 1496 0 -128 128 0
2992 1496 0 -127 127 0
2992 1496 0 -126 126 0
2992 1496 0 -125 125 0
2992 1496 0 -124 124 0
2992 1496 0 -123 123 0
2992 1496 0 -122 122 0
2992 1496 0 -121 121 0
2992 1496 0 -120 120 0
2992 1496 0 -119 119 0
2992 1496 0 -118 118 0
2992 1496 0 -117 117 0
2992 1496 0 -116 116 0
2992 1496 0 -115 115 0
2992 1496 0 -114 114 0
2992 1496 0 -113 113 0
2992 1496 0 -112 112 0
2992 1496 0 -111 111 0
2992 1496 0 -110 110 0
2992 1496 0 -109 109 0
2992 1496 0 -108 108 0
2992 1496 0 -107 107 0
2992 1496 0 -106 106 0
2992 1496 0 -105 105 0
2992 1496 0 -104 104 0
2992 1496 0 -103 103 0
2992 1496 0 -102 102 0
2992 1496 0 -101 101 0
2992 1496 0 -100 100 0
2992 1496 0 -99 99 0
2992 1496 0 -98 98 0
2992 1496 0 -97 97 0
2992 1496 0 -96 96 0
2992 1496 0 -95 95 0
2992 1496 0 -94 94 0
2992 1496 0 -93 93 0
2992 1496 0 -92 92 0
2992 1496 0 -91 91 0
2992 1496 0 -90 90 0
2992 1496 0 -89 89 0
2992 1496 0 -88 88 0
2992 1496 0 -87 87 0
2992 1496 0 -86 86 0
2992 1496 0 -85 85 0
2992 1496 0 -84 84 0
2992 1496 0 -83 83 0
2992 1496 0 -82 82 0
2992 1496 0 -81 81 0
2992 1496 0 -80 80 0
2992 1496 0 -79 79 0
2992 1496 0 -78 78 0
2992 1496 0 -77 77 0
2992 1496 0 -76 76 0
2992 1496 0 -75 75 0
2992 1496 0 -74 74 0
2992 1496 0 -73 73 0
2992 1496 0 -72 72 0
2992 1496 0 -71 71 0
2992 1496 0 -70 70 0
2992 1496 0 -69 69 0
2992 1496 0 -68 68 0
2992 1496 0 -67 67 0
2992 1496 0 -66 66 0
2992 1496 0 -65 65 0
2992 1496 0 -64 64 0
2992 1496 0 -63 63 0
2992 1496 0 -62 62 0
2992 1496 0 -61 61 0
2992 1496 0 -60 60 0
2992 1496 0 -59 59 0
2992 1496 0 -58 58 0
2992 1496 0 -57 57 0
2992 1496 0 -56 56 0
2992 1496 0 -55 55 0
2992 1496 0 -54 54 0
2992 1496 0 -53 53 0
2992 1496 0 -52 52 0
2992 1496 0 -51 51 0
2992 1496 0 -50 50 0
2992 1496 0 -49 49 0
2992 1496 0 -48 48 0
2992 1496 0 -47 47 0
2992 1496 0 -46 46 0
2992 1496 0 -45 45 0
2992 1496 0 -44 44 0
2992 1496 0 -43 43 0
2992 1496 0 -42 42 0
2992 1496 0 -41 41 0
2992 1496 0 -40 40 0
2992 1496 0 -39 39 0
2992 1496 0 -38 38 0
2992 1496 0 -37 37 0
2992 1496 0 -36 36 0
2992 1496 0 -35 35 0
2992 1496 0 -34 34 0
2992 1496 0 -33 33 0
2992 1496 0 -32 32 0
2992 1496 0 -31 31 0
2992 1496 0 -30 30 0
2992 1496 0 -29 29 0
2992 1496 0 -28 28 0
2992 1496 0 -27 27 0
2992 1496 0 -26 26 0
2992 1496 0 -25 25 0
2992 1496 0 -24 24 0
2992 1496 0 -23 23 0
2992 1496 0 -22 22 0
2992 1496 0 -21 21 0
2992 1496 0 -20 20 0
2992 1496 0 -19 19 0
2992 1496 0 -18 18 0
2992 1496 0 -17 17 0
2992 1496 0 -16 16 0
2992 1496 0 -15 15 0
2992 1496 0 -14 14 0
2992 1496 0 -13 13 0
2992 1496 0 -12 12 0
2992 1496 0 -11 11 0
2992 1496 0 -10 10 0
2992 1496 0 -9 9 0
2992 1496 0 -8 8 0
2992 1496 0 -7 7 0
2992 1496 0 -6 6 0
2992 1496 0 -5 5 0
2992 1496 0 -4 4 0
2992 1496 0 -3 3 0
2992 1496 0 -2 2 0
2992 1496 0 -1 1 0
2992 1496 0 1 -1 0
2992 1496 0 2 -2 0
2992 1496 0 3 -3 0
2992 1496 0 4 -4 0
2992 1496 0 5 -5 0
2992 1496 0 6 -6 0
2992 1496 0 7 -7 0
2992 1496 0 8 -8 0
2992 1496 0 9 -9 0
2992 1496 0 10 -10 0
2992 1496 0 11 -11 0
2992 1496 0 12 -12 0
2992 1496 0 13 -13 0
2992 1496 0 14 -14 0
2992 1496 0 15 -15 0
2992 1496 0 16 -16 0
2992 1496 0 17 -17 0
2992 1496 0 18 -18 0
2992 1496 0 19 -19 0
2992 1496 0 20 -20 0
2992 1496 0 21 -21 0
2992 1496 0 22 -22 0
2992 1496 0 23 -23 0
2992 1496 0 24 -24 0
2992 1496 0 25 -25 0
2992 1496 0 26 -26 0
2992 1496 0 27 -27 0
2992 1496 0 28 -28 0
2992 1496 0 29 -29 0
2992 1496 0 30 -30 0
2992 1496 0 31 -31 0
2992 1496 0 32 -32 0
2992 1496 0 33 -33 0
2992 1496 0 34 -34 0
2992 1496 0 35 -35 0
2992 1496 0 36 -36 0
2992 1496 0 37 -37 0
2992 1496 0 38 -38 0
2992 1496 0 39 -39 0
2992 1496 0 40 -40 0
2992 1496 0 41 -41 0
2992 1496 0 42 -42 0
2992 1496 0 43 -43 0
2992 1496 0 44 -44 0
2992 1496 0 45 -45 0
2992 1496 0 46 -46 0
2992 1496 0 47 -47 0
2992 1496 0 48 -48 0
2992 1496 0 49 -49 0
2992 1496 0 50 -50 0
2992 1496 0 51 -51 0
2992 1496 0 52 -52 0
2992 1496 0 53 -53 0
2992 1496 0 54 -54 0
2992 1496 0 55 -55 0
2992 1496 0 56 -56 0
2992 1496 0 57 -57 0
2992 1496 0 58 -58 0
2992 1496 0 59 -59 0
2992 1496 0 60 -60 0
2992 1496 0 61 -61 0
2992 1496 0 62 -62 0
2992 1496 0 63 -63 0
2992 1496 0 64 -64 0
2992 1496 0 65 -65 0
2992 1496 0 66 -66 0
2992 1496 0 67 -67 0
2992 1496 0 68 -68 0
2992 1496 0 69 -69 0
2992 1496 0 70 -70 0
2992 1496 0 71 -71 0
2992 1496 0 72 -72 0
2992 1496 0 73 -73 0
2992 1496 0 74 -74 0
2992 1496 0 75 -75 0
2992 1496 0 76 -76 0
2992 1496 0 77 -77 0
2992 1496 0 78 -78 0
2992 1496 0 79 -79 0
2992 1496 0 80 -80 0
2992 1496 0 81 -81 0
2992 1496 0 82 -82 0
2992 1496 0 83 -83 0
2992 1496 0 84 -84 0
2992 1496 0 85 -85 0
2992 1496 0 86 -86 0
2992 1496 0 87 -87 0
2992 1496 0 88 -88 0
2992 1496 0 89 -89 0
2992 1496 0 90 -90 0
2992 1496 0 91 -91 0
2992 1496 0 92 -92 0
2992 1496 0 93 -93 0
2992 1496 0 94 -94 0
2992 1496 0 95 -95 0
2992 1496 0 96 -96 0
2992 1496 0 97 -97 0
2992 1496 0 98 -98 0
2992 1496 0 99 -99 0
2992 1496 0 100 -100 0
2992 1496 0 101 -101 0
2992 1496 0 102 -102 0
2992 1496 0 103 -103 0
2992 1496 0 104 -104 0
2992 1496 0 105 -105 0
2992 1496 0 106 -106 0
2992 1496 0 107 -107 0
2992 1496 0 108 -108 0
2992 1496 0 109 -109 0
2992 1496 0 110 -110 0
2992 1496 0 111 -111 0
2992 1496 0 112 -112 0
2992 1496 0 113 -113 0
2992 1496 0 114 -114 0
2992 1496 0 115 -115 0
2992 1496 0 116 -116 0
2992 1496 0 117 -117 0
2992 1496 0 118 -118 0
2992 1496 0 119 -119 0
2992 1496 0 120 -120 0
2992 1496 0 121 -121 0
2992 1496 0 122 -122 0
2992 1496 0 123 -123 0
2992 1496 0 124 -124 0
2992 1496 0 125 -125 0
2992 1496 0 126 -126 0
2992 1496 0 127 -127 0
2992 1496 0 128 -128 0
2992 1496 0 129 -129 0
2992 1496 0 130 -130 0
2992 1496 0 131 -131 0
2992 1496 0 132 -132 0
2992 1496 0 133 -133 0
2992 1496 0 134 -134 0
2992 1496 0 135 -135 0
2992 1496 0 136 -136 0
2992 1496 0 137 -137 0
2992 1496 0 138 -138 0
2992 1496 0 139 -139 0
2992 1496 0 140 -140 0
2992 1496 0 141 -141 0
2992 1496 0 142 -142 0
2992 1496 0 143 -143 0
2992 1496 0 144 -144 0
2992 1496 0 145 -145 0
2992 1496 0 146 -146 0
2992 1496 0 147 -147 0
2992 1496 0 148 -148 0
2992 1496 0 149 -149 0
2992 1496 0 150 -150 0
2994 1497 0 -150 150 0
2994 1497 0 -149 149 0
2994 1497 0 -148 148 0
2994 1497 0 -147 147 0
2994 1497 0 -146 146 0
2994 1497 0 -145 145 0
2994 1497 0 -144 144 0
2994 1497 0 -143 143 0
2994 1497 0 -142 142 0
2994 1497 0 -141 141 0
2994 1497 0 -140 140 0
2994 1497 0 -139 139 0
2994 1497 0 -138 138 0
2994 1497 0 -137 137 0
2994 1497 0 -136 136 0
2994 1497 0 -135 135 0
2994 1497 0 -134 134 0
2994 1497 0 -133 133 0
2994 1497 0 -132 132 0
2994 1497 0 -131 131 0
2994 1497 0 -130 130 0
2994 1497 0 -129 129 0
2994 1497 0 -128 128 0
2994 1497 0 -127 127 0
2994 1497 0 -126 126 0
2994 1497 0 -125 125 0
2994 1497 0 -124 124 0
2994 1497 0 -123 123 0
2994 1497 0 -122 122 0
2994 1497 0 -121 121 0
2994 1497 0 -120 120 0
2994 1497 0 -119 119 0
2994 1497 0 -118 118 0
2994 1497 0 -117 117 0
2994 1497 0 -116 116 0
2994 1497 0 -115 115 0
2994 1497 0 -114 114 0
2994 1497 0 -113 113 0
2994 1497 0 -112 112 0
2994 1497 0 -111 111 0
2994 1497 0 -110 110 0
2994 1497 0 -109 109 0
2994 1497 0 -108 108 0
2994 1497 0 -107 107 0
2994 1497 0 -106 106 0
2994 1497 0 -105 105 0
2994 1497 0 -104 104 0
2994 1497 0 -103 103 0
2994 1497 0 -102 102 0
2994 1497 0 -101 101 0
2994 1497 0 -100 100 0
2994 1497 0 -99 99 0
2994 1497 0 -98 98 0
2994 1497 0 -97 97 0
2994 1497 0 -96 96 0
2994 1497 0 -95 95 0
2994 1497 0 -94 94 0
2994 1497 0 -93 93 0
2994 1497 0 -92 92 0
2994 1497 0 -91 91 0
2994 1497 0 -90 90 0
2994 1497 0 -89 89 0
2994 1497 0 -88 88 0
2994 1497 0 -87 87 0
2994 1497 0 -86 86 0
2994 1497 0 -85 85 0
2994 1497 0 -84 84 0
2994 1497 0 -83 83 0
2994 1497 0 -82 82 0
2994 1497 0 -81 81 0
2994 1497 0 -80 80 0
2994 1497 0 -79 79 0
2994 1497 0 -78 78 0
2994 1497 0 -77 77 0
2994 1497 0 -76 76 0
2994 1497 0 -75 75 0
2994 1497 0 -74 74 0
2994 1497 0 -73 73 0
2994 1497 0 -72 72 0
2994 1497 0 -71 71 0
2994 1497 0 -70 70 0
2994 1497 0 -69 69 0
2994 1497 0 -68 68 0
2994 1497 0 -67 67 0
2994 1497 0 -66 66 0
2994 1497 0 -65 65 0
2994 1497 0 -64 64 0
2994 1497 0 -63 63 0
2994 1497 0 -62 62 0
2994 1497 0 -61 61 0
2994 1497 0 -60 60 0
2994 1497 0 -59 59 0
2994 1497 0 -58 58 0
2994 1497 0 -57 57 0
2994 1497 0 -56 56 0
2994 1497 0 -55 55 0
2994 1497 0 -54 54 0
2994 1497 0 -53 53 0
2994 1497 0 -52 52 0
2994 1497 0 -51 51 0
2994 1497 0 -50 50 0
2994 1497 0 -49 49 0
2994 1497 0 -48 48 0
2994 1497 0 -47 47 0
2994 1497 0 -46 46 0
2994 1497 0 -45 45 0
2994 1497 0 -44 44 0
2994 1497 0 -43 43 0
2994 1497 0 -42 42 0
2994 1497 0 -41 41 0
2994 1497 0 -40 40 0
2994 1497 0 -39 39 0
2994 1497 0 -38 38 0
2994 1497 0 -37 37 0
2994 1497 0 -36 36 0
2994 1497 0 -35 35 0
2994 1497 0 -34 34 0
2994 1497 0 -33 33 0
2994 1497 0 -32 32 0
2994 1497 0 -31 31 0
2994 1497 0 -30 30 0
2994 1497 0 -29 29 0
2994 1497 0 -28 28 0
2994 1497 0 -27 27 0
2994 1497 0 -26 26 0
2994 1497 0 -25 25 0
2994 1497 0 -24 24 0
2994 1497 0 -23 23 0
2994 1497 0 -22 22 0
2994 1497 0 -21 21 0
2994 1497 0 -20 20 0
2994 1497 0 -19 19 0
2994 1497 0 -18 18 0
2994 1497 0 -17 17 0
2994 1497 0 -16 16 0
2994 1497 0 -15 15 0
2994 1497 0 -14 14 0
2994 1497 0 -13 13 0
2994 1497 0 -12 12 0
2994 1497 0 -11 11 0
2994 1497 0 -10 10 0
2994 1497 0 -9 9 0
2994 1497 0 -8 8 0
2994 1497 0 -7 7 0
2994 1497 0 -6 6 0
2994 1497 0 -5 5 0
2994 1497 0 -4 4 0
2994 1497 0 -3 3 0
2994 1497 0 -2 2 0
2994 1497 0 -1 1 0
2994 1497 0 1 -1 0
2994 1497 0 2 -2 0
2994 1497 0 3 -3 0
2994 1497 0 4 -4 0
2994 1497 0 5 -5 0
2994 1497 0 6 -6 0
2994 1497 0 7 -7 0
2994 1497 0 8 -8 0
2994 1497 0 9 -9 0
2994 1497 0 10 -10 0
2994 1497 0 11 -11 0
2994 1497 0 12 -12 0
2994 1497 0 13 -13 0
2994 1497 0 14 -14 0
2994 1497 0 15 -15 0
2994 1497 0 16 -16 0
2994 1497 0 17 -17 0
2994 1497 0 18 -18 0
2994 1497 0 19 -19 0
2994 1497 0 20 -20 0
2994 1497 0 21 -21 0
2994 1497 0 22 -22 0
2994 1497 0 23 -23 0
2994 1497 0 24 -24 0
2994 1497 0 25 -25 0
2994 1497 0 26 -26 0
2994 1497 0 27 -27 0
2994 1497 0 28 -28 0
2994 1497 0 29 -29 0
2994 1497 0 30 -30 0
2994 1497 0 31 -31 0
2994 1497 0 32 -32 0
2994 1497 0 33 -33 0
2994 1497 0 34 -34 0
2994 1497 0 35 -35 0
2994 1497 0 36 -36 0
2994 1497 0 37 -37 0
2994 1497 0 38 -38 0
2994 1497 0 39 -39 0
2994 1497 0 40 -40 0
2994 1497 0 41 -41 0
2994 1497 0 42 -42 0
2994 1497 0 43 -43 0
2994 1497 0 44 -44 0
2994 1497 0 45 -45 0
2994 1497 0 46 -46 0
2994 1497 0 47 -47 0
2994 1497 0 48 -48 0
2994 1497 0 49 -49 0
2994 1497 0 50 -50 0
2994 1497 0 51 -51 0
2994 1497 0 52 -52 0
2994 1497 0 53 -53 0
2994 1497 0 54 -54 0
2994 1497 0 55 -55 0
2994 1497 0 56 -56 0
2994 1497 0 57 -57 0
2994 1497 0 58 -58 0
2994 1497 0 59 -59 0
2994 1497 0 60 -60 0
2994 1497 0 61 -61 0
2994 1497 0 62 -62 0
2994 1497 0 63 -63 0
2994 1497 0 64 -64 0
2994 1497 0 65 -65 0
2994 1497 0 66 -66 0
2994 1497 0 67 -67 0
2994 1497 0 68 -68 0
2994 1497 0 69 -69 0
2994 1497 0 70 -70 0
2994 1497 0 71 -71 0
2994 1497 0 72 -72 0
2994 1497 0 73 -73 0
2994 1497 0 74 -74 0
2994 1497 0 75 -75 0
2994 1497 0 76 -76 0
2994 1497 0 77 -77 0
2994 1497 0 78 -78 0
2994 1497 0 79 -79 0
2994 1497 0 80 -80 0
2994 1497 0 81 -81 0
2994 1497 0 82 -82 0
2994 1497 0 83 -83 0
2994 1497 0 84 -84 0
2994 1497 0 85 -85 0
2994 1497 0 86 -86 0
2994 1497 0 87 -87 0
2994 1497 0 88 -88 0
2994 1497 0 89 -89 0
2994 1497 0 90 -90 0
2994 1497 0 91 -91 0
2994 1497 0 92 -92 0
2994 1497 0 93 -93 0
2994 1497 0 94 -94 0
2994 1497 0 95 -95 0
2994 1497 0 96 -96 0
2994 1497 0 97 -97 0
2994 1497 0 98 -98 0
2994 1497 0 99 -99 0
2994 1497 0 100 -100 0
2994 1497 0 101 -101 0
2994 1497 0 102 -102 0
2994 1497 0 103 -103 0
2994 1497 0 104 -104 0
2994 1497 0 105 -105 0
2994 1497 0 106 -106 0
2994 1497 0 107 -107 0
2994 1497 0 108 -108 0
2994 1497 0 109 -109 0
2994 1497 0 110 -110 0
2994 1497 0 111 -111 0
2994 1497 0 112 -112 0
2994 1497 0 113 -113 0
2994 1497 0 114 -114 0
2994 1497 0 115 -115 0
2994 1497 0 116 -116 0
2994 1497 0 117 -117 0
2994 1497 0 118 -118 0
2994 1497 0 119 -119 0
2994 1497 0 120 -120 0
2994 1497 0 121 -121 0
2994 1497 0 122 -122 0
2994 1497 0 123 -123 0
2994 1497 0 124 -124 0
2994 1497 0 125 -125 0
2994 1497 0 126 -126 0
2994 1497 0 127 -127 0
2994 1497 0 128 -128 0
2994 1497 0 129 -129 0
2994 1497 0 130 -130 0
2994 1497 0 131 -131 0
2994 1497 0 132 -132 0
2994 1497 0 133 -133 0
2994 1497 0 134 -134 0
2994 1497 0 135 -135 0
2994 1497 0 136 -136 0
2994 1497 0 137 -137 0
2994 1497 0 138 -138 0
2994 1497 0 139 -139 0
2994 1497 0 140 -140 0
2994 1497 0 141 -141 0
2994 1497 0 142 -142 0
2994 1497 0 143 -143 0
2994 1497 0 144 -144 0
2994 1497 0 145 -145 0
2994 1497 0 146 -146 0
2994 1497 0 147 -147 0
2994 1497 0 148 -148 0
2994 1497 0 149 -149 0
2994 1497 0 150 -150 0
2996 1498 0 -150 150 0
2996 1498 0 -149 149 0
2996 1498 0 -148 148 0
2996 1498 0 -147 147 0
2996 1498 0 -146 146 0
2996 1498 0 -145 145 0
2996 1498 0 -144 144 0
2996 1498 0 -143 143 0
2996 1498 0 -142 142 0
2996 1498 0 -141 141 0
2996 1498 0 -140 140 0
2996 1498 0 -139 139 0
2996 1498 0 -138 138 0
2996 1498 0 -137 137 0
2996 1498 0 -136 136 0
2996 1498 0 -135 135 0
2996 1498 0 -134 134 0
2996 1498 0 -133 133 0
2996 1498 0 -132 132 0
2996 1498 0 -131 131 0
2996 1498 0 -130 130 0
2996 1498 0 -129 129 0
2996 1498 0 -128 128 0
2996 1498 0 -127 127 0
2996 1498 0 -126 126 0
2996 1498 0 -125 125 0
2996 1498 0 -124 124 0
2996 1498 0 -123 123 0
2996 1498 0 -122 122 0
2996 1498 0 -121 121 0
2996 1498 0 -120 120 0
2996 1498 0 -119 119 0
2996 1498 0 -118 118 0
2996 1498 0 -117 117 0
2996 1498 0 -116 116 0
2996 1498 0 -115 115 0
2996 1498 0 -114 114 0
2996 1498 0 -113 113 0
2996 1498 0 -112 112 0
2996 1498 0 -111 111 0
2996 1498 0 -110 110 0
2996 1498 0 -109 109 0
2996 1498 0 -108 108 0
2996 1498 0 -107 107 0
2996 1498 0 -106 106 0
2996 1498 0 -105 105 0
2996 1498 0 -104 104 0
2996 1498 0 -103 103 0
2996 1498 0 -102 102 0
2996 1498 0 -101 101 0
2996 1498 0 -100 100 0
2996 1498 0 -99 99 0
2996 1498 0 -98 98 0
2996 1498 0 -97 97 0
2996 1498 0 -96 96 0
2996 1498 0 -95 95 0
2996 1498 0 -94 94 0
2996 1498 0 -93 93 0
2996 1498 0 -92 92 0
2996 1498 0 -91 91 0
2996 1498 0 -90 90 0
2996 1498 0 -89 89 0
2996 1498 0 -88 88 0
2996 1498 0 -87 87 0
2996 1498 0 -86 86 0
2996 1498 0 -85 85 0
2996 1498 0 -84 84 0
2996 1498 0 -83 83 0
2996 1498 0 -82 82 0
2996 1498 0 -81 81 0
2996 1498 0 -80 80 0
2996 1498 0 -79 79 0
2996 1498 0 -78 78 0
2996 1498 0 -77 77 0
2996 1498 0 -76 76 0
2996 1498 0 -75 75 0
2996 1498 0 -74 74 0
2996 1498 0 -73 73 0
2996 1498 0 -72 72 0
2996 1498 0 -71 71 0
2996 1498 0 -70 70 0
2996 1498 0 -69 69 0
2996 1498 0 -68 68 0
2996 1498 0 -67 67 0
2996 1498 0 -66 66 0
2996 1498 0 -65 65 0
2996 1498 0 -64 64 0
2996 1498 0 -63 63 0
2996 1498 0 -62 62 0
2996 1498 0 -61 61 0
2996 1498 0 -60 60 0
2996 1498 0 -59 59 0
2996 1498 0 -58 58 0
2996 1498 0 -57 57 0
2996 1498 0 -56 56 0
2996 1498 0 -55 55 0
2996 1498 0 -54 54 0
2996 1498 0 -53 53 0
2996 1498 0 -52 52 0
2996 1498 0 -51 51 0
2996 1498 0 -50 50 0
2996 1498 0 -49 49 0
2996 1498 0 -48 48 0
2996 1498 0 -47 47 0
2996 1498 0 -46 46 0
2996 1498 0 -45 45 0
2996 1498 0 -44 44 0
2996 1498 0 -43 43 0
2996 1498 0 -42 42 0
2996 1498 0 -41 41 0
2996 1498 0 -40 40 0
2996 1498 0 -39 39 0
2996 1498 0 -38 38 0
2996 1498 0 -37 37 0
2996 1498 0 -36 36 0
2996 1498 0 -35 35 0
2996 1498 0 -34 34 0
2996 1498 0 -33 33 0
2996 1498 0 -32 32 0
2996 1498 0 -31 31 0
2996 1498 0 -30 30 0
2996 1498 0 -29 29 0
2996 1498 0 -28 28 0
2996 1498 0 -27 27 0
2996 1498 0 -26 26 0
2996 1498 0 -25 25 0
2996 1498 0 -24 24 0
2996 1498 0 -23 23 0
2996 1498 0 -22 22 0
2996 1498 0 -21 21 0
2996 1498 0 -20 20 0
2996 1498 0 -19 19 0
2996 1498 0 -18 18 0
2996 1498 0 -17 17 0
2996 1498 0 -16 16 0
2996 1498 0 -15 15 0
2996 1498 0 -14 14 0
2996 1498 0 -13 13 0
2996 1498 0 -12 12 0
2996 1498 0 -11 11 0
2996 1498 0 -10 10 0
2996 1498 0 -9 9 0
2996 1498 0 -8 8 0
2996 1498 0 -7 7 0
2996 1498 0 -6 6 0
2996 1498 0 -5 5 0
2996 1498 0 -4 4 0
2996 1498 0 -3 3 0
2996 1498 0 -2 2 0
2996 1498 0 -1 1 0
2996 1498 0 1 -1 0
2996 1498 0 2 -2 0
2996 1498 0 3 -3 0
2996 1498 0 4 -4 0
2996 1498 0 5 -5 0
2996 1498 0 6 -6 0
2996 1498 0 7 -7 0
2996 1498 0 8 -8 0
2996 1498 0 9 -9 0
2996 1498 0 10 -10 0
2996 1498 0 11 -11 0
2996 1498 0 12 -12 0
2996 1498 0 13 -13 0
2996 1498 0 14 -14 0
2996 1498 0 15 -15 0
2996 1498 0 16 -16 0
2996 1498 0 17 -17 0
2996 1498 0 18 -18 0
2996 1498 0 19 -19 0
2996 1498 0 20 -20 0
2996 1498 0 21 -21 0
2996 1498 0 22 -22 0
2996 1498 0 23 -23 0
2996 1498 0 24 -24 0
2996 1498 0 25 -25 0
2996 1498 0 26 -26 0
2996 1498 0 27 -27 0
2996 1498 0 28 -28 0
2996 1498 0 29 -29 0
2996 1498 0 30 -30 0
2996 1498 0 31 -31 0
2996 1498 0 32 -32 0
2996 1498 0 33 -33 0
2996 1498 0 34 -34 0
2996 1498 0 35 -35 0
2996 1498 0 36 -36 0
2996 1498 0 37 -37 0
2996 1498 0 38 -38 0
2996 1498 0 39 -39 0
2996 1498 0 40 -40 0
2996 1498 0 41 -41 0
2996 1498 0 42 -42 0
2996 1498 0 43 -43 0
2996 1498 0 44 -44 0
2996 1498 0 45 -45 0
2996 1498 0 46 -46 0
2996 1498 0 47 -47 0
2996 1498 0 48 -48 0
2996 1498 0 49 -49 0
2996 1498 0 50 -50 0
2996 1498 0 51 -51 0
2996 1498 0 52 -52 0
2996 1498 0 53 -53 0
2996 1498 0 54 -54 0
2996 1498 0 55 -55 0
2996 1498 0 56 -56 0
2996 1498 0 57 -57 0
2996 1498 0 58 -58 0
2996 1498 0 59 -59 0
2996 1498 0 60 -60 0
2996 1498 0 61 -61 0
2996 1498 0 62 -62 0
2996 1498 0 63 -63 0
2996 1498 0 64 -64 0
2996 1498 0 65 -65 0
2996 1498 0 66 -66 0
2996 1498 0 67 -67 0
2996 1498 0 68 -68 0
2996 1498 0 69 -69 0
2996 1498 0 70 -70 0
2996 1498 0 71 -71 0
2996 1498 0 72 -72 0
2996 1498 0 73 -73 0
2996 1498 0 74 -74 0
2996 1498 0 75 -75 0
2996 1498 0 76 -76 0
2996 1498 0 77 -77 0
2996 1498 0 78 -78 0
2996 1498 0 79 -79 0
2996 1498 0 80 -80 0
2996 1498 0 81 -81 0
2996 1498 0 82 -82 0
2996 1498 0 83 -83 0
2996 1498 0 84 -84 0
2996 1498 0 85 -85 0
2996 1498 0 86 -86 0
2996 1498 0 87 -87 0
2996 1498 0 88 -88 0
2996 1498 0 89 -89 0
2996 1498 0 90 -90 0
2996 1498 0 91 -91 0
2996 1498 0 92 -92 0
2996 1498 0 93 -93 0
2996 1498 0 94 -94 0
2996 1498 0 95 -95 0
2996 1498 0 96 -96 0
2996 1498 0 97 -97 0
2996 1498 0 98 -98 0
2996 1498 0 99 -99 0
2996 1498 0 100 -100 0
2996 1498 0 101 -101 0
2996 1498 0 102 -102 0
2996 1498 0 103 -103 0
2996 1498 0 104 -104 0
2996 1498 0 105 -105 0
2996 1498 0 106 -106 0
2996 1498 0 107 -107 0
2996 1498 0 108 -108 0
2996 1498 0 109 -109 0
2996 1498 0 110 -110 0
2996 1498 0 111 -111 0
2996 1498 0 112 -112 0
2996 1498 0 113 -113 0
2996 1498 0 114 -114 0
2996 1498 0 115 -115 0
2996 1498 0 116 -116 0
2996 1498 0 117 -117 0
2996 1498 0 118 -118 0
2996 1498 0 119 -119 0
2996 1498 0 120 -120 0
2996 1498 0 121 -121 0
2996 1498 0 122 -122 0
2996 1498 0 123 -123 0
2996 1498 0 124 -124 0
2996 1498 0 125 -125 0
2996 1498 0 126 -126 0
2996 1498 0 127 -127 0
2996 1498 0 128 -128 0
2996 1498 0 129 -129 0
2996 1498 0 130 -130 0
2996 1498 0 131 -131 0
2996 1498 0 132 -132 0
2996 1498 0 133 -133 0
2996 1498 0 134 -134 0
2996 1498 0 135 -135 0
2996 1498 0 136 -136 0
2996 1498 0 137 -137 0
2996 1498 0 138 -138 0
2996 1498 0 139 -139 0
2996 1498 0 140 -140 0
2996 1498 0 141 -141 0
2996 1498 0 142 -142 0
2996 1498 0 143 -143 0
2996 1498 0 144 -144 0
2996 1498 0 145 -145 0
2996 1498 0 146 -146 0
2996 1498 0 147 -147 0
2996 1498 0 148 -148 0
2996 1498 0 149 -149 0
2996 1498 0 150 -150 0
2998 1499 0 -150 150 0
2998 1499 0 -149 149 0
2998 1499 0 -148 148 0
2998 1499 0 -147 147 0
2998 1499 0 -146 146 0
2998 1499 0 -145 145 0
2998 1499 0 -144 144 0
2998 1499 0 -143 143 0
2998 1499 0 -142 142 0
2998 1499 0 -141 141 0
2998 1499 0 -140 140 0
2998 1499 0 -139 139 0
2998 1499 0 -138 138 0
2998 1499 0 -137 137 0
2998 1499 0 -136 136 0
2998 1499 0 -135 135 0
2998 1499 0 -134 134 0
2998 1499 0 -133 133 0
2998 1499 0 -132 132 0
2998 1499 0 -131 131 0
2998 1499 0 -130 130 0
2998 1499 0 -129 129 0
2998 1499 0 -128 128 0
2998 1499 0 -127 127 0
2998 1499 0 -126 126 0
2998 1499 0 -125 125 0
2998 1499 0 -124 124 0
2998 1499 0 -123 123 0
2998 1499 0 -122 122 0
2998 1499 0 -121 121 0
2998 1499 0 -120 120 0
2998 1499 0 -119 119 0
2998 1499 0 -118 118 0
2998 1499 0 -117 117 0
2998 1499 0 -116 116 0
2998 1499 0 -115 115 0
2998 1499 0 -114 114 0
2998 1499 0 -113 113 0
2998 1499 0 -112 112 0
2998 1499 0 -111 111 0
2998 1499 0 -110 110 0
2998 1499 0 -109 109 0
2998 1499 0 -108 108 0
2998 1499 0 -107 107 0
2998 1499 0 -106 106 0
2998 1499 0 -105 105 0
2998 1499 0 -104 104 0
2998 1499 0 -103 103 0
2998 1499 0 -102 102 0
2998 1499 0 -101 101 0
2998 1499 0 -100 100 0
2998 1499 0 -99 99 0
2998 1499 0 -98 98 0
2998 1499 0 -97 97 0
2998 1499 0 -96 96 0
2998 1499 0 -95 95 0
2998 1499 0 -94 94 0
2998 1499 0 -93 93 0
2998 1499 0 -92 92 0
2998 1499 0 -91 91 0
2998 1499 0 -90 90 0
2998 1499 0 -89 89 0
2998 1499 0 -88 88 0
2998 1499 0 -87 87 0
2998 1499 0 -86 86 0
2998 1499 0 -85 85 0
2998 1499 0 -84 84 0
2998 1499 0 -83 83 0
2998 1499 0 -82 82 0
2998 1499 0 -81 81 0
2998 1499 0 -80 80 0
2998 1499 0 -79 79 0
2998 1499 0 -78 78 0
2998 1499 0 -77 77 0
2998 1499 0 -76 76 0
2998 1499 0 -75 75 0
2998 1499 0 -74 74 0
2998 1499 0 -73 73 0
2998 1499 0 -72 72 0
2998 1499 0 -71 71 0
2998 1499 0 -70 70 0
2998 1499 0 -69 69 0
2998 1499 0 -68 68 0
2998 1499 0 -67 67 0
2998 1499 0 -66 66 0
2998 1499 0 -65 65 0
2998 1499 0 -64 64 0
2998 1499 0 -63 63 0
2998 1499 0 -62 62 0
2998 1499 0 -61 61 0
2998 1499 0 -60 60 0
2998 1499 0 -59 59 0
2998 1499 0 -58 58 0
2998 1499 0 -57 57 0
2998 1499 0 -56 56 0
2998 1499 0 -55 55 0
2998 1499 0 -54 54 0
2998 1499 0 -53 53 0
2998 1499 0 -52 52 0
2998 1499 0 -51 51 0
2998 1499 0 -50 50 0
2998 1499 0 -49 49 0
2998 1499 0 -48 48 0
2998 1499 0 -47 47 0
2998 1499 0 -46 46 0
2998 1499 0 -45 45 0
2998 1499 0 -44 44 0
2998 1499 0 -43 43 0
2998 1499 0 -42 42 0
2998 1499 0 -41 41 0
2998 1499 0 -40 40 0
2998 1499 0 -39 39 0
2998 1499 0 -38 38 0
2998 1499 0 -37 37 0
2998 1499 0 -36 36 0
2998 1499 0 -35 35 0
2998 1499 0 -34 34 0
2998 1499 0 -33 33 0
2998 1499 0 -32 32 0
2998 1499 0 -31 31 0
2998 1499 0 -30 30 0
2998 1499 0 -29 29 0
2998 1499 0 -28 28 0
2998 1499 0 -27 27 0
2998 1499 0 -26 26 0
2998 1499 0 -25 25 0
2998 1499 0 -24 24 0
2998 1499 0 -23 23 0
2998 1499 0 -22 22 0
2998 1499 0 -21 21 0
2998 1499 0 -20 20 0
2998 1499 0 -19 19 0
2998 1499 0 -18 18 0
2998 1499 0 -17 17 0
2998 1499 0 -16 16 0
2998 1499 0 -15 15 0
2998 1499 0 -14 14 0
2998 1499 0 -13 13 0
2998 1499 0 -12 12 0
2998 1499 0 -11 11 0
2998 1499 0 -10 10 0
2998 1499 0 -9 9 0
2998 1499 0 -8 8 0
2998 1499 0 -7 7 0
2998 1499 0 -6 6 0
2998 1499 0 -5 5 0
2998 1499 0 -4 4 0
2998 1499 0 -3 3 0
2998 1499 0 -2 2 0
2998 1499 0 -1 1 0
2998 1499 0 1 -1 0
2998 1499 0 2 -2 0
2998 1499 0 3 -3 0
2998 1499 0 4 -4 0
2998 1499 0 5 -5 0
2998 1499 0 6 -6 0
2998 1499 0 7 -7 0
2998 1499 0 8 -8 0
2998 1499 0 9 -9 0
2998 1499 0 10 -10 0
2998 1499 0 11 -11 0
2998 1499 0 12 -12 0
2998 1499 0 13 -13 0
2998 1499 0 14 -14 0
2998 1499 0 15 -15 0
2998 1499 0 16 -16 0
2998 1499 0 17 -17 0
2998 1499 0 18 -18 0
2998 1499 0 19 -19 0
2998 1499 0 20 -20 0
2998 1499 0 21 -21 0
2998 1499 0 22 -22 0
2998 1499 0 23 -23 0
2998 1499 0 24 -24 0
2998 1499 0 25 -25 0
2998 1499 0 26 -26 0
2998 1499 0 27 -27 0
2998 1499 0 28 -28 0
2998 1499 0 29 -29 0
2998 1499 0 30 -30 0
2998 1499 0 31 -31 0
2998 1499 0 32 -32 0
2998 1499 0 33 -33 0
2998 1499 0 34 -34 0
2998 1499 0 35 -35 0
2998 1499 0 36 -36 0
2998 1499 0 37 -37 0
2998 1499 0 38 -38 0
2998 1499 0 39 -39 0
2998 1499 0 40 -40 0
2998 1499 0 41 -41 0
2998 1499 0 42 -42 0
2998 1499 0 43 -43 0
2998 1499 0 44 -44 0
2998 1499 0 45 -45 0
2998 1499 0 46 -46 0
2998 1499 0 47 -47 0
2998 1499 0 48 -48 0
2998 1499 0 49 -49 0
2998 1499 0 50 -50 0
2998 1499 0 51 -51 0
2998 1499 0 52 -52 0
2998 1499 0 53 -53 0
2998 1499 0 54 -54 0
2998 1499 0 55 -55 0
2998 1499 0 56 -56 0
2998 1499 0 57 -57 0
2998 1499 0 58 -58 0
2998 1499 0 59 -59 0
2998 1499 0 60 -60 0
2998 1499 0 61 -61 0
2998 1499 0 62 -62 0
2998 1499 0 63 -63 0
2998 1499 0 64 -64 0
2998 1499 0 65 -65 0
2998 1499 0 66 -66 0
2998 1499 0 67 -67 0
2998 1499 0 68 -68 0
2998 1499 0 69 -69 0
2998 1499 0 70 -70 0
2998 1499 0 71 -71 0
2998 1499 0 72 -72 0
2998 1499 0 73 -73 0
2998 1499 0 74 -74 0
2998 1499 0 75 -75 0
2998 1499 0 76 -76 0
2998 1499 0 77 -77 0
2998 1499 0 78 -78 0
2998 1499 0 79 -79 0
2998 1499 0 80 -80 0
2998 1499 0 81 -81 0
2998 1499 0 82 -82 0
2998 1499 0 83 -83 0
2998 1499 0 84 -84 0
2998 1499 0 85 -85 0
2998 1499 0 86 -86 0
2998 1499 0 87 -87 0
2998 1499 0 88 -88 0
2998 1499 0 89 -89 0
2998 1499 0 90 -90 0
2998 1499 0 91 -91 0
2998 1499 0 92 -92 0
2998 1499 0 93 -93 0
2998 1499 0 94 -94 0
2998 1499 0 95 -95 0
2998 1499 0 96 -96 0
2998 1499 0 97 -97 0
2998 1499 0 98 -98 0
2998 1499 0 99 -99 0
2998 1499 0 100 -100 0
2998 1499 0 101 -101 0
2998 1499 0 102 -102 0
2998 1499 0 103 -103 0
2998 1499 0 104 -104 0
2998 1499 0 105 -105 0
2998 1499 0 106 -106 0
2998 1499 0 107 -107 0
2998 1499 0 108 -108 0
2998 1499 0 109 -109 0
2998 1499 0 110 -110 0
2998 1499 0 111 -111 0
2998 1499 0 112 -112 0
2998 1499 0 113 -113 0
2998 1499 0 114 -114 0
2998 1499 0 115 -115 0
2998 1499 0 116 -116 0
2998 1499 0 117 -117 0
2998 1499 0 118 -118 0
2998 1499 0 119 -119 0
2998 1499 0 120 -120 0
2998 1499 0 121 -121 0
2998 1499 0 122 -122 0
2998 1499 0 123 -123 0
2998 1499 0 124 -124 0
2998 1499 0 125 -125 0
2998 1499 0 126 -126 0
2998 1499 0 127 -127 0
2998 1499 0 128 -128 0
2998 1499 0 129 -129 0
2998 1499 0 130 -130 0
2998 1499 0 131 -131 0
2998 1499 0 132 -132 0
2998 1499 0 133 -133 0
2998 1499 0 134 -134 0
2998 1499 0 135 -135 0
2998 1499 0 136 -136 0
2998 1499 0 137 -137 0
2998 1499 0 138 -138 0
2998 1499 0 139 -139 0
2998 1499 0 140 -140 0
2998 1499 0 141 -141 0
2998 1499 0 142 -142 0
2998 1499 0 143 -143 0
2998 1499 0 144 -144 0
2998 1499 0 145 -145 0
2998 1499 0 146 -146 0
2998 1499 0 147 -147 0
2998 1499 0 148 -148 0
2998 1499 0 149 -149 0
2998 1499 0 150 -150 0
3000 1500 0 -150 150 0
3000 1500 0 -149 149 0
3000 1500 0 -148 148 0
3000 1500 0 -147 147 0
3000 1500 0 -146 146 0
3000 1500 0 -145 145 0
3000 1500 0 -144 144 0
3000 1500 0 -143 143 0
3000 1500 0 -142 142 0
3000 1500 0 -141 141 0
3000 1500 0 -140 140 0
3000 1500 0 -139 139 0
3000 1500 0 -138 138 0
3000 1500 0 -137 137 0
3000 1500 0 -136 136 0
3000 1500 0 -135 135 0
3000 1500 0 -134 134 0
3000 1500 0 -133 133 0
3000 1500 0 -132 132 0
3000 1500 0 -131 131 0
3000 1500 0 -130 130 0
3000 1500 0 -129 129 0
3000 1500 0 -128 128 0
3000 1500 0 -127 127 0
3000 1500 0 -126 126 0
3000 1500 0 -125 125 0
3000 1500 0 -124 124 0
3000 1500 0 -123 123 0
3000 1500 0 -122 122 0
3000 1500 0 -121 121 0
3000 1500 0 -120 120 0
3000 1500 0 -119 119 0
3000 1500 0 -118 118 0
3000 1500 0 -117 117 0
3000 1500 0 -116 116 0
3000 1500 0 -115 115 0
3000 1500 0 -114 114 0
3000 1500 0 -113 113 0
3000 1500 0 -112 112 0
3000 1500 0 -111 111 0
3000 1500 0 -110 110 0
3000 1500 0 -109 109 0
3000 1500 0 -108 108 0
3000 1500 0 -107 107 0
3000 1500 0 -106 106 0
3000 1500 0 -105 105 0
3000 1500 0 -104 104 0
3000 1500 0 -103 103 0
3000 1500 0 -102 102 0
3000 1500 0 -101 101 0
3000 1500 0 -100 100 0
3000 1500 0 -99 99 0
3000 1500 0 -98 98 0
3000 1500 0 -97 97 0
3000 1500 0 -96 96 0
3000 1500 0 -95 95 0
3000 1500 0 -94 94 0
3000 1500 0 -93 93 0
3000 1500 0 -92 92 0
3000 1500 0 -91 91 0
3000 1500 0 -90 90 0
3000 1500 0 -89 89 0
3000 1500 0 -88 88 0
3000 1500 0 -87 87 0
3000 1500 0 -86 86 0
3000 1500 0 -85 85 0
3000 1500 0 -84 84 0
3000 1500 0 -83 83 0
3000 1500 0 -82 82 0
3000 1500 0 -81 81 0
3000 1500 0 -80 80 0
3000 1500 0 -79 79 0
3000 1500 0 -78 78 0
3000 1500 0 -77 77 0
3000 1500 0 -76 76 0
3000 1500 0 -75 75 0
3000 1500 0 -74 74 0
3000 1500 0 -73 73 0
3000 1500 0 -72 72 0
3000 1500 0 -71 71 0
3000 1500 0 -70 70 0
3000 1500 0 -69 69 0
3000 1500 0 -68 68 0
3000 1500 0 -67 67 0
3000 1500 0 -66 66 0
3000 1500 0 -65 65 0
3000 1500 0 -64 64 0
3000 1500 0 -63 63 0
3000 1500 0 -62 62 0
3000 1500 0 -61 61 0
3000 1500 0 -60 60 0
3000 1500 0 -59 59 0
3000 1500 0 -58 58 0
3000 1500 0 -57 57 0
3000 1500 0 -56 56 0
3000 1500 0 -55 55 0
3000 1500 0 -54 54 0
3000 1500 0 -53 53 0
3000 1500 0 -52 52 0
3000 1500 0 -51 51 0
3000 1500 0 -50 50 0
3000 1500 0 -49 49 0
3000 1500 0 -48 48 0
3000 1500 0 -47 47 0
3000 1500 0 -46 46 0
3000 1500 0 -45 45 0
3000 1500 0 -44 44 0
3000 1500 0 -43 43 0
3000 1500 0 -42 42 0
3000 1500 0 -41 41 0
3000 1500 0 -40 40 0
3000 1500 0 -39 39 0
3000 1500 0 -38 38 0
3000 1500 0 -37 37 0
3000 1500 0 -36 36 0
3000 1500 0 -35 35 0
3000 1500 0 -34 34 0
3000 1500 0 -33 33 0
3000 1500 0 -32 32 0
3000 1500 0 -31 31 0
3000 1500 0 -30 30 0
3000 1500 0 -29 29 0
3000 1500 0 -28 28 0
3000 1500 0 -27 27 0
3000 1500 0 -26 26 0
3000 1500 0 -25 25 0
3000 1500 0 -24 24 0
3000 1500 0 -23 23 0
3000 1500 0 -22 22 0
3000 1500 0 -21 21 0
3000 1500 0 -20 20 0
3000 1500 0 -19 19 0
3000 1500 0 -18 18 0
3000 1500 0 -17 17 0
3000 1500 0 -16 16 0
3000 1500 0 -15 15 0
3000 1500 0 -14 14 0
3000 1500 0 -13 13 0
3000 1500 0 -12 12 0
3000 1500 0 -11 11 0
3000 1500 0 -10 10 0
3000 1500 0 -9 9 0
3000 1500 0 -8 8 0
3000 1500 0 -7 7 0
3000 1500 0 -6 6 0
3000 1500 0 -5 5 0
3000 1500 0 -4 4 0
3000 1500 0 -3 3 0
3000 1500 0 -2 2 0
3000 1500 0 -1 1 0
3000 1500 0 1 -1 0
3000 1500 0 2 -2 0
3000 1500 0 3 -3 0
3000 1500 0 4 -4 0
3000 1500 0 5 -5 0
3000 1500 0 6 -6 0
3000 1500 0 7 -7 0
3000 1500 0 8 -8 0
3000 1500 0 9 -9 0
3000 1500 0 10 -10 0
3000 1500 0 11 -11 0
3000 1500 0 12 -12 0
3000 1500 0 13 -13 0
3000 1500 0 14 -14 0
3000 1500 0 15 -15 0
3000 1500 0 16 -16 0
3000 1500 0 17 -17 0
3000 1500 0 18 -18 0
3000 1500 0 19 -19 0
3000 1500 0 20 -20 0
3000 1500 0 21 -21 0
3000 1500 0 22 -22 0
3000 1500 0 23 -23 0
3000 1500 0 24 -24 0
3000 1500 0 25 -25 0
3000 1500 0 26 -26 0
3000 1500 0 27 -27 0
3000 1500 0 28 -28 0
3000 1500 0 29 -29 0
3000 1500 0 30 -30 0
3000 1500 0 31 -31 0
3000 1500 0 32 -32 0
3000 1500 0 33 -33 0
3000 1500 0 34 -34 0
3000 1500 0 35 -35 0
3000 1500 0 36 -36 0
3000 1500 0 37 -37 0
3000 1500 0 38 -38 0
3000 1500 0 39 -39 0
3000 1500 0 40 -40 0
3000 1500 0 41 -41 0
3000 1500 0 42 -42 0
3000 1500 0 43 -43 0
3000 1500 0 44 -44 0
3000 1500 0 45 -45 0
3000 1500 0 46 -46 0
3000 1500 0 47 -47 0
3000 1500 0 48 -48 0
3000 1500 0 49 -49 0
3000 1500 0 50 -50 0
3000 1500 0 51 -51 0
3000 1500 0 52 -52 0
3000 1500 0 53 -53 0
3000 1500 0 54 -54 0
3000 1500 0 55 -55 0
3000 1500 0 56 -56 0
3000 1500 0 57 -57 0
3000 1500 0 58 -58 0
3000 1500 0 59 -59 0
3000 1500 0 60 -60 0
3000 1500 0 61 -61 0
3000 1500 0 62 -62 0
3000 1500 0 63 -63 0
3000 1500 0 64 -64 0
3000 1500 0 65 -65 0
3000 1500 0 66 -66 0
3000 1500 0 67 -67 0
3000 1500 0 68 -68 0
3000 1500 0 69 -69 0
3000 1500 0 70 -70 0
3000 1500 0 71 -71 0
3000 1500 0 72 -72 0
3000 1500 0 73 -73 0
3000 1500 0 74 -74 0
3000 1500 0 75 -75 0
3000 1500 0 76 -76 0
3000 1500 0 77 -77 0
3000 1500 0 78 -78 0
3000 1500 0 79 -79 0
3000 1500 0 80 -80 0
3000 1500 0 81 -81 0
3000 1500 0 82 -82 0
3000 1500 0 83 -83 0
3000 1500 0 84 -84 0
3000 1500 0 85 -85 0
3000 1500 0 86 -86 0
3000 1500 0 87 -87 0
3000 1500 0 88 -88 0
3000 1500 0 89 -89 0
3000 1500 0 90 -90 0
3000 1500 0 91 -91 0
3000 1500 0 92 -92 0
3000 1500 0 93 -93 0
3000 1500 0 94 -94 0
3000 1500 0 95 -95 0
3000 1500 0 96 -96 0
3000 1500 0 97 -97 0
3000 1500 0 98 -98 0
3000 1500 0 99 -99 0
3000 1500 0 100 -100 0
3000 1500 0 101 -101 0
3000 1500 0 102 -102 0
3000 1500 0 103 -103 0
3000 1500 0 104 -104 0
3000 1500 0 105 -105 0
3000 1500 0 106 -106 0
3000 1500 0 107 -107 0
3000 1500 0 108 -108 0
3000 1500 0 109 -109 0
3000 1500 0 110 -110 0
3000 1500 0 111 -111 0
3000 1500 0 112 -112 0
3000 1500 0 113 -113 0
3000 1500 0 114 -114 0
3000 1500 0 115 -115 0
3000 1500 0 116 -116 0
3000 1500 0 117 -117 0
3000 1500 0 118 -118 0
3000 1500 0 119 -119 0
3000 1500 0 120 -120 0
3000 1500 0 121 -121 0
3000 1500 0 122 -122 0
3000 1500 0 123 -123 0
3000 1500 0 124 -124 0
3000 1500 0 125 -125 0
3000 1500 0 126 -126 0
3000 1500 0 127 -127 0
3000 1500 0 128 -128 0
3000 1500 0 129 -129 0
3000 1500 0 130 -130 0
3000 1500 0 131 -131 0
3000 1500 0 132 -132 0
3000 1500 0 133 -133 0
3000 1500 0 134 -134 0
3000 1500 0 135 -135 0
3000 1500 0 136 -136 0
3000 1500 0 137 -137 0
3000 1500 0 138 -138 0
3000 1500 0 139 -139 0
3000 1500 0 140 -140 0
3000 1500 0 141 -141 0
3000 1500 0 142 -142 0
3000 1500 0 143 -143 0
3000 1500 0 144 -144 0
3000 1500 0 145 -145 0
3000 1500 0 146 -146 0
3000 1500 0 147 -147 0
3000 1500 0 148 -148 0
3000 1500 0 149 -149 0
3000 1500 0 150 -150 0
