2185 -2185 0 -60 240 -180
2185 -1748 0 -60 216 -156
2185 -1311 0 -60 192 -132
2185 -874 0 -60 168 -108
2185 -437 0 -60 144 -84
2185 0 0 -60 120 -60
2185 437 0 -60 96 -36
2185 874 0 -60 72 -12
2185 1311 0 -60 48 12
2185 1748 0 -60 24 36
2185 2185 0 -60 0 60
2185 -2185 0 -59 236 -177
2185 0 0 -59 118 -59
2185 2185 0 -59 0 59
2185 -2185 0 -58 232 -174
2185 0 0 -58 116 -58
2185 2185 0 -58 0 58
2185 -2185 0 -57 228 -171
2185 -2070 0 -57 222 -165
2185 -1955 0 -57 216 -159
2185 -1840 0 -57 210 -153
2185 -1725 0 -57 204 -147
2185 -1610 0 -57 198 -141
2185 -1495 0 -57 192 -135
2185 -1380 0 -57 186 -129
2185 -1265 0 -57 180 -123
2185 -1150 0 -57 174 -117
2185 -1035 0 -57 168 -111
2185 -920 0 -57 162 -105
2185 -805 0 -57 156 -99
2185 -690 0 -57 150 -93
2185 -575 0 -57 144 -87
2185 -460 0 -57 138 -81
2185 -345 0 -57 132 -75
2185 -230 0 -57 126 -69
2185 -115 0 -57 120 -63
2185 0 0 -57 114 -57
2185 115 0 -57 108 -51
2185 230 0 -57 102 -45
2185 345 0 -57 96 -39
2185 460 0 -57 90 -33
2185 575 0 -57 84 -27
2185 690 0 -57 78 -21
2185 805 0 -57 72 -15
2185 920 0 -57 66 -9
2185 1035 0 -57 60 -3
2185 1150 0 -57 54 3
2185 1265 0 -57 48 9
2185 1380 0 -57 42 15
2185 1495 0 -57 36 21
2185 1610 0 -57 30 27
2185 1725 0 -57 24 33
2185 1840 0 -57 18 39
2185 1955 0 -57 12 45
2185 2070 0 -57 6 51
2185 2185 0 -57 0 57
2185 -2185 0 -56 224 -168
2185 0 0 -56 112 -56
2185 2185 0 -56 0 56
2185 -2185 0 -55 220 -165
2185 -1748 0 -55 198 -143
2185 -1311 0 -55 176 -121
2185 -874 0 -55 154 -99
2185 -437 0 -55 132 -77
2185 0 0 -55 110 -55
2185 437 0 -55 88 -33
2185 874 0 -55 66 -11
2185 1311 0 -55 44 11
2185 1748 0 -55 22 33
2185 2185 0 -55 0 55
2185 -2185 0 -54 216 -162
2185 0 0 -54 108 -54
2185 2185 0 -54 0 54
2185 -2185 0 -53 212 -159
2185 0 0 -53 106 -53
2185 2185 0 -53 0 53
2185 -2185 0 -52 208 -156
2185 0 0 -52 104 -52
2185 2185 0 -52 0 52
2185 -2185 0 -51 204 -153
2185 0 0 -51 102 -51
2185 2185 0 -51 0 51
2185 -2185 0 -50 200 -150
2185 -1748 0 -50 180 -130
2185 -1311 0 -50 160 -110
2185 -874 0 -50 140 -90
2185 -437 0 -50 120 -70
2185 0 0 -50 100 -50
2185 437 0 -50 80 -30
2185 874 0 -50 60 -10
2185 1311 0 -50 40 10
2185 1748 0 -50 20 30
2185 2185 0 -50 0 50
2185 -2185 0 -49 196 -147
2185 0 0 -49 98 -49
2185 2185 0 -49 0 49
2185 -2185 0 -48 192 -144
2185 0 0 -48 96 -48
2185 2185 0 -48 0 48
2185 -2185 0 -47 188 -141
2185 0 0 -47 94 -47
2185 2185 0 -47 0 47
2185 -2185 0 -46 184 -138
2185 -2090 0 -46 180 -134
2185 -1995 0 -46 176 -130
2185 -1900 0 -46 172 -126
2185 -1805 0 -46 168 -122
2185 -1710 0 -46 164 -118
2185 -1615 0 -46 160 -114
2185 -1520 0 -46 156 -110
2185 -1425 0 -46 152 -106
2185 -1330 0 -46 148 -102
2185 -1235 0 -46 144 -98
2185 -1140 0 -46 140 -94
2185 -1045 0 -46 136 -90
2185 -950 0 -46 132 -86
2185 -855 0 -46 128 -82
2185 -760 0 -46 124 -78
2185 -665 0 -46 120 -74
2185 -570 0 -46 116 -70
2185 -475 0 -46 112 -66
2185 -380 0 -46 108 -62
2185 -285 0 -46 104 -58
2185 -190 0 -46 100 -54
2185 -95 0 -46 96 -50
2185 0 0 -46 92 -46
2185 95 0 -46 88 -42
2185 190 0 -46 84 -38
2185 285 0 -46 80 -34
2185 380 0 -46 76 -30
2185 475 0 -46 72 -26
2185 570 0 -46 68 -22
2185 665 0 -46 64 -18
2185 760 0 -46 60 -14
2185 855 0 -46 56 -10
2185 950 0 -46 52 -6
2185 1045 0 -46 48 -2
2185 1140 0 -46 44 2
2185 1235 0 -46 40 6
2185 1330 0 -46 36 10
2185 1425 0 -46 32 14
2185 1520 0 -46 28 18
2185 1615 0 -46 24 22
2185 1710 0 -46 20 26
2185 1805 0 -46 16 30
2185 1900 0 -46 12 34
2185 1995 0 -46 8 38
2185 2090 0 -46 4 42
2185 2185 0 -46 0 46
2185 -2185 0 -45 180 -135
2185 -1748 0 -45 162 -117
2185 -1311 0 -45 144 -99
2185 -874 0 -45 126 -81
2185 -437 0 -45 108 -63
2185 0 0 -45 90 -45
2185 437 0 -45 72 -27
2185 874 0 -45 54 -9
2185 1311 0 -45 36 9
2185 1748 0 -45 18 27
2185 2185 0 -45 0 45
2185 -2185 0 -44 176 -132
2185 0 0 -44 88 -44
2185 2185 0 -44 0 44
2185 -2185 0 -43 172 -129
2185 0 0 -43 86 -43
2185 2185 0 -43 0 43
2185 -2185 0 -42 168 -126
2185 0 0 -42 84 -42
2185 2185 0 -42 0 42
2185 -2185 0 -41 164 -123
2185 0 0 -41 82 -41
2185 2185 0 -41 0 41
2185 -2185 0 -40 160 -120
2185 -1748 0 -40 144 -104
2185 -1311 0 -40 128 -88
2185 -874 0 -40 112 -72
2185 -437 0 -40 96 -56
2185 0 0 -40 80 -40
2185 437 0 -40 64 -24
2185 874 0 -40 48 -8
2185 1311 0 -40 32 8
2185 1748 0 -40 16 24
2185 2185 0 -40 0 40
2185 -2185 0 -39 156 -117
2185 0 0 -39 78 -39
2185 2185 0 -39 0 39
2185 -2185 0 -38 152 -114
2185 -2070 0 -38 148 -110
2185 -1955 0 -38 144 -106
2185 -1840 0 -38 140 -102
2185 -1725 0 -38 136 -98
2185 -1610 0 -38 132 -94
2185 -1495 0 -38 128 -90
2185 -1380 0 -38 124 -86
2185 -1265 0 -38 120 -82
2185 -1150 0 -38 116 -78
2185 -1035 0 -38 112 -74
2185 -920 0 -38 108 -70
2185 -805 0 -38 104 -66
2185 -690 0 -38 100 -62
2185 -575 0 -38 96 -58
2185 -460 0 -38 92 -54
2185 -345 0 -38 88 -50
2185 -230 0 -38 84 -46
2185 -115 0 -38 80 -42
2185 0 0 -38 76 -38
2185 115 0 -38 72 -34
2185 230 0 -38 68 -30
2185 345 0 -38 64 -26
2185 460 0 -38 60 -22
2185 575 0 -38 56 -18
2185 690 0 -38 52 -14
2185 805 0 -38 48 -10
2185 920 0 -38 44 -6
2185 1035 0 -38 40 -2
2185 1150 0 -38 36 2
2185 1265 0 -38 32 6
2185 1380 0 -38 28 10
2185 1495 0 -38 24 14
2185 1610 0 -38 20 18
2185 1725 0 -38 16 22
2185 1840 0 -38 12 26
2185 1955 0 -38 8 30
2185 2070 0 -38 4 34
2185 2185 0 -38 0 38
2185 -2185 0 -37 148 -111
2185 0 0 -37 74 -37
2185 2185 0 -37 0 37
2185 -2185 0 -36 144 -108
2185 0 0 -36 72 -36
2185 2185 0 -36 0 36
2185 -2185 0 -35 140 -105
2185 -1748 0 -35 126 -91
2185 -1311 0 -35 112 -77
2185 -874 0 -35 98 -63
2185 -437 0 -35 84 -49
2185 0 0 -35 70 -35
2185 437 0 -35 56 -21
2185 874 0 -35 42 -7
2185 1311 0 -35 28 7
2185 1748 0 -35 14 21
2185 2185 0 -35 0 35
2185 -2185 0 -34 136 -102
2185 0 0 -34 68 -34
2185 2185 0 -34 0 34
2185 -2185 0 -33 132 -99
2185 0 0 -33 66 -33
2185 2185 0 -33 0 33
2185 -2185 0 -32 128 -96
2185 0 0 -32 64 -32
2185 2185 0 -32 0 32
2185 -2185 0 -31 124 -93
2185 0 0 -31 62 -31
2185 2185 0 -31 0 31
2185 -2185 0 -30 120 -90
2185 -1748 0 -30 108 -78
2185 -1311 0 -30 96 -66
2185 -874 0 -30 84 -54
2185 -437 0 -30 72 -42
2185 0 0 -30 60 -30
2185 437 0 -30 48 -18
2185 874 0 -30 36 -6
2185 1311 0 -30 24 6
2185 1748 0 -30 12 18
2185 2185 0 -30 0 30
2185 -2185 0 -29 116 -87
2185 0 0 -29 58 -29
2185 2185 0 -29 0 29
2185 -2185 0 -28 112 -84
2185 0 0 -28 56 -28
2185 2185 0 -28 0 28
2185 -2185 0 -27 108 -81
2185 0 0 -27 54 -27
2185 2185 0 -27 0 27
2185 -2185 0 -26 104 -78
2185 0 0 -26 52 -26
2185 2185 0 -26 0 26
2185 -2185 0 -25 100 -75
2185 -1748 0 -25 90 -65
2185 -1311 0 -25 80 -55
2185 -874 0 -25 70 -45
2185 -437 0 -25 60 -35
2185 0 0 -25 50 -25
2185 437 0 -25 40 -15
2185 874 0 -25 30 -5
2185 1311 0 -25 20 5
2185 1748 0 -25 10 15
2185 2185 0 -25 0 25
2185 -2185 0 -24 96 -72
2185 0 0 -24 48 -24
2185 2185 0 -24 0 24
2185 -2185 0 -23 92 -69
2185 -2090 0 -23 90 -67
2185 -1995 0 -23 88 -65
2185 -1900 0 -23 86 -63
2185 -1805 0 -23 84 -61
2185 -1710 0 -23 82 -59
2185 -1615 0 -23 80 -57
2185 -1520 0 -23 78 -55
2185 -1425 0 -23 76 -53
2185 -1330 0 -23 74 -51
2185 -1235 0 -23 72 -49
2185 -1140 0 -23 70 -47
2185 -1045 0 -23 68 -45
2185 -950 0 -23 66 -43
2185 -855 0 -23 64 -41
2185 -760 0 -23 62 -39
2185 -665 0 -23 60 -37
2185 -570 0 -23 58 -35
2185 -475 0 -23 56 -33
2185 -380 0 -23 54 -31
2185 -285 0 -23 52 -29
2185 -190 0 -23 50 -27
2185 -95 0 -23 48 -25
2185 0 0 -23 46 -23
2185 95 0 -23 44 -21
2185 190 0 -23 42 -19
2185 285 0 -23 40 -17
2185 380 0 -23 38 -15
2185 475 0 -23 36 -13
2185 570 0 -23 34 -11
2185 665 0 -23 32 -9
2185 760 0 -23 30 -7
2185 855 0 -23 28 -5
2185 950 0 -23 26 -3
2185 1045 0 -23 24 -1
2185 1140 0 -23 22 1
2185 1235 0 -23 20 3
2185 1330 0 -23 18 5
2185 1425 0 -23 16 7
2185 1520 0 -23 14 9
2185 1615 0 -23 12 11
2185 1710 0 -23 10 13
2185 1805 0 -23 8 15
2185 1900 0 -23 6 17
2185 1995 0 -23 4 19
2185 2090 0 -23 2 21
2185 2185 0 -23 0 23
2185 -2185 0 -22 88 -66
2185 0 0 -22 44 -22
2185 2185 0 -22 0 22
2185 -2185 0 -21 84 -63
2185 0 0 -21 42 -21
2185 2185 0 -21 0 21
2185 -2185 0 -20 80 -60
2185 -1748 0 -20 72 -52
2185 -1311 0 -20 64 -44
2185 -874 0 -20 56 -36
2185 -437 0 -20 48 -28
2185 0 0 -20 40 -20
2185 437 0 -20 32 -12
2185 874 0 -20 24 -4
2185 1311 0 -20 16 4
2185 1748 0 -20 8 12
2185 2185 0 -20 0 20
2185 -2185 0 -19 76 -57
2185 -2070 0 -19 74 -55
2185 -1955 0 -19 72 -53
2185 -1840 0 -19 70 -51
2185 -1725 0 -19 68 -49
2185 -1610 0 -19 66 -47
2185 -1495 0 -19 64 -45
2185 -1380 0 -19 62 -43
2185 -1265 0 -19 60 -41
2185 -1150 0 -19 58 -39
2185 -1035 0 -19 56 -37
2185 -920 0 -19 54 -35
2185 -805 0 -19 52 -33
2185 -690 0 -19 50 -31
2185 -575 0 -19 48 -29
2185 -460 0 -19 46 -27
2185 -345 0 -19 44 -25
2185 -230 0 -19 42 -23
2185 -115 0 -19 40 -21
2185 0 0 -19 38 -19
2185 115 0 -19 36 -17
2185 230 0 -19 34 -15
2185 345 0 -19 32 -13
2185 460 0 -19 30 -11
2185 575 0 -19 28 -9
2185 690 0 -19 26 -7
2185 805 0 -19 24 -5
2185 920 0 -19 22 -3
2185 1035 0 -19 20 -1
2185 1150 0 -19 18 1
2185 1265 0 -19 16 3
2185 1380 0 -19 14 5
2185 1495 0 -19 12 7
2185 1610 0 -19 10 9
2185 1725 0 -19 8 11
2185 1840 0 -19 6 13
2185 1955 0 -19 4 15
2185 2070 0 -19 2 17
2185 2185 0 -19 0 19
2185 -2185 0 -18 72 -54
2185 0 0 -18 36 -18
2185 2185 0 -18 0 18
2185 -2185 0 -17 68 -51
2185 0 0 -17 34 -17
2185 2185 0 -17 0 17
2185 -2185 0 -16 64 -48
2185 0 0 -16 32 -16
2185 2185 0 -16 0 16
2185 -2185 0 -15 60 -45
2185 -1748 0 -15 54 -39
2185 -1311 0 -15 48 -33
2185 -874 0 -15 42 -27
2185 -437 0 -15 36 -21
2185 0 0 -15 30 -15
2185 437 0 -15 24 -9
2185 874 0 -15 18 -3
2185 1311 0 -15 12 3
2185 1748 0 -15 6 9
2185 2185 0 -15 0 15
2185 -2185 0 -14 56 -42
2185 0 0 -14 28 -14
2185 2185 0 -14 0 14
2185 -2185 0 -13 52 -39
2185 0 0 -13 26 -13
2185 2185 0 -13 0 13
2185 -2185 0 -12 48 -36
2185 0 0 -12 24 -12
2185 2185 0 -12 0 12
2185 -2185 0 -11 44 -33
2185 0 0 -11 22 -11
2185 2185 0 -11 0 11
2185 -2185 0 -10 40 -30
2185 -1748 0 -10 36 -26
2185 -1311 0 -10 32 -22
2185 -874 0 -10 28 -18
2185 -437 0 -10 24 -14
2185 0 0 -10 20 -10
2185 437 0 -10 16 -6
2185 874 0 -10 12 -2
2185 1311 0 -10 8 2
2185 1748 0 -10 4 6
2185 2185 0 -10 0 10
2185 -2185 0 -9 36 -27
2185 0 0 -9 18 -9
2185 2185 0 -9 0 9
2185 -2185 0 -8 32 -24
2185 0 0 -8 16 -8
2185 2185 0 -8 0 8
2185 -2185 0 -7 28 -21
2185 0 0 -7 14 -7
2185 2185 0 -7 0 7
2185 -2185 0 -6 24 -18
2185 0 0 -6 12 -6
2185 2185 0 -6 0 6
2185 -2185 0 -5 20 -15
2185 -1748 0 -5 18 -13
2185 -1311 0 -5 16 -11
2185 -874 0 -5 14 -9
2185 -437 0 -5 12 -7
2185 0 0 -5 10 -5
2185 437 0 -5 8 -3
2185 874 0 -5 6 -1
2185 1311 0 -5 4 1
2185 1748 0 -5 2 3
2185 2185 0 -5 0 5
2185 -2185 0 -4 16 -12
2185 0 0 -4 8 -4
2185 2185 0 -4 0 4
2185 -2185 0 -3 12 -9
2185 0 0 -3 6 -3
2185 2185 0 -3 0 3
2185 -2185 0 -2 8 -6
2185 0 0 -2 4 -2
2185 2185 0 -2 0 2
2185 -2185 0 -1 4 -3
2185 0 0 -1 2 -1
2185 2185 0 -1 0 1
2185 -2185 -1 1 -4 4
2185 -2185 0 1 -4 3
2185 -2185 1 1 -4 4
2185 0 0 1 -2 1
2185 2185 0 1 0 -1
2185 -2185 0 2 -8 6
2185 0 0 2 -4 2
2185 2185 0 2 0 -2
2185 -2185 0 3 -12 9
2185 0 0 3 -6 3
2185 2185 0 3 0 -3
2185 -2185 -2 4 -16 16
2185 -2185 0 4 -16 12
2185 -2185 2 4 -16 16
2185 0 0 4 -8 4
2185 2185 0 4 0 -4
2185 -2185 0 5 -20 15
2185 -1748 0 5 -18 13
2185 -1311 0 5 -16 11
2185 -874 0 5 -14 9
2185 -437 0 5 -12 7
2185 0 0 5 -10 5
2185 437 0 5 -8 3
2185 874 0 5 -6 1
2185 1311 0 5 -4 -1
2185 1748 0 5 -2 -3
2185 2185 0 5 0 -5
2185 -2185 0 6 -24 18
2185 0 0 6 -12 6
2185 2185 0 6 0 -6
2185 -2185 0 7 -28 21
2185 0 0 7 -14 7
2185 2185 0 7 0 -7
2185 -2185 0 8 -32 24
2185 0 0 8 -16 8
2185 2185 0 8 0 -8
2185 -2185 -3 9 -36 36
2185 -2185 0 9 -36 27
2185 -2185 3 9 -36 36
2185 0 0 9 -18 9
2185 2185 0 9 0 -9
2185 -2185 0 10 -40 30
2185 -1748 0 10 -36 26
2185 -1311 0 10 -32 22
2185 -874 0 10 -28 18
2185 -437 0 10 -24 14
2185 0 0 10 -20 10
2185 437 0 10 -16 6
2185 874 0 10 -12 2
2185 1311 0 10 -8 -2
2185 1748 0 10 -4 -6
2185 2185 0 10 0 -10
2185 -2185 0 11 -44 33
2185 0 0 11 -22 11
2185 2185 0 11 0 -11
2185 -2185 0 12 -48 36
2185 0 0 12 -24 12
2185 2185 0 12 0 -12
2185 -2185 0 13 -52 39
2185 0 0 13 -26 13
2185 2185 0 13 0 -13
2185 -2185 0 14 -56 42
2185 0 0 14 -28 14
2185 2185 0 14 0 -14
2185 -2185 0 15 -60 45
2185 -1748 0 15 -54 39
2185 -1311 0 15 -48 33
2185 -874 0 15 -42 27
2185 -437 0 15 -36 21
2185 0 0 15 -30 15
2185 437 0 15 -24 9
2185 874 0 15 -18 3
2185 1311 0 15 -12 -3
2185 1748 0 15 -6 -9
2185 2185 0 15 0 -15
2185 -2185 -4 16 -64 64
2185 -2185 0 16 -64 48
2185 -2185 4 16 -64 64
2185 0 0 16 -32 16
2185 2185 0 16 0 -16
2185 -2185 0 17 -68 51
2185 0 0 17 -34 17
2185 2185 0 17 0 -17
2185 -2185 0 18 -72 54
2185 0 0 18 -36 18
2185 2185 0 18 0 -18
2185 -2185 0 19 -76 57
2185 -2070 0 19 -74 55
2185 -1955 0 19 -72 53
2185 -1840 0 19 -70 51
2185 -1725 0 19 -68 49
2185 -1610 0 19 -66 47
2185 -1495 0 19 -64 45
2185 -1380 0 19 -62 43
2185 -1265 0 19 -60 41
2185 -1150 0 19 -58 39
2185 -1035 0 19 -56 37
2185 -920 0 19 -54 35
2185 -805 0 19 -52 33
2185 -690 0 19 -50 31
2185 -575 0 19 -48 29
2185 -460 0 19 -46 27
2185 -345 0 19 -44 25
2185 -230 0 19 -42 23
2185 -115 0 19 -40 21
2185 0 0 19 -38 19
2185 115 0 19 -36 17
2185 230 0 19 -34 15
2185 345 0 19 -32 13
2185 460 0 19 -30 11
2185 575 0 19 -28 9
2185 690 0 19 -26 7
2185 805 0 19 -24 5
2185 920 0 19 -22 3
2185 1035 0 19 -20 1
2185 1150 0 19 -18 -1
2185 1265 0 19 -16 -3
2185 1380 0 19 -14 -5
2185 1495 0 19 -12 -7
2185 1610 0 19 -10 -9
2185 1725 0 19 -8 -11
2185 1840 0 19 -6 -13
2185 1955 0 19 -4 -15
2185 2070 0 19 -2 -17
2185 2185 0 19 0 -19
2185 -2185 0 20 -80 60
2185 -1748 0 20 -72 52
2185 -1311 0 20 -64 44
2185 -874 0 20 -56 36
2185 -437 0 20 -48 28
2185 0 0 20 -40 20
2185 437 0 20 -32 12
2185 874 0 20 -24 4
2185 1311 0 20 -16 -4
2185 1748 0 20 -8 -12
2185 2185 0 20 0 -20
2185 -2185 0 21 -84 63
2185 0 0 21 -42 21
2185 2185 0 21 0 -21
2185 -2185 0 22 -88 66
2185 0 0 22 -44 22
2185 2185 0 22 0 -22
2185 -2185 0 23 -92 69
2185 -2090 0 23 -90 67
2185 -1995 0 23 -88 65
2185 -1900 0 23 -86 63
2185 -1805 0 23 -84 61
2185 -1710 0 23 -82 59
2185 -1615 0 23 -80 57
2185 -1520 0 23 -78 55
2185 -1425 0 23 -76 53
2185 -1330 0 23 -74 51
2185 -1235 0 23 -72 49
2185 -1140 0 23 -70 47
2185 -1045 0 23 -68 45
2185 -950 0 23 -66 43
2185 -855 0 23 -64 41
2185 -760 0 23 -62 39
2185 -665 0 23 -60 37
2185 -570 0 23 -58 35
2185 -475 0 23 -56 33
2185 -380 0 23 -54 31
2185 -285 0 23 -52 29
2185 -190 0 23 -50 27
2185 -95 0 23 -48 25
2185 0 0 23 -46 23
2185 95 0 23 -44 21
2185 190 0 23 -42 19
2185 285 0 23 -40 17
2185 380 0 23 -38 15
2185 475 0 23 -36 13
2185 570 0 23 -34 11
2185 665 0 23 -32 9
2185 760 0 23 -30 7
2185 855 0 23 -28 5
2185 950 0 23 -26 3
2185 1045 0 23 -24 1
2185 1140 0 23 -22 -1
2185 1235 0 23 -20 -3
2185 1330 0 23 -18 -5
2185 1425 0 23 -16 -7
2185 1520 0 23 -14 -9
2185 1615 0 23 -12 -11
2185 1710 0 23 -10 -13
2185 1805 0 23 -8 -15
2185 1900 0 23 -6 -17
2185 1995 0 23 -4 -19
2185 2090 0 23 -2 -21
2185 2185 0 23 0 -23
2185 -2185 0 24 -96 72
2185 0 0 24 -48 24
2185 2185 0 24 0 -24
2185 -2185 -5 25 -100 100
2185 -2185 0 25 -100 75
2185 -2185 5 25 -100 100
2185 -1748 0 25 -90 65
2185 -1311 0 25 -80 55
2185 -874 0 25 -70 45
2185 -437 0 25 -60 35
2185 0 0 25 -50 25
2185 437 0 25 -40 15
2185 874 0 25 -30 5
2185 1311 0 25 -20 -5
2185 1748 0 25 -10 -15
2185 2185 0 25 0 -25
2185 -2185 0 26 -104 78
2185 0 0 26 -52 26
2185 2185 0 26 0 -26
2185 -2185 0 27 -108 81
2185 0 0 27 -54 27
2185 2185 0 27 0 -27
2185 -2185 0 28 -112 84
2185 0 0 28 -56 28
2185 2185 0 28 0 -28
2185 -2185 0 29 -116 87
2185 0 0 29 -58 29
2185 2185 0 29 0 -29
2185 -2185 0 30 -120 90
2185 -1748 0 30 -108 78
2185 -1311 0 30 -96 66
2185 -874 0 30 -84 54
2185 -437 0 30 -72 42
2185 0 0 30 -60 30
2185 437 0 30 -48 18
2185 874 0 30 -36 6
2185 1311 0 30 -24 -6
2185 1748 0 30 -12 -18
2185 2185 0 30 0 -30
2185 -2185 0 31 -124 93
2185 0 0 31 -62 31
2185 2185 0 31 0 -31
2185 -2185 0 32 -128 96
2185 0 0 32 -64 32
2185 2185 0 32 0 -32
2185 -2185 0 33 -132 99
2185 0 0 33 -66 33
2185 2185 0 33 0 -33
2185 -2185 0 34 -136 102
2185 0 0 34 -68 34
2185 2185 0 34 0 -34
2185 -2185 0 35 -140 105
2185 -1748 0 35 -126 91
2185 -1311 0 35 -112 77
2185 -874 0 35 -98 63
2185 -437 0 35 -84 49
2185 0 0 35 -70 35
2185 437 0 35 -56 21
2185 874 0 35 -42 7
2185 1311 0 35 -28 -7
2185 1748 0 35 -14 -21
2185 2185 0 35 0 -35
2185 -2185 -6 36 -144 144
2185 -2185 0 36 -144 108
2185 -2185 6 36 -144 144
2185 0 0 36 -72 36
2185 2185 0 36 0 -36
2185 -2185 0 37 -148 111
2185 0 0 37 -74 37
2185 2185 0 37 0 -37
2185 -2185 0 38 -152 114
2185 -2070 0 38 -148 110
2185 -1955 0 38 -144 106
2185 -1840 0 38 -140 102
2185 -1725 0 38 -136 98
2185 -1610 0 38 -132 94
2185 -1495 0 38 -128 90
2185 -1380 0 38 -124 86
2185 -1265 0 38 -120 82
2185 -1150 0 38 -116 78
2185 -1035 0 38 -112 74
2185 -920 0 38 -108 70
2185 -805 0 38 -104 66
2185 -690 0 38 -100 62
2185 -575 0 38 -96 58
2185 -460 0 38 -92 54
2185 -345 0 38 -88 50
2185 -230 0 38 -84 46
2185 -115 0 38 -80 42
2185 0 0 38 -76 38
2185 115 0 38 -72 34
2185 230 0 38 -68 30
2185 345 0 38 -64 26
2185 460 0 38 -60 22
2185 575 0 38 -56 18
2185 690 0 38 -52 14
2185 805 0 38 -48 10
2185 920 0 38 -44 6
2185 1035 0 38 -40 2
2185 1150 0 38 -36 -2
2185 1265 0 38 -32 -6
2185 1380 0 38 -28 -10
2185 1495 0 38 -24 -14
2185 1610 0 38 -20 -18
2185 1725 0 38 -16 -22
2185 1840 0 38 -12 -26
2185 1955 0 38 -8 -30
2185 2070 0 38 -4 -34
2185 2185 0 38 0 -38
2185 -2185 0 39 -156 117
2185 0 0 39 -78 39
2185 2185 0 39 0 -39
2185 -2185 0 40 -160 120
2185 -1748 0 40 -144 104
2185 -1311 0 40 -128 88
2185 -874 0 40 -112 72
2185 -437 0 40 -96 56
2185 0 0 40 -80 40
2185 437 0 40 -64 24
2185 874 0 40 -48 8
2185 1311 0 40 -32 -8
2185 1748 0 40 -16 -24
2185 2185 0 40 0 -40
2185 -2185 0 41 -164 123
2185 0 0 41 -82 41
2185 2185 0 41 0 -41
2185 -2185 0 42 -168 126
2185 0 0 42 -84 42
2185 2185 0 42 0 -42
2185 -2185 0 43 -172 129
2185 0 0 43 -86 43
2185 2185 0 43 0 -43
2185 -2185 0 44 -176 132
2185 0 0 44 -88 44
2185 2185 0 44 0 -44
2185 -2185 0 45 -180 135
2185 -1748 0 45 -162 117
2185 -1311 0 45 -144 99
2185 -874 0 45 -126 81
2185 -437 0 45 -108 63
2185 0 0 45 -90 45
2185 437 0 45 -72 27
2185 874 0 45 -54 9
2185 1311 0 45 -36 -9
2185 1748 0 45 -18 -27
2185 2185 0 45 0 -45
2185 -2185 0 46 -184 138
2185 -2090 0 46 -180 134
2185 -1995 0 46 -176 130
2185 -1900 0 46 -172 126
2185 -1805 0 46 -168 122
2185 -1710 0 46 -164 118
2185 -1615 0 46 -160 114
2185 -1520 0 46 -156 110
2185 -1425 0 46 -152 106
2185 -1330 0 46 -148 102
2185 -1235 0 46 -144 98
2185 -1140 0 46 -140 94
2185 -1045 0 46 -136 90
2185 -950 0 46 -132 86
2185 -855 0 46 -128 82
2185 -760 0 46 -124 78
2185 -665 0 46 -120 74
2185 -570 0 46 -116 70
2185 -475 0 46 -112 66
2185 -380 0 46 -108 62
2185 -285 0 46 -104 58
2185 -190 0 46 -100 54
2185 -95 0 46 -96 50
2185 0 0 46 -92 46
2185 95 0 46 -88 42
2185 190 0 46 -84 38
2185 285 0 46 -80 34
2185 380 0 46 -76 30
2185 475 0 46 -72 26
2185 570 0 46 -68 22
2185 665 0 46 -64 18
2185 760 0 46 -60 14
2185 855 0 46 -56 10
2185 950 0 46 -52 6
2185 1045 0 46 -48 2
2185 1140 0 46 -44 -2
2185 1235 0 46 -40 -6
2185 1330 0 46 -36 -10
2185 1425 0 46 -32 -14
2185 1520 0 46 -28 -18
2185 1615 0 46 -24 -22
2185 1710 0 46 -20 -26
2185 1805 0 46 -16 -30
2185 1900 0 46 -12 -34
2185 1995 0 46 -8 -38
2185 2090 0 46 -4 -42
2185 2185 0 46 0 -46
2185 -2185 0 47 -188 141
2185 0 0 47 -94 47
2185 2185 0 47 0 -47
2185 -2185 0 48 -192 144
2185 0 0 48 -96 48
2185 2185 0 48 0 -48
2185 -2185 -7 49 -196 196
2185 -2185 0 49 -196 147
2185 -2185 7 49 -196 196
2185 0 0 49 -98 49
2185 2185 0 49 0 -49
2185 -2185 0 50 -200 150
2185 -1748 0 50 -180 130
2185 -1311 0 50 -160 110
2185 -874 0 50 -140 90
2185 -437 0 50 -120 70
2185 0 0 50 -100 50
2185 437 0 50 -80 30
2185 874 0 50 -60 10
2185 1311 0 50 -40 -10
2185 1748 0 50 -20 -30
2185 2185 0 50 0 -50
2185 -2185 0 51 -204 153
2185 0 0 51 -102 51
2185 2185 0 51 0 -51
2185 -2185 0 52 -208 156
2185 0 0 52 -104 52
2185 2185 0 52 0 -52
2185 -2185 0 53 -212 159
2185 0 0 53 -106 53
2185 2185 0 53 0 -53
2185 -2185 0 54 -216 162
2185 0 0 54 -108 54
2185 2185 0 54 0 -54
2185 -2185 0 55 -220 165
2185 -1748 0 55 -198 143
2185 -1311 0 55 -176 121
2185 -874 0 55 -154 99
2185 -437 0 55 -132 77
2185 0 0 55 -110 55
2185 437 0 55 -88 33
2185 874 0 55 -66 11
2185 1311 0 55 -44 -11
2185 1748 0 55 -22 -33
2185 2185 0 55 0 -55
2185 -2185 0 56 -224 168
2185 0 0 56 -112 56
2185 2185 0 56 0 -56
2185 -2185 0 57 -228 171
2185 -2070 0 57 -222 165
2185 -1955 0 57 -216 159
2185 -1840 0 57 -210 153
2185 -1725 0 57 -204 147
2185 -1610 0 57 -198 141
2185 -1495 0 57 -192 135
2185 -1380 0 57 -186 129
2185 -1265 0 57 -180 123
2185 -1150 0 57 -174 117
2185 -1035 0 57 -168 111
2185 -920 0 57 -162 105
2185 -805 0 57 -156 99
2185 -690 0 57 -150 93
2185 -575 0 57 -144 87
2185 -460 0 57 -138 81
2185 -345 0 57 -132 75
2185 -230 0 57 -126 69
2185 -115 0 57 -120 63
2185 0 0 57 -114 57
2185 115 0 57 -108 51
2185 230 0 57 -102 45
2185 345 0 57 -96 39
2185 460 0 57 -90 33
2185 575 0 57 -84 27
2185 690 0 57 -78 21
2185 805 0 57 -72 15
2185 920 0 57 -66 9
2185 1035 0 57 -60 3
2185 1150 0 57 -54 -3
2185 1265 0 57 -48 -9
2185 1380 0 57 -42 -15
2185 1495 0 57 -36 -21
2185 1610 0 57 -30 -27
2185 1725 0 57 -24 -33
2185 1840 0 57 -18 -39
2185 1955 0 57 -12 -45
2185 2070 0 57 -6 -51
2185 2185 0 57 0 -57
2185 -2185 0 58 -232 174
2185 0 0 58 -116 58
2185 2185 0 58 0 -58
2185 -2185 0 59 -236 177
2185 0 0 59 -118 59
2185 2185 0 59 0 -59
2185 -2185 0 60 -240 180
2185 -1748 0 60 -216 156
2185 -1311 0 60 -192 132
2185 -874 0 60 -168 108
2185 -437 0 60 -144 84
2185 0 0 60 -120 60
2185 437 0 60 -96 36
2185 874 0 60 -72 12
2185 1311 0 60 -48 -12
2185 1748 0 60 -24 -36
2185 2185 0 60 0 -60
2186 -2186 0 -60 240 -180
2186 -1093 0 -60 180 -120
2186 0 0 -60 120 -60
2186 1093 0 -60 60 0
2186 2186 0 -60 0 60
2186 -2186 0 -59 236 -177
2186 -1093 0 -59 177 -118
2186 0 0 -59 118 -59
2186 1093 0 -59 59 0
2186 2186 0 -59 0 59
2186 -2186 0 -58 232 -174
2186 -1093 0 -58 174 -116
2186 0 0 -58 116 -58
2186 1093 0 -58 58 0
2186 2186 0 -58 0 58
2186 -2186 0 -57 228 -171
2186 -1093 0 -57 171 -114
2186 0 0 -57 114 -57
2186 1093 0 -57 57 0
2186 2186 0 -57 0 57
2186 -2186 0 -56 224 -168
2186 -1093 0 -56 168 -112
2186 0 0 -56 112 -56
2186 1093 0 -56 56 0
2186 2186 0 -56 0 56
2186 -2186 0 -55 220 -165
2186 -1093 0 -55 165 -110
2186 0 0 -55 110 -55
2186 1093 0 -55 55 0
2186 2186 0 -55 0 55
2186 -2186 0 -54 216 -162
2186 -1093 0 -54 162 -108
2186 0 0 -54 108 -54
2186 1093 0 -54 54 0
2186 2186 0 -54 0 54
2186 -2186 0 -53 212 -159
2186 -1093 0 -53 159 -106
2186 0 0 -53 106 -53
2186 1093 0 -53 53 0
2186 2186 0 -53 0 53
2186 -2186 0 -52 208 -156
2186 -1093 0 -52 156 -104
2186 0 0 -52 104 -52
2186 1093 0 -52 52 0
2186 2186 0 -52 0 52
2186 -2186 0 -51 204 -153
2186 -1093 0 -51 153 -102
2186 0 0 -51 102 -51
2186 1093 0 -51 51 0
2186 2186 0 -51 0 51
2186 -2186 0 -50 200 -150
2186 -1093 0 -50 150 -100
2186 0 0 -50 100 -50
2186 1093 0 -50 50 0
2186 2186 0 -50 0 50
2186 -2186 0 -49 196 -147
2186 -1093 0 -49 147 -98
2186 0 0 -49 98 -49
2186 1093 0 -49 49 0
2186 2186 0 -49 0 49
2186 -2186 0 -48 192 -144
2186 -1093 0 -48 144 -96
2186 0 0 -48 96 -48
2186 1093 0 -48 48 0
2186 2186 0 -48 0 48
2186 -2186 0 -47 188 -141
2186 -1093 0 -47 141 -94
2186 0 0 -47 94 -47
2186 1093 0 -47 47 0
2186 2186 0 -47 0 47
2186 -2186 0 -46 184 -138
2186 -1093 0 -46 138 -92
2186 0 0 -46 92 -46
2186 1093 0 -46 46 0
2186 2186 0 -46 0 46
2186 -2186 0 -45 180 -135
2186 -1093 0 -45 135 -90
2186 0 0 -45 90 -45
2186 1093 0 -45 45 0
2186 2186 0 -45 0 45
2186 -2186 0 -44 176 -132
2186 -1093 0 -44 132 -88
2186 0 0 -44 88 -44
2186 1093 0 -44 44 0
2186 2186 0 -44 0 44
2186 -2186 0 -43 172 -129
2186 -1093 0 -43 129 -86
2186 0 0 -43 86 -43
2186 1093 0 -43 43 0
2186 2186 0 -43 0 43
2186 -2186 0 -42 168 -126
2186 -1093 0 -42 126 -84
2186 0 0 -42 84 -42
2186 1093 0 -42 42 0
2186 2186 0 -42 0 42
2186 -2186 0 -41 164 -123
2186 -1093 0 -41 123 -82
2186 0 0 -41 82 -41
2186 1093 0 -41 41 0
2186 2186 0 -41 0 41
2186 -2186 0 -40 160 -120
2186 -1093 0 -40 120 -80
2186 0 0 -40 80 -40
2186 1093 0 -40 40 0
2186 2186 0 -40 0 40
2186 -2186 0 -39 156 -117
2186 -1093 0 -39 117 -78
2186 0 0 -39 78 -39
2186 1093 0 -39 39 0
2186 2186 0 -39 0 39
2186 -2186 0 -38 152 -114
2186 -1093 0 -38 114 -76
2186 0 0 -38 76 -38
2186 1093 0 -38 38 0
2186 2186 0 -38 0 38
2186 -2186 0 -37 148 -111
2186 -1093 0 -37 111 -74
2186 0 0 -37 74 -37
2186 1093 0 -37 37 0
2186 2186 0 -37 0 37
2186 -2186 0 -36 144 -108
2186 -1093 0 -36 108 -72
2186 0 0 -36 72 -36
2186 1093 0 -36 36 0
2186 2186 0 -36 0 36
2186 -2186 0 -35 140 -105
2186 -1093 0 -35 105 -70
2186 0 0 -35 70 -35
2186 1093 0 -35 35 0
2186 2186 0 -35 0 35
2186 -2186 0 -34 136 -102
2186 -1093 0 -34 102 -68
2186 0 0 -34 68 -34
2186 1093 0 -34 34 0
2186 2186 0 -34 0 34
2186 -2186 0 -33 132 -99
2186 -1093 0 -33 99 -66
2186 0 0 -33 66 -33
2186 1093 0 -33 33 0
2186 2186 0 -33 0 33
2186 -2186 0 -32 128 -96
2186 -1093 0 -32 96 -64
2186 0 0 -32 64 -32
2186 1093 0 -32 32 0
2186 2186 0 -32 0 32
2186 -2186 0 -31 124 -93
2186 -1093 0 -31 93 -62
2186 0 0 -31 62 -31
2186 1093 0 -31 31 0
2186 2186 0 -31 0 31
2186 -2186 0 -30 120 -90
2186 -1093 0 -30 90 -60
2186 0 0 -30 60 -30
2186 1093 0 -30 30 0
2186 2186 0 -30 0 30
2186 -2186 0 -29 116 -87
2186 -1093 0 -29 87 -58
2186 0 0 -29 58 -29
2186 1093 0 -29 29 0
2186 2186 0 -29 0 29
2186 -2186 0 -28 112 -84
2186 -1093 0 -28 84 -56
2186 0 0 -28 56 -28
2186 1093 0 -28 28 0
2186 2186 0 -28 0 28
2186 -2186 0 -27 108 -81
2186 -1093 0 -27 81 -54
2186 0 0 -27 54 -27
2186 1093 0 -27 27 0
2186 2186 0 -27 0 27
2186 -2186 0 -26 104 -78
2186 -1093 0 -26 78 -52
2186 0 0 -26 52 -26
2186 1093 0 -26 26 0
2186 2186 0 -26 0 26
2186 -2186 0 -25 100 -75
2186 -1093 0 -25 75 -50
2186 0 0 -25 50 -25
2186 1093 0 -25 25 0
2186 2186 0 -25 0 25
2186 -2186 0 -24 96 -72
2186 -1093 0 -24 72 -48
2186 0 0 -24 48 -24
2186 1093 0 -24 24 0
2186 2186 0 -24 0 24
2186 -2186 0 -23 92 -69
2186 -1093 0 -23 69 -46
2186 0 0 -23 46 -23
2186 1093 0 -23 23 0
2186 2186 0 -23 0 23
2186 -2186 0 -22 88 -66
2186 -1093 0 -22 66 -44
2186 0 0 -22 44 -22
2186 1093 0 -22 22 0
2186 2186 0 -22 0 22
2186 -2186 0 -21 84 -63
2186 -1093 0 -21 63 -42
2186 0 0 -21 42 -21
2186 1093 0 -21 21 0
2186 2186 0 -21 0 21
2186 -2186 0 -20 80 -60
2186 -1093 0 -20 60 -40
2186 0 0 -20 40 -20
2186 1093 0 -20 20 0
2186 2186 0 -20 0 20
2186 -2186 0 -19 76 -57
2186 -1093 0 -19 57 -38
2186 0 0 -19 38 -19
2186 1093 0 -19 19 0
2186 2186 0 -19 0 19
2186 -2186 0 -18 72 -54
2186 -1093 0 -18 54 -36
2186 0 0 -18 36 -18
2186 1093 0 -18 18 0
2186 2186 0 -18 0 18
2186 -2186 0 -17 68 -51
2186 -1093 0 -17 51 -34
2186 0 0 -17 34 -17
2186 1093 0 -17 17 0
2186 2186 0 -17 0 17
2186 -2186 0 -16 64 -48
2186 -1093 0 -16 48 -32
2186 0 0 -16 32 -16
2186 1093 0 -16 16 0
2186 2186 0 -16 0 16
2186 -2186 0 -15 60 -45
2186 -1093 0 -15 45 -30
2186 0 0 -15 30 -15
2186 1093 0 -15 15 0
2186 2186 0 -15 0 15
2186 -2186 0 -14 56 -42
2186 -1093 0 -14 42 -28
2186 0 0 -14 28 -14
2186 1093 0 -14 14 0
2186 2186 0 -14 0 14
2186 -2186 0 -13 52 -39
2186 -1093 0 -13 39 -26
2186 0 0 -13 26 -13
2186 1093 0 -13 13 0
2186 2186 0 -13 0 13
2186 -2186 0 -12 48 -36
2186 -1093 0 -12 36 -24
2186 0 0 -12 24 -12
2186 1093 0 -12 12 0
2186 2186 0 -12 0 12
2186 -2186 0 -11 44 -33
2186 -1093 0 -11 33 -22
2186 0 0 -11 22 -11
2186 1093 0 -11 11 0
2186 2186 0 -11 0 11
2186 -2186 0 -10 40 -30
2186 -1093 0 -10 30 -20
2186 0 0 -10 20 -10
2186 1093 0 -10 10 0
2186 2186 0 -10 0 10
2186 -2186 0 -9 36 -27
2186 -1093 0 -9 27 -18
2186 0 0 -9 18 -9
2186 1093 0 -9 9 0
2186 2186 0 -9 0 9
2186 -2186 0 -8 32 -24
2186 -1093 0 -8 24 -16
2186 0 0 -8 16 -8
2186 1093 0 -8 8 0
2186 2186 0 -8 0 8
2186 -2186 0 -7 28 -21
2186 -1093 0 -7 21 -14
2186 0 0 -7 14 -7
2186 1093 0 -7 7 0
2186 2186 0 -7 0 7
2186 -2186 0 -6 24 -18
2186 -1093 0 -6 18 -12
2186 0 0 -6 12 -6
2186 1093 0 -6 6 0
2186 2186 0 -6 0 6
2186 -2186 0 -5 20 -15
2186 -1093 0 -5 15 -10
2186 0 0 -5 10 -5
2186 1093 0 -5 5 0
2186 2186 0 -5 0 5
2186 -2186 0 -4 16 -12
2186 -1093 0 -4 12 -8
2186 0 0 -4 8 -4
2186 1093 0 -4 4 0
2186 2186 0 -4 0 4
2186 -2186 0 -3 12 -9
2186 -1093 0 -3 9 -6
2186 0 0 -3 6 -3
2186 1093 0 -3 3 0
2186 2186 0 -3 0 3
2186 -2186 0 -2 8 -6
2186 -1093 0 -2 6 -4
2186 0 0 -2 4 -2
2186 1093 0 -2 2 0
2186 2186 0 -2 0 2
2186 -2186 0 -1 4 -3
2186 -1093 0 -1 3 -2
2186 0 0 -1 2 -1
2186 1093 0 -1 1 0
2186 2186 0 -1 0 1
2186 -2186 -1 1 -4 4
2186 -2186 0 1 -4 3
2186 -2186 1 1 -4 4
2186 -1093 0 1 -3 2
2186 0 0 1 -2 1
2186 1093 0 1 -1 0
2186 2186 0 1 0 -1
2186 -2186 0 2 -8 6
2186 -1093 0 2 -6 4
2186 0 0 2 -4 2
2186 1093 0 2 -2 0
2186 2186 0 2 0 -2
2186 -2186 0 3 -12 9
2186 -1093 0 3 -9 6
2186 0 0 3 -6 3
2186 1093 0 3 -3 0
2186 2186 0 3 0 -3
2186 -2186 -2 4 -16 16
2186 -2186 0 4 -16 12
2186 -2186 2 4 -16 16
2186 -1093 0 4 -12 8
2186 0 0 4 -8 4
2186 1093 0 4 -4 0
2186 2186 0 4 0 -4
2186 -2186 0 5 -20 15
2186 -1093 0 5 -15 10
2186 0 0 5 -10 5
2186 1093 0 5 -5 0
2186 2186 0 5 0 -5
2186 -2186 0 6 -24 18
2186 -1093 0 6 -18 12
2186 0 0 6 -12 6
2186 1093 0 6 -6 0
2186 2186 0 6 0 -6
2186 -2186 0 7 -28 21
2186 -1093 0 7 -21 14
2186 0 0 7 -14 7
2186 1093 0 7 -7 0
2186 2186 0 7 0 -7
2186 -2186 0 8 -32 24
2186 -1093 0 8 -24 16
2186 0 0 8 -16 8
2186 1093 0 8 -8 0
2186 2186 0 8 0 -8
2186 -2186 -3 9 -36 36
2186 -2186 0 9 -36 27
2186 -2186 3 9 -36 36
2186 -1093 0 9 -27 18
2186 0 0 9 -18 9
2186 1093 0 9 -9 0
2186 2186 0 9 0 -9
2186 -2186 0 10 -40 30
2186 -1093 0 10 -30 20
2186 0 0 10 -20 10
2186 1093 0 10 -10 0
2186 2186 0 10 0 -10
2186 -2186 0 11 -44 33
2186 -1093 0 11 -33 22
2186 0 0 11 -22 11
2186 1093 0 11 -11 0
2186 2186 0 11 0 -11
2186 -2186 0 12 -48 36
2186 -1093 0 12 -36 24
2186 0 0 12 -24 12
2186 1093 0 12 -12 0
2186 2186 0 12 0 -12
2186 -2186 0 13 -52 39
2186 -1093 0 13 -39 26
2186 0 0 13 -26 13
2186 1093 0 13 -13 0
2186 2186 0 13 0 -13
2186 -2186 0 14 -56 42
2186 -1093 0 14 -42 28
2186 0 0 14 -28 14
2186 1093 0 14 -14 0
2186 2186 0 14 0 -14
2186 -2186 0 15 -60 45
2186 -1093 0 15 -45 30
2186 0 0 15 -30 15
2186 1093 0 15 -15 0
2186 2186 0 15 0 -15
2186 -2186 -4 16 -64 64
2186 -2186 0 16 -64 48
2186 -2186 4 16 -64 64
2186 -1093 0 16 -48 32
2186 0 0 16 -32 16
2186 1093 0 16 -16 0
2186 2186 0 16 0 -16
2186 -2186 0 17 -68 51
2186 -1093 0 17 -51 34
2186 0 0 17 -34 17
2186 1093 0 17 -17 0
2186 2186 0 17 0 -17
2186 -2186 0 18 -72 54
2186 -1093 0 18 -54 36
2186 0 0 18 -36 18
2186 1093 0 18 -18 0
2186 2186 0 18 0 -18
2186 -2186 0 19 -76 57
2186 -1093 0 19 -57 38
2186 0 0 19 -38 19
2186 1093 0 19 -19 0
2186 2186 0 19 0 -19
2186 -2186 0 20 -80 60
2186 -1093 0 20 -60 40
2186 0 0 20 -40 20
2186 1093 0 20 -20 0
2186 2186 0 20 0 -20
2186 -2186 0 21 -84 63
2186 -1093 0 21 -63 42
2186 0 0 21 -42 21
2186 1093 0 21 -21 0
2186 2186 0 21 0 -21
2186 -2186 0 22 -88 66
2186 -1093 0 22 -66 44
2186 0 0 22 -44 22
2186 1093 0 22 -22 0
2186 2186 0 22 0 -22
2186 -2186 0 23 -92 69
2186 -1093 0 23 -69 46
2186 0 0 23 -46 23
2186 1093 0 23 -23 0
2186 2186 0 23 0 -23
2186 -2186 0 24 -96 72
2186 -1093 0 24 -72 48
2186 0 0 24 -48 24
2186 1093 0 24 -24 0
2186 2186 0 24 0 -24
2186 -2186 -5 25 -100 100
2186 -2186 0 25 -100 75
2186 -2186 5 25 -100 100
2186 -1093 0 25 -75 50
2186 0 0 25 -50 25
2186 1093 0 25 -25 0
2186 2186 0 25 0 -25
2186 -2186 0 26 -104 78
2186 -1093 0 26 -78 52
2186 0 0 26 -52 26
2186 1093 0 26 -26 0
2186 2186 0 26 0 -26
2186 -2186 0 27 -108 81
2186 -1093 0 27 -81 54
2186 0 0 27 -54 27
2186 1093 0 27 -27 0
2186 2186 0 27 0 -27
2186 -2186 0 28 -112 84
2186 -1093 0 28 -84 56
2186 0 0 28 -56 28
2186 1093 0 28 -28 0
2186 2186 0 28 0 -28
2186 -2186 0 29 -116 87
2186 -1093 0 29 -87 58
2186 0 0 29 -58 29
2186 1093 0 29 -29 0
2186 2186 0 29 0 -29
2186 -2186 0 30 -120 90
2186 -1093 0 30 -90 60
2186 0 0 30 -60 30
2186 1093 0 30 -30 0
2186 2186 0 30 0 -30
2186 -2186 0 31 -124 93
2186 -1093 0 31 -93 62
2186 0 0 31 -62 31
2186 1093 0 31 -31 0
2186 2186 0 31 0 -31
2186 -2186 0 32 -128 96
2186 -1093 0 32 -96 64
2186 0 0 32 -64 32
2186 1093 0 32 -32 0
2186 2186 0 32 0 -32
2186 -2186 0 33 -132 99
2186 -1093 0 33 -99 66
2186 0 0 33 -66 33
2186 1093 0 33 -33 0
2186 2186 0 33 0 -33
2186 -2186 0 34 -136 102
2186 -1093 0 34 -102 68
2186 0 0 34 -68 34
2186 1093 0 34 -34 0
2186 2186 0 34 0 -34
2186 -2186 0 35 -140 105
2186 -1093 0 35 -105 70
2186 0 0 35 -70 35
2186 1093 0 35 -35 0
2186 2186 0 35 0 -35
2186 -2186 -6 36 -144 144
2186 -2186 0 36 -144 108
2186 -2186 6 36 -144 144
2186 -1093 0 36 -108 72
2186 0 0 36 -72 36
2186 1093 0 36 -36 0
2186 2186 0 36 0 -36
2186 -2186 0 37 -148 111
2186 -1093 0 37 -111 74
2186 0 0 37 -74 37
2186 1093 0 37 -37 0
2186 2186 0 37 0 -37
2186 -2186 0 38 -152 114
2186 -1093 0 38 -114 76
2186 0 0 38 -76 38
2186 1093 0 38 -38 0
2186 2186 0 38 0 -38
2186 -2186 0 39 -156 117
2186 -1093 0 39 -117 78
2186 0 0 39 -78 39
2186 1093 0 39 -39 0
2186 2186 0 39 0 -39
2186 -2186 0 40 -160 120
2186 -1093 0 40 -120 80
2186 0 0 40 -80 40
2186 1093 0 40 -40 0
2186 2186 0 40 0 -40
2186 -2186 0 41 -164 123
2186 -1093 0 41 -123 82
2186 0 0 41 -82 41
2186 1093 0 41 -41 0
2186 2186 0 41 0 -41
2186 -2186 0 42 -168 126
2186 -1093 0 42 -126 84
2186 0 0 42 -84 42
2186 1093 0 42 -42 0
2186 2186 0 42 0 -42
2186 -2186 0 43 -172 129
2186 -1093 0 43 -129 86
2186 0 0 43 -86 43
2186 1093 0 43 -43 0
2186 2186 0 43 0 -43
2186 -2186 0 44 -176 132
2186 -1093 0 44 -132 88
2186 0 0 44 -88 44
2186 1093 0 44 -44 0
2186 2186 0 44 0 -44
2186 -2186 0 45 -180 135
2186 -1093 0 45 -135 90
2186 0 0 45 -90 45
2186 1093 0 45 -45 0
2186 2186 0 45 0 -45
2186 -2186 0 46 -184 138
2186 -1093 0 46 -138 92
2186 0 0 46 -92 46
2186 1093 0 46 -46 0
2186 2186 0 46 0 -46
2186 -2186 0 47 -188 141
2186 -1093 0 47 -141 94
2186 0 0 47 -94 47
2186 1093 0 47 -47 0
2186 2186 0 47 0 -47
2186 -2186 0 48 -192 144
2186 -1093 0 48 -144 96
2186 0 0 48 -96 48
2186 1093 0 48 -48 0
2186 2186 0 48 0 -48
2186 -2186 -7 49 -196 196
2186 -2186 0 49 -196 147
2186 -2186 7 49 -196 196
2186 -1093 0 49 -147 98
2186 0 0 49 -98 49
2186 1093 0 49 -49 0
2186 2186 0 49 0 -49
2186 -2186 0 50 -200 150
2186 -1093 0 50 -150 100
2186 0 0 50 -100 50
2186 1093 0 50 -50 0
2186 2186 0 50 0 -50
2186 -2186 0 51 -204 153
2186 -1093 0 51 -153 102
2186 0 0 51 -102 51
2186 1093 0 51 -51 0
2186 2186 0 51 0 -51
2186 -2186 0 52 -208 156
2186 -1093 0 52 -156 104
2186 0 0 52 -104 52
2186 1093 0 52 -52 0
2186 2186 0 52 0 -52
2186 -2186 0 53 -212 159
2186 -1093 0 53 -159 106
2186 0 0 53 -106 53
2186 1093 0 53 -53 0
2186 2186 0 53 0 -53
2186 -2186 0 54 -216 162
2186 -1093 0 54 -162 108
2186 0 0 54 -108 54
2186 1093 0 54 -54 0
2186 2186 0 54 0 -54
2186 -2186 0 55 -220 165
2186 -1093 0 55 -165 110
2186 0 0 55 -110 55
2186 1093 0 55 -55 0
2186 2186 0 55 0 -55
2186 -2186 0 56 -224 168
2186 -1093 0 56 -168 112
2186 0 0 56 -112 56
2186 1093 0 56 -56 0
2186 2186 0 56 0 -56
2186 -2186 0 57 -228 171
2186 -1093 0 57 -171 114
2186 0 0 57 -114 57
2186 1093 0 57 -57 0
2186 2186 0 57 0 -57
2186 -2186 0 58 -232 174
2186 -1093 0 58 -174 116
2186 0 0 58 -116 58
2186 1093 0 58 -58 0
2186 2186 0 58 0 -58
2186 -2186 0 59 -236 177
2186 -1093 0 59 -177 118
2186 0 0 59 -118 59
2186 1093 0 59 -59 0
2186 2186 0 59 0 -59
2186 -2186 0 60 -240 180
2186 -1093 0 60 -180 120
2186 0 0 60 -120 60
2186 1093 0 60 -60 0
2186 2186 0 60 0 -60
2187 -2187 0 -60 240 -180
2187 -1458 0 -60 200 -140
2187 -729 0 -60 160 -100
2187 0 0 -60 120 -60
2187 729 0 -60 80 -20
2187 1458 0 -60 40 20
2187 2187 0 -60 0 60
2187 -2187 0 -59 236 -177
2187 0 0 -59 118 -59
2187 2187 0 -59 0 59
2187 -2187 0 -58 232 -174
2187 0 0 -58 116 -58
2187 2187 0 -58 0 58
2187 -2187 0 -57 228 -171
2187 -1458 0 -57 190 -133
2187 -729 0 -57 152 -95
2187 0 0 -57 114 -57
2187 729 0 -57 76 -19
2187 1458 0 -57 38 19
2187 2187 0 -57 0 57
2187 -2187 0 -56 224 -168
2187 0 0 -56 112 -56
2187 2187 0 -56 0 56
2187 -2187 0 -55 220 -165
2187 0 0 -55 110 -55
2187 2187 0 -55 0 55
2187 -2187 0 -54 216 -162
2187 -2106 0 -54 212 -158
2187 -2025 0 -54 208 -154
2187 -1944 0 -54 204 -150
2187 -1863 0 -54 200 -146
2187 -1782 0 -54 196 -142
2187 -1701 0 -54 192 -138
2187 -1620 0 -54 188 -134
2187 -1539 0 -54 184 -130
2187 -1458 0 -54 180 -126
2187 -1377 0 -54 176 -122
2187 -1296 0 -54 172 -118
2187 -1215 0 -54 168 -114
2187 -1134 0 -54 164 -110
2187 -1053 0 -54 160 -106
2187 -972 0 -54 156 -102
2187 -891 0 -54 152 -98
2187 -810 0 -54 148 -94
2187 -729 0 -54 144 -90
2187 -648 0 -54 140 -86
2187 -567 0 -54 136 -82
2187 -486 0 -54 132 -78
2187 -405 0 -54 128 -74
2187 -324 0 -54 124 -70
2187 -243 0 -54 120 -66
2187 -162 0 -54 116 -62
2187 -81 0 -54 112 -58
2187 0 0 -54 108 -54
2187 81 0 -54 104 -50
2187 162 0 -54 100 -46
2187 243 0 -54 96 -42
2187 324 0 -54 92 -38
2187 405 0 -54 88 -34
2187 486 0 -54 84 -30
2187 567 0 -54 80 -26
2187 648 0 -54 76 -22
2187 729 0 -54 72 -18
2187 810 0 -54 68 -14
2187 891 0 -54 64 -10
2187 972 0 -54 60 -6
2187 1053 0 -54 56 -2
2187 1134 0 -54 52 2
2187 1215 0 -54 48 6
2187 1296 0 -54 44 10
2187 1377 0 -54 40 14
2187 1458 0 -54 36 18
2187 1539 0 -54 32 22
2187 1620 0 -54 28 26
2187 1701 0 -54 24 30
2187 1782 0 -54 20 34
2187 1863 0 -54 16 38
2187 1944 -243 -54 12 66
2187 1944 0 -54 12 42
2187 2025 0 -54 8 46
2187 2106 0 -54 4 50
2187 2187 0 -54 0 54
2187 -2187 0 -53 212 -159
2187 0 0 -53 106 -53
2187 2187 0 -53 0 53
2187 -2187 0 -52 208 -156
2187 0 0 -52 104 -52
2187 2187 0 -52 0 52
2187 -2187 0 -51 204 -153
2187 -1458 0 -51 170 -119
2187 -729 0 -51 136 -85
2187 0 0 -51 102 -51
2187 729 0 -51 68 -17
2187 1458 0 -51 34 17
2187 2187 0 -51 0 51
2187 -2187 0 -50 200 -150
2187 0 0 -50 100 -50
2187 2187 0 -50 0 50
2187 -2187 0 -49 196 -147
2187 0 0 -49 98 -49
2187 2187 0 -49 0 49
2187 -2187 0 -48 192 -144
2187 -1458 0 -48 160 -112
2187 -729 0 -48 128 -80
2187 0 0 -48 96 -48
2187 729 0 -48 64 -16
2187 1458 0 -48 32 16
2187 2187 0 -48 0 48
2187 -2187 0 -47 188 -141
2187 0 0 -47 94 -47
2187 2187 0 -47 0 47
2187 -2187 0 -46 184 -138
2187 0 0 -46 92 -46
2187 2187 0 -46 0 46
2187 -2187 0 -45 180 -135
2187 -1944 0 -45 170 -125
2187 -1701 0 -45 160 -115
2187 -1458 0 -45 150 -105
2187 -1215 0 -45 140 -95
2187 -972 0 -45 130 -85
2187 -729 0 -45 120 -75
2187 -486 0 -45 110 -65
2187 -243 0 -45 100 -55
2187 0 0 -45 90 -45
2187 243 0 -45 80 -35
2187 486 0 -45 70 -25
2187 729 0 -45 60 -15
2187 972 0 -45 50 -5
2187 1215 0 -45 40 5
2187 1458 0 -45 30 15
2187 1701 0 -45 20 25
2187 1944 0 -45 10 35
2187 2187 0 -45 0 45
2187 -2187 0 -44 176 -132
2187 0 0 -44 88 -44
2187 2187 0 -44 0 44
2187 -2187 0 -43 172 -129
2187 0 0 -43 86 -43
2187 2187 0 -43 0 43
2187 -2187 0 -42 168 -126
2187 -1458 0 -42 140 -98
2187 -729 0 -42 112 -70
2187 0 0 -42 84 -42
2187 729 0 -42 56 -14
2187 1458 0 -42 28 14
2187 2187 0 -42 0 42
2187 -2187 0 -41 164 -123
2187 0 0 -41 82 -41
2187 2187 0 -41 0 41
2187 -2187 0 -40 160 -120
2187 0 0 -40 80 -40
2187 2187 0 -40 0 40
2187 -2187 0 -39 156 -117
2187 -1458 0 -39 130 -91
2187 -729 0 -39 104 -65
2187 0 0 -39 78 -39
2187 729 0 -39 52 -13
2187 1458 0 -39 26 13
2187 2187 0 -39 0 39
2187 -2187 0 -38 152 -114
2187 0 0 -38 76 -38
2187 2187 0 -38 0 38
2187 -2187 0 -37 148 -111
2187 0 0 -37 74 -37
2187 2187 0 -37 0 37
2187 -2187 0 -36 144 -108
2187 -1944 0 -36 136 -100
2187 -1701 0 -36 128 -92
2187 -1458 0 -36 120 -84
2187 -1215 0 -36 112 -76
2187 -972 0 -36 104 -68
2187 -729 0 -36 96 -60
2187 -486 0 -36 88 -52
2187 -243 0 -36 80 -44
2187 0 0 -36 72 -36
2187 243 0 -36 64 -28
2187 486 0 -36 56 -20
2187 729 0 -36 48 -12
2187 972 0 -36 40 -4
2187 1215 0 -36 32 4
2187 1458 0 -36 24 12
2187 1701 0 -36 16 20
2187 1944 0 -36 8 28
2187 2187 0 -36 0 36
2187 -2187 0 -35 140 -105
2187 0 0 -35 70 -35
2187 2187 0 -35 0 35
2187 -2187 0 -34 136 -102
2187 0 0 -34 68 -34
2187 2187 0 -34 0 34
2187 -2187 0 -33 132 -99
2187 -1458 0 -33 110 -77
2187 -729 0 -33 88 -55
2187 0 0 -33 66 -33
2187 729 0 -33 44 -11
2187 1458 0 -33 22 11
2187 2187 0 -33 0 33
2187 -2187 0 -32 128 -96
2187 0 0 -32 64 -32
2187 2187 0 -32 0 32
2187 -2187 0 -31 124 -93
2187 0 0 -31 62 -31
2187 2187 0 -31 0 31
2187 -2187 0 -30 120 -90
2187 -1458 0 -30 100 -70
2187 -729 0 -30 80 -50
2187 0 0 -30 60 -30
2187 729 0 -30 40 -10
2187 1458 0 -30 20 10
2187 2187 0 -30 0 30
2187 -2187 0 -29 116 -87
2187 0 0 -29 58 -29
2187 2187 0 -29 0 29
2187 -2187 0 -28 112 -84
2187 0 0 -28 56 -28
2187 2187 0 -28 0 28
2187 -2187 0 -27 108 -81
2187 -2106 0 -27 106 -79
2187 -2025 0 -27 104 -77
2187 -1944 0 -27 102 -75
2187 -1863 0 -27 100 -73
2187 -1782 0 -27 98 -71
2187 -1701 0 -27 96 -69
2187 -1620 0 -27 94 -67
2187 -1539 0 -27 92 -65
2187 -1458 0 -27 90 -63
2187 -1377 0 -27 88 -61
2187 -1296 0 -27 86 -59
2187 -1215 0 -27 84 -57
2187 -1134 0 -27 82 -55
2187 -1053 0 -27 80 -53
2187 -972 0 -27 78 -51
2187 -891 0 -27 76 -49
2187 -810 0 -27 74 -47
2187 -729 0 -27 72 -45
2187 -648 0 -27 70 -43
2187 -567 0 -27 68 -41
2187 -486 0 -27 66 -39
2187 -405 0 -27 64 -37
2187 -324 0 -27 62 -35
2187 -243 0 -27 60 -33
2187 -162 0 -27 58 -31
2187 -81 0 -27 56 -29
2187 0 0 -27 54 -27
2187 81 0 -27 52 -25
2187 162 0 -27 50 -23
2187 243 0 -27 48 -21
2187 324 0 -27 46 -19
2187 405 0 -27 44 -17
2187 486 0 -27 42 -15
2187 567 0 -27 40 -13
2187 648 0 -27 38 -11
2187 729 0 -27 36 -9
2187 810 0 -27 34 -7
2187 891 0 -27 32 -5
2187 972 0 -27 30 -3
2187 1053 0 -27 28 -1
2187 1134 0 -27 26 1
2187 1215 0 -27 24 3
2187 1296 0 -27 22 5
2187 1377 0 -27 20 7
2187 1458 0 -27 18 9
2187 1539 0 -27 16 11
2187 1620 0 -27 14 13
2187 1701 0 -27 12 15
2187 1782 0 -27 10 17
2187 1863 0 -27 8 19
2187 1944 -243 -27 6 33
2187 1944 0 -27 6 21
2187 2025 0 -27 4 23
2187 2106 0 -27 2 25
2187 2187 0 -27 0 27
2187 -2187 0 -26 104 -78
2187 0 0 -26 52 -26
2187 2187 0 -26 0 26
2187 -2187 0 -25 100 -75
2187 0 0 -25 50 -25
2187 2187 0 -25 0 25
2187 -2187 0 -24 96 -72
2187 -1458 0 -24 80 -56
2187 -729 0 -24 64 -40
2187 0 0 -24 48 -24
2187 729 0 -24 32 -8
2187 1458 0 -24 16 8
2187 2187 0 -24 0 24
2187 -2187 0 -23 92 -69
2187 0 0 -23 46 -23
2187 2187 0 -23 0 23
2187 -2187 0 -22 88 -66
2187 0 0 -22 44 -22
2187 2187 0 -22 0 22
2187 -2187 0 -21 84 -63
2187 -1458 0 -21 70 -49
2187 -729 0 -21 56 -35
2187 0 0 -21 42 -21
2187 729 0 -21 28 -7
2187 1458 0 -21 14 7
2187 2187 0 -21 0 21
2187 -2187 0 -20 80 -60
2187 0 0 -20 40 -20
2187 2187 0 -20 0 20
2187 -2187 0 -19 76 -57
2187 0 0 -19 38 -19
2187 2187 0 -19 0 19
2187 -2187 0 -18 72 -54
2187 -1944 0 -18 68 -50
2187 -1701 0 -18 64 -46
2187 -1458 0 -18 60 -42
2187 -1215 0 -18 56 -38
2187 -972 0 -18 52 -34
2187 -729 0 -18 48 -30
2187 -486 0 -18 44 -26
2187 -243 0 -18 40 -22
2187 0 0 -18 36 -18
2187 243 0 -18 32 -14
2187 486 0 -18 28 -10
2187 729 0 -18 24 -6
2187 972 0 -18 20 -2
2187 1215 0 -18 16 2
2187 1458 0 -18 12 6
2187 1701 0 -18 8 10
2187 1944 0 -18 4 14
2187 2187 0 -18 0 18
2187 -2187 0 -17 68 -51
2187 0 0 -17 34 -17
2187 2187 0 -17 0 17
2187 -2187 0 -16 64 -48
2187 0 0 -16 32 -16
2187 2187 0 -16 0 16
2187 -2187 0 -15 60 -45
2187 -1458 0 -15 50 -35
2187 -729 0 -15 40 -25
2187 0 0 -15 30 -15
2187 729 0 -15 20 -5
2187 1458 0 -15 10 5
2187 2187 0 -15 0 15
2187 -2187 0 -14 56 -42
2187 0 0 -14 28 -14
2187 2187 0 -14 0 14
2187 -2187 0 -13 52 -39
2187 0 0 -13 26 -13
2187 2187 0 -13 0 13
2187 -2187 0 -12 48 -36
2187 -1458 0 -12 40 -28
2187 -729 0 -12 32 -20
2187 0 0 -12 24 -12
2187 729 0 -12 16 -4
2187 1458 0 -12 8 4
2187 2187 0 -12 0 12
2187 -2187 0 -11 44 -33
2187 0 0 -11 22 -11
2187 2187 0 -11 0 11
2187 -2187 0 -10 40 -30
2187 0 0 -10 20 -10
2187 2187 0 -10 0 10
2187 -2187 0 -9 36 -27
2187 -1944 0 -9 34 -25
2187 -1701 0 -9 32 -23
2187 -1458 0 -9 30 -21
2187 -1215 0 -9 28 -19
2187 -972 0 -9 26 -17
2187 -729 0 -9 24 -15
2187 -486 0 -9 22 -13
2187 -243 0 -9 20 -11
2187 0 0 -9 18 -9
2187 243 0 -9 16 -7
2187 486 0 -9 14 -5
2187 729 0 -9 12 -3
2187 972 0 -9 10 -1
2187 1215 0 -9 8 1
2187 1458 0 -9 6 3
2187 1701 0 -9 4 5
2187 1944 0 -9 2 7
2187 2187 0 -9 0 9
2187 -2187 0 -8 32 -24
2187 0 0 -8 16 -8
2187 2187 0 -8 0 8
2187 -2187 0 -7 28 -21
2187 0 0 -7 14 -7
2187 2187 0 -7 0 7
2187 -2187 0 -6 24 -18
2187 -1458 0 -6 20 -14
2187 -729 0 -6 16 -10
2187 0 0 -6 12 -6
2187 729 0 -6 8 -2
2187 1458 0 -6 4 2
2187 2187 0 -6 0 6
2187 -2187 0 -5 20 -15
2187 0 0 -5 10 -5
2187 2187 0 -5 0 5
2187 -2187 0 -4 16 -12
2187 0 0 -4 8 -4
2187 2187 0 -4 0 4
2187 -2187 0 -3 12 -9
2187 -1458 0 -3 10 -7
2187 -729 0 -3 8 -5
2187 0 0 -3 6 -3
2187 729 0 -3 4 -1
2187 1458 0 -3 2 1
2187 2187 0 -3 0 3
2187 -2187 0 -2 8 -6
2187 0 0 -2 4 -2
2187 2187 0 -2 0 2
2187 -2187 0 -1 4 -3
2187 0 0 -1 2 -1
2187 2187 0 -1 0 1
2187 -2187 -1 1 -4 4
2187 -2187 0 1 -4 3
2187 -2187 1 1 -4 4
2187 0 0 1 -2 1
2187 2187 0 1 0 -1
2187 -2187 0 2 -8 6
2187 0 0 2 -4 2
2187 2187 0 2 0 -2
2187 -2187 0 3 -12 9
2187 -1458 0 3 -10 7
2187 -729 0 3 -8 5
2187 0 0 3 -6 3
2187 729 0 3 -4 1
2187 1458 0 3 -2 -1
2187 2187 0 3 0 -3
2187 -2187 -2 4 -16 16
2187 -2187 0 4 -16 12
2187 -2187 2 4 -16 16
2187 0 0 4 -8 4
2187 2187 0 4 0 -4
2187 -2187 0 5 -20 15
2187 0 0 5 -10 5
2187 2187 0 5 0 -5
2187 -2187 0 6 -24 18
2187 -1458 0 6 -20 14
2187 -729 0 6 -16 10
2187 0 0 6 -12 6
2187 729 0 6 -8 2
2187 1458 0 6 -4 -2
2187 2187 0 6 0 -6
2187 -2187 0 7 -28 21
2187 0 0 7 -14 7
2187 2187 0 7 0 -7
2187 -2187 0 8 -32 24
2187 0 0 8 -16 8
2187 2187 0 8 0 -8
2187 -2187 -3 9 -36 36
2187 -2187 0 9 -36 27
2187 -2187 3 9 -36 36
2187 -1944 0 9 -34 25
2187 -1701 0 9 -32 23
2187 -1458 0 9 -30 21
2187 -1215 0 9 -28 19
2187 -972 0 9 -26 17
2187 -729 0 9 -24 15
2187 -486 0 9 -22 13
2187 -243 0 9 -20 11
2187 0 0 9 -18 9
2187 243 0 9 -16 7
2187 486 0 9 -14 5
2187 729 0 9 -12 3
2187 972 0 9 -10 1
2187 1215 0 9 -8 -1
2187 1458 0 9 -6 -3
2187 1701 0 9 -4 -5
2187 1944 0 9 -2 -7
2187 2187 0 9 0 -9
2187 -2187 0 10 -40 30
2187 0 0 10 -20 10
2187 2187 0 10 0 -10
2187 -2187 0 11 -44 33
2187 0 0 11 -22 11
2187 2187 0 11 0 -11
2187 -2187 0 12 -48 36
2187 -1458 0 12 -40 28
2187 -729 0 12 -32 20
2187 0 0 12 -24 12
2187 729 0 12 -16 4
2187 1458 0 12 -8 -4
2187 2187 0 12 0 -12
2187 -2187 0 13 -52 39
2187 0 0 13 -26 13
2187 2187 0 13 0 -13
2187 -2187 0 14 -56 42
2187 0 0 14 -28 14
2187 2187 0 14 0 -14
2187 -2187 0 15 -60 45
2187 -1458 0 15 -50 35
2187 -729 0 15 -40 25
2187 0 0 15 -30 15
2187 729 0 15 -20 5
2187 1458 0 15 -10 -5
2187 2187 0 15 0 -15
2187 -2187 -4 16 -64 64
2187 -2187 0 16 -64 48
2187 -2187 4 16 -64 64
2187 0 0 16 -32 16
2187 2187 0 16 0 -16
2187 -2187 0 17 -68 51
2187 0 0 17 -34 17
2187 2187 0 17 0 -17
2187 -2187 0 18 -72 54
2187 -1944 0 18 -68 50
2187 -1701 0 18 -64 46
2187 -1458 0 18 -60 42
2187 -1215 0 18 -56 38
2187 -972 0 18 -52 34
2187 -729 0 18 -48 30
2187 -486 0 18 -44 26
2187 -243 0 18 -40 22
2187 0 0 18 -36 18
2187 243 0 18 -32 14
2187 486 0 18 -28 10
2187 729 0 18 -24 6
2187 972 0 18 -20 2
2187 1215 0 18 -16 -2
2187 1458 0 18 -12 -6
2187 1701 0 18 -8 -10
2187 1944 0 18 -4 -14
2187 2187 0 18 0 -18
2187 -2187 0 19 -76 57
2187 0 0 19 -38 19
2187 2187 0 19 0 -19
2187 -2187 0 20 -80 60
2187 0 0 20 -40 20
2187 2187 0 20 0 -20
2187 -2187 0 21 -84 63
2187 -1458 0 21 -70 49
2187 -729 0 21 -56 35
2187 0 0 21 -42 21
2187 729 0 21 -28 7
2187 1458 0 21 -14 -7
2187 2187 0 21 0 -21
2187 -2187 0 22 -88 66
2187 0 0 22 -44 22
2187 2187 0 22 0 -22
2187 -2187 0 23 -92 69
2187 0 0 23 -46 23
2187 2187 0 23 0 -23
2187 -2187 0 24 -96 72
2187 -1458 0 24 -80 56
2187 -729 0 24 -64 40
2187 0 0 24 -48 24
2187 729 0 24 -32 8
2187 1458 0 24 -16 -8
2187 2187 0 24 0 -24
2187 -2187 -5 25 -100 100
2187 -2187 0 25 -100 75
2187 -2187 5 25 -100 100
2187 0 0 25 -50 25
2187 2187 0 25 0 -25
2187 -2187 0 26 -104 78
2187 0 0 26 -52 26
2187 2187 0 26 0 -26
2187 -2187 0 27 -108 81
2187 -2106 0 27 -106 79
2187 -2025 0 27 -104 77
2187 -1944 0 27 -102 75
2187 -1863 0 27 -100 73
2187 -1782 0 27 -98 71
2187 -1701 0 27 -96 69
2187 -1620 0 27 -94 67
2187 -1539 0 27 -92 65
2187 -1458 0 27 -90 63
2187 -1377 0 27 -88 61
2187 -1296 0 27 -86 59
2187 -1215 0 27 -84 57
2187 -1134 0 27 -82 55
2187 -1053 0 27 -80 53
2187 -972 0 27 -78 51
2187 -891 0 27 -76 49
2187 -810 0 27 -74 47
2187 -729 0 27 -72 45
2187 -648 0 27 -70 43
2187 -567 0 27 -68 41
2187 -486 0 27 -66 39
2187 -405 0 27 -64 37
2187 -324 0 27 -62 35
2187 -243 0 27 -60 33
2187 -162 0 27 -58 31
2187 -81 0 27 -56 29
2187 0 0 27 -54 27
2187 81 0 27 -52 25
2187 162 0 27 -50 23
2187 243 0 27 -48 21
2187 324 0 27 -46 19
2187 405 0 27 -44 17
2187 486 0 27 -42 15
2187 567 0 27 -40 13
2187 648 0 27 -38 11
2187 729 0 27 -36 9
2187 810 0 27 -34 7
2187 891 0 27 -32 5
2187 972 0 27 -30 3
2187 1053 0 27 -28 1
2187 1134 0 27 -26 -1
2187 1215 0 27 -24 -3
2187 1296 0 27 -22 -5
2187 1377 0 27 -20 -7
2187 1458 0 27 -18 -9
2187 1539 0 27 -16 -11
2187 1620 0 27 -14 -13
2187 1701 0 27 -12 -15
2187 1782 0 27 -10 -17
2187 1863 0 27 -8 -19
2187 1944 -243 27 -6 -33
2187 1944 0 27 -6 -21
2187 2025 0 27 -4 -23
2187 2106 0 27 -2 -25
2187 2187 0 27 0 -27
2187 -2187 0 28 -112 84
2187 0 0 28 -56 28
2187 2187 0 28 0 -28
2187 -2187 0 29 -116 87
2187 0 0 29 -58 29
2187 2187 0 29 0 -29
2187 -2187 0 30 -120 90
2187 -1458 0 30 -100 70
2187 -729 0 30 -80 50
2187 0 0 30 -60 30
2187 729 0 30 -40 10
2187 1458 0 30 -20 -10
2187 2187 0 30 0 -30
2187 -2187 0 31 -124 93
2187 0 0 31 -62 31
2187 2187 0 31 0 -31
2187 -2187 0 32 -128 96
2187 0 0 32 -64 32
2187 2187 0 32 0 -32
2187 -2187 0 33 -132 99
2187 -1458 0 33 -110 77
2187 -729 0 33 -88 55
2187 0 0 33 -66 33
2187 729 0 33 -44 11
2187 1458 0 33 -22 -11
2187 2187 0 33 0 -33
2187 -2187 0 34 -136 102
2187 0 0 34 -68 34
2187 2187 0 34 0 -34
2187 -2187 0 35 -140 105
2187 0 0 35 -70 35
2187 2187 0 35 0 -35
2187 -2187 -6 36 -144 144
2187 -2187 0 36 -144 108
2187 -2187 6 36 -144 144
2187 -1944 0 36 -136 100
2187 -1701 0 36 -128 92
2187 -1458 0 36 -120 84
2187 -1215 0 36 -112 76
2187 -972 0 36 -104 68
2187 -729 0 36 -96 60
2187 -486 0 36 -88 52
2187 -243 0 36 -80 44
2187 0 0 36 -72 36
2187 243 0 36 -64 28
2187 486 0 36 -56 20
2187 729 0 36 -48 12
2187 972 0 36 -40 4
2187 1215 0 36 -32 -4
2187 1458 0 36 -24 -12
2187 1701 0 36 -16 -20
2187 1944 0 36 -8 -28
2187 2187 0 36 0 -36
2187 -2187 0 37 -148 111
2187 0 0 37 -74 37
2187 2187 0 37 0 -37
2187 -2187 0 38 -152 114
2187 0 0 38 -76 38
2187 2187 0 38 0 -38
2187 -2187 0 39 -156 117
2187 -1458 0 39 -130 91
2187 -729 0 39 -104 65
2187 0 0 39 -78 39
2187 729 0 39 -52 13
2187 1458 0 39 -26 -13
2187 2187 0 39 0 -39
2187 -2187 0 40 -160 120
2187 0 0 40 -80 40
2187 2187 0 40 0 -40
2187 -2187 0 41 -164 123
2187 0 0 41 -82 41
2187 2187 0 41 0 -41
2187 -2187 0 42 -168 126
2187 -1458 0 42 -140 98
2187 -729 0 42 -112 70
2187 0 0 42 -84 42
2187 729 0 42 -56 14
2187 1458 0 42 -28 -14
2187 2187 0 42 0 -42
2187 -2187 0 43 -172 129
2187 0 0 43 -86 43
2187 2187 0 43 0 -43
2187 -2187 0 44 -176 132
2187 0 0 44 -88 44
2187 2187 0 44 0 -44
2187 -2187 0 45 -180 135
2187 -1944 0 45 -170 125
2187 -1701 0 45 -160 115
2187 -1458 0 45 -150 105
2187 -1215 0 45 -140 95
2187 -972 0 45 -130 85
2187 -729 0 45 -120 75
2187 -486 0 45 -110 65
2187 -243 0 45 -100 55
2187 0 0 45 -90 45
2187 243 0 45 -80 35
2187 486 0 45 -70 25
2187 729 0 45 -60 15
2187 972 0 45 -50 5
2187 1215 0 45 -40 -5
2187 1458 0 45 -30 -15
2187 1701 0 45 -20 -25
2187 1944 0 45 -10 -35
2187 2187 0 45 0 -45
2187 -2187 0 46 -184 138
2187 0 0 46 -92 46
2187 2187 0 46 0 -46
2187 -2187 0 47 -188 141
2187 0 0 47 -94 47
2187 2187 0 47 0 -47
2187 -2187 0 48 -192 144
2187 -1458 0 48 -160 112
2187 -729 0 48 -128 80
2187 0 0 48 -96 48
2187 729 0 48 -64 16
2187 1458 0 48 -32 -16
2187 2187 0 48 0 -48
2187 -2187 -7 49 -196 196
2187 -2187 0 49 -196 147
2187 -2187 7 49 -196 196
2187 0 0 49 -98 49
2187 2187 0 49 0 -49
2187 -2187 0 50 -200 150
2187 0 0 50 -100 50
2187 2187 0 50 0 -50
2187 -2187 0 51 -204 153
2187 -1458 0 51 -170 119
2187 -729 0 51 -136 85
2187 0 0 51 -102 51
2187 729 0 51 -68 17
2187 1458 0 51 -34 -17
2187 2187 0 51 0 -51
2187 -2187 0 52 -208 156
2187 0 0 52 -104 52
2187 2187 0 52 0 -52
2187 -2187 0 53 -212 159
2187 0 0 53 -106 53
2187 2187 0 53 0 -53
2187 -2187 0 54 -216 162
2187 -2106 0 54 -212 158
2187 -2025 0 54 -208 154
2187 -1944 0 54 -204 150
2187 -1863 0 54 -200 146
2187 -1782 0 54 -196 142
2187 -1701 0 54 -192 138
2187 -1620 0 54 -188 134
2187 -1539 0 54 -184 130
2187 -1458 0 54 -180 126
2187 -1377 0 54 -176 122
2187 -1296 0 54 -172 118
2187 -1215 0 54 -168 114
2187 -1134 0 54 -164 110
2187 -1053 0 54 -160 106
2187 -972 0 54 -156 102
2187 -891 0 54 -152 98
2187 -810 0 54 -148 94
2187 -729 0 54 -144 90
2187 -648 0 54 -140 86
2187 -567 0 54 -136 82
2187 -486 0 54 -132 78
2187 -405 0 54 -128 74
2187 -324 0 54 -124 70
2187 -243 0 54 -120 66
2187 -162 0 54 -116 62
2187 -81 0 54 -112 58
2187 0 0 54 -108 54
2187 81 0 54 -104 50
2187 162 0 54 -100 46
2187 243 0 54 -96 42
2187 324 0 54 -92 38
2187 405 0 54 -88 34
2187 486 0 54 -84 30
2187 567 0 54 -80 26
2187 648 0 54 -76 22
2187 729 0 54 -72 18
2187 810 0 54 -68 14
2187 891 0 54 -64 10
2187 972 0 54 -60 6
2187 1053 0 54 -56 2
2187 1134 0 54 -52 -2
2187 1215 0 54 -48 -6
2187 1296 0 54 -44 -10
2187 1377 0 54 -40 -14
2187 1458 0 54 -36 -18
2187 1539 0 54 -32 -22
2187 1620 0 54 -28 -26
2187 1701 0 54 -24 -30
2187 1782 0 54 -20 -34
2187 1863 0 54 -16 -38
2187 1944 -243 54 -12 -66
2187 1944 0 54 -12 -42
2187 2025 0 54 -8 -46
2187 2106 0 54 -4 -50
2187 2187 0 54 0 -54
2187 -2187 0 55 -220 165
2187 0 0 55 -110 55
2187 2187 0 55 0 -55
2187 -2187 0 56 -224 168
2187 0 0 56 -112 56
2187 2187 0 56 0 -56
2187 -2187 0 57 -228 171
2187 -1458 0 57 -190 133
2187 -729 0 57 -152 95
2187 0 0 57 -114 57
2187 729 0 57 -76 19
2187 1458 0 57 -38 -19
2187 2187 0 57 0 -57
2187 -2187 0 58 -232 174
2187 0 0 58 -116 58
2187 2187 0 58 0 -58
2187 -2187 0 59 -236 177
2187 0 0 59 -118 59
2187 2187 0 59 0 -59
2187 -2187 0 60 -240 180
2187 -1458 0 60 -200 140
2187 -729 0 60 -160 100
2187 0 0 60 -120 60
2187 729 0 60 -80 20
2187 1458 0 60 -40 -20
2187 2187 0 60 0 -60
2188 -2188 0 -60 240 -180
2188 -1641 0 -60 210 -150
2188 -1094 0 -60 180 -120
2188 -547 0 -60 150 -90
2188 0 0 -60 120 -60
2188 547 0 -60 90 -30
2188 1094 0 -60 60 0
2188 1641 0 -60 30 30
2188 2188 0 -60 0 60
2188 -2188 0 -59 236 -177
2188 -1094 0 -59 177 -118
2188 0 0 -59 118 -59
2188 1094 0 -59 59 0
2188 2188 0 -59 0 59
2188 -2188 0 -58 232 -174
2188 -1641 0 -58 203 -145
2188 -1094 0 -58 174 -116
2188 -547 0 -58 145 -87
2188 0 0 -58 116 -58
2188 547 0 -58 87 -29
2188 1094 0 -58 58 0
2188 1641 0 -58 29 29
2188 2188 0 -58 0 58
2188 -2188 0 -57 228 -171
2188 -1094 0 -57 171 -114
2188 0 0 -57 114 -57
2188 1094 0 -57 57 0
2188 2188 0 -57 0 57
2188 -2188 0 -56 224 -168
2188 -1641 0 -56 196 -140
2188 -1094 0 -56 168 -112
2188 -547 0 -56 140 -84
2188 0 0 -56 112 -56
2188 547 0 -56 84 -28
2188 1094 0 -56 56 0
2188 1641 0 -56 28 28
2188 2188 0 -56 0 56
2188 -2188 0 -55 220 -165
2188 -1094 0 -55 165 -110
2188 0 0 -55 110 -55
2188 1094 0 -55 55 0
2188 2188 0 -55 0 55
2188 -2188 0 -54 216 -162
2188 -1641 0 -54 189 -135
2188 -1094 0 -54 162 -108
2188 -547 0 -54 135 -81
2188 0 0 -54 108 -54
2188 547 0 -54 81 -27
2188 1094 0 -54 54 0
2188 1641 0 -54 27 27
2188 2188 0 -54 0 54
2188 -2188 0 -53 212 -159
2188 -1094 0 -53 159 -106
2188 0 0 -53 106 -53
2188 1094 0 -53 53 0
2188 2188 0 -53 0 53
2188 -2188 0 -52 208 -156
2188 -1641 0 -52 182 -130
2188 -1094 0 -52 156 -104
2188 -547 0 -52 130 -78
2188 0 0 -52 104 -52
2188 547 0 -52 78 -26
2188 1094 0 -52 52 0
2188 1641 0 -52 26 26
2188 2188 0 -52 0 52
2188 -2188 0 -51 204 -153
2188 -1094 0 -51 153 -102
2188 0 0 -51 102 -51
2188 1094 0 -51 51 0
2188 2188 0 -51 0 51
2188 -2188 0 -50 200 -150
2188 -1641 0 -50 175 -125
2188 -1094 0 -50 150 -100
2188 -547 0 -50 125 -75
2188 0 0 -50 100 -50
2188 547 0 -50 75 -25
2188 1094 0 -50 50 0
2188 1641 0 -50 25 25
2188 2188 0 -50 0 50
2188 -2188 0 -49 196 -147
2188 -1094 0 -49 147 -98
2188 0 0 -49 98 -49
2188 1094 0 -49 49 0
2188 2188 0 -49 0 49
2188 -2188 0 -48 192 -144
2188 -1641 0 -48 168 -120
2188 -1094 0 -48 144 -96
2188 -547 0 -48 120 -72
2188 0 0 -48 96 -48
2188 547 0 -48 72 -24
2188 1094 0 -48 48 0
2188 1641 0 -48 24 24
2188 2188 0 -48 0 48
2188 -2188 0 -47 188 -141
2188 -1094 0 -47 141 -94
2188 0 0 -47 94 -47
2188 1094 0 -47 47 0
2188 2188 0 -47 0 47
2188 -2188 0 -46 184 -138
2188 -1641 0 -46 161 -115
2188 -1094 0 -46 138 -92
2188 -547 0 -46 115 -69
2188 0 0 -46 92 -46
2188 547 0 -46 69 -23
2188 1094 0 -46 46 0
2188 1641 0 -46 23 23
2188 2188 0 -46 0 46
2188 -2188 0 -45 180 -135
2188 -1094 0 -45 135 -90
2188 0 0 -45 90 -45
2188 1094 0 -45 45 0
2188 2188 0 -45 0 45
2188 -2188 0 -44 176 -132
2188 -1641 0 -44 154 -110
2188 -1094 0 -44 132 -88
2188 -547 0 -44 110 -66
2188 0 0 -44 88 -44
2188 547 0 -44 66 -22
2188 1094 0 -44 44 0
2188 1641 0 -44 22 22
2188 2188 0 -44 0 44
2188 -2188 0 -43 172 -129
2188 -1094 0 -43 129 -86
2188 0 0 -43 86 -43
2188 1094 0 -43 43 0
2188 2188 0 -43 0 43
2188 -2188 0 -42 168 -126
2188 -1641 0 -42 147 -105
2188 -1094 0 -42 126 -84
2188 -547 0 -42 105 -63
2188 0 0 -42 84 -42
2188 547 0 -42 63 -21
2188 1094 0 -42 42 0
2188 1641 0 -42 21 21
2188 2188 0 -42 0 42
2188 -2188 0 -41 164 -123
2188 -1094 0 -41 123 -82
2188 0 0 -41 82 -41
2188 1094 0 -41 41 0
2188 2188 0 -41 0 41
2188 -2188 0 -40 160 -120
2188 -1641 0 -40 140 -100
2188 -1094 0 -40 120 -80
2188 -547 0 -40 100 -60
2188 0 0 -40 80 -40
2188 547 0 -40 60 -20
2188 1094 0 -40 40 0
2188 1641 0 -40 20 20
2188 2188 0 -40 0 40
2188 -2188 0 -39 156 -117
2188 -1094 0 -39 117 -78
2188 0 0 -39 78 -39
2188 1094 0 -39 39 0
2188 2188 0 -39 0 39
2188 -2188 0 -38 152 -114
2188 -1641 0 -38 133 -95
2188 -1094 0 -38 114 -76
2188 -547 0 -38 95 -57
2188 0 0 -38 76 -38
2188 547 0 -38 57 -19
2188 1094 0 -38 38 0
2188 1641 0 -38 19 19
2188 2188 0 -38 0 38
2188 -2188 0 -37 148 -111
2188 -1094 0 -37 111 -74
2188 0 0 -37 74 -37
2188 1094 0 -37 37 0
2188 2188 0 -37 0 37
2188 -2188 0 -36 144 -108
2188 -1641 0 -36 126 -90
2188 -1094 0 -36 108 -72
2188 -547 0 -36 90 -54
2188 0 0 -36 72 -36
2188 547 0 -36 54 -18
2188 1094 0 -36 36 0
2188 1641 0 -36 18 18
2188 2188 0 -36 0 36
2188 -2188 0 -35 140 -105
2188 -1094 0 -35 105 -70
2188 0 0 -35 70 -35
2188 1094 0 -35 35 0
2188 2188 0 -35 0 35
2188 -2188 0 -34 136 -102
2188 -1641 0 -34 119 -85
2188 -1094 0 -34 102 -68
2188 -547 0 -34 85 -51
2188 0 0 -34 68 -34
2188 547 0 -34 51 -17
2188 1094 0 -34 34 0
2188 1641 0 -34 17 17
2188 2188 0 -34 0 34
2188 -2188 0 -33 132 -99
2188 -1094 0 -33 99 -66
2188 0 0 -33 66 -33
2188 1094 0 -33 33 0
2188 2188 0 -33 0 33
2188 -2188 0 -32 128 -96
2188 -1641 0 -32 112 -80
2188 -1094 0 -32 96 -64
2188 -547 0 -32 80 -48
2188 0 0 -32 64 -32
2188 547 0 -32 48 -16
2188 1094 0 -32 32 0
2188 1641 0 -32 16 16
2188 2188 0 -32 0 32
2188 -2188 0 -31 124 -93
2188 -1094 0 -31 93 -62
2188 0 0 -31 62 -31
2188 1094 0 -31 31 0
2188 2188 0 -31 0 31
2188 -2188 0 -30 120 -90
2188 -1641 0 -30 105 -75
2188 -1094 0 -30 90 -60
2188 -547 0 -30 75 -45
2188 0 0 -30 60 -30
2188 547 0 -30 45 -15
2188 1094 0 -30 30 0
2188 1641 0 -30 15 15
2188 2188 0 -30 0 30
2188 -2188 0 -29 116 -87
2188 -1094 0 -29 87 -58
2188 0 0 -29 58 -29
2188 1094 0 -29 29 0
2188 2188 0 -29 0 29
2188 -2188 0 -28 112 -84
2188 -1641 0 -28 98 -70
2188 -1094 0 -28 84 -56
2188 -547 0 -28 70 -42
2188 0 0 -28 56 -28
2188 547 0 -28 42 -14
2188 1094 0 -28 28 0
2188 1641 0 -28 14 14
2188 2188 0 -28 0 28
2188 -2188 0 -27 108 -81
2188 -1094 0 -27 81 -54
2188 0 0 -27 54 -27
2188 1094 0 -27 27 0
2188 2188 0 -27 0 27
2188 -2188 0 -26 104 -78
2188 -1641 0 -26 91 -65
2188 -1094 0 -26 78 -52
2188 -547 0 -26 65 -39
2188 0 0 -26 52 -26
2188 547 0 -26 39 -13
2188 1094 0 -26 26 0
2188 1641 0 -26 13 13
2188 2188 0 -26 0 26
2188 -2188 0 -25 100 -75
2188 -1094 0 -25 75 -50
2188 0 0 -25 50 -25
2188 1094 0 -25 25 0
2188 2188 0 -25 0 25
2188 -2188 0 -24 96 -72
2188 -1641 0 -24 84 -60
2188 -1094 0 -24 72 -48
2188 -547 0 -24 60 -36
2188 0 0 -24 48 -24
2188 547 0 -24 36 -12
2188 1094 0 -24 24 0
2188 1641 0 -24 12 12
2188 2188 0 -24 0 24
2188 -2188 0 -23 92 -69
2188 -1094 0 -23 69 -46
2188 0 0 -23 46 -23
2188 1094 0 -23 23 0
2188 2188 0 -23 0 23
2188 -2188 0 -22 88 -66
2188 -1641 0 -22 77 -55
2188 -1094 0 -22 66 -44
2188 -547 0 -22 55 -33
2188 0 0 -22 44 -22
2188 547 0 -22 33 -11
2188 1094 0 -22 22 0
2188 1641 0 -22 11 11
2188 2188 0 -22 0 22
2188 -2188 0 -21 84 -63
2188 -1094 0 -21 63 -42
2188 0 0 -21 42 -21
2188 1094 0 -21 21 0
2188 2188 0 -21 0 21
2188 -2188 0 -20 80 -60
2188 -1641 0 -20 70 -50
2188 -1094 0 -20 60 -40
2188 -547 0 -20 50 -30
2188 0 0 -20 40 -20
2188 547 0 -20 30 -10
2188 1094 0 -20 20 0
2188 1641 0 -20 10 10
2188 2188 0 -20 0 20
2188 -2188 0 -19 76 -57
2188 -1094 0 -19 57 -38
2188 0 0 -19 38 -19
2188 1094 0 -19 19 0
2188 2188 0 -19 0 19
2188 -2188 0 -18 72 -54
2188 -1641 0 -18 63 -45
2188 -1094 0 -18 54 -36
2188 -547 0 -18 45 -27
2188 0 0 -18 36 -18
2188 547 0 -18 27 -9
2188 1094 0 -18 18 0
2188 1641 0 -18 9 9
2188 2188 0 -18 0 18
2188 -2188 0 -17 68 -51
2188 -1094 0 -17 51 -34
2188 0 0 -17 34 -17
2188 1094 0 -17 17 0
2188 2188 0 -17 0 17
2188 -2188 0 -16 64 -48
2188 -1641 0 -16 56 -40
2188 -1094 0 -16 48 -32
2188 -547 0 -16 40 -24
2188 0 0 -16 32 -16
2188 547 0 -16 24 -8
2188 1094 0 -16 16 0
2188 1641 0 -16 8 8
2188 2188 0 -16 0 16
2188 -2188 0 -15 60 -45
2188 -1094 0 -15 45 -30
2188 0 0 -15 30 -15
2188 1094 0 -15 15 0
2188 2188 0 -15 0 15
2188 -2188 0 -14 56 -42
2188 -1641 0 -14 49 -35
2188 -1094 0 -14 42 -28
2188 -547 0 -14 35 -21
2188 0 0 -14 28 -14
2188 547 0 -14 21 -7
2188 1094 0 -14 14 0
2188 1641 0 -14 7 7
2188 2188 0 -14 0 14
2188 -2188 0 -13 52 -39
2188 -1094 0 -13 39 -26
2188 0 0 -13 26 -13
2188 1094 0 -13 13 0
2188 2188 0 -13 0 13
2188 -2188 0 -12 48 -36
2188 -1641 0 -12 42 -30
2188 -1094 0 -12 36 -24
2188 -547 0 -12 30 -18
2188 0 0 -12 24 -12
2188 547 0 -12 18 -6
2188 1094 0 -12 12 0
2188 1641 0 -12 6 6
2188 2188 0 -12 0 12
2188 -2188 0 -11 44 -33
2188 -1094 0 -11 33 -22
2188 0 0 -11 22 -11
2188 1094 0 -11 11 0
2188 2188 0 -11 0 11
2188 -2188 0 -10 40 -30
2188 -1641 0 -10 35 -25
2188 -1094 0 -10 30 -20
2188 -547 0 -10 25 -15
2188 0 0 -10 20 -10
2188 547 0 -10 15 -5
2188 1094 0 -10 10 0
2188 1641 0 -10 5 5
2188 2188 0 -10 0 10
2188 -2188 0 -9 36 -27
2188 -1094 0 -9 27 -18
2188 0 0 -9 18 -9
2188 1094 0 -9 9 0
2188 2188 0 -9 0 9
2188 -2188 0 -8 32 -24
2188 -1641 0 -8 28 -20
2188 -1094 0 -8 24 -16
2188 -547 0 -8 20 -12
2188 0 0 -8 16 -8
2188 547 0 -8 12 -4
2188 1094 0 -8 8 0
2188 1641 0 -8 4 4
2188 2188 0 -8 0 8
2188 -2188 0 -7 28 -21
2188 -1094 0 -7 21 -14
2188 0 0 -7 14 -7
2188 1094 0 -7 7 0
2188 2188 0 -7 0 7
2188 -2188 0 -6 24 -18
2188 -1641 0 -6 21 -15
2188 -1094 0 -6 18 -12
2188 -547 0 -6 15 -9
2188 0 0 -6 12 -6
2188 547 0 -6 9 -3
2188 1094 0 -6 6 0
2188 1641 0 -6 3 3
2188 2188 0 -6 0 6
2188 -2188 0 -5 20 -15
2188 -1094 0 -5 15 -10
2188 0 0 -5 10 -5
2188 1094 0 -5 5 0
2188 2188 0 -5 0 5
2188 -2188 0 -4 16 -12
2188 -1641 0 -4 14 -10
2188 -1094 0 -4 12 -8
2188 -547 0 -4 10 -6
2188 0 0 -4 8 -4
2188 547 0 -4 6 -2
2188 1094 0 -4 4 0
2188 1641 0 -4 2 2
2188 2188 0 -4 0 4
2188 -2188 0 -3 12 -9
2188 -1094 0 -3 9 -6
2188 0 0 -3 6 -3
2188 1094 0 -3 3 0
2188 2188 0 -3 0 3
2188 -2188 0 -2 8 -6
2188 -1641 0 -2 7 -5
2188 -1094 0 -2 6 -4
2188 -547 0 -2 5 -3
2188 0 0 -2 4 -2
2188 547 0 -2 3 -1
2188 1094 0 -2 2 0
2188 1641 0 -2 1 1
2188 2188 0 -2 0 2
2188 -2188 0 -1 4 -3
2188 -1094 0 -1 3 -2
2188 0 0 -1 2 -1
2188 1094 0 -1 1 0
2188 2188 0 -1 0 1
2188 -2188 -1 1 -4 4
2188 -2188 0 1 -4 3
2188 -2188 1 1 -4 4
2188 -1094 0 1 -3 2
2188 0 0 1 -2 1
2188 1094 0 1 -1 0
2188 2188 0 1 0 -1
2188 -2188 0 2 -8 6
2188 -1641 0 2 -7 5
2188 -1094 0 2 -6 4
2188 -547 0 2 -5 3
2188 0 0 2 -4 2
2188 547 0 2 -3 1
2188 1094 0 2 -2 0
2188 1641 0 2 -1 -1
2188 2188 0 2 0 -2
2188 -2188 0 3 -12 9
2188 -1094 0 3 -9 6
2188 0 0 3 -6 3
2188 1094 0 3 -3 0
2188 2188 0 3 0 -3
2188 -2188 -2 4 -16 16
2188 -2188 0 4 -16 12
2188 -2188 2 4 -16 16
2188 -1641 0 4 -14 10
2188 -1094 0 4 -12 8
2188 -547 0 4 -10 6
2188 0 0 4 -8 4
2188 547 0 4 -6 2
2188 1094 0 4 -4 0
2188 1641 0 4 -2 -2
2188 2188 0 4 0 -4
2188 -2188 0 5 -20 15
2188 -1094 0 5 -15 10
2188 0 0 5 -10 5
2188 1094 0 5 -5 0
2188 2188 0 5 0 -5
2188 -2188 0 6 -24 18
2188 -1641 0 6 -21 15
2188 -1094 0 6 -18 12
2188 -547 0 6 -15 9
2188 0 0 6 -12 6
2188 547 0 6 -9 3
2188 1094 0 6 -6 0
2188 1641 0 6 -3 -3
2188 2188 0 6 0 -6
2188 -2188 0 7 -28 21
2188 -1094 0 7 -21 14
2188 0 0 7 -14 7
2188 1094 0 7 -7 0
2188 2188 0 7 0 -7
2188 -2188 0 8 -32 24
2188 -1641 0 8 -28 20
2188 -1094 0 8 -24 16
2188 -547 0 8 -20 12
2188 0 0 8 -16 8
2188 547 0 8 -12 4
2188 1094 0 8 -8 0
2188 1641 0 8 -4 -4
2188 2188 0 8 0 -8
2188 -2188 -3 9 -36 36
2188 -2188 0 9 -36 27
2188 -2188 3 9 -36 36
2188 -1094 0 9 -27 18
2188 0 0 9 -18 9
2188 1094 0 9 -9 0
2188 2188 0 9 0 -9
2188 -2188 0 10 -40 30
2188 -1641 0 10 -35 25
2188 -1094 0 10 -30 20
2188 -547 0 10 -25 15
2188 0 0 10 -20 10
2188 547 0 10 -15 5
2188 1094 0 10 -10 0
2188 1641 0 10 -5 -5
2188 2188 0 10 0 -10
2188 -2188 0 11 -44 33
2188 -1094 0 11 -33 22
2188 0 0 11 -22 11
2188 1094 0 11 -11 0
2188 2188 0 11 0 -11
2188 -2188 0 12 -48 36
2188 -1641 0 12 -42 30
2188 -1094 0 12 -36 24
2188 -547 0 12 -30 18
2188 0 0 12 -24 12
2188 547 0 12 -18 6
2188 1094 0 12 -12 0
2188 1641 0 12 -6 -6
2188 2188 0 12 0 -12
2188 -2188 0 13 -52 39
2188 -1094 0 13 -39 26
2188 0 0 13 -26 13
2188 1094 0 13 -13 0
2188 2188 0 13 0 -13
2188 -2188 0 14 -56 42
2188 -1641 0 14 -49 35
2188 -1094 0 14 -42 28
2188 -547 0 14 -35 21
2188 0 0 14 -28 14
2188 547 0 14 -21 7
2188 1094 0 14 -14 0
2188 1641 0 14 -7 -7
2188 2188 0 14 0 -14
2188 -2188 0 15 -60 45
2188 -1094 0 15 -45 30
2188 0 0 15 -30 15
2188 1094 0 15 -15 0
2188 2188 0 15 0 -15
2188 -2188 -4 16 -64 64
2188 -2188 0 16 -64 48
2188 -2188 4 16 -64 64
2188 -1641 0 16 -56 40
2188 -1094 0 16 -48 32
2188 -547 0 16 -40 24
2188 0 0 16 -32 16
2188 547 0 16 -24 8
2188 1094 0 16 -16 0
2188 1641 0 16 -8 -8
2188 2188 0 16 0 -16
2188 -2188 0 17 -68 51
2188 -1094 0 17 -51 34
2188 0 0 17 -34 17
2188 1094 0 17 -17 0
2188 2188 0 17 0 -17
2188 -2188 0 18 -72 54
2188 -1641 0 18 -63 45
2188 -1094 0 18 -54 36
2188 -547 0 18 -45 27
2188 0 0 18 -36 18
2188 547 0 18 -27 9
2188 1094 0 18 -18 0
2188 1641 0 18 -9 -9
2188 2188 0 18 0 -18
2188 -2188 0 19 -76 57
2188 -1094 0 19 -57 38
2188 0 0 19 -38 19
2188 1094 0 19 -19 0
2188 2188 0 19 0 -19
2188 -2188 0 20 -80 60
2188 -1641 0 20 -70 50
2188 -1094 0 20 -60 40
2188 -547 0 20 -50 30
2188 0 0 20 -40 20
2188 547 0 20 -30 10
2188 1094 0 20 -20 0
2188 1641 0 20 -10 -10
2188 2188 0 20 0 -20
2188 -2188 0 21 -84 63
2188 -1094 0 21 -63 42
2188 0 0 21 -42 21
2188 1094 0 21 -21 0
2188 2188 0 21 0 -21
2188 -2188 0 22 -88 66
2188 -1641 0 22 -77 55
2188 -1094 0 22 -66 44
2188 -547 0 22 -55 33
2188 0 0 22 -44 22
2188 547 0 22 -33 11
2188 1094 0 22 -22 0
2188 1641 0 22 -11 -11
2188 2188 0 22 0 -22
2188 -2188 0 23 -92 69
2188 -1094 0 23 -69 46
2188 0 0 23 -46 23
2188 1094 0 23 -23 0
2188 2188 0 23 0 -23
2188 -2188 0 24 -96 72
2188 -1641 0 24 -84 60
2188 -1094 0 24 -72 48
2188 -547 0 24 -60 36
2188 0 0 24 -48 24
2188 547 0 24 -36 12
2188 1094 0 24 -24 0
2188 1641 0 24 -12 -12
2188 2188 0 24 0 -24
2188 -2188 -5 25 -100 100
2188 -2188 0 25 -100 75
2188 -2188 5 25 -100 100
2188 -1094 0 25 -75 50
2188 0 0 25 -50 25
2188 1094 0 25 -25 0
2188 2188 0 25 0 -25
2188 -2188 0 26 -104 78
2188 -1641 0 26 -91 65
2188 -1094 0 26 -78 52
2188 -547 0 26 -65 39
2188 0 0 26 -52 26
2188 547 0 26 -39 13
2188 1094 0 26 -26 0
2188 1641 0 26 -13 -13
2188 2188 0 26 0 -26
2188 -2188 0 27 -108 81
2188 -1094 0 27 -81 54
2188 0 0 27 -54 27
2188 1094 0 27 -27 0
2188 2188 0 27 0 -27
2188 -2188 0 28 -112 84
2188 -1641 0 28 -98 70
2188 -1094 0 28 -84 56
2188 -547 0 28 -70 42
2188 0 0 28 -56 28
2188 547 0 28 -42 14
2188 1094 0 28 -28 0
2188 1641 0 28 -14 -14
2188 2188 0 28 0 -28
2188 -2188 0 29 -116 87
2188 -1094 0 29 -87 58
2188 0 0 29 -58 29
2188 1094 0 29 -29 0
2188 2188 0 29 0 -29
2188 -2188 0 30 -120 90
2188 -1641 0 30 -105 75
2188 -1094 0 30 -90 60
2188 -547 0 30 -75 45
2188 0 0 30 -60 30
2188 547 0 30 -45 15
2188 1094 0 30 -30 0
2188 1641 0 30 -15 -15
2188 2188 0 30 0 -30
2188 -2188 0 31 -124 93
2188 -1094 0 31 -93 62
2188 0 0 31 -62 31
2188 1094 0 31 -31 0
2188 2188 0 31 0 -31
2188 -2188 0 32 -128 96
2188 -1641 0 32 -112 80
2188 -1094 0 32 -96 64
2188 -547 0 32 -80 48
2188 0 0 32 -64 32
2188 547 0 32 -48 16
2188 1094 0 32 -32 0
2188 1641 0 32 -16 -16
2188 2188 0 32 0 -32
2188 -2188 0 33 -132 99
2188 -1094 0 33 -99 66
2188 0 0 33 -66 33
2188 1094 0 33 -33 0
2188 2188 0 33 0 -33
2188 -2188 0 34 -136 102
2188 -1641 0 34 -119 85
2188 -1094 0 34 -102 68
2188 -547 0 34 -85 51
2188 0 0 34 -68 34
2188 547 0 34 -51 17
2188 1094 0 34 -34 0
2188 1641 0 34 -17 -17
2188 2188 0 34 0 -34
2188 -2188 0 35 -140 105
2188 -1094 0 35 -105 70
2188 0 0 35 -70 35
2188 1094 0 35 -35 0
2188 2188 0 35 0 -35
2188 -2188 -6 36 -144 144
2188 -2188 0 36 -144 108
2188 -2188 6 36 -144 144
2188 -1641 0 36 -126 90
2188 -1094 0 36 -108 72
2188 -547 0 36 -90 54
2188 0 0 36 -72 36
2188 547 0 36 -54 18
2188 1094 0 36 -36 0
2188 1641 0 36 -18 -18
2188 2188 0 36 0 -36
2188 -2188 0 37 -148 111
2188 -1094 0 37 -111 74
2188 0 0 37 -74 37
2188 1094 0 37 -37 0
2188 2188 0 37 0 -37
2188 -2188 0 38 -152 114
2188 -1641 0 38 -133 95
2188 -1094 0 38 -114 76
2188 -547 0 38 -95 57
2188 0 0 38 -76 38
2188 547 0 38 -57 19
2188 1094 0 38 -38 0
2188 1641 0 38 -19 -19
2188 2188 0 38 0 -38
2188 -2188 0 39 -156 117
2188 -1094 0 39 -117 78
2188 0 0 39 -78 39
2188 1094 0 39 -39 0
2188 2188 0 39 0 -39
2188 -2188 0 40 -160 120
2188 -1641 0 40 -140 100
2188 -1094 0 40 -120 80
2188 -547 0 40 -100 60
2188 0 0 40 -80 40
2188 547 0 40 -60 20
2188 1094 0 40 -40 0
2188 1641 0 40 -20 -20
2188 2188 0 40 0 -40
2188 -2188 0 41 -164 123
2188 -1094 0 41 -123 82
2188 0 0 41 -82 41
2188 1094 0 41 -41 0
2188 2188 0 41 0 -41
2188 -2188 0 42 -168 126
2188 -1641 0 42 -147 105
2188 -1094 0 42 -126 84
2188 -547 0 42 -105 63
2188 0 0 42 -84 42
2188 547 0 42 -63 21
2188 1094 0 42 -42 0
2188 1641 0 42 -21 -21
2188 2188 0 42 0 -42
2188 -2188 0 43 -172 129
2188 -1094 0 43 -129 86
2188 0 0 43 -86 43
2188 1094 0 43 -43 0
2188 2188 0 43 0 -43
2188 -2188 0 44 -176 132
2188 -1641 0 44 -154 110
2188 -1094 0 44 -132 88
2188 -547 0 44 -110 66
2188 0 0 44 -88 44
2188 547 0 44 -66 22
2188 1094 0 44 -44 0
2188 1641 0 44 -22 -22
2188 2188 0 44 0 -44
2188 -2188 0 45 -180 135
2188 -1094 0 45 -135 90
2188 0 0 45 -90 45
2188 1094 0 45 -45 0
2188 2188 0 45 0 -45
2188 -2188 0 46 -184 138
2188 -1641 0 46 -161 115
2188 -1094 0 46 -138 92
2188 -547 0 46 -115 69
2188 0 0 46 -92 46
2188 547 0 46 -69 23
2188 1094 0 46 -46 0
2188 1641 0 46 -23 -23
2188 2188 0 46 0 -46
2188 -2188 0 47 -188 141
2188 -1094 0 47 -141 94
2188 0 0 47 -94 47
2188 1094 0 47 -47 0
2188 2188 0 47 0 -47
2188 -2188 0 48 -192 144
2188 -1641 0 48 -168 120
2188 -1094 0 48 -144 96
2188 -547 0 48 -120 72
2188 0 0 48 -96 48
2188 547 0 48 -72 24
2188 1094 0 48 -48 0
2188 1641 0 48 -24 -24
2188 2188 0 48 0 -48
2188 -2188 -7 49 -196 196
2188 -2188 0 49 -196 147
2188 -2188 7 49 -196 196
2188 -1094 0 49 -147 98
2188 0 0 49 -98 49
2188 1094 0 49 -49 0
2188 2188 0 49 0 -49
2188 -2188 0 50 -200 150
2188 -1641 0 50 -175 125
2188 -1094 0 50 -150 100
2188 -547 0 50 -125 75
2188 0 0 50 -100 50
2188 547 0 50 -75 25
2188 1094 0 50 -50 0
2188 1641 0 50 -25 -25
2188 2188 0 50 0 -50
2188 -2188 0 51 -204 153
2188 -1094 0 51 -153 102
2188 0 0 51 -102 51
2188 1094 0 51 -51 0
2188 2188 0 51 0 -51
2188 -2188 0 52 -208 156
2188 -1641 0 52 -182 130
2188 -1094 0 52 -156 104
2188 -547 0 52 -130 78
2188 0 0 52 -104 52
2188 547 0 52 -78 26
2188 1094 0 52 -52 0
2188 1641 0 52 -26 -26
2188 2188 0 52 0 -52
2188 -2188 0 53 -212 159
2188 -1094 0 53 -159 106
2188 0 0 53 -106 53
2188 1094 0 53 -53 0
2188 2188 0 53 0 -53
2188 -2188 0 54 -216 162
2188 -1641 0 54 -189 135
2188 -1094 0 54 -162 108
2188 -547 0 54 -135 81
2188 0 0 54 -108 54
2188 547 0 54 -81 27
2188 1094 0 54 -54 0
2188 1641 0 54 -27 -27
2188 2188 0 54 0 -54
2188 -2188 0 55 -220 165
2188 -1094 0 55 -165 110
2188 0 0 55 -110 55
2188 1094 0 55 -55 0
2188 2188 0 55 0 -55
2188 -2188 0 56 -224 168
2188 -1641 0 56 -196 140
2188 -1094 0 56 -168 112
2188 -547 0 56 -140 84
2188 0 0 56 -112 56
2188 547 0 56 -84 28
2188 1094 0 56 -56 0
2188 1641 0 56 -28 -28
2188 2188 0 56 0 -56
2188 -2188 0 57 -228 171
2188 -1094 0 57 -171 114
2188 0 0 57 -114 57
2188 1094 0 57 -57 0
2188 2188 0 57 0 -57
2188 -2188 0 58 -232 174
2188 -1641 0 58 -203 145
2188 -1094 0 58 -174 116
2188 -547 0 58 -145 87
2188 0 0 58 -116 58
2188 547 0 58 -87 29
2188 1094 0 58 -58 0
2188 1641 0 58 -29 -29
2188 2188 0 58 0 -58
2188 -2188 0 59 -236 177
2188 -1094 0 59 -177 118
2188 0 0 59 -118 59
2188 1094 0 59 -59 0
2188 2188 0 59 0 -59
2188 -2188 0 60 -240 180
2188 -1641 0 60 -210 150
2188 -1094 0 60 -180 120
2188 -547 0 60 -150 90
2188 0 0 60 -120 60
2188 547 0 60 -90 30
2188 1094 0 60 -60 0
2188 1641 0 60 -30 -30
2188 2188 0 60 0 -60
2189 -2189 0 -60 240 -180
2189 0 0 -60 120 -60
2189 2189 0 -60 0 60
2189 -2189 0 -59 236 -177
2189 0 0 -59 118 -59
2189 2189 0 -59 0 59
2189 -2189 0 -58 232 -174
2189 0 0 -58 116 -58
2189 2189 0 -58 0 58
2189 -2189 0 -57 228 -171
2189 0 0 -57 114 -57
2189 2189 0 -57 0 57
2189 -2189 0 -56 224 -168
2189 0 0 -56 112 -56
2189 2189 0 -56 0 56
2189 -2189 0 -55 220 -165
2189 -1990 0 -55 210 -155
2189 -1791 0 -55 200 -145
2189 -1592 0 -55 190 -135
2189 -1393 0 -55 180 -125
2189 -1194 0 -55 170 -115
2189 -995 0 -55 160 -105
2189 -796 0 -55 150 -95
2189 -597 0 -55 140 -85
2189 -398 0 -55 130 -75
2189 -199 0 -55 120 -65
2189 0 0 -55 110 -55
2189 199 0 -55 100 -45
2189 398 0 -55 90 -35
2189 597 0 -55 80 -25
2189 796 0 -55 70 -15
2189 995 0 -55 60 -5
2189 1194 0 -55 50 5
2189 1393 0 -55 40 15
2189 1592 0 -55 30 25
2189 1791 0 -55 20 35
2189 1990 0 -55 10 45
2189 2189 0 -55 0 55
2189 -2189 0 -54 216 -162
2189 0 0 -54 108 -54
2189 2189 0 -54 0 54
2189 -2189 0 -53 212 -159
2189 0 0 -53 106 -53
2189 2189 0 -53 0 53
2189 -2189 0 -52 208 -156
2189 0 0 -52 104 -52
2189 2189 0 -52 0 52
2189 -2189 0 -51 204 -153
2189 0 0 -51 102 -51
2189 2189 0 -51 0 51
2189 -2189 0 -50 200 -150
2189 0 0 -50 100 -50
2189 2189 0 -50 0 50
2189 -2189 0 -49 196 -147
2189 0 0 -49 98 -49
2189 2189 0 -49 0 49
2189 -2189 0 -48 192 -144
2189 0 0 -48 96 -48
2189 2189 0 -48 0 48
2189 -2189 0 -47 188 -141
2189 0 0 -47 94 -47
2189 2189 0 -47 0 47
2189 -2189 0 -46 184 -138
2189 0 0 -46 92 -46
2189 2189 0 -46 0 46
2189 -2189 0 -45 180 -135
2189 0 0 -45 90 -45
2189 2189 0 -45 0 45
2189 -2189 0 -44 176 -132
2189 -1990 0 -44 168 -124
2189 -1791 0 -44 160 -116
2189 -1592 0 -44 152 -108
2189 -1393 0 -44 144 -100
2189 -1194 0 -44 136 -92
2189 -995 0 -44 128 -84
2189 -796 0 -44 120 -76
2189 -597 0 -44 112 -68
2189 -398 0 -44 104 -60
2189 -199 0 -44 96 -52
2189 0 0 -44 88 -44
2189 199 0 -44 80 -36
2189 398 0 -44 72 -28
2189 597 0 -44 64 -20
2189 796 0 -44 56 -12
2189 995 0 -44 48 -4
2189 1194 0 -44 40 4
2189 1393 0 -44 32 12
2189 1592 0 -44 24 20
2189 1791 0 -44 16 28
2189 1990 0 -44 8 36
2189 2189 0 -44 0 44
2189 -2189 0 -43 172 -129
2189 0 0 -43 86 -43
2189 2189 0 -43 0 43
2189 -2189 0 -42 168 -126
2189 0 0 -42 84 -42
2189 2189 0 -42 0 42
2189 -2189 0 -41 164 -123
2189 0 0 -41 82 -41
2189 2189 0 -41 0 41
2189 -2189 0 -40 160 -120
2189 0 0 -40 80 -40
2189 2189 0 -40 0 40
2189 -2189 0 -39 156 -117
2189 0 0 -39 78 -39
2189 2189 0 -39 0 39
2189 -2189 0 -38 152 -114
2189 0 0 -38 76 -38
2189 2189 0 -38 0 38
2189 -2189 0 -37 148 -111
2189 0 0 -37 74 -37
2189 2189 0 -37 0 37
2189 -2189 0 -36 144 -108
2189 0 0 -36 72 -36
2189 2189 0 -36 0 36
2189 -2189 0 -35 140 -105
2189 0 0 -35 70 -35
2189 2189 0 -35 0 35
2189 -2189 0 -34 136 -102
2189 0 0 -34 68 -34
2189 2189 0 -34 0 34
2189 -2189 0 -33 132 -99
2189 -1990 0 -33 126 -93
2189 -1791 0 -33 120 -87
2189 -1592 0 -33 114 -81
2189 -1393 0 -33 108 -75
2189 -1194 0 -33 102 -69
2189 -995 0 -33 96 -63
2189 -796 0 -33 90 -57
2189 -597 0 -33 84 -51
2189 -398 0 -33 78 -45
2189 -199 0 -33 72 -39
2189 0 0 -33 66 -33
2189 199 0 -33 60 -27
2189 398 0 -33 54 -21
2189 597 0 -33 48 -15
2189 796 0 -33 42 -9
2189 995 0 -33 36 -3
2189 1194 0 -33 30 3
2189 1393 0 -33 24 9
2189 1592 0 -33 18 15
2189 1791 0 -33 12 21
2189 1990 0 -33 6 27
2189 2189 0 -33 0 33
2189 -2189 0 -32 128 -96
2189 0 0 -32 64 -32
2189 2189 0 -32 0 32
2189 -2189 0 -31 124 -93
2189 0 0 -31 62 -31
2189 2189 0 -31 0 31
2189 -2189 0 -30 120 -90
2189 0 0 -30 60 -30
2189 2189 0 -30 0 30
2189 -2189 0 -29 116 -87
2189 0 0 -29 58 -29
2189 2189 0 -29 0 29
2189 -2189 0 -28 112 -84
2189 0 0 -28 56 -28
2189 2189 0 -28 0 28
2189 -2189 0 -27 108 -81
2189 0 0 -27 54 -27
2189 2189 0 -27 0 27
2189 -2189 0 -26 104 -78
2189 0 0 -26 52 -26
2189 2189 0 -26 0 26
2189 -2189 0 -25 100 -75
2189 0 0 -25 50 -25
2189 2189 0 -25 0 25
2189 -2189 0 -24 96 -72
2189 0 0 -24 48 -24
2189 2189 0 -24 0 24
2189 -2189 0 -23 92 -69
2189 0 0 -23 46 -23
2189 2189 0 -23 0 23
2189 -2189 0 -22 88 -66
2189 -1990 0 -22 84 -62
2189 -1791 0 -22 80 -58
2189 -1592 0 -22 76 -54
2189 -1393 0 -22 72 -50
2189 -1194 0 -22 68 -46
2189 -995 0 -22 64 -42
2189 -796 0 -22 60 -38
2189 -597 0 -22 56 -34
2189 -398 0 -22 52 -30
2189 -199 0 -22 48 -26
2189 0 0 -22 44 -22
2189 199 0 -22 40 -18
2189 398 0 -22 36 -14
2189 597 0 -22 32 -10
2189 796 0 -22 28 -6
2189 995 0 -22 24 -2
2189 1194 0 -22 20 2
2189 1393 0 -22 16 6
2189 1592 0 -22 12 10
2189 1791 0 -22 8 14
2189 1990 0 -22 4 18
2189 2189 0 -22 0 22
2189 -2189 0 -21 84 -63
2189 0 0 -21 42 -21
2189 2189 0 -21 0 21
2189 -2189 0 -20 80 -60
2189 0 0 -20 40 -20
2189 2189 0 -20 0 20
2189 -2189 0 -19 76 -57
2189 0 0 -19 38 -19
2189 2189 0 -19 0 19
2189 -2189 0 -18 72 -54
2189 0 0 -18 36 -18
2189 2189 0 -18 0 18
2189 -2189 0 -17 68 -51
2189 0 0 -17 34 -17
2189 2189 0 -17 0 17
2189 -2189 0 -16 64 -48
2189 0 0 -16 32 -16
2189 2189 0 -16 0 16
2189 -2189 0 -15 60 -45
2189 0 0 -15 30 -15
2189 2189 0 -15 0 15
2189 -2189 0 -14 56 -42
2189 0 0 -14 28 -14
2189 2189 0 -14 0 14
2189 -2189 0 -13 52 -39
2189 0 0 -13 26 -13
2189 2189 0 -13 0 13
2189 -2189 0 -12 48 -36
2189 0 0 -12 24 -12
2189 2189 0 -12 0 12
2189 -2189 0 -11 44 -33
2189 -1990 0 -11 42 -31
2189 -1791 0 -11 40 -29
2189 -1592 0 -11 38 -27
2189 -1393 0 -11 36 -25
2189 -1194 0 -11 34 -23
2189 -995 0 -11 32 -21
2189 -796 0 -11 30 -19
2189 -597 0 -11 28 -17
2189 -398 0 -11 26 -15
2189 -199 0 -11 24 -13
2189 0 0 -11 22 -11
2189 199 0 -11 20 -9
2189 398 0 -11 18 -7
2189 597 0 -11 16 -5
2189 796 0 -11 14 -3
2189 995 0 -11 12 -1
2189 1194 0 -11 10 1
2189 1393 0 -11 8 3
2189 1592 0 -11 6 5
2189 1791 0 -11 4 7
2189 1990 0 -11 2 9
2189 2189 0 -11 0 11
2189 -2189 0 -10 40 -30
2189 0 0 -10 20 -10
2189 2189 0 -10 0 10
2189 -2189 0 -9 36 -27
2189 0 0 -9 18 -9
2189 2189 0 -9 0 9
2189 -2189 0 -8 32 -24
2189 0 0 -8 16 -8
2189 2189 0 -8 0 8
2189 -2189 0 -7 28 -21
2189 0 0 -7 14 -7
2189 2189 0 -7 0 7
2189 -2189 0 -6 24 -18
2189 0 0 -6 12 -6
2189 2189 0 -6 0 6
2189 -2189 0 -5 20 -15
2189 0 0 -5 10 -5
2189 2189 0 -5 0 5
2189 -2189 0 -4 16 -12
2189 0 0 -4 8 -4
2189 2189 0 -4 0 4
2189 -2189 0 -3 12 -9
2189 0 0 -3 6 -3
2189 2189 0 -3 0 3
2189 -2189 0 -2 8 -6
2189 0 0 -2 4 -2
2189 2189 0 -2 0 2
2189 -2189 0 -1 4 -3
2189 0 0 -1 2 -1
2189 2189 0 -1 0 1
2189 -2189 -1 1 -4 4
2189 -2189 0 1 -4 3
2189 -2189 1 1 -4 4
2189 0 0 1 -2 1
2189 2189 0 1 0 -1
2189 -2189 0 2 -8 6
2189 0 0 2 -4 2
2189 2189 0 2 0 -2
2189 -2189 0 3 -12 9
2189 0 0 3 -6 3
2189 2189 0 3 0 -3
2189 -2189 -2 4 -16 16
2189 -2189 0 4 -16 12
2189 -2189 2 4 -16 16
2189 0 0 4 -8 4
2189 2189 0 4 0 -4
2189 -2189 0 5 -20 15
2189 0 0 5 -10 5
2189 2189 0 5 0 -5
2189 -2189 0 6 -24 18
2189 0 0 6 -12 6
2189 2189 0 6 0 -6
2189 -2189 0 7 -28 21
2189 0 0 7 -14 7
2189 2189 0 7 0 -7
2189 -2189 0 8 -32 24
2189 0 0 8 -16 8
2189 2189 0 8 0 -8
2189 -2189 -3 9 -36 36
2189 -2189 0 9 -36 27
2189 -2189 3 9 -36 36
2189 0 0 9 -18 9
2189 2189 0 9 0 -9
2189 -2189 0 10 -40 30
2189 0 0 10 -20 10
2189 2189 0 10 0 -10
2189 -2189 0 11 -44 33
2189 -1990 0 11 -42 31
2189 -1791 0 11 -40 29
2189 -1592 0 11 -38 27
2189 -1393 0 11 -36 25
2189 -1194 0 11 -34 23
2189 -995 0 11 -32 21
2189 -796 0 11 -30 19
2189 -597 0 11 -28 17
2189 -398 0 11 -26 15
2189 -199 0 11 -24 13
2189 0 0 11 -22 11
2189 199 0 11 -20 9
2189 398 0 11 -18 7
2189 597 0 11 -16 5
2189 796 0 11 -14 3
2189 995 0 11 -12 1
2189 1194 0 11 -10 -1
2189 1393 0 11 -8 -3
2189 1592 0 11 -6 -5
2189 1791 0 11 -4 -7
2189 1990 0 11 -2 -9
2189 2189 0 11 0 -11
2189 -2189 0 12 -48 36
2189 0 0 12 -24 12
2189 2189 0 12 0 -12
2189 -2189 0 13 -52 39
2189 0 0 13 -26 13
2189 2189 0 13 0 -13
2189 -2189 0 14 -56 42
2189 0 0 14 -28 14
2189 2189 0 14 0 -14
2189 -2189 0 15 -60 45
2189 0 0 15 -30 15
2189 2189 0 15 0 -15
2189 -2189 -4 16 -64 64
2189 -2189 0 16 -64 48
2189 -2189 4 16 -64 64
2189 0 0 16 -32 16
2189 2189 0 16 0 -16
2189 -2189 0 17 -68 51
2189 0 0 17 -34 17
2189 2189 0 17 0 -17
2189 -2189 0 18 -72 54
2189 0 0 18 -36 18
2189 2189 0 18 0 -18
2189 -2189 0 19 -76 57
2189 0 0 19 -38 19
2189 2189 0 19 0 -19
2189 -2189 0 20 -80 60
2189 0 0 20 -40 20
2189 2189 0 20 0 -20
2189 -2189 0 21 -84 63
2189 0 0 21 -42 21
2189 2189 0 21 0 -21
2189 -2189 0 22 -88 66
2189 -1990 0 22 -84 62
2189 -1791 0 22 -80 58
2189 -1592 0 22 -76 54
2189 -1393 0 22 -72 50
2189 -1194 0 22 -68 46
2189 -995 0 22 -64 42
2189 -796 0 22 -60 38
2189 -597 0 22 -56 34
2189 -398 0 22 -52 30
2189 -199 0 22 -48 26
2189 0 0 22 -44 22
2189 199 0 22 -40 18
2189 398 0 22 -36 14
2189 597 0 22 -32 10
2189 796 0 22 -28 6
2189 995 0 22 -24 2
2189 1194 0 22 -20 -2
2189 1393 0 22 -16 -6
2189 1592 0 22 -12 -10
2189 1791 0 22 -8 -14
2189 1990 0 22 -4 -18
2189 2189 0 22 0 -22
2189 -2189 0 23 -92 69
2189 0 0 23 -46 23
2189 2189 0 23 0 -23
2189 -2189 0 24 -96 72
2189 0 0 24 -48 24
2189 2189 0 24 0 -24
2189 -2189 -5 25 -100 100
2189 -2189 0 25 -100 75
2189 -2189 5 25 -100 100
2189 0 0 25 -50 25
2189 2189 0 25 0 -25
2189 -2189 0 26 -104 78
2189 0 0 26 -52 26
2189 2189 0 26 0 -26
2189 -2189 0 27 -108 81
2189 0 0 27 -54 27
2189 2189 0 27 0 -27
2189 -2189 0 28 -112 84
2189 0 0 28 -56 28
2189 2189 0 28 0 -28
2189 -2189 0 29 -116 87
2189 0 0 29 -58 29
2189 2189 0 29 0 -29
2189 -2189 0 30 -120 90
2189 0 0 30 -60 30
2189 2189 0 30 0 -30
2189 -2189 0 31 -124 93
2189 0 0 31 -62 31
2189 2189 0 31 0 -31
2189 -2189 0 32 -128 96
2189 0 0 32 -64 32
2189 2189 0 32 0 -32
2189 -2189 0 33 -132 99
2189 -1990 0 33 -126 93
2189 -1791 0 33 -120 87
2189 -1592 0 33 -114 81
2189 -1393 0 33 -108 75
2189 -1194 0 33 -102 69
2189 -995 0 33 -96 63
2189 -796 0 33 -90 57
2189 -597 0 33 -84 51
2189 -398 0 33 -78 45
2189 -199 0 33 -72 39
2189 0 0 33 -66 33
2189 199 0 33 -60 27
2189 398 0 33 -54 21
2189 597 0 33 -48 15
2189 796 0 33 -42 9
2189 995 0 33 -36 3
2189 1194 0 33 -30 -3
2189 1393 0 33 -24 -9
2189 1592 0 33 -18 -15
2189 1791 0 33 -12 -21
2189 1990 0 33 -6 -27
2189 2189 0 33 0 -33
2189 -2189 0 34 -136 102
2189 0 0 34 -68 34
2189 2189 0 34 0 -34
2189 -2189 0 35 -140 105
2189 0 0 35 -70 35
2189 2189 0 35 0 -35
2189 -2189 -6 36 -144 144
2189 -2189 0 36 -144 108
2189 -2189 6 36 -144 144
2189 0 0 36 -72 36
2189 2189 0 36 0 -36
2189 -2189 0 37 -148 111
2189 0 0 37 -74 37
2189 2189 0 37 0 -37
2189 -2189 0 38 -152 114
2189 0 0 38 -76 38
2189 2189 0 38 0 -38
2189 -2189 0 39 -156 117
2189 0 0 39 -78 39
2189 2189 0 39 0 -39
2189 -2189 0 40 -160 120
2189 0 0 40 -80 40
2189 2189 0 40 0 -40
2189 -2189 0 41 -164 123
2189 0 0 41 -82 41
2189 2189 0 41 0 -41
2189 -2189 0 42 -168 126
2189 0 0 42 -84 42
2189 2189 0 42 0 -42
2189 -2189 0 43 -172 129
2189 0 0 43 -86 43
2189 2189 0 43 0 -43
2189 -2189 0 44 -176 132
2189 -1990 0 44 -168 124
2189 -1791 0 44 -160 116
2189 -1592 0 44 -152 108
2189 -1393 0 44 -144 100
2189 -1194 0 44 -136 92
2189 -995 0 44 -128 84
2189 -796 0 44 -120 76
2189 -597 0 44 -112 68
2189 -398 0 44 -104 60
2189 -199 0 44 -96 52
2189 0 0 44 -88 44
2189 199 0 44 -80 36
2189 398 0 44 -72 28
2189 597 0 44 -64 20
2189 796 0 44 -56 12
2189 995 0 44 -48 4
2189 1194 0 44 -40 -4
2189 1393 0 44 -32 -12
2189 1592 0 44 -24 -20
2189 1791 0 44 -16 -28
2189 1990 0 44 -8 -36
2189 2189 0 44 0 -44
2189 -2189 0 45 -180 135
2189 0 0 45 -90 45
2189 2189 0 45 0 -45
2189 -2189 0 46 -184 138
2189 0 0 46 -92 46
2189 2189 0 46 0 -46
2189 -2189 0 47 -188 141
2189 0 0 47 -94 47
2189 2189 0 47 0 -47
2189 -2189 0 48 -192 144
2189 0 0 48 -96 48
2189 2189 0 48 0 -48
2189 -2189 -7 49 -196 196
2189 -2189 0 49 -196 147
2189 -2189 7 49 -196 196
2189 0 0 49 -98 49
2189 2189 0 49 0 -49
2189 -2189 0 50 -200 150
2189 0 0 50 -100 50
2189 2189 0 50 0 -50
2189 -2189 0 51 -204 153
2189 0 0 51 -102 51
2189 2189 0 51 0 -51
2189 -2189 0 52 -208 156
2189 0 0 52 -104 52
2189 2189 0 52 0 -52
2189 -2189 0 53 -212 159
2189 0 0 53 -106 53
2189 2189 0 53 0 -53
2189 -2189 0 54 -216 162
2189 0 0 54 -108 54
2189 2189 0 54 0 -54
2189 -2189 0 55 -220 165
2189 -1990 0 55 -210 155
2189 -1791 0 55 -200 145
2189 -1592 0 55 -190 135
2189 -1393 0 55 -180 125
2189 -1194 0 55 -170 115
2189 -995 0 55 -160 105
2189 -796 0 55 -150 95
2189 -597 0 55 -140 85
2189 -398 0 55 -130 75
2189 -199 0 55 -120 65
2189 0 0 55 -110 55
2189 199 0 55 -100 45
2189 398 0 55 -90 35
2189 597 0 55 -80 25
2189 796 0 55 -70 15
2189 995 0 55 -60 5
2189 1194 0 55 -50 -5
2189 1393 0 55 -40 -15
2189 1592 0 55 -30 -25
2189 1791 0 55 -20 -35
2189 1990 0 55 -10 -45
2189 2189 0 55 0 -55
2189 -2189 0 56 -224 168
2189 0 0 56 -112 56
2189 2189 0 56 0 -56
2189 -2189 0 57 -228 171
2189 0 0 57 -114 57
2189 2189 0 57 0 -57
2189 -2189 0 58 -232 174
2189 0 0 58 -116 58
2189 2189 0 58 0 -58
2189 -2189 0 59 -236 177
2189 0 0 59 -118 59
2189 2189 0 59 0 -59
2189 -2189 0 60 -240 180
2189 0 0 60 -120 60
2189 2189 0 60 0 -60
2190 -2190 0 -60 240 -180
2190 -2117 0 -60 236 -176
2190 -2044 0 -60 232 -172
2190 -1971 0 -60 228 -168
2190 -1898 0 -60 224 -164
2190 -1825 0 -60 220 -160
2190 -1752 0 -60 216 -156
2190 -1679 0 -60 212 -152
2190 -1606 0 -60 208 -148
2190 -1533 0 -60 204 -144
2190 -1460 0 -60 200 -140
2190 -1387 0 -60 196 -136
2190 -1314 0 -60 192 -132
2190 -1241 0 -60 188 -128
2190 -1168 0 -60 184 -124
2190 -1095 0 -60 180 -120
2190 -1022 0 -60 176 -116
2190 -949 0 -60 172 -112
2190 -876 0 -60 168 -108
2190 -803 0 -60 164 -104
2190 -730 0 -60 160 -100
2190 -657 0 -60 156 -96
2190 -584 0 -60 152 -92
2190 -511 0 -60 148 -88
2190 -438 0 -60 144 -84
2190 -365 0 -60 140 -80
2190 -292 0 -60 136 -76
2190 -219 0 -60 132 -72
2190 -146 0 -60 128 -68
2190 -73 0 -60 124 -64
2190 0 0 -60 120 -60
2190 73 0 -60 116 -56
2190 146 0 -60 112 -52
2190 219 0 -60 108 -48
2190 292 0 -60 104 -44
2190 365 0 -60 100 -40
2190 438 0 -60 96 -36
2190 511 0 -60 92 -32
2190 584 0 -60 88 -28
2190 657 0 -60 84 -24
2190 730 0 -60 80 -20
2190 803 0 -60 76 -16
2190 876 0 -60 72 -12
2190 949 0 -60 68 -8
2190 1022 0 -60 64 -4
2190 1095 0 -60 60 0
2190 1168 0 -60 56 4
2190 1241 0 -60 52 8
2190 1314 0 -60 48 12
2190 1387 0 -60 44 16
2190 1460 0 -60 40 20
2190 1533 0 -60 36 24
2190 1606 0 -60 32 28
2190 1679 0 -60 28 32
2190 1752 0 -60 24 36
2190 1825 0 -60 20 40
2190 1898 0 -60 16 44
2190 1971 0 -60 12 48
2190 2044 0 -60 8 52
2190 2117 0 -60 4 56
2190 2190 0 -60 0 60
2190 -2190 0 -59 236 -177
2190 -1095 0 -59 177 -118
2190 0 0 -59 118 -59
2190 1095 0 -59 59 0
2190 2190 0 -59 0 59
2190 -2190 0 -58 232 -174
2190 -1095 0 -58 174 -116
2190 0 0 -58 116 -58
2190 1095 0 -58 58 0
2190 2190 0 -58 0 58
2190 -2190 0 -57 228 -171
2190 -1825 0 -57 209 -152
2190 -1460 0 -57 190 -133
2190 -1095 0 -57 171 -114
2190 -730 0 -57 152 -95
2190 -365 0 -57 133 -76
2190 0 0 -57 114 -57
2190 365 0 -57 95 -38
2190 730 0 -57 76 -19
2190 1095 0 -57 57 0
2190 1460 0 -57 38 19
2190 1825 0 -57 19 38
2190 2190 0 -57 0 57
2190 -2190 0 -56 224 -168
2190 -1095 0 -56 168 -112
2190 0 0 -56 112 -56
2190 1095 0 -56 56 0
2190 2190 0 -56 0 56
2190 -2190 0 -55 220 -165
2190 -1971 0 -55 209 -154
2190 -1752 0 -55 198 -143
2190 -1533 0 -55 187 -132
2190 -1314 0 -55 176 -121
2190 -1095 0 -55 165 -110
2190 -876 0 -55 154 -99
2190 -657 0 -55 143 -88
2190 -438 0 -55 132 -77
2190 -219 0 -55 121 -66
2190 0 0 -55 110 -55
2190 219 0 -55 99 -44
2190 438 0 -55 88 -33
2190 657 0 -55 77 -22
2190 876 0 -55 66 -11
2190 1095 0 -55 55 0
2190 1314 0 -55 44 11
2190 1533 0 -55 33 22
2190 1752 0 -55 22 33
2190 1971 0 -55 11 44
2190 2190 0 -55 0 55
2190 -2190 0 -54 216 -162
2190 -1825 0 -54 198 -144
2190 -1460 0 -54 180 -126
2190 -1095 0 -54 162 -108
2190 -730 0 -54 144 -90
2190 -365 0 -54 126 -72
2190 0 0 -54 108 -54
2190 365 0 -54 90 -36
2190 730 0 -54 72 -18
2190 1095 0 -54 54 0
2190 1460 0 -54 36 18
2190 1825 0 -54 18 36
2190 2190 0 -54 0 54
2190 -2190 0 -53 212 -159
2190 -1095 0 -53 159 -106
2190 0 0 -53 106 -53
2190 1095 0 -53 53 0
2190 2190 0 -53 0 53
2190 -2190 0 -52 208 -156
2190 -1095 0 -52 156 -104
2190 0 0 -52 104 -52
2190 1095 0 -52 52 0
2190 2190 0 -52 0 52
2190 -2190 0 -51 204 -153
2190 -1825 0 -51 187 -136
2190 -1460 0 -51 170 -119
2190 -1095 0 -51 153 -102
2190 -730 0 -51 136 -85
2190 -365 0 -51 119 -68
2190 0 0 -51 102 -51
2190 365 0 -51 85 -34
2190 730 0 -51 68 -17
2190 1095 0 -51 51 0
2190 1460 0 -51 34 17
2190 1825 0 -51 17 34
2190 2190 0 -51 0 51
2190 -2190 0 -50 200 -150
2190 -1971 0 -50 190 -140
2190 -1752 0 -50 180 -130
2190 -1533 0 -50 170 -120
2190 -1314 0 -50 160 -110
2190 -1095 0 -50 150 -100
2190 -876 0 -50 140 -90
2190 -657 0 -50 130 -80
2190 -438 0 -50 120 -70
2190 -219 0 -50 110 -60
2190 0 0 -50 100 -50
2190 219 0 -50 90 -40
2190 438 0 -50 80 -30
2190 657 0 -50 70 -20
2190 876 0 -50 60 -10
2190 1095 0 -50 50 0
2190 1314 0 -50 40 10
2190 1533 0 -50 30 20
2190 1752 0 -50 20 30
2190 1971 0 -50 10 40
2190 2190 0 -50 0 50
2190 -2190 0 -49 196 -147
2190 -1095 0 -49 147 -98
2190 0 0 -49 98 -49
2190 1095 0 -49 49 0
2190 2190 0 -49 0 49
2190 -2190 0 -48 192 -144
2190 -1825 0 -48 176 -128
2190 -1460 0 -48 160 -112
2190 -1095 0 -48 144 -96
2190 -730 0 -48 128 -80
2190 -365 0 -48 112 -64
2190 0 0 -48 96 -48
2190 365 0 -48 80 -32
2190 730 0 -48 64 -16
2190 1095 0 -48 48 0
2190 1460 0 -48 32 16
2190 1825 0 -48 16 32
2190 2190 0 -48 0 48
2190 -2190 0 -47 188 -141
2190 -1095 0 -47 141 -94
2190 0 0 -47 94 -47
2190 1095 0 -47 47 0
2190 2190 0 -47 0 47
2190 -2190 0 -46 184 -138
2190 -1095 0 -46 138 -92
2190 0 0 -46 92 -46
2190 1095 0 -46 46 0
2190 2190 0 -46 0 46
2190 -2190 0 -45 180 -135
2190 -2117 0 -45 177 -132
2190 -2044 0 -45 174 -129
2190 -1971 0 -45 171 -126
2190 -1898 0 -45 168 -123
2190 -1825 0 -45 165 -120
2190 -1752 0 -45 162 -117
2190 -1679 0 -45 159 -114
2190 -1606 0 -45 156 -111
2190 -1533 0 -45 153 -108
2190 -1460 0 -45 150 -105
2190 -1387 0 -45 147 -102
2190 -1314 0 -45 144 -99
2190 -1241 0 -45 141 -96
2190 -1168 0 -45 138 -93
2190 -1095 0 -45 135 -90
2190 -1022 0 -45 132 -87
2190 -949 0 -45 129 -84
2190 -876 0 -45 126 -81
2190 -803 0 -45 123 -78
2190 -730 0 -45 120 -75
2190 -657 0 -45 117 -72
2190 -584 0 -45 114 -69
2190 -511 0 -45 111 -66
2190 -438 0 -45 108 -63
2190 -365 0 -45 105 -60
2190 -292 0 -45 102 -57
2190 -219 0 -45 99 -54
2190 -146 0 -45 96 -51
2190 -73 0 -45 93 -48
2190 0 0 -45 90 -45
2190 73 0 -45 87 -42
2190 146 0 -45 84 -39
2190 219 0 -45 81 -36
2190 292 0 -45 78 -33
2190 365 0 -45 75 -30
2190 438 0 -45 72 -27
2190 511 0 -45 69 -24
2190 584 0 -45 66 -21
2190 657 0 -45 63 -18
2190 730 0 -45 60 -15
2190 803 0 -45 57 -12
2190 876 0 -45 54 -9
2190 949 0 -45 51 -6
2190 1022 0 -45 48 -3
2190 1095 0 -45 45 0
2190 1168 0 -45 42 3
2190 1241 0 -45 39 6
2190 1314 0 -45 36 9
2190 1387 0 -45 33 12
2190 1460 0 -45 30 15
2190 1533 0 -45 27 18
2190 1606 0 -45 24 21
2190 1679 0 -45 21 24
2190 1752 0 -45 18 27
2190 1825 0 -45 15 30
2190 1898 0 -45 12 33
2190 1971 0 -45 9 36
2190 2044 0 -45 6 39
2190 2117 0 -45 3 42
2190 2190 0 -45 0 45
2190 -2190 0 -44 176 -132
2190 -1095 0 -44 132 -88
2190 0 0 -44 88 -44
2190 1095 0 -44 44 0
2190 2190 0 -44 0 44
2190 -2190 0 -43 172 -129
2190 -1095 0 -43 129 -86
2190 0 0 -43 86 -43
2190 1095 0 -43 43 0
2190 2190 0 -43 0 43
2190 -2190 0 -42 168 -126
2190 -1825 0 -42 154 -112
2190 -1460 0 -42 140 -98
2190 -1095 0 -42 126 -84
2190 -730 0 -42 112 -70
2190 -365 0 -42 98 -56
2190 0 0 -42 84 -42
2190 365 0 -42 70 -28
2190 730 0 -42 56 -14
2190 1095 0 -42 42 0
2190 1460 0 -42 28 14
2190 1825 0 -42 14 28
2190 2190 0 -42 0 42
2190 -2190 0 -41 164 -123
2190 -1095 0 -41 123 -82
2190 0 0 -41 82 -41
2190 1095 0 -41 41 0
2190 2190 0 -41 0 41
2190 -2190 0 -40 160 -120
2190 -1971 0 -40 152 -112
2190 -1752 0 -40 144 -104
2190 -1533 0 -40 136 -96
2190 -1314 0 -40 128 -88
2190 -1095 0 -40 120 -80
2190 -876 0 -40 112 -72
2190 -657 0 -40 104 -64
2190 -438 0 -40 96 -56
2190 -219 0 -40 88 -48
2190 0 0 -40 80 -40
2190 219 0 -40 72 -32
2190 438 0 -40 64 -24
2190 657 0 -40 56 -16
2190 876 0 -40 48 -8
2190 1095 0 -40 40 0
2190 1314 0 -40 32 8
2190 1533 0 -40 24 16
2190 1752 0 -40 16 24
2190 1971 0 -40 8 32
2190 2190 0 -40 0 40
2190 -2190 0 -39 156 -117
2190 -1825 0 -39 143 -104
2190 -1460 0 -39 130 -91
2190 -1095 0 -39 117 -78
2190 -730 0 -39 104 -65
2190 -365 0 -39 91 -52
2190 0 0 -39 78 -39
2190 365 0 -39 65 -26
2190 730 0 -39 52 -13
2190 1095 0 -39 39 0
2190 1460 0 -39 26 13
2190 1825 0 -39 13 26
2190 2190 0 -39 0 39
2190 -2190 0 -38 152 -114
2190 -1095 0 -38 114 -76
2190 0 0 -38 76 -38
2190 1095 0 -38 38 0
2190 2190 0 -38 0 38
2190 -2190 0 -37 148 -111
2190 -1095 0 -37 111 -74
2190 0 0 -37 74 -37
2190 1095 0 -37 37 0
2190 2190 0 -37 0 37
2190 -2190 0 -36 144 -108
2190 -1825 0 -36 132 -96
2190 -1460 0 -36 120 -84
2190 -1095 0 -36 108 -72
2190 -730 0 -36 96 -60
2190 -365 0 -36 84 -48
2190 0 0 -36 72 -36
2190 365 0 -36 60 -24
2190 730 0 -36 48 -12
2190 1095 0 -36 36 0
2190 1460 0 -36 24 12
2190 1825 0 -36 12 24
2190 2190 0 -36 0 36
2190 -2190 0 -35 140 -105
2190 -1971 0 -35 133 -98
2190 -1752 0 -35 126 -91
2190 -1533 0 -35 119 -84
2190 -1314 0 -35 112 -77
2190 -1095 0 -35 105 -70
2190 -876 0 -35 98 -63
2190 -657 0 -35 91 -56
2190 -438 0 -35 84 -49
2190 -219 0 -35 77 -42
2190 0 0 -35 70 -35
2190 219 0 -35 63 -28
2190 438 0 -35 56 -21
2190 657 0 -35 49 -14
2190 876 0 -35 42 -7
2190 1095 0 -35 35 0
2190 1314 0 -35 28 7
2190 1533 0 -35 21 14
2190 1752 0 -35 14 21
2190 1971 0 -35 7 28
2190 2190 0 -35 0 35
2190 -2190 0 -34 136 -102
2190 -1095 0 -34 102 -68
2190 0 0 -34 68 -34
2190 1095 0 -34 34 0
2190 2190 0 -34 0 34
2190 -2190 0 -33 132 -99
2190 -1825 0 -33 121 -88
2190 -1460 0 -33 110 -77
2190 -1095 0 -33 99 -66
2190 -730 0 -33 88 -55
2190 -365 0 -33 77 -44
2190 0 0 -33 66 -33
2190 365 0 -33 55 -22
2190 730 0 -33 44 -11
2190 1095 0 -33 33 0
2190 1460 0 -33 22 11
2190 1825 0 -33 11 22
2190 2190 0 -33 0 33
2190 -2190 0 -32 128 -96
2190 -1095 0 -32 96 -64
2190 0 0 -32 64 -32
2190 1095 0 -32 32 0
2190 2190 0 -32 0 32
2190 -2190 0 -31 124 -93
2190 -1095 0 -31 93 -62
2190 0 0 -31 62 -31
2190 1095 0 -31 31 0
2190 2190 0 -31 0 31
2190 -2190 0 -30 120 -90
2190 -2117 0 -30 118 -88
2190 -2044 0 -30 116 -86
2190 -1971 0 -30 114 -84
2190 -1898 0 -30 112 -82
2190 -1825 0 -30 110 -80
2190 -1752 0 -30 108 -78
2190 -1679 0 -30 106 -76
2190 -1606 0 -30 104 -74
2190 -1533 0 -30 102 -72
2190 -1460 0 -30 100 -70
2190 -1387 0 -30 98 -68
2190 -1314 0 -30 96 -66
2190 -1241 0 -30 94 -64
2190 -1168 0 -30 92 -62
2190 -1095 0 -30 90 -60
2190 -1022 0 -30 88 -58
2190 -949 0 -30 86 -56
2190 -876 0 -30 84 -54
2190 -803 0 -30 82 -52
2190 -730 0 -30 80 -50
2190 -657 0 -30 78 -48
2190 -584 0 -30 76 -46
2190 -511 0 -30 74 -44
2190 -438 0 -30 72 -42
2190 -365 0 -30 70 -40
2190 -292 0 -30 68 -38
2190 -219 0 -30 66 -36
2190 -146 0 -30 64 -34
2190 -73 0 -30 62 -32
2190 0 0 -30 60 -30
2190 73 0 -30 58 -28
2190 146 0 -30 56 -26
2190 219 0 -30 54 -24
2190 292 0 -30 52 -22
2190 365 0 -30 50 -20
2190 438 0 -30 48 -18
2190 511 0 -30 46 -16
2190 584 0 -30 44 -14
2190 657 0 -30 42 -12
2190 730 0 -30 40 -10
2190 803 0 -30 38 -8
2190 876 0 -30 36 -6
2190 949 0 -30 34 -4
2190 1022 0 -30 32 -2
2190 1095 0 -30 30 0
2190 1168 0 -30 28 2
2190 1241 0 -30 26 4
2190 1314 0 -30 24 6
2190 1387 0 -30 22 8
2190 1460 0 -30 20 10
2190 1533 0 -30 18 12
2190 1606 0 -30 16 14
2190 1679 0 -30 14 16
2190 1752 0 -30 12 18
2190 1825 0 -30 10 20
2190 1898 0 -30 8 22
2190 1971 0 -30 6 24
2190 2044 0 -30 4 26
2190 2117 0 -30 2 28
2190 2190 0 -30 0 30
2190 -2190 0 -29 116 -87
2190 -1095 0 -29 87 -58
2190 0 0 -29 58 -29
2190 1095 0 -29 29 0
2190 2190 0 -29 0 29
2190 -2190 0 -28 112 -84
2190 -1095 0 -28 84 -56
2190 0 0 -28 56 -28
2190 1095 0 -28 28 0
2190 2190 0 -28 0 28
2190 -2190 0 -27 108 -81
2190 -1825 0 -27 99 -72
2190 -1460 0 -27 90 -63
2190 -1095 0 -27 81 -54
2190 -730 0 -27 72 -45
2190 -365 0 -27 63 -36
2190 0 0 -27 54 -27
2190 365 0 -27 45 -18
2190 730 0 -27 36 -9
2190 1095 0 -27 27 0
2190 1460 0 -27 18 9
2190 1825 0 -27 9 18
2190 2190 0 -27 0 27
2190 -2190 0 -26 104 -78
2190 -1095 0 -26 78 -52
2190 0 0 -26 52 -26
2190 1095 0 -26 26 0
2190 2190 0 -26 0 26
2190 -2190 0 -25 100 -75
2190 -1971 0 -25 95 -70
2190 -1752 0 -25 90 -65
2190 -1533 0 -25 85 -60
2190 -1314 0 -25 80 -55
2190 -1095 0 -25 75 -50
2190 -876 0 -25 70 -45
2190 -657 0 -25 65 -40
2190 -438 0 -25 60 -35
2190 -219 0 -25 55 -30
2190 0 0 -25 50 -25
2190 219 0 -25 45 -20
2190 438 0 -25 40 -15
2190 657 0 -25 35 -10
2190 876 0 -25 30 -5
2190 1095 0 -25 25 0
2190 1314 0 -25 20 5
2190 1533 0 -25 15 10
2190 1752 0 -25 10 15
2190 1971 0 -25 5 20
2190 2190 0 -25 0 25
2190 -2190 0 -24 96 -72
2190 -1825 0 -24 88 -64
2190 -1460 0 -24 80 -56
2190 -1095 0 -24 72 -48
2190 -730 0 -24 64 -40
2190 -365 0 -24 56 -32
2190 0 0 -24 48 -24
2190 365 0 -24 40 -16
2190 730 0 -24 32 -8
2190 1095 0 -24 24 0
2190 1460 0 -24 16 8
2190 1825 0 -24 8 16
2190 2190 0 -24 0 24
2190 -2190 0 -23 92 -69
2190 -1095 0 -23 69 -46
2190 0 0 -23 46 -23
2190 1095 0 -23 23 0
2190 2190 0 -23 0 23
2190 -2190 0 -22 88 -66
2190 -1095 0 -22 66 -44
2190 0 0 -22 44 -22
2190 1095 0 -22 22 0
2190 2190 0 -22 0 22
2190 -2190 0 -21 84 -63
2190 -1825 0 -21 77 -56
2190 -1460 0 -21 70 -49
2190 -1095 0 -21 63 -42
2190 -730 0 -21 56 -35
2190 -365 0 -21 49 -28
2190 0 0 -21 42 -21
2190 365 0 -21 35 -14
2190 730 0 -21 28 -7
2190 1095 0 -21 21 0
2190 1460 0 -21 14 7
2190 1825 0 -21 7 14
2190 2190 0 -21 0 21
2190 -2190 0 -20 80 -60
2190 -1971 0 -20 76 -56
2190 -1752 0 -20 72 -52
2190 -1533 0 -20 68 -48
2190 -1314 0 -20 64 -44
2190 -1095 0 -20 60 -40
2190 -876 0 -20 56 -36
2190 -657 0 -20 52 -32
2190 -438 0 -20 48 -28
2190 -219 0 -20 44 -24
2190 0 0 -20 40 -20
2190 219 0 -20 36 -16
2190 438 0 -20 32 -12
2190 657 0 -20 28 -8
2190 876 0 -20 24 -4
2190 1095 0 -20 20 0
2190 1314 0 -20 16 4
2190 1533 0 -20 12 8
2190 1752 0 -20 8 12
2190 1971 0 -20 4 16
2190 2190 0 -20 0 20
2190 -2190 0 -19 76 -57
2190 -1095 0 -19 57 -38
2190 0 0 -19 38 -19
2190 1095 0 -19 19 0
2190 2190 0 -19 0 19
2190 -2190 0 -18 72 -54
2190 -1825 0 -18 66 -48
2190 -1460 0 -18 60 -42
2190 -1095 0 -18 54 -36
2190 -730 0 -18 48 -30
2190 -365 0 -18 42 -24
2190 0 0 -18 36 -18
2190 365 0 -18 30 -12
2190 730 0 -18 24 -6
2190 1095 0 -18 18 0
2190 1460 0 -18 12 6
2190 1825 0 -18 6 12
2190 2190 0 -18 0 18
2190 -2190 0 -17 68 -51
2190 -1095 0 -17 51 -34
2190 0 0 -17 34 -17
2190 1095 0 -17 17 0
2190 2190 0 -17 0 17
2190 -2190 0 -16 64 -48
2190 -1095 0 -16 48 -32
2190 0 0 -16 32 -16
2190 1095 0 -16 16 0
2190 2190 0 -16 0 16
2190 -2190 0 -15 60 -45
2190 -2117 0 -15 59 -44
2190 -2044 0 -15 58 -43
2190 -1971 0 -15 57 -42
2190 -1898 0 -15 56 -41
2190 -1825 0 -15 55 -40
2190 -1752 0 -15 54 -39
2190 -1679 0 -15 53 -38
2190 -1606 0 -15 52 -37
2190 -1533 0 -15 51 -36
2190 -1460 0 -15 50 -35
2190 -1387 0 -15 49 -34
2190 -1314 0 -15 48 -33
2190 -1241 0 -15 47 -32
2190 -1168 0 -15 46 -31
2190 -1095 0 -15 45 -30
2190 -1022 0 -15 44 -29
2190 -949 0 -15 43 -28
2190 -876 0 -15 42 -27
2190 -803 0 -15 41 -26
2190 -730 0 -15 40 -25
2190 -657 0 -15 39 -24
2190 -584 0 -15 38 -23
2190 -511 0 -15 37 -22
2190 -438 0 -15 36 -21
2190 -365 0 -15 35 -20
2190 -292 0 -15 34 -19
2190 -219 0 -15 33 -18
2190 -146 0 -15 32 -17
2190 -73 0 -15 31 -16
2190 0 0 -15 30 -15
2190 73 0 -15 29 -14
2190 146 0 -15 28 -13
2190 219 0 -15 27 -12
2190 292 0 -15 26 -11
2190 365 0 -15 25 -10
2190 438 0 -15 24 -9
2190 511 0 -15 23 -8
2190 584 0 -15 22 -7
2190 657 0 -15 21 -6
2190 730 0 -15 20 -5
2190 803 0 -15 19 -4
2190 876 0 -15 18 -3
2190 949 0 -15 17 -2
2190 1022 0 -15 16 -1
2190 1095 0 -15 15 0
2190 1168 0 -15 14 1
2190 1241 0 -15 13 2
2190 1314 0 -15 12 3
2190 1387 0 -15 11 4
2190 1460 0 -15 10 5
2190 1533 0 -15 9 6
2190 1606 0 -15 8 7
2190 1679 0 -15 7 8
2190 1752 0 -15 6 9
2190 1825 0 -15 5 10
2190 1898 0 -15 4 11
2190 1971 0 -15 3 12
2190 2044 0 -15 2 13
2190 2117 0 -15 1 14
2190 2190 0 -15 0 15
2190 -2190 0 -14 56 -42
2190 -1095 0 -14 42 -28
2190 0 0 -14 28 -14
2190 1095 0 -14 14 0
2190 2190 0 -14 0 14
2190 -2190 0 -13 52 -39
2190 -1095 0 -13 39 -26
2190 0 0 -13 26 -13
2190 1095 0 -13 13 0
2190 2190 0 -13 0 13
2190 -2190 0 -12 48 -36
2190 -1825 0 -12 44 -32
2190 -1460 0 -12 40 -28
2190 -1095 0 -12 36 -24
2190 -730 0 -12 32 -20
2190 -365 0 -12 28 -16
2190 0 0 -12 24 -12
2190 365 0 -12 20 -8
2190 730 0 -12 16 -4
2190 1095 0 -12 12 0
2190 1460 0 -12 8 4
2190 1825 0 -12 4 8
2190 2190 0 -12 0 12
2190 -2190 0 -11 44 -33
2190 -1095 0 -11 33 -22
2190 0 0 -11 22 -11
2190 1095 0 -11 11 0
2190 2190 0 -11 0 11
2190 -2190 0 -10 40 -30
2190 -1971 0 -10 38 -28
2190 -1752 0 -10 36 -26
2190 -1533 0 -10 34 -24
2190 -1314 0 -10 32 -22
2190 -1095 0 -10 30 -20
2190 -876 0 -10 28 -18
2190 -657 0 -10 26 -16
2190 -438 0 -10 24 -14
2190 -219 0 -10 22 -12
2190 0 0 -10 20 -10
2190 219 0 -10 18 -8
2190 438 0 -10 16 -6
2190 657 0 -10 14 -4
2190 876 0 -10 12 -2
2190 1095 0 -10 10 0
2190 1314 0 -10 8 2
2190 1533 0 -10 6 4
2190 1752 0 -10 4 6
2190 1971 0 -10 2 8
2190 2190 0 -10 0 10
2190 -2190 0 -9 36 -27
2190 -1825 0 -9 33 -24
2190 -1460 0 -9 30 -21
2190 -1095 0 -9 27 -18
2190 -730 0 -9 24 -15
2190 -365 0 -9 21 -12
2190 0 0 -9 18 -9
2190 365 0 -9 15 -6
2190 730 0 -9 12 -3
2190 1095 0 -9 9 0
2190 1460 0 -9 6 3
2190 1825 0 -9 3 6
2190 2190 0 -9 0 9
2190 -2190 0 -8 32 -24
2190 -1095 0 -8 24 -16
2190 0 0 -8 16 -8
2190 1095 0 -8 8 0
2190 2190 0 -8 0 8
2190 -2190 0 -7 28 -21
2190 -1095 0 -7 21 -14
2190 0 0 -7 14 -7
2190 1095 0 -7 7 0
2190 2190 0 -7 0 7
2190 -2190 0 -6 24 -18
2190 -1825 0 -6 22 -16
2190 -1460 0 -6 20 -14
2190 -1095 0 -6 18 -12
2190 -730 0 -6 16 -10
2190 -365 0 -6 14 -8
2190 0 0 -6 12 -6
2190 365 0 -6 10 -4
2190 730 0 -6 8 -2
2190 1095 0 -6 6 0
2190 1460 0 -6 4 2
2190 1825 0 -6 2 4
2190 2190 0 -6 0 6
2190 -2190 0 -5 20 -15
2190 -1971 0 -5 19 -14
2190 -1752 0 -5 18 -13
2190 -1533 0 -5 17 -12
2190 -1314 0 -5 16 -11
2190 -1095 0 -5 15 -10
2190 -876 0 -5 14 -9
2190 -657 0 -5 13 -8
2190 -438 0 -5 12 -7
2190 -219 0 -5 11 -6
2190 0 0 -5 10 -5
2190 219 0 -5 9 -4
2190 438 0 -5 8 -3
2190 657 0 -5 7 -2
2190 876 0 -5 6 -1
2190 1095 0 -5 5 0
2190 1314 0 -5 4 1
2190 1533 0 -5 3 2
2190 1752 0 -5 2 3
2190 1971 0 -5 1 4
2190 2190 0 -5 0 5
2190 -2190 0 -4 16 -12
2190 -1095 0 -4 12 -8
2190 0 0 -4 8 -4
2190 1095 0 -4 4 0
2190 2190 0 -4 0 4
2190 -2190 0 -3 12 -9
2190 -1825 0 -3 11 -8
2190 -1460 0 -3 10 -7
2190 -1095 0 -3 9 -6
2190 -730 0 -3 8 -5
2190 -365 0 -3 7 -4
2190 0 0 -3 6 -3
2190 365 0 -3 5 -2
2190 730 0 -3 4 -1
2190 1095 0 -3 3 0
2190 1460 0 -3 2 1
2190 1825 0 -3 1 2
2190 2190 0 -3 0 3
2190 -2190 0 -2 8 -6
2190 -1095 0 -2 6 -4
2190 0 0 -2 4 -2
2190 1095 0 -2 2 0
2190 2190 0 -2 0 2
2190 -2190 0 -1 4 -3
2190 -1095 0 -1 3 -2
2190 0 0 -1 2 -1
2190 1095 0 -1 1 0
2190 2190 0 -1 0 1
2190 -2190 -1 1 -4 4
2190 -2190 0 1 -4 3
2190 -2190 1 1 -4 4
2190 -1095 0 1 -3 2
2190 0 0 1 -2 1
2190 1095 0 1 -1 0
2190 2190 0 1 0 -1
2190 -2190 0 2 -8 6
2190 -1095 0 2 -6 4
2190 0 0 2 -4 2
2190 1095 0 2 -2 0
2190 2190 0 2 0 -2
2190 -2190 0 3 -12 9
2190 -1825 0 3 -11 8
2190 -1460 0 3 -10 7
2190 -1095 0 3 -9 6
2190 -730 0 3 -8 5
2190 -365 0 3 -7 4
2190 0 0 3 -6 3
2190 365 0 3 -5 2
2190 730 0 3 -4 1
2190 1095 0 3 -3 0
2190 1460 0 3 -2 -1
2190 1825 0 3 -1 -2
2190 2190 0 3 0 -3
2190 -2190 -2 4 -16 16
2190 -2190 0 4 -16 12
2190 -2190 2 4 -16 16
2190 -1095 0 4 -12 8
2190 0 0 4 -8 4
2190 1095 0 4 -4 0
2190 2190 0 4 0 -4
2190 -2190 0 5 -20 15
2190 -1971 0 5 -19 14
2190 -1752 0 5 -18 13
2190 -1533 0 5 -17 12
2190 -1314 0 5 -16 11
2190 -1095 0 5 -15 10
2190 -876 0 5 -14 9
2190 -657 0 5 -13 8
2190 -438 0 5 -12 7
2190 -219 0 5 -11 6
2190 0 0 5 -10 5
2190 219 0 5 -9 4
2190 438 0 5 -8 3
2190 657 0 5 -7 2
2190 876 0 5 -6 1
2190 1095 0 5 -5 0
2190 1314 0 5 -4 -1
2190 1533 0 5 -3 -2
2190 1752 0 5 -2 -3
2190 1971 0 5 -1 -4
2190 2190 0 5 0 -5
2190 -2190 0 6 -24 18
2190 -1825 0 6 -22 16
2190 -1460 0 6 -20 14
2190 -1095 0 6 -18 12
2190 -730 0 6 -16 10
2190 -365 0 6 -14 8
2190 0 0 6 -12 6
2190 365 0 6 -10 4
2190 730 0 6 -8 2
2190 1095 0 6 -6 0
2190 1460 0 6 -4 -2
2190 1825 0 6 -2 -4
2190 2190 0 6 0 -6
2190 -2190 0 7 -28 21
2190 -1095 0 7 -21 14
2190 0 0 7 -14 7
2190 1095 0 7 -7 0
2190 2190 0 7 0 -7
2190 -2190 0 8 -32 24
2190 -1095 0 8 -24 16
2190 0 0 8 -16 8
2190 1095 0 8 -8 0
2190 2190 0 8 0 -8
2190 -2190 -3 9 -36 36
2190 -2190 0 9 -36 27
2190 -2190 3 9 -36 36
2190 -1825 0 9 -33 24
2190 -1460 0 9 -30 21
2190 -1095 0 9 -27 18
2190 -730 0 9 -24 15
2190 -365 0 9 -21 12
2190 0 0 9 -18 9
2190 365 0 9 -15 6
2190 730 0 9 -12 3
2190 1095 0 9 -9 0
2190 1460 0 9 -6 -3
2190 1825 0 9 -3 -6
2190 2190 0 9 0 -9
2190 -2190 0 10 -40 30
2190 -1971 0 10 -38 28
2190 -1752 0 10 -36 26
2190 -1533 0 10 -34 24
2190 -1314 0 10 -32 22
2190 -1095 0 10 -30 20
2190 -876 0 10 -28 18
2190 -657 0 10 -26 16
2190 -438 0 10 -24 14
2190 -219 0 10 -22 12
2190 0 0 10 -20 10
2190 219 0 10 -18 8
2190 438 0 10 -16 6
2190 657 0 10 -14 4
2190 876 0 10 -12 2
2190 1095 0 10 -10 0
2190 1314 0 10 -8 -2
2190 1533 0 10 -6 -4
2190 1752 0 10 -4 -6
2190 1971 0 10 -2 -8
2190 2190 0 10 0 -10
2190 -2190 0 11 -44 33
2190 -1095 0 11 -33 22
2190 0 0 11 -22 11
2190 1095 0 11 -11 0
2190 2190 0 11 0 -11
2190 -2190 0 12 -48 36
2190 -1825 0 12 -44 32
2190 -1460 0 12 -40 28
2190 -1095 0 12 -36 24
2190 -730 0 12 -32 20
2190 -365 0 12 -28 16
2190 0 0 12 -24 12
2190 365 0 12 -20 8
2190 730 0 12 -16 4
2190 1095 0 12 -12 0
2190 1460 0 12 -8 -4
2190 1825 0 12 -4 -8
2190 2190 0 12 0 -12
2190 -2190 0 13 -52 39
2190 -1095 0 13 -39 26
2190 0 0 13 -26 13
2190 1095 0 13 -13 0
2190 2190 0 13 0 -13
2190 -2190 0 14 -56 42
2190 -1095 0 14 -42 28
2190 0 0 14 -28 14
2190 1095 0 14 -14 0
2190 2190 0 14 0 -14
2190 -2190 0 15 -60 45
2190 -2117 0 15 -59 44
2190 -2044 0 15 -58 43
2190 -1971 0 15 -57 42
2190 -1898 0 15 -56 41
2190 -1825 0 15 -55 40
2190 -1752 0 15 -54 39
2190 -1679 0 15 -53 38
2190 -1606 0 15 -52 37
2190 -1533 0 15 -51 36
2190 -1460 0 15 -50 35
2190 -1387 0 15 -49 34
2190 -1314 0 15 -48 33
2190 -1241 0 15 -47 32
2190 -1168 0 15 -46 31
2190 -1095 0 15 -45 30
2190 -1022 0 15 -44 29
2190 -949 0 15 -43 28
2190 -876 0 15 -42 27
2190 -803 0 15 -41 26
2190 -730 0 15 -40 25
2190 -657 0 15 -39 24
2190 -584 0 15 -38 23
2190 -511 0 15 -37 22
2190 -438 0 15 -36 21
2190 -365 0 15 -35 20
2190 -292 0 15 -34 19
2190 -219 0 15 -33 18
2190 -146 0 15 -32 17
2190 -73 0 15 -31 16
2190 0 0 15 -30 15
2190 73 0 15 -29 14
2190 146 0 15 -28 13
2190 219 0 15 -27 12
2190 292 0 15 -26 11
2190 365 0 15 -25 10
2190 438 0 15 -24 9
2190 511 0 15 -23 8
2190 584 0 15 -22 7
2190 657 0 15 -21 6
2190 730 0 15 -20 5
2190 803 0 15 -19 4
2190 876 0 15 -18 3
2190 949 0 15 -17 2
2190 1022 0 15 -16 1
2190 1095 0 15 -15 0
2190 1168 0 15 -14 -1
2190 1241 0 15 -13 -2
2190 1314 0 15 -12 -3
2190 1387 0 15 -11 -4
2190 1460 0 15 -10 -5
2190 1533 0 15 -9 -6
2190 1606 0 15 -8 -7
2190 1679 0 15 -7 -8
2190 1752 0 15 -6 -9
2190 1825 0 15 -5 -10
2190 1898 0 15 -4 -11
2190 1971 0 15 -3 -12
2190 2044 0 15 -2 -13
2190 2117 0 15 -1 -14
2190 2190 0 15 0 -15
2190 -2190 -4 16 -64 64
2190 -2190 0 16 -64 48
2190 -2190 4 16 -64 64
2190 -1095 0 16 -48 32
2190 0 0 16 -32 16
2190 1095 0 16 -16 0
2190 2190 0 16 0 -16
2190 -2190 0 17 -68 51
2190 -1095 0 17 -51 34
2190 0 0 17 -34 17
2190 1095 0 17 -17 0
2190 2190 0 17 0 -17
2190 -2190 0 18 -72 54
2190 -1825 0 18 -66 48
2190 -1460 0 18 -60 42
2190 -1095 0 18 -54 36
2190 -730 0 18 -48 30
2190 -365 0 18 -42 24
2190 0 0 18 -36 18
2190 365 0 18 -30 12
2190 730 0 18 -24 6
2190 1095 0 18 -18 0
2190 1460 0 18 -12 -6
2190 1825 0 18 -6 -12
2190 2190 0 18 0 -18
2190 -2190 0 19 -76 57
2190 -1095 0 19 -57 38
2190 0 0 19 -38 19
2190 1095 0 19 -19 0
2190 2190 0 19 0 -19
2190 -2190 0 20 -80 60
2190 -1971 0 20 -76 56
2190 -1752 0 20 -72 52
2190 -1533 0 20 -68 48
2190 -1314 0 20 -64 44
2190 -1095 0 20 -60 40
2190 -876 0 20 -56 36
2190 -657 0 20 -52 32
2190 -438 0 20 -48 28
2190 -219 0 20 -44 24
2190 0 0 20 -40 20
2190 219 0 20 -36 16
2190 438 0 20 -32 12
2190 657 0 20 -28 8
2190 876 0 20 -24 4
2190 1095 0 20 -20 0
2190 1314 0 20 -16 -4
2190 1533 0 20 -12 -8
2190 1752 0 20 -8 -12
2190 1971 0 20 -4 -16
2190 2190 0 20 0 -20
2190 -2190 0 21 -84 63
2190 -1825 0 21 -77 56
2190 -1460 0 21 -70 49
2190 -1095 0 21 -63 42
2190 -730 0 21 -56 35
2190 -365 0 21 -49 28
2190 0 0 21 -42 21
2190 365 0 21 -35 14
2190 730 0 21 -28 7
2190 1095 0 21 -21 0
2190 1460 0 21 -14 -7
2190 1825 0 21 -7 -14
2190 2190 0 21 0 -21
2190 -2190 0 22 -88 66
2190 -1095 0 22 -66 44
2190 0 0 22 -44 22
2190 1095 0 22 -22 0
2190 2190 0 22 0 -22
2190 -2190 0 23 -92 69
2190 -1095 0 23 -69 46
2190 0 0 23 -46 23
2190 1095 0 23 -23 0
2190 2190 0 23 0 -23
2190 -2190 0 24 -96 72
2190 -1825 0 24 -88 64
2190 -1460 0 24 -80 56
2190 -1095 0 24 -72 48
2190 -730 0 24 -64 40
2190 -365 0 24 -56 32
2190 0 0 24 -48 24
2190 365 0 24 -40 16
2190 730 0 24 -32 8
2190 1095 0 24 -24 0
2190 1460 0 24 -16 -8
2190 1825 0 24 -8 -16
2190 2190 0 24 0 -24
2190 -2190 -5 25 -100 100
2190 -2190 0 25 -100 75
2190 -2190 5 25 -100 100
2190 -1971 0 25 -95 70
2190 -1752 0 25 -90 65
2190 -1533 0 25 -85 60
2190 -1314 0 25 -80 55
2190 -1095 0 25 -75 50
2190 -876 0 25 -70 45
2190 -657 0 25 -65 40
2190 -438 0 25 -60 35
2190 -219 0 25 -55 30
2190 0 0 25 -50 25
2190 219 0 25 -45 20
2190 438 0 25 -40 15
2190 657 0 25 -35 10
2190 876 0 25 -30 5
2190 1095 0 25 -25 0
2190 1314 0 25 -20 -5
2190 1533 0 25 -15 -10
2190 1752 0 25 -10 -15
2190 1971 0 25 -5 -20
2190 2190 0 25 0 -25
2190 -2190 0 26 -104 78
2190 -1095 0 26 -78 52
2190 0 0 26 -52 26
2190 1095 0 26 -26 0
2190 2190 0 26 0 -26
2190 -2190 0 27 -108 81
2190 -1825 0 27 -99 72
2190 -1460 0 27 -90 63
2190 -1095 0 27 -81 54
2190 -730 0 27 -72 45
2190 -365 0 27 -63 36
2190 0 0 27 -54 27
2190 365 0 27 -45 18
2190 730 0 27 -36 9
2190 1095 0 27 -27 0
2190 1460 0 27 -18 -9
2190 1825 0 27 -9 -18
2190 2190 0 27 0 -27
2190 -2190 0 28 -112 84
2190 -1095 0 28 -84 56
2190 0 0 28 -56 28
2190 1095 0 28 -28 0
2190 2190 0 28 0 -28
2190 -2190 0 29 -116 87
2190 -1095 0 29 -87 58
2190 0 0 29 -58 29
2190 1095 0 29 -29 0
2190 2190 0 29 0 -29
2190 -2190 0 30 -120 90
2190 -2117 0 30 -118 88
2190 -2044 0 30 -116 86
2190 -1971 0 30 -114 84
2190 -1898 0 30 -112 82
2190 -1825 0 30 -110 80
2190 -1752 0 30 -108 78
2190 -1679 0 30 -106 76
2190 -1606 0 30 -104 74
2190 -1533 0 30 -102 72
2190 -1460 0 30 -100 70
2190 -1387 0 30 -98 68
2190 -1314 0 30 -96 66
2190 -1241 0 30 -94 64
2190 -1168 0 30 -92 62
2190 -1095 0 30 -90 60
2190 -1022 0 30 -88 58
2190 -949 0 30 -86 56
2190 -876 0 30 -84 54
2190 -803 0 30 -82 52
2190 -730 0 30 -80 50
2190 -657 0 30 -78 48
2190 -584 0 30 -76 46
2190 -511 0 30 -74 44
2190 -438 0 30 -72 42
2190 -365 0 30 -70 40
2190 -292 0 30 -68 38
2190 -219 0 30 -66 36
2190 -146 0 30 -64 34
2190 -73 0 30 -62 32
2190 0 0 30 -60 30
2190 73 0 30 -58 28
2190 146 0 30 -56 26
2190 219 0 30 -54 24
2190 292 0 30 -52 22
2190 365 0 30 -50 20
2190 438 0 30 -48 18
2190 511 0 30 -46 16
2190 584 0 30 -44 14
2190 657 0 30 -42 12
2190 730 0 30 -40 10
2190 803 0 30 -38 8
2190 876 0 30 -36 6
2190 949 0 30 -34 4
2190 1022 0 30 -32 2
2190 1095 0 30 -30 0
2190 1168 0 30 -28 -2
2190 1241 0 30 -26 -4
2190 1314 0 30 -24 -6
2190 1387 0 30 -22 -8
2190 1460 0 30 -20 -10
2190 1533 0 30 -18 -12
2190 1606 0 30 -16 -14
2190 1679 0 30 -14 -16
2190 1752 0 30 -12 -18
2190 1825 0 30 -10 -20
2190 1898 0 30 -8 -22
2190 1971 0 30 -6 -24
2190 2044 0 30 -4 -26
2190 2117 0 30 -2 -28
2190 2190 0 30 0 -30
2190 -2190 0 31 -124 93
2190 -1095 0 31 -93 62
2190 0 0 31 -62 31
2190 1095 0 31 -31 0
2190 2190 0 31 0 -31
2190 -2190 0 32 -128 96
2190 -1095 0 32 -96 64
2190 0 0 32 -64 32
2190 1095 0 32 -32 0
2190 2190 0 32 0 -32
2190 -2190 0 33 -132 99
2190 -1825 0 33 -121 88
2190 -1460 0 33 -110 77
2190 -1095 0 33 -99 66
2190 -730 0 33 -88 55
2190 -365 0 33 -77 44
2190 0 0 33 -66 33
2190 365 0 33 -55 22
2190 730 0 33 -44 11
2190 1095 0 33 -33 0
2190 1460 0 33 -22 -11
2190 1825 0 33 -11 -22
2190 2190 0 33 0 -33
2190 -2190 0 34 -136 102
2190 -1095 0 34 -102 68
2190 0 0 34 -68 34
2190 1095 0 34 -34 0
2190 2190 0 34 0 -34
2190 -2190 0 35 -140 105
2190 -1971 0 35 -133 98
2190 -1752 0 35 -126 91
2190 -1533 0 35 -119 84
2190 -1314 0 35 -112 77
2190 -1095 0 35 -105 70
2190 -876 0 35 -98 63
2190 -657 0 35 -91 56
2190 -438 0 35 -84 49
2190 -219 0 35 -77 42
2190 0 0 35 -70 35
2190 219 0 35 -63 28
2190 438 0 35 -56 21
2190 657 0 35 -49 14
2190 876 0 35 -42 7
2190 1095 0 35 -35 0
2190 1314 0 35 -28 -7
2190 1533 0 35 -21 -14
2190 1752 0 35 -14 -21
2190 1971 0 35 -7 -28
2190 2190 0 35 0 -35
2190 -2190 -6 36 -144 144
2190 -2190 0 36 -144 108
2190 -2190 6 36 -144 144
2190 -1825 0 36 -132 96
2190 -1460 0 36 -120 84
2190 -1095 0 36 -108 72
2190 -730 0 36 -96 60
2190 -365 0 36 -84 48
2190 0 0 36 -72 36
2190 365 0 36 -60 24
2190 730 0 36 -48 12
2190 1095 0 36 -36 0
2190 1460 0 36 -24 -12
2190 1825 0 36 -12 -24
2190 2190 0 36 0 -36
2190 -2190 0 37 -148 111
2190 -1095 0 37 -111 74
2190 0 0 37 -74 37
2190 1095 0 37 -37 0
2190 2190 0 37 0 -37
2190 -2190 0 38 -152 114
2190 -1095 0 38 -114 76
2190 0 0 38 -76 38
2190 1095 0 38 -38 0
2190 2190 0 38 0 -38
2190 -2190 0 39 -156 117
2190 -1825 0 39 -143 104
2190 -1460 0 39 -130 91
2190 -1095 0 39 -117 78
2190 -730 0 39 -104 65
2190 -365 0 39 -91 52
2190 0 0 39 -78 39
2190 365 0 39 -65 26
2190 730 0 39 -52 13
2190 1095 0 39 -39 0
2190 1460 0 39 -26 -13
2190 1825 0 39 -13 -26
2190 2190 0 39 0 -39
2190 -2190 0 40 -160 120
2190 -1971 0 40 -152 112
2190 -1752 0 40 -144 104
2190 -1533 0 40 -136 96
2190 -1314 0 40 -128 88
2190 -1095 0 40 -120 80
2190 -876 0 40 -112 72
2190 -657 0 40 -104 64
2190 -438 0 40 -96 56
2190 -219 0 40 -88 48
2190 0 0 40 -80 40
2190 219 0 40 -72 32
2190 438 0 40 -64 24
2190 657 0 40 -56 16
2190 876 0 40 -48 8
2190 1095 0 40 -40 0
2190 1314 0 40 -32 -8
2190 1533 0 40 -24 -16
2190 1752 0 40 -16 -24
2190 1971 0 40 -8 -32
2190 2190 0 40 0 -40
2190 -2190 0 41 -164 123
2190 -1095 0 41 -123 82
2190 0 0 41 -82 41
2190 1095 0 41 -41 0
2190 2190 0 41 0 -41
2190 -2190 0 42 -168 126
2190 -1825 0 42 -154 112
2190 -1460 0 42 -140 98
2190 -1095 0 42 -126 84
2190 -730 0 42 -112 70
2190 -365 0 42 -98 56
2190 0 0 42 -84 42
2190 365 0 42 -70 28
2190 730 0 42 -56 14
2190 1095 0 42 -42 0
2190 1460 0 42 -28 -14
2190 1825 0 42 -14 -28
2190 2190 0 42 0 -42
2190 -2190 0 43 -172 129
2190 -1095 0 43 -129 86
2190 0 0 43 -86 43
2190 1095 0 43 -43 0
2190 2190 0 43 0 -43
2190 -2190 0 44 -176 132
2190 -1095 0 44 -132 88
2190 0 0 44 -88 44
2190 1095 0 44 -44 0
2190 2190 0 44 0 -44
2190 -2190 0 45 -180 135
2190 -2117 0 45 -177 132
2190 -2044 0 45 -174 129
2190 -1971 0 45 -171 126
2190 -1898 0 45 -168 123
2190 -1825 0 45 -165 120
2190 -1752 0 45 -162 117
2190 -1679 0 45 -159 114
2190 -1606 0 45 -156 111
2190 -1533 0 45 -153 108
2190 -1460 0 45 -150 105
2190 -1387 0 45 -147 102
2190 -1314 0 45 -144 99
2190 -1241 0 45 -141 96
2190 -1168 0 45 -138 93
2190 -1095 0 45 -135 90
2190 -1022 0 45 -132 87
2190 -949 0 45 -129 84
2190 -876 0 45 -126 81
2190 -803 0 45 -123 78
2190 -730 0 45 -120 75
2190 -657 0 45 -117 72
2190 -584 0 45 -114 69
2190 -511 0 45 -111 66
2190 -438 0 45 -108 63
2190 -365 0 45 -105 60
2190 -292 0 45 -102 57
2190 -219 0 45 -99 54
2190 -146 0 45 -96 51
2190 -73 0 45 -93 48
2190 0 0 45 -90 45
2190 73 0 45 -87 42
2190 146 0 45 -84 39
2190 219 0 45 -81 36
2190 292 0 45 -78 33
2190 365 0 45 -75 30
2190 438 0 45 -72 27
2190 511 0 45 -69 24
2190 584 0 45 -66 21
2190 657 0 45 -63 18
2190 730 0 45 -60 15
2190 803 0 45 -57 12
2190 876 0 45 -54 9
2190 949 0 45 -51 6
2190 1022 0 45 -48 3
2190 1095 0 45 -45 0
2190 1168 0 45 -42 -3
2190 1241 0 45 -39 -6
2190 1314 0 45 -36 -9
2190 1387 0 45 -33 -12
2190 1460 0 45 -30 -15
2190 1533 0 45 -27 -18
2190 1606 0 45 -24 -21
2190 1679 0 45 -21 -24
2190 1752 0 45 -18 -27
2190 1825 0 45 -15 -30
2190 1898 0 45 -12 -33
2190 1971 0 45 -9 -36
2190 2044 0 45 -6 -39
2190 2117 0 45 -3 -42
2190 2190 0 45 0 -45
2190 -2190 0 46 -184 138
2190 -1095 0 46 -138 92
2190 0 0 46 -92 46
2190 1095 0 46 -46 0
2190 2190 0 46 0 -46
2190 -2190 0 47 -188 141
2190 -1095 0 47 -141 94
2190 0 0 47 -94 47
2190 1095 0 47 -47 0
2190 2190 0 47 0 -47
2190 -2190 0 48 -192 144
2190 -1825 0 48 -176 128
2190 -1460 0 48 -160 112
2190 -1095 0 48 -144 96
2190 -730 0 48 -128 80
2190 -365 0 48 -112 64
2190 0 0 48 -96 48
2190 365 0 48 -80 32
2190 730 0 48 -64 16
2190 1095 0 48 -48 0
2190 1460 0 48 -32 -16
2190 1825 0 48 -16 -32
2190 2190 0 48 0 -48
2190 -2190 -7 49 -196 196
2190 -2190 0 49 -196 147
2190 -2190 7 49 -196 196
2190 -1095 0 49 -147 98
2190 0 0 49 -98 49
2190 1095 0 49 -49 0
2190 2190 0 49 0 -49
2190 -2190 0 50 -200 150
2190 -1971 0 50 -190 140
2190 -1752 0 50 -180 130
2190 -1533 0 50 -170 120
2190 -1314 0 50 -160 110
2190 -1095 0 50 -150 100
2190 -876 0 50 -140 90
2190 -657 0 50 -130 80
2190 -438 0 50 -120 70
2190 -219 0 50 -110 60
2190 0 0 50 -100 50
2190 219 0 50 -90 40
2190 438 0 50 -80 30
2190 657 0 50 -70 20
2190 876 0 50 -60 10
2190 1095 0 50 -50 0
2190 1314 0 50 -40 -10
2190 1533 0 50 -30 -20
2190 1752 0 50 -20 -30
2190 1971 0 50 -10 -40
2190 2190 0 50 0 -50
2190 -2190 0 51 -204 153
2190 -1825 0 51 -187 136
2190 -1460 0 51 -170 119
2190 -1095 0 51 -153 102
2190 -730 0 51 -136 85
2190 -365 0 51 -119 68
2190 0 0 51 -102 51
2190 365 0 51 -85 34
2190 730 0 51 -68 17
2190 1095 0 51 -51 0
2190 1460 0 51 -34 -17
2190 1825 0 51 -17 -34
2190 2190 0 51 0 -51
2190 -2190 0 52 -208 156
2190 -1095 0 52 -156 104
2190 0 0 52 -104 52
2190 1095 0 52 -52 0
2190 2190 0 52 0 -52
2190 -2190 0 53 -212 159
2190 -1095 0 53 -159 106
2190 0 0 53 -106 53
2190 1095 0 53 -53 0
2190 2190 0 53 0 -53
2190 -2190 0 54 -216 162
2190 -1825 0 54 -198 144
2190 -1460 0 54 -180 126
2190 -1095 0 54 -162 108
2190 -730 0 54 -144 90
2190 -365 0 54 -126 72
2190 0 0 54 -108 54
2190 365 0 54 -90 36
2190 730 0 54 -72 18
2190 1095 0 54 -54 0
2190 1460 0 54 -36 -18
2190 1825 0 54 -18 -36
2190 2190 0 54 0 -54
2190 -2190 0 55 -220 165
2190 -1971 0 55 -209 154
2190 -1752 0 55 -198 143
2190 -1533 0 55 -187 132
2190 -1314 0 55 -176 121
2190 -1095 0 55 -165 110
2190 -876 0 55 -154 99
2190 -657 0 55 -143 88
2190 -438 0 55 -132 77
2190 -219 0 55 -121 66
2190 0 0 55 -110 55
2190 219 0 55 -99 44
2190 438 0 55 -88 33
2190 657 0 55 -77 22
2190 876 0 55 -66 11
2190 1095 0 55 -55 0
2190 1314 0 55 -44 -11
2190 1533 0 55 -33 -22
2190 1752 0 55 -22 -33
2190 1971 0 55 -11 -44
2190 2190 0 55 0 -55
2190 -2190 0 56 -224 168
2190 -1095 0 56 -168 112
2190 0 0 56 -112 56
2190 1095 0 56 -56 0
2190 2190 0 56 0 -56
2190 -2190 0 57 -228 171
2190 -1825 0 57 -209 152
2190 -1460 0 57 -190 133
2190 -1095 0 57 -171 114
2190 -730 0 57 -152 95
2190 -365 0 57 -133 76
2190 0 0 57 -114 57
2190 365 0 57 -95 38
2190 730 0 57 -76 19
2190 1095 0 57 -57 0
2190 1460 0 57 -38 -19
2190 1825 0 57 -19 -38
2190 2190 0 57 0 -57
2190 -2190 0 58 -232 174
2190 -1095 0 58 -174 116
2190 0 0 58 -116 58
2190 1095 0 58 -58 0
2190 2190 0 58 0 -58
2190 -2190 0 59 -236 177
2190 -1095 0 59 -177 118
2190 0 0 59 -118 59
2190 1095 0 59 -59 0
2190 2190 0 59 0 -59
2190 -2190 0 60 -240 180
2190 -2117 0 60 -236 176
2190 -2044 0 60 -232 172
2190 -1971 0 60 -228 168
2190 -1898 0 60 -224 164
2190 -1825 0 60 -220 160
2190 -1752 0 60 -216 156
2190 -1679 0 60 -212 152
2190 -1606 0 60 -208 148
2190 -1533 0 60 -204 144
2190 -1460 0 60 -200 140
2190 -1387 0 60 -196 136
2190 -1314 0 60 -192 132
2190 -1241 0 60 -188 128
2190 -1168 0 60 -184 124
2190 -1095 0 60 -180 120
2190 -1022 0 60 -176 116
2190 -949 0 60 -172 112
2190 -876 0 60 -168 108
2190 -803 0 60 -164 104
2190 -730 0 60 -160 100
2190 -657 0 60 -156 96
2190 -584 0 60 -152 92
2190 -511 0 60 -148 88
2190 -438 0 60 -144 84
2190 -365 0 60 -140 80
2190 -292 0 60 -136 76
2190 -219 0 60 -132 72
2190 -146 0 60 -128 68
2190 -73 0 60 -124 64
2190 0 0 60 -120 60
2190 73 0 60 -116 56
2190 146 0 60 -112 52
2190 219 0 60 -108 48
2190 292 0 60 -104 44
2190 365 0 60 -100 40
2190 438 0 60 -96 36
2190 511 0 60 -92 32
2190 584 0 60 -88 28
2190 657 0 60 -84 24
2190 730 0 60 -80 20
2190 803 0 60 -76 16
2190 876 0 60 -72 12
2190 949 0 60 -68 8
2190 1022 0 60 -64 4
2190 1095 0 60 -60 0
2190 1168 0 60 -56 -4
2190 1241 0 60 -52 -8
2190 1314 0 60 -48 -12
2190 1387 0 60 -44 -16
2190 1460 0 60 -40 -20
2190 1533 0 60 -36 -24
2190 1606 0 60 -32 -28
2190 1679 0 60 -28 -32
2190 1752 0 60 -24 -36
2190 1825 0 60 -20 -40
2190 1898 0 60 -16 -44
2190 1971 0 60 -12 -48
2190 2044 0 60 -8 -52
2190 2117 0 60 -4 -56
2190 2190 0 60 0 -60
2191 -2191 0 -60 240 -180
2191 0 0 -60 120 -60
2191 2191 0 -60 0 60
2191 -2191 0 -59 236 -177
2191 0 0 -59 118 -59
2191 2191 0 -59 0 59
2191 -2191 0 -58 232 -174
2191 0 0 -58 116 -58
2191 2191 0 -58 0 58
2191 -2191 0 -57 228 -171
2191 0 0 -57 114 -57
2191 2191 0 -57 0 57
2191 -2191 0 -56 224 -168
2191 -1878 0 -56 208 -152
2191 -1565 0 -56 192 -136
2191 -1252 0 -56 176 -120
2191 -939 0 -56 160 -104
2191 -626 0 -56 144 -88
2191 -313 0 -56 128 -72
2191 0 0 -56 112 -56
2191 313 0 -56 96 -40
2191 626 0 -56 80 -24
2191 939 0 -56 64 -8
2191 1252 0 -56 48 8
2191 1565 0 -56 32 24
2191 1878 0 -56 16 40
2191 2191 0 -56 0 56
2191 -2191 0 -55 220 -165
2191 0 0 -55 110 -55
2191 2191 0 -55 0 55
2191 -2191 0 -54 216 -162
2191 0 0 -54 108 -54
2191 2191 0 -54 0 54
2191 -2191 0 -53 212 -159
2191 0 0 -53 106 -53
2191 2191 0 -53 0 53
2191 -2191 0 -52 208 -156
2191 0 0 -52 104 -52
2191 2191 0 -52 0 52
2191 -2191 0 -51 204 -153
2191 0 0 -51 102 -51
2191 2191 0 -51 0 51
2191 -2191 0 -50 200 -150
2191 0 0 -50 100 -50
2191 2191 0 -50 0 50
2191 -2191 0 -49 196 -147
2191 -1878 0 -49 182 -133
2191 -1565 0 -49 168 -119
2191 -1252 0 -49 154 -105
2191 -939 0 -49 140 -91
2191 -626 0 -49 126 -77
2191 -313 0 -49 112 -63
2191 0 0 -49 98 -49
2191 313 0 -49 84 -35
2191 626 0 -49 70 -21
2191 939 0 -49 56 -7
2191 1252 0 -49 42 7
2191 1565 0 -49 28 21
2191 1878 0 -49 14 35
2191 2191 0 -49 0 49
2191 -2191 0 -48 192 -144
2191 0 0 -48 96 -48
2191 2191 0 -48 0 48
2191 -2191 0 -47 188 -141
2191 0 0 -47 94 -47
2191 2191 0 -47 0 47
2191 -2191 0 -46 184 -138
2191 0 0 -46 92 -46
2191 2191 0 -46 0 46
2191 -2191 0 -45 180 -135
2191 0 0 -45 90 -45
2191 2191 0 -45 0 45
2191 -2191 0 -44 176 -132
2191 0 0 -44 88 -44
2191 2191 0 -44 0 44
2191 -2191 0 -43 172 -129
2191 0 0 -43 86 -43
2191 2191 0 -43 0 43
2191 -2191 0 -42 168 -126
2191 -1878 0 -42 156 -114
2191 -1565 0 -42 144 -102
2191 -1252 0 -42 132 -90
2191 -939 0 -42 120 -78
2191 -626 0 -42 108 -66
2191 -313 0 -42 96 -54
2191 0 0 -42 84 -42
2191 313 0 -42 72 -30
2191 626 0 -42 60 -18
2191 939 0 -42 48 -6
2191 1252 0 -42 36 6
2191 1565 0 -42 24 18
2191 1878 0 -42 12 30
2191 2191 0 -42 0 42
2191 -2191 0 -41 164 -123
2191 0 0 -41 82 -41
2191 2191 0 -41 0 41
2191 -2191 0 -40 160 -120
2191 0 0 -40 80 -40
2191 2191 0 -40 0 40
2191 -2191 0 -39 156 -117
2191 0 0 -39 78 -39
2191 2191 0 -39 0 39
2191 -2191 0 -38 152 -114
2191 0 0 -38 76 -38
2191 2191 0 -38 0 38
2191 -2191 0 -37 148 -111
2191 0 0 -37 74 -37
2191 2191 0 -37 0 37
2191 -2191 0 -36 144 -108
2191 0 0 -36 72 -36
2191 2191 0 -36 0 36
2191 -2191 0 -35 140 -105
2191 -1878 0 -35 130 -95
2191 -1565 0 -35 120 -85
2191 -1252 0 -35 110 -75
2191 -939 0 -35 100 -65
2191 -626 0 -35 90 -55
2191 -313 0 -35 80 -45
2191 0 0 -35 70 -35
2191 313 0 -35 60 -25
2191 626 0 -35 50 -15
2191 939 0 -35 40 -5
2191 1252 0 -35 30 5
2191 1565 0 -35 20 15
2191 1878 0 -35 10 25
2191 2191 0 -35 0 35
2191 -2191 0 -34 136 -102
2191 0 0 -34 68 -34
2191 2191 0 -34 0 34
2191 -2191 0 -33 132 -99
2191 0 0 -33 66 -33
2191 2191 0 -33 0 33
2191 -2191 0 -32 128 -96
2191 0 0 -32 64 -32
2191 2191 0 -32 0 32
2191 -2191 0 -31 124 -93
2191 0 0 -31 62 -31
2191 2191 0 -31 0 31
2191 -2191 0 -30 120 -90
2191 0 0 -30 60 -30
2191 2191 0 -30 0 30
2191 -2191 0 -29 116 -87
2191 0 0 -29 58 -29
2191 2191 0 -29 0 29
2191 -2191 0 -28 112 -84
2191 -1878 0 -28 104 -76
2191 -1565 0 -28 96 -68
2191 -1252 0 -28 88 -60
2191 -939 0 -28 80 -52
2191 -626 0 -28 72 -44
2191 -313 0 -28 64 -36
2191 0 0 -28 56 -28
2191 313 0 -28 48 -20
2191 626 0 -28 40 -12
2191 939 0 -28 32 -4
2191 1252 0 -28 24 4
2191 1565 0 -28 16 12
2191 1878 0 -28 8 20
2191 2191 0 -28 0 28
2191 -2191 0 -27 108 -81
2191 0 0 -27 54 -27
2191 2191 0 -27 0 27
2191 -2191 0 -26 104 -78
2191 0 0 -26 52 -26
2191 2191 0 -26 0 26
2191 -2191 0 -25 100 -75
2191 0 0 -25 50 -25
2191 2191 0 -25 0 25
2191 -2191 0 -24 96 -72
2191 0 0 -24 48 -24
2191 2191 0 -24 0 24
2191 -2191 0 -23 92 -69
2191 0 0 -23 46 -23
2191 2191 0 -23 0 23
2191 -2191 0 -22 88 -66
2191 0 0 -22 44 -22
2191 2191 0 -22 0 22
2191 -2191 0 -21 84 -63
2191 -1878 0 -21 78 -57
2191 -1565 0 -21 72 -51
2191 -1252 0 -21 66 -45
2191 -939 0 -21 60 -39
2191 -626 0 -21 54 -33
2191 -313 0 -21 48 -27
2191 0 0 -21 42 -21
2191 313 0 -21 36 -15
2191 626 0 -21 30 -9
2191 939 0 -21 24 -3
2191 1252 0 -21 18 3
2191 1565 0 -21 12 9
2191 1878 0 -21 6 15
2191 2191 0 -21 0 21
2191 -2191 0 -20 80 -60
2191 0 0 -20 40 -20
2191 2191 0 -20 0 20
2191 -2191 0 -19 76 -57
2191 0 0 -19 38 -19
2191 2191 0 -19 0 19
2191 -2191 0 -18 72 -54
2191 0 0 -18 36 -18
2191 2191 0 -18 0 18
2191 -2191 0 -17 68 -51
2191 0 0 -17 34 -17
2191 2191 0 -17 0 17
2191 -2191 0 -16 64 -48
2191 0 0 -16 32 -16
2191 2191 0 -16 0 16
2191 -2191 0 -15 60 -45
2191 0 0 -15 30 -15
2191 2191 0 -15 0 15
2191 -2191 0 -14 56 -42
2191 -1878 0 -14 52 -38
2191 -1565 0 -14 48 -34
2191 -1252 0 -14 44 -30
2191 -939 0 -14 40 -26
2191 -626 0 -14 36 -22
2191 -313 0 -14 32 -18
2191 0 0 -14 28 -14
2191 313 0 -14 24 -10
2191 626 0 -14 20 -6
2191 939 0 -14 16 -2
2191 1252 0 -14 12 2
2191 1565 0 -14 8 6
2191 1878 0 -14 4 10
2191 2191 0 -14 0 14
2191 -2191 0 -13 52 -39
2191 0 0 -13 26 -13
2191 2191 0 -13 0 13
2191 -2191 0 -12 48 -36
2191 0 0 -12 24 -12
2191 2191 0 -12 0 12
2191 -2191 0 -11 44 -33
2191 0 0 -11 22 -11
2191 2191 0 -11 0 11
2191 -2191 0 -10 40 -30
2191 0 0 -10 20 -10
2191 2191 0 -10 0 10
2191 -2191 0 -9 36 -27
2191 0 0 -9 18 -9
2191 2191 0 -9 0 9
2191 -2191 0 -8 32 -24
2191 0 0 -8 16 -8
2191 2191 0 -8 0 8
2191 -2191 0 -7 28 -21
2191 -1878 0 -7 26 -19
2191 -1565 0 -7 24 -17
2191 -1252 0 -7 22 -15
2191 -939 0 -7 20 -13
2191 -626 0 -7 18 -11
2191 -313 0 -7 16 -9
2191 0 0 -7 14 -7
2191 313 0 -7 12 -5
2191 626 0 -7 10 -3
2191 939 0 -7 8 -1
2191 1252 0 -7 6 1
2191 1565 0 -7 4 3
2191 1878 0 -7 2 5
2191 2191 0 -7 0 7
2191 -2191 0 -6 24 -18
2191 0 0 -6 12 -6
2191 2191 0 -6 0 6
2191 -2191 0 -5 20 -15
2191 0 0 -5 10 -5
2191 2191 0 -5 0 5
2191 -2191 0 -4 16 -12
2191 0 0 -4 8 -4
2191 2191 0 -4 0 4
2191 -2191 0 -3 12 -9
2191 0 0 -3 6 -3
2191 2191 0 -3 0 3
2191 -2191 0 -2 8 -6
2191 0 0 -2 4 -2
2191 2191 0 -2 0 2
2191 -2191 0 -1 4 -3
2191 0 0 -1 2 -1
2191 2191 0 -1 0 1
2191 -2191 -1 1 -4 4
2191 -2191 0 1 -4 3
2191 -2191 1 1 -4 4
2191 0 0 1 -2 1
2191 2191 0 1 0 -1
2191 -2191 0 2 -8 6
2191 0 0 2 -4 2
2191 2191 0 2 0 -2
2191 -2191 0 3 -12 9
2191 0 0 3 -6 3
2191 2191 0 3 0 -3
2191 -2191 -2 4 -16 16
2191 -2191 0 4 -16 12
2191 -2191 2 4 -16 16
2191 0 0 4 -8 4
2191 2191 0 4 0 -4
2191 -2191 0 5 -20 15
2191 0 0 5 -10 5
2191 2191 0 5 0 -5
2191 -2191 0 6 -24 18
2191 0 0 6 -12 6
2191 2191 0 6 0 -6
2191 -2191 0 7 -28 21
2191 -1878 0 7 -26 19
2191 -1565 0 7 -24 17
2191 -1252 0 7 -22 15
2191 -939 0 7 -20 13
2191 -626 0 7 -18 11
2191 -313 0 7 -16 9
2191 0 0 7 -14 7
2191 313 0 7 -12 5
2191 626 0 7 -10 3
2191 939 0 7 -8 1
2191 1252 0 7 -6 -1
2191 1565 0 7 -4 -3
2191 1878 0 7 -2 -5
2191 2191 0 7 0 -7
2191 -2191 0 8 -32 24
2191 0 0 8 -16 8
2191 2191 0 8 0 -8
2191 -2191 -3 9 -36 36
2191 -2191 0 9 -36 27
2191 -2191 3 9 -36 36
2191 0 0 9 -18 9
2191 2191 0 9 0 -9
2191 -2191 0 10 -40 30
2191 0 0 10 -20 10
2191 2191 0 10 0 -10
2191 -2191 0 11 -44 33
2191 0 0 11 -22 11
2191 2191 0 11 0 -11
2191 -2191 0 12 -48 36
2191 0 0 12 -24 12
2191 2191 0 12 0 -12
2191 -2191 0 13 -52 39
2191 0 0 13 -26 13
2191 2191 0 13 0 -13
2191 -2191 0 14 -56 42
2191 -1878 0 14 -52 38
2191 -1565 0 14 -48 34
2191 -1252 0 14 -44 30
2191 -939 0 14 -40 26
2191 -626 0 14 -36 22
2191 -313 0 14 -32 18
2191 0 0 14 -28 14
2191 313 0 14 -24 10
2191 626 0 14 -20 6
2191 939 0 14 -16 2
2191 1252 0 14 -12 -2
2191 1565 0 14 -8 -6
2191 1878 0 14 -4 -10
2191 2191 0 14 0 -14
2191 -2191 0 15 -60 45
2191 0 0 15 -30 15
2191 2191 0 15 0 -15
2191 -2191 -4 16 -64 64
2191 -2191 0 16 -64 48
2191 -2191 4 16 -64 64
2191 0 0 16 -32 16
2191 2191 0 16 0 -16
2191 -2191 0 17 -68 51
2191 0 0 17 -34 17
2191 2191 0 17 0 -17
2191 -2191 0 18 -72 54
2191 0 0 18 -36 18
2191 2191 0 18 0 -18
2191 -2191 0 19 -76 57
2191 0 0 19 -38 19
2191 2191 0 19 0 -19
2191 -2191 0 20 -80 60
2191 0 0 20 -40 20
2191 2191 0 20 0 -20
2191 -2191 0 21 -84 63
2191 -1878 0 21 -78 57
2191 -1565 0 21 -72 51
2191 -1252 0 21 -66 45
2191 -939 0 21 -60 39
2191 -626 0 21 -54 33
2191 -313 0 21 -48 27
2191 0 0 21 -42 21
2191 313 0 21 -36 15
2191 626 0 21 -30 9
2191 939 0 21 -24 3
2191 1252 0 21 -18 -3
2191 1565 0 21 -12 -9
2191 1878 0 21 -6 -15
2191 2191 0 21 0 -21
2191 -2191 0 22 -88 66
2191 0 0 22 -44 22
2191 2191 0 22 0 -22
2191 -2191 0 23 -92 69
2191 0 0 23 -46 23
2191 2191 0 23 0 -23
2191 -2191 0 24 -96 72
2191 0 0 24 -48 24
2191 2191 0 24 0 -24
2191 -2191 -5 25 -100 100
2191 -2191 0 25 -100 75
2191 -2191 5 25 -100 100
2191 0 0 25 -50 25
2191 2191 0 25 0 -25
2191 -2191 0 26 -104 78
2191 0 0 26 -52 26
2191 2191 0 26 0 -26
2191 -2191 0 27 -108 81
2191 0 0 27 -54 27
2191 2191 0 27 0 -27
2191 -2191 0 28 -112 84
2191 -1878 0 28 -104 76
2191 -1565 0 28 -96 68
2191 -1252 0 28 -88 60
2191 -939 0 28 -80 52
2191 -626 0 28 -72 44
2191 -313 0 28 -64 36
2191 0 0 28 -56 28
2191 313 0 28 -48 20
2191 626 0 28 -40 12
2191 939 0 28 -32 4
2191 1252 0 28 -24 -4
2191 1565 0 28 -16 -12
2191 1878 0 28 -8 -20
2191 2191 0 28 0 -28
2191 -2191 0 29 -116 87
2191 0 0 29 -58 29
2191 2191 0 29 0 -29
2191 -2191 0 30 -120 90
2191 0 0 30 -60 30
2191 2191 0 30 0 -30
2191 -2191 0 31 -124 93
2191 0 0 31 -62 31
2191 2191 0 31 0 -31
2191 -2191 0 32 -128 96
2191 0 0 32 -64 32
2191 2191 0 32 0 -32
2191 -2191 0 33 -132 99
2191 0 0 33 -66 33
2191 2191 0 33 0 -33
2191 -2191 0 34 -136 102
2191 0 0 34 -68 34
2191 2191 0 34 0 -34
2191 -2191 0 35 -140 105
2191 -1878 0 35 -130 95
2191 -1565 0 35 -120 85
2191 -1252 0 35 -110 75
2191 -939 0 35 -100 65
2191 -626 0 35 -90 55
2191 -313 0 35 -80 45
2191 0 0 35 -70 35
2191 313 0 35 -60 25
2191 626 0 35 -50 15
2191 939 0 35 -40 5
2191 1252 0 35 -30 -5
2191 1565 0 35 -20 -15
2191 1878 0 35 -10 -25
2191 2191 0 35 0 -35
2191 -2191 -6 36 -144 144
2191 -2191 0 36 -144 108
2191 -2191 6 36 -144 144
2191 0 0 36 -72 36
2191 2191 0 36 0 -36
2191 -2191 0 37 -148 111
2191 0 0 37 -74 37
2191 2191 0 37 0 -37
2191 -2191 0 38 -152 114
2191 0 0 38 -76 38
2191 2191 0 38 0 -38
2191 -2191 0 39 -156 117
2191 0 0 39 -78 39
2191 2191 0 39 0 -39
2191 -2191 0 40 -160 120
2191 0 0 40 -80 40
2191 2191 0 40 0 -40
2191 -2191 0 41 -164 123
2191 0 0 41 -82 41
2191 2191 0 41 0 -41
2191 -2191 0 42 -168 126
2191 -1878 0 42 -156 114
2191 -1565 0 42 -144 102
2191 -1252 0 42 -132 90
2191 -939 0 42 -120 78
2191 -626 0 42 -108 66
2191 -313 0 42 -96 54
2191 0 0 42 -84 42
2191 313 0 42 -72 30
2191 626 0 42 -60 18
2191 939 0 42 -48 6
2191 1252 0 42 -36 -6
2191 1565 0 42 -24 -18
2191 1878 0 42 -12 -30
2191 2191 0 42 0 -42
2191 -2191 0 43 -172 129
2191 0 0 43 -86 43
2191 2191 0 43 0 -43
2191 -2191 0 44 -176 132
2191 0 0 44 -88 44
2191 2191 0 44 0 -44
2191 -2191 0 45 -180 135
2191 0 0 45 -90 45
2191 2191 0 45 0 -45
2191 -2191 0 46 -184 138
2191 0 0 46 -92 46
2191 2191 0 46 0 -46
2191 -2191 0 47 -188 141
2191 0 0 47 -94 47
2191 2191 0 47 0 -47
2191 -2191 0 48 -192 144
2191 0 0 48 -96 48
2191 2191 0 48 0 -48
2191 -2191 -7 49 -196 196
2191 -2191 0 49 -196 147
2191 -2191 7 49 -196 196
2191 -1878 0 49 -182 133
2191 -1565 0 49 -168 119
2191 -1252 0 49 -154 105
2191 -939 0 49 -140 91
2191 -626 0 49 -126 77
2191 -313 0 49 -112 63
2191 0 0 49 -98 49
2191 313 0 49 -84 35
2191 626 0 49 -70 21
2191 939 0 49 -56 7
2191 1252 0 49 -42 -7
2191 1565 0 49 -28 -21
2191 1878 0 49 -14 -35
2191 2191 0 49 0 -49
2191 -2191 0 50 -200 150
2191 0 0 50 -100 50
2191 2191 0 50 0 -50
2191 -2191 0 51 -204 153
2191 0 0 51 -102 51
2191 2191 0 51 0 -51
2191 -2191 0 52 -208 156
2191 0 0 52 -104 52
2191 2191 0 52 0 -52
2191 -2191 0 53 -212 159
2191 0 0 53 -106 53
2191 2191 0 53 0 -53
2191 -2191 0 54 -216 162
2191 0 0 54 -108 54
2191 2191 0 54 0 -54
2191 -2191 0 55 -220 165
2191 0 0 55 -110 55
2191 2191 0 55 0 -55
2191 -2191 0 56 -224 168
2191 -1878 0 56 -208 152
2191 -1565 0 56 -192 136
2191 -1252 0 56 -176 120
2191 -939 0 56 -160 104
2191 -626 0 56 -144 88
2191 -313 0 56 -128 72
2191 0 0 56 -112 56
2191 313 0 56 -96 40
2191 626 0 56 -80 24
2191 939 0 56 -64 8
2191 1252 0 56 -48 -8
2191 1565 0 56 -32 -24
2191 1878 0 56 -16 -40
2191 2191 0 56 0 -56
2191 -2191 0 57 -228 171
2191 0 0 57 -114 57
2191 2191 0 57 0 -57
2191 -2191 0 58 -232 174
2191 0 0 58 -116 58
2191 2191 0 58 0 -58
2191 -2191 0 59 -236 177
2191 0 0 59 -118 59
2191 2191 0 59 0 -59
2191 -2191 0 60 -240 180
2191 0 0 60 -120 60
2191 2191 0 60 0 -60
2192 -2192 0 -60 240 -180
2192 -1918 0 -60 225 -165
2192 -1644 0 -60 210 -150
2192 -1370 0 -60 195 -135
2192 -1096 0 -60 180 -120
2192 -822 0 -60 165 -105
2192 -548 0 -60 150 -90
2192 -274 0 -60 135 -75
2192 0 0 -60 120 -60
2192 274 0 -60 105 -45
2192 548 0 -60 90 -30
2192 822 0 -60 75 -15
2192 1096 0 -60 60 0
2192 1370 0 -60 45 15
2192 1644 0 -60 30 30
2192 1918 0 -60 15 45
2192 2192 0 -60 0 60
2192 -2192 0 -59 236 -177
2192 -1096 0 -59 177 -118
2192 0 0 -59 118 -59
2192 1096 0 -59 59 0
2192 2192 0 -59 0 59
2192 -2192 0 -58 232 -174
2192 -1644 0 -58 203 -145
2192 -1096 0 -58 174 -116
2192 -548 0 -58 145 -87
2192 0 0 -58 116 -58
2192 548 0 -58 87 -29
2192 1096 0 -58 58 0
2192 1644 0 -58 29 29
2192 2192 0 -58 0 58
2192 -2192 0 -57 228 -171
2192 -1096 0 -57 171 -114
2192 0 0 -57 114 -57
2192 1096 0 -57 57 0
2192 2192 0 -57 0 57
2192 -2192 0 -56 224 -168
2192 -2055 0 -56 217 -161
2192 -1918 0 -56 210 -154
2192 -1781 0 -56 203 -147
2192 -1644 0 -56 196 -140
2192 -1507 0 -56 189 -133
2192 -1370 0 -56 182 -126
2192 -1233 0 -56 175 -119
2192 -1096 0 -56 168 -112
2192 -959 0 -56 161 -105
2192 -822 0 -56 154 -98
2192 -685 0 -56 147 -91
2192 -548 0 -56 140 -84
2192 -411 0 -56 133 -77
2192 -274 0 -56 126 -70
2192 -137 0 -56 119 -63
2192 0 0 -56 112 -56
2192 137 0 -56 105 -49
2192 274 0 -56 98 -42
2192 411 0 -56 91 -35
2192 548 0 -56 84 -28
2192 685 0 -56 77 -21
2192 822 0 -56 70 -14
2192 959 0 -56 63 -7
2192 1096 0 -56 56 0
2192 1233 0 -56 49 7
2192 1370 0 -56 42 14
2192 1507 0 -56 35 21
2192 1644 0 -56 28 28
2192 1781 0 -56 21 35
2192 1918 0 -56 14 42
2192 2055 0 -56 7 49
2192 2192 0 -56 0 56
2192 -2192 0 -55 220 -165
2192 -1096 0 -55 165 -110
2192 0 0 -55 110 -55
2192 1096 0 -55 55 0
2192 2192 0 -55 0 55
2192 -2192 0 -54 216 -162
2192 -1644 0 -54 189 -135
2192 -1096 0 -54 162 -108
2192 -548 0 -54 135 -81
2192 0 0 -54 108 -54
2192 548 0 -54 81 -27
2192 1096 0 -54 54 0
2192 1644 0 -54 27 27
2192 2192 0 -54 0 54
2192 -2192 0 -53 212 -159
2192 -1096 0 -53 159 -106
2192 0 0 -53 106 -53
2192 1096 0 -53 53 0
2192 2192 0 -53 0 53
2192 -2192 0 -52 208 -156
2192 -1918 0 -52 195 -143
2192 -1644 0 -52 182 -130
2192 -1370 0 -52 169 -117
2192 -1096 0 -52 156 -104
2192 -822 0 -52 143 -91
2192 -548 0 -52 130 -78
2192 -274 0 -52 117 -65
2192 0 0 -52 104 -52
2192 274 0 -52 91 -39
2192 548 0 -52 78 -26
2192 822 0 -52 65 -13
2192 1096 0 -52 52 0
2192 1370 0 -52 39 13
2192 1644 0 -52 26 26
2192 1918 0 -52 13 39
2192 2192 0 -52 0 52
2192 -2192 0 -51 204 -153
2192 -1096 0 -51 153 -102
2192 0 0 -51 102 -51
2192 1096 0 -51 51 0
2192 2192 0 -51 0 51
2192 -2192 0 -50 200 -150
2192 -1644 0 -50 175 -125
2192 -1096 0 -50 150 -100
2192 -548 0 -50 125 -75
2192 0 0 -50 100 -50
2192 548 0 -50 75 -25
2192 1096 0 -50 50 0
2192 1644 0 -50 25 25
2192 2192 0 -50 0 50
2192 -2192 0 -49 196 -147
2192 -1096 0 -49 147 -98
2192 0 0 -49 98 -49
2192 1096 0 -49 49 0
2192 2192 0 -49 0 49
2192 -2192 0 -48 192 -144
2192 -2055 0 -48 186 -138
2192 -1918 0 -48 180 -132
2192 -1781 0 -48 174 -126
2192 -1644 0 -48 168 -120
2192 -1507 0 -48 162 -114
2192 -1370 0 -48 156 -108
2192 -1233 0 -48 150 -102
2192 -1096 0 -48 144 -96
2192 -959 0 -48 138 -90
2192 -822 0 -48 132 -84
2192 -685 0 -48 126 -78
2192 -548 0 -48 120 -72
2192 -411 0 -48 114 -66
2192 -274 0 -48 108 -60
2192 -137 0 -48 102 -54
2192 0 0 -48 96 -48
2192 137 0 -48 90 -42
2192 274 0 -48 84 -36
2192 411 0 -48 78 -30
2192 548 0 -48 72 -24
2192 685 0 -48 66 -18
2192 822 0 -48 60 -12
2192 959 0 -48 54 -6
2192 1096 0 -48 48 0
2192 1233 0 -48 42 6
2192 1370 0 -48 36 12
2192 1507 0 -48 30 18
2192 1644 0 -48 24 24
2192 1781 0 -48 18 30
2192 1918 -274 -48 12 60
2192 1918 0 -48 12 36
2192 2055 0 -48 6 42
2192 2192 0 -48 0 48
2192 -2192 0 -47 188 -141
2192 -1096 0 -47 141 -94
2192 0 0 -47 94 -47
2192 1096 0 -47 47 0
2192 2192 0 -47 0 47
2192 -2192 0 -46 184 -138
2192 -1644 0 -46 161 -115
2192 -1096 0 -46 138 -92
2192 -548 0 -46 115 -69
2192 0 0 -46 92 -46
2192 548 0 -46 69 -23
2192 1096 0 -46 46 0
2192 1644 0 -46 23 23
2192 2192 0 -46 0 46
2192 -2192 0 -45 180 -135
2192 -1096 0 -45 135 -90
2192 0 0 -45 90 -45
2192 1096 0 -45 45 0
2192 2192 0 -45 0 45
2192 -2192 0 -44 176 -132
2192 -1918 0 -44 165 -121
2192 -1644 0 -44 154 -110
2192 -1370 0 -44 143 -99
2192 -1096 0 -44 132 -88
2192 -822 0 -44 121 -77
2192 -548 0 -44 110 -66
2192 -274 0 -44 99 -55
2192 0 0 -44 88 -44
2192 274 0 -44 77 -33
2192 548 0 -44 66 -22
2192 822 0 -44 55 -11
2192 1096 0 -44 44 0
2192 1370 0 -44 33 11
2192 1644 0 -44 22 22
2192 1918 0 -44 11 33
2192 2192 0 -44 0 44
2192 -2192 0 -43 172 -129
2192 -1096 0 -43 129 -86
2192 0 0 -43 86 -43
2192 1096 0 -43 43 0
2192 2192 0 -43 0 43
2192 -2192 0 -42 168 -126
2192 -1644 0 -42 147 -105
2192 -1096 0 -42 126 -84
2192 -548 0 -42 105 -63
2192 0 0 -42 84 -42
2192 548 0 -42 63 -21
2192 1096 0 -42 42 0
2192 1644 0 -42 21 21
2192 2192 0 -42 0 42
2192 -2192 0 -41 164 -123
2192 -1096 0 -41 123 -82
2192 0 0 -41 82 -41
2192 1096 0 -41 41 0
2192 2192 0 -41 0 41
2192 -2192 0 -40 160 -120
2192 -2055 0 -40 155 -115
2192 -1918 0 -40 150 -110
2192 -1781 0 -40 145 -105
2192 -1644 0 -40 140 -100
2192 -1507 0 -40 135 -95
2192 -1370 0 -40 130 -90
2192 -1233 0 -40 125 -85
2192 -1096 0 -40 120 -80
2192 -959 0 -40 115 -75
2192 -822 0 -40 110 -70
2192 -685 0 -40 105 -65
2192 -548 0 -40 100 -60
2192 -411 0 -40 95 -55
2192 -274 0 -40 90 -50
2192 -137 0 -40 85 -45
2192 0 0 -40 80 -40
2192 137 0 -40 75 -35
2192 274 0 -40 70 -30
2192 411 0 -40 65 -25
2192 548 0 -40 60 -20
2192 685 0 -40 55 -15
2192 822 0 -40 50 -10
2192 959 0 -40 45 -5
2192 1096 0 -40 40 0
2192 1233 0 -40 35 5
2192 1370 0 -40 30 10
2192 1507 0 -40 25 15
2192 1644 0 -40 20 20
2192 1781 0 -40 15 25
2192 1918 0 -40 10 30
2192 2055 0 -40 5 35
2192 2192 0 -40 0 40
2192 -2192 0 -39 156 -117
2192 -1096 0 -39 117 -78
2192 0 0 -39 78 -39
2192 1096 0 -39 39 0
2192 2192 0 -39 0 39
2192 -2192 0 -38 152 -114
2192 -1644 0 -38 133 -95
2192 -1096 0 -38 114 -76
2192 -548 0 -38 95 -57
2192 0 0 -38 76 -38
2192 548 0 -38 57 -19
2192 1096 0 -38 38 0
2192 1644 0 -38 19 19
2192 2192 0 -38 0 38
2192 -2192 0 -37 148 -111
2192 -1096 0 -37 111 -74
2192 0 0 -37 74 -37
2192 1096 0 -37 37 0
2192 2192 0 -37 0 37
2192 -2192 0 -36 144 -108
2192 -1918 0 -36 135 -99
2192 -1644 0 -36 126 -90
2192 -1370 0 -36 117 -81
2192 -1096 0 -36 108 -72
2192 -822 0 -36 99 -63
2192 -548 0 -36 90 -54
2192 -274 0 -36 81 -45
2192 0 0 -36 72 -36
2192 274 0 -36 63 -27
2192 548 0 -36 54 -18
2192 822 0 -36 45 -9
2192 1096 0 -36 36 0
2192 1370 0 -36 27 9
2192 1644 0 -36 18 18
2192 1918 0 -36 9 27
2192 2192 0 -36 0 36
2192 -2192 0 -35 140 -105
2192 -1096 0 -35 105 -70
2192 0 0 -35 70 -35
2192 1096 0 -35 35 0
2192 2192 0 -35 0 35
2192 -2192 0 -34 136 -102
2192 -1644 0 -34 119 -85
2192 -1096 0 -34 102 -68
2192 -548 0 -34 85 -51
2192 0 0 -34 68 -34
2192 548 0 -34 51 -17
2192 1096 0 -34 34 0
2192 1644 0 -34 17 17
2192 2192 0 -34 0 34
2192 -2192 0 -33 132 -99
2192 -1096 0 -33 99 -66
2192 0 0 -33 66 -33
2192 1096 0 -33 33 0
2192 2192 0 -33 0 33
2192 -2192 0 -32 128 -96
2192 -2055 0 -32 124 -92
2192 -1918 0 -32 120 -88
2192 -1781 0 -32 116 -84
2192 -1644 0 -32 112 -80
2192 -1507 0 -32 108 -76
2192 -1370 0 -32 104 -72
2192 -1233 0 -32 100 -68
2192 -1096 0 -32 96 -64
2192 -959 0 -32 92 -60
2192 -822 0 -32 88 -56
2192 -685 0 -32 84 -52
2192 -548 0 -32 80 -48
2192 -411 0 -32 76 -44
2192 -274 0 -32 72 -40
2192 -137 0 -32 68 -36
2192 0 0 -32 64 -32
2192 137 0 -32 60 -28
2192 274 0 -32 56 -24
2192 411 0 -32 52 -20
2192 548 0 -32 48 -16
2192 685 0 -32 44 -12
2192 822 0 -32 40 -8
2192 959 0 -32 36 -4
2192 1096 0 -32 32 0
2192 1233 0 -32 28 4
2192 1370 0 -32 24 8
2192 1507 0 -32 20 12
2192 1644 0 -32 16 16
2192 1781 0 -32 12 20
2192 1918 -274 -32 8 40
2192 1918 0 -32 8 24
2192 2055 0 -32 4 28
2192 2192 0 -32 0 32
2192 -2192 0 -31 124 -93
2192 -1096 0 -31 93 -62
2192 0 0 -31 62 -31
2192 1096 0 -31 31 0
2192 2192 0 -31 0 31
2192 -2192 0 -30 120 -90
2192 -1644 0 -30 105 -75
2192 -1096 0 -30 90 -60
2192 -548 0 -30 75 -45
2192 0 0 -30 60 -30
2192 548 0 -30 45 -15
2192 1096 0 -30 30 0
2192 1644 0 -30 15 15
2192 2192 0 -30 0 30
2192 -2192 0 -29 116 -87
2192 -1096 0 -29 87 -58
2192 0 0 -29 58 -29
2192 1096 0 -29 29 0
2192 2192 0 -29 0 29
2192 -2192 0 -28 112 -84
2192 -1918 0 -28 105 -77
2192 -1644 0 -28 98 -70
2192 -1370 0 -28 91 -63
2192 -1096 0 -28 84 -56
2192 -822 0 -28 77 -49
2192 -548 0 -28 70 -42
2192 -274 0 -28 63 -35
2192 0 0 -28 56 -28
2192 274 0 -28 49 -21
2192 548 0 -28 42 -14
2192 822 0 -28 35 -7
2192 1096 0 -28 28 0
2192 1370 0 -28 21 7
2192 1644 0 -28 14 14
2192 1918 0 -28 7 21
2192 2192 0 -28 0 28
2192 -2192 0 -27 108 -81
2192 -1096 0 -27 81 -54
2192 0 0 -27 54 -27
2192 1096 0 -27 27 0
2192 2192 0 -27 0 27
2192 -2192 0 -26 104 -78
2192 -1644 0 -26 91 -65
2192 -1096 0 -26 78 -52
2192 -548 0 -26 65 -39
2192 0 0 -26 52 -26
2192 548 0 -26 39 -13
2192 1096 0 -26 26 0
2192 1644 0 -26 13 13
2192 2192 0 -26 0 26
2192 -2192 0 -25 100 -75
2192 -1096 0 -25 75 -50
2192 0 0 -25 50 -25
2192 1096 0 -25 25 0
2192 2192 0 -25 0 25
2192 -2192 0 -24 96 -72
2192 -2055 0 -24 93 -69
2192 -1918 0 -24 90 -66
2192 -1781 0 -24 87 -63
2192 -1644 0 -24 84 -60
2192 -1507 0 -24 81 -57
2192 -1370 0 -24 78 -54
2192 -1233 0 -24 75 -51
2192 -1096 0 -24 72 -48
2192 -959 0 -24 69 -45
2192 -822 0 -24 66 -42
2192 -685 0 -24 63 -39
2192 -548 0 -24 60 -36
2192 -411 0 -24 57 -33
2192 -274 0 -24 54 -30
2192 -137 0 -24 51 -27
2192 0 0 -24 48 -24
2192 137 0 -24 45 -21
2192 274 0 -24 42 -18
2192 411 0 -24 39 -15
2192 548 0 -24 36 -12
2192 685 0 -24 33 -9
2192 822 0 -24 30 -6
2192 959 0 -24 27 -3
2192 1096 0 -24 24 0
2192 1233 0 -24 21 3
2192 1370 0 -24 18 6
2192 1507 0 -24 15 9
2192 1644 0 -24 12 12
2192 1781 0 -24 9 15
2192 1918 0 -24 6 18
2192 2055 0 -24 3 21
2192 2192 0 -24 0 24
2192 -2192 0 -23 92 -69
2192 -1096 0 -23 69 -46
2192 0 0 -23 46 -23
2192 1096 0 -23 23 0
2192 2192 0 -23 0 23
2192 -2192 0 -22 88 -66
2192 -1644 0 -22 77 -55
2192 -1096 0 -22 66 -44
2192 -548 0 -22 55 -33
2192 0 0 -22 44 -22
2192 548 0 -22 33 -11
2192 1096 0 -22 22 0
2192 1644 0 -22 11 11
2192 2192 0 -22 0 22
2192 -2192 0 -21 84 -63
2192 -1096 0 -21 63 -42
2192 0 0 -21 42 -21
2192 1096 0 -21 21 0
2192 2192 0 -21 0 21
2192 -2192 0 -20 80 -60
2192 -1918 0 -20 75 -55
2192 -1644 0 -20 70 -50
2192 -1370 0 -20 65 -45
2192 -1096 0 -20 60 -40
2192 -822 0 -20 55 -35
2192 -548 0 -20 50 -30
2192 -274 0 -20 45 -25
2192 0 0 -20 40 -20
2192 274 0 -20 35 -15
2192 548 0 -20 30 -10
2192 822 0 -20 25 -5
2192 1096 0 -20 20 0
2192 1370 0 -20 15 5
2192 1644 0 -20 10 10
2192 1918 0 -20 5 15
2192 2192 0 -20 0 20
2192 -2192 0 -19 76 -57
2192 -1096 0 -19 57 -38
2192 0 0 -19 38 -19
2192 1096 0 -19 19 0
2192 2192 0 -19 0 19
2192 -2192 0 -18 72 -54
2192 -1644 0 -18 63 -45
2192 -1096 0 -18 54 -36
2192 -548 0 -18 45 -27
2192 0 0 -18 36 -18
2192 548 0 -18 27 -9
2192 1096 0 -18 18 0
2192 1644 0 -18 9 9
2192 2192 0 -18 0 18
2192 -2192 0 -17 68 -51
2192 -1096 0 -17 51 -34
2192 0 0 -17 34 -17
2192 1096 0 -17 17 0
2192 2192 0 -17 0 17
2192 -2192 0 -16 64 -48
2192 -2055 0 -16 62 -46
2192 -1918 0 -16 60 -44
2192 -1781 0 -16 58 -42
2192 -1644 0 -16 56 -40
2192 -1507 0 -16 54 -38
2192 -1370 0 -16 52 -36
2192 -1233 0 -16 50 -34
2192 -1096 0 -16 48 -32
2192 -959 0 -16 46 -30
2192 -822 0 -16 44 -28
2192 -685 0 -16 42 -26
2192 -548 0 -16 40 -24
2192 -411 0 -16 38 -22
2192 -274 0 -16 36 -20
2192 -137 0 -16 34 -18
2192 0 0 -16 32 -16
2192 137 0 -16 30 -14
2192 274 0 -16 28 -12
2192 411 0 -16 26 -10
2192 548 0 -16 24 -8
2192 685 0 -16 22 -6
2192 822 0 -16 20 -4
2192 959 0 -16 18 -2
2192 1096 0 -16 16 0
2192 1233 0 -16 14 2
2192 1370 0 -16 12 4
2192 1507 0 -16 10 6
2192 1644 0 -16 8 8
2192 1781 0 -16 6 10
2192 1918 -274 -16 4 20
2192 1918 0 -16 4 12
2192 2055 0 -16 2 14
2192 2192 0 -16 0 16
2192 -2192 0 -15 60 -45
2192 -1096 0 -15 45 -30
2192 0 0 -15 30 -15
2192 1096 0 -15 15 0
2192 2192 0 -15 0 15
2192 -2192 0 -14 56 -42
2192 -1644 0 -14 49 -35
2192 -1096 0 -14 42 -28
2192 -548 0 -14 35 -21
2192 0 0 -14 28 -14
2192 548 0 -14 21 -7
2192 1096 0 -14 14 0
2192 1644 0 -14 7 7
2192 2192 0 -14 0 14
2192 -2192 0 -13 52 -39
2192 -1096 0 -13 39 -26
2192 0 0 -13 26 -13
2192 1096 0 -13 13 0
2192 2192 0 -13 0 13
2192 -2192 0 -12 48 -36
2192 -1918 0 -12 45 -33
2192 -1644 0 -12 42 -30
2192 -1370 0 -12 39 -27
2192 -1096 0 -12 36 -24
2192 -822 0 -12 33 -21
2192 -548 0 -12 30 -18
2192 -274 0 -12 27 -15
2192 0 0 -12 24 -12
2192 274 0 -12 21 -9
2192 548 0 -12 18 -6
2192 822 0 -12 15 -3
2192 1096 0 -12 12 0
2192 1370 0 -12 9 3
2192 1644 0 -12 6 6
2192 1918 0 -12 3 9
2192 2192 0 -12 0 12
2192 -2192 0 -11 44 -33
2192 -1096 0 -11 33 -22
2192 0 0 -11 22 -11
2192 1096 0 -11 11 0
2192 2192 0 -11 0 11
2192 -2192 0 -10 40 -30
2192 -1644 0 -10 35 -25
2192 -1096 0 -10 30 -20
2192 -548 0 -10 25 -15
2192 0 0 -10 20 -10
2192 548 0 -10 15 -5
2192 1096 0 -10 10 0
2192 1644 0 -10 5 5
2192 2192 0 -10 0 10
2192 -2192 0 -9 36 -27
2192 -1096 0 -9 27 -18
2192 0 0 -9 18 -9
2192 1096 0 -9 9 0
2192 2192 0 -9 0 9
2192 -2192 0 -8 32 -24
2192 -2055 0 -8 31 -23
2192 -1918 0 -8 30 -22
2192 -1781 0 -8 29 -21
2192 -1644 0 -8 28 -20
2192 -1507 0 -8 27 -19
2192 -1370 0 -8 26 -18
2192 -1233 0 -8 25 -17
2192 -1096 0 -8 24 -16
2192 -959 0 -8 23 -15
2192 -822 0 -8 22 -14
2192 -685 0 -8 21 -13
2192 -548 0 -8 20 -12
2192 -411 0 -8 19 -11
2192 -274 0 -8 18 -10
2192 -137 0 -8 17 -9
2192 0 0 -8 16 -8
2192 137 0 -8 15 -7
2192 274 0 -8 14 -6
2192 411 0 -8 13 -5
2192 548 0 -8 12 -4
2192 685 0 -8 11 -3
2192 822 0 -8 10 -2
2192 959 0 -8 9 -1
2192 1096 0 -8 8 0
2192 1233 0 -8 7 1
2192 1370 0 -8 6 2
2192 1507 0 -8 5 3
2192 1644 0 -8 4 4
2192 1781 0 -8 3 5
2192 1918 0 -8 2 6
2192 2055 0 -8 1 7
2192 2192 0 -8 0 8
2192 -2192 0 -7 28 -21
2192 -1096 0 -7 21 -14
2192 0 0 -7 14 -7
2192 1096 0 -7 7 0
2192 2192 0 -7 0 7
2192 -2192 0 -6 24 -18
2192 -1644 0 -6 21 -15
2192 -1096 0 -6 18 -12
2192 -548 0 -6 15 -9
2192 0 0 -6 12 -6
2192 548 0 -6 9 -3
2192 1096 0 -6 6 0
2192 1644 0 -6 3 3
2192 2192 0 -6 0 6
2192 -2192 0 -5 20 -15
2192 -1096 0 -5 15 -10
2192 0 0 -5 10 -5
2192 1096 0 -5 5 0
2192 2192 0 -5 0 5
2192 -2192 0 -4 16 -12
2192 -1918 0 -4 15 -11
2192 -1644 0 -4 14 -10
2192 -1370 0 -4 13 -9
2192 -1096 0 -4 12 -8
2192 -822 0 -4 11 -7
2192 -548 0 -4 10 -6
2192 -274 0 -4 9 -5
2192 0 0 -4 8 -4
2192 274 0 -4 7 -3
2192 548 0 -4 6 -2
2192 822 0 -4 5 -1
2192 1096 0 -4 4 0
2192 1370 0 -4 3 1
2192 1644 0 -4 2 2
2192 1918 0 -4 1 3
2192 2192 0 -4 0 4
2192 -2192 0 -3 12 -9
2192 -1096 0 -3 9 -6
2192 0 0 -3 6 -3
2192 1096 0 -3 3 0
2192 2192 0 -3 0 3
2192 -2192 0 -2 8 -6
2192 -1644 0 -2 7 -5
2192 -1096 0 -2 6 -4
2192 -548 0 -2 5 -3
2192 0 0 -2 4 -2
2192 548 0 -2 3 -1
2192 1096 0 -2 2 0
2192 1644 0 -2 1 1
2192 2192 0 -2 0 2
2192 -2192 0 -1 4 -3
2192 -1096 0 -1 3 -2
2192 0 0 -1 2 -1
2192 1096 0 -1 1 0
2192 2192 0 -1 0 1
2192 -2192 -1 1 -4 4
2192 -2192 0 1 -4 3
2192 -2192 1 1 -4 4
2192 -1096 0 1 -3 2
2192 0 0 1 -2 1
2192 1096 0 1 -1 0
2192 2192 0 1 0 -1
2192 -2192 0 2 -8 6
2192 -1644 0 2 -7 5
2192 -1096 0 2 -6 4
2192 -548 0 2 -5 3
2192 0 0 2 -4 2
2192 548 0 2 -3 1
2192 1096 0 2 -2 0
2192 1644 0 2 -1 -1
2192 2192 0 2 0 -2
2192 -2192 0 3 -12 9
2192 -1096 0 3 -9 6
2192 0 0 3 -6 3
2192 1096 0 3 -3 0
2192 2192 0 3 0 -3
2192 -2192 -2 4 -16 16
2192 -2192 0 4 -16 12
2192 -2192 2 4 -16 16
2192 -1918 0 4 -15 11
2192 -1644 0 4 -14 10
2192 -1370 0 4 -13 9
2192 -1096 0 4 -12 8
2192 -822 0 4 -11 7
2192 -548 0 4 -10 6
2192 -274 0 4 -9 5
2192 0 0 4 -8 4
2192 274 0 4 -7 3
2192 548 0 4 -6 2
2192 822 0 4 -5 1
2192 1096 0 4 -4 0
2192 1370 0 4 -3 -1
2192 1644 0 4 -2 -2
2192 1918 0 4 -1 -3
2192 2192 0 4 0 -4
2192 -2192 0 5 -20 15
2192 -1096 0 5 -15 10
2192 0 0 5 -10 5
2192 1096 0 5 -5 0
2192 2192 0 5 0 -5
2192 -2192 0 6 -24 18
2192 -1644 0 6 -21 15
2192 -1096 0 6 -18 12
2192 -548 0 6 -15 9
2192 0 0 6 -12 6
2192 548 0 6 -9 3
2192 1096 0 6 -6 0
2192 1644 0 6 -3 -3
2192 2192 0 6 0 -6
2192 -2192 0 7 -28 21
2192 -1096 0 7 -21 14
2192 0 0 7 -14 7
2192 1096 0 7 -7 0
2192 2192 0 7 0 -7
2192 -2192 0 8 -32 24
2192 -2055 0 8 -31 23
2192 -1918 0 8 -30 22
2192 -1781 0 8 -29 21
2192 -1644 0 8 -28 20
2192 -1507 0 8 -27 19
2192 -1370 0 8 -26 18
2192 -1233 0 8 -25 17
2192 -1096 0 8 -24 16
2192 -959 0 8 -23 15
2192 -822 0 8 -22 14
2192 -685 0 8 -21 13
2192 -548 0 8 -20 12
2192 -411 0 8 -19 11
2192 -274 0 8 -18 10
2192 -137 0 8 -17 9
2192 0 0 8 -16 8
2192 137 0 8 -15 7
2192 274 0 8 -14 6
2192 411 0 8 -13 5
2192 548 0 8 -12 4
2192 685 0 8 -11 3
2192 822 0 8 -10 2
2192 959 0 8 -9 1
2192 1096 0 8 -8 0
2192 1233 0 8 -7 -1
2192 1370 0 8 -6 -2
2192 1507 0 8 -5 -3
2192 1644 0 8 -4 -4
2192 1781 0 8 -3 -5
2192 1918 0 8 -2 -6
2192 2055 0 8 -1 -7
2192 2192 0 8 0 -8
2192 -2192 -3 9 -36 36
2192 -2192 0 9 -36 27
2192 -2192 3 9 -36 36
2192 -1096 0 9 -27 18
2192 0 0 9 -18 9
2192 1096 0 9 -9 0
2192 2192 0 9 0 -9
2192 -2192 0 10 -40 30
2192 -1644 0 10 -35 25
2192 -1096 0 10 -30 20
2192 -548 0 10 -25 15
2192 0 0 10 -20 10
2192 548 0 10 -15 5
2192 1096 0 10 -10 0
2192 1644 0 10 -5 -5
2192 2192 0 10 0 -10
2192 -2192 0 11 -44 33
2192 -1096 0 11 -33 22
2192 0 0 11 -22 11
2192 1096 0 11 -11 0
2192 2192 0 11 0 -11
2192 -2192 0 12 -48 36
2192 -1918 0 12 -45 33
2192 -1644 0 12 -42 30
2192 -1370 0 12 -39 27
2192 -1096 0 12 -36 24
2192 -822 0 12 -33 21
2192 -548 0 12 -30 18
2192 -274 0 12 -27 15
2192 0 0 12 -24 12
2192 274 0 12 -21 9
2192 548 0 12 -18 6
2192 822 0 12 -15 3
2192 1096 0 12 -12 0
2192 1370 0 12 -9 -3
2192 1644 0 12 -6 -6
2192 1918 0 12 -3 -9
2192 2192 0 12 0 -12
2192 -2192 0 13 -52 39
2192 -1096 0 13 -39 26
2192 0 0 13 -26 13
2192 1096 0 13 -13 0
2192 2192 0 13 0 -13
2192 -2192 0 14 -56 42
2192 -1644 0 14 -49 35
2192 -1096 0 14 -42 28
2192 -548 0 14 -35 21
2192 0 0 14 -28 14
2192 548 0 14 -21 7
2192 1096 0 14 -14 0
2192 1644 0 14 -7 -7
2192 2192 0 14 0 -14
2192 -2192 0 15 -60 45
2192 -1096 0 15 -45 30
2192 0 0 15 -30 15
2192 1096 0 15 -15 0
2192 2192 0 15 0 -15
2192 -2192 -4 16 -64 64
2192 -2192 0 16 -64 48
2192 -2192 4 16 -64 64
2192 -2055 0 16 -62 46
2192 -1918 0 16 -60 44
2192 -1781 0 16 -58 42
2192 -1644 0 16 -56 40
2192 -1507 0 16 -54 38
2192 -1370 0 16 -52 36
2192 -1233 0 16 -50 34
2192 -1096 0 16 -48 32
2192 -959 0 16 -46 30
2192 -822 0 16 -44 28
2192 -685 0 16 -42 26
2192 -548 0 16 -40 24
2192 -411 0 16 -38 22
2192 -274 0 16 -36 20
2192 -137 0 16 -34 18
2192 0 0 16 -32 16
2192 137 0 16 -30 14
2192 274 0 16 -28 12
2192 411 0 16 -26 10
2192 548 0 16 -24 8
2192 685 0 16 -22 6
2192 822 0 16 -20 4
2192 959 0 16 -18 2
2192 1096 0 16 -16 0
2192 1233 0 16 -14 -2
2192 1370 0 16 -12 -4
2192 1507 0 16 -10 -6
2192 1644 0 16 -8 -8
2192 1781 0 16 -6 -10
2192 1918 -274 16 -4 -20
2192 1918 0 16 -4 -12
2192 2055 0 16 -2 -14
2192 2192 0 16 0 -16
2192 -2192 0 17 -68 51
2192 -1096 0 17 -51 34
2192 0 0 17 -34 17
2192 1096 0 17 -17 0
2192 2192 0 17 0 -17
2192 -2192 0 18 -72 54
2192 -1644 0 18 -63 45
2192 -1096 0 18 -54 36
2192 -548 0 18 -45 27
2192 0 0 18 -36 18
2192 548 0 18 -27 9
2192 1096 0 18 -18 0
2192 1644 0 18 -9 -9
2192 2192 0 18 0 -18
2192 -2192 0 19 -76 57
2192 -1096 0 19 -57 38
2192 0 0 19 -38 19
2192 1096 0 19 -19 0
2192 2192 0 19 0 -19
2192 -2192 0 20 -80 60
2192 -1918 0 20 -75 55
2192 -1644 0 20 -70 50
2192 -1370 0 20 -65 45
2192 -1096 0 20 -60 40
2192 -822 0 20 -55 35
2192 -548 0 20 -50 30
2192 -274 0 20 -45 25
2192 0 0 20 -40 20
2192 274 0 20 -35 15
2192 548 0 20 -30 10
2192 822 0 20 -25 5
2192 1096 0 20 -20 0
2192 1370 0 20 -15 -5
2192 1644 0 20 -10 -10
2192 1918 0 20 -5 -15
2192 2192 0 20 0 -20
2192 -2192 0 21 -84 63
2192 -1096 0 21 -63 42
2192 0 0 21 -42 21
2192 1096 0 21 -21 0
2192 2192 0 21 0 -21
2192 -2192 0 22 -88 66
2192 -1644 0 22 -77 55
2192 -1096 0 22 -66 44
2192 -548 0 22 -55 33
2192 0 0 22 -44 22
2192 548 0 22 -33 11
2192 1096 0 22 -22 0
2192 1644 0 22 -11 -11
2192 2192 0 22 0 -22
2192 -2192 0 23 -92 69
2192 -1096 0 23 -69 46
2192 0 0 23 -46 23
2192 1096 0 23 -23 0
2192 2192 0 23 0 -23
2192 -2192 0 24 -96 72
2192 -2055 0 24 -93 69
2192 -1918 0 24 -90 66
2192 -1781 0 24 -87 63
2192 -1644 0 24 -84 60
2192 -1507 0 24 -81 57
2192 -1370 0 24 -78 54
2192 -1233 0 24 -75 51
2192 -1096 0 24 -72 48
2192 -959 0 24 -69 45
2192 -822 0 24 -66 42
2192 -685 0 24 -63 39
2192 -548 0 24 -60 36
2192 -411 0 24 -57 33
2192 -274 0 24 -54 30
2192 -137 0 24 -51 27
2192 0 0 24 -48 24
2192 137 0 24 -45 21
2192 274 0 24 -42 18
2192 411 0 24 -39 15
2192 548 0 24 -36 12
2192 685 0 24 -33 9
2192 822 0 24 -30 6
2192 959 0 24 -27 3
2192 1096 0 24 -24 0
2192 1233 0 24 -21 -3
2192 1370 0 24 -18 -6
2192 1507 0 24 -15 -9
2192 1644 0 24 -12 -12
2192 1781 0 24 -9 -15
2192 1918 0 24 -6 -18
2192 2055 0 24 -3 -21
2192 2192 0 24 0 -24
2192 -2192 -5 25 -100 100
2192 -2192 0 25 -100 75
2192 -2192 5 25 -100 100
2192 -1096 0 25 -75 50
2192 0 0 25 -50 25
2192 1096 0 25 -25 0
2192 2192 0 25 0 -25
2192 -2192 0 26 -104 78
2192 -1644 0 26 -91 65
2192 -1096 0 26 -78 52
2192 -548 0 26 -65 39
2192 0 0 26 -52 26
2192 548 0 26 -39 13
2192 1096 0 26 -26 0
2192 1644 0 26 -13 -13
2192 2192 0 26 0 -26
2192 -2192 0 27 -108 81
2192 -1096 0 27 -81 54
2192 0 0 27 -54 27
2192 1096 0 27 -27 0
2192 2192 0 27 0 -27
2192 -2192 0 28 -112 84
2192 -1918 0 28 -105 77
2192 -1644 0 28 -98 70
2192 -1370 0 28 -91 63
2192 -1096 0 28 -84 56
2192 -822 0 28 -77 49
2192 -548 0 28 -70 42
2192 -274 0 28 -63 35
2192 0 0 28 -56 28
2192 274 0 28 -49 21
2192 548 0 28 -42 14
2192 822 0 28 -35 7
2192 1096 0 28 -28 0
2192 1370 0 28 -21 -7
2192 1644 0 28 -14 -14
2192 1918 0 28 -7 -21
2192 2192 0 28 0 -28
2192 -2192 0 29 -116 87
2192 -1096 0 29 -87 58
2192 0 0 29 -58 29
2192 1096 0 29 -29 0
2192 2192 0 29 0 -29
2192 -2192 0 30 -120 90
2192 -1644 0 30 -105 75
2192 -1096 0 30 -90 60
2192 -548 0 30 -75 45
2192 0 0 30 -60 30
2192 548 0 30 -45 15
2192 1096 0 30 -30 0
2192 1644 0 30 -15 -15
2192 2192 0 30 0 -30
2192 -2192 0 31 -124 93
2192 -1096 0 31 -93 62
2192 0 0 31 -62 31
2192 1096 0 31 -31 0
2192 2192 0 31 0 -31
2192 -2192 0 32 -128 96
2192 -2055 0 32 -124 92
2192 -1918 0 32 -120 88
2192 -1781 0 32 -116 84
2192 -1644 0 32 -112 80
2192 -1507 0 32 -108 76
2192 -1370 0 32 -104 72
2192 -1233 0 32 -100 68
2192 -1096 0 32 -96 64
2192 -959 0 32 -92 60
2192 -822 0 32 -88 56
2192 -685 0 32 -84 52
2192 -548 0 32 -80 48
2192 -411 0 32 -76 44
2192 -274 0 32 -72 40
2192 -137 0 32 -68 36
2192 0 0 32 -64 32
2192 137 0 32 -60 28
2192 274 0 32 -56 24
2192 411 0 32 -52 20
2192 548 0 32 -48 16
2192 685 0 32 -44 12
2192 822 0 32 -40 8
2192 959 0 32 -36 4
2192 1096 0 32 -32 0
2192 1233 0 32 -28 -4
2192 1370 0 32 -24 -8
2192 1507 0 32 -20 -12
2192 1644 0 32 -16 -16
2192 1781 0 32 -12 -20
2192 1918 -274 32 -8 -40
2192 1918 0 32 -8 -24
2192 2055 0 32 -4 -28
2192 2192 0 32 0 -32
2192 -2192 0 33 -132 99
2192 -1096 0 33 -99 66
2192 0 0 33 -66 33
2192 1096 0 33 -33 0
2192 2192 0 33 0 -33
2192 -2192 0 34 -136 102
2192 -1644 0 34 -119 85
2192 -1096 0 34 -102 68
2192 -548 0 34 -85 51
2192 0 0 34 -68 34
2192 548 0 34 -51 17
2192 1096 0 34 -34 0
2192 1644 0 34 -17 -17
2192 2192 0 34 0 -34
2192 -2192 0 35 -140 105
2192 -1096 0 35 -105 70
2192 0 0 35 -70 35
2192 1096 0 35 -35 0
2192 2192 0 35 0 -35
2192 -2192 -6 36 -144 144
2192 -2192 0 36 -144 108
2192 -2192 6 36 -144 144
2192 -1918 0 36 -135 99
2192 -1644 0 36 -126 90
2192 -1370 0 36 -117 81
2192 -1096 0 36 -108 72
2192 -822 0 36 -99 63
2192 -548 0 36 -90 54
2192 -274 0 36 -81 45
2192 0 0 36 -72 36
2192 274 0 36 -63 27
2192 548 0 36 -54 18
2192 822 0 36 -45 9
2192 1096 0 36 -36 0
2192 1370 0 36 -27 -9
2192 1644 0 36 -18 -18
2192 1918 0 36 -9 -27
2192 2192 0 36 0 -36
2192 -2192 0 37 -148 111
2192 -1096 0 37 -111 74
2192 0 0 37 -74 37
2192 1096 0 37 -37 0
2192 2192 0 37 0 -37
2192 -2192 0 38 -152 114
2192 -1644 0 38 -133 95
2192 -1096 0 38 -114 76
2192 -548 0 38 -95 57
2192 0 0 38 -76 38
2192 548 0 38 -57 19
2192 1096 0 38 -38 0
2192 1644 0 38 -19 -19
2192 2192 0 38 0 -38
2192 -2192 0 39 -156 117
2192 -1096 0 39 -117 78
2192 0 0 39 -78 39
2192 1096 0 39 -39 0
2192 2192 0 39 0 -39
2192 -2192 0 40 -160 120
2192 -2055 0 40 -155 115
2192 -1918 0 40 -150 110
2192 -1781 0 40 -145 105
2192 -1644 0 40 -140 100
2192 -1507 0 40 -135 95
2192 -1370 0 40 -130 90
2192 -1233 0 40 -125 85
2192 -1096 0 40 -120 80
2192 -959 0 40 -115 75
2192 -822 0 40 -110 70
2192 -685 0 40 -105 65
2192 -548 0 40 -100 60
2192 -411 0 40 -95 55
2192 -274 0 40 -90 50
2192 -137 0 40 -85 45
2192 0 0 40 -80 40
2192 137 0 40 -75 35
2192 274 0 40 -70 30
2192 411 0 40 -65 25
2192 548 0 40 -60 20
2192 685 0 40 -55 15
2192 822 0 40 -50 10
2192 959 0 40 -45 5
2192 1096 0 40 -40 0
2192 1233 0 40 -35 -5
2192 1370 0 40 -30 -10
2192 1507 0 40 -25 -15
2192 1644 0 40 -20 -20
2192 1781 0 40 -15 -25
2192 1918 0 40 -10 -30
2192 2055 0 40 -5 -35
2192 2192 0 40 0 -40
2192 -2192 0 41 -164 123
2192 -1096 0 41 -123 82
2192 0 0 41 -82 41
2192 1096 0 41 -41 0
2192 2192 0 41 0 -41
2192 -2192 0 42 -168 126
2192 -1644 0 42 -147 105
2192 -1096 0 42 -126 84
2192 -548 0 42 -105 63
2192 0 0 42 -84 42
2192 548 0 42 -63 21
2192 1096 0 42 -42 0
2192 1644 0 42 -21 -21
2192 2192 0 42 0 -42
2192 -2192 0 43 -172 129
2192 -1096 0 43 -129 86
2192 0 0 43 -86 43
2192 1096 0 43 -43 0
2192 2192 0 43 0 -43
2192 -2192 0 44 -176 132
2192 -1918 0 44 -165 121
2192 -1644 0 44 -154 110
2192 -1370 0 44 -143 99
2192 -1096 0 44 -132 88
2192 -822 0 44 -121 77
2192 -548 0 44 -110 66
2192 -274 0 44 -99 55
2192 0 0 44 -88 44
2192 274 0 44 -77 33
2192 548 0 44 -66 22
2192 822 0 44 -55 11
2192 1096 0 44 -44 0
2192 1370 0 44 -33 -11
2192 1644 0 44 -22 -22
2192 1918 0 44 -11 -33
2192 2192 0 44 0 -44
2192 -2192 0 45 -180 135
2192 -1096 0 45 -135 90
2192 0 0 45 -90 45
2192 1096 0 45 -45 0
2192 2192 0 45 0 -45
2192 -2192 0 46 -184 138
2192 -1644 0 46 -161 115
2192 -1096 0 46 -138 92
2192 -548 0 46 -115 69
2192 0 0 46 -92 46
2192 548 0 46 -69 23
2192 1096 0 46 -46 0
2192 1644 0 46 -23 -23
2192 2192 0 46 0 -46
2192 -2192 0 47 -188 141
2192 -1096 0 47 -141 94
2192 0 0 47 -94 47
2192 1096 0 47 -47 0
2192 2192 0 47 0 -47
2192 -2192 0 48 -192 144
2192 -2055 0 48 -186 138
2192 -1918 0 48 -180 132
2192 -1781 0 48 -174 126
2192 -1644 0 48 -168 120
2192 -1507 0 48 -162 114
2192 -1370 0 48 -156 108
2192 -1233 0 48 -150 102
2192 -1096 0 48 -144 96
2192 -959 0 48 -138 90
2192 -822 0 48 -132 84
2192 -685 0 48 -126 78
2192 -548 0 48 -120 72
2192 -411 0 48 -114 66
2192 -274 0 48 -108 60
2192 -137 0 48 -102 54
2192 0 0 48 -96 48
2192 137 0 48 -90 42
2192 274 0 48 -84 36
2192 411 0 48 -78 30
2192 548 0 48 -72 24
2192 685 0 48 -66 18
2192 822 0 48 -60 12
2192 959 0 48 -54 6
2192 1096 0 48 -48 0
2192 1233 0 48 -42 -6
2192 1370 0 48 -36 -12
2192 1507 0 48 -30 -18
2192 1644 0 48 -24 -24
2192 1781 0 48 -18 -30
2192 1918 -274 48 -12 -60
2192 1918 0 48 -12 -36
2192 2055 0 48 -6 -42
2192 2192 0 48 0 -48
2192 -2192 -7 49 -196 196
2192 -2192 0 49 -196 147
2192 -2192 7 49 -196 196
2192 -1096 0 49 -147 98
2192 0 0 49 -98 49
2192 1096 0 49 -49 0
2192 2192 0 49 0 -49
2192 -2192 0 50 -200 150
2192 -1644 0 50 -175 125
2192 -1096 0 50 -150 100
2192 -548 0 50 -125 75
2192 0 0 50 -100 50
2192 548 0 50 -75 25
2192 1096 0 50 -50 0
2192 1644 0 50 -25 -25
2192 2192 0 50 0 -50
2192 -2192 0 51 -204 153
2192 -1096 0 51 -153 102
2192 0 0 51 -102 51
2192 1096 0 51 -51 0
2192 2192 0 51 0 -51
2192 -2192 0 52 -208 156
2192 -1918 0 52 -195 143
2192 -1644 0 52 -182 130
2192 -1370 0 52 -169 117
2192 -1096 0 52 -156 104
2192 -822 0 52 -143 91
2192 -548 0 52 -130 78
2192 -274 0 52 -117 65
2192 0 0 52 -104 52
2192 274 0 52 -91 39
2192 548 0 52 -78 26
2192 822 0 52 -65 13
2192 1096 0 52 -52 0
2192 1370 0 52 -39 -13
2192 1644 0 52 -26 -26
2192 1918 0 52 -13 -39
2192 2192 0 52 0 -52
2192 -2192 0 53 -212 159
2192 -1096 0 53 -159 106
2192 0 0 53 -106 53
2192 1096 0 53 -53 0
2192 2192 0 53 0 -53
2192 -2192 0 54 -216 162
2192 -1644 0 54 -189 135
2192 -1096 0 54 -162 108
2192 -548 0 54 -135 81
2192 0 0 54 -108 54
2192 548 0 54 -81 27
2192 1096 0 54 -54 0
2192 1644 0 54 -27 -27
2192 2192 0 54 0 -54
2192 -2192 0 55 -220 165
2192 -1096 0 55 -165 110
2192 0 0 55 -110 55
2192 1096 0 55 -55 0
2192 2192 0 55 0 -55
2192 -2192 0 56 -224 168
2192 -2055 0 56 -217 161
2192 -1918 0 56 -210 154
2192 -1781 0 56 -203 147
2192 -1644 0 56 -196 140
2192 -1507 0 56 -189 133
2192 -1370 0 56 -182 126
2192 -1233 0 56 -175 119
2192 -1096 0 56 -168 112
2192 -959 0 56 -161 105
2192 -822 0 56 -154 98
2192 -685 0 56 -147 91
2192 -548 0 56 -140 84
2192 -411 0 56 -133 77
2192 -274 0 56 -126 70
2192 -137 0 56 -119 63
2192 0 0 56 -112 56
2192 137 0 56 -105 49
2192 274 0 56 -98 42
2192 411 0 56 -91 35
2192 548 0 56 -84 28
2192 685 0 56 -77 21
2192 822 0 56 -70 14
2192 959 0 56 -63 7
2192 1096 0 56 -56 0
2192 1233 0 56 -49 -7
2192 1370 0 56 -42 -14
2192 1507 0 56 -35 -21
2192 1644 0 56 -28 -28
2192 1781 0 56 -21 -35
2192 1918 0 56 -14 -42
2192 2055 0 56 -7 -49
2192 2192 0 56 0 -56
2192 -2192 0 57 -228 171
2192 -1096 0 57 -171 114
2192 0 0 57 -114 57
2192 1096 0 57 -57 0
2192 2192 0 57 0 -57
2192 -2192 0 58 -232 174
2192 -1644 0 58 -203 145
2192 -1096 0 58 -174 116
2192 -548 0 58 -145 87
2192 0 0 58 -116 58
2192 548 0 58 -87 29
2192 1096 0 58 -58 0
2192 1644 0 58 -29 -29
2192 2192 0 58 0 -58
2192 -2192 0 59 -236 177
2192 -1096 0 59 -177 118
2192 0 0 59 -118 59
2192 1096 0 59 -59 0
2192 2192 0 59 0 -59
2192 -2192 0 60 -240 180
2192 -1918 0 60 -225 165
2192 -1644 0 60 -210 150
2192 -1370 0 60 -195 135
2192 -1096 0 60 -180 120
2192 -822 0 60 -165 105
2192 -548 0 60 -150 90
2192 -274 0 60 -135 75
2192 0 0 60 -120 60
2192 274 0 60 -105 45
2192 548 0 60 -90 30
2192 822 0 60 -75 15
2192 1096 0 60 -60 0
2192 1370 0 60 -45 -15
2192 1644 0 60 -30 -30
2192 1918 0 60 -15 -45
2192 2192 0 60 0 -60
2193 -2193 0 -60 240 -180
2193 -1462 0 -60 200 -140
2193 -731 0 -60 160 -100
2193 0 0 -60 120 -60
2193 731 0 -60 80 -20
2193 1462 0 -60 40 20
2193 2193 0 -60 0 60
2193 -2193 0 -59 236 -177
2193 0 0 -59 118 -59
2193 2193 0 -59 0 59
2193 -2193 0 -58 232 -174
2193 0 0 -58 116 -58
2193 2193 0 -58 0 58
2193 -2193 0 -57 228 -171
2193 -1462 0 -57 190 -133
2193 -731 0 -57 152 -95
2193 0 0 -57 114 -57
2193 731 0 -57 76 -19
2193 1462 0 -57 38 19
2193 2193 0 -57 0 57
2193 -2193 0 -56 224 -168
2193 0 0 -56 112 -56
2193 2193 0 -56 0 56
2193 -2193 0 -55 220 -165
2193 0 0 -55 110 -55
2193 2193 0 -55 0 55
2193 -2193 0 -54 216 -162
2193 -1462 0 -54 180 -126
2193 -731 0 -54 144 -90
2193 0 0 -54 108 -54
2193 731 0 -54 72 -18
2193 1462 0 -54 36 18
2193 2193 0 -54 0 54
2193 -2193 0 -53 212 -159
2193 0 0 -53 106 -53
2193 2193 0 -53 0 53
2193 -2193 0 -52 208 -156
2193 0 0 -52 104 -52
2193 2193 0 -52 0 52
2193 -2193 0 -51 204 -153
2193 -2150 0 -51 202 -151
2193 -2107 0 -51 200 -149
2193 -2064 0 -51 198 -147
2193 -2021 0 -51 196 -145
2193 -1978 0 -51 194 -143
2193 -1935 0 -51 192 -141
2193 -1892 0 -51 190 -139
2193 -1849 0 -51 188 -137
2193 -1806 0 -51 186 -135
2193 -1763 0 -51 184 -133
2193 -1720 0 -51 182 -131
2193 -1677 0 -51 180 -129
2193 -1634 0 -51 178 -127
2193 -1591 0 -51 176 -125
2193 -1548 0 -51 174 -123
2193 -1505 0 -51 172 -121
2193 -1462 0 -51 170 -119
2193 -1419 0 -51 168 -117
2193 -1376 0 -51 166 -115
2193 -1333 0 -51 164 -113
2193 -1290 0 -51 162 -111
2193 -1247 0 -51 160 -109
2193 -1204 0 -51 158 -107
2193 -1161 0 -51 156 -105
2193 -1118 0 -51 154 -103
2193 -1075 0 -51 152 -101
2193 -1032 0 -51 150 -99
2193 -989 0 -51 148 -97
2193 -946 0 -51 146 -95
2193 -903 0 -51 144 -93
2193 -860 0 -51 142 -91
2193 -817 0 -51 140 -89
2193 -774 0 -51 138 -87
2193 -731 0 -51 136 -85
2193 -688 0 -51 134 -83
2193 -645 0 -51 132 -81
2193 -602 0 -51 130 -79
2193 -559 0 -51 128 -77
2193 -516 0 -51 126 -75
2193 -473 0 -51 124 -73
2193 -430 0 -51 122 -71
2193 -387 0 -51 120 -69
2193 -344 0 -51 118 -67
2193 -301 0 -51 116 -65
2193 -258 0 -51 114 -63
2193 -215 0 -51 112 -61
2193 -172 0 -51 110 -59
2193 -129 0 -51 108 -57
2193 -86 0 -51 106 -55
2193 -43 0 -51 104 -53
2193 0 0 -51 102 -51
2193 43 0 -51 100 -49
2193 86 0 -51 98 -47
2193 129 0 -51 96 -45
2193 172 0 -51 94 -43
2193 215 0 -51 92 -41
2193 258 0 -51 90 -39
2193 301 0 -51 88 -37
2193 344 0 -51 86 -35
2193 387 0 -51 84 -33
2193 430 0 -51 82 -31
2193 473 0 -51 80 -29
2193 516 0 -51 78 -27
2193 559 0 -51 76 -25
2193 602 0 -51 74 -23
2193 645 0 -51 72 -21
2193 688 0 -51 70 -19
2193 731 0 -51 68 -17
2193 774 0 -51 66 -15
2193 817 0 -51 64 -13
2193 860 0 -51 62 -11
2193 903 0 -51 60 -9
2193 946 0 -51 58 -7
2193 989 0 -51 56 -5
2193 1032 0 -51 54 -3
2193 1075 0 -51 52 -1
2193 1118 0 -51 50 1
2193 1161 0 -51 48 3
2193 1204 0 -51 46 5
2193 1247 0 -51 44 7
2193 1290 0 -51 42 9
2193 1333 0 -51 40 11
2193 1376 0 -51 38 13
2193 1419 0 -51 36 15
2193 1462 0 -51 34 17
2193 1505 0 -51 32 19
2193 1548 0 -51 30 21
2193 1591 0 -51 28 23
2193 1634 0 -51 26 25
2193 1677 0 -51 24 27
2193 1720 0 -51 22 29
2193 1763 0 -51 20 31
2193 1806 0 -51 18 33
2193 1849 0 -51 16 35
2193 1892 0 -51 14 37
2193 1935 0 -51 12 39
2193 1978 0 -51 10 41
2193 2021 0 -51 8 43
2193 2064 0 -51 6 45
2193 2107 0 -51 4 47
2193 2150 0 -51 2 49
2193 2193 0 -51 0 51
2193 -2193 0 -50 200 -150
2193 0 0 -50 100 -50
2193 2193 0 -50 0 50
2193 -2193 0 -49 196 -147
2193 0 0 -49 98 -49
2193 2193 0 -49 0 49
2193 -2193 0 -48 192 -144
2193 -1462 0 -48 160 -112
2193 -731 0 -48 128 -80
2193 0 0 -48 96 -48
2193 731 0 -48 64 -16
2193 1462 0 -48 32 16
2193 2193 0 -48 0 48
2193 -2193 0 -47 188 -141
2193 0 0 -47 94 -47
2193 2193 0 -47 0 47
2193 -2193 0 -46 184 -138
2193 0 0 -46 92 -46
2193 2193 0 -46 0 46
2193 -2193 0 -45 180 -135
2193 -1462 0 -45 150 -105
2193 -731 0 -45 120 -75
2193 0 0 -45 90 -45
2193 731 0 -45 60 -15
2193 1462 0 -45 30 15
2193 2193 0 -45 0 45
2193 -2193 0 -44 176 -132
2193 0 0 -44 88 -44
2193 2193 0 -44 0 44
2193 -2193 0 -43 172 -129
2193 -2142 0 -43 170 -127
2193 -2091 0 -43 168 -125
2193 -2040 0 -43 166 -123
2193 -1989 0 -43 164 -121
2193 -1938 0 -43 162 -119
2193 -1887 0 -43 160 -117
2193 -1836 0 -43 158 -115
2193 -1785 0 -43 156 -113
2193 -1734 0 -43 154 -111
2193 -1683 0 -43 152 -109
2193 -1632 0 -43 150 -107
2193 -1581 0 -43 148 -105
2193 -1530 0 -43 146 -103
2193 -1479 0 -43 144 -101
2193 -1428 0 -43 142 -99
2193 -1377 0 -43 140 -97
2193 -1326 0 -43 138 -95
2193 -1275 0 -43 136 -93
2193 -1224 0 -43 134 -91
2193 -1173 0 -43 132 -89
2193 -1122 0 -43 130 -87
2193 -1071 0 -43 128 -85
2193 -1020 0 -43 126 -83
2193 -969 0 -43 124 -81
2193 -918 0 -43 122 -79
2193 -867 0 -43 120 -77
2193 -816 0 -43 118 -75
2193 -765 0 -43 116 -73
2193 -714 0 -43 114 -71
2193 -663 0 -43 112 -69
2193 -612 0 -43 110 -67
2193 -561 0 -43 108 -65
2193 -510 0 -43 106 -63
2193 -459 0 -43 104 -61
2193 -408 0 -43 102 -59
2193 -357 0 -43 100 -57
2193 -306 0 -43 98 -55
2193 -255 0 -43 96 -53
2193 -204 0 -43 94 -51
2193 -153 0 -43 92 -49
2193 -102 0 -43 90 -47
2193 -51 0 -43 88 -45
2193 0 0 -43 86 -43
2193 51 0 -43 84 -41
2193 102 0 -43 82 -39
2193 153 0 -43 80 -37
2193 204 0 -43 78 -35
2193 255 0 -43 76 -33
2193 306 0 -43 74 -31
2193 357 0 -43 72 -29
2193 408 0 -43 70 -27
2193 459 0 -43 68 -25
2193 510 0 -43 66 -23
2193 561 0 -43 64 -21
2193 612 0 -43 62 -19
2193 663 0 -43 60 -17
2193 714 0 -43 58 -15
2193 765 0 -43 56 -13
2193 816 0 -43 54 -11
2193 867 0 -43 52 -9
2193 918 0 -43 50 -7
2193 969 0 -43 48 -5
2193 1020 0 -43 46 -3
2193 1071 0 -43 44 -1
2193 1122 0 -43 42 1
2193 1173 0 -43 40 3
2193 1224 0 -43 38 5
2193 1275 0 -43 36 7
2193 1326 0 -43 34 9
2193 1377 0 -43 32 11
2193 1428 0 -43 30 13
2193 1479 0 -43 28 15
2193 1530 0 -43 26 17
2193 1581 0 -43 24 19
2193 1632 0 -43 22 21
2193 1683 0 -43 20 23
2193 1734 0 -43 18 25
2193 1785 0 -43 16 27
2193 1836 0 -43 14 29
2193 1887 0 -43 12 31
2193 1938 -255 -43 10 53
2193 1938 0 -43 10 33
2193 1989 -204 -43 8 51
2193 1989 0 -43 8 35
2193 2040 -153 -43 6 49
2193 2040 0 -43 6 37
2193 2091 -102 -43 4 47
2193 2091 0 -43 4 39
2193 2142 -51 -43 2 45
2193 2142 0 -43 2 41
2193 2193 0 -43 0 43
2193 -2193 0 -42 168 -126
2193 -1462 0 -42 140 -98
2193 -731 0 -42 112 -70
2193 0 0 -42 84 -42
2193 731 0 -42 56 -14
2193 1462 0 -42 28 14
2193 2193 0 -42 0 42
2193 -2193 0 -41 164 -123
2193 0 0 -41 82 -41
2193 2193 0 -41 0 41
2193 -2193 0 -40 160 -120
2193 0 0 -40 80 -40
2193 2193 0 -40 0 40
2193 -2193 0 -39 156 -117
2193 -1462 0 -39 130 -91
2193 -731 0 -39 104 -65
2193 0 0 -39 78 -39
2193 731 0 -39 52 -13
2193 1462 0 -39 26 13
2193 2193 0 -39 0 39
2193 -2193 0 -38 152 -114
2193 0 0 -38 76 -38
2193 2193 0 -38 0 38
2193 -2193 0 -37 148 -111
2193 0 0 -37 74 -37
2193 2193 0 -37 0 37
2193 -2193 0 -36 144 -108
2193 -1462 0 -36 120 -84
2193 -731 0 -36 96 -60
2193 0 0 -36 72 -36
2193 731 0 -36 48 -12
2193 1462 0 -36 24 12
2193 2193 0 -36 0 36
2193 -2193 0 -35 140 -105
2193 0 0 -35 70 -35
2193 2193 0 -35 0 35
2193 -2193 0 -34 136 -102
2193 -2064 0 -34 132 -98
2193 -1935 0 -34 128 -94
2193 -1806 0 -34 124 -90
2193 -1677 0 -34 120 -86
2193 -1548 0 -34 116 -82
2193 -1419 0 -34 112 -78
2193 -1290 0 -34 108 -74
2193 -1161 0 -34 104 -70
2193 -1032 0 -34 100 -66
2193 -903 0 -34 96 -62
2193 -774 0 -34 92 -58
2193 -645 0 -34 88 -54
2193 -516 0 -34 84 -50
2193 -387 0 -34 80 -46
2193 -258 0 -34 76 -42
2193 -129 0 -34 72 -38
2193 0 0 -34 68 -34
2193 129 0 -34 64 -30
2193 258 0 -34 60 -26
2193 387 0 -34 56 -22
2193 516 0 -34 52 -18
2193 645 0 -34 48 -14
2193 774 0 -34 44 -10
2193 903 0 -34 40 -6
2193 1032 0 -34 36 -2
2193 1161 0 -34 32 2
2193 1290 0 -34 28 6
2193 1419 0 -34 24 10
2193 1548 0 -34 20 14
2193 1677 0 -34 16 18
2193 1806 0 -34 12 22
2193 1935 0 -34 8 26
2193 2064 0 -34 4 30
2193 2193 0 -34 0 34
2193 -2193 0 -33 132 -99
2193 -1462 0 -33 110 -77
2193 -731 0 -33 88 -55
2193 0 0 -33 66 -33
2193 731 0 -33 44 -11
2193 1462 0 -33 22 11
2193 2193 0 -33 0 33
2193 -2193 0 -32 128 -96
2193 0 0 -32 64 -32
2193 2193 0 -32 0 32
2193 -2193 0 -31 124 -93
2193 0 0 -31 62 -31
2193 2193 0 -31 0 31
2193 -2193 0 -30 120 -90
2193 -1462 0 -30 100 -70
2193 -731 0 -30 80 -50
2193 0 0 -30 60 -30
2193 731 0 -30 40 -10
2193 1462 0 -30 20 10
2193 2193 0 -30 0 30
2193 -2193 0 -29 116 -87
2193 0 0 -29 58 -29
2193 2193 0 -29 0 29
2193 -2193 0 -28 112 -84
2193 0 0 -28 56 -28
2193 2193 0 -28 0 28
2193 -2193 0 -27 108 -81
2193 -1462 0 -27 90 -63
2193 -731 0 -27 72 -45
2193 0 0 -27 54 -27
2193 731 0 -27 36 -9
2193 1462 0 -27 18 9
2193 2193 0 -27 0 27
2193 -2193 0 -26 104 -78
2193 0 0 -26 52 -26
2193 2193 0 -26 0 26
2193 -2193 0 -25 100 -75
2193 0 0 -25 50 -25
2193 2193 0 -25 0 25
2193 -2193 0 -24 96 -72
2193 -1462 0 -24 80 -56
2193 -731 0 -24 64 -40
2193 0 0 -24 48 -24
2193 731 0 -24 32 -8
2193 1462 0 -24 16 8
2193 2193 0 -24 0 24
2193 -2193 0 -23 92 -69
2193 0 0 -23 46 -23
2193 2193 0 -23 0 23
2193 -2193 0 -22 88 -66
2193 0 0 -22 44 -22
2193 2193 0 -22 0 22
2193 -2193 0 -21 84 -63
2193 -1462 0 -21 70 -49
2193 -731 0 -21 56 -35
2193 0 0 -21 42 -21
2193 731 0 -21 28 -7
2193 1462 0 -21 14 7
2193 2193 0 -21 0 21
2193 -2193 0 -20 80 -60
2193 0 0 -20 40 -20
2193 2193 0 -20 0 20
2193 -2193 0 -19 76 -57
2193 0 0 -19 38 -19
2193 2193 0 -19 0 19
2193 -2193 0 -18 72 -54
2193 -1462 0 -18 60 -42
2193 -731 0 -18 48 -30
2193 0 0 -18 36 -18
2193 731 0 -18 24 -6
2193 1462 0 -18 12 6
2193 2193 0 -18 0 18
2193 -2193 0 -17 68 -51
2193 -2064 0 -17 66 -49
2193 -1935 0 -17 64 -47
2193 -1806 0 -17 62 -45
2193 -1677 0 -17 60 -43
2193 -1548 0 -17 58 -41
2193 -1419 0 -17 56 -39
2193 -1290 0 -17 54 -37
2193 -1161 0 -17 52 -35
2193 -1032 0 -17 50 -33
2193 -903 0 -17 48 -31
2193 -774 0 -17 46 -29
2193 -645 0 -17 44 -27
2193 -516 0 -17 42 -25
2193 -387 0 -17 40 -23
2193 -258 0 -17 38 -21
2193 -129 0 -17 36 -19
2193 0 0 -17 34 -17
2193 129 0 -17 32 -15
2193 258 0 -17 30 -13
2193 387 0 -17 28 -11
2193 516 0 -17 26 -9
2193 645 0 -17 24 -7
2193 774 0 -17 22 -5
2193 903 0 -17 20 -3
2193 1032 0 -17 18 -1
2193 1161 0 -17 16 1
2193 1290 0 -17 14 3
2193 1419 0 -17 12 5
2193 1548 0 -17 10 7
2193 1677 0 -17 8 9
2193 1806 0 -17 6 11
2193 1935 0 -17 4 13
2193 2064 0 -17 2 15
2193 2193 0 -17 0 17
2193 -2193 0 -16 64 -48
2193 0 0 -16 32 -16
2193 2193 0 -16 0 16
2193 -2193 0 -15 60 -45
2193 -1462 0 -15 50 -35
2193 -731 0 -15 40 -25
2193 0 0 -15 30 -15
2193 731 0 -15 20 -5
2193 1462 0 -15 10 5
2193 2193 0 -15 0 15
2193 -2193 0 -14 56 -42
2193 0 0 -14 28 -14
2193 2193 0 -14 0 14
2193 -2193 0 -13 52 -39
2193 0 0 -13 26 -13
2193 2193 0 -13 0 13
2193 -2193 0 -12 48 -36
2193 -1462 0 -12 40 -28
2193 -731 0 -12 32 -20
2193 0 0 -12 24 -12
2193 731 0 -12 16 -4
2193 1462 0 -12 8 4
2193 2193 0 -12 0 12
2193 -2193 0 -11 44 -33
2193 0 0 -11 22 -11
2193 2193 0 -11 0 11
2193 -2193 0 -10 40 -30
2193 0 0 -10 20 -10
2193 2193 0 -10 0 10
2193 -2193 0 -9 36 -27
2193 -1462 0 -9 30 -21
2193 -731 0 -9 24 -15
2193 0 0 -9 18 -9
2193 731 0 -9 12 -3
2193 1462 0 -9 6 3
2193 2193 0 -9 0 9
2193 -2193 0 -8 32 -24
2193 0 0 -8 16 -8
2193 2193 0 -8 0 8
2193 -2193 0 -7 28 -21
2193 0 0 -7 14 -7
2193 2193 0 -7 0 7
2193 -2193 0 -6 24 -18
2193 -1462 0 -6 20 -14
2193 -731 0 -6 16 -10
2193 0 0 -6 12 -6
2193 731 0 -6 8 -2
2193 1462 0 -6 4 2
2193 2193 0 -6 0 6
2193 -2193 0 -5 20 -15
2193 0 0 -5 10 -5
2193 2193 0 -5 0 5
2193 -2193 0 -4 16 -12
2193 0 0 -4 8 -4
2193 2193 0 -4 0 4
2193 -2193 0 -3 12 -9
2193 -1462 0 -3 10 -7
2193 -731 0 -3 8 -5
2193 0 0 -3 6 -3
2193 731 0 -3 4 -1
2193 1462 0 -3 2 1
2193 2193 0 -3 0 3
2193 -2193 0 -2 8 -6
2193 0 0 -2 4 -2
2193 2193 0 -2 0 2
2193 -2193 0 -1 4 -3
2193 0 0 -1 2 -1
2193 2193 0 -1 0 1
2193 -2193 -1 1 -4 4
2193 -2193 0 1 -4 3
2193 -2193 1 1 -4 4
2193 0 0 1 -2 1
2193 2193 0 1 0 -1
2193 -2193 0 2 -8 6
2193 0 0 2 -4 2
2193 2193 0 2 0 -2
2193 -2193 0 3 -12 9
2193 -1462 0 3 -10 7
2193 -731 0 3 -8 5
2193 0 0 3 -6 3
2193 731 0 3 -4 1
2193 1462 0 3 -2 -1
2193 2193 0 3 0 -3
2193 -2193 -2 4 -16 16
2193 -2193 0 4 -16 12
2193 -2193 2 4 -16 16
2193 0 0 4 -8 4
2193 2193 0 4 0 -4
2193 -2193 0 5 -20 15
2193 0 0 5 -10 5
2193 2193 0 5 0 -5
2193 -2193 0 6 -24 18
2193 -1462 0 6 -20 14
2193 -731 0 6 -16 10
2193 0 0 6 -12 6
2193 731 0 6 -8 2
2193 1462 0 6 -4 -2
2193 2193 0 6 0 -6
2193 -2193 0 7 -28 21
2193 0 0 7 -14 7
2193 2193 0 7 0 -7
2193 -2193 0 8 -32 24
2193 0 0 8 -16 8
2193 2193 0 8 0 -8
2193 -2193 -3 9 -36 36
2193 -2193 0 9 -36 27
2193 -2193 3 9 -36 36
2193 -1462 0 9 -30 21
2193 -731 0 9 -24 15
2193 0 0 9 -18 9
2193 731 0 9 -12 3
2193 1462 0 9 -6 -3
2193 2193 0 9 0 -9
2193 -2193 0 10 -40 30
2193 0 0 10 -20 10
2193 2193 0 10 0 -10
2193 -2193 0 11 -44 33
2193 0 0 11 -22 11
2193 2193 0 11 0 -11
2193 -2193 0 12 -48 36
2193 -1462 0 12 -40 28
2193 -731 0 12 -32 20
2193 0 0 12 -24 12
2193 731 0 12 -16 4
2193 1462 0 12 -8 -4
2193 2193 0 12 0 -12
2193 -2193 0 13 -52 39
2193 0 0 13 -26 13
2193 2193 0 13 0 -13
2193 -2193 0 14 -56 42
2193 0 0 14 -28 14
2193 2193 0 14 0 -14
2193 -2193 0 15 -60 45
2193 -1462 0 15 -50 35
2193 -731 0 15 -40 25
2193 0 0 15 -30 15
2193 731 0 15 -20 5
2193 1462 0 15 -10 -5
2193 2193 0 15 0 -15
2193 -2193 -4 16 -64 64
2193 -2193 0 16 -64 48
2193 -2193 4 16 -64 64
2193 0 0 16 -32 16
2193 2193 0 16 0 -16
2193 -2193 0 17 -68 51
2193 -2064 0 17 -66 49
2193 -1935 0 17 -64 47
2193 -1806 0 17 -62 45
2193 -1677 0 17 -60 43
2193 -1548 0 17 -58 41
2193 -1419 0 17 -56 39
2193 -1290 0 17 -54 37
2193 -1161 0 17 -52 35
2193 -1032 0 17 -50 33
2193 -903 0 17 -48 31
2193 -774 0 17 -46 29
2193 -645 0 17 -44 27
2193 -516 0 17 -42 25
2193 -387 0 17 -40 23
2193 -258 0 17 -38 21
2193 -129 0 17 -36 19
2193 0 0 17 -34 17
2193 129 0 17 -32 15
2193 258 0 17 -30 13
2193 387 0 17 -28 11
2193 516 0 17 -26 9
2193 645 0 17 -24 7
2193 774 0 17 -22 5
2193 903 0 17 -20 3
2193 1032 0 17 -18 1
2193 1161 0 17 -16 -1
2193 1290 0 17 -14 -3
2193 1419 0 17 -12 -5
2193 1548 0 17 -10 -7
2193 1677 0 17 -8 -9
2193 1806 0 17 -6 -11
2193 1935 0 17 -4 -13
2193 2064 0 17 -2 -15
2193 2193 0 17 0 -17
2193 -2193 0 18 -72 54
2193 -1462 0 18 -60 42
2193 -731 0 18 -48 30
2193 0 0 18 -36 18
2193 731 0 18 -24 6
2193 1462 0 18 -12 -6
2193 2193 0 18 0 -18
2193 -2193 0 19 -76 57
2193 0 0 19 -38 19
2193 2193 0 19 0 -19
2193 -2193 0 20 -80 60
2193 0 0 20 -40 20
2193 2193 0 20 0 -20
2193 -2193 0 21 -84 63
2193 -1462 0 21 -70 49
2193 -731 0 21 -56 35
2193 0 0 21 -42 21
2193 731 0 21 -28 7
2193 1462 0 21 -14 -7
2193 2193 0 21 0 -21
2193 -2193 0 22 -88 66
2193 0 0 22 -44 22
2193 2193 0 22 0 -22
2193 -2193 0 23 -92 69
2193 0 0 23 -46 23
2193 2193 0 23 0 -23
2193 -2193 0 24 -96 72
2193 -1462 0 24 -80 56
2193 -731 0 24 -64 40
2193 0 0 24 -48 24
2193 731 0 24 -32 8
2193 1462 0 24 -16 -8
2193 2193 0 24 0 -24
2193 -2193 -5 25 -100 100
2193 -2193 0 25 -100 75
2193 -2193 5 25 -100 100
2193 0 0 25 -50 25
2193 2193 0 25 0 -25
2193 -2193 0 26 -104 78
2193 0 0 26 -52 26
2193 2193 0 26 0 -26
2193 -2193 0 27 -108 81
2193 -1462 0 27 -90 63
2193 -731 0 27 -72 45
2193 0 0 27 -54 27
2193 731 0 27 -36 9
2193 1462 0 27 -18 -9
2193 2193 0 27 0 -27
2193 -2193 0 28 -112 84
2193 0 0 28 -56 28
2193 2193 0 28 0 -28
2193 -2193 0 29 -116 87
2193 0 0 29 -58 29
2193 2193 0 29 0 -29
2193 -2193 0 30 -120 90
2193 -1462 0 30 -100 70
2193 -731 0 30 -80 50
2193 0 0 30 -60 30
2193 731 0 30 -40 10
2193 1462 0 30 -20 -10
2193 2193 0 30 0 -30
2193 -2193 0 31 -124 93
2193 0 0 31 -62 31
2193 2193 0 31 0 -31
2193 -2193 0 32 -128 96
2193 0 0 32 -64 32
2193 2193 0 32 0 -32
2193 -2193 0 33 -132 99
2193 -1462 0 33 -110 77
2193 -731 0 33 -88 55
2193 0 0 33 -66 33
2193 731 0 33 -44 11
2193 1462 0 33 -22 -11
2193 2193 0 33 0 -33
2193 -2193 0 34 -136 102
2193 -2064 0 34 -132 98
2193 -1935 0 34 -128 94
2193 -1806 0 34 -124 90
2193 -1677 0 34 -120 86
2193 -1548 0 34 -116 82
2193 -1419 0 34 -112 78
2193 -1290 0 34 -108 74
2193 -1161 0 34 -104 70
2193 -1032 0 34 -100 66
2193 -903 0 34 -96 62
2193 -774 0 34 -92 58
2193 -645 0 34 -88 54
2193 -516 0 34 -84 50
2193 -387 0 34 -80 46
2193 -258 0 34 -76 42
2193 -129 0 34 -72 38
2193 0 0 34 -68 34
2193 129 0 34 -64 30
2193 258 0 34 -60 26
2193 387 0 34 -56 22
2193 516 0 34 -52 18
2193 645 0 34 -48 14
2193 774 0 34 -44 10
2193 903 0 34 -40 6
2193 1032 0 34 -36 2
2193 1161 0 34 -32 -2
2193 1290 0 34 -28 -6
2193 1419 0 34 -24 -10
2193 1548 0 34 -20 -14
2193 1677 0 34 -16 -18
2193 1806 0 34 -12 -22
2193 1935 0 34 -8 -26
2193 2064 0 34 -4 -30
2193 2193 0 34 0 -34
2193 -2193 0 35 -140 105
2193 0 0 35 -70 35
2193 2193 0 35 0 -35
2193 -2193 -6 36 -144 144
2193 -2193 0 36 -144 108
2193 -2193 6 36 -144 144
2193 -1462 0 36 -120 84
2193 -731 0 36 -96 60
2193 0 0 36 -72 36
2193 731 0 36 -48 12
2193 1462 0 36 -24 -12
2193 2193 0 36 0 -36
2193 -2193 0 37 -148 111
2193 0 0 37 -74 37
2193 2193 0 37 0 -37
2193 -2193 0 38 -152 114
2193 0 0 38 -76 38
2193 2193 0 38 0 -38
2193 -2193 0 39 -156 117
2193 -1462 0 39 -130 91
2193 -731 0 39 -104 65
2193 0 0 39 -78 39
2193 731 0 39 -52 13
2193 1462 0 39 -26 -13
2193 2193 0 39 0 -39
2193 -2193 0 40 -160 120
2193 0 0 40 -80 40
2193 2193 0 40 0 -40
2193 -2193 0 41 -164 123
2193 0 0 41 -82 41
2193 2193 0 41 0 -41
2193 -2193 0 42 -168 126
2193 -1462 0 42 -140 98
2193 -731 0 42 -112 70
2193 0 0 42 -84 42
2193 731 0 42 -56 14
2193 1462 0 42 -28 -14
2193 2193 0 42 0 -42
2193 -2193 0 43 -172 129
2193 -2142 0 43 -170 127
2193 -2091 0 43 -168 125
2193 -2040 0 43 -166 123
2193 -1989 0 43 -164 121
2193 -1938 0 43 -162 119
2193 -1887 0 43 -160 117
2193 -1836 0 43 -158 115
2193 -1785 0 43 -156 113
2193 -1734 0 43 -154 111
2193 -1683 0 43 -152 109
2193 -1632 0 43 -150 107
2193 -1581 0 43 -148 105
2193 -1530 0 43 -146 103
2193 -1479 0 43 -144 101
2193 -1428 0 43 -142 99
2193 -1377 0 43 -140 97
2193 -1326 0 43 -138 95
2193 -1275 0 43 -136 93
2193 -1224 0 43 -134 91
2193 -1173 0 43 -132 89
2193 -1122 0 43 -130 87
2193 -1071 0 43 -128 85
2193 -1020 0 43 -126 83
2193 -969 0 43 -124 81
2193 -918 0 43 -122 79
2193 -867 0 43 -120 77
2193 -816 0 43 -118 75
2193 -765 0 43 -116 73
2193 -714 0 43 -114 71
2193 -663 0 43 -112 69
2193 -612 0 43 -110 67
2193 -561 0 43 -108 65
2193 -510 0 43 -106 63
2193 -459 0 43 -104 61
2193 -408 0 43 -102 59
2193 -357 0 43 -100 57
2193 -306 0 43 -98 55
2193 -255 0 43 -96 53
2193 -204 0 43 -94 51
2193 -153 0 43 -92 49
2193 -102 0 43 -90 47
2193 -51 0 43 -88 45
2193 0 0 43 -86 43
2193 51 0 43 -84 41
2193 102 0 43 -82 39
2193 153 0 43 -80 37
2193 204 0 43 -78 35
2193 255 0 43 -76 33
2193 306 0 43 -74 31
2193 357 0 43 -72 29
2193 408 0 43 -70 27
2193 459 0 43 -68 25
2193 510 0 43 -66 23
2193 561 0 43 -64 21
2193 612 0 43 -62 19
2193 663 0 43 -60 17
2193 714 0 43 -58 15
2193 765 0 43 -56 13
2193 816 0 43 -54 11
2193 867 0 43 -52 9
2193 918 0 43 -50 7
2193 969 0 43 -48 5
2193 1020 0 43 -46 3
2193 1071 0 43 -44 1
2193 1122 0 43 -42 -1
2193 1173 0 43 -40 -3
2193 1224 0 43 -38 -5
2193 1275 0 43 -36 -7
2193 1326 0 43 -34 -9
2193 1377 0 43 -32 -11
2193 1428 0 43 -30 -13
2193 1479 0 43 -28 -15
2193 1530 0 43 -26 -17
2193 1581 0 43 -24 -19
2193 1632 0 43 -22 -21
2193 1683 0 43 -20 -23
2193 1734 0 43 -18 -25
2193 1785 0 43 -16 -27
2193 1836 0 43 -14 -29
2193 1887 0 43 -12 -31
2193 1938 -255 43 -10 -53
2193 1938 0 43 -10 -33
2193 1989 -204 43 -8 -51
2193 1989 0 43 -8 -35
2193 2040 -153 43 -6 -49
2193 2040 0 43 -6 -37
2193 2091 -102 43 -4 -47
2193 2091 0 43 -4 -39
2193 2142 -51 43 -2 -45
2193 2142 0 43 -2 -41
2193 2193 0 43 0 -43
2193 -2193 0 44 -176 132
2193 0 0 44 -88 44
2193 2193 0 44 0 -44
2193 -2193 0 45 -180 135
2193 -1462 0 45 -150 105
2193 -731 0 45 -120 75
2193 0 0 45 -90 45
2193 731 0 45 -60 15
2193 1462 0 45 -30 -15
2193 2193 0 45 0 -45
2193 -2193 0 46 -184 138
2193 0 0 46 -92 46
2193 2193 0 46 0 -46
2193 -2193 0 47 -188 141
2193 0 0 47 -94 47
2193 2193 0 47 0 -47
2193 -2193 0 48 -192 144
2193 -1462 0 48 -160 112
2193 -731 0 48 -128 80
2193 0 0 48 -96 48
2193 731 0 48 -64 16
2193 1462 0 48 -32 -16
2193 2193 0 48 0 -48
2193 -2193 -7 49 -196 196
2193 -2193 0 49 -196 147
2193 -2193 7 49 -196 196
2193 0 0 49 -98 49
2193 2193 0 49 0 -49
2193 -2193 0 50 -200 150
2193 0 0 50 -100 50
2193 2193 0 50 0 -50
2193 -2193 0 51 -204 153
2193 -2150 0 51 -202 151
2193 -2107 0 51 -200 149
2193 -2064 0 51 -198 147
2193 -2021 0 51 -196 145
2193 -1978 0 51 -194 143
2193 -1935 0 51 -192 141
2193 -1892 0 51 -190 139
2193 -1849 0 51 -188 137
2193 -1806 0 51 -186 135
2193 -1763 0 51 -184 133
2193 -1720 0 51 -182 131
2193 -1677 0 51 -180 129
2193 -1634 0 51 -178 127
2193 -1591 0 51 -176 125
2193 -1548 0 51 -174 123
2193 -1505 0 51 -172 121
2193 -1462 0 51 -170 119
2193 -1419 0 51 -168 117
2193 -1376 0 51 -166 115
2193 -1333 0 51 -164 113
2193 -1290 0 51 -162 111
2193 -1247 0 51 -160 109
2193 -1204 0 51 -158 107
2193 -1161 0 51 -156 105
2193 -1118 0 51 -154 103
2193 -1075 0 51 -152 101
2193 -1032 0 51 -150 99
2193 -989 0 51 -148 97
2193 -946 0 51 -146 95
2193 -903 0 51 -144 93
2193 -860 0 51 -142 91
2193 -817 0 51 -140 89
2193 -774 0 51 -138 87
2193 -731 0 51 -136 85
2193 -688 0 51 -134 83
2193 -645 0 51 -132 81
2193 -602 0 51 -130 79
2193 -559 0 51 -128 77
2193 -516 0 51 -126 75
2193 -473 0 51 -124 73
2193 -430 0 51 -122 71
2193 -387 0 51 -120 69
2193 -344 0 51 -118 67
2193 -301 0 51 -116 65
2193 -258 0 51 -114 63
2193 -215 0 51 -112 61
2193 -172 0 51 -110 59
2193 -129 0 51 -108 57
2193 -86 0 51 -106 55
2193 -43 0 51 -104 53
2193 0 0 51 -102 51
2193 43 0 51 -100 49
2193 86 0 51 -98 47
2193 129 0 51 -96 45
2193 172 0 51 -94 43
2193 215 0 51 -92 41
2193 258 0 51 -90 39
2193 301 0 51 -88 37
2193 344 0 51 -86 35
2193 387 0 51 -84 33
2193 430 0 51 -82 31
2193 473 0 51 -80 29
2193 516 0 51 -78 27
2193 559 0 51 -76 25
2193 602 0 51 -74 23
2193 645 0 51 -72 21
2193 688 0 51 -70 19
2193 731 0 51 -68 17
2193 774 0 51 -66 15
2193 817 0 51 -64 13
2193 860 0 51 -62 11
2193 903 0 51 -60 9
2193 946 0 51 -58 7
2193 989 0 51 -56 5
2193 1032 0 51 -54 3
2193 1075 0 51 -52 1
2193 1118 0 51 -50 -1
2193 1161 0 51 -48 -3
2193 1204 0 51 -46 -5
2193 1247 0 51 -44 -7
2193 1290 0 51 -42 -9
2193 1333 0 51 -40 -11
2193 1376 0 51 -38 -13
2193 1419 0 51 -36 -15
2193 1462 0 51 -34 -17
2193 1505 0 51 -32 -19
2193 1548 0 51 -30 -21
2193 1591 0 51 -28 -23
2193 1634 0 51 -26 -25
2193 1677 0 51 -24 -27
2193 1720 0 51 -22 -29
2193 1763 0 51 -20 -31
2193 1806 0 51 -18 -33
2193 1849 0 51 -16 -35
2193 1892 0 51 -14 -37
2193 1935 0 51 -12 -39
2193 1978 0 51 -10 -41
2193 2021 0 51 -8 -43
2193 2064 0 51 -6 -45
2193 2107 0 51 -4 -47
2193 2150 0 51 -2 -49
2193 2193 0 51 0 -51
2193 -2193 0 52 -208 156
2193 0 0 52 -104 52
2193 2193 0 52 0 -52
2193 -2193 0 53 -212 159
2193 0 0 53 -106 53
2193 2193 0 53 0 -53
2193 -2193 0 54 -216 162
2193 -1462 0 54 -180 126
2193 -731 0 54 -144 90
2193 0 0 54 -108 54
2193 731 0 54 -72 18
2193 1462 0 54 -36 -18
2193 2193 0 54 0 -54
2193 -2193 0 55 -220 165
2193 0 0 55 -110 55
2193 2193 0 55 0 -55
2193 -2193 0 56 -224 168
2193 0 0 56 -112 56
2193 2193 0 56 0 -56
2193 -2193 0 57 -228 171
2193 -1462 0 57 -190 133
2193 -731 0 57 -152 95
2193 0 0 57 -114 57
2193 731 0 57 -76 19
2193 1462 0 57 -38 -19
2193 2193 0 57 0 -57
2193 -2193 0 58 -232 174
2193 0 0 58 -116 58
2193 2193 0 58 0 -58
2193 -2193 0 59 -236 177
2193 0 0 59 -118 59
2193 2193 0 59 0 -59
2193 -2193 0 60 -240 180
2193 -1462 0 60 -200 140
2193 -731 0 60 -160 100
2193 0 0 60 -120 60
2193 731 0 60 -80 20
2193 1462 0 60 -40 -20
2193 2193 0 60 0 -60
2194 -2194 0 -60 240 -180
2194 -1097 0 -60 180 -120
2194 0 0 -60 120 -60
2194 1097 0 -60 60 0
2194 2194 0 -60 0 60
2194 -2194 0 -59 236 -177
2194 -1097 0 -59 177 -118
2194 0 0 -59 118 -59
2194 1097 0 -59 59 0
2194 2194 0 -59 0 59
2194 -2194 0 -58 232 -174
2194 -1097 0 -58 174 -116
2194 0 0 -58 116 -58
2194 1097 0 -58 58 0
2194 2194 0 -58 0 58
2194 -2194 0 -57 228 -171
2194 -1097 0 -57 171 -114
2194 0 0 -57 114 -57
2194 1097 0 -57 57 0
2194 2194 0 -57 0 57
2194 -2194 0 -56 224 -168
2194 -1097 0 -56 168 -112
2194 0 0 -56 112 -56
2194 1097 0 -56 56 0
2194 2194 0 -56 0 56
2194 -2194 0 -55 220 -165
2194 -1097 0 -55 165 -110
2194 0 0 -55 110 -55
2194 1097 0 -55 55 0
2194 2194 0 -55 0 55
2194 -2194 0 -54 216 -162
2194 -1097 0 -54 162 -108
2194 0 0 -54 108 -54
2194 1097 0 -54 54 0
2194 2194 0 -54 0 54
2194 -2194 0 -53 212 -159
2194 -1097 0 -53 159 -106
2194 0 0 -53 106 -53
2194 1097 0 -53 53 0
2194 2194 0 -53 0 53
2194 -2194 0 -52 208 -156
2194 -1097 0 -52 156 -104
2194 0 0 -52 104 -52
2194 1097 0 -52 52 0
2194 2194 0 -52 0 52
2194 -2194 0 -51 204 -153
2194 -1097 0 -51 153 -102
2194 0 0 -51 102 -51
2194 1097 0 -51 51 0
2194 2194 0 -51 0 51
2194 -2194 0 -50 200 -150
2194 -1097 0 -50 150 -100
2194 0 0 -50 100 -50
2194 1097 0 -50 50 0
2194 2194 0 -50 0 50
2194 -2194 0 -49 196 -147
2194 -1097 0 -49 147 -98
2194 0 0 -49 98 -49
2194 1097 0 -49 49 0
2194 2194 0 -49 0 49
2194 -2194 0 -48 192 -144
2194 -1097 0 -48 144 -96
2194 0 0 -48 96 -48
2194 1097 0 -48 48 0
2194 2194 0 -48 0 48
2194 -2194 0 -47 188 -141
2194 -1097 0 -47 141 -94
2194 0 0 -47 94 -47
2194 1097 0 -47 47 0
2194 2194 0 -47 0 47
2194 -2194 0 -46 184 -138
2194 -1097 0 -46 138 -92
2194 0 0 -46 92 -46
2194 1097 0 -46 46 0
2194 2194 0 -46 0 46
2194 -2194 0 -45 180 -135
2194 -1097 0 -45 135 -90
2194 0 0 -45 90 -45
2194 1097 0 -45 45 0
2194 2194 0 -45 0 45
2194 -2194 0 -44 176 -132
2194 -1097 0 -44 132 -88
2194 0 0 -44 88 -44
2194 1097 0 -44 44 0
2194 2194 0 -44 0 44
2194 -2194 0 -43 172 -129
2194 -1097 0 -43 129 -86
2194 0 0 -43 86 -43
2194 1097 0 -43 43 0
2194 2194 0 -43 0 43
2194 -2194 0 -42 168 -126
2194 -1097 0 -42 126 -84
2194 0 0 -42 84 -42
2194 1097 0 -42 42 0
2194 2194 0 -42 0 42
2194 -2194 0 -41 164 -123
2194 -1097 0 -41 123 -82
2194 0 0 -41 82 -41
2194 1097 0 -41 41 0
2194 2194 0 -41 0 41
2194 -2194 0 -40 160 -120
2194 -1097 0 -40 120 -80
2194 0 0 -40 80 -40
2194 1097 0 -40 40 0
2194 2194 0 -40 0 40
2194 -2194 0 -39 156 -117
2194 -1097 0 -39 117 -78
2194 0 0 -39 78 -39
2194 1097 0 -39 39 0
2194 2194 0 -39 0 39
2194 -2194 0 -38 152 -114
2194 -1097 0 -38 114 -76
2194 0 0 -38 76 -38
2194 1097 0 -38 38 0
2194 2194 0 -38 0 38
2194 -2194 0 -37 148 -111
2194 -1097 0 -37 111 -74
2194 0 0 -37 74 -37
2194 1097 0 -37 37 0
2194 2194 0 -37 0 37
2194 -2194 0 -36 144 -108
2194 -1097 0 -36 108 -72
2194 0 0 -36 72 -36
2194 1097 0 -36 36 0
2194 2194 0 -36 0 36
2194 -2194 0 -35 140 -105
2194 -1097 0 -35 105 -70
2194 0 0 -35 70 -35
2194 1097 0 -35 35 0
2194 2194 0 -35 0 35
2194 -2194 0 -34 136 -102
2194 -1097 0 -34 102 -68
2194 0 0 -34 68 -34
2194 1097 0 -34 34 0
2194 2194 0 -34 0 34
2194 -2194 0 -33 132 -99
2194 -1097 0 -33 99 -66
2194 0 0 -33 66 -33
2194 1097 0 -33 33 0
2194 2194 0 -33 0 33
2194 -2194 0 -32 128 -96
2194 -1097 0 -32 96 -64
2194 0 0 -32 64 -32
2194 1097 0 -32 32 0
2194 2194 0 -32 0 32
2194 -2194 0 -31 124 -93
2194 -1097 0 -31 93 -62
2194 0 0 -31 62 -31
2194 1097 0 -31 31 0
2194 2194 0 -31 0 31
2194 -2194 0 -30 120 -90
2194 -1097 0 -30 90 -60
2194 0 0 -30 60 -30
2194 1097 0 -30 30 0
2194 2194 0 -30 0 30
2194 -2194 0 -29 116 -87
2194 -1097 0 -29 87 -58
2194 0 0 -29 58 -29
2194 1097 0 -29 29 0
2194 2194 0 -29 0 29
2194 -2194 0 -28 112 -84
2194 -1097 0 -28 84 -56
2194 0 0 -28 56 -28
2194 1097 0 -28 28 0
2194 2194 0 -28 0 28
2194 -2194 0 -27 108 -81
2194 -1097 0 -27 81 -54
2194 0 0 -27 54 -27
2194 1097 0 -27 27 0
2194 2194 0 -27 0 27
2194 -2194 0 -26 104 -78
2194 -1097 0 -26 78 -52
2194 0 0 -26 52 -26
2194 1097 0 -26 26 0
2194 2194 0 -26 0 26
2194 -2194 0 -25 100 -75
2194 -1097 0 -25 75 -50
2194 0 0 -25 50 -25
2194 1097 0 -25 25 0
2194 2194 0 -25 0 25
2194 -2194 0 -24 96 -72
2194 -1097 0 -24 72 -48
2194 0 0 -24 48 -24
2194 1097 0 -24 24 0
2194 2194 0 -24 0 24
2194 -2194 0 -23 92 -69
2194 -1097 0 -23 69 -46
2194 0 0 -23 46 -23
2194 1097 0 -23 23 0
2194 2194 0 -23 0 23
2194 -2194 0 -22 88 -66
2194 -1097 0 -22 66 -44
2194 0 0 -22 44 -22
2194 1097 0 -22 22 0
2194 2194 0 -22 0 22
2194 -2194 0 -21 84 -63
2194 -1097 0 -21 63 -42
2194 0 0 -21 42 -21
2194 1097 0 -21 21 0
2194 2194 0 -21 0 21
2194 -2194 0 -20 80 -60
2194 -1097 0 -20 60 -40
2194 0 0 -20 40 -20
2194 1097 0 -20 20 0
2194 2194 0 -20 0 20
2194 -2194 0 -19 76 -57
2194 -1097 0 -19 57 -38
2194 0 0 -19 38 -19
2194 1097 0 -19 19 0
2194 2194 0 -19 0 19
2194 -2194 0 -18 72 -54
2194 -1097 0 -18 54 -36
2194 0 0 -18 36 -18
2194 1097 0 -18 18 0
2194 2194 0 -18 0 18
2194 -2194 0 -17 68 -51
2194 -1097 0 -17 51 -34
2194 0 0 -17 34 -17
2194 1097 0 -17 17 0
2194 2194 0 -17 0 17
2194 -2194 0 -16 64 -48
2194 -1097 0 -16 48 -32
2194 0 0 -16 32 -16
2194 1097 0 -16 16 0
2194 2194 0 -16 0 16
2194 -2194 0 -15 60 -45
2194 -1097 0 -15 45 -30
2194 0 0 -15 30 -15
2194 1097 0 -15 15 0
2194 2194 0 -15 0 15
2194 -2194 0 -14 56 -42
2194 -1097 0 -14 42 -28
2194 0 0 -14 28 -14
2194 1097 0 -14 14 0
2194 2194 0 -14 0 14
2194 -2194 0 -13 52 -39
2194 -1097 0 -13 39 -26
2194 0 0 -13 26 -13
2194 1097 0 -13 13 0
2194 2194 0 -13 0 13
2194 -2194 0 -12 48 -36
2194 -1097 0 -12 36 -24
2194 0 0 -12 24 -12
2194 1097 0 -12 12 0
2194 2194 0 -12 0 12
2194 -2194 0 -11 44 -33
2194 -1097 0 -11 33 -22
2194 0 0 -11 22 -11
2194 1097 0 -11 11 0
2194 2194 0 -11 0 11
2194 -2194 0 -10 40 -30
2194 -1097 0 -10 30 -20
2194 0 0 -10 20 -10
2194 1097 0 -10 10 0
2194 2194 0 -10 0 10
2194 -2194 0 -9 36 -27
2194 -1097 0 -9 27 -18
2194 0 0 -9 18 -9
2194 1097 0 -9 9 0
2194 2194 0 -9 0 9
2194 -2194 0 -8 32 -24
2194 -1097 0 -8 24 -16
2194 0 0 -8 16 -8
2194 1097 0 -8 8 0
2194 2194 0 -8 0 8
2194 -2194 0 -7 28 -21
2194 -1097 0 -7 21 -14
2194 0 0 -7 14 -7
2194 1097 0 -7 7 0
2194 2194 0 -7 0 7
2194 -2194 0 -6 24 -18
2194 -1097 0 -6 18 -12
2194 0 0 -6 12 -6
2194 1097 0 -6 6 0
2194 2194 0 -6 0 6
2194 -2194 0 -5 20 -15
2194 -1097 0 -5 15 -10
2194 0 0 -5 10 -5
2194 1097 0 -5 5 0
2194 2194 0 -5 0 5
2194 -2194 0 -4 16 -12
2194 -1097 0 -4 12 -8
2194 0 0 -4 8 -4
2194 1097 0 -4 4 0
2194 2194 0 -4 0 4
2194 -2194 0 -3 12 -9
2194 -1097 0 -3 9 -6
2194 0 0 -3 6 -3
2194 1097 0 -3 3 0
2194 2194 0 -3 0 3
2194 -2194 0 -2 8 -6
2194 -1097 0 -2 6 -4
2194 0 0 -2 4 -2
2194 1097 0 -2 2 0
2194 2194 0 -2 0 2
2194 -2194 0 -1 4 -3
2194 -1097 0 -1 3 -2
2194 0 0 -1 2 -1
2194 1097 0 -1 1 0
2194 2194 0 -1 0 1
2194 -2194 -1 1 -4 4
2194 -2194 0 1 -4 3
2194 -2194 1 1 -4 4
2194 -1097 0 1 -3 2
2194 0 0 1 -2 1
2194 1097 0 1 -1 0
2194 2194 0 1 0 -1
2194 -2194 0 2 -8 6
2194 -1097 0 2 -6 4
2194 0 0 2 -4 2
2194 1097 0 2 -2 0
2194 2194 0 2 0 -2
2194 -2194 0 3 -12 9
2194 -1097 0 3 -9 6
2194 0 0 3 -6 3
2194 1097 0 3 -3 0
2194 2194 0 3 0 -3
2194 -2194 -2 4 -16 16
2194 -2194 0 4 -16 12
2194 -2194 2 4 -16 16
2194 -1097 0 4 -12 8
2194 0 0 4 -8 4
2194 1097 0 4 -4 0
2194 2194 0 4 0 -4
2194 -2194 0 5 -20 15
2194 -1097 0 5 -15 10
2194 0 0 5 -10 5
2194 1097 0 5 -5 0
2194 2194 0 5 0 -5
2194 -2194 0 6 -24 18
2194 -1097 0 6 -18 12
2194 0 0 6 -12 6
2194 1097 0 6 -6 0
2194 2194 0 6 0 -6
2194 -2194 0 7 -28 21
2194 -1097 0 7 -21 14
2194 0 0 7 -14 7
2194 1097 0 7 -7 0
2194 2194 0 7 0 -7
2194 -2194 0 8 -32 24
2194 -1097 0 8 -24 16
2194 0 0 8 -16 8
2194 1097 0 8 -8 0
2194 2194 0 8 0 -8
2194 -2194 -3 9 -36 36
2194 -2194 0 9 -36 27
2194 -2194 3 9 -36 36
2194 -1097 0 9 -27 18
2194 0 0 9 -18 9
2194 1097 0 9 -9 0
2194 2194 0 9 0 -9
2194 -2194 0 10 -40 30
2194 -1097 0 10 -30 20
2194 0 0 10 -20 10
2194 1097 0 10 -10 0
2194 2194 0 10 0 -10
2194 -2194 0 11 -44 33
2194 -1097 0 11 -33 22
2194 0 0 11 -22 11
2194 1097 0 11 -11 0
2194 2194 0 11 0 -11
2194 -2194 0 12 -48 36
2194 -1097 0 12 -36 24
2194 0 0 12 -24 12
2194 1097 0 12 -12 0
2194 2194 0 12 0 -12
2194 -2194 0 13 -52 39
2194 -1097 0 13 -39 26
2194 0 0 13 -26 13
2194 1097 0 13 -13 0
2194 2194 0 13 0 -13
2194 -2194 0 14 -56 42
2194 -1097 0 14 -42 28
2194 0 0 14 -28 14
2194 1097 0 14 -14 0
2194 2194 0 14 0 -14
2194 -2194 0 15 -60 45
2194 -1097 0 15 -45 30
2194 0 0 15 -30 15
2194 1097 0 15 -15 0
2194 2194 0 15 0 -15
2194 -2194 -4 16 -64 64
2194 -2194 0 16 -64 48
2194 -2194 4 16 -64 64
2194 -1097 0 16 -48 32
2194 0 0 16 -32 16
2194 1097 0 16 -16 0
2194 2194 0 16 0 -16
2194 -2194 0 17 -68 51
2194 -1097 0 17 -51 34
2194 0 0 17 -34 17
2194 1097 0 17 -17 0
2194 2194 0 17 0 -17
2194 -2194 0 18 -72 54
2194 -1097 0 18 -54 36
2194 0 0 18 -36 18
2194 1097 0 18 -18 0
2194 2194 0 18 0 -18
2194 -2194 0 19 -76 57
2194 -1097 0 19 -57 38
2194 0 0 19 -38 19
2194 1097 0 19 -19 0
2194 2194 0 19 0 -19
2194 -2194 0 20 -80 60
2194 -1097 0 20 -60 40
2194 0 0 20 -40 20
2194 1097 0 20 -20 0
2194 2194 0 20 0 -20
2194 -2194 0 21 -84 63
2194 -1097 0 21 -63 42
2194 0 0 21 -42 21
2194 1097 0 21 -21 0
2194 2194 0 21 0 -21
2194 -2194 0 22 -88 66
2194 -1097 0 22 -66 44
2194 0 0 22 -44 22
2194 1097 0 22 -22 0
2194 2194 0 22 0 -22
2194 -2194 0 23 -92 69
2194 -1097 0 23 -69 46
2194 0 0 23 -46 23
2194 1097 0 23 -23 0
2194 2194 0 23 0 -23
2194 -2194 0 24 -96 72
2194 -1097 0 24 -72 48
2194 0 0 24 -48 24
2194 1097 0 24 -24 0
2194 2194 0 24 0 -24
2194 -2194 -5 25 -100 100
2194 -2194 0 25 -100 75
2194 -2194 5 25 -100 100
2194 -1097 0 25 -75 50
2194 0 0 25 -50 25
2194 1097 0 25 -25 0
2194 2194 0 25 0 -25
2194 -2194 0 26 -104 78
2194 -1097 0 26 -78 52
2194 0 0 26 -52 26
2194 1097 0 26 -26 0
2194 2194 0 26 0 -26
2194 -2194 0 27 -108 81
2194 -1097 0 27 -81 54
2194 0 0 27 -54 27
2194 1097 0 27 -27 0
2194 2194 0 27 0 -27
2194 -2194 0 28 -112 84
2194 -1097 0 28 -84 56
2194 0 0 28 -56 28
2194 1097 0 28 -28 0
2194 2194 0 28 0 -28
2194 -2194 0 29 -116 87
2194 -1097 0 29 -87 58
2194 0 0 29 -58 29
2194 1097 0 29 -29 0
2194 2194 0 29 0 -29
2194 -2194 0 30 -120 90
2194 -1097 0 30 -90 60
2194 0 0 30 -60 30
2194 1097 0 30 -30 0
2194 2194 0 30 0 -30
2194 -2194 0 31 -124 93
2194 -1097 0 31 -93 62
2194 0 0 31 -62 31
2194 1097 0 31 -31 0
2194 2194 0 31 0 -31
2194 -2194 0 32 -128 96
2194 -1097 0 32 -96 64
2194 0 0 32 -64 32
2194 1097 0 32 -32 0
2194 2194 0 32 0 -32
2194 -2194 0 33 -132 99
2194 -1097 0 33 -99 66
2194 0 0 33 -66 33
2194 1097 0 33 -33 0
2194 2194 0 33 0 -33
2194 -2194 0 34 -136 102
2194 -1097 0 34 -102 68
2194 0 0 34 -68 34
2194 1097 0 34 -34 0
2194 2194 0 34 0 -34
2194 -2194 0 35 -140 105
2194 -1097 0 35 -105 70
2194 0 0 35 -70 35
2194 1097 0 35 -35 0
2194 2194 0 35 0 -35
2194 -2194 -6 36 -144 144
2194 -2194 0 36 -144 108
2194 -2194 6 36 -144 144
2194 -1097 0 36 -108 72
2194 0 0 36 -72 36
2194 1097 0 36 -36 0
2194 2194 0 36 0 -36
2194 -2194 0 37 -148 111
2194 -1097 0 37 -111 74
2194 0 0 37 -74 37
2194 1097 0 37 -37 0
2194 2194 0 37 0 -37
2194 -2194 0 38 -152 114
2194 -1097 0 38 -114 76
2194 0 0 38 -76 38
2194 1097 0 38 -38 0
2194 2194 0 38 0 -38
2194 -2194 0 39 -156 117
2194 -1097 0 39 -117 78
2194 0 0 39 -78 39
2194 1097 0 39 -39 0
2194 2194 0 39 0 -39
2194 -2194 0 40 -160 120
2194 -1097 0 40 -120 80
2194 0 0 40 -80 40
2194 1097 0 40 -40 0
2194 2194 0 40 0 -40
2194 -2194 0 41 -164 123
2194 -1097 0 41 -123 82
2194 0 0 41 -82 41
2194 1097 0 41 -41 0
2194 2194 0 41 0 -41
2194 -2194 0 42 -168 126
2194 -1097 0 42 -126 84
2194 0 0 42 -84 42
2194 1097 0 42 -42 0
2194 2194 0 42 0 -42
2194 -2194 0 43 -172 129
2194 -1097 0 43 -129 86
2194 0 0 43 -86 43
2194 1097 0 43 -43 0
2194 2194 0 43 0 -43
2194 -2194 0 44 -176 132
2194 -1097 0 44 -132 88
2194 0 0 44 -88 44
2194 1097 0 44 -44 0
2194 2194 0 44 0 -44
2194 -2194 0 45 -180 135
2194 -1097 0 45 -135 90
2194 0 0 45 -90 45
2194 1097 0 45 -45 0
2194 2194 0 45 0 -45
2194 -2194 0 46 -184 138
2194 -1097 0 46 -138 92
2194 0 0 46 -92 46
2194 1097 0 46 -46 0
2194 2194 0 46 0 -46
2194 -2194 0 47 -188 141
2194 -1097 0 47 -141 94
2194 0 0 47 -94 47
2194 1097 0 47 -47 0
2194 2194 0 47 0 -47
2194 -2194 0 48 -192 144
2194 -1097 0 48 -144 96
2194 0 0 48 -96 48
2194 1097 0 48 -48 0
2194 2194 0 48 0 -48
2194 -2194 -7 49 -196 196
2194 -2194 0 49 -196 147
2194 -2194 7 49 -196 196
2194 -1097 0 49 -147 98
2194 0 0 49 -98 49
2194 1097 0 49 -49 0
2194 2194 0 49 0 -49
2194 -2194 0 50 -200 150
2194 -1097 0 50 -150 100
2194 0 0 50 -100 50
2194 1097 0 50 -50 0
2194 2194 0 50 0 -50
2194 -2194 0 51 -204 153
2194 -1097 0 51 -153 102
2194 0 0 51 -102 51
2194 1097 0 51 -51 0
2194 2194 0 51 0 -51
2194 -2194 0 52 -208 156
2194 -1097 0 52 -156 104
2194 0 0 52 -104 52
2194 1097 0 52 -52 0
2194 2194 0 52 0 -52
2194 -2194 0 53 -212 159
2194 -1097 0 53 -159 106
2194 0 0 53 -106 53
2194 1097 0 53 -53 0
2194 2194 0 53 0 -53
2194 -2194 0 54 -216 162
2194 -1097 0 54 -162 108
2194 0 0 54 -108 54
2194 1097 0 54 -54 0
2194 2194 0 54 0 -54
2194 -2194 0 55 -220 165
2194 -1097 0 55 -165 110
2194 0 0 55 -110 55
2194 1097 0 55 -55 0
2194 2194 0 55 0 -55
2194 -2194 0 56 -224 168
2194 -1097 0 56 -168 112
2194 0 0 56 -112 56
2194 1097 0 56 -56 0
2194 2194 0 56 0 -56
2194 -2194 0 57 -228 171
2194 -1097 0 57 -171 114
2194 0 0 57 -114 57
2194 1097 0 57 -57 0
2194 2194 0 57 0 -57
2194 -2194 0 58 -232 174
2194 -1097 0 58 -174 116
2194 0 0 58 -116 58
2194 1097 0 58 -58 0
2194 2194 0 58 0 -58
2194 -2194 0 59 -236 177
2194 -1097 0 59 -177 118
2194 0 0 59 -118 59
2194 1097 0 59 -59 0
2194 2194 0 59 0 -59
2194 -2194 0 60 -240 180
2194 -1097 0 60 -180 120
2194 0 0 60 -120 60
2194 1097 0 60 -60 0
2194 2194 0 60 0 -60
2195 -2195 0 -60 240 -180
2195 -1756 0 -60 216 -156
2195 -1317 0 -60 192 -132
2195 -878 0 -60 168 -108
2195 -439 0 -60 144 -84
2195 0 0 -60 120 -60
2195 439 0 -60 96 -36
2195 878 0 -60 72 -12
2195 1317 0 -60 48 12
2195 1756 0 -60 24 36
2195 2195 0 -60 0 60
2195 -2195 0 -59 236 -177
2195 0 0 -59 118 -59
2195 2195 0 -59 0 59
2195 -2195 0 -58 232 -174
2195 0 0 -58 116 -58
2195 2195 0 -58 0 58
2195 -2195 0 -57 228 -171
2195 0 0 -57 114 -57
2195 2195 0 -57 0 57
2195 -2195 0 -56 224 -168
2195 0 0 -56 112 -56
2195 2195 0 -56 0 56
2195 -2195 0 -55 220 -165
2195 -1756 0 -55 198 -143
2195 -1317 0 -55 176 -121
2195 -878 0 -55 154 -99
2195 -439 0 -55 132 -77
2195 0 0 -55 110 -55
2195 439 0 -55 88 -33
2195 878 0 -55 66 -11
2195 1317 0 -55 44 11
2195 1756 0 -55 22 33
2195 2195 0 -55 0 55
2195 -2195 0 -54 216 -162
2195 0 0 -54 108 -54
2195 2195 0 -54 0 54
2195 -2195 0 -53 212 -159
2195 0 0 -53 106 -53
2195 2195 0 -53 0 53
2195 -2195 0 -52 208 -156
2195 0 0 -52 104 -52
2195 2195 0 -52 0 52
2195 -2195 0 -51 204 -153
2195 0 0 -51 102 -51
2195 2195 0 -51 0 51
2195 -2195 0 -50 200 -150
2195 -1756 0 -50 180 -130
2195 -1317 0 -50 160 -110
2195 -878 0 -50 140 -90
2195 -439 0 -50 120 -70
2195 0 0 -50 100 -50
2195 439 0 -50 80 -30
2195 878 0 -50 60 -10
2195 1317 0 -50 40 10
2195 1756 0 -50 20 30
2195 2195 0 -50 0 50
2195 -2195 0 -49 196 -147
2195 0 0 -49 98 -49
2195 2195 0 -49 0 49
2195 -2195 0 -48 192 -144
2195 0 0 -48 96 -48
2195 2195 0 -48 0 48
2195 -2195 0 -47 188 -141
2195 0 0 -47 94 -47
2195 2195 0 -47 0 47
2195 -2195 0 -46 184 -138
2195 0 0 -46 92 -46
2195 2195 0 -46 0 46
2195 -2195 0 -45 180 -135
2195 -1756 0 -45 162 -117
2195 -1317 0 -45 144 -99
2195 -878 0 -45 126 -81
2195 -439 0 -45 108 -63
2195 0 0 -45 90 -45
2195 439 0 -45 72 -27
2195 878 0 -45 54 -9
2195 1317 0 -45 36 9
2195 1756 0 -45 18 27
2195 2195 0 -45 0 45
2195 -2195 0 -44 176 -132
2195 0 0 -44 88 -44
2195 2195 0 -44 0 44
2195 -2195 0 -43 172 -129
2195 0 0 -43 86 -43
2195 2195 0 -43 0 43
2195 -2195 0 -42 168 -126
2195 0 0 -42 84 -42
2195 2195 0 -42 0 42
2195 -2195 0 -41 164 -123
2195 0 0 -41 82 -41
2195 2195 0 -41 0 41
2195 -2195 0 -40 160 -120
2195 -1756 0 -40 144 -104
2195 -1317 0 -40 128 -88
2195 -878 0 -40 112 -72
2195 -439 0 -40 96 -56
2195 0 0 -40 80 -40
2195 439 0 -40 64 -24
2195 878 0 -40 48 -8
2195 1317 0 -40 32 8
2195 1756 0 -40 16 24
2195 2195 0 -40 0 40
2195 -2195 0 -39 156 -117
2195 0 0 -39 78 -39
2195 2195 0 -39 0 39
2195 -2195 0 -38 152 -114
2195 0 0 -38 76 -38
2195 2195 0 -38 0 38
2195 -2195 0 -37 148 -111
2195 0 0 -37 74 -37
2195 2195 0 -37 0 37
2195 -2195 0 -36 144 -108
2195 0 0 -36 72 -36
2195 2195 0 -36 0 36
2195 -2195 0 -35 140 -105
2195 -1756 0 -35 126 -91
2195 -1317 0 -35 112 -77
2195 -878 0 -35 98 -63
2195 -439 0 -35 84 -49
2195 0 0 -35 70 -35
2195 439 0 -35 56 -21
2195 878 0 -35 42 -7
2195 1317 0 -35 28 7
2195 1756 0 -35 14 21
2195 2195 0 -35 0 35
2195 -2195 0 -34 136 -102
2195 0 0 -34 68 -34
2195 2195 0 -34 0 34
2195 -2195 0 -33 132 -99
2195 0 0 -33 66 -33
2195 2195 0 -33 0 33
2195 -2195 0 -32 128 -96
2195 0 0 -32 64 -32
2195 2195 0 -32 0 32
2195 -2195 0 -31 124 -93
2195 0 0 -31 62 -31
2195 2195 0 -31 0 31
2195 -2195 0 -30 120 -90
2195 -1756 0 -30 108 -78
2195 -1317 0 -30 96 -66
2195 -878 0 -30 84 -54
2195 -439 0 -30 72 -42
2195 0 0 -30 60 -30
2195 439 0 -30 48 -18
2195 878 0 -30 36 -6
2195 1317 0 -30 24 6
2195 1756 0 -30 12 18
2195 2195 0 -30 0 30
2195 -2195 0 -29 116 -87
2195 0 0 -29 58 -29
2195 2195 0 -29 0 29
2195 -2195 0 -28 112 -84
2195 0 0 -28 56 -28
2195 2195 0 -28 0 28
2195 -2195 0 -27 108 -81
2195 0 0 -27 54 -27
2195 2195 0 -27 0 27
2195 -2195 0 -26 104 -78
2195 0 0 -26 52 -26
2195 2195 0 -26 0 26
2195 -2195 0 -25 100 -75
2195 -1756 0 -25 90 -65
2195 -1317 0 -25 80 -55
2195 -878 0 -25 70 -45
2195 -439 0 -25 60 -35
2195 0 0 -25 50 -25
2195 439 0 -25 40 -15
2195 878 0 -25 30 -5
2195 1317 0 -25 20 5
2195 1756 0 -25 10 15
2195 2195 0 -25 0 25
2195 -2195 0 -24 96 -72
2195 0 0 -24 48 -24
2195 2195 0 -24 0 24
2195 -2195 0 -23 92 -69
2195 0 0 -23 46 -23
2195 2195 0 -23 0 23
2195 -2195 0 -22 88 -66
2195 0 0 -22 44 -22
2195 2195 0 -22 0 22
2195 -2195 0 -21 84 -63
2195 0 0 -21 42 -21
2195 2195 0 -21 0 21
2195 -2195 0 -20 80 -60
2195 -1756 0 -20 72 -52
2195 -1317 0 -20 64 -44
2195 -878 0 -20 56 -36
2195 -439 0 -20 48 -28
2195 0 0 -20 40 -20
2195 439 0 -20 32 -12
2195 878 0 -20 24 -4
2195 1317 0 -20 16 4
2195 1756 0 -20 8 12
2195 2195 0 -20 0 20
2195 -2195 0 -19 76 -57
2195 0 0 -19 38 -19
2195 2195 0 -19 0 19
2195 -2195 0 -18 72 -54
2195 0 0 -18 36 -18
2195 2195 0 -18 0 18
2195 -2195 0 -17 68 -51
2195 0 0 -17 34 -17
2195 2195 0 -17 0 17
2195 -2195 0 -16 64 -48
2195 0 0 -16 32 -16
2195 2195 0 -16 0 16
2195 -2195 0 -15 60 -45
2195 -1756 0 -15 54 -39
2195 -1317 0 -15 48 -33
2195 -878 0 -15 42 -27
2195 -439 0 -15 36 -21
2195 0 0 -15 30 -15
2195 439 0 -15 24 -9
2195 878 0 -15 18 -3
2195 1317 0 -15 12 3
2195 1756 0 -15 6 9
2195 2195 0 -15 0 15
2195 -2195 0 -14 56 -42
2195 0 0 -14 28 -14
2195 2195 0 -14 0 14
2195 -2195 0 -13 52 -39
2195 0 0 -13 26 -13
2195 2195 0 -13 0 13
2195 -2195 0 -12 48 -36
2195 0 0 -12 24 -12
2195 2195 0 -12 0 12
2195 -2195 0 -11 44 -33
2195 0 0 -11 22 -11
2195 2195 0 -11 0 11
2195 -2195 0 -10 40 -30
2195 -1756 0 -10 36 -26
2195 -1317 0 -10 32 -22
2195 -878 0 -10 28 -18
2195 -439 0 -10 24 -14
2195 0 0 -10 20 -10
2195 439 0 -10 16 -6
2195 878 0 -10 12 -2
2195 1317 0 -10 8 2
2195 1756 0 -10 4 6
2195 2195 0 -10 0 10
2195 -2195 0 -9 36 -27
2195 0 0 -9 18 -9
2195 2195 0 -9 0 9
2195 -2195 0 -8 32 -24
2195 0 0 -8 16 -8
2195 2195 0 -8 0 8
2195 -2195 0 -7 28 -21
2195 0 0 -7 14 -7
2195 2195 0 -7 0 7
2195 -2195 0 -6 24 -18
2195 0 0 -6 12 -6
2195 2195 0 -6 0 6
2195 -2195 0 -5 20 -15
2195 -1756 0 -5 18 -13
2195 -1317 0 -5 16 -11
2195 -878 0 -5 14 -9
2195 -439 0 -5 12 -7
2195 0 0 -5 10 -5
2195 439 0 -5 8 -3
2195 878 0 -5 6 -1
2195 1317 0 -5 4 1
2195 1756 0 -5 2 3
2195 2195 0 -5 0 5
2195 -2195 0 -4 16 -12
2195 0 0 -4 8 -4
2195 2195 0 -4 0 4
2195 -2195 0 -3 12 -9
2195 0 0 -3 6 -3
2195 2195 0 -3 0 3
2195 -2195 0 -2 8 -6
2195 0 0 -2 4 -2
2195 2195 0 -2 0 2
2195 -2195 0 -1 4 -3
2195 0 0 -1 2 -1
2195 2195 0 -1 0 1
2195 -2195 -1 1 -4 4
2195 -2195 0 1 -4 3
2195 -2195 1 1 -4 4
2195 0 0 1 -2 1
2195 2195 0 1 0 -1
2195 -2195 0 2 -8 6
2195 0 0 2 -4 2
2195 2195 0 2 0 -2
2195 -2195 0 3 -12 9
2195 0 0 3 -6 3
2195 2195 0 3 0 -3
2195 -2195 -2 4 -16 16
2195 -2195 0 4 -16 12
2195 -2195 2 4 -16 16
2195 0 0 4 -8 4
2195 2195 0 4 0 -4
2195 -2195 0 5 -20 15
2195 -1756 0 5 -18 13
2195 -1317 0 5 -16 11
2195 -878 0 5 -14 9
2195 -439 0 5 -12 7
2195 0 0 5 -10 5
2195 439 0 5 -8 3
2195 878 0 5 -6 1
2195 1317 0 5 -4 -1
2195 1756 0 5 -2 -3
2195 2195 0 5 0 -5
2195 -2195 0 6 -24 18
2195 0 0 6 -12 6
2195 2195 0 6 0 -6
2195 -2195 0 7 -28 21
2195 0 0 7 -14 7
2195 2195 0 7 0 -7
2195 -2195 0 8 -32 24
2195 0 0 8 -16 8
2195 2195 0 8 0 -8
2195 -2195 -3 9 -36 36
2195 -2195 0 9 -36 27
2195 -2195 3 9 -36 36
2195 0 0 9 -18 9
2195 2195 0 9 0 -9
2195 -2195 0 10 -40 30
2195 -1756 0 10 -36 26
2195 -1317 0 10 -32 22
2195 -878 0 10 -28 18
2195 -439 0 10 -24 14
2195 0 0 10 -20 10
2195 439 0 10 -16 6
2195 878 0 10 -12 2
2195 1317 0 10 -8 -2
2195 1756 0 10 -4 -6
2195 2195 0 10 0 -10
2195 -2195 0 11 -44 33
2195 0 0 11 -22 11
2195 2195 0 11 0 -11
2195 -2195 0 12 -48 36
2195 0 0 12 -24 12
2195 2195 0 12 0 -12
2195 -2195 0 13 -52 39
2195 0 0 13 -26 13
2195 2195 0 13 0 -13
2195 -2195 0 14 -56 42
2195 0 0 14 -28 14
2195 2195 0 14 0 -14
2195 -2195 0 15 -60 45
2195 -1756 0 15 -54 39
2195 -1317 0 15 -48 33
2195 -878 0 15 -42 27
2195 -439 0 15 -36 21
2195 0 0 15 -30 15
2195 439 0 15 -24 9
2195 878 0 15 -18 3
2195 1317 0 15 -12 -3
2195 1756 0 15 -6 -9
2195 2195 0 15 0 -15
2195 -2195 -4 16 -64 64
2195 -2195 0 16 -64 48
2195 -2195 4 16 -64 64
2195 0 0 16 -32 16
2195 2195 0 16 0 -16
2195 -2195 0 17 -68 51
2195 0 0 17 -34 17
2195 2195 0 17 0 -17
2195 -2195 0 18 -72 54
2195 0 0 18 -36 18
2195 2195 0 18 0 -18
2195 -2195 0 19 -76 57
2195 0 0 19 -38 19
2195 2195 0 19 0 -19
2195 -2195 0 20 -80 60
2195 -1756 0 20 -72 52
2195 -1317 0 20 -64 44
2195 -878 0 20 -56 36
2195 -439 0 20 -48 28
2195 0 0 20 -40 20
2195 439 0 20 -32 12
2195 878 0 20 -24 4
2195 1317 0 20 -16 -4
2195 1756 0 20 -8 -12
2195 2195 0 20 0 -20
2195 -2195 0 21 -84 63
2195 0 0 21 -42 21
2195 2195 0 21 0 -21
2195 -2195 0 22 -88 66
2195 0 0 22 -44 22
2195 2195 0 22 0 -22
2195 -2195 0 23 -92 69
2195 0 0 23 -46 23
2195 2195 0 23 0 -23
2195 -2195 0 24 -96 72
2195 0 0 24 -48 24
2195 2195 0 24 0 -24
2195 -2195 -5 25 -100 100
2195 -2195 0 25 -100 75
2195 -2195 5 25 -100 100
2195 -1756 0 25 -90 65
2195 -1317 0 25 -80 55
2195 -878 0 25 -70 45
2195 -439 0 25 -60 35
2195 0 0 25 -50 25
2195 439 0 25 -40 15
2195 878 0 25 -30 5
2195 1317 0 25 -20 -5
2195 1756 0 25 -10 -15
2195 2195 0 25 0 -25
2195 -2195 0 26 -104 78
2195 0 0 26 -52 26
2195 2195 0 26 0 -26
2195 -2195 0 27 -108 81
2195 0 0 27 -54 27
2195 2195 0 27 0 -27
2195 -2195 0 28 -112 84
2195 0 0 28 -56 28
2195 2195 0 28 0 -28
2195 -2195 0 29 -116 87
2195 0 0 29 -58 29
2195 2195 0 29 0 -29
2195 -2195 0 30 -120 90
2195 -1756 0 30 -108 78
2195 -1317 0 30 -96 66
2195 -878 0 30 -84 54
2195 -439 0 30 -72 42
2195 0 0 30 -60 30
2195 439 0 30 -48 18
2195 878 0 30 -36 6
2195 1317 0 30 -24 -6
2195 1756 0 30 -12 -18
2195 2195 0 30 0 -30
2195 -2195 0 31 -124 93
2195 0 0 31 -62 31
2195 2195 0 31 0 -31
2195 -2195 0 32 -128 96
2195 0 0 32 -64 32
2195 2195 0 32 0 -32
2195 -2195 0 33 -132 99
2195 0 0 33 -66 33
2195 2195 0 33 0 -33
2195 -2195 0 34 -136 102
2195 0 0 34 -68 34
2195 2195 0 34 0 -34
2195 -2195 0 35 -140 105
2195 -1756 0 35 -126 91
2195 -1317 0 35 -112 77
2195 -878 0 35 -98 63
2195 -439 0 35 -84 49
2195 0 0 35 -70 35
2195 439 0 35 -56 21
2195 878 0 35 -42 7
2195 1317 0 35 -28 -7
2195 1756 0 35 -14 -21
2195 2195 0 35 0 -35
2195 -2195 -6 36 -144 144
2195 -2195 0 36 -144 108
2195 -2195 6 36 -144 144
2195 0 0 36 -72 36
2195 2195 0 36 0 -36
2195 -2195 0 37 -148 111
2195 0 0 37 -74 37
2195 2195 0 37 0 -37
2195 -2195 0 38 -152 114
2195 0 0 38 -76 38
2195 2195 0 38 0 -38
2195 -2195 0 39 -156 117
2195 0 0 39 -78 39
2195 2195 0 39 0 -39
2195 -2195 0 40 -160 120
2195 -1756 0 40 -144 104
2195 -1317 0 40 -128 88
2195 -878 0 40 -112 72
2195 -439 0 40 -96 56
2195 0 0 40 -80 40
2195 439 0 40 -64 24
2195 878 0 40 -48 8
2195 1317 0 40 -32 -8
2195 1756 0 40 -16 -24
2195 2195 0 40 0 -40
2195 -2195 0 41 -164 123
2195 0 0 41 -82 41
2195 2195 0 41 0 -41
2195 -2195 0 42 -168 126
2195 0 0 42 -84 42
2195 2195 0 42 0 -42
2195 -2195 0 43 -172 129
2195 0 0 43 -86 43
2195 2195 0 43 0 -43
2195 -2195 0 44 -176 132
2195 0 0 44 -88 44
2195 2195 0 44 0 -44
2195 -2195 0 45 -180 135
2195 -1756 0 45 -162 117
2195 -1317 0 45 -144 99
2195 -878 0 45 -126 81
2195 -439 0 45 -108 63
2195 0 0 45 -90 45
2195 439 0 45 -72 27
2195 878 0 45 -54 9
2195 1317 0 45 -36 -9
2195 1756 0 45 -18 -27
2195 2195 0 45 0 -45
2195 -2195 0 46 -184 138
2195 0 0 46 -92 46
2195 2195 0 46 0 -46
2195 -2195 0 47 -188 141
2195 0 0 47 -94 47
2195 2195 0 47 0 -47
2195 -2195 0 48 -192 144
2195 0 0 48 -96 48
2195 2195 0 48 0 -48
2195 -2195 -7 49 -196 196
2195 -2195 0 49 -196 147
2195 -2195 7 49 -196 196
2195 0 0 49 -98 49
2195 2195 0 49 0 -49
2195 -2195 0 50 -200 150
2195 -1756 0 50 -180 130
2195 -1317 0 50 -160 110
2195 -878 0 50 -140 90
2195 -439 0 50 -120 70
2195 0 0 50 -100 50
2195 439 0 50 -80 30
2195 878 0 50 -60 10
2195 1317 0 50 -40 -10
2195 1756 0 50 -20 -30
2195 2195 0 50 0 -50
2195 -2195 0 51 -204 153
2195 0 0 51 -102 51
2195 2195 0 51 0 -51
2195 -2195 0 52 -208 156
2195 0 0 52 -104 52
2195 2195 0 52 0 -52
2195 -2195 0 53 -212 159
2195 0 0 53 -106 53
2195 2195 0 53 0 -53
2195 -2195 0 54 -216 162
2195 0 0 54 -108 54
2195 2195 0 54 0 -54
2195 -2195 0 55 -220 165
2195 -1756 0 55 -198 143
2195 -1317 0 55 -176 121
2195 -878 0 55 -154 99
2195 -439 0 55 -132 77
2195 0 0 55 -110 55
2195 439 0 55 -88 33
2195 878 0 55 -66 11
2195 1317 0 55 -44 -11
2195 1756 0 55 -22 -33
2195 2195 0 55 0 -55
2195 -2195 0 56 -224 168
2195 0 0 56 -112 56
2195 2195 0 56 0 -56
2195 -2195 0 57 -228 171
2195 0 0 57 -114 57
2195 2195 0 57 0 -57
2195 -2195 0 58 -232 174
2195 0 0 58 -116 58
2195 2195 0 58 0 -58
2195 -2195 0 59 -236 177
2195 0 0 59 -118 59
2195 2195 0 59 0 -59
2195 -2195 0 60 -240 180
2195 -1756 0 60 -216 156
2195 -1317 0 60 -192 132
2195 -878 0 60 -168 108
2195 -439 0 60 -144 84
2195 0 0 60 -120 60
2195 439 0 60 -96 36
2195 878 0 60 -72 12
2195 1317 0 60 -48 -12
2195 1756 0 60 -24 -36
2195 2195 0 60 0 -60
2196 -2196 0 -60 240 -180
2196 -2013 0 -60 230 -170
2196 -1830 0 -60 220 -160
2196 -1647 0 -60 210 -150
2196 -1464 0 -60 200 -140
2196 -1281 0 -60 190 -130
2196 -1098 0 -60 180 -120
2196 -915 0 -60 170 -110
2196 -732 0 -60 160 -100
2196 -549 0 -60 150 -90
2196 -366 0 -60 140 -80
2196 -183 0 -60 130 -70
2196 0 0 -60 120 -60
2196 183 0 -60 110 -50
2196 366 0 -60 100 -40
2196 549 0 -60 90 -30
2196 732 0 -60 80 -20
2196 915 0 -60 70 -10
2196 1098 0 -60 60 0
2196 1281 0 -60 50 10
2196 1464 0 -60 40 20
2196 1647 0 -60 30 30
2196 1830 0 -60 20 40
2196 2013 0 -60 10 50
2196 2196 0 -60 0 60
2196 -2196 0 -59 236 -177
2196 -1098 0 -59 177 -118
2196 0 0 -59 118 -59
2196 1098 0 -59 59 0
2196 2196 0 -59 0 59
2196 -2196 0 -58 232 -174
2196 -1647 0 -58 203 -145
2196 -1098 0 -58 174 -116
2196 -549 0 -58 145 -87
2196 0 0 -58 116 -58
2196 549 0 -58 87 -29
2196 1098 0 -58 58 0
2196 1647 0 -58 29 29
2196 2196 0 -58 0 58
2196 -2196 0 -57 228 -171
2196 -1830 0 -57 209 -152
2196 -1464 0 -57 190 -133
2196 -1098 0 -57 171 -114
2196 -732 0 -57 152 -95
2196 -366 0 -57 133 -76
2196 0 0 -57 114 -57
2196 366 0 -57 95 -38
2196 732 0 -57 76 -19
2196 1098 0 -57 57 0
2196 1464 0 -57 38 19
2196 1830 0 -57 19 38
2196 2196 0 -57 0 57
2196 -2196 0 -56 224 -168
2196 -1647 0 -56 196 -140
2196 -1098 0 -56 168 -112
2196 -549 0 -56 140 -84
2196 0 0 -56 112 -56
2196 549 0 -56 84 -28
2196 1098 0 -56 56 0
2196 1647 0 -56 28 28
2196 2196 0 -56 0 56
2196 -2196 0 -55 220 -165
2196 -1098 0 -55 165 -110
2196 0 0 -55 110 -55
2196 1098 0 -55 55 0
2196 2196 0 -55 0 55
2196 -2196 0 -54 216 -162
2196 -2135 0 -54 213 -159
2196 -2074 0 -54 210 -156
2196 -2013 0 -54 207 -153
2196 -1952 0 -54 204 -150
2196 -1891 0 -54 201 -147
2196 -1830 0 -54 198 -144
2196 -1769 0 -54 195 -141
2196 -1708 0 -54 192 -138
2196 -1647 0 -54 189 -135
2196 -1586 0 -54 186 -132
2196 -1525 0 -54 183 -129
2196 -1464 0 -54 180 -126
2196 -1403 0 -54 177 -123
2196 -1342 0 -54 174 -120
2196 -1281 0 -54 171 -117
2196 -1220 0 -54 168 -114
2196 -1159 0 -54 165 -111
2196 -1098 0 -54 162 -108
2196 -1037 0 -54 159 -105
2196 -976 0 -54 156 -102
2196 -915 0 -54 153 -99
2196 -854 0 -54 150 -96
2196 -793 0 -54 147 -93
2196 -732 0 -54 144 -90
2196 -671 0 -54 141 -87
2196 -610 0 -54 138 -84
2196 -549 0 -54 135 -81
2196 -488 0 -54 132 -78
2196 -427 0 -54 129 -75
2196 -366 0 -54 126 -72
2196 -305 0 -54 123 -69
2196 -244 0 -54 120 -66
2196 -183 0 -54 117 -63
2196 -122 0 -54 114 -60
2196 -61 0 -54 111 -57
2196 0 0 -54 108 -54
2196 61 0 -54 105 -51
2196 122 0 -54 102 -48
2196 183 0 -54 99 -45
2196 244 0 -54 96 -42
2196 305 0 -54 93 -39
2196 366 0 -54 90 -36
2196 427 0 -54 87 -33
2196 488 0 -54 84 -30
2196 549 0 -54 81 -27
2196 610 0 -54 78 -24
2196 671 0 -54 75 -21
2196 732 0 -54 72 -18
2196 793 0 -54 69 -15
2196 854 0 -54 66 -12
2196 915 0 -54 63 -9
2196 976 0 -54 60 -6
2196 1037 0 -54 57 -3
2196 1098 0 -54 54 0
2196 1159 0 -54 51 3
2196 1220 0 -54 48 6
2196 1281 0 -54 45 9
2196 1342 0 -54 42 12
2196 1403 0 -54 39 15
2196 1464 0 -54 36 18
2196 1525 0 -54 33 21
2196 1586 0 -54 30 24
2196 1647 0 -54 27 27
2196 1708 0 -54 24 30
2196 1769 0 -54 21 33
2196 1830 0 -54 18 36
2196 1891 0 -54 15 39
2196 1952 0 -54 12 42
2196 2013 0 -54 9 45
2196 2074 0 -54 6 48
2196 2135 0 -54 3 51
2196 2196 0 -54 0 54
2196 -2196 0 -53 212 -159
2196 -1098 0 -53 159 -106
2196 0 0 -53 106 -53
2196 1098 0 -53 53 0
2196 2196 0 -53 0 53
2196 -2196 0 -52 208 -156
2196 -1647 0 -52 182 -130
2196 -1098 0 -52 156 -104
2196 -549 0 -52 130 -78
2196 0 0 -52 104 -52
2196 549 0 -52 78 -26
2196 1098 0 -52 52 0
2196 1647 0 -52 26 26
2196 2196 0 -52 0 52
2196 -2196 0 -51 204 -153
2196 -1830 0 -51 187 -136
2196 -1464 0 -51 170 -119
2196 -1098 0 -51 153 -102
2196 -732 0 -51 136 -85
2196 -366 0 -51 119 -68
2196 0 0 -51 102 -51
2196 366 0 -51 85 -34
2196 732 0 -51 68 -17
2196 1098 0 -51 51 0
2196 1464 0 -51 34 17
2196 1830 0 -51 17 34
2196 2196 0 -51 0 51
2196 -2196 0 -50 200 -150
2196 -1647 0 -50 175 -125
2196 -1098 0 -50 150 -100
2196 -549 0 -50 125 -75
2196 0 0 -50 100 -50
2196 549 0 -50 75 -25
2196 1098 0 -50 50 0
2196 1647 0 -50 25 25
2196 2196 0 -50 0 50
2196 -2196 0 -49 196 -147
2196 -1098 0 -49 147 -98
2196 0 0 -49 98 -49
2196 1098 0 -49 49 0
2196 2196 0 -49 0 49
2196 -2196 0 -48 192 -144
2196 -2013 0 -48 184 -136
2196 -1830 0 -48 176 -128
2196 -1647 0 -48 168 -120
2196 -1464 0 -48 160 -112
2196 -1281 0 -48 152 -104
2196 -1098 0 -48 144 -96
2196 -915 0 -48 136 -88
2196 -732 0 -48 128 -80
2196 -549 0 -48 120 -72
2196 -366 0 -48 112 -64
2196 -183 0 -48 104 -56
2196 0 0 -48 96 -48
2196 183 0 -48 88 -40
2196 366 0 -48 80 -32
2196 549 0 -48 72 -24
2196 732 0 -48 64 -16
2196 915 0 -48 56 -8
2196 1098 0 -48 48 0
2196 1281 0 -48 40 8
2196 1464 0 -48 32 16
2196 1647 0 -48 24 24
2196 1830 0 -48 16 32
2196 2013 0 -48 8 40
2196 2196 0 -48 0 48
2196 -2196 0 -47 188 -141
2196 -1098 0 -47 141 -94
2196 0 0 -47 94 -47
2196 1098 0 -47 47 0
2196 2196 0 -47 0 47
2196 -2196 0 -46 184 -138
2196 -1647 0 -46 161 -115
2196 -1098 0 -46 138 -92
2196 -549 0 -46 115 -69
2196 0 0 -46 92 -46
2196 549 0 -46 69 -23
2196 1098 0 -46 46 0
2196 1647 0 -46 23 23
2196 2196 0 -46 0 46
2196 -2196 0 -45 180 -135
2196 -2074 0 -45 175 -130
2196 -1952 0 -45 170 -125
2196 -1830 0 -45 165 -120
2196 -1708 0 -45 160 -115
2196 -1586 0 -45 155 -110
2196 -1464 0 -45 150 -105
2196 -1342 0 -45 145 -100
2196 -1220 0 -45 140 -95
2196 -1098 0 -45 135 -90
2196 -976 0 -45 130 -85
2196 -854 0 -45 125 -80
2196 -732 0 -45 120 -75
2196 -610 0 -45 115 -70
2196 -488 0 -45 110 -65
2196 -366 0 -45 105 -60
2196 -244 0 -45 100 -55
2196 -122 0 -45 95 -50
2196 0 0 -45 90 -45
2196 122 0 -45 85 -40
2196 244 0 -45 80 -35
2196 366 0 -45 75 -30
2196 488 0 -45 70 -25
2196 610 0 -45 65 -20
2196 732 0 -45 60 -15
2196 854 0 -45 55 -10
2196 976 0 -45 50 -5
2196 1098 0 -45 45 0
2196 1220 0 -45 40 5
2196 1342 0 -45 35 10
2196 1464 0 -45 30 15
2196 1586 0 -45 25 20
2196 1708 0 -45 20 25
2196 1830 0 -45 15 30
2196 1952 0 -45 10 35
2196 2074 0 -45 5 40
2196 2196 0 -45 0 45
2196 -2196 0 -44 176 -132
2196 -1647 0 -44 154 -110
2196 -1098 0 -44 132 -88
2196 -549 0 -44 110 -66
2196 0 0 -44 88 -44
2196 549 0 -44 66 -22
2196 1098 0 -44 44 0
2196 1647 0 -44 22 22
2196 2196 0 -44 0 44
2196 -2196 0 -43 172 -129
2196 -1098 0 -43 129 -86
2196 0 0 -43 86 -43
2196 1098 0 -43 43 0
2196 2196 0 -43 0 43
2196 -2196 0 -42 168 -126
2196 -2013 0 -42 161 -119
2196 -1830 0 -42 154 -112
2196 -1647 0 -42 147 -105
2196 -1464 0 -42 140 -98
2196 -1281 0 -42 133 -91
2196 -1098 0 -42 126 -84
2196 -915 0 -42 119 -77
2196 -732 0 -42 112 -70
2196 -549 0 -42 105 -63
2196 -366 0 -42 98 -56
2196 -183 0 -42 91 -49
2196 0 0 -42 84 -42
2196 183 0 -42 77 -35
2196 366 0 -42 70 -28
2196 549 0 -42 63 -21
2196 732 0 -42 56 -14
2196 915 0 -42 49 -7
2196 1098 0 -42 42 0
2196 1281 0 -42 35 7
2196 1464 0 -42 28 14
2196 1647 0 -42 21 21
2196 1830 0 -42 14 28
2196 2013 0 -42 7 35
2196 2196 0 -42 0 42
2196 -2196 0 -41 164 -123
2196 -1098 0 -41 123 -82
2196 0 0 -41 82 -41
2196 1098 0 -41 41 0
2196 2196 0 -41 0 41
2196 -2196 0 -40 160 -120
2196 -1647 0 -40 140 -100
2196 -1098 0 -40 120 -80
2196 -549 0 -40 100 -60
2196 0 0 -40 80 -40
2196 549 0 -40 60 -20
2196 1098 0 -40 40 0
2196 1647 0 -40 20 20
2196 2196 0 -40 0 40
2196 -2196 0 -39 156 -117
2196 -1830 0 -39 143 -104
2196 -1464 0 -39 130 -91
2196 -1098 0 -39 117 -78
2196 -732 0 -39 104 -65
2196 -366 0 -39 91 -52
2196 0 0 -39 78 -39
2196 366 0 -39 65 -26
2196 732 0 -39 52 -13
2196 1098 0 -39 39 0
2196 1464 0 -39 26 13
2196 1830 0 -39 13 26
2196 2196 0 -39 0 39
2196 -2196 0 -38 152 -114
2196 -1647 0 -38 133 -95
2196 -1098 0 -38 114 -76
2196 -549 0 -38 95 -57
2196 0 0 -38 76 -38
2196 549 0 -38 57 -19
2196 1098 0 -38 38 0
2196 1647 0 -38 19 19
2196 2196 0 -38 0 38
2196 -2196 0 -37 148 -111
2196 -1098 0 -37 111 -74
2196 0 0 -37 74 -37
2196 1098 0 -37 37 0
2196 2196 0 -37 0 37
2196 -2196 0 -36 144 -108
2196 -2135 0 -36 142 -106
2196 -2074 0 -36 140 -104
2196 -2013 0 -36 138 -102
2196 -1952 0 -36 136 -100
2196 -1891 0 -36 134 -98
2196 -1830 0 -36 132 -96
2196 -1769 0 -36 130 -94
2196 -1708 0 -36 128 -92
2196 -1647 0 -36 126 -90
2196 -1586 0 -36 124 -88
2196 -1525 0 -36 122 -86
2196 -1464 0 -36 120 -84
2196 -1403 0 -36 118 -82
2196 -1342 0 -36 116 -80
2196 -1281 0 -36 114 -78
2196 -1220 0 -36 112 -76
2196 -1159 0 -36 110 -74
2196 -1098 0 -36 108 -72
2196 -1037 0 -36 106 -70
2196 -976 0 -36 104 -68
2196 -915 0 -36 102 -66
2196 -854 0 -36 100 -64
2196 -793 0 -36 98 -62
2196 -732 0 -36 96 -60
2196 -671 0 -36 94 -58
2196 -610 0 -36 92 -56
2196 -549 0 -36 90 -54
2196 -488 0 -36 88 -52
2196 -427 0 -36 86 -50
2196 -366 0 -36 84 -48
2196 -305 0 -36 82 -46
2196 -244 0 -36 80 -44
2196 -183 0 -36 78 -42
2196 -122 0 -36 76 -40
2196 -61 0 -36 74 -38
2196 0 0 -36 72 -36
2196 61 0 -36 70 -34
2196 122 0 -36 68 -32
2196 183 0 -36 66 -30
2196 244 0 -36 64 -28
2196 305 0 -36 62 -26
2196 366 0 -36 60 -24
2196 427 0 -36 58 -22
2196 488 0 -36 56 -20
2196 549 0 -36 54 -18
2196 610 0 -36 52 -16
2196 671 0 -36 50 -14
2196 732 0 -36 48 -12
2196 793 0 -36 46 -10
2196 854 0 -36 44 -8
2196 915 0 -36 42 -6
2196 976 0 -36 40 -4
2196 1037 0 -36 38 -2
2196 1098 0 -36 36 0
2196 1159 0 -36 34 2
2196 1220 0 -36 32 4
2196 1281 0 -36 30 6
2196 1342 0 -36 28 8
2196 1403 0 -36 26 10
2196 1464 0 -36 24 12
2196 1525 0 -36 22 14
2196 1586 0 -36 20 16
2196 1647 0 -36 18 18
2196 1708 0 -36 16 20
2196 1769 0 -36 14 22
2196 1830 0 -36 12 24
2196 1891 0 -36 10 26
2196 1952 0 -36 8 28
2196 2013 0 -36 6 30
2196 2074 0 -36 4 32
2196 2135 0 -36 2 34
2196 2196 0 -36 0 36
2196 -2196 0 -35 140 -105
2196 -1098 0 -35 105 -70
2196 0 0 -35 70 -35
2196 1098 0 -35 35 0
2196 2196 0 -35 0 35
2196 -2196 0 -34 136 -102
2196 -1647 0 -34 119 -85
2196 -1098 0 -34 102 -68
2196 -549 0 -34 85 -51
2196 0 0 -34 68 -34
2196 549 0 -34 51 -17
2196 1098 0 -34 34 0
2196 1647 0 -34 17 17
2196 2196 0 -34 0 34
2196 -2196 0 -33 132 -99
2196 -1830 0 -33 121 -88
2196 -1464 0 -33 110 -77
2196 -1098 0 -33 99 -66
2196 -732 0 -33 88 -55
2196 -366 0 -33 77 -44
2196 0 0 -33 66 -33
2196 366 0 -33 55 -22
2196 732 0 -33 44 -11
2196 1098 0 -33 33 0
2196 1464 0 -33 22 11
2196 1830 0 -33 11 22
2196 2196 0 -33 0 33
2196 -2196 0 -32 128 -96
2196 -1647 0 -32 112 -80
2196 -1098 0 -32 96 -64
2196 -549 0 -32 80 -48
2196 0 0 -32 64 -32
2196 549 0 -32 48 -16
2196 1098 0 -32 32 0
2196 1647 0 -32 16 16
2196 2196 0 -32 0 32
2196 -2196 0 -31 124 -93
2196 -1098 0 -31 93 -62
2196 0 0 -31 62 -31
2196 1098 0 -31 31 0
2196 2196 0 -31 0 31
2196 -2196 0 -30 120 -90
2196 -2013 0 -30 115 -85
2196 -1830 0 -30 110 -80
2196 -1647 0 -30 105 -75
2196 -1464 0 -30 100 -70
2196 -1281 0 -30 95 -65
2196 -1098 0 -30 90 -60
2196 -915 0 -30 85 -55
2196 -732 0 -30 80 -50
2196 -549 0 -30 75 -45
2196 -366 0 -30 70 -40
2196 -183 0 -30 65 -35
2196 0 0 -30 60 -30
2196 183 0 -30 55 -25
2196 366 0 -30 50 -20
2196 549 0 -30 45 -15
2196 732 0 -30 40 -10
2196 915 0 -30 35 -5
2196 1098 0 -30 30 0
2196 1281 0 -30 25 5
2196 1464 0 -30 20 10
2196 1647 0 -30 15 15
2196 1830 0 -30 10 20
2196 2013 0 -30 5 25
2196 2196 0 -30 0 30
2196 -2196 0 -29 116 -87
2196 -1098 0 -29 87 -58
2196 0 0 -29 58 -29
2196 1098 0 -29 29 0
2196 2196 0 -29 0 29
2196 -2196 0 -28 112 -84
2196 -1647 0 -28 98 -70
2196 -1098 0 -28 84 -56
2196 -549 0 -28 70 -42
2196 0 0 -28 56 -28
2196 549 0 -28 42 -14
2196 1098 0 -28 28 0
2196 1647 0 -28 14 14
2196 2196 0 -28 0 28
2196 -2196 0 -27 108 -81
2196 -2074 0 -27 105 -78
2196 -1952 0 -27 102 -75
2196 -1830 0 -27 99 -72
2196 -1708 0 -27 96 -69
2196 -1586 0 -27 93 -66
2196 -1464 0 -27 90 -63
2196 -1342 0 -27 87 -60
2196 -1220 0 -27 84 -57
2196 -1098 0 -27 81 -54
2196 -976 0 -27 78 -51
2196 -854 0 -27 75 -48
2196 -732 0 -27 72 -45
2196 -610 0 -27 69 -42
2196 -488 0 -27 66 -39
2196 -366 0 -27 63 -36
2196 -244 0 -27 60 -33
2196 -122 0 -27 57 -30
2196 0 0 -27 54 -27
2196 122 0 -27 51 -24
2196 244 0 -27 48 -21
2196 366 0 -27 45 -18
2196 488 0 -27 42 -15
2196 610 0 -27 39 -12
2196 732 0 -27 36 -9
2196 854 0 -27 33 -6
2196 976 0 -27 30 -3
2196 1098 0 -27 27 0
2196 1220 0 -27 24 3
2196 1342 0 -27 21 6
2196 1464 0 -27 18 9
2196 1586 0 -27 15 12
2196 1708 0 -27 12 15
2196 1830 0 -27 9 18
2196 1952 0 -27 6 21
2196 2074 0 -27 3 24
2196 2196 0 -27 0 27
2196 -2196 0 -26 104 -78
2196 -1647 0 -26 91 -65
2196 -1098 0 -26 78 -52
2196 -549 0 -26 65 -39
2196 0 0 -26 52 -26
2196 549 0 -26 39 -13
2196 1098 0 -26 26 0
2196 1647 0 -26 13 13
2196 2196 0 -26 0 26
2196 -2196 0 -25 100 -75
2196 -1098 0 -25 75 -50
2196 0 0 -25 50 -25
2196 1098 0 -25 25 0
2196 2196 0 -25 0 25
2196 -2196 0 -24 96 -72
2196 -2013 0 -24 92 -68
2196 -1830 0 -24 88 -64
2196 -1647 0 -24 84 -60
2196 -1464 0 -24 80 -56
2196 -1281 0 -24 76 -52
2196 -1098 0 -24 72 -48
2196 -915 0 -24 68 -44
2196 -732 0 -24 64 -40
2196 -549 0 -24 60 -36
2196 -366 0 -24 56 -32
2196 -183 0 -24 52 -28
2196 0 0 -24 48 -24
2196 183 0 -24 44 -20
2196 366 0 -24 40 -16
2196 549 0 -24 36 -12
2196 732 0 -24 32 -8
2196 915 0 -24 28 -4
2196 1098 0 -24 24 0
2196 1281 0 -24 20 4
2196 1464 0 -24 16 8
2196 1647 0 -24 12 12
2196 1830 0 -24 8 16
2196 2013 0 -24 4 20
2196 2196 0 -24 0 24
2196 -2196 0 -23 92 -69
2196 -1098 0 -23 69 -46
2196 0 0 -23 46 -23
2196 1098 0 -23 23 0
2196 2196 0 -23 0 23
2196 -2196 0 -22 88 -66
2196 -1647 0 -22 77 -55
2196 -1098 0 -22 66 -44
2196 -549 0 -22 55 -33
2196 0 0 -22 44 -22
2196 549 0 -22 33 -11
2196 1098 0 -22 22 0
2196 1647 0 -22 11 11
2196 2196 0 -22 0 22
2196 -2196 0 -21 84 -63
2196 -1830 0 -21 77 -56
2196 -1464 0 -21 70 -49
2196 -1098 0 -21 63 -42
2196 -732 0 -21 56 -35
2196 -366 0 -21 49 -28
2196 0 0 -21 42 -21
2196 366 0 -21 35 -14
2196 732 0 -21 28 -7
2196 1098 0 -21 21 0
2196 1464 0 -21 14 7
2196 1830 0 -21 7 14
2196 2196 0 -21 0 21
2196 -2196 0 -20 80 -60
2196 -1647 0 -20 70 -50
2196 -1098 0 -20 60 -40
2196 -549 0 -20 50 -30
2196 0 0 -20 40 -20
2196 549 0 -20 30 -10
2196 1098 0 -20 20 0
2196 1647 0 -20 10 10
2196 2196 0 -20 0 20
2196 -2196 0 -19 76 -57
2196 -1098 0 -19 57 -38
2196 0 0 -19 38 -19
2196 1098 0 -19 19 0
2196 2196 0 -19 0 19
2196 -2196 0 -18 72 -54
2196 -2135 0 -18 71 -53
2196 -2074 0 -18 70 -52
2196 -2013 0 -18 69 -51
2196 -1952 0 -18 68 -50
2196 -1891 0 -18 67 -49
2196 -1830 0 -18 66 -48
2196 -1769 0 -18 65 -47
2196 -1708 0 -18 64 -46
2196 -1647 0 -18 63 -45
2196 -1586 0 -18 62 -44
2196 -1525 0 -18 61 -43
2196 -1464 0 -18 60 -42
2196 -1403 0 -18 59 -41
2196 -1342 0 -18 58 -40
2196 -1281 0 -18 57 -39
2196 -1220 0 -18 56 -38
2196 -1159 0 -18 55 -37
2196 -1098 0 -18 54 -36
2196 -1037 0 -18 53 -35
2196 -976 0 -18 52 -34
2196 -915 0 -18 51 -33
2196 -854 0 -18 50 -32
2196 -793 0 -18 49 -31
2196 -732 0 -18 48 -30
2196 -671 0 -18 47 -29
2196 -610 0 -18 46 -28
2196 -549 0 -18 45 -27
2196 -488 0 -18 44 -26
2196 -427 0 -18 43 -25
2196 -366 0 -18 42 -24
2196 -305 0 -18 41 -23
2196 -244 0 -18 40 -22
2196 -183 0 -18 39 -21
2196 -122 0 -18 38 -20
2196 -61 0 -18 37 -19
2196 0 0 -18 36 -18
2196 61 0 -18 35 -17
2196 122 0 -18 34 -16
2196 183 0 -18 33 -15
2196 244 0 -18 32 -14
2196 305 0 -18 31 -13
2196 366 0 -18 30 -12
2196 427 0 -18 29 -11
2196 488 0 -18 28 -10
2196 549 0 -18 27 -9
2196 610 0 -18 26 -8
2196 671 0 -18 25 -7
2196 732 0 -18 24 -6
2196 793 0 -18 23 -5
2196 854 0 -18 22 -4
2196 915 0 -18 21 -3
2196 976 0 -18 20 -2
2196 1037 0 -18 19 -1
2196 1098 0 -18 18 0
2196 1159 0 -18 17 1
2196 1220 0 -18 16 2
2196 1281 0 -18 15 3
2196 1342 0 -18 14 4
2196 1403 0 -18 13 5
2196 1464 0 -18 12 6
2196 1525 0 -18 11 7
2196 1586 0 -18 10 8
2196 1647 0 -18 9 9
2196 1708 0 -18 8 10
2196 1769 0 -18 7 11
2196 1830 0 -18 6 12
2196 1891 0 -18 5 13
2196 1952 0 -18 4 14
2196 2013 0 -18 3 15
2196 2074 0 -18 2 16
2196 2135 0 -18 1 17
2196 2196 0 -18 0 18
2196 -2196 0 -17 68 -51
2196 -1098 0 -17 51 -34
2196 0 0 -17 34 -17
2196 1098 0 -17 17 0
2196 2196 0 -17 0 17
2196 -2196 0 -16 64 -48
2196 -1647 0 -16 56 -40
2196 -1098 0 -16 48 -32
2196 -549 0 -16 40 -24
2196 0 0 -16 32 -16
2196 549 0 -16 24 -8
2196 1098 0 -16 16 0
2196 1647 0 -16 8 8
2196 2196 0 -16 0 16
2196 -2196 0 -15 60 -45
2196 -1830 0 -15 55 -40
2196 -1464 0 -15 50 -35
2196 -1098 0 -15 45 -30
2196 -732 0 -15 40 -25
2196 -366 0 -15 35 -20
2196 0 0 -15 30 -15
2196 366 0 -15 25 -10
2196 732 0 -15 20 -5
2196 1098 0 -15 15 0
2196 1464 0 -15 10 5
2196 1830 0 -15 5 10
2196 2196 0 -15 0 15
2196 -2196 0 -14 56 -42
2196 -1647 0 -14 49 -35
2196 -1098 0 -14 42 -28
2196 -549 0 -14 35 -21
2196 0 0 -14 28 -14
2196 549 0 -14 21 -7
2196 1098 0 -14 14 0
2196 1647 0 -14 7 7
2196 2196 0 -14 0 14
2196 -2196 0 -13 52 -39
2196 -1098 0 -13 39 -26
2196 0 0 -13 26 -13
2196 1098 0 -13 13 0
2196 2196 0 -13 0 13
2196 -2196 0 -12 48 -36
2196 -2013 0 -12 46 -34
2196 -1830 0 -12 44 -32
2196 -1647 0 -12 42 -30
2196 -1464 0 -12 40 -28
2196 -1281 0 -12 38 -26
2196 -1098 0 -12 36 -24
2196 -915 0 -12 34 -22
2196 -732 0 -12 32 -20
2196 -549 0 -12 30 -18
2196 -366 0 -12 28 -16
2196 -183 0 -12 26 -14
2196 0 0 -12 24 -12
2196 183 0 -12 22 -10
2196 366 0 -12 20 -8
2196 549 0 -12 18 -6
2196 732 0 -12 16 -4
2196 915 0 -12 14 -2
2196 1098 0 -12 12 0
2196 1281 0 -12 10 2
2196 1464 0 -12 8 4
2196 1647 0 -12 6 6
2196 1830 0 -12 4 8
2196 2013 0 -12 2 10
2196 2196 0 -12 0 12
2196 -2196 0 -11 44 -33
2196 -1098 0 -11 33 -22
2196 0 0 -11 22 -11
2196 1098 0 -11 11 0
2196 2196 0 -11 0 11
2196 -2196 0 -10 40 -30
2196 -1647 0 -10 35 -25
2196 -1098 0 -10 30 -20
2196 -549 0 -10 25 -15
2196 0 0 -10 20 -10
2196 549 0 -10 15 -5
2196 1098 0 -10 10 0
2196 1647 0 -10 5 5
2196 2196 0 -10 0 10
2196 -2196 0 -9 36 -27
2196 -2074 0 -9 35 -26
2196 -1952 0 -9 34 -25
2196 -1830 0 -9 33 -24
2196 -1708 0 -9 32 -23
2196 -1586 0 -9 31 -22
2196 -1464 0 -9 30 -21
2196 -1342 0 -9 29 -20
2196 -1220 0 -9 28 -19
2196 -1098 0 -9 27 -18
2196 -976 0 -9 26 -17
2196 -854 0 -9 25 -16
2196 -732 0 -9 24 -15
2196 -610 0 -9 23 -14
2196 -488 0 -9 22 -13
2196 -366 0 -9 21 -12
2196 -244 0 -9 20 -11
2196 -122 0 -9 19 -10
2196 0 0 -9 18 -9
2196 122 0 -9 17 -8
2196 244 0 -9 16 -7
2196 366 0 -9 15 -6
2196 488 0 -9 14 -5
2196 610 0 -9 13 -4
2196 732 0 -9 12 -3
2196 854 0 -9 11 -2
2196 976 0 -9 10 -1
2196 1098 0 -9 9 0
2196 1220 0 -9 8 1
2196 1342 0 -9 7 2
2196 1464 0 -9 6 3
2196 1586 0 -9 5 4
2196 1708 0 -9 4 5
2196 1830 0 -9 3 6
2196 1952 0 -9 2 7
2196 2074 0 -9 1 8
2196 2196 0 -9 0 9
2196 -2196 0 -8 32 -24
2196 -1647 0 -8 28 -20
2196 -1098 0 -8 24 -16
2196 -549 0 -8 20 -12
2196 0 0 -8 16 -8
2196 549 0 -8 12 -4
2196 1098 0 -8 8 0
2196 1647 0 -8 4 4
2196 2196 0 -8 0 8
2196 -2196 0 -7 28 -21
2196 -1098 0 -7 21 -14
2196 0 0 -7 14 -7
2196 1098 0 -7 7 0
2196 2196 0 -7 0 7
2196 -2196 0 -6 24 -18
2196 -2013 0 -6 23 -17
2196 -1830 0 -6 22 -16
2196 -1647 0 -6 21 -15
2196 -1464 0 -6 20 -14
2196 -1281 0 -6 19 -13
2196 -1098 0 -6 18 -12
2196 -915 0 -6 17 -11
2196 -732 0 -6 16 -10
2196 -549 0 -6 15 -9
2196 -366 0 -6 14 -8
2196 -183 0 -6 13 -7
2196 0 0 -6 12 -6
2196 183 0 -6 11 -5
2196 366 0 -6 10 -4
2196 549 0 -6 9 -3
2196 732 0 -6 8 -2
2196 915 0 -6 7 -1
2196 1098 0 -6 6 0
2196 1281 0 -6 5 1
2196 1464 0 -6 4 2
2196 1647 0 -6 3 3
2196 1830 0 -6 2 4
2196 2013 0 -6 1 5
2196 2196 0 -6 0 6
2196 -2196 0 -5 20 -15
2196 -1098 0 -5 15 -10
2196 0 0 -5 10 -5
2196 1098 0 -5 5 0
2196 2196 0 -5 0 5
2196 -2196 0 -4 16 -12
2196 -1647 0 -4 14 -10
2196 -1098 0 -4 12 -8
2196 -549 0 -4 10 -6
2196 0 0 -4 8 -4
2196 549 0 -4 6 -2
2196 1098 0 -4 4 0
2196 1647 0 -4 2 2
2196 2196 0 -4 0 4
2196 -2196 0 -3 12 -9
2196 -1830 0 -3 11 -8
2196 -1464 0 -3 10 -7
2196 -1098 0 -3 9 -6
2196 -732 0 -3 8 -5
2196 -366 0 -3 7 -4
2196 0 0 -3 6 -3
2196 366 0 -3 5 -2
2196 732 0 -3 4 -1
2196 1098 0 -3 3 0
2196 1464 0 -3 2 1
2196 1830 0 -3 1 2
2196 2196 0 -3 0 3
2196 -2196 0 -2 8 -6
2196 -1647 0 -2 7 -5
2196 -1098 0 -2 6 -4
2196 -549 0 -2 5 -3
2196 0 0 -2 4 -2
2196 549 0 -2 3 -1
2196 1098 0 -2 2 0
2196 1647 0 -2 1 1
2196 2196 0 -2 0 2
2196 -2196 0 -1 4 -3
2196 -1098 0 -1 3 -2
2196 0 0 -1 2 -1
2196 1098 0 -1 1 0
2196 2196 0 -1 0 1
2196 -2196 -1 1 -4 4
2196 -2196 0 1 -4 3
2196 -2196 1 1 -4 4
2196 -1098 0 1 -3 2
2196 0 0 1 -2 1
2196 1098 0 1 -1 0
2196 2196 0 1 0 -1
2196 -2196 0 2 -8 6
2196 -1647 0 2 -7 5
2196 -1098 0 2 -6 4
2196 -549 0 2 -5 3
2196 0 0 2 -4 2
2196 549 0 2 -3 1
2196 1098 0 2 -2 0
2196 1647 0 2 -1 -1
2196 2196 0 2 0 -2
2196 -2196 0 3 -12 9
2196 -1830 0 3 -11 8
2196 -1464 0 3 -10 7
2196 -1098 0 3 -9 6
2196 -732 0 3 -8 5
2196 -366 0 3 -7 4
2196 0 0 3 -6 3
2196 366 0 3 -5 2
2196 732 0 3 -4 1
2196 1098 0 3 -3 0
2196 1464 0 3 -2 -1
2196 1830 0 3 -1 -2
2196 2196 0 3 0 -3
2196 -2196 -2 4 -16 16
2196 -2196 0 4 -16 12
2196 -2196 2 4 -16 16
2196 -1647 0 4 -14 10
2196 -1098 0 4 -12 8
2196 -549 0 4 -10 6
2196 0 0 4 -8 4
2196 549 0 4 -6 2
2196 1098 0 4 -4 0
2196 1647 0 4 -2 -2
2196 2196 0 4 0 -4
2196 -2196 0 5 -20 15
2196 -1098 0 5 -15 10
2196 0 0 5 -10 5
2196 1098 0 5 -5 0
2196 2196 0 5 0 -5
2196 -2196 0 6 -24 18
2196 -2013 0 6 -23 17
2196 -1830 0 6 -22 16
2196 -1647 0 6 -21 15
2196 -1464 0 6 -20 14
2196 -1281 0 6 -19 13
2196 -1098 0 6 -18 12
2196 -915 0 6 -17 11
2196 -732 0 6 -16 10
2196 -549 0 6 -15 9
2196 -366 0 6 -14 8
2196 -183 0 6 -13 7
2196 0 0 6 -12 6
2196 183 0 6 -11 5
2196 366 0 6 -10 4
2196 549 0 6 -9 3
2196 732 0 6 -8 2
2196 915 0 6 -7 1
2196 1098 0 6 -6 0
2196 1281 0 6 -5 -1
2196 1464 0 6 -4 -2
2196 1647 0 6 -3 -3
2196 1830 0 6 -2 -4
2196 2013 0 6 -1 -5
2196 2196 0 6 0 -6
2196 -2196 0 7 -28 21
2196 -1098 0 7 -21 14
2196 0 0 7 -14 7
2196 1098 0 7 -7 0
2196 2196 0 7 0 -7
2196 -2196 0 8 -32 24
2196 -1647 0 8 -28 20
2196 -1098 0 8 -24 16
2196 -549 0 8 -20 12
2196 0 0 8 -16 8
2196 549 0 8 -12 4
2196 1098 0 8 -8 0
2196 1647 0 8 -4 -4
2196 2196 0 8 0 -8
2196 -2196 -3 9 -36 36
2196 -2196 0 9 -36 27
2196 -2196 3 9 -36 36
2196 -2074 0 9 -35 26
2196 -1952 0 9 -34 25
2196 -1830 0 9 -33 24
2196 -1708 0 9 -32 23
2196 -1586 0 9 -31 22
2196 -1464 0 9 -30 21
2196 -1342 0 9 -29 20
2196 -1220 0 9 -28 19
2196 -1098 0 9 -27 18
2196 -976 0 9 -26 17
2196 -854 0 9 -25 16
2196 -732 0 9 -24 15
2196 -610 0 9 -23 14
2196 -488 0 9 -22 13
2196 -366 0 9 -21 12
2196 -244 0 9 -20 11
2196 -122 0 9 -19 10
2196 0 0 9 -18 9
2196 122 0 9 -17 8
2196 244 0 9 -16 7
2196 366 0 9 -15 6
2196 488 0 9 -14 5
2196 610 0 9 -13 4
2196 732 0 9 -12 3
2196 854 0 9 -11 2
2196 976 0 9 -10 1
2196 1098 0 9 -9 0
2196 1220 0 9 -8 -1
2196 1342 0 9 -7 -2
2196 1464 0 9 -6 -3
2196 1586 0 9 -5 -4
2196 1708 0 9 -4 -5
2196 1830 0 9 -3 -6
2196 1952 0 9 -2 -7
2196 2074 0 9 -1 -8
2196 2196 0 9 0 -9
2196 -2196 0 10 -40 30
2196 -1647 0 10 -35 25
2196 -1098 0 10 -30 20
2196 -549 0 10 -25 15
2196 0 0 10 -20 10
2196 549 0 10 -15 5
2196 1098 0 10 -10 0
2196 1647 0 10 -5 -5
2196 2196 0 10 0 -10
2196 -2196 0 11 -44 33
2196 -1098 0 11 -33 22
2196 0 0 11 -22 11
2196 1098 0 11 -11 0
2196 2196 0 11 0 -11
2196 -2196 0 12 -48 36
2196 -2013 0 12 -46 34
2196 -1830 0 12 -44 32
2196 -1647 0 12 -42 30
2196 -1464 0 12 -40 28
2196 -1281 0 12 -38 26
2196 -1098 0 12 -36 24
2196 -915 0 12 -34 22
2196 -732 0 12 -32 20
2196 -549 0 12 -30 18
2196 -366 0 12 -28 16
2196 -183 0 12 -26 14
2196 0 0 12 -24 12
2196 183 0 12 -22 10
2196 366 0 12 -20 8
2196 549 0 12 -18 6
2196 732 0 12 -16 4
2196 915 0 12 -14 2
2196 1098 0 12 -12 0
2196 1281 0 12 -10 -2
2196 1464 0 12 -8 -4
2196 1647 0 12 -6 -6
2196 1830 0 12 -4 -8
2196 2013 0 12 -2 -10
2196 2196 0 12 0 -12
2196 -2196 0 13 -52 39
2196 -1098 0 13 -39 26
2196 0 0 13 -26 13
2196 1098 0 13 -13 0
2196 2196 0 13 0 -13
2196 -2196 0 14 -56 42
2196 -1647 0 14 -49 35
2196 -1098 0 14 -42 28
2196 -549 0 14 -35 21
2196 0 0 14 -28 14
2196 549 0 14 -21 7
2196 1098 0 14 -14 0
2196 1647 0 14 -7 -7
2196 2196 0 14 0 -14
2196 -2196 0 15 -60 45
2196 -1830 0 15 -55 40
2196 -1464 0 15 -50 35
2196 -1098 0 15 -45 30
2196 -732 0 15 -40 25
2196 -366 0 15 -35 20
2196 0 0 15 -30 15
2196 366 0 15 -25 10
2196 732 0 15 -20 5
2196 1098 0 15 -15 0
2196 1464 0 15 -10 -5
2196 1830 0 15 -5 -10
2196 2196 0 15 0 -15
2196 -2196 -4 16 -64 64
2196 -2196 0 16 -64 48
2196 -2196 4 16 -64 64
2196 -1647 0 16 -56 40
2196 -1098 0 16 -48 32
2196 -549 0 16 -40 24
2196 0 0 16 -32 16
2196 549 0 16 -24 8
2196 1098 0 16 -16 0
2196 1647 0 16 -8 -8
2196 2196 0 16 0 -16
2196 -2196 0 17 -68 51
2196 -1098 0 17 -51 34
2196 0 0 17 -34 17
2196 1098 0 17 -17 0
2196 2196 0 17 0 -17
2196 -2196 0 18 -72 54
2196 -2135 0 18 -71 53
2196 -2074 0 18 -70 52
2196 -2013 0 18 -69 51
2196 -1952 0 18 -68 50
2196 -1891 0 18 -67 49
2196 -1830 0 18 -66 48
2196 -1769 0 18 -65 47
2196 -1708 0 18 -64 46
2196 -1647 0 18 -63 45
2196 -1586 0 18 -62 44
2196 -1525 0 18 -61 43
2196 -1464 0 18 -60 42
2196 -1403 0 18 -59 41
2196 -1342 0 18 -58 40
2196 -1281 0 18 -57 39
2196 -1220 0 18 -56 38
2196 -1159 0 18 -55 37
2196 -1098 0 18 -54 36
2196 -1037 0 18 -53 35
2196 -976 0 18 -52 34
2196 -915 0 18 -51 33
2196 -854 0 18 -50 32
2196 -793 0 18 -49 31
2196 -732 0 18 -48 30
2196 -671 0 18 -47 29
2196 -610 0 18 -46 28
2196 -549 0 18 -45 27
2196 -488 0 18 -44 26
2196 -427 0 18 -43 25
2196 -366 0 18 -42 24
2196 -305 0 18 -41 23
2196 -244 0 18 -40 22
2196 -183 0 18 -39 21
2196 -122 0 18 -38 20
2196 -61 0 18 -37 19
2196 0 0 18 -36 18
2196 61 0 18 -35 17
2196 122 0 18 -34 16
2196 183 0 18 -33 15
2196 244 0 18 -32 14
2196 305 0 18 -31 13
2196 366 0 18 -30 12
2196 427 0 18 -29 11
2196 488 0 18 -28 10
2196 549 0 18 -27 9
2196 610 0 18 -26 8
2196 671 0 18 -25 7
2196 732 0 18 -24 6
2196 793 0 18 -23 5
2196 854 0 18 -22 4
2196 915 0 18 -21 3
2196 976 0 18 -20 2
2196 1037 0 18 -19 1
2196 1098 0 18 -18 0
2196 1159 0 18 -17 -1
2196 1220 0 18 -16 -2
2196 1281 0 18 -15 -3
2196 1342 0 18 -14 -4
2196 1403 0 18 -13 -5
2196 1464 0 18 -12 -6
2196 1525 0 18 -11 -7
2196 1586 0 18 -10 -8
2196 1647 0 18 -9 -9
2196 1708 0 18 -8 -10
2196 1769 0 18 -7 -11
2196 1830 0 18 -6 -12
2196 1891 0 18 -5 -13
2196 1952 0 18 -4 -14
2196 2013 0 18 -3 -15
2196 2074 0 18 -2 -16
2196 2135 0 18 -1 -17
2196 2196 0 18 0 -18
2196 -2196 0 19 -76 57
2196 -1098 0 19 -57 38
2196 0 0 19 -38 19
2196 1098 0 19 -19 0
2196 2196 0 19 0 -19
2196 -2196 0 20 -80 60
2196 -1647 0 20 -70 50
2196 -1098 0 20 -60 40
2196 -549 0 20 -50 30
2196 0 0 20 -40 20
2196 549 0 20 -30 10
2196 1098 0 20 -20 0
2196 1647 0 20 -10 -10
2196 2196 0 20 0 -20
2196 -2196 0 21 -84 63
2196 -1830 0 21 -77 56
2196 -1464 0 21 -70 49
2196 -1098 0 21 -63 42
2196 -732 0 21 -56 35
2196 -366 0 21 -49 28
2196 0 0 21 -42 21
2196 366 0 21 -35 14
2196 732 0 21 -28 7
2196 1098 0 21 -21 0
2196 1464 0 21 -14 -7
2196 1830 0 21 -7 -14
2196 2196 0 21 0 -21
2196 -2196 0 22 -88 66
2196 -1647 0 22 -77 55
2196 -1098 0 22 -66 44
2196 -549 0 22 -55 33
2196 0 0 22 -44 22
2196 549 0 22 -33 11
2196 1098 0 22 -22 0
2196 1647 0 22 -11 -11
2196 2196 0 22 0 -22
2196 -2196 0 23 -92 69
2196 -1098 0 23 -69 46
2196 0 0 23 -46 23
2196 1098 0 23 -23 0
2196 2196 0 23 0 -23
2196 -2196 0 24 -96 72
2196 -2013 0 24 -92 68
2196 -1830 0 24 -88 64
2196 -1647 0 24 -84 60
2196 -1464 0 24 -80 56
2196 -1281 0 24 -76 52
2196 -1098 0 24 -72 48
2196 -915 0 24 -68 44
2196 -732 0 24 -64 40
2196 -549 0 24 -60 36
2196 -366 0 24 -56 32
2196 -183 0 24 -52 28
2196 0 0 24 -48 24
2196 183 0 24 -44 20
2196 366 0 24 -40 16
2196 549 0 24 -36 12
2196 732 0 24 -32 8
2196 915 0 24 -28 4
2196 1098 0 24 -24 0
2196 1281 0 24 -20 -4
2196 1464 0 24 -16 -8
2196 1647 0 24 -12 -12
2196 1830 0 24 -8 -16
2196 2013 0 24 -4 -20
2196 2196 0 24 0 -24
2196 -2196 -5 25 -100 100
2196 -2196 0 25 -100 75
2196 -2196 5 25 -100 100
2196 -1098 0 25 -75 50
2196 0 0 25 -50 25
2196 1098 0 25 -25 0
2196 2196 0 25 0 -25
2196 -2196 0 26 -104 78
2196 -1647 0 26 -91 65
2196 -1098 0 26 -78 52
2196 -549 0 26 -65 39
2196 0 0 26 -52 26
2196 549 0 26 -39 13
2196 1098 0 26 -26 0
2196 1647 0 26 -13 -13
2196 2196 0 26 0 -26
2196 -2196 0 27 -108 81
2196 -2074 0 27 -105 78
2196 -1952 0 27 -102 75
2196 -1830 0 27 -99 72
2196 -1708 0 27 -96 69
2196 -1586 0 27 -93 66
2196 -1464 0 27 -90 63
2196 -1342 0 27 -87 60
2196 -1220 0 27 -84 57
2196 -1098 0 27 -81 54
2196 -976 0 27 -78 51
2196 -854 0 27 -75 48
2196 -732 0 27 -72 45
2196 -610 0 27 -69 42
2196 -488 0 27 -66 39
2196 -366 0 27 -63 36
2196 -244 0 27 -60 33
2196 -122 0 27 -57 30
2196 0 0 27 -54 27
2196 122 0 27 -51 24
2196 244 0 27 -48 21
2196 366 0 27 -45 18
2196 488 0 27 -42 15
2196 610 0 27 -39 12
2196 732 0 27 -36 9
2196 854 0 27 -33 6
2196 976 0 27 -30 3
2196 1098 0 27 -27 0
2196 1220 0 27 -24 -3
2196 1342 0 27 -21 -6
2196 1464 0 27 -18 -9
2196 1586 0 27 -15 -12
2196 1708 0 27 -12 -15
2196 1830 0 27 -9 -18
2196 1952 0 27 -6 -21
2196 2074 0 27 -3 -24
2196 2196 0 27 0 -27
2196 -2196 0 28 -112 84
2196 -1647 0 28 -98 70
2196 -1098 0 28 -84 56
2196 -549 0 28 -70 42
2196 0 0 28 -56 28
2196 549 0 28 -42 14
2196 1098 0 28 -28 0
2196 1647 0 28 -14 -14
2196 2196 0 28 0 -28
2196 -2196 0 29 -116 87
2196 -1098 0 29 -87 58
2196 0 0 29 -58 29
2196 1098 0 29 -29 0
2196 2196 0 29 0 -29
2196 -2196 0 30 -120 90
2196 -2013 0 30 -115 85
2196 -1830 0 30 -110 80
2196 -1647 0 30 -105 75
2196 -1464 0 30 -100 70
2196 -1281 0 30 -95 65
2196 -1098 0 30 -90 60
2196 -915 0 30 -85 55
2196 -732 0 30 -80 50
2196 -549 0 30 -75 45
2196 -366 0 30 -70 40
2196 -183 0 30 -65 35
2196 0 0 30 -60 30
2196 183 0 30 -55 25
2196 366 0 30 -50 20
2196 549 0 30 -45 15
2196 732 0 30 -40 10
2196 915 0 30 -35 5
2196 1098 0 30 -30 0
2196 1281 0 30 -25 -5
2196 1464 0 30 -20 -10
2196 1647 0 30 -15 -15
2196 1830 0 30 -10 -20
2196 2013 0 30 -5 -25
2196 2196 0 30 0 -30
2196 -2196 0 31 -124 93
2196 -1098 0 31 -93 62
2196 0 0 31 -62 31
2196 1098 0 31 -31 0
2196 2196 0 31 0 -31
2196 -2196 0 32 -128 96
2196 -1647 0 32 -112 80
2196 -1098 0 32 -96 64
2196 -549 0 32 -80 48
2196 0 0 32 -64 32
2196 549 0 32 -48 16
2196 1098 0 32 -32 0
2196 1647 0 32 -16 -16
2196 2196 0 32 0 -32
2196 -2196 0 33 -132 99
2196 -1830 0 33 -121 88
2196 -1464 0 33 -110 77
2196 -1098 0 33 -99 66
2196 -732 0 33 -88 55
2196 -366 0 33 -77 44
2196 0 0 33 -66 33
2196 366 0 33 -55 22
2196 732 0 33 -44 11
2196 1098 0 33 -33 0
2196 1464 0 33 -22 -11
2196 1830 0 33 -11 -22
2196 2196 0 33 0 -33
2196 -2196 0 34 -136 102
2196 -1647 0 34 -119 85
2196 -1098 0 34 -102 68
2196 -549 0 34 -85 51
2196 0 0 34 -68 34
2196 549 0 34 -51 17
2196 1098 0 34 -34 0
2196 1647 0 34 -17 -17
2196 2196 0 34 0 -34
2196 -2196 0 35 -140 105
2196 -1098 0 35 -105 70
2196 0 0 35 -70 35
2196 1098 0 35 -35 0
2196 2196 0 35 0 -35
2196 -2196 -6 36 -144 144
2196 -2196 0 36 -144 108
2196 -2196 6 36 -144 144
2196 -2135 0 36 -142 106
2196 -2074 0 36 -140 104
2196 -2013 0 36 -138 102
2196 -1952 0 36 -136 100
2196 -1891 0 36 -134 98
2196 -1830 0 36 -132 96
2196 -1769 0 36 -130 94
2196 -1708 0 36 -128 92
2196 -1647 0 36 -126 90
2196 -1586 0 36 -124 88
2196 -1525 0 36 -122 86
2196 -1464 0 36 -120 84
2196 -1403 0 36 -118 82
2196 -1342 0 36 -116 80
2196 -1281 0 36 -114 78
2196 -1220 0 36 -112 76
2196 -1159 0 36 -110 74
2196 -1098 0 36 -108 72
2196 -1037 0 36 -106 70
2196 -976 0 36 -104 68
2196 -915 0 36 -102 66
2196 -854 0 36 -100 64
2196 -793 0 36 -98 62
2196 -732 0 36 -96 60
2196 -671 0 36 -94 58
2196 -610 0 36 -92 56
2196 -549 0 36 -90 54
2196 -488 0 36 -88 52
2196 -427 0 36 -86 50
2196 -366 0 36 -84 48
2196 -305 0 36 -82 46
2196 -244 0 36 -80 44
2196 -183 0 36 -78 42
2196 -122 0 36 -76 40
2196 -61 0 36 -74 38
2196 0 0 36 -72 36
2196 61 0 36 -70 34
2196 122 0 36 -68 32
2196 183 0 36 -66 30
2196 244 0 36 -64 28
2196 305 0 36 -62 26
2196 366 0 36 -60 24
2196 427 0 36 -58 22
2196 488 0 36 -56 20
2196 549 0 36 -54 18
2196 610 0 36 -52 16
2196 671 0 36 -50 14
2196 732 0 36 -48 12
2196 793 0 36 -46 10
2196 854 0 36 -44 8
2196 915 0 36 -42 6
2196 976 0 36 -40 4
2196 1037 0 36 -38 2
2196 1098 0 36 -36 0
2196 1159 0 36 -34 -2
2196 1220 0 36 -32 -4
2196 1281 0 36 -30 -6
2196 1342 0 36 -28 -8
2196 1403 0 36 -26 -10
2196 1464 0 36 -24 -12
2196 1525 0 36 -22 -14
2196 1586 0 36 -20 -16
2196 1647 0 36 -18 -18
2196 1708 0 36 -16 -20
2196 1769 0 36 -14 -22
2196 1830 0 36 -12 -24
2196 1891 0 36 -10 -26
2196 1952 0 36 -8 -28
2196 2013 0 36 -6 -30
2196 2074 0 36 -4 -32
2196 2135 0 36 -2 -34
2196 2196 0 36 0 -36
2196 -2196 0 37 -148 111
2196 -1098 0 37 -111 74
2196 0 0 37 -74 37
2196 1098 0 37 -37 0
2196 2196 0 37 0 -37
2196 -2196 0 38 -152 114
2196 -1647 0 38 -133 95
2196 -1098 0 38 -114 76
2196 -549 0 38 -95 57
2196 0 0 38 -76 38
2196 549 0 38 -57 19
2196 1098 0 38 -38 0
2196 1647 0 38 -19 -19
2196 2196 0 38 0 -38
2196 -2196 0 39 -156 117
2196 -1830 0 39 -143 104
2196 -1464 0 39 -130 91
2196 -1098 0 39 -117 78
2196 -732 0 39 -104 65
2196 -366 0 39 -91 52
2196 0 0 39 -78 39
2196 366 0 39 -65 26
2196 732 0 39 -52 13
2196 1098 0 39 -39 0
2196 1464 0 39 -26 -13
2196 1830 0 39 -13 -26
2196 2196 0 39 0 -39
2196 -2196 0 40 -160 120
2196 -1647 0 40 -140 100
2196 -1098 0 40 -120 80
2196 -549 0 40 -100 60
2196 0 0 40 -80 40
2196 549 0 40 -60 20
2196 1098 0 40 -40 0
2196 1647 0 40 -20 -20
2196 2196 0 40 0 -40
2196 -2196 0 41 -164 123
2196 -1098 0 41 -123 82
2196 0 0 41 -82 41
2196 1098 0 41 -41 0
2196 2196 0 41 0 -41
2196 -2196 0 42 -168 126
2196 -2013 0 42 -161 119
2196 -1830 0 42 -154 112
2196 -1647 0 42 -147 105
2196 -1464 0 42 -140 98
2196 -1281 0 42 -133 91
2196 -1098 0 42 -126 84
2196 -915 0 42 -119 77
2196 -732 0 42 -112 70
2196 -549 0 42 -105 63
2196 -366 0 42 -98 56
2196 -183 0 42 -91 49
2196 0 0 42 -84 42
2196 183 0 42 -77 35
2196 366 0 42 -70 28
2196 549 0 42 -63 21
2196 732 0 42 -56 14
2196 915 0 42 -49 7
2196 1098 0 42 -42 0
2196 1281 0 42 -35 -7
2196 1464 0 42 -28 -14
2196 1647 0 42 -21 -21
2196 1830 0 42 -14 -28
2196 2013 0 42 -7 -35
2196 2196 0 42 0 -42
2196 -2196 0 43 -172 129
2196 -1098 0 43 -129 86
2196 0 0 43 -86 43
2196 1098 0 43 -43 0
2196 2196 0 43 0 -43
2196 -2196 0 44 -176 132
2196 -1647 0 44 -154 110
2196 -1098 0 44 -132 88
2196 -549 0 44 -110 66
2196 0 0 44 -88 44
2196 549 0 44 -66 22
2196 1098 0 44 -44 0
2196 1647 0 44 -22 -22
2196 2196 0 44 0 -44
2196 -2196 0 45 -180 135
2196 -2074 0 45 -175 130
2196 -1952 0 45 -170 125
2196 -1830 0 45 -165 120
2196 -1708 0 45 -160 115
2196 -1586 0 45 -155 110
2196 -1464 0 45 -150 105
2196 -1342 0 45 -145 100
2196 -1220 0 45 -140 95
2196 -1098 0 45 -135 90
2196 -976 0 45 -130 85
2196 -854 0 45 -125 80
2196 -732 0 45 -120 75
2196 -610 0 45 -115 70
2196 -488 0 45 -110 65
2196 -366 0 45 -105 60
2196 -244 0 45 -100 55
2196 -122 0 45 -95 50
2196 0 0 45 -90 45
2196 122 0 45 -85 40
2196 244 0 45 -80 35
2196 366 0 45 -75 30
2196 488 0 45 -70 25
2196 610 0 45 -65 20
2196 732 0 45 -60 15
2196 854 0 45 -55 10
2196 976 0 45 -50 5
2196 1098 0 45 -45 0
2196 1220 0 45 -40 -5
2196 1342 0 45 -35 -10
2196 1464 0 45 -30 -15
2196 1586 0 45 -25 -20
2196 1708 0 45 -20 -25
2196 1830 0 45 -15 -30
2196 1952 0 45 -10 -35
2196 2074 0 45 -5 -40
2196 2196 0 45 0 -45
2196 -2196 0 46 -184 138
2196 -1647 0 46 -161 115
2196 -1098 0 46 -138 92
2196 -549 0 46 -115 69
2196 0 0 46 -92 46
2196 549 0 46 -69 23
2196 1098 0 46 -46 0
2196 1647 0 46 -23 -23
2196 2196 0 46 0 -46
2196 -2196 0 47 -188 141
2196 -1098 0 47 -141 94
2196 0 0 47 -94 47
2196 1098 0 47 -47 0
2196 2196 0 47 0 -47
2196 -2196 0 48 -192 144
2196 -2013 0 48 -184 136
2196 -1830 0 48 -176 128
2196 -1647 0 48 -168 120
2196 -1464 0 48 -160 112
2196 -1281 0 48 -152 104
2196 -1098 0 48 -144 96
2196 -915 0 48 -136 88
2196 -732 0 48 -128 80
2196 -549 0 48 -120 72
2196 -366 0 48 -112 64
2196 -183 0 48 -104 56
2196 0 0 48 -96 48
2196 183 0 48 -88 40
2196 366 0 48 -80 32
2196 549 0 48 -72 24
2196 732 0 48 -64 16
2196 915 0 48 -56 8
2196 1098 0 48 -48 0
2196 1281 0 48 -40 -8
2196 1464 0 48 -32 -16
2196 1647 0 48 -24 -24
2196 1830 0 48 -16 -32
2196 2013 0 48 -8 -40
2196 2196 0 48 0 -48
2196 -2196 -7 49 -196 196
2196 -2196 0 49 -196 147
2196 -2196 7 49 -196 196
2196 -1098 0 49 -147 98
2196 0 0 49 -98 49
2196 1098 0 49 -49 0
2196 2196 0 49 0 -49
2196 -2196 0 50 -200 150
2196 -1647 0 50 -175 125
2196 -1098 0 50 -150 100
2196 -549 0 50 -125 75
2196 0 0 50 -100 50
2196 549 0 50 -75 25
2196 1098 0 50 -50 0
2196 1647 0 50 -25 -25
2196 2196 0 50 0 -50
2196 -2196 0 51 -204 153
2196 -1830 0 51 -187 136
2196 -1464 0 51 -170 119
2196 -1098 0 51 -153 102
2196 -732 0 51 -136 85
2196 -366 0 51 -119 68
2196 0 0 51 -102 51
2196 366 0 51 -85 34
2196 732 0 51 -68 17
2196 1098 0 51 -51 0
2196 1464 0 51 -34 -17
2196 1830 0 51 -17 -34
2196 2196 0 51 0 -51
2196 -2196 0 52 -208 156
2196 -1647 0 52 -182 130
2196 -1098 0 52 -156 104
2196 -549 0 52 -130 78
2196 0 0 52 -104 52
2196 549 0 52 -78 26
2196 1098 0 52 -52 0
2196 1647 0 52 -26 -26
2196 2196 0 52 0 -52
2196 -2196 0 53 -212 159
2196 -1098 0 53 -159 106
2196 0 0 53 -106 53
2196 1098 0 53 -53 0
2196 2196 0 53 0 -53
2196 -2196 0 54 -216 162
2196 -2135 0 54 -213 159
2196 -2074 0 54 -210 156
2196 -2013 0 54 -207 153
2196 -1952 0 54 -204 150
2196 -1891 0 54 -201 147
2196 -1830 0 54 -198 144
2196 -1769 0 54 -195 141
2196 -1708 0 54 -192 138
2196 -1647 0 54 -189 135
2196 -1586 0 54 -186 132
2196 -1525 0 54 -183 129
2196 -1464 0 54 -180 126
2196 -1403 0 54 -177 123
2196 -1342 0 54 -174 120
2196 -1281 0 54 -171 117
2196 -1220 0 54 -168 114
2196 -1159 0 54 -165 111
2196 -1098 0 54 -162 108
2196 -1037 0 54 -159 105
2196 -976 0 54 -156 102
2196 -915 0 54 -153 99
2196 -854 0 54 -150 96
2196 -793 0 54 -147 93
2196 -732 0 54 -144 90
2196 -671 0 54 -141 87
2196 -610 0 54 -138 84
2196 -549 0 54 -135 81
2196 -488 0 54 -132 78
2196 -427 0 54 -129 75
2196 -366 0 54 -126 72
2196 -305 0 54 -123 69
2196 -244 0 54 -120 66
2196 -183 0 54 -117 63
2196 -122 0 54 -114 60
2196 -61 0 54 -111 57
2196 0 0 54 -108 54
2196 61 0 54 -105 51
2196 122 0 54 -102 48
2196 183 0 54 -99 45
2196 244 0 54 -96 42
2196 305 0 54 -93 39
2196 366 0 54 -90 36
2196 427 0 54 -87 33
2196 488 0 54 -84 30
2196 549 0 54 -81 27
2196 610 0 54 -78 24
2196 671 0 54 -75 21
2196 732 0 54 -72 18
2196 793 0 54 -69 15
2196 854 0 54 -66 12
2196 915 0 54 -63 9
2196 976 0 54 -60 6
2196 1037 0 54 -57 3
2196 1098 0 54 -54 0
2196 1159 0 54 -51 -3
2196 1220 0 54 -48 -6
2196 1281 0 54 -45 -9
2196 1342 0 54 -42 -12
2196 1403 0 54 -39 -15
2196 1464 0 54 -36 -18
2196 1525 0 54 -33 -21
2196 1586 0 54 -30 -24
2196 1647 0 54 -27 -27
2196 1708 0 54 -24 -30
2196 1769 0 54 -21 -33
2196 1830 0 54 -18 -36
2196 1891 0 54 -15 -39
2196 1952 0 54 -12 -42
2196 2013 0 54 -9 -45
2196 2074 0 54 -6 -48
2196 2135 0 54 -3 -51
2196 2196 0 54 0 -54
2196 -2196 0 55 -220 165
2196 -1098 0 55 -165 110
2196 0 0 55 -110 55
2196 1098 0 55 -55 0
2196 2196 0 55 0 -55
2196 -2196 0 56 -224 168
2196 -1647 0 56 -196 140
2196 -1098 0 56 -168 112
2196 -549 0 56 -140 84
2196 0 0 56 -112 56
2196 549 0 56 -84 28
2196 1098 0 56 -56 0
2196 1647 0 56 -28 -28
2196 2196 0 56 0 -56
2196 -2196 0 57 -228 171
2196 -1830 0 57 -209 152
2196 -1464 0 57 -190 133
2196 -1098 0 57 -171 114
2196 -732 0 57 -152 95
2196 -366 0 57 -133 76
2196 0 0 57 -114 57
2196 366 0 57 -95 38
2196 732 0 57 -76 19
2196 1098 0 57 -57 0
2196 1464 0 57 -38 -19
2196 1830 0 57 -19 -38
2196 2196 0 57 0 -57
2196 -2196 0 58 -232 174
2196 -1647 0 58 -203 145
2196 -1098 0 58 -174 116
2196 -549 0 58 -145 87
2196 0 0 58 -116 58
2196 549 0 58 -87 29
2196 1098 0 58 -58 0
2196 1647 0 58 -29 -29
2196 2196 0 58 0 -58
2196 -2196 0 59 -236 177
2196 -1098 0 59 -177 118
2196 0 0 59 -118 59
2196 1098 0 59 -59 0
2196 2196 0 59 0 -59
2196 -2196 0 60 -240 180
2196 -2013 0 60 -230 170
2196 -1830 0 60 -220 160
2196 -1647 0 60 -210 150
2196 -1464 0 60 -200 140
2196 -1281 0 60 -190 130
2196 -1098 0 60 -180 120
2196 -915 0 60 -170 110
2196 -732 0 60 -160 100
2196 -549 0 60 -150 90
2196 -366 0 60 -140 80
2196 -183 0 60 -130 70
2196 0 0 60 -120 60
2196 183 0 60 -110 50
2196 366 0 60 -100 40
2196 549 0 60 -90 30
2196 732 0 60 -80 20
2196 915 0 60 -70 10
2196 1098 0 60 -60 0
2196 1281 0 60 -50 -10
2196 1464 0 60 -40 -20
2196 1647 0 60 -30 -30
2196 1830 0 60 -20 -40
2196 2013 0 60 -10 -50
2196 2196 0 60 0 -60
2197 -2197 0 -60 240 -180
2197 0 0 -60 120 -60
2197 2197 0 -60 0 60
2197 -2197 0 -59 236 -177
2197 0 0 -59 118 -59
2197 2197 0 -59 0 59
2197 -2197 0 -58 232 -174
2197 0 0 -58 116 -58
2197 2197 0 -58 0 58
2197 -2197 0 -57 228 -171
2197 0 0 -57 114 -57
2197 2197 0 -57 0 57
2197 -2197 0 -56 224 -168
2197 0 0 -56 112 -56
2197 2197 0 -56 0 56
2197 -2197 0 -55 220 -165
2197 0 0 -55 110 -55
2197 2197 0 -55 0 55
2197 -2197 0 -54 216 -162
2197 0 0 -54 108 -54
2197 2197 0 -54 0 54
2197 -2197 0 -53 212 -159
2197 0 0 -53 106 -53
2197 2197 0 -53 0 53
2197 -2197 0 -52 208 -156
2197 -2028 0 -52 200 -148
2197 -1859 0 -52 192 -140
2197 -1690 0 -52 184 -132
2197 -1521 0 -52 176 -124
2197 -1352 0 -52 168 -116
2197 -1183 0 -52 160 -108
2197 -1014 0 -52 152 -100
2197 -845 0 -52 144 -92
2197 -676 0 -52 136 -84
2197 -507 0 -52 128 -76
2197 -338 0 -52 120 -68
2197 -169 0 -52 112 -60
2197 0 0 -52 104 -52
2197 169 0 -52 96 -44
2197 338 0 -52 88 -36
2197 507 0 -52 80 -28
2197 676 0 -52 72 -20
2197 845 0 -52 64 -12
2197 1014 0 -52 56 -4
2197 1183 0 -52 48 4
2197 1352 0 -52 40 12
2197 1521 0 -52 32 20
2197 1690 0 -52 24 28
2197 1859 0 -52 16 36
2197 2028 0 -52 8 44
2197 2197 0 -52 0 52
2197 -2197 0 -51 204 -153
2197 0 0 -51 102 -51
2197 2197 0 -51 0 51
2197 -2197 0 -50 200 -150
2197 0 0 -50 100 -50
2197 2197 0 -50 0 50
2197 -2197 0 -49 196 -147
2197 0 0 -49 98 -49
2197 2197 0 -49 0 49
2197 -2197 0 -48 192 -144
2197 0 0 -48 96 -48
2197 2197 0 -48 0 48
2197 -2197 0 -47 188 -141
2197 0 0 -47 94 -47
2197 2197 0 -47 0 47
2197 -2197 0 -46 184 -138
2197 0 0 -46 92 -46
2197 2197 0 -46 0 46
2197 -2197 0 -45 180 -135
2197 0 0 -45 90 -45
2197 2197 0 -45 0 45
2197 -2197 0 -44 176 -132
2197 0 0 -44 88 -44
2197 2197 0 -44 0 44
2197 -2197 0 -43 172 -129
2197 0 0 -43 86 -43
2197 2197 0 -43 0 43
2197 -2197 0 -42 168 -126
2197 0 0 -42 84 -42
2197 2197 0 -42 0 42
2197 -2197 0 -41 164 -123
2197 0 0 -41 82 -41
2197 2197 0 -41 0 41
2197 -2197 0 -40 160 -120
2197 0 0 -40 80 -40
2197 2197 0 -40 0 40
2197 -2197 0 -39 156 -117
2197 -2028 0 -39 150 -111
2197 -1859 0 -39 144 -105
2197 -1690 0 -39 138 -99
2197 -1521 0 -39 132 -93
2197 -1352 0 -39 126 -87
2197 -1183 0 -39 120 -81
2197 -1014 0 -39 114 -75
2197 -845 0 -39 108 -69
2197 -676 0 -39 102 -63
2197 -507 0 -39 96 -57
2197 -338 0 -39 90 -51
2197 -169 0 -39 84 -45
2197 0 0 -39 78 -39
2197 169 0 -39 72 -33
2197 338 0 -39 66 -27
2197 507 0 -39 60 -21
2197 676 0 -39 54 -15
2197 845 0 -39 48 -9
2197 1014 0 -39 42 -3
2197 1183 0 -39 36 3
2197 1352 0 -39 30 9
2197 1521 0 -39 24 15
2197 1690 0 -39 18 21
2197 1859 0 -39 12 27
2197 2028 0 -39 6 33
2197 2197 0 -39 0 39
2197 -2197 0 -38 152 -114
2197 0 0 -38 76 -38
2197 2197 0 -38 0 38
2197 -2197 0 -37 148 -111
2197 0 0 -37 74 -37
2197 2197 0 -37 0 37
2197 -2197 0 -36 144 -108
2197 0 0 -36 72 -36
2197 2197 0 -36 0 36
2197 -2197 0 -35 140 -105
2197 0 0 -35 70 -35
2197 2197 0 -35 0 35
2197 -2197 0 -34 136 -102
2197 0 0 -34 68 -34
2197 2197 0 -34 0 34
2197 -2197 0 -33 132 -99
2197 0 0 -33 66 -33
2197 2197 0 -33 0 33
2197 -2197 0 -32 128 -96
2197 0 0 -32 64 -32
2197 2197 0 -32 0 32
2197 -2197 0 -31 124 -93
2197 0 0 -31 62 -31
2197 2197 0 -31 0 31
2197 -2197 0 -30 120 -90
2197 0 0 -30 60 -30
2197 2197 0 -30 0 30
2197 -2197 0 -29 116 -87
2197 0 0 -29 58 -29
2197 2197 0 -29 0 29
2197 -2197 0 -28 112 -84
2197 0 0 -28 56 -28
2197 2197 0 -28 0 28
2197 -2197 0 -27 108 -81
2197 0 0 -27 54 -27
2197 2197 0 -27 0 27
2197 -2197 0 -26 104 -78
2197 -2028 0 -26 100 -74
2197 -1859 0 -26 96 -70
2197 -1690 0 -26 92 -66
2197 -1521 0 -26 88 -62
2197 -1352 0 -26 84 -58
2197 -1183 0 -26 80 -54
2197 -1014 0 -26 76 -50
2197 -845 0 -26 72 -46
2197 -676 0 -26 68 -42
2197 -507 0 -26 64 -38
2197 -338 0 -26 60 -34
2197 -169 0 -26 56 -30
2197 0 0 -26 52 -26
2197 169 0 -26 48 -22
2197 338 0 -26 44 -18
2197 507 0 -26 40 -14
2197 676 0 -26 36 -10
2197 845 0 -26 32 -6
2197 1014 0 -26 28 -2
2197 1183 0 -26 24 2
2197 1352 0 -26 20 6
2197 1521 0 -26 16 10
2197 1690 0 -26 12 14
2197 1859 0 -26 8 18
2197 2028 0 -26 4 22
2197 2197 0 -26 0 26
2197 -2197 0 -25 100 -75
2197 0 0 -25 50 -25
2197 2197 0 -25 0 25
2197 -2197 0 -24 96 -72
2197 0 0 -24 48 -24
2197 2197 0 -24 0 24
2197 -2197 0 -23 92 -69
2197 0 0 -23 46 -23
2197 2197 0 -23 0 23
2197 -2197 0 -22 88 -66
2197 0 0 -22 44 -22
2197 2197 0 -22 0 22
2197 -2197 0 -21 84 -63
2197 0 0 -21 42 -21
2197 2197 0 -21 0 21
2197 -2197 0 -20 80 -60
2197 0 0 -20 40 -20
2197 2197 0 -20 0 20
2197 -2197 0 -19 76 -57
2197 0 0 -19 38 -19
2197 2197 0 -19 0 19
2197 -2197 0 -18 72 -54
2197 0 0 -18 36 -18
2197 2197 0 -18 0 18
2197 -2197 0 -17 68 -51
2197 0 0 -17 34 -17
2197 2197 0 -17 0 17
2197 -2197 0 -16 64 -48
2197 0 0 -16 32 -16
2197 2197 0 -16 0 16
2197 -2197 0 -15 60 -45
2197 0 0 -15 30 -15
2197 2197 0 -15 0 15
2197 -2197 0 -14 56 -42
2197 0 0 -14 28 -14
2197 2197 0 -14 0 14
2197 -2197 0 -13 52 -39
2197 -2028 0 -13 50 -37
2197 -1859 0 -13 48 -35
2197 -1690 0 -13 46 -33
2197 -1521 0 -13 44 -31
2197 -1352 0 -13 42 -29
2197 -1183 0 -13 40 -27
2197 -1014 0 -13 38 -25
2197 -845 0 -13 36 -23
2197 -676 0 -13 34 -21
2197 -507 0 -13 32 -19
2197 -338 0 -13 30 -17
2197 -169 0 -13 28 -15
2197 0 0 -13 26 -13
2197 169 0 -13 24 -11
2197 338 0 -13 22 -9
2197 507 0 -13 20 -7
2197 676 0 -13 18 -5
2197 845 0 -13 16 -3
2197 1014 0 -13 14 -1
2197 1183 0 -13 12 1
2197 1352 0 -13 10 3
2197 1521 0 -13 8 5
2197 1690 0 -13 6 7
2197 1859 0 -13 4 9
2197 2028 0 -13 2 11
2197 2197 0 -13 0 13
2197 -2197 0 -12 48 -36
2197 0 0 -12 24 -12
2197 2197 0 -12 0 12
2197 -2197 0 -11 44 -33
2197 0 0 -11 22 -11
2197 2197 0 -11 0 11
2197 -2197 0 -10 40 -30
2197 0 0 -10 20 -10
2197 2197 0 -10 0 10
2197 -2197 0 -9 36 -27
2197 0 0 -9 18 -9
2197 2197 0 -9 0 9
2197 -2197 0 -8 32 -24
2197 0 0 -8 16 -8
2197 2197 0 -8 0 8
2197 -2197 0 -7 28 -21
2197 0 0 -7 14 -7
2197 2197 0 -7 0 7
2197 -2197 0 -6 24 -18
2197 0 0 -6 12 -6
2197 2197 0 -6 0 6
2197 -2197 0 -5 20 -15
2197 0 0 -5 10 -5
2197 2197 0 -5 0 5
2197 -2197 0 -4 16 -12
2197 0 0 -4 8 -4
2197 2197 0 -4 0 4
2197 -2197 0 -3 12 -9
2197 0 0 -3 6 -3
2197 2197 0 -3 0 3
2197 -2197 0 -2 8 -6
2197 0 0 -2 4 -2
2197 2197 0 -2 0 2
2197 -2197 0 -1 4 -3
2197 0 0 -1 2 -1
2197 2197 0 -1 0 1
2197 -2197 -1 1 -4 4
2197 -2197 0 1 -4 3
2197 -2197 1 1 -4 4
2197 0 0 1 -2 1
2197 2197 0 1 0 -1
2197 -2197 0 2 -8 6
2197 0 0 2 -4 2
2197 2197 0 2 0 -2
2197 -2197 0 3 -12 9
2197 0 0 3 -6 3
2197 2197 0 3 0 -3
2197 -2197 -2 4 -16 16
2197 -2197 0 4 -16 12
2197 -2197 2 4 -16 16
2197 0 0 4 -8 4
2197 2197 0 4 0 -4
2197 -2197 0 5 -20 15
2197 0 0 5 -10 5
2197 2197 0 5 0 -5
2197 -2197 0 6 -24 18
2197 0 0 6 -12 6
2197 2197 0 6 0 -6
2197 -2197 0 7 -28 21
2197 0 0 7 -14 7
2197 2197 0 7 0 -7
2197 -2197 0 8 -32 24
2197 0 0 8 -16 8
2197 2197 0 8 0 -8
2197 -2197 -3 9 -36 36
2197 -2197 0 9 -36 27
2197 -2197 3 9 -36 36
2197 0 0 9 -18 9
2197 2197 0 9 0 -9
2197 -2197 0 10 -40 30
2197 0 0 10 -20 10
2197 2197 0 10 0 -10
2197 -2197 0 11 -44 33
2197 0 0 11 -22 11
2197 2197 0 11 0 -11
2197 -2197 0 12 -48 36
2197 0 0 12 -24 12
2197 2197 0 12 0 -12
2197 -2197 0 13 -52 39
2197 -2028 0 13 -50 37
2197 -1859 0 13 -48 35
2197 -1690 0 13 -46 33
2197 -1521 0 13 -44 31
2197 -1352 0 13 -42 29
2197 -1183 0 13 -40 27
2197 -1014 0 13 -38 25
2197 -845 0 13 -36 23
2197 -676 0 13 -34 21
2197 -507 0 13 -32 19
2197 -338 0 13 -30 17
2197 -169 0 13 -28 15
2197 0 0 13 -26 13
2197 169 0 13 -24 11
2197 338 0 13 -22 9
2197 507 0 13 -20 7
2197 676 0 13 -18 5
2197 845 0 13 -16 3
2197 1014 0 13 -14 1
2197 1183 0 13 -12 -1
2197 1352 0 13 -10 -3
2197 1521 0 13 -8 -5
2197 1690 0 13 -6 -7
2197 1859 0 13 -4 -9
2197 2028 0 13 -2 -11
2197 2197 0 13 0 -13
2197 -2197 0 14 -56 42
2197 0 0 14 -28 14
2197 2197 0 14 0 -14
2197 -2197 0 15 -60 45
2197 0 0 15 -30 15
2197 2197 0 15 0 -15
2197 -2197 -4 16 -64 64
2197 -2197 0 16 -64 48
2197 -2197 4 16 -64 64
2197 0 0 16 -32 16
2197 2197 0 16 0 -16
2197 -2197 0 17 -68 51
2197 0 0 17 -34 17
2197 2197 0 17 0 -17
2197 -2197 0 18 -72 54
2197 0 0 18 -36 18
2197 2197 0 18 0 -18
2197 -2197 0 19 -76 57
2197 0 0 19 -38 19
2197 2197 0 19 0 -19
2197 -2197 0 20 -80 60
2197 0 0 20 -40 20
2197 2197 0 20 0 -20
2197 -2197 0 21 -84 63
2197 0 0 21 -42 21
2197 2197 0 21 0 -21
2197 -2197 0 22 -88 66
2197 0 0 22 -44 22
2197 2197 0 22 0 -22
2197 -2197 0 23 -92 69
2197 0 0 23 -46 23
2197 2197 0 23 0 -23
2197 -2197 0 24 -96 72
2197 0 0 24 -48 24
2197 2197 0 24 0 -24
2197 -2197 -5 25 -100 100
2197 -2197 0 25 -100 75
2197 -2197 5 25 -100 100
2197 0 0 25 -50 25
2197 2197 0 25 0 -25
2197 -2197 0 26 -104 78
2197 -2028 0 26 -100 74
2197 -1859 0 26 -96 70
2197 -1690 0 26 -92 66
2197 -1521 0 26 -88 62
2197 -1352 0 26 -84 58
2197 -1183 0 26 -80 54
2197 -1014 0 26 -76 50
2197 -845 0 26 -72 46
2197 -676 0 26 -68 42
2197 -507 0 26 -64 38
2197 -338 0 26 -60 34
2197 -169 0 26 -56 30
2197 0 0 26 -52 26
2197 169 0 26 -48 22
2197 338 0 26 -44 18
2197 507 0 26 -40 14
2197 676 0 26 -36 10
2197 845 0 26 -32 6
2197 1014 0 26 -28 2
2197 1183 0 26 -24 -2
2197 1352 0 26 -20 -6
2197 1521 0 26 -16 -10
2197 1690 0 26 -12 -14
2197 1859 0 26 -8 -18
2197 2028 0 26 -4 -22
2197 2197 0 26 0 -26
2197 -2197 0 27 -108 81
2197 0 0 27 -54 27
2197 2197 0 27 0 -27
2197 -2197 0 28 -112 84
2197 0 0 28 -56 28
2197 2197 0 28 0 -28
2197 -2197 0 29 -116 87
2197 0 0 29 -58 29
2197 2197 0 29 0 -29
2197 -2197 0 30 -120 90
2197 0 0 30 -60 30
2197 2197 0 30 0 -30
2197 -2197 0 31 -124 93
2197 0 0 31 -62 31
2197 2197 0 31 0 -31
2197 -2197 0 32 -128 96
2197 0 0 32 -64 32
2197 2197 0 32 0 -32
2197 -2197 0 33 -132 99
2197 0 0 33 -66 33
2197 2197 0 33 0 -33
2197 -2197 0 34 -136 102
2197 0 0 34 -68 34
2197 2197 0 34 0 -34
2197 -2197 0 35 -140 105
2197 0 0 35 -70 35
2197 2197 0 35 0 -35
2197 -2197 -6 36 -144 144
2197 -2197 0 36 -144 108
2197 -2197 6 36 -144 144
2197 0 0 36 -72 36
2197 2197 0 36 0 -36
2197 -2197 0 37 -148 111
2197 0 0 37 -74 37
2197 2197 0 37 0 -37
2197 -2197 0 38 -152 114
2197 0 0 38 -76 38
2197 2197 0 38 0 -38
2197 -2197 0 39 -156 117
2197 -2028 0 39 -150 111
2197 -1859 0 39 -144 105
2197 -1690 0 39 -138 99
2197 -1521 0 39 -132 93
2197 -1352 0 39 -126 87
2197 -1183 0 39 -120 81
2197 -1014 0 39 -114 75
2197 -845 0 39 -108 69
2197 -676 0 39 -102 63
2197 -507 0 39 -96 57
2197 -338 0 39 -90 51
2197 -169 0 39 -84 45
2197 0 0 39 -78 39
2197 169 0 39 -72 33
2197 338 0 39 -66 27
2197 507 0 39 -60 21
2197 676 0 39 -54 15
2197 845 0 39 -48 9
2197 1014 0 39 -42 3
2197 1183 0 39 -36 -3
2197 1352 0 39 -30 -9
2197 1521 0 39 -24 -15
2197 1690 0 39 -18 -21
2197 1859 0 39 -12 -27
2197 2028 0 39 -6 -33
2197 2197 0 39 0 -39
2197 -2197 0 40 -160 120
2197 0 0 40 -80 40
2197 2197 0 40 0 -40
2197 -2197 0 41 -164 123
2197 0 0 41 -82 41
2197 2197 0 41 0 -41
2197 -2197 0 42 -168 126
2197 0 0 42 -84 42
2197 2197 0 42 0 -42
2197 -2197 0 43 -172 129
2197 0 0 43 -86 43
2197 2197 0 43 0 -43
2197 -2197 0 44 -176 132
2197 0 0 44 -88 44
2197 2197 0 44 0 -44
2197 -2197 0 45 -180 135
2197 0 0 45 -90 45
2197 2197 0 45 0 -45
2197 -2197 0 46 -184 138
2197 0 0 46 -92 46
2197 2197 0 46 0 -46
2197 -2197 0 47 -188 141
2197 0 0 47 -94 47
2197 2197 0 47 0 -47
2197 -2197 0 48 -192 144
2197 0 0 48 -96 48
2197 2197 0 48 0 -48
2197 -2197 -7 49 -196 196
2197 -2197 0 49 -196 147
2197 -2197 7 49 -196 196
2197 0 0 49 -98 49
2197 2197 0 49 0 -49
2197 -2197 0 50 -200 150
2197 0 0 50 -100 50
2197 2197 0 50 0 -50
2197 -2197 0 51 -204 153
2197 0 0 51 -102 51
2197 2197 0 51 0 -51
2197 -2197 0 52 -208 156
2197 -2028 0 52 -200 148
2197 -1859 0 52 -192 140
2197 -1690 0 52 -184 132
2197 -1521 0 52 -176 124
2197 -1352 0 52 -168 116
2197 -1183 0 52 -160 108
2197 -1014 0 52 -152 100
2197 -845 0 52 -144 92
2197 -676 0 52 -136 84
2197 -507 0 52 -128 76
2197 -338 0 52 -120 68
2197 -169 0 52 -112 60
2197 0 0 52 -104 52
2197 169 0 52 -96 44
2197 338 0 52 -88 36
2197 507 0 52 -80 28
2197 676 0 52 -72 20
2197 845 0 52 -64 12
2197 1014 0 52 -56 4
2197 1183 0 52 -48 -4
2197 1352 0 52 -40 -12
2197 1521 0 52 -32 -20
2197 1690 0 52 -24 -28
2197 1859 0 52 -16 -36
2197 2028 0 52 -8 -44
2197 2197 0 52 0 -52
2197 -2197 0 53 -212 159
2197 0 0 53 -106 53
2197 2197 0 53 0 -53
2197 -2197 0 54 -216 162
2197 0 0 54 -108 54
2197 2197 0 54 0 -54
2197 -2197 0 55 -220 165
2197 0 0 55 -110 55
2197 2197 0 55 0 -55
2197 -2197 0 56 -224 168
2197 0 0 56 -112 56
2197 2197 0 56 0 -56
2197 -2197 0 57 -228 171
2197 0 0 57 -114 57
2197 2197 0 57 0 -57
2197 -2197 0 58 -232 174
2197 0 0 58 -116 58
2197 2197 0 58 0 -58
2197 -2197 0 59 -236 177
2197 0 0 59 -118 59
2197 2197 0 59 0 -59
2197 -2197 0 60 -240 180
2197 0 0 60 -120 60
2197 2197 0 60 0 -60
2198 -2198 0 -60 240 -180
2198 -1099 0 -60 180 -120
2198 0 0 -60 120 -60
2198 1099 0 -60 60 0
2198 2198 0 -60 0 60
2198 -2198 0 -59 236 -177
2198 -1099 0 -59 177 -118
2198 0 0 -59 118 -59
2198 1099 0 -59 59 0
2198 2198 0 -59 0 59
2198 -2198 0 -58 232 -174
2198 -1099 0 -58 174 -116
2198 0 0 -58 116 -58
2198 1099 0 -58 58 0
2198 2198 0 -58 0 58
2198 -2198 0 -57 228 -171
2198 -1099 0 -57 171 -114
2198 0 0 -57 114 -57
2198 1099 0 -57 57 0
2198 2198 0 -57 0 57
2198 -2198 0 -56 224 -168
2198 -2041 0 -56 216 -160
2198 -1884 0 -56 208 -152
2198 -1727 0 -56 200 -144
2198 -1570 0 -56 192 -136
2198 -1413 0 -56 184 -128
2198 -1256 0 -56 176 -120
2198 -1099 0 -56 168 -112
2198 -942 0 -56 160 -104
2198 -785 0 -56 152 -96
2198 -628 0 -56 144 -88
2198 -471 0 -56 136 -80
2198 -314 0 -56 128 -72
2198 -157 0 -56 120 -64
2198 0 0 -56 112 -56
2198 157 0 -56 104 -48
2198 314 0 -56 96 -40
2198 471 0 -56 88 -32
2198 628 0 -56 80 -24
2198 785 0 -56 72 -16
2198 942 0 -56 64 -8
2198 1099 0 -56 56 0
2198 1256 0 -56 48 8
2198 1413 0 -56 40 16
2198 1570 0 -56 32 24
2198 1727 0 -56 24 32
2198 1884 0 -56 16 40
2198 2041 0 -56 8 48
2198 2198 0 -56 0 56
2198 -2198 0 -55 220 -165
2198 -1099 0 -55 165 -110
2198 0 0 -55 110 -55
2198 1099 0 -55 55 0
2198 2198 0 -55 0 55
2198 -2198 0 -54 216 -162
2198 -1099 0 -54 162 -108
2198 0 0 -54 108 -54
2198 1099 0 -54 54 0
2198 2198 0 -54 0 54
2198 -2198 0 -53 212 -159
2198 -1099 0 -53 159 -106
2198 0 0 -53 106 -53
2198 1099 0 -53 53 0
2198 2198 0 -53 0 53
2198 -2198 0 -52 208 -156
2198 -1099 0 -52 156 -104
2198 0 0 -52 104 -52
2198 1099 0 -52 52 0
2198 2198 0 -52 0 52
2198 -2198 0 -51 204 -153
2198 -1099 0 -51 153 -102
2198 0 0 -51 102 -51
2198 1099 0 -51 51 0
2198 2198 0 -51 0 51
2198 -2198 0 -50 200 -150
2198 -1099 0 -50 150 -100
2198 0 0 -50 100 -50
2198 1099 0 -50 50 0
2198 2198 0 -50 0 50
2198 -2198 0 -49 196 -147
2198 -2041 0 -49 189 -140
2198 -1884 0 -49 182 -133
2198 -1727 0 -49 175 -126
2198 -1570 0 -49 168 -119
2198 -1413 0 -49 161 -112
2198 -1256 0 -49 154 -105
2198 -1099 0 -49 147 -98
2198 -942 0 -49 140 -91
2198 -785 0 -49 133 -84
2198 -628 0 -49 126 -77
2198 -471 0 -49 119 -70
2198 -314 0 -49 112 -63
2198 -157 0 -49 105 -56
2198 0 0 -49 98 -49
2198 157 0 -49 91 -42
2198 314 0 -49 84 -35
2198 471 0 -49 77 -28
2198 628 0 -49 70 -21
2198 785 0 -49 63 -14
2198 942 0 -49 56 -7
2198 1099 0 -49 49 0
2198 1256 0 -49 42 7
2198 1413 0 -49 35 14
2198 1570 0 -49 28 21
2198 1727 0 -49 21 28
2198 1884 0 -49 14 35
2198 2041 0 -49 7 42
2198 2198 0 -49 0 49
2198 -2198 0 -48 192 -144
2198 -1099 0 -48 144 -96
2198 0 0 -48 96 -48
2198 1099 0 -48 48 0
2198 2198 0 -48 0 48
2198 -2198 0 -47 188 -141
2198 -1099 0 -47 141 -94
2198 0 0 -47 94 -47
2198 1099 0 -47 47 0
2198 2198 0 -47 0 47
2198 -2198 0 -46 184 -138
2198 -1099 0 -46 138 -92
2198 0 0 -46 92 -46
2198 1099 0 -46 46 0
2198 2198 0 -46 0 46
2198 -2198 0 -45 180 -135
2198 -1099 0 -45 135 -90
2198 0 0 -45 90 -45
2198 1099 0 -45 45 0
2198 2198 0 -45 0 45
2198 -2198 0 -44 176 -132
2198 -1099 0 -44 132 -88
2198 0 0 -44 88 -44
2198 1099 0 -44 44 0
2198 2198 0 -44 0 44
2198 -2198 0 -43 172 -129
2198 -1099 0 -43 129 -86
2198 0 0 -43 86 -43
2198 1099 0 -43 43 0
2198 2198 0 -43 0 43
2198 -2198 0 -42 168 -126
2198 -2041 0 -42 162 -120
2198 -1884 0 -42 156 -114
2198 -1727 0 -42 150 -108
2198 -1570 0 -42 144 -102
2198 -1413 0 -42 138 -96
2198 -1256 0 -42 132 -90
2198 -1099 0 -42 126 -84
2198 -942 0 -42 120 -78
2198 -785 0 -42 114 -72
2198 -628 0 -42 108 -66
2198 -471 0 -42 102 -60
2198 -314 0 -42 96 -54
2198 -157 0 -42 90 -48
2198 0 0 -42 84 -42
2198 157 0 -42 78 -36
2198 314 0 -42 72 -30
2198 471 0 -42 66 -24
2198 628 0 -42 60 -18
2198 785 0 -42 54 -12
2198 942 0 -42 48 -6
2198 1099 0 -42 42 0
2198 1256 0 -42 36 6
2198 1413 0 -42 30 12
2198 1570 0 -42 24 18
2198 1727 0 -42 18 24
2198 1884 0 -42 12 30
2198 2041 0 -42 6 36
2198 2198 0 -42 0 42
2198 -2198 0 -41 164 -123
2198 -1099 0 -41 123 -82
2198 0 0 -41 82 -41
2198 1099 0 -41 41 0
2198 2198 0 -41 0 41
2198 -2198 0 -40 160 -120
2198 -1099 0 -40 120 -80
2198 0 0 -40 80 -40
2198 1099 0 -40 40 0
2198 2198 0 -40 0 40
2198 -2198 0 -39 156 -117
2198 -1099 0 -39 117 -78
2198 0 0 -39 78 -39
2198 1099 0 -39 39 0
2198 2198 0 -39 0 39
2198 -2198 0 -38 152 -114
2198 -1099 0 -38 114 -76
2198 0 0 -38 76 -38
2198 1099 0 -38 38 0
2198 2198 0 -38 0 38
2198 -2198 0 -37 148 -111
2198 -1099 0 -37 111 -74
2198 0 0 -37 74 -37
2198 1099 0 -37 37 0
2198 2198 0 -37 0 37
2198 -2198 0 -36 144 -108
2198 -1099 0 -36 108 -72
2198 0 0 -36 72 -36
2198 1099 0 -36 36 0
2198 2198 0 -36 0 36
2198 -2198 0 -35 140 -105
2198 -2041 0 -35 135 -100
2198 -1884 0 -35 130 -95
2198 -1727 0 -35 125 -90
2198 -1570 0 -35 120 -85
2198 -1413 0 -35 115 -80
2198 -1256 0 -35 110 -75
2198 -1099 0 -35 105 -70
2198 -942 0 -35 100 -65
2198 -785 0 -35 95 -60
2198 -628 0 -35 90 -55
2198 -471 0 -35 85 -50
2198 -314 0 -35 80 -45
2198 -157 0 -35 75 -40
2198 0 0 -35 70 -35
2198 157 0 -35 65 -30
2198 314 0 -35 60 -25
2198 471 0 -35 55 -20
2198 628 0 -35 50 -15
2198 785 0 -35 45 -10
2198 942 0 -35 40 -5
2198 1099 0 -35 35 0
2198 1256 0 -35 30 5
2198 1413 0 -35 25 10
2198 1570 0 -35 20 15
2198 1727 0 -35 15 20
2198 1884 0 -35 10 25
2198 2041 0 -35 5 30
2198 2198 0 -35 0 35
2198 -2198 0 -34 136 -102
2198 -1099 0 -34 102 -68
2198 0 0 -34 68 -34
2198 1099 0 -34 34 0
2198 2198 0 -34 0 34
2198 -2198 0 -33 132 -99
2198 -1099 0 -33 99 -66
2198 0 0 -33 66 -33
2198 1099 0 -33 33 0
2198 2198 0 -33 0 33
2198 -2198 0 -32 128 -96
2198 -1099 0 -32 96 -64
2198 0 0 -32 64 -32
2198 1099 0 -32 32 0
2198 2198 0 -32 0 32
2198 -2198 0 -31 124 -93
2198 -1099 0 -31 93 -62
2198 0 0 -31 62 -31
2198 1099 0 -31 31 0
2198 2198 0 -31 0 31
2198 -2198 0 -30 120 -90
2198 -1099 0 -30 90 -60
2198 0 0 -30 60 -30
2198 1099 0 -30 30 0
2198 2198 0 -30 0 30
2198 -2198 0 -29 116 -87
2198 -1099 0 -29 87 -58
2198 0 0 -29 58 -29
2198 1099 0 -29 29 0
2198 2198 0 -29 0 29
2198 -2198 0 -28 112 -84
2198 -2041 0 -28 108 -80
2198 -1884 0 -28 104 -76
2198 -1727 0 -28 100 -72
2198 -1570 0 -28 96 -68
2198 -1413 0 -28 92 -64
2198 -1256 0 -28 88 -60
2198 -1099 0 -28 84 -56
2198 -942 0 -28 80 -52
2198 -785 0 -28 76 -48
2198 -628 0 -28 72 -44
2198 -471 0 -28 68 -40
2198 -314 0 -28 64 -36
2198 -157 0 -28 60 -32
2198 0 0 -28 56 -28
2198 157 0 -28 52 -24
2198 314 0 -28 48 -20
2198 471 0 -28 44 -16
2198 628 0 -28 40 -12
2198 785 0 -28 36 -8
2198 942 0 -28 32 -4
2198 1099 0 -28 28 0
2198 1256 0 -28 24 4
2198 1413 0 -28 20 8
2198 1570 0 -28 16 12
2198 1727 0 -28 12 16
2198 1884 0 -28 8 20
2198 2041 0 -28 4 24
2198 2198 0 -28 0 28
2198 -2198 0 -27 108 -81
2198 -1099 0 -27 81 -54
2198 0 0 -27 54 -27
2198 1099 0 -27 27 0
2198 2198 0 -27 0 27
2198 -2198 0 -26 104 -78
2198 -1099 0 -26 78 -52
2198 0 0 -26 52 -26
2198 1099 0 -26 26 0
2198 2198 0 -26 0 26
2198 -2198 0 -25 100 -75
2198 -1099 0 -25 75 -50
2198 0 0 -25 50 -25
2198 1099 0 -25 25 0
2198 2198 0 -25 0 25
2198 -2198 0 -24 96 -72
2198 -1099 0 -24 72 -48
2198 0 0 -24 48 -24
2198 1099 0 -24 24 0
2198 2198 0 -24 0 24
2198 -2198 0 -23 92 -69
2198 -1099 0 -23 69 -46
2198 0 0 -23 46 -23
2198 1099 0 -23 23 0
2198 2198 0 -23 0 23
2198 -2198 0 -22 88 -66
2198 -1099 0 -22 66 -44
2198 0 0 -22 44 -22
2198 1099 0 -22 22 0
2198 2198 0 -22 0 22
2198 -2198 0 -21 84 -63
2198 -2041 0 -21 81 -60
2198 -1884 0 -21 78 -57
2198 -1727 0 -21 75 -54
2198 -1570 0 -21 72 -51
2198 -1413 0 -21 69 -48
2198 -1256 0 -21 66 -45
2198 -1099 0 -21 63 -42
2198 -942 0 -21 60 -39
2198 -785 0 -21 57 -36
2198 -628 0 -21 54 -33
2198 -471 0 -21 51 -30
2198 -314 0 -21 48 -27
2198 -157 0 -21 45 -24
2198 0 0 -21 42 -21
2198 157 0 -21 39 -18
2198 314 0 -21 36 -15
2198 471 0 -21 33 -12
2198 628 0 -21 30 -9
2198 785 0 -21 27 -6
2198 942 0 -21 24 -3
2198 1099 0 -21 21 0
2198 1256 0 -21 18 3
2198 1413 0 -21 15 6
2198 1570 0 -21 12 9
2198 1727 0 -21 9 12
2198 1884 0 -21 6 15
2198 2041 0 -21 3 18
2198 2198 0 -21 0 21
2198 -2198 0 -20 80 -60
2198 -1099 0 -20 60 -40
2198 0 0 -20 40 -20
2198 1099 0 -20 20 0
2198 2198 0 -20 0 20
2198 -2198 0 -19 76 -57
2198 -1099 0 -19 57 -38
2198 0 0 -19 38 -19
2198 1099 0 -19 19 0
2198 2198 0 -19 0 19
2198 -2198 0 -18 72 -54
2198 -1099 0 -18 54 -36
2198 0 0 -18 36 -18
2198 1099 0 -18 18 0
2198 2198 0 -18 0 18
2198 -2198 0 -17 68 -51
2198 -1099 0 -17 51 -34
2198 0 0 -17 34 -17
2198 1099 0 -17 17 0
2198 2198 0 -17 0 17
2198 -2198 0 -16 64 -48
2198 -1099 0 -16 48 -32
2198 0 0 -16 32 -16
2198 1099 0 -16 16 0
2198 2198 0 -16 0 16
2198 -2198 0 -15 60 -45
2198 -1099 0 -15 45 -30
2198 0 0 -15 30 -15
2198 1099 0 -15 15 0
2198 2198 0 -15 0 15
2198 -2198 0 -14 56 -42
2198 -2041 0 -14 54 -40
2198 -1884 0 -14 52 -38
2198 -1727 0 -14 50 -36
2198 -1570 0 -14 48 -34
2198 -1413 0 -14 46 -32
2198 -1256 0 -14 44 -30
2198 -1099 0 -14 42 -28
2198 -942 0 -14 40 -26
2198 -785 0 -14 38 -24
2198 -628 0 -14 36 -22
2198 -471 0 -14 34 -20
2198 -314 0 -14 32 -18
2198 -157 0 -14 30 -16
2198 0 0 -14 28 -14
2198 157 0 -14 26 -12
2198 314 0 -14 24 -10
2198 471 0 -14 22 -8
2198 628 0 -14 20 -6
2198 785 0 -14 18 -4
2198 942 0 -14 16 -2
2198 1099 0 -14 14 0
2198 1256 0 -14 12 2
2198 1413 0 -14 10 4
2198 1570 0 -14 8 6
2198 1727 0 -14 6 8
2198 1884 0 -14 4 10
2198 2041 0 -14 2 12
2198 2198 0 -14 0 14
2198 -2198 0 -13 52 -39
2198 -1099 0 -13 39 -26
2198 0 0 -13 26 -13
2198 1099 0 -13 13 0
2198 2198 0 -13 0 13
2198 -2198 0 -12 48 -36
2198 -1099 0 -12 36 -24
2198 0 0 -12 24 -12
2198 1099 0 -12 12 0
2198 2198 0 -12 0 12
2198 -2198 0 -11 44 -33
2198 -1099 0 -11 33 -22
2198 0 0 -11 22 -11
2198 1099 0 -11 11 0
2198 2198 0 -11 0 11
2198 -2198 0 -10 40 -30
2198 -1099 0 -10 30 -20
2198 0 0 -10 20 -10
2198 1099 0 -10 10 0
2198 2198 0 -10 0 10
2198 -2198 0 -9 36 -27
2198 -1099 0 -9 27 -18
2198 0 0 -9 18 -9
2198 1099 0 -9 9 0
2198 2198 0 -9 0 9
2198 -2198 0 -8 32 -24
2198 -1099 0 -8 24 -16
2198 0 0 -8 16 -8
2198 1099 0 -8 8 0
2198 2198 0 -8 0 8
2198 -2198 0 -7 28 -21
2198 -2041 0 -7 27 -20
2198 -1884 0 -7 26 -19
2198 -1727 0 -7 25 -18
2198 -1570 0 -7 24 -17
2198 -1413 0 -7 23 -16
2198 -1256 0 -7 22 -15
2198 -1099 0 -7 21 -14
2198 -942 0 -7 20 -13
2198 -785 0 -7 19 -12
2198 -628 0 -7 18 -11
2198 -471 0 -7 17 -10
2198 -314 0 -7 16 -9
2198 -157 0 -7 15 -8
2198 0 0 -7 14 -7
2198 157 0 -7 13 -6
2198 314 0 -7 12 -5
2198 471 0 -7 11 -4
2198 628 0 -7 10 -3
2198 785 0 -7 9 -2
2198 942 0 -7 8 -1
2198 1099 0 -7 7 0
2198 1256 0 -7 6 1
2198 1413 0 -7 5 2
2198 1570 0 -7 4 3
2198 1727 0 -7 3 4
2198 1884 0 -7 2 5
2198 2041 0 -7 1 6
2198 2198 0 -7 0 7
2198 -2198 0 -6 24 -18
2198 -1099 0 -6 18 -12
2198 0 0 -6 12 -6
2198 1099 0 -6 6 0
2198 2198 0 -6 0 6
2198 -2198 0 -5 20 -15
2198 -1099 0 -5 15 -10
2198 0 0 -5 10 -5
2198 1099 0 -5 5 0
2198 2198 0 -5 0 5
2198 -2198 0 -4 16 -12
2198 -1099 0 -4 12 -8
2198 0 0 -4 8 -4
2198 1099 0 -4 4 0
2198 2198 0 -4 0 4
2198 -2198 0 -3 12 -9
2198 -1099 0 -3 9 -6
2198 0 0 -3 6 -3
2198 1099 0 -3 3 0
2198 2198 0 -3 0 3
2198 -2198 0 -2 8 -6
2198 -1099 0 -2 6 -4
2198 0 0 -2 4 -2
2198 1099 0 -2 2 0
2198 2198 0 -2 0 2
2198 -2198 0 -1 4 -3
2198 -1099 0 -1 3 -2
2198 0 0 -1 2 -1
2198 1099 0 -1 1 0
2198 2198 0 -1 0 1
2198 -2198 -1 1 -4 4
2198 -2198 0 1 -4 3
2198 -2198 1 1 -4 4
2198 -1099 0 1 -3 2
2198 0 0 1 -2 1
2198 1099 0 1 -1 0
2198 2198 0 1 0 -1
2198 -2198 0 2 -8 6
2198 -1099 0 2 -6 4
2198 0 0 2 -4 2
2198 1099 0 2 -2 0
2198 2198 0 2 0 -2
2198 -2198 0 3 -12 9
2198 -1099 0 3 -9 6
2198 0 0 3 -6 3
2198 1099 0 3 -3 0
2198 2198 0 3 0 -3
2198 -2198 -2 4 -16 16
2198 -2198 0 4 -16 12
2198 -2198 2 4 -16 16
2198 -1099 0 4 -12 8
2198 0 0 4 -8 4
2198 1099 0 4 -4 0
2198 2198 0 4 0 -4
2198 -2198 0 5 -20 15
2198 -1099 0 5 -15 10
2198 0 0 5 -10 5
2198 1099 0 5 -5 0
2198 2198 0 5 0 -5
2198 -2198 0 6 -24 18
2198 -1099 0 6 -18 12
2198 0 0 6 -12 6
2198 1099 0 6 -6 0
2198 2198 0 6 0 -6
2198 -2198 0 7 -28 21
2198 -2041 0 7 -27 20
2198 -1884 0 7 -26 19
2198 -1727 0 7 -25 18
2198 -1570 0 7 -24 17
2198 -1413 0 7 -23 16
2198 -1256 0 7 -22 15
2198 -1099 0 7 -21 14
2198 -942 0 7 -20 13
2198 -785 0 7 -19 12
2198 -628 0 7 -18 11
2198 -471 0 7 -17 10
2198 -314 0 7 -16 9
2198 -157 0 7 -15 8
2198 0 0 7 -14 7
2198 157 0 7 -13 6
2198 314 0 7 -12 5
2198 471 0 7 -11 4
2198 628 0 7 -10 3
2198 785 0 7 -9 2
2198 942 0 7 -8 1
2198 1099 0 7 -7 0
2198 1256 0 7 -6 -1
2198 1413 0 7 -5 -2
2198 1570 0 7 -4 -3
2198 1727 0 7 -3 -4
2198 1884 0 7 -2 -5
2198 2041 0 7 -1 -6
2198 2198 0 7 0 -7
2198 -2198 0 8 -32 24
2198 -1099 0 8 -24 16
2198 0 0 8 -16 8
2198 1099 0 8 -8 0
2198 2198 0 8 0 -8
2198 -2198 -3 9 -36 36
2198 -2198 0 9 -36 27
2198 -2198 3 9 -36 36
2198 -1099 0 9 -27 18
2198 0 0 9 -18 9
2198 1099 0 9 -9 0
2198 2198 0 9 0 -9
2198 -2198 0 10 -40 30
2198 -1099 0 10 -30 20
2198 0 0 10 -20 10
2198 1099 0 10 -10 0
2198 2198 0 10 0 -10
2198 -2198 0 11 -44 33
2198 -1099 0 11 -33 22
2198 0 0 11 -22 11
2198 1099 0 11 -11 0
2198 2198 0 11 0 -11
2198 -2198 0 12 -48 36
2198 -1099 0 12 -36 24
2198 0 0 12 -24 12
2198 1099 0 12 -12 0
2198 2198 0 12 0 -12
2198 -2198 0 13 -52 39
2198 -1099 0 13 -39 26
2198 0 0 13 -26 13
2198 1099 0 13 -13 0
2198 2198 0 13 0 -13
2198 -2198 0 14 -56 42
2198 -2041 0 14 -54 40
2198 -1884 0 14 -52 38
2198 -1727 0 14 -50 36
2198 -1570 0 14 -48 34
2198 -1413 0 14 -46 32
2198 -1256 0 14 -44 30
2198 -1099 0 14 -42 28
2198 -942 0 14 -40 26
2198 -785 0 14 -38 24
2198 -628 0 14 -36 22
2198 -471 0 14 -34 20
2198 -314 0 14 -32 18
2198 -157 0 14 -30 16
2198 0 0 14 -28 14
2198 157 0 14 -26 12
2198 314 0 14 -24 10
2198 471 0 14 -22 8
2198 628 0 14 -20 6
2198 785 0 14 -18 4
2198 942 0 14 -16 2
2198 1099 0 14 -14 0
2198 1256 0 14 -12 -2
2198 1413 0 14 -10 -4
2198 1570 0 14 -8 -6
2198 1727 0 14 -6 -8
2198 1884 0 14 -4 -10
2198 2041 0 14 -2 -12
2198 2198 0 14 0 -14
2198 -2198 0 15 -60 45
2198 -1099 0 15 -45 30
2198 0 0 15 -30 15
2198 1099 0 15 -15 0
2198 2198 0 15 0 -15
2198 -2198 -4 16 -64 64
2198 -2198 0 16 -64 48
2198 -2198 4 16 -64 64
2198 -1099 0 16 -48 32
2198 0 0 16 -32 16
2198 1099 0 16 -16 0
2198 2198 0 16 0 -16
2198 -2198 0 17 -68 51
2198 -1099 0 17 -51 34
2198 0 0 17 -34 17
2198 1099 0 17 -17 0
2198 2198 0 17 0 -17
2198 -2198 0 18 -72 54
2198 -1099 0 18 -54 36
2198 0 0 18 -36 18
2198 1099 0 18 -18 0
2198 2198 0 18 0 -18
2198 -2198 0 19 -76 57
2198 -1099 0 19 -57 38
2198 0 0 19 -38 19
2198 1099 0 19 -19 0
2198 2198 0 19 0 -19
2198 -2198 0 20 -80 60
2198 -1099 0 20 -60 40
2198 0 0 20 -40 20
2198 1099 0 20 -20 0
2198 2198 0 20 0 -20
2198 -2198 0 21 -84 63
2198 -2041 0 21 -81 60
2198 -1884 0 21 -78 57
2198 -1727 0 21 -75 54
2198 -1570 0 21 -72 51
2198 -1413 0 21 -69 48
2198 -1256 0 21 -66 45
2198 -1099 0 21 -63 42
2198 -942 0 21 -60 39
2198 -785 0 21 -57 36
2198 -628 0 21 -54 33
2198 -471 0 21 -51 30
2198 -314 0 21 -48 27
2198 -157 0 21 -45 24
2198 0 0 21 -42 21
2198 157 0 21 -39 18
2198 314 0 21 -36 15
2198 471 0 21 -33 12
2198 628 0 21 -30 9
2198 785 0 21 -27 6
2198 942 0 21 -24 3
2198 1099 0 21 -21 0
2198 1256 0 21 -18 -3
2198 1413 0 21 -15 -6
2198 1570 0 21 -12 -9
2198 1727 0 21 -9 -12
2198 1884 0 21 -6 -15
2198 2041 0 21 -3 -18
2198 2198 0 21 0 -21
2198 -2198 0 22 -88 66
2198 -1099 0 22 -66 44
2198 0 0 22 -44 22
2198 1099 0 22 -22 0
2198 2198 0 22 0 -22
2198 -2198 0 23 -92 69
2198 -1099 0 23 -69 46
2198 0 0 23 -46 23
2198 1099 0 23 -23 0
2198 2198 0 23 0 -23
2198 -2198 0 24 -96 72
2198 -1099 0 24 -72 48
2198 0 0 24 -48 24
2198 1099 0 24 -24 0
2198 2198 0 24 0 -24
2198 -2198 -5 25 -100 100
2198 -2198 0 25 -100 75
2198 -2198 5 25 -100 100
2198 -1099 0 25 -75 50
2198 0 0 25 -50 25
2198 1099 0 25 -25 0
2198 2198 0 25 0 -25
2198 -2198 0 26 -104 78
2198 -1099 0 26 -78 52
2198 0 0 26 -52 26
2198 1099 0 26 -26 0
2198 2198 0 26 0 -26
2198 -2198 0 27 -108 81
2198 -1099 0 27 -81 54
2198 0 0 27 -54 27
2198 1099 0 27 -27 0
2198 2198 0 27 0 -27
2198 -2198 0 28 -112 84
2198 -2041 0 28 -108 80
2198 -1884 0 28 -104 76
2198 -1727 0 28 -100 72
2198 -1570 0 28 -96 68
2198 -1413 0 28 -92 64
2198 -1256 0 28 -88 60
2198 -1099 0 28 -84 56
2198 -942 0 28 -80 52
2198 -785 0 28 -76 48
2198 -628 0 28 -72 44
2198 -471 0 28 -68 40
2198 -314 0 28 -64 36
2198 -157 0 28 -60 32
2198 0 0 28 -56 28
2198 157 0 28 -52 24
2198 314 0 28 -48 20
2198 471 0 28 -44 16
2198 628 0 28 -40 12
2198 785 0 28 -36 8
2198 942 0 28 -32 4
2198 1099 0 28 -28 0
2198 1256 0 28 -24 -4
2198 1413 0 28 -20 -8
2198 1570 0 28 -16 -12
2198 1727 0 28 -12 -16
2198 1884 0 28 -8 -20
2198 2041 0 28 -4 -24
2198 2198 0 28 0 -28
2198 -2198 0 29 -116 87
2198 -1099 0 29 -87 58
2198 0 0 29 -58 29
2198 1099 0 29 -29 0
2198 2198 0 29 0 -29
2198 -2198 0 30 -120 90
2198 -1099 0 30 -90 60
2198 0 0 30 -60 30
2198 1099 0 30 -30 0
2198 2198 0 30 0 -30
2198 -2198 0 31 -124 93
2198 -1099 0 31 -93 62
2198 0 0 31 -62 31
2198 1099 0 31 -31 0
2198 2198 0 31 0 -31
2198 -2198 0 32 -128 96
2198 -1099 0 32 -96 64
2198 0 0 32 -64 32
2198 1099 0 32 -32 0
2198 2198 0 32 0 -32
2198 -2198 0 33 -132 99
2198 -1099 0 33 -99 66
2198 0 0 33 -66 33
2198 1099 0 33 -33 0
2198 2198 0 33 0 -33
2198 -2198 0 34 -136 102
2198 -1099 0 34 -102 68
2198 0 0 34 -68 34
2198 1099 0 34 -34 0
2198 2198 0 34 0 -34
2198 -2198 0 35 -140 105
2198 -2041 0 35 -135 100
2198 -1884 0 35 -130 95
2198 -1727 0 35 -125 90
2198 -1570 0 35 -120 85
2198 -1413 0 35 -115 80
2198 -1256 0 35 -110 75
2198 -1099 0 35 -105 70
2198 -942 0 35 -100 65
2198 -785 0 35 -95 60
2198 -628 0 35 -90 55
2198 -471 0 35 -85 50
2198 -314 0 35 -80 45
2198 -157 0 35 -75 40
2198 0 0 35 -70 35
2198 157 0 35 -65 30
2198 314 0 35 -60 25
2198 471 0 35 -55 20
2198 628 0 35 -50 15
2198 785 0 35 -45 10
2198 942 0 35 -40 5
2198 1099 0 35 -35 0
2198 1256 0 35 -30 -5
2198 1413 0 35 -25 -10
2198 1570 0 35 -20 -15
2198 1727 0 35 -15 -20
2198 1884 0 35 -10 -25
2198 2041 0 35 -5 -30
2198 2198 0 35 0 -35
2198 -2198 -6 36 -144 144
2198 -2198 0 36 -144 108
2198 -2198 6 36 -144 144
2198 -1099 0 36 -108 72
2198 0 0 36 -72 36
2198 1099 0 36 -36 0
2198 2198 0 36 0 -36
2198 -2198 0 37 -148 111
2198 -1099 0 37 -111 74
2198 0 0 37 -74 37
2198 1099 0 37 -37 0
2198 2198 0 37 0 -37
2198 -2198 0 38 -152 114
2198 -1099 0 38 -114 76
2198 0 0 38 -76 38
2198 1099 0 38 -38 0
2198 2198 0 38 0 -38
2198 -2198 0 39 -156 117
2198 -1099 0 39 -117 78
2198 0 0 39 -78 39
2198 1099 0 39 -39 0
2198 2198 0 39 0 -39
2198 -2198 0 40 -160 120
2198 -1099 0 40 -120 80
2198 0 0 40 -80 40
2198 1099 0 40 -40 0
2198 2198 0 40 0 -40
2198 -2198 0 41 -164 123
2198 -1099 0 41 -123 82
2198 0 0 41 -82 41
2198 1099 0 41 -41 0
2198 2198 0 41 0 -41
2198 -2198 0 42 -168 126
2198 -2041 0 42 -162 120
2198 -1884 0 42 -156 114
2198 -1727 0 42 -150 108
2198 -1570 0 42 -144 102
2198 -1413 0 42 -138 96
2198 -1256 0 42 -132 90
2198 -1099 0 42 -126 84
2198 -942 0 42 -120 78
2198 -785 0 42 -114 72
2198 -628 0 42 -108 66
2198 -471 0 42 -102 60
2198 -314 0 42 -96 54
2198 -157 0 42 -90 48
2198 0 0 42 -84 42
2198 157 0 42 -78 36
2198 314 0 42 -72 30
2198 471 0 42 -66 24
2198 628 0 42 -60 18
2198 785 0 42 -54 12
2198 942 0 42 -48 6
2198 1099 0 42 -42 0
2198 1256 0 42 -36 -6
2198 1413 0 42 -30 -12
2198 1570 0 42 -24 -18
2198 1727 0 42 -18 -24
2198 1884 0 42 -12 -30
2198 2041 0 42 -6 -36
2198 2198 0 42 0 -42
2198 -2198 0 43 -172 129
2198 -1099 0 43 -129 86
2198 0 0 43 -86 43
2198 1099 0 43 -43 0
2198 2198 0 43 0 -43
2198 -2198 0 44 -176 132
2198 -1099 0 44 -132 88
2198 0 0 44 -88 44
2198 1099 0 44 -44 0
2198 2198 0 44 0 -44
2198 -2198 0 45 -180 135
2198 -1099 0 45 -135 90
2198 0 0 45 -90 45
2198 1099 0 45 -45 0
2198 2198 0 45 0 -45
2198 -2198 0 46 -184 138
2198 -1099 0 46 -138 92
2198 0 0 46 -92 46
2198 1099 0 46 -46 0
2198 2198 0 46 0 -46
2198 -2198 0 47 -188 141
2198 -1099 0 47 -141 94
2198 0 0 47 -94 47
2198 1099 0 47 -47 0
2198 2198 0 47 0 -47
2198 -2198 0 48 -192 144
2198 -1099 0 48 -144 96
2198 0 0 48 -96 48
2198 1099 0 48 -48 0
2198 2198 0 48 0 -48
2198 -2198 -7 49 -196 196
2198 -2198 0 49 -196 147
2198 -2198 7 49 -196 196
2198 -2041 0 49 -189 140
2198 -1884 0 49 -182 133
2198 -1727 0 49 -175 126
2198 -1570 0 49 -168 119
2198 -1413 0 49 -161 112
2198 -1256 0 49 -154 105
2198 -1099 0 49 -147 98
2198 -942 0 49 -140 91
2198 -785 0 49 -133 84
2198 -628 0 49 -126 77
2198 -471 0 49 -119 70
2198 -314 0 49 -112 63
2198 -157 0 49 -105 56
2198 0 0 49 -98 49
2198 157 0 49 -91 42
2198 314 0 49 -84 35
2198 471 0 49 -77 28
2198 628 0 49 -70 21
2198 785 0 49 -63 14
2198 942 0 49 -56 7
2198 1099 0 49 -49 0
2198 1256 0 49 -42 -7
2198 1413 0 49 -35 -14
2198 1570 0 49 -28 -21
2198 1727 0 49 -21 -28
2198 1884 0 49 -14 -35
2198 2041 0 49 -7 -42
2198 2198 0 49 0 -49
2198 -2198 0 50 -200 150
2198 -1099 0 50 -150 100
2198 0 0 50 -100 50
2198 1099 0 50 -50 0
2198 2198 0 50 0 -50
2198 -2198 0 51 -204 153
2198 -1099 0 51 -153 102
2198 0 0 51 -102 51
2198 1099 0 51 -51 0
2198 2198 0 51 0 -51
2198 -2198 0 52 -208 156
2198 -1099 0 52 -156 104
2198 0 0 52 -104 52
2198 1099 0 52 -52 0
2198 2198 0 52 0 -52
2198 -2198 0 53 -212 159
2198 -1099 0 53 -159 106
2198 0 0 53 -106 53
2198 1099 0 53 -53 0
2198 2198 0 53 0 -53
2198 -2198 0 54 -216 162
2198 -1099 0 54 -162 108
2198 0 0 54 -108 54
2198 1099 0 54 -54 0
2198 2198 0 54 0 -54
2198 -2198 0 55 -220 165
2198 -1099 0 55 -165 110
2198 0 0 55 -110 55
2198 1099 0 55 -55 0
2198 2198 0 55 0 -55
2198 -2198 0 56 -224 168
2198 -2041 0 56 -216 160
2198 -1884 0 56 -208 152
2198 -1727 0 56 -200 144
2198 -1570 0 56 -192 136
2198 -1413 0 56 -184 128
2198 -1256 0 56 -176 120
2198 -1099 0 56 -168 112
2198 -942 0 56 -160 104
2198 -785 0 56 -152 96
2198 -628 0 56 -144 88
2198 -471 0 56 -136 80
2198 -314 0 56 -128 72
2198 -157 0 56 -120 64
2198 0 0 56 -112 56
2198 157 0 56 -104 48
2198 314 0 56 -96 40
2198 471 0 56 -88 32
2198 628 0 56 -80 24
2198 785 0 56 -72 16
2198 942 0 56 -64 8
2198 1099 0 56 -56 0
2198 1256 0 56 -48 -8
2198 1413 0 56 -40 -16
2198 1570 0 56 -32 -24
2198 1727 0 56 -24 -32
2198 1884 0 56 -16 -40
2198 2041 0 56 -8 -48
2198 2198 0 56 0 -56
2198 -2198 0 57 -228 171
2198 -1099 0 57 -171 114
2198 0 0 57 -114 57
2198 1099 0 57 -57 0
2198 2198 0 57 0 -57
2198 -2198 0 58 -232 174
2198 -1099 0 58 -174 116
2198 0 0 58 -116 58
2198 1099 0 58 -58 0
2198 2198 0 58 0 -58
2198 -2198 0 59 -236 177
2198 -1099 0 59 -177 118
2198 0 0 59 -118 59
2198 1099 0 59 -59 0
2198 2198 0 59 0 -59
2198 -2198 0 60 -240 180
2198 -1099 0 60 -180 120
2198 0 0 60 -120 60
2198 1099 0 60 -60 0
2198 2198 0 60 0 -60
2199 -2199 0 -60 240 -180
2199 -1466 0 -60 200 -140
2199 -733 0 -60 160 -100
2199 0 0 -60 120 -60
2199 733 0 -60 80 -20
2199 1466 0 -60 40 20
2199 2199 0 -60 0 60
2199 -2199 0 -59 236 -177
2199 0 0 -59 118 -59
2199 2199 0 -59 0 59
2199 -2199 0 -58 232 -174
2199 0 0 -58 116 -58
2199 2199 0 -58 0 58
2199 -2199 0 -57 228 -171
2199 -1466 0 -57 190 -133
2199 -733 0 -57 152 -95
2199 0 0 -57 114 -57
2199 733 0 -57 76 -19
2199 1466 0 -57 38 19
2199 2199 0 -57 0 57
2199 -2199 0 -56 224 -168
2199 0 0 -56 112 -56
2199 2199 0 -56 0 56
2199 -2199 0 -55 220 -165
2199 0 0 -55 110 -55
2199 2199 0 -55 0 55
2199 -2199 0 -54 216 -162
2199 -1466 0 -54 180 -126
2199 -733 0 -54 144 -90
2199 0 0 -54 108 -54
2199 733 0 -54 72 -18
2199 1466 0 -54 36 18
2199 2199 0 -54 0 54
2199 -2199 0 -53 212 -159
2199 0 0 -53 106 -53
2199 2199 0 -53 0 53
2199 -2199 0 -52 208 -156
2199 0 0 -52 104 -52
2199 2199 0 -52 0 52
2199 -2199 0 -51 204 -153
2199 -1466 0 -51 170 -119
2199 -733 0 -51 136 -85
2199 0 0 -51 102 -51
2199 733 0 -51 68 -17
2199 1466 0 -51 34 17
2199 2199 0 -51 0 51
2199 -2199 0 -50 200 -150
2199 0 0 -50 100 -50
2199 2199 0 -50 0 50
2199 -2199 0 -49 196 -147
2199 0 0 -49 98 -49
2199 2199 0 -49 0 49
2199 -2199 0 -48 192 -144
2199 -1466 0 -48 160 -112
2199 -733 0 -48 128 -80
2199 0 0 -48 96 -48
2199 733 0 -48 64 -16
2199 1466 0 -48 32 16
2199 2199 0 -48 0 48
2199 -2199 0 -47 188 -141
2199 0 0 -47 94 -47
2199 2199 0 -47 0 47
2199 -2199 0 -46 184 -138
2199 0 0 -46 92 -46
2199 2199 0 -46 0 46
2199 -2199 0 -45 180 -135
2199 -1466 0 -45 150 -105
2199 -733 0 -45 120 -75
2199 0 0 -45 90 -45
2199 733 0 -45 60 -15
2199 1466 0 -45 30 15
2199 2199 0 -45 0 45
2199 -2199 0 -44 176 -132
2199 0 0 -44 88 -44
2199 2199 0 -44 0 44
2199 -2199 0 -43 172 -129
2199 0 0 -43 86 -43
2199 2199 0 -43 0 43
2199 -2199 0 -42 168 -126
2199 -1466 0 -42 140 -98
2199 -733 0 -42 112 -70
2199 0 0 -42 84 -42
2199 733 0 -42 56 -14
2199 1466 0 -42 28 14
2199 2199 0 -42 0 42
2199 -2199 0 -41 164 -123
2199 0 0 -41 82 -41
2199 2199 0 -41 0 41
2199 -2199 0 -40 160 -120
2199 0 0 -40 80 -40
2199 2199 0 -40 0 40
2199 -2199 0 -39 156 -117
2199 -1466 0 -39 130 -91
2199 -733 0 -39 104 -65
2199 0 0 -39 78 -39
2199 733 0 -39 52 -13
2199 1466 0 -39 26 13
2199 2199 0 -39 0 39
2199 -2199 0 -38 152 -114
2199 0 0 -38 76 -38
2199 2199 0 -38 0 38
2199 -2199 0 -37 148 -111
2199 0 0 -37 74 -37
2199 2199 0 -37 0 37
2199 -2199 0 -36 144 -108
2199 -1466 0 -36 120 -84
2199 -733 0 -36 96 -60
2199 0 0 -36 72 -36
2199 733 0 -36 48 -12
2199 1466 0 -36 24 12
2199 2199 0 -36 0 36
2199 -2199 0 -35 140 -105
2199 0 0 -35 70 -35
2199 2199 0 -35 0 35
2199 -2199 0 -34 136 -102
2199 0 0 -34 68 -34
2199 2199 0 -34 0 34
2199 -2199 0 -33 132 -99
2199 -1466 0 -33 110 -77
2199 -733 0 -33 88 -55
2199 0 0 -33 66 -33
2199 733 0 -33 44 -11
2199 1466 0 -33 22 11
2199 2199 0 -33 0 33
2199 -2199 0 -32 128 -96
2199 0 0 -32 64 -32
2199 2199 0 -32 0 32
2199 -2199 0 -31 124 -93
2199 0 0 -31 62 -31
2199 2199 0 -31 0 31
2199 -2199 0 -30 120 -90
2199 -1466 0 -30 100 -70
2199 -733 0 -30 80 -50
2199 0 0 -30 60 -30
2199 733 0 -30 40 -10
2199 1466 0 -30 20 10
2199 2199 0 -30 0 30
2199 -2199 0 -29 116 -87
2199 0 0 -29 58 -29
2199 2199 0 -29 0 29
2199 -2199 0 -28 112 -84
2199 0 0 -28 56 -28
2199 2199 0 -28 0 28
2199 -2199 0 -27 108 -81
2199 -1466 0 -27 90 -63
2199 -733 0 -27 72 -45
2199 0 0 -27 54 -27
2199 733 0 -27 36 -9
2199 1466 0 -27 18 9
2199 2199 0 -27 0 27
2199 -2199 0 -26 104 -78
2199 0 0 -26 52 -26
2199 2199 0 -26 0 26
2199 -2199 0 -25 100 -75
2199 0 0 -25 50 -25
2199 2199 0 -25 0 25
2199 -2199 0 -24 96 -72
2199 -1466 0 -24 80 -56
2199 -733 0 -24 64 -40
2199 0 0 -24 48 -24
2199 733 0 -24 32 -8
2199 1466 0 -24 16 8
2199 2199 0 -24 0 24
2199 -2199 0 -23 92 -69
2199 0 0 -23 46 -23
2199 2199 0 -23 0 23
2199 -2199 0 -22 88 -66
2199 0 0 -22 44 -22
2199 2199 0 -22 0 22
2199 -2199 0 -21 84 -63
2199 -1466 0 -21 70 -49
2199 -733 0 -21 56 -35
2199 0 0 -21 42 -21
2199 733 0 -21 28 -7
2199 1466 0 -21 14 7
2199 2199 0 -21 0 21
2199 -2199 0 -20 80 -60
2199 0 0 -20 40 -20
2199 2199 0 -20 0 20
2199 -2199 0 -19 76 -57
2199 0 0 -19 38 -19
2199 2199 0 -19 0 19
2199 -2199 0 -18 72 -54
2199 -1466 0 -18 60 -42
2199 -733 0 -18 48 -30
2199 0 0 -18 36 -18
2199 733 0 -18 24 -6
2199 1466 0 -18 12 6
2199 2199 0 -18 0 18
2199 -2199 0 -17 68 -51
2199 0 0 -17 34 -17
2199 2199 0 -17 0 17
2199 -2199 0 -16 64 -48
2199 0 0 -16 32 -16
2199 2199 0 -16 0 16
2199 -2199 0 -15 60 -45
2199 -1466 0 -15 50 -35
2199 -733 0 -15 40 -25
2199 0 0 -15 30 -15
2199 733 0 -15 20 -5
2199 1466 0 -15 10 5
2199 2199 0 -15 0 15
2199 -2199 0 -14 56 -42
2199 0 0 -14 28 -14
2199 2199 0 -14 0 14
2199 -2199 0 -13 52 -39
2199 0 0 -13 26 -13
2199 2199 0 -13 0 13
2199 -2199 0 -12 48 -36
2199 -1466 0 -12 40 -28
2199 -733 0 -12 32 -20
2199 0 0 -12 24 -12
2199 733 0 -12 16 -4
2199 1466 0 -12 8 4
2199 2199 0 -12 0 12
2199 -2199 0 -11 44 -33
2199 0 0 -11 22 -11
2199 2199 0 -11 0 11
2199 -2199 0 -10 40 -30
2199 0 0 -10 20 -10
2199 2199 0 -10 0 10
2199 -2199 0 -9 36 -27
2199 -1466 0 -9 30 -21
2199 -733 0 -9 24 -15
2199 0 0 -9 18 -9
2199 733 0 -9 12 -3
2199 1466 0 -9 6 3
2199 2199 0 -9 0 9
2199 -2199 0 -8 32 -24
2199 0 0 -8 16 -8
2199 2199 0 -8 0 8
2199 -2199 0 -7 28 -21
2199 0 0 -7 14 -7
2199 2199 0 -7 0 7
2199 -2199 0 -6 24 -18
2199 -1466 0 -6 20 -14
2199 -733 0 -6 16 -10
2199 0 0 -6 12 -6
2199 733 0 -6 8 -2
2199 1466 0 -6 4 2
2199 2199 0 -6 0 6
2199 -2199 0 -5 20 -15
2199 0 0 -5 10 -5
2199 2199 0 -5 0 5
2199 -2199 0 -4 16 -12
2199 0 0 -4 8 -4
2199 2199 0 -4 0 4
2199 -2199 0 -3 12 -9
2199 -1466 0 -3 10 -7
2199 -733 0 -3 8 -5
2199 0 0 -3 6 -3
2199 733 0 -3 4 -1
2199 1466 0 -3 2 1
2199 2199 0 -3 0 3
2199 -2199 0 -2 8 -6
2199 0 0 -2 4 -2
2199 2199 0 -2 0 2
2199 -2199 0 -1 4 -3
2199 0 0 -1 2 -1
2199 2199 0 -1 0 1
2199 -2199 -1 1 -4 4
2199 -2199 0 1 -4 3
2199 -2199 1 1 -4 4
2199 0 0 1 -2 1
2199 2199 0 1 0 -1
2199 -2199 0 2 -8 6
2199 0 0 2 -4 2
2199 2199 0 2 0 -2
2199 -2199 0 3 -12 9
2199 -1466 0 3 -10 7
2199 -733 0 3 -8 5
2199 0 0 3 -6 3
2199 733 0 3 -4 1
2199 1466 0 3 -2 -1
2199 2199 0 3 0 -3
2199 -2199 -2 4 -16 16
2199 -2199 0 4 -16 12
2199 -2199 2 4 -16 16
2199 0 0 4 -8 4
2199 2199 0 4 0 -4
2199 -2199 0 5 -20 15
2199 0 0 5 -10 5
2199 2199 0 5 0 -5
2199 -2199 0 6 -24 18
2199 -1466 0 6 -20 14
2199 -733 0 6 -16 10
2199 0 0 6 -12 6
2199 733 0 6 -8 2
2199 1466 0 6 -4 -2
2199 2199 0 6 0 -6
2199 -2199 0 7 -28 21
2199 0 0 7 -14 7
2199 2199 0 7 0 -7
2199 -2199 0 8 -32 24
2199 0 0 8 -16 8
2199 2199 0 8 0 -8
2199 -2199 -3 9 -36 36
2199 -2199 0 9 -36 27
2199 -2199 3 9 -36 36
2199 -1466 0 9 -30 21
2199 -733 0 9 -24 15
2199 0 0 9 -18 9
2199 733 0 9 -12 3
2199 1466 0 9 -6 -3
2199 2199 0 9 0 -9
2199 -2199 0 10 -40 30
2199 0 0 10 -20 10
2199 2199 0 10 0 -10
2199 -2199 0 11 -44 33
2199 0 0 11 -22 11
2199 2199 0 11 0 -11
2199 -2199 0 12 -48 36
2199 -1466 0 12 -40 28
2199 -733 0 12 -32 20
2199 0 0 12 -24 12
2199 733 0 12 -16 4
2199 1466 0 12 -8 -4
2199 2199 0 12 0 -12
2199 -2199 0 13 -52 39
2199 0 0 13 -26 13
2199 2199 0 13 0 -13
2199 -2199 0 14 -56 42
2199 0 0 14 -28 14
2199 2199 0 14 0 -14
2199 -2199 0 15 -60 45
2199 -1466 0 15 -50 35
2199 -733 0 15 -40 25
2199 0 0 15 -30 15
2199 733 0 15 -20 5
2199 1466 0 15 -10 -5
2199 2199 0 15 0 -15
2199 -2199 -4 16 -64 64
2199 -2199 0 16 -64 48
2199 -2199 4 16 -64 64
2199 0 0 16 -32 16
2199 2199 0 16 0 -16
2199 -2199 0 17 -68 51
2199 0 0 17 -34 17
2199 2199 0 17 0 -17
2199 -2199 0 18 -72 54
2199 -1466 0 18 -60 42
2199 -733 0 18 -48 30
2199 0 0 18 -36 18
2199 733 0 18 -24 6
2199 1466 0 18 -12 -6
2199 2199 0 18 0 -18
2199 -2199 0 19 -76 57
2199 0 0 19 -38 19
2199 2199 0 19 0 -19
2199 -2199 0 20 -80 60
2199 0 0 20 -40 20
2199 2199 0 20 0 -20
2199 -2199 0 21 -84 63
2199 -1466 0 21 -70 49
2199 -733 0 21 -56 35
2199 0 0 21 -42 21
2199 733 0 21 -28 7
2199 1466 0 21 -14 -7
2199 2199 0 21 0 -21
2199 -2199 0 22 -88 66
2199 0 0 22 -44 22
2199 2199 0 22 0 -22
2199 -2199 0 23 -92 69
2199 0 0 23 -46 23
2199 2199 0 23 0 -23
2199 -2199 0 24 -96 72
2199 -1466 0 24 -80 56
2199 -733 0 24 -64 40
2199 0 0 24 -48 24
2199 733 0 24 -32 8
2199 1466 0 24 -16 -8
2199 2199 0 24 0 -24
2199 -2199 -5 25 -100 100
2199 -2199 0 25 -100 75
2199 -2199 5 25 -100 100
2199 0 0 25 -50 25
2199 2199 0 25 0 -25
2199 -2199 0 26 -104 78
2199 0 0 26 -52 26
2199 2199 0 26 0 -26
2199 -2199 0 27 -108 81
2199 -1466 0 27 -90 63
2199 -733 0 27 -72 45
2199 0 0 27 -54 27
2199 733 0 27 -36 9
2199 1466 0 27 -18 -9
2199 2199 0 27 0 -27
2199 -2199 0 28 -112 84
2199 0 0 28 -56 28
2199 2199 0 28 0 -28
2199 -2199 0 29 -116 87
2199 0 0 29 -58 29
2199 2199 0 29 0 -29
2199 -2199 0 30 -120 90
2199 -1466 0 30 -100 70
2199 -733 0 30 -80 50
2199 0 0 30 -60 30
2199 733 0 30 -40 10
2199 1466 0 30 -20 -10
2199 2199 0 30 0 -30
2199 -2199 0 31 -124 93
2199 0 0 31 -62 31
2199 2199 0 31 0 -31
2199 -2199 0 32 -128 96
2199 0 0 32 -64 32
2199 2199 0 32 0 -32
2199 -2199 0 33 -132 99
2199 -1466 0 33 -110 77
2199 -733 0 33 -88 55
2199 0 0 33 -66 33
2199 733 0 33 -44 11
2199 1466 0 33 -22 -11
2199 2199 0 33 0 -33
2199 -2199 0 34 -136 102
2199 0 0 34 -68 34
2199 2199 0 34 0 -34
2199 -2199 0 35 -140 105
2199 0 0 35 -70 35
2199 2199 0 35 0 -35
2199 -2199 -6 36 -144 144
2199 -2199 0 36 -144 108
2199 -2199 6 36 -144 144
2199 -1466 0 36 -120 84
2199 -733 0 36 -96 60
2199 0 0 36 -72 36
2199 733 0 36 -48 12
2199 1466 0 36 -24 -12
2199 2199 0 36 0 -36
2199 -2199 0 37 -148 111
2199 0 0 37 -74 37
2199 2199 0 37 0 -37
2199 -2199 0 38 -152 114
2199 0 0 38 -76 38
2199 2199 0 38 0 -38
2199 -2199 0 39 -156 117
2199 -1466 0 39 -130 91
2199 -733 0 39 -104 65
2199 0 0 39 -78 39
2199 733 0 39 -52 13
2199 1466 0 39 -26 -13
2199 2199 0 39 0 -39
2199 -2199 0 40 -160 120
2199 0 0 40 -80 40
2199 2199 0 40 0 -40
2199 -2199 0 41 -164 123
2199 0 0 41 -82 41
2199 2199 0 41 0 -41
2199 -2199 0 42 -168 126
2199 -1466 0 42 -140 98
2199 -733 0 42 -112 70
2199 0 0 42 -84 42
2199 733 0 42 -56 14
2199 1466 0 42 -28 -14
2199 2199 0 42 0 -42
2199 -2199 0 43 -172 129
2199 0 0 43 -86 43
2199 2199 0 43 0 -43
2199 -2199 0 44 -176 132
2199 0 0 44 -88 44
2199 2199 0 44 0 -44
2199 -2199 0 45 -180 135
2199 -1466 0 45 -150 105
2199 -733 0 45 -120 75
2199 0 0 45 -90 45
2199 733 0 45 -60 15
2199 1466 0 45 -30 -15
2199 2199 0 45 0 -45
2199 -2199 0 46 -184 138
2199 0 0 46 -92 46
2199 2199 0 46 0 -46
2199 -2199 0 47 -188 141
2199 0 0 47 -94 47
2199 2199 0 47 0 -47
2199 -2199 0 48 -192 144
2199 -1466 0 48 -160 112
2199 -733 0 48 -128 80
2199 0 0 48 -96 48
2199 733 0 48 -64 16
2199 1466 0 48 -32 -16
2199 2199 0 48 0 -48
2199 -2199 -7 49 -196 196
2199 -2199 0 49 -196 147
2199 -2199 7 49 -196 196
2199 0 0 49 -98 49
2199 2199 0 49 0 -49
2199 -2199 0 50 -200 150
2199 0 0 50 -100 50
2199 2199 0 50 0 -50
2199 -2199 0 51 -204 153
2199 -1466 0 51 -170 119
2199 -733 0 51 -136 85
2199 0 0 51 -102 51
2199 733 0 51 -68 17
2199 1466 0 51 -34 -17
2199 2199 0 51 0 -51
2199 -2199 0 52 -208 156
2199 0 0 52 -104 52
2199 2199 0 52 0 -52
2199 -2199 0 53 -212 159
2199 0 0 53 -106 53
2199 2199 0 53 0 -53
2199 -2199 0 54 -216 162
2199 -1466 0 54 -180 126
2199 -733 0 54 -144 90
2199 0 0 54 -108 54
2199 733 0 54 -72 18
2199 1466 0 54 -36 -18
2199 2199 0 54 0 -54
2199 -2199 0 55 -220 165
2199 0 0 55 -110 55
2199 2199 0 55 0 -55
2199 -2199 0 56 -224 168
2199 0 0 56 -112 56
2199 2199 0 56 0 -56
2199 -2199 0 57 -228 171
2199 -1466 0 57 -190 133
2199 -733 0 57 -152 95
2199 0 0 57 -114 57
2199 733 0 57 -76 19
2199 1466 0 57 -38 -19
2199 2199 0 57 0 -57
2199 -2199 0 58 -232 174
2199 0 0 58 -116 58
2199 2199 0 58 0 -58
2199 -2199 0 59 -236 177
2199 0 0 59 -118 59
2199 2199 0 59 0 -59
2199 -2199 0 60 -240 180
2199 -1466 0 60 -200 140
2199 -733 0 60 -160 100
2199 0 0 60 -120 60
2199 733 0 60 -80 20
2199 1466 0 60 -40 -20
2199 2199 0 60 0 -60
2200 -2200 0 -60 240 -180
2200 -2145 0 -60 237 -177
2200 -2090 0 -60 234 -174
2200 -2035 0 -60 231 -171
2200 -1980 0 -60 228 -168
2200 -1925 0 -60 225 -165
2200 -1870 0 -60 222 -162
2200 -1815 0 -60 219 -159
2200 -1760 0 -60 216 -156
2200 -1705 0 -60 213 -153
2200 -1650 0 -60 210 -150
2200 -1595 0 -60 207 -147
2200 -1540 0 -60 204 -144
2200 -1485 0 -60 201 -141
2200 -1430 0 -60 198 -138
2200 -1375 0 -60 195 -135
2200 -1320 0 -60 192 -132
2200 -1265 0 -60 189 -129
2200 -1210 0 -60 186 -126
2200 -1155 0 -60 183 -123
2200 -1100 0 -60 180 -120
2200 -1045 0 -60 177 -117
2200 -990 0 -60 174 -114
2200 -935 0 -60 171 -111
2200 -880 0 -60 168 -108
2200 -825 0 -60 165 -105
2200 -770 0 -60 162 -102
2200 -715 0 -60 159 -99
2200 -660 0 -60 156 -96
2200 -605 0 -60 153 -93
2200 -550 0 -60 150 -90
2200 -495 0 -60 147 -87
2200 -440 0 -60 144 -84
2200 -385 0 -60 141 -81
2200 -330 0 -60 138 -78
2200 -275 0 -60 135 -75
2200 -220 0 -60 132 -72
2200 -165 0 -60 129 -69
2200 -110 0 -60 126 -66
2200 -55 0 -60 123 -63
2200 0 0 -60 120 -60
2200 55 0 -60 117 -57
2200 110 0 -60 114 -54
2200 165 0 -60 111 -51
2200 220 0 -60 108 -48
2200 275 0 -60 105 -45
2200 330 0 -60 102 -42
2200 385 0 -60 99 -39
2200 440 0 -60 96 -36
2200 495 0 -60 93 -33
2200 550 0 -60 90 -30
2200 605 0 -60 87 -27
2200 660 0 -60 84 -24
2200 715 0 -60 81 -21
2200 770 0 -60 78 -18
2200 825 0 -60 75 -15
2200 880 0 -60 72 -12
2200 935 0 -60 69 -9
2200 990 0 -60 66 -6
2200 1045 0 -60 63 -3
2200 1100 0 -60 60 0
2200 1155 0 -60 57 3
2200 1210 0 -60 54 6
2200 1265 0 -60 51 9
2200 1320 0 -60 48 12
2200 1375 0 -60 45 15
2200 1430 0 -60 42 18
2200 1485 0 -60 39 21
2200 1540 0 -60 36 24
2200 1595 0 -60 33 27
2200 1650 0 -60 30 30
2200 1705 0 -60 27 33
2200 1760 0 -60 24 36
2200 1815 0 -60 21 39
2200 1870 0 -60 18 42
2200 1925 0 -60 15 45
2200 1980 0 -60 12 48
2200 2035 0 -60 9 51
2200 2090 0 -60 6 54
2200 2145 0 -60 3 57
2200 2200 0 -60 0 60
2200 -2200 0 -59 236 -177
2200 -1100 0 -59 177 -118
2200 0 0 -59 118 -59
2200 1100 0 -59 59 0
2200 2200 0 -59 0 59
2200 -2200 0 -58 232 -174
2200 -1650 0 -58 203 -145
2200 -1100 0 -58 174 -116
2200 -550 0 -58 145 -87
2200 0 0 -58 116 -58
2200 550 0 -58 87 -29
2200 1100 0 -58 58 0
2200 1650 0 -58 29 29
2200 2200 0 -58 0 58
2200 -2200 0 -57 228 -171
2200 -1100 0 -57 171 -114
2200 0 0 -57 114 -57
2200 1100 0 -57 57 0
2200 2200 0 -57 0 57
2200 -2200 0 -56 224 -168
2200 -1925 0 -56 210 -154
2200 -1650 0 -56 196 -140
2200 -1375 0 -56 182 -126
2200 -1100 0 -56 168 -112
2200 -825 0 -56 154 -98
2200 -550 0 -56 140 -84
2200 -275 0 -56 126 -70
2200 0 0 -56 112 -56
2200 275 0 -56 98 -42
2200 550 0 -56 84 -28
2200 825 0 -56 70 -14
2200 1100 0 -56 56 0
2200 1375 0 -56 42 14
2200 1650 0 -56 28 28
2200 1925 0 -56 14 42
2200 2200 0 -56 0 56
2200 -2200 0 -55 220 -165
2200 -2180 0 -55 219 -164
2200 -2160 0 -55 218 -163
2200 -2140 0 -55 217 -162
2200 -2120 0 -55 216 -161
2200 -2100 0 -55 215 -160
2200 -2080 0 -55 214 -159
2200 -2060 0 -55 213 -158
2200 -2040 0 -55 212 -157
2200 -2020 0 -55 211 -156
2200 -2000 0 -55 210 -155
2200 -1980 0 -55 209 -154
2200 -1960 0 -55 208 -153
2200 -1940 0 -55 207 -152
2200 -1920 0 -55 206 -151
2200 -1900 0 -55 205 -150
2200 -1880 0 -55 204 -149
2200 -1860 0 -55 203 -148
2200 -1840 0 -55 202 -147
2200 -1820 0 -55 201 -146
2200 -1800 0 -55 200 -145
2200 -1780 0 -55 199 -144
2200 -1760 0 -55 198 -143
2200 -1740 0 -55 197 -142
2200 -1720 0 -55 196 -141
2200 -1700 0 -55 195 -140
2200 -1680 0 -55 194 -139
2200 -1660 0 -55 193 -138
2200 -1640 0 -55 192 -137
2200 -1620 0 -55 191 -136
2200 -1600 0 -55 190 -135
2200 -1580 0 -55 189 -134
2200 -1560 0 -55 188 -133
2200 -1540 0 -55 187 -132
2200 -1520 0 -55 186 -131
2200 -1500 0 -55 185 -130
2200 -1480 0 -55 184 -129
2200 -1460 0 -55 183 -128
2200 -1440 0 -55 182 -127
2200 -1420 0 -55 181 -126
2200 -1400 0 -55 180 -125
2200 -1380 0 -55 179 -124
2200 -1360 0 -55 178 -123
2200 -1340 0 -55 177 -122
2200 -1320 0 -55 176 -121
2200 -1300 0 -55 175 -120
2200 -1280 0 -55 174 -119
2200 -1260 0 -55 173 -118
2200 -1240 0 -55 172 -117
2200 -1220 0 -55 171 -116
2200 -1200 0 -55 170 -115
2200 -1180 0 -55 169 -114
2200 -1160 0 -55 168 -113
2200 -1140 0 -55 167 -112
2200 -1120 0 -55 166 -111
2200 -1100 0 -55 165 -110
2200 -1080 0 -55 164 -109
2200 -1060 0 -55 163 -108
2200 -1040 0 -55 162 -107
2200 -1020 0 -55 161 -106
2200 -1000 0 -55 160 -105
2200 -980 0 -55 159 -104
2200 -960 0 -55 158 -103
2200 -940 0 -55 157 -102
2200 -920 0 -55 156 -101
2200 -900 0 -55 155 -100
2200 -880 0 -55 154 -99
2200 -860 0 -55 153 -98
2200 -840 0 -55 152 -97
2200 -820 0 -55 151 -96
2200 -800 0 -55 150 -95
2200 -780 0 -55 149 -94
2200 -760 0 -55 148 -93
2200 -740 0 -55 147 -92
2200 -720 0 -55 146 -91
2200 -700 0 -55 145 -90
2200 -680 0 -55 144 -89
2200 -660 0 -55 143 -88
2200 -640 0 -55 142 -87
2200 -620 0 -55 141 -86
2200 -600 0 -55 140 -85
2200 -580 0 -55 139 -84
2200 -560 0 -55 138 -83
2200 -540 0 -55 137 -82
2200 -520 0 -55 136 -81
2200 -500 0 -55 135 -80
2200 -480 0 -55 134 -79
2200 -460 0 -55 133 -78
2200 -440 0 -55 132 -77
2200 -420 0 -55 131 -76
2200 -400 0 -55 130 -75
2200 -380 0 -55 129 -74
2200 -360 0 -55 128 -73
2200 -340 0 -55 127 -72
2200 -320 0 -55 126 -71
2200 -300 0 -55 125 -70
2200 -280 0 -55 124 -69
2200 -260 0 -55 123 -68
2200 -240 0 -55 122 -67
2200 -220 0 -55 121 -66
2200 -200 0 -55 120 -65
2200 -180 0 -55 119 -64
2200 -160 0 -55 118 -63
2200 -140 0 -55 117 -62
2200 -120 0 -55 116 -61
2200 -100 0 -55 115 -60
2200 -80 0 -55 114 -59
2200 -60 0 -55 113 -58
2200 -40 0 -55 112 -57
2200 -20 0 -55 111 -56
2200 0 0 -55 110 -55
2200 20 0 -55 109 -54
2200 40 0 -55 108 -53
2200 60 0 -55 107 -52
2200 80 0 -55 106 -51
2200 100 0 -55 105 -50
2200 120 0 -55 104 -49
2200 140 0 -55 103 -48
2200 160 0 -55 102 -47
2200 180 0 -55 101 -46
2200 200 0 -55 100 -45
2200 220 0 -55 99 -44
2200 240 0 -55 98 -43
2200 260 0 -55 97 -42
2200 280 0 -55 96 -41
2200 300 0 -55 95 -40
2200 320 0 -55 94 -39
2200 340 0 -55 93 -38
2200 360 0 -55 92 -37
2200 380 0 -55 91 -36
2200 400 0 -55 90 -35
2200 420 0 -55 89 -34
2200 440 0 -55 88 -33
2200 460 0 -55 87 -32
2200 480 0 -55 86 -31
2200 500 0 -55 85 -30
2200 520 0 -55 84 -29
2200 540 0 -55 83 -28
2200 560 0 -55 82 -27
2200 580 0 -55 81 -26
2200 600 0 -55 80 -25
2200 620 0 -55 79 -24
2200 640 0 -55 78 -23
2200 660 0 -55 77 -22
2200 680 0 -55 76 -21
2200 700 0 -55 75 -20
2200 720 0 -55 74 -19
2200 740 0 -55 73 -18
2200 760 0 -55 72 -17
2200 780 0 -55 71 -16
2200 800 0 -55 70 -15
2200 820 0 -55 69 -14
2200 840 0 -55 68 -13
2200 860 0 -55 67 -12
2200 880 0 -55 66 -11
2200 900 0 -55 65 -10
2200 920 0 -55 64 -9
2200 940 0 -55 63 -8
2200 960 0 -55 62 -7
2200 980 0 -55 61 -6
2200 1000 0 -55 60 -5
2200 1020 0 -55 59 -4
2200 1040 0 -55 58 -3
2200 1060 0 -55 57 -2
2200 1080 0 -55 56 -1
2200 1100 0 -55 55 0
2200 1120 0 -55 54 1
2200 1140 0 -55 53 2
2200 1160 0 -55 52 3
2200 1180 0 -55 51 4
2200 1200 0 -55 50 5
2200 1220 0 -55 49 6
2200 1240 0 -55 48 7
2200 1260 0 -55 47 8
2200 1280 0 -55 46 9
2200 1300 0 -55 45 10
2200 1320 0 -55 44 11
2200 1340 0 -55 43 12
2200 1360 0 -55 42 13
2200 1380 0 -55 41 14
2200 1400 0 -55 40 15
2200 1420 0 -55 39 16
2200 1440 0 -55 38 17
2200 1460 0 -55 37 18
2200 1480 0 -55 36 19
2200 1500 0 -55 35 20
2200 1520 0 -55 34 21
2200 1540 0 -55 33 22
2200 1560 0 -55 32 23
2200 1580 0 -55 31 24
2200 1600 0 -55 30 25
2200 1620 0 -55 29 26
2200 1640 0 -55 28 27
2200 1660 0 -55 27 28
2200 1680 0 -55 26 29
2200 1700 0 -55 25 30
2200 1720 0 -55 24 31
2200 1740 0 -55 23 32
2200 1760 0 -55 22 33
2200 1780 0 -55 21 34
2200 1800 0 -55 20 35
2200 1820 0 -55 19 36
2200 1840 0 -55 18 37
2200 1860 0 -55 17 38
2200 1880 0 -55 16 39
2200 1900 0 -55 15 40
2200 1920 0 -55 14 41
2200 1940 0 -55 13 42
2200 1960 0 -55 12 43
2200 1980 0 -55 11 44
2200 2000 0 -55 10 45
2200 2020 0 -55 9 46
2200 2040 0 -55 8 47
2200 2060 0 -55 7 48
2200 2080 0 -55 6 49
2200 2100 0 -55 5 50
2200 2120 0 -55 4 51
2200 2140 0 -55 3 52
2200 2160 0 -55 2 53
2200 2180 0 -55 1 54
2200 2200 0 -55 0 55
2200 -2200 0 -54 216 -162
2200 -1650 0 -54 189 -135
2200 -1100 0 -54 162 -108
2200 -550 0 -54 135 -81
2200 0 0 -54 108 -54
2200 550 0 -54 81 -27
2200 1100 0 -54 54 0
2200 1650 0 -54 27 27
2200 2200 0 -54 0 54
2200 -2200 0 -53 212 -159
2200 -1100 0 -53 159 -106
2200 0 0 -53 106 -53
2200 1100 0 -53 53 0
2200 2200 0 -53 0 53
2200 -2200 0 -52 208 -156
2200 -1925 0 -52 195 -143
2200 -1650 0 -52 182 -130
2200 -1375 0 -52 169 -117
2200 -1100 0 -52 156 -104
2200 -825 0 -52 143 -91
2200 -550 0 -52 130 -78
2200 -275 0 -52 117 -65
2200 0 0 -52 104 -52
2200 275 0 -52 91 -39
2200 550 0 -52 78 -26
2200 825 0 -52 65 -13
2200 1100 0 -52 52 0
2200 1375 0 -52 39 13
2200 1650 0 -52 26 26
2200 1925 0 -52 13 39
2200 2200 0 -52 0 52
2200 -2200 0 -51 204 -153
2200 -1100 0 -51 153 -102
2200 0 0 -51 102 -51
2200 1100 0 -51 51 0
2200 2200 0 -51 0 51
2200 -2200 0 -50 200 -150
2200 -2178 0 -50 199 -149
2200 -2156 0 -50 198 -148
2200 -2134 0 -50 197 -147
2200 -2112 0 -50 196 -146
2200 -2090 0 -50 195 -145
2200 -2068 0 -50 194 -144
2200 -2046 0 -50 193 -143
2200 -2024 0 -50 192 -142
2200 -2002 0 -50 191 -141
2200 -1980 0 -50 190 -140
2200 -1958 0 -50 189 -139
2200 -1936 0 -50 188 -138
2200 -1914 0 -50 187 -137
2200 -1892 0 -50 186 -136
2200 -1870 0 -50 185 -135
2200 -1848 0 -50 184 -134
2200 -1826 0 -50 183 -133
2200 -1804 0 -50 182 -132
2200 -1782 0 -50 181 -131
2200 -1760 0 -50 180 -130
2200 -1738 0 -50 179 -129
2200 -1716 0 -50 178 -128
2200 -1694 0 -50 177 -127
2200 -1672 0 -50 176 -126
2200 -1650 0 -50 175 -125
2200 -1628 0 -50 174 -124
2200 -1606 0 -50 173 -123
2200 -1584 0 -50 172 -122
2200 -1562 0 -50 171 -121
2200 -1540 0 -50 170 -120
2200 -1518 0 -50 169 -119
2200 -1496 0 -50 168 -118
2200 -1474 0 -50 167 -117
2200 -1452 0 -50 166 -116
2200 -1430 0 -50 165 -115
2200 -1408 0 -50 164 -114
2200 -1386 0 -50 163 -113
2200 -1364 0 -50 162 -112
2200 -1342 0 -50 161 -111
2200 -1320 0 -50 160 -110
2200 -1298 0 -50 159 -109
2200 -1276 0 -50 158 -108
2200 -1254 0 -50 157 -107
2200 -1232 0 -50 156 -106
2200 -1210 0 -50 155 -105
2200 -1188 0 -50 154 -104
2200 -1166 0 -50 153 -103
2200 -1144 0 -50 152 -102
2200 -1122 0 -50 151 -101
2200 -1100 0 -50 150 -100
2200 -1078 0 -50 149 -99
2200 -1056 0 -50 148 -98
2200 -1034 0 -50 147 -97
2200 -1012 0 -50 146 -96
2200 -990 0 -50 145 -95
2200 -968 0 -50 144 -94
2200 -946 0 -50 143 -93
2200 -924 0 -50 142 -92
2200 -902 0 -50 141 -91
2200 -880 0 -50 140 -90
2200 -858 0 -50 139 -89
2200 -836 0 -50 138 -88
2200 -814 0 -50 137 -87
2200 -792 0 -50 136 -86
2200 -770 0 -50 135 -85
2200 -748 0 -50 134 -84
2200 -726 0 -50 133 -83
2200 -704 0 -50 132 -82
2200 -682 0 -50 131 -81
2200 -660 0 -50 130 -80
2200 -638 0 -50 129 -79
2200 -616 0 -50 128 -78
2200 -594 0 -50 127 -77
2200 -572 0 -50 126 -76
2200 -550 0 -50 125 -75
2200 -528 0 -50 124 -74
2200 -506 0 -50 123 -73
2200 -484 0 -50 122 -72
2200 -462 0 -50 121 -71
2200 -440 0 -50 120 -70
2200 -418 0 -50 119 -69
2200 -396 0 -50 118 -68
2200 -374 0 -50 117 -67
2200 -352 0 -50 116 -66
2200 -330 0 -50 115 -65
2200 -308 0 -50 114 -64
2200 -286 0 -50 113 -63
2200 -264 0 -50 112 -62
2200 -242 0 -50 111 -61
2200 -220 0 -50 110 -60
2200 -198 0 -50 109 -59
2200 -176 0 -50 108 -58
2200 -154 0 -50 107 -57
2200 -132 0 -50 106 -56
2200 -110 0 -50 105 -55
2200 -88 0 -50 104 -54
2200 -66 0 -50 103 -53
2200 -44 0 -50 102 -52
2200 -22 0 -50 101 -51
2200 0 0 -50 100 -50
2200 22 0 -50 99 -49
2200 44 0 -50 98 -48
2200 66 0 -50 97 -47
2200 88 0 -50 96 -46
2200 110 0 -50 95 -45
2200 132 0 -50 94 -44
2200 154 0 -50 93 -43
2200 176 0 -50 92 -42
2200 198 0 -50 91 -41
2200 220 0 -50 90 -40
2200 242 0 -50 89 -39
2200 264 0 -50 88 -38
2200 286 0 -50 87 -37
2200 308 0 -50 86 -36
2200 330 0 -50 85 -35
2200 352 0 -50 84 -34
2200 374 0 -50 83 -33
2200 396 0 -50 82 -32
2200 418 0 -50 81 -31
2200 440 0 -50 80 -30
2200 462 0 -50 79 -29
2200 484 0 -50 78 -28
2200 506 0 -50 77 -27
2200 528 0 -50 76 -26
2200 550 0 -50 75 -25
2200 572 0 -50 74 -24
2200 594 0 -50 73 -23
2200 616 0 -50 72 -22
2200 638 0 -50 71 -21
2200 660 0 -50 70 -20
2200 682 0 -50 69 -19
2200 704 0 -50 68 -18
2200 726 0 -50 67 -17
2200 748 0 -50 66 -16
2200 770 0 -50 65 -15
2200 792 0 -50 64 -14
2200 814 0 -50 63 -13
2200 836 0 -50 62 -12
2200 858 0 -50 61 -11
2200 880 0 -50 60 -10
2200 902 0 -50 59 -9
2200 924 0 -50 58 -8
2200 946 0 -50 57 -7
2200 968 0 -50 56 -6
2200 990 0 -50 55 -5
2200 1012 0 -50 54 -4
2200 1034 0 -50 53 -3
2200 1056 0 -50 52 -2
2200 1078 0 -50 51 -1
2200 1100 0 -50 50 0
2200 1122 0 -50 49 1
2200 1144 0 -50 48 2
2200 1166 0 -50 47 3
2200 1188 0 -50 46 4
2200 1210 0 -50 45 5
2200 1232 0 -50 44 6
2200 1254 0 -50 43 7
2200 1276 0 -50 42 8
2200 1298 0 -50 41 9
2200 1320 0 -50 40 10
2200 1342 0 -50 39 11
2200 1364 0 -50 38 12
2200 1386 0 -50 37 13
2200 1408 0 -50 36 14
2200 1430 0 -50 35 15
2200 1452 0 -50 34 16
2200 1474 0 -50 33 17
2200 1496 0 -50 32 18
2200 1518 0 -50 31 19
2200 1540 0 -50 30 20
2200 1562 0 -50 29 21
2200 1584 0 -50 28 22
2200 1606 0 -50 27 23
2200 1628 0 -50 26 24
2200 1650 0 -50 25 25
2200 1672 0 -50 24 26
2200 1694 0 -50 23 27
2200 1716 0 -50 22 28
2200 1738 0 -50 21 29
2200 1760 0 -50 20 30
2200 1782 0 -50 19 31
2200 1804 0 -50 18 32
2200 1826 0 -50 17 33
2200 1848 0 -50 16 34
2200 1870 0 -50 15 35
2200 1892 0 -50 14 36
2200 1914 0 -50 13 37
2200 1936 0 -50 12 38
2200 1958 0 -50 11 39
2200 1980 0 -50 10 40
2200 2002 0 -50 9 41
2200 2024 0 -50 8 42
2200 2046 0 -50 7 43
2200 2068 0 -50 6 44
2200 2090 0 -50 5 45
2200 2112 0 -50 4 46
2200 2134 0 -50 3 47
2200 2156 0 -50 2 48
2200 2178 0 -50 1 49
2200 2200 0 -50 0 50
2200 -2200 0 -49 196 -147
2200 -1100 0 -49 147 -98
2200 0 0 -49 98 -49
2200 1100 0 -49 49 0
2200 2200 0 -49 0 49
2200 -2200 0 -48 192 -144
2200 -1925 0 -48 180 -132
2200 -1650 0 -48 168 -120
2200 -1375 0 -48 156 -108
2200 -1100 0 -48 144 -96
2200 -825 0 -48 132 -84
2200 -550 0 -48 120 -72
2200 -275 0 -48 108 -60
2200 0 0 -48 96 -48
2200 275 0 -48 84 -36
2200 550 0 -48 72 -24
2200 825 0 -48 60 -12
2200 1100 0 -48 48 0
2200 1375 0 -48 36 12
2200 1650 0 -48 24 24
2200 1925 0 -48 12 36
2200 2200 0 -48 0 48
2200 -2200 0 -47 188 -141
2200 -1100 0 -47 141 -94
2200 0 0 -47 94 -47
2200 1100 0 -47 47 0
2200 2200 0 -47 0 47
2200 -2200 0 -46 184 -138
2200 -1650 0 -46 161 -115
2200 -1100 0 -46 138 -92
2200 -550 0 -46 115 -69
2200 0 0 -46 92 -46
2200 550 0 -46 69 -23
2200 1100 0 -46 46 0
2200 1650 0 -46 23 23
2200 2200 0 -46 0 46
2200 -2200 0 -45 180 -135
2200 -1980 0 -45 171 -126
2200 -1760 0 -45 162 -117
2200 -1540 0 -45 153 -108
2200 -1320 0 -45 144 -99
2200 -1100 0 -45 135 -90
2200 -880 0 -45 126 -81
2200 -660 0 -45 117 -72
2200 -440 0 -45 108 -63
2200 -220 0 -45 99 -54
2200 0 0 -45 90 -45
2200 220 0 -45 81 -36
2200 440 0 -45 72 -27
2200 660 0 -45 63 -18
2200 880 0 -45 54 -9
2200 1100 0 -45 45 0
2200 1320 0 -45 36 9
2200 1540 0 -45 27 18
2200 1760 0 -45 18 27
2200 1980 0 -45 9 36
2200 2200 0 -45 0 45
2200 -2200 0 -44 176 -132
2200 -2175 0 -44 175 -131
2200 -2150 0 -44 174 -130
2200 -2125 0 -44 173 -129
2200 -2100 0 -44 172 -128
2200 -2075 0 -44 171 -127
2200 -2050 0 -44 170 -126
2200 -2025 0 -44 169 -125
2200 -2000 0 -44 168 -124
2200 -1975 0 -44 167 -123
2200 -1950 0 -44 166 -122
2200 -1925 0 -44 165 -121
2200 -1900 0 -44 164 -120
2200 -1875 0 -44 163 -119
2200 -1850 0 -44 162 -118
2200 -1825 0 -44 161 -117
2200 -1800 0 -44 160 -116
2200 -1775 0 -44 159 -115
2200 -1750 0 -44 158 -114
2200 -1725 0 -44 157 -113
2200 -1700 0 -44 156 -112
2200 -1675 0 -44 155 -111
2200 -1650 0 -44 154 -110
2200 -1625 0 -44 153 -109
2200 -1600 0 -44 152 -108
2200 -1575 0 -44 151 -107
2200 -1550 0 -44 150 -106
2200 -1525 0 -44 149 -105
2200 -1500 0 -44 148 -104
2200 -1475 0 -44 147 -103
2200 -1450 0 -44 146 -102
2200 -1425 0 -44 145 -101
2200 -1400 0 -44 144 -100
2200 -1375 0 -44 143 -99
2200 -1350 0 -44 142 -98
2200 -1325 0 -44 141 -97
2200 -1300 0 -44 140 -96
2200 -1275 0 -44 139 -95
2200 -1250 0 -44 138 -94
2200 -1225 0 -44 137 -93
2200 -1200 0 -44 136 -92
2200 -1175 0 -44 135 -91
2200 -1150 0 -44 134 -90
2200 -1125 0 -44 133 -89
2200 -1100 0 -44 132 -88
2200 -1075 0 -44 131 -87
2200 -1050 0 -44 130 -86
2200 -1025 0 -44 129 -85
2200 -1000 0 -44 128 -84
2200 -975 0 -44 127 -83
2200 -950 0 -44 126 -82
2200 -925 0 -44 125 -81
2200 -900 0 -44 124 -80
2200 -875 0 -44 123 -79
2200 -850 0 -44 122 -78
2200 -825 0 -44 121 -77
2200 -800 0 -44 120 -76
2200 -775 0 -44 119 -75
2200 -750 0 -44 118 -74
2200 -725 0 -44 117 -73
2200 -700 0 -44 116 -72
2200 -675 0 -44 115 -71
2200 -650 0 -44 114 -70
2200 -625 0 -44 113 -69
2200 -600 0 -44 112 -68
2200 -575 0 -44 111 -67
2200 -550 0 -44 110 -66
2200 -525 0 -44 109 -65
2200 -500 0 -44 108 -64
2200 -475 0 -44 107 -63
2200 -450 0 -44 106 -62
2200 -425 0 -44 105 -61
2200 -400 0 -44 104 -60
2200 -375 0 -44 103 -59
2200 -350 0 -44 102 -58
2200 -325 0 -44 101 -57
2200 -300 0 -44 100 -56
2200 -275 0 -44 99 -55
2200 -250 0 -44 98 -54
2200 -225 0 -44 97 -53
2200 -200 0 -44 96 -52
2200 -175 0 -44 95 -51
2200 -150 0 -44 94 -50
2200 -125 0 -44 93 -49
2200 -100 0 -44 92 -48
2200 -75 0 -44 91 -47
2200 -50 0 -44 90 -46
2200 -25 0 -44 89 -45
2200 0 0 -44 88 -44
2200 25 0 -44 87 -43
2200 50 0 -44 86 -42
2200 75 0 -44 85 -41
2200 100 0 -44 84 -40
2200 125 0 -44 83 -39
2200 150 0 -44 82 -38
2200 175 0 -44 81 -37
2200 200 0 -44 80 -36
2200 225 0 -44 79 -35
2200 250 0 -44 78 -34
2200 275 0 -44 77 -33
2200 300 0 -44 76 -32
2200 325 0 -44 75 -31
2200 350 0 -44 74 -30
2200 375 0 -44 73 -29
2200 400 0 -44 72 -28
2200 425 0 -44 71 -27
2200 450 0 -44 70 -26
2200 475 0 -44 69 -25
2200 500 0 -44 68 -24
2200 525 0 -44 67 -23
2200 550 0 -44 66 -22
2200 575 0 -44 65 -21
2200 600 0 -44 64 -20
2200 625 0 -44 63 -19
2200 650 0 -44 62 -18
2200 675 0 -44 61 -17
2200 700 0 -44 60 -16
2200 725 0 -44 59 -15
2200 750 0 -44 58 -14
2200 775 0 -44 57 -13
2200 800 0 -44 56 -12
2200 825 0 -44 55 -11
2200 850 0 -44 54 -10
2200 875 0 -44 53 -9
2200 900 0 -44 52 -8
2200 925 0 -44 51 -7
2200 950 0 -44 50 -6
2200 975 0 -44 49 -5
2200 1000 0 -44 48 -4
2200 1025 0 -44 47 -3
2200 1050 0 -44 46 -2
2200 1075 0 -44 45 -1
2200 1100 0 -44 44 0
2200 1125 0 -44 43 1
2200 1150 0 -44 42 2
2200 1175 0 -44 41 3
2200 1200 0 -44 40 4
2200 1225 0 -44 39 5
2200 1250 0 -44 38 6
2200 1275 0 -44 37 7
2200 1300 0 -44 36 8
2200 1325 0 -44 35 9
2200 1350 0 -44 34 10
2200 1375 0 -44 33 11
2200 1400 0 -44 32 12
2200 1425 0 -44 31 13
2200 1450 0 -44 30 14
2200 1475 0 -44 29 15
2200 1500 0 -44 28 16
2200 1525 0 -44 27 17
2200 1550 0 -44 26 18
2200 1575 0 -44 25 19
2200 1600 0 -44 24 20
2200 1625 0 -44 23 21
2200 1650 0 -44 22 22
2200 1675 0 -44 21 23
2200 1700 0 -44 20 24
2200 1725 0 -44 19 25
2200 1750 0 -44 18 26
2200 1775 0 -44 17 27
2200 1800 0 -44 16 28
2200 1825 0 -44 15 29
2200 1850 0 -44 14 30
2200 1875 0 -44 13 31
2200 1900 0 -44 12 32
2200 1925 0 -44 11 33
2200 1950 0 -44 10 34
2200 1975 0 -44 9 35
2200 2000 0 -44 8 36
2200 2025 0 -44 7 37
2200 2050 0 -44 6 38
2200 2075 0 -44 5 39
2200 2100 0 -44 4 40
2200 2125 0 -44 3 41
2200 2150 0 -44 2 42
2200 2175 0 -44 1 43
2200 2200 0 -44 0 44
2200 -2200 0 -43 172 -129
2200 -1100 0 -43 129 -86
2200 0 0 -43 86 -43
2200 1100 0 -43 43 0
2200 2200 0 -43 0 43
2200 -2200 0 -42 168 -126
2200 -1650 0 -42 147 -105
2200 -1100 0 -42 126 -84
2200 -550 0 -42 105 -63
2200 0 0 -42 84 -42
2200 550 0 -42 63 -21
2200 1100 0 -42 42 0
2200 1650 0 -42 21 21
2200 2200 0 -42 0 42
2200 -2200 0 -41 164 -123
2200 -1100 0 -41 123 -82
2200 0 0 -41 82 -41
2200 1100 0 -41 41 0
2200 2200 0 -41 0 41
2200 -2200 0 -40 160 -120
2200 -2145 0 -40 158 -118
2200 -2090 0 -40 156 -116
2200 -2035 0 -40 154 -114
2200 -1980 0 -40 152 -112
2200 -1925 0 -40 150 -110
2200 -1870 0 -40 148 -108
2200 -1815 0 -40 146 -106
2200 -1760 0 -40 144 -104
2200 -1705 0 -40 142 -102
2200 -1650 0 -40 140 -100
2200 -1595 0 -40 138 -98
2200 -1540 0 -40 136 -96
2200 -1485 0 -40 134 -94
2200 -1430 0 -40 132 -92
2200 -1375 0 -40 130 -90
2200 -1320 0 -40 128 -88
2200 -1265 0 -40 126 -86
2200 -1210 0 -40 124 -84
2200 -1155 0 -40 122 -82
2200 -1100 0 -40 120 -80
2200 -1045 0 -40 118 -78
2200 -990 0 -40 116 -76
2200 -935 0 -40 114 -74
2200 -880 0 -40 112 -72
2200 -825 0 -40 110 -70
2200 -770 0 -40 108 -68
2200 -715 0 -40 106 -66
2200 -660 0 -40 104 -64
2200 -605 0 -40 102 -62
2200 -550 0 -40 100 -60
2200 -495 0 -40 98 -58
2200 -440 0 -40 96 -56
2200 -385 0 -40 94 -54
2200 -330 0 -40 92 -52
2200 -275 0 -40 90 -50
2200 -220 0 -40 88 -48
2200 -165 0 -40 86 -46
2200 -110 0 -40 84 -44
2200 -55 0 -40 82 -42
2200 0 0 -40 80 -40
2200 55 0 -40 78 -38
2200 110 0 -40 76 -36
2200 165 0 -40 74 -34
2200 220 0 -40 72 -32
2200 275 0 -40 70 -30
2200 330 0 -40 68 -28
2200 385 0 -40 66 -26
2200 440 0 -40 64 -24
2200 495 0 -40 62 -22
2200 550 0 -40 60 -20
2200 605 0 -40 58 -18
2200 660 0 -40 56 -16
2200 715 0 -40 54 -14
2200 770 0 -40 52 -12
2200 825 0 -40 50 -10
2200 880 0 -40 48 -8
2200 935 0 -40 46 -6
2200 990 0 -40 44 -4
2200 1045 0 -40 42 -2
2200 1100 0 -40 40 0
2200 1155 0 -40 38 2
2200 1210 0 -40 36 4
2200 1265 0 -40 34 6
2200 1320 0 -40 32 8
2200 1375 0 -40 30 10
2200 1430 0 -40 28 12
2200 1485 0 -40 26 14
2200 1540 0 -40 24 16
2200 1595 0 -40 22 18
2200 1650 0 -40 20 20
2200 1705 0 -40 18 22
2200 1760 0 -40 16 24
2200 1815 0 -40 14 26
2200 1870 0 -40 12 28
2200 1925 0 -40 10 30
2200 1980 0 -40 8 32
2200 2035 0 -40 6 34
2200 2090 0 -40 4 36
2200 2145 0 -40 2 38
2200 2200 0 -40 0 40
2200 -2200 0 -39 156 -117
2200 -1100 0 -39 117 -78
2200 0 0 -39 78 -39
2200 1100 0 -39 39 0
2200 2200 0 -39 0 39
2200 -2200 0 -38 152 -114
2200 -1650 0 -38 133 -95
2200 -1100 0 -38 114 -76
2200 -550 0 -38 95 -57
2200 0 0 -38 76 -38
2200 550 0 -38 57 -19
2200 1100 0 -38 38 0
2200 1650 0 -38 19 19
2200 2200 0 -38 0 38
2200 -2200 0 -37 148 -111
2200 -1100 0 -37 111 -74
2200 0 0 -37 74 -37
2200 1100 0 -37 37 0
2200 2200 0 -37 0 37
2200 -2200 0 -36 144 -108
2200 -1925 0 -36 135 -99
2200 -1650 0 -36 126 -90
2200 -1375 0 -36 117 -81
2200 -1100 0 -36 108 -72
2200 -825 0 -36 99 -63
2200 -550 0 -36 90 -54
2200 -275 0 -36 81 -45
2200 0 0 -36 72 -36
2200 275 0 -36 63 -27
2200 550 0 -36 54 -18
2200 825 0 -36 45 -9
2200 1100 0 -36 36 0
2200 1375 0 -36 27 9
2200 1650 0 -36 18 18
2200 1925 0 -36 9 27
2200 2200 0 -36 0 36
2200 -2200 0 -35 140 -105
2200 -1980 0 -35 133 -98
2200 -1760 0 -35 126 -91
2200 -1540 0 -35 119 -84
2200 -1320 0 -35 112 -77
2200 -1100 0 -35 105 -70
2200 -880 0 -35 98 -63
2200 -660 0 -35 91 -56
2200 -440 0 -35 84 -49
2200 -220 0 -35 77 -42
2200 0 0 -35 70 -35
2200 220 0 -35 63 -28
2200 440 0 -35 56 -21
2200 660 0 -35 49 -14
2200 880 0 -35 42 -7
2200 1100 0 -35 35 0
2200 1320 0 -35 28 7
2200 1540 0 -35 21 14
2200 1760 0 -35 14 21
2200 1980 0 -35 7 28
2200 2200 0 -35 0 35
2200 -2200 0 -34 136 -102
2200 -1650 0 -34 119 -85
2200 -1100 0 -34 102 -68
2200 -550 0 -34 85 -51
2200 0 0 -34 68 -34
2200 550 0 -34 51 -17
2200 1100 0 -34 34 0
2200 1650 0 -34 17 17
2200 2200 0 -34 0 34
2200 -2200 0 -33 132 -99
2200 -2100 0 -33 129 -96
2200 -2000 0 -33 126 -93
2200 -1900 0 -33 123 -90
2200 -1800 0 -33 120 -87
2200 -1700 0 -33 117 -84
2200 -1600 0 -33 114 -81
2200 -1500 0 -33 111 -78
2200 -1400 0 -33 108 -75
2200 -1300 0 -33 105 -72
2200 -1200 0 -33 102 -69
2200 -1100 0 -33 99 -66
2200 -1000 0 -33 96 -63
2200 -900 0 -33 93 -60
2200 -800 0 -33 90 -57
2200 -700 0 -33 87 -54
2200 -600 0 -33 84 -51
2200 -500 0 -33 81 -48
2200 -400 0 -33 78 -45
2200 -300 0 -33 75 -42
2200 -200 0 -33 72 -39
2200 -100 0 -33 69 -36
2200 0 0 -33 66 -33
2200 100 0 -33 63 -30
2200 200 0 -33 60 -27
2200 300 0 -33 57 -24
2200 400 0 -33 54 -21
2200 500 0 -33 51 -18
2200 600 0 -33 48 -15
2200 700 0 -33 45 -12
2200 800 0 -33 42 -9
2200 900 0 -33 39 -6
2200 1000 0 -33 36 -3
2200 1100 0 -33 33 0
2200 1200 0 -33 30 3
2200 1300 0 -33 27 6
2200 1400 0 -33 24 9
2200 1500 0 -33 21 12
2200 1600 0 -33 18 15
2200 1700 0 -33 15 18
2200 1800 0 -33 12 21
2200 1900 0 -33 9 24
2200 2000 0 -33 6 27
2200 2100 0 -33 3 30
2200 2200 0 -33 0 33
2200 -2200 0 -32 128 -96
2200 -1925 0 -32 120 -88
2200 -1650 0 -32 112 -80
2200 -1375 0 -32 104 -72
2200 -1100 0 -32 96 -64
2200 -825 0 -32 88 -56
2200 -550 0 -32 80 -48
2200 -275 0 -32 72 -40
2200 0 0 -32 64 -32
2200 275 0 -32 56 -24
2200 550 0 -32 48 -16
2200 825 0 -32 40 -8
2200 1100 0 -32 32 0
2200 1375 0 -32 24 8
2200 1650 0 -32 16 16
2200 1925 0 -32 8 24
2200 2200 0 -32 0 32
2200 -2200 0 -31 124 -93
2200 -1100 0 -31 93 -62
2200 0 0 -31 62 -31
2200 1100 0 -31 31 0
2200 2200 0 -31 0 31
2200 -2200 0 -30 120 -90
2200 -2090 0 -30 117 -87
2200 -1980 0 -30 114 -84
2200 -1870 0 -30 111 -81
2200 -1760 0 -30 108 -78
2200 -1650 0 -30 105 -75
2200 -1540 0 -30 102 -72
2200 -1430 0 -30 99 -69
2200 -1320 0 -30 96 -66
2200 -1210 0 -30 93 -63
2200 -1100 0 -30 90 -60
2200 -990 0 -30 87 -57
2200 -880 0 -30 84 -54
2200 -770 0 -30 81 -51
2200 -660 0 -30 78 -48
2200 -550 0 -30 75 -45
2200 -440 0 -30 72 -42
2200 -330 0 -30 69 -39
2200 -220 0 -30 66 -36
2200 -110 0 -30 63 -33
2200 0 0 -30 60 -30
2200 110 0 -30 57 -27
2200 220 0 -30 54 -24
2200 330 0 -30 51 -21
2200 440 0 -30 48 -18
2200 550 0 -30 45 -15
2200 660 0 -30 42 -12
2200 770 0 -30 39 -9
2200 880 0 -30 36 -6
2200 990 0 -30 33 -3
2200 1100 0 -30 30 0
2200 1210 0 -30 27 3
2200 1320 0 -30 24 6
2200 1430 0 -30 21 9
2200 1540 0 -30 18 12
2200 1650 0 -30 15 15
2200 1760 0 -30 12 18
2200 1870 0 -30 9 21
2200 1980 0 -30 6 24
2200 2090 0 -30 3 27
2200 2200 0 -30 0 30
2200 -2200 0 -29 116 -87
2200 -1100 0 -29 87 -58
2200 0 0 -29 58 -29
2200 1100 0 -29 29 0
2200 2200 0 -29 0 29
2200 -2200 0 -28 112 -84
2200 -1925 0 -28 105 -77
2200 -1650 0 -28 98 -70
2200 -1375 0 -28 91 -63
2200 -1100 0 -28 84 -56
2200 -825 0 -28 77 -49
2200 -550 0 -28 70 -42
2200 -275 0 -28 63 -35
2200 0 0 -28 56 -28
2200 275 0 -28 49 -21
2200 550 0 -28 42 -14
2200 825 0 -28 35 -7
2200 1100 0 -28 28 0
2200 1375 0 -28 21 7
2200 1650 0 -28 14 14
2200 1925 0 -28 7 21
2200 2200 0 -28 0 28
2200 -2200 0 -27 108 -81
2200 -1100 0 -27 81 -54
2200 0 0 -27 54 -27
2200 1100 0 -27 27 0
2200 2200 0 -27 0 27
2200 -2200 0 -26 104 -78
2200 -1650 0 -26 91 -65
2200 -1100 0 -26 78 -52
2200 -550 0 -26 65 -39
2200 0 0 -26 52 -26
2200 550 0 -26 39 -13
2200 1100 0 -26 26 0
2200 1650 0 -26 13 13
2200 2200 0 -26 0 26
2200 -2200 0 -25 100 -75
2200 -2156 0 -25 99 -74
2200 -2112 0 -25 98 -73
2200 -2068 0 -25 97 -72
2200 -2024 0 -25 96 -71
2200 -1980 0 -25 95 -70
2200 -1936 0 -25 94 -69
2200 -1892 0 -25 93 -68
2200 -1848 0 -25 92 -67
2200 -1804 0 -25 91 -66
2200 -1760 0 -25 90 -65
2200 -1716 0 -25 89 -64
2200 -1672 0 -25 88 -63
2200 -1628 0 -25 87 -62
2200 -1584 0 -25 86 -61
2200 -1540 0 -25 85 -60
2200 -1496 0 -25 84 -59
2200 -1452 0 -25 83 -58
2200 -1408 0 -25 82 -57
2200 -1364 0 -25 81 -56
2200 -1320 0 -25 80 -55
2200 -1276 0 -25 79 -54
2200 -1232 0 -25 78 -53
2200 -1188 0 -25 77 -52
2200 -1144 0 -25 76 -51
2200 -1100 0 -25 75 -50
2200 -1056 0 -25 74 -49
2200 -1012 0 -25 73 -48
2200 -968 0 -25 72 -47
2200 -924 0 -25 71 -46
2200 -880 0 -25 70 -45
2200 -836 0 -25 69 -44
2200 -792 0 -25 68 -43
2200 -748 0 -25 67 -42
2200 -704 0 -25 66 -41
2200 -660 0 -25 65 -40
2200 -616 0 -25 64 -39
2200 -572 0 -25 63 -38
2200 -528 0 -25 62 -37
2200 -484 0 -25 61 -36
2200 -440 0 -25 60 -35
2200 -396 0 -25 59 -34
2200 -352 0 -25 58 -33
2200 -308 0 -25 57 -32
2200 -264 0 -25 56 -31
2200 -220 0 -25 55 -30
2200 -176 0 -25 54 -29
2200 -132 0 -25 53 -28
2200 -88 0 -25 52 -27
2200 -44 0 -25 51 -26
2200 0 0 -25 50 -25
2200 44 0 -25 49 -24
2200 88 0 -25 48 -23
2200 132 0 -25 47 -22
2200 176 0 -25 46 -21
2200 220 0 -25 45 -20
2200 264 0 -25 44 -19
2200 308 0 -25 43 -18
2200 352 0 -25 42 -17
2200 396 0 -25 41 -16
2200 440 0 -25 40 -15
2200 484 0 -25 39 -14
2200 528 0 -25 38 -13
2200 572 0 -25 37 -12
2200 616 0 -25 36 -11
2200 660 0 -25 35 -10
2200 704 0 -25 34 -9
2200 748 0 -25 33 -8
2200 792 0 -25 32 -7
2200 836 0 -25 31 -6
2200 880 0 -25 30 -5
2200 924 0 -25 29 -4
2200 968 0 -25 28 -3
2200 1012 0 -25 27 -2
2200 1056 0 -25 26 -1
2200 1100 0 -25 25 0
2200 1144 0 -25 24 1
2200 1188 0 -25 23 2
2200 1232 0 -25 22 3
2200 1276 0 -25 21 4
2200 1320 0 -25 20 5
2200 1364 0 -25 19 6
2200 1408 0 -25 18 7
2200 1452 0 -25 17 8
2200 1496 0 -25 16 9
2200 1540 0 -25 15 10
2200 1584 0 -25 14 11
2200 1628 0 -25 13 12
2200 1672 0 -25 12 13
2200 1716 0 -25 11 14
2200 1760 0 -25 10 15
2200 1804 0 -25 9 16
2200 1848 0 -25 8 17
2200 1892 0 -25 7 18
2200 1936 0 -25 6 19
2200 1980 0 -25 5 20
2200 2024 0 -25 4 21
2200 2068 0 -25 3 22
2200 2112 0 -25 2 23
2200 2156 0 -25 1 24
2200 2200 0 -25 0 25
2200 -2200 0 -24 96 -72
2200 -1925 0 -24 90 -66
2200 -1650 0 -24 84 -60
2200 -1375 0 -24 78 -54
2200 -1100 0 -24 72 -48
2200 -825 0 -24 66 -42
2200 -550 0 -24 60 -36
2200 -275 0 -24 54 -30
2200 0 0 -24 48 -24
2200 275 0 -24 42 -18
2200 550 0 -24 36 -12
2200 825 0 -24 30 -6
2200 1100 0 -24 24 0
2200 1375 0 -24 18 6
2200 1650 0 -24 12 12
2200 1925 0 -24 6 18
2200 2200 0 -24 0 24
2200 -2200 0 -23 92 -69
2200 -1100 0 -23 69 -46
2200 0 0 -23 46 -23
2200 1100 0 -23 23 0
2200 2200 0 -23 0 23
2200 -2200 0 -22 88 -66
2200 -2150 0 -22 87 -65
2200 -2100 0 -22 86 -64
2200 -2050 0 -22 85 -63
2200 -2000 0 -22 84 -62
2200 -1950 0 -22 83 -61
2200 -1900 0 -22 82 -60
2200 -1850 0 -22 81 -59
2200 -1800 0 -22 80 -58
2200 -1750 0 -22 79 -57
2200 -1700 0 -22 78 -56
2200 -1650 0 -22 77 -55
2200 -1600 0 -22 76 -54
2200 -1550 0 -22 75 -53
2200 -1500 0 -22 74 -52
2200 -1450 0 -22 73 -51
2200 -1400 0 -22 72 -50
2200 -1350 0 -22 71 -49
2200 -1300 0 -22 70 -48
2200 -1250 0 -22 69 -47
2200 -1200 0 -22 68 -46
2200 -1150 0 -22 67 -45
2200 -1100 0 -22 66 -44
2200 -1050 0 -22 65 -43
2200 -1000 0 -22 64 -42
2200 -950 0 -22 63 -41
2200 -900 0 -22 62 -40
2200 -850 0 -22 61 -39
2200 -800 0 -22 60 -38
2200 -750 0 -22 59 -37
2200 -700 0 -22 58 -36
2200 -650 0 -22 57 -35
2200 -600 0 -22 56 -34
2200 -550 0 -22 55 -33
2200 -500 0 -22 54 -32
2200 -450 0 -22 53 -31
2200 -400 0 -22 52 -30
2200 -350 0 -22 51 -29
2200 -300 0 -22 50 -28
2200 -250 0 -22 49 -27
2200 -200 0 -22 48 -26
2200 -150 0 -22 47 -25
2200 -100 0 -22 46 -24
2200 -50 0 -22 45 -23
2200 0 0 -22 44 -22
2200 50 0 -22 43 -21
2200 100 0 -22 42 -20
2200 150 0 -22 41 -19
2200 200 0 -22 40 -18
2200 250 0 -22 39 -17
2200 300 0 -22 38 -16
2200 350 0 -22 37 -15
2200 400 0 -22 36 -14
2200 450 0 -22 35 -13
2200 500 0 -22 34 -12
2200 550 0 -22 33 -11
2200 600 0 -22 32 -10
2200 650 0 -22 31 -9
2200 700 0 -22 30 -8
2200 750 0 -22 29 -7
2200 800 0 -22 28 -6
2200 850 0 -22 27 -5
2200 900 0 -22 26 -4
2200 950 0 -22 25 -3
2200 1000 0 -22 24 -2
2200 1050 0 -22 23 -1
2200 1100 0 -22 22 0
2200 1150 0 -22 21 1
2200 1200 0 -22 20 2
2200 1250 0 -22 19 3
2200 1300 0 -22 18 4
2200 1350 0 -22 17 5
2200 1400 0 -22 16 6
2200 1450 0 -22 15 7
2200 1500 0 -22 14 8
2200 1550 0 -22 13 9
2200 1600 0 -22 12 10
2200 1650 0 -22 11 11
2200 1700 0 -22 10 12
2200 1750 0 -22 9 13
2200 1800 0 -22 8 14
2200 1850 0 -22 7 15
2200 1900 0 -22 6 16
2200 1950 0 -22 5 17
2200 2000 0 -22 4 18
2200 2050 0 -22 3 19
2200 2100 0 -22 2 20
2200 2150 0 -22 1 21
2200 2200 0 -22 0 22
2200 -2200 0 -21 84 -63
2200 -1100 0 -21 63 -42
2200 0 0 -21 42 -21
2200 1100 0 -21 21 0
2200 2200 0 -21 0 21
2200 -2200 0 -20 80 -60
2200 -2145 0 -20 79 -59
2200 -2090 0 -20 78 -58
2200 -2035 0 -20 77 -57
2200 -1980 0 -20 76 -56
2200 -1925 0 -20 75 -55
2200 -1870 0 -20 74 -54
2200 -1815 0 -20 73 -53
2200 -1760 0 -20 72 -52
2200 -1705 0 -20 71 -51
2200 -1650 0 -20 70 -50
2200 -1595 0 -20 69 -49
2200 -1540 0 -20 68 -48
2200 -1485 0 -20 67 -47
2200 -1430 0 -20 66 -46
2200 -1375 0 -20 65 -45
2200 -1320 0 -20 64 -44
2200 -1265 0 -20 63 -43
2200 -1210 0 -20 62 -42
2200 -1155 0 -20 61 -41
2200 -1100 0 -20 60 -40
2200 -1045 0 -20 59 -39
2200 -990 0 -20 58 -38
2200 -935 0 -20 57 -37
2200 -880 0 -20 56 -36
2200 -825 0 -20 55 -35
2200 -770 0 -20 54 -34
2200 -715 0 -20 53 -33
2200 -660 0 -20 52 -32
2200 -605 0 -20 51 -31
2200 -550 0 -20 50 -30
2200 -495 0 -20 49 -29
2200 -440 0 -20 48 -28
2200 -385 0 -20 47 -27
2200 -330 0 -20 46 -26
2200 -275 0 -20 45 -25
2200 -220 0 -20 44 -24
2200 -165 0 -20 43 -23
2200 -110 0 -20 42 -22
2200 -55 0 -20 41 -21
2200 0 0 -20 40 -20
2200 55 0 -20 39 -19
2200 110 0 -20 38 -18
2200 165 0 -20 37 -17
2200 220 0 -20 36 -16
2200 275 0 -20 35 -15
2200 330 0 -20 34 -14
2200 385 0 -20 33 -13
2200 440 0 -20 32 -12
2200 495 0 -20 31 -11
2200 550 0 -20 30 -10
2200 605 0 -20 29 -9
2200 660 0 -20 28 -8
2200 715 0 -20 27 -7
2200 770 0 -20 26 -6
2200 825 0 -20 25 -5
2200 880 0 -20 24 -4
2200 935 0 -20 23 -3
2200 990 0 -20 22 -2
2200 1045 0 -20 21 -1
2200 1100 0 -20 20 0
2200 1155 0 -20 19 1
2200 1210 0 -20 18 2
2200 1265 0 -20 17 3
2200 1320 0 -20 16 4
2200 1375 0 -20 15 5
2200 1430 0 -20 14 6
2200 1485 0 -20 13 7
2200 1540 0 -20 12 8
2200 1595 0 -20 11 9
2200 1650 0 -20 10 10
2200 1705 0 -20 9 11
2200 1760 0 -20 8 12
2200 1815 0 -20 7 13
2200 1870 0 -20 6 14
2200 1925 0 -20 5 15
2200 1980 0 -20 4 16
2200 2035 0 -20 3 17
2200 2090 0 -20 2 18
2200 2145 0 -20 1 19
2200 2200 0 -20 0 20
2200 -2200 0 -19 76 -57
2200 -1100 0 -19 57 -38
2200 0 0 -19 38 -19
2200 1100 0 -19 19 0
2200 2200 0 -19 0 19
2200 -2200 0 -18 72 -54
2200 -1650 0 -18 63 -45
2200 -1100 0 -18 54 -36
2200 -550 0 -18 45 -27
2200 0 0 -18 36 -18
2200 550 0 -18 27 -9
2200 1100 0 -18 18 0
2200 1650 0 -18 9 9
2200 2200 0 -18 0 18
2200 -2200 0 -17 68 -51
2200 -1100 0 -17 51 -34
2200 0 0 -17 34 -17
2200 1100 0 -17 17 0
2200 2200 0 -17 0 17
2200 -2200 0 -16 64 -48
2200 -1925 0 -16 60 -44
2200 -1650 0 -16 56 -40
2200 -1375 0 -16 52 -36
2200 -1100 0 -16 48 -32
2200 -825 0 -16 44 -28
2200 -550 0 -16 40 -24
2200 -275 0 -16 36 -20
2200 0 0 -16 32 -16
2200 275 0 -16 28 -12
2200 550 0 -16 24 -8
2200 825 0 -16 20 -4
2200 1100 0 -16 16 0
2200 1375 0 -16 12 4
2200 1650 0 -16 8 8
2200 1925 0 -16 4 12
2200 2200 0 -16 0 16
2200 -2200 0 -15 60 -45
2200 -1980 0 -15 57 -42
2200 -1760 0 -15 54 -39
2200 -1540 0 -15 51 -36
2200 -1320 0 -15 48 -33
2200 -1100 0 -15 45 -30
2200 -880 0 -15 42 -27
2200 -660 0 -15 39 -24
2200 -440 0 -15 36 -21
2200 -220 0 -15 33 -18
2200 0 0 -15 30 -15
2200 220 0 -15 27 -12
2200 440 0 -15 24 -9
2200 660 0 -15 21 -6
2200 880 0 -15 18 -3
2200 1100 0 -15 15 0
2200 1320 0 -15 12 3
2200 1540 0 -15 9 6
2200 1760 0 -15 6 9
2200 1980 0 -15 3 12
2200 2200 0 -15 0 15
2200 -2200 0 -14 56 -42
2200 -1650 0 -14 49 -35
2200 -1100 0 -14 42 -28
2200 -550 0 -14 35 -21
2200 0 0 -14 28 -14
2200 550 0 -14 21 -7
2200 1100 0 -14 14 0
2200 1650 0 -14 7 7
2200 2200 0 -14 0 14
2200 -2200 0 -13 52 -39
2200 -1100 0 -13 39 -26
2200 0 0 -13 26 -13
2200 1100 0 -13 13 0
2200 2200 0 -13 0 13
2200 -2200 0 -12 48 -36
2200 -1925 0 -12 45 -33
2200 -1650 0 -12 42 -30
2200 -1375 0 -12 39 -27
2200 -1100 0 -12 36 -24
2200 -825 0 -12 33 -21
2200 -550 0 -12 30 -18
2200 -275 0 -12 27 -15
2200 0 0 -12 24 -12
2200 275 0 -12 21 -9
2200 550 0 -12 18 -6
2200 825 0 -12 15 -3
2200 1100 0 -12 12 0
2200 1375 0 -12 9 3
2200 1650 0 -12 6 6
2200 1925 0 -12 3 9
2200 2200 0 -12 0 12
2200 -2200 0 -11 44 -33
2200 -2100 0 -11 43 -32
2200 -2000 0 -11 42 -31
2200 -1900 0 -11 41 -30
2200 -1800 0 -11 40 -29
2200 -1700 0 -11 39 -28
2200 -1600 0 -11 38 -27
2200 -1500 0 -11 37 -26
2200 -1400 0 -11 36 -25
2200 -1300 0 -11 35 -24
2200 -1200 0 -11 34 -23
2200 -1100 0 -11 33 -22
2200 -1000 0 -11 32 -21
2200 -900 0 -11 31 -20
2200 -800 0 -11 30 -19
2200 -700 0 -11 29 -18
2200 -600 0 -11 28 -17
2200 -500 0 -11 27 -16
2200 -400 0 -11 26 -15
2200 -300 0 -11 25 -14
2200 -200 0 -11 24 -13
2200 -100 0 -11 23 -12
2200 0 0 -11 22 -11
2200 100 0 -11 21 -10
2200 200 0 -11 20 -9
2200 300 0 -11 19 -8
2200 400 0 -11 18 -7
2200 500 0 -11 17 -6
2200 600 0 -11 16 -5
2200 700 0 -11 15 -4
2200 800 0 -11 14 -3
2200 900 0 -11 13 -2
2200 1000 0 -11 12 -1
2200 1100 0 -11 11 0
2200 1200 0 -11 10 1
2200 1300 0 -11 9 2
2200 1400 0 -11 8 3
2200 1500 0 -11 7 4
2200 1600 0 -11 6 5
2200 1700 0 -11 5 6
2200 1800 0 -11 4 7
2200 1900 0 -11 3 8
2200 2000 0 -11 2 9
2200 2100 0 -11 1 10
2200 2200 0 -11 0 11
2200 -2200 0 -10 40 -30
2200 -2090 0 -10 39 -29
2200 -1980 0 -10 38 -28
2200 -1870 0 -10 37 -27
2200 -1760 0 -10 36 -26
2200 -1650 0 -10 35 -25
2200 -1540 0 -10 34 -24
2200 -1430 0 -10 33 -23
2200 -1320 0 -10 32 -22
2200 -1210 0 -10 31 -21
2200 -1100 0 -10 30 -20
2200 -990 0 -10 29 -19
2200 -880 0 -10 28 -18
2200 -770 0 -10 27 -17
2200 -660 0 -10 26 -16
2200 -550 0 -10 25 -15
2200 -440 0 -10 24 -14
2200 -330 0 -10 23 -13
2200 -220 0 -10 22 -12
2200 -110 0 -10 21 -11
2200 0 0 -10 20 -10
2200 110 0 -10 19 -9
2200 220 0 -10 18 -8
2200 330 0 -10 17 -7
2200 440 0 -10 16 -6
2200 550 0 -10 15 -5
2200 660 0 -10 14 -4
2200 770 0 -10 13 -3
2200 880 0 -10 12 -2
2200 990 0 -10 11 -1
2200 1100 0 -10 10 0
2200 1210 0 -10 9 1
2200 1320 0 -10 8 2
2200 1430 0 -10 7 3
2200 1540 0 -10 6 4
2200 1650 0 -10 5 5
2200 1760 0 -10 4 6
2200 1870 0 -10 3 7
2200 1980 0 -10 2 8
2200 2090 0 -10 1 9
2200 2200 0 -10 0 10
2200 -2200 0 -9 36 -27
2200 -1100 0 -9 27 -18
2200 0 0 -9 18 -9
2200 1100 0 -9 9 0
2200 2200 0 -9 0 9
2200 -2200 0 -8 32 -24
2200 -1925 0 -8 30 -22
2200 -1650 0 -8 28 -20
2200 -1375 0 -8 26 -18
2200 -1100 0 -8 24 -16
2200 -825 0 -8 22 -14
2200 -550 0 -8 20 -12
2200 -275 0 -8 18 -10
2200 0 0 -8 16 -8
2200 275 0 -8 14 -6
2200 550 0 -8 12 -4
2200 825 0 -8 10 -2
2200 1100 0 -8 8 0
2200 1375 0 -8 6 2
2200 1650 0 -8 4 4
2200 1925 0 -8 2 6
2200 2200 0 -8 0 8
2200 -2200 0 -7 28 -21
2200 -1100 0 -7 21 -14
2200 0 0 -7 14 -7
2200 1100 0 -7 7 0
2200 2200 0 -7 0 7
2200 -2200 0 -6 24 -18
2200 -1650 0 -6 21 -15
2200 -1100 0 -6 18 -12
2200 -550 0 -6 15 -9
2200 0 0 -6 12 -6
2200 550 0 -6 9 -3
2200 1100 0 -6 6 0
2200 1650 0 -6 3 3
2200 2200 0 -6 0 6
2200 -2200 0 -5 20 -15
2200 -1980 0 -5 19 -14
2200 -1760 0 -5 18 -13
2200 -1540 0 -5 17 -12
2200 -1320 0 -5 16 -11
2200 -1100 0 -5 15 -10
2200 -880 0 -5 14 -9
2200 -660 0 -5 13 -8
2200 -440 0 -5 12 -7
2200 -220 0 -5 11 -6
2200 0 0 -5 10 -5
2200 220 0 -5 9 -4
2200 440 0 -5 8 -3
2200 660 0 -5 7 -2
2200 880 0 -5 6 -1
2200 1100 0 -5 5 0
2200 1320 0 -5 4 1
2200 1540 0 -5 3 2
2200 1760 0 -5 2 3
2200 1980 0 -5 1 4
2200 2200 0 -5 0 5
2200 -2200 0 -4 16 -12
2200 -1925 0 -4 15 -11
2200 -1650 0 -4 14 -10
2200 -1375 0 -4 13 -9
2200 -1100 0 -4 12 -8
2200 -825 0 -4 11 -7
2200 -550 0 -4 10 -6
2200 -275 0 -4 9 -5
2200 0 0 -4 8 -4
2200 275 0 -4 7 -3
2200 550 0 -4 6 -2
2200 825 0 -4 5 -1
2200 1100 0 -4 4 0
2200 1375 0 -4 3 1
2200 1650 0 -4 2 2
2200 1925 0 -4 1 3
2200 2200 0 -4 0 4
2200 -2200 0 -3 12 -9
2200 -1100 0 -3 9 -6
2200 0 0 -3 6 -3
2200 1100 0 -3 3 0
2200 2200 0 -3 0 3
2200 -2200 0 -2 8 -6
2200 -1650 0 -2 7 -5
2200 -1100 0 -2 6 -4
2200 -550 0 -2 5 -3
2200 0 0 -2 4 -2
2200 550 0 -2 3 -1
2200 1100 0 -2 2 0
2200 1650 0 -2 1 1
2200 2200 0 -2 0 2
2200 -2200 0 -1 4 -3
2200 -1100 0 -1 3 -2
2200 0 0 -1 2 -1
2200 1100 0 -1 1 0
2200 2200 0 -1 0 1
2200 -2200 -1 1 -4 4
2200 -2200 0 1 -4 3
2200 -2200 1 1 -4 4
2200 -1100 0 1 -3 2
2200 0 0 1 -2 1
2200 1100 0 1 -1 0
2200 2200 0 1 0 -1
2200 -2200 0 2 -8 6
2200 -1650 0 2 -7 5
2200 -1100 0 2 -6 4
2200 -550 0 2 -5 3
2200 0 0 2 -4 2
2200 550 0 2 -3 1
2200 1100 0 2 -2 0
2200 1650 0 2 -1 -1
2200 2200 0 2 0 -2
2200 -2200 0 3 -12 9
2200 -1100 0 3 -9 6
2200 0 0 3 -6 3
2200 1100 0 3 -3 0
2200 2200 0 3 0 -3
2200 -2200 -2 4 -16 16
2200 -2200 0 4 -16 12
2200 -2200 2 4 -16 16
2200 -1925 0 4 -15 11
2200 -1650 0 4 -14 10
2200 -1375 0 4 -13 9
2200 -1100 0 4 -12 8
2200 -825 0 4 -11 7
2200 -550 0 4 -10 6
2200 -275 0 4 -9 5
2200 0 0 4 -8 4
2200 275 0 4 -7 3
2200 550 0 4 -6 2
2200 825 0 4 -5 1
2200 1100 0 4 -4 0
2200 1375 0 4 -3 -1
2200 1650 0 4 -2 -2
2200 1925 0 4 -1 -3
2200 2200 0 4 0 -4
2200 -2200 0 5 -20 15
2200 -1980 0 5 -19 14
2200 -1760 0 5 -18 13
2200 -1540 0 5 -17 12
2200 -1320 0 5 -16 11
2200 -1100 0 5 -15 10
2200 -880 0 5 -14 9
2200 -660 0 5 -13 8
2200 -440 0 5 -12 7
2200 -220 0 5 -11 6
2200 0 0 5 -10 5
2200 220 0 5 -9 4
2200 440 0 5 -8 3
2200 660 0 5 -7 2
2200 880 0 5 -6 1
2200 1100 0 5 -5 0
2200 1320 0 5 -4 -1
2200 1540 0 5 -3 -2
2200 1760 0 5 -2 -3
2200 1980 0 5 -1 -4
2200 2200 0 5 0 -5
2200 -2200 0 6 -24 18
2200 -1650 0 6 -21 15
2200 -1100 0 6 -18 12
2200 -550 0 6 -15 9
2200 0 0 6 -12 6
2200 550 0 6 -9 3
2200 1100 0 6 -6 0
2200 1650 0 6 -3 -3
2200 2200 0 6 0 -6
2200 -2200 0 7 -28 21
2200 -1100 0 7 -21 14
2200 0 0 7 -14 7
2200 1100 0 7 -7 0
2200 2200 0 7 0 -7
2200 -2200 0 8 -32 24
2200 -1925 0 8 -30 22
2200 -1650 0 8 -28 20
2200 -1375 0 8 -26 18
2200 -1100 0 8 -24 16
2200 -825 0 8 -22 14
2200 -550 0 8 -20 12
2200 -275 0 8 -18 10
2200 0 0 8 -16 8
2200 275 0 8 -14 6
2200 550 0 8 -12 4
2200 825 0 8 -10 2
2200 1100 0 8 -8 0
2200 1375 0 8 -6 -2
2200 1650 0 8 -4 -4
2200 1925 0 8 -2 -6
2200 2200 0 8 0 -8
2200 -2200 -3 9 -36 36
2200 -2200 0 9 -36 27
2200 -2200 3 9 -36 36
2200 -1100 0 9 -27 18
2200 0 0 9 -18 9
2200 1100 0 9 -9 0
2200 2200 0 9 0 -9
2200 -2200 0 10 -40 30
2200 -2090 0 10 -39 29
2200 -1980 0 10 -38 28
2200 -1870 0 10 -37 27
2200 -1760 0 10 -36 26
2200 -1650 0 10 -35 25
2200 -1540 0 10 -34 24
2200 -1430 0 10 -33 23
2200 -1320 0 10 -32 22
2200 -1210 0 10 -31 21
2200 -1100 0 10 -30 20
2200 -990 0 10 -29 19
2200 -880 0 10 -28 18
2200 -770 0 10 -27 17
2200 -660 0 10 -26 16
2200 -550 0 10 -25 15
2200 -440 0 10 -24 14
2200 -330 0 10 -23 13
2200 -220 0 10 -22 12
2200 -110 0 10 -21 11
2200 0 0 10 -20 10
2200 110 0 10 -19 9
2200 220 0 10 -18 8
2200 330 0 10 -17 7
2200 440 0 10 -16 6
2200 550 0 10 -15 5
2200 660 0 10 -14 4
2200 770 0 10 -13 3
2200 880 0 10 -12 2
2200 990 0 10 -11 1
2200 1100 0 10 -10 0
2200 1210 0 10 -9 -1
2200 1320 0 10 -8 -2
2200 1430 0 10 -7 -3
2200 1540 0 10 -6 -4
2200 1650 0 10 -5 -5
2200 1760 0 10 -4 -6
2200 1870 0 10 -3 -7
2200 1980 0 10 -2 -8
2200 2090 0 10 -1 -9
2200 2200 0 10 0 -10
2200 -2200 0 11 -44 33
2200 -2100 0 11 -43 32
2200 -2000 0 11 -42 31
2200 -1900 0 11 -41 30
2200 -1800 0 11 -40 29
2200 -1700 0 11 -39 28
2200 -1600 0 11 -38 27
2200 -1500 0 11 -37 26
2200 -1400 0 11 -36 25
2200 -1300 0 11 -35 24
2200 -1200 0 11 -34 23
2200 -1100 0 11 -33 22
2200 -1000 0 11 -32 21
2200 -900 0 11 -31 20
2200 -800 0 11 -30 19
2200 -700 0 11 -29 18
2200 -600 0 11 -28 17
2200 -500 0 11 -27 16
2200 -400 0 11 -26 15
2200 -300 0 11 -25 14
2200 -200 0 11 -24 13
2200 -100 0 11 -23 12
2200 0 0 11 -22 11
2200 100 0 11 -21 10
2200 200 0 11 -20 9
2200 300 0 11 -19 8
2200 400 0 11 -18 7
2200 500 0 11 -17 6
2200 600 0 11 -16 5
2200 700 0 11 -15 4
2200 800 0 11 -14 3
2200 900 0 11 -13 2
2200 1000 0 11 -12 1
2200 1100 0 11 -11 0
2200 1200 0 11 -10 -1
2200 1300 0 11 -9 -2
2200 1400 0 11 -8 -3
2200 1500 0 11 -7 -4
2200 1600 0 11 -6 -5
2200 1700 0 11 -5 -6
2200 1800 0 11 -4 -7
2200 1900 0 11 -3 -8
2200 2000 0 11 -2 -9
2200 2100 0 11 -1 -10
2200 2200 0 11 0 -11
2200 -2200 0 12 -48 36
2200 -1925 0 12 -45 33
2200 -1650 0 12 -42 30
2200 -1375 0 12 -39 27
2200 -1100 0 12 -36 24
2200 -825 0 12 -33 21
2200 -550 0 12 -30 18
2200 -275 0 12 -27 15
2200 0 0 12 -24 12
2200 275 0 12 -21 9
2200 550 0 12 -18 6
2200 825 0 12 -15 3
2200 1100 0 12 -12 0
2200 1375 0 12 -9 -3
2200 1650 0 12 -6 -6
2200 1925 0 12 -3 -9
2200 2200 0 12 0 -12
2200 -2200 0 13 -52 39
2200 -1100 0 13 -39 26
2200 0 0 13 -26 13
2200 1100 0 13 -13 0
2200 2200 0 13 0 -13
2200 -2200 0 14 -56 42
2200 -1650 0 14 -49 35
2200 -1100 0 14 -42 28
2200 -550 0 14 -35 21
2200 0 0 14 -28 14
2200 550 0 14 -21 7
2200 1100 0 14 -14 0
2200 1650 0 14 -7 -7
2200 2200 0 14 0 -14
2200 -2200 0 15 -60 45
2200 -1980 0 15 -57 42
2200 -1760 0 15 -54 39
2200 -1540 0 15 -51 36
2200 -1320 0 15 -48 33
2200 -1100 0 15 -45 30
2200 -880 0 15 -42 27
2200 -660 0 15 -39 24
2200 -440 0 15 -36 21
2200 -220 0 15 -33 18
2200 0 0 15 -30 15
2200 220 0 15 -27 12
2200 440 0 15 -24 9
2200 660 0 15 -21 6
2200 880 0 15 -18 3
2200 1100 0 15 -15 0
2200 1320 0 15 -12 -3
2200 1540 0 15 -9 -6
2200 1760 0 15 -6 -9
2200 1980 0 15 -3 -12
2200 2200 0 15 0 -15
2200 -2200 -4 16 -64 64
2200 -2200 0 16 -64 48
2200 -2200 4 16 -64 64
2200 -1925 0 16 -60 44
2200 -1650 0 16 -56 40
2200 -1375 0 16 -52 36
2200 -1100 0 16 -48 32
2200 -825 0 16 -44 28
2200 -550 0 16 -40 24
2200 -275 0 16 -36 20
2200 0 0 16 -32 16
2200 275 0 16 -28 12
2200 550 0 16 -24 8
2200 825 0 16 -20 4
2200 1100 0 16 -16 0
2200 1375 0 16 -12 -4
2200 1650 0 16 -8 -8
2200 1925 0 16 -4 -12
2200 2200 0 16 0 -16
2200 -2200 0 17 -68 51
2200 -1100 0 17 -51 34
2200 0 0 17 -34 17
2200 1100 0 17 -17 0
2200 2200 0 17 0 -17
2200 -2200 0 18 -72 54
2200 -1650 0 18 -63 45
2200 -1100 0 18 -54 36
2200 -550 0 18 -45 27
2200 0 0 18 -36 18
2200 550 0 18 -27 9
2200 1100 0 18 -18 0
2200 1650 0 18 -9 -9
2200 2200 0 18 0 -18
2200 -2200 0 19 -76 57
2200 -1100 0 19 -57 38
2200 0 0 19 -38 19
2200 1100 0 19 -19 0
2200 2200 0 19 0 -19
2200 -2200 0 20 -80 60
2200 -2145 0 20 -79 59
2200 -2090 0 20 -78 58
2200 -2035 0 20 -77 57
2200 -1980 0 20 -76 56
2200 -1925 0 20 -75 55
2200 -1870 0 20 -74 54
2200 -1815 0 20 -73 53
2200 -1760 0 20 -72 52
2200 -1705 0 20 -71 51
2200 -1650 0 20 -70 50
2200 -1595 0 20 -69 49
2200 -1540 0 20 -68 48
2200 -1485 0 20 -67 47
2200 -1430 0 20 -66 46
2200 -1375 0 20 -65 45
2200 -1320 0 20 -64 44
2200 -1265 0 20 -63 43
2200 -1210 0 20 -62 42
2200 -1155 0 20 -61 41
2200 -1100 0 20 -60 40
2200 -1045 0 20 -59 39
2200 -990 0 20 -58 38
2200 -935 0 20 -57 37
2200 -880 0 20 -56 36
2200 -825 0 20 -55 35
2200 -770 0 20 -54 34
2200 -715 0 20 -53 33
2200 -660 0 20 -52 32
2200 -605 0 20 -51 31
2200 -550 0 20 -50 30
2200 -495 0 20 -49 29
2200 -440 0 20 -48 28
2200 -385 0 20 -47 27
2200 -330 0 20 -46 26
2200 -275 0 20 -45 25
2200 -220 0 20 -44 24
2200 -165 0 20 -43 23
2200 -110 0 20 -42 22
2200 -55 0 20 -41 21
2200 0 0 20 -40 20
2200 55 0 20 -39 19
2200 110 0 20 -38 18
2200 165 0 20 -37 17
2200 220 0 20 -36 16
2200 275 0 20 -35 15
2200 330 0 20 -34 14
2200 385 0 20 -33 13
2200 440 0 20 -32 12
2200 495 0 20 -31 11
2200 550 0 20 -30 10
2200 605 0 20 -29 9
2200 660 0 20 -28 8
2200 715 0 20 -27 7
2200 770 0 20 -26 6
2200 825 0 20 -25 5
2200 880 0 20 -24 4
2200 935 0 20 -23 3
2200 990 0 20 -22 2
2200 1045 0 20 -21 1
2200 1100 0 20 -20 0
2200 1155 0 20 -19 -1
2200 1210 0 20 -18 -2
2200 1265 0 20 -17 -3
2200 1320 0 20 -16 -4
2200 1375 0 20 -15 -5
2200 1430 0 20 -14 -6
2200 1485 0 20 -13 -7
2200 1540 0 20 -12 -8
2200 1595 0 20 -11 -9
2200 1650 0 20 -10 -10
2200 1705 0 20 -9 -11
2200 1760 0 20 -8 -12
2200 1815 0 20 -7 -13
2200 1870 0 20 -6 -14
2200 1925 0 20 -5 -15
2200 1980 0 20 -4 -16
2200 2035 0 20 -3 -17
2200 2090 0 20 -2 -18
2200 2145 0 20 -1 -19
2200 2200 0 20 0 -20
2200 -2200 0 21 -84 63
2200 -1100 0 21 -63 42
2200 0 0 21 -42 21
2200 1100 0 21 -21 0
2200 2200 0 21 0 -21
2200 -2200 0 22 -88 66
2200 -2150 0 22 -87 65
2200 -2100 0 22 -86 64
2200 -2050 0 22 -85 63
2200 -2000 0 22 -84 62
2200 -1950 0 22 -83 61
2200 -1900 0 22 -82 60
2200 -1850 0 22 -81 59
2200 -1800 0 22 -80 58
2200 -1750 0 22 -79 57
2200 -1700 0 22 -78 56
2200 -1650 0 22 -77 55
2200 -1600 0 22 -76 54
2200 -1550 0 22 -75 53
2200 -1500 0 22 -74 52
2200 -1450 0 22 -73 51
2200 -1400 0 22 -72 50
2200 -1350 0 22 -71 49
2200 -1300 0 22 -70 48
2200 -1250 0 22 -69 47
2200 -1200 0 22 -68 46
2200 -1150 0 22 -67 45
2200 -1100 0 22 -66 44
2200 -1050 0 22 -65 43
2200 -1000 0 22 -64 42
2200 -950 0 22 -63 41
2200 -900 0 22 -62 40
2200 -850 0 22 -61 39
2200 -800 0 22 -60 38
2200 -750 0 22 -59 37
2200 -700 0 22 -58 36
2200 -650 0 22 -57 35
2200 -600 0 22 -56 34
2200 -550 0 22 -55 33
2200 -500 0 22 -54 32
2200 -450 0 22 -53 31
2200 -400 0 22 -52 30
2200 -350 0 22 -51 29
2200 -300 0 22 -50 28
2200 -250 0 22 -49 27
2200 -200 0 22 -48 26
2200 -150 0 22 -47 25
2200 -100 0 22 -46 24
2200 -50 0 22 -45 23
2200 0 0 22 -44 22
2200 50 0 22 -43 21
2200 100 0 22 -42 20
2200 150 0 22 -41 19
2200 200 0 22 -40 18
2200 250 0 22 -39 17
2200 300 0 22 -38 16
2200 350 0 22 -37 15
2200 400 0 22 -36 14
2200 450 0 22 -35 13
2200 500 0 22 -34 12
2200 550 0 22 -33 11
2200 600 0 22 -32 10
2200 650 0 22 -31 9
2200 700 0 22 -30 8
2200 750 0 22 -29 7
2200 800 0 22 -28 6
2200 850 0 22 -27 5
2200 900 0 22 -26 4
2200 950 0 22 -25 3
2200 1000 0 22 -24 2
2200 1050 0 22 -23 1
2200 1100 0 22 -22 0
2200 1150 0 22 -21 -1
2200 1200 0 22 -20 -2
2200 1250 0 22 -19 -3
2200 1300 0 22 -18 -4
2200 1350 0 22 -17 -5
2200 1400 0 22 -16 -6
2200 1450 0 22 -15 -7
2200 1500 0 22 -14 -8
2200 1550 0 22 -13 -9
2200 1600 0 22 -12 -10
2200 1650 0 22 -11 -11
2200 1700 0 22 -10 -12
2200 1750 0 22 -9 -13
2200 1800 0 22 -8 -14
2200 1850 0 22 -7 -15
2200 1900 0 22 -6 -16
2200 1950 0 22 -5 -17
2200 2000 0 22 -4 -18
2200 2050 0 22 -3 -19
2200 2100 0 22 -2 -20
2200 2150 0 22 -1 -21
2200 2200 0 22 0 -22
2200 -2200 0 23 -92 69
2200 -1100 0 23 -69 46
2200 0 0 23 -46 23
2200 1100 0 23 -23 0
2200 2200 0 23 0 -23
2200 -2200 0 24 -96 72
2200 -1925 0 24 -90 66
2200 -1650 0 24 -84 60
2200 -1375 0 24 -78 54
2200 -1100 0 24 -72 48
2200 -825 0 24 -66 42
2200 -550 0 24 -60 36
2200 -275 0 24 -54 30
2200 0 0 24 -48 24
2200 275 0 24 -42 18
2200 550 0 24 -36 12
2200 825 0 24 -30 6
2200 1100 0 24 -24 0
2200 1375 0 24 -18 -6
2200 1650 0 24 -12 -12
2200 1925 0 24 -6 -18
2200 2200 0 24 0 -24
2200 -2200 -5 25 -100 100
2200 -2200 0 25 -100 75
2200 -2200 5 25 -100 100
2200 -2156 0 25 -99 74
2200 -2112 0 25 -98 73
2200 -2068 0 25 -97 72
2200 -2024 0 25 -96 71
2200 -1980 0 25 -95 70
2200 -1936 0 25 -94 69
2200 -1892 0 25 -93 68
2200 -1848 0 25 -92 67
2200 -1804 0 25 -91 66
2200 -1760 0 25 -90 65
2200 -1716 0 25 -89 64
2200 -1672 0 25 -88 63
2200 -1628 0 25 -87 62
2200 -1584 0 25 -86 61
2200 -1540 0 25 -85 60
2200 -1496 0 25 -84 59
2200 -1452 0 25 -83 58
2200 -1408 0 25 -82 57
2200 -1364 0 25 -81 56
2200 -1320 0 25 -80 55
2200 -1276 0 25 -79 54
2200 -1232 0 25 -78 53
2200 -1188 0 25 -77 52
2200 -1144 0 25 -76 51
2200 -1100 0 25 -75 50
2200 -1056 0 25 -74 49
2200 -1012 0 25 -73 48
2200 -968 0 25 -72 47
2200 -924 0 25 -71 46
2200 -880 0 25 -70 45
2200 -836 0 25 -69 44
2200 -792 0 25 -68 43
2200 -748 0 25 -67 42
2200 -704 0 25 -66 41
2200 -660 0 25 -65 40
2200 -616 0 25 -64 39
2200 -572 0 25 -63 38
2200 -528 0 25 -62 37
2200 -484 0 25 -61 36
2200 -440 0 25 -60 35
2200 -396 0 25 -59 34
2200 -352 0 25 -58 33
2200 -308 0 25 -57 32
2200 -264 0 25 -56 31
2200 -220 0 25 -55 30
2200 -176 0 25 -54 29
2200 -132 0 25 -53 28
2200 -88 0 25 -52 27
2200 -44 0 25 -51 26
2200 0 0 25 -50 25
2200 44 0 25 -49 24
2200 88 0 25 -48 23
2200 132 0 25 -47 22
2200 176 0 25 -46 21
2200 220 0 25 -45 20
2200 264 0 25 -44 19
2200 308 0 25 -43 18
2200 352 0 25 -42 17
2200 396 0 25 -41 16
2200 440 0 25 -40 15
2200 484 0 25 -39 14
2200 528 0 25 -38 13
2200 572 0 25 -37 12
2200 616 0 25 -36 11
2200 660 0 25 -35 10
2200 704 0 25 -34 9
2200 748 0 25 -33 8
2200 792 0 25 -32 7
2200 836 0 25 -31 6
2200 880 0 25 -30 5
2200 924 0 25 -29 4
2200 968 0 25 -28 3
2200 1012 0 25 -27 2
2200 1056 0 25 -26 1
2200 1100 0 25 -25 0
2200 1144 0 25 -24 -1
2200 1188 0 25 -23 -2
2200 1232 0 25 -22 -3
2200 1276 0 25 -21 -4
2200 1320 0 25 -20 -5
2200 1364 0 25 -19 -6
2200 1408 0 25 -18 -7
2200 1452 0 25 -17 -8
2200 1496 0 25 -16 -9
2200 1540 0 25 -15 -10
2200 1584 0 25 -14 -11
2200 1628 0 25 -13 -12
2200 1672 0 25 -12 -13
2200 1716 0 25 -11 -14
2200 1760 0 25 -10 -15
2200 1804 0 25 -9 -16
2200 1848 0 25 -8 -17
2200 1892 0 25 -7 -18
2200 1936 0 25 -6 -19
2200 1980 0 25 -5 -20
2200 2024 0 25 -4 -21
2200 2068 0 25 -3 -22
2200 2112 0 25 -2 -23
2200 2156 0 25 -1 -24
2200 2200 0 25 0 -25
2200 -2200 0 26 -104 78
2200 -1650 0 26 -91 65
2200 -1100 0 26 -78 52
2200 -550 0 26 -65 39
2200 0 0 26 -52 26
2200 550 0 26 -39 13
2200 1100 0 26 -26 0
2200 1650 0 26 -13 -13
2200 2200 0 26 0 -26
2200 -2200 0 27 -108 81
2200 -1100 0 27 -81 54
2200 0 0 27 -54 27
2200 1100 0 27 -27 0
2200 2200 0 27 0 -27
2200 -2200 0 28 -112 84
2200 -1925 0 28 -105 77
2200 -1650 0 28 -98 70
2200 -1375 0 28 -91 63
2200 -1100 0 28 -84 56
2200 -825 0 28 -77 49
2200 -550 0 28 -70 42
2200 -275 0 28 -63 35
2200 0 0 28 -56 28
2200 275 0 28 -49 21
2200 550 0 28 -42 14
2200 825 0 28 -35 7
2200 1100 0 28 -28 0
2200 1375 0 28 -21 -7
2200 1650 0 28 -14 -14
2200 1925 0 28 -7 -21
2200 2200 0 28 0 -28
2200 -2200 0 29 -116 87
2200 -1100 0 29 -87 58
2200 0 0 29 -58 29
2200 1100 0 29 -29 0
2200 2200 0 29 0 -29
2200 -2200 0 30 -120 90
2200 -2090 0 30 -117 87
2200 -1980 0 30 -114 84
2200 -1870 0 30 -111 81
2200 -1760 0 30 -108 78
2200 -1650 0 30 -105 75
2200 -1540 0 30 -102 72
2200 -1430 0 30 -99 69
2200 -1320 0 30 -96 66
2200 -1210 0 30 -93 63
2200 -1100 0 30 -90 60
2200 -990 0 30 -87 57
2200 -880 0 30 -84 54
2200 -770 0 30 -81 51
2200 -660 0 30 -78 48
2200 -550 0 30 -75 45
2200 -440 0 30 -72 42
2200 -330 0 30 -69 39
2200 -220 0 30 -66 36
2200 -110 0 30 -63 33
2200 0 0 30 -60 30
2200 110 0 30 -57 27
2200 220 0 30 -54 24
2200 330 0 30 -51 21
2200 440 0 30 -48 18
2200 550 0 30 -45 15
2200 660 0 30 -42 12
2200 770 0 30 -39 9
2200 880 0 30 -36 6
2200 990 0 30 -33 3
2200 1100 0 30 -30 0
2200 1210 0 30 -27 -3
2200 1320 0 30 -24 -6
2200 1430 0 30 -21 -9
2200 1540 0 30 -18 -12
2200 1650 0 30 -15 -15
2200 1760 0 30 -12 -18
2200 1870 0 30 -9 -21
2200 1980 0 30 -6 -24
2200 2090 0 30 -3 -27
2200 2200 0 30 0 -30
2200 -2200 0 31 -124 93
2200 -1100 0 31 -93 62
2200 0 0 31 -62 31
2200 1100 0 31 -31 0
2200 2200 0 31 0 -31
2200 -2200 0 32 -128 96
2200 -1925 0 32 -120 88
2200 -1650 0 32 -112 80
2200 -1375 0 32 -104 72
2200 -1100 0 32 -96 64
2200 -825 0 32 -88 56
2200 -550 0 32 -80 48
2200 -275 0 32 -72 40
2200 0 0 32 -64 32
2200 275 0 32 -56 24
2200 550 0 32 -48 16
2200 825 0 32 -40 8
2200 1100 0 32 -32 0
2200 1375 0 32 -24 -8
2200 1650 0 32 -16 -16
2200 1925 0 32 -8 -24
2200 2200 0 32 0 -32
2200 -2200 0 33 -132 99
2200 -2100 0 33 -129 96
2200 -2000 0 33 -126 93
2200 -1900 0 33 -123 90
2200 -1800 0 33 -120 87
2200 -1700 0 33 -117 84
2200 -1600 0 33 -114 81
2200 -1500 0 33 -111 78
2200 -1400 0 33 -108 75
2200 -1300 0 33 -105 72
2200 -1200 0 33 -102 69
2200 -1100 0 33 -99 66
2200 -1000 0 33 -96 63
2200 -900 0 33 -93 60
2200 -800 0 33 -90 57
2200 -700 0 33 -87 54
2200 -600 0 33 -84 51
2200 -500 0 33 -81 48
2200 -400 0 33 -78 45
2200 -300 0 33 -75 42
2200 -200 0 33 -72 39
2200 -100 0 33 -69 36
2200 0 0 33 -66 33
2200 100 0 33 -63 30
2200 200 0 33 -60 27
2200 300 0 33 -57 24
2200 400 0 33 -54 21
2200 500 0 33 -51 18
2200 600 0 33 -48 15
2200 700 0 33 -45 12
2200 800 0 33 -42 9
2200 900 0 33 -39 6
2200 1000 0 33 -36 3
2200 1100 0 33 -33 0
2200 1200 0 33 -30 -3
2200 1300 0 33 -27 -6
2200 1400 0 33 -24 -9
2200 1500 0 33 -21 -12
2200 1600 0 33 -18 -15
2200 1700 0 33 -15 -18
2200 1800 0 33 -12 -21
2200 1900 0 33 -9 -24
2200 2000 0 33 -6 -27
2200 2100 0 33 -3 -30
2200 2200 0 33 0 -33
2200 -2200 0 34 -136 102
2200 -1650 0 34 -119 85
2200 -1100 0 34 -102 68
2200 -550 0 34 -85 51
2200 0 0 34 -68 34
2200 550 0 34 -51 17
2200 1100 0 34 -34 0
2200 1650 0 34 -17 -17
2200 2200 0 34 0 -34
2200 -2200 0 35 -140 105
2200 -1980 0 35 -133 98
2200 -1760 0 35 -126 91
2200 -1540 0 35 -119 84
2200 -1320 0 35 -112 77
2200 -1100 0 35 -105 70
2200 -880 0 35 -98 63
2200 -660 0 35 -91 56
2200 -440 0 35 -84 49
2200 -220 0 35 -77 42
2200 0 0 35 -70 35
2200 220 0 35 -63 28
2200 440 0 35 -56 21
2200 660 0 35 -49 14
2200 880 0 35 -42 7
2200 1100 0 35 -35 0
2200 1320 0 35 -28 -7
2200 1540 0 35 -21 -14
2200 1760 0 35 -14 -21
2200 1980 0 35 -7 -28
2200 2200 0 35 0 -35
2200 -2200 -6 36 -144 144
2200 -2200 0 36 -144 108
2200 -2200 6 36 -144 144
2200 -1925 0 36 -135 99
2200 -1650 0 36 -126 90
2200 -1375 0 36 -117 81
2200 -1100 0 36 -108 72
2200 -825 0 36 -99 63
2200 -550 0 36 -90 54
2200 -275 0 36 -81 45
2200 0 0 36 -72 36
2200 275 0 36 -63 27
2200 550 0 36 -54 18
2200 825 0 36 -45 9
2200 1100 0 36 -36 0
2200 1375 0 36 -27 -9
2200 1650 0 36 -18 -18
2200 1925 0 36 -9 -27
2200 2200 0 36 0 -36
2200 -2200 0 37 -148 111
2200 -1100 0 37 -111 74
2200 0 0 37 -74 37
2200 1100 0 37 -37 0
2200 2200 0 37 0 -37
2200 -2200 0 38 -152 114
2200 -1650 0 38 -133 95
2200 -1100 0 38 -114 76
2200 -550 0 38 -95 57
2200 0 0 38 -76 38
2200 550 0 38 -57 19
2200 1100 0 38 -38 0
2200 1650 0 38 -19 -19
2200 2200 0 38 0 -38
2200 -2200 0 39 -156 117
2200 -1100 0 39 -117 78
2200 0 0 39 -78 39
2200 1100 0 39 -39 0
2200 2200 0 39 0 -39
2200 -2200 0 40 -160 120
2200 -2145 0 40 -158 118
2200 -2090 0 40 -156 116
2200 -2035 0 40 -154 114
2200 -1980 0 40 -152 112
2200 -1925 0 40 -150 110
2200 -1870 0 40 -148 108
2200 -1815 0 40 -146 106
2200 -1760 0 40 -144 104
2200 -1705 0 40 -142 102
2200 -1650 0 40 -140 100
2200 -1595 0 40 -138 98
2200 -1540 0 40 -136 96
2200 -1485 0 40 -134 94
2200 -1430 0 40 -132 92
2200 -1375 0 40 -130 90
2200 -1320 0 40 -128 88
2200 -1265 0 40 -126 86
2200 -1210 0 40 -124 84
2200 -1155 0 40 -122 82
2200 -1100 0 40 -120 80
2200 -1045 0 40 -118 78
2200 -990 0 40 -116 76
2200 -935 0 40 -114 74
2200 -880 0 40 -112 72
2200 -825 0 40 -110 70
2200 -770 0 40 -108 68
2200 -715 0 40 -106 66
2200 -660 0 40 -104 64
2200 -605 0 40 -102 62
2200 -550 0 40 -100 60
2200 -495 0 40 -98 58
2200 -440 0 40 -96 56
2200 -385 0 40 -94 54
2200 -330 0 40 -92 52
2200 -275 0 40 -90 50
2200 -220 0 40 -88 48
2200 -165 0 40 -86 46
2200 -110 0 40 -84 44
2200 -55 0 40 -82 42
2200 0 0 40 -80 40
2200 55 0 40 -78 38
2200 110 0 40 -76 36
2200 165 0 40 -74 34
2200 220 0 40 -72 32
2200 275 0 40 -70 30
2200 330 0 40 -68 28
2200 385 0 40 -66 26
2200 440 0 40 -64 24
2200 495 0 40 -62 22
2200 550 0 40 -60 20
2200 605 0 40 -58 18
2200 660 0 40 -56 16
2200 715 0 40 -54 14
2200 770 0 40 -52 12
2200 825 0 40 -50 10
2200 880 0 40 -48 8
2200 935 0 40 -46 6
2200 990 0 40 -44 4
2200 1045 0 40 -42 2
2200 1100 0 40 -40 0
2200 1155 0 40 -38 -2
2200 1210 0 40 -36 -4
2200 1265 0 40 -34 -6
2200 1320 0 40 -32 -8
2200 1375 0 40 -30 -10
2200 1430 0 40 -28 -12
2200 1485 0 40 -26 -14
2200 1540 0 40 -24 -16
2200 1595 0 40 -22 -18
2200 1650 0 40 -20 -20
2200 1705 0 40 -18 -22
2200 1760 0 40 -16 -24
2200 1815 0 40 -14 -26
2200 1870 0 40 -12 -28
2200 1925 0 40 -10 -30
2200 1980 0 40 -8 -32
2200 2035 0 40 -6 -34
2200 2090 0 40 -4 -36
2200 2145 0 40 -2 -38
2200 2200 0 40 0 -40
2200 -2200 0 41 -164 123
2200 -1100 0 41 -123 82
2200 0 0 41 -82 41
2200 1100 0 41 -41 0
2200 2200 0 41 0 -41
2200 -2200 0 42 -168 126
2200 -1650 0 42 -147 105
2200 -1100 0 42 -126 84
2200 -550 0 42 -105 63
2200 0 0 42 -84 42
2200 550 0 42 -63 21
2200 1100 0 42 -42 0
2200 1650 0 42 -21 -21
2200 2200 0 42 0 -42
2200 -2200 0 43 -172 129
2200 -1100 0 43 -129 86
2200 0 0 43 -86 43
2200 1100 0 43 -43 0
2200 2200 0 43 0 -43
2200 -2200 0 44 -176 132
2200 -2175 0 44 -175 131
2200 -2150 0 44 -174 130
2200 -2125 0 44 -173 129
2200 -2100 0 44 -172 128
2200 -2075 0 44 -171 127
2200 -2050 0 44 -170 126
2200 -2025 0 44 -169 125
2200 -2000 0 44 -168 124
2200 -1975 0 44 -167 123
2200 -1950 0 44 -166 122
2200 -1925 0 44 -165 121
2200 -1900 0 44 -164 120
2200 -1875 0 44 -163 119
2200 -1850 0 44 -162 118
2200 -1825 0 44 -161 117
2200 -1800 0 44 -160 116
2200 -1775 0 44 -159 115
2200 -1750 0 44 -158 114
2200 -1725 0 44 -157 113
2200 -1700 0 44 -156 112
2200 -1675 0 44 -155 111
2200 -1650 0 44 -154 110
2200 -1625 0 44 -153 109
2200 -1600 0 44 -152 108
2200 -1575 0 44 -151 107
2200 -1550 0 44 -150 106
2200 -1525 0 44 -149 105
2200 -1500 0 44 -148 104
2200 -1475 0 44 -147 103
2200 -1450 0 44 -146 102
2200 -1425 0 44 -145 101
2200 -1400 0 44 -144 100
2200 -1375 0 44 -143 99
2200 -1350 0 44 -142 98
2200 -1325 0 44 -141 97
2200 -1300 0 44 -140 96
2200 -1275 0 44 -139 95
2200 -1250 0 44 -138 94
2200 -1225 0 44 -137 93
2200 -1200 0 44 -136 92
2200 -1175 0 44 -135 91
2200 -1150 0 44 -134 90
2200 -1125 0 44 -133 89
2200 -1100 0 44 -132 88
2200 -1075 0 44 -131 87
2200 -1050 0 44 -130 86
2200 -1025 0 44 -129 85
2200 -1000 0 44 -128 84
2200 -975 0 44 -127 83
2200 -950 0 44 -126 82
2200 -925 0 44 -125 81
2200 -900 0 44 -124 80
2200 -875 0 44 -123 79
2200 -850 0 44 -122 78
2200 -825 0 44 -121 77
2200 -800 0 44 -120 76
2200 -775 0 44 -119 75
2200 -750 0 44 -118 74
2200 -725 0 44 -117 73
2200 -700 0 44 -116 72
2200 -675 0 44 -115 71
2200 -650 0 44 -114 70
2200 -625 0 44 -113 69
2200 -600 0 44 -112 68
2200 -575 0 44 -111 67
2200 -550 0 44 -110 66
2200 -525 0 44 -109 65
2200 -500 0 44 -108 64
2200 -475 0 44 -107 63
2200 -450 0 44 -106 62
2200 -425 0 44 -105 61
2200 -400 0 44 -104 60
2200 -375 0 44 -103 59
2200 -350 0 44 -102 58
2200 -325 0 44 -101 57
2200 -300 0 44 -100 56
2200 -275 0 44 -99 55
2200 -250 0 44 -98 54
2200 -225 0 44 -97 53
2200 -200 0 44 -96 52
2200 -175 0 44 -95 51
2200 -150 0 44 -94 50
2200 -125 0 44 -93 49
2200 -100 0 44 -92 48
2200 -75 0 44 -91 47
2200 -50 0 44 -90 46
2200 -25 0 44 -89 45
2200 0 0 44 -88 44
2200 25 0 44 -87 43
2200 50 0 44 -86 42
2200 75 0 44 -85 41
2200 100 0 44 -84 40
2200 125 0 44 -83 39
2200 150 0 44 -82 38
2200 175 0 44 -81 37
2200 200 0 44 -80 36
2200 225 0 44 -79 35
2200 250 0 44 -78 34
2200 275 0 44 -77 33
2200 300 0 44 -76 32
2200 325 0 44 -75 31
2200 350 0 44 -74 30
2200 375 0 44 -73 29
2200 400 0 44 -72 28
2200 425 0 44 -71 27
2200 450 0 44 -70 26
2200 475 0 44 -69 25
2200 500 0 44 -68 24
2200 525 0 44 -67 23
2200 550 0 44 -66 22
2200 575 0 44 -65 21
2200 600 0 44 -64 20
2200 625 0 44 -63 19
2200 650 0 44 -62 18
2200 675 0 44 -61 17
2200 700 0 44 -60 16
2200 725 0 44 -59 15
2200 750 0 44 -58 14
2200 775 0 44 -57 13
2200 800 0 44 -56 12
2200 825 0 44 -55 11
2200 850 0 44 -54 10
2200 875 0 44 -53 9
2200 900 0 44 -52 8
2200 925 0 44 -51 7
2200 950 0 44 -50 6
2200 975 0 44 -49 5
2200 1000 0 44 -48 4
2200 1025 0 44 -47 3
2200 1050 0 44 -46 2
2200 1075 0 44 -45 1
2200 1100 0 44 -44 0
2200 1125 0 44 -43 -1
2200 1150 0 44 -42 -2
2200 1175 0 44 -41 -3
2200 1200 0 44 -40 -4
2200 1225 0 44 -39 -5
2200 1250 0 44 -38 -6
2200 1275 0 44 -37 -7
2200 1300 0 44 -36 -8
2200 1325 0 44 -35 -9
2200 1350 0 44 -34 -10
2200 1375 0 44 -33 -11
2200 1400 0 44 -32 -12
2200 1425 0 44 -31 -13
2200 1450 0 44 -30 -14
2200 1475 0 44 -29 -15
2200 1500 0 44 -28 -16
2200 1525 0 44 -27 -17
2200 1550 0 44 -26 -18
2200 1575 0 44 -25 -19
2200 1600 0 44 -24 -20
2200 1625 0 44 -23 -21
2200 1650 0 44 -22 -22
2200 1675 0 44 -21 -23
2200 1700 0 44 -20 -24
2200 1725 0 44 -19 -25
2200 1750 0 44 -18 -26
2200 1775 0 44 -17 -27
2200 1800 0 44 -16 -28
2200 1825 0 44 -15 -29
2200 1850 0 44 -14 -30
2200 1875 0 44 -13 -31
2200 1900 0 44 -12 -32
2200 1925 0 44 -11 -33
2200 1950 0 44 -10 -34
2200 1975 0 44 -9 -35
2200 2000 0 44 -8 -36
2200 2025 0 44 -7 -37
2200 2050 0 44 -6 -38
2200 2075 0 44 -5 -39
2200 2100 0 44 -4 -40
2200 2125 0 44 -3 -41
2200 2150 0 44 -2 -42
2200 2175 0 44 -1 -43
2200 2200 0 44 0 -44
2200 -2200 0 45 -180 135
2200 -1980 0 45 -171 126
2200 -1760 0 45 -162 117
2200 -1540 0 45 -153 108
2200 -1320 0 45 -144 99
2200 -1100 0 45 -135 90
2200 -880 0 45 -126 81
2200 -660 0 45 -117 72
2200 -440 0 45 -108 63
2200 -220 0 45 -99 54
2200 0 0 45 -90 45
2200 220 0 45 -81 36
2200 440 0 45 -72 27
2200 660 0 45 -63 18
2200 880 0 45 -54 9
2200 1100 0 45 -45 0
2200 1320 0 45 -36 -9
2200 1540 0 45 -27 -18
2200 1760 0 45 -18 -27
2200 1980 0 45 -9 -36
2200 2200 0 45 0 -45
2200 -2200 0 46 -184 138
2200 -1650 0 46 -161 115
2200 -1100 0 46 -138 92
2200 -550 0 46 -115 69
2200 0 0 46 -92 46
2200 550 0 46 -69 23
2200 1100 0 46 -46 0
2200 1650 0 46 -23 -23
2200 2200 0 46 0 -46
2200 -2200 0 47 -188 141
2200 -1100 0 47 -141 94
2200 0 0 47 -94 47
2200 1100 0 47 -47 0
2200 2200 0 47 0 -47
2200 -2200 0 48 -192 144
2200 -1925 0 48 -180 132
2200 -1650 0 48 -168 120
2200 -1375 0 48 -156 108
2200 -1100 0 48 -144 96
2200 -825 0 48 -132 84
2200 -550 0 48 -120 72
2200 -275 0 48 -108 60
2200 0 0 48 -96 48
2200 275 0 48 -84 36
2200 550 0 48 -72 24
2200 825 0 48 -60 12
2200 1100 0 48 -48 0
2200 1375 0 48 -36 -12
2200 1650 0 48 -24 -24
2200 1925 0 48 -12 -36
2200 2200 0 48 0 -48
2200 -2200 -7 49 -196 196
2200 -2200 0 49 -196 147
2200 -2200 7 49 -196 196
2200 -1100 0 49 -147 98
2200 0 0 49 -98 49
2200 1100 0 49 -49 0
2200 2200 0 49 0 -49
2200 -2200 0 50 -200 150
2200 -2178 0 50 -199 149
2200 -2156 0 50 -198 148
2200 -2134 0 50 -197 147
2200 -2112 0 50 -196 146
2200 -2090 0 50 -195 145
2200 -2068 0 50 -194 144
2200 -2046 0 50 -193 143
2200 -2024 0 50 -192 142
2200 -2002 0 50 -191 141
2200 -1980 0 50 -190 140
2200 -1958 0 50 -189 139
2200 -1936 0 50 -188 138
2200 -1914 0 50 -187 137
2200 -1892 0 50 -186 136
2200 -1870 0 50 -185 135
2200 -1848 0 50 -184 134
2200 -1826 0 50 -183 133
2200 -1804 0 50 -182 132
2200 -1782 0 50 -181 131
2200 -1760 0 50 -180 130
2200 -1738 0 50 -179 129
2200 -1716 0 50 -178 128
2200 -1694 0 50 -177 127
2200 -1672 0 50 -176 126
2200 -1650 0 50 -175 125
2200 -1628 0 50 -174 124
2200 -1606 0 50 -173 123
2200 -1584 0 50 -172 122
2200 -1562 0 50 -171 121
2200 -1540 0 50 -170 120
2200 -1518 0 50 -169 119
2200 -1496 0 50 -168 118
2200 -1474 0 50 -167 117
2200 -1452 0 50 -166 116
2200 -1430 0 50 -165 115
2200 -1408 0 50 -164 114
2200 -1386 0 50 -163 113
2200 -1364 0 50 -162 112
2200 -1342 0 50 -161 111
2200 -1320 0 50 -160 110
2200 -1298 0 50 -159 109
2200 -1276 0 50 -158 108
2200 -1254 0 50 -157 107
2200 -1232 0 50 -156 106
2200 -1210 0 50 -155 105
2200 -1188 0 50 -154 104
2200 -1166 0 50 -153 103
2200 -1144 0 50 -152 102
2200 -1122 0 50 -151 101
2200 -1100 0 50 -150 100
2200 -1078 0 50 -149 99
2200 -1056 0 50 -148 98
2200 -1034 0 50 -147 97
2200 -1012 0 50 -146 96
2200 -990 0 50 -145 95
2200 -968 0 50 -144 94
2200 -946 0 50 -143 93
2200 -924 0 50 -142 92
2200 -902 0 50 -141 91
2200 -880 0 50 -140 90
2200 -858 0 50 -139 89
2200 -836 0 50 -138 88
2200 -814 0 50 -137 87
2200 -792 0 50 -136 86
2200 -770 0 50 -135 85
2200 -748 0 50 -134 84
2200 -726 0 50 -133 83
2200 -704 0 50 -132 82
2200 -682 0 50 -131 81
2200 -660 0 50 -130 80
2200 -638 0 50 -129 79
2200 -616 0 50 -128 78
2200 -594 0 50 -127 77
2200 -572 0 50 -126 76
2200 -550 0 50 -125 75
2200 -528 0 50 -124 74
2200 -506 0 50 -123 73
2200 -484 0 50 -122 72
2200 -462 0 50 -121 71
2200 -440 0 50 -120 70
2200 -418 0 50 -119 69
2200 -396 0 50 -118 68
2200 -374 0 50 -117 67
2200 -352 0 50 -116 66
2200 -330 0 50 -115 65
2200 -308 0 50 -114 64
2200 -286 0 50 -113 63
2200 -264 0 50 -112 62
2200 -242 0 50 -111 61
2200 -220 0 50 -110 60
2200 -198 0 50 -109 59
2200 -176 0 50 -108 58
2200 -154 0 50 -107 57
2200 -132 0 50 -106 56
2200 -110 0 50 -105 55
2200 -88 0 50 -104 54
2200 -66 0 50 -103 53
2200 -44 0 50 -102 52
2200 -22 0 50 -101 51
2200 0 0 50 -100 50
2200 22 0 50 -99 49
2200 44 0 50 -98 48
2200 66 0 50 -97 47
2200 88 0 50 -96 46
2200 110 0 50 -95 45
2200 132 0 50 -94 44
2200 154 0 50 -93 43
2200 176 0 50 -92 42
2200 198 0 50 -91 41
2200 220 0 50 -90 40
2200 242 0 50 -89 39
2200 264 0 50 -88 38
2200 286 0 50 -87 37
2200 308 0 50 -86 36
2200 330 0 50 -85 35
2200 352 0 50 -84 34
2200 374 0 50 -83 33
2200 396 0 50 -82 32
2200 418 0 50 -81 31
2200 440 0 50 -80 30
2200 462 0 50 -79 29
2200 484 0 50 -78 28
2200 506 0 50 -77 27
2200 528 0 50 -76 26
2200 550 0 50 -75 25
2200 572 0 50 -74 24
2200 594 0 50 -73 23
2200 616 0 50 -72 22
2200 638 0 50 -71 21
2200 660 0 50 -70 20
2200 682 0 50 -69 19
2200 704 0 50 -68 18
2200 726 0 50 -67 17
2200 748 0 50 -66 16
2200 770 0 50 -65 15
2200 792 0 50 -64 14
2200 814 0 50 -63 13
2200 836 0 50 -62 12
2200 858 0 50 -61 11
2200 880 0 50 -60 10
2200 902 0 50 -59 9
2200 924 0 50 -58 8
2200 946 0 50 -57 7
2200 968 0 50 -56 6
2200 990 0 50 -55 5
2200 1012 0 50 -54 4
2200 1034 0 50 -53 3
2200 1056 0 50 -52 2
2200 1078 0 50 -51 1
2200 1100 0 50 -50 0
2200 1122 0 50 -49 -1
2200 1144 0 50 -48 -2
2200 1166 0 50 -47 -3
2200 1188 0 50 -46 -4
2200 1210 0 50 -45 -5
2200 1232 0 50 -44 -6
2200 1254 0 50 -43 -7
2200 1276 0 50 -42 -8
2200 1298 0 50 -41 -9
2200 1320 0 50 -40 -10
2200 1342 0 50 -39 -11
2200 1364 0 50 -38 -12
2200 1386 0 50 -37 -13
2200 1408 0 50 -36 -14
2200 1430 0 50 -35 -15
2200 1452 0 50 -34 -16
2200 1474 0 50 -33 -17
2200 1496 0 50 -32 -18
2200 1518 0 50 -31 -19
2200 1540 0 50 -30 -20
2200 1562 0 50 -29 -21
2200 1584 0 50 -28 -22
2200 1606 0 50 -27 -23
2200 1628 0 50 -26 -24
2200 1650 0 50 -25 -25
2200 1672 0 50 -24 -26
2200 1694 0 50 -23 -27
2200 1716 0 50 -22 -28
2200 1738 0 50 -21 -29
2200 1760 0 50 -20 -30
2200 1782 0 50 -19 -31
2200 1804 0 50 -18 -32
2200 1826 0 50 -17 -33
2200 1848 0 50 -16 -34
2200 1870 0 50 -15 -35
2200 1892 0 50 -14 -36
2200 1914 0 50 -13 -37
2200 1936 0 50 -12 -38
2200 1958 0 50 -11 -39
2200 1980 0 50 -10 -40
2200 2002 0 50 -9 -41
2200 2024 0 50 -8 -42
2200 2046 0 50 -7 -43
2200 2068 0 50 -6 -44
2200 2090 0 50 -5 -45
2200 2112 0 50 -4 -46
2200 2134 0 50 -3 -47
2200 2156 0 50 -2 -48
2200 2178 0 50 -1 -49
2200 2200 0 50 0 -50
2200 -2200 0 51 -204 153
2200 -1100 0 51 -153 102
2200 0 0 51 -102 51
2200 1100 0 51 -51 0
2200 2200 0 51 0 -51
2200 -2200 0 52 -208 156
2200 -1925 0 52 -195 143
2200 -1650 0 52 -182 130
2200 -1375 0 52 -169 117
2200 -1100 0 52 -156 104
2200 -825 0 52 -143 91
2200 -550 0 52 -130 78
2200 -275 0 52 -117 65
2200 0 0 52 -104 52
2200 275 0 52 -91 39
2200 550 0 52 -78 26
2200 825 0 52 -65 13
2200 1100 0 52 -52 0
2200 1375 0 52 -39 -13
2200 1650 0 52 -26 -26
2200 1925 0 52 -13 -39
2200 2200 0 52 0 -52
2200 -2200 0 53 -212 159
2200 -1100 0 53 -159 106
2200 0 0 53 -106 53
2200 1100 0 53 -53 0
2200 2200 0 53 0 -53
2200 -2200 0 54 -216 162
2200 -1650 0 54 -189 135
2200 -1100 0 54 -162 108
2200 -550 0 54 -135 81
2200 0 0 54 -108 54
2200 550 0 54 -81 27
2200 1100 0 54 -54 0
2200 1650 0 54 -27 -27
2200 2200 0 54 0 -54
2200 -2200 0 55 -220 165
2200 -2180 0 55 -219 164
2200 -2160 0 55 -218 163
2200 -2140 0 55 -217 162
2200 -2120 0 55 -216 161
2200 -2100 0 55 -215 160
2200 -2080 0 55 -214 159
2200 -2060 0 55 -213 158
2200 -2040 0 55 -212 157
2200 -2020 0 55 -211 156
2200 -2000 0 55 -210 155
2200 -1980 0 55 -209 154
2200 -1960 0 55 -208 153
2200 -1940 0 55 -207 152
2200 -1920 0 55 -206 151
2200 -1900 0 55 -205 150
2200 -1880 0 55 -204 149
2200 -1860 0 55 -203 148
2200 -1840 0 55 -202 147
2200 -1820 0 55 -201 146
2200 -1800 0 55 -200 145
2200 -1780 0 55 -199 144
2200 -1760 0 55 -198 143
2200 -1740 0 55 -197 142
2200 -1720 0 55 -196 141
2200 -1700 0 55 -195 140
2200 -1680 0 55 -194 139
2200 -1660 0 55 -193 138
2200 -1640 0 55 -192 137
2200 -1620 0 55 -191 136
2200 -1600 0 55 -190 135
2200 -1580 0 55 -189 134
2200 -1560 0 55 -188 133
2200 -1540 0 55 -187 132
2200 -1520 0 55 -186 131
2200 -1500 0 55 -185 130
2200 -1480 0 55 -184 129
2200 -1460 0 55 -183 128
2200 -1440 0 55 -182 127
2200 -1420 0 55 -181 126
2200 -1400 0 55 -180 125
2200 -1380 0 55 -179 124
2200 -1360 0 55 -178 123
2200 -1340 0 55 -177 122
2200 -1320 0 55 -176 121
2200 -1300 0 55 -175 120
2200 -1280 0 55 -174 119
2200 -1260 0 55 -173 118
2200 -1240 0 55 -172 117
2200 -1220 0 55 -171 116
2200 -1200 0 55 -170 115
2200 -1180 0 55 -169 114
2200 -1160 0 55 -168 113
2200 -1140 0 55 -167 112
2200 -1120 0 55 -166 111
2200 -1100 0 55 -165 110
2200 -1080 0 55 -164 109
2200 -1060 0 55 -163 108
2200 -1040 0 55 -162 107
2200 -1020 0 55 -161 106
2200 -1000 0 55 -160 105
2200 -980 0 55 -159 104
2200 -960 0 55 -158 103
2200 -940 0 55 -157 102
2200 -920 0 55 -156 101
2200 -900 0 55 -155 100
2200 -880 0 55 -154 99
2200 -860 0 55 -153 98
2200 -840 0 55 -152 97
2200 -820 0 55 -151 96
2200 -800 0 55 -150 95
2200 -780 0 55 -149 94
2200 -760 0 55 -148 93
2200 -740 0 55 -147 92
2200 -720 0 55 -146 91
2200 -700 0 55 -145 90
2200 -680 0 55 -144 89
2200 -660 0 55 -143 88
2200 -640 0 55 -142 87
2200 -620 0 55 -141 86
2200 -600 0 55 -140 85
2200 -580 0 55 -139 84
2200 -560 0 55 -138 83
2200 -540 0 55 -137 82
2200 -520 0 55 -136 81
2200 -500 0 55 -135 80
2200 -480 0 55 -134 79
2200 -460 0 55 -133 78
2200 -440 0 55 -132 77
2200 -420 0 55 -131 76
2200 -400 0 55 -130 75
2200 -380 0 55 -129 74
2200 -360 0 55 -128 73
2200 -340 0 55 -127 72
2200 -320 0 55 -126 71
2200 -300 0 55 -125 70
2200 -280 0 55 -124 69
2200 -260 0 55 -123 68
2200 -240 0 55 -122 67
2200 -220 0 55 -121 66
2200 -200 0 55 -120 65
2200 -180 0 55 -119 64
2200 -160 0 55 -118 63
2200 -140 0 55 -117 62
2200 -120 0 55 -116 61
2200 -100 0 55 -115 60
2200 -80 0 55 -114 59
2200 -60 0 55 -113 58
2200 -40 0 55 -112 57
2200 -20 0 55 -111 56
2200 0 0 55 -110 55
2200 20 0 55 -109 54
2200 40 0 55 -108 53
2200 60 0 55 -107 52
2200 80 0 55 -106 51
2200 100 0 55 -105 50
2200 120 0 55 -104 49
2200 140 0 55 -103 48
2200 160 0 55 -102 47
2200 180 0 55 -101 46
2200 200 0 55 -100 45
2200 220 0 55 -99 44
2200 240 0 55 -98 43
2200 260 0 55 -97 42
2200 280 0 55 -96 41
2200 300 0 55 -95 40
2200 320 0 55 -94 39
2200 340 0 55 -93 38
2200 360 0 55 -92 37
2200 380 0 55 -91 36
2200 400 0 55 -90 35
2200 420 0 55 -89 34
2200 440 0 55 -88 33
2200 460 0 55 -87 32
2200 480 0 55 -86 31
2200 500 0 55 -85 30
2200 520 0 55 -84 29
2200 540 0 55 -83 28
2200 560 0 55 -82 27
2200 580 0 55 -81 26
2200 600 0 55 -80 25
2200 620 0 55 -79 24
2200 640 0 55 -78 23
2200 660 0 55 -77 22
2200 680 0 55 -76 21
2200 700 0 55 -75 20
2200 720 0 55 -74 19
2200 740 0 55 -73 18
2200 760 0 55 -72 17
2200 780 0 55 -71 16
2200 800 0 55 -70 15
2200 820 0 55 -69 14
2200 840 0 55 -68 13
2200 860 0 55 -67 12
2200 880 0 55 -66 11
2200 900 0 55 -65 10
2200 920 0 55 -64 9
2200 940 0 55 -63 8
2200 960 0 55 -62 7
2200 980 0 55 -61 6
2200 1000 0 55 -60 5
2200 1020 0 55 -59 4
2200 1040 0 55 -58 3
2200 1060 0 55 -57 2
2200 1080 0 55 -56 1
2200 1100 0 55 -55 0
2200 1120 0 55 -54 -1
2200 1140 0 55 -53 -2
2200 1160 0 55 -52 -3
2200 1180 0 55 -51 -4
2200 1200 0 55 -50 -5
2200 1220 0 55 -49 -6
2200 1240 0 55 -48 -7
2200 1260 0 55 -47 -8
2200 1280 0 55 -46 -9
2200 1300 0 55 -45 -10
2200 1320 0 55 -44 -11
2200 1340 0 55 -43 -12
2200 1360 0 55 -42 -13
2200 1380 0 55 -41 -14
2200 1400 0 55 -40 -15
2200 1420 0 55 -39 -16
2200 1440 0 55 -38 -17
2200 1460 0 55 -37 -18
2200 1480 0 55 -36 -19
2200 1500 0 55 -35 -20
2200 1520 0 55 -34 -21
2200 1540 0 55 -33 -22
2200 1560 0 55 -32 -23
2200 1580 0 55 -31 -24
2200 1600 0 55 -30 -25
2200 1620 0 55 -29 -26
2200 1640 0 55 -28 -27
2200 1660 0 55 -27 -28
2200 1680 0 55 -26 -29
2200 1700 0 55 -25 -30
2200 1720 0 55 -24 -31
2200 1740 0 55 -23 -32
2200 1760 0 55 -22 -33
2200 1780 0 55 -21 -34
2200 1800 0 55 -20 -35
2200 1820 0 55 -19 -36
2200 1840 0 55 -18 -37
2200 1860 0 55 -17 -38
2200 1880 0 55 -16 -39
2200 1900 0 55 -15 -40
2200 1920 0 55 -14 -41
2200 1940 0 55 -13 -42
2200 1960 0 55 -12 -43
2200 1980 0 55 -11 -44
2200 2000 0 55 -10 -45
2200 2020 0 55 -9 -46
2200 2040 0 55 -8 -47
2200 2060 0 55 -7 -48
2200 2080 0 55 -6 -49
2200 2100 0 55 -5 -50
2200 2120 0 55 -4 -51
2200 2140 0 55 -3 -52
2200 2160 0 55 -2 -53
2200 2180 0 55 -1 -54
2200 2200 0 55 0 -55
2200 -2200 0 56 -224 168
2200 -1925 0 56 -210 154
2200 -1650 0 56 -196 140
2200 -1375 0 56 -182 126
2200 -1100 0 56 -168 112
2200 -825 0 56 -154 98
2200 -550 0 56 -140 84
2200 -275 0 56 -126 70
2200 0 0 56 -112 56
2200 275 0 56 -98 42
2200 550 0 56 -84 28
2200 825 0 56 -70 14
2200 1100 0 56 -56 0
2200 1375 0 56 -42 -14
2200 1650 0 56 -28 -28
2200 1925 0 56 -14 -42
2200 2200 0 56 0 -56
2200 -2200 0 57 -228 171
2200 -1100 0 57 -171 114
2200 0 0 57 -114 57
2200 1100 0 57 -57 0
2200 2200 0 57 0 -57
2200 -2200 0 58 -232 174
2200 -1650 0 58 -203 145
2200 -1100 0 58 -174 116
2200 -550 0 58 -145 87
2200 0 0 58 -116 58
2200 550 0 58 -87 29
2200 1100 0 58 -58 0
2200 1650 0 58 -29 -29
2200 2200 0 58 0 -58
2200 -2200 0 59 -236 177
2200 -1100 0 59 -177 118
2200 0 0 59 -118 59
2200 1100 0 59 -59 0
2200 2200 0 59 0 -59
2200 -2200 0 60 -240 180
2200 -2145 0 60 -237 177
2200 -2090 0 60 -234 174
2200 -2035 0 60 -231 171
2200 -1980 0 60 -228 168
2200 -1925 0 60 -225 165
2200 -1870 0 60 -222 162
2200 -1815 0 60 -219 159
2200 -1760 0 60 -216 156
2200 -1705 0 60 -213 153
2200 -1650 0 60 -210 150
2200 -1595 0 60 -207 147
2200 -1540 0 60 -204 144
2200 -1485 0 60 -201 141
2200 -1430 0 60 -198 138
2200 -1375 0 60 -195 135
2200 -1320 0 60 -192 132
2200 -1265 0 60 -189 129
2200 -1210 0 60 -186 126
2200 -1155 0 60 -183 123
2200 -1100 0 60 -180 120
2200 -1045 0 60 -177 117
2200 -990 0 60 -174 114
2200 -935 0 60 -171 111
2200 -880 0 60 -168 108
2200 -825 0 60 -165 105
2200 -770 0 60 -162 102
2200 -715 0 60 -159 99
2200 -660 0 60 -156 96
2200 -605 0 60 -153 93
2200 -550 0 60 -150 90
2200 -495 0 60 -147 87
2200 -440 0 60 -144 84
2200 -385 0 60 -141 81
2200 -330 0 60 -138 78
2200 -275 0 60 -135 75
2200 -220 0 60 -132 72
2200 -165 0 60 -129 69
2200 -110 0 60 -126 66
2200 -55 0 60 -123 63
2200 0 0 60 -120 60
2200 55 0 60 -117 57
2200 110 0 60 -114 54
2200 165 0 60 -111 51
2200 220 0 60 -108 48
2200 275 0 60 -105 45
2200 330 0 60 -102 42
2200 385 0 60 -99 39
2200 440 0 60 -96 36
2200 495 0 60 -93 33
2200 550 0 60 -90 30
2200 605 0 60 -87 27
2200 660 0 60 -84 24
2200 715 0 60 -81 21
2200 770 0 60 -78 18
2200 825 0 60 -75 15
2200 880 0 60 -72 12
2200 935 0 60 -69 9
2200 990 0 60 -66 6
2200 1045 0 60 -63 3
2200 1100 0 60 -60 0
2200 1155 0 60 -57 -3
2200 1210 0 60 -54 -6
2200 1265 0 60 -51 -9
2200 1320 0 60 -48 -12
2200 1375 0 60 -45 -15
2200 1430 0 60 -42 -18
2200 1485 0 60 -39 -21
2200 1540 0 60 -36 -24
2200 1595 0 60 -33 -27
2200 1650 0 60 -30 -30
2200 1705 0 60 -27 -33
2200 1760 0 60 -24 -36
2200 1815 0 60 -21 -39
2200 1870 0 60 -18 -42
2200 1925 0 60 -15 -45
2200 1980 0 60 -12 -48
2200 2035 0 60 -9 -51
2200 2090 0 60 -6 -54
2200 2145 0 60 -3 -57
2200 2200 0 60 0 -60
2201 -2201 0 -60 240 -180
2201 0 0 -60 120 -60
2201 2201 0 -60 0 60
2201 -2201 0 -59 236 -177
2201 0 0 -59 118 -59
2201 2201 0 -59 0 59
2201 -2201 0 -58 232 -174
2201 0 0 -58 116 -58
2201 2201 0 -58 0 58
2201 -2201 0 -57 228 -171
2201 0 0 -57 114 -57
2201 2201 0 -57 0 57
2201 -2201 0 -56 224 -168
2201 0 0 -56 112 -56
2201 2201 0 -56 0 56
2201 -2201 0 -55 220 -165
2201 0 0 -55 110 -55
2201 2201 0 -55 0 55
2201 -2201 0 -54 216 -162
2201 0 0 -54 108 -54
2201 2201 0 -54 0 54
2201 -2201 0 -53 212 -159
2201 0 0 -53 106 -53
2201 2201 0 -53 0 53
2201 -2201 0 -52 208 -156
2201 0 0 -52 104 -52
2201 2201 0 -52 0 52
2201 -2201 0 -51 204 -153
2201 0 0 -51 102 -51
2201 2201 0 -51 0 51
2201 -2201 0 -50 200 -150
2201 0 0 -50 100 -50
2201 2201 0 -50 0 50
2201 -2201 0 -49 196 -147
2201 0 0 -49 98 -49
2201 2201 0 -49 0 49
2201 -2201 0 -48 192 -144
2201 0 0 -48 96 -48
2201 2201 0 -48 0 48
2201 -2201 0 -47 188 -141
2201 0 0 -47 94 -47
2201 2201 0 -47 0 47
2201 -2201 0 -46 184 -138
2201 0 0 -46 92 -46
2201 2201 0 -46 0 46
2201 -2201 0 -45 180 -135
2201 0 0 -45 90 -45
2201 2201 0 -45 0 45
2201 -2201 0 -44 176 -132
2201 0 0 -44 88 -44
2201 2201 0 -44 0 44
2201 -2201 0 -43 172 -129
2201 0 0 -43 86 -43
2201 2201 0 -43 0 43
2201 -2201 0 -42 168 -126
2201 0 0 -42 84 -42
2201 2201 0 -42 0 42
2201 -2201 0 -41 164 -123
2201 0 0 -41 82 -41
2201 2201 0 -41 0 41
2201 -2201 0 -40 160 -120
2201 0 0 -40 80 -40
2201 2201 0 -40 0 40
2201 -2201 0 -39 156 -117
2201 0 0 -39 78 -39
2201 2201 0 -39 0 39
2201 -2201 0 -38 152 -114
2201 0 0 -38 76 -38
2201 2201 0 -38 0 38
2201 -2201 0 -37 148 -111
2201 0 0 -37 74 -37
2201 2201 0 -37 0 37
2201 -2201 0 -36 144 -108
2201 0 0 -36 72 -36
2201 2201 0 -36 0 36
2201 -2201 0 -35 140 -105
2201 0 0 -35 70 -35
2201 2201 0 -35 0 35
2201 -2201 0 -34 136 -102
2201 0 0 -34 68 -34
2201 2201 0 -34 0 34
2201 -2201 0 -33 132 -99
2201 0 0 -33 66 -33
2201 2201 0 -33 0 33
2201 -2201 0 -32 128 -96
2201 0 0 -32 64 -32
2201 2201 0 -32 0 32
2201 -2201 0 -31 124 -93
2201 -2130 0 -31 122 -91
2201 -2059 0 -31 120 -89
2201 -1988 0 -31 118 -87
2201 -1917 0 -31 116 -85
2201 -1846 0 -31 114 -83
2201 -1775 0 -31 112 -81
2201 -1704 0 -31 110 -79
2201 -1633 0 -31 108 -77
2201 -1562 0 -31 106 -75
2201 -1491 0 -31 104 -73
2201 -1420 0 -31 102 -71
2201 -1349 0 -31 100 -69
2201 -1278 0 -31 98 -67
2201 -1207 0 -31 96 -65
2201 -1136 0 -31 94 -63
2201 -1065 0 -31 92 -61
2201 -994 0 -31 90 -59
2201 -923 0 -31 88 -57
2201 -852 0 -31 86 -55
2201 -781 0 -31 84 -53
2201 -710 0 -31 82 -51
2201 -639 0 -31 80 -49
2201 -568 0 -31 78 -47
2201 -497 0 -31 76 -45
2201 -426 0 -31 74 -43
2201 -355 0 -31 72 -41
2201 -284 0 -31 70 -39
2201 -213 0 -31 68 -37
2201 -142 0 -31 66 -35
2201 -71 0 -31 64 -33
2201 0 0 -31 62 -31
2201 71 0 -31 60 -29
2201 142 0 -31 58 -27
2201 213 0 -31 56 -25
2201 284 0 -31 54 -23
2201 355 0 -31 52 -21
2201 426 0 -31 50 -19
2201 497 0 -31 48 -17
2201 568 0 -31 46 -15
2201 639 0 -31 44 -13
2201 710 0 -31 42 -11
2201 781 0 -31 40 -9
2201 852 0 -31 38 -7
2201 923 0 -31 36 -5
2201 994 0 -31 34 -3
2201 1065 0 -31 32 -1
2201 1136 0 -31 30 1
2201 1207 0 -31 28 3
2201 1278 0 -31 26 5
2201 1349 0 -31 24 7
2201 1420 0 -31 22 9
2201 1491 0 -31 20 11
2201 1562 0 -31 18 13
2201 1633 0 -31 16 15
2201 1704 0 -31 14 17
2201 1775 0 -31 12 19
2201 1846 0 -31 10 21
2201 1917 -284 -31 8 39
2201 1917 0 -31 8 23
2201 1988 -213 -31 6 37
2201 1988 0 -31 6 25
2201 2059 -142 -31 4 35
2201 2059 0 -31 4 27
2201 2130 -71 -31 2 33
2201 2130 0 -31 2 29
2201 2201 0 -31 0 31
2201 -2201 0 -30 120 -90
2201 0 0 -30 60 -30
2201 2201 0 -30 0 30
2201 -2201 0 -29 116 -87
2201 0 0 -29 58 -29
2201 2201 0 -29 0 29
2201 -2201 0 -28 112 -84
2201 0 0 -28 56 -28
2201 2201 0 -28 0 28
2201 -2201 0 -27 108 -81
2201 0 0 -27 54 -27
2201 2201 0 -27 0 27
2201 -2201 0 -26 104 -78
2201 0 0 -26 52 -26
2201 2201 0 -26 0 26
2201 -2201 0 -25 100 -75
2201 0 0 -25 50 -25
2201 2201 0 -25 0 25
2201 -2201 0 -24 96 -72
2201 0 0 -24 48 -24
2201 2201 0 -24 0 24
2201 -2201 0 -23 92 -69
2201 0 0 -23 46 -23
2201 2201 0 -23 0 23
2201 -2201 0 -22 88 -66
2201 0 0 -22 44 -22
2201 2201 0 -22 0 22
2201 -2201 0 -21 84 -63
2201 0 0 -21 42 -21
2201 2201 0 -21 0 21
2201 -2201 0 -20 80 -60
2201 0 0 -20 40 -20
2201 2201 0 -20 0 20
2201 -2201 0 -19 76 -57
2201 0 0 -19 38 -19
2201 2201 0 -19 0 19
2201 -2201 0 -18 72 -54
2201 0 0 -18 36 -18
2201 2201 0 -18 0 18
2201 -2201 0 -17 68 -51
2201 0 0 -17 34 -17
2201 2201 0 -17 0 17
2201 -2201 0 -16 64 -48
2201 0 0 -16 32 -16
2201 2201 0 -16 0 16
2201 -2201 0 -15 60 -45
2201 0 0 -15 30 -15
2201 2201 0 -15 0 15
2201 -2201 0 -14 56 -42
2201 0 0 -14 28 -14
2201 2201 0 -14 0 14
2201 -2201 0 -13 52 -39
2201 0 0 -13 26 -13
2201 2201 0 -13 0 13
2201 -2201 0 -12 48 -36
2201 0 0 -12 24 -12
2201 2201 0 -12 0 12
2201 -2201 0 -11 44 -33
2201 0 0 -11 22 -11
2201 2201 0 -11 0 11
2201 -2201 0 -10 40 -30
2201 0 0 -10 20 -10
2201 2201 0 -10 0 10
2201 -2201 0 -9 36 -27
2201 0 0 -9 18 -9
2201 2201 0 -9 0 9
2201 -2201 0 -8 32 -24
2201 0 0 -8 16 -8
2201 2201 0 -8 0 8
2201 -2201 0 -7 28 -21
2201 0 0 -7 14 -7
2201 2201 0 -7 0 7
2201 -2201 0 -6 24 -18
2201 0 0 -6 12 -6
2201 2201 0 -6 0 6
2201 -2201 0 -5 20 -15
2201 0 0 -5 10 -5
2201 2201 0 -5 0 5
2201 -2201 0 -4 16 -12
2201 0 0 -4 8 -4
2201 2201 0 -4 0 4
2201 -2201 0 -3 12 -9
2201 0 0 -3 6 -3
2201 2201 0 -3 0 3
2201 -2201 0 -2 8 -6
2201 0 0 -2 4 -2
2201 2201 0 -2 0 2
2201 -2201 0 -1 4 -3
2201 0 0 -1 2 -1
2201 2201 0 -1 0 1
2201 -2201 -1 1 -4 4
2201 -2201 0 1 -4 3
2201 -2201 1 1 -4 4
2201 0 0 1 -2 1
2201 2201 0 1 0 -1
2201 -2201 0 2 -8 6
2201 0 0 2 -4 2
2201 2201 0 2 0 -2
2201 -2201 0 3 -12 9
2201 0 0 3 -6 3
2201 2201 0 3 0 -3
2201 -2201 -2 4 -16 16
2201 -2201 0 4 -16 12
2201 -2201 2 4 -16 16
2201 0 0 4 -8 4
2201 2201 0 4 0 -4
2201 -2201 0 5 -20 15
2201 0 0 5 -10 5
2201 2201 0 5 0 -5
2201 -2201 0 6 -24 18
2201 0 0 6 -12 6
2201 2201 0 6 0 -6
2201 -2201 0 7 -28 21
2201 0 0 7 -14 7
2201 2201 0 7 0 -7
2201 -2201 0 8 -32 24
2201 0 0 8 -16 8
2201 2201 0 8 0 -8
2201 -2201 -3 9 -36 36
2201 -2201 0 9 -36 27
2201 -2201 3 9 -36 36
2201 0 0 9 -18 9
2201 2201 0 9 0 -9
2201 -2201 0 10 -40 30
2201 0 0 10 -20 10
2201 2201 0 10 0 -10
2201 -2201 0 11 -44 33
2201 0 0 11 -22 11
2201 2201 0 11 0 -11
2201 -2201 0 12 -48 36
2201 0 0 12 -24 12
2201 2201 0 12 0 -12
2201 -2201 0 13 -52 39
2201 0 0 13 -26 13
2201 2201 0 13 0 -13
2201 -2201 0 14 -56 42
2201 0 0 14 -28 14
2201 2201 0 14 0 -14
2201 -2201 0 15 -60 45
2201 0 0 15 -30 15
2201 2201 0 15 0 -15
2201 -2201 -4 16 -64 64
2201 -2201 0 16 -64 48
2201 -2201 4 16 -64 64
2201 0 0 16 -32 16
2201 2201 0 16 0 -16
2201 -2201 0 17 -68 51
2201 0 0 17 -34 17
2201 2201 0 17 0 -17
2201 -2201 0 18 -72 54
2201 0 0 18 -36 18
2201 2201 0 18 0 -18
2201 -2201 0 19 -76 57
2201 0 0 19 -38 19
2201 2201 0 19 0 -19
2201 -2201 0 20 -80 60
2201 0 0 20 -40 20
2201 2201 0 20 0 -20
2201 -2201 0 21 -84 63
2201 0 0 21 -42 21
2201 2201 0 21 0 -21
2201 -2201 0 22 -88 66
2201 0 0 22 -44 22
2201 2201 0 22 0 -22
2201 -2201 0 23 -92 69
2201 0 0 23 -46 23
2201 2201 0 23 0 -23
2201 -2201 0 24 -96 72
2201 0 0 24 -48 24
2201 2201 0 24 0 -24
2201 -2201 -5 25 -100 100
2201 -2201 0 25 -100 75
2201 -2201 5 25 -100 100
2201 0 0 25 -50 25
2201 2201 0 25 0 -25
2201 -2201 0 26 -104 78
2201 0 0 26 -52 26
2201 2201 0 26 0 -26
2201 -2201 0 27 -108 81
2201 0 0 27 -54 27
2201 2201 0 27 0 -27
2201 -2201 0 28 -112 84
2201 0 0 28 -56 28
2201 2201 0 28 0 -28
2201 -2201 0 29 -116 87
2201 0 0 29 -58 29
2201 2201 0 29 0 -29
2201 -2201 0 30 -120 90
2201 0 0 30 -60 30
2201 2201 0 30 0 -30
2201 -2201 0 31 -124 93
2201 -2130 0 31 -122 91
2201 -2059 0 31 -120 89
2201 -1988 0 31 -118 87
2201 -1917 0 31 -116 85
2201 -1846 0 31 -114 83
2201 -1775 0 31 -112 81
2201 -1704 0 31 -110 79
2201 -1633 0 31 -108 77
2201 -1562 0 31 -106 75
2201 -1491 0 31 -104 73
2201 -1420 0 31 -102 71
2201 -1349 0 31 -100 69
2201 -1278 0 31 -98 67
2201 -1207 0 31 -96 65
2201 -1136 0 31 -94 63
2201 -1065 0 31 -92 61
2201 -994 0 31 -90 59
2201 -923 0 31 -88 57
2201 -852 0 31 -86 55
2201 -781 0 31 -84 53
2201 -710 0 31 -82 51
2201 -639 0 31 -80 49
2201 -568 0 31 -78 47
2201 -497 0 31 -76 45
2201 -426 0 31 -74 43
2201 -355 0 31 -72 41
2201 -284 0 31 -70 39
2201 -213 0 31 -68 37
2201 -142 0 31 -66 35
2201 -71 0 31 -64 33
2201 0 0 31 -62 31
2201 71 0 31 -60 29
2201 142 0 31 -58 27
2201 213 0 31 -56 25
2201 284 0 31 -54 23
2201 355 0 31 -52 21
2201 426 0 31 -50 19
2201 497 0 31 -48 17
2201 568 0 31 -46 15
2201 639 0 31 -44 13
2201 710 0 31 -42 11
2201 781 0 31 -40 9
2201 852 0 31 -38 7
2201 923 0 31 -36 5
2201 994 0 31 -34 3
2201 1065 0 31 -32 1
2201 1136 0 31 -30 -1
2201 1207 0 31 -28 -3
2201 1278 0 31 -26 -5
2201 1349 0 31 -24 -7
2201 1420 0 31 -22 -9
2201 1491 0 31 -20 -11
2201 1562 0 31 -18 -13
2201 1633 0 31 -16 -15
2201 1704 0 31 -14 -17
2201 1775 0 31 -12 -19
2201 1846 0 31 -10 -21
2201 1917 -284 31 -8 -39
2201 1917 0 31 -8 -23
2201 1988 -213 31 -6 -37
2201 1988 0 31 -6 -25
2201 2059 -142 31 -4 -35
2201 2059 0 31 -4 -27
2201 2130 -71 31 -2 -33
2201 2130 0 31 -2 -29
2201 2201 0 31 0 -31
2201 -2201 0 32 -128 96
2201 0 0 32 -64 32
2201 2201 0 32 0 -32
2201 -2201 0 33 -132 99
2201 0 0 33 -66 33
2201 2201 0 33 0 -33
2201 -2201 0 34 -136 102
2201 0 0 34 -68 34
2201 2201 0 34 0 -34
2201 -2201 0 35 -140 105
2201 0 0 35 -70 35
2201 2201 0 35 0 -35
2201 -2201 -6 36 -144 144
2201 -2201 0 36 -144 108
2201 -2201 6 36 -144 144
2201 0 0 36 -72 36
2201 2201 0 36 0 -36
2201 -2201 0 37 -148 111
2201 0 0 37 -74 37
2201 2201 0 37 0 -37
2201 -2201 0 38 -152 114
2201 0 0 38 -76 38
2201 2201 0 38 0 -38
2201 -2201 0 39 -156 117
2201 0 0 39 -78 39
2201 2201 0 39 0 -39
2201 -2201 0 40 -160 120
2201 0 0 40 -80 40
2201 2201 0 40 0 -40
2201 -2201 0 41 -164 123
2201 0 0 41 -82 41
2201 2201 0 41 0 -41
2201 -2201 0 42 -168 126
2201 0 0 42 -84 42
2201 2201 0 42 0 -42
2201 -2201 0 43 -172 129
2201 0 0 43 -86 43
2201 2201 0 43 0 -43
2201 -2201 0 44 -176 132
2201 0 0 44 -88 44
2201 2201 0 44 0 -44
2201 -2201 0 45 -180 135
2201 0 0 45 -90 45
2201 2201 0 45 0 -45
2201 -2201 0 46 -184 138
2201 0 0 46 -92 46
2201 2201 0 46 0 -46
2201 -2201 0 47 -188 141
2201 0 0 47 -94 47
2201 2201 0 47 0 -47
2201 -2201 0 48 -192 144
2201 0 0 48 -96 48
2201 2201 0 48 0 -48
2201 -2201 -7 49 -196 196
2201 -2201 0 49 -196 147
2201 -2201 7 49 -196 196
2201 0 0 49 -98 49
2201 2201 0 49 0 -49
2201 -2201 0 50 -200 150
2201 0 0 50 -100 50
2201 2201 0 50 0 -50
2201 -2201 0 51 -204 153
2201 0 0 51 -102 51
2201 2201 0 51 0 -51
2201 -2201 0 52 -208 156
2201 0 0 52 -104 52
2201 2201 0 52 0 -52
2201 -2201 0 53 -212 159
2201 0 0 53 -106 53
2201 2201 0 53 0 -53
2201 -2201 0 54 -216 162
2201 0 0 54 -108 54
2201 2201 0 54 0 -54
2201 -2201 0 55 -220 165
2201 0 0 55 -110 55
2201 2201 0 55 0 -55
2201 -2201 0 56 -224 168
2201 0 0 56 -112 56
2201 2201 0 56 0 -56
2201 -2201 0 57 -228 171
2201 0 0 57 -114 57
2201 2201 0 57 0 -57
2201 -2201 0 58 -232 174
2201 0 0 58 -116 58
2201 2201 0 58 0 -58
2201 -2201 0 59 -236 177
2201 0 0 59 -118 59
2201 2201 0 59 0 -59
2201 -2201 0 60 -240 180
2201 0 0 60 -120 60
2201 2201 0 60 0 -60
2202 -2202 0 -60 240 -180
2202 -1835 0 -60 220 -160
2202 -1468 0 -60 200 -140
2202 -1101 0 -60 180 -120
2202 -734 0 -60 160 -100
2202 -367 0 -60 140 -80
2202 0 0 -60 120 -60
2202 367 0 -60 100 -40
2202 734 0 -60 80 -20
2202 1101 0 -60 60 0
2202 1468 0 -60 40 20
2202 1835 0 -60 20 40
2202 2202 0 -60 0 60
2202 -2202 0 -59 236 -177
2202 -1101 0 -59 177 -118
2202 0 0 -59 118 -59
2202 1101 0 -59 59 0
2202 2202 0 -59 0 59
2202 -2202 0 -58 232 -174
2202 -1101 0 -58 174 -116
2202 0 0 -58 116 -58
2202 1101 0 -58 58 0
2202 2202 0 -58 0 58
2202 -2202 0 -57 228 -171
2202 -1835 0 -57 209 -152
2202 -1468 0 -57 190 -133
2202 -1101 0 -57 171 -114
2202 -734 0 -57 152 -95
2202 -367 0 -57 133 -76
2202 0 0 -57 114 -57
2202 367 0 -57 95 -38
2202 734 0 -57 76 -19
2202 1101 0 -57 57 0
2202 1468 0 -57 38 19
2202 1835 0 -57 19 38
2202 2202 0 -57 0 57
2202 -2202 0 -56 224 -168
2202 -1101 0 -56 168 -112
2202 0 0 -56 112 -56
2202 1101 0 -56 56 0
2202 2202 0 -56 0 56
2202 -2202 0 -55 220 -165
2202 -1101 0 -55 165 -110
2202 0 0 -55 110 -55
2202 1101 0 -55 55 0
2202 2202 0 -55 0 55
2202 -2202 0 -54 216 -162
2202 -1835 0 -54 198 -144
2202 -1468 0 -54 180 -126
2202 -1101 0 -54 162 -108
2202 -734 0 -54 144 -90
2202 -367 0 -54 126 -72
2202 0 0 -54 108 -54
2202 367 0 -54 90 -36
2202 734 0 -54 72 -18
2202 1101 0 -54 54 0
2202 1468 0 -54 36 18
2202 1835 0 -54 18 36
2202 2202 0 -54 0 54
2202 -2202 0 -53 212 -159
2202 -1101 0 -53 159 -106
2202 0 0 -53 106 -53
2202 1101 0 -53 53 0
2202 2202 0 -53 0 53
2202 -2202 0 -52 208 -156
2202 -1101 0 -52 156 -104
2202 0 0 -52 104 -52
2202 1101 0 -52 52 0
2202 2202 0 -52 0 52
2202 -2202 0 -51 204 -153
2202 -1835 0 -51 187 -136
2202 -1468 0 -51 170 -119
2202 -1101 0 -51 153 -102
2202 -734 0 -51 136 -85
2202 -367 0 -51 119 -68
2202 0 0 -51 102 -51
2202 367 0 -51 85 -34
2202 734 0 -51 68 -17
2202 1101 0 -51 51 0
2202 1468 0 -51 34 17
2202 1835 0 -51 17 34
2202 2202 0 -51 0 51
2202 -2202 0 -50 200 -150
2202 -1101 0 -50 150 -100
2202 0 0 -50 100 -50
2202 1101 0 -50 50 0
2202 2202 0 -50 0 50
2202 -2202 0 -49 196 -147
2202 -1101 0 -49 147 -98
2202 0 0 -49 98 -49
2202 1101 0 -49 49 0
2202 2202 0 -49 0 49
2202 -2202 0 -48 192 -144
2202 -1835 0 -48 176 -128
2202 -1468 0 -48 160 -112
2202 -1101 0 -48 144 -96
2202 -734 0 -48 128 -80
2202 -367 0 -48 112 -64
2202 0 0 -48 96 -48
2202 367 0 -48 80 -32
2202 734 0 -48 64 -16
2202 1101 0 -48 48 0
2202 1468 0 -48 32 16
2202 1835 0 -48 16 32
2202 2202 0 -48 0 48
2202 -2202 0 -47 188 -141
2202 -1101 0 -47 141 -94
2202 0 0 -47 94 -47
2202 1101 0 -47 47 0
2202 2202 0 -47 0 47
2202 -2202 0 -46 184 -138
2202 -1101 0 -46 138 -92
2202 0 0 -46 92 -46
2202 1101 0 -46 46 0
2202 2202 0 -46 0 46
2202 -2202 0 -45 180 -135
2202 -1835 0 -45 165 -120
2202 -1468 0 -45 150 -105
2202 -1101 0 -45 135 -90
2202 -734 0 -45 120 -75
2202 -367 0 -45 105 -60
2202 0 0 -45 90 -45
2202 367 0 -45 75 -30
2202 734 0 -45 60 -15
2202 1101 0 -45 45 0
2202 1468 0 -45 30 15
2202 1835 0 -45 15 30
2202 2202 0 -45 0 45
2202 -2202 0 -44 176 -132
2202 -1101 0 -44 132 -88
2202 0 0 -44 88 -44
2202 1101 0 -44 44 0
2202 2202 0 -44 0 44
2202 -2202 0 -43 172 -129
2202 -1101 0 -43 129 -86
2202 0 0 -43 86 -43
2202 1101 0 -43 43 0
2202 2202 0 -43 0 43
2202 -2202 0 -42 168 -126
2202 -1835 0 -42 154 -112
2202 -1468 0 -42 140 -98
2202 -1101 0 -42 126 -84
2202 -734 0 -42 112 -70
2202 -367 0 -42 98 -56
2202 0 0 -42 84 -42
2202 367 0 -42 70 -28
2202 734 0 -42 56 -14
2202 1101 0 -42 42 0
2202 1468 0 -42 28 14
2202 1835 0 -42 14 28
2202 2202 0 -42 0 42
2202 -2202 0 -41 164 -123
2202 -1101 0 -41 123 -82
2202 0 0 -41 82 -41
2202 1101 0 -41 41 0
2202 2202 0 -41 0 41
2202 -2202 0 -40 160 -120
2202 -1101 0 -40 120 -80
2202 0 0 -40 80 -40
2202 1101 0 -40 40 0
2202 2202 0 -40 0 40
2202 -2202 0 -39 156 -117
2202 -1835 0 -39 143 -104
2202 -1468 0 -39 130 -91
2202 -1101 0 -39 117 -78
2202 -734 0 -39 104 -65
2202 -367 0 -39 91 -52
2202 0 0 -39 78 -39
2202 367 0 -39 65 -26
2202 734 0 -39 52 -13
2202 1101 0 -39 39 0
2202 1468 0 -39 26 13
2202 1835 0 -39 13 26
2202 2202 0 -39 0 39
2202 -2202 0 -38 152 -114
2202 -1101 0 -38 114 -76
2202 0 0 -38 76 -38
2202 1101 0 -38 38 0
2202 2202 0 -38 0 38
2202 -2202 0 -37 148 -111
2202 -1101 0 -37 111 -74
2202 0 0 -37 74 -37
2202 1101 0 -37 37 0
2202 2202 0 -37 0 37
2202 -2202 0 -36 144 -108
2202 -1835 0 -36 132 -96
2202 -1468 0 -36 120 -84
2202 -1101 0 -36 108 -72
2202 -734 0 -36 96 -60
2202 -367 0 -36 84 -48
2202 0 0 -36 72 -36
2202 367 0 -36 60 -24
2202 734 0 -36 48 -12
2202 1101 0 -36 36 0
2202 1468 0 -36 24 12
2202 1835 0 -36 12 24
2202 2202 0 -36 0 36
2202 -2202 0 -35 140 -105
2202 -1101 0 -35 105 -70
2202 0 0 -35 70 -35
2202 1101 0 -35 35 0
2202 2202 0 -35 0 35
2202 -2202 0 -34 136 -102
2202 -1101 0 -34 102 -68
2202 0 0 -34 68 -34
2202 1101 0 -34 34 0
2202 2202 0 -34 0 34
2202 -2202 0 -33 132 -99
2202 -1835 0 -33 121 -88
2202 -1468 0 -33 110 -77
2202 -1101 0 -33 99 -66
2202 -734 0 -33 88 -55
2202 -367 0 -33 77 -44
2202 0 0 -33 66 -33
2202 367 0 -33 55 -22
2202 734 0 -33 44 -11
2202 1101 0 -33 33 0
2202 1468 0 -33 22 11
2202 1835 0 -33 11 22
2202 2202 0 -33 0 33
2202 -2202 0 -32 128 -96
2202 -1101 0 -32 96 -64
2202 0 0 -32 64 -32
2202 1101 0 -32 32 0
2202 2202 0 -32 0 32
2202 -2202 0 -31 124 -93
2202 -1101 0 -31 93 -62
2202 0 0 -31 62 -31
2202 1101 0 -31 31 0
2202 2202 0 -31 0 31
2202 -2202 0 -30 120 -90
2202 -1835 0 -30 110 -80
2202 -1468 0 -30 100 -70
2202 -1101 0 -30 90 -60
2202 -734 0 -30 80 -50
2202 -367 0 -30 70 -40
2202 0 0 -30 60 -30
2202 367 0 -30 50 -20
2202 734 0 -30 40 -10
2202 1101 0 -30 30 0
2202 1468 0 -30 20 10
2202 1835 0 -30 10 20
2202 2202 0 -30 0 30
2202 -2202 0 -29 116 -87
2202 -1101 0 -29 87 -58
2202 0 0 -29 58 -29
2202 1101 0 -29 29 0
2202 2202 0 -29 0 29
2202 -2202 0 -28 112 -84
2202 -1101 0 -28 84 -56
2202 0 0 -28 56 -28
2202 1101 0 -28 28 0
2202 2202 0 -28 0 28
2202 -2202 0 -27 108 -81
2202 -1835 0 -27 99 -72
2202 -1468 0 -27 90 -63
2202 -1101 0 -27 81 -54
2202 -734 0 -27 72 -45
2202 -367 0 -27 63 -36
2202 0 0 -27 54 -27
2202 367 0 -27 45 -18
2202 734 0 -27 36 -9
2202 1101 0 -27 27 0
2202 1468 0 -27 18 9
2202 1835 0 -27 9 18
2202 2202 0 -27 0 27
2202 -2202 0 -26 104 -78
2202 -1101 0 -26 78 -52
2202 0 0 -26 52 -26
2202 1101 0 -26 26 0
2202 2202 0 -26 0 26
2202 -2202 0 -25 100 -75
2202 -1101 0 -25 75 -50
2202 0 0 -25 50 -25
2202 1101 0 -25 25 0
2202 2202 0 -25 0 25
2202 -2202 0 -24 96 -72
2202 -1835 0 -24 88 -64
2202 -1468 0 -24 80 -56
2202 -1101 0 -24 72 -48
2202 -734 0 -24 64 -40
2202 -367 0 -24 56 -32
2202 0 0 -24 48 -24
2202 367 0 -24 40 -16
2202 734 0 -24 32 -8
2202 1101 0 -24 24 0
2202 1468 0 -24 16 8
2202 1835 0 -24 8 16
2202 2202 0 -24 0 24
2202 -2202 0 -23 92 -69
2202 -1101 0 -23 69 -46
2202 0 0 -23 46 -23
2202 1101 0 -23 23 0
2202 2202 0 -23 0 23
2202 -2202 0 -22 88 -66
2202 -1101 0 -22 66 -44
2202 0 0 -22 44 -22
2202 1101 0 -22 22 0
2202 2202 0 -22 0 22
2202 -2202 0 -21 84 -63
2202 -1835 0 -21 77 -56
2202 -1468 0 -21 70 -49
2202 -1101 0 -21 63 -42
2202 -734 0 -21 56 -35
2202 -367 0 -21 49 -28
2202 0 0 -21 42 -21
2202 367 0 -21 35 -14
2202 734 0 -21 28 -7
2202 1101 0 -21 21 0
2202 1468 0 -21 14 7
2202 1835 0 -21 7 14
2202 2202 0 -21 0 21
2202 -2202 0 -20 80 -60
2202 -1101 0 -20 60 -40
2202 0 0 -20 40 -20
2202 1101 0 -20 20 0
2202 2202 0 -20 0 20
2202 -2202 0 -19 76 -57
2202 -1101 0 -19 57 -38
2202 0 0 -19 38 -19
2202 1101 0 -19 19 0
2202 2202 0 -19 0 19
2202 -2202 0 -18 72 -54
2202 -1835 0 -18 66 -48
2202 -1468 0 -18 60 -42
2202 -1101 0 -18 54 -36
2202 -734 0 -18 48 -30
2202 -367 0 -18 42 -24
2202 0 0 -18 36 -18
2202 367 0 -18 30 -12
2202 734 0 -18 24 -6
2202 1101 0 -18 18 0
2202 1468 0 -18 12 6
2202 1835 0 -18 6 12
2202 2202 0 -18 0 18
2202 -2202 0 -17 68 -51
2202 -1101 0 -17 51 -34
2202 0 0 -17 34 -17
2202 1101 0 -17 17 0
2202 2202 0 -17 0 17
2202 -2202 0 -16 64 -48
2202 -1101 0 -16 48 -32
2202 0 0 -16 32 -16
2202 1101 0 -16 16 0
2202 2202 0 -16 0 16
2202 -2202 0 -15 60 -45
2202 -1835 0 -15 55 -40
2202 -1468 0 -15 50 -35
2202 -1101 0 -15 45 -30
2202 -734 0 -15 40 -25
2202 -367 0 -15 35 -20
2202 0 0 -15 30 -15
2202 367 0 -15 25 -10
2202 734 0 -15 20 -5
2202 1101 0 -15 15 0
2202 1468 0 -15 10 5
2202 1835 0 -15 5 10
2202 2202 0 -15 0 15
2202 -2202 0 -14 56 -42
2202 -1101 0 -14 42 -28
2202 0 0 -14 28 -14
2202 1101 0 -14 14 0
2202 2202 0 -14 0 14
2202 -2202 0 -13 52 -39
2202 -1101 0 -13 39 -26
2202 0 0 -13 26 -13
2202 1101 0 -13 13 0
2202 2202 0 -13 0 13
2202 -2202 0 -12 48 -36
2202 -1835 0 -12 44 -32
2202 -1468 0 -12 40 -28
2202 -1101 0 -12 36 -24
2202 -734 0 -12 32 -20
2202 -367 0 -12 28 -16
2202 0 0 -12 24 -12
2202 367 0 -12 20 -8
2202 734 0 -12 16 -4
2202 1101 0 -12 12 0
2202 1468 0 -12 8 4
2202 1835 0 -12 4 8
2202 2202 0 -12 0 12
2202 -2202 0 -11 44 -33
2202 -1101 0 -11 33 -22
2202 0 0 -11 22 -11
2202 1101 0 -11 11 0
2202 2202 0 -11 0 11
2202 -2202 0 -10 40 -30
2202 -1101 0 -10 30 -20
2202 0 0 -10 20 -10
2202 1101 0 -10 10 0
2202 2202 0 -10 0 10
2202 -2202 0 -9 36 -27
2202 -1835 0 -9 33 -24
2202 -1468 0 -9 30 -21
2202 -1101 0 -9 27 -18
2202 -734 0 -9 24 -15
2202 -367 0 -9 21 -12
2202 0 0 -9 18 -9
2202 367 0 -9 15 -6
2202 734 0 -9 12 -3
2202 1101 0 -9 9 0
2202 1468 0 -9 6 3
2202 1835 0 -9 3 6
2202 2202 0 -9 0 9
2202 -2202 0 -8 32 -24
2202 -1101 0 -8 24 -16
2202 0 0 -8 16 -8
2202 1101 0 -8 8 0
2202 2202 0 -8 0 8
2202 -2202 0 -7 28 -21
2202 -1101 0 -7 21 -14
2202 0 0 -7 14 -7
2202 1101 0 -7 7 0
2202 2202 0 -7 0 7
2202 -2202 0 -6 24 -18
2202 -1835 0 -6 22 -16
2202 -1468 0 -6 20 -14
2202 -1101 0 -6 18 -12
2202 -734 0 -6 16 -10
2202 -367 0 -6 14 -8
2202 0 0 -6 12 -6
2202 367 0 -6 10 -4
2202 734 0 -6 8 -2
2202 1101 0 -6 6 0
2202 1468 0 -6 4 2
2202 1835 0 -6 2 4
2202 2202 0 -6 0 6
2202 -2202 0 -5 20 -15
2202 -1101 0 -5 15 -10
2202 0 0 -5 10 -5
2202 1101 0 -5 5 0
2202 2202 0 -5 0 5
2202 -2202 0 -4 16 -12
2202 -1101 0 -4 12 -8
2202 0 0 -4 8 -4
2202 1101 0 -4 4 0
2202 2202 0 -4 0 4
2202 -2202 0 -3 12 -9
2202 -1835 0 -3 11 -8
2202 -1468 0 -3 10 -7
2202 -1101 0 -3 9 -6
2202 -734 0 -3 8 -5
2202 -367 0 -3 7 -4
2202 0 0 -3 6 -3
2202 367 0 -3 5 -2
2202 734 0 -3 4 -1
2202 1101 0 -3 3 0
2202 1468 0 -3 2 1
2202 1835 0 -3 1 2
2202 2202 0 -3 0 3
2202 -2202 0 -2 8 -6
2202 -1101 0 -2 6 -4
2202 0 0 -2 4 -2
2202 1101 0 -2 2 0
2202 2202 0 -2 0 2
2202 -2202 0 -1 4 -3
2202 -1101 0 -1 3 -2
2202 0 0 -1 2 -1
2202 1101 0 -1 1 0
2202 2202 0 -1 0 1
2202 -2202 -1 1 -4 4
2202 -2202 0 1 -4 3
2202 -2202 1 1 -4 4
2202 -1101 0 1 -3 2
2202 0 0 1 -2 1
2202 1101 0 1 -1 0
2202 2202 0 1 0 -1
2202 -2202 0 2 -8 6
2202 -1101 0 2 -6 4
2202 0 0 2 -4 2
2202 1101 0 2 -2 0
2202 2202 0 2 0 -2
2202 -2202 0 3 -12 9
2202 -1835 0 3 -11 8
2202 -1468 0 3 -10 7
2202 -1101 0 3 -9 6
2202 -734 0 3 -8 5
2202 -367 0 3 -7 4
2202 0 0 3 -6 3
2202 367 0 3 -5 2
2202 734 0 3 -4 1
2202 1101 0 3 -3 0
2202 1468 0 3 -2 -1
2202 1835 0 3 -1 -2
2202 2202 0 3 0 -3
2202 -2202 -2 4 -16 16
2202 -2202 0 4 -16 12
2202 -2202 2 4 -16 16
2202 -1101 0 4 -12 8
2202 0 0 4 -8 4
2202 1101 0 4 -4 0
2202 2202 0 4 0 -4
2202 -2202 0 5 -20 15
2202 -1101 0 5 -15 10
2202 0 0 5 -10 5
2202 1101 0 5 -5 0
2202 2202 0 5 0 -5
2202 -2202 0 6 -24 18
2202 -1835 0 6 -22 16
2202 -1468 0 6 -20 14
2202 -1101 0 6 -18 12
2202 -734 0 6 -16 10
2202 -367 0 6 -14 8
2202 0 0 6 -12 6
2202 367 0 6 -10 4
2202 734 0 6 -8 2
2202 1101 0 6 -6 0
2202 1468 0 6 -4 -2
2202 1835 0 6 -2 -4
2202 2202 0 6 0 -6
2202 -2202 0 7 -28 21
2202 -1101 0 7 -21 14
2202 0 0 7 -14 7
2202 1101 0 7 -7 0
2202 2202 0 7 0 -7
2202 -2202 0 8 -32 24
2202 -1101 0 8 -24 16
2202 0 0 8 -16 8
2202 1101 0 8 -8 0
2202 2202 0 8 0 -8
2202 -2202 -3 9 -36 36
2202 -2202 0 9 -36 27
2202 -2202 3 9 -36 36
2202 -1835 0 9 -33 24
2202 -1468 0 9 -30 21
2202 -1101 0 9 -27 18
2202 -734 0 9 -24 15
2202 -367 0 9 -21 12
2202 0 0 9 -18 9
2202 367 0 9 -15 6
2202 734 0 9 -12 3
2202 1101 0 9 -9 0
2202 1468 0 9 -6 -3
2202 1835 0 9 -3 -6
2202 2202 0 9 0 -9
2202 -2202 0 10 -40 30
2202 -1101 0 10 -30 20
2202 0 0 10 -20 10
2202 1101 0 10 -10 0
2202 2202 0 10 0 -10
2202 -2202 0 11 -44 33
2202 -1101 0 11 -33 22
2202 0 0 11 -22 11
2202 1101 0 11 -11 0
2202 2202 0 11 0 -11
2202 -2202 0 12 -48 36
2202 -1835 0 12 -44 32
2202 -1468 0 12 -40 28
2202 -1101 0 12 -36 24
2202 -734 0 12 -32 20
2202 -367 0 12 -28 16
2202 0 0 12 -24 12
2202 367 0 12 -20 8
2202 734 0 12 -16 4
2202 1101 0 12 -12 0
2202 1468 0 12 -8 -4
2202 1835 0 12 -4 -8
2202 2202 0 12 0 -12
2202 -2202 0 13 -52 39
2202 -1101 0 13 -39 26
2202 0 0 13 -26 13
2202 1101 0 13 -13 0
2202 2202 0 13 0 -13
2202 -2202 0 14 -56 42
2202 -1101 0 14 -42 28
2202 0 0 14 -28 14
2202 1101 0 14 -14 0
2202 2202 0 14 0 -14
2202 -2202 0 15 -60 45
2202 -1835 0 15 -55 40
2202 -1468 0 15 -50 35
2202 -1101 0 15 -45 30
2202 -734 0 15 -40 25
2202 -367 0 15 -35 20
2202 0 0 15 -30 15
2202 367 0 15 -25 10
2202 734 0 15 -20 5
2202 1101 0 15 -15 0
2202 1468 0 15 -10 -5
2202 1835 0 15 -5 -10
2202 2202 0 15 0 -15
2202 -2202 -4 16 -64 64
2202 -2202 0 16 -64 48
2202 -2202 4 16 -64 64
2202 -1101 0 16 -48 32
2202 0 0 16 -32 16
2202 1101 0 16 -16 0
2202 2202 0 16 0 -16
2202 -2202 0 17 -68 51
2202 -1101 0 17 -51 34
2202 0 0 17 -34 17
2202 1101 0 17 -17 0
2202 2202 0 17 0 -17
2202 -2202 0 18 -72 54
2202 -1835 0 18 -66 48
2202 -1468 0 18 -60 42
2202 -1101 0 18 -54 36
2202 -734 0 18 -48 30
2202 -367 0 18 -42 24
2202 0 0 18 -36 18
2202 367 0 18 -30 12
2202 734 0 18 -24 6
2202 1101 0 18 -18 0
2202 1468 0 18 -12 -6
2202 1835 0 18 -6 -12
2202 2202 0 18 0 -18
2202 -2202 0 19 -76 57
2202 -1101 0 19 -57 38
2202 0 0 19 -38 19
2202 1101 0 19 -19 0
2202 2202 0 19 0 -19
2202 -2202 0 20 -80 60
2202 -1101 0 20 -60 40
2202 0 0 20 -40 20
2202 1101 0 20 -20 0
2202 2202 0 20 0 -20
2202 -2202 0 21 -84 63
2202 -1835 0 21 -77 56
2202 -1468 0 21 -70 49
2202 -1101 0 21 -63 42
2202 -734 0 21 -56 35
2202 -367 0 21 -49 28
2202 0 0 21 -42 21
2202 367 0 21 -35 14
2202 734 0 21 -28 7
2202 1101 0 21 -21 0
2202 1468 0 21 -14 -7
2202 1835 0 21 -7 -14
2202 2202 0 21 0 -21
2202 -2202 0 22 -88 66
2202 -1101 0 22 -66 44
2202 0 0 22 -44 22
2202 1101 0 22 -22 0
2202 2202 0 22 0 -22
2202 -2202 0 23 -92 69
2202 -1101 0 23 -69 46
2202 0 0 23 -46 23
2202 1101 0 23 -23 0
2202 2202 0 23 0 -23
2202 -2202 0 24 -96 72
2202 -1835 0 24 -88 64
2202 -1468 0 24 -80 56
2202 -1101 0 24 -72 48
2202 -734 0 24 -64 40
2202 -367 0 24 -56 32
2202 0 0 24 -48 24
2202 367 0 24 -40 16
2202 734 0 24 -32 8
2202 1101 0 24 -24 0
2202 1468 0 24 -16 -8
2202 1835 0 24 -8 -16
2202 2202 0 24 0 -24
2202 -2202 -5 25 -100 100
2202 -2202 0 25 -100 75
2202 -2202 5 25 -100 100
2202 -1101 0 25 -75 50
2202 0 0 25 -50 25
2202 1101 0 25 -25 0
2202 2202 0 25 0 -25
2202 -2202 0 26 -104 78
2202 -1101 0 26 -78 52
2202 0 0 26 -52 26
2202 1101 0 26 -26 0
2202 2202 0 26 0 -26
2202 -2202 0 27 -108 81
2202 -1835 0 27 -99 72
2202 -1468 0 27 -90 63
2202 -1101 0 27 -81 54
2202 -734 0 27 -72 45
2202 -367 0 27 -63 36
2202 0 0 27 -54 27
2202 367 0 27 -45 18
2202 734 0 27 -36 9
2202 1101 0 27 -27 0
2202 1468 0 27 -18 -9
2202 1835 0 27 -9 -18
2202 2202 0 27 0 -27
2202 -2202 0 28 -112 84
2202 -1101 0 28 -84 56
2202 0 0 28 -56 28
2202 1101 0 28 -28 0
2202 2202 0 28 0 -28
2202 -2202 0 29 -116 87
2202 -1101 0 29 -87 58
2202 0 0 29 -58 29
2202 1101 0 29 -29 0
2202 2202 0 29 0 -29
2202 -2202 0 30 -120 90
2202 -1835 0 30 -110 80
2202 -1468 0 30 -100 70
2202 -1101 0 30 -90 60
2202 -734 0 30 -80 50
2202 -367 0 30 -70 40
2202 0 0 30 -60 30
2202 367 0 30 -50 20
2202 734 0 30 -40 10
2202 1101 0 30 -30 0
2202 1468 0 30 -20 -10
2202 1835 0 30 -10 -20
2202 2202 0 30 0 -30
2202 -2202 0 31 -124 93
2202 -1101 0 31 -93 62
2202 0 0 31 -62 31
2202 1101 0 31 -31 0
2202 2202 0 31 0 -31
2202 -2202 0 32 -128 96
2202 -1101 0 32 -96 64
2202 0 0 32 -64 32
2202 1101 0 32 -32 0
2202 2202 0 32 0 -32
2202 -2202 0 33 -132 99
2202 -1835 0 33 -121 88
2202 -1468 0 33 -110 77
2202 -1101 0 33 -99 66
2202 -734 0 33 -88 55
2202 -367 0 33 -77 44
2202 0 0 33 -66 33
2202 367 0 33 -55 22
2202 734 0 33 -44 11
2202 1101 0 33 -33 0
2202 1468 0 33 -22 -11
2202 1835 0 33 -11 -22
2202 2202 0 33 0 -33
2202 -2202 0 34 -136 102
2202 -1101 0 34 -102 68
2202 0 0 34 -68 34
2202 1101 0 34 -34 0
2202 2202 0 34 0 -34
2202 -2202 0 35 -140 105
2202 -1101 0 35 -105 70
2202 0 0 35 -70 35
2202 1101 0 35 -35 0
2202 2202 0 35 0 -35
2202 -2202 -6 36 -144 144
2202 -2202 0 36 -144 108
2202 -2202 6 36 -144 144
2202 -1835 0 36 -132 96
2202 -1468 0 36 -120 84
2202 -1101 0 36 -108 72
2202 -734 0 36 -96 60
2202 -367 0 36 -84 48
2202 0 0 36 -72 36
2202 367 0 36 -60 24
2202 734 0 36 -48 12
2202 1101 0 36 -36 0
2202 1468 0 36 -24 -12
2202 1835 0 36 -12 -24
2202 2202 0 36 0 -36
2202 -2202 0 37 -148 111
2202 -1101 0 37 -111 74
2202 0 0 37 -74 37
2202 1101 0 37 -37 0
2202 2202 0 37 0 -37
2202 -2202 0 38 -152 114
2202 -1101 0 38 -114 76
2202 0 0 38 -76 38
2202 1101 0 38 -38 0
2202 2202 0 38 0 -38
2202 -2202 0 39 -156 117
2202 -1835 0 39 -143 104
2202 -1468 0 39 -130 91
2202 -1101 0 39 -117 78
2202 -734 0 39 -104 65
2202 -367 0 39 -91 52
2202 0 0 39 -78 39
2202 367 0 39 -65 26
2202 734 0 39 -52 13
2202 1101 0 39 -39 0
2202 1468 0 39 -26 -13
2202 1835 0 39 -13 -26
2202 2202 0 39 0 -39
2202 -2202 0 40 -160 120
2202 -1101 0 40 -120 80
2202 0 0 40 -80 40
2202 1101 0 40 -40 0
2202 2202 0 40 0 -40
2202 -2202 0 41 -164 123
2202 -1101 0 41 -123 82
2202 0 0 41 -82 41
2202 1101 0 41 -41 0
2202 2202 0 41 0 -41
2202 -2202 0 42 -168 126
2202 -1835 0 42 -154 112
2202 -1468 0 42 -140 98
2202 -1101 0 42 -126 84
2202 -734 0 42 -112 70
2202 -367 0 42 -98 56
2202 0 0 42 -84 42
2202 367 0 42 -70 28
2202 734 0 42 -56 14
2202 1101 0 42 -42 0
2202 1468 0 42 -28 -14
2202 1835 0 42 -14 -28
2202 2202 0 42 0 -42
2202 -2202 0 43 -172 129
2202 -1101 0 43 -129 86
2202 0 0 43 -86 43
2202 1101 0 43 -43 0
2202 2202 0 43 0 -43
2202 -2202 0 44 -176 132
2202 -1101 0 44 -132 88
2202 0 0 44 -88 44
2202 1101 0 44 -44 0
2202 2202 0 44 0 -44
2202 -2202 0 45 -180 135
2202 -1835 0 45 -165 120
2202 -1468 0 45 -150 105
2202 -1101 0 45 -135 90
2202 -734 0 45 -120 75
2202 -367 0 45 -105 60
2202 0 0 45 -90 45
2202 367 0 45 -75 30
2202 734 0 45 -60 15
2202 1101 0 45 -45 0
2202 1468 0 45 -30 -15
2202 1835 0 45 -15 -30
2202 2202 0 45 0 -45
2202 -2202 0 46 -184 138
2202 -1101 0 46 -138 92
2202 0 0 46 -92 46
2202 1101 0 46 -46 0
2202 2202 0 46 0 -46
2202 -2202 0 47 -188 141
2202 -1101 0 47 -141 94
2202 0 0 47 -94 47
2202 1101 0 47 -47 0
2202 2202 0 47 0 -47
2202 -2202 0 48 -192 144
2202 -1835 0 48 -176 128
2202 -1468 0 48 -160 112
2202 -1101 0 48 -144 96
2202 -734 0 48 -128 80
2202 -367 0 48 -112 64
2202 0 0 48 -96 48
2202 367 0 48 -80 32
2202 734 0 48 -64 16
2202 1101 0 48 -48 0
2202 1468 0 48 -32 -16
2202 1835 0 48 -16 -32
2202 2202 0 48 0 -48
2202 -2202 -7 49 -196 196
2202 -2202 0 49 -196 147
2202 -2202 7 49 -196 196
2202 -1101 0 49 -147 98
2202 0 0 49 -98 49
2202 1101 0 49 -49 0
2202 2202 0 49 0 -49
2202 -2202 0 50 -200 150
2202 -1101 0 50 -150 100
2202 0 0 50 -100 50
2202 1101 0 50 -50 0
2202 2202 0 50 0 -50
2202 -2202 0 51 -204 153
2202 -1835 0 51 -187 136
2202 -1468 0 51 -170 119
2202 -1101 0 51 -153 102
2202 -734 0 51 -136 85
2202 -367 0 51 -119 68
2202 0 0 51 -102 51
2202 367 0 51 -85 34
2202 734 0 51 -68 17
2202 1101 0 51 -51 0
2202 1468 0 51 -34 -17
2202 1835 0 51 -17 -34
2202 2202 0 51 0 -51
2202 -2202 0 52 -208 156
2202 -1101 0 52 -156 104
2202 0 0 52 -104 52
2202 1101 0 52 -52 0
2202 2202 0 52 0 -52
2202 -2202 0 53 -212 159
2202 -1101 0 53 -159 106
2202 0 0 53 -106 53
2202 1101 0 53 -53 0
2202 2202 0 53 0 -53
2202 -2202 0 54 -216 162
2202 -1835 0 54 -198 144
2202 -1468 0 54 -180 126
2202 -1101 0 54 -162 108
2202 -734 0 54 -144 90
2202 -367 0 54 -126 72
2202 0 0 54 -108 54
2202 367 0 54 -90 36
2202 734 0 54 -72 18
2202 1101 0 54 -54 0
2202 1468 0 54 -36 -18
2202 1835 0 54 -18 -36
2202 2202 0 54 0 -54
2202 -2202 0 55 -220 165
2202 -1101 0 55 -165 110
2202 0 0 55 -110 55
2202 1101 0 55 -55 0
2202 2202 0 55 0 -55
2202 -2202 0 56 -224 168
2202 -1101 0 56 -168 112
2202 0 0 56 -112 56
2202 1101 0 56 -56 0
2202 2202 0 56 0 -56
2202 -2202 0 57 -228 171
2202 -1835 0 57 -209 152
2202 -1468 0 57 -190 133
2202 -1101 0 57 -171 114
2202 -734 0 57 -152 95
2202 -367 0 57 -133 76
2202 0 0 57 -114 57
2202 367 0 57 -95 38
2202 734 0 57 -76 19
2202 1101 0 57 -57 0
2202 1468 0 57 -38 -19
2202 1835 0 57 -19 -38
2202 2202 0 57 0 -57
2202 -2202 0 58 -232 174
2202 -1101 0 58 -174 116
2202 0 0 58 -116 58
2202 1101 0 58 -58 0
2202 2202 0 58 0 -58
2202 -2202 0 59 -236 177
2202 -1101 0 59 -177 118
2202 0 0 59 -118 59
2202 1101 0 59 -59 0
2202 2202 0 59 0 -59
2202 -2202 0 60 -240 180
2202 -1835 0 60 -220 160
2202 -1468 0 60 -200 140
2202 -1101 0 60 -180 120
2202 -734 0 60 -160 100
2202 -367 0 60 -140 80
2202 0 0 60 -120 60
2202 367 0 60 -100 40
2202 734 0 60 -80 20
2202 1101 0 60 -60 0
2202 1468 0 60 -40 -20
2202 1835 0 60 -20 -40
2202 2202 0 60 0 -60
2203 -2203 0 -60 240 -180
2203 0 0 -60 120 -60
2203 2203 0 -60 0 60
2203 -2203 0 -59 236 -177
2203 0 0 -59 118 -59
2203 2203 0 -59 0 59
2203 -2203 0 -58 232 -174
2203 0 0 -58 116 -58
2203 2203 0 -58 0 58
2203 -2203 0 -57 228 -171
2203 0 0 -57 114 -57
2203 2203 0 -57 0 57
2203 -2203 0 -56 224 -168
2203 0 0 -56 112 -56
2203 2203 0 -56 0 56
2203 -2203 0 -55 220 -165
2203 0 0 -55 110 -55
2203 2203 0 -55 0 55
2203 -2203 0 -54 216 -162
2203 0 0 -54 108 -54
2203 2203 0 -54 0 54
2203 -2203 0 -53 212 -159
2203 0 0 -53 106 -53
2203 2203 0 -53 0 53
2203 -2203 0 -52 208 -156
2203 0 0 -52 104 -52
2203 2203 0 -52 0 52
2203 -2203 0 -51 204 -153
2203 0 0 -51 102 -51
2203 2203 0 -51 0 51
2203 -2203 0 -50 200 -150
2203 0 0 -50 100 -50
2203 2203 0 -50 0 50
2203 -2203 0 -49 196 -147
2203 0 0 -49 98 -49
2203 2203 0 -49 0 49
2203 -2203 0 -48 192 -144
2203 0 0 -48 96 -48
2203 2203 0 -48 0 48
2203 -2203 0 -47 188 -141
2203 0 0 -47 94 -47
2203 2203 0 -47 0 47
2203 -2203 0 -46 184 -138
2203 0 0 -46 92 -46
2203 2203 0 -46 0 46
2203 -2203 0 -45 180 -135
2203 0 0 -45 90 -45
2203 2203 0 -45 0 45
2203 -2203 0 -44 176 -132
2203 0 0 -44 88 -44
2203 2203 0 -44 0 44
2203 -2203 0 -43 172 -129
2203 0 0 -43 86 -43
2203 2203 0 -43 0 43
2203 -2203 0 -42 168 -126
2203 0 0 -42 84 -42
2203 2203 0 -42 0 42
2203 -2203 0 -41 164 -123
2203 0 0 -41 82 -41
2203 2203 0 -41 0 41
2203 -2203 0 -40 160 -120
2203 0 0 -40 80 -40
2203 2203 0 -40 0 40
2203 -2203 0 -39 156 -117
2203 0 0 -39 78 -39
2203 2203 0 -39 0 39
2203 -2203 0 -38 152 -114
2203 0 0 -38 76 -38
2203 2203 0 -38 0 38
2203 -2203 0 -37 148 -111
2203 0 0 -37 74 -37
2203 2203 0 -37 0 37
2203 -2203 0 -36 144 -108
2203 0 0 -36 72 -36
2203 2203 0 -36 0 36
2203 -2203 0 -35 140 -105
2203 0 0 -35 70 -35
2203 2203 0 -35 0 35
2203 -2203 0 -34 136 -102
2203 0 0 -34 68 -34
2203 2203 0 -34 0 34
2203 -2203 0 -33 132 -99
2203 0 0 -33 66 -33
2203 2203 0 -33 0 33
2203 -2203 0 -32 128 -96
2203 0 0 -32 64 -32
2203 2203 0 -32 0 32
2203 -2203 0 -31 124 -93
2203 0 0 -31 62 -31
2203 2203 0 -31 0 31
2203 -2203 0 -30 120 -90
2203 0 0 -30 60 -30
2203 2203 0 -30 0 30
2203 -2203 0 -29 116 -87
2203 0 0 -29 58 -29
2203 2203 0 -29 0 29
2203 -2203 0 -28 112 -84
2203 0 0 -28 56 -28
2203 2203 0 -28 0 28
2203 -2203 0 -27 108 -81
2203 0 0 -27 54 -27
2203 2203 0 -27 0 27
2203 -2203 0 -26 104 -78
2203 0 0 -26 52 -26
2203 2203 0 -26 0 26
2203 -2203 0 -25 100 -75
2203 0 0 -25 50 -25
2203 2203 0 -25 0 25
2203 -2203 0 -24 96 -72
2203 0 0 -24 48 -24
2203 2203 0 -24 0 24
2203 -2203 0 -23 92 -69
2203 0 0 -23 46 -23
2203 2203 0 -23 0 23
2203 -2203 0 -22 88 -66
2203 0 0 -22 44 -22
2203 2203 0 -22 0 22
2203 -2203 0 -21 84 -63
2203 0 0 -21 42 -21
2203 2203 0 -21 0 21
2203 -2203 0 -20 80 -60
2203 0 0 -20 40 -20
2203 2203 0 -20 0 20
2203 -2203 0 -19 76 -57
2203 0 0 -19 38 -19
2203 2203 0 -19 0 19
2203 -2203 0 -18 72 -54
2203 0 0 -18 36 -18
2203 2203 0 -18 0 18
2203 -2203 0 -17 68 -51
2203 0 0 -17 34 -17
2203 2203 0 -17 0 17
2203 -2203 0 -16 64 -48
2203 0 0 -16 32 -16
2203 2203 0 -16 0 16
2203 -2203 0 -15 60 -45
2203 0 0 -15 30 -15
2203 2203 0 -15 0 15
2203 -2203 0 -14 56 -42
2203 0 0 -14 28 -14
2203 2203 0 -14 0 14
2203 -2203 0 -13 52 -39
2203 0 0 -13 26 -13
2203 2203 0 -13 0 13
2203 -2203 0 -12 48 -36
2203 0 0 -12 24 -12
2203 2203 0 -12 0 12
2203 -2203 0 -11 44 -33
2203 0 0 -11 22 -11
2203 2203 0 -11 0 11
2203 -2203 0 -10 40 -30
2203 0 0 -10 20 -10
2203 2203 0 -10 0 10
2203 -2203 0 -9 36 -27
2203 0 0 -9 18 -9
2203 2203 0 -9 0 9
2203 -2203 0 -8 32 -24
2203 0 0 -8 16 -8
2203 2203 0 -8 0 8
2203 -2203 0 -7 28 -21
2203 0 0 -7 14 -7
2203 2203 0 -7 0 7
2203 -2203 0 -6 24 -18
2203 0 0 -6 12 -6
2203 2203 0 -6 0 6
2203 -2203 0 -5 20 -15
2203 0 0 -5 10 -5
2203 2203 0 -5 0 5
2203 -2203 0 -4 16 -12
2203 0 0 -4 8 -4
2203 2203 0 -4 0 4
2203 -2203 0 -3 12 -9
2203 0 0 -3 6 -3
2203 2203 0 -3 0 3
2203 -2203 0 -2 8 -6
2203 0 0 -2 4 -2
2203 2203 0 -2 0 2
2203 -2203 0 -1 4 -3
2203 0 0 -1 2 -1
2203 2203 0 -1 0 1
2203 -2203 -1 1 -4 4
2203 -2203 0 1 -4 3
2203 -2203 1 1 -4 4
2203 0 0 1 -2 1
2203 2203 0 1 0 -1
2203 -2203 0 2 -8 6
2203 0 0 2 -4 2
2203 2203 0 2 0 -2
2203 -2203 0 3 -12 9
2203 0 0 3 -6 3
2203 2203 0 3 0 -3
2203 -2203 -2 4 -16 16
2203 -2203 0 4 -16 12
2203 -2203 2 4 -16 16
2203 0 0 4 -8 4
2203 2203 0 4 0 -4
2203 -2203 0 5 -20 15
2203 0 0 5 -10 5
2203 2203 0 5 0 -5
2203 -2203 0 6 -24 18
2203 0 0 6 -12 6
2203 2203 0 6 0 -6
2203 -2203 0 7 -28 21
2203 0 0 7 -14 7
2203 2203 0 7 0 -7
2203 -2203 0 8 -32 24
2203 0 0 8 -16 8
2203 2203 0 8 0 -8
2203 -2203 -3 9 -36 36
2203 -2203 0 9 -36 27
2203 -2203 3 9 -36 36
2203 0 0 9 -18 9
2203 2203 0 9 0 -9
2203 -2203 0 10 -40 30
2203 0 0 10 -20 10
2203 2203 0 10 0 -10
2203 -2203 0 11 -44 33
2203 0 0 11 -22 11
2203 2203 0 11 0 -11
2203 -2203 0 12 -48 36
2203 0 0 12 -24 12
2203 2203 0 12 0 -12
2203 -2203 0 13 -52 39
2203 0 0 13 -26 13
2203 2203 0 13 0 -13
2203 -2203 0 14 -56 42
2203 0 0 14 -28 14
2203 2203 0 14 0 -14
2203 -2203 0 15 -60 45
2203 0 0 15 -30 15
2203 2203 0 15 0 -15
2203 -2203 -4 16 -64 64
2203 -2203 0 16 -64 48
2203 -2203 4 16 -64 64
2203 0 0 16 -32 16
2203 2203 0 16 0 -16
2203 -2203 0 17 -68 51
2203 0 0 17 -34 17
2203 2203 0 17 0 -17
2203 -2203 0 18 -72 54
2203 0 0 18 -36 18
2203 2203 0 18 0 -18
2203 -2203 0 19 -76 57
2203 0 0 19 -38 19
2203 2203 0 19 0 -19
2203 -2203 0 20 -80 60
2203 0 0 20 -40 20
2203 2203 0 20 0 -20
2203 -2203 0 21 -84 63
2203 0 0 21 -42 21
2203 2203 0 21 0 -21
2203 -2203 0 22 -88 66
2203 0 0 22 -44 22
2203 2203 0 22 0 -22
2203 -2203 0 23 -92 69
2203 0 0 23 -46 23
2203 2203 0 23 0 -23
2203 -2203 0 24 -96 72
2203 0 0 24 -48 24
2203 2203 0 24 0 -24
2203 -2203 -5 25 -100 100
2203 -2203 0 25 -100 75
2203 -2203 5 25 -100 100
2203 0 0 25 -50 25
2203 2203 0 25 0 -25
2203 -2203 0 26 -104 78
2203 0 0 26 -52 26
2203 2203 0 26 0 -26
2203 -2203 0 27 -108 81
2203 0 0 27 -54 27
2203 2203 0 27 0 -27
2203 -2203 0 28 -112 84
2203 0 0 28 -56 28
2203 2203 0 28 0 -28
2203 -2203 0 29 -116 87
2203 0 0 29 -58 29
2203 2203 0 29 0 -29
2203 -2203 0 30 -120 90
2203 0 0 30 -60 30
2203 2203 0 30 0 -30
2203 -2203 0 31 -124 93
2203 0 0 31 -62 31
2203 2203 0 31 0 -31
2203 -2203 0 32 -128 96
2203 0 0 32 -64 32
2203 2203 0 32 0 -32
2203 -2203 0 33 -132 99
2203 0 0 33 -66 33
2203 2203 0 33 0 -33
2203 -2203 0 34 -136 102
2203 0 0 34 -68 34
2203 2203 0 34 0 -34
2203 -2203 0 35 -140 105
2203 0 0 35 -70 35
2203 2203 0 35 0 -35
2203 -2203 -6 36 -144 144
2203 -2203 0 36 -144 108
2203 -2203 6 36 -144 144
2203 0 0 36 -72 36
2203 2203 0 36 0 -36
2203 -2203 0 37 -148 111
2203 0 0 37 -74 37
2203 2203 0 37 0 -37
2203 -2203 0 38 -152 114
2203 0 0 38 -76 38
2203 2203 0 38 0 -38
2203 -2203 0 39 -156 117
2203 0 0 39 -78 39
2203 2203 0 39 0 -39
2203 -2203 0 40 -160 120
2203 0 0 40 -80 40
2203 2203 0 40 0 -40
2203 -2203 0 41 -164 123
2203 0 0 41 -82 41
2203 2203 0 41 0 -41
2203 -2203 0 42 -168 126
2203 0 0 42 -84 42
2203 2203 0 42 0 -42
2203 -2203 0 43 -172 129
2203 0 0 43 -86 43
2203 2203 0 43 0 -43
2203 -2203 0 44 -176 132
2203 0 0 44 -88 44
2203 2203 0 44 0 -44
2203 -2203 0 45 -180 135
2203 0 0 45 -90 45
2203 2203 0 45 0 -45
2203 -2203 0 46 -184 138
2203 0 0 46 -92 46
2203 2203 0 46 0 -46
2203 -2203 0 47 -188 141
2203 0 0 47 -94 47
2203 2203 0 47 0 -47
2203 -2203 0 48 -192 144
2203 0 0 48 -96 48
2203 2203 0 48 0 -48
2203 -2203 -7 49 -196 196
2203 -2203 0 49 -196 147
2203 -2203 7 49 -196 196
2203 0 0 49 -98 49
2203 2203 0 49 0 -49
2203 -2203 0 50 -200 150
2203 0 0 50 -100 50
2203 2203 0 50 0 -50
2203 -2203 0 51 -204 153
2203 0 0 51 -102 51
2203 2203 0 51 0 -51
2203 -2203 0 52 -208 156
2203 0 0 52 -104 52
2203 2203 0 52 0 -52
2203 -2203 0 53 -212 159
2203 0 0 53 -106 53
2203 2203 0 53 0 -53
2203 -2203 0 54 -216 162
2203 0 0 54 -108 54
2203 2203 0 54 0 -54
2203 -2203 0 55 -220 165
2203 0 0 55 -110 55
2203 2203 0 55 0 -55
2203 -2203 0 56 -224 168
2203 0 0 56 -112 56
2203 2203 0 56 0 -56
2203 -2203 0 57 -228 171
2203 0 0 57 -114 57
2203 2203 0 57 0 -57
2203 -2203 0 58 -232 174
2203 0 0 58 -116 58
2203 2203 0 58 0 -58
2203 -2203 0 59 -236 177
2203 0 0 59 -118 59
2203 2203 0 59 0 -59
2203 -2203 0 60 -240 180
2203 0 0 60 -120 60
2203 2203 0 60 0 -60
2204 -2204 0 -60 240 -180
2204 -1653 0 -60 210 -150
2204 -1102 0 -60 180 -120
2204 -551 0 -60 150 -90
2204 0 0 -60 120 -60
2204 551 0 -60 90 -30
2204 1102 0 -60 60 0
2204 1653 0 -60 30 30
2204 2204 0 -60 0 60
2204 -2204 0 -59 236 -177
2204 -1102 0 -59 177 -118
2204 0 0 -59 118 -59
2204 1102 0 -59 59 0
2204 2204 0 -59 0 59
2204 -2204 0 -58 232 -174
2204 -2185 0 -58 231 -173
2204 -2166 0 -58 230 -172
2204 -2147 0 -58 229 -171
2204 -2128 0 -58 228 -170
2204 -2109 0 -58 227 -169
2204 -2090 0 -58 226 -168
2204 -2071 0 -58 225 -167
2204 -2052 0 -58 224 -166
2204 -2033 0 -58 223 -165
2204 -2014 0 -58 222 -164
2204 -1995 0 -58 221 -163
2204 -1976 0 -58 220 -162
2204 -1957 0 -58 219 -161
2204 -1938 0 -58 218 -160
2204 -1919 0 -58 217 -159
2204 -1900 0 -58 216 -158
2204 -1881 0 -58 215 -157
2204 -1862 0 -58 214 -156
2204 -1843 0 -58 213 -155
2204 -1824 0 -58 212 -154
2204 -1805 0 -58 211 -153
2204 -1786 0 -58 210 -152
2204 -1767 0 -58 209 -151
2204 -1748 0 -58 208 -150
2204 -1729 0 -58 207 -149
2204 -1710 0 -58 206 -148
2204 -1691 0 -58 205 -147
2204 -1672 0 -58 204 -146
2204 -1653 0 -58 203 -145
2204 -1634 0 -58 202 -144
2204 -1615 0 -58 201 -143
2204 -1596 0 -58 200 -142
2204 -1577 0 -58 199 -141
2204 -1558 0 -58 198 -140
2204 -1539 0 -58 197 -139
2204 -1520 0 -58 196 -138
2204 -1501 0 -58 195 -137
2204 -1482 0 -58 194 -136
2204 -1463 0 -58 193 -135
2204 -1444 0 -58 192 -134
2204 -1425 0 -58 191 -133
2204 -1406 0 -58 190 -132
2204 -1387 0 -58 189 -131
2204 -1368 0 -58 188 -130
2204 -1349 0 -58 187 -129
2204 -1330 0 -58 186 -128
2204 -1311 0 -58 185 -127
2204 -1292 0 -58 184 -126
2204 -1273 0 -58 183 -125
2204 -1254 0 -58 182 -124
2204 -1235 0 -58 181 -123
2204 -1216 0 -58 180 -122
2204 -1197 0 -58 179 -121
2204 -1178 0 -58 178 -120
2204 -1159 0 -58 177 -119
2204 -1140 0 -58 176 -118
2204 -1121 0 -58 175 -117
2204 -1102 0 -58 174 -116
2204 -1083 0 -58 173 -115
2204 -1064 0 -58 172 -114
2204 -1045 0 -58 171 -113
2204 -1026 0 -58 170 -112
2204 -1007 0 -58 169 -111
2204 -988 0 -58 168 -110
2204 -969 0 -58 167 -109
2204 -950 0 -58 166 -108
2204 -931 0 -58 165 -107
2204 -912 0 -58 164 -106
2204 -893 0 -58 163 -105
2204 -874 0 -58 162 -104
2204 -855 0 -58 161 -103
2204 -836 0 -58 160 -102
2204 -817 0 -58 159 -101
2204 -798 0 -58 158 -100
2204 -779 0 -58 157 -99
2204 -760 0 -58 156 -98
2204 -741 0 -58 155 -97
2204 -722 0 -58 154 -96
2204 -703 0 -58 153 -95
2204 -684 0 -58 152 -94
2204 -665 0 -58 151 -93
2204 -646 0 -58 150 -92
2204 -627 0 -58 149 -91
2204 -608 0 -58 148 -90
2204 -589 0 -58 147 -89
2204 -570 0 -58 146 -88
2204 -551 0 -58 145 -87
2204 -532 0 -58 144 -86
2204 -513 0 -58 143 -85
2204 -494 0 -58 142 -84
2204 -475 0 -58 141 -83
2204 -456 0 -58 140 -82
2204 -437 0 -58 139 -81
2204 -418 0 -58 138 -80
2204 -399 0 -58 137 -79
2204 -380 0 -58 136 -78
2204 -361 0 -58 135 -77
2204 -342 0 -58 134 -76
2204 -323 0 -58 133 -75
2204 -304 0 -58 132 -74
2204 -285 0 -58 131 -73
2204 -266 0 -58 130 -72
2204 -247 0 -58 129 -71
2204 -228 0 -58 128 -70
2204 -209 0 -58 127 -69
2204 -190 0 -58 126 -68
2204 -171 0 -58 125 -67
2204 -152 0 -58 124 -66
2204 -133 0 -58 123 -65
2204 -114 0 -58 122 -64
2204 -95 0 -58 121 -63
2204 -76 0 -58 120 -62
2204 -57 0 -58 119 -61
2204 -38 0 -58 118 -60
2204 -19 0 -58 117 -59
2204 0 0 -58 116 -58
2204 19 0 -58 115 -57
2204 38 0 -58 114 -56
2204 57 0 -58 113 -55
2204 76 0 -58 112 -54
2204 95 0 -58 111 -53
2204 114 0 -58 110 -52
2204 133 0 -58 109 -51
2204 152 0 -58 108 -50
2204 171 0 -58 107 -49
2204 190 0 -58 106 -48
2204 209 0 -58 105 -47
2204 228 0 -58 104 -46
2204 247 0 -58 103 -45
2204 266 0 -58 102 -44
2204 285 0 -58 101 -43
2204 304 0 -58 100 -42
2204 323 0 -58 99 -41
2204 342 0 -58 98 -40
2204 361 0 -58 97 -39
2204 380 0 -58 96 -38
2204 399 0 -58 95 -37
2204 418 0 -58 94 -36
2204 437 0 -58 93 -35
2204 456 0 -58 92 -34
2204 475 0 -58 91 -33
2204 494 0 -58 90 -32
2204 513 0 -58 89 -31
2204 532 0 -58 88 -30
2204 551 0 -58 87 -29
2204 570 0 -58 86 -28
2204 589 0 -58 85 -27
2204 608 0 -58 84 -26
2204 627 0 -58 83 -25
2204 646 0 -58 82 -24
2204 665 0 -58 81 -23
2204 684 0 -58 80 -22
2204 703 0 -58 79 -21
2204 722 0 -58 78 -20
2204 741 0 -58 77 -19
2204 760 0 -58 76 -18
2204 779 0 -58 75 -17
2204 798 0 -58 74 -16
2204 817 0 -58 73 -15
2204 836 0 -58 72 -14
2204 855 0 -58 71 -13
2204 874 0 -58 70 -12
2204 893 0 -58 69 -11
2204 912 0 -58 68 -10
2204 931 0 -58 67 -9
2204 950 0 -58 66 -8
2204 969 0 -58 65 -7
2204 988 0 -58 64 -6
2204 1007 0 -58 63 -5
2204 1026 0 -58 62 -4
2204 1045 0 -58 61 -3
2204 1064 0 -58 60 -2
2204 1083 0 -58 59 -1
2204 1102 0 -58 58 0
2204 1121 0 -58 57 1
2204 1140 0 -58 56 2
2204 1159 0 -58 55 3
2204 1178 0 -58 54 4
2204 1197 0 -58 53 5
2204 1216 0 -58 52 6
2204 1235 0 -58 51 7
2204 1254 0 -58 50 8
2204 1273 0 -58 49 9
2204 1292 0 -58 48 10
2204 1311 0 -58 47 11
2204 1330 0 -58 46 12
2204 1349 0 -58 45 13
2204 1368 0 -58 44 14
2204 1387 0 -58 43 15
2204 1406 0 -58 42 16
2204 1425 0 -58 41 17
2204 1444 0 -58 40 18
2204 1463 0 -58 39 19
2204 1482 0 -58 38 20
2204 1501 0 -58 37 21
2204 1520 0 -58 36 22
2204 1539 0 -58 35 23
2204 1558 0 -58 34 24
2204 1577 0 -58 33 25
2204 1596 0 -58 32 26
2204 1615 0 -58 31 27
2204 1634 0 -58 30 28
2204 1653 0 -58 29 29
2204 1672 0 -58 28 30
2204 1691 0 -58 27 31
2204 1710 0 -58 26 32
2204 1729 0 -58 25 33
2204 1748 0 -58 24 34
2204 1767 0 -58 23 35
2204 1786 0 -58 22 36
2204 1805 0 -58 21 37
2204 1824 0 -58 20 38
2204 1843 0 -58 19 39
2204 1862 0 -58 18 40
2204 1881 0 -58 17 41
2204 1900 0 -58 16 42
2204 1919 0 -58 15 43
2204 1938 0 -58 14 44
2204 1957 0 -58 13 45
2204 1976 -228 -58 12 70
2204 1976 0 -58 12 46
2204 1995 0 -58 11 47
2204 2014 0 -58 10 48
2204 2033 0 -58 9 49
2204 2052 -152 -58 8 66
2204 2052 0 -58 8 50
2204 2071 0 -58 7 51
2204 2090 0 -58 6 52
2204 2109 0 -58 5 53
2204 2128 -76 -58 4 62
2204 2128 0 -58 4 54
2204 2147 0 -58 3 55
2204 2166 0 -58 2 56
2204 2185 0 -58 1 57
2204 2204 0 -58 0 58
2204 -2204 0 -57 228 -171
2204 -2146 0 -57 225 -168
2204 -2088 0 -57 222 -165
2204 -2030 0 -57 219 -162
2204 -1972 0 -57 216 -159
2204 -1914 0 -57 213 -156
2204 -1856 0 -57 210 -153
2204 -1798 0 -57 207 -150
2204 -1740 0 -57 204 -147
2204 -1682 0 -57 201 -144
2204 -1624 0 -57 198 -141
2204 -1566 0 -57 195 -138
2204 -1508 0 -57 192 -135
2204 -1450 0 -57 189 -132
2204 -1392 0 -57 186 -129
2204 -1334 0 -57 183 -126
2204 -1276 0 -57 180 -123
2204 -1218 0 -57 177 -120
2204 -1160 0 -57 174 -117
2204 -1102 0 -57 171 -114
2204 -1044 0 -57 168 -111
2204 -986 0 -57 165 -108
2204 -928 0 -57 162 -105
2204 -870 0 -57 159 -102
2204 -812 0 -57 156 -99
2204 -754 0 -57 153 -96
2204 -696 0 -57 150 -93
2204 -638 0 -57 147 -90
2204 -580 0 -57 144 -87
2204 -522 0 -57 141 -84
2204 -464 0 -57 138 -81
2204 -406 0 -57 135 -78
2204 -348 0 -57 132 -75
2204 -290 0 -57 129 -72
2204 -232 0 -57 126 -69
2204 -174 0 -57 123 -66
2204 -116 0 -57 120 -63
2204 -58 0 -57 117 -60
2204 0 0 -57 114 -57
2204 58 0 -57 111 -54
2204 116 0 -57 108 -51
2204 174 0 -57 105 -48
2204 232 0 -57 102 -45
2204 290 0 -57 99 -42
2204 348 0 -57 96 -39
2204 406 0 -57 93 -36
2204 464 0 -57 90 -33
2204 522 0 -57 87 -30
2204 580 0 -57 84 -27
2204 638 0 -57 81 -24
2204 696 0 -57 78 -21
2204 754 0 -57 75 -18
2204 812 0 -57 72 -15
2204 870 0 -57 69 -12
2204 928 0 -57 66 -9
2204 986 0 -57 63 -6
2204 1044 0 -57 60 -3
2204 1102 0 -57 57 0
2204 1160 0 -57 54 3
2204 1218 0 -57 51 6
2204 1276 0 -57 48 9
2204 1334 0 -57 45 12
2204 1392 0 -57 42 15
2204 1450 0 -57 39 18
2204 1508 0 -57 36 21
2204 1566 0 -57 33 24
2204 1624 0 -57 30 27
2204 1682 0 -57 27 30
2204 1740 0 -57 24 33
2204 1798 0 -57 21 36
2204 1856 0 -57 18 39
2204 1914 0 -57 15 42
2204 1972 0 -57 12 45
2204 2030 0 -57 9 48
2204 2088 0 -57 6 51
2204 2146 0 -57 3 54
2204 2204 0 -57 0 57
2204 -2204 0 -56 224 -168
2204 -1653 0 -56 196 -140
2204 -1102 0 -56 168 -112
2204 -551 0 -56 140 -84
2204 0 0 -56 112 -56
2204 551 0 -56 84 -28
2204 1102 0 -56 56 0
2204 1653 0 -56 28 28
2204 2204 0 -56 0 56
2204 -2204 0 -55 220 -165
2204 -1102 0 -55 165 -110
2204 0 0 -55 110 -55
2204 1102 0 -55 55 0
2204 2204 0 -55 0 55
2204 -2204 0 -54 216 -162
2204 -1653 0 -54 189 -135
2204 -1102 0 -54 162 -108
2204 -551 0 -54 135 -81
2204 0 0 -54 108 -54
2204 551 0 -54 81 -27
2204 1102 0 -54 54 0
2204 1653 0 -54 27 27
2204 2204 0 -54 0 54
2204 -2204 0 -53 212 -159
2204 -1102 0 -53 159 -106
2204 0 0 -53 106 -53
2204 1102 0 -53 53 0
2204 2204 0 -53 0 53
2204 -2204 0 -52 208 -156
2204 -1653 0 -52 182 -130
2204 -1102 0 -52 156 -104
2204 -551 0 -52 130 -78
2204 0 0 -52 104 -52
2204 551 0 -52 78 -26
2204 1102 0 -52 52 0
2204 1653 0 -52 26 26
2204 2204 0 -52 0 52
2204 -2204 0 -51 204 -153
2204 -1102 0 -51 153 -102
2204 0 0 -51 102 -51
2204 1102 0 -51 51 0
2204 2204 0 -51 0 51
2204 -2204 0 -50 200 -150
2204 -1653 0 -50 175 -125
2204 -1102 0 -50 150 -100
2204 -551 0 -50 125 -75
2204 0 0 -50 100 -50
2204 551 0 -50 75 -25
2204 1102 0 -50 50 0
2204 1653 0 -50 25 25
2204 2204 0 -50 0 50
2204 -2204 0 -49 196 -147
2204 -1102 0 -49 147 -98
2204 0 0 -49 98 -49
2204 1102 0 -49 49 0
2204 2204 0 -49 0 49
2204 -2204 0 -48 192 -144
2204 -1653 0 -48 168 -120
2204 -1102 0 -48 144 -96
2204 -551 0 -48 120 -72
2204 0 0 -48 96 -48
2204 551 0 -48 72 -24
2204 1102 0 -48 48 0
2204 1653 0 -48 24 24
2204 2204 0 -48 0 48
2204 -2204 0 -47 188 -141
2204 -1102 0 -47 141 -94
2204 0 0 -47 94 -47
2204 1102 0 -47 47 0
2204 2204 0 -47 0 47
2204 -2204 0 -46 184 -138
2204 -1653 0 -46 161 -115
2204 -1102 0 -46 138 -92
2204 -551 0 -46 115 -69
2204 0 0 -46 92 -46
2204 551 0 -46 69 -23
2204 1102 0 -46 46 0
2204 1653 0 -46 23 23
2204 2204 0 -46 0 46
2204 -2204 0 -45 180 -135
2204 -1102 0 -45 135 -90
2204 0 0 -45 90 -45
2204 1102 0 -45 45 0
2204 2204 0 -45 0 45
2204 -2204 0 -44 176 -132
2204 -1653 0 -44 154 -110
2204 -1102 0 -44 132 -88
2204 -551 0 -44 110 -66
2204 0 0 -44 88 -44
2204 551 0 -44 66 -22
2204 1102 0 -44 44 0
2204 1653 0 -44 22 22
2204 2204 0 -44 0 44
2204 -2204 0 -43 172 -129
2204 -1102 0 -43 129 -86
2204 0 0 -43 86 -43
2204 1102 0 -43 43 0
2204 2204 0 -43 0 43
2204 -2204 0 -42 168 -126
2204 -1653 0 -42 147 -105
2204 -1102 0 -42 126 -84
2204 -551 0 -42 105 -63
2204 0 0 -42 84 -42
2204 551 0 -42 63 -21
2204 1102 0 -42 42 0
2204 1653 0 -42 21 21
2204 2204 0 -42 0 42
2204 -2204 0 -41 164 -123
2204 -1102 0 -41 123 -82
2204 0 0 -41 82 -41
2204 1102 0 -41 41 0
2204 2204 0 -41 0 41
2204 -2204 0 -40 160 -120
2204 -1653 0 -40 140 -100
2204 -1102 0 -40 120 -80
2204 -551 0 -40 100 -60
2204 0 0 -40 80 -40
2204 551 0 -40 60 -20
2204 1102 0 -40 40 0
2204 1653 0 -40 20 20
2204 2204 0 -40 0 40
2204 -2204 0 -39 156 -117
2204 -1102 0 -39 117 -78
2204 0 0 -39 78 -39
2204 1102 0 -39 39 0
2204 2204 0 -39 0 39
2204 -2204 0 -38 152 -114
2204 -2175 0 -38 151 -113
2204 -2146 0 -38 150 -112
2204 -2117 0 -38 149 -111
2204 -2088 0 -38 148 -110
2204 -2059 0 -38 147 -109
2204 -2030 0 -38 146 -108
2204 -2001 0 -38 145 -107
2204 -1972 0 -38 144 -106
2204 -1943 0 -38 143 -105
2204 -1914 0 -38 142 -104
2204 -1885 0 -38 141 -103
2204 -1856 0 -38 140 -102
2204 -1827 0 -38 139 -101
2204 -1798 0 -38 138 -100
2204 -1769 0 -38 137 -99
2204 -1740 0 -38 136 -98
2204 -1711 0 -38 135 -97
2204 -1682 0 -38 134 -96
2204 -1653 0 -38 133 -95
2204 -1624 0 -38 132 -94
2204 -1595 0 -38 131 -93
2204 -1566 0 -38 130 -92
2204 -1537 0 -38 129 -91
2204 -1508 0 -38 128 -90
2204 -1479 0 -38 127 -89
2204 -1450 0 -38 126 -88
2204 -1421 0 -38 125 -87
2204 -1392 0 -38 124 -86
2204 -1363 0 -38 123 -85
2204 -1334 0 -38 122 -84
2204 -1305 0 -38 121 -83
2204 -1276 0 -38 120 -82
2204 -1247 0 -38 119 -81
2204 -1218 0 -38 118 -80
2204 -1189 0 -38 117 -79
2204 -1160 0 -38 116 -78
2204 -1131 0 -38 115 -77
2204 -1102 0 -38 114 -76
2204 -1073 0 -38 113 -75
2204 -1044 0 -38 112 -74
2204 -1015 0 -38 111 -73
2204 -986 0 -38 110 -72
2204 -957 0 -38 109 -71
2204 -928 0 -38 108 -70
2204 -899 0 -38 107 -69
2204 -870 0 -38 106 -68
2204 -841 0 -38 105 -67
2204 -812 0 -38 104 -66
2204 -783 0 -38 103 -65
2204 -754 0 -38 102 -64
2204 -725 0 -38 101 -63
2204 -696 0 -38 100 -62
2204 -667 0 -38 99 -61
2204 -638 0 -38 98 -60
2204 -609 0 -38 97 -59
2204 -580 0 -38 96 -58
2204 -551 0 -38 95 -57
2204 -522 0 -38 94 -56
2204 -493 0 -38 93 -55
2204 -464 0 -38 92 -54
2204 -435 0 -38 91 -53
2204 -406 0 -38 90 -52
2204 -377 0 -38 89 -51
2204 -348 0 -38 88 -50
2204 -319 0 -38 87 -49
2204 -290 0 -38 86 -48
2204 -261 0 -38 85 -47
2204 -232 0 -38 84 -46
2204 -203 0 -38 83 -45
2204 -174 0 -38 82 -44
2204 -145 0 -38 81 -43
2204 -116 0 -38 80 -42
2204 -87 0 -38 79 -41
2204 -58 0 -38 78 -40
2204 -29 0 -38 77 -39
2204 0 0 -38 76 -38
2204 29 0 -38 75 -37
2204 58 0 -38 74 -36
2204 87 0 -38 73 -35
2204 116 0 -38 72 -34
2204 145 0 -38 71 -33
2204 174 0 -38 70 -32
2204 203 0 -38 69 -31
2204 232 0 -38 68 -30
2204 261 0 -38 67 -29
2204 290 0 -38 66 -28
2204 319 0 -38 65 -27
2204 348 0 -38 64 -26
2204 377 0 -38 63 -25
2204 406 0 -38 62 -24
2204 435 0 -38 61 -23
2204 464 0 -38 60 -22
2204 493 0 -38 59 -21
2204 522 0 -38 58 -20
2204 551 0 -38 57 -19
2204 580 0 -38 56 -18
2204 609 0 -38 55 -17
2204 638 0 -38 54 -16
2204 667 0 -38 53 -15
2204 696 0 -38 52 -14
2204 725 0 -38 51 -13
2204 754 0 -38 50 -12
2204 783 0 -38 49 -11
2204 812 0 -38 48 -10
2204 841 0 -38 47 -9
2204 870 0 -38 46 -8
2204 899 0 -38 45 -7
2204 928 0 -38 44 -6
2204 957 0 -38 43 -5
2204 986 0 -38 42 -4
2204 1015 0 -38 41 -3
2204 1044 0 -38 40 -2
2204 1073 0 -38 39 -1
2204 1102 0 -38 38 0
2204 1131 0 -38 37 1
2204 1160 0 -38 36 2
2204 1189 0 -38 35 3
2204 1218 0 -38 34 4
2204 1247 0 -38 33 5
2204 1276 0 -38 32 6
2204 1305 0 -38 31 7
2204 1334 0 -38 30 8
2204 1363 0 -38 29 9
2204 1392 0 -38 28 10
2204 1421 0 -38 27 11
2204 1450 0 -38 26 12
2204 1479 0 -38 25 13
2204 1508 0 -38 24 14
2204 1537 0 -38 23 15
2204 1566 0 -38 22 16
2204 1595 0 -38 21 17
2204 1624 0 -38 20 18
2204 1653 0 -38 19 19
2204 1682 0 -38 18 20
2204 1711 0 -38 17 21
2204 1740 0 -38 16 22
2204 1769 0 -38 15 23
2204 1798 0 -38 14 24
2204 1827 0 -38 13 25
2204 1856 0 -38 12 26
2204 1885 0 -38 11 27
2204 1914 0 -38 10 28
2204 1943 0 -38 9 29
2204 1972 0 -38 8 30
2204 2001 0 -38 7 31
2204 2030 0 -38 6 32
2204 2059 0 -38 5 33
2204 2088 0 -38 4 34
2204 2117 0 -38 3 35
2204 2146 0 -38 2 36
2204 2175 0 -38 1 37
2204 2204 0 -38 0 38
2204 -2204 0 -37 148 -111
2204 -1102 0 -37 111 -74
2204 0 0 -37 74 -37
2204 1102 0 -37 37 0
2204 2204 0 -37 0 37
2204 -2204 0 -36 144 -108
2204 -1653 0 -36 126 -90
2204 -1102 0 -36 108 -72
2204 -551 0 -36 90 -54
2204 0 0 -36 72 -36
2204 551 0 -36 54 -18
2204 1102 0 -36 36 0
2204 1653 0 -36 18 18
2204 2204 0 -36 0 36
2204 -2204 0 -35 140 -105
2204 -1102 0 -35 105 -70
2204 0 0 -35 70 -35
2204 1102 0 -35 35 0
2204 2204 0 -35 0 35
2204 -2204 0 -34 136 -102
2204 -1653 0 -34 119 -85
2204 -1102 0 -34 102 -68
2204 -551 0 -34 85 -51
2204 0 0 -34 68 -34
2204 551 0 -34 51 -17
2204 1102 0 -34 34 0
2204 1653 0 -34 17 17
2204 2204 0 -34 0 34
2204 -2204 0 -33 132 -99
2204 -1102 0 -33 99 -66
2204 0 0 -33 66 -33
2204 1102 0 -33 33 0
2204 2204 0 -33 0 33
2204 -2204 0 -32 128 -96
2204 -1653 0 -32 112 -80
2204 -1102 0 -32 96 -64
2204 -551 0 -32 80 -48
2204 0 0 -32 64 -32
2204 551 0 -32 48 -16
2204 1102 0 -32 32 0
2204 1653 0 -32 16 16
2204 2204 0 -32 0 32
2204 -2204 0 -31 124 -93
2204 -1102 0 -31 93 -62
2204 0 0 -31 62 -31
2204 1102 0 -31 31 0
2204 2204 0 -31 0 31
2204 -2204 0 -30 120 -90
2204 -1653 0 -30 105 -75
2204 -1102 0 -30 90 -60
2204 -551 0 -30 75 -45
2204 0 0 -30 60 -30
2204 551 0 -30 45 -15
2204 1102 0 -30 30 0
2204 1653 0 -30 15 15
2204 2204 0 -30 0 30
2204 -2204 0 -29 116 -87
2204 -2166 0 -29 115 -86
2204 -2128 0 -29 114 -85
2204 -2090 0 -29 113 -84
2204 -2052 0 -29 112 -83
2204 -2014 0 -29 111 -82
2204 -1976 0 -29 110 -81
2204 -1938 0 -29 109 -80
2204 -1900 0 -29 108 -79
2204 -1862 0 -29 107 -78
2204 -1824 0 -29 106 -77
2204 -1786 0 -29 105 -76
2204 -1748 0 -29 104 -75
2204 -1710 0 -29 103 -74
2204 -1672 0 -29 102 -73
2204 -1634 0 -29 101 -72
2204 -1596 0 -29 100 -71
2204 -1558 0 -29 99 -70
2204 -1520 0 -29 98 -69
2204 -1482 0 -29 97 -68
2204 -1444 0 -29 96 -67
2204 -1406 0 -29 95 -66
2204 -1368 0 -29 94 -65
2204 -1330 0 -29 93 -64
2204 -1292 0 -29 92 -63
2204 -1254 0 -29 91 -62
2204 -1216 0 -29 90 -61
2204 -1178 0 -29 89 -60
2204 -1140 0 -29 88 -59
2204 -1102 0 -29 87 -58
2204 -1064 0 -29 86 -57
2204 -1026 0 -29 85 -56
2204 -988 0 -29 84 -55
2204 -950 0 -29 83 -54
2204 -912 0 -29 82 -53
2204 -874 0 -29 81 -52
2204 -836 0 -29 80 -51
2204 -798 0 -29 79 -50
2204 -760 0 -29 78 -49
2204 -722 0 -29 77 -48
2204 -684 0 -29 76 -47
2204 -646 0 -29 75 -46
2204 -608 0 -29 74 -45
2204 -570 0 -29 73 -44
2204 -532 0 -29 72 -43
2204 -494 0 -29 71 -42
2204 -456 0 -29 70 -41
2204 -418 0 -29 69 -40
2204 -380 0 -29 68 -39
2204 -342 0 -29 67 -38
2204 -304 0 -29 66 -37
2204 -266 0 -29 65 -36
2204 -228 0 -29 64 -35
2204 -190 0 -29 63 -34
2204 -152 0 -29 62 -33
2204 -114 0 -29 61 -32
2204 -76 0 -29 60 -31
2204 -38 0 -29 59 -30
2204 0 0 -29 58 -29
2204 38 0 -29 57 -28
2204 76 0 -29 56 -27
2204 114 0 -29 55 -26
2204 152 0 -29 54 -25
2204 190 0 -29 53 -24
2204 228 0 -29 52 -23
2204 266 0 -29 51 -22
2204 304 0 -29 50 -21
2204 342 0 -29 49 -20
2204 380 0 -29 48 -19
2204 418 0 -29 47 -18
2204 456 0 -29 46 -17
2204 494 0 -29 45 -16
2204 532 0 -29 44 -15
2204 570 0 -29 43 -14
2204 608 0 -29 42 -13
2204 646 0 -29 41 -12
2204 684 0 -29 40 -11
2204 722 0 -29 39 -10
2204 760 0 -29 38 -9
2204 798 0 -29 37 -8
2204 836 0 -29 36 -7
2204 874 0 -29 35 -6
2204 912 0 -29 34 -5
2204 950 0 -29 33 -4
2204 988 0 -29 32 -3
2204 1026 0 -29 31 -2
2204 1064 0 -29 30 -1
2204 1102 0 -29 29 0
2204 1140 0 -29 28 1
2204 1178 0 -29 27 2
2204 1216 0 -29 26 3
2204 1254 0 -29 25 4
2204 1292 0 -29 24 5
2204 1330 0 -29 23 6
2204 1368 0 -29 22 7
2204 1406 0 -29 21 8
2204 1444 0 -29 20 9
2204 1482 0 -29 19 10
2204 1520 0 -29 18 11
2204 1558 0 -29 17 12
2204 1596 0 -29 16 13
2204 1634 0 -29 15 14
2204 1672 0 -29 14 15
2204 1710 0 -29 13 16
2204 1748 0 -29 12 17
2204 1786 0 -29 11 18
2204 1824 0 -29 10 19
2204 1862 0 -29 9 20
2204 1900 0 -29 8 21
2204 1938 0 -29 7 22
2204 1976 -228 -29 6 35
2204 1976 0 -29 6 23
2204 2014 0 -29 5 24
2204 2052 -152 -29 4 33
2204 2052 0 -29 4 25
2204 2090 0 -29 3 26
2204 2128 -76 -29 2 31
2204 2128 0 -29 2 27
2204 2166 0 -29 1 28
2204 2204 0 -29 0 29
2204 -2204 0 -28 112 -84
2204 -1653 0 -28 98 -70
2204 -1102 0 -28 84 -56
2204 -551 0 -28 70 -42
2204 0 0 -28 56 -28
2204 551 0 -28 42 -14
2204 1102 0 -28 28 0
2204 1653 0 -28 14 14
2204 2204 0 -28 0 28
2204 -2204 0 -27 108 -81
2204 -1102 0 -27 81 -54
2204 0 0 -27 54 -27
2204 1102 0 -27 27 0
2204 2204 0 -27 0 27
2204 -2204 0 -26 104 -78
2204 -1653 0 -26 91 -65
2204 -1102 0 -26 78 -52
2204 -551 0 -26 65 -39
2204 0 0 -26 52 -26
2204 551 0 -26 39 -13
2204 1102 0 -26 26 0
2204 1653 0 -26 13 13
2204 2204 0 -26 0 26
2204 -2204 0 -25 100 -75
2204 -1102 0 -25 75 -50
2204 0 0 -25 50 -25
2204 1102 0 -25 25 0
2204 2204 0 -25 0 25
2204 -2204 0 -24 96 -72
2204 -1653 0 -24 84 -60
2204 -1102 0 -24 72 -48
2204 -551 0 -24 60 -36
2204 0 0 -24 48 -24
2204 551 0 -24 36 -12
2204 1102 0 -24 24 0
2204 1653 0 -24 12 12
2204 2204 0 -24 0 24
2204 -2204 0 -23 92 -69
2204 -1102 0 -23 69 -46
2204 0 0 -23 46 -23
2204 1102 0 -23 23 0
2204 2204 0 -23 0 23
2204 -2204 0 -22 88 -66
2204 -1653 0 -22 77 -55
2204 -1102 0 -22 66 -44
2204 -551 0 -22 55 -33
2204 0 0 -22 44 -22
2204 551 0 -22 33 -11
2204 1102 0 -22 22 0
2204 1653 0 -22 11 11
2204 2204 0 -22 0 22
2204 -2204 0 -21 84 -63
2204 -1102 0 -21 63 -42
2204 0 0 -21 42 -21
2204 1102 0 -21 21 0
2204 2204 0 -21 0 21
2204 -2204 0 -20 80 -60
2204 -1653 0 -20 70 -50
2204 -1102 0 -20 60 -40
2204 -551 0 -20 50 -30
2204 0 0 -20 40 -20
2204 551 0 -20 30 -10
2204 1102 0 -20 20 0
2204 1653 0 -20 10 10
2204 2204 0 -20 0 20
2204 -2204 0 -19 76 -57
2204 -2146 0 -19 75 -56
2204 -2088 0 -19 74 -55
2204 -2030 0 -19 73 -54
2204 -1972 0 -19 72 -53
2204 -1914 0 -19 71 -52
2204 -1856 0 -19 70 -51
2204 -1798 0 -19 69 -50
2204 -1740 0 -19 68 -49
2204 -1682 0 -19 67 -48
2204 -1624 0 -19 66 -47
2204 -1566 0 -19 65 -46
2204 -1508 0 -19 64 -45
2204 -1450 0 -19 63 -44
2204 -1392 0 -19 62 -43
2204 -1334 0 -19 61 -42
2204 -1276 0 -19 60 -41
2204 -1218 0 -19 59 -40
2204 -1160 0 -19 58 -39
2204 -1102 0 -19 57 -38
2204 -1044 0 -19 56 -37
2204 -986 0 -19 55 -36
2204 -928 0 -19 54 -35
2204 -870 0 -19 53 -34
2204 -812 0 -19 52 -33
2204 -754 0 -19 51 -32
2204 -696 0 -19 50 -31
2204 -638 0 -19 49 -30
2204 -580 0 -19 48 -29
2204 -522 0 -19 47 -28
2204 -464 0 -19 46 -27
2204 -406 0 -19 45 -26
2204 -348 0 -19 44 -25
2204 -290 0 -19 43 -24
2204 -232 0 -19 42 -23
2204 -174 0 -19 41 -22
2204 -116 0 -19 40 -21
2204 -58 0 -19 39 -20
2204 0 0 -19 38 -19
2204 58 0 -19 37 -18
2204 116 0 -19 36 -17
2204 174 0 -19 35 -16
2204 232 0 -19 34 -15
2204 290 0 -19 33 -14
2204 348 0 -19 32 -13
2204 406 0 -19 31 -12
2204 464 0 -19 30 -11
2204 522 0 -19 29 -10
2204 580 0 -19 28 -9
2204 638 0 -19 27 -8
2204 696 0 -19 26 -7
2204 754 0 -19 25 -6
2204 812 0 -19 24 -5
2204 870 0 -19 23 -4
2204 928 0 -19 22 -3
2204 986 0 -19 21 -2
2204 1044 0 -19 20 -1
2204 1102 0 -19 19 0
2204 1160 0 -19 18 1
2204 1218 0 -19 17 2
2204 1276 0 -19 16 3
2204 1334 0 -19 15 4
2204 1392 0 -19 14 5
2204 1450 0 -19 13 6
2204 1508 0 -19 12 7
2204 1566 0 -19 11 8
2204 1624 0 -19 10 9
2204 1682 0 -19 9 10
2204 1740 0 -19 8 11
2204 1798 0 -19 7 12
2204 1856 0 -19 6 13
2204 1914 0 -19 5 14
2204 1972 0 -19 4 15
2204 2030 0 -19 3 16
2204 2088 0 -19 2 17
2204 2146 0 -19 1 18
2204 2204 0 -19 0 19
2204 -2204 0 -18 72 -54
2204 -1653 0 -18 63 -45
2204 -1102 0 -18 54 -36
2204 -551 0 -18 45 -27
2204 0 0 -18 36 -18
2204 551 0 -18 27 -9
2204 1102 0 -18 18 0
2204 1653 0 -18 9 9
2204 2204 0 -18 0 18
2204 -2204 0 -17 68 -51
2204 -1102 0 -17 51 -34
2204 0 0 -17 34 -17
2204 1102 0 -17 17 0
2204 2204 0 -17 0 17
2204 -2204 0 -16 64 -48
2204 -1653 0 -16 56 -40
2204 -1102 0 -16 48 -32
2204 -551 0 -16 40 -24
2204 0 0 -16 32 -16
2204 551 0 -16 24 -8
2204 1102 0 -16 16 0
2204 1653 0 -16 8 8
2204 2204 0 -16 0 16
2204 -2204 0 -15 60 -45
2204 -1102 0 -15 45 -30
2204 0 0 -15 30 -15
2204 1102 0 -15 15 0
2204 2204 0 -15 0 15
2204 -2204 0 -14 56 -42
2204 -1653 0 -14 49 -35
2204 -1102 0 -14 42 -28
2204 -551 0 -14 35 -21
2204 0 0 -14 28 -14
2204 551 0 -14 21 -7
2204 1102 0 -14 14 0
2204 1653 0 -14 7 7
2204 2204 0 -14 0 14
2204 -2204 0 -13 52 -39
2204 -1102 0 -13 39 -26
2204 0 0 -13 26 -13
2204 1102 0 -13 13 0
2204 2204 0 -13 0 13
2204 -2204 0 -12 48 -36
2204 -1653 0 -12 42 -30
2204 -1102 0 -12 36 -24
2204 -551 0 -12 30 -18
2204 0 0 -12 24 -12
2204 551 0 -12 18 -6
2204 1102 0 -12 12 0
2204 1653 0 -12 6 6
2204 2204 0 -12 0 12
2204 -2204 0 -11 44 -33
2204 -1102 0 -11 33 -22
2204 0 0 -11 22 -11
2204 1102 0 -11 11 0
2204 2204 0 -11 0 11
2204 -2204 0 -10 40 -30
2204 -1653 0 -10 35 -25
2204 -1102 0 -10 30 -20
2204 -551 0 -10 25 -15
2204 0 0 -10 20 -10
2204 551 0 -10 15 -5
2204 1102 0 -10 10 0
2204 1653 0 -10 5 5
2204 2204 0 -10 0 10
2204 -2204 0 -9 36 -27
2204 -1102 0 -9 27 -18
2204 0 0 -9 18 -9
2204 1102 0 -9 9 0
2204 2204 0 -9 0 9
2204 -2204 0 -8 32 -24
2204 -1653 0 -8 28 -20
2204 -1102 0 -8 24 -16
2204 -551 0 -8 20 -12
2204 0 0 -8 16 -8
2204 551 0 -8 12 -4
2204 1102 0 -8 8 0
2204 1653 0 -8 4 4
2204 2204 0 -8 0 8
2204 -2204 0 -7 28 -21
2204 -1102 0 -7 21 -14
2204 0 0 -7 14 -7
2204 1102 0 -7 7 0
2204 2204 0 -7 0 7
2204 -2204 0 -6 24 -18
2204 -1653 0 -6 21 -15
2204 -1102 0 -6 18 -12
2204 -551 0 -6 15 -9
2204 0 0 -6 12 -6
2204 551 0 -6 9 -3
2204 1102 0 -6 6 0
2204 1653 0 -6 3 3
2204 2204 0 -6 0 6
2204 -2204 0 -5 20 -15
2204 -1102 0 -5 15 -10
2204 0 0 -5 10 -5
2204 1102 0 -5 5 0
2204 2204 0 -5 0 5
2204 -2204 0 -4 16 -12
2204 -1653 0 -4 14 -10
2204 -1102 0 -4 12 -8
2204 -551 0 -4 10 -6
2204 0 0 -4 8 -4
2204 551 0 -4 6 -2
2204 1102 0 -4 4 0
2204 1653 0 -4 2 2
2204 2204 0 -4 0 4
2204 -2204 0 -3 12 -9
2204 -1102 0 -3 9 -6
2204 0 0 -3 6 -3
2204 1102 0 -3 3 0
2204 2204 0 -3 0 3
2204 -2204 0 -2 8 -6
2204 -1653 0 -2 7 -5
2204 -1102 0 -2 6 -4
2204 -551 0 -2 5 -3
2204 0 0 -2 4 -2
2204 551 0 -2 3 -1
2204 1102 0 -2 2 0
2204 1653 0 -2 1 1
2204 2204 0 -2 0 2
2204 -2204 0 -1 4 -3
2204 -1102 0 -1 3 -2
2204 0 0 -1 2 -1
2204 1102 0 -1 1 0
2204 2204 0 -1 0 1
2204 -2204 -1 1 -4 4
2204 -2204 0 1 -4 3
2204 -2204 1 1 -4 4
2204 -1102 0 1 -3 2
2204 0 0 1 -2 1
2204 1102 0 1 -1 0
2204 2204 0 1 0 -1
2204 -2204 0 2 -8 6
2204 -1653 0 2 -7 5
2204 -1102 0 2 -6 4
2204 -551 0 2 -5 3
2204 0 0 2 -4 2
2204 551 0 2 -3 1
2204 1102 0 2 -2 0
2204 1653 0 2 -1 -1
2204 2204 0 2 0 -2
2204 -2204 0 3 -12 9
2204 -1102 0 3 -9 6
2204 0 0 3 -6 3
2204 1102 0 3 -3 0
2204 2204 0 3 0 -3
2204 -2204 -2 4 -16 16
2204 -2204 0 4 -16 12
2204 -2204 2 4 -16 16
2204 -1653 0 4 -14 10
2204 -1102 0 4 -12 8
2204 -551 0 4 -10 6
2204 0 0 4 -8 4
2204 551 0 4 -6 2
2204 1102 0 4 -4 0
2204 1653 0 4 -2 -2
2204 2204 0 4 0 -4
2204 -2204 0 5 -20 15
2204 -1102 0 5 -15 10
2204 0 0 5 -10 5
2204 1102 0 5 -5 0
2204 2204 0 5 0 -5
2204 -2204 0 6 -24 18
2204 -1653 0 6 -21 15
2204 -1102 0 6 -18 12
2204 -551 0 6 -15 9
2204 0 0 6 -12 6
2204 551 0 6 -9 3
2204 1102 0 6 -6 0
2204 1653 0 6 -3 -3
2204 2204 0 6 0 -6
2204 -2204 0 7 -28 21
2204 -1102 0 7 -21 14
2204 0 0 7 -14 7
2204 1102 0 7 -7 0
2204 2204 0 7 0 -7
2204 -2204 0 8 -32 24
2204 -1653 0 8 -28 20
2204 -1102 0 8 -24 16
2204 -551 0 8 -20 12
2204 0 0 8 -16 8
2204 551 0 8 -12 4
2204 1102 0 8 -8 0
2204 1653 0 8 -4 -4
2204 2204 0 8 0 -8
2204 -2204 -3 9 -36 36
2204 -2204 0 9 -36 27
2204 -2204 3 9 -36 36
2204 -1102 0 9 -27 18
2204 0 0 9 -18 9
2204 1102 0 9 -9 0
2204 2204 0 9 0 -9
2204 -2204 0 10 -40 30
2204 -1653 0 10 -35 25
2204 -1102 0 10 -30 20
2204 -551 0 10 -25 15
2204 0 0 10 -20 10
2204 551 0 10 -15 5
2204 1102 0 10 -10 0
2204 1653 0 10 -5 -5
2204 2204 0 10 0 -10
2204 -2204 0 11 -44 33
2204 -1102 0 11 -33 22
2204 0 0 11 -22 11
2204 1102 0 11 -11 0
2204 2204 0 11 0 -11
2204 -2204 0 12 -48 36
2204 -1653 0 12 -42 30
2204 -1102 0 12 -36 24
2204 -551 0 12 -30 18
2204 0 0 12 -24 12
2204 551 0 12 -18 6
2204 1102 0 12 -12 0
2204 1653 0 12 -6 -6
2204 2204 0 12 0 -12
2204 -2204 0 13 -52 39
2204 -1102 0 13 -39 26
2204 0 0 13 -26 13
2204 1102 0 13 -13 0
2204 2204 0 13 0 -13
2204 -2204 0 14 -56 42
2204 -1653 0 14 -49 35
2204 -1102 0 14 -42 28
2204 -551 0 14 -35 21
2204 0 0 14 -28 14
2204 551 0 14 -21 7
2204 1102 0 14 -14 0
2204 1653 0 14 -7 -7
2204 2204 0 14 0 -14
2204 -2204 0 15 -60 45
2204 -1102 0 15 -45 30
2204 0 0 15 -30 15
2204 1102 0 15 -15 0
2204 2204 0 15 0 -15
2204 -2204 -4 16 -64 64
2204 -2204 0 16 -64 48
2204 -2204 4 16 -64 64
2204 -1653 0 16 -56 40
2204 -1102 0 16 -48 32
2204 -551 0 16 -40 24
2204 0 0 16 -32 16
2204 551 0 16 -24 8
2204 1102 0 16 -16 0
2204 1653 0 16 -8 -8
2204 2204 0 16 0 -16
2204 -2204 0 17 -68 51
2204 -1102 0 17 -51 34
2204 0 0 17 -34 17
2204 1102 0 17 -17 0
2204 2204 0 17 0 -17
2204 -2204 0 18 -72 54
2204 -1653 0 18 -63 45
2204 -1102 0 18 -54 36
2204 -551 0 18 -45 27
2204 0 0 18 -36 18
2204 551 0 18 -27 9
2204 1102 0 18 -18 0
2204 1653 0 18 -9 -9
2204 2204 0 18 0 -18
2204 -2204 0 19 -76 57
2204 -2146 0 19 -75 56
2204 -2088 0 19 -74 55
2204 -2030 0 19 -73 54
2204 -1972 0 19 -72 53
2204 -1914 0 19 -71 52
2204 -1856 0 19 -70 51
2204 -1798 0 19 -69 50
2204 -1740 0 19 -68 49
2204 -1682 0 19 -67 48
2204 -1624 0 19 -66 47
2204 -1566 0 19 -65 46
2204 -1508 0 19 -64 45
2204 -1450 0 19 -63 44
2204 -1392 0 19 -62 43
2204 -1334 0 19 -61 42
2204 -1276 0 19 -60 41
2204 -1218 0 19 -59 40
2204 -1160 0 19 -58 39
2204 -1102 0 19 -57 38
2204 -1044 0 19 -56 37
2204 -986 0 19 -55 36
2204 -928 0 19 -54 35
2204 -870 0 19 -53 34
2204 -812 0 19 -52 33
2204 -754 0 19 -51 32
2204 -696 0 19 -50 31
2204 -638 0 19 -49 30
2204 -580 0 19 -48 29
2204 -522 0 19 -47 28
2204 -464 0 19 -46 27
2204 -406 0 19 -45 26
2204 -348 0 19 -44 25
2204 -290 0 19 -43 24
2204 -232 0 19 -42 23
2204 -174 0 19 -41 22
2204 -116 0 19 -40 21
2204 -58 0 19 -39 20
2204 0 0 19 -38 19
2204 58 0 19 -37 18
2204 116 0 19 -36 17
2204 174 0 19 -35 16
2204 232 0 19 -34 15
2204 290 0 19 -33 14
2204 348 0 19 -32 13
2204 406 0 19 -31 12
2204 464 0 19 -30 11
2204 522 0 19 -29 10
2204 580 0 19 -28 9
2204 638 0 19 -27 8
2204 696 0 19 -26 7
2204 754 0 19 -25 6
2204 812 0 19 -24 5
2204 870 0 19 -23 4
2204 928 0 19 -22 3
2204 986 0 19 -21 2
2204 1044 0 19 -20 1
2204 1102 0 19 -19 0
2204 1160 0 19 -18 -1
2204 1218 0 19 -17 -2
2204 1276 0 19 -16 -3
2204 1334 0 19 -15 -4
2204 1392 0 19 -14 -5
2204 1450 0 19 -13 -6
2204 1508 0 19 -12 -7
2204 1566 0 19 -11 -8
2204 1624 0 19 -10 -9
2204 1682 0 19 -9 -10
2204 1740 0 19 -8 -11
2204 1798 0 19 -7 -12
2204 1856 0 19 -6 -13
2204 1914 0 19 -5 -14
2204 1972 0 19 -4 -15
2204 2030 0 19 -3 -16
2204 2088 0 19 -2 -17
2204 2146 0 19 -1 -18
2204 2204 0 19 0 -19
2204 -2204 0 20 -80 60
2204 -1653 0 20 -70 50
2204 -1102 0 20 -60 40
2204 -551 0 20 -50 30
2204 0 0 20 -40 20
2204 551 0 20 -30 10
2204 1102 0 20 -20 0
2204 1653 0 20 -10 -10
2204 2204 0 20 0 -20
2204 -2204 0 21 -84 63
2204 -1102 0 21 -63 42
2204 0 0 21 -42 21
2204 1102 0 21 -21 0
2204 2204 0 21 0 -21
2204 -2204 0 22 -88 66
2204 -1653 0 22 -77 55
2204 -1102 0 22 -66 44
2204 -551 0 22 -55 33
2204 0 0 22 -44 22
2204 551 0 22 -33 11
2204 1102 0 22 -22 0
2204 1653 0 22 -11 -11
2204 2204 0 22 0 -22
2204 -2204 0 23 -92 69
2204 -1102 0 23 -69 46
2204 0 0 23 -46 23
2204 1102 0 23 -23 0
2204 2204 0 23 0 -23
2204 -2204 0 24 -96 72
2204 -1653 0 24 -84 60
2204 -1102 0 24 -72 48
2204 -551 0 24 -60 36
2204 0 0 24 -48 24
2204 551 0 24 -36 12
2204 1102 0 24 -24 0
2204 1653 0 24 -12 -12
2204 2204 0 24 0 -24
2204 -2204 -5 25 -100 100
2204 -2204 0 25 -100 75
2204 -2204 5 25 -100 100
2204 -1102 0 25 -75 50
2204 0 0 25 -50 25
2204 1102 0 25 -25 0
2204 2204 0 25 0 -25
2204 -2204 0 26 -104 78
2204 -1653 0 26 -91 65
2204 -1102 0 26 -78 52
2204 -551 0 26 -65 39
2204 0 0 26 -52 26
2204 551 0 26 -39 13
2204 1102 0 26 -26 0
2204 1653 0 26 -13 -13
2204 2204 0 26 0 -26
2204 -2204 0 27 -108 81
2204 -1102 0 27 -81 54
2204 0 0 27 -54 27
2204 1102 0 27 -27 0
2204 2204 0 27 0 -27
2204 -2204 0 28 -112 84
2204 -1653 0 28 -98 70
2204 -1102 0 28 -84 56
2204 -551 0 28 -70 42
2204 0 0 28 -56 28
2204 551 0 28 -42 14
2204 1102 0 28 -28 0
2204 1653 0 28 -14 -14
2204 2204 0 28 0 -28
2204 -2204 0 29 -116 87
2204 -2166 0 29 -115 86
2204 -2128 0 29 -114 85
2204 -2090 0 29 -113 84
2204 -2052 0 29 -112 83
2204 -2014 0 29 -111 82
2204 -1976 0 29 -110 81
2204 -1938 0 29 -109 80
2204 -1900 0 29 -108 79
2204 -1862 0 29 -107 78
2204 -1824 0 29 -106 77
2204 -1786 0 29 -105 76
2204 -1748 0 29 -104 75
2204 -1710 0 29 -103 74
2204 -1672 0 29 -102 73
2204 -1634 0 29 -101 72
2204 -1596 0 29 -100 71
2204 -1558 0 29 -99 70
2204 -1520 0 29 -98 69
2204 -1482 0 29 -97 68
2204 -1444 0 29 -96 67
2204 -1406 0 29 -95 66
2204 -1368 0 29 -94 65
2204 -1330 0 29 -93 64
2204 -1292 0 29 -92 63
2204 -1254 0 29 -91 62
2204 -1216 0 29 -90 61
2204 -1178 0 29 -89 60
2204 -1140 0 29 -88 59
2204 -1102 0 29 -87 58
2204 -1064 0 29 -86 57
2204 -1026 0 29 -85 56
2204 -988 0 29 -84 55
2204 -950 0 29 -83 54
2204 -912 0 29 -82 53
2204 -874 0 29 -81 52
2204 -836 0 29 -80 51
2204 -798 0 29 -79 50
2204 -760 0 29 -78 49
2204 -722 0 29 -77 48
2204 -684 0 29 -76 47
2204 -646 0 29 -75 46
2204 -608 0 29 -74 45
2204 -570 0 29 -73 44
2204 -532 0 29 -72 43
2204 -494 0 29 -71 42
2204 -456 0 29 -70 41
2204 -418 0 29 -69 40
2204 -380 0 29 -68 39
2204 -342 0 29 -67 38
2204 -304 0 29 -66 37
2204 -266 0 29 -65 36
2204 -228 0 29 -64 35
2204 -190 0 29 -63 34
2204 -152 0 29 -62 33
2204 -114 0 29 -61 32
2204 -76 0 29 -60 31
2204 -38 0 29 -59 30
2204 0 0 29 -58 29
2204 38 0 29 -57 28
2204 76 0 29 -56 27
2204 114 0 29 -55 26
2204 152 0 29 -54 25
2204 190 0 29 -53 24
2204 228 0 29 -52 23
2204 266 0 29 -51 22
2204 304 0 29 -50 21
2204 342 0 29 -49 20
2204 380 0 29 -48 19
2204 418 0 29 -47 18
2204 456 0 29 -46 17
2204 494 0 29 -45 16
2204 532 0 29 -44 15
2204 570 0 29 -43 14
2204 608 0 29 -42 13
2204 646 0 29 -41 12
2204 684 0 29 -40 11
2204 722 0 29 -39 10
2204 760 0 29 -38 9
2204 798 0 29 -37 8
2204 836 0 29 -36 7
2204 874 0 29 -35 6
2204 912 0 29 -34 5
2204 950 0 29 -33 4
2204 988 0 29 -32 3
2204 1026 0 29 -31 2
2204 1064 0 29 -30 1
2204 1102 0 29 -29 0
2204 1140 0 29 -28 -1
2204 1178 0 29 -27 -2
2204 1216 0 29 -26 -3
2204 1254 0 29 -25 -4
2204 1292 0 29 -24 -5
2204 1330 0 29 -23 -6
2204 1368 0 29 -22 -7
2204 1406 0 29 -21 -8
2204 1444 0 29 -20 -9
2204 1482 0 29 -19 -10
2204 1520 0 29 -18 -11
2204 1558 0 29 -17 -12
2204 1596 0 29 -16 -13
2204 1634 0 29 -15 -14
2204 1672 0 29 -14 -15
2204 1710 0 29 -13 -16
2204 1748 0 29 -12 -17
2204 1786 0 29 -11 -18
2204 1824 0 29 -10 -19
2204 1862 0 29 -9 -20
2204 1900 0 29 -8 -21
2204 1938 0 29 -7 -22
2204 1976 -228 29 -6 -35
2204 1976 0 29 -6 -23
2204 2014 0 29 -5 -24
2204 2052 -152 29 -4 -33
2204 2052 0 29 -4 -25
2204 2090 0 29 -3 -26
2204 2128 -76 29 -2 -31
2204 2128 0 29 -2 -27
2204 2166 0 29 -1 -28
2204 2204 0 29 0 -29
2204 -2204 0 30 -120 90
2204 -1653 0 30 -105 75
2204 -1102 0 30 -90 60
2204 -551 0 30 -75 45
2204 0 0 30 -60 30
2204 551 0 30 -45 15
2204 1102 0 30 -30 0
2204 1653 0 30 -15 -15
2204 2204 0 30 0 -30
2204 -2204 0 31 -124 93
2204 -1102 0 31 -93 62
2204 0 0 31 -62 31
2204 1102 0 31 -31 0
2204 2204 0 31 0 -31
2204 -2204 0 32 -128 96
2204 -1653 0 32 -112 80
2204 -1102 0 32 -96 64
2204 -551 0 32 -80 48
2204 0 0 32 -64 32
2204 551 0 32 -48 16
2204 1102 0 32 -32 0
2204 1653 0 32 -16 -16
2204 2204 0 32 0 -32
2204 -2204 0 33 -132 99
2204 -1102 0 33 -99 66
2204 0 0 33 -66 33
2204 1102 0 33 -33 0
2204 2204 0 33 0 -33
2204 -2204 0 34 -136 102
2204 -1653 0 34 -119 85
2204 -1102 0 34 -102 68
2204 -551 0 34 -85 51
2204 0 0 34 -68 34
2204 551 0 34 -51 17
2204 1102 0 34 -34 0
2204 1653 0 34 -17 -17
2204 2204 0 34 0 -34
2204 -2204 0 35 -140 105
2204 -1102 0 35 -105 70
2204 0 0 35 -70 35
2204 1102 0 35 -35 0
2204 2204 0 35 0 -35
2204 -2204 -6 36 -144 144
2204 -2204 0 36 -144 108
2204 -2204 6 36 -144 144
2204 -1653 0 36 -126 90
2204 -1102 0 36 -108 72
2204 -551 0 36 -90 54
2204 0 0 36 -72 36
2204 551 0 36 -54 18
2204 1102 0 36 -36 0
2204 1653 0 36 -18 -18
2204 2204 0 36 0 -36
2204 -2204 0 37 -148 111
2204 -1102 0 37 -111 74
2204 0 0 37 -74 37
2204 1102 0 37 -37 0
2204 2204 0 37 0 -37
2204 -2204 0 38 -152 114
2204 -2175 0 38 -151 113
2204 -2146 0 38 -150 112
2204 -2117 0 38 -149 111
2204 -2088 0 38 -148 110
2204 -2059 0 38 -147 109
2204 -2030 0 38 -146 108
2204 -2001 0 38 -145 107
2204 -1972 0 38 -144 106
2204 -1943 0 38 -143 105
2204 -1914 0 38 -142 104
2204 -1885 0 38 -141 103
2204 -1856 0 38 -140 102
2204 -1827 0 38 -139 101
2204 -1798 0 38 -138 100
2204 -1769 0 38 -137 99
2204 -1740 0 38 -136 98
2204 -1711 0 38 -135 97
2204 -1682 0 38 -134 96
2204 -1653 0 38 -133 95
2204 -1624 0 38 -132 94
2204 -1595 0 38 -131 93
2204 -1566 0 38 -130 92
2204 -1537 0 38 -129 91
2204 -1508 0 38 -128 90
2204 -1479 0 38 -127 89
2204 -1450 0 38 -126 88
2204 -1421 0 38 -125 87
2204 -1392 0 38 -124 86
2204 -1363 0 38 -123 85
2204 -1334 0 38 -122 84
2204 -1305 0 38 -121 83
2204 -1276 0 38 -120 82
2204 -1247 0 38 -119 81
2204 -1218 0 38 -118 80
2204 -1189 0 38 -117 79
2204 -1160 0 38 -116 78
2204 -1131 0 38 -115 77
2204 -1102 0 38 -114 76
2204 -1073 0 38 -113 75
2204 -1044 0 38 -112 74
2204 -1015 0 38 -111 73
2204 -986 0 38 -110 72
2204 -957 0 38 -109 71
2204 -928 0 38 -108 70
2204 -899 0 38 -107 69
2204 -870 0 38 -106 68
2204 -841 0 38 -105 67
2204 -812 0 38 -104 66
2204 -783 0 38 -103 65
2204 -754 0 38 -102 64
2204 -725 0 38 -101 63
2204 -696 0 38 -100 62
2204 -667 0 38 -99 61
2204 -638 0 38 -98 60
2204 -609 0 38 -97 59
2204 -580 0 38 -96 58
2204 -551 0 38 -95 57
2204 -522 0 38 -94 56
2204 -493 0 38 -93 55
2204 -464 0 38 -92 54
2204 -435 0 38 -91 53
2204 -406 0 38 -90 52
2204 -377 0 38 -89 51
2204 -348 0 38 -88 50
2204 -319 0 38 -87 49
2204 -290 0 38 -86 48
2204 -261 0 38 -85 47
2204 -232 0 38 -84 46
2204 -203 0 38 -83 45
2204 -174 0 38 -82 44
2204 -145 0 38 -81 43
2204 -116 0 38 -80 42
2204 -87 0 38 -79 41
2204 -58 0 38 -78 40
2204 -29 0 38 -77 39
2204 0 0 38 -76 38
2204 29 0 38 -75 37
2204 58 0 38 -74 36
2204 87 0 38 -73 35
2204 116 0 38 -72 34
2204 145 0 38 -71 33
2204 174 0 38 -70 32
2204 203 0 38 -69 31
2204 232 0 38 -68 30
2204 261 0 38 -67 29
2204 290 0 38 -66 28
2204 319 0 38 -65 27
2204 348 0 38 -64 26
2204 377 0 38 -63 25
2204 406 0 38 -62 24
2204 435 0 38 -61 23
2204 464 0 38 -60 22
2204 493 0 38 -59 21
2204 522 0 38 -58 20
2204 551 0 38 -57 19
2204 580 0 38 -56 18
2204 609 0 38 -55 17
2204 638 0 38 -54 16
2204 667 0 38 -53 15
2204 696 0 38 -52 14
2204 725 0 38 -51 13
2204 754 0 38 -50 12
2204 783 0 38 -49 11
2204 812 0 38 -48 10
2204 841 0 38 -47 9
2204 870 0 38 -46 8
2204 899 0 38 -45 7
2204 928 0 38 -44 6
2204 957 0 38 -43 5
2204 986 0 38 -42 4
2204 1015 0 38 -41 3
2204 1044 0 38 -40 2
2204 1073 0 38 -39 1
2204 1102 0 38 -38 0
2204 1131 0 38 -37 -1
2204 1160 0 38 -36 -2
2204 1189 0 38 -35 -3
2204 1218 0 38 -34 -4
2204 1247 0 38 -33 -5
2204 1276 0 38 -32 -6
2204 1305 0 38 -31 -7
2204 1334 0 38 -30 -8
2204 1363 0 38 -29 -9
2204 1392 0 38 -28 -10
2204 1421 0 38 -27 -11
2204 1450 0 38 -26 -12
2204 1479 0 38 -25 -13
2204 1508 0 38 -24 -14
2204 1537 0 38 -23 -15
2204 1566 0 38 -22 -16
2204 1595 0 38 -21 -17
2204 1624 0 38 -20 -18
2204 1653 0 38 -19 -19
2204 1682 0 38 -18 -20
2204 1711 0 38 -17 -21
2204 1740 0 38 -16 -22
2204 1769 0 38 -15 -23
2204 1798 0 38 -14 -24
2204 1827 0 38 -13 -25
2204 1856 0 38 -12 -26
2204 1885 0 38 -11 -27
2204 1914 0 38 -10 -28
2204 1943 0 38 -9 -29
2204 1972 0 38 -8 -30
2204 2001 0 38 -7 -31
2204 2030 0 38 -6 -32
2204 2059 0 38 -5 -33
2204 2088 0 38 -4 -34
2204 2117 0 38 -3 -35
2204 2146 0 38 -2 -36
2204 2175 0 38 -1 -37
2204 2204 0 38 0 -38
2204 -2204 0 39 -156 117
2204 -1102 0 39 -117 78
2204 0 0 39 -78 39
2204 1102 0 39 -39 0
2204 2204 0 39 0 -39
2204 -2204 0 40 -160 120
2204 -1653 0 40 -140 100
2204 -1102 0 40 -120 80
2204 -551 0 40 -100 60
2204 0 0 40 -80 40
2204 551 0 40 -60 20
2204 1102 0 40 -40 0
2204 1653 0 40 -20 -20
2204 2204 0 40 0 -40
2204 -2204 0 41 -164 123
2204 -1102 0 41 -123 82
2204 0 0 41 -82 41
2204 1102 0 41 -41 0
2204 2204 0 41 0 -41
2204 -2204 0 42 -168 126
2204 -1653 0 42 -147 105
2204 -1102 0 42 -126 84
2204 -551 0 42 -105 63
2204 0 0 42 -84 42
2204 551 0 42 -63 21
2204 1102 0 42 -42 0
2204 1653 0 42 -21 -21
2204 2204 0 42 0 -42
2204 -2204 0 43 -172 129
2204 -1102 0 43 -129 86
2204 0 0 43 -86 43
2204 1102 0 43 -43 0
2204 2204 0 43 0 -43
2204 -2204 0 44 -176 132
2204 -1653 0 44 -154 110
2204 -1102 0 44 -132 88
2204 -551 0 44 -110 66
2204 0 0 44 -88 44
2204 551 0 44 -66 22
2204 1102 0 44 -44 0
2204 1653 0 44 -22 -22
2204 2204 0 44 0 -44
2204 -2204 0 45 -180 135
2204 -1102 0 45 -135 90
2204 0 0 45 -90 45
2204 1102 0 45 -45 0
2204 2204 0 45 0 -45
2204 -2204 0 46 -184 138
2204 -1653 0 46 -161 115
2204 -1102 0 46 -138 92
2204 -551 0 46 -115 69
2204 0 0 46 -92 46
2204 551 0 46 -69 23
2204 1102 0 46 -46 0
2204 1653 0 46 -23 -23
2204 2204 0 46 0 -46
2204 -2204 0 47 -188 141
2204 -1102 0 47 -141 94
2204 0 0 47 -94 47
2204 1102 0 47 -47 0
2204 2204 0 47 0 -47
2204 -2204 0 48 -192 144
2204 -1653 0 48 -168 120
2204 -1102 0 48 -144 96
2204 -551 0 48 -120 72
2204 0 0 48 -96 48
2204 551 0 48 -72 24
2204 1102 0 48 -48 0
2204 1653 0 48 -24 -24
2204 2204 0 48 0 -48
2204 -2204 -7 49 -196 196
2204 -2204 0 49 -196 147
2204 -2204 7 49 -196 196
2204 -1102 0 49 -147 98
2204 0 0 49 -98 49
2204 1102 0 49 -49 0
2204 2204 0 49 0 -49
2204 -2204 0 50 -200 150
2204 -1653 0 50 -175 125
2204 -1102 0 50 -150 100
2204 -551 0 50 -125 75
2204 0 0 50 -100 50
2204 551 0 50 -75 25
2204 1102 0 50 -50 0
2204 1653 0 50 -25 -25
2204 2204 0 50 0 -50
2204 -2204 0 51 -204 153
2204 -1102 0 51 -153 102
2204 0 0 51 -102 51
2204 1102 0 51 -51 0
2204 2204 0 51 0 -51
2204 -2204 0 52 -208 156
2204 -1653 0 52 -182 130
2204 -1102 0 52 -156 104
2204 -551 0 52 -130 78
2204 0 0 52 -104 52
2204 551 0 52 -78 26
2204 1102 0 52 -52 0
2204 1653 0 52 -26 -26
2204 2204 0 52 0 -52
2204 -2204 0 53 -212 159
2204 -1102 0 53 -159 106
2204 0 0 53 -106 53
2204 1102 0 53 -53 0
2204 2204 0 53 0 -53
2204 -2204 0 54 -216 162
2204 -1653 0 54 -189 135
2204 -1102 0 54 -162 108
2204 -551 0 54 -135 81
2204 0 0 54 -108 54
2204 551 0 54 -81 27
2204 1102 0 54 -54 0
2204 1653 0 54 -27 -27
2204 2204 0 54 0 -54
2204 -2204 0 55 -220 165
2204 -1102 0 55 -165 110
2204 0 0 55 -110 55
2204 1102 0 55 -55 0
2204 2204 0 55 0 -55
2204 -2204 0 56 -224 168
2204 -1653 0 56 -196 140
2204 -1102 0 56 -168 112
2204 -551 0 56 -140 84
2204 0 0 56 -112 56
2204 551 0 56 -84 28
2204 1102 0 56 -56 0
2204 1653 0 56 -28 -28
2204 2204 0 56 0 -56
2204 -2204 0 57 -228 171
2204 -2146 0 57 -225 168
2204 -2088 0 57 -222 165
2204 -2030 0 57 -219 162
2204 -1972 0 57 -216 159
2204 -1914 0 57 -213 156
2204 -1856 0 57 -210 153
2204 -1798 0 57 -207 150
2204 -1740 0 57 -204 147
2204 -1682 0 57 -201 144
2204 -1624 0 57 -198 141
2204 -1566 0 57 -195 138
2204 -1508 0 57 -192 135
2204 -1450 0 57 -189 132
2204 -1392 0 57 -186 129
2204 -1334 0 57 -183 126
2204 -1276 0 57 -180 123
2204 -1218 0 57 -177 120
2204 -1160 0 57 -174 117
2204 -1102 0 57 -171 114
2204 -1044 0 57 -168 111
2204 -986 0 57 -165 108
2204 -928 0 57 -162 105
2204 -870 0 57 -159 102
2204 -812 0 57 -156 99
2204 -754 0 57 -153 96
2204 -696 0 57 -150 93
2204 -638 0 57 -147 90
2204 -580 0 57 -144 87
2204 -522 0 57 -141 84
2204 -464 0 57 -138 81
2204 -406 0 57 -135 78
2204 -348 0 57 -132 75
2204 -290 0 57 -129 72
2204 -232 0 57 -126 69
2204 -174 0 57 -123 66
2204 -116 0 57 -120 63
2204 -58 0 57 -117 60
2204 0 0 57 -114 57
2204 58 0 57 -111 54
2204 116 0 57 -108 51
2204 174 0 57 -105 48
2204 232 0 57 -102 45
2204 290 0 57 -99 42
2204 348 0 57 -96 39
2204 406 0 57 -93 36
2204 464 0 57 -90 33
2204 522 0 57 -87 30
2204 580 0 57 -84 27
2204 638 0 57 -81 24
2204 696 0 57 -78 21
2204 754 0 57 -75 18
2204 812 0 57 -72 15
2204 870 0 57 -69 12
2204 928 0 57 -66 9
2204 986 0 57 -63 6
2204 1044 0 57 -60 3
2204 1102 0 57 -57 0
2204 1160 0 57 -54 -3
2204 1218 0 57 -51 -6
2204 1276 0 57 -48 -9
2204 1334 0 57 -45 -12
2204 1392 0 57 -42 -15
2204 1450 0 57 -39 -18
2204 1508 0 57 -36 -21
2204 1566 0 57 -33 -24
2204 1624 0 57 -30 -27
2204 1682 0 57 -27 -30
2204 1740 0 57 -24 -33
2204 1798 0 57 -21 -36
2204 1856 0 57 -18 -39
2204 1914 0 57 -15 -42
2204 1972 0 57 -12 -45
2204 2030 0 57 -9 -48
2204 2088 0 57 -6 -51
2204 2146 0 57 -3 -54
2204 2204 0 57 0 -57
2204 -2204 0 58 -232 174
2204 -2185 0 58 -231 173
2204 -2166 0 58 -230 172
2204 -2147 0 58 -229 171
2204 -2128 0 58 -228 170
2204 -2109 0 58 -227 169
2204 -2090 0 58 -226 168
2204 -2071 0 58 -225 167
2204 -2052 0 58 -224 166
2204 -2033 0 58 -223 165
2204 -2014 0 58 -222 164
2204 -1995 0 58 -221 163
2204 -1976 0 58 -220 162
2204 -1957 0 58 -219 161
2204 -1938 0 58 -218 160
2204 -1919 0 58 -217 159
2204 -1900 0 58 -216 158
2204 -1881 0 58 -215 157
2204 -1862 0 58 -214 156
2204 -1843 0 58 -213 155
2204 -1824 0 58 -212 154
2204 -1805 0 58 -211 153
2204 -1786 0 58 -210 152
2204 -1767 0 58 -209 151
2204 -1748 0 58 -208 150
2204 -1729 0 58 -207 149
2204 -1710 0 58 -206 148
2204 -1691 0 58 -205 147
2204 -1672 0 58 -204 146
2204 -1653 0 58 -203 145
2204 -1634 0 58 -202 144
2204 -1615 0 58 -201 143
2204 -1596 0 58 -200 142
2204 -1577 0 58 -199 141
2204 -1558 0 58 -198 140
2204 -1539 0 58 -197 139
2204 -1520 0 58 -196 138
2204 -1501 0 58 -195 137
2204 -1482 0 58 -194 136
2204 -1463 0 58 -193 135
2204 -1444 0 58 -192 134
2204 -1425 0 58 -191 133
2204 -1406 0 58 -190 132
2204 -1387 0 58 -189 131
2204 -1368 0 58 -188 130
2204 -1349 0 58 -187 129
2204 -1330 0 58 -186 128
2204 -1311 0 58 -185 127
2204 -1292 0 58 -184 126
2204 -1273 0 58 -183 125
2204 -1254 0 58 -182 124
2204 -1235 0 58 -181 123
2204 -1216 0 58 -180 122
2204 -1197 0 58 -179 121
2204 -1178 0 58 -178 120
2204 -1159 0 58 -177 119
2204 -1140 0 58 -176 118
2204 -1121 0 58 -175 117
2204 -1102 0 58 -174 116
2204 -1083 0 58 -173 115
2204 -1064 0 58 -172 114
2204 -1045 0 58 -171 113
2204 -1026 0 58 -170 112
2204 -1007 0 58 -169 111
2204 -988 0 58 -168 110
2204 -969 0 58 -167 109
2204 -950 0 58 -166 108
2204 -931 0 58 -165 107
2204 -912 0 58 -164 106
2204 -893 0 58 -163 105
2204 -874 0 58 -162 104
2204 -855 0 58 -161 103
2204 -836 0 58 -160 102
2204 -817 0 58 -159 101
2204 -798 0 58 -158 100
2204 -779 0 58 -157 99
2204 -760 0 58 -156 98
2204 -741 0 58 -155 97
2204 -722 0 58 -154 96
2204 -703 0 58 -153 95
2204 -684 0 58 -152 94
2204 -665 0 58 -151 93
2204 -646 0 58 -150 92
2204 -627 0 58 -149 91
2204 -608 0 58 -148 90
2204 -589 0 58 -147 89
2204 -570 0 58 -146 88
2204 -551 0 58 -145 87
2204 -532 0 58 -144 86
2204 -513 0 58 -143 85
2204 -494 0 58 -142 84
2204 -475 0 58 -141 83
2204 -456 0 58 -140 82
2204 -437 0 58 -139 81
2204 -418 0 58 -138 80
2204 -399 0 58 -137 79
2204 -380 0 58 -136 78
2204 -361 0 58 -135 77
2204 -342 0 58 -134 76
2204 -323 0 58 -133 75
2204 -304 0 58 -132 74
2204 -285 0 58 -131 73
2204 -266 0 58 -130 72
2204 -247 0 58 -129 71
2204 -228 0 58 -128 70
2204 -209 0 58 -127 69
2204 -190 0 58 -126 68
2204 -171 0 58 -125 67
2204 -152 0 58 -124 66
2204 -133 0 58 -123 65
2204 -114 0 58 -122 64
2204 -95 0 58 -121 63
2204 -76 0 58 -120 62
2204 -57 0 58 -119 61
2204 -38 0 58 -118 60
2204 -19 0 58 -117 59
2204 0 0 58 -116 58
2204 19 0 58 -115 57
2204 38 0 58 -114 56
2204 57 0 58 -113 55
2204 76 0 58 -112 54
2204 95 0 58 -111 53
2204 114 0 58 -110 52
2204 133 0 58 -109 51
2204 152 0 58 -108 50
2204 171 0 58 -107 49
2204 190 0 58 -106 48
2204 209 0 58 -105 47
2204 228 0 58 -104 46
2204 247 0 58 -103 45
2204 266 0 58 -102 44
2204 285 0 58 -101 43
2204 304 0 58 -100 42
2204 323 0 58 -99 41
2204 342 0 58 -98 40
2204 361 0 58 -97 39
2204 380 0 58 -96 38
2204 399 0 58 -95 37
2204 418 0 58 -94 36
2204 437 0 58 -93 35
2204 456 0 58 -92 34
2204 475 0 58 -91 33
2204 494 0 58 -90 32
2204 513 0 58 -89 31
2204 532 0 58 -88 30
2204 551 0 58 -87 29
2204 570 0 58 -86 28
2204 589 0 58 -85 27
2204 608 0 58 -84 26
2204 627 0 58 -83 25
2204 646 0 58 -82 24
2204 665 0 58 -81 23
2204 684 0 58 -80 22
2204 703 0 58 -79 21
2204 722 0 58 -78 20
2204 741 0 58 -77 19
2204 760 0 58 -76 18
2204 779 0 58 -75 17
2204 798 0 58 -74 16
2204 817 0 58 -73 15
2204 836 0 58 -72 14
2204 855 0 58 -71 13
2204 874 0 58 -70 12
2204 893 0 58 -69 11
2204 912 0 58 -68 10
2204 931 0 58 -67 9
2204 950 0 58 -66 8
2204 969 0 58 -65 7
2204 988 0 58 -64 6
2204 1007 0 58 -63 5
2204 1026 0 58 -62 4
2204 1045 0 58 -61 3
2204 1064 0 58 -60 2
2204 1083 0 58 -59 1
2204 1102 0 58 -58 0
2204 1121 0 58 -57 -1
2204 1140 0 58 -56 -2
2204 1159 0 58 -55 -3
2204 1178 0 58 -54 -4
2204 1197 0 58 -53 -5
2204 1216 0 58 -52 -6
2204 1235 0 58 -51 -7
2204 1254 0 58 -50 -8
2204 1273 0 58 -49 -9
2204 1292 0 58 -48 -10
2204 1311 0 58 -47 -11
2204 1330 0 58 -46 -12
2204 1349 0 58 -45 -13
2204 1368 0 58 -44 -14
2204 1387 0 58 -43 -15
2204 1406 0 58 -42 -16
2204 1425 0 58 -41 -17
2204 1444 0 58 -40 -18
2204 1463 0 58 -39 -19
2204 1482 0 58 -38 -20
2204 1501 0 58 -37 -21
2204 1520 0 58 -36 -22
2204 1539 0 58 -35 -23
2204 1558 0 58 -34 -24
2204 1577 0 58 -33 -25
2204 1596 0 58 -32 -26
2204 1615 0 58 -31 -27
2204 1634 0 58 -30 -28
2204 1653 0 58 -29 -29
2204 1672 0 58 -28 -30
2204 1691 0 58 -27 -31
2204 1710 0 58 -26 -32
2204 1729 0 58 -25 -33
2204 1748 0 58 -24 -34
2204 1767 0 58 -23 -35
2204 1786 0 58 -22 -36
2204 1805 0 58 -21 -37
2204 1824 0 58 -20 -38
2204 1843 0 58 -19 -39
2204 1862 0 58 -18 -40
2204 1881 0 58 -17 -41
2204 1900 0 58 -16 -42
2204 1919 0 58 -15 -43
2204 1938 0 58 -14 -44
2204 1957 0 58 -13 -45
2204 1976 -228 58 -12 -70
2204 1976 0 58 -12 -46
2204 1995 0 58 -11 -47
2204 2014 0 58 -10 -48
2204 2033 0 58 -9 -49
2204 2052 -152 58 -8 -66
2204 2052 0 58 -8 -50
2204 2071 0 58 -7 -51
2204 2090 0 58 -6 -52
2204 2109 0 58 -5 -53
2204 2128 -76 58 -4 -62
2204 2128 0 58 -4 -54
2204 2147 0 58 -3 -55
2204 2166 0 58 -2 -56
2204 2185 0 58 -1 -57
2204 2204 0 58 0 -58
2204 -2204 0 59 -236 177
2204 -1102 0 59 -177 118
2204 0 0 59 -118 59
2204 1102 0 59 -59 0
2204 2204 0 59 0 -59
2204 -2204 0 60 -240 180
2204 -1653 0 60 -210 150
2204 -1102 0 60 -180 120
2204 -551 0 60 -150 90
2204 0 0 60 -120 60
2204 551 0 60 -90 30
2204 1102 0 60 -60 0
2204 1653 0 60 -30 -30
2204 2204 0 60 0 -60
2205 -2205 0 -60 240 -180
2205 -2058 0 -60 232 -172
2205 -1911 0 -60 224 -164
2205 -1764 0 -60 216 -156
2205 -1617 0 -60 208 -148
2205 -1470 0 -60 200 -140
2205 -1323 0 -60 192 -132
2205 -1176 0 -60 184 -124
2205 -1029 0 -60 176 -116
2205 -882 0 -60 168 -108
2205 -735 0 -60 160 -100
2205 -588 0 -60 152 -92
2205 -441 0 -60 144 -84
2205 -294 0 -60 136 -76
2205 -147 0 -60 128 -68
2205 0 0 -60 120 -60
2205 147 0 -60 112 -52
2205 294 0 -60 104 -44
2205 441 0 -60 96 -36
2205 588 0 -60 88 -28
2205 735 0 -60 80 -20
2205 882 0 -60 72 -12
2205 1029 0 -60 64 -4
2205 1176 0 -60 56 4
2205 1323 0 -60 48 12
2205 1470 0 -60 40 20
2205 1617 0 -60 32 28
2205 1764 0 -60 24 36
2205 1911 0 -60 16 44
2205 2058 0 -60 8 52
2205 2205 0 -60 0 60
2205 -2205 0 -59 236 -177
2205 0 0 -59 118 -59
2205 2205 0 -59 0 59
2205 -2205 0 -58 232 -174
2205 0 0 -58 116 -58
2205 2205 0 -58 0 58
2205 -2205 0 -57 228 -171
2205 -1470 0 -57 190 -133
2205 -735 0 -57 152 -95
2205 0 0 -57 114 -57
2205 735 0 -57 76 -19
2205 1470 0 -57 38 19
2205 2205 0 -57 0 57
2205 -2205 0 -56 224 -168
2205 -1890 0 -56 208 -152
2205 -1575 0 -56 192 -136
2205 -1260 0 -56 176 -120
2205 -945 0 -56 160 -104
2205 -630 0 -56 144 -88
2205 -315 0 -56 128 -72
2205 0 0 -56 112 -56
2205 315 0 -56 96 -40
2205 630 0 -56 80 -24
2205 945 0 -56 64 -8
2205 1260 0 -56 48 8
2205 1575 0 -56 32 24
2205 1890 0 -56 16 40
2205 2205 0 -56 0 56
2205 -2205 0 -55 220 -165
2205 -1764 0 -55 198 -143
2205 -1323 0 -55 176 -121
2205 -882 0 -55 154 -99
2205 -441 0 -55 132 -77
2205 0 0 -55 110 -55
2205 441 0 -55 88 -33
2205 882 0 -55 66 -11
2205 1323 0 -55 44 11
2205 1764 0 -55 22 33
2205 2205 0 -55 0 55
2205 -2205 0 -54 216 -162
2205 -1960 0 -54 204 -150
2205 -1715 0 -54 192 -138
2205 -1470 0 -54 180 -126
2205 -1225 0 -54 168 -114
2205 -980 0 -54 156 -102
2205 -735 0 -54 144 -90
2205 -490 0 -54 132 -78
2205 -245 0 -54 120 -66
2205 0 0 -54 108 -54
2205 245 0 -54 96 -42
2205 490 0 -54 84 -30
2205 735 0 -54 72 -18
2205 980 0 -54 60 -6
2205 1225 0 -54 48 6
2205 1470 0 -54 36 18
2205 1715 0 -54 24 30
2205 1960 0 -54 12 42
2205 2205 0 -54 0 54
2205 -2205 0 -53 212 -159
2205 0 0 -53 106 -53
2205 2205 0 -53 0 53
2205 -2205 0 -52 208 -156
2205 0 0 -52 104 -52
2205 2205 0 -52 0 52
2205 -2205 0 -51 204 -153
2205 -1470 0 -51 170 -119
2205 -735 0 -51 136 -85
2205 0 0 -51 102 -51
2205 735 0 -51 68 -17
2205 1470 0 -51 34 17
2205 2205 0 -51 0 51
2205 -2205 0 -50 200 -150
2205 -1764 0 -50 180 -130
2205 -1323 0 -50 160 -110
2205 -882 0 -50 140 -90
2205 -441 0 -50 120 -70
2205 0 0 -50 100 -50
2205 441 0 -50 80 -30
2205 882 0 -50 60 -10
2205 1323 0 -50 40 10
2205 1764 0 -50 20 30
2205 2205 0 -50 0 50
2205 -2205 0 -49 196 -147
2205 -2160 0 -49 194 -145
2205 -2115 0 -49 192 -143
2205 -2070 0 -49 190 -141
2205 -2025 0 -49 188 -139
2205 -1980 0 -49 186 -137
2205 -1935 0 -49 184 -135
2205 -1890 0 -49 182 -133
2205 -1845 0 -49 180 -131
2205 -1800 0 -49 178 -129
2205 -1755 0 -49 176 -127
2205 -1710 0 -49 174 -125
2205 -1665 0 -49 172 -123
2205 -1620 0 -49 170 -121
2205 -1575 0 -49 168 -119
2205 -1530 0 -49 166 -117
2205 -1485 0 -49 164 -115
2205 -1440 0 -49 162 -113
2205 -1395 0 -49 160 -111
2205 -1350 0 -49 158 -109
2205 -1305 0 -49 156 -107
2205 -1260 0 -49 154 -105
2205 -1215 0 -49 152 -103
2205 -1170 0 -49 150 -101
2205 -1125 0 -49 148 -99
2205 -1080 0 -49 146 -97
2205 -1035 0 -49 144 -95
2205 -990 0 -49 142 -93
2205 -945 0 -49 140 -91
2205 -900 0 -49 138 -89
2205 -855 0 -49 136 -87
2205 -810 0 -49 134 -85
2205 -765 0 -49 132 -83
2205 -720 0 -49 130 -81
2205 -675 0 -49 128 -79
2205 -630 0 -49 126 -77
2205 -585 0 -49 124 -75
2205 -540 0 -49 122 -73
2205 -495 0 -49 120 -71
2205 -450 0 -49 118 -69
2205 -405 0 -49 116 -67
2205 -360 0 -49 114 -65
2205 -315 0 -49 112 -63
2205 -270 0 -49 110 -61
2205 -225 0 -49 108 -59
2205 -180 0 -49 106 -57
2205 -135 0 -49 104 -55
2205 -90 0 -49 102 -53
2205 -45 0 -49 100 -51
2205 0 0 -49 98 -49
2205 45 0 -49 96 -47
2205 90 0 -49 94 -45
2205 135 0 -49 92 -43
2205 180 0 -49 90 -41
2205 225 0 -49 88 -39
2205 270 0 -49 86 -37
2205 315 0 -49 84 -35
2205 360 0 -49 82 -33
2205 405 0 -49 80 -31
2205 450 0 -49 78 -29
2205 495 0 -49 76 -27
2205 540 0 -49 74 -25
2205 585 0 -49 72 -23
2205 630 0 -49 70 -21
2205 675 0 -49 68 -19
2205 720 0 -49 66 -17
2205 765 0 -49 64 -15
2205 810 0 -49 62 -13
2205 855 0 -49 60 -11
2205 900 0 -49 58 -9
2205 945 0 -49 56 -7
2205 990 0 -49 54 -5
2205 1035 0 -49 52 -3
2205 1080 0 -49 50 -1
2205 1125 0 -49 48 1
2205 1170 0 -49 46 3
2205 1215 0 -49 44 5
2205 1260 0 -49 42 7
2205 1305 0 -49 40 9
2205 1350 0 -49 38 11
2205 1395 0 -49 36 13
2205 1440 0 -49 34 15
2205 1485 0 -49 32 17
2205 1530 0 -49 30 19
2205 1575 0 -49 28 21
2205 1620 0 -49 26 23
2205 1665 0 -49 24 25
2205 1710 0 -49 22 27
2205 1755 0 -49 20 29
2205 1800 0 -49 18 31
2205 1845 0 -49 16 33
2205 1890 0 -49 14 35
2205 1935 0 -49 12 37
2205 1980 0 -49 10 39
2205 2025 0 -49 8 41
2205 2070 0 -49 6 43
2205 2115 0 -49 4 45
2205 2160 0 -49 2 47
2205 2205 0 -49 0 49
2205 -2205 0 -48 192 -144
2205 -1470 0 -48 160 -112
2205 -735 0 -48 128 -80
2205 0 0 -48 96 -48
2205 735 0 -48 64 -16
2205 1470 0 -48 32 16
2205 2205 0 -48 0 48
2205 -2205 0 -47 188 -141
2205 0 0 -47 94 -47
2205 2205 0 -47 0 47
2205 -2205 0 -46 184 -138
2205 0 0 -46 92 -46
2205 2205 0 -46 0 46
2205 -2205 0 -45 180 -135
2205 -2156 0 -45 178 -133
2205 -2107 0 -45 176 -131
2205 -2058 0 -45 174 -129
2205 -2009 0 -45 172 -127
2205 -1960 0 -45 170 -125
2205 -1911 0 -45 168 -123
2205 -1862 0 -45 166 -121
2205 -1813 0 -45 164 -119
2205 -1764 0 -45 162 -117
2205 -1715 0 -45 160 -115
2205 -1666 0 -45 158 -113
2205 -1617 0 -45 156 -111
2205 -1568 0 -45 154 -109
2205 -1519 0 -45 152 -107
2205 -1470 0 -45 150 -105
2205 -1421 0 -45 148 -103
2205 -1372 0 -45 146 -101
2205 -1323 0 -45 144 -99
2205 -1274 0 -45 142 -97
2205 -1225 0 -45 140 -95
2205 -1176 0 -45 138 -93
2205 -1127 0 -45 136 -91
2205 -1078 0 -45 134 -89
2205 -1029 0 -45 132 -87
2205 -980 0 -45 130 -85
2205 -931 0 -45 128 -83
2205 -882 0 -45 126 -81
2205 -833 0 -45 124 -79
2205 -784 0 -45 122 -77
2205 -735 0 -45 120 -75
2205 -686 0 -45 118 -73
2205 -637 0 -45 116 -71
2205 -588 0 -45 114 -69
2205 -539 0 -45 112 -67
2205 -490 0 -45 110 -65
2205 -441 0 -45 108 -63
2205 -392 0 -45 106 -61
2205 -343 0 -45 104 -59
2205 -294 0 -45 102 -57
2205 -245 0 -45 100 -55
2205 -196 0 -45 98 -53
2205 -147 0 -45 96 -51
2205 -98 0 -45 94 -49
2205 -49 0 -45 92 -47
2205 0 0 -45 90 -45
2205 49 0 -45 88 -43
2205 98 0 -45 86 -41
2205 147 0 -45 84 -39
2205 196 0 -45 82 -37
2205 245 0 -45 80 -35
2205 294 0 -45 78 -33
2205 343 0 -45 76 -31
2205 392 0 -45 74 -29
2205 441 0 -45 72 -27
2205 490 0 -45 70 -25
2205 539 0 -45 68 -23
2205 588 0 -45 66 -21
2205 637 0 -45 64 -19
2205 686 0 -45 62 -17
2205 735 0 -45 60 -15
2205 784 0 -45 58 -13
2205 833 0 -45 56 -11
2205 882 0 -45 54 -9
2205 931 0 -45 52 -7
2205 980 0 -45 50 -5
2205 1029 0 -45 48 -3
2205 1078 0 -45 46 -1
2205 1127 0 -45 44 1
2205 1176 0 -45 42 3
2205 1225 0 -45 40 5
2205 1274 0 -45 38 7
2205 1323 0 -45 36 9
2205 1372 0 -45 34 11
2205 1421 0 -45 32 13
2205 1470 0 -45 30 15
2205 1519 0 -45 28 17
2205 1568 0 -45 26 19
2205 1617 0 -45 24 21
2205 1666 0 -45 22 23
2205 1715 0 -45 20 25
2205 1764 0 -45 18 27
2205 1813 0 -45 16 29
2205 1862 0 -45 14 31
2205 1911 0 -45 12 33
2205 1960 0 -45 10 35
2205 2009 0 -45 8 37
2205 2058 0 -45 6 39
2205 2107 0 -45 4 41
2205 2156 0 -45 2 43
2205 2205 0 -45 0 45
2205 -2205 0 -44 176 -132
2205 0 0 -44 88 -44
2205 2205 0 -44 0 44
2205 -2205 0 -43 172 -129
2205 0 0 -43 86 -43
2205 2205 0 -43 0 43
2205 -2205 0 -42 168 -126
2205 -2100 0 -42 164 -122
2205 -1995 0 -42 160 -118
2205 -1890 0 -42 156 -114
2205 -1785 0 -42 152 -110
2205 -1680 0 -42 148 -106
2205 -1575 0 -42 144 -102
2205 -1470 0 -42 140 -98
2205 -1365 0 -42 136 -94
2205 -1260 0 -42 132 -90
2205 -1155 0 -42 128 -86
2205 -1050 0 -42 124 -82
2205 -945 0 -42 120 -78
2205 -840 0 -42 116 -74
2205 -735 0 -42 112 -70
2205 -630 0 -42 108 -66
2205 -525 0 -42 104 -62
2205 -420 0 -42 100 -58
2205 -315 0 -42 96 -54
2205 -210 0 -42 92 -50
2205 -105 0 -42 88 -46
2205 0 0 -42 84 -42
2205 105 0 -42 80 -38
2205 210 0 -42 76 -34
2205 315 0 -42 72 -30
2205 420 0 -42 68 -26
2205 525 0 -42 64 -22
2205 630 0 -42 60 -18
2205 735 0 -42 56 -14
2205 840 0 -42 52 -10
2205 945 0 -42 48 -6
2205 1050 0 -42 44 -2
2205 1155 0 -42 40 2
2205 1260 0 -42 36 6
2205 1365 0 -42 32 10
2205 1470 0 -42 28 14
2205 1575 0 -42 24 18
2205 1680 0 -42 20 22
2205 1785 0 -42 16 26
2205 1890 0 -42 12 30
2205 1995 0 -42 8 34
2205 2100 0 -42 4 38
2205 2205 0 -42 0 42
2205 -2205 0 -41 164 -123
2205 0 0 -41 82 -41
2205 2205 0 -41 0 41
2205 -2205 0 -40 160 -120
2205 -1764 0 -40 144 -104
2205 -1323 0 -40 128 -88
2205 -882 0 -40 112 -72
2205 -441 0 -40 96 -56
2205 0 0 -40 80 -40
2205 441 0 -40 64 -24
2205 882 0 -40 48 -8
2205 1323 0 -40 32 8
2205 1764 0 -40 16 24
2205 2205 0 -40 0 40
2205 -2205 0 -39 156 -117
2205 -1470 0 -39 130 -91
2205 -735 0 -39 104 -65
2205 0 0 -39 78 -39
2205 735 0 -39 52 -13
2205 1470 0 -39 26 13
2205 2205 0 -39 0 39
2205 -2205 0 -38 152 -114
2205 0 0 -38 76 -38
2205 2205 0 -38 0 38
2205 -2205 0 -37 148 -111
2205 0 0 -37 74 -37
2205 2205 0 -37 0 37
2205 -2205 0 -36 144 -108
2205 -1960 0 -36 136 -100
2205 -1715 0 -36 128 -92
2205 -1470 0 -36 120 -84
2205 -1225 0 -36 112 -76
2205 -980 0 -36 104 -68
2205 -735 0 -36 96 -60
2205 -490 0 -36 88 -52
2205 -245 0 -36 80 -44
2205 0 0 -36 72 -36
2205 245 0 -36 64 -28
2205 490 0 -36 56 -20
2205 735 0 -36 48 -12
2205 980 0 -36 40 -4
2205 1225 0 -36 32 4
2205 1470 0 -36 24 12
2205 1715 0 -36 16 20
2205 1960 0 -36 8 28
2205 2205 0 -36 0 36
2205 -2205 0 -35 140 -105
2205 -2142 0 -35 138 -103
2205 -2079 0 -35 136 -101
2205 -2016 0 -35 134 -99
2205 -1953 0 -35 132 -97
2205 -1890 0 -35 130 -95
2205 -1827 0 -35 128 -93
2205 -1764 0 -35 126 -91
2205 -1701 0 -35 124 -89
2205 -1638 0 -35 122 -87
2205 -1575 0 -35 120 -85
2205 -1512 0 -35 118 -83
2205 -1449 0 -35 116 -81
2205 -1386 0 -35 114 -79
2205 -1323 0 -35 112 -77
2205 -1260 0 -35 110 -75
2205 -1197 0 -35 108 -73
2205 -1134 0 -35 106 -71
2205 -1071 0 -35 104 -69
2205 -1008 0 -35 102 -67
2205 -945 0 -35 100 -65
2205 -882 0 -35 98 -63
2205 -819 0 -35 96 -61
2205 -756 0 -35 94 -59
2205 -693 0 -35 92 -57
2205 -630 0 -35 90 -55
2205 -567 0 -35 88 -53
2205 -504 0 -35 86 -51
2205 -441 0 -35 84 -49
2205 -378 0 -35 82 -47
2205 -315 0 -35 80 -45
2205 -252 0 -35 78 -43
2205 -189 0 -35 76 -41
2205 -126 0 -35 74 -39
2205 -63 0 -35 72 -37
2205 0 0 -35 70 -35
2205 63 0 -35 68 -33
2205 126 0 -35 66 -31
2205 189 0 -35 64 -29
2205 252 0 -35 62 -27
2205 315 0 -35 60 -25
2205 378 0 -35 58 -23
2205 441 0 -35 56 -21
2205 504 0 -35 54 -19
2205 567 0 -35 52 -17
2205 630 0 -35 50 -15
2205 693 0 -35 48 -13
2205 756 0 -35 46 -11
2205 819 0 -35 44 -9
2205 882 0 -35 42 -7
2205 945 0 -35 40 -5
2205 1008 0 -35 38 -3
2205 1071 0 -35 36 -1
2205 1134 0 -35 34 1
2205 1197 0 -35 32 3
2205 1260 0 -35 30 5
2205 1323 0 -35 28 7
2205 1386 0 -35 26 9
2205 1449 0 -35 24 11
2205 1512 0 -35 22 13
2205 1575 0 -35 20 15
2205 1638 0 -35 18 17
2205 1701 0 -35 16 19
2205 1764 0 -35 14 21
2205 1827 0 -35 12 23
2205 1890 0 -35 10 25
2205 1953 0 -35 8 27
2205 2016 0 -35 6 29
2205 2079 0 -35 4 31
2205 2142 0 -35 2 33
2205 2205 0 -35 0 35
2205 -2205 0 -34 136 -102
2205 0 0 -34 68 -34
2205 2205 0 -34 0 34
2205 -2205 0 -33 132 -99
2205 -1470 0 -33 110 -77
2205 -735 0 -33 88 -55
2205 0 0 -33 66 -33
2205 735 0 -33 44 -11
2205 1470 0 -33 22 11
2205 2205 0 -33 0 33
2205 -2205 0 -32 128 -96
2205 0 0 -32 64 -32
2205 2205 0 -32 0 32
2205 -2205 0 -31 124 -93
2205 0 0 -31 62 -31
2205 2205 0 -31 0 31
2205 -2205 0 -30 120 -90
2205 -2058 0 -30 116 -86
2205 -1911 0 -30 112 -82
2205 -1764 0 -30 108 -78
2205 -1617 0 -30 104 -74
2205 -1470 0 -30 100 -70
2205 -1323 0 -30 96 -66
2205 -1176 0 -30 92 -62
2205 -1029 0 -30 88 -58
2205 -882 0 -30 84 -54
2205 -735 0 -30 80 -50
2205 -588 0 -30 76 -46
2205 -441 0 -30 72 -42
2205 -294 0 -30 68 -38
2205 -147 0 -30 64 -34
2205 0 0 -30 60 -30
2205 147 0 -30 56 -26
2205 294 0 -30 52 -22
2205 441 0 -30 48 -18
2205 588 0 -30 44 -14
2205 735 0 -30 40 -10
2205 882 0 -30 36 -6
2205 1029 0 -30 32 -2
2205 1176 0 -30 28 2
2205 1323 0 -30 24 6
2205 1470 0 -30 20 10
2205 1617 0 -30 16 14
2205 1764 0 -30 12 18
2205 1911 0 -30 8 22
2205 2058 0 -30 4 26
2205 2205 0 -30 0 30
2205 -2205 0 -29 116 -87
2205 0 0 -29 58 -29
2205 2205 0 -29 0 29
2205 -2205 0 -28 112 -84
2205 -1890 0 -28 104 -76
2205 -1575 0 -28 96 -68
2205 -1260 0 -28 88 -60
2205 -945 0 -28 80 -52
2205 -630 0 -28 72 -44
2205 -315 0 -28 64 -36
2205 0 0 -28 56 -28
2205 315 0 -28 48 -20
2205 630 0 -28 40 -12
2205 945 0 -28 32 -4
2205 1260 0 -28 24 4
2205 1575 0 -28 16 12
2205 1890 0 -28 8 20
2205 2205 0 -28 0 28
2205 -2205 0 -27 108 -81
2205 -1960 0 -27 102 -75
2205 -1715 0 -27 96 -69
2205 -1470 0 -27 90 -63
2205 -1225 0 -27 84 -57
2205 -980 0 -27 78 -51
2205 -735 0 -27 72 -45
2205 -490 0 -27 66 -39
2205 -245 0 -27 60 -33
2205 0 0 -27 54 -27
2205 245 0 -27 48 -21
2205 490 0 -27 42 -15
2205 735 0 -27 36 -9
2205 980 0 -27 30 -3
2205 1225 0 -27 24 3
2205 1470 0 -27 18 9
2205 1715 0 -27 12 15
2205 1960 0 -27 6 21
2205 2205 0 -27 0 27
2205 -2205 0 -26 104 -78
2205 0 0 -26 52 -26
2205 2205 0 -26 0 26
2205 -2205 0 -25 100 -75
2205 -1764 0 -25 90 -65
2205 -1323 0 -25 80 -55
2205 -882 0 -25 70 -45
2205 -441 0 -25 60 -35
2205 0 0 -25 50 -25
2205 441 0 -25 40 -15
2205 882 0 -25 30 -5
2205 1323 0 -25 20 5
2205 1764 0 -25 10 15
2205 2205 0 -25 0 25
2205 -2205 0 -24 96 -72
2205 -1470 0 -24 80 -56
2205 -735 0 -24 64 -40
2205 0 0 -24 48 -24
2205 735 0 -24 32 -8
2205 1470 0 -24 16 8
2205 2205 0 -24 0 24
2205 -2205 0 -23 92 -69
2205 0 0 -23 46 -23
2205 2205 0 -23 0 23
2205 -2205 0 -22 88 -66
2205 0 0 -22 44 -22
2205 2205 0 -22 0 22
2205 -2205 0 -21 84 -63
2205 -2100 0 -21 82 -61
2205 -1995 0 -21 80 -59
2205 -1890 0 -21 78 -57
2205 -1785 0 -21 76 -55
2205 -1680 0 -21 74 -53
2205 -1575 0 -21 72 -51
2205 -1470 0 -21 70 -49
2205 -1365 0 -21 68 -47
2205 -1260 0 -21 66 -45
2205 -1155 0 -21 64 -43
2205 -1050 0 -21 62 -41
2205 -945 0 -21 60 -39
2205 -840 0 -21 58 -37
2205 -735 0 -21 56 -35
2205 -630 0 -21 54 -33
2205 -525 0 -21 52 -31
2205 -420 0 -21 50 -29
2205 -315 0 -21 48 -27
2205 -210 0 -21 46 -25
2205 -105 0 -21 44 -23
2205 0 0 -21 42 -21
2205 105 0 -21 40 -19
2205 210 0 -21 38 -17
2205 315 0 -21 36 -15
2205 420 0 -21 34 -13
2205 525 0 -21 32 -11
2205 630 0 -21 30 -9
2205 735 0 -21 28 -7
2205 840 0 -21 26 -5
2205 945 0 -21 24 -3
2205 1050 0 -21 22 -1
2205 1155 0 -21 20 1
2205 1260 0 -21 18 3
2205 1365 0 -21 16 5
2205 1470 0 -21 14 7
2205 1575 0 -21 12 9
2205 1680 0 -21 10 11
2205 1785 0 -21 8 13
2205 1890 0 -21 6 15
2205 1995 0 -21 4 17
2205 2100 0 -21 2 19
2205 2205 0 -21 0 21
2205 -2205 0 -20 80 -60
2205 -1764 0 -20 72 -52
2205 -1323 0 -20 64 -44
2205 -882 0 -20 56 -36
2205 -441 0 -20 48 -28
2205 0 0 -20 40 -20
2205 441 0 -20 32 -12
2205 882 0 -20 24 -4
2205 1323 0 -20 16 4
2205 1764 0 -20 8 12
2205 2205 0 -20 0 20
2205 -2205 0 -19 76 -57
2205 0 0 -19 38 -19
2205 2205 0 -19 0 19
2205 -2205 0 -18 72 -54
2205 -1960 0 -18 68 -50
2205 -1715 0 -18 64 -46
2205 -1470 0 -18 60 -42
2205 -1225 0 -18 56 -38
2205 -980 0 -18 52 -34
2205 -735 0 -18 48 -30
2205 -490 0 -18 44 -26
2205 -245 0 -18 40 -22
2205 0 0 -18 36 -18
2205 245 0 -18 32 -14
2205 490 0 -18 28 -10
2205 735 0 -18 24 -6
2205 980 0 -18 20 -2
2205 1225 0 -18 16 2
2205 1470 0 -18 12 6
2205 1715 0 -18 8 10
2205 1960 0 -18 4 14
2205 2205 0 -18 0 18
2205 -2205 0 -17 68 -51
2205 0 0 -17 34 -17
2205 2205 0 -17 0 17
2205 -2205 0 -16 64 -48
2205 0 0 -16 32 -16
2205 2205 0 -16 0 16
2205 -2205 0 -15 60 -45
2205 -2058 0 -15 58 -43
2205 -1911 0 -15 56 -41
2205 -1764 0 -15 54 -39
2205 -1617 0 -15 52 -37
2205 -1470 0 -15 50 -35
2205 -1323 0 -15 48 -33
2205 -1176 0 -15 46 -31
2205 -1029 0 -15 44 -29
2205 -882 0 -15 42 -27
2205 -735 0 -15 40 -25
2205 -588 0 -15 38 -23
2205 -441 0 -15 36 -21
2205 -294 0 -15 34 -19
2205 -147 0 -15 32 -17
2205 0 0 -15 30 -15
2205 147 0 -15 28 -13
2205 294 0 -15 26 -11
2205 441 0 -15 24 -9
2205 588 0 -15 22 -7
2205 735 0 -15 20 -5
2205 882 0 -15 18 -3
2205 1029 0 -15 16 -1
2205 1176 0 -15 14 1
2205 1323 0 -15 12 3
2205 1470 0 -15 10 5
2205 1617 0 -15 8 7
2205 1764 0 -15 6 9
2205 1911 0 -15 4 11
2205 2058 0 -15 2 13
2205 2205 0 -15 0 15
2205 -2205 0 -14 56 -42
2205 -1890 0 -14 52 -38
2205 -1575 0 -14 48 -34
2205 -1260 0 -14 44 -30
2205 -945 0 -14 40 -26
2205 -630 0 -14 36 -22
2205 -315 0 -14 32 -18
2205 0 0 -14 28 -14
2205 315 0 -14 24 -10
2205 630 0 -14 20 -6
2205 945 0 -14 16 -2
2205 1260 0 -14 12 2
2205 1575 0 -14 8 6
2205 1890 0 -14 4 10
2205 2205 0 -14 0 14
2205 -2205 0 -13 52 -39
2205 0 0 -13 26 -13
2205 2205 0 -13 0 13
2205 -2205 0 -12 48 -36
2205 -1470 0 -12 40 -28
2205 -735 0 -12 32 -20
2205 0 0 -12 24 -12
2205 735 0 -12 16 -4
2205 1470 0 -12 8 4
2205 2205 0 -12 0 12
2205 -2205 0 -11 44 -33
2205 0 0 -11 22 -11
2205 2205 0 -11 0 11
2205 -2205 0 -10 40 -30
2205 -1764 0 -10 36 -26
2205 -1323 0 -10 32 -22
2205 -882 0 -10 28 -18
2205 -441 0 -10 24 -14
2205 0 0 -10 20 -10
2205 441 0 -10 16 -6
2205 882 0 -10 12 -2
2205 1323 0 -10 8 2
2205 1764 0 -10 4 6
2205 2205 0 -10 0 10
2205 -2205 0 -9 36 -27
2205 -1960 0 -9 34 -25
2205 -1715 0 -9 32 -23
2205 -1470 0 -9 30 -21
2205 -1225 0 -9 28 -19
2205 -980 0 -9 26 -17
2205 -735 0 -9 24 -15
2205 -490 0 -9 22 -13
2205 -245 0 -9 20 -11
2205 0 0 -9 18 -9
2205 245 0 -9 16 -7
2205 490 0 -9 14 -5
2205 735 0 -9 12 -3
2205 980 0 -9 10 -1
2205 1225 0 -9 8 1
2205 1470 0 -9 6 3
2205 1715 0 -9 4 5
2205 1960 0 -9 2 7
2205 2205 0 -9 0 9
2205 -2205 0 -8 32 -24
2205 0 0 -8 16 -8
2205 2205 0 -8 0 8
2205 -2205 0 -7 28 -21
2205 -1890 0 -7 26 -19
2205 -1575 0 -7 24 -17
2205 -1260 0 -7 22 -15
2205 -945 0 -7 20 -13
2205 -630 0 -7 18 -11
2205 -315 0 -7 16 -9
2205 0 0 -7 14 -7
2205 315 0 -7 12 -5
2205 630 0 -7 10 -3
2205 945 0 -7 8 -1
2205 1260 0 -7 6 1
2205 1575 0 -7 4 3
2205 1890 0 -7 2 5
2205 2205 0 -7 0 7
2205 -2205 0 -6 24 -18
2205 -1470 0 -6 20 -14
2205 -735 0 -6 16 -10
2205 0 0 -6 12 -6
2205 735 0 -6 8 -2
2205 1470 0 -6 4 2
2205 2205 0 -6 0 6
2205 -2205 0 -5 20 -15
2205 -1764 0 -5 18 -13
2205 -1323 0 -5 16 -11
2205 -882 0 -5 14 -9
2205 -441 0 -5 12 -7
2205 0 0 -5 10 -5
2205 441 0 -5 8 -3
2205 882 0 -5 6 -1
2205 1323 0 -5 4 1
2205 1764 0 -5 2 3
2205 2205 0 -5 0 5
2205 -2205 0 -4 16 -12
2205 0 0 -4 8 -4
2205 2205 0 -4 0 4
2205 -2205 0 -3 12 -9
2205 -1470 0 -3 10 -7
2205 -735 0 -3 8 -5
2205 0 0 -3 6 -3
2205 735 0 -3 4 -1
2205 1470 0 -3 2 1
2205 2205 0 -3 0 3
2205 -2205 0 -2 8 -6
2205 0 0 -2 4 -2
2205 2205 0 -2 0 2
2205 -2205 0 -1 4 -3
2205 0 0 -1 2 -1
2205 2205 0 -1 0 1
2205 -2205 -1 1 -4 4
2205 -2205 0 1 -4 3
2205 -2205 1 1 -4 4
2205 0 0 1 -2 1
2205 2205 0 1 0 -1
2205 -2205 0 2 -8 6
2205 0 0 2 -4 2
2205 2205 0 2 0 -2
2205 -2205 0 3 -12 9
2205 -1470 0 3 -10 7
2205 -735 0 3 -8 5
2205 0 0 3 -6 3
2205 735 0 3 -4 1
2205 1470 0 3 -2 -1
2205 2205 0 3 0 -3
2205 -2205 -2 4 -16 16
2205 -2205 0 4 -16 12
2205 -2205 2 4 -16 16
2205 0 0 4 -8 4
2205 2205 0 4 0 -4
2205 -2205 0 5 -20 15
2205 -1764 0 5 -18 13
2205 -1323 0 5 -16 11
2205 -882 0 5 -14 9
2205 -441 0 5 -12 7
2205 0 0 5 -10 5
2205 441 0 5 -8 3
2205 882 0 5 -6 1
2205 1323 0 5 -4 -1
2205 1764 0 5 -2 -3
2205 2205 0 5 0 -5
2205 -2205 0 6 -24 18
2205 -1470 0 6 -20 14
2205 -735 0 6 -16 10
2205 0 0 6 -12 6
2205 735 0 6 -8 2
2205 1470 0 6 -4 -2
2205 2205 0 6 0 -6
2205 -2205 0 7 -28 21
2205 -1890 0 7 -26 19
2205 -1575 0 7 -24 17
2205 -1260 0 7 -22 15
2205 -945 0 7 -20 13
2205 -630 0 7 -18 11
2205 -315 0 7 -16 9
2205 0 0 7 -14 7
2205 315 0 7 -12 5
2205 630 0 7 -10 3
2205 945 0 7 -8 1
2205 1260 0 7 -6 -1
2205 1575 0 7 -4 -3
2205 1890 0 7 -2 -5
2205 2205 0 7 0 -7
2205 -2205 0 8 -32 24
2205 0 0 8 -16 8
2205 2205 0 8 0 -8
2205 -2205 -3 9 -36 36
2205 -2205 0 9 -36 27
2205 -2205 3 9 -36 36
2205 -1960 0 9 -34 25
2205 -1715 0 9 -32 23
2205 -1470 0 9 -30 21
2205 -1225 0 9 -28 19
2205 -980 0 9 -26 17
2205 -735 0 9 -24 15
2205 -490 0 9 -22 13
2205 -245 0 9 -20 11
2205 0 0 9 -18 9
2205 245 0 9 -16 7
2205 490 0 9 -14 5
2205 735 0 9 -12 3
2205 980 0 9 -10 1
2205 1225 0 9 -8 -1
2205 1470 0 9 -6 -3
2205 1715 0 9 -4 -5
2205 1960 0 9 -2 -7
2205 2205 0 9 0 -9
2205 -2205 0 10 -40 30
2205 -1764 0 10 -36 26
2205 -1323 0 10 -32 22
2205 -882 0 10 -28 18
2205 -441 0 10 -24 14
2205 0 0 10 -20 10
2205 441 0 10 -16 6
2205 882 0 10 -12 2
2205 1323 0 10 -8 -2
2205 1764 0 10 -4 -6
2205 2205 0 10 0 -10
2205 -2205 0 11 -44 33
2205 0 0 11 -22 11
2205 2205 0 11 0 -11
2205 -2205 0 12 -48 36
2205 -1470 0 12 -40 28
2205 -735 0 12 -32 20
2205 0 0 12 -24 12
2205 735 0 12 -16 4
2205 1470 0 12 -8 -4
2205 2205 0 12 0 -12
2205 -2205 0 13 -52 39
2205 0 0 13 -26 13
2205 2205 0 13 0 -13
2205 -2205 0 14 -56 42
2205 -1890 0 14 -52 38
2205 -1575 0 14 -48 34
2205 -1260 0 14 -44 30
2205 -945 0 14 -40 26
2205 -630 0 14 -36 22
2205 -315 0 14 -32 18
2205 0 0 14 -28 14
2205 315 0 14 -24 10
2205 630 0 14 -20 6
2205 945 0 14 -16 2
2205 1260 0 14 -12 -2
2205 1575 0 14 -8 -6
2205 1890 0 14 -4 -10
2205 2205 0 14 0 -14
2205 -2205 0 15 -60 45
2205 -2058 0 15 -58 43
2205 -1911 0 15 -56 41
2205 -1764 0 15 -54 39
2205 -1617 0 15 -52 37
2205 -1470 0 15 -50 35
2205 -1323 0 15 -48 33
2205 -1176 0 15 -46 31
2205 -1029 0 15 -44 29
2205 -882 0 15 -42 27
2205 -735 0 15 -40 25
2205 -588 0 15 -38 23
2205 -441 0 15 -36 21
2205 -294 0 15 -34 19
2205 -147 0 15 -32 17
2205 0 0 15 -30 15
2205 147 0 15 -28 13
2205 294 0 15 -26 11
2205 441 0 15 -24 9
2205 588 0 15 -22 7
2205 735 0 15 -20 5
2205 882 0 15 -18 3
2205 1029 0 15 -16 1
2205 1176 0 15 -14 -1
2205 1323 0 15 -12 -3
2205 1470 0 15 -10 -5
2205 1617 0 15 -8 -7
2205 1764 0 15 -6 -9
2205 1911 0 15 -4 -11
2205 2058 0 15 -2 -13
2205 2205 0 15 0 -15
2205 -2205 -4 16 -64 64
2205 -2205 0 16 -64 48
2205 -2205 4 16 -64 64
2205 0 0 16 -32 16
2205 2205 0 16 0 -16
2205 -2205 0 17 -68 51
2205 0 0 17 -34 17
2205 2205 0 17 0 -17
2205 -2205 0 18 -72 54
2205 -1960 0 18 -68 50
2205 -1715 0 18 -64 46
2205 -1470 0 18 -60 42
2205 -1225 0 18 -56 38
2205 -980 0 18 -52 34
2205 -735 0 18 -48 30
2205 -490 0 18 -44 26
2205 -245 0 18 -40 22
2205 0 0 18 -36 18
2205 245 0 18 -32 14
2205 490 0 18 -28 10
2205 735 0 18 -24 6
2205 980 0 18 -20 2
2205 1225 0 18 -16 -2
2205 1470 0 18 -12 -6
2205 1715 0 18 -8 -10
2205 1960 0 18 -4 -14
2205 2205 0 18 0 -18
2205 -2205 0 19 -76 57
2205 0 0 19 -38 19
2205 2205 0 19 0 -19
2205 -2205 0 20 -80 60
2205 -1764 0 20 -72 52
2205 -1323 0 20 -64 44
2205 -882 0 20 -56 36
2205 -441 0 20 -48 28
2205 0 0 20 -40 20
2205 441 0 20 -32 12
2205 882 0 20 -24 4
2205 1323 0 20 -16 -4
2205 1764 0 20 -8 -12
2205 2205 0 20 0 -20
2205 -2205 0 21 -84 63
2205 -2100 0 21 -82 61
2205 -1995 0 21 -80 59
2205 -1890 0 21 -78 57
2205 -1785 0 21 -76 55
2205 -1680 0 21 -74 53
2205 -1575 0 21 -72 51
2205 -1470 0 21 -70 49
2205 -1365 0 21 -68 47
2205 -1260 0 21 -66 45
2205 -1155 0 21 -64 43
2205 -1050 0 21 -62 41
2205 -945 0 21 -60 39
2205 -840 0 21 -58 37
2205 -735 0 21 -56 35
2205 -630 0 21 -54 33
2205 -525 0 21 -52 31
2205 -420 0 21 -50 29
2205 -315 0 21 -48 27
2205 -210 0 21 -46 25
2205 -105 0 21 -44 23
2205 0 0 21 -42 21
2205 105 0 21 -40 19
2205 210 0 21 -38 17
2205 315 0 21 -36 15
2205 420 0 21 -34 13
2205 525 0 21 -32 11
2205 630 0 21 -30 9
2205 735 0 21 -28 7
2205 840 0 21 -26 5
2205 945 0 21 -24 3
2205 1050 0 21 -22 1
2205 1155 0 21 -20 -1
2205 1260 0 21 -18 -3
2205 1365 0 21 -16 -5
2205 1470 0 21 -14 -7
2205 1575 0 21 -12 -9
2205 1680 0 21 -10 -11
2205 1785 0 21 -8 -13
2205 1890 0 21 -6 -15
2205 1995 0 21 -4 -17
2205 2100 0 21 -2 -19
2205 2205 0 21 0 -21
2205 -2205 0 22 -88 66
2205 0 0 22 -44 22
2205 2205 0 22 0 -22
2205 -2205 0 23 -92 69
2205 0 0 23 -46 23
2205 2205 0 23 0 -23
2205 -2205 0 24 -96 72
2205 -1470 0 24 -80 56
2205 -735 0 24 -64 40
2205 0 0 24 -48 24
2205 735 0 24 -32 8
2205 1470 0 24 -16 -8
2205 2205 0 24 0 -24
2205 -2205 -5 25 -100 100
2205 -2205 0 25 -100 75
2205 -2205 5 25 -100 100
2205 -1764 0 25 -90 65
2205 -1323 0 25 -80 55
2205 -882 0 25 -70 45
2205 -441 0 25 -60 35
2205 0 0 25 -50 25
2205 441 0 25 -40 15
2205 882 0 25 -30 5
2205 1323 0 25 -20 -5
2205 1764 0 25 -10 -15
2205 2205 0 25 0 -25
2205 -2205 0 26 -104 78
2205 0 0 26 -52 26
2205 2205 0 26 0 -26
2205 -2205 0 27 -108 81
2205 -1960 0 27 -102 75
2205 -1715 0 27 -96 69
2205 -1470 0 27 -90 63
2205 -1225 0 27 -84 57
2205 -980 0 27 -78 51
2205 -735 0 27 -72 45
2205 -490 0 27 -66 39
2205 -245 0 27 -60 33
2205 0 0 27 -54 27
2205 245 0 27 -48 21
2205 490 0 27 -42 15
2205 735 0 27 -36 9
2205 980 0 27 -30 3
2205 1225 0 27 -24 -3
2205 1470 0 27 -18 -9
2205 1715 0 27 -12 -15
2205 1960 0 27 -6 -21
2205 2205 0 27 0 -27
2205 -2205 0 28 -112 84
2205 -1890 0 28 -104 76
2205 -1575 0 28 -96 68
2205 -1260 0 28 -88 60
2205 -945 0 28 -80 52
2205 -630 0 28 -72 44
2205 -315 0 28 -64 36
2205 0 0 28 -56 28
2205 315 0 28 -48 20
2205 630 0 28 -40 12
2205 945 0 28 -32 4
2205 1260 0 28 -24 -4
2205 1575 0 28 -16 -12
2205 1890 0 28 -8 -20
2205 2205 0 28 0 -28
2205 -2205 0 29 -116 87
2205 0 0 29 -58 29
2205 2205 0 29 0 -29
2205 -2205 0 30 -120 90
2205 -2058 0 30 -116 86
2205 -1911 0 30 -112 82
2205 -1764 0 30 -108 78
2205 -1617 0 30 -104 74
2205 -1470 0 30 -100 70
2205 -1323 0 30 -96 66
2205 -1176 0 30 -92 62
2205 -1029 0 30 -88 58
2205 -882 0 30 -84 54
2205 -735 0 30 -80 50
2205 -588 0 30 -76 46
2205 -441 0 30 -72 42
2205 -294 0 30 -68 38
2205 -147 0 30 -64 34
2205 0 0 30 -60 30
2205 147 0 30 -56 26
2205 294 0 30 -52 22
2205 441 0 30 -48 18
2205 588 0 30 -44 14
2205 735 0 30 -40 10
2205 882 0 30 -36 6
2205 1029 0 30 -32 2
2205 1176 0 30 -28 -2
2205 1323 0 30 -24 -6
2205 1470 0 30 -20 -10
2205 1617 0 30 -16 -14
2205 1764 0 30 -12 -18
2205 1911 0 30 -8 -22
2205 2058 0 30 -4 -26
2205 2205 0 30 0 -30
2205 -2205 0 31 -124 93
2205 0 0 31 -62 31
2205 2205 0 31 0 -31
2205 -2205 0 32 -128 96
2205 0 0 32 -64 32
2205 2205 0 32 0 -32
2205 -2205 0 33 -132 99
2205 -1470 0 33 -110 77
2205 -735 0 33 -88 55
2205 0 0 33 -66 33
2205 735 0 33 -44 11
2205 1470 0 33 -22 -11
2205 2205 0 33 0 -33
2205 -2205 0 34 -136 102
2205 0 0 34 -68 34
2205 2205 0 34 0 -34
2205 -2205 0 35 -140 105
2205 -2142 0 35 -138 103
2205 -2079 0 35 -136 101
2205 -2016 0 35 -134 99
2205 -1953 0 35 -132 97
2205 -1890 0 35 -130 95
2205 -1827 0 35 -128 93
2205 -1764 0 35 -126 91
2205 -1701 0 35 -124 89
2205 -1638 0 35 -122 87
2205 -1575 0 35 -120 85
2205 -1512 0 35 -118 83
2205 -1449 0 35 -116 81
2205 -1386 0 35 -114 79
2205 -1323 0 35 -112 77
2205 -1260 0 35 -110 75
2205 -1197 0 35 -108 73
2205 -1134 0 35 -106 71
2205 -1071 0 35 -104 69
2205 -1008 0 35 -102 67
2205 -945 0 35 -100 65
2205 -882 0 35 -98 63
2205 -819 0 35 -96 61
2205 -756 0 35 -94 59
2205 -693 0 35 -92 57
2205 -630 0 35 -90 55
2205 -567 0 35 -88 53
2205 -504 0 35 -86 51
2205 -441 0 35 -84 49
2205 -378 0 35 -82 47
2205 -315 0 35 -80 45
2205 -252 0 35 -78 43
2205 -189 0 35 -76 41
2205 -126 0 35 -74 39
2205 -63 0 35 -72 37
2205 0 0 35 -70 35
2205 63 0 35 -68 33
2205 126 0 35 -66 31
2205 189 0 35 -64 29
2205 252 0 35 -62 27
2205 315 0 35 -60 25
2205 378 0 35 -58 23
2205 441 0 35 -56 21
2205 504 0 35 -54 19
2205 567 0 35 -52 17
2205 630 0 35 -50 15
2205 693 0 35 -48 13
2205 756 0 35 -46 11
2205 819 0 35 -44 9
2205 882 0 35 -42 7
2205 945 0 35 -40 5
2205 1008 0 35 -38 3
2205 1071 0 35 -36 1
2205 1134 0 35 -34 -1
2205 1197 0 35 -32 -3
2205 1260 0 35 -30 -5
2205 1323 0 35 -28 -7
2205 1386 0 35 -26 -9
2205 1449 0 35 -24 -11
2205 1512 0 35 -22 -13
2205 1575 0 35 -20 -15
2205 1638 0 35 -18 -17
2205 1701 0 35 -16 -19
2205 1764 0 35 -14 -21
2205 1827 0 35 -12 -23
2205 1890 0 35 -10 -25
2205 1953 0 35 -8 -27
2205 2016 0 35 -6 -29
2205 2079 0 35 -4 -31
2205 2142 0 35 -2 -33
2205 2205 0 35 0 -35
2205 -2205 -6 36 -144 144
2205 -2205 0 36 -144 108
2205 -2205 6 36 -144 144
2205 -1960 0 36 -136 100
2205 -1715 0 36 -128 92
2205 -1470 0 36 -120 84
2205 -1225 0 36 -112 76
2205 -980 0 36 -104 68
2205 -735 0 36 -96 60
2205 -490 0 36 -88 52
2205 -245 0 36 -80 44
2205 0 0 36 -72 36
2205 245 0 36 -64 28
2205 490 0 36 -56 20
2205 735 0 36 -48 12
2205 980 0 36 -40 4
2205 1225 0 36 -32 -4
2205 1470 0 36 -24 -12
2205 1715 0 36 -16 -20
2205 1960 0 36 -8 -28
2205 2205 0 36 0 -36
2205 -2205 0 37 -148 111
2205 0 0 37 -74 37
2205 2205 0 37 0 -37
2205 -2205 0 38 -152 114
2205 0 0 38 -76 38
2205 2205 0 38 0 -38
2205 -2205 0 39 -156 117
2205 -1470 0 39 -130 91
2205 -735 0 39 -104 65
2205 0 0 39 -78 39
2205 735 0 39 -52 13
2205 1470 0 39 -26 -13
2205 2205 0 39 0 -39
2205 -2205 0 40 -160 120
2205 -1764 0 40 -144 104
2205 -1323 0 40 -128 88
2205 -882 0 40 -112 72
2205 -441 0 40 -96 56
2205 0 0 40 -80 40
2205 441 0 40 -64 24
2205 882 0 40 -48 8
2205 1323 0 40 -32 -8
2205 1764 0 40 -16 -24
2205 2205 0 40 0 -40
2205 -2205 0 41 -164 123
2205 0 0 41 -82 41
2205 2205 0 41 0 -41
2205 -2205 0 42 -168 126
2205 -2100 0 42 -164 122
2205 -1995 0 42 -160 118
2205 -1890 0 42 -156 114
2205 -1785 0 42 -152 110
2205 -1680 0 42 -148 106
2205 -1575 0 42 -144 102
2205 -1470 0 42 -140 98
2205 -1365 0 42 -136 94
2205 -1260 0 42 -132 90
2205 -1155 0 42 -128 86
2205 -1050 0 42 -124 82
2205 -945 0 42 -120 78
2205 -840 0 42 -116 74
2205 -735 0 42 -112 70
2205 -630 0 42 -108 66
2205 -525 0 42 -104 62
2205 -420 0 42 -100 58
2205 -315 0 42 -96 54
2205 -210 0 42 -92 50
2205 -105 0 42 -88 46
2205 0 0 42 -84 42
2205 105 0 42 -80 38
2205 210 0 42 -76 34
2205 315 0 42 -72 30
2205 420 0 42 -68 26
2205 525 0 42 -64 22
2205 630 0 42 -60 18
2205 735 0 42 -56 14
2205 840 0 42 -52 10
2205 945 0 42 -48 6
2205 1050 0 42 -44 2
2205 1155 0 42 -40 -2
2205 1260 0 42 -36 -6
2205 1365 0 42 -32 -10
2205 1470 0 42 -28 -14
2205 1575 0 42 -24 -18
2205 1680 0 42 -20 -22
2205 1785 0 42 -16 -26
2205 1890 0 42 -12 -30
2205 1995 0 42 -8 -34
2205 2100 0 42 -4 -38
2205 2205 0 42 0 -42
2205 -2205 0 43 -172 129
2205 0 0 43 -86 43
2205 2205 0 43 0 -43
2205 -2205 0 44 -176 132
2205 0 0 44 -88 44
2205 2205 0 44 0 -44
2205 -2205 0 45 -180 135
2205 -2156 0 45 -178 133
2205 -2107 0 45 -176 131
2205 -2058 0 45 -174 129
2205 -2009 0 45 -172 127
2205 -1960 0 45 -170 125
2205 -1911 0 45 -168 123
2205 -1862 0 45 -166 121
2205 -1813 0 45 -164 119
2205 -1764 0 45 -162 117
2205 -1715 0 45 -160 115
2205 -1666 0 45 -158 113
2205 -1617 0 45 -156 111
2205 -1568 0 45 -154 109
2205 -1519 0 45 -152 107
2205 -1470 0 45 -150 105
2205 -1421 0 45 -148 103
2205 -1372 0 45 -146 101
2205 -1323 0 45 -144 99
2205 -1274 0 45 -142 97
2205 -1225 0 45 -140 95
2205 -1176 0 45 -138 93
2205 -1127 0 45 -136 91
2205 -1078 0 45 -134 89
2205 -1029 0 45 -132 87
2205 -980 0 45 -130 85
2205 -931 0 45 -128 83
2205 -882 0 45 -126 81
2205 -833 0 45 -124 79
2205 -784 0 45 -122 77
2205 -735 0 45 -120 75
2205 -686 0 45 -118 73
2205 -637 0 45 -116 71
2205 -588 0 45 -114 69
2205 -539 0 45 -112 67
2205 -490 0 45 -110 65
2205 -441 0 45 -108 63
2205 -392 0 45 -106 61
2205 -343 0 45 -104 59
2205 -294 0 45 -102 57
2205 -245 0 45 -100 55
2205 -196 0 45 -98 53
2205 -147 0 45 -96 51
2205 -98 0 45 -94 49
2205 -49 0 45 -92 47
2205 0 0 45 -90 45
2205 49 0 45 -88 43
2205 98 0 45 -86 41
2205 147 0 45 -84 39
2205 196 0 45 -82 37
2205 245 0 45 -80 35
2205 294 0 45 -78 33
2205 343 0 45 -76 31
2205 392 0 45 -74 29
2205 441 0 45 -72 27
2205 490 0 45 -70 25
2205 539 0 45 -68 23
2205 588 0 45 -66 21
2205 637 0 45 -64 19
2205 686 0 45 -62 17
2205 735 0 45 -60 15
2205 784 0 45 -58 13
2205 833 0 45 -56 11
2205 882 0 45 -54 9
2205 931 0 45 -52 7
2205 980 0 45 -50 5
2205 1029 0 45 -48 3
2205 1078 0 45 -46 1
2205 1127 0 45 -44 -1
2205 1176 0 45 -42 -3
2205 1225 0 45 -40 -5
2205 1274 0 45 -38 -7
2205 1323 0 45 -36 -9
2205 1372 0 45 -34 -11
2205 1421 0 45 -32 -13
2205 1470 0 45 -30 -15
2205 1519 0 45 -28 -17
2205 1568 0 45 -26 -19
2205 1617 0 45 -24 -21
2205 1666 0 45 -22 -23
2205 1715 0 45 -20 -25
2205 1764 0 45 -18 -27
2205 1813 0 45 -16 -29
2205 1862 0 45 -14 -31
2205 1911 0 45 -12 -33
2205 1960 0 45 -10 -35
2205 2009 0 45 -8 -37
2205 2058 0 45 -6 -39
2205 2107 0 45 -4 -41
2205 2156 0 45 -2 -43
2205 2205 0 45 0 -45
2205 -2205 0 46 -184 138
2205 0 0 46 -92 46
2205 2205 0 46 0 -46
2205 -2205 0 47 -188 141
2205 0 0 47 -94 47
2205 2205 0 47 0 -47
2205 -2205 0 48 -192 144
2205 -1470 0 48 -160 112
2205 -735 0 48 -128 80
2205 0 0 48 -96 48
2205 735 0 48 -64 16
2205 1470 0 48 -32 -16
2205 2205 0 48 0 -48
2205 -2205 -7 49 -196 196
2205 -2205 0 49 -196 147
2205 -2205 7 49 -196 196
2205 -2160 0 49 -194 145
2205 -2115 0 49 -192 143
2205 -2070 0 49 -190 141
2205 -2025 0 49 -188 139
2205 -1980 0 49 -186 137
2205 -1935 0 49 -184 135
2205 -1890 0 49 -182 133
2205 -1845 0 49 -180 131
2205 -1800 0 49 -178 129
2205 -1755 0 49 -176 127
2205 -1710 0 49 -174 125
2205 -1665 0 49 -172 123
2205 -1620 0 49 -170 121
2205 -1575 0 49 -168 119
2205 -1530 0 49 -166 117
2205 -1485 0 49 -164 115
2205 -1440 0 49 -162 113
2205 -1395 0 49 -160 111
2205 -1350 0 49 -158 109
2205 -1305 0 49 -156 107
2205 -1260 0 49 -154 105
2205 -1215 0 49 -152 103
2205 -1170 0 49 -150 101
2205 -1125 0 49 -148 99
2205 -1080 0 49 -146 97
2205 -1035 0 49 -144 95
2205 -990 0 49 -142 93
2205 -945 0 49 -140 91
2205 -900 0 49 -138 89
2205 -855 0 49 -136 87
2205 -810 0 49 -134 85
2205 -765 0 49 -132 83
2205 -720 0 49 -130 81
2205 -675 0 49 -128 79
2205 -630 0 49 -126 77
2205 -585 0 49 -124 75
2205 -540 0 49 -122 73
2205 -495 0 49 -120 71
2205 -450 0 49 -118 69
2205 -405 0 49 -116 67
2205 -360 0 49 -114 65
2205 -315 0 49 -112 63
2205 -270 0 49 -110 61
2205 -225 0 49 -108 59
2205 -180 0 49 -106 57
2205 -135 0 49 -104 55
2205 -90 0 49 -102 53
2205 -45 0 49 -100 51
2205 0 0 49 -98 49
2205 45 0 49 -96 47
2205 90 0 49 -94 45
2205 135 0 49 -92 43
2205 180 0 49 -90 41
2205 225 0 49 -88 39
2205 270 0 49 -86 37
2205 315 0 49 -84 35
2205 360 0 49 -82 33
2205 405 0 49 -80 31
2205 450 0 49 -78 29
2205 495 0 49 -76 27
2205 540 0 49 -74 25
2205 585 0 49 -72 23
2205 630 0 49 -70 21
2205 675 0 49 -68 19
2205 720 0 49 -66 17
2205 765 0 49 -64 15
2205 810 0 49 -62 13
2205 855 0 49 -60 11
2205 900 0 49 -58 9
2205 945 0 49 -56 7
2205 990 0 49 -54 5
2205 1035 0 49 -52 3
2205 1080 0 49 -50 1
2205 1125 0 49 -48 -1
2205 1170 0 49 -46 -3
2205 1215 0 49 -44 -5
2205 1260 0 49 -42 -7
2205 1305 0 49 -40 -9
2205 1350 0 49 -38 -11
2205 1395 0 49 -36 -13
2205 1440 0 49 -34 -15
2205 1485 0 49 -32 -17
2205 1530 0 49 -30 -19
2205 1575 0 49 -28 -21
2205 1620 0 49 -26 -23
2205 1665 0 49 -24 -25
2205 1710 0 49 -22 -27
2205 1755 0 49 -20 -29
2205 1800 0 49 -18 -31
2205 1845 0 49 -16 -33
2205 1890 0 49 -14 -35
2205 1935 0 49 -12 -37
2205 1980 0 49 -10 -39
2205 2025 0 49 -8 -41
2205 2070 0 49 -6 -43
2205 2115 0 49 -4 -45
2205 2160 0 49 -2 -47
2205 2205 0 49 0 -49
2205 -2205 0 50 -200 150
2205 -1764 0 50 -180 130
2205 -1323 0 50 -160 110
2205 -882 0 50 -140 90
2205 -441 0 50 -120 70
2205 0 0 50 -100 50
2205 441 0 50 -80 30
2205 882 0 50 -60 10
2205 1323 0 50 -40 -10
2205 1764 0 50 -20 -30
2205 2205 0 50 0 -50
2205 -2205 0 51 -204 153
2205 -1470 0 51 -170 119
2205 -735 0 51 -136 85
2205 0 0 51 -102 51
2205 735 0 51 -68 17
2205 1470 0 51 -34 -17
2205 2205 0 51 0 -51
2205 -2205 0 52 -208 156
2205 0 0 52 -104 52
2205 2205 0 52 0 -52
2205 -2205 0 53 -212 159
2205 0 0 53 -106 53
2205 2205 0 53 0 -53
2205 -2205 0 54 -216 162
2205 -1960 0 54 -204 150
2205 -1715 0 54 -192 138
2205 -1470 0 54 -180 126
2205 -1225 0 54 -168 114
2205 -980 0 54 -156 102
2205 -735 0 54 -144 90
2205 -490 0 54 -132 78
2205 -245 0 54 -120 66
2205 0 0 54 -108 54
2205 245 0 54 -96 42
2205 490 0 54 -84 30
2205 735 0 54 -72 18
2205 980 0 54 -60 6
2205 1225 0 54 -48 -6
2205 1470 0 54 -36 -18
2205 1715 0 54 -24 -30
2205 1960 0 54 -12 -42
2205 2205 0 54 0 -54
2205 -2205 0 55 -220 165
2205 -1764 0 55 -198 143
2205 -1323 0 55 -176 121
2205 -882 0 55 -154 99
2205 -441 0 55 -132 77
2205 0 0 55 -110 55
2205 441 0 55 -88 33
2205 882 0 55 -66 11
2205 1323 0 55 -44 -11
2205 1764 0 55 -22 -33
2205 2205 0 55 0 -55
2205 -2205 0 56 -224 168
2205 -1890 0 56 -208 152
2205 -1575 0 56 -192 136
2205 -1260 0 56 -176 120
2205 -945 0 56 -160 104
2205 -630 0 56 -144 88
2205 -315 0 56 -128 72
2205 0 0 56 -112 56
2205 315 0 56 -96 40
2205 630 0 56 -80 24
2205 945 0 56 -64 8
2205 1260 0 56 -48 -8
2205 1575 0 56 -32 -24
2205 1890 0 56 -16 -40
2205 2205 0 56 0 -56
2205 -2205 0 57 -228 171
2205 -1470 0 57 -190 133
2205 -735 0 57 -152 95
2205 0 0 57 -114 57
2205 735 0 57 -76 19
2205 1470 0 57 -38 -19
2205 2205 0 57 0 -57
2205 -2205 0 58 -232 174
2205 0 0 58 -116 58
2205 2205 0 58 0 -58
2205 -2205 0 59 -236 177
2205 0 0 59 -118 59
2205 2205 0 59 0 -59
2205 -2205 0 60 -240 180
2205 -2058 0 60 -232 172
2205 -1911 0 60 -224 164
2205 -1764 0 60 -216 156
2205 -1617 0 60 -208 148
2205 -1470 0 60 -200 140
2205 -1323 0 60 -192 132
2205 -1176 0 60 -184 124
2205 -1029 0 60 -176 116
2205 -882 0 60 -168 108
2205 -735 0 60 -160 100
2205 -588 0 60 -152 92
2205 -441 0 60 -144 84
2205 -294 0 60 -136 76
2205 -147 0 60 -128 68
2205 0 0 60 -120 60
2205 147 0 60 -112 52
2205 294 0 60 -104 44
2205 441 0 60 -96 36
2205 588 0 60 -88 28
2205 735 0 60 -80 20
2205 882 0 60 -72 12
2205 1029 0 60 -64 4
2205 1176 0 60 -56 -4
2205 1323 0 60 -48 -12
2205 1470 0 60 -40 -20
2205 1617 0 60 -32 -28
2205 1764 0 60 -24 -36
2205 1911 0 60 -16 -44
2205 2058 0 60 -8 -52
2205 2205 0 60 0 -60
2206 -2206 0 -60 240 -180
2206 -1103 0 -60 180 -120
2206 0 0 -60 120 -60
2206 1103 0 -60 60 0
2206 2206 0 -60 0 60
2206 -2206 0 -59 236 -177
2206 -1103 0 -59 177 -118
2206 0 0 -59 118 -59
2206 1103 0 -59 59 0
2206 2206 0 -59 0 59
2206 -2206 0 -58 232 -174
2206 -1103 0 -58 174 -116
2206 0 0 -58 116 -58
2206 1103 0 -58 58 0
2206 2206 0 -58 0 58
2206 -2206 0 -57 228 -171
2206 -1103 0 -57 171 -114
2206 0 0 -57 114 -57
2206 1103 0 -57 57 0
2206 2206 0 -57 0 57
2206 -2206 0 -56 224 -168
2206 -1103 0 -56 168 -112
2206 0 0 -56 112 -56
2206 1103 0 -56 56 0
2206 2206 0 -56 0 56
2206 -2206 0 -55 220 -165
2206 -1103 0 -55 165 -110
2206 0 0 -55 110 -55
2206 1103 0 -55 55 0
2206 2206 0 -55 0 55
2206 -2206 0 -54 216 -162
2206 -1103 0 -54 162 -108
2206 0 0 -54 108 -54
2206 1103 0 -54 54 0
2206 2206 0 -54 0 54
2206 -2206 0 -53 212 -159
2206 -1103 0 -53 159 -106
2206 0 0 -53 106 -53
2206 1103 0 -53 53 0
2206 2206 0 -53 0 53
2206 -2206 0 -52 208 -156
2206 -1103 0 -52 156 -104
2206 0 0 -52 104 -52
2206 1103 0 -52 52 0
2206 2206 0 -52 0 52
2206 -2206 0 -51 204 -153
2206 -1103 0 -51 153 -102
2206 0 0 -51 102 -51
2206 1103 0 -51 51 0
2206 2206 0 -51 0 51
2206 -2206 0 -50 200 -150
2206 -1103 0 -50 150 -100
2206 0 0 -50 100 -50
2206 1103 0 -50 50 0
2206 2206 0 -50 0 50
2206 -2206 0 -49 196 -147
2206 -1103 0 -49 147 -98
2206 0 0 -49 98 -49
2206 1103 0 -49 49 0
2206 2206 0 -49 0 49
2206 -2206 0 -48 192 -144
2206 -1103 0 -48 144 -96
2206 0 0 -48 96 -48
2206 1103 0 -48 48 0
2206 2206 0 -48 0 48
2206 -2206 0 -47 188 -141
2206 -1103 0 -47 141 -94
2206 0 0 -47 94 -47
2206 1103 0 -47 47 0
2206 2206 0 -47 0 47
2206 -2206 0 -46 184 -138
2206 -1103 0 -46 138 -92
2206 0 0 -46 92 -46
2206 1103 0 -46 46 0
2206 2206 0 -46 0 46
2206 -2206 0 -45 180 -135
2206 -1103 0 -45 135 -90
2206 0 0 -45 90 -45
2206 1103 0 -45 45 0
2206 2206 0 -45 0 45
2206 -2206 0 -44 176 -132
2206 -1103 0 -44 132 -88
2206 0 0 -44 88 -44
2206 1103 0 -44 44 0
2206 2206 0 -44 0 44
2206 -2206 0 -43 172 -129
2206 -1103 0 -43 129 -86
2206 0 0 -43 86 -43
2206 1103 0 -43 43 0
2206 2206 0 -43 0 43
2206 -2206 0 -42 168 -126
2206 -1103 0 -42 126 -84
2206 0 0 -42 84 -42
2206 1103 0 -42 42 0
2206 2206 0 -42 0 42
2206 -2206 0 -41 164 -123
2206 -1103 0 -41 123 -82
2206 0 0 -41 82 -41
2206 1103 0 -41 41 0
2206 2206 0 -41 0 41
2206 -2206 0 -40 160 -120
2206 -1103 0 -40 120 -80
2206 0 0 -40 80 -40
2206 1103 0 -40 40 0
2206 2206 0 -40 0 40
2206 -2206 0 -39 156 -117
2206 -1103 0 -39 117 -78
2206 0 0 -39 78 -39
2206 1103 0 -39 39 0
2206 2206 0 -39 0 39
2206 -2206 0 -38 152 -114
2206 -1103 0 -38 114 -76
2206 0 0 -38 76 -38
2206 1103 0 -38 38 0
2206 2206 0 -38 0 38
2206 -2206 0 -37 148 -111
2206 -1103 0 -37 111 -74
2206 0 0 -37 74 -37
2206 1103 0 -37 37 0
2206 2206 0 -37 0 37
2206 -2206 0 -36 144 -108
2206 -1103 0 -36 108 -72
2206 0 0 -36 72 -36
2206 1103 0 -36 36 0
2206 2206 0 -36 0 36
2206 -2206 0 -35 140 -105
2206 -1103 0 -35 105 -70
2206 0 0 -35 70 -35
2206 1103 0 -35 35 0
2206 2206 0 -35 0 35
2206 -2206 0 -34 136 -102
2206 -1103 0 -34 102 -68
2206 0 0 -34 68 -34
2206 1103 0 -34 34 0
2206 2206 0 -34 0 34
2206 -2206 0 -33 132 -99
2206 -1103 0 -33 99 -66
2206 0 0 -33 66 -33
2206 1103 0 -33 33 0
2206 2206 0 -33 0 33
2206 -2206 0 -32 128 -96
2206 -1103 0 -32 96 -64
2206 0 0 -32 64 -32
2206 1103 0 -32 32 0
2206 2206 0 -32 0 32
2206 -2206 0 -31 124 -93
2206 -1103 0 -31 93 -62
2206 0 0 -31 62 -31
2206 1103 0 -31 31 0
2206 2206 0 -31 0 31
2206 -2206 0 -30 120 -90
2206 -1103 0 -30 90 -60
2206 0 0 -30 60 -30
2206 1103 0 -30 30 0
2206 2206 0 -30 0 30
2206 -2206 0 -29 116 -87
2206 -1103 0 -29 87 -58
2206 0 0 -29 58 -29
2206 1103 0 -29 29 0
2206 2206 0 -29 0 29
2206 -2206 0 -28 112 -84
2206 -1103 0 -28 84 -56
2206 0 0 -28 56 -28
2206 1103 0 -28 28 0
2206 2206 0 -28 0 28
2206 -2206 0 -27 108 -81
2206 -1103 0 -27 81 -54
2206 0 0 -27 54 -27
2206 1103 0 -27 27 0
2206 2206 0 -27 0 27
2206 -2206 0 -26 104 -78
2206 -1103 0 -26 78 -52
2206 0 0 -26 52 -26
2206 1103 0 -26 26 0
2206 2206 0 -26 0 26
2206 -2206 0 -25 100 -75
2206 -1103 0 -25 75 -50
2206 0 0 -25 50 -25
2206 1103 0 -25 25 0
2206 2206 0 -25 0 25
2206 -2206 0 -24 96 -72
2206 -1103 0 -24 72 -48
2206 0 0 -24 48 -24
2206 1103 0 -24 24 0
2206 2206 0 -24 0 24
2206 -2206 0 -23 92 -69
2206 -1103 0 -23 69 -46
2206 0 0 -23 46 -23
2206 1103 0 -23 23 0
2206 2206 0 -23 0 23
2206 -2206 0 -22 88 -66
2206 -1103 0 -22 66 -44
2206 0 0 -22 44 -22
2206 1103 0 -22 22 0
2206 2206 0 -22 0 22
2206 -2206 0 -21 84 -63
2206 -1103 0 -21 63 -42
2206 0 0 -21 42 -21
2206 1103 0 -21 21 0
2206 2206 0 -21 0 21
2206 -2206 0 -20 80 -60
2206 -1103 0 -20 60 -40
2206 0 0 -20 40 -20
2206 1103 0 -20 20 0
2206 2206 0 -20 0 20
2206 -2206 0 -19 76 -57
2206 -1103 0 -19 57 -38
2206 0 0 -19 38 -19
2206 1103 0 -19 19 0
2206 2206 0 -19 0 19
2206 -2206 0 -18 72 -54
2206 -1103 0 -18 54 -36
2206 0 0 -18 36 -18
2206 1103 0 -18 18 0
2206 2206 0 -18 0 18
2206 -2206 0 -17 68 -51
2206 -1103 0 -17 51 -34
2206 0 0 -17 34 -17
2206 1103 0 -17 17 0
2206 2206 0 -17 0 17
2206 -2206 0 -16 64 -48
2206 -1103 0 -16 48 -32
2206 0 0 -16 32 -16
2206 1103 0 -16 16 0
2206 2206 0 -16 0 16
2206 -2206 0 -15 60 -45
2206 -1103 0 -15 45 -30
2206 0 0 -15 30 -15
2206 1103 0 -15 15 0
2206 2206 0 -15 0 15
2206 -2206 0 -14 56 -42
2206 -1103 0 -14 42 -28
2206 0 0 -14 28 -14
2206 1103 0 -14 14 0
2206 2206 0 -14 0 14
2206 -2206 0 -13 52 -39
2206 -1103 0 -13 39 -26
2206 0 0 -13 26 -13
2206 1103 0 -13 13 0
2206 2206 0 -13 0 13
2206 -2206 0 -12 48 -36
2206 -1103 0 -12 36 -24
2206 0 0 -12 24 -12
2206 1103 0 -12 12 0
2206 2206 0 -12 0 12
2206 -2206 0 -11 44 -33
2206 -1103 0 -11 33 -22
2206 0 0 -11 22 -11
2206 1103 0 -11 11 0
2206 2206 0 -11 0 11
2206 -2206 0 -10 40 -30
2206 -1103 0 -10 30 -20
2206 0 0 -10 20 -10
2206 1103 0 -10 10 0
2206 2206 0 -10 0 10
2206 -2206 0 -9 36 -27
2206 -1103 0 -9 27 -18
2206 0 0 -9 18 -9
2206 1103 0 -9 9 0
2206 2206 0 -9 0 9
2206 -2206 0 -8 32 -24
2206 -1103 0 -8 24 -16
2206 0 0 -8 16 -8
2206 1103 0 -8 8 0
2206 2206 0 -8 0 8
2206 -2206 0 -7 28 -21
2206 -1103 0 -7 21 -14
2206 0 0 -7 14 -7
2206 1103 0 -7 7 0
2206 2206 0 -7 0 7
2206 -2206 0 -6 24 -18
2206 -1103 0 -6 18 -12
2206 0 0 -6 12 -6
2206 1103 0 -6 6 0
2206 2206 0 -6 0 6
2206 -2206 0 -5 20 -15
2206 -1103 0 -5 15 -10
2206 0 0 -5 10 -5
2206 1103 0 -5 5 0
2206 2206 0 -5 0 5
2206 -2206 0 -4 16 -12
2206 -1103 0 -4 12 -8
2206 0 0 -4 8 -4
2206 1103 0 -4 4 0
2206 2206 0 -4 0 4
2206 -2206 0 -3 12 -9
2206 -1103 0 -3 9 -6
2206 0 0 -3 6 -3
2206 1103 0 -3 3 0
2206 2206 0 -3 0 3
2206 -2206 0 -2 8 -6
2206 -1103 0 -2 6 -4
2206 0 0 -2 4 -2
2206 1103 0 -2 2 0
2206 2206 0 -2 0 2
2206 -2206 0 -1 4 -3
2206 -1103 0 -1 3 -2
2206 0 0 -1 2 -1
2206 1103 0 -1 1 0
2206 2206 0 -1 0 1
2206 -2206 -1 1 -4 4
2206 -2206 0 1 -4 3
2206 -2206 1 1 -4 4
2206 -1103 0 1 -3 2
2206 0 0 1 -2 1
2206 1103 0 1 -1 0
2206 2206 0 1 0 -1
2206 -2206 0 2 -8 6
2206 -1103 0 2 -6 4
2206 0 0 2 -4 2
2206 1103 0 2 -2 0
2206 2206 0 2 0 -2
2206 -2206 0 3 -12 9
2206 -1103 0 3 -9 6
2206 0 0 3 -6 3
2206 1103 0 3 -3 0
2206 2206 0 3 0 -3
2206 -2206 -2 4 -16 16
2206 -2206 0 4 -16 12
2206 -2206 2 4 -16 16
2206 -1103 0 4 -12 8
2206 0 0 4 -8 4
2206 1103 0 4 -4 0
2206 2206 0 4 0 -4
2206 -2206 0 5 -20 15
2206 -1103 0 5 -15 10
2206 0 0 5 -10 5
2206 1103 0 5 -5 0
2206 2206 0 5 0 -5
2206 -2206 0 6 -24 18
2206 -1103 0 6 -18 12
2206 0 0 6 -12 6
2206 1103 0 6 -6 0
2206 2206 0 6 0 -6
2206 -2206 0 7 -28 21
2206 -1103 0 7 -21 14
2206 0 0 7 -14 7
2206 1103 0 7 -7 0
2206 2206 0 7 0 -7
2206 -2206 0 8 -32 24
2206 -1103 0 8 -24 16
2206 0 0 8 -16 8
2206 1103 0 8 -8 0
2206 2206 0 8 0 -8
2206 -2206 -3 9 -36 36
2206 -2206 0 9 -36 27
2206 -2206 3 9 -36 36
2206 -1103 0 9 -27 18
2206 0 0 9 -18 9
2206 1103 0 9 -9 0
2206 2206 0 9 0 -9
2206 -2206 0 10 -40 30
2206 -1103 0 10 -30 20
2206 0 0 10 -20 10
2206 1103 0 10 -10 0
2206 2206 0 10 0 -10
2206 -2206 0 11 -44 33
2206 -1103 0 11 -33 22
2206 0 0 11 -22 11
2206 1103 0 11 -11 0
2206 2206 0 11 0 -11
2206 -2206 0 12 -48 36
2206 -1103 0 12 -36 24
2206 0 0 12 -24 12
2206 1103 0 12 -12 0
2206 2206 0 12 0 -12
2206 -2206 0 13 -52 39
2206 -1103 0 13 -39 26
2206 0 0 13 -26 13
2206 1103 0 13 -13 0
2206 2206 0 13 0 -13
2206 -2206 0 14 -56 42
2206 -1103 0 14 -42 28
2206 0 0 14 -28 14
2206 1103 0 14 -14 0
2206 2206 0 14 0 -14
2206 -2206 0 15 -60 45
2206 -1103 0 15 -45 30
2206 0 0 15 -30 15
2206 1103 0 15 -15 0
2206 2206 0 15 0 -15
2206 -2206 -4 16 -64 64
2206 -2206 0 16 -64 48
2206 -2206 4 16 -64 64
2206 -1103 0 16 -48 32
2206 0 0 16 -32 16
2206 1103 0 16 -16 0
2206 2206 0 16 0 -16
2206 -2206 0 17 -68 51
2206 -1103 0 17 -51 34
2206 0 0 17 -34 17
2206 1103 0 17 -17 0
2206 2206 0 17 0 -17
2206 -2206 0 18 -72 54
2206 -1103 0 18 -54 36
2206 0 0 18 -36 18
2206 1103 0 18 -18 0
2206 2206 0 18 0 -18
2206 -2206 0 19 -76 57
2206 -1103 0 19 -57 38
2206 0 0 19 -38 19
2206 1103 0 19 -19 0
2206 2206 0 19 0 -19
2206 -2206 0 20 -80 60
2206 -1103 0 20 -60 40
2206 0 0 20 -40 20
2206 1103 0 20 -20 0
2206 2206 0 20 0 -20
2206 -2206 0 21 -84 63
2206 -1103 0 21 -63 42
2206 0 0 21 -42 21
2206 1103 0 21 -21 0
2206 2206 0 21 0 -21
2206 -2206 0 22 -88 66
2206 -1103 0 22 -66 44
2206 0 0 22 -44 22
2206 1103 0 22 -22 0
2206 2206 0 22 0 -22
2206 -2206 0 23 -92 69
2206 -1103 0 23 -69 46
2206 0 0 23 -46 23
2206 1103 0 23 -23 0
2206 2206 0 23 0 -23
2206 -2206 0 24 -96 72
2206 -1103 0 24 -72 48
2206 0 0 24 -48 24
2206 1103 0 24 -24 0
2206 2206 0 24 0 -24
2206 -2206 -5 25 -100 100
2206 -2206 0 25 -100 75
2206 -2206 5 25 -100 100
2206 -1103 0 25 -75 50
2206 0 0 25 -50 25
2206 1103 0 25 -25 0
2206 2206 0 25 0 -25
2206 -2206 0 26 -104 78
2206 -1103 0 26 -78 52
2206 0 0 26 -52 26
2206 1103 0 26 -26 0
2206 2206 0 26 0 -26
2206 -2206 0 27 -108 81
2206 -1103 0 27 -81 54
2206 0 0 27 -54 27
2206 1103 0 27 -27 0
2206 2206 0 27 0 -27
2206 -2206 0 28 -112 84
2206 -1103 0 28 -84 56
2206 0 0 28 -56 28
2206 1103 0 28 -28 0
2206 2206 0 28 0 -28
2206 -2206 0 29 -116 87
2206 -1103 0 29 -87 58
2206 0 0 29 -58 29
2206 1103 0 29 -29 0
2206 2206 0 29 0 -29
2206 -2206 0 30 -120 90
2206 -1103 0 30 -90 60
2206 0 0 30 -60 30
2206 1103 0 30 -30 0
2206 2206 0 30 0 -30
2206 -2206 0 31 -124 93
2206 -1103 0 31 -93 62
2206 0 0 31 -62 31
2206 1103 0 31 -31 0
2206 2206 0 31 0 -31
2206 -2206 0 32 -128 96
2206 -1103 0 32 -96 64
2206 0 0 32 -64 32
2206 1103 0 32 -32 0
2206 2206 0 32 0 -32
2206 -2206 0 33 -132 99
2206 -1103 0 33 -99 66
2206 0 0 33 -66 33
2206 1103 0 33 -33 0
2206 2206 0 33 0 -33
2206 -2206 0 34 -136 102
2206 -1103 0 34 -102 68
2206 0 0 34 -68 34
2206 1103 0 34 -34 0
2206 2206 0 34 0 -34
2206 -2206 0 35 -140 105
2206 -1103 0 35 -105 70
2206 0 0 35 -70 35
2206 1103 0 35 -35 0
2206 2206 0 35 0 -35
2206 -2206 -6 36 -144 144
2206 -2206 0 36 -144 108
2206 -2206 6 36 -144 144
2206 -1103 0 36 -108 72
2206 0 0 36 -72 36
2206 1103 0 36 -36 0
2206 2206 0 36 0 -36
2206 -2206 0 37 -148 111
2206 -1103 0 37 -111 74
2206 0 0 37 -74 37
2206 1103 0 37 -37 0
2206 2206 0 37 0 -37
2206 -2206 0 38 -152 114
2206 -1103 0 38 -114 76
2206 0 0 38 -76 38
2206 1103 0 38 -38 0
2206 2206 0 38 0 -38
2206 -2206 0 39 -156 117
2206 -1103 0 39 -117 78
2206 0 0 39 -78 39
2206 1103 0 39 -39 0
2206 2206 0 39 0 -39
2206 -2206 0 40 -160 120
2206 -1103 0 40 -120 80
2206 0 0 40 -80 40
2206 1103 0 40 -40 0
2206 2206 0 40 0 -40
2206 -2206 0 41 -164 123
2206 -1103 0 41 -123 82
2206 0 0 41 -82 41
2206 1103 0 41 -41 0
2206 2206 0 41 0 -41
2206 -2206 0 42 -168 126
2206 -1103 0 42 -126 84
2206 0 0 42 -84 42
2206 1103 0 42 -42 0
2206 2206 0 42 0 -42
2206 -2206 0 43 -172 129
2206 -1103 0 43 -129 86
2206 0 0 43 -86 43
2206 1103 0 43 -43 0
2206 2206 0 43 0 -43
2206 -2206 0 44 -176 132
2206 -1103 0 44 -132 88
2206 0 0 44 -88 44
2206 1103 0 44 -44 0
2206 2206 0 44 0 -44
2206 -2206 0 45 -180 135
2206 -1103 0 45 -135 90
2206 0 0 45 -90 45
2206 1103 0 45 -45 0
2206 2206 0 45 0 -45
2206 -2206 0 46 -184 138
2206 -1103 0 46 -138 92
2206 0 0 46 -92 46
2206 1103 0 46 -46 0
2206 2206 0 46 0 -46
2206 -2206 0 47 -188 141
2206 -1103 0 47 -141 94
2206 0 0 47 -94 47
2206 1103 0 47 -47 0
2206 2206 0 47 0 -47
2206 -2206 0 48 -192 144
2206 -1103 0 48 -144 96
2206 0 0 48 -96 48
2206 1103 0 48 -48 0
2206 2206 0 48 0 -48
2206 -2206 -7 49 -196 196
2206 -2206 0 49 -196 147
2206 -2206 7 49 -196 196
2206 -1103 0 49 -147 98
2206 0 0 49 -98 49
2206 1103 0 49 -49 0
2206 2206 0 49 0 -49
2206 -2206 0 50 -200 150
2206 -1103 0 50 -150 100
2206 0 0 50 -100 50
2206 1103 0 50 -50 0
2206 2206 0 50 0 -50
2206 -2206 0 51 -204 153
2206 -1103 0 51 -153 102
2206 0 0 51 -102 51
2206 1103 0 51 -51 0
2206 2206 0 51 0 -51
2206 -2206 0 52 -208 156
2206 -1103 0 52 -156 104
2206 0 0 52 -104 52
2206 1103 0 52 -52 0
2206 2206 0 52 0 -52
2206 -2206 0 53 -212 159
2206 -1103 0 53 -159 106
2206 0 0 53 -106 53
2206 1103 0 53 -53 0
2206 2206 0 53 0 -53
2206 -2206 0 54 -216 162
2206 -1103 0 54 -162 108
2206 0 0 54 -108 54
2206 1103 0 54 -54 0
2206 2206 0 54 0 -54
2206 -2206 0 55 -220 165
2206 -1103 0 55 -165 110
2206 0 0 55 -110 55
2206 1103 0 55 -55 0
2206 2206 0 55 0 -55
2206 -2206 0 56 -224 168
2206 -1103 0 56 -168 112
2206 0 0 56 -112 56
2206 1103 0 56 -56 0
2206 2206 0 56 0 -56
2206 -2206 0 57 -228 171
2206 -1103 0 57 -171 114
2206 0 0 57 -114 57
2206 1103 0 57 -57 0
2206 2206 0 57 0 -57
2206 -2206 0 58 -232 174
2206 -1103 0 58 -174 116
2206 0 0 58 -116 58
2206 1103 0 58 -58 0
2206 2206 0 58 0 -58
2206 -2206 0 59 -236 177
2206 -1103 0 59 -177 118
2206 0 0 59 -118 59
2206 1103 0 59 -59 0
2206 2206 0 59 0 -59
2206 -2206 0 60 -240 180
2206 -1103 0 60 -180 120
2206 0 0 60 -120 60
2206 1103 0 60 -60 0
2206 2206 0 60 0 -60
2207 -2207 0 -60 240 -180
2207 0 0 -60 120 -60
2207 2207 0 -60 0 60
2207 -2207 0 -59 236 -177
2207 0 0 -59 118 -59
2207 2207 0 -59 0 59
2207 -2207 0 -58 232 -174
2207 0 0 -58 116 -58
2207 2207 0 -58 0 58
2207 -2207 0 -57 228 -171
2207 0 0 -57 114 -57
2207 2207 0 -57 0 57
2207 -2207 0 -56 224 -168
2207 0 0 -56 112 -56
2207 2207 0 -56 0 56
2207 -2207 0 -55 220 -165
2207 0 0 -55 110 -55
2207 2207 0 -55 0 55
2207 -2207 0 -54 216 -162
2207 0 0 -54 108 -54
2207 2207 0 -54 0 54
2207 -2207 0 -53 212 -159
2207 0 0 -53 106 -53
2207 2207 0 -53 0 53
2207 -2207 0 -52 208 -156
2207 0 0 -52 104 -52
2207 2207 0 -52 0 52
2207 -2207 0 -51 204 -153
2207 0 0 -51 102 -51
2207 2207 0 -51 0 51
2207 -2207 0 -50 200 -150
2207 0 0 -50 100 -50
2207 2207 0 -50 0 50
2207 -2207 0 -49 196 -147
2207 0 0 -49 98 -49
2207 2207 0 -49 0 49
2207 -2207 0 -48 192 -144
2207 0 0 -48 96 -48
2207 2207 0 -48 0 48
2207 -2207 0 -47 188 -141
2207 0 0 -47 94 -47
2207 2207 0 -47 0 47
2207 -2207 0 -46 184 -138
2207 0 0 -46 92 -46
2207 2207 0 -46 0 46
2207 -2207 0 -45 180 -135
2207 0 0 -45 90 -45
2207 2207 0 -45 0 45
2207 -2207 0 -44 176 -132
2207 0 0 -44 88 -44
2207 2207 0 -44 0 44
2207 -2207 0 -43 172 -129
2207 0 0 -43 86 -43
2207 2207 0 -43 0 43
2207 -2207 0 -42 168 -126
2207 0 0 -42 84 -42
2207 2207 0 -42 0 42
2207 -2207 0 -41 164 -123
2207 0 0 -41 82 -41
2207 2207 0 -41 0 41
2207 -2207 0 -40 160 -120
2207 0 0 -40 80 -40
2207 2207 0 -40 0 40
2207 -2207 0 -39 156 -117
2207 0 0 -39 78 -39
2207 2207 0 -39 0 39
2207 -2207 0 -38 152 -114
2207 0 0 -38 76 -38
2207 2207 0 -38 0 38
2207 -2207 0 -37 148 -111
2207 0 0 -37 74 -37
2207 2207 0 -37 0 37
2207 -2207 0 -36 144 -108
2207 0 0 -36 72 -36
2207 2207 0 -36 0 36
2207 -2207 0 -35 140 -105
2207 0 0 -35 70 -35
2207 2207 0 -35 0 35
2207 -2207 0 -34 136 -102
2207 0 0 -34 68 -34
2207 2207 0 -34 0 34
2207 -2207 0 -33 132 -99
2207 0 0 -33 66 -33
2207 2207 0 -33 0 33
2207 -2207 0 -32 128 -96
2207 0 0 -32 64 -32
2207 2207 0 -32 0 32
2207 -2207 0 -31 124 -93
2207 0 0 -31 62 -31
2207 2207 0 -31 0 31
2207 -2207 0 -30 120 -90
2207 0 0 -30 60 -30
2207 2207 0 -30 0 30
2207 -2207 0 -29 116 -87
2207 0 0 -29 58 -29
2207 2207 0 -29 0 29
2207 -2207 0 -28 112 -84
2207 0 0 -28 56 -28
2207 2207 0 -28 0 28
2207 -2207 0 -27 108 -81
2207 0 0 -27 54 -27
2207 2207 0 -27 0 27
2207 -2207 0 -26 104 -78
2207 0 0 -26 52 -26
2207 2207 0 -26 0 26
2207 -2207 0 -25 100 -75
2207 0 0 -25 50 -25
2207 2207 0 -25 0 25
2207 -2207 0 -24 96 -72
2207 0 0 -24 48 -24
2207 2207 0 -24 0 24
2207 -2207 0 -23 92 -69
2207 0 0 -23 46 -23
2207 2207 0 -23 0 23
2207 -2207 0 -22 88 -66
2207 0 0 -22 44 -22
2207 2207 0 -22 0 22
2207 -2207 0 -21 84 -63
2207 0 0 -21 42 -21
2207 2207 0 -21 0 21
2207 -2207 0 -20 80 -60
2207 0 0 -20 40 -20
2207 2207 0 -20 0 20
2207 -2207 0 -19 76 -57
2207 0 0 -19 38 -19
2207 2207 0 -19 0 19
2207 -2207 0 -18 72 -54
2207 0 0 -18 36 -18
2207 2207 0 -18 0 18
2207 -2207 0 -17 68 -51
2207 0 0 -17 34 -17
2207 2207 0 -17 0 17
2207 -2207 0 -16 64 -48
2207 0 0 -16 32 -16
2207 2207 0 -16 0 16
2207 -2207 0 -15 60 -45
2207 0 0 -15 30 -15
2207 2207 0 -15 0 15
2207 -2207 0 -14 56 -42
2207 0 0 -14 28 -14
2207 2207 0 -14 0 14
2207 -2207 0 -13 52 -39
2207 0 0 -13 26 -13
2207 2207 0 -13 0 13
2207 -2207 0 -12 48 -36
2207 0 0 -12 24 -12
2207 2207 0 -12 0 12
2207 -2207 0 -11 44 -33
2207 0 0 -11 22 -11
2207 2207 0 -11 0 11
2207 -2207 0 -10 40 -30
2207 0 0 -10 20 -10
2207 2207 0 -10 0 10
2207 -2207 0 -9 36 -27
2207 0 0 -9 18 -9
2207 2207 0 -9 0 9
2207 -2207 0 -8 32 -24
2207 0 0 -8 16 -8
2207 2207 0 -8 0 8
2207 -2207 0 -7 28 -21
2207 0 0 -7 14 -7
2207 2207 0 -7 0 7
2207 -2207 0 -6 24 -18
2207 0 0 -6 12 -6
2207 2207 0 -6 0 6
2207 -2207 0 -5 20 -15
2207 0 0 -5 10 -5
2207 2207 0 -5 0 5
2207 -2207 0 -4 16 -12
2207 0 0 -4 8 -4
2207 2207 0 -4 0 4
2207 -2207 0 -3 12 -9
2207 0 0 -3 6 -3
2207 2207 0 -3 0 3
2207 -2207 0 -2 8 -6
2207 0 0 -2 4 -2
2207 2207 0 -2 0 2
2207 -2207 0 -1 4 -3
2207 0 0 -1 2 -1
2207 2207 0 -1 0 1
2207 -2207 -1 1 -4 4
2207 -2207 0 1 -4 3
2207 -2207 1 1 -4 4
2207 0 0 1 -2 1
2207 2207 0 1 0 -1
2207 -2207 0 2 -8 6
2207 0 0 2 -4 2
2207 2207 0 2 0 -2
2207 -2207 0 3 -12 9
2207 0 0 3 -6 3
2207 2207 0 3 0 -3
2207 -2207 -2 4 -16 16
2207 -2207 0 4 -16 12
2207 -2207 2 4 -16 16
2207 0 0 4 -8 4
2207 2207 0 4 0 -4
2207 -2207 0 5 -20 15
2207 0 0 5 -10 5
2207 2207 0 5 0 -5
2207 -2207 0 6 -24 18
2207 0 0 6 -12 6
2207 2207 0 6 0 -6
2207 -2207 0 7 -28 21
2207 0 0 7 -14 7
2207 2207 0 7 0 -7
2207 -2207 0 8 -32 24
2207 0 0 8 -16 8
2207 2207 0 8 0 -8
2207 -2207 -3 9 -36 36
2207 -2207 0 9 -36 27
2207 -2207 3 9 -36 36
2207 0 0 9 -18 9
2207 2207 0 9 0 -9
2207 -2207 0 10 -40 30
2207 0 0 10 -20 10
2207 2207 0 10 0 -10
2207 -2207 0 11 -44 33
2207 0 0 11 -22 11
2207 2207 0 11 0 -11
2207 -2207 0 12 -48 36
2207 0 0 12 -24 12
2207 2207 0 12 0 -12
2207 -2207 0 13 -52 39
2207 0 0 13 -26 13
2207 2207 0 13 0 -13
2207 -2207 0 14 -56 42
2207 0 0 14 -28 14
2207 2207 0 14 0 -14
2207 -2207 0 15 -60 45
2207 0 0 15 -30 15
2207 2207 0 15 0 -15
2207 -2207 -4 16 -64 64
2207 -2207 0 16 -64 48
2207 -2207 4 16 -64 64
2207 0 0 16 -32 16
2207 2207 0 16 0 -16
2207 -2207 0 17 -68 51
2207 0 0 17 -34 17
2207 2207 0 17 0 -17
2207 -2207 0 18 -72 54
2207 0 0 18 -36 18
2207 2207 0 18 0 -18
2207 -2207 0 19 -76 57
2207 0 0 19 -38 19
2207 2207 0 19 0 -19
2207 -2207 0 20 -80 60
2207 0 0 20 -40 20
2207 2207 0 20 0 -20
2207 -2207 0 21 -84 63
2207 0 0 21 -42 21
2207 2207 0 21 0 -21
2207 -2207 0 22 -88 66
2207 0 0 22 -44 22
2207 2207 0 22 0 -22
2207 -2207 0 23 -92 69
2207 0 0 23 -46 23
2207 2207 0 23 0 -23
2207 -2207 0 24 -96 72
2207 0 0 24 -48 24
2207 2207 0 24 0 -24
2207 -2207 -5 25 -100 100
2207 -2207 0 25 -100 75
2207 -2207 5 25 -100 100
2207 0 0 25 -50 25
2207 2207 0 25 0 -25
2207 -2207 0 26 -104 78
2207 0 0 26 -52 26
2207 2207 0 26 0 -26
2207 -2207 0 27 -108 81
2207 0 0 27 -54 27
2207 2207 0 27 0 -27
2207 -2207 0 28 -112 84
2207 0 0 28 -56 28
2207 2207 0 28 0 -28
2207 -2207 0 29 -116 87
2207 0 0 29 -58 29
2207 2207 0 29 0 -29
2207 -2207 0 30 -120 90
2207 0 0 30 -60 30
2207 2207 0 30 0 -30
2207 -2207 0 31 -124 93
2207 0 0 31 -62 31
2207 2207 0 31 0 -31
2207 -2207 0 32 -128 96
2207 0 0 32 -64 32
2207 2207 0 32 0 -32
2207 -2207 0 33 -132 99
2207 0 0 33 -66 33
2207 2207 0 33 0 -33
2207 -2207 0 34 -136 102
2207 0 0 34 -68 34
2207 2207 0 34 0 -34
2207 -2207 0 35 -140 105
2207 0 0 35 -70 35
2207 2207 0 35 0 -35
2207 -2207 -6 36 -144 144
2207 -2207 0 36 -144 108
2207 -2207 6 36 -144 144
2207 0 0 36 -72 36
2207 2207 0 36 0 -36
2207 -2207 0 37 -148 111
2207 0 0 37 -74 37
2207 2207 0 37 0 -37
2207 -2207 0 38 -152 114
2207 0 0 38 -76 38
2207 2207 0 38 0 -38
2207 -2207 0 39 -156 117
2207 0 0 39 -78 39
2207 2207 0 39 0 -39
2207 -2207 0 40 -160 120
2207 0 0 40 -80 40
2207 2207 0 40 0 -40
2207 -2207 0 41 -164 123
2207 0 0 41 -82 41
2207 2207 0 41 0 -41
2207 -2207 0 42 -168 126
2207 0 0 42 -84 42
2207 2207 0 42 0 -42
2207 -2207 0 43 -172 129
2207 0 0 43 -86 43
2207 2207 0 43 0 -43
2207 -2207 0 44 -176 132
2207 0 0 44 -88 44
2207 2207 0 44 0 -44
2207 -2207 0 45 -180 135
2207 0 0 45 -90 45
2207 2207 0 45 0 -45
2207 -2207 0 46 -184 138
2207 0 0 46 -92 46
2207 2207 0 46 0 -46
2207 -2207 0 47 -188 141
2207 0 0 47 -94 47
2207 2207 0 47 0 -47
2207 -2207 0 48 -192 144
2207 0 0 48 -96 48
2207 2207 0 48 0 -48
2207 -2207 -7 49 -196 196
2207 -2207 0 49 -196 147
2207 -2207 7 49 -196 196
2207 0 0 49 -98 49
2207 2207 0 49 0 -49
2207 -2207 0 50 -200 150
2207 0 0 50 -100 50
2207 2207 0 50 0 -50
2207 -2207 0 51 -204 153
2207 0 0 51 -102 51
2207 2207 0 51 0 -51
2207 -2207 0 52 -208 156
2207 0 0 52 -104 52
2207 2207 0 52 0 -52
2207 -2207 0 53 -212 159
2207 0 0 53 -106 53
2207 2207 0 53 0 -53
2207 -2207 0 54 -216 162
2207 0 0 54 -108 54
2207 2207 0 54 0 -54
2207 -2207 0 55 -220 165
2207 0 0 55 -110 55
2207 2207 0 55 0 -55
2207 -2207 0 56 -224 168
2207 0 0 56 -112 56
2207 2207 0 56 0 -56
2207 -2207 0 57 -228 171
2207 0 0 57 -114 57
2207 2207 0 57 0 -57
2207 -2207 0 58 -232 174
2207 0 0 58 -116 58
2207 2207 0 58 0 -58
2207 -2207 0 59 -236 177
2207 0 0 59 -118 59
2207 2207 0 59 0 -59
2207 -2207 0 60 -240 180
2207 0 0 60 -120 60
2207 2207 0 60 0 -60
2208 -2208 0 -60 240 -180
2208 -2116 0 -60 235 -175
2208 -2024 0 -60 230 -170
2208 -1932 0 -60 225 -165
2208 -1840 0 -60 220 -160
2208 -1748 0 -60 215 -155
2208 -1656 0 -60 210 -150
2208 -1564 0 -60 205 -145
2208 -1472 0 -60 200 -140
2208 -1380 0 -60 195 -135
2208 -1288 0 -60 190 -130
2208 -1196 0 -60 185 -125
2208 -1104 0 -60 180 -120
2208 -1012 0 -60 175 -115
2208 -920 0 -60 170 -110
2208 -828 0 -60 165 -105
2208 -736 0 -60 160 -100
2208 -644 0 -60 155 -95
2208 -552 0 -60 150 -90
2208 -460 0 -60 145 -85
2208 -368 0 -60 140 -80
2208 -276 0 -60 135 -75
2208 -184 0 -60 130 -70
2208 -92 0 -60 125 -65
2208 0 0 -60 120 -60
2208 92 0 -60 115 -55
2208 184 0 -60 110 -50
2208 276 0 -60 105 -45
2208 368 0 -60 100 -40
2208 460 0 -60 95 -35
2208 552 0 -60 90 -30
2208 644 0 -60 85 -25
2208 736 0 -60 80 -20
2208 828 0 -60 75 -15
2208 920 0 -60 70 -10
2208 1012 0 -60 65 -5
2208 1104 0 -60 60 0
2208 1196 0 -60 55 5
2208 1288 0 -60 50 10
2208 1380 0 -60 45 15
2208 1472 0 -60 40 20
2208 1564 0 -60 35 25
2208 1656 0 -60 30 30
2208 1748 0 -60 25 35
2208 1840 0 -60 20 40
2208 1932 0 -60 15 45
2208 2024 0 -60 10 50
2208 2116 0 -60 5 55
2208 2208 0 -60 0 60
2208 -2208 0 -59 236 -177
2208 -1104 0 -59 177 -118
2208 0 0 -59 118 -59
2208 1104 0 -59 59 0
2208 2208 0 -59 0 59
2208 -2208 0 -58 232 -174
2208 -1656 0 -58 203 -145
2208 -1104 0 -58 174 -116
2208 -552 0 -58 145 -87
2208 0 0 -58 116 -58
2208 552 0 -58 87 -29
2208 1104 0 -58 58 0
2208 1656 0 -58 29 29
2208 2208 0 -58 0 58
2208 -2208 0 -57 228 -171
2208 -1840 0 -57 209 -152
2208 -1472 0 -57 190 -133
2208 -1104 0 -57 171 -114
2208 -736 0 -57 152 -95
2208 -368 0 -57 133 -76
2208 0 0 -57 114 -57
2208 368 0 -57 95 -38
2208 736 0 -57 76 -19
2208 1104 0 -57 57 0
2208 1472 0 -57 38 19
2208 1840 0 -57 19 38
2208 2208 0 -57 0 57
2208 -2208 0 -56 224 -168
2208 -2070 0 -56 217 -161
2208 -1932 0 -56 210 -154
2208 -1794 0 -56 203 -147
2208 -1656 0 -56 196 -140
2208 -1518 0 -56 189 -133
2208 -1380 0 -56 182 -126
2208 -1242 0 -56 175 -119
2208 -1104 0 -56 168 -112
2208 -966 0 -56 161 -105
2208 -828 0 -56 154 -98
2208 -690 0 -56 147 -91
2208 -552 0 -56 140 -84
2208 -414 0 -56 133 -77
2208 -276 0 -56 126 -70
2208 -138 0 -56 119 -63
2208 0 0 -56 112 -56
2208 138 0 -56 105 -49
2208 276 0 -56 98 -42
2208 414 0 -56 91 -35
2208 552 0 -56 84 -28
2208 690 0 -56 77 -21
2208 828 0 -56 70 -14
2208 966 0 -56 63 -7
2208 1104 0 -56 56 0
2208 1242 0 -56 49 7
2208 1380 0 -56 42 14
2208 1518 0 -56 35 21
2208 1656 0 -56 28 28
2208 1794 0 -56 21 35
2208 1932 0 -56 14 42
2208 2070 0 -56 7 49
2208 2208 0 -56 0 56
2208 -2208 0 -55 220 -165
2208 -1104 0 -55 165 -110
2208 0 0 -55 110 -55
2208 1104 0 -55 55 0
2208 2208 0 -55 0 55
2208 -2208 0 -54 216 -162
2208 -2024 0 -54 207 -153
2208 -1840 0 -54 198 -144
2208 -1656 0 -54 189 -135
2208 -1472 0 -54 180 -126
2208 -1288 0 -54 171 -117
2208 -1104 0 -54 162 -108
2208 -920 0 -54 153 -99
2208 -736 0 -54 144 -90
2208 -552 0 -54 135 -81
2208 -368 0 -54 126 -72
2208 -184 0 -54 117 -63
2208 0 0 -54 108 -54
2208 184 0 -54 99 -45
2208 368 0 -54 90 -36
2208 552 0 -54 81 -27
2208 736 0 -54 72 -18
2208 920 0 -54 63 -9
2208 1104 0 -54 54 0
2208 1288 0 -54 45 9
2208 1472 0 -54 36 18
2208 1656 0 -54 27 27
2208 1840 0 -54 18 36
2208 2024 0 -54 9 45
2208 2208 0 -54 0 54
2208 -2208 0 -53 212 -159
2208 -1104 0 -53 159 -106
2208 0 0 -53 106 -53
2208 1104 0 -53 53 0
2208 2208 0 -53 0 53
2208 -2208 0 -52 208 -156
2208 -1932 0 -52 195 -143
2208 -1656 0 -52 182 -130
2208 -1380 0 -52 169 -117
2208 -1104 0 -52 156 -104
2208 -828 0 -52 143 -91
2208 -552 0 -52 130 -78
2208 -276 0 -52 117 -65
2208 0 0 -52 104 -52
2208 276 0 -52 91 -39
2208 552 0 -52 78 -26
2208 828 0 -52 65 -13
2208 1104 0 -52 52 0
2208 1380 0 -52 39 13
2208 1656 0 -52 26 26
2208 1932 0 -52 13 39
2208 2208 0 -52 0 52
2208 -2208 0 -51 204 -153
2208 -1840 0 -51 187 -136
2208 -1472 0 -51 170 -119
2208 -1104 0 -51 153 -102
2208 -736 0 -51 136 -85
2208 -368 0 -51 119 -68
2208 0 0 -51 102 -51
2208 368 0 -51 85 -34
2208 736 0 -51 68 -17
2208 1104 0 -51 51 0
2208 1472 0 -51 34 17
2208 1840 0 -51 17 34
2208 2208 0 -51 0 51
2208 -2208 0 -50 200 -150
2208 -1656 0 -50 175 -125
2208 -1104 0 -50 150 -100
2208 -552 0 -50 125 -75
2208 0 0 -50 100 -50
2208 552 0 -50 75 -25
2208 1104 0 -50 50 0
2208 1656 0 -50 25 25
2208 2208 0 -50 0 50
2208 -2208 0 -49 196 -147
2208 -1104 0 -49 147 -98
2208 0 0 -49 98 -49
2208 1104 0 -49 49 0
2208 2208 0 -49 0 49
2208 -2208 0 -48 192 -144
2208 -2185 0 -48 191 -143
2208 -2162 0 -48 190 -142
2208 -2139 0 -48 189 -141
2208 -2116 0 -48 188 -140
2208 -2093 0 -48 187 -139
2208 -2070 0 -48 186 -138
2208 -2047 0 -48 185 -137
2208 -2024 0 -48 184 -136
2208 -2001 0 -48 183 -135
2208 -1978 0 -48 182 -134
2208 -1955 0 -48 181 -133
2208 -1932 0 -48 180 -132
2208 -1909 0 -48 179 -131
2208 -1886 0 -48 178 -130
2208 -1863 0 -48 177 -129
2208 -1840 0 -48 176 -128
2208 -1817 0 -48 175 -127
2208 -1794 0 -48 174 -126
2208 -1771 0 -48 173 -125
2208 -1748 0 -48 172 -124
2208 -1725 0 -48 171 -123
2208 -1702 0 -48 170 -122
2208 -1679 0 -48 169 -121
2208 -1656 0 -48 168 -120
2208 -1633 0 -48 167 -119
2208 -1610 0 -48 166 -118
2208 -1587 0 -48 165 -117
2208 -1564 0 -48 164 -116
2208 -1541 0 -48 163 -115
2208 -1518 0 -48 162 -114
2208 -1495 0 -48 161 -113
2208 -1472 0 -48 160 -112
2208 -1449 0 -48 159 -111
2208 -1426 0 -48 158 -110
2208 -1403 0 -48 157 -109
2208 -1380 0 -48 156 -108
2208 -1357 0 -48 155 -107
2208 -1334 0 -48 154 -106
2208 -1311 0 -48 153 -105
2208 -1288 0 -48 152 -104
2208 -1265 0 -48 151 -103
2208 -1242 0 -48 150 -102
2208 -1219 0 -48 149 -101
2208 -1196 0 -48 148 -100
2208 -1173 0 -48 147 -99
2208 -1150 0 -48 146 -98
2208 -1127 0 -48 145 -97
2208 -1104 0 -48 144 -96
2208 -1081 0 -48 143 -95
2208 -1058 0 -48 142 -94
2208 -1035 0 -48 141 -93
2208 -1012 0 -48 140 -92
2208 -989 0 -48 139 -91
2208 -966 0 -48 138 -90
2208 -943 0 -48 137 -89
2208 -920 0 -48 136 -88
2208 -897 0 -48 135 -87
2208 -874 0 -48 134 -86
2208 -851 0 -48 133 -85
2208 -828 0 -48 132 -84
2208 -805 0 -48 131 -83
2208 -782 0 -48 130 -82
2208 -759 0 -48 129 -81
2208 -736 0 -48 128 -80
2208 -713 0 -48 127 -79
2208 -690 0 -48 126 -78
2208 -667 0 -48 125 -77
2208 -644 0 -48 124 -76
2208 -621 0 -48 123 -75
2208 -598 0 -48 122 -74
2208 -575 0 -48 121 -73
2208 -552 0 -48 120 -72
2208 -529 0 -48 119 -71
2208 -506 0 -48 118 -70
2208 -483 0 -48 117 -69
2208 -460 0 -48 116 -68
2208 -437 0 -48 115 -67
2208 -414 0 -48 114 -66
2208 -391 0 -48 113 -65
2208 -368 0 -48 112 -64
2208 -345 0 -48 111 -63
2208 -322 0 -48 110 -62
2208 -299 0 -48 109 -61
2208 -276 0 -48 108 -60
2208 -253 0 -48 107 -59
2208 -230 0 -48 106 -58
2208 -207 0 -48 105 -57
2208 -184 0 -48 104 -56
2208 -161 0 -48 103 -55
2208 -138 0 -48 102 -54
2208 -115 0 -48 101 -53
2208 -92 0 -48 100 -52
2208 -69 0 -48 99 -51
2208 -46 0 -48 98 -50
2208 -23 0 -48 97 -49
2208 0 0 -48 96 -48
2208 23 0 -48 95 -47
2208 46 0 -48 94 -46
2208 69 0 -48 93 -45
2208 92 0 -48 92 -44
2208 115 0 -48 91 -43
2208 138 0 -48 90 -42
2208 161 0 -48 89 -41
2208 184 0 -48 88 -40
2208 207 0 -48 87 -39
2208 230 0 -48 86 -38
2208 253 0 -48 85 -37
2208 276 0 -48 84 -36
2208 299 0 -48 83 -35
2208 322 0 -48 82 -34
2208 345 0 -48 81 -33
2208 368 0 -48 80 -32
2208 391 0 -48 79 -31
2208 414 0 -48 78 -30
2208 437 0 -48 77 -29
2208 460 0 -48 76 -28
2208 483 0 -48 75 -27
2208 506 0 -48 74 -26
2208 529 0 -48 73 -25
2208 552 0 -48 72 -24
2208 575 0 -48 71 -23
2208 598 0 -48 70 -22
2208 621 0 -48 69 -21
2208 644 0 -48 68 -20
2208 667 0 -48 67 -19
2208 690 0 -48 66 -18
2208 713 0 -48 65 -17
2208 736 0 -48 64 -16
2208 759 0 -48 63 -15
2208 782 0 -48 62 -14
2208 805 0 -48 61 -13
2208 828 0 -48 60 -12
2208 851 0 -48 59 -11
2208 874 0 -48 58 -10
2208 897 0 -48 57 -9
2208 920 0 -48 56 -8
2208 943 0 -48 55 -7
2208 966 0 -48 54 -6
2208 989 0 -48 53 -5
2208 1012 0 -48 52 -4
2208 1035 0 -48 51 -3
2208 1058 0 -48 50 -2
2208 1081 0 -48 49 -1
2208 1104 0 -48 48 0
2208 1127 0 -48 47 1
2208 1150 0 -48 46 2
2208 1173 0 -48 45 3
2208 1196 0 -48 44 4
2208 1219 0 -48 43 5
2208 1242 0 -48 42 6
2208 1265 0 -48 41 7
2208 1288 0 -48 40 8
2208 1311 0 -48 39 9
2208 1334 0 -48 38 10
2208 1357 0 -48 37 11
2208 1380 0 -48 36 12
2208 1403 0 -48 35 13
2208 1426 0 -48 34 14
2208 1449 0 -48 33 15
2208 1472 0 -48 32 16
2208 1495 0 -48 31 17
2208 1518 0 -48 30 18
2208 1541 0 -48 29 19
2208 1564 0 -48 28 20
2208 1587 0 -48 27 21
2208 1610 0 -48 26 22
2208 1633 0 -48 25 23
2208 1656 0 -48 24 24
2208 1679 0 -48 23 25
2208 1702 0 -48 22 26
2208 1725 0 -48 21 27
2208 1748 0 -48 20 28
2208 1771 0 -48 19 29
2208 1794 0 -48 18 30
2208 1817 0 -48 17 31
2208 1840 0 -48 16 32
2208 1863 0 -48 15 33
2208 1886 0 -48 14 34
2208 1909 0 -48 13 35
2208 1932 -276 -48 12 60
2208 1932 0 -48 12 36
2208 1955 0 -48 11 37
2208 1978 0 -48 10 38
2208 2001 0 -48 9 39
2208 2024 0 -48 8 40
2208 2047 0 -48 7 41
2208 2070 0 -48 6 42
2208 2093 0 -48 5 43
2208 2116 0 -48 4 44
2208 2139 0 -48 3 45
2208 2162 0 -48 2 46
2208 2185 0 -48 1 47
2208 2208 0 -48 0 48
2208 -2208 0 -47 188 -141
2208 -1104 0 -47 141 -94
2208 0 0 -47 94 -47
2208 1104 0 -47 47 0
2208 2208 0 -47 0 47
2208 -2208 0 -46 184 -138
2208 -2184 0 -46 183 -137
2208 -2160 0 -46 182 -136
2208 -2136 0 -46 181 -135
2208 -2112 0 -46 180 -134
2208 -2088 0 -46 179 -133
2208 -2064 0 -46 178 -132
2208 -2040 0 -46 177 -131
2208 -2016 0 -46 176 -130
2208 -1992 0 -46 175 -129
2208 -1968 0 -46 174 -128
2208 -1944 0 -46 173 -127
2208 -1920 0 -46 172 -126
2208 -1896 0 -46 171 -125
2208 -1872 0 -46 170 -124
2208 -1848 0 -46 169 -123
2208 -1824 0 -46 168 -122
2208 -1800 0 -46 167 -121
2208 -1776 0 -46 166 -120
2208 -1752 0 -46 165 -119
2208 -1728 0 -46 164 -118
2208 -1704 0 -46 163 -117
2208 -1680 0 -46 162 -116
2208 -1656 0 -46 161 -115
2208 -1632 0 -46 160 -114
2208 -1608 0 -46 159 -113
2208 -1584 0 -46 158 -112
2208 -1560 0 -46 157 -111
2208 -1536 0 -46 156 -110
2208 -1512 0 -46 155 -109
2208 -1488 0 -46 154 -108
2208 -1464 0 -46 153 -107
2208 -1440 0 -46 152 -106
2208 -1416 0 -46 151 -105
2208 -1392 0 -46 150 -104
2208 -1368 0 -46 149 -103
2208 -1344 0 -46 148 -102
2208 -1320 0 -46 147 -101
2208 -1296 0 -46 146 -100
2208 -1272 0 -46 145 -99
2208 -1248 0 -46 144 -98
2208 -1224 0 -46 143 -97
2208 -1200 0 -46 142 -96
2208 -1176 0 -46 141 -95
2208 -1152 0 -46 140 -94
2208 -1128 0 -46 139 -93
2208 -1104 0 -46 138 -92
2208 -1080 0 -46 137 -91
2208 -1056 0 -46 136 -90
2208 -1032 0 -46 135 -89
2208 -1008 0 -46 134 -88
2208 -984 0 -46 133 -87
2208 -960 0 -46 132 -86
2208 -936 0 -46 131 -85
2208 -912 0 -46 130 -84
2208 -888 0 -46 129 -83
2208 -864 0 -46 128 -82
2208 -840 0 -46 127 -81
2208 -816 0 -46 126 -80
2208 -792 0 -46 125 -79
2208 -768 0 -46 124 -78
2208 -744 0 -46 123 -77
2208 -720 0 -46 122 -76
2208 -696 0 -46 121 -75
2208 -672 0 -46 120 -74
2208 -648 0 -46 119 -73
2208 -624 0 -46 118 -72
2208 -600 0 -46 117 -71
2208 -576 0 -46 116 -70
2208 -552 0 -46 115 -69
2208 -528 0 -46 114 -68
2208 -504 0 -46 113 -67
2208 -480 0 -46 112 -66
2208 -456 0 -46 111 -65
2208 -432 0 -46 110 -64
2208 -408 0 -46 109 -63
2208 -384 0 -46 108 -62
2208 -360 0 -46 107 -61
2208 -336 0 -46 106 -60
2208 -312 0 -46 105 -59
2208 -288 0 -46 104 -58
2208 -264 0 -46 103 -57
2208 -240 0 -46 102 -56
2208 -216 0 -46 101 -55
2208 -192 0 -46 100 -54
2208 -168 0 -46 99 -53
2208 -144 0 -46 98 -52
2208 -120 0 -46 97 -51
2208 -96 0 -46 96 -50
2208 -72 0 -46 95 -49
2208 -48 0 -46 94 -48
2208 -24 0 -46 93 -47
2208 0 0 -46 92 -46
2208 24 0 -46 91 -45
2208 48 0 -46 90 -44
2208 72 0 -46 89 -43
2208 96 0 -46 88 -42
2208 120 0 -46 87 -41
2208 144 0 -46 86 -40
2208 168 0 -46 85 -39
2208 192 0 -46 84 -38
2208 216 0 -46 83 -37
2208 240 0 -46 82 -36
2208 264 0 -46 81 -35
2208 288 0 -46 80 -34
2208 312 0 -46 79 -33
2208 336 0 -46 78 -32
2208 360 0 -46 77 -31
2208 384 0 -46 76 -30
2208 408 0 -46 75 -29
2208 432 0 -46 74 -28
2208 456 0 -46 73 -27
2208 480 0 -46 72 -26
2208 504 0 -46 71 -25
2208 528 0 -46 70 -24
2208 552 0 -46 69 -23
2208 576 0 -46 68 -22
2208 600 0 -46 67 -21
2208 624 0 -46 66 -20
2208 648 0 -46 65 -19
2208 672 0 -46 64 -18
2208 696 0 -46 63 -17
2208 720 0 -46 62 -16
2208 744 0 -46 61 -15
2208 768 0 -46 60 -14
2208 792 0 -46 59 -13
2208 816 0 -46 58 -12
2208 840 0 -46 57 -11
2208 864 0 -46 56 -10
2208 888 0 -46 55 -9
2208 912 0 -46 54 -8
2208 936 0 -46 53 -7
2208 960 0 -46 52 -6
2208 984 0 -46 51 -5
2208 1008 0 -46 50 -4
2208 1032 0 -46 49 -3
2208 1056 0 -46 48 -2
2208 1080 0 -46 47 -1
2208 1104 0 -46 46 0
2208 1128 0 -46 45 1
2208 1152 0 -46 44 2
2208 1176 0 -46 43 3
2208 1200 0 -46 42 4
2208 1224 0 -46 41 5
2208 1248 0 -46 40 6
2208 1272 0 -46 39 7
2208 1296 0 -46 38 8
2208 1320 0 -46 37 9
2208 1344 0 -46 36 10
2208 1368 0 -46 35 11
2208 1392 0 -46 34 12
2208 1416 0 -46 33 13
2208 1440 0 -46 32 14
2208 1464 0 -46 31 15
2208 1488 0 -46 30 16
2208 1512 0 -46 29 17
2208 1536 0 -46 28 18
2208 1560 0 -46 27 19
2208 1584 0 -46 26 20
2208 1608 0 -46 25 21
2208 1632 0 -46 24 22
2208 1656 0 -46 23 23
2208 1680 0 -46 22 24
2208 1704 0 -46 21 25
2208 1728 0 -46 20 26
2208 1752 0 -46 19 27
2208 1776 0 -46 18 28
2208 1800 0 -46 17 29
2208 1824 0 -46 16 30
2208 1848 0 -46 15 31
2208 1872 0 -46 14 32
2208 1896 0 -46 13 33
2208 1920 0 -46 12 34
2208 1944 0 -46 11 35
2208 1968 0 -46 10 36
2208 1992 0 -46 9 37
2208 2016 0 -46 8 38
2208 2040 0 -46 7 39
2208 2064 0 -46 6 40
2208 2088 0 -46 5 41
2208 2112 0 -46 4 42
2208 2136 0 -46 3 43
2208 2160 0 -46 2 44
2208 2184 0 -46 1 45
2208 2208 0 -46 0 46
2208 -2208 0 -45 180 -135
2208 -1840 0 -45 165 -120
2208 -1472 0 -45 150 -105
2208 -1104 0 -45 135 -90
2208 -736 0 -45 120 -75
2208 -368 0 -45 105 -60
2208 0 0 -45 90 -45
2208 368 0 -45 75 -30
2208 736 0 -45 60 -15
2208 1104 0 -45 45 0
2208 1472 0 -45 30 15
2208 1840 0 -45 15 30
2208 2208 0 -45 0 45
2208 -2208 0 -44 176 -132
2208 -1932 0 -44 165 -121
2208 -1656 0 -44 154 -110
2208 -1380 0 -44 143 -99
2208 -1104 0 -44 132 -88
2208 -828 0 -44 121 -77
2208 -552 0 -44 110 -66
2208 -276 0 -44 99 -55
2208 0 0 -44 88 -44
2208 276 0 -44 77 -33
2208 552 0 -44 66 -22
2208 828 0 -44 55 -11
2208 1104 0 -44 44 0
2208 1380 0 -44 33 11
2208 1656 0 -44 22 22
2208 1932 0 -44 11 33
2208 2208 0 -44 0 44
2208 -2208 0 -43 172 -129
2208 -1104 0 -43 129 -86
2208 0 0 -43 86 -43
2208 1104 0 -43 43 0
2208 2208 0 -43 0 43
2208 -2208 0 -42 168 -126
2208 -2024 0 -42 161 -119
2208 -1840 0 -42 154 -112
2208 -1656 0 -42 147 -105
2208 -1472 0 -42 140 -98
2208 -1288 0 -42 133 -91
2208 -1104 0 -42 126 -84
2208 -920 0 -42 119 -77
2208 -736 0 -42 112 -70
2208 -552 0 -42 105 -63
2208 -368 0 -42 98 -56
2208 -184 0 -42 91 -49
2208 0 0 -42 84 -42
2208 184 0 -42 77 -35
2208 368 0 -42 70 -28
2208 552 0 -42 63 -21
2208 736 0 -42 56 -14
2208 920 0 -42 49 -7
2208 1104 0 -42 42 0
2208 1288 0 -42 35 7
2208 1472 0 -42 28 14
2208 1656 0 -42 21 21
2208 1840 0 -42 14 28
2208 2024 0 -42 7 35
2208 2208 0 -42 0 42
2208 -2208 0 -41 164 -123
2208 -1104 0 -41 123 -82
2208 0 0 -41 82 -41
2208 1104 0 -41 41 0
2208 2208 0 -41 0 41
2208 -2208 0 -40 160 -120
2208 -2070 0 -40 155 -115
2208 -1932 0 -40 150 -110
2208 -1794 0 -40 145 -105
2208 -1656 0 -40 140 -100
2208 -1518 0 -40 135 -95
2208 -1380 0 -40 130 -90
2208 -1242 0 -40 125 -85
2208 -1104 0 -40 120 -80
2208 -966 0 -40 115 -75
2208 -828 0 -40 110 -70
2208 -690 0 -40 105 -65
2208 -552 0 -40 100 -60
2208 -414 0 -40 95 -55
2208 -276 0 -40 90 -50
2208 -138 0 -40 85 -45
2208 0 0 -40 80 -40
2208 138 0 -40 75 -35
2208 276 0 -40 70 -30
2208 414 0 -40 65 -25
2208 552 0 -40 60 -20
2208 690 0 -40 55 -15
2208 828 0 -40 50 -10
2208 966 0 -40 45 -5
2208 1104 0 -40 40 0
2208 1242 0 -40 35 5
2208 1380 0 -40 30 10
2208 1518 0 -40 25 15
2208 1656 0 -40 20 20
2208 1794 0 -40 15 25
2208 1932 0 -40 10 30
2208 2070 0 -40 5 35
2208 2208 0 -40 0 40
2208 -2208 0 -39 156 -117
2208 -1840 0 -39 143 -104
2208 -1472 0 -39 130 -91
2208 -1104 0 -39 117 -78
2208 -736 0 -39 104 -65
2208 -368 0 -39 91 -52
2208 0 0 -39 78 -39
2208 368 0 -39 65 -26
2208 736 0 -39 52 -13
2208 1104 0 -39 39 0
2208 1472 0 -39 26 13
2208 1840 0 -39 13 26
2208 2208 0 -39 0 39
2208 -2208 0 -38 152 -114
2208 -1656 0 -38 133 -95
2208 -1104 0 -38 114 -76
2208 -552 0 -38 95 -57
2208 0 0 -38 76 -38
2208 552 0 -38 57 -19
2208 1104 0 -38 38 0
2208 1656 0 -38 19 19
2208 2208 0 -38 0 38
2208 -2208 0 -37 148 -111
2208 -1104 0 -37 111 -74
2208 0 0 -37 74 -37
2208 1104 0 -37 37 0
2208 2208 0 -37 0 37
2208 -2208 0 -36 144 -108
2208 -2116 0 -36 141 -105
2208 -2024 0 -36 138 -102
2208 -1932 0 -36 135 -99
2208 -1840 0 -36 132 -96
2208 -1748 0 -36 129 -93
2208 -1656 0 -36 126 -90
2208 -1564 0 -36 123 -87
2208 -1472 0 -36 120 -84
2208 -1380 0 -36 117 -81
2208 -1288 0 -36 114 -78
2208 -1196 0 -36 111 -75
2208 -1104 0 -36 108 -72
2208 -1012 0 -36 105 -69
2208 -920 0 -36 102 -66
2208 -828 0 -36 99 -63
2208 -736 0 -36 96 -60
2208 -644 0 -36 93 -57
2208 -552 0 -36 90 -54
2208 -460 0 -36 87 -51
2208 -368 0 -36 84 -48
2208 -276 0 -36 81 -45
2208 -184 0 -36 78 -42
2208 -92 0 -36 75 -39
2208 0 0 -36 72 -36
2208 92 0 -36 69 -33
2208 184 0 -36 66 -30
2208 276 0 -36 63 -27
2208 368 0 -36 60 -24
2208 460 0 -36 57 -21
2208 552 0 -36 54 -18
2208 644 0 -36 51 -15
2208 736 0 -36 48 -12
2208 828 0 -36 45 -9
2208 920 0 -36 42 -6
2208 1012 0 -36 39 -3
2208 1104 0 -36 36 0
2208 1196 0 -36 33 3
2208 1288 0 -36 30 6
2208 1380 0 -36 27 9
2208 1472 0 -36 24 12
2208 1564 0 -36 21 15
2208 1656 0 -36 18 18
2208 1748 0 -36 15 21
2208 1840 0 -36 12 24
2208 1932 0 -36 9 27
2208 2024 0 -36 6 30
2208 2116 0 -36 3 33
2208 2208 0 -36 0 36
2208 -2208 0 -35 140 -105
2208 -1104 0 -35 105 -70
2208 0 0 -35 70 -35
2208 1104 0 -35 35 0
2208 2208 0 -35 0 35
2208 -2208 0 -34 136 -102
2208 -1656 0 -34 119 -85
2208 -1104 0 -34 102 -68
2208 -552 0 -34 85 -51
2208 0 0 -34 68 -34
2208 552 0 -34 51 -17
2208 1104 0 -34 34 0
2208 1656 0 -34 17 17
2208 2208 0 -34 0 34
2208 -2208 0 -33 132 -99
2208 -1840 0 -33 121 -88
2208 -1472 0 -33 110 -77
2208 -1104 0 -33 99 -66
2208 -736 0 -33 88 -55
2208 -368 0 -33 77 -44
2208 0 0 -33 66 -33
2208 368 0 -33 55 -22
2208 736 0 -33 44 -11
2208 1104 0 -33 33 0
2208 1472 0 -33 22 11
2208 1840 0 -33 11 22
2208 2208 0 -33 0 33
2208 -2208 0 -32 128 -96
2208 -2139 0 -32 126 -94
2208 -2070 0 -32 124 -92
2208 -2001 0 -32 122 -90
2208 -1932 0 -32 120 -88
2208 -1863 0 -32 118 -86
2208 -1794 0 -32 116 -84
2208 -1725 0 -32 114 -82
2208 -1656 0 -32 112 -80
2208 -1587 0 -32 110 -78
2208 -1518 0 -32 108 -76
2208 -1449 0 -32 106 -74
2208 -1380 0 -32 104 -72
2208 -1311 0 -32 102 -70
2208 -1242 0 -32 100 -68
2208 -1173 0 -32 98 -66
2208 -1104 0 -32 96 -64
2208 -1035 0 -32 94 -62
2208 -966 0 -32 92 -60
2208 -897 0 -32 90 -58
2208 -828 0 -32 88 -56
2208 -759 0 -32 86 -54
2208 -690 0 -32 84 -52
2208 -621 0 -32 82 -50
2208 -552 0 -32 80 -48
2208 -483 0 -32 78 -46
2208 -414 0 -32 76 -44
2208 -345 0 -32 74 -42
2208 -276 0 -32 72 -40
2208 -207 0 -32 70 -38
2208 -138 0 -32 68 -36
2208 -69 0 -32 66 -34
2208 0 0 -32 64 -32
2208 69 0 -32 62 -30
2208 138 0 -32 60 -28
2208 207 0 -32 58 -26
2208 276 0 -32 56 -24
2208 345 0 -32 54 -22
2208 414 0 -32 52 -20
2208 483 0 -32 50 -18
2208 552 0 -32 48 -16
2208 621 0 -32 46 -14
2208 690 0 -32 44 -12
2208 759 0 -32 42 -10
2208 828 0 -32 40 -8
2208 897 0 -32 38 -6
2208 966 0 -32 36 -4
2208 1035 0 -32 34 -2
2208 1104 0 -32 32 0
2208 1173 0 -32 30 2
2208 1242 0 -32 28 4
2208 1311 0 -32 26 6
2208 1380 0 -32 24 8
2208 1449 0 -32 22 10
2208 1518 0 -32 20 12
2208 1587 0 -32 18 14
2208 1656 0 -32 16 16
2208 1725 0 -32 14 18
2208 1794 0 -32 12 20
2208 1863 0 -32 10 22
2208 1932 -276 -32 8 40
2208 1932 0 -32 8 24
2208 2001 0 -32 6 26
2208 2070 -138 -32 4 36
2208 2070 0 -32 4 28
2208 2139 0 -32 2 30
2208 2208 0 -32 0 32
2208 -2208 0 -31 124 -93
2208 -1104 0 -31 93 -62
2208 0 0 -31 62 -31
2208 1104 0 -31 31 0
2208 2208 0 -31 0 31
2208 -2208 0 -30 120 -90
2208 -2024 0 -30 115 -85
2208 -1840 0 -30 110 -80
2208 -1656 0 -30 105 -75
2208 -1472 0 -30 100 -70
2208 -1288 0 -30 95 -65
2208 -1104 0 -30 90 -60
2208 -920 0 -30 85 -55
2208 -736 0 -30 80 -50
2208 -552 0 -30 75 -45
2208 -368 0 -30 70 -40
2208 -184 0 -30 65 -35
2208 0 0 -30 60 -30
2208 184 0 -30 55 -25
2208 368 0 -30 50 -20
2208 552 0 -30 45 -15
2208 736 0 -30 40 -10
2208 920 0 -30 35 -5
2208 1104 0 -30 30 0
2208 1288 0 -30 25 5
2208 1472 0 -30 20 10
2208 1656 0 -30 15 15
2208 1840 0 -30 10 20
2208 2024 0 -30 5 25
2208 2208 0 -30 0 30
2208 -2208 0 -29 116 -87
2208 -1104 0 -29 87 -58
2208 0 0 -29 58 -29
2208 1104 0 -29 29 0
2208 2208 0 -29 0 29
2208 -2208 0 -28 112 -84
2208 -1932 0 -28 105 -77
2208 -1656 0 -28 98 -70
2208 -1380 0 -28 91 -63
2208 -1104 0 -28 84 -56
2208 -828 0 -28 77 -49
2208 -552 0 -28 70 -42
2208 -276 0 -28 63 -35
2208 0 0 -28 56 -28
2208 276 0 -28 49 -21
2208 552 0 -28 42 -14
2208 828 0 -28 35 -7
2208 1104 0 -28 28 0
2208 1380 0 -28 21 7
2208 1656 0 -28 14 14
2208 1932 0 -28 7 21
2208 2208 0 -28 0 28
2208 -2208 0 -27 108 -81
2208 -1840 0 -27 99 -72
2208 -1472 0 -27 90 -63
2208 -1104 0 -27 81 -54
2208 -736 0 -27 72 -45
2208 -368 0 -27 63 -36
2208 0 0 -27 54 -27
2208 368 0 -27 45 -18
2208 736 0 -27 36 -9
2208 1104 0 -27 27 0
2208 1472 0 -27 18 9
2208 1840 0 -27 9 18
2208 2208 0 -27 0 27
2208 -2208 0 -26 104 -78
2208 -1656 0 -26 91 -65
2208 -1104 0 -26 78 -52
2208 -552 0 -26 65 -39
2208 0 0 -26 52 -26
2208 552 0 -26 39 -13
2208 1104 0 -26 26 0
2208 1656 0 -26 13 13
2208 2208 0 -26 0 26
2208 -2208 0 -25 100 -75
2208 -1104 0 -25 75 -50
2208 0 0 -25 50 -25
2208 1104 0 -25 25 0
2208 2208 0 -25 0 25
2208 -2208 0 -24 96 -72
2208 -2162 0 -24 95 -71
2208 -2116 0 -24 94 -70
2208 -2070 0 -24 93 -69
2208 -2024 0 -24 92 -68
2208 -1978 0 -24 91 -67
2208 -1932 0 -24 90 -66
2208 -1886 0 -24 89 -65
2208 -1840 0 -24 88 -64
2208 -1794 0 -24 87 -63
2208 -1748 0 -24 86 -62
2208 -1702 0 -24 85 -61
2208 -1656 0 -24 84 -60
2208 -1610 0 -24 83 -59
2208 -1564 0 -24 82 -58
2208 -1518 0 -24 81 -57
2208 -1472 0 -24 80 -56
2208 -1426 0 -24 79 -55
2208 -1380 0 -24 78 -54
2208 -1334 0 -24 77 -53
2208 -1288 0 -24 76 -52
2208 -1242 0 -24 75 -51
2208 -1196 0 -24 74 -50
2208 -1150 0 -24 73 -49
2208 -1104 0 -24 72 -48
2208 -1058 0 -24 71 -47
2208 -1012 0 -24 70 -46
2208 -966 0 -24 69 -45
2208 -920 0 -24 68 -44
2208 -874 0 -24 67 -43
2208 -828 0 -24 66 -42
2208 -782 0 -24 65 -41
2208 -736 0 -24 64 -40
2208 -690 0 -24 63 -39
2208 -644 0 -24 62 -38
2208 -598 0 -24 61 -37
2208 -552 0 -24 60 -36
2208 -506 0 -24 59 -35
2208 -460 0 -24 58 -34
2208 -414 0 -24 57 -33
2208 -368 0 -24 56 -32
2208 -322 0 -24 55 -31
2208 -276 0 -24 54 -30
2208 -230 0 -24 53 -29
2208 -184 0 -24 52 -28
2208 -138 0 -24 51 -27
2208 -92 0 -24 50 -26
2208 -46 0 -24 49 -25
2208 0 0 -24 48 -24
2208 46 0 -24 47 -23
2208 92 0 -24 46 -22
2208 138 0 -24 45 -21
2208 184 0 -24 44 -20
2208 230 0 -24 43 -19
2208 276 0 -24 42 -18
2208 322 0 -24 41 -17
2208 368 0 -24 40 -16
2208 414 0 -24 39 -15
2208 460 0 -24 38 -14
2208 506 0 -24 37 -13
2208 552 0 -24 36 -12
2208 598 0 -24 35 -11
2208 644 0 -24 34 -10
2208 690 0 -24 33 -9
2208 736 0 -24 32 -8
2208 782 0 -24 31 -7
2208 828 0 -24 30 -6
2208 874 0 -24 29 -5
2208 920 0 -24 28 -4
2208 966 0 -24 27 -3
2208 1012 0 -24 26 -2
2208 1058 0 -24 25 -1
2208 1104 0 -24 24 0
2208 1150 0 -24 23 1
2208 1196 0 -24 22 2
2208 1242 0 -24 21 3
2208 1288 0 -24 20 4
2208 1334 0 -24 19 5
2208 1380 0 -24 18 6
2208 1426 0 -24 17 7
2208 1472 0 -24 16 8
2208 1518 0 -24 15 9
2208 1564 0 -24 14 10
2208 1610 0 -24 13 11
2208 1656 0 -24 12 12
2208 1702 0 -24 11 13
2208 1748 0 -24 10 14
2208 1794 0 -24 9 15
2208 1840 0 -24 8 16
2208 1886 0 -24 7 17
2208 1932 0 -24 6 18
2208 1978 0 -24 5 19
2208 2024 0 -24 4 20
2208 2070 0 -24 3 21
2208 2116 0 -24 2 22
2208 2162 0 -24 1 23
2208 2208 0 -24 0 24
2208 -2208 0 -23 92 -69
2208 -2160 0 -23 91 -68
2208 -2112 0 -23 90 -67
2208 -2064 0 -23 89 -66
2208 -2016 0 -23 88 -65
2208 -1968 0 -23 87 -64
2208 -1920 0 -23 86 -63
2208 -1872 0 -23 85 -62
2208 -1824 0 -23 84 -61
2208 -1776 0 -23 83 -60
2208 -1728 0 -23 82 -59
2208 -1680 0 -23 81 -58
2208 -1632 0 -23 80 -57
2208 -1584 0 -23 79 -56
2208 -1536 0 -23 78 -55
2208 -1488 0 -23 77 -54
2208 -1440 0 -23 76 -53
2208 -1392 0 -23 75 -52
2208 -1344 0 -23 74 -51
2208 -1296 0 -23 73 -50
2208 -1248 0 -23 72 -49
2208 -1200 0 -23 71 -48
2208 -1152 0 -23 70 -47
2208 -1104 0 -23 69 -46
2208 -1056 0 -23 68 -45
2208 -1008 0 -23 67 -44
2208 -960 0 -23 66 -43
2208 -912 0 -23 65 -42
2208 -864 0 -23 64 -41
2208 -816 0 -23 63 -40
2208 -768 0 -23 62 -39
2208 -720 0 -23 61 -38
2208 -672 0 -23 60 -37
2208 -624 0 -23 59 -36
2208 -576 0 -23 58 -35
2208 -528 0 -23 57 -34
2208 -480 0 -23 56 -33
2208 -432 0 -23 55 -32
2208 -384 0 -23 54 -31
2208 -336 0 -23 53 -30
2208 -288 0 -23 52 -29
2208 -240 0 -23 51 -28
2208 -192 0 -23 50 -27
2208 -144 0 -23 49 -26
2208 -96 0 -23 48 -25
2208 -48 0 -23 47 -24
2208 0 0 -23 46 -23
2208 48 0 -23 45 -22
2208 96 0 -23 44 -21
2208 144 0 -23 43 -20
2208 192 0 -23 42 -19
2208 240 0 -23 41 -18
2208 288 0 -23 40 -17
2208 336 0 -23 39 -16
2208 384 0 -23 38 -15
2208 432 0 -23 37 -14
2208 480 0 -23 36 -13
2208 528 0 -23 35 -12
2208 576 0 -23 34 -11
2208 624 0 -23 33 -10
2208 672 0 -23 32 -9
2208 720 0 -23 31 -8
2208 768 0 -23 30 -7
2208 816 0 -23 29 -6
2208 864 0 -23 28 -5
2208 912 0 -23 27 -4
2208 960 0 -23 26 -3
2208 1008 0 -23 25 -2
2208 1056 0 -23 24 -1
2208 1104 0 -23 23 0
2208 1152 0 -23 22 1
2208 1200 0 -23 21 2
2208 1248 0 -23 20 3
2208 1296 0 -23 19 4
2208 1344 0 -23 18 5
2208 1392 0 -23 17 6
2208 1440 0 -23 16 7
2208 1488 0 -23 15 8
2208 1536 0 -23 14 9
2208 1584 0 -23 13 10
2208 1632 0 -23 12 11
2208 1680 0 -23 11 12
2208 1728 0 -23 10 13
2208 1776 0 -23 9 14
2208 1824 0 -23 8 15
2208 1872 0 -23 7 16
2208 1920 0 -23 6 17
2208 1968 0 -23 5 18
2208 2016 0 -23 4 19
2208 2064 0 -23 3 20
2208 2112 0 -23 2 21
2208 2160 0 -23 1 22
2208 2208 0 -23 0 23
2208 -2208 0 -22 88 -66
2208 -1656 0 -22 77 -55
2208 -1104 0 -22 66 -44
2208 -552 0 -22 55 -33
2208 0 0 -22 44 -22
2208 552 0 -22 33 -11
2208 1104 0 -22 22 0
2208 1656 0 -22 11 11
2208 2208 0 -22 0 22
2208 -2208 0 -21 84 -63
2208 -1840 0 -21 77 -56
2208 -1472 0 -21 70 -49
2208 -1104 0 -21 63 -42
2208 -736 0 -21 56 -35
2208 -368 0 -21 49 -28
2208 0 0 -21 42 -21
2208 368 0 -21 35 -14
2208 736 0 -21 28 -7
2208 1104 0 -21 21 0
2208 1472 0 -21 14 7
2208 1840 0 -21 7 14
2208 2208 0 -21 0 21
2208 -2208 0 -20 80 -60
2208 -1932 0 -20 75 -55
2208 -1656 0 -20 70 -50
2208 -1380 0 -20 65 -45
2208 -1104 0 -20 60 -40
2208 -828 0 -20 55 -35
2208 -552 0 -20 50 -30
2208 -276 0 -20 45 -25
2208 0 0 -20 40 -20
2208 276 0 -20 35 -15
2208 552 0 -20 30 -10
2208 828 0 -20 25 -5
2208 1104 0 -20 20 0
2208 1380 0 -20 15 5
2208 1656 0 -20 10 10
2208 1932 0 -20 5 15
2208 2208 0 -20 0 20
2208 -2208 0 -19 76 -57
2208 -1104 0 -19 57 -38
2208 0 0 -19 38 -19
2208 1104 0 -19 19 0
2208 2208 0 -19 0 19
2208 -2208 0 -18 72 -54
2208 -2024 0 -18 69 -51
2208 -1840 0 -18 66 -48
2208 -1656 0 -18 63 -45
2208 -1472 0 -18 60 -42
2208 -1288 0 -18 57 -39
2208 -1104 0 -18 54 -36
2208 -920 0 -18 51 -33
2208 -736 0 -18 48 -30
2208 -552 0 -18 45 -27
2208 -368 0 -18 42 -24
2208 -184 0 -18 39 -21
2208 0 0 -18 36 -18
2208 184 0 -18 33 -15
2208 368 0 -18 30 -12
2208 552 0 -18 27 -9
2208 736 0 -18 24 -6
2208 920 0 -18 21 -3
2208 1104 0 -18 18 0
2208 1288 0 -18 15 3
2208 1472 0 -18 12 6
2208 1656 0 -18 9 9
2208 1840 0 -18 6 12
2208 2024 0 -18 3 15
2208 2208 0 -18 0 18
2208 -2208 0 -17 68 -51
2208 -1104 0 -17 51 -34
2208 0 0 -17 34 -17
2208 1104 0 -17 17 0
2208 2208 0 -17 0 17
2208 -2208 0 -16 64 -48
2208 -2139 0 -16 63 -47
2208 -2070 0 -16 62 -46
2208 -2001 0 -16 61 -45
2208 -1932 0 -16 60 -44
2208 -1863 0 -16 59 -43
2208 -1794 0 -16 58 -42
2208 -1725 0 -16 57 -41
2208 -1656 0 -16 56 -40
2208 -1587 0 -16 55 -39
2208 -1518 0 -16 54 -38
2208 -1449 0 -16 53 -37
2208 -1380 0 -16 52 -36
2208 -1311 0 -16 51 -35
2208 -1242 0 -16 50 -34
2208 -1173 0 -16 49 -33
2208 -1104 0 -16 48 -32
2208 -1035 0 -16 47 -31
2208 -966 0 -16 46 -30
2208 -897 0 -16 45 -29
2208 -828 0 -16 44 -28
2208 -759 0 -16 43 -27
2208 -690 0 -16 42 -26
2208 -621 0 -16 41 -25
2208 -552 0 -16 40 -24
2208 -483 0 -16 39 -23
2208 -414 0 -16 38 -22
2208 -345 0 -16 37 -21
2208 -276 0 -16 36 -20
2208 -207 0 -16 35 -19
2208 -138 0 -16 34 -18
2208 -69 0 -16 33 -17
2208 0 0 -16 32 -16
2208 69 0 -16 31 -15
2208 138 0 -16 30 -14
2208 207 0 -16 29 -13
2208 276 0 -16 28 -12
2208 345 0 -16 27 -11
2208 414 0 -16 26 -10
2208 483 0 -16 25 -9
2208 552 0 -16 24 -8
2208 621 0 -16 23 -7
2208 690 0 -16 22 -6
2208 759 0 -16 21 -5
2208 828 0 -16 20 -4
2208 897 0 -16 19 -3
2208 966 0 -16 18 -2
2208 1035 0 -16 17 -1
2208 1104 0 -16 16 0
2208 1173 0 -16 15 1
2208 1242 0 -16 14 2
2208 1311 0 -16 13 3
2208 1380 0 -16 12 4
2208 1449 0 -16 11 5
2208 1518 0 -16 10 6
2208 1587 0 -16 9 7
2208 1656 0 -16 8 8
2208 1725 0 -16 7 9
2208 1794 0 -16 6 10
2208 1863 0 -16 5 11
2208 1932 -276 -16 4 20
2208 1932 0 -16 4 12
2208 2001 0 -16 3 13
2208 2070 0 -16 2 14
2208 2139 0 -16 1 15
2208 2208 0 -16 0 16
2208 -2208 0 -15 60 -45
2208 -1840 0 -15 55 -40
2208 -1472 0 -15 50 -35
2208 -1104 0 -15 45 -30
2208 -736 0 -15 40 -25
2208 -368 0 -15 35 -20
2208 0 0 -15 30 -15
2208 368 0 -15 25 -10
2208 736 0 -15 20 -5
2208 1104 0 -15 15 0
2208 1472 0 -15 10 5
2208 1840 0 -15 5 10
2208 2208 0 -15 0 15
2208 -2208 0 -14 56 -42
2208 -1656 0 -14 49 -35
2208 -1104 0 -14 42 -28
2208 -552 0 -14 35 -21
2208 0 0 -14 28 -14
2208 552 0 -14 21 -7
2208 1104 0 -14 14 0
2208 1656 0 -14 7 7
2208 2208 0 -14 0 14
2208 -2208 0 -13 52 -39
2208 -1104 0 -13 39 -26
2208 0 0 -13 26 -13
2208 1104 0 -13 13 0
2208 2208 0 -13 0 13
2208 -2208 0 -12 48 -36
2208 -2116 0 -12 47 -35
2208 -2024 0 -12 46 -34
2208 -1932 0 -12 45 -33
2208 -1840 0 -12 44 -32
2208 -1748 0 -12 43 -31
2208 -1656 0 -12 42 -30
2208 -1564 0 -12 41 -29
2208 -1472 0 -12 40 -28
2208 -1380 0 -12 39 -27
2208 -1288 0 -12 38 -26
2208 -1196 0 -12 37 -25
2208 -1104 0 -12 36 -24
2208 -1012 0 -12 35 -23
2208 -920 0 -12 34 -22
2208 -828 0 -12 33 -21
2208 -736 0 -12 32 -20
2208 -644 0 -12 31 -19
2208 -552 0 -12 30 -18
2208 -460 0 -12 29 -17
2208 -368 0 -12 28 -16
2208 -276 0 -12 27 -15
2208 -184 0 -12 26 -14
2208 -92 0 -12 25 -13
2208 0 0 -12 24 -12
2208 92 0 -12 23 -11
2208 184 0 -12 22 -10
2208 276 0 -12 21 -9
2208 368 0 -12 20 -8
2208 460 0 -12 19 -7
2208 552 0 -12 18 -6
2208 644 0 -12 17 -5
2208 736 0 -12 16 -4
2208 828 0 -12 15 -3
2208 920 0 -12 14 -2
2208 1012 0 -12 13 -1
2208 1104 0 -12 12 0
2208 1196 0 -12 11 1
2208 1288 0 -12 10 2
2208 1380 0 -12 9 3
2208 1472 0 -12 8 4
2208 1564 0 -12 7 5
2208 1656 0 -12 6 6
2208 1748 0 -12 5 7
2208 1840 0 -12 4 8
2208 1932 0 -12 3 9
2208 2024 0 -12 2 10
2208 2116 0 -12 1 11
2208 2208 0 -12 0 12
2208 -2208 0 -11 44 -33
2208 -1104 0 -11 33 -22
2208 0 0 -11 22 -11
2208 1104 0 -11 11 0
2208 2208 0 -11 0 11
2208 -2208 0 -10 40 -30
2208 -1656 0 -10 35 -25
2208 -1104 0 -10 30 -20
2208 -552 0 -10 25 -15
2208 0 0 -10 20 -10
2208 552 0 -10 15 -5
2208 1104 0 -10 10 0
2208 1656 0 -10 5 5
2208 2208 0 -10 0 10
2208 -2208 0 -9 36 -27
2208 -1840 0 -9 33 -24
2208 -1472 0 -9 30 -21
2208 -1104 0 -9 27 -18
2208 -736 0 -9 24 -15
2208 -368 0 -9 21 -12
2208 0 0 -9 18 -9
2208 368 0 -9 15 -6
2208 736 0 -9 12 -3
2208 1104 0 -9 9 0
2208 1472 0 -9 6 3
2208 1840 0 -9 3 6
2208 2208 0 -9 0 9
2208 -2208 0 -8 32 -24
2208 -2070 0 -8 31 -23
2208 -1932 0 -8 30 -22
2208 -1794 0 -8 29 -21
2208 -1656 0 -8 28 -20
2208 -1518 0 -8 27 -19
2208 -1380 0 -8 26 -18
2208 -1242 0 -8 25 -17
2208 -1104 0 -8 24 -16
2208 -966 0 -8 23 -15
2208 -828 0 -8 22 -14
2208 -690 0 -8 21 -13
2208 -552 0 -8 20 -12
2208 -414 0 -8 19 -11
2208 -276 0 -8 18 -10
2208 -138 0 -8 17 -9
2208 0 0 -8 16 -8
2208 138 0 -8 15 -7
2208 276 0 -8 14 -6
2208 414 0 -8 13 -5
2208 552 0 -8 12 -4
2208 690 0 -8 11 -3
2208 828 0 -8 10 -2
2208 966 0 -8 9 -1
2208 1104 0 -8 8 0
2208 1242 0 -8 7 1
2208 1380 0 -8 6 2
2208 1518 0 -8 5 3
2208 1656 0 -8 4 4
2208 1794 0 -8 3 5
2208 1932 0 -8 2 6
2208 2070 0 -8 1 7
2208 2208 0 -8 0 8
2208 -2208 0 -7 28 -21
2208 -1104 0 -7 21 -14
2208 0 0 -7 14 -7
2208 1104 0 -7 7 0
2208 2208 0 -7 0 7
2208 -2208 0 -6 24 -18
2208 -2024 0 -6 23 -17
2208 -1840 0 -6 22 -16
2208 -1656 0 -6 21 -15
2208 -1472 0 -6 20 -14
2208 -1288 0 -6 19 -13
2208 -1104 0 -6 18 -12
2208 -920 0 -6 17 -11
2208 -736 0 -6 16 -10
2208 -552 0 -6 15 -9
2208 -368 0 -6 14 -8
2208 -184 0 -6 13 -7
2208 0 0 -6 12 -6
2208 184 0 -6 11 -5
2208 368 0 -6 10 -4
2208 552 0 -6 9 -3
2208 736 0 -6 8 -2
2208 920 0 -6 7 -1
2208 1104 0 -6 6 0
2208 1288 0 -6 5 1
2208 1472 0 -6 4 2
2208 1656 0 -6 3 3
2208 1840 0 -6 2 4
2208 2024 0 -6 1 5
2208 2208 0 -6 0 6
2208 -2208 0 -5 20 -15
2208 -1104 0 -5 15 -10
2208 0 0 -5 10 -5
2208 1104 0 -5 5 0
2208 2208 0 -5 0 5
2208 -2208 0 -4 16 -12
2208 -1932 0 -4 15 -11
2208 -1656 0 -4 14 -10
2208 -1380 0 -4 13 -9
2208 -1104 0 -4 12 -8
2208 -828 0 -4 11 -7
2208 -552 0 -4 10 -6
2208 -276 0 -4 9 -5
2208 0 0 -4 8 -4
2208 276 0 -4 7 -3
2208 552 0 -4 6 -2
2208 828 0 -4 5 -1
2208 1104 0 -4 4 0
2208 1380 0 -4 3 1
2208 1656 0 -4 2 2
2208 1932 0 -4 1 3
2208 2208 0 -4 0 4
2208 -2208 0 -3 12 -9
2208 -1840 0 -3 11 -8
2208 -1472 0 -3 10 -7
2208 -1104 0 -3 9 -6
2208 -736 0 -3 8 -5
2208 -368 0 -3 7 -4
2208 0 0 -3 6 -3
2208 368 0 -3 5 -2
2208 736 0 -3 4 -1
2208 1104 0 -3 3 0
2208 1472 0 -3 2 1
2208 1840 0 -3 1 2
2208 2208 0 -3 0 3
2208 -2208 0 -2 8 -6
2208 -1656 0 -2 7 -5
2208 -1104 0 -2 6 -4
2208 -552 0 -2 5 -3
2208 0 0 -2 4 -2
2208 552 0 -2 3 -1
2208 1104 0 -2 2 0
2208 1656 0 -2 1 1
2208 2208 0 -2 0 2
2208 -2208 0 -1 4 -3
2208 -1104 0 -1 3 -2
2208 0 0 -1 2 -1
2208 1104 0 -1 1 0
2208 2208 0 -1 0 1
2208 -2208 -1 1 -4 4
2208 -2208 0 1 -4 3
2208 -2208 1 1 -4 4
2208 -1104 0 1 -3 2
2208 0 0 1 -2 1
2208 1104 0 1 -1 0
2208 2208 0 1 0 -1
2208 -2208 0 2 -8 6
2208 -1656 0 2 -7 5
2208 -1104 0 2 -6 4
2208 -552 0 2 -5 3
2208 0 0 2 -4 2
2208 552 0 2 -3 1
2208 1104 0 2 -2 0
2208 1656 0 2 -1 -1
2208 2208 0 2 0 -2
2208 -2208 0 3 -12 9
2208 -1840 0 3 -11 8
2208 -1472 0 3 -10 7
2208 -1104 0 3 -9 6
2208 -736 0 3 -8 5
2208 -368 0 3 -7 4
2208 0 0 3 -6 3
2208 368 0 3 -5 2
2208 736 0 3 -4 1
2208 1104 0 3 -3 0
2208 1472 0 3 -2 -1
2208 1840 0 3 -1 -2
2208 2208 0 3 0 -3
2208 -2208 -2 4 -16 16
2208 -2208 0 4 -16 12
2208 -2208 2 4 -16 16
2208 -1932 0 4 -15 11
2208 -1656 0 4 -14 10
2208 -1380 0 4 -13 9
2208 -1104 0 4 -12 8
2208 -828 0 4 -11 7
2208 -552 0 4 -10 6
2208 -276 0 4 -9 5
2208 0 0 4 -8 4
2208 276 0 4 -7 3
2208 552 0 4 -6 2
2208 828 0 4 -5 1
2208 1104 0 4 -4 0
2208 1380 0 4 -3 -1
2208 1656 0 4 -2 -2
2208 1932 0 4 -1 -3
2208 2208 0 4 0 -4
2208 -2208 0 5 -20 15
2208 -1104 0 5 -15 10
2208 0 0 5 -10 5
2208 1104 0 5 -5 0
2208 2208 0 5 0 -5
2208 -2208 0 6 -24 18
2208 -2024 0 6 -23 17
2208 -1840 0 6 -22 16
2208 -1656 0 6 -21 15
2208 -1472 0 6 -20 14
2208 -1288 0 6 -19 13
2208 -1104 0 6 -18 12
2208 -920 0 6 -17 11
2208 -736 0 6 -16 10
2208 -552 0 6 -15 9
2208 -368 0 6 -14 8
2208 -184 0 6 -13 7
2208 0 0 6 -12 6
2208 184 0 6 -11 5
2208 368 0 6 -10 4
2208 552 0 6 -9 3
2208 736 0 6 -8 2
2208 920 0 6 -7 1
2208 1104 0 6 -6 0
2208 1288 0 6 -5 -1
2208 1472 0 6 -4 -2
2208 1656 0 6 -3 -3
2208 1840 0 6 -2 -4
2208 2024 0 6 -1 -5
2208 2208 0 6 0 -6
2208 -2208 0 7 -28 21
2208 -1104 0 7 -21 14
2208 0 0 7 -14 7
2208 1104 0 7 -7 0
2208 2208 0 7 0 -7
2208 -2208 0 8 -32 24
2208 -2070 0 8 -31 23
2208 -1932 0 8 -30 22
2208 -1794 0 8 -29 21
2208 -1656 0 8 -28 20
2208 -1518 0 8 -27 19
2208 -1380 0 8 -26 18
2208 -1242 0 8 -25 17
2208 -1104 0 8 -24 16
2208 -966 0 8 -23 15
2208 -828 0 8 -22 14
2208 -690 0 8 -21 13
2208 -552 0 8 -20 12
2208 -414 0 8 -19 11
2208 -276 0 8 -18 10
2208 -138 0 8 -17 9
2208 0 0 8 -16 8
2208 138 0 8 -15 7
2208 276 0 8 -14 6
2208 414 0 8 -13 5
2208 552 0 8 -12 4
2208 690 0 8 -11 3
2208 828 0 8 -10 2
2208 966 0 8 -9 1
2208 1104 0 8 -8 0
2208 1242 0 8 -7 -1
2208 1380 0 8 -6 -2
2208 1518 0 8 -5 -3
2208 1656 0 8 -4 -4
2208 1794 0 8 -3 -5
2208 1932 0 8 -2 -6
2208 2070 0 8 -1 -7
2208 2208 0 8 0 -8
2208 -2208 -3 9 -36 36
2208 -2208 0 9 -36 27
2208 -2208 3 9 -36 36
2208 -1840 0 9 -33 24
2208 -1472 0 9 -30 21
2208 -1104 0 9 -27 18
2208 -736 0 9 -24 15
2208 -368 0 9 -21 12
2208 0 0 9 -18 9
2208 368 0 9 -15 6
2208 736 0 9 -12 3
2208 1104 0 9 -9 0
2208 1472 0 9 -6 -3
2208 1840 0 9 -3 -6
2208 2208 0 9 0 -9
2208 -2208 0 10 -40 30
2208 -1656 0 10 -35 25
2208 -1104 0 10 -30 20
2208 -552 0 10 -25 15
2208 0 0 10 -20 10
2208 552 0 10 -15 5
2208 1104 0 10 -10 0
2208 1656 0 10 -5 -5
2208 2208 0 10 0 -10
2208 -2208 0 11 -44 33
2208 -1104 0 11 -33 22
2208 0 0 11 -22 11
2208 1104 0 11 -11 0
2208 2208 0 11 0 -11
2208 -2208 0 12 -48 36
2208 -2116 0 12 -47 35
2208 -2024 0 12 -46 34
2208 -1932 0 12 -45 33
2208 -1840 0 12 -44 32
2208 -1748 0 12 -43 31
2208 -1656 0 12 -42 30
2208 -1564 0 12 -41 29
2208 -1472 0 12 -40 28
2208 -1380 0 12 -39 27
2208 -1288 0 12 -38 26
2208 -1196 0 12 -37 25
2208 -1104 0 12 -36 24
2208 -1012 0 12 -35 23
2208 -920 0 12 -34 22
2208 -828 0 12 -33 21
2208 -736 0 12 -32 20
2208 -644 0 12 -31 19
2208 -552 0 12 -30 18
2208 -460 0 12 -29 17
2208 -368 0 12 -28 16
2208 -276 0 12 -27 15
2208 -184 0 12 -26 14
2208 -92 0 12 -25 13
2208 0 0 12 -24 12
2208 92 0 12 -23 11
2208 184 0 12 -22 10
2208 276 0 12 -21 9
2208 368 0 12 -20 8
2208 460 0 12 -19 7
2208 552 0 12 -18 6
2208 644 0 12 -17 5
2208 736 0 12 -16 4
2208 828 0 12 -15 3
2208 920 0 12 -14 2
2208 1012 0 12 -13 1
2208 1104 0 12 -12 0
2208 1196 0 12 -11 -1
2208 1288 0 12 -10 -2
2208 1380 0 12 -9 -3
2208 1472 0 12 -8 -4
2208 1564 0 12 -7 -5
2208 1656 0 12 -6 -6
2208 1748 0 12 -5 -7
2208 1840 0 12 -4 -8
2208 1932 0 12 -3 -9
2208 2024 0 12 -2 -10
2208 2116 0 12 -1 -11
2208 2208 0 12 0 -12
2208 -2208 0 13 -52 39
2208 -1104 0 13 -39 26
2208 0 0 13 -26 13
2208 1104 0 13 -13 0
2208 2208 0 13 0 -13
2208 -2208 0 14 -56 42
2208 -1656 0 14 -49 35
2208 -1104 0 14 -42 28
2208 -552 0 14 -35 21
2208 0 0 14 -28 14
2208 552 0 14 -21 7
2208 1104 0 14 -14 0
2208 1656 0 14 -7 -7
2208 2208 0 14 0 -14
2208 -2208 0 15 -60 45
2208 -1840 0 15 -55 40
2208 -1472 0 15 -50 35
2208 -1104 0 15 -45 30
2208 -736 0 15 -40 25
2208 -368 0 15 -35 20
2208 0 0 15 -30 15
2208 368 0 15 -25 10
2208 736 0 15 -20 5
2208 1104 0 15 -15 0
2208 1472 0 15 -10 -5
2208 1840 0 15 -5 -10
2208 2208 0 15 0 -15
2208 -2208 -4 16 -64 64
2208 -2208 0 16 -64 48
2208 -2208 4 16 -64 64
2208 -2139 0 16 -63 47
2208 -2070 0 16 -62 46
2208 -2001 0 16 -61 45
2208 -1932 0 16 -60 44
2208 -1863 0 16 -59 43
2208 -1794 0 16 -58 42
2208 -1725 0 16 -57 41
2208 -1656 0 16 -56 40
2208 -1587 0 16 -55 39
2208 -1518 0 16 -54 38
2208 -1449 0 16 -53 37
2208 -1380 0 16 -52 36
2208 -1311 0 16 -51 35
2208 -1242 0 16 -50 34
2208 -1173 0 16 -49 33
2208 -1104 0 16 -48 32
2208 -1035 0 16 -47 31
2208 -966 0 16 -46 30
2208 -897 0 16 -45 29
2208 -828 0 16 -44 28
2208 -759 0 16 -43 27
2208 -690 0 16 -42 26
2208 -621 0 16 -41 25
2208 -552 0 16 -40 24
2208 -483 0 16 -39 23
2208 -414 0 16 -38 22
2208 -345 0 16 -37 21
2208 -276 0 16 -36 20
2208 -207 0 16 -35 19
2208 -138 0 16 -34 18
2208 -69 0 16 -33 17
2208 0 0 16 -32 16
2208 69 0 16 -31 15
2208 138 0 16 -30 14
2208 207 0 16 -29 13
2208 276 0 16 -28 12
2208 345 0 16 -27 11
2208 414 0 16 -26 10
2208 483 0 16 -25 9
2208 552 0 16 -24 8
2208 621 0 16 -23 7
2208 690 0 16 -22 6
2208 759 0 16 -21 5
2208 828 0 16 -20 4
2208 897 0 16 -19 3
2208 966 0 16 -18 2
2208 1035 0 16 -17 1
2208 1104 0 16 -16 0
2208 1173 0 16 -15 -1
2208 1242 0 16 -14 -2
2208 1311 0 16 -13 -3
2208 1380 0 16 -12 -4
2208 1449 0 16 -11 -5
2208 1518 0 16 -10 -6
2208 1587 0 16 -9 -7
2208 1656 0 16 -8 -8
2208 1725 0 16 -7 -9
2208 1794 0 16 -6 -10
2208 1863 0 16 -5 -11
2208 1932 -276 16 -4 -20
2208 1932 0 16 -4 -12
2208 2001 0 16 -3 -13
2208 2070 0 16 -2 -14
2208 2139 0 16 -1 -15
2208 2208 0 16 0 -16
2208 -2208 0 17 -68 51
2208 -1104 0 17 -51 34
2208 0 0 17 -34 17
2208 1104 0 17 -17 0
2208 2208 0 17 0 -17
2208 -2208 0 18 -72 54
2208 -2024 0 18 -69 51
2208 -1840 0 18 -66 48
2208 -1656 0 18 -63 45
2208 -1472 0 18 -60 42
2208 -1288 0 18 -57 39
2208 -1104 0 18 -54 36
2208 -920 0 18 -51 33
2208 -736 0 18 -48 30
2208 -552 0 18 -45 27
2208 -368 0 18 -42 24
2208 -184 0 18 -39 21
2208 0 0 18 -36 18
2208 184 0 18 -33 15
2208 368 0 18 -30 12
2208 552 0 18 -27 9
2208 736 0 18 -24 6
2208 920 0 18 -21 3
2208 1104 0 18 -18 0
2208 1288 0 18 -15 -3
2208 1472 0 18 -12 -6
2208 1656 0 18 -9 -9
2208 1840 0 18 -6 -12
2208 2024 0 18 -3 -15
2208 2208 0 18 0 -18
2208 -2208 0 19 -76 57
2208 -1104 0 19 -57 38
2208 0 0 19 -38 19
2208 1104 0 19 -19 0
2208 2208 0 19 0 -19
2208 -2208 0 20 -80 60
2208 -1932 0 20 -75 55
2208 -1656 0 20 -70 50
2208 -1380 0 20 -65 45
2208 -1104 0 20 -60 40
2208 -828 0 20 -55 35
2208 -552 0 20 -50 30
2208 -276 0 20 -45 25
2208 0 0 20 -40 20
2208 276 0 20 -35 15
2208 552 0 20 -30 10
2208 828 0 20 -25 5
2208 1104 0 20 -20 0
2208 1380 0 20 -15 -5
2208 1656 0 20 -10 -10
2208 1932 0 20 -5 -15
2208 2208 0 20 0 -20
2208 -2208 0 21 -84 63
2208 -1840 0 21 -77 56
2208 -1472 0 21 -70 49
2208 -1104 0 21 -63 42
2208 -736 0 21 -56 35
2208 -368 0 21 -49 28
2208 0 0 21 -42 21
2208 368 0 21 -35 14
2208 736 0 21 -28 7
2208 1104 0 21 -21 0
2208 1472 0 21 -14 -7
2208 1840 0 21 -7 -14
2208 2208 0 21 0 -21
2208 -2208 0 22 -88 66
2208 -1656 0 22 -77 55
2208 -1104 0 22 -66 44
2208 -552 0 22 -55 33
2208 0 0 22 -44 22
2208 552 0 22 -33 11
2208 1104 0 22 -22 0
2208 1656 0 22 -11 -11
2208 2208 0 22 0 -22
2208 -2208 0 23 -92 69
2208 -2160 0 23 -91 68
2208 -2112 0 23 -90 67
2208 -2064 0 23 -89 66
2208 -2016 0 23 -88 65
2208 -1968 0 23 -87 64
2208 -1920 0 23 -86 63
2208 -1872 0 23 -85 62
2208 -1824 0 23 -84 61
2208 -1776 0 23 -83 60
2208 -1728 0 23 -82 59
2208 -1680 0 23 -81 58
2208 -1632 0 23 -80 57
2208 -1584 0 23 -79 56
2208 -1536 0 23 -78 55
2208 -1488 0 23 -77 54
2208 -1440 0 23 -76 53
2208 -1392 0 23 -75 52
2208 -1344 0 23 -74 51
2208 -1296 0 23 -73 50
2208 -1248 0 23 -72 49
2208 -1200 0 23 -71 48
2208 -1152 0 23 -70 47
2208 -1104 0 23 -69 46
2208 -1056 0 23 -68 45
2208 -1008 0 23 -67 44
2208 -960 0 23 -66 43
2208 -912 0 23 -65 42
2208 -864 0 23 -64 41
2208 -816 0 23 -63 40
2208 -768 0 23 -62 39
2208 -720 0 23 -61 38
2208 -672 0 23 -60 37
2208 -624 0 23 -59 36
2208 -576 0 23 -58 35
2208 -528 0 23 -57 34
2208 -480 0 23 -56 33
2208 -432 0 23 -55 32
2208 -384 0 23 -54 31
2208 -336 0 23 -53 30
2208 -288 0 23 -52 29
2208 -240 0 23 -51 28
2208 -192 0 23 -50 27
2208 -144 0 23 -49 26
2208 -96 0 23 -48 25
2208 -48 0 23 -47 24
2208 0 0 23 -46 23
2208 48 0 23 -45 22
2208 96 0 23 -44 21
2208 144 0 23 -43 20
2208 192 0 23 -42 19
2208 240 0 23 -41 18
2208 288 0 23 -40 17
2208 336 0 23 -39 16
2208 384 0 23 -38 15
2208 432 0 23 -37 14
2208 480 0 23 -36 13
2208 528 0 23 -35 12
2208 576 0 23 -34 11
2208 624 0 23 -33 10
2208 672 0 23 -32 9
2208 720 0 23 -31 8
2208 768 0 23 -30 7
2208 816 0 23 -29 6
2208 864 0 23 -28 5
2208 912 0 23 -27 4
2208 960 0 23 -26 3
2208 1008 0 23 -25 2
2208 1056 0 23 -24 1
2208 1104 0 23 -23 0
2208 1152 0 23 -22 -1
2208 1200 0 23 -21 -2
2208 1248 0 23 -20 -3
2208 1296 0 23 -19 -4
2208 1344 0 23 -18 -5
2208 1392 0 23 -17 -6
2208 1440 0 23 -16 -7
2208 1488 0 23 -15 -8
2208 1536 0 23 -14 -9
2208 1584 0 23 -13 -10
2208 1632 0 23 -12 -11
2208 1680 0 23 -11 -12
2208 1728 0 23 -10 -13
2208 1776 0 23 -9 -14
2208 1824 0 23 -8 -15
2208 1872 0 23 -7 -16
2208 1920 0 23 -6 -17
2208 1968 0 23 -5 -18
2208 2016 0 23 -4 -19
2208 2064 0 23 -3 -20
2208 2112 0 23 -2 -21
2208 2160 0 23 -1 -22
2208 2208 0 23 0 -23
2208 -2208 0 24 -96 72
2208 -2162 0 24 -95 71
2208 -2116 0 24 -94 70
2208 -2070 0 24 -93 69
2208 -2024 0 24 -92 68
2208 -1978 0 24 -91 67
2208 -1932 0 24 -90 66
2208 -1886 0 24 -89 65
2208 -1840 0 24 -88 64
2208 -1794 0 24 -87 63
2208 -1748 0 24 -86 62
2208 -1702 0 24 -85 61
2208 -1656 0 24 -84 60
2208 -1610 0 24 -83 59
2208 -1564 0 24 -82 58
2208 -1518 0 24 -81 57
2208 -1472 0 24 -80 56
2208 -1426 0 24 -79 55
2208 -1380 0 24 -78 54
2208 -1334 0 24 -77 53
2208 -1288 0 24 -76 52
2208 -1242 0 24 -75 51
2208 -1196 0 24 -74 50
2208 -1150 0 24 -73 49
2208 -1104 0 24 -72 48
2208 -1058 0 24 -71 47
2208 -1012 0 24 -70 46
2208 -966 0 24 -69 45
2208 -920 0 24 -68 44
2208 -874 0 24 -67 43
2208 -828 0 24 -66 42
2208 -782 0 24 -65 41
2208 -736 0 24 -64 40
2208 -690 0 24 -63 39
2208 -644 0 24 -62 38
2208 -598 0 24 -61 37
2208 -552 0 24 -60 36
2208 -506 0 24 -59 35
2208 -460 0 24 -58 34
2208 -414 0 24 -57 33
2208 -368 0 24 -56 32
2208 -322 0 24 -55 31
2208 -276 0 24 -54 30
2208 -230 0 24 -53 29
2208 -184 0 24 -52 28
2208 -138 0 24 -51 27
2208 -92 0 24 -50 26
2208 -46 0 24 -49 25
2208 0 0 24 -48 24
2208 46 0 24 -47 23
2208 92 0 24 -46 22
2208 138 0 24 -45 21
2208 184 0 24 -44 20
2208 230 0 24 -43 19
2208 276 0 24 -42 18
2208 322 0 24 -41 17
2208 368 0 24 -40 16
2208 414 0 24 -39 15
2208 460 0 24 -38 14
2208 506 0 24 -37 13
2208 552 0 24 -36 12
2208 598 0 24 -35 11
2208 644 0 24 -34 10
2208 690 0 24 -33 9
2208 736 0 24 -32 8
2208 782 0 24 -31 7
2208 828 0 24 -30 6
2208 874 0 24 -29 5
2208 920 0 24 -28 4
2208 966 0 24 -27 3
2208 1012 0 24 -26 2
2208 1058 0 24 -25 1
2208 1104 0 24 -24 0
2208 1150 0 24 -23 -1
2208 1196 0 24 -22 -2
2208 1242 0 24 -21 -3
2208 1288 0 24 -20 -4
2208 1334 0 24 -19 -5
2208 1380 0 24 -18 -6
2208 1426 0 24 -17 -7
2208 1472 0 24 -16 -8
2208 1518 0 24 -15 -9
2208 1564 0 24 -14 -10
2208 1610 0 24 -13 -11
2208 1656 0 24 -12 -12
2208 1702 0 24 -11 -13
2208 1748 0 24 -10 -14
2208 1794 0 24 -9 -15
2208 1840 0 24 -8 -16
2208 1886 0 24 -7 -17
2208 1932 0 24 -6 -18
2208 1978 0 24 -5 -19
2208 2024 0 24 -4 -20
2208 2070 0 24 -3 -21
2208 2116 0 24 -2 -22
2208 2162 0 24 -1 -23
2208 2208 0 24 0 -24
2208 -2208 -5 25 -100 100
2208 -2208 0 25 -100 75
2208 -2208 5 25 -100 100
2208 -1104 0 25 -75 50
2208 0 0 25 -50 25
2208 1104 0 25 -25 0
2208 2208 0 25 0 -25
2208 -2208 0 26 -104 78
2208 -1656 0 26 -91 65
2208 -1104 0 26 -78 52
2208 -552 0 26 -65 39
2208 0 0 26 -52 26
2208 552 0 26 -39 13
2208 1104 0 26 -26 0
2208 1656 0 26 -13 -13
2208 2208 0 26 0 -26
2208 -2208 0 27 -108 81
2208 -1840 0 27 -99 72
2208 -1472 0 27 -90 63
2208 -1104 0 27 -81 54
2208 -736 0 27 -72 45
2208 -368 0 27 -63 36
2208 0 0 27 -54 27
2208 368 0 27 -45 18
2208 736 0 27 -36 9
2208 1104 0 27 -27 0
2208 1472 0 27 -18 -9
2208 1840 0 27 -9 -18
2208 2208 0 27 0 -27
2208 -2208 0 28 -112 84
2208 -1932 0 28 -105 77
2208 -1656 0 28 -98 70
2208 -1380 0 28 -91 63
2208 -1104 0 28 -84 56
2208 -828 0 28 -77 49
2208 -552 0 28 -70 42
2208 -276 0 28 -63 35
2208 0 0 28 -56 28
2208 276 0 28 -49 21
2208 552 0 28 -42 14
2208 828 0 28 -35 7
2208 1104 0 28 -28 0
2208 1380 0 28 -21 -7
2208 1656 0 28 -14 -14
2208 1932 0 28 -7 -21
2208 2208 0 28 0 -28
2208 -2208 0 29 -116 87
2208 -1104 0 29 -87 58
2208 0 0 29 -58 29
2208 1104 0 29 -29 0
2208 2208 0 29 0 -29
2208 -2208 0 30 -120 90
2208 -2024 0 30 -115 85
2208 -1840 0 30 -110 80
2208 -1656 0 30 -105 75
2208 -1472 0 30 -100 70
2208 -1288 0 30 -95 65
2208 -1104 0 30 -90 60
2208 -920 0 30 -85 55
2208 -736 0 30 -80 50
2208 -552 0 30 -75 45
2208 -368 0 30 -70 40
2208 -184 0 30 -65 35
2208 0 0 30 -60 30
2208 184 0 30 -55 25
2208 368 0 30 -50 20
2208 552 0 30 -45 15
2208 736 0 30 -40 10
2208 920 0 30 -35 5
2208 1104 0 30 -30 0
2208 1288 0 30 -25 -5
2208 1472 0 30 -20 -10
2208 1656 0 30 -15 -15
2208 1840 0 30 -10 -20
2208 2024 0 30 -5 -25
2208 2208 0 30 0 -30
2208 -2208 0 31 -124 93
2208 -1104 0 31 -93 62
2208 0 0 31 -62 31
2208 1104 0 31 -31 0
2208 2208 0 31 0 -31
2208 -2208 0 32 -128 96
2208 -2139 0 32 -126 94
2208 -2070 0 32 -124 92
2208 -2001 0 32 -122 90
2208 -1932 0 32 -120 88
2208 -1863 0 32 -118 86
2208 -1794 0 32 -116 84
2208 -1725 0 32 -114 82
2208 -1656 0 32 -112 80
2208 -1587 0 32 -110 78
2208 -1518 0 32 -108 76
2208 -1449 0 32 -106 74
2208 -1380 0 32 -104 72
2208 -1311 0 32 -102 70
2208 -1242 0 32 -100 68
2208 -1173 0 32 -98 66
2208 -1104 0 32 -96 64
2208 -1035 0 32 -94 62
2208 -966 0 32 -92 60
2208 -897 0 32 -90 58
2208 -828 0 32 -88 56
2208 -759 0 32 -86 54
2208 -690 0 32 -84 52
2208 -621 0 32 -82 50
2208 -552 0 32 -80 48
2208 -483 0 32 -78 46
2208 -414 0 32 -76 44
2208 -345 0 32 -74 42
2208 -276 0 32 -72 40
2208 -207 0 32 -70 38
2208 -138 0 32 -68 36
2208 -69 0 32 -66 34
2208 0 0 32 -64 32
2208 69 0 32 -62 30
2208 138 0 32 -60 28
2208 207 0 32 -58 26
2208 276 0 32 -56 24
2208 345 0 32 -54 22
2208 414 0 32 -52 20
2208 483 0 32 -50 18
2208 552 0 32 -48 16
2208 621 0 32 -46 14
2208 690 0 32 -44 12
2208 759 0 32 -42 10
2208 828 0 32 -40 8
2208 897 0 32 -38 6
2208 966 0 32 -36 4
2208 1035 0 32 -34 2
2208 1104 0 32 -32 0
2208 1173 0 32 -30 -2
2208 1242 0 32 -28 -4
2208 1311 0 32 -26 -6
2208 1380 0 32 -24 -8
2208 1449 0 32 -22 -10
2208 1518 0 32 -20 -12
2208 1587 0 32 -18 -14
2208 1656 0 32 -16 -16
2208 1725 0 32 -14 -18
2208 1794 0 32 -12 -20
2208 1863 0 32 -10 -22
2208 1932 -276 32 -8 -40
2208 1932 0 32 -8 -24
2208 2001 0 32 -6 -26
2208 2070 -138 32 -4 -36
2208 2070 0 32 -4 -28
2208 2139 0 32 -2 -30
2208 2208 0 32 0 -32
2208 -2208 0 33 -132 99
2208 -1840 0 33 -121 88
2208 -1472 0 33 -110 77
2208 -1104 0 33 -99 66
2208 -736 0 33 -88 55
2208 -368 0 33 -77 44
2208 0 0 33 -66 33
2208 368 0 33 -55 22
2208 736 0 33 -44 11
2208 1104 0 33 -33 0
2208 1472 0 33 -22 -11
2208 1840 0 33 -11 -22
2208 2208 0 33 0 -33
2208 -2208 0 34 -136 102
2208 -1656 0 34 -119 85
2208 -1104 0 34 -102 68
2208 -552 0 34 -85 51
2208 0 0 34 -68 34
2208 552 0 34 -51 17
2208 1104 0 34 -34 0
2208 1656 0 34 -17 -17
2208 2208 0 34 0 -34
2208 -2208 0 35 -140 105
2208 -1104 0 35 -105 70
2208 0 0 35 -70 35
2208 1104 0 35 -35 0
2208 2208 0 35 0 -35
2208 -2208 -6 36 -144 144
2208 -2208 0 36 -144 108
2208 -2208 6 36 -144 144
2208 -2116 0 36 -141 105
2208 -2024 0 36 -138 102
2208 -1932 0 36 -135 99
2208 -1840 0 36 -132 96
2208 -1748 0 36 -129 93
2208 -1656 0 36 -126 90
2208 -1564 0 36 -123 87
2208 -1472 0 36 -120 84
2208 -1380 0 36 -117 81
2208 -1288 0 36 -114 78
2208 -1196 0 36 -111 75
2208 -1104 0 36 -108 72
2208 -1012 0 36 -105 69
2208 -920 0 36 -102 66
2208 -828 0 36 -99 63
2208 -736 0 36 -96 60
2208 -644 0 36 -93 57
2208 -552 0 36 -90 54
2208 -460 0 36 -87 51
2208 -368 0 36 -84 48
2208 -276 0 36 -81 45
2208 -184 0 36 -78 42
2208 -92 0 36 -75 39
2208 0 0 36 -72 36
2208 92 0 36 -69 33
2208 184 0 36 -66 30
2208 276 0 36 -63 27
2208 368 0 36 -60 24
2208 460 0 36 -57 21
2208 552 0 36 -54 18
2208 644 0 36 -51 15
2208 736 0 36 -48 12
2208 828 0 36 -45 9
2208 920 0 36 -42 6
2208 1012 0 36 -39 3
2208 1104 0 36 -36 0
2208 1196 0 36 -33 -3
2208 1288 0 36 -30 -6
2208 1380 0 36 -27 -9
2208 1472 0 36 -24 -12
2208 1564 0 36 -21 -15
2208 1656 0 36 -18 -18
2208 1748 0 36 -15 -21
2208 1840 0 36 -12 -24
2208 1932 0 36 -9 -27
2208 2024 0 36 -6 -30
2208 2116 0 36 -3 -33
2208 2208 0 36 0 -36
2208 -2208 0 37 -148 111
2208 -1104 0 37 -111 74
2208 0 0 37 -74 37
2208 1104 0 37 -37 0
2208 2208 0 37 0 -37
2208 -2208 0 38 -152 114
2208 -1656 0 38 -133 95
2208 -1104 0 38 -114 76
2208 -552 0 38 -95 57
2208 0 0 38 -76 38
2208 552 0 38 -57 19
2208 1104 0 38 -38 0
2208 1656 0 38 -19 -19
2208 2208 0 38 0 -38
2208 -2208 0 39 -156 117
2208 -1840 0 39 -143 104
2208 -1472 0 39 -130 91
2208 -1104 0 39 -117 78
2208 -736 0 39 -104 65
2208 -368 0 39 -91 52
2208 0 0 39 -78 39
2208 368 0 39 -65 26
2208 736 0 39 -52 13
2208 1104 0 39 -39 0
2208 1472 0 39 -26 -13
2208 1840 0 39 -13 -26
2208 2208 0 39 0 -39
2208 -2208 0 40 -160 120
2208 -2070 0 40 -155 115
2208 -1932 0 40 -150 110
2208 -1794 0 40 -145 105
2208 -1656 0 40 -140 100
2208 -1518 0 40 -135 95
2208 -1380 0 40 -130 90
2208 -1242 0 40 -125 85
2208 -1104 0 40 -120 80
2208 -966 0 40 -115 75
2208 -828 0 40 -110 70
2208 -690 0 40 -105 65
2208 -552 0 40 -100 60
2208 -414 0 40 -95 55
2208 -276 0 40 -90 50
2208 -138 0 40 -85 45
2208 0 0 40 -80 40
2208 138 0 40 -75 35
2208 276 0 40 -70 30
2208 414 0 40 -65 25
2208 552 0 40 -60 20
2208 690 0 40 -55 15
2208 828 0 40 -50 10
2208 966 0 40 -45 5
2208 1104 0 40 -40 0
2208 1242 0 40 -35 -5
2208 1380 0 40 -30 -10
2208 1518 0 40 -25 -15
2208 1656 0 40 -20 -20
2208 1794 0 40 -15 -25
2208 1932 0 40 -10 -30
2208 2070 0 40 -5 -35
2208 2208 0 40 0 -40
2208 -2208 0 41 -164 123
2208 -1104 0 41 -123 82
2208 0 0 41 -82 41
2208 1104 0 41 -41 0
2208 2208 0 41 0 -41
2208 -2208 0 42 -168 126
2208 -2024 0 42 -161 119
2208 -1840 0 42 -154 112
2208 -1656 0 42 -147 105
2208 -1472 0 42 -140 98
2208 -1288 0 42 -133 91
2208 -1104 0 42 -126 84
2208 -920 0 42 -119 77
2208 -736 0 42 -112 70
2208 -552 0 42 -105 63
2208 -368 0 42 -98 56
2208 -184 0 42 -91 49
2208 0 0 42 -84 42
2208 184 0 42 -77 35
2208 368 0 42 -70 28
2208 552 0 42 -63 21
2208 736 0 42 -56 14
2208 920 0 42 -49 7
2208 1104 0 42 -42 0
2208 1288 0 42 -35 -7
2208 1472 0 42 -28 -14
2208 1656 0 42 -21 -21
2208 1840 0 42 -14 -28
2208 2024 0 42 -7 -35
2208 2208 0 42 0 -42
2208 -2208 0 43 -172 129
2208 -1104 0 43 -129 86
2208 0 0 43 -86 43
2208 1104 0 43 -43 0
2208 2208 0 43 0 -43
2208 -2208 0 44 -176 132
2208 -1932 0 44 -165 121
2208 -1656 0 44 -154 110
2208 -1380 0 44 -143 99
2208 -1104 0 44 -132 88
2208 -828 0 44 -121 77
2208 -552 0 44 -110 66
2208 -276 0 44 -99 55
2208 0 0 44 -88 44
2208 276 0 44 -77 33
2208 552 0 44 -66 22
2208 828 0 44 -55 11
2208 1104 0 44 -44 0
2208 1380 0 44 -33 -11
2208 1656 0 44 -22 -22
2208 1932 0 44 -11 -33
2208 2208 0 44 0 -44
2208 -2208 0 45 -180 135
2208 -1840 0 45 -165 120
2208 -1472 0 45 -150 105
2208 -1104 0 45 -135 90
2208 -736 0 45 -120 75
2208 -368 0 45 -105 60
2208 0 0 45 -90 45
2208 368 0 45 -75 30
2208 736 0 45 -60 15
2208 1104 0 45 -45 0
2208 1472 0 45 -30 -15
2208 1840 0 45 -15 -30
2208 2208 0 45 0 -45
2208 -2208 0 46 -184 138
2208 -2184 0 46 -183 137
2208 -2160 0 46 -182 136
2208 -2136 0 46 -181 135
2208 -2112 0 46 -180 134
2208 -2088 0 46 -179 133
2208 -2064 0 46 -178 132
2208 -2040 0 46 -177 131
2208 -2016 0 46 -176 130
2208 -1992 0 46 -175 129
2208 -1968 0 46 -174 128
2208 -1944 0 46 -173 127
2208 -1920 0 46 -172 126
2208 -1896 0 46 -171 125
2208 -1872 0 46 -170 124
2208 -1848 0 46 -169 123
2208 -1824 0 46 -168 122
2208 -1800 0 46 -167 121
2208 -1776 0 46 -166 120
2208 -1752 0 46 -165 119
2208 -1728 0 46 -164 118
2208 -1704 0 46 -163 117
2208 -1680 0 46 -162 116
2208 -1656 0 46 -161 115
2208 -1632 0 46 -160 114
2208 -1608 0 46 -159 113
2208 -1584 0 46 -158 112
2208 -1560 0 46 -157 111
2208 -1536 0 46 -156 110
2208 -1512 0 46 -155 109
2208 -1488 0 46 -154 108
2208 -1464 0 46 -153 107
2208 -1440 0 46 -152 106
2208 -1416 0 46 -151 105
2208 -1392 0 46 -150 104
2208 -1368 0 46 -149 103
2208 -1344 0 46 -148 102
2208 -1320 0 46 -147 101
2208 -1296 0 46 -146 100
2208 -1272 0 46 -145 99
2208 -1248 0 46 -144 98
2208 -1224 0 46 -143 97
2208 -1200 0 46 -142 96
2208 -1176 0 46 -141 95
2208 -1152 0 46 -140 94
2208 -1128 0 46 -139 93
2208 -1104 0 46 -138 92
2208 -1080 0 46 -137 91
2208 -1056 0 46 -136 90
2208 -1032 0 46 -135 89
2208 -1008 0 46 -134 88
2208 -984 0 46 -133 87
2208 -960 0 46 -132 86
2208 -936 0 46 -131 85
2208 -912 0 46 -130 84
2208 -888 0 46 -129 83
2208 -864 0 46 -128 82
2208 -840 0 46 -127 81
2208 -816 0 46 -126 80
2208 -792 0 46 -125 79
2208 -768 0 46 -124 78
2208 -744 0 46 -123 77
2208 -720 0 46 -122 76
2208 -696 0 46 -121 75
2208 -672 0 46 -120 74
2208 -648 0 46 -119 73
2208 -624 0 46 -118 72
2208 -600 0 46 -117 71
2208 -576 0 46 -116 70
2208 -552 0 46 -115 69
2208 -528 0 46 -114 68
2208 -504 0 46 -113 67
2208 -480 0 46 -112 66
2208 -456 0 46 -111 65
2208 -432 0 46 -110 64
2208 -408 0 46 -109 63
2208 -384 0 46 -108 62
2208 -360 0 46 -107 61
2208 -336 0 46 -106 60
2208 -312 0 46 -105 59
2208 -288 0 46 -104 58
2208 -264 0 46 -103 57
2208 -240 0 46 -102 56
2208 -216 0 46 -101 55
2208 -192 0 46 -100 54
2208 -168 0 46 -99 53
2208 -144 0 46 -98 52
2208 -120 0 46 -97 51
2208 -96 0 46 -96 50
2208 -72 0 46 -95 49
2208 -48 0 46 -94 48
2208 -24 0 46 -93 47
2208 0 0 46 -92 46
2208 24 0 46 -91 45
2208 48 0 46 -90 44
2208 72 0 46 -89 43
2208 96 0 46 -88 42
2208 120 0 46 -87 41
2208 144 0 46 -86 40
2208 168 0 46 -85 39
2208 192 0 46 -84 38
2208 216 0 46 -83 37
2208 240 0 46 -82 36
2208 264 0 46 -81 35
2208 288 0 46 -80 34
2208 312 0 46 -79 33
2208 336 0 46 -78 32
2208 360 0 46 -77 31
2208 384 0 46 -76 30
2208 408 0 46 -75 29
2208 432 0 46 -74 28
2208 456 0 46 -73 27
2208 480 0 46 -72 26
2208 504 0 46 -71 25
2208 528 0 46 -70 24
2208 552 0 46 -69 23
2208 576 0 46 -68 22
2208 600 0 46 -67 21
2208 624 0 46 -66 20
2208 648 0 46 -65 19
2208 672 0 46 -64 18
2208 696 0 46 -63 17
2208 720 0 46 -62 16
2208 744 0 46 -61 15
2208 768 0 46 -60 14
2208 792 0 46 -59 13
2208 816 0 46 -58 12
2208 840 0 46 -57 11
2208 864 0 46 -56 10
2208 888 0 46 -55 9
2208 912 0 46 -54 8
2208 936 0 46 -53 7
2208 960 0 46 -52 6
2208 984 0 46 -51 5
2208 1008 0 46 -50 4
2208 1032 0 46 -49 3
2208 1056 0 46 -48 2
2208 1080 0 46 -47 1
2208 1104 0 46 -46 0
2208 1128 0 46 -45 -1
2208 1152 0 46 -44 -2
2208 1176 0 46 -43 -3
2208 1200 0 46 -42 -4
2208 1224 0 46 -41 -5
2208 1248 0 46 -40 -6
2208 1272 0 46 -39 -7
2208 1296 0 46 -38 -8
2208 1320 0 46 -37 -9
2208 1344 0 46 -36 -10
2208 1368 0 46 -35 -11
2208 1392 0 46 -34 -12
2208 1416 0 46 -33 -13
2208 1440 0 46 -32 -14
2208 1464 0 46 -31 -15
2208 1488 0 46 -30 -16
2208 1512 0 46 -29 -17
2208 1536 0 46 -28 -18
2208 1560 0 46 -27 -19
2208 1584 0 46 -26 -20
2208 1608 0 46 -25 -21
2208 1632 0 46 -24 -22
2208 1656 0 46 -23 -23
2208 1680 0 46 -22 -24
2208 1704 0 46 -21 -25
2208 1728 0 46 -20 -26
2208 1752 0 46 -19 -27
2208 1776 0 46 -18 -28
2208 1800 0 46 -17 -29
2208 1824 0 46 -16 -30
2208 1848 0 46 -15 -31
2208 1872 0 46 -14 -32
2208 1896 0 46 -13 -33
2208 1920 0 46 -12 -34
2208 1944 0 46 -11 -35
2208 1968 0 46 -10 -36
2208 1992 0 46 -9 -37
2208 2016 0 46 -8 -38
2208 2040 0 46 -7 -39
2208 2064 0 46 -6 -40
2208 2088 0 46 -5 -41
2208 2112 0 46 -4 -42
2208 2136 0 46 -3 -43
2208 2160 0 46 -2 -44
2208 2184 0 46 -1 -45
2208 2208 0 46 0 -46
2208 -2208 0 47 -188 141
2208 -1104 0 47 -141 94
2208 0 0 47 -94 47
2208 1104 0 47 -47 0
2208 2208 0 47 0 -47
2208 -2208 0 48 -192 144
2208 -2185 0 48 -191 143
2208 -2162 0 48 -190 142
2208 -2139 0 48 -189 141
2208 -2116 0 48 -188 140
2208 -2093 0 48 -187 139
2208 -2070 0 48 -186 138
2208 -2047 0 48 -185 137
2208 -2024 0 48 -184 136
2208 -2001 0 48 -183 135
2208 -1978 0 48 -182 134
2208 -1955 0 48 -181 133
2208 -1932 0 48 -180 132
2208 -1909 0 48 -179 131
2208 -1886 0 48 -178 130
2208 -1863 0 48 -177 129
2208 -1840 0 48 -176 128
2208 -1817 0 48 -175 127
2208 -1794 0 48 -174 126
2208 -1771 0 48 -173 125
2208 -1748 0 48 -172 124
2208 -1725 0 48 -171 123
2208 -1702 0 48 -170 122
2208 -1679 0 48 -169 121
2208 -1656 0 48 -168 120
2208 -1633 0 48 -167 119
2208 -1610 0 48 -166 118
2208 -1587 0 48 -165 117
2208 -1564 0 48 -164 116
2208 -1541 0 48 -163 115
2208 -1518 0 48 -162 114
2208 -1495 0 48 -161 113
2208 -1472 0 48 -160 112
2208 -1449 0 48 -159 111
2208 -1426 0 48 -158 110
2208 -1403 0 48 -157 109
2208 -1380 0 48 -156 108
2208 -1357 0 48 -155 107
2208 -1334 0 48 -154 106
2208 -1311 0 48 -153 105
2208 -1288 0 48 -152 104
2208 -1265 0 48 -151 103
2208 -1242 0 48 -150 102
2208 -1219 0 48 -149 101
2208 -1196 0 48 -148 100
2208 -1173 0 48 -147 99
2208 -1150 0 48 -146 98
2208 -1127 0 48 -145 97
2208 -1104 0 48 -144 96
2208 -1081 0 48 -143 95
2208 -1058 0 48 -142 94
2208 -1035 0 48 -141 93
2208 -1012 0 48 -140 92
2208 -989 0 48 -139 91
2208 -966 0 48 -138 90
2208 -943 0 48 -137 89
2208 -920 0 48 -136 88
2208 -897 0 48 -135 87
2208 -874 0 48 -134 86
2208 -851 0 48 -133 85
2208 -828 0 48 -132 84
2208 -805 0 48 -131 83
2208 -782 0 48 -130 82
2208 -759 0 48 -129 81
2208 -736 0 48 -128 80
2208 -713 0 48 -127 79
2208 -690 0 48 -126 78
2208 -667 0 48 -125 77
2208 -644 0 48 -124 76
2208 -621 0 48 -123 75
2208 -598 0 48 -122 74
2208 -575 0 48 -121 73
2208 -552 0 48 -120 72
2208 -529 0 48 -119 71
2208 -506 0 48 -118 70
2208 -483 0 48 -117 69
2208 -460 0 48 -116 68
2208 -437 0 48 -115 67
2208 -414 0 48 -114 66
2208 -391 0 48 -113 65
2208 -368 0 48 -112 64
2208 -345 0 48 -111 63
2208 -322 0 48 -110 62
2208 -299 0 48 -109 61
2208 -276 0 48 -108 60
2208 -253 0 48 -107 59
2208 -230 0 48 -106 58
2208 -207 0 48 -105 57
2208 -184 0 48 -104 56
2208 -161 0 48 -103 55
2208 -138 0 48 -102 54
2208 -115 0 48 -101 53
2208 -92 0 48 -100 52
2208 -69 0 48 -99 51
2208 -46 0 48 -98 50
2208 -23 0 48 -97 49
2208 0 0 48 -96 48
2208 23 0 48 -95 47
2208 46 0 48 -94 46
2208 69 0 48 -93 45
2208 92 0 48 -92 44
2208 115 0 48 -91 43
2208 138 0 48 -90 42
2208 161 0 48 -89 41
2208 184 0 48 -88 40
2208 207 0 48 -87 39
2208 230 0 48 -86 38
2208 253 0 48 -85 37
2208 276 0 48 -84 36
2208 299 0 48 -83 35
2208 322 0 48 -82 34
2208 345 0 48 -81 33
2208 368 0 48 -80 32
2208 391 0 48 -79 31
2208 414 0 48 -78 30
2208 437 0 48 -77 29
2208 460 0 48 -76 28
2208 483 0 48 -75 27
2208 506 0 48 -74 26
2208 529 0 48 -73 25
2208 552 0 48 -72 24
2208 575 0 48 -71 23
2208 598 0 48 -70 22
2208 621 0 48 -69 21
2208 644 0 48 -68 20
2208 667 0 48 -67 19
2208 690 0 48 -66 18
2208 713 0 48 -65 17
2208 736 0 48 -64 16
2208 759 0 48 -63 15
2208 782 0 48 -62 14
2208 805 0 48 -61 13
2208 828 0 48 -60 12
2208 851 0 48 -59 11
2208 874 0 48 -58 10
2208 897 0 48 -57 9
2208 920 0 48 -56 8
2208 943 0 48 -55 7
2208 966 0 48 -54 6
2208 989 0 48 -53 5
2208 1012 0 48 -52 4
2208 1035 0 48 -51 3
2208 1058 0 48 -50 2
2208 1081 0 48 -49 1
2208 1104 0 48 -48 0
2208 1127 0 48 -47 -1
2208 1150 0 48 -46 -2
2208 1173 0 48 -45 -3
2208 1196 0 48 -44 -4
2208 1219 0 48 -43 -5
2208 1242 0 48 -42 -6
2208 1265 0 48 -41 -7
2208 1288 0 48 -40 -8
2208 1311 0 48 -39 -9
2208 1334 0 48 -38 -10
2208 1357 0 48 -37 -11
2208 1380 0 48 -36 -12
2208 1403 0 48 -35 -13
2208 1426 0 48 -34 -14
2208 1449 0 48 -33 -15
2208 1472 0 48 -32 -16
2208 1495 0 48 -31 -17
2208 1518 0 48 -30 -18
2208 1541 0 48 -29 -19
2208 1564 0 48 -28 -20
2208 1587 0 48 -27 -21
2208 1610 0 48 -26 -22
2208 1633 0 48 -25 -23
2208 1656 0 48 -24 -24
2208 1679 0 48 -23 -25
2208 1702 0 48 -22 -26
2208 1725 0 48 -21 -27
2208 1748 0 48 -20 -28
2208 1771 0 48 -19 -29
2208 1794 0 48 -18 -30
2208 1817 0 48 -17 -31
2208 1840 0 48 -16 -32
2208 1863 0 48 -15 -33
2208 1886 0 48 -14 -34
2208 1909 0 48 -13 -35
2208 1932 -276 48 -12 -60
2208 1932 0 48 -12 -36
2208 1955 0 48 -11 -37
2208 1978 0 48 -10 -38
2208 2001 0 48 -9 -39
2208 2024 0 48 -8 -40
2208 2047 0 48 -7 -41
2208 2070 0 48 -6 -42
2208 2093 0 48 -5 -43
2208 2116 0 48 -4 -44
2208 2139 0 48 -3 -45
2208 2162 0 48 -2 -46
2208 2185 0 48 -1 -47
2208 2208 0 48 0 -48
2208 -2208 -7 49 -196 196
2208 -2208 0 49 -196 147
2208 -2208 7 49 -196 196
2208 -1104 0 49 -147 98
2208 0 0 49 -98 49
2208 1104 0 49 -49 0
2208 2208 0 49 0 -49
2208 -2208 0 50 -200 150
2208 -1656 0 50 -175 125
2208 -1104 0 50 -150 100
2208 -552 0 50 -125 75
2208 0 0 50 -100 50
2208 552 0 50 -75 25
2208 1104 0 50 -50 0
2208 1656 0 50 -25 -25
2208 2208 0 50 0 -50
2208 -2208 0 51 -204 153
2208 -1840 0 51 -187 136
2208 -1472 0 51 -170 119
2208 -1104 0 51 -153 102
2208 -736 0 51 -136 85
2208 -368 0 51 -119 68
2208 0 0 51 -102 51
2208 368 0 51 -85 34
2208 736 0 51 -68 17
2208 1104 0 51 -51 0
2208 1472 0 51 -34 -17
2208 1840 0 51 -17 -34
2208 2208 0 51 0 -51
2208 -2208 0 52 -208 156
2208 -1932 0 52 -195 143
2208 -1656 0 52 -182 130
2208 -1380 0 52 -169 117
2208 -1104 0 52 -156 104
2208 -828 0 52 -143 91
2208 -552 0 52 -130 78
2208 -276 0 52 -117 65
2208 0 0 52 -104 52
2208 276 0 52 -91 39
2208 552 0 52 -78 26
2208 828 0 52 -65 13
2208 1104 0 52 -52 0
2208 1380 0 52 -39 -13
2208 1656 0 52 -26 -26
2208 1932 0 52 -13 -39
2208 2208 0 52 0 -52
2208 -2208 0 53 -212 159
2208 -1104 0 53 -159 106
2208 0 0 53 -106 53
2208 1104 0 53 -53 0
2208 2208 0 53 0 -53
2208 -2208 0 54 -216 162
2208 -2024 0 54 -207 153
2208 -1840 0 54 -198 144
2208 -1656 0 54 -189 135
2208 -1472 0 54 -180 126
2208 -1288 0 54 -171 117
2208 -1104 0 54 -162 108
2208 -920 0 54 -153 99
2208 -736 0 54 -144 90
2208 -552 0 54 -135 81
2208 -368 0 54 -126 72
2208 -184 0 54 -117 63
2208 0 0 54 -108 54
2208 184 0 54 -99 45
2208 368 0 54 -90 36
2208 552 0 54 -81 27
2208 736 0 54 -72 18
2208 920 0 54 -63 9
2208 1104 0 54 -54 0
2208 1288 0 54 -45 -9
2208 1472 0 54 -36 -18
2208 1656 0 54 -27 -27
2208 1840 0 54 -18 -36
2208 2024 0 54 -9 -45
2208 2208 0 54 0 -54
2208 -2208 0 55 -220 165
2208 -1104 0 55 -165 110
2208 0 0 55 -110 55
2208 1104 0 55 -55 0
2208 2208 0 55 0 -55
2208 -2208 0 56 -224 168
2208 -2070 0 56 -217 161
2208 -1932 0 56 -210 154
2208 -1794 0 56 -203 147
2208 -1656 0 56 -196 140
2208 -1518 0 56 -189 133
2208 -1380 0 56 -182 126
2208 -1242 0 56 -175 119
2208 -1104 0 56 -168 112
2208 -966 0 56 -161 105
2208 -828 0 56 -154 98
2208 -690 0 56 -147 91
2208 -552 0 56 -140 84
2208 -414 0 56 -133 77
2208 -276 0 56 -126 70
2208 -138 0 56 -119 63
2208 0 0 56 -112 56
2208 138 0 56 -105 49
2208 276 0 56 -98 42
2208 414 0 56 -91 35
2208 552 0 56 -84 28
2208 690 0 56 -77 21
2208 828 0 56 -70 14
2208 966 0 56 -63 7
2208 1104 0 56 -56 0
2208 1242 0 56 -49 -7
2208 1380 0 56 -42 -14
2208 1518 0 56 -35 -21
2208 1656 0 56 -28 -28
2208 1794 0 56 -21 -35
2208 1932 0 56 -14 -42
2208 2070 0 56 -7 -49
2208 2208 0 56 0 -56
2208 -2208 0 57 -228 171
2208 -1840 0 57 -209 152
2208 -1472 0 57 -190 133
2208 -1104 0 57 -171 114
2208 -736 0 57 -152 95
2208 -368 0 57 -133 76
2208 0 0 57 -114 57
2208 368 0 57 -95 38
2208 736 0 57 -76 19
2208 1104 0 57 -57 0
2208 1472 0 57 -38 -19
2208 1840 0 57 -19 -38
2208 2208 0 57 0 -57
2208 -2208 0 58 -232 174
2208 -1656 0 58 -203 145
2208 -1104 0 58 -174 116
2208 -552 0 58 -145 87
2208 0 0 58 -116 58
2208 552 0 58 -87 29
2208 1104 0 58 -58 0
2208 1656 0 58 -29 -29
2208 2208 0 58 0 -58
2208 -2208 0 59 -236 177
2208 -1104 0 59 -177 118
2208 0 0 59 -118 59
2208 1104 0 59 -59 0
2208 2208 0 59 0 -59
2208 -2208 0 60 -240 180
2208 -2116 0 60 -235 175
2208 -2024 0 60 -230 170
2208 -1932 0 60 -225 165
2208 -1840 0 60 -220 160
2208 -1748 0 60 -215 155
2208 -1656 0 60 -210 150
2208 -1564 0 60 -205 145
2208 -1472 0 60 -200 140
2208 -1380 0 60 -195 135
2208 -1288 0 60 -190 130
2208 -1196 0 60 -185 125
2208 -1104 0 60 -180 120
2208 -1012 0 60 -175 115
2208 -920 0 60 -170 110
2208 -828 0 60 -165 105
2208 -736 0 60 -160 100
2208 -644 0 60 -155 95
2208 -552 0 60 -150 90
2208 -460 0 60 -145 85
2208 -368 0 60 -140 80
2208 -276 0 60 -135 75
2208 -184 0 60 -130 70
2208 -92 0 60 -125 65
2208 0 0 60 -120 60
2208 92 0 60 -115 55
2208 184 0 60 -110 50
2208 276 0 60 -105 45
2208 368 0 60 -100 40
2208 460 0 60 -95 35
2208 552 0 60 -90 30
2208 644 0 60 -85 25
2208 736 0 60 -80 20
2208 828 0 60 -75 15
2208 920 0 60 -70 10
2208 1012 0 60 -65 5
2208 1104 0 60 -60 0
2208 1196 0 60 -55 -5
2208 1288 0 60 -50 -10
2208 1380 0 60 -45 -15
2208 1472 0 60 -40 -20
2208 1564 0 60 -35 -25
2208 1656 0 60 -30 -30
2208 1748 0 60 -25 -35
2208 1840 0 60 -20 -40
2208 1932 0 60 -15 -45
2208 2024 0 60 -10 -50
2208 2116 0 60 -5 -55
2208 2208 0 60 0 -60
2209 -2209 0 -60 240 -180
2209 0 0 -60 120 -60
2209 2209 0 -60 0 60
2209 -2209 0 -59 236 -177
2209 0 0 -59 118 -59
2209 2209 0 -59 0 59
2209 -2209 0 -58 232 -174
2209 0 0 -58 116 -58
2209 2209 0 -58 0 58
2209 -2209 0 -57 228 -171
2209 0 0 -57 114 -57
2209 2209 0 -57 0 57
2209 -2209 0 -56 224 -168
2209 0 0 -56 112 -56
2209 2209 0 -56 0 56
2209 -2209 0 -55 220 -165
2209 0 0 -55 110 -55
2209 2209 0 -55 0 55
2209 -2209 0 -54 216 -162
2209 0 0 -54 108 -54
2209 2209 0 -54 0 54
2209 -2209 0 -53 212 -159
2209 0 0 -53 106 -53
2209 2209 0 -53 0 53
2209 -2209 0 -52 208 -156
2209 0 0 -52 104 -52
2209 2209 0 -52 0 52
2209 -2209 0 -51 204 -153
2209 0 0 -51 102 -51
2209 2209 0 -51 0 51
2209 -2209 0 -50 200 -150
2209 0 0 -50 100 -50
2209 2209 0 -50 0 50
2209 -2209 0 -49 196 -147
2209 0 0 -49 98 -49
2209 2209 0 -49 0 49
2209 -2209 0 -48 192 -144
2209 0 0 -48 96 -48
2209 2209 0 -48 0 48
2209 -2209 0 -47 188 -141
2209 -2162 0 -47 186 -139
2209 -2115 0 -47 184 -137
2209 -2068 0 -47 182 -135
2209 -2021 0 -47 180 -133
2209 -1974 0 -47 178 -131
2209 -1927 0 -47 176 -129
2209 -1880 0 -47 174 -127
2209 -1833 0 -47 172 -125
2209 -1786 0 -47 170 -123
2209 -1739 0 -47 168 -121
2209 -1692 0 -47 166 -119
2209 -1645 0 -47 164 -117
2209 -1598 0 -47 162 -115
2209 -1551 0 -47 160 -113
2209 -1504 0 -47 158 -111
2209 -1457 0 -47 156 -109
2209 -1410 0 -47 154 -107
2209 -1363 0 -47 152 -105
2209 -1316 0 -47 150 -103
2209 -1269 0 -47 148 -101
2209 -1222 0 -47 146 -99
2209 -1175 0 -47 144 -97
2209 -1128 0 -47 142 -95
2209 -1081 0 -47 140 -93
2209 -1034 0 -47 138 -91
2209 -987 0 -47 136 -89
2209 -940 0 -47 134 -87
2209 -893 0 -47 132 -85
2209 -846 0 -47 130 -83
2209 -799 0 -47 128 -81
2209 -752 0 -47 126 -79
2209 -705 0 -47 124 -77
2209 -658 0 -47 122 -75
2209 -611 0 -47 120 -73
2209 -564 0 -47 118 -71
2209 -517 0 -47 116 -69
2209 -470 0 -47 114 -67
2209 -423 0 -47 112 -65
2209 -376 0 -47 110 -63
2209 -329 0 -47 108 -61
2209 -282 0 -47 106 -59
2209 -235 0 -47 104 -57
2209 -188 0 -47 102 -55
2209 -141 0 -47 100 -53
2209 -94 0 -47 98 -51
2209 -47 0 -47 96 -49
2209 0 0 -47 94 -47
2209 47 0 -47 92 -45
2209 94 0 -47 90 -43
2209 141 0 -47 88 -41
2209 188 0 -47 86 -39
2209 235 0 -47 84 -37
2209 282 0 -47 82 -35
2209 329 0 -47 80 -33
2209 376 0 -47 78 -31
2209 423 0 -47 76 -29
2209 470 0 -47 74 -27
2209 517 0 -47 72 -25
2209 564 0 -47 70 -23
2209 611 0 -47 68 -21
2209 658 0 -47 66 -19
2209 705 0 -47 64 -17
2209 752 0 -47 62 -15
2209 799 0 -47 60 -13
2209 846 0 -47 58 -11
2209 893 0 -47 56 -9
2209 940 0 -47 54 -7
2209 987 0 -47 52 -5
2209 1034 0 -47 50 -3
2209 1081 0 -47 48 -1
2209 1128 0 -47 46 1
2209 1175 0 -47 44 3
2209 1222 0 -47 42 5
2209 1269 0 -47 40 7
2209 1316 0 -47 38 9
2209 1363 0 -47 36 11
2209 1410 0 -47 34 13
2209 1457 0 -47 32 15
2209 1504 0 -47 30 17
2209 1551 0 -47 28 19
2209 1598 0 -47 26 21
2209 1645 0 -47 24 23
2209 1692 0 -47 22 25
2209 1739 0 -47 20 27
2209 1786 0 -47 18 29
2209 1833 0 -47 16 31
2209 1880 0 -47 14 33
2209 1927 -282 -47 12 59
2209 1927 0 -47 12 35
2209 1974 -235 -47 10 57
2209 1974 0 -47 10 37
2209 2021 -188 -47 8 55
2209 2021 0 -47 8 39
2209 2068 -141 -47 6 53
2209 2068 0 -47 6 41
2209 2115 -94 -47 4 51
2209 2115 0 -47 4 43
2209 2162 -47 -47 2 49
2209 2162 0 -47 2 45
2209 2209 0 -47 0 47
2209 -2209 0 -46 184 -138
2209 0 0 -46 92 -46
2209 2209 0 -46 0 46
2209 -2209 0 -45 180 -135
2209 0 0 -45 90 -45
2209 2209 0 -45 0 45
2209 -2209 0 -44 176 -132
2209 0 0 -44 88 -44
2209 2209 0 -44 0 44
2209 -2209 0 -43 172 -129
2209 0 0 -43 86 -43
2209 2209 0 -43 0 43
2209 -2209 0 -42 168 -126
2209 0 0 -42 84 -42
2209 2209 0 -42 0 42
2209 -2209 0 -41 164 -123
2209 0 0 -41 82 -41
2209 2209 0 -41 0 41
2209 -2209 0 -40 160 -120
2209 0 0 -40 80 -40
2209 2209 0 -40 0 40
2209 -2209 0 -39 156 -117
2209 0 0 -39 78 -39
2209 2209 0 -39 0 39
2209 -2209 0 -38 152 -114
2209 0 0 -38 76 -38
2209 2209 0 -38 0 38
2209 -2209 0 -37 148 -111
2209 0 0 -37 74 -37
2209 2209 0 -37 0 37
2209 -2209 0 -36 144 -108
2209 0 0 -36 72 -36
2209 2209 0 -36 0 36
2209 -2209 0 -35 140 -105
2209 0 0 -35 70 -35
2209 2209 0 -35 0 35
2209 -2209 0 -34 136 -102
2209 0 0 -34 68 -34
2209 2209 0 -34 0 34
2209 -2209 0 -33 132 -99
2209 0 0 -33 66 -33
2209 2209 0 -33 0 33
2209 -2209 0 -32 128 -96
2209 0 0 -32 64 -32
2209 2209 0 -32 0 32
2209 -2209 0 -31 124 -93
2209 0 0 -31 62 -31
2209 2209 0 -31 0 31
2209 -2209 0 -30 120 -90
2209 0 0 -30 60 -30
2209 2209 0 -30 0 30
2209 -2209 0 -29 116 -87
2209 0 0 -29 58 -29
2209 2209 0 -29 0 29
2209 -2209 0 -28 112 -84
2209 0 0 -28 56 -28
2209 2209 0 -28 0 28
2209 -2209 0 -27 108 -81
2209 0 0 -27 54 -27
2209 2209 0 -27 0 27
2209 -2209 0 -26 104 -78
2209 0 0 -26 52 -26
2209 2209 0 -26 0 26
2209 -2209 0 -25 100 -75
2209 0 0 -25 50 -25
2209 2209 0 -25 0 25
2209 -2209 0 -24 96 -72
2209 0 0 -24 48 -24
2209 2209 0 -24 0 24
2209 -2209 0 -23 92 -69
2209 0 0 -23 46 -23
2209 2209 0 -23 0 23
2209 -2209 0 -22 88 -66
2209 0 0 -22 44 -22
2209 2209 0 -22 0 22
2209 -2209 0 -21 84 -63
2209 0 0 -21 42 -21
2209 2209 0 -21 0 21
2209 -2209 0 -20 80 -60
2209 0 0 -20 40 -20
2209 2209 0 -20 0 20
2209 -2209 0 -19 76 -57
2209 0 0 -19 38 -19
2209 2209 0 -19 0 19
2209 -2209 0 -18 72 -54
2209 0 0 -18 36 -18
2209 2209 0 -18 0 18
2209 -2209 0 -17 68 -51
2209 0 0 -17 34 -17
2209 2209 0 -17 0 17
2209 -2209 0 -16 64 -48
2209 0 0 -16 32 -16
2209 2209 0 -16 0 16
2209 -2209 0 -15 60 -45
2209 0 0 -15 30 -15
2209 2209 0 -15 0 15
2209 -2209 0 -14 56 -42
2209 0 0 -14 28 -14
2209 2209 0 -14 0 14
2209 -2209 0 -13 52 -39
2209 0 0 -13 26 -13
2209 2209 0 -13 0 13
2209 -2209 0 -12 48 -36
2209 0 0 -12 24 -12
2209 2209 0 -12 0 12
2209 -2209 0 -11 44 -33
2209 0 0 -11 22 -11
2209 2209 0 -11 0 11
2209 -2209 0 -10 40 -30
2209 0 0 -10 20 -10
2209 2209 0 -10 0 10
2209 -2209 0 -9 36 -27
2209 0 0 -9 18 -9
2209 2209 0 -9 0 9
2209 -2209 0 -8 32 -24
2209 0 0 -8 16 -8
2209 2209 0 -8 0 8
2209 -2209 0 -7 28 -21
2209 0 0 -7 14 -7
2209 2209 0 -7 0 7
2209 -2209 0 -6 24 -18
2209 0 0 -6 12 -6
2209 2209 0 -6 0 6
2209 -2209 0 -5 20 -15
2209 0 0 -5 10 -5
2209 2209 0 -5 0 5
2209 -2209 0 -4 16 -12
2209 0 0 -4 8 -4
2209 2209 0 -4 0 4
2209 -2209 0 -3 12 -9
2209 0 0 -3 6 -3
2209 2209 0 -3 0 3
2209 -2209 0 -2 8 -6
2209 0 0 -2 4 -2
2209 2209 0 -2 0 2
2209 -2209 0 -1 4 -3
2209 0 0 -1 2 -1
2209 2209 0 -1 0 1
2209 -2209 -1 1 -4 4
2209 -2209 0 1 -4 3
2209 -2209 1 1 -4 4
2209 0 0 1 -2 1
2209 2209 0 1 0 -1
2209 -2209 0 2 -8 6
2209 0 0 2 -4 2
2209 2209 0 2 0 -2
2209 -2209 0 3 -12 9
2209 0 0 3 -6 3
2209 2209 0 3 0 -3
2209 -2209 -2 4 -16 16
2209 -2209 0 4 -16 12
2209 -2209 2 4 -16 16
2209 0 0 4 -8 4
2209 2209 0 4 0 -4
2209 -2209 0 5 -20 15
2209 0 0 5 -10 5
2209 2209 0 5 0 -5
2209 -2209 0 6 -24 18
2209 0 0 6 -12 6
2209 2209 0 6 0 -6
2209 -2209 0 7 -28 21
2209 0 0 7 -14 7
2209 2209 0 7 0 -7
2209 -2209 0 8 -32 24
2209 0 0 8 -16 8
2209 2209 0 8 0 -8
2209 -2209 -3 9 -36 36
2209 -2209 0 9 -36 27
2209 -2209 3 9 -36 36
2209 0 0 9 -18 9
2209 2209 0 9 0 -9
2209 -2209 0 10 -40 30
2209 0 0 10 -20 10
2209 2209 0 10 0 -10
2209 -2209 0 11 -44 33
2209 0 0 11 -22 11
2209 2209 0 11 0 -11
2209 -2209 0 12 -48 36
2209 0 0 12 -24 12
2209 2209 0 12 0 -12
2209 -2209 0 13 -52 39
2209 0 0 13 -26 13
2209 2209 0 13 0 -13
2209 -2209 0 14 -56 42
2209 0 0 14 -28 14
2209 2209 0 14 0 -14
2209 -2209 0 15 -60 45
2209 0 0 15 -30 15
2209 2209 0 15 0 -15
2209 -2209 -4 16 -64 64
2209 -2209 0 16 -64 48
2209 -2209 4 16 -64 64
2209 0 0 16 -32 16
2209 2209 0 16 0 -16
2209 -2209 0 17 -68 51
2209 0 0 17 -34 17
2209 2209 0 17 0 -17
2209 -2209 0 18 -72 54
2209 0 0 18 -36 18
2209 2209 0 18 0 -18
2209 -2209 0 19 -76 57
2209 0 0 19 -38 19
2209 2209 0 19 0 -19
2209 -2209 0 20 -80 60
2209 0 0 20 -40 20
2209 2209 0 20 0 -20
2209 -2209 0 21 -84 63
2209 0 0 21 -42 21
2209 2209 0 21 0 -21
2209 -2209 0 22 -88 66
2209 0 0 22 -44 22
2209 2209 0 22 0 -22
2209 -2209 0 23 -92 69
2209 0 0 23 -46 23
2209 2209 0 23 0 -23
2209 -2209 0 24 -96 72
2209 0 0 24 -48 24
2209 2209 0 24 0 -24
2209 -2209 -5 25 -100 100
2209 -2209 0 25 -100 75
2209 -2209 5 25 -100 100
2209 0 0 25 -50 25
2209 2209 0 25 0 -25
2209 -2209 0 26 -104 78
2209 0 0 26 -52 26
2209 2209 0 26 0 -26
2209 -2209 0 27 -108 81
2209 0 0 27 -54 27
2209 2209 0 27 0 -27
2209 -2209 0 28 -112 84
2209 0 0 28 -56 28
2209 2209 0 28 0 -28
2209 -2209 0 29 -116 87
2209 0 0 29 -58 29
2209 2209 0 29 0 -29
2209 -2209 0 30 -120 90
2209 0 0 30 -60 30
2209 2209 0 30 0 -30
2209 -2209 0 31 -124 93
2209 0 0 31 -62 31
2209 2209 0 31 0 -31
2209 -2209 0 32 -128 96
2209 0 0 32 -64 32
2209 2209 0 32 0 -32
2209 -2209 0 33 -132 99
2209 0 0 33 -66 33
2209 2209 0 33 0 -33
2209 -2209 0 34 -136 102
2209 0 0 34 -68 34
2209 2209 0 34 0 -34
2209 -2209 0 35 -140 105
2209 0 0 35 -70 35
2209 2209 0 35 0 -35
2209 -2209 -6 36 -144 144
2209 -2209 0 36 -144 108
2209 -2209 6 36 -144 144
2209 0 0 36 -72 36
2209 2209 0 36 0 -36
2209 -2209 0 37 -148 111
2209 0 0 37 -74 37
2209 2209 0 37 0 -37
2209 -2209 0 38 -152 114
2209 0 0 38 -76 38
2209 2209 0 38 0 -38
2209 -2209 0 39 -156 117
2209 0 0 39 -78 39
2209 2209 0 39 0 -39
2209 -2209 0 40 -160 120
2209 0 0 40 -80 40
2209 2209 0 40 0 -40
2209 -2209 0 41 -164 123
2209 0 0 41 -82 41
2209 2209 0 41 0 -41
2209 -2209 0 42 -168 126
2209 0 0 42 -84 42
2209 2209 0 42 0 -42
2209 -2209 0 43 -172 129
2209 0 0 43 -86 43
2209 2209 0 43 0 -43
2209 -2209 0 44 -176 132
2209 0 0 44 -88 44
2209 2209 0 44 0 -44
2209 -2209 0 45 -180 135
2209 0 0 45 -90 45
2209 2209 0 45 0 -45
2209 -2209 0 46 -184 138
2209 0 0 46 -92 46
2209 2209 0 46 0 -46
2209 -2209 0 47 -188 141
2209 -2162 0 47 -186 139
2209 -2115 0 47 -184 137
2209 -2068 0 47 -182 135
2209 -2021 0 47 -180 133
2209 -1974 0 47 -178 131
2209 -1927 0 47 -176 129
2209 -1880 0 47 -174 127
2209 -1833 0 47 -172 125
2209 -1786 0 47 -170 123
2209 -1739 0 47 -168 121
2209 -1692 0 47 -166 119
2209 -1645 0 47 -164 117
2209 -1598 0 47 -162 115
2209 -1551 0 47 -160 113
2209 -1504 0 47 -158 111
2209 -1457 0 47 -156 109
2209 -1410 0 47 -154 107
2209 -1363 0 47 -152 105
2209 -1316 0 47 -150 103
2209 -1269 0 47 -148 101
2209 -1222 0 47 -146 99
2209 -1175 0 47 -144 97
2209 -1128 0 47 -142 95
2209 -1081 0 47 -140 93
2209 -1034 0 47 -138 91
2209 -987 0 47 -136 89
2209 -940 0 47 -134 87
2209 -893 0 47 -132 85
2209 -846 0 47 -130 83
2209 -799 0 47 -128 81
2209 -752 0 47 -126 79
2209 -705 0 47 -124 77
2209 -658 0 47 -122 75
2209 -611 0 47 -120 73
2209 -564 0 47 -118 71
2209 -517 0 47 -116 69
2209 -470 0 47 -114 67
2209 -423 0 47 -112 65
2209 -376 0 47 -110 63
2209 -329 0 47 -108 61
2209 -282 0 47 -106 59
2209 -235 0 47 -104 57
2209 -188 0 47 -102 55
2209 -141 0 47 -100 53
2209 -94 0 47 -98 51
2209 -47 0 47 -96 49
2209 0 0 47 -94 47
2209 47 0 47 -92 45
2209 94 0 47 -90 43
2209 141 0 47 -88 41
2209 188 0 47 -86 39
2209 235 0 47 -84 37
2209 282 0 47 -82 35
2209 329 0 47 -80 33
2209 376 0 47 -78 31
2209 423 0 47 -76 29
2209 470 0 47 -74 27
2209 517 0 47 -72 25
2209 564 0 47 -70 23
2209 611 0 47 -68 21
2209 658 0 47 -66 19
2209 705 0 47 -64 17
2209 752 0 47 -62 15
2209 799 0 47 -60 13
2209 846 0 47 -58 11
2209 893 0 47 -56 9
2209 940 0 47 -54 7
2209 987 0 47 -52 5
2209 1034 0 47 -50 3
2209 1081 0 47 -48 1
2209 1128 0 47 -46 -1
2209 1175 0 47 -44 -3
2209 1222 0 47 -42 -5
2209 1269 0 47 -40 -7
2209 1316 0 47 -38 -9
2209 1363 0 47 -36 -11
2209 1410 0 47 -34 -13
2209 1457 0 47 -32 -15
2209 1504 0 47 -30 -17
2209 1551 0 47 -28 -19
2209 1598 0 47 -26 -21
2209 1645 0 47 -24 -23
2209 1692 0 47 -22 -25
2209 1739 0 47 -20 -27
2209 1786 0 47 -18 -29
2209 1833 0 47 -16 -31
2209 1880 0 47 -14 -33
2209 1927 -282 47 -12 -59
2209 1927 0 47 -12 -35
2209 1974 -235 47 -10 -57
2209 1974 0 47 -10 -37
2209 2021 -188 47 -8 -55
2209 2021 0 47 -8 -39
2209 2068 -141 47 -6 -53
2209 2068 0 47 -6 -41
2209 2115 -94 47 -4 -51
2209 2115 0 47 -4 -43
2209 2162 -47 47 -2 -49
2209 2162 0 47 -2 -45
2209 2209 0 47 0 -47
2209 -2209 0 48 -192 144
2209 0 0 48 -96 48
2209 2209 0 48 0 -48
2209 -2209 -7 49 -196 196
2209 -2209 0 49 -196 147
2209 -2209 7 49 -196 196
2209 0 0 49 -98 49
2209 2209 0 49 0 -49
2209 -2209 0 50 -200 150
2209 0 0 50 -100 50
2209 2209 0 50 0 -50
2209 -2209 0 51 -204 153
2209 0 0 51 -102 51
2209 2209 0 51 0 -51
2209 -2209 0 52 -208 156
2209 0 0 52 -104 52
2209 2209 0 52 0 -52
2209 -2209 0 53 -212 159
2209 0 0 53 -106 53
2209 2209 0 53 0 -53
2209 -2209 0 54 -216 162
2209 0 0 54 -108 54
2209 2209 0 54 0 -54
2209 -2209 0 55 -220 165
2209 0 0 55 -110 55
2209 2209 0 55 0 -55
2209 -2209 0 56 -224 168
2209 0 0 56 -112 56
2209 2209 0 56 0 -56
2209 -2209 0 57 -228 171
2209 0 0 57 -114 57
2209 2209 0 57 0 -57
2209 -2209 0 58 -232 174
2209 0 0 58 -116 58
2209 2209 0 58 0 -58
2209 -2209 0 59 -236 177
2209 0 0 59 -118 59
2209 2209 0 59 0 -59
2209 -2209 0 60 -240 180
2209 0 0 60 -120 60
2209 2209 0 60 0 -60
2210 -2210 0 -60 240 -180
2210 -1989 0 -60 228 -168
2210 -1768 0 -60 216 -156
2210 -1547 0 -60 204 -144
2210 -1326 0 -60 192 -132
2210 -1105 0 -60 180 -120
2210 -884 0 -60 168 -108
2210 -663 0 -60 156 -96
2210 -442 0 -60 144 -84
2210 -221 0 -60 132 -72
2210 0 0 -60 120 -60
2210 221 0 -60 108 -48
2210 442 0 -60 96 -36
2210 663 0 -60 84 -24
2210 884 0 -60 72 -12
2210 1105 0 -60 60 0
2210 1326 0 -60 48 12
2210 1547 0 -60 36 24
2210 1768 0 -60 24 36
2210 1989 0 -60 12 48
2210 2210 0 -60 0 60
2210 -2210 0 -59 236 -177
2210 -1105 0 -59 177 -118
2210 0 0 -59 118 -59
2210 1105 0 -59 59 0
2210 2210 0 -59 0 59
2210 -2210 0 -58 232 -174
2210 -1105 0 -58 174 -116
2210 0 0 -58 116 -58
2210 1105 0 -58 58 0
2210 2210 0 -58 0 58
2210 -2210 0 -57 228 -171
2210 -1105 0 -57 171 -114
2210 0 0 -57 114 -57
2210 1105 0 -57 57 0
2210 2210 0 -57 0 57
2210 -2210 0 -56 224 -168
2210 -1105 0 -56 168 -112
2210 0 0 -56 112 -56
2210 1105 0 -56 56 0
2210 2210 0 -56 0 56
2210 -2210 0 -55 220 -165
2210 -1989 0 -55 209 -154
2210 -1768 0 -55 198 -143
2210 -1547 0 -55 187 -132
2210 -1326 0 -55 176 -121
2210 -1105 0 -55 165 -110
2210 -884 0 -55 154 -99
2210 -663 0 -55 143 -88
2210 -442 0 -55 132 -77
2210 -221 0 -55 121 -66
2210 0 0 -55 110 -55
2210 221 0 -55 99 -44
2210 442 0 -55 88 -33
2210 663 0 -55 77 -22
2210 884 0 -55 66 -11
2210 1105 0 -55 55 0
2210 1326 0 -55 44 11
2210 1547 0 -55 33 22
2210 1768 0 -55 22 33
2210 1989 0 -55 11 44
2210 2210 0 -55 0 55
2210 -2210 0 -54 216 -162
2210 -1105 0 -54 162 -108
2210 0 0 -54 108 -54
2210 1105 0 -54 54 0
2210 2210 0 -54 0 54
2210 -2210 0 -53 212 -159
2210 -1105 0 -53 159 -106
2210 0 0 -53 106 -53
2210 1105 0 -53 53 0
2210 2210 0 -53 0 53
2210 -2210 0 -52 208 -156
2210 -2125 0 -52 204 -152
2210 -2040 0 -52 200 -148
2210 -1955 0 -52 196 -144
2210 -1870 0 -52 192 -140
2210 -1785 0 -52 188 -136
2210 -1700 0 -52 184 -132
2210 -1615 0 -52 180 -128
2210 -1530 0 -52 176 -124
2210 -1445 0 -52 172 -120
2210 -1360 0 -52 168 -116
2210 -1275 0 -52 164 -112
2210 -1190 0 -52 160 -108
2210 -1105 0 -52 156 -104
2210 -1020 0 -52 152 -100
2210 -935 0 -52 148 -96
2210 -850 0 -52 144 -92
2210 -765 0 -52 140 -88
2210 -680 0 -52 136 -84
2210 -595 0 -52 132 -80
2210 -510 0 -52 128 -76
2210 -425 0 -52 124 -72
2210 -340 0 -52 120 -68
2210 -255 0 -52 116 -64
2210 -170 0 -52 112 -60
2210 -85 0 -52 108 -56
2210 0 0 -52 104 -52
2210 85 0 -52 100 -48
2210 170 0 -52 96 -44
2210 255 0 -52 92 -40
2210 340 0 -52 88 -36
2210 425 0 -52 84 -32
2210 510 0 -52 80 -28
2210 595 0 -52 76 -24
2210 680 0 -52 72 -20
2210 765 0 -52 68 -16
2210 850 0 -52 64 -12
2210 935 0 -52 60 -8
2210 1020 0 -52 56 -4
2210 1105 0 -52 52 0
2210 1190 0 -52 48 4
2210 1275 0 -52 44 8
2210 1360 0 -52 40 12
2210 1445 0 -52 36 16
2210 1530 0 -52 32 20
2210 1615 0 -52 28 24
2210 1700 0 -52 24 28
2210 1785 0 -52 20 32
2210 1870 0 -52 16 36
2210 1955 0 -52 12 40
2210 2040 0 -52 8 44
2210 2125 0 -52 4 48
2210 2210 0 -52 0 52
2210 -2210 0 -51 204 -153
2210 -2145 0 -51 201 -150
2210 -2080 0 -51 198 -147
2210 -2015 0 -51 195 -144
2210 -1950 0 -51 192 -141
2210 -1885 0 -51 189 -138
2210 -1820 0 -51 186 -135
2210 -1755 0 -51 183 -132
2210 -1690 0 -51 180 -129
2210 -1625 0 -51 177 -126
2210 -1560 0 -51 174 -123
2210 -1495 0 -51 171 -120
2210 -1430 0 -51 168 -117
2210 -1365 0 -51 165 -114
2210 -1300 0 -51 162 -111
2210 -1235 0 -51 159 -108
2210 -1170 0 -51 156 -105
2210 -1105 0 -51 153 -102
2210 -1040 0 -51 150 -99
2210 -975 0 -51 147 -96
2210 -910 0 -51 144 -93
2210 -845 0 -51 141 -90
2210 -780 0 -51 138 -87
2210 -715 0 -51 135 -84
2210 -650 0 -51 132 -81
2210 -585 0 -51 129 -78
2210 -520 0 -51 126 -75
2210 -455 0 -51 123 -72
2210 -390 0 -51 120 -69
2210 -325 0 -51 117 -66
2210 -260 0 -51 114 -63
2210 -195 0 -51 111 -60
2210 -130 0 -51 108 -57
2210 -65 0 -51 105 -54
2210 0 0 -51 102 -51
2210 65 0 -51 99 -48
2210 130 0 -51 96 -45
2210 195 0 -51 93 -42
2210 260 0 -51 90 -39
2210 325 0 -51 87 -36
2210 390 0 -51 84 -33
2210 455 0 -51 81 -30
2210 520 0 -51 78 -27
2210 585 0 -51 75 -24
2210 650 0 -51 72 -21
2210 715 0 -51 69 -18
2210 780 0 -51 66 -15
2210 845 0 -51 63 -12
2210 910 0 -51 60 -9
2210 975 0 -51 57 -6
2210 1040 0 -51 54 -3
2210 1105 0 -51 51 0
2210 1170 0 -51 48 3
2210 1235 0 -51 45 6
2210 1300 0 -51 42 9
2210 1365 0 -51 39 12
2210 1430 0 -51 36 15
2210 1495 0 -51 33 18
2210 1560 0 -51 30 21
2210 1625 0 -51 27 24
2210 1690 0 -51 24 27
2210 1755 0 -51 21 30
2210 1820 0 -51 18 33
2210 1885 0 -51 15 36
2210 1950 0 -51 12 39
2210 2015 0 -51 9 42
2210 2080 0 -51 6 45
2210 2145 0 -51 3 48
2210 2210 0 -51 0 51
2210 -2210 0 -50 200 -150
2210 -1989 0 -50 190 -140
2210 -1768 0 -50 180 -130
2210 -1547 0 -50 170 -120
2210 -1326 0 -50 160 -110
2210 -1105 0 -50 150 -100
2210 -884 0 -50 140 -90
2210 -663 0 -50 130 -80
2210 -442 0 -50 120 -70
2210 -221 0 -50 110 -60
2210 0 0 -50 100 -50
2210 221 0 -50 90 -40
2210 442 0 -50 80 -30
2210 663 0 -50 70 -20
2210 884 0 -50 60 -10
2210 1105 0 -50 50 0
2210 1326 0 -50 40 10
2210 1547 0 -50 30 20
2210 1768 0 -50 20 30
2210 1989 0 -50 10 40
2210 2210 0 -50 0 50
2210 -2210 0 -49 196 -147
2210 -1105 0 -49 147 -98
2210 0 0 -49 98 -49
2210 1105 0 -49 49 0
2210 2210 0 -49 0 49
2210 -2210 0 -48 192 -144
2210 -1105 0 -48 144 -96
2210 0 0 -48 96 -48
2210 1105 0 -48 48 0
2210 2210 0 -48 0 48
2210 -2210 0 -47 188 -141
2210 -1105 0 -47 141 -94
2210 0 0 -47 94 -47
2210 1105 0 -47 47 0
2210 2210 0 -47 0 47
2210 -2210 0 -46 184 -138
2210 -1105 0 -46 138 -92
2210 0 0 -46 92 -46
2210 1105 0 -46 46 0
2210 2210 0 -46 0 46
2210 -2210 0 -45 180 -135
2210 -1989 0 -45 171 -126
2210 -1768 0 -45 162 -117
2210 -1547 0 -45 153 -108
2210 -1326 0 -45 144 -99
2210 -1105 0 -45 135 -90
2210 -884 0 -45 126 -81
2210 -663 0 -45 117 -72
2210 -442 0 -45 108 -63
2210 -221 0 -45 99 -54
2210 0 0 -45 90 -45
2210 221 0 -45 81 -36
2210 442 0 -45 72 -27
2210 663 0 -45 63 -18
2210 884 0 -45 54 -9
2210 1105 0 -45 45 0
2210 1326 0 -45 36 9
2210 1547 0 -45 27 18
2210 1768 0 -45 18 27
2210 1989 0 -45 9 36
2210 2210 0 -45 0 45
2210 -2210 0 -44 176 -132
2210 -1105 0 -44 132 -88
2210 0 0 -44 88 -44
2210 1105 0 -44 44 0
2210 2210 0 -44 0 44
2210 -2210 0 -43 172 -129
2210 -1105 0 -43 129 -86
2210 0 0 -43 86 -43
2210 1105 0 -43 43 0
2210 2210 0 -43 0 43
2210 -2210 0 -42 168 -126
2210 -1105 0 -42 126 -84
2210 0 0 -42 84 -42
2210 1105 0 -42 42 0
2210 2210 0 -42 0 42
2210 -2210 0 -41 164 -123
2210 -1105 0 -41 123 -82
2210 0 0 -41 82 -41
2210 1105 0 -41 41 0
2210 2210 0 -41 0 41
2210 -2210 0 -40 160 -120
2210 -1989 0 -40 152 -112
2210 -1768 0 -40 144 -104
2210 -1547 0 -40 136 -96
2210 -1326 0 -40 128 -88
2210 -1105 0 -40 120 -80
2210 -884 0 -40 112 -72
2210 -663 0 -40 104 -64
2210 -442 0 -40 96 -56
2210 -221 0 -40 88 -48
2210 0 0 -40 80 -40
2210 221 0 -40 72 -32
2210 442 0 -40 64 -24
2210 663 0 -40 56 -16
2210 884 0 -40 48 -8
2210 1105 0 -40 40 0
2210 1326 0 -40 32 8
2210 1547 0 -40 24 16
2210 1768 0 -40 16 24
2210 1989 0 -40 8 32
2210 2210 0 -40 0 40
2210 -2210 0 -39 156 -117
2210 -2125 0 -39 153 -114
2210 -2040 0 -39 150 -111
2210 -1955 0 -39 147 -108
2210 -1870 0 -39 144 -105
2210 -1785 0 -39 141 -102
2210 -1700 0 -39 138 -99
2210 -1615 0 -39 135 -96
2210 -1530 0 -39 132 -93
2210 -1445 0 -39 129 -90
2210 -1360 0 -39 126 -87
2210 -1275 0 -39 123 -84
2210 -1190 0 -39 120 -81
2210 -1105 0 -39 117 -78
2210 -1020 0 -39 114 -75
2210 -935 0 -39 111 -72
2210 -850 0 -39 108 -69
2210 -765 0 -39 105 -66
2210 -680 0 -39 102 -63
2210 -595 0 -39 99 -60
2210 -510 0 -39 96 -57
2210 -425 0 -39 93 -54
2210 -340 0 -39 90 -51
2210 -255 0 -39 87 -48
2210 -170 0 -39 84 -45
2210 -85 0 -39 81 -42
2210 0 0 -39 78 -39
2210 85 0 -39 75 -36
2210 170 0 -39 72 -33
2210 255 0 -39 69 -30
2210 340 0 -39 66 -27
2210 425 0 -39 63 -24
2210 510 0 -39 60 -21
2210 595 0 -39 57 -18
2210 680 0 -39 54 -15
2210 765 0 -39 51 -12
2210 850 0 -39 48 -9
2210 935 0 -39 45 -6
2210 1020 0 -39 42 -3
2210 1105 0 -39 39 0
2210 1190 0 -39 36 3
2210 1275 0 -39 33 6
2210 1360 0 -39 30 9
2210 1445 0 -39 27 12
2210 1530 0 -39 24 15
2210 1615 0 -39 21 18
2210 1700 0 -39 18 21
2210 1785 0 -39 15 24
2210 1870 0 -39 12 27
2210 1955 0 -39 9 30
2210 2040 0 -39 6 33
2210 2125 0 -39 3 36
2210 2210 0 -39 0 39
2210 -2210 0 -38 152 -114
2210 -1105 0 -38 114 -76
2210 0 0 -38 76 -38
2210 1105 0 -38 38 0
2210 2210 0 -38 0 38
2210 -2210 0 -37 148 -111
2210 -1105 0 -37 111 -74
2210 0 0 -37 74 -37
2210 1105 0 -37 37 0
2210 2210 0 -37 0 37
2210 -2210 0 -36 144 -108
2210 -1105 0 -36 108 -72
2210 0 0 -36 72 -36
2210 1105 0 -36 36 0
2210 2210 0 -36 0 36
2210 -2210 0 -35 140 -105
2210 -1989 0 -35 133 -98
2210 -1768 0 -35 126 -91
2210 -1547 0 -35 119 -84
2210 -1326 0 -35 112 -77
2210 -1105 0 -35 105 -70
2210 -884 0 -35 98 -63
2210 -663 0 -35 91 -56
2210 -442 0 -35 84 -49
2210 -221 0 -35 77 -42
2210 0 0 -35 70 -35
2210 221 0 -35 63 -28
2210 442 0 -35 56 -21
2210 663 0 -35 49 -14
2210 884 0 -35 42 -7
2210 1105 0 -35 35 0
2210 1326 0 -35 28 7
2210 1547 0 -35 21 14
2210 1768 0 -35 14 21
2210 1989 0 -35 7 28
2210 2210 0 -35 0 35
2210 -2210 0 -34 136 -102
2210 -2145 0 -34 134 -100
2210 -2080 0 -34 132 -98
2210 -2015 0 -34 130 -96
2210 -1950 0 -34 128 -94
2210 -1885 0 -34 126 -92
2210 -1820 0 -34 124 -90
2210 -1755 0 -34 122 -88
2210 -1690 0 -34 120 -86
2210 -1625 0 -34 118 -84
2210 -1560 0 -34 116 -82
2210 -1495 0 -34 114 -80
2210 -1430 0 -34 112 -78
2210 -1365 0 -34 110 -76
2210 -1300 0 -34 108 -74
2210 -1235 0 -34 106 -72
2210 -1170 0 -34 104 -70
2210 -1105 0 -34 102 -68
2210 -1040 0 -34 100 -66
2210 -975 0 -34 98 -64
2210 -910 0 -34 96 -62
2210 -845 0 -34 94 -60
2210 -780 0 -34 92 -58
2210 -715 0 -34 90 -56
2210 -650 0 -34 88 -54
2210 -585 0 -34 86 -52
2210 -520 0 -34 84 -50
2210 -455 0 -34 82 -48
2210 -390 0 -34 80 -46
2210 -325 0 -34 78 -44
2210 -260 0 -34 76 -42
2210 -195 0 -34 74 -40
2210 -130 0 -34 72 -38
2210 -65 0 -34 70 -36
2210 0 0 -34 68 -34
2210 65 0 -34 66 -32
2210 130 0 -34 64 -30
2210 195 0 -34 62 -28
2210 260 0 -34 60 -26
2210 325 0 -34 58 -24
2210 390 0 -34 56 -22
2210 455 0 -34 54 -20
2210 520 0 -34 52 -18
2210 585 0 -34 50 -16
2210 650 0 -34 48 -14
2210 715 0 -34 46 -12
2210 780 0 -34 44 -10
2210 845 0 -34 42 -8
2210 910 0 -34 40 -6
2210 975 0 -34 38 -4
2210 1040 0 -34 36 -2
2210 1105 0 -34 34 0
2210 1170 0 -34 32 2
2210 1235 0 -34 30 4
2210 1300 0 -34 28 6
2210 1365 0 -34 26 8
2210 1430 0 -34 24 10
2210 1495 0 -34 22 12
2210 1560 0 -34 20 14
2210 1625 0 -34 18 16
2210 1690 0 -34 16 18
2210 1755 0 -34 14 20
2210 1820 0 -34 12 22
2210 1885 0 -34 10 24
2210 1950 0 -34 8 26
2210 2015 0 -34 6 28
2210 2080 0 -34 4 30
2210 2145 0 -34 2 32
2210 2210 0 -34 0 34
2210 -2210 0 -33 132 -99
2210 -1105 0 -33 99 -66
2210 0 0 -33 66 -33
2210 1105 0 -33 33 0
2210 2210 0 -33 0 33
2210 -2210 0 -32 128 -96
2210 -1105 0 -32 96 -64
2210 0 0 -32 64 -32
2210 1105 0 -32 32 0
2210 2210 0 -32 0 32
2210 -2210 0 -31 124 -93
2210 -1105 0 -31 93 -62
2210 0 0 -31 62 -31
2210 1105 0 -31 31 0
2210 2210 0 -31 0 31
2210 -2210 0 -30 120 -90
2210 -1989 0 -30 114 -84
2210 -1768 0 -30 108 -78
2210 -1547 0 -30 102 -72
2210 -1326 0 -30 96 -66
2210 -1105 0 -30 90 -60
2210 -884 0 -30 84 -54
2210 -663 0 -30 78 -48
2210 -442 0 -30 72 -42
2210 -221 0 -30 66 -36
2210 0 0 -30 60 -30
2210 221 0 -30 54 -24
2210 442 0 -30 48 -18
2210 663 0 -30 42 -12
2210 884 0 -30 36 -6
2210 1105 0 -30 30 0
2210 1326 0 -30 24 6
2210 1547 0 -30 18 12
2210 1768 0 -30 12 18
2210 1989 0 -30 6 24
2210 2210 0 -30 0 30
2210 -2210 0 -29 116 -87
2210 -1105 0 -29 87 -58
2210 0 0 -29 58 -29
2210 1105 0 -29 29 0
2210 2210 0 -29 0 29
2210 -2210 0 -28 112 -84
2210 -1105 0 -28 84 -56
2210 0 0 -28 56 -28
2210 1105 0 -28 28 0
2210 2210 0 -28 0 28
2210 -2210 0 -27 108 -81
2210 -1105 0 -27 81 -54
2210 0 0 -27 54 -27
2210 1105 0 -27 27 0
2210 2210 0 -27 0 27
2210 -2210 0 -26 104 -78
2210 -2125 0 -26 102 -76
2210 -2040 0 -26 100 -74
2210 -1955 0 -26 98 -72
2210 -1870 0 -26 96 -70
2210 -1785 0 -26 94 -68
2210 -1700 0 -26 92 -66
2210 -1615 0 -26 90 -64
2210 -1530 0 -26 88 -62
2210 -1445 0 -26 86 -60
2210 -1360 0 -26 84 -58
2210 -1275 0 -26 82 -56
2210 -1190 0 -26 80 -54
2210 -1105 0 -26 78 -52
2210 -1020 0 -26 76 -50
2210 -935 0 -26 74 -48
2210 -850 0 -26 72 -46
2210 -765 0 -26 70 -44
2210 -680 0 -26 68 -42
2210 -595 0 -26 66 -40
2210 -510 0 -26 64 -38
2210 -425 0 -26 62 -36
2210 -340 0 -26 60 -34
2210 -255 0 -26 58 -32
2210 -170 0 -26 56 -30
2210 -85 0 -26 54 -28
2210 0 0 -26 52 -26
2210 85 0 -26 50 -24
2210 170 0 -26 48 -22
2210 255 0 -26 46 -20
2210 340 0 -26 44 -18
2210 425 0 -26 42 -16
2210 510 0 -26 40 -14
2210 595 0 -26 38 -12
2210 680 0 -26 36 -10
2210 765 0 -26 34 -8
2210 850 0 -26 32 -6
2210 935 0 -26 30 -4
2210 1020 0 -26 28 -2
2210 1105 0 -26 26 0
2210 1190 0 -26 24 2
2210 1275 0 -26 22 4
2210 1360 0 -26 20 6
2210 1445 0 -26 18 8
2210 1530 0 -26 16 10
2210 1615 0 -26 14 12
2210 1700 0 -26 12 14
2210 1785 0 -26 10 16
2210 1870 0 -26 8 18
2210 1955 0 -26 6 20
2210 2040 0 -26 4 22
2210 2125 0 -26 2 24
2210 2210 0 -26 0 26
2210 -2210 0 -25 100 -75
2210 -1989 0 -25 95 -70
2210 -1768 0 -25 90 -65
2210 -1547 0 -25 85 -60
2210 -1326 0 -25 80 -55
2210 -1105 0 -25 75 -50
2210 -884 0 -25 70 -45
2210 -663 0 -25 65 -40
2210 -442 0 -25 60 -35
2210 -221 0 -25 55 -30
2210 0 0 -25 50 -25
2210 221 0 -25 45 -20
2210 442 0 -25 40 -15
2210 663 0 -25 35 -10
2210 884 0 -25 30 -5
2210 1105 0 -25 25 0
2210 1326 0 -25 20 5
2210 1547 0 -25 15 10
2210 1768 0 -25 10 15
2210 1989 0 -25 5 20
2210 2210 0 -25 0 25
2210 -2210 0 -24 96 -72
2210 -1105 0 -24 72 -48
2210 0 0 -24 48 -24
2210 1105 0 -24 24 0
2210 2210 0 -24 0 24
2210 -2210 0 -23 92 -69
2210 -1105 0 -23 69 -46
2210 0 0 -23 46 -23
2210 1105 0 -23 23 0
2210 2210 0 -23 0 23
2210 -2210 0 -22 88 -66
2210 -1105 0 -22 66 -44
2210 0 0 -22 44 -22
2210 1105 0 -22 22 0
2210 2210 0 -22 0 22
2210 -2210 0 -21 84 -63
2210 -1105 0 -21 63 -42
2210 0 0 -21 42 -21
2210 1105 0 -21 21 0
2210 2210 0 -21 0 21
2210 -2210 0 -20 80 -60
2210 -1989 0 -20 76 -56
2210 -1768 0 -20 72 -52
2210 -1547 0 -20 68 -48
2210 -1326 0 -20 64 -44
2210 -1105 0 -20 60 -40
2210 -884 0 -20 56 -36
2210 -663 0 -20 52 -32
2210 -442 0 -20 48 -28
2210 -221 0 -20 44 -24
2210 0 0 -20 40 -20
2210 221 0 -20 36 -16
2210 442 0 -20 32 -12
2210 663 0 -20 28 -8
2210 884 0 -20 24 -4
2210 1105 0 -20 20 0
2210 1326 0 -20 16 4
2210 1547 0 -20 12 8
2210 1768 0 -20 8 12
2210 1989 0 -20 4 16
2210 2210 0 -20 0 20
2210 -2210 0 -19 76 -57
2210 -1105 0 -19 57 -38
2210 0 0 -19 38 -19
2210 1105 0 -19 19 0
2210 2210 0 -19 0 19
2210 -2210 0 -18 72 -54
2210 -1105 0 -18 54 -36
2210 0 0 -18 36 -18
2210 1105 0 -18 18 0
2210 2210 0 -18 0 18
2210 -2210 0 -17 68 -51
2210 -2145 0 -17 67 -50
2210 -2080 0 -17 66 -49
2210 -2015 0 -17 65 -48
2210 -1950 0 -17 64 -47
2210 -1885 0 -17 63 -46
2210 -1820 0 -17 62 -45
2210 -1755 0 -17 61 -44
2210 -1690 0 -17 60 -43
2210 -1625 0 -17 59 -42
2210 -1560 0 -17 58 -41
2210 -1495 0 -17 57 -40
2210 -1430 0 -17 56 -39
2210 -1365 0 -17 55 -38
2210 -1300 0 -17 54 -37
2210 -1235 0 -17 53 -36
2210 -1170 0 -17 52 -35
2210 -1105 0 -17 51 -34
2210 -1040 0 -17 50 -33
2210 -975 0 -17 49 -32
2210 -910 0 -17 48 -31
2210 -845 0 -17 47 -30
2210 -780 0 -17 46 -29
2210 -715 0 -17 45 -28
2210 -650 0 -17 44 -27
2210 -585 0 -17 43 -26
2210 -520 0 -17 42 -25
2210 -455 0 -17 41 -24
2210 -390 0 -17 40 -23
2210 -325 0 -17 39 -22
2210 -260 0 -17 38 -21
2210 -195 0 -17 37 -20
2210 -130 0 -17 36 -19
2210 -65 0 -17 35 -18
2210 0 0 -17 34 -17
2210 65 0 -17 33 -16
2210 130 0 -17 32 -15
2210 195 0 -17 31 -14
2210 260 0 -17 30 -13
2210 325 0 -17 29 -12
2210 390 0 -17 28 -11
2210 455 0 -17 27 -10
2210 520 0 -17 26 -9
2210 585 0 -17 25 -8
2210 650 0 -17 24 -7
2210 715 0 -17 23 -6
2210 780 0 -17 22 -5
2210 845 0 -17 21 -4
2210 910 0 -17 20 -3
2210 975 0 -17 19 -2
2210 1040 0 -17 18 -1
2210 1105 0 -17 17 0
2210 1170 0 -17 16 1
2210 1235 0 -17 15 2
2210 1300 0 -17 14 3
2210 1365 0 -17 13 4
2210 1430 0 -17 12 5
2210 1495 0 -17 11 6
2210 1560 0 -17 10 7
2210 1625 0 -17 9 8
2210 1690 0 -17 8 9
2210 1755 0 -17 7 10
2210 1820 0 -17 6 11
2210 1885 0 -17 5 12
2210 1950 0 -17 4 13
2210 2015 0 -17 3 14
2210 2080 0 -17 2 15
2210 2145 0 -17 1 16
2210 2210 0 -17 0 17
2210 -2210 0 -16 64 -48
2210 -1105 0 -16 48 -32
2210 0 0 -16 32 -16
2210 1105 0 -16 16 0
2210 2210 0 -16 0 16
2210 -2210 0 -15 60 -45
2210 -1989 0 -15 57 -42
2210 -1768 0 -15 54 -39
2210 -1547 0 -15 51 -36
2210 -1326 0 -15 48 -33
2210 -1105 0 -15 45 -30
2210 -884 0 -15 42 -27
2210 -663 0 -15 39 -24
2210 -442 0 -15 36 -21
2210 -221 0 -15 33 -18
2210 0 0 -15 30 -15
2210 221 0 -15 27 -12
2210 442 0 -15 24 -9
2210 663 0 -15 21 -6
2210 884 0 -15 18 -3
2210 1105 0 -15 15 0
2210 1326 0 -15 12 3
2210 1547 0 -15 9 6
2210 1768 0 -15 6 9
2210 1989 0 -15 3 12
2210 2210 0 -15 0 15
2210 -2210 0 -14 56 -42
2210 -1105 0 -14 42 -28
2210 0 0 -14 28 -14
2210 1105 0 -14 14 0
2210 2210 0 -14 0 14
2210 -2210 0 -13 52 -39
2210 -2125 0 -13 51 -38
2210 -2040 0 -13 50 -37
2210 -1955 0 -13 49 -36
2210 -1870 0 -13 48 -35
2210 -1785 0 -13 47 -34
2210 -1700 0 -13 46 -33
2210 -1615 0 -13 45 -32
2210 -1530 0 -13 44 -31
2210 -1445 0 -13 43 -30
2210 -1360 0 -13 42 -29
2210 -1275 0 -13 41 -28
2210 -1190 0 -13 40 -27
2210 -1105 0 -13 39 -26
2210 -1020 0 -13 38 -25
2210 -935 0 -13 37 -24
2210 -850 0 -13 36 -23
2210 -765 0 -13 35 -22
2210 -680 0 -13 34 -21
2210 -595 0 -13 33 -20
2210 -510 0 -13 32 -19
2210 -425 0 -13 31 -18
2210 -340 0 -13 30 -17
2210 -255 0 -13 29 -16
2210 -170 0 -13 28 -15
2210 -85 0 -13 27 -14
2210 0 0 -13 26 -13
2210 85 0 -13 25 -12
2210 170 0 -13 24 -11
2210 255 0 -13 23 -10
2210 340 0 -13 22 -9
2210 425 0 -13 21 -8
2210 510 0 -13 20 -7
2210 595 0 -13 19 -6
2210 680 0 -13 18 -5
2210 765 0 -13 17 -4
2210 850 0 -13 16 -3
2210 935 0 -13 15 -2
2210 1020 0 -13 14 -1
2210 1105 0 -13 13 0
2210 1190 0 -13 12 1
2210 1275 0 -13 11 2
2210 1360 0 -13 10 3
2210 1445 0 -13 9 4
2210 1530 0 -13 8 5
2210 1615 0 -13 7 6
2210 1700 0 -13 6 7
2210 1785 0 -13 5 8
2210 1870 0 -13 4 9
2210 1955 0 -13 3 10
2210 2040 0 -13 2 11
2210 2125 0 -13 1 12
2210 2210 0 -13 0 13
2210 -2210 0 -12 48 -36
2210 -1105 0 -12 36 -24
2210 0 0 -12 24 -12
2210 1105 0 -12 12 0
2210 2210 0 -12 0 12
2210 -2210 0 -11 44 -33
2210 -1105 0 -11 33 -22
2210 0 0 -11 22 -11
2210 1105 0 -11 11 0
2210 2210 0 -11 0 11
2210 -2210 0 -10 40 -30
2210 -1989 0 -10 38 -28
2210 -1768 0 -10 36 -26
2210 -1547 0 -10 34 -24
2210 -1326 0 -10 32 -22
2210 -1105 0 -10 30 -20
2210 -884 0 -10 28 -18
2210 -663 0 -10 26 -16
2210 -442 0 -10 24 -14
2210 -221 0 -10 22 -12
2210 0 0 -10 20 -10
2210 221 0 -10 18 -8
2210 442 0 -10 16 -6
2210 663 0 -10 14 -4
2210 884 0 -10 12 -2
2210 1105 0 -10 10 0
2210 1326 0 -10 8 2
2210 1547 0 -10 6 4
2210 1768 0 -10 4 6
2210 1989 0 -10 2 8
2210 2210 0 -10 0 10
2210 -2210 0 -9 36 -27
2210 -1105 0 -9 27 -18
2210 0 0 -9 18 -9
2210 1105 0 -9 9 0
2210 2210 0 -9 0 9
2210 -2210 0 -8 32 -24
2210 -1105 0 -8 24 -16
2210 0 0 -8 16 -8
2210 1105 0 -8 8 0
2210 2210 0 -8 0 8
2210 -2210 0 -7 28 -21
2210 -1105 0 -7 21 -14
2210 0 0 -7 14 -7
2210 1105 0 -7 7 0
2210 2210 0 -7 0 7
2210 -2210 0 -6 24 -18
2210 -1105 0 -6 18 -12
2210 0 0 -6 12 -6
2210 1105 0 -6 6 0
2210 2210 0 -6 0 6
2210 -2210 0 -5 20 -15
2210 -1989 0 -5 19 -14
2210 -1768 0 -5 18 -13
2210 -1547 0 -5 17 -12
2210 -1326 0 -5 16 -11
2210 -1105 0 -5 15 -10
2210 -884 0 -5 14 -9
2210 -663 0 -5 13 -8
2210 -442 0 -5 12 -7
2210 -221 0 -5 11 -6
2210 0 0 -5 10 -5
2210 221 0 -5 9 -4
2210 442 0 -5 8 -3
2210 663 0 -5 7 -2
2210 884 0 -5 6 -1
2210 1105 0 -5 5 0
2210 1326 0 -5 4 1
2210 1547 0 -5 3 2
2210 1768 0 -5 2 3
2210 1989 0 -5 1 4
2210 2210 0 -5 0 5
2210 -2210 0 -4 16 -12
2210 -1105 0 -4 12 -8
2210 0 0 -4 8 -4
2210 1105 0 -4 4 0
2210 2210 0 -4 0 4
2210 -2210 0 -3 12 -9
2210 -1105 0 -3 9 -6
2210 0 0 -3 6 -3
2210 1105 0 -3 3 0
2210 2210 0 -3 0 3
2210 -2210 0 -2 8 -6
2210 -1105 0 -2 6 -4
2210 0 0 -2 4 -2
2210 1105 0 -2 2 0
2210 2210 0 -2 0 2
2210 -2210 0 -1 4 -3
2210 -1105 0 -1 3 -2
2210 0 0 -1 2 -1
2210 1105 0 -1 1 0
2210 2210 0 -1 0 1
2210 -2210 -1 1 -4 4
2210 -2210 0 1 -4 3
2210 -2210 1 1 -4 4
2210 -1105 0 1 -3 2
2210 0 0 1 -2 1
2210 1105 0 1 -1 0
2210 2210 0 1 0 -1
2210 -2210 0 2 -8 6
2210 -1105 0 2 -6 4
2210 0 0 2 -4 2
2210 1105 0 2 -2 0
2210 2210 0 2 0 -2
2210 -2210 0 3 -12 9
2210 -1105 0 3 -9 6
2210 0 0 3 -6 3
2210 1105 0 3 -3 0
2210 2210 0 3 0 -3
2210 -2210 -2 4 -16 16
2210 -2210 0 4 -16 12
2210 -2210 2 4 -16 16
2210 -1105 0 4 -12 8
2210 0 0 4 -8 4
2210 1105 0 4 -4 0
2210 2210 0 4 0 -4
2210 -2210 0 5 -20 15
2210 -1989 0 5 -19 14
2210 -1768 0 5 -18 13
2210 -1547 0 5 -17 12
2210 -1326 0 5 -16 11
2210 -1105 0 5 -15 10
2210 -884 0 5 -14 9
2210 -663 0 5 -13 8
2210 -442 0 5 -12 7
2210 -221 0 5 -11 6
2210 0 0 5 -10 5
2210 221 0 5 -9 4
2210 442 0 5 -8 3
2210 663 0 5 -7 2
2210 884 0 5 -6 1
2210 1105 0 5 -5 0
2210 1326 0 5 -4 -1
2210 1547 0 5 -3 -2
2210 1768 0 5 -2 -3
2210 1989 0 5 -1 -4
2210 2210 0 5 0 -5
2210 -2210 0 6 -24 18
2210 -1105 0 6 -18 12
2210 0 0 6 -12 6
2210 1105 0 6 -6 0
2210 2210 0 6 0 -6
2210 -2210 0 7 -28 21
2210 -1105 0 7 -21 14
2210 0 0 7 -14 7
2210 1105 0 7 -7 0
2210 2210 0 7 0 -7
2210 -2210 0 8 -32 24
2210 -1105 0 8 -24 16
2210 0 0 8 -16 8
2210 1105 0 8 -8 0
2210 2210 0 8 0 -8
2210 -2210 -3 9 -36 36
2210 -2210 0 9 -36 27
2210 -2210 3 9 -36 36
2210 -1105 0 9 -27 18
2210 0 0 9 -18 9
2210 1105 0 9 -9 0
2210 2210 0 9 0 -9
2210 -2210 0 10 -40 30
2210 -1989 0 10 -38 28
2210 -1768 0 10 -36 26
2210 -1547 0 10 -34 24
2210 -1326 0 10 -32 22
2210 -1105 0 10 -30 20
2210 -884 0 10 -28 18
2210 -663 0 10 -26 16
2210 -442 0 10 -24 14
2210 -221 0 10 -22 12
2210 0 0 10 -20 10
2210 221 0 10 -18 8
2210 442 0 10 -16 6
2210 663 0 10 -14 4
2210 884 0 10 -12 2
2210 1105 0 10 -10 0
2210 1326 0 10 -8 -2
2210 1547 0 10 -6 -4
2210 1768 0 10 -4 -6
2210 1989 0 10 -2 -8
2210 2210 0 10 0 -10
2210 -2210 0 11 -44 33
2210 -1105 0 11 -33 22
2210 0 0 11 -22 11
2210 1105 0 11 -11 0
2210 2210 0 11 0 -11
2210 -2210 0 12 -48 36
2210 -1105 0 12 -36 24
2210 0 0 12 -24 12
2210 1105 0 12 -12 0
2210 2210 0 12 0 -12
2210 -2210 0 13 -52 39
2210 -2125 0 13 -51 38
2210 -2040 0 13 -50 37
2210 -1955 0 13 -49 36
2210 -1870 0 13 -48 35
2210 -1785 0 13 -47 34
2210 -1700 0 13 -46 33
2210 -1615 0 13 -45 32
2210 -1530 0 13 -44 31
2210 -1445 0 13 -43 30
2210 -1360 0 13 -42 29
2210 -1275 0 13 -41 28
2210 -1190 0 13 -40 27
2210 -1105 0 13 -39 26
2210 -1020 0 13 -38 25
2210 -935 0 13 -37 24
2210 -850 0 13 -36 23
2210 -765 0 13 -35 22
2210 -680 0 13 -34 21
2210 -595 0 13 -33 20
2210 -510 0 13 -32 19
2210 -425 0 13 -31 18
2210 -340 0 13 -30 17
2210 -255 0 13 -29 16
2210 -170 0 13 -28 15
2210 -85 0 13 -27 14
2210 0 0 13 -26 13
2210 85 0 13 -25 12
2210 170 0 13 -24 11
2210 255 0 13 -23 10
2210 340 0 13 -22 9
2210 425 0 13 -21 8
2210 510 0 13 -20 7
2210 595 0 13 -19 6
2210 680 0 13 -18 5
2210 765 0 13 -17 4
2210 850 0 13 -16 3
2210 935 0 13 -15 2
2210 1020 0 13 -14 1
2210 1105 0 13 -13 0
2210 1190 0 13 -12 -1
2210 1275 0 13 -11 -2
2210 1360 0 13 -10 -3
2210 1445 0 13 -9 -4
2210 1530 0 13 -8 -5
2210 1615 0 13 -7 -6
2210 1700 0 13 -6 -7
2210 1785 0 13 -5 -8
2210 1870 0 13 -4 -9
2210 1955 0 13 -3 -10
2210 2040 0 13 -2 -11
2210 2125 0 13 -1 -12
2210 2210 0 13 0 -13
2210 -2210 0 14 -56 42
2210 -1105 0 14 -42 28
2210 0 0 14 -28 14
2210 1105 0 14 -14 0
2210 2210 0 14 0 -14
2210 -2210 0 15 -60 45
2210 -1989 0 15 -57 42
2210 -1768 0 15 -54 39
2210 -1547 0 15 -51 36
2210 -1326 0 15 -48 33
2210 -1105 0 15 -45 30
2210 -884 0 15 -42 27
2210 -663 0 15 -39 24
2210 -442 0 15 -36 21
2210 -221 0 15 -33 18
2210 0 0 15 -30 15
2210 221 0 15 -27 12
2210 442 0 15 -24 9
2210 663 0 15 -21 6
2210 884 0 15 -18 3
2210 1105 0 15 -15 0
2210 1326 0 15 -12 -3
2210 1547 0 15 -9 -6
2210 1768 0 15 -6 -9
2210 1989 0 15 -3 -12
2210 2210 0 15 0 -15
2210 -2210 -4 16 -64 64
2210 -2210 0 16 -64 48
2210 -2210 4 16 -64 64
2210 -1105 0 16 -48 32
2210 0 0 16 -32 16
2210 1105 0 16 -16 0
2210 2210 0 16 0 -16
2210 -2210 0 17 -68 51
2210 -2145 0 17 -67 50
2210 -2080 0 17 -66 49
2210 -2015 0 17 -65 48
2210 -1950 0 17 -64 47
2210 -1885 0 17 -63 46
2210 -1820 0 17 -62 45
2210 -1755 0 17 -61 44
2210 -1690 0 17 -60 43
2210 -1625 0 17 -59 42
2210 -1560 0 17 -58 41
2210 -1495 0 17 -57 40
2210 -1430 0 17 -56 39
2210 -1365 0 17 -55 38
2210 -1300 0 17 -54 37
2210 -1235 0 17 -53 36
2210 -1170 0 17 -52 35
2210 -1105 0 17 -51 34
2210 -1040 0 17 -50 33
2210 -975 0 17 -49 32
2210 -910 0 17 -48 31
2210 -845 0 17 -47 30
2210 -780 0 17 -46 29
2210 -715 0 17 -45 28
2210 -650 0 17 -44 27
2210 -585 0 17 -43 26
2210 -520 0 17 -42 25
2210 -455 0 17 -41 24
2210 -390 0 17 -40 23
2210 -325 0 17 -39 22
2210 -260 0 17 -38 21
2210 -195 0 17 -37 20
2210 -130 0 17 -36 19
2210 -65 0 17 -35 18
2210 0 0 17 -34 17
2210 65 0 17 -33 16
2210 130 0 17 -32 15
2210 195 0 17 -31 14
2210 260 0 17 -30 13
2210 325 0 17 -29 12
2210 390 0 17 -28 11
2210 455 0 17 -27 10
2210 520 0 17 -26 9
2210 585 0 17 -25 8
2210 650 0 17 -24 7
2210 715 0 17 -23 6
2210 780 0 17 -22 5
2210 845 0 17 -21 4
2210 910 0 17 -20 3
2210 975 0 17 -19 2
2210 1040 0 17 -18 1
2210 1105 0 17 -17 0
2210 1170 0 17 -16 -1
2210 1235 0 17 -15 -2
2210 1300 0 17 -14 -3
2210 1365 0 17 -13 -4
2210 1430 0 17 -12 -5
2210 1495 0 17 -11 -6
2210 1560 0 17 -10 -7
2210 1625 0 17 -9 -8
2210 1690 0 17 -8 -9
2210 1755 0 17 -7 -10
2210 1820 0 17 -6 -11
2210 1885 0 17 -5 -12
2210 1950 0 17 -4 -13
2210 2015 0 17 -3 -14
2210 2080 0 17 -2 -15
2210 2145 0 17 -1 -16
2210 2210 0 17 0 -17
2210 -2210 0 18 -72 54
2210 -1105 0 18 -54 36
2210 0 0 18 -36 18
2210 1105 0 18 -18 0
2210 2210 0 18 0 -18
2210 -2210 0 19 -76 57
2210 -1105 0 19 -57 38
2210 0 0 19 -38 19
2210 1105 0 19 -19 0
2210 2210 0 19 0 -19
2210 -2210 0 20 -80 60
2210 -1989 0 20 -76 56
2210 -1768 0 20 -72 52
2210 -1547 0 20 -68 48
2210 -1326 0 20 -64 44
2210 -1105 0 20 -60 40
2210 -884 0 20 -56 36
2210 -663 0 20 -52 32
2210 -442 0 20 -48 28
2210 -221 0 20 -44 24
2210 0 0 20 -40 20
2210 221 0 20 -36 16
2210 442 0 20 -32 12
2210 663 0 20 -28 8
2210 884 0 20 -24 4
2210 1105 0 20 -20 0
2210 1326 0 20 -16 -4
2210 1547 0 20 -12 -8
2210 1768 0 20 -8 -12
2210 1989 0 20 -4 -16
2210 2210 0 20 0 -20
2210 -2210 0 21 -84 63
2210 -1105 0 21 -63 42
2210 0 0 21 -42 21
2210 1105 0 21 -21 0
2210 2210 0 21 0 -21
2210 -2210 0 22 -88 66
2210 -1105 0 22 -66 44
2210 0 0 22 -44 22
2210 1105 0 22 -22 0
2210 2210 0 22 0 -22
2210 -2210 0 23 -92 69
2210 -1105 0 23 -69 46
2210 0 0 23 -46 23
2210 1105 0 23 -23 0
2210 2210 0 23 0 -23
2210 -2210 0 24 -96 72
2210 -1105 0 24 -72 48
2210 0 0 24 -48 24
2210 1105 0 24 -24 0
2210 2210 0 24 0 -24
2210 -2210 -5 25 -100 100
2210 -2210 0 25 -100 75
2210 -2210 5 25 -100 100
2210 -1989 0 25 -95 70
2210 -1768 0 25 -90 65
2210 -1547 0 25 -85 60
2210 -1326 0 25 -80 55
2210 -1105 0 25 -75 50
2210 -884 0 25 -70 45
2210 -663 0 25 -65 40
2210 -442 0 25 -60 35
2210 -221 0 25 -55 30
2210 0 0 25 -50 25
2210 221 0 25 -45 20
2210 442 0 25 -40 15
2210 663 0 25 -35 10
2210 884 0 25 -30 5
2210 1105 0 25 -25 0
2210 1326 0 25 -20 -5
2210 1547 0 25 -15 -10
2210 1768 0 25 -10 -15
2210 1989 0 25 -5 -20
2210 2210 0 25 0 -25
2210 -2210 0 26 -104 78
2210 -2125 0 26 -102 76
2210 -2040 0 26 -100 74
2210 -1955 0 26 -98 72
2210 -1870 0 26 -96 70
2210 -1785 0 26 -94 68
2210 -1700 0 26 -92 66
2210 -1615 0 26 -90 64
2210 -1530 0 26 -88 62
2210 -1445 0 26 -86 60
2210 -1360 0 26 -84 58
2210 -1275 0 26 -82 56
2210 -1190 0 26 -80 54
2210 -1105 0 26 -78 52
2210 -1020 0 26 -76 50
2210 -935 0 26 -74 48
2210 -850 0 26 -72 46
2210 -765 0 26 -70 44
2210 -680 0 26 -68 42
2210 -595 0 26 -66 40
2210 -510 0 26 -64 38
2210 -425 0 26 -62 36
2210 -340 0 26 -60 34
2210 -255 0 26 -58 32
2210 -170 0 26 -56 30
2210 -85 0 26 -54 28
2210 0 0 26 -52 26
2210 85 0 26 -50 24
2210 170 0 26 -48 22
2210 255 0 26 -46 20
2210 340 0 26 -44 18
2210 425 0 26 -42 16
2210 510 0 26 -40 14
2210 595 0 26 -38 12
2210 680 0 26 -36 10
2210 765 0 26 -34 8
2210 850 0 26 -32 6
2210 935 0 26 -30 4
2210 1020 0 26 -28 2
2210 1105 0 26 -26 0
2210 1190 0 26 -24 -2
2210 1275 0 26 -22 -4
2210 1360 0 26 -20 -6
2210 1445 0 26 -18 -8
2210 1530 0 26 -16 -10
2210 1615 0 26 -14 -12
2210 1700 0 26 -12 -14
2210 1785 0 26 -10 -16
2210 1870 0 26 -8 -18
2210 1955 0 26 -6 -20
2210 2040 0 26 -4 -22
2210 2125 0 26 -2 -24
2210 2210 0 26 0 -26
2210 -2210 0 27 -108 81
2210 -1105 0 27 -81 54
2210 0 0 27 -54 27
2210 1105 0 27 -27 0
2210 2210 0 27 0 -27
2210 -2210 0 28 -112 84
2210 -1105 0 28 -84 56
2210 0 0 28 -56 28
2210 1105 0 28 -28 0
2210 2210 0 28 0 -28
2210 -2210 0 29 -116 87
2210 -1105 0 29 -87 58
2210 0 0 29 -58 29
2210 1105 0 29 -29 0
2210 2210 0 29 0 -29
2210 -2210 0 30 -120 90
2210 -1989 0 30 -114 84
2210 -1768 0 30 -108 78
2210 -1547 0 30 -102 72
2210 -1326 0 30 -96 66
2210 -1105 0 30 -90 60
2210 -884 0 30 -84 54
2210 -663 0 30 -78 48
2210 -442 0 30 -72 42
2210 -221 0 30 -66 36
2210 0 0 30 -60 30
2210 221 0 30 -54 24
2210 442 0 30 -48 18
2210 663 0 30 -42 12
2210 884 0 30 -36 6
2210 1105 0 30 -30 0
2210 1326 0 30 -24 -6
2210 1547 0 30 -18 -12
2210 1768 0 30 -12 -18
2210 1989 0 30 -6 -24
2210 2210 0 30 0 -30
2210 -2210 0 31 -124 93
2210 -1105 0 31 -93 62
2210 0 0 31 -62 31
2210 1105 0 31 -31 0
2210 2210 0 31 0 -31
2210 -2210 0 32 -128 96
2210 -1105 0 32 -96 64
2210 0 0 32 -64 32
2210 1105 0 32 -32 0
2210 2210 0 32 0 -32
2210 -2210 0 33 -132 99
2210 -1105 0 33 -99 66
2210 0 0 33 -66 33
2210 1105 0 33 -33 0
2210 2210 0 33 0 -33
2210 -2210 0 34 -136 102
2210 -2145 0 34 -134 100
2210 -2080 0 34 -132 98
2210 -2015 0 34 -130 96
2210 -1950 0 34 -128 94
2210 -1885 0 34 -126 92
2210 -1820 0 34 -124 90
2210 -1755 0 34 -122 88
2210 -1690 0 34 -120 86
2210 -1625 0 34 -118 84
2210 -1560 0 34 -116 82
2210 -1495 0 34 -114 80
2210 -1430 0 34 -112 78
2210 -1365 0 34 -110 76
2210 -1300 0 34 -108 74
2210 -1235 0 34 -106 72
2210 -1170 0 34 -104 70
2210 -1105 0 34 -102 68
2210 -1040 0 34 -100 66
2210 -975 0 34 -98 64
2210 -910 0 34 -96 62
2210 -845 0 34 -94 60
2210 -780 0 34 -92 58
2210 -715 0 34 -90 56
2210 -650 0 34 -88 54
2210 -585 0 34 -86 52
2210 -520 0 34 -84 50
2210 -455 0 34 -82 48
2210 -390 0 34 -80 46
2210 -325 0 34 -78 44
2210 -260 0 34 -76 42
2210 -195 0 34 -74 40
2210 -130 0 34 -72 38
2210 -65 0 34 -70 36
2210 0 0 34 -68 34
2210 65 0 34 -66 32
2210 130 0 34 -64 30
2210 195 0 34 -62 28
2210 260 0 34 -60 26
2210 325 0 34 -58 24
2210 390 0 34 -56 22
2210 455 0 34 -54 20
2210 520 0 34 -52 18
2210 585 0 34 -50 16
2210 650 0 34 -48 14
2210 715 0 34 -46 12
2210 780 0 34 -44 10
2210 845 0 34 -42 8
2210 910 0 34 -40 6
2210 975 0 34 -38 4
2210 1040 0 34 -36 2
2210 1105 0 34 -34 0
2210 1170 0 34 -32 -2
2210 1235 0 34 -30 -4
2210 1300 0 34 -28 -6
2210 1365 0 34 -26 -8
2210 1430 0 34 -24 -10
2210 1495 0 34 -22 -12
2210 1560 0 34 -20 -14
2210 1625 0 34 -18 -16
2210 1690 0 34 -16 -18
2210 1755 0 34 -14 -20
2210 1820 0 34 -12 -22
2210 1885 0 34 -10 -24
2210 1950 0 34 -8 -26
2210 2015 0 34 -6 -28
2210 2080 0 34 -4 -30
2210 2145 0 34 -2 -32
2210 2210 0 34 0 -34
2210 -2210 0 35 -140 105
2210 -1989 0 35 -133 98
2210 -1768 0 35 -126 91
2210 -1547 0 35 -119 84
2210 -1326 0 35 -112 77
2210 -1105 0 35 -105 70
2210 -884 0 35 -98 63
2210 -663 0 35 -91 56
2210 -442 0 35 -84 49
2210 -221 0 35 -77 42
2210 0 0 35 -70 35
2210 221 0 35 -63 28
2210 442 0 35 -56 21
2210 663 0 35 -49 14
2210 884 0 35 -42 7
2210 1105 0 35 -35 0
2210 1326 0 35 -28 -7
2210 1547 0 35 -21 -14
2210 1768 0 35 -14 -21
2210 1989 0 35 -7 -28
2210 2210 0 35 0 -35
2210 -2210 -6 36 -144 144
2210 -2210 0 36 -144 108
2210 -2210 6 36 -144 144
2210 -1105 0 36 -108 72
2210 0 0 36 -72 36
2210 1105 0 36 -36 0
2210 2210 0 36 0 -36
2210 -2210 0 37 -148 111
2210 -1105 0 37 -111 74
2210 0 0 37 -74 37
2210 1105 0 37 -37 0
2210 2210 0 37 0 -37
2210 -2210 0 38 -152 114
2210 -1105 0 38 -114 76
2210 0 0 38 -76 38
2210 1105 0 38 -38 0
2210 2210 0 38 0 -38
2210 -2210 0 39 -156 117
2210 -2125 0 39 -153 114
2210 -2040 0 39 -150 111
2210 -1955 0 39 -147 108
2210 -1870 0 39 -144 105
2210 -1785 0 39 -141 102
2210 -1700 0 39 -138 99
2210 -1615 0 39 -135 96
2210 -1530 0 39 -132 93
2210 -1445 0 39 -129 90
2210 -1360 0 39 -126 87
2210 -1275 0 39 -123 84
2210 -1190 0 39 -120 81
2210 -1105 0 39 -117 78
2210 -1020 0 39 -114 75
2210 -935 0 39 -111 72
2210 -850 0 39 -108 69
2210 -765 0 39 -105 66
2210 -680 0 39 -102 63
2210 -595 0 39 -99 60
2210 -510 0 39 -96 57
2210 -425 0 39 -93 54
2210 -340 0 39 -90 51
2210 -255 0 39 -87 48
2210 -170 0 39 -84 45
2210 -85 0 39 -81 42
2210 0 0 39 -78 39
2210 85 0 39 -75 36
2210 170 0 39 -72 33
2210 255 0 39 -69 30
2210 340 0 39 -66 27
2210 425 0 39 -63 24
2210 510 0 39 -60 21
2210 595 0 39 -57 18
2210 680 0 39 -54 15
2210 765 0 39 -51 12
2210 850 0 39 -48 9
2210 935 0 39 -45 6
2210 1020 0 39 -42 3
2210 1105 0 39 -39 0
2210 1190 0 39 -36 -3
2210 1275 0 39 -33 -6
2210 1360 0 39 -30 -9
2210 1445 0 39 -27 -12
2210 1530 0 39 -24 -15
2210 1615 0 39 -21 -18
2210 1700 0 39 -18 -21
2210 1785 0 39 -15 -24
2210 1870 0 39 -12 -27
2210 1955 0 39 -9 -30
2210 2040 0 39 -6 -33
2210 2125 0 39 -3 -36
2210 2210 0 39 0 -39
2210 -2210 0 40 -160 120
2210 -1989 0 40 -152 112
2210 -1768 0 40 -144 104
2210 -1547 0 40 -136 96
2210 -1326 0 40 -128 88
2210 -1105 0 40 -120 80
2210 -884 0 40 -112 72
2210 -663 0 40 -104 64
2210 -442 0 40 -96 56
2210 -221 0 40 -88 48
2210 0 0 40 -80 40
2210 221 0 40 -72 32
2210 442 0 40 -64 24
2210 663 0 40 -56 16
2210 884 0 40 -48 8
2210 1105 0 40 -40 0
2210 1326 0 40 -32 -8
2210 1547 0 40 -24 -16
2210 1768 0 40 -16 -24
2210 1989 0 40 -8 -32
2210 2210 0 40 0 -40
2210 -2210 0 41 -164 123
2210 -1105 0 41 -123 82
2210 0 0 41 -82 41
2210 1105 0 41 -41 0
2210 2210 0 41 0 -41
2210 -2210 0 42 -168 126
2210 -1105 0 42 -126 84
2210 0 0 42 -84 42
2210 1105 0 42 -42 0
2210 2210 0 42 0 -42
2210 -2210 0 43 -172 129
2210 -1105 0 43 -129 86
2210 0 0 43 -86 43
2210 1105 0 43 -43 0
2210 2210 0 43 0 -43
2210 -2210 0 44 -176 132
2210 -1105 0 44 -132 88
2210 0 0 44 -88 44
2210 1105 0 44 -44 0
2210 2210 0 44 0 -44
2210 -2210 0 45 -180 135
2210 -1989 0 45 -171 126
2210 -1768 0 45 -162 117
2210 -1547 0 45 -153 108
2210 -1326 0 45 -144 99
2210 -1105 0 45 -135 90
2210 -884 0 45 -126 81
2210 -663 0 45 -117 72
2210 -442 0 45 -108 63
2210 -221 0 45 -99 54
2210 0 0 45 -90 45
2210 221 0 45 -81 36
2210 442 0 45 -72 27
2210 663 0 45 -63 18
2210 884 0 45 -54 9
2210 1105 0 45 -45 0
2210 1326 0 45 -36 -9
2210 1547 0 45 -27 -18
2210 1768 0 45 -18 -27
2210 1989 0 45 -9 -36
2210 2210 0 45 0 -45
2210 -2210 0 46 -184 138
2210 -1105 0 46 -138 92
2210 0 0 46 -92 46
2210 1105 0 46 -46 0
2210 2210 0 46 0 -46
2210 -2210 0 47 -188 141
2210 -1105 0 47 -141 94
2210 0 0 47 -94 47
2210 1105 0 47 -47 0
2210 2210 0 47 0 -47
2210 -2210 0 48 -192 144
2210 -1105 0 48 -144 96
2210 0 0 48 -96 48
2210 1105 0 48 -48 0
2210 2210 0 48 0 -48
2210 -2210 -7 49 -196 196
2210 -2210 0 49 -196 147
2210 -2210 7 49 -196 196
2210 -1105 0 49 -147 98
2210 0 0 49 -98 49
2210 1105 0 49 -49 0
2210 2210 0 49 0 -49
2210 -2210 0 50 -200 150
2210 -1989 0 50 -190 140
2210 -1768 0 50 -180 130
2210 -1547 0 50 -170 120
2210 -1326 0 50 -160 110
2210 -1105 0 50 -150 100
2210 -884 0 50 -140 90
2210 -663 0 50 -130 80
2210 -442 0 50 -120 70
2210 -221 0 50 -110 60
2210 0 0 50 -100 50
2210 221 0 50 -90 40
2210 442 0 50 -80 30
2210 663 0 50 -70 20
2210 884 0 50 -60 10
2210 1105 0 50 -50 0
2210 1326 0 50 -40 -10
2210 1547 0 50 -30 -20
2210 1768 0 50 -20 -30
2210 1989 0 50 -10 -40
2210 2210 0 50 0 -50
2210 -2210 0 51 -204 153
2210 -2145 0 51 -201 150
2210 -2080 0 51 -198 147
2210 -2015 0 51 -195 144
2210 -1950 0 51 -192 141
2210 -1885 0 51 -189 138
2210 -1820 0 51 -186 135
2210 -1755 0 51 -183 132
2210 -1690 0 51 -180 129
2210 -1625 0 51 -177 126
2210 -1560 0 51 -174 123
2210 -1495 0 51 -171 120
2210 -1430 0 51 -168 117
2210 -1365 0 51 -165 114
2210 -1300 0 51 -162 111
2210 -1235 0 51 -159 108
2210 -1170 0 51 -156 105
2210 -1105 0 51 -153 102
2210 -1040 0 51 -150 99
2210 -975 0 51 -147 96
2210 -910 0 51 -144 93
2210 -845 0 51 -141 90
2210 -780 0 51 -138 87
2210 -715 0 51 -135 84
2210 -650 0 51 -132 81
2210 -585 0 51 -129 78
2210 -520 0 51 -126 75
2210 -455 0 51 -123 72
2210 -390 0 51 -120 69
2210 -325 0 51 -117 66
2210 -260 0 51 -114 63
2210 -195 0 51 -111 60
2210 -130 0 51 -108 57
2210 -65 0 51 -105 54
2210 0 0 51 -102 51
2210 65 0 51 -99 48
2210 130 0 51 -96 45
2210 195 0 51 -93 42
2210 260 0 51 -90 39
2210 325 0 51 -87 36
2210 390 0 51 -84 33
2210 455 0 51 -81 30
2210 520 0 51 -78 27
2210 585 0 51 -75 24
2210 650 0 51 -72 21
2210 715 0 51 -69 18
2210 780 0 51 -66 15
2210 845 0 51 -63 12
2210 910 0 51 -60 9
2210 975 0 51 -57 6
2210 1040 0 51 -54 3
2210 1105 0 51 -51 0
2210 1170 0 51 -48 -3
2210 1235 0 51 -45 -6
2210 1300 0 51 -42 -9
2210 1365 0 51 -39 -12
2210 1430 0 51 -36 -15
2210 1495 0 51 -33 -18
2210 1560 0 51 -30 -21
2210 1625 0 51 -27 -24
2210 1690 0 51 -24 -27
2210 1755 0 51 -21 -30
2210 1820 0 51 -18 -33
2210 1885 0 51 -15 -36
2210 1950 0 51 -12 -39
2210 2015 0 51 -9 -42
2210 2080 0 51 -6 -45
2210 2145 0 51 -3 -48
2210 2210 0 51 0 -51
2210 -2210 0 52 -208 156
2210 -2125 0 52 -204 152
2210 -2040 0 52 -200 148
2210 -1955 0 52 -196 144
2210 -1870 0 52 -192 140
2210 -1785 0 52 -188 136
2210 -1700 0 52 -184 132
2210 -1615 0 52 -180 128
2210 -1530 0 52 -176 124
2210 -1445 0 52 -172 120
2210 -1360 0 52 -168 116
2210 -1275 0 52 -164 112
2210 -1190 0 52 -160 108
2210 -1105 0 52 -156 104
2210 -1020 0 52 -152 100
2210 -935 0 52 -148 96
2210 -850 0 52 -144 92
2210 -765 0 52 -140 88
2210 -680 0 52 -136 84
2210 -595 0 52 -132 80
2210 -510 0 52 -128 76
2210 -425 0 52 -124 72
2210 -340 0 52 -120 68
2210 -255 0 52 -116 64
2210 -170 0 52 -112 60
2210 -85 0 52 -108 56
2210 0 0 52 -104 52
2210 85 0 52 -100 48
2210 170 0 52 -96 44
2210 255 0 52 -92 40
2210 340 0 52 -88 36
2210 425 0 52 -84 32
2210 510 0 52 -80 28
2210 595 0 52 -76 24
2210 680 0 52 -72 20
2210 765 0 52 -68 16
2210 850 0 52 -64 12
2210 935 0 52 -60 8
2210 1020 0 52 -56 4
2210 1105 0 52 -52 0
2210 1190 0 52 -48 -4
2210 1275 0 52 -44 -8
2210 1360 0 52 -40 -12
2210 1445 0 52 -36 -16
2210 1530 0 52 -32 -20
2210 1615 0 52 -28 -24
2210 1700 0 52 -24 -28
2210 1785 0 52 -20 -32
2210 1870 0 52 -16 -36
2210 1955 0 52 -12 -40
2210 2040 0 52 -8 -44
2210 2125 0 52 -4 -48
2210 2210 0 52 0 -52
2210 -2210 0 53 -212 159
2210 -1105 0 53 -159 106
2210 0 0 53 -106 53
2210 1105 0 53 -53 0
2210 2210 0 53 0 -53
2210 -2210 0 54 -216 162
2210 -1105 0 54 -162 108
2210 0 0 54 -108 54
2210 1105 0 54 -54 0
2210 2210 0 54 0 -54
2210 -2210 0 55 -220 165
2210 -1989 0 55 -209 154
2210 -1768 0 55 -198 143
2210 -1547 0 55 -187 132
2210 -1326 0 55 -176 121
2210 -1105 0 55 -165 110
2210 -884 0 55 -154 99
2210 -663 0 55 -143 88
2210 -442 0 55 -132 77
2210 -221 0 55 -121 66
2210 0 0 55 -110 55
2210 221 0 55 -99 44
2210 442 0 55 -88 33
2210 663 0 55 -77 22
2210 884 0 55 -66 11
2210 1105 0 55 -55 0
2210 1326 0 55 -44 -11
2210 1547 0 55 -33 -22
2210 1768 0 55 -22 -33
2210 1989 0 55 -11 -44
2210 2210 0 55 0 -55
2210 -2210 0 56 -224 168
2210 -1105 0 56 -168 112
2210 0 0 56 -112 56
2210 1105 0 56 -56 0
2210 2210 0 56 0 -56
2210 -2210 0 57 -228 171
2210 -1105 0 57 -171 114
2210 0 0 57 -114 57
2210 1105 0 57 -57 0
2210 2210 0 57 0 -57
2210 -2210 0 58 -232 174
2210 -1105 0 58 -174 116
2210 0 0 58 -116 58
2210 1105 0 58 -58 0
2210 2210 0 58 0 -58
2210 -2210 0 59 -236 177
2210 -1105 0 59 -177 118
2210 0 0 59 -118 59
2210 1105 0 59 -59 0
2210 2210 0 59 0 -59
2210 -2210 0 60 -240 180
2210 -1989 0 60 -228 168
2210 -1768 0 60 -216 156
2210 -1547 0 60 -204 144
2210 -1326 0 60 -192 132
2210 -1105 0 60 -180 120
2210 -884 0 60 -168 108
2210 -663 0 60 -156 96
2210 -442 0 60 -144 84
2210 -221 0 60 -132 72
2210 0 0 60 -120 60
2210 221 0 60 -108 48
2210 442 0 60 -96 36
2210 663 0 60 -84 24
2210 884 0 60 -72 12
2210 1105 0 60 -60 0
2210 1326 0 60 -48 -12
2210 1547 0 60 -36 -24
2210 1768 0 60 -24 -36
2210 1989 0 60 -12 -48
2210 2210 0 60 0 -60
2211 -2211 0 -60 240 -180
2211 -1474 0 -60 200 -140
2211 -737 0 -60 160 -100
2211 0 0 -60 120 -60
2211 737 0 -60 80 -20
2211 1474 0 -60 40 20
2211 2211 0 -60 0 60
2211 -2211 0 -59 236 -177
2211 0 0 -59 118 -59
2211 2211 0 -59 0 59
2211 -2211 0 -58 232 -174
2211 0 0 -58 116 -58
2211 2211 0 -58 0 58
2211 -2211 0 -57 228 -171
2211 -1474 0 -57 190 -133
2211 -737 0 -57 152 -95
2211 0 0 -57 114 -57
2211 737 0 -57 76 -19
2211 1474 0 -57 38 19
2211 2211 0 -57 0 57
2211 -2211 0 -56 224 -168
2211 0 0 -56 112 -56
2211 2211 0 -56 0 56
2211 -2211 0 -55 220 -165
2211 -2010 0 -55 210 -155
2211 -1809 0 -55 200 -145
2211 -1608 0 -55 190 -135
2211 -1407 0 -55 180 -125
2211 -1206 0 -55 170 -115
2211 -1005 0 -55 160 -105
2211 -804 0 -55 150 -95
2211 -603 0 -55 140 -85
2211 -402 0 -55 130 -75
2211 -201 0 -55 120 -65
2211 0 0 -55 110 -55
2211 201 0 -55 100 -45
2211 402 0 -55 90 -35
2211 603 0 -55 80 -25
2211 804 0 -55 70 -15
2211 1005 0 -55 60 -5
2211 1206 0 -55 50 5
2211 1407 0 -55 40 15
2211 1608 0 -55 30 25
2211 1809 0 -55 20 35
2211 2010 0 -55 10 45
2211 2211 0 -55 0 55
2211 -2211 0 -54 216 -162
2211 -1474 0 -54 180 -126
2211 -737 0 -54 144 -90
2211 0 0 -54 108 -54
2211 737 0 -54 72 -18
2211 1474 0 -54 36 18
2211 2211 0 -54 0 54
2211 -2211 0 -53 212 -159
2211 0 0 -53 106 -53
2211 2211 0 -53 0 53
2211 -2211 0 -52 208 -156
2211 0 0 -52 104 -52
2211 2211 0 -52 0 52
2211 -2211 0 -51 204 -153
2211 -1474 0 -51 170 -119
2211 -737 0 -51 136 -85
2211 0 0 -51 102 -51
2211 737 0 -51 68 -17
2211 1474 0 -51 34 17
2211 2211 0 -51 0 51
2211 -2211 0 -50 200 -150
2211 0 0 -50 100 -50
2211 2211 0 -50 0 50
2211 -2211 0 -49 196 -147
2211 0 0 -49 98 -49
2211 2211 0 -49 0 49
2211 -2211 0 -48 192 -144
2211 -1474 0 -48 160 -112
2211 -737 0 -48 128 -80
2211 0 0 -48 96 -48
2211 737 0 -48 64 -16
2211 1474 0 -48 32 16
2211 2211 0 -48 0 48
2211 -2211 0 -47 188 -141
2211 0 0 -47 94 -47
2211 2211 0 -47 0 47
2211 -2211 0 -46 184 -138
2211 0 0 -46 92 -46
2211 2211 0 -46 0 46
2211 -2211 0 -45 180 -135
2211 -1474 0 -45 150 -105
2211 -737 0 -45 120 -75
2211 0 0 -45 90 -45
2211 737 0 -45 60 -15
2211 1474 0 -45 30 15
2211 2211 0 -45 0 45
2211 -2211 0 -44 176 -132
2211 -2010 0 -44 168 -124
2211 -1809 0 -44 160 -116
2211 -1608 0 -44 152 -108
2211 -1407 0 -44 144 -100
2211 -1206 0 -44 136 -92
2211 -1005 0 -44 128 -84
2211 -804 0 -44 120 -76
2211 -603 0 -44 112 -68
2211 -402 0 -44 104 -60
2211 -201 0 -44 96 -52
2211 0 0 -44 88 -44
2211 201 0 -44 80 -36
2211 402 0 -44 72 -28
2211 603 0 -44 64 -20
2211 804 0 -44 56 -12
2211 1005 0 -44 48 -4
2211 1206 0 -44 40 4
2211 1407 0 -44 32 12
2211 1608 0 -44 24 20
2211 1809 0 -44 16 28
2211 2010 0 -44 8 36
2211 2211 0 -44 0 44
2211 -2211 0 -43 172 -129
2211 0 0 -43 86 -43
2211 2211 0 -43 0 43
2211 -2211 0 -42 168 -126
2211 -1474 0 -42 140 -98
2211 -737 0 -42 112 -70
2211 0 0 -42 84 -42
2211 737 0 -42 56 -14
2211 1474 0 -42 28 14
2211 2211 0 -42 0 42
2211 -2211 0 -41 164 -123
2211 0 0 -41 82 -41
2211 2211 0 -41 0 41
2211 -2211 0 -40 160 -120
2211 0 0 -40 80 -40
2211 2211 0 -40 0 40
2211 -2211 0 -39 156 -117
2211 -1474 0 -39 130 -91
2211 -737 0 -39 104 -65
2211 0 0 -39 78 -39
2211 737 0 -39 52 -13
2211 1474 0 -39 26 13
2211 2211 0 -39 0 39
2211 -2211 0 -38 152 -114
2211 0 0 -38 76 -38
2211 2211 0 -38 0 38
2211 -2211 0 -37 148 -111
2211 0 0 -37 74 -37
2211 2211 0 -37 0 37
2211 -2211 0 -36 144 -108
2211 -1474 0 -36 120 -84
2211 -737 0 -36 96 -60
2211 0 0 -36 72 -36
2211 737 0 -36 48 -12
2211 1474 0 -36 24 12
2211 2211 0 -36 0 36
2211 -2211 0 -35 140 -105
2211 0 0 -35 70 -35
2211 2211 0 -35 0 35
2211 -2211 0 -34 136 -102
2211 0 0 -34 68 -34
2211 2211 0 -34 0 34
2211 -2211 0 -33 132 -99
2211 -2144 0 -33 130 -97
2211 -2077 0 -33 128 -95
2211 -2010 0 -33 126 -93
2211 -1943 0 -33 124 -91
2211 -1876 0 -33 122 -89
2211 -1809 0 -33 120 -87
2211 -1742 0 -33 118 -85
2211 -1675 0 -33 116 -83
2211 -1608 0 -33 114 -81
2211 -1541 0 -33 112 -79
2211 -1474 0 -33 110 -77
2211 -1407 0 -33 108 -75
2211 -1340 0 -33 106 -73
2211 -1273 0 -33 104 -71
2211 -1206 0 -33 102 -69
2211 -1139 0 -33 100 -67
2211 -1072 0 -33 98 -65
2211 -1005 0 -33 96 -63
2211 -938 0 -33 94 -61
2211 -871 0 -33 92 -59
2211 -804 0 -33 90 -57
2211 -737 0 -33 88 -55
2211 -670 0 -33 86 -53
2211 -603 0 -33 84 -51
2211 -536 0 -33 82 -49
2211 -469 0 -33 80 -47
2211 -402 0 -33 78 -45
2211 -335 0 -33 76 -43
2211 -268 0 -33 74 -41
2211 -201 0 -33 72 -39
2211 -134 0 -33 70 -37
2211 -67 0 -33 68 -35
2211 0 0 -33 66 -33
2211 67 0 -33 64 -31
2211 134 0 -33 62 -29
2211 201 0 -33 60 -27
2211 268 0 -33 58 -25
2211 335 0 -33 56 -23
2211 402 0 -33 54 -21
2211 469 0 -33 52 -19
2211 536 0 -33 50 -17
2211 603 0 -33 48 -15
2211 670 0 -33 46 -13
2211 737 0 -33 44 -11
2211 804 0 -33 42 -9
2211 871 0 -33 40 -7
2211 938 0 -33 38 -5
2211 1005 0 -33 36 -3
2211 1072 0 -33 34 -1
2211 1139 0 -33 32 1
2211 1206 0 -33 30 3
2211 1273 0 -33 28 5
2211 1340 0 -33 26 7
2211 1407 0 -33 24 9
2211 1474 0 -33 22 11
2211 1541 0 -33 20 13
2211 1608 0 -33 18 15
2211 1675 0 -33 16 17
2211 1742 0 -33 14 19
2211 1809 0 -33 12 21
2211 1876 0 -33 10 23
2211 1943 0 -33 8 25
2211 2010 0 -33 6 27
2211 2077 0 -33 4 29
2211 2144 0 -33 2 31
2211 2211 0 -33 0 33
2211 -2211 0 -32 128 -96
2211 0 0 -32 64 -32
2211 2211 0 -32 0 32
2211 -2211 0 -31 124 -93
2211 0 0 -31 62 -31
2211 2211 0 -31 0 31
2211 -2211 0 -30 120 -90
2211 -1474 0 -30 100 -70
2211 -737 0 -30 80 -50
2211 0 0 -30 60 -30
2211 737 0 -30 40 -10
2211 1474 0 -30 20 10
2211 2211 0 -30 0 30
2211 -2211 0 -29 116 -87
2211 0 0 -29 58 -29
2211 2211 0 -29 0 29
2211 -2211 0 -28 112 -84
2211 0 0 -28 56 -28
2211 2211 0 -28 0 28
2211 -2211 0 -27 108 -81
2211 -1474 0 -27 90 -63
2211 -737 0 -27 72 -45
2211 0 0 -27 54 -27
2211 737 0 -27 36 -9
2211 1474 0 -27 18 9
2211 2211 0 -27 0 27
2211 -2211 0 -26 104 -78
2211 0 0 -26 52 -26
2211 2211 0 -26 0 26
2211 -2211 0 -25 100 -75
2211 0 0 -25 50 -25
2211 2211 0 -25 0 25
2211 -2211 0 -24 96 -72
2211 -1474 0 -24 80 -56
2211 -737 0 -24 64 -40
2211 0 0 -24 48 -24
2211 737 0 -24 32 -8
2211 1474 0 -24 16 8
2211 2211 0 -24 0 24
2211 -2211 0 -23 92 -69
2211 0 0 -23 46 -23
2211 2211 0 -23 0 23
2211 -2211 0 -22 88 -66
2211 -2010 0 -22 84 -62
2211 -1809 0 -22 80 -58
2211 -1608 0 -22 76 -54
2211 -1407 0 -22 72 -50
2211 -1206 0 -22 68 -46
2211 -1005 0 -22 64 -42
2211 -804 0 -22 60 -38
2211 -603 0 -22 56 -34
2211 -402 0 -22 52 -30
2211 -201 0 -22 48 -26
2211 0 0 -22 44 -22
2211 201 0 -22 40 -18
2211 402 0 -22 36 -14
2211 603 0 -22 32 -10
2211 804 0 -22 28 -6
2211 1005 0 -22 24 -2
2211 1206 0 -22 20 2
2211 1407 0 -22 16 6
2211 1608 0 -22 12 10
2211 1809 0 -22 8 14
2211 2010 0 -22 4 18
2211 2211 0 -22 0 22
2211 -2211 0 -21 84 -63
2211 -1474 0 -21 70 -49
2211 -737 0 -21 56 -35
2211 0 0 -21 42 -21
2211 737 0 -21 28 -7
2211 1474 0 -21 14 7
2211 2211 0 -21 0 21
2211 -2211 0 -20 80 -60
2211 0 0 -20 40 -20
2211 2211 0 -20 0 20
2211 -2211 0 -19 76 -57
2211 0 0 -19 38 -19
2211 2211 0 -19 0 19
2211 -2211 0 -18 72 -54
2211 -1474 0 -18 60 -42
2211 -737 0 -18 48 -30
2211 0 0 -18 36 -18
2211 737 0 -18 24 -6
2211 1474 0 -18 12 6
2211 2211 0 -18 0 18
2211 -2211 0 -17 68 -51
2211 0 0 -17 34 -17
2211 2211 0 -17 0 17
2211 -2211 0 -16 64 -48
2211 0 0 -16 32 -16
2211 2211 0 -16 0 16
2211 -2211 0 -15 60 -45
2211 -1474 0 -15 50 -35
2211 -737 0 -15 40 -25
2211 0 0 -15 30 -15
2211 737 0 -15 20 -5
2211 1474 0 -15 10 5
2211 2211 0 -15 0 15
2211 -2211 0 -14 56 -42
2211 0 0 -14 28 -14
2211 2211 0 -14 0 14
2211 -2211 0 -13 52 -39
2211 0 0 -13 26 -13
2211 2211 0 -13 0 13
2211 -2211 0 -12 48 -36
2211 -1474 0 -12 40 -28
2211 -737 0 -12 32 -20
2211 0 0 -12 24 -12
2211 737 0 -12 16 -4
2211 1474 0 -12 8 4
2211 2211 0 -12 0 12
2211 -2211 0 -11 44 -33
2211 -2010 0 -11 42 -31
2211 -1809 0 -11 40 -29
2211 -1608 0 -11 38 -27
2211 -1407 0 -11 36 -25
2211 -1206 0 -11 34 -23
2211 -1005 0 -11 32 -21
2211 -804 0 -11 30 -19
2211 -603 0 -11 28 -17
2211 -402 0 -11 26 -15
2211 -201 0 -11 24 -13
2211 0 0 -11 22 -11
2211 201 0 -11 20 -9
2211 402 0 -11 18 -7
2211 603 0 -11 16 -5
2211 804 0 -11 14 -3
2211 1005 0 -11 12 -1
2211 1206 0 -11 10 1
2211 1407 0 -11 8 3
2211 1608 0 -11 6 5
2211 1809 0 -11 4 7
2211 2010 0 -11 2 9
2211 2211 0 -11 0 11
2211 -2211 0 -10 40 -30
2211 0 0 -10 20 -10
2211 2211 0 -10 0 10
2211 -2211 0 -9 36 -27
2211 -1474 0 -9 30 -21
2211 -737 0 -9 24 -15
2211 0 0 -9 18 -9
2211 737 0 -9 12 -3
2211 1474 0 -9 6 3
2211 2211 0 -9 0 9
2211 -2211 0 -8 32 -24
2211 0 0 -8 16 -8
2211 2211 0 -8 0 8
2211 -2211 0 -7 28 -21
2211 0 0 -7 14 -7
2211 2211 0 -7 0 7
2211 -2211 0 -6 24 -18
2211 -1474 0 -6 20 -14
2211 -737 0 -6 16 -10
2211 0 0 -6 12 -6
2211 737 0 -6 8 -2
2211 1474 0 -6 4 2
2211 2211 0 -6 0 6
2211 -2211 0 -5 20 -15
2211 0 0 -5 10 -5
2211 2211 0 -5 0 5
2211 -2211 0 -4 16 -12
2211 0 0 -4 8 -4
2211 2211 0 -4 0 4
2211 -2211 0 -3 12 -9
2211 -1474 0 -3 10 -7
2211 -737 0 -3 8 -5
2211 0 0 -3 6 -3
2211 737 0 -3 4 -1
2211 1474 0 -3 2 1
2211 2211 0 -3 0 3
2211 -2211 0 -2 8 -6
2211 0 0 -2 4 -2
2211 2211 0 -2 0 2
2211 -2211 0 -1 4 -3
2211 0 0 -1 2 -1
2211 2211 0 -1 0 1
2211 -2211 -1 1 -4 4
2211 -2211 0 1 -4 3
2211 -2211 1 1 -4 4
2211 0 0 1 -2 1
2211 2211 0 1 0 -1
2211 -2211 0 2 -8 6
2211 0 0 2 -4 2
2211 2211 0 2 0 -2
2211 -2211 0 3 -12 9
2211 -1474 0 3 -10 7
2211 -737 0 3 -8 5
2211 0 0 3 -6 3
2211 737 0 3 -4 1
2211 1474 0 3 -2 -1
2211 2211 0 3 0 -3
2211 -2211 -2 4 -16 16
2211 -2211 0 4 -16 12
2211 -2211 2 4 -16 16
2211 0 0 4 -8 4
2211 2211 0 4 0 -4
2211 -2211 0 5 -20 15
2211 0 0 5 -10 5
2211 2211 0 5 0 -5
2211 -2211 0 6 -24 18
2211 -1474 0 6 -20 14
2211 -737 0 6 -16 10
2211 0 0 6 -12 6
2211 737 0 6 -8 2
2211 1474 0 6 -4 -2
2211 2211 0 6 0 -6
2211 -2211 0 7 -28 21
2211 0 0 7 -14 7
2211 2211 0 7 0 -7
2211 -2211 0 8 -32 24
2211 0 0 8 -16 8
2211 2211 0 8 0 -8
2211 -2211 -3 9 -36 36
2211 -2211 0 9 -36 27
2211 -2211 3 9 -36 36
2211 -1474 0 9 -30 21
2211 -737 0 9 -24 15
2211 0 0 9 -18 9
2211 737 0 9 -12 3
2211 1474 0 9 -6 -3
2211 2211 0 9 0 -9
2211 -2211 0 10 -40 30
2211 0 0 10 -20 10
2211 2211 0 10 0 -10
2211 -2211 0 11 -44 33
2211 -2010 0 11 -42 31
2211 -1809 0 11 -40 29
2211 -1608 0 11 -38 27
2211 -1407 0 11 -36 25
2211 -1206 0 11 -34 23
2211 -1005 0 11 -32 21
2211 -804 0 11 -30 19
2211 -603 0 11 -28 17
2211 -402 0 11 -26 15
2211 -201 0 11 -24 13
2211 0 0 11 -22 11
2211 201 0 11 -20 9
2211 402 0 11 -18 7
2211 603 0 11 -16 5
2211 804 0 11 -14 3
2211 1005 0 11 -12 1
2211 1206 0 11 -10 -1
2211 1407 0 11 -8 -3
2211 1608 0 11 -6 -5
2211 1809 0 11 -4 -7
2211 2010 0 11 -2 -9
2211 2211 0 11 0 -11
2211 -2211 0 12 -48 36
2211 -1474 0 12 -40 28
2211 -737 0 12 -32 20
2211 0 0 12 -24 12
2211 737 0 12 -16 4
2211 1474 0 12 -8 -4
2211 2211 0 12 0 -12
2211 -2211 0 13 -52 39
2211 0 0 13 -26 13
2211 2211 0 13 0 -13
2211 -2211 0 14 -56 42
2211 0 0 14 -28 14
2211 2211 0 14 0 -14
2211 -2211 0 15 -60 45
2211 -1474 0 15 -50 35
2211 -737 0 15 -40 25
2211 0 0 15 -30 15
2211 737 0 15 -20 5
2211 1474 0 15 -10 -5
2211 2211 0 15 0 -15
2211 -2211 -4 16 -64 64
2211 -2211 0 16 -64 48
2211 -2211 4 16 -64 64
2211 0 0 16 -32 16
2211 2211 0 16 0 -16
2211 -2211 0 17 -68 51
2211 0 0 17 -34 17
2211 2211 0 17 0 -17
2211 -2211 0 18 -72 54
2211 -1474 0 18 -60 42
2211 -737 0 18 -48 30
2211 0 0 18 -36 18
2211 737 0 18 -24 6
2211 1474 0 18 -12 -6
2211 2211 0 18 0 -18
2211 -2211 0 19 -76 57
2211 0 0 19 -38 19
2211 2211 0 19 0 -19
2211 -2211 0 20 -80 60
2211 0 0 20 -40 20
2211 2211 0 20 0 -20
2211 -2211 0 21 -84 63
2211 -1474 0 21 -70 49
2211 -737 0 21 -56 35
2211 0 0 21 -42 21
2211 737 0 21 -28 7
2211 1474 0 21 -14 -7
2211 2211 0 21 0 -21
2211 -2211 0 22 -88 66
2211 -2010 0 22 -84 62
2211 -1809 0 22 -80 58
2211 -1608 0 22 -76 54
2211 -1407 0 22 -72 50
2211 -1206 0 22 -68 46
2211 -1005 0 22 -64 42
2211 -804 0 22 -60 38
2211 -603 0 22 -56 34
2211 -402 0 22 -52 30
2211 -201 0 22 -48 26
2211 0 0 22 -44 22
2211 201 0 22 -40 18
2211 402 0 22 -36 14
2211 603 0 22 -32 10
2211 804 0 22 -28 6
2211 1005 0 22 -24 2
2211 1206 0 22 -20 -2
2211 1407 0 22 -16 -6
2211 1608 0 22 -12 -10
2211 1809 0 22 -8 -14
2211 2010 0 22 -4 -18
2211 2211 0 22 0 -22
2211 -2211 0 23 -92 69
2211 0 0 23 -46 23
2211 2211 0 23 0 -23
2211 -2211 0 24 -96 72
2211 -1474 0 24 -80 56
2211 -737 0 24 -64 40
2211 0 0 24 -48 24
2211 737 0 24 -32 8
2211 1474 0 24 -16 -8
2211 2211 0 24 0 -24
2211 -2211 -5 25 -100 100
2211 -2211 0 25 -100 75
2211 -2211 5 25 -100 100
2211 0 0 25 -50 25
2211 2211 0 25 0 -25
2211 -2211 0 26 -104 78
2211 0 0 26 -52 26
2211 2211 0 26 0 -26
2211 -2211 0 27 -108 81
2211 -1474 0 27 -90 63
2211 -737 0 27 -72 45
2211 0 0 27 -54 27
2211 737 0 27 -36 9
2211 1474 0 27 -18 -9
2211 2211 0 27 0 -27
2211 -2211 0 28 -112 84
2211 0 0 28 -56 28
2211 2211 0 28 0 -28
2211 -2211 0 29 -116 87
2211 0 0 29 -58 29
2211 2211 0 29 0 -29
2211 -2211 0 30 -120 90
2211 -1474 0 30 -100 70
2211 -737 0 30 -80 50
2211 0 0 30 -60 30
2211 737 0 30 -40 10
2211 1474 0 30 -20 -10
2211 2211 0 30 0 -30
2211 -2211 0 31 -124 93
2211 0 0 31 -62 31
2211 2211 0 31 0 -31
2211 -2211 0 32 -128 96
2211 0 0 32 -64 32
2211 2211 0 32 0 -32
2211 -2211 0 33 -132 99
2211 -2144 0 33 -130 97
2211 -2077 0 33 -128 95
2211 -2010 0 33 -126 93
2211 -1943 0 33 -124 91
2211 -1876 0 33 -122 89
2211 -1809 0 33 -120 87
2211 -1742 0 33 -118 85
2211 -1675 0 33 -116 83
2211 -1608 0 33 -114 81
2211 -1541 0 33 -112 79
2211 -1474 0 33 -110 77
2211 -1407 0 33 -108 75
2211 -1340 0 33 -106 73
2211 -1273 0 33 -104 71
2211 -1206 0 33 -102 69
2211 -1139 0 33 -100 67
2211 -1072 0 33 -98 65
2211 -1005 0 33 -96 63
2211 -938 0 33 -94 61
2211 -871 0 33 -92 59
2211 -804 0 33 -90 57
2211 -737 0 33 -88 55
2211 -670 0 33 -86 53
2211 -603 0 33 -84 51
2211 -536 0 33 -82 49
2211 -469 0 33 -80 47
2211 -402 0 33 -78 45
2211 -335 0 33 -76 43
2211 -268 0 33 -74 41
2211 -201 0 33 -72 39
2211 -134 0 33 -70 37
2211 -67 0 33 -68 35
2211 0 0 33 -66 33
2211 67 0 33 -64 31
2211 134 0 33 -62 29
2211 201 0 33 -60 27
2211 268 0 33 -58 25
2211 335 0 33 -56 23
2211 402 0 33 -54 21
2211 469 0 33 -52 19
2211 536 0 33 -50 17
2211 603 0 33 -48 15
2211 670 0 33 -46 13
2211 737 0 33 -44 11
2211 804 0 33 -42 9
2211 871 0 33 -40 7
2211 938 0 33 -38 5
2211 1005 0 33 -36 3
2211 1072 0 33 -34 1
2211 1139 0 33 -32 -1
2211 1206 0 33 -30 -3
2211 1273 0 33 -28 -5
2211 1340 0 33 -26 -7
2211 1407 0 33 -24 -9
2211 1474 0 33 -22 -11
2211 1541 0 33 -20 -13
2211 1608 0 33 -18 -15
2211 1675 0 33 -16 -17
2211 1742 0 33 -14 -19
2211 1809 0 33 -12 -21
2211 1876 0 33 -10 -23
2211 1943 0 33 -8 -25
2211 2010 0 33 -6 -27
2211 2077 0 33 -4 -29
2211 2144 0 33 -2 -31
2211 2211 0 33 0 -33
2211 -2211 0 34 -136 102
2211 0 0 34 -68 34
2211 2211 0 34 0 -34
2211 -2211 0 35 -140 105
2211 0 0 35 -70 35
2211 2211 0 35 0 -35
2211 -2211 -6 36 -144 144
2211 -2211 0 36 -144 108
2211 -2211 6 36 -144 144
2211 -1474 0 36 -120 84
2211 -737 0 36 -96 60
2211 0 0 36 -72 36
2211 737 0 36 -48 12
2211 1474 0 36 -24 -12
2211 2211 0 36 0 -36
2211 -2211 0 37 -148 111
2211 0 0 37 -74 37
2211 2211 0 37 0 -37
2211 -2211 0 38 -152 114
2211 0 0 38 -76 38
2211 2211 0 38 0 -38
2211 -2211 0 39 -156 117
2211 -1474 0 39 -130 91
2211 -737 0 39 -104 65
2211 0 0 39 -78 39
2211 737 0 39 -52 13
2211 1474 0 39 -26 -13
2211 2211 0 39 0 -39
2211 -2211 0 40 -160 120
2211 0 0 40 -80 40
2211 2211 0 40 0 -40
2211 -2211 0 41 -164 123
2211 0 0 41 -82 41
2211 2211 0 41 0 -41
2211 -2211 0 42 -168 126
2211 -1474 0 42 -140 98
2211 -737 0 42 -112 70
2211 0 0 42 -84 42
2211 737 0 42 -56 14
2211 1474 0 42 -28 -14
2211 2211 0 42 0 -42
2211 -2211 0 43 -172 129
2211 0 0 43 -86 43
2211 2211 0 43 0 -43
2211 -2211 0 44 -176 132
2211 -2010 0 44 -168 124
2211 -1809 0 44 -160 116
2211 -1608 0 44 -152 108
2211 -1407 0 44 -144 100
2211 -1206 0 44 -136 92
2211 -1005 0 44 -128 84
2211 -804 0 44 -120 76
2211 -603 0 44 -112 68
2211 -402 0 44 -104 60
2211 -201 0 44 -96 52
2211 0 0 44 -88 44
2211 201 0 44 -80 36
2211 402 0 44 -72 28
2211 603 0 44 -64 20
2211 804 0 44 -56 12
2211 1005 0 44 -48 4
2211 1206 0 44 -40 -4
2211 1407 0 44 -32 -12
2211 1608 0 44 -24 -20
2211 1809 0 44 -16 -28
2211 2010 0 44 -8 -36
2211 2211 0 44 0 -44
2211 -2211 0 45 -180 135
2211 -1474 0 45 -150 105
2211 -737 0 45 -120 75
2211 0 0 45 -90 45
2211 737 0 45 -60 15
2211 1474 0 45 -30 -15
2211 2211 0 45 0 -45
2211 -2211 0 46 -184 138
2211 0 0 46 -92 46
2211 2211 0 46 0 -46
2211 -2211 0 47 -188 141
2211 0 0 47 -94 47
2211 2211 0 47 0 -47
2211 -2211 0 48 -192 144
2211 -1474 0 48 -160 112
2211 -737 0 48 -128 80
2211 0 0 48 -96 48
2211 737 0 48 -64 16
2211 1474 0 48 -32 -16
2211 2211 0 48 0 -48
2211 -2211 -7 49 -196 196
2211 -2211 0 49 -196 147
2211 -2211 7 49 -196 196
2211 0 0 49 -98 49
2211 2211 0 49 0 -49
2211 -2211 0 50 -200 150
2211 0 0 50 -100 50
2211 2211 0 50 0 -50
2211 -2211 0 51 -204 153
2211 -1474 0 51 -170 119
2211 -737 0 51 -136 85
2211 0 0 51 -102 51
2211 737 0 51 -68 17
2211 1474 0 51 -34 -17
2211 2211 0 51 0 -51
2211 -2211 0 52 -208 156
2211 0 0 52 -104 52
2211 2211 0 52 0 -52
2211 -2211 0 53 -212 159
2211 0 0 53 -106 53
2211 2211 0 53 0 -53
2211 -2211 0 54 -216 162
2211 -1474 0 54 -180 126
2211 -737 0 54 -144 90
2211 0 0 54 -108 54
2211 737 0 54 -72 18
2211 1474 0 54 -36 -18
2211 2211 0 54 0 -54
2211 -2211 0 55 -220 165
2211 -2010 0 55 -210 155
2211 -1809 0 55 -200 145
2211 -1608 0 55 -190 135
2211 -1407 0 55 -180 125
2211 -1206 0 55 -170 115
2211 -1005 0 55 -160 105
2211 -804 0 55 -150 95
2211 -603 0 55 -140 85
2211 -402 0 55 -130 75
2211 -201 0 55 -120 65
2211 0 0 55 -110 55
2211 201 0 55 -100 45
2211 402 0 55 -90 35
2211 603 0 55 -80 25
2211 804 0 55 -70 15
2211 1005 0 55 -60 5
2211 1206 0 55 -50 -5
2211 1407 0 55 -40 -15
2211 1608 0 55 -30 -25
2211 1809 0 55 -20 -35
2211 2010 0 55 -10 -45
2211 2211 0 55 0 -55
2211 -2211 0 56 -224 168
2211 0 0 56 -112 56
2211 2211 0 56 0 -56
2211 -2211 0 57 -228 171
2211 -1474 0 57 -190 133
2211 -737 0 57 -152 95
2211 0 0 57 -114 57
2211 737 0 57 -76 19
2211 1474 0 57 -38 -19
2211 2211 0 57 0 -57
2211 -2211 0 58 -232 174
2211 0 0 58 -116 58
2211 2211 0 58 0 -58
2211 -2211 0 59 -236 177
2211 0 0 59 -118 59
2211 2211 0 59 0 -59
2211 -2211 0 60 -240 180
2211 -1474 0 60 -200 140
2211 -737 0 60 -160 100
2211 0 0 60 -120 60
2211 737 0 60 -80 20
2211 1474 0 60 -40 -20
2211 2211 0 60 0 -60
2212 -2212 0 -60 240 -180
2212 -1659 0 -60 210 -150
2212 -1106 0 -60 180 -120
2212 -553 0 -60 150 -90
2212 0 0 -60 120 -60
2212 553 0 -60 90 -30
2212 1106 0 -60 60 0
2212 1659 0 -60 30 30
2212 2212 0 -60 0 60
2212 -2212 0 -59 236 -177
2212 -1106 0 -59 177 -118
2212 0 0 -59 118 -59
2212 1106 0 -59 59 0
2212 2212 0 -59 0 59
2212 -2212 0 -58 232 -174
2212 -1659 0 -58 203 -145
2212 -1106 0 -58 174 -116
2212 -553 0 -58 145 -87
2212 0 0 -58 116 -58
2212 553 0 -58 87 -29
2212 1106 0 -58 58 0
2212 1659 0 -58 29 29
2212 2212 0 -58 0 58
2212 -2212 0 -57 228 -171
2212 -1106 0 -57 171 -114
2212 0 0 -57 114 -57
2212 1106 0 -57 57 0
2212 2212 0 -57 0 57
2212 -2212 0 -56 224 -168
2212 -2133 0 -56 220 -164
2212 -2054 0 -56 216 -160
2212 -1975 0 -56 212 -156
2212 -1896 0 -56 208 -152
2212 -1817 0 -56 204 -148
2212 -1738 0 -56 200 -144
2212 -1659 0 -56 196 -140
2212 -1580 0 -56 192 -136
2212 -1501 0 -56 188 -132
2212 -1422 0 -56 184 -128
2212 -1343 0 -56 180 -124
2212 -1264 0 -56 176 -120
2212 -1185 0 -56 172 -116
2212 -1106 0 -56 168 -112
2212 -1027 0 -56 164 -108
2212 -948 0 -56 160 -104
2212 -869 0 -56 156 -100
2212 -790 0 -56 152 -96
2212 -711 0 -56 148 -92
2212 -632 0 -56 144 -88
2212 -553 0 -56 140 -84
2212 -474 0 -56 136 -80
2212 -395 0 -56 132 -76
2212 -316 0 -56 128 -72
2212 -237 0 -56 124 -68
2212 -158 0 -56 120 -64
2212 -79 0 -56 116 -60
2212 0 0 -56 112 -56
2212 79 0 -56 108 -52
2212 158 0 -56 104 -48
2212 237 0 -56 100 -44
2212 316 0 -56 96 -40
2212 395 0 -56 92 -36
2212 474 0 -56 88 -32
2212 553 0 -56 84 -28
2212 632 0 -56 80 -24
2212 711 0 -56 76 -20
2212 790 0 -56 72 -16
2212 869 0 -56 68 -12
2212 948 0 -56 64 -8
2212 1027 0 -56 60 -4
2212 1106 0 -56 56 0
2212 1185 0 -56 52 4
2212 1264 0 -56 48 8
2212 1343 0 -56 44 12
2212 1422 0 -56 40 16
2212 1501 0 -56 36 20
2212 1580 0 -56 32 24
2212 1659 0 -56 28 28
2212 1738 0 -56 24 32
2212 1817 0 -56 20 36
2212 1896 0 -56 16 40
2212 1975 0 -56 12 44
2212 2054 0 -56 8 48
2212 2133 0 -56 4 52
2212 2212 0 -56 0 56
2212 -2212 0 -55 220 -165
2212 -1106 0 -55 165 -110
2212 0 0 -55 110 -55
2212 1106 0 -55 55 0
2212 2212 0 -55 0 55
2212 -2212 0 -54 216 -162
2212 -1659 0 -54 189 -135
2212 -1106 0 -54 162 -108
2212 -553 0 -54 135 -81
2212 0 0 -54 108 -54
2212 553 0 -54 81 -27
2212 1106 0 -54 54 0
2212 1659 0 -54 27 27
2212 2212 0 -54 0 54
2212 -2212 0 -53 212 -159
2212 -1106 0 -53 159 -106
2212 0 0 -53 106 -53
2212 1106 0 -53 53 0
2212 2212 0 -53 0 53
2212 -2212 0 -52 208 -156
2212 -1659 0 -52 182 -130
2212 -1106 0 -52 156 -104
2212 -553 0 -52 130 -78
2212 0 0 -52 104 -52
2212 553 0 -52 78 -26
2212 1106 0 -52 52 0
2212 1659 0 -52 26 26
2212 2212 0 -52 0 52
2212 -2212 0 -51 204 -153
2212 -1106 0 -51 153 -102
2212 0 0 -51 102 -51
2212 1106 0 -51 51 0
2212 2212 0 -51 0 51
2212 -2212 0 -50 200 -150
2212 -1659 0 -50 175 -125
2212 -1106 0 -50 150 -100
2212 -553 0 -50 125 -75
2212 0 0 -50 100 -50
2212 553 0 -50 75 -25
2212 1106 0 -50 50 0
2212 1659 0 -50 25 25
2212 2212 0 -50 0 50
2212 -2212 0 -49 196 -147
2212 -2054 0 -49 189 -140
2212 -1896 0 -49 182 -133
2212 -1738 0 -49 175 -126
2212 -1580 0 -49 168 -119
2212 -1422 0 -49 161 -112
2212 -1264 0 -49 154 -105
2212 -1106 0 -49 147 -98
2212 -948 0 -49 140 -91
2212 -790 0 -49 133 -84
2212 -632 0 -49 126 -77
2212 -474 0 -49 119 -70
2212 -316 0 -49 112 -63
2212 -158 0 -49 105 -56
2212 0 0 -49 98 -49
2212 158 0 -49 91 -42
2212 316 0 -49 84 -35
2212 474 0 -49 77 -28
2212 632 0 -49 70 -21
2212 790 0 -49 63 -14
2212 948 0 -49 56 -7
2212 1106 0 -49 49 0
2212 1264 0 -49 42 7
2212 1422 0 -49 35 14
2212 1580 0 -49 28 21
2212 1738 0 -49 21 28
2212 1896 0 -49 14 35
2212 2054 0 -49 7 42
2212 2212 0 -49 0 49
2212 -2212 0 -48 192 -144
2212 -1659 0 -48 168 -120
2212 -1106 0 -48 144 -96
2212 -553 0 -48 120 -72
2212 0 0 -48 96 -48
2212 553 0 -48 72 -24
2212 1106 0 -48 48 0
2212 1659 0 -48 24 24
2212 2212 0 -48 0 48
2212 -2212 0 -47 188 -141
2212 -1106 0 -47 141 -94
2212 0 0 -47 94 -47
2212 1106 0 -47 47 0
2212 2212 0 -47 0 47
2212 -2212 0 -46 184 -138
2212 -1659 0 -46 161 -115
2212 -1106 0 -46 138 -92
2212 -553 0 -46 115 -69
2212 0 0 -46 92 -46
2212 553 0 -46 69 -23
2212 1106 0 -46 46 0
2212 1659 0 -46 23 23
2212 2212 0 -46 0 46
2212 -2212 0 -45 180 -135
2212 -1106 0 -45 135 -90
2212 0 0 -45 90 -45
2212 1106 0 -45 45 0
2212 2212 0 -45 0 45
2212 -2212 0 -44 176 -132
2212 -1659 0 -44 154 -110
2212 -1106 0 -44 132 -88
2212 -553 0 -44 110 -66
2212 0 0 -44 88 -44
2212 553 0 -44 66 -22
2212 1106 0 -44 44 0
2212 1659 0 -44 22 22
2212 2212 0 -44 0 44
2212 -2212 0 -43 172 -129
2212 -1106 0 -43 129 -86
2212 0 0 -43 86 -43
2212 1106 0 -43 43 0
2212 2212 0 -43 0 43
2212 -2212 0 -42 168 -126
2212 -2133 0 -42 165 -123
2212 -2054 0 -42 162 -120
2212 -1975 0 -42 159 -117
2212 -1896 0 -42 156 -114
2212 -1817 0 -42 153 -111
2212 -1738 0 -42 150 -108
2212 -1659 0 -42 147 -105
2212 -1580 0 -42 144 -102
2212 -1501 0 -42 141 -99
2212 -1422 0 -42 138 -96
2212 -1343 0 -42 135 -93
2212 -1264 0 -42 132 -90
2212 -1185 0 -42 129 -87
2212 -1106 0 -42 126 -84
2212 -1027 0 -42 123 -81
2212 -948 0 -42 120 -78
2212 -869 0 -42 117 -75
2212 -790 0 -42 114 -72
2212 -711 0 -42 111 -69
2212 -632 0 -42 108 -66
2212 -553 0 -42 105 -63
2212 -474 0 -42 102 -60
2212 -395 0 -42 99 -57
2212 -316 0 -42 96 -54
2212 -237 0 -42 93 -51
2212 -158 0 -42 90 -48
2212 -79 0 -42 87 -45
2212 0 0 -42 84 -42
2212 79 0 -42 81 -39
2212 158 0 -42 78 -36
2212 237 0 -42 75 -33
2212 316 0 -42 72 -30
2212 395 0 -42 69 -27
2212 474 0 -42 66 -24
2212 553 0 -42 63 -21
2212 632 0 -42 60 -18
2212 711 0 -42 57 -15
2212 790 0 -42 54 -12
2212 869 0 -42 51 -9
2212 948 0 -42 48 -6
2212 1027 0 -42 45 -3
2212 1106 0 -42 42 0
2212 1185 0 -42 39 3
2212 1264 0 -42 36 6
2212 1343 0 -42 33 9
2212 1422 0 -42 30 12
2212 1501 0 -42 27 15
2212 1580 0 -42 24 18
2212 1659 0 -42 21 21
2212 1738 0 -42 18 24
2212 1817 0 -42 15 27
2212 1896 0 -42 12 30
2212 1975 0 -42 9 33
2212 2054 0 -42 6 36
2212 2133 0 -42 3 39
2212 2212 0 -42 0 42
2212 -2212 0 -41 164 -123
2212 -1106 0 -41 123 -82
2212 0 0 -41 82 -41
2212 1106 0 -41 41 0
2212 2212 0 -41 0 41
2212 -2212 0 -40 160 -120
2212 -1659 0 -40 140 -100
2212 -1106 0 -40 120 -80
2212 -553 0 -40 100 -60
2212 0 0 -40 80 -40
2212 553 0 -40 60 -20
2212 1106 0 -40 40 0
2212 1659 0 -40 20 20
2212 2212 0 -40 0 40
2212 -2212 0 -39 156 -117
2212 -1106 0 -39 117 -78
2212 0 0 -39 78 -39
2212 1106 0 -39 39 0
2212 2212 0 -39 0 39
2212 -2212 0 -38 152 -114
2212 -1659 0 -38 133 -95
2212 -1106 0 -38 114 -76
2212 -553 0 -38 95 -57
2212 0 0 -38 76 -38
2212 553 0 -38 57 -19
2212 1106 0 -38 38 0
2212 1659 0 -38 19 19
2212 2212 0 -38 0 38
2212 -2212 0 -37 148 -111
2212 -1106 0 -37 111 -74
2212 0 0 -37 74 -37
2212 1106 0 -37 37 0
2212 2212 0 -37 0 37
2212 -2212 0 -36 144 -108
2212 -1659 0 -36 126 -90
2212 -1106 0 -36 108 -72
2212 -553 0 -36 90 -54
2212 0 0 -36 72 -36
2212 553 0 -36 54 -18
2212 1106 0 -36 36 0
2212 1659 0 -36 18 18
2212 2212 0 -36 0 36
2212 -2212 0 -35 140 -105
2212 -2054 0 -35 135 -100
2212 -1896 0 -35 130 -95
2212 -1738 0 -35 125 -90
2212 -1580 0 -35 120 -85
2212 -1422 0 -35 115 -80
2212 -1264 0 -35 110 -75
2212 -1106 0 -35 105 -70
2212 -948 0 -35 100 -65
2212 -790 0 -35 95 -60
2212 -632 0 -35 90 -55
2212 -474 0 -35 85 -50
2212 -316 0 -35 80 -45
2212 -158 0 -35 75 -40
2212 0 0 -35 70 -35
2212 158 0 -35 65 -30
2212 316 0 -35 60 -25
2212 474 0 -35 55 -20
2212 632 0 -35 50 -15
2212 790 0 -35 45 -10
2212 948 0 -35 40 -5
2212 1106 0 -35 35 0
2212 1264 0 -35 30 5
2212 1422 0 -35 25 10
2212 1580 0 -35 20 15
2212 1738 0 -35 15 20
2212 1896 0 -35 10 25
2212 2054 0 -35 5 30
2212 2212 0 -35 0 35
2212 -2212 0 -34 136 -102
2212 -1659 0 -34 119 -85
2212 -1106 0 -34 102 -68
2212 -553 0 -34 85 -51
2212 0 0 -34 68 -34
2212 553 0 -34 51 -17
2212 1106 0 -34 34 0
2212 1659 0 -34 17 17
2212 2212 0 -34 0 34
2212 -2212 0 -33 132 -99
2212 -1106 0 -33 99 -66
2212 0 0 -33 66 -33
2212 1106 0 -33 33 0
2212 2212 0 -33 0 33
2212 -2212 0 -32 128 -96
2212 -1659 0 -32 112 -80
2212 -1106 0 -32 96 -64
2212 -553 0 -32 80 -48
2212 0 0 -32 64 -32
2212 553 0 -32 48 -16
2212 1106 0 -32 32 0
2212 1659 0 -32 16 16
2212 2212 0 -32 0 32
2212 -2212 0 -31 124 -93
2212 -1106 0 -31 93 -62
2212 0 0 -31 62 -31
2212 1106 0 -31 31 0
2212 2212 0 -31 0 31
2212 -2212 0 -30 120 -90
2212 -1659 0 -30 105 -75
2212 -1106 0 -30 90 -60
2212 -553 0 -30 75 -45
2212 0 0 -30 60 -30
2212 553 0 -30 45 -15
2212 1106 0 -30 30 0
2212 1659 0 -30 15 15
2212 2212 0 -30 0 30
2212 -2212 0 -29 116 -87
2212 -1106 0 -29 87 -58
2212 0 0 -29 58 -29
2212 1106 0 -29 29 0
2212 2212 0 -29 0 29
2212 -2212 0 -28 112 -84
2212 -2133 0 -28 110 -82
2212 -2054 0 -28 108 -80
2212 -1975 0 -28 106 -78
2212 -1896 0 -28 104 -76
2212 -1817 0 -28 102 -74
2212 -1738 0 -28 100 -72
2212 -1659 0 -28 98 -70
2212 -1580 0 -28 96 -68
2212 -1501 0 -28 94 -66
2212 -1422 0 -28 92 -64
2212 -1343 0 -28 90 -62
2212 -1264 0 -28 88 -60
2212 -1185 0 -28 86 -58
2212 -1106 0 -28 84 -56
2212 -1027 0 -28 82 -54
2212 -948 0 -28 80 -52
2212 -869 0 -28 78 -50
2212 -790 0 -28 76 -48
2212 -711 0 -28 74 -46
2212 -632 0 -28 72 -44
2212 -553 0 -28 70 -42
2212 -474 0 -28 68 -40
2212 -395 0 -28 66 -38
2212 -316 0 -28 64 -36
2212 -237 0 -28 62 -34
2212 -158 0 -28 60 -32
2212 -79 0 -28 58 -30
2212 0 0 -28 56 -28
2212 79 0 -28 54 -26
2212 158 0 -28 52 -24
2212 237 0 -28 50 -22
2212 316 0 -28 48 -20
2212 395 0 -28 46 -18
2212 474 0 -28 44 -16
2212 553 0 -28 42 -14
2212 632 0 -28 40 -12
2212 711 0 -28 38 -10
2212 790 0 -28 36 -8
2212 869 0 -28 34 -6
2212 948 0 -28 32 -4
2212 1027 0 -28 30 -2
2212 1106 0 -28 28 0
2212 1185 0 -28 26 2
2212 1264 0 -28 24 4
2212 1343 0 -28 22 6
2212 1422 0 -28 20 8
2212 1501 0 -28 18 10
2212 1580 0 -28 16 12
2212 1659 0 -28 14 14
2212 1738 0 -28 12 16
2212 1817 0 -28 10 18
2212 1896 0 -28 8 20
2212 1975 0 -28 6 22
2212 2054 0 -28 4 24
2212 2133 0 -28 2 26
2212 2212 0 -28 0 28
2212 -2212 0 -27 108 -81
2212 -1106 0 -27 81 -54
2212 0 0 -27 54 -27
2212 1106 0 -27 27 0
2212 2212 0 -27 0 27
2212 -2212 0 -26 104 -78
2212 -1659 0 -26 91 -65
2212 -1106 0 -26 78 -52
2212 -553 0 -26 65 -39
2212 0 0 -26 52 -26
2212 553 0 -26 39 -13
2212 1106 0 -26 26 0
2212 1659 0 -26 13 13
2212 2212 0 -26 0 26
2212 -2212 0 -25 100 -75
2212 -1106 0 -25 75 -50
2212 0 0 -25 50 -25
2212 1106 0 -25 25 0
2212 2212 0 -25 0 25
2212 -2212 0 -24 96 -72
2212 -1659 0 -24 84 -60
2212 -1106 0 -24 72 -48
2212 -553 0 -24 60 -36
2212 0 0 -24 48 -24
2212 553 0 -24 36 -12
2212 1106 0 -24 24 0
2212 1659 0 -24 12 12
2212 2212 0 -24 0 24
2212 -2212 0 -23 92 -69
2212 -1106 0 -23 69 -46
2212 0 0 -23 46 -23
2212 1106 0 -23 23 0
2212 2212 0 -23 0 23
2212 -2212 0 -22 88 -66
2212 -1659 0 -22 77 -55
2212 -1106 0 -22 66 -44
2212 -553 0 -22 55 -33
2212 0 0 -22 44 -22
2212 553 0 -22 33 -11
2212 1106 0 -22 22 0
2212 1659 0 -22 11 11
2212 2212 0 -22 0 22
2212 -2212 0 -21 84 -63
2212 -2054 0 -21 81 -60
2212 -1896 0 -21 78 -57
2212 -1738 0 -21 75 -54
2212 -1580 0 -21 72 -51
2212 -1422 0 -21 69 -48
2212 -1264 0 -21 66 -45
2212 -1106 0 -21 63 -42
2212 -948 0 -21 60 -39
2212 -790 0 -21 57 -36
2212 -632 0 -21 54 -33
2212 -474 0 -21 51 -30
2212 -316 0 -21 48 -27
2212 -158 0 -21 45 -24
2212 0 0 -21 42 -21
2212 158 0 -21 39 -18
2212 316 0 -21 36 -15
2212 474 0 -21 33 -12
2212 632 0 -21 30 -9
2212 790 0 -21 27 -6
2212 948 0 -21 24 -3
2212 1106 0 -21 21 0
2212 1264 0 -21 18 3
2212 1422 0 -21 15 6
2212 1580 0 -21 12 9
2212 1738 0 -21 9 12
2212 1896 0 -21 6 15
2212 2054 0 -21 3 18
2212 2212 0 -21 0 21
2212 -2212 0 -20 80 -60
2212 -1659 0 -20 70 -50
2212 -1106 0 -20 60 -40
2212 -553 0 -20 50 -30
2212 0 0 -20 40 -20
2212 553 0 -20 30 -10
2212 1106 0 -20 20 0
2212 1659 0 -20 10 10
2212 2212 0 -20 0 20
2212 -2212 0 -19 76 -57
2212 -1106 0 -19 57 -38
2212 0 0 -19 38 -19
2212 1106 0 -19 19 0
2212 2212 0 -19 0 19
2212 -2212 0 -18 72 -54
2212 -1659 0 -18 63 -45
2212 -1106 0 -18 54 -36
2212 -553 0 -18 45 -27
2212 0 0 -18 36 -18
2212 553 0 -18 27 -9
2212 1106 0 -18 18 0
2212 1659 0 -18 9 9
2212 2212 0 -18 0 18
2212 -2212 0 -17 68 -51
2212 -1106 0 -17 51 -34
2212 0 0 -17 34 -17
2212 1106 0 -17 17 0
2212 2212 0 -17 0 17
2212 -2212 0 -16 64 -48
2212 -1659 0 -16 56 -40
2212 -1106 0 -16 48 -32
2212 -553 0 -16 40 -24
2212 0 0 -16 32 -16
2212 553 0 -16 24 -8
2212 1106 0 -16 16 0
2212 1659 0 -16 8 8
2212 2212 0 -16 0 16
2212 -2212 0 -15 60 -45
2212 -1106 0 -15 45 -30
2212 0 0 -15 30 -15
2212 1106 0 -15 15 0
2212 2212 0 -15 0 15
2212 -2212 0 -14 56 -42
2212 -2133 0 -14 55 -41
2212 -2054 0 -14 54 -40
2212 -1975 0 -14 53 -39
2212 -1896 0 -14 52 -38
2212 -1817 0 -14 51 -37
2212 -1738 0 -14 50 -36
2212 -1659 0 -14 49 -35
2212 -1580 0 -14 48 -34
2212 -1501 0 -14 47 -33
2212 -1422 0 -14 46 -32
2212 -1343 0 -14 45 -31
2212 -1264 0 -14 44 -30
2212 -1185 0 -14 43 -29
2212 -1106 0 -14 42 -28
2212 -1027 0 -14 41 -27
2212 -948 0 -14 40 -26
2212 -869 0 -14 39 -25
2212 -790 0 -14 38 -24
2212 -711 0 -14 37 -23
2212 -632 0 -14 36 -22
2212 -553 0 -14 35 -21
2212 -474 0 -14 34 -20
2212 -395 0 -14 33 -19
2212 -316 0 -14 32 -18
2212 -237 0 -14 31 -17
2212 -158 0 -14 30 -16
2212 -79 0 -14 29 -15
2212 0 0 -14 28 -14
2212 79 0 -14 27 -13
2212 158 0 -14 26 -12
2212 237 0 -14 25 -11
2212 316 0 -14 24 -10
2212 395 0 -14 23 -9
2212 474 0 -14 22 -8
2212 553 0 -14 21 -7
2212 632 0 -14 20 -6
2212 711 0 -14 19 -5
2212 790 0 -14 18 -4
2212 869 0 -14 17 -3
2212 948 0 -14 16 -2
2212 1027 0 -14 15 -1
2212 1106 0 -14 14 0
2212 1185 0 -14 13 1
2212 1264 0 -14 12 2
2212 1343 0 -14 11 3
2212 1422 0 -14 10 4
2212 1501 0 -14 9 5
2212 1580 0 -14 8 6
2212 1659 0 -14 7 7
2212 1738 0 -14 6 8
2212 1817 0 -14 5 9
2212 1896 0 -14 4 10
2212 1975 0 -14 3 11
2212 2054 0 -14 2 12
2212 2133 0 -14 1 13
2212 2212 0 -14 0 14
2212 -2212 0 -13 52 -39
2212 -1106 0 -13 39 -26
2212 0 0 -13 26 -13
2212 1106 0 -13 13 0
2212 2212 0 -13 0 13
2212 -2212 0 -12 48 -36
2212 -1659 0 -12 42 -30
2212 -1106 0 -12 36 -24
2212 -553 0 -12 30 -18
2212 0 0 -12 24 -12
2212 553 0 -12 18 -6
2212 1106 0 -12 12 0
2212 1659 0 -12 6 6
2212 2212 0 -12 0 12
2212 -2212 0 -11 44 -33
2212 -1106 0 -11 33 -22
2212 0 0 -11 22 -11
2212 1106 0 -11 11 0
2212 2212 0 -11 0 11
2212 -2212 0 -10 40 -30
2212 -1659 0 -10 35 -25
2212 -1106 0 -10 30 -20
2212 -553 0 -10 25 -15
2212 0 0 -10 20 -10
2212 553 0 -10 15 -5
2212 1106 0 -10 10 0
2212 1659 0 -10 5 5
2212 2212 0 -10 0 10
2212 -2212 0 -9 36 -27
2212 -1106 0 -9 27 -18
2212 0 0 -9 18 -9
2212 1106 0 -9 9 0
2212 2212 0 -9 0 9
2212 -2212 0 -8 32 -24
2212 -1659 0 -8 28 -20
2212 -1106 0 -8 24 -16
2212 -553 0 -8 20 -12
2212 0 0 -8 16 -8
2212 553 0 -8 12 -4
2212 1106 0 -8 8 0
2212 1659 0 -8 4 4
2212 2212 0 -8 0 8
2212 -2212 0 -7 28 -21
2212 -2054 0 -7 27 -20
2212 -1896 0 -7 26 -19
2212 -1738 0 -7 25 -18
2212 -1580 0 -7 24 -17
2212 -1422 0 -7 23 -16
2212 -1264 0 -7 22 -15
2212 -1106 0 -7 21 -14
2212 -948 0 -7 20 -13
2212 -790 0 -7 19 -12
2212 -632 0 -7 18 -11
2212 -474 0 -7 17 -10
2212 -316 0 -7 16 -9
2212 -158 0 -7 15 -8
2212 0 0 -7 14 -7
2212 158 0 -7 13 -6
2212 316 0 -7 12 -5
2212 474 0 -7 11 -4
2212 632 0 -7 10 -3
2212 790 0 -7 9 -2
2212 948 0 -7 8 -1
2212 1106 0 -7 7 0
2212 1264 0 -7 6 1
2212 1422 0 -7 5 2
2212 1580 0 -7 4 3
2212 1738 0 -7 3 4
2212 1896 0 -7 2 5
2212 2054 0 -7 1 6
2212 2212 0 -7 0 7
2212 -2212 0 -6 24 -18
2212 -1659 0 -6 21 -15
2212 -1106 0 -6 18 -12
2212 -553 0 -6 15 -9
2212 0 0 -6 12 -6
2212 553 0 -6 9 -3
2212 1106 0 -6 6 0
2212 1659 0 -6 3 3
2212 2212 0 -6 0 6
2212 -2212 0 -5 20 -15
2212 -1106 0 -5 15 -10
2212 0 0 -5 10 -5
2212 1106 0 -5 5 0
2212 2212 0 -5 0 5
2212 -2212 0 -4 16 -12
2212 -1659 0 -4 14 -10
2212 -1106 0 -4 12 -8
2212 -553 0 -4 10 -6
2212 0 0 -4 8 -4
2212 553 0 -4 6 -2
2212 1106 0 -4 4 0
2212 1659 0 -4 2 2
2212 2212 0 -4 0 4
2212 -2212 0 -3 12 -9
2212 -1106 0 -3 9 -6
2212 0 0 -3 6 -3
2212 1106 0 -3 3 0
2212 2212 0 -3 0 3
2212 -2212 0 -2 8 -6
2212 -1659 0 -2 7 -5
2212 -1106 0 -2 6 -4
2212 -553 0 -2 5 -3
2212 0 0 -2 4 -2
2212 553 0 -2 3 -1
2212 1106 0 -2 2 0
2212 1659 0 -2 1 1
2212 2212 0 -2 0 2
2212 -2212 0 -1 4 -3
2212 -1106 0 -1 3 -2
2212 0 0 -1 2 -1
2212 1106 0 -1 1 0
2212 2212 0 -1 0 1
2212 -2212 -1 1 -4 4
2212 -2212 0 1 -4 3
2212 -2212 1 1 -4 4
2212 -1106 0 1 -3 2
2212 0 0 1 -2 1
2212 1106 0 1 -1 0
2212 2212 0 1 0 -1
2212 -2212 0 2 -8 6
2212 -1659 0 2 -7 5
2212 -1106 0 2 -6 4
2212 -553 0 2 -5 3
2212 0 0 2 -4 2
2212 553 0 2 -3 1
2212 1106 0 2 -2 0
2212 1659 0 2 -1 -1
2212 2212 0 2 0 -2
2212 -2212 0 3 -12 9
2212 -1106 0 3 -9 6
2212 0 0 3 -6 3
2212 1106 0 3 -3 0
2212 2212 0 3 0 -3
2212 -2212 -2 4 -16 16
2212 -2212 0 4 -16 12
2212 -2212 2 4 -16 16
2212 -1659 0 4 -14 10
2212 -1106 0 4 -12 8
2212 -553 0 4 -10 6
2212 0 0 4 -8 4
2212 553 0 4 -6 2
2212 1106 0 4 -4 0
2212 1659 0 4 -2 -2
2212 2212 0 4 0 -4
2212 -2212 0 5 -20 15
2212 -1106 0 5 -15 10
2212 0 0 5 -10 5
2212 1106 0 5 -5 0
2212 2212 0 5 0 -5
2212 -2212 0 6 -24 18
2212 -1659 0 6 -21 15
2212 -1106 0 6 -18 12
2212 -553 0 6 -15 9
2212 0 0 6 -12 6
2212 553 0 6 -9 3
2212 1106 0 6 -6 0
2212 1659 0 6 -3 -3
2212 2212 0 6 0 -6
2212 -2212 0 7 -28 21
2212 -2054 0 7 -27 20
2212 -1896 0 7 -26 19
2212 -1738 0 7 -25 18
2212 -1580 0 7 -24 17
2212 -1422 0 7 -23 16
2212 -1264 0 7 -22 15
2212 -1106 0 7 -21 14
2212 -948 0 7 -20 13
2212 -790 0 7 -19 12
2212 -632 0 7 -18 11
2212 -474 0 7 -17 10
2212 -316 0 7 -16 9
2212 -158 0 7 -15 8
2212 0 0 7 -14 7
2212 158 0 7 -13 6
2212 316 0 7 -12 5
2212 474 0 7 -11 4
2212 632 0 7 -10 3
2212 790 0 7 -9 2
2212 948 0 7 -8 1
2212 1106 0 7 -7 0
2212 1264 0 7 -6 -1
2212 1422 0 7 -5 -2
2212 1580 0 7 -4 -3
2212 1738 0 7 -3 -4
2212 1896 0 7 -2 -5
2212 2054 0 7 -1 -6
2212 2212 0 7 0 -7
2212 -2212 0 8 -32 24
2212 -1659 0 8 -28 20
2212 -1106 0 8 -24 16
2212 -553 0 8 -20 12
2212 0 0 8 -16 8
2212 553 0 8 -12 4
2212 1106 0 8 -8 0
2212 1659 0 8 -4 -4
2212 2212 0 8 0 -8
2212 -2212 -3 9 -36 36
2212 -2212 0 9 -36 27
2212 -2212 3 9 -36 36
2212 -1106 0 9 -27 18
2212 0 0 9 -18 9
2212 1106 0 9 -9 0
2212 2212 0 9 0 -9
2212 -2212 0 10 -40 30
2212 -1659 0 10 -35 25
2212 -1106 0 10 -30 20
2212 -553 0 10 -25 15
2212 0 0 10 -20 10
2212 553 0 10 -15 5
2212 1106 0 10 -10 0
2212 1659 0 10 -5 -5
2212 2212 0 10 0 -10
2212 -2212 0 11 -44 33
2212 -1106 0 11 -33 22
2212 0 0 11 -22 11
2212 1106 0 11 -11 0
2212 2212 0 11 0 -11
2212 -2212 0 12 -48 36
2212 -1659 0 12 -42 30
2212 -1106 0 12 -36 24
2212 -553 0 12 -30 18
2212 0 0 12 -24 12
2212 553 0 12 -18 6
2212 1106 0 12 -12 0
2212 1659 0 12 -6 -6
2212 2212 0 12 0 -12
2212 -2212 0 13 -52 39
2212 -1106 0 13 -39 26
2212 0 0 13 -26 13
2212 1106 0 13 -13 0
2212 2212 0 13 0 -13
2212 -2212 0 14 -56 42
2212 -2133 0 14 -55 41
2212 -2054 0 14 -54 40
2212 -1975 0 14 -53 39
2212 -1896 0 14 -52 38
2212 -1817 0 14 -51 37
2212 -1738 0 14 -50 36
2212 -1659 0 14 -49 35
2212 -1580 0 14 -48 34
2212 -1501 0 14 -47 33
2212 -1422 0 14 -46 32
2212 -1343 0 14 -45 31
2212 -1264 0 14 -44 30
2212 -1185 0 14 -43 29
2212 -1106 0 14 -42 28
2212 -1027 0 14 -41 27
2212 -948 0 14 -40 26
2212 -869 0 14 -39 25
2212 -790 0 14 -38 24
2212 -711 0 14 -37 23
2212 -632 0 14 -36 22
2212 -553 0 14 -35 21
2212 -474 0 14 -34 20
2212 -395 0 14 -33 19
2212 -316 0 14 -32 18
2212 -237 0 14 -31 17
2212 -158 0 14 -30 16
2212 -79 0 14 -29 15
2212 0 0 14 -28 14
2212 79 0 14 -27 13
2212 158 0 14 -26 12
2212 237 0 14 -25 11
2212 316 0 14 -24 10
2212 395 0 14 -23 9
2212 474 0 14 -22 8
2212 553 0 14 -21 7
2212 632 0 14 -20 6
2212 711 0 14 -19 5
2212 790 0 14 -18 4
2212 869 0 14 -17 3
2212 948 0 14 -16 2
2212 1027 0 14 -15 1
2212 1106 0 14 -14 0
2212 1185 0 14 -13 -1
2212 1264 0 14 -12 -2
2212 1343 0 14 -11 -3
2212 1422 0 14 -10 -4
2212 1501 0 14 -9 -5
2212 1580 0 14 -8 -6
2212 1659 0 14 -7 -7
2212 1738 0 14 -6 -8
2212 1817 0 14 -5 -9
2212 1896 0 14 -4 -10
2212 1975 0 14 -3 -11
2212 2054 0 14 -2 -12
2212 2133 0 14 -1 -13
2212 2212 0 14 0 -14
2212 -2212 0 15 -60 45
2212 -1106 0 15 -45 30
2212 0 0 15 -30 15
2212 1106 0 15 -15 0
2212 2212 0 15 0 -15
2212 -2212 -4 16 -64 64
2212 -2212 0 16 -64 48
2212 -2212 4 16 -64 64
2212 -1659 0 16 -56 40
2212 -1106 0 16 -48 32
2212 -553 0 16 -40 24
2212 0 0 16 -32 16
2212 553 0 16 -24 8
2212 1106 0 16 -16 0
2212 1659 0 16 -8 -8
2212 2212 0 16 0 -16
2212 -2212 0 17 -68 51
2212 -1106 0 17 -51 34
2212 0 0 17 -34 17
2212 1106 0 17 -17 0
2212 2212 0 17 0 -17
2212 -2212 0 18 -72 54
2212 -1659 0 18 -63 45
2212 -1106 0 18 -54 36
2212 -553 0 18 -45 27
2212 0 0 18 -36 18
2212 553 0 18 -27 9
2212 1106 0 18 -18 0
2212 1659 0 18 -9 -9
2212 2212 0 18 0 -18
2212 -2212 0 19 -76 57
2212 -1106 0 19 -57 38
2212 0 0 19 -38 19
2212 1106 0 19 -19 0
2212 2212 0 19 0 -19
2212 -2212 0 20 -80 60
2212 -1659 0 20 -70 50
2212 -1106 0 20 -60 40
2212 -553 0 20 -50 30
2212 0 0 20 -40 20
2212 553 0 20 -30 10
2212 1106 0 20 -20 0
2212 1659 0 20 -10 -10
2212 2212 0 20 0 -20
2212 -2212 0 21 -84 63
2212 -2054 0 21 -81 60
2212 -1896 0 21 -78 57
2212 -1738 0 21 -75 54
2212 -1580 0 21 -72 51
2212 -1422 0 21 -69 48
2212 -1264 0 21 -66 45
2212 -1106 0 21 -63 42
2212 -948 0 21 -60 39
2212 -790 0 21 -57 36
2212 -632 0 21 -54 33
2212 -474 0 21 -51 30
2212 -316 0 21 -48 27
2212 -158 0 21 -45 24
2212 0 0 21 -42 21
2212 158 0 21 -39 18
2212 316 0 21 -36 15
2212 474 0 21 -33 12
2212 632 0 21 -30 9
2212 790 0 21 -27 6
2212 948 0 21 -24 3
2212 1106 0 21 -21 0
2212 1264 0 21 -18 -3
2212 1422 0 21 -15 -6
2212 1580 0 21 -12 -9
2212 1738 0 21 -9 -12
2212 1896 0 21 -6 -15
2212 2054 0 21 -3 -18
2212 2212 0 21 0 -21
2212 -2212 0 22 -88 66
2212 -1659 0 22 -77 55
2212 -1106 0 22 -66 44
2212 -553 0 22 -55 33
2212 0 0 22 -44 22
2212 553 0 22 -33 11
2212 1106 0 22 -22 0
2212 1659 0 22 -11 -11
2212 2212 0 22 0 -22
2212 -2212 0 23 -92 69
2212 -1106 0 23 -69 46
2212 0 0 23 -46 23
2212 1106 0 23 -23 0
2212 2212 0 23 0 -23
2212 -2212 0 24 -96 72
2212 -1659 0 24 -84 60
2212 -1106 0 24 -72 48
2212 -553 0 24 -60 36
2212 0 0 24 -48 24
2212 553 0 24 -36 12
2212 1106 0 24 -24 0
2212 1659 0 24 -12 -12
2212 2212 0 24 0 -24
2212 -2212 -5 25 -100 100
2212 -2212 0 25 -100 75
2212 -2212 5 25 -100 100
2212 -1106 0 25 -75 50
2212 0 0 25 -50 25
2212 1106 0 25 -25 0
2212 2212 0 25 0 -25
2212 -2212 0 26 -104 78
2212 -1659 0 26 -91 65
2212 -1106 0 26 -78 52
2212 -553 0 26 -65 39
2212 0 0 26 -52 26
2212 553 0 26 -39 13
2212 1106 0 26 -26 0
2212 1659 0 26 -13 -13
2212 2212 0 26 0 -26
2212 -2212 0 27 -108 81
2212 -1106 0 27 -81 54
2212 0 0 27 -54 27
2212 1106 0 27 -27 0
2212 2212 0 27 0 -27
2212 -2212 0 28 -112 84
2212 -2133 0 28 -110 82
2212 -2054 0 28 -108 80
2212 -1975 0 28 -106 78
2212 -1896 0 28 -104 76
2212 -1817 0 28 -102 74
2212 -1738 0 28 -100 72
2212 -1659 0 28 -98 70
2212 -1580 0 28 -96 68
2212 -1501 0 28 -94 66
2212 -1422 0 28 -92 64
2212 -1343 0 28 -90 62
2212 -1264 0 28 -88 60
2212 -1185 0 28 -86 58
2212 -1106 0 28 -84 56
2212 -1027 0 28 -82 54
2212 -948 0 28 -80 52
2212 -869 0 28 -78 50
2212 -790 0 28 -76 48
2212 -711 0 28 -74 46
2212 -632 0 28 -72 44
2212 -553 0 28 -70 42
2212 -474 0 28 -68 40
2212 -395 0 28 -66 38
2212 -316 0 28 -64 36
2212 -237 0 28 -62 34
2212 -158 0 28 -60 32
2212 -79 0 28 -58 30
2212 0 0 28 -56 28
2212 79 0 28 -54 26
2212 158 0 28 -52 24
2212 237 0 28 -50 22
2212 316 0 28 -48 20
2212 395 0 28 -46 18
2212 474 0 28 -44 16
2212 553 0 28 -42 14
2212 632 0 28 -40 12
2212 711 0 28 -38 10
2212 790 0 28 -36 8
2212 869 0 28 -34 6
2212 948 0 28 -32 4
2212 1027 0 28 -30 2
2212 1106 0 28 -28 0
2212 1185 0 28 -26 -2
2212 1264 0 28 -24 -4
2212 1343 0 28 -22 -6
2212 1422 0 28 -20 -8
2212 1501 0 28 -18 -10
2212 1580 0 28 -16 -12
2212 1659 0 28 -14 -14
2212 1738 0 28 -12 -16
2212 1817 0 28 -10 -18
2212 1896 0 28 -8 -20
2212 1975 0 28 -6 -22
2212 2054 0 28 -4 -24
2212 2133 0 28 -2 -26
2212 2212 0 28 0 -28
2212 -2212 0 29 -116 87
2212 -1106 0 29 -87 58
2212 0 0 29 -58 29
2212 1106 0 29 -29 0
2212 2212 0 29 0 -29
2212 -2212 0 30 -120 90
2212 -1659 0 30 -105 75
2212 -1106 0 30 -90 60
2212 -553 0 30 -75 45
2212 0 0 30 -60 30
2212 553 0 30 -45 15
2212 1106 0 30 -30 0
2212 1659 0 30 -15 -15
2212 2212 0 30 0 -30
2212 -2212 0 31 -124 93
2212 -1106 0 31 -93 62
2212 0 0 31 -62 31
2212 1106 0 31 -31 0
2212 2212 0 31 0 -31
2212 -2212 0 32 -128 96
2212 -1659 0 32 -112 80
2212 -1106 0 32 -96 64
2212 -553 0 32 -80 48
2212 0 0 32 -64 32
2212 553 0 32 -48 16
2212 1106 0 32 -32 0
2212 1659 0 32 -16 -16
2212 2212 0 32 0 -32
2212 -2212 0 33 -132 99
2212 -1106 0 33 -99 66
2212 0 0 33 -66 33
2212 1106 0 33 -33 0
2212 2212 0 33 0 -33
2212 -2212 0 34 -136 102
2212 -1659 0 34 -119 85
2212 -1106 0 34 -102 68
2212 -553 0 34 -85 51
2212 0 0 34 -68 34
2212 553 0 34 -51 17
2212 1106 0 34 -34 0
2212 1659 0 34 -17 -17
2212 2212 0 34 0 -34
2212 -2212 0 35 -140 105
2212 -2054 0 35 -135 100
2212 -1896 0 35 -130 95
2212 -1738 0 35 -125 90
2212 -1580 0 35 -120 85
2212 -1422 0 35 -115 80
2212 -1264 0 35 -110 75
2212 -1106 0 35 -105 70
2212 -948 0 35 -100 65
2212 -790 0 35 -95 60
2212 -632 0 35 -90 55
2212 -474 0 35 -85 50
2212 -316 0 35 -80 45
2212 -158 0 35 -75 40
2212 0 0 35 -70 35
2212 158 0 35 -65 30
2212 316 0 35 -60 25
2212 474 0 35 -55 20
2212 632 0 35 -50 15
2212 790 0 35 -45 10
2212 948 0 35 -40 5
2212 1106 0 35 -35 0
2212 1264 0 35 -30 -5
2212 1422 0 35 -25 -10
2212 1580 0 35 -20 -15
2212 1738 0 35 -15 -20
2212 1896 0 35 -10 -25
2212 2054 0 35 -5 -30
2212 2212 0 35 0 -35
2212 -2212 -6 36 -144 144
2212 -2212 0 36 -144 108
2212 -2212 6 36 -144 144
2212 -1659 0 36 -126 90
2212 -1106 0 36 -108 72
2212 -553 0 36 -90 54
2212 0 0 36 -72 36
2212 553 0 36 -54 18
2212 1106 0 36 -36 0
2212 1659 0 36 -18 -18
2212 2212 0 36 0 -36
2212 -2212 0 37 -148 111
2212 -1106 0 37 -111 74
2212 0 0 37 -74 37
2212 1106 0 37 -37 0
2212 2212 0 37 0 -37
2212 -2212 0 38 -152 114
2212 -1659 0 38 -133 95
2212 -1106 0 38 -114 76
2212 -553 0 38 -95 57
2212 0 0 38 -76 38
2212 553 0 38 -57 19
2212 1106 0 38 -38 0
2212 1659 0 38 -19 -19
2212 2212 0 38 0 -38
2212 -2212 0 39 -156 117
2212 -1106 0 39 -117 78
2212 0 0 39 -78 39
2212 1106 0 39 -39 0
2212 2212 0 39 0 -39
2212 -2212 0 40 -160 120
2212 -1659 0 40 -140 100
2212 -1106 0 40 -120 80
2212 -553 0 40 -100 60
2212 0 0 40 -80 40
2212 553 0 40 -60 20
2212 1106 0 40 -40 0
2212 1659 0 40 -20 -20
2212 2212 0 40 0 -40
2212 -2212 0 41 -164 123
2212 -1106 0 41 -123 82
2212 0 0 41 -82 41
2212 1106 0 41 -41 0
2212 2212 0 41 0 -41
2212 -2212 0 42 -168 126
2212 -2133 0 42 -165 123
2212 -2054 0 42 -162 120
2212 -1975 0 42 -159 117
2212 -1896 0 42 -156 114
2212 -1817 0 42 -153 111
2212 -1738 0 42 -150 108
2212 -1659 0 42 -147 105
2212 -1580 0 42 -144 102
2212 -1501 0 42 -141 99
2212 -1422 0 42 -138 96
2212 -1343 0 42 -135 93
2212 -1264 0 42 -132 90
2212 -1185 0 42 -129 87
2212 -1106 0 42 -126 84
2212 -1027 0 42 -123 81
2212 -948 0 42 -120 78
2212 -869 0 42 -117 75
2212 -790 0 42 -114 72
2212 -711 0 42 -111 69
2212 -632 0 42 -108 66
2212 -553 0 42 -105 63
2212 -474 0 42 -102 60
2212 -395 0 42 -99 57
2212 -316 0 42 -96 54
2212 -237 0 42 -93 51
2212 -158 0 42 -90 48
2212 -79 0 42 -87 45
2212 0 0 42 -84 42
2212 79 0 42 -81 39
2212 158 0 42 -78 36
2212 237 0 42 -75 33
2212 316 0 42 -72 30
2212 395 0 42 -69 27
2212 474 0 42 -66 24
2212 553 0 42 -63 21
2212 632 0 42 -60 18
2212 711 0 42 -57 15
2212 790 0 42 -54 12
2212 869 0 42 -51 9
2212 948 0 42 -48 6
2212 1027 0 42 -45 3
2212 1106 0 42 -42 0
2212 1185 0 42 -39 -3
2212 1264 0 42 -36 -6
2212 1343 0 42 -33 -9
2212 1422 0 42 -30 -12
2212 1501 0 42 -27 -15
2212 1580 0 42 -24 -18
2212 1659 0 42 -21 -21
2212 1738 0 42 -18 -24
2212 1817 0 42 -15 -27
2212 1896 0 42 -12 -30
2212 1975 0 42 -9 -33
2212 2054 0 42 -6 -36
2212 2133 0 42 -3 -39
2212 2212 0 42 0 -42
2212 -2212 0 43 -172 129
2212 -1106 0 43 -129 86
2212 0 0 43 -86 43
2212 1106 0 43 -43 0
2212 2212 0 43 0 -43
2212 -2212 0 44 -176 132
2212 -1659 0 44 -154 110
2212 -1106 0 44 -132 88
2212 -553 0 44 -110 66
2212 0 0 44 -88 44
2212 553 0 44 -66 22
2212 1106 0 44 -44 0
2212 1659 0 44 -22 -22
2212 2212 0 44 0 -44
2212 -2212 0 45 -180 135
2212 -1106 0 45 -135 90
2212 0 0 45 -90 45
2212 1106 0 45 -45 0
2212 2212 0 45 0 -45
2212 -2212 0 46 -184 138
2212 -1659 0 46 -161 115
2212 -1106 0 46 -138 92
2212 -553 0 46 -115 69
2212 0 0 46 -92 46
2212 553 0 46 -69 23
2212 1106 0 46 -46 0
2212 1659 0 46 -23 -23
2212 2212 0 46 0 -46
2212 -2212 0 47 -188 141
2212 -1106 0 47 -141 94
2212 0 0 47 -94 47
2212 1106 0 47 -47 0
2212 2212 0 47 0 -47
2212 -2212 0 48 -192 144
2212 -1659 0 48 -168 120
2212 -1106 0 48 -144 96
2212 -553 0 48 -120 72
2212 0 0 48 -96 48
2212 553 0 48 -72 24
2212 1106 0 48 -48 0
2212 1659 0 48 -24 -24
2212 2212 0 48 0 -48
2212 -2212 -7 49 -196 196
2212 -2212 0 49 -196 147
2212 -2212 7 49 -196 196
2212 -2054 0 49 -189 140
2212 -1896 0 49 -182 133
2212 -1738 0 49 -175 126
2212 -1580 0 49 -168 119
2212 -1422 0 49 -161 112
2212 -1264 0 49 -154 105
2212 -1106 0 49 -147 98
2212 -948 0 49 -140 91
2212 -790 0 49 -133 84
2212 -632 0 49 -126 77
2212 -474 0 49 -119 70
2212 -316 0 49 -112 63
2212 -158 0 49 -105 56
2212 0 0 49 -98 49
2212 158 0 49 -91 42
2212 316 0 49 -84 35
2212 474 0 49 -77 28
2212 632 0 49 -70 21
2212 790 0 49 -63 14
2212 948 0 49 -56 7
2212 1106 0 49 -49 0
2212 1264 0 49 -42 -7
2212 1422 0 49 -35 -14
2212 1580 0 49 -28 -21
2212 1738 0 49 -21 -28
2212 1896 0 49 -14 -35
2212 2054 0 49 -7 -42
2212 2212 0 49 0 -49
2212 -2212 0 50 -200 150
2212 -1659 0 50 -175 125
2212 -1106 0 50 -150 100
2212 -553 0 50 -125 75
2212 0 0 50 -100 50
2212 553 0 50 -75 25
2212 1106 0 50 -50 0
2212 1659 0 50 -25 -25
2212 2212 0 50 0 -50
2212 -2212 0 51 -204 153
2212 -1106 0 51 -153 102
2212 0 0 51 -102 51
2212 1106 0 51 -51 0
2212 2212 0 51 0 -51
2212 -2212 0 52 -208 156
2212 -1659 0 52 -182 130
2212 -1106 0 52 -156 104
2212 -553 0 52 -130 78
2212 0 0 52 -104 52
2212 553 0 52 -78 26
2212 1106 0 52 -52 0
2212 1659 0 52 -26 -26
2212 2212 0 52 0 -52
2212 -2212 0 53 -212 159
2212 -1106 0 53 -159 106
2212 0 0 53 -106 53
2212 1106 0 53 -53 0
2212 2212 0 53 0 -53
2212 -2212 0 54 -216 162
2212 -1659 0 54 -189 135
2212 -1106 0 54 -162 108
2212 -553 0 54 -135 81
2212 0 0 54 -108 54
2212 553 0 54 -81 27
2212 1106 0 54 -54 0
2212 1659 0 54 -27 -27
2212 2212 0 54 0 -54
2212 -2212 0 55 -220 165
2212 -1106 0 55 -165 110
2212 0 0 55 -110 55
2212 1106 0 55 -55 0
2212 2212 0 55 0 -55
2212 -2212 0 56 -224 168
2212 -2133 0 56 -220 164
2212 -2054 0 56 -216 160
2212 -1975 0 56 -212 156
2212 -1896 0 56 -208 152
2212 -1817 0 56 -204 148
2212 -1738 0 56 -200 144
2212 -1659 0 56 -196 140
2212 -1580 0 56 -192 136
2212 -1501 0 56 -188 132
2212 -1422 0 56 -184 128
2212 -1343 0 56 -180 124
2212 -1264 0 56 -176 120
2212 -1185 0 56 -172 116
2212 -1106 0 56 -168 112
2212 -1027 0 56 -164 108
2212 -948 0 56 -160 104
2212 -869 0 56 -156 100
2212 -790 0 56 -152 96
2212 -711 0 56 -148 92
2212 -632 0 56 -144 88
2212 -553 0 56 -140 84
2212 -474 0 56 -136 80
2212 -395 0 56 -132 76
2212 -316 0 56 -128 72
2212 -237 0 56 -124 68
2212 -158 0 56 -120 64
2212 -79 0 56 -116 60
2212 0 0 56 -112 56
2212 79 0 56 -108 52
2212 158 0 56 -104 48
2212 237 0 56 -100 44
2212 316 0 56 -96 40
2212 395 0 56 -92 36
2212 474 0 56 -88 32
2212 553 0 56 -84 28
2212 632 0 56 -80 24
2212 711 0 56 -76 20
2212 790 0 56 -72 16
2212 869 0 56 -68 12
2212 948 0 56 -64 8
2212 1027 0 56 -60 4
2212 1106 0 56 -56 0
2212 1185 0 56 -52 -4
2212 1264 0 56 -48 -8
2212 1343 0 56 -44 -12
2212 1422 0 56 -40 -16
2212 1501 0 56 -36 -20
2212 1580 0 56 -32 -24
2212 1659 0 56 -28 -28
2212 1738 0 56 -24 -32
2212 1817 0 56 -20 -36
2212 1896 0 56 -16 -40
2212 1975 0 56 -12 -44
2212 2054 0 56 -8 -48
2212 2133 0 56 -4 -52
2212 2212 0 56 0 -56
2212 -2212 0 57 -228 171
2212 -1106 0 57 -171 114
2212 0 0 57 -114 57
2212 1106 0 57 -57 0
2212 2212 0 57 0 -57
2212 -2212 0 58 -232 174
2212 -1659 0 58 -203 145
2212 -1106 0 58 -174 116
2212 -553 0 58 -145 87
2212 0 0 58 -116 58
2212 553 0 58 -87 29
2212 1106 0 58 -58 0
2212 1659 0 58 -29 -29
2212 2212 0 58 0 -58
2212 -2212 0 59 -236 177
2212 -1106 0 59 -177 118
2212 0 0 59 -118 59
2212 1106 0 59 -59 0
2212 2212 0 59 0 -59
2212 -2212 0 60 -240 180
2212 -1659 0 60 -210 150
2212 -1106 0 60 -180 120
2212 -553 0 60 -150 90
2212 0 0 60 -120 60
2212 553 0 60 -90 30
2212 1106 0 60 -60 0
2212 1659 0 60 -30 -30
2212 2212 0 60 0 -60
2213 -2213 0 -60 240 -180
2213 0 0 -60 120 -60
2213 2213 0 -60 0 60
2213 -2213 0 -59 236 -177
2213 0 0 -59 118 -59
2213 2213 0 -59 0 59
2213 -2213 0 -58 232 -174
2213 0 0 -58 116 -58
2213 2213 0 -58 0 58
2213 -2213 0 -57 228 -171
2213 0 0 -57 114 -57
2213 2213 0 -57 0 57
2213 -2213 0 -56 224 -168
2213 0 0 -56 112 -56
2213 2213 0 -56 0 56
2213 -2213 0 -55 220 -165
2213 0 0 -55 110 -55
2213 2213 0 -55 0 55
2213 -2213 0 -54 216 -162
2213 0 0 -54 108 -54
2213 2213 0 -54 0 54
2213 -2213 0 -53 212 -159
2213 0 0 -53 106 -53
2213 2213 0 -53 0 53
2213 -2213 0 -52 208 -156
2213 0 0 -52 104 -52
2213 2213 0 -52 0 52
2213 -2213 0 -51 204 -153
2213 0 0 -51 102 -51
2213 2213 0 -51 0 51
2213 -2213 0 -50 200 -150
2213 0 0 -50 100 -50
2213 2213 0 -50 0 50
2213 -2213 0 -49 196 -147
2213 0 0 -49 98 -49
2213 2213 0 -49 0 49
2213 -2213 0 -48 192 -144
2213 0 0 -48 96 -48
2213 2213 0 -48 0 48
2213 -2213 0 -47 188 -141
2213 0 0 -47 94 -47
2213 2213 0 -47 0 47
2213 -2213 0 -46 184 -138
2213 0 0 -46 92 -46
2213 2213 0 -46 0 46
2213 -2213 0 -45 180 -135
2213 0 0 -45 90 -45
2213 2213 0 -45 0 45
2213 -2213 0 -44 176 -132
2213 0 0 -44 88 -44
2213 2213 0 -44 0 44
2213 -2213 0 -43 172 -129
2213 0 0 -43 86 -43
2213 2213 0 -43 0 43
2213 -2213 0 -42 168 -126
2213 0 0 -42 84 -42
2213 2213 0 -42 0 42
2213 -2213 0 -41 164 -123
2213 0 0 -41 82 -41
2213 2213 0 -41 0 41
2213 -2213 0 -40 160 -120
2213 0 0 -40 80 -40
2213 2213 0 -40 0 40
2213 -2213 0 -39 156 -117
2213 0 0 -39 78 -39
2213 2213 0 -39 0 39
2213 -2213 0 -38 152 -114
2213 0 0 -38 76 -38
2213 2213 0 -38 0 38
2213 -2213 0 -37 148 -111
2213 0 0 -37 74 -37
2213 2213 0 -37 0 37
2213 -2213 0 -36 144 -108
2213 0 0 -36 72 -36
2213 2213 0 -36 0 36
2213 -2213 0 -35 140 -105
2213 0 0 -35 70 -35
2213 2213 0 -35 0 35
2213 -2213 0 -34 136 -102
2213 0 0 -34 68 -34
2213 2213 0 -34 0 34
2213 -2213 0 -33 132 -99
2213 0 0 -33 66 -33
2213 2213 0 -33 0 33
2213 -2213 0 -32 128 -96
2213 0 0 -32 64 -32
2213 2213 0 -32 0 32
2213 -2213 0 -31 124 -93
2213 0 0 -31 62 -31
2213 2213 0 -31 0 31
2213 -2213 0 -30 120 -90
2213 0 0 -30 60 -30
2213 2213 0 -30 0 30
2213 -2213 0 -29 116 -87
2213 0 0 -29 58 -29
2213 2213 0 -29 0 29
2213 -2213 0 -28 112 -84
2213 0 0 -28 56 -28
2213 2213 0 -28 0 28
2213 -2213 0 -27 108 -81
2213 0 0 -27 54 -27
2213 2213 0 -27 0 27
2213 -2213 0 -26 104 -78
2213 0 0 -26 52 -26
2213 2213 0 -26 0 26
2213 -2213 0 -25 100 -75
2213 0 0 -25 50 -25
2213 2213 0 -25 0 25
2213 -2213 0 -24 96 -72
2213 0 0 -24 48 -24
2213 2213 0 -24 0 24
2213 -2213 0 -23 92 -69
2213 0 0 -23 46 -23
2213 2213 0 -23 0 23
2213 -2213 0 -22 88 -66
2213 0 0 -22 44 -22
2213 2213 0 -22 0 22
2213 -2213 0 -21 84 -63
2213 0 0 -21 42 -21
2213 2213 0 -21 0 21
2213 -2213 0 -20 80 -60
2213 0 0 -20 40 -20
2213 2213 0 -20 0 20
2213 -2213 0 -19 76 -57
2213 0 0 -19 38 -19
2213 2213 0 -19 0 19
2213 -2213 0 -18 72 -54
2213 0 0 -18 36 -18
2213 2213 0 -18 0 18
2213 -2213 0 -17 68 -51
2213 0 0 -17 34 -17
2213 2213 0 -17 0 17
2213 -2213 0 -16 64 -48
2213 0 0 -16 32 -16
2213 2213 0 -16 0 16
2213 -2213 0 -15 60 -45
2213 0 0 -15 30 -15
2213 2213 0 -15 0 15
2213 -2213 0 -14 56 -42
2213 0 0 -14 28 -14
2213 2213 0 -14 0 14
2213 -2213 0 -13 52 -39
2213 0 0 -13 26 -13
2213 2213 0 -13 0 13
2213 -2213 0 -12 48 -36
2213 0 0 -12 24 -12
2213 2213 0 -12 0 12
2213 -2213 0 -11 44 -33
2213 0 0 -11 22 -11
2213 2213 0 -11 0 11
2213 -2213 0 -10 40 -30
2213 0 0 -10 20 -10
2213 2213 0 -10 0 10
2213 -2213 0 -9 36 -27
2213 0 0 -9 18 -9
2213 2213 0 -9 0 9
2213 -2213 0 -8 32 -24
2213 0 0 -8 16 -8
2213 2213 0 -8 0 8
2213 -2213 0 -7 28 -21
2213 0 0 -7 14 -7
2213 2213 0 -7 0 7
2213 -2213 0 -6 24 -18
2213 0 0 -6 12 -6
2213 2213 0 -6 0 6
2213 -2213 0 -5 20 -15
2213 0 0 -5 10 -5
2213 2213 0 -5 0 5
2213 -2213 0 -4 16 -12
2213 0 0 -4 8 -4
2213 2213 0 -4 0 4
2213 -2213 0 -3 12 -9
2213 0 0 -3 6 -3
2213 2213 0 -3 0 3
2213 -2213 0 -2 8 -6
2213 0 0 -2 4 -2
2213 2213 0 -2 0 2
2213 -2213 0 -1 4 -3
2213 0 0 -1 2 -1
2213 2213 0 -1 0 1
2213 -2213 -1 1 -4 4
2213 -2213 0 1 -4 3
2213 -2213 1 1 -4 4
2213 0 0 1 -2 1
2213 2213 0 1 0 -1
2213 -2213 0 2 -8 6
2213 0 0 2 -4 2
2213 2213 0 2 0 -2
2213 -2213 0 3 -12 9
2213 0 0 3 -6 3
2213 2213 0 3 0 -3
2213 -2213 -2 4 -16 16
2213 -2213 0 4 -16 12
2213 -2213 2 4 -16 16
2213 0 0 4 -8 4
2213 2213 0 4 0 -4
2213 -2213 0 5 -20 15
2213 0 0 5 -10 5
2213 2213 0 5 0 -5
2213 -2213 0 6 -24 18
2213 0 0 6 -12 6
2213 2213 0 6 0 -6
2213 -2213 0 7 -28 21
2213 0 0 7 -14 7
2213 2213 0 7 0 -7
2213 -2213 0 8 -32 24
2213 0 0 8 -16 8
2213 2213 0 8 0 -8
2213 -2213 -3 9 -36 36
2213 -2213 0 9 -36 27
2213 -2213 3 9 -36 36
2213 0 0 9 -18 9
2213 2213 0 9 0 -9
2213 -2213 0 10 -40 30
2213 0 0 10 -20 10
2213 2213 0 10 0 -10
2213 -2213 0 11 -44 33
2213 0 0 11 -22 11
2213 2213 0 11 0 -11
2213 -2213 0 12 -48 36
2213 0 0 12 -24 12
2213 2213 0 12 0 -12
2213 -2213 0 13 -52 39
2213 0 0 13 -26 13
2213 2213 0 13 0 -13
2213 -2213 0 14 -56 42
2213 0 0 14 -28 14
2213 2213 0 14 0 -14
2213 -2213 0 15 -60 45
2213 0 0 15 -30 15
2213 2213 0 15 0 -15
2213 -2213 -4 16 -64 64
2213 -2213 0 16 -64 48
2213 -2213 4 16 -64 64
2213 0 0 16 -32 16
2213 2213 0 16 0 -16
2213 -2213 0 17 -68 51
2213 0 0 17 -34 17
2213 2213 0 17 0 -17
2213 -2213 0 18 -72 54
2213 0 0 18 -36 18
2213 2213 0 18 0 -18
2213 -2213 0 19 -76 57
2213 0 0 19 -38 19
2213 2213 0 19 0 -19
2213 -2213 0 20 -80 60
2213 0 0 20 -40 20
2213 2213 0 20 0 -20
2213 -2213 0 21 -84 63
2213 0 0 21 -42 21
2213 2213 0 21 0 -21
2213 -2213 0 22 -88 66
2213 0 0 22 -44 22
2213 2213 0 22 0 -22
2213 -2213 0 23 -92 69
2213 0 0 23 -46 23
2213 2213 0 23 0 -23
2213 -2213 0 24 -96 72
2213 0 0 24 -48 24
2213 2213 0 24 0 -24
2213 -2213 -5 25 -100 100
2213 -2213 0 25 -100 75
2213 -2213 5 25 -100 100
2213 0 0 25 -50 25
2213 2213 0 25 0 -25
2213 -2213 0 26 -104 78
2213 0 0 26 -52 26
2213 2213 0 26 0 -26
2213 -2213 0 27 -108 81
2213 0 0 27 -54 27
2213 2213 0 27 0 -27
2213 -2213 0 28 -112 84
2213 0 0 28 -56 28
2213 2213 0 28 0 -28
2213 -2213 0 29 -116 87
2213 0 0 29 -58 29
2213 2213 0 29 0 -29
2213 -2213 0 30 -120 90
2213 0 0 30 -60 30
2213 2213 0 30 0 -30
2213 -2213 0 31 -124 93
2213 0 0 31 -62 31
2213 2213 0 31 0 -31
2213 -2213 0 32 -128 96
2213 0 0 32 -64 32
2213 2213 0 32 0 -32
2213 -2213 0 33 -132 99
2213 0 0 33 -66 33
2213 2213 0 33 0 -33
2213 -2213 0 34 -136 102
2213 0 0 34 -68 34
2213 2213 0 34 0 -34
2213 -2213 0 35 -140 105
2213 0 0 35 -70 35
2213 2213 0 35 0 -35
2213 -2213 -6 36 -144 144
2213 -2213 0 36 -144 108
2213 -2213 6 36 -144 144
2213 0 0 36 -72 36
2213 2213 0 36 0 -36
2213 -2213 0 37 -148 111
2213 0 0 37 -74 37
2213 2213 0 37 0 -37
2213 -2213 0 38 -152 114
2213 0 0 38 -76 38
2213 2213 0 38 0 -38
2213 -2213 0 39 -156 117
2213 0 0 39 -78 39
2213 2213 0 39 0 -39
2213 -2213 0 40 -160 120
2213 0 0 40 -80 40
2213 2213 0 40 0 -40
2213 -2213 0 41 -164 123
2213 0 0 41 -82 41
2213 2213 0 41 0 -41
2213 -2213 0 42 -168 126
2213 0 0 42 -84 42
2213 2213 0 42 0 -42
2213 -2213 0 43 -172 129
2213 0 0 43 -86 43
2213 2213 0 43 0 -43
2213 -2213 0 44 -176 132
2213 0 0 44 -88 44
2213 2213 0 44 0 -44
2213 -2213 0 45 -180 135
2213 0 0 45 -90 45
2213 2213 0 45 0 -45
2213 -2213 0 46 -184 138
2213 0 0 46 -92 46
2213 2213 0 46 0 -46
2213 -2213 0 47 -188 141
2213 0 0 47 -94 47
2213 2213 0 47 0 -47
2213 -2213 0 48 -192 144
2213 0 0 48 -96 48
2213 2213 0 48 0 -48
2213 -2213 -7 49 -196 196
2213 -2213 0 49 -196 147
2213 -2213 7 49 -196 196
2213 0 0 49 -98 49
2213 2213 0 49 0 -49
2213 -2213 0 50 -200 150
2213 0 0 50 -100 50
2213 2213 0 50 0 -50
2213 -2213 0 51 -204 153
2213 0 0 51 -102 51
2213 2213 0 51 0 -51
2213 -2213 0 52 -208 156
2213 0 0 52 -104 52
2213 2213 0 52 0 -52
2213 -2213 0 53 -212 159
2213 0 0 53 -106 53
2213 2213 0 53 0 -53
2213 -2213 0 54 -216 162
2213 0 0 54 -108 54
2213 2213 0 54 0 -54
2213 -2213 0 55 -220 165
2213 0 0 55 -110 55
2213 2213 0 55 0 -55
2213 -2213 0 56 -224 168
2213 0 0 56 -112 56
2213 2213 0 56 0 -56
2213 -2213 0 57 -228 171
2213 0 0 57 -114 57
2213 2213 0 57 0 -57
2213 -2213 0 58 -232 174
2213 0 0 58 -116 58
2213 2213 0 58 0 -58
2213 -2213 0 59 -236 177
2213 0 0 59 -118 59
2213 2213 0 59 0 -59
2213 -2213 0 60 -240 180
2213 0 0 60 -120 60
2213 2213 0 60 0 -60
2214 -2214 0 -60 240 -180
2214 -1845 0 -60 220 -160
2214 -1476 0 -60 200 -140
2214 -1107 0 -60 180 -120
2214 -738 0 -60 160 -100
2214 -369 0 -60 140 -80
2214 0 0 -60 120 -60
2214 369 0 -60 100 -40
2214 738 0 -60 80 -20
2214 1107 0 -60 60 0
2214 1476 0 -60 40 20
2214 1845 0 -60 20 40
2214 2214 0 -60 0 60
2214 -2214 0 -59 236 -177
2214 -1107 0 -59 177 -118
2214 0 0 -59 118 -59
2214 1107 0 -59 59 0
2214 2214 0 -59 0 59
2214 -2214 0 -58 232 -174
2214 -1107 0 -58 174 -116
2214 0 0 -58 116 -58
2214 1107 0 -58 58 0
2214 2214 0 -58 0 58
2214 -2214 0 -57 228 -171
2214 -1845 0 -57 209 -152
2214 -1476 0 -57 190 -133
2214 -1107 0 -57 171 -114
2214 -738 0 -57 152 -95
2214 -369 0 -57 133 -76
2214 0 0 -57 114 -57
2214 369 0 -57 95 -38
2214 738 0 -57 76 -19
2214 1107 0 -57 57 0
2214 1476 0 -57 38 19
2214 1845 0 -57 19 38
2214 2214 0 -57 0 57
2214 -2214 0 -56 224 -168
2214 -1107 0 -56 168 -112
2214 0 0 -56 112 -56
2214 1107 0 -56 56 0
2214 2214 0 -56 0 56
2214 -2214 0 -55 220 -165
2214 -1107 0 -55 165 -110
2214 0 0 -55 110 -55
2214 1107 0 -55 55 0
2214 2214 0 -55 0 55
2214 -2214 0 -54 216 -162
2214 -2173 0 -54 214 -160
2214 -2132 0 -54 212 -158
2214 -2091 0 -54 210 -156
2214 -2050 0 -54 208 -154
2214 -2009 0 -54 206 -152
2214 -1968 0 -54 204 -150
2214 -1927 0 -54 202 -148
2214 -1886 0 -54 200 -146
2214 -1845 0 -54 198 -144
2214 -1804 0 -54 196 -142
2214 -1763 0 -54 194 -140
2214 -1722 0 -54 192 -138
2214 -1681 0 -54 190 -136
2214 -1640 0 -54 188 -134
2214 -1599 0 -54 186 -132
2214 -1558 0 -54 184 -130
2214 -1517 0 -54 182 -128
2214 -1476 0 -54 180 -126
2214 -1435 0 -54 178 -124
2214 -1394 0 -54 176 -122
2214 -1353 0 -54 174 -120
2214 -1312 0 -54 172 -118
2214 -1271 0 -54 170 -116
2214 -1230 0 -54 168 -114
2214 -1189 0 -54 166 -112
2214 -1148 0 -54 164 -110
2214 -1107 0 -54 162 -108
2214 -1066 0 -54 160 -106
2214 -1025 0 -54 158 -104
2214 -984 0 -54 156 -102
2214 -943 0 -54 154 -100
2214 -902 0 -54 152 -98
2214 -861 0 -54 150 -96
2214 -820 0 -54 148 -94
2214 -779 0 -54 146 -92
2214 -738 0 -54 144 -90
2214 -697 0 -54 142 -88
2214 -656 0 -54 140 -86
2214 -615 0 -54 138 -84
2214 -574 0 -54 136 -82
2214 -533 0 -54 134 -80
2214 -492 0 -54 132 -78
2214 -451 0 -54 130 -76
2214 -410 0 -54 128 -74
2214 -369 0 -54 126 -72
2214 -328 0 -54 124 -70
2214 -287 0 -54 122 -68
2214 -246 0 -54 120 -66
2214 -205 0 -54 118 -64
2214 -164 0 -54 116 -62
2214 -123 0 -54 114 -60
2214 -82 0 -54 112 -58
2214 -41 0 -54 110 -56
2214 0 0 -54 108 -54
2214 41 0 -54 106 -52
2214 82 0 -54 104 -50
2214 123 0 -54 102 -48
2214 164 0 -54 100 -46
2214 205 0 -54 98 -44
2214 246 0 -54 96 -42
2214 287 0 -54 94 -40
2214 328 0 -54 92 -38
2214 369 0 -54 90 -36
2214 410 0 -54 88 -34
2214 451 0 -54 86 -32
2214 492 0 -54 84 -30
2214 533 0 -54 82 -28
2214 574 0 -54 80 -26
2214 615 0 -54 78 -24
2214 656 0 -54 76 -22
2214 697 0 -54 74 -20
2214 738 0 -54 72 -18
2214 779 0 -54 70 -16
2214 820 0 -54 68 -14
2214 861 0 -54 66 -12
2214 902 0 -54 64 -10
2214 943 0 -54 62 -8
2214 984 0 -54 60 -6
2214 1025 0 -54 58 -4
2214 1066 0 -54 56 -2
2214 1107 0 -54 54 0
2214 1148 0 -54 52 2
2214 1189 0 -54 50 4
2214 1230 0 -54 48 6
2214 1271 0 -54 46 8
2214 1312 0 -54 44 10
2214 1353 0 -54 42 12
2214 1394 0 -54 40 14
2214 1435 0 -54 38 16
2214 1476 0 -54 36 18
2214 1517 0 -54 34 20
2214 1558 0 -54 32 22
2214 1599 0 -54 30 24
2214 1640 0 -54 28 26
2214 1681 0 -54 26 28
2214 1722 0 -54 24 30
2214 1763 0 -54 22 32
2214 1804 0 -54 20 34
2214 1845 0 -54 18 36
2214 1886 0 -54 16 38
2214 1927 0 -54 14 40
2214 1968 -246 -54 12 66
2214 1968 0 -54 12 42
2214 2009 0 -54 10 44
2214 2050 0 -54 8 46
2214 2091 0 -54 6 48
2214 2132 0 -54 4 50
2214 2173 0 -54 2 52
2214 2214 0 -54 0 54
2214 -2214 0 -53 212 -159
2214 -1107 0 -53 159 -106
2214 0 0 -53 106 -53
2214 1107 0 -53 53 0
2214 2214 0 -53 0 53
2214 -2214 0 -52 208 -156
2214 -1107 0 -52 156 -104
2214 0 0 -52 104 -52
2214 1107 0 -52 52 0
2214 2214 0 -52 0 52
2214 -2214 0 -51 204 -153
2214 -1845 0 -51 187 -136
2214 -1476 0 -51 170 -119
2214 -1107 0 -51 153 -102
2214 -738 0 -51 136 -85
2214 -369 0 -51 119 -68
2214 0 0 -51 102 -51
2214 369 0 -51 85 -34
2214 738 0 -51 68 -17
2214 1107 0 -51 51 0
2214 1476 0 -51 34 17
2214 1845 0 -51 17 34
2214 2214 0 -51 0 51
2214 -2214 0 -50 200 -150
2214 -1107 0 -50 150 -100
2214 0 0 -50 100 -50
2214 1107 0 -50 50 0
2214 2214 0 -50 0 50
2214 -2214 0 -49 196 -147
2214 -1107 0 -49 147 -98
2214 0 0 -49 98 -49
2214 1107 0 -49 49 0
2214 2214 0 -49 0 49
2214 -2214 0 -48 192 -144
2214 -1845 0 -48 176 -128
2214 -1476 0 -48 160 -112
2214 -1107 0 -48 144 -96
2214 -738 0 -48 128 -80
2214 -369 0 -48 112 -64
2214 0 0 -48 96 -48
2214 369 0 -48 80 -32
2214 738 0 -48 64 -16
2214 1107 0 -48 48 0
2214 1476 0 -48 32 16
2214 1845 0 -48 16 32
2214 2214 0 -48 0 48
2214 -2214 0 -47 188 -141
2214 -1107 0 -47 141 -94
2214 0 0 -47 94 -47
2214 1107 0 -47 47 0
2214 2214 0 -47 0 47
2214 -2214 0 -46 184 -138
2214 -1107 0 -46 138 -92
2214 0 0 -46 92 -46
2214 1107 0 -46 46 0
2214 2214 0 -46 0 46
2214 -2214 0 -45 180 -135
2214 -2091 0 -45 175 -130
2214 -1968 0 -45 170 -125
2214 -1845 0 -45 165 -120
2214 -1722 0 -45 160 -115
2214 -1599 0 -45 155 -110
2214 -1476 0 -45 150 -105
2214 -1353 0 -45 145 -100
2214 -1230 0 -45 140 -95
2214 -1107 0 -45 135 -90
2214 -984 0 -45 130 -85
2214 -861 0 -45 125 -80
2214 -738 0 -45 120 -75
2214 -615 0 -45 115 -70
2214 -492 0 -45 110 -65
2214 -369 0 -45 105 -60
2214 -246 0 -45 100 -55
2214 -123 0 -45 95 -50
2214 0 0 -45 90 -45
2214 123 0 -45 85 -40
2214 246 0 -45 80 -35
2214 369 0 -45 75 -30
2214 492 0 -45 70 -25
2214 615 0 -45 65 -20
2214 738 0 -45 60 -15
2214 861 0 -45 55 -10
2214 984 0 -45 50 -5
2214 1107 0 -45 45 0
2214 1230 0 -45 40 5
2214 1353 0 -45 35 10
2214 1476 0 -45 30 15
2214 1599 0 -45 25 20
2214 1722 0 -45 20 25
2214 1845 0 -45 15 30
2214 1968 0 -45 10 35
2214 2091 0 -45 5 40
2214 2214 0 -45 0 45
2214 -2214 0 -44 176 -132
2214 -1107 0 -44 132 -88
2214 0 0 -44 88 -44
2214 1107 0 -44 44 0
2214 2214 0 -44 0 44
2214 -2214 0 -43 172 -129
2214 -1107 0 -43 129 -86
2214 0 0 -43 86 -43
2214 1107 0 -43 43 0
2214 2214 0 -43 0 43
2214 -2214 0 -42 168 -126
2214 -1845 0 -42 154 -112
2214 -1476 0 -42 140 -98
2214 -1107 0 -42 126 -84
2214 -738 0 -42 112 -70
2214 -369 0 -42 98 -56
2214 0 0 -42 84 -42
2214 369 0 -42 70 -28
2214 738 0 -42 56 -14
2214 1107 0 -42 42 0
2214 1476 0 -42 28 14
2214 1845 0 -42 14 28
2214 2214 0 -42 0 42
2214 -2214 0 -41 164 -123
2214 -2187 0 -41 163 -122
2214 -2160 0 -41 162 -121
2214 -2133 0 -41 161 -120
2214 -2106 0 -41 160 -119
2214 -2079 0 -41 159 -118
2214 -2052 0 -41 158 -117
2214 -2025 0 -41 157 -116
2214 -1998 0 -41 156 -115
2214 -1971 0 -41 155 -114
2214 -1944 0 -41 154 -113
2214 -1917 0 -41 153 -112
2214 -1890 0 -41 152 -111
2214 -1863 0 -41 151 -110
2214 -1836 0 -41 150 -109
2214 -1809 0 -41 149 -108
2214 -1782 0 -41 148 -107
2214 -1755 0 -41 147 -106
2214 -1728 0 -41 146 -105
2214 -1701 0 -41 145 -104
2214 -1674 0 -41 144 -103
2214 -1647 0 -41 143 -102
2214 -1620 0 -41 142 -101
2214 -1593 0 -41 141 -100
2214 -1566 0 -41 140 -99
2214 -1539 0 -41 139 -98
2214 -1512 0 -41 138 -97
2214 -1485 0 -41 137 -96
2214 -1458 0 -41 136 -95
2214 -1431 0 -41 135 -94
2214 -1404 0 -41 134 -93
2214 -1377 0 -41 133 -92
2214 -1350 0 -41 132 -91
2214 -1323 0 -41 131 -90
2214 -1296 0 -41 130 -89
2214 -1269 0 -41 129 -88
2214 -1242 0 -41 128 -87
2214 -1215 0 -41 127 -86
2214 -1188 0 -41 126 -85
2214 -1161 0 -41 125 -84
2214 -1134 0 -41 124 -83
2214 -1107 0 -41 123 -82
2214 -1080 0 -41 122 -81
2214 -1053 0 -41 121 -80
2214 -1026 0 -41 120 -79
2214 -999 0 -41 119 -78
2214 -972 0 -41 118 -77
2214 -945 0 -41 117 -76
2214 -918 0 -41 116 -75
2214 -891 0 -41 115 -74
2214 -864 0 -41 114 -73
2214 -837 0 -41 113 -72
2214 -810 0 -41 112 -71
2214 -783 0 -41 111 -70
2214 -756 0 -41 110 -69
2214 -729 0 -41 109 -68
2214 -702 0 -41 108 -67
2214 -675 0 -41 107 -66
2214 -648 0 -41 106 -65
2214 -621 0 -41 105 -64
2214 -594 0 -41 104 -63
2214 -567 0 -41 103 -62
2214 -540 0 -41 102 -61
2214 -513 0 -41 101 -60
2214 -486 0 -41 100 -59
2214 -459 0 -41 99 -58
2214 -432 0 -41 98 -57
2214 -405 0 -41 97 -56
2214 -378 0 -41 96 -55
2214 -351 0 -41 95 -54
2214 -324 0 -41 94 -53
2214 -297 0 -41 93 -52
2214 -270 0 -41 92 -51
2214 -243 0 -41 91 -50
2214 -216 0 -41 90 -49
2214 -189 0 -41 89 -48
2214 -162 0 -41 88 -47
2214 -135 0 -41 87 -46
2214 -108 0 -41 86 -45
2214 -81 0 -41 85 -44
2214 -54 0 -41 84 -43
2214 -27 0 -41 83 -42
2214 0 0 -41 82 -41
2214 27 0 -41 81 -40
2214 54 0 -41 80 -39
2214 81 0 -41 79 -38
2214 108 0 -41 78 -37
2214 135 0 -41 77 -36
2214 162 0 -41 76 -35
2214 189 0 -41 75 -34
2214 216 0 -41 74 -33
2214 243 0 -41 73 -32
2214 270 0 -41 72 -31
2214 297 0 -41 71 -30
2214 324 0 -41 70 -29
2214 351 0 -41 69 -28
2214 378 0 -41 68 -27
2214 405 0 -41 67 -26
2214 432 0 -41 66 -25
2214 459 0 -41 65 -24
2214 486 0 -41 64 -23
2214 513 0 -41 63 -22
2214 540 0 -41 62 -21
2214 567 0 -41 61 -20
2214 594 0 -41 60 -19
2214 621 0 -41 59 -18
2214 648 0 -41 58 -17
2214 675 0 -41 57 -16
2214 702 0 -41 56 -15
2214 729 0 -41 55 -14
2214 756 0 -41 54 -13
2214 783 0 -41 53 -12
2214 810 0 -41 52 -11
2214 837 0 -41 51 -10
2214 864 0 -41 50 -9
2214 891 0 -41 49 -8
2214 918 0 -41 48 -7
2214 945 0 -41 47 -6
2214 972 0 -41 46 -5
2214 999 0 -41 45 -4
2214 1026 0 -41 44 -3
2214 1053 0 -41 43 -2
2214 1080 0 -41 42 -1
2214 1107 0 -41 41 0
2214 1134 0 -41 40 1
2214 1161 0 -41 39 2
2214 1188 0 -41 38 3
2214 1215 0 -41 37 4
2214 1242 0 -41 36 5
2214 1269 0 -41 35 6
2214 1296 0 -41 34 7
2214 1323 0 -41 33 8
2214 1350 0 -41 32 9
2214 1377 0 -41 31 10
2214 1404 0 -41 30 11
2214 1431 0 -41 29 12
2214 1458 0 -41 28 13
2214 1485 0 -41 27 14
2214 1512 0 -41 26 15
2214 1539 0 -41 25 16
2214 1566 0 -41 24 17
2214 1593 0 -41 23 18
2214 1620 0 -41 22 19
2214 1647 0 -41 21 20
2214 1674 0 -41 20 21
2214 1701 0 -41 19 22
2214 1728 0 -41 18 23
2214 1755 0 -41 17 24
2214 1782 0 -41 16 25
2214 1809 0 -41 15 26
2214 1836 0 -41 14 27
2214 1863 0 -41 13 28
2214 1890 0 -41 12 29
2214 1917 0 -41 11 30
2214 1944 -270 -41 10 51
2214 1944 0 -41 10 31
2214 1971 0 -41 9 32
2214 1998 -216 -41 8 49
2214 1998 0 -41 8 33
2214 2025 0 -41 7 34
2214 2052 -162 -41 6 47
2214 2052 0 -41 6 35
2214 2079 0 -41 5 36
2214 2106 -108 -41 4 45
2214 2106 0 -41 4 37
2214 2133 0 -41 3 38
2214 2160 -54 -41 2 43
2214 2160 0 -41 2 39
2214 2187 0 -41 1 40
2214 2214 0 -41 0 41
2214 -2214 0 -40 160 -120
2214 -1107 0 -40 120 -80
2214 0 0 -40 80 -40
2214 1107 0 -40 40 0
2214 2214 0 -40 0 40
2214 -2214 0 -39 156 -117
2214 -1845 0 -39 143 -104
2214 -1476 0 -39 130 -91
2214 -1107 0 -39 117 -78
2214 -738 0 -39 104 -65
2214 -369 0 -39 91 -52
2214 0 0 -39 78 -39
2214 369 0 -39 65 -26
2214 738 0 -39 52 -13
2214 1107 0 -39 39 0
2214 1476 0 -39 26 13
2214 1845 0 -39 13 26
2214 2214 0 -39 0 39
2214 -2214 0 -38 152 -114
2214 -1107 0 -38 114 -76
2214 0 0 -38 76 -38
2214 1107 0 -38 38 0
2214 2214 0 -38 0 38
2214 -2214 0 -37 148 -111
2214 -1107 0 -37 111 -74
2214 0 0 -37 74 -37
2214 1107 0 -37 37 0
2214 2214 0 -37 0 37
2214 -2214 0 -36 144 -108
2214 -2091 0 -36 140 -104
2214 -1968 0 -36 136 -100
2214 -1845 0 -36 132 -96
2214 -1722 0 -36 128 -92
2214 -1599 0 -36 124 -88
2214 -1476 0 -36 120 -84
2214 -1353 0 -36 116 -80
2214 -1230 0 -36 112 -76
2214 -1107 0 -36 108 -72
2214 -984 0 -36 104 -68
2214 -861 0 -36 100 -64
2214 -738 0 -36 96 -60
2214 -615 0 -36 92 -56
2214 -492 0 -36 88 -52
2214 -369 0 -36 84 -48
2214 -246 0 -36 80 -44
2214 -123 0 -36 76 -40
2214 0 0 -36 72 -36
2214 123 0 -36 68 -32
2214 246 0 -36 64 -28
2214 369 0 -36 60 -24
2214 492 0 -36 56 -20
2214 615 0 -36 52 -16
2214 738 0 -36 48 -12
2214 861 0 -36 44 -8
2214 984 0 -36 40 -4
2214 1107 0 -36 36 0
2214 1230 0 -36 32 4
2214 1353 0 -36 28 8
2214 1476 0 -36 24 12
2214 1599 0 -36 20 16
2214 1722 0 -36 16 20
2214 1845 0 -36 12 24
2214 1968 0 -36 8 28
2214 2091 0 -36 4 32
2214 2214 0 -36 0 36
2214 -2214 0 -35 140 -105
2214 -1107 0 -35 105 -70
2214 0 0 -35 70 -35
2214 1107 0 -35 35 0
2214 2214 0 -35 0 35
2214 -2214 0 -34 136 -102
2214 -1107 0 -34 102 -68
2214 0 0 -34 68 -34
2214 1107 0 -34 34 0
2214 2214 0 -34 0 34
2214 -2214 0 -33 132 -99
2214 -1845 0 -33 121 -88
2214 -1476 0 -33 110 -77
2214 -1107 0 -33 99 -66
2214 -738 0 -33 88 -55
2214 -369 0 -33 77 -44
2214 0 0 -33 66 -33
2214 369 0 -33 55 -22
2214 738 0 -33 44 -11
2214 1107 0 -33 33 0
2214 1476 0 -33 22 11
2214 1845 0 -33 11 22
2214 2214 0 -33 0 33
2214 -2214 0 -32 128 -96
2214 -1107 0 -32 96 -64
2214 0 0 -32 64 -32
2214 1107 0 -32 32 0
2214 2214 0 -32 0 32
2214 -2214 0 -31 124 -93
2214 -1107 0 -31 93 -62
2214 0 0 -31 62 -31
2214 1107 0 -31 31 0
2214 2214 0 -31 0 31
2214 -2214 0 -30 120 -90
2214 -1845 0 -30 110 -80
2214 -1476 0 -30 100 -70
2214 -1107 0 -30 90 -60
2214 -738 0 -30 80 -50
2214 -369 0 -30 70 -40
2214 0 0 -30 60 -30
2214 369 0 -30 50 -20
2214 738 0 -30 40 -10
2214 1107 0 -30 30 0
2214 1476 0 -30 20 10
2214 1845 0 -30 10 20
2214 2214 0 -30 0 30
2214 -2214 0 -29 116 -87
2214 -1107 0 -29 87 -58
2214 0 0 -29 58 -29
2214 1107 0 -29 29 0
2214 2214 0 -29 0 29
2214 -2214 0 -28 112 -84
2214 -1107 0 -28 84 -56
2214 0 0 -28 56 -28
2214 1107 0 -28 28 0
2214 2214 0 -28 0 28
2214 -2214 0 -27 108 -81
2214 -2173 0 -27 107 -80
2214 -2132 0 -27 106 -79
2214 -2091 0 -27 105 -78
2214 -2050 0 -27 104 -77
2214 -2009 0 -27 103 -76
2214 -1968 0 -27 102 -75
2214 -1927 0 -27 101 -74
2214 -1886 0 -27 100 -73
2214 -1845 0 -27 99 -72
2214 -1804 0 -27 98 -71
2214 -1763 0 -27 97 -70
2214 -1722 0 -27 96 -69
2214 -1681 0 -27 95 -68
2214 -1640 0 -27 94 -67
2214 -1599 0 -27 93 -66
2214 -1558 0 -27 92 -65
2214 -1517 0 -27 91 -64
2214 -1476 0 -27 90 -63
2214 -1435 0 -27 89 -62
2214 -1394 0 -27 88 -61
2214 -1353 0 -27 87 -60
2214 -1312 0 -27 86 -59
2214 -1271 0 -27 85 -58
2214 -1230 0 -27 84 -57
2214 -1189 0 -27 83 -56
2214 -1148 0 -27 82 -55
2214 -1107 0 -27 81 -54
2214 -1066 0 -27 80 -53
2214 -1025 0 -27 79 -52
2214 -984 0 -27 78 -51
2214 -943 0 -27 77 -50
2214 -902 0 -27 76 -49
2214 -861 0 -27 75 -48
2214 -820 0 -27 74 -47
2214 -779 0 -27 73 -46
2214 -738 0 -27 72 -45
2214 -697 0 -27 71 -44
2214 -656 0 -27 70 -43
2214 -615 0 -27 69 -42
2214 -574 0 -27 68 -41
2214 -533 0 -27 67 -40
2214 -492 0 -27 66 -39
2214 -451 0 -27 65 -38
2214 -410 0 -27 64 -37
2214 -369 0 -27 63 -36
2214 -328 0 -27 62 -35
2214 -287 0 -27 61 -34
2214 -246 0 -27 60 -33
2214 -205 0 -27 59 -32
2214 -164 0 -27 58 -31
2214 -123 0 -27 57 -30
2214 -82 0 -27 56 -29
2214 -41 0 -27 55 -28
2214 0 0 -27 54 -27
2214 41 0 -27 53 -26
2214 82 0 -27 52 -25
2214 123 0 -27 51 -24
2214 164 0 -27 50 -23
2214 205 0 -27 49 -22
2214 246 0 -27 48 -21
2214 287 0 -27 47 -20
2214 328 0 -27 46 -19
2214 369 0 -27 45 -18
2214 410 0 -27 44 -17
2214 451 0 -27 43 -16
2214 492 0 -27 42 -15
2214 533 0 -27 41 -14
2214 574 0 -27 40 -13
2214 615 0 -27 39 -12
2214 656 0 -27 38 -11
2214 697 0 -27 37 -10
2214 738 0 -27 36 -9
2214 779 0 -27 35 -8
2214 820 0 -27 34 -7
2214 861 0 -27 33 -6
2214 902 0 -27 32 -5
2214 943 0 -27 31 -4
2214 984 0 -27 30 -3
2214 1025 0 -27 29 -2
2214 1066 0 -27 28 -1
2214 1107 0 -27 27 0
2214 1148 0 -27 26 1
2214 1189 0 -27 25 2
2214 1230 0 -27 24 3
2214 1271 0 -27 23 4
2214 1312 0 -27 22 5
2214 1353 0 -27 21 6
2214 1394 0 -27 20 7
2214 1435 0 -27 19 8
2214 1476 0 -27 18 9
2214 1517 0 -27 17 10
2214 1558 0 -27 16 11
2214 1599 0 -27 15 12
2214 1640 0 -27 14 13
2214 1681 0 -27 13 14
2214 1722 0 -27 12 15
2214 1763 0 -27 11 16
2214 1804 0 -27 10 17
2214 1845 0 -27 9 18
2214 1886 0 -27 8 19
2214 1927 0 -27 7 20
2214 1968 -246 -27 6 33
2214 1968 0 -27 6 21
2214 2009 0 -27 5 22
2214 2050 0 -27 4 23
2214 2091 -123 -27 3 30
2214 2091 0 -27 3 24
2214 2132 0 -27 2 25
2214 2173 0 -27 1 26
2214 2214 0 -27 0 27
2214 -2214 0 -26 104 -78
2214 -1107 0 -26 78 -52
2214 0 0 -26 52 -26
2214 1107 0 -26 26 0
2214 2214 0 -26 0 26
2214 -2214 0 -25 100 -75
2214 -1107 0 -25 75 -50
2214 0 0 -25 50 -25
2214 1107 0 -25 25 0
2214 2214 0 -25 0 25
2214 -2214 0 -24 96 -72
2214 -1845 0 -24 88 -64
2214 -1476 0 -24 80 -56
2214 -1107 0 -24 72 -48
2214 -738 0 -24 64 -40
2214 -369 0 -24 56 -32
2214 0 0 -24 48 -24
2214 369 0 -24 40 -16
2214 738 0 -24 32 -8
2214 1107 0 -24 24 0
2214 1476 0 -24 16 8
2214 1845 0 -24 8 16
2214 2214 0 -24 0 24
2214 -2214 0 -23 92 -69
2214 -1107 0 -23 69 -46
2214 0 0 -23 46 -23
2214 1107 0 -23 23 0
2214 2214 0 -23 0 23
2214 -2214 0 -22 88 -66
2214 -1107 0 -22 66 -44
2214 0 0 -22 44 -22
2214 1107 0 -22 22 0
2214 2214 0 -22 0 22
2214 -2214 0 -21 84 -63
2214 -1845 0 -21 77 -56
2214 -1476 0 -21 70 -49
2214 -1107 0 -21 63 -42
2214 -738 0 -21 56 -35
2214 -369 0 -21 49 -28
2214 0 0 -21 42 -21
2214 369 0 -21 35 -14
2214 738 0 -21 28 -7
2214 1107 0 -21 21 0
2214 1476 0 -21 14 7
2214 1845 0 -21 7 14
2214 2214 0 -21 0 21
2214 -2214 0 -20 80 -60
2214 -1107 0 -20 60 -40
2214 0 0 -20 40 -20
2214 1107 0 -20 20 0
2214 2214 0 -20 0 20
2214 -2214 0 -19 76 -57
2214 -1107 0 -19 57 -38
2214 0 0 -19 38 -19
2214 1107 0 -19 19 0
2214 2214 0 -19 0 19
2214 -2214 0 -18 72 -54
2214 -2091 0 -18 70 -52
2214 -1968 0 -18 68 -50
2214 -1845 0 -18 66 -48
2214 -1722 0 -18 64 -46
2214 -1599 0 -18 62 -44
2214 -1476 0 -18 60 -42
2214 -1353 0 -18 58 -40
2214 -1230 0 -18 56 -38
2214 -1107 0 -18 54 -36
2214 -984 0 -18 52 -34
2214 -861 0 -18 50 -32
2214 -738 0 -18 48 -30
2214 -615 0 -18 46 -28
2214 -492 0 -18 44 -26
2214 -369 0 -18 42 -24
2214 -246 0 -18 40 -22
2214 -123 0 -18 38 -20
2214 0 0 -18 36 -18
2214 123 0 -18 34 -16
2214 246 0 -18 32 -14
2214 369 0 -18 30 -12
2214 492 0 -18 28 -10
2214 615 0 -18 26 -8
2214 738 0 -18 24 -6
2214 861 0 -18 22 -4
2214 984 0 -18 20 -2
2214 1107 0 -18 18 0
2214 1230 0 -18 16 2
2214 1353 0 -18 14 4
2214 1476 0 -18 12 6
2214 1599 0 -18 10 8
2214 1722 0 -18 8 10
2214 1845 0 -18 6 12
2214 1968 0 -18 4 14
2214 2091 0 -18 2 16
2214 2214 0 -18 0 18
2214 -2214 0 -17 68 -51
2214 -1107 0 -17 51 -34
2214 0 0 -17 34 -17
2214 1107 0 -17 17 0
2214 2214 0 -17 0 17
2214 -2214 0 -16 64 -48
2214 -1107 0 -16 48 -32
2214 0 0 -16 32 -16
2214 1107 0 -16 16 0
2214 2214 0 -16 0 16
2214 -2214 0 -15 60 -45
2214 -1845 0 -15 55 -40
2214 -1476 0 -15 50 -35
2214 -1107 0 -15 45 -30
2214 -738 0 -15 40 -25
2214 -369 0 -15 35 -20
2214 0 0 -15 30 -15
2214 369 0 -15 25 -10
2214 738 0 -15 20 -5
2214 1107 0 -15 15 0
2214 1476 0 -15 10 5
2214 1845 0 -15 5 10
2214 2214 0 -15 0 15
2214 -2214 0 -14 56 -42
2214 -1107 0 -14 42 -28
2214 0 0 -14 28 -14
2214 1107 0 -14 14 0
2214 2214 0 -14 0 14
2214 -2214 0 -13 52 -39
2214 -1107 0 -13 39 -26
2214 0 0 -13 26 -13
2214 1107 0 -13 13 0
2214 2214 0 -13 0 13
2214 -2214 0 -12 48 -36
2214 -1845 0 -12 44 -32
2214 -1476 0 -12 40 -28
2214 -1107 0 -12 36 -24
2214 -738 0 -12 32 -20
2214 -369 0 -12 28 -16
2214 0 0 -12 24 -12
2214 369 0 -12 20 -8
2214 738 0 -12 16 -4
2214 1107 0 -12 12 0
2214 1476 0 -12 8 4
2214 1845 0 -12 4 8
2214 2214 0 -12 0 12
2214 -2214 0 -11 44 -33
2214 -1107 0 -11 33 -22
2214 0 0 -11 22 -11
2214 1107 0 -11 11 0
2214 2214 0 -11 0 11
2214 -2214 0 -10 40 -30
2214 -1107 0 -10 30 -20
2214 0 0 -10 20 -10
2214 1107 0 -10 10 0
2214 2214 0 -10 0 10
2214 -2214 0 -9 36 -27
2214 -2091 0 -9 35 -26
2214 -1968 0 -9 34 -25
2214 -1845 0 -9 33 -24
2214 -1722 0 -9 32 -23
2214 -1599 0 -9 31 -22
2214 -1476 0 -9 30 -21
2214 -1353 0 -9 29 -20
2214 -1230 0 -9 28 -19
2214 -1107 0 -9 27 -18
2214 -984 0 -9 26 -17
2214 -861 0 -9 25 -16
2214 -738 0 -9 24 -15
2214 -615 0 -9 23 -14
2214 -492 0 -9 22 -13
2214 -369 0 -9 21 -12
2214 -246 0 -9 20 -11
2214 -123 0 -9 19 -10
2214 0 0 -9 18 -9
2214 123 0 -9 17 -8
2214 246 0 -9 16 -7
2214 369 0 -9 15 -6
2214 492 0 -9 14 -5
2214 615 0 -9 13 -4
2214 738 0 -9 12 -3
2214 861 0 -9 11 -2
2214 984 0 -9 10 -1
2214 1107 0 -9 9 0
2214 1230 0 -9 8 1
2214 1353 0 -9 7 2
2214 1476 0 -9 6 3
2214 1599 0 -9 5 4
2214 1722 0 -9 4 5
2214 1845 0 -9 3 6
2214 1968 0 -9 2 7
2214 2091 0 -9 1 8
2214 2214 0 -9 0 9
2214 -2214 0 -8 32 -24
2214 -1107 0 -8 24 -16
2214 0 0 -8 16 -8
2214 1107 0 -8 8 0
2214 2214 0 -8 0 8
2214 -2214 0 -7 28 -21
2214 -1107 0 -7 21 -14
2214 0 0 -7 14 -7
2214 1107 0 -7 7 0
2214 2214 0 -7 0 7
2214 -2214 0 -6 24 -18
2214 -1845 0 -6 22 -16
2214 -1476 0 -6 20 -14
2214 -1107 0 -6 18 -12
2214 -738 0 -6 16 -10
2214 -369 0 -6 14 -8
2214 0 0 -6 12 -6
2214 369 0 -6 10 -4
2214 738 0 -6 8 -2
2214 1107 0 -6 6 0
2214 1476 0 -6 4 2
2214 1845 0 -6 2 4
2214 2214 0 -6 0 6
2214 -2214 0 -5 20 -15
2214 -1107 0 -5 15 -10
2214 0 0 -5 10 -5
2214 1107 0 -5 5 0
2214 2214 0 -5 0 5
2214 -2214 0 -4 16 -12
2214 -1107 0 -4 12 -8
2214 0 0 -4 8 -4
2214 1107 0 -4 4 0
2214 2214 0 -4 0 4
2214 -2214 0 -3 12 -9
2214 -1845 0 -3 11 -8
2214 -1476 0 -3 10 -7
2214 -1107 0 -3 9 -6
2214 -738 0 -3 8 -5
2214 -369 0 -3 7 -4
2214 0 0 -3 6 -3
2214 369 0 -3 5 -2
2214 738 0 -3 4 -1
2214 1107 0 -3 3 0
2214 1476 0 -3 2 1
2214 1845 0 -3 1 2
2214 2214 0 -3 0 3
2214 -2214 0 -2 8 -6
2214 -1107 0 -2 6 -4
2214 0 0 -2 4 -2
2214 1107 0 -2 2 0
2214 2214 0 -2 0 2
2214 -2214 0 -1 4 -3
2214 -1107 0 -1 3 -2
2214 0 0 -1 2 -1
2214 1107 0 -1 1 0
2214 2214 0 -1 0 1
2214 -2214 -1 1 -4 4
2214 -2214 0 1 -4 3
2214 -2214 1 1 -4 4
2214 -1107 0 1 -3 2
2214 0 0 1 -2 1
2214 1107 0 1 -1 0
2214 2214 0 1 0 -1
2214 -2214 0 2 -8 6
2214 -1107 0 2 -6 4
2214 0 0 2 -4 2
2214 1107 0 2 -2 0
2214 2214 0 2 0 -2
2214 -2214 0 3 -12 9
2214 -1845 0 3 -11 8
2214 -1476 0 3 -10 7
2214 -1107 0 3 -9 6
2214 -738 0 3 -8 5
2214 -369 0 3 -7 4
2214 0 0 3 -6 3
2214 369 0 3 -5 2
2214 738 0 3 -4 1
2214 1107 0 3 -3 0
2214 1476 0 3 -2 -1
2214 1845 0 3 -1 -2
2214 2214 0 3 0 -3
2214 -2214 -2 4 -16 16
2214 -2214 0 4 -16 12
2214 -2214 2 4 -16 16
2214 -1107 0 4 -12 8
2214 0 0 4 -8 4
2214 1107 0 4 -4 0
2214 2214 0 4 0 -4
2214 -2214 0 5 -20 15
2214 -1107 0 5 -15 10
2214 0 0 5 -10 5
2214 1107 0 5 -5 0
2214 2214 0 5 0 -5
2214 -2214 0 6 -24 18
2214 -1845 0 6 -22 16
2214 -1476 0 6 -20 14
2214 -1107 0 6 -18 12
2214 -738 0 6 -16 10
2214 -369 0 6 -14 8
2214 0 0 6 -12 6
2214 369 0 6 -10 4
2214 738 0 6 -8 2
2214 1107 0 6 -6 0
2214 1476 0 6 -4 -2
2214 1845 0 6 -2 -4
2214 2214 0 6 0 -6
2214 -2214 0 7 -28 21
2214 -1107 0 7 -21 14
2214 0 0 7 -14 7
2214 1107 0 7 -7 0
2214 2214 0 7 0 -7
2214 -2214 0 8 -32 24
2214 -1107 0 8 -24 16
2214 0 0 8 -16 8
2214 1107 0 8 -8 0
2214 2214 0 8 0 -8
2214 -2214 -3 9 -36 36
2214 -2214 0 9 -36 27
2214 -2214 3 9 -36 36
2214 -2091 0 9 -35 26
2214 -1968 0 9 -34 25
2214 -1845 0 9 -33 24
2214 -1722 0 9 -32 23
2214 -1599 0 9 -31 22
2214 -1476 0 9 -30 21
2214 -1353 0 9 -29 20
2214 -1230 0 9 -28 19
2214 -1107 0 9 -27 18
2214 -984 0 9 -26 17
2214 -861 0 9 -25 16
2214 -738 0 9 -24 15
2214 -615 0 9 -23 14
2214 -492 0 9 -22 13
2214 -369 0 9 -21 12
2214 -246 0 9 -20 11
2214 -123 0 9 -19 10
2214 0 0 9 -18 9
2214 123 0 9 -17 8
2214 246 0 9 -16 7
2214 369 0 9 -15 6
2214 492 0 9 -14 5
2214 615 0 9 -13 4
2214 738 0 9 -12 3
2214 861 0 9 -11 2
2214 984 0 9 -10 1
2214 1107 0 9 -9 0
2214 1230 0 9 -8 -1
2214 1353 0 9 -7 -2
2214 1476 0 9 -6 -3
2214 1599 0 9 -5 -4
2214 1722 0 9 -4 -5
2214 1845 0 9 -3 -6
2214 1968 0 9 -2 -7
2214 2091 0 9 -1 -8
2214 2214 0 9 0 -9
2214 -2214 0 10 -40 30
2214 -1107 0 10 -30 20
2214 0 0 10 -20 10
2214 1107 0 10 -10 0
2214 2214 0 10 0 -10
2214 -2214 0 11 -44 33
2214 -1107 0 11 -33 22
2214 0 0 11 -22 11
2214 1107 0 11 -11 0
2214 2214 0 11 0 -11
2214 -2214 0 12 -48 36
2214 -1845 0 12 -44 32
2214 -1476 0 12 -40 28
2214 -1107 0 12 -36 24
2214 -738 0 12 -32 20
2214 -369 0 12 -28 16
2214 0 0 12 -24 12
2214 369 0 12 -20 8
2214 738 0 12 -16 4
2214 1107 0 12 -12 0
2214 1476 0 12 -8 -4
2214 1845 0 12 -4 -8
2214 2214 0 12 0 -12
2214 -2214 0 13 -52 39
2214 -1107 0 13 -39 26
2214 0 0 13 -26 13
2214 1107 0 13 -13 0
2214 2214 0 13 0 -13
2214 -2214 0 14 -56 42
2214 -1107 0 14 -42 28
2214 0 0 14 -28 14
2214 1107 0 14 -14 0
2214 2214 0 14 0 -14
2214 -2214 0 15 -60 45
2214 -1845 0 15 -55 40
2214 -1476 0 15 -50 35
2214 -1107 0 15 -45 30
2214 -738 0 15 -40 25
2214 -369 0 15 -35 20
2214 0 0 15 -30 15
2214 369 0 15 -25 10
2214 738 0 15 -20 5
2214 1107 0 15 -15 0
2214 1476 0 15 -10 -5
2214 1845 0 15 -5 -10
2214 2214 0 15 0 -15
2214 -2214 -4 16 -64 64
2214 -2214 0 16 -64 48
2214 -2214 4 16 -64 64
2214 -1107 0 16 -48 32
2214 0 0 16 -32 16
2214 1107 0 16 -16 0
2214 2214 0 16 0 -16
2214 -2214 0 17 -68 51
2214 -1107 0 17 -51 34
2214 0 0 17 -34 17
2214 1107 0 17 -17 0
2214 2214 0 17 0 -17
2214 -2214 0 18 -72 54
2214 -2091 0 18 -70 52
2214 -1968 0 18 -68 50
2214 -1845 0 18 -66 48
2214 -1722 0 18 -64 46
2214 -1599 0 18 -62 44
2214 -1476 0 18 -60 42
2214 -1353 0 18 -58 40
2214 -1230 0 18 -56 38
2214 -1107 0 18 -54 36
2214 -984 0 18 -52 34
2214 -861 0 18 -50 32
2214 -738 0 18 -48 30
2214 -615 0 18 -46 28
2214 -492 0 18 -44 26
2214 -369 0 18 -42 24
2214 -246 0 18 -40 22
2214 -123 0 18 -38 20
2214 0 0 18 -36 18
2214 123 0 18 -34 16
2214 246 0 18 -32 14
2214 369 0 18 -30 12
2214 492 0 18 -28 10
2214 615 0 18 -26 8
2214 738 0 18 -24 6
2214 861 0 18 -22 4
2214 984 0 18 -20 2
2214 1107 0 18 -18 0
2214 1230 0 18 -16 -2
2214 1353 0 18 -14 -4
2214 1476 0 18 -12 -6
2214 1599 0 18 -10 -8
2214 1722 0 18 -8 -10
2214 1845 0 18 -6 -12
2214 1968 0 18 -4 -14
2214 2091 0 18 -2 -16
2214 2214 0 18 0 -18
2214 -2214 0 19 -76 57
2214 -1107 0 19 -57 38
2214 0 0 19 -38 19
2214 1107 0 19 -19 0
2214 2214 0 19 0 -19
2214 -2214 0 20 -80 60
2214 -1107 0 20 -60 40
2214 0 0 20 -40 20
2214 1107 0 20 -20 0
2214 2214 0 20 0 -20
2214 -2214 0 21 -84 63
2214 -1845 0 21 -77 56
2214 -1476 0 21 -70 49
2214 -1107 0 21 -63 42
2214 -738 0 21 -56 35
2214 -369 0 21 -49 28
2214 0 0 21 -42 21
2214 369 0 21 -35 14
2214 738 0 21 -28 7
2214 1107 0 21 -21 0
2214 1476 0 21 -14 -7
2214 1845 0 21 -7 -14
2214 2214 0 21 0 -21
2214 -2214 0 22 -88 66
2214 -1107 0 22 -66 44
2214 0 0 22 -44 22
2214 1107 0 22 -22 0
2214 2214 0 22 0 -22
2214 -2214 0 23 -92 69
2214 -1107 0 23 -69 46
2214 0 0 23 -46 23
2214 1107 0 23 -23 0
2214 2214 0 23 0 -23
2214 -2214 0 24 -96 72
2214 -1845 0 24 -88 64
2214 -1476 0 24 -80 56
2214 -1107 0 24 -72 48
2214 -738 0 24 -64 40
2214 -369 0 24 -56 32
2214 0 0 24 -48 24
2214 369 0 24 -40 16
2214 738 0 24 -32 8
2214 1107 0 24 -24 0
2214 1476 0 24 -16 -8
2214 1845 0 24 -8 -16
2214 2214 0 24 0 -24
2214 -2214 -5 25 -100 100
2214 -2214 0 25 -100 75
2214 -2214 5 25 -100 100
2214 -1107 0 25 -75 50
2214 0 0 25 -50 25
2214 1107 0 25 -25 0
2214 2214 0 25 0 -25
2214 -2214 0 26 -104 78
2214 -1107 0 26 -78 52
2214 0 0 26 -52 26
2214 1107 0 26 -26 0
2214 2214 0 26 0 -26
2214 -2214 0 27 -108 81
2214 -2173 0 27 -107 80
2214 -2132 0 27 -106 79
2214 -2091 0 27 -105 78
2214 -2050 0 27 -104 77
2214 -2009 0 27 -103 76
2214 -1968 0 27 -102 75
2214 -1927 0 27 -101 74
2214 -1886 0 27 -100 73
2214 -1845 0 27 -99 72
2214 -1804 0 27 -98 71
2214 -1763 0 27 -97 70
2214 -1722 0 27 -96 69
2214 -1681 0 27 -95 68
2214 -1640 0 27 -94 67
2214 -1599 0 27 -93 66
2214 -1558 0 27 -92 65
2214 -1517 0 27 -91 64
2214 -1476 0 27 -90 63
2214 -1435 0 27 -89 62
2214 -1394 0 27 -88 61
2214 -1353 0 27 -87 60
2214 -1312 0 27 -86 59
2214 -1271 0 27 -85 58
2214 -1230 0 27 -84 57
2214 -1189 0 27 -83 56
2214 -1148 0 27 -82 55
2214 -1107 0 27 -81 54
2214 -1066 0 27 -80 53
2214 -1025 0 27 -79 52
2214 -984 0 27 -78 51
2214 -943 0 27 -77 50
2214 -902 0 27 -76 49
2214 -861 0 27 -75 48
2214 -820 0 27 -74 47
2214 -779 0 27 -73 46
2214 -738 0 27 -72 45
2214 -697 0 27 -71 44
2214 -656 0 27 -70 43
2214 -615 0 27 -69 42
2214 -574 0 27 -68 41
2214 -533 0 27 -67 40
2214 -492 0 27 -66 39
2214 -451 0 27 -65 38
2214 -410 0 27 -64 37
2214 -369 0 27 -63 36
2214 -328 0 27 -62 35
2214 -287 0 27 -61 34
2214 -246 0 27 -60 33
2214 -205 0 27 -59 32
2214 -164 0 27 -58 31
2214 -123 0 27 -57 30
2214 -82 0 27 -56 29
2214 -41 0 27 -55 28
2214 0 0 27 -54 27
2214 41 0 27 -53 26
2214 82 0 27 -52 25
2214 123 0 27 -51 24
2214 164 0 27 -50 23
2214 205 0 27 -49 22
2214 246 0 27 -48 21
2214 287 0 27 -47 20
2214 328 0 27 -46 19
2214 369 0 27 -45 18
2214 410 0 27 -44 17
2214 451 0 27 -43 16
2214 492 0 27 -42 15
2214 533 0 27 -41 14
2214 574 0 27 -40 13
2214 615 0 27 -39 12
2214 656 0 27 -38 11
2214 697 0 27 -37 10
2214 738 0 27 -36 9
2214 779 0 27 -35 8
2214 820 0 27 -34 7
2214 861 0 27 -33 6
2214 902 0 27 -32 5
2214 943 0 27 -31 4
2214 984 0 27 -30 3
2214 1025 0 27 -29 2
2214 1066 0 27 -28 1
2214 1107 0 27 -27 0
2214 1148 0 27 -26 -1
2214 1189 0 27 -25 -2
2214 1230 0 27 -24 -3
2214 1271 0 27 -23 -4
2214 1312 0 27 -22 -5
2214 1353 0 27 -21 -6
2214 1394 0 27 -20 -7
2214 1435 0 27 -19 -8
2214 1476 0 27 -18 -9
2214 1517 0 27 -17 -10
2214 1558 0 27 -16 -11
2214 1599 0 27 -15 -12
2214 1640 0 27 -14 -13
2214 1681 0 27 -13 -14
2214 1722 0 27 -12 -15
2214 1763 0 27 -11 -16
2214 1804 0 27 -10 -17
2214 1845 0 27 -9 -18
2214 1886 0 27 -8 -19
2214 1927 0 27 -7 -20
2214 1968 -246 27 -6 -33
2214 1968 0 27 -6 -21
2214 2009 0 27 -5 -22
2214 2050 0 27 -4 -23
2214 2091 0 27 -3 -24
2214 2132 0 27 -2 -25
2214 2173 0 27 -1 -26
2214 2214 0 27 0 -27
2214 -2214 0 28 -112 84
2214 -1107 0 28 -84 56
2214 0 0 28 -56 28
2214 1107 0 28 -28 0
2214 2214 0 28 0 -28
2214 -2214 0 29 -116 87
2214 -1107 0 29 -87 58
2214 0 0 29 -58 29
2214 1107 0 29 -29 0
2214 2214 0 29 0 -29
2214 -2214 0 30 -120 90
2214 -1845 0 30 -110 80
2214 -1476 0 30 -100 70
2214 -1107 0 30 -90 60
2214 -738 0 30 -80 50
2214 -369 0 30 -70 40
2214 0 0 30 -60 30
2214 369 0 30 -50 20
2214 738 0 30 -40 10
2214 1107 0 30 -30 0
2214 1476 0 30 -20 -10
2214 1845 0 30 -10 -20
2214 2214 0 30 0 -30
2214 -2214 0 31 -124 93
2214 -1107 0 31 -93 62
2214 0 0 31 -62 31
2214 1107 0 31 -31 0
2214 2214 0 31 0 -31
2214 -2214 0 32 -128 96
2214 -