k,n,ok,brk,idx,parity,len,irat,pqat,pqnext,pqw5,pqw20,pqmax,logh11,logh22,logmz,logg0,incone,redst,jhi,rho,rho2,skew,loglam1,logcone,logq,v2qp,dinf,d2,q1,q2,q3,q4,q5,q6,q7,q8,q9,cY,cX,cIdx,intq
22.3500,1314,1,1,14496,0,27829,0.520914,1,6,7,56,133662,27.46654,0.00844,2.32759,0.03009,1,1,2,1.280975,1.000000,2.258955,-0.010225,-0.010036,14.950010,2167,0.000671,0.076462,11638,4667,2522,1595,1156,869,662,488,4231,1,1,1,1
22.4000,1314,1,1,14622,0,28019,0.521879,5,5,22,775,41486,27.50135,0.00844,2.32759,0.03009,1,1,2,1.399941,1.000000,2.931956,-0.027736,-0.027480,14.933149,2101,0.001840,0.074217,11814,4702,2545,1627,1153,841,635,485,4216,1,1,1,1
23.0000,1314,1,1,14838,0,28498,0.520686,1,25,462,462,73161,27.91756,0.00844,2.32759,0.03009,1,1,2,1.053572,1.000000,1.481734,-0.235578,-0.235538,14.723270,1312,0.015998,0.047007,11942,4792,2649,1704,1119,807,644,538,4302,1,1,1,1
23.9000,1314,1,1,14851,1,28917,0.513591,1,2,18,78,210039,28.54107,0.00844,2.32759,0.03009,0,1,3,1.476752,1.293783,1.293783,-0.547264,-0.546967,14.414019,132,0.037947,0.004831,11883,4973,2729,1649,1113,889,693,523,4464,1,1,1,1
22.3500,1315,1,1,14659,1,27930,0.524867,53,15,53,117,32455,27.46297,0.00973,2.32256,0.02358,0,1,3,6.381963,5.845170,5.845170,-0.012068,-0.010658,14.945886,2168,0.000713,0.076461,11638,4737,2559,1623,1127,801,653,519,4272,1,1,1,1
22.4000,1315,1,1,14542,0,27995,0.519468,5,7,7,344,321178,27.49776,0.00973,2.32256,0.02358,1,1,2,1.250057,1.000000,2.312442,-0.029102,-0.028933,14.931918,2102,0.001938,0.074202,11627,4814,2594,1612,1142,846,660,464,4235,1,1,1,1
23.0000,1315,1,1,14820,0,28373,0.522346,4,52,52,52,182710,27.91365,0.00973,2.32256,0.02358,1,0,2,1.083976,1.000000,4.608392,-0.237317,-0.237256,14.723734,1313,0.016114,0.047005,11841,4849,2537,1631,1180,822,662,478,4372,1,1,1,1
23.9000,1315,1,1,15061,1,28995,0.519452,2,5,5,46,190738,28.53722,0.00973,2.32256,0.02358,0,1,3,3.562010,2.838106,2.838106,-0.548913,-0.547947,14.413006,130,0.038018,0.004754,12067,4858,2719,1687,1135,866,693,544,4425,1,1,1,1
22.3500,1316,1,1,14697,1,28109,0.522876,1,2,39,217,136148,27.44760,0.01025,2.31825,0.02912,0,0,3,1.810072,1.420035,1.420035,-0.018761,-0.018310,14.941720,2170,0.001225,0.076494,11703,4781,2626,1763,1149,810,629,521,4126,1,1,1,1
22.4000,1316,1,1,14521,1,27872,0.521007,5,5,209,209,21511,27.48237,0.01025,2.31825,0.02912,0,0,3,1.997505,1.837651,1.837651,-0.036239,-0.035713,14.923458,2110,0.002393,0.074470,11566,4729,2546,1695,1107,813,673,515,4227,1,1,1,1
23.0000,1316,1,1,14728,0,28408,0.518464,1,3,290,290,24901,27.89847,0.01025,2.31825,0.02912,1,1,2,1.328475,1.000000,1.666668,-0.244248,-0.244032,14.716151,1317,0.016583,0.047137,11943,4657,2625,1640,1159,875,701,502,4305,1,1,1,1
23.9000,1316,1,1,15101,1,29164,0.517814,30,15,30,30,219760,28.52209,0.01025,2.31825,0.02912,0,1,3,5.728506,5.247560,5.247560,-0.556508,-0.555182,14.405857,130,0.038539,0.004753,12003,5073,2761,1745,1215,869,693,522,4282,1,1,1,1
22.3500,1317,1,1,14580,0,27925,0.522131,2,39,39,52,20423,27.44981,0.01077,2.33010,0.03073,1,1,2,1.093731,1.000000,3.979833,-0.017609,-0.017541,14.941687,2168,0.001174,0.076366,11703,4662,2566,1658,1138,888,600,485,4224,1,1,1,1
22.4000,1317,1,1,14472,0,28032,0.516286,8,5,32,32,34282,27.48455,0.01077,2.33010,0.03073,1,1,2,1.367477,1.000000,2.587800,-0.034814,-0.034576,14.925720,2103,0.002317,0.074156,11719,4658,2649,1662,1137,834,645,482,4245,1,1,1,1
23.0000,1317,1,1,14851,1,28388,0.523162,1,1,11,21,27221,27.90086,0.01077,2.33010,0.03073,0,0,3,1.405273,1.029308,1.029308,-0.242610,-0.242352,14.718611,1311,0.016466,0.046879,11895,4741,2629,1600,1164,847,642,518,4351,1,1,1,1
23.9000,1317,1,1,15239,1,29160,0.522617,3,4,66,66,43956,28.52453,0.01077,2.33010,0.03073,0,1,3,2.022295,1.788031,1.788031,-0.554653,-0.554119,14.406838,126,0.038462,0.004603,12094,5021,2671,1702,1185,928,675,531,4352,1,1,1,1
22.3500,1318,1,1,14537,1,27895,0.521152,3,16,16,58,390011,27.46380,0.00789,2.33713,0.02448,0,1,3,1.952727,1.506891,1.506891,-0.012015,-0.011507,14.949298,2173,0.000770,0.076445,11595,4806,2636,1619,1055,835,607,481,4260,1,1,1,1
22.4000,1318,1,1,14492,0,27793,0.521445,1,7,7,53,136295,27.49851,0.00789,2.33713,0.02448,1,1,2,1.407929,1.000000,4.106276,-0.029764,-0.029505,14.930949,2109,0.001976,0.074285,11525,4626,2584,1619,1154,840,656,506,4282,1,1,1,1
23.0000,1318,1,1,14768,0,28415,0.519744,2,8,260,260,66827,27.91450,0.00789,2.33713,0.02448,1,1,2,1.201253,1.000000,2.149139,-0.237507,-0.237368,14.722425,1317,0.016123,0.047045,11777,4935,2630,1694,1088,815,636,538,4301,1,1,1,1
23.9000,1318,1,1,14909,1,28776,0.518123,10,3,440,440,139916,28.53823,0.00789,2.33713,0.02448,0,1,3,1.765527,1.477476,1.477476,-0.549236,-0.548805,14.409914,130,0.038085,0.004745,11766,4904,2726,1738,1192,868,646,501,4434,1,1,1,1
22.3500,1319,1,1,14504,0,27935,0.519224,3,11,32,98,47331,27.45349,0.00970,2.34033,0.02369,1,1,2,1.372762,1.000000,5.008948,-0.016551,-0.016311,14.944004,2174,0.001091,0.076449,11661,4688,2621,1665,1116,846,632,502,4203,1,1,1,1
22.4000,1319,1,1,14599,1,28007,0.521281,1,119,176,176,171752,27.48817,0.00970,2.34033,0.02369,0,1,3,43.307476,39.943465,39.943465,-0.034680,-0.031823,14.926319,2107,0.002132,0.074181,11643,4727,2637,1618,1180,832,688,463,4218,1,1,1,1
23.0000,1319,1,1,14747,1,28302,0.521077,2,2,22,58,36787,27.90437,0.00970,2.34033,0.02369,0,1,3,1.841985,1.350882,1.350882,-0.241498,-0.241035,14.719680,1316,0.016375,0.046983,11621,4964,2623,1651,1169,847,601,511,4314,1,1,1,1
23.9000,1319,1,1,15300,0,29254,0.523023,4,4,11,3807,49769,28.52815,0.00970,2.34033,0.02369,1,1,3,1.201138,1.000000,1.002605,-0.553273,-0.553134,14.406659,128,0.038394,0.004669,12212,5034,2710,1659,1189,880,668,499,4402,1,1,1,1
22.3500,1320,1,1,14509,1,27921,0.519663,1,160,160,160,75794,27.44957,0.01452,2.33470,0.02765,0,1,3,112.537982,80.832931,80.832931,-0.017495,-0.013916,14.943239,2176,0.000931,0.076466,11624,4799,2525,1651,1090,861,626,494,4250,1,1,1,1
22.4000,1320,1,1,14606,0,28036,0.520992,5,8,8,631,229557,27.48422,0.01452,2.33470,0.02765,1,1,2,1.160631,1.000000,1.482903,-0.033308,-0.033195,14.926434,2112,0.002224,0.074300,11620,4764,2674,1647,1123,864,651,527,4165,1,1,1,1
23.0000,1320,1,1,14985,1,28593,0.524098,1,2,22,299,66346,27.90011,0.01452,2.33470,0.02765,0,0,3,1.810210,1.284887,1.284887,-0.241191,-0.240742,14.719720,1325,0.016355,0.047268,11940,4874,2601,1708,1133,834,669,531,4302,1,1,1,1
23.9000,1320,1,1,15135,1,29135,0.519496,1,20,20,27,1006719,28.52394,0.01452,2.33470,0.02765,0,1,3,1.731073,1.228756,1.009187,-0.553011,-0.552595,14.407867,130,0.038354,0.004738,12130,4846,2837,1697,1146,854,658,522,4444,1,1,1,1
22.3500,1321,1,1,14561,1,27889,0.522124,16,4,31,385,261026,27.44951,0.01074,2.35520,0.02902,0,1,3,2.283326,1.788380,1.788380,-0.017786,-0.017161,14.943666,2176,0.001148,0.076405,11546,4686,2657,1624,1165,842,645,505,4218,1,1,1,1
22.4000,1321,1,1,14694,0,28117,0.522621,2,2,19,24,188601,27.48414,0.01074,2.35520,0.02902,1,0,3,1.351440,1.000000,1.126309,-0.034919,-0.034691,14.926044,2108,0.002324,0.074105,11697,4806,2586,1644,1167,831,652,498,4235,1,1,1,1
23.0000,1321,1,1,14764,0,28390,0.520061,2,24,24,210,334712,27.90024,0.01074,2.35520,0.02902,1,1,2,1.162781,1.000000,4.389622,-0.243492,-0.243377,14.716263,1315,0.016538,0.046887,11803,4727,2673,1579,1175,876,673,562,4321,1,1,1,1
23.9000,1321,1,1,15316,0,29330,0.522214,1,1,27,147,125459,28.52360,0.01074,2.35520,0.02902,1,0,3,1.409499,1.000000,1.042480,-0.554623,-0.554363,14.406229,127,0.038481,0.004626,12235,5034,2738,1712,1193,837,652,510,4418,1,1,1,1
22.3500,1322,1,1,14522,0,27846,0.521530,1,5,128,128,49059,27.44363,0.02309,2.35632,0.02686,1,1,2,1.232563,1.000000,1.565323,-0.014303,-0.014145,14.945762,2176,0.000946,0.076337,11465,4751,2636,1603,1131,834,644,491,4290,1,1,1,1
22.4000,1322,1,1,14419,1,27874,0.517311,61,58,61,149,54034,27.47824,0.02309,2.35632,0.02686,0,1,3,17.544219,16.247338,16.247338,-0.032499,-0.030332,14.930689,2110,0.002032,0.074096,11398,4768,2643,1687,1184,799,648,501,4245,1,1,1,1
23.0000,1322,1,1,14822,0,28634,0.517654,3,14,14,16,151861,27.89455,0.02309,2.35632,0.02686,1,1,2,1.221299,1.000000,3.698208,-0.240093,-0.239942,14.719928,1316,0.016300,0.046875,11892,4790,2657,1723,1160,927,680,538,4266,1,1,1,1
23.9000,1322,1,1,15076,0,28964,0.520526,1,5,25,43,17375,28.51796,0.02309,2.35632,0.02686,1,1,2,1.356099,1.000000,2.472001,-0.551647,-0.551417,14.408851,127,0.038269,0.004621,12022,4768,2722,1702,1169,917,683,522,4458,1,1,1,1
22.3500,1323,1,1,14644,0,27978,0.523430,1,20,20,90,42604,27.47333,0.01033,2.36015,0.02835,1,1,2,1.345308,1.000000,8.415899,-0.006821,-0.006597,14.954149,2185,0.000441,0.076552,11618,4618,2640,1733,1184,782,656,554,4192,1,1,1,1
22.4000,1323,1,1,14565,1,27867,0.522680,2,10,10,68,6501,27.50791,0.01033,2.36015,0.02835,0,1,3,6.383684,5.149184,5.149184,-0.023925,-0.022524,14.938463,2119,0.001508,0.074317,11492,4646,2623,1781,1121,810,644,467,4282,1,1,1,1
23.0000,1323,1,1,14690,0,28268,0.519687,3,7,43,138,49412,27.92390,0.01033,2.36015,0.02835,1,0,3,1.142277,1.000000,1.114981,-0.231342,-0.231242,14.729706,1328,0.015699,0.047236,11698,4603,2671,1696,1183,859,667,524,4366,1,1,1,1
23.9000,1323,1,1,15212,0,29188,0.521191,9,2,356,356,1057203,28.54737,0.01033,2.36015,0.02835,1,0,3,1.375135,1.000000,1.050473,-0.543012,-0.542771,14.417925,135,0.037646,0.004906,12172,4871,2739,1768,1224,850,649,517,4397,1,1,1,1
22.3500,1324,1,1,14526,0,27956,0.519621,5,4,18,127,8997,27.47476,0.00862,2.35144,0.01937,1,0,2,1.239134,1.000000,1.334491,-0.006078,-0.005916,14.954950,2187,0.000396,0.076560,11627,4692,2550,1634,1197,831,646,500,4278,1,1,1,1
22.4000,1324,1,1,14620,0,27950,0.523096,22,3,36,95,12218,27.50931,0.00862,2.35144,0.01937,1,1,2,1.339579,1.000000,1.507685,-0.023404,-0.023184,14.937039,2121,0.001552,0.074338,11525,4761,2611,1668,1117,846,651,516,4254,1,1,1,1
23.0000,1324,1,1,14673,1,28248,0.519453,1,10,45,45,50975,27.92551,0.00862,2.35144,0.01937,0,1,3,2.037194,1.458434,1.298366,-0.231440,-0.230903,14.729743,1330,0.015676,0.047271,11556,4831,2625,1673,1124,897,657,504,4380,1,1,1,1
23.9000,1324,1,1,15201,1,29408,0.516918,4,67,344,344,31205,28.54903,0.00862,2.35144,0.01937,0,1,3,42.893606,33.120918,33.120918,-0.544432,-0.541593,14.419461,136,0.037560,0.004938,12254,5023,2689,1822,1175,898,665,522,4359,1,1,1,1
22.3500,1325,1,1,14592,0,27957,0.521963,1,5,32,114,33538,27.47257,0.00732,2.36131,0.02716,1,1,2,1.413232,1.000000,3.091373,-0.007957,-0.007696,14.952867,2185,0.000515,0.076443,11662,4751,2528,1599,1091,857,609,517,4342,1,1,1,1
22.4000,1325,1,1,14592,0,27871,0.523574,19,3,23,53,237609,27.50761,0.00732,2.36131,0.02716,1,1,2,1.348706,1.000000,1.437210,-0.025178,-0.024952,14.935298,2122,0.001671,0.074326,11526,4667,2605,1627,1159,808,604,510,4364,1,1,1,1
23.0000,1325,1,1,14834,0,28596,0.518762,23,3,23,32,50357,27.92350,0.00732,2.36131,0.02716,1,0,3,1.318055,1.000000,1.295435,-0.233069,-0.232861,14.727923,1324,0.015811,0.047028,11873,4871,2610,1706,1242,787,660,498,4348,1,1,1,1
23.9000,1325,1,1,15214,0,29225,0.520600,19,8,29,59,309305,28.54707,0.00732,2.36131,0.02716,1,1,2,1.270652,1.000000,2.771271,-0.545170,-0.544989,14.415040,131,0.037807,0.004754,12173,5013,2745,1680,1202,814,649,515,4433,1,1,1,1
22.3500,1326,1,1,14581,1,27986,0.521029,1,50,50,52,48327,27.48142,0.00860,2.37057,0.02185,0,1,3,14.923904,13.854776,13.854776,-0.003794,-0.001756,14.959267,2188,0.000117,0.076457,11714,4703,2550,1633,1111,824,635,501,4314,1,1,1,1
22.4000,1326,1,1,14753,1,28336,0.520663,1,5,87,1787,484819,27.51592,0.00860,2.37057,0.02185,0,1,3,2.177919,1.550821,1.458315,-0.020184,-0.019597,14.940844,2122,0.001312,0.074242,11817,4813,2687,1647,1171,857,621,527,4195,1,1,1,1
23.0000,1326,1,1,14796,0,28523,0.518757,1,7,8,222,152359,27.93202,0.00860,2.37057,0.02185,1,1,2,1.413815,1.000000,4.311844,-0.228652,-0.228391,14.732127,1326,0.015503,0.047050,11858,4815,2716,1632,1146,845,649,495,4366,1,1,1,1
23.9000,1326,1,1,15277,1,29269,0.521969,1,3,10,7383,55227,28.55564,0.00860,2.37057,0.02185,0,1,3,1.575776,1.140350,1.140350,-0.539945,-0.539602,14.421083,135,0.037418,0.004893,12196,4970,2675,1727,1214,867,648,526,4445,1,1,1,1
22.3500,1327,1,1,14659,1,27969,0.524135,1,2,18,18,838777,27.46909,0.01213,2.37773,0.02142,0,0,3,2.017625,1.459498,1.459498,-0.007163,-0.006634,14.953720,2191,0.000444,0.076533,11548,4786,2570,1671,1137,867,634,499,4256,1,1,1,1
22.4000,1327,1,1,14532,0,28019,0.518667,1,20,20,47,36566,27.50356,0.01213,2.37773,0.02142,1,1,2,1.369266,1.000000,9.008785,-0.025086,-0.024849,14.935463,2122,0.001664,0.074213,11498,4831,2598,1625,1150,834,626,549,4307,1,1,1,1
23.0000,1327,1,1,14811,1,28526,0.519229,1,2,23,622,75892,27.91987,0.01213,2.37773,0.02142,0,0,3,1.959826,1.406076,1.406076,-0.232539,-0.232032,14.728363,1327,0.015754,0.047062,11847,4804,2692,1610,1149,864,697,539,4323,1,1,1,1
23.9000,1327,1,1,15067,1,29138,0.517109,3,3,30,342,260327,28.54354,0.01213,2.37773,0.02142,0,1,3,2.143647,1.666877,1.666877,-0.544436,-0.543862,14.417175,135,0.037723,0.004891,11963,4994,2738,1750,1211,906,644,527,4404,1,1,1,1
22.3500,1328,1,1,14574,0,28094,0.518777,1,11,11,45,31587,27.47173,0.00911,2.37489,0.02609,1,1,2,1.279944,1.000000,3.910666,-0.007537,-0.007351,14.952709,2194,0.000492,0.076585,11547,4718,2693,1713,1248,849,634,468,4223,1,1,1,1
22.4000,1328,1,1,14760,0,28296,0.521647,1,68,68,68,57892,27.50670,0.00911,2.37489,0.02609,1,0,2,1.066745,1.000000,4.782391,-0.025097,-0.025048,14.935961,2127,0.001677,0.074330,11748,4833,2664,1701,1169,815,618,529,4218,1,1,1,1
23.0000,1328,1,1,14938,0,28588,0.522545,1,2,8,54,37493,27.92270,0.00911,2.37489,0.02609,1,0,3,1.290330,1.000000,1.171854,-0.232561,-0.232369,14.728448,1331,0.015777,0.047168,11827,4932,2647,1686,1123,853,667,487,4365,1,1,1,1
23.9000,1328,1,1,15278,0,29309,0.521291,2,3,4,112,19832,28.54642,0.00911,2.37489,0.02609,1,1,2,1.405004,1.000000,2.075338,-0.544643,-0.544387,14.416059,135,0.037763,0.004888,12177,4917,2768,1668,1274,885,701,516,4402,1,1,1,1
22.3500,1329,1,1,14761,1,28202,0.523421,1,1,60,60,242238,27.45368,0.01934,2.39395,0.02521,0,1,3,1.872317,1.348578,1.348578,-0.011384,-0.010913,14.949760,2191,0.000730,0.076438,11605,4895,2636,1658,1197,854,633,498,4225,1,1,1,1
22.4000,1329,1,1,14758,0,28197,0.523408,1,1,17,636,35258,27.48810,0.01934,2.39395,0.02521,1,0,3,1.395700,1.000000,1.312744,-0.028586,-0.028335,14.932318,2125,0.001898,0.074222,11744,4782,2600,1662,1176,801,640,545,4246,1,1,1,1
23.0000,1329,1,1,14854,0,28490,0.521394,1,3,45,102,37212,27.90430,0.01934,2.39395,0.02521,1,1,2,1.384362,1.000000,1.922080,-0.236828,-0.236584,14.724098,1328,0.016068,0.047040,11812,4867,2589,1688,1168,827,630,545,4363,1,1,1,1
23.9000,1329,1,1,15177,1,29278,0.518393,1,408,408,408,23331925,28.52809,0.01934,2.39395,0.02521,0,1,3,3.574063,3.527727,3.527727,-0.548950,-0.547992,14.413059,132,0.038021,0.004777,12109,4934,2835,1751,1155,860,641,512,4480,1,1,1,1
22.3500,1330,1,1,14645,1,27998,0.523092,9,18,18,18,60629,27.45908,0.00962,2.37129,0.02033,0,1,3,2.404600,1.912110,1.912110,-0.013487,-0.012827,14.948025,2193,0.000858,0.076459,11442,4876,2704,1657,1115,786,656,517,4244,1,1,1,1
22.4000,1330,1,1,14730,0,28222,0.521952,1,204,204,204,49476,27.49400,0.00962,2.37129,0.02033,1,1,2,1.009282,1.000000,1.915222,-0.030955,-0.030948,14.930106,2126,0.002073,0.074212,11746,4739,2666,1639,1135,823,690,474,4309,1,1,1,1
23.0000,1330,1,1,14950,0,28537,0.523900,2,29,109,109,41515,27.90989,0.00962,2.37129,0.02033,1,1,2,1.257348,1.000000,8.815074,-0.239472,-0.239300,14.721552,1328,0.016255,0.047013,11790,4864,2644,1695,1191,851,681,480,4340,1,1,1,1
23.9000,1330,1,1,15216,0,29132,0.522330,1,4,50,190,58788,28.53372,0.00962,2.37129,0.02033,1,0,2,1.280467,1.000000,1.648952,-0.550757,-0.550571,14.410257,131,0.038207,0.004738,12003,4956,2725,1703,1157,895,691,511,4490,1,1,1,1
22.3500,1331,1,1,14636,0,28125,0.520410,10,2,10,42,69764,27.43919,0.01350,2.36162,0.02714,1,1,3,1.374036,1.000000,1.101171,-0.021068,-0.020829,14.939875,2195,0.001394,0.076513,11566,4827,2694,1662,1166,822,656,536,4195,1,1,1,1
22.4000,1331,1,1,14530,0,28066,0.517727,1,1,5,90,67683,27.47408,0.01350,2.36162,0.02714,1,0,3,1.369014,1.000000,1.146176,-0.038567,-0.038331,14.922383,2128,0.002569,0.074264,11664,4740,2535,1675,1113,842,643,514,4339,1,1,1,1
23.0000,1331,1,1,14965,1,28692,0.521592,7,2,81,81,121464,27.89018,0.01350,2.36162,0.02714,0,1,3,1.748645,1.385936,1.385936,-0.246668,-0.246248,14.714601,1329,0.016735,0.047035,11838,4967,2651,1730,1157,880,640,479,4349,1,1,1,1
23.9000,1331,1,1,15179,1,29037,0.522765,2,16,16,491,102678,28.51354,0.01350,2.36162,0.02714,0,1,3,1.771336,1.263764,1.090369,-0.558268,-0.557839,14.402796,133,0.038731,0.004809,11940,4928,2701,1709,1152,913,671,514,4508,1,1,1,1
22.3500,1332,1,1,14460,0,28018,0.516115,1,5,52,52,32684,27.43585,0.00781,2.34879,0.02751,1,1,2,1.197736,1.000000,1.329643,-0.026030,-0.025895,14.933904,2198,0.001734,0.076591,11562,4738,2635,1623,1140,834,653,523,4309,1,1,1,1
22.4000,1332,1,1,14763,1,28238,0.522825,9,6,9,432,129026,27.47019,0.00781,2.34879,0.02751,0,1,3,3.271267,2.864827,2.864827,-0.043491,-0.042602,14.915768,2130,0.002856,0.074311,11774,4759,2682,1611,1141,845,616,522,4287,1,1,1,1
23.0000,1332,1,1,14915,1,28556,0.522325,1,24,87,90,1597357,27.88650,0.00781,2.34879,0.02751,0,1,3,2.934271,2.183699,2.027276,-0.251517,-0.250709,14.709533,1330,0.017044,0.047052,11869,4755,2653,1713,1150,843,633,550,4389,1,1,1,1
23.9000,1332,1,1,15370,0,29290,0.524770,1,9,9,42,130794,28.50991,0.00781,2.34879,0.02751,1,1,2,1.391503,1.000000,4.643838,-0.563538,-0.563290,14.397101,132,0.039125,0.004771,11996,5041,2715,1744,1254,837,733,513,4456,1,1,1,1
22.3500,1333,1,1,14551,1,28133,0.517240,1,8,214,214,168876,27.44532,0.00832,2.36787,0.02184,0,0,3,2.306161,1.835689,1.835689,-0.020977,-0.020351,14.939646,2194,0.001362,0.076365,11689,4859,2556,1693,1138,821,621,490,4265,1,1,1,1
22.4000,1333,1,1,14756,0,28360,0.520329,14,8,14,14,40912,27.48016,0.00832,2.36787,0.02184,1,1,3,1.103513,1.000000,1.004963,-0.038160,-0.038086,14.921243,2127,0.002552,0.074124,11844,4722,2620,1715,1180,853,677,520,4228,1,1,1,1
23.0000,1333,1,1,14997,1,28638,0.523693,1,16,27,31,103306,27.89615,0.00832,2.36787,0.02184,0,0,3,2.877544,2.426581,2.426581,-0.246499,-0.245706,14.714049,1329,0.016699,0.046966,11866,4837,2803,1682,1197,785,624,486,4357,1,1,1,1
23.9000,1333,1,1,15328,0,29548,0.518767,1,27,27,692,78334,28.51962,0.00832,2.36787,0.02184,1,1,2,1.197973,1.000000,6.069176,-0.558578,-0.558442,14.401359,130,0.038777,0.004694,12476,4920,2735,1720,1142,868,681,504,4501,1,1,1,1
22.3500,1334,1,1,14670,0,28200,0.520231,2,11,249,249,20692,27.43709,0.00675,2.35742,0.02247,1,0,2,1.159512,1.000000,2.098429,-0.025744,-0.025633,14.935307,2203,0.001716,0.076643,11648,4817,2589,1667,1228,873,652,518,4207,1,1,1,1
22.4000,1334,1,1,14597,1,28028,0.520819,1,2,14,172,43963,27.47190,0.00675,2.35742,0.02247,0,1,3,1.915326,1.514178,1.514178,-0.043027,-0.042540,14.918440,2135,0.002851,0.074361,11535,4703,2640,1634,1170,856,649,501,4339,1,1,1,1
23.0000,1334,1,1,14921,1,28835,0.517479,1,1,25,53,101795,27.88810,0.00675,2.35742,0.02247,0,1,3,1.672932,1.183675,1.183675,-0.251031,-0.250645,14.709924,1334,0.017039,0.047121,12012,4873,2717,1672,1208,842,672,469,4369,1,1,1,1
23.9000,1334,1,1,15353,1,29543,0.519701,1,3,84,173,53393,28.51162,0.00675,2.35742,0.02247,0,1,3,3.164907,2.271812,2.271812,-0.563038,-0.562174,14.398718,135,0.039043,0.004872,12298,5019,2752,1774,1147,900,696,526,4430,1,1,1,1
22.3500,1335,1,1,14800,0,28443,0.520357,1,26,85,149,26783,27.43370,0.01250,2.34363,0.02495,1,1,2,1.284807,1.000000,8.866709,-0.025444,-0.025256,14.934826,2203,0.001691,0.076588,11933,4829,2580,1716,1125,793,616,505,4345,1,1,1,1
22.4000,1335,1,1,14622,0,28129,0.519838,2,15,269,399,25079,27.46849,0.01250,2.34363,0.02495,1,0,2,1.078223,1.000000,1.356041,-0.042121,-0.042065,14.918939,2137,0.002820,0.074372,11594,4799,2594,1615,1119,855,678,518,4356,1,1,1,1
23.0000,1335,1,1,14942,0,28644,0.521663,46,2,46,46,26309,27.88438,0.01250,2.34363,0.02495,1,1,3,1.409146,1.000000,1.337577,-0.250072,-0.249815,14.710790,1333,0.016982,0.047048,11898,4837,2644,1655,1196,851,690,513,4359,1,1,1,1
23.9000,1335,1,1,15264,0,29446,0.518390,1,107,107,107,405051,28.50795,0.01250,2.34363,0.02495,1,1,2,1.046777,1.000000,5.204265,-0.562368,-0.562333,14.398694,132,0.039054,0.004760,12147,5147,2721,1700,1229,880,661,514,4446,1,1,1,1
22.3500,1336,1,1,14786,0,28401,0.520634,7,2104,2104,2104,62334,27.44482,0.00726,2.34803,0.02338,1,1,2,1.203717,1.000000,472.346324,-0.023807,-0.023668,14.937236,2205,0.001584,0.076587,11845,4787,2577,1687,1190,788,673,523,4330,1,1,1,1
22.4000,1336,1,1,14784,0,28304,0.522347,1,15,114,114,8252,27.47958,0.00726,2.34803,0.02338,1,1,2,1.392275,1.000000,7.590305,-0.039641,-0.039393,14.921274,2138,0.002640,0.074340,11867,4737,2625,1672,1110,797,661,510,4324,1,1,1,1
23.0000,1336,1,1,14984,0,28760,0.521020,4,4,6,25,184998,27.89568,0.00726,2.34803,0.02338,1,0,2,1.299827,1.000000,1.815961,-0.247140,-0.246944,14.713868,1336,0.016783,0.047108,11922,4912,2680,1749,1104,845,639,519,4389,1,1,1,1
23.9000,1336,1,1,15137,1,29332,0.516075,2,3,5,227,260435,28.51930,0.00726,2.34803,0.02338,0,1,3,2.150498,1.747118,1.747118,-0.558944,-0.558371,14.401357,137,0.038772,0.004936,12078,5032,2771,1725,1161,829,632,553,4550,1,1,1,1
22.3500,1337,1,1,14693,1,28255,0.520033,1,5,6,116,46395,27.45073,0.00778,2.34852,0.02126,0,1,3,3.321535,2.692619,2.692619,-0.018477,-0.017579,14.942234,2203,0.001176,0.076435,11679,4792,2635,1703,1171,846,632,494,4302,1,1,1,1
22.4000,1337,1,1,14681,1,28339,0.518068,5,4,29,29,36662,27.48546,0.00778,2.34852,0.02126,0,1,3,3.355431,2.495989,2.495989,-0.035816,-0.034911,14.925991,2136,0.002339,0.074191,11774,4811,2643,1654,1161,873,611,526,4285,1,1,1,1
23.0000,1337,1,1,15104,0,28742,0.525521,9,3,9,133,81454,27.90177,0.00778,2.34852,0.02126,1,1,3,1.285116,1.000000,1.090258,-0.243651,-0.243464,14.716622,1333,0.016543,0.046959,11893,4884,2680,1717,1149,852,631,522,4413,1,1,1,1
23.9000,1337,1,1,15408,0,29714,0.518561,54,29,54,1385,15790,28.52544,0.00778,2.34852,0.02126,1,0,2,1.115983,1.000000,3.633549,-0.555946,-0.555864,14.405112,130,0.038588,0.004679,12428,4993,2830,1699,1151,885,698,568,4461,1,1,1,1
22.3500,1338,1,1,14915,1,28614,0.521267,1,1,3,62,1105499,27.43908,0.00777,2.34251,0.02429,0,1,3,1.602144,1.189196,1.189196,-0.024326,-0.023974,14.936779,2204,0.001605,0.076441,11935,5022,2597,1686,1144,849,631,517,4232,1,1,1,1
22.4000,1338,1,1,14754,0,28380,0.519891,9,2,16,32,14033,27.47379,0.00777,2.34251,0.02429,1,0,3,1.302762,1.000000,1.047401,-0.041628,-0.041430,14.919379,2138,0.002777,0.074238,11816,4746,2710,1666,1116,874,645,499,4307,1,1,1,1
23.0000,1338,1,1,15054,0,28839,0.522020,6,2,32,32,33977,27.88978,0.00777,2.34251,0.02429,1,0,3,1.376103,1.000000,1.078628,-0.249614,-0.249375,14.711330,1334,0.016951,0.046976,11965,4885,2738,1644,1169,845,709,533,4350,1,1,1,1
23.9000,1338,1,1,15477,1,29544,0.523880,1,1,8,62,84042,28.51351,0.00777,2.34251,0.02429,0,0,3,1.373008,1.001345,1.001345,-0.561486,-0.561249,14.399079,131,0.038978,0.004713,12341,4944,2806,1715,1212,870,665,521,4469,1,1,1,1
22.3500,1339,1,1,14699,1,28150,0.522186,2,5,14,150,24193,27.42836,0.00852,2.33121,0.02513,0,0,3,1.893979,1.580801,1.580801,-0.029245,-0.028768,14.931042,2208,0.001927,0.076552,11653,4775,2636,1675,1107,825,656,505,4317,1,1,1,1
22.4000,1339,1,1,14971,1,28679,0.522038,3,21,21,23,59550,27.46304,0.00852,2.33121,0.02513,0,1,3,13.748460,10.591778,10.591778,-0.047297,-0.045340,14.915713,2145,0.003040,0.074444,12034,4893,2655,1695,1161,807,691,497,4245,1,1,1,1
23.0000,1339,1,1,14898,0,28786,0.517561,6,4,22,1194,473010,27.87924,0.00852,2.33121,0.02513,1,1,2,1.409156,1.000000,2.190530,-0.254805,-0.254549,14.706059,1340,0.017309,0.047169,12031,4757,2694,1693,1200,820,709,510,4371,1,1,1,1
23.9000,1339,1,1,15273,1,29393,0.519631,1,6,15,586,96126,28.50302,0.00852,2.33121,0.02513,0,1,3,1.461269,1.102488,1.102488,-0.566428,-0.566144,14.394639,132,0.039330,0.004747,12117,5000,2750,1689,1227,852,689,556,4512,1,1,1,1
22.3500,1340,1,1,14594,0,28150,0.518455,1,5,37,37,100508,27.43711,0.00724,2.31918,0.02248,1,1,2,1.369872,1.000000,2.943931,-0.026076,-0.025841,14.934486,2212,0.001730,0.076615,11541,4770,2602,1699,1148,856,653,498,4382,1,1,1,1
22.4000,1340,1,1,14728,0,28248,0.521401,2,7,7,485,20085,27.47177,0.00724,2.31918,0.02248,1,1,2,1.308471,1.000000,2.836367,-0.043389,-0.043189,14.917616,2142,0.002895,0.074275,11655,4756,2708,1660,1164,846,622,497,4339,1,1,1,1
23.0000,1340,1,1,15091,1,28868,0.522777,3,3,38,58,86803,27.88766,0.00724,2.31918,0.02248,0,0,3,1.552263,1.285693,1.285693,-0.251034,-0.250706,14.709140,1338,0.017044,0.047053,12011,4843,2751,1686,1174,814,683,516,4389,1,1,1,1
23.9000,1340,1,1,15299,1,29433,0.519808,1,1,10,39,12415,28.51149,0.00724,2.31918,0.02248,0,0,3,1.351512,1.115917,1.115917,-0.562874,-0.562650,14.398310,133,0.039077,0.004778,12153,4957,2780,1807,1185,858,649,556,4487,1,1,1,1
22.3500,1341,1,1,14745,1,28514,0.517133,3,36,36,61,203231,27.40708,0.02129,2.30235,0.02935,0,1,3,19.542471,16.474706,16.474706,-0.034526,-0.032309,14.928750,2208,0.002164,0.076449,11856,4863,2672,1659,1175,867,634,531,4256,1,1,1,1
22.4000,1341,1,1,14601,1,28286,0.516210,1,2,17,17,17496,27.44171,0.02129,2.30235,0.02935,0,1,3,1.637221,1.354573,1.354573,-0.050906,-0.050538,14.910487,2140,0.003389,0.074185,11697,4856,2675,1599,1101,814,636,476,4431,1,1,1,1
23.0000,1341,1,1,14904,0,28863,0.516388,1,44,529,529,16262,27.85781,0.02129,2.30235,0.02935,1,1,2,1.088904,1.000000,4.191007,-0.259379,-0.259315,14.699918,1336,0.017641,0.046977,11992,4861,2680,1664,1212,869,646,560,4378,1,1,1,1
23.9000,1341,1,1,15369,1,29592,0.519381,4,6,6,42,27869,28.48117,0.02129,2.30235,0.02935,0,0,3,1.457667,1.255772,1.255772,-0.570613,-0.570332,14.389329,129,0.039636,0.004634,12339,5023,2697,1731,1173,873,677,518,4560,1,1,1,1
22.3500,1342,1,1,14868,0,28494,0.521812,1,191,191,191,73237,27.41018,0.01166,2.30749,0.02679,1,1,2,1.142040,1.000000,29.318607,-0.037825,-0.037726,14.923232,2211,0.002528,0.076524,11800,4876,2687,1705,1163,885,619,509,4249,1,1,1,1
22.4000,1342,1,1,14776,0,28462,0.519167,1,2,12,54,57544,27.44478,0.01166,2.30749,0.02679,1,1,3,1.348374,1.000000,1.341072,-0.053977,-0.053755,14.906511,2144,0.003606,0.074289,11817,4804,2683,1665,1121,882,650,552,4287,1,1,1,1
23.0000,1342,1,1,14947,1,28870,0.517753,32,24,114,114,219085,27.86108,0.01166,2.30749,0.02679,0,1,3,15.862273,12.179878,12.179878,-0.262951,-0.260892,14.700144,1339,0.017748,0.047047,11884,4923,2701,1736,1135,857,719,508,4406,1,1,1,1
23.9000,1342,1,1,15361,1,29606,0.518865,2,82,335,335,236184,28.48450,0.01166,2.30749,0.02679,0,1,3,15.233473,14.948344,14.948344,-0.574737,-0.572708,14.388357,133,0.039804,0.004774,12288,5038,2682,1749,1222,934,631,526,4535,1,1,1,1
22.3500,1343,1,1,14614,0,28333,0.515813,3,3,3,145,21654,27.41909,0.01165,2.31073,0.02271,1,1,2,1.394986,1.000000,1.965967,-0.032693,-0.032445,14.927970,2210,0.002173,0.076408,11719,4780,2669,1640,1169,805,648,521,4381,1,1,1,1
22.4000,1343,1,1,14770,0,28470,0.518810,1,3,6,34,457933,27.45367,0.01165,2.31073,0.02271,1,1,2,1.318992,1.000000,1.752052,-0.049947,-0.049741,14.910445,2143,0.003336,0.074179,11790,4899,2644,1672,1144,820,667,534,4299,1,1,1,1
23.0000,1343,1,1,15117,1,28868,0.523678,1,2,496,496,47495,27.86966,0.01165,2.31073,0.02271,0,0,3,1.950968,1.533680,1.533680,-0.257878,-0.257381,14.702674,1337,0.017506,0.046934,11947,4919,2675,1710,1189,848,659,518,4402,1,1,1,1
23.9000,1343,1,1,15352,0,29605,0.518579,1,3,1098,2792,62250,28.49313,0.01165,2.31073,0.02271,1,1,2,1.321370,1.000000,1.582738,-0.569631,-0.569424,14.390769,129,0.039569,0.004627,12242,5011,2750,1780,1243,902,679,527,4470,1,1,1,1
22.3500,1344,1,1,14863,1,28741,0.517154,1,3,46,59,7766,27.42451,0.01216,2.30698,0.02108,0,1,3,1.777306,1.488821,1.488821,-0.029446,-0.029018,14.931898,2220,0.001943,0.076677,11959,5034,2619,1679,1183,832,700,524,4210,1,1,1,1
22.4000,1344,1,1,14759,1,28482,0.518205,1,1,9,125,98700,27.45906,0.01216,2.30698,0.02108,0,0,3,1.431545,1.021921,1.021921,-0.046538,-0.046271,14.914377,2154,0.003102,0.074485,11650,5011,2683,1685,1135,845,649,514,4309,1,1,1,1
23.0000,1344,1,1,15125,1,28930,0.522832,1,3,22,43,20022,27.87526,0.01216,2.30698,0.02108,0,1,3,2.533684,1.884162,1.884162,-0.254914,-0.254222,14.706538,1347,0.017286,0.047237,11973,4964,2720,1708,1132,845,681,520,4386,1,1,1,1
23.9000,1344,1,1,15443,1,29808,0.518100,4,11,70,70,9851,28.49878,0.01216,2.30698,0.02108,0,1,3,3.112426,2.930663,2.930663,-0.566838,-0.565993,14.395043,138,0.039319,0.004944,12410,5021,2793,1851,1216,915,650,521,4430,1,1,1,1
22.3500,1345,1,1,14757,1,28267,0.522076,4,43,70,70,21862,27.42980,0.01267,2.31106,0.01958,0,1,3,7.556310,6.701474,6.701474,-0.026928,-0.025424,14.935547,2219,0.001702,0.076567,11688,4752,2642,1618,1152,814,641,508,4451,1,1,1,1
22.4000,1345,1,1,14923,1,28570,0.522349,1,2,22,128,158318,27.46485,0.01267,2.31106,0.01958,0,1,3,2.070437,1.573451,1.573451,-0.043900,-0.043359,14.916651,2152,0.002907,0.074349,11930,4874,2699,1659,1147,849,652,518,4241,1,1,1,1
23.0000,1345,1,1,15130,0,28965,0.522373,2,8,8,612,40333,27.88074,0.01267,2.31106,0.01958,1,1,2,1.397905,1.000000,4.136555,-0.252214,-0.251965,14.708463,1343,0.017131,0.047056,11827,5041,2711,1764,1234,850,671,484,4382,1,1,1,1
23.9000,1345,1,1,15586,0,29800,0.523038,1,3,7,45,19481,28.50431,0.01267,2.31106,0.01958,1,1,2,1.387007,1.000000,2.064923,-0.563734,-0.563490,14.396896,140,0.039140,0.005011,12290,5165,2761,1760,1228,937,669,531,4458,1,1,1,1
22.3500,1346,1,1,14812,0,28357,0.522359,1,28,75,76,57011,27.41611,0.01266,2.30410,0.02472,1,1,2,1.409910,1.000000,14.263928,-0.034392,-0.034137,14.926355,2219,0.002287,0.076557,11616,4958,2582,1714,1132,861,724,491,4278,1,1,1,1
22.4000,1346,1,1,14769,1,28367,0.520659,4,3,23,439,45340,27.45062,0.01266,2.30410,0.02472,0,1,3,2.355501,1.774822,1.774822,-0.050868,-0.050232,14.910742,2152,0.003369,0.074323,11757,4782,2607,1656,1186,836,708,516,4318,1,1,1,1
23.0000,1346,1,1,15018,0,28897,0.519726,1,60,60,172,30089,27.86671,0.01266,2.30410,0.02472,1,1,2,1.239237,1.000000,16.415564,-0.259743,-0.259583,14.700376,1344,0.017658,0.047082,11905,4889,2713,1776,1192,839,695,521,4366,1,1,1,1
23.9000,1346,1,1,15481,1,29729,0.520755,2,1,119,119,298993,28.49034,0.01266,2.30410,0.02472,0,1,3,1.566893,1.226039,1.226039,-0.570563,-0.570230,14.389762,137,0.039627,0.004903,12326,4969,2830,1788,1221,920,650,520,4504,1,1,1,1
22.3500,1347,1,1,14798,0,28444,0.520269,1,23,134,134,75799,27.41928,0.01213,2.31637,0.02639,1,1,2,1.412187,1.000000,11.927049,-0.032824,-0.032568,14.928024,2221,0.002182,0.076560,11785,4825,2630,1667,1197,826,643,523,4347,1,1,1,1
22.4000,1347,1,1,15003,1,28749,0.521880,1,11,20,55,8927788,27.45375,0.01213,2.31637,0.02639,0,1,3,5.075203,4.324210,4.324210,-0.049686,-0.048480,14.911050,2154,0.003251,0.074335,11917,4999,2703,1650,1142,843,699,508,4287,1,1,1,1
23.0000,1347,1,1,15090,0,28926,0.521694,3,2,17,34,33143,27.87005,0.01213,2.31637,0.02639,1,1,2,1.388602,1.000000,1.483021,-0.257433,-0.257189,14.703495,1345,0.017492,0.047072,11920,4985,2687,1656,1182,884,693,507,4411,1,1,1,1
23.9000,1347,1,1,15385,1,29821,0.515929,75,32,75,75,26855,28.49373,0.01213,2.31637,0.02639,0,1,3,6.036965,5.697279,5.697279,-0.569777,-0.568443,14.392586,133,0.039496,0.004755,12440,5068,2781,1779,1183,915,644,515,4495,1,1,1,1
22.3500,1348,1,1,14871,1,28477,0.522229,5,3,28,39,30184,27.42847,0.01264,2.31423,0.02098,0,1,3,2.116352,1.637089,1.637089,-0.027055,-0.026499,14.934328,2223,0.001774,0.076540,11753,4801,2659,1742,1157,867,654,546,4297,1,1,1,1
22.4000,1348,1,1,14848,0,28491,0.521165,2,2,9,63,16185,27.46343,0.01264,2.31423,0.02098,1,1,3,1.397926,1.000000,1.197384,-0.044417,-0.044168,14.916262,2155,0.002961,0.074289,11853,4745,2673,1693,1165,834,652,508,4367,1,1,1,1
23.0000,1348,1,1,14958,0,28702,0.521167,6,7,47,213,111173,27.87942,0.01264,2.31423,0.02098,1,1,2,1.408609,1.000000,3.537603,-0.252822,-0.252568,14.707916,1348,0.017172,0.047127,11813,4809,2675,1657,1220,807,706,493,4521,1,1,1,1
23.9000,1348,1,1,15414,0,29738,0.518344,2,34,55,55,150526,28.50315,0.01264,2.31423,0.02098,1,0,2,1.107995,1.000000,3.996259,-0.564733,-0.564657,14.396331,133,0.039222,0.004750,12313,5132,2764,1766,1194,843,662,516,4547,1,1,1,1
22.3500,1349,1,1,14907,1,28642,0.520478,2,18,19,63,46995,27.44314,0.01314,2.32765,0.02395,0,1,3,6.536733,5.973095,5.973095,-0.020283,-0.018892,14.939993,2220,0.001265,0.076351,12025,4821,2625,1674,1153,816,666,489,4372,1,1,1,1
22.4000,1349,1,1,14880,0,28726,0.518016,1,5,5,50,16108,27.47756,0.01314,2.32765,0.02395,1,1,2,1.407678,1.000000,3.149035,-0.037260,-0.037006,14.923617,2153,0.002480,0.074128,12028,4886,2633,1683,1176,806,669,532,4312,1,1,1,1
23.0000,1349,1,1,15131,1,29153,0.519038,2,5,9,47,30769,27.89376,0.01314,2.32765,0.02395,0,0,3,2.298340,1.964407,1.964407,-0.245177,-0.244560,14.715153,1345,0.016620,0.046965,12146,4968,2682,1725,1192,865,626,503,4445,1,1,1,1
23.9000,1349,1,1,15308,0,29474,0.519391,1,67,67,794,24694,28.51754,0.01314,2.32765,0.02395,1,1,2,1.414155,1.000000,33.935529,-0.558130,-0.557873,14.402689,129,0.038734,0.004602,12174,5009,2681,1810,1192,855,687,522,4543,1,1,1,1
22.3500,1350,1,1,14805,1,28407,0.521193,1,4,20,74,150380,27.43112,0.01681,2.33192,0.02324,0,0,3,2.177747,1.720188,1.720188,-0.023815,-0.023239,14.936807,2226,0.001556,0.076517,11805,4715,2697,1585,1163,892,641,529,4379,1,1,1,1
22.4000,1350,1,1,14926,0,28621,0.521523,2,1,21,1736,22766,27.46604,0.01681,2.33192,0.02324,1,1,3,1.414207,1.000000,1.038052,-0.041048,-0.040791,14.919767,2158,0.002734,0.074264,11908,4826,2644,1763,1148,834,631,507,4359,1,1,1,1
23.0000,1350,1,1,15111,1,29117,0.518993,2,216,216,216,38449,27.88193,0.01681,2.33192,0.02324,0,1,3,25.552179,24.950178,24.950178,-0.250208,-0.247808,14.710339,1348,0.016846,0.047050,12090,4907,2683,1773,1210,865,684,517,4387,1,1,1,1
23.9000,1350,1,1,15584,0,29926,0.520769,1,87,87,119,258041,28.50576,0.01681,2.33192,0.02324,1,1,2,1.012352,1.000000,1.109305,-0.560967,-0.560958,14.396852,133,0.038964,0.004743,12509,4988,2787,1685,1302,922,654,534,4544,1,1,1,1
22.3500,1351,1,1,14878,0,28547,0.521194,1,37,131,131,1677099,27.42712,0.01872,2.30333,0.02960,1,1,2,1.242707,1.000000,10.446432,-0.025346,-0.025185,14.934791,2226,0.001686,0.076471,11816,4820,2679,1657,1221,851,644,477,4381,1,1,1,1
22.4000,1351,1,1,14887,1,28563,0.521217,1,10,10,45,81181,27.46201,0.01872,2.30333,0.02960,0,1,3,1.992818,1.457364,1.402701,-0.042030,-0.041519,14.919210,2160,0.002783,0.074281,11774,4954,2619,1749,1192,783,649,498,4344,1,1,1,1
23.0000,1351,1,1,15160,0,29290,0.517600,4,55,55,86,13514,27.87810,0.01872,2.30333,0.02960,1,1,2,1.021057,1.000000,1.283977,-0.250032,-0.250017,14.708188,1347,0.016998,0.046987,12176,5031,2732,1697,1249,819,704,488,4393,1,1,1,1
23.9000,1351,1,1,15497,1,29945,0.517533,1,16,16,60,183550,28.50147,0.01872,2.30333,0.02960,0,0,3,1.465279,1.068158,1.068158,-0.561633,-0.561351,14.398992,132,0.038985,0.004703,12410,5051,2896,1767,1247,895,711,507,4460,1,1,1,1
22.3500,1352,1,1,15039,1,28696,0.524098,1,4,56,733,10049,27.44075,0.01260,2.34442,0.02688,0,1,3,3.012592,2.362552,2.362552,-0.021371,-0.020556,14.939271,2229,0.001376,0.076494,11956,4893,2600,1676,1233,891,652,541,4253,1,1,1,1
22.4000,1352,1,1,14900,0,28678,0.519580,1,9,107,107,28497,27.47510,0.01260,2.34442,0.02688,1,1,2,1.171846,1.000000,1.930590,-0.038472,-0.038355,14.921370,2162,0.002570,0.074284,11899,4867,2671,1713,1165,853,675,507,4327,1,1,1,1
23.0000,1352,1,1,15143,1,29082,0.520718,3,5,20,20,67302,27.89140,0.01260,2.34442,0.02688,0,0,3,2.076728,1.793962,1.793962,-0.246589,-0.246049,14.713614,1350,0.016723,0.047040,11991,4948,2726,1781,1161,876,676,493,4429,1,1,1,1
23.9000,1352,1,1,15460,0,29693,0.520679,1,4,22,22,17552,28.51482,0.01260,2.34442,0.02688,1,1,2,1.230163,1.000000,1.399915,-0.558205,-0.558052,14.401886,135,0.038749,0.004806,12287,5062,2723,1747,1191,839,695,529,4619,1,1,1,1
22.3500,1353,1,1,15033,1,28582,0.525979,5,2,5,16,36971,27.44751,0.01311,2.35140,0.02388,0,0,3,1.183730,1.037428,1.037428,-0.017242,-0.017117,14.942467,2227,0.001146,0.076353,11809,4877,2717,1713,1235,834,591,491,4314,1,1,1,1
22.4000,1353,1,1,14979,1,28709,0.521771,1,19,19,102,62553,27.48235,0.01311,2.35140,0.02388,0,1,3,2.829330,2.462609,2.462609,-0.034994,-0.034225,14.926733,2160,0.002293,0.074134,11881,4907,2679,1727,1137,876,644,575,4282,1,1,1,1
23.0000,1353,1,1,15147,1,29046,0.521501,1,7,39,284,89111,27.89834,0.01311,2.35140,0.02388,0,1,3,1.874567,1.850420,1.850420,-0.242874,-0.242410,14.718651,1347,0.016470,0.046884,12059,4859,2658,1757,1181,882,697,525,4427,1,1,1,1
23.9000,1353,1,1,15561,1,29830,0.521674,1,2,10,217,23068,28.52181,0.01311,2.35140,0.02388,0,1,3,1.716585,1.357787,1.357787,-0.554506,-0.554107,14.406930,130,0.038461,0.004623,12386,5041,2764,1786,1239,828,726,574,4485,1,1,1,1
22.3500,1354,1,1,15009,1,28647,0.523947,8,11,49,144,26990,27.45324,0.01310,2.36300,0.02243,0,0,3,1.315637,1.210008,1.210008,-0.014275,-0.014072,14.945170,2230,0.000942,0.076385,11879,4851,2675,1713,1173,878,629,466,4382,1,1,1,1
22.4000,1354,1,1,15115,1,28840,0.524117,2,20,108,108,30052,27.48805,0.01310,2.36300,0.02243,0,1,3,8.145811,7.296078,7.296078,-0.032343,-0.030794,14.928110,2161,0.002063,0.074107,11984,5003,2632,1733,1161,823,680,542,4281,1,1,1,1
23.0000,1354,1,1,15370,0,29421,0.522434,1,1,81,81,10804,27.90425,0.01310,2.36300,0.02243,1,1,3,1.136166,1.000000,1.125165,-0.239716,-0.239621,14.718028,1351,0.016281,0.046991,12273,5070,2850,1660,1161,885,674,507,4340,1,1,1,1
23.9000,1354,1,1,15662,0,29953,0.522903,1,1,199,199,22613,28.52777,0.01310,2.36300,0.02243,1,1,3,1.377545,1.000000,1.190782,-0.551534,-0.551298,14.409066,130,0.038260,0.004619,12344,5124,2866,1775,1212,931,673,559,4468,1,1,1,1
22.3500,1355,1,1,14926,0,28588,0.522125,21,4,736,736,54659,27.44679,0.01155,2.35202,0.02190,1,1,2,1.354245,1.000000,1.909519,-0.018772,-0.018548,14.942206,2234,0.001241,0.076481,11868,4791,2730,1658,1165,861,653,467,4394,1,1,1,1
22.4000,1355,1,1,14957,1,28594,0.523100,5,4,18,25,38975,27.48158,0.01155,2.35202,0.02190,0,1,3,1.514107,1.384939,1.384939,-0.036035,-0.035729,14.925273,2168,0.002394,0.074306,11780,4888,2661,1672,1192,860,643,527,4370,1,1,1,1
23.0000,1355,1,1,15189,1,29226,0.519726,2,3,4,35,38028,27.89746,0.01155,2.35202,0.02190,0,1,3,2.397674,1.887689,1.887689,-0.244096,-0.243451,14.717438,1353,0.016542,0.047027,12132,4954,2703,1720,1221,859,626,545,4465,1,1,1,1
23.9000,1355,1,1,15646,0,30011,0.521360,7,45,45,45,1071632,28.52104,0.01155,2.35202,0.02190,1,0,2,1.050003,1.000000,2.329789,-0.555970,-0.555934,14.405100,134,0.038593,0.004759,12526,5090,2804,1735,1216,934,658,529,4518,1,1,1,1
22.3500,1356,1,1,15013,1,28761,0.522010,33,363,363,363,66741,27.43571,0.01205,2.33466,0.02346,0,1,3,16.862861,16.818003,16.818003,-0.024685,-0.022601,14.933803,2236,0.001513,0.076536,11930,4829,2749,1776,1134,854,661,489,4338,1,1,1,1
22.4000,1356,1,1,14965,1,28658,0.522211,4,1,4,210,48844,27.47046,0.01205,2.33466,0.02346,0,1,3,1.287436,1.064036,1.064036,-0.041015,-0.040829,14.918717,2169,0.002737,0.074318,11778,4951,2696,1705,1167,812,615,493,4440,1,1,1,1
23.0000,1356,1,1,15228,0,29217,0.521221,1,3,7,33,88719,27.88656,0.01205,2.33466,0.02346,1,0,2,1.280335,1.000000,1.340769,-0.249172,-0.248990,14.711854,1354,0.016924,0.047045,12231,4871,2718,1777,1153,882,678,485,4421,1,1,1,1
23.9000,1356,1,1,15470,0,29936,0.516786,1,2,19,82,17224,28.51019,0.01205,2.33466,0.02346,1,1,2,1.356009,1.000000,1.394793,-0.561001,-0.560777,14.399525,134,0.038944,0.004757,12425,5025,2839,1765,1246,857,657,548,4573,1,1,1,1
22.3500,1357,1,1,15038,0,28766,0.522788,1,8,8,43,26475,27.42537,0.01101,2.33615,0.02584,1,1,2,1.401615,1.000000,4.608018,-0.029717,-0.029469,14.931186,2235,0.001974,0.076459,11995,4838,2642,1642,1209,913,693,484,4349,1,1,1,1
22.4000,1357,1,1,15025,1,28661,0.524250,2,2,9,25,26971,27.46010,0.01101,2.33615,0.02584,0,1,3,1.414465,1.181505,1.181505,-0.046569,-0.046313,14.914608,2166,0.003105,0.074181,11878,4898,2655,1637,1227,860,617,491,4397,1,1,1,1
23.0000,1357,1,1,15211,1,29246,0.520123,2,2,23,91,979238,27.87640,0.01101,2.33615,0.02584,0,1,3,1.729379,1.248330,1.248330,-0.254750,-0.254346,14.706352,1351,0.017295,0.046924,12108,5012,2740,1730,1177,849,641,533,4455,1,1,1,1
23.9000,1357,1,1,15588,0,30104,0.517822,1,5,7,113,654375,28.50008,0.01101,2.33615,0.02584,1,1,2,1.187802,1.000000,1.413689,-0.566614,-0.566487,14.393309,130,0.039358,0.004613,12575,5030,2936,1763,1221,911,685,516,4466,1,1,1,1
22.3500,1358,1,1,15038,0,28789,0.522370,1,2,5,29,22588,27.42944,0.01204,2.34411,0.02552,1,0,3,1.347790,1.000000,1.316382,-0.027037,-0.026817,14.933948,2237,0.001796,0.076457,12009,4879,2623,1682,1205,858,636,515,4381,1,1,1,1
22.4000,1358,1,1,14916,0,28713,0.519504,128,6,128,128,22477,27.46415,0.01204,2.34411,0.02552,1,1,2,1.408236,1.000000,3.359157,-0.044738,-0.044486,14.916004,2171,0.002982,0.074290,11894,4913,2755,1629,1193,811,637,468,4412,1,1,1,1
23.0000,1358,1,1,15243,1,29198,0.522074,2,7,30,421,35450,27.88014,0.01204,2.34411,0.02552,0,1,3,3.500750,3.095717,3.095717,-0.252700,-0.251777,14.709272,1355,0.017117,0.047019,12104,4950,2716,1695,1202,840,650,549,4491,1,1,1,1
23.9000,1358,1,1,15611,1,29833,0.523297,1,3,13,58,396850,28.50387,0.01204,2.34411,0.02552,0,0,3,2.431109,1.876620,1.876620,-0.564380,-0.563726,14.396412,132,0.039157,0.004680,12316,5054,2727,1744,1189,946,747,547,4562,1,1,1,1
22.3500,1359,1,1,14880,0,28610,0.520116,1,3,23,78,160518,27.42008,0.01203,2.31697,0.02589,1,1,2,1.291704,1.000000,1.560481,-0.031597,-0.031409,14.928720,2237,0.002104,0.076427,11851,4929,2679,1610,1163,889,639,502,4347,1,1,1,1
22.4000,1359,1,1,15002,0,28895,0.519208,2,4,6,91,171982,27.45477,0.01203,2.31697,0.02589,1,0,2,1.246375,1.000000,1.256633,-0.048865,-0.048703,14.912176,2169,0.003266,0.074186,11974,4927,2723,1683,1177,887,663,519,4341,1,1,1,1
23.0000,1359,1,1,15104,0,29277,0.515917,2,20,20,20,31979,27.87096,0.01203,2.31697,0.02589,1,1,2,1.051599,1.000000,1.139833,-0.256921,-0.256884,14.701990,1353,0.017473,0.046938,12178,4897,2723,1801,1187,932,654,513,4391,1,1,1,1
23.9000,1359,1,1,15858,0,30184,0.525395,10,4,10,30,63147,28.49474,0.01203,2.31697,0.02589,1,1,2,1.264575,1.000000,1.317343,-0.568867,-0.568694,14.391358,130,0.039516,0.004607,12618,5168,2790,1772,1251,850,653,522,4559,1,1,1,1
22.3500,1360,1,1,14841,1,28456,0.521560,1,101,101,101,57077,27.41511,0.01253,2.32290,0.02189,0,1,3,42.860003,38.876179,38.876179,-0.035350,-0.032587,14.928486,2243,0.002183,0.076577,11713,4895,2554,1657,1152,868,656,529,4431,1,1,1,1
22.4000,1360,1,1,15066,0,28812,0.522925,1,9,9,200,33092,27.44977,0.01253,2.32290,0.02189,1,1,3,1.086521,1.000000,1.024467,-0.051305,-0.051244,14.909765,2174,0.003437,0.074315,11931,4910,2755,1701,1134,866,604,535,4375,1,1,1,1
23.0000,1360,1,1,15294,0,29198,0.523821,914,8,914,914,366717,27.86566,0.01253,2.32290,0.02189,1,1,2,1.254491,1.000000,2.533610,-0.259619,-0.259452,14.700571,1358,0.017649,0.047082,12146,4930,2767,1693,1228,810,634,535,4454,1,1,1,1
23.9000,1360,1,1,15550,0,30049,0.517505,5,7,13,46,25047,28.48949,0.01253,2.32290,0.02189,1,0,3,1.138734,1.000000,1.094708,-0.571226,-0.571131,14.389839,134,0.039690,0.004746,12592,4964,2807,1807,1190,929,678,540,4541,1,1,1,1
22.3500,1361,1,1,15125,1,28984,0.521858,1,3,11,11,38528,27.40971,0.01677,2.34270,0.02733,0,0,3,1.957051,1.492087,1.492087,-0.034554,-0.034060,14.926125,2240,0.002282,0.076431,12199,4949,2718,1661,1148,840,625,521,4322,1,1,1,1
22.4000,1361,1,1,14853,1,28604,0.519281,4,3,172,213,46402,27.44434,0.01677,2.34270,0.02733,0,0,3,1.459977,1.272127,1.272127,-0.051803,-0.051525,14.908104,2173,0.003456,0.074234,11765,4860,2628,1713,1142,861,670,540,4424,1,1,1,1
23.0000,1361,1,1,15384,0,29466,0.522111,2,4,12,12,17404,27.86043,0.01677,2.34270,0.02733,1,0,2,1.342666,1.000000,1.889088,-0.259991,-0.259774,14.701000,1356,0.017671,0.046976,12313,4998,2731,1839,1161,867,647,535,4374,1,1,1,1
23.9000,1361,1,1,15684,0,30231,0.518822,2,2,4,285,89718,28.48380,0.01677,2.34270,0.02733,1,0,3,1.337371,1.000000,1.191201,-0.571518,-0.571304,14.389477,131,0.039703,0.004637,12660,5104,2806,1766,1241,920,676,529,4528,1,1,1,1
22.3500,1362,1,1,15048,0,28759,0.523263,15,2,15,65,614227,27.42968,0.01824,2.34579,0.02339,1,1,3,1.406174,1.000000,1.405720,-0.023634,-0.023384,14.937256,2242,0.001565,0.076386,11823,4944,2704,1713,1122,944,673,485,4350,1,1,1,1
22.4000,1362,1,1,14857,1,28619,0.519149,8,3,46,51,77539,27.46428,0.01824,2.34579,0.02339,0,1,3,1.837773,1.567778,1.567778,-0.040975,-0.040528,14.918381,2174,0.002717,0.074163,11782,4824,2709,1658,1282,775,661,557,4370,1,1,1,1
23.0000,1362,1,1,15346,0,29307,0.523647,1,2,61,61,19437,27.88058,0.01824,2.34579,0.02339,1,1,2,1.401346,1.000000,1.455220,-0.249087,-0.248839,14.711619,1363,0.016914,0.047150,12190,4995,2779,1663,1183,914,662,497,4423,1,1,1,1
23.9000,1362,1,1,15474,0,29943,0.516799,1,1,14,34,169089,28.50400,0.01824,2.34579,0.02339,1,1,3,1.413814,1.000000,1.278815,-0.560749,-0.560495,14.400088,131,0.038923,0.004630,12446,4989,2788,1766,1191,906,683,550,4623,1,1,1,1
22.3500,1363,1,1,14795,1,28554,0.518159,2,6,15,17,101430,27.41081,0.02211,2.33732,0.02992,0,0,3,2.616353,2.247192,2.247192,-0.031625,-0.030920,14.928788,2243,0.002071,0.076407,11864,4710,2614,1691,1211,882,653,485,4443,1,1,1,1
22.4000,1363,1,1,14815,1,28529,0.519314,8,25,114,114,23775,27.44539,0.02211,2.33732,0.02992,0,1,3,6.702506,6.275105,6.275105,-0.049299,-0.047903,14.913138,2177,0.003212,0.074237,11851,4701,2606,1640,1130,887,663,579,4471,1,1,1,1
23.0000,1363,1,1,15248,0,29369,0.519205,2,7,7,168,30793,27.86138,0.02211,2.33732,0.02992,1,1,2,1.167571,1.000000,1.439817,-0.256752,-0.256639,14.703083,1357,0.017455,0.046935,12128,5019,2855,1667,1188,897,664,540,4410,1,1,1,1
23.9000,1363,1,1,15648,0,30016,0.521339,2,20,163,163,69956,28.48486,0.02211,2.33732,0.02992,1,0,3,1.049387,1.000000,1.096285,-0.568373,-0.568338,14.392700,131,0.039488,0.004629,12382,5098,2845,1742,1283,925,703,552,4485,1,1,1,1
22.3500,1364,1,1,15035,1,28864,0.520909,1,3,8,29,2364489,27.43054,0.01300,2.33782,0.02356,0,0,3,1.949819,1.451219,1.451219,-0.025982,-0.025493,14.934782,2245,0.001707,0.076389,12034,4856,2696,1687,1153,867,675,516,4379,1,1,1,1
22.4000,1364,1,1,15062,0,28876,0.521628,3,10,16,193,34881,27.46510,0.01300,2.33782,0.02356,1,1,2,1.266287,1.000000,3.269108,-0.043558,-0.043385,14.917478,2177,0.002908,0.074161,12010,4871,2704,1777,1137,814,649,551,4362,1,1,1,1
23.0000,1364,1,1,15135,1,29231,0.517790,2,3,23,2038,1360146,27.88129,0.01300,2.33782,0.02356,0,0,3,1.583044,1.285722,1.285722,-0.251313,-0.250976,14.708980,1358,0.017063,0.046917,12106,4881,2726,1701,1183,901,642,558,4532,1,1,1,1
23.9000,1364,1,1,15709,1,30158,0.520907,1,14,23,23,67666,28.50482,0.01300,2.33782,0.02356,0,1,3,8.467820,7.001761,7.001761,-0.563698,-0.562132,14.397172,131,0.039045,0.004624,12609,5122,2762,1725,1247,876,687,516,4613,1,1,1,1
22.3500,1365,1,1,14819,1,28600,0.518165,12,8,12,25,2595440,27.41809,0.01350,2.32925,0.02656,0,0,3,1.517504,1.439663,1.439663,-0.031776,-0.031471,14.927449,2245,0.002108,0.076370,11768,4917,2640,1647,1126,848,685,525,4443,1,1,1,1
22.4000,1365,1,1,14999,1,28918,0.518691,1,6,6,308,345020,27.45313,0.01350,2.32925,0.02656,0,1,3,2.167453,1.575807,1.560609,-0.049310,-0.048743,14.911624,2174,0.003269,0.074033,11988,4945,2684,1708,1124,855,667,543,4403,1,1,1,1
23.0000,1365,1,1,15268,0,29371,0.519850,1,6,17,102,124386,27.86901,0.01350,2.32925,0.02656,1,1,2,1.229426,1.000000,1.991450,-0.257358,-0.257207,14.702745,1355,0.017494,0.046799,12229,4939,2796,1691,1227,871,681,530,4406,1,1,1,1
23.9000,1365,1,1,15672,0,30068,0.521236,4,3,87,87,374375,28.49259,0.01350,2.32925,0.02656,1,1,2,1.342719,1.000000,1.479803,-0.569029,-0.568813,14.391460,129,0.039524,0.004552,12426,5201,2730,1821,1233,927,658,517,4554,1,1,1,1
22.3500,1366,1,1,15025,1,28767,0.522318,24,2103,2103,2103,55638,27.43674,0.00892,2.34713,0.01827,0,1,3,1102.577646,939.005783,939.005783,-0.027190,-0.022062,14.931430,2265,0.001478,0.076974,11876,4882,2648,1709,1158,850,705,531,4407,1,1,1,1
22.4000,1366,1,1,15042,0,28940,0.519783,8,20,127,127,57688,27.47124,0.00892,2.34713,0.01827,1,1,2,1.107398,1.000000,2.405141,-0.042256,-0.042181,14.917229,2197,0.002828,0.074734,12020,4873,2670,1773,1169,831,677,523,4403,1,1,1,1
23.0000,1366,1,1,15368,0,29627,0.518734,1,1,56,56,36950,27.88733,0.00892,2.34713,0.01827,1,0,3,1.402728,1.000000,1.262885,-0.250048,-0.249800,14.710857,1377,0.016981,0.047497,12372,5079,2669,1786,1179,887,670,554,4430,1,1,1,1
23.9000,1366,1,1,15534,0,30183,0.514678,7,2,7,25,14539,28.51096,0.00892,2.34713,0.01827,1,1,3,1.344004,1.000000,1.002334,-0.561792,-0.561576,14.398702,148,0.039002,0.005216,12546,5185,2750,1719,1218,992,699,527,4546,1,1,1,1
22.3500,1367,1,1,15052,0,28870,0.521390,1,5,38,69,16676,27.42681,0.00891,2.35620,0.01927,1,0,2,1.264334,1.000000,1.838865,-0.029697,-0.029525,14.931341,2265,0.001977,0.076918,11997,4923,2666,1719,1152,848,668,540,4356,1,1,1,1
22.4000,1367,1,1,15226,0,28949,0.525978,1,8,13,206,59914,27.46129,0.00891,2.35620,0.01927,1,0,2,1.179626,1.000000,1.784000,-0.046920,-0.046799,14.914141,2197,0.003138,0.074695,12027,4944,2628,1726,1220,875,672,495,4361,1,1,1,1
23.0000,1367,1,1,15346,0,29484,0.520503,1,49,98,165,2947982,27.87758,0.00891,2.35620,0.01927,1,0,2,1.117631,1.000000,6.223963,-0.255530,-0.255449,14.705540,1376,0.017371,0.047445,12215,4994,2800,1700,1204,924,679,508,4459,1,1,1,1
23.9000,1367,1,1,15618,0,30012,0.520409,1,46,46,78,79600,28.50126,0.00891,2.35620,0.01927,1,1,2,1.042298,1.000000,2.069497,-0.566966,-0.566936,14.394110,147,0.039387,0.005178,12430,5066,2846,1743,1243,840,679,531,4633,1,1,1,1
22.3500,1368,1,1,14994,0,28812,0.520426,4,2,152,258,571157,27.41892,0.00941,2.34425,0.01773,1,1,3,1.328851,1.000000,1.216471,-0.033051,-0.032844,14.927395,2271,0.002200,0.077085,11903,4870,2710,1647,1187,866,681,514,4433,1,1,1,1
22.4000,1368,1,1,15007,1,28916,0.519004,1,2,23,165,774728,27.45388,0.00941,2.34425,0.01773,0,1,3,2.259366,1.655844,1.655844,-0.050655,-0.050059,14.910888,2201,0.003357,0.074792,12078,4818,2699,1694,1135,904,689,541,4357,1,1,1,1
23.0000,1368,1,1,15323,1,29300,0.522987,2,1,8,8,169535,27.86987,0.00941,2.34425,0.01773,0,1,3,1.492000,1.069482,1.069482,-0.258489,-0.258197,14.702486,1382,0.017561,0.047627,12158,4915,2730,1719,1213,852,646,499,4567,1,1,1,1
23.9000,1368,1,1,15695,1,30235,0.519118,1,1,27,27,1701230,28.49360,0.00941,2.34425,0.01773,0,0,3,1.325716,1.006053,1.006053,-0.570319,-0.570113,14.390096,148,0.039618,0.005211,12652,5198,2682,1719,1240,929,686,560,4568,1,1,1,1
22.3500,1369,1,1,15086,0,28963,0.520889,1,8,949,949,45899,27.41629,0.01388,2.34731,0.02066,1,1,2,1.290529,1.000000,3.181376,-0.032818,-0.032632,14.927504,2266,0.002186,0.076859,12050,4961,2655,1727,1127,840,701,518,4383,1,1,1,1
22.4000,1369,1,1,14898,0,28768,0.517885,4,47,47,47,18072,27.45072,0.01388,2.34731,0.02066,1,0,2,1.062147,1.000000,3.053336,-0.050023,-0.049979,14.911053,2198,0.003352,0.074635,11803,4857,2739,1705,1222,858,617,518,4448,1,1,1,1
23.0000,1369,1,1,15243,1,29439,0.517800,4,7,133,278,68177,27.86692,0.01388,2.34731,0.02066,0,1,3,3.358245,2.974058,2.974058,-0.258109,-0.257224,14.701851,1379,0.017496,0.047491,12294,4937,2755,1762,1164,902,619,495,4510,1,1,1,1
23.9000,1369,1,1,15594,0,30153,0.517180,1,2,5,872,282687,28.49070,0.01388,2.34731,0.02066,1,0,3,1.374035,1.000000,1.334769,-0.569707,-0.569474,14.391255,144,0.039571,0.005066,12663,4956,2815,1715,1216,908,701,541,4637,1,1,1,1
22.3500,1370,1,1,14983,1,28956,0.517458,1,1,69,69,9269,27.42453,0.00991,2.35335,0.02065,0,0,3,1.453680,1.033583,1.033583,-0.030064,-0.029791,14.930854,2272,0.001995,0.076989,11975,4871,2789,1661,1175,921,638,524,4401,1,1,1,1
22.4000,1370,1,1,15095,1,28944,0.521542,2,3,11,254,137636,27.45944,0.00991,2.35335,0.02065,0,1,3,2.331258,1.760690,1.760690,-0.047749,-0.047132,14.912420,2199,0.003161,0.074607,11853,4961,2779,1713,1206,894,662,525,4350,1,1,1,1
23.0000,1370,1,1,15433,1,29413,0.524718,6,4,6,54,112142,27.87533,0.00991,2.35335,0.02065,0,1,3,2.100063,1.669557,1.669557,-0.255673,-0.255132,14.705742,1378,0.017349,0.047410,12333,4962,2641,1715,1187,856,670,520,4528,1,1,1,1
23.9000,1370,1,1,15844,0,30285,0.523181,1,6,15,46,53856,28.49916,0.00991,2.35335,0.02065,1,1,2,1.252542,1.000000,2.016117,-0.567659,-0.567495,14.392534,144,0.039430,0.005062,12678,5091,2781,1816,1181,840,701,574,4622,1,1,1,1
22.3500,1371,1,1,15091,1,28996,0.520469,2,2,244,244,123540,27.42275,0.00889,2.34542,0.02769,0,1,3,1.566674,1.110482,1.110482,-0.031322,-0.030994,14.929627,2272,0.002076,0.076939,12039,4952,2760,1681,1167,838,679,509,4370,1,1,1,1
22.4000,1371,1,1,15038,0,28956,0.519358,1,17,108,143,19468,27.45764,0.00889,2.34542,0.02769,1,1,2,1.287683,1.000000,6.088778,-0.049409,-0.049225,14.910906,2207,0.003301,0.074832,12049,4972,2611,1677,1185,862,684,475,4440,1,1,1,1
23.0000,1371,1,1,15246,0,29431,0.518043,1,3,6,27,69010,27.87373,0.00889,2.34542,0.02769,1,1,2,1.413310,1.000000,1.916249,-0.257033,-0.256781,14.703817,1380,0.017464,0.047450,12340,4789,2743,1694,1270,894,678,524,4498,1,1,1,1
23.9000,1371,1,1,15740,0,30238,0.520554,1,2,10,46,47722,28.49711,0.00889,2.34542,0.02769,1,1,2,1.414175,1.000000,1.794676,-0.568698,-0.568445,14.392133,148,0.039497,0.005199,12535,5182,2829,1778,1209,885,660,499,4660,1,1,1,1
22.3500,1372,1,1,15088,0,28858,0.522854,1,2,46,46,22376,27.41656,0.01734,2.36718,0.03019,1,0,2,1.393239,1.000000,1.420444,-0.030638,-0.030397,14.930293,2273,0.002036,0.076913,12029,4860,2547,1707,1168,879,714,518,4435,1,1,1,1
22.4000,1372,1,1,15176,0,28995,0.523419,5,2,16,132,42705,27.45091,0.01734,2.36718,0.03019,1,1,2,1.413510,1.000000,1.469013,-0.047825,-0.047572,14.913023,2206,0.003190,0.074733,12194,4845,2643,1692,1203,815,651,519,4432,1,1,1,1
23.0000,1372,1,1,15253,1,29514,0.516823,4,28,28,1622,51321,27.86720,0.01734,2.36718,0.03019,0,1,3,13.831959,12.046204,12.046204,-0.256741,-0.254826,14.703175,1381,0.017331,0.047452,12137,5128,2753,1739,1215,894,670,540,4437,1,1,1,1
23.9000,1372,1,1,15728,0,30120,0.522195,2,240,240,588,5630605,28.49063,0.01734,2.36718,0.03019,1,1,2,1.039431,1.000000,9.711253,-0.568376,-0.568348,14.390360,148,0.039495,0.005196,12453,5162,2782,1824,1250,863,653,572,4560,1,1,1,1
22.3500,1373,1,1,15184,0,29050,0.522703,19,4,128,128,24980,27.44931,0.00989,2.37786,0.02226,1,1,2,1.382700,1.000000,2.238868,-0.017972,-0.017736,14.942662,2272,0.001187,0.076760,12049,4936,2759,1721,1215,799,675,521,4374,1,1,1,1
22.4000,1373,1,1,15190,0,29007,0.523685,1,2,9,11,78781,27.48414,0.00989,2.37786,0.02226,1,0,3,1.356259,1.000000,1.152375,-0.035152,-0.034930,14.925833,2203,0.002340,0.074513,12004,4882,2722,1676,1221,875,684,506,4436,1,1,1,1
23.0000,1373,1,1,15461,1,29747,0.519767,5,4,157,157,83885,27.90013,0.00989,2.37786,0.02226,0,1,3,2.059857,1.766629,1.766629,-0.243298,-0.242772,14.716470,1378,0.016497,0.047272,12372,5064,2807,1706,1246,950,673,549,4379,1,1,1,1
23.9000,1373,1,1,15717,1,30225,0.520017,1,5,23,179,25646,28.52361,0.00989,2.37786,0.02226,0,1,3,1.375868,1.239726,1.239726,-0.554910,-0.554678,14.406320,143,0.038502,0.005011,12578,5113,2837,1801,1201,924,651,510,4609,1,1,1,1
22.3500,1374,1,1,15022,0,28770,0.522159,1,1,16,47,48725,27.45663,0.00937,2.36158,0.01967,1,1,3,1.404025,1.000000,1.200826,-0.014169,-0.013922,14.946559,2275,0.000931,0.076785,11832,4951,2699,1624,1190,845,682,484,4462,1,1,1,1
22.4000,1374,1,1,15135,1,29145,0.519318,1,4,29,37,43137,27.49143,0.00937,2.36158,0.01967,0,1,3,1.172472,1.023315,1.023315,-0.031515,-0.031399,14.929571,2207,0.002103,0.074575,12058,4964,2708,1759,1166,884,665,545,4395,1,1,1,1
23.0000,1374,1,1,15382,0,29366,0.523821,1,6,11,37,47080,27.90763,0.00937,2.36158,0.01967,1,1,2,1.379759,1.000000,3.101432,-0.240014,-0.239780,14.720609,1382,0.016289,0.047361,12127,4865,2830,1714,1201,885,656,578,4509,1,1,1,1
23.9000,1374,1,1,15746,0,30195,0.521494,4,6,6,180,39392,28.53116,0.00937,2.36158,0.01967,1,1,2,1.280635,1.000000,2.140032,-0.551636,-0.551456,14.408659,145,0.038273,0.005077,12368,5178,2796,1844,1269,931,684,553,4571,1,1,1,1
22.3500,1375,1,1,15330,0,29373,0.521926,1,46,46,46,389799,27.44583,0.00937,2.33747,0.02208,1,1,2,1.254410,1.000000,13.479265,-0.020778,-0.020613,14.940267,2274,0.001380,0.076728,12354,4911,2806,1697,1245,883,647,513,4316,1,1,1,1
22.4000,1375,1,1,15036,0,28962,0.519181,1,4,11,39,108810,27.48061,0.00937,2.33747,0.02208,1,1,2,1.409156,1.000000,2.351462,-0.037534,-0.037285,14.923226,2205,0.002498,0.074485,11954,4968,2641,1711,1182,847,648,534,4476,1,1,1,1
23.0000,1375,1,1,15448,0,29524,0.523253,5,3,31,31,155493,27.89650,0.00937,2.33747,0.02208,1,1,2,1.362625,1.000000,1.578721,-0.245316,-0.245091,14.715248,1380,0.016656,0.047275,12224,5020,2723,1756,1219,882,661,497,4541,1,1,1,1
23.9000,1375,1,1,15743,1,30320,0.519245,1,3,14,4882,20968,28.52008,0.00937,2.33747,0.02208,0,1,3,2.841193,2.183333,2.183333,-0.557236,-0.556477,14.403613,143,0.038635,0.005005,12613,5124,2860,1745,1205,903,645,540,4684,1,1,1,1
22.3500,1376,1,1,15047,1,29026,0.518415,1,2,31,31,115746,27.44140,0.00986,2.35317,0.01713,0,1,3,1.942848,1.489513,1.489513,-0.021764,-0.021282,14.939752,2283,0.001425,0.076979,12039,4934,2679,1769,1137,839,653,492,4483,1,1,1,1
22.4000,1376,1,1,15191,1,29159,0.520989,1,8,9,1068,34174,27.47616,0.00986,2.35317,0.01713,0,1,3,1.330075,1.118509,1.118509,-0.039038,-0.038831,14.922106,2214,0.002602,0.074740,12060,4893,2797,1747,1223,866,687,499,4386,1,1,1,1
23.0000,1376,1,1,15390,0,29512,0.521500,1,24,24,24,46167,27.89225,0.00986,2.35317,0.01713,1,1,2,1.375333,1.000000,11.480526,-0.247931,-0.247699,14.712678,1387,0.016836,0.047489,12129,5140,2662,1794,1196,906,674,544,4466,1,1,1,1
23.9000,1376,1,1,15921,1,30365,0.524338,4,6,27,37,41389,28.51588,0.00986,2.35317,0.01713,0,1,3,1.698341,1.473651,1.473651,-0.558999,-0.558614,14.402352,150,0.038786,0.005246,12652,5133,2844,1733,1227,947,685,504,4639,1,1,1,1
22.3500,1377,1,1,15018,0,28975,0.518327,3,238,238,238,62437,27.41854,0.01593,2.33620,0.02506,1,1,2,1.015940,1.000000,3.842461,-0.030333,-0.030321,14.927748,2281,0.002031,0.076917,12090,4844,2708,1714,1149,891,621,504,4453,1,1,1,1
22.4000,1377,1,1,15128,0,29183,0.518402,2,116,116,116,39915,27.45327,0.01593,2.33620,0.02506,1,1,2,1.101522,1.000000,12.517569,-0.048129,-0.048058,14.912947,2211,0.003223,0.074631,12086,5031,2758,1664,1271,834,664,487,4387,1,1,1,1
23.0000,1377,1,1,15450,0,29667,0.520798,41,63,63,63,74610,27.86956,0.01593,2.33620,0.02506,1,1,2,1.294559,1.000000,21.498915,-0.256471,-0.256283,14.703873,1388,0.017430,0.047517,12378,5048,2838,1664,1179,868,658,531,4502,1,1,1,1
23.9000,1377,1,1,15740,0,30255,0.520262,1,5,74,74,197610,28.49324,0.01593,2.33620,0.02506,1,1,2,1.402716,1.000000,3.165699,-0.567612,-0.567366,14.393298,146,0.039419,0.005106,12537,4995,2858,1776,1241,949,719,551,4628,1,1,1,1
22.3500,1378,1,1,15066,0,28971,0.520055,1,22,22,74,32898,27.42042,0.02021,2.33139,0.02363,1,1,2,1.320314,1.000000,8.577575,-0.027869,-0.027667,14.932559,2281,0.001853,0.076836,11988,5037,2606,1678,1155,845,617,516,4528,1,1,1,1
22.4000,1378,1,1,15057,1,29046,0.518402,7,2,163,163,86473,27.45513,0.02021,2.33139,0.02363,0,1,3,1.305374,1.057471,1.057471,-0.044456,-0.044262,14.916815,2212,0.002967,0.074591,11920,4985,2665,1811,1223,851,642,488,4460,1,1,1,1
23.0000,1378,1,1,15595,1,29860,0.522288,1,4,9,1022,42358,27.87112,0.02021,2.33139,0.02363,0,1,3,3.186949,2.474039,2.474039,-0.252765,-0.251924,14.709120,1385,0.017127,0.047363,12428,5073,2840,1793,1202,902,701,539,4381,1,1,1,1
23.9000,1378,1,1,15847,1,30593,0.518011,1,4,15,197,16754,28.49485,0.02021,2.33139,0.02363,0,1,3,3.153815,2.364519,2.364519,-0.564608,-0.563774,14.395873,146,0.039162,0.005101,12714,5188,2943,1829,1249,862,659,554,4594,1,1,1,1
22.3500,1379,1,1,15141,1,29159,0.519274,1,8,60,79,49262,27.43895,0.01676,2.34756,0.02585,0,1,3,4.047017,3.387557,3.387557,-0.019813,-0.018799,14.940936,2285,0.001258,0.076872,12039,5036,2644,1732,1179,896,655,531,4446,1,1,1,1
22.4000,1379,1,1,14926,0,28966,0.515312,1,3,10,29,339772,27.47363,0.01676,2.34756,0.02585,1,0,2,1.369665,1.000000,1.729988,-0.036909,-0.036681,14.924064,2218,0.002458,0.074703,12028,4963,2580,1672,1196,831,689,517,4489,1,1,1,1
23.0000,1379,1,1,15503,1,29819,0.519921,1,2,38,382,60594,27.88982,0.01676,2.34756,0.02585,0,1,3,1.363381,1.195504,1.195504,-0.244857,-0.244632,14.716345,1386,0.016623,0.047340,12432,5103,2665,1798,1160,881,683,589,4507,1,1,1,1
23.9000,1379,1,1,15854,0,30489,0.520008,23,12,101,101,107160,28.51361,0.01676,2.34756,0.02585,1,1,2,1.183184,1.000000,2.464477,-0.557021,-0.556899,14.402908,148,0.038666,0.005165,12680,5194,2860,1770,1206,914,735,578,4551,1,1,1,1
22.3500,1380,1,1,15152,0,29041,0.521763,4,17,17,47,251698,27.42970,0.01635,2.33697,0.02715,1,1,2,1.393041,1.000000,8.258762,-0.025291,-0.025050,14.935389,2284,0.001677,0.076811,11971,4992,2697,1769,1182,841,653,520,4415,1,1,1,1
22.4000,1380,1,1,15132,0,29102,0.519982,1,2,13,93,581190,27.46436,0.01635,2.33697,0.02715,1,1,3,1.409538,1.000000,1.373447,-0.041949,-0.041700,14.918935,2215,0.002795,0.074573,12099,4899,2712,1774,1109,852,630,578,4448,1,1,1,1
23.0000,1380,1,1,15533,1,29775,0.521697,1,6,7,92,30815,27.88025,0.01635,2.33697,0.02715,0,0,3,3.316102,2.677048,2.677048,-0.250152,-0.249283,14.710716,1387,0.016946,0.047358,12324,5113,2759,1779,1192,924,669,523,4491,1,1,1,1
23.9000,1380,1,1,15741,1,30436,0.517201,6,6,16,46,47475,28.50408,0.01635,2.33697,0.02715,0,1,3,1.753968,1.696540,1.696540,-0.561896,-0.561489,14.399568,145,0.038993,0.005058,12600,5197,2876,1773,1231,921,705,501,4631,1,1,1,1
22.3500,1381,1,1,15136,0,29073,0.520638,1,13,86,215,55115,27.43048,0.01083,2.36644,0.02303,1,1,2,1.290164,1.000000,4.762325,-0.027281,-0.027097,14.933752,2285,0.001814,0.076798,11990,4965,2712,1730,1165,899,653,507,4451,1,1,1,1
22.4000,1381,1,1,15381,1,29301,0.524949,23,3,23,36,42183,27.46512,0.01083,2.36644,0.02303,0,1,3,1.727684,1.511847,1.511847,-0.044178,-0.043782,14.914514,2213,0.002936,0.074474,12148,4960,2794,1681,1220,862,667,585,4383,1,1,1,1
23.0000,1381,1,1,15463,1,29735,0.520044,1,1,37,934,235151,27.88121,0.01083,2.36644,0.02303,0,0,3,1.406265,1.166895,1.166895,-0.252099,-0.251852,14.709090,1384,0.017122,0.047226,12334,5089,2810,1792,1187,865,654,523,4480,1,1,1,1
23.9000,1381,1,1,15693,1,30343,0.517204,1,12,12,796,169939,28.50459,0.01083,2.36644,0.02303,0,1,3,7.978174,6.223904,6.223904,-0.564429,-0.562925,14.398148,143,0.039097,0.004985,12587,5144,2842,1831,1206,891,665,532,4644,1,1,1,1
22.3500,1382,1,1,15261,1,29206,0.522548,1,42,42,1812,354892,27.44731,0.00982,2.37565,0.02449,0,1,3,15.511866,14.247218,14.247218,-0.019595,-0.017611,14.943448,2288,0.001179,0.076793,12137,4899,2741,1727,1226,830,671,541,4433,1,1,1,1
22.4000,1382,1,1,15161,1,29300,0.517458,1,1,56,237,71916,27.48191,0.00982,2.37565,0.02449,0,0,3,1.417800,1.004961,1.004961,-0.035939,-0.035687,14.924842,2220,0.002391,0.074604,12199,5002,2763,1708,1140,853,659,545,4430,1,1,1,1
23.0000,1382,1,1,15624,0,29745,0.525282,11,15,15,369,140659,27.89820,0.00982,2.37565,0.02449,1,0,2,1.077934,1.000000,1.294304,-0.244176,-0.244121,14.716904,1389,0.016588,0.047337,12344,5075,2708,1758,1209,903,673,529,4545,1,1,1,1
23.9000,1382,1,1,15765,1,30293,0.520434,1,4,30,30,19009,28.52163,0.00982,2.37565,0.02449,0,1,3,1.404338,1.033863,1.033863,-0.555792,-0.555546,14.405218,147,0.038566,0.005118,12429,5115,2895,1814,1235,903,683,592,4626,1,1,1,1
22.3500,1383,1,1,15103,1,29047,0.519968,2,24,24,24,34741,27.46483,0.00981,2.38644,0.02473,0,1,3,13.230802,11.174012,11.174012,-0.011072,-0.009204,14.949177,2289,0.000616,0.076742,12108,4818,2658,1765,1174,872,660,511,4480,1,1,1,1
22.4000,1383,1,1,15492,0,29473,0.525651,1,9,71,71,18130,27.49941,0.00981,2.38644,0.02473,1,1,2,1.179781,1.000000,2.128212,-0.027756,-0.027636,14.933312,2218,0.001851,0.074440,12253,5058,2775,1695,1182,889,663,542,4415,1,1,1,1
23.0000,1383,1,1,15578,0,29672,0.525024,1,24,49,67,14888,27.91540,0.00981,2.38644,0.02473,1,1,2,1.043350,1.000000,1.095082,-0.235518,-0.235487,14.723312,1388,0.015994,0.047248,12252,5114,2756,1743,1223,816,667,539,4561,1,1,1,1
23.9000,1383,1,1,15813,1,30565,0.517373,3,7,13,37,98186,28.53888,0.00981,2.38644,0.02473,0,1,3,2.766965,2.458396,2.458396,-0.547547,-0.546811,14.412606,144,0.037940,0.005008,12671,5193,2792,1825,1292,889,711,602,4589,1,1,1,1
22.3500,1384,1,1,15311,1,29322,0.522185,2,6,47,47,97326,27.45235,0.01031,2.37075,0.02787,0,0,3,1.420571,1.073600,1.073600,-0.016032,-0.015778,14.944462,2292,0.001056,0.076811,12198,4936,2698,1762,1271,848,673,551,4384,1,1,1,1
22.4000,1384,1,1,15207,1,29032,0.523819,1,115,115,120,24910,27.48690,0.01031,2.37075,0.02787,0,1,3,3.116653,2.611149,2.606634,-0.033638,-0.032817,14.927036,2222,0.002198,0.074552,11880,5001,2675,1696,1172,910,651,514,4532,1,1,1,1
23.0000,1384,1,1,15578,0,29825,0.522331,1,2,17,35,130271,27.90309,0.01031,2.37075,0.02787,1,1,3,1.401895,1.000000,1.455315,-0.241509,-0.241265,14.719407,1392,0.016391,0.047363,12361,5134,2765,1744,1178,923,651,554,4514,1,1,1,1
23.9000,1384,1,1,15779,1,30463,0.517990,1,6,6,42,18513,28.52662,0.01031,2.37075,0.02787,0,1,3,1.642909,1.227878,1.227878,-0.553217,-0.552859,14.407936,148,0.038372,0.005145,12614,5265,2862,1801,1222,909,696,504,4589,1,1,1,1
22.3500,1385,1,1,15364,0,29324,0.523957,3,242,242,242,34789,27.43975,0.01470,2.37533,0.02723,1,1,2,1.216582,1.000000,58.387202,-0.021413,-0.021271,14.938663,2289,0.001424,0.076685,12172,5068,2705,1745,1197,887,633,522,4394,1,1,1,1
22.4000,1385,1,1,15228,0,29184,0.521811,1,4,15,30,12333,27.47478,0.01470,2.37533,0.02723,1,0,2,1.237173,1.000000,1.376039,-0.037556,-0.037403,14.923498,2220,0.002506,0.074449,11975,5085,2666,1671,1194,894,686,568,4444,1,1,1,1
23.0000,1385,1,1,15418,0,29625,0.520456,4,3,193,193,58525,27.89067,0.01470,2.37533,0.02723,1,1,2,1.393829,1.000000,1.785174,-0.245614,-0.245374,14.715323,1388,0.016675,0.047206,12256,4914,2841,1742,1164,892,649,555,4611,1,1,1,1
23.9000,1385,1,1,15887,1,30426,0.522169,2,2,336,336,34182,28.51425,0.01470,2.37533,0.02723,0,0,3,1.630469,1.321532,1.321532,-0.557289,-0.556936,14.403054,143,0.038668,0.004969,12676,5037,2845,1886,1207,932,707,553,4582,1,1,1,1
22.3500,1386,1,1,15209,1,29231,0.520322,3,31,32,32,63596,27.44771,0.01079,2.36122,0.02788,0,1,3,10.025334,9.360316,9.360316,-0.019051,-0.017388,14.941038,2290,0.001164,0.076651,12105,4987,2696,1724,1235,837,665,528,4453,1,1,1,1
22.4000,1386,1,1,15174,0,29425,0.515701,1,1,17,52,21224,27.48222,0.01079,2.36122,0.02788,1,0,3,1.390341,1.000000,1.011603,-0.035500,-0.035262,14.925444,2223,0.002363,0.074486,12222,4939,2777,1780,1214,863,692,527,4410,1,1,1,1
23.0000,1386,1,1,15521,1,29830,0.520333,1,6,65,114,43116,27.89830,0.01079,2.36122,0.02788,0,0,3,1.715980,1.317221,1.317221,-0.243634,-0.243244,14.716943,1389,0.016528,0.047201,12224,5129,2855,1809,1222,849,744,499,4498,1,1,1,1
23.9000,1386,1,1,15834,0,30387,0.521095,1,3,5,52,194716,28.52194,0.01079,2.36122,0.02788,1,0,3,1.286507,1.000000,1.262170,-0.555439,-0.555258,14.405597,144,0.038545,0.004999,12407,5249,2818,1897,1246,943,690,542,4594,1,1,1,1
22.3500,1387,1,1,15245,1,29225,0.521660,1,2,85,133,34090,27.45245,0.01309,2.35916,0.02504,0,1,3,1.889623,1.430753,1.430753,-0.014666,-0.014207,14.945825,2298,0.000951,0.076839,12034,5039,2700,1738,1186,855,665,524,4483,1,1,1,1
22.4000,1387,1,1,15350,0,29142,0.526749,1,11,18,137,17500,27.48694,0.01309,2.35916,0.02504,1,1,2,1.305650,1.000000,4.134247,-0.032302,-0.032110,14.928726,2231,0.002151,0.074684,11907,5024,2787,1795,1143,799,679,507,4500,1,1,1,1
23.0000,1387,1,1,15688,0,30078,0.521595,3,3,69,69,24227,27.90322,0.01309,2.35916,0.02504,1,1,2,1.413041,1.000000,2.135185,-0.240208,-0.239959,14.720596,1396,0.016301,0.047392,12672,5128,2806,1681,1137,861,679,526,4587,1,1,1,1
23.9000,1387,1,1,15998,0,30606,0.522725,6,54,54,58,89849,28.52691,0.01309,2.35916,0.02504,1,1,2,1.318784,1.000000,20.173936,-0.552859,-0.552659,14.407572,148,0.038359,0.005134,12721,5231,2865,1801,1276,884,687,529,4611,1,1,1,1
22.3500,1388,1,1,15347,1,29384,0.522309,1,26,26,27,12473,27.44473,0.01561,2.37864,0.02141,0,1,3,3.528060,2.796901,2.762326,-0.017334,-0.016426,14.943650,2300,0.001099,0.076861,12196,5020,2754,1674,1202,876,646,522,4493,1,1,1,1
22.4000,1388,1,1,15226,0,29175,0.521903,1,3,7,111,92338,27.47969,0.01561,2.37864,0.02141,1,0,3,1.262505,1.000000,1.130212,-0.034491,-0.034323,14.926556,2230,0.002299,0.074607,12045,5023,2709,1697,1098,888,664,518,4532,1,1,1,1
23.0000,1388,1,1,15565,1,29912,0.520377,1,1,13,21,32738,27.89568,0.01561,2.37864,0.02141,0,1,3,1.647315,1.292742,1.292742,-0.242510,-0.242150,14.718718,1401,0.016452,0.047534,12514,4933,2834,1756,1194,928,665,556,4531,1,1,1,1
23.9000,1388,1,1,15816,0,30442,0.519562,1,91,91,95,76970,28.51941,0.01561,2.37864,0.02141,1,1,2,1.012285,1.000000,1.185047,-0.554358,-0.554349,14.403561,148,0.038487,0.005131,12488,5185,2898,1750,1216,940,724,548,4692,1,1,1,1
22.3500,1389,1,1,15227,1,29100,0.523283,1,8,8,25,28835,27.45531,0.00977,2.38371,0.02136,0,0,3,3.190573,2.619732,2.619732,-0.015270,-0.014435,14.945509,2298,0.000966,0.076730,11948,4940,2756,1731,1201,847,662,528,4486,1,1,1,1
22.4000,1389,1,1,15390,0,29623,0.519546,11,2,11,12,32926,27.48975,0.00977,2.38371,0.02136,1,1,3,1.413183,1.000000,1.415824,-0.032252,-0.032003,14.928555,2228,0.002144,0.074477,12367,5034,2783,1739,1224,850,635,514,4476,1,1,1,1
23.0000,1389,1,1,15591,1,29771,0.523715,1,4,28,28,33512,27.90594,0.00977,2.38371,0.02136,0,1,3,3.403071,2.521679,2.521679,-0.240564,-0.239682,14.720209,1394,0.016283,0.047258,12285,5135,2724,1751,1169,909,676,559,4562,1,1,1,1
23.9000,1389,1,1,15958,0,30587,0.521742,5,1,1232,1232,17698,28.52972,0.00977,2.38371,0.02136,1,1,3,1.357752,1.000000,1.008039,-0.552122,-0.551902,14.409141,144,0.038302,0.004987,12712,5144,2914,1768,1248,918,688,517,4677,1,1,1,1
22.3500,1390,1,1,15383,1,29404,0.523178,1,14,44,81,116219,27.43945,0.00927,2.37734,0.02893,0,1,3,3.507762,2.772401,2.772401,-0.023297,-0.022394,14.938484,2301,0.001499,0.076811,12179,4980,2758,1753,1185,848,656,532,4512,1,1,1,1
22.4000,1390,1,1,15278,0,29355,0.520474,4,69,69,113,79850,27.47436,0.00927,2.37734,0.02893,1,1,2,1.057497,1.000000,4.162203,-0.040899,-0.040859,14.918153,2232,0.002739,0.074609,12120,5042,2732,1742,1198,891,641,556,4432,1,1,1,1
23.0000,1390,1,1,15416,0,29582,0.521145,3,14,14,79,64500,27.89024,0.00927,2.37734,0.02893,1,1,2,1.256516,1.000000,4.347281,-0.248859,-0.248695,14.711369,1397,0.016905,0.047354,12132,4932,2861,1746,1205,873,708,564,4560,1,1,1,1
23.9000,1390,1,1,16027,1,30758,0.521085,1,2,5,143,40978,28.51408,0.00927,2.37734,0.02893,0,0,3,1.667288,1.242302,1.242302,-0.560325,-0.559958,14.400339,146,0.038885,0.005056,12790,5237,2833,1846,1201,939,721,539,4651,1,1,1,1
22.3500,1391,1,1,15173,1,29106,0.521319,1,46,55,55,32611,27.43076,0.01347,2.37629,0.02463,0,1,3,3.122233,2.502056,2.459499,-0.025322,-0.024504,14.935536,2301,0.001641,0.076770,11904,5059,2669,1750,1198,891,684,509,4441,1,1,1,1
22.4000,1391,1,1,15326,0,29441,0.520584,1,3,16,416,45738,27.46564,0.01347,2.37629,0.02463,1,1,2,1.414201,1.000000,2.324730,-0.042741,-0.042492,14.918099,2231,0.002848,0.074522,12207,5077,2739,1769,1178,870,683,505,4412,1,1,1,1
23.0000,1391,1,1,15614,0,29917,0.521928,3,7,22,22,41619,27.88173,0.01347,2.37629,0.02463,1,1,2,1.359855,1.000000,3.386497,-0.250926,-0.250705,14.709641,1397,0.017044,0.047325,12307,5201,2834,1748,1205,871,674,510,4566,1,1,1,1
23.9000,1391,1,1,16033,1,30745,0.521500,2,49,49,49,44521,28.50511,0.01347,2.37629,0.02463,0,1,3,3.758012,3.106087,3.087874,-0.562582,-0.561630,14.399298,145,0.039004,0.005018,12785,5275,2866,1805,1251,914,721,525,4602,1,1,1,1
22.3500,1392,1,1,15342,0,29409,0.521695,9,8,20,47,23412,27.42578,0.00975,2.36940,0.02504,1,1,2,1.383852,1.000000,3.917331,-0.030161,-0.029927,14.930798,2306,0.002004,0.076906,12218,4972,2722,1699,1232,882,678,522,4483,1,1,1,1
22.4000,1392,1,1,15395,1,29424,0.523230,1,3,4,122,99820,27.46014,0.00975,2.36940,0.02504,0,1,3,2.318373,1.825609,1.825609,-0.047059,-0.046455,14.913542,2238,0.003115,0.074725,12389,4865,2745,1648,1194,851,661,539,4531,1,1,1,1
23.0000,1392,1,1,15523,1,29792,0.521063,9,5,27,56,1383088,27.87643,0.00975,2.36940,0.02504,0,0,3,1.407133,1.304427,1.304427,-0.255085,-0.254840,14.704396,1402,0.017331,0.047477,12284,5047,2806,1785,1187,931,698,537,4516,1,1,1,1
23.9000,1392,1,1,15948,0,30622,0.520819,3,2,201,201,17343,28.49986,0.00975,2.36940,0.02504,1,1,3,1.384141,1.000000,1.376200,-0.566804,-0.566570,14.394154,149,0.039361,0.005154,12743,5252,2789,1791,1210,902,677,565,4692,1,1,1,1
22.3500,1393,1,1,15446,0,29456,0.524393,3,4,21,160,61003,27.42595,0.01496,2.37647,0.02386,1,1,2,1.357967,1.000000,1.878435,-0.027035,-0.026816,14.933527,2306,0.001796,0.076837,12226,5054,2770,1687,1151,885,641,503,4538,1,1,1,1
22.4000,1393,1,1,15440,0,29617,0.521340,1,5,31,31,529605,27.46078,0.01496,2.37647,0.02386,1,1,2,1.408868,1.000000,3.141041,-0.044636,-0.044390,14.916133,2234,0.002976,0.074525,12255,5141,2694,1815,1269,881,685,532,4344,1,1,1,1
23.0000,1393,1,1,15729,1,29877,0.526476,1,47,522,522,34188,27.87677,0.01496,2.37647,0.02386,0,1,3,4.965269,4.515199,4.515199,-0.252761,-0.251610,14.709404,1398,0.017105,0.047292,12458,5046,2695,1738,1276,862,653,510,4638,1,1,1,1
23.9000,1393,1,1,15796,0,30487,0.518139,2,220,220,220,214294,28.50025,0.01496,2.37647,0.02386,1,1,2,1.134832,1.000000,31.846134,-0.565204,-0.565113,14.394499,145,0.039259,0.005012,12479,5304,2927,1795,1219,854,668,542,4698,1,1,1,1
22.3500,1394,1,1,15389,1,29217,0.526732,1,11,36,238,83519,27.43622,0.01023,2.38460,0.02251,0,1,3,6.873990,5.619137,5.619137,-0.024478,-0.023096,14.937909,2311,0.001546,0.076926,12038,4857,2754,1779,1258,884,660,554,4432,1,1,1,1
22.4000,1394,1,1,15376,0,29414,0.522762,1,1,61,61,46599,27.47103,0.01023,2.38460,0.02251,1,0,3,1.378274,1.000000,1.052333,-0.041280,-0.041050,14.919688,2236,0.002751,0.074520,12217,4974,2717,1727,1191,885,655,531,4516,1,1,1,1
23.0000,1394,1,1,15676,0,30045,0.521768,2,2,92,92,44578,27.88722,0.01023,2.38460,0.02251,1,1,3,1.366221,1.000000,1.245041,-0.249430,-0.249206,14.711160,1399,0.016940,0.047286,12503,5063,2787,1761,1252,939,717,521,4501,1,1,1,1
23.9000,1394,1,1,15894,0,30452,0.521953,2,11,11,26,490590,28.51075,0.01023,2.38460,0.02251,1,1,2,1.328497,1.000000,4.648931,-0.561674,-0.561470,14.398794,145,0.038994,0.005007,12584,5069,2847,1816,1246,941,669,574,4705,1,1,1,1
22.3500,1395,1,1,15590,0,29638,0.526032,2,40,40,63,230468,27.43293,0.01945,2.40522,0.02127,1,1,2,1.311138,1.000000,14.727988,-0.022184,-0.021990,14.938229,2310,0.001472,0.076836,12425,5062,2746,1732,1196,848,680,495,4453,1,1,1,1
22.4000,1395,1,1,15324,0,29437,0.520587,1,268,268,268,16773,27.46771,0.01945,2.40522,0.02127,1,0,2,1.034134,1.000000,9.339137,-0.039411,-0.039387,14.921675,2237,0.002640,0.074490,12229,4998,2712,1694,1236,819,703,587,4458,1,1,1,1
23.0000,1395,1,1,15673,1,30200,0.518991,7,4,63,80,60094,27.88360,0.01945,2.40522,0.02127,0,1,3,2.081069,1.777231,1.777231,-0.246760,-0.246234,14.712834,1400,0.016736,0.047281,12688,5141,2782,1724,1245,906,667,513,4533,1,1,1,1
23.9000,1395,1,1,16019,1,30679,0.522166,1,91,91,91,85724,28.50719,0.01945,2.40522,0.02127,0,0,3,10.629564,9.950982,9.950982,-0.559170,-0.557476,14.401665,147,0.038709,0.005072,12657,5246,2946,1739,1241,971,679,531,4668,1,1,1,1
22.3500,1396,1,1,15216,0,29284,0.519619,3,10,32,54,119307,27.42896,0.01518,2.37995,0.02076,1,0,2,1.229429,1.000000,2.794040,-0.025530,-0.025382,14.935531,2309,0.001699,0.076761,12024,5053,2747,1697,1231,895,629,525,4482,1,1,1,1
22.4000,1396,1,1,15315,1,29360,0.521646,1,33,1152,1152,205924,27.46371,0.01518,2.37995,0.02076,0,1,3,2.370721,1.697097,1.413145,-0.042670,-0.042051,14.918417,2240,0.002819,0.074553,12052,4980,2813,1722,1238,800,651,565,4538,1,1,1,1
23.0000,1396,1,1,15525,1,30001,0.517500,1,28,28,28,126253,27.87980,0.01518,2.37995,0.02076,0,1,3,17.993121,14.214232,14.214232,-0.251540,-0.249470,14.711591,1401,0.016957,0.047284,12433,5058,2865,1773,1193,866,691,566,4555,1,1,1,1
23.9000,1396,1,1,16213,1,30815,0.526157,1,2,61,61,50706,28.50343,0.01518,2.37995,0.02076,0,1,3,1.360263,1.182444,1.182444,-0.562455,-0.562235,14.398845,145,0.039047,0.005000,12855,5139,2870,1910,1240,893,725,544,4638,1,1,1,1
22.3500,1397,1,1,15390,0,29567,0.520530,1,1,20,80,1760496,27.43462,0.01071,2.38903,0.02376,1,0,3,1.380233,1.000000,1.148335,-0.024446,-0.024216,14.936521,2307,0.001621,0.076635,12177,5130,2730,1774,1236,893,684,503,4439,1,1,1,1
22.4000,1397,1,1,15360,0,29435,0.521845,1,5,5,47,1816632,27.46935,0.01071,2.38903,0.02376,1,0,2,1.241793,1.000000,1.727869,-0.041960,-0.041805,14.919098,2237,0.002802,0.074396,12068,5121,2744,1798,1159,902,634,487,4521,1,1,1,1
23.0000,1397,1,1,15615,1,29997,0.520569,3,12,125,147,14859,27.88564,0.01071,2.38903,0.02376,0,1,3,4.574820,4.113825,4.113825,-0.250414,-0.249325,14.711713,1398,0.016947,0.047149,12331,5137,2779,1834,1227,889,727,537,4535,1,1,1,1
23.9000,1397,1,1,16022,0,30831,0.519689,6,12,42,45,60436,28.50932,0.01071,2.38903,0.02376,1,1,2,1.388507,1.000000,5.728025,-0.562374,-0.562139,14.398579,145,0.039041,0.004997,12847,5228,2874,1856,1241,949,652,558,4625,1,1,1,1
22.3500,1398,1,1,15599,1,29723,0.524830,5,6,6,89,404969,27.44382,0.00921,2.38694,0.02073,0,1,3,3.497357,2.982414,2.982414,-0.021254,-0.020358,14.938480,2315,0.001363,0.076836,12388,5048,2737,1797,1189,893,690,542,4438,1,1,1,1
22.4000,1398,1,1,15598,0,29708,0.525061,5,107,107,192,44661,27.47853,0.00921,2.38694,0.02073,1,1,2,1.028002,1.000000,3.053028,-0.038619,-0.038599,14.919922,2245,0.002587,0.074605,12287,5069,2829,1848,1221,852,652,506,4443,1,1,1,1
23.0000,1398,1,1,15742,0,30233,0.520707,1,388,388,388,92409,27.89452,0.00921,2.38694,0.02073,1,0,2,1.031340,1.000000,12.400843,-0.247114,-0.247092,14.713974,1405,0.016793,0.047344,12651,5062,2782,1793,1270,938,700,554,4482,1,1,1,1
23.9000,1398,1,1,15829,1,30634,0.516730,1,1,33,33,187006,28.51825,0.00921,2.38694,0.02073,0,1,3,1.465579,1.061580,1.061580,-0.558102,-0.557828,14.402908,149,0.038730,0.005129,12646,5139,2927,1770,1241,966,659,564,4721,1,1,1,1
22.3500,1399,1,1,15287,1,29601,0.516453,2,4,30,30,36973,27.44632,0.01131,2.39449,0.02031,0,1,3,3.146451,2.373026,2.373026,-0.018699,-0.017879,14.941662,2315,0.001197,0.076764,12444,4958,2715,1808,1197,838,682,498,4460,1,1,1,1
22.4000,1399,1,1,15368,0,29386,0.522988,1,2,13,99,1831505,27.48100,0.01131,2.39449,0.02031,1,0,3,1.369996,1.000000,1.244785,-0.035815,-0.035590,14.925166,2244,0.002385,0.074492,11956,5011,2757,1767,1237,910,689,524,4534,1,1,1,1
23.0000,1399,1,1,15682,0,29949,0.523641,70,5,70,70,39662,27.89719,0.01131,2.39449,0.02031,1,1,3,1.179342,1.000000,1.205317,-0.243880,-0.243762,14.716056,1404,0.016564,0.047270,12405,5045,2793,1717,1267,919,663,552,4587,1,1,1,1
23.9000,1399,1,1,16234,0,30999,0.523711,1,22,22,323,856824,28.52097,0.01131,2.39449,0.02031,1,0,2,1.211057,1.000000,5.395711,-0.556323,-0.556186,14.404745,146,0.038611,0.005022,12972,5294,2845,1802,1266,921,719,518,4661,1,1,1,1
22.3500,1400,1,1,15370,0,29563,0.519924,2,6,83,83,217768,27.42982,0.01816,2.39415,0.02173,1,1,2,1.308995,1.000000,2.289683,-0.023839,-0.023647,14.936572,2318,0.001583,0.076835,12226,5166,2788,1712,1216,813,615,572,4454,1,1,1,1
22.4000,1400,1,1,15513,1,29689,0.522534,1,8,149,149,145054,27.46448,0.01816,2.39415,0.02173,0,1,3,1.625364,1.204309,1.204309,-0.040914,-0.040567,14.920221,2248,0.002719,0.074597,12516,4947,2701,1770,1193,833,656,512,4560,1,1,1,1
23.0000,1400,1,1,15741,1,30065,0.523583,1,6,67,126,12923,27.88037,0.01816,2.39415,0.02173,0,1,3,2.056130,1.509706,1.509706,-0.248944,-0.248429,14.712341,1407,0.016886,0.047349,12408,5121,2826,1807,1242,926,671,538,4525,1,1,1,1
23.9000,1400,1,1,16116,0,30894,0.521672,1,8,14,160,42367,28.50420,0.01816,2.39415,0.02173,1,1,2,1.370480,1.000000,3.946270,-0.561222,-0.560997,14.399388,147,0.038960,0.005054,12907,5274,2890,1747,1246,917,699,518,4695,1,1,1,1
22.3500,1401,1,1,15490,0,29582,0.523647,1,3,12,28,543941,27.42598,0.01018,2.37108,0.02482,1,1,2,1.258803,1.000000,1.313029,-0.029370,-0.029206,14.930877,2315,0.001956,0.076710,12252,5054,2739,1788,1213,871,685,524,4455,1,1,1,1
22.4000,1401,1,1,15547,1,29692,0.523627,2,1,32,182,26922,27.46061,0.01018,2.37108,0.02482,0,0,3,1.383268,1.102202,1.102202,-0.046589,-0.046358,14.913714,2245,0.003108,0.074476,12324,5120,2752,1700,1229,852,627,535,4552,1,1,1,1
23.0000,1401,1,1,15605,1,30097,0.518507,1,27,1100,1100,28800,27.87670,0.01018,2.37108,0.02482,0,0,3,5.800119,5.276746,5.276746,-0.255226,-0.253972,14.705439,1405,0.017271,0.047270,12499,5107,2837,1735,1198,892,666,514,4648,1,1,1,1
23.9000,1401,1,1,16170,0,31015,0.521377,20,10,20,41,18385,28.50009,0.01018,2.37108,0.02482,1,1,2,1.282223,1.000000,3.321414,-0.566756,-0.566579,14.393569,144,0.039363,0.004950,12871,5294,2887,1846,1240,941,704,574,4657,1,1,1,1
22.3500,1402,1,1,15403,1,29380,0.524286,4,1,10,48,79898,27.42044,0.01018,2.36486,0.02166,0,1,3,1.296950,1.091139,1.091139,-0.031876,-0.031691,14.927937,2317,0.002123,0.076737,12001,5030,2753,1796,1186,908,703,494,4508,1,1,1,1
22.4000,1402,1,1,15555,1,29978,0.518898,2,8,59,60,137129,27.45504,0.01018,2.36486,0.02166,0,1,3,4.241199,3.622008,3.622008,-0.049637,-0.048607,14.910717,2247,0.003260,0.074504,12558,5059,2841,1801,1162,904,676,522,4454,1,1,1,1
23.0000,1402,1,1,15676,0,30219,0.518764,1,3,12,512,111008,27.87133,0.01018,2.36486,0.02166,1,1,2,1.414212,1.000000,2.418388,-0.257632,-0.257385,14.703212,1405,0.017505,0.047243,12614,5096,2824,1807,1242,892,710,512,4521,1,1,1,1
23.9000,1402,1,1,16059,1,30899,0.519742,1,36,36,4375,650890,28.49477,0.01018,2.36486,0.02166,0,1,3,4.365464,3.554893,3.523595,-0.569489,-0.568438,14.391554,144,0.039498,0.004947,12829,5232,2852,1884,1274,929,678,578,4642,1,1,1,1
22.3500,1403,1,1,15298,0,29539,0.517909,1,16,36,45,95410,27.41001,0.01089,2.34981,0.02316,1,1,2,1.211073,1.000000,4.027125,-0.037547,-0.037411,14.922527,2320,0.002507,0.076809,12196,5019,2730,1771,1206,886,687,513,4530,1,1,1,1
22.4000,1403,1,1,15514,0,29781,0.520954,15,6,15,91,237366,27.44460,0.01089,2.34981,0.02316,1,1,2,1.315862,1.000000,2.391533,-0.054654,-0.054458,14.906375,2252,0.003653,0.074639,12369,5162,2786,1722,1219,869,677,484,4492,1,1,1,1
23.0000,1403,1,1,15731,1,30269,0.519724,1,179,179,179,90362,27.86059,0.01089,2.34981,0.02316,0,1,3,9.756118,9.538982,9.538982,-0.263140,-0.261517,14.699557,1408,0.017791,0.047322,12565,5050,2886,1842,1270,915,691,537,4512,1,1,1,1
23.9000,1403,1,1,16177,1,31129,0.519693,2,5,8,223,83100,28.48407,0.01089,2.34981,0.02316,0,1,3,3.868747,2.915393,2.915393,-0.574461,-0.573497,14.385693,146,0.039866,0.005014,13121,5137,2859,1843,1323,948,690,559,4648,1,1,1,1
22.3500,1404,1,1,15401,1,29515,0.521820,3,9,9,22,53007,27.42727,0.01412,2.34703,0.01975,0,1,3,6.570878,4.922899,4.922899,-0.027206,-0.025865,14.932851,2322,0.001732,0.076768,12227,4977,2767,1667,1250,846,680,533,4567,1,1,1,1
22.4000,1404,1,1,15602,0,29671,0.525851,1,53,53,87,46861,27.46182,0.01412,2.34703,0.01975,1,1,2,1.023289,1.000000,1.292169,-0.044006,-0.043990,14.914415,2254,0.002949,0.074612,12252,4986,2799,1783,1186,904,696,522,4542,1,1,1,1
23.0000,1404,1,1,15701,1,29976,0.523803,1,2,37,37,36533,27.87801,0.01412,2.34703,0.01975,0,0,3,1.801584,1.356260,1.356260,-0.252117,-0.251697,14.708576,1409,0.017112,0.047293,12433,5057,2767,1767,1217,850,672,597,4615,1,1,1,1
23.9000,1404,1,1,16143,1,31033,0.520205,1,5,40,1029,80389,28.50155,0.01412,2.34703,0.01975,0,1,3,3.370633,2.738584,2.738584,-0.564136,-0.563271,14.396363,146,0.039126,0.005007,12915,5242,2896,1819,1307,942,685,531,4695,1,1,1,1
22.3500,1405,1,1,15415,1,29533,0.521976,36,20,144,1385,28447,27.42787,0.00592,2.35873,0.03152,0,1,3,12.218735,9.781592,9.781592,-0.031075,-0.029294,14.927288,2320,0.001962,0.076675,12226,4956,2824,1771,1138,823,669,513,4612,1,1,1,1
22.4000,1405,1,1,15565,1,29915,0.520325,2,3,21,214,75627,27.46289,0.00592,2.35873,0.03152,0,0,3,1.898044,1.616492,1.616492,-0.047940,-0.047484,14.912322,2249,0.003184,0.074403,12522,5017,2791,1787,1201,937,707,519,4433,1,1,1,1
23.0000,1405,1,1,15636,0,30062,0.520142,1,33,33,784,172778,27.87878,0.00592,2.35873,0.03152,1,1,2,1.095367,1.000000,3.448714,-0.256159,-0.256094,14.704929,1406,0.017416,0.047171,12453,5065,2846,1718,1208,903,717,531,4620,1,1,1,1
23.9000,1405,1,1,16140,0,31008,0.520528,5,7,21,43,37498,28.50237,0.00592,2.35873,0.03152,1,1,2,1.394558,1.000000,3.457783,-0.567954,-0.567717,14.392749,142,0.039445,0.004867,12894,5225,2936,1824,1271,885,715,545,4712,1,1,1,1
22.3500,1406,1,1,15464,0,29673,0.521165,1,2,7,14,142636,27.43393,0.01533,2.36745,0.02071,1,1,2,1.411692,1.000000,1.724856,-0.023031,-0.022786,14.937854,2323,0.001525,0.076666,12290,5057,2718,1746,1281,881,719,558,4422,1,1,1,1
22.4000,1406,1,1,15559,1,29853,0.521205,1,2,75,75,735746,27.46844,0.01533,2.36745,0.02071,0,0,3,1.933432,1.384117,1.384117,-0.040214,-0.039745,14.920731,2253,0.002664,0.074441,12488,5108,2786,1703,1226,870,649,535,4487,1,1,1,1
23.0000,1406,1,1,15596,0,30061,0.518829,5,4,5,493,864465,27.88453,0.01533,2.36745,0.02071,1,1,2,1.339322,1.000000,1.794445,-0.248342,-0.248134,14.712170,1409,0.016866,0.047214,12418,5052,2830,1815,1185,916,695,519,4630,1,1,1,1
23.9000,1406,1,1,16096,0,30912,0.520721,6,11,23,94,22405,28.50816,0.01533,2.36745,0.02071,1,1,2,1.411459,1.000000,5.825926,-0.560586,-0.560341,14.400301,144,0.038912,0.004930,12793,5266,2951,1802,1196,897,703,574,4729,1,1,1,1
22.3500,1407,1,1,15402,0,29555,0.521148,1,52,52,110,52325,27.43079,0.00542,2.35051,0.02507,1,1,2,1.030856,1.000000,1.696527,-0.029378,-0.029357,14.929253,2323,0.001966,0.076655,12155,5062,2704,1802,1222,891,694,502,4522,1,1,1,1
22.4000,1407,1,1,15575,1,29803,0.522616,1,1,150,420,53745,27.46528,0.00542,2.35051,0.02507,0,1,3,1.820949,1.300913,1.300913,-0.046533,-0.046107,14.914588,2255,0.003091,0.074485,12361,5105,2804,1751,1190,898,662,518,4513,1,1,1,1
23.0000,1407,1,1,15682,0,30205,0.519203,2,23,27,54,21710,27.88156,0.00542,2.35051,0.02507,1,0,2,1.080581,1.000000,2.061980,-0.254835,-0.254780,14.706254,1408,0.017325,0.047166,12579,5112,2826,1718,1250,809,746,539,4625,1,1,1,1
23.9000,1407,1,1,16197,1,31012,0.522299,1,22,28,126,104807,28.50524,0.00542,2.35051,0.02507,0,1,3,1.553330,1.141594,1.130515,-0.566430,-0.566117,14.394659,142,0.039328,0.004860,12813,5345,2934,1770,1229,903,687,565,4765,1,1,1,1
22.3500,1408,1,1,15431,1,29811,0.517645,5,27,55,830,26821,27.45476,0.00591,2.36150,0.01763,0,1,3,6.682225,6.370641,6.370641,-0.017452,-0.016103,14.942408,2336,0.001078,0.076962,12436,5070,2729,1755,1191,920,645,525,4539,1,1,1,1
22.4000,1408,1,1,15478,0,29805,0.519326,1,21,4074,4074,20429,27.48971,0.00591,2.36150,0.01763,1,1,2,1.388691,1.000000,10.096235,-0.035093,-0.034859,14.925588,2264,0.002336,0.074674,12376,5050,2810,1709,1251,950,680,512,4466,1,1,1,1
23.0000,1408,1,1,15767,1,30391,0.518822,6,5,15,1657,74247,27.90570,0.00591,2.36150,0.01763,0,1,3,3.179609,2.585885,2.585885,-0.242597,-0.241775,14.719269,1419,0.016426,0.047459,12650,5168,2825,1788,1188,881,721,557,4612,1,1,1,1
23.9000,1408,1,1,16119,1,30868,0.522208,4,3,19,83,42616,28.52943,0.00591,2.36150,0.01763,0,0,3,1.498237,1.293260,1.293260,-0.554214,-0.553927,14.405817,152,0.038452,0.005194,12754,5093,2966,1852,1298,918,686,523,4777,1,1,1,1
22.3500,1409,1,1,15357,1,29581,0.519168,1,35,35,714,448858,27.44036,0.00640,2.36623,0.02335,0,1,3,5.584301,5.408419,5.408419,-0.024668,-0.023448,14.937627,2333,0.001570,0.076833,12194,4990,2745,1751,1232,906,690,533,4539,1,1,1,1
22.4000,1409,1,1,15444,0,29722,0.519633,2,3,16,54,47295,27.47480,0.00640,2.36623,0.02335,1,1,2,1.409410,1.000000,1.985027,-0.041531,-0.041288,14.919252,2262,0.002767,0.074586,12288,5043,2770,1724,1197,899,694,516,4590,1,1,1,1
23.0000,1409,1,1,15829,1,30303,0.522375,3,4,24,38,34067,27.89098,0.00640,2.36623,0.02335,0,0,3,1.417563,1.152283,1.152283,-0.249430,-0.249182,14.710824,1416,0.016939,0.047352,12591,5167,2750,1773,1204,969,728,522,4598,1,1,1,1
23.9000,1409,1,1,16014,0,30888,0.518471,1,2,643,643,104917,28.51477,0.00640,2.36623,0.02335,1,1,2,1.411067,1.000000,1.938132,-0.561501,-0.561257,14.399390,149,0.038978,0.005090,12824,5188,2776,1866,1262,879,710,586,4796,1,1,1,1
22.3500,1410,1,1,15563,1,29712,0.523813,2,7,23,29,197017,27.43735,0.00639,2.35507,0.01770,0,1,3,4.065246,3.414903,3.414903,-0.025839,-0.024844,14.936220,2334,0.001663,0.076819,12386,4971,2676,1737,1228,941,723,530,4519,1,1,1,1
22.4000,1410,1,1,15510,0,29679,0.522609,1,15,16,16,21543,27.47226,0.00639,2.35507,0.01770,1,1,2,1.181369,1.000000,3.246603,-0.043273,-0.043155,14.916686,2266,0.002893,0.074678,12274,5082,2795,1725,1200,893,689,492,4528,1,1,1,1
23.0000,1410,1,1,15828,0,30558,0.517983,1,2092,2092,2092,51686,27.88815,0.00639,2.35507,0.01770,1,1,2,1.013122,1.000000,27.648195,-0.251976,-0.251967,14.706048,1417,0.017134,0.047367,12791,5212,2815,1865,1190,861,723,521,4579,1,1,1,1
23.9000,1410,1,1,16347,1,31140,0.524969,2,2,46,57,15509,28.51198,0.00639,2.35507,0.01770,0,0,3,1.418872,1.121694,1.121694,-0.562754,-0.562506,14.397604,148,0.039069,0.005053,12966,5287,2880,1833,1258,902,712,581,4720,1,1,1,1
22.3500,1411,1,1,15705,1,30078,0.522160,7,4,7,36,127432,27.44153,0.00589,2.36208,0.01818,0,1,3,3.076733,2.282368,2.282368,-0.023681,-0.022884,14.935779,2338,0.001532,0.076898,12558,5132,2826,1842,1202,877,645,525,4470,1,1,1,1
22.4000,1411,1,1,15620,0,30091,0.519109,1,67,71,78,59102,27.47641,0.00589,2.36208,0.01818,1,1,2,1.036166,1.000000,2.531350,-0.041156,-0.041131,14.917597,2265,0.002757,0.074588,12475,5119,2946,1764,1214,862,694,557,4459,1,1,1,1
23.0000,1411,1,1,15845,1,30385,0.521492,2,11,13,83,11274,27.89250,0.00589,2.36208,0.01818,0,0,3,2.276087,1.913343,1.913343,-0.249100,-0.248517,14.711355,1419,0.016893,0.047384,12667,5205,2715,1782,1257,912,704,542,4600,1,1,1,1
23.9000,1411,1,1,16149,1,31105,0.519194,3,1,129,430,17499,28.51589,0.00589,2.36208,0.01818,0,1,3,1.461273,1.220340,1.220340,-0.560604,-0.560335,14.399549,149,0.038913,0.005083,12944,5252,2966,1833,1240,912,711,514,4732,1,1,1,1
22.3500,1412,1,1,15767,1,29877,0.527748,7,13,112,112,63463,27.44175,0.00638,2.36264,0.02213,0,1,3,1.771205,1.362000,1.362000,-0.023453,-0.023048,14.937807,2337,0.001543,0.076800,12285,5162,2790,1732,1259,893,705,515,4535,1,1,1,1
22.4000,1412,1,1,15652,0,30026,0.521299,1,6,26,411,33656,27.47611,0.00638,2.36264,0.02213,1,0,2,1.201150,1.000000,1.730297,-0.040721,-0.040591,14.920354,2267,0.002721,0.074587,12427,5102,2882,1803,1220,851,696,513,4531,1,1,1,1
23.0000,1412,1,1,15679,1,30334,0.516896,5,9,9,114,1074820,27.89239,0.00638,2.36264,0.02213,0,1,3,2.262171,1.654472,1.593273,-0.248833,-0.248255,14.712514,1419,0.016874,0.047346,12635,5165,2772,1714,1248,928,677,537,4657,1,1,1,1
23.9000,1412,1,1,16203,1,31207,0.519227,11,3,50,12242,45939,28.51583,0.00638,2.36264,0.02213,0,0,3,1.430738,1.356261,1.356261,-0.560485,-0.560231,14.398790,149,0.038908,0.005080,12976,5250,2867,1862,1310,943,703,576,4719,1,1,1,1
22.3500,1413,1,1,15660,0,29858,0.524500,1,25,77,77,90134,27.43148,0.00687,2.36358,0.02326,1,1,2,1.414198,1.000000,13.276396,-0.028991,-0.028745,14.931862,2335,0.001925,0.076711,12331,5094,2787,1782,1238,879,683,520,4543,1,1,1,1
22.4000,1413,1,1,15567,1,29788,0.522611,1,80,80,80,132830,27.46631,0.00687,2.36358,0.02326,0,0,3,8.126343,7.335270,7.335270,-0.046195,-0.044713,14.914775,2265,0.002998,0.074496,12370,4998,2830,1679,1278,868,695,540,4529,1,1,1,1
23.0000,1413,1,1,15652,0,30146,0.519224,2,8,19,242,45356,27.88229,0.00687,2.36358,0.02326,1,1,3,1.116535,1.000000,1.096689,-0.253512,-0.253434,14.706106,1416,0.017233,0.047233,12493,5077,2781,1843,1148,885,695,524,4699,1,1,1,1
23.9000,1413,1,1,16212,0,31056,0.522042,5,22,22,47,86928,28.50578,0.00687,2.36358,0.02326,1,1,2,1.096364,1.000000,2.350862,-0.565524,-0.565459,14.393951,145,0.039284,0.004942,12802,5333,2865,1852,1256,917,718,530,4782,1,1,1,1
22.3500,1414,1,1,15508,0,29690,0.522348,4,3,151,151,192555,27.42525,0.00588,2.35204,0.02184,1,1,2,1.352950,1.000000,1.572473,-0.031659,-0.031446,14.929347,2341,0.002106,0.076866,12213,5189,2718,1717,1164,894,681,522,4591,1,1,1,1
22.4000,1414,1,1,15745,1,30136,0.522482,1,22,40,2398,79415,27.46005,0.00588,2.35204,0.02184,0,1,3,3.066985,2.309521,2.187180,-0.049188,-0.048395,14.911886,2271,0.003245,0.074655,12579,5239,2812,1719,1160,891,668,543,4524,1,1,1,1
23.0000,1414,1,1,15827,1,30614,0.517003,2,10,10,362,230857,27.87624,0.00588,2.35204,0.02184,0,0,3,2.537914,2.136869,2.136869,-0.257273,-0.256614,14.703255,1421,0.017453,0.047376,12761,5236,2835,1849,1232,873,678,514,4635,1,1,1,1
23.9000,1414,1,1,16160,0,31148,0.518830,5,3,44,74,25049,28.49977,0.00588,2.35204,0.02184,1,1,2,1.375615,1.000000,1.778668,-0.568977,-0.568751,14.392004,149,0.039519,0.005075,12987,5265,2843,1850,1227,958,718,554,4745,1,1,1,1
22.3500,1415,1,1,15419,1,29680,0.519526,1,3,8,52,38982,27.41615,0.00588,2.34511,0.02280,0,0,3,1.591621,1.195491,1.195491,-0.036440,-0.036111,14.924180,2340,0.002420,0.076806,12252,5032,2724,1764,1162,911,682,536,4616,1,1,1,1
22.4000,1415,1,1,15533,1,29851,0.520369,2,6,15,145,25065,27.45093,0.00588,2.34511,0.02280,0,0,3,2.089101,1.773736,1.773736,-0.053970,-0.053449,14.906384,2270,0.003586,0.074597,12371,5063,2808,1725,1210,886,648,537,4602,1,1,1,1
23.0000,1415,1,1,15866,0,30510,0.520043,2,3,13,18,65272,27.86682,0.00588,2.34511,0.02280,1,1,2,1.403617,1.000000,1.853478,-0.261930,-0.261690,14.698822,1420,0.017803,0.047323,12680,5307,2764,1793,1129,895,670,561,4710,1,1,1,1
23.9000,1415,1,1,16155,1,31104,0.519403,3,6,26,26,193811,28.49041,0.00588,2.34511,0.02280,0,1,3,1.824702,1.291645,1.009493,-0.573504,-0.573079,14.387493,147,0.039832,0.005005,12957,5351,2795,1835,1253,899,675,553,4785,1,1,1,1
22.3500,1416,1,1,15581,1,30036,0.518761,1,3,8,57,21656,27.40515,0.00806,2.34026,0.02301,0,1,3,1.865448,1.632130,1.632130,-0.040776,-0.040336,14.920673,2344,0.002703,0.076901,12638,4958,2825,1732,1216,888,688,546,4544,1,1,1,1
22.4000,1416,1,1,15764,0,30158,0.522731,77,5,77,160,36355,27.43991,0.00806,2.34026,0.02301,1,1,2,1.258542,1.000000,1.673506,-0.058175,-0.058012,14.902086,2273,0.003893,0.074665,12541,5112,2858,1805,1232,845,707,550,4507,1,1,1,1
23.0000,1416,1,1,15914,0,30557,0.520814,1,3,260,260,35659,27.85599,0.00806,2.34026,0.02301,1,0,3,1.264024,1.000000,1.255741,-0.266088,-0.265923,14.694970,1423,0.018096,0.047402,12711,5163,2819,1808,1262,944,687,534,4628,1,1,1,1
23.9000,1416,1,1,16063,1,30921,0.519502,1,3,26,26,63638,28.47963,0.00806,2.34026,0.02301,0,1,3,1.731383,1.229020,1.003094,-0.577845,-0.577457,14.383208,149,0.040148,0.005071,12824,5233,2833,1761,1291,939,666,544,4829,1,1,1,1
22.3500,1417,1,1,15600,0,30125,0.517860,5,10,10,11,21220,27.41277,0.00685,2.32782,0.02077,1,1,2,1.282803,1.000000,3.328987,-0.037664,-0.037488,14.922678,2342,0.002512,0.076771,12503,5203,2807,1722,1221,900,689,570,4509,1,1,1,1
22.4000,1417,1,1,15761,1,29869,0.527688,2,630,630,630,33387,27.44750,0.00685,2.32782,0.02077,0,1,3,258.729655,235.644955,235.644955,-0.056532,-0.052612,14.908482,2271,0.003529,0.074514,12387,5033,2791,1776,1140,939,687,531,4584,1,1,1,1
23.0000,1417,1,1,15974,0,30399,0.525495,9,3,192,192,81572,27.86378,0.00685,2.32782,0.02077,1,1,2,1.379005,1.000000,1.464036,-0.262876,-0.262649,14.698102,1420,0.017870,0.047259,12567,5224,2815,1756,1168,944,681,581,4662,1,1,1,1
23.9000,1417,1,1,16310,0,31249,0.521953,1,9,45,45,59552,28.48747,0.00685,2.32782,0.02077,1,1,2,1.155647,1.000000,1.858668,-0.574800,-0.574698,14.386285,145,0.039948,0.004930,13133,5140,2897,1878,1262,909,747,571,4711,1,1,1,1
22.3500,1418,1,1,15533,1,29742,0.522276,1,35,35,35,482963,27.39610,0.01406,2.31785,0.02213,0,1,3,19.982143,16.588804,16.588804,-0.043280,-0.041168,14.917652,2343,0.002760,0.076775,12292,5026,2728,1688,1247,902,654,569,4635,1,1,1,1
22.4000,1418,1,1,15709,1,30078,0.522293,2,2,25,236,423996,27.43080,0.01406,2.31785,0.02213,0,0,3,1.593838,1.335489,1.335489,-0.059727,-0.059398,14.900497,2272,0.003986,0.074534,12476,5143,2824,1805,1157,893,677,585,4517,1,1,1,1
23.0000,1418,1,1,15920,0,30454,0.522773,1,3,7,67,12095,27.84679,0.01406,2.31785,0.02213,1,1,2,1.399913,1.000000,2.153011,-0.267906,-0.267669,14.692829,1423,0.018218,0.047342,12506,5283,2825,1793,1311,888,652,543,4652,1,1,1,1
23.9000,1418,1,1,16324,0,31232,0.522686,2,25,50,50,448664,28.47052,0.01406,2.31785,0.02213,1,0,2,1.083961,1.000000,2.333499,-0.579799,-0.579743,14.381294,145,0.040312,0.004929,12973,5240,2953,1820,1287,968,759,550,4681,1,1,1,1
22.3500,1419,1,1,15539,1,30014,0.517742,1,10,10,10,208225,27.40777,0.00706,2.31166,0.02162,0,1,3,7.912115,5.725203,5.725203,-0.040396,-0.038938,14.922115,2357,0.002609,0.077156,12517,5018,2773,1767,1215,864,696,545,4618,1,1,1,1
22.4000,1419,1,1,15611,1,29986,0.520627,1,7,55,263,15485,27.44245,0.00706,2.31166,0.02162,0,0,3,2.800672,2.207739,2.207739,-0.057401,-0.056675,14.903454,2279,0.003803,0.074697,12400,5064,2766,1800,1225,879,709,554,4588,1,1,1,1
23.0000,1419,1,1,15802,0,30463,0.518745,7,2,307,307,40612,27.85863,0.00706,2.31166,0.02162,1,0,3,1.333541,1.000000,1.127677,-0.265235,-0.265032,14.695789,1427,0.018035,0.047432,12636,5170,2801,1819,1166,971,690,555,4654,1,1,1,1
23.9000,1419,1,1,16121,1,31151,0.517528,1,13,84,84,62041,28.48241,0.00706,2.31166,0.02162,0,1,3,2.156510,1.565162,1.437829,-0.577225,-0.576683,14.383739,149,0.040093,0.005060,12992,5244,2871,1800,1260,891,729,530,4833,1,1,1,1
22.3500,1420,1,1,15569,1,29843,0.521714,3,234,234,374,84351,27.39780,0.00755,2.29958,0.02301,0,0,3,3.336269,3.090710,3.090710,-0.045237,-0.044388,14.914901,2350,0.002976,0.076910,12334,5032,2787,1795,1244,875,659,539,4577,1,1,1,1
22.4000,1420,1,1,15633,1,29881,0.523193,859,11,859,859,265792,27.43245,0.00755,2.29958,0.02301,0,0,3,1.476313,1.475158,1.475158,-0.062303,-0.062029,14.894030,2279,0.004165,0.074691,12216,5028,2823,1802,1280,921,710,563,4537,1,1,1,1
23.0000,1420,1,1,15753,1,30464,0.517119,8,3,11,2370,19285,27.84834,0.00755,2.29958,0.02301,0,1,3,1.665256,1.482721,1.482721,-0.270241,-0.269881,14.689240,1427,0.018373,0.047420,12606,5177,2829,1826,1215,905,716,532,4657,1,1,1,1
23.9000,1420,1,1,16265,1,31352,0.518803,4,13,21,31,457003,28.47218,0.00755,2.29958,0.02301,0,0,3,2.117587,1.927894,1.927894,-0.582260,-0.581732,14.377703,149,0.040461,0.005059,12994,5328,2981,1833,1212,947,700,574,4782,1,1,1,1
22.3500,1421,1,1,15676,0,30055,0.521594,1,1,26,112,32635,27.39865,0.01268,2.32690,0.02120,1,0,3,1.377655,1.000000,1.108591,-0.041711,-0.041486,14.919270,2349,0.002781,0.076801,12393,5097,2876,1749,1282,896,676,561,4524,1,1,1,1
22.4000,1421,1,1,15703,1,30086,0.521954,1,5,5,211,84051,27.43328,0.01268,2.32690,0.02120,0,1,3,3.373673,2.715698,2.715698,-0.059346,-0.058490,14.901297,2278,0.003925,0.074569,12590,5133,2686,1765,1183,858,678,536,4656,1,1,1,1
23.0000,1421,1,1,15994,0,30449,0.525289,1,1,83,85,109392,27.84937,0.01268,2.32690,0.02120,1,1,3,1.368934,1.000000,1.008315,-0.266992,-0.266771,14.693627,1424,0.018156,0.047273,12592,5061,2884,1754,1259,956,701,549,4692,1,1,1,1
23.9000,1421,1,1,16343,1,31359,0.521175,1,5,17,95,60600,28.47276,0.01268,2.32690,0.02120,0,1,3,2.862712,2.361152,2.361152,-0.579031,-0.578290,14.381583,146,0.040210,0.004952,12996,5386,2889,1850,1321,950,627,562,4777,1,1,1,1
22.3500,1422,1,1,15564,0,29954,0.519614,4,2,201,201,16313,27.40684,0.00915,2.32688,0.02070,1,1,2,1.412260,1.000000,1.434462,-0.039301,-0.039058,14.921588,2354,0.002618,0.076898,12481,5019,2742,1718,1266,887,701,565,4574,1,1,1,1
22.4000,1422,1,1,15592,0,30149,0.517182,3,4,29,69,41396,27.44145,0.00915,2.32688,0.02070,1,1,3,1.209790,1.000000,1.032334,-0.056489,-0.056355,14.903601,2281,0.003781,0.074604,12475,5157,2802,1802,1145,966,715,570,4516,1,1,1,1
23.0000,1422,1,1,15925,1,30752,0.517869,1,3,46,46,472088,27.85773,0.00915,2.32688,0.02070,0,1,3,2.713402,2.022080,2.022080,-0.264863,-0.264161,14.695555,1427,0.017976,0.047333,12821,5341,2785,1873,1227,830,691,558,4625,1,1,1,1
23.9000,1422,1,1,16226,0,31370,0.517262,2,6,22,174,49499,28.48117,0.00915,2.32688,0.02070,1,1,2,1.246807,1.000000,1.875370,-0.576557,-0.576401,14.383670,148,0.040073,0.005016,13076,5236,2927,1854,1334,935,738,549,4720,1,1,1,1
22.3500,1423,1,1,15517,1,29971,0.517751,1,2,29,47,81686,27.41383,0.00585,2.34177,0.02166,0,1,3,2.208293,1.629206,1.629206,-0.037817,-0.037260,14.923534,2352,0.002497,0.076769,12428,5107,2760,1739,1230,946,655,517,4588,1,1,1,1
22.4000,1423,1,1,15719,1,30278,0.519173,1,1,38,49,141746,27.44841,0.00585,2.34177,0.02166,0,0,3,1.111653,1.010922,1.010922,-0.054903,-0.054829,14.906229,2280,0.003678,0.074505,12674,5189,2804,1717,1216,898,703,553,4523,1,1,1,1
23.0000,1423,1,1,15918,0,30591,0.520366,2,3,10,20,84856,27.86440,0.00585,2.34177,0.02166,1,1,3,1.258462,1.000000,1.341683,-0.263010,-0.262849,14.697257,1426,0.017884,0.047261,12665,5335,2807,1738,1202,882,703,564,4694,1,1,1,1
23.9000,1423,1,1,16202,0,31234,0.518746,61,11,1155,1155,167131,28.48789,0.00585,2.34177,0.02166,1,1,2,1.233684,1.000000,2.881667,-0.575049,-0.574902,14.385131,147,0.039965,0.004978,12925,5284,2953,1808,1259,916,730,551,4807,1,1,1,1
22.3500,1424,1,1,15762,0,30258,0.520937,1,2,171,190,59278,27.42794,0.00633,2.34542,0.02393,1,1,3,1.329421,1.000000,1.089626,-0.030191,-0.029991,14.930304,2357,0.002009,0.076843,12580,5090,2901,1789,1197,883,738,542,4537,1,1,1,1
22.4000,1424,1,1,15777,1,30103,0.524118,1,2,5,61,37953,27.46250,0.00633,2.34542,0.02393,0,1,3,1.441499,1.159780,1.159780,-0.047507,-0.047250,14.913666,2286,0.003168,0.074612,12511,5084,2756,1720,1229,978,709,500,4615,1,1,1,1
23.0000,1424,1,1,15946,0,30723,0.519042,2,98,311,311,405554,27.87868,0.00633,2.34542,0.02393,1,1,2,1.372794,1.000000,43.659701,-0.256876,-0.256653,14.704114,1431,0.017455,0.047371,12825,5095,2815,1868,1253,955,719,516,4676,1,1,1,1
23.9000,1424,1,1,16276,0,31261,0.520665,1,2,45,81,330960,28.50222,0.00633,2.34542,0.02393,1,0,3,1.350088,1.000000,1.265850,-0.567402,-0.567191,14.393611,150,0.039406,0.005073,12861,5274,2935,1922,1267,973,714,563,4751,1,1,1,1
22.3500,1425,1,1,15655,1,30142,0.519392,1,13,13,79,204635,27.41885,0.01013,2.33963,0.02065,0,1,3,2.806462,2.555247,2.555247,-0.032982,-0.032258,14.928771,2355,0.002161,0.076732,12488,5152,2793,1788,1195,952,713,507,4553,1,1,1,1
22.4000,1425,1,1,15892,0,30293,0.524627,10,4,51,51,24378,27.45387,0.01013,2.33963,0.02065,1,1,2,1.289761,1.000000,1.524185,-0.050312,-0.050134,14.910059,2283,0.003362,0.074480,12617,5094,2843,1864,1244,919,690,510,4511,1,1,1,1
23.0000,1425,1,1,15885,1,30583,0.519423,1,6,29,34,34549,27.86976,0.01013,2.33963,0.02065,0,1,3,3.727563,2.968867,2.968867,-0.258489,-0.257566,14.702451,1429,0.017519,0.047277,12601,5244,2920,1721,1259,929,720,530,4658,1,1,1,1
23.9000,1425,1,1,16402,0,31759,0.516468,1,4,13,53,93293,28.49335,0.01013,2.33963,0.02065,1,1,3,1.165369,1.000000,1.089503,-0.569916,-0.569809,14.389987,146,0.039598,0.004935,13336,5480,2945,1850,1278,932,714,541,4682,1,1,1,1
22.3500,1426,1,1,15783,1,30256,0.521666,1,1,3,40,20723,27.40906,0.00681,2.32331,0.02569,0,0,3,1.546707,1.113230,1.113230,-0.039562,-0.039256,14.921209,2356,0.002631,0.076750,12630,5129,2799,1778,1206,897,743,509,4564,1,1,1,1
22.4000,1426,1,1,15694,0,30155,0.520462,1,7,21,28,34361,27.44357,0.00681,2.32331,0.02569,1,1,2,1.333575,1.000000,3.192484,-0.057187,-0.056985,14.903322,2285,0.003824,0.074526,12586,5026,2752,1750,1272,925,685,567,4591,1,1,1,1
23.0000,1426,1,1,15798,0,30441,0.518988,3,3,4,10,130645,27.85966,0.00681,2.32331,0.02569,1,1,2,1.334365,1.000000,1.604886,-0.264987,-0.264785,14.695525,1430,0.018018,0.047300,12538,5138,2861,1775,1273,874,718,568,4695,1,1,1,1
23.9000,1426,1,1,16467,1,31597,0.521174,1,7,56,56,14413,28.48329,0.00681,2.32331,0.02569,0,1,3,1.820157,1.493181,1.493181,-0.576780,-0.576360,14.384577,146,0.040068,0.004934,13065,5557,2899,1855,1217,920,749,606,4728,1,1,1,1
22.3500,1427,1,1,15692,0,30195,0.519706,2,9,26,33,61684,27.40391,0.00631,2.32748,0.02279,1,1,2,1.317246,1.000000,3.835048,-0.042644,-0.042451,14.918394,2358,0.002846,0.076776,12587,5137,2852,1679,1205,856,687,575,4616,1,1,1,1
22.4000,1427,1,1,15722,0,30090,0.522517,1,4,4,79,372255,27.43840,0.00631,2.32748,0.02279,1,1,2,1.368474,1.000000,2.119978,-0.059681,-0.059461,14.900941,2288,0.003990,0.074584,12536,4965,2887,1743,1253,919,683,531,4572,1,1,1,1
23.0000,1427,1,1,16092,0,30770,0.522994,142,2,142,142,267208,27.85468,0.00631,2.32748,0.02279,1,1,3,1.381987,1.000000,1.031439,-0.267539,-0.267312,14.693439,1433,0.018193,0.047372,12848,5247,2828,1782,1236,919,686,526,4697,1,1,1,1
23.9000,1427,1,1,16302,0,31368,0.519718,1,1,3,17,498162,28.47836,0.00631,2.32748,0.02279,1,0,3,1.412357,1.000000,1.234468,-0.579446,-0.579204,14.381445,148,0.040274,0.004999,12941,5366,2971,1828,1319,942,718,543,4739,1,1,1,1
22.3500,1428,1,1,15692,0,30213,0.519396,2,46,72,247,168438,27.40976,0.00680,2.33075,0.02061,1,0,2,1.098498,1.000000,4.818169,-0.039388,-0.039322,14.921708,2360,0.002635,0.076770,12497,5108,2916,1787,1253,835,688,560,4568,1,1,1,1
22.4000,1428,1,1,15934,0,30631,0.520209,1,4,6,17,30535,27.44471,0.00680,2.33075,0.02061,1,1,2,1.253707,1.000000,1.448669,-0.056438,-0.056280,14.903817,2288,0.003776,0.074517,12776,5402,2829,1848,1149,917,667,535,4507,1,1,1,1
23.0000,1428,1,1,15918,0,30700,0.518519,2,2,203,203,24749,27.86070,0.00680,2.33075,0.02061,1,1,3,1.369591,1.000000,1.300630,-0.264384,-0.264164,14.696242,1431,0.017975,0.047264,12782,5098,2872,1792,1297,916,722,522,4698,1,1,1,1
23.9000,1428,1,1,16441,1,31643,0.519594,1,4,24,297,24108,28.48443,0.00680,2.33075,0.02061,0,1,3,3.452318,2.637636,2.637636,-0.576506,-0.575638,14.385349,152,0.040016,0.005129,13207,5443,2940,1768,1299,913,752,578,4742,1,1,1,1
22.3500,1429,1,1,15635,1,30196,0.517801,1,26,26,32,64540,27.41247,0.00728,2.35850,0.02205,0,1,3,9.400941,8.469390,8.469390,-0.038304,-0.036736,14.922523,2357,0.002462,0.076614,12493,5214,2774,1732,1220,898,757,521,4586,1,1,1,1
22.4000,1429,1,1,15706,0,30001,0.523533,1,1,13,62,99584,27.44691,0.00728,2.35850,0.02205,1,1,3,1.135343,1.000000,1.061362,-0.054759,-0.054671,14.904544,2286,0.003668,0.074396,12296,5231,2826,1767,1234,861,652,510,4623,1,1,1,1
23.0000,1429,1,1,16071,1,30873,0.520569,1,2,16,41,81678,27.86309,0.00728,2.35850,0.02205,0,0,3,1.786529,1.306037,1.306037,-0.262960,-0.262553,14.697849,1430,0.017863,0.047193,12888,5179,2876,1762,1274,991,733,534,4635,1,1,1,1
23.9000,1429,1,1,16458,0,31538,0.521863,1,32,33,130,61493,28.48687,0.00728,2.35850,0.02205,1,1,2,1.223023,1.000000,8.341375,-0.575500,-0.575359,14.384648,142,0.039998,0.004788,13123,5366,2944,1890,1279,888,708,550,4789,1,1,1,1
22.3500,1430,1,1,15663,1,30021,0.521752,1,5,41,1456,113703,27.40019,0.01162,2.34066,0.02146,0,1,3,2.043544,1.592985,1.592985,-0.041514,-0.041015,14.919868,2367,0.002749,0.076899,12397,5186,2752,1808,1178,883,644,480,4692,1,1,1,1
22.4000,1430,1,1,15663,1,30279,0.517306,2,4,14,215,21771,27.43509,0.01162,2.34066,0.02146,0,1,3,2.507943,1.933764,1.933764,-0.059033,-0.058390,14.902478,2295,0.003918,0.074647,12454,5211,2863,1848,1211,894,691,507,4599,1,1,1,1
23.0000,1430,1,1,16218,0,30850,0.525722,14,5,14,57,49788,27.85098,0.01162,2.34066,0.02146,1,0,3,1.209643,1.000000,1.213371,-0.266808,-0.266675,14.694272,1437,0.018148,0.047402,12991,5158,2764,1811,1252,877,751,538,4707,1,1,1,1
23.9000,1430,1,1,16344,0,31367,0.521074,1,2,10,65,42783,28.47481,0.01162,2.34066,0.02146,1,1,3,1.304782,1.000000,1.184380,-0.578722,-0.578536,14.381701,150,0.040227,0.005056,13023,5295,2964,1845,1261,899,754,535,4790,1,1,1,1
22.3500,1431,1,1,15756,0,30249,0.520894,1,13,13,69,41983,27.40668,0.00533,2.33062,0.02541,1,1,2,1.392295,1.000000,6.740892,-0.041753,-0.041522,14.918958,2367,0.002783,0.076850,12486,5240,2854,1737,1206,885,678,550,4612,1,1,1,1
22.4000,1431,1,1,15757,1,30328,0.519570,2,13,34,34,76399,27.44156,0.00533,2.33062,0.02541,0,0,3,1.420489,1.128432,1.128432,-0.058557,-0.058312,14.901804,2295,0.003913,0.074598,12477,5126,2937,1756,1287,942,703,546,4553,1,1,1,1
23.0000,1431,1,1,16117,1,30875,0.522025,1,58,58,250,25695,27.85764,0.00533,2.33062,0.02541,0,1,3,16.873513,15.996322,15.996322,-0.267534,-0.265559,14.695530,1440,0.018071,0.047464,12861,5185,2960,1817,1293,901,648,567,4642,1,1,1,1
23.9000,1431,1,1,16246,0,31411,0.517224,4,187,187,187,31615,28.48103,0.00533,2.33062,0.02541,1,1,2,1.046004,1.000000,8.858682,-0.579025,-0.578994,14.379941,149,0.040264,0.005019,12976,5360,2893,1870,1295,895,710,569,4842,1,1,1,1
22.3500,1432,1,1,15660,0,30063,0.520923,23,2,69,80,98730,27.39939,0.00786,2.35465,0.02214,1,1,3,1.402309,1.000000,1.405717,-0.043893,-0.043657,14.916863,2370,0.002927,0.076905,12448,5025,2808,1783,1249,895,653,577,4624,1,1,1,1
22.4000,1432,1,1,15837,1,30243,0.523676,4,3,5,17,1117703,27.43375,0.00786,2.35465,0.02214,0,1,3,1.695816,1.394114,1.394114,-0.061073,-0.060704,14.900238,2299,0.004074,0.074684,12572,5143,2743,1775,1267,897,674,543,4628,1,1,1,1
23.0000,1432,1,1,15881,1,30816,0.515366,1,1,3,607,176364,27.85003,0.00786,2.35465,0.02214,0,0,3,1.610292,1.176228,1.176228,-0.269156,-0.268823,14.691585,1439,0.018298,0.047411,12712,5241,2903,1831,1298,961,705,546,4618,1,1,1,1
23.9000,1432,1,1,16258,0,31442,0.517096,3,16,48,48,364528,28.47347,0.00786,2.35465,0.02214,1,1,2,1.115958,1.000000,2.075673,-0.581075,-0.580998,14.378566,152,0.040407,0.005117,12903,5394,2991,1790,1374,926,686,563,4814,1,1,1,1
22.3500,1433,1,1,15773,1,30265,0.521180,1,12,12,13,115674,27.40313,0.00629,2.36264,0.02412,0,1,3,2.680093,2.281215,2.281215,-0.042814,-0.042126,14.918849,2369,0.002824,0.076808,12550,5181,2815,1763,1228,922,665,541,4599,1,1,1,1
22.4000,1433,1,1,15936,0,30580,0.521142,4,6,30,95,757945,27.43795,0.00629,2.36264,0.02412,1,0,2,1.205801,1.000000,1.449243,-0.060069,-0.059938,14.901013,2296,0.004022,0.074531,12841,5263,2750,1819,1180,956,706,498,4566,1,1,1,1
23.0000,1433,1,1,15879,1,30613,0.518718,6,3,114,288,178186,27.85394,0.00629,2.36264,0.02412,0,1,3,1.814347,1.555630,1.555630,-0.268080,-0.267664,14.691667,1436,0.018219,0.047278,12620,5132,2845,1892,1223,894,746,576,4684,1,1,1,1
23.9000,1433,1,1,16380,0,31451,0.520827,4,4,9,60,167942,28.47743,0.00629,2.36264,0.02412,1,0,2,1.278250,1.000000,1.519047,-0.579817,-0.579646,14.381242,147,0.040306,0.004944,12967,5375,2909,1845,1291,946,756,552,4809,1,1,1,1
22.3500,1434,1,1,15790,0,30043,0.525597,2,14,28,312,162537,27.40593,0.00764,2.35852,0.02410,1,1,2,1.313298,1.000000,5.481476,-0.040872,-0.040682,14.920171,2370,0.002727,0.076780,12455,4994,2855,1761,1220,887,662,523,4685,1,1,1,1
22.4000,1434,1,1,15767,1,30256,0.521137,6,9,9,214,268860,27.44073,0.00764,2.35852,0.02410,0,1,3,1.730904,1.238409,1.138568,-0.057705,-0.057322,14.903396,2299,0.003846,0.074564,12492,5124,2856,1838,1243,879,634,581,4608,1,1,1,1
23.0000,1434,1,1,16057,1,30816,0.521077,4,47,47,852,56646,27.85691,0.00764,2.35852,0.02410,0,1,3,14.155301,13.375069,13.375069,-0.266674,-0.264826,14.693402,1437,0.018023,0.047273,12652,5239,2998,1852,1253,925,702,562,4632,1,1,1,1
23.9000,1434,1,1,16369,1,31467,0.520212,1,12,34,337,58365,28.48045,0.00764,2.35852,0.02410,0,1,3,7.371811,6.043158,6.043158,-0.578167,-0.576774,14.384292,147,0.040097,0.004940,12966,5371,2903,1894,1277,939,725,575,4816,1,1,1,1
22.3500,1435,1,1,15849,1,30239,0.524142,1,4,40,55,28081,27.41197,0.00964,2.34448,0.02068,0,1,3,2.901999,2.314447,2.314447,-0.036859,-0.036117,14.924795,2375,0.002420,0.076865,12518,5187,2842,1716,1238,895,699,558,4585,1,1,1,1
22.4000,1435,1,1,15908,0,30438,0.522653,1,7,27,27,48101,27.44675,0.00964,2.34448,0.02068,1,1,2,1.360373,1.000000,3.515585,-0.054396,-0.054181,14.906612,2301,0.003635,0.074561,12659,5216,2780,1838,1252,880,715,529,4568,1,1,1,1
23.0000,1435,1,1,15933,1,30553,0.521504,2,2,7,15,51624,27.86264,0.00964,2.34448,0.02068,0,1,3,2.095364,1.603335,1.603335,-0.262058,-0.261542,14.699318,1440,0.017793,0.047319,12575,5207,2855,1788,1236,914,713,535,4729,1,1,1,1
23.9000,1435,1,1,16450,0,31694,0.519042,2,49,49,69,395207,28.48623,0.00964,2.34448,0.02068,1,1,2,1.026656,1.000000,1.391517,-0.573806,-0.573787,14.384780,149,0.039888,0.005003,13230,5369,2965,1879,1251,961,701,569,4768,1,1,1,1
22.3500,1436,1,1,15747,1,30122,0.522791,2,2,3,114,14750,27.40157,0.00906,2.35186,0.02317,0,0,3,1.615727,1.333409,1.333409,-0.041975,-0.041641,14.918338,2375,0.002791,0.076845,12334,5143,2839,1813,1248,909,676,531,4628,1,1,1,1
22.4000,1436,1,1,15981,1,30504,0.523916,20,33,467,467,26843,27.43632,0.00906,2.35186,0.02317,0,1,3,1.965462,1.573477,1.573477,-0.059416,-0.058946,14.901971,2309,0.003956,0.074791,12755,5164,2769,1770,1247,916,691,539,4652,1,1,1,1
23.0000,1436,1,1,16015,1,30845,0.519226,2,40,40,40,13154,27.85241,0.00906,2.35186,0.02317,0,0,3,3.301058,2.912618,2.912618,-0.267682,-0.266850,14.692815,1441,0.018162,0.047340,12831,5221,2917,1814,1204,904,653,556,4744,1,1,1,1
23.9000,1436,1,1,16480,0,31769,0.518761,1,8,49,49,42239,28.47605,0.00906,2.35186,0.02317,1,1,2,1.413855,1.000000,4.446967,-0.579649,-0.579408,14.381228,149,0.040289,0.005001,13361,5397,2868,1870,1319,928,692,531,4802,1,1,1,1
22.3500,1437,1,1,15891,1,30660,0.518314,1,4,76,397,26544,27.39240,0.00832,2.33094,0.02460,0,1,3,1.662816,1.428724,1.428724,-0.046799,-0.046445,14.914541,2373,0.003114,0.076746,12762,5279,2881,1710,1287,893,737,594,4516,1,1,1,1
22.4000,1437,1,1,15800,0,30408,0.519617,2,2,29,30,1761849,27.42713,0.00832,2.33094,0.02460,1,1,3,1.411859,1.000000,1.345827,-0.064146,-0.063906,14.896673,2301,0.004290,0.074507,12648,5172,2751,1792,1271,914,676,585,4598,1,1,1,1
23.0000,1437,1,1,16024,0,30781,0.520598,18,27,27,159,111133,27.84340,0.00832,2.33094,0.02460,1,1,2,1.100300,1.000000,2.962703,-0.272554,-0.272487,14.686987,1438,0.018553,0.047227,12716,5287,2808,1802,1288,907,683,528,4761,1,1,1,1
23.9000,1437,1,1,16398,0,31544,0.519862,1,22,35,59,37165,28.46709,0.00832,2.33094,0.02460,1,1,2,1.358712,1.000000,9.844608,-0.584820,-0.584606,14.375777,145,0.040666,0.004865,13057,5341,2937,1888,1301,950,703,548,4818,1,1,1,1
22.3500,1438,1,1,15784,0,30240,0.521975,1,5,30,385,28770,27.40823,0.00578,2.33787,0.02853,1,1,2,1.414211,1.000000,3.414891,-0.040768,-0.040527,14.920095,2376,0.002716,0.076761,12529,5131,2839,1722,1206,925,655,535,4697,1,1,1,1
22.4000,1438,1,1,15987,1,30564,0.523083,8,45,45,45,44158,27.44294,0.00578,2.33787,0.02853,0,1,3,23.695931,20.144383,20.144383,-0.058741,-0.056540,14.904544,2309,0.003793,0.074674,12780,5196,2799,1800,1216,901,665,549,4657,1,1,1,1
23.0000,1438,1,1,16153,1,31076,0.519807,6,4,15,40,691566,27.85892,0.00578,2.33787,0.02853,0,0,3,1.266672,1.123473,1.123473,-0.265728,-0.265564,14.694073,1441,0.018073,0.047270,12904,5294,2900,1909,1308,948,663,553,4596,1,1,1,1
23.9000,1438,1,1,16312,0,31504,0.517792,4,15,15,48,50001,28.48266,0.00578,2.33787,0.02853,1,1,2,1.081775,1.000000,1.419973,-0.577660,-0.577606,14.381732,147,0.040162,0.004927,12949,5425,2887,1936,1266,905,737,552,4846,1,1,1,1
22.3500,1439,1,1,15985,1,30482,0.524425,2,3,12,35,126001,27.41584,0.00578,2.34721,0.02505,0,1,3,2.319149,1.829927,1.829927,-0.036578,-0.035993,14.924968,2376,0.002412,0.076683,12679,5179,2823,1773,1228,919,715,584,4581,1,1,1,1
22.4000,1439,1,1,15852,0,30493,0.519874,1,7,14,57,193981,27.45052,0.00578,2.34721,0.02505,1,1,2,1.385072,1.000000,3.550936,-0.054152,-0.053926,14.906827,2304,0.003618,0.074450,12745,5201,2744,1788,1192,916,721,552,4633,1,1,1,1
23.0000,1439,1,1,16068,0,30925,0.519596,5,360,360,360,242342,27.86670,0.00578,2.34721,0.02505,1,1,2,1.031107,1.000000,11.384745,-0.262647,-0.262625,14.696057,1441,0.017870,0.047231,12686,5330,2924,1727,1304,962,719,616,4656,1,1,1,1
23.9000,1439,1,1,16693,1,31966,0.522227,4,2,33,35,40895,28.49048,0.00578,2.34721,0.02505,0,1,3,1.548121,1.191567,1.191567,-0.573751,-0.573448,14.387423,145,0.039858,0.004855,13402,5397,3011,1860,1310,941,722,544,4778,1,1,1,1
22.3500,1440,1,1,15906,0,30431,0.522708,1,6,16,93,391082,27.40806,0.00626,2.35081,0.02436,1,1,2,1.313013,1.000000,2.596413,-0.040666,-0.040477,14.919791,2383,0.002713,0.076882,12719,5117,2795,1829,1197,882,716,505,4670,1,1,1,1
22.4000,1440,1,1,15917,1,30711,0.518300,10,53,53,53,38059,27.44271,0.00626,2.35081,0.02436,0,0,3,2.200717,2.108279,2.108279,-0.057925,-0.057377,14.901542,2311,0.003850,0.074650,12809,5325,2798,1832,1202,929,701,552,4562,1,1,1,1
23.0000,1440,1,1,16134,0,31057,0.519513,3,135,135,135,104122,27.85860,0.00626,2.35081,0.02436,1,1,2,1.209337,1.000000,31.407531,-0.266807,-0.266675,14.694277,1447,0.018148,0.047401,12861,5345,2799,1880,1312,926,706,559,4668,1,1,1,1
23.9000,1440,1,1,16547,1,31624,0.523258,40,4,78,78,42981,28.48243,0.00626,2.35081,0.02436,0,1,3,1.536082,1.101539,1.101539,-0.577532,-0.577234,14.383497,152,0.040132,0.005087,13064,5375,2901,1864,1295,927,721,584,4892,1,1,1,1
22.3500,1441,1,1,15896,0,30662,0.518444,2,4,64,64,31067,27.40736,0.01038,2.34250,0.02505,1,0,3,1.186180,1.000000,1.033868,-0.038458,-0.038339,14.922632,2381,0.002569,0.076749,12868,5199,2840,1799,1223,903,673,556,4600,1,1,1,1
22.4000,1441,1,1,15879,1,30535,0.520043,1,26,26,103,75125,27.44200,0.01038,2.34250,0.02505,0,0,3,3.730357,3.201290,3.201290,-0.056172,-0.055259,14.904557,2309,0.003708,0.074519,12741,5076,2789,1800,1359,934,717,544,4574,1,1,1,1
23.0000,1441,1,1,16020,0,30734,0.521264,1,4,5,225,728854,27.85808,0.01038,2.34250,0.02505,1,0,2,1.239975,1.000000,1.401886,-0.263911,-0.263762,14.697165,1445,0.017946,0.047293,12712,5130,2838,1866,1308,896,676,575,4732,1,1,1,1
23.9000,1441,1,1,16517,1,31722,0.520696,6,10,23,84,55083,28.48148,0.01038,2.34250,0.02505,0,0,3,2.428446,2.272379,2.272379,-0.575791,-0.575175,14.384050,149,0.039987,0.004983,13226,5327,2933,1896,1230,938,764,571,4836,1,1,1,1
22.3500,1442,1,1,15778,0,30494,0.517430,4,12,20,45,53664,27.41711,0.00673,2.35091,0.02307,1,1,2,1.147626,1.000000,2.129393,-0.035487,-0.035392,14.924350,2383,0.002371,0.076752,12651,5231,2852,1739,1206,870,704,547,4693,1,1,1,1
22.4000,1442,1,1,15802,0,30484,0.518387,2,10,18,18,28289,27.45172,0.00673,2.35091,0.02307,1,1,3,1.094175,1.000000,1.188204,-0.052569,-0.052507,14.906932,2311,0.003522,0.074520,12753,5107,2793,1810,1233,933,677,575,4602,1,1,1,1
23.0000,1442,1,1,16199,1,31174,0.519648,7,83,83,97,20780,27.86799,0.00673,2.35091,0.02307,0,1,3,20.961640,20.200625,20.200625,-0.261717,-0.259607,14.697977,1446,0.017663,0.047290,13099,5275,2886,1785,1288,885,717,588,4650,1,1,1,1
23.9000,1442,1,1,16509,1,31853,0.518303,1,3,11,2794,25332,28.49144,0.00673,2.35091,0.02307,0,1,3,2.520345,1.991812,1.991812,-0.572628,-0.571987,14.388927,149,0.039752,0.004978,13304,5395,3023,1812,1320,913,725,576,4784,1,1,1,1
22.3500,1443,1,1,15818,0,30305,0.521977,1,7,76,100,41434,27.40750,0.00791,2.35605,0.02354,1,1,2,1.230712,1.000000,2.155092,-0.040027,-0.039884,14.920163,2385,0.002673,0.076785,12400,5253,2847,1847,1273,892,648,532,4612,1,1,1,1
22.4000,1443,1,1,15781,1,30372,0.519608,1,280,280,280,22318,27.44208,0.00791,2.35605,0.02354,0,1,3,59.851291,57.917379,57.917379,-0.058463,-0.055628,14.902460,2313,0.003733,0.074555,12568,5141,2793,1779,1267,909,715,562,4637,1,1,1,1
23.0000,1443,1,1,16188,0,30838,0.524954,2,31,53,53,96685,27.85807,0.00791,2.35605,0.02354,1,1,2,1.337640,1.000000,12.813088,-0.265933,-0.265731,14.695098,1446,0.018083,0.047267,12757,5180,2821,1857,1274,950,693,564,4741,1,1,1,1
23.9000,1443,1,1,16654,0,31796,0.523793,1,190,190,190,1037895,28.48156,0.00791,2.35605,0.02354,1,1,2,1.104978,1.000000,21.147164,-0.577854,-0.577785,14.383246,148,0.040171,0.004943,13381,5346,2894,1790,1340,892,678,576,4898,1,1,1,1
22.3500,1444,1,1,15754,0,30508,0.516406,1,29,29,54,125032,27.40165,0.00672,2.34445,0.03468,1,1,2,1.275239,1.000000,9.460425,-0.043888,-0.043720,14.917177,2388,0.002931,0.076843,12597,5252,2827,1812,1281,900,730,544,4564,1,1,1,1
22.4000,1444,1,1,15886,0,30412,0.522377,1,3,30,71,30230,27.43622,0.00672,2.34445,0.03468,1,1,3,1.220389,1.000000,1.078408,-0.060403,-0.060265,14.899750,2314,0.004045,0.074549,12592,5146,2864,1855,1249,894,665,512,4634,1,1,1,1
23.0000,1444,1,1,16047,1,30899,0.519354,1,5,39,39,116367,27.85239,0.00672,2.34445,0.03468,0,1,3,1.909934,1.360825,1.291267,-0.268550,-0.268101,14.692433,1447,0.018248,0.047275,12774,5208,2878,1872,1330,869,698,545,4724,1,1,1,1
23.9000,1444,1,1,16512,0,31872,0.518089,2,5,11,84,2275986,28.47594,0.00672,2.34445,0.03468,1,0,2,1.228430,1.000000,1.606720,-0.580416,-0.580273,14.380665,148,0.040351,0.004940,13323,5399,2885,1896,1255,983,743,577,4810,1,1,1,1
22.3500,1445,1,1,15881,1,30570,0.519513,19,4,128,128,45725,27.40718,0.01258,2.36283,0.02741,0,0,3,1.513967,1.467526,1.467526,-0.037367,-0.037080,14.921625,2384,0.002485,0.076639,12682,5188,2896,1772,1296,885,680,552,4618,1,1,1,1
22.4000,1445,1,1,15937,1,30607,0.520715,1,3,23,57,30093,27.44219,0.01258,2.36283,0.02741,0,1,3,1.492137,1.055874,1.006730,-0.054723,-0.054447,14.906206,2312,0.003653,0.074401,12664,5245,2900,1768,1190,886,686,575,4692,1,1,1,1
23.0000,1445,1,1,16166,0,30897,0.523239,1,23,23,957,94498,27.85808,0.01258,2.36283,0.02741,1,1,2,1.303206,1.000000,8.443449,-0.263441,-0.263258,14.697611,1448,0.017912,0.047258,12679,5312,2909,1880,1209,905,721,531,4750,1,1,1,1
23.9000,1445,1,1,16630,0,31829,0.522496,2,25,25,114,67096,28.48167,0.01258,2.36283,0.02741,1,1,2,1.250990,1.000000,7.378228,-0.575192,-0.575037,14.385883,144,0.039972,0.004802,13119,5553,2983,1899,1213,932,715,576,4838,1,1,1,1
22.3500,1446,1,1,16063,1,30835,0.520951,1,22,273,273,49152,27.40057,0.00623,2.33849,0.03242,0,1,3,2.253211,1.685374,1.603871,-0.044196,-0.043634,14.916700,2394,0.002925,0.076932,12815,5275,2903,1878,1274,943,676,584,4486,1,1,1,1
22.4000,1446,1,1,16032,0,30706,0.522130,4,3,8,9,209359,27.43508,0.00623,2.33849,0.03242,1,1,2,1.376697,1.000000,1.761996,-0.061481,-0.061259,14.899182,2317,0.004112,0.074545,12769,5263,2834,1758,1291,932,685,568,4605,1,1,1,1
23.0000,1446,1,1,16075,1,31050,0.517730,3,5,19,606,205454,27.85116,0.00623,2.33849,0.03242,0,0,3,1.995828,1.745715,1.745715,-0.269525,-0.269047,14.690680,1451,0.018314,0.047346,12892,5215,2911,1839,1308,940,697,533,4714,1,1,1,1
23.9000,1446,1,1,16583,1,31923,0.519485,22,4,22,60,60182,28.47480,0.00623,2.33849,0.03242,0,1,3,1.678571,1.187085,1.074562,-0.581161,-0.580803,14.379835,148,0.040390,0.004934,13306,5414,2921,1848,1290,972,721,577,4873,1,1,1,1
22.3500,1447,1,1,15938,0,30399,0.524311,3,15,15,288,226812,27.41413,0.00623,2.35280,0.03550,1,1,2,1.072341,1.000000,1.163660,-0.037142,-0.037093,14.922176,2389,0.002486,0.076690,12566,5128,2871,1764,1235,944,664,578,4648,1,1,1,1
22.4000,1447,1,1,16059,1,30689,0.523299,2,109,109,109,51942,27.44862,0.00623,2.35280,0.03550,0,1,3,15.418095,15.049329,15.049329,-0.055272,-0.053382,14.907713,2317,0.003581,0.074451,12801,5216,2796,1750,1259,908,683,546,4729,1,1,1,1
23.0000,1447,1,1,15934,0,30840,0.516683,1,2,19,41,43786,27.86490,0.00623,2.35280,0.03550,1,0,3,1.344349,1.000000,1.155988,-0.262517,-0.262313,14.698510,1449,0.017846,0.047223,12684,5206,2926,1849,1314,896,659,542,4763,1,1,1,1
23.9000,1447,1,1,16375,1,31756,0.515667,1,3,16,734,43723,28.48858,0.00623,2.35280,0.03550,0,1,3,1.472842,1.183858,1.183858,-0.574374,-0.574106,14.386820,146,0.039905,0.004861,13202,5272,2918,1917,1297,966,669,581,4933,1,1,1,1
22.3500,1448,1,1,15752,0,30568,0.515327,1,2,6,21,100487,27.41777,0.00670,2.36364,0.02296,1,0,3,1.374450,1.000000,1.302283,-0.034955,-0.034735,14.926043,2394,0.002327,0.076778,12751,5158,2812,1780,1263,905,701,573,4624,1,1,1,1
22.4000,1448,1,1,15891,1,30621,0.518975,1,16,29,125,92114,27.45271,0.00670,2.36364,0.02296,0,1,3,3.233431,2.542349,2.542349,-0.052656,-0.051846,14.909056,2321,0.003477,0.074522,12774,5160,2797,1796,1295,909,651,565,4673,1,1,1,1
23.0000,1448,1,1,16267,1,31189,0.521579,2,39,40,103,22009,27.86870,0.00670,2.36364,0.02296,0,1,3,24.488809,19.355613,19.355613,-0.261355,-0.259147,14.701944,1453,0.017627,0.047309,12848,5317,2916,1928,1312,894,692,574,4707,1,1,1,1
23.9000,1448,1,1,16707,1,32099,0.520500,8,3,8,394,129169,28.49243,0.00670,2.36364,0.02296,0,1,3,1.633444,1.493602,1.493602,-0.572323,-0.571985,14.387225,148,0.039756,0.004924,13482,5438,3017,1853,1302,963,696,590,4757,1,1,1,1
22.3500,1449,1,1,15882,0,30718,0.517043,1,12,12,24,27400,27.43132,0.00718,2.35919,0.02603,1,1,2,1.359849,1.000000,5.550111,-0.028756,-0.028544,14.932258,2390,0.001912,0.076565,12770,5159,2914,1811,1264,948,693,546,4612,1,1,1,1
22.4000,1449,1,1,15905,1,30452,0.522315,1,4,8,81,14519,27.46576,0.00718,2.35919,0.02603,0,1,3,2.982035,2.389446,2.389446,-0.045681,-0.044927,14.915997,2318,0.003012,0.074339,12550,5176,2797,1849,1181,937,687,552,4722,1,1,1,1
23.0000,1449,1,1,16227,1,31115,0.521534,2,1,8,41,50128,27.88194,0.00718,2.35919,0.02603,0,0,3,1.356407,1.102592,1.102592,-0.253471,-0.253261,14.706791,1450,0.017221,0.047164,12966,5258,2998,1750,1222,891,684,584,4761,1,1,1,1
23.9000,1449,1,1,16595,1,32001,0.518594,4,5,22,48,90350,28.50572,0.00718,2.35919,0.02603,0,0,3,1.734694,1.528079,1.528079,-0.565510,-0.565130,14.394561,145,0.039260,0.004819,13316,5437,2992,1926,1223,929,693,619,4865,1,1,1,1
22.3500,1450,1,1,16047,1,30691,0.522874,1,1,29,38,60292,27.42657,0.01768,2.33728,0.02436,0,1,3,1.893074,1.364798,1.364798,-0.025226,-0.024786,14.935969,2392,0.001659,0.076557,12656,5263,2904,1807,1258,922,686,568,4626,1,1,1,1
22.4000,1450,1,1,15916,0,30689,0.518639,6,9,34,269,103051,27.46147,0.01768,2.33728,0.02436,1,1,2,1.307604,1.000000,3.627680,-0.043008,-0.042823,14.917440,2319,0.002871,0.074313,12676,5274,2861,1789,1217,919,670,595,4687,1,1,1,1
23.0000,1450,1,1,16328,0,31291,0.521828,6,3,1017,1017,31692,27.87735,0.01768,2.33728,0.02436,1,1,2,1.342509,1.000000,1.434758,-0.250616,-0.250412,14.710415,1451,0.017023,0.047152,12946,5355,2861,1888,1270,904,685,599,4782,1,1,1,1
23.9000,1450,1,1,16688,0,32161,0.518905,1,8,62,134,20538,28.50119,0.01768,2.33728,0.02436,1,1,2,1.332686,1.000000,3.340306,-0.562843,-0.562645,14.398194,145,0.039077,0.004814,13358,5507,2941,1954,1333,980,723,580,4784,1,1,1,1
22.3500,1451,1,1,16043,1,30770,0.521401,1,1,13,21,344056,27.42947,0.00695,2.33225,0.02377,0,1,3,1.716903,1.243546,1.243546,-0.028941,-0.028568,14.932200,2404,0.001913,0.076908,12883,5122,2851,1836,1290,946,694,571,4576,1,1,1,1
22.4000,1451,1,1,15962,0,30732,0.519410,3,259,259,259,76186,27.46434,0.00695,2.33225,0.02377,1,0,2,1.009044,1.000000,2.370216,-0.046600,-0.046594,14.914508,2332,0.003124,0.074693,12739,5192,2953,1772,1211,916,689,520,4739,1,1,1,1
23.0000,1451,1,1,16285,1,31239,0.521320,1,3,17,33,384848,27.88042,0.00695,2.33225,0.02377,0,1,3,1.867600,1.321323,1.265476,-0.254404,-0.253974,14.706633,1460,0.017269,0.047424,12907,5356,2920,1818,1274,896,707,578,4782,1,1,1,1
23.9000,1451,1,1,16638,0,32126,0.517914,17,7,71,403,93026,28.50382,0.00695,2.33225,0.02377,1,1,2,1.413933,1.000000,3.873383,-0.566510,-0.566272,14.394372,156,0.039340,0.005177,13427,5392,2984,1887,1343,963,738,572,4819,1,1,1,1
22.3500,1452,1,1,16018,0,30749,0.520944,1,5,16,246,35087,27.43804,0.00477,2.36072,0.02194,1,0,2,1.261214,1.000000,1.836651,-0.026187,-0.026028,14.934886,2405,0.001743,0.076873,12872,5131,2856,1798,1280,900,712,560,4639,1,1,1,1
22.4000,1452,1,1,15795,1,30564,0.516801,1,10,30,69,147209,27.47241,0.00477,2.36072,0.02194,0,1,3,4.481419,3.948005,3.948005,-0.043637,-0.042604,14.918443,2337,0.002856,0.074781,12581,5174,2923,1804,1268,889,707,553,4664,1,1,1,1
23.0000,1452,1,1,16394,0,31384,0.522385,1,116,116,116,5446429,27.88868,0.00477,2.36072,0.02194,1,1,2,1.115307,1.000000,14.328469,-0.252216,-0.252141,14.707448,1461,0.017144,0.047421,12953,5422,2859,1912,1351,906,751,567,4662,1,1,1,1
23.9000,1452,1,1,16729,1,32338,0.517333,1,136,136,136,12277,28.51213,0.00477,2.36072,0.02194,0,1,3,3.809130,2.996308,2.853578,-0.563386,-0.562465,14.397706,155,0.039066,0.005139,13492,5556,3033,1826,1317,998,701,581,4833,1,1,1,1
22.3500,1453,1,1,16025,1,30755,0.521070,1,7,17,61,489134,27.44023,0.00525,2.34956,0.02335,0,1,3,5.349555,4.143525,4.143525,-0.024968,-0.023814,14.935953,2403,0.001594,0.076750,12684,5310,2865,1859,1255,935,743,500,4603,1,1,1,1
22.4000,1453,1,1,16134,0,31001,0.520452,214,26,214,520,24537,27.47506,0.00525,2.34956,0.02335,1,1,2,1.410112,1.000000,12.879447,-0.042770,-0.042534,14.918148,2330,0.002851,0.074508,12868,5332,2962,1895,1230,890,700,548,4575,1,1,1,1
23.0000,1453,1,1,16405,1,31350,0.523302,1,30,30,285,42722,27.89104,0.00525,2.34956,0.02335,0,1,3,18.698702,14.984983,14.984983,-0.250814,-0.248799,14.709918,1458,0.016914,0.047283,13132,5284,2944,1837,1274,877,675,545,4781,1,1,1,1
23.9000,1453,1,1,16728,0,32031,0.522260,3,6,26,35,126796,28.51454,0.00525,2.34956,0.02335,1,1,2,1.376873,1.000000,3.081618,-0.562016,-0.561796,14.398981,153,0.039016,0.005069,13424,5341,3037,1873,1372,884,723,511,4865,1,1,1,1
22.3500,1454,1,1,16134,0,30963,0.521090,1,3,301,1704,43592,27.43676,0.00477,2.35363,0.03138,1,1,2,1.405786,1.000000,2.107383,-0.026543,-0.026309,14.934244,2407,0.001762,0.076834,13018,5146,2932,1857,1191,902,688,529,4699,1,1,1,1
22.4000,1454,1,1,16054,0,30843,0.520524,206,49,206,206,449554,27.47156,0.00477,2.35363,0.03138,1,1,2,1.089376,1.000000,4.596726,-0.044212,-0.044153,14.915270,2336,0.002960,0.074663,12903,5181,2789,1833,1323,947,688,536,4642,1,1,1,1
23.0000,1454,1,1,16211,1,31080,0.521606,4,4,214,214,78754,27.88773,0.00477,2.35363,0.03138,0,1,3,3.160810,2.272115,2.272115,-0.252058,-0.251266,14.707766,1461,0.017084,0.047355,12823,5240,2950,1844,1231,964,683,561,4783,1,1,1,1
23.9000,1454,1,1,16558,0,31902,0.519043,2,3,9,32,153071,28.51128,0.00477,2.35363,0.03138,1,1,2,1.378066,1.000000,1.871938,-0.563755,-0.563534,14.396918,158,0.039143,0.005232,13297,5340,2944,1942,1281,893,718,559,4927,1,1,1,1
22.3500,1455,1,1,16099,1,30814,0.522474,1,4,46,98,49252,27.42987,0.00930,2.34720,0.02582,0,1,3,2.621503,2.206505,2.206505,-0.028044,-0.027381,14.933722,2406,0.001834,0.076752,12970,5160,2838,1756,1204,864,683,544,4794,1,1,1,1
22.4000,1455,1,1,15892,0,30811,0.515807,10,70,414,499,76265,27.46464,0.00930,2.34720,0.02582,1,1,2,1.043693,1.000000,3.190971,-0.045562,-0.045532,14.913412,2334,0.003053,0.074557,12796,5227,2844,1802,1315,905,653,539,4729,1,1,1,1
23.0000,1455,1,1,16233,1,31338,0.518014,1,101,101,191,40764,27.88053,0.00930,2.34720,0.02582,0,1,3,22.152155,21.530866,21.530866,-0.254166,-0.252037,14.709069,1460,0.017135,0.047286,12971,5265,2869,1964,1259,972,693,606,4738,1,1,1,1
23.9000,1455,1,1,16682,0,32012,0.521133,4,3,8,40,29936,28.50413,0.00930,2.34720,0.02582,1,1,2,1.413728,1.000000,2.031645,-0.565151,-0.564913,14.395702,152,0.039242,0.005030,13365,5298,2941,1891,1303,973,739,601,4900,1,1,1,1
22.3500,1456,1,1,15960,0,30634,0.521007,1,97,97,100,43778,27.43361,0.00726,2.35382,0.02820,1,1,2,1.206320,1.000000,22.311519,-0.027827,-0.027698,14.933264,2412,0.001855,0.076893,12747,5138,2776,1772,1278,897,698,568,4759,1,1,1,1
22.4000,1456,1,1,16271,1,31040,0.524211,2,2,14,22,40792,27.46836,0.00726,2.35382,0.02820,0,0,3,1.813468,1.490308,1.490308,-0.044256,-0.043847,14.916171,2339,0.002940,0.074651,12978,5193,2910,1834,1331,913,705,557,4618,1,1,1,1
23.0000,1456,1,1,16346,0,31161,0.524583,2,4,9,69,17108,27.88444,0.00726,2.35382,0.02820,1,1,2,1.355458,1.000000,1.988367,-0.252409,-0.252200,14.708192,1465,0.017147,0.047418,12839,5330,2875,1816,1277,943,737,551,4792,1,1,1,1
23.9000,1456,1,1,16750,0,32254,0.519332,1,3,467,467,723816,28.50808,0.00726,2.35382,0.02820,1,0,3,1.209043,1.000000,1.079944,-0.564000,-0.563870,14.397090,155,0.039166,0.005125,13492,5457,2981,1886,1335,893,783,565,4861,1,1,1,1
22.3500,1457,1,1,15968,0,30772,0.518930,6,11,11,2578,35397,27.45866,0.00571,2.38989,0.02122,1,1,2,1.168862,1.000000,2.085866,-0.015093,-0.014986,14.944864,2410,0.001003,0.076717,12795,5279,2873,1788,1173,938,710,585,4630,1,1,1,1
22.4000,1457,1,1,16202,0,31104,0.520914,1,134,134,1047,771560,27.49339,0.00571,2.38989,0.02122,1,1,2,1.101162,1.000000,14.444548,-0.033124,-0.033057,14.926452,2338,0.002215,0.074517,13097,5179,2943,1825,1244,897,758,561,4599,1,1,1,1
23.0000,1457,1,1,16393,1,31467,0.520975,2,145,145,145,17419,27.90966,0.00571,2.38989,0.02122,0,1,3,57.335163,52.543114,52.543114,-0.241701,-0.238922,14.722183,1462,0.016229,0.047243,13063,5409,2868,1845,1312,935,738,578,4718,1,1,1,1
23.9000,1457,1,1,16757,1,32184,0.520679,1,6,1197,1197,471745,28.53334,0.00571,2.38989,0.02122,0,1,3,2.356257,2.132814,2.132814,-0.552438,-0.551850,14.409188,151,0.038298,0.004985,13531,5414,2946,1938,1268,898,729,514,4945,1,1,1,1
22.3500,1458,1,1,16125,1,30713,0.525039,2,5,7,117,590898,27.45250,0.01056,2.38388,0.02707,0,1,3,2.785226,2.338343,2.338343,-0.016096,-0.015394,14.944316,2411,0.001030,0.076699,12744,5185,2833,1898,1192,938,671,548,4703,1,1,1,1
22.4000,1458,1,1,15986,0,30596,0.522504,1,8,19,53,38625,27.48720,0.01056,2.38388,0.02707,1,1,2,1.153112,1.000000,1.648440,-0.033316,-0.033218,14.926568,2338,0.002225,0.074465,12719,5196,2727,1777,1254,930,710,556,4726,1,1,1,1
23.0000,1458,1,1,16287,1,31193,0.522153,7,8,40,419,286576,27.90318,0.01056,2.38388,0.02707,0,1,3,5.752297,4.269598,4.269598,-0.241647,-0.240447,14.720628,1463,0.016334,0.047248,12745,5359,2975,1901,1271,899,731,561,4750,1,1,1,1
23.9000,1458,1,1,16788,0,32129,0.522535,1,94,94,94,444194,28.52692,0.01056,2.38388,0.02707,1,1,2,1.020161,1.000000,1.953690,-0.553246,-0.553232,14.407864,151,0.038398,0.004982,13279,5514,2985,1925,1330,949,734,553,4859,1,1,1,1
22.3500,1459,1,1,16151,1,30904,0.522635,4,37,37,37,53669,27.46582,0.00523,2.37515,0.02313,0,1,3,6.299738,6.129025,6.129025,-0.012266,-0.011004,14.950095,2414,0.000736,0.076712,12856,5267,2813,1844,1259,898,662,589,4715,1,1,1,1
22.4000,1459,1,1,15967,1,30729,0.519624,2,2,6,73,33129,27.50050,0.00523,2.37515,0.02313,0,1,3,2.041659,1.530164,1.530164,-0.029130,-0.028641,14.931101,2341,0.001918,0.074487,12739,5195,2832,1756,1251,977,681,568,4729,1,1,1,1
23.0000,1459,1,1,16418,0,31329,0.524068,2,2,26,51,111913,27.91667,0.00523,2.37515,0.02313,1,0,3,1.382702,1.000000,1.157297,-0.237106,-0.236883,14.723886,1464,0.016088,0.047238,12933,5362,2961,1834,1258,916,707,583,4774,1,1,1,1
23.9000,1459,1,1,16926,0,32393,0.522536,1,1,13,311,48319,28.54046,0.00523,2.37515,0.02313,1,0,3,1.379255,1.000000,1.112085,-0.548997,-0.548777,14.411999,151,0.038078,0.004978,13435,5606,3047,1875,1368,951,774,611,4725,1,1,1,1
22.3500,1460,1,1,16148,0,30896,0.522674,3,97,97,97,38803,27.45744,0.00734,2.39094,0.02149,1,1,2,1.018462,1.000000,1.818618,-0.015292,-0.015280,14.943091,2414,0.001023,0.076695,12843,5271,2846,1859,1294,928,706,523,4625,1,1,1,1
22.4000,1460,1,1,16130,0,31033,0.519786,1,2,78,104,157181,27.49209,0.00734,2.39094,0.02149,1,1,2,1.414210,1.000000,1.497248,-0.032541,-0.032304,14.928331,2342,0.002164,0.074481,12974,5346,2857,1781,1221,893,687,578,4695,1,1,1,1
23.0000,1460,1,1,16582,0,31708,0.522976,1,1,118,118,126501,27.90798,0.00734,2.39094,0.02149,1,1,3,1.340933,1.000000,1.180285,-0.240406,-0.240205,14.720903,1465,0.016317,0.047247,13106,5549,2866,1901,1332,953,731,535,4734,1,1,1,1
23.9000,1460,1,1,16909,1,32274,0.523936,1,45,45,262,66723,28.53181,0.00734,2.39094,0.02149,0,1,3,20.153414,17.851282,17.851282,-0.553264,-0.551207,14.407718,151,0.038258,0.004976,13473,5403,2979,1925,1327,965,754,594,4853,1,1,1,1
22.3500,1461,1,1,15967,1,30778,0.518797,1,6,15,1532,70682,27.45237,0.01238,2.38487,0.02556,0,1,3,4.666492,3.654399,3.654399,-0.015375,-0.014320,14.945427,2413,0.000958,0.076599,12848,5176,2830,1751,1326,933,702,550,4661,1,1,1,1
22.4000,1461,1,1,16137,1,30857,0.522978,1,3,8,26,94892,27.48701,0.01238,2.38487,0.02556,0,1,3,1.816105,1.578305,1.578305,-0.032390,-0.031981,14.929025,2339,0.002142,0.074332,12787,5196,2953,1823,1242,937,661,561,4696,1,1,1,1
23.0000,1461,1,1,16308,0,31192,0.522843,12,19,83,167,170838,27.90309,0.01238,2.38487,0.02556,1,1,2,1.095423,1.000000,2.022289,-0.240520,-0.240457,14.719019,1462,0.016337,0.047124,12962,5207,2804,1935,1240,911,728,560,4844,1,1,1,1
23.9000,1461,1,1,16717,1,32199,0.519194,8,11,11,38,14723,28.52649,0.01238,2.38487,0.02556,0,1,3,6.858682,5.489449,5.489449,-0.552573,-0.551255,14.406940,148,0.038263,0.004874,13418,5428,2940,1931,1323,964,729,560,4905,1,1,1,1
22.3500,1462,1,1,16104,0,31008,0.519367,2,74,74,74,28658,27.45326,0.00474,2.38387,0.02394,1,1,2,1.380274,1.000000,34.040043,-0.019347,-0.019126,14.941339,2420,0.001280,0.076790,12803,5324,2890,1863,1221,955,712,591,4648,1,1,1,1
22.4000,1462,1,1,16111,1,30957,0.520448,1,30,30,2919,663511,27.48787,0.00474,2.38387,0.02394,0,0,3,5.382904,4.677907,4.677907,-0.035973,-0.034822,14.924959,2347,0.002333,0.074555,12808,5224,2888,1822,1293,975,746,528,4672,1,1,1,1
23.0000,1462,1,1,16451,1,31458,0.522968,2,5,16,33,22136,27.90414,0.00474,2.38387,0.02394,0,0,3,1.834314,1.442085,1.442085,-0.243703,-0.243288,14.716895,1469,0.016531,0.047324,13067,5287,2948,1818,1315,924,723,549,4826,1,1,1,1
23.9000,1462,1,1,16720,0,32060,0.521538,2,11,22,171,31062,28.52759,0.00474,2.38387,0.02394,1,1,2,1.405219,1.000000,5.758947,-0.555904,-0.555672,14.404884,155,0.038575,0.005102,13276,5395,2912,1970,1305,998,707,601,4895,1,1,1,1
22.3500,1463,1,1,16119,1,30834,0.522784,18,5,18,74,40292,27.44723,0.00474,2.38994,0.02209,0,1,3,2.866310,2.246318,2.246318,-0.021739,-0.021019,14.939887,2419,0.001407,0.076713,12813,5286,2774,1771,1297,914,704,578,4696,1,1,1,1
22.4000,1463,1,1,16224,0,31004,0.523304,3,11,13,206,447714,27.48182,0.00474,2.38994,0.02209,1,1,2,1.382259,1.000000,5.564114,-0.039342,-0.039121,14.921351,2346,0.002622,0.074491,12894,5321,2870,1772,1258,873,713,589,4713,1,1,1,1
23.0000,1463,1,1,16467,1,31515,0.522530,2,1,4,19,38728,27.89780,0.00474,2.38994,0.02209,0,0,3,1.413116,1.119781,1.119781,-0.246769,-0.246533,14.713624,1468,0.016755,0.047270,13004,5373,2993,1905,1242,976,756,555,4710,1,1,1,1
23.9000,1463,1,1,16841,1,32438,0.519191,1,234,234,339,58222,28.52130,0.00474,2.38994,0.02209,0,1,3,8.869473,8.003835,7.985305,-0.559208,-0.557716,14.401846,152,0.038725,0.005000,13505,5572,3031,1905,1323,936,734,561,4870,1,1,1,1
22.3500,1464,1,1,16084,0,30805,0.522140,1,6,11,11,125933,27.45652,0.00521,2.37551,0.02879,1,0,2,1.321569,1.000000,2.791080,-0.016767,-0.016576,14.944283,2423,0.001109,0.076765,12671,5257,2941,1754,1266,915,692,556,4752,1,1,1,1
22.4000,1464,1,1,16083,1,31002,0.518790,1,3,15,31,130404,27.49108,0.00521,2.37551,0.02879,0,1,3,1.316857,1.191880,1.191880,-0.033755,-0.033567,14.927474,2350,0.002249,0.074536,12911,5229,2873,1854,1232,950,686,542,4724,1,1,1,1
23.0000,1464,1,1,16473,1,31432,0.524100,9,4,12,47,61429,27.90725,0.00521,2.37551,0.02879,0,1,3,2.438491,2.005383,2.005383,-0.242017,-0.241408,14.719564,1471,0.016400,0.047315,12919,5427,2957,1827,1257,924,744,576,4800,1,1,1,1
23.9000,1464,1,1,16872,0,32219,0.523682,12,4,31,31,15756,28.53080,0.00521,2.37551,0.02879,1,1,2,1.386107,1.000000,2.071722,-0.553810,-0.553587,14.406897,154,0.038425,0.005061,13352,5498,2965,1935,1272,957,714,555,4970,1,1,1,1
22.3500,1465,1,1,16094,0,30930,0.520353,1,6,15,77,32436,27.44694,0.00568,2.38396,0.02954,1,1,3,1.128369,1.000000,1.081216,-0.020812,-0.020730,14.938949,2421,0.001388,0.076677,12818,5270,2889,1778,1232,916,752,573,4701,1,1,1,1
22.4000,1465,1,1,16226,0,31192,0.520214,1,12,77,96,136138,27.48195,0.00568,2.38396,0.02954,1,1,2,1.345495,1.000000,5.262640,-0.038878,-0.038675,14.921698,2347,0.002592,0.074419,13085,5372,2833,1765,1215,861,727,561,4772,1,1,1,1
23.0000,1465,1,1,16374,0,31457,0.520537,1,2,6,508,17024,27.89784,0.00568,2.38396,0.02954,1,1,2,1.359053,1.000000,1.487675,-0.246389,-0.246179,14.714229,1468,0.016731,0.047204,12944,5352,3012,1866,1306,904,732,591,4749,1,1,1,1
23.9000,1465,1,1,16809,1,32345,0.519695,1,3,12,73,17852,28.52144,0.00568,2.38396,0.02954,0,1,3,3.119096,2.276277,2.276277,-0.558330,-0.557553,14.403466,153,0.038710,0.005026,13559,5387,2953,1831,1337,960,759,598,4960,1,1,1,1
22.3500,1466,1,1,16104,0,30844,0.522128,7,1,7,35,959078,27.44482,0.00567,2.38801,0.02379,1,0,3,1.390719,1.000000,1.039666,-0.022142,-0.021917,14.938839,2422,0.001467,0.076656,12793,5228,2883,1838,1256,915,686,545,4699,1,1,1,1
22.4000,1466,1,1,16094,0,30853,0.521652,4,8,25,218,38419,27.47934,0.00567,2.38801,0.02379,1,1,2,1.299658,1.000000,3.150175,-0.039819,-0.039641,14.920618,2349,0.002657,0.074437,12774,5185,2974,1743,1256,896,723,568,4733,1,1,1,1
23.0000,1466,1,1,16449,1,31512,0.522008,114,9,114,2813,248127,27.89542,0.00567,2.38801,0.02379,0,1,3,2.916331,2.782287,2.782287,-0.247818,-0.247088,14.710030,1469,0.016797,0.047217,13053,5280,3030,1890,1245,942,711,570,4790,1,1,1,1
23.9000,1466,1,1,16839,1,32238,0.522350,1,6,10,5078,278425,28.51906,0.00567,2.38801,0.02379,0,1,3,4.373581,3.322547,3.322547,-0.559700,-0.558693,14.402408,150,0.038792,0.004924,13371,5494,3006,1873,1289,986,713,560,4945,1,1,1,1
22.3500,1467,1,1,16187,1,30913,0.523648,49,2,49,49,42333,27.43223,0.00472,2.38789,0.02900,0,1,3,1.605384,1.261359,1.261359,-0.028845,-0.028522,14.932388,2426,0.001910,0.076764,12867,5210,2875,1835,1248,947,702,534,4694,1,1,1,1
22.4000,1467,1,1,16210,0,30984,0.523190,1,4,80,80,46074,27.46672,0.00472,2.38789,0.02900,1,1,2,1.255533,1.000000,1.605403,-0.046177,-0.046022,14.914121,2353,0.003086,0.074545,12971,5121,2938,1870,1269,904,695,546,4669,1,1,1,1
23.0000,1467,1,1,16474,0,31567,0.521891,1,4,6,1499,36882,27.88298,0.00472,2.38789,0.02900,1,1,3,1.173972,1.000000,1.119271,-0.254182,-0.254073,14.706919,1472,0.017276,0.047291,13064,5375,3037,1889,1295,859,705,569,4773,1,1,1,1
23.9000,1467,1,1,16849,1,32279,0.521996,1,6,6,36,141744,28.50668,0.00472,2.38789,0.02900,0,1,3,4.206944,3.347444,3.347444,-0.566416,-0.565437,14.394207,152,0.039282,0.004989,13397,5543,2949,1905,1300,934,773,550,4927,1,1,1,1
22.3500,1468,1,1,16237,1,31183,0.520717,3,6,261,261,483141,27.44415,0.01021,2.40816,0.02803,0,0,3,2.317561,2.029722,2.029722,-0.020150,-0.019578,14.940170,2428,0.001310,0.076735,12946,5401,2892,1824,1327,953,680,529,4630,1,1,1,1
22.4000,1468,1,1,16079,1,30878,0.520744,9,33,36,128,118926,27.47909,0.01021,2.40816,0.02803,0,1,3,17.633353,15.058573,15.058573,-0.038307,-0.036353,14.921176,2354,0.002436,0.074491,12706,5302,2908,1827,1299,922,650,541,4722,1,1,1,1
23.0000,1468,1,1,16429,1,31582,0.520218,1,78,87,87,81790,27.89507,0.01021,2.40816,0.02803,0,0,3,5.707792,5.065010,5.065010,-0.245927,-0.244740,14.714935,1473,0.016632,0.047265,13177,5313,2959,1854,1267,948,672,579,4812,1,1,1,1
23.9000,1468,1,1,16693,1,32259,0.517484,1,60,60,60,31731,28.51881,0.01021,2.40816,0.02803,0,1,3,5.472806,4.661488,4.650509,-0.557766,-0.556608,14.403275,152,0.038645,0.004983,13304,5515,3065,1887,1300,971,735,564,4917,1,1,1,1
22.3500,1469,1,1,16243,1,30993,0.524103,1,2,14,3627,133872,27.43804,0.01180,2.40876,0.02468,0,1,3,2.218063,1.620686,1.620686,-0.022640,-0.022097,14.938703,2427,0.001479,0.076659,12696,5346,2982,1832,1279,884,724,569,4680,1,1,1,1
22.4000,1469,1,1,16252,0,31055,0.523346,1,2,45,45,674233,27.47249,0.01180,2.40876,0.02468,1,0,3,1.352283,1.000000,1.067360,-0.039720,-0.039515,14.921310,2352,0.002648,0.074376,12801,5289,2928,1855,1286,941,718,573,4663,1,1,1,1
23.0000,1469,1,1,16407,1,31504,0.520808,2,2,15,20,71269,27.88866,0.01180,2.40876,0.02468,0,1,3,1.622768,1.153560,1.036314,-0.247772,-0.247443,14.713126,1470,0.016818,0.047143,13063,5359,2886,1890,1293,951,695,574,4792,1,1,1,1
23.9000,1469,1,1,17003,1,32394,0.524897,2,9,9,46,35743,28.51244,0.01180,2.40876,0.02468,0,1,3,3.995771,3.458485,3.458485,-0.560099,-0.559156,14.400437,149,0.038829,0.004882,13307,5660,3089,1884,1345,996,731,577,4804,1,1,1,1
22.3500,1470,1,1,16282,0,31031,0.524718,17,64,64,64,34372,27.45051,0.00519,2.41803,0.02287,1,1,2,1.335450,1.000000,25.301518,-0.020481,-0.020284,14.940068,2431,0.001358,0.076726,12873,5282,2909,1808,1275,914,736,526,4707,1,1,1,1
22.4000,1470,1,1,16168,0,31096,0.519955,1,37,1333,1333,19878,27.48540,0.00519,2.41803,0.02287,1,1,2,1.124381,1.000000,5.080796,-0.037381,-0.037301,14.922363,2355,0.002500,0.074415,12928,5312,2871,1804,1347,946,645,572,4670,1,1,1,1
23.0000,1470,1,1,16404,0,31532,0.520250,1,22,22,46,14381,27.90129,0.00519,2.41803,0.02287,1,1,2,1.152843,1.000000,3.867317,-0.245232,-0.245136,14.714664,1473,0.016659,0.047202,13019,5321,3074,1748,1242,975,682,563,4907,1,1,1,1
23.9000,1470,1,1,16917,1,32435,0.521582,1,6,33,244,37890,28.52512,0.00519,2.41803,0.02287,0,1,3,4.360235,3.400257,3.400257,-0.557103,-0.556101,14.405002,150,0.038605,0.004910,13509,5509,3036,1949,1325,958,719,549,4880,1,1,1,1
22.3500,1471,1,1,16077,1,31021,0.518279,1,35,107,107,63222,27.45200,0.00518,2.43437,0.02543,0,1,3,24.210557,18.230863,18.230863,-0.019462,-0.017296,14.943799,2429,0.001157,0.076591,12833,5272,2903,1839,1294,920,753,577,4629,1,1,1,1
22.4000,1471,1,1,16092,0,30979,0.519465,1,1,12,41,173111,27.48687,0.00518,2.43437,0.02543,1,1,3,1.345981,1.000000,1.139699,-0.035939,-0.035737,14.924642,2355,0.002395,0.074353,12654,5318,2960,1809,1335,963,671,523,4745,1,1,1,1
23.0000,1471,1,1,16368,0,31479,0.519982,7,99,99,99,14390,27.90294,0.00518,2.43437,0.02543,1,1,2,1.078871,1.000000,8.202866,-0.244664,-0.244612,14.714753,1472,0.016624,0.047138,12929,5353,3063,1784,1325,1010,687,556,4771,1,1,1,1
23.9000,1471,1,1,17104,0,32590,0.524840,3,2,6,54,56074,28.52635,0.00518,2.43437,0.02543,1,1,2,1.413902,1.000000,1.596671,-0.555809,-0.555573,14.405085,149,0.038568,0.004874,13590,5515,3058,1885,1356,971,771,565,4878,1,1,1,1
22.3500,1472,1,1,16314,0,31106,0.524482,8,12,135,135,162903,27.45725,0.01032,2.44469,0.01955,1,1,2,1.413813,1.000000,6.552786,-0.014224,-0.013989,14.946639,2438,0.000936,0.076808,12943,5348,2820,1793,1259,966,698,574,4704,1,1,1,1
22.4000,1472,1,1,16153,1,31085,0.519656,5,1,25,25,44962,27.49162,0.01032,2.44469,0.01955,0,1,3,1.423520,1.022429,1.022429,-0.030746,-0.030506,14.930006,2366,0.002043,0.074623,12931,5247,2942,1842,1271,920,746,558,4627,1,1,1,1
23.0000,1472,1,1,16623,1,31596,0.526128,1,2,39,39,32561,27.90789,0.01032,2.44469,0.01955,0,0,3,2.063179,1.485714,1.485714,-0.239038,-0.238546,14.721953,1481,0.016203,0.047370,13198,5332,2888,1887,1281,906,715,539,4849,1,1,1,1
23.9000,1472,1,1,16923,1,32410,0.522170,1,7,7,31,94139,28.53134,0.01032,2.44469,0.01955,0,0,3,1.927020,1.454842,1.454842,-0.550750,-0.550305,14.410022,157,0.038189,0.005130,13442,5474,3070,1964,1297,969,703,586,4904,1,1,1,1
22.3500,1473,1,1,15961,1,30707,0.519801,2,5,42,230,18777,27.45184,0.01704,2.43224,0.02227,0,1,3,2.369800,2.091611,2.091611,-0.013011,-0.012425,14.948621,2436,0.000831,0.076683,12564,5333,2810,1790,1288,933,640,546,4802,1,1,1,1
22.4000,1473,1,1,16425,1,31194,0.526560,3,6,7,292,108888,27.48667,0.01704,2.43224,0.02227,0,1,3,3.034450,2.600706,2.600706,-0.030501,-0.029747,14.931303,2362,0.001992,0.074440,12965,5276,2966,1790,1275,927,699,536,4759,1,1,1,1
23.0000,1473,1,1,16531,1,31601,0.523133,1,28,28,28,137803,27.90265,0.01704,2.43224,0.02227,0,1,3,2.000321,1.421344,1.142273,-0.238210,-0.237740,14.722835,1478,0.016148,0.047240,13074,5372,3019,1810,1261,951,740,554,4819,1,1,1,1
23.9000,1473,1,1,17064,0,32633,0.522922,1,12,26,195,27018,28.52615,0.01704,2.43224,0.02227,1,1,3,1.075276,1.000000,1.104224,-0.549941,-0.549892,14.409446,154,0.038162,0.005029,13605,5573,3070,1855,1297,1015,770,590,4857,1,1,1,1
22.3500,1474,1,1,16346,0,31187,0.524145,2,6,8,69,21509,27.46620,0.00611,2.41692,0.02285,1,0,2,1.201127,1.000000,1.477190,-0.011014,-0.010889,14.950084,2438,0.000728,0.076686,12896,5382,2942,1799,1316,905,678,586,4682,1,1,1,1
22.4000,1474,1,1,16258,0,31001,0.524452,3,3,10,48,589729,27.50100,0.00611,2.41692,0.02285,1,1,2,1.363560,1.000000,1.676964,-0.028447,-0.028236,14.932575,2364,0.001891,0.074446,12726,5236,2893,1871,1268,985,721,569,4731,1,1,1,1
23.0000,1474,1,1,16456,0,31631,0.520266,1,5,5,2536,37758,27.91717,0.00611,2.41692,0.02285,1,1,3,1.150898,1.000000,1.121273,-0.236376,-0.236281,14.723516,1479,0.016048,0.047237,13018,5407,2951,1906,1266,1000,744,549,4789,1,1,1,1
23.9000,1474,1,1,17102,0,32701,0.522997,1,4,43,205,52185,28.54072,0.00611,2.41692,0.02285,1,1,2,1.395614,1.000000,2.455781,-0.548446,-0.548219,14.412529,153,0.038038,0.004992,13754,5503,3046,1919,1300,948,725,541,4964,1,1,1,1
22.3500,1475,1,1,16112,0,30844,0.522388,3,3,17,94,88101,27.46315,0.00564,2.42751,0.03087,1,0,3,1.230093,1.000000,1.078985,-0.012976,-0.012836,14.948116,2439,0.000859,0.076676,12653,5192,2901,1820,1289,932,698,561,4797,1,1,1,1
22.4000,1475,1,1,16221,1,31131,0.521073,1,24,63,584,3325748,27.49792,0.00564,2.42751,0.03087,0,1,3,8.020182,7.111831,7.111831,-0.031003,-0.029591,14.931449,2365,0.001982,0.074433,12967,5259,2859,1787,1246,944,719,562,4787,1,1,1,1
23.0000,1475,1,1,16361,1,31463,0.520024,2,5,80,87,34335,27.91381,0.00564,2.42751,0.03087,0,1,3,3.119804,2.537154,2.537154,-0.238598,-0.237826,14.723179,1480,0.016153,0.047238,12927,5338,2994,1772,1289,968,730,557,4887,1,1,1,1
23.9000,1475,1,1,16897,1,32549,0.519141,6,7,29,104,241524,28.53741,0.00564,2.42751,0.03087,0,1,3,2.029107,1.819395,1.819395,-0.550281,-0.549801,14.411236,158,0.038151,0.005152,13443,5557,3076,1931,1320,978,790,604,4849,1,1,1,1
22.3500,1476,1,1,16346,0,31056,0.526356,1,64,64,118,15567,27.45779,0.01075,2.42783,0.02282,1,1,2,1.044336,1.000000,3.002353,-0.013279,-0.013249,14.945743,2446,0.000887,0.076856,12917,5293,2893,1818,1239,895,706,547,4747,1,1,1,1
22.4000,1476,1,1,16284,0,31311,0.520089,1,26,26,26,74613,27.49254,0.01075,2.42783,0.02282,1,1,2,1.227721,1.000000,7.006129,-0.030945,-0.030806,14.929266,2367,0.002063,0.074456,12915,5377,3009,1869,1261,914,714,522,4729,1,1,1,1
23.0000,1476,1,1,16462,0,31570,0.521461,1,1,13,8985,179643,27.90862,0.01075,2.42783,0.02282,1,1,3,1.397506,1.000000,1.098422,-0.238329,-0.238102,14.722431,1481,0.016173,0.047241,13002,5461,2949,1866,1306,915,690,535,4845,1,1,1,1
23.9000,1476,1,1,17009,1,32566,0.522309,1,2,65,65,149121,28.53226,0.01075,2.42783,0.02282,0,1,3,2.245916,1.637945,1.637945,-0.550314,-0.549765,14.411034,153,0.038149,0.004986,13417,5740,3107,1883,1262,947,742,573,4894,1,1,1,1
22.3500,1477,1,1,16241,1,31138,0.521598,1,8,27,27,193316,27.46651,0.00657,2.42152,0.02230,0,0,3,3.236657,2.537646,2.537646,-0.010788,-0.009993,14.950214,2439,0.000668,0.076561,12845,5256,2960,1860,1292,922,747,552,4703,1,1,1,1
22.4000,1477,1,1,16267,1,31157,0.522115,1,3,26,96,15307,27.50124,0.00657,2.42152,0.02230,0,1,3,1.504951,1.450202,1.450202,-0.027944,-0.027667,14.933434,2365,0.001853,0.074322,12826,5323,2942,1786,1299,918,687,566,4809,1,1,1,1
23.0000,1477,1,1,16483,1,31533,0.522739,1,18,18,18,39603,27.91750,0.00657,2.42152,0.02230,0,1,3,2.212196,1.635731,1.537675,-0.236106,-0.235568,14.725261,1478,0.015998,0.047104,13036,5338,2976,1849,1312,898,736,555,4832,1,1,1,1
23.9000,1477,1,1,16766,0,32404,0.517421,2,1,17,55,72039,28.54120,0.00657,2.42152,0.02230,1,1,3,1.412621,1.000000,1.196555,-0.547849,-0.547616,14.413064,151,0.037994,0.004917,13527,5526,2907,1904,1280,951,749,587,4972,1,1,1,1
22.3500,1478,1,1,16239,1,31206,0.520397,1,3,16,30,106123,27.48519,0.00563,2.42791,0.02134,0,0,3,2.169161,1.743959,1.743959,-0.002083,-0.001559,14.958563,2445,0.000104,0.076655,12878,5405,2875,1803,1273,960,725,527,4759,1,1,1,1
22.4000,1478,1,1,16316,0,31220,0.522630,1,14,27,337,37697,27.51990,0.00563,2.42791,0.02134,1,1,2,1.372264,1.000000,6.685040,-0.019903,-0.019689,14.940765,2370,0.001318,0.074392,12872,5412,2861,1844,1274,904,697,561,4794,1,1,1,1
23.0000,1478,1,1,16723,1,31921,0.523904,1,26,37,172,148263,27.93588,0.00563,2.42791,0.02134,0,1,3,3.359930,2.600361,2.521453,-0.227562,-0.226742,14.733508,1483,0.015390,0.047205,13379,5376,3069,1828,1270,940,684,551,4823,1,1,1,1
23.9000,1478,1,1,17089,1,32691,0.522759,2,45,234,234,113829,28.55962,0.00563,2.42791,0.02134,0,1,3,32.124174,22.931655,22.931655,-0.540181,-0.537833,14.423278,153,0.037289,0.004975,13597,5520,3141,1859,1383,969,726,607,4888,1,1,1,1
22.3500,1479,1,1,16152,0,31050,0.520210,1,2,103,103,36425,27.47195,0.00562,2.41754,0.02630,1,0,2,1.371644,1.000000,1.718662,-0.008550,-0.008336,14.952464,2445,0.000558,0.076634,12749,5282,2867,1845,1293,886,745,512,4870,1,1,1,1
22.4000,1479,1,1,16393,1,31371,0.522569,1,19,245,245,77776,27.50663,0.00562,2.41754,0.02630,0,1,3,2.147148,1.523961,1.227755,-0.025776,-0.025259,14.935329,2372,0.001691,0.074432,13029,5391,2845,1903,1253,961,716,584,4688,1,1,1,1
23.0000,1479,1,1,16656,0,31620,0.526772,1,2,265,265,94645,27.92280,0.00562,2.41754,0.02630,1,1,3,1.411842,1.000000,1.444277,-0.233900,-0.233667,14.727021,1482,0.015867,0.047162,13092,5357,2919,1786,1330,937,739,549,4910,1,1,1,1
23.9000,1479,1,1,17055,1,32732,0.521066,1,2,9,43,18129,28.54659,0.00562,2.41754,0.02630,0,1,3,2.389291,1.749442,1.749442,-0.545873,-0.545284,14.415668,152,0.037826,0.004942,13732,5533,2958,1879,1368,985,722,583,4971,1,1,1,1
22.3500,1480,1,1,16345,1,31325,0.521804,17,18,18,31,154765,27.46118,0.00609,2.41509,0.02879,0,1,3,6.059478,5.689808,5.689808,-0.014409,-0.013192,14.944747,2450,0.000883,0.076779,13008,5389,2887,1909,1251,911,697,587,4685,1,1,1,1
22.4000,1480,1,1,16403,1,31223,0.525367,1,8,31,403,34124,27.49584,0.00609,2.41509,0.02879,0,1,3,4.503444,3.645538,3.645538,-0.031587,-0.030570,14.929434,2373,0.002048,0.074442,12973,5265,2904,1928,1218,948,698,566,4722,1,1,1,1
23.0000,1480,1,1,16606,0,31666,0.524428,3,1,9,9,58071,27.91173,0.00609,2.41509,0.02879,1,1,3,1.412346,1.000000,1.071094,-0.239117,-0.238884,14.721731,1485,0.016227,0.047242,13090,5315,2931,1871,1307,974,704,566,4907,1,1,1,1
23.9000,1480,1,1,16737,1,32326,0.517773,3,9,49,319,63334,28.53556,0.00609,2.41509,0.02879,0,0,3,1.558091,1.272775,1.272775,-0.551089,-0.550790,14.409277,153,0.038225,0.004973,13323,5475,3026,1949,1367,943,747,571,4924,1,1,1,1
22.3500,1481,1,1,16320,0,31216,0.522826,16,97,112,112,38095,27.45900,0.00655,2.42069,0.02223,1,0,2,1.053977,1.000000,5.399986,-0.015085,-0.015049,14.946033,2449,0.001007,0.076689,12953,5359,2844,1840,1251,935,619,554,4860,1,1,1,1
22.4000,1481,1,1,16326,0,31448,0.519159,1,7,29,84,11048,27.49364,0.00655,2.42069,0.02223,1,1,2,1.412057,1.000000,4.018432,-0.032300,-0.032068,14.928619,2371,0.002148,0.074333,13121,5312,2889,1853,1284,948,705,598,4737,1,1,1,1
23.0000,1481,1,1,16510,0,31792,0.519329,5,16,45,75,1376460,27.90971,0.00655,2.42069,0.02223,1,1,2,1.412445,1.000000,8.117046,-0.240577,-0.240344,14.720272,1483,0.016327,0.047152,13106,5509,2993,1846,1309,973,685,541,4829,1,1,1,1
23.9000,1481,1,1,17118,0,32636,0.524529,15,16,16,1450,78075,28.53312,0.00655,2.42069,0.02223,1,1,2,1.404604,1.000000,7.983891,-0.552277,-0.552048,14.408519,150,0.038314,0.004872,13511,5592,3056,1922,1296,942,722,610,4984,1,1,1,1
22.3500,1482,1,1,16213,1,31046,0.522242,1,2,10,213,49302,27.46010,0.00655,2.43126,0.02515,0,0,3,1.817517,1.380173,1.380173,-0.013907,-0.013504,14.946812,2448,0.000903,0.076602,12828,5179,2884,1774,1308,989,738,562,4783,1,1,1,1
22.4000,1482,1,1,16291,1,31499,0.517207,5,9,11,122,13981,27.49471,0.00655,2.43126,0.02515,0,1,3,6.330797,4.644305,4.644305,-0.031626,-0.030381,14.930728,2376,0.002035,0.074429,13224,5203,2958,1843,1317,954,687,524,4788,1,1,1,1
23.0000,1482,1,1,16480,0,31675,0.520301,1,6,16,23,65794,27.91098,0.00655,2.43126,0.02515,1,1,2,1.238102,1.000000,1.814477,-0.239434,-0.239290,14.720819,1483,0.016255,0.047118,13126,5384,2977,1809,1332,889,716,553,4888,1,1,1,1
23.9000,1482,1,1,16990,0,32692,0.519715,1,12,45,164,33294,28.53443,0.00655,2.43126,0.02515,1,1,2,1.413301,1.000000,6.731298,-0.551612,-0.551378,14.409248,150,0.038266,0.004869,13669,5568,3036,1809,1347,930,778,574,4980,1,1,1,1
22.3500,1483,1,1,16204,0,31116,0.520778,1,4,7,35,160414,27.46809,0.00514,2.43253,0.02305,1,1,3,1.193094,1.000000,1.161205,-0.010839,-0.010720,14.950264,2452,0.000717,0.076658,12817,5281,2925,1846,1193,965,710,547,4831,1,1,1,1
22.4000,1483,1,1,16367,1,31203,0.524550,1,13,56,84,51670,27.50267,0.00514,2.43253,0.02305,0,1,3,2.079941,1.530531,1.460036,-0.028226,-0.027732,14.933090,2378,0.001857,0.074430,12889,5252,2995,1842,1271,875,713,574,4791,1,1,1,1
23.0000,1483,1,1,16639,1,31847,0.522483,1,7,7,97,11472,27.91865,0.00514,2.43253,0.02305,0,1,3,4.172659,3.423912,3.423912,-0.236517,-0.235554,14.725440,1488,0.015996,0.047230,13233,5472,2936,1884,1249,948,680,558,4886,1,1,1,1
23.9000,1483,1,1,17016,0,32553,0.522733,1,2,8,42,39333,28.54216,0.00514,2.43253,0.02305,1,1,2,1.411388,1.000000,1.554953,-0.548002,-0.547769,14.412839,162,0.038006,0.005254,13438,5552,3045,1915,1308,1018,737,572,4967,1,1,1,1
22.3500,1484,1,1,16300,0,31336,0.520185,1,821,821,821,1030345,27.45468,0.01048,2.42846,0.02287,1,1,2,1.081914,1.000000,70.128463,-0.016123,-0.016070,14.943340,2457,0.001075,0.076798,12977,5341,2926,1906,1272,904,717,561,4731,1,1,1,1
22.4000,1484,1,1,16539,1,31540,0.524398,1,8,12,50,32029,27.48924,0.01048,2.42846,0.02287,0,0,3,2.926159,2.249535,2.249535,-0.032244,-0.031520,14.928758,2380,0.002111,0.074464,13167,5414,2905,1849,1281,891,690,545,4797,1,1,1,1
23.0000,1484,1,1,16670,0,31924,0.522194,4,4,4,9,283414,27.90541,0.01048,2.42846,0.02287,1,1,2,1.412473,1.000000,2.320494,-0.240340,-0.240108,14.720578,1489,0.016311,0.047246,13254,5538,2896,1841,1342,993,749,562,4748,1,1,1,1
23.9000,1484,1,1,17081,1,32737,0.521780,43,10,43,43,494417,28.52896,0.01048,2.42846,0.02287,0,0,3,1.188755,1.165967,1.165967,-0.551883,-0.551767,14.406695,155,0.038299,0.005025,13597,5626,3031,1934,1337,987,702,568,4954,1,1,1,1
22.3500,1485,1,1,16117,1,31027,0.519468,2,1,19,119,125826,27.45107,0.00607,2.42439,0.02264,0,0,3,1.304581,1.058305,1.058305,-0.018537,-0.018358,14.941739,2453,0.001229,0.076629,12700,5302,2892,1800,1340,898,722,539,4833,1,1,1,1
22.4000,1485,1,1,16361,1,31280,0.523067,1,278,278,278,50615,27.48608,0.00607,2.42439,0.02264,0,0,3,12.367619,11.743785,11.743785,-0.036866,-0.035172,14.923955,2377,0.002357,0.074344,12951,5353,2860,1808,1348,933,665,567,4794,1,1,1,1
23.0000,1485,1,1,16880,0,32351,0.521793,2,4,29,423,52193,27.90197,0.00607,2.42439,0.02264,1,0,3,1.178692,1.000000,1.058246,-0.243995,-0.243884,14.717112,1486,0.016571,0.047130,13598,5504,3013,1914,1304,917,708,611,4781,1,1,1,1
23.9000,1485,1,1,17116,0,32723,0.523073,3,2,318,318,24232,28.52557,0.00607,2.42439,0.02264,1,0,2,1.363216,1.000000,1.504001,-0.555898,-0.555690,14.405128,150,0.038576,0.004860,13550,5509,3082,1933,1363,974,796,627,4888,1,1,1,1
22.3500,1486,1,1,16424,0,31460,0.522076,1,17,17,17,29201,27.44426,0.00560,2.41938,0.02216,1,1,3,1.057275,1.000000,1.070327,-0.022493,-0.022456,14.936723,2455,0.001503,0.076666,13062,5320,2983,1822,1315,978,710,553,4716,1,1,1,1
22.4000,1486,1,1,16590,0,31656,0.524088,13,2,13,28,47968,27.47878,0.00560,2.41938,0.02216,1,1,3,1.413277,1.000000,1.088640,-0.039763,-0.039530,14.921148,2381,0.002649,0.074433,13274,5338,2911,1934,1264,980,661,596,4697,1,1,1,1
23.0000,1486,1,1,16685,1,32009,0.521276,1,2,18,153,78909,27.89485,0.00560,2.41938,0.02216,0,0,3,2.222418,1.744657,1.744657,-0.247947,-0.247410,14.712801,1490,0.016816,0.047239,13371,5423,2910,1935,1251,998,707,585,4828,1,1,1,1
23.9000,1486,1,1,17051,1,32748,0.520689,2,5,16,30,26228,28.51850,0.00560,2.41938,0.02216,0,0,3,2.351613,1.979005,1.979005,-0.559823,-0.559247,14.400709,154,0.038835,0.004988,13531,5676,3002,2008,1356,957,729,554,4934,1,1,1,1
22.3500,1487,1,1,16300,0,31459,0.518151,1,20,20,372,765183,27.43394,0.00559,2.41267,0.02427,1,1,2,1.061690,1.000000,1.389775,-0.027573,-0.027533,14.933546,2455,0.001844,0.076631,13093,5506,2875,1794,1212,911,689,550,4828,1,1,1,1
22.4000,1487,1,1,16300,0,30970,0.526333,1,8,25,127,31204,27.46843,0.00559,2.41267,0.02427,1,1,2,1.118768,1.000000,1.126838,-0.044762,-0.044686,14.914970,2383,0.002996,0.074476,12795,5192,2927,1781,1221,909,684,578,4882,1,1,1,1
23.0000,1487,1,1,16788,0,31954,0.525397,3,2,6,75,6541266,27.88469,0.00559,2.41267,0.02427,1,0,3,1.343601,1.000000,1.006059,-0.252847,-0.252648,14.708197,1489,0.017177,0.047190,13270,5403,2995,1868,1291,970,718,589,4849,1,1,1,1
23.9000,1487,1,1,17109,1,32768,0.522141,1,1,8,90,21906,28.50839,0.00559,2.41267,0.02427,0,1,3,1.838812,1.363933,1.363933,-0.564789,-0.564380,14.396460,152,0.039203,0.004922,13646,5595,3004,1913,1327,968,751,549,5014,1,1,1,1
22.3500,1488,1,1,16560,0,31568,0.524598,1,75,75,365,134284,27.44234,0.00606,2.41888,0.01943,1,1,2,1.188441,1.000000,15.665359,-0.023807,-0.023691,14.936269,2463,0.001586,0.076815,13080,5385,2993,1895,1309,919,700,539,4747,1,1,1,1
22.4000,1488,1,1,16515,1,31404,0.525905,1,16,16,31,224550,27.47727,0.00606,2.41888,0.01943,0,1,3,5.960299,5.308030,5.308030,-0.040911,-0.039711,14.919785,2386,0.002662,0.074496,13120,5289,2930,1853,1261,867,700,576,4807,1,1,1,1
23.0000,1488,1,1,16616,0,31838,0.521908,9,12,39,39,30606,27.89325,0.00606,2.41888,0.01943,1,1,2,1.268480,1.000000,3.902909,-0.248798,-0.248638,14.711561,1500,0.016901,0.047496,13129,5458,3007,1907,1283,927,738,552,4836,1,1,1,1
23.9000,1488,1,1,17112,0,32818,0.521437,250,5,250,250,46496,28.51699,0.00606,2.41888,0.01943,1,0,3,1.169002,1.000000,1.009871,-0.560209,-0.560104,14.400901,154,0.038894,0.004981,13589,5560,2988,2032,1337,996,775,588,4952,1,1,1,1
22.3500,1489,1,1,16389,1,31565,0.519231,8,47,48,48,98131,27.45458,0.00652,2.41758,0.02342,0,0,3,4.261075,4.147989,4.147989,-0.017311,-0.016337,14.942356,2462,0.001093,0.076701,13239,5310,2910,1861,1292,935,734,538,4745,1,1,1,1
22.4000,1489,1,1,16624,0,31540,0.527093,1,38,38,149,70958,27.48902,0.00652,2.41758,0.02342,1,1,2,1.035776,1.000000,1.481318,-0.034180,-0.034157,14.924717,2384,0.002289,0.074359,13093,5418,2952,1853,1260,920,731,569,4743,1,1,1,1
23.0000,1489,1,1,16607,1,31992,0.519115,34,3,44,44,141041,27.90519,0.00652,2.41758,0.02342,0,1,3,2.193172,1.624417,1.624417,-0.242304,-0.241777,14.719061,1492,0.016426,0.047187,13483,5340,2912,1855,1287,943,758,558,4855,1,1,1,1
23.9000,1489,1,1,17035,1,32820,0.519059,6,10,10,34,66152,28.52898,0.00652,2.41758,0.02342,0,1,3,4.264553,3.649555,3.649555,-0.554469,-0.553494,14.407529,150,0.038417,0.004847,13649,5574,3032,1911,1353,1030,735,573,4962,1,1,1,1
22.3500,1490,1,1,16413,1,31428,0.522258,1,5,52,52,55025,27.44900,0.00651,2.41644,0.02079,0,1,3,1.702049,1.683909,1.683909,-0.019624,-0.019267,14.941848,2460,0.001289,0.076590,13104,5363,2894,1860,1263,923,682,553,4785,1,1,1,1
22.4000,1490,1,1,16541,1,31745,0.521075,1,1,17,53,18100,27.48389,0.00651,2.41644,0.02079,0,1,3,1.358428,1.134013,1.134013,-0.036921,-0.036715,14.924268,2385,0.002460,0.074342,13348,5364,2874,1924,1278,953,714,547,4742,1,1,1,1
23.0000,1490,1,1,16481,1,31685,0.520168,2,2,60,60,31863,27.89977,0.00651,2.41644,0.02079,0,1,3,1.492393,1.241755,1.241755,-0.244911,-0.244642,14.716416,1491,0.016624,0.047132,13098,5362,2944,1785,1329,944,729,540,4953,1,1,1,1
23.9000,1490,1,1,17291,1,32943,0.524892,1,5,7,90,243900,28.52361,0.00651,2.41644,0.02079,0,1,3,2.673631,2.323605,2.323605,-0.557050,-0.556390,14.404691,150,0.038626,0.004844,13777,5569,3051,1899,1400,965,740,579,4962,1,1,1,1
22.3500,1491,1,1,16314,0,31177,0.523287,2,2529,2529,2529,86068,27.43676,0.01587,2.41178,0.02768,1,1,2,1.031798,1.000000,81.726122,-0.022216,-0.022195,14.936604,2462,0.001486,0.076627,12876,5159,2949,1893,1302,891,727,554,4825,1,1,1,1
22.4000,1491,1,1,16484,0,31584,0.521926,11,4,11,132,16437,27.47162,0.01587,2.41178,0.02768,1,0,3,1.210459,1.000000,1.000593,-0.038169,-0.038041,14.922934,2387,0.002549,0.074361,13008,5487,2940,1852,1327,933,685,573,4778,1,1,1,1
23.0000,1491,1,1,16683,1,31926,0.522569,2,16,53,54,15861,27.88770,0.01587,2.41178,0.02768,0,1,3,11.231132,8.311068,8.311068,-0.246920,-0.245298,14.715813,1492,0.016669,0.047134,13212,5487,2943,1869,1261,947,686,575,4945,1,1,1,1
23.9000,1491,1,1,16859,1,32553,0.517910,38,8,38,38,155198,28.51111,0.01587,2.41178,0.02768,0,0,3,1.678156,1.652823,1.652823,-0.558079,-0.557732,14.400583,151,0.038730,0.004875,13461,5595,3035,1876,1258,987,755,547,5038,1,1,1,1
22.3500,1492,1,1,16351,1,31401,0.520732,239,14,239,239,51964,27.45042,0.01169,2.42383,0.02267,0,1,3,1.660028,1.180824,1.019938,-0.016290,-0.015950,14.944777,2463,0.001067,0.076565,13048,5297,2888,1810,1330,968,677,564,4818,1,1,1,1
22.4000,1492,1,1,16271,1,31486,0.516786,14,24,24,59,48272,27.48480,0.01169,2.42383,0.02267,0,1,3,11.425375,10.076610,10.076610,-0.034265,-0.032632,14.924990,2389,0.002186,0.074363,13114,5390,2924,1797,1279,892,679,594,4816,1,1,1,1
23.0000,1492,1,1,16677,1,31956,0.521890,1,10,17,113,32882,27.90106,0.01169,2.42383,0.02267,0,1,3,6.236879,5.086748,5.086748,-0.242165,-0.240938,14.718725,1493,0.016369,0.047124,13351,5337,2999,1824,1263,965,746,522,4948,1,1,1,1
23.9000,1492,1,1,17067,1,32779,0.520685,1,2,16,97,1009736,28.52452,0.01169,2.42383,0.02267,0,0,3,1.564149,1.109082,1.109082,-0.553356,-0.553057,14.407549,151,0.038387,0.004869,13491,5654,3052,1957,1315,976,724,604,5005,1,1,1,1
22.3500,1493,1,1,16551,1,31628,0.523319,262,20,262,262,16493,27.44045,0.00962,2.40864,0.02651,0,1,3,12.840054,9.939700,9.939700,-0.022924,-0.021215,14.939896,2461,0.001420,0.076477,13181,5441,2921,1864,1228,951,745,541,4755,1,1,1,1
22.4000,1493,1,1,16539,1,31505,0.524981,2,2,14,914,37057,27.47527,0.00962,2.40864,0.02651,0,0,3,1.628610,1.338409,1.338409,-0.039642,-0.039315,14.920743,2386,0.002635,0.074241,12970,5413,2945,1821,1328,938,736,587,4766,1,1,1,1
23.0000,1493,1,1,16582,0,31936,0.519242,1,115,115,115,21161,27.89125,0.00962,2.40864,0.02651,1,1,2,1.109492,1.000000,13.415718,-0.248425,-0.248356,14.712693,1491,0.016880,0.047049,13182,5466,2952,1887,1348,925,679,574,4922,1,1,1,1
23.9000,1493,1,1,17221,1,32879,0.523785,2,3,13,109,44458,28.51476,0.00962,2.40864,0.02651,0,1,3,2.288223,1.801426,1.801426,-0.559505,-0.558951,14.402063,147,0.038810,0.004739,13716,5505,3108,1900,1352,963,748,582,5004,1,1,1,1
22.3500,1494,1,1,16305,1,31436,0.518689,17,15,18,18,118081,27.44737,0.01143,2.40559,0.02178,0,1,3,10.942490,7.995206,7.995206,-0.018326,-0.016725,14.944354,2475,0.001119,0.076837,12805,5438,3062,1915,1264,960,695,534,4762,1,1,1,1
22.4000,1494,1,1,16499,1,31451,0.524610,1,24,24,29,24198,27.48216,0.01143,2.40559,0.02178,0,1,3,6.220247,5.636321,5.636321,-0.035608,-0.034384,14.925143,2398,0.002304,0.074543,13074,5275,2867,1807,1358,977,716,560,4816,1,1,1,1
23.0000,1494,1,1,16756,0,32064,0.522596,11,9,38,81,24663,27.89833,0.01143,2.40559,0.02178,1,1,2,1.389213,1.000000,4.621466,-0.243624,-0.243404,14.717113,1501,0.016539,0.047319,13240,5518,2982,1906,1232,972,753,542,4918,1,1,1,1
23.9000,1494,1,1,17159,1,32862,0.522169,1,1,82,82,36613,28.52188,0.01143,2.40559,0.02178,0,0,3,1.405234,1.002605,1.002605,-0.554884,-0.554656,14.405906,157,0.038502,0.005056,13660,5575,3056,1880,1320,985,762,576,5047,1,1,1,1
22.3500,1495,1,1,16494,0,31834,0.518142,10,6,24,36,7923,27.45702,0.00729,2.39518,0.02073,1,1,2,1.412309,1.000000,3.064684,-0.015547,-0.015316,14.945308,2472,0.001025,0.076688,13520,5240,2901,1944,1280,912,658,557,4821,1,1,1,1
22.4000,1495,1,1,16414,0,31579,0.519792,3,3,5,149,319660,27.49179,0.00729,2.39518,0.02073,1,1,2,1.409773,1.000000,1.777940,-0.032751,-0.032522,14.928189,2403,0.002179,0.074633,13014,5452,2949,1827,1211,954,694,631,4846,1,1,1,1
23.0000,1495,1,1,16650,0,32223,0.516728,1,1,97,223,2974151,27.90768,0.00729,2.39518,0.02073,1,1,3,1.386218,1.000000,1.120324,-0.240543,-0.240325,14.720184,1501,0.016326,0.047277,13427,5381,3010,1920,1308,990,725,562,4899,1,1,1,1
23.9000,1495,1,1,17038,0,32838,0.518866,2,65,65,65,59267,28.53128,0.00729,2.39518,0.02073,1,1,2,1.232718,1.000000,17.141183,-0.553256,-0.553116,14.406991,155,0.038392,0.004988,13560,5593,2941,2005,1389,960,800,600,4989,1,1,1,1
22.3500,1496,1,1,16531,1,31563,0.523763,2,17,80,261,79589,27.45072,0.01232,2.39070,0.02598,0,1,3,6.846145,6.265395,6.265395,-0.016259,-0.014973,14.946138,2477,0.001002,0.076788,13074,5395,2897,1851,1318,938,734,567,4788,1,1,1,1
22.4000,1496,1,1,16649,1,31772,0.524031,1,21,21,166,72339,27.48547,0.01232,2.39070,0.02598,0,1,3,2.057115,1.529402,1.457730,-0.033135,-0.032653,14.927745,2401,0.002187,0.074523,13168,5393,3053,1847,1263,947,736,542,4822,1,1,1,1
23.0000,1496,1,1,17064,0,32549,0.524272,1,2,13,154,38740,27.90154,0.01232,2.39070,0.02598,1,1,2,1.402811,1.000000,1.705104,-0.241222,-0.240996,14.719745,1504,0.016372,0.047341,13644,5471,3018,2012,1272,985,726,609,4811,1,1,1,1
23.9000,1496,1,1,17044,0,32744,0.520539,30,3,30,30,11922,28.52519,0.01232,2.39070,0.02598,1,1,2,1.398096,1.000000,1.868192,-0.553086,-0.552862,14.407893,157,0.038372,0.005049,13582,5460,3089,1839,1401,975,739,605,5053,1,1,1,1
22.3500,1497,1,1,16364,0,31444,0.520434,1,4,5,16,42775,27.45194,0.00821,2.38162,0.02070,1,0,2,1.301889,1.000000,1.780943,-0.017120,-0.016944,14.943953,2475,0.001134,0.076686,13118,5208,2956,1842,1260,908,733,554,4864,1,1,1,1
22.4000,1497,1,1,16512,0,31659,0.521574,1,3,121,121,61166,27.48667,0.00821,2.38162,0.02070,1,1,2,1.413403,1.000000,1.894791,-0.034502,-0.034271,14.926412,2399,0.002296,0.074418,13112,5474,2912,1865,1274,915,712,561,4833,1,1,1,1
23.0000,1497,1,1,16665,1,31998,0.520830,1,23,23,24,333959,27.90293,0.00821,2.38162,0.02070,0,0,3,2.823468,2.298932,2.298932,-0.242694,-0.242001,14.718095,1501,0.016442,0.047221,13181,5387,2973,1961,1279,995,752,565,4904,1,1,1,1
23.9000,1497,1,1,17303,1,33114,0.522544,1,32,32,32,32780,28.52662,0.00821,2.38162,0.02070,0,1,3,1.632695,1.423791,1.423791,-0.554384,-0.554056,14.406968,153,0.038458,0.004917,13834,5627,3107,1865,1274,1000,757,576,5073,1,1,1,1
22.3500,1498,1,1,16605,1,31836,0.521596,57,7,57,57,23900,27.44169,0.00555,2.37497,0.02590,0,1,3,3.503362,3.089967,3.089967,-0.024058,-0.023221,14.934272,2475,0.001555,0.076684,13237,5428,2979,1893,1257,963,713,594,4771,1,1,1,1
22.4000,1498,1,1,16443,1,31774,0.517515,2,56,581,581,102229,27.47639,0.00555,2.37497,0.02590,0,1,3,9.328088,8.803737,8.803737,-0.041761,-0.040270,14.918892,2400,0.002699,0.074437,13271,5347,2910,1903,1308,939,701,583,4811,1,1,1,1
23.0000,1498,1,1,16728,0,32101,0.521121,2,1,38,232,344549,27.89237,0.00555,2.37497,0.02590,1,0,3,1.403864,1.000000,1.054871,-0.249028,-0.248801,14.711937,1501,0.016912,0.047209,13361,5378,2961,1906,1341,1003,654,573,4923,1,1,1,1
23.9000,1498,1,1,17321,1,33117,0.523040,1,16,33,158,97224,28.51611,0.00555,2.37497,0.02590,0,1,3,8.076311,6.914906,6.914906,-0.561540,-0.560146,14.399351,155,0.038901,0.004981,13767,5718,3078,1964,1352,954,746,566,4971,1,1,1,1
22.3500,1499,1,1,16506,0,31735,0.520136,1,8,11,20,171903,27.43705,0.00462,2.36642,0.02332,1,1,2,1.403750,1.000000,4.560660,-0.026811,-0.026585,14.934154,2479,0.001780,0.076757,13203,5413,2932,1828,1326,939,672,596,4825,1,1,1,1
22.4000,1499,1,1,16616,0,31799,0.522549,1,6,20,153,23608,27.47173,0.00462,2.36642,0.02332,1,1,2,1.414032,1.000000,3.523778,-0.044064,-0.043833,14.916840,2407,0.002938,0.074614,13244,5358,2920,1890,1312,958,731,561,4824,1,1,1,1
23.0000,1499,1,1,16904,0,32375,0.522147,14,57,57,57,44678,27.88789,0.00462,2.36642,0.02332,1,0,2,1.034373,1.000000,2.025548,-0.251964,-0.251941,14.709161,1504,0.017128,0.047281,13446,5513,3028,1965,1296,946,775,583,4822,1,1,1,1
23.9000,1499,1,1,17171,1,33021,0.520018,1,31,31,1418,677601,28.51168,0.00462,2.36642,0.02332,0,1,3,14.961656,13.042580,13.042580,-0.564478,-0.562673,14.398421,155,0.039079,0.004978,13635,5702,3064,1913,1342,1014,776,588,4986,1,1,1,1
22.3500,1500,1,1,16486,0,31581,0.522039,6,77,77,1462,15359,27.43274,0.01097,2.36774,0.02574,1,1,2,1.201947,1.000000,17.162845,-0.026532,-0.026410,14.934575,2483,0.001768,0.076828,13022,5381,2954,1887,1298,968,696,557,4817,1,1,1,1
22.4000,1500,1,1,16646,0,31986,0.520431,1,16,16,32,994094,27.46740,0.01097,2.36774,0.02574,1,1,2,1.134706,1.000000,2.424490,-0.043208,-0.043124,14.916631,2405,0.002891,0.074504,13325,5411,2978,1963,1249,988,702,564,4805,1,1,1,1
23.0000,1500,1,1,16649,1,32110,0.518515,1,12,23,23,44250,27.88328,0.01097,2.36774,0.02574,0,0,3,2.418604,1.884476,1.884476,-0.251062,-0.250473,14.709776,1505,0.017028,0.047279,13322,5420,3037,1750,1301,958,761,563,4997,1,1,1,1
23.9000,1500,1,1,17122,0,33015,0.518628,1,19,23,79,48242,28.50712,0.01097,2.36774,0.02574,1,1,2,1.183341,1.000000,3.999585,-0.563236,-0.563123,14.396831,155,0.039114,0.004975,13672,5488,3107,2011,1310,977,789,635,5025,1,1,1,1
22.3500,1501,1,1,16458,0,31498,0.522526,1,1,16,69,30179,27.44209,0.00554,2.38982,0.02581,1,1,3,1.384991,1.000000,1.033930,-0.023453,-0.023236,14.937273,2478,0.001556,0.076608,12989,5349,2952,1854,1273,959,689,579,4853,1,1,1,1
22.4000,1501,1,1,16537,1,31553,0.524119,223,7,255,255,68463,27.47672,0.00554,2.38982,0.02581,0,1,3,4.321173,3.548011,3.548011,-0.041199,-0.040224,14.916184,2403,0.002697,0.074394,12892,5437,3049,1885,1263,926,644,586,4870,1,1,1,1
23.0000,1501,1,1,16803,1,32413,0.518419,2,15,26,365,121691,27.89279,0.00554,2.38982,0.02581,0,1,3,2.003928,1.728427,1.728427,-0.248998,-0.248535,14.712482,1503,0.016893,0.047176,13544,5595,3014,1819,1347,897,733,571,4892,1,1,1,1
23.9000,1501,1,1,17332,0,32986,0.525451,1,3,52,52,197272,28.51621,0.00554,2.38982,0.02581,1,0,2,1.318660,1.000000,1.744172,-0.560710,-0.560526,14.400356,152,0.038924,0.004874,13682,5573,3062,1986,1366,937,740,586,5053,1,1,1,1
22.3500,1502,1,1,16511,1,31670,0.521362,1,35,35,114,17898,27.45520,0.00819,2.39573,0.02616,0,1,3,17.763612,15.419731,15.419731,-0.016333,-0.014417,14.946700,2482,0.000965,0.076632,13057,5375,2993,1900,1323,913,710,597,4801,1,1,1,1
22.4000,1502,1,1,16529,1,31560,0.523749,89,4,89,89,2281328,27.48981,0.00819,2.39573,0.02616,0,1,3,1.999906,1.804598,1.804598,-0.032923,-0.032462,14.925142,2407,0.002175,0.074424,12994,5359,2920,1881,1276,962,769,573,4825,1,1,1,1
23.0000,1502,1,1,16885,1,32435,0.520596,2,33,33,69,1396087,27.90607,0.00819,2.39573,0.02616,0,1,3,12.108384,10.883462,10.883462,-0.241651,-0.239991,14.721086,1505,0.016303,0.047179,13498,5459,3051,1868,1372,1025,734,557,4870,1,1,1,1
23.9000,1502,1,1,17355,1,33040,0.525288,72,9,72,146,49200,28.52953,0.00819,2.39573,0.02616,0,1,3,4.829342,4.118757,4.118757,-0.553057,-0.552009,14.405108,154,0.038320,0.004934,13724,5562,3037,1986,1359,975,745,579,5072,1,1,1,1
22.3500,1503,1,1,16567,1,31617,0.524007,2,2,39,92,174300,27.46432,0.00507,2.39582,0.02459,0,1,3,1.628567,1.329653,1.329653,-0.012786,-0.012462,14.947621,2482,0.000834,0.076577,12993,5452,2946,1861,1327,886,744,559,4848,1,1,1,1
22.4000,1503,1,1,16544,0,31696,0.521975,2,1,45,45,16989,27.49891,0.00507,2.39582,0.02459,1,0,3,1.413984,1.000000,1.106263,-0.030009,-0.029779,14.930898,2407,0.001994,0.074346,13075,5455,2924,1844,1317,1011,676,549,4844,1,1,1,1
23.0000,1503,1,1,16898,0,32383,0.521833,3,4,55,55,86993,27.91489,0.00507,2.39582,0.02459,1,1,2,1.238206,1.000000,1.316997,-0.238088,-0.237946,14.722185,1505,0.016162,0.047144,13391,5603,2966,1887,1271,1033,771,600,4860,1,1,1,1
23.9000,1503,1,1,17308,0,33208,0.521215,1,92,92,910,70724,28.53840,0.00507,2.39582,0.02459,1,1,2,1.123306,1.000000,12.239987,-0.550588,-0.550511,14.409191,152,0.038206,0.004865,13901,5619,3067,2042,1338,939,739,587,4975,1,1,1,1
22.3500,1504,1,1,16662,0,31968,0.521225,3,6,69,69,11605,27.44316,0.00986,2.38026,0.03281,1,1,2,1.341573,1.000000,2.807625,-0.021081,-0.020885,14.939972,2490,0.001398,0.076812,13371,5351,3001,1856,1288,975,743,568,4814,1,1,1,1
22.4000,1504,1,1,16600,0,31695,0.523758,1,8,16,17,28773,27.47773,0.00986,2.38026,0.03281,1,1,2,1.130406,1.000000,1.375577,-0.038121,-0.038039,14.922999,2415,0.002549,0.074583,13139,5400,2934,1864,1276,891,727,597,4866,1,1,1,1
23.0000,1504,1,1,16765,1,32102,0.522258,1,42,42,66,64872,27.89389,0.00986,2.38026,0.03281,0,1,3,8.804516,8.035380,8.035380,-0.246795,-0.245349,14.714162,1511,0.016674,0.047327,13252,5431,2960,1826,1396,974,722,572,4968,1,1,1,1
23.9000,1504,1,1,17194,0,32965,0.521599,2,1,41,41,55019,28.51745,0.00986,2.38026,0.03281,1,1,3,1.414200,1.000000,1.166245,-0.557924,-0.557694,14.402974,159,0.038721,0.005088,13513,5728,3094,1894,1321,1017,756,630,5011,1,1,1,1
22.3500,1505,1,1,16425,1,31549,0.520635,1,39,39,39,53599,27.46112,0.00599,2.39007,0.02271,0,1,3,27.083425,19.904237,19.904237,-0.014532,-0.012340,14.948779,2487,0.000826,0.076623,12966,5438,2919,1846,1311,919,725,557,4867,1,1,1,1
22.4000,1505,1,1,16640,0,31836,0.522695,3,18,18,32,116508,27.49612,0.00599,2.39007,0.02271,1,1,2,1.402491,1.000000,9.237564,-0.031779,-0.031554,14.929193,2414,0.002114,0.074471,13101,5415,3075,1905,1348,901,669,585,4836,1,1,1,1
23.0000,1505,1,1,17048,0,32688,0.521553,1,12,21,28,72326,27.91201,0.00599,2.39007,0.02271,1,1,2,1.094600,1.000000,1.323175,-0.239074,-0.239014,14.722049,1508,0.016235,0.047176,13706,5555,3116,1882,1311,963,731,638,4785,1,1,1,1
23.9000,1505,1,1,17231,1,33206,0.518928,37,11,37,37,49833,28.53561,0.00599,2.39007,0.02271,0,1,3,5.601175,4.923525,4.923525,-0.551314,-0.550169,14.407312,154,0.038187,0.004923,13813,5671,3071,1956,1390,954,749,600,5001,1,1,1,1
22.3500,1506,1,1,16514,0,31660,0.521621,5,4,33,440,63729,27.44848,0.00598,2.37497,0.02769,1,1,2,1.362404,1.000000,2.144980,-0.020411,-0.020205,14.940625,2488,0.001352,0.076645,13085,5328,2905,1904,1321,907,728,599,4882,1,1,1,1
22.4000,1506,1,1,16591,1,31906,0.520013,1,4,22,202,68527,27.48300,0.00598,2.37497,0.02769,0,1,3,1.432458,1.226663,1.226663,-0.037484,-0.037245,14.923767,2413,0.002496,0.074418,13252,5372,3032,1878,1329,935,706,573,4828,1,1,1,1
23.0000,1506,1,1,16970,0,32337,0.524802,2,4,30,174,80435,27.89907,0.00598,2.37497,0.02769,1,1,2,1.407885,1.000000,2.292239,-0.245726,-0.245499,14.715102,1509,0.016683,0.047198,13437,5468,3027,1865,1328,923,704,585,4999,1,1,1,1
23.9000,1506,1,1,17360,0,33298,0.521368,2,6,8,37,16198,28.52272,0.00598,2.37497,0.02769,1,1,2,1.258800,1.000000,2.104228,-0.557524,-0.557371,14.402820,154,0.038699,0.004921,13810,5705,3101,2006,1352,989,754,607,4973,1,1,1,1
22.3500,1507,1,1,16354,0,31597,0.517597,1,5,24,24,46191,27.45507,0.00920,2.35367,0.02185,1,1,3,1.157096,1.000000,1.097597,-0.015086,-0.014989,14.946031,2491,0.001003,0.076658,13019,5287,3000,1893,1262,909,731,570,4925,1,1,1,1
22.4000,1507,1,1,16594,0,31900,0.520204,36,7,80,80,1678492,27.48956,0.00920,2.35367,0.02185,1,1,2,1.164898,1.000000,1.275551,-0.032416,-0.032315,14.927579,2415,0.002165,0.074411,13255,5417,2888,1822,1360,951,800,556,4850,1,1,1,1
23.0000,1507,1,1,16892,0,32540,0.519131,1,1,9,99,41504,27.90582,0.00920,2.35367,0.02185,1,1,3,1.413359,1.000000,1.207082,-0.240519,-0.240290,14.720354,1511,0.016324,0.047213,13403,5641,3094,1965,1318,983,693,605,4837,1,1,1,1
23.9000,1507,1,1,17379,1,33461,0.519396,3,1,20,49,50155,28.52951,0.00920,2.35367,0.02185,0,0,3,1.333229,1.112753,1.112753,-0.552329,-0.552138,14.407875,154,0.038322,0.004916,13979,5716,3182,1889,1379,956,765,561,5033,1,1,1,1
22.3500,1508,1,1,16464,0,31703,0.519336,14,3,14,43,162866,27.45915,0.00598,2.35173,0.02496,1,1,2,1.397311,1.000000,1.917674,-0.014708,-0.014486,14.946069,2494,0.000969,0.076700,12902,5570,3039,1863,1305,886,725,522,4890,1,1,1,1
22.4000,1508,1,1,16762,0,31982,0.524124,6,2,59,59,40584,27.49408,0.00598,2.35173,0.02496,1,1,3,1.381767,1.000000,1.180979,-0.031993,-0.031778,14.928727,2416,0.002129,0.074387,13332,5407,2912,1803,1342,993,720,587,4885,1,1,1,1
23.0000,1508,1,1,16754,0,32178,0.520682,4,8,16,32,27374,27.91006,0.00598,2.35173,0.02496,1,1,2,1.400119,1.000000,4.159461,-0.240432,-0.240209,14.720547,1511,0.016318,0.047181,13286,5423,2989,1995,1265,924,713,574,5008,1,1,1,1
23.9000,1508,1,1,17321,1,33226,0.521324,1,6,10,158,54432,28.53380,0.00598,2.35173,0.02496,0,1,3,1.488906,1.227504,1.227504,-0.551897,-0.551633,14.409347,154,0.038283,0.004912,13769,5605,3220,1929,1310,984,735,618,5055,1,1,1,1
22.3500,1509,1,1,16734,0,31986,0.523183,2,154,154,154,12787,27.44890,0.01911,2.35585,0.02650,1,1,2,1.053269,1.000000,8.480879,-0.014065,-0.014030,14.945139,2489,0.000939,0.076500,13283,5378,3041,1907,1271,928,696,574,4907,1,1,1,1
22.4000,1509,1,1,16522,0,31746,0.520460,1,8,42,62,33613,27.48336,0.01911,2.35585,0.02650,1,1,2,1.362707,1.000000,4.127897,-0.031049,-0.030844,14.929987,2414,0.002066,0.074270,13084,5434,2921,1830,1364,975,712,576,4849,1,1,1,1
23.0000,1509,1,1,16749,1,32211,0.519994,39,202,531,531,211971,27.89952,0.01911,2.35585,0.02650,0,1,3,10.438806,9.763137,9.763137,-0.239419,-0.237864,14.723218,1509,0.016156,0.047079,13294,5463,2946,1898,1337,968,707,602,4995,1,1,1,1
23.9000,1509,1,1,17319,1,33354,0.519264,1,5,231,231,68533,28.52331,0.01911,2.35585,0.02650,0,1,3,3.395380,2.746510,2.746510,-0.550890,-0.550080,14.411013,150,0.038171,0.004781,13897,5666,3089,1894,1348,966,753,623,5117,1,1,1,1
22.3500,1510,1,1,16699,1,31823,0.524763,1,14,18,39,646046,27.46858,0.00551,2.35734,0.02439,0,1,3,4.855691,4.351485,4.351485,-0.010647,-0.009601,14.951468,2495,0.000642,0.076601,13184,5353,3000,1873,1314,947,739,546,4866,1,1,1,1
22.4000,1510,1,1,16779,1,32110,0.522564,1,5,33,114,22615,27.50346,0.00551,2.35734,0.02439,0,1,3,4.332653,3.094960,3.094960,-0.027975,-0.027004,14.932630,2420,0.001808,0.074392,13308,5429,2971,1941,1331,979,706,601,4843,1,1,1,1
23.0000,1510,1,1,16993,1,32610,0.521114,1,6,36,71,168872,27.91935,0.00551,2.35734,0.02439,0,0,3,2.331195,1.874901,1.874901,-0.235756,-0.235195,14.724957,1513,0.015973,0.047166,13624,5436,3026,1873,1382,970,752,595,4951,1,1,1,1
23.9000,1510,1,1,17366,0,33117,0.524399,21,10,53,458,137419,28.54318,0.00551,2.35734,0.02439,1,1,2,1.237200,1.000000,2.692560,-0.547790,-0.547649,14.413312,155,0.037996,0.004936,13828,5521,3059,1962,1307,987,772,549,5131,1,1,1,1
22.3500,1511,1,1,16595,1,31959,0.519275,1,1,185,185,78769,27.46156,0.00550,2.36426,0.02330,0,1,3,1.681792,1.191940,1.191940,-0.013538,-0.013194,14.947429,2496,0.000883,0.076602,13300,5503,2853,1931,1319,881,759,543,4869,1,1,1,1
22.4000,1511,1,1,16631,1,32083,0.518390,1,1,67,319,45758,27.49642,0.00550,2.36426,0.02330,0,1,3,1.474499,1.109576,1.109576,-0.030970,-0.030713,14.930163,2420,0.002057,0.074355,13292,5395,3010,1971,1336,919,727,583,4849,1,1,1,1
23.0000,1511,1,1,16803,1,32395,0.518707,2,2,5,42,44082,27.91249,0.00550,2.36426,0.02330,0,1,3,1.711629,1.329208,1.329208,-0.239064,-0.238708,14.722321,1512,0.016214,0.047113,13361,5609,3025,1922,1259,937,722,555,5004,1,1,1,1
23.9000,1511,1,1,17333,1,33326,0.520120,2,8,8,43,23507,28.53591,0.00550,2.36426,0.02330,0,1,3,3.592545,2.872398,2.872398,-0.551035,-0.550189,14.410762,153,0.038179,0.004870,13737,5610,3186,1967,1383,1042,795,597,5008,1,1,1,1
22.3500,1512,1,1,16603,1,31908,0.520356,4,12,397,397,62066,27.45859,0.00969,2.37083,0.02649,0,1,3,5.753191,4.992803,4.992803,-0.013726,-0.012568,14.948515,2498,0.000841,0.076607,13216,5393,3001,1898,1314,908,727,567,4883,1,1,1,1
22.4000,1512,1,1,16868,0,32303,0.522197,6,57,57,362,88446,27.49298,0.00969,2.37083,0.02649,1,1,2,1.111142,1.000000,6.766618,-0.031017,-0.030947,14.930108,2423,0.002073,0.074398,13603,5507,2915,1842,1292,1006,744,571,4822,1,1,1,1
23.0000,1512,1,1,16987,1,32471,0.523160,1,8,19,19,186479,27.90923,0.00969,2.37083,0.02649,0,1,3,4.842854,3.917758,3.917758,-0.238964,-0.237920,14.722043,1515,0.016161,0.047176,13558,5468,2908,1959,1297,1042,747,559,4932,1,1,1,1
23.9000,1512,1,1,17205,1,33151,0.519005,6,6,77,96,15977,28.53270,0.00969,2.37083,0.02649,0,1,3,3.310255,2.818986,2.818986,-0.550585,-0.549793,14.411318,155,0.038150,0.004931,13607,5761,3063,1956,1340,990,763,608,5062,1,1,1,1
22.3500,1513,1,1,16746,0,31946,0.524213,2,2,38,1283,333620,27.45693,0.00836,2.36372,0.02139,1,1,3,1.395117,1.000000,1.156699,-0.014574,-0.014354,14.946197,2496,0.000960,0.076507,13267,5375,3026,1839,1271,948,766,572,4881,1,1,1,1
22.4000,1513,1,1,16826,0,32216,0.522303,5,95,276,276,188068,27.49175,0.00836,2.36372,0.02139,1,1,2,1.386459,1.000000,44.288620,-0.033194,-0.032978,14.927545,2420,0.002209,0.074270,13257,5635,2947,1907,1363,989,769,589,4759,1,1,1,1
23.0000,1513,1,1,16995,1,32445,0.523826,1,12,15,131,617853,27.90773,0.00836,2.36372,0.02139,0,1,3,5.291179,4.495516,4.495516,-0.240427,-0.239326,14.721698,1512,0.016257,0.047052,13405,5561,3032,1931,1356,953,698,555,4953,1,1,1,1
23.9000,1513,1,1,17327,1,33147,0.522748,2,25,1268,1268,29324,28.53124,0.00836,2.36372,0.02139,0,1,3,11.541835,10.081606,10.081606,-0.552450,-0.550834,14.410251,152,0.038225,0.004832,13828,5566,3005,1923,1322,1012,769,578,5143,1,1,1,1
22.3500,1514,1,1,16768,0,32198,0.520794,1,11,11,454,488131,27.45081,0.00641,2.36601,0.02138,1,1,2,1.169646,1.000000,2.349814,-0.018681,-0.018578,14.941342,2498,0.001243,0.076542,13441,5534,3011,1798,1290,960,694,584,4885,1,1,1,1
22.4000,1514,1,1,16748,0,32024,0.522999,3,279,279,279,30025,27.48561,0.00641,2.36601,0.02138,1,1,2,1.011933,1.000000,3.368720,-0.036203,-0.036196,14.922005,2423,0.002426,0.074341,13371,5415,2906,1903,1257,941,733,560,4937,1,1,1,1
23.0000,1514,1,1,16952,0,32483,0.521889,3,49,49,66,25886,27.90177,0.00641,2.36601,0.02138,1,1,2,1.041420,1.000000,2.159718,-0.244130,-0.244103,14.714911,1514,0.016589,0.047105,13267,5665,2956,1930,1335,1013,794,602,4920,1,1,1,1
23.9000,1514,1,1,17367,1,33354,0.520703,1,2,48,48,94608,28.52533,0.00641,2.36601,0.02138,0,1,3,2.572402,1.842996,1.842996,-0.555865,-0.555241,14.404822,151,0.038545,0.004799,13841,5648,3097,1997,1339,1023,694,601,5113,1,1,1,1
22.3500,1515,1,1,16670,0,32026,0.520531,1,4,36,59,20604,27.44169,0.00458,2.33830,0.02473,1,1,2,1.412354,1.000000,2.519183,-0.024481,-0.024253,14.936452,2505,0.001624,0.076731,13257,5398,3035,1944,1298,921,683,575,4914,1,1,1,1
22.4000,1515,1,1,16664,0,31980,0.521092,14,2,14,44,56820,27.47646,0.00458,2.33830,0.02473,1,1,3,1.386383,1.000000,1.102569,-0.041571,-0.041355,14.919169,2430,0.002772,0.074520,13361,5401,2995,1833,1322,929,702,523,4913,1,1,1,1
23.0000,1515,1,1,16981,1,32634,0.520363,1,1,24,24,38639,27.89235,0.00458,2.33830,0.02473,0,0,3,1.440101,1.018653,1.018653,-0.249518,-0.249277,14.711378,1522,0.016945,0.047334,13661,5506,2986,1841,1306,1011,732,594,4996,1,1,1,1
23.9000,1515,1,1,17452,0,33514,0.520753,6,2,12,416,26589,28.51595,0.00458,2.33830,0.02473,1,1,3,1.404822,1.000000,1.104805,-0.561340,-0.561116,14.399475,158,0.038968,0.005020,14007,5571,3160,2026,1324,953,762,608,5102,1,1,1,1
22.3500,1516,1,1,16653,1,31921,0.521711,1,7,24,73,196926,27.44866,0.00503,2.35976,0.02126,0,1,3,1.364176,1.046389,1.046389,-0.020312,-0.020108,14.940797,2509,0.001346,0.076781,13147,5393,3040,1906,1296,947,671,542,4978,1,1,1,1
22.4000,1516,1,1,16821,1,32011,0.525492,1,25,25,1462,356324,27.48341,0.00503,2.35976,0.02126,0,0,3,6.225055,5.426515,5.426515,-0.038241,-0.037035,14.922797,2435,0.002482,0.074606,13288,5403,3012,1863,1275,981,715,578,4895,1,1,1,1
23.0000,1516,1,1,17015,1,32811,0.518592,1,15,15,459,22137,27.89948,0.00503,2.35976,0.02126,0,1,3,1.904959,1.379087,1.260685,-0.245783,-0.245358,14.715152,1521,0.016674,0.047260,13729,5522,3067,1878,1301,970,786,603,4954,1,1,1,1
23.9000,1516,1,1,17554,0,33706,0.520813,1,12,12,117,295489,28.52313,0.00503,2.35976,0.02126,1,0,2,1.140927,1.000000,2.038586,-0.557775,-0.557688,14.403348,158,0.038719,0.005016,14133,5750,3154,1887,1372,994,770,601,5044,1,1,1,1
22.3500,1517,1,1,16684,0,32162,0.518765,1,72,72,72,104279,27.43879,0.00548,2.34774,0.02262,1,1,2,1.044667,1.000000,3.343355,-0.025253,-0.025224,14.935877,2505,0.001689,0.076633,13331,5442,3014,1896,1370,982,721,601,4804,1,1,1,1
22.4000,1517,1,1,16620,0,32058,0.518452,3,10,552,552,17106,27.47351,0.00548,2.34774,0.02262,1,1,2,1.246085,1.000000,3.049571,-0.042586,-0.042441,14.917726,2430,0.002845,0.074429,13243,5397,2982,1968,1273,951,758,565,4920,1,1,1,1
23.0000,1517,1,1,17063,1,32651,0.522603,33,30,33,166,70022,27.88977,0.00548,2.34774,0.02262,0,0,3,1.998630,1.969315,1.969315,-0.250569,-0.250113,14.708240,1518,0.017005,0.047158,13518,5639,2937,1981,1342,966,707,628,4932,1,1,1,1
23.9000,1517,1,1,17431,1,33482,0.520624,1,2,10,49,633518,28.51346,0.00548,2.34774,0.02262,0,1,3,2.198407,1.609501,1.609501,-0.562347,-0.561828,14.398329,153,0.039020,0.004855,13944,5706,3020,1979,1332,1005,791,590,5114,1,1,1,1
22.3500,1518,1,1,16578,0,32016,0.517820,1,4,116,118,77016,27.44273,0.00502,2.35008,0.02355,1,1,2,1.409866,1.000000,2.797835,-0.023745,-0.023518,14.937102,2508,0.001574,0.076668,13293,5423,2975,1924,1289,914,740,570,4887,1,1,1,1
22.4000,1518,1,1,16782,0,32262,0.520195,1,12,20,87,276982,27.47744,0.00502,2.35008,0.02355,1,1,2,1.102387,1.000000,1.419448,-0.040869,-0.040805,14.920258,2435,0.002735,0.074521,13380,5628,2909,1878,1270,1003,738,587,4868,1,1,1,1
23.0000,1518,1,1,16983,1,32616,0.520711,2,504,504,504,229811,27.89342,0.00502,2.35008,0.02355,0,1,3,24.685458,24.182745,24.182745,-0.249800,-0.247688,14.713430,1522,0.016834,0.047234,13535,5467,3058,1873,1320,1008,763,611,4980,1,1,1,1
23.9000,1518,1,1,17240,0,33242,0.518637,1,9,10,19,37771,28.51716,0.00502,2.35008,0.02355,1,1,2,1.328951,1.000000,3.766290,-0.561058,-0.560871,14.400008,155,0.038949,0.004915,13680,5603,3052,1912,1391,1015,796,642,5150,1,1,1,1
22.3500,1519,1,1,16883,1,32167,0.524871,1,8,26,27,29374,27.44622,0.00502,2.36198,0.02403,0,1,3,2.658545,2.324033,2.324033,-0.021783,-0.021139,14.939896,2511,0.001415,0.076695,13425,5401,2997,1879,1353,951,716,575,4869,1,1,1,1
22.4000,1519,1,1,16941,1,32124,0.527379,9,3,27,99,61456,27.48090,0.00502,2.36198,0.02403,0,1,3,2.078151,1.670012,1.670012,-0.039015,-0.038534,14.920519,2432,0.002583,0.074378,13271,5443,3107,1846,1351,913,718,549,4925,1,1,1,1
23.0000,1519,1,1,16988,0,32651,0.520306,2,15,15,101,28263,27.89706,0.00502,2.36198,0.02403,1,1,2,1.380575,1.000000,7.428818,-0.247588,-0.247375,14.713432,1520,0.016813,0.047141,13499,5572,3077,1850,1331,1043,794,599,4885,1,1,1,1
23.9000,1519,1,1,17454,0,33387,0.522794,23,6,150,150,31289,28.52085,0.00502,2.36198,0.02403,1,1,2,1.359551,1.000000,2.593892,-0.559131,-0.558929,14.401912,153,0.038809,0.004848,13824,5698,3067,1927,1358,984,740,643,5145,1,1,1,1
22.3500,1520,1,1,16740,0,32040,0.522488,1,4,6,28,43942,27.44048,0.00547,2.36439,0.02173,1,1,2,1.395901,1.000000,2.412517,-0.024732,-0.024513,14.936046,2514,0.001641,0.076756,13291,5331,2983,1923,1339,963,769,561,4879,1,1,1,1
22.4000,1520,1,1,16736,0,32133,0.520851,3,25,205,205,77525,27.47513,0.00547,2.36439,0.02173,1,1,2,1.322527,1.000000,9.470425,-0.042516,-0.042332,14.918030,2437,0.002838,0.074495,13346,5498,3057,1841,1281,969,732,591,4817,1,1,1,1
23.0000,1520,1,1,16982,0,32703,0.519295,1,9,23,149,68819,27.89102,0.00547,2.36439,0.02173,1,1,2,1.302994,1.000000,3.452682,-0.250128,-0.249954,14.710953,1525,0.016991,0.047273,13618,5532,2999,1959,1317,962,728,562,5025,1,1,1,1
23.9000,1520,1,1,17481,1,33344,0.524278,5,3,26,109,96588,28.51486,0.00547,2.36439,0.02173,0,1,3,1.890872,1.549231,1.549231,-0.561779,-0.561360,14.399715,157,0.038984,0.004972,13781,5605,3059,2066,1341,1074,766,565,5086,1,1,1,1
22.3500,1521,1,1,16852,0,32085,0.525246,10,1,21,135,217038,27.42796,0.00592,2.35832,0.02577,1,1,3,1.413723,1.000000,1.005875,-0.030319,-0.030092,14.930602,2512,0.002015,0.076672,13354,5385,2982,1902,1309,946,733,604,4869,1,1,1,1
22.4000,1521,1,1,16907,1,32277,0.523826,3,315,315,315,353762,27.46259,0.00592,2.35832,0.02577,0,1,3,19.462684,19.243398,19.243398,-0.048611,-0.046659,14.914466,2437,0.003128,0.074464,13504,5386,3072,1805,1312,1000,733,586,4878,1,1,1,1
23.0000,1521,1,1,17103,1,32545,0.525535,2,31,31,215,26117,27.87866,0.00592,2.35832,0.02577,0,1,3,9.394248,8.827139,8.827139,-0.256389,-0.254917,14.706197,1522,0.017334,0.047164,13439,5617,3008,1879,1325,907,785,560,5024,1,1,1,1
23.9000,1521,1,1,17536,0,33601,0.521905,1,330,330,330,87194,28.50209,0.00592,2.35832,0.02577,1,0,2,1.052543,1.000000,17.832982,-0.568332,-0.568298,14.392799,155,0.039485,0.004908,13973,5746,3119,2007,1375,1010,761,574,5035,1,1,1,1
22.3500,1522,1,1,16818,0,32259,0.521359,1,2,31,433,16819,27.43334,0.00592,2.35406,0.02435,1,0,3,1.333283,1.000000,1.305803,-0.027560,-0.027371,14.933505,2513,0.001833,0.076638,13322,5565,3063,1884,1304,941,737,605,4837,1,1,1,1
22.4000,1522,1,1,16788,0,32212,0.521188,3,12,12,128,26985,27.46795,0.00592,2.35406,0.02435,1,1,2,1.289528,1.000000,4.279656,-0.045255,-0.045088,14.915834,2440,0.003023,0.074499,13389,5537,2988,1833,1285,972,714,556,4937,1,1,1,1
23.0000,1522,1,1,16795,1,32610,0.515042,1,23,23,101,78610,27.88420,0.00592,2.35406,0.02435,0,0,3,2.318452,1.826974,1.826974,-0.253092,-0.252539,14.707693,1523,0.017171,0.047159,13579,5419,3085,1906,1320,997,753,548,5002,1,1,1,1
23.9000,1522,1,1,17274,0,33436,0.516644,1,2,6,49,51220,28.50767,0.00592,2.35406,0.02435,1,0,3,1.366381,1.000000,1.328520,-0.564730,-0.564525,14.396308,154,0.039213,0.004872,13838,5659,3173,1932,1357,1010,756,574,5136,1,1,1,1
22.3500,1523,1,1,16705,1,32154,0.519547,7,14,679,679,63455,27.43851,0.01494,2.36952,0.02655,0,1,3,3.207549,3.067004,3.067004,-0.021040,-0.020274,14.938800,2514,0.001357,0.076591,13389,5419,3034,1896,1247,923,745,615,4885,1,1,1,1
22.4000,1523,1,1,16770,0,32169,0.521326,1,70,70,156,85161,27.47310,0.01494,2.36952,0.02655,1,0,2,1.020827,1.000000,1.567573,-0.038102,-0.038088,14.923031,2438,0.002552,0.074354,13307,5532,2985,1820,1289,942,709,598,4986,1,1,1,1
23.0000,1523,1,1,16958,0,32644,0.519499,1,10,19,122,7928,27.88908,0.01494,2.36952,0.02655,1,0,3,1.080452,1.000000,1.067018,-0.245947,-0.245897,14.715183,1524,0.016710,0.047135,13586,5409,3098,1873,1364,1011,705,615,4982,1,1,1,1
23.9000,1523,1,1,17539,1,33710,0.520306,1,2,17,99,208036,28.51259,0.01494,2.36952,0.02655,0,0,3,1.464768,1.105662,1.105662,-0.557750,-0.557499,14.402871,155,0.038708,0.004898,14048,5842,3096,1930,1319,995,755,611,5113,1,1,1,1
22.3500,1524,1,1,16790,0,32193,0.521558,1,2,44,44,86665,27.43683,0.00926,2.37145,0.02589,1,1,2,1.403046,1.000000,1.555081,-0.024336,-0.024114,14.936476,2517,0.001614,0.076644,13449,5457,2977,1847,1270,966,705,558,4963,1,1,1,1
22.4000,1524,1,1,16750,0,32269,0.519090,1,74,74,74,184621,27.47139,0.00926,2.37145,0.02589,1,0,2,1.063066,1.000000,4.888955,-0.042000,-0.041960,14.919131,2442,0.002813,0.074446,13433,5591,2947,1925,1341,938,676,538,4879,1,1,1,1
23.0000,1524,1,1,17013,1,32623,0.521519,2,4,13,228,168289,27.88755,0.00926,2.37145,0.02589,0,1,3,2.585032,2.072102,2.072102,-0.249800,-0.249176,14.710652,1525,0.016939,0.047150,13444,5568,2995,1977,1310,1007,761,577,4983,1,1,1,1
23.9000,1524,1,1,17524,0,33547,0.522387,10,23,23,43,25664,28.51111,0.00926,2.37145,0.02589,1,0,2,1.074398,1.000000,1.823417,-0.561538,-0.561491,14.399593,156,0.038994,0.004927,13909,5666,3101,1959,1412,984,788,615,5112,1,1,1,1
22.3500,1525,1,1,16917,1,32206,0.525291,2,4,128,128,48197,27.43388,0.00636,2.37054,0.02371,0,1,3,2.295566,1.800153,1.800153,-0.027146,-0.026602,14.934334,2514,0.001781,0.076513,13281,5536,3027,1910,1283,971,732,559,4906,1,1,1,1
22.4000,1525,1,1,16828,0,32386,0.519623,6,4,27,27,160691,27.46888,0.00636,2.37054,0.02371,1,0,2,1.275663,1.000000,1.349691,-0.044542,-0.044383,14.916552,2437,0.002975,0.074258,13503,5445,3010,1960,1313,1011,719,592,4832,1,1,1,1
23.0000,1525,1,1,17044,0,32740,0.520602,6,6,26,70,76393,27.88477,0.00636,2.37054,0.02371,1,0,2,1.217005,1.000000,1.683188,-0.252564,-0.252435,14.708549,1527,0.017162,0.047187,13664,5505,3035,1852,1386,983,743,571,5000,1,1,1,1
23.9000,1525,1,1,17641,1,33697,0.523534,1,4,15,31,48074,28.50838,0.00636,2.37054,0.02371,0,1,3,1.759973,1.245943,1.034795,-0.564201,-0.563830,14.396880,151,0.039163,0.004767,14049,5754,3147,1921,1360,1001,748,561,5155,1,1,1,1
22.3500,1526,1,1,16929,1,32409,0.522371,1,376540,376540,376540,376540,27.43918,0.00500,2.37737,0.02419,0,1,3,2295.244426,2294.314615,2294.314615,-0.027821,-0.022750,14.933238,2522,0.001523,0.076712,13423,5593,2931,1983,1317,983,751,595,4832,1,1,1,1
22.4000,1526,1,1,16997,1,32604,0.521332,89,11,89,89,60607,27.47370,0.00500,2.37737,0.02419,0,1,3,3.690589,3.280221,3.280221,-0.042933,-0.042077,14.918980,2446,0.002820,0.074471,13612,5637,3079,1877,1346,933,699,569,4851,1,1,1,1
23.0000,1526,1,1,17254,0,33030,0.522389,12,34,536,536,277745,27.88977,0.00500,2.37737,0.02419,1,1,2,1.172050,1.000000,6.499479,-0.251194,-0.251090,14.708853,1529,0.017071,0.047217,13868,5652,2993,1952,1284,1004,734,566,4976,1,1,1,1
23.9000,1526,1,1,17516,0,33635,0.520783,1,3,67,69,45982,28.51342,0.00500,2.37737,0.02419,1,0,2,1.324579,1.000000,1.765042,-0.562592,-0.562408,14.398480,156,0.039060,0.004921,13948,5659,3151,1962,1441,983,758,618,5114,1,1,1,1
22.3500,1527,1,1,16755,1,32226,0.519938,2,14,14,18,96144,27.45327,0.00933,2.39514,0.02165,0,1,3,1.625436,1.463077,1.463077,-0.016036,-0.015718,14.945342,2521,0.001052,0.076569,13336,5496,3014,1838,1350,968,722,552,4949,1,1,1,1
22.4000,1527,1,1,16986,0,32319,0.525589,3,7,75,120,77202,27.48777,0.00933,2.39514,0.02165,1,0,3,1.125630,1.000000,1.061089,-0.033177,-0.033100,14.927951,2446,0.002217,0.074378,13403,5504,3028,1938,1298,985,668,620,4874,1,1,1,1
23.0000,1527,1,1,17119,1,32839,0.521317,5,17,20,34,1339653,27.90402,0.00933,2.39514,0.02165,0,0,3,1.776757,1.613254,1.613254,-0.241443,-0.241067,14.718541,1532,0.016378,0.047248,13740,5460,3040,1974,1321,940,740,584,5039,1,1,1,1
23.9000,1527,1,1,17516,0,33659,0.520411,1,37,37,67,51498,28.52772,0.00933,2.39514,0.02165,1,1,2,1.117795,1.000000,4.780292,-0.553647,-0.553574,14.406129,154,0.038426,0.004852,13905,5773,3202,2005,1371,983,769,574,5076,1,1,1,1
22.3500,1528,1,1,16782,0,32133,0.522283,1,6,376,376,23971880,27.43439,0.00544,2.37442,0.03641,1,1,2,1.157094,1.000000,1.303141,-0.027204,-0.027108,14.933921,2528,0.001815,0.076790,13269,5503,2915,1903,1291,969,779,575,4928,1,1,1,1
22.4000,1528,1,1,16791,1,32221,0.521136,4,3,5,31,35341,27.46932,0.00544,2.37442,0.03641,0,0,3,1.382489,1.181273,1.181273,-0.044650,-0.044438,14.915500,2449,0.002979,0.074482,13229,5493,3095,1923,1317,944,729,535,4955,1,1,1,1
23.0000,1528,1,1,17221,1,32989,0.522038,1,2,39,39,20399,27.88530,0.00544,2.37442,0.03641,0,1,3,1.450316,1.251134,1.251134,-0.252654,-0.252411,14.708714,1531,0.017161,0.047217,13660,5564,3140,1967,1314,976,756,626,4985,1,1,1,1
23.9000,1528,1,1,17414,0,33516,0.519588,1,6,31,159,185019,28.50905,0.00544,2.37442,0.03641,1,1,2,1.175495,1.000000,1.382083,-0.564565,-0.564459,14.395498,156,0.039211,0.004916,13976,5641,3117,1960,1375,898,746,586,5216,1,1,1,1
22.3500,1529,1,1,16958,0,32236,0.526074,1,17,17,37,1959899,27.45312,0.00589,2.40176,0.02162,1,1,2,1.345566,1.000000,7.285900,-0.018489,-0.018295,14.942131,2522,0.001224,0.076516,13342,5520,3042,1839,1289,977,753,612,4861,1,1,1,1
22.4000,1529,1,1,16702,0,32003,0.521905,2,9,9,56,17084,27.48757,0.00589,2.40176,0.02162,1,1,2,1.188093,1.000000,2.128791,-0.035309,-0.035196,14.924807,2448,0.002358,0.074357,13213,5437,2924,1889,1319,911,732,560,5017,1,1,1,1
23.0000,1529,1,1,17328,0,33150,0.522731,13,2,15,19,47149,27.90373,0.00589,2.40176,0.02162,1,1,3,1.360165,1.000000,1.317683,-0.243224,-0.243023,14.717823,1528,0.016512,0.047065,13847,5655,3111,1978,1341,917,784,567,4949,1,1,1,1
23.9000,1529,1,1,17524,0,33753,0.519199,1,17,104,104,20254,28.52752,0.00589,2.40176,0.02162,1,1,2,1.107488,1.000000,2.009128,-0.555269,-0.555202,14.404446,155,0.038544,0.004878,13920,5827,3119,2039,1410,983,747,633,5074,1,1,1,1
22.3500,1530,1,1,17000,0,32373,0.525145,5,2,292,292,127184,27.44514,0.00589,2.37998,0.02161,1,1,3,1.357083,1.000000,1.067548,-0.021674,-0.021474,14.938981,2524,0.001437,0.076542,13457,5456,3040,1962,1308,914,736,571,4928,1,1,1,1
22.4000,1530,1,1,16700,0,32216,0.518392,2,8,8,197,171943,27.48003,0.00589,2.37998,0.02161,1,1,2,1.414008,1.000000,4.310730,-0.039590,-0.039363,14.921330,2447,0.002638,0.074295,13268,5418,3077,1898,1317,957,732,599,4949,1,1,1,1
23.0000,1530,1,1,17176,0,32940,0.521449,1,8,110,732,74628,27.89592,0.00589,2.37998,0.02161,1,1,2,1.207226,1.000000,2.038124,-0.247289,-0.247166,14.712900,1530,0.016799,0.047112,13635,5564,3061,2016,1319,967,771,604,5002,1,1,1,1
23.9000,1530,1,1,17606,0,33714,0.522232,1,2,4,22,17361,28.51975,0.00589,2.37998,0.02161,1,1,2,1.410083,1.000000,1.625342,-0.559130,-0.558906,14.401824,152,0.038808,0.004781,13823,5894,3139,1962,1398,1015,747,572,5163,1,1,1,1
22.3500,1531,1,1,16857,1,32561,0.517721,1,1,8,16,60075,27.44567,0.00804,2.37862,0.02287,0,1,3,1.619381,1.164042,1.164042,-0.020221,-0.019907,14.940886,2528,0.001332,0.076604,13515,5626,3142,1832,1363,946,725,602,4809,1,1,1,1
22.4000,1531,1,1,16950,0,32381,0.523471,1,1,52,52,181777,27.48053,0.00804,2.37862,0.02287,1,1,3,1.401152,1.000000,1.248552,-0.037653,-0.037433,14.923154,2452,0.002508,0.074389,13295,5566,3089,1988,1299,1025,719,562,4837,1,1,1,1
23.0000,1531,1,1,17060,0,32755,0.520852,1,6,35,64,166388,27.89660,0.00804,2.37862,0.02287,1,1,3,1.122258,1.000000,1.022093,-0.245622,-0.245547,14.715507,1533,0.016686,0.047165,13523,5560,3046,1967,1359,957,778,587,4977,1,1,1,1
23.9000,1531,1,1,17568,0,33662,0.521910,1,20,87,107,113524,28.52002,0.00804,2.37862,0.02287,1,1,2,1.384160,1.000000,9.822007,-0.558096,-0.557884,14.402923,155,0.038734,0.004872,13967,5702,3104,1995,1382,984,802,609,5116,1,1,1,1
22.3500,1532,1,1,16987,1,32519,0.522388,1,60,117,117,91505,27.45121,0.00735,2.39049,0.02240,0,1,3,15.675253,14.882526,14.882526,-0.018921,-0.017124,14.943994,2529,0.001146,0.076568,13600,5380,3072,1905,1322,992,768,588,4891,1,1,1,1
22.4000,1532,1,1,17098,0,32673,0.523323,1,8,12,40,76221,27.48560,0.00735,2.39049,0.02240,1,0,2,1.210819,1.000000,2.077336,-0.035471,-0.035346,14.925645,2453,0.002368,0.074359,13716,5437,3081,1883,1341,976,703,629,4906,1,1,1,1
23.0000,1532,1,1,17205,1,32877,0.523330,2,1,20,402,68118,27.90185,0.00735,2.39049,0.02240,0,1,3,1.637325,1.166246,1.166246,-0.243408,-0.243086,14.717672,1534,0.016517,0.047158,13549,5663,3076,1925,1327,995,760,608,4973,1,1,1,1
23.9000,1532,1,1,17522,0,33720,0.519648,2,3,12,36,294944,28.52532,0.00735,2.39049,0.02240,1,0,2,1.307328,1.000000,1.501028,-0.555224,-0.555049,14.405859,155,0.038529,0.004868,14053,5610,3174,2005,1371,1015,741,635,5115,1,1,1,1
22.3500,1533,1,1,16862,0,32299,0.522076,1,2,32,107,377015,27.44464,0.00588,2.37486,0.02247,1,1,3,1.387796,1.000000,1.411631,-0.022011,-0.021797,14.938744,2527,0.001459,0.076485,13442,5459,2958,1963,1304,930,742,581,4919,1,1,1,1
22.4000,1533,1,1,16803,1,32267,0.520765,28,93,93,93,77548,27.47945,0.00588,2.37486,0.02247,0,0,3,4.202896,4.167442,4.167442,-0.039780,-0.038843,14.919181,2451,0.002604,0.074282,13449,5457,2974,1881,1231,925,751,575,5023,1,1,1,1
23.0000,1533,1,1,17167,1,32988,0.520417,1,1,21,107,20106,27.89543,0.00588,2.37486,0.02247,0,1,3,1.425650,1.008422,1.008422,-0.247272,-0.247041,14.713626,1530,0.016790,0.047017,13776,5579,3078,1872,1360,929,742,582,5069,1,1,1,1
23.9000,1533,1,1,17609,1,33853,0.520176,8,2,102,102,27947,28.51895,0.00588,2.37486,0.02247,0,1,3,1.697485,1.319062,1.319062,-0.559140,-0.558795,14.402133,151,0.038799,0.004741,14064,5825,3173,1935,1382,993,727,663,5090,1,1,1,1
22.3500,1534,1,1,16987,1,32399,0.524322,2,8,64,64,35177,27.46139,0.00542,2.38598,0.02201,0,1,3,1.740458,1.237625,1.097597,-0.013613,-0.013252,14.947498,2532,0.000887,0.076541,13485,5461,2996,1893,1352,989,717,627,4878,1,1,1,1
22.4000,1534,1,1,16762,0,32318,0.518674,3,215,215,215,66642,27.49618,0.00542,2.38598,0.02201,1,1,2,1.010372,1.000000,2.245014,-0.031259,-0.031252,14.926902,2454,0.002094,0.074286,13225,5638,2981,1937,1337,945,780,570,4904,1,1,1,1
23.0000,1534,1,1,17280,0,33071,0.522528,1,32,32,546,180774,27.91234,0.00542,2.38598,0.02201,1,1,2,1.358303,1.000000,14.020938,-0.239936,-0.239736,14.720725,1533,0.016286,0.047056,13746,5665,3031,1971,1320,1009,688,613,5027,1,1,1,1
23.9000,1534,1,1,17637,1,33778,0.522160,103,12,103,104,18216,28.53590,0.00542,2.38598,0.02201,0,0,3,2.006105,1.996558,1.996558,-0.551077,-0.550623,14.407029,155,0.038219,0.004861,14079,5742,3044,1956,1492,962,727,624,5151,1,1,1,1
22.3500,1535,1,1,16895,1,32328,0.522628,13,2,13,119,46553,27.46210,0.00542,2.38548,0.02567,0,0,3,1.132647,1.068183,1.068183,-0.013527,-0.013446,14.945844,2533,0.000900,0.076530,13308,5518,3074,1926,1281,947,739,573,4961,1,1,1,1
22.4000,1535,1,1,16801,1,32377,0.518934,1,47,47,1455,74335,27.49687,0.00542,2.38548,0.02567,0,1,3,1.966333,1.394227,1.082173,-0.030948,-0.030508,14.930127,2454,0.002043,0.074221,13549,5442,2940,1890,1369,941,688,574,4983,1,1,1,1
23.0000,1535,1,1,17168,0,32871,0.522300,3,4,12,15,26663,27.91276,0.00542,2.38548,0.02567,1,1,3,1.193023,1.000000,1.098993,-0.238881,-0.238766,14.721260,1532,0.016219,0.046993,13661,5519,3087,1881,1376,982,743,565,5056,1,1,1,1
23.9000,1535,1,1,17883,1,34207,0.522803,4,2,13,26,20948,28.53636,0.00542,2.38548,0.02567,0,0,3,1.497397,1.317830,1.317830,-0.550742,-0.550479,14.409326,151,0.038203,0.004732,14254,5837,3217,2034,1415,1014,745,588,5102,1,1,1,1
22.3500,1536,1,1,16916,0,32457,0.521198,1,403,403,1558,808466,27.45346,0.01013,2.37473,0.02162,1,1,2,1.008954,1.000000,3.638787,-0.015762,-0.015756,14.945375,2548,0.001054,0.076936,13401,5574,3066,1950,1257,949,729,563,4967,1,1,1,1
22.4000,1536,1,1,16787,1,32314,0.519512,1,26,26,242,31015,27.48821,0.01013,2.37473,0.02162,0,1,3,2.599478,1.929048,1.781844,-0.032901,-0.032279,14.928157,2469,0.002162,0.074636,13470,5403,2987,1842,1325,1028,770,544,4944,1,1,1,1
23.0000,1536,1,1,17163,1,33081,0.518833,1,8,273,273,44716,27.90428,0.01013,2.37473,0.02162,0,1,3,2.093599,1.497755,1.350918,-0.240840,-0.240359,14.720420,1547,0.016328,0.047425,13581,5660,3136,1935,1383,1000,761,635,4989,1,1,1,1
23.9000,1536,1,1,17666,0,33841,0.522045,3,3,11,685,257752,28.52793,0.01013,2.37473,0.02162,1,1,2,1.382787,1.000000,1.621393,-0.552728,-0.552517,14.408295,166,0.038347,0.005199,14037,5757,3116,2023,1369,970,782,647,5139,1,1,1,1
22.3500,1537,1,1,16989,1,32581,0.521455,3,388,388,388,79126,27.46001,0.00631,2.38776,0.02281,0,1,3,62.223782,61.220468,61.220468,-0.015155,-0.012467,14.945085,2544,0.000834,0.076766,13552,5504,3043,1964,1304,980,775,577,4881,1,1,1,1
22.4000,1537,1,1,16927,1,32223,0.525324,1,2,10,76,119388,27.49474,0.00631,2.38776,0.02281,0,1,3,1.953879,1.440623,1.440623,-0.031293,-0.030857,14.929246,2467,0.002067,0.074522,13215,5514,2994,1896,1337,974,763,558,4971,1,1,1,1
23.0000,1537,1,1,17307,1,33109,0.522744,1,3,32,32,156566,27.91099,0.00631,2.38776,0.02281,0,1,3,2.275285,1.821637,1.821637,-0.239497,-0.238962,14.722146,1544,0.016231,0.047296,13746,5690,3085,1884,1347,1006,755,598,4997,1,1,1,1
23.9000,1537,1,1,17609,1,33706,0.522445,4,2,74,128,64674,28.53468,0.00631,2.38776,0.02281,0,1,3,2.053318,1.557403,1.557403,-0.551296,-0.550828,14.408626,162,0.038229,0.005070,13905,5811,3159,1956,1351,942,765,616,5200,1,1,1,1
22.3500,1538,1,1,17061,1,32741,0.521106,1,2,234,234,9778,27.45939,0.01414,2.39330,0.01997,0,0,3,1.998718,1.426799,1.426799,-0.010622,-0.010172,14.950418,2545,0.000680,0.076719,13729,5572,3035,1860,1317,942,741,592,4952,1,1,1,1
22.4000,1538,1,1,16890,0,32376,0.521699,1,13,94,94,30214,27.49409,0.01414,2.39330,0.01997,1,1,2,1.383417,1.000000,6.324700,-0.028460,-0.028249,14.932283,2468,0.001892,0.074488,13327,5488,3036,1845,1365,963,751,597,5003,1,1,1,1
23.0000,1538,1,1,17265,1,33221,0.519717,4,9,11,42,78857,27.91007,0.01414,2.39330,0.01997,0,0,3,1.992977,1.783319,1.783319,-0.236037,-0.235588,14.724127,1545,0.016000,0.047290,13917,5635,3017,1919,1363,977,765,599,5028,1,1,1,1
23.9000,1538,1,1,17753,1,34124,0.520265,1,4,74,132,13425,28.53381,0.01414,2.39330,0.01997,0,0,3,3.026749,2.324329,2.324329,-0.547993,-0.547273,14.413056,161,0.037971,0.005034,14308,5763,3140,1966,1417,1010,740,596,5183,1,1,1,1
22.3500,1539,1,1,16880,0,32354,0.521745,1,5,13,31,320668,27.45833,0.00586,2.39118,0.02136,1,0,2,1.238249,1.000000,1.776776,-0.015207,-0.015068,14.945905,2547,0.001008,0.076753,13346,5466,2979,1949,1312,984,740,581,4996,1,1,1,1
22.4000,1539,1,1,16940,0,32498,0.521279,1,20,23,170,753673,27.49301,0.00586,2.39118,0.02136,1,1,2,1.095580,1.000000,2.146879,-0.032605,-0.032546,14.927041,2472,0.002180,0.074587,13545,5502,2920,1935,1329,969,756,606,4935,1,1,1,1
23.0000,1539,1,1,17266,0,32977,0.523593,1,2,11,105,19568,27.90917,0.00586,2.39118,0.02136,1,1,3,1.277754,1.000000,1.122615,-0.240471,-0.240312,14.719958,1546,0.016326,0.047303,13670,5529,3150,1882,1327,937,786,632,5063,1,1,1,1
23.9000,1539,1,1,17737,1,33816,0.524531,1,28,77,159,163073,28.53296,0.00586,2.39118,0.02136,0,0,3,5.825610,5.353929,5.353929,-0.552878,-0.551733,14.407802,161,0.038294,0.005033,14055,5704,3214,1930,1370,1000,751,582,5209,1,1,1,1
22.3500,1540,1,1,16951,1,32236,0.525857,1,4,734,734,16023,27.45889,0.01204,2.38759,0.01898,0,1,3,2.588567,2.124932,2.124932,-0.012179,-0.011561,14.949428,2548,0.000773,0.076715,13308,5558,2922,1835,1334,945,751,553,5029,1,1,1,1
22.4000,1540,1,1,17223,1,32731,0.526214,3,3,55,183,44183,27.49354,0.01204,2.38759,0.01898,0,1,3,2.278565,1.800864,1.800864,-0.029452,-0.028917,14.932034,2471,0.001937,0.074483,13782,5413,3012,1922,1349,961,764,575,4952,1,1,1,1
23.0000,1540,1,1,17287,1,33149,0.521510,1,48,48,48,27617,27.90943,0.01204,2.38759,0.01898,0,1,3,26.270343,22.113969,22.113969,-0.238219,-0.236097,14.722535,1547,0.016036,0.047295,13764,5686,3013,1979,1370,953,707,590,5086,1,1,1,1
23.9000,1540,1,1,17622,0,33695,0.523001,8,3,8,134,34971,28.53327,0.01204,2.38759,0.01898,1,1,2,1.359744,1.000000,1.517762,-0.549259,-0.549060,14.411792,161,0.038098,0.005028,13828,5735,3196,2038,1351,1021,754,584,5187,1,1,1,1
22.3500,1541,1,1,16914,0,32360,0.522698,1,3,18,94,13800,27.46675,0.00675,2.39701,0.02031,1,1,2,1.372202,1.000000,1.679836,-0.010665,-0.010460,14.950043,2549,0.000700,0.076692,13388,5455,2956,1946,1309,965,759,616,4965,1,1,1,1
22.4000,1541,1,1,17021,1,32712,0.520345,6,18,64,298,23308,27.50139,0.00675,2.39701,0.02031,0,1,3,7.736908,6.909750,6.909750,-0.028442,-0.027114,14.933999,2470,0.001816,0.074395,13641,5496,2976,1990,1386,970,752,556,4944,1,1,1,1
23.0000,1541,1,1,17236,0,33162,0.519767,1,31,99,141,19092,27.91746,0.00675,2.39701,0.02031,1,1,2,1.182591,1.000000,6.452975,-0.236453,-0.236345,14.723652,1544,0.016052,0.047169,13754,5646,3109,1875,1404,943,752,617,5061,1,1,1,1
23.9000,1541,1,1,17738,0,34126,0.519795,2,5,5,208,36586,28.54088,0.00675,2.39701,0.02031,1,1,2,1.407786,1.000000,3.060111,-0.547925,-0.547703,14.413045,158,0.038001,0.004931,14284,5734,3216,1970,1388,1052,758,589,5134,1,1,1,1
22.3500,1542,1,1,17023,1,32642,0.521522,1,12,15,28,258029,27.45828,0.00584,2.39753,0.02175,0,1,3,4.233601,3.712729,3.712729,-0.015449,-0.014513,14.945300,2552,0.000971,0.076757,13628,5539,2963,1956,1315,970,739,605,4926,1,1,1,1
22.4000,1542,1,1,17084,0,32937,0.518703,17,4,20,103,80767,27.49290,0.00584,2.39753,0.02175,1,1,2,1.336596,1.000000,1.636908,-0.032487,-0.032299,14.928583,2475,0.002164,0.074524,13751,5697,3071,1927,1359,988,746,601,4796,1,1,1,1
23.0000,1542,1,1,17280,0,33290,0.519090,1,24,24,58,77860,27.90914,0.00584,2.39753,0.02175,1,1,2,1.208776,1.000000,5.807659,-0.241025,-0.240902,14.720095,1549,0.016366,0.047302,13957,5616,3017,2001,1371,1010,739,583,4995,1,1,1,1
23.9000,1542,1,1,17674,0,33696,0.524529,112,5,112,112,472545,28.53262,0.00584,2.39753,0.02175,1,1,2,1.272305,1.000000,1.757040,-0.552366,-0.552210,14.408736,162,0.038325,0.005054,13891,5760,3068,1963,1382,1041,785,637,5168,1,1,1,1
22.3500,1543,1,1,16879,1,32463,0.519962,1,2,9,163,28754,27.46382,0.00584,2.39246,0.02057,0,1,3,1.753503,1.247734,1.247734,-0.012604,-0.012240,14.948519,2551,0.000819,0.076661,13564,5398,3075,1865,1300,964,736,572,4988,1,1,1,1
22.4000,1543,1,1,16735,1,32528,0.514496,6,679,679,679,583718,27.49841,0.00584,2.39246,0.02057,0,0,3,10.653437,10.509874,10.509874,-0.030607,-0.029074,14.929278,2474,0.001947,0.074442,13381,5564,3007,1946,1320,997,720,626,4966,1,1,1,1
23.0000,1543,1,1,17325,1,33181,0.522152,1,22,33,215,52427,27.91439,0.00584,2.39246,0.02057,0,1,3,14.600469,11.355431,11.355431,-0.238622,-0.236884,14.722217,1554,0.016090,0.047417,13957,5489,3044,1916,1369,959,745,570,5131,1,1,1,1
23.9000,1543,1,1,17834,0,34004,0.524483,1,3,47,534,32815,28.53791,0.00584,2.39246,0.02057,1,0,2,1.294377,1.000000,1.417121,-0.549693,-0.549526,14.411400,161,0.038131,0.005019,14115,5841,3111,1973,1436,1022,819,623,5063,1,1,1,1
22.3500,1544,1,1,17168,0,32854,0.522570,180,5,180,180,170375,27.45607,0.00629,2.37880,0.01995,1,1,2,1.348048,1.000000,2.442746,-0.016332,-0.016139,14.944730,2555,0.001080,0.076750,13639,5684,3095,1880,1301,980,770,585,4919,1,1,1,1
22.4000,1544,1,1,16974,0,32590,0.520851,1,1,15,78,235707,27.49064,0.00629,2.37880,0.01995,1,1,3,1.387922,1.000000,1.251364,-0.033400,-0.033188,14.927362,2478,0.002223,0.074524,13458,5512,3102,1916,1316,963,708,613,5001,1,1,1,1
23.0000,1544,1,1,17322,0,33255,0.520900,1,1,11,1499,64235,27.90680,0.00629,2.37880,0.01995,1,0,3,1.404983,1.000000,1.252826,-0.241475,-0.241255,14.719506,1551,0.016390,0.047304,13771,5677,3063,1995,1371,987,760,624,5006,1,1,1,1
23.9000,1544,1,1,17547,1,33894,0.517718,2,7,13,342,283340,28.53036,0.00629,2.37880,0.01995,0,1,3,2.730811,2.039321,2.039321,-0.553412,-0.552762,14.408118,162,0.038365,0.005048,14118,5701,3147,1932,1384,1040,765,626,5180,1,1,1,1
22.3500,1545,1,1,17054,0,32662,0.522152,1,5,79,79,29944,27.44216,0.00977,2.39567,0.02246,1,1,2,1.346042,1.000000,2.246118,-0.021364,-0.021172,14.939267,2553,0.001417,0.076669,13604,5508,3016,1912,1316,1007,742,571,4985,1,1,1,1
22.4000,1545,1,1,17001,1,32680,0.520242,1,9,172,172,117905,27.47715,0.00977,2.39567,0.02246,0,1,3,2.468819,2.239198,2.239198,-0.038858,-0.038273,14.922799,2475,0.002565,0.074408,13552,5479,3116,1938,1355,983,717,652,4887,1,1,1,1
23.0000,1545,1,1,17227,1,33118,0.520186,1,28,28,28,75854,27.89304,0.00977,2.39567,0.02246,0,1,3,8.172695,7.372212,7.372212,-0.247191,-0.245831,14.715247,1548,0.016706,0.047195,13678,5654,3133,1945,1358,945,736,617,5051,1,1,1,1
23.9000,1545,1,1,17844,0,34238,0.521191,1,931,931,931,54165,28.51665,0.00977,2.39567,0.02246,1,1,2,1.015558,1.000000,14.628490,-0.559216,-0.559206,14.399234,158,0.038836,0.004923,14202,5843,3224,2057,1449,1021,772,634,5035,1,1,1,1
22.3500,1546,1,1,17047,1,32693,0.521443,8,9,11,25,60637,27.44150,0.00673,2.37848,0.01870,0,1,3,2.622773,2.485114,2.485114,-0.023531,-0.022907,14.936207,2554,0.001534,0.076665,13613,5496,3013,1905,1312,993,789,583,4988,1,1,1,1
22.4000,1546,1,1,17001,1,32622,0.521167,1,1,19,44,164150,27.47603,0.00673,2.37848,0.01870,0,1,3,1.544931,1.092532,1.092532,-0.040510,-0.040229,14.920471,2478,0.002696,0.074462,13545,5591,3013,1968,1261,971,733,578,4961,1,1,1,1
23.0000,1546,1,1,17287,1,33187,0.520912,29,2,108,108,85059,27.89209,0.00673,2.37848,0.01870,0,1,3,1.384646,1.262303,1.262303,-0.248597,-0.248386,14.710279,1552,0.016885,0.047303,13781,5521,3141,1964,1333,1008,763,597,5078,1,1,1,1
23.9000,1546,1,1,17737,1,34013,0.521492,2,15,280,519,29621,28.51575,0.00673,2.37848,0.01870,0,0,3,2.721531,2.343164,2.343164,-0.560639,-0.559991,14.399933,161,0.038888,0.005013,14121,5661,3182,2070,1428,960,770,625,5195,1,1,1,1
22.3500,1547,1,1,16959,1,32536,0.521254,3,5,30,207,9567,27.45904,0.00538,2.37795,0.01824,0,1,3,3.682147,2.858140,2.858140,-0.015331,-0.014489,14.946517,2560,0.000969,0.076742,13393,5538,3008,1890,1344,1017,714,586,5045,1,1,1,1
22.4000,1547,1,1,17134,0,32812,0.522203,6,2,29,33,74265,27.49354,0.00538,2.37795,0.01824,1,1,3,1.414051,1.000000,1.095745,-0.032272,-0.032048,14.928634,2485,0.002147,0.074583,13612,5519,3056,2002,1405,931,738,569,4979,1,1,1,1
23.0000,1547,1,1,17478,0,33340,0.524251,2,6,18,114,88209,27.90978,0.00538,2.37795,0.01824,1,0,2,1.168597,1.000000,1.210448,-0.240424,-0.240323,14.720705,1555,0.016326,0.047330,13942,5560,3063,1932,1383,1032,758,609,5060,1,1,1,1
23.9000,1547,1,1,17707,1,34205,0.517688,2,1,447,447,28757,28.53348,0.00538,2.37795,0.01824,0,0,3,1.336625,1.034471,1.034471,-0.552204,-0.552016,14.408296,162,0.038312,0.005038,14253,5826,3146,2016,1427,977,790,610,5159,1,1,1,1
22.3500,1548,1,1,17126,0,32806,0.522055,1,3,9,336,146918,27.45567,0.01156,2.37001,0.01933,1,1,3,1.214247,1.000000,1.214250,-0.013466,-0.013340,14.947655,2562,0.000892,0.076747,13523,5647,3101,1907,1387,971,779,564,4926,1,1,1,1
22.4000,1548,1,1,17055,1,32674,0.521991,2,14,58,562,17758,27.49059,0.01156,2.37001,0.01933,0,1,3,1.678247,1.213066,1.138034,-0.030911,-0.030577,14.930240,2485,0.002048,0.074527,13593,5452,3117,1902,1272,987,732,564,5054,1,1,1,1
23.0000,1548,1,1,17323,1,33311,0.520054,2,1,557,557,17148,27.90657,0.01156,2.37001,0.01933,0,0,3,1.296979,1.023024,1.023024,-0.238870,-0.238702,14.721551,1555,0.016214,0.047297,13865,5580,3124,1947,1328,991,800,602,5073,1,1,1,1
23.9000,1548,1,1,17815,1,34292,0.519524,2,4,11,86,23059,28.53031,0.01156,2.37001,0.01933,0,0,3,1.541463,1.171579,1.171579,-0.550798,-0.550519,14.409851,163,0.038204,0.005065,14275,5875,3229,1979,1468,1013,799,597,5056,1,1,1,1
22.3500,1549,1,1,17024,0,32527,0.523397,1,14,14,85,37245,27.46301,0.00626,2.36962,0.02162,1,1,2,1.405120,1.000000,7.325838,-0.013337,-0.013117,14.947498,2559,0.000878,0.076608,13479,5496,2981,1903,1363,991,735,581,4997,1,1,1,1
22.4000,1549,1,1,17084,0,32861,0.519903,3,2,4,33,39072,27.49747,0.00626,2.36962,0.02162,1,1,3,1.408895,1.000000,1.438871,-0.030028,-0.029807,14.930828,2482,0.001996,0.074386,13659,5642,2963,2038,1334,951,742,562,4969,1,1,1,1
23.0000,1549,1,1,17231,1,33299,0.517479,2,98,98,802,48320,27.91362,0.00626,2.36962,0.02162,0,1,3,52.596803,44.462171,44.462171,-0.239226,-0.236667,14.724465,1552,0.016073,0.047166,13775,5609,3108,1994,1348,968,784,615,5097,1,1,1,1
23.9000,1549,1,1,17734,0,34054,0.520776,7,24,24,43,61119,28.53741,0.00626,2.36962,0.02162,1,1,2,1.386456,1.000000,11.351877,-0.550678,-0.550468,14.410344,162,0.038199,0.005031,14061,5759,3253,1955,1429,1021,769,588,5218,1,1,1,1
22.3500,1550,1,1,17034,0,32665,0.521492,6,107,107,107,566761,27.45853,0.00581,2.38067,0.01865,1,1,2,1.026305,1.000000,2.888129,-0.015341,-0.015324,14.943462,2564,0.001025,0.076729,13558,5511,2988,2007,1293,1005,755,575,4972,1,1,1,1
22.4000,1550,1,1,17162,0,32897,0.521705,1,4,19,101,35283,27.49342,0.00581,2.38067,0.01865,1,1,2,1.401761,1.000000,2.470858,-0.032732,-0.032514,14.928261,2485,0.002178,0.074441,13592,5655,3082,1976,1403,918,686,614,4970,1,1,1,1
23.0000,1550,1,1,17465,1,33248,0.525311,2,3,20,21,13514,27.90930,0.00581,2.38067,0.01865,0,1,3,1.704153,1.523660,1.523660,-0.240503,-0.240159,14.720909,1556,0.016314,0.047268,13773,5628,3039,1909,1356,1006,766,617,5153,1,1,1,1
23.9000,1550,1,1,17890,0,34415,0.519847,1,1,47,47,41320,28.53314,0.00581,2.38067,0.01865,1,0,3,1.281227,1.000000,1.016735,-0.552294,-0.552134,14.407084,160,0.038324,0.004966,14464,5874,3224,2001,1316,989,768,609,5169,1,1,1,1
22.3500,1551,1,1,17060,0,32463,0.525538,1,14,14,14,72894,27.44787,0.00581,2.36606,0.02143,1,1,2,1.412908,1.000000,7.406323,-0.020822,-0.020599,14.940067,2563,0.001379,0.076667,13413,5487,2967,1907,1332,964,741,598,5053,1,1,1,1
22.4000,1551,1,1,17209,1,33092,0.520051,2,11,151,2705,201662,27.48273,0.00581,2.36606,0.02143,0,1,3,4.538674,4.002217,4.002217,-0.038053,-0.037078,14.922504,2485,0.002485,0.074421,13733,5617,3159,1988,1388,976,761,569,4900,1,1,1,1
23.0000,1551,1,1,17453,1,33592,0.519574,5,50,50,228,15969,27.89880,0.00581,2.36606,0.02143,0,1,3,7.728711,7.494677,7.494677,-0.246289,-0.244970,14.713728,1554,0.016649,0.047200,14095,5655,3117,1969,1329,1046,799,566,5015,1,1,1,1
23.9000,1551,1,1,17502,0,33818,0.517550,3,1,289,289,111675,28.52223,0.00581,2.36606,0.02143,1,1,3,1.324681,1.000000,1.108621,-0.557380,-0.557199,14.403941,159,0.038684,0.004933,13963,5596,3206,2021,1358,967,787,574,5345,1,1,1,1
22.3500,1552,1,1,16993,1,32575,0.521674,1,13,14,23,52838,27.44292,0.00625,2.35291,0.03028,0,1,3,2.147933,1.539859,1.348771,-0.022810,-0.022318,14.938477,2569,0.001494,0.076805,13461,5448,2938,1947,1339,965,727,601,5148,1,1,1,1
22.4000,1552,1,1,17019,1,32641,0.521415,1,3,14,80,70664,27.47731,0.00625,2.35291,0.03028,0,1,3,2.635484,2.009231,2.009231,-0.040137,-0.039512,14.920622,2492,0.002648,0.074592,13383,5538,3071,2023,1344,964,727,582,5008,1,1,1,1
23.0000,1552,1,1,17221,1,33136,0.519722,1,12,27,30,14770,27.89356,0.00625,2.35291,0.03028,0,1,3,4.795098,4.127956,4.127956,-0.248493,-0.247483,14.712353,1559,0.016821,0.047326,13589,5602,3099,2004,1322,1047,745,563,5164,1,1,1,1
23.9000,1552,1,1,17886,0,34346,0.520774,1,13,28,51,25448,28.51703,0.00625,2.35291,0.03028,1,1,2,1.407597,1.000000,7.115388,-0.560406,-0.560185,14.400570,163,0.038900,0.005055,14283,5927,3204,1975,1437,1002,776,605,5136,1,1,1,1
22.3500,1553,1,1,17076,0,32636,0.523242,2,2,11,64,20997,27.44075,0.01033,2.35884,0.02051,1,0,3,1.386618,1.000000,1.412643,-0.021705,-0.021494,14.939319,2567,0.001439,0.076692,13444,5538,3022,1913,1339,940,803,617,5019,1,1,1,1
22.4000,1553,1,1,17145,1,32974,0.519971,1,14494,14494,14494,14494,27.47556,0.01033,2.35884,0.02051,0,1,3,7.193070,6.479008,6.439410,-0.039620,-0.038350,14.921344,2491,0.002570,0.074511,13779,5578,3019,2002,1262,960,801,588,4984,1,1,1,1
23.0000,1553,1,1,17252,0,33280,0.518405,1,24,728,728,264579,27.89154,0.01033,2.35884,0.02051,1,1,2,1.413035,1.000000,12.532568,-0.247823,-0.247601,14.713121,1556,0.016829,0.047202,13778,5593,3116,1956,1426,1002,750,570,5088,1,1,1,1
23.9000,1553,1,1,17741,1,34310,0.517095,2,8,19,142,72786,28.51506,0.01033,2.35884,0.02051,0,1,3,1.721507,1.528420,1.528420,-0.558906,-0.558556,14.402504,160,0.038782,0.004958,14234,5815,3173,2003,1418,1061,802,619,5184,1,1,1,1
22.3500,1554,1,1,16978,0,32736,0.518650,2,17,54,202,37510,27.45353,0.00669,2.37585,0.02702,1,0,2,1.116534,1.000000,2.273801,-0.017144,-0.017073,14.943994,2568,0.001142,0.076648,13610,5512,3045,1882,1328,964,755,596,5043,1,1,1,1
22.4000,1554,1,1,17244,0,33025,0.522166,1,6,8,34,37428,27.48833,0.00669,2.37585,0.02702,1,0,2,1.236417,1.000000,1.837696,-0.034472,-0.034335,14.926645,2490,0.002300,0.074407,13761,5468,3102,2023,1323,954,792,603,4998,1,1,1,1
23.0000,1554,1,1,17433,1,33421,0.521634,2,1,13,83,59718,27.90448,0.00669,2.37585,0.02702,0,1,3,1.575685,1.237145,1.237145,-0.242398,-0.242106,14.718088,1559,0.016450,0.047246,13797,5554,3173,2002,1337,1029,776,626,5126,1,1,1,1
23.9000,1554,1,1,17874,0,34414,0.519397,2,2,16,19,19596,28.52805,0.00669,2.37585,0.02702,1,1,3,1.404445,1.000000,1.319354,-0.554214,-0.553995,14.406773,159,0.038454,0.004923,14204,5972,3208,2003,1379,1029,799,620,5199,1,1,1,1
22.3500,1555,1,1,16925,1,32539,0.520161,2,5,25,25,103834,27.45067,0.00624,2.35893,0.02291,0,1,3,4.250887,3.082716,3.082716,-0.019186,-0.018255,14.941287,2569,0.001222,0.076643,13426,5497,3030,1899,1308,995,684,592,5107,1,1,1,1
22.4000,1555,1,1,17189,1,32951,0.521669,1,5,355,355,342443,27.48544,0.00624,2.35893,0.02291,0,1,3,2.057172,1.456719,1.299938,-0.036288,-0.035825,14.924837,2491,0.002400,0.074398,13630,5687,3064,1914,1297,1010,765,613,4970,1,1,1,1
23.0000,1555,1,1,17590,0,33587,0.523730,1,4,13,25,49933,27.90133,0.00624,2.35893,0.02291,1,1,2,1.396108,1.000000,2.777218,-0.244484,-0.244270,14.716314,1559,0.016599,0.047222,13890,5764,3113,2066,1390,1014,770,581,4998,1,1,1,1
23.9000,1555,1,1,17909,1,34212,0.523487,1,4,13,87,129943,28.52494,0.00624,2.35893,0.02291,0,0,3,1.742346,1.340062,1.340062,-0.556053,-0.555696,14.404642,159,0.038578,0.004920,14187,5791,3243,2017,1332,1021,784,565,5271,1,1,1,1
22.3500,1556,1,1,17155,1,33065,0.518842,3,747,747,747,37484,27.44408,0.00668,2.35432,0.02120,0,1,3,3.225718,2.519955,2.377909,-0.022023,-0.021271,14.939675,2573,0.001424,0.076721,13723,5656,3070,1912,1379,993,753,601,4977,1,1,1,1
22.4000,1556,1,1,17453,1,33146,0.526565,2,29,109,208,1412016,27.47882,0.00668,2.35432,0.02120,0,1,3,10.480093,9.636574,9.636574,-0.039847,-0.038337,14.920675,2493,0.002569,0.074430,13852,5673,3119,1915,1325,989,763,559,4950,1,1,1,1
23.0000,1556,1,1,17411,1,33339,0.522257,16,21,21,41,55107,27.89489,0.00668,2.35432,0.02120,0,0,3,1.172968,1.113998,1.113998,-0.247187,-0.247084,14.712155,1559,0.016795,0.047205,13821,5696,3023,1956,1363,985,761,596,5137,1,1,1,1
23.9000,1556,1,1,17811,1,34250,0.520044,4,162,162,450,57658,28.51854,0.00668,2.35432,0.02120,0,1,3,15.042640,14.499059,14.499059,-0.559838,-0.558096,14.403024,159,0.038749,0.004918,14270,5700,3158,2043,1407,1020,772,604,5275,1,1,1,1
22.3500,1557,1,1,17223,1,32888,0.523702,1,2,3,4721,121151,27.45795,0.00712,2.36834,0.02252,0,1,3,1.432078,1.199607,1.199607,-0.014481,-0.014250,14.946764,2569,0.000953,0.076516,13535,5625,3090,1926,1349,1046,772,609,4935,1,1,1,1
22.4000,1557,1,1,17134,0,32930,0.520332,1,9,10,100,368042,27.49267,0.00712,2.36834,0.02252,1,1,2,1.196788,1.000000,2.296388,-0.032060,-0.031945,14.928116,2491,0.002140,0.074286,13683,5476,3140,1997,1352,971,749,559,5002,1,1,1,1
23.0000,1557,1,1,17295,1,33247,0.520213,1,2,43,75,1461756,27.90892,0.00712,2.36834,0.02252,0,0,3,1.701008,1.213152,1.213152,-0.239965,-0.239624,14.720983,1557,0.016278,0.047086,13679,5728,3042,1891,1343,996,751,627,5189,1,1,1,1
23.9000,1557,1,1,17855,1,34385,0.519282,4,2,27,182,103108,28.53262,0.00712,2.36834,0.02252,0,1,3,1.460551,1.233641,1.233641,-0.551810,-0.551567,14.409480,155,0.038278,0.004789,14287,5826,3195,2072,1403,1055,810,596,5140,1,1,1,1
22.3500,1558,1,1,17056,0,32956,0.517554,1,29,29,29,67595,27.45613,0.01506,2.37165,0.02072,1,1,3,1.029741,1.000000,1.032196,-0.011630,-0.011612,14.947267,2582,0.000777,0.076852,13633,5611,3117,1974,1356,939,766,585,4974,1,1,1,1
22.4000,1558,1,1,17284,0,33032,0.523266,2,35,35,268,437160,27.49084,0.01506,2.37165,0.02072,1,1,2,1.240148,1.000000,9.766328,-0.029743,-0.029605,14.931375,2500,0.001983,0.074490,13836,5542,2991,1962,1366,994,721,600,5019,1,1,1,1
23.0000,1558,1,1,17325,1,33516,0.516933,8,2,8,607,20244,27.90681,0.01506,2.37165,0.02072,0,1,3,1.386122,1.176555,1.176555,-0.237037,-0.236827,14.722627,1565,0.016086,0.047292,13980,5732,3079,1931,1386,974,784,596,5053,1,1,1,1
23.9000,1558,1,1,17736,0,34246,0.517915,1,7,29,29,537348,28.53056,0.01506,2.37165,0.02072,1,1,2,1.399813,1.000000,4.207623,-0.549332,-0.549116,14.411483,164,0.038103,0.005063,14263,5758,3094,2060,1377,1029,775,623,5266,1,1,1,1
22.3500,1559,1,1,17114,0,32988,0.518810,4,24,58,82,24010,27.46036,0.00534,2.36440,0.03010,1,1,2,1.322769,1.000000,9.092156,-0.014961,-0.014781,14.945613,2578,0.000989,0.076692,13735,5657,2998,1936,1344,965,668,615,5069,1,1,1,1
22.4000,1559,1,1,17177,1,32946,0.521384,1,63,63,63,25291,27.49504,0.00534,2.36440,0.03010,0,1,3,2.825530,2.145853,2.002050,-0.031814,-0.031147,14.929233,2500,0.002086,0.074453,13687,5546,3116,1937,1303,987,762,590,5017,1,1,1,1
23.0000,1559,1,1,17597,1,33720,0.521872,3,8,26,36,14408,27.91120,0.00534,2.36440,0.03010,0,1,3,4.149155,3.585154,3.585154,-0.240079,-0.239166,14.721951,1564,0.016246,0.047234,14126,5768,3070,1934,1357,1009,777,581,5097,1,1,1,1
23.9000,1559,1,1,17822,0,34128,0.522226,2,3,33,203,137184,28.53498,0.00534,2.36440,0.03010,1,1,3,1.280495,1.000000,1.225043,-0.551629,-0.551471,14.408823,163,0.038273,0.005030,14171,5833,3097,1915,1402,1002,800,615,5292,1,1,1,1
22.3500,1560,1,1,17340,0,33307,0.520627,1,14,14,109,15283,27.46054,0.00578,2.36923,0.02207,1,0,2,1.188600,1.000000,3.238049,-0.014606,-0.014495,14.946524,2582,0.000970,0.076757,13945,5660,3082,1900,1382,990,768,602,4977,1,1,1,1
22.4000,1560,1,1,17086,0,32986,0.517993,1,2,13,24,144969,27.49520,0.00578,2.36923,0.02207,1,0,3,1.375620,1.000000,1.372018,-0.031657,-0.031453,14.929385,2503,0.002107,0.074494,13758,5555,2988,1884,1315,1033,765,598,5089,1,1,1,1
23.0000,1560,1,1,17541,1,33402,0.525164,3,2,11,18,84651,27.91109,0.00578,2.36923,0.02207,0,0,3,1.273617,1.015500,1.015500,-0.239508,-0.239353,14.720876,1567,0.016259,0.047297,13744,5608,3209,1993,1357,981,810,607,5092,1,1,1,1
23.9000,1560,1,1,17680,0,34121,0.518171,1,2,54,339,467200,28.53492,0.00578,2.36923,0.02207,1,1,3,1.268991,1.000000,1.034377,-0.551427,-0.551275,14.408992,163,0.038259,0.005026,14068,5730,3238,2016,1439,1030,780,569,5250,1,1,1,1
22.3500,1561,1,1,17348,0,33316,0.520726,1,17,50,222,58467,27.45276,0.00622,2.36073,0.02157,1,1,2,1.081477,1.000000,1.610017,-0.017893,-0.017843,14.941674,2579,0.001194,0.076643,13947,5738,3151,1890,1294,1039,745,566,4945,1,1,1,1
22.4000,1561,1,1,17296,0,33083,0.522822,1,6,18,65,22700,27.48739,0.00622,2.36073,0.02157,1,1,2,1.414146,1.000000,3.911886,-0.035500,-0.035278,14.925416,2501,0.002364,0.074406,13764,5609,3074,1903,1312,945,787,563,5125,1,1,1,1
23.0000,1561,1,1,17457,1,33666,0.518550,1,7,15,1451,19295,27.90346,0.00622,2.36073,0.02157,0,1,3,4.039113,3.330612,3.330612,-0.243481,-0.242586,14.718435,1566,0.016482,0.047245,14066,5695,3120,1970,1374,990,740,595,5115,1,1,1,1
23.9000,1561,1,1,17754,0,34181,0.519427,2,29,29,35,38155,28.52689,0.00622,2.36073,0.02157,1,1,2,1.071771,1.000000,2.266614,-0.555070,-0.555025,14.404412,160,0.038532,0.004932,14105,5766,3129,2038,1416,1038,835,626,5227,1,1,1,1
22.3500,1562,1,1,17163,1,32983,0.520375,12,15,29,187,239185,27.45666,0.00621,2.37564,0.02156,0,0,3,2.718289,2.643223,2.643223,-0.015951,-0.015311,14.943545,2581,0.001025,0.076644,13675,5610,3070,1980,1272,935,772,650,5018,1,1,1,1
22.4000,1562,1,1,17262,0,33129,0.521070,1,79,79,79,19939,27.49127,0.00621,2.37564,0.02156,1,1,2,1.268868,1.000000,24.379720,-0.033972,-0.033819,14.926448,2503,0.002266,0.074413,13735,5622,3146,1935,1279,1004,791,568,5048,1,1,1,1
23.0000,1562,1,1,17281,1,33554,0.515036,23,3,23,261,23553,27.90751,0.00621,2.37564,0.02156,0,1,3,1.699261,1.202851,1.079077,-0.241077,-0.240737,14.719933,1565,0.016355,0.047179,13866,5666,3142,2059,1394,934,747,632,5113,1,1,1,1
23.9000,1562,1,1,17721,1,34366,0.515670,7,4,16,18,341679,28.53099,0.00621,2.37564,0.02156,0,1,3,2.419224,1.998762,1.998762,-0.553023,-0.552457,14.408555,161,0.038342,0.004958,14308,5768,3229,2053,1344,976,802,614,5271,1,1,1,1
22.3500,1563,1,1,17233,1,33154,0.519802,2,159,159,159,230776,27.46188,0.00532,2.35415,0.02155,0,1,3,8.027783,7.584901,7.584901,-0.014413,-0.013080,14.948028,2584,0.000875,0.076661,13770,5694,3071,1991,1311,1003,721,621,4971,1,1,1,1
22.4000,1563,1,1,17211,1,33064,0.520552,1,1,22,22,1403894,27.49647,0.00532,2.35415,0.02155,0,0,3,1.582743,1.119336,1.119336,-0.031070,-0.030777,14.929936,2506,0.002061,0.074437,13753,5605,3100,1973,1267,976,767,574,5048,1,1,1,1
23.0000,1563,1,1,17444,0,33452,0.521479,1,2,32,416,34558,27.91245,0.00532,2.35415,0.02155,1,1,3,1.344351,1.000000,1.360077,-0.239130,-0.238941,14.721508,1568,0.016231,0.047235,13750,5680,3147,2010,1395,969,797,569,5134,1,1,1,1
23.9000,1563,1,1,18033,1,34558,0.521833,6,14,66,66,84545,28.53597,0.00532,2.35415,0.02155,0,1,3,3.317920,2.649998,2.649998,-0.551119,-0.550352,14.410620,162,0.038191,0.004985,14401,5778,3199,2057,1452,1100,772,612,5186,1,1,1,1
22.3500,1564,1,1,17339,1,33232,0.521772,2,37,37,143516,143516,27.45514,0.00729,2.35876,0.01848,0,1,3,24.532532,18.798716,18.798716,-0.016927,-0.014881,14.943389,2587,0.000996,0.076725,13917,5656,3053,1938,1354,1001,732,595,4985,1,1,1,1
22.4000,1564,1,1,17134,0,33150,0.516878,1,3,9,19,240623,27.48971,0.00729,2.35876,0.01848,1,1,2,1.380911,1.000000,2.092347,-0.033503,-0.033296,14.927246,2508,0.002231,0.074462,13768,5667,3114,1947,1308,972,754,569,5050,1,1,1,1
23.0000,1564,1,1,17637,1,33777,0.522176,4,80,80,163,20017,27.90587,0.00729,2.35876,0.01848,0,1,3,17.251692,16.248620,16.248620,-0.242242,-0.240421,14.720693,1569,0.016332,0.047237,14071,5723,3182,1979,1347,967,710,607,5190,1,1,1,1
23.9000,1564,1,1,18051,1,34637,0.521163,7,2,23,4232,43571,28.52943,0.00729,2.35876,0.01848,0,0,3,1.272941,1.154918,1.154918,-0.553155,-0.553001,14.406660,170,0.038385,0.005230,14476,5987,3120,2035,1367,1044,742,630,5235,1,1,1,1
22.3500,1565,1,1,17294,0,33274,0.519761,3,25,705,1916,33465,27.43342,0.00956,2.33567,0.03012,1,1,2,1.042902,1.000000,1.135797,-0.025595,-0.025568,14.933553,2585,0.001712,0.076667,13857,5691,3206,1886,1365,958,772,593,4945,1,1,1,1
22.4000,1565,1,1,17189,1,32840,0.523433,1,2,253,465,50120,27.46841,0.00956,2.33567,0.03012,0,1,3,1.527126,1.266889,1.266889,-0.043128,-0.042857,14.918288,2505,0.002873,0.074370,13620,5470,3031,1875,1289,997,785,600,5172,1,1,1,1
23.0000,1565,1,1,17356,0,33489,0.518275,1,12,12,57,145336,27.88430,0.00956,2.33567,0.03012,1,1,2,1.414197,1.000000,6.350614,-0.251589,-0.251367,14.709333,1566,0.017089,0.047153,13887,5631,3076,2016,1354,988,776,576,5184,1,1,1,1
23.9000,1565,1,1,18021,1,34755,0.518530,1,11,23,23,48875,28.50791,0.00956,2.33567,0.03012,0,1,3,5.284806,4.451748,4.451748,-0.563281,-0.562217,14.397687,160,0.039049,0.004922,14569,5832,3279,2023,1379,1047,814,641,5170,1,1,1,1
22.3500,1566,1,1,17406,0,33206,0.524198,4,39,39,39,23165,27.45108,0.00575,2.34552,0.02059,1,0,2,1.032150,1.000000,1.307992,-0.019003,-0.018983,14.942143,2589,0.001270,0.076692,13670,5650,3181,1990,1398,1014,803,545,4954,1,1,1,1
22.4000,1566,1,1,17109,1,33006,0.518376,3,10,10,170,23227,27.48561,0.00575,2.34552,0.02059,0,1,3,5.099766,4.437593,4.437593,-0.036658,-0.035618,14.925518,2510,0.002386,0.074435,13678,5574,3068,1968,1330,956,767,583,5081,1,1,1,1
23.0000,1566,1,1,17685,1,33928,0.521266,3,2,5,75,133508,27.90167,0.00575,2.34552,0.02059,0,1,3,1.596289,1.332561,1.332561,-0.244284,-0.243985,14.717032,1569,0.016578,0.047189,14206,5727,3193,1962,1342,1011,773,651,5062,1,1,1,1
23.9000,1566,1,1,17942,0,34742,0.516450,15,3,15,65,1180394,28.52533,0.00575,2.34552,0.02059,1,1,3,1.226415,1.000000,1.016567,-0.556023,-0.555892,14.404266,160,0.038592,0.004917,14477,5974,3210,1994,1429,988,809,647,5213,1,1,1,1
22.3500,1567,1,1,17288,0,33234,0.520206,7,2,13,197,95068,27.45533,0.00575,2.35647,0.02022,1,1,3,1.384142,1.000000,1.303309,-0.016720,-0.016513,14.944313,2590,0.001105,0.076662,13798,5706,3035,1986,1362,969,765,618,4994,1,1,1,1
22.4000,1567,1,1,17306,0,33182,0.521564,1,31,31,76,38354,27.48983,0.00575,2.35647,0.02022,1,1,2,1.332500,1.000000,12.502692,-0.034701,-0.034518,14.925906,2513,0.002313,0.074475,13894,5442,3129,1942,1306,1035,784,612,5037,1,1,1,1
23.0000,1567,1,1,17539,1,33580,0.522320,3,1,21,33,129666,27.90608,0.00575,2.35647,0.02022,0,0,3,1.212873,1.034754,1.034754,-0.241988,-0.241865,14.718122,1568,0.016433,0.047125,13835,5728,3156,2030,1345,978,773,605,5129,1,1,1,1
23.9000,1567,1,1,17922,0,34784,0.515252,1,4,6,158,13141,28.52978,0.00575,2.35647,0.02022,1,1,2,1.359158,1.000000,2.016728,-0.554090,-0.553894,14.406594,158,0.038447,0.004851,14514,5886,3180,2071,1411,1069,777,617,5258,1,1,1,1
22.3500,1568,1,1,17120,0,32904,0.520317,3,4,7,180,39436,27.45489,0.01098,2.35161,0.01930,1,1,2,1.388708,1.000000,2.395291,-0.014373,-0.014164,14.946405,2595,0.000948,0.076750,13338,5693,3108,1990,1350,1015,787,561,5061,1,1,1,1
22.4000,1568,1,1,17456,0,33291,0.524362,1,12,114,114,120320,27.48981,0.01098,2.35161,0.01930,1,0,2,1.097848,1.000000,1.422681,-0.031656,-0.031597,14.929487,2516,0.002116,0.074498,13997,5609,2982,1953,1315,973,758,610,5093,1,1,1,1
23.0000,1568,1,1,17435,1,33619,0.518621,70,68,70,70,53308,27.90579,0.01098,2.35161,0.01930,0,0,3,3.644305,3.630104,3.630104,-0.239956,-0.239132,14.718479,1575,0.016247,0.047304,13914,5734,3100,1954,1393,1009,738,576,5200,1,1,1,1
23.9000,1568,1,1,17941,1,34595,0.518616,2,12,111,111,59876,28.52953,0.01098,2.35161,0.01930,0,0,3,1.372829,1.051837,1.051837,-0.551418,-0.551216,14.409145,166,0.038255,0.005093,14318,5859,3227,2059,1411,1052,779,646,5243,1,1,1,1
22.3500,1569,1,1,17511,1,33088,0.529241,1,33,33,33,79982,27.46552,0.00899,2.36244,0.02079,0,0,3,6.270684,5.658664,5.658664,-0.010611,-0.009441,14.950261,2593,0.000631,0.076622,13751,5480,3162,1987,1287,987,791,600,5042,1,1,1,1
22.4000,1569,1,1,17304,0,33332,0.519156,9,4,76,76,158589,27.49998,0.00899,2.36244,0.02079,1,1,3,1.208092,1.000000,1.035686,-0.027298,-0.027177,14.932931,2515,0.001820,0.074404,13773,5695,3096,2047,1366,971,760,563,5060,1,1,1,1
23.0000,1569,1,1,17446,0,33671,0.518147,1,1,64,64,30757,27.91613,0.00899,2.36244,0.02079,1,1,3,1.376561,1.000000,1.163462,-0.235409,-0.235206,14.725329,1572,0.015973,0.047162,13972,5782,3055,1938,1331,970,723,651,5248,1,1,1,1
23.9000,1569,1,1,18010,0,34624,0.520174,2,7,95,95,23667,28.53992,0.00899,2.36244,0.02079,1,1,3,1.121181,1.000000,1.099058,-0.547280,-0.547207,14.412565,160,0.037967,0.004904,14488,5816,3133,2066,1385,1081,763,641,5250,1,1,1,1
22.3500,1570,1,1,17264,0,33169,0.520502,65,33,65,161,73464,27.45940,0.01318,2.37697,0.02658,1,0,2,1.110782,1.000000,3.989683,-0.011310,-0.011244,14.949833,2594,0.000752,0.076605,13714,5639,3082,2000,1406,976,741,599,5011,1,1,1,1
22.4000,1570,1,1,17184,0,33042,0.520081,17,3,30,30,1020022,27.49428,0.01318,2.37697,0.02658,1,0,3,1.312517,1.000000,1.366215,-0.028389,-0.028215,14.932706,2517,0.001890,0.074417,13748,5501,3073,1919,1367,999,774,604,5056,1,1,1,1
23.0000,1570,1,1,17629,1,33806,0.521491,1,2,159,662,40334,27.91017,0.01318,2.37697,0.02658,0,1,3,1.526200,1.139939,1.139939,-0.236296,-0.236027,14.724866,1573,0.016029,0.047163,13939,5770,3262,2038,1347,980,719,589,5161,1,1,1,1
23.9000,1570,1,1,17974,0,34469,0.521469,3,4,126,179,6132021,28.53400,0.01318,2.37697,0.02658,1,0,3,1.215897,1.000000,1.026724,-0.548180,-0.548055,14.412948,160,0.038025,0.004901,14370,5814,3164,1987,1376,1005,787,632,5333,1,1,1,1
22.3500,1571,1,1,17245,1,33140,0.520384,2,5,78,86,194273,27.47088,0.01025,2.38585,0.02188,0,1,3,4.305553,3.181401,3.181401,-0.006807,-0.005878,14.953703,2596,0.000393,0.076596,13672,5590,3131,1935,1360,1048,735,600,5068,1,1,1,1
22.4000,1571,1,1,17267,1,32993,0.523369,326,57,326,326,24486,27.50574,0.01025,2.38585,0.02188,0,1,3,11.338447,11.116041,11.116041,-0.024635,-0.023090,14.932815,2517,0.001546,0.074369,13569,5677,2995,1955,1351,1029,772,561,5083,1,1,1,1
23.0000,1571,1,1,17700,0,33942,0.521493,1,9,15,185,113973,27.92180,0.01025,2.38585,0.02188,1,1,2,1.130505,1.000000,1.382576,-0.232003,-0.231925,14.727895,1575,0.015747,0.047183,14176,5786,3157,1932,1352,1020,774,620,5124,1,1,1,1
23.9000,1571,1,1,18111,1,34887,0.519148,2,2,3,1369,71133,28.54524,0.01025,2.38585,0.02188,0,0,3,1.674531,1.384175,1.384175,-0.543707,-0.543379,14.416736,161,0.037691,0.004927,14690,5919,3223,2027,1378,1006,798,593,5252,1,1,1,1
22.3500,1572,1,1,17310,0,33118,0.522692,2,3,3,1145,100991,27.47371,0.00898,2.38935,0.02462,1,1,2,1.336076,1.000000,1.498598,-0.006066,-0.005881,14.954555,2597,0.000393,0.076572,13725,5696,3059,1899,1306,1011,787,556,5078,1,1,1,1
22.4000,1572,1,1,17418,0,33403,0.521466,1,5,15,15,63006,27.50810,0.00898,2.38935,0.02462,1,0,2,1.230058,1.000000,1.461090,-0.023265,-0.023133,14.937860,2519,0.001549,0.074355,13982,5658,3051,1962,1389,989,770,540,5061,1,1,1,1
23.0000,1572,1,1,17850,0,34045,0.524321,1,3,30,67,578663,27.92434,0.00898,2.38935,0.02462,1,1,3,1.229358,1.000000,1.299439,-0.231328,-0.231197,14.728975,1576,0.015697,0.047180,14242,5764,3250,2003,1332,975,778,612,5088,1,1,1,1
23.9000,1572,1,1,18133,1,34773,0.521483,1,20,20,89,1975991,28.54782,0.00898,2.38935,0.02462,0,1,3,3.152394,2.507802,2.507802,-0.543292,-0.542562,14.418410,161,0.037630,0.004924,14356,6016,3263,2019,1419,1077,781,610,5231,1,1,1,1
22.3500,1573,1,1,17393,1,33246,0.523176,1,8,25,28,346489,27.48400,0.01300,2.39900,0.02578,0,1,3,2.412414,1.789093,1.776516,0.001195,0.001755,14.962638,2595,-0.000117,0.076423,13846,5556,3148,1954,1327,990,806,593,5025,1,1,1,1
22.4000,1573,1,1,17365,1,33123,0.524274,1,2,12,35,59419,27.51882,0.01300,2.39900,0.02578,0,0,3,2.114837,1.578378,1.578378,-0.016175,-0.015698,14.944747,2517,0.001050,0.074215,13747,5607,3058,1963,1299,973,758,610,5107,1,1,1,1
23.0000,1573,1,1,17525,1,33796,0.518568,2,21,21,21,97232,27.93479,0.01300,2.39900,0.02578,0,1,3,4.999898,4.202856,4.202856,-0.224484,-0.223461,14.737562,1572,0.015163,0.047003,13919,5875,3084,2049,1379,983,752,561,5193,1,1,1,1
23.9000,1573,1,1,17943,1,34724,0.516747,2,8,15,22,13956,28.55832,0.01300,2.39900,0.02578,0,1,3,6.081126,4.617845,4.617845,-0.536274,-0.535127,14.424144,157,0.037099,0.004796,14494,5838,3230,2047,1363,1015,779,624,5333,1,1,1,1
22.3500,1574,1,1,17276,0,33217,0.520111,1,2,41,2000,68473,27.49482,0.00804,2.40225,0.02375,1,1,3,1.374617,1.000000,1.432947,0.004354,0.004556,14.965088,2601,-0.000304,0.076539,13880,5637,2995,1961,1320,977,736,575,5135,1,1,1,1
22.4000,1574,1,1,17379,1,33227,0.523054,1,26,26,32,365696,27.52961,0.00804,2.40225,0.02375,0,1,3,1.958696,1.399013,1.172121,-0.012992,-0.012565,14.948045,2522,0.000841,0.074299,13749,5719,3106,1938,1308,960,716,599,5131,1,1,1,1
23.0000,1574,1,1,17640,0,33817,0.521647,2,4,53,102,258069,27.94576,0.00804,2.40225,0.02375,1,1,2,1.360316,1.000000,2.160316,-0.221263,-0.221068,14.739428,1578,0.014998,0.047146,14083,5672,3232,1949,1362,971,778,615,5154,1,1,1,1
23.9000,1574,1,1,18023,1,34684,0.519649,1,28,71,71,13770,28.56933,0.00804,2.40225,0.02375,0,1,3,2.049546,1.571598,1.559002,-0.532933,-0.532477,14.427886,161,0.036906,0.004914,14304,5940,3321,2038,1339,1030,762,671,5278,1,1,1,1
22.3500,1575,1,1,17391,1,33461,0.519755,2,2,7,20,35414,27.48449,0.01274,2.39214,0.02203,0,0,3,1.592215,1.247971,1.247971,0.001279,0.001575,14.961871,2600,-0.000105,0.076477,13971,5623,3187,1912,1328,1056,742,594,5047,1,1,1,1
22.4000,1575,1,1,17294,0,33358,0.518452,3,5,10,5084,15354,27.51925,0.01274,2.39214,0.02203,1,1,2,1.414159,1.000000,2.714564,-0.016351,-0.016131,14.944583,2523,0.001079,0.074298,13927,5556,3086,1994,1380,996,704,565,5149,1,1,1,1
23.0000,1575,1,1,17619,1,33724,0.522462,5,19,19,64,12432,27.93514,0.01274,2.39214,0.02203,0,1,3,2.212205,1.673438,1.635935,-0.224126,-0.223622,14.737292,1578,0.015174,0.047123,13909,5702,3078,2022,1410,1002,767,547,5286,1,1,1,1
23.9000,1575,1,1,18248,0,34855,0.523555,2,2,18,33,73163,28.55875,0.01274,2.39214,0.02203,1,1,3,1.171294,1.000000,1.100602,-0.535793,-0.535692,14.425416,159,0.037135,0.004851,14554,5961,3199,1993,1428,1016,808,663,5232,1,1,1,1
22.3500,1576,1,1,17528,0,33578,0.522024,2,3,21,72,130912,27.47394,0.01159,2.37324,0.02595,1,1,2,1.373608,1.000000,1.562732,-0.004492,-0.004290,14.956241,2604,0.000287,0.076575,14047,5592,3203,1993,1447,963,739,568,5025,1,1,1,1
22.4000,1576,1,1,17316,0,33354,0.519174,1,36,36,260,15946,27.50868,0.01159,2.37324,0.02595,1,1,2,1.413518,1.000000,18.878178,-0.022655,-0.022436,14.938293,2525,0.001502,0.074341,13731,5741,3154,1973,1382,974,722,562,5114,1,1,1,1
23.0000,1576,1,1,17534,0,33649,0.521101,1,5,22,61,252856,27.92475,0.01159,2.37324,0.02595,1,1,2,1.396486,1.000000,3.283131,-0.230130,-0.229918,14.730681,1579,0.015608,0.047144,13850,5746,3067,1950,1390,1061,789,615,5180,1,1,1,1
23.9000,1576,1,1,18163,1,34802,0.521910,1,4,5,99,33039,28.54840,0.01159,2.37324,0.02595,0,0,3,2.474948,1.880760,1.880760,-0.541784,-0.541209,14.419183,161,0.037534,0.004911,14446,5958,3169,2075,1401,1005,811,616,5320,1,1,1,1
22.3500,1577,1,1,17356,0,33296,0.521279,4,6,6,169,90990,27.47482,0.01015,2.37729,0.03034,1,0,2,1.235256,1.000000,1.738789,-0.004646,-0.004512,14.956479,2602,0.000302,0.076467,13859,5533,3093,2005,1304,1001,783,596,5121,1,1,1,1
22.4000,1577,1,1,17468,0,33439,0.522400,1,8,25,25,19523,27.50954,0.01015,2.37729,0.03034,1,1,2,1.268015,1.000000,2.800529,-0.022161,-0.022010,14.938268,2523,0.001473,0.074235,13872,5742,3142,1906,1349,977,742,581,5127,1,1,1,1
23.0000,1577,1,1,17652,0,33931,0.520248,66,11,66,242,26970,27.92578,0.01015,2.37729,0.03034,1,1,2,1.384636,1.000000,5.488347,-0.230495,-0.230289,14.730274,1578,0.015634,0.047086,14109,5723,3164,2007,1358,978,793,607,5191,1,1,1,1
23.9000,1577,1,1,17993,1,34677,0.518889,1,4,12,2789,75770,28.54948,0.01015,2.37729,0.03034,0,1,3,1.618582,1.144722,1.000121,-0.541786,-0.541481,14.419242,158,0.037553,0.004816,14403,5872,3277,1970,1407,1036,747,634,5330,1,1,1,1
22.3500,1578,1,1,17492,0,33406,0.523634,6,4,17,97,152435,27.49781,0.01015,2.37597,0.02322,1,1,2,1.409231,1.000000,2.095343,0.006506,0.006723,14.967378,2603,-0.000449,0.076392,13918,5680,3064,1919,1382,954,745,612,5131,1,1,1,1
22.4000,1578,1,1,17436,0,33434,0.521521,1,18,25,615,371339,27.53251,0.01015,2.37597,0.02322,1,1,2,1.320994,1.000000,7.402128,-0.011248,-0.011072,14.949334,2524,0.000741,0.074163,13909,5651,3073,2007,1352,1004,793,548,5096,1,1,1,1
23.0000,1578,1,1,17688,0,33856,0.522463,6,83,83,83,2100788,27.94849,0.01015,2.37597,0.02322,1,1,2,1.104658,1.000000,9.194652,-0.219305,-0.219242,14.740451,1577,0.014873,0.046994,13959,5625,3298,2011,1392,1008,769,595,5198,1,1,1,1
23.9000,1578,1,1,18317,1,34912,0.524677,32,88,88,88,1948886,28.57224,0.01015,2.37597,0.02322,0,0,3,1.287431,1.257429,1.257429,-0.530547,-0.530387,14.428389,160,0.036760,0.004871,14637,5736,3322,2031,1379,1061,758,629,5358,1,1,1,1
22.3500,1579,1,1,17576,0,33615,0.522877,1,9,9,438,34151,27.50342,0.00794,2.38248,0.02363,1,1,2,1.352631,1.000000,4.130255,0.008149,0.008340,14.969220,2617,-0.000557,0.076745,14037,5768,3066,1990,1384,987,752,585,5045,1,1,1,1
22.4000,1579,1,1,17436,0,33430,0.521583,1,10,50,50,106750,27.53810,0.00794,2.38248,0.02363,1,1,2,1.380589,1.000000,5.328337,-0.009273,-0.009069,14.951484,2534,0.000607,0.074399,14082,5525,3091,1978,1331,984,707,630,5101,1,1,1,1
23.0000,1579,1,1,17772,0,33893,0.524372,1,12,24,26,174973,27.95426,0.00794,2.38248,0.02363,1,1,2,1.153982,1.000000,2.169916,-0.217065,-0.216974,14.742956,1586,0.014717,0.047224,14012,5756,3123,2008,1351,1076,766,605,5195,1,1,1,1
23.9000,1579,1,1,18307,1,35041,0.522460,2,13,36,41,178982,28.57804,0.00794,2.38248,0.02363,0,1,3,6.917709,5.921222,5.921222,-0.529277,-0.528052,14.431218,166,0.036591,0.005050,14674,5919,3206,2136,1378,1051,799,590,5287,1,1,1,1
22.3500,1580,1,1,17421,1,33558,0.519147,2,3,78,344,37748,27.50104,0.01531,2.38188,0.02290,0,1,3,1.606712,1.268714,1.268714,0.010729,0.011029,14.971996,2614,-0.000737,0.076594,13993,5703,3249,1917,1367,948,703,618,5059,1,1,1,1
22.4000,1580,1,1,17397,1,33354,0.521602,2,3,8,116,154834,27.53570,0.01531,2.38188,0.02290,0,1,3,1.962250,1.615061,1.615061,-0.006676,-0.006250,14.954869,2537,0.000418,0.074423,13868,5558,3153,1901,1368,1012,772,616,5105,1,1,1,1
23.0000,1580,1,1,17752,0,34139,0.520007,2,18,18,18,68749,27.95159,0.01531,2.38188,0.02290,1,0,2,1.124918,1.000000,2.524683,-0.214762,-0.214687,14.746383,1587,0.014559,0.047213,14081,5915,3192,1991,1375,1070,762,613,5139,1,1,1,1
23.9000,1580,1,1,18204,0,34901,0.521605,3,4,101,156,67923,28.57542,0.01531,2.38188,0.02290,1,1,2,1.356703,1.000000,2.080924,-0.526610,-0.526417,14.434074,167,0.036470,0.005076,14440,5915,3302,2112,1400,1079,784,645,5223,1,1,1,1
22.3500,1581,1,1,17263,1,33409,0.516733,1,3,34,131,131212,27.49801,0.01033,2.38416,0.02314,0,1,3,2.381348,1.930254,1.930254,0.006744,0.007293,14.968392,2612,-0.000487,0.076505,13964,5586,3074,1920,1343,985,741,631,5164,1,1,1,1
22.4000,1581,1,1,17356,0,33378,0.519999,2,10,71,71,48037,27.53265,0.01033,2.38416,0.02314,1,0,2,1.144361,1.000000,1.681083,-0.010529,-0.010443,14.950614,2533,0.000699,0.074280,13893,5544,3037,1991,1458,1009,784,548,5113,1,1,1,1
23.0000,1581,1,1,17673,1,33822,0.522545,1679,26,1679,1679,660444,27.94871,0.01033,2.38416,0.02314,0,1,3,7.255762,6.902443,6.902443,-0.219008,-0.217755,14.743387,1586,0.014770,0.047163,13960,5686,3214,1931,1415,1009,778,619,5209,1,1,1,1
23.9000,1581,1,1,17971,1,34549,0.520175,1,45,45,45,29680,28.57215,0.01033,2.38416,0.02314,0,1,3,1.702773,1.340081,1.340081,-0.530194,-0.529857,14.431107,162,0.036716,0.004922,14194,5954,3159,2016,1427,1024,825,577,5372,1,1,1,1
22.3500,1582,1,1,17411,1,33421,0.520975,1,16,16,103,14338,27.49113,0.01915,2.39200,0.02501,0,1,3,4.620992,4.329016,4.329016,0.007614,0.008582,14.969707,2618,-0.000573,0.076626,13806,5733,3156,1974,1317,1001,731,565,5137,1,1,1,1
22.4000,1582,1,1,17522,0,33472,0.523498,1,3,21,184,15119,27.52575,0.01915,2.39200,0.02501,1,1,2,1.363019,1.000000,1.952082,-0.009432,-0.009236,14.951632,2537,0.000618,0.074345,13809,5729,3113,2013,1358,978,758,618,5095,1,1,1,1
23.0000,1582,1,1,17653,1,33909,0.520615,1,1,88,175,955566,27.94198,0.01915,2.39200,0.02501,0,1,3,1.229707,1.036593,1.036593,-0.217343,-0.217213,14.743817,1587,0.014732,0.047161,13990,5793,3143,2031,1394,990,733,601,5233,1,1,1,1
23.9000,1582,1,1,18088,0,34837,0.519233,1,2,34,670,40735,28.56547,0.01915,2.39200,0.02501,1,1,2,1.414044,1.000000,1.916561,-0.529295,-0.529076,14.431647,168,0.036661,0.005100,14361,5963,3189,2065,1452,1051,779,625,5351,1,1,1,1
22.3500,1583,1,1,17565,1,33482,0.524626,1,271,271,542,342636,27.51038,0.00836,2.40533,0.02080,0,1,3,41.354056,40.475543,40.475543,0.010852,0.013204,14.974348,2615,-0.000882,0.076466,13909,5658,3136,1984,1346,922,776,606,5144,1,1,1,1
22.4000,1583,1,1,17541,1,33418,0.524912,4,3,18,210,29061,27.54497,0.00836,2.40533,0.02080,0,1,3,2.013432,1.607247,1.607247,-0.005424,-0.004982,14.956115,2536,0.000333,0.074246,13797,5633,3110,2010,1402,995,766,601,5103,1,1,1,1
23.0000,1583,1,1,17706,0,33998,0.520811,1,4,4,30,153756,27.96095,0.00836,2.40533,0.02080,1,0,3,1.205045,1.000000,1.239305,-0.213308,-0.213191,14.747826,1587,0.014456,0.047119,14086,5842,3139,1989,1379,1064,714,592,5192,1,1,1,1
23.9000,1583,1,1,17925,1,34677,0.516928,1,1,21,203,24885,28.58447,0.00836,2.40533,0.02080,0,0,3,1.374520,1.158758,1.158758,-0.525044,-0.524843,14.436206,162,0.036356,0.004914,14399,5781,3176,2048,1424,1050,779,651,5368,1,1,1,1
22.3500,1584,1,1,17299,1,33358,0.518602,11,6,11,2678,994502,27.49881,0.01437,2.38847,0.01860,0,1,3,4.101992,3.142363,3.142363,0.009036,0.009928,14.971047,2621,-0.000663,0.076610,13804,5680,3148,1980,1335,990,710,627,5083,1,1,1,1
22.4000,1584,1,1,17487,1,33458,0.522671,7,12,13,100,32643,27.53338,0.01437,2.38847,0.01860,0,1,3,1.692719,1.208564,1.078214,-0.007895,-0.007563,14.953234,2542,0.000506,0.074389,13865,5685,3136,1951,1322,1017,742,590,5149,1,1,1,1
23.0000,1584,1,1,17810,0,34112,0.522119,2,10,212,212,179163,27.94953,0.01437,2.38847,0.01860,1,0,2,1.191226,1.000000,2.388087,-0.216239,-0.216129,14.744898,1591,0.014658,0.047217,14111,5856,3197,1987,1351,1041,764,599,5205,1,1,1,1
23.9000,1584,1,1,17956,0,34626,0.518585,1,1,24,24,18534,28.57310,0.01437,2.38847,0.01860,1,1,3,1.095251,1.000000,1.059601,-0.527739,-0.527682,14.433449,166,0.036560,0.005033,14228,5902,3191,2012,1436,1023,783,634,5416,1,1,1,1
22.3500,1585,1,1,17628,0,33743,0.522435,1,8,11,180,74434,27.49302,0.00923,2.38317,0.02179,1,1,2,1.412740,1.000000,4.541066,0.003606,0.003824,14.964510,2619,-0.000256,0.076537,14048,5778,3125,1975,1351,1063,754,594,5054,1,1,1,1
22.4000,1585,1,1,17549,1,33651,0.521516,1,2,167,167,33695,27.52801,0.00923,2.38317,0.02179,0,1,3,2.458696,1.853389,1.853389,-0.013594,-0.013026,14.947893,2540,0.000871,0.074310,13953,5772,3119,1933,1353,1095,738,624,5063,1,1,1,1
23.0000,1585,1,1,17961,1,34261,0.524256,5,3,5,21,81295,27.94389,0.00923,2.38317,0.02179,0,0,3,1.487302,1.322509,1.322509,-0.221435,-0.221185,14.738623,1594,0.015007,0.047296,14226,5945,3139,2017,1354,992,786,644,5157,1,1,1,1
23.9000,1585,1,1,18352,0,35241,0.520772,1,16,16,231,582213,28.56751,0.00923,2.38317,0.02179,1,0,2,1.073693,1.000000,1.394619,-0.533247,-0.533202,14.427904,162,0.036956,0.004910,14748,6021,3229,2078,1441,1074,805,600,5244,1,1,1,1
22.3500,1586,1,1,17320,0,33390,0.518734,1,882,882,882,53261,27.49576,0.01386,2.42293,0.01866,1,1,2,1.007314,1.000000,6.489053,0.006896,0.006901,14.964950,2626,-0.000461,0.076691,13902,5597,3035,2009,1355,1031,790,600,5070,1,1,1,1
22.4000,1586,1,1,17647,1,33726,0.523262,1,148,148,148,1015434,27.53029,0.01386,2.42293,0.01866,0,1,3,77.592057,66.220609,66.220609,-0.011099,-0.008356,14.952796,2542,0.000559,0.074298,14091,5821,3058,1956,1349,988,757,603,5102,1,1,1,1
23.0000,1586,1,1,17773,1,34203,0.519648,6,68,68,68,119340,27.94635,0.01386,2.42293,0.01866,0,1,3,36.510005,30.950315,30.950315,-0.218891,-0.216623,14.740935,1589,0.014695,0.047111,14044,5860,3319,1996,1406,1024,834,640,5079,1,1,1,1
23.9000,1586,1,1,18104,0,34614,0.523040,2,18,19,170,159728,28.57001,0.01386,2.42293,0.01866,1,1,2,1.271777,1.000000,5.925599,-0.530198,-0.530047,14.430248,162,0.036732,0.004906,14307,5797,3263,2057,1377,1008,802,645,5357,1,1,1,1
22.3500,1587,1,1,17547,1,33663,0.521270,184,2,184,184,75913,27.49822,0.01233,2.39893,0.02154,0,1,3,1.265479,1.102131,1.102131,0.008087,0.008236,14.965838,2624,-0.000550,0.076579,14143,5629,3049,1990,1353,1009,750,554,5185,1,1,1,1
22.4000,1587,1,1,17509,1,33635,0.520574,1,634,634,634,37162,27.53273,0.01233,2.39893,0.02154,0,1,3,1.820871,1.372744,1.319744,-0.009217,-0.008840,14.951585,2546,0.000591,0.074374,13912,5759,3106,2016,1362,981,757,650,5091,1,1,1,1
23.0000,1587,1,1,17802,0,34305,0.518948,1,4,16,809,158482,27.94896,0.01233,2.39893,0.02154,1,1,2,1.272342,1.000000,1.539673,-0.217399,-0.217248,14.743050,1590,0.014736,0.047104,14250,5818,3197,2052,1423,1045,798,579,5142,1,1,1,1
23.9000,1587,1,1,18179,1,35072,0.518348,3,2,39,39,112890,28.57266,0.01233,2.39893,0.02154,0,0,3,1.314669,1.102814,1.102814,-0.529143,-0.528970,14.431105,163,0.036655,0.004933,14427,6120,3269,2100,1338,1086,826,634,5271,1,1,1,1
22.3500,1588,1,1,17458,0,33672,0.518488,2,1,18,51,159953,27.49216,0.01355,2.39295,0.01864,1,1,3,1.413327,1.000000,1.166225,0.005796,0.006014,14.966708,2624,-0.000402,0.076527,14034,5738,3151,1942,1372,966,757,604,5107,1,1,1,1
22.4000,1588,1,1,17520,0,33634,0.520917,3,1,27,1260,103251,27.52708,0.01355,2.39295,0.01864,1,1,3,1.406328,1.000000,1.147628,-0.011638,-0.011423,14.949357,2545,0.000764,0.074309,13994,5688,3119,1972,1345,1013,771,635,5096,1,1,1,1
23.0000,1588,1,1,17634,0,34136,0.516596,4,5,64,105,226615,27.94306,0.01355,2.39295,0.01864,1,1,2,1.330113,1.000000,2.393645,-0.219881,-0.219701,14.741210,1591,0.014904,0.047110,14098,5873,3212,2035,1423,1026,769,595,5104,1,1,1,1
23.9000,1588,1,1,18212,0,34923,0.521505,4,9,14,24,42358,28.56680,0.01355,2.39295,0.01864,1,1,2,1.314863,1.000000,3.509590,-0.531873,-0.531701,14.429226,162,0.036849,0.004901,14488,5970,3201,2057,1411,1036,834,607,5318,1,1,1,1
22.3500,1589,1,1,17406,0,33479,0.519924,2,4,21,122,44353,27.49532,0.01149,2.41716,0.02179,1,1,2,1.403241,1.000000,2.417734,0.005832,0.006045,14.966836,2621,-0.000404,0.076390,13793,5725,3149,2011,1355,1005,780,595,5065,1,1,1,1
22.4000,1589,1,1,17473,1,33490,0.521753,1,5,28,246,45759,27.52978,0.01149,2.41716,0.02179,0,1,3,2.028399,1.499115,1.499115,-0.011242,-0.010797,14.950087,2545,0.000722,0.074258,13816,5695,3161,1982,1420,990,748,555,5122,1,1,1,1
23.0000,1589,1,1,17769,1,34126,0.520703,3,3,4,170,189091,27.94593,0.01149,2.41716,0.02179,0,1,3,2.405490,1.794606,1.794606,-0.219380,-0.218827,14.742267,1588,0.014844,0.046988,14118,5791,3130,2020,1405,999,808,603,5251,1,1,1,1
23.9000,1589,1,1,18276,0,35017,0.521933,1,4,55,65,78214,28.56972,0.01149,2.41716,0.02179,1,1,3,1.203708,1.000000,1.108388,-0.531120,-0.531003,14.429110,158,0.036801,0.004777,14627,5918,3259,1994,1413,1029,792,631,5353,1,1,1,1
22.3500,1590,1,1,17619,1,33461,0.526569,1,26,52,10877,37930,27.50546,0.00833,2.42341,0.01861,0,1,3,6.885377,6.192219,6.192219,0.009173,0.010387,14.970084,2629,-0.000694,0.076559,13795,5662,3146,1995,1347,992,779,568,5176,1,1,1,1
22.4000,1590,1,1,17533,1,33734,0.519758,12,11,65,72,38309,27.54034,0.00833,2.42341,0.01861,0,1,3,1.645303,1.309223,1.309223,-0.007770,-0.007456,14.953523,2549,0.000499,0.074311,14097,5674,3174,1937,1397,946,770,585,5153,1,1,1,1
23.0000,1590,1,1,17636,0,33835,0.521251,2,10,54,54,25455,27.95623,0.00833,2.42341,0.01861,1,0,2,1.141244,1.000000,1.585599,-0.215778,-0.215695,14.745368,1595,0.014628,0.047156,13925,5693,3185,2022,1338,993,765,635,5278,1,1,1,1
23.9000,1590,1,1,18342,0,35100,0.522579,2,5,5,114,4595244,28.58006,0.00833,2.42341,0.01861,1,1,2,1.325002,1.000000,2.115797,-0.527785,-0.527608,14.432816,165,0.036556,0.004984,14591,6069,3338,2036,1336,1023,707,612,5387,1,1,1,1
22.3500,1591,1,1,17722,0,33775,0.524723,7,18,18,72,13084,27.49689,0.00832,2.40670,0.01947,1,0,2,1.103964,1.000000,2.017597,0.005389,0.005452,14.966540,2629,-0.000364,0.076529,14008,5693,3246,2021,1402,999,756,584,5065,1,1,1,1
22.4000,1591,1,1,17722,0,33879,0.523112,33,2,171,171,550762,27.53174,0.00832,2.40670,0.01947,1,1,3,1.355209,1.000000,1.153665,-0.011835,-0.011644,14.949238,2549,0.000779,0.074286,14159,5687,3133,2019,1419,1019,769,597,5076,1,1,1,1
23.0000,1591,1,1,18042,0,34396,0.524553,2,4,29,29,656511,27.94780,0.00832,2.40670,0.01947,1,0,3,1.216126,1.000000,1.159384,-0.219894,-0.219771,14.741240,1594,0.014909,0.047110,14257,6016,3172,1966,1389,1026,773,644,5152,1,1,1,1
23.9000,1591,1,1,18351,1,35020,0.524030,2,7,7,18,372866,28.57124,0.00832,2.40670,0.01947,0,0,3,2.393555,2.066584,2.066584,-0.531795,-0.531247,14.428714,164,0.036819,0.004952,14534,5936,3252,1969,1447,1020,847,634,5380,1,1,1,1
22.3500,1592,1,1,17553,1,33925,0.517421,1,9,33,170,313583,27.50560,0.00875,2.41464,0.02609,0,1,3,4.478453,3.807316,3.807316,0.009478,0.010420,14.970189,2632,-0.000696,0.076549,14165,5831,3140,1971,1401,962,752,597,5105,1,1,1,1
22.4000,1592,1,1,17517,1,33669,0.520286,1,151,151,151,18798,27.53999,0.00875,2.41464,0.02609,0,1,3,6.455368,5.735189,5.725050,-0.007848,-0.006677,14.953144,2553,0.000446,0.074336,13973,5695,3127,2010,1372,1034,742,579,5136,1,1,1,1
23.0000,1592,1,1,17800,0,34155,0.521169,1,4,128,128,615336,27.95623,0.00875,2.41464,0.02609,1,0,2,1.244439,1.000000,1.496899,-0.215539,-0.215401,14.745588,1597,0.014608,0.047155,14144,5833,3140,2027,1392,1042,807,611,5158,1,1,1,1
23.9000,1592,1,1,18201,1,35016,0.519806,5,14,14,14,260831,28.57971,0.00875,2.41464,0.02609,0,1,3,6.696916,5.862696,5.862696,-0.527716,-0.526522,14.434608,166,0.036476,0.005007,14386,5998,3344,2095,1497,1001,735,592,5367,1,1,1,1
22.3500,1593,1,1,17592,0,33750,0.521260,11,653,653,653,263472,27.49838,0.01489,2.41195,0.01945,1,1,2,1.007760,1.000000,5.115474,0.008999,0.009004,14.967106,2630,-0.000602,0.076459,13965,5756,3142,2059,1381,1047,791,614,4994,1,1,1,1
22.4000,1593,1,1,17615,1,33676,0.523088,1,5,40,133,82280,27.53319,0.01489,2.41195,0.01945,0,1,3,3.205808,2.658829,2.658829,-0.008202,-0.007470,14.953596,2550,0.000500,0.074200,13959,5646,3195,2029,1360,979,771,622,5114,1,1,1,1
23.0000,1593,1,1,17703,1,33963,0.521259,1,5,18,702,439033,27.94917,0.01489,2.41195,0.01945,0,1,3,2.506772,2.200023,2.200023,-0.216126,-0.215549,14.745536,1594,0.014618,0.047037,14066,5684,3151,1938,1342,1043,767,676,5295,1,1,1,1
23.9000,1593,1,1,18540,0,35290,0.525376,4,5,17,203,45896,28.57269,0.01489,2.41195,0.01945,1,0,2,1.236256,1.000000,1.586485,-0.527789,-0.527656,14.433341,161,0.036558,0.004854,14803,5992,3216,2091,1470,982,807,601,5327,1,1,1,1
22.3500,1594,1,1,17725,1,33863,0.523448,2,2,19,65,31271,27.49340,0.00917,2.41140,0.02244,0,1,3,1.492500,1.202759,1.202759,0.004266,0.004517,14.965511,2632,-0.000302,0.076477,14197,5810,2949,1983,1407,1036,754,592,5134,1,1,1,1
22.4000,1594,1,1,17590,0,33777,0.520784,1,2,218,218,32696,27.52819,0.00917,2.41140,0.02244,1,1,2,1.408562,1.000000,1.570116,-0.013203,-0.012988,14.947785,2552,0.000869,0.074241,14080,5729,3012,2068,1346,1039,766,611,5125,1,1,1,1
23.0000,1594,1,1,17855,1,34209,0.521954,1,3,10,22,579074,27.94434,0.00917,2.41140,0.02244,0,0,3,1.483885,1.066549,1.066549,-0.221156,-0.220908,14.739686,1601,0.014987,0.047232,14230,5865,3124,1940,1326,1009,774,661,5279,1,1,1,1
23.9000,1594,1,1,18399,1,35296,0.521292,2,25,25,509,98840,28.56791,0.00917,2.41140,0.02244,0,1,3,13.375697,11.394668,11.394668,-0.533701,-0.532074,14.426790,162,0.036881,0.004883,14794,5924,3259,2077,1444,987,785,622,5403,1,1,1,1
22.3500,1595,1,1,17645,1,33752,0.522799,2,3,38,81,28684,27.49002,0.00830,2.39671,0.01943,0,1,3,2.423248,1.799432,1.799432,0.001726,0.002281,14.962143,2635,-0.000152,0.076534,13926,5716,3205,2013,1437,1022,746,592,5094,1,1,1,1
22.4000,1595,1,1,17548,0,33536,0.523274,8,2,18,30,3639491,27.52479,0.00830,2.39671,0.01943,1,1,3,1.372801,1.000000,1.336532,-0.015555,-0.015356,14.945503,2555,0.001027,0.074293,13707,5804,3204,1971,1394,991,793,597,5074,1,1,1,1
23.0000,1595,1,1,17852,0,34309,0.520345,3,1,6,190,2148703,27.94068,0.00830,2.39671,0.01943,1,0,3,1.400631,1.000000,1.149079,-0.223431,-0.223219,14.737583,1598,0.015146,0.047121,14261,5778,3096,2052,1432,1055,803,644,5187,1,1,1,1
23.9000,1595,1,1,18170,0,35032,0.518683,2,4,7,42,18485,28.56429,0.00830,2.39671,0.01943,1,1,2,1.339910,1.000000,2.082562,-0.535448,-0.535264,14.425639,165,0.037105,0.004971,14541,5827,3261,2166,1404,1020,808,588,5416,1,1,1,1
22.3500,1596,1,1,17529,1,33579,0.522038,1,55,55,59,192332,27.47896,0.01213,2.39042,0.01898,0,1,3,3.035706,2.439989,2.399470,-0.001828,-0.001132,14.959101,2640,0.000076,0.076646,13809,5882,3015,1935,1385,990,741,588,5233,1,1,1,1
22.4000,1596,1,1,17503,1,33697,0.519439,2,6,8,172,136410,27.51370,0.01213,2.39042,0.01898,0,0,3,2.195167,1.834700,1.834700,-0.019120,-0.018628,14.941470,2557,0.001247,0.074324,13942,5721,3191,2001,1350,991,727,637,5136,1,1,1,1
23.0000,1596,1,1,17898,0,34378,0.520639,1,32,219,219,157332,27.92976,0.01213,2.39042,0.01898,1,1,2,1.042000,1.000000,1.478853,-0.227066,-0.227041,14.734088,1599,0.015409,0.047132,14384,5791,3113,2016,1487,1013,789,600,5184,1,1,1,1
23.9000,1596,1,1,18406,0,35162,0.523478,3,7,7,111,589877,28.55342,0.01213,2.39042,0.01898,1,0,2,1.229755,1.000000,1.993163,-0.539005,-0.538875,14.422128,165,0.037364,0.004969,14675,5912,3252,2086,1352,1050,756,606,5472,1,1,1,1
22.3500,1597,1,1,17529,1,33637,0.521138,2,10,10,615,71682,27.47047,0.00916,2.38187,0.02276,0,1,3,2.898405,2.281363,2.281363,-0.007389,-0.006722,14.954249,2635,0.000450,0.076478,14037,5680,3176,1941,1363,969,759,549,5162,1,1,1,1
22.4000,1597,1,1,17761,1,33879,0.524264,2,4,72,72,37497,27.50519,0.00916,2.38187,0.02276,0,0,3,1.621717,1.246792,1.246792,-0.024560,-0.024257,14.936116,2555,0.001624,0.074246,14021,5804,3092,2094,1425,970,772,550,5150,1,1,1,1
23.0000,1597,1,1,17728,0,34185,0.518605,1,2,27,403,173089,27.92143,0.00916,2.38187,0.02276,1,1,2,1.414070,1.000000,1.806657,-0.232797,-0.232580,14.728133,1597,0.015792,0.047063,14196,5677,3201,1932,1454,1019,776,644,5285,1,1,1,1
23.9000,1597,1,1,18397,1,35277,0.521516,1,19,57,57,31534,28.54513,0.00916,2.38187,0.02276,0,1,3,10.321738,8.740815,8.740815,-0.545142,-0.543680,14.415901,159,0.037714,0.004787,14705,6023,3254,2103,1426,1027,796,607,5335,1,1,1,1
22.3500,1598,1,1,17488,0,33683,0.519209,1,2,279,279,43459,27.47124,0.01434,2.40243,0.02104,1,0,3,1.323148,1.000000,1.030483,-0.004446,-0.004271,14.956652,2638,0.000286,0.076505,13942,5716,3163,2013,1378,976,787,626,5081,1,1,1,1
22.4000,1598,1,1,17691,1,33787,0.523619,1,28391,28391,28391,44057,27.50594,0.01434,2.40243,0.02104,0,1,3,8.406887,7.526216,7.467849,-0.022416,-0.021084,14.939998,2559,0.001411,0.074297,14161,5648,3140,1965,1328,1003,754,605,5182,1,1,1,1
23.0000,1598,1,1,17835,1,34303,0.519941,1,76,76,76,41143,27.92192,0.01434,2.40243,0.02104,0,1,3,9.845815,9.230305,9.230305,-0.230469,-0.229038,14.732076,1599,0.015547,0.047080,14244,5792,3167,2006,1368,1044,787,611,5283,1,1,1,1
23.9000,1598,1,1,18301,1,35275,0.518824,2,5,6,331,91039,28.54566,0.01434,2.40243,0.02104,0,1,3,3.982367,3.065701,3.065701,-0.541998,-0.541133,14.418528,161,0.037530,0.004843,14654,5931,3252,2115,1476,1051,798,634,5363,1,1,1,1
22.3500,1599,1,1,17545,1,33823,0.518745,1,1,51,99,344478,27.47050,0.00564,2.40044,0.02283,0,1,3,1.615110,1.144044,1.144044,-0.009018,-0.008719,14.951966,2638,0.000583,0.076481,14050,5703,3221,2004,1383,997,790,571,5103,1,1,1,1
22.4000,1599,1,1,17649,1,33973,0.519516,1,3,61,61,199881,27.50518,0.00564,2.40044,0.02283,0,1,3,1.447930,1.058257,1.058257,-0.026353,-0.026122,14.934746,2558,0.001749,0.074247,13983,5882,3187,2068,1380,1050,776,613,5033,1,1,1,1
23.0000,1599,1,1,17985,1,34453,0.522031,1,2,8,11,9743,27.92133,0.00564,2.40044,0.02283,0,1,3,2.132071,1.677072,1.677072,-0.234575,-0.234101,14.726870,1598,0.015896,0.047037,14445,5784,3206,2043,1333,1052,800,614,5175,1,1,1,1
23.9000,1599,1,1,18299,1,35092,0.521473,5,4,9,15,137845,28.54512,0.00564,2.40044,0.02283,0,1,3,3.394874,2.484567,2.484567,-0.546602,-0.545837,14.413250,164,0.037871,0.004932,14537,5885,3236,2110,1444,1011,848,634,5386,1,1,1,1
22.3500,1600,1,1,17780,0,34043,0.522296,1,2,25,103,31942,27.46891,0.00607,2.39230,0.01677,1,1,2,1.407332,1.000000,1.640058,-0.010018,-0.009805,14.950853,2647,0.000656,0.076700,14287,5676,3225,2053,1320,988,763,584,5146,1,1,1,1
22.4000,1600,1,1,17811,1,34087,0.522531,1,1,214,214,21944,27.50356,0.00607,2.39230,0.01677,0,0,3,1.451383,1.027285,1.027285,-0.027201,-0.026968,14.933727,2567,0.001806,0.074467,14334,5652,3227,2037,1358,995,755,655,5073,1,1,1,1
23.0000,1600,1,1,18020,0,34657,0.519968,1,1,29,70,150588,27.91945,0.00607,2.39230,0.01677,1,0,3,1.274171,1.000000,1.001659,-0.235124,-0.234973,14.724825,1607,0.015958,0.047279,14472,5935,3237,2045,1382,1016,774,606,5189,1,1,1,1
23.9000,1600,1,1,18243,1,35252,0.517517,77,4,77,77,232441,28.54328,0.00607,2.39230,0.01677,0,1,3,2.920515,2.257675,2.257675,-0.547313,-0.546643,14.414351,167,0.037924,0.005019,14559,6026,3342,2044,1429,987,823,652,5389,1,1,1,1
22.3500,1601,1,1,17671,1,33821,0.522501,1,6,22,27,126474,27.46978,0.00649,2.40178,0.01927,0,1,3,1.779519,1.258406,1.043242,-0.009071,-0.008711,14.952020,2645,0.000583,0.076588,13981,5782,3108,2000,1385,1009,752,620,5183,1,1,1,1
22.4000,1601,1,1,17736,0,33809,0.524610,1,8,8,282,12030,27.50442,0.00649,2.40178,0.01927,1,1,2,1.413675,1.000000,4.424519,-0.026850,-0.026633,14.934073,2566,0.001783,0.074390,14003,5801,3131,1971,1403,988,737,579,5195,1,1,1,1
23.0000,1601,1,1,17931,1,34329,0.522343,1,18,53,132,411123,27.92048,0.00649,2.40178,0.01927,0,1,3,8.729008,7.591597,7.591597,-0.235049,-0.233696,14.725788,1604,0.015870,0.047158,14261,5726,3215,2034,1380,1061,783,590,5278,1,1,1,1
23.9000,1601,1,1,18331,1,35194,0.520871,1,13,13,40,35784,28.54392,0.00649,2.40178,0.01927,0,1,3,2.145221,1.796183,1.796183,-0.546319,-0.545842,14.415188,164,0.037866,0.004926,14604,5977,3282,2058,1471,1079,788,598,5336,1,1,1,1
22.3500,1602,1,1,17592,0,33721,0.521708,1,26,309,309,37499,27.45797,0.00649,2.38705,0.02344,1,1,2,1.047442,1.000000,1.324654,-0.014908,-0.014879,14.946248,2647,0.000996,0.076628,14006,5746,3106,1952,1335,974,782,588,5231,1,1,1,1
22.4000,1602,1,1,17730,0,33910,0.522870,1,1,40,78,128585,27.49259,0.00649,2.38705,0.02344,1,0,3,1.411284,1.000000,1.197988,-0.032184,-0.031969,14.928795,2567,0.002141,0.074398,14028,5814,3179,1935,1406,1012,789,592,5154,1,1,1,1
23.0000,1602,1,1,17872,0,34270,0.521521,8,7,26,94,826537,27.90882,0.00649,2.38705,0.02344,1,1,3,1.122549,1.000000,1.061572,-0.240243,-0.240171,14.719646,1605,0.016316,0.047178,14167,5739,3260,2003,1400,1042,805,616,5237,1,1,1,1
23.9000,1602,1,1,18252,0,35098,0.520044,17,17,258,1950,42530,28.53231,0.00649,2.38705,0.02344,1,1,2,1.169691,1.000000,3.232808,-0.552354,-0.552257,14.407757,169,0.038331,0.005075,14605,5923,3237,1986,1448,1039,766,648,5445,1,1,1,1
22.3500,1603,1,1,17761,1,33834,0.524961,4,64,64,8867,70860,27.46491,0.00605,2.39342,0.02117,0,0,3,2.066198,1.852312,1.852312,-0.012041,-0.011588,14.948194,2649,0.000775,0.076628,14035,5729,3236,1940,1371,1016,787,623,5096,1,1,1,1
22.4000,1603,1,1,17682,0,33818,0.522873,2,176,176,176,21364,27.49951,0.00605,2.39342,0.02117,1,0,2,1.016094,1.000000,2.904233,-0.029475,-0.029465,14.931682,2569,0.001973,0.074396,14005,5816,3113,1894,1383,1028,777,651,5150,1,1,1,1
23.0000,1603,1,1,17846,0,34324,0.519943,1,10,10,81,268138,27.91548,0.00605,2.39342,0.02117,1,1,2,1.392586,1.000000,5.201530,-0.237647,-0.237441,14.723163,1606,0.016127,0.047167,14246,5748,3226,1988,1416,1043,788,628,5240,1,1,1,1
23.9000,1603,1,1,18335,1,35272,0.519832,1,2,103,1053,312965,28.53901,0.00605,2.39342,0.02117,0,0,3,1.851235,1.330990,1.330990,-0.548986,-0.548602,14.411997,164,0.038066,0.004921,14738,5822,3252,2107,1432,1063,904,618,5335,1,1,1,1
22.3500,1604,1,1,17681,1,33920,0.521271,2,4,30,111,38000,27.47672,0.01143,2.40500,0.01923,0,1,3,3.663131,2.659652,2.659652,-0.003413,-0.002603,14.956896,2650,0.000174,0.076564,14038,5767,3197,1982,1388,997,815,593,5142,1,1,1,1
22.4000,1604,1,1,17679,1,33884,0.521766,3,3,5,77,21197,27.51129,0.01143,2.40500,0.01923,0,1,3,1.809206,1.331310,1.331310,-0.020480,-0.020110,14.940773,2570,0.001346,0.074333,14004,5803,3181,2001,1345,1028,778,616,5127,1,1,1,1
23.0000,1604,1,1,18021,1,34507,0.522257,1,11,237,237,99769,27.92744,0.01143,2.40500,0.01923,0,1,3,1.849341,1.358754,1.328427,-0.228536,-0.228153,14.732728,1611,0.015486,0.047253,14381,5783,3180,2017,1426,1027,849,627,5216,1,1,1,1
23.9000,1604,1,1,18421,1,35535,0.518405,2,2,116,189,234701,28.55101,0.01143,2.40500,0.01923,0,0,3,1.418322,1.113390,1.113390,-0.540287,-0.540069,14.420246,164,0.037452,0.004915,14799,6082,3383,2124,1419,999,820,589,5319,1,1,1,1
22.3500,1605,1,1,17666,0,33986,0.519818,1,1,304,304,18678,27.48346,0.00691,2.40800,0.02080,1,1,3,1.407430,1.000000,1.335089,-0.001912,-0.001699,14.958963,2652,0.000114,0.076564,14116,5792,3187,1968,1340,1040,768,592,5182,1,1,1,1
22.4000,1605,1,1,17573,1,33742,0.520820,499,36,499,499,44396,27.51844,0.00691,2.40800,0.02080,0,1,3,1.714857,1.607420,1.607420,-0.019481,-0.019145,14.941971,2570,0.001281,0.074281,13947,5793,3065,1980,1410,923,796,601,5226,1,1,1,1
23.0000,1605,1,1,17851,1,34480,0.517735,1,7,10,25,9291038,27.93433,0.00691,2.40800,0.02080,0,1,3,5.641424,4.036995,4.036995,-0.227712,-0.226634,14.733103,1604,0.015383,0.047018,14143,5959,3289,2076,1394,998,824,593,5203,1,1,1,1
23.9000,1605,1,1,18611,1,35726,0.520952,4,38,38,73,657460,28.55795,0.00691,2.40800,0.02080,0,0,3,2.444454,2.233308,2.233308,-0.539336,-0.538779,14.420885,160,0.037361,0.004792,14975,6005,3365,2121,1421,1089,785,646,5318,1,1,1,1
22.3500,1606,1,1,17605,1,33838,0.520288,3,6,18,112,382010,27.48335,0.01095,2.40346,0.02108,0,1,3,4.449151,3.467248,3.467248,-0.000541,0.000389,14.959771,2653,-0.000026,0.076541,14090,5652,3120,2056,1391,989,726,588,5225,1,1,1,1
22.4000,1606,1,1,17837,1,34064,0.523647,1,20,20,40,164677,27.51788,0.01095,2.40346,0.02108,0,0,3,5.402571,4.596998,4.596998,-0.017894,-0.016844,14.943194,2574,0.001127,0.074344,14250,5801,3171,2049,1301,1016,742,568,5165,1,1,1,1
23.0000,1606,1,1,18072,0,34487,0.524039,1,38,38,187,1158852,27.93394,0.01095,2.40346,0.02108,1,1,2,1.224729,1.000000,9.721025,-0.226158,-0.226032,14.734159,1609,0.015341,0.047131,14445,5725,3177,1989,1417,1013,842,568,5310,1,1,1,1
23.9000,1606,1,1,18267,1,35390,0.516177,4,8,42,42,106217,28.55760,0.01095,2.40346,0.02108,0,1,3,5.148729,4.061700,4.061700,-0.537716,-0.536696,14.422393,166,0.037213,0.004968,14668,6061,3278,2070,1424,1086,790,632,5380,1,1,1,1
22.3500,1607,1,1,17650,0,33863,0.521233,1,1,11,181,48644,27.48068,0.00604,2.39637,0.02104,1,1,3,1.353363,1.000000,1.014588,-0.003805,-0.003616,14.956886,2653,0.000242,0.076508,14028,5681,3144,2013,1361,1022,818,625,5170,1,1,1,1
22.4000,1607,1,1,17699,1,33877,0.522464,1,3,1029,1029,71178,27.51518,0.00604,2.39637,0.02104,0,1,3,1.435767,1.157824,1.157824,-0.021099,-0.020874,14.940125,2574,0.001397,0.074313,14120,5661,3101,1983,1335,1075,781,617,5203,1,1,1,1
23.0000,1607,1,1,18054,0,34512,0.523138,1,2,2754,2754,69629,27.93142,0.00604,2.39637,0.02104,1,1,3,1.397708,1.000000,1.335377,-0.229258,-0.229049,14.731574,1610,0.015548,0.047140,14419,5849,3126,1976,1395,1063,756,621,5306,1,1,1,1
23.9000,1607,1,1,18389,1,35379,0.519786,1,1,8,100,44502,28.55512,0.00604,2.39637,0.02104,0,1,3,1.667468,1.199249,1.199249,-0.541078,-0.540760,14.420073,162,0.037501,0.004846,14776,5850,3368,2048,1463,1024,776,645,5428,1,1,1,1
22.3500,1608,1,1,17624,0,33984,0.518612,3,18,18,27,27326,27.46985,0.01319,2.39459,0.02850,1,1,2,1.086874,1.000000,1.726827,-0.005650,-0.005599,14.954018,2658,0.000374,0.076619,14214,5667,3195,2013,1363,1015,760,636,5120,1,1,1,1
22.4000,1608,1,1,17653,1,33888,0.520937,1,19,19,167,19530,27.50477,0.01319,2.39459,0.02850,0,1,3,2.769498,2.138199,2.105143,-0.023168,-0.022535,14.937834,2577,0.001509,0.074365,13948,5827,3083,2046,1399,1029,774,625,5156,1,1,1,1
23.0000,1608,1,1,17982,0,34511,0.521066,1,1,14,22,45902,27.92074,0.01319,2.39459,0.02850,1,1,3,1.413837,1.000000,1.411057,-0.231027,-0.230812,14.729902,1615,0.015670,0.047262,14215,5916,3229,2111,1379,982,787,640,5251,1,1,1,1
23.9000,1608,1,1,18397,1,35471,0.518664,3,2,7,49,652403,28.54449,0.01319,2.39459,0.02850,0,1,3,2.009740,1.553078,1.553078,-0.542926,-0.542492,14.418463,164,0.037625,0.004903,14854,6031,3266,2002,1388,1055,781,672,5421,1,1,1,1
22.3500,1609,1,1,17724,0,34194,0.518352,1,25,25,5720,161568,27.48494,0.00980,2.41233,0.02102,1,1,2,1.404909,1.000000,12.654374,-0.000703,-0.000492,14.960304,2654,0.000033,0.076424,14249,5847,3202,2075,1307,999,780,607,5127,1,1,1,1
22.4000,1609,1,1,17655,1,33956,0.519953,3,45,45,45,393864,27.51941,0.00980,2.41233,0.02102,0,0,3,2.047349,1.798833,1.798833,-0.017327,-0.016882,14.943015,2575,0.001130,0.074235,13969,5857,3187,2016,1380,989,752,637,5168,1,1,1,1
23.0000,1609,1,1,18051,1,34488,0.523415,7,207,207,207,889632,27.93556,0.00980,2.41233,0.02102,0,1,3,45.092744,43.931254,43.931254,-0.226395,-0.224028,14.733478,1609,0.015205,0.047046,14277,5827,3181,2074,1412,981,815,622,5298,1,1,1,1
23.9000,1609,1,1,18353,1,35470,0.517438,1,14,14,81,45303,28.55934,0.00980,2.41233,0.02102,0,0,3,1.398858,1.015615,1.015615,-0.537079,-0.536870,14.423693,160,0.037221,0.004779,14772,5906,3335,2101,1453,1093,757,627,5425,1,1,1,1
22.3500,1610,1,1,17848,0,34191,0.522024,1,2,5,122,12946,27.47970,0.00689,2.41215,0.02155,1,1,2,1.411939,1.000000,1.626162,-0.003990,-0.003776,14.956987,2662,0.000252,0.076624,14466,5567,3216,1979,1421,1017,731,620,5173,1,1,1,1
22.4000,1610,1,1,17800,0,34055,0.522699,2,2,496,496,9355864,27.51457,0.00689,2.41215,0.02155,1,1,3,1.413958,1.000000,1.270804,-0.021349,-0.021134,14.939583,2575,0.001415,0.074206,14081,5846,3118,1964,1398,1026,833,649,5139,1,1,1,1
23.0000,1610,1,1,18153,1,34630,0.524214,1,1,2,39,136663,27.93046,0.00689,2.41215,0.02155,0,0,3,1.371994,1.010004,1.010004,-0.229219,-0.229022,14.731494,1609,0.015546,0.047023,14343,5961,3206,1987,1374,1050,808,635,5265,1,1,1,1
23.9000,1610,1,1,18406,0,35247,0.522215,5,13,32,47,46781,28.55429,0.00689,2.41215,0.02155,1,1,2,1.164915,1.000000,2.439706,-0.541413,-0.541319,14.418686,160,0.037543,0.004777,14572,5931,3249,2085,1514,1055,833,621,5386,1,1,1,1
22.3500,1611,1,1,17673,1,33939,0.520744,1,7,35,1218,190313,27.48577,0.00559,2.42336,0.02056,0,0,3,3.148481,2.522870,2.522870,-0.001589,-0.000877,14.959379,2662,0.000059,0.076564,14078,5680,3249,2006,1370,1017,781,603,5154,1,1,1,1
22.4000,1611,1,1,17856,0,34016,0.524945,3,82,82,82,127442,27.52062,0.00559,2.42336,0.02056,1,1,2,1.355504,1.000000,34.777848,-0.019829,-0.019641,14.941251,2585,0.001315,0.074440,14139,5769,3230,1996,1418,1004,715,566,5178,1,1,1,1
23.0000,1611,1,1,18008,0,34614,0.520267,1,2,42,121,265757,27.93668,0.00559,2.42336,0.02056,1,1,2,1.378120,1.000000,1.513335,-0.226873,-0.226674,14.733893,1614,0.015385,0.047132,14306,5861,3317,2067,1380,1056,792,606,5228,1,1,1,1
23.9000,1611,1,1,18604,0,35647,0.521910,1,32,68,154,11395,28.56012,0.00559,2.42336,0.02056,1,1,2,1.345718,1.000000,13.483187,-0.539288,-0.539104,14.421800,165,0.037381,0.004923,14903,6096,3281,2087,1425,1021,847,595,5391,1,1,1,1
22.3500,1612,1,1,17764,0,34099,0.520969,10,12,54,68,106583,27.48036,0.00602,2.43248,0.01836,1,1,2,1.355946,1.000000,5.332012,-0.004589,-0.004400,14.956491,2663,0.000294,0.076560,14082,5870,3202,2038,1385,1011,773,620,5117,1,1,1,1
22.4000,1612,1,1,17904,0,34013,0.526402,14,6,14,96,53954,27.51476,0.00602,2.43248,0.01836,1,1,2,1.414213,1.000000,3.197221,-0.021630,-0.021415,14.939316,2583,0.001433,0.074345,14167,5771,3138,1999,1374,982,792,599,5190,1,1,1,1
23.0000,1612,1,1,18191,1,34604,0.525706,1,15,36,36,482037,27.93100,0.00602,2.43248,0.01836,0,1,3,6.038652,5.145507,5.145507,-0.229893,-0.228778,14.732279,1615,0.015529,0.047137,14399,5886,3183,2063,1400,1057,761,612,5242,1,1,1,1
23.9000,1612,1,1,18571,1,35532,0.522670,3,3,4,27,27094,28.55448,0.00602,2.43248,0.01836,0,1,3,2.040472,1.642227,1.642227,-0.541283,-0.540840,14.420257,165,0.037506,0.004920,14868,5890,3317,2175,1482,996,815,589,5399,1,1,1,1
22.3500,1613,1,1,17795,1,34065,0.522399,4,9,32,98,43906,27.47892,0.00997,2.42501,0.01964,0,0,3,1.827102,1.611412,1.611412,-0.002815,-0.002441,14.957441,2661,0.000163,0.076450,14042,5876,3174,2124,1380,975,761,591,5141,1,1,1,1
22.4000,1613,1,1,17916,0,34141,0.524780,25,9,228,228,165205,27.51373,0.00997,2.42501,0.01964,1,1,2,1.258107,1.000000,2.771110,-0.020382,-0.020240,14.940044,2580,0.001355,0.074209,14141,5940,3100,1920,1411,988,813,636,5191,1,1,1,1
23.0000,1613,1,1,17971,1,34568,0.519889,1,28,28,40,41340,27.92970,0.00997,2.42501,0.01964,0,1,3,2.888246,2.296281,2.281872,-0.228307,-0.227649,14.732634,1612,0.015452,0.047019,14276,5890,3246,2046,1401,1038,787,600,5283,1,1,1,1
23.9000,1613,1,1,18408,0,35449,0.519296,1,4,20,47,43919,28.55323,0.00997,2.42501,0.01964,1,0,2,1.299784,1.000000,1.873091,-0.540016,-0.539854,14.421098,161,0.037435,0.004798,14705,6054,3285,2116,1433,1072,767,592,5424,1,1,1,1
22.3500,1614,1,1,17894,0,34127,0.524351,5,56,56,79,45398,27.48003,0.00601,2.41126,0.02626,1,1,2,1.119458,1.000000,7.198360,-0.004550,-0.004480,14.955335,2666,0.000300,0.076557,14172,5766,3224,2021,1422,1028,741,611,5141,1,1,1,1
22.4000,1614,1,1,17729,1,33971,0.521902,1,42,42,130,64355,27.51482,0.00601,2.41126,0.02626,0,1,3,3.707830,3.640728,3.640728,-0.021732,-0.020920,14.940230,2584,0.001400,0.074277,14100,5651,3257,1992,1350,971,764,594,5291,1,1,1,1
23.0000,1614,1,1,18048,0,34754,0.519322,1,38,38,75,42923,27.93096,0.00601,2.41126,0.02626,1,1,2,1.033139,1.000000,1.337235,-0.229490,-0.229470,14.731670,1615,0.015577,0.047081,14492,5847,3203,2037,1400,1018,774,619,5363,1,1,1,1
23.9000,1614,1,1,18477,1,35539,0.519922,2,3,14,22,120734,28.55454,0.00601,2.41126,0.02626,0,0,3,1.956618,1.643310,1.643310,-0.541335,-0.540919,14.419178,165,0.037514,0.004914,14675,6097,3438,2007,1443,1041,806,694,5337,1,1,1,1
22.3500,1615,1,1,17759,1,34121,0.520487,1,7,16,52,90741,27.48321,0.00601,2.40394,0.02729,0,1,3,4.557276,3.718593,3.718593,-0.003036,-0.002097,14.957609,2664,0.000140,0.076441,14184,5789,3090,2065,1371,1075,713,630,5203,1,1,1,1
22.4000,1615,1,1,17782,0,34116,0.521237,3,2,10,68,235760,27.51797,0.00601,2.40394,0.02729,1,1,3,1.384886,1.000000,1.381896,-0.020109,-0.019907,14.940681,2585,0.001332,0.074258,14151,5737,3199,1986,1417,1036,761,635,5193,1,1,1,1
23.0000,1615,1,1,18197,1,34976,0.520286,2,4,128,128,26830,27.93386,0.00601,2.40394,0.02729,0,1,3,1.962664,1.632976,1.632976,-0.228105,-0.227688,14.733343,1614,0.015454,0.047017,14499,6060,3229,2114,1422,1124,774,606,5147,1,1,1,1
23.9000,1615,1,1,18519,1,35519,0.521398,1,12,33,65,162565,28.55748,0.00601,2.40394,0.02729,0,0,3,2.843727,2.328749,2.328749,-0.540026,-0.539379,14.420810,161,0.037403,0.004792,14738,5996,3275,2105,1461,995,870,698,5380,1,1,1,1
22.3500,1616,1,1,17531,1,33743,0.519560,1,159,159,385,22434,27.48051,0.01052,2.41804,0.01789,0,1,3,33.378969,32.437505,32.437505,-0.002650,-0.000479,14.960677,2671,0.000032,0.076578,13887,5724,3110,2004,1389,982,754,597,5295,1,1,1,1
22.4000,1616,1,1,17818,0,34116,0.522292,1,6,16,17,34958,27.51526,0.01052,2.41804,0.01789,1,0,2,1.200493,1.000000,1.617087,-0.019092,-0.018979,14.942053,2591,0.001270,0.074377,14269,5696,3136,2046,1341,1006,838,586,5197,1,1,1,1
23.0000,1616,1,1,18196,0,34916,0.521151,1,50,50,50,165255,27.93132,0.01052,2.41804,0.01789,1,0,2,1.089196,1.000000,4.807178,-0.227459,-0.227406,14.733699,1619,0.015434,0.047132,14454,6040,3231,2036,1398,1040,798,580,5338,1,1,1,1
23.9000,1616,1,1,18691,1,35772,0.522518,23,274,274,274,14496,28.55498,0.01052,2.41804,0.01789,0,1,3,2.138790,1.556960,1.349657,-0.538894,-0.538424,14.422444,167,0.037332,0.004967,14961,5986,3334,2172,1525,1077,792,628,5296,1,1,1,1
22.3500,1617,1,1,17838,0,34174,0.521991,3,138,138,138,797150,27.48123,0.00686,2.41675,0.02460,1,0,2,1.012426,1.000000,1.748502,-0.003061,-0.003053,14.958101,2669,0.000204,0.076487,14194,5855,3223,2003,1390,954,744,619,5191,1,1,1,1
22.4000,1617,1,1,17809,1,34158,0.521387,9,8,9,31,81530,27.51595,0.00686,2.41675,0.02460,0,1,3,1.510868,1.098853,1.098853,-0.020251,-0.019996,14.940870,2587,0.001338,0.074223,14150,5784,3271,2011,1350,991,782,596,5222,1,1,1,1
23.0000,1617,1,1,18240,0,34896,0.522711,1,15,15,22,104554,27.93219,0.00686,2.41675,0.02460,1,1,2,1.123944,1.000000,2.163861,-0.228604,-0.228531,14.731309,1616,0.015513,0.047024,14521,5933,3204,2113,1429,1032,787,649,5227,1,1,1,1
23.9000,1617,1,1,18598,0,35770,0.519947,9,60,60,490,57999,28.55589,0.00686,2.41675,0.02460,1,1,2,1.031304,1.000000,1.973718,-0.540423,-0.540403,14.418607,163,0.037480,0.004846,14929,5992,3360,2148,1410,1062,753,656,5459,1,1,1,1
22.3500,1618,1,1,17869,1,34098,0.524064,1,23,23,37,12946,27.47543,0.00975,2.41720,0.02035,0,0,3,4.917844,4.388274,4.388274,-0.005079,-0.004095,14.955731,2670,0.000274,0.076480,14048,5729,3220,2068,1392,1025,805,612,5198,1,1,1,1
22.4000,1618,1,1,17854,0,34239,0.521467,1,5,104,177,692670,27.51013,0.00975,2.41720,0.02035,1,1,2,1.412486,1.000000,3.155448,-0.022328,-0.022114,14.938588,2589,0.001480,0.074245,14154,5919,3228,1962,1406,1002,759,624,5184,1,1,1,1
23.0000,1618,1,1,18080,0,34832,0.519078,2,4,12,186,270420,27.92610,0.00975,2.41720,0.02035,1,1,2,1.397523,1.000000,2.598583,-0.230251,-0.230044,14.730778,1617,0.015617,0.047025,14459,5937,3317,2004,1431,1052,833,595,5203,1,1,1,1
23.9000,1618,1,1,18601,1,35689,0.521212,9,79,243,243,6455467,28.54985,0.00975,2.41720,0.02035,0,0,3,1.405067,1.298939,1.298939,-0.541913,-0.541703,14.417889,163,0.037572,0.004843,14910,5947,3398,2065,1507,1063,794,604,5400,1,1,1,1
22.3500,1619,1,1,17944,0,34265,0.523698,2,6,6,43,38326,27.46443,0.00642,2.42834,0.02712,1,1,2,1.330591,1.000000,2.728645,-0.011947,-0.011771,14.948687,2671,0.000787,0.076498,14152,5956,3088,1995,1423,1070,782,649,5149,1,1,1,1
22.4000,1619,1,1,17813,1,34014,0.523712,2,46,46,65,38558,27.49911,0.00642,2.42834,0.02712,0,0,3,3.998408,3.599360,3.599360,-0.029374,-0.028518,14.931258,2594,0.001910,0.074379,14020,5875,3132,1998,1326,979,804,638,5241,1,1,1,1
23.0000,1619,1,1,18225,1,34809,0.523587,1,387,387,387,302929,27.91525,0.00642,2.42834,0.02712,0,1,3,78.002901,76.344302,76.344302,-0.238391,-0.235700,14.725462,1618,0.016006,0.047042,14456,5958,3268,2002,1375,1017,779,653,5300,1,1,1,1
23.9000,1619,1,1,18713,1,35742,0.523572,1,1,12,25,105098,28.53904,0.00642,2.42834,0.02712,0,0,3,1.668799,1.304039,1.304039,-0.549009,-0.548693,14.411649,161,0.038073,0.004783,15025,6103,3229,2093,1371,1026,806,635,5453,1,1,1,1
22.3500,1620,1,1,17917,1,34428,0.520435,7,6,9,1508,21870,27.46877,0.00685,2.42273,0.02655,0,1,3,3.643923,2.979662,2.979662,-0.009870,-0.009071,14.952049,2672,0.000607,0.076462,14238,5956,3200,2081,1410,974,800,636,5132,1,1,1,1
22.4000,1620,1,1,17771,1,34153,0.520350,46,15,46,93,74438,27.50343,0.00685,2.42273,0.02655,0,1,3,4.135103,3.701011,3.701011,-0.027265,-0.026388,14.934701,2591,0.001767,0.074230,14116,5890,3179,2029,1336,955,735,643,5269,1,1,1,1
23.0000,1620,1,1,18000,0,34826,0.516870,2,12,12,111,35193,27.91931,0.00685,2.42273,0.02655,1,0,2,1.122828,1.000000,1.670917,-0.234965,-0.234893,14.726192,1619,0.015951,0.047040,14452,5884,3281,2058,1410,1056,745,619,5320,1,1,1,1
23.9000,1620,1,1,18589,1,35708,0.520598,1,3,10,32,53564,28.54315,0.00685,2.42273,0.02655,0,1,3,2.096716,1.701858,1.701858,-0.546887,-0.546430,14.414706,161,0.037908,0.004779,14867,6036,3360,2071,1408,1115,792,664,5394,1,1,1,1
22.3500,1621,1,1,17849,1,34143,0.522787,2,6,8,20,151418,27.47064,0.01223,2.42524,0.02308,0,1,3,4.595322,3.275372,3.275372,-0.006126,-0.005185,14.954289,2670,0.000347,0.076346,14075,5940,3135,1988,1453,1029,726,584,5212,1,1,1,1
22.4000,1621,1,1,17947,1,34548,0.519495,1,38,38,1100,13789,27.50527,0.01223,2.42524,0.02308,0,1,3,1.721516,1.272975,1.221145,-0.023119,-0.022784,14.938116,2589,0.001525,0.074110,14401,5906,3244,2012,1412,1042,777,602,5151,1,1,1,1
23.0000,1621,1,1,18165,1,34704,0.523442,3,6,11,277,79274,27.92133,0.01223,2.42524,0.02308,0,1,3,1.833939,1.352449,1.352449,-0.231186,-0.230812,14.730083,1617,0.015669,0.046940,14264,5948,3242,2060,1456,1055,764,642,5272,1,1,1,1
23.9000,1621,1,1,18605,1,35677,0.521499,1,4,5,50,324595,28.54478,0.01223,2.42524,0.02308,0,1,3,1.462541,1.108190,1.108190,-0.542857,-0.542622,14.418314,158,0.037634,0.004686,14837,6075,3323,2101,1425,1108,799,579,5429,1,1,1,1
22.3500,1622,1,1,17906,0,34215,0.523353,1,2,20,20,426230,27.47198,0.00470,2.42069,0.02170,1,1,3,1.178231,1.000000,1.103287,-0.008709,-0.008608,14.950879,2684,0.000576,0.076717,14217,5883,3159,1925,1382,1036,771,625,5216,1,1,1,1
22.4000,1622,1,1,18001,1,34317,0.524566,2,14,17,23,52180,27.50660,0.00470,2.42069,0.02170,0,0,3,1.434277,1.080292,1.080292,-0.026009,-0.025786,14.934667,2603,0.001727,0.074482,14115,5836,3315,2040,1368,990,775,606,5271,1,1,1,1
23.0000,1622,1,1,18207,1,34866,0.522214,2,2,8,74,30473,27.92283,0.00470,2.42069,0.02170,0,1,3,1.628022,1.346443,1.346443,-0.234196,-0.233895,14.727133,1629,0.015882,0.047269,14505,5837,3356,2008,1379,1039,805,631,5305,1,1,1,1
23.9000,1622,1,1,18797,1,35872,0.524017,713,4,713,713,38382,28.54632,0.00470,2.42069,0.02170,0,1,3,1.474213,1.054809,1.054809,-0.545855,-0.545616,14.415208,173,0.037850,0.005129,14978,6091,3285,2097,1460,1044,821,657,5438,1,1,1,1
22.3500,1623,1,1,17771,1,34104,0.521098,1,2,8,30,302717,27.46996,0.01275,2.41672,0.01986,0,0,3,2.079342,1.613833,1.613833,-0.006100,-0.005649,14.954716,2683,0.000378,0.076621,14058,5821,3135,2034,1402,1059,800,623,5171,1,1,1,1
22.4000,1623,1,1,17879,1,34173,0.523206,1,131,131,280,78039,27.50455,0.01275,2.41672,0.01986,0,1,3,48.234501,44.507500,44.507500,-0.024426,-0.022038,14.939114,2602,0.001475,0.074386,14247,5696,3150,1995,1427,967,748,650,5292,1,1,1,1
23.0000,1623,1,1,18294,0,34985,0.522925,1,3,23,23,138049,27.92053,0.01275,2.41672,0.01986,1,1,2,1.383344,1.000000,1.715058,-0.231409,-0.231210,14.729379,1628,0.015697,0.047204,14512,5992,3244,2024,1464,1067,835,598,5248,1,1,1,1
23.9000,1623,1,1,18767,1,35949,0.522060,4,1,10,101,50998,28.54406,0.01275,2.41672,0.01986,0,1,3,1.319089,1.131121,1.131121,-0.543018,-0.542847,14.417112,168,0.037653,0.004977,14942,6131,3456,2119,1402,1051,839,636,5372,1,1,1,1
22.3500,1624,1,1,18043,1,34478,0.523334,1,5,6,32,729882,27.48834,0.00824,2.40846,0.02108,0,1,3,3.687640,2.824719,2.824719,0.000801,0.001605,14.961482,2687,-0.000107,0.076654,14233,5998,3280,1975,1348,1033,746,635,5229,1,1,1,1
22.4000,1624,1,1,17875,1,34400,0.519637,1,799,799,799,26297,27.52291,0.00824,2.40846,0.02108,0,1,3,12.764549,12.083249,12.081618,-0.016934,-0.015366,14.944011,2607,0.001028,0.074458,14290,5737,3214,2030,1442,1043,774,630,5239,1,1,1,1
23.0000,1624,1,1,18386,0,35201,0.522330,2,7,7,162,303843,27.93905,0.00824,2.40846,0.02108,1,1,2,1.410130,1.000000,3.982157,-0.224665,-0.224453,14.736329,1634,0.015231,0.047326,14648,6018,3294,2111,1427,958,770,618,5356,1,1,1,1
23.9000,1624,1,1,18692,0,35871,0.521104,8,14,14,14,59416,28.56263,0.00824,2.40846,0.02108,1,1,2,1.407763,1.000000,7.366940,-0.536642,-0.536432,14.424361,173,0.037189,0.005119,14798,6144,3374,2140,1494,1110,765,628,5417,1,1,1,1
22.3500,1625,1,1,17971,1,34357,0.523082,2,142,142,142,81080,27.48607,0.00866,2.41534,0.02668,0,0,3,3.249367,2.852138,2.852138,0.000028,0.000753,14.960672,2685,-0.000050,0.076554,14302,5782,3229,1978,1414,1046,760,627,5218,1,1,1,1
22.4000,1625,1,1,17996,0,34358,0.523794,1,39,39,45,887057,27.52105,0.00866,2.41534,0.02668,1,0,2,1.100086,1.000000,4.218322,-0.017583,-0.017525,14.943577,2603,0.001173,0.074300,14307,5751,3235,1978,1401,1011,811,601,5262,1,1,1,1
23.0000,1625,1,1,18093,1,34758,0.520557,2,48,48,249,29328,27.93694,0.00866,2.41534,0.02668,0,0,3,1.852497,1.550496,1.550496,-0.225214,-0.224835,14.735285,1628,0.015258,0.047127,14370,5833,3315,2077,1399,1061,779,600,5323,1,1,1,1
23.9000,1625,1,1,18541,1,35705,0.519298,20,17,23,120,5758185,28.56056,0.00866,2.41534,0.02668,0,1,3,5.947121,5.370728,5.370728,-0.537411,-0.536314,14.424803,169,0.037180,0.004997,14662,6145,3302,2108,1497,1089,804,662,5435,1,1,1,1
22.3500,1626,1,1,17877,1,34342,0.520573,1,37,123,123,26896,27.47987,0.01294,2.41048,0.02148,0,1,3,3.389406,2.600965,2.473147,-0.001168,-0.000417,14.960537,2687,0.000028,0.076564,14144,5890,3271,1995,1461,1005,759,621,5195,1,1,1,1
22.4000,1626,1,1,17760,0,33859,0.524544,2,6,222,222,158562,27.51440,0.01294,2.41048,0.02148,1,1,2,1.160050,1.000000,1.311644,-0.018219,-0.018128,14.941875,2605,0.001213,0.074320,13877,5652,3124,2004,1377,1062,765,634,5363,1,1,1,1
23.0000,1626,1,1,18238,0,35298,0.516701,38,26,38,41,28977,27.93046,0.01294,2.41048,0.02148,1,1,2,1.135436,1.000000,3.878656,-0.226599,-0.226521,14.734558,1629,0.015373,0.047129,14753,6000,3291,2115,1413,1034,764,620,5307,1,1,1,1
23.9000,1626,1,1,18720,0,35707,0.524282,1,6,83,89,47063,28.55412,0.01294,2.41048,0.02148,1,0,2,1.324515,1.000000,2.690472,-0.538318,-0.538145,14.422788,166,0.037312,0.004906,14910,5894,3301,2049,1476,1122,804,670,5480,1,1,1,1
22.3500,1627,1,1,17975,1,34263,0.524634,1,41,41,41,193314,27.47853,0.00960,2.41453,0.01862,0,0,3,2.193024,1.760882,1.760882,-0.003243,-0.002760,14.957504,2690,0.000185,0.076618,14176,5871,3188,1964,1399,993,797,616,5258,1,1,1,1
22.4000,1627,1,1,18102,0,34510,0.524559,2,43,43,84,679172,27.51304,0.00960,2.41453,0.01862,1,1,2,1.205902,1.000000,10.042335,-0.021042,-0.020926,14.939229,2612,0.001401,0.074487,14471,5777,3234,2009,1358,1088,734,622,5216,1,1,1,1
23.0000,1627,1,1,18148,0,34839,0.520925,2,2,78,78,110828,27.92927,0.00960,2.41453,0.01862,1,1,3,1.049086,1.000000,1.025844,-0.228439,-0.228409,14.732741,1632,0.015504,0.047193,14334,5999,3228,2086,1420,1057,798,594,5322,1,1,1,1
23.9000,1627,1,1,18607,1,35715,0.521000,4,25,25,47,83337,28.55297,0.00960,2.41453,0.01862,0,1,3,2.429181,2.166701,2.166701,-0.540537,-0.539992,14.421097,168,0.037445,0.004963,14795,6067,3271,2006,1510,1074,824,641,5526,1,1,1,1
22.3500,1628,1,1,17950,0,34351,0.522562,1,2,9,177,54640,27.47827,0.01231,2.41765,0.01992,1,1,3,1.306928,1.000000,1.103699,-0.001731,-0.001566,14.958845,2692,0.000105,0.076621,14225,5786,3277,2013,1395,1060,789,606,5199,1,1,1,1
22.4000,1628,1,1,17945,1,34275,0.523575,1,32,34,59,154301,27.51319,0.01231,2.41765,0.01992,0,1,3,3.461796,2.785926,2.760760,-0.019467,-0.018704,14.941553,2610,0.001252,0.074373,14157,5769,3247,2058,1364,1013,818,592,5256,1,1,1,1
23.0000,1628,1,1,18229,1,35006,0.520754,1,1,30,86,109372,27.92916,0.01231,2.41765,0.01992,0,1,3,1.720527,1.216744,1.216744,-0.227186,-0.226853,14.733877,1633,0.015397,0.047189,14482,6004,3244,2062,1436,1013,791,633,5340,1,1,1,1
23.9000,1628,1,1,18538,0,35776,0.518183,8,123,123,123,887374,28.55291,0.01231,2.41765,0.01992,1,1,2,1.395511,1.000000,58.334753,-0.540268,-0.540063,14.420769,168,0.037450,0.004960,14787,6087,3417,2056,1456,1046,819,667,5440,1,1,1,1
22.3500,1629,1,1,17793,1,34229,0.519838,1,146,146,146,37046,27.48541,0.00553,2.43070,0.02374,0,1,3,5.611202,4.857204,4.822511,-0.002283,-0.001224,14.959843,2689,0.000082,0.076484,14014,5785,3274,2049,1354,1006,852,628,5266,1,1,1,1
22.4000,1629,1,1,17929,1,34500,0.519696,1,3,26,88,59323,27.51987,0.00553,2.43070,0.02374,0,1,3,1.450988,1.054539,1.054539,-0.019034,-0.018805,14.942065,2612,0.001259,0.074382,14380,5789,3190,2036,1405,1037,797,613,5252,1,1,1,1
23.0000,1629,1,1,18486,0,35099,0.526697,4,3,8,52,97119,27.93602,0.00553,2.43070,0.02374,1,1,2,1.376626,1.000000,1.530042,-0.227231,-0.227035,14.733834,1630,0.015409,0.047073,14605,6010,3265,2003,1404,1041,803,625,5342,1,1,1,1
23.9000,1629,1,1,18751,1,36079,0.519735,1,6,14,18,105629,28.55981,0.00553,2.43070,0.02374,0,1,3,1.982925,1.408010,1.263380,-0.539063,-0.538643,14.422038,164,0.037349,0.004839,15007,6146,3315,2073,1577,1073,815,623,5449,1,1,1,1
22.3500,1630,1,1,17991,1,34562,0.520558,2,3,11,142,51670,27.47665,0.00510,2.40776,0.02541,0,1,3,2.123113,1.739901,1.739901,-0.006412,-0.005950,14.955117,2693,0.000398,0.076575,14405,5807,3179,2139,1374,1055,775,619,5208,1,1,1,1
22.4000,1630,1,1,18002,0,34527,0.521404,7,5,34,34,110370,27.51152,0.00510,2.40776,0.02541,1,1,2,1.327444,1.000000,2.074664,-0.023903,-0.023729,14.936730,2611,0.001589,0.074334,14406,5940,3182,2078,1344,1006,767,613,5190,1,1,1,1
23.0000,1630,1,1,18178,0,34927,0.520472,1,3,60,265,28252,27.92740,0.00510,2.40776,0.02541,1,0,2,1.345700,1.000000,1.991209,-0.231838,-0.231656,14.729256,1633,0.015728,0.047146,14482,5930,3180,2100,1354,1032,780,633,5435,1,1,1,1
23.9000,1630,1,1,18639,1,35812,0.520483,2,7,86,273,62907,28.55124,0.00510,2.40776,0.02541,0,1,3,2.599658,2.377568,2.377568,-0.543805,-0.543219,14.417907,166,0.037677,0.004896,14783,6096,3389,2174,1447,1070,797,625,5430,1,1,1,1
22.3500,1631,1,1,17918,0,34453,0.520086,1,7,17,30,48827,27.48286,0.00510,2.40837,0.02295,1,1,2,1.412993,1.000000,3.893317,-0.003407,-0.003195,14.957571,2693,0.000214,0.076515,14483,5700,3201,1998,1388,1060,740,600,5282,1,1,1,1
22.4000,1631,1,1,17870,0,34267,0.521508,1,1,16,169,102732,27.51771,0.00510,2.40837,0.02295,1,1,3,1.282840,1.000000,1.116151,-0.020430,-0.020278,14.940860,2616,0.001357,0.074410,14108,5898,3161,2001,1382,1058,776,614,5268,1,1,1,1
23.0000,1631,1,1,18162,0,34939,0.519835,1,1,17,39,34383,27.93377,0.00510,2.40837,0.02295,1,0,3,1.377571,1.000000,1.138387,-0.228482,-0.228285,14.732583,1635,0.015495,0.047164,14364,5963,3354,2023,1399,1100,745,618,5372,1,1,1,1
23.9000,1631,1,1,18745,1,36029,0.520290,10,6,10,82,95494679,28.55722,0.00510,2.40837,0.02295,0,1,3,3.669542,3.082995,3.082995,-0.540513,-0.539716,14.419103,166,0.037431,0.004893,14953,6086,3325,2150,1525,1047,829,678,5435,1,1,1,1
22.3500,1632,1,1,17861,1,34279,0.521063,3,2,12,38,1941074,27.49275,0.01364,2.42108,0.01996,0,1,3,1.329450,1.101560,1.101560,0.005924,0.006098,14.967132,2700,-0.000407,0.076618,14232,5645,3243,1970,1466,997,822,626,5277,1,1,1,1
22.4000,1632,1,1,18328,0,34873,0.525579,62,12,65,65,552872,27.52715,0.01364,2.42108,0.01996,1,0,2,1.115404,1.000000,1.519422,-0.011383,-0.011316,14.949778,2620,0.000757,0.074434,14606,5917,3228,2053,1451,1029,761,644,5183,1,1,1,1
23.0000,1632,1,1,18474,0,35242,0.524219,1,1,67,67,38828,27.94338,0.01364,2.42108,0.01996,1,1,3,1.372811,1.000000,1.099352,-0.219397,-0.219203,14.741364,1641,0.014870,0.047280,14685,5985,3327,2072,1409,1047,769,619,5328,1,1,1,1
23.9000,1632,1,1,19012,0,36202,0.525179,5,7,20,38,38843,28.56687,0.01364,2.42108,0.01996,1,1,2,1.400807,1.000000,3.526685,-0.531501,-0.531294,14.429526,171,0.036820,0.005033,15183,6055,3417,2100,1493,1042,807,653,5451,1,1,1,1
22.3500,1633,1,1,18139,1,34749,0.522016,9,35,36,166,6506886,27.48667,0.00594,2.42599,0.02621,0,1,3,9.209178,8.834265,8.834265,-0.001460,-0.000100,14.958318,2700,0.000007,0.076616,14567,5904,3113,2047,1419,1023,798,628,5249,1,1,1,1
22.4000,1633,1,1,18208,0,34664,0.525286,3,2,10,88,24244,27.52147,0.00594,2.42599,0.02621,1,1,3,1.399712,1.000000,1.290700,-0.018262,-0.018056,14.942590,2616,0.001208,0.074311,14414,5810,3302,2049,1401,1029,783,614,5261,1,1,1,1
23.0000,1633,1,1,18329,1,34906,0.525111,1,1,71,71,395838,27.93745,0.00594,2.42599,0.02621,0,1,3,1.888111,1.354708,1.354708,-0.226275,-0.225886,14.734953,1636,0.015330,0.047127,14343,6003,3256,2027,1416,1035,801,648,5376,1,1,1,1
23.9000,1633,1,1,18807,1,36014,0.522228,4,1,29,60,23638,28.56098,0.00594,2.42599,0.02621,0,0,3,1.200619,1.024805,1.024805,-0.537935,-0.537823,14.422228,167,0.037291,0.004915,14957,6080,3365,2090,1502,1086,835,677,5421,1,1,1,1
22.3500,1634,1,1,17872,0,34374,0.519943,15,5,157,157,64979,27.48110,0.01046,2.42430,0.03100,1,0,3,1.184907,1.000000,1.035586,-0.001173,-0.001069,14.959980,2700,0.000071,0.076561,14140,5877,3149,2065,1411,1066,844,582,5239,1,1,1,1
22.4000,1634,1,1,18070,0,34554,0.522965,5,473,473,473,196838,27.51589,0.01046,2.42430,0.03100,1,1,3,1.001931,1.000000,1.007532,-0.018531,-0.018530,14.938811,2618,0.001240,0.074341,14307,5972,3182,2029,1389,1003,774,623,5274,1,1,1,1
23.0000,1634,1,1,18330,0,35346,0.518602,58,83,83,83,39693,27.93203,0.01046,2.42430,0.03100,1,0,2,1.064511,1.000000,5.604156,-0.227156,-0.227118,14.734009,1637,0.015415,0.047130,14645,6068,3324,2037,1426,1083,826,635,5301,1,1,1,1
23.9000,1634,1,1,18824,0,36006,0.522816,8,7,81,81,68401,28.55561,0.01046,2.42430,0.03100,1,1,2,1.405797,1.000000,3.534803,-0.538804,-0.538595,14.422210,167,0.037345,0.004912,14908,6093,3403,2110,1473,1074,816,620,5508,1,1,1,1
22.3500,1635,1,1,18042,0,34606,0.521370,6,366,366,366,311573,27.48100,0.00551,2.43966,0.02898,1,0,2,1.005647,1.000000,2.083028,-0.004195,-0.004191,14.956972,2701,0.000280,0.076558,14318,5943,3298,2105,1394,1052,760,601,5134,1,1,1,1
22.4000,1635,1,1,18226,0,34842,0.523119,1,2,22,22,43196,27.51576,0.00551,2.43966,0.02898,1,0,2,1.411037,1.000000,1.519824,-0.021472,-0.021261,14.939521,2619,0.001423,0.074320,14618,5861,3313,2038,1364,1058,766,624,5199,1,1,1,1
23.0000,1635,1,1,18281,1,35122,0.520515,2,13,18,18,30572,27.93165,0.00551,2.43966,0.02898,0,1,3,8.315923,6.638759,6.638759,-0.229876,-0.228580,14.732550,1638,0.015515,0.047135,14614,5933,3343,2051,1383,1018,818,617,5344,1,1,1,1
23.9000,1635,1,1,18809,1,36175,0.519959,6,3,6,81,14634,28.55527,0.00551,2.43966,0.02898,0,1,3,1.624568,1.186817,1.186817,-0.541153,-0.540856,14.420028,168,0.037507,0.004939,14941,6290,3334,2191,1478,1076,817,666,5381,1,1,1,1
22.3500,1636,1,1,17999,1,34406,0.523151,23,12,23,69,71284,27.48577,0.00593,2.43645,0.02752,0,1,3,1.697831,1.292444,1.292444,-0.001288,-0.000964,14.959984,2703,0.000064,0.076552,14237,5828,3183,2059,1411,1063,749,586,5289,1,1,1,1
22.4000,1636,1,1,18031,1,34660,0.520240,2,17,17,328,32143,27.52051,0.00593,2.43645,0.02752,0,1,3,4.707174,4.086028,4.086028,-0.019024,-0.018077,14.942994,2622,0.001210,0.074343,14486,5892,3226,2039,1390,986,786,605,5249,1,1,1,1
23.0000,1636,1,1,18076,0,34943,0.517314,2,7,16,35,95622,27.93657,0.00593,2.43645,0.02752,1,0,2,1.253420,1.000000,2.252865,-0.226868,-0.226730,14.734270,1640,0.015388,0.047158,14449,5918,3168,2028,1431,1070,844,623,5411,1,1,1,1
23.9000,1636,1,1,18720,0,35884,0.521696,1,4,27,67,90323,28.56023,0.00593,2.43645,0.02752,1,1,2,1.410594,1.000000,2.702552,-0.538757,-0.538546,14.422239,168,0.037341,0.004935,14887,5957,3385,2182,1409,1072,855,630,5506,1,1,1,1
22.3500,1637,1,1,18160,0,34608,0.524749,3,1,25,42,504363,27.49108,0.00944,2.43036,0.02244,1,0,3,1.397751,1.000000,1.096646,0.003335,0.003539,14.964370,2701,-0.000237,0.076426,14484,5747,3306,2020,1421,929,764,622,5314,1,1,1,1
22.4000,1637,1,1,18099,1,34479,0.524943,1,3,160,160,492932,27.52580,0.00944,2.43036,0.02244,0,1,3,3.018288,2.328049,2.328049,-0.014280,-0.013605,14.947367,2619,0.000910,0.074190,14241,5961,3188,1952,1374,1093,744,639,5286,1,1,1,1
23.0000,1637,1,1,18374,0,35176,0.522360,20,4,20,38,44273,27.94203,0.00944,2.43036,0.02244,1,1,2,1.292234,1.000000,1.591431,-0.222283,-0.222127,14.738258,1637,0.015071,0.047030,14598,5973,3290,2053,1436,993,795,611,5426,1,1,1,1
23.9000,1637,1,1,18856,0,36040,0.523211,1,3,15,240,213160,28.56573,0.00944,2.43036,0.02244,1,1,3,1.251358,1.000000,1.084441,-0.534015,-0.533878,14.426409,164,0.037007,0.004814,15041,6136,3276,2064,1472,1097,796,691,5466,1,1,1,1
22.3500,1638,1,1,17982,0,34627,0.519321,2,12,15,22,44967,27.47935,0.00975,2.41671,0.02679,1,0,2,1.121876,1.000000,1.679710,-0.002809,-0.002739,14.958353,2706,0.000183,0.076552,14393,5819,3277,2019,1407,1059,764,626,5262,1,1,1,1
22.4000,1638,1,1,18065,1,34639,0.521537,4,5,14,29,57717,27.51405,0.00975,2.41671,0.02679,0,1,3,1.873966,1.774192,1.774192,-0.020169,-0.019786,14.941360,2624,0.001324,0.074317,14340,5944,3254,2073,1402,997,741,600,5287,1,1,1,1
23.0000,1638,1,1,18514,0,35322,0.524164,2,3,8,782,21904,27.93002,0.00975,2.41671,0.02679,1,1,2,1.380910,1.000000,1.611151,-0.228129,-0.227932,14.732935,1641,0.015471,0.047134,14768,5919,3332,2051,1408,1057,850,639,5297,1,1,1,1
23.9000,1638,1,1,18853,1,36460,0.517101,1,9,9,92,35538,28.55377,0.00975,2.41671,0.02679,0,1,3,1.995764,1.503262,1.503262,-0.539975,-0.539554,14.421382,167,0.037413,0.004900,15271,6205,3417,2126,1500,1043,802,667,5428,1,1,1,1
22.3500,1639,1,1,18161,1,34704,0.523327,3,60,60,68,229067,27.49269,0.01090,2.42403,0.02725,0,1,3,8.190140,7.849171,7.849171,0.004114,0.005397,14.964591,2707,-0.000361,0.076501,14308,5910,3300,2140,1443,999,782,590,5231,1,1,1,1
22.4000,1639,1,1,18302,0,34890,0.524578,2,12,12,274,97370,27.52737,0.01090,2.42403,0.02725,1,1,2,1.084974,1.000000,1.210687,-0.012647,-0.012597,14.947045,2624,0.000843,0.074243,14554,5951,3252,2040,1405,1026,813,614,5234,1,1,1,1
23.0000,1639,1,1,18389,1,35215,0.522207,23,5,47,49,42246,27.94351,0.01090,2.42403,0.02725,0,1,3,3.155024,2.453208,2.453208,-0.220939,-0.220238,14.740736,1640,0.014941,0.047051,14589,5929,3305,2169,1418,1014,776,621,5393,1,1,1,1
23.9000,1639,1,1,18836,0,36139,0.521224,3,5,152,152,123462,28.56730,0.01090,2.42403,0.02725,1,1,2,1.393033,1.000000,2.516848,-0.532842,-0.532640,14.427987,166,0.036917,0.004866,15063,6015,3474,2108,1444,1049,816,659,5510,1,1,1,1
22.3500,1640,1,1,17955,1,34456,0.521114,7,4,7,134,51988,27.49650,0.00878,2.43625,0.02970,0,0,3,1.715691,1.599225,1.599225,0.005183,0.005512,14.965063,2709,-0.000368,0.076509,14292,5832,3167,2046,1387,1006,810,611,5304,1,1,1,1
22.4000,1640,1,1,18226,0,34731,0.524791,15,22,22,74,406784,27.53116,0.00878,2.43625,0.02970,1,1,2,1.174847,1.000000,4.306100,-0.012459,-0.012361,14.947708,2628,0.000827,0.074307,14354,6013,3312,1966,1353,1059,791,636,5246,1,1,1,1
23.0000,1640,1,1,18295,1,35132,0.520765,2,133,133,133,51686,27.94705,0.00878,2.43625,0.02970,0,1,3,7.659561,7.458202,7.458202,-0.220572,-0.219330,14.741821,1643,0.014878,0.047105,14528,5902,3287,2099,1456,1013,852,634,5360,1,1,1,1
23.9000,1640,1,1,18897,1,36162,0.522580,2,2,321,321,36360,28.57088,0.00878,2.43625,0.02970,0,0,3,1.699607,1.374056,1.374056,-0.531967,-0.531644,14.428609,167,0.036847,0.004892,15105,6201,3273,2070,1457,1081,778,633,5563,1,1,1,1
22.3500,1641,1,1,18050,0,34570,0.522144,1,22,22,113,278868,27.49878,0.00634,2.41800,0.02238,1,1,2,1.368023,1.000000,10.272197,0.004669,0.004860,14.965421,2708,-0.000325,0.076432,14361,5878,3162,2020,1404,1066,780,610,5288,1,1,1,1
22.4000,1641,1,1,18400,0,34712,0.530091,1,8,8,16,110289,27.53341,0.00634,2.41800,0.02238,1,0,2,1.174133,1.000000,1.763392,-0.012110,-0.012013,14.949046,2625,0.000804,0.074171,14423,5886,3314,1967,1429,985,757,648,5302,1,1,1,1
23.0000,1641,1,1,18597,1,35500,0.523874,2,27,27,27,329669,27.94947,0.00634,2.41800,0.02238,0,0,3,1.691629,1.320047,1.320047,-0.220038,-0.219718,14.740645,1640,0.014906,0.046994,14731,6090,3367,2055,1448,1064,791,687,5266,1,1,1,1
23.9000,1641,1,1,18794,0,35997,0.522114,4,5,7,125,207075,28.57292,0.00634,2.41800,0.02238,1,1,2,1.319526,1.000000,2.258470,-0.531942,-0.531773,14.428676,164,0.036855,0.004801,14940,6165,3240,2124,1476,1083,786,625,5557,1,1,1,1
22.3500,1642,1,1,18201,1,34842,0.522402,1,8,21,50,62949,27.50252,0.00633,2.42810,0.02237,0,0,3,2.755464,2.117620,2.117620,0.007171,0.007788,14.968197,2709,-0.000520,0.076400,14498,5966,3224,2041,1382,1033,797,660,5240,1,1,1,1
22.4000,1642,1,1,18169,1,34778,0.522443,4,2,214,214,741593,27.53713,0.00633,2.42810,0.02237,0,1,3,1.851951,1.434967,1.434967,-0.010021,-0.009646,14.950097,2627,0.000645,0.074177,14475,5876,3179,2047,1372,1064,781,667,5316,1,1,1,1
23.0000,1642,1,1,18496,0,35465,0.521543,9,4,302,302,19967,27.95336,0.00633,2.42810,0.02237,1,1,2,1.368984,1.000000,1.795632,-0.218203,-0.218012,14.742552,1641,0.014788,0.046988,14805,6001,3335,2108,1394,1056,817,641,5307,1,1,1,1
23.9000,1642,1,1,18874,0,36279,0.520260,2,19,37,189,812416,28.57685,0.00633,2.42810,0.02237,1,0,2,1.054749,1.000000,1.193511,-0.529808,-0.529775,14.431360,164,0.036710,0.004797,15123,6084,3293,2215,1486,1118,835,649,5475,1,1,1,1
22.3500,1643,1,1,18147,1,34790,0.521630,3,6,6,19,76495,27.50185,0.00464,2.42126,0.02887,0,1,3,1.766320,1.267918,1.229152,0.005901,0.006247,14.967092,2716,-0.000417,0.076556,14315,6062,3315,1969,1427,1062,745,609,5285,1,1,1,1
22.4000,1643,1,1,18199,1,35042,0.519363,1,1,83,311,29108,27.53644,0.00464,2.42126,0.02887,0,0,3,1.456195,1.030398,1.030398,-0.011350,-0.011121,14.949648,2634,0.000744,0.074331,14601,6021,3304,2030,1434,1022,816,626,5187,1,1,1,1
23.0000,1643,1,1,18463,1,35233,0.524041,1,1,26,44,45602,27.95242,0.00464,2.42126,0.02887,0,1,3,1.447917,1.024636,1.024636,-0.219315,-0.219090,14.741632,1648,0.014862,0.047163,14512,6067,3310,2023,1427,1051,814,634,5394,1,1,1,1
23.9000,1643,1,1,18901,1,36310,0.520560,11,29,31,80,114840,28.57595,0.00464,2.42126,0.02887,0,1,3,19.835538,14.676926,14.676926,-0.531928,-0.530109,14.431050,170,0.036734,0.004970,15162,6161,3329,2192,1447,1055,821,642,5500,1,1,1,1
22.3500,1644,1,1,18069,1,34769,0.519702,3,6,12,576,61175,27.51046,0.00506,2.42428,0.02356,0,1,3,4.201138,3.244426,3.244426,0.010247,0.011120,14.970562,2719,-0.000743,0.076576,14539,5826,3299,2008,1449,1029,742,590,5286,1,1,1,1
22.4000,1644,1,1,18140,0,34722,0.522450,1,66,66,66,24579,27.54503,0.00506,2.42428,0.02356,1,1,2,1.041772,1.000000,2.901675,-0.007005,-0.006980,14.952246,2639,0.000467,0.074414,14481,5793,3158,2045,1430,1015,833,657,5309,1,1,1,1
23.0000,1644,1,1,18502,0,35468,0.521668,2,3,21,23,331106,27.96117,0.00506,2.42428,0.02356,1,1,2,1.365332,1.000000,1.808858,-0.214931,-0.214742,14.745814,1649,0.014563,0.047149,14784,5969,3272,2162,1476,1045,771,668,5320,1,1,1,1
23.9000,1644,1,1,18829,1,36150,0.520872,26,5,26,28,122282,28.58475,0.00506,2.42428,0.02356,0,1,3,3.418697,2.566986,2.566986,-0.526830,-0.526082,14.435068,172,0.036445,0.005024,14915,6047,3414,2206,1514,1085,855,637,5476,1,1,1,1
22.3500,1645,1,1,17849,1,34438,0.518309,1,3,6,23,4281654,27.49814,0.00694,2.41620,0.02653,0,1,3,1.467451,1.330516,1.330516,0.005453,0.005686,14.966792,2716,-0.000380,0.076465,14152,5829,3222,1998,1408,1047,789,636,5356,1,1,1,1
22.4000,1645,1,1,18224,0,34923,0.521849,1,3,46,754,1728496,27.53311,0.00694,2.41620,0.02653,1,1,3,1.260236,1.000000,1.108264,-0.011980,-0.011839,14.948476,2633,0.000792,0.074219,14589,5854,3200,2116,1347,1091,810,644,5271,1,1,1,1
23.0000,1645,1,1,18467,1,35300,0.523159,2,6,64,64,82656,27.94900,0.00694,2.41620,0.02653,0,1,3,3.947686,3.215448,3.215448,-0.220255,-0.219420,14.740257,1646,0.014886,0.047053,14523,6036,3316,2111,1458,1061,791,629,5374,1,1,1,1
23.9000,1645,1,1,18868,0,36189,0.521388,4,8,31,186,17670580,28.57262,0.00694,2.41620,0.02653,1,1,2,1.307857,1.000000,3.293632,-0.532072,-0.531909,14.428517,166,0.036865,0.004848,15087,6171,3262,2127,1416,1086,821,626,5592,1,1,1,1
22.3500,1646,1,1,18144,0,34661,0.523485,1,1,10,85,419776,27.49795,0.01342,2.42477,0.02437,1,0,3,1.413597,1.000000,1.184030,0.008370,0.008580,14.969347,2719,-0.000573,0.076490,14319,5855,3274,2049,1429,985,788,650,5311,1,1,1,1
22.4000,1646,1,1,18223,1,34788,0.523845,1,24,24,503,373127,27.53248,0.01342,2.42477,0.02437,0,1,3,2.668011,2.064469,2.022819,-0.009070,-0.008473,14.951918,2638,0.000567,0.074297,14316,5954,3222,2076,1471,1074,768,641,5265,1,1,1,1
23.0000,1646,1,1,18437,1,35351,0.521556,3,5,9,41,23447,27.94854,0.01342,2.42477,0.02437,0,1,3,1.280406,1.112518,1.112518,-0.216923,-0.216772,14.744304,1649,0.014702,0.047097,14777,5882,3307,2047,1421,1083,784,602,5447,1,1,1,1
23.9000,1646,1,1,19020,0,36178,0.525748,1,3,26,258,114139,28.57220,0.01342,2.42477,0.02437,1,1,2,1.251167,1.000000,1.352291,-0.528794,-0.528658,14.431636,168,0.036632,0.004902,15012,6113,3327,2126,1390,1153,831,663,5562,1,1,1,1
22.3500,1647,1,1,18126,0,34702,0.522348,1,1,63,63,75314,27.49539,0.00505,2.41773,0.02784,1,0,3,1.354240,1.000000,1.155692,0.003049,0.003233,14.964142,2721,-0.000216,0.076526,14369,5829,3255,2005,1461,1031,851,611,5289,1,1,1,1
22.4000,1647,1,1,18219,1,34960,0.521153,22,4,129,129,449741,27.52990,0.00505,2.41773,0.02784,0,0,3,1.278124,1.236310,1.236310,-0.014223,-0.014074,14.945030,2637,0.000942,0.074258,14504,6007,3267,2090,1345,1037,782,641,5286,1,1,1,1
23.0000,1647,1,1,18110,0,34890,0.519075,1,2,52,304,22081,27.94613,0.00505,2.41773,0.02784,1,1,2,1.385820,1.000000,1.544159,-0.222395,-0.222197,14.738414,1648,0.015076,0.047059,14297,5786,3329,2154,1438,1001,781,645,5458,1,1,1,1
23.9000,1647,1,1,18866,0,36159,0.521766,2,12,147,302,23554,28.56983,0.00505,2.41773,0.02784,1,1,2,1.361465,1.000000,5.270313,-0.534636,-0.534449,14.426100,166,0.037047,0.004843,15005,6094,3342,2182,1481,1078,810,632,5534,1,1,1,1
22.3500,1648,1,1,18145,1,34661,0.523514,10,12,12,24,64930,27.51461,0.00547,2.42476,0.02308,0,1,3,8.220041,6.340551,6.340551,0.012493,0.013771,14.972067,2725,-0.000920,0.076551,14272,5835,3249,2064,1494,996,798,652,5300,1,1,1,1
22.4000,1648,1,1,18209,1,34838,0.522691,4,5,869,869,188155,27.54952,0.00547,2.42476,0.02308,0,1,3,2.395545,2.145443,2.145443,-0.004628,-0.004098,14.955592,2644,0.000274,0.074358,14490,5972,3142,2051,1413,1066,740,609,5354,1,1,1,1
23.0000,1648,1,1,18417,1,35555,0.518001,1,7,182,182,51993,27.96549,0.00547,2.42476,0.02308,0,0,3,2.674439,2.046709,2.046709,-0.212603,-0.212006,14.748420,1653,0.014375,0.047141,14870,5983,3250,2058,1491,1054,836,641,5371,1,1,1,1
23.9000,1648,1,1,18987,1,36529,0.519793,1,10,382,382,37577,28.58924,0.00547,2.42476,0.02308,0,1,3,6.557130,5.157267,5.157267,-0.524760,-0.523619,14.436075,170,0.036272,0.004953,15201,6212,3495,2147,1455,1091,788,681,5458,1,1,1,1
22.3500,1649,1,1,18266,0,34938,0.522827,1,2,83,99,66564,27.50382,0.01104,2.42512,0.02126,1,0,2,1.391064,1.000000,1.494021,0.010066,0.010266,14.971118,2722,-0.000686,0.076426,14646,5833,3134,2062,1439,1068,811,630,5314,1,1,1,1
22.4000,1649,1,1,18250,0,34800,0.524440,39,5,39,39,239783,27.53828,0.01104,2.42512,0.02126,1,1,2,1.269962,1.000000,1.675818,-0.007205,-0.007060,14.953932,2640,0.000472,0.074208,14239,6076,3205,2119,1395,1062,771,628,5304,1,1,1,1
23.0000,1649,1,1,18722,0,35685,0.524661,1,1,10,250,58106,27.95442,0.01104,2.42512,0.02126,1,0,3,1.414093,1.000000,1.040048,-0.215115,-0.214905,14.745837,1650,0.014574,0.047035,14901,6105,3314,2049,1449,1061,858,629,5318,1,1,1,1
23.9000,1649,1,1,18988,0,36453,0.520904,1,2,5,51,204570,28.57822,0.01104,2.42512,0.02126,1,1,2,1.411903,1.000000,1.579849,-0.527166,-0.526957,14.433758,166,0.036509,0.004834,15286,6197,3364,2092,1486,1054,785,682,5506,1,1,1,1
22.3500,1650,1,1,18296,0,35020,0.522459,1,7,39,82,434758,27.49536,0.00588,2.40527,0.02744,1,1,3,1.121413,1.000000,1.176805,0.003479,0.003549,14.963413,2724,-0.000237,0.076475,14580,5938,3299,2139,1429,1013,802,585,5234,1,1,1,1
22.4000,1650,1,1,18381,1,35128,0.523273,3,3,62,150,64461,27.53022,0.00588,2.40527,0.02744,0,1,3,2.171288,1.654017,1.654017,-0.014075,-0.013605,14.947350,2641,0.000910,0.074224,14610,5986,3325,2014,1442,1063,818,593,5276,1,1,1,1
23.0000,1650,1,1,18586,0,35538,0.523004,3,4,17,81,51914,27.94611,0.00588,2.40527,0.02744,1,1,2,1.412988,1.000000,2.451130,-0.222139,-0.221929,14.738846,1652,0.015057,0.047086,14631,6137,3329,2088,1461,1061,805,658,5367,1,1,1,1
23.9000,1650,1,1,18886,0,36260,0.520864,8,7,19,30,422949,28.56995,0.00588,2.40527,0.02744,1,1,2,1.257302,1.000000,2.193139,-0.534018,-0.533879,14.426433,166,0.037007,0.004834,15182,6007,3318,2126,1510,1054,803,663,5596,1,1,1,1
22.3500,1651,1,1,18142,0,34872,0.520260,1,2,6,457,1103788,27.50015,0.00832,2.40799,0.02391,1,1,3,1.248485,1.000000,1.115057,0.007277,0.007411,14.967703,2726,-0.000495,0.076463,14354,6012,3318,2005,1386,1092,775,615,5314,1,1,1,1
22.4000,1651,1,1,18285,1,35060,0.521549,2,1,18,91,45418,27.53500,0.00832,2.40799,0.02391,0,1,3,1.514561,1.071523,1.071523,-0.010162,-0.009911,14.950860,2644,0.000663,0.074246,14646,5895,3240,2089,1398,1102,792,678,5219,1,1,1,1
23.0000,1651,1,1,18577,1,35623,0.521504,1,14,36,454,41984,27.95106,0.00832,2.40799,0.02391,0,1,3,8.057638,6.694512,6.694512,-0.218750,-0.217486,14.743628,1652,0.014751,0.047042,14829,6115,3264,2145,1425,1024,784,605,5431,1,1,1,1
23.9000,1651,1,1,19034,0,36373,0.523315,1,9,20,119,20212,28.57451,0.00832,2.40799,0.02391,1,0,2,1.169320,1.000000,1.843606,-0.530086,-0.529991,14.431074,167,0.036726,0.004858,15087,6212,3321,2082,1508,1084,858,629,5591,1,1,1,1
22.3500,1652,1,1,18236,0,34833,0.523542,7,15,115,115,34030,27.50952,0.00587,2.43424,0.02111,1,1,2,1.186251,1.000000,3.230388,0.010111,0.010215,14.971269,2727,-0.000682,0.076426,14405,5850,3215,2175,1448,1086,768,590,5295,1,1,1,1
22.4000,1652,1,1,18216,0,34764,0.524005,1,38,41,41,636936,27.54393,0.00587,2.43424,0.02111,1,1,2,1.304686,1.000000,13.709274,-0.007532,-0.007371,14.953053,2645,0.000493,0.074218,14250,6014,3198,2122,1379,1057,762,635,5346,1,1,1,1
23.0000,1652,1,1,18607,1,35695,0.521292,1,10,10,68,31538,27.96015,0.00587,2.43424,0.02111,0,1,3,2.742507,2.201259,2.201259,-0.215089,-0.214478,14.746534,1653,0.014544,0.047033,14870,6111,3313,2085,1473,1042,798,647,5355,1,1,1,1
23.9000,1652,1,1,18956,0,36356,0.521414,1,4,129,129,107911,28.58365,0.00587,2.43424,0.02111,1,0,3,1.230984,1.000000,1.224064,-0.526658,-0.526532,14.434491,168,0.036477,0.004883,15141,6151,3331,2165,1488,1109,859,653,5458,1,1,1,1
22.3500,1653,1,1,18181,1,34722,0.523631,1,2,188,188,167708,27.50043,0.00629,2.42589,0.02236,0,1,3,1.661918,1.399986,1.399986,0.006183,0.006490,14.967581,2733,-0.000434,0.076567,14396,5778,3238,2038,1447,1025,828,628,5343,1,1,1,1
22.4000,1653,1,1,18337,1,35175,0.521323,1,2,16,26,272394,27.53523,0.00629,2.42589,0.02236,0,0,3,1.600527,1.131743,1.131743,-0.011135,-0.010851,14.949902,2642,0.000726,0.074105,14655,6057,3213,2099,1457,1047,763,613,5270,1,1,1,1
23.0000,1653,1,1,18575,1,35482,0.523520,2,7,30,30,517497,27.95120,0.00629,2.42589,0.02236,0,1,3,1.473581,1.378505,1.378505,-0.219212,-0.218977,14.742153,1651,0.014854,0.046961,14679,5992,3328,2098,1460,1100,770,642,5412,1,1,1,1
23.9000,1653,1,1,19093,1,36459,0.523699,1,2,13,45,41827,28.57474,0.00629,2.42589,0.02236,0,1,3,1.872704,1.327605,1.327605,-0.530954,-0.530574,14.430220,164,0.036768,0.004766,15132,6205,3319,2248,1470,1048,797,677,5562,1,1,1,1
