k,n,ok,brk,idx,parity,len,irat,pqat,pqnext,pqw5,pqw20,pqmax,logh11,logh22,logmz,logg0,incone,redst,jhi,rho,rho2,skew,loglam1,logcone,logq,v2qp,dinf,d2,q1,q2,q3,q4,q5,q6,q7,q8,q9,cY,cX,cIdx,intq
22.3500,3883,1,1,42865,1,82043,0.522476,1,7,82,333,97540,27.49752,0.00385,2.41852,0.01236,0,1,3,4.536308,3.743566,3.743566,0.004138,0.004528,14.965948,6412,-0.000303,0.076480,34111,13829,7651,4872,3363,2352,1870,1422,12572,1,1,1,1
22.4000,3883,1,1,42933,1,82172,0.522484,1,4,12,133,487751,27.53215,0.00385,2.41852,0.01236,0,0,3,2.273533,1.751815,1.751815,-0.013079,-0.012868,14.948242,6217,0.000861,0.074242,33936,14080,7728,4766,3390,2481,1860,1448,12482,1,1,1,1
23.0000,3883,1,1,43518,0,83259,0.522689,1,220,220,966,502486,27.94808,0.00385,2.41852,0.01236,1,1,2,1.007553,1.000000,1.734809,-0.221036,-0.221034,14.739141,3887,0.014996,0.047076,34604,13936,7803,4870,3434,2472,1880,1463,12796,1,1,1,1
23.9000,3883,1,1,44434,0,85618,0.518986,1,116,116,116,52679,28.57178,0.00385,2.41852,0.01236,1,1,2,1.048714,1.000000,5.829039,-0.533050,-0.533037,14.427613,394,0.036946,0.004875,35556,14602,7901,5064,3448,2553,1920,1541,13032,1,1,1,1
22.3500,3884,1,1,42603,1,81820,0.520698,1,228,228,228,190252,27.49139,0.00571,2.41560,0.01347,0,1,3,5.783055,5.105430,5.082249,0.002028,0.002480,14.963381,6413,-0.000166,0.076485,33809,14002,7492,4608,3500,2511,1925,1425,12547,1,1,1,1
22.4000,3884,1,1,42744,0,82069,0.520836,1,10,14,80,164308,27.52601,0.00571,2.41560,0.01347,1,1,3,1.086672,1.000000,1.019555,-0.015075,-0.015053,14.945742,6219,0.001007,0.074259,34013,14042,7594,4802,3389,2490,1794,1440,12504,1,1,1,1
23.0000,3884,1,1,43925,1,83763,0.524402,2,31,124,124,130084,27.94201,0.00571,2.41560,0.01347,0,1,3,14.227271,12.571309,12.571309,-0.223397,-0.222714,14.738712,3891,0.015111,0.047114,34802,14435,7751,4824,3382,2409,1887,1498,12774,1,1,1,1
23.9000,3884,1,1,44838,0,85785,0.522685,1,852,852,852,76657,28.56574,0.00571,2.41560,0.01347,1,1,2,1.225238,1.000000,213.839034,-0.535625,-0.535573,14.425800,393,0.037126,0.004862,35830,14464,7861,5023,3502,2547,1928,1585,13044,1,1,1,1
22.3500,3885,1,1,42664,0,81881,0.521055,4,3,4,28,98583,27.49127,0.00421,2.41232,0.01194,1,1,2,1.335401,1.000000,1.629201,0.001427,0.001501,14.962834,6411,-0.000100,0.076445,33793,13941,7816,4802,3276,2451,1827,1470,12504,1,1,1,1
22.4000,3885,1,1,42975,1,81892,0.524783,5,19,19,106,139467,27.52606,0.00421,2.41232,0.01194,0,1,3,1.817280,1.400594,1.400594,-0.015949,-0.015795,14.945554,6216,0.001057,0.074205,33925,13834,7602,4905,3234,2449,1914,1451,12577,1,1,1,1
23.0000,3885,1,1,43647,1,83744,0.521202,2,1,7,55,118901,27.94195,0.00421,2.41232,0.01194,0,1,3,1.414279,1.007520,1.007520,-0.223856,-0.223767,14.737518,3886,0.015184,0.047045,34917,14082,7800,4886,3461,2505,1900,1462,12730,1,1,1,1
23.9000,3885,1,1,44851,1,85829,0.522568,1,5,159,236,79199,28.56569,0.00421,2.41232,0.01194,0,1,3,4.265062,3.070378,3.070378,-0.535872,-0.535498,14.425479,390,0.037122,0.004824,35558,14671,7982,5131,3518,2531,1930,1556,12951,1,1,1,1
22.3500,3886,1,1,42724,0,81870,0.521858,1,8,513,513,98174,27.49534,0.00403,2.41350,0.01025,1,1,2,1.413985,1.000000,4.853359,0.003113,0.003202,14.964463,6414,-0.000214,0.076452,33948,13962,7512,4684,3378,2432,1844,1486,12623,1,1,1,1
22.4000,3886,1,1,43086,0,82464,0.522489,3,29,101,101,216823,27.52995,0.00403,2.41350,0.01025,1,1,2,1.167000,1.000000,5.485588,-0.014205,-0.014165,14.946794,6220,0.000948,0.074228,34574,13886,7569,4910,3230,2438,1777,1563,12516,1,1,1,1
23.0000,3886,1,1,43696,0,83536,0.523086,2,12,69,248,65763,27.94591,0.00403,2.41350,0.01025,1,1,2,1.251465,1.000000,3.730597,-0.222134,-0.222077,14.738987,3888,0.015067,0.047052,34621,14229,7662,5069,3382,2440,1887,1482,12763,1,1,1,1
23.9000,3886,1,1,44802,0,86131,0.520167,1917,2,1917,1917,51771,28.56967,0.00403,2.41350,0.01025,1,1,3,1.404247,1.000000,1.120514,-0.533854,-0.533767,14.427456,391,0.036997,0.004834,35835,14667,8103,5104,3453,2541,1940,1477,13010,1,1,1,1
22.3500,3887,1,1,42951,1,82392,0.521307,2,7,7,384,91774,27.49701,0.00403,2.41182,0.01060,0,1,3,4.260407,3.484393,3.484393,0.004051,0.004424,14.965232,6414,-0.000296,0.076429,34206,13964,7703,4858,3361,2517,1857,1429,12496,1,1,1,1
22.4000,3887,1,1,43102,0,82420,0.522962,2,3,10,52,117943,27.53161,0.00403,2.41182,0.01060,1,1,2,1.341428,1.000000,1.526936,-0.013134,-0.013059,14.948093,6220,0.000874,0.074202,34218,13940,7814,4859,3330,2475,1931,1407,12445,1,1,1,1
23.0000,3887,1,1,43673,1,83936,0.520319,1,28,28,47,593443,27.94764,0.00403,2.41182,0.01060,0,1,3,1.622898,1.311818,1.311818,-0.221133,-0.221008,14.740361,3887,0.014993,0.047024,34806,14268,7709,5007,3527,2494,1964,1546,12614,1,1,1,1
23.9000,3887,1,1,44649,1,85636,0.521387,1,16,18,34,185012,28.57142,0.00403,2.41182,0.01060,0,1,3,11.178316,8.644018,8.644018,-0.533268,-0.532647,14.428040,389,0.036917,0.004808,35443,14563,8028,5107,3530,2494,1915,1530,13025,1,1,1,1
22.3500,3888,1,1,43070,0,82291,0.523393,1,2,36,4021,40430,27.49772,0.00597,2.42183,0.00997,1,1,3,1.273839,1.000000,1.002135,0.005602,0.005665,14.966752,6420,-0.000378,0.076473,34138,14160,7609,4798,3328,2406,1896,1467,12488,1,1,1,1
22.4000,3888,1,1,43282,0,82352,0.525580,1,4,8,22,1556201,27.53249,0.00597,2.42183,0.00997,1,1,2,1.409360,1.000000,2.847048,-0.011912,-0.011824,14.949410,6225,0.000791,0.074236,34418,13808,7590,4953,3351,2414,1781,1477,12559,1,1,1,1
23.0000,3888,1,1,43678,0,83941,0.520348,1,4,9,211,38862,27.94841,0.00597,2.42183,0.00997,1,1,2,1.414141,1.000000,2.823081,-0.219875,-0.219786,14.741473,3892,0.014909,0.047069,34925,14300,7791,4920,3460,2491,1859,1465,12729,1,1,1,1
23.9000,3888,1,1,44744,0,85685,0.522198,1,6,18,35,98543,28.57221,0.00597,2.42183,0.00997,1,1,2,1.185063,1.000000,1.384881,-0.531681,-0.531637,14.429348,393,0.036844,0.004856,35351,14585,8085,5106,3430,2568,1972,1515,13072,1,1,1,1
22.3500,3889,1,1,42949,1,82184,0.522602,1,1,128,128,224679,27.49942,0.00597,2.42434,0.01047,0,0,3,1.436859,1.111491,1.111491,0.006325,0.006419,14.967524,6417,-0.000429,0.076413,34227,13789,7573,4921,3472,2387,1916,1445,12453,1,1,1,1
22.4000,3889,1,1,42902,0,81916,0.523738,51,6,51,77,216951,27.53400,0.00597,2.42434,0.01047,1,1,2,1.413097,1.000000,3.474600,-0.011115,-0.011026,14.950240,6225,0.000738,0.074213,33953,13902,7526,4844,3312,2438,1924,1448,12568,1,1,1,1
23.0000,3889,1,1,43780,0,83958,0.521457,1,12,122,122,82698,27.94999,0.00597,2.42434,0.01047,1,1,2,1.104240,1.000000,1.548905,-0.219006,-0.218981,14.742426,3897,0.014854,0.047114,34953,14197,7859,4900,3443,2493,1849,1583,12680,1,1,1,1
23.9000,3889,1,1,44761,1,85645,0.522640,1,9,21,121,1621774,28.57381,0.00597,2.42434,0.01047,0,1,3,4.760489,3.939590,3.939590,-0.531036,-0.530635,14.430351,389,0.036772,0.004805,35538,14627,8026,5071,3438,2479,1981,1415,13069,1,1,1,1
22.3500,3890,1,1,42847,1,82173,0.521431,1,5,23,112,151597,27.50070,0.00438,2.42353,0.01280,0,1,3,4.019761,3.084284,3.084284,0.006096,0.006454,14.967853,6419,-0.000431,0.076416,33870,14073,7532,4916,3429,2527,1864,1451,12510,1,1,1,1
22.4000,3890,1,1,42927,1,82381,0.521085,1,53,53,106,321775,27.53544,0.00438,2.42353,0.01280,0,1,3,10.961985,10.442151,10.442151,-0.011434,-0.010819,14.950606,6227,0.000724,0.074216,34217,14156,7582,4863,3356,2343,1884,1524,12455,1,1,1,1
23.0000,3890,1,1,43828,0,83772,0.523188,1,6,44,312,133815,27.95133,0.00438,2.42353,0.01280,1,1,2,1.145256,1.000000,1.270335,-0.219102,-0.219067,14.741858,3890,0.014860,0.047019,34914,14194,7662,4920,3453,2517,1927,1439,12745,1,1,1,1
23.9000,3890,1,1,44672,0,85776,0.520804,2,111,111,203,564251,28.57516,0.00438,2.42353,0.01280,1,0,2,1.069512,1.000000,8.061900,-0.531261,-0.531244,14.430172,389,0.036815,0.004803,35383,14639,8043,5060,3474,2620,2037,1588,12931,1,1,1,1
22.3500,3891,1,1,42875,1,82077,0.522382,9,2,12,13204,286959,27.49999,0.00420,2.41967,0.01053,0,1,3,1.785656,1.315755,1.315755,0.005826,0.005975,14.966615,6421,-0.000399,0.076426,34139,13929,7482,4793,3361,2445,1868,1475,12584,1,1,1,1
22.4000,3891,1,1,42936,0,82286,0.521796,2,10,77,77,46488,27.53473,0.00420,2.41967,0.01053,1,0,3,1.089400,1.000000,1.136587,-0.011516,-0.011494,14.949917,6226,0.000769,0.074188,34109,13965,7641,4867,3339,2434,1865,1454,12611,1,1,1,1
23.0000,3891,1,1,43458,0,83556,0.520113,4,32,79,79,51049,27.95069,0.00420,2.41967,0.01053,1,1,2,1.031445,1.000000,1.045745,-0.219492,-0.219484,14.741057,3892,0.014889,0.047034,34554,14150,7715,4947,3504,2508,1921,1536,12720,1,1,1,1
23.9000,3891,1,1,45019,1,86049,0.523185,1,206,206,206,224023,28.57436,0.00420,2.41967,0.01053,0,1,3,102.037426,88.718508,88.718508,-0.531900,-0.530712,14.430723,390,0.036777,0.004814,35982,14649,7795,5053,3469,2635,1937,1529,12999,1,1,1,1
22.3500,3892,1,1,42716,0,82068,0.520502,1,11,33,38,272807,27.49645,0.00438,2.41759,0.01092,1,0,2,1.220982,1.000000,2.849825,0.003927,0.003978,14.965353,6422,-0.000266,0.076425,33845,13985,7736,4894,3372,2376,1879,1504,12476,1,1,1,1
22.4000,3892,1,1,43272,0,82837,0.522382,4,5,5,71,65838,27.53100,0.00438,2.41759,0.01092,1,0,2,1.277372,1.000000,1.884971,-0.013292,-0.013229,14.948127,6228,0.000885,0.074202,34673,13927,7716,4811,3356,2527,1886,1504,12436,1,1,1,1
23.0000,3892,1,1,43570,0,83716,0.520456,1,3,18,170,426115,27.94703,0.00438,2.41759,0.01092,1,1,2,1.356214,1.000000,1.895087,-0.221311,-0.221233,14.739933,3892,0.015009,0.047025,34806,14086,7840,4921,3413,2503,1918,1519,12709,1,1,1,1
23.9000,3892,1,1,44587,1,85631,0.520694,5,12,12,20,1765099,28.57072,0.00438,2.41759,0.01092,0,1,3,2.538448,2.060174,2.060174,-0.533166,-0.532927,14.428444,392,0.036936,0.004839,35509,14488,7954,5151,3488,2505,1994,1504,13037,1,1,1,1
22.3500,3893,1,1,42617,1,81628,0.522094,3,14,40,727,121211,27.49569,0.00632,2.42443,0.01176,0,1,3,4.814387,4.197149,4.197149,0.004530,0.004933,14.966331,6420,-0.000330,0.076377,33614,13815,7646,4841,3335,2410,1919,1427,12620,1,1,1,1
22.4000,3893,1,1,43269,1,82510,0.524416,11,13,25,25,109299,27.53041,0.00632,2.42443,0.01176,0,1,3,8.409203,6.482448,6.482448,-0.012887,-0.012340,14.947857,6226,0.000826,0.074160,34441,13983,7540,4909,3470,2390,1862,1447,12467,1,1,1,1
23.0000,3893,1,1,43703,1,83657,0.522413,1,4,144,144,125787,27.94633,0.00632,2.42443,0.01176,0,0,3,1.964133,1.463007,1.463007,-0.220656,-0.220483,14.740670,3889,0.014957,0.046974,34699,14277,7812,4943,3356,2549,1884,1488,12648,1,1,1,1
23.9000,3893,1,1,44802,0,85596,0.523418,3,9,6016,6016,133261,28.57004,0.00632,2.42443,0.01176,1,0,2,1.179086,1.000000,1.813999,-0.532539,-0.532496,14.428891,387,0.036905,0.004776,35503,14497,8065,5070,3448,2468,1958,1487,13099,1,1,1,1
22.3500,3894,1,1,42875,1,82397,0.520353,1,4,16,85,811423,27.49735,0.00402,2.41347,0.00924,0,1,3,2.659831,2.036215,2.036215,0.004370,0.004621,14.965967,6428,-0.000309,0.076454,34278,13955,7805,4840,3248,2476,1906,1436,12452,1,1,1,1
22.4000,3894,1,1,43073,1,82600,0.521471,1,8,9,174,157314,27.53207,0.00402,2.41347,0.00924,0,0,3,2.996755,2.477702,2.477702,-0.013011,-0.012729,14.948289,6233,0.000852,0.074222,34450,14088,7471,4865,3296,2579,1883,1543,12424,1,1,1,1
23.0000,3894,1,1,43637,1,83715,0.521263,3,3,11,408,77906,27.94806,0.00402,2.41347,0.00924,0,1,3,2.008108,1.604831,1.604831,-0.220952,-0.220773,14.740082,3896,0.014978,0.047049,34622,14326,7853,4878,3391,2514,1860,1505,12765,1,1,1,1
23.9000,3894,1,1,45070,0,86247,0.522575,24,3,25,25,120212,28.57179,0.00402,2.41347,0.00924,1,1,2,1.389454,1.000000,1.511796,-0.532807,-0.532722,14.428480,392,0.036922,0.004836,35918,14626,8176,5092,3430,2612,1856,1529,13007,1,1,1,1
22.3500,3895,1,1,43192,0,82508,0.523495,38,2,38,38,385063,27.49403,0.00618,2.40815,0.01261,1,1,3,1.413953,1.000000,1.445431,0.003719,0.003808,14.965059,6428,-0.000254,0.076439,34465,13815,7616,4895,3345,2509,1841,1502,12519,1,1,1,1
22.4000,3895,1,1,42843,1,82355,0.520230,2,3,1882,1882,116645,27.52873,0.00618,2.40815,0.01261,0,1,3,2.042535,1.661083,1.661083,-0.013652,-0.013469,14.947904,6232,0.000901,0.074193,34122,13990,7659,4791,3328,2497,1932,1503,12532,1,1,1,1
23.0000,3895,1,1,43686,0,83796,0.521344,5,112,112,112,103090,27.94462,0.00618,2.40815,0.01261,1,1,2,1.412786,1.000000,56.227018,-0.222052,-0.221963,14.739282,3898,0.015059,0.047063,34933,14026,7796,4986,3431,2536,1891,1492,12704,1,1,1,1
23.9000,3895,1,1,44683,1,85864,0.520399,2,40,40,123,140331,28.56836,0.00618,2.40815,0.01261,0,1,3,7.842610,7.431873,7.431873,-0.533664,-0.533135,14.428288,390,0.036951,0.004810,35726,14471,8007,5009,3573,2509,1956,1590,13022,1,1,1,1
22.3500,3896,1,1,42811,1,81945,0.522442,1,7,11,23,126441,27.50157,0.00420,2.42483,0.00906,0,1,3,1.865603,1.498098,1.498098,0.006554,0.006714,14.968081,6431,-0.000449,0.076440,33668,14100,7662,4848,3417,2471,1798,1421,12559,1,1,1,1
22.4000,3896,1,1,43134,0,82530,0.522653,1,5,6,32,119825,27.53627,0.00420,2.42483,0.00906,1,1,2,1.402548,1.000000,3.051173,-0.010883,-0.010796,14.950492,6236,0.000722,0.074209,34334,13993,7684,4872,3333,2398,1876,1476,12563,1,1,1,1
23.0000,3896,1,1,43600,0,83668,0.521113,1,4,30,30,1611408,27.95222,0.00420,2.42483,0.00906,1,1,2,1.412213,1.000000,2.543724,-0.218840,-0.218752,14.742518,3898,0.014838,0.047041,34919,14174,7733,4809,3505,2453,1839,1454,12781,1,1,1,1
23.9000,3896,1,1,44597,1,85676,0.520537,1,1,38,115,418204,28.57599,0.00420,2.42483,0.00906,0,0,3,1.492457,1.061853,1.061853,-0.530609,-0.530507,14.430720,392,0.036762,0.004833,35640,14537,7904,5017,3406,2485,2011,1547,13128,1,1,1,1
22.3500,3897,1,1,43301,1,82415,0.525408,3,4,139,139,71860,27.49539,0.00620,2.41291,0.01009,0,1,3,3.070603,2.218100,2.218100,0.004476,0.004764,14.966190,6429,-0.000318,0.076406,34033,14081,7767,4887,3409,2408,1899,1473,12457,1,1,1,1
22.4000,3897,1,1,42878,0,82366,0.520585,1,4,17,17,186027,27.53007,0.00620,2.41291,0.01009,1,1,2,1.355096,1.000000,2.402336,-0.012873,-0.012795,14.948529,6235,0.000856,0.074188,33781,14139,7906,4878,3316,2518,1906,1482,12439,1,1,1,1
23.0000,3897,1,1,43950,0,84013,0.523140,1,3,6,499,65006,27.94610,0.00620,2.41291,0.01009,1,1,2,1.407501,1.000000,1.970868,-0.220865,-0.220778,14.740503,3895,0.014978,0.046999,34965,14438,7695,4986,3451,2363,1881,1508,12725,1,1,1,1
23.9000,3897,1,1,44623,1,85722,0.520561,12,5,12,21,152471,28.56988,0.00620,2.41291,0.01009,0,1,3,1.951374,1.859894,1.859894,-0.532744,-0.532572,14.428034,389,0.036912,0.004796,35601,14489,8008,5046,3438,2514,1926,1540,13159,1,1,1,1
22.3500,3898,1,1,43010,0,82485,0.521434,2,59,59,182,45637,27.49475,0.00437,2.41004,0.00959,1,1,2,1.043261,1.000000,2.655866,0.003105,0.003116,14.963740,6434,-0.000208,0.076458,34011,14295,7733,4926,3259,2375,1884,1502,12499,1,1,1,1
22.4000,3898,1,1,43084,0,82503,0.522218,1,4,38,81,463461,27.52943,0.00437,2.41004,0.00959,1,1,2,1.356270,1.000000,2.317835,-0.014214,-0.014136,14.947032,6236,0.000946,0.074188,34281,13937,7629,4956,3369,2445,1849,1495,12541,1,1,1,1
23.0000,3898,1,1,43836,0,83870,0.522672,6,25,25,165,398600,27.94535,0.00437,2.41004,0.00959,1,1,2,1.407025,1.000000,12.658050,-0.222395,-0.222308,14.738922,3897,0.015083,0.047016,34723,14318,7934,4878,3460,2525,1857,1478,12696,1,1,1,1
23.9000,3898,1,1,44527,1,85853,0.518648,1,2,16,44,270819,28.56915,0.00437,2.41004,0.00959,0,1,3,2.202576,1.683255,1.683255,-0.534030,-0.533827,14.427283,388,0.037001,0.004782,35585,14640,8122,4939,3457,2582,1972,1498,13057,1,1,1,1
22.3500,3899,1,1,43209,1,82898,0.521237,5,2,118,118,6539955,27.49030,0.00402,2.40625,0.01126,0,1,3,1.650149,1.177706,1.036663,0.000888,0.001017,14.962236,6434,-0.000068,0.076446,34498,14251,7650,4950,3349,2478,1891,1480,12350,1,1,1,1
22.4000,3899,1,1,43187,1,82638,0.522611,1,9,20,63,52655,27.52496,0.00402,2.40625,0.01126,0,1,3,2.309833,1.690064,1.623075,-0.016506,-0.016291,14.944887,6239,0.001090,0.074215,34308,13991,7807,4773,3344,2424,1905,1503,12582,1,1,1,1
23.0000,3899,1,1,44050,0,84301,0.522539,1,3,15,37,268399,27.94096,0.00402,2.40625,0.01126,1,0,3,1.205243,1.000000,1.036354,-0.224445,-0.224397,14.736983,3901,0.015227,0.047059,35186,14230,7785,5008,3451,2479,1913,1487,12761,1,1,1,1
23.9000,3899,1,1,45238,0,86326,0.524043,77,7,77,77,47949,28.56477,0.00402,2.40625,0.01126,1,1,2,1.277630,1.000000,2.306072,-0.536458,-0.536395,14.424697,390,0.037186,0.004807,35956,14736,7898,5107,3509,2593,1993,1563,12970,1,1,1,1
22.3500,3900,1,1,43174,0,82501,0.523321,2,71,284,284,2177237,27.49179,0.00419,2.40604,0.01178,1,0,2,1.099961,1.000000,7.508135,0.001350,0.001374,14.962783,6435,-0.000092,0.076436,34293,13985,7715,4927,3297,2410,1879,1489,12505,1,1,1,1
22.4000,3900,1,1,43077,1,82753,0.520555,2,2,168,168,94008,27.52645,0.00419,2.40604,0.01178,0,0,3,1.595759,1.290942,1.290942,-0.015752,-0.015632,14.945417,6245,0.001046,0.074265,34453,14092,7615,4901,3368,2435,1909,1476,12503,1,1,1,1
23.0000,3900,1,1,43977,1,84020,0.523417,1,4,39,146,81246,27.94234,0.00419,2.40604,0.01178,0,1,3,2.782004,2.167436,2.167436,-0.223764,-0.223501,14.737853,3900,0.015165,0.047032,34994,14148,7890,4986,3402,2544,1896,1465,12694,1,1,1,1
23.9000,3900,1,1,44703,1,86030,0.519627,1,2,16,86,145445,28.56617,0.00419,2.40604,0.01178,0,1,3,1.606862,1.302424,1.302424,-0.535612,-0.535491,14.425921,390,0.037120,0.004805,35677,14466,8160,5095,3538,2536,1985,1558,13014,1,1,1,1
22.3500,3901,1,1,43221,1,82526,0.523732,2,2,9,33,56224,27.48834,0.00437,2.41050,0.01191,0,0,3,1.697282,1.371380,1.371380,-0.000000,0.000135,14.961186,6433,-0.000009,0.076401,34211,14149,7743,4813,3292,2541,1916,1460,12400,1,1,1,1
22.4000,3901,1,1,43016,0,82581,0.520901,4,3,36,36,35868,27.52299,0.00437,2.41050,0.01191,1,1,2,1.347863,1.000000,1.594657,-0.017347,-0.017271,14.944057,6238,0.001156,0.074170,34338,13865,7734,4733,3395,2520,1900,1520,12575,1,1,1,1
23.0000,3901,1,1,43488,0,83504,0.520796,2,11,11,76,735295,27.93895,0.00437,2.41050,0.01191,1,1,2,1.301641,1.000000,4.105301,-0.225453,-0.225385,14.735963,3897,0.015295,0.046990,34471,14222,7717,4847,3471,2531,1921,1478,12845,1,1,1,1
23.9000,3901,1,1,44759,1,85733,0.522080,1,22,22,22,163090,28.56262,0.00437,2.41050,0.01191,0,0,3,2.660558,2.150636,2.150636,-0.537205,-0.536954,14.424097,387,0.037226,0.004767,35416,14566,7925,5175,3534,2600,1930,1501,13085,1,1,1,1
22.3500,3902,1,1,43119,1,82482,0.522775,1,4,5,54,59350,27.48526,0.00585,2.42205,0.01037,0,0,3,2.518727,2.038866,2.038866,-0.000795,-0.000558,14.960491,6437,0.000037,0.076432,34173,14175,7756,4684,3333,2478,1864,1467,12551,1,1,1,1
22.4000,3902,1,1,43381,1,82745,0.524280,1,5,986,986,216857,27.51990,0.00585,2.42205,0.01037,0,1,3,2.034636,1.439509,1.227847,-0.018050,-0.017868,14.943381,6245,0.001196,0.074237,34363,14140,7722,4814,3335,2512,1900,1466,12492,1,1,1,1
23.0000,3902,1,1,43674,0,83765,0.521393,1,3,19,75,353762,27.93593,0.00585,2.42205,0.01037,1,0,2,1.371672,1.000000,2.101596,-0.226133,-0.226052,14.735262,3902,0.015341,0.047040,34878,14289,7662,5019,3325,2417,1870,1430,12874,1,1,1,1
23.9000,3902,1,1,44624,0,85812,0.520027,1,2,24,79,136958,28.55962,0.00585,2.42205,0.01037,1,1,3,1.364341,1.000000,1.300987,-0.537911,-0.537831,14.423345,389,0.037289,0.004791,35688,14442,8048,4978,3504,2500,1974,1514,13163,1,1,1,1
22.3500,3903,1,1,42871,1,82440,0.520033,109,3,109,109,152045,27.48791,0.00419,2.41497,0.01158,0,0,3,1.025708,1.016986,1.016986,-0.000325,-0.000318,14.959896,6436,0.000021,0.076404,34212,13981,7673,4936,3224,2560,1886,1453,12514,1,1,1,1
22.4000,3903,1,1,43143,1,82682,0.521801,1,130,130,130,128758,27.52254,0.00419,2.41497,0.01158,0,1,3,65.739524,56.773523,56.773523,-0.018160,-0.017088,14.943179,6241,0.001143,0.074172,34312,13908,7724,5043,3428,2513,1910,1519,12324,1,1,1,1
23.0000,3903,1,1,43406,0,83390,0.520524,1,6,10,20,45210,27.93846,0.00419,2.41497,0.01158,1,1,2,1.342014,1.000000,3.060993,-0.225747,-0.225672,14.735659,3899,0.015315,0.046991,34525,14094,7751,4929,3361,2504,1874,1468,12883,1,1,1,1
23.9000,3903,1,1,45076,0,86163,0.523154,5,3,45,45,33051321,28.56217,0.00419,2.41497,0.01158,1,1,3,1.223416,1.000000,1.012164,-0.537451,-0.537400,14.423636,387,0.037258,0.004765,35887,14527,7943,5049,3657,2571,1906,1542,13080,1,1,1,1
22.3500,3904,1,1,43404,0,83070,0.522505,3,1,4,48,352295,27.48605,0.00437,2.41167,0.01012,1,0,3,1.403650,1.000000,1.080406,-0.001101,-0.001014,14.960273,6446,0.000068,0.076501,34769,14263,7618,4849,3377,2489,1732,1483,12489,1,1,1,1
22.4000,3904,1,1,43132,0,82627,0.522015,1,2,80,220,39975,27.52067,0.00437,2.41167,0.01012,1,1,3,1.393886,1.000000,1.249984,-0.018443,-0.018358,14.942851,6252,0.001229,0.074285,34267,13942,7763,4878,3376,2454,1888,1516,12542,1,1,1,1
23.0000,3904,1,1,43507,1,83633,0.520220,1,1,84,438,226497,27.93667,0.00437,2.41167,0.01012,0,1,3,1.383125,1.174286,1.174286,-0.226423,-0.226340,14.735048,3908,0.015361,0.047089,34631,14135,7706,4954,3522,2416,1968,1469,12831,1,1,1,1
23.9000,3904,1,1,44729,1,85893,0.520759,8,2,18,714,310630,28.56039,0.00437,2.41167,0.01012,0,1,3,1.506111,1.159615,1.159615,-0.538294,-0.538189,14.423221,396,0.037314,0.004875,35495,14597,8104,5076,3476,2587,1975,1502,13080,1,1,1,1
22.3500,3905,1,1,43183,1,82526,0.523272,2,2,148,1704,135757,27.48332,0.00454,2.41141,0.00954,0,1,3,1.184699,1.124684,1.124684,-0.002326,-0.002282,14.959152,6444,0.000153,0.076463,34561,13867,7590,4849,3360,2411,1827,1500,12560,1,1,1,1
22.4000,3905,1,1,43126,0,82932,0.520023,1,3,26,26,287562,27.51811,0.00454,2.41141,0.00954,1,1,2,1.413308,1.000000,1.958267,-0.019802,-0.019713,14.941553,6248,0.001319,0.074225,34551,14244,7744,4808,3338,2407,1894,1456,12489,1,1,1,1
23.0000,3905,1,1,43771,1,83748,0.522658,13,18,18,24,38035,27.93400,0.00454,2.41141,0.00954,0,1,3,5.121684,4.886526,4.886526,-0.227863,-0.227445,14.732898,3906,0.015438,0.047060,34706,14150,7753,4968,3375,2482,1934,1620,12759,1,1,1,1
23.9000,3905,1,1,44920,0,86425,0.519763,4,33,33,404,153866,28.55774,0.00454,2.41141,0.00954,1,1,2,1.276872,1.000000,10.548023,-0.539834,-0.539771,14.421586,391,0.037428,0.004812,35948,14722,7982,5080,3383,2686,1984,1551,13088,1,1,1,1
22.3500,3906,1,1,42921,1,82396,0.520918,1,2,77,77,121140,27.48334,0.00454,2.40922,0.01171,0,1,3,2.220896,1.609205,1.609205,-0.002486,-0.002282,14.959095,6445,0.000153,0.076456,34160,14052,7617,4693,3374,2449,1872,1471,12707,1,1,1,1
22.4000,3906,1,1,43147,1,82405,0.523603,13,2,13,58,54011,27.51795,0.00454,2.40922,0.01171,0,1,3,1.518065,1.260109,1.260109,-0.019747,-0.019640,14.941741,6250,0.001314,0.074229,33893,14010,7696,4916,3433,2463,1952,1542,12499,1,1,1,1
23.0000,3906,1,1,43897,1,83824,0.523687,1,3,36,36,865429,27.93391,0.00454,2.40922,0.01171,0,1,3,2.173238,1.834050,1.834050,-0.227782,-0.227583,14.733813,3906,0.015446,0.047045,34674,14177,7754,4996,3462,2506,1937,1524,12793,1,1,1,1
23.9000,3906,1,1,44854,0,86236,0.520137,1,22,22,52,205633,28.55767,0.00454,2.40922,0.01171,1,1,2,1.316136,1.000000,8.394709,-0.539860,-0.539790,14.421340,392,0.037430,0.004824,36000,14583,7920,5073,3549,2509,1923,1530,13148,1,1,1,1
22.3500,3907,1,1,43007,1,82420,0.521809,1,3,51,51,248086,27.47603,0.00436,2.40074,0.01607,0,0,3,2.185591,1.562862,1.562862,-0.006162,-0.005961,14.955255,6447,0.000399,0.076480,34116,14020,7679,4861,3383,2457,1876,1493,12534,1,1,1,1
22.4000,3907,1,1,43280,0,82885,0.522176,2,9,16,53,63739,27.51062,0.00436,2.40074,0.01607,1,1,3,1.093377,1.000000,1.064085,-0.023406,-0.023383,14.937436,6252,0.001565,0.074255,34330,14245,7721,4956,3371,2382,1933,1478,12468,1,1,1,1
23.0000,3907,1,1,43849,1,83896,0.522665,1,29,91,1274,595277,27.92665,0.00436,2.40074,0.01607,0,0,3,3.568475,2.983760,2.983760,-0.231562,-0.231237,14.729766,3909,0.015699,0.047082,34834,14086,7784,4962,3471,2532,1956,1518,12752,1,1,1,1
23.9000,3907,1,1,44969,1,86333,0.520884,7,5,207,330,400481,28.55043,0.00436,2.40074,0.01607,0,1,3,1.832200,1.298856,1.016264,-0.543313,-0.543158,14.418081,391,0.037672,0.004811,36003,14542,8005,5040,3577,2561,1964,1525,13115,1,1,1,1
22.3500,3908,1,1,43169,1,83013,0.520033,1,5,5,45,47239,27.48440,0.00454,2.40813,0.00953,0,1,3,4.298047,3.131137,3.131137,-0.001917,-0.001544,14.959359,6449,0.000103,0.076463,34625,14177,7702,4826,3391,2430,1887,1501,12473,1,1,1,1
22.4000,3908,1,1,43064,0,82529,0.521811,3,2,31,75,236153,27.51917,0.00454,2.40813,0.00953,1,1,2,1.413143,1.000000,1.623618,-0.019214,-0.019125,14.942142,6254,0.001280,0.074236,34181,14144,7704,4832,3261,2367,1835,1470,12734,1,1,1,1
23.0000,3908,1,1,43769,1,83784,0.522409,1,3,63,658,41410,27.93509,0.00454,2.40813,0.00953,0,0,3,1.447609,1.030318,1.030318,-0.227108,-0.227014,14.734213,3911,0.015407,0.047079,34829,14167,7763,4772,3480,2468,1995,1488,12821,1,1,1,1
23.9000,3908,1,1,44989,1,86056,0.522794,1,34,34,54,92944,28.55889,0.00454,2.40813,0.00953,0,1,3,1.301328,1.190044,1.190044,-0.539035,-0.538968,14.422443,391,0.037370,0.004808,35711,14642,8012,5047,3481,2575,1986,1537,13064,1,1,1,1
22.3500,3909,1,1,43478,0,82861,0.524716,10,5,18,40,112964,27.48074,0.00471,2.40135,0.01006,1,0,2,1.233185,1.000000,1.404511,-0.003670,-0.003616,14.957756,6446,0.000242,0.076416,34427,14052,7824,4884,3408,2457,1905,1439,12464,1,1,1,1
22.4000,3909,1,1,43192,0,82666,0.522494,1,2,15,54,161494,27.51532,0.00471,2.40135,0.01006,1,0,2,1.407151,1.000000,1.540924,-0.020967,-0.020880,14.940402,6254,0.001398,0.074226,34156,14178,7714,4831,3434,2446,1855,1486,12565,1,1,1,1
23.0000,3909,1,1,44008,0,84085,0.523381,13,349,349,349,1426253,27.93131,0.00471,2.40135,0.01006,1,1,2,1.112613,1.000000,41.602837,-0.229392,-0.229365,14.731500,3905,0.015570,0.047004,34818,14241,7897,4994,3459,2506,1861,1548,12760,1,1,1,1
23.9000,3909,1,1,45008,0,86174,0.522298,1,1,69,69,132687,28.55513,0.00471,2.40135,0.01006,1,1,3,1.403565,1.000000,1.006808,-0.540810,-0.540723,14.420501,387,0.037497,0.004759,35619,14756,8024,5090,3577,2533,1974,1591,13009,1,1,1,1
22.3500,3910,1,1,43128,0,82635,0.521916,1,1,19,253,53703,27.48347,0.00436,2.39865,0.00970,1,1,3,1.368843,1.000000,1.109841,-0.002394,-0.002314,14.958868,6452,0.000155,0.076462,34291,14135,7656,4820,3385,2422,1907,1443,12575,1,1,1,1
22.4000,3910,1,1,43079,1,82676,0.521064,1,3,69,69,356583,27.51822,0.00436,2.39865,0.00970,0,0,3,1.985646,1.451062,1.451062,-0.019801,-0.019625,14.941556,6257,0.001313,0.074237,34215,14127,7585,4937,3408,2484,1847,1504,12568,1,1,1,1
23.0000,3910,1,1,44098,0,84231,0.523543,1,1,21,127,910308,27.93410,0.00436,2.39865,0.00970,1,1,3,1.407731,1.000000,1.025347,-0.227688,-0.227600,14.733632,3910,0.015448,0.047045,34953,14484,7739,4913,3437,2474,1865,1462,12903,1,1,1,1
23.9000,3910,1,1,45000,0,86541,0.519991,1,6817,6817,6817,508922,28.55794,0.00436,2.39865,0.00970,1,1,2,1.000535,1.000000,3.666054,-0.539780,-0.539779,14.421656,391,0.037428,0.004806,36043,14629,8119,5122,3429,2607,1989,1518,13084,1,1,1,1
22.3500,3911,1,1,43057,1,82536,0.521682,1,1,30,30,29758,27.47622,0.00436,2.39286,0.01382,0,0,3,1.643992,1.273600,1.273600,-0.005967,-0.005839,14.955532,6452,0.000390,0.076459,34019,14135,7773,4909,3272,2426,1853,1534,12614,1,1,1,1
22.4000,3911,1,1,42982,0,82587,0.520451,3,35,90,90,1588130,27.51096,0.00436,2.39286,0.01382,1,1,2,1.196973,1.000000,7.802654,-0.023574,-0.023528,14.937855,6256,0.001575,0.074224,34238,13912,7769,4856,3335,2522,1788,1521,12645,1,1,1,1
23.0000,3911,1,1,44007,1,84364,0.521639,21,24,24,24,212035,27.92692,0.00436,2.39286,0.01382,0,1,3,5.382562,5.223667,5.223667,-0.231503,-0.231072,14.729139,3909,0.015688,0.047036,35036,14330,7780,4973,3492,2555,1901,1511,12785,1,1,1,1
23.9000,3911,1,1,44833,1,86274,0.519664,1,75,75,75,146148,28.55059,0.00436,2.39286,0.01382,0,1,3,18.251634,17.073612,17.073612,-0.543491,-0.542748,14.417926,390,0.037644,0.004794,35662,14689,8061,5164,3547,2589,1999,1470,13092,1,1,1,1
22.3500,3912,1,1,43118,0,82637,0.521782,11,7,11,492,561035,27.47588,0.00453,2.40158,0.01103,1,0,2,1.226284,1.000000,1.992282,-0.006227,-0.006175,14.955199,6455,0.000413,0.076477,34243,14049,7798,4766,3304,2495,1897,1440,12644,1,1,1,1
22.4000,3912,1,1,43448,0,83262,0.521829,2,4,17,34,111252,27.51043,0.00453,2.40158,0.01103,1,1,2,1.339972,1.000000,1.946009,-0.023499,-0.023425,14.937728,6260,0.001568,0.074253,34729,14243,7719,4939,3431,2379,1932,1428,12461,1,1,1,1
23.0000,3912,1,1,43792,0,83865,0.522179,4,45,47,53,1822715,27.92646,0.00453,2.40158,0.01103,1,1,2,1.039983,1.000000,1.864734,-0.231512,-0.231502,14.729106,3912,0.015717,0.047060,34718,14340,7712,4778,3400,2511,2004,1531,12870,1,1,1,1
23.9000,3912,1,1,44876,0,86267,0.520205,1,1,31,101,306207,28.55015,0.00453,2.40158,0.01103,1,1,3,1.386677,1.000000,1.186892,-0.543300,-0.543217,14.417985,393,0.037676,0.004830,35934,14682,7998,5067,3483,2476,1950,1521,13155,1,1,1,1
22.3500,3913,1,1,43206,0,82781,0.521938,1,23,35,39,116887,27.47639,0.00471,2.40372,0.01236,1,1,2,1.369174,1.000000,10.479999,-0.006035,-0.005955,14.955227,6453,0.000398,0.076434,34091,14411,7741,4960,3349,2421,1875,1430,12502,1,1,1,1
22.4000,3913,1,1,43219,1,82774,0.522139,8,7,8,173,159654,27.51111,0.00471,2.40372,0.01236,0,1,3,3.762274,3.061339,3.061339,-0.023236,-0.022898,14.938476,6257,0.001533,0.074195,34512,13951,7669,4807,3373,2432,1797,1470,12762,1,1,1,1
23.0000,3913,1,1,43692,0,83868,0.520968,1,1,34,581,142107,27.92703,0.00471,2.40372,0.01236,1,0,3,1.413677,1.000000,1.207176,-0.231071,-0.230983,14.730268,3910,0.015681,0.047020,34810,14062,7798,4942,3383,2497,1965,1535,12875,1,1,1,1
23.9000,3913,1,1,44976,0,86091,0.522430,7,3,263,263,60351,28.55074,0.00471,2.40372,0.01236,1,1,2,1.414132,1.000000,1.646793,-0.542969,-0.542881,14.418375,389,0.037652,0.004779,35788,14617,7982,5062,3371,2625,1929,1516,13200,1,1,1,1
22.3500,3914,1,1,43016,0,82405,0.522013,1,2,86,86,652115,27.47493,0.00646,2.40614,0.00894,1,0,2,1.377593,1.000000,1.706248,-0.005594,-0.005512,14.955800,6455,0.000369,0.076435,34104,13861,7803,4873,3378,2403,1857,1448,12677,1,1,1,1
22.4000,3914,1,1,43305,1,82967,0.521961,3,7,29,76,153634,27.50964,0.00646,2.40614,0.00894,0,1,3,2.977024,2.343871,2.343871,-0.022990,-0.022711,14.938649,6259,0.001520,0.074199,34484,14012,7781,4821,3397,2466,1907,1466,12632,1,1,1,1
23.0000,3914,1,1,43897,1,84045,0.522310,13,7,13,289,51358,27.92564,0.00646,2.40614,0.00894,0,1,3,3.415967,3.079580,3.079580,-0.231021,-0.230707,14.729721,3910,0.015663,0.047010,34871,14141,7661,5059,3475,2507,1942,1603,12785,1,1,1,1
23.9000,3914,1,1,45188,0,86541,0.522163,2,1,11,126,3652109,28.54936,0.00646,2.40614,0.00894,1,1,3,1.407627,1.000000,1.078370,-0.542749,-0.542662,14.418571,389,0.037636,0.004778,36053,14682,8057,5225,3500,2614,1857,1540,13012,1,1,1,1
22.3500,3915,1,1,43366,0,82973,0.522658,1,4,10,64,187240,27.47198,0.00665,2.39629,0.00876,1,1,2,1.307608,1.000000,1.758370,-0.007095,-0.007026,14.954097,6460,0.000470,0.076483,34626,14024,7864,4863,3336,2473,1890,1485,12411,1,1,1,1
22.4000,3915,1,1,42939,1,82484,0.520580,49,7,89,89,191170,27.50668,0.00665,2.39629,0.00876,0,1,3,4.920153,3.651688,3.651688,-0.024542,-0.024135,14.937288,6264,0.001616,0.074246,34081,13931,7850,4895,3357,2460,1837,1496,12576,1,1,1,1
23.0000,3915,1,1,43881,1,84234,0.520948,1,1,6,821,115346,27.92257,0.00665,2.39629,0.00876,0,0,3,1.200155,1.010369,1.010369,-0.232310,-0.232263,14.729145,3915,0.015769,0.047060,35001,14366,7726,4985,3430,2477,1926,1561,12761,1,1,1,1
23.9000,3915,1,1,44963,1,86184,0.521715,1,3,73,73,171458,28.54631,0.00665,2.39629,0.00876,0,1,3,2.930667,2.141964,2.141964,-0.544290,-0.544015,14.417365,392,0.037733,0.004814,35701,14773,7912,5098,3596,2566,1910,1539,13088,1,1,1,1
22.3500,3916,1,1,43212,0,83024,0.520482,1,2,10,27,248218,27.46785,0.00614,2.39489,0.01026,1,1,3,1.383139,1.000000,1.405524,-0.009316,-0.009233,14.951964,6465,0.000618,0.076534,34488,14119,7764,4957,3378,2496,1865,1457,12499,1,1,1,1
22.4000,3916,1,1,43413,1,83236,0.521571,1,10,90,689,41832,27.50254,0.00614,2.39489,0.01026,0,1,3,5.441387,4.492725,4.492725,-0.026818,-0.026385,14.934575,6266,0.001767,0.074264,34763,14027,7785,4886,3328,2498,1916,1489,12543,1,1,1,1
23.0000,3916,1,1,43989,1,84490,0.520648,4,22,22,443,608206,27.91850,0.00614,2.39489,0.01026,0,1,3,6.740636,6.236160,6.236160,-0.234839,-0.234352,14.727070,3916,0.015913,0.047066,35007,14493,7849,5066,3473,2511,1862,1507,12721,1,1,1,1
23.9000,3916,1,1,44656,0,86252,0.517745,1,15,15,49,4126188,28.54226,0.00614,2.39489,0.01026,1,1,2,1.402408,1.000000,7.825630,-0.546749,-0.546663,14.414560,392,0.037924,0.004814,35626,14674,8008,5126,3653,2569,2031,1562,13002,1,1,1,1
22.3500,3917,1,1,43194,0,82700,0.522304,1,3,7,7,109457,27.47214,0.00453,2.40086,0.00960,1,0,2,1.335185,1.000000,1.480371,-0.007929,-0.007855,14.953480,6460,0.000525,0.076447,34262,14124,7707,4736,3421,2483,1893,1486,12587,1,1,1,1
22.4000,3917,1,1,43364,0,83073,0.522005,1,14,14,73,101631,27.50683,0.00453,2.40086,0.00960,1,1,2,1.333400,1.000000,5.956332,-0.025449,-0.025376,14.935960,6264,0.001699,0.074215,34476,14242,7702,4866,3329,2465,1836,1503,12653,1,1,1,1
23.0000,3917,1,1,43842,0,84388,0.519535,3,6,6,82,179877,27.92286,0.00453,2.40086,0.00960,1,0,2,1.272988,1.000000,2.211098,-0.233335,-0.233273,14.728087,3914,0.015839,0.047027,35076,14414,7971,4898,3427,2391,1915,1489,12806,1,1,1,1
23.9000,3917,1,1,44897,1,86126,0.521300,11,5,11,425,247552,28.54664,0.00453,2.40086,0.00960,0,1,3,2.590802,2.189853,2.189853,-0.545224,-0.544981,14.416412,389,0.037803,0.004775,35371,14857,8154,5089,3514,2500,1993,1488,13159,1,1,1,1
22.3500,3918,1,1,43070,0,82669,0.521000,4,10,14,75,614430,27.46955,0.00435,2.40022,0.00942,1,1,2,1.292535,1.000000,3.768849,-0.009546,-0.009481,14.951628,6466,0.000634,0.076508,34232,14104,7630,4932,3277,2476,1897,1477,12643,1,1,1,1
22.4000,3918,1,1,43360,0,82907,0.523002,1,1,16,41,116036,27.50423,0.00435,2.40022,0.00942,1,0,3,1.340885,1.000000,1.044351,-0.026720,-0.026645,14.934688,6267,0.001784,0.074238,34453,14065,7640,4882,3440,2482,1905,1454,12585,1,1,1,1
23.0000,3918,1,1,44035,1,84553,0.520804,1,14,14,28,496897,27.92015,0.00435,2.40022,0.00942,0,1,3,7.779226,6.547329,6.547329,-0.234917,-0.234393,14.726451,3919,0.015916,0.047080,35100,14396,8015,4981,3346,2499,1976,1544,12695,1,1,1,1
23.9000,3918,1,1,45170,0,86649,0.521305,1,5,7,39,243445,28.54395,0.00435,2.40022,0.00942,1,1,2,1.359144,1.000000,2.768621,-0.546705,-0.546626,14.414546,390,0.037922,0.004787,36340,14694,7931,5065,3502,2512,1993,1443,13168,1,1,1,1
22.3500,3919,1,1,43160,0,82790,0.521325,1,2,10,309,279679,27.46955,0.00579,2.39935,0.01000,1,0,3,1.403920,1.000000,1.397839,-0.008635,-0.008549,14.952740,6466,0.000572,0.076483,34385,13974,7882,4864,3399,2436,1889,1472,12488,1,1,1,1
22.4000,3919,1,1,43205,1,82747,0.522140,1,19,19,60,6362136,27.50422,0.00579,2.39935,0.01000,0,1,3,11.170447,9.122995,9.122995,-0.026212,-0.025597,14.935021,6267,0.001714,0.074217,34423,13898,7703,4802,3401,2431,1906,1481,12701,1,1,1,1
23.0000,3919,1,1,44020,0,84493,0.520996,1,6,14,101,234334,27.92021,0.00579,2.39935,0.01000,1,1,2,1.178778,1.000000,1.569599,-0.233979,-0.233937,14.727044,3915,0.015885,0.047018,35275,14467,7821,4924,3367,2476,1860,1470,12832,1,1,1,1
23.9000,3919,1,1,45023,1,86362,0.521335,5,3,7,328,5524638,28.54403,0.00579,2.39935,0.01000,0,0,3,1.568095,1.400171,1.400171,-0.545873,-0.545758,14.415124,388,0.037860,0.004761,35861,14580,8145,5169,3419,2632,1920,1533,13102,1,1,1,1
22.3500,3920,1,1,43222,0,82667,0.522851,4,13,13,31,404045,27.46661,0.00606,2.40098,0.00973,1,1,2,1.405756,1.000000,6.681359,-0.010289,-0.010202,14.951027,6468,0.000682,0.076496,34307,14070,7716,4797,3235,2477,1962,1500,12602,1,1,1,1
22.4000,3920,1,1,43231,1,82865,0.521710,11,6,11,88,200573,27.50126,0.00606,2.40098,0.00973,0,0,3,1.365110,1.283911,1.283911,-0.027406,-0.027327,14.933397,6272,0.001830,0.074265,34400,14096,7736,4840,3317,2536,1873,1497,12569,1,1,1,1
23.0000,3920,1,1,43715,1,83841,0.521410,1,2,8,23,44816,27.91715,0.00606,2.40098,0.00973,0,1,3,2.085623,1.634916,1.634916,-0.235377,-0.235189,14.726170,3920,0.015971,0.047069,34539,14361,7844,4840,3328,2510,1919,1545,12954,1,1,1,1
23.9000,3920,1,1,44855,1,86225,0.520215,2,38,38,559,36526,28.54098,0.00606,2.40098,0.00973,0,1,3,9.043313,8.547189,8.547189,-0.547510,-0.546948,14.413667,392,0.037946,0.004809,35744,14792,7839,5067,3502,2451,1974,1541,13314,1,1,1,1
22.3500,3921,1,1,43008,0,82907,0.518756,1,3,17,29,126531,27.46432,0.00470,2.39997,0.01025,1,1,2,1.397969,1.000000,1.967086,-0.011895,-0.011810,14.949486,6466,0.000790,0.076461,34212,14306,7725,4896,3335,2547,1864,1505,12516,1,1,1,1
22.4000,3921,1,1,43160,0,82637,0.522291,4,18,18,73,433492,27.49897,0.00470,2.39997,0.01025,1,1,2,1.404435,1.000000,9.060734,-0.029414,-0.029327,14.931900,6271,0.001964,0.074242,34235,14019,7712,4771,3365,2511,1949,1529,12545,1,1,1,1
23.0000,3921,1,1,43980,0,84081,0.523073,3,3,91,91,246896,27.91493,0.00470,2.39997,0.01025,1,0,3,1.262693,1.000000,1.130443,-0.237128,-0.237068,14.724295,3918,0.016100,0.047039,34889,14547,7702,4771,3462,2457,1859,1439,12954,1,1,1,1
23.9000,3921,1,1,44805,1,86319,0.519069,1,13,13,1781,145128,28.53860,0.00470,2.39997,0.01025,0,0,3,4.014867,3.488752,3.488752,-0.549108,-0.548754,14.412186,389,0.038076,0.004771,35820,14572,8064,5075,3519,2521,2008,1589,13150,1,1,1,1
22.3500,3922,1,1,43052,0,82659,0.520845,1,443,443,443,74291,27.46680,0.00557,2.40879,0.00892,1,0,2,1.029537,1.000000,13.309047,-0.010401,-0.010394,14.951035,6468,0.000695,0.076457,34146,14129,7731,4939,3404,2405,1841,1426,12637,1,1,1,1
22.4000,3922,1,1,43629,1,83176,0.524545,2,2,29,47,115005,27.50144,0.00557,2.40879,0.00892,0,1,3,1.716305,1.275248,1.275248,-0.027422,-0.027284,14.934046,6272,0.001827,0.074224,34610,14165,7690,4893,3385,2440,1906,1471,12615,1,1,1,1
23.0000,3922,1,1,43789,1,84049,0.521000,1,5,5,167,168495,27.91747,0.00557,2.40879,0.00892,0,1,3,3.516266,2.803376,2.803376,-0.235536,-0.235216,14.726159,3920,0.015973,0.047045,34765,14123,7857,5072,3459,2522,1877,1527,12846,1,1,1,1
23.9000,3922,1,1,44946,0,86607,0.518971,1,3,18,150,4080716,28.54116,0.00557,2.40879,0.00892,1,1,3,1.107316,1.000000,1.058144,-0.547253,-0.547227,14.413421,389,0.037966,0.004770,35988,14780,7957,5231,3473,2509,2006,1535,13127,1,1,1,1
22.3500,3923,1,1,43220,0,82609,0.523194,2,2,10,72,162928,27.46394,0.00777,2.41322,0.01177,1,0,3,1.338219,1.000000,1.323373,-0.010550,-0.010476,14.950859,6469,0.000701,0.076450,33969,14298,7769,4832,3373,2447,1852,1528,12540,1,1,1,1
22.4000,3923,1,1,43242,0,82826,0.522089,4,20,20,53,51530,27.49857,0.00777,2.41322,0.01177,1,0,2,1.099209,1.000000,2.148659,-0.027930,-0.027906,14.933505,6273,0.001869,0.074220,34328,14069,7676,4897,3368,2457,1844,1493,12693,1,1,1,1
23.0000,3923,1,1,43932,0,84007,0.522963,1,2,46,93,65352,27.91450,0.00777,2.41322,0.01177,1,1,3,1.357162,1.000000,1.244992,-0.235813,-0.235735,14.725436,3919,0.016009,0.047023,34849,14102,7785,4939,3435,2470,1865,1541,13020,1,1,1,1
23.9000,3923,1,1,45081,1,86285,0.522472,1,1,70,79,4904084,28.53821,0.00777,2.41322,0.01177,0,0,3,1.558594,1.239991,1.239991,-0.547666,-0.547553,14.413820,389,0.037988,0.004768,35788,14726,8021,5126,3401,2536,1968,1515,13203,1,1,1,1
22.3500,3924,1,1,43416,0,82826,0.524190,1,1,240,240,635878,27.46819,0.00691,2.41295,0.01040,1,1,3,1.414110,1.000000,1.374577,-0.008794,-0.008706,14.952556,6471,0.000582,0.076446,34359,14005,7811,4954,3369,2448,1861,1467,12551,1,1,1,1
22.4000,3924,1,1,43410,0,83113,0.522307,1,4,119,119,9659122,27.50281,0.00691,2.41295,0.01040,1,1,2,1.269011,1.000000,1.611627,-0.026130,-0.026070,14.935017,6275,0.001746,0.074217,34438,14166,7803,4862,3367,2466,1885,1502,12623,1,1,1,1
23.0000,3924,1,1,44013,1,84209,0.522670,1,2,64,64,36040,27.91880,0.00691,2.41295,0.01040,0,1,3,2.068680,1.546659,1.546659,-0.234122,-0.233937,14.727498,3920,0.015884,0.047017,34738,14482,7776,5034,3422,2483,1953,1490,12830,1,1,1,1
23.9000,3924,1,1,45085,1,86473,0.521383,202,19,202,202,289545,28.54253,0.00691,2.41295,0.01040,0,1,3,7.681485,7.045866,7.045866,-0.546183,-0.545664,14.413877,403,0.037857,0.004939,35996,14672,7958,5024,3583,2620,1960,1512,13147,1,1,1,1
22.3500,3925,1,1,43355,1,82787,0.523700,1,7,7,144,171658,27.46713,0.00769,2.40903,0.01269,0,1,3,5.959513,4.275565,4.275565,-0.009023,-0.008569,14.952841,6469,0.000573,0.076401,34451,13983,7679,4725,3411,2452,1867,1500,12718,1,1,1,1
22.4000,3925,1,1,43512,0,83256,0.522635,5,823,823,823,56198,27.50192,0.00769,2.40903,0.01269,1,1,2,1.055864,1.000000,47.320916,-0.026725,-0.026711,14.934711,6272,0.001789,0.074164,34749,14155,7703,4791,3430,2475,1904,1520,12528,1,1,1,1
23.0000,3925,1,1,44067,1,84269,0.522939,51,41,51,51,73932,27.91780,0.00769,2.40903,0.01269,0,1,3,5.900167,5.827190,5.827190,-0.234402,-0.233950,14.726029,3917,0.015887,0.046974,35070,14214,7877,4878,3405,2435,1957,1501,12931,1,1,1,1
23.9000,3925,1,1,45120,0,86155,0.523713,2,4,6,147,1786432,28.54155,0.00769,2.40903,0.01269,1,1,2,1.316368,1.000000,1.908554,-0.546132,-0.546062,14.415070,386,0.037881,0.004729,35750,14496,7984,5056,3488,2579,1919,1600,13282,1,1,1,1
22.3500,3926,1,1,43146,0,82824,0.520942,2,2,9,75,41995,27.47110,0.00526,2.40625,0.00820,1,1,3,1.409851,1.000000,1.363264,-0.008217,-0.008129,14.953150,6485,0.000544,0.076569,34356,13946,7722,4905,3445,2445,1854,1522,12628,1,1,1,1
22.4000,3926,1,1,43323,1,83150,0.521029,1,7,18,390,168749,27.50571,0.00526,2.40625,0.00820,0,1,3,1.609700,1.158919,1.136443,-0.025488,-0.025367,14.935938,6288,0.001698,0.074328,34504,14093,7725,4926,3451,2540,1868,1456,12586,1,1,1,1
23.0000,3926,1,1,43835,1,84260,0.520241,1,9,12,137,44257,27.92167,0.00526,2.40625,0.00820,0,1,3,1.857345,1.353368,1.318009,-0.233490,-0.233333,14.727854,3932,0.015843,0.047136,34739,14356,7898,4972,3500,2592,1845,1587,12770,1,1,1,1
23.9000,3926,1,1,45131,1,86461,0.521987,66,8,66,127,66214,28.54543,0.00526,2.40625,0.00820,0,1,3,4.948278,3.903210,3.903210,-0.545517,-0.545110,14.416324,399,0.037812,0.004886,35982,14681,7945,4978,3595,2569,2033,1499,13178,1,1,1,1
22.3500,3927,1,1,43094,0,82747,0.520799,1,10,29,32,179595,27.47521,0.00577,2.41050,0.01072,1,0,2,1.155804,1.000000,1.861108,-0.005888,-0.005851,14.955544,6484,0.000391,0.076525,34444,14026,7583,4878,3345,2405,1854,1482,12729,1,1,1,1
22.4000,3927,1,1,43703,1,83581,0.522888,11,10,18,409,109424,27.50981,0.00577,2.41050,0.01072,0,1,3,5.779179,4.770703,4.770703,-0.023306,-0.022860,14.938563,6288,0.001530,0.074296,34884,14395,7720,4878,3347,2420,1887,1501,12548,1,1,1,1
23.0000,3927,1,1,44334,0,84944,0.521926,1,10,30,390,207506,27.92584,0.00577,2.41050,0.01072,1,1,2,1.385201,1.000000,5.105423,-0.231330,-0.231247,14.729954,3933,0.015699,0.047129,35477,14432,7937,4960,3365,2529,1993,1532,12718,1,1,1,1
23.9000,3927,1,1,45164,0,86730,0.520749,2,11,11,800,171922,28.54961,0.00577,2.41050,0.01072,1,1,2,1.311678,1.000000,4.262441,-0.543196,-0.543127,14.418001,397,0.037670,0.004860,35984,14680,8306,5119,3446,2589,1990,1621,12994,1,1,1,1
22.3500,3928,1,1,43337,1,82928,0.522592,2,23,25,25,179667,27.48701,0.00381,2.40988,0.00802,0,1,3,11.018397,9.643510,9.643510,-0.001119,-0.000508,14.960918,6488,0.000034,0.076526,34349,14165,7719,4859,3303,2437,1935,1526,12634,1,1,1,1
22.4000,3928,1,1,43547,1,83177,0.523552,3,8,8,1723,116969,27.52177,0.00381,2.40988,0.00802,0,0,3,1.567598,1.297180,1.297180,-0.018244,-0.018130,14.942892,6291,0.001213,0.074291,34527,13919,7840,4999,3394,2473,1874,1537,12613,1,1,1,1
23.0000,3928,1,1,43947,1,84625,0.519321,1,6,77,300,62864,27.93770,0.00381,2.40988,0.00802,0,1,3,4.795187,3.733581,3.733581,-0.226341,-0.225942,14.735040,3934,0.015334,0.047113,35297,14309,7821,4993,3387,2600,1976,1479,12762,1,1,1,1
23.9000,3928,1,1,45256,0,86759,0.521635,8,2,41,41,328075,28.56149,0.00381,2.40988,0.00802,1,1,3,1.413233,1.000000,1.176372,-0.538092,-0.538004,14.423246,399,0.037301,0.004882,35867,14971,8017,5227,3473,2553,1959,1545,13146,1,1,1,1
22.3500,3929,1,1,43601,1,83163,0.524290,1,1,20,109,103025,27.47901,0.00613,2.41103,0.01075,0,0,3,1.672340,1.218115,1.218115,-0.003803,-0.003673,14.957712,6485,0.000246,0.076487,34767,14168,7619,4887,3353,2463,1879,1461,12565,1,1,1,1
22.4000,3929,1,1,43555,1,83288,0.522951,2,2,137,137,77084,27.51359,0.00613,2.41103,0.01075,0,0,3,1.370733,1.023765,1.023765,-0.021073,-0.020993,14.940161,6289,0.001405,0.074263,34661,13972,7857,4900,3411,2492,1878,1505,12611,1,1,1,1
23.0000,3929,1,1,43975,1,84356,0.521309,1,2,42,42,203186,27.92958,0.00613,2.41103,0.01075,0,1,3,1.973195,1.449996,1.449996,-0.229111,-0.228938,14.732497,3938,0.015540,0.047157,34763,14430,7995,4997,3453,2514,1971,1446,12786,1,1,1,1
23.9000,3929,1,1,45441,1,86796,0.523544,2,8,12,29,86044,28.55340,0.00613,2.41103,0.01075,0,1,3,3.978275,3.498122,3.498122,-0.541133,-0.540782,14.420643,395,0.037501,0.004832,36238,14643,8009,5026,3547,2552,1953,1647,13180,1,1,1,1
22.3500,3930,1,1,43148,0,83345,0.517710,5,3,6,70,84574,27.47867,0.00556,2.40743,0.00855,1,0,3,1.276761,1.000000,1.120414,-0.004186,-0.004124,14.957235,6487,0.000276,0.076494,34823,14007,7815,4836,3447,2460,1880,1495,12581,1,1,1,1
22.4000,3930,1,1,43486,0,83227,0.522505,1,2,36,75,70215,27.51342,0.00556,2.40743,0.00855,1,1,2,1.391526,1.000000,1.611503,-0.021605,-0.021521,14.939688,6291,0.001441,0.074270,34610,14191,7693,4881,3297,2455,1888,1491,12720,1,1,1,1
23.0000,3930,1,1,44082,0,84848,0.519547,1,4,15,16,80230,27.92931,0.00556,2.40743,0.00855,1,1,3,1.208166,1.000000,1.198486,-0.229512,-0.229464,14.731557,3933,0.015576,0.047088,35389,14524,7873,4996,3402,2511,1875,1462,12815,1,1,1,1
23.9000,3930,1,1,45270,0,86618,0.522646,3,13,13,33,72456,28.55314,0.00556,2.40743,0.00855,1,1,2,1.153110,1.000000,2.309163,-0.541513,-0.541477,14.419468,399,0.037552,0.004880,35878,14878,7940,5257,3493,2538,2016,1496,13121,1,1,1,1
22.3500,3931,1,1,43250,0,82940,0.521468,4,6,27,27,117235,27.48022,0.00363,2.39917,0.01094,1,1,2,1.175089,1.000000,1.234919,-0.004332,-0.004291,14.956688,6494,0.000287,0.076560,34181,14264,7726,5006,3359,2472,1875,1487,12569,1,1,1,1
22.4000,3931,1,1,43224,0,82931,0.521211,1,20,20,374,131718,27.51496,0.00363,2.39917,0.01094,1,0,2,1.085859,1.000000,1.969616,-0.021756,-0.021735,14.939679,6294,0.001455,0.074286,34429,14098,7822,4743,3312,2517,1908,1464,12637,1,1,1,1
23.0000,3931,1,1,43821,1,84510,0.518536,7,6,7,31,129395,27.93092,0.00363,2.39917,0.01094,0,1,3,4.410595,3.348412,3.348412,-0.229806,-0.229429,14.731973,3935,0.015574,0.047098,35042,14350,7869,5017,3440,2439,1944,1546,12862,1,1,1,1
23.9000,3931,1,1,45449,1,86736,0.523998,2,3,18,25,105142,28.55459,0.00363,2.39917,0.01094,0,1,3,1.674460,1.200819,1.200819,-0.541505,-0.541374,14.419926,398,0.037543,0.004867,36227,14582,8063,5115,3494,2653,1908,1564,13129,1,1,1,1
22.3500,3932,1,1,43301,1,83069,0.521272,2,1,8,158,66279,27.47919,0.00381,2.40532,0.00886,0,0,3,1.267847,1.035758,1.035758,-0.004840,-0.004780,14.956261,6492,0.000320,0.076519,34675,14024,7849,4822,3332,2380,1820,1513,12653,1,1,1,1
22.4000,3932,1,1,43370,0,83280,0.520780,2,1,8,23,134070,27.51374,0.00381,2.40532,0.00886,1,1,3,1.407560,1.000000,1.194397,-0.022138,-0.022051,14.939233,6296,0.001476,0.074293,34466,14312,7773,4909,3365,2474,1843,1508,12629,1,1,1,1
23.0000,3932,1,1,43937,1,84321,0.521074,1,1,13,105,139509,27.92977,0.00381,2.40532,0.00886,0,0,3,1.407911,1.139248,1.139248,-0.230146,-0.230059,14.731331,3936,0.015617,0.047100,34913,14299,7852,4925,3445,2534,1939,1574,12839,1,1,1,1
23.9000,3932,1,1,45089,1,86638,0.520436,1,27,27,27,59584,28.55346,0.00381,2.40532,0.00886,0,1,3,3.174351,2.475811,2.415540,-0.542096,-0.541802,14.419299,400,0.037575,0.004890,35934,14768,7945,5103,3534,2544,2004,1639,13166,1,1,1,1
22.3500,3933,1,1,43336,0,82924,0.522605,33,4,33,106,45045,27.47382,0.00566,2.40704,0.01438,1,1,2,1.297827,1.000000,1.498174,-0.006591,-0.006525,14.954591,6490,0.000436,0.076484,34304,14077,7662,5012,3406,2480,1907,1472,12603,1,1,1,1
22.4000,3933,1,1,43304,0,82924,0.522219,2,3,23,86,247750,27.50854,0.00566,2.40704,0.01438,1,1,2,1.397927,1.000000,1.902287,-0.023984,-0.023899,14.937319,6293,0.001600,0.074248,34447,13869,7651,4941,3417,2508,1869,1460,12761,1,1,1,1
23.0000,3933,1,1,44191,1,84585,0.522451,7,3,25,2155,86234,27.92446,0.00566,2.40704,0.01438,0,1,3,1.901096,1.505285,1.505285,-0.231915,-0.231752,14.729613,3935,0.015734,0.047082,35074,14318,7901,4823,3531,2637,1890,1559,12851,1,1,1,1
23.9000,3933,1,1,45048,0,86413,0.521316,2,23,23,1711,90632,28.54817,0.00566,2.40704,0.01438,1,1,2,1.059830,1.000000,1.525339,-0.543770,-0.543755,14.416959,395,0.037716,0.004829,35900,14532,7994,5073,3558,2517,2024,1584,13230,1,1,1,1
22.3500,3934,1,1,43451,1,83331,0.521433,3,2,17,60,150520,27.48743,0.00380,2.41711,0.00975,0,1,3,1.954512,1.508145,1.508145,-0.000650,-0.000480,14.960884,6494,0.000032,0.076480,34692,14249,7725,4846,3523,2444,1876,1419,12556,1,1,1,1
22.4000,3934,1,1,43849,1,83577,0.524660,1,5,29,571,172687,27.52214,0.00380,2.41711,0.00975,0,1,3,4.540505,3.275928,3.275928,-0.018109,-0.017724,14.943689,6297,0.001186,0.074245,34635,14331,7843,4954,3400,2456,1960,1414,12583,1,1,1,1
23.0000,3934,1,1,44228,0,84745,0.521901,8,2,48,80,1128060,27.93814,0.00380,2.41711,0.00975,1,1,3,1.346041,1.000000,1.271554,-0.225983,-0.225907,14.735254,3936,0.015331,0.047064,35225,14432,7946,4993,3416,2444,1885,1507,12896,1,1,1,1
23.9000,3934,1,1,45208,0,86650,0.521737,1,3,11,329,108842,28.56186,0.00380,2.41711,0.00975,1,0,2,1.325519,1.000000,1.686954,-0.537886,-0.537814,14.423527,396,0.037287,0.004837,35839,14760,8204,5097,3555,2579,2015,1624,12976,1,1,1,1
22.3500,3935,1,1,43436,0,83207,0.522030,1,1,63,226,70916,27.48835,0.00380,2.41908,0.01101,1,1,3,1.384528,1.000000,1.140775,-0.000273,-0.000190,14.961011,6494,0.000013,0.076460,34694,14053,7683,4878,3396,2367,1920,1522,12693,1,1,1,1
22.4000,3935,1,1,43501,1,83151,0.523163,1,23,23,32,244278,27.52305,0.00380,2.41908,0.01101,0,1,3,11.521089,9.984379,9.984379,-0.017901,-0.017280,14.944145,6296,0.001156,0.074212,34572,14046,7715,4841,3404,2522,1880,1527,12643,1,1,1,1
23.0000,3935,1,1,43851,1,84490,0.519014,3,84,84,202,143780,27.93894,0.00380,2.41908,0.01101,0,1,3,59.693196,42.340194,42.340194,-0.226029,-0.224990,14.736446,3936,0.015268,0.047048,34861,14389,7779,5004,3508,2556,1957,1512,12923,1,1,1,1
23.9000,3935,1,1,45378,0,86875,0.522343,1,8,26,221,1164133,28.56269,0.00380,2.41908,0.01101,1,1,2,1.413131,1.000000,4.792873,-0.537624,-0.537536,14.423714,397,0.037268,0.004848,36006,14797,8107,5050,3633,2660,1976,1602,13043,1,1,1,1
22.3500,3936,1,1,43300,0,83045,0.521410,4,10326,10326,10326,414710,27.48825,0.00398,2.41611,0.00783,1,1,2,1.047907,1.000000,506.575685,-0.000953,-0.000941,14.960483,6501,0.000063,0.076525,34305,14094,7848,4826,3459,2418,1824,1625,12645,1,1,1,1
22.4000,3936,1,1,43323,1,82961,0.522216,12,7,20,60,103168,27.52294,0.00398,2.41611,0.00783,0,0,3,1.131667,1.052687,1.052687,-0.017515,-0.017483,14.943287,6306,0.001170,0.074315,34522,13824,7685,4989,3398,2469,1843,1452,12778,1,1,1,1
23.0000,3936,1,1,44303,1,85034,0.521009,1,2,16,210,49037,27.93890,0.00398,2.41611,0.00783,0,1,3,1.472985,1.062990,1.062990,-0.225492,-0.225393,14.735914,3943,0.015296,0.047122,35420,14621,7944,5042,3359,2474,1880,1427,12866,1,1,1,1
23.9000,3936,1,1,45197,1,86713,0.521231,1,33,33,33,30974,28.56266,0.00398,2.41611,0.00783,0,0,3,3.418596,2.869076,2.869076,-0.537502,-0.537189,14.423812,401,0.037243,0.004896,35924,14901,8044,5086,3569,2613,1930,1539,13106,1,1,1,1
22.3500,3937,1,1,43626,0,83298,0.523740,7,2,7,47,88384,27.48084,0.00671,2.41011,0.00939,1,1,3,1.371297,1.000000,1.274374,-0.002461,-0.002381,14.958937,6500,0.000159,0.076502,34494,14193,7780,4848,3390,2509,1916,1552,12615,1,1,1,1
22.4000,3937,1,1,43703,1,83835,0.521304,1,1,124,161,99336,27.51553,0.00671,2.41011,0.00939,0,1,3,1.519511,1.217776,1.217776,-0.019797,-0.019691,14.941679,6302,0.001318,0.074257,35299,14118,7814,4838,3391,2458,1916,1507,12493,1,1,1,1
23.0000,3937,1,1,44155,1,84467,0.522755,2,1,14,32383,291765,27.93156,0.00671,2.41011,0.00939,0,1,3,1.327837,1.052613,1.052613,-0.227788,-0.227716,14.733649,3939,0.015455,0.047069,35065,14169,7845,4945,3548,2503,1912,1499,12980,1,1,1,1
23.9000,3937,1,1,45022,0,86824,0.518549,1,43,3930,3930,47835,28.55534,0.00671,2.41011,0.00939,1,1,2,1.106860,1.000000,4.954339,-0.539886,-0.539861,14.420997,397,0.037436,0.004847,36046,14690,8099,5134,3487,2676,1937,1566,13188,1,1,1,1
22.3500,3938,1,1,43757,1,83669,0.522984,2,8,27,627,49737,27.48968,0.00620,2.41363,0.00835,0,1,3,1.912362,1.352250,1.068006,0.001608,0.001772,14.963032,6500,-0.000118,0.076462,34893,14138,7915,4870,3383,2438,1893,1539,12599,1,1,1,1
22.4000,3938,1,1,43204,0,82924,0.521013,1,36,121,121,164728,27.52436,0.00620,2.41363,0.00835,1,1,2,1.079221,1.000000,3.118649,-0.015866,-0.015847,14.944938,6303,0.001060,0.074234,34269,14152,7670,4808,3403,2461,1844,1556,12760,1,1,1,1
23.0000,3938,1,1,44257,1,84623,0.522996,1,6,33,287,200263,27.94028,0.00620,2.41363,0.00835,0,0,3,1.958419,1.502853,1.502853,-0.223734,-0.223564,14.737558,3940,0.015170,0.047057,34907,14454,7985,5038,3470,2538,1927,1489,12814,1,1,1,1
23.9000,3938,1,1,45148,0,86619,0.521231,70,95,95,837,65069,28.56408,0.00620,2.41363,0.00835,1,1,2,1.129363,1.000000,13.216751,-0.535911,-0.535880,14.425523,396,0.037148,0.004832,35941,14843,7845,5124,3538,2498,1970,1529,13330,1,1,1,1
22.3500,3939,1,1,43393,1,83144,0.521908,1,22,143,143,79872,27.49786,0.00397,2.42112,0.00952,0,1,3,8.134974,7.274247,7.274247,0.004401,0.004933,14.965738,6502,-0.000330,0.076452,34305,14255,7795,4931,3459,2473,1839,1461,12625,1,1,1,1
22.4000,3939,1,1,43308,0,83269,0.520104,1,11,18,18,18537475,27.53253,0.00397,2.42112,0.00952,1,1,2,1.344120,1.000000,4.737937,-0.012877,-0.012802,14.948530,6305,0.000856,0.074221,34667,14172,7820,4762,3326,2455,1898,1431,12737,1,1,1,1
23.0000,3939,1,1,44296,0,84852,0.522045,1,8,73,73,80032,27.94852,0.00397,2.42112,0.00952,1,1,2,1.252586,1.000000,2.695536,-0.220803,-0.220745,14.740327,3942,0.014976,0.047060,35241,14359,7887,5011,3464,2500,1986,1444,12959,1,1,1,1
23.9000,3939,1,1,45144,0,86560,0.521540,3,2,13,47,64843,28.57234,0.00397,2.42112,0.00952,1,1,3,1.298455,1.000000,1.062429,-0.532588,-0.532521,14.428596,399,0.036907,0.004866,35754,14571,8179,5259,3614,2579,1941,1461,13201,1,1,1,1
22.3500,3940,1,1,43518,0,83312,0.522356,1,205,205,205,718457,27.49075,0.00415,2.40609,0.01351,1,1,2,1.009247,1.000000,1.947192,0.000990,0.000992,14.962427,6505,-0.000066,0.076485,34660,14288,7696,4946,3247,2388,1936,1447,12703,1,1,1,1
22.4000,3940,1,1,43798,0,83941,0.521777,1,32,884,884,130165,27.52541,0.00415,2.40609,0.01351,1,1,2,1.081938,1.000000,2.871919,-0.016389,-0.016369,14.944424,6306,0.001095,0.074234,34887,14380,7819,5031,3374,2478,1905,1537,12529,1,1,1,1
23.0000,3940,1,1,44383,1,85016,0.522061,1,1,42,68,622755,27.94130,0.00415,2.40609,0.01351,0,1,3,1.614130,1.151794,1.151794,-0.224218,-0.224096,14.737197,3944,0.015206,0.047082,35339,14393,7929,4952,3525,2612,1909,1445,12911,1,1,1,1
23.9000,3940,1,1,45186,0,86897,0.520001,1,2,10,22,113283,28.56513,0.00415,2.40609,0.01351,1,0,3,1.367544,1.000000,1.213200,-0.536142,-0.536062,14.425258,396,0.037161,0.004829,36023,14942,8005,5110,3512,2546,1952,1599,13207,1,1,1,1
22.3500,3941,1,1,43672,0,83689,0.521843,20,10,20,966,115275,27.49210,0.00432,2.40366,0.00887,1,1,2,1.403605,1.000000,5.188794,0.001688,0.001775,14.963065,6504,-0.000119,0.076450,34711,14402,7812,4971,3341,2487,1949,1498,12517,1,1,1,1
22.4000,3941,1,1,43567,1,83513,0.521686,2,17,388,388,107806,27.52675,0.00432,2.40366,0.00887,0,1,3,1.652826,1.425453,1.425453,-0.015471,-0.015344,14.946052,6304,0.001027,0.074184,34584,14277,7853,4924,3367,2528,1872,1491,12616,1,1,1,1
23.0000,3941,1,1,44199,1,84817,0.521116,1,4,17,49,189383,27.94271,0.00432,2.40366,0.00887,0,1,3,3.172333,2.391967,2.391967,-0.223517,-0.223224,14.738208,3940,0.015146,0.047019,35350,14163,8016,4991,3336,2525,1901,1548,12986,1,1,1,1
23.9000,3941,1,1,45289,1,86571,0.523149,1,10,15,125,663562,28.56639,0.00432,2.40366,0.00887,0,0,3,3.116551,2.468222,2.468222,-0.535357,-0.535069,14.426014,394,0.037091,0.004804,35957,14599,7857,5265,3530,2610,1990,1531,13231,1,1,1,1
22.3500,3942,1,1,43837,1,83988,0.521950,3,4,31,34,77562,27.48687,0.00229,2.39972,0.01303,0,0,3,1.433945,1.158315,1.158315,-0.001693,-0.001602,14.959455,6509,0.000107,0.076508,35290,14162,7769,4953,3403,2381,1874,1495,12660,1,1,1,1
22.4000,3942,1,1,43646,0,83548,0.522413,2,2,12,26,44761,27.52151,0.00229,2.39972,0.01303,1,0,3,1.328113,1.000000,1.037969,-0.018999,-0.018927,14.942413,6310,0.001267,0.074254,34721,14228,7897,4800,3288,2469,1897,1540,12707,1,1,1,1
23.0000,3942,1,1,43926,0,84292,0.521123,2,682,682,682,6223478,27.93754,0.00229,2.39972,0.01303,1,0,2,1.004333,1.000000,2.999850,-0.227147,-0.227146,14.734290,3945,0.015416,0.047079,34895,14246,7799,4931,3449,2541,1900,1474,13056,1,1,1,1
23.9000,3942,1,1,45172,0,86925,0.519672,2,1,31,31,51965,28.56124,0.00229,2.39972,0.01303,1,0,3,1.376011,1.000000,1.051159,-0.538858,-0.538777,14.422538,397,0.037357,0.004840,36097,14665,8100,5201,3504,2579,1942,1579,13257,1,1,1,1
22.3500,3943,1,1,43270,0,83202,0.520066,1,9,15,174,75520,27.48523,0.00229,2.39692,0.01175,1,0,2,1.277312,1.000000,3.199723,-0.002758,-0.002696,14.958664,6506,0.000180,0.076457,34424,14170,7778,4806,3473,2434,1859,1488,12769,1,1,1,1
22.4000,3943,1,1,43523,1,83586,0.520703,2,148,148,268,121675,27.51986,0.00229,2.39692,0.01175,0,1,3,16.987082,16.698265,16.698265,-0.020283,-0.019565,14.941869,6309,0.001309,0.074226,34737,14151,7728,4963,3463,2558,1931,1498,12556,1,1,1,1
23.0000,3943,1,1,44345,1,84881,0.522443,1,10,18,584,164623,27.93579,0.00229,2.39692,0.01175,0,0,3,3.547148,3.049559,3.049559,-0.228029,-0.227708,14.733255,3943,0.015455,0.047046,35263,14358,7970,4965,3498,2610,1939,1559,12718,1,1,1,1
23.9000,3943,1,1,45314,0,87059,0.520504,3,160,160,160,83898,28.55950,0.00229,2.39692,0.01175,1,0,2,1.019426,1.000000,3.167379,-0.539889,-0.539884,14.421548,396,0.037436,0.004827,36348,14588,8110,5048,3529,2515,2021,1611,13288,1,1,1,1
22.3500,3944,1,1,43447,1,83302,0.521566,2,30,30,1211,80353,27.48756,0.00307,2.39109,0.01063,0,1,3,12.915771,11.591613,11.591613,-0.001303,-0.000654,14.959920,6510,0.000044,0.076479,34637,14100,7608,4835,3400,2521,1889,1533,12778,1,1,1,1
22.4000,3944,1,1,43677,1,83570,0.522646,1,3,28,78,96851,27.52218,0.00307,2.39109,0.01063,0,1,3,3.051255,2.322779,2.322779,-0.018409,-0.018126,14.942967,6313,0.001213,0.074248,34877,14174,7697,4816,3394,2496,1862,1524,12729,1,1,1,1
23.0000,3944,1,1,44305,1,84766,0.522680,1,5,19,19,26729,27.93818,0.00307,2.39109,0.01063,0,1,3,3.374393,2.664622,2.664622,-0.226425,-0.226116,14.734867,3946,0.015346,0.047065,35044,14409,7906,4963,3453,2574,1962,1538,12916,1,1,1,1
23.9000,3944,1,1,45532,0,87285,0.521653,4,1,12,12,79649,28.56190,0.00307,2.39109,0.01063,1,1,3,1.411462,1.000000,1.035100,-0.538168,-0.538081,14.423164,398,0.037307,0.004850,36276,14870,8106,5182,3528,2598,1944,1622,13158,1,1,1,1
22.3500,3945,1,1,43778,0,83627,0.523497,1,3,17,17,245160,27.48651,0.00559,2.39375,0.01116,1,1,2,1.412360,1.000000,1.907565,-0.000275,-0.000187,14.961087,6508,0.000013,0.076430,34700,14185,7926,4994,3313,2549,1893,1450,12616,1,1,1,1
22.4000,3945,1,1,43793,1,83579,0.523978,1,72,72,72,159312,27.52130,0.00559,2.39375,0.01116,0,1,3,4.007705,3.342047,3.310972,-0.017738,-0.017386,14.943626,6310,0.001163,0.074191,34544,14323,7809,5035,3414,2499,1859,1536,12559,1,1,1,1
23.0000,3945,1,1,44128,0,84770,0.520568,1,5,73,221,578713,27.93719,0.00559,2.39375,0.01116,1,1,2,1.408751,1.000000,2.896527,-0.225666,-0.225579,14.735659,3943,0.015308,0.047015,35075,14359,7919,5131,3514,2539,1886,1535,12811,1,1,1,1
23.9000,3945,1,1,45353,1,87002,0.521293,1,40,66,66,2399062,28.56094,0.00559,2.39375,0.01116,0,1,3,1.262712,1.145329,1.145329,-0.537421,-0.537362,14.424049,394,0.037255,0.004799,36292,14701,8098,5130,3531,2558,1931,1568,13192,1,1,1,1
22.3500,3946,1,1,43351,1,83248,0.520751,12,56,56,56,253485,27.49116,0.00263,2.38822,0.01165,0,0,3,2.272368,2.191250,2.191250,0.000436,0.000644,14.961242,6511,-0.000043,0.076445,34375,14125,7869,4829,3553,2565,1837,1470,12624,1,1,1,1
22.4000,3946,1,1,43667,1,83689,0.521783,45,8,45,45,165154,27.52576,0.00263,2.38822,0.01165,0,1,3,5.195043,4.115925,4.115925,-0.016946,-0.016529,14.944872,6312,0.001106,0.074190,34818,14209,7785,4848,3407,2478,1859,1530,12754,1,1,1,1
23.0000,3946,1,1,44094,0,84765,0.520197,1,3,11,116,810477,27.94172,0.00263,2.38822,0.01165,1,0,3,1.233268,1.000000,1.047111,-0.224749,-0.224696,14.736679,3944,0.015247,0.047012,35018,14495,7814,5015,3470,2597,1920,1542,12893,1,1,1,1
23.9000,3946,1,1,45109,1,87032,0.518310,3,2,9,52,305563,28.56548,0.00263,2.38822,0.01165,0,0,3,1.616757,1.388398,1.388398,-0.536661,-0.536539,14.424427,393,0.037197,0.004786,36089,14777,8136,5187,3503,2624,1964,1536,13215,1,1,1,1
22.3500,3947,1,1,43552,0,83566,0.521175,5,143,143,904,159470,27.49437,0.00193,2.39628,0.01113,1,1,2,1.008658,1.000000,1.246721,0.001826,0.001828,14.962061,6517,-0.000122,0.076492,34498,14330,7782,5000,3324,2531,1920,1513,12667,1,1,1,1
22.4000,3947,1,1,43663,1,83767,0.521250,2,8,8,53,104354,27.52897,0.00193,2.39628,0.01113,0,1,3,5.593980,4.355299,4.355299,-0.015631,-0.015195,14.946222,6321,0.001017,0.074270,34942,14045,7723,4968,3389,2643,1896,1490,12670,1,1,1,1
23.0000,3947,1,1,44470,0,84879,0.523928,2,13,13,77,121577,27.94500,0.00193,2.39628,0.01113,1,1,2,1.086602,1.000000,1.259559,-0.223487,-0.223466,14.737342,3951,0.015163,0.047081,34995,14576,8001,5003,3427,2548,1911,1564,12853,1,1,1,1
23.9000,3947,1,1,45258,0,86966,0.520416,2,24,933,933,401216,28.56878,0.00193,2.39628,0.01113,1,1,2,1.105088,1.000000,2.778463,-0.535478,-0.535452,14.425403,399,0.037119,0.004857,36219,14601,8106,5036,3679,2505,2029,1571,13219,1,1,1,1
22.3500,3948,1,1,43423,1,83051,0.522854,1,18,18,765,328237,27.49606,0.00211,2.39257,0.01127,0,1,3,8.910855,7.742101,7.742101,0.002589,0.003143,14.964564,6521,-0.000210,0.076507,34108,14354,7677,4888,3364,2480,1878,1540,12761,1,1,1,1
22.4000,3948,1,1,43534,0,83338,0.522385,1,2,52,802,197021,27.53083,0.00211,2.39257,0.01127,1,0,2,1.379898,1.000000,1.424547,-0.014577,-0.014496,14.946817,6321,0.000970,0.074248,34634,14057,7620,4893,3429,2534,1846,1459,12865,1,1,1,1
23.0000,3948,1,1,44147,1,84910,0.519933,6,73,73,136,36774280,27.94675,0.00211,2.39257,0.01127,0,1,3,49.686874,36.585296,36.585296,-0.222951,-0.221961,14.737933,3952,0.015061,0.047079,35179,14498,7963,4907,3473,2451,1957,1500,12981,1,1,1,1
23.9000,3948,1,1,45462,0,87432,0.519976,2,3,281,281,49620,28.57055,0.00211,2.39257,0.01127,1,1,2,1.388223,1.000000,1.830118,-0.534468,-0.534385,14.426822,399,0.037041,0.004856,36424,14838,8131,5168,3596,2643,1992,1573,13066,1,1,1,1
22.3500,3949,1,1,43488,0,83532,0.520621,4,27,27,2429,1218337,27.49771,0.00228,2.39639,0.01162,1,1,3,1.035806,1.000000,1.044434,0.003643,0.003652,14.964242,6516,-0.000244,0.076430,34720,14136,7824,4874,3468,2444,1871,1513,12681,1,1,1,1
22.4000,3949,1,1,43689,1,83893,0.520777,1,2,29,35,284100,27.53229,0.00228,2.39639,0.01162,0,1,3,1.950102,1.384203,1.384203,-0.013681,-0.013512,14.947771,6320,0.000904,0.074213,34915,14051,7833,5043,3406,2576,1965,1554,12549,1,1,1,1
23.0000,3949,1,1,44261,1,84895,0.521368,1,33,33,33,743014,27.94828,0.00228,2.39639,0.01162,0,1,3,11.804194,10.792064,10.792064,-0.221943,-0.221318,14.739346,3949,0.015015,0.047027,35211,14474,7803,5001,3481,2528,1919,1511,12966,1,1,1,1
23.9000,3949,1,1,45259,1,86834,0.521219,1,17,17,17,92607,28.57209,0.00228,2.39639,0.01162,0,1,3,11.335445,8.767174,8.767174,-0.533825,-0.533210,14.427507,401,0.036958,0.004879,35934,14785,8005,5151,3577,2655,1984,1499,13243,1,1,1,1
22.3500,3950,1,1,43602,0,83863,0.519926,10,224,224,2713,90686,27.49505,0.00260,2.40486,0.01085,1,1,2,1.322044,1.000000,84.097958,0.001975,0.002045,14.963389,6524,-0.000137,0.076509,34993,14165,7863,4878,3397,2510,1866,1509,12681,1,1,1,1
22.4000,3950,1,1,43751,1,83734,0.522506,1,5,15,33,762474,27.52980,0.00260,2.40486,0.01085,0,0,3,1.678408,1.212811,1.212811,-0.014851,-0.014720,14.946482,6322,0.000985,0.074224,34842,14127,7722,4956,3415,2469,1941,1534,12727,1,1,1,1
23.0000,3950,1,1,44371,1,84708,0.523817,2,16,28,36,344644,27.94568,0.00260,2.40486,0.01085,0,1,3,1.512945,1.478049,1.478049,-0.222830,-0.222725,14.738706,3952,0.015112,0.047053,35214,14323,7698,5050,3498,2586,1887,1485,12966,1,1,1,1
23.9000,3950,1,1,45418,0,87027,0.521890,1,188,188,188,63392,28.56952,0.00260,2.40486,0.01085,1,1,2,1.020810,1.000000,4.013039,-0.534872,-0.534867,14.426565,397,0.037075,0.004829,36245,14627,8167,5104,3570,2553,1954,1596,13210,1,1,1,1
22.3500,3951,1,1,43703,1,83439,0.523778,1,5,6,46,1135643,27.49259,0.00211,2.39607,0.01071,0,0,3,1.992557,1.466020,1.466020,0.001074,0.001249,14.962425,6524,-0.000083,0.076495,34688,14140,7718,4833,3330,2535,1876,1494,12824,1,1,1,1
22.4000,3951,1,1,43560,0,83502,0.521670,1,4,8,214,54204,27.52732,0.00211,2.39607,0.01071,1,1,2,1.406809,1.000000,2.481189,-0.016365,-0.016279,14.945008,6323,0.001089,0.074224,34825,14031,7715,4942,3339,2449,1893,1475,12832,1,1,1,1
23.0000,3951,1,1,44280,0,85140,0.520091,3,6,529,529,56157,27.94328,0.00211,2.39607,0.01071,1,1,2,1.358183,1.000000,2.822967,-0.224360,-0.224283,14.737044,3951,0.015219,0.047034,35475,14327,8014,4983,3489,2484,1911,1495,12961,1,1,1,1
23.9000,3951,1,1,45491,1,87457,0.520159,4,14,14,39,116168,28.56696,0.00211,2.39607,0.01071,0,1,3,8.527638,6.998082,6.998082,-0.536313,-0.535770,14.424685,397,0.037143,0.004828,36551,14993,8150,4959,3466,2491,1981,1627,13238,1,1,1,1
22.3500,3952,1,1,43556,0,83225,0.523359,1,2,18,44,230211,27.49037,0.00228,2.40675,0.00983,1,1,2,1.409195,1.000000,1.544598,-0.000074,0.000013,14.961253,6525,-0.000001,0.076493,34344,14134,7782,4959,3347,2521,1942,1442,12753,1,1,1,1
22.4000,3952,1,1,43543,1,83406,0.522067,1,13,13,25,364506,27.52492,0.00228,2.40675,0.00983,0,0,3,4.192908,3.676261,3.676261,-0.017459,-0.017096,14.943832,6328,0.001144,0.074270,34434,14256,7760,4930,3400,2429,1911,1520,12765,1,1,1,1
23.0000,3952,1,1,44243,1,84982,0.520622,5,4,38,49,316829,27.94095,0.00228,2.40675,0.00983,0,0,3,1.559893,1.410937,1.410937,-0.225350,-0.225237,14.735621,3957,0.015285,0.047098,35285,14491,7981,4850,3525,2519,1900,1509,12921,1,1,1,1
23.9000,3952,1,1,45791,1,87579,0.522860,1,1,46,46,96313,28.56464,0.00228,2.40675,0.00983,0,0,3,1.608417,1.154700,1.154700,-0.537173,-0.537053,14.424160,400,0.037233,0.004864,36526,14981,8062,5095,3586,2678,1982,1565,13103,1,1,1,1
22.3500,3953,1,1,43624,0,83805,0.520548,5,115,3390,3390,203736,27.48607,0.00245,2.40710,0.01085,1,0,2,1.011385,1.000000,1.337506,-0.002051,-0.002048,14.959386,6524,0.000137,0.076471,34856,14261,7800,5001,3387,2473,1912,1443,12671,1,1,1,1
22.4000,3953,1,1,43695,1,83523,0.523156,1,6,34,128,40327,27.52079,0.00245,2.40710,0.01085,0,1,3,2.395324,1.730377,1.672691,-0.019436,-0.019215,14.941988,6325,0.001286,0.074225,34424,14156,7981,4977,3411,2479,1882,1487,12725,1,1,1,1
23.0000,3953,1,1,44630,0,85300,0.523218,1,1,13,41,55427,27.93672,0.00245,2.40710,0.01085,1,0,3,1.348667,1.000000,1.098345,-0.227346,-0.227271,14.734061,3953,0.015425,0.047044,35426,14465,7947,4998,3550,2518,1924,1579,12892,1,1,1,1
23.9000,3953,1,1,45707,1,87332,0.523377,1,20,43,2798,1129738,28.56043,0.00245,2.40710,0.01085,0,1,3,7.962455,6.961743,6.961743,-0.539436,-0.538911,14.422495,397,0.037366,0.004827,36347,14869,7962,5100,3636,2629,2018,1524,13246,1,1,1,1
22.3500,3954,1,1,43671,1,83834,0.520929,1,4,14,1090,157812,27.48674,0.00245,2.40937,0.01218,0,1,3,3.791376,2.714773,2.714773,-0.001750,-0.001413,14.959476,6528,0.000094,0.076498,35174,14064,7698,5015,3389,2375,1903,1507,12708,1,1,1,1
22.4000,3954,1,1,44035,1,83938,0.524620,1,16,16,38,2257309,27.52145,0.00245,2.40937,0.01218,0,0,3,3.038087,2.410299,2.410299,-0.019088,-0.018807,14.942276,6327,0.001259,0.074228,35054,14124,7801,4907,3471,2475,1947,1577,12581,1,1,1,1
23.0000,3954,1,1,44651,1,85283,0.523569,7,9,30,38,147229,27.93744,0.00245,2.40937,0.01218,0,1,3,1.269707,1.090381,1.090381,-0.226986,-0.226926,14.734469,3957,0.015401,0.047078,35357,14496,7983,4989,3606,2509,1919,1493,12930,1,1,1,1
23.9000,3954,1,1,45435,1,87377,0.519994,9,2,9,41,694175,28.56117,0.00245,2.40937,0.01218,0,1,3,1.673004,1.184265,1.184265,-0.538854,-0.538724,14.422550,396,0.037353,0.004813,36487,14703,8120,5118,3634,2628,1917,1538,13231,1,1,1,1
22.3500,3955,1,1,43859,1,83586,0.524723,1,22,22,255,156824,27.48242,0.00228,2.40417,0.01375,0,0,3,5.696947,4.966072,4.966072,-0.004185,-0.003745,14.957195,6526,0.000250,0.076467,34648,14361,7799,4808,3392,2558,1925,1497,12597,1,1,1,1
22.4000,3955,1,1,43687,1,83504,0.523179,1,3,14,47,17288,27.51712,0.00228,2.40417,0.01375,0,1,3,2.628518,2.016941,2.016941,-0.021421,-0.021176,14.939872,6329,0.001417,0.074245,34387,14322,7811,4851,3419,2474,1882,1557,12800,1,1,1,1
23.0000,3955,1,1,44520,0,85219,0.522425,1,2,9,349,27999,27.93301,0.00228,2.40417,0.01375,1,0,2,1.386499,1.000000,1.767393,-0.229348,-0.229265,14.732043,3955,0.015562,0.047050,35293,14579,7948,5010,3390,2573,1903,1518,13004,1,1,1,1
23.9000,3955,1,1,45250,0,86991,0.520175,1,246,246,267,118263,28.55676,0.00228,2.40417,0.01375,1,1,2,1.348958,1.000000,101.298631,-0.541733,-0.541658,14.419509,396,0.037564,0.004813,36121,14651,8092,5174,3451,2588,2018,1570,13325,1,1,1,1
22.3500,3956,1,1,43593,1,83386,0.522792,1,1,11,143,793699,27.48109,0.00245,2.39985,0.01181,0,0,3,1.333324,1.019194,1.019194,-0.004495,-0.004422,14.956706,6528,0.000296,0.076474,34628,14160,7608,4847,3400,2392,1970,1563,12817,1,1,1,1
22.4000,3956,1,1,43724,0,83801,0.521766,1,17,17,34,98775,27.51578,0.00245,2.39985,0.01181,1,1,2,1.145343,1.000000,2.823819,-0.021976,-0.021942,14.938995,6332,0.001469,0.074266,34760,14281,7804,4946,3432,2453,1858,1488,12778,1,1,1,1
23.0000,3956,1,1,44262,0,84973,0.520901,1,2,114,114,73382,27.93174,0.00245,2.39985,0.01181,1,1,2,1.374173,1.000000,1.676337,-0.229890,-0.229809,14.731383,3956,0.015600,0.047052,35105,14503,7905,4976,3520,2561,1938,1514,12950,1,1,1,1
23.9000,3956,1,1,45479,1,87288,0.521028,6,5,10,86,373380,28.55550,0.00245,2.39985,0.01181,0,0,3,1.867048,1.729709,1.729709,-0.541772,-0.541614,14.419175,396,0.037562,0.004812,36282,14808,8116,5141,3553,2555,1968,1603,13261,1,1,1,1
22.3500,3957,1,1,43595,1,83488,0.522177,2,3,37,54,106623,27.47952,0.00406,2.39847,0.01377,0,1,3,1.988755,1.610162,1.610162,-0.004478,-0.004305,14.957130,6526,0.000288,0.076429,34757,14159,7619,4904,3381,2489,1867,1534,12777,1,1,1,1
22.4000,3957,1,1,43857,1,83928,0.522561,3,6,14,16,2273447,27.51420,0.00406,2.39847,0.01377,0,1,3,3.617975,2.957351,2.957351,-0.021897,-0.021572,14.939180,6328,0.001444,0.074199,34822,14270,7959,4925,3289,2504,1917,1548,12693,1,1,1,1
23.0000,3957,1,1,44316,0,85139,0.520520,1,912,912,912,83395,27.93023,0.00406,2.39847,0.01377,1,1,2,1.088606,1.000000,84.487082,-0.230335,-0.230314,14.730502,3953,0.015635,0.047008,35330,14401,7964,4940,3509,2593,1955,1546,12900,1,1,1,1
23.9000,3957,1,1,45503,1,87173,0.521991,1,2,16,4790,103554,28.55401,0.00406,2.39847,0.01377,0,1,3,2.184057,1.673017,1.673017,-0.541727,-0.541530,14.419846,392,0.037554,0.004762,36109,14947,8084,5074,3578,2635,1950,1592,13203,1,1,1,1
22.3500,3958,1,1,43630,0,83785,0.520744,1,3,16,52,103087,27.48939,0.00391,2.39766,0.01131,1,0,2,1.391113,1.000000,1.986805,0.000243,0.000327,14.961632,6533,-0.000022,0.076469,34621,14210,7876,5022,3365,2544,1946,1523,12677,1,1,1,1
22.4000,3958,1,1,43483,1,83703,0.519498,4,4,29,62,7185628,27.52407,0.00391,2.39766,0.01131,0,1,3,2.108901,1.818757,1.818757,-0.017085,-0.016897,14.944527,6335,0.001131,0.074236,34641,14305,7668,4985,3463,2489,1953,1513,12685,1,1,1,1
23.0000,3958,1,1,44452,0,85028,0.522799,1,1,4,18,90909,27.93999,0.00391,2.39766,0.01131,1,1,3,1.359137,1.000000,1.030187,-0.224975,-0.224897,14.736280,3960,0.015261,0.047061,35445,14182,7873,4979,3439,2597,1943,1546,13023,1,1,1,1
23.9000,3958,1,1,45496,0,87164,0.521965,2,22,25,47,119176,28.56379,0.00391,2.39766,0.01131,1,0,2,1.138403,1.000000,3.421389,-0.537026,-0.536993,14.424409,400,0.037228,0.004856,35919,14918,8267,5135,3534,2639,1886,1532,13333,1,1,1,1
22.3500,3959,1,1,43630,0,83890,0.520092,1,5,100,100,472234,27.49011,0.00284,2.39792,0.01366,1,0,2,1.335910,1.000000,2.382671,0.000106,0.000179,14.961517,6533,-0.000012,0.076450,34952,14358,7713,4995,3410,2490,1831,1397,12743,1,1,1,1
22.4000,3959,1,1,43844,0,84028,0.521785,2,1,9,37,293905,27.52477,0.00284,2.39792,0.01366,1,1,3,1.390322,1.000000,1.073383,-0.017126,-0.017042,14.944168,6335,0.001140,0.074219,35062,14329,7840,4937,3334,2475,1791,1493,12766,1,1,1,1
23.0000,3959,1,1,44275,1,85134,0.520069,1,2,14,25,181988,27.94077,0.00284,2.39792,0.01366,0,1,3,1.538520,1.125424,1.125424,-0.225129,-0.225020,14.736302,3959,0.015270,0.047037,35296,14404,8033,5019,3465,2550,1870,1482,13014,1,1,1,1
23.9000,3959,1,1,45515,1,87401,0.520767,1,53,243,243,163033,28.56458,0.00284,2.39792,0.01366,0,1,3,16.618522,15.478851,15.478851,-0.537369,-0.536659,14.423927,396,0.037206,0.004807,36376,14929,8093,5142,3494,2551,2024,1567,13224,1,1,1,1
22.3500,3960,1,1,43822,0,83828,0.522767,1,1,5,77,136004,27.48795,0.00228,2.39732,0.01346,1,0,3,1.328016,1.000000,1.035408,-0.001262,-0.001190,14.959680,6538,0.000080,0.076498,34745,14393,7670,4989,3258,2548,1841,1591,12792,1,1,1,1
22.4000,3960,1,1,43782,0,83716,0.522989,91,2,101,101,120387,27.52261,0.00228,2.39732,0.01346,1,1,3,1.366582,1.000000,1.046807,-0.018594,-0.018515,14.942670,6338,0.001239,0.074243,34447,14371,7939,4956,3385,2452,1880,1526,12759,1,1,1,1
23.0000,3960,1,1,44433,1,85236,0.521300,1,5,9,46,135015,27.93849,0.00228,2.39732,0.01346,0,1,3,3.122812,2.659459,2.659459,-0.226658,-0.226371,14.735056,3962,0.015363,0.047064,35241,14547,7986,5126,3416,2467,1942,1551,12959,1,1,1,1
23.9000,3960,1,1,45640,0,87588,0.521082,29,2,29,39,135314,28.56233,0.00228,2.39732,0.01346,1,1,3,1.395730,1.000000,1.384500,-0.538494,-0.538409,14.422892,398,0.037330,0.004830,36576,14902,8006,5096,3650,2596,2001,1534,13226,1,1,1,1
22.3500,3961,1,1,43740,0,83816,0.521864,1,3,14,37,131944,27.48886,0.00245,2.39106,0.01437,1,0,2,1.258375,1.000000,1.351800,-0.000691,-0.000633,14.960735,6534,0.000042,0.076427,34693,14352,7758,4939,3407,2513,1932,1515,12706,1,1,1,1
22.4000,3961,1,1,43904,0,84139,0.521809,2,130,130,130,112268,27.52351,0.00245,2.39106,0.01437,1,1,2,1.344243,1.000000,52.662442,-0.018482,-0.018407,14.942927,6336,0.001232,0.074199,34936,14396,7863,4997,3411,2483,1872,1469,12711,1,1,1,1
23.0000,3961,1,1,44630,0,85427,0.522440,1,12,33,54,260913,27.93947,0.00245,2.39106,0.01437,1,1,2,1.399742,1.000000,6.516674,-0.226197,-0.226112,14.735111,3959,0.015345,0.047017,35510,14553,7996,4924,3407,2580,2012,1473,12971,1,1,1,1
23.9000,3961,1,1,45296,0,87191,0.519509,4,45,53,53,98031,28.56315,0.00245,2.39106,0.01437,1,1,2,1.259019,1.000000,13.513625,-0.538127,-0.538069,14.423298,395,0.037306,0.004792,36033,14947,8119,5082,3632,2632,1932,1536,13277,1,1,1,1
22.3500,3962,1,1,43634,0,83630,0.521757,2,9,23,23,230315,27.49226,0.00245,2.39602,0.01296,1,1,2,1.205839,1.000000,2.285153,0.001000,0.001047,14.962071,6538,-0.000070,0.076448,34715,14218,7773,4888,3389,2417,1919,1513,12797,1,1,1,1
22.4000,3962,1,1,43588,0,83834,0.519938,7,2,10,78,76650,27.52690,0.00245,2.39602,0.01296,1,1,2,1.413917,1.000000,1.491812,-0.016262,-0.016175,14.945083,6338,0.001082,0.074193,34736,14413,7702,4939,3413,2551,1906,1437,12736,1,1,1,1
23.0000,3962,1,1,44502,0,85288,0.521791,20,5,20,20,356019,27.94293,0.00245,2.39602,0.01296,1,1,2,1.369358,1.000000,2.572118,-0.224347,-0.224268,14.737053,3960,0.015218,0.047011,35323,14578,7876,4968,3429,2621,1966,1574,12952,1,1,1,1
23.9000,3962,1,1,45531,1,87279,0.521678,2,8,137,137,45877,28.56662,0.00245,2.39602,0.01296,0,1,3,5.480597,4.138967,4.138967,-0.536255,-0.535826,14.424860,398,0.037146,0.004827,36333,14664,8080,5021,3613,2615,2026,1565,13361,1,1,1,1
22.3500,3963,1,1,43573,1,83739,0.520349,1,1,15,446,32042,27.49167,0.00549,2.39263,0.01268,0,1,3,1.420156,1.055773,1.055773,0.002211,0.002299,14.963633,6539,-0.000154,0.076432,34739,14183,7795,4928,3382,2537,1881,1500,12793,1,1,1,1
22.4000,3963,1,1,43664,0,83636,0.522078,5,31,31,65,290422,27.52630,0.00549,2.39263,0.01268,1,1,2,1.044506,1.000000,1.494207,-0.015146,-0.015135,14.945513,6341,0.001013,0.074208,34628,14151,7765,4841,3471,2541,1825,1512,12901,1,1,1,1
23.0000,3963,1,1,44440,0,85229,0.521425,3,2,40,40,113487,27.94222,0.00549,2.39263,0.01268,1,1,2,1.404703,1.000000,1.528554,-0.223115,-0.223029,14.738262,3963,0.015133,0.047030,35126,14599,7988,5034,3501,2471,1988,1602,12919,1,1,1,1
23.9000,3963,1,1,45467,1,87449,0.519932,3,64,64,941,342129,28.56593,0.00549,2.39263,0.01268,0,0,3,1.946365,1.677682,1.677682,-0.534980,-0.534812,14.426149,397,0.037072,0.004813,36249,14812,8366,5118,3564,2570,2017,1553,13199,1,1,1,1
22.3500,3964,1,1,44007,1,84120,0.523152,1,2,10,76,252466,27.49220,0.00302,2.39393,0.01153,0,1,3,1.523622,1.314495,1.314495,0.001279,0.001386,14.962782,6541,-0.000093,0.076441,35056,14293,7795,4920,3484,2479,1859,1522,12711,1,1,1,1
22.4000,3964,1,1,43454,0,83451,0.520719,79,304,304,304,380370,27.52683,0.00302,2.39393,0.01153,1,1,2,1.011302,1.000000,3.486121,-0.016162,-0.016160,14.944146,6343,0.001081,0.074219,34488,14186,7736,5005,3405,2416,1890,1465,12859,1,1,1,1
23.0000,3964,1,1,44722,0,85525,0.522918,9,152,152,152,117563,27.94282,0.00302,2.39393,0.01153,1,0,2,1.019581,1.000000,3.008923,-0.224141,-0.224137,14.737297,3966,0.015209,0.047057,35700,14476,7899,5015,3479,2497,1948,1491,13019,1,1,1,1
23.9000,3964,1,1,45621,1,87463,0.521609,1,2,8,941,517954,28.56655,0.00302,2.39393,0.01153,0,1,3,1.599231,1.172079,1.172079,-0.535885,-0.535766,14.425558,397,0.037140,0.004812,36200,14909,8198,5263,3609,2604,1973,1516,13190,1,1,1,1
22.3500,3965,1,1,43726,0,83737,0.522189,2,3,10,228,104621,27.49424,0.00245,2.39911,0.01205,1,1,2,1.331651,1.000000,1.439343,0.002063,0.002135,14.963287,6541,-0.000143,0.076419,34423,14402,7812,4988,3445,2554,1999,1474,12639,1,1,1,1
22.4000,3965,1,1,43654,0,83628,0.522008,1,7,780,780,231062,27.52903,0.00245,2.39911,0.01205,1,1,3,1.112325,1.000000,1.076191,-0.015300,-0.015273,14.946136,6340,0.001022,0.074155,34620,14261,7809,4851,3347,2467,1832,1502,12938,1,1,1,1
23.0000,3965,1,1,44439,1,85400,0.520369,1,18,26,232,533521,27.94492,0.00245,2.39911,0.01205,0,1,3,1.888809,1.340478,1.088358,-0.223245,-0.223085,14.738199,3961,0.015137,0.046983,35456,14665,7882,5054,3278,2542,1959,1548,13015,1,1,1,1
23.9000,3965,1,1,45509,1,87472,0.520275,2,2,11,16,766461,28.56866,0.00245,2.39911,0.01205,0,1,3,1.728986,1.222625,1.222625,-0.535124,-0.534986,14.426280,393,0.037084,0.004762,36272,14854,8129,5293,3468,2563,1997,1577,13318,1,1,1,1
22.3500,3966,1,1,43876,0,83831,0.523393,12,10,13,280,257987,27.49119,0.00227,2.38992,0.01236,1,1,2,1.297860,1.000000,3.621972,0.000212,0.000278,14.961632,6543,-0.000019,0.076431,34813,14080,7869,4995,3328,2477,1928,1515,12825,1,1,1,1
22.4000,3966,1,1,43973,1,84469,0.520588,1,78,78,155,127994,27.52579,0.00227,2.38992,0.01236,0,1,3,5.716007,5.485769,5.485769,-0.017143,-0.016704,14.944724,6344,0.001118,0.074190,35272,14319,7980,4969,3384,2498,1906,1542,12598,1,1,1,1
23.0000,3966,1,1,44613,1,85647,0.520900,95,4,95,417,59308,27.94175,0.00227,2.38992,0.01236,0,1,3,1.985072,1.828946,1.828946,-0.224983,-0.224810,14.735284,3964,0.015257,0.047016,35622,14611,7971,5073,3476,2517,1866,1553,12957,1,1,1,1
23.9000,3966,1,1,45412,0,87433,0.519398,1,166,166,166,92579,28.56551,0.00227,2.38992,0.01236,1,1,2,1.067461,1.000000,11.661453,-0.537099,-0.537082,14.423668,395,0.037236,0.004786,36307,14731,8237,5251,3566,2656,2024,1530,13130,1,1,1,1
22.3500,3967,1,1,43922,0,84005,0.522856,5,3,9,139,135244,27.49122,0.00388,2.38844,0.01271,1,1,3,1.304012,1.000000,1.217101,0.001237,0.001304,14.962430,6542,-0.000087,0.076396,34733,14516,7826,4890,3448,2595,1893,1500,12603,1,1,1,1
22.4000,3967,1,1,43961,1,84305,0.521458,1,2,587,587,146410,27.52582,0.00388,2.38844,0.01271,0,1,3,2.152349,1.601681,1.601681,-0.016098,-0.015905,14.945519,6345,0.001064,0.074179,34887,14429,7909,5024,3367,2571,1885,1545,12687,1,1,1,1
23.0000,3967,1,1,44495,1,85397,0.521043,1,110,110,110,57590,27.94185,0.00388,2.38844,0.01271,0,1,3,1.423652,1.042047,1.028421,-0.224043,-0.223954,14.737232,3963,0.015196,0.046986,35372,14560,7945,5024,3452,2549,1914,1524,13056,1,1,1,1
23.9000,3967,1,1,45826,0,88086,0.520247,1,4,11,14,209175,28.56563,0.00388,2.38844,0.01271,1,1,2,1.341722,1.000000,1.966129,-0.536029,-0.535955,14.425207,393,0.037154,0.004760,36775,15004,8311,5169,3534,2575,1958,1531,13228,1,1,1,1
22.3500,3968,1,1,43589,1,83632,0.521206,3,21,21,46,1298576,27.48965,0.00417,2.38110,0.01090,0,1,3,7.983345,7.309082,7.309082,0.000429,0.000952,14.961552,6554,-0.000064,0.076522,34704,14070,7834,4988,3369,2472,1907,1535,12752,1,1,1,1
22.4000,3968,1,1,43819,1,84070,0.521227,20,21,21,55,407601,27.52442,0.00417,2.38110,0.01090,0,1,3,11.386047,9.561904,9.561904,-0.016986,-0.016373,14.945048,6355,0.001096,0.074280,34828,14397,7763,4921,3430,2586,1892,1500,12752,1,1,1,1
23.0000,3968,1,1,44327,1,85152,0.520569,1,1,25,1140,98671,27.94034,0.00417,2.38110,0.01090,0,1,3,1.707953,1.208522,1.208522,-0.224685,-0.224550,14.736723,3974,0.015237,0.047106,35375,14382,7879,4824,3584,2565,1933,1516,13093,1,1,1,1
23.9000,3968,1,1,45552,0,87673,0.519573,1,5,9,45,71603,28.56414,0.00417,2.38110,0.01090,1,1,2,1.411018,1.000000,3.210618,-0.536709,-0.536622,14.424624,403,0.037202,0.004880,36294,15148,8099,5201,3551,2536,1930,1553,13360,1,1,1,1
22.3500,3969,1,1,43755,1,84002,0.520887,2,9,45,106,113480,27.49217,0.00390,2.38799,0.01082,0,0,3,1.628095,1.289081,1.289081,0.001660,0.001783,14.962870,6551,-0.000119,0.076460,35064,14168,7883,4859,3376,2527,1870,1490,12764,1,1,1,1
22.4000,3969,1,1,43750,0,84082,0.520332,1,1,48,1347,194095,27.52675,0.00390,2.38799,0.01082,1,0,3,1.413613,1.000000,1.178051,-0.015619,-0.015532,14.945739,6353,0.001039,0.074235,34658,14428,7845,5001,3428,2453,1960,1514,12794,1,1,1,1
23.0000,3969,1,1,44456,0,85490,0.520020,2,8,8,50,1058724,27.94274,0.00390,2.38799,0.01082,1,1,2,1.257846,1.000000,2.577698,-0.223713,-0.223655,14.737426,3971,0.015176,0.047057,35688,14361,8001,4980,3503,2479,1939,1525,13013,1,1,1,1
23.9000,3969,1,1,45533,1,87452,0.520669,2,3,68,68,667841,28.56656,0.00390,2.38799,0.01082,0,1,3,2.696657,2.022216,2.022216,-0.535592,-0.535342,14.426030,399,0.037109,0.004830,36297,14815,8115,5030,3553,2722,2037,1540,13342,1,1,1,1
22.3500,3970,1,1,43961,1,84016,0.523252,6,4,422,467,1062878,27.49269,0.00538,2.39114,0.01081,0,1,3,1.490621,1.349346,1.349346,0.002713,0.002813,14.964225,6553,-0.000188,0.076458,35063,14086,7796,4898,3482,2573,1848,1483,12786,1,1,1,1
22.4000,3970,1,1,43890,0,84062,0.522121,6,13,22,49,240701,27.52743,0.00538,2.39114,0.01081,1,0,3,1.074120,1.000000,1.046139,-0.014630,-0.014612,14.946807,6354,0.000978,0.074222,35109,14076,7967,4754,3486,2464,1890,1502,12813,1,1,1,1
23.0000,3970,1,1,44637,1,85527,0.521911,8,35,35,2366,435755,27.94332,0.00538,2.39114,0.01081,0,0,3,1.989346,1.873119,1.873119,-0.222648,-0.222475,14.738256,3972,0.015095,0.047054,35544,14537,8024,5070,3450,2539,1867,1527,12968,1,1,1,1
23.9000,3970,1,1,45774,0,88028,0.520000,2,3,11,78,76059,28.56716,0.00538,2.39114,0.01081,1,1,2,1.401818,1.000000,1.681326,-0.534551,-0.534465,14.426830,401,0.037047,0.004853,36556,14862,8467,5194,3575,2631,2054,1556,13132,1,1,1,1
22.3500,3971,1,1,43644,0,83610,0.522001,3,49,49,49,210793,27.49047,0.00434,2.38950,0.01098,1,1,2,1.403566,1.000000,24.161286,0.000778,0.000863,14.962157,6555,-0.000058,0.076472,34586,14198,7680,4981,3418,2435,1961,1426,12924,1,1,1,1
22.4000,3971,1,1,43852,0,84094,0.521470,1,6,6,105,45750,27.52520,0.00434,2.38950,0.01098,1,1,2,1.358655,1.000000,2.934035,-0.016324,-0.016247,14.944931,6356,0.001087,0.074236,34857,14320,7735,4906,3400,2696,1920,1501,12758,1,1,1,1
23.0000,3971,1,1,44410,0,85550,0.519118,1,5,9,10,129634,27.94116,0.00434,2.38950,0.01098,1,1,2,1.406887,1.000000,3.004271,-0.224306,-0.224220,14.737068,3973,0.015215,0.047058,35691,14483,7876,4983,3488,2542,1966,1520,13000,1,1,1,1
23.9000,3971,1,1,45586,0,87580,0.520513,17,776,776,776,22252,28.56484,0.00434,2.38950,0.01098,1,0,2,1.005806,1.000000,4.519953,-0.536196,-0.536194,14.425243,400,0.037171,0.004840,36426,14760,8081,5100,3702,2578,1969,1573,13390,1,1,1,1
22.3500,3972,1,1,43626,0,83837,0.520373,2,7,20,72,193968,27.49912,0.00262,2.39384,0.01130,1,1,2,1.413460,1.000000,3.980050,0.004355,0.004442,14.965714,6556,-0.000297,0.076447,34883,14192,7760,4914,3416,2471,1952,1470,12778,1,1,1,1
22.4000,3972,1,1,43724,0,84184,0.519392,1,8,33,242,122781,27.53367,0.00262,2.39384,0.01130,1,1,2,1.236352,1.000000,2.325745,-0.012852,-0.012799,14.948261,6359,0.000856,0.074236,35013,14275,7858,5040,3407,2488,1840,1503,12759,1,1,1,1
23.0000,3972,1,1,44610,0,85242,0.523340,1,13,17,17,7660408,27.94970,0.00262,2.39384,0.01130,1,1,3,1.071127,1.000000,1.056209,-0.220768,-0.220750,14.740670,3974,0.014976,0.047046,35277,14452,7865,4961,3425,2597,1899,1580,13185,1,1,1,1
23.9000,3972,1,1,45711,1,87256,0.523878,1,1,7,51,55529,28.57339,0.00262,2.39384,0.01130,0,1,3,1.246389,1.073335,1.073335,-0.532605,-0.532549,14.428847,400,0.036909,0.004838,36113,14710,8178,5157,3614,2619,2059,1595,13210,1,1,1,1
22.3500,3973,1,1,43916,0,84008,0.522766,1,2,93,93,182633,27.50193,0.00279,2.39809,0.01030,1,0,3,1.336120,1.000000,1.138023,0.006065,0.006138,14.967477,6554,-0.000410,0.076395,34820,14373,7776,4980,3424,2432,1913,1464,12825,1,1,1,1
22.4000,3973,1,1,44021,1,84307,0.522157,24,6,24,79,54214,27.53664,0.00279,2.39809,0.01030,0,1,3,3.045157,2.703600,2.703600,-0.011402,-0.011122,14.949203,6355,0.000744,0.074166,35113,14267,7823,4920,3395,2465,1903,1569,12851,1,1,1,1
23.0000,3973,1,1,44804,0,85746,0.522526,11,57,57,82,59605,27.95257,0.00279,2.39809,0.01030,1,1,2,1.019348,1.000000,1.217213,-0.219255,-0.219250,14.741193,3971,0.014873,0.046997,35582,14702,8015,5037,3478,2530,1947,1526,12928,1,1,1,1
23.9000,3973,1,1,45617,1,87698,0.520166,1,93,93,244,473081,28.57628,0.00279,2.39809,0.01030,0,1,3,2.197883,1.738176,1.726923,-0.531159,-0.530960,14.430129,396,0.036795,0.004788,36612,14835,7989,5169,3595,2647,1939,1563,13348,1,1,1,1
22.3500,3974,1,1,43995,1,84177,0.522655,2,9,33,406,179619,27.50001,0.00244,2.40208,0.00948,0,1,3,2.628969,1.927075,1.852261,0.004934,0.005178,14.966502,6562,-0.000346,0.076474,35006,14319,7840,5005,3343,2526,1837,1550,12750,1,1,1,1
22.4000,3974,1,1,43935,1,84292,0.521230,1,2,19,19,215117,27.53472,0.00244,2.40208,0.00948,0,0,3,2.013057,1.527303,1.527303,-0.012398,-0.012222,14.948918,6363,0.000818,0.074242,35120,14239,7956,4832,3424,2526,1931,1491,12772,1,1,1,1
23.0000,3974,1,1,44710,0,85850,0.520798,3,5,31,200,105129,27.95071,0.00244,2.40208,0.00948,1,1,2,1.351397,1.000000,2.269342,-0.220445,-0.220369,14.740963,3976,0.014949,0.047046,35689,14723,7922,5098,3546,2515,1992,1484,12880,1,1,1,1
23.9000,3974,1,1,45648,0,87589,0.521167,2,4,15,119,174432,28.57444,0.00244,2.40208,0.00948,1,1,2,1.411772,1.000000,2.381269,-0.532314,-0.532228,14.429021,400,0.036886,0.004835,36412,14793,8179,5004,3592,2683,1967,1618,13340,1,1,1,1
22.3500,3975,1,1,43680,0,83555,0.522776,2,4,5,472,7116597,27.49796,0.00244,2.39674,0.00862,1,1,2,1.290656,1.000000,1.725136,0.003801,0.003865,14.964980,6559,-0.000258,0.076428,34457,14135,7831,4876,3451,2590,1953,1506,12755,1,1,1,1
22.4000,3975,1,1,43936,0,84346,0.520908,27,2,27,117,196065,27.53266,0.00244,2.39674,0.00862,1,1,2,1.410442,1.000000,1.499989,-0.013529,-0.013443,14.947803,6360,0.000899,0.074194,35192,14129,7850,4905,3495,2477,2017,1541,12739,1,1,1,1
23.0000,3975,1,1,44497,1,85324,0.521512,2,4,49,49,211698,27.94854,0.00244,2.39674,0.00862,0,0,3,2.285184,1.921285,1.921285,-0.221505,-0.221297,14.739708,3977,0.015014,0.047050,35289,14529,8045,4938,3556,2539,1863,1541,13023,1,1,1,1
23.9000,3975,1,1,45916,0,87913,0.522295,2,11,13,19,49641,28.57229,0.00244,2.39674,0.00862,1,1,2,1.373991,1.000000,5.126700,-0.533504,-0.533424,14.427895,398,0.036972,0.004810,36620,14762,8244,5250,3621,2518,2017,1607,13273,1,1,1,1
22.3500,3976,1,1,44187,1,84353,0.523841,1,11,19,28,34514,27.49278,0.00506,2.39863,0.00810,0,1,3,1.445017,1.378301,1.378301,0.002611,0.002704,14.964130,6563,-0.000181,0.076459,35116,14372,7827,4906,3373,2544,1913,1544,12757,1,1,1,1
22.4000,3976,1,1,44194,0,84481,0.523130,5,12,28,591,34486,27.52747,0.00506,2.39863,0.00810,1,1,2,1.414081,1.000000,6.433921,-0.014929,-0.014842,14.946419,6364,0.000993,0.074229,35114,14303,7999,4905,3441,2515,1918,1527,12758,1,1,1,1
23.0000,3976,1,1,44749,1,85752,0.521848,1,1,11,48,241824,27.94343,0.00506,2.39863,0.00810,0,0,3,1.625614,1.149801,1.149801,-0.222688,-0.222566,14.738692,3978,0.015101,0.047053,35769,14554,8054,5083,3448,2488,1919,1540,12896,1,1,1,1
23.9000,3976,1,1,45750,0,87918,0.520377,2,19,19,118,766599,28.56719,0.00506,2.39863,0.00810,1,1,2,1.315910,1.000000,7.336678,-0.534806,-0.534737,14.426611,400,0.037066,0.004834,36389,14966,8316,5218,3608,2709,2025,1564,13122,1,1,1,1
22.3500,3977,1,1,43845,1,84045,0.521691,1,45,46,199,303392,27.49652,0.00279,2.39564,0.00862,0,1,3,1.308903,1.070096,1.070096,0.003440,0.003508,14.964887,6561,-0.000234,0.076413,34933,14003,7949,4975,3414,2451,1914,1497,12908,1,1,1,1
22.4000,3977,1,1,43779,1,84259,0.519583,1,10,14,55,173787,27.53120,0.00279,2.39564,0.00862,0,1,3,2.346899,2.172152,2.172152,-0.013993,-0.013779,14.947640,6363,0.000922,0.074192,35019,14280,7888,4908,3466,2483,1887,1524,12803,1,1,1,1
23.0000,3977,1,1,44493,1,85436,0.520782,2,13,13,84,2627702,27.94723,0.00279,2.39564,0.00862,0,0,3,2.934092,2.616549,2.616549,-0.222031,-0.221760,14.739136,3976,0.015046,0.047016,35367,14353,8156,5014,3497,2487,1939,1594,13028,1,1,1,1
23.9000,3977,1,1,45691,1,87826,0.520250,1,23,23,175,238492,28.57101,0.00279,2.39564,0.00862,0,1,3,7.644568,6.783712,6.783712,-0.534041,-0.533530,14.427343,396,0.036980,0.004784,36470,14953,8170,5174,3657,2612,1986,1520,13283,1,1,1,1
22.3500,3978,1,1,43661,1,84134,0.518952,2,27,43,43,155448,27.49241,0.00279,2.38936,0.00982,0,1,3,15.633635,12.858277,12.858277,0.000958,0.001649,14.963086,6562,-0.000110,0.076414,34942,14016,7902,5054,3470,2527,1903,1502,12817,1,1,1,1
22.4000,3978,1,1,43878,0,84018,0.522251,2,93,93,93,270133,27.52708,0.00279,2.38936,0.00982,1,0,2,1.019523,1.000000,1.872404,-0.016135,-0.016130,14.945303,6363,0.001079,0.074185,34776,14275,7803,4989,3407,2388,1951,1471,12957,1,1,1,1
23.0000,3978,1,1,44417,1,85483,0.519606,1,338,338,364,55590,27.94301,0.00279,2.38936,0.00982,0,1,3,3.820076,3.004252,2.848283,-0.224152,-0.223815,14.737549,3976,0.015187,0.047009,35392,14475,8112,5006,3504,2577,1833,1584,12999,1,1,1,1
23.9000,3978,1,1,45540,0,87565,0.520077,12,4,75,94,58456,28.56681,0.00279,2.38936,0.00982,1,1,2,1.353736,1.000000,2.110350,-0.536013,-0.535937,14.425394,396,0.037152,0.004783,36299,14660,8291,5116,3638,2602,2006,1555,13397,1,1,1,1
22.3500,3979,1,1,43991,1,84379,0.521356,1,5,40,374,5439421,27.49956,0.00226,2.39116,0.01025,0,1,3,1.890136,1.749787,1.749787,0.004586,0.004746,14.966165,6568,-0.000317,0.076449,35243,14157,7724,4984,3495,2548,1974,1516,12737,1,1,1,1
22.4000,3979,1,1,43856,0,83937,0.522493,1,51,51,51,275240,27.53423,0.00226,2.39116,0.01025,1,1,2,1.034688,1.000000,1.834544,-0.012756,-0.012747,14.947843,6372,0.000853,0.074259,34756,14258,7836,4854,3445,2591,1862,1484,12850,1,1,1,1
23.0000,3979,1,1,44682,0,85852,0.520460,1,2,15,46,288507,27.95022,0.00226,2.39116,0.01025,1,0,3,1.295082,1.000000,1.247338,-0.220693,-0.220628,14.740728,3983,0.014967,0.047070,35630,14743,7921,5034,3507,2539,1937,1536,13004,1,1,1,1
23.9000,3979,1,1,45543,1,87631,0.519719,1,6,26,2147,3724445,28.57403,0.00226,2.39116,0.01025,0,0,3,1.532918,1.110949,1.110949,-0.532586,-0.532478,14.428722,400,0.036904,0.004829,36469,14616,8198,5286,3639,2588,1923,1567,13344,1,1,1,1
22.3500,3980,1,1,43735,1,84346,0.518525,1,7,11,265,151427,27.50030,0.00293,2.39364,0.01100,0,0,3,3.061769,2.410469,2.410469,0.005130,0.005412,14.966507,6569,-0.000362,0.076440,35035,14246,7815,4996,3488,2502,1958,1521,12784,1,1,1,1
22.4000,3980,1,1,44158,0,84485,0.522679,1,8,264,264,786804,27.53496,0.00293,2.39364,0.01100,1,1,2,1.122108,1.000000,1.261344,-0.012113,-0.012084,14.948814,6370,0.000808,0.074212,35126,14371,8005,4892,3325,2502,1923,1577,12763,1,1,1,1
23.0000,3980,1,1,44700,0,85842,0.520730,392,30,392,392,207900,27.95084,0.00293,2.39364,0.01100,1,1,3,1.031295,1.000000,1.026119,-0.220029,-0.220021,14.740544,3987,0.014926,0.047106,35513,14804,7960,5128,3420,2580,1923,1492,13021,1,1,1,1
23.9000,3980,1,1,45768,0,87886,0.520771,1,1,7,88,101557,28.57468,0.00293,2.39364,0.01100,1,0,3,1.413185,1.000000,1.264131,-0.531970,-0.531883,14.429372,400,0.036861,0.004828,36570,14849,8329,5111,3574,2589,1901,1652,13310,1,1,1,1
22.3500,3981,1,1,44081,1,84320,0.522788,1,14,14,49,71710,27.49803,0.00384,2.39095,0.00927,0,1,3,4.729117,4.174429,4.174429,0.004447,0.004837,14.966245,6567,-0.000323,0.076399,34908,14343,7851,5007,3474,2517,1893,1534,12792,1,1,1,1
22.4000,3981,1,1,43866,0,83866,0.523055,1,39266,39266,39266,371409,27.53268,0.00384,2.39095,0.00927,1,1,2,1.000382,1.000000,15.007594,-0.013038,-0.013038,14.946424,6368,0.000872,0.074182,34635,14331,7829,5001,3383,2463,1845,1467,12911,1,1,1,1
23.0000,3981,1,1,44602,0,85838,0.519613,4,2,12,49,323793,27.94864,0.00384,2.39095,0.00927,1,1,2,1.411492,1.000000,1.473882,-0.220722,-0.220635,14.740613,3981,0.014968,0.047023,35589,14592,8163,5133,3463,2508,1920,1554,12915,1,1,1,1
23.9000,3981,1,1,45596,0,87711,0.519850,5,9,89,227,137189,28.57232,0.00384,2.39095,0.00927,1,1,2,1.324463,1.000000,3.709501,-0.532680,-0.532609,14.428538,400,0.036914,0.004827,36430,14832,8210,5122,3527,2638,1986,1628,13337,1,1,1,1
22.3500,3982,1,1,44031,1,84157,0.523207,5,16,16,129,153779,27.49937,0.00367,2.39987,0.01010,0,1,3,9.626960,7.840167,7.840167,0.005011,0.005579,14.967000,6572,-0.000373,0.076434,34735,14359,7917,5058,3475,2573,1886,1442,12711,1,1,1,1
22.4000,3982,1,1,44099,1,84783,0.520146,3,61,61,61,41234,27.53401,0.00367,2.39987,0.01010,0,0,3,1.980502,1.724659,1.724659,-0.012118,-0.011947,14.949000,6374,0.000799,0.074221,35328,14425,7860,5005,3379,2532,1965,1465,12823,1,1,1,1
23.0000,3982,1,1,44614,0,86017,0.518671,1,2,46,235,245824,27.95004,0.00367,2.39987,0.01010,1,0,2,1.406841,1.000000,1.542091,-0.220113,-0.220027,14.741263,3982,0.014926,0.047021,35811,14715,8007,5029,3485,2539,1916,1557,12957,1,1,1,1
23.9000,3982,1,1,45969,1,87837,0.523350,2,12,12,144,99320,28.57373,0.00367,2.39987,0.01010,0,1,3,4.076565,3.668764,3.668764,-0.532074,-0.531722,14.429095,399,0.036851,0.004813,36190,14855,8363,5307,3584,2624,2055,1537,13321,1,1,1,1
22.3500,3983,1,1,43958,0,84537,0.519991,1,12,32,201,65137,27.49945,0.00640,2.39795,0.00944,1,1,2,1.125833,1.000000,1.871727,0.006483,0.006513,14.967920,6570,-0.000435,0.076387,35155,14507,7913,4896,3449,2447,1935,1420,12814,1,1,1,1
22.4000,3983,1,1,44162,0,84430,0.523067,6,9,20,118,313577,27.53408,0.00640,2.39795,0.00944,1,1,2,1.114556,1.000000,1.133752,-0.010771,-0.010744,14.950140,6371,0.000719,0.074161,34884,14598,7805,5000,3439,2531,1946,1558,12668,1,1,1,1
23.0000,3983,1,1,44697,1,85735,0.521345,1,43,74,129,104714,27.95000,0.00640,2.39795,0.00944,0,1,3,12.197345,11.596844,11.596844,-0.219025,-0.218397,14.743038,3981,0.014814,0.046992,35470,14649,7984,4973,3569,2650,2015,1498,12926,1,1,1,1
23.9000,3983,1,1,45477,1,87591,0.519203,1,4,14,332,414438,28.57371,0.00640,2.39795,0.00944,0,1,3,3.618541,2.727261,2.727261,-0.530698,-0.530375,14.431007,397,0.036752,0.004788,36219,14859,8186,5161,3666,2599,1957,1530,13413,1,1,1,1
22.3500,3984,1,1,44019,1,84127,0.523251,1,6,6,99,308724,27.50075,0.00261,2.40106,0.01391,0,1,3,1.881299,1.335488,1.185157,0.005363,0.005522,14.966808,6576,-0.000369,0.076443,34894,14323,7781,4885,3406,2462,1832,1558,12985,1,1,1,1
22.4000,3984,1,1,44310,0,84359,0.525261,1,1,6,1340,371672,27.53538,0.00261,2.40106,0.01391,1,0,3,1.235601,1.000000,1.007951,-0.011921,-0.011867,14.949051,6378,0.000794,0.074230,34898,14508,7861,4952,3447,2497,1885,1513,12797,1,1,1,1
23.0000,3984,1,1,44494,0,85552,0.520087,1,7,7,311,270405,27.95137,0.00261,2.40106,0.01391,1,1,2,1.334938,1.000000,3.341395,-0.220079,-0.220006,14.741151,3988,0.014925,0.047068,35471,14560,7924,4991,3495,2495,1970,1563,13082,1,1,1,1
23.9000,3984,1,1,45908,0,87852,0.522567,1,1,7,151,725895,28.57510,0.00261,2.40106,0.01391,1,0,3,1.407323,1.000000,1.238817,-0.531811,-0.531725,14.429563,402,0.036850,0.004847,36378,14989,8151,5195,3577,2630,1949,1527,13455,1,1,1,1
22.3500,3985,1,1,44211,1,84342,0.524193,2,11,16,155,646910,27.50678,0.00278,2.40816,0.00969,0,1,3,4.612894,3.925083,3.925083,0.008368,0.008752,14.970149,6574,-0.000585,0.076384,35136,14373,7837,5011,3339,2544,1948,1445,12708,1,1,1,1
22.4000,3985,1,1,43981,1,84238,0.522110,1,3,401,401,275340,27.54157,0.00278,2.40816,0.00969,0,1,3,1.982033,1.407033,1.351213,-0.008886,-0.008714,14.952528,6375,0.000583,0.074159,34851,14288,7789,4991,3475,2512,1927,1473,12931,1,1,1,1
23.0000,3985,1,1,44776,0,85699,0.522486,1,4,19,360,484600,27.95745,0.00278,2.40816,0.00969,1,0,3,1.207566,1.000000,1.193386,-0.216816,-0.216769,14.744616,3983,0.014702,0.046987,35586,14339,8130,4950,3519,2527,2000,1518,13129,1,1,1,1
23.9000,3985,1,1,45844,0,87802,0.522135,7,16,16,32,973165,28.58120,0.00278,2.40816,0.00969,1,1,2,1.391095,1.000000,7.624651,-0.528926,-0.528843,14.432464,397,0.036643,0.004785,36506,14750,8193,5235,3606,2598,1966,1592,13355,1,1,1,1
22.3500,3986,1,1,44125,1,84434,0.522604,1,491,491,491,540691,27.50809,0.00278,2.41126,0.01054,0,1,3,2.712494,2.019109,1.808237,0.009007,0.009257,14.970422,6575,-0.000618,0.076375,34934,14439,7945,4931,3386,2511,1962,1533,12792,1,1,1,1
22.4000,3986,1,1,44230,0,84564,0.523042,2,9,32,48,992594,27.54269,0.00278,2.41126,0.01054,1,0,2,1.158154,1.000000,1.629011,-0.008283,-0.008246,14.953153,6376,0.000551,0.074149,35290,14317,7754,5033,3460,2449,1864,1499,12897,1,1,1,1
23.0000,3986,1,1,44959,1,85924,0.523248,2,25,43,57,66076,27.95865,0.00278,2.41126,0.01054,0,0,3,1.950694,1.645534,1.645534,-0.216262,-0.216094,14.744907,3986,0.014656,0.047009,35855,14620,7860,5075,3503,2515,1930,1592,12973,1,1,1,1
23.9000,3986,1,1,45862,0,87844,0.522091,2,284,284,284,75502,28.58241,0.00278,2.41126,0.01054,1,1,2,1.410541,1.000000,140.861482,-0.528703,-0.528616,14.432630,397,0.036626,0.004783,36359,15087,8169,5141,3517,2657,2035,1546,13332,1,1,1,1
22.3500,3987,1,1,43962,0,84325,0.521346,4,13,96,1346,37907,27.51201,0.00261,2.41077,0.00877,1,0,2,1.189834,1.000000,2.783284,0.010888,0.010931,14.972321,6577,-0.000730,0.076369,35066,14264,7789,5063,3390,2455,1947,1508,12842,1,1,1,1
22.4000,3987,1,1,44058,0,84382,0.522132,1,3,10,24,1871250,27.54660,0.00261,2.41077,0.00877,1,0,2,1.296873,1.000000,1.305631,-0.006317,-0.006252,14.955104,6380,0.000418,0.074167,35136,14179,7883,4965,3439,2461,2003,1530,12785,1,1,1,1
23.0000,3987,1,1,44803,1,86121,0.520239,1,3,16,282,54623,27.96263,0.00261,2.41077,0.00877,0,1,3,1.737317,1.230719,1.030115,-0.214296,-0.214158,14.747092,3985,0.014522,0.046979,35966,14505,7971,4966,3550,2527,1987,1571,13077,1,1,1,1
23.9000,3987,1,1,45768,0,87881,0.520801,1,287,287,287,93011,28.58641,0.00261,2.41077,0.00877,1,1,2,1.005263,1.000000,1.581591,-0.526240,-0.526239,14.435199,402,0.036455,0.004842,36470,14746,8275,5124,3638,2647,1980,1636,13364,1,1,1,1
22.3500,3988,1,1,43936,0,84350,0.520883,1,473,473,473,104765,27.50703,0.00278,2.40272,0.01050,1,1,2,1.152832,1.000000,77.932797,0.008125,0.008161,14.969115,6580,-0.000545,0.076401,35061,14303,7863,4983,3309,2572,1932,1472,12854,1,1,1,1
22.4000,3988,1,1,44006,0,84415,0.521312,1,4,17,27,39088,27.54179,0.00278,2.40272,0.01050,1,1,3,1.109594,1.000000,1.058569,-0.008713,-0.008687,14.951986,6383,0.000581,0.074199,35112,14187,7958,4960,3389,2545,1929,1461,12873,1,1,1,1
23.0000,3988,1,1,45125,1,86184,0.523595,1,8,8,35,256210,27.95771,0.00278,2.40272,0.01050,0,0,3,3.151140,2.578984,2.578984,-0.216790,-0.216502,14.744544,3986,0.014684,0.046987,35859,14583,8061,5101,3558,2593,1955,1470,13003,1,1,1,1
23.9000,3988,1,1,45752,0,88236,0.518524,1,6,580,580,31042,28.58151,0.00278,2.40272,0.01050,1,0,2,1.270028,1.000000,2.180897,-0.528667,-0.528607,14.432759,406,0.036625,0.004889,36769,14957,8129,5099,3605,2637,2051,1583,13405,1,1,1,1
22.3500,3989,1,1,43870,0,84262,0.520644,1,66,81,81,150588,27.50776,0.00463,2.41024,0.01008,1,1,2,1.224838,1.000000,16.757611,0.009493,0.009544,14.970594,6578,-0.000638,0.076351,35116,14132,7913,4933,3400,2509,1914,1524,12820,1,1,1,1
22.4000,3989,1,1,43895,1,84360,0.520336,1,11,36,3800,201276,27.54234,0.00463,2.41024,0.01008,0,0,3,2.648137,2.197078,2.197078,-0.007542,-0.007298,14.953729,6377,0.000488,0.074102,34809,14341,8040,4980,3438,2501,1965,1535,12750,1,1,1,1
23.0000,3989,1,1,44718,0,85767,0.521395,1,4,7,17,61368,27.95833,0.00463,2.41024,0.01008,1,0,2,1.301116,1.000000,1.835665,-0.215516,-0.215450,14.745905,3984,0.014611,0.046947,35457,14692,8089,4908,3524,2633,1891,1554,13018,1,1,1,1
23.9000,3989,1,1,46254,0,88658,0.521719,4,39,39,84,303564,28.58214,0.00463,2.41024,0.01008,1,1,2,1.381006,1.000000,17.900523,-0.527709,-0.527628,14.433575,394,0.036556,0.004743,37033,15155,8294,5232,3544,2601,2001,1546,13251,1,1,1,1
22.3500,3990,1,1,44165,1,84380,0.523412,2,2,21,252,106233,27.50372,0.00434,2.40816,0.01133,0,0,3,1.354426,1.046856,1.046856,0.007739,0.007815,14.968935,6586,-0.000522,0.076433,35034,14366,7801,4884,3502,2475,1977,1452,12888,1,1,1,1
22.4000,3990,1,1,44745,1,85085,0.525892,2,5,10,19,85099,27.53846,0.00434,2.40816,0.01133,0,1,3,3.559907,2.791046,2.791046,-0.009756,-0.009438,14.951984,6386,0.000631,0.074196,35542,14570,7818,5018,3448,2544,1904,1518,12722,1,1,1,1
23.0000,3990,1,1,44844,0,85837,0.522438,8,34,65,65,184499,27.95435,0.00434,2.40816,0.01133,1,1,2,1.319720,1.000000,12.997721,-0.217893,-0.217823,14.743524,3993,0.014774,0.047049,35525,14535,7988,5201,3655,2533,1909,1534,12956,1,1,1,1
23.9000,3990,1,1,45803,1,88136,0.519691,6,3,30,46,219160,28.57818,0.00434,2.40816,0.01133,0,1,3,1.558630,1.380334,1.380334,-0.529526,-0.529414,14.432020,402,0.036683,0.004839,36419,15153,8147,5209,3651,2621,1948,1623,13364,1,1,1,1
22.3500,3991,1,1,44158,0,84733,0.521149,8,8,49,49,43521,27.50458,0.00226,2.41275,0.00947,1,1,2,1.190135,1.000000,1.858431,0.007121,0.007164,14.968173,6586,-0.000479,0.076418,35330,14377,7770,4998,3335,2638,1957,1531,12796,1,1,1,1
22.4000,3991,1,1,43829,1,84252,0.520219,1,6,15,119,493261,27.53932,0.00226,2.41275,0.00947,0,0,3,2.295273,1.676127,1.676127,-0.010230,-0.010022,14.951169,6387,0.000670,0.074193,35027,14215,7868,4878,3344,2533,1982,1519,12885,1,1,1,1
23.0000,3991,1,1,44740,0,85844,0.521184,1,3,7,12,81923,27.95527,0.00226,2.41275,0.00947,1,1,3,1.202501,1.000000,1.083074,-0.218150,-0.218104,14.742920,3991,0.014794,0.047016,35746,14345,7864,5246,3545,2517,1987,1578,13015,1,1,1,1
23.9000,3991,1,1,45753,1,87581,0.522414,2,5,41,81,17969,28.57895,0.00226,2.41275,0.00947,0,0,3,1.359683,1.005276,1.005276,-0.529983,-0.529906,14.431269,400,0.036719,0.004814,36338,14687,8106,5133,3571,2557,1959,1595,13634,1,1,1,1
22.3500,3992,1,1,43991,1,84248,0.522167,2,1,6,135,108204,27.50147,0.00243,2.40518,0.00951,0,1,3,1.531701,1.086445,1.086445,0.005607,0.005714,14.966999,6589,-0.000382,0.076440,34927,14339,7889,4841,3383,2517,1980,1534,12837,1,1,1,1
22.4000,3992,1,1,44238,0,84652,0.522593,5,7,22,22,302186,27.53603,0.00243,2.40518,0.00951,1,1,2,1.399482,1.000000,3.613373,-0.011819,-0.011735,14.949491,6392,0.000785,0.074241,35139,14328,7961,4996,3448,2538,1914,1537,12790,1,1,1,1
23.0000,3992,1,1,44740,0,85775,0.521603,4,5,59,59,385137,27.95206,0.00243,2.40518,0.00951,1,0,2,1.223672,1.000000,1.537929,-0.219726,-0.219675,14.741705,3994,0.014902,0.047043,35465,14603,8121,5031,3485,2536,1933,1480,13120,1,1,1,1
23.9000,3992,1,1,46014,0,87959,0.523136,1,4,120,120,22886,28.57575,0.00243,2.40518,0.00951,1,1,2,1.301203,1.000000,1.765902,-0.531588,-0.531522,14.429605,402,0.036835,0.004837,36599,14730,8180,5194,3600,2616,1957,1550,13532,1,1,1,1
22.3500,3993,1,1,44209,1,84489,0.523258,1,34,34,34,127352,27.50361,0.00260,2.40661,0.00918,0,0,3,2.397771,1.957517,1.957517,0.006750,0.006969,14.968020,6588,-0.000466,0.076404,35068,14376,7886,4947,3454,2535,1941,1473,12808,1,1,1,1
22.4000,3993,1,1,44227,1,84259,0.524900,1,10,10,68,77455,27.53833,0.00260,2.40661,0.00918,0,0,3,3.831924,3.117180,3.117180,-0.010670,-0.010333,14.950722,6389,0.000691,0.074182,34808,14327,7861,4993,3431,2474,1963,1491,12910,1,1,1,1
23.0000,3993,1,1,45171,1,86421,0.522692,4,3,9,34,27264,27.95425,0.00260,2.40661,0.00918,0,1,3,1.219192,1.004436,1.004436,-0.218489,-0.218440,14.742944,3991,0.014817,0.046992,36013,14760,8026,5073,3556,2585,1926,1467,13014,1,1,1,1
23.9000,3993,1,1,45965,1,88122,0.521612,4,19,19,28,147468,28.57796,0.00260,2.40661,0.00918,0,1,3,7.738480,7.010675,7.010675,-0.530588,-0.530076,14.431357,398,0.036731,0.004787,36718,14804,8190,5175,3582,2629,1909,1573,13541,1,1,1,1
22.3500,3994,1,1,43929,1,84587,0.519341,57,4,57,57,553173,27.50053,0.00260,2.40458,0.00919,0,1,3,1.797114,1.286916,1.286916,0.005331,0.005478,14.966781,6589,-0.000366,0.076403,35150,14425,7857,4962,3525,2500,1834,1522,12811,1,1,1,1
22.4000,3994,1,1,44097,1,84430,0.522297,1,884,884,884,59641,27.53524,0.00260,2.40458,0.00919,0,1,3,597.717569,441.005247,441.005247,-0.012763,-0.011162,14.950277,6391,0.000747,0.074189,35118,14358,7823,4967,3270,2494,1907,1503,12989,1,1,1,1
23.0000,3994,1,1,44597,1,85858,0.519433,2,346,346,346,187464,27.95123,0.00260,2.40458,0.00919,0,1,3,212.799955,167.950469,167.950469,-0.220638,-0.219296,14.742143,3992,0.014875,0.046995,35629,14677,7932,4951,3515,2596,1890,1525,13142,1,1,1,1
23.9000,3994,1,1,46105,1,88159,0.522981,7,1,7,40,136480,28.57496,0.00260,2.40458,0.00919,0,1,3,1.232869,1.025718,1.025718,-0.531855,-0.531802,14.429018,398,0.036856,0.004787,36521,14829,8453,5069,3598,2613,2070,1625,13380,1,1,1,1
22.3500,3995,1,1,44152,0,84376,0.523283,20,12,5882,5882,183616,27.49503,0.00459,2.40544,0.00980,1,1,2,1.318833,1.000000,4.731201,0.003291,0.003360,14.964708,6592,-0.000225,0.076429,34950,14294,7879,5073,3468,2544,1837,1569,12761,1,1,1,1
22.4000,3995,1,1,43961,1,84505,0.520224,2,29,29,161,728639,27.52974,0.00459,2.40544,0.00980,0,0,3,5.085754,4.727461,4.727461,-0.014059,-0.013652,14.947134,6392,0.000913,0.074197,35188,14191,7752,4889,3445,2542,1948,1532,13017,1,1,1,1
23.0000,3995,1,1,44817,1,85830,0.522166,1,2,47,76,748147,27.94562,0.00459,2.40544,0.00980,0,1,3,1.951474,1.477619,1.477619,-0.221851,-0.221684,14.739449,3995,0.015040,0.047027,35555,14581,7892,5141,3463,2560,2040,1528,13069,1,1,1,1
23.9000,3995,1,1,45929,1,88208,0.520696,1,8,306,306,158745,28.56937,0.00459,2.40544,0.00980,0,1,3,1.973087,1.556471,1.556471,-0.533736,-0.533566,14.427801,401,0.036982,0.004822,36628,15101,8233,5144,3581,2548,2019,1560,13393,1,1,1,1
22.3500,3996,1,1,44451,1,84691,0.524867,5,5,60,97,72242,27.49617,0.00243,2.39933,0.01281,0,1,3,1.690846,1.205177,1.162406,0.003024,0.003156,14.964452,6594,-0.000211,0.076434,35214,14351,7946,4938,3540,2509,1868,1559,12765,1,1,1,1
22.4000,3996,1,1,44101,1,84448,0.522233,3,2,5,142,1262121,27.53086,0.00243,2.39933,0.01281,0,1,3,1.843736,1.432922,1.432922,-0.014353,-0.014200,14.947160,6394,0.000950,0.074202,34966,14193,7961,4997,3471,2613,1899,1523,12824,1,1,1,1
23.0000,3996,1,1,44933,1,86304,0.520642,29,98,98,98,24068,27.94682,0.00243,2.39933,0.01281,0,1,3,2.635077,2.070000,2.000823,-0.222377,-0.222134,14.739231,3998,0.015071,0.047051,36195,14520,7901,4945,3535,2433,1990,1576,13208,1,1,1,1
23.9000,3996,1,1,46025,1,88394,0.520686,7,8,8,45,122195,28.57058,0.00243,2.39933,0.01281,0,0,3,1.212095,1.090211,1.090211,-0.534184,-0.534136,14.426744,402,0.037024,0.004833,36940,14951,8203,5175,3626,2660,1959,1576,13303,1,1,1,1
22.3500,3997,1,1,44119,1,84362,0.522979,2,10,10,52,196010,27.50733,0.00260,2.40394,0.00850,0,0,3,1.540673,1.218040,1.218040,0.008739,0.008847,14.969940,6592,-0.000591,0.076364,34940,14276,7838,5001,3403,2559,1953,1464,12927,1,1,1,1
22.4000,3997,1,1,44284,0,85091,0.520437,1,1,23,42,1058980,27.54201,0.00260,2.40394,0.00850,1,1,3,1.397287,1.000000,1.128784,-0.008587,-0.008504,14.952720,6392,0.000569,0.074132,35461,14337,7979,5003,3528,2474,1973,1556,12779,1,1,1,1
23.0000,3997,1,1,45167,1,86286,0.523463,1,9,231,231,113322,27.95804,0.00260,2.40394,0.00850,0,0,3,2.216274,1.754195,1.754195,-0.216663,-0.216464,14.744628,3995,0.014681,0.046987,35848,14500,8088,5168,3519,2671,1968,1593,12930,1,1,1,1
23.9000,3997,1,1,45906,0,87887,0.522336,1,40,40,149,124663,28.58182,0.00260,2.40394,0.00850,1,1,2,1.215554,1.000000,9.779778,-0.528769,-0.528721,14.432662,396,0.036634,0.004758,36509,14802,8063,5249,3506,2669,2028,1593,13467,1,1,1,1
22.3500,3998,1,1,44449,1,84769,0.524361,1,1043,1043,1043,2016802,27.50478,0.00243,2.40506,0.00832,0,1,3,516.237574,448.623331,448.623331,0.006525,0.008087,14.969527,6595,-0.000540,0.076382,35138,14569,7976,4879,3445,2488,2035,1508,12730,1,1,1,1
22.4000,3998,1,1,44267,1,84777,0.522164,1,15,34,937,527485,27.53946,0.00243,2.40506,0.00832,0,1,3,11.087664,8.049973,8.049973,-0.010309,-0.009708,14.951044,6395,0.000649,0.074157,35204,14409,8042,4964,3432,2401,2000,1479,12845,1,1,1,1
23.0000,3998,1,1,45090,0,86289,0.522552,3,9,67,574,82369,27.95538,0.00243,2.40506,0.00832,1,0,2,1.167409,1.000000,1.684751,-0.218075,-0.218037,14.743360,3999,0.014789,0.047026,36084,14405,8129,5055,3512,2509,1916,1517,13161,1,1,1,1
23.9000,3998,1,1,45734,0,88104,0.519097,2,123,123,123,472499,28.57918,0.00243,2.40506,0.00832,1,1,2,1.414212,1.000000,61.837772,-0.530425,-0.530338,14.430928,401,0.036750,0.004818,36390,15202,8200,5149,3626,2580,2079,1581,13296,1,1,1,1
22.3500,3999,1,1,44085,1,84852,0.519558,1,9,9,1217,172999,27.50329,0.00405,2.40293,0.01017,0,1,3,5.029931,4.296604,4.296604,0.007231,0.007635,14.969068,6596,-0.000510,0.076377,35264,14413,7819,5120,3494,2481,1894,1567,12799,1,1,1,1
22.4000,3999,1,1,44003,1,84720,0.519399,25,46,195,195,306425,27.53795,0.00405,2.40293,0.01017,0,1,3,25.819888,21.433651,21.433651,-0.010304,-0.009491,14.951942,6395,0.000635,0.074134,35295,14331,7914,4883,3478,2463,1880,1537,12938,1,1,1,1
23.0000,3999,1,1,45088,0,85992,0.524334,2,7,403,403,888091,27.95395,0.00405,2.40293,0.01017,1,1,2,1.157253,1.000000,1.266198,-0.217945,-0.217908,14.743055,3995,0.014780,0.046968,35676,14444,8078,5138,3503,2518,1984,1573,13077,1,1,1,1
23.9000,3999,1,1,46103,1,88337,0.521905,1,3,21,37,40531,28.57776,0.00405,2.40293,0.01017,0,1,3,1.254741,1.078815,1.078815,-0.529833,-0.529776,14.431622,396,0.036709,0.004756,36740,15106,8098,5219,3592,2627,1974,1592,13388,1,1,1,1
22.3500,4000,1,1,44088,0,84647,0.520852,22,3,22,122,66997,27.50457,0.00260,2.40819,0.00745,1,1,2,1.401763,1.000000,1.951736,0.007133,0.007217,14.968515,6603,-0.000482,0.076441,35183,14347,7736,5024,3449,2603,1927,1528,12849,1,1,1,1
22.4000,4000,1,1,44394,0,84908,0.522854,2,6,9,13,119161,27.53922,0.00260,2.40819,0.00745,1,0,2,1.276368,1.000000,2.171833,-0.010210,-0.010149,14.951215,6402,0.000679,0.074200,35319,14428,7827,4968,3525,2578,1909,1484,12869,1,1,1,1
23.0000,4000,1,1,44826,0,86006,0.521202,1,1,30,63,116030,27.95511,0.00260,2.40819,0.00745,1,1,3,1.311342,1.000000,1.206045,-0.218075,-0.218007,14.743427,4003,0.014787,0.047049,35741,14608,7931,5131,3461,2560,1933,1553,13087,1,1,1,1
23.9000,4000,1,1,46195,1,88573,0.521553,12,9,19,130,73852,28.57894,0.00260,2.40819,0.00745,0,0,3,1.422948,1.346117,1.346117,-0.530012,-0.529924,14.430794,402,0.036722,0.004827,36911,15041,8364,5175,3530,2593,2012,1610,13336,1,1,1,1
22.3500,4001,1,1,43964,0,84509,0.520235,1,2198,2198,2198,123091,27.50465,0.00277,2.40996,0.00917,1,1,2,1.389300,1.000000,1022.769203,0.006538,0.006620,14.967930,6601,-0.000442,0.076402,34852,14395,8030,5017,3480,2504,1889,1540,12801,1,1,1,1
22.4000,4001,1,1,44112,0,84814,0.520109,1,25,40,56,4701184,27.53930,0.00277,2.40996,0.00917,1,1,2,1.255448,1.000000,7.546203,-0.010173,-0.010116,14.950968,6400,0.000677,0.074160,35137,14490,7759,5092,3522,2464,1918,1536,12895,1,1,1,1
23.0000,4001,1,1,44720,0,85927,0.520448,2,5,14,217,263267,27.95526,0.00277,2.40996,0.00917,1,0,2,1.257958,1.000000,1.758035,-0.217969,-0.217912,14.743458,3999,0.014780,0.046990,35565,14474,8159,5009,3477,2570,1992,1518,13162,1,1,1,1
23.9000,4001,1,1,46027,1,88420,0.520556,1,6,47,65,153226,28.57894,0.00277,2.40996,0.00917,0,0,3,2.178618,1.621515,1.621515,-0.529794,-0.529599,14.431568,399,0.036697,0.004790,36742,15096,8325,5185,3515,2616,2007,1564,13369,1,1,1,1
22.3500,4002,1,1,44289,1,84393,0.524801,1,4,19,85,175630,27.50601,0.00351,2.41243,0.00905,0,0,3,1.493450,1.062996,1.062996,0.008518,0.008618,14.969854,6602,-0.000576,0.076385,34938,14224,7897,5040,3449,2542,1907,1534,12861,1,1,1,1
22.4000,4002,1,1,44278,0,85013,0.520844,12,3,12,71,658321,27.54065,0.00351,2.41243,0.00905,1,1,2,1.313478,1.000000,1.356351,-0.008848,-0.008780,14.952360,6403,0.000587,0.074169,35472,14339,7968,4974,3464,2524,1944,1553,12774,1,1,1,1
23.0000,4002,1,1,44702,0,85951,0.520093,3,8,233,233,60911,27.95668,0.00351,2.41243,0.00905,1,1,2,1.262103,1.000000,2.649270,-0.216943,-0.216885,14.744484,4008,0.014710,0.047081,35448,14582,8211,5123,3459,2611,1959,1507,13050,1,1,1,1
23.9000,4002,1,1,45960,0,88061,0.521917,1,21,21,2368,455579,28.58037,0.00351,2.41243,0.00905,1,1,2,1.413477,1.000000,11.343241,-0.528974,-0.528887,14.432388,400,0.036646,0.004800,36486,15009,8172,5258,3497,2663,1964,1592,13419,1,1,1,1
22.3500,4003,1,1,44237,1,84545,0.523242,1,3,14,116,370839,27.50494,0.00260,2.40637,0.00814,0,1,3,2.697407,2.031572,2.031572,0.007321,0.007569,14.968973,6603,-0.000506,0.076382,35136,14200,7871,4905,3535,2519,2001,1503,12874,1,1,1,1
22.4000,4003,1,1,44326,0,84741,0.523082,11,2,11,48,173976,27.53957,0.00260,2.40637,0.00814,1,1,3,1.412301,1.000000,1.192253,-0.009929,-0.009842,14.951437,6403,0.000658,0.074155,35207,14415,7782,5047,3440,2461,1911,1500,12977,1,1,1,1
23.0000,4003,1,1,44723,1,85976,0.520186,37,19,47,123,351025,27.95549,0.00260,2.40637,0.00814,0,1,3,6.031101,5.739654,5.739654,-0.218086,-0.217637,14.742438,4001,0.014763,0.046994,35436,14820,7964,5046,3549,2611,1955,1537,13057,1,1,1,1
23.9000,4003,1,1,45842,0,87974,0.521092,1,9,26,26,143754,28.57921,0.00260,2.40637,0.00814,1,1,2,1.141095,1.000000,1.512227,-0.529775,-0.529742,14.431195,399,0.036708,0.004788,36390,14913,8374,5182,3596,2562,1987,1510,13459,1,1,1,1
22.3500,4004,1,1,44125,1,84764,0.520569,1,2,6,38,84259,27.51147,0.00277,2.40771,0.00845,0,1,3,1.805029,1.379513,1.379513,0.010782,0.010929,14.972282,6606,-0.000730,0.076380,35057,14432,7993,4943,3482,2590,1941,1495,12830,1,1,1,1
22.4000,4004,1,1,44198,0,84500,0.523059,1,11,86,147,2164961,27.54609,0.00277,2.40771,0.00845,1,1,2,1.391003,1.000000,5.790712,-0.006710,-0.006627,14.954589,6405,0.000443,0.074144,34943,14437,7784,4999,3438,2492,1929,1571,12906,1,1,1,1
23.0000,4004,1,1,45187,1,86501,0.522393,14,1,20,34,262504,27.96208,0.00277,2.40771,0.00845,0,1,3,1.114869,1.037326,1.037326,-0.214476,-0.214449,14.746257,4004,0.014543,0.047005,36109,14726,7998,5097,3472,2411,1937,1561,13189,1,1,1,1
23.9000,4004,1,1,45936,0,88030,0.521828,12,5,22,506,383793,28.58581,0.00277,2.40771,0.00845,1,1,2,1.232977,1.000000,1.512578,-0.526401,-0.526349,14.434712,399,0.036464,0.004785,36388,15015,8109,5269,3557,2585,2044,1609,13453,1,1,1,1
22.3500,4005,1,1,44189,1,84508,0.522903,1,1,12,17,57439,27.51275,0.00294,2.41165,0.00897,0,0,3,1.479187,1.072763,1.072763,0.011601,0.011699,14.972901,6610,-0.000781,0.076404,35101,14409,7870,4837,3475,2560,1904,1501,12850,1,1,1,1
22.4000,4005,1,1,44216,0,84609,0.522598,1,7,27,67,504357,27.54754,0.00294,2.41165,0.00897,1,1,2,1.342349,1.000000,3.266616,-0.005932,-0.005858,14.955308,6402,0.000392,0.074087,34934,14530,7925,4949,3359,2493,1930,1548,12940,1,1,1,1
23.0000,4005,1,1,45099,1,86193,0.523239,1,1,14,14,325053,27.96343,0.00294,2.41165,0.00897,0,0,3,1.376306,1.001147,1.001147,-0.213728,-0.213648,14.747550,3999,0.014487,0.046930,35795,14459,8169,5023,3496,2638,1954,1508,13150,1,1,1,1
23.9000,4005,1,1,45939,1,88268,0.520455,3,3,8,68,72474,28.58717,0.00294,2.41165,0.00897,0,1,3,2.047839,1.635651,1.635651,-0.525663,-0.525484,14.435937,395,0.036401,0.004736,36649,15046,8208,5276,3521,2542,2033,1587,13405,1,1,1,1
22.3500,4006,1,1,44195,1,84799,0.521180,2,3,3,102,48552,27.50921,0.00443,2.41536,0.00813,0,1,3,1.778229,1.472426,1.472426,0.010423,0.010566,14.971952,6608,-0.000706,0.076367,35236,14399,7770,4972,3470,2583,1957,1513,12898,1,1,1,1
22.4000,4006,1,1,44239,1,84906,0.521041,8,72,72,72,1057339,27.54382,0.00443,2.41536,0.00813,0,1,3,2.194927,1.590950,1.371548,-0.006873,-0.006676,14.954641,6408,0.000446,0.074141,35085,14778,7829,4969,3502,2505,1872,1513,12852,1,1,1,1
23.0000,4006,1,1,44997,1,86363,0.521028,2,5,6,71,74394,27.95977,0.00443,2.41536,0.00813,0,1,3,1.378723,1.031723,1.031723,-0.214812,-0.214732,14.746609,4004,0.014561,0.046980,35969,14634,8031,5078,3537,2536,1938,1541,13098,1,1,1,1
23.9000,4006,1,1,45734,0,88201,0.518526,6,4,253,253,335503,28.58354,0.00443,2.41536,0.00813,1,1,2,1.331139,1.000000,1.822314,-0.526767,-0.526695,14.434461,400,0.036489,0.004795,36561,15157,8180,5042,3502,2637,2058,1599,13464,1,1,1,1
22.3500,4007,1,1,44521,1,85019,0.523666,2,201,201,201,219280,27.50591,0.00432,2.41487,0.00848,0,1,3,50.837764,48.877694,48.877694,0.008340,0.009321,14.969596,6608,-0.000623,0.076360,35384,14618,7924,4905,3317,2503,1940,1595,12832,1,1,1,1
22.4000,4007,1,1,44410,0,84808,0.523660,3,4,284,284,36667,27.54051,0.00432,2.41487,0.00848,1,1,2,1.397053,1.000000,2.128376,-0.008564,-0.008481,14.952744,6409,0.000567,0.074144,35086,14597,7934,5021,3367,2488,1927,1474,12913,1,1,1,1
23.0000,4007,1,1,45049,1,86148,0.522932,2,15,15,127,93747,27.95653,0.00432,2.41487,0.00848,0,1,3,2.496914,2.171176,2.171176,-0.216583,-0.216354,14.745048,4003,0.014673,0.046962,35846,14624,7888,5140,3456,2507,1945,1500,13241,1,1,1,1
23.9000,4007,1,1,46357,1,88598,0.523234,3,14,27,53,76202,28.58031,0.00432,2.41487,0.00848,0,1,3,1.657998,1.196193,1.118483,-0.528381,-0.528255,14.433058,398,0.036600,0.004770,36855,15123,8157,5168,3585,2670,1972,1617,13450,1,1,1,1
22.3500,4008,1,1,43986,0,84339,0.521544,1,27,27,29,441137,27.50599,0.00277,2.41426,0.01192,1,1,2,1.081902,1.000000,2.468770,0.008039,0.008059,14.969478,6612,-0.000538,0.076388,34623,14442,7994,4941,3411,2586,1879,1481,12981,1,1,1,1
22.4000,4008,1,1,44134,0,84631,0.521494,2,51,51,110,97666,27.54075,0.00277,2.41426,0.01192,1,1,2,1.024932,1.000000,1.301486,-0.009262,-0.009256,14.951260,6412,0.000619,0.074167,34975,14367,7788,5072,3546,2518,1921,1546,12897,1,1,1,1
23.0000,4008,1,1,44900,0,86572,0.518649,4,30,30,180,305278,27.95668,0.00277,2.41426,0.01192,1,1,2,1.057636,1.000000,1.798363,-0.217264,-0.217250,14.743472,4006,0.014735,0.046990,35799,14893,8032,5094,3653,2637,2004,1544,12915,1,1,1,1
23.9000,4008,1,1,46036,0,88504,0.520163,1,15,165,165,135380,28.58048,0.00277,2.41426,0.01192,1,1,2,1.085908,1.000000,1.524413,-0.529140,-0.529119,14.432299,399,0.036662,0.004781,36738,14955,8124,5350,3741,2572,2045,1519,13459,1,1,1,1
22.3500,4009,1,1,44195,1,85091,0.519391,1,13,13,37,199923,27.51044,0.00294,2.41993,0.00944,0,1,3,4.416827,4.002064,4.002064,0.010177,0.010547,14.971968,6613,-0.000704,0.076368,35494,14488,7848,5034,3471,2455,1915,1560,12825,1,1,1,1
22.4000,4009,1,1,44502,0,84715,0.525320,3,2,13,387,5825599,27.54502,0.00294,2.41993,0.00944,1,1,3,1.383876,1.000000,1.311097,-0.006965,-0.006884,14.954431,6410,0.000460,0.074110,35081,14304,8015,5049,3458,2507,1961,1544,12795,1,1,1,1
23.0000,4009,1,1,45055,1,86194,0.522722,1,147,147,427,2539576,27.96101,0.00294,2.41993,0.00944,0,1,3,85.031720,69.573968,69.573968,-0.215465,-0.214357,14.745877,4003,0.014537,0.046936,35642,14695,8201,5058,3536,2468,1889,1510,13194,1,1,1,1
23.9000,4009,1,1,46010,0,88408,0.520434,1,956,956,956,719937,28.58483,0.00294,2.41993,0.00944,1,1,2,1.004066,1.000000,3.920620,-0.527014,-0.527013,14.434427,395,0.036511,0.004731,36520,15096,8251,5115,3742,2674,2029,1582,13398,1,1,1,1
22.3500,4010,1,1,44323,1,84759,0.522936,1,15,20,32,365695,27.50836,0.00294,2.41760,0.00847,0,1,3,7.293047,6.209790,6.209790,0.009139,0.009634,14.971043,6611,-0.000644,0.076330,35253,14198,7962,4970,3493,2471,1975,1517,12919,1,1,1,1
22.4000,4010,1,1,44460,0,85010,0.523003,1,9,9,327,171011,27.54310,0.00294,2.41760,0.00847,1,1,2,1.310943,1.000000,3.739080,-0.008170,-0.008103,14.953035,6410,0.000542,0.074099,35267,14538,7966,5001,3430,2551,1876,1466,12914,1,1,1,1
23.0000,4010,1,1,45126,0,86149,0.523819,1,7,95,96,111301,27.95899,0.00294,2.41760,0.00847,1,1,2,1.400293,1.000000,4.100705,-0.216126,-0.216042,14.745188,4004,0.014652,0.046938,35728,14659,7885,5110,3547,2530,2003,1565,13121,1,1,1,1
23.9000,4010,1,1,46161,1,88589,0.521075,267,17,267,267,2396535,28.58282,0.00294,2.41760,0.00847,0,0,3,1.634980,1.631263,1.631263,-0.527927,-0.527804,14.432119,395,0.036571,0.004731,36715,15057,8362,5217,3636,2578,2036,1631,13356,1,1,1,1
22.3500,4011,1,1,44132,0,84407,0.522854,1,27,27,27,41180,27.51206,0.00190,2.42095,0.00778,1,1,2,1.299558,1.000000,9.695470,0.010476,0.010541,14.971669,6624,-0.000704,0.076458,34926,14355,7807,4941,3485,2558,1910,1499,12925,1,1,1,1
22.4000,4011,1,1,44196,0,84876,0.520719,1,2029,2029,2029,905271,27.54679,0.00190,2.42095,0.00778,1,1,2,1.072533,1.000000,152.582361,-0.007235,-0.007218,14.953560,6422,0.000483,0.074216,35275,14329,7938,4946,3454,2513,1897,1433,13090,1,1,1,1
23.0000,4011,1,1,44781,1,86176,0.519652,2,7,20,61,31245,27.96275,0.00190,2.42095,0.00778,0,0,3,2.244338,1.856506,1.856506,-0.214664,-0.214463,14.746572,4016,0.014543,0.047063,35771,14597,7961,5014,3510,2529,1939,1595,13259,1,1,1,1
23.9000,4011,1,1,46099,1,88534,0.520698,11,3,31,76,319580,28.58643,0.00190,2.42095,0.00778,0,1,3,2.012211,1.601981,1.601981,-0.526484,-0.526310,14.434290,406,0.036462,0.004861,36639,15086,8255,5132,3574,2746,2003,1642,13456,1,1,1,1
22.3500,4012,1,1,44310,0,84623,0.523623,1,1,4,381,313587,27.51361,0.00207,2.42162,0.00820,1,0,3,1.400122,1.000000,1.055283,0.011500,0.011584,14.972885,6626,-0.000774,0.076456,34996,14289,7869,5098,3411,2648,1905,1569,12837,1,1,1,1
22.4000,4012,1,1,44183,1,84758,0.521290,1,3,8,274,26576,27.54816,0.00207,2.42162,0.00820,0,0,3,1.756685,1.272300,1.272300,-0.005797,-0.005656,14.955549,6424,0.000378,0.074211,35211,14354,7829,5022,3438,2486,1939,1452,13026,1,1,1,1
23.0000,4012,1,1,44860,0,86255,0.520092,1,2,18,19,120250,27.96419,0.00207,2.42162,0.00820,1,1,3,1.376068,1.000000,1.412330,-0.213821,-0.213741,14.747459,4016,0.014493,0.047048,35560,14660,8062,5142,3545,2515,2002,1632,13136,1,1,1,1
23.9000,4012,1,1,46184,0,88652,0.520964,4,3,92,92,1013182,28.58788,0.00207,2.42162,0.00820,1,1,2,1.366556,1.000000,1.411852,-0.525672,-0.525594,14.435596,406,0.036410,0.004859,36766,15171,8285,5211,3632,2654,1973,1522,13437,1,1,1,1
22.3500,4013,1,1,44290,0,85043,0.520801,1,1,10,120,176447,27.51345,0.00225,2.41476,0.01015,1,1,3,1.382076,1.000000,1.170616,0.011559,0.011640,14.972847,6622,-0.000777,0.076391,35179,14710,7986,4998,3377,2459,1885,1506,12942,1,1,1,1
22.4000,4013,1,1,44350,0,84931,0.522195,1,63,63,268,1277989,27.54817,0.00225,2.41476,0.01015,1,1,2,1.039683,1.000000,2.619816,-0.005901,-0.005891,14.955540,6421,0.000394,0.074158,35423,14322,7755,4983,3397,2604,1952,1499,12995,1,1,1,1
23.0000,4013,1,1,44702,0,86046,0.519519,9,288,288,288,1213665,27.96409,0.00225,2.41476,0.01015,1,0,2,1.043539,1.000000,12.836104,-0.214061,-0.214050,14.747379,4013,0.014514,0.047001,35531,14731,7904,5162,3511,2550,1959,1524,13173,1,1,1,1
23.9000,4013,1,1,46361,1,88991,0.520969,9,2,26,34,633671,28.58781,0.00225,2.41476,0.01015,0,1,3,1.720949,1.217362,1.217362,-0.525612,-0.525477,14.435783,402,0.036401,0.004810,37217,14923,8394,5328,3543,2679,1977,1597,13332,1,1,1,1
22.3500,4014,1,1,44574,0,85048,0.524110,1,2,10,42,94224,27.51426,0.00561,2.41172,0.00794,1,1,2,1.414094,1.000000,1.792824,0.013653,0.013739,14.975010,6626,-0.000917,0.076407,35304,14388,8059,5074,3374,2446,1900,1575,12927,1,1,1,1
22.4000,4014,1,1,44280,0,84826,0.522016,2,56,56,109,123067,27.54897,0.00561,2.41172,0.00794,1,1,2,1.234647,1.000000,14.834754,-0.003965,-0.003913,14.957151,6425,0.000262,0.074178,35277,14204,7886,5005,3403,2562,1889,1535,13064,1,1,1,1
23.0000,4014,1,1,45215,1,86463,0.522946,1,1,101,101,61621,27.96496,0.00561,2.41172,0.00794,0,1,3,1.641972,1.274511,1.274511,-0.211647,-0.211524,14.749837,4016,0.014341,0.047017,35938,14793,8014,5153,3401,2483,1984,1500,13196,1,1,1,1
23.9000,4014,1,1,46354,0,88828,0.521846,2,8,12,26,30879,28.58869,0.00561,2.41172,0.00794,1,1,2,1.119088,1.000000,1.196579,-0.523509,-0.523481,14.437418,404,0.036259,0.004832,36976,15230,8218,5155,3692,2633,1927,1660,13336,1,1,1,1
22.3500,4015,1,1,44424,0,85190,0.521476,1,1,7,108,1095497,27.51338,0.00207,2.40756,0.00948,1,1,3,1.389672,1.000000,1.015782,0.011417,0.011499,14.972715,6625,-0.000768,0.076388,35324,14618,8002,4962,3464,2547,1853,1550,12869,1,1,1,1
22.4000,4015,1,1,43989,1,84398,0.521215,1,34,34,34,74896,27.54808,0.00207,2.40756,0.00948,0,1,3,20.783672,16.657392,16.657392,-0.006297,-0.005541,14.955073,6424,0.000371,0.074158,34864,14343,7782,4987,3319,2551,1986,1520,13045,1,1,1,1
23.0000,4015,1,1,45422,0,86754,0.523578,4,5,5,147,38250,27.96397,0.00207,2.40756,0.00948,1,1,3,1.170111,1.000000,1.199713,-0.213902,-0.213863,14.747122,4017,0.014502,0.047026,35762,14976,8089,5284,3447,2586,1998,1614,12997,1,1,1,1
23.9000,4015,1,1,46079,1,88675,0.519645,1,2,230,230,164133,28.58772,0.00207,2.40756,0.00948,0,0,3,1.786658,1.289920,1.289920,-0.525796,-0.525651,14.435559,402,0.036414,0.004808,36931,14972,8244,5145,3564,2645,2022,1609,13542,1,1,1,1
22.3500,4016,1,1,44392,0,84866,0.523090,5,3,12,156,117155,27.51335,0.00493,2.40861,0.00861,1,1,2,1.336433,1.000000,1.527624,0.012828,0.012900,14.974062,6631,-0.000862,0.076431,35254,14501,7828,5031,3330,2535,1920,1514,12952,1,1,1,1
22.4000,4016,1,1,44433,1,84897,0.523382,2,12,75,650,2499005,27.54805,0.00493,2.40861,0.00861,0,1,3,7.687764,6.093496,6.093496,-0.004690,-0.004182,14.956467,6430,0.000280,0.074202,34956,14653,7864,5057,3461,2585,1837,1517,12966,1,1,1,1
23.0000,4016,1,1,45024,0,86277,0.521860,1,33,33,502,78127,27.96400,0.00493,2.40861,0.00861,1,1,2,1.265368,1.000000,10.410895,-0.212735,-0.212677,14.748419,4020,0.014420,0.047045,35771,14779,7953,5035,3433,2624,1993,1491,13197,1,1,1,1
23.9000,4016,1,1,46247,1,88478,0.522701,73,2,73,194,86234,28.58777,0.00493,2.40861,0.00861,0,1,3,1.664258,1.237076,1.237076,-0.524349,-0.524222,14.437170,411,0.036311,0.004914,36633,14955,8218,5272,3596,2702,1987,1660,13454,1,1,1,1
22.3500,4017,1,1,44453,1,85085,0.522460,1,7,9,91,227347,27.51695,0.00242,2.41321,0.00950,0,1,3,3.108898,2.709239,2.709239,0.013359,0.013642,14.975048,6630,-0.000911,0.076396,35427,14395,7857,5053,3535,2583,1893,1537,12804,1,1,1,1
22.4000,4017,1,1,44360,0,85062,0.521508,2,54,54,116,210171,27.55164,0.00242,2.41321,0.00950,1,1,3,1.018356,1.000000,1.012913,-0.003861,-0.003856,14.956587,6428,0.000258,0.074160,35322,14475,7995,4978,3395,2503,1912,1540,12941,1,1,1,1
23.0000,4017,1,1,44921,1,86188,0.521204,2,3,408,408,357716,27.96766,0.00242,2.41321,0.00950,0,1,3,1.464788,1.381139,1.381139,-0.211907,-0.211812,14.749625,4018,0.014361,0.047006,35659,14589,8173,5044,3459,2569,1944,1509,13241,1,1,1,1
23.9000,4017,1,1,46001,1,88381,0.520491,1,5,5,45,286171,28.59144,0.00242,2.41321,0.00950,0,0,3,1.418773,1.027556,1.027556,-0.523756,-0.523669,14.437537,402,0.036271,0.004805,36683,14870,8324,5133,3578,2674,2023,1616,13479,1,1,1,1
22.3500,4018,1,1,44871,1,85390,0.525489,2,6,48,154,81770,27.52280,0.00242,2.41767,0.01081,0,1,3,1.227094,1.009747,1.009747,0.016295,0.016345,14.977730,6630,-0.001091,0.076363,35555,14579,7774,5183,3450,2512,1954,1576,12806,1,1,1,1
22.4000,4018,1,1,44676,0,85540,0.522288,28,3,28,41,34130,27.55748,0.00242,2.41767,0.01081,1,1,2,1.414154,1.000000,1.662060,-0.001100,-0.001014,14.960256,6429,0.000068,0.074134,35575,14538,7981,5044,3495,2673,1954,1555,12724,1,1,1,1
23.0000,4018,1,1,45334,0,86733,0.522691,1,2,4,44,74933,27.97340,0.00242,2.41767,0.01081,1,1,3,1.254477,1.000000,1.096018,-0.209004,-0.208947,14.752138,4021,0.014164,0.047021,36023,14768,8087,5081,3616,2541,1931,1532,13153,1,1,1,1
23.9000,4018,1,1,46255,1,88796,0.520919,1,12,47,49,129161,28.59720,0.00242,2.41767,0.01081,0,1,3,6.601352,5.493603,5.493603,-0.521114,-0.520645,14.440292,404,0.036055,0.004826,37027,15035,8434,5194,3431,2597,2055,1564,13458,1,1,1,1
22.3500,4019,1,1,44570,0,84962,0.524594,3,2,28,62,420267,27.53218,0.00224,2.42359,0.00859,1,1,3,1.394448,1.000000,1.176085,0.020941,0.021024,14.982246,6639,-0.001403,0.076425,35056,14528,7945,5051,3467,2575,1924,1503,12912,1,1,1,1
22.4000,4019,1,1,44738,0,85620,0.522524,2,37,84,84,181972,27.56685,0.00224,2.42359,0.00859,1,1,2,1.028942,1.000000,1.126246,0.003610,0.003617,14.964173,6431,-0.000242,0.074120,35651,14554,8118,5103,3419,2573,1923,1523,12755,1,1,1,1
23.0000,4019,1,1,45039,1,86638,0.519859,1,1,19,110,605936,27.98284,0.00224,2.42359,0.00859,0,1,3,1.533107,1.091129,1.091129,-0.204382,-0.204275,14.757020,4019,0.013843,0.046971,35995,14683,8008,5188,3548,2612,1975,1492,13136,1,1,1,1
23.9000,4019,1,1,46233,1,88595,0.521852,1,2,18,66,114410,28.60665,0.00224,2.42359,0.00859,0,0,3,2.129637,1.612535,1.612535,-0.516338,-0.516149,14.444999,402,0.035732,0.004800,36779,14907,8326,5165,3655,2706,2078,1514,13464,1,1,1,1
22.3500,4020,1,1,44397,1,85317,0.520383,2,76,76,76,106353,27.52824,0.00241,2.41945,0.00948,0,1,3,3.896397,3.179180,3.114834,0.018819,0.019157,14.980539,6633,-0.001279,0.076345,35714,14477,7932,4958,3424,2499,1874,1492,12946,1,1,1,1
22.4000,4020,1,1,44211,1,85014,0.520050,2,2,44,44,8017751,27.56289,0.00241,2.41945,0.00948,0,1,3,1.655030,1.287849,1.287849,0.001606,0.001732,14.962781,6433,-0.000116,0.074131,35122,14537,7891,5142,3380,2474,1917,1578,12972,1,1,1,1
23.0000,4020,1,1,45059,1,86507,0.520877,180,3,180,180,349921,27.97878,0.00241,2.41945,0.00948,0,1,3,2.020378,1.540451,1.540451,-0.206365,-0.206190,14.755246,4020,0.013974,0.046976,35946,14691,8088,5086,3504,2553,1966,1464,13208,1,1,1,1
23.9000,4020,1,1,46028,0,88486,0.520179,3,3,3,135,164951,28.60262,0.00241,2.41945,0.00948,1,1,2,1.412165,1.000000,1.984677,-0.518311,-0.518225,14.443056,402,0.035881,0.004799,36770,14927,8166,5191,3655,2702,2024,1616,13434,1,1,1,1
22.3500,4021,1,1,44197,1,85089,0.519427,1,3,8,194,637033,27.52738,0.00259,2.42214,0.01212,0,1,3,2.787856,2.048339,2.048339,0.018590,0.018845,14.979841,6632,-0.001258,0.076318,35209,14331,8076,5085,3512,2562,1929,1552,12832,1,1,1,1
22.4000,4021,1,1,44417,1,84961,0.522799,1,3,6,137,88067,27.56203,0.00259,2.42214,0.01212,0,0,3,2.149481,1.686620,1.686620,0.001291,0.001482,14.962587,6430,-0.000099,0.074079,35080,14519,8043,4882,3493,2502,1892,1527,13022,1,1,1,1
23.0000,4021,1,1,45033,1,86374,0.521378,1,9,23,38,247673,27.97799,0.00259,2.42214,0.01212,0,1,3,6.757021,5.018416,5.018416,-0.206825,-0.206350,14.754506,4017,0.013986,0.046932,35511,14842,8075,5188,3564,2563,1934,1494,13202,1,1,1,1
23.9000,4021,1,1,46067,1,88549,0.520249,4,2,15,20,233862,28.60166,0.00259,2.42214,0.01212,0,1,3,1.553524,1.177885,1.177885,-0.518483,-0.518373,14.443049,399,0.035891,0.004762,36813,15087,8259,5044,3628,2707,2045,1584,13381,1,1,1,1
22.3500,4022,1,1,44518,0,84932,0.524167,5,3,5,175,5085729,27.52619,0.00207,2.42561,0.01078,1,1,2,1.398038,1.000000,1.659086,0.017820,0.017903,14.979207,6641,-0.001195,0.076406,35228,14376,7911,5106,3372,2577,1936,1531,12894,1,1,1,1
22.4000,4022,1,1,44383,1,84986,0.522245,4,1,20,20,213195,27.56083,0.00207,2.42561,0.01078,0,1,3,1.481280,1.057983,1.057983,0.000556,0.000654,14.961955,6438,-0.000044,0.074156,35090,14407,8046,5052,3374,2564,1906,1477,13069,1,1,1,1
23.0000,4022,1,1,45291,1,86505,0.523571,1,3,61,61,118787,27.97685,0.00207,2.42561,0.01078,0,0,3,1.862984,1.327795,1.327795,-0.207477,-0.207322,14.753913,4024,0.014052,0.047004,35839,14712,7979,5072,3559,2528,2002,1565,13248,1,1,1,1
23.9000,4022,1,1,46293,1,88652,0.522194,1,12,19,54,247051,28.60055,0.00207,2.42561,0.01078,0,1,3,5.811520,5.015328,5.015328,-0.519498,-0.519061,14.441777,406,0.035942,0.004845,36756,15176,8323,5149,3521,2739,1993,1540,13454,1,1,1,1
22.3500,4023,1,1,44750,0,85490,0.523459,19,5,19,30,320852,27.53188,0.00207,2.42665,0.01223,1,1,2,1.345544,1.000000,2.252573,0.020519,0.020592,14.981764,6639,-0.001375,0.076351,35441,14799,8097,4965,3408,2462,1900,1577,12840,1,1,1,1
22.4000,4023,1,1,44433,1,85179,0.521649,1,20,42,42,2043966,27.56651,0.00207,2.42665,0.01223,0,1,3,2.597031,1.897286,1.714163,0.003236,0.003474,14.964799,6437,-0.000232,0.074112,35247,14503,7974,4917,3498,2507,2038,1579,12915,1,1,1,1
23.0000,4023,1,1,45136,0,86610,0.521147,6,7,8,64,457004,27.98244,0.00207,2.42665,0.01223,1,1,2,1.145557,1.000000,1.296252,-0.204686,-0.204653,14.756296,4024,0.013869,0.046985,35975,14697,8015,5071,3426,2644,2007,1561,13213,1,1,1,1
23.9000,4023,1,1,46496,0,88911,0.522956,4,2,17,102,46335,28.60615,0.00207,2.42665,0.01223,1,1,3,1.371869,1.000000,1.367204,-0.516553,-0.516475,14.444722,405,0.035755,0.004831,37060,14862,8349,5253,3523,2672,2017,1607,13567,1,1,1,1
22.3500,4024,1,1,44163,1,84780,0.520919,1,3,19,19,258070,27.53148,0.00224,2.42749,0.00941,0,0,3,1.479391,1.085909,1.085909,0.020555,0.020653,14.981840,6642,-0.001379,0.076366,35009,14589,7696,4944,3399,2600,1992,1536,13014,1,1,1,1
22.4000,4024,1,1,44712,0,85386,0.523652,2,57,57,57,391179,27.56610,0.00224,2.42749,0.00941,1,1,2,1.252119,1.000000,16.337706,0.002905,0.002960,14.964044,6441,-0.000198,0.074143,35528,14454,7858,5093,3618,2487,1916,1577,12854,1,1,1,1
23.0000,4024,1,1,45154,0,86525,0.521867,1,33,170,170,404164,27.98209,0.00224,2.42749,0.00941,1,1,2,1.232877,1.000000,8.989772,-0.205017,-0.204965,14.756414,4026,0.013890,0.046996,35910,14573,8020,5203,3569,2538,1918,1563,13230,1,1,1,1
23.9000,4024,1,1,46235,1,88786,0.520752,7,28,157,157,450540,28.60582,0.00224,2.42749,0.00941,0,1,3,3.715077,3.122925,3.122925,-0.516750,-0.516423,14.444969,405,0.035751,0.004830,36933,15166,8183,5153,3644,2613,2004,1593,13496,1,1,1,1
22.3500,4025,1,1,44205,1,84776,0.521439,2,474,474,474,300665,27.52669,0.00241,2.43074,0.01097,0,0,3,18.868630,18.440060,18.440060,0.017953,0.018683,14.979187,6640,-0.001247,0.076338,35078,14414,7875,4987,3394,2615,1858,1496,13058,1,1,1,1
22.4000,4025,1,1,44349,1,85296,0.519948,4,4,23,23,91471,27.56148,0.00241,2.43074,0.01097,0,1,3,1.942514,1.730214,1.730214,0.000858,0.001023,14.962438,6438,-0.000068,0.074098,35292,14597,7911,5147,3440,2595,1907,1511,12895,1,1,1,1
23.0000,4025,1,1,45367,1,86747,0.522987,2,16,34,231,154744,27.97737,0.00241,2.43074,0.01097,0,1,3,9.545469,7.783343,7.783343,-0.207277,-0.206716,14.754723,4023,0.014010,0.046955,36207,14742,8010,5072,3520,2560,1873,1501,13261,1,1,1,1
23.9000,4025,1,1,46194,0,88640,0.521148,1,1,18,69,40129,28.60111,0.00241,2.43074,0.01097,1,0,3,1.404644,1.000000,1.045662,-0.518899,-0.518814,14.442482,401,0.035923,0.004781,36890,14888,8275,5156,3546,2636,2108,1591,13549,1,1,1,1
22.3500,4026,1,1,44377,1,85063,0.521702,1,2,52,52,122416,27.53013,0.00241,2.42619,0.00967,0,1,3,1.410177,1.243246,1.243246,0.019899,0.019985,14.981392,6643,-0.001334,0.076342,35478,14348,7915,4980,3416,2440,1839,1520,13126,1,1,1,1
22.4000,4026,1,1,44533,1,85458,0.521116,1,2,8,70,50302,27.56473,0.00241,2.42619,0.00967,0,0,3,1.957248,1.480157,1.480157,0.002572,0.002739,14.963889,6440,-0.000183,0.074096,35609,14474,8009,4981,3482,2462,1904,1504,13032,1,1,1,1
23.0000,4026,1,1,45305,1,86950,0.521053,7,6,10,84,257096,27.98069,0.00241,2.42619,0.00967,0,0,3,2.023392,1.905650,1.905650,-0.205437,-0.205262,14.755481,4026,0.013911,0.046976,36250,14608,7944,5246,3576,2574,1948,1544,13259,1,1,1,1
23.9000,4026,1,1,46700,0,89202,0.523537,3,8,49,116,43121,28.60445,0.00241,2.42619,0.00967,1,1,2,1.301026,1.000000,2.924119,-0.517375,-0.517310,14.444047,401,0.035815,0.004780,37260,15237,8251,5257,3546,2613,1946,1548,13543,1,1,1,1
22.3500,4027,1,1,44410,0,85001,0.522471,2,13,75,75,642936,27.52790,0.00207,2.43051,0.00918,1,1,2,1.309986,1.000000,5.134216,0.018495,0.018562,14.979915,6645,-0.001239,0.076354,35035,14494,8049,4995,3375,2578,1936,1526,13012,1,1,1,1
22.4000,4027,1,1,44500,0,85356,0.521352,5,238,238,238,255155,27.56250,0.00207,2.43051,0.00918,1,0,2,1.031039,1.000000,7.527497,0.001149,0.001156,14.962590,6444,-0.000077,0.074130,35438,14506,8079,4861,3567,2514,2000,1487,12903,1,1,1,1
23.0000,4027,1,1,45314,0,86729,0.522484,2,3,40,40,46316,27.97853,0.00207,2.43051,0.00918,1,1,2,1.265190,1.000000,1.413527,-0.206650,-0.206591,14.754506,4027,0.014002,0.046979,36022,14849,7936,5082,3549,2584,1934,1524,13248,1,1,1,1
23.9000,4027,1,1,46197,1,88517,0.521906,1,6,42,192,946824,28.60231,0.00207,2.43051,0.00918,0,0,3,1.836151,1.394594,1.394594,-0.518543,-0.518392,14.442753,403,0.035893,0.004803,36708,14966,8260,5184,3523,2620,2014,1602,13639,1,1,1,1
22.3500,4028,1,1,44169,1,84692,0.521531,1,43,43,623,213877,27.51852,0.00456,2.42538,0.01302,0,1,3,2.596600,1.905212,1.696962,0.015248,0.015484,14.976673,6647,-0.001034,0.076374,34910,14429,8002,4994,3448,2562,1890,1537,12919,1,1,1,1
22.4000,4028,1,1,44693,1,85314,0.523871,1,82,82,82,43795,27.55328,0.00456,2.42538,0.01302,0,1,3,3.681438,3.019632,2.967995,-0.002202,-0.001878,14.959171,6445,0.000126,0.074140,35281,14642,7971,5074,3427,2507,1924,1544,12943,1,1,1,1
23.0000,4028,1,1,45510,0,87138,0.522281,1,4,28,28,405640,27.96921,0.00456,2.42538,0.01302,1,1,2,1.380116,1.000000,2.422810,-0.210138,-0.210058,14.751148,4028,0.014240,0.046989,36423,14731,8013,5128,3568,2678,1935,1581,13080,1,1,1,1
23.9000,4028,1,1,46345,1,89047,0.520461,1,1,58,58,974889,28.59300,0.00456,2.42538,0.01302,0,1,3,1.591050,1.143187,1.143187,-0.521944,-0.521829,14.439481,403,0.036139,0.004803,37071,15220,8141,5150,3674,2650,2067,1630,13443,1,1,1,1
22.3500,4029,1,1,44357,1,85006,0.521816,1,4,13,25,122508,27.52538,0.00241,2.43459,0.01045,0,1,3,1.620638,1.517407,1.517407,0.017508,0.017628,14.979052,6644,-0.001177,0.076309,35241,14270,7961,5060,3573,2532,1950,1491,12927,1,1,1,1
22.4000,4029,1,1,44588,0,85597,0.520912,18,32,48,61,360304,27.55996,0.00241,2.43459,0.01045,1,1,2,1.165428,1.000000,5.828617,0.000048,0.000086,14.961067,6443,-0.000006,0.074089,35662,14461,8125,5027,3483,2540,1938,1558,12802,1,1,1,1
23.0000,4029,1,1,45237,1,86688,0.521843,1,14,16,24,64486,27.97595,0.00241,2.43459,0.01045,0,1,3,8.285822,6.877268,6.877268,-0.207968,-0.207443,14.753335,4025,0.014061,0.046936,35774,14710,8289,5195,3549,2519,2006,1541,13104,1,1,1,1
23.9000,4029,1,1,46347,1,88394,0.524329,1,55,55,79,211574,28.59977,0.00241,2.43459,0.01045,0,1,3,10.385618,9.541524,9.541524,-0.519917,-0.519336,14.441484,400,0.035961,0.004765,36398,14965,8322,5301,3566,2673,1946,1567,13655,1,1,1,1
22.3500,4030,1,1,44352,0,85129,0.521004,2,7,31,53,354996,27.52813,0.00224,2.43681,0.00983,1,1,2,1.296557,1.000000,2.839352,0.018775,0.018839,14.980198,6648,-0.001258,0.076330,35345,14409,7980,5051,3434,2508,1949,1551,12901,1,1,1,1
22.4000,4030,1,1,44719,1,85207,0.524834,4,3,19,34,454287,27.56287,0.00224,2.43681,0.00983,0,1,3,2.774728,2.012762,2.012762,0.001445,0.001698,14.963079,6452,-0.000113,0.074164,35286,14311,8034,5090,3430,2532,1966,1566,12991,1,1,1,1
23.0000,4030,1,1,45072,0,86504,0.521046,1,26,26,60,2752336,27.97876,0.00224,2.43681,0.00983,1,1,2,1.096580,1.000000,2.832598,-0.206541,-0.206518,14.754334,4028,0.013997,0.046956,35704,14702,8245,5055,3486,2627,2016,1568,13100,1,1,1,1
23.9000,4030,1,1,46435,1,88936,0.522123,3,16,16,133,332558,28.60259,0.00224,2.43681,0.00983,0,1,3,9.629469,7.938182,7.938182,-0.518586,-0.518024,14.442493,401,0.035868,0.004776,36860,15063,8287,5307,3572,2683,2058,1642,13463,1,1,1,1
22.3500,4031,1,1,44577,1,85251,0.522897,1,23,37,129,194632,27.52733,0.00465,2.44457,0.01017,0,1,3,8.970101,8.158079,8.158079,0.019512,0.020056,14.981487,6650,-0.001339,0.076327,35515,14368,7828,5069,3509,2487,1933,1569,12972,1,1,1,1
22.4000,4031,1,1,44466,0,85135,0.522306,11,55,55,97,588074,27.56207,0.00465,2.44457,0.01017,1,0,2,1.036376,1.000000,2.063753,0.002315,0.002324,14.963756,6447,-0.000155,0.074085,35390,14503,7806,5010,3488,2485,1948,1495,13009,1,1,1,1
23.0000,4031,1,1,45212,0,86408,0.523245,258,100,258,258,107329,27.97803,0.00465,2.44457,0.01017,1,1,2,1.160931,1.000000,17.525731,-0.205929,-0.205892,14.755082,4028,0.013954,0.046942,35626,14670,8063,4987,3468,2605,2047,1596,13345,1,1,1,1
23.9000,4031,1,1,46324,0,89354,0.518438,1,4,38,96,142907,28.60170,0.00465,2.44457,0.01017,1,1,2,1.406306,1.000000,2.380448,-0.517520,-0.517435,14.443806,400,0.035824,0.004762,37352,14909,8391,5385,3589,2671,2078,1594,13384,1,1,1,1
22.3500,4032,1,1,44568,0,85332,0.522296,1,2,8,40,245121,27.52965,0.00241,2.44688,0.00722,1,1,2,1.411047,1.000000,1.635232,0.019638,0.019723,14.980975,6659,-0.001317,0.076414,35623,14442,7908,4940,3502,2547,1896,1481,12992,1,1,1,1
22.4000,4032,1,1,44525,1,85251,0.522287,4,1,16,61,107504,27.56420,0.00241,2.44688,0.00722,0,1,3,1.450150,1.033760,1.033760,0.002418,0.002510,14.963810,6457,-0.000168,0.074181,35119,14535,8024,5071,3447,2564,1896,1507,13087,1,1,1,1
23.0000,4032,1,1,45413,1,87202,0.520785,1,1,10,17,258399,27.98023,0.00241,2.44688,0.00722,0,0,3,1.614265,1.141458,1.141458,-0.205602,-0.205483,14.755786,4036,0.013926,0.047021,36230,14909,8225,5075,3472,2668,1989,1557,13076,1,1,1,1
23.9000,4032,1,1,46177,1,88451,0.522069,2,1,90,90,177533,28.60392,0.00241,2.44688,0.00722,0,0,3,1.362882,1.113324,1.113324,-0.517444,-0.517367,14.443688,409,0.035820,0.004868,36582,15039,8284,5307,3458,2587,2004,1572,13617,1,1,1,1
22.3500,4033,1,1,44600,0,85274,0.523026,2,1,12,452,238180,27.53092,0.00258,2.44127,0.00773,1,1,3,1.407196,1.000000,1.247614,0.020464,0.020549,14.981842,6656,-0.001372,0.076356,35335,14346,7936,5038,3560,2600,1977,1519,12962,1,1,1,1
22.4000,4033,1,1,44474,0,85151,0.522302,1,2,15,26,98688,27.56564,0.00258,2.44127,0.00773,1,1,2,1.412325,1.000000,1.787249,0.003052,0.003137,14.964419,6455,-0.000210,0.074137,35115,14598,7883,5152,3445,2517,1882,1556,13002,1,1,1,1
23.0000,4033,1,1,45422,0,87064,0.521714,1,23,23,39,174102,27.98156,0.00258,2.44127,0.00773,1,1,2,1.187986,1.000000,4.932892,-0.205036,-0.204994,14.756019,4033,0.013892,0.046974,36225,14913,8092,5032,3471,2604,1957,1585,13184,1,1,1,1
23.9000,4033,1,1,46644,0,89225,0.522774,1,3,47,105,168122,28.60528,0.00258,2.44127,0.00773,1,0,2,1.280363,1.000000,1.532479,-0.516744,-0.516683,14.444682,408,0.035770,0.004855,37122,15234,8298,5309,3613,2639,1970,1540,13499,1,1,1,1
22.3500,4034,1,1,44616,0,85455,0.522105,3,3,92,114,238956,27.53229,0.00258,2.44221,0.00833,1,1,3,1.346032,1.000000,1.367123,0.021189,0.021263,14.982436,6658,-0.001419,0.076357,35536,14513,8016,4948,3365,2532,1942,1603,12999,1,1,1,1
22.4000,4034,1,1,44676,0,85524,0.522386,41,3,41,41,530898,27.56700,0.00258,2.44221,0.00833,1,1,2,1.392628,1.000000,1.604167,0.003811,0.003894,14.965203,6455,-0.000260,0.074115,35538,14423,7996,5144,3453,2585,1966,1503,12915,1,1,1,1
23.0000,4034,1,1,45148,0,86779,0.520270,1,1,45,45,124076,27.98299,0.00258,2.44221,0.00833,1,0,3,1.311646,1.000000,1.067345,-0.204131,-0.204064,14.756306,4034,0.013829,0.046973,36000,14840,7997,5133,3525,2493,2008,1574,13208,1,1,1,1
23.9000,4034,1,1,46726,0,89400,0.522668,1,1,7,12,109014,28.60672,0.00258,2.44221,0.00833,1,0,3,1.377439,1.000000,1.162597,-0.516008,-0.515929,14.445393,404,0.035716,0.004806,37262,15142,8312,5302,3609,2692,2148,1581,13351,1,1,1,1
22.3500,4035,1,1,44873,1,85794,0.523038,2,34,34,35,115046,27.52533,0.00486,2.43629,0.01013,0,0,3,3.964163,3.613838,3.613838,0.018615,0.018956,14.979809,6658,-0.001265,0.076352,35793,14511,7993,5011,3516,2561,1901,1618,12889,1,1,1,1
22.4000,4035,1,1,44484,0,85477,0.520427,2,3,14,40,54729,27.56003,0.00486,2.43629,0.01013,1,1,2,1.393074,1.000000,1.627812,0.001363,0.001445,14.962667,6462,-0.000097,0.074189,35307,14572,8014,5067,3552,2580,1948,1442,12994,1,1,1,1
23.0000,4035,1,1,45419,1,87004,0.522039,2,3,122,177,29560,27.97591,0.00486,2.43629,0.01013,0,0,3,1.507366,1.147848,1.147848,-0.206537,-0.206435,14.754708,4036,0.013991,0.046990,36134,14704,8069,5143,3642,2570,1991,1620,13130,1,1,1,1
23.9000,4035,1,1,46260,0,88358,0.523558,3,100,100,121,105108,28.59966,0.00486,2.43629,0.01013,1,1,2,1.140678,1.000000,15.159002,-0.518731,-0.518698,14.442708,404,0.035914,0.004805,36283,14971,8369,5234,3679,2592,2075,1611,13543,1,1,1,1
22.3500,4036,1,1,44437,1,85249,0.521267,1,11,11,48,260866,27.52187,0.00258,2.43659,0.01282,0,1,3,5.004156,4.468925,4.468925,0.015780,0.016179,14.977612,6660,-0.001080,0.076367,35256,14563,7819,5014,3554,2528,1926,1538,13050,1,1,1,1
22.4000,4036,1,1,44507,1,85114,0.522917,1,7,7,73,222886,27.55657,0.00258,2.43659,0.01282,0,0,3,1.703383,1.250758,1.250758,-0.001400,-0.001268,14.959920,6460,0.000085,0.074161,35225,14393,8015,5071,3556,2446,1879,1552,12976,1,1,1,1
23.0000,4036,1,1,45538,0,86883,0.524136,3,5,3246,3246,67361,27.97252,0.00258,2.43659,0.01282,1,0,2,1.271379,1.000000,1.942841,-0.209439,-0.209380,14.751988,4037,0.014193,0.046998,36110,14851,7853,5119,3536,2589,1950,1536,13338,1,1,1,1
23.9000,4036,1,1,46346,0,89169,0.519760,1,13,32,3980,67948,28.59629,0.00258,2.43659,0.01282,1,1,2,1.369132,1.000000,6.320698,-0.521469,-0.521391,14.439804,405,0.036108,0.004817,37068,15216,8216,5271,3690,2565,2045,1640,13457,1,1,1,1
22.3500,4037,1,1,45017,1,85858,0.524325,16,31,202,333,467304,27.52228,0.00275,2.43415,0.00921,0,1,3,11.540243,10.710352,10.710352,0.016018,0.016624,14.978065,6658,-0.001110,0.076323,35811,14372,8117,5172,3516,2522,1999,1577,12771,1,1,1,1
22.4000,4037,1,1,44611,1,85450,0.522077,1,4,13,18,331090,27.55696,0.00275,2.43415,0.00921,0,1,3,2.401512,2.022214,2.022214,-0.001116,-0.000899,14.960511,6456,0.000060,0.074094,35597,14328,8020,5005,3534,2501,1924,1553,12987,1,1,1,1
23.0000,4037,1,1,45491,1,86824,0.523951,1,37,37,791,89175,27.97298,0.00275,2.43415,0.00921,0,1,3,5.736155,4.957545,4.957545,-0.209241,-0.208808,14.752593,4036,0.014154,0.046973,36127,14650,8170,5036,3493,2538,2013,1525,13271,1,1,1,1
23.9000,4037,1,1,46589,1,89335,0.521515,1,2,81,106,1669035,28.59677,0.00275,2.43415,0.00921,0,1,3,1.432945,1.216492,1.216492,-0.520955,-0.520865,14.440569,407,0.036070,0.004839,37271,15143,8412,5209,3606,2628,2040,1578,13447,1,1,1,1
22.3500,4038,1,1,44395,1,85051,0.521987,1,23,55,55,123128,27.52329,0.00517,2.42988,0.00790,0,0,3,4.380968,3.728222,3.728222,0.017757,0.018122,14.979118,6663,-0.001210,0.076356,34999,14458,7946,5036,3529,2625,1954,1489,13014,1,1,1,1
22.4000,4038,1,1,44584,0,85342,0.522422,6,82,82,82,37137,27.55797,0.00517,2.42988,0.00790,1,0,2,1.062106,1.000000,5.284671,0.000376,0.000391,14.961817,6463,-0.000026,0.074150,35211,14604,7875,5043,3536,2570,1941,1506,13055,1,1,1,1
23.0000,4038,1,1,45276,0,87018,0.520312,1,6,6,93,346127,27.97389,0.00517,2.42988,0.00790,1,1,2,1.401680,1.000000,3.330739,-0.207528,-0.207444,14.753857,4041,0.014060,0.047016,36260,14709,8094,5089,3477,2602,2000,1581,13205,1,1,1,1
23.9000,4038,1,1,46756,0,89383,0.523103,1,13,13,30,109221,28.59769,0.00517,2.42988,0.00790,1,1,3,1.068539,1.000000,1.000847,-0.519277,-0.519261,14.441509,406,0.035956,0.004826,37113,15217,8414,5208,3678,2679,2020,1671,13382,1,1,1,1
22.3500,4039,1,1,44757,1,85241,0.525070,2,13,13,17,77916,27.52767,0.00240,2.43291,0.00824,0,1,3,6.981542,5.918027,5.918027,0.018567,0.019048,14.979750,6664,-0.001272,0.076345,35419,14547,7887,4876,3549,2508,1962,1520,12972,1,1,1,1
22.4000,4039,1,1,44528,0,85274,0.522182,2,6,46,126,187570,27.56234,0.00240,2.43291,0.00824,1,1,2,1.290664,1.000000,2.341253,0.001351,0.001414,14.962537,6462,-0.000094,0.074116,35226,14439,8084,4974,3520,2559,2031,1558,12882,1,1,1,1
23.0000,4039,1,1,45152,0,86931,0.519406,57,5,58,58,1216811,27.97833,0.00240,2.43291,0.00824,1,1,2,1.376493,1.000000,2.661591,-0.206661,-0.206582,14.754740,4037,0.014001,0.046955,36023,14901,8062,5003,3568,2566,2051,1487,13269,1,1,1,1
23.9000,4039,1,1,46436,0,88851,0.522634,1,1,15,274,282721,28.60215,0.00240,2.43291,0.00824,1,1,3,1.352236,1.000000,1.042594,-0.518454,-0.518379,14.442800,402,0.035892,0.004777,36768,15054,8328,5280,3586,2561,2067,1650,13556,1,1,1,1
22.3500,4040,1,1,44631,1,85366,0.522826,1,12,36,36,1290004,27.52478,0.00794,2.43193,0.00772,0,1,3,4.757003,4.397635,4.397635,0.019815,0.020201,14.981641,6666,-0.001348,0.076340,35464,14507,7892,5070,3461,2477,1862,1529,13103,1,1,1,1
22.4000,4040,1,1,44635,1,85567,0.521644,1,2,1013,1013,140203,27.55944,0.00794,2.43193,0.00772,0,1,3,1.938326,1.405786,1.405786,0.002628,0.002792,14.964113,6464,-0.000187,0.074113,35602,14652,7782,5024,3494,2544,1868,1531,13069,1,1,1,1
23.0000,4040,1,1,45183,1,87075,0.518903,2,2,3,208,263643,27.97533,0.00794,2.43193,0.00772,0,1,3,1.655025,1.385513,1.385513,-0.205306,-0.205182,14.756210,4040,0.013905,0.046973,36180,14800,8059,5197,3627,2548,1934,1572,13157,1,1,1,1
23.9000,4040,1,1,46482,0,89411,0.519875,15,31,66,66,87022,28.59916,0.00794,2.43193,0.00772,1,0,2,1.077034,1.000000,2.500398,-0.517304,-0.517286,14.444137,404,0.035813,0.004799,37188,15186,8400,5076,3597,2771,2025,1596,13571,1,1,1,1
22.3500,4041,1,1,44793,1,85577,0.523429,2,4,85,85,268521,27.52524,0.00274,2.42471,0.00942,0,0,3,1.470619,1.172144,1.172144,0.017669,0.017764,14.978853,6666,-0.001186,0.076335,35542,14660,7994,5041,3395,2524,1928,1508,12984,1,1,1,1
22.4000,4041,1,1,44896,0,86125,0.521295,1,1,2,21,1147677,27.55988,0.00274,2.42471,0.00942,1,0,3,1.355770,1.000000,1.029528,0.000361,0.000437,14.961771,6462,-0.000029,0.074083,35841,14680,8071,5063,3462,2593,1970,1496,12948,1,1,1,1
23.0000,4041,1,1,45431,1,87113,0.521524,1,172,172,172,190194,27.97584,0.00274,2.42471,0.00942,0,1,3,55.953068,52.617497,52.617497,-0.208105,-0.207109,14.754330,4038,0.014037,0.046944,36351,14665,8141,5044,3538,2546,1997,1581,13249,1,1,1,1
23.9000,4041,1,1,46481,1,89414,0.519846,5,3,13,114,287002,28.59952,0.00274,2.42471,0.00942,0,0,3,1.557923,1.400375,1.400375,-0.519492,-0.519382,14.441508,401,0.035965,0.004763,37053,15381,8344,5278,3619,2667,2093,1518,13460,1,1,1,1
22.3500,4042,1,1,44773,1,85809,0.521781,3,31,248,248,200814,27.53149,0.00274,2.43208,0.01012,0,1,3,6.145022,5.387528,5.387528,0.020666,0.021115,14.982521,6666,-0.001409,0.076297,35599,14632,7997,5078,3536,2596,1947,1513,12910,1,1,1,1
22.4000,4042,1,1,44813,1,85473,0.524300,1,3,53,73,510307,27.56613,0.00274,2.43208,0.01012,0,0,3,1.885714,1.504578,1.504578,0.003505,0.003662,14.964750,6464,-0.000245,0.074073,35595,14389,7826,4979,3542,2493,2013,1611,13024,1,1,1,1
23.0000,4042,1,1,45526,0,87090,0.522753,2,2,84,84,290777,27.98215,0.00274,2.43208,0.01012,1,1,2,1.414003,1.000000,1.455783,-0.204505,-0.204419,14.756855,4038,0.013852,0.046925,36224,14654,8217,5180,3530,2589,2007,1533,13155,1,1,1,1
23.9000,4042,1,1,46597,1,89349,0.521523,1,5,5,175,353963,28.60585,0.00274,2.43208,0.01012,0,1,3,4.332173,3.102357,3.102357,-0.516445,-0.516082,14.445335,401,0.035727,0.004760,37081,15135,8477,5268,3679,2677,1976,1516,13539,1,1,1,1
22.3500,4043,1,1,44817,1,85557,0.523832,1,2,4,51,79679,27.52827,0.00223,2.42980,0.01099,0,1,3,2.366930,1.675801,1.675801,0.018831,0.019044,14.980106,6672,-0.001271,0.076359,35625,14371,8046,5039,3435,2485,1987,1591,12977,1,1,1,1
22.4000,4043,1,1,44971,1,85717,0.524651,1,1,65,67,206911,27.56290,0.00223,2.42980,0.01099,0,1,3,1.615514,1.149633,1.149633,0.001562,0.001681,14.962978,6469,-0.000112,0.074121,35615,14581,8046,5036,3470,2594,1910,1512,12952,1,1,1,1
23.0000,4043,1,1,45538,0,87049,0.523137,1,4,6,84,566896,27.97882,0.00223,2.42980,0.01099,1,1,2,1.368778,1.000000,2.177520,-0.206478,-0.206401,14.754795,4043,0.013989,0.046978,36192,14782,8018,5099,3585,2650,1966,1562,13194,1,1,1,1
23.9000,4043,1,1,46519,1,89251,0.521221,1,111,111,111,396347,28.60253,0.00223,2.42980,0.01099,0,0,3,4.483695,3.948134,3.948134,-0.518407,-0.518036,14.442899,405,0.035868,0.004808,36987,15217,8382,5328,3605,2631,1944,1608,13548,1,1,1,1
22.3500,4044,1,1,44483,1,85336,0.521275,12,17,23,23,12635526,27.52609,0.00240,2.42272,0.00995,0,0,3,3.195267,3.120031,3.120031,0.017815,0.018102,14.978620,6673,-0.001209,0.076360,35499,14381,7911,4968,3476,2520,1946,1495,13139,1,1,1,1
22.4000,4044,1,1,44569,1,85561,0.520909,76,3,76,3378,171647,27.56072,0.00240,2.42272,0.00995,0,1,3,1.931035,1.638354,1.638354,0.000581,0.000744,14.960910,6471,-0.000050,0.074136,35532,14600,7895,4993,3430,2517,1893,1497,13203,1,1,1,1
23.0000,4044,1,1,45656,0,87195,0.523614,1,1,85,85,739636,27.97671,0.00240,2.42272,0.00995,1,0,3,1.285353,1.000000,1.162688,-0.207365,-0.207303,14.752940,4044,0.014052,0.046984,36327,14798,8061,5118,3508,2584,1936,1521,13341,1,1,1,1
23.9000,4044,1,1,46307,1,88932,0.520707,2,6,6,33,1162871,28.60044,0.00240,2.42272,0.00995,0,0,3,2.775909,2.381350,2.381350,-0.519323,-0.519071,14.441912,405,0.035942,0.004807,36745,15168,8237,5214,3669,2727,1987,1574,13610,1,1,1,1
22.3500,4045,1,1,44329,1,84979,0.521653,1,3,74,74,145173,27.52384,0.00257,2.42630,0.00899,0,1,3,1.952485,1.684585,1.684585,0.016910,0.017076,14.978509,6671,-0.001140,0.076318,35333,14204,7851,4976,3457,2527,1895,1573,13162,1,1,1,1
22.4000,4045,1,1,44867,1,85777,0.523072,1,7,22,405,70019,27.55863,0.00257,2.42630,0.00899,0,1,3,3.697917,2.966391,2.966391,-0.000553,-0.000229,14.961147,6468,0.000015,0.074082,35589,14493,8097,5047,3477,2555,1928,1514,13076,1,1,1,1
23.0000,4045,1,1,45527,1,87214,0.522021,1,12,84,583,130392,27.97452,0.00257,2.42630,0.00899,0,1,3,1.642127,1.249358,1.249358,-0.208384,-0.208261,14.753092,4041,0.014116,0.046937,36354,14641,8056,5231,3545,2696,1930,1518,13242,1,1,1,1
23.9000,4045,1,1,46500,0,89227,0.521149,1,12,12,61,354159,28.59827,0.00257,2.42630,0.00899,1,1,3,1.073621,1.000000,1.049509,-0.520237,-0.520219,14.440570,401,0.036025,0.004758,36976,15142,8323,5257,3694,2623,2043,1643,13525,1,1,1,1
22.3500,4046,1,1,44857,1,85886,0.522291,2,9,13,143,63548,27.51815,0.00617,2.42254,0.00822,0,1,3,1.323655,1.216921,1.216921,0.015789,0.015859,14.977279,6675,-0.001059,0.076352,35889,14718,7923,5012,3399,2550,1998,1578,12818,1,1,1,1
22.4000,4046,1,1,44468,0,85161,0.522170,1,1,20,145,2034923,27.55275,0.00617,2.42254,0.00822,1,0,3,1.414009,1.000000,1.422646,-0.001529,-0.001443,14.959832,6472,0.000096,0.074116,35244,14507,7905,4875,3396,2554,1939,1514,13226,1,1,1,1
23.0000,4046,1,1,45779,1,87457,0.523452,5,2,90,90,54356,27.96871,0.00617,2.42254,0.00822,0,1,3,1.429742,1.122013,1.122013,-0.209480,-0.209392,14.752040,4045,0.014194,0.046975,36282,14981,8158,5165,3602,2578,1963,1575,13152,1,1,1,1
23.9000,4046,1,1,46460,0,88939,0.522386,1,10,10,18,144300,28.59247,0.00617,2.42254,0.00822,1,1,2,1.346201,1.000000,4.719352,-0.521541,-0.521468,14.439707,405,0.036113,0.004805,36869,15169,8294,5147,3589,2590,2047,1596,13637,1,1,1,1
22.3500,4047,1,1,44794,0,85534,0.523704,1,3,225,225,2701530,27.52219,0.00240,2.42534,0.00991,1,1,3,1.207204,1.000000,1.122814,0.016002,0.016048,14.977437,6674,-0.001071,0.076320,35435,14574,7980,4967,3463,2571,1931,1538,13074,1,1,1,1
22.4000,4047,1,1,44652,0,85595,0.521672,1,8919,8919,8919,121876,27.55679,0.00240,2.42534,0.00991,1,1,2,1.001080,1.000000,9.641889,-0.001569,-0.001569,14.958185,6472,0.000105,0.074106,35547,14568,7993,4956,3523,2540,1858,1513,13096,1,1,1,1
23.0000,4047,1,1,45659,1,87302,0.523007,1,25,25,29,126840,27.97281,0.00240,2.42534,0.00991,0,1,3,7.755621,7.163603,7.163603,-0.209545,-0.209039,14.752389,4043,0.014170,0.046939,36330,14871,8146,5143,3416,2489,1969,1582,13355,1,1,1,1
23.9000,4047,1,1,46341,1,88901,0.521271,1,6,29,61,480522,28.59659,0.00240,2.42534,0.00991,0,1,3,4.834227,3.737917,3.737917,-0.521355,-0.520966,14.440433,401,0.036077,0.004756,36732,14982,8448,5202,3664,2628,2055,1616,13573,1,1,1,1
22.3500,4048,1,1,44562,0,85462,0.521431,225,25,225,724,174316,27.51986,0.00257,2.42482,0.00903,1,1,2,1.113226,1.000000,3.022902,0.014851,0.014878,14.975771,6681,-0.000993,0.076390,35524,14489,7920,4932,3443,2580,2009,1528,13036,1,1,1,1
22.4000,4048,1,1,44948,0,85914,0.523180,3,2,18,80,288400,27.55462,0.00257,2.42482,0.00903,1,1,2,1.400992,1.000000,1.571308,-0.002447,-0.002364,14.958939,6477,0.000158,0.074141,35548,14644,8012,5115,3543,2490,2007,1580,12974,1,1,1,1
23.0000,4048,1,1,45696,0,87473,0.522407,1,9,19,49,50584,27.97054,0.00257,2.42482,0.00903,1,1,2,1.144220,1.000000,1.534175,-0.210406,-0.210373,14.750578,4048,0.014262,0.046991,36219,14861,8280,5179,3638,2545,1997,1519,13234,1,1,1,1
23.9000,4048,1,1,46729,1,89525,0.521972,1,4,11,42,435988,28.59434,0.00257,2.42482,0.00903,0,1,3,1.568087,1.111176,1.036408,-0.522246,-0.522135,14.439152,405,0.036161,0.004803,37373,15158,8275,5340,3612,2604,1964,1602,13596,1,1,1,1
22.3500,4049,1,1,44754,0,85521,0.523316,1,3,136,136,164557,27.51582,0.00456,2.42888,0.00822,1,0,2,1.378999,1.000000,1.893884,0.013777,0.013856,14.975178,6677,-0.000925,0.076329,35571,14424,7834,5061,3483,2532,1975,1498,13142,1,1,1,1
22.4000,4049,1,1,44980,0,85933,0.523437,1,587,587,587,401594,27.55040,0.00456,2.42888,0.00822,1,1,2,1.183461,1.000000,117.917930,-0.004025,-0.003983,14.957412,6475,0.000266,0.074107,35579,14682,8016,5209,3454,2552,1907,1614,12919,1,1,1,1
23.0000,4049,1,1,45585,1,87008,0.523923,1,3,3,63,397126,27.96639,0.00456,2.42888,0.00822,0,0,3,2.304322,1.833363,1.833363,-0.211504,-0.211297,14.749794,4048,0.014325,0.046982,36051,14694,8262,5140,3508,2592,2010,1493,13257,1,1,1,1
23.9000,4049,1,1,46686,0,89523,0.521503,7,2,7,60,277196,28.59021,0.00456,2.42888,0.00822,1,1,3,1.206399,1.000000,1.087330,-0.523335,-0.523289,14.438126,402,0.036244,0.004766,37166,15446,8283,5249,3586,2621,2065,1566,13540,1,1,1,1
22.3500,4050,1,1,44439,1,85466,0.519967,3,4,8,198,115152,27.51085,0.00464,2.41978,0.01008,0,1,3,2.723454,2.175453,2.175453,0.011374,0.011622,14.973044,6681,-0.000776,0.076366,35390,14676,7881,5084,3428,2447,1938,1561,13060,1,1,1,1
22.4000,4050,1,1,44960,0,86114,0.522105,1,138,138,138,352045,27.54559,0.00464,2.41978,0.01008,1,1,2,1.018070,1.000000,2.526825,-0.006017,-0.006013,14.954436,6479,0.000402,0.074150,35939,14553,8035,5050,3439,2558,1896,1561,13082,1,1,1,1
23.0000,4050,1,1,45234,0,86733,0.521538,1,3,20,200,644021,27.96148,0.00464,2.41978,0.01008,1,1,2,1.313024,1.000000,1.554954,-0.213901,-0.213834,14.747311,4046,0.014500,0.046955,35791,14872,7979,5143,3578,2537,2008,1575,13249,1,1,1,1
23.9000,4050,1,1,46645,1,89622,0.520470,3,17,33,58,228941,28.58531,0.00464,2.41978,0.01008,0,0,3,1.644646,1.387949,1.387949,-0.525802,-0.525680,14.435331,401,0.036416,0.004754,37223,15396,8383,5231,3495,2715,2030,1558,13590,1,1,1,1
22.3500,4051,1,1,44802,0,85730,0.522600,1,6,10,210,69939,27.50961,0.00257,2.42805,0.01035,1,0,2,1.301836,1.000000,2.702572,0.009752,0.009817,14.971176,6681,-0.000656,0.076357,35640,14600,7872,5048,3535,2535,1924,1504,13071,1,1,1,1
22.4000,4051,1,1,44708,0,85556,0.522564,1,28,48,71,146022,27.54435,0.00257,2.42805,0.01035,1,1,2,1.374209,1.000000,12.893713,-0.007808,-0.007730,14.953472,6479,0.000517,0.074136,35401,14459,8019,5070,3550,2584,1973,1481,13018,1,1,1,1
23.0000,4051,1,1,45766,0,87450,0.523345,1,5,39,81,70584,27.96030,0.00257,2.42805,0.01035,1,1,2,1.345874,1.000000,2.329916,-0.215575,-0.215502,14.745673,4048,0.014615,0.046972,36364,14661,8298,5145,3599,2643,2032,1548,13159,1,1,1,1
23.9000,4051,1,1,46761,1,89372,0.523223,9,5,9,145,118065,28.58398,0.00257,2.42805,0.01035,0,1,3,1.906311,1.784486,1.784486,-0.527378,-0.527218,14.433494,402,0.036527,0.004766,37020,15220,8280,5297,3585,2814,2088,1513,13554,1,1,1,1
22.3500,4052,1,1,44766,0,85921,0.521020,3,15,71,131,121807,27.50292,0.00605,2.41491,0.01071,1,1,2,1.112746,1.000000,1.881071,0.008081,0.008107,14.969000,6682,-0.000542,0.076361,35798,14658,7937,5051,3481,2520,1941,1534,13000,1,1,1,1
22.4000,4052,1,1,44876,0,85633,0.524056,5,5,187,187,335476,27.53747,0.00605,2.41491,0.01071,1,1,2,1.355134,1.000000,2.314628,-0.009223,-0.009148,14.952036,6480,0.000612,0.074136,35591,14535,8090,4903,3502,2473,1927,1490,13121,1,1,1,1
23.0000,4052,1,1,45598,0,87370,0.521901,8,12,1858,1858,24510,27.95350,0.00605,2.41491,0.01071,1,1,2,1.333889,1.000000,4.920354,-0.217328,-0.217257,14.743907,4048,0.014735,0.046966,36341,14772,8194,5219,3575,2522,1922,1561,13263,1,1,1,1
23.9000,4052,1,1,46790,0,89735,0.521430,2,13,13,45,100072,28.57719,0.00605,2.41491,0.01071,1,0,3,1.073622,1.000000,1.121630,-0.528986,-0.528969,14.432455,403,0.036651,0.004777,37230,15324,8423,5313,3778,2606,2056,1572,13432,1,1,1,1
22.3500,4053,1,1,44989,1,85734,0.524757,16,4,355,355,39365,27.50755,0.00291,2.41693,0.01117,0,1,3,2.857718,2.204888,2.204888,0.008867,0.009126,14.970531,6680,-0.000610,0.076311,35606,14406,8046,5153,3444,2575,1979,1569,12955,1,1,1,1
22.4000,4053,1,1,44962,0,85921,0.523301,1,13,13,73,44092,27.54227,0.00291,2.41693,0.01117,1,0,2,1.200949,1.000000,3.165146,-0.008537,-0.008492,14.952899,6479,0.000568,0.074102,35660,14634,8050,4974,3499,2583,1901,1561,13058,1,1,1,1
23.0000,4053,1,1,45467,1,87084,0.522111,9,5,18,166,94238,27.95819,0.00291,2.41693,0.01117,0,1,3,3.569156,2.671296,2.671296,-0.216477,-0.216163,14.744338,4045,0.014661,0.046918,36227,14745,7973,5093,3568,2637,2024,1540,13276,1,1,1,1
23.9000,4053,1,1,46447,1,89116,0.521203,1,79,98,98,95838,28.58191,0.00291,2.41693,0.01117,0,0,3,2.601467,2.155133,2.155133,-0.528304,-0.528068,14.432970,398,0.036588,0.004716,36867,15180,8086,5396,3661,2683,1965,1567,13710,1,1,1,1
22.3500,4054,1,1,44770,0,85863,0.521418,2,4,7,455,16963,27.50401,0.00205,2.41013,0.01254,1,0,2,1.314719,1.000000,1.828539,0.006753,0.006821,14.968175,6693,-0.000456,0.076453,35713,14573,8046,4956,3488,2538,2019,1625,12904,1,1,1,1
22.4000,4054,1,1,44731,1,85711,0.521888,1,18,18,83374,978688,27.53872,0.00205,2.41013,0.01254,0,1,3,2.515656,1.903971,1.842955,-0.010602,-0.010375,14.950976,6489,0.000694,0.074208,35556,14456,8106,5032,3402,2507,1992,1536,13123,1,1,1,1
23.0000,4054,1,1,45877,1,87651,0.523411,2,30,30,65,272108,27.95471,0.00205,2.41013,0.01254,0,1,3,4.101174,3.617204,3.617204,-0.218684,-0.218335,14.743073,4058,0.014809,0.047061,36644,14902,8120,5152,3519,2558,1982,1592,13181,1,1,1,1
23.9000,4054,1,1,46471,1,89358,0.520060,11,2,22,22,62372,28.57844,0.00205,2.41013,0.01254,0,1,3,1.522447,1.105440,1.105440,-0.530402,-0.530298,14.431129,412,0.036747,0.004881,37100,15176,8330,5197,3561,2691,2080,1596,13626,1,1,1,1
22.3500,4055,1,1,45124,0,86103,0.524076,1,2,5,212,3644357,27.50697,0.00205,2.41332,0.01171,1,0,2,1.409548,1.000000,1.507823,0.008148,0.008233,14.969524,6691,-0.000550,0.076404,35583,14950,8056,4977,3610,2528,1875,1518,13005,1,1,1,1
22.4000,4055,1,1,44756,0,85928,0.520861,2,9,18,147,137106,27.54167,0.00205,2.41332,0.01171,1,1,2,1.342611,1.000000,4.107498,-0.009332,-0.009259,14.952082,6488,0.000619,0.074173,35727,14663,7994,5126,3482,2509,1878,1509,13039,1,1,1,1
23.0000,4055,1,1,45445,1,87236,0.520949,1,5,9,26,1818787,27.95756,0.00205,2.41332,0.01171,0,0,3,3.281656,2.612674,2.612674,-0.217219,-0.216926,14.744166,4055,0.014713,0.047012,35998,14982,8233,5174,3497,2556,1982,1589,13224,1,1,1,1
23.9000,4055,1,1,46582,0,89345,0.521378,1,3,43,43,157138,28.58130,0.00205,2.41332,0.01171,1,0,2,1.390681,1.000000,1.894022,-0.529053,-0.528972,14.432342,406,0.036652,0.004809,37178,15210,8252,5281,3635,2666,1951,1577,13594,1,1,1,1
22.3500,4056,1,1,44713,1,85737,0.521520,1,2,40,40,41290,27.50416,0.00222,2.40698,0.01133,0,0,3,1.810857,1.299560,1.299560,0.006900,0.007047,14.968271,6695,-0.000471,0.076437,35550,14648,7844,5137,3466,2566,1995,1562,12968,1,1,1,1
22.4000,4056,1,1,45189,1,86345,0.523360,1,10,74,257,122978,27.53885,0.00222,2.40698,0.01133,0,1,3,3.369389,3.100469,3.100469,-0.010554,-0.010254,14.951173,6492,0.000686,0.074205,36099,14537,7932,5164,3578,2556,1993,1580,12905,1,1,1,1
23.0000,4056,1,1,45508,0,87592,0.519551,10,13,13,253,239644,27.95480,0.00222,2.40698,0.01133,1,1,2,1.308147,1.000000,4.867338,-0.218588,-0.218522,14.742835,4058,0.014822,0.047039,36346,14951,8207,5179,3519,2661,2020,1514,13194,1,1,1,1
23.9000,4056,1,1,46449,1,89463,0.519204,1,9,9,46,2185742,28.57857,0.00222,2.40698,0.01133,0,0,3,3.608028,3.006943,3.006943,-0.530410,-0.530094,14.430937,408,0.036733,0.004832,37198,15368,8310,5166,3663,2516,1993,1576,13672,1,1,1,1
22.3500,4057,1,1,44874,0,86043,0.521536,2,3,35,35,35768,27.50758,0.00239,2.40250,0.00969,1,1,3,1.258801,1.000000,1.191285,0.008768,0.008825,14.969920,6697,-0.000590,0.076433,35771,14675,8045,5127,3466,2478,1922,1585,12973,1,1,1,1
22.4000,4057,1,1,44662,0,85723,0.521010,3,3,8,20,108647,27.54226,0.00239,2.40250,0.00969,1,0,3,1.238630,1.000000,1.100151,-0.008565,-0.008512,14.952868,6490,0.000569,0.074155,35754,14465,7797,4954,3615,2571,1943,1483,13140,1,1,1,1
23.0000,4057,1,1,45666,0,87497,0.521921,1,10,30,210,229577,27.95829,0.00239,2.40250,0.00969,1,1,2,1.389887,1.000000,5.071831,-0.216766,-0.216684,14.744536,4055,0.014696,0.046987,36341,14804,8136,5271,3619,2527,2027,1529,13242,1,1,1,1
23.9000,4057,1,1,46702,0,89739,0.520426,1,3,42,54,1167654,28.58207,0.00239,2.40250,0.00969,1,0,2,1.343960,1.000000,1.572252,-0.528511,-0.528438,14.432903,405,0.036613,0.004794,37464,15146,8322,5280,3601,2604,2157,1595,13569,1,1,1,1
22.3500,4058,1,1,44714,0,85710,0.521696,2,35,117,117,147946,27.50277,0.00239,2.40225,0.01165,1,0,2,1.113441,1.000000,4.297057,0.006091,0.006117,14.967531,6694,-0.000409,0.076392,35557,14471,8007,5168,3478,2494,1877,1565,13092,1,1,1,1
22.4000,4058,1,1,44896,0,86331,0.520051,2,5,30,30,252815,27.53744,0.00239,2.40225,0.01165,1,1,2,1.188974,1.000000,1.347601,-0.011100,-0.011058,14.949960,6493,0.000740,0.074185,36067,14653,8035,5141,3569,2589,1906,1400,12970,1,1,1,1
23.0000,4058,1,1,45625,1,87360,0.522270,11,11,11,11,368406,27.95336,0.00239,2.40225,0.01165,0,1,3,2.527417,2.041394,2.041394,-0.219115,-0.218887,14.742493,4056,0.014847,0.046994,36020,14851,8197,5170,3603,2672,2021,1526,13299,1,1,1,1
23.9000,4058,1,1,46708,0,89580,0.521417,4,26,114,1545,117200,28.57716,0.00239,2.40225,0.01165,1,1,2,1.296824,1.000000,9.146362,-0.531200,-0.531136,14.430225,404,0.036807,0.004782,37186,15178,8384,5364,3600,2703,1984,1661,13519,1,1,1,1
22.3500,4059,1,1,44906,0,86002,0.522157,1,4,56,234,147272,27.49818,0.00417,2.39759,0.01144,1,1,2,1.381505,1.000000,2.602749,0.004808,0.004887,14.966208,6698,-0.000327,0.076426,35651,14740,8112,4978,3534,2632,1926,1442,12986,1,1,1,1
22.4000,4059,1,1,45034,0,86184,0.522539,1,2,21,103,900644,27.53285,0.00417,2.39759,0.01144,1,1,3,1.376509,1.000000,1.412011,-0.012443,-0.012365,14.948841,6496,0.000827,0.074207,35784,14743,7910,5187,3526,2522,1981,1582,12948,1,1,1,1
23.0000,4059,1,1,45607,1,87659,0.520283,2,147,147,147,207800,27.94884,0.00417,2.39759,0.01144,0,0,3,1.549077,1.185600,1.185600,-0.220415,-0.220307,14.740833,4059,0.014945,0.047022,36681,14668,8205,5070,3609,2556,2045,1567,13257,1,1,1,1
23.9000,4059,1,1,46650,0,89299,0.522408,2,2,4,3155,154679,28.57265,0.00417,2.39759,0.01144,1,1,3,1.309191,1.000000,1.017654,-0.532314,-0.532247,14.428895,406,0.036888,0.004805,36997,15172,8305,5219,3633,2735,2011,1635,13591,1,1,1,1
22.3500,4060,1,1,44808,0,85856,0.521903,2,1,30,33,112427,27.50418,0.00222,2.40025,0.00951,1,0,3,1.412917,1.000000,1.166869,0.006834,0.006919,14.968201,6699,-0.000462,0.076408,35599,14653,7981,4955,3462,2581,1942,1600,13082,1,1,1,1
22.4000,4060,1,1,44783,1,85919,0.521230,3,5,39,39,475833,27.53884,0.00222,2.40025,0.00951,0,1,3,1.477486,1.092593,1.092593,-0.010493,-0.010397,14.950941,6500,0.000695,0.074224,35955,14454,7916,4972,3496,2549,1927,1473,13176,1,1,1,1
23.0000,4060,1,1,45584,0,87160,0.522998,12,18,18,113,206685,27.95473,0.00222,2.40025,0.00951,1,1,2,1.311180,1.000000,6.761655,-0.218667,-0.218601,14.742755,4060,0.014828,0.047016,36021,14830,8003,5088,3579,2670,2039,1620,13309,1,1,1,1
23.9000,4060,1,1,46744,0,89699,0.521126,1,2,103,103,30161,28.57856,0.00222,2.40025,0.00951,1,1,3,1.305135,1.000000,1.066509,-0.530355,-0.530289,14.430850,408,0.036747,0.004827,37361,15173,8386,5285,3593,2679,2044,1595,13582,1,1,1,1
22.3500,4061,1,1,44930,0,85906,0.523020,1,2,9,1954,168412,27.49703,0.00372,2.40433,0.01214,1,1,3,1.339416,1.000000,1.335665,0.004042,0.004114,14.965284,6697,-0.000275,0.076381,35572,14638,8065,4925,3583,2524,1989,1542,13067,1,1,1,1
22.4000,4061,1,1,44568,0,85585,0.520752,3,1901,1901,1901,54151,27.53168,0.00372,2.40433,0.01214,1,0,2,1.003444,1.000000,6.567840,-0.013479,-0.013478,14.947963,6494,0.000902,0.074152,35446,14558,7937,4916,3437,2560,1949,1506,13275,1,1,1,1
23.0000,4061,1,1,45446,0,87222,0.521044,2,2,13,17,62487,27.94764,0.00372,2.40433,0.01214,1,1,3,1.371696,1.000000,1.286263,-0.221250,-0.221172,14.740029,4059,0.015005,0.047002,36298,14794,8029,5034,3586,2617,1994,1551,13318,1,1,1,1
23.9000,4061,1,1,46724,0,89486,0.522143,6,6,6,36,23953,28.57132,0.00372,2.40433,0.01214,1,1,2,1.403027,1.000000,3.200708,-0.533208,-0.533125,14.428177,403,0.036950,0.004767,37080,15336,8185,5332,3642,2676,2046,1606,13582,1,1,1,1
22.3500,4062,1,1,44824,0,85848,0.522138,2,6,115,203,65515,27.50037,0.00462,2.40735,0.00985,1,1,2,1.293238,1.000000,2.173058,0.006164,0.006228,14.967356,6702,-0.000416,0.076409,35541,14589,8044,5018,3527,2593,1881,1605,13049,1,1,1,1
22.4000,4062,1,1,44920,0,85943,0.522678,2,2,62,62,133505,27.53501,0.00462,2.40735,0.00985,1,1,3,1.374483,1.000000,1.263274,-0.011080,-0.011001,14.950203,6498,0.000736,0.074168,35693,14465,7970,5098,3497,2577,1990,1517,13135,1,1,1,1
23.0000,4062,1,1,45792,0,87814,0.521472,12,16,58,58,8017145,27.95104,0.00462,2.40735,0.00985,1,1,2,1.195287,1.000000,3.533679,-0.219229,-0.219185,14.742208,4060,0.014868,0.046995,36581,14930,8216,5130,3545,2585,1982,1592,13252,1,1,1,1
23.9000,4062,1,1,46590,0,89473,0.520722,1,8,211,215,193357,28.57473,0.00462,2.40735,0.00985,1,0,2,1.221068,1.000000,2.455813,-0.531031,-0.530982,14.430403,407,0.036796,0.004813,37111,15271,8335,5186,3648,2623,2033,1582,13683,1,1,1,1
22.3500,4063,1,1,44679,1,85627,0.521792,1,1,57,124,292923,27.50270,0.00408,2.40782,0.01019,0,0,3,1.762625,1.289285,1.289285,0.007010,0.007150,14.968346,6700,-0.000478,0.076362,35438,14642,8073,4946,3481,2548,1887,1566,13045,1,1,1,1
22.4000,4063,1,1,44993,1,86275,0.521513,2,4,21,290,980110,27.53734,0.00408,2.40782,0.01019,0,0,3,2.022022,1.628495,1.628495,-0.010335,-0.010161,14.950917,6497,0.000680,0.074135,35853,14753,7992,5089,3501,2564,1949,1595,12978,1,1,1,1
23.0000,4063,1,1,45528,0,87657,0.519394,4,120,10493,10493,214227,27.95326,0.00408,2.40782,0.01019,1,1,2,1.080916,1.000000,10.188732,-0.218522,-0.218503,14.742920,4059,0.014821,0.046969,36278,14974,8155,5173,3572,2597,2025,1599,13283,1,1,1,1
23.9000,4063,1,1,46613,1,89772,0.519243,73,6,73,73,57292,28.57697,0.00408,2.40782,0.01019,0,1,3,4.265218,3.027007,3.027007,-0.530229,-0.529872,14.430072,403,0.036720,0.004764,37408,15145,8470,5320,3551,2606,1971,1623,13677,1,1,1,1
22.3500,4064,1,1,44725,1,85898,0.520682,1,2,11,83,987234,27.50659,0.00239,2.40757,0.00995,0,0,3,1.521615,1.080026,1.080026,0.008194,0.008298,14.969548,6708,-0.000554,0.076429,35589,14568,8017,5071,3445,2597,1965,1548,13097,1,1,1,1
22.4000,4064,1,1,44897,1,86042,0.521809,1,56,571,571,198681,27.54121,0.00239,2.40757,0.00995,0,1,3,2.284134,1.773089,1.729664,-0.009179,-0.008976,14.952148,6505,0.000600,0.074202,35457,14653,8082,5163,3495,2574,2007,1494,13116,1,1,1,1
23.0000,4064,1,1,45425,1,87170,0.521114,1,2,18,18,141056,27.95720,0.00239,2.40757,0.00995,0,1,3,2.120078,1.697999,1.697999,-0.217170,-0.216985,14.744100,4070,0.014717,0.047081,36142,14716,8196,5149,3517,2587,1954,1561,13347,1,1,1,1
23.9000,4064,1,1,46841,1,89812,0.521551,20,2,20,26,1559467,28.58093,0.00239,2.40757,0.00995,0,1,3,1.454201,1.099094,1.099094,-0.528987,-0.528895,14.431643,410,0.036648,0.004846,37244,15417,8388,5371,3493,2701,2054,1596,13547,1,1,1,1
22.3500,4065,1,1,45144,0,86202,0.523706,1,2,11,38,238354,27.50443,0.00256,2.41355,0.01057,1,1,3,1.389370,1.000000,1.352621,0.007232,0.007313,14.968533,6706,-0.000489,0.076392,35903,14654,8048,5085,3555,2586,1987,1493,12890,1,1,1,1
22.4000,4065,1,1,45147,1,86302,0.523134,10,9,13,289,80082,27.53922,0.00256,2.41355,0.01057,0,1,3,5.534930,4.478301,4.478301,-0.010312,-0.009891,14.950502,6503,0.000662,0.074169,35660,14832,8084,5119,3535,2563,1931,1573,13004,1,1,1,1
23.0000,4065,1,1,45963,1,87953,0.522592,17,35,35,35,293234,27.95511,0.00256,2.41355,0.01057,0,1,3,6.552519,6.161186,6.161186,-0.218295,-0.217833,14.743596,4063,0.014775,0.046990,36616,15075,8172,5154,3528,2633,2077,1609,13088,1,1,1,1
23.9000,4065,1,1,46875,1,89850,0.521709,1,6,6,24,64550,28.57885,0.00256,2.41355,0.01057,0,0,3,2.753139,2.292275,2.292275,-0.530046,-0.529797,14.431236,405,0.036712,0.004785,37060,15279,8615,5330,3642,2713,2062,1702,13446,1,1,1,1
22.3500,4066,1,1,44843,1,85713,0.523182,3,8,25,35,625468,27.50704,0.00256,2.41224,0.01009,0,0,3,1.832738,1.566487,1.566487,0.008401,0.008550,14.969543,6707,-0.000571,0.076380,35305,14570,8048,5094,3491,2556,1994,1588,13066,1,1,1,1
22.4000,4066,1,1,44973,1,86179,0.521862,1,36,36,45,118467,27.54164,0.00256,2.41224,0.01009,0,1,3,2.341329,2.277367,2.277367,-0.008948,-0.008739,14.952697,6506,0.000584,0.074174,35853,14679,7937,5091,3430,2503,2019,1562,13104,1,1,1,1
23.0000,4066,1,1,45801,1,87505,0.523416,2,6,10,487,81359,27.95760,0.00256,2.41224,0.01009,0,1,3,1.839031,1.335381,1.335381,-0.216852,-0.216702,14.744622,4064,0.014697,0.046987,36557,14569,8071,5090,3653,2549,1996,1558,13461,1,1,1,1
23.9000,4066,1,1,46600,0,89439,0.521031,1,1,8,125,172539,28.58136,0.00256,2.41224,0.01009,1,0,3,1.409651,1.000000,1.335908,-0.528737,-0.528653,14.432639,405,0.036629,0.004784,37090,15041,8312,5229,3667,2717,2043,1664,13675,1,1,1,1
22.3500,4067,1,1,44826,0,86058,0.520887,9,6,118,118,40418118,27.50220,0.00239,2.41413,0.01207,1,0,2,1.200963,1.000000,1.524533,0.005964,0.006009,14.967400,6709,-0.000401,0.076395,35731,14699,8059,4996,3500,2559,1946,1548,13019,1,1,1,1
22.4000,4067,1,1,45199,1,86347,0.523464,2,14,21,180,3083748,27.53680,0.00239,2.41413,0.01207,0,1,3,6.953829,5.997352,5.997352,-0.011505,-0.011028,14.950396,6508,0.000738,0.074190,35645,14754,8167,4989,3672,2517,2041,1539,13022,1,1,1,1
23.0000,4067,1,1,45591,1,87334,0.522036,1,734,734,734,231367,27.95283,0.00239,2.41413,0.01207,0,1,3,223.080100,212.086458,212.086458,-0.219956,-0.218626,14.741437,4065,0.014831,0.046997,36140,14703,8194,5262,3494,2546,1981,1566,13447,1,1,1,1
23.9000,4067,1,1,46621,1,89248,0.522382,1,3,9,24,127853,28.57661,0.00239,2.41413,0.01207,0,1,3,2.704006,2.102061,2.102061,-0.531276,-0.531032,14.430083,405,0.036800,0.004783,36898,15382,8207,5069,3686,2670,2042,1517,13776,1,1,1,1
22.3500,4068,1,1,45025,1,86278,0.521866,1,1,169,169,344410,27.50657,0.00256,2.41483,0.00949,0,1,3,1.411654,1.006280,1.006280,0.008342,0.008427,14.969729,6712,-0.000563,0.076398,36009,14622,7905,5100,3572,2616,1873,1529,13051,1,1,1,1
22.4000,4068,1,1,44842,0,85627,0.523696,85,2,85,85,562042,27.54133,0.00256,2.41483,0.00949,1,1,3,1.368234,1.000000,1.052869,-0.009033,-0.008956,14.952374,6507,0.000599,0.074151,35346,14604,7932,4942,3508,2519,1961,1575,13239,1,1,1,1
23.0000,4068,1,1,45534,0,87408,0.520942,19,2,19,158,165824,27.95725,0.00256,2.41483,0.00949,1,1,3,1.381958,1.000000,1.346049,-0.217036,-0.216957,14.744364,4066,0.014715,0.046988,36064,14859,8129,5327,3657,2656,1974,1525,13216,1,1,1,1
23.9000,4068,1,1,46724,0,89642,0.521235,9,4,9,85,91880,28.58105,0.00256,2.41483,0.00949,1,1,2,1.246236,1.000000,1.299539,-0.528931,-0.528877,14.432206,405,0.036646,0.004782,37225,15106,8325,5221,3773,2801,1970,1608,13612,1,1,1,1
22.3500,4069,1,1,44793,1,85698,0.522690,1,33,56,98,179056,27.50801,0.00273,2.42275,0.01000,0,1,3,15.313627,13.527411,13.527411,0.008716,0.009386,14.970820,6709,-0.000627,0.076340,35407,14519,7900,5074,3537,2677,1969,1523,13091,1,1,1,1
22.4000,4069,1,1,45045,1,86241,0.522321,1,31,31,153,91122,27.54259,0.00273,2.42275,0.01000,0,1,3,19.742552,15.478748,15.478748,-0.008591,-0.007858,14.952745,6505,0.000526,0.074108,35806,14645,8022,5150,3422,2555,1991,1537,13112,1,1,1,1
23.0000,4069,1,1,45955,1,87996,0.522246,1,6,15,51,63887,27.95858,0.00273,2.42275,0.01000,0,1,3,2.250680,1.639657,1.626314,-0.216304,-0.216105,14.745098,4069,0.014656,0.047009,36761,14957,8118,5117,3590,2660,2009,1512,13271,1,1,1,1
23.9000,4069,1,1,46972,0,89985,0.522004,2,17,31,32,59789,28.58240,0.00273,2.42275,0.01000,1,1,2,1.277702,1.000000,5.762217,-0.528373,-0.528312,14.433056,401,0.036604,0.004733,37288,15472,8402,5405,3520,2744,1996,1597,13560,1,1,1,1
22.3500,4070,1,1,44954,0,86065,0.522332,1,34,34,34,164542,27.50255,0.00909,2.42566,0.01105,1,1,2,1.225050,1.000000,8.926159,0.009278,0.009327,14.970712,6720,-0.000623,0.076447,35728,14679,7986,5080,3468,2488,1974,1510,13151,1,1,1,1
22.4000,4070,1,1,45034,0,86072,0.523219,1,57,57,57,1342522,27.53729,0.00909,2.42566,0.01105,1,0,2,1.023367,1.000000,1.447094,-0.007863,-0.007858,14.953580,6510,0.000525,0.074142,35950,14597,7940,5021,3469,2529,1967,1526,13072,1,1,1,1
23.0000,4070,1,1,45917,1,87772,0.523145,1,2,9,33,171229,27.95318,0.00909,2.42566,0.01105,0,0,3,1.957244,1.432040,1.432040,-0.215813,-0.215648,14.745549,4070,0.014625,0.047007,36525,14987,8082,5187,3607,2581,2019,1568,13215,1,1,1,1
23.9000,4070,1,1,46364,0,89244,0.519525,1,13,27,174,266553,28.57701,0.00909,2.42566,0.01105,1,1,3,1.067455,1.000000,1.026028,-0.527687,-0.527671,14.433102,405,0.036560,0.004779,37001,15071,8358,5138,3645,2533,2094,1626,13777,1,1,1,1
22.3500,4071,1,1,44794,0,85949,0.521176,1,6,9,51,3021563,27.51094,0.00238,2.41972,0.01131,1,1,2,1.369666,1.000000,2.946289,0.010317,0.010394,14.971723,6714,-0.000694,0.076354,35801,14331,7964,5130,3503,2539,1980,1584,13116,1,1,1,1
22.4000,4071,1,1,45015,1,86076,0.522974,2,12,12,24,320121,27.54567,0.00238,2.41972,0.01131,0,1,3,1.688626,1.609886,1.609886,-0.006976,-0.006847,14.954584,6512,0.000458,0.074142,35725,14629,8078,5152,3424,2569,1906,1513,13079,1,1,1,1
23.0000,4071,1,1,45678,0,87421,0.522512,3,11,31,35,69012,27.96163,0.00238,2.41972,0.01131,1,1,2,1.155488,1.000000,1.946374,-0.214978,-0.214942,14.746030,4073,0.014576,0.047029,36012,14969,8135,5210,3637,2613,1901,1589,13354,1,1,1,1
23.9000,4071,1,1,46719,1,89562,0.521644,3,3,24,186,216923,28.58531,0.00238,2.41972,0.01131,0,0,3,1.327713,1.101014,1.101014,-0.526746,-0.526677,14.434363,405,0.036488,0.004777,36984,15263,8508,5145,3620,2729,2020,1574,13718,1,1,1,1
22.3500,4072,1,1,44981,1,86235,0.521616,4,6,10,43,311766,27.50928,0.00255,2.42047,0.00996,0,0,3,1.486383,1.292431,1.292431,0.009560,0.009657,14.970622,6718,-0.000645,0.076387,35842,14697,8064,5000,3512,2603,1911,1605,13000,1,1,1,1
22.4000,4072,1,1,45039,1,86592,0.520135,2,2,29,56,272557,27.54383,0.00255,2.42047,0.00996,0,1,3,1.947804,1.551350,1.551350,-0.007738,-0.007574,14.953389,6516,0.000507,0.074175,35956,14796,8120,5125,3604,2479,1950,1603,12958,1,1,1,1
23.0000,4072,1,1,45839,1,87669,0.522870,1,1,11,18,2346884,27.95986,0.00255,2.42047,0.00996,0,0,3,1.545390,1.093359,1.093359,-0.215700,-0.215593,14.745687,4070,0.014621,0.046984,36490,14852,8172,5239,3459,2597,1933,1545,13381,1,1,1,1
23.9000,4072,1,1,46958,0,90165,0.520807,12,2,12,18,136122,28.58355,0.00255,2.42047,0.00996,1,1,3,1.407943,1.000000,1.199118,-0.527564,-0.527480,14.433768,406,0.036545,0.004788,37588,15310,8555,5223,3698,2666,2026,1545,13553,1,1,1,1
22.3500,4073,1,1,45188,0,86043,0.525185,3,4,31,34,393931,27.50606,0.00272,2.41438,0.00999,1,1,2,1.293766,1.000000,1.602746,0.008073,0.008136,14.969266,6715,-0.000544,0.076341,35569,14780,7923,5139,3510,2542,1892,1611,13076,1,1,1,1
22.4000,4073,1,1,45119,1,86109,0.523982,1,4,587,587,167784,27.54078,0.00272,2.41438,0.00999,0,1,3,1.915431,1.356728,1.263048,-0.009252,-0.009092,14.952166,6511,0.000608,0.074106,35679,14679,8159,5024,3454,2552,1906,1540,13115,1,1,1,1
23.0000,4073,1,1,45948,0,87929,0.522564,7,8,66,66,34166,27.95670,0.00272,2.41438,0.00999,1,1,2,1.413323,1.000000,4.108306,-0.217363,-0.217278,14.743986,4067,0.014737,0.046943,36675,14803,8197,5204,3553,2659,1981,1565,13291,1,1,1,1
23.9000,4073,1,1,46864,0,89652,0.522738,2,9,64,64,75576,28.58042,0.00272,2.41438,0.00999,1,1,2,1.138703,1.000000,1.401515,-0.529087,-0.529055,14.431890,403,0.036659,0.004752,37443,15023,8256,5172,3683,2637,2030,1626,13781,1,1,1,1
22.3500,4074,1,1,45171,1,86339,0.523188,3,13,13,52,878807,27.51110,0.00401,2.41839,0.01058,0,1,3,7.197331,6.047289,6.047289,0.011130,0.011614,14.973044,6717,-0.000776,0.076326,35932,14477,8092,5212,3566,2610,1941,1529,12979,1,1,1,1
22.4000,4074,1,1,45051,1,86237,0.522415,1,24,24,139,23717,27.54580,0.00401,2.41839,0.01058,0,1,3,2.023202,1.680333,1.680333,-0.006066,-0.005893,14.955498,6513,0.000394,0.074094,35978,14454,8034,5019,3484,2585,1905,1545,13232,1,1,1,1
23.0000,4074,1,1,45650,0,87138,0.523888,2,40,40,79,143194,27.96179,0.00401,2.41839,0.01058,1,1,2,1.047875,1.000000,2.033335,-0.214085,-0.214074,14.746618,4068,0.014517,0.046935,35795,14855,8246,5203,3588,2610,1871,1604,13365,1,1,1,1
23.9000,4074,1,1,46821,1,89675,0.522125,3,38,42,627,45501,28.58552,0.00401,2.41839,0.01058,0,1,3,3.764976,3.741856,3.741856,-0.526025,-0.525700,14.435742,402,0.036417,0.004738,37203,15103,8335,5325,3735,2731,2026,1565,13651,1,1,1,1
22.3500,4075,1,1,45051,1,86246,0.522361,1,3,3,144,120880,27.50699,0.00355,2.41503,0.01231,0,1,3,2.419183,1.891352,1.891352,0.008876,0.009093,14.970140,6727,-0.000607,0.076435,35892,14717,8016,5065,3413,2560,1993,1499,13090,1,1,1,1
22.4000,4075,1,1,44808,0,86132,0.520231,54,2,54,72,130394,27.54169,0.00355,2.41503,0.01231,1,1,3,1.410791,1.000000,1.024089,-0.008399,-0.008315,14.952941,6520,0.000556,0.074168,35571,14627,8163,5113,3431,2627,1998,1541,13060,1,1,1,1
23.0000,4075,1,1,45232,0,87198,0.518733,5,15,16,27,272613,27.95758,0.00355,2.41503,0.01231,1,1,2,1.373382,1.000000,7.142367,-0.216583,-0.216505,14.744822,4075,0.014683,0.047010,36000,14841,8105,5165,3542,2605,1982,1610,13347,1,1,1,1
23.9000,4075,1,1,46681,1,89547,0.521307,1,5,21,54,941252,28.58132,0.00355,2.41503,0.01231,0,0,3,2.728277,2.098619,2.098619,-0.528306,-0.528060,14.433076,408,0.036587,0.004808,37059,15219,8431,5250,3622,2648,1910,1615,13792,1,1,1,1
22.3500,4076,1,1,45004,0,86250,0.521792,2,4,5,25,112399,27.50617,0.00221,2.41479,0.01145,1,0,3,1.214863,1.000000,1.196276,0.007914,0.007961,14.969349,6726,-0.000532,0.076409,35789,14629,8035,5236,3430,2557,1982,1564,13027,1,1,1,1
22.4000,4076,1,1,45076,0,86537,0.520893,1,2,9,26,47067,27.54086,0.00221,2.41479,0.01145,1,1,3,1.284162,1.000000,1.311224,-0.009436,-0.009375,14.951747,6522,0.000627,0.074179,36064,14664,8178,5034,3468,2569,1923,1540,13096,1,1,1,1
23.0000,4076,1,1,45716,0,87858,0.520346,1,189,189,222,92673,27.95682,0.00221,2.41479,0.01145,1,1,2,1.011703,1.000000,2.246922,-0.217487,-0.217484,14.742866,4079,0.014752,0.047050,36618,14866,8242,5226,3546,2633,2012,1477,13237,1,1,1,1
23.9000,4076,1,1,47109,1,90182,0.522383,1,17,145,145,132760,28.58058,0.00221,2.41479,0.01145,0,1,3,10.687016,8.580806,8.580806,-0.529534,-0.528953,14.431790,408,0.036652,0.004808,37466,15239,8550,5294,3715,2676,2023,1597,13621,1,1,1,1
22.3500,4077,1,1,44940,0,86273,0.520911,1,1,13,182,124294,27.50182,0.00374,2.40731,0.01126,1,0,3,1.407201,1.000000,1.003571,0.006589,0.006673,14.967920,6726,-0.000446,0.076398,35829,14595,8037,5118,3523,2613,1987,1520,13050,1,1,1,1
22.4000,4077,1,1,45132,0,86325,0.522821,2,5,5,45,1701607,27.53650,0.00374,2.40731,0.01126,1,1,2,1.222880,1.000000,1.495463,-0.010806,-0.010757,14.950304,6520,0.000719,0.074145,35882,14674,7951,4995,3534,2548,1993,1533,13214,1,1,1,1
23.0000,4077,1,1,45519,1,87372,0.520985,2,2,79,79,184299,27.95252,0.00374,2.40731,0.01126,0,1,3,1.556217,1.128532,1.128532,-0.218783,-0.218674,14.742649,4073,0.014833,0.046970,36108,14810,8092,5086,3659,2648,2004,1588,13376,1,1,1,1
23.9000,4077,1,1,47140,0,90044,0.523528,2,101,101,101,120669,28.57631,0.00374,2.40731,0.01126,1,1,2,1.161351,1.000000,17.692464,-0.531013,-0.530976,14.430427,405,0.036796,0.004772,37280,15422,8315,5361,3720,2679,2054,1573,13639,1,1,1,1
22.3500,4078,1,1,44784,0,86145,0.519874,8,23,23,108,359090,27.49948,0.00221,2.39944,0.01230,1,1,2,1.080588,1.000000,1.967302,0.004457,0.004476,14.965293,6728,-0.000299,0.076415,35618,14773,8020,5120,3451,2503,1890,1559,13210,1,1,1,1
22.4000,4078,1,1,45001,1,86076,0.522812,1,2,7,83,58558,27.53415,0.00221,2.39944,0.01230,0,1,3,1.880616,1.439464,1.439464,-0.012842,-0.012687,14.948722,6524,0.000849,0.074180,35465,14555,8134,5229,3503,2581,2025,1511,13072,1,1,1,1
23.0000,4078,1,1,45851,1,88178,0.519988,2,7,36,121,173011,27.95008,0.00221,2.39944,0.01230,0,1,3,3.974747,3.325085,3.325085,-0.220905,-0.220567,14.740305,4076,0.014964,0.047001,36727,15068,8257,5054,3572,2587,2008,1571,13333,1,1,1,1
23.9000,4078,1,1,47076,0,89992,0.523119,3,24,45,45,32199,28.57388,0.00221,2.39944,0.01230,1,1,2,1.045753,1.000000,1.210277,-0.532676,-0.532665,14.428017,406,0.036919,0.004783,37176,15353,8485,5312,3682,2631,2057,1611,13684,1,1,1,1
22.3500,4079,1,1,44766,0,86101,0.519930,2,3,19,229,61694,27.50590,0.00221,2.40981,0.01278,1,1,2,1.395225,1.000000,1.753164,0.007742,0.007824,14.969135,6727,-0.000523,0.076365,35773,14555,7994,5111,3523,2527,1939,1551,13127,1,1,1,1
22.4000,4079,1,1,45012,0,86375,0.521129,2,295,295,295,1614896,27.54057,0.00221,2.40981,0.01278,1,1,2,1.413999,1.000000,147.855928,-0.010135,-0.010050,14.951219,6523,0.000672,0.074138,35960,14662,7969,5163,3507,2536,1918,1548,13111,1,1,1,1
23.0000,4079,1,1,45871,1,87972,0.521433,6,32,32,120,83283,27.95656,0.00221,2.40981,0.01278,0,1,3,20.601730,16.029733,16.029733,-0.217858,-0.217116,14.743054,4075,0.014727,0.046969,36726,14810,8083,5108,3640,2665,1980,1624,13335,1,1,1,1
23.9000,4079,1,1,46981,1,90040,0.521785,1,1,19,124,168654,28.58037,0.00221,2.40981,0.01278,0,0,3,1.449104,1.033064,1.033064,-0.529418,-0.529328,14.431976,408,0.036677,0.004804,37428,15213,8386,5295,3689,2696,2097,1631,13604,1,1,1,1
22.3500,4080,1,1,44936,0,86401,0.520093,4,2,12,42,1068177,27.50260,0.00437,2.40133,0.01108,1,1,3,1.412761,1.000000,1.313301,0.007095,0.007180,14.968464,6733,-0.000480,0.076418,35812,14707,8013,5122,3506,2636,1959,1586,13059,1,1,1,1
22.4000,4080,1,1,44933,1,86161,0.521506,1,7,29,39,171221,27.53725,0.00437,2.40133,0.01108,0,1,3,5.091980,3.999902,3.999902,-0.010370,-0.009971,14.950983,6528,0.000667,0.074178,35686,14585,8046,5158,3507,2602,2010,1486,13080,1,1,1,1
23.0000,4080,1,1,45695,1,87860,0.520095,3,138,1418,1418,666111,27.95314,0.00437,2.40133,0.01108,0,1,3,16.554963,16.209784,16.209784,-0.218486,-0.217798,14.742635,4080,0.014773,0.047017,36394,14974,8201,5181,3598,2598,2027,1547,13339,1,1,1,1
23.9000,4080,1,1,47057,1,90005,0.522832,1,36,91,91,71017,28.57697,0.00437,2.40133,0.01108,0,1,3,4.204188,3.366198,3.305949,-0.530207,-0.529855,14.431233,408,0.036716,0.004803,37218,15464,8197,5282,3747,2703,2023,1673,13697,1,1,1,1
22.3500,4081,1,1,45167,1,86226,0.523827,2,11,39,39,128128,27.50516,0.00314,2.39972,0.01170,0,0,3,1.556568,1.179359,1.179359,0.007839,0.007947,14.969102,6730,-0.000531,0.076362,35820,14561,7987,5055,3618,2625,1996,1536,13027,1,1,1,1
22.4000,4081,1,1,45175,1,86504,0.522236,7,26,94,132,135321,27.53981,0.00314,2.39972,0.01170,0,0,3,1.324596,1.191939,1.191939,-0.009493,-0.009425,14.951470,6526,0.000630,0.074135,35915,14658,8081,5127,3489,2541,1943,1608,13141,1,1,1,1
23.0000,4081,1,1,45957,1,87985,0.522334,5,5,13,30,167361,27.95577,0.00314,2.39972,0.01170,0,1,3,1.726999,1.235308,1.213193,-0.217464,-0.217330,14.743978,4077,0.014740,0.046966,36638,14852,8181,5347,3571,2522,2046,1598,13229,1,1,1,1
23.9000,4081,1,1,46946,0,90251,0.520177,4,6,11,13,62314,28.57945,0.00314,2.39972,0.01170,1,1,2,1.407813,1.000000,3.235376,-0.529433,-0.529349,14.431947,405,0.036679,0.004766,37737,15141,8322,5251,3797,2681,2043,1616,13662,1,1,1,1
22.3500,4082,1,1,44969,1,86142,0.522039,1,5,10,22,32334,27.50066,0.00452,2.40118,0.01182,0,1,3,4.509836,3.349120,3.349120,0.006202,0.006571,14.967976,6734,-0.000439,0.076395,35840,14511,8097,5001,3454,2544,1984,1518,13192,1,1,1,1
22.4000,4082,1,1,45126,0,86553,0.521374,1,31,47,471,454116,27.53530,0.00452,2.40118,0.01182,1,1,2,1.373750,1.000000,14.388473,-0.011297,-0.011219,14.949986,6528,0.000750,0.074147,35982,14717,7988,5108,3546,2617,1944,1534,13116,1,1,1,1
23.0000,4082,1,1,45731,1,87845,0.520593,232,181,232,232,106319,27.95132,0.00452,2.40118,0.01182,0,0,3,4.515797,4.511492,4.511492,-0.219167,-0.218797,14.740942,4081,0.014843,0.047010,36321,15072,8266,5153,3566,2576,2003,1556,13331,1,1,1,1
23.9000,4082,1,1,46812,0,89834,0.521100,2,5,234,234,89127,28.57502,0.00452,2.40118,0.01182,1,0,2,1.289882,1.000000,1.811594,-0.530901,-0.530839,14.430526,405,0.036786,0.004766,37099,15339,8482,5205,3618,2724,2024,1578,13764,1,1,1,1
22.3500,4083,1,1,45013,1,86662,0.519415,4,1,21,48,751692,27.49944,0.00332,2.40031,0.01140,0,0,3,1.170841,1.012264,1.012264,0.005041,0.005079,14.966055,6733,-0.000339,0.076374,35820,14806,8132,5199,3530,2578,1990,1521,13085,1,1,1,1
22.4000,4083,1,1,45089,1,86573,0.520827,1,4,4,23,395457,27.53407,0.00332,2.40031,0.01140,0,0,3,2.756570,2.158882,2.158882,-0.012376,-0.012128,14.948988,6529,0.000811,0.074145,35873,14956,8048,5080,3548,2552,1901,1529,13085,1,1,1,1
23.0000,4083,1,1,45672,0,87746,0.520508,1,6,32,41,54017,27.94999,0.00332,2.40031,0.01140,1,1,2,1.373444,1.000000,2.916087,-0.220375,-0.220297,14.741030,4079,0.014944,0.046976,36353,14761,8323,5145,3457,2626,2089,1557,13434,1,1,1,1
23.9000,4083,1,1,46907,1,90279,0.519584,1,2,4,78,82050,28.57371,0.00332,2.40031,0.01140,0,0,3,1.597869,1.177447,1.177447,-0.532121,-0.532006,14.429183,405,0.036870,0.004765,37554,15349,8398,5210,3636,2817,2018,1614,13682,1,1,1,1
22.3500,4084,1,1,45165,1,86502,0.522133,1,110,110,325,78562,27.50233,0.00255,2.40041,0.01122,0,1,3,26.598074,25.468124,25.468124,0.005755,0.006559,14.967997,6735,-0.000438,0.076368,35978,14599,8079,5173,3437,2618,2000,1503,13114,1,1,1,1
22.4000,4084,1,1,44929,1,86305,0.520590,4,9,15,24,197073,27.53696,0.00255,2.40041,0.01122,0,1,3,2.062208,1.511286,1.473809,-0.011202,-0.011025,14.950308,6532,0.000737,0.074154,35623,14760,8107,5111,3473,2524,1864,1574,13268,1,1,1,1
23.0000,4084,1,1,45831,1,87839,0.521767,1,8,31,31,113133,27.95295,0.00255,2.40041,0.01122,0,0,3,3.323714,2.883952,2.883952,-0.219283,-0.218989,14.741981,4084,0.014855,0.047019,36494,15061,8101,5114,3549,2636,2003,1516,13364,1,1,1,1
23.9000,4084,1,1,46741,1,90117,0.518676,1,3,229,229,544726,28.57668,0.00255,2.40041,0.01122,0,1,3,2.932867,2.140830,2.140830,-0.531114,-0.530850,14.430203,405,0.036787,0.004763,37384,15450,8360,5355,3593,2581,2049,1710,13634,1,1,1,1
22.3500,4085,1,1,44922,0,86282,0.520648,5,2,32,49,746769,27.50173,0.00459,2.40525,0.01173,1,1,3,1.379987,1.000000,1.072161,0.006931,0.007010,14.968222,6735,-0.000468,0.076349,35821,14696,7929,5085,3545,2575,1962,1513,13155,1,1,1,1
22.4000,4085,1,1,45106,0,86274,0.522829,2,7,19,47,52229,27.53651,0.00459,2.40525,0.01173,1,1,2,1.306627,1.000000,2.747288,-0.010585,-0.010519,14.950840,6529,0.000704,0.074099,35644,14681,7970,5160,3525,2581,1995,1597,13120,1,1,1,1
23.0000,4085,1,1,46023,1,87918,0.523482,1,19,224,224,284697,27.95240,0.00459,2.40525,0.01173,0,1,3,12.096309,9.645254,9.645254,-0.218683,-0.218073,14.742665,4078,0.014792,0.046936,36441,14898,8342,5224,3526,2625,1941,1554,13366,1,1,1,1
23.9000,4085,1,1,46980,0,90068,0.521612,9,13,14,178,62636,28.57615,0.00459,2.40525,0.01173,1,1,2,1.301037,1.000000,4.721222,-0.530469,-0.530405,14.430956,404,0.036755,0.004750,37575,15228,8185,5433,3644,2619,2057,1576,13750,1,1,1,1
22.3500,4086,1,1,45357,1,86642,0.523505,2,3,24,30,139308,27.50084,0.00221,2.40261,0.01217,0,1,3,1.426190,1.213078,1.213078,0.005162,0.005249,14.966648,6740,-0.000351,0.076395,36012,14749,8053,5116,3488,2562,1945,1590,13126,1,1,1,1
22.4000,4086,1,1,45012,0,86370,0.521159,25,61,61,62,115826,27.53544,0.00221,2.40261,0.01217,1,1,2,1.099554,1.000000,6.434500,-0.012347,-0.012324,14.948545,6538,0.000824,0.074195,35616,14810,8037,5095,3471,2513,1957,1608,13262,1,1,1,1
23.0000,4086,1,1,45961,1,88139,0.521466,1,145,145,145,86531,27.95140,0.00221,2.40261,0.01217,0,1,3,3.901971,3.650343,3.650343,-0.220256,-0.219923,14.741504,4084,0.014919,0.046997,36831,14720,8351,5154,3631,2568,2003,1574,13306,1,1,1,1
23.9000,4086,1,1,47132,0,90330,0.521781,1,2,54,579,253967,28.57517,0.00221,2.40261,0.01217,1,1,3,1.373094,1.000000,1.386065,-0.532016,-0.531938,14.429267,407,0.036865,0.004785,37676,15278,8429,5324,3595,2678,2090,1648,13611,1,1,1,1
22.3500,4087,1,1,45006,0,86520,0.520186,1,5,25,42,37672,27.50303,0.00220,2.41256,0.01192,1,1,2,1.414209,1.000000,3.310678,0.006194,0.006279,14.967553,6742,-0.000420,0.076394,35950,14747,8091,4912,3490,2567,1978,1577,13207,1,1,1,1
22.4000,4087,1,1,45220,0,86550,0.522479,6,3,20,60,248410,27.53763,0.00220,2.41256,0.01192,1,1,2,1.358033,1.000000,1.516263,-0.011006,-0.010932,14.950405,6536,0.000731,0.074145,35934,14836,7922,5041,3473,2588,2027,1540,13188,1,1,1,1
23.0000,4087,1,1,45860,0,87811,0.522264,1,3,91,91,143900,27.95365,0.00220,2.41256,0.01192,1,1,2,1.315475,1.000000,1.752986,-0.219039,-0.218972,14.742180,4083,0.014853,0.046972,36526,14893,8106,5183,3475,2632,1937,1590,13468,1,1,1,1
23.9000,4087,1,1,46817,1,90099,0.519623,1,4,2502,2502,116002,28.57744,0.00220,2.41256,0.01192,0,1,3,1.875155,1.329842,1.252718,-0.530883,-0.530729,14.430526,405,0.036778,0.004760,37447,15196,8448,5365,3702,2660,1998,1547,13735,1,1,1,1
22.3500,4088,1,1,45298,0,86630,0.522896,3,6,15,19,143143,27.50309,0.00484,2.41036,0.01117,1,0,3,1.158904,1.000000,1.140407,0.007730,0.007766,14.969170,6744,-0.000519,0.076390,36122,14742,7992,4992,3459,2576,2018,1545,13183,1,1,1,1
22.4000,4088,1,1,45123,1,86369,0.522450,1,1,14,78,145819,27.53785,0.00484,2.41036,0.01117,0,0,3,1.466957,1.047356,1.047356,-0.009639,-0.009545,14.951878,6539,0.000638,0.074153,35837,14750,8013,5116,3387,2529,1910,1479,13347,1,1,1,1
23.0000,4088,1,1,45746,0,87888,0.520509,1,2,13,109,134322,27.95377,0.00484,2.41036,0.01117,1,1,3,1.353596,1.000000,1.240487,-0.217615,-0.217541,14.743645,4092,0.014755,0.047059,36485,14949,8130,5215,3537,2637,1933,1529,13472,1,1,1,1
23.9000,4088,1,1,46647,1,89629,0.520451,1,18,19,281,53459,28.57757,0.00484,2.41036,0.01117,0,1,3,6.937612,6.287438,6.287438,-0.529720,-0.529246,14.432186,417,0.036671,0.004899,37164,15213,8223,5185,3602,2662,2094,1587,13898,1,1,1,1
22.3500,4089,1,1,45238,0,86531,0.522801,4,37,37,490,297160,27.50545,0.00447,2.41537,0.01129,1,1,2,1.384472,1.000000,17.279955,0.008282,0.008362,14.969683,6741,-0.000559,0.076334,36085,14603,8059,4949,3563,2527,1976,1633,13135,1,1,1,1
22.4000,4089,1,1,45268,0,86307,0.524506,4,5,19,2389,1389701,27.54003,0.00447,2.41537,0.01129,1,1,2,1.290762,1.000000,2.107233,-0.008748,-0.008685,14.952679,6537,0.000581,0.074108,35795,14581,8031,5082,3573,2490,1979,1574,13201,1,1,1,1
23.0000,4089,1,1,45844,0,88060,0.520606,8,4,8,243,101412,27.95602,0.00447,2.41537,0.01129,1,1,3,1.199774,1.000000,1.171865,-0.216664,-0.216619,14.744416,4083,0.014692,0.046942,36551,14904,8271,5211,3615,2613,2072,1550,13272,1,1,1,1
23.9000,4089,1,1,47220,0,90397,0.522368,5,2,10,118,300051,28.57983,0.00447,2.41537,0.01129,1,1,3,1.394330,1.000000,1.287292,-0.528590,-0.528508,14.432804,403,0.036619,0.004733,37589,15480,8401,5336,3628,2628,2003,1583,13748,1,1,1,1
22.3500,4090,1,1,45319,1,86700,0.522717,1,1,8,65,556917,27.50497,0.00254,2.40848,0.01071,0,0,3,1.600731,1.138415,1.138415,0.007470,0.007585,14.968832,6746,-0.000507,0.076377,36251,14506,8189,4997,3560,2492,1956,1522,13226,1,1,1,1
22.4000,4090,1,1,45282,0,87015,0.520399,2,7,101,101,136044,27.53971,0.00254,2.40848,0.01071,1,1,2,1.156165,1.000000,1.441197,-0.009929,-0.009894,14.951083,6542,0.000662,0.074155,36113,14913,8155,5214,3441,2575,2066,1553,12984,1,1,1,1
23.0000,4090,1,1,45854,0,88007,0.521033,2,10,134,156,466045,27.95560,0.00254,2.40848,0.01071,1,1,2,1.413488,1.000000,5.264085,-0.218034,-0.217949,14.743317,4084,0.014783,0.046945,36534,14741,8242,5388,3587,2568,2061,1495,13390,1,1,1,1
23.9000,4090,1,1,47158,0,90444,0.521411,1,6,177,177,244681,28.57943,0.00254,2.40848,0.01071,1,0,2,1.335643,1.000000,2.831307,-0.529873,-0.529802,14.431545,403,0.036711,0.004733,37633,15469,8470,5258,3593,2684,2123,1555,13658,1,1,1,1
22.3500,4091,1,1,45430,0,86818,0.523285,2,1,4,11,73119,27.50023,0.00324,2.40463,0.01175,1,1,3,1.413586,1.000000,1.074185,0.005529,0.005614,14.966896,6751,-0.000375,0.076424,36077,14795,8152,5169,3434,2538,2032,1496,13124,1,1,1,1
22.4000,4091,1,1,45278,0,86666,0.522449,2,66,107,8473,98396,27.53496,0.00324,2.40463,0.01175,1,0,2,1.055751,1.000000,3.840699,-0.012006,-0.011993,14.949437,6542,0.000802,0.074145,35851,14904,8098,5086,3520,2541,1921,1503,13241,1,1,1,1
23.0000,4091,1,1,45782,0,87959,0.520498,2,2,87,87,123316,27.95092,0.00324,2.40463,0.01175,1,0,3,1.387764,1.000000,1.384395,-0.219852,-0.219772,14.741546,4087,0.014908,0.046974,36490,14806,8321,5162,3713,2580,1969,1588,13329,1,1,1,1
23.9000,4091,1,1,47100,0,90421,0.520902,1,6,49,49,108958,28.57460,0.00324,2.40463,0.01175,1,1,2,1.342485,1.000000,2.917617,-0.531790,-0.531718,14.429627,406,0.036849,0.004767,37520,15330,8509,5344,3727,2680,2062,1572,13676,1,1,1,1
22.3500,4092,1,1,45180,0,86418,0.522814,1,2,7,618,68943,27.50645,0.00481,2.40416,0.01101,1,0,2,1.384574,1.000000,1.466386,0.009264,0.009343,14.970664,6748,-0.000624,0.076353,35825,14528,8001,5150,3568,2642,1945,1537,13221,1,1,1,1
22.4000,4092,1,1,45331,1,86866,0.521856,2,3,11,44,119609,27.54101,0.00481,2.40416,0.01101,0,0,3,1.656462,1.377285,1.377285,-0.008005,-0.007881,14.953158,6544,0.000527,0.074131,35995,14820,8200,5031,3487,2600,2095,1527,13110,1,1,1,1
23.0000,4092,1,1,46255,1,88132,0.524844,2,2,4,30,237008,27.95703,0.00481,2.40416,0.01101,0,0,3,1.337400,1.047818,1.047818,-0.215984,-0.215913,14.745203,4089,0.014643,0.046974,36509,15000,8298,5283,3517,2631,2001,1533,13359,1,1,1,1
23.9000,4092,1,1,47200,0,90592,0.521023,1,4,34,49,114703,28.58073,0.00481,2.40416,0.01101,1,0,2,1.295605,1.000000,1.749535,-0.527896,-0.527832,14.433531,406,0.036570,0.004765,37757,15298,8487,5337,3618,2678,2135,1698,13583,1,1,1,1
22.3500,4093,1,1,45337,1,86692,0.522972,1,36,36,230,222944,27.49779,0.00715,2.40056,0.01433,0,1,3,14.733293,13.269679,13.269679,0.005893,0.006550,14.967984,6746,-0.000438,0.076325,35965,14894,8109,5155,3427,2505,1991,1563,13082,1,1,1,1
22.4000,4093,1,1,45217,1,86888,0.520412,2,27,27,65,60070,27.53251,0.00715,2.40056,0.01433,0,1,3,11.570510,10.352415,10.352415,-0.011435,-0.010837,14.950598,6543,0.000725,0.074114,36051,14857,8025,5089,3623,2681,1917,1483,13161,1,1,1,1
23.0000,4093,1,1,46290,0,88722,0.521748,30,116,116,293,104761,27.94843,0.00715,2.40056,0.01433,1,0,2,1.041031,1.000000,4.892718,-0.219305,-0.219295,14.742139,4086,0.014875,0.046938,36925,15356,8190,5063,3577,2758,2071,1579,13202,1,1,1,1
23.9000,4093,1,1,46876,0,89940,0.521198,1,1,20,185,625257,28.57214,0.00715,2.40056,0.01433,1,1,3,1.098264,1.000000,1.009861,-0.530954,-0.530931,14.429909,402,0.036794,0.004718,37094,15331,8318,5343,3693,2729,2052,1624,13755,1,1,1,1
22.3500,4094,1,1,45355,1,86765,0.522740,1,6,43,43,718936,27.50315,0.00237,2.40050,0.01075,0,1,3,1.545080,1.194457,1.194457,0.006539,0.006645,14.968009,6750,-0.000444,0.076351,36153,14556,8164,5162,3427,2591,1983,1508,13220,1,1,1,1
22.4000,4094,1,1,45357,1,86862,0.522179,3,4,8598,8598,54023,27.53786,0.00237,2.40050,0.01075,0,0,3,1.939122,1.708548,1.708548,-0.010859,-0.010697,14.950246,6547,0.000715,0.074143,36166,14838,8041,5044,3537,2550,1937,1549,13199,1,1,1,1
23.0000,4094,1,1,45980,0,88345,0.520465,1,11,11,72,24087983,27.95385,0.00237,2.40050,0.01075,1,1,2,1.324946,1.000000,4.601402,-0.218977,-0.218909,14.742444,4093,0.014849,0.047006,36869,14813,8207,5347,3594,2530,2081,1582,13321,1,1,1,1
23.9000,4094,1,1,47121,1,90344,0.521579,1,3,7,26,445837,28.57758,0.00237,2.40050,0.01075,0,0,3,2.511557,1.931480,1.931480,-0.530735,-0.530510,14.430629,406,0.036763,0.004763,37655,15269,8357,5297,3773,2666,2030,1605,13691,1,1,1,1
22.3500,4095,1,1,45392,0,86715,0.523468,1,18,81,81,98807,27.49999,0.00237,2.39718,0.01109,1,1,2,1.410431,1.000000,9.489514,0.004592,0.004676,14.965932,6749,-0.000312,0.076332,36159,14635,8046,5004,3562,2597,1973,1561,13177,1,1,1,1
22.4000,4095,1,1,45433,1,86838,0.523199,2,2,14,64,407833,27.53469,0.00237,2.39718,0.01109,0,1,3,1.463712,1.149326,1.149326,-0.012499,-0.012406,14.948965,6544,0.000830,0.074098,36327,14618,7911,5046,3478,2628,1874,1611,13344,1,1,1,1
23.0000,4095,1,1,46125,1,88253,0.522651,1,2,6,135,150732,27.95057,0.00237,2.39718,0.01109,0,1,3,1.481652,1.323212,1.323212,-0.220452,-0.220356,14.741060,4089,0.014948,0.046953,36776,14694,8296,5145,3713,2648,1931,1679,13370,1,1,1,1
23.9000,4095,1,1,47005,1,90134,0.521507,2,520,520,520,115718,28.57432,0.00237,2.39718,0.01109,0,0,3,1.744588,1.356768,1.356768,-0.532331,-0.532195,14.428931,402,0.036884,0.004716,37322,15448,8307,5294,3652,2641,2021,1612,13836,1,1,1,1
22.3500,4096,1,1,45186,0,86487,0.522466,3,19,19,37,4045561,27.50182,0.00254,2.40115,0.01103,1,1,2,1.078400,1.000000,1.586527,0.005872,0.005890,14.966705,6771,-0.000394,0.076558,35913,14581,8009,5023,3598,2592,1973,1600,13197,1,1,1,1
22.4000,4096,1,1,45300,0,86625,0.522950,5,7,12,301,118841,27.53651,0.00254,2.40115,0.01103,1,0,2,1.199177,1.000000,1.728323,-0.011483,-0.011439,14.949954,6566,0.000765,0.074324,35928,14728,8120,5076,3608,2487,1838,1561,13278,1,1,1,1
23.0000,4096,1,1,46054,0,88094,0.522788,1,1,16,316,466663,27.95247,0.00254,2.40115,0.01103,1,1,3,1.365429,1.000000,1.130253,-0.219409,-0.219333,14.741866,4109,0.014878,0.047168,36723,14875,8192,5164,3501,2727,2050,1496,13365,1,1,1,1
23.9000,4096,1,1,47051,1,90326,0.520908,1,22,22,83,351422,28.57623,0.00254,2.40115,0.01103,0,1,3,13.129372,10.762745,10.762745,-0.531568,-0.530939,14.430496,422,0.036793,0.004949,37691,15110,8387,5393,3676,2707,1952,1676,13733,1,1,1,1
22.3500,4097,1,1,45366,0,86735,0.523047,1,1,15,57,3572661,27.49832,0.00556,2.40046,0.00851,1,1,3,1.397666,1.000000,1.261401,0.005719,0.005801,14.967035,6770,-0.000388,0.076527,36136,14670,8101,5196,3477,2567,1898,1578,13111,1,1,1,1
22.4000,4097,1,1,45171,1,86771,0.520583,45,4,45,58,36651,27.53300,0.00556,2.40046,0.00851,0,1,3,1.746254,1.643859,1.643859,-0.011652,-0.011516,14.948843,6567,0.000770,0.074322,36003,14770,7955,5143,3531,2585,1954,1605,13224,1,1,1,1
23.0000,4097,1,1,46238,0,88316,0.523558,1,3,8,529,61590,27.94903,0.00556,2.40046,0.00851,1,0,2,1.364837,1.000000,1.958152,-0.219685,-0.219609,14.741724,4108,0.014897,0.047146,36776,15025,8234,5189,3546,2597,2063,1521,13364,1,1,1,1
23.9000,4097,1,1,46848,0,90232,0.519201,1,23,23,40,160081,28.57281,0.00556,2.40046,0.00851,1,0,2,1.099602,1.000000,2.577471,-0.531610,-0.531587,14.429833,419,0.036839,0.004913,37447,15294,8245,5465,3692,2711,2110,1630,13637,1,1,1,1
22.3500,4098,1,1,45353,1,86591,0.523767,1,5,753,753,187226,27.49331,0.00478,2.39152,0.01149,0,0,3,3.017612,2.416973,2.416973,0.002634,0.002903,14.963993,6770,-0.000194,0.076523,36004,14687,7998,5111,3557,2576,1983,1522,13152,1,1,1,1
22.4000,4098,1,1,45110,0,86693,0.520348,1,4,28,28,1628048,27.52798,0.00478,2.39152,0.01149,1,1,2,1.368795,1.000000,2.171780,-0.014690,-0.014614,14.946718,6565,0.000978,0.074292,36065,14689,8127,5111,3524,2581,1912,1520,13163,1,1,1,1
23.0000,4098,1,1,45947,1,88100,0.521538,3,2,6,60,90830,27.94391,0.00478,2.39152,0.01149,0,0,3,1.521284,1.304563,1.304563,-0.222585,-0.222483,14.738510,4106,0.015095,0.047121,36513,14929,8258,5176,3623,2619,1987,1588,13406,1,1,1,1
23.9000,4098,1,1,47240,0,90210,0.523673,9,209,209,773,1522206,28.56770,0.00478,2.39152,0.01149,1,1,2,1.386597,1.000000,96.565007,-0.535015,-0.534935,14.426384,419,0.037080,0.004913,37385,15169,8604,5256,3660,2722,2058,1580,13775,1,1,1,1
22.3500,4099,1,1,45395,1,86875,0.522538,2,49,49,49,4915479,27.50077,0.00254,2.39430,0.00820,0,0,3,2.990166,2.546241,2.546241,0.005298,0.005566,14.966570,6772,-0.000372,0.076514,36119,15010,7983,5083,3467,2581,1961,1514,13156,1,1,1,1
22.4000,4099,1,1,45162,0,86706,0.520870,1,2,23,72,139787,27.53544,0.00254,2.39430,0.00820,1,1,2,1.398391,1.000000,1.441754,-0.011965,-0.011883,14.949353,6567,0.000795,0.074283,35995,14676,7974,5171,3523,2605,1945,1566,13250,1,1,1,1
23.0000,4099,1,1,46268,0,88427,0.523240,3,4,7,1774,40830,27.95143,0.00254,2.39430,0.00820,1,1,3,1.199335,1.000000,1.094408,-0.219923,-0.219879,14.741157,4107,0.014916,0.047113,36873,14869,8246,5185,3636,2600,2027,1602,13388,1,1,1,1
23.9000,4099,1,1,47219,1,90414,0.522259,2,3,285,285,133642,28.57524,0.00254,2.39430,0.00820,0,1,3,1.832556,1.358461,1.358461,-0.531861,-0.531713,14.429629,418,0.036849,0.004899,37490,15489,8479,5268,3581,2710,2004,1596,13796,1,1,1,1
22.3500,4100,1,1,45396,0,87029,0.521625,1,35,35,35,66664,27.49737,0.00270,2.39482,0.00862,1,1,2,1.252236,1.000000,10.312592,0.003399,0.003454,14.964548,6774,-0.000231,0.076528,36302,14767,7953,5108,3609,2616,1986,1608,13079,1,1,1,1
22.4000,4100,1,1,45298,0,86593,0.523120,6,5,6,48,20059879,27.53203,0.00270,2.39482,0.00862,1,1,2,1.285050,1.000000,1.827373,-0.013717,-0.013656,14.947469,6568,0.000914,0.074286,35797,14835,8073,5147,3412,2562,1989,1555,13222,1,1,1,1
23.0000,4100,1,1,45985,1,88569,0.519206,6,97,97,97,318500,27.94791,0.00270,2.39482,0.00862,0,1,3,2.176881,1.565871,1.309919,-0.221622,-0.221432,14.739885,4108,0.015023,0.047117,36718,15249,8215,5248,3641,2622,2078,1570,13227,1,1,1,1
23.9000,4100,1,1,47238,0,90350,0.522839,1,6,18,138,36373,28.57175,0.00270,2.39482,0.00862,1,0,2,1.158184,1.000000,1.297997,-0.533530,-0.533494,14.427910,418,0.036977,0.004898,37499,15272,8395,5365,3702,2671,2131,1585,13729,1,1,1,1
22.3500,4101,1,1,44986,0,86374,0.520834,1,1,17,56,48185,27.49333,0.00431,2.39314,0.00806,1,0,3,1.410736,1.000000,1.134885,0.002510,0.002594,14.963886,6773,-0.000173,0.076502,35497,14824,8069,5196,3507,2588,1885,1558,13249,1,1,1,1
22.4000,4101,1,1,45138,0,86667,0.520827,9,4,18,18,3434583,27.52798,0.00431,2.39314,0.00806,1,0,2,1.270884,1.000000,1.462770,-0.014841,-0.014783,14.946590,6566,0.000989,0.074250,35791,14735,8134,5186,3513,2590,1968,1526,13223,1,1,1,1
23.0000,4101,1,1,46232,0,88138,0.524547,1,1,83,83,1685584,27.94393,0.00431,2.39314,0.00806,1,1,3,1.409178,1.000000,1.426772,-0.222817,-0.222733,14.738521,4106,0.015112,0.047087,36294,15102,8312,5220,3572,2663,2009,1580,13385,1,1,1,1
23.9000,4101,1,1,47067,1,90544,0.519830,1,36,36,40,2297191,28.56761,0.00431,2.39314,0.00806,0,1,3,12.935546,11.710910,11.710910,-0.534917,-0.534293,14.427136,417,0.037034,0.004885,37663,15398,8356,5298,3637,2665,2072,1627,13827,1,1,1,1
22.3500,4102,1,1,45259,1,87109,0.519573,4,5,7666,7666,775311,27.49223,0.00496,2.38476,0.01045,0,1,3,1.845674,1.343659,1.343659,0.002335,0.002484,14.963813,6777,-0.000166,0.076529,36295,14935,8051,5021,3578,2547,1949,1569,13163,1,1,1,1
22.4000,4102,1,1,45317,1,86853,0.521773,2,3,7,694,3357733,27.52687,0.00496,2.38476,0.01045,0,0,3,1.436673,1.094187,1.094187,-0.014966,-0.014878,14.946273,6572,0.000995,0.074301,36050,14685,8084,5043,3562,2669,1939,1604,13216,1,1,1,1
23.0000,4102,1,1,46338,0,88831,0.521648,2,4,15,28,185266,27.94290,0.00496,2.38476,0.01045,1,1,2,1.390638,1.000000,2.095636,-0.223056,-0.222976,14.738250,4110,0.015129,0.047122,36990,15010,8370,5314,3558,2743,1925,1588,13332,1,1,1,1
23.9000,4102,1,1,47327,1,90737,0.521590,1,10,47,47,30575715,28.56659,0.00496,2.38476,0.01045,0,1,3,6.716067,5.254692,5.254692,-0.535018,-0.534554,14.426881,419,0.037053,0.004908,37666,15515,8507,5344,3609,2680,2107,1587,13721,1,1,1,1
22.3500,4103,1,1,45295,1,86727,0.522277,3,15,15,87,108924,27.49232,0.00397,2.39345,0.00853,0,1,3,2.888003,2.619114,2.619114,0.001684,0.001943,14.963362,6776,-0.000130,0.076501,35997,14615,8122,5113,3500,2695,1910,1651,13123,1,1,1,1
22.4000,4103,1,1,45007,1,86613,0.519639,1,3,45,174,285281,27.52695,0.00397,2.39345,0.00853,0,1,3,3.037689,2.237361,2.237361,-0.015613,-0.015342,14.945761,6572,0.001027,0.074285,36012,14620,8003,5163,3445,2491,1967,1612,13299,1,1,1,1
23.0000,4103,1,1,45998,0,88076,0.522259,1,1,59,61,205319,27.94288,0.00397,2.39345,0.00853,1,0,3,1.395402,1.000000,1.075616,-0.223475,-0.223394,14.737838,4110,0.015158,0.047112,36492,14831,8331,5237,3634,2626,1914,1508,13502,1,1,1,1
23.9000,4103,1,1,47069,1,90585,0.519617,1,2,17,56,117139,28.56659,0.00397,2.39345,0.00853,0,1,3,1.781832,1.260054,1.181341,-0.535346,-0.535205,14.426068,418,0.037100,0.004895,37622,15488,8440,5314,3746,2642,2034,1572,13726,1,1,1,1
22.3500,4104,1,1,45124,0,86712,0.520395,4,4,27,29,202711,27.49651,0.00270,2.38427,0.00755,1,1,2,1.397432,1.000000,2.221435,0.003227,0.003309,14.964620,6780,-0.000221,0.076521,35922,14673,8106,5156,3456,2590,2030,1495,13283,1,1,1,1
22.4000,4104,1,1,45388,0,86851,0.522602,3,13,13,45,3936642,27.53114,0.00270,2.38427,0.00755,1,0,2,1.100839,1.000000,1.470226,-0.014036,-0.014012,14.947408,6579,0.000937,0.074338,36167,14625,8142,5108,3453,2571,1962,1555,13267,1,1,1,1
23.0000,4104,1,1,46177,1,88393,0.522412,1,4,12,28,79694,27.94713,0.00270,2.38427,0.00755,0,1,3,2.366416,1.760146,1.760146,-0.222051,-0.221842,14.739503,4115,0.015051,0.047153,36633,14869,8331,5343,3553,2551,2054,1587,13471,1,1,1,1
23.9000,4104,1,1,47063,1,90394,0.520649,1,9,19,72,148109,28.57086,0.00270,2.38427,0.00755,0,1,3,7.031415,5.260357,5.260357,-0.534052,-0.533576,14.427228,419,0.036984,0.004905,37442,15314,8549,5291,3659,2697,2001,1591,13849,1,1,1,1
22.3500,4105,1,1,45394,0,86912,0.522304,2,2,102,102,37558,27.49227,0.00287,2.37409,0.00864,1,0,3,1.375088,1.000000,1.192647,0.001327,0.001404,14.962732,6778,-0.000094,0.076490,36050,14667,8278,5155,3532,2549,1925,1564,13191,1,1,1,1
22.4000,4105,1,1,45324,0,87081,0.520487,1,3,13,76,257839,27.52705,0.00287,2.37409,0.00864,1,1,2,1.400564,1.000000,2.088365,-0.016137,-0.016055,14.945184,6572,0.001074,0.074252,36262,14728,8123,5022,3547,2581,2020,1597,13200,1,1,1,1
23.0000,4105,1,1,46229,1,88788,0.520673,1,11,12,114,107238,27.94294,0.00287,2.37409,0.00864,0,1,3,2.472518,1.805392,1.690014,-0.224054,-0.223833,14.737370,4109,0.015188,0.047079,36832,15287,8290,5178,3597,2686,2009,1559,13349,1,1,1,1
23.9000,4105,1,1,47132,0,90655,0.519911,1,4,4,331,30511,28.56669,0.00287,2.37409,0.00864,1,1,2,1.360113,1.000000,2.231441,-0.535962,-0.535887,14.425307,417,0.037149,0.004881,37763,15298,8460,5290,3699,2653,2037,1621,13833,1,1,1,1
22.3500,4106,1,1,45160,0,86837,0.520061,13,4,13,30,73405,27.49438,0.00287,2.37627,0.00864,1,1,2,1.349108,1.000000,1.826602,0.002220,0.002293,14.963477,6779,-0.000153,0.076479,35904,14802,8057,5105,3610,2579,1981,1573,13225,1,1,1,1
22.4000,4106,1,1,45353,1,86710,0.523048,1,11,11,64,265298,27.52899,0.00287,2.37627,0.00864,0,1,3,5.610215,4.729641,4.729641,-0.015201,-0.014781,14.946627,6574,0.000989,0.074249,35929,14622,8016,5209,3549,2541,1970,1548,13325,1,1,1,1
23.0000,4106,1,1,46052,0,88301,0.521540,1,12,12,21,281174,27.94494,0.00287,2.37627,0.00864,1,1,2,1.374094,1.000000,5.728616,-0.223203,-0.223126,14.738203,4110,0.015139,0.047076,36598,15077,8153,5185,3617,2614,2062,1588,13406,1,1,1,1
23.9000,4106,1,1,47311,1,90884,0.520570,25,8,25,596,245836,28.56871,0.00287,2.37627,0.00864,0,1,3,5.374254,4.214894,4.214894,-0.535048,-0.534639,14.426769,415,0.037059,0.004856,37898,15310,8543,5300,3660,2722,2070,1622,13758,1,1,1,1
22.3500,4107,1,1,45547,1,87178,0.522466,1,29,29,77,31832,27.49124,0.00236,2.37430,0.00930,0,1,3,1.665387,1.196604,1.063974,0.000524,0.000648,14.961964,6786,-0.000043,0.076547,36312,14765,8115,5145,3495,2625,2010,1537,13173,1,1,1,1
22.4000,4107,1,1,45314,0,86910,0.521396,1,92,92,92,4761041,27.52584,0.00236,2.37430,0.00930,1,1,2,1.013635,1.000000,1.346908,-0.016805,-0.016802,14.943596,6580,0.001124,0.074314,35807,14901,8044,5112,3541,2664,1943,1587,13310,1,1,1,1
23.0000,4107,1,1,46260,0,88666,0.521739,5,20,20,111,4037735,27.94186,0.00236,2.37430,0.00930,1,1,2,1.113958,1.000000,2.455872,-0.224896,-0.224869,14.736036,4116,0.015260,0.047141,37167,14977,8178,5154,3512,2610,2029,1593,13445,1,1,1,1
23.9000,4107,1,1,47040,0,90288,0.521005,5,13,13,35,78514,28.56564,0.00236,2.37430,0.00930,1,1,2,1.107819,1.000000,1.511842,-0.536727,-0.536702,14.424189,419,0.037208,0.004903,37207,15176,8583,5510,3751,2682,1998,1584,13796,1,1,1,1
22.3500,4108,1,1,45367,1,87202,0.520258,1,3,9,72,329630,27.48755,0.00466,2.37553,0.00771,0,1,3,1.228347,1.128949,1.128949,-0.000124,-0.000074,14.961349,6790,0.000005,0.076576,36268,14943,8166,5086,3433,2598,1937,1554,13216,1,1,1,1
22.4000,4108,1,1,45293,1,86852,0.521502,1,1,7,47,253668,27.52231,0.00466,2.37553,0.00771,0,1,3,1.380110,1.050558,1.050558,-0.017492,-0.017414,14.943944,6585,0.001165,0.074351,36020,14803,7975,5079,3567,2471,1990,1576,13370,1,1,1,1
23.0000,4108,1,1,45885,1,88310,0.519596,1,12,15,89,244862,27.93823,0.00466,2.37553,0.00771,0,1,3,5.503997,4.921222,4.921222,-0.225646,-0.225231,14.736207,4116,0.015284,0.047129,36500,15079,8160,5138,3595,2746,2113,1633,13345,1,1,1,1
23.9000,4108,1,1,47339,1,90913,0.520712,1,2,36,65,58672,28.56203,0.00466,2.37553,0.00771,0,1,3,1.644362,1.172079,1.024601,-0.537347,-0.537226,14.424079,419,0.037245,0.004901,37875,15265,8552,5281,3734,2650,2113,1608,13834,1,1,1,1
22.3500,4109,1,1,45514,0,86810,0.524300,1,6,14,76,55009,27.48866,0.00270,2.37921,0.00822,1,1,2,1.376070,1.000000,3.076551,-0.000786,-0.000708,14.960502,6784,0.000047,0.076494,35898,14787,8152,5137,3456,2569,2008,1558,13244,1,1,1,1
22.4000,4109,1,1,45578,0,87201,0.522683,1,4,135,461,231668,27.52324,0.00270,2.37921,0.00822,1,1,2,1.295909,1.000000,1.731723,-0.018003,-0.017940,14.943197,6579,0.001201,0.074269,36265,14756,8206,5215,3524,2634,1925,1546,13129,1,1,1,1
23.0000,4109,1,1,46036,0,88330,0.521188,1,14,52,1785,541326,27.93923,0.00270,2.37921,0.00822,1,1,2,1.413409,1.000000,7.506180,-0.226180,-0.226096,14.735189,4113,0.015344,0.047086,36853,14647,8292,5166,3639,2570,2086,1578,13498,1,1,1,1
23.9000,4109,1,1,47349,1,90882,0.521000,570,16,570,570,182215,28.56304,0.00270,2.37921,0.00822,0,1,3,4.685996,4.496996,4.496996,-0.538025,-0.537649,14.421865,416,0.037280,0.004866,37824,15447,8502,5376,3687,2660,2074,1611,13700,1,1,1,1
22.3500,4110,1,1,45394,0,87203,0.520561,1,6,9,21,4921775,27.48495,0.00398,2.37186,0.01258,1,1,2,1.247539,1.000000,2.014068,-0.001885,-0.001832,14.959259,6788,0.000122,0.076527,36281,14947,8196,5111,3399,2500,1995,1556,13217,1,1,1,1
22.4000,4110,1,1,45367,1,87154,0.520544,8,31,31,375,99630,27.51969,0.00398,2.37186,0.01258,0,0,3,1.279712,1.167617,1.167617,-0.019193,-0.019133,14.941732,6582,0.001280,0.074292,36206,14842,8107,5128,3578,2560,2001,1598,13133,1,1,1,1
23.0000,4110,1,1,46478,0,88734,0.523796,2,10,11,67,211326,27.93558,0.00398,2.37186,0.01258,1,1,2,1.169489,1.000000,1.972786,-0.227200,-0.227162,14.733837,4116,0.015418,0.047113,37049,15035,8305,5118,3674,2589,2024,1602,13337,1,1,1,1
23.9000,4110,1,1,47089,1,90535,0.520125,1,191,191,328,240059,28.55941,0.00398,2.37186,0.01258,0,1,3,105.603181,88.142433,88.142433,-0.539579,-0.538446,14.421738,417,0.037336,0.004876,37453,15318,8401,5356,3658,2739,2113,1657,13839,1,1,1,1
22.3500,4111,1,1,45331,1,86872,0.521820,1,6,11,53,329905,27.48514,0.00253,2.36867,0.01086,0,1,3,4.300050,3.481836,3.481836,-0.002523,-0.002168,14.958787,6788,0.000145,0.076511,35904,14743,8308,5222,3453,2580,1910,1499,13252,1,1,1,1
22.4000,4111,1,1,45745,1,87582,0.522316,4,34,1362,1362,241091,27.51988,0.00253,2.36867,0.01086,0,1,3,5.479309,5.121179,5.121179,-0.019937,-0.019523,14.941904,6582,0.001307,0.074273,36656,14897,8010,5132,3608,2575,1992,1498,13213,1,1,1,1
23.0000,4111,1,1,46452,0,88541,0.524644,140,85,140,548,589419,27.93583,0.00253,2.36867,0.01086,1,1,2,1.186157,1.000000,17.378910,-0.228064,-0.228023,14.732999,4115,0.015477,0.047093,36872,14853,8273,5335,3468,2696,1978,1606,13459,1,1,1,1
23.9000,4111,1,1,47150,0,90946,0.518445,1,14,15,49,213169,28.55951,0.00253,2.36867,0.01086,1,0,2,1.158978,1.000000,2.519725,-0.539669,-0.539633,14.421772,416,0.037418,0.004864,37731,15480,8468,5325,3763,2749,2033,1624,13772,1,1,1,1
22.3500,4112,1,1,45426,0,86947,0.522462,2,9,14,1584,4316335,27.48734,0.00508,2.37782,0.00823,1,1,2,1.274741,1.000000,3.185026,-0.000250,-0.000191,14.960926,6794,0.000013,0.076549,35969,14986,8012,5139,3518,2598,1909,1503,13312,1,1,1,1
22.4000,4112,1,1,45233,1,86735,0.521514,3,11,428,443,630607,27.52189,0.00508,2.37782,0.00823,0,1,3,5.846436,4.897183,4.897183,-0.017581,-0.017152,14.944260,6588,0.001148,0.074311,35883,14672,8165,5113,3488,2572,1993,1536,13312,1,1,1,1
23.0000,4112,1,1,45975,1,88365,0.520291,3,5,43,43,132849,27.93791,0.00508,2.37782,0.00823,0,1,3,2.102819,1.784302,1.784302,-0.225469,-0.225288,14.736112,4121,0.015288,0.047140,36633,14882,8261,5173,3719,2628,1948,1573,13547,1,1,1,1
23.9000,4112,1,1,47419,1,90921,0.521546,1,1,20,71,239363,28.56161,0.00508,2.37782,0.00823,0,0,3,1.488334,1.052665,1.052665,-0.537252,-0.537156,14.424115,420,0.037240,0.004908,37930,15500,8369,5244,3670,2667,2122,1677,13741,1,1,1,1
22.3500,4113,1,1,45510,0,87327,0.521151,1,5,10,47,69188,27.48854,0.00483,2.37930,0.00920,1,1,2,1.410047,1.000000,3.075266,0.000294,0.000378,14.961634,6791,-0.000025,0.076493,36396,14810,8094,5146,3589,2639,2000,1562,13090,1,1,1,1
22.4000,4113,1,1,45673,1,87237,0.523557,3,2,7,13,343647,27.52326,0.00483,2.37930,0.00920,0,1,3,1.768556,1.368548,1.368548,-0.016962,-0.016823,14.944571,6585,0.001126,0.074257,36217,14903,8143,5056,3476,2627,1967,1563,13284,1,1,1,1
23.0000,4113,1,1,45917,1,88310,0.519958,2,87,185,659,332515,27.93918,0.00483,2.37930,0.00920,0,1,3,57.786346,43.417327,43.417327,-0.225347,-0.224361,14.737084,4117,0.015224,0.047080,36451,14917,8383,5131,3688,2622,1985,1592,13540,1,1,1,1
23.9000,4113,1,1,47431,1,90953,0.521495,1,119,119,146,365136,28.56290,0.00483,2.37930,0.00920,0,1,3,7.698812,6.918822,6.918822,-0.536981,-0.536485,14.424932,416,0.037192,0.004860,37927,15275,8518,5418,3696,2704,2076,1605,13733,1,1,1,1
22.3500,4114,1,1,45699,1,87525,0.522131,156,2,156,156,145002,27.49045,0.00286,2.37925,0.01121,0,1,3,1.371802,1.011850,1.011850,0.000456,0.000533,14.960599,6793,-0.000036,0.076502,36355,14963,8125,5207,3586,2587,1929,1594,13178,1,1,1,1
22.4000,4114,1,1,45223,1,86927,0.520247,4,4,4,74,53824,27.52516,0.00286,2.37925,0.01121,0,1,3,2.275845,1.939520,1.939520,-0.016977,-0.016777,14.944055,6588,0.001123,0.074276,36000,14653,8131,5159,3511,2673,1938,1495,13366,1,1,1,1
23.0000,4114,1,1,46333,1,88931,0.521005,5,2,27,27,307994,27.94115,0.00286,2.37925,0.01121,0,1,3,1.959345,1.402343,1.402343,-0.224932,-0.224769,14.736543,4119,0.015252,0.047093,37035,15160,8329,5138,3611,2704,1946,1534,13473,1,1,1,1
23.9000,4114,1,1,47630,0,91083,0.522935,1,168,168,405,859245,28.56488,0.00286,2.37925,0.01121,1,1,2,1.077586,1.000000,13.661857,-0.537075,-0.537057,14.424369,417,0.037233,0.004871,38034,15471,8423,5259,3835,2636,2084,1617,13723,1,1,1,1
22.3500,4115,1,1,45508,0,87229,0.521713,1,26,26,82,40281,27.48953,0.00397,2.37817,0.00821,1,1,2,1.413690,1.000000,13.325591,0.000128,0.000212,14.961482,6794,-0.000014,0.076490,36231,14797,8041,5242,3607,2567,1970,1562,13211,1,1,1,1
22.4000,4115,1,1,45474,0,87194,0.521533,3,8,8,144,474414,27.52423,0.00397,2.37817,0.00821,1,1,2,1.124304,1.000000,1.139527,-0.016922,-0.016894,14.944033,6589,0.001130,0.074269,36039,14949,8170,5166,3454,2586,1964,1536,13329,1,1,1,1
23.0000,4115,1,1,46127,1,88914,0.518788,2,22,109,109,1469583,27.94012,0.00397,2.37817,0.00821,0,1,3,9.163118,8.066713,8.066713,-0.225105,-0.224566,14.736857,4119,0.015238,0.047081,36957,15022,8433,5232,3587,2656,1966,1604,13456,1,1,1,1
23.9000,4115,1,1,47353,1,90689,0.522153,1,1,26,96,222491,28.56387,0.00397,2.37817,0.00821,0,1,3,1.360548,1.001536,1.001536,-0.536725,-0.536650,14.424688,416,0.037204,0.004858,37682,15339,8317,5330,3765,2713,1994,1615,13933,1,1,1,1
22.3500,4116,1,1,45145,1,86793,0.520152,2,2,25,306,32375,27.48848,0.00495,2.37729,0.01022,0,0,3,1.516424,1.230995,1.230995,0.000439,0.000540,14.961615,6797,-0.000036,0.076505,35843,14707,8150,5094,3563,2651,1974,1579,13231,1,1,1,1
22.4000,4116,1,1,45555,1,87174,0.522582,1,5,5,1904,183246,27.52317,0.00495,2.37729,0.01022,0,0,3,2.450503,1.961163,1.961163,-0.016965,-0.016747,14.944346,6590,0.001121,0.074261,36155,14847,8044,5116,3447,2639,2033,1566,13326,1,1,1,1
23.0000,4116,1,1,46511,1,88963,0.522819,2,4,9,53,27429,27.93912,0.00495,2.37729,0.01022,0,1,3,2.400943,2.016564,2.016564,-0.224943,-0.224730,14.736288,4120,0.015250,0.047082,36951,15326,8204,5262,3505,2630,1995,1602,13487,1,1,1,1
23.9000,4116,1,1,47339,1,90559,0.522748,3,3,95,95,93517,28.56289,0.00495,2.37729,0.01022,0,0,3,1.286312,1.068467,1.068467,-0.536751,-0.536690,14.424354,417,0.037207,0.004868,37618,15385,8251,5375,3637,2704,2161,1633,13794,1,1,1,1
22.3500,4117,1,1,45410,0,86684,0.523863,1,7,16,16,70112,27.49159,0.00303,2.38456,0.01097,1,1,2,1.411497,1.000000,3.979191,0.000951,0.001034,14.962326,6795,-0.000069,0.076460,35903,14657,8066,5080,3481,2660,1924,1590,13322,1,1,1,1
22.4000,4117,1,1,44970,0,86656,0.518954,1,3,15,34,136814,27.52627,0.00303,2.38456,0.01097,1,1,2,1.410303,1.000000,2.152612,-0.016315,-0.016232,14.945063,6588,0.001086,0.074216,35674,14685,8190,5056,3553,2615,1995,1568,13319,1,1,1,1
23.0000,4117,1,1,46504,0,89111,0.521872,2,9,13,73,327090,27.94229,0.00303,2.38456,0.01097,1,1,2,1.219389,1.000000,2.447274,-0.224343,-0.224295,14.736767,4117,0.015220,0.047035,37275,15143,8285,5227,3514,2671,1993,1594,13408,1,1,1,1
23.9000,4117,1,1,47327,1,90800,0.521228,1,31,31,34,232163,28.56607,0.00303,2.38456,0.01097,0,1,3,3.106634,2.622735,2.622735,-0.536242,-0.535966,14.425432,412,0.037154,0.004809,37537,15459,8490,5387,3772,2687,2103,1621,13743,1,1,1,1
22.3500,4118,1,1,45129,1,86951,0.519022,1,8,8,42,255421,27.49112,0.00236,2.38397,0.00930,0,1,3,1.662978,1.196058,1.145273,0.000431,0.000555,14.961873,6803,-0.000037,0.076534,36032,14735,8102,5116,3549,2608,1888,1558,13362,1,1,1,1
22.4000,4118,1,1,44943,1,86885,0.517276,3,27,27,122,244554,27.52579,0.00236,2.38397,0.00930,0,1,3,19.564788,13.914154,13.914154,-0.017219,-0.016497,14.944944,6597,0.001104,0.074300,35970,14749,8119,5187,3555,2518,1979,1545,13262,1,1,1,1
23.0000,4118,1,1,46110,0,88355,0.521878,1,2,17,20,129293,27.94172,0.00236,2.38397,0.00930,1,1,2,1.403709,1.000000,1.727986,-0.224925,-0.224843,14.736402,4130,0.015258,0.047173,36678,14971,8168,5221,3594,2580,2048,1461,13633,1,1,1,1
23.9000,4118,1,1,47324,0,91334,0.518148,3,2,16,1211,1161285,28.56551,0.00236,2.38397,0.00930,1,1,3,1.348356,1.000000,1.230663,-0.536784,-0.536712,14.424473,420,0.037208,0.004901,37867,15464,8611,5385,3708,2729,2161,1699,13709,1,1,1,1
22.3500,4119,1,1,45376,0,87327,0.519616,5,6,192,236,940170,27.49055,0.00236,2.38277,0.01181,1,1,2,1.296348,1.000000,2.438691,0.000104,0.000167,14.961305,6803,-0.000011,0.076518,36282,14947,8182,5109,3552,2602,1929,1555,13168,1,1,1,1
22.4000,4119,1,1,45383,1,87265,0.520066,20,3,20,198,116347,27.52522,0.00236,2.38277,0.01181,0,1,3,2.203040,1.701214,1.701214,-0.017182,-0.016990,14.943461,6597,0.001137,0.074290,36136,14813,7996,5186,3595,2617,2017,1611,13293,1,1,1,1
23.0000,4119,1,1,45951,1,88432,0.519625,27,3,27,286,56563,27.94120,0.00236,2.38277,0.01181,0,1,3,2.307323,1.846936,1.846936,-0.225187,-0.224984,14.735393,4125,0.015268,0.047108,36652,14966,8255,5189,3542,2671,2014,1627,13515,1,1,1,1
23.9000,4119,1,1,47544,0,91333,0.520562,4,501,501,501,2405175,28.56502,0.00236,2.38277,0.01181,1,0,2,1.002967,1.000000,1.503397,-0.537072,-0.537071,14.424374,418,0.037234,0.004877,38167,15578,8400,5443,3584,2590,2102,1658,13810,1,1,1,1
22.3500,4120,1,1,45440,0,87133,0.521508,3,24,24,264,182953,27.48888,0.00389,2.38155,0.00913,1,0,2,1.150686,1.000000,4.061374,-0.000130,-0.000096,14.961312,6806,0.000006,0.076533,36291,14798,8066,5160,3465,2550,1990,1528,13284,1,1,1,1
22.4000,4120,1,1,45883,1,87581,0.523898,1,6,15,28,164095,27.52354,0.00389,2.38155,0.00913,0,1,3,2.777691,2.387925,2.387925,-0.017393,-0.017145,14.944260,6602,0.001147,0.074324,36356,14911,8211,5251,3575,2662,1885,1493,13236,1,1,1,1
23.0000,4120,1,1,46061,1,88847,0.518436,4,106,106,106,99518,27.93943,0.00389,2.38155,0.00913,0,0,3,3.502970,3.274708,3.274708,-0.225377,-0.225073,14.735718,4128,0.015274,0.047130,36902,15148,8304,5216,3634,2695,2041,1564,13342,1,1,1,1
23.9000,4120,1,1,47159,1,91025,0.518094,2,4,30,30,88468,28.56326,0.00389,2.38155,0.00913,0,1,3,2.961902,2.321054,2.321054,-0.537249,-0.536986,14.423872,420,0.037229,0.004899,37832,15417,8407,5480,3727,2768,2020,1674,13699,1,1,1,1
22.3500,4121,1,1,45445,1,87175,0.521314,4,2,6,19,848275,27.48613,0.00416,2.38949,0.00864,0,1,3,1.587462,1.182668,1.182668,-0.001163,-0.001051,14.960377,6805,0.000070,0.076508,36019,14802,8315,5163,3566,2620,1964,1549,13176,1,1,1,1
22.4000,4121,1,1,45583,1,87094,0.523383,8,8,45,70,423532,27.52078,0.00416,2.38949,0.00864,0,1,3,5.238685,4.153893,4.153893,-0.018640,-0.018238,14.943172,6598,0.001221,0.074266,36079,14778,8109,5059,3567,2589,1959,1577,13376,1,1,1,1
23.0000,4121,1,1,46334,0,88526,0.523400,1,14,14,42,176231,27.93674,0.00416,2.38949,0.00864,1,1,2,1.226646,1.000000,3.756746,-0.226606,-0.226556,14.734514,4125,0.015376,0.047088,36660,15142,8198,5186,3604,2612,2017,1518,13588,1,1,1,1
23.9000,4121,1,1,47382,0,91220,0.519431,1,3,41,41,61614,28.56042,0.00416,2.38949,0.00864,1,1,2,1.408920,1.000000,2.043253,-0.538373,-0.538289,14.423008,417,0.037322,0.004863,37946,15343,8623,5395,3647,2710,2092,1627,13836,1,1,1,1
22.3500,4122,1,1,45438,0,86945,0.522612,2,28,33,33,328491,27.48008,0.00445,2.39009,0.01143,1,1,2,1.414117,1.000000,14.319795,-0.004289,-0.004205,14.957069,6807,0.000281,0.076529,35975,14682,8178,5151,3593,2596,1995,1503,13271,1,1,1,1
22.4000,4122,1,1,45295,1,86900,0.521237,15,13,22,39,2481529,27.51472,0.00445,2.39009,0.01143,0,1,3,4.106350,3.875940,3.875940,-0.021451,-0.021108,14.939323,6600,0.001413,0.074290,35986,14516,8145,5108,3509,2663,1981,1588,13403,1,1,1,1
23.0000,4122,1,1,46281,1,88776,0.521329,2,210,210,210,469362,27.93074,0.00445,2.39009,0.01143,0,1,3,29.966907,28.968973,28.968973,-0.229706,-0.228881,14.732557,4131,0.015536,0.047151,36808,15054,8392,5336,3541,2619,1984,1573,13468,1,1,1,1
23.9000,4122,1,1,47219,1,90947,0.519198,1,4,92,524,344447,28.55444,0.00445,2.39009,0.01143,0,1,3,2.217631,1.744118,1.744118,-0.541214,-0.541021,14.420352,420,0.037518,0.004898,37512,15650,8406,5421,3788,2745,2096,1596,13732,1,1,1,1
22.3500,4123,1,1,45526,0,87238,0.521866,4,8,8,294,125527,27.48521,0.00411,2.39176,0.00874,1,1,2,1.401825,1.000000,4.356744,-0.001857,-0.001775,14.959467,6810,0.000119,0.076532,36089,14864,8224,5177,3496,2610,2075,1592,13110,1,1,1,1
22.4000,4123,1,1,45369,1,87179,0.520418,1,15,15,50,84297,27.51984,0.00411,2.39176,0.00874,0,1,3,1.885564,1.367649,1.263411,-0.019019,-0.018865,14.942350,6603,0.001263,0.074291,36123,14851,8116,5207,3499,2585,2023,1554,13220,1,1,1,1
23.0000,4123,1,1,46578,0,89060,0.523002,4,478,478,756,54656,27.93577,0.00411,2.39176,0.00874,1,1,2,1.191236,1.000000,100.200955,-0.227515,-0.227473,14.733925,4129,0.015439,0.047113,36987,15245,8200,5320,3693,2665,2027,1597,13325,1,1,1,1
23.9000,4123,1,1,47672,0,91435,0.521382,1,168,168,168,102771,28.55948,0.00411,2.39176,0.00874,1,1,2,1.353408,1.000000,70.545470,-0.539330,-0.539257,14.422085,419,0.037391,0.004884,38175,15688,8512,5314,3644,2720,2057,1655,13669,1,1,1,1
22.3500,4124,1,1,45420,0,87023,0.521937,9,17,17,52,4951079,27.48458,0.00252,2.39357,0.00799,1,1,2,1.080493,1.000000,1.461445,-0.002775,-0.002756,14.958070,6811,0.000184,0.076532,36056,14709,8063,5093,3529,2614,2043,1546,13369,1,1,1,1
22.4000,4124,1,1,45312,0,87028,0.520666,19,2,64,726,72997,27.51921,0.00252,2.39357,0.00799,1,1,3,1.381282,1.000000,1.365623,-0.020078,-0.020000,14.941326,6605,0.001339,0.074300,35905,15012,8081,5132,3456,2539,1996,1553,13353,1,1,1,1
23.0000,4124,1,1,46219,1,88544,0.521995,1,3,23,43,82428,27.93520,0.00252,2.39357,0.00799,0,1,3,2.026010,1.719361,1.719361,-0.228099,-0.227927,14.733485,4131,0.015470,0.047126,36545,15171,8310,5232,3639,2595,2030,1601,13420,1,1,1,1
23.9000,4124,1,1,47322,0,90904,0.520577,1,5,15,20,248774,28.55893,0.00252,2.39357,0.00799,1,1,2,1.327956,1.000000,2.172360,-0.539996,-0.539927,14.421240,419,0.037440,0.004883,37564,15469,8495,5379,3831,2716,2055,1639,13755,1,1,1,1
22.3500,4125,1,1,45634,0,87282,0.522840,3,4,16,16,186738,27.48471,0.00383,2.38376,0.00849,1,1,2,1.300185,1.000000,1.577188,-0.002004,-0.001940,14.959202,6809,0.000130,0.076485,36092,14930,8190,5229,3518,2615,1983,1580,13144,1,1,1,1
22.4000,4125,1,1,45575,1,87558,0.520518,1,5,373,373,162461,27.51950,0.00383,2.38376,0.00849,0,1,3,3.881859,2.977247,2.977247,-0.019476,-0.019147,14.941869,6603,0.001281,0.074257,36415,14925,8085,5179,3607,2679,1939,1524,13204,1,1,1,1
23.0000,4125,1,1,46445,1,89145,0.521011,3,11,104,104,10580827,27.93538,0.00383,2.38376,0.00849,0,1,3,2.330757,2.276781,2.276781,-0.227387,-0.227182,14.734258,4127,0.015419,0.047066,37096,15199,8394,5265,3489,2648,1986,1643,13424,1,1,1,1
23.9000,4125,1,1,47230,0,90674,0.520883,32,6,32,60,97696,28.55913,0.00383,2.38376,0.00849,1,0,2,1.211422,1.000000,1.498275,-0.539210,-0.539163,14.422229,415,0.037384,0.004835,37412,15450,8519,5417,3657,2623,2046,1631,13918,1,1,1,1
22.3500,4126,1,1,45426,0,87144,0.521281,1,7,12,73,41305,27.48435,0.00252,2.38156,0.00736,1,1,2,1.386972,1.000000,3.794670,-0.003058,-0.002979,14.958342,6812,0.000199,0.076505,36169,14802,8025,5094,3585,2577,1978,1554,13359,1,1,1,1
22.4000,4126,1,1,45465,1,87060,0.522232,3,9,30,155,387411,27.51896,0.00252,2.38156,0.00736,0,1,3,3.488453,3.117558,3.117558,-0.020338,-0.020035,14.940775,6607,0.001341,0.074289,35857,14799,8282,5175,3435,2552,2020,1566,13373,1,1,1,1
23.0000,4126,1,1,46431,1,88987,0.521779,5,29,29,156,368142,27.93491,0.00252,2.38156,0.00736,0,1,3,7.280243,6.943947,6.943947,-0.228413,-0.227931,14.732627,4130,0.015471,0.047094,36931,15050,8290,5299,3695,2600,2028,1531,13562,1,1,1,1
23.9000,4126,1,1,47862,0,91482,0.523191,2,71,71,71,119413,28.55868,0.00252,2.38156,0.00736,1,0,2,1.020322,1.000000,1.543302,-0.540109,-0.540104,14.421337,417,0.037452,0.004858,38310,15497,8473,5424,3703,2666,2071,1520,13817,1,1,1,1
22.3500,4127,1,1,45874,0,87751,0.522781,3,117,117,117,762042,27.48036,0.00252,2.38411,0.00838,1,1,2,1.368971,1.000000,51.518694,-0.005309,-0.005233,14.956100,6812,0.000350,0.076498,36691,14835,8120,5118,3629,2696,1910,1536,13215,1,1,1,1
22.4000,4127,1,1,45627,1,87256,0.522916,1,202,202,202,305575,27.51496,0.00252,2.38411,0.00838,0,0,3,12.144478,11.426424,11.426424,-0.022426,-0.021821,14.938947,6606,0.001461,0.074269,36198,14686,8209,5123,3567,2465,2033,1563,13411,1,1,1,1
23.0000,4127,1,1,46403,1,88960,0.521622,1202,5,1202,1202,121286,27.93099,0.00252,2.38411,0.00838,0,1,3,3.809392,2.851651,2.851651,-0.230268,-0.229944,14.729386,4129,0.015611,0.047082,36994,15044,8266,5191,3579,2704,2031,1633,13517,1,1,1,1
23.9000,4127,1,1,47410,0,91212,0.519784,3,52,52,52,111040,28.55477,0.00252,2.38411,0.00838,1,1,2,1.159912,1.000000,9.054921,-0.542300,-0.542264,14.418724,415,0.037608,0.004834,37918,15449,8519,5392,3701,2709,2097,1630,13796,1,1,1,1
22.3500,4128,1,1,45587,1,87538,0.520774,1,9,9,48,115939,27.48578,0.00406,2.38775,0.00826,0,1,3,2.423627,1.861100,1.861100,-0.001368,-0.001153,14.960210,6820,0.000077,0.076548,36412,14926,8028,5210,3565,2646,1992,1564,13194,1,1,1,1
22.4000,4128,1,1,45353,1,87316,0.519418,2,3,15,21,62276,27.52053,0.00406,2.38775,0.00826,0,1,3,2.011624,1.655017,1.655017,-0.018735,-0.018566,14.942862,6613,0.001242,0.074311,36286,14617,8131,5211,3617,2649,2020,1566,13218,1,1,1,1
23.0000,4128,1,1,46527,1,89090,0.522253,4,15,15,71,161690,27.93646,0.00406,2.38775,0.00826,0,1,3,3.748123,3.456892,3.456892,-0.226784,-0.226464,14.734961,4136,0.015369,0.047132,36955,15364,8297,5097,3546,2692,2027,1567,13544,1,1,1,1
23.9000,4128,1,1,47560,0,91366,0.520549,2,92,866,866,503720,28.56025,0.00406,2.38775,0.00826,1,0,2,1.025321,1.000000,2.412168,-0.538639,-0.538633,14.422806,421,0.037346,0.004901,38037,15566,8452,5352,3742,2707,2180,1583,13746,1,1,1,1
22.3500,4129,1,1,45339,1,87374,0.518913,3,3,5,30,33465,27.48496,0.00285,2.38611,0.00749,0,1,3,2.792667,2.018986,2.018986,-0.002500,-0.002252,14.958569,6817,0.000151,0.076504,36484,14680,8073,5124,3485,2710,1968,1573,13276,1,1,1,1
22.4000,4129,1,1,45691,1,87234,0.523781,10,119,119,119,211615,27.51954,0.00285,2.38611,0.00749,0,1,3,39.802941,37.309444,37.309444,-0.020146,-0.019254,14.942189,6613,0.001289,0.074296,36145,14629,8082,5251,3626,2636,2022,1532,13310,1,1,1,1
23.0000,4129,1,1,46599,1,89235,0.522211,3,5,7,1473,343449,27.93553,0.00285,2.38611,0.00749,0,1,3,3.593600,2.793386,2.793386,-0.227826,-0.227516,14.733904,4133,0.015442,0.047090,37188,15264,8286,5278,3610,2616,1994,1543,13455,1,1,1,1
23.9000,4129,1,1,47488,0,91245,0.520451,2,28,81,81,78400,28.55935,0.00285,2.38611,0.00749,1,1,2,1.305970,1.000000,10.228505,-0.539892,-0.539827,14.421321,417,0.037433,0.004854,37744,15511,8517,5468,3746,2626,2122,1654,13856,1,1,1,1
22.3500,4130,1,1,45389,1,87210,0.520462,5,3,25,65,61811,27.47931,0.00379,2.38370,0.00924,0,0,3,1.755976,1.598033,1.598033,-0.004768,-0.004632,14.956244,6819,0.000310,0.076520,36237,14720,8001,5137,3540,2727,1993,1598,13256,1,1,1,1
22.4000,4130,1,1,45641,1,87559,0.521266,4,4,9,9,329720,27.51405,0.00379,2.38370,0.00924,0,0,3,1.530335,1.338918,1.338918,-0.022121,-0.022018,14.938944,6612,0.001474,0.074283,36430,14730,8151,5078,3677,2659,1975,1615,13243,1,1,1,1
23.0000,4130,1,1,46350,0,89176,0.519765,1,2,6,22,1107719,27.92994,0.00379,2.38370,0.00924,1,0,3,1.295550,1.000000,1.243329,-0.230052,-0.229989,14.731376,4135,0.015612,0.047109,37123,15192,8230,5286,3627,2604,2095,1610,13408,1,1,1,1
23.9000,4130,1,1,47568,0,91243,0.521339,1,60,164,164,58310,28.55377,0.00379,2.38370,0.00924,1,1,2,1.413893,1.000000,30.650883,-0.542362,-0.542279,14.419004,418,0.037609,0.004865,37823,15671,8566,5331,3608,2785,2026,1638,13794,1,1,1,1
22.3500,4131,1,1,45281,1,87126,0.519725,1,2,219,219,150754,27.48255,0.00454,2.38127,0.00718,0,1,3,1.575839,1.146892,1.146892,-0.002676,-0.002566,14.958765,6822,0.000172,0.076522,36075,14641,8247,5115,3572,2543,2010,1613,13309,1,1,1,1
22.4000,4131,1,1,45633,1,87123,0.523783,1,4,9,1253,310243,27.51728,0.00454,2.38127,0.00718,0,0,3,1.417720,1.021176,1.021176,-0.020020,-0.019935,14.941290,6614,0.001334,0.074276,35902,14791,8180,5160,3639,2595,1902,1633,13320,1,1,1,1
23.0000,4131,1,1,46379,1,88910,0.521646,4,2,54,274,316802,27.93324,0.00454,2.38127,0.00718,0,1,3,1.508373,1.117862,1.117862,-0.228019,-0.227919,14.733425,4139,0.015470,0.047137,36924,15134,8198,5309,3537,2668,2018,1610,13511,1,1,1,1
23.9000,4131,1,1,47464,0,90982,0.521691,1,2,18,172,772468,28.55692,0.00454,2.38127,0.00718,1,1,2,1.377948,1.000000,1.456589,-0.539886,-0.539808,14.421406,423,0.037431,0.004922,37994,15333,8281,5364,3695,2677,2013,1615,14009,1,1,1,1
22.3500,4132,1,1,45406,0,87245,0.520448,1,2,30,40,2968154,27.47934,0.00408,2.38232,0.00805,1,1,2,1.367424,1.000000,1.607376,-0.004659,-0.004583,14.956621,6822,0.000306,0.076514,36201,14752,8158,5038,3511,2569,1992,1629,13394,1,1,1,1
22.4000,4132,1,1,45615,1,87480,0.521439,1,2,11,435,1454390,27.51390,0.00408,2.38232,0.00805,0,1,3,1.495208,1.058994,1.058994,-0.021875,-0.021777,14.939514,6616,0.001458,0.074289,36229,14897,8150,5108,3563,2563,2002,1625,13342,1,1,1,1
23.0000,4132,1,1,46153,1,88856,0.519419,1,2,684,684,97339,27.92992,0.00408,2.38232,0.00805,0,1,3,1.510024,1.252247,1.252247,-0.229915,-0.229815,14.731579,4136,0.015600,0.047097,36846,15134,8288,5230,3441,2612,2063,1648,13593,1,1,1,1
23.9000,4132,1,1,47314,0,91055,0.519626,1,60,60,168,775002,28.55362,0.00408,2.38232,0.00805,1,1,2,1.161002,1.000000,10.563173,-0.542026,-0.541990,14.419000,418,0.037589,0.004863,37702,15494,8501,5389,3673,2671,2096,1648,13880,1,1,1,1
22.3500,4133,1,1,45492,0,87079,0.522428,2,30,30,31,1046542,27.48183,0.00302,2.38482,0.00857,1,1,2,1.161137,1.000000,5.383752,-0.004036,-0.004000,14.956990,6820,0.000267,0.076472,36185,14591,8001,5122,3582,2684,1993,1624,13296,1,1,1,1
22.4000,4133,1,1,45721,1,87956,0.519823,6,5,30,108,49797,27.51654,0.00302,2.38482,0.00857,0,1,3,3.616205,2.738634,2.738634,-0.021313,-0.021002,14.940422,6613,0.001406,0.074233,36726,15028,8069,5189,3593,2540,1931,1579,13300,1,1,1,1
23.0000,4133,1,1,46451,1,89016,0.521833,1,146,146,163,458092,27.93246,0.00302,2.38482,0.00857,0,1,3,15.885557,15.652860,15.652860,-0.229485,-0.228816,14.732628,4133,0.015531,0.047048,36986,15190,8165,5212,3537,2831,1997,1603,13494,1,1,1,1
23.9000,4133,1,1,47220,0,91014,0.518827,1,2,78,78,23924,28.55618,0.00302,2.38482,0.00857,1,1,2,1.409853,1.000000,1.468949,-0.541055,-0.540972,14.420287,415,0.037515,0.004827,37504,15555,8599,5288,3663,2825,2026,1728,13825,1,1,1,1
22.3500,4134,1,1,45629,1,87617,0.520784,1,24,39,534,842196,27.48303,0.00268,2.38579,0.00963,0,1,3,1.800093,1.342730,1.313224,-0.003367,-0.003225,14.957955,6826,0.000216,0.076515,36600,14719,8128,5253,3530,2627,1984,1598,13177,1,1,1,1
22.4000,4134,1,1,45815,1,87811,0.521752,25,2,25,666,71107,27.51774,0.00268,2.38579,0.00963,0,1,3,1.524144,1.238435,1.238435,-0.020713,-0.020611,14.940787,6619,0.001380,0.074280,36641,14847,8088,5230,3603,2582,1968,1597,13254,1,1,1,1
23.0000,4134,1,1,46693,1,89468,0.521902,1,1,17,88,246709,27.93372,0.00268,2.38579,0.00963,0,0,3,1.467561,1.039784,1.039784,-0.228695,-0.228602,14.732661,4138,0.015517,0.047094,37302,15339,8278,5307,3563,2692,1997,1571,13418,1,1,1,1
23.9000,4134,1,1,47494,0,91060,0.521574,1,22,298,298,110530,28.55746,0.00268,2.38579,0.00963,1,1,2,1.081660,1.000000,2.049290,-0.540639,-0.540620,14.420211,418,0.037490,0.004860,37883,15331,8417,5278,3672,2772,2094,1626,13986,1,1,1,1
22.3500,4135,1,1,45374,0,87168,0.520541,3,5,12,62,913333,27.48513,0.00268,2.37574,0.00963,1,1,2,1.408644,1.000000,2.857457,-0.002528,-0.002445,14.958854,6825,0.000163,0.076481,36150,14776,8154,5027,3550,2587,1971,1499,13453,1,1,1,1
22.4000,4135,1,1,45548,0,87714,0.519284,1,1,15,73,62239,27.51983,0.00268,2.37574,0.00963,1,1,3,1.367462,1.000000,1.104841,-0.019763,-0.019687,14.941517,6619,0.001318,0.074259,36602,14812,8176,5129,3519,2536,1978,1603,13358,1,1,1,1
23.0000,4135,1,1,46178,0,88831,0.519847,1,7,13,125,565261,27.93572,0.00268,2.37574,0.00963,1,1,2,1.410457,1.000000,4.157745,-0.227867,-0.227784,14.733512,4137,0.015460,0.047068,36691,15073,8317,5275,3585,2642,2012,1571,13664,1,1,1,1
23.9000,4135,1,1,47426,0,91109,0.520547,1,8,46,46,1906122,28.55946,0.00268,2.37574,0.00963,1,1,2,1.296787,1.000000,3.286232,-0.539712,-0.539649,14.421716,416,0.037419,0.004835,37601,15568,8567,5401,3741,2645,2123,1602,13860,1,1,1,1
22.3500,4136,1,1,45682,0,87439,0.522450,3,16,40,40,236832,27.48323,0.00378,2.37898,0.00748,1,1,2,1.157210,1.000000,2.962989,-0.002874,-0.002838,14.958147,6830,0.000190,0.076522,36400,14842,7994,5205,3471,2519,1976,1565,13466,1,1,1,1
22.4000,4136,1,1,45649,1,87619,0.521000,5,3,14,160,284414,27.51792,0.00378,2.37898,0.00748,0,0,3,1.671713,1.505670,1.505670,-0.020132,-0.020008,14.940895,6623,0.001339,0.074289,36430,14900,8180,5115,3589,2542,1989,1502,13371,1,1,1,1
23.0000,4136,1,1,46339,1,89173,0.519659,2,2,18,21,1700775,27.93387,0.00378,2.37898,0.00748,0,1,3,2.079883,1.510640,1.510640,-0.228117,-0.227940,14.733390,4140,0.015471,0.047092,37203,15003,8244,5276,3591,2653,2005,1673,13524,1,1,1,1
23.9000,4136,1,1,47132,0,91009,0.517889,1,2,134,134,197404,28.55764,0.00378,2.37898,0.00748,1,1,2,1.397220,1.000000,1.866259,-0.540023,-0.539942,14.421295,418,0.037441,0.004858,37670,15384,8574,5305,3626,2793,2122,1647,13887,1,1,1,1
22.3500,4137,1,1,45586,0,87535,0.520780,2,20,134,134,728904,27.47928,0.00395,2.37765,0.01319,1,1,2,1.284769,1.000000,6.786911,-0.004807,-0.004746,14.956383,6827,0.000317,0.076479,36271,14900,8159,5170,3643,2627,1904,1598,13262,1,1,1,1
22.4000,4137,1,1,45539,1,87327,0.521483,3,2,64,84,293274,27.51396,0.00395,2.37765,0.01319,0,0,3,1.411944,1.163616,1.163616,-0.021930,-0.021846,14.939212,6620,0.001462,0.074246,35897,14935,8119,5249,3527,2593,2010,1572,13424,1,1,1,1
23.0000,4137,1,1,46263,1,88858,0.520646,1,4,79,219,150762,27.92998,0.00395,2.37765,0.01319,0,1,3,2.133287,1.517406,1.454998,-0.229968,-0.229785,14.731465,4137,0.015598,0.047052,36884,15160,8350,5155,3495,2625,2092,1536,13560,1,1,1,1
23.9000,4137,1,1,47436,0,91134,0.520514,1,2,32,50,63036,28.55377,0.00395,2.37765,0.01319,1,1,3,1.334617,1.000000,1.340698,-0.541854,-0.541784,14.419390,417,0.037573,0.004845,37879,15421,8530,5341,3682,2735,2106,1565,13874,1,1,1,1
22.3500,4138,1,1,45584,0,87535,0.520758,2,64,2671,2671,47504,27.48170,0.00395,2.37621,0.00798,1,1,2,1.119337,1.000000,8.280794,-0.003729,-0.003701,14.957716,6832,0.000247,0.076510,36380,14910,8017,5216,3557,2652,1866,1629,13307,1,1,1,1
22.4000,4138,1,1,45915,1,87946,0.522088,1,4,42,42,85364,27.51638,0.00395,2.37621,0.00798,0,1,3,2.318624,1.710769,1.710769,-0.020873,-0.020670,14.940671,6623,0.001383,0.074254,36440,15016,8195,5217,3631,2589,2069,1605,13183,1,1,1,1
23.0000,4138,1,1,46646,0,89263,0.522574,3,23,23,44,244940,27.93230,0.00395,2.37621,0.00798,1,0,2,1.122510,1.000000,3.146112,-0.228910,-0.228882,14.732534,4142,0.015536,0.047094,37093,15162,8355,5284,3661,2655,2018,1589,13445,1,1,1,1
23.9000,4138,1,1,47701,1,91200,0.523043,1,43,43,43,303476,28.55610,0.00395,2.37621,0.00798,0,1,3,28.677860,21.678849,21.678849,-0.541042,-0.540231,14.421214,415,0.037461,0.004820,37946,15385,8488,5421,3736,2690,2047,1602,13884,1,1,1,1
22.3500,4139,1,1,45653,1,87547,0.521474,8,6,30,40,158810,27.47593,0.00311,2.37190,0.01163,0,0,3,1.127437,1.013255,1.013255,-0.006723,-0.006694,14.954213,6838,0.000448,0.076577,36301,14964,8137,5126,3524,2568,1976,1625,13325,1,1,1,1
22.4000,4139,1,1,45570,0,87667,0.519814,1,1,39,39,66357,27.51059,0.00311,2.37190,0.01163,1,1,3,1.394341,1.000000,1.155796,-0.024061,-0.023981,14.937253,6632,0.001605,0.074354,36332,14920,8189,5155,3526,2667,1959,1552,13366,1,1,1,1
23.0000,4139,1,1,46587,1,89569,0.520130,1,4,59,59,70674,27.92658,0.00311,2.37190,0.01163,0,1,3,2.221666,1.595666,1.572092,-0.232098,-0.231906,14.729413,4147,0.015744,0.047150,37175,15536,8196,5437,3553,2671,1937,1576,13487,1,1,1,1
23.9000,4139,1,1,47351,1,91072,0.519935,5,4,7,132,1022272,28.55040,0.00311,2.37190,0.01163,0,1,3,3.067660,2.342158,2.342158,-0.544060,-0.543789,14.417614,422,0.037717,0.004902,37736,15509,8355,5420,3703,2663,2102,1678,13905,1,1,1,1
22.3500,4140,1,1,45412,0,87363,0.519814,2,2,191,191,27227,27.47730,0.00327,2.37684,0.00730,1,0,3,1.332477,1.000000,1.217792,-0.006084,-0.006014,14.955338,6839,0.000402,0.076563,36328,14783,8056,5109,3533,2587,1976,1621,13369,1,1,1,1
22.4000,4140,1,1,45866,0,88147,0.520341,1,1,10,21,28745,27.51196,0.00327,2.37684,0.00730,1,1,3,1.410936,1.000000,1.093272,-0.023387,-0.023304,14.937958,6632,0.001560,0.074332,36729,14769,8350,5145,3637,2752,2059,1527,13178,1,1,1,1
23.0000,4140,1,1,46414,0,88913,0.522022,2,1,14,16,469925,27.92784,0.00327,2.37684,0.00730,1,0,3,1.399612,1.000000,1.083199,-0.231338,-0.231257,14.730054,4152,0.015700,0.047193,36970,14956,8291,5190,3666,2680,1960,1624,13575,1,1,1,1
23.9000,4140,1,1,47524,0,91230,0.520931,69,6,69,75,103805,28.55168,0.00327,2.37684,0.00730,1,1,2,1.237502,1.000000,1.711442,-0.543314,-0.543263,14.417821,423,0.037680,0.004912,37783,15520,8529,5512,3711,2653,1978,1720,13823,1,1,1,1
22.3500,4141,1,1,45825,1,87764,0.522145,214,14,214,214,4639287,27.47599,0.00344,2.37267,0.01037,0,1,3,5.704264,5.274632,5.274632,-0.006772,-0.006351,14.953359,6837,0.000425,0.076533,36282,14963,8346,5264,3535,2563,2040,1596,13174,1,1,1,1
22.4000,4141,1,1,45540,0,87548,0.520178,2,3,85,1346,1234310,27.51064,0.00344,2.37267,0.01037,1,1,2,1.406545,1.000000,1.796640,-0.023966,-0.023884,14.937419,6630,0.001599,0.074295,36445,14895,8132,5140,3530,2519,1924,1578,13384,1,1,1,1
23.0000,4141,1,1,46364,0,89219,0.519671,1,51,51,534,161025,27.92660,0.00344,2.37267,0.01037,1,1,2,1.256255,1.000000,15.082630,-0.232201,-0.232146,14.728957,4145,0.015761,0.047106,37228,15088,8213,5224,3519,2707,2081,1607,13551,1,1,1,1
23.9000,4141,1,1,47631,1,91431,0.520956,2,3,123,123,641090,28.55028,0.00344,2.37267,0.01037,0,0,3,1.618042,1.341906,1.341906,-0.543749,-0.543632,14.417417,419,0.037707,0.004865,37986,15613,8414,5444,3723,2783,1989,1673,13805,1,1,1,1
22.3500,4142,1,1,45556,0,87636,0.519838,1,2,13,140,293157,27.47991,0.00606,2.39099,0.01066,1,1,3,1.410994,1.000000,1.408584,-0.003279,-0.003196,14.958099,6842,0.000214,0.076546,36444,14758,8273,5163,3624,2588,1931,1523,13331,1,1,1,1
22.4000,4142,1,1,45648,0,87328,0.522725,1,2,27,152,66480,27.51455,0.00606,2.39099,0.01066,1,1,3,1.293972,1.000000,1.119864,-0.020578,-0.020515,14.940623,6635,0.001373,0.074317,36368,14620,8027,5212,3529,2574,1951,1545,13501,1,1,1,1
23.0000,4142,1,1,46469,1,89329,0.520206,1,19,19,19,159936,27.93057,0.00606,2.39099,0.01066,0,1,3,9.422031,8.081485,8.081485,-0.228828,-0.228286,14.732544,4148,0.015495,0.047117,37084,15202,8331,5317,3642,2611,2030,1631,13480,1,1,1,1
23.9000,4142,1,1,47706,0,91576,0.520950,1,4,10,53,147838,28.55427,0.00606,2.39099,0.01066,1,1,2,1.393117,1.000000,2.679800,-0.540544,-0.540464,14.420769,423,0.037478,0.004909,37953,15752,8587,5361,3726,2704,2120,1583,13789,1,1,1,1
22.3500,4143,1,1,45459,1,87375,0.520281,2,2,4,146,262866,27.48151,0.00234,2.37693,0.00999,0,0,3,1.457375,1.179761,1.179761,-0.004429,-0.004338,14.956744,6840,0.000290,0.076512,36237,14767,8105,5057,3633,2567,1995,1593,13420,1,1,1,1
22.4000,4143,1,1,45928,0,88047,0.521636,4,3,14,27,2624759,27.51614,0.00234,2.37693,0.00999,1,0,3,1.292435,1.000000,1.217059,-0.021750,-0.021688,14.939680,6638,0.001452,0.074337,36695,14900,8163,5256,3563,2647,2007,1602,13213,1,1,1,1
23.0000,4143,1,1,46726,0,89239,0.523611,1,33,39,39,111566,27.93206,0.00234,2.37693,0.00999,1,1,2,1.387414,1.000000,15.827101,-0.230023,-0.229944,14.731379,4149,0.015609,0.047121,37230,15178,8091,5356,3577,2584,2020,1633,13569,1,1,1,1
23.9000,4143,1,1,47907,1,91654,0.522700,1,13,13,59,565134,28.55578,0.00234,2.37693,0.00999,0,0,3,4.061327,3.524789,3.524789,-0.541699,-0.541360,14.419619,419,0.037543,0.004862,38192,15565,8491,5494,3694,2759,2042,1636,13780,1,1,1,1
22.3500,4144,1,1,45697,1,87722,0.520936,2,3,12,44,56433,27.48299,0.00486,2.37847,0.00792,0,1,3,2.901021,2.129056,2.129056,-0.002447,-0.002190,14.959196,6846,0.000146,0.076548,36357,15040,8052,5071,3614,2645,2011,1566,13365,1,1,1,1
22.4000,4144,1,1,45867,1,87849,0.522118,197,7,197,197,77121,27.51761,0.00486,2.37847,0.00792,0,1,3,5.338607,3.961165,3.961165,-0.019833,-0.019429,14.941984,6639,0.001300,0.074319,36493,14929,8137,5123,3508,2645,1996,1577,13440,1,1,1,1
23.0000,4144,1,1,46618,0,89398,0.521472,1,19,19,52,1342126,27.93360,0.00486,2.37847,0.00792,1,1,2,1.089187,1.000000,1.865634,-0.227738,-0.227717,14.733137,4152,0.015456,0.047138,37088,15067,8499,5307,3625,2668,2013,1577,13553,1,1,1,1
23.9000,4144,1,1,47360,0,91327,0.518582,1,4,26,37,201600,28.55734,0.00486,2.37847,0.00792,1,1,2,1.413921,1.000000,2.554596,-0.539640,-0.539557,14.421727,423,0.037413,0.004906,37628,15625,8574,5398,3793,2759,2094,1638,13817,1,1,1,1
22.3500,4145,1,1,45692,0,87375,0.522947,2,1,14,27,49254,27.48298,0.00268,2.38126,0.00716,1,1,3,1.408182,1.000000,1.066925,-0.003400,-0.003318,14.957938,6844,0.000222,0.076514,36290,14814,8009,5022,3509,2589,2052,1556,13533,1,1,1,1
22.4000,4145,1,1,45750,0,87913,0.520407,6,5,17,38,59057,27.51776,0.00268,2.38126,0.00716,1,1,2,1.362325,1.000000,2.395301,-0.020890,-0.020816,14.940385,6637,0.001393,0.074287,36237,15102,8374,5146,3699,2621,1969,1529,13235,1,1,1,1
23.0000,4145,1,1,46535,1,89235,0.521494,5,9,9,104,54613,27.93365,0.00268,2.38126,0.00716,0,1,3,3.054440,2.412577,2.412577,-0.228835,-0.228566,14.732811,4150,0.015514,0.047105,36942,15374,8196,5241,3643,2632,2030,1553,13623,1,1,1,1
23.9000,4145,1,1,47190,0,90989,0.518640,1,1,38,38,151088,28.55740,0.00268,2.38126,0.00716,1,0,3,1.403032,1.000000,1.060102,-0.540597,-0.540515,14.420731,419,0.037482,0.004859,37687,15331,8428,5470,3672,2712,2110,1561,14017,1,1,1,1
22.3500,4146,1,1,45543,1,87119,0.522774,3,3,19,117,309600,27.47761,0.00421,2.37097,0.00820,0,1,3,1.974836,1.618538,1.618538,-0.005475,-0.005311,14.955603,6845,0.000355,0.076518,35838,15024,7932,5156,3555,2592,2021,1571,13429,1,1,1,1
22.4000,4146,1,1,45903,1,87968,0.521821,4,3,28,55,38042,27.51222,0.00421,2.37097,0.00820,0,1,3,1.522625,1.076667,1.022295,-0.022712,-0.022610,14.938670,6640,0.001514,0.074311,36529,14985,8290,5129,3660,2565,2064,1514,13231,1,1,1,1
23.0000,4146,1,1,46257,1,89345,0.517740,1,1,13,13,89301,27.92817,0.00421,2.37097,0.00820,0,0,3,1.989383,1.477995,1.477995,-0.230741,-0.230575,14.730610,4150,0.015653,0.047100,37058,15233,8261,5283,3737,2632,1981,1594,13565,1,1,1,1
23.9000,4146,1,1,47672,0,91438,0.521364,1,4,137,137,619033,28.55194,0.00421,2.37097,0.00820,1,1,2,1.413188,1.000000,2.808080,-0.542705,-0.542622,14.418666,421,0.037633,0.004881,37918,15709,8446,5431,3674,2713,2024,1554,13968,1,1,1,1
22.3500,4147,1,1,45877,1,87640,0.523477,1,6,65,65,697481,27.47868,0.00364,2.37218,0.00964,0,0,3,2.372524,1.905125,1.905125,-0.005188,-0.004979,14.956114,6848,0.000333,0.076531,36363,14885,8113,5101,3501,2581,1987,1640,13468,1,1,1,1
22.4000,4147,1,1,46001,1,88000,0.522745,1,59,59,59,636678,27.51328,0.00364,2.37218,0.00964,0,1,3,13.334930,12.357974,12.357974,-0.022713,-0.022088,14.938706,6640,0.001479,0.074293,36685,14902,8235,5307,3547,2559,1932,1519,13313,1,1,1,1
23.0000,4147,1,1,46518,0,89361,0.520568,3,114,114,114,43474,27.92930,0.00364,2.37218,0.00964,1,1,2,1.118308,1.000000,14.439867,-0.230742,-0.230715,14.730702,4153,0.015662,0.047123,36911,15309,8282,5350,3661,2688,2109,1567,13483,1,1,1,1
23.9000,4147,1,1,47529,1,91309,0.520535,13,5,13,16,476464,28.55309,0.00364,2.37218,0.00964,0,1,3,3.417160,2.666887,2.666887,-0.542429,-0.542133,14.419291,419,0.037598,0.004857,37722,15574,8538,5358,3681,2775,2085,1644,13931,1,1,1,1
22.3500,4148,1,1,45812,0,87919,0.521076,6,10,22,22,184214,27.47918,0.00267,2.37772,0.00715,1,0,2,1.116583,1.000000,1.264721,-0.005314,-0.005288,14.956130,6849,0.000354,0.076523,36460,14960,8329,5122,3573,2606,2016,1544,13308,1,1,1,1
22.4000,4148,1,1,46111,1,88000,0.523995,2,6,9,21,155266,27.51394,0.00267,2.37772,0.00715,0,1,3,1.271800,1.078673,1.078673,-0.022674,-0.022616,14.938786,6641,0.001514,0.074286,36618,15011,8175,5087,3507,2602,1956,1652,13391,1,1,1,1
23.0000,4148,1,1,46704,0,89669,0.520855,6,12,38,53,165849,27.92986,0.00267,2.37772,0.00715,1,1,2,1.383775,1.000000,5.627202,-0.230834,-0.230755,14.730570,4152,0.015665,0.047100,37382,15213,8339,5259,3615,2665,2035,1617,13543,1,1,1,1
23.9000,4148,1,1,47503,1,91338,0.520085,5,3,15,824,613510,28.55366,0.00267,2.37772,0.00715,0,0,3,1.363640,1.201330,1.201330,-0.542544,-0.542469,14.418483,419,0.037623,0.004856,37659,15742,8461,5452,3665,2705,2113,1644,13896,1,1,1,1
22.3500,4149,1,1,45660,0,87525,0.521685,2,2,30,68,56419,27.47561,0.00473,2.37622,0.01075,1,1,3,1.334011,1.000000,1.071407,-0.006149,-0.006080,14.955095,6846,0.000407,0.076477,36137,14895,8250,5185,3452,2573,1933,1548,13551,1,1,1,1
22.4000,4149,1,1,45766,0,87543,0.522789,2,3,7,53,36435,27.51019,0.00473,2.37622,0.01075,1,1,2,1.414039,1.000000,1.810440,-0.023506,-0.023423,14.937853,6639,0.001568,0.074250,36092,14980,8132,5063,3584,2717,2016,1545,13413,1,1,1,1
23.0000,4149,1,1,46301,1,89082,0.519763,1,12,12,32,230659,27.92618,0.00473,2.37622,0.01075,0,1,3,4.588405,3.905209,3.905209,-0.231596,-0.231229,14.730175,4149,0.015698,0.047056,36938,15002,8282,5371,3638,2632,2007,1593,13618,1,1,1,1
23.9000,4149,1,1,47911,1,91742,0.522242,1,12,19,140,40843,28.55000,0.00473,2.37622,0.01075,0,1,3,7.053680,5.853769,5.853769,-0.543553,-0.543082,14.417823,416,0.037667,0.004820,38079,15592,8702,5527,3711,2646,2141,1673,13670,1,1,1,1
22.3500,4150,1,1,45769,1,87691,0.521941,26,9,56,92,29209,27.47768,0.00332,2.37843,0.00715,0,1,3,5.577858,4.418250,4.418250,-0.005940,-0.005525,14.954662,6854,0.000369,0.076550,36304,14810,8312,5222,3530,2585,2001,1541,13385,1,1,1,1
22.4000,4150,1,1,45445,1,87516,0.519282,3,2,5,241,212636,27.51242,0.00332,2.37843,0.00715,0,0,3,1.390151,1.165702,1.165702,-0.023147,-0.023067,14.937968,6646,0.001544,0.074310,36182,14771,8100,5256,3626,2621,1936,1535,13488,1,1,1,1
23.0000,4150,1,1,46503,1,89282,0.520861,2,52,52,83,148783,27.92831,0.00332,2.37843,0.00715,0,1,3,3.851430,3.089090,3.014881,-0.231208,-0.230883,14.730500,4156,0.015674,0.047123,36853,15317,8258,5373,3607,2656,2039,1588,13590,1,1,1,1
23.9000,4150,1,1,47720,0,91299,0.522684,4,2,137,137,723033,28.55214,0.00332,2.37843,0.00715,1,1,3,1.396040,1.000000,1.367097,-0.543023,-0.542943,14.418294,421,0.037657,0.004877,37738,15536,8407,5372,3732,2745,2130,1625,14013,1,1,1,1
22.3500,4151,1,1,45629,1,87858,0.519355,1,12,15,258,72717,27.47393,0.00332,2.38399,0.00795,0,1,3,5.603500,4.711249,4.711249,-0.007764,-0.007349,14.953650,6854,0.000491,0.076537,36401,15006,8210,5130,3554,2656,2009,1519,13372,1,1,1,1
22.4000,4151,1,1,45711,1,87699,0.521232,3,63,63,63,28305,27.50866,0.00332,2.38399,0.00795,0,1,3,17.098459,15.857728,15.857728,-0.025276,-0.024592,14.936841,6646,0.001646,0.074298,36318,14663,8320,5270,3599,2640,2033,1558,13297,1,1,1,1
23.0000,4151,1,1,46269,1,89157,0.518967,1,16,45,96,45349,27.92462,0.00332,2.38399,0.00795,0,0,3,5.103376,4.329217,4.329217,-0.233097,-0.232705,14.728313,4157,0.015800,0.047130,36937,15042,8373,5253,3628,2677,2018,1590,13638,1,1,1,1
23.9000,4151,1,1,47573,1,91441,0.520265,4,1402,1402,1402,272451,28.54830,0.00332,2.38399,0.00795,0,0,3,15.486690,15.242093,15.242093,-0.545090,-0.544430,14.416019,420,0.037766,0.004865,37954,15481,8667,5340,3633,2680,2084,1600,14001,1,1,1,1
22.3500,4152,1,1,45825,1,87883,0.521438,1,1,2,88,120304,27.47331,0.00564,2.38266,0.00834,0,1,3,1.552305,1.173481,1.173481,-0.006849,-0.006743,14.954614,6858,0.000451,0.076558,36455,14974,8272,5143,3543,2624,2049,1540,13282,1,1,1,1
22.4000,4152,1,1,45727,1,87661,0.521640,1,3,8,441,71429,27.50787,0.00564,2.38266,0.00834,0,1,3,2.747738,2.078265,2.078265,-0.024197,-0.023954,14.937467,6652,0.001604,0.074344,36343,14815,8132,5106,3644,2685,2078,1508,13349,1,1,1,1
23.0000,4152,1,1,46668,0,89567,0.521046,22,20,85,93,23933,27.92389,0.00564,2.38266,0.00834,1,1,2,1.191489,1.000000,4.360413,-0.232300,-0.232258,14.728776,4160,0.015769,0.047151,37443,15050,8266,5265,3646,2737,2057,1577,13525,1,1,1,1
23.9000,4152,1,1,47528,0,91182,0.521249,2,23,26,26,283014,28.54759,0.00564,2.38266,0.00834,1,0,2,1.137374,1.000000,3.488638,-0.544123,-0.544092,14.417321,422,0.037739,0.004886,37658,15553,8448,5408,3666,2855,2109,1553,13931,1,1,1,1
22.3500,4153,1,1,45703,1,87667,0.521331,3,21,21,896,113925,27.47810,0.00267,2.38786,0.00846,0,1,3,12.980074,10.396491,10.396491,-0.006151,-0.005534,14.954924,6855,0.000370,0.076504,36148,14981,8329,5144,3624,2528,1931,1512,13469,1,1,1,1
22.4000,4153,1,1,46087,1,88109,0.523074,1,5,14,14,72973,27.51281,0.00267,2.38786,0.00846,0,0,3,2.435423,1.779179,1.779179,-0.023292,-0.023078,14.938129,6647,0.001545,0.074267,36625,15078,8225,4993,3574,2641,2040,1547,13385,1,1,1,1
23.0000,4153,1,1,46698,0,89347,0.522665,1,9,9,17,354891,27.92873,0.00267,2.38786,0.00846,1,0,2,1.202571,1.000000,2.330538,-0.231289,-0.231245,14.730151,4155,0.015699,0.047079,37148,15267,8226,5268,3666,2555,2055,1527,13634,1,1,1,1
23.9000,4153,1,1,47893,1,91908,0.521103,9,35,35,68,423167,28.55245,0.00267,2.38786,0.00846,0,1,3,11.204633,10.377799,10.377799,-0.543328,-0.542746,14.418691,418,0.037642,0.004839,38274,15748,8613,5323,3725,2688,2053,1667,13816,1,1,1,1
22.3500,4154,1,1,46005,1,87789,0.524047,66,6,142,146,618484,27.48270,0.00338,2.39290,0.00995,0,1,3,4.348122,3.331153,3.331153,-0.003301,-0.002948,14.958459,6857,0.000197,0.076490,36498,14801,8266,5173,3561,2633,1973,1520,13363,1,1,1,1
22.4000,4154,1,1,45649,1,87887,0.519412,1,45,45,45,7354820,27.51740,0.00338,2.39290,0.00995,0,1,3,11.362774,10.402045,10.402045,-0.020792,-0.020207,14.941220,6649,0.001352,0.074256,36424,14933,8437,5174,3487,2509,1990,1549,13383,1,1,1,1
23.0000,4154,1,1,46615,1,89249,0.522309,2,7,43,43,210466,27.93339,0.00338,2.39290,0.00995,0,1,3,3.680530,3.109633,3.109633,-0.228641,-0.228327,14.732554,4156,0.015498,0.047071,36906,15124,8390,5310,3600,2660,2034,1594,13630,1,1,1,1
23.9000,4154,1,1,47870,0,91842,0.521227,1,1,3,377,745213,28.55712,0.00338,2.39290,0.00995,1,0,3,1.391414,1.000000,1.046788,-0.540376,-0.540297,14.421024,418,0.037466,0.004837,38280,15696,8461,5377,3767,2767,2035,1601,13857,1,1,1,1
22.3500,4155,1,1,45949,1,87835,0.523135,1,2,11,517,119539,27.47956,0.00234,2.39170,0.01135,0,1,3,1.456357,1.079218,1.079218,-0.005364,-0.005273,14.956073,6860,0.000353,0.076518,36368,15005,8104,5141,3654,2552,2086,1593,13331,1,1,1,1
22.4000,4155,1,1,46005,1,88242,0.521356,1,1,115,115,71542,27.51426,0.00234,2.39170,0.01135,0,1,3,1.474650,1.047617,1.047617,-0.022696,-0.022602,14.938653,6656,0.001513,0.074329,36786,15092,8126,5237,3543,2635,1969,1555,13298,1,1,1,1
23.0000,4155,1,1,46751,1,89473,0.522521,1,8,13,72,674542,27.93015,0.00234,2.39170,0.01135,0,1,3,2.053466,1.920478,1.920478,-0.230726,-0.230553,14.730877,4159,0.015651,0.047099,37205,15264,8212,5230,3677,2695,2151,1562,13476,1,1,1,1
23.9000,4155,1,1,47281,1,91215,0.518352,2,602,602,602,133196,28.55390,0.00234,2.39170,0.01135,0,0,3,3.917760,3.507829,3.507829,-0.542674,-0.542345,14.418574,420,0.037614,0.004859,37781,15488,8383,5439,3683,2716,2107,1624,13993,1,1,1,1
22.3500,4156,1,1,45798,0,87896,0.521054,1,12,14,769,50158,27.47858,0.00250,2.38758,0.00922,1,0,2,1.189309,1.000000,2.794874,-0.005828,-0.005786,14.955613,6862,0.000387,0.076524,36406,14878,8135,5295,3574,2631,2043,1542,13391,1,1,1,1
22.4000,4156,1,1,45782,0,87800,0.521441,5,5,53,53,2764812,27.51327,0.00250,2.38758,0.00922,1,1,2,1.301494,1.000000,2.150415,-0.023141,-0.023078,14.938288,6654,0.001545,0.074290,36339,14882,8089,5268,3527,2601,1988,1621,13484,1,1,1,1
23.0000,4156,1,1,46558,0,89314,0.521290,1,1,14,109,1192699,27.92922,0.00250,2.38758,0.00922,1,1,3,1.381354,1.000000,1.254401,-0.231055,-0.230977,14.730244,4160,0.015680,0.047101,37105,15223,8205,5167,3668,2698,1933,1626,13688,1,1,1,1
23.9000,4156,1,1,47896,0,91910,0.521124,2,1,49,54,201513,28.55299,0.00250,2.38758,0.00922,1,0,3,1.389417,1.000000,1.051016,-0.542910,-0.542831,14.418491,420,0.037648,0.004858,38310,15525,8477,5439,3692,2748,2149,1604,13965,1,1,1,1
22.3500,4157,1,1,45785,1,88083,0.519800,1,183,183,183,365298,27.47436,0.00267,2.38785,0.01033,0,1,3,3.439425,2.755185,2.656798,-0.007789,-0.007492,14.953606,6860,0.000501,0.076493,36658,15071,8173,5218,3482,2621,1944,1560,13355,1,1,1,1
22.4000,4157,1,1,45788,0,87817,0.521408,7,2,36,56,180349,27.50904,0.00267,2.38785,0.01033,1,0,3,1.337800,1.000000,1.162688,-0.025024,-0.024954,14.936397,6652,0.001671,0.074259,36397,14847,8061,5231,3628,2700,2041,1555,13356,1,1,1,1
23.0000,4157,1,1,46850,0,89759,0.521959,1,19,812,812,78546,27.92506,0.00267,2.38785,0.01033,1,1,2,1.105428,1.000000,2.252308,-0.233121,-0.233097,14.728325,4157,0.015826,0.047062,37557,15244,8325,5297,3655,2626,1965,1533,13556,1,1,1,1
23.9000,4157,1,1,47836,0,91704,0.521641,1,10,64,64,101475,28.54885,0.00267,2.38785,0.01033,1,0,2,1.147736,1.000000,1.816898,-0.544986,-0.544953,14.416458,416,0.037801,0.004811,37911,15734,8633,5480,3685,2667,2047,1654,13892,1,1,1,1
22.3500,4158,1,1,46009,1,87940,0.523192,1,27,27,27,618429,27.47833,0.00250,2.39547,0.00862,0,1,3,3.992929,3.609469,3.609469,-0.006031,-0.005698,14.955723,6863,0.000381,0.076498,36358,14967,8332,5195,3580,2645,1990,1563,13309,1,1,1,1
22.4000,4158,1,1,45970,0,87877,0.523123,11,6,34,525,713713,27.51301,0.00250,2.39547,0.00862,1,1,2,1.267480,1.000000,1.984930,-0.023294,-0.023237,14.938140,6658,0.001556,0.074300,36178,15091,8287,5222,3553,2646,1957,1587,13355,1,1,1,1
23.0000,4158,1,1,46700,0,89714,0.520549,1,105,105,728,416289,27.92893,0.00250,2.39547,0.00862,1,1,2,1.344525,1.000000,42.806790,-0.231627,-0.231555,14.729793,4160,0.015720,0.047080,37304,15255,8322,5220,3638,2757,2060,1657,13500,1,1,1,1
23.9000,4158,1,1,47887,1,91401,0.523928,1,1,7,21,137406,28.55273,0.00250,2.39547,0.00862,0,1,3,1.387891,1.018272,1.018272,-0.543077,-0.542998,14.418341,418,0.037660,0.004833,37929,15398,8477,5423,3705,2633,2132,1625,14078,1,1,1,1
22.3500,4159,1,1,45932,0,88327,0.520028,2,4,12,53,51971,27.47993,0.00250,2.38904,0.00895,1,1,2,1.312703,1.000000,1.731100,-0.005082,-0.005017,14.956140,6863,0.000335,0.076477,36727,15078,8217,5156,3628,2575,1996,1644,13305,1,1,1,1
22.4000,4159,1,1,46170,0,88203,0.523458,8,3,85,85,161560,27.51459,0.00250,2.38904,0.00895,1,0,3,1.245696,1.000000,1.101431,-0.022364,-0.022311,14.939073,6655,0.001493,0.074244,36705,15017,7999,5237,3549,2709,2005,1610,13371,1,1,1,1
23.0000,4159,1,1,46591,1,89343,0.521490,177,8,177,186,173027,27.93058,0.00250,2.38904,0.00895,0,1,3,4.833158,3.857644,3.857644,-0.230511,-0.230132,14.729636,4159,0.015624,0.047058,37086,15142,8425,5257,3555,2633,2008,1641,13595,1,1,1,1
23.9000,4159,1,1,48150,0,92151,0.522518,2,5,72,72,62976,28.55440,0.00250,2.38904,0.00895,1,1,2,1.317365,1.000000,2.032063,-0.542341,-0.542275,14.418886,417,0.037609,0.004820,38453,15715,8420,5534,3673,2793,2061,1632,13869,1,1,1,1
22.3500,4160,1,1,45948,0,88158,0.521206,3,14,80,80,84470,27.47769,0.00444,2.38910,0.00647,1,1,2,1.324940,1.000000,5.460608,-0.005481,-0.005413,14.955944,6875,0.000362,0.076593,36457,15055,8259,5198,3581,2665,2110,1564,13268,1,1,1,1
22.4000,4160,1,1,45812,0,88076,0.520148,1,4,11,23,931152,27.51235,0.00444,2.38910,0.00647,1,0,2,1.226759,1.000000,1.420682,-0.022645,-0.022596,14.938793,6664,0.001513,0.074328,36420,14986,8299,5186,3552,2671,1974,1594,13393,1,1,1,1
23.0000,4160,1,1,46698,0,89523,0.521637,1,653,653,653,69785,27.92824,0.00444,2.38910,0.00647,1,1,2,1.019495,1.000000,12.871960,-0.230857,-0.230852,14.729646,4168,0.015673,0.047148,37312,15262,8226,5225,3587,2689,2079,1573,13569,1,1,1,1
23.9000,4160,1,1,47670,0,91479,0.521109,1,6,32,34,404618,28.55207,0.00444,2.38910,0.00647,1,1,2,1.172902,1.000000,1.355575,-0.542498,-0.542460,14.418944,424,0.037621,0.004900,37864,15508,8496,5450,3733,2695,2055,1657,14020,1,1,1,1
22.3500,4161,1,1,45679,1,87779,0.520392,1,5,5,21,7814871,27.47307,0.00494,2.38554,0.00765,0,1,3,1.806302,1.620640,1.620640,-0.007335,-0.007193,14.954227,6870,0.000481,0.076528,36445,14829,8130,5145,3675,2549,1973,1561,13471,1,1,1,1
22.4000,4161,1,1,46077,1,88382,0.521345,4,290,290,290,66393,27.50772,0.00494,2.38554,0.00765,0,0,3,5.075859,4.875758,4.875758,-0.024793,-0.024403,14.936272,6662,0.001634,0.074300,36805,14894,8330,5076,3673,2628,2018,1561,13396,1,1,1,1
23.0000,4161,1,1,46923,1,89960,0.521604,2,758,758,758,291611,27.92368,0.00494,2.38554,0.00765,0,1,3,2.039704,1.514083,1.381687,-0.232616,-0.232445,14.728902,4165,0.015782,0.047106,37088,15618,8545,5264,3652,2651,2019,1622,13500,1,1,1,1
23.9000,4161,1,1,47951,1,92104,0.520624,1,1,81,81,11438874,28.54736,0.00494,2.38554,0.00765,0,0,3,1.403692,1.013112,1.013112,-0.544422,-0.544341,14.416885,421,0.037757,0.004865,38495,15678,8478,5395,3743,2723,2078,1632,13881,1,1,1,1
22.3500,4162,1,1,45882,0,87852,0.522271,1,84,84,84,245937,27.47730,0.00476,2.38495,0.01039,1,1,2,1.078747,1.000000,6.956130,-0.005428,-0.005410,14.955419,6872,0.000362,0.076526,36456,14993,8141,5064,3634,2584,1995,1517,13467,1,1,1,1
22.4000,4162,1,1,46069,1,87919,0.524000,3,7,54,1101,176679,27.51195,0.00476,2.38495,0.01039,0,1,3,4.881649,3.688387,3.688387,-0.022672,-0.022291,14.938425,6665,0.001492,0.074305,36321,14931,8255,5074,3615,2692,1977,1603,13450,1,1,1,1
23.0000,4162,1,1,46911,1,89941,0.521581,1,35,35,35,292422,27.92797,0.00476,2.38495,0.01039,0,1,3,14.254325,12.948756,12.948756,-0.230834,-0.230196,14.731245,4166,0.015626,0.047098,37344,15357,8553,5308,3555,2764,2079,1537,13443,1,1,1,1
23.9000,4162,1,1,47823,1,91725,0.521379,3,77,87,204,147499,28.55167,0.00476,2.38495,0.01039,0,0,3,3.254549,2.994364,2.994364,-0.542508,-0.542224,14.418627,421,0.037606,0.004863,38095,15572,8607,5341,3800,2714,1990,1610,13995,1,1,1,1
22.3500,4163,1,1,45832,0,87574,0.523358,4,2,12,42,107255,27.48371,0.00266,2.39019,0.00817,1,1,3,1.414184,1.000000,1.209640,-0.003173,-0.003090,14.958189,6873,0.000207,0.076504,36049,14989,8148,5249,3565,2519,2008,1611,13435,1,1,1,1
22.4000,4163,1,1,45949,1,88323,0.520244,1,38,87,87,226189,27.51834,0.00266,2.39019,0.00817,0,1,3,18.923801,16.388821,16.388821,-0.020802,-0.020096,14.940551,6665,0.001345,0.074277,36740,15031,8245,5195,3574,2557,2033,1548,13399,1,1,1,1
23.0000,4163,1,1,46612,0,89667,0.519840,2,25,25,41,40038,27.93426,0.00266,2.39019,0.00817,1,1,2,1.049343,1.000000,1.345350,-0.228461,-0.228450,14.732269,4167,0.015507,0.047095,37392,15148,8176,5348,3473,2789,2029,1555,13756,1,1,1,1
23.9000,4163,1,1,48129,1,92211,0.521950,1,9,11,64,162509,28.55798,0.00266,2.39019,0.00817,0,1,3,2.963332,2.251126,2.251126,-0.540380,-0.540119,14.421241,421,0.037453,0.004861,38560,15604,8517,5472,3733,2701,2082,1719,13822,1,1,1,1
22.3500,4164,1,1,46123,1,88328,0.522185,6,7,15,193,855168,27.48667,0.00283,2.39023,0.00696,0,1,3,4.590368,3.547177,3.547177,-0.001676,-0.001310,14.959263,6875,0.000088,0.076503,36706,15183,8210,5101,3500,2719,2019,1593,13296,1,1,1,1
22.4000,4164,1,1,46159,1,88353,0.522444,2,15,15,185,135583,27.52130,0.00283,2.39023,0.00696,0,1,3,5.264962,4.774778,4.774778,-0.019024,-0.018625,14.942178,6667,0.001247,0.074273,36649,15134,8174,5308,3532,2532,2009,1596,13418,1,1,1,1
23.0000,4164,1,1,46793,1,89391,0.523470,2,11,268,268,607046,27.93729,0.00283,2.39023,0.00696,0,1,3,3.789824,3.006395,3.006395,-0.226963,-0.226643,14.734737,4168,0.015382,0.047087,37103,15063,8284,5358,3571,2630,2011,1672,13698,1,1,1,1
23.9000,4164,1,1,47895,1,92056,0.520287,3,3,108,108,3368142,28.56102,0.00283,2.39023,0.00696,0,1,3,1.465077,1.359917,1.359917,-0.538730,-0.538638,14.422808,421,0.037346,0.004859,38358,15734,8661,5345,3700,2578,2104,1630,13945,1,1,1,1
22.3500,4165,1,1,46120,0,88338,0.522092,3,2,240,240,199633,27.48793,0.00300,2.39311,0.00746,1,1,3,1.411063,1.000000,1.160075,-0.000769,-0.000686,14.960610,6873,0.000046,0.076455,36598,15089,8330,5197,3541,2701,2038,1528,13315,1,1,1,1
22.4000,4165,1,1,46052,0,88277,0.521682,1,21,21,161,122974,27.52271,0.00300,2.39311,0.00746,1,1,2,1.228059,1.000000,5.712137,-0.018354,-0.018305,14.943084,6664,0.001225,0.074217,36528,15119,8264,5174,3559,2595,2067,1595,13375,1,1,1,1
23.0000,4165,1,1,46782,0,89576,0.522266,1,18,18,160,84559,27.93860,0.00300,2.39311,0.00746,1,1,2,1.240701,1.000000,5.238970,-0.226288,-0.226236,14.735149,4165,0.015354,0.047040,37013,15222,8476,5372,3666,2672,1980,1596,13578,1,1,1,1
23.9000,4165,1,1,47976,0,91818,0.522518,1,5,122,122,31953,28.56235,0.00300,2.39311,0.00746,1,1,2,1.391538,1.000000,2.932484,-0.538093,-0.538014,14.423307,417,0.037302,0.004812,38054,15574,8613,5299,3813,2732,2109,1600,14023,1,1,1,1
22.3500,4166,1,1,46051,1,87873,0.524069,5,3,9,45,542569,27.48354,0.00266,2.38857,0.00940,0,0,3,1.208336,1.043831,1.043831,-0.003226,-0.003181,14.957810,6879,0.000213,0.076518,36458,14808,8150,5240,3561,2643,1978,1589,13445,1,1,1,1
22.4000,4166,1,1,46251,1,88500,0.522616,1,4,787,787,188963,27.51815,0.00266,2.38857,0.00940,0,1,3,3.596845,2.597217,2.597217,-0.020640,-0.020333,14.941108,6670,0.001361,0.074276,36832,15080,8321,5099,3575,2600,2000,1585,13407,1,1,1,1
23.0000,4166,1,1,46372,0,89257,0.519539,1,30,30,89,304231,27.93411,0.00266,2.38857,0.00940,1,1,2,1.045330,1.000000,1.481865,-0.228550,-0.228539,14.732160,4173,0.015513,0.047129,36654,15247,8532,5265,3643,2633,2024,1568,13690,1,1,1,1
23.9000,4166,1,1,47912,0,92224,0.519523,2,18,93,1238,586968,28.55787,0.00266,2.38857,0.00940,1,1,2,1.364663,1.000000,8.241787,-0.540640,-0.540565,14.420639,421,0.037486,0.004857,38355,15726,8807,5281,3706,2690,2105,1660,13893,1,1,1,1
22.3500,4167,1,1,46142,0,88286,0.522648,1,56,56,56,423207,27.48256,0.00266,2.38841,0.00745,1,1,2,1.041471,1.000000,2.429138,-0.003764,-0.003755,14.956924,6880,0.000251,0.076515,36645,14935,8347,5310,3471,2639,1943,1617,13378,1,1,1,1
22.4000,4167,1,1,45820,0,87966,0.520889,1,68,68,661,185221,27.51716,0.00266,2.38841,0.00745,1,1,2,1.019969,1.000000,1.440154,-0.020999,-0.020994,14.940449,6670,0.001405,0.074262,36507,14898,8213,5144,3507,2649,1960,1645,13442,1,1,1,1
23.0000,4167,1,1,46622,0,89560,0.520573,2,2,124,278,73235,27.93318,0.00266,2.38841,0.00745,1,0,3,1.322841,1.000000,1.051937,-0.228974,-0.228907,14.732451,4170,0.015538,0.047083,36811,15438,8336,5351,3576,2666,2139,1592,13650,1,1,1,1
23.9000,4167,1,1,47625,1,91643,0.519685,10,4,51,51,26101,28.55696,0.00266,2.38841,0.00745,0,1,3,1.800999,1.631718,1.631718,-0.540916,-0.540775,14.419933,419,0.037502,0.004833,38147,15451,8537,5380,3648,2710,2100,1584,14085,1,1,1,1
22.3500,4168,1,1,45947,1,88195,0.520976,1,3,37,37,838858,27.47902,0.00283,2.37863,0.00789,0,1,3,2.579183,2.031968,2.031968,-0.005368,-0.005141,14.956245,6882,0.000344,0.076523,36615,14936,8251,5210,3582,2594,1979,1539,13488,1,1,1,1
22.4000,4168,1,1,46222,0,88564,0.521911,2,261,261,261,74989,27.51378,0.00283,2.37863,0.00789,1,1,2,1.382350,1.000000,119.208292,-0.023237,-0.023160,14.938168,6674,0.001550,0.074300,36772,15115,8308,5218,3560,2623,2006,1634,13327,1,1,1,1
23.0000,4168,1,1,46544,0,89495,0.520080,5,2,21,399,1150160,27.92970,0.00283,2.37863,0.00789,1,1,3,1.410312,1.000000,1.109221,-0.230637,-0.230554,14.730708,4172,0.015651,0.047100,37154,15276,8254,5330,3420,2612,2020,1643,13785,1,1,1,1
23.9000,4168,1,1,47765,1,91754,0.520582,1,4,23,179,60098,28.55350,0.00283,2.37863,0.00789,0,1,3,1.613193,1.140794,1.021129,-0.542518,-0.542404,14.418874,421,0.037618,0.004856,38015,15404,8606,5475,3736,2746,2113,1656,14002,1,1,1,1
22.3500,4169,1,1,46135,1,88572,0.520882,3,18,18,30,341424,27.48138,0.00299,2.38345,0.00745,0,1,3,10.287331,8.611423,8.611423,-0.004389,-0.003830,14.956699,6879,0.000256,0.076469,37085,14950,8150,5205,3596,2588,2010,1583,13404,1,1,1,1
22.4000,4169,1,1,46014,0,88293,0.521157,1,3,15,26,344982,27.51596,0.00299,2.38345,0.00745,1,0,3,1.221099,1.000000,1.158250,-0.021429,-0.021381,14.940011,6671,0.001431,0.074239,36833,15029,7967,5159,3481,2636,1959,1600,13628,1,1,1,1
23.0000,4169,1,1,46980,0,89953,0.522279,3,5,19,37,211716,27.93195,0.00299,2.38345,0.00745,1,1,2,1.412819,1.000000,2.856942,-0.229541,-0.229458,14.731833,4169,0.015576,0.047051,37464,15242,8332,5320,3664,2680,2036,1615,13599,1,1,1,1
23.9000,4169,1,1,48151,1,92503,0.520540,1,5,9,22,272993,28.55577,0.00299,2.38345,0.00745,0,1,3,2.032599,1.767968,1.767968,-0.541391,-0.541221,14.420190,417,0.037532,0.004808,38674,15758,8370,5629,3761,2721,2088,1678,13823,1,1,1,1
22.3500,4170,1,1,45867,1,87783,0.522510,1,9,41,45,95053,27.47700,0.00299,2.38076,0.00889,0,0,3,2.942378,2.304251,2.304251,-0.006361,-0.006102,14.955024,6881,0.000408,0.076481,36394,14781,8261,5093,3604,2663,2041,1551,13394,1,1,1,1
22.4000,4170,1,1,46138,0,88373,0.522088,1,1,13,15,206407,27.51174,0.00299,2.38076,0.00889,1,1,3,1.293361,1.000000,1.050654,-0.023628,-0.023567,14.937848,6672,0.001578,0.074243,36511,15223,8245,5223,3669,2608,1981,1560,13352,1,1,1,1
23.0000,4170,1,1,46527,1,89563,0.519495,13,14,32,52,140286,27.92763,0.00299,2.38076,0.00889,0,1,3,4.689562,4.412055,4.412055,-0.231753,-0.231383,14.729063,4170,0.015709,0.047060,37124,15185,8392,5202,3689,2657,2059,1584,13670,1,1,1,1
23.9000,4170,1,1,47828,0,92147,0.519046,1,7,30,1652,60349,28.55146,0.00299,2.38076,0.00889,1,1,2,1.310780,1.000000,2.722564,-0.543612,-0.543547,14.417609,417,0.037700,0.004808,38114,15678,8676,5595,3769,2789,2045,1673,13807,1,1,1,1
22.3500,4171,1,1,46032,0,88054,0.522776,2,11,65,740,255418,27.47550,0.00249,2.38072,0.00796,1,1,2,1.351781,1.000000,4.850270,-0.007393,-0.007321,14.953872,6887,0.000490,0.076535,36437,15030,8124,5329,3579,2615,1963,1583,13393,1,1,1,1
22.4000,4171,1,1,46027,1,88545,0.519821,6,9,23,240,33303,27.51023,0.00249,2.38072,0.00796,0,1,3,5.211070,4.288976,4.288976,-0.024744,-0.024349,14.937068,6678,0.001630,0.074296,36972,14974,8177,5248,3589,2601,2038,1581,13364,1,1,1,1
23.0000,4171,1,1,46630,0,89633,0.520238,1,20,52,52,538058,27.92619,0.00249,2.38072,0.00796,1,1,2,1.058937,1.000000,1.361913,-0.232577,-0.232563,14.728870,4175,0.015790,0.047106,37179,15197,8216,5399,3657,2696,1977,1655,13656,1,1,1,1
23.9000,4171,1,1,47904,0,92199,0.519577,1,1,20,36,31613,28.54987,0.00249,2.38072,0.00796,1,1,3,1.411760,1.000000,1.036562,-0.544379,-0.544296,14.416971,423,0.037754,0.004876,38295,15655,8569,5508,3678,2728,2102,1652,14011,1,1,1,1
22.3500,4172,1,1,46113,1,88189,0.522894,1,9,71,71,108785,27.47458,0.00266,2.38054,0.01081,0,0,3,3.780363,2.989460,2.989460,-0.007823,-0.007504,14.953611,6888,0.000502,0.076529,36707,15004,8182,5130,3540,2605,1999,1529,13492,1,1,1,1
22.4000,4172,1,1,46261,1,88511,0.522664,5,13,22,59,1716002,27.50913,0.00266,2.38054,0.01081,0,0,3,1.436909,1.255211,1.255211,-0.024998,-0.024911,14.936061,6680,0.001668,0.074306,36768,15194,8155,5222,3570,2570,1957,1604,13470,1,1,1,1
23.0000,4172,1,1,47128,0,89972,0.523813,1,21,21,21,339331,27.92515,0.00266,2.38054,0.01081,1,1,2,1.198407,1.000000,4.786398,-0.233169,-0.233125,14.727920,4177,0.015829,0.047120,37245,15440,8330,5330,3725,2619,2074,1552,13656,1,1,1,1
23.9000,4172,1,1,48209,1,92161,0.523101,1,9,162,162,207934,28.54885,0.00266,2.38054,0.01081,0,1,3,4.962607,4.195632,4.195632,-0.545003,-0.544619,14.416249,423,0.037778,0.004875,38282,15587,8647,5378,3890,2767,2096,1652,13861,1,1,1,1
22.3500,4173,1,1,46191,1,88766,0.520374,1,4,13,47,436765,27.48202,0.00353,2.38133,0.00926,0,1,3,2.208942,1.944539,1.944539,-0.003554,-0.003364,14.958070,6886,0.000225,0.076466,37055,15018,8299,5313,3551,2576,2081,1587,13285,1,1,1,1
22.4000,4173,1,1,46028,0,88583,0.519609,4,5,527,527,227444,27.51674,0.00353,2.38133,0.00926,1,1,2,1.288610,1.000000,2.025028,-0.020914,-0.020853,14.940518,6677,0.001396,0.074232,36942,15070,8129,5235,3528,2654,2084,1606,13334,1,1,1,1
23.0000,4173,1,1,46927,1,89912,0.521927,2,356,356,356,72411,27.93266,0.00353,2.38133,0.00926,0,0,3,5.643083,5.175391,5.175391,-0.228990,-0.228575,14.732288,4174,0.015515,0.047061,37141,15280,8594,5239,3621,2801,2068,1570,13597,1,1,1,1
23.9000,4173,1,1,47813,1,91776,0.520981,2,3,5,150,116469,28.55638,0.00353,2.38133,0.00926,0,0,3,2.082987,1.725129,1.725129,-0.540713,-0.540537,14.420519,418,0.037484,0.004815,38067,15533,8530,5410,3799,2651,2127,1713,13945,1,1,1,1
22.3500,4174,1,1,46002,0,88227,0.521411,9,6,15,155,576129,27.48034,0.00266,2.37575,0.00889,1,1,2,1.308408,1.000000,2.408799,-0.004801,-0.004737,14.956627,6890,0.000317,0.076499,36504,14918,8345,5202,3628,2561,2044,1609,13415,1,1,1,1
22.4000,4174,1,1,46320,0,88517,0.523295,1,9,30,214,286717,27.51504,0.00266,2.37575,0.00889,1,1,2,1.325268,1.000000,4.082408,-0.022218,-0.022151,14.939019,6681,0.001483,0.074266,36885,15113,8171,5178,3688,2598,1935,1543,13405,1,1,1,1
23.0000,4174,1,1,46735,1,89672,0.521183,3,4,59,177,259888,27.93103,0.00266,2.37575,0.00889,0,1,3,3.167070,2.418826,2.418826,-0.230147,-0.229871,14.731546,4176,0.015604,0.047074,36978,15362,8265,5306,3749,2649,2026,1593,13743,1,1,1,1
23.9000,4174,1,1,47677,1,91681,0.520037,1,1,8,822,123444,28.55476,0.00266,2.37575,0.00889,0,1,3,1.512622,1.074813,1.050417,-0.541902,-0.541803,14.419501,421,0.037574,0.004848,37692,15760,8594,5539,3777,2655,2015,1653,13995,1,1,1,1
22.3500,4175,1,1,45981,1,88220,0.521214,37,2,37,49,184209,27.47916,0.00266,2.38170,0.00731,0,1,3,1.151514,1.057216,1.057216,-0.005388,-0.005355,14.956081,6889,0.000358,0.076473,36672,14977,8155,5227,3542,2615,1977,1579,13475,1,1,1,1
22.4000,4175,1,1,46187,1,88514,0.521810,1,8,11,42,98131,27.51385,0.00266,2.38170,0.00731,0,1,3,1.805046,1.314321,1.297442,-0.022766,-0.022625,14.938589,6684,0.001515,0.074284,36749,15079,8276,5161,3641,2650,2035,1582,13340,1,1,1,1
23.0000,4175,1,1,46703,1,89747,0.520391,2,7,2447,2447,325604,27.92974,0.00266,2.38170,0.00731,0,0,3,1.801449,1.509434,1.509434,-0.230737,-0.230596,14.730444,4177,0.015654,0.047078,37094,15321,8397,5262,3659,2587,2099,1544,13783,1,1,1,1
23.9000,4175,1,1,48045,1,92313,0.520463,5,30,89,89,244022,28.55349,0.00266,2.38170,0.00731,0,1,3,10.925065,9.853772,9.853772,-0.542837,-0.542264,14.419168,418,0.037607,0.004813,38275,15801,8710,5416,3719,2709,2087,1629,13966,1,1,1,1
22.3500,4176,1,1,46015,1,88060,0.522547,1,2,18,55,46551,27.47591,0.00282,2.37357,0.00745,0,0,3,1.495670,1.141768,1.141768,-0.006889,-0.006792,14.954364,6895,0.000454,0.076530,36456,14696,8185,5313,3741,2670,2000,1593,13405,1,1,1,1
22.4000,4176,1,1,46214,0,88525,0.522051,3,2,89,538,388662,27.51060,0.00282,2.37357,0.00745,1,1,2,1.372955,1.000000,1.522995,-0.024264,-0.024188,14.937146,6686,0.001619,0.074296,36608,14978,8454,5183,3685,2641,1970,1621,13384,1,1,1,1
23.0000,4176,1,1,46793,1,89791,0.521138,3,1,9,134,386983,27.92656,0.00282,2.37357,0.00745,0,1,3,1.302734,1.033058,1.033058,-0.232190,-0.232126,14.728887,4180,0.015760,0.047105,37159,15368,8358,5288,3622,2693,2003,1650,13649,1,1,1,1
23.9000,4176,1,1,48088,0,92131,0.521958,1,2,16,23,214595,28.55033,0.00282,2.37357,0.00745,1,0,3,1.392204,1.000000,1.283697,-0.544105,-0.544026,14.417295,422,0.037734,0.004858,38242,15615,8594,5433,3675,2864,2113,1675,13919,1,1,1,1
22.3500,4177,1,1,46167,1,88587,0.521155,2,2,14,42,932615,27.47408,0.00503,2.36919,0.00899,0,1,3,2.191748,1.611718,1.611718,-0.006683,-0.006495,14.954883,6897,0.000434,0.076531,37004,14997,8212,5116,3557,2640,2078,1613,13369,1,1,1,1
22.4000,4177,1,1,45973,1,88276,0.520793,1,8,5709,5709,176629,27.50877,0.00503,2.36919,0.00899,0,1,3,1.797093,1.747694,1.747694,-0.024034,-0.023894,14.937547,6684,0.001600,0.074254,36336,15245,8172,5249,3572,2691,2012,1555,13443,1,1,1,1
23.0000,4177,1,1,46828,0,90018,0.520213,2,54,54,114,706159,27.92479,0.00503,2.36919,0.00899,1,0,2,1.096224,1.000000,5.536171,-0.232184,-0.232162,14.729262,4177,0.015762,0.047059,37241,15409,8535,5201,3665,2713,2022,1547,13684,1,1,1,1
23.9000,4177,1,1,47949,1,92218,0.519958,2,3,17,1244,36745,28.54857,0.00503,2.36919,0.00899,0,0,3,1.691762,1.371415,1.371415,-0.543908,-0.543782,14.417303,418,0.037717,0.004811,38390,15738,8514,5465,3696,2800,2038,1589,13987,1,1,1,1
22.3500,4178,1,1,46037,1,88717,0.518926,1,2,33,33,746356,27.47331,0.00345,2.36662,0.00858,0,1,3,1.644935,1.195458,1.195458,-0.007929,-0.007810,14.953523,6894,0.000522,0.076486,37007,15037,8097,5214,3682,2619,2112,1615,13333,1,1,1,1
22.4000,4178,1,1,46074,0,88440,0.520969,9,6,20,115,114350,27.50799,0.00345,2.36662,0.00858,1,1,2,1.383299,1.000000,3.222848,-0.025386,-0.025308,14.936020,6685,0.001694,0.074255,36748,14928,8343,5263,3549,2668,1904,1643,13393,1,1,1,1
23.0000,4178,1,1,46934,0,89954,0.521761,1,3,14,101,102589,27.92391,0.00345,2.36662,0.00858,1,1,3,1.186150,1.000000,1.124963,-0.233214,-0.233173,14.727572,4178,0.015832,0.047065,37246,15465,8304,5222,3616,2592,2132,1669,13707,1,1,1,1
23.9000,4178,1,1,47992,0,92135,0.520893,1,88,94,1463,739656,28.54771,0.00345,2.36662,0.00858,1,0,2,1.098206,1.000000,9.176741,-0.545372,-0.545349,14.416075,418,0.037829,0.004810,38292,15603,8585,5518,3760,2698,2117,1576,13985,1,1,1,1
22.3500,4179,1,1,45960,0,88341,0.520263,1,2,59,59,43812,27.47731,0.00282,2.36966,0.00713,1,1,2,1.409169,1.000000,1.728237,-0.006232,-0.006150,14.955111,6899,0.000411,0.076516,36704,14963,8227,5163,3636,2616,1960,1607,13464,1,1,1,1
22.4000,4179,1,1,46318,0,88982,0.520538,6,3,134,185,272966,27.51198,0.00282,2.36966,0.00713,1,1,2,1.279313,1.000000,1.401585,-0.023534,-0.023475,14.937655,6687,0.001572,0.074251,37354,15062,8250,5220,3627,2553,1976,1534,13405,1,1,1,1
23.0000,4179,1,1,46643,1,89866,0.519034,1,32,32,32,181538,27.92796,0.00282,2.36966,0.00713,0,1,3,9.719957,8.920686,8.920686,-0.231757,-0.231213,14.729568,4179,0.015697,0.047058,37468,15064,8460,5222,3666,2567,2081,1596,13741,1,1,1,1
23.9000,4179,1,1,48153,1,92303,0.521690,1,4,4,296,526103,28.55178,0.00282,2.36966,0.00713,0,1,3,3.201704,2.490372,2.490372,-0.543512,-0.543234,14.418165,420,0.037677,0.004832,38537,15581,8408,5570,3665,2755,2049,1667,14070,1,1,1,1
22.3500,4180,1,1,45849,1,88198,0.519848,2,6,23,23,624804,27.47455,0.00298,2.36562,0.00696,0,0,3,1.373023,1.026384,1.026384,-0.007570,-0.007494,14.953687,6897,0.000501,0.076482,36867,14688,8076,5127,3623,2614,2118,1580,13504,1,1,1,1
22.4000,4180,1,1,46186,0,88789,0.520183,2,2,4,48,100904,27.50921,0.00298,2.36562,0.00696,1,1,2,1.411730,1.000000,1.473024,-0.024948,-0.024865,14.936431,6688,0.001665,0.074250,37036,15023,8306,5147,3571,2650,1991,1647,13417,1,1,1,1
23.0000,4180,1,1,46861,1,89806,0.521808,4,28,28,221,80510,27.92510,0.00298,2.36562,0.00696,0,1,3,3.546107,2.943428,2.943428,-0.232974,-0.232671,14.728726,4180,0.015797,0.047061,37195,15260,8358,5308,3694,2616,1975,1606,13793,1,1,1,1
23.9000,4180,1,1,48022,0,92402,0.519713,4,7,803,803,284116,28.54893,0.00298,2.36562,0.00696,1,1,2,1.365290,1.000000,3.407181,-0.544908,-0.544834,14.416373,418,0.037793,0.004808,38465,15652,8642,5441,3704,2750,2137,1707,13903,1,1,1,1
22.3500,4181,1,1,46263,1,88693,0.521614,1,2,86,86,194969,27.46678,0.00512,2.36325,0.00968,0,0,3,1.892986,1.413187,1.413187,-0.010376,-0.010223,14.950960,6895,0.000684,0.076456,36856,15069,8232,5194,3642,2654,2009,1582,13454,1,1,1,1
22.4000,4181,1,1,46046,0,88284,0.521573,10,46,46,56,362356,27.50143,0.00512,2.36325,0.00968,1,1,2,1.376974,1.000000,20.896980,-0.028023,-0.027946,14.933386,6686,0.001871,0.074226,36477,15012,8118,5209,3627,2719,1957,1574,13590,1,1,1,1
23.0000,4181,1,1,46864,0,89974,0.520867,1,23,23,94,552015,27.91738,0.00512,2.36325,0.00968,1,1,2,1.255216,1.000000,6.886600,-0.235867,-0.235813,14.725570,4177,0.016014,0.047026,37333,15374,8275,5275,3669,2670,2007,1558,13812,1,1,1,1
23.9000,4181,1,1,48061,1,92309,0.520659,5,45,45,45,82929,28.54107,0.00512,2.36325,0.00968,0,0,3,1.581336,1.416662,1.416662,-0.547519,-0.547410,14.413513,415,0.037979,0.004773,38175,15777,8648,5525,3718,2754,2055,1637,14019,1,1,1,1
22.3500,4182,1,1,46145,1,88309,0.522546,1,2,9,7537,264952,27.47487,0.00215,2.36538,0.00646,0,0,3,1.492724,1.073099,1.073099,-0.007715,-0.007619,14.953614,6911,0.000510,0.076601,36772,14953,8085,5139,3627,2648,1927,1596,13561,1,1,1,1
22.4000,4182,1,1,46343,1,88682,0.522581,1,20,20,28,2602592,27.50952,0.00215,2.36538,0.00646,0,1,3,8.597563,7.630815,7.630815,-0.025273,-0.024758,14.936673,6700,0.001658,0.074347,36877,14852,8301,5355,3617,2633,2090,1572,13384,1,1,1,1
23.0000,4182,1,1,46945,1,90246,0.520195,1,4,10,53,623371,27.92554,0.00215,2.36538,0.00646,0,0,3,1.594682,1.166680,1.166680,-0.233054,-0.232943,14.728266,4190,0.015816,0.047152,37382,15353,8586,5360,3627,2742,2026,1626,13543,1,1,1,1
23.9000,4182,1,1,47788,0,91493,0.522319,1,4,8,9,1376749,28.54924,0.00215,2.36538,0.00646,1,1,3,1.201932,1.000000,1.137055,-0.544905,-0.544861,14.416190,427,0.037795,0.004909,37796,15444,8531,5350,3690,2721,2118,1701,14141,1,1,1,1
22.3500,4183,1,1,46178,0,88675,0.520761,1,3,16,459,94551,27.47523,0.00355,2.36124,0.00679,1,1,2,1.410362,1.000000,1.840863,-0.007009,-0.006927,14.954337,6908,0.000463,0.076546,36733,15063,8321,5321,3647,2623,1996,1585,13385,1,1,1,1
22.4000,4183,1,1,46287,1,88732,0.521655,5,9,24,32,156651,27.50986,0.00355,2.36124,0.00679,0,1,3,3.290101,2.824336,2.824336,-0.024379,-0.024095,14.937313,6699,0.001613,0.074315,36952,14909,8330,5221,3641,2541,2054,1641,13442,1,1,1,1
23.0000,4183,1,1,47015,1,89951,0.522679,4,3,23,36,131262,27.92578,0.00355,2.36124,0.00679,0,1,3,2.406973,1.792317,1.792317,-0.232284,-0.232074,14.728742,4189,0.015757,0.047128,37059,15319,8461,5321,3806,2700,2030,1561,13693,1,1,1,1
23.9000,4183,1,1,48143,1,92520,0.520358,4,3,4,132,65044,28.54950,0.00355,2.36124,0.00679,0,1,3,1.374955,1.141939,1.141939,-0.544090,-0.544014,14.417383,425,0.037733,0.004885,38445,15681,8607,5456,3778,2795,2140,1652,13965,1,1,1,1
22.3500,4184,1,1,46094,0,88301,0.522016,14,3,43,54,42749,27.47182,0.00232,2.36345,0.00852,1,1,3,1.291775,1.000000,1.218375,-0.009229,-0.009168,14.951973,6912,0.000613,0.076584,36723,14832,8223,5268,3511,2581,2028,1619,13515,1,1,1,1
22.4000,4184,1,1,46216,0,88656,0.521302,1,8,8,16,241255,27.50644,0.00232,2.36345,0.00852,1,1,3,1.110358,1.000000,1.188287,-0.026528,-0.026503,14.934408,6703,0.001775,0.074356,36814,15071,8298,5225,3589,2630,1998,1588,13442,1,1,1,1
23.0000,4184,1,1,46976,0,90440,0.519422,18,5,18,723,51604,27.92243,0.00232,2.36345,0.00852,1,1,2,1.206730,1.000000,1.430583,-0.234547,-0.234502,14.726554,4192,0.015924,0.047158,37592,15444,8390,5479,3690,2662,1962,1614,13606,1,1,1,1
23.9000,4184,1,1,47831,1,92266,0.518409,3,5,783,783,1420287,28.54616,0.00232,2.36345,0.00852,0,1,3,3.029663,2.495915,2.495915,-0.546488,-0.546223,14.415197,427,0.037892,0.004907,38174,15742,8613,5498,3787,2730,2065,1589,14067,1,1,1,1
22.3500,4185,1,1,46156,0,88767,0.519974,6,3,8,360,208630,27.47046,0.00248,2.36496,0.00679,1,1,3,1.184504,1.000000,1.014451,-0.009736,-0.009696,14.951711,6912,0.000648,0.076567,36874,15083,8390,5250,3604,2690,2014,1514,13347,1,1,1,1
22.4000,4185,1,1,46443,1,88753,0.523290,2,20,20,80,216048,27.50524,0.00248,2.36496,0.00679,0,1,3,11.399789,9.496610,9.496610,-0.027406,-0.026824,14.934616,6701,0.001796,0.074315,36761,15182,8334,5112,3558,2734,2053,1460,13558,1,1,1,1
23.0000,4185,1,1,47216,0,89966,0.524826,2,2,18,18,411244,27.92113,0.00248,2.36496,0.00679,1,1,3,1.275039,1.000000,1.038524,-0.235077,-0.235019,14.726108,4189,0.015959,0.047114,37373,15098,8558,5383,3585,2659,1952,1612,13745,1,1,1,1
23.9000,4185,1,1,47777,1,92038,0.519106,9,2,10,61,40995,28.54487,0.00248,2.36496,0.00679,0,1,3,1.441368,1.300688,1.300688,-0.546980,-0.546893,14.413895,423,0.037942,0.004861,38132,15619,8598,5366,3709,2777,2073,1692,14071,1,1,1,1
22.3500,4186,1,1,46126,0,88545,0.520939,1,3,41,100,116676,27.47077,0.00248,2.36579,0.00856,1,1,3,1.302902,1.000000,1.333420,-0.009727,-0.009664,14.951488,6911,0.000646,0.076539,36786,15137,8132,5110,3695,2590,1931,1577,13586,1,1,1,1
22.4000,4186,1,1,46297,1,88779,0.521492,8,6,13,23,36972,27.50538,0.00248,2.36579,0.00856,0,1,3,3.319002,2.898532,2.898532,-0.027126,-0.026839,14.933792,6702,0.001797,0.074312,37017,14925,8294,5257,3641,2586,2070,1494,13494,1,1,1,1
23.0000,4186,1,1,47129,1,90130,0.522906,1,17,17,42,289381,27.92133,0.00248,2.36579,0.00856,0,1,3,8.479282,7.343844,7.343844,-0.235216,-0.234705,14.726727,4191,0.015937,0.047124,37489,15273,8233,5265,3697,2695,2093,1618,13766,1,1,1,1
23.9000,4186,1,1,47955,1,92401,0.518994,1,23,189,189,1171129,28.54510,0.00248,2.36579,0.00856,0,1,3,16.615718,12.307665,12.307665,-0.547160,-0.546489,14.414175,423,0.037913,0.004859,38417,15614,8534,5386,3812,2826,2157,1614,14040,1,1,1,1
22.3500,4187,1,1,46273,1,88512,0.522794,2,6,12,113,373021,27.47906,0.00215,2.36936,0.00736,0,1,3,2.103598,1.527847,1.513302,-0.005703,-0.005525,14.955808,6915,0.000369,0.076543,36698,15103,8245,5243,3623,2641,1891,1597,13470,1,1,1,1
22.4000,4187,1,1,46282,0,88959,0.520268,1,2,53,53,336409,27.51366,0.00215,2.36936,0.00736,1,0,3,1.342887,1.000000,1.229967,-0.022984,-0.022913,14.938438,6707,0.001534,0.074327,37064,15157,8225,5342,3508,2684,1950,1571,13457,1,1,1,1
23.0000,4187,1,1,47197,1,90359,0.522333,4,15,15,152,118534,27.92968,0.00215,2.36936,0.00736,0,1,3,5.970639,5.409205,5.409205,-0.231171,-0.230744,14.729901,4193,0.015665,0.047125,37638,15312,8306,5342,3672,2691,2079,1578,13740,1,1,1,1
23.9000,4187,1,1,48258,0,92319,0.522737,2,2,8,378,185501,28.55346,0.00215,2.36936,0.00736,1,1,3,1.312467,1.000000,1.058910,-0.542868,-0.542803,14.418357,426,0.037647,0.004891,38320,15523,8688,5429,3775,2747,1992,1696,14148,1,1,1,1
22.3500,4188,1,1,46224,0,88511,0.522246,9,10,16,25,1519043,27.48098,0.00232,2.37482,0.00719,1,1,2,1.283881,1.000000,3.454277,-0.004708,-0.004648,14.956726,6917,0.000311,0.076542,36772,14905,8222,5215,3668,2640,2069,1652,13367,1,1,1,1
22.4000,4188,1,1,46513,1,89098,0.522049,4,7,13,13566,873227,27.51573,0.00232,2.37482,0.00719,0,1,3,1.764438,1.623682,1.623682,-0.021995,-0.021859,14.939568,6709,0.001463,0.074326,37085,15204,8340,5308,3625,2646,1882,1634,13373,1,1,1,1
23.0000,4188,1,1,47231,1,90289,0.523115,8,21,21,21,267444,27.93166,0.00232,2.37482,0.00719,0,0,3,1.479964,1.372125,1.372125,-0.229936,-0.229843,14.730990,4198,0.015603,0.047166,37395,15571,8373,5304,3725,2595,1985,1620,13720,1,1,1,1
23.9000,4188,1,1,48109,1,92268,0.521411,2,678,678,678,2486717,28.55546,0.00232,2.37482,0.00719,0,1,3,23.494148,22.637719,22.637719,-0.542171,-0.541417,14.420022,427,0.037546,0.004901,38207,15561,8713,5477,3763,2715,2146,1657,14028,1,1,1,1
22.3500,4189,1,1,46322,0,88883,0.521163,1,1,8,20,121635,27.47813,0.00248,2.37385,0.00712,1,1,3,1.378513,1.000000,1.247029,-0.006033,-0.005956,14.955265,6915,0.000398,0.076509,37110,14948,8165,5220,3567,2736,1962,1622,13552,1,1,1,1
22.4000,4189,1,1,46604,0,88718,0.525311,3,2,8,356,65096,27.51272,0.00248,2.37385,0.00712,1,1,3,1.279963,1.000000,1.059417,-0.023295,-0.023236,14.937895,6706,0.001556,0.074283,36875,14974,8224,5244,3655,2727,2022,1657,13339,1,1,1,1
23.0000,4189,1,1,47318,0,90584,0.522372,1,3,39,39,54856,27.92870,0.00248,2.37385,0.00712,1,1,2,1.401181,1.000000,2.081679,-0.231378,-0.231297,14.730016,4191,0.015702,0.047079,37668,15570,8402,5378,3697,2618,2035,1570,13645,1,1,1,1
23.9000,4189,1,1,48218,0,92476,0.521417,2,7,7,28,561774,28.55252,0.00248,2.37385,0.00712,1,1,2,1.336413,1.000000,3.097740,-0.543335,-0.543266,14.417916,421,0.037680,0.004832,38302,15565,8671,5606,3818,2812,2095,1710,13896,1,1,1,1
22.3500,4190,1,1,46042,0,88490,0.520313,1,8,8,20,93070,27.47343,0.00443,2.38225,0.00695,1,1,2,1.398415,1.000000,4.415970,-0.007502,-0.007422,14.953894,6918,0.000496,0.076531,36730,14988,8168,5160,3755,2620,2060,1532,13476,1,1,1,1
22.4000,4190,1,1,46311,1,88967,0.520547,1,11,47,261,116001,27.50817,0.00443,2.38225,0.00695,0,1,3,4.495568,4.146272,4.146272,-0.024865,-0.024506,14.936941,6711,0.001641,0.074325,37152,15101,8155,5147,3663,2644,2041,1537,13526,1,1,1,1
23.0000,4190,1,1,47082,0,90518,0.520145,2,2,14,40,129499,27.92406,0.00443,2.38225,0.00695,1,1,3,1.330581,1.000000,1.183248,-0.232660,-0.232592,14.728585,4194,0.015792,0.047106,37867,15312,8428,5350,3536,2717,2011,1616,13680,1,1,1,1
23.9000,4190,1,1,47952,0,92181,0.520200,5,16,40,40,102061,28.54789,0.00443,2.38225,0.00695,1,1,2,1.292785,1.000000,5.612274,-0.544762,-0.544700,14.416443,424,0.037783,0.004865,38189,15789,8390,5378,3689,2776,2085,1666,14218,1,1,1,1
22.3500,4191,1,1,46477,1,88659,0.524228,1,10,18,266,75876,27.47183,0.00232,2.37458,0.00774,0,1,3,7.938622,5.861444,5.861444,-0.009335,-0.008840,14.952586,6921,0.000591,0.076553,36917,14928,8199,5242,3632,2651,2084,1571,13434,1,1,1,1
22.4000,4191,1,1,46396,0,88946,0.521626,2,52,52,52,335184,27.50657,0.00232,2.37458,0.00774,1,1,2,1.176694,1.000000,10.216989,-0.026767,-0.026728,14.934293,6712,0.001790,0.074332,36942,15123,8416,5195,3639,2560,2009,1593,13468,1,1,1,1
23.0000,4191,1,1,47031,1,90390,0.520318,9,6,174,397,141925,27.92252,0.00232,2.37458,0.00774,0,0,3,1.456139,1.352176,1.352176,-0.234502,-0.234412,14.726416,4193,0.015918,0.047091,37413,15361,8531,5386,3649,2640,2133,1610,13666,1,1,1,1
23.9000,4191,1,1,47980,0,92234,0.520204,2,2,14,86,525017,28.54620,0.00232,2.37458,0.00774,1,1,2,1.391394,1.000000,1.589102,-0.546362,-0.546283,14.415040,422,0.037897,0.004842,38178,15645,8526,5458,3724,2811,2095,1717,14079,1,1,1,1
22.3500,4192,1,1,46371,1,88727,0.522631,3,5,55,26466,332421,27.47130,0.00498,2.37252,0.00769,0,1,3,3.908123,3.023623,3.023623,-0.008299,-0.007973,14.952793,6925,0.000533,0.076578,36686,15168,8313,5151,3633,2682,2104,1634,13355,1,1,1,1
22.4000,4192,1,1,46392,0,89219,0.519985,7,33,33,122,106522,27.50586,0.00498,2.37252,0.00769,1,1,2,1.111564,1.000000,3.962761,-0.025610,-0.025585,14.935330,6717,0.001713,0.074364,37188,15182,8282,5259,3532,2684,2007,1590,13494,1,1,1,1
23.0000,4192,1,1,47129,1,90339,0.521696,7,66,66,66,162743,27.92188,0.00498,2.37252,0.00769,0,1,3,5.345344,4.833219,4.833219,-0.233644,-0.233244,14.728179,4200,0.015837,0.047152,37517,15335,8287,5391,3687,2614,2142,1610,13755,1,1,1,1
23.9000,4192,1,1,47983,1,92138,0.520779,7,5,7,137,440933,28.54558,0.00498,2.37252,0.00769,0,0,3,1.172105,1.043640,1.043640,-0.545311,-0.545273,14.415664,428,0.037825,0.004909,38202,15585,8571,5449,3763,2761,2007,1697,14102,1,1,1,1
22.3500,4193,1,1,46368,0,88549,0.523648,5,482,482,482,116651,27.47574,0.00264,2.37565,0.00750,1,0,2,1.021237,1.000000,10.354870,-0.007332,-0.007327,14.954116,6924,0.000490,0.076541,36857,14738,8321,5307,3494,2616,2027,1659,13529,1,1,1,1
22.4000,4193,1,1,46355,1,89068,0.520451,1,2,92,92,2193467,27.51046,0.00264,2.37565,0.00750,0,0,3,2.166453,1.678213,1.678213,-0.024469,-0.024285,14.936857,6714,0.001626,0.074306,37174,15055,8404,5222,3625,2657,2022,1559,13349,1,1,1,1
23.0000,4193,1,1,47399,1,90800,0.522021,3,9,9,272,175334,27.92638,0.00264,2.37565,0.00750,0,0,3,2.666224,2.408502,2.408502,-0.232475,-0.232241,14.728664,4197,0.015768,0.047106,37868,15412,8431,5313,3821,2600,2067,1583,13704,1,1,1,1
23.9000,4193,1,1,48058,0,92463,0.519759,5,65,65,136,9266639,28.55010,0.00264,2.37565,0.00750,1,0,2,1.072964,1.000000,4.962721,-0.544421,-0.544404,14.417027,426,0.037761,0.004885,38465,15654,8509,5403,3768,2706,2141,1683,14133,1,1,1,1
22.3500,4194,1,1,46154,0,88664,0.520555,2,108,108,178,127671,27.47318,0.00478,2.37286,0.00985,1,1,2,1.034988,1.000000,3.861382,-0.007374,-0.007365,14.953280,6925,0.000493,0.076539,36720,15095,8309,5270,3498,2646,2040,1651,13434,1,1,1,1
22.4000,4194,1,1,46031,1,88588,0.519613,1,3,6,26,118404,27.50788,0.00478,2.37286,0.00985,0,1,3,2.320756,1.748576,1.748576,-0.024633,-0.024432,14.936926,6715,0.001636,0.074299,36794,14869,8171,5288,3583,2719,2000,1544,13619,1,1,1,1
23.0000,4194,1,1,47150,0,90445,0.521317,1,94,94,1863,519417,27.92387,0.00478,2.37286,0.00985,1,0,2,1.076132,1.000000,7.505053,-0.232800,-0.232783,14.728648,4198,0.015805,0.047106,37492,15522,8430,5261,3612,2755,2078,1551,13743,1,1,1,1
23.9000,4194,1,1,48460,0,93261,0.519623,1,1,53,126,317800,28.54760,0.00478,2.37286,0.00985,1,0,3,1.370021,1.000000,1.044772,-0.544430,-0.544354,14.416385,424,0.037759,0.004861,39045,15746,8711,5556,3694,2790,2123,1621,13974,1,1,1,1
22.3500,4195,1,1,46178,0,88691,0.520667,1,28,37,43,761691,27.47798,0.00399,2.36989,0.00791,1,0,2,1.144081,1.000000,4.422241,-0.005491,-0.005459,14.955955,6926,0.000365,0.076518,36681,15226,8208,5328,3543,2637,2039,1577,13451,1,1,1,1
22.4000,4195,1,1,46376,0,89099,0.520506,1,2,21,2123,156570,27.51268,0.00399,2.36989,0.00791,1,1,2,1.403831,1.000000,1.816620,-0.022731,-0.022650,14.938603,6718,0.001516,0.074306,37116,15127,8304,5159,3670,2610,2053,1628,13431,1,1,1,1
23.0000,4195,1,1,47130,0,90298,0.521944,13,27,27,97,173234,27.92856,0.00399,2.36989,0.00791,1,1,2,1.070648,1.000000,2.010606,-0.230690,-0.230674,14.730136,4200,0.015660,0.047112,37395,15371,8516,5285,3694,2691,2024,1594,13727,1,1,1,1
23.9000,4195,1,1,48013,1,92352,0.519897,1,11,27,27,74805,28.55231,0.00399,2.36989,0.00791,0,1,3,5.609438,4.890346,4.890346,-0.542671,-0.542260,14.419181,424,0.037607,0.004859,38442,15402,8531,5497,3796,2861,2094,1652,14076,1,1,1,1
22.3500,4196,1,1,46396,0,88900,0.521896,1,112,112,262,591276,27.48254,0.00264,2.37503,0.00661,1,1,2,1.064095,1.000000,7.478730,-0.003886,-0.003871,14.956916,6928,0.000259,0.076517,37017,15065,8212,5257,3679,2589,1991,1519,13570,1,1,1,1
22.4000,4196,1,1,46255,1,88804,0.520872,2,3,12,12,297338,27.51723,0.00264,2.37503,0.00661,0,1,3,2.003769,1.441820,1.441820,-0.021031,-0.020866,14.940459,6719,0.001397,0.074290,36721,15030,8353,5330,3714,2689,1890,1625,13451,1,1,1,1
23.0000,4196,1,1,46966,0,90078,0.521398,1,35,49,652,226896,27.93319,0.00264,2.37503,0.00661,1,0,2,1.124027,1.000000,4.725990,-0.229154,-0.229126,14.732293,4200,0.015553,0.047094,37378,15183,8260,5436,3704,2600,2065,1629,13822,1,1,1,1
23.9000,4196,1,1,48350,0,93056,0.519585,28,7,28,77,95243,28.55695,0.00264,2.37503,0.00661,1,1,2,1.337696,1.000000,3.052844,-0.540984,-0.540914,14.420440,424,0.037510,0.004857,38725,15822,8636,5537,3836,2771,2098,1598,14032,1,1,1,1
22.3500,4197,1,1,46289,1,88903,0.520674,1,10,10,22,88642,27.47734,0.00281,2.36963,0.00873,0,1,3,7.066392,5.409252,5.409252,-0.006310,-0.005844,14.955049,6926,0.000391,0.076486,36772,15089,8326,5306,3657,2717,2040,1595,13400,1,1,1,1
22.4000,4197,1,1,46544,0,89327,0.521058,1,14,24,229,4525168,27.51202,0.00281,2.36963,0.00873,1,0,2,1.184287,1.000000,3.053971,-0.023583,-0.023543,14.937861,6716,0.001576,0.074252,37198,15234,8373,5298,3567,2654,1948,1549,13505,1,1,1,1
23.0000,4197,1,1,47046,0,90143,0.521910,1,17,25,54,648847,27.92804,0.00281,2.36963,0.00873,1,1,2,1.269265,1.000000,5.647253,-0.231666,-0.231610,14.729769,4197,0.015724,0.047058,37365,15251,8441,5324,3567,2688,2066,1650,13790,1,1,1,1
23.9000,4197,1,1,48296,0,92714,0.520919,1,7,44,227,28023567,28.55182,0.00281,2.36963,0.00873,1,1,2,1.235277,1.000000,2.106852,-0.543440,-0.543390,14.417700,420,0.037689,0.004811,38411,15794,8763,5353,3804,2788,2072,1683,14045,1,1,1,1
22.3500,4198,1,1,46302,0,88924,0.520698,1,5,46,46,80676,27.47929,0.00248,2.36501,0.00919,1,1,3,1.162782,1.000000,1.203529,-0.005423,-0.005387,14.955615,6934,0.000360,0.076553,36927,15189,8251,5289,3561,2698,1951,1485,13572,1,1,1,1
22.4000,4198,1,1,46540,0,89125,0.522194,2,23,32,44,105666,27.51396,0.00248,2.36501,0.00919,1,0,2,1.130933,1.000000,3.285068,-0.022885,-0.022856,14.938561,6722,0.001530,0.074297,37069,15043,8226,5446,3675,2618,1924,1617,13506,1,1,1,1
23.0000,4198,1,1,47210,0,90892,0.519413,1,35,35,35,162679,27.92988,0.00248,2.36501,0.00919,1,0,3,1.025905,1.000000,1.062515,-0.230697,-0.230691,14.730751,4202,0.015661,0.047099,37966,15370,8487,5406,3621,2680,2093,1631,13637,1,1,1,1
23.9000,4198,1,1,48388,0,92969,0.520480,1,667,667,667,103481,28.55368,0.00248,2.36501,0.00919,1,1,2,1.007729,1.000000,5.181982,-0.542800,-0.542798,14.417491,424,0.037649,0.004856,38584,15954,8560,5404,3806,2848,2110,1687,14015,1,1,1,1
22.3500,4199,1,1,46171,1,89065,0.518402,1,17,29,66,536750,27.48145,0.00318,2.36509,0.00824,0,1,3,6.447776,5.950375,5.950375,-0.004130,-0.003686,14.957757,6932,0.000246,0.076502,37088,15087,8329,5181,3607,2701,2007,1571,13493,1,1,1,1
22.4000,4199,1,1,46545,1,89092,0.522443,1,2,72,109,153091,27.51611,0.00318,2.36509,0.00824,0,1,3,1.173234,1.106186,1.106186,-0.021255,-0.021217,14.940217,6722,0.001420,0.074271,37152,15119,8252,5261,3501,2667,2032,1591,13516,1,1,1,1
23.0000,4199,1,1,47129,1,90304,0.521898,1,29,29,119,414223,27.93210,0.00318,2.36509,0.00824,0,1,3,2.712054,2.017400,1.861692,-0.229318,-0.229080,14.732109,4202,0.015550,0.047084,37578,15204,8404,5424,3630,2666,2030,1579,13788,1,1,1,1
23.9000,4199,1,1,48326,0,92894,0.520233,3,4,18,38,122508,28.55592,0.00318,2.36509,0.00824,1,1,2,1.380128,1.000000,2.248146,-0.541248,-0.541171,14.420052,425,0.037529,0.004865,38609,15895,8629,5360,3757,2782,2123,1629,14109,1,1,1,1
22.3500,4200,1,1,46344,0,88744,0.522227,1,3,19,110,39425,27.47971,0.00334,2.36327,0.00706,1,1,2,1.317475,1.000000,1.716431,-0.004876,-0.004811,14.956355,6934,0.000322,0.076513,36811,14966,8268,5257,3587,2702,2014,1623,13515,1,1,1,1
22.4000,4200,1,1,46300,0,89101,0.519641,1,2,13,118,707953,27.51437,0.00334,2.36327,0.00706,1,1,2,1.414211,1.000000,1.457840,-0.022185,-0.022103,14.939180,6724,0.001480,0.074281,37026,15310,8241,5214,3624,2595,1995,1512,13583,1,1,1,1
23.0000,4200,1,1,46904,0,90147,0.520311,4,2,69,90,962624,27.93026,0.00334,2.36327,0.00706,1,1,3,1.361796,1.000000,1.178588,-0.230104,-0.230030,14.731175,4204,0.015615,0.047098,37335,15309,8361,5331,3686,2686,2116,1643,13679,1,1,1,1
23.9000,4200,1,1,48086,0,92562,0.519506,3,6,14,14,330846,28.55409,0.00334,2.36327,0.00706,1,1,3,1.136780,1.000000,1.041902,-0.542000,-0.541969,14.418994,426,0.037587,0.004876,38545,15567,8703,5344,3736,2769,2070,1623,14204,1,1,1,1
22.3500,4201,1,1,46174,0,88744,0.520311,2,15,27,27,129622,27.47503,0.00351,2.36288,0.00866,1,1,2,1.413637,1.000000,8.004218,-0.007257,-0.007175,14.954116,6932,0.000480,0.076484,36746,14950,8369,5259,3631,2559,2030,1648,13551,1,1,1,1
22.4000,4201,1,1,46491,1,89163,0.521422,13,4,16,26,1190444,27.50968,0.00351,2.36288,0.00866,0,1,3,2.447118,2.002436,2.002436,-0.024415,-0.024202,14.937242,6722,0.001620,0.074251,36964,15324,8352,5212,3519,2698,1993,1619,13481,1,1,1,1
23.0000,4201,1,1,47135,1,90401,0.521405,1,8,8,21,815409,27.92564,0.00351,2.36288,0.00866,0,1,3,3.545471,3.017901,3.017901,-0.232441,-0.232140,14.728879,4201,0.015761,0.047060,37461,15410,8410,5244,3664,2782,2105,1588,13736,1,1,1,1
23.9000,4201,1,1,48357,1,92798,0.521105,4,7,29,98,220036,28.54932,0.00351,2.36288,0.00866,0,1,3,4.123211,3.403521,3.403521,-0.544299,-0.543962,14.417475,421,0.037729,0.004818,38597,15786,8604,5514,3708,2731,2099,1677,14081,1,1,1,1
22.3500,4202,1,1,46382,0,89278,0.519529,1,2,13,2964,45031,27.47036,0.00415,2.36510,0.00978,1,1,2,1.408975,1.000000,1.669825,-0.009030,-0.008948,14.952314,6935,0.000598,0.076508,37094,15298,8173,5378,3694,2513,2028,1589,13510,1,1,1,1
22.4000,4202,1,1,46510,0,89564,0.519299,13,34,392,392,133351,27.50500,0.00415,2.36510,0.00978,1,1,2,1.043960,1.000000,1.545283,-0.026341,-0.026331,14.934370,6726,0.001763,0.074292,37309,15263,8371,5369,3667,2600,1962,1638,13384,1,1,1,1
23.0000,4202,1,1,47543,1,90959,0.522692,2,3,12,21,339601,27.92102,0.00415,2.36510,0.00978,0,1,3,1.635662,1.432222,1.432222,-0.234338,-0.234221,14.727193,4203,0.015904,0.047077,38041,15369,8445,5341,3658,2766,2077,1660,13601,1,1,1,1
23.9000,4202,1,1,48238,0,92673,0.520524,1,9,9,641,118153,28.54472,0.00415,2.36510,0.00978,1,1,2,1.124780,1.000000,1.370530,-0.546183,-0.546155,14.415264,421,0.037887,0.004818,38343,15863,8496,5412,3850,2783,2200,1674,14051,1,1,1,1
22.3500,4203,1,1,46277,1,88528,0.522744,2,7,8,97,560701,27.47125,0.00214,2.35935,0.00815,0,1,3,4.719259,3.693678,3.693678,-0.009786,-0.009417,14.951371,6942,0.000630,0.076572,36563,14931,8312,5185,3566,2687,2072,1590,13621,1,1,1,1
22.4000,4203,1,1,46700,0,89510,0.521735,1,14,14,45,455808,27.50588,0.00214,2.35935,0.00815,1,1,2,1.298260,1.000000,5.272178,-0.027146,-0.027084,14.934066,6733,0.001814,0.074353,37293,15308,8302,5245,3708,2665,1985,1572,13431,1,1,1,1
23.0000,4203,1,1,47082,0,90195,0.522008,21,108,108,108,374445,27.92180,0.00214,2.35935,0.00815,1,1,2,1.086391,1.000000,9.753210,-0.235180,-0.235160,14.726268,4209,0.015969,0.047136,37242,15421,8396,5272,3669,2680,2066,1646,13802,1,1,1,1
23.9000,4203,1,1,48228,0,92550,0.521108,2,24,24,60,43993,28.54552,0.00214,2.35935,0.00815,1,1,2,1.187369,1.000000,5.135606,-0.546962,-0.546921,14.414482,433,0.037942,0.004954,38320,15629,8720,5504,3730,2784,2055,1665,14142,1,1,1,1
