k,n,ok,brk,idx,parity,len,irat,pqat,pqnext,pqw5,pqw20,pqmax,logh11,logh22,logmz,logg0,incone,redst,jhi,rho,rho2,skew,loglam1,logcone,logq,v2qp,dinf,d2,q1,q2,q3,q4,q5,q6,q7,q8,q9,cY,cX,cIdx,intq
22.3500,2508,1,1,27389,1,52748,0.519252,99,71,99,99,67436,27.44887,0.00504,2.35700,0.01531,0,1,3,3.220328,2.733227,2.733227,-0.019874,-0.019407,14.941847,4143,0.001299,0.076632,21864,8993,4729,3087,2115,1577,1208,966,8208,1,1,1,1
22.4000,2508,1,1,27795,1,53185,0.522620,2,33,33,33,56931,27.48369,0.00504,2.35700,0.01531,0,1,3,12.975171,11.844040,11.844040,-0.037580,-0.036558,14.924760,4015,0.002449,0.074349,22022,9074,4944,3162,2139,1555,1197,988,8103,1,1,1,1
23.0000,2508,1,1,28156,0,53881,0.522569,13,8,205,205,551045,27.89964,0.00504,2.35700,0.01531,1,1,2,1.325270,1.000000,3.456219,-0.245305,-0.245192,14.715673,2509,0.016662,0.047121,22478,9104,4953,3158,2185,1615,1194,953,8240,1,1,1,1
23.9000,2508,1,1,28792,0,55133,0.522238,1,7,485,485,63649,28.52342,0.00504,2.35700,0.01531,1,1,2,1.333565,1.000000,3.004477,-0.557165,-0.557051,14.403827,253,0.038674,0.004854,22813,9302,5172,3290,2234,1645,1230,998,8448,1,1,1,1
22.3500,2509,1,1,27780,0,53191,0.522279,1,3,31,117,489284,27.44922,0.00532,2.35315,0.01776,1,0,3,1.276829,1.000000,1.283580,-0.019587,-0.019490,14.941717,4137,0.001304,0.076491,22098,9129,4890,3079,2160,1626,1161,906,8141,1,1,1,1
22.4000,2509,1,1,27771,1,53272,0.521316,2,17,17,74,221373,27.48376,0.00532,2.35315,0.01776,0,1,3,2.682560,2.129966,2.129966,-0.036955,-0.036562,14.924654,4012,0.002450,0.074265,22355,8819,5054,3095,2139,1595,1199,924,8091,1,1,1,1
23.0000,2509,1,1,28314,0,54210,0.522312,8,2,12,22,554987,27.89981,0.00532,2.35315,0.01776,1,1,3,1.348013,1.000000,1.328513,-0.244879,-0.244760,14.716401,2506,0.016632,0.047044,22544,9244,5137,3119,2254,1549,1244,959,8159,1,1,1,1
23.9000,2509,1,1,28577,1,54983,0.519752,1,3,26,26,905400,28.52361,0.00532,2.35315,0.01776,0,1,3,2.964270,2.232330,2.232330,-0.556897,-0.556464,14.404313,248,0.038632,0.004756,22739,9279,5172,3123,2377,1579,1205,952,8556,1,1,1,1
22.3500,2510,1,1,27780,0,53213,0.522063,6,3,16,631,188690,27.44081,0.01172,2.36336,0.01490,1,1,2,1.334007,1.000000,1.508342,-0.020520,-0.020405,14.940767,4141,0.001366,0.076539,22162,9078,4894,3124,2166,1616,1277,945,7950,1,1,1,1
22.4000,2510,1,1,27595,1,52925,0.521408,28,13,41,943,946887,27.47561,0.01172,2.36336,0.01490,0,1,3,2.289882,2.259634,2.259634,-0.038006,-0.037676,14.923647,4021,0.002525,0.074406,21937,9005,4883,3117,2158,1533,1229,944,8118,1,1,1,1
23.0000,2510,1,1,28205,1,53902,0.523274,1,1,12,17,87522,27.89149,0.01172,2.36336,0.01490,0,0,3,1.846437,1.333539,1.333539,-0.245847,-0.245603,14.715356,2509,0.016690,0.047085,22337,9095,5062,3215,2173,1585,1242,982,8210,1,1,1,1
23.9000,2510,1,1,28667,1,55171,0.519612,1,1,34,48,800507,28.51533,0.01172,2.36336,0.01490,0,0,3,1.470134,1.044872,1.044872,-0.557698,-0.557544,14.403546,250,0.038709,0.004793,22919,9264,5109,3196,2280,1625,1278,1008,8491,1,1,1,1
22.3500,2511,1,1,27734,0,52920,0.524084,1,17,35,83,23526,27.44613,0.00671,2.36297,0.01739,1,1,2,1.096706,1.000000,1.936769,-0.020329,-0.020292,14.940997,4141,0.001358,0.076508,21828,8939,5009,3133,2195,1579,1227,977,8032,1,1,1,1
22.4000,2511,1,1,27825,1,53349,0.521575,1,103,103,103,65009,27.48091,0.00671,2.36297,0.01739,0,1,3,39.575635,36.281368,36.281368,-0.038306,-0.036841,14.922903,4015,0.002469,0.074270,22172,9136,4966,3142,2157,1604,1202,911,8058,1,1,1,1
23.0000,2511,1,1,28412,0,54268,0.523559,1,7,157,157,95241,27.89691,0.00671,2.36297,0.01739,1,1,2,1.413953,1.000000,3.945730,-0.245864,-0.245726,14.715334,2509,0.016699,0.047066,22617,9182,5000,3165,2236,1640,1238,967,8222,1,1,1,1
23.9000,2511,1,1,28938,0,55778,0.518816,3,4,33,74,160055,28.52049,0.00671,2.36297,0.01739,1,1,2,1.274889,1.000000,1.442068,-0.557449,-0.557353,14.403439,249,0.038696,0.004772,23384,9542,5105,3237,2217,1593,1298,999,8402,1,1,1,1
22.3500,2512,1,1,27376,0,52557,0.520892,3,8,22,58,21967,27.43503,0.00601,2.35147,0.02461,1,1,2,1.409808,1.000000,4.157296,-0.026564,-0.026427,14.934592,4148,0.001770,0.076639,21734,8744,4874,3082,2118,1602,1186,971,8245,1,1,1,1
22.4000,2512,1,1,27712,0,53407,0.518893,4,10,17,1064,51997,27.46952,0.00601,2.35147,0.02461,1,1,2,1.324504,1.000000,3.955963,-0.043800,-0.043688,14.917491,4021,0.002929,0.074378,22273,9104,4982,3094,2199,1622,1174,950,8008,1,1,1,1
23.0000,2512,1,1,28138,0,54010,0.520987,2,2,509,1746,132952,27.88563,0.00601,2.35147,0.02461,1,1,3,1.391135,1.000000,1.138253,-0.251603,-0.251472,14.709500,2513,0.017096,0.047141,22253,9430,5024,3133,2124,1594,1237,941,8273,1,1,1,1
23.9000,2512,1,1,29160,0,55853,0.522094,1,3,258535,258535,282204,28.50924,0.00601,2.35147,0.02461,1,1,3,1.132248,1.000000,1.073184,-0.563393,-0.563344,14.397962,254,0.039127,0.004868,23204,9630,5202,3318,2174,1712,1229,1021,8362,1,1,1,1
22.3500,2513,1,1,27810,0,53273,0.522038,1,4,28,100,24998,27.45563,0.00441,2.36486,0.01605,1,0,2,1.213045,1.000000,1.306840,-0.016729,-0.016652,14.944587,4144,0.001114,0.076484,22216,8951,5071,3067,2090,1603,1220,930,8124,1,1,1,1
22.4000,2513,1,1,27837,1,53204,0.523222,1,72,375,375,47160,27.49038,0.00441,2.36486,0.01605,0,1,3,4.850109,4.819025,4.819025,-0.034370,-0.033742,14.927584,4018,0.002260,0.074243,22044,9107,4977,3124,2145,1615,1167,932,8092,1,1,1,1
23.0000,2513,1,1,28012,0,53612,0.522505,10,32,32,91,151712,27.90632,0.00441,2.36486,0.01605,1,1,2,1.215600,1.000000,7.861250,-0.242440,-0.242362,14.718876,2510,0.016466,0.047036,21930,9120,5118,3189,2199,1598,1204,938,8315,1,1,1,1
23.9000,2513,1,1,28800,0,55176,0.521976,1,43,184,184,343967,28.52996,0.00441,2.36486,0.01605,1,1,2,1.092355,1.000000,4.258778,-0.554137,-0.554102,14.406263,251,0.038463,0.004806,22634,9447,5161,3369,2257,1645,1230,1017,8415,1,1,1,1
22.3500,2514,1,1,27548,0,53096,0.518844,1,7,15,33,100351,27.45579,0.00441,2.36217,0.01868,1,1,2,1.132364,1.000000,1.164234,-0.016531,-0.016481,14.944022,4146,0.001103,0.076493,22012,9061,4886,3127,2181,1600,1207,942,8079,1,1,1,1
22.4000,2514,1,1,27925,1,53346,0.523479,1,1,11,21,273296,27.49053,0.00441,2.36217,0.01868,0,1,3,1.735951,1.262528,1.262528,-0.033915,-0.033696,14.927442,4022,0.002257,0.074288,22134,9014,5009,3068,2253,1637,1224,940,8066,1,1,1,1
23.0000,2514,1,1,28289,1,54268,0.521293,8,7,8,296,345532,27.90658,0.00441,2.36217,0.01868,0,1,3,3.113903,2.820032,2.820032,-0.242107,-0.241655,14.718345,2511,0.016419,0.047038,22464,9320,4965,3349,2208,1517,1310,995,8139,1,1,1,1
23.9000,2514,1,1,28805,1,55508,0.518944,2,3,668,668,66405,28.53025,0.00441,2.36217,0.01868,0,1,3,2.070721,1.739871,1.739871,-0.553837,-0.553547,14.407074,249,0.038422,0.004765,23051,9502,5072,3168,2294,1659,1265,1047,8449,1,1,1,1
22.3500,2515,1,1,27725,1,52982,0.523301,2,3,2295,2295,39574,27.44977,0.00648,2.35871,0.01805,0,1,3,1.026782,1.026367,1.026367,-0.018655,-0.018645,14.942683,4147,0.001248,0.076488,21887,9014,4907,3203,2162,1591,1117,943,8157,1,1,1,1
22.4000,2515,1,1,27892,0,53436,0.521980,5,9,16,31,133787,27.48450,0.00648,2.35871,0.01805,1,0,3,1.109489,1.000000,1.095470,-0.036041,-0.036000,14.925285,4021,0.002412,0.074250,22151,8968,5018,3249,2217,1601,1201,960,8070,1,1,1,1
23.0000,2515,1,1,28148,0,53834,0.522876,1,6,18,87,382387,27.90038,0.00648,2.35871,0.01805,1,1,2,1.283916,1.000000,2.213546,-0.244124,-0.244024,14.716782,2512,0.016581,0.047043,22149,9137,5028,3206,2199,1601,1255,1039,8219,1,1,1,1
23.9000,2515,1,1,28864,0,55372,0.521284,2,13,64,147,108412,28.52408,0.00648,2.35871,0.01805,1,1,3,1.062281,1.000000,1.008907,-0.555795,-0.555771,14.404442,249,0.038583,0.004764,22867,9412,5209,3213,2267,1680,1266,991,8466,1,1,1,1
22.3500,2516,1,1,27670,0,53293,0.519215,1,2,6,125,926433,27.45297,0.00558,2.35896,0.01853,1,0,3,1.282290,1.000000,1.145238,-0.017417,-0.017319,14.943886,4150,0.001159,0.076507,22238,9012,4882,3103,2210,1630,1233,907,8077,1,1,1,1
22.4000,2516,1,1,27797,1,53134,0.523159,3,3,10,31,134585,27.48769,0.00558,2.35896,0.01853,0,1,3,1.777973,1.257287,1.176329,-0.034786,-0.034557,14.926500,4023,0.002315,0.074252,22125,8906,4931,3127,2157,1588,1205,983,8111,1,1,1,1
23.0000,2516,1,1,27992,0,54085,0.517565,3,2,181,181,293344,27.90368,0.00558,2.35896,0.01853,1,1,2,1.405963,1.000000,1.535460,-0.242841,-0.242705,14.718302,2513,0.016490,0.047038,22408,9255,5119,3052,2196,1653,1211,961,8229,1,1,1,1
23.9000,2516,1,1,28855,1,55430,0.520576,2,12,12,116,51840,28.52741,0.00558,2.35896,0.01853,0,1,3,7.009469,5.794450,5.794450,-0.554975,-0.554201,14.405904,249,0.038470,0.004762,23002,9422,5197,3238,2136,1588,1265,1038,8543,1,1,1,1
22.3500,2517,1,1,27744,0,53264,0.520887,1,20,20,97,319452,27.45280,0.00868,2.36437,0.01840,1,1,2,1.170673,1.000000,3.924472,-0.016122,-0.016060,14.944544,4147,0.001075,0.076418,22187,9000,4907,3194,2109,1620,1169,918,8159,1,1,1,1
22.4000,2517,1,1,27632,0,53101,0.520377,3,50,50,249,103672,27.48750,0.00868,2.36437,0.01840,1,1,2,1.375911,1.000000,22.798452,-0.033823,-0.033696,14.927442,4021,0.002257,0.074181,21982,8965,4963,3200,2207,1586,1227,933,8037,1,1,1,1
23.0000,2517,1,1,28333,1,54139,0.523348,1,85,85,85,26940,27.90361,0.00868,2.36437,0.01840,0,1,3,10.317847,10.213791,10.213791,-0.241717,-0.240790,14.720537,2510,0.016357,0.046956,22471,9095,4992,3275,2209,1611,1211,975,8299,1,1,1,1
23.9000,2517,1,1,28709,1,55297,0.519188,2,26,89,89,78217,28.52736,0.00868,2.36437,0.01840,0,1,3,3.426497,2.744207,2.730483,-0.553327,-0.552838,14.408385,245,0.038369,0.004683,22918,9337,5175,3215,2172,1691,1288,994,8506,1,1,1,1
22.3500,2518,1,1,27874,0,53270,0.523269,2,77,77,174,130471,27.45945,0.00525,2.36362,0.01824,1,1,2,1.019917,1.000000,1.560961,-0.014508,-0.014500,14.945269,4158,0.000970,0.076586,22200,9064,4856,3092,2171,1592,1203,935,8156,1,1,1,1
22.4000,2518,1,1,27986,0,53537,0.522751,1,139,259,259,19088,27.49414,0.00525,2.36362,0.01824,1,1,2,1.380340,1.000000,63.289998,-0.032586,-0.032458,14.928496,4034,0.002174,0.074386,22408,9073,4947,3064,2158,1617,1203,953,8113,1,1,1,1
23.0000,2518,1,1,28465,1,54711,0.520289,2,18,39,141,484904,27.91008,0.00525,2.36362,0.01824,0,0,3,4.055753,3.603799,3.603799,-0.239988,-0.239432,14.721053,2521,0.016265,0.047142,22985,9209,5065,3146,2196,1645,1298,982,8184,1,1,1,1
23.9000,2518,1,1,28990,0,55656,0.520888,2,21,21,10160,20550,28.53386,0.00525,2.36362,0.01824,1,1,2,1.143707,1.000000,3.357645,-0.551863,-0.551809,14.408728,255,0.038297,0.004872,23154,9402,5328,3204,2176,1686,1325,1006,8374,1,1,1,1
22.3500,2519,1,1,27909,1,53398,0.522670,2,6,30,30,143844,27.45722,0.00447,2.36283,0.01639,0,0,3,2.528990,2.234510,2.234510,-0.015983,-0.015614,14.944890,4158,0.001045,0.076558,22118,9182,4970,3161,2141,1555,1197,1031,8042,1,1,1,1
22.4000,2519,1,1,27680,0,53209,0.520223,8,8,25,75,89346,27.49189,0.00447,2.36283,0.01639,1,1,2,1.349050,1.000000,3.648416,-0.033420,-0.033301,14.927603,4033,0.002231,0.074342,22069,9055,4886,3164,2078,1574,1193,931,8258,1,1,1,1
23.0000,2519,1,1,28428,0,54756,0.519185,1,8,604,604,75528,27.90794,0.00447,2.36283,0.01639,1,1,2,1.135364,1.000000,1.301935,-0.241241,-0.241191,14.719324,2520,0.016386,0.047110,22778,9409,5187,3179,2234,1585,1250,1000,8133,1,1,1,1
23.9000,2519,1,1,29105,1,55766,0.521922,1,77,77,77,144611,28.53175,0.00447,2.36283,0.01639,0,1,3,34.212712,30.478115,30.478115,-0.553770,-0.552368,14.407451,255,0.038339,0.004870,23115,9517,5148,3322,2343,1657,1287,987,8389,1,1,1,1
22.3500,2520,1,1,27695,1,53072,0.521848,1,2,5,19,394132,27.44887,0.00907,2.35701,0.01556,0,0,3,1.489928,1.058136,1.058136,-0.017874,-0.017716,14.943299,4162,0.001186,0.076609,21849,8983,4971,3146,2172,1564,1293,942,8151,1,1,1,1
22.4000,2520,1,1,27855,1,53393,0.521707,10,10,11,42,291798,27.48353,0.00907,2.35701,0.01556,0,1,3,6.088927,4.915596,4.915596,-0.035522,-0.034805,14.924789,4035,0.002332,0.074364,22164,9124,4994,3122,2157,1564,1213,942,8112,1,1,1,1
23.0000,2520,1,1,28610,0,54622,0.523791,2,27,27,27,3999593,27.89942,0.00907,2.35701,0.01556,1,1,2,1.055285,1.000000,1.646388,-0.243243,-0.243222,14.716948,2523,0.016527,0.047155,22726,9490,5064,3250,2202,1564,1260,967,8098,1,1,1,1
23.9000,2520,1,1,28899,1,55587,0.519897,2,18,18,18,26113,28.52325,0.00907,2.35701,0.01556,0,1,3,1.558147,1.137305,1.113457,-0.555069,-0.554893,14.406251,256,0.038518,0.004888,23139,9363,5212,3240,2282,1627,1261,1039,8423,1,1,1,1
22.3500,2521,1,1,27957,1,53650,0.521109,1,4,7,250,23570,27.45327,0.00385,2.35690,0.01916,0,1,3,1.492655,1.291445,1.291445,-0.018241,-0.018082,14.943184,4159,0.001210,0.076524,22378,9245,4978,3121,2192,1502,1196,960,8077,1,1,1,1
22.4000,2521,1,1,27879,1,53315,0.522921,1,4,44,98,71216,27.48792,0.00385,2.35690,0.01916,0,0,3,2.740839,2.180199,2.180199,-0.035663,-0.035264,14.925503,4033,0.002363,0.074294,21867,9205,5001,3075,2214,1566,1242,1015,8129,1,1,1,1
23.0000,2521,1,1,28369,1,54406,0.521441,2,12,14,36,86500,27.90392,0.00385,2.35690,0.01916,0,1,3,8.287337,6.417531,6.417531,-0.243881,-0.243042,14.718256,2521,0.016513,0.047094,22513,9335,5103,3151,2180,1658,1240,985,8240,1,1,1,1
23.9000,2521,1,1,28874,0,55252,0.522597,1,11,11,33,130687,28.52750,0.00385,2.35690,0.01916,1,1,2,1.310633,1.000000,4.301462,-0.555593,-0.555486,14.405362,252,0.038561,0.004810,22703,9520,5118,3269,2275,1624,1222,1007,8513,1,1,1,1
22.3500,2522,1,1,27591,1,53124,0.519380,2,1,36,61,91743,27.45621,0.00532,2.35894,0.01754,0,1,3,1.463194,1.034651,1.034651,-0.015892,-0.015741,14.945316,4163,0.001053,0.076556,21815,9155,4854,3191,2192,1618,1288,957,8053,1,1,1,1
22.4000,2522,1,1,27849,1,53504,0.520513,1,2,280,280,24745,27.49084,0.00532,2.35894,0.01754,0,0,3,1.613622,1.160180,1.160180,-0.033229,-0.033040,14.927934,4035,0.002213,0.074289,22170,9167,5012,3146,2120,1599,1214,962,8113,1,1,1,1
23.0000,2522,1,1,28153,1,54093,0.520465,1,2,13,103,486045,27.90695,0.00532,2.35894,0.01754,0,1,3,1.694987,1.314419,1.314419,-0.241313,-0.241103,14.720098,2521,0.016379,0.047070,22434,9141,5016,3131,2230,1679,1214,920,8327,1,1,1,1
23.9000,2522,1,1,29280,0,56108,0.521860,1,1,19,65,71257,28.53056,0.00532,2.35894,0.01754,1,0,3,1.403031,1.000000,1.357393,-0.553123,-0.552989,14.408112,252,0.038380,0.004807,23457,9630,5164,3241,2250,1652,1337,1008,8368,1,1,1,1
22.3500,2523,1,1,27706,0,53182,0.520976,1,128,472,472,210463,27.45983,0.00477,2.36122,0.01753,1,1,2,1.056009,1.000000,7.449063,-0.014934,-0.014913,14.945264,4166,0.000998,0.076582,22036,8859,5098,3093,2213,1569,1267,958,8088,1,1,1,1
22.4000,2523,1,1,28011,1,53799,0.520670,7,6,98,98,148445,27.49444,0.00477,2.36122,0.01753,0,0,3,1.383871,1.261425,1.261425,-0.031889,-0.031761,14.928628,4038,0.002127,0.074311,22589,9154,4869,3199,2139,1557,1211,976,8104,1,1,1,1
23.0000,2523,1,1,28239,1,54342,0.519663,1,2,13,268,49521,27.91039,0.00477,2.36122,0.01753,0,1,3,1.990618,1.422556,1.422556,-0.239881,-0.239608,14.721500,2524,0.016276,0.047103,22562,9337,5105,3109,2187,1550,1243,1000,8248,1,1,1,1
23.9000,2523,1,1,29058,0,55750,0.521229,4,3,31,36,53671,28.53403,0.00477,2.36122,0.01753,1,1,3,1.296179,1.000000,1.253500,-0.551681,-0.551578,14.409249,254,0.038279,0.004843,23173,9452,5139,3338,2254,1679,1280,998,8436,1,1,1,1
22.3500,2524,1,1,27943,1,53431,0.522983,1,40,40,465,145530,27.46023,0.00698,2.36610,0.01770,0,1,3,1.777226,1.543626,1.543626,-0.013218,-0.012990,14.948278,4166,0.000869,0.076536,22258,9045,5012,3141,2154,1498,1185,920,8217,1,1,1,1
22.4000,2524,1,1,27699,1,53310,0.519593,2,9,11,145,170270,27.49483,0.00698,2.36610,0.01770,0,1,3,5.470506,4.473104,4.473104,-0.030730,-0.030057,14.930235,4043,0.002013,0.074366,22136,9091,4926,3017,2177,1525,1214,967,8256,1,1,1,1
23.0000,2524,1,1,28189,1,54110,0.520967,6,6,52,147,382689,27.91089,0.00698,2.36610,0.01770,0,0,3,1.663446,1.526082,1.526082,-0.238543,-0.238341,14.722019,2525,0.016189,0.047101,22348,9069,5065,3306,2199,1620,1274,957,8271,1,1,1,1
23.9000,2524,1,1,29111,1,55837,0.521366,1,1,9,111,680256,28.53455,0.00698,2.36610,0.01770,0,1,3,1.746687,1.248058,1.248058,-0.550339,-0.550118,14.410991,257,0.038173,0.004898,23295,9432,5182,3285,2232,1686,1291,1003,8430,1,1,1,1
22.3500,2525,1,1,27793,1,53584,0.518691,8,8,8,17,67229,27.46078,0.00725,2.37074,0.01966,0,0,3,1.274987,1.165148,1.165148,-0.012658,-0.012562,14.947817,4166,0.000840,0.076508,22448,8960,5071,3047,2208,1584,1097,973,8195,1,1,1,1
22.4000,2525,1,1,27702,0,53204,0.520685,1,3,19,44,361732,27.49564,0.00725,2.37074,0.01966,1,1,2,1.285044,1.000000,1.396858,-0.030123,-0.030024,14.930787,4037,0.002011,0.074223,21957,9172,4892,3094,2184,1585,1223,875,8221,1,1,1,1
23.0000,2525,1,1,28403,1,54353,0.522575,2,22,22,62,62791,27.91153,0.00725,2.37074,0.01966,0,1,3,11.026065,9.530288,9.530288,-0.238450,-0.237499,14.722432,2522,0.016132,0.047025,22550,9189,4999,3288,2243,1604,1246,981,8252,1,1,1,1
23.9000,2525,1,1,28824,0,55383,0.520458,128,24,128,128,54222,28.53522,0.00725,2.37074,0.01966,1,1,2,1.403524,1.000000,12.114379,-0.550345,-0.550210,14.410792,252,0.038180,0.004800,22939,9295,5171,3199,2302,1629,1247,1029,8571,1,1,1,1
22.3500,2526,1,1,27784,0,53440,0.519920,1,38,38,2099,25781,27.45597,0.00883,2.36670,0.01832,1,1,2,1.105936,1.000000,4.344405,-0.014711,-0.014672,14.945752,4170,0.000982,0.076561,22161,9134,4918,3163,2204,1589,1208,963,8099,1,1,1,1
22.4000,2526,1,1,27615,1,53076,0.520301,1,1,10,41,6274574,27.49054,0.00883,2.36670,0.01832,0,0,3,1.362316,1.008688,1.008688,-0.031706,-0.031584,14.929324,4042,0.002116,0.074293,21960,8986,4887,3090,2166,1547,1171,973,8295,1,1,1,1
23.0000,2526,1,1,28175,1,54411,0.517828,1,6,14,14,49187,27.90654,0.00883,2.36670,0.01832,0,1,3,4.969100,3.724909,3.724909,-0.239967,-0.239333,14.721214,2529,0.016258,0.047141,22601,9143,5199,3222,2268,1576,1242,949,8210,1,1,1,1
23.9000,2526,1,1,29023,1,55714,0.520938,1,2,21,21,81770,28.53026,0.00883,2.36670,0.01832,0,0,3,2.139798,1.587322,1.587322,-0.551655,-0.551354,14.409550,252,0.038263,0.004799,23021,9469,5253,3299,2249,1657,1254,1016,8495,1,1,1,1
22.3500,2527,1,1,27736,0,53354,0.519858,19,2,47,176,79379,27.46198,0.00581,2.38370,0.01811,1,1,3,1.400155,1.000000,1.041230,-0.012831,-0.012698,14.948410,4168,0.000849,0.076481,22369,8919,4993,3079,2140,1562,1175,940,8176,1,1,1,1
22.4000,2527,1,1,27910,0,53397,0.522698,3,12,16,21,186943,27.49654,0.00581,2.38370,0.01811,1,1,2,1.297921,1.000000,4.240725,-0.030397,-0.030294,14.930903,4041,0.002029,0.074237,22286,9022,4902,3162,2129,1591,1189,949,8166,1,1,1,1
23.0000,2527,1,1,28625,1,54631,0.523979,2,5,52,52,637897,27.91265,0.00581,2.38370,0.01811,0,1,3,4.268747,3.194289,3.194289,-0.238395,-0.237820,14.722462,2526,0.016154,0.047062,22795,9291,5056,3291,2197,1585,1194,936,8285,1,1,1,1
23.9000,2527,1,1,28949,1,55482,0.521782,2,43,43,43,245171,28.53640,0.00581,2.38370,0.01811,0,1,3,23.421598,19.743701,19.743701,-0.550632,-0.549384,14.411936,251,0.038120,0.004777,22990,9305,5214,3347,2294,1705,1301,931,8394,1,1,1,1
22.3500,2528,1,1,28027,1,53596,0.522941,1,10,10,135,207381,27.45974,0.00531,2.36858,0.01601,0,0,3,3.739637,3.050815,3.050815,-0.014324,-0.013802,14.946915,4175,0.000923,0.076587,22328,9316,4889,3125,2106,1577,1235,923,8096,1,1,1,1
22.4000,2528,1,1,28296,0,53796,0.525997,1,16,86,86,177097,27.49456,0.00531,2.36858,0.01601,1,1,2,1.298578,1.000000,5.931954,-0.031866,-0.031762,14.929435,4048,0.002127,0.074344,22416,9072,5047,3197,2172,1531,1237,995,8128,1,1,1,1
23.0000,2528,1,1,28313,1,54539,0.519143,3,199,199,199,51090,27.91051,0.00531,2.36858,0.01601,0,0,3,3.105692,2.827607,2.827607,-0.239690,-0.239242,14.721154,2531,0.016252,0.047141,22698,9277,5000,3235,2209,1634,1266,1001,8218,1,1,1,1
23.9000,2528,1,1,28920,0,55595,0.520200,4,1,24,93,419002,28.53428,0.00531,2.36858,0.01601,1,1,3,1.048109,1.000000,1.014293,-0.551351,-0.551332,14.409984,256,0.038260,0.004871,22930,9487,5100,3382,2255,1720,1292,1033,8395,1,1,1,1
22.3500,2529,1,1,27692,0,53381,0.518771,1,17,17,2079,44348,27.45677,0.00657,2.36855,0.02077,1,1,2,1.351599,1.000000,7.716631,-0.015541,-0.015421,14.945489,4172,0.001032,0.076509,22123,9039,5048,3062,2194,1638,1163,971,8142,1,1,1,1
22.4000,2529,1,1,28014,0,53765,0.521055,47,3,47,47,87581,27.49130,0.00657,2.36855,0.02077,1,1,2,1.390558,1.000000,1.780975,-0.032517,-0.032386,14.928737,4046,0.002169,0.074281,22462,9063,4953,3248,2230,1558,1194,952,8104,1,1,1,1
23.0000,2529,1,1,28222,0,54348,0.519293,2,2,10,612,89033,27.90736,0.00657,2.36855,0.02077,1,1,2,1.394148,1.000000,1.489205,-0.240499,-0.240368,14.720750,2528,0.016328,0.047068,22481,9247,5092,3165,2262,1580,1230,955,8335,1,1,1,1
23.9000,2529,1,1,29285,1,55933,0.523582,2,3,16,18,136818,28.53116,0.00657,2.36855,0.02077,0,1,3,2.288228,1.815421,1.815421,-0.552449,-0.552122,14.408478,252,0.038319,0.004794,23306,9523,5101,3357,2259,1641,1229,923,8593,1,1,1,1
22.3500,2530,1,1,27584,0,53082,0.519659,2,1,33,876,92724,27.44428,0.01303,2.35832,0.02196,1,1,3,1.398515,1.000000,1.112667,-0.018073,-0.017941,14.943051,4175,0.001201,0.076546,21950,8897,4984,3106,2194,1576,1237,971,8166,1,1,1,1
22.4000,2530,1,1,27937,1,53739,0.519874,9,9,9,26,780764,27.47908,0.01303,2.35832,0.02196,0,1,3,4.705523,3.992283,3.992283,-0.035723,-0.035110,14.926176,4047,0.002352,0.074283,22368,9225,4917,3193,2168,1555,1226,967,8119,1,1,1,1
23.0000,2530,1,1,28506,0,54465,0.523392,4,127,127,249,144789,27.89497,0.01303,2.35832,0.02196,1,1,2,1.259337,1.000000,37.535275,-0.244111,-0.244020,14.717199,2536,0.016581,0.047209,22507,9282,5126,3257,2170,1617,1201,1003,8301,1,1,1,1
23.9000,2530,1,1,29019,1,55806,0.520007,2,34,34,93,167080,28.51880,0.01303,2.35832,0.02196,0,1,3,13.455146,12.225407,12.225407,-0.555805,-0.554778,14.406539,252,0.038509,0.004792,23020,9631,5251,3335,2225,1612,1300,978,8453,1,1,1,1
22.3500,2531,1,1,28122,0,53879,0.521957,1,1,21,21,200516,27.45205,0.00460,2.35227,0.01778,1,0,3,1.404914,1.000000,1.005843,-0.018278,-0.018143,14.942865,4177,0.001214,0.076553,22489,9173,5104,3132,2221,1546,1191,984,8038,1,1,1,1
22.4000,2531,1,1,28192,0,53969,0.522384,6,34,34,266,470373,27.48683,0.00460,2.35227,0.01778,1,1,2,1.229123,1.000000,8.812760,-0.036105,-0.036023,14.924701,4049,0.002414,0.074298,22610,9171,4985,3105,2158,1664,1191,929,8155,1,1,1,1
23.0000,2531,1,1,28108,0,54165,0.518942,1,19,111,111,571987,27.90283,0.00460,2.35227,0.01778,1,1,2,1.132596,1.000000,2.798657,-0.243876,-0.243827,14.716685,2530,0.016568,0.047081,22261,9294,4951,3318,2280,1529,1210,952,8369,1,1,1,1
23.9000,2531,1,1,28984,0,55939,0.518145,1,10,11,90,107059,28.52642,0.00460,2.35227,0.01778,1,1,2,1.102707,1.000000,1.298652,-0.555515,-0.555476,14.404938,253,0.038562,0.004810,23220,9470,5223,3356,2357,1655,1265,960,8432,1,1,1,1
22.3500,2532,1,1,28085,1,53575,0.524228,1,1,15,39,391216,27.45264,0.00505,2.35610,0.01979,0,0,3,1.479241,1.052851,1.052851,-0.017951,-0.017796,14.943212,4177,0.001191,0.076521,22381,8890,5125,3083,2183,1591,1251,964,8106,1,1,1,1
22.4000,2532,1,1,28223,1,53998,0.522677,6,11,11,108,25813,27.48714,0.00505,2.35610,0.01979,0,1,3,3.291383,2.889708,2.889708,-0.035396,-0.034925,14.926349,4051,0.002340,0.074297,22526,9291,5056,3053,2196,1572,1230,893,8180,1,1,1,1
23.0000,2532,1,1,28420,0,54567,0.520837,1,12,48,96,404945,27.90325,0.00505,2.35610,0.01979,1,0,2,1.202901,1.000000,2.830690,-0.243447,-0.243374,14.717873,2531,0.016536,0.047077,22687,9116,5104,3184,2300,1639,1268,996,8272,1,1,1,1
23.9000,2532,1,1,29180,0,56201,0.519217,1,13,20,20,29955,28.52686,0.00505,2.35610,0.01979,1,1,2,1.267698,1.000000,4.429077,-0.555342,-0.555248,14.405967,253,0.038543,0.004808,23494,9636,5186,3292,2237,1706,1209,1018,8422,1,1,1,1
22.3500,2533,1,1,27977,1,53643,0.521550,1,16,31,144,103132,27.44640,0.00730,2.35097,0.02656,0,1,3,2.722053,2.537944,2.537944,-0.020028,-0.019633,14.941669,4176,0.001314,0.076481,22228,9164,4989,3264,2134,1592,1185,953,8133,1,1,1,1
22.4000,2533,1,1,27894,0,53542,0.520984,1,20,20,99,144300,27.48115,0.00730,2.35097,0.02656,1,1,2,1.396829,1.000000,10.247270,-0.037681,-0.037549,14.923440,4052,0.002516,0.074300,22258,9113,4957,3133,2136,1565,1235,952,8192,1,1,1,1
23.0000,2533,1,1,28205,1,54686,0.515772,1,2,15,35,499734,27.89710,0.00730,2.35097,0.02656,0,0,3,2.208411,1.684069,1.684069,-0.245291,-0.244978,14.715875,2528,0.016647,0.047009,22733,9338,5075,3139,2178,1685,1243,975,8319,1,1,1,1
23.9000,2533,1,1,29062,0,56077,0.518261,2,3,44,6583,85424,28.52074,0.00730,2.35097,0.02656,1,1,2,1.393135,1.000000,2.020456,-0.557152,-0.557021,14.404099,249,0.038671,0.004730,23155,9743,5170,3393,2283,1629,1278,1044,8381,1,1,1,1
22.3500,2534,1,1,27699,1,53388,0.518834,2,3,25,50,1423383,27.45956,0.00383,2.36362,0.01964,0,0,3,2.079741,1.705522,1.705522,-0.015002,-0.014713,14.945995,4181,0.000984,0.076520,22124,9038,4985,3171,2260,1468,1189,969,8183,1,1,1,1
22.4000,2534,1,1,27998,0,53875,0.519694,3,2,57,111,1039954,27.49430,0.00383,2.36362,0.01964,1,1,3,1.382203,1.000000,1.307936,-0.032320,-0.032192,14.928769,4054,0.002156,0.074281,22478,9196,4975,3144,2187,1633,1265,916,8080,1,1,1,1
23.0000,2534,1,1,28589,1,54605,0.523570,53,5,53,53,1177071,27.91035,0.00383,2.36362,0.01964,0,1,3,3.325737,2.615681,2.615681,-0.240487,-0.240013,14.721216,2533,0.016304,0.047066,22703,9266,5132,3193,2220,1601,1243,949,8297,1,1,1,1
23.9000,2534,1,1,29074,0,55661,0.522350,1,4,57,258,298883,28.53402,0.00383,2.36362,0.01964,1,1,3,1.192714,1.000000,1.058213,-0.552141,-0.552071,14.408586,253,0.038315,0.004803,22986,9373,5143,3308,2319,1660,1265,1048,8558,1,1,1,1
22.3500,2535,1,1,28195,1,53840,0.523691,1,104,104,566,94478,27.45228,0.00602,2.35907,0.02018,0,1,3,68.131764,51.805637,51.805637,-0.018405,-0.016740,14.942558,4180,0.001120,0.076489,22354,9202,5033,3139,2195,1570,1293,1024,8029,1,1,1,1
22.4000,2535,1,1,27892,0,53486,0.521492,1,6,8,90,35524,27.48701,0.00602,2.35907,0.02018,1,0,2,1.216563,1.000000,1.637998,-0.035085,-0.035008,14.926233,4053,0.002345,0.074246,22106,9049,4979,3214,2233,1503,1212,950,8239,1,1,1,1
23.0000,2535,1,1,28359,1,54595,0.519453,1,26,26,228,105743,27.90290,0.00602,2.35907,0.02018,0,1,3,12.292623,10.730862,10.730862,-0.243401,-0.242412,14.717840,2535,0.016471,0.047096,22901,9074,5008,3117,2247,1683,1287,954,8323,1,1,1,1
23.9000,2535,1,1,29077,1,55793,0.521168,2,4,13,78,26866,28.52659,0.00602,2.35907,0.02018,0,1,3,3.047350,2.301534,2.301534,-0.554941,-0.554502,14.405972,251,0.038491,0.004764,23246,9337,5179,3346,2220,1606,1214,973,8671,1,1,1,1
22.3500,2536,1,1,27697,1,53481,0.517895,2,13,79,79,126816,27.44777,0.00988,2.36462,0.01601,0,1,3,6.015236,5.232997,5.232997,-0.018179,-0.017472,14.943824,4184,0.001169,0.076525,22200,9010,5004,3102,2150,1623,1257,956,8178,1,1,1,1
22.4000,2536,1,1,27760,0,53590,0.518017,2,3,18,21,886965,27.48248,0.00988,2.36462,0.01601,1,1,2,1.412277,1.000000,2.088432,-0.035354,-0.035218,14.925818,4058,0.002360,0.074310,22216,9061,4986,3189,2197,1631,1214,994,8101,1,1,1,1
23.0000,2536,1,1,28470,0,54564,0.521782,5,17,17,96,66351,27.89848,0.00988,2.36462,0.01601,1,1,2,1.156783,1.000000,2.961530,-0.243421,-0.243364,14.717215,2535,0.016536,0.047079,22700,9230,5064,3146,2305,1611,1225,1010,8272,1,1,1,1
23.9000,2536,1,1,29149,1,55811,0.522290,3,3,7,260,156871,28.52220,0.00988,2.36462,0.01601,0,1,3,2.257866,1.728365,1.728365,-0.555177,-0.554856,14.406438,254,0.038514,0.004819,23120,9625,5109,3240,2243,1672,1258,986,8557,1,1,1,1
22.3500,2537,1,1,27924,0,53608,0.520902,1,13,28,28,24921,27.45101,0.00700,2.36444,0.01843,1,1,2,1.165747,1.000000,2.485803,-0.017759,-0.017698,14.942902,4182,0.001184,0.076463,22137,9272,4949,3119,2216,1616,1275,921,8102,1,1,1,1
22.4000,2537,1,1,27790,0,53401,0.520412,2,2,53,55,353441,27.48571,0.00700,2.36444,0.01843,1,1,2,1.412200,1.000000,1.501645,-0.035006,-0.034870,14.926166,4055,0.002336,0.074225,22192,8922,4850,3213,2175,1666,1195,920,8267,1,1,1,1
23.0000,2537,1,1,28056,0,54280,0.516885,3,42,42,42,171787,27.90181,0.00700,2.36444,0.01843,1,1,2,1.060011,1.000000,2.626486,-0.243174,-0.243151,14.717061,2532,0.016522,0.047005,22516,9268,4971,3196,2191,1598,1274,940,8325,1,1,1,1
23.9000,2537,1,1,29380,0,56301,0.521847,1,6,27,60,240580,28.52557,0.00700,2.36444,0.01843,1,1,2,1.410495,1.000000,3.462216,-0.555102,-0.554967,14.406061,249,0.038523,0.004722,23448,9624,5230,3335,2282,1642,1283,1027,8429,1,1,1,1
22.3500,2538,1,1,28221,1,54137,0.521298,2,25,26,91,221968,27.45312,0.00699,2.36333,0.01937,0,0,3,2.512617,2.108535,2.108535,-0.016849,-0.016486,14.944170,4184,0.001103,0.076463,22600,9255,5115,3224,2124,1516,1238,978,8086,1,1,1,1
22.4000,2538,1,1,28046,0,53819,0.521127,1,2,27,111,33737,27.48780,0.00699,2.36333,0.01937,1,1,3,1.367435,1.000000,1.311967,-0.034092,-0.033969,14.926968,4056,0.002276,0.074210,22292,9204,4967,3209,2233,1598,1247,890,8178,1,1,1,1
23.0000,2538,1,1,28420,0,54606,0.520465,24,2,404,404,49784,27.90375,0.00699,2.36333,0.01937,1,1,3,1.414089,1.000000,1.232716,-0.242058,-0.241921,14.719142,2537,0.016436,0.047073,22547,9357,5143,3282,2197,1580,1242,969,8288,1,1,1,1
23.9000,2538,1,1,29194,0,56139,0.520040,2,9,32,56,1127571,28.52752,0.00699,2.36333,0.01937,1,1,2,1.413174,1.000000,4.776260,-0.554215,-0.554078,14.406964,251,0.038459,0.004758,23410,9503,5222,3301,2314,1625,1302,983,8478,1,1,1,1
22.3500,2539,1,1,27874,0,53672,0.519349,1,7,13,4212,231621,27.45579,0.00706,2.36662,0.01940,1,1,3,1.122794,1.000000,1.082025,-0.015246,-0.015200,14.946082,4191,0.001017,0.076551,22390,9173,4898,3136,2099,1587,1214,939,8235,1,1,1,1
22.4000,2539,1,1,28215,1,54110,0.521447,1,2,27,27,176974,27.49046,0.00706,2.36662,0.01940,0,0,3,1.873045,1.439173,1.439173,-0.032642,-0.032395,14.928445,4064,0.002170,0.074319,22496,9284,4970,3321,2154,1567,1242,978,8097,1,1,1,1
23.0000,2539,1,1,28460,0,54589,0.521360,2,49,49,49,199543,27.90651,0.00706,2.36662,0.01940,1,0,2,1.077577,1.000000,4.056791,-0.240878,-0.240849,14.720452,2540,0.016362,0.047106,22613,9410,5055,3103,2250,1641,1220,974,8322,1,1,1,1
23.9000,2539,1,1,29011,1,55848,0.519473,2,2,27,173,22566,28.53032,0.00706,2.36662,0.01940,0,1,3,2.012587,1.551406,1.551406,-0.552585,-0.552310,14.408919,256,0.038331,0.004850,23113,9465,5262,3241,2288,1614,1296,999,8569,1,1,1,1
22.3500,2540,1,1,28119,1,53924,0.521466,1,33,33,80,1691170,27.45511,0.00501,2.36504,0.01759,0,1,3,2.046532,1.609304,1.609304,-0.016869,-0.016587,14.944628,4194,0.001110,0.076583,22409,9236,4956,3160,2245,1566,1278,970,8103,1,1,1,1
22.4000,2540,1,1,28271,1,54143,0.522164,21,22,171,171,81463,27.48976,0.00501,2.36504,0.01759,0,0,3,2.750747,2.705306,2.705306,-0.034307,-0.033908,14.925811,4065,0.002272,0.074321,22637,9242,5060,3183,2182,1592,1217,975,8054,1,1,1,1
23.0000,2540,1,1,28475,1,54617,0.521367,2,7,30,75,820512,27.90565,0.00501,2.36504,0.01759,0,1,3,3.797223,3.261710,3.261710,-0.242289,-0.241763,14.719565,2541,0.016425,0.047109,22715,9229,5018,3324,2205,1597,1227,966,8335,1,1,1,1
23.9000,2540,1,1,29080,0,56113,0.518249,2,1,10,51,41652,28.52949,0.00501,2.36504,0.01759,1,1,3,1.401493,1.000000,1.119603,-0.553995,-0.553862,14.407140,255,0.038444,0.004830,23232,9497,5281,3379,2340,1634,1242,1050,8457,1,1,1,1
22.3500,2541,1,1,28198,0,54077,0.521451,1,72,72,991,94695,27.45679,0.00528,2.36471,0.01840,1,1,2,1.341810,1.000000,29.540959,-0.016375,-0.016259,14.944912,4191,0.001088,0.076497,22637,9139,4978,3293,2208,1675,1167,946,8033,1,1,1,1
22.4000,2541,1,1,28034,0,53736,0.521708,1,53,86,331,1126141,27.49144,0.00528,2.36471,0.01840,1,1,2,1.395011,1.000000,25.533590,-0.033668,-0.033537,14.927582,4063,0.002247,0.074247,22239,9101,5002,3251,2136,1638,1220,985,8163,1,1,1,1
23.0000,2541,1,1,28575,1,54892,0.520577,1,1,73,73,225267,27.90743,0.00528,2.36471,0.01840,0,1,3,1.481113,1.205892,1.205892,-0.241053,-0.240899,14.720338,2540,0.016365,0.047069,22841,9381,5103,3232,2251,1623,1229,997,8234,1,1,1,1
23.9000,2541,1,1,29272,0,56047,0.522285,1,525,525,525,40891,28.53102,0.00528,2.36471,0.01840,1,1,2,1.003644,1.000000,1.920185,-0.552951,-0.552950,14.408380,252,0.038377,0.004771,23310,9508,5228,3342,2274,1688,1218,963,8515,1,1,1,1
22.3500,2542,1,1,28023,1,53669,0.522155,14,11,14,89,70599,27.45254,0.00501,2.36845,0.01812,0,1,3,7.117546,5.640625,5.640625,-0.018219,-0.017447,14.943840,4194,0.001168,0.076527,22175,9127,4943,3179,2163,1712,1222,972,8175,1,1,1,1
22.4000,2542,1,1,28287,1,53794,0.525849,1,37,37,82,86234,27.48717,0.00501,2.36845,0.01812,0,1,3,2.257181,2.011932,2.011932,-0.035331,-0.035011,14.926272,4067,0.002346,0.074297,22188,9310,5045,3225,2186,1568,1178,963,8130,1,1,1,1
23.0000,2542,1,1,28464,0,54746,0.519938,1,8,28,229,215460,27.90327,0.00501,2.36845,0.01812,1,1,2,1.414192,1.000000,4.754503,-0.243554,-0.243417,14.717639,2541,0.016539,0.047078,22797,9212,5151,3226,2260,1618,1269,980,8232,1,1,1,1
23.9000,2542,1,1,29105,1,56075,0.519046,1,2,241,241,59767,28.52689,0.00501,2.36845,0.01812,0,0,3,1.528537,1.136897,1.136897,-0.555079,-0.554912,14.405992,254,0.038520,0.004808,23232,9516,5280,3409,2277,1691,1209,1018,8442,1,1,1,1
22.3500,2543,1,1,28120,0,53793,0.522754,2,3,32,60,143809,27.44497,0.00500,2.36494,0.02115,1,1,2,1.406613,1.000000,1.983539,-0.021974,-0.021840,14.939258,4195,0.001462,0.076539,22442,9090,5133,3126,2140,1526,1224,947,8164,1,1,1,1
22.4000,2543,1,1,27923,1,53524,0.521701,2,2,24,1625,102853,27.47959,0.00500,2.36494,0.02115,0,1,3,1.709049,1.387446,1.387446,-0.039203,-0.038993,14.922263,4066,0.002613,0.074270,22166,8991,5013,3141,2149,1573,1196,920,8374,1,1,1,1
23.0000,2543,1,1,28519,1,54791,0.520515,2,2,4,309,66602,27.89553,0.00500,2.36494,0.02115,0,1,3,1.354994,1.168161,1.168161,-0.247141,-0.247021,14.714246,2540,0.016788,0.047052,22700,9235,5137,3334,2258,1643,1253,983,8247,1,1,1,1
23.9000,2543,1,1,29113,1,56020,0.519699,1,1,63,63,111643,28.51917,0.00500,2.36494,0.02115,0,1,3,1.669181,1.181318,1.181318,-0.558962,-0.558761,14.402282,252,0.038797,0.004769,23343,9478,5200,3260,2276,1656,1333,1019,8454,1,1,1,1
22.3500,2544,1,1,28268,0,53981,0.523675,4,55,55,55,1159246039,27.45891,0.00527,2.36413,0.01729,1,1,2,1.280743,1.000000,17.815351,-0.015207,-0.015110,14.945701,4199,0.001011,0.076549,22612,9157,5013,3137,2128,1603,1186,946,8198,1,1,1,1
22.4000,2544,1,1,28341,1,54416,0.520831,2,2,88,88,62045,27.49351,0.00527,2.36413,0.01729,0,1,3,1.689690,1.272320,1.272320,-0.031984,-0.031778,14.928859,4072,0.002129,0.074317,22624,9409,5202,3163,2148,1585,1247,958,8079,1,1,1,1
23.0000,2544,1,1,28498,0,55170,0.516558,2,3,9,238,148698,27.90956,0.00527,2.36413,0.01729,1,0,2,1.326842,1.000000,1.451108,-0.240037,-0.239926,14.721256,2545,0.016298,0.047103,22890,9593,5139,3237,2236,1652,1160,977,8285,1,1,1,1
23.9000,2544,1,1,29351,1,56138,0.522846,1,11,313,313,237166,28.53323,0.00527,2.36413,0.01729,0,1,3,6.003527,5.160288,5.160288,-0.552124,-0.551420,14.409894,258,0.038267,0.004878,23315,9594,5144,3276,2351,1635,1299,990,8533,1,1,1,1
22.3500,2545,1,1,28078,0,53864,0.521285,19,17,26,70,178449,27.45726,0.00554,2.35831,0.02142,1,0,2,1.130038,1.000000,2.424315,-0.015404,-0.015355,14.945924,4197,0.001027,0.076481,22470,9152,4905,3097,2260,1577,1234,928,8240,1,1,1,1
22.4000,2545,1,1,28330,0,54177,0.522925,1,2,218,218,122130,27.49213,0.00554,2.35831,0.02142,1,1,3,1.336759,1.000000,1.323375,-0.032717,-0.032603,14.928290,4076,0.002184,0.074364,22454,9259,5209,3171,2238,1530,1226,974,8115,1,1,1,1
23.0000,2545,1,1,28634,0,54818,0.522356,1,1,13,77,34581,27.90801,0.00554,2.35831,0.02142,1,0,3,1.413365,1.000000,1.090284,-0.240608,-0.240472,14.720574,2544,0.016336,0.047068,22688,9366,5234,3127,2175,1692,1239,945,8351,1,1,1,1
23.9000,2545,1,1,29223,1,56117,0.520761,5,11,17,38,208696,28.53171,0.00554,2.35831,0.02142,0,1,3,2.144920,1.566122,1.482276,-0.552525,-0.552225,14.408924,252,0.038325,0.004763,23274,9465,5267,3286,2331,1639,1287,1065,8502,1,1,1,1
22.3500,2546,1,1,28077,1,53854,0.521364,1,3,6,152,237351,27.46176,0.00554,2.36775,0.01997,0,1,3,2.645951,1.950111,1.950111,-0.013293,-0.012911,14.947702,4198,0.000864,0.076460,22162,9215,5054,3239,2249,1617,1237,990,8090,1,1,1,1
22.4000,2546,1,1,27825,1,53608,0.519055,1,7,13,15,257895,27.49633,0.00554,2.36775,0.01997,0,1,3,4.360690,3.603980,3.603980,-0.030701,-0.030123,14.931167,4072,0.002017,0.074247,22183,9155,4931,3118,2116,1581,1229,967,8327,1,1,1,1
23.0000,2546,1,1,28363,1,54753,0.518027,1,3,23,2989,113662,27.91233,0.00554,2.36775,0.01997,0,1,3,2.578769,2.071531,2.071531,-0.238586,-0.238214,14.722535,2544,0.016180,0.047044,22667,9240,5199,3244,2269,1607,1259,948,8319,1,1,1,1
23.9000,2546,1,1,29078,0,56045,0.518842,1,20,29,54,49874,28.53605,0.00554,2.36775,0.01997,1,1,2,1.063907,1.000000,1.441412,-0.550377,-0.550353,14.410954,252,0.038190,0.004761,23191,9574,5218,3284,2338,1637,1283,951,8568,1,1,1,1
22.3500,2547,1,1,28036,0,53866,0.520486,2,8,17,142,300952,27.46197,0.00833,2.36105,0.01973,1,0,2,1.170068,1.000000,1.592348,-0.011659,-0.011597,14.949666,4201,0.000776,0.076475,22440,9143,4982,3142,2192,1597,1181,962,8226,1,1,1,1
22.4000,2547,1,1,28085,1,53857,0.521483,1,23,29,29,510857,27.49653,0.00833,2.36105,0.01973,0,1,3,1.727380,1.652811,1.652811,-0.028947,-0.028733,14.932582,4076,0.001924,0.074284,22402,9081,4996,3098,2171,1647,1218,1002,8241,1,1,1,1
23.0000,2547,1,1,28470,0,54665,0.520818,4,4,27,34,665898,27.91263,0.00833,2.36105,0.01973,1,0,3,1.234775,1.000000,1.200536,-0.236936,-0.236854,14.724380,2544,0.016086,0.047019,22710,9180,5069,3257,2191,1606,1187,991,8473,1,1,1,1
23.9000,2547,1,1,29421,1,56355,0.522075,1,1,28,413,48016,28.53639,0.00833,2.36105,0.01973,0,0,3,1.394596,1.056739,1.056739,-0.548784,-0.548654,14.412652,252,0.038068,0.004758,23576,9539,5149,3299,2333,1697,1231,1020,8510,1,1,1,1
22.3500,2548,1,1,27936,0,53673,0.520495,2,11,11,29,43300,27.47077,0.00408,2.36471,0.01793,1,1,2,1.104887,1.000000,1.349570,-0.009248,-0.009209,14.951222,4202,0.000616,0.076455,21895,9277,5085,3185,2250,1651,1258,973,8098,1,1,1,1
22.4000,2548,1,1,28194,0,54094,0.521213,1,3,5,1025,439290,27.50559,0.00408,2.36471,0.01793,1,0,2,1.368559,1.000000,1.797651,-0.026718,-0.026595,14.934556,4074,0.001781,0.074209,22356,9378,5050,3225,2136,1588,1213,994,8153,1,1,1,1
23.0000,2548,1,1,28903,1,55176,0.523842,3,150,150,150,37705,27.92153,0.00408,2.36471,0.01793,0,0,3,1.396660,1.128610,1.128610,-0.234593,-0.234462,14.726282,2547,0.015921,0.047050,22927,9489,5080,3229,2288,1620,1232,925,8385,1,1,1,1
23.9000,2548,1,1,29307,1,56159,0.521867,4,5,33,74,1152690,28.54531,0.00408,2.36471,0.01793,0,1,3,2.950300,2.255252,2.255252,-0.546625,-0.546201,14.414995,252,0.037891,0.004756,23349,9423,5309,3327,2205,1710,1236,984,8615,1,1,1,1
22.3500,2549,1,1,28119,1,53963,0.521089,1,1,8,132,109850,27.46807,0.00806,2.37095,0.01968,0,1,3,1.705834,1.253641,1.253641,-0.008775,-0.008565,14.952593,4199,0.000573,0.076363,22449,9204,5014,3083,2247,1591,1286,984,8104,1,1,1,1
22.4000,2549,1,1,28244,0,53849,0.524513,3,12,12,19,135442,27.50260,0.00806,2.37095,0.01968,1,1,2,1.389598,1.000000,5.961713,-0.026350,-0.026220,14.934908,4072,0.001756,0.074141,22261,9210,5041,3201,2107,1642,1276,910,8200,1,1,1,1
23.0000,2549,1,1,28653,1,55047,0.520528,1,328,328,328,32984,27.91865,0.00806,2.37095,0.01968,0,1,3,224.918778,164.226419,164.226419,-0.235026,-0.232901,14.728431,2542,0.015813,0.046933,22942,9268,5180,3213,2122,1617,1328,1027,8349,1,1,1,1
23.9000,2549,1,1,29280,0,56139,0.521572,1,16,27,201,121760,28.54246,0.00806,2.37095,0.01968,1,1,2,1.260967,1.000000,4.973521,-0.546242,-0.546151,14.415070,248,0.037888,0.004678,23416,9467,5166,3282,2248,1683,1293,966,8617,1,1,1,1
22.3500,2550,1,1,28242,0,53984,0.523165,1,3,35,102,123570,27.47618,0.00353,2.36470,0.01886,1,1,2,1.400796,1.000000,2.022044,-0.006980,-0.006848,14.954264,4211,0.000458,0.076543,22385,9174,5140,3185,2149,1582,1234,933,8201,1,1,1,1
22.4000,2550,1,1,28197,1,54022,0.521964,6,43,43,77,510030,27.51097,0.00353,2.36470,0.01886,0,1,3,30.837738,21.883018,21.883018,-0.024849,-0.023505,14.935635,4084,0.001574,0.074327,22301,9256,4982,3216,2234,1632,1221,979,8200,1,1,1,1
23.0000,2550,1,1,28560,0,54726,0.521882,1,1,17,41,1010743,27.92686,0.00353,2.36470,0.01886,1,1,3,1.234878,1.000000,1.105621,-0.232194,-0.232111,14.729206,2549,0.015759,0.047041,22747,9228,5091,3173,2326,1603,1243,931,8383,1,1,1,1
23.9000,2550,1,1,29372,0,56372,0.521048,1,2,7,85,74589,28.55069,0.00353,2.36470,0.01886,1,1,3,1.316019,1.000000,1.317098,-0.544154,-0.544046,14.416819,255,0.037737,0.004808,23574,9469,5177,3327,2211,1747,1264,1028,8574,1,1,1,1
22.3500,2551,1,1,28210,0,53767,0.524681,1,31,31,31,82297,27.46946,0.00353,2.36145,0.02077,1,1,2,1.067130,1.000000,2.284113,-0.010270,-0.010245,14.951061,4207,0.000685,0.076457,22265,9099,4934,3243,2162,1589,1244,975,8255,1,1,1,1
22.4000,2551,1,1,28268,0,54006,0.523433,1,5,84,84,269420,27.50424,0.00353,2.36145,0.02077,1,1,2,1.414108,1.000000,3.371605,-0.027738,-0.027602,14.933464,4079,0.001848,0.074218,22359,9112,5021,3241,2223,1579,1246,926,8298,1,1,1,1
23.0000,2551,1,1,28365,1,54805,0.517572,14,22,22,51,62853,27.92024,0.00353,2.36145,0.02077,0,1,3,9.440667,8.561850,8.561850,-0.235920,-0.235040,14.724320,2549,0.015963,0.047038,22715,9289,5095,3310,2131,1677,1220,1000,8367,1,1,1,1
23.9000,2551,1,1,29255,1,56024,0.522196,6,7,7,194,2078150,28.54382,0.00353,2.36145,0.02077,0,1,3,2.446607,2.279931,2.279931,-0.547451,-0.547100,14.413113,253,0.037958,0.004770,23230,9585,5152,3224,2252,1657,1266,1020,8637,1,1,1,1
22.3500,2552,1,1,28291,1,54011,0.523810,1,6,21,71,46855,27.47198,0.00380,2.37233,0.02101,0,1,3,1.842056,1.401354,1.401354,-0.008953,-0.008714,14.952478,4210,0.000583,0.076474,22603,9165,4995,3078,2096,1599,1218,1006,8250,1,1,1,1
22.4000,2552,1,1,28372,0,54308,0.522437,1,69,69,443,41388,27.50648,0.00380,2.37233,0.02101,1,0,2,1.090180,1.000000,6.581942,-0.026507,-0.026474,14.934823,4083,0.001773,0.074255,22812,8968,5064,3252,2179,1611,1249,1035,8137,1,1,1,1
23.0000,2552,1,1,28469,1,54939,0.518202,1,2,30,46,974839,27.92258,0.00380,2.37233,0.02101,0,1,3,1.983697,1.412114,1.412114,-0.234253,-0.233985,14.727119,2551,0.015888,0.047048,22792,9316,5094,3284,2205,1654,1316,945,8332,1,1,1,1
23.9000,2552,1,1,29628,0,56768,0.521923,9,9,22,387,247418,28.54620,0.00380,2.37233,0.02101,1,0,2,1.154226,1.000000,1.559315,-0.546085,-0.546029,14.415242,256,0.037879,0.004824,23777,9677,5198,3306,2257,1672,1322,979,8579,1,1,1,1
22.3500,2553,1,1,28100,0,53921,0.521142,7,158,158,158,114352,27.47300,0.00553,2.36966,0.02102,1,1,2,1.108056,1.000000,18.022819,-0.007991,-0.007951,14.953339,4208,0.000532,0.076403,22393,9085,4971,3095,2205,1659,1249,978,8285,1,1,1,1
22.4000,2553,1,1,28137,1,54137,0.519747,2,6,19,318,40700,27.50775,0.00553,2.36966,0.02102,0,1,3,4.778405,3.396205,3.396205,-0.025040,-0.024428,14.935847,4080,0.001636,0.074166,22451,9131,5038,3231,2237,1559,1248,979,8262,1,1,1,1
23.0000,2553,1,1,28770,0,55177,0.521422,2,3,62,69,217573,27.92369,0.00553,2.36966,0.02102,1,1,2,1.339918,1.000000,1.420542,-0.232836,-0.232721,14.728179,2548,0.015801,0.046970,22937,9504,5027,3353,2190,1621,1277,969,8298,1,1,1,1
23.9000,2553,1,1,29446,0,56372,0.522361,1,1,8,58,112548,28.54734,0.00553,2.36966,0.02102,1,1,3,1.397322,1.000000,1.209910,-0.544631,-0.544500,14.416495,252,0.037769,0.004746,23614,9508,5167,3234,2282,1641,1280,1058,8587,1,1,1,1
22.3500,2554,1,1,27932,0,53680,0.520352,1,15,79,1056,312922,27.47244,0.00874,2.37503,0.02111,1,1,2,1.261836,1.000000,4.678036,-0.006303,-0.006212,14.954573,4210,0.000415,0.076403,22188,9075,5114,3133,2214,1560,1244,909,8242,1,1,1,1
22.4000,2554,1,1,28225,1,53982,0.522869,1,32,32,32,574368,27.50718,0.00874,2.37503,0.02111,0,1,3,6.609317,6.277551,6.277551,-0.023731,-0.022991,14.938326,4082,0.001539,0.074161,22463,9082,5067,3248,2089,1586,1213,977,8256,1,1,1,1
23.0000,2554,1,1,28786,0,54889,0.524450,3,3,6,388,125603,27.92323,0.00874,2.37503,0.02111,1,1,2,1.412455,1.000000,2.044166,-0.231532,-0.231396,14.729684,2549,0.015710,0.046966,22721,9428,5020,3213,2252,1621,1236,983,8414,1,1,1,1
23.9000,2554,1,1,29409,1,56544,0.520117,1,1,85,85,91358,28.54690,0.00874,2.37503,0.02111,0,0,3,1.442997,1.021091,1.021091,-0.543234,-0.543091,14.417985,251,0.037668,0.004725,23635,9539,5230,3388,2290,1699,1264,953,8545,1,1,1,1
22.3500,2555,1,1,28348,0,54153,0.523489,6,10,10,302,49630,27.47289,0.00538,2.36953,0.02705,1,1,2,1.333034,1.000000,4.283356,-0.007920,-0.007807,14.953373,4218,0.000522,0.076525,22593,9072,5058,3180,2244,1625,1198,1008,8174,1,1,1,1
22.4000,2555,1,1,28327,1,54250,0.522166,3,41,41,105,525998,27.50761,0.00538,2.36953,0.02705,0,0,3,1.447769,1.172312,1.172312,-0.025023,-0.024878,14.935864,4085,0.001666,0.074199,22540,9325,4902,3197,2166,1638,1199,1012,8270,1,1,1,1
23.0000,2555,1,1,28695,1,55125,0.520554,1,4,32,146,48871,27.92350,0.00538,2.36953,0.02705,0,0,3,2.727661,2.063562,2.063562,-0.233084,-0.232691,14.728183,2552,0.015799,0.047007,23079,9274,5062,3213,2292,1603,1243,1016,8342,1,1,1,1
23.9000,2555,1,1,29660,0,56607,0.523973,1,4,4,78,15654564,28.54720,0.00538,2.36953,0.02705,1,1,2,1.405657,1.000000,2.633369,-0.544977,-0.544843,14.416259,253,0.037794,0.004761,23521,9617,5332,3395,2273,1735,1293,1004,8436,1,1,1,1
22.3500,2556,1,1,28223,1,54112,0.521576,1,8,60,518,121773,27.48611,0.00525,2.38156,0.01670,0,1,3,1.589431,1.146102,1.118566,-0.000994,-0.000813,14.960162,4217,0.000054,0.076442,22708,9054,4924,3148,2132,1622,1217,1006,8300,1,1,1,1
22.4000,2556,1,1,28179,1,54220,0.519726,1,13,227,227,64330,27.52083,0.00525,2.38156,0.01670,0,1,3,2.185336,1.552935,1.289723,-0.018395,-0.018090,14.942931,4087,0.001211,0.074171,22541,9349,4995,3190,2148,1616,1255,974,8151,1,1,1,1
23.0000,2556,1,1,28640,0,54826,0.522389,1,107,107,107,208922,27.93682,0.00525,2.38156,0.01670,1,1,2,1.017459,1.000000,1.900716,-0.226470,-0.226463,14.733283,2554,0.015371,0.047010,22737,9336,5200,3221,2165,1611,1235,922,8398,1,1,1,1
23.9000,2556,1,1,29455,1,56589,0.520517,1,258,258,750,243199,28.56055,0.00525,2.38156,0.01670,0,1,3,92.947690,86.531164,86.531164,-0.539080,-0.537307,14.424025,253,0.037251,0.004757,23585,9636,5258,3400,2262,1676,1310,950,8511,1,1,1,1
22.3500,2557,1,1,28245,1,53960,0.523453,10,4,10,54,59887,27.48024,0.00552,2.38594,0.01750,0,0,3,1.388223,1.298167,1.298167,-0.003742,-0.003614,14.956664,4215,0.000242,0.076394,22435,9040,5013,3169,2191,1633,1201,1001,8276,1,1,1,1
22.4000,2557,1,1,28246,0,54117,0.521953,1,5,18,221,60389,27.51494,0.00552,2.38594,0.01750,1,1,3,1.150360,1.000000,1.049552,-0.021050,-0.020995,14.939576,4086,0.001405,0.074140,22462,9164,5015,3189,2209,1601,1258,988,8230,1,1,1,1
23.0000,2557,1,1,28568,0,54847,0.520877,15,6,15,18,459318,27.93105,0.00552,2.38594,0.01750,1,0,2,1.242193,1.000000,1.949828,-0.229222,-0.229137,14.732095,2550,0.015554,0.046921,22617,9430,5176,3202,2232,1606,1206,1001,8376,1,1,1,1
23.9000,2557,1,1,29421,1,56430,0.521381,25,2,25,66,122715,28.55480,0.00552,2.38594,0.01750,0,1,3,1.566038,1.230027,1.230027,-0.541004,-0.540829,14.420432,251,0.037504,0.004718,23470,9542,5276,3430,2307,1633,1278,957,8536,1,1,1,1
22.3500,2558,1,1,28127,1,54036,0.520533,4,3,4,19,15494,27.46573,0.01241,2.38482,0.02061,0,1,3,1.686044,1.381720,1.381720,-0.007743,-0.007539,14.953703,4216,0.000504,0.076397,22330,9254,5028,3217,2173,1680,1250,971,8132,1,1,1,1
22.4000,2558,1,1,28157,1,54073,0.520732,13,7,13,200,21680,27.50042,0.01241,2.38482,0.02061,0,0,3,1.395930,1.325630,1.325630,-0.025079,-0.024949,14.935227,4088,0.001670,0.074169,22390,9164,5020,3247,2262,1650,1188,962,8189,1,1,1,1
23.0000,2558,1,1,28686,0,55243,0.519279,2,6,45,938,297076,27.91636,0.01241,2.38482,0.02061,1,1,2,1.407577,1.000000,3.209656,-0.233224,-0.233091,14.728008,2553,0.015826,0.046971,22980,9267,5251,3193,2270,1595,1288,1001,8397,1,1,1,1
23.9000,2558,1,1,29537,1,56630,0.521588,2,63,63,63,362193,28.54014,0.01241,2.38482,0.02061,0,0,3,2.407988,1.982539,1.982539,-0.545015,-0.544671,14.416036,251,0.037782,0.004718,23547,9645,5249,3326,2321,1700,1355,987,8499,1,1,1,1
22.3500,2559,1,1,27851,1,53671,0.518931,1,4,112,112,553791,27.47024,0.00933,2.38588,0.02192,0,1,3,3.915894,2.857197,2.857197,-0.007078,-0.006544,14.954056,4216,0.000438,0.076365,22193,9039,4974,3140,2262,1595,1202,965,8300,1,1,1,1
22.4000,2559,1,1,28257,1,54279,0.520598,522,2,522,522,44483,27.50491,0.00933,2.38588,0.02192,0,1,3,1.578307,1.151157,1.151157,-0.024234,-0.024055,14.937226,4092,0.001610,0.074203,22460,9373,5015,3181,2171,1669,1300,967,8142,1,1,1,1
23.0000,2559,1,1,28570,0,54866,0.520733,1,71,71,71,660239,27.92096,0.00933,2.38588,0.02192,1,1,2,1.344569,1.000000,29.128725,-0.232893,-0.232777,14.728396,2553,0.015805,0.046952,22649,9331,5144,3200,2224,1631,1274,1047,8365,1,1,1,1
23.9000,2559,1,1,29301,1,56284,0.520601,1,13,13,39,4615623,28.54476,0.00933,2.38588,0.02192,0,1,3,4.650089,4.298804,4.298804,-0.544421,-0.543821,14.417498,249,0.037719,0.004678,23267,9452,5193,3464,2267,1632,1335,1050,8623,1,1,1,1
22.3500,2560,1,1,28369,1,54312,0.522344,69,4,69,69,39483,27.48227,0.00406,2.38124,0.01818,0,1,3,2.014776,1.739947,1.739947,-0.003778,-0.003504,14.957820,4231,0.000234,0.076588,22619,9223,5018,3259,2222,1614,1213,921,8222,1,1,1,1
22.4000,2560,1,1,28144,0,53761,0.523512,6,56,1828,1828,68777,27.51692,0.00406,2.38124,0.01818,1,1,2,1.405369,1.000000,27.705038,-0.021648,-0.021515,14.939502,4103,0.001440,0.074362,22129,9027,5049,3192,2208,1541,1213,977,8424,1,1,1,1
23.0000,2560,1,1,28681,1,54956,0.521900,1,2,388,388,81183,27.93281,0.00406,2.38124,0.01818,0,1,3,1.885967,1.333842,1.333842,-0.228985,-0.228737,14.732334,2570,0.015526,0.047233,22805,9471,4992,3232,2288,1604,1240,938,8385,1,1,1,1
23.9000,2560,1,1,29660,0,56984,0.520506,1,3,16,16,620988,28.55664,0.00406,2.38124,0.01818,1,0,3,1.227530,1.000000,1.117190,-0.540861,-0.540781,14.420459,263,0.037501,0.004938,23899,9553,5283,3387,2327,1704,1295,1005,8530,1,1,1,1
22.3500,2561,1,1,28393,1,54159,0.524262,2,25,25,41,40075,27.48621,0.00433,2.38177,0.01671,0,1,3,2.229294,1.777353,1.777353,-0.001574,-0.001261,14.959966,4229,0.000084,0.076511,22415,9256,4941,3297,2219,1622,1224,969,8215,1,1,1,1
22.4000,2561,1,1,28136,0,54273,0.518426,3,1,20,44,514077,27.52086,0.00433,2.38177,0.01671,1,1,3,1.412101,1.000000,1.107166,-0.018800,-0.018665,14.942419,4101,0.001249,0.074282,22491,9252,5018,3248,2202,1580,1213,985,8283,1,1,1,1
23.0000,2561,1,1,28625,1,55105,0.519472,14,26,26,29,50536,27.93685,0.00433,2.38177,0.01671,0,0,3,1.190214,1.121307,1.121307,-0.226810,-0.226742,14.733492,2564,0.015390,0.047101,22689,9517,5075,3184,2286,1666,1284,957,8446,1,1,1,1
23.9000,2561,1,1,29344,0,56484,0.519519,11,3,11,332,70178,28.56044,0.00433,2.38177,0.01671,1,1,2,1.349061,1.000000,1.442512,-0.538642,-0.538525,14.422390,260,0.037340,0.004879,23518,9553,5167,3393,2313,1678,1302,1000,8559,1,1,1,1
22.3500,2562,1,1,28319,1,54058,0.523873,1,14,22,53,94334,27.48126,0.00526,2.37391,0.01594,0,1,3,7.149630,6.091920,6.091920,-0.003734,-0.002966,14.957404,4231,0.000198,0.076530,22360,9286,4995,3073,2173,1706,1274,992,8198,1,1,1,1
22.4000,2562,1,1,28472,0,54384,0.523546,3,277,277,277,57420,27.51589,0.00526,2.37391,0.01594,1,1,2,1.319310,1.000000,103.022491,-0.021601,-0.021493,14.939380,4103,0.001439,0.074305,22787,9152,4968,3175,2192,1629,1254,939,8287,1,1,1,1
23.0000,2562,1,1,28731,1,55142,0.521046,1,1,21,35,163971,27.93199,0.00526,2.37391,0.01594,0,1,3,1.294067,1.051850,1.051850,-0.228749,-0.228648,14.732591,2565,0.015520,0.047104,22832,9411,5183,3169,2184,1653,1209,1038,8462,1,1,1,1
23.9000,2562,1,1,29556,0,56438,0.523699,2,4,19,202,2814829,28.55561,0.00526,2.37391,0.01594,1,1,3,1.189640,1.000000,1.023029,-0.540559,-0.540492,14.420170,261,0.037482,0.004897,23323,9593,5217,3342,2329,1703,1258,970,8702,1,1,1,1
22.3500,2563,1,1,28235,1,54224,0.520720,3,6,22,41,415036,27.49070,0.00644,2.38622,0.01586,0,1,3,3.818949,3.057809,3.057809,0.001532,0.002055,14.963308,4232,-0.000137,0.076488,22541,9169,5052,3322,2209,1569,1285,936,8140,1,1,1,1
22.4000,2563,1,1,28527,1,54346,0.524924,1,10,11,117,49036,27.52531,0.00644,2.38622,0.01586,0,1,3,1.873489,1.776824,1.776824,-0.015669,-0.015424,14.945888,4104,0.001032,0.074261,22555,9266,5113,3165,2194,1643,1223,985,8201,1,1,1,1
23.0000,2563,1,1,28605,1,55040,0.519722,1,3,7,165,85991,27.94126,0.00644,2.38622,0.01586,0,1,3,1.672458,1.183236,1.043720,-0.223527,-0.223326,14.737750,2568,0.015153,0.047124,22769,9390,5098,3253,2192,1604,1250,1009,8474,1,1,1,1
23.9000,2563,1,1,29410,0,56502,0.520522,1,2,21,108,262436,28.56490,0.00644,2.38622,0.01586,1,1,3,1.304352,1.000000,1.299088,-0.535390,-0.535286,14.425566,261,0.037107,0.004893,23494,9588,5124,3338,2325,1662,1336,998,8636,1,1,1,1
22.3500,2564,1,1,28282,0,54256,0.521279,2,2,2,39,70001,27.49117,0.00771,2.37718,0.01686,1,1,2,1.400640,1.000000,1.468480,0.002642,0.002774,14.963888,4235,-0.000185,0.076510,22475,9207,5035,3262,2238,1667,1235,927,8209,1,1,1,1
22.4000,2564,1,1,28336,0,54225,0.522573,3,7,26,88,6376487,27.52577,0.00771,2.37718,0.01686,1,1,2,1.186282,1.000000,1.611500,-0.014679,-0.014613,14.946043,4106,0.000978,0.074268,22465,9043,5116,3220,2237,1567,1256,970,8350,1,1,1,1
23.0000,2564,1,1,28804,0,55235,0.521490,1,109,109,109,370714,27.94182,0.00771,2.37718,0.01686,1,1,2,1.030294,1.000000,3.402623,-0.222852,-0.222840,14.737124,2567,0.015121,0.047089,22778,9350,5242,3393,2228,1633,1280,993,8337,1,1,1,1
23.9000,2564,1,1,29360,0,56434,0.520263,1,2,6,63,84739,28.56549,0.00771,2.37718,0.01686,1,0,3,1.339017,1.000000,1.302501,-0.534497,-0.534383,14.426795,260,0.037041,0.004872,23265,9682,5225,3398,2275,1691,1255,1020,8622,1,1,1,1
22.3500,2565,1,1,28267,1,54258,0.520983,1,6,6,552,108975,27.48769,0.00698,2.37760,0.01629,0,1,3,5.267606,3.729560,3.729560,0.000449,0.001097,14.962394,4232,-0.000073,0.076433,22574,9204,5004,3157,2196,1641,1241,964,8276,1,1,1,1
22.4000,2565,1,1,28161,1,54188,0.519700,1,21,28,325,271901,27.52255,0.00698,2.37760,0.01629,0,1,3,2.140042,1.856132,1.856132,-0.016844,-0.016548,14.944726,4103,0.001107,0.074191,22443,9152,5112,3197,2185,1641,1223,936,8298,1,1,1,1
23.0000,2565,1,1,29014,0,55388,0.523841,1,8,37,307,2213999,27.93844,0.00698,2.37760,0.01629,1,0,2,1.225394,1.000000,2.213922,-0.224823,-0.224744,14.736498,2564,0.015251,0.047018,23053,9333,5186,3260,2262,1698,1246,973,8376,1,1,1,1
23.9000,2565,1,1,29225,1,56301,0.519094,3,7,159,159,354664,28.56214,0.00698,2.37760,0.01629,0,1,3,1.333967,1.012723,1.012723,-0.536512,-0.536399,14.424793,256,0.037186,0.004796,23183,9593,5260,3348,2268,1651,1312,1049,8636,1,1,1,1
22.3500,2566,1,1,28215,1,54188,0.520697,3,3,36,55,465835,27.49179,0.00550,2.38086,0.01667,0,1,3,1.896268,1.635131,1.635131,0.001752,0.002002,14.962565,4237,-0.000134,0.076493,22517,9148,5025,3149,2188,1584,1236,1003,8337,1,1,1,1
22.4000,2566,1,1,28494,0,54607,0.521811,1,4,6,27,70167,27.52637,0.00550,2.38086,0.01667,1,0,2,1.293804,1.000000,1.647634,-0.015546,-0.015445,14.945761,4109,0.001033,0.074265,22735,9349,5118,3135,2242,1611,1287,977,8152,1,1,1,1
23.0000,2566,1,1,28631,1,54712,0.523313,4,19,19,171,39365,27.94236,0.00550,2.38086,0.01667,0,1,3,8.393586,7.548988,7.548988,-0.223840,-0.223011,14.736836,2569,0.015133,0.047090,22390,9387,5056,3263,2224,1643,1231,1008,8509,1,1,1,1
23.9000,2566,1,1,29483,1,56616,0.520763,3,11,215,215,157844,28.56609,0.00550,2.38086,0.01667,0,1,3,4.728492,4.241156,4.241156,-0.535589,-0.534984,14.425257,260,0.037087,0.004869,23487,9725,5278,3276,2269,1672,1341,1019,8548,1,1,1,1
22.3500,2567,1,1,28318,0,54156,0.522906,1,5,61,61,218961,27.49248,0.00643,2.38363,0.01779,1,1,3,1.161538,1.000000,1.132398,0.002735,0.002793,14.964063,4237,-0.000187,0.076455,22442,9224,5010,3193,2238,1609,1204,972,8263,1,1,1,1
22.4000,2567,1,1,28479,1,54470,0.522848,2,3,54,794,83383,27.52704,0.00643,2.38363,0.01779,0,1,3,2.728585,2.028569,2.028569,-0.014675,-0.014284,14.946973,4112,0.000956,0.074285,22644,9229,5062,3205,2234,1643,1206,951,8295,1,1,1,1
23.0000,2567,1,1,28808,0,55414,0.519878,4,2,17,3783,100187,27.94314,0.00643,2.38363,0.01779,1,0,3,1.340563,1.000000,1.325739,-0.222635,-0.222521,14.738657,2568,0.015098,0.047048,23008,9526,5140,3289,2187,1563,1309,955,8436,1,1,1,1
23.9000,2567,1,1,29479,1,56629,0.520573,1,4,4,268,266978,28.56690,0.00643,2.38363,0.01779,0,1,3,3.620747,2.731488,2.731488,-0.534659,-0.534158,14.427116,260,0.037025,0.004866,23643,9614,5109,3383,2280,1682,1242,1002,8673,1,1,1,1
22.3500,2568,1,1,28233,1,54299,0.519964,1,36,36,36,42022,27.48818,0.00676,2.38252,0.01698,0,1,3,4.705120,3.903823,3.900612,0.000592,0.001195,14.962446,4244,-0.000080,0.076560,22435,9380,5051,3184,2199,1616,1234,909,8290,1,1,1,1
22.4000,2568,1,1,28545,1,54782,0.521075,3,362,362,362,607629,27.52300,0.00676,2.38252,0.01698,0,1,3,248.171296,180.797193,180.797193,-0.017567,-0.015419,14.945915,4112,0.001032,0.074261,22921,9325,5121,3259,2132,1613,1242,955,8213,1,1,1,1
23.0000,2568,1,1,28772,0,55035,0.522804,10,113,113,113,970615,27.93894,0.00676,2.38252,0.01698,1,1,2,1.345979,1.000000,46.082497,-0.225272,-0.225156,14.735757,2573,0.015280,0.047130,22758,9347,5114,3199,2283,1625,1315,993,8400,1,1,1,1
23.9000,2568,1,1,29700,0,56983,0.521217,4,3,4,26,258215,28.56272,0.00676,2.38252,0.01698,1,0,3,1.259577,1.000000,1.060108,-0.536425,-0.536335,14.424890,261,0.037181,0.004884,23829,9667,5288,3370,2415,1626,1306,946,8535,1,1,1,1
22.3500,2569,1,1,28509,1,54378,0.524284,1,12,15,184,42195,27.49170,0.00697,2.38881,0.01626,0,0,3,2.902695,2.345532,2.345532,0.002376,0.002791,14.963543,4238,-0.000187,0.076417,22460,9338,5066,3188,2243,1648,1220,990,8224,1,1,1,1
22.4000,2569,1,1,28387,1,54578,0.520128,1,3,14,28,78902,27.52623,0.00697,2.38881,0.01626,0,1,3,2.066351,1.508024,1.508024,-0.014804,-0.014521,14.946632,4110,0.000972,0.074192,22710,9273,5194,3157,2172,1633,1246,943,8249,1,1,1,1
23.0000,2569,1,1,28866,0,55286,0.522131,3,25,30,322,214056,27.94228,0.00697,2.38881,0.01626,1,1,2,1.380151,1.000000,11.666576,-0.223230,-0.223104,14.737862,2570,0.015138,0.047050,22868,9383,5204,3277,2252,1685,1196,1002,8418,1,1,1,1
23.9000,2569,1,1,29601,1,56873,0.520485,9,5,37,37,36863,28.56609,0.00697,2.38881,0.01626,0,1,3,2.120924,1.578818,1.578818,-0.534740,-0.534447,14.426728,256,0.037046,0.004788,23588,9690,5229,3326,2371,1738,1293,1065,8572,1,1,1,1
22.3500,2570,1,1,28172,0,54009,0.521626,5,2,7,225,69944,27.48583,0.00662,2.37948,0.01770,1,1,3,1.345293,1.000000,1.047657,-0.000476,-0.000360,14.960552,4241,0.000024,0.076456,22357,9069,5073,3103,2179,1695,1196,1011,8325,1,1,1,1
22.4000,2570,1,1,28641,1,54612,0.524455,1,1,20,118,974441,27.52062,0.00662,2.37948,0.01770,0,1,3,1.365986,1.091083,1.091083,-0.017872,-0.017750,14.943479,4111,0.001188,0.074197,22629,9339,5049,3189,2299,1603,1286,1019,8198,1,1,1,1
23.0000,2570,1,1,29086,0,55568,0.523440,3,4,56,56,39697,27.93651,0.00662,2.37948,0.01770,1,0,2,1.250438,1.000000,1.352898,-0.225868,-0.225781,14.735449,2569,0.015322,0.047021,23076,9493,5155,3264,2281,1620,1219,1006,8453,1,1,1,1
23.9000,2570,1,1,29673,1,56774,0.522660,2,6,17,2030,60013,28.56034,0.00662,2.37948,0.01770,0,1,3,3.961331,3.108264,3.108264,-0.537946,-0.537411,14.422970,256,0.037261,0.004787,23689,9703,5251,3278,2198,1659,1316,995,8684,1,1,1,1
22.3500,2571,1,1,28308,0,54253,0.521787,1,3,3,86,46125,27.48122,0.00581,2.37842,0.01836,1,0,2,1.359610,1.000000,1.723596,-0.003190,-0.003070,14.958093,4246,0.000205,0.076529,22488,9310,4940,3196,2221,1517,1236,961,8383,1,1,1,1
22.4000,2571,1,1,28305,1,54353,0.520772,5,18,48,48,66758,27.51600,0.00581,2.37842,0.01836,0,1,3,4.863754,4.572476,4.572476,-0.020772,-0.020157,14.939923,4117,0.001349,0.074294,22554,9274,5046,3122,2229,1654,1212,931,8330,1,1,1,1
23.0000,2571,1,1,28879,1,55621,0.519220,2,3,18,48,169538,27.93199,0.00581,2.37842,0.01836,0,1,3,1.595119,1.456991,1.456991,-0.228540,-0.228359,14.732959,2574,0.015500,0.047102,23188,9457,5194,3239,2326,1656,1261,996,8303,1,1,1,1
23.9000,2571,1,1,29399,1,56439,0.520908,4,4,70,70,279245,28.55558,0.00581,2.37842,0.01836,0,0,3,1.886705,1.692033,1.692033,-0.540367,-0.540120,14.420356,261,0.037455,0.004880,23408,9376,5350,3311,2362,1650,1253,1022,8706,1,1,1,1
22.3500,2572,1,1,28486,0,54274,0.524865,1,32,228,228,5296437,27.48069,0.00686,2.38573,0.02084,1,1,2,1.079184,1.000000,2.814208,-0.003203,-0.003174,14.957162,4250,0.000212,0.076576,22427,9137,5164,3239,2233,1622,1200,938,8313,1,1,1,1
22.4000,2572,1,1,28168,0,54256,0.519178,1,3,23,61,208482,27.51518,0.00686,2.38573,0.02084,1,1,2,1.273306,1.000000,1.477546,-0.020325,-0.020231,14.940578,4119,0.001354,0.074298,22578,9108,4992,3220,2243,1602,1227,989,8296,1,1,1,1
23.0000,2572,1,1,28778,0,55328,0.520144,1,3,4,1137,213275,27.93129,0.00686,2.38573,0.02084,1,1,2,1.288171,1.000000,1.367283,-0.228365,-0.228266,14.732564,2575,0.015494,0.047104,22826,9489,5142,3323,2232,1721,1276,936,8382,1,1,1,1
23.9000,2572,1,1,29573,1,56738,0.521230,2,6,8,52,475095,28.55490,0.00686,2.38573,0.02084,0,1,3,3.551057,2.996754,2.996754,-0.540326,-0.539833,14.420598,261,0.037435,0.004878,23513,9770,5365,3283,2264,1682,1255,985,8620,1,1,1,1
22.3500,2573,1,1,28388,0,54572,0.520203,3,2,13,34,93841,27.48101,0.00624,2.38766,0.01637,1,1,2,1.408599,1.000000,1.584937,-0.003145,-0.003012,14.958087,4245,0.000201,0.076452,22628,9262,5078,3284,2215,1687,1267,940,8210,1,1,1,1
22.4000,2573,1,1,28407,1,54624,0.520056,1,4,15,25,63715,27.51576,0.00624,2.38766,0.01637,0,1,3,1.907069,1.489873,1.489873,-0.020509,-0.020258,14.940958,4116,0.001356,0.074213,22646,9426,5022,3209,2236,1635,1205,959,8285,1,1,1,1
23.0000,2573,1,1,28819,1,55438,0.519851,2,3,16,166,87837,27.93171,0.00624,2.38766,0.01637,0,0,3,1.886931,1.607726,1.607726,-0.228489,-0.228243,14.732389,2572,0.015493,0.047031,23060,9320,5225,3252,2197,1652,1287,1000,8444,1,1,1,1
23.9000,2573,1,1,29574,0,56478,0.523647,1,114,114,193,3706016,28.55535,0.00624,2.38766,0.01637,1,1,2,1.274843,1.000000,35.936512,-0.540921,-0.540826,14.420392,257,0.037504,0.004801,23429,9530,5288,3240,2347,1774,1292,1019,8558,1,1,1,1
22.3500,2574,1,1,28519,1,54265,0.525560,1,6,9,142,873008,27.49196,0.00504,2.38760,0.01685,0,1,3,1.931430,1.385400,1.316309,0.001869,0.002124,14.963118,4249,-0.000142,0.076468,22532,9188,5109,3112,2200,1601,1198,964,8360,1,1,1,1
22.4000,2574,1,1,28493,1,54489,0.522922,3,4,11,80,289516,27.52670,0.00504,2.38760,0.01685,0,1,3,1.903063,1.520603,1.520603,-0.015538,-0.015288,14.945942,4120,0.001023,0.074232,22540,9391,5040,3204,2233,1665,1245,932,8238,1,1,1,1
23.0000,2574,1,1,28755,1,55428,0.518790,1,1,23,37,19413,27.94275,0.00504,2.38760,0.01685,0,0,3,1.738247,1.248972,1.248972,-0.223524,-0.223309,14.737680,2575,0.015152,0.047051,22963,9383,5106,3350,2247,1626,1262,1019,8471,1,1,1,1
23.9000,2574,1,1,29913,1,56965,0.525121,2,2,5,121,405664,28.56642,0.00504,2.38760,0.01685,0,0,3,1.738501,1.406459,1.406459,-0.535379,-0.535164,14.425587,259,0.037098,0.004835,23749,9819,5178,3305,2245,1737,1323,972,8636,1,1,1,1
22.3500,2575,1,1,28369,1,54567,0.519903,9,6,39,39,1653357,27.48769,0.00503,2.37557,0.01663,0,1,3,3.955064,3.162386,3.162386,-0.000619,-0.000085,14.961191,4249,0.000006,0.076448,22517,9392,5129,3119,2277,1677,1249,996,8210,1,1,1,1
22.4000,2575,1,1,28525,1,54776,0.520767,2,2,9,15,147126,27.52242,0.00503,2.37557,0.01663,0,1,3,1.809684,1.441248,1.441248,-0.017824,-0.017593,14.943067,4119,0.001177,0.074199,22890,9177,5161,3139,2310,1646,1249,987,8216,1,1,1,1
23.0000,2575,1,1,28708,0,55336,0.518804,1,42,16446,16446,54393,27.93831,0.00503,2.37557,0.01663,1,0,2,1.149008,1.000000,6.855349,-0.226077,-0.226023,14.735253,2576,0.015339,0.047058,22822,9447,5268,3374,2174,1583,1223,996,8448,1,1,1,1
23.9000,2575,1,1,29597,1,56817,0.520927,1,1,97,97,78173,28.56200,0.00503,2.37557,0.01663,0,0,3,1.531558,1.085399,1.085399,-0.537568,-0.537402,14.423637,258,0.037258,0.004815,23744,9580,5235,3247,2349,1709,1278,944,8730,1,1,1,1
22.3500,2576,1,1,28460,0,54612,0.521140,2,2,7,134,132624,27.49151,0.00431,2.38685,0.01627,1,1,2,1.413690,1.000000,1.517653,0.001161,0.001295,14.962351,4254,-0.000087,0.076503,22714,9330,5107,3140,2228,1638,1224,966,8264,1,1,1,1
22.4000,2576,1,1,28304,0,54488,0.519463,1,23,23,51,446896,27.52622,0.00431,2.38685,0.01627,1,0,2,1.096602,1.000000,2.474239,-0.016288,-0.016252,14.945045,4125,0.001087,0.074269,22555,9278,5160,3136,2216,1600,1217,955,8370,1,1,1,1
23.0000,2576,1,1,29052,0,55462,0.523828,1,4,14,36,33018,27.94222,0.00431,2.38685,0.01627,1,1,2,1.221502,1.000000,1.354512,-0.224159,-0.224081,14.737163,2579,0.015205,0.047089,23014,9390,5163,3220,2340,1675,1284,1008,8367,1,1,1,1
23.9000,2576,1,1,29469,1,56656,0.520148,2,6,26,26,66846,28.56594,0.00431,2.38685,0.01627,0,1,3,3.522996,2.806159,2.806159,-0.536175,-0.535686,14.425542,269,0.037135,0.005018,23466,9567,5400,3242,2330,1691,1243,1089,8627,1,1,1,1
22.3500,2577,1,1,28290,0,54492,0.519168,30,4,37,66,98621,27.49044,0.00701,2.38975,0.01736,1,1,2,1.291761,1.000000,1.611416,0.002069,0.002168,14.963378,4252,-0.000145,0.076432,22447,9353,5079,3220,2222,1684,1253,968,8265,1,1,1,1
22.4000,2577,1,1,28626,0,54768,0.522687,4,5,20,68,52463,27.52514,0.00701,2.38975,0.01736,1,1,2,1.354071,1.000000,2.556971,-0.015377,-0.015259,14.945909,4123,0.001021,0.074200,22806,9288,5226,3185,2170,1646,1213,987,8246,1,1,1,1
23.0000,2577,1,1,28910,0,55708,0.518965,30,7,58,58,40472,27.94124,0.00701,2.38975,0.01736,1,1,3,1.139097,1.000000,1.169807,-0.223269,-0.223219,14.737332,2580,0.015146,0.047088,23080,9522,5297,3252,2246,1604,1263,1046,8397,1,1,1,1
23.9000,2577,1,1,29808,0,56975,0.523186,1,12,56,56,95347,28.56500,0.00701,2.38975,0.01736,1,1,2,1.114508,1.000000,1.544563,-0.535206,-0.535164,14.425313,257,0.037099,0.004792,23735,9712,5222,3331,2303,1689,1342,1040,8600,1,1,1,1
22.3500,2578,1,1,28342,0,54348,0.521501,1,24,24,69,35597,27.49466,0.00677,2.39783,0.01638,1,1,2,1.199977,1.000000,5.638946,0.003632,0.003703,14.964391,4254,-0.000247,0.076433,22443,9326,4933,3255,2183,1598,1271,973,8365,1,1,1,1
22.4000,2578,1,1,28518,0,54686,0.521496,2,3,5,18,596525,27.52935,0.00677,2.39783,0.01638,1,1,3,1.217205,1.000000,1.096782,-0.013372,-0.013296,14.947424,4124,0.000890,0.074181,22786,9217,5067,3299,2273,1618,1213,911,8301,1,1,1,1
23.0000,2578,1,1,28913,1,55541,0.520580,2,3865,3865,3865,52666,27.94529,0.00677,2.39783,0.01638,0,0,3,36.604903,36.167086,36.167086,-0.222042,-0.220646,14.738976,2577,0.014970,0.047010,23202,9461,5131,3161,2266,1631,1285,987,8416,1,1,1,1
23.9000,2578,1,1,29528,0,56750,0.520326,11,3,12,520,161600,28.56907,0.00677,2.39783,0.01638,1,1,3,1.295249,1.000000,1.155581,-0.533262,-0.533161,14.427682,259,0.036954,0.004827,23542,9654,5215,3288,2431,1718,1278,1032,8591,1,1,1,1
22.3500,2579,1,1,28547,1,54528,0.523539,5,446,446,446,172870,27.48606,0.01662,2.40165,0.01785,0,1,3,109.141621,105.722639,105.722639,0.003786,0.005605,14.964435,4255,-0.000375,0.076421,22619,9216,5125,3260,2300,1555,1215,945,8292,1,1,1,1
22.4000,2579,1,1,28462,0,54714,0.520205,6,54,54,1546,70930,27.52074,0.01662,2.40165,0.01785,1,1,2,1.279700,1.000000,17.379515,-0.013200,-0.013104,14.947716,4127,0.000877,0.074205,22827,9211,5141,3225,2214,1644,1228,951,8272,1,1,1,1
23.0000,2579,1,1,28969,1,55596,0.521072,8,18,18,21,135741,27.93678,0.01662,2.40165,0.01785,0,1,3,8.872472,7.653205,7.653205,-0.221065,-0.220219,14.741092,2581,0.014939,0.047058,23079,9444,5171,3288,2197,1716,1315,1005,8380,1,1,1,1
23.9000,2579,1,1,29642,0,56756,0.522280,1,28,33,82,530269,28.56059,0.01662,2.40165,0.01785,1,1,2,1.364361,1.000000,12.523264,-0.533064,-0.532943,14.428217,257,0.036938,0.004787,23472,9658,5281,3380,2270,1721,1291,1019,8663,1,1,1,1
22.3500,2580,1,1,28819,1,54879,0.525147,1,5,10,124,118093,27.49175,0.00601,2.39567,0.01829,0,0,3,2.089619,1.620989,1.620989,0.001957,0.002243,14.963077,4261,-0.000150,0.076506,22737,9446,5160,3204,2306,1697,1257,1010,8061,1,1,1,1
22.4000,2580,1,1,28563,1,54541,0.523707,2,13,38,44,33863,27.52640,0.00601,2.39567,0.01829,0,1,3,2.236203,1.667524,1.623558,-0.015366,-0.015054,14.946125,4127,0.001007,0.074184,22690,9242,5068,3185,2194,1623,1263,961,8314,1,1,1,1
23.0000,2580,1,1,28965,1,55481,0.522080,20,2,28,154,37571,27.94229,0.00601,2.39567,0.01829,0,1,3,1.426614,1.042292,1.042292,-0.223231,-0.223093,14.736813,2579,0.015138,0.047017,22931,9540,5158,3238,2279,1567,1279,981,8507,1,1,1,1
23.9000,2580,1,1,29578,0,57002,0.518903,1,1,5,41,66783,28.56612,0.00601,2.39567,0.01829,1,0,3,1.412884,1.000000,1.016799,-0.535131,-0.534997,14.426053,258,0.037085,0.004805,23798,9543,5352,3341,2312,1694,1305,1034,8622,1,1,1,1
22.3500,2581,1,1,28398,0,54538,0.520711,2,27,27,106,101553,27.48449,0.00627,2.39202,0.02052,1,0,2,1.116324,1.000000,3.437268,-0.001588,-0.001545,14.959745,4254,0.000103,0.076368,22631,9236,5134,3208,2272,1553,1266,938,8299,1,1,1,1
22.4000,2581,1,1,28431,1,54335,0.523264,3,2,9,91,103451,27.51914,0.00627,2.39202,0.02052,0,1,3,1.892824,1.409584,1.409584,-0.018736,-0.018489,14.942689,4125,0.001237,0.074137,22471,9119,5115,3249,2143,1629,1192,1004,8412,1,1,1,1
23.0000,2581,1,1,28987,1,55785,0.519629,2,6,9,69,13156,27.93513,0.00627,2.39202,0.02052,0,1,3,3.581081,2.977236,2.977236,-0.226879,-0.226385,14.734094,2576,0.015365,0.046953,23178,9571,5182,3313,2210,1673,1303,978,8376,1,1,1,1
23.9000,2581,1,1,29763,1,56952,0.522607,1,54,54,59,61121,28.55872,0.00627,2.39202,0.02052,0,1,3,1.725465,1.630243,1.630243,-0.538559,-0.538347,14.422966,254,0.037326,0.004730,23538,9669,5353,3458,2284,1688,1324,1017,8620,1,1,1,1
22.3500,2582,1,1,28639,1,54738,0.523211,7,8,29,29,44436,27.48274,0.00847,2.40143,0.01533,0,1,3,4.806539,3.922141,3.922141,-0.001297,-0.000689,14.960637,4264,0.000046,0.076513,22805,9295,5070,3209,2241,1653,1259,983,8222,1,1,1,1
22.4000,2582,1,1,28620,0,54929,0.521046,25,4,27,264,473567,27.51737,0.00847,2.40143,0.01533,1,1,2,1.370682,1.000000,2.114187,-0.018492,-0.018370,14.942785,4135,0.001229,0.074287,22978,9285,5162,3246,2177,1601,1232,968,8279,1,1,1,1
23.0000,2582,1,1,29071,1,55479,0.524010,1,2,50,50,25806,27.93347,0.00847,2.40143,0.01533,0,0,3,2.199223,1.641541,1.641541,-0.226489,-0.226183,14.734724,2585,0.015350,0.047096,23090,9376,5178,3213,2204,1706,1252,973,8486,1,1,1,1
23.9000,2582,1,1,29483,1,56591,0.520993,1,2,4,12,53012,28.55709,0.00847,2.40143,0.01533,0,1,3,2.179382,1.594431,1.594431,-0.538299,-0.537997,14.423284,262,0.037301,0.004876,23204,9680,5255,3380,2348,1727,1322,999,8675,1,1,1,1
22.3500,2583,1,1,28606,0,54752,0.522474,1,5,168,522,91115,27.49454,0.00519,2.40168,0.01727,1,1,3,1.156321,1.000000,1.021552,0.003054,0.003110,14.963707,4263,-0.000208,0.076450,22855,9380,5119,3146,2208,1652,1189,988,8214,1,1,1,1
22.4000,2583,1,1,28476,0,54593,0.521615,1,4,5,32,93537,27.52916,0.00519,2.40168,0.01727,1,1,2,1.369989,1.000000,2.224244,-0.014402,-0.014280,14.946876,4134,0.000955,0.074220,22530,9257,5141,3240,2176,1623,1227,1017,8381,1,1,1,1
23.0000,2583,1,1,28795,1,55348,0.520263,8,3,15,92,470311,27.94510,0.00519,2.40168,0.01727,0,1,3,2.549268,1.873983,1.873983,-0.222340,-0.221978,14.738029,2585,0.015062,0.047068,22918,9290,5225,3216,2254,1711,1270,968,8495,1,1,1,1
23.9000,2583,1,1,29672,0,56945,0.521073,2,92,92,92,58452,28.56875,0.00519,2.40168,0.01727,1,1,2,1.179215,1.000000,18.049931,-0.534604,-0.534540,14.426107,262,0.037054,0.004874,23675,9723,5119,3380,2239,1693,1325,1045,8745,1,1,1,1
22.3500,2584,1,1,28471,1,54478,0.522624,2,2,19,92,1811469,27.48629,0.00906,2.39906,0.01691,0,1,3,1.739058,1.331940,1.331940,0.000901,0.001115,14.962318,4267,-0.000075,0.076499,22483,9302,5065,3290,2227,1652,1190,966,8302,1,1,1,1
22.4000,2584,1,1,28408,0,54553,0.520751,1,94,182,208,110404,27.52089,0.00906,2.39906,0.01691,1,1,2,1.175836,1.000000,18.292672,-0.016910,-0.016847,14.944419,4138,0.001127,0.074275,22607,9197,5188,3196,2171,1620,1229,952,8392,1,1,1,1
23.0000,2584,1,1,28831,1,55236,0.521970,3,2,19,108,68166,27.93694,0.00906,2.39906,0.01691,0,0,3,1.246913,1.016629,1.016629,-0.224370,-0.224285,14.736453,2588,0.015220,0.047109,22800,9362,5198,3210,2268,1703,1188,1001,8505,1,1,1,1
23.9000,2584,1,1,29526,0,56807,0.519769,1,280,280,417,406053,28.56061,0.00906,2.39906,0.01691,1,1,2,1.215859,1.000000,67.407532,-0.537023,-0.536947,14.424302,262,0.037225,0.004872,23548,9690,5168,3287,2287,1723,1279,1000,8824,1,1,1,1
22.3500,2585,1,1,28459,1,54705,0.520236,131,3,131,131,19032,27.48411,0.00848,2.40708,0.01492,0,0,3,1.234531,1.227317,1.227317,-0.000358,-0.000277,14.959071,4265,0.000019,0.076450,22607,9290,5167,3250,2281,1629,1245,987,8248,1,1,1,1
22.4000,2585,1,1,28515,1,54795,0.520404,1,18,18,92,253770,27.51897,0.00848,2.40708,0.01492,0,1,3,2.841901,2.132541,2.029034,-0.017892,-0.017488,14.943410,4135,0.001170,0.074198,22779,9261,5110,3226,2265,1649,1260,908,8336,1,1,1,1
23.0000,2585,1,1,28959,1,55472,0.522057,1,37,37,292,165824,27.93486,0.00848,2.40708,0.01492,0,1,3,8.897789,8.011493,8.011493,-0.226104,-0.225258,14.735190,2584,0.015287,0.047022,23044,9362,5210,3227,2238,1661,1245,1075,8409,1,1,1,1
23.9000,2585,1,1,29716,0,56610,0.524934,1,16,163,163,75522,28.55856,0.00848,2.40708,0.01492,1,1,2,1.119390,1.000000,2.260167,-0.537704,-0.537661,14.422836,260,0.037278,0.004834,23344,9568,5289,3435,2169,1721,1277,1040,8766,1,1,1,1
22.3500,2586,1,1,28443,1,54366,0.523186,1,11,12,69,459083,27.48986,0.00572,2.40474,0.01492,0,0,3,3.814175,3.311578,3.311578,0.000766,0.001284,14.961870,4266,-0.000086,0.076424,22515,9149,5093,3229,2156,1664,1183,1017,8359,1,1,1,1
22.4000,2586,1,1,28446,0,54581,0.521180,1,42,42,42,71089,27.52444,0.00572,2.40474,0.01492,1,1,2,1.159068,1.000000,7.457035,-0.016681,-0.016623,14.944650,4137,0.001112,0.074199,22529,9317,5067,3254,2260,1677,1180,995,8301,1,1,1,1
23.0000,2586,1,1,28958,0,55510,0.521681,13,8,13,36,6268427,27.94044,0.00572,2.40474,0.01492,1,1,2,1.376122,1.000000,3.909645,-0.224553,-0.224429,14.736721,2585,0.015229,0.047017,23108,9448,5017,3281,2282,1644,1274,990,8465,1,1,1,1
23.9000,2586,1,1,29845,1,56890,0.524618,3,4,107,107,1298810,28.56416,0.00572,2.40474,0.01492,0,1,3,2.080772,1.806717,1.806717,-0.536265,-0.535982,14.425325,258,0.037156,0.004794,23490,9696,5280,3402,2282,1715,1314,1024,8686,1,1,1,1
22.3500,2587,1,1,28321,1,54269,0.521873,2,1,18,212,216777,27.48034,0.01052,2.39970,0.01491,0,1,3,1.410655,1.001736,1.001736,-0.001275,-0.001142,14.959961,4270,0.000076,0.076476,22307,9223,5077,3139,2290,1625,1243,1010,8354,1,1,1,1
22.4000,2587,1,1,28742,0,54902,0.523524,3,1699,1699,1699,91367,27.51490,0.01052,2.39970,0.01491,1,1,2,1.398701,1.000000,812.985053,-0.019853,-0.019724,14.941282,4141,0.001320,0.074259,22878,9306,4963,3187,2243,1708,1258,1038,8320,1,1,1,1
23.0000,2587,1,1,29018,0,55823,0.519831,1,3,110,320,47007,27.93100,0.01052,2.39970,0.01491,1,1,2,1.297988,1.000000,1.589170,-0.226696,-0.226595,14.734255,2588,0.015379,0.047061,23280,9499,5102,3220,2324,1720,1215,972,8490,1,1,1,1
23.9000,2587,1,1,29805,1,57084,0.522134,4,4,4,141,439391,28.55476,0.01052,2.39970,0.01491,0,1,3,2.862446,2.255292,2.255292,-0.538641,-0.538234,14.423009,260,0.037318,0.004830,23789,9597,5279,3373,2338,1700,1291,958,8758,1,1,1,1
22.3500,2588,1,1,28174,0,54251,0.519336,1,10,32,57,104765,27.48689,0.00545,2.40504,0.01614,1,1,2,1.206786,1.000000,2.555575,-0.000614,-0.000542,14.960162,4272,0.000036,0.076481,22233,9272,5042,3280,2270,1625,1237,1016,8275,1,1,1,1
22.4000,2588,1,1,28645,1,54842,0.522328,11,2,11,85,1985856,27.52171,0.00545,2.40504,0.01614,0,1,3,1.926649,1.407199,1.407199,-0.017911,-0.017658,14.943500,4142,0.001182,0.074237,23015,9279,4993,3187,2212,1563,1189,956,8447,1,1,1,1
23.0000,2588,1,1,28997,1,55431,0.523128,40,11,40,47,231035,27.93765,0.00545,2.40504,0.01614,0,0,3,1.503420,1.479325,1.479325,-0.225891,-0.225734,14.734009,2589,0.015321,0.047062,22984,9241,5208,3230,2312,1679,1257,974,8545,1,1,1,1
23.9000,2588,1,1,29915,1,57318,0.521922,1,1,2,116,267108,28.56143,0.00545,2.40504,0.01614,0,1,3,1.559916,1.196370,1.196370,-0.537726,-0.537554,14.423650,261,0.037269,0.004846,23842,9771,5454,3358,2275,1617,1289,1062,8649,1,1,1,1
22.3500,2589,1,1,28250,0,54487,0.518482,33,4,62,204,34503,27.48194,0.00428,2.39552,0.01780,1,0,2,1.284482,1.000000,1.392635,-0.003724,-0.003628,14.957588,4269,0.000243,0.076411,22585,9189,5067,3172,2254,1577,1219,978,8445,1,1,1,1
22.4000,2589,1,1,28752,0,55055,0.522251,2,28,28,109,52780,27.51648,0.00428,2.39552,0.01780,1,1,2,1.288479,1.000000,9.419393,-0.021373,-0.021275,14.939938,4140,0.001424,0.074190,22889,9358,5175,3236,2218,1606,1299,953,8320,1,1,1,1
23.0000,2589,1,1,28889,1,55386,0.521603,1,9,10,69,79765,27.93253,0.00428,2.39552,0.01780,0,0,3,2.903786,2.200266,2.200266,-0.229112,-0.228701,14.732181,2591,0.015524,0.047086,22913,9444,5127,3317,2220,1634,1270,991,8469,1,1,1,1
23.9000,2589,1,1,29924,0,57284,0.522389,1,7,12,231,67654,28.55633,0.00428,2.39552,0.01780,1,0,3,1.129452,1.000000,1.202923,-0.540885,-0.540838,14.420448,259,0.037505,0.004809,23857,9907,5228,3371,2245,1705,1268,1021,8681,1,1,1,1
22.3500,2590,1,1,28562,0,54611,0.523018,1,2,5,96,34261,27.47775,0.00545,2.39642,0.01609,1,1,2,1.360123,1.000000,1.433260,-0.005157,-0.005038,14.955902,4273,0.000337,0.076462,22599,9253,5039,3264,2225,1634,1229,980,8387,1,1,1,1
22.4000,2590,1,1,28473,1,54431,0.523112,1,3,13,355,813295,27.51254,0.00545,2.39642,0.01609,0,1,3,2.757674,2.042451,2.042451,-0.022621,-0.022229,14.938588,4143,0.001488,0.074222,22476,9266,5100,3138,2236,1591,1267,1021,8335,1,1,1,1
23.0000,2590,1,1,28976,0,55594,0.521217,1,24,24,32,387788,27.92843,0.00545,2.39642,0.01609,1,1,2,1.366696,1.000000,11.057295,-0.230892,-0.230772,14.730389,2589,0.015666,0.047037,23026,9497,5142,3231,2315,1620,1240,1006,8516,1,1,1,1
23.9000,2590,1,1,29792,0,57086,0.521888,1,4,45,80,686017,28.55226,0.00545,2.39642,0.01609,1,0,2,1.337157,1.000000,2.119049,-0.542490,-0.542378,14.418806,258,0.037616,0.004789,23718,9627,5228,3435,2318,1725,1341,1016,8677,1,1,1,1
22.3500,2591,1,1,28389,1,54628,0.519688,2,312,312,312,117398,27.47796,0.00545,2.40709,0.01860,0,1,3,50.233302,49.231540,49.231540,-0.005644,-0.004132,14.955373,4276,0.000276,0.076489,22829,9148,4999,3171,2249,1590,1209,968,8464,1,1,1,1
22.4000,2591,1,1,28593,1,54781,0.521961,1,28,28,168,50565,27.51274,0.00545,2.40709,0.01860,0,0,3,6.010769,5.211172,5.211172,-0.022599,-0.021907,14.938686,4147,0.001466,0.074264,22779,9272,5071,3189,2262,1625,1266,962,8354,1,1,1,1
23.0000,2591,1,1,28971,1,55814,0.519073,10,111,111,111,136247,27.92873,0.00545,2.40709,0.01860,0,1,3,34.096181,32.413572,32.413572,-0.230949,-0.229587,14.729468,2589,0.015587,0.047022,23281,9466,5208,3295,2206,1613,1254,1017,8473,1,1,1,1
23.9000,2591,1,1,29705,1,56843,0.522589,1,71,119,119,105060,28.55233,0.00545,2.40709,0.01860,0,1,3,2.044612,1.553128,1.492385,-0.542144,-0.541868,14.419010,258,0.037580,0.004787,23456,9738,5311,3310,2295,1799,1186,978,8769,1,1,1,1
22.3500,2592,1,1,28761,1,55022,0.522728,1,89,89,89,208326,27.48547,0.00571,2.40738,0.01381,0,1,3,21.177999,20.061150,20.061150,-0.001755,-0.000577,14.959467,4280,0.000039,0.076510,22953,9319,5193,3242,2201,1616,1167,1016,8314,1,1,1,1
22.4000,2592,1,1,28525,1,54650,0.521967,2,12,154,154,62011,27.51997,0.00571,2.40738,0.01381,0,1,3,2.112217,1.496536,1.213683,-0.018461,-0.018173,14.942921,4151,0.001216,0.074286,22551,9257,5062,3241,2324,1648,1233,971,8362,1,1,1,1
23.0000,2592,1,1,29111,1,55662,0.523005,1,13,32,121,484514,27.93607,0.00571,2.40738,0.01381,0,1,3,9.552637,7.162508,7.162508,-0.226856,-0.225985,14.735336,2595,0.015336,0.047094,23155,9428,5242,3278,2225,1634,1240,981,8478,1,1,1,1
23.9000,2592,1,1,29800,0,57373,0.519417,3,23,40,71,461886,28.55969,0.00571,2.40738,0.01381,1,1,2,1.077126,1.000000,1.950880,-0.538410,-0.538381,14.421955,263,0.037331,0.004877,23940,9699,5356,3359,2362,1708,1301,1024,8623,1,1,1,1
22.3500,2593,1,1,28633,1,54897,0.521586,1,2,71,71,148263,27.47557,0.00917,2.40500,0.01553,0,1,3,1.763032,1.254584,1.254584,-0.004339,-0.004120,14.956991,4278,0.000275,0.076457,22810,9322,5091,3282,2204,1583,1238,997,8369,1,1,1,1
22.4000,2593,1,1,28750,0,54969,0.523032,158,114,158,310,57844,27.51032,0.00917,2.40500,0.01553,1,1,2,1.402267,1.000000,55.170383,-0.022455,-0.022325,14.938691,4149,0.001494,0.074243,22687,9498,5181,3214,2205,1577,1198,1074,8334,1,1,1,1
23.0000,2593,1,1,29110,0,55704,0.522593,2,7,14,43,38958,27.92626,0.00917,2.40500,0.01553,1,1,2,1.363541,1.000000,3.385950,-0.229886,-0.229766,14.731180,2598,0.015597,0.047144,23169,9412,5205,3252,2242,1655,1299,1049,8420,1,1,1,1
23.9000,2593,1,1,29909,1,57216,0.522748,8,18,64,166,71824,28.54991,0.00917,2.40500,0.01553,0,0,3,1.196844,1.083265,1.083265,-0.541491,-0.541421,14.419030,259,0.037549,0.004802,23869,9642,5293,3353,2363,1680,1328,989,8698,1,1,1,1
22.3500,2594,1,1,28520,0,54533,0.522996,1,5,5,191,469800,27.47464,0.00696,2.40035,0.02138,1,1,2,1.414052,1.000000,3.341429,-0.006008,-0.005874,14.955190,4281,0.000393,0.076491,22485,9184,5236,3224,2290,1585,1262,943,8323,1,1,1,1
22.4000,2594,1,1,28643,1,55005,0.520744,18,2,18,224,37542,27.50938,0.00696,2.40035,0.02138,0,1,3,1.371687,1.263773,1.263773,-0.023179,-0.023058,14.936988,4151,0.001544,0.074258,22971,9239,5195,3255,2169,1600,1239,973,8363,1,1,1,1
23.0000,2594,1,1,29084,0,55699,0.522173,1,1,3,93,110751,27.92543,0.00696,2.40035,0.02138,1,0,3,1.411379,1.000000,1.176761,-0.231191,-0.231058,14.730036,2593,0.015686,0.047039,23123,9422,5145,3323,2268,1643,1278,1016,8480,1,1,1,1
23.9000,2594,1,1,29586,0,56944,0.519572,4,2,12,827,63506,28.54910,0.00696,2.40035,0.02138,1,0,3,1.341497,1.000000,1.222840,-0.543037,-0.542923,14.418258,260,0.037655,0.004819,23656,9663,5242,3429,2339,1643,1262,998,8711,1,1,1,1
22.3500,2595,1,1,28500,0,54676,0.521262,1,1,28,106,35748,27.48466,0.00427,2.40236,0.01705,1,0,3,1.413782,1.000000,1.469947,-0.002353,-0.002219,14.958842,4281,0.000148,0.076443,22614,9166,5141,3283,2207,1643,1279,976,8366,1,1,1,1
22.4000,2595,1,1,28535,1,54974,0.519073,1,9,11,86,31895,27.51938,0.00427,2.40236,0.01705,0,1,3,2.503093,1.905302,1.905302,-0.019771,-0.019417,14.941782,4151,0.001300,0.074206,22807,9418,5075,3319,2251,1544,1269,959,8331,1,1,1,1
23.0000,2595,1,1,29276,0,56039,0.522431,1,5,11,40,47107,27.93527,0.00427,2.40236,0.01705,1,0,2,1.186449,1.000000,1.304456,-0.227636,-0.227570,14.733693,2594,0.015446,0.047027,23519,9418,5168,3298,2250,1651,1307,978,8449,1,1,1,1
23.9000,2595,1,1,29541,1,56964,0.518600,1,3,32,225,29253,28.55897,0.00427,2.40236,0.01705,0,1,3,3.110942,2.240473,2.240473,-0.539599,-0.539162,14.422131,262,0.037384,0.004852,23549,9634,5241,3403,2337,1685,1324,1059,8731,1,1,1,1
22.3500,2596,1,1,28459,1,54842,0.518937,1,1,34,34,122872,27.47453,0.00956,2.39842,0.01716,0,1,3,1.665565,1.214342,1.214342,-0.004650,-0.004453,14.956704,4283,0.000298,0.076460,22712,9443,5064,3213,2113,1645,1307,993,8351,1,1,1,1
22.4000,2596,1,1,28652,0,54953,0.521400,2,2,19,54,185267,27.50924,0.00956,2.39842,0.01716,1,1,3,1.342515,1.000000,1.281071,-0.022015,-0.021901,14.939014,4153,0.001466,0.074227,22873,9386,5030,3231,2283,1630,1233,918,8368,1,1,1,1
23.0000,2596,1,1,29061,1,55753,0.521255,1,41,41,59,136677,27.92524,0.00956,2.39842,0.01716,0,1,3,24.120633,19.665526,19.665526,-0.230539,-0.229313,14.730687,2596,0.015567,0.047055,23042,9455,5266,3288,2250,1645,1248,1034,8524,1,1,1,1
23.9000,2596,1,1,29873,1,57417,0.520291,1,1,61,61,30011,28.54896,0.00956,2.39842,0.01716,0,0,3,1.832785,1.299692,1.299692,-0.541876,-0.541642,14.419398,260,0.037563,0.004814,23932,9729,5333,3365,2350,1703,1345,1047,8612,1,1,1,1
22.3500,2597,1,1,28639,1,55032,0.520416,4,3,7,33,37253,27.47819,0.00931,2.39345,0.01648,0,1,3,2.254081,1.796708,1.796708,-0.002934,-0.002621,14.957781,4281,0.000175,0.076389,22826,9450,5220,3148,2237,1667,1216,949,8318,1,1,1,1
22.4000,2597,1,1,28666,0,55010,0.521115,6,15,15,449,280241,27.51288,0.00931,2.39345,0.01648,1,1,2,1.413604,1.000000,7.911988,-0.020568,-0.020434,14.940648,4153,0.001368,0.074190,22876,9299,5115,3266,2267,1664,1231,959,8332,1,1,1,1
23.0000,2597,1,1,29369,1,56197,0.522617,5,10,18,27,514209,27.92899,0.00931,2.39345,0.01648,0,1,3,6.010691,5.030644,5.030644,-0.228531,-0.227841,14.732062,2593,0.015466,0.046978,23473,9510,5251,3412,2243,1621,1208,977,8501,1,1,1,1
23.9000,2597,1,1,29759,1,57100,0.521183,2,13,13,108,81085,28.55274,0.00931,2.39345,0.01648,0,1,3,9.388863,6.999979,6.999979,-0.540471,-0.539608,14.421708,255,0.037416,0.004719,23609,9535,5475,3378,2332,1656,1322,1034,8758,1,1,1,1
22.3500,2598,1,1,28628,0,54972,0.520784,9,5,228,228,140440,27.48323,0.00570,2.38961,0.01802,1,1,2,1.333857,1.000000,2.188584,-0.002422,-0.002311,14.958593,4286,0.000154,0.076445,22922,9157,5118,3209,2272,1676,1277,1001,8339,1,1,1,1
22.4000,2598,1,1,28719,1,55108,0.521150,1,35,35,69,29133,27.51792,0.00570,2.38961,0.01802,0,1,3,10.742789,9.917349,9.917349,-0.020057,-0.019143,14.942173,4157,0.001281,0.074225,22853,9396,5237,3177,2252,1667,1222,987,8316,1,1,1,1
23.0000,2598,1,1,29071,1,55829,0.520724,2,2,7,34,63078,27.93386,0.00570,2.38961,0.01802,0,1,3,1.749230,1.283630,1.283630,-0.227635,-0.227420,14.733891,2597,0.015435,0.047026,23132,9415,5254,3232,2232,1705,1326,1020,8512,1,1,1,1
23.9000,2598,1,1,29840,0,57272,0.521032,4,5,7,12,46104,28.55764,0.00570,2.38961,0.01802,1,1,2,1.412044,1.000000,2.810472,-0.539675,-0.539542,14.421507,262,0.037412,0.004847,23855,9530,5403,3344,2308,1821,1251,988,8771,1,1,1,1
22.3500,2599,1,1,28738,0,55220,0.520437,2,21,21,123,89165,27.47211,0.00951,2.38152,0.02062,1,0,2,1.145172,1.000000,3.414891,-0.006074,-0.006022,14.955259,4286,0.000403,0.076432,23033,9351,5125,3254,2130,1664,1342,1000,8320,1,1,1,1
22.4000,2599,1,1,28664,0,54876,0.522351,2,23,23,45,35670,27.50678,0.00951,2.38152,0.02062,1,1,2,1.061218,1.000000,1.524050,-0.023251,-0.023228,14.937025,4156,0.001555,0.074205,22809,9140,5186,3245,2266,1566,1264,997,8402,1,1,1,1
23.0000,2599,1,1,29200,0,55996,0.521475,1,1,563,563,97457,27.92282,0.00951,2.38152,0.02062,1,0,3,1.399500,1.000000,1.335407,-0.231251,-0.231122,14.730002,2600,0.015691,0.047075,23256,9524,5226,3310,2261,1667,1252,1053,8446,1,1,1,1
23.9000,2599,1,1,29792,0,57290,0.520030,4,34,35,35,315613,28.54663,0.00951,2.38152,0.02062,1,0,2,1.032372,1.000000,1.144779,-0.543124,-0.543112,14.418214,260,0.037668,0.004809,23798,9625,5291,3460,2312,1838,1278,1018,8669,1,1,1,1
22.3500,2600,1,1,28850,0,55347,0.521266,22,16,22,586,116154,27.47487,0.00617,2.38842,0.01675,1,0,2,1.120564,1.000000,2.159257,-0.006445,-0.006401,14.954890,4290,0.000428,0.076476,23209,9312,5131,3306,2252,1649,1217,985,8285,1,1,1,1
22.4000,2600,1,1,28760,0,55109,0.521884,1,2,38,291,640001,27.50953,0.00617,2.38842,0.01675,1,0,2,1.357892,1.000000,1.409572,-0.023692,-0.023574,14.937596,4159,0.001578,0.074227,22922,9242,5191,3222,2329,1611,1237,998,8356,1,1,1,1
23.0000,2600,1,1,29000,0,55637,0.521245,4,238,238,442,4449550,27.92542,0.00617,2.38842,0.01675,1,0,2,1.038937,1.000000,9.466140,-0.232003,-0.231988,14.729335,2599,0.015750,0.047041,22970,9452,5114,3299,2232,1702,1265,1064,8538,1,1,1,1
23.9000,2600,1,1,29844,0,57170,0.522031,1,3,22,22,104609,28.54925,0.00617,2.38842,0.01675,1,1,3,1.219022,1.000000,1.082484,-0.543500,-0.543424,14.417307,259,0.037692,0.004789,23518,9778,5320,3379,2309,1695,1324,1013,8833,1,1,1,1
22.3500,2601,1,1,28614,0,54951,0.520728,1,2439,2439,2439,47753,27.47892,0.00480,2.38533,0.01679,1,1,2,1.000781,1.000000,1.910588,-0.004993,-0.004993,14.953594,4289,0.000334,0.076436,22867,9223,5140,3206,2285,1679,1216,1034,8300,1,1,1,1
22.4000,2601,1,1,28663,1,54930,0.521819,1,3,188,188,216764,27.51356,0.00480,2.38533,0.01679,0,0,3,1.867269,1.404138,1.404138,-0.022255,-0.022015,14.938884,4157,0.001474,0.074156,22688,9331,5144,3265,2283,1674,1171,984,8389,1,1,1,1
23.0000,2601,1,1,29135,1,56022,0.520073,2,10,31,31,71435,27.92955,0.00480,2.38533,0.01679,0,1,3,4.097814,3.414040,3.414040,-0.230424,-0.229881,14.731377,2596,0.015605,0.046962,23203,9490,5358,3310,2286,1624,1252,1018,8480,1,1,1,1
23.9000,2601,1,1,29873,1,57314,0.521226,1,2,12,61,2523410,28.55315,0.00480,2.38533,0.01679,0,0,3,1.732225,1.241077,1.241077,-0.542025,-0.541814,14.419189,256,0.037576,0.004731,23801,9744,5359,3383,2323,1702,1333,1053,8615,1,1,1,1
22.3500,2602,1,1,28584,0,54704,0.522531,2,122,596,596,105019,27.48089,0.00480,2.38281,0.01753,1,0,2,1.008191,1.000000,1.069708,-0.003792,-0.003789,14.957547,4289,0.000253,0.076386,22631,9164,5009,3220,2229,1698,1252,1026,8474,1,1,1,1
22.4000,2602,1,1,28820,0,55229,0.521837,1,13,16,103,202879,27.51552,0.00480,2.38281,0.01753,1,1,2,1.173977,1.000000,2.690824,-0.021294,-0.021232,14.939412,4159,0.001421,0.074161,22884,9353,5223,3342,2269,1591,1239,983,8344,1,1,1,1
23.0000,2602,1,1,29114,0,55816,0.521616,3,3,12,34,204054,27.93162,0.00480,2.38281,0.01753,1,0,3,1.265623,1.000000,1.211727,-0.229191,-0.229101,14.732127,2597,0.015551,0.046960,23119,9539,5142,3208,2262,1658,1329,1010,8548,1,1,1,1
23.9000,2602,1,1,29840,0,57237,0.521350,1,2,78,78,715719,28.55524,0.00480,2.38281,0.01753,1,1,2,1.411099,1.000000,1.878204,-0.541083,-0.540950,14.420095,256,0.037514,0.004729,23746,9660,5401,3328,2297,1729,1307,1049,8719,1,1,1,1
22.3500,2603,1,1,28760,0,55264,0.520421,1,5,10,242,8157881,27.47572,0.00708,2.37775,0.01598,1,0,2,1.336143,1.000000,2.691643,-0.005594,-0.005483,14.955704,4298,0.000367,0.076526,22925,9559,5153,3223,2256,1648,1201,981,8317,1,1,1,1
22.4000,2603,1,1,28553,1,55119,0.518034,1,1,22,61,19222,27.51033,0.00708,2.37775,0.01598,0,0,3,1.630125,1.161120,1.161120,-0.022743,-0.022555,14.938468,4168,0.001510,0.074297,22949,9294,5087,3354,2234,1603,1198,995,8404,1,1,1,1
23.0000,2603,1,1,29155,1,55933,0.521258,59,28,218,218,29483,27.92628,0.00708,2.37775,0.01598,0,1,3,7.701449,7.395222,7.395222,-0.231070,-0.230286,14.728685,2607,0.015635,0.047133,23184,9477,5263,3289,2232,1657,1173,1051,8606,1,1,1,1
23.9000,2603,1,1,29731,1,57316,0.518730,1,5,63,341,472270,28.54992,0.00708,2.37775,0.01598,0,0,3,1.410908,1.003536,1.003536,-0.542482,-0.542350,14.418678,264,0.037614,0.004876,23798,9760,5264,3425,2297,1722,1323,972,8754,1,1,1,1
22.3500,2604,1,1,28556,0,54922,0.519947,2,17,31,129,1235205,27.47662,0.00814,2.38899,0.01673,1,1,2,1.381093,1.000000,7.978405,-0.004729,-0.004605,14.956372,4301,0.000308,0.076547,22817,9199,5158,3135,2241,1665,1273,993,8440,1,1,1,1
22.4000,2604,1,1,28756,0,54944,0.523379,4,8,27,1144,138909,27.51123,0.00814,2.38899,0.01673,1,1,2,1.198802,1.000000,2.067518,-0.021766,-0.021697,14.938998,4170,0.001452,0.074302,22835,9310,5094,3172,2274,1610,1224,924,8500,1,1,1,1
23.0000,2604,1,1,29112,0,55782,0.521898,1,16,56,56,120729,27.92727,0.00814,2.38899,0.01673,1,1,2,1.080531,1.000000,1.542018,-0.229732,-0.229702,14.730656,2608,0.015593,0.047127,23083,9470,5156,3379,2157,1661,1265,1010,8600,1,1,1,1
23.9000,2604,1,1,30046,0,57446,0.523039,1,19,25,49,1148455,28.55095,0.00814,2.38899,0.01673,1,1,2,1.317860,1.000000,7.345283,-0.541875,-0.541769,14.419429,264,0.037572,0.004873,23848,9781,5331,3329,2385,1694,1251,1057,8769,1,1,1,1
22.3500,2605,1,1,28647,1,55181,0.519155,1,6,6,21,1023869,27.48494,0.00542,2.39881,0.01507,0,1,3,4.752184,3.646284,3.646284,-0.001686,-0.001087,14.960195,4298,0.000073,0.076445,22866,9444,5151,3285,2242,1698,1209,1015,8270,1,1,1,1
22.4000,2605,1,1,28675,1,54850,0.522799,2,12,43,124,265720,27.51980,0.00542,2.39881,0.01507,0,1,3,2.579347,1.886451,1.761532,-0.018972,-0.018608,14.942554,4169,0.001245,0.074238,22632,9269,5163,3209,2265,1638,1307,1003,8363,1,1,1,1
23.0000,2605,1,1,29033,1,55833,0.520006,2,3,10,187,199607,27.93569,0.00542,2.39881,0.01507,0,1,3,1.652052,1.367408,1.367408,-0.226867,-0.226675,14.734580,2604,0.015384,0.047024,23074,9440,5253,3378,2211,1621,1286,999,8570,1,1,1,1
23.9000,2605,1,1,29693,1,57054,0.520446,2,7,60,66,214177,28.55939,0.00542,2.39881,0.01507,0,1,3,5.409309,3.908457,3.908457,-0.538921,-0.538273,14.423041,261,0.037320,0.004815,23404,9823,5304,3358,2326,1773,1296,1038,8731,1,1,1,1
22.3500,2606,1,1,28897,1,55253,0.523004,3,75,86,541,85350,27.48030,0.00515,2.40279,0.01555,0,1,3,9.424767,9.075683,9.075683,-0.004489,-0.003628,14.956417,4301,0.000243,0.076488,23128,9427,5092,3187,2216,1672,1288,943,8299,1,1,1,1
22.4000,2606,1,1,28991,1,55205,0.525161,2,55,55,141,126223,27.51488,0.00515,2.40279,0.01555,0,1,3,14.593265,13.792088,13.792088,-0.021858,-0.020830,14.939176,4172,0.001394,0.074279,22872,9322,5233,3375,2192,1763,1254,947,8246,1,1,1,1
23.0000,2606,1,1,29088,0,56036,0.519104,2,3,11,851,11139618,27.93087,0.00515,2.40279,0.01555,1,1,3,1.210999,1.000000,1.046681,-0.229340,-0.229267,14.731451,2607,0.015563,0.047070,23462,9493,5134,3257,2230,1587,1256,958,8658,1,1,1,1
23.9000,2606,1,1,30011,1,57529,0.521676,8,13,20,20,165406,28.55460,0.00515,2.40279,0.01555,0,1,3,7.659498,6.247736,6.247736,-0.541567,-0.540785,14.420545,262,0.037501,0.004832,23850,9777,5369,3379,2409,1701,1354,997,8692,1,1,1,1
22.3500,2607,1,1,28693,1,54897,0.522679,1,5,6,101,56920,27.48249,0.00515,2.38692,0.01607,0,0,3,2.598192,2.024407,2.024407,-0.003016,-0.002650,14.958185,4301,0.000177,0.076450,22743,9167,5141,3292,2220,1629,1324,992,8388,1,1,1,1
22.4000,2607,1,1,28863,1,55360,0.521379,2,23,23,153,23569,27.51705,0.00515,2.38692,0.01607,0,1,3,12.192179,10.407315,10.407315,-0.020612,-0.019653,14.941682,4172,0.001315,0.074239,23034,9594,5049,3166,2146,1707,1255,951,8457,1,1,1,1
23.0000,2607,1,1,29102,0,55696,0.522524,2,6,16,25,73886,27.93315,0.00515,2.38692,0.01607,1,1,2,1.410771,1.000000,3.240917,-0.228438,-0.228306,14.732739,2606,0.015497,0.047030,22858,9481,5148,3331,2358,1697,1275,1056,8491,1,1,1,1
23.9000,2607,1,1,29957,1,57535,0.520683,1,9,17,44,64860,28.55690,0.00515,2.38692,0.01607,0,1,3,6.607593,4.832726,4.832726,-0.540391,-0.539667,14.421670,260,0.037421,0.004793,24002,9628,5277,3439,2356,1670,1308,1106,8748,1,1,1,1
22.3500,2608,1,1,28749,1,55206,0.520768,1,1,9,150,238493,27.49367,0.00616,2.39261,0.01399,0,0,3,1.481848,1.052689,1.052689,0.003300,0.003451,14.964486,4307,-0.000231,0.076495,22990,9409,4961,3320,2262,1622,1258,954,8429,1,1,1,1
22.4000,2608,1,1,28894,0,55402,0.521543,1,44,44,44,210651,27.52849,0.00616,2.39261,0.01399,1,1,2,1.260842,1.000000,13.518970,-0.014597,-0.014508,14.946293,4176,0.000971,0.074258,22998,9403,5179,3290,2236,1707,1261,1016,8311,1,1,1,1
23.0000,2608,1,1,29432,0,56231,0.523422,2,11,115,115,64875,27.94443,0.00616,2.39261,0.01399,1,0,2,1.213916,1.000000,2.798617,-0.222266,-0.222191,14.739062,2615,0.015075,0.047154,23318,9601,5233,3430,2321,1684,1256,970,8417,1,1,1,1
23.9000,2608,1,1,29777,1,57556,0.517366,6,7,8,77,39041,28.56821,0.00616,2.39261,0.01399,0,1,3,2.349813,2.194074,2.194074,-0.534105,-0.533777,14.426483,264,0.037000,0.004864,23885,9694,5356,3373,2334,1790,1354,1034,8735,1,1,1,1
22.3500,2609,1,1,28982,0,55352,0.523604,1,8,8,83,32615,27.49484,0.00642,2.40202,0.01553,1,0,3,1.099319,1.000000,1.039530,0.003864,0.003900,14.965201,4304,-0.000261,0.076408,23256,9280,5176,3224,2215,1676,1264,898,8362,1,1,1,1
22.4000,2609,1,1,28734,0,55176,0.520779,2,2,4,25,86695,27.52938,0.00642,2.40202,0.01553,1,0,3,1.288770,1.000000,1.003908,-0.013416,-0.013319,14.947898,4174,0.000891,0.074186,22791,9400,5204,3238,2254,1589,1269,953,8477,1,1,1,1
23.0000,2609,1,1,29095,1,55928,0.520232,1,16,71,142,168804,27.94542,0.00642,2.40202,0.01553,0,1,3,10.986687,8.441511,8.441511,-0.221848,-0.220930,14.739237,2608,0.014989,0.047009,23138,9475,5166,3303,2198,1707,1328,984,8628,1,1,1,1
23.9000,2609,1,1,30023,1,57586,0.521368,16,2,16,52,60682,28.56923,0.00642,2.40202,0.01553,0,1,3,1.812092,1.304021,1.304021,-0.533393,-0.533165,14.427975,260,0.036954,0.004788,23780,9905,5406,3375,2335,1781,1298,1026,8679,1,1,1,1
22.3500,2610,1,1,28786,0,55271,0.520825,1,2221,2221,2449,609943,27.48748,0.00642,2.38509,0.01819,1,1,2,1.007536,1.000000,16.812591,-0.000274,-0.000271,14.961065,4306,0.000018,0.076436,22878,9414,5069,3324,2326,1615,1294,1035,8315,1,1,1,1
22.4000,2610,1,1,28709,1,55260,0.519535,4,23,23,23,22625,27.52227,0.00642,2.38509,0.01819,0,1,3,1.731913,1.246270,1.113898,-0.017139,-0.016929,14.944211,4177,0.001133,0.074229,23044,9434,4975,3234,2176,1662,1210,1001,8523,1,1,1,1
23.0000,2610,1,1,29310,0,56073,0.522721,1,50,50,50,16863,27.93816,0.00642,2.38509,0.01819,1,1,2,1.414207,1.000000,25.944243,-0.225696,-0.225564,14.735511,2611,0.015307,0.047057,23142,9641,5191,3234,2312,1656,1324,1052,8520,1,1,1,1
23.9000,2610,1,1,30125,1,57532,0.523631,3,17,38,86,184026,28.56199,0.00642,2.38509,0.01819,0,1,3,10.931735,8.743147,8.743147,-0.537404,-0.536488,14.423424,262,0.037196,0.004824,23942,9744,5294,3392,2410,1691,1327,1028,8703,1,1,1,1
22.3500,2611,1,1,28821,1,55295,0.521232,3,2,30,30,126354,27.49360,0.00398,2.39324,0.01721,0,1,3,1.719819,1.344743,1.344743,0.002151,0.002359,14.962972,4308,-0.000158,0.076432,23105,9281,5123,3221,2218,1674,1282,989,8401,1,1,1,1
22.4000,2611,1,1,28894,0,55341,0.522118,1,2,330,646,257656,27.52838,0.00398,2.39324,0.01721,1,1,2,1.414197,1.000000,1.910671,-0.015309,-0.015176,14.945895,4177,0.001015,0.074193,23015,9445,5088,3196,2309,1661,1248,1014,8364,1,1,1,1
23.0000,2611,1,1,29257,1,56324,0.519450,1,64,64,148,467197,27.94437,0.00398,2.39324,0.01721,0,1,3,17.031925,16.110434,16.110434,-0.223715,-0.222629,14.737362,2610,0.015106,0.047015,23309,9607,5288,3302,2259,1729,1304,974,8551,1,1,1,1
23.9000,2611,1,1,29985,1,57830,0.518511,13,20,20,26,1122122,28.56797,0.00398,2.39324,0.01721,0,1,3,6.854744,6.440637,6.440637,-0.535336,-0.534599,14.424983,261,0.037061,0.004803,24127,9803,5227,3458,2382,1738,1368,1013,8713,1,1,1,1
22.3500,2612,1,1,28684,0,55049,0.521073,1,19,19,96,2495130,27.50108,0.00714,2.40513,0.01693,1,1,2,1.272971,1.000000,6.215457,0.006998,0.007090,14.968316,4310,-0.000474,0.076411,22806,9379,5033,3196,2159,1623,1300,1046,8506,1,1,1,1
22.4000,2612,1,1,29157,1,55738,0.523117,6,3,96,96,25512,27.53557,0.00714,2.40513,0.01693,0,1,3,1.532067,1.388244,1.388244,-0.009951,-0.009788,14.950656,4180,0.000655,0.074194,23274,9490,5200,3316,2271,1621,1288,1015,8262,1,1,1,1
23.0000,2612,1,1,29223,1,55898,0.522801,1,3,320,320,124077,27.95167,0.00714,2.40513,0.01693,0,1,3,2.416557,1.863213,1.863213,-0.218069,-0.217731,14.743481,2611,0.014768,0.046996,23100,9350,5133,3348,2311,1761,1268,1012,8614,1,1,1,1
23.9000,2612,1,1,29735,1,57427,0.517797,1,1,88,88,94009,28.57529,0.00714,2.40513,0.01693,0,0,3,1.908133,1.383583,1.383583,-0.529821,-0.529574,14.431402,261,0.036696,0.004799,23759,9788,5346,3386,2329,1694,1238,1057,8829,1,1,1,1
22.3500,2613,1,1,29121,1,55729,0.522556,1,10,10,53,723297,27.49639,0.00634,2.40346,0.01772,0,1,3,6.130864,5.025677,5.025677,0.004389,0.005083,14.965530,4307,-0.000340,0.076343,23165,9627,5175,3438,2196,1638,1285,961,8243,1,1,1,1
22.4000,2613,1,1,28930,0,55531,0.520980,5,3,5,203,50772,27.53114,0.00634,2.40346,0.01772,1,1,3,1.264617,1.000000,1.047431,-0.012687,-0.012597,14.948212,4177,0.000843,0.074124,23108,9383,5222,3264,2306,1675,1228,979,8365,1,1,1,1
23.0000,2613,1,1,29388,0,56325,0.521767,1,3,376,376,1447123,27.94708,0.00634,2.40346,0.01772,1,1,3,1.236709,1.000000,1.031724,-0.220647,-0.220566,14.740199,2608,0.014964,0.046934,23457,9550,5359,3306,2215,1608,1274,1056,8499,1,1,1,1
23.9000,2613,1,1,29990,0,57506,0.521520,8,5,15,121,651093,28.57072,0.00634,2.40346,0.01772,1,1,2,1.296450,1.000000,1.937733,-0.532595,-0.532496,14.428717,257,0.036905,0.004725,23801,9801,5417,3344,2371,1737,1243,1049,8742,1,1,1,1
22.3500,2614,1,1,28803,1,55175,0.522039,3,1,5,92,134363,27.50773,0.00555,2.41063,0.01726,0,1,3,1.436700,1.050497,1.050497,0.010062,0.010200,14.971364,4315,-0.000681,0.076426,22902,9382,5110,3275,2160,1586,1250,1024,8485,1,1,1,1
22.4000,2614,1,1,28915,1,55449,0.521480,1,198,198,198,30587,27.54247,0.00555,2.41063,0.01726,0,1,3,18.175046,17.219966,17.219966,-0.007847,-0.006738,14.953486,4186,0.000451,0.074230,23138,9313,5202,3249,2237,1621,1254,1003,8431,1,1,1,1
23.0000,2614,1,1,29541,1,56397,0.523814,2,6,76,76,57415,27.95852,0.00555,2.41063,0.01726,0,1,3,1.696195,1.258187,1.258187,-0.215362,-0.215159,14.746020,2616,0.014591,0.047042,23530,9486,5302,3297,2272,1603,1312,1047,8547,1,1,1,1
23.9000,2614,1,1,30055,1,57620,0.521616,2,5,6,66,133604,28.58219,0.00555,2.41063,0.01726,0,1,3,2.847928,2.384551,2.384551,-0.527329,-0.526928,14.434357,263,0.036505,0.004831,23955,9724,5423,3309,2337,1709,1307,1050,8805,1,1,1,1
22.3500,2615,1,1,28737,1,55196,0.520645,1,5,37,74,64458,27.50366,0.00371,2.42615,0.01874,0,0,3,2.414514,1.891700,1.891700,0.006815,0.007152,14.967978,4317,-0.000478,0.076449,22944,9240,5136,3346,2195,1611,1246,1015,8462,1,1,1,1
22.4000,2615,1,1,28953,1,55484,0.521836,1,3,12,268,645791,27.53838,0.00371,2.42615,0.01874,0,1,3,2.058365,1.694394,1.694394,-0.010525,-0.010249,14.951052,4183,0.000686,0.074160,23121,9443,5148,3188,2206,1658,1236,1000,8483,1,1,1,1
23.0000,2615,1,1,29338,0,56124,0.522745,1,1,4,38,84288,27.95427,0.00371,2.42615,0.01874,1,0,3,1.413464,1.000000,1.224501,-0.218399,-0.218267,14.742820,2614,0.014805,0.046998,23137,9599,5167,3389,2316,1661,1276,1012,8566,1,1,1,1
23.9000,2615,1,1,30063,1,57509,0.522762,2,9,9,54,101870,28.57797,0.00371,2.42615,0.01874,0,1,3,2.369260,1.813848,1.813848,-0.530329,-0.529999,14.431208,261,0.036726,0.004794,23849,9854,5274,3417,2195,1747,1348,986,8838,1,1,1,1
22.3500,2616,1,1,28873,1,55365,0.521512,2023,5,2023,2023,158549,27.50006,0.00397,2.41728,0.01739,0,1,3,1.638394,1.573213,1.573213,0.005282,0.005471,14.966795,4320,-0.000366,0.076479,23065,9359,5135,3210,2296,1646,1244,1000,8409,1,1,1,1
22.4000,2616,1,1,29123,1,55493,0.524814,6,7,8,48,338118,27.53477,0.00397,2.41728,0.01739,0,1,3,4.428623,3.552579,3.552579,-0.012236,-0.011667,14.949637,4187,0.000780,0.074210,23113,9433,5193,3255,2284,1550,1215,991,8458,1,1,1,1
23.0000,2616,1,1,29340,0,56304,0.521109,1,4,45,261,94127,27.95076,0.00397,2.41728,0.01739,1,1,2,1.382315,1.000000,2.604273,-0.220174,-0.220050,14.741100,2618,0.014928,0.047057,23529,9354,5318,3242,2337,1651,1270,1028,8574,1,1,1,1
23.9000,2616,1,1,30007,1,57630,0.520693,7,2,9,31,90217,28.57449,0.00397,2.41728,0.01739,0,1,3,1.732495,1.323578,1.323578,-0.531908,-0.531698,14.428550,263,0.036850,0.004830,23832,9957,5222,3452,2299,1707,1309,1014,8837,1,1,1,1
22.3500,2617,1,1,28747,1,55060,0.522113,2,10,10,12,1639241,27.49580,0.00424,2.42873,0.01669,0,0,3,2.270314,1.952936,1.952936,0.003331,0.003645,14.964269,4319,-0.000244,0.076445,22892,9392,4949,3243,2216,1705,1237,987,8438,1,1,1,1
22.4000,2617,1,1,29099,1,55514,0.524184,1,3,14,81,139585,27.53050,0.00424,2.42873,0.01669,0,1,3,3.139650,2.294842,2.294842,-0.014048,-0.013611,14.947632,4185,0.000911,0.074156,23126,9457,5106,3232,2277,1674,1251,969,8421,1,1,1,1
23.0000,2617,1,1,29309,1,56431,0.519387,2,4,36,138,118710,27.94660,0.00424,2.42873,0.01669,0,0,3,2.047274,1.763302,1.763302,-0.222041,-0.221767,14.738854,2616,0.015046,0.047011,23457,9627,5263,3387,2257,1650,1269,965,8555,1,1,1,1
23.9000,2617,1,1,30230,0,57807,0.522956,1,2,11,16,11266,28.57035,0.00424,2.42873,0.01669,1,1,3,1.409140,1.000000,1.376688,-0.533877,-0.533746,14.427295,262,0.036996,0.004810,23997,9782,5437,3380,2367,1762,1317,1054,8710,1,1,1,1
22.3500,2618,1,1,28931,1,55499,0.521298,2,4,45,85,3281315,27.49139,0.00565,2.42224,0.01526,0,0,3,1.578224,1.199946,1.199946,0.001756,0.001931,14.962814,4317,-0.000129,0.076388,23164,9513,5097,3204,2188,1654,1289,921,8468,1,1,1,1
22.4000,2618,1,1,29042,0,55495,0.523336,2,6,32,641,62044,27.52607,0.00565,2.42224,0.01526,1,0,2,1.168559,1.000000,1.315338,-0.015602,-0.015542,14.945732,4186,0.001040,0.074155,22948,9608,5158,3263,2245,1656,1243,1015,8358,1,1,1,1
23.0000,2618,1,1,29363,1,56360,0.520999,28,24,65,65,62803,27.94201,0.00565,2.42224,0.01526,0,1,3,15.947743,12.138177,12.138177,-0.224000,-0.222942,14.735961,2615,0.015129,0.046984,23405,9472,5317,3347,2286,1720,1338,1012,8462,1,1,1,1
23.9000,2618,1,1,30128,0,57507,0.523911,1,7,10,404,211910,28.56579,0.00565,2.42224,0.01526,1,1,2,1.133351,1.000000,1.274204,-0.535451,-0.535403,14.425148,262,0.037116,0.004809,23742,9731,5410,3350,2255,1781,1322,1090,8825,1,1,1,1
22.3500,2619,1,1,28822,0,55192,0.522223,7,38,38,38,556858,27.48724,0.00512,2.41544,0.01526,1,1,2,1.194435,1.000000,8.297229,-0.000860,-0.000792,14.960471,4322,0.000053,0.076459,22833,9364,5245,3237,2295,1597,1182,978,8460,1,1,1,1
22.4000,2619,1,1,29188,0,55722,0.523824,5,93,93,93,71141,27.52192,0.00512,2.41544,0.01526,1,1,2,1.276772,1.000000,29.658214,-0.018439,-0.018345,14.942879,4190,0.001228,0.074211,23221,9574,5036,3330,2265,1654,1258,1067,8316,1,1,1,1
23.0000,2619,1,1,29459,1,56229,0.523920,6,25,29,32,725298,27.93796,0.00512,2.41544,0.01526,0,1,3,13.023733,11.150526,11.150526,-0.226275,-0.225295,14.734297,2619,0.015291,0.047043,23346,9526,5227,3300,2315,1675,1201,1030,8608,1,1,1,1
23.9000,2619,1,1,30209,1,57720,0.523381,1,6,11,73,422179,28.56177,0.00512,2.41544,0.01526,0,1,3,3.703760,3.124337,3.124337,-0.537934,-0.537434,14.423871,262,0.037260,0.004807,23946,9771,5343,3347,2343,1767,1289,1012,8901,1,1,1,1
22.3500,2620,1,1,28871,1,55449,0.520686,3,22,43,545,219033,27.48284,0.00636,2.41664,0.01401,0,1,3,10.521659,9.271036,9.271036,-0.002635,-0.001737,14.959603,4322,0.000116,0.076434,22993,9515,5161,3232,2248,1606,1234,1078,8381,1,1,1,1
22.4000,2620,1,1,28849,1,55347,0.521248,1,3,86,99,80930,27.51750,0.00636,2.41664,0.01401,0,0,3,1.563149,1.123000,1.123000,-0.019551,-0.019381,14.941619,4191,0.001297,0.074207,22868,9442,5104,3295,2247,1625,1229,988,8548,1,1,1,1
23.0000,2620,1,1,29429,1,56337,0.522384,2,32,45,9546,123805,27.93338,0.00636,2.41664,0.01401,0,1,3,5.587465,5.448196,5.448196,-0.227807,-0.227150,14.734186,2619,0.015417,0.047026,23392,9643,5112,3267,2298,1654,1313,1049,8608,1,1,1,1
23.9000,2620,1,1,29957,1,57823,0.518090,1,72,72,77,40246,28.55722,0.00636,2.41664,0.01401,0,1,3,24.503759,22.682065,22.682065,-0.539995,-0.538774,14.421235,263,0.037360,0.004825,23887,10025,5387,3340,2402,1693,1338,1002,8748,1,1,1,1
22.3500,2621,1,1,28991,1,55307,0.524193,2,2,23,23,35057,27.47221,0.00744,2.41549,0.01889,0,1,3,2.328719,1.705879,1.705879,-0.006998,-0.006676,14.953939,4320,0.000446,0.076399,22920,9464,5201,3131,2195,1678,1259,1019,8439,1,1,1,1
22.4000,2621,1,1,28922,0,55488,0.521239,1,8,130,130,39154,27.50685,0.00744,2.41549,0.01889,1,1,2,1.144405,1.000000,1.483188,-0.024291,-0.024240,14.937044,4189,0.001623,0.074166,22956,9585,5074,3220,2205,1682,1261,985,8519,1,1,1,1
23.0000,2621,1,1,29376,0,56231,0.522426,1,6,10,35,66124,27.92284,0.00744,2.41549,0.01889,1,0,2,1.153649,1.000000,1.296483,-0.232252,-0.232197,14.729083,2616,0.015765,0.046970,23247,9657,5151,3331,2274,1630,1304,995,8641,1,1,1,1
23.9000,2621,1,1,29924,0,57636,0.519198,1,13,13,26,681123,28.54644,0.00744,2.41549,0.01889,1,1,2,1.379682,1.000000,6.544153,-0.544371,-0.544248,14.416905,258,0.037751,0.004733,23989,9842,5328,3295,2320,1750,1278,1024,8809,1,1,1,1
