k,n,ok,brk,idx,parity,len,irat,pqat,pqnext,pqw5,pqw20,pqmax,logh11,logh22,logmz,logg0,incone,redst,jhi,rho,rho2,skew,loglam1,logcone,logq,v2qp,dinf,d2,q1,q2,q3,q4,q5,q6,q7,q8,q9,cY,cX,cIdx,intq
22.3500,6008,1,1,66568,0,127528,0.521991,1,2,12,148,192486,27.47930,0.00488,2.38510,0.00751,1,1,3,1.271540,1.000000,1.234127,-0.003908,-0.003868,14.957408,9920,0.000259,0.076516,53184,21703,12029,7396,5137,3743,2756,2255,19324,1,1,1,1
22.4000,6008,1,1,66366,0,127061,0.522320,1,12,15,38,81543,27.51403,0.00488,2.38510,0.00751,1,0,2,1.156375,1.000000,2.293569,-0.021329,-0.021304,14.940172,9618,0.001426,0.074272,52778,21722,11630,7402,5274,3685,2862,2236,19471,1,1,1,1
23.0000,6008,1,1,67669,1,129490,0.522585,6,3,1069,1069,392475,27.92994,0.00488,2.38510,0.00751,0,0,3,1.437597,1.293714,1.293714,-0.229234,-0.229173,14.731957,6015,0.015556,0.047105,54061,21604,12153,7682,5308,3849,2973,2265,19594,1,1,1,1
23.9000,6008,1,1,69005,1,132334,0.521450,1,3,16,49,152737,28.55375,0.00488,2.38510,0.00751,0,1,3,1.994529,1.674508,1.674508,-0.541161,-0.541047,14.420435,607,0.037519,0.004856,54782,22407,12264,7908,5368,3978,3057,2393,20176,1,1,1,1
22.3500,6020,1,1,66472,0,127427,0.521652,4,5,53,53,763289,27.48381,0.00173,2.38195,0.00672,1,0,2,1.206783,1.000000,1.358167,-0.003333,-0.003302,14.958165,9939,0.000221,0.076506,52753,21776,11997,7460,5126,3739,2984,2246,19345,1,1,1,1
22.4000,6020,1,1,66480,0,127420,0.521743,1,2,108,108,53542,27.51847,0.00173,2.38195,0.00672,1,0,2,1.400066,1.000000,1.483657,-0.020667,-0.020612,14.940799,9638,0.001380,0.074275,52876,21663,11825,7349,5227,3838,2932,2364,19345,1,1,1,1
23.0000,6020,1,1,67330,0,129408,0.520296,2,4,15,93,147037,27.93436,0.00173,2.38195,0.00672,1,1,2,1.251016,1.000000,1.553672,-0.228615,-0.228577,14.732686,6025,0.015515,0.047087,53959,21798,11770,7598,5318,3888,2878,2334,19864,1,1,1,1
23.9000,6020,1,1,69249,1,132966,0.520806,2,5,106,106,194264,28.55819,0.00173,2.38195,0.00672,0,0,3,2.035279,1.640487,1.640487,-0.540538,-0.540420,14.420837,607,0.037475,0.004846,55358,22432,12337,7890,5365,3848,3059,2435,20241,1,1,1,1
22.3500,6032,1,1,66779,1,127624,0.523252,1,2,490,490,77309,27.47935,0.00250,2.38244,0.00739,0,1,3,1.323359,1.084750,1.084750,-0.005134,-0.005088,14.956377,9958,0.000340,0.076509,53125,21526,11977,7447,5087,3729,2879,2301,19552,1,1,1,1
22.4000,6032,1,1,66634,0,127868,0.521120,1,3,25,56,352251,27.51394,0.00250,2.38244,0.00739,1,1,3,1.239213,1.000000,1.193914,-0.022436,-0.022401,14.938855,9657,0.001499,0.074283,53024,21832,11866,7554,5067,3851,2917,2342,19414,1,1,1,1
23.0000,6032,1,1,67700,0,129746,0.521793,981,10,981,981,124145,27.92992,0.00250,2.38244,0.00739,1,1,2,1.193527,1.000000,2.320828,-0.230480,-0.230451,14.731019,6039,0.015644,0.047108,53957,22090,11926,7528,5173,3901,3021,2408,19741,1,1,1,1
23.9000,6032,1,1,69365,1,133071,0.521267,4,9,27,37,211370,28.55366,0.00250,2.38244,0.00739,0,1,3,3.052013,2.784690,2.784690,-0.542367,-0.542182,14.418891,610,0.037602,0.004861,55492,22651,12291,7653,5373,3898,3070,2374,20268,1,1,1,1
22.3500,6044,1,1,66420,0,127247,0.521981,9,4,13,814,195829,27.47800,0.00161,2.38070,0.00664,1,1,2,1.256394,1.000000,1.284185,-0.006246,-0.006208,14.955060,9976,0.000415,0.076501,52842,21490,11791,7507,5125,3712,2864,2275,19640,1,1,1,1
22.4000,6044,1,1,66846,0,128266,0.521155,1,1,38,960,214372,27.51264,0.00161,2.38070,0.00664,1,0,3,1.413453,1.000000,1.164883,-0.023550,-0.023492,14.937902,9674,0.001573,0.074271,53405,21746,12016,7491,5211,3788,2913,2290,19405,1,1,1,1
23.0000,6044,1,1,67888,0,130098,0.521826,1,411,411,19372,1408231,27.92860,0.00161,2.38070,0.00664,1,1,2,1.003305,1.000000,1.368022,-0.231547,-0.231547,14.729012,6048,0.015720,0.047091,53955,22267,12071,7745,5211,3886,2837,2268,19857,1,1,1,1
23.9000,6044,1,1,69159,1,132905,0.520368,1,12,12,87,1452563,28.55236,0.00161,2.38070,0.00664,0,1,3,5.332346,4.650692,4.650692,-0.543530,-0.543253,14.417868,608,0.037679,0.004836,55094,22636,12238,7883,5261,3911,3023,2456,20402,1,1,1,1
22.3500,6056,1,1,66871,1,127553,0.524265,1,26,594,594,225191,27.47844,0.00183,2.38586,0.00646,0,0,3,3.735416,3.143968,3.143968,-0.005968,-0.005750,14.955468,9994,0.000384,0.076485,52613,21790,11952,7587,5131,3776,2945,2189,19569,1,1,1,1
22.4000,6056,1,1,66842,0,128165,0.521535,1,1,5,77,58995,27.51312,0.00183,2.38586,0.00646,1,0,3,1.406074,1.000000,1.309993,-0.023235,-0.023178,14.938228,9693,0.001552,0.074267,53048,21827,11990,7521,5262,3692,3021,2363,19440,1,1,1,1
23.0000,6056,1,1,67941,1,130305,0.521404,1,2,62,62,200905,27.92905,0.00183,2.38586,0.00646,0,0,3,1.618533,1.252485,1.252485,-0.231199,-0.231119,14.730173,6057,0.015690,0.047064,54234,21970,11995,7582,5364,3928,2933,2401,19897,1,1,1,1
23.9000,6056,1,1,69716,0,133697,0.521452,25,72,72,72,106628,28.55284,0.00183,2.38586,0.00646,1,0,2,1.068977,1.000000,5.218463,-0.543210,-0.543199,14.418293,608,0.037674,0.004826,55291,22837,12452,7889,5620,4072,3070,2365,20100,1,1,1,1
22.3500,6068,1,1,67154,0,128479,0.522689,1,279,279,279,580612,27.47397,0.00249,2.36866,0.00729,1,1,2,1.004780,1.000000,1.351826,-0.007775,-0.007774,14.953729,10018,0.000520,0.076526,53221,21998,11864,7608,5171,3925,2961,2319,19411,1,1,1,1
22.4000,6068,1,1,66928,0,128381,0.521327,1,2,138,557,152416,27.50870,0.00249,2.36866,0.00729,1,0,2,1.406321,1.000000,1.746750,-0.025158,-0.025102,14.936305,9715,0.001681,0.074298,53245,21675,11903,7617,5395,3852,2812,2262,19619,1,1,1,1
23.0000,6068,1,1,67871,1,130627,0.519583,45,2,45,84,368128,27.92461,0.00249,2.36866,0.00729,0,1,3,1.635859,1.211333,1.211333,-0.233085,-0.233004,14.727741,6076,0.015821,0.047126,54510,21882,12238,7639,5070,3856,3042,2356,20033,1,1,1,1
23.9000,6068,1,1,69455,1,133612,0.519830,1,5,51,461,3758023,28.54842,0.00249,2.36866,0.00729,0,1,3,2.247988,1.821785,1.821785,-0.545024,-0.544890,14.416573,612,0.037796,0.004849,55262,22813,12378,7836,5497,4010,3055,2389,20371,1,1,1,1
22.3500,6080,1,1,66893,1,128343,0.521209,1,2,16,447,655565,27.47638,0.00160,2.37665,0.00639,0,0,3,1.578959,1.120883,1.120883,-0.007094,-0.007019,14.954356,10039,0.000469,0.076532,53308,21674,11967,7589,5209,3718,2980,2303,19594,1,1,1,1
22.4000,6080,1,1,67397,1,128959,0.522628,7,4,112,143,802179,27.51103,0.00160,2.37665,0.00639,0,1,3,2.608514,2.057165,2.057165,-0.024474,-0.024317,14.937187,9735,0.001628,0.074300,53574,21880,12090,7580,5260,3838,2930,2259,19547,1,1,1,1
23.0000,6080,1,1,68081,1,131041,0.519544,4,116,116,228,139996,27.92692,0.00160,2.37665,0.00639,0,0,3,3.727756,3.499974,3.499974,-0.232463,-0.232247,14.728803,6087,0.015768,0.047115,54524,22145,12243,7732,5359,3850,3014,2292,19881,1,1,1,1
23.9000,6080,1,1,69610,0,133735,0.520511,1,1,19,87,85922,28.55075,0.00160,2.37665,0.00639,1,0,3,1.413988,1.000000,1.042901,-0.544278,-0.544221,14.417173,617,0.037748,0.004879,55447,22879,12390,7728,5381,4059,3159,2405,20286,1,1,1,1
22.3500,6092,1,1,67402,0,129228,0.521578,11,31,31,37,231747,27.47916,0.00208,2.37986,0.00535,1,1,2,1.187498,1.000000,6.442179,-0.005586,-0.005557,14.955915,10055,0.000372,0.076495,53715,22061,12002,7654,5224,3791,3013,2277,19490,1,1,1,1
22.4000,6092,1,1,67383,1,129383,0.520807,3,31,31,31,576038,27.51375,0.00208,2.37986,0.00535,0,0,3,1.828514,1.590226,1.590226,-0.022765,-0.022666,14.938518,9751,0.001517,0.074269,53661,21918,12249,7629,5276,3831,2854,2299,19665,1,1,1,1
23.0000,6092,1,1,68178,0,130832,0.521115,3,6,6,57,674593,27.92973,0.00208,2.37986,0.00535,1,1,2,1.233034,1.000000,1.791141,-0.230765,-0.230730,14.730525,6096,0.015663,0.047086,54528,21974,12107,7694,5173,3906,2918,2409,20122,1,1,1,1
23.9000,6092,1,1,70188,0,134639,0.521309,1,5,8,142,294340,28.55347,0.00208,2.37986,0.00535,1,1,2,1.391965,1.000000,3.109466,-0.542680,-0.542626,14.418732,613,0.037633,0.004837,56036,22892,12514,7920,5498,3997,3034,2439,20308,1,1,1,1
22.3500,6104,1,1,67495,1,129538,0.521048,1,6,33,33,451972,27.47975,0.00148,2.37490,0.00585,0,1,3,3.098185,2.380843,2.380843,-0.005486,-0.005300,14.956149,10077,0.000354,0.076511,53939,21994,12008,7630,5343,3874,2824,2363,19562,1,1,1,1
22.4000,6104,1,1,67115,1,128885,0.520740,1,25,25,80,96264,27.51438,0.00148,2.37490,0.00585,0,1,3,1.981401,1.448797,1.327336,-0.022753,-0.022641,14.938701,9773,0.001516,0.074289,53212,22069,11873,7667,5375,3779,2937,2265,19707,1,1,1,1
23.0000,6104,1,1,68418,0,131236,0.521340,1,8,32,133,141392,27.93034,0.00148,2.37490,0.00585,1,0,2,1.124838,1.000000,1.210469,-0.230722,-0.230703,14.730781,6109,0.015661,0.047093,54519,22231,12120,7606,5314,3985,2987,2325,20148,1,1,1,1
23.9000,6104,1,1,70481,1,134768,0.522984,1,256,256,256,48493,28.55410,0.00148,2.37490,0.00585,0,1,3,2.273729,1.912163,1.912163,-0.542644,-0.542509,14.418964,618,0.037625,0.004867,55822,22986,12710,7860,5482,4087,3074,2411,20335,1,1,1,1
22.3500,6116,1,1,67674,0,129803,0.521363,22,53,53,175,263414,27.48238,0.00170,2.38249,0.00693,1,0,2,1.044945,1.000000,2.469685,-0.004036,-0.004029,14.957469,10099,0.000269,0.076521,54047,22200,12064,7640,5202,3879,2937,2269,19564,1,1,1,1
22.4000,6116,1,1,67825,1,129699,0.522946,1,22,22,544,449331,27.51706,0.00170,2.38249,0.00693,0,1,3,13.821538,11.139426,11.139426,-0.021499,-0.021070,14.939889,9788,0.001410,0.074251,53796,22220,12043,7625,5262,3816,2951,2314,19671,1,1,1,1
23.0000,6116,1,1,69032,0,131597,0.524575,1,2,666,666,1134784,27.93300,0.00170,2.38249,0.00693,1,0,2,1.393584,1.000000,1.596254,-0.229305,-0.229251,14.732167,6117,0.015561,0.047058,54488,22544,12222,7671,5257,3834,2997,2363,20220,1,1,1,1
23.9000,6116,1,1,70404,0,134827,0.522184,1,2,17,64,139500,28.55678,0.00170,2.38249,0.00693,1,1,2,1.414115,1.000000,1.910436,-0.541215,-0.541159,14.420235,613,0.037528,0.004818,55954,22910,12704,7759,5428,4063,3029,2331,20648,1,1,1,1
22.3500,6128,1,1,67606,0,129793,0.520880,1,1,13,13,51492,27.48733,0.00158,2.38774,0.00603,1,1,3,1.384846,1.000000,1.071516,-0.001528,-0.001475,14.959879,10115,0.000099,0.076479,54134,21792,11986,7810,5396,3919,2795,2364,19596,1,1,1,1
22.4000,6128,1,1,67452,0,129574,0.520571,5,23,23,44,625520,27.52206,0.00158,2.38774,0.00603,1,1,2,1.053152,1.000000,1.336676,-0.018907,-0.018899,14.942124,9810,0.001265,0.074261,53633,22131,12187,7505,5291,3837,2954,2269,19766,1,1,1,1
23.0000,6128,1,1,68495,1,131267,0.521803,2,3,4,22,1382203,27.93797,0.00158,2.38774,0.00603,0,1,3,2.092040,1.725849,1.725849,-0.226883,-0.226762,14.734458,6131,0.015390,0.047066,54199,22262,12249,7718,5370,3893,2959,2376,20240,1,1,1,1
23.9000,6128,1,1,70446,0,135420,0.520208,1,4,6,49,139985,28.56178,0.00158,2.38774,0.00603,1,1,2,1.378642,1.000000,2.330593,-0.538814,-0.538761,14.422664,616,0.037355,0.004831,56539,23036,12500,8003,5505,3833,3055,2355,20593,1,1,1,1
22.3500,6140,1,1,67721,1,129875,0.521436,1,7,7,18,64792,27.48992,0.00329,2.38856,0.00576,0,1,3,4.676566,3.815352,3.815352,0.000427,0.000678,14.961858,10130,-0.000045,0.076433,54020,22117,12054,7526,5112,3841,2962,2366,19876,1,1,1,1
22.4000,6140,1,1,67281,1,129736,0.518603,37,10,107,107,3079582,27.52458,0.00329,2.38856,0.00576,0,1,3,4.490582,4.052893,4.052893,-0.016908,-0.016663,14.943990,9823,0.001115,0.074205,53781,22140,11929,7713,5159,3839,2905,2367,19902,1,1,1,1
23.0000,6140,1,1,68808,0,131997,0.521289,4,13,113,113,298893,27.94047,0.00329,2.38856,0.00576,1,1,2,1.243369,1.000000,3.744477,-0.224845,-0.224810,14.736653,6143,0.015255,0.047059,54757,22382,12095,7796,5487,3964,3051,2367,20097,1,1,1,1
23.9000,6140,1,1,70757,1,136011,0.520234,3,4,14,19,159396,28.56430,0.00329,2.38856,0.00576,0,1,3,1.321968,1.238405,1.238405,-0.536669,-0.536624,14.424871,613,0.037201,0.004797,56469,23062,12766,8066,5526,4035,3123,2490,20473,1,1,1,1
22.3500,6152,1,1,67989,1,130061,0.522751,1,4,11,33,551002,27.49149,0.00180,2.37563,0.00616,0,0,3,2.335609,1.819347,1.819347,0.000550,0.000688,14.961980,10160,-0.000046,0.076509,53874,22237,11983,7584,5320,3928,3039,2342,19753,1,1,1,1
22.4000,6152,1,1,68355,1,130508,0.523765,3,14,14,159,6158685,27.52608,0.00180,2.37563,0.00616,0,0,3,2.264682,1.999174,1.999174,-0.016753,-0.016620,14.944549,9853,0.001112,0.074284,54424,22374,12072,7551,5240,3877,2889,2282,19798,1,1,1,1
23.0000,6152,1,1,68897,1,132398,0.520382,1,5,5,221,104897,27.94205,0.00180,2.37563,0.00616,0,1,3,3.748562,2.957130,2.957130,-0.224774,-0.224559,14.736912,6161,0.015238,0.047104,54791,22557,12279,7972,5398,3850,3042,2396,20112,1,1,1,1
23.9000,6152,1,1,70839,1,135543,0.522635,1,1085,1085,1085,80823,28.56580,0.00180,2.37563,0.00616,0,1,3,1.776601,1.609944,1.609944,-0.536595,-0.536502,14.424987,627,0.037193,0.004897,56061,22958,12780,7881,5475,4136,3077,2509,20665,1,1,1,1
22.3500,6164,1,1,67932,0,129894,0.522984,1,50,50,78,906154,27.49957,0.00191,2.38165,0.00528,1,0,2,1.113503,1.000000,6.177294,0.004572,0.004590,14.966077,10176,-0.000307,0.076460,53883,21834,12055,7579,5374,3896,2994,2392,19886,1,1,1,1
22.4000,6164,1,1,68223,1,130616,0.522321,1,1,9,935,575293,27.53421,0.00191,2.38165,0.00528,0,1,3,1.442927,1.070333,1.070333,-0.012603,-0.012543,14.948895,9871,0.000839,0.074253,54256,22242,12112,7609,5302,3925,2927,2349,19893,1,1,1,1
23.0000,6164,1,1,69346,0,132572,0.523086,1,22,22,22,228385,27.95017,0.00191,2.38165,0.00528,1,1,2,1.378792,1.000000,10.479651,-0.220766,-0.220714,14.740713,6171,0.014973,0.047076,54834,22521,12474,7755,5423,3898,3038,2368,20260,1,1,1,1
23.9000,6164,1,1,71289,1,136697,0.521515,11,8,11,49,1329531,28.57393,0.00191,2.38165,0.00528,0,1,3,1.579131,1.146812,1.146812,-0.532461,-0.532387,14.429041,623,0.036897,0.004855,57196,23151,12587,7861,5553,4072,3083,2471,20722,1,1,1,1
22.3500,6176,1,1,68030,0,131047,0.519131,1,10,299,299,96954,27.49907,0.00244,2.37921,0.00573,1,1,2,1.114601,1.000000,1.452150,0.004727,0.004744,14.966232,10201,-0.000317,0.076498,54478,22345,12088,7705,5372,3871,3087,2255,19845,1,1,1,1
22.4000,6176,1,1,68558,0,131645,0.520783,372,23,372,372,79322,27.53375,0.00244,2.37921,0.00573,1,0,2,1.074539,1.000000,1.850583,-0.012633,-0.012622,14.948872,9891,0.000844,0.074259,55042,22266,12290,7708,5393,3956,2944,2356,19689,1,1,1,1
23.0000,6176,1,1,69357,1,132772,0.522381,1,1,175,175,75019,27.94969,0.00244,2.37921,0.00573,0,0,3,1.505410,1.171019,1.171019,-0.220556,-0.220490,14.740805,6185,0.014958,0.047091,55078,22639,12267,7841,5419,3788,2962,2425,20352,1,1,1,1
23.9000,6176,1,1,70662,0,135914,0.519906,1,3,12,361,137710,28.57347,0.00244,2.37921,0.00573,1,1,3,1.259666,1.000000,1.184123,-0.532458,-0.532420,14.428858,627,0.036900,0.004877,56117,23321,12586,8002,5475,4068,3073,2462,20809,1,1,1,1
22.3500,6188,1,1,68205,1,130799,0.521453,1,51,51,107,262284,27.49816,0.00157,2.38124,0.00459,0,1,3,20.954172,18.852084,18.852084,0.003652,0.004143,14.965134,10220,-0.000277,0.076497,54273,22213,12184,7653,5373,3845,2899,2315,20043,1,1,1,1
22.4000,6188,1,1,68540,0,131416,0.521554,1,2,63,63,61004,27.53289,0.00157,2.38124,0.00459,1,1,3,1.329335,1.000000,1.244236,-0.013484,-0.013438,14.947883,9911,0.000899,0.074270,54555,22446,12391,7741,5371,3855,2905,2289,19862,1,1,1,1
23.0000,6188,1,1,69263,1,133556,0.518610,1,2,39,266,236067,27.94880,0.00157,2.38124,0.00459,0,1,3,1.579432,1.138912,1.138912,-0.221438,-0.221364,14.740060,6197,0.015018,0.047093,55573,22645,12436,7915,5389,3962,3012,2448,20175,1,1,1,1
23.9000,6188,1,1,70943,1,136189,0.520920,6,6,10,1179,345669,28.57261,0.00157,2.38124,0.00459,0,1,3,2.753174,2.442385,2.442385,-0.533406,-0.533242,14.428259,628,0.036958,0.004876,56401,23137,12503,8155,5563,4085,3076,2410,20858,1,1,1,1
22.3500,6200,1,1,68428,0,131388,0.520813,3,139,139,139,33951,27.49328,0.00168,2.37940,0.00657,1,1,2,1.184364,1.000000,28.108797,0.001144,0.001171,14.962647,10239,-0.000078,0.076504,54891,22148,12046,7586,5385,3931,3017,2451,19932,1,1,1,1
22.4000,6200,1,1,68542,0,130935,0.523485,2,135,135,135,894666,27.52794,0.00168,2.37940,0.00657,1,1,2,1.369142,1.000000,59.242688,-0.016245,-0.016194,14.945152,9927,0.001084,0.074259,54340,22127,12126,7499,5350,3959,2973,2357,20203,1,1,1,1
23.0000,6200,1,1,69632,0,133585,0.521260,1,47,47,52,285349,27.94383,0.00168,2.37940,0.00657,1,1,2,1.042489,1.000000,2.089562,-0.223919,-0.223912,14.737082,6207,0.015194,0.047087,55264,22995,12421,7876,5283,4007,3006,2393,20339,1,1,1,1
23.9000,6200,1,1,71373,1,136979,0.521054,1,2,13,28,522165,28.56766,0.00168,2.37940,0.00657,0,0,3,1.908902,1.400042,1.400042,-0.535803,-0.535699,14.425644,627,0.037135,0.004859,56770,23470,12524,8125,5652,4205,3159,2403,20670,1,1,1,1
22.3500,6212,1,1,68682,0,131914,0.520661,17,146,146,146,708156,27.48998,0.00190,2.37318,0.00507,1,1,2,1.370992,1.000000,64.654814,-0.000441,-0.000390,14.960958,10255,0.000026,0.076484,54899,22394,12277,7735,5266,3916,3051,2373,20002,1,1,1,1
22.4000,6212,1,1,68512,0,131519,0.520932,1,13,61,61,958156,27.52457,0.00190,2.37318,0.00507,1,0,2,1.174324,1.000000,2.791550,-0.017482,-0.017457,14.944022,9945,0.001168,0.074256,54392,22409,12200,7786,5352,3937,3026,2405,20011,1,1,1,1
23.0000,6212,1,1,69554,0,133562,0.520766,1,2,32,84,343243,27.94054,0.00190,2.37318,0.00507,1,1,2,1.397108,1.000000,1.858959,-0.225437,-0.225383,14.736036,6218,0.015295,0.047083,55235,22887,12427,7840,5393,4003,3046,2373,20357,1,1,1,1
23.9000,6212,1,1,71466,0,137278,0.520597,1,4,15,38,107122,28.56429,0.00190,2.37318,0.00507,1,1,2,1.409287,1.000000,2.610880,-0.537338,-0.537283,14.424098,627,0.037249,0.004850,57180,23113,12693,8063,5616,4139,3044,2533,20896,1,1,1,1
22.3500,6224,1,1,68538,0,131421,0.521519,3,2,14,109,1117728,27.49427,0.00189,2.37983,0.00468,1,1,3,1.346041,1.000000,1.035385,0.002066,0.002114,14.963447,10275,-0.000141,0.076473,54494,22213,12287,7629,5412,3894,3032,2363,20096,1,1,1,1
22.4000,6224,1,1,68552,0,131622,0.520829,1,3,92,290,342942,27.52890,0.00189,2.37983,0.00468,1,1,2,1.394762,1.000000,2.323917,-0.015323,-0.015270,14.946151,9967,0.001022,0.074266,54635,22264,12229,7669,5305,4001,3007,2369,20142,1,1,1,1
23.0000,6224,1,1,70111,1,134429,0.521551,1,2,10,22,111404,27.94486,0.00189,2.37983,0.00468,0,1,3,1.649898,1.167795,1.118687,-0.223236,-0.223155,14.738248,6229,0.015141,0.047068,55791,23005,12531,7976,5400,3937,3162,2363,20263,1,1,1,1
23.9000,6224,1,1,71745,1,137367,0.522291,1,148,148,148,18222717,28.56862,0.00189,2.37983,0.00468,0,1,3,69.453288,61.398754,61.398754,-0.535447,-0.534766,14.426741,633,0.037068,0.004886,57054,23201,12677,8123,5650,4078,3157,2453,20973,1,1,1,1
22.3500,6236,1,1,68607,1,131667,0.521068,1,241,241,241,52765,27.49407,0.00156,2.38241,0.00572,0,1,3,1.454722,1.105572,1.105572,0.001817,0.001877,14.963327,10297,-0.000125,0.076490,54517,22414,12284,7795,5364,3816,3040,2310,20126,1,1,1,1
22.4000,6236,1,1,68744,0,132093,0.520425,1,12,14,223,539815,27.52875,0.00156,2.38241,0.00572,1,1,2,1.121181,1.000000,1.730893,-0.015563,-0.015545,14.945943,9985,0.001040,0.074258,55026,22252,12374,7718,5242,3929,3034,2332,20185,1,1,1,1
23.0000,6236,1,1,70096,0,133952,0.523296,10,20,20,125,278816,27.94469,0.00156,2.38241,0.00572,1,0,2,1.097165,1.000000,2.079350,-0.223546,-0.223531,14.737960,6243,0.015167,0.047084,55595,22665,12309,7857,5438,3955,3047,2427,20658,1,1,1,1
23.9000,6236,1,1,71474,0,137209,0.520917,2,8,101,101,738328,28.56847,0.00156,2.38241,0.00572,1,1,2,1.320192,1.000000,3.366362,-0.535479,-0.535434,14.425884,631,0.037116,0.004862,57054,23064,12829,8021,5602,4138,3090,2429,20981,1,1,1,1
22.3500,6248,1,1,68636,0,132104,0.519564,25,3,25,973,316094,27.48741,0.00178,2.38107,0.00593,1,1,2,1.375959,1.000000,1.519212,-0.001414,-0.001363,14.960068,10315,0.000091,0.076493,54767,22529,12371,7763,5315,3822,3003,2274,20259,1,1,1,1
22.4000,6248,1,1,69143,1,132561,0.521598,1,12,62,62,209603,27.52213,0.00178,2.38107,0.00593,0,1,3,6.486344,5.585128,5.585128,-0.018881,-0.018581,14.942922,10002,0.001243,0.074257,54935,22605,12305,7719,5434,3987,3026,2381,20168,1,1,1,1
23.0000,6248,1,1,70116,0,134355,0.521875,1,16,16,108,96264,27.93804,0.00178,2.38107,0.00593,1,1,2,1.262706,1.000000,5.121030,-0.226829,-0.226791,14.734493,6253,0.015392,0.047080,55501,22858,12554,7892,5474,4074,2999,2416,20586,1,1,1,1
23.9000,6248,1,1,72133,1,138518,0.520752,1,1,12,198,188313,28.56185,0.00178,2.38107,0.00593,0,0,3,1.568578,1.116850,1.116850,-0.538612,-0.538540,14.422837,630,0.037339,0.004846,57579,23602,13065,8109,5688,4151,3132,2516,20675,1,1,1,1
22.3500,6260,1,1,69098,0,132766,0.520453,2,3,15,85,95725,27.49717,0.00177,2.38382,0.00690,1,1,2,1.413955,1.000000,1.910839,0.003358,0.003413,14.964813,10332,-0.000228,0.076448,55134,22738,12363,7900,5360,3817,3044,2403,20006,1,1,1,1
22.4000,6260,1,1,69429,1,133229,0.521129,1,5,11,56,1193437,27.53182,0.00177,2.38382,0.00690,0,1,3,3.625772,2.810913,2.810913,-0.014002,-0.013797,14.947393,10019,0.000923,0.074218,55321,22821,12482,7836,5362,3953,3002,2380,20071,1,1,1,1
23.0000,6260,1,1,70041,1,134523,0.520666,3,4,5,31,215798,27.94771,0.00177,2.38382,0.00690,0,1,3,3.609104,2.581707,2.581707,-0.221940,-0.221735,14.739318,6263,0.015044,0.047050,55584,22784,12677,7857,5488,3956,3084,2448,20644,1,1,1,1
23.9000,6260,1,1,72266,0,138593,0.521430,1,4,13,633,321378,28.57154,0.00177,2.38382,0.00690,1,1,3,1.181373,1.000000,1.135253,-0.533787,-0.533761,14.427465,629,0.036996,0.004827,57681,23524,12729,8195,5601,4184,3149,2515,21014,1,1,1,1
22.3500,6272,1,1,69332,0,132856,0.521862,13,52,52,61,616864,27.50609,0.00177,2.38090,0.00521,1,1,2,1.071220,1.000000,3.928507,0.007780,0.007791,14.968873,10359,-0.000520,0.076480,55024,22545,12446,7938,5393,3916,3103,2343,20147,1,1,1,1
22.4000,6272,1,1,69151,1,132903,0.520316,1,8,39,334,185201,27.54068,0.00177,2.38090,0.00521,0,1,3,4.260501,3.624775,3.624775,-0.009510,-0.009278,14.951879,10045,0.000621,0.074246,55054,22557,12386,7807,5510,3978,3023,2352,20235,1,1,1,1
23.0000,6272,1,1,70641,1,134945,0.523484,3,5,186,186,389841,27.95665,0.00177,2.38090,0.00521,0,1,3,2.945488,2.509143,2.509143,-0.217469,-0.217296,14.743846,6281,0.014738,0.047080,56036,22764,12592,7758,5619,4084,3074,2483,20534,1,1,1,1
23.9000,6272,1,1,72352,0,138498,0.522408,1,2,111,111,104446,28.58040,0.00177,2.38090,0.00521,1,0,3,1.329937,1.000000,1.345158,-0.529288,-0.529242,14.432205,638,0.036671,0.004885,57446,23576,13017,8255,5479,4152,3237,2501,20834,1,1,1,1
22.3500,6284,1,1,69358,0,133144,0.520929,2,17,133,214,652764,27.50396,0.00422,2.38799,0.00874,1,1,2,1.062704,1.000000,1.251607,0.008059,0.008069,14.969132,10376,-0.000539,0.076458,55180,22521,12693,7939,5369,3952,3004,2328,20157,1,1,1,1
22.4000,6284,1,1,69945,1,133575,0.523642,9,77,77,77,341760,27.53859,0.00422,2.38799,0.00874,0,0,3,1.890878,1.788420,1.788420,-0.009293,-0.009191,14.951858,10061,0.000615,0.074222,55375,22808,12375,7984,5544,3955,2967,2340,20226,1,1,1,1
23.0000,6284,1,1,70671,1,135517,0.521496,2,2,26,48,710423,27.95455,0.00422,2.38799,0.00874,0,1,3,2.033288,1.500074,1.500074,-0.217256,-0.217143,14.744033,6289,0.014728,0.047049,56161,23039,12739,8090,5507,4043,3057,2333,20547,1,1,1,1
23.9000,6284,1,1,72279,1,138721,0.521042,2,2,6,74,280797,28.57831,0.00422,2.38799,0.00874,0,1,3,1.452859,1.119951,1.119951,-0.529116,-0.529056,14.432399,635,0.036658,0.004853,57431,23482,13185,8194,5615,4088,3060,2530,21135,1,1,1,1
22.3500,6296,1,1,69620,0,133406,0.521869,1,1,6,24,710322,27.49379,0.00176,2.38669,0.00511,1,0,3,1.363499,1.000000,1.106307,0.001779,0.001828,14.963265,10394,-0.000122,0.076475,55552,22545,12401,7757,5460,3955,3093,2509,20133,1,1,1,1
22.4000,6296,1,1,69352,0,133193,0.520692,1,2,22,80,540458,27.52847,0.00176,2.38669,0.00511,1,0,3,1.336235,1.000000,1.100731,-0.015562,-0.015516,14.945930,10079,0.001038,0.074243,55289,22616,12251,7960,5198,3972,2992,2447,20467,1,1,1,1
23.0000,6296,1,1,70609,1,135709,0.520301,13,10,13,329,309189,27.94441,0.00176,2.38669,0.00511,0,0,3,2.194360,2.121661,2.121661,-0.223580,-0.223455,14.737515,6301,0.015162,0.047070,56368,23140,12663,8025,5465,4044,3055,2406,20542,1,1,1,1
23.9000,6296,1,1,72128,0,138769,0.519774,1,2,5,83,354405,28.56819,0.00176,2.38669,0.00511,1,0,2,1.381447,1.000000,1.417596,-0.535442,-0.535390,14.426040,635,0.037113,0.004846,57795,23397,12757,8290,5502,4061,3163,2458,21345,1,1,1,1
22.3500,6308,1,1,69675,1,133605,0.521504,1,5,11,42,656602,27.49212,0.00198,2.37361,0.00710,0,1,3,3.547157,2.780324,2.780324,0.000998,0.001198,14.962407,10410,-0.000080,0.076451,55324,22834,12441,7810,5527,4114,2943,2361,20250,1,1,1,1
22.4000,6308,1,1,69826,0,134093,0.520732,33,126,126,126,154216,27.52684,0.00198,2.37361,0.00710,1,1,2,1.227201,1.000000,31.968611,-0.016558,-0.016526,14.944945,10094,0.001106,0.074217,55954,22667,12562,7791,5395,3998,3144,2401,20180,1,1,1,1
23.0000,6308,1,1,70971,1,136244,0.520915,3,2,6,34,271040,27.94275,0.00198,2.37361,0.00710,0,1,3,1.332695,1.162117,1.162117,-0.224245,-0.224200,14.737286,6309,0.015213,0.047041,56653,23305,12604,8017,5422,4056,3135,2407,20644,1,1,1,1
23.9000,6308,1,1,72795,1,139555,0.521626,22,4,22,29,1234363,28.56656,0.00198,2.37361,0.00710,0,1,3,2.739457,2.200733,2.200733,-0.536205,-0.536046,14.424776,632,0.037161,0.004814,58140,23678,13062,8141,5630,4138,3174,2461,21130,1,1,1,1
22.3500,6320,1,1,70009,1,134004,0.522444,52,3,52,57,216969,27.49083,0.00200,2.37612,0.00900,0,1,3,1.826873,1.474600,1.474600,0.000330,0.000425,14.961180,10438,-0.000028,0.076517,55606,22607,12668,7875,5530,3964,3047,2440,20266,1,1,1,1
22.4000,6320,1,1,69876,0,133934,0.521724,3,2,9,46,137820,27.52549,0.00200,2.37612,0.00900,1,1,3,1.409571,1.000000,1.351351,-0.016991,-0.016937,14.944475,10121,0.001133,0.074276,55682,22691,12297,7771,5577,3992,3060,2416,20447,1,1,1,1
23.0000,6320,1,1,70830,0,136381,0.519358,2,2,10,286,80171,27.94138,0.00200,2.37612,0.00900,1,1,3,1.344655,1.000000,1.270347,-0.224931,-0.224884,14.736453,6331,0.015260,0.047118,56866,23113,12611,7977,5504,4051,3226,2448,20584,1,1,1,1
23.9000,6320,1,1,72516,0,139240,0.520802,1,3,45,233,322350,28.56521,0.00200,2.37612,0.00900,1,0,2,1.310924,1.000000,1.488041,-0.536857,-0.536814,14.424639,641,0.037215,0.004874,57506,23836,13069,8075,5667,4233,3144,2601,21108,1,1,1,1
22.3500,6332,1,1,70081,1,133598,0.524570,1,3,96,607,104993,27.49041,0.00290,2.38913,0.00572,0,1,3,2.737026,2.017606,2.017606,0.000568,0.000727,14.961984,10454,-0.000049,0.076485,55388,22536,12501,7940,5383,3937,3018,2346,20548,1,1,1,1
22.4000,6332,1,1,69992,0,134257,0.521332,3,108,108,108,326545,27.52501,0.00290,2.38913,0.00572,1,1,2,1.291038,1.000000,36.412569,-0.016956,-0.016916,14.944542,10139,0.001132,0.074267,55699,23019,12401,7903,5434,3991,3018,2424,20367,1,1,1,1
23.0000,6332,1,1,71112,0,136439,0.521204,1,1,90,90,894818,27.94098,0.00290,2.38913,0.00572,1,0,3,1.387881,1.000000,1.051310,-0.224657,-0.224605,14.736761,6337,0.015241,0.047072,56681,23053,12712,8082,5520,4071,3087,2451,20781,1,1,1,1
23.9000,6332,1,1,72562,0,139109,0.521623,3,17,313,313,176117,28.56473,0.00290,2.38913,0.00572,1,1,2,1.281994,1.000000,5.715619,-0.536670,-0.536631,14.424829,640,0.037202,0.004857,57781,23382,12992,8053,5593,4167,3169,2508,21463,1,1,1,1
22.3500,6344,1,1,70213,1,134361,0.522574,1,2,4,66,520665,27.48878,0.00175,2.39294,0.00572,0,1,3,2.226342,1.709215,1.709215,-0.000786,-0.000660,14.960800,10473,0.000044,0.076485,56000,22670,12407,7900,5458,4018,3185,2386,20336,1,1,1,1
22.4000,6344,1,1,70291,1,134362,0.523150,1,10,14,21,113266,27.52342,0.00175,2.39294,0.00572,0,1,3,6.048866,5.054214,5.054214,-0.018192,-0.017908,14.943590,10156,0.001198,0.074256,55754,22758,12605,7927,5564,4057,2935,2414,20347,1,1,1,1
23.0000,6344,1,1,71332,0,136652,0.522001,2,33,33,37,104352,27.93937,0.00175,2.39294,0.00572,1,0,2,1.072635,1.000000,2.539957,-0.226115,-0.226104,14.735395,6349,0.015344,0.047077,56711,23303,12775,8023,5416,4107,2959,2476,20881,1,1,1,1
23.9000,6344,1,1,72882,0,139833,0.521211,1,8,8,22,4331213,28.56314,0.00175,2.39294,0.00572,1,0,2,1.157364,1.000000,1.702364,-0.537964,-0.537941,14.423543,640,0.037296,0.004848,57977,23601,13083,8262,5723,4245,3209,2596,21136,1,1,1,1
22.3500,6356,1,1,70275,1,134525,0.522397,1,11,20,34,3267188,27.47821,0.00267,2.39054,0.00596,0,1,3,2.275244,1.638577,1.477697,-0.005582,-0.005452,14.955915,10489,0.000365,0.076483,56104,22862,12347,7780,5550,3941,3053,2412,20475,1,1,1,1
22.4000,6356,1,1,70024,0,134383,0.521082,5,12,12,35,53628,27.51288,0.00267,2.39054,0.00596,1,1,2,1.256495,1.000000,3.713706,-0.022995,-0.022959,14.938507,10171,0.001537,0.074250,55783,22795,12532,7944,5397,3908,3065,2404,20554,1,1,1,1
23.0000,6356,1,1,71315,1,136821,0.521232,1,3,22,343,133194,27.92882,0.00267,2.39054,0.00596,0,0,3,2.362099,1.910157,1.910157,-0.230907,-0.230772,14.730502,6357,0.015666,0.047063,56707,23222,12750,8057,5649,4010,3144,2478,20803,1,1,1,1
23.9000,6356,1,1,72816,0,140060,0.519895,190,16,275,275,557719,28.55260,0.00267,2.39054,0.00596,1,1,2,1.330431,1.000000,6.451131,-0.542899,-0.542854,14.418596,639,0.037650,0.004833,58163,23805,13054,8216,5741,4130,3128,2548,21274,1,1,1,1
22.3500,6368,1,1,70134,0,134648,0.520873,1,4,46,56,74509,27.48293,0.00245,2.38764,0.00534,1,1,2,1.299224,1.000000,1.623491,-0.003312,-0.003271,14.958042,10515,0.000219,0.076517,55967,22790,12549,7954,5347,3907,3139,2395,20599,1,1,1,1
22.4000,6368,1,1,70338,0,134865,0.521548,4,2,11,265,235607,27.51766,0.00245,2.38764,0.00534,1,1,3,1.358289,1.000000,1.412288,-0.020660,-0.020612,14.940830,10197,0.001380,0.074288,55876,22888,12747,7869,5418,4030,3079,2379,20578,1,1,1,1
23.0000,6368,1,1,71352,0,137165,0.520195,1,3,12,103,344087,27.93357,0.00245,2.38764,0.00534,1,1,2,1.411093,1.000000,1.809017,-0.228639,-0.228585,14.732826,6376,0.015515,0.047107,56847,23229,13066,8170,5441,4157,3145,2456,20653,1,1,1,1
23.9000,6368,1,1,72947,1,140306,0.519917,1,41,41,204,900724,28.55738,0.00245,2.38764,0.00534,0,1,3,4.111779,3.421257,3.417845,-0.540594,-0.540372,14.421105,644,0.037471,0.004861,58424,23646,12943,8199,5693,4263,3196,2533,21408,1,1,1,1
22.3500,6380,1,1,70618,0,134999,0.523104,8,3,24,24,237796,27.47922,0.00330,2.39340,0.00557,1,1,2,1.353199,1.000000,1.498323,-0.004825,-0.004777,14.956666,10533,0.000319,0.076511,56016,23024,12512,7906,5430,4007,3083,2550,20470,1,1,1,1
22.4000,6380,1,1,70310,0,134756,0.521762,5,4,25,6915,187540,27.51388,0.00330,2.39340,0.00557,1,1,2,1.321180,1.000000,1.908197,-0.022173,-0.022129,14.939323,10213,0.001481,0.074272,55827,22852,12477,7944,5546,3942,3126,2404,20637,1,1,1,1
23.0000,6380,1,1,71823,1,137283,0.523179,5,143,143,143,191263,27.92977,0.00330,2.39340,0.00557,0,1,3,10.051016,9.410308,9.410308,-0.230244,-0.229882,14.731618,6390,0.015605,0.047125,56863,23288,12926,8084,5608,4130,3076,2513,20794,1,1,1,1
23.9000,6380,1,1,73273,1,140340,0.522114,1,22,22,117,501387,28.55360,0.00330,2.39340,0.00557,0,1,3,4.013254,3.681105,3.681105,-0.542086,-0.541868,14.419628,644,0.037579,0.004852,58230,23656,13081,8278,5698,4174,3290,2543,21389,1,1,1,1
22.3500,6392,1,1,70501,1,135126,0.521747,122,7,122,253,405028,27.48995,0.00163,2.39848,0.00699,0,1,3,4.326393,3.481992,3.481992,-0.000341,-0.000112,14.961372,10550,0.000007,0.076466,55901,23066,12561,7927,5506,3974,3197,2512,20481,1,1,1,1
22.4000,6392,1,1,70454,0,135514,0.519906,1,7,94,232,139479,27.52454,0.00163,2.39848,0.00699,1,1,2,1.364157,1.000000,3.730735,-0.017642,-0.017593,14.943847,10232,0.001177,0.074248,56072,23314,12541,8062,5486,4013,3142,2394,20489,1,1,1,1
23.0000,6392,1,1,71733,1,137560,0.521471,1,7,19,35,61531,27.94052,0.00163,2.39848,0.00699,0,1,3,4.095175,3.332237,3.332237,-0.225621,-0.225401,14.735824,6395,0.015296,0.047060,57095,23261,12946,8095,5675,4161,3023,2409,20894,1,1,1,1
23.9000,6392,1,1,73536,0,141239,0.520653,3,11,11,15,138766,28.56426,0.00163,2.39848,0.00699,1,1,2,1.413577,1.000000,5.744702,-0.537537,-0.537483,14.423924,644,0.037263,0.004842,58556,24211,13142,8323,5854,4170,3197,2529,21256,1,1,1,1
22.3500,6404,1,1,70395,1,134631,0.522878,1,33,72,205,2975305,27.47598,0.00419,2.39307,0.00576,0,1,3,1.580134,1.131988,1.004250,-0.005916,-0.005845,14.955530,10572,0.000391,0.076512,55479,22640,12731,7955,5610,4071,3109,2352,20683,1,1,1,1
22.4000,6404,1,1,70289,1,135103,0.520266,4,5,10,35,171755,27.51062,0.00419,2.39307,0.00576,0,1,3,3.415698,2.714539,2.714539,-0.023317,-0.023125,14.938371,10253,0.001548,0.074289,55773,22913,12618,8015,5538,4041,3179,2374,20651,1,1,1,1
23.0000,6404,1,1,71856,0,137827,0.521353,2,9,12,24,73939,27.92657,0.00419,2.39307,0.00576,1,0,2,1.128914,1.000000,1.435703,-0.231243,-0.231224,14.730266,6409,0.015697,0.047093,57091,23535,12989,7998,5556,4063,3134,2502,20958,1,1,1,1
23.9000,6404,1,1,73366,0,140972,0.520433,1,8,45,59,176236,28.55034,0.00419,2.39307,0.00576,1,1,2,1.328976,1.000000,3.403198,-0.543195,-0.543151,14.418300,646,0.037671,0.004849,58439,24014,12889,8353,5734,4215,3289,2553,21485,1,1,1,1
22.3500,6416,1,1,70367,1,135045,0.521067,2,3,102,102,170604,27.47500,0.00308,2.39822,0.00514,0,1,3,2.183098,1.656266,1.656266,-0.006985,-0.006863,14.954591,10592,0.000459,0.076518,55889,22881,12539,7899,5553,4083,3101,2399,20700,1,1,1,1
22.4000,6416,1,1,70574,0,135331,0.521496,2,10,10,79,536865,27.50968,0.00308,2.39822,0.00514,1,1,2,1.347870,1.000000,4.473939,-0.024402,-0.024355,14.937090,10272,0.001631,0.074293,56054,22784,12547,8090,5593,4012,3014,2409,20827,1,1,1,1
23.0000,6416,1,1,71878,0,138235,0.519973,2,4,13,273,118748,27.92561,0.00308,2.39822,0.00514,1,1,2,1.378475,1.000000,2.267208,-0.232315,-0.232265,14.729098,6421,0.015769,0.047096,57134,23698,12963,8115,5572,4118,3166,2509,20959,1,1,1,1
23.9000,6416,1,1,73845,1,141411,0.522205,2,2,12,235,62295,28.54940,0.00308,2.39822,0.00514,0,0,3,1.355755,1.011398,1.011398,-0.544146,-0.544098,14.417241,647,0.037739,0.004848,58582,24061,13139,8334,5890,4199,3177,2571,21457,1,1,1,1
22.3500,6428,1,1,70814,0,136298,0.519557,3,2,27,27,1124606,27.46783,0.00292,2.38241,0.00650,1,1,3,1.093308,1.000000,1.003895,-0.010585,-0.010571,14.950926,10616,0.000707,0.076567,56793,23006,12651,8066,5549,4000,3139,2405,20688,1,1,1,1
22.4000,6428,1,1,71120,0,136112,0.522515,5,4,43,133,199925,27.50255,0.00292,2.38241,0.00650,1,1,2,1.400996,1.000000,2.309121,-0.028017,-0.027965,14.933416,10288,0.001873,0.074288,56592,23001,12778,7871,5580,4060,3038,2411,20780,1,1,1,1
23.0000,6428,1,1,72107,1,138347,0.521208,1,5,32,364,171481,27.91846,0.00292,2.38241,0.00650,0,1,3,2.838576,2.128964,2.128964,-0.235965,-0.235803,14.725647,6431,0.016013,0.047093,57420,23479,13020,8071,5599,4104,3084,2541,21028,1,1,1,1
23.9000,6428,1,1,73820,0,141670,0.521074,2,9,23,101,121506,28.54227,0.00292,2.38241,0.00650,1,0,2,1.231318,1.000000,2.621043,-0.547887,-0.547855,14.413618,646,0.038010,0.004833,58734,24105,13187,8403,5843,4266,3166,2568,21397,1,1,1,1
22.3500,6440,1,1,70795,1,135764,0.521460,1,22,23,25,56457,27.47087,0.00194,2.38036,0.00515,0,1,3,10.396651,9.116503,9.116503,-0.009815,-0.009452,14.952051,10627,0.000632,0.076498,56348,22931,12481,7997,5455,4086,3001,2503,20961,1,1,1,1
22.4000,6440,1,1,70991,1,136510,0.520046,2,3,372,654,735937,27.50553,0.00194,2.38036,0.00515,0,1,3,2.758253,2.140503,2.140503,-0.027031,-0.026873,14.934296,10310,0.001799,0.074304,56657,23178,12805,7999,5584,4066,3157,2451,20612,1,1,1,1
23.0000,6440,1,1,72332,0,138838,0.520985,1,46,46,53,435362,27.92142,0.00194,2.38036,0.00515,1,1,2,1.059562,1.000000,2.904636,-0.234999,-0.234990,14.726512,6442,0.015957,0.047083,57790,23672,12802,8223,5537,4145,3114,2462,21092,1,1,1,1
23.9000,6440,1,1,74221,1,142373,0.521317,1,15,187,187,294505,28.54525,0.00194,2.38036,0.00515,0,1,3,2.448621,2.228732,2.228732,-0.546895,-0.546756,14.414740,647,0.037930,0.004831,59006,24196,13276,8504,5864,4240,3177,2630,21479,1,1,1,1
22.3500,6452,1,1,71066,0,136391,0.521050,1,17,606,719,88525,27.47470,0.00183,2.38728,0.00858,1,1,2,1.067578,1.000000,1.309284,-0.007782,-0.007772,14.953729,10648,0.000520,0.076498,56587,23223,12789,8145,5362,4001,3040,2494,20749,1,1,1,1
22.4000,6452,1,1,71555,1,136934,0.522555,17,24,24,41,201097,27.50930,0.00183,2.38728,0.00858,0,1,3,5.953106,5.193550,5.193550,-0.025187,-0.024910,14.936578,10327,0.001668,0.074277,56624,23385,12891,8198,5518,4080,3092,2524,20621,1,1,1,1
23.0000,6452,1,1,72474,0,138933,0.521651,124,7,124,155,184027,27.92527,0.00183,2.38728,0.00858,1,1,3,1.120956,1.000000,1.062614,-0.233046,-0.233028,14.728148,6453,0.015822,0.047070,57987,23280,12829,8289,5643,4068,3188,2540,21108,1,1,1,1
23.9000,6452,1,1,74356,0,142695,0.521087,1,1,128,128,560165,28.54902,0.00183,2.38728,0.00858,1,0,3,1.396719,1.000000,1.271301,-0.544938,-0.544886,14.416541,647,0.037796,0.004821,59502,24114,13239,8378,5827,4269,3232,2547,21586,1,1,1,1
22.3500,6464,1,1,70840,0,136095,0.520523,1,2,348809,348809,348809,27.48235,0.00182,2.38625,0.00480,1,0,3,1.406659,1.000000,1.380397,-0.003941,-0.003889,14.957531,10671,0.000260,0.076501,56488,22934,12770,7970,5517,3993,3055,2407,20960,1,1,1,1
22.4000,6464,1,1,71639,1,137338,0.521629,1,19,19,64,54941,27.51698,0.00182,2.38625,0.00480,0,1,3,4.786881,4.392967,4.392967,-0.021351,-0.021109,14.940390,10349,0.001413,0.074278,57038,23331,12961,8019,5703,4126,3016,2485,20658,1,1,1,1
23.0000,6464,1,1,72573,1,139144,0.521571,19,19,19,32,369763,27.93294,0.00182,2.38625,0.00480,0,1,3,3.180385,2.522124,2.522124,-0.229284,-0.229105,14.732363,6469,0.015551,0.047086,57591,23878,12888,8111,5648,4059,3220,2508,21240,1,1,1,1
23.9000,6464,1,1,74091,1,141922,0.522058,2,58,58,60,98007,28.55671,0.00182,2.38625,0.00480,0,0,3,2.940948,2.564336,2.564336,-0.541170,-0.541003,14.420204,652,0.037517,0.004848,58684,23991,13089,8379,5912,4260,3232,2587,21787,1,1,1,1
22.3500,6476,1,1,71473,1,136715,0.522792,11,3,25,25,406813,27.47576,0.00595,2.37816,0.00622,0,1,3,2.428297,1.827348,1.827348,-0.005171,-0.005034,14.955918,10689,0.000337,0.076497,56839,23001,12782,7975,5682,4083,3053,2434,20865,1,1,1,1
22.4000,6476,1,1,71482,0,136851,0.522338,1,1,11,5409,765543,27.51044,0.00595,2.37816,0.00622,1,0,3,1.413434,1.000000,1.113136,-0.022474,-0.022420,14.938990,10364,0.001501,0.074255,56679,23318,12727,8104,5459,4038,3101,2438,20986,1,1,1,1
23.0000,6476,1,1,72881,1,139501,0.522444,1,1,46,214,153960,27.92637,0.00595,2.37816,0.00622,0,0,3,1.516760,1.074791,1.074791,-0.230437,-0.230373,14.731022,6477,0.015639,0.047061,57591,23646,13196,8305,5829,4233,3192,2512,20996,1,1,1,1
23.9000,6476,1,1,74369,1,142705,0.521142,1,4,9,137,151035,28.55016,0.00595,2.37816,0.00622,0,1,3,3.311939,2.559181,2.559181,-0.542399,-0.542214,14.419046,650,0.037604,0.004825,59070,24358,13285,8542,5728,4193,3252,2485,21791,1,1,1,1
22.3500,6488,1,1,71991,1,137767,0.522560,18,10,18,32,443411,27.48397,0.00139,2.37272,0.00643,0,1,3,1.534147,1.093235,1.002849,-0.003273,-0.003207,14.958217,10715,0.000214,0.076529,57652,23309,12760,8037,5467,4013,3109,2497,20922,1,1,1,1
22.4000,6488,1,1,71710,0,137433,0.521785,1,1,58,58,375592,27.51870,0.00139,2.37272,0.00643,1,1,3,1.401141,1.000000,1.304002,-0.020658,-0.020606,14.940776,10391,0.001379,0.074302,56805,23667,12686,8071,5596,4128,3089,2532,20858,1,1,1,1
23.0000,6488,1,1,73001,1,139964,0.521574,1,2,5,55,697733,27.93461,0.00139,2.37272,0.00643,0,0,3,1.840278,1.468736,1.468736,-0.228620,-0.228526,14.732765,6500,0.015511,0.047135,58157,23735,13192,8232,5735,4126,3092,2508,21186,1,1,1,1
23.9000,6488,1,1,74159,1,143086,0.518286,2,17,19,359,135059,28.55842,0.00139,2.37272,0.00643,0,1,3,10.813442,8.602224,8.602224,-0.540666,-0.540299,14.421205,659,0.037466,0.004882,59311,24374,13237,8381,5828,4231,3277,2640,21806,1,1,1,1
22.3500,6500,1,1,71880,0,137865,0.521383,3,1,36,713,136915,27.48235,0.00160,2.37422,0.00529,1,1,3,1.281765,1.000000,1.085465,-0.004076,-0.004038,14.957472,10730,0.000270,0.076499,57477,23262,12832,8213,5581,4023,3090,2430,20956,1,1,1,1
22.4000,6500,1,1,71853,1,137330,0.523218,1,1,5,60,814968,27.51700,0.00160,2.37422,0.00529,0,0,3,1.361057,1.005475,1.005475,-0.021402,-0.021354,14.939996,10406,0.001429,0.074275,56871,23288,12805,8029,5510,4039,3210,2495,21082,1,1,1,1
23.0000,6500,1,1,73328,0,140046,0.523603,1,7,16,53,469702,27.93289,0.00160,2.37422,0.00529,1,1,2,1.315468,1.000000,3.027743,-0.229431,-0.229388,14.732069,6505,0.015571,0.047086,58324,23880,12844,8161,5650,4216,3208,2487,21275,1,1,1,1
23.9000,6500,1,1,74756,0,143302,0.521671,1,3,63,63,1049522,28.55672,0.00160,2.37422,0.00529,1,0,2,1.324560,1.000000,1.402584,-0.541288,-0.541245,14.420210,655,0.037534,0.004844,59433,24306,13266,8446,5804,4255,3384,2588,21819,1,1,1,1
22.3500,6512,1,1,71589,1,137528,0.520545,1,3,14,411,82750,27.47609,0.00149,2.37595,0.00576,0,1,3,1.942456,1.377583,1.337469,-0.007249,-0.007148,14.954246,10752,0.000478,0.076531,57170,23252,12755,8051,5722,4053,3139,2462,20923,1,1,1,1
22.4000,6512,1,1,72192,0,138117,0.522691,2,8,172,172,51497,27.51069,0.00149,2.37595,0.00576,1,1,2,1.413450,1.000000,4.580064,-0.024645,-0.024592,14.936819,10431,0.001646,0.074333,57545,23368,12770,8233,5477,4047,3127,2453,21096,1,1,1,1
23.0000,6512,1,1,73143,1,140472,0.520698,12,54,54,54,2117660,27.92666,0.00149,2.37595,0.00576,0,1,3,13.300195,12.846767,12.846767,-0.232711,-0.232314,14.728414,6519,0.015773,0.047112,58356,23903,13133,8198,5683,4245,3127,2570,21256,1,1,1,1
23.9000,6512,1,1,74836,0,143483,0.521571,19,11,19,40,1531727,28.55041,0.00149,2.37595,0.00576,1,1,2,1.145473,1.000000,1.908685,-0.544436,-0.544416,14.416793,659,0.037763,0.004866,59471,24219,13550,8533,5784,4227,3299,2587,21812,1,1,1,1
22.3500,6524,1,1,72071,1,138328,0.521019,1,1,24,106,108410902,27.48263,0.00149,2.37403,0.00632,0,1,3,1.302699,1.074709,1.074709,-0.003945,-0.003904,14.957574,10769,0.000261,0.076494,57477,23550,12703,8254,5578,4243,3127,2430,20965,1,1,1,1
22.4000,6524,1,1,72275,1,138309,0.522566,1,4,12,27,479121,27.51726,0.00149,2.37403,0.00632,0,1,3,3.162358,2.394763,2.394763,-0.021328,-0.021152,14.940139,10445,0.001416,0.074279,57154,23712,12715,8199,5839,4043,3283,2425,20938,1,1,1,1
23.0000,6524,1,1,73141,1,140490,0.520617,1,379,379,379,126916,27.93322,0.00149,2.37403,0.00632,0,1,3,215.826842,177.598141,177.598141,-0.229635,-0.228811,14.731745,6527,0.015532,0.047073,58406,23844,12958,8234,5729,4125,3265,2556,21372,1,1,1,1
23.9000,6524,1,1,75294,0,144399,0.521434,2,2,6,32,68822,28.55698,0.00149,2.37403,0.00632,1,1,3,1.413973,1.000000,1.312131,-0.541142,-0.541089,14.420320,657,0.037523,0.004841,60316,24533,13434,8431,5794,4213,3201,2610,21866,1,1,1,1
22.3500,6536,1,1,71991,1,138046,0.521504,1,6,19,19,2007667,27.48045,0.00301,2.37379,0.00759,0,1,3,4.283394,3.425489,3.425489,-0.004346,-0.004123,14.957125,10790,0.000276,0.076504,57447,23340,12812,8105,5590,4143,3194,2441,20973,1,1,1,1
22.4000,6536,1,1,72064,0,138268,0.521195,4,3,67,85,162451,27.51513,0.00301,2.37379,0.00759,1,1,3,1.320435,1.000000,1.295019,-0.021605,-0.021562,14.939771,10464,0.001443,0.074279,57179,23497,12944,8064,5641,4107,3102,2467,21266,1,1,1,1
23.0000,6536,1,1,73065,1,140818,0.518865,12,53,53,107,166576,27.93106,0.00301,2.37379,0.00759,0,1,3,25.276771,22.213375,22.213375,-0.229793,-0.229299,14.732213,6542,0.015564,0.047093,58468,23587,13389,8417,5706,4176,3177,2539,21358,1,1,1,1
23.9000,6536,1,1,75313,1,144371,0.521667,1,20,39,39,2706504,28.55485,0.00301,2.37379,0.00759,0,0,3,2.683262,2.127753,2.127753,-0.541507,-0.541356,14.419942,659,0.037542,0.004847,60157,24486,13361,8500,5803,4279,3353,2543,21888,1,1,1,1
22.3500,6548,1,1,72724,0,138932,0.523454,1,44,44,44,105867,27.48363,0.00180,2.38305,0.00621,1,1,2,1.401550,1.000000,21.653801,-0.003475,-0.003424,14.958003,10806,0.000229,0.076473,57886,23620,12895,8080,5726,4150,3065,2492,21017,1,1,1,1
22.4000,6548,1,1,72157,1,138394,0.521392,4,91,91,93,161294,27.51836,0.00180,2.38305,0.00621,0,1,3,8.703370,8.466266,8.466266,-0.020764,-0.020434,14.940527,10478,0.001368,0.074239,57486,23420,12898,8208,5619,3982,3111,2497,21172,1,1,1,1
23.0000,6548,1,1,73513,1,140925,0.521650,2,2,23,95,333151,27.93426,0.00180,2.38305,0.00621,0,0,3,1.297159,1.000880,1.000880,-0.228555,-0.228516,14.732804,6549,0.015511,0.047055,58344,23847,13293,8280,5749,4217,3182,2532,21480,1,1,1,1
23.9000,6548,1,1,75201,1,144809,0.519315,2,2,170,170,180101,28.55808,0.00180,2.38305,0.00621,0,1,3,1.097552,1.092302,1.092302,-0.540460,-0.540446,14.421067,657,0.037476,0.004823,60180,24628,13563,8624,5799,4354,3250,2542,21868,1,1,1,1
22.3500,6560,1,1,72752,0,138978,0.523482,1,3,7,70,103138,27.48747,0.00231,2.39241,0.00580,1,0,2,1.290794,1.000000,1.400051,-0.001174,-0.001135,14.960329,10830,0.000076,0.076491,57800,23579,13105,8039,5712,4062,3259,2528,20893,1,1,1,1
22.4000,6560,1,1,73033,1,139443,0.523752,5,6,33,85,122017,27.52213,0.00231,2.39241,0.00580,0,1,3,2.377559,2.162436,2.162436,-0.018536,-0.018404,14.942706,10501,0.001232,0.074255,58108,23603,12940,8208,5753,4189,3180,2549,20912,1,1,1,1
23.0000,6560,1,1,73572,0,141332,0.520565,1,22,22,98,710105,27.93802,0.00231,2.39241,0.00580,1,1,2,1.358479,1.000000,9.973031,-0.226598,-0.226551,14.734804,6568,0.015375,0.047099,58813,23878,13151,8231,5716,4260,3183,2524,21575,1,1,1,1
23.9000,6560,1,1,75274,0,144639,0.520430,1,5,38,65,259515,28.56185,0.00231,2.39241,0.00580,1,0,2,1.297565,1.000000,2.009595,-0.538391,-0.538352,14.423111,661,0.037326,0.004842,59884,24485,13648,8495,6063,4336,3273,2456,21998,1,1,1,1
22.3500,6572,1,1,72612,0,138806,0.523122,6,10,112,188,70081,27.48765,0.00264,2.39618,0.00589,1,1,2,1.412340,1.000000,5.448681,-0.001004,-0.000951,14.960449,10851,0.000064,0.076499,57737,23685,12799,8094,5538,4166,3139,2439,21208,1,1,1,1
22.4000,6572,1,1,72673,1,139632,0.520465,1,12,49,120,62173,27.52225,0.00264,2.39618,0.00589,0,0,3,3.662795,2.877638,2.877638,-0.018252,-0.018054,14.943253,10523,0.001208,0.074272,58278,23722,12823,8205,5687,4133,3145,2440,21198,1,1,1,1
23.0000,6572,1,1,73758,0,141240,0.522221,2,3,8,27,948889,27.93822,0.00264,2.39618,0.00589,1,1,2,1.401231,1.000000,1.729073,-0.226199,-0.226148,14.735238,6579,0.015347,0.047090,58662,23833,13134,8320,5801,4170,3305,2506,21508,1,1,1,1
23.9000,6572,1,1,75287,1,144810,0.519906,1,17,345,345,352269,28.56197,0.00264,2.39618,0.00589,0,1,3,3.457065,2.686208,2.658815,-0.538106,-0.537917,14.423399,666,0.037295,0.004870,60024,24561,13515,8574,5934,4421,3325,2570,21885,1,1,1,1
22.3500,6584,1,1,72398,0,138730,0.521866,1,4,7,21,1031064,27.48568,0.00147,2.38680,0.00641,1,0,2,1.245006,1.000000,1.301675,-0.002438,-0.002405,14.959069,10870,0.000161,0.076500,57319,23557,13020,8250,5574,4082,3176,2462,21289,1,1,1,1
22.4000,6584,1,1,72790,0,139731,0.520933,4,66,66,66,476423,27.52032,0.00147,2.38680,0.00641,1,0,2,1.044034,1.000000,3.013526,-0.019821,-0.019814,14.941693,10540,0.001326,0.074264,58075,23727,13099,8109,5796,4262,3225,2492,20945,1,1,1,1
23.0000,6584,1,1,73964,0,141755,0.521777,6,2,12,61,222678,27.93627,0.00147,2.38680,0.00641,1,1,3,1.360319,1.000000,1.100958,-0.227718,-0.227671,14.733686,6589,0.015452,0.047081,59007,24047,13096,8376,5769,4122,3160,2522,21655,1,1,1,1
23.9000,6584,1,1,75827,1,145235,0.522102,1,2,9,281,403909,28.56004,0.00147,2.38680,0.00641,0,0,3,1.432940,1.015305,1.015305,-0.539590,-0.539536,14.421863,665,0.037411,0.004854,60203,24696,13598,8458,6018,4308,3296,2619,22038,1,1,1,1
22.3500,6596,1,1,73222,0,139998,0.523025,85,2,85,85,285668,27.48630,0.00257,2.39495,0.00532,1,1,3,1.340621,1.000000,1.160673,-0.001548,-0.001503,14.959950,10887,0.000100,0.076476,58253,23818,13266,8107,5655,4180,3044,2496,21178,1,1,1,1
22.4000,6596,1,1,73159,1,139639,0.523919,2,219,219,219,216363,27.52098,0.00257,2.39495,0.00532,0,1,3,80.368699,74.594336,74.594336,-0.019210,-0.018545,14.942968,10557,0.001241,0.074242,58041,23574,12957,8292,5817,4108,3133,2532,21184,1,1,1,1
23.0000,6596,1,1,74186,0,142170,0.521816,2,6,29,1875,141744,27.93691,0.00257,2.39495,0.00532,1,1,2,1.234604,1.000000,1.923892,-0.226897,-0.226865,14.734420,6600,0.015397,0.047071,59104,24239,13175,8406,5776,4206,3241,2484,21538,1,1,1,1
23.9000,6596,1,1,75637,1,145183,0.520981,1,8,20,94,370744,28.56070,0.00257,2.39495,0.00532,0,1,3,3.632538,3.145467,3.145467,-0.538830,-0.538635,14.422860,664,0.037346,0.004838,60053,24531,13734,8636,6063,4288,3157,2542,22178,1,1,1,1
22.3500,6608,1,1,72925,1,139879,0.521347,1,25,25,25,271928,27.48131,0.00256,2.40082,0.00612,0,1,3,4.436834,3.994338,3.994338,-0.004123,-0.003898,14.957600,10907,0.000261,0.076489,58066,23861,13147,8248,5640,4089,3114,2470,21243,1,1,1,1
22.4000,6608,1,1,72904,0,139906,0.521096,10,3,585,585,161369,27.51603,0.00256,2.40082,0.00612,1,1,3,1.290415,1.000000,1.251674,-0.021395,-0.021356,14.939963,10577,0.001429,0.074262,57932,23937,13213,8109,5647,4194,3105,2532,21236,1,1,1,1
23.0000,6608,1,1,73790,0,141752,0.520561,1,12,33,61,349852,27.93194,0.00256,2.40082,0.00612,1,1,2,1.410443,1.000000,6.703311,-0.229477,-0.229425,14.731995,6612,0.015573,0.047079,58532,24244,13157,8372,5822,4312,3259,2384,21669,1,1,1,1
23.9000,6608,1,1,75827,1,145323,0.521786,1,2,9,45,73708,28.55575,0.00256,2.40082,0.00612,0,0,3,1.846151,1.321825,1.321825,-0.541259,-0.541167,14.420217,668,0.037528,0.004859,60123,24742,13592,8575,5794,4310,3292,2565,22329,1,1,1,1
22.3500,6620,1,1,72947,1,140001,0.521050,2,38,38,38,816486,27.48097,0.00235,2.39828,0.00740,0,1,3,11.779663,10.986398,10.986398,-0.004560,-0.004188,14.956822,10926,0.000280,0.076487,58173,23762,12960,8395,5677,4098,3167,2553,21215,1,1,1,1
22.4000,6620,1,1,73313,1,140185,0.522977,5,12,23,96,674580,27.51563,0.00235,2.39828,0.00740,0,1,3,2.193986,1.624654,1.574106,-0.021739,-0.021621,14.939830,10595,0.001447,0.074254,58187,23935,12899,8313,5789,4156,3123,2536,21246,1,1,1,1
23.0000,6620,1,1,74489,1,142616,0.522308,2,196,196,196,185189,27.93151,0.00235,2.39828,0.00740,0,1,3,53.332620,51.103534,51.103534,-0.229949,-0.229348,14.731417,6625,0.015569,0.047088,59197,24063,13379,8368,5853,4313,3299,2553,21590,1,1,1,1
23.9000,6620,1,1,76208,0,146268,0.521020,1,1,13,28,193521,28.55535,0.00235,2.39828,0.00740,1,0,3,1.354660,1.000000,1.065300,-0.541573,-0.541527,14.419922,665,0.037554,0.004829,61003,24679,13725,8730,5854,4219,3303,2612,22142,1,1,1,1
22.3500,6632,1,1,73245,1,140373,0.521792,5,2,11,293,744249,27.48183,0.00371,2.38977,0.00580,0,1,3,1.475615,1.231237,1.231237,-0.003259,-0.003200,14.957977,10944,0.000214,0.076469,58370,23847,13169,8157,5681,4203,3202,2484,21259,1,1,1,1
22.4000,6632,1,1,73346,0,140541,0.521887,1,7,43,167,210434,27.51643,0.00371,2.38977,0.00580,1,1,2,1.132399,1.000000,1.179088,-0.020556,-0.020537,14.940958,10613,0.001375,0.074240,58363,24077,13018,8188,5740,4178,3202,2420,21354,1,1,1,1
23.0000,6632,1,1,74205,1,142655,0.520175,30,3,30,82,394523,27.93240,0.00371,2.38977,0.00580,0,1,3,1.833406,1.476224,1.476224,-0.228560,-0.228468,14.733041,6634,0.015507,0.047061,59180,24336,13198,8401,5742,4279,3269,2520,21729,1,1,1,1
23.9000,6632,1,1,75896,0,146089,0.519522,1,679,679,1510,161851,28.55615,0.00371,2.38977,0.00580,1,1,2,1.005654,1.000000,3.866822,-0.540506,-0.540506,14.420228,666,0.037482,0.004827,60554,24934,13570,8632,5879,4342,3325,2621,22231,1,1,1,1
22.3500,6644,1,1,73491,1,140747,0.522153,2,1,8,1281,2093032,27.48995,0.00167,2.38405,0.00673,0,1,3,1.450033,1.155463,1.155463,-0.000190,-0.000134,14.961137,10962,0.000009,0.076440,58362,23839,13283,8308,5898,4118,3141,2489,21308,1,1,1,1
22.4000,6644,1,1,73424,0,141166,0.520129,8,24,24,50,137624,27.52459,0.00167,2.38405,0.00673,1,0,2,1.075846,1.000000,1.957678,-0.017554,-0.017543,14.943960,10630,0.001174,0.074210,58883,23810,13117,8340,5825,4129,3254,2497,21310,1,1,1,1
23.0000,6644,1,1,74435,1,142701,0.521619,1,10,37,37,64660,27.94054,0.00167,2.38405,0.00673,0,1,3,3.797465,3.008373,3.008373,-0.225562,-0.225361,14.736111,6646,0.015293,0.047051,59325,24169,13205,8319,5706,4216,3254,2577,21929,1,1,1,1
23.9000,6644,1,1,76489,1,146787,0.521092,1,5,30,31,247670,28.56431,0.00167,2.38405,0.00673,0,1,3,3.648335,2.909553,2.909553,-0.537444,-0.537249,14.424250,664,0.037246,0.004803,61054,24919,13593,8514,5979,4322,3394,2553,22458,1,1,1,1
22.3500,6656,1,1,73443,1,141178,0.520219,1,1,2,46,407526,27.48932,0.00167,2.37754,0.00480,0,1,3,1.597530,1.199332,1.199332,-0.000492,-0.000421,14.961035,10995,0.000028,0.076532,58593,23938,13270,8508,5624,4158,3245,2525,21316,1,1,1,1
22.4000,6656,1,1,73284,0,140775,0.520579,76,181,181,181,498180,27.52399,0.00167,2.37754,0.00480,1,0,2,1.025403,1.000000,4.682746,-0.017937,-0.017933,14.943578,10659,0.001200,0.074280,58182,24012,13236,8282,5731,4210,3270,2442,21409,1,1,1,1
23.0000,6656,1,1,74909,1,143622,0.521574,1,1,7,48,85482,27.93992,0.00167,2.37754,0.00480,0,1,3,1.329575,1.050212,1.050212,-0.225787,-0.225744,14.735727,6667,0.015320,0.047116,59802,24434,13193,8296,5829,4336,3314,2593,21824,1,1,1,1
23.9000,6656,1,1,76480,0,146886,0.520679,19,4,19,598,323805,28.56372,0.00167,2.37754,0.00480,1,1,2,1.408176,1.000000,2.058654,-0.537734,-0.537683,14.423742,675,0.037278,0.004873,60851,25059,13611,8611,6030,4396,3392,2596,22339,1,1,1,1
22.3500,6668,1,1,73660,0,141387,0.520985,1,96,96,96,1152751,27.48508,0.00294,2.36368,0.00520,1,1,2,1.217454,1.000000,23.565693,-0.002178,-0.002149,14.959332,11008,0.000144,0.076494,58736,23965,13175,8368,5801,4230,3175,2542,21394,1,1,1,1
22.4000,6668,1,1,73931,1,141691,0.521780,1,10,10,72,359869,27.51980,0.00294,2.36368,0.00520,0,1,3,6.650249,5.281537,5.281537,-0.019426,-0.019142,14.942012,10675,0.001281,0.074266,59083,24000,13222,8262,5735,4128,3228,2525,21507,1,1,1,1
23.0000,6668,1,1,75022,0,143652,0.522252,6,31,33,776,682033,27.93571,0.00294,2.36368,0.00520,1,1,2,1.057233,1.000000,1.902488,-0.227302,-0.227294,14.733788,6675,0.015427,0.047094,59684,24264,13413,8423,5929,4234,3271,2548,21885,1,1,1,1
23.9000,6668,1,1,76301,1,146736,0.519992,2,188,188,188,71839,28.55952,0.00294,2.36368,0.00520,0,0,3,5.669841,5.195688,5.195688,-0.539285,-0.539025,14.422126,672,0.037375,0.004844,60854,24872,13627,8561,5959,4444,3192,2687,22539,1,1,1,1
22.3500,6680,1,1,73731,1,141146,0.522378,1,8,23,489,157127,27.48437,0.00166,2.37126,0.00475,0,1,3,6.002394,4.643155,4.643155,-0.003133,-0.002864,14.958342,11029,0.000191,0.076507,58458,24020,13124,8282,5802,4177,3262,2581,21439,1,1,1,1
22.4000,6680,1,1,73458,0,140752,0.521900,1,319,319,319,164098,27.51903,0.00166,2.37126,0.00475,1,1,2,1.314028,1.000000,116.279317,-0.020703,-0.020662,14.940800,10693,0.001383,0.074263,58191,23757,13126,8368,5789,4075,3158,2518,21769,1,1,1,1
23.0000,6680,1,1,74648,0,143613,0.519789,1,13,72,72,159262,27.93492,0.00166,2.37126,0.00475,1,1,2,1.096224,1.000000,1.476543,-0.228319,-0.228306,14.732853,6686,0.015496,0.047090,59360,24361,13447,8598,5774,4250,3376,2613,21833,1,1,1,1
23.9000,6680,1,1,76523,1,147009,0.520536,1,3,19,94,292745,28.55875,0.00166,2.37126,0.00475,0,1,3,2.395080,1.888760,1.888760,-0.540254,-0.540124,14.421381,673,0.037453,0.004842,60898,24922,13696,8615,5973,4446,3362,2554,22542,1,1,1,1
22.3500,6692,1,1,73791,1,141578,0.521208,1,10,33,33,287203,27.48777,0.00186,2.37621,0.00495,0,1,3,1.872113,1.361744,1.306037,-0.001209,-0.001115,14.960256,11043,0.000075,0.076457,58799,24079,13134,8355,5724,4234,3263,2562,21427,1,1,1,1
22.4000,6692,1,1,74058,0,141903,0.521895,1,2,35,76,110211,27.52237,0.00186,2.37621,0.00495,1,0,2,1.387187,1.000000,1.531097,-0.018519,-0.018470,14.942969,10709,0.001236,0.074230,58722,24332,13337,8384,5745,4179,3201,2532,21470,1,1,1,1
23.0000,6692,1,1,74985,1,143758,0.521609,1,9,33,79,3463372,27.93834,0.00186,2.37621,0.00495,0,1,3,4.711180,4.046723,4.046723,-0.226580,-0.226349,14.735152,6694,0.015361,0.047054,59447,24447,13313,8563,5865,4303,3320,2546,21953,1,1,1,1
23.9000,6692,1,1,76772,0,147418,0.520781,5,2,11,122,177565,28.56209,0.00186,2.37621,0.00495,1,0,3,1.317653,1.000000,1.033876,-0.538352,-0.538310,14.423151,671,0.037323,0.004819,61064,24965,13892,8726,5938,4349,3411,2666,22406,1,1,1,1
22.3500,6704,1,1,73814,0,141987,0.519868,17,2,149,149,125083,27.48754,0.00165,2.37872,0.00603,1,1,3,1.283035,1.000000,1.232907,-0.001406,-0.001368,14.960145,11067,0.000091,0.076487,59152,24123,13086,8334,5734,4260,3215,2484,21598,1,1,1,1
22.4000,6704,1,1,74382,0,142333,0.522595,1,3,4175,4175,169158,27.52217,0.00165,2.37872,0.00603,1,1,2,1.330353,1.000000,1.712720,-0.018751,-0.018708,14.942638,10733,0.001252,0.074265,59444,24175,13157,8263,5747,4232,3268,2563,21483,1,1,1,1
23.0000,6704,1,1,75174,0,144388,0.520642,1,5,5,535,84862,27.93812,0.00165,2.37872,0.00603,1,1,2,1.409648,1.000000,3.231644,-0.226776,-0.226725,14.734675,6711,0.015387,0.047091,60045,24543,13351,8415,5814,4269,3259,2572,22119,1,1,1,1
23.9000,6704,1,1,77429,1,148627,0.520965,1,1341,1341,1341,353051,28.56189,0.00165,2.37872,0.00603,0,1,3,2.211919,1.675931,1.565802,-0.538606,-0.538488,14.422973,677,0.037335,0.004853,61863,25400,13890,8709,6076,4403,3295,2564,22426,1,1,1,1
22.3500,6716,1,1,74544,0,142467,0.523241,1,2,28,132,1176705,27.48733,0.00165,2.36989,0.00687,1,1,3,1.381467,1.000000,1.231700,-0.001492,-0.001443,14.959933,11084,0.000096,0.076468,59303,23969,13408,8391,5823,4239,3270,2570,21493,1,1,1,1
22.4000,6716,1,1,74192,0,142419,0.520945,2,59,59,59,1075139,27.52201,0.00165,2.36989,0.00687,1,1,2,1.378411,1.000000,26.793693,-0.019062,-0.019014,14.942360,10747,0.001273,0.074231,59058,24301,13244,8403,5782,4208,3241,2510,21671,1,1,1,1
23.0000,6716,1,1,75518,0,144723,0.521814,5,2,27,27,620382,27.93794,0.00165,2.36989,0.00687,1,0,3,1.316215,1.000000,1.033486,-0.226782,-0.226741,14.734721,6717,0.015388,0.047049,60151,24579,13560,8455,5779,4250,3375,2593,21980,1,1,1,1
23.9000,6716,1,1,77236,0,148219,0.521097,1,2,8,323,112779,28.56173,0.00165,2.36989,0.00687,1,0,3,1.381250,1.000000,1.295847,-0.538697,-0.538649,14.422794,673,0.037347,0.004816,61784,25044,13773,8694,5934,4390,3240,2670,22689,1,1,1,1
22.3500,6728,1,1,74343,1,142411,0.522035,1,11,12,25,187266,27.47688,0.00229,2.36135,0.00786,0,1,3,7.512043,5.758452,5.758452,-0.006492,-0.006192,14.955323,11103,0.000414,0.076486,59179,24191,13270,8238,5884,4193,3233,2606,21616,1,1,1,1
22.4000,6728,1,1,73950,0,142419,0.519246,3,8,15,41,211627,27.51160,0.00229,2.36135,0.00786,1,0,2,1.232640,1.000000,2.346424,-0.023784,-0.023753,14.937727,10766,0.001590,0.074252,59106,24044,13327,8150,5845,4336,3232,2597,21781,1,1,1,1
23.0000,6728,1,1,75447,1,145125,0.519880,14,68,68,199,591133,27.92751,0.00229,2.36135,0.00786,0,0,3,3.533252,3.464379,3.464379,-0.231768,-0.231581,14.729352,6729,0.015722,0.047066,60167,24749,13420,8694,5871,4326,3396,2526,21975,1,1,1,1
23.9000,6728,1,1,77587,1,148812,0.521379,1,5,21,52,835306,28.55132,0.00229,2.36135,0.00786,0,1,3,4.026076,3.094036,3.094036,-0.543666,-0.543459,14.418044,677,0.037693,0.004838,61619,25564,13980,8568,5988,4473,3348,2714,22557,1,1,1,1
22.3500,6740,1,1,74190,0,142519,0.520566,6,4,36,395,104949,27.47012,0.00373,2.35608,0.00766,1,1,3,1.245477,1.000000,1.195451,-0.009119,-0.009087,14.952212,11120,0.000608,0.076483,58976,24342,13344,8339,5847,4214,3289,2499,21668,1,1,1,1
22.4000,6740,1,1,74545,1,142796,0.522042,2,2,92,92,148393,27.50478,0.00373,2.35608,0.00766,0,0,3,1.482266,1.212191,1.212191,-0.026449,-0.026390,14.934894,10782,0.001767,0.074244,59119,24472,13318,8390,5869,4163,3242,2555,21667,1,1,1,1
23.0000,6740,1,1,75741,1,145070,0.522103,1,1,14,40,391025,27.92066,0.00373,2.35608,0.00766,0,1,3,1.809670,1.314826,1.314826,-0.234401,-0.234313,14.727133,6737,0.015910,0.047045,60276,24460,13337,8615,5996,4317,3328,2556,22184,1,1,1,1
23.9000,6740,1,1,77391,1,149154,0.518870,1,37,37,54,663185,28.54450,0.00373,2.35608,0.00766,0,1,3,11.532478,10.692575,10.692575,-0.546474,-0.546111,14.414936,671,0.037885,0.004787,62066,25361,13845,8781,6157,4427,3399,2633,22484,1,1,1,1
22.3500,6752,1,1,74533,1,143200,0.520485,2,7,37,37,981929,27.47246,0.00266,2.35476,0.00705,0,1,3,2.861611,2.533182,2.533182,-0.008517,-0.008361,14.952830,11147,0.000559,0.076529,59724,24331,13275,8446,5821,4269,3200,2537,21596,1,1,1,1
22.4000,6752,1,1,74539,1,142911,0.521580,2,2,4,249,149346,27.50706,0.00266,2.35476,0.00705,0,1,3,1.270090,1.086382,1.086382,-0.025750,-0.025715,14.935776,10809,0.001722,0.074293,59125,24291,13587,8356,5765,4266,3262,2554,21704,1,1,1,1
23.0000,6752,1,1,75946,0,145637,0.521478,1,27,27,213,11034936,27.92303,0.00266,2.35476,0.00705,1,1,2,1.074060,1.000000,2.152590,-0.233789,-0.233778,14.727348,6760,0.015874,0.047121,60164,24959,13620,8638,5924,4406,3355,2672,21898,1,1,1,1
23.9000,6752,1,1,77196,0,148723,0.519062,5,7,18,102,172370,28.54678,0.00266,2.35476,0.00705,1,1,2,1.372347,1.000000,3.577173,-0.545701,-0.545655,14.415792,681,0.037851,0.004850,61586,25159,13955,8903,6008,4415,3372,2664,22660,1,1,1,1
22.3500,6764,1,1,74693,1,142782,0.523130,21,2,21,59,307910,27.47433,0.00293,2.35878,0.00558,0,1,3,1.741230,1.269330,1.269330,-0.007375,-0.007293,14.954154,11164,0.000488,0.076503,58878,24257,13545,8526,5850,4226,3249,2521,21729,1,1,1,1
22.4000,6764,1,1,74559,1,143250,0.520485,2,61,61,61,1420920,27.50897,0.00293,2.35878,0.00558,0,1,3,9.364470,8.600579,8.600579,-0.024835,-0.024504,14.936999,10826,0.001641,0.074272,59441,24288,13366,8444,5997,4237,3186,2556,21734,1,1,1,1
23.0000,6764,1,1,75920,0,145910,0.520324,1,18,46,46,845531,27.92492,0.00293,2.35878,0.00558,1,1,2,1.405915,1.000000,9.358127,-0.232816,-0.232766,14.728631,6768,0.015804,0.047089,60458,24934,13614,8761,5882,4315,3285,2615,22045,1,1,1,1
23.9000,6764,1,1,77627,1,149484,0.519303,1,1,696,696,114801,28.54869,0.00293,2.35878,0.00558,0,1,3,1.750865,1.244395,1.244395,-0.544553,-0.544470,14.416959,681,0.037766,0.004841,61915,25710,13894,8855,6079,4393,3412,2679,22546,1,1,1,1
22.3500,6776,1,1,74778,0,143576,0.520829,1,2,73,73,305613,27.47006,0.00241,2.36512,0.00790,1,0,3,1.366158,1.000000,1.272893,-0.009747,-0.009701,14.951748,11182,0.000649,0.076503,59397,24585,13528,8436,5873,4233,3207,2568,21748,1,1,1,1
22.4000,6776,1,1,74634,0,142989,0.521960,31,6,2698,2698,259299,27.50474,0.00241,2.36512,0.00790,1,1,3,1.169415,1.000000,1.135091,-0.027078,-0.027055,14.934191,10843,0.001812,0.074271,59252,24045,13450,8538,5673,4239,3261,2597,21933,1,1,1,1
23.0000,6776,1,1,76370,0,146669,0.520700,1,4,49,49,1071276,27.92067,0.00241,2.36512,0.00790,1,0,2,1.292005,1.000000,1.790268,-0.235076,-0.235038,14.726431,6779,0.015960,0.047089,60781,24984,13827,8736,6019,4392,3276,2688,21965,1,1,1,1
23.9000,6776,1,1,77449,1,148698,0.520851,5,406,406,559,801679,28.54446,0.00241,2.36512,0.00790,0,1,3,237.505660,192.696123,192.696123,-0.547318,-0.546511,14.415006,679,0.037913,0.004818,61469,24992,13933,8757,6098,4406,3436,2637,22969,1,1,1,1
22.3500,6788,1,1,74686,0,143736,0.519609,1,1,17,127,1901498,27.46466,0.00184,2.36390,0.00517,1,0,3,1.413689,1.000000,1.204408,-0.012707,-0.012656,14.948763,11202,0.000847,0.076520,59873,24306,13056,8668,5813,4358,3333,2555,21773,1,1,1,1
22.4000,6788,1,1,75058,0,144280,0.520228,2,2,44,151,534576,27.49938,0.00184,2.36390,0.00517,1,1,3,1.305482,1.000000,1.157948,-0.030063,-0.030024,14.931312,10862,0.002011,0.074284,60161,24359,13580,8509,5800,4283,3241,2641,21705,1,1,1,1
23.0000,6788,1,1,76306,0,146210,0.521897,3,4,5,22,104740,27.91529,0.00184,2.36390,0.00517,1,1,2,1.364539,1.000000,2.078661,-0.238063,-0.238017,14.723434,6789,0.016166,0.047085,60539,24805,13722,8770,6028,4376,3338,2574,22057,1,1,1,1
23.9000,6788,1,1,77501,1,149303,0.519089,2,13,13,58,1710397,28.53910,0.00184,2.36390,0.00517,0,1,3,9.046423,6.941370,6.941370,-0.550058,-0.549733,14.411282,682,0.038146,0.004832,61828,25404,14024,8793,5996,4336,3384,2693,22844,1,1,1,1
22.3500,6800,1,1,74766,0,143433,0.521264,1,61,166,726,152377,27.46203,0.00183,2.36635,0.00548,1,1,2,1.138387,1.000000,9.212893,-0.014257,-0.014238,14.946981,11221,0.000953,0.076523,59370,24571,13257,8325,5915,4188,3320,2551,21935,1,1,1,1
22.4000,6800,1,1,75114,0,144320,0.520472,1,17,319,319,535163,27.49669,0.00183,2.36635,0.00548,1,1,2,1.081047,1.000000,1.497837,-0.031452,-0.031441,14.929702,10881,0.002106,0.074291,60053,24526,13621,8349,5843,4291,3377,2508,21751,1,1,1,1
23.0000,6800,1,1,75644,0,145641,0.519390,3,4,74,74,936088,27.91258,0.00183,2.36635,0.00548,1,0,2,1.275148,1.000000,1.539349,-0.239398,-0.239362,14.722111,6803,0.016259,0.047103,60281,24589,13579,8650,5867,4274,3382,2560,22458,1,1,1,1
23.9000,6800,1,1,78039,1,150114,0.519868,12,8,26,26,54214,28.53641,0.00183,2.36635,0.00548,0,0,3,1.284103,1.209508,1.209508,-0.551297,-0.551260,14.409844,681,0.038256,0.004817,62412,25475,13993,8729,6172,4430,3409,2775,22718,1,1,1,1
22.3500,6812,1,1,75301,1,144498,0.521125,4,2,4,77,152921,27.47278,0.00173,2.37172,0.00488,0,1,3,1.912432,1.458222,1.458222,-0.008775,-0.008679,14.952797,11240,0.000580,0.076488,59950,24745,13497,8365,5898,4422,3347,2516,21757,1,1,1,1
22.4000,6812,1,1,75682,0,144661,0.523172,1,2,86,86,253732,27.50738,0.00173,2.37172,0.00488,1,1,2,1.393854,1.000000,1.512005,-0.026078,-0.026029,14.935359,10899,0.001743,0.074254,60355,24370,13544,8639,5822,4328,3152,2616,21834,1,1,1,1
23.0000,6812,1,1,76812,0,147009,0.522502,4,5,19,19,223341,27.92335,0.00173,2.37172,0.00488,1,1,2,1.334706,1.000000,2.094368,-0.234087,-0.234044,14.727416,6812,0.015892,0.047065,61188,25003,13699,8506,5938,4431,3306,2589,22348,1,1,1,1
23.9000,6812,1,1,78691,1,150648,0.522354,3,8,8,199,852806,28.54710,0.00173,2.37172,0.00488,0,0,3,1.348398,1.082150,1.082150,-0.545913,-0.545869,14.415434,681,0.037867,0.004807,62706,25487,14187,8931,6081,4426,3361,2684,22784,1,1,1,1
22.3500,6824,1,1,75745,1,144827,0.523007,1,2,10,56,154677,27.46994,0.00318,2.37259,0.00697,0,1,3,1.198865,1.118411,1.118411,-0.009431,-0.009405,14.952103,11258,0.000629,0.076480,60667,24416,13258,8572,5925,4325,3228,2593,21842,1,1,1,1
22.4000,6824,1,1,75788,0,144941,0.522892,3,3,3,562,343138,27.50457,0.00318,2.37259,0.00697,1,0,3,1.256562,1.000000,1.129680,-0.026755,-0.026722,14.934755,10916,0.001789,0.074242,60219,24635,13581,8545,5768,4217,3413,2654,21908,1,1,1,1
23.0000,6824,1,1,76755,1,147087,0.521838,4,3,5,409,119740,27.92052,0.00318,2.37259,0.00697,0,1,3,2.096013,1.691445,1.691445,-0.234758,-0.234650,14.726842,6821,0.015933,0.047046,61343,24658,13870,8530,5944,4469,3345,2679,22248,1,1,1,1
23.9000,6824,1,1,78363,1,150473,0.520781,1,59,59,59,182684,28.54429,0.00318,2.37259,0.00697,0,1,3,39.760898,29.990232,29.990232,-0.546856,-0.546316,14.415199,680,0.037899,0.004792,62498,25592,13937,8827,6171,4449,3506,2650,22842,1,1,1,1
22.3500,6836,1,1,74867,1,144274,0.518926,1,4,14,175,189970,27.46820,0.00132,2.36876,0.00503,0,1,3,3.338955,2.475166,2.475166,-0.011269,-0.011092,14.950421,11287,0.000742,0.076551,59781,24446,13603,8557,5698,4291,3287,2553,22057,1,1,1,1
22.4000,6836,1,1,75542,0,144846,0.521537,2,2,9,8865,2477351,27.50288,0.00132,2.36876,0.00503,1,1,2,1.401691,1.000000,1.535397,-0.028572,-0.028523,14.932912,10946,0.001910,0.074325,60272,24392,13472,8622,5852,4303,3267,2655,22010,1,1,1,1
23.0000,6836,1,1,76586,0,146977,0.521078,1,1,71,71,377815,27.91881,0.00132,2.36876,0.00503,1,1,3,1.387704,1.000000,1.243124,-0.236521,-0.236473,14.724912,6843,0.016059,0.047121,60774,25078,13750,8694,5980,4503,3263,2596,22338,1,1,1,1
23.9000,6836,1,1,78689,1,151340,0.519952,2,16,18,159,372013,28.54260,0.00132,2.36876,0.00503,0,1,3,11.134542,8.319215,8.319215,-0.548557,-0.548204,14.413311,692,0.038035,0.004868,63145,25617,13917,8736,6194,4620,3364,2781,22965,1,1,1,1
22.3500,6848,1,1,75696,0,145180,0.521398,3,7,10,317,298989,27.46812,0.00398,2.36930,0.00625,1,0,3,1.129177,1.000000,1.033022,-0.009895,-0.009877,14.951622,11311,0.000661,0.076573,60286,24861,13528,8615,5848,4348,3286,2606,21801,1,1,1,1
22.4000,6848,1,1,75942,0,145585,0.521637,4,3,39,67,56206,27.50284,0.00398,2.36930,0.00625,1,1,2,1.370377,1.000000,1.586716,-0.027284,-0.027238,14.934212,10968,0.001824,0.074337,60679,24678,13563,8571,5925,4239,3326,2613,21990,1,1,1,1
23.0000,6848,1,1,76673,1,147559,0.519613,7,5,41,41,150717,27.91875,0.00398,2.36930,0.00625,0,1,3,2.373609,2.101979,2.101979,-0.235261,-0.235134,14.726383,6859,0.015967,0.047144,61255,25149,13708,8656,5978,4448,3376,2613,22375,1,1,1,1
23.9000,6848,1,1,78916,0,151120,0.522211,1,9,23,23,208819,28.54256,0.00398,2.36930,0.00625,1,1,2,1.413199,1.000000,4.950131,-0.547229,-0.547178,14.414233,696,0.037961,0.004887,62696,25639,14047,8890,6123,4526,3451,2612,23135,1,1,1,1
22.3500,6860,1,1,75596,0,144893,0.521740,2,53,214,214,295316,27.46776,0.00306,2.37224,0.00523,1,1,2,1.221479,1.000000,13.215721,-0.010802,-0.010773,14.950517,11326,0.000721,0.076546,59973,24735,13469,8584,5862,4347,3320,2649,21953,1,1,1,1
22.4000,6860,1,1,75845,1,145227,0.522255,5,1,8,19800,821325,27.50241,0.00306,2.37224,0.00523,0,1,3,1.367457,1.074009,1.074009,-0.027944,-0.027899,14.933292,10983,0.001868,0.074313,60296,24687,13574,8605,5862,4265,3348,2550,22039,1,1,1,1
23.0000,6860,1,1,76796,0,147403,0.520997,54,2,1355,1355,8096427,27.91830,0.00306,2.37224,0.00523,1,1,3,1.401536,1.000000,1.226545,-0.235896,-0.235847,14.725550,6867,0.016016,0.047119,61354,24888,13548,8698,6040,4394,3354,2636,22490,1,1,1,1
23.9000,6860,1,1,78924,0,150863,0.523154,13,45,97,97,82794,28.54213,0.00306,2.37224,0.00523,1,0,2,1.038364,1.000000,1.786472,-0.547845,-0.547840,14.413673,694,0.038008,0.004865,62017,25928,13899,8988,6233,4546,3494,2685,23072,1,1,1,1
22.3500,6872,1,1,75423,1,145195,0.519464,1,26,65,65,29850435,27.48018,0.00302,2.38405,0.00593,0,0,3,5.034244,4.307273,4.307273,-0.004512,-0.004277,14.956975,11348,0.000286,0.076528,59849,24912,13673,8577,5952,4332,3352,2598,21949,1,1,1,1
22.4000,6872,1,1,75843,1,145492,0.521290,1,53,53,53,192029,27.51477,0.00302,2.38405,0.00593,0,1,3,21.316571,19.269924,19.269924,-0.021919,-0.021474,14.939552,11006,0.001437,0.074308,60088,24869,13587,8622,5852,4345,3330,2699,22099,1,1,1,1
23.0000,6872,1,1,77105,1,148024,0.520899,5,22,24,155,1685578,27.93074,0.00302,2.38405,0.00593,0,0,3,3.237748,3.050922,3.050922,-0.229769,-0.229598,14.731510,6881,0.015586,0.047114,61592,24985,13633,8755,6080,4437,3442,2555,22544,1,1,1,1
23.9000,6872,1,1,78810,0,151885,0.518883,1,103,103,103,1114032,28.55449,0.00302,2.38405,0.00593,1,1,2,1.411920,1.000000,51.882492,-0.541852,-0.541801,14.419624,697,0.037574,0.004876,63130,25764,14077,9066,6186,4536,3467,2811,22847,1,1,1,1
22.3500,6884,1,1,75798,0,144875,0.523199,6,18,18,26,66548,27.48081,0.00253,2.38631,0.00647,1,1,2,1.091614,1.000000,1.753544,-0.004353,-0.004340,14.956826,11365,0.000290,0.076509,59683,24561,13589,8674,5824,4331,3365,2596,22251,1,1,1,1
22.4000,6884,1,1,76152,0,146242,0.520729,2,15,663,663,280750,27.51544,0.00253,2.38631,0.00647,1,1,2,1.356636,1.000000,6.912344,-0.021771,-0.021727,14.939641,11020,0.001454,0.074272,60807,24863,13375,8769,6008,4308,3401,2658,22052,1,1,1,1
23.0000,6884,1,1,77131,1,147718,0.522154,1,4,11,51,1822250,27.93139,0.00253,2.38631,0.00647,0,1,3,3.387360,2.606993,2.606993,-0.229675,-0.229497,14.731984,6890,0.015578,0.047092,60917,25190,13911,8753,5993,4476,3392,2641,22444,1,1,1,1
23.9000,6884,1,1,79199,1,151756,0.521887,1,1,8,23,1523791,28.55516,0.00253,2.38631,0.00647,0,1,3,1.217727,1.015368,1.015368,-0.541485,-0.541457,14.420032,698,0.037549,0.004874,62683,25997,14302,8915,6189,4533,3400,2788,22948,1,1,1,1
22.3500,6896,1,1,75914,0,145672,0.521133,4,4,8,68,259004,27.47279,0.00243,2.38146,0.00602,1,1,2,1.350194,1.000000,2.019539,-0.008402,-0.008358,14.953006,11387,0.000559,0.076544,60413,24723,13581,8614,5885,4315,3291,2573,22276,1,1,1,1
22.4000,6896,1,1,76153,1,146165,0.521011,1,3,7,55,1199711,27.50746,0.00243,2.38146,0.00602,0,1,3,2.026900,1.455642,1.455642,-0.025716,-0.025614,14.935828,11041,0.001715,0.074303,60673,24898,13573,8586,6060,4316,3295,2650,22113,1,1,1,1
23.0000,6896,1,1,76861,1,148180,0.518704,2,3,11,41,115448,27.92339,0.00243,2.38146,0.00602,0,0,3,1.493490,1.174653,1.174653,-0.233668,-0.233610,14.727712,6903,0.015862,0.047112,61353,25311,13726,8808,5940,4373,3412,2648,22608,1,1,1,1
23.9000,6896,1,1,79424,0,151755,0.523373,1,3,190,190,154763,28.54719,0.00243,2.38146,0.00602,1,1,2,1.246684,1.000000,1.427696,-0.545575,-0.545543,14.415938,699,0.037843,0.004874,62746,25878,14239,8901,6097,4472,3492,2711,23218,1,1,1,1
22.3500,6908,1,1,76269,1,145949,0.522577,1,8,31,55,130769,27.47231,0.00426,2.38369,0.00537,0,1,3,5.452469,4.361992,4.361992,-0.007766,-0.007520,14.953976,11403,0.000503,0.076513,60469,24769,13627,8596,6049,4316,3370,2629,22123,1,1,1,1
22.4000,6908,1,1,76526,0,146458,0.522515,1,118,118,118,64495,27.50702,0.00426,2.38369,0.00537,1,1,2,1.105704,1.000000,13.257662,-0.025205,-0.025190,14.935997,11056,0.001687,0.074274,60729,24945,13711,8741,5877,4332,3306,2607,22209,1,1,1,1
23.0000,6908,1,1,77175,1,148302,0.520394,1,1,8,215,275303,27.92293,0.00426,2.38369,0.00537,0,0,3,1.305972,1.026903,1.026903,-0.232970,-0.232931,14.728572,6911,0.015815,0.047082,61371,24973,14034,8829,5997,4404,3321,2694,22678,1,1,1,1
23.9000,6908,1,1,79372,0,152334,0.521043,2,117,117,117,89728,28.54674,0.00426,2.38369,0.00537,1,1,2,1.043731,1.000000,5.256091,-0.544998,-0.544992,14.416071,696,0.037804,0.004844,63123,25926,14323,8941,6087,4433,3560,2724,23216,1,1,1,1
22.3500,6920,1,1,76611,1,146706,0.522211,4,20,20,45,31869167,27.47438,0.00356,2.38397,0.00480,0,1,3,5.110521,4.443106,4.443106,-0.007157,-0.006922,14.954576,11425,0.000463,0.076525,61061,24908,13532,8584,6062,4421,3392,2652,22093,1,1,1,1
22.4000,6920,1,1,76376,0,146345,0.521894,1,7,30,34,541775,27.50904,0.00356,2.38397,0.00480,1,1,2,1.148095,1.000000,1.246006,-0.024394,-0.024374,14.936862,11079,0.001632,0.074295,60456,25131,13486,8779,5819,4486,3353,2595,22239,1,1,1,1
23.0000,6920,1,1,77804,0,148945,0.522371,1,4,62,62,204876,27.92492,0.00356,2.38397,0.00480,1,0,2,1.237027,1.000000,1.584856,-0.232353,-0.232323,14.729160,6928,0.015773,0.047114,61676,25350,14071,8863,6003,4422,3397,2672,22490,1,1,1,1
23.9000,6920,1,1,79277,1,152429,0.520095,1,6,6,14,123250,28.54876,0.00356,2.38397,0.00480,0,0,3,2.154229,1.591986,1.591986,-0.544270,-0.544159,14.417208,699,0.037744,0.004856,63049,25952,14067,9015,6231,4485,3574,2823,23232,1,1,1,1
22.3500,6932,1,1,76454,0,146389,0.522270,1,10,54,54,853430,27.46797,0.00385,2.38324,0.00548,1,1,2,1.138667,1.000000,1.755019,-0.010129,-0.010110,14.951389,11442,0.000676,0.076522,60539,25092,13550,8660,5885,4376,3341,2591,22354,1,1,1,1
22.4000,6932,1,1,76894,0,147016,0.523035,1,129,201,201,212821,27.50256,0.00385,2.38324,0.00548,1,1,2,1.274213,1.000000,40.603047,-0.027655,-0.027620,14.933856,11095,0.001850,0.074289,61185,24847,13665,8688,6036,4363,3331,2597,22303,1,1,1,1
23.0000,6932,1,1,77703,1,149481,0.519822,27,239,239,239,406647,27.91853,0.00385,2.38324,0.00548,0,0,3,2.637699,2.601706,2.601706,-0.235441,-0.235301,14.725600,6935,0.015979,0.047091,62131,25585,13827,8717,6025,4377,3423,2679,22716,1,1,1,1
23.9000,6932,1,1,79387,1,152661,0.520025,2,191,191,191,108650,28.54228,0.00385,2.38324,0.00548,0,0,3,2.838044,2.407408,2.407408,-0.547311,-0.547160,14.414103,697,0.037960,0.004835,63193,26271,13928,9023,6208,4579,3412,2781,23265,1,1,1,1
22.3500,6944,1,1,76584,0,146546,0.522597,6,673,673,673,287541,27.48625,0.00261,2.38798,0.00447,1,1,2,1.153393,1.000000,111.220349,-0.001889,-0.001869,14.959629,11465,0.000125,0.076501,60731,24896,13644,8613,6020,4310,3361,2632,22338,1,1,1,1
22.4000,6944,1,1,76610,0,146843,0.521717,1,2,18,20,537223,27.52088,0.00261,2.38798,0.00447,1,1,3,1.114309,1.000000,1.027336,-0.018864,-0.018849,14.942310,11118,0.001261,0.074272,60615,25084,13676,8611,6067,4394,3339,2685,22371,1,1,1,1
23.0000,6944,1,1,78601,1,150023,0.523930,2,976,976,976,586951,27.93683,0.00261,2.38798,0.00447,0,1,3,3.301031,2.815024,2.804329,-0.226916,-0.226744,14.734750,6951,0.015388,0.047089,62398,25525,13992,8692,6271,4464,3493,2694,22493,1,1,1,1
23.9000,6944,1,1,80068,0,153276,0.522381,2,6,8,43,370396,28.56060,0.00261,2.38798,0.00447,1,1,2,1.414213,1.000000,3.367576,-0.538816,-0.538766,14.422654,703,0.037356,0.004865,63534,26004,14321,9208,6168,4564,3416,2744,23316,1,1,1,1
22.3500,6956,1,1,76470,0,146843,0.520764,1,13,19,263,83665,27.47994,0.00241,2.38615,0.00556,1,1,2,1.364006,1.000000,6.252884,-0.004918,-0.004874,14.956581,11485,0.000326,0.076518,60997,24947,13525,8679,6040,4391,3270,2602,22391,1,1,1,1
22.4000,6956,1,1,77053,1,147954,0.520794,2,4,259,259,35342,27.51461,0.00241,2.38615,0.00556,0,1,3,3.135113,2.384031,2.384031,-0.022186,-0.022022,14.939183,11138,0.001474,0.074293,61615,25160,13890,8722,5863,4400,3374,2643,22286,1,1,1,1
23.0000,6956,1,1,78408,0,150195,0.522045,4,2,6,325,131597,27.93054,0.00241,2.38615,0.00556,1,1,3,1.398706,1.000000,1.223150,-0.230101,-0.230053,14.731388,6963,0.015616,0.047100,62737,25424,13899,8831,6089,4465,3414,2636,22699,1,1,1,1
23.9000,6956,1,1,79460,0,153218,0.518611,37,7,37,252,323902,28.55433,0.00241,2.38615,0.00556,1,1,2,1.377993,1.000000,3.545080,-0.542076,-0.542030,14.419353,703,0.037590,0.004858,63629,25762,14314,9051,6217,4519,3527,2782,23416,1,1,1,1
22.3500,6968,1,1,76887,1,147071,0.522792,2,3,46,46,196893,27.47543,0.00472,2.38282,0.00539,0,0,3,1.666459,1.313618,1.313618,-0.005881,-0.005808,14.955516,11503,0.000388,0.076512,61200,24958,13640,8561,5897,4410,3198,2597,22609,1,1,1,1
22.4000,6968,1,1,77019,1,147686,0.521509,1,2,12,123,5751477,27.51014,0.00472,2.38282,0.00539,0,0,3,1.789450,1.338416,1.338416,-0.023240,-0.023156,14.938204,11154,0.001550,0.074276,61318,25212,13824,8625,6033,4399,3320,2662,22292,1,1,1,1
23.0000,6968,1,1,78299,1,150319,0.520889,1,36,36,1211,136750,27.92605,0.00472,2.38282,0.00539,0,1,3,4.109611,3.363532,3.344745,-0.231260,-0.231057,14.730238,6973,0.015686,0.047090,62221,25815,14169,8926,6237,4372,3339,2581,22658,1,1,1,1
23.9000,6968,1,1,79888,0,153318,0.521064,3,4,594,594,61866,28.54986,0.00472,2.38282,0.00539,1,1,3,1.235518,1.000000,1.218420,-0.543094,-0.543064,14.418240,702,0.037665,0.004843,63800,25788,14232,8981,6177,4606,3517,2750,23466,1,1,1,1
22.3500,6980,1,1,77016,0,147859,0.520878,1,20,20,29,69476,27.47843,0.00345,2.38124,0.00447,1,1,2,1.393401,1.000000,9.770770,-0.005240,-0.005192,14.956252,11520,0.000347,0.076489,61515,24932,13725,8742,6067,4387,3341,2736,22413,1,1,1,1
22.4000,6980,1,1,77279,1,148058,0.521954,1,2,42,42,336254,27.51309,0.00345,2.38124,0.00447,0,1,3,1.486678,1.051541,1.047586,-0.022400,-0.022343,14.939082,11172,0.001496,0.074264,61743,24776,13811,8679,6069,4370,3353,2706,22550,1,1,1,1
23.0000,6980,1,1,78778,0,150704,0.522737,3,3,16,256,66286,27.92898,0.00345,2.38124,0.00447,1,1,2,1.395214,1.000000,1.924652,-0.230395,-0.230348,14.731048,6984,0.015637,0.047080,62569,25821,14050,8912,6083,4410,3479,2652,22727,1,1,1,1
23.9000,6980,1,1,80526,0,154443,0.521400,3,4,7,7766,87468,28.55281,0.00345,2.38124,0.00447,1,0,3,1.184552,1.000000,1.006715,-0.542266,-0.542242,14.419251,701,0.037605,0.004828,64126,26463,14292,9089,6335,4740,3507,2707,23183,1,1,1,1
22.3500,6992,1,1,77295,1,148128,0.521816,8,3,22,22,473721,27.48034,0.00421,2.37567,0.00555,0,0,3,1.395582,1.292486,1.292486,-0.003735,-0.003688,14.957466,11540,0.000247,0.076484,61782,25050,13772,8684,6050,4336,3332,2607,22514,1,1,1,1
22.4000,6992,1,1,77090,0,147747,0.521774,3,6,8,144,108656,27.51494,0.00421,2.37567,0.00555,1,1,2,1.413604,1.000000,3.198276,-0.021102,-0.021053,14.940365,11191,0.001409,0.074256,61458,24857,13687,8779,6098,4345,3309,2612,22601,1,1,1,1
23.0000,6992,1,1,78301,1,150195,0.521332,13,6,13,22,102658,27.93091,0.00421,2.37567,0.00555,0,1,3,3.786034,3.069838,3.069838,-0.229082,-0.228892,14.732611,6995,0.015536,0.047069,62099,25880,13771,8756,5898,4557,3476,2702,23055,1,1,1,1
23.9000,6992,1,1,79771,1,153889,0.518371,2,8,699,699,1104010,28.55466,0.00421,2.37567,0.00555,0,1,3,1.671127,1.445821,1.445821,-0.540906,-0.540832,14.420665,703,0.037504,0.004833,63486,26177,14520,9194,6308,4520,3413,2787,23483,1,1,1,1
22.3500,7004,1,1,77361,1,148164,0.522134,2,13,13,16,913232,27.49383,0.00271,2.38714,0.00642,0,1,3,4.958144,4.306712,4.306712,0.002191,0.002419,14.963921,11564,-0.000162,0.076479,61543,25124,13564,8829,5959,4510,3410,2703,22521,1,1,1,1
22.4000,7004,1,1,77654,0,148708,0.522195,1,3,10,83,139024,27.52847,0.00271,2.38714,0.00642,1,1,3,1.257832,1.000000,1.169561,-0.015033,-0.015000,14.946318,11214,0.001004,0.074252,61752,25239,13881,8815,6080,4453,3340,2631,22516,1,1,1,1
23.0000,7004,1,1,78806,0,151365,0.520639,1,2,61,61,337315,27.94441,0.00271,2.38714,0.00642,1,0,3,1.408908,1.000000,1.387686,-0.223016,-0.222967,14.738466,7013,0.015128,0.047090,63144,25543,14276,8806,6143,4578,3512,2639,22723,1,1,1,1
23.9000,7004,1,1,80635,1,154913,0.520521,1,6,7,23,450340,28.56819,0.00271,2.38714,0.00642,0,1,3,2.380432,1.776862,1.776862,-0.534924,-0.534800,14.426663,709,0.037070,0.004864,64333,26326,14535,9191,6338,4594,3598,2723,23274,1,1,1,1
22.3500,7016,1,1,77398,0,147835,0.523547,2,4,12,89,967405,27.49223,0.00359,2.37964,0.00479,1,1,2,1.306818,1.000000,1.644368,0.001921,0.001959,14.963306,11582,-0.000131,0.076470,61200,24738,13883,8780,5969,4493,3319,2788,22664,1,1,1,1
22.4000,7016,1,1,77407,1,148901,0.519859,11,26,26,49,849607,27.52691,0.00359,2.37964,0.00479,0,0,3,1.504397,1.419138,1.419138,-0.015409,-0.015351,14.945765,11233,0.001027,0.074253,61745,25403,14069,8945,5981,4444,3340,2648,22325,1,1,1,1
23.0000,7016,1,1,79032,0,151504,0.521653,1,14,68,68,147200,27.94284,0.00359,2.37964,0.00479,1,1,2,1.412528,1.000000,7.405036,-0.223491,-0.223442,14.737987,7021,0.015161,0.047065,63105,25653,14267,8890,6118,4310,3397,2710,23053,1,1,1,1
23.9000,7016,1,1,80633,1,154923,0.520475,1,10,160,168,1499344,28.56663,0.00359,2.37964,0.00479,0,0,3,2.067411,1.554716,1.554716,-0.535273,-0.535169,14.426189,711,0.037097,0.004869,64437,26303,14244,9188,6313,4509,3533,2821,23574,1,1,1,1
22.3500,7028,1,1,77627,1,148782,0.521753,1,2,11,66,461791,27.48509,0.00248,2.38398,0.00464,0,0,3,2.193855,1.645889,1.645889,-0.002186,-0.002074,14.959286,11600,0.000139,0.076479,61734,25122,13912,8787,6138,4461,3340,2654,22633,1,1,1,1
22.4000,7028,1,1,77415,1,148769,0.520374,1,5,40,40,397658,27.51980,0.00248,2.38398,0.00464,0,1,3,4.268060,3.120884,3.120884,-0.019589,-0.019383,14.942129,11248,0.001297,0.074243,61805,25178,13941,8689,6038,4380,3343,2738,22656,1,1,1,1
23.0000,7028,1,1,78937,1,151439,0.521250,2,5,42,60901,3248223,27.93571,0.00248,2.38398,0.00464,0,1,3,3.811179,2.884141,2.884141,-0.227538,-0.227348,14.733799,7035,0.015430,0.047092,62909,25809,14123,8744,6068,4436,3518,2777,23054,1,1,1,1
23.9000,7028,1,1,80835,1,155195,0.520864,2,35,35,178,979406,28.55952,0.00248,2.38398,0.00464,0,1,3,8.150571,7.888019,7.888019,-0.539516,-0.539218,14.422302,706,0.037388,0.004828,64318,26513,14478,9108,6224,4720,3510,2820,23503,1,1,1,1
22.3500,7040,1,1,77565,1,148541,0.522183,1,2,24,24,464144,27.49503,0.00380,2.38711,0.00628,0,1,3,1.822186,1.430021,1.430021,0.003376,0.003462,14.964940,11625,-0.000231,0.076484,61290,25376,13834,8747,6129,4450,3363,2652,22699,1,1,1,1
22.4000,7040,1,1,77597,1,148792,0.521517,1,3,16,28,420511,27.52969,0.00380,2.38711,0.00628,0,1,3,2.641336,2.073262,2.073262,-0.013980,-0.013842,14.947438,11273,0.000926,0.074255,61587,25172,13931,8853,6069,4444,3413,2719,22603,1,1,1,1
23.0000,7040,1,1,79206,0,152158,0.520554,1,11,381,381,1087315,27.94558,0.00380,2.38711,0.00628,1,1,2,1.336177,1.000000,4.754175,-0.221983,-0.221942,14.739421,7049,0.015058,0.047087,63346,25837,14040,9092,6185,4440,3433,2731,23053,1,1,1,1
23.9000,7040,1,1,80994,0,155498,0.520872,2,92,266,266,224482,28.56941,0.00380,2.38711,0.00628,1,0,2,1.015835,1.000000,1.520794,-0.533817,-0.533814,14.427705,713,0.036999,0.004866,64412,26517,14628,9038,6365,4724,3505,2829,23479,1,1,1,1
22.3500,7052,1,1,77917,1,149217,0.522176,4,14,14,37,123482,27.49360,0.00305,2.38647,0.00613,0,1,3,4.582836,4.236119,4.236119,0.002228,0.002444,14.963527,11642,-0.000163,0.076473,61763,25472,13876,8855,6026,4385,3421,2615,22803,1,1,1,1
22.4000,7052,1,1,78006,0,149400,0.522132,1,20,35,512,188273,27.52819,0.00305,2.38647,0.00613,1,1,2,1.411761,1.000000,10.433514,-0.015135,-0.015086,14.946345,11292,0.001009,0.074259,62158,25259,13735,9089,6014,4321,3435,2733,22655,1,1,1,1
23.0000,7052,1,1,79415,1,152429,0.521000,6,6,10,17,67266,27.94416,0.00305,2.38647,0.00613,0,1,3,1.426943,1.025466,1.025466,-0.222946,-0.222895,14.738552,7057,0.015123,0.047063,63238,26193,14191,8940,6194,4564,3356,2710,23042,1,1,1,1
23.9000,7052,1,1,80998,0,155945,0.519404,2,2,33,119,468039,28.56791,0.00305,2.38647,0.00613,1,1,2,1.384197,1.000000,1.502612,-0.534857,-0.534811,14.426579,711,0.037071,0.004844,64984,26566,14390,9343,6189,4515,3553,2842,23562,1,1,1,1
22.3500,7064,1,1,77804,0,149124,0.521744,2,12,27,29,3920313,27.49279,0.00459,2.37526,0.00609,1,1,2,1.335257,1.000000,5.097685,0.002601,0.002642,14.964108,11661,-0.000177,0.076464,61591,25596,13805,8715,6177,4407,3500,2661,22671,1,1,1,1
22.4000,7064,1,1,78264,0,150025,0.521677,3,3,39,39,214383,27.52743,0.00459,2.37526,0.00609,1,1,2,1.373219,1.000000,1.751228,-0.014641,-0.014596,14.946858,11308,0.000977,0.074235,62336,25672,13830,8901,5981,4435,3448,2732,22689,1,1,1,1
23.0000,7064,1,1,79216,0,152341,0.519995,1,38,38,73,673891,27.94337,0.00459,2.37526,0.00609,1,1,2,1.032306,1.000000,1.274006,-0.222593,-0.222588,14.738445,7069,0.015103,0.047063,63149,25982,14297,9114,6088,4524,3416,2756,23014,1,1,1,1
23.9000,7064,1,1,81275,1,156140,0.520530,1,2,27,28,448981,28.56715,0.00459,2.37526,0.00609,0,1,3,2.261273,1.606843,1.606843,-0.534496,-0.534381,14.427114,712,0.037040,0.004843,64655,26570,14846,9223,6355,4651,3595,2779,23465,1,1,1,1
22.3500,7076,1,1,78087,1,149446,0.522513,1,13,13,363,420576,27.50182,0.00266,2.37241,0.00570,0,1,3,2.184858,1.596698,1.491074,0.006264,0.006374,14.967831,11677,-0.000426,0.076421,61502,25692,14027,8785,6193,4319,3297,2651,22979,1,1,1,1
22.4000,7076,1,1,78195,1,149828,0.521902,3,120,120,120,203545,27.53650,0.00266,2.37241,0.00570,0,1,3,60.058032,52.106277,52.106277,-0.011328,-0.010749,14.950014,11323,0.000719,0.074192,62178,25443,13953,8743,6116,4484,3326,2649,22935,1,1,1,1
23.0000,7076,1,1,79845,1,152824,0.522467,8,16,16,16,218839,27.95243,0.00266,2.37241,0.00570,0,1,3,1.933825,1.376913,1.157236,-0.219021,-0.218928,14.742512,7077,0.014850,0.047024,63503,26013,14317,8737,6247,4482,3440,2785,23299,1,1,1,1
23.9000,7076,1,1,81490,0,156547,0.520550,1,7,15,91,1185815,28.57622,0.00266,2.37241,0.00570,1,1,2,1.144146,1.000000,1.197023,-0.530921,-0.530902,14.430338,709,0.036791,0.004813,65219,26458,14502,9143,6328,4750,3576,2792,23778,1,1,1,1
22.3500,7088,1,1,78947,1,150501,0.524565,1,13,19,71,2649562,27.50856,0.00319,2.38581,0.00512,0,1,3,8.004022,6.584284,6.584284,0.009813,0.010106,14.971617,11703,-0.000675,0.076442,62238,25991,14139,8750,6214,4580,3391,2717,22480,1,1,1,1
22.4000,7088,1,1,78252,0,150034,0.521565,2,2,72,72,242122,27.54328,0.00319,2.38581,0.00512,1,0,3,1.376464,1.000000,1.228530,-0.007424,-0.007379,14.954075,11348,0.000493,0.074210,61782,25745,14015,8947,5930,4559,3462,2700,22893,1,1,1,1
23.0000,7088,1,1,79411,1,152659,0.520189,2,8,8,61,86830,27.95919,0.00319,2.38581,0.00512,0,1,3,1.704072,1.276202,1.276202,-0.215380,-0.215305,14.746162,7095,0.014601,0.047052,63142,26092,14251,9042,6330,4503,3498,2631,23169,1,1,1,1
23.9000,7088,1,1,81272,0,156231,0.520207,4,2,20,40,135718,28.58300,0.00319,2.38581,0.00512,1,1,3,1.365108,1.000000,1.099457,-0.527272,-0.527228,14.434152,717,0.036526,0.004858,64874,26430,14605,9123,6333,4661,3452,2896,23856,1,1,1,1
22.3500,7100,1,1,78460,0,150231,0.522266,1,1,9,48,339283,27.50560,0.00236,2.37449,0.00668,1,1,3,1.410346,1.000000,1.116999,0.007966,0.008014,14.969428,11718,-0.000535,0.076421,62016,25709,14148,8960,6083,4422,3406,2800,22686,1,1,1,1
22.4000,7100,1,1,78590,0,150820,0.521088,4,36,36,44,202832,27.54026,0.00236,2.37449,0.00668,1,1,2,1.414200,1.000000,18.381094,-0.009563,-0.009514,14.951911,11363,0.000636,0.074193,62556,25801,14029,8916,6083,4448,3440,2763,22783,1,1,1,1
23.0000,7100,1,1,79800,0,153107,0.521208,1,1,14,44,97732,27.95615,0.00236,2.37449,0.00668,1,1,3,1.344900,1.000000,1.143457,-0.217308,-0.217267,14.744103,7103,0.014736,0.047032,63569,25942,14151,9164,6423,4478,3468,2762,23149,1,1,1,1
23.9000,7100,1,1,81632,0,156761,0.520745,2,4,77,77,279060,28.57998,0.00236,2.37449,0.00668,1,1,2,1.256221,1.000000,1.483477,-0.529246,-0.529214,14.432108,713,0.036669,0.004823,65213,26647,14464,9108,6317,4663,3678,2781,23889,1,1,1,1
22.3500,7112,1,1,78567,1,150764,0.521129,2,6,255,992,391806,27.50105,0.00311,2.38187,0.00517,0,1,3,1.354887,1.007868,1.007868,0.006093,0.006136,14.967600,11739,-0.000410,0.076439,62496,25653,14012,9004,6130,4521,3435,2756,22756,1,1,1,1
22.4000,7112,1,1,78574,0,150521,0.522017,1,14,104,104,790137,27.53565,0.00311,2.38187,0.00517,1,1,2,1.355478,1.000000,6.317895,-0.011339,-0.011297,14.950079,11383,0.000756,0.074207,62375,25387,14199,9007,6019,4498,3400,2635,23000,1,1,1,1
23.0000,7112,1,1,79838,0,152887,0.522206,4,75,75,994,455295,27.95162,0.00311,2.38187,0.00517,1,0,2,1.040848,1.000000,3.162485,-0.219274,-0.219268,14.742248,7115,0.014873,0.047038,63140,26244,14194,8949,6168,4670,3495,2731,23295,1,1,1,1
23.9000,7112,1,1,81814,0,157136,0.520661,3,1,39,66,68187,28.57537,0.00311,2.38187,0.00517,1,1,3,1.396887,1.000000,1.015406,-0.531071,-0.531024,14.430377,716,0.036799,0.004836,65061,27070,14497,9366,6267,4715,3557,2786,23816,1,1,1,1
22.3500,7124,1,1,78625,1,150859,0.521185,5,3,453,454,65634,27.51149,0.00391,2.38172,0.00660,0,1,3,1.735221,1.235235,1.007868,0.011730,0.011808,14.973216,11755,-0.000789,0.076385,62663,25908,13894,8874,6093,4368,3447,2597,23014,1,1,1,1
22.4000,7124,1,1,78344,0,150585,0.520268,3,6,272,272,201889,27.54613,0.00391,2.38172,0.00660,1,1,2,1.413848,1.000000,3.492953,-0.005678,-0.005629,14.955793,11398,0.000376,0.074152,62188,25625,14109,8888,6098,4599,3351,2643,23083,1,1,1,1
23.0000,7124,1,1,80167,1,153528,0.522169,4,2,6,234,293802,27.96207,0.00391,2.38172,0.00660,0,1,3,1.398057,1.160458,1.160458,-0.213571,-0.213524,14.747969,7123,0.014478,0.046993,63636,25954,14560,8951,6285,4502,3525,2752,23362,1,1,1,1
23.9000,7124,1,1,81855,1,157448,0.519889,1,2,30,1484,197779,28.58585,0.00391,2.38172,0.00660,0,1,3,1.523640,1.311907,1.311907,-0.525469,-0.525409,14.436111,712,0.036395,0.004799,65463,26633,14627,9327,6422,4668,3633,2756,23918,1,1,1,1
22.3500,7136,1,1,78686,0,151047,0.520941,1,7,33,2014,114685,27.51113,0.00236,2.38076,0.00619,1,0,2,1.198329,1.000000,1.677399,0.010759,0.010784,14.972278,11780,-0.000720,0.076424,62752,25679,13931,9000,6082,4523,3396,2677,23006,1,1,1,1
22.4000,7136,1,1,79003,1,151703,0.520778,1,8,9,84,129528,27.54580,0.00236,2.38076,0.00619,0,1,3,2.394650,2.230468,2.230468,-0.006598,-0.006476,14.955036,11423,0.000433,0.074193,63446,25615,13942,8918,6127,4437,3488,2725,23004,1,1,1,1
23.0000,7136,1,1,80290,0,154075,0.521113,1,3,10,22,290276,27.96173,0.00236,2.38076,0.00619,1,1,2,1.383401,1.000000,2.156758,-0.214559,-0.214514,14.746878,7142,0.014546,0.047042,64137,26090,14280,9000,6247,4719,3536,2761,23304,1,1,1,1
23.9000,7136,1,1,82054,0,157837,0.519869,1,7,45,46,386935,28.58552,0.00236,2.38076,0.00619,1,0,2,1.189034,1.000000,1.881963,-0.526446,-0.526422,14.435073,722,0.036468,0.004858,65686,26840,14623,9293,6373,4566,3636,2824,23995,1,1,1,1
22.3500,7148,1,1,79030,0,151437,0.521871,9,2,9,48,150770,27.50904,0.00126,2.38203,0.01005,1,1,3,1.390561,1.000000,1.215491,0.009212,0.009258,14.970708,11799,-0.000618,0.076426,63101,25607,13989,8829,6059,4575,3442,2759,23075,1,1,1,1
22.4000,7148,1,1,78865,1,151643,0.520074,20,4,791,791,106315,27.54376,0.00126,2.38203,0.01005,0,0,3,1.568782,1.524437,1.524437,-0.008161,-0.008098,14.952929,11440,0.000542,0.074189,62992,25691,14056,8934,6186,4570,3469,2654,23090,1,1,1,1
23.0000,7148,1,1,80213,1,154019,0.520803,1,24,24,158,1939924,27.95967,0.00126,2.38203,0.01005,0,1,3,1.637317,1.180553,1.078749,-0.216089,-0.216020,14.745375,7151,0.014650,0.047027,63897,25986,14426,9026,6232,4745,3543,2742,23421,1,1,1,1
23.9000,7148,1,1,82325,1,157974,0.521133,1,9,41,51,182193,28.58348,0.00126,2.38203,0.01005,0,1,3,2.319283,1.681687,1.583116,-0.528025,-0.527907,14.433482,718,0.036575,0.004824,65818,26438,14645,9438,6373,4755,3555,2912,24039,1,1,1,1
22.3500,7160,1,1,79094,0,151707,0.521364,13,40171,40171,40171,515165,27.51395,0.00136,2.39008,0.00582,1,1,2,1.045500,1.000000,1869.376894,0.011120,0.011127,14.972215,11815,-0.000743,0.076394,62981,25828,14031,9190,6109,4417,3484,2640,23026,1,1,1,1
22.4000,7160,1,1,79162,0,151675,0.521922,11,2,15,32,44166371,27.54861,0.00136,2.39008,0.00582,1,1,3,1.413361,1.000000,1.128676,-0.005691,-0.005642,14.955789,11458,0.000377,0.074167,63148,25596,13868,8989,6143,4544,3441,2802,23143,1,1,1,1
23.0000,7160,1,1,80576,0,154417,0.521811,5,18,43,43,171429,27.96450,0.00136,2.39008,0.00582,1,1,2,1.243749,1.000000,5.193650,-0.213741,-0.213711,14.747776,7161,0.014491,0.047007,63902,26265,14478,9211,6272,4548,3514,2781,23445,1,1,1,1
23.9000,7160,1,1,82429,1,158035,0.521590,1,2,5,23,1063225,28.58833,0.00136,2.39008,0.00582,0,1,3,1.241698,1.065221,1.065221,-0.525545,-0.525515,14.435984,719,0.036403,0.004822,65505,27033,14672,9229,6460,4764,3489,2822,24060,1,1,1,1
22.3500,7172,1,1,79434,0,152258,0.521710,1,2,19,2020,2267421,27.51443,0.00233,2.39105,0.00504,1,0,3,1.380535,1.000000,1.280960,0.012381,0.012426,14.973880,11841,-0.000830,0.076426,63265,25864,14181,9112,6171,4521,3536,2656,22951,1,1,1,1
22.4000,7172,1,1,79287,1,152484,0.519973,5,14,69,69,10173477,27.54903,0.00233,2.39105,0.00504,0,1,3,8.884215,7.147978,7.147978,-0.005039,-0.004735,14.956205,11483,0.000317,0.074203,63320,26160,14238,8881,6173,4502,3509,2681,23019,1,1,1,1
23.0000,7172,1,1,80293,1,154718,0.518967,322,2,322,480,112547,27.96500,0.00233,2.39105,0.00504,0,0,3,1.037520,1.034770,1.034770,-0.212879,-0.212874,14.747822,7181,0.014434,0.047059,64222,26618,14353,9023,6236,4620,3442,2777,23426,1,1,1,1
23.9000,7172,1,1,82837,1,158520,0.522568,9,2,9,29,21919806,28.58875,0.00233,2.39105,0.00504,0,1,3,1.586866,1.122762,1.122762,-0.524763,-0.524699,14.436723,731,0.036345,0.004894,65896,26785,14877,9247,6495,4732,3635,2805,24047,1,1,1,1
22.3500,7184,1,1,79020,0,151861,0.520348,2,6,13,48,913607,27.51246,0.00154,2.38719,0.00849,1,0,2,1.158297,1.000000,1.233188,0.011021,0.011041,14.972542,11862,-0.000737,0.076440,62993,25660,14236,8935,6182,4532,3490,2745,23087,1,1,1,1
22.4000,7184,1,1,79290,0,152182,0.521024,1,9,9,22,77433,27.54709,0.00154,2.38719,0.00849,1,1,2,1.329369,1.000000,4.031226,-0.006382,-0.006343,14.955127,11502,0.000424,0.074207,63235,25706,14084,8989,6257,4464,3584,2780,23082,1,1,1,1
23.0000,7184,1,1,80644,0,154384,0.522363,1,22,22,25,74598,27.96304,0.00154,2.38719,0.00849,1,1,2,1.283688,1.000000,7.427522,-0.214398,-0.214363,14.746978,7191,0.014536,0.047048,64043,25996,14379,8977,6257,4584,3664,2805,23678,1,1,1,1
23.9000,7184,1,1,82067,1,158667,0.517231,2,368,368,368,203002,28.58681,0.00154,2.38719,0.00849,0,1,3,228.612883,179.450098,179.450098,-0.526507,-0.525751,14.435772,726,0.036420,0.004852,65912,26941,14749,9386,6398,4679,3619,2946,24036,1,1,1,1
22.3500,7196,1,1,79184,0,152434,0.519468,1,1,8,331,91793,27.50614,0.00144,2.38471,0.00669,1,0,3,1.306171,1.000000,1.112993,0.007842,0.007879,14.969037,11882,-0.000526,0.076459,63512,25645,14036,9056,6108,4523,3498,2816,23239,1,1,1,1
22.4000,7196,1,1,79540,0,152422,0.521844,7,7,83,83,126165,27.54081,0.00144,2.38471,0.00669,1,0,2,1.169530,1.000000,1.404563,-0.009517,-0.009495,14.952004,11519,0.000635,0.074208,63233,25810,14055,9088,6093,4576,3562,2782,23222,1,1,1,1
23.0000,7196,1,1,80918,0,154964,0.522176,2,30,30,4609,580628,27.95674,0.00144,2.38471,0.00669,1,1,2,1.051767,1.000000,1.674108,-0.217492,-0.217485,14.743624,7208,0.014751,0.047092,64223,26453,14603,8913,6199,4593,3557,2842,23580,1,1,1,1
23.9000,7196,1,1,82835,1,158924,0.521227,1,2,17,1332,577369,28.58054,0.00144,2.38471,0.00669,0,1,3,1.423060,1.010413,1.010413,-0.529348,-0.529299,14.432140,725,0.036675,0.004839,65914,27061,14613,9450,6514,4790,3679,2805,24097,1,1,1,1
22.3500,7208,1,1,79338,0,152382,0.520655,23,276,2433,2433,164454,27.50439,0.00204,2.37767,0.00557,1,1,2,1.326687,1.000000,105.166762,0.006967,0.007006,14.968478,11897,-0.000468,0.076431,63316,25934,14102,8820,6227,4486,3453,2680,23363,1,1,1,1
22.4000,7208,1,1,79705,1,152737,0.521848,3,3,40,40,1609836,27.53910,0.00204,2.37767,0.00557,0,0,3,1.382863,1.118984,1.118984,-0.010075,-0.010030,14.951285,11538,0.000671,0.074210,63321,25960,14155,9049,6204,4602,3403,2743,23299,1,1,1,1
23.0000,7208,1,1,80953,1,155478,0.520675,2,2,13,776,312364,27.95501,0.00204,2.37767,0.00557,0,1,3,1.322869,1.127489,1.127489,-0.218027,-0.217988,14.743511,7211,0.014785,0.047033,64672,26282,14482,9078,6404,4752,3409,2782,23616,1,1,1,1
23.9000,7208,1,1,83121,1,159593,0.520834,4,7,32,67,126611,28.57883,0.00204,2.37767,0.00557,0,1,3,2.822371,2.488848,2.488848,-0.529990,-0.529846,14.431659,724,0.036714,0.004824,66258,27093,15006,9271,6440,4819,3770,2857,24078,1,1,1,1
22.3500,7220,1,1,79986,0,153302,0.521758,4,3,41,153,649031,27.50265,0.00154,2.36987,0.00566,1,0,3,1.274188,1.000000,1.191568,0.006080,0.006114,14.967596,11916,-0.000408,0.076431,63720,26211,14288,9071,6195,4522,3415,2700,23179,1,1,1,1
22.4000,7220,1,1,79999,1,153091,0.522562,1,1,8,537,2623690,27.53731,0.00154,2.36987,0.00566,0,0,3,1.509063,1.071874,1.071874,-0.011242,-0.011185,14.950229,11557,0.000748,0.074214,63576,25938,14151,8995,6269,4540,3493,2701,23427,1,1,1,1
23.0000,7220,1,1,80981,1,155123,0.522047,1,3,37,37,253100,27.95320,0.00154,2.36987,0.00566,0,0,3,1.688459,1.207835,1.207835,-0.219189,-0.219117,14.742288,7223,0.014863,0.047037,64183,26290,14520,9050,6297,4644,3492,2774,23872,1,1,1,1
23.9000,7220,1,1,83305,1,159732,0.521533,1,2088,2088,2088,250329,28.57703,0.00154,2.36987,0.00566,0,1,3,88.798587,87.895818,87.895818,-0.531408,-0.530786,14.430096,726,0.036783,0.004830,66438,27367,14706,9375,6504,4757,3483,2818,24283,1,1,1,1
22.3500,7232,1,1,79977,1,153399,0.521369,2,10,20,36,2821654,27.49194,0.00235,2.37490,0.00446,0,1,3,2.510190,1.829382,1.719814,0.001123,0.001250,14.962709,11941,-0.000084,0.076489,63553,26185,14307,9133,6185,4622,3471,2756,23186,1,1,1,1
22.4000,7232,1,1,79839,1,153299,0.520809,5,62,62,62,303649,27.52654,0.00235,2.37490,0.00446,0,1,3,17.993693,17.128664,17.128664,-0.016337,-0.015937,14.944957,11579,0.001066,0.074258,63746,26163,14222,8785,6235,4528,3536,2779,23304,1,1,1,1
23.0000,7232,1,1,81297,1,156348,0.519978,1,3,196,196,216911,27.94250,0.00235,2.37490,0.00446,0,1,3,2.869326,2.097290,2.097290,-0.224174,-0.224028,14.737274,7241,0.015201,0.047092,64862,26640,14659,9328,6344,4617,3511,2759,23627,1,1,1,1
23.9000,7232,1,1,83347,1,160265,0.520061,3,10,10,22,311864,28.56626,0.00235,2.37490,0.00446,0,0,3,1.464196,1.202750,1.202750,-0.536013,-0.535960,14.425344,732,0.037154,0.004864,66746,27265,14879,9541,6540,4784,3686,2880,23943,1,1,1,1
22.3500,7244,1,1,80049,1,153310,0.522142,8,2,21,135,285860,27.49602,0.00153,2.37117,0.00487,0,1,3,1.541144,1.089911,1.089911,0.002814,0.002874,14.964305,11956,-0.000192,0.076450,63725,25822,14265,9029,6296,4571,3558,2734,23309,1,1,1,1
22.4000,7244,1,1,80383,1,153554,0.523487,2,64,64,78,69711,27.53066,0.00153,2.37117,0.00487,0,1,3,2.176149,2.027238,2.027238,-0.014553,-0.014446,14.947068,11596,0.000966,0.074233,63662,26346,14156,9038,6190,4512,3475,2761,23413,1,1,1,1
23.0000,7244,1,1,81531,1,156410,0.521268,1,1558,1558,1558,380539,27.94661,0.00153,2.37117,0.00487,0,1,3,104.633134,103.735397,103.735397,-0.222798,-0.222156,14.738680,7247,0.015073,0.047049,64806,26505,14795,9338,6292,4727,3519,2773,23654,1,1,1,1
23.9000,7244,1,1,83235,1,159831,0.520772,5,2,26,83,467251,28.57038,0.00153,2.37117,0.00487,0,1,3,1.330489,1.143412,1.143412,-0.534370,-0.534331,14.427183,728,0.037036,0.004828,66346,27046,14868,9466,6470,4817,3699,2867,24251,1,1,1,1
22.3500,7256,1,1,79993,1,153507,0.521107,1,9,16,25,30772071,27.48644,0.00134,2.35955,0.00654,0,0,3,3.156357,2.420285,2.420285,-0.002113,-0.001954,14.959400,11980,0.000131,0.076502,63734,25973,14453,9011,6193,4547,3389,2747,23459,1,1,1,1
22.4000,7256,1,1,80676,0,154210,0.523160,2,3,12,25,2720145,27.52112,0.00134,2.35955,0.00654,1,0,2,1.336857,1.000000,1.604312,-0.019421,-0.019381,14.942089,11617,0.001297,0.074270,64438,25971,14184,9167,6229,4642,3470,2747,23361,1,1,1,1
23.0000,7256,1,1,81358,0,156523,0.519786,6,73,73,73,44380,27.93705,0.00134,2.35955,0.00654,1,1,2,1.276403,1.000000,23.178079,-0.227571,-0.227537,14.733946,7263,0.015443,0.047090,65254,26391,14409,9272,6333,4733,3471,2737,23922,1,1,1,1
23.9000,7256,1,1,83490,0,160344,0.520696,1,10,60,92,1794187,28.56084,0.00134,2.35955,0.00654,1,1,2,1.386278,1.000000,5.304864,-0.539366,-0.539321,14.422077,733,0.037396,0.004855,67013,26978,14767,9356,6468,4778,3637,2938,24408,1,1,1,1
22.3500,7268,1,1,80101,1,153862,0.520606,2,15,15,15,814488,27.48863,0.00153,2.35872,0.00784,0,1,3,5.252224,4.828427,4.828427,-0.000955,-0.000727,14.960791,11996,0.000049,0.076470,63994,26154,14332,8913,6141,4561,3474,2746,23546,1,1,1,1
22.4000,7268,1,1,80326,0,154420,0.520182,1,4,14,347,2477975,27.52334,0.00153,2.35872,0.00784,1,1,2,1.325511,1.000000,2.155193,-0.018257,-0.018219,14.943147,11632,0.001219,0.074237,64490,25804,14430,8981,6404,4611,3538,2722,23439,1,1,1,1
23.0000,7268,1,1,81712,0,156586,0.521838,1,40,66,66,710148,27.93925,0.00153,2.35872,0.00784,1,1,2,1.373617,1.000000,18.305447,-0.226358,-0.226315,14.735145,7271,0.015359,0.047060,65250,26515,14427,9159,6365,4732,3488,2744,23905,1,1,1,1
23.9000,7268,1,1,83878,0,160717,0.521902,3,9,54,54,984715,28.56306,0.00153,2.35872,0.00784,1,1,2,1.247247,1.000000,2.742814,-0.538134,-0.538103,14.423385,730,0.037308,0.004827,66673,27415,14956,9333,6482,4753,3759,2861,24484,1,1,1,1
22.3500,7280,1,1,80282,0,154389,0.520002,1,5,6,22,1519995,27.49366,0.00313,2.36436,0.00498,1,1,2,1.377396,1.000000,2.989871,0.002319,0.002363,14.963822,12021,-0.000158,0.076488,64272,26146,14372,9093,6233,4531,3551,2744,23446,1,1,1,1
22.4000,7280,1,1,80308,0,154282,0.520531,1,2,13,50,85696,27.52832,0.00313,2.36436,0.00498,1,1,3,1.363477,1.000000,1.322606,-0.014951,-0.014909,14.946477,11655,0.000997,0.074245,64113,25973,14369,9077,6378,4450,3507,2791,23623,1,1,1,1
23.0000,7280,1,1,81691,1,156626,0.521571,1,3,17,69,95625,27.94421,0.00313,2.36436,0.00498,0,1,3,1.746508,1.248357,1.248357,-0.222889,-0.222812,14.738636,7285,0.015118,0.047062,64991,26611,14455,9340,6393,4566,3576,2800,23893,1,1,1,1
23.9000,7280,1,1,83345,1,160471,0.519381,1,14,14,14,356894,28.56804,0.00313,2.36436,0.00498,0,1,3,8.888468,7.225568,7.225568,-0.534930,-0.534630,14.426540,735,0.037059,0.004851,66716,27119,14984,9417,6364,4784,3704,2821,24561,1,1,1,1
22.3500,7292,1,1,80716,0,154460,0.522572,1,2,13,38,253304,27.48646,0.00143,2.36665,0.00581,1,1,2,1.404622,1.000000,1.706513,-0.002069,-0.002022,14.959423,12033,0.000135,0.076461,63886,26528,14390,9173,6230,4524,3476,2740,23512,1,1,1,1
22.4000,7292,1,1,80675,1,154714,0.521449,1,2,21,34,86071,27.52106,0.00143,2.36665,0.00581,0,1,3,2.093152,1.651120,1.651120,-0.019366,-0.019265,14.942221,11670,0.001289,0.074239,64375,26293,14440,8900,6186,4538,3512,2777,23692,1,1,1,1
23.0000,7292,1,1,81950,0,157530,0.520222,1,96,96,96,269432,27.93703,0.00143,2.36665,0.00581,1,1,2,1.280736,1.000000,30.954419,-0.227553,-0.227519,14.733825,7293,0.015442,0.047051,65487,26812,14768,9214,6487,4622,3505,2851,23783,1,1,1,1
23.9000,7292,1,1,83743,1,160612,0.521403,10,4,10,32,134209,28.56079,0.00143,2.36665,0.00581,0,1,3,1.527529,1.105564,1.105564,-0.539198,-0.539140,14.422317,731,0.037382,0.004818,66631,27090,15022,9329,6556,4846,3653,2916,24568,1,1,1,1
22.3500,7304,1,1,80634,0,154513,0.521862,30,10,844,844,467875,27.49425,0.00161,2.36458,0.00444,1,1,2,1.269739,1.000000,3.248641,0.001890,0.001923,14.963261,12055,-0.000129,0.076455,64153,26082,14409,9135,6237,4642,3472,2784,23598,1,1,1,1
22.4000,7304,1,1,80736,0,154929,0.521119,1,21,21,185,203783,27.52889,0.00161,2.36458,0.00444,1,1,2,1.048179,1.000000,1.114797,-0.015354,-0.015348,14.945759,11690,0.001027,0.074227,64691,26222,14147,9172,6032,4645,3402,2819,23798,1,1,1,1
23.0000,7304,1,1,82428,0,157917,0.521974,1,4,7,26,263556,27.94483,0.00161,2.36458,0.00444,1,1,2,1.360174,1.000000,2.350968,-0.223379,-0.223337,14.738128,7308,0.015154,0.047057,65627,26758,14872,9284,6485,4675,3619,2793,23803,1,1,1,1
23.9000,7304,1,1,83389,1,160735,0.518801,22,4,22,76,348013,28.56861,0.00161,2.36458,0.00444,0,1,3,2.725784,2.141642,2.141642,-0.535260,-0.535122,14.426393,734,0.037093,0.004828,66425,27145,14966,9532,6530,4794,3591,2938,24813,1,1,1,1
22.3500,7316,1,1,81125,1,155297,0.522390,1,19,19,131,151341,27.48384,0.00399,2.36638,0.00445,0,1,3,12.423472,9.699051,9.699051,-0.002184,-0.001840,14.959267,12072,0.000123,0.076458,64470,26446,14650,9258,6276,4507,3387,2798,23504,1,1,1,1
22.4000,7316,1,1,81062,0,155558,0.521108,1,35,35,157,270699,27.51851,0.00399,2.36638,0.00445,1,1,2,1.327319,1.000000,14.057211,-0.019548,-0.019509,14.941964,11705,0.001306,0.074219,64708,26485,14622,9073,6268,4530,3537,2755,23579,1,1,1,1
23.0000,7316,1,1,82068,0,157373,0.521490,1,17,17,52,1988214,27.93444,0.00399,2.36638,0.00445,1,1,2,1.404307,1.000000,8.673509,-0.227478,-0.227432,14.733982,7316,0.015436,0.047044,65113,26983,14585,9137,6394,4717,3559,2841,24043,1,1,1,1
23.9000,7316,1,1,84114,0,161277,0.521553,3,13,55,55,93088,28.55823,0.00399,2.36638,0.00445,1,1,2,1.085421,1.000000,1.252684,-0.539241,-0.539230,14.421954,732,0.037390,0.004809,66586,27716,14976,9549,6573,4638,3628,2940,24670,1,1,1,1
22.3500,7328,1,1,81167,1,155095,0.523341,3,2,17,21,56130,27.48249,0.00239,2.36662,0.00523,0,1,3,1.745428,1.289824,1.289824,-0.003498,-0.003422,14.958086,12096,0.000229,0.076490,64339,26320,14618,8962,6420,4587,3554,2774,23520,1,1,1,1
22.4000,7328,1,1,81283,1,155755,0.521868,1,13,13,13,414122,27.51720,0.00239,2.36662,0.00523,0,1,3,3.686495,3.303975,3.303975,-0.020919,-0.020741,14.940769,11728,0.001388,0.074249,64886,26663,14365,9125,6385,4588,3508,2777,23457,1,1,1,1
23.0000,7328,1,1,82388,0,158018,0.521387,1,1,40,86,255845,27.93311,0.00239,2.36662,0.00523,1,1,3,1.388785,1.000000,1.055278,-0.228788,-0.228743,14.732658,7331,0.015526,0.047068,65519,26966,14696,9251,6529,4734,3557,2872,23893,1,1,1,1
23.9000,7328,1,1,83854,0,161393,0.519567,1,5,45,45,794648,28.55693,0.00239,2.36662,0.00523,1,1,2,1.319357,1.000000,2.060676,-0.540747,-0.540709,14.420655,739,0.037495,0.004847,66830,27498,14823,9603,6570,4853,3723,2923,24569,1,1,1,1
22.3500,7340,1,1,80962,0,155333,0.521219,3,8,44,44,784947,27.48971,0.00201,2.37471,0.00507,1,1,2,1.283750,1.000000,2.860912,-0.000207,-0.000173,14.961174,12119,0.000012,0.076495,64376,26460,14562,9146,6320,4695,3486,2776,23511,1,1,1,1
22.4000,7340,1,1,81267,1,155856,0.521427,1,3,8,54,918979,27.52437,0.00201,2.37471,0.00507,0,1,3,2.618496,1.920772,1.920772,-0.017509,-0.017378,14.943900,11751,0.001163,0.074257,64836,26508,14573,9144,6230,4675,3496,2922,23471,1,1,1,1
23.0000,7340,1,1,82341,1,158040,0.521017,8,21,35,169,43429,27.94026,0.00201,2.37471,0.00507,0,1,3,13.207841,10.427168,10.427168,-0.225568,-0.225217,14.736305,7349,0.015283,0.047094,65597,26977,14764,9295,6368,4716,3569,2759,23994,1,1,1,1
23.9000,7340,1,1,84408,0,162117,0.520664,1,1,22,733,3211981,28.56409,0.00201,2.37471,0.00507,1,0,3,1.393580,1.000000,1.293594,-0.537342,-0.537297,14.424156,741,0.037250,0.004851,67125,27700,15024,9651,6645,4837,3680,2931,24523,1,1,1,1
22.3500,7352,1,1,81044,0,155385,0.521572,1,1,22,4255,199187,27.49306,0.00250,2.36865,0.00489,1,0,3,1.413857,1.000000,1.125466,0.001796,0.001843,14.963277,12136,-0.000123,0.076466,64727,26350,14271,9040,6339,4703,3500,2766,23688,1,1,1,1
22.4000,7352,1,1,81201,1,156152,0.520016,8,4,13,34,176582,27.52766,0.00250,2.36865,0.00489,0,0,3,1.685072,1.577968,1.577968,-0.015525,-0.015454,14.945701,11769,0.001034,0.074241,65107,26321,14524,9208,6316,4641,3526,2776,23732,1,1,1,1
23.0000,7352,1,1,82551,1,158380,0.521224,1,5,303,303,507135,27.94362,0.00250,2.36865,0.00489,0,1,3,3.419371,2.707411,2.707411,-0.223547,-0.223380,14.737922,7358,0.015157,0.047070,65827,26797,14639,9339,6451,4695,3575,2837,24219,1,1,1,1
23.9000,7352,1,1,84409,1,162116,0.520674,6,2,49,198,182182,28.56738,0.00250,2.36865,0.00489,0,1,3,2.174228,1.622143,1.622143,-0.535388,-0.535283,14.426188,742,0.037105,0.004849,67160,27608,15006,9486,6622,4832,3678,2915,24808,1,1,1,1
22.3500,7364,1,1,81103,1,155558,0.521372,4,28,28,147,131041,27.49400,0.00214,2.36228,0.00505,0,0,3,2.826435,2.619214,2.619214,0.002049,0.002190,14.963367,12156,-0.000146,0.076467,64553,26454,14262,9015,6332,4609,3666,2802,23864,1,1,1,1
22.4000,7364,1,1,81293,1,155975,0.521196,4,541,541,559,62414,27.52864,0.00214,2.36228,0.00505,0,1,3,43.170729,42.849820,42.849820,-0.015460,-0.014949,14.945849,11787,0.001000,0.074233,64672,26477,14321,9224,6478,4736,3510,2822,23734,1,1,1,1
23.0000,7364,1,1,82998,0,158908,0.522305,1,1,6,592,3914860,27.94458,0.00214,2.36228,0.00505,1,1,3,1.389871,1.000000,1.007574,-0.223173,-0.223128,14.738275,7367,0.015139,0.047050,65755,27214,14884,9288,6448,4705,3672,2810,24131,1,1,1,1
23.9000,7364,1,1,84673,1,162663,0.520546,1,2,16,22,932526,28.56836,0.00214,2.36228,0.00505,0,1,3,2.073015,1.577506,1.577506,-0.535095,-0.534996,14.426321,741,0.037085,0.004835,67658,27588,15062,9615,6736,4730,3730,2907,24636,1,1,1,1
22.3500,7376,1,1,81375,1,156479,0.520041,34,4,34,87,479196,27.49258,0.00150,2.36279,0.00496,0,1,3,2.074923,1.777226,1.777226,0.001065,0.001164,14.962688,12174,-0.000078,0.076459,65018,26524,14641,9313,6325,4723,3498,2778,23658,1,1,1,1
22.4000,7376,1,1,81430,0,156389,0.520692,1,9,35,367,124059,27.52726,0.00150,2.36279,0.00496,1,1,2,1.209403,1.000000,2.446295,-0.016294,-0.016268,14.945038,11806,0.001089,0.074235,64759,26811,14507,9174,6298,4705,3589,2872,23673,1,1,1,1
23.0000,7376,1,1,83010,0,158946,0.522256,17,38,38,71,554700,27.94318,0.00150,2.36279,0.00496,1,1,2,1.033570,1.000000,1.338419,-0.224216,-0.224212,14.736852,7379,0.015214,0.047054,65771,27112,14747,9438,6410,4808,3677,2879,24103,1,1,1,1
23.9000,7376,1,1,84736,0,162767,0.520600,1,17,49,49,180495,28.56698,0.00150,2.36279,0.00496,1,1,2,1.077981,1.000000,1.533514,-0.536121,-0.536110,14.425065,744,0.037165,0.004847,67610,27729,15269,9467,6511,4769,3645,2952,24814,1,1,1,1
22.3500,7388,1,1,81571,1,156572,0.520984,7,4,14,333,547789,27.49484,0.00170,2.36945,0.00616,0,1,3,1.747165,1.275209,1.275209,0.002334,0.002409,14.963873,12194,-0.000161,0.076454,65202,26514,14675,9196,6407,4624,3549,2718,23686,1,1,1,1
22.4000,7388,1,1,81569,1,156581,0.520941,18,5,18,96,2478469,27.52955,0.00170,2.36945,0.00616,0,1,3,2.197183,2.000285,2.000285,-0.015056,-0.014949,14.946062,11825,0.001000,0.074229,64869,26755,14570,9227,6338,4699,3563,2734,23825,1,1,1,1
23.0000,7388,1,1,82936,0,159107,0.521263,1,2,8,58,69044,27.94546,0.00170,2.36945,0.00616,1,1,2,1.349412,1.000000,1.472367,-0.222989,-0.222948,14.738434,7393,0.015127,0.047062,66086,27052,14709,9273,6498,4807,3655,2878,24148,1,1,1,1
23.9000,7388,1,1,84968,0,163126,0.520877,1,3,343,343,303306,28.56927,0.00170,2.36945,0.00616,1,1,2,1.406167,1.000000,1.816720,-0.534909,-0.534863,14.426583,744,0.037075,0.004838,67852,27697,15077,9586,6554,4961,3695,2939,24764,1,1,1,1
22.3500,7400,1,1,82062,0,157383,0.521419,2,2,128,128,267661,27.49395,0.00150,2.36208,0.00519,1,1,3,1.378326,1.000000,1.265859,0.001720,0.001763,14.963161,12211,-0.000118,0.076440,65478,26849,14487,9245,6501,4605,3710,2844,23663,1,1,1,1
22.4000,7400,1,1,81941,1,157257,0.521068,2,302,302,302,92081,27.52861,0.00150,2.36208,0.00519,0,1,3,3.985837,3.657121,3.657121,-0.015685,-0.015498,14.946016,11841,0.001037,0.074209,65343,26893,14748,9183,6286,4639,3608,2766,23790,1,1,1,1
23.0000,7400,1,1,82695,1,158894,0.520445,1,2,12,353,446220,27.94450,0.00150,2.36208,0.00519,0,1,3,1.743264,1.473248,1.473248,-0.223565,-0.223490,14.738018,7401,0.015164,0.047038,65929,26931,14853,9159,6479,4641,3645,2723,24533,1,1,1,1
23.9000,7400,1,1,84833,1,162856,0.520911,1,5,16,16,162745,28.56833,0.00150,2.36208,0.00519,0,0,3,2.862147,2.237939,2.237939,-0.535512,-0.535370,14.425977,741,0.037112,0.004811,67537,27670,15111,9423,6679,4888,3672,2763,25112,1,1,1,1
22.3500,7412,1,1,82040,0,157120,0.522152,78,11,78,78,449004,27.48168,0.00259,2.35782,0.00557,1,0,2,1.112196,1.000000,1.354267,-0.003858,-0.003844,14.957667,12231,0.000257,0.076469,65431,26568,14545,9259,6462,4539,3571,2843,23901,1,1,1,1
22.4000,7412,1,1,81911,1,157168,0.521172,2,3,30,58,129008,27.51628,0.00259,2.35782,0.00557,0,1,3,2.931148,2.187392,2.187392,-0.021190,-0.021045,14.940200,11859,0.001409,0.074230,65266,26762,14662,9306,6374,4619,3513,2864,23801,1,1,1,1
23.0000,7412,1,1,83118,0,159713,0.520424,1,1,5,176,267561,27.93225,0.00259,2.35782,0.00557,1,1,3,1.385924,1.000000,1.018405,-0.229115,-0.229071,14.732332,7411,0.015549,0.047043,66390,27049,14874,9350,6496,4733,3651,2877,24292,1,1,1,1
23.9000,7412,1,1,84777,1,163431,0.518736,1,2,13,20,7349981,28.55600,0.00259,2.35782,0.00557,0,1,3,2.226282,1.647764,1.647764,-0.541032,-0.540925,14.420545,741,0.037511,0.004805,67820,27905,15137,9498,6525,4960,3671,3025,24889,1,1,1,1
22.3500,7424,1,1,82447,1,158065,0.521605,6,4,7,176,304573,27.49492,0.00149,2.36474,0.00429,0,1,3,1.362839,1.128719,1.128719,0.002245,0.002287,14.963785,12257,-0.000153,0.076477,65470,27136,14774,9494,6421,4670,3632,2855,23612,1,1,1,1
22.4000,7424,1,1,82009,1,157449,0.520864,2,2,21,914,169239,27.52956,0.00149,2.36474,0.00429,0,1,3,2.032000,1.599295,1.599295,-0.015097,-0.015001,14.946272,11888,0.001004,0.074261,65642,26610,14489,9185,6438,4704,3427,2832,24121,1,1,1,1
23.0000,7424,1,1,83549,1,160478,0.520629,2,6,14,39,162318,27.94551,0.00149,2.36474,0.00429,0,1,3,2.705441,2.308184,2.308184,-0.223093,-0.222959,14.738544,7431,0.015128,0.047074,66494,27467,15008,9416,6579,4818,3658,2898,24139,1,1,1,1
23.9000,7424,1,1,85391,1,163925,0.520918,4,6,43,360,93094,28.56928,0.00149,2.36474,0.00429,0,1,3,2.481925,2.212972,2.212972,-0.534978,-0.534856,14.426655,750,0.037074,0.004854,68056,27774,15233,9753,6596,4891,3781,2926,24914,1,1,1,1
22.3500,7436,1,1,82058,0,157457,0.521149,1,1,12,91,70705,27.48610,0.00149,2.35530,0.00523,1,1,3,1.404083,1.000000,1.107475,-0.002143,-0.002097,14.959319,12273,0.000140,0.076476,65552,26467,14747,9442,6462,4604,3548,2749,23885,1,1,1,1
22.4000,7436,1,1,82461,1,157903,0.522229,1,15,15,113,88227,27.52078,0.00149,2.35530,0.00523,0,1,3,11.369564,8.130365,8.130365,-0.019618,-0.019291,14.941781,11901,0.001291,0.074245,65649,26721,14633,9248,6522,4745,3559,2852,23973,1,1,1,1
23.0000,7436,1,1,83666,0,160609,0.520933,1,4,10,25,178989,27.93670,0.00149,2.35530,0.00523,1,1,3,1.221919,1.000000,1.195465,-0.227452,-0.227425,14.733891,7439,0.015435,0.047063,66929,27293,14975,9493,6493,4600,3623,2861,24341,1,1,1,1
23.9000,7436,1,1,85846,0,164458,0.521997,33,2,33,39,377536,28.56050,0.00149,2.35530,0.00523,1,1,3,1.409612,1.000000,1.354922,-0.539354,-0.539308,14.422115,748,0.037395,0.004835,68528,27878,15234,9764,6657,4923,3647,2917,24909,1,1,1,1
22.3500,7448,1,1,82609,1,158399,0.521528,1,64,64,153,100516,27.49372,0.00221,2.36885,0.00630,0,1,3,17.562766,16.483685,16.483685,0.001857,0.002241,14.963763,12293,-0.000150,0.076454,66052,26956,14659,9337,6461,4763,3545,2749,23876,1,1,1,1
22.4000,7448,1,1,82588,0,158049,0.522550,1,6,184,184,60759,27.52843,0.00221,2.36885,0.00630,1,1,2,1.357613,1.000000,2.941241,-0.015384,-0.015343,14.946125,11920,0.001027,0.074222,65585,26944,14602,9390,6470,4803,3461,2836,23957,1,1,1,1
23.0000,7448,1,1,83993,1,160690,0.522705,9,32,32,79,184531,27.94434,0.00221,2.36885,0.00630,0,1,3,11.503552,10.458680,10.458680,-0.223423,-0.223095,14.738425,7454,0.015137,0.047068,66888,27297,14932,9554,6484,4682,3556,2907,24389,1,1,1,1
23.9000,7448,1,1,85553,1,164662,0.519571,1,24,24,45,463003,28.56815,0.00221,2.36885,0.00630,0,1,3,3.350036,2.951650,2.951650,-0.535245,-0.535083,14.426426,748,0.037090,0.004825,68546,27958,15362,9714,6720,4912,3508,2912,25029,1,1,1,1
22.3500,7460,1,1,82613,1,158097,0.522550,29,55,1098,1098,66208,27.49173,0.00339,2.36310,0.00509,0,1,3,5.381794,4.527232,4.505545,0.001466,0.001691,14.963192,12308,-0.000113,0.076428,65930,26635,14800,9184,6374,4656,3659,2790,24068,1,1,1,1
22.4000,7460,1,1,82565,1,158451,0.521079,1,14,443,443,71825,27.52638,0.00339,2.36310,0.00509,0,1,3,2.569070,1.863288,1.689666,-0.015797,-0.015671,14.945729,11935,0.001049,0.074198,65595,27216,14783,9378,6443,4745,3544,2824,23922,1,1,1,1
23.0000,7460,1,1,84230,0,161162,0.522645,1,211,211,211,763636,27.94227,0.00339,2.36310,0.00509,1,1,2,1.013841,1.000000,3.002631,-0.223779,-0.223778,14.737175,7460,0.015185,0.047034,66962,27473,14914,9658,6715,4769,3542,2895,24233,1,1,1,1
23.9000,7460,1,1,85358,0,164047,0.520330,9,2,23,1668,572081,28.56610,0.00339,2.36310,0.00509,1,1,3,1.384652,1.000000,1.240805,-0.535635,-0.535591,14.425868,745,0.037127,0.004798,68084,27743,15168,9601,6598,5002,3738,2925,25187,1,1,1,1
22.3500,7472,1,1,82820,0,158541,0.522392,41,3,41,75,180711,27.49345,0.00248,2.35895,0.00503,1,1,2,1.351479,1.000000,1.573098,0.001966,0.002007,14.963392,12332,-0.000134,0.076453,65833,26952,14887,9330,6446,4756,3602,2784,23950,1,1,1,1
22.4000,7472,1,1,82419,1,158263,0.520776,6,18,18,38,62757,27.52806,0.00248,2.35895,0.00503,0,1,3,2.474036,1.990107,1.990107,-0.015349,-0.015228,14.946265,11959,0.001019,0.074225,65514,27113,14632,9263,6472,4697,3659,2805,24107,1,1,1,1
23.0000,7472,1,1,83886,0,161131,0.520611,1,1,70,109,9375094,27.94402,0.00248,2.35895,0.00503,1,1,3,1.410827,1.000000,1.179271,-0.223291,-0.223245,14.738180,7475,0.015147,0.047050,67006,27376,15077,9585,6472,4631,3647,2750,24586,1,1,1,1
23.9000,7472,1,1,86286,0,164961,0.523072,1,8,10,14,177742,28.56778,0.00248,2.35895,0.00503,1,1,2,1.341679,1.000000,3.647358,-0.535251,-0.535212,14.426261,751,0.037100,0.004829,68328,28041,15276,9901,6731,4860,3706,3029,25088,1,1,1,1
22.3500,7484,1,1,82709,1,158487,0.521869,2,201,201,201,86582,27.49335,0.00286,2.36478,0.00552,0,1,3,2.560129,1.993806,1.905675,0.002111,0.002236,14.963722,12348,-0.000149,0.076427,65846,26922,14781,9370,6354,4615,3614,2795,24189,1,1,1,1
22.4000,7484,1,1,83070,0,158825,0.523032,1,112,112,112,109629,27.52799,0.00286,2.36478,0.00552,1,1,2,1.363117,1.000000,48.435864,-0.015426,-0.015384,14.946007,11974,0.001029,0.074200,66199,26897,14729,9230,6368,4699,3645,2899,24158,1,1,1,1
23.0000,7484,1,1,84108,0,160947,0.522585,4,6,6,52,74034,27.94394,0.00286,2.36478,0.00552,1,1,2,1.400254,1.000000,3.218702,-0.223217,-0.223172,14.738243,7483,0.015142,0.047024,66394,27475,15126,9496,6520,4707,3633,2895,24700,1,1,1,1
23.9000,7484,1,1,86120,0,165364,0.520794,1,7,7,24,68585,28.56771,0.00286,2.36478,0.00552,1,1,2,1.313585,1.000000,2.905050,-0.535098,-0.535061,14.426419,748,0.037089,0.004802,68660,28230,15276,9682,6731,4793,3802,2964,25225,1,1,1,1
22.3500,7496,1,1,82625,1,158342,0.521817,1,2,125,125,3551219,27.49789,0.00266,2.37320,0.00480,0,1,3,1.615784,1.142626,1.142623,0.004338,0.004402,14.965839,12368,-0.000294,0.076418,65305,27256,14764,9257,6598,4690,3557,2772,24142,1,1,1,1
22.4000,7496,1,1,82832,0,159155,0.520452,1,3,11,36,1848568,27.53256,0.00266,2.37320,0.00480,1,1,2,1.304085,1.000000,1.464552,-0.013021,-0.012986,14.948377,11995,0.000869,0.074200,65988,26863,14927,9552,6526,4734,3731,2834,23999,1,1,1,1
23.0000,7496,1,1,84567,1,161634,0.523204,129,356,356,356,278520,27.94849,0.00266,2.37320,0.00480,0,0,3,9.883907,9.876162,9.876162,-0.221114,-0.220808,14.739766,7495,0.014980,0.047019,67010,27579,15189,9408,6589,4791,3609,2945,24513,1,1,1,1
23.9000,7496,1,1,86438,0,165978,0.520783,3,27,27,159,661768,28.57228,0.00266,2.37320,0.00480,1,0,2,1.054855,1.000000,1.576669,-0.532889,-0.532882,14.428639,749,0.036932,0.004800,69166,27959,15499,9764,6668,4910,3778,3003,25230,1,1,1,1
22.3500,7508,1,1,82970,0,159193,0.521195,2,65,65,65,103502,27.48906,0.00275,2.36655,0.00574,1,1,2,1.132687,1.000000,9.275275,-0.000160,-0.000143,14.961109,12384,0.000010,0.076418,66187,26978,14894,9421,6421,4764,3583,2927,24017,1,1,1,1
22.4000,7508,1,1,82922,0,159313,0.520501,1,3,11,69,306908,27.52377,0.00275,2.36655,0.00574,1,0,3,1.280979,1.000000,1.273030,-0.017384,-0.017351,14.944136,12009,0.001161,0.074189,66362,26991,14685,9427,6471,4672,3627,2842,24235,1,1,1,1
23.0000,7508,1,1,84506,0,161997,0.521655,1,3,11,58,488041,27.93968,0.00275,2.36655,0.00574,1,1,2,1.389357,1.000000,1.747739,-0.225357,-0.225313,14.736146,7503,0.015290,0.047006,67215,27534,14963,9590,6731,4890,3743,2936,24394,1,1,1,1
23.9000,7508,1,1,86264,0,165859,0.520108,1,6898,6898,6898,136232,28.56349,0.00275,2.36655,0.00574,1,1,2,1.273489,1.000000,2145.058156,-0.537739,-0.537707,14.423781,747,0.037279,0.004781,68894,28251,15402,9835,6617,4897,3688,2942,25332,1,1,1,1
22.3500,7520,1,1,83255,1,159317,0.522578,2,27,29,1508,446937,27.48574,0.00219,2.36677,0.00478,0,1,3,8.797105,8.173831,8.173831,-0.002163,-0.001874,14.959217,12417,0.000125,0.076510,65924,27146,14829,9384,6563,4825,3762,2812,24071,1,1,1,1
22.4000,7520,1,1,83206,0,159571,0.521439,1,9,67,450,74889,27.52040,0.00219,2.36677,0.00478,1,1,2,1.347713,1.000000,4.328067,-0.019449,-0.019410,14.942063,12043,0.001299,0.074290,66320,27125,14666,9396,6608,4850,3680,2787,24138,1,1,1,1
23.0000,7520,1,1,84602,0,162678,0.520061,4,2,5,125,1685346,27.93628,0.00219,2.36677,0.00478,1,1,3,1.343147,1.000000,1.010392,-0.227294,-0.227255,14.734128,7530,0.015424,0.047106,67699,27748,15109,9651,6571,4801,3671,3009,24418,1,1,1,1
23.9000,7520,1,1,86467,1,166303,0.519940,1,1,12,55,104835,28.56012,0.00219,2.36677,0.00478,0,0,3,1.739990,1.314357,1.314357,-0.539228,-0.539154,14.422219,764,0.037384,0.004883,69070,28540,15464,9773,6608,4891,3736,2954,25266,1,1,1,1
22.3500,7532,1,1,83191,1,159310,0.522199,1,4,18,20,814603,27.49183,0.00110,2.37371,0.00625,0,1,3,1.932740,1.367783,1.215193,0.000488,0.000576,14.962006,12435,-0.000038,0.076484,66190,26850,14785,9583,6382,4778,3621,2839,24281,1,1,1,1
22.4000,7532,1,1,83313,1,159519,0.522280,3,2,28,28,660367,27.52643,0.00110,2.37371,0.00625,0,1,3,1.653689,1.245473,1.245473,-0.016816,-0.016749,14.944765,12059,0.001121,0.074257,66206,27075,14786,9463,6394,4782,3628,2868,24316,1,1,1,1
23.0000,7532,1,1,84204,0,161983,0.519836,2,327,327,327,7781780,27.94239,0.00110,2.37371,0.00625,1,0,2,1.015697,1.000000,5.203183,-0.224892,-0.224890,14.736636,7540,0.015261,0.047086,67125,27495,15017,9491,6689,4886,3574,2963,24742,1,1,1,1
23.9000,7532,1,1,86696,0,166226,0.521558,3,3,42,42,2148428,28.56615,0.00110,2.37371,0.00625,1,1,2,1.407464,1.000000,1.710860,-0.536698,-0.536652,14.424770,761,0.037204,0.004855,68833,28579,15453,9753,6769,4939,3818,2911,25170,1,1,1,1
22.3500,7544,1,1,83358,0,159759,0.521777,1,2,4,60,225426,27.48594,0.00119,2.37220,0.00714,1,1,2,1.413590,1.000000,1.621859,-0.002413,-0.002367,14.959065,12454,0.000158,0.076494,66359,27164,14865,9442,6440,4558,3669,2944,24317,1,1,1,1
22.4000,7544,1,1,83194,0,159678,0.521014,6,4,77,77,150296,27.52058,0.00119,2.37220,0.00714,1,1,2,1.365306,1.000000,1.928203,-0.019744,-0.019703,14.941765,12076,0.001319,0.074258,66101,27301,14864,9286,6517,4741,3576,2800,24491,1,1,1,1
23.0000,7544,1,1,84576,0,162297,0.521122,1,24,24,47,222627,27.93652,0.00119,2.37220,0.00714,1,1,2,1.162695,1.000000,4.533526,-0.227773,-0.227753,14.733527,7555,0.015458,0.047114,67155,27757,14885,9482,6536,4964,3709,2896,24912,1,1,1,1
23.9000,7544,1,1,86670,0,166589,0.520266,2,2,72,116,607243,28.56030,0.00119,2.37220,0.00714,1,0,3,1.320796,1.000000,1.069092,-0.539566,-0.539529,14.421951,760,0.037410,0.004842,69103,28605,15521,9802,6620,4958,3753,3017,25209,1,1,1,1
22.3500,7556,1,1,83131,1,159538,0.521077,2,3,19,86,114000,27.48866,0.00138,2.38155,0.00502,0,1,3,2.004085,1.660197,1.660197,-0.000941,-0.000849,14.960651,12473,0.000057,0.076481,66211,26773,15021,9326,6623,4766,3627,2887,24303,1,1,1,1
22.4000,7556,1,1,83504,0,160032,0.521799,96,3,96,96,4113675,27.52334,0.00138,2.38155,0.00502,1,1,2,1.368387,1.000000,1.701602,-0.018283,-0.018241,14.943226,12095,0.001221,0.074250,66702,27120,14661,9446,6549,4708,3639,2870,24336,1,1,1,1
23.0000,7556,1,1,84927,1,162798,0.521674,1,2,5,29,97059,27.93927,0.00138,2.38155,0.00502,0,1,3,2.130530,1.520058,1.520058,-0.226238,-0.226138,14.735183,7561,0.015347,0.047071,67673,27531,15238,9460,6595,4766,3776,2870,24888,1,1,1,1
23.9000,7556,1,1,86705,1,166863,0.519621,1,32,32,100,316775,28.56306,0.00138,2.38155,0.00502,0,1,3,3.635192,2.906944,2.866309,-0.538177,-0.538006,14.423487,762,0.037301,0.004846,69286,28323,15544,9884,6861,4995,3730,2939,25300,1,1,1,1
22.3500,7568,1,1,83691,1,160256,0.522236,4,3,9,95,248514,27.48720,0.00229,2.37237,0.00636,0,0,3,1.269448,1.085419,1.085419,-0.001170,-0.001139,14.960148,12494,0.000076,0.076491,66613,27162,14828,9494,6548,4759,3575,2916,24360,1,1,1,1
22.4000,7568,1,1,83940,0,161034,0.521260,1,1,121,612,546961,27.52191,0.00229,2.37237,0.00636,1,0,3,1.399217,1.000000,1.211277,-0.018528,-0.018484,14.942932,12114,0.001237,0.074250,67202,27234,14876,9480,6495,4848,3670,2957,24271,1,1,1,1
23.0000,7568,1,1,84957,1,162969,0.521311,2,1,42,42,128679,27.93782,0.00229,2.37237,0.00636,0,1,3,1.562907,1.107549,1.107549,-0.226479,-0.226420,14.735009,7574,0.015366,0.047078,67650,27537,15176,9639,6711,4977,3724,2899,24655,1,1,1,1
23.9000,7568,1,1,86882,0,166874,0.520647,1,2,12,29,71397,28.56163,0.00229,2.37237,0.00636,1,0,3,1.323104,1.000000,1.134102,-0.538387,-0.538350,14.423129,763,0.037325,0.004845,68985,28407,15583,9879,6818,5029,3838,2996,25338,1,1,1,1
22.3500,7580,1,1,83759,1,160710,0.521184,1,3,5,26,4296225,27.48130,0.00128,2.36097,0.00565,0,1,3,2.446388,1.878785,1.878785,-0.004735,-0.004617,14.956696,12510,0.000309,0.076485,66422,27586,15021,9466,6516,4761,3568,2871,24498,1,1,1,1
22.4000,7580,1,1,83538,0,160572,0.520256,1,40,40,40,491943,27.51596,0.00128,2.36097,0.00565,1,1,2,1.169796,1.000000,7.538806,-0.022156,-0.022135,14.939371,12131,0.001482,0.074254,66594,27257,14859,9459,6470,4780,3696,2881,24575,1,1,1,1
23.0000,7580,1,1,85342,0,163259,0.522743,1,1,6,97,707022,27.93185,0.00128,2.36097,0.00565,1,0,3,1.378816,1.000000,1.107746,-0.229972,-0.229930,14.731535,7584,0.015608,0.047077,67529,27874,15281,9736,6436,4840,3741,3003,24818,1,1,1,1
23.9000,7580,1,1,87211,1,167723,0.519974,2,36,69,69,14582412,28.55568,0.00128,2.36097,0.00565,0,0,3,6.171479,5.739417,5.739417,-0.541998,-0.541758,14.419426,761,0.037571,0.004826,70003,28310,15680,9880,6722,4943,3815,3064,25305,1,1,1,1
22.3500,7592,1,1,83953,1,160860,0.521904,29,19,32,60,352579,27.48112,0.00185,2.36315,0.00607,0,1,3,2.195327,1.570031,1.331949,-0.004500,-0.004396,14.957060,12528,0.000294,0.076472,66608,27428,15011,9441,6681,4926,3670,2798,24296,1,1,1,1
22.4000,7592,1,1,83920,0,160900,0.521569,14,5,21,595,100520,27.51572,0.00185,2.36315,0.00607,1,1,2,1.400982,1.000000,2.902239,-0.021853,-0.021808,14.939647,12149,0.001460,0.074245,66602,27393,15129,9470,6627,4724,3652,2935,24367,1,1,1,1
23.0000,7592,1,1,84998,0,163572,0.519640,11,2,17,51,779203,27.93168,0.00185,2.36315,0.00607,1,1,3,1.388334,1.000000,1.375643,-0.229784,-0.229740,14.731721,7596,0.015595,0.047076,67859,27604,15146,9705,6747,5012,3746,2954,24798,1,1,1,1
23.9000,7592,1,1,87047,1,167670,0.519160,17,2,17,32,61307,28.55544,0.00185,2.36315,0.00607,0,1,3,1.768943,1.253091,1.253091,-0.541656,-0.541580,14.419865,761,0.037558,0.004818,69361,28741,15589,9807,6955,4890,3801,3010,25515,1,1,1,1
22.3500,7604,1,1,84137,1,161042,0.522457,5,2,13,22,128197,27.48329,0.00128,2.35637,0.00526,0,0,3,1.314395,1.157995,1.157995,-0.003669,-0.003633,14.957627,12552,0.000243,0.076495,66845,27529,14896,9518,6426,4882,3660,2888,24397,1,1,1,1
22.4000,7604,1,1,83996,0,161296,0.520760,1,4,6,158,170058,27.51793,0.00128,2.35637,0.00526,1,0,2,1.328243,1.000000,2.076481,-0.021029,-0.020992,14.940488,12170,0.001405,0.074252,66953,27374,15045,9592,6470,4785,3576,3035,24465,1,1,1,1
23.0000,7604,1,1,85357,1,163858,0.520924,7,2,23,75,277115,27.93387,0.00128,2.35637,0.00526,0,1,3,1.232543,1.072127,1.072127,-0.228954,-0.228926,14.732599,7607,0.015539,0.047067,68096,27846,15042,9714,6754,4813,3733,2935,24924,1,1,1,1
23.9000,7604,1,1,86954,0,167788,0.518240,133,17,133,133,438616,28.55765,0.00128,2.35637,0.00526,1,1,2,1.354778,1.000000,7.340081,-0.540973,-0.540933,14.420540,766,0.037511,0.004842,69391,28658,15664,9847,6860,5028,3854,3059,25426,1,1,1,1
22.3500,7616,1,1,84228,0,161740,0.520765,1,4,17,963,689129,27.48447,0.00127,2.35618,0.00489,1,0,2,1.311842,1.000000,1.995477,-0.003102,-0.003067,14.958416,12574,0.000205,0.076504,67334,27598,14851,9423,6536,4831,3671,2988,24507,1,1,1,1
22.4000,7616,1,1,84032,0,161178,0.521365,3,61,61,61,474127,27.51914,0.00127,2.35618,0.00489,1,1,2,1.383851,1.000000,28.109124,-0.020614,-0.020571,14.940892,12193,0.001377,0.074273,66746,27461,14802,9528,6495,4906,3709,2910,24620,1,1,1,1
23.0000,7616,1,1,85220,0,164170,0.519099,3,107,107,107,103112,27.93507,0.00127,2.35618,0.00489,1,1,2,1.012991,1.000000,1.465576,-0.228380,-0.228378,14.732580,7623,0.015502,0.047092,68161,28026,15099,9697,6667,4837,3668,2973,25041,1,1,1,1
23.9000,7616,1,1,87383,1,167875,0.520527,1,34,34,57,1079361,28.55886,0.00127,2.35618,0.00489,0,1,3,5.617244,5.496356,5.496356,-0.540367,-0.540140,14.421388,769,0.037454,0.004853,69337,28648,15859,9744,6806,4999,3914,3080,25487,1,1,1,1
22.3500,7628,1,1,84176,0,161482,0.521275,28,4,28,159,285802,27.48333,0.00127,2.35402,0.00683,1,1,2,1.403657,1.000000,2.052461,-0.003651,-0.003607,14.957847,12591,0.000241,0.076490,66716,27711,14980,9680,6615,4751,3717,2844,24467,1,1,1,1
22.4000,7628,1,1,84457,1,161569,0.522733,6,3,9,45,819453,27.51805,0.00127,2.35402,0.00683,0,1,3,2.179905,1.655767,1.655767,-0.020993,-0.020891,14.940634,12208,0.001398,0.074249,67001,27420,14918,9472,6596,4913,3794,2929,24525,1,1,1,1
23.0000,7628,1,1,85750,0,164716,0.520596,9,3,15,60,130637,27.93395,0.00127,2.35402,0.00683,1,1,2,1.414199,1.000000,1.953984,-0.228959,-0.228913,14.732525,7631,0.015538,0.047067,68479,28093,15288,9659,6685,4874,3736,2969,24932,1,1,1,1
23.9000,7628,1,1,87643,1,168240,0.520943,3,4,41,145,94017,28.55777,0.00127,2.35402,0.00683,0,0,3,1.628700,1.397830,1.397830,-0.540843,-0.540779,14.420507,766,0.037501,0.004827,69624,28717,15687,9891,6862,4985,3656,2990,25827,1,1,1,1
22.3500,7640,1,1,84324,0,161958,0.520657,18,11,18,39,1397772,27.47997,0.00180,2.35997,0.00775,1,0,2,1.140400,1.000000,1.790355,-0.005136,-0.005119,14.956392,12611,0.000342,0.076499,67406,27620,14889,9580,6653,4765,3657,2845,24542,1,1,1,1
22.4000,7640,1,1,84386,0,162065,0.520696,2,4,15,15,197081,27.51462,0.00180,2.35997,0.00775,1,0,2,1.295369,1.000000,1.636087,-0.022459,-0.022425,14.939062,12229,0.001501,0.074268,67288,27642,15053,9460,6585,4851,3711,2850,24624,1,1,1,1
23.0000,7640,1,1,85689,1,164935,0.519535,73,2,73,73,225853,27.93051,0.00180,2.35997,0.00775,0,1,3,1.649222,1.271480,1.271480,-0.230384,-0.230319,14.731182,7645,0.015635,0.047084,68495,27993,15368,9965,6595,4880,3707,3007,24924,1,1,1,1
23.9000,7640,1,1,87782,0,168430,0.521181,1,11,11,1451,268279,28.55434,0.00180,2.35997,0.00775,1,1,2,1.133319,1.000000,1.814351,-0.542325,-0.542308,14.418951,769,0.037611,0.004839,69840,28542,15734,9954,6859,4963,3803,3065,25669,1,1,1,1
22.3500,7652,1,1,84797,1,162325,0.522393,4,4,6,143,97567,27.48083,0.00136,2.37152,0.00532,0,1,3,3.204727,2.417355,2.417355,-0.004923,-0.004771,14.956379,12627,0.000319,0.076476,67883,27531,14847,9542,6484,4799,3684,2944,24610,1,1,1,1
22.4000,7652,1,1,84427,1,161996,0.521170,1,52,52,52,503919,27.51544,0.00136,2.37152,0.00532,0,0,3,3.319241,2.774084,2.774084,-0.022233,-0.022076,14.939233,12248,0.001478,0.074266,67342,27186,14823,9610,6774,4839,3568,3034,24819,1,1,1,1
23.0000,7652,1,1,85657,1,164132,0.521882,1,2,93,93,116872,27.93140,0.00136,2.37152,0.00532,0,0,3,1.498973,1.112883,1.112883,-0.230154,-0.230101,14.731288,7653,0.015620,0.047059,67775,27902,15292,9676,6654,4940,3758,2937,25197,1,1,1,1
23.9000,7652,1,1,88169,1,169466,0.520279,1,2,9,247,1448450,28.55516,0.00136,2.37152,0.00532,0,1,3,2.120302,1.639352,1.639352,-0.542058,-0.541959,14.419386,767,0.037585,0.004818,70831,28543,15775,9939,6867,5094,3848,3043,25525,1,1,1,1
22.3500,7664,1,1,85084,0,163129,0.521578,1,3,51,51,231450,27.47491,0.00337,2.36250,0.00725,1,1,3,1.256634,1.000000,1.067039,-0.006806,-0.006776,14.954569,12654,0.000453,0.076529,67880,27867,15233,9687,6590,4820,3717,2887,24447,1,1,1,1
22.4000,7664,1,1,84615,1,162538,0.520589,2,14,28,33,98455,27.50955,0.00337,2.36250,0.00725,0,1,3,3.491322,2.732888,2.732888,-0.024189,-0.024026,14.937465,12266,0.001608,0.074267,67563,27463,15132,9652,6568,4961,3660,2957,24581,1,1,1,1
23.0000,7664,1,1,86368,0,165641,0.521420,1,4,5,17,84411,27.92549,0.00337,2.36250,0.00725,1,1,2,1.412394,1.000000,2.652050,-0.232159,-0.232114,14.729319,7670,0.015759,0.047096,69028,28034,15523,9827,6721,4853,3686,2967,25001,1,1,1,1
23.9000,7664,1,1,87571,1,168673,0.519179,2,1,16,237,284178,28.54927,0.00337,2.36250,0.00725,0,0,3,1.326234,1.011107,1.011107,-0.543984,-0.543947,14.417426,770,0.037728,0.004830,69736,28737,15577,10048,6920,4963,3875,3104,25712,1,1,1,1
22.3500,7676,1,1,84959,1,162915,0.521496,34,904,904,904,6739738,27.47142,0.00302,2.36013,0.00631,0,1,3,42.868664,42.792697,42.792697,-0.008952,-0.008463,14.952118,12666,0.000566,0.076494,67609,27677,15348,9620,6569,4929,3764,2831,24567,1,1,1,1
22.4000,7676,1,1,84699,1,162712,0.520549,1,715,715,715,1568087,27.50609,0.00302,2.36013,0.00631,0,1,3,6.186276,5.524565,5.494581,-0.026156,-0.025919,14.935596,12281,0.001735,0.074251,67511,27689,15195,9575,6619,4827,3625,2869,24801,1,1,1,1
23.0000,7676,1,1,86167,1,165274,0.521362,1,1,18,1748,294841,27.92202,0.00302,2.36013,0.00631,0,0,3,1.598237,1.130363,1.130363,-0.234015,-0.233954,14.727484,7675,0.015886,0.047059,68631,28007,15389,9659,6756,4904,3794,2881,25252,1,1,1,1
23.9000,7676,1,1,88110,0,169607,0.519498,1,2,50,53,509150,28.54581,0.00302,2.36013,0.00631,1,1,3,1.334569,1.000000,1.348389,-0.545924,-0.545887,14.415497,767,0.037868,0.004805,70468,28617,15748,10167,6939,4993,3894,3075,25705,1,1,1,1
22.3500,7688,1,1,85080,0,162783,0.522662,1,5,87,147,141711,27.47173,0.00181,2.35311,0.00523,1,1,2,1.366284,1.000000,2.441858,-0.009192,-0.009152,14.952319,12691,0.000612,0.076524,67553,27641,15190,9645,6611,4868,3616,2864,24794,1,1,1,1
22.4000,7688,1,1,84600,0,162587,0.520340,3,55,55,55,95628,27.50644,0.00181,2.35311,0.00523,1,1,2,1.333122,1.000000,21.822732,-0.026691,-0.026653,14.934730,12306,0.001785,0.074290,67359,27558,15271,9497,6590,4776,3737,2928,24870,1,1,1,1
23.0000,7688,1,1,86402,0,165668,0.521540,1,15,16,247,4147849,27.92235,0.00181,2.35311,0.00523,1,1,2,1.413846,1.000000,7.807858,-0.234577,-0.234532,14.726905,7693,0.015925,0.047097,68718,28289,15449,9768,6607,5024,3732,3002,25078,1,1,1,1
23.9000,7688,1,1,88698,0,169781,0.522429,10,50,50,85,927792,28.54617,0.00181,2.35311,0.00523,1,1,2,1.030071,1.000000,1.534192,-0.546378,-0.546374,14.414698,774,0.037904,0.004841,70644,28914,15828,9889,6796,5035,3921,2983,25770,1,1,1,1
22.3500,7700,1,1,84842,0,162692,0.521492,2,26,26,64,817439,27.47826,0.00190,2.35761,0.00511,1,1,3,1.038064,1.000000,1.032091,-0.005899,-0.005894,14.955210,12706,0.000394,0.076481,67600,27321,15244,9568,6570,4696,3671,2966,25055,1,1,1,1
22.4000,7700,1,1,85045,1,163054,0.521579,4,19,19,1454,1206923,27.51292,0.00190,2.35761,0.00511,0,1,3,6.511527,5.934862,5.934862,-0.023341,-0.023098,14.938424,12323,0.001546,0.074259,67636,27635,15159,9677,6490,4946,3703,2953,24854,1,1,1,1
23.0000,7700,1,1,86462,0,165829,0.521396,2,5,58,64,159211,27.92881,0.00190,2.35761,0.00511,1,1,2,1.196690,1.000000,1.366740,-0.231187,-0.231164,14.730148,7701,0.015693,0.047062,68739,28269,15272,9775,6816,4984,3718,3008,25247,1,1,1,1
23.9000,7700,1,1,88074,0,169642,0.519179,1,4,7,74,1183319,28.55264,0.00190,2.35761,0.00511,1,1,2,1.237685,1.000000,1.278684,-0.543102,-0.543074,14.418262,773,0.037666,0.004826,70120,28815,15924,10196,6903,4995,3866,2935,25887,1,1,1,1
22.3500,7712,1,1,84594,0,162538,0.520460,2,16,16,31,29064665,27.47182,0.00237,2.34912,0.00633,1,0,2,1.168184,1.000000,3.049056,-0.008936,-0.008916,14.952593,12735,0.000596,0.076549,67219,27532,15039,9480,6633,4847,3691,2955,25141,1,1,1,1
22.4000,7712,1,1,85201,1,163473,0.521196,125,2,125,125,735782,27.50642,0.00237,2.34912,0.00633,0,1,3,1.634346,1.250279,1.250279,-0.026180,-0.026116,14.934690,12345,0.001749,0.074294,68226,27317,15107,9647,6768,4790,3735,2959,24923,1,1,1,1
23.0000,7712,1,1,86474,0,166295,0.520007,1,3,13,17,204846,27.92238,0.00237,2.34912,0.00633,1,1,2,1.413394,1.000000,2.313810,-0.234199,-0.234154,14.727282,7717,0.015899,0.047096,69334,28201,15393,9669,6702,4894,3787,3016,25298,1,1,1,1
23.9000,7712,1,1,88170,0,169717,0.519515,3,14,83,83,2316021,28.54614,0.00237,2.34912,0.00633,1,1,2,1.413884,1.000000,7.207079,-0.546154,-0.546109,14.415329,777,0.037884,0.004845,70519,28553,15556,10066,6894,5092,3996,3063,25977,1,1,1,1
22.3500,7724,1,1,85253,1,163536,0.521313,1,12,13,444,187891,27.47388,0.00178,2.34604,0.00568,0,1,3,6.448666,5.510986,5.510986,-0.008219,-0.007977,14.953546,12750,0.000533,0.076515,68018,27658,15117,9684,6666,4883,3686,2907,24916,1,1,1,1
22.4000,7724,1,1,85606,0,163978,0.522061,2,30,30,30,207630,27.50852,0.00178,2.34604,0.00568,1,1,2,1.352756,1.000000,12.959682,-0.025594,-0.025555,14.935839,12364,0.001711,0.074287,67925,28077,15322,9605,6751,4846,3780,2945,24726,1,1,1,1
23.0000,7724,1,1,86686,0,166245,0.521438,28,2,502,502,902171,27.92446,0.00178,2.34604,0.00568,1,1,3,1.403673,1.000000,1.301574,-0.233411,-0.233367,14.728057,7729,0.015845,0.047094,68878,28313,15612,9669,6661,4974,3800,3003,25334,1,1,1,1
23.9000,7724,1,1,88660,0,170490,0.520034,17,32,32,126,534884,28.54824,0.00178,2.34604,0.00568,1,1,2,1.230445,1.000000,8.305197,-0.545426,-0.545399,14.416101,778,0.037833,0.004843,70830,28963,15746,9917,7123,5116,3776,2972,26046,1,1,1,1
22.3500,7736,1,1,85199,1,163785,0.520191,1,11,15,15,828131,27.46809,0.00230,2.34701,0.00624,0,1,3,3.183475,3.003815,3.003815,-0.010803,-0.010653,14.950872,12768,0.000713,0.076518,67775,27810,15410,9751,6571,4864,3829,2871,24903,1,1,1,1
22.4000,7736,1,1,85647,1,164231,0.521506,2,10,10,78,300571,27.50276,0.00230,2.34701,0.00624,0,0,3,2.799064,2.487491,2.487491,-0.028129,-0.027996,14.933261,12381,0.001875,0.074287,68450,27472,15449,9634,6719,4944,3767,2826,24969,1,1,1,1
23.0000,7736,1,1,86520,0,166669,0.519116,1,15,29,145,129792,27.91868,0.00230,2.34701,0.00624,1,1,2,1.186917,1.000000,3.313530,-0.236109,-0.236087,14.725220,7740,0.016033,0.047096,69143,28247,15491,9827,6744,5006,3736,3040,25434,1,1,1,1
23.9000,7736,1,1,88644,0,170482,0.519964,1,1,15,95,178836,28.54248,0.00230,2.34701,0.00624,1,1,3,1.411914,1.000000,1.403954,-0.547950,-0.547905,14.413529,777,0.038013,0.004830,70447,29210,15644,10060,7038,5149,3954,3083,25896,1,1,1,1
22.3500,7748,1,1,85162,0,163939,0.519477,1,112,112,1038,1747099,27.46939,0.00358,2.34608,0.00448,1,1,2,1.323818,1.000000,42.723268,-0.009657,-0.009621,14.951760,12786,0.000643,0.076503,68012,27922,15162,9544,6721,5053,3715,2959,24850,1,1,1,1
22.4000,7748,1,1,85616,0,164297,0.521108,1,2,12,31,345328,27.50410,0.00358,2.34608,0.00448,1,0,3,1.276080,1.000000,1.100693,-0.026770,-0.026739,14.934753,12398,0.001790,0.074266,68062,28168,15187,9605,6666,4924,3766,2982,24936,1,1,1,1
23.0000,7748,1,1,86905,1,167001,0.520389,38,4,38,544,655056,27.92001,0.00358,2.34608,0.00448,0,1,3,2.204318,1.621364,1.621364,-0.234754,-0.234652,14.726822,7749,0.015934,0.047073,69120,28558,15556,9925,6671,5044,3688,3032,25406,1,1,1,1
23.9000,7748,1,1,89194,0,170926,0.521831,1,5,22,95,297884,28.54383,0.00358,2.34608,0.00448,1,1,2,1.293228,1.000000,2.137151,-0.546680,-0.546647,14.414720,777,0.037923,0.004822,70976,28862,16055,10058,6938,5064,3911,3103,25958,1,1,1,1
22.3500,7760,1,1,85578,0,164366,0.520658,1,4,179,218,336112,27.47110,0.00204,2.34064,0.00524,1,1,3,1.226333,1.000000,1.227756,-0.009414,-0.009388,14.951944,12806,0.000628,0.076503,68286,27939,15220,9696,6705,4924,3706,2984,24905,1,1,1,1
22.4000,7760,1,1,85826,0,164646,0.521279,1,19,173,173,436446,27.50576,0.00204,2.34064,0.00524,1,1,2,1.386631,1.000000,9.398595,-0.026875,-0.026832,14.934633,12417,0.001797,0.074265,68416,27891,15327,9401,6737,4915,3808,2990,25160,1,1,1,1
23.0000,7760,1,1,86541,1,166597,0.519466,1,9,26,44,1359500,27.92165,0.00204,2.34064,0.00524,0,1,3,7.084192,5.074179,5.074179,-0.234779,-0.234527,14.726996,7761,0.015925,0.047072,68997,28046,15564,9785,6720,4930,3836,2995,25723,1,1,1,1
23.9000,7760,1,1,89297,1,171629,0.520294,1,2,23,51,9195142,28.54548,0.00204,2.34064,0.00524,0,1,3,2.046244,1.613716,1.613716,-0.546620,-0.546527,14.414798,778,0.037914,0.004821,71446,29201,15816,10133,7027,5081,3830,3032,26062,1,1,1,1
22.3500,7772,1,1,85579,1,164222,0.521121,1,21,82,82,115431,27.46899,0.00250,2.34245,0.00497,0,0,3,2.422970,1.895399,1.895399,-0.010250,-0.010136,14.951223,12827,0.000678,0.076514,67788,28190,15202,9648,6754,4925,3775,2922,25017,1,1,1,1
22.4000,7772,1,1,85661,1,164941,0.519346,2,62,62,226,255086,27.50360,0.00250,2.34245,0.00497,0,0,3,2.101952,1.750828,1.750828,-0.027548,-0.027452,14.933865,12441,0.001838,0.074298,68584,28028,15284,9712,6824,4823,3773,2902,25010,1,1,1,1
23.0000,7772,1,1,87446,0,168120,0.520143,1,1,49,107,450143,27.91956,0.00250,2.34245,0.00497,1,0,3,1.396485,1.000000,1.078448,-0.235498,-0.235455,14.726007,7775,0.015989,0.047088,69859,28719,15587,9956,6790,5085,3888,3020,25215,1,1,1,1
23.9000,7772,1,1,88882,0,171783,0.517412,1,5,8,2446,224139,28.54332,0.00250,2.34245,0.00497,1,1,2,1.357750,1.000000,2.544758,-0.547433,-0.547394,14.414081,781,0.037976,0.004832,71368,29076,16079,10025,7062,5234,3897,3142,25899,1,1,1,1
22.3500,7784,1,1,85965,1,165177,0.520445,1,15,19,42,1358653,27.47934,0.00142,2.34778,0.00482,0,1,3,9.418828,7.605058,7.605058,-0.005685,-0.005397,14.956129,12845,0.000361,0.076478,68839,28083,15149,9665,6768,4951,3731,2934,25056,1,1,1,1
22.4000,7784,1,1,85668,0,165059,0.519018,2,3374,3374,3374,62537,27.51398,0.00142,2.34778,0.00482,1,0,2,1.000444,1.000000,1.545064,-0.022900,-0.022900,14.938631,12456,0.001533,0.074249,68521,28203,15115,9638,6846,4892,3789,2981,25073,1,1,1,1
23.0000,7784,1,1,87313,1,167775,0.520420,1,10,13,51,56169,27.92992,0.00142,2.34778,0.00482,0,1,3,2.130402,1.548678,1.455801,-0.230867,-0.230770,14.730700,7785,0.015666,0.047061,69631,28224,15751,9933,6796,5046,3718,3063,25612,1,1,1,1
23.9000,7784,1,1,89153,1,171707,0.519219,3,2,68,68,521078,28.55370,0.00142,2.34778,0.00482,0,1,3,2.041481,1.465407,1.465407,-0.542759,-0.542667,14.418796,782,0.037636,0.004829,71274,29216,15670,10092,7104,5016,3891,3037,26406,1,1,1,1
22.3500,7796,1,1,86367,1,165603,0.521534,2,42,42,42,1387970,27.47754,0.00308,2.34818,0.00580,0,1,3,10.437702,9.873701,9.873701,-0.005757,-0.005456,14.955648,12864,0.000365,0.076476,68995,28226,15345,9736,6690,4910,3833,2933,24934,1,1,1,1
22.4000,7796,1,1,86647,1,165666,0.523025,3,1,4,27,111161,27.51221,0.00308,2.34818,0.00580,0,1,3,1.495028,1.090999,1.090999,-0.022951,-0.022900,14.938385,12473,0.001533,0.074237,68802,27971,15476,9857,6786,4953,3791,3037,24992,1,1,1,1
23.0000,7796,1,1,87550,0,168068,0.520923,3,5,7,15,1358281,27.92814,0.00308,2.34818,0.00580,1,1,3,1.183113,1.000000,1.165458,-0.230918,-0.230896,14.730410,7795,0.015675,0.047049,69838,28703,15563,9781,6825,4883,3935,2977,25562,1,1,1,1
23.9000,7796,1,1,89119,1,171657,0.519172,1,7,7,106,1578219,28.55194,0.00308,2.34818,0.00580,0,1,3,4.768582,3.801355,3.801355,-0.542893,-0.542693,14.418831,779,0.037638,0.004804,70870,29267,16077,10076,7117,5168,3896,3092,26093,1,1,1,1
22.3500,7808,1,1,86001,1,165537,0.519530,1,2,7,139,390725,27.47768,0.00203,2.34860,0.00478,0,1,3,1.447992,1.132257,1.132257,-0.006055,-0.006007,14.955485,12889,0.000402,0.076508,68687,28109,15436,9704,6775,4926,3839,2939,25121,1,1,1,1
22.4000,7808,1,1,86666,0,165882,0.522459,6,4,17,230,128331,27.51239,0.00203,2.34860,0.00478,1,1,3,1.203168,1.000000,1.193262,-0.023409,-0.023386,14.937934,12498,0.001566,0.074274,68801,28079,15513,9776,6889,5074,3726,3010,25013,1,1,1,1
23.0000,7808,1,1,87851,1,168278,0.522062,2,8,12,20,56840,27.92830,0.00203,2.34860,0.00478,0,0,3,1.535778,1.244203,1.244203,-0.231369,-0.231314,14.730025,7813,0.015704,0.047087,69714,28523,15857,9930,6815,5119,3813,2960,25546,1,1,1,1
23.9000,7808,1,1,89305,1,171954,0.519357,1,8,14,119,319574,28.55212,0.00203,2.34860,0.00478,0,1,3,2.445609,1.781506,1.712756,-0.543295,-0.543181,14.418226,786,0.037673,0.004839,71251,29014,16134,9895,7208,4946,4024,3138,26343,1,1,1,1
22.3500,7820,1,1,86221,1,165252,0.521758,1,3,47,50,108928,27.47851,0.00225,2.35318,0.00466,0,1,3,2.840477,2.140879,2.140879,-0.005642,-0.005509,14.955819,12904,0.000368,0.076477,68429,28228,15408,9535,6736,4819,3757,3047,25292,1,1,1,1
22.4000,7820,1,1,86540,0,166256,0.520526,1,5,13,449,123948,27.51317,0.00225,2.35318,0.00466,1,1,3,1.160285,1.000000,1.141773,-0.022928,-0.022909,14.938382,12513,0.001534,0.074247,69171,28188,15264,9906,6878,4971,3700,2978,25199,1,1,1,1
23.0000,7820,1,1,87669,1,168394,0.520621,2,22,25,193,87812,27.92906,0.00225,2.35318,0.00466,0,1,3,10.504749,9.253871,9.253871,-0.231009,-0.230708,14.730822,7822,0.015662,0.047066,69828,28535,15871,9808,6724,5090,3869,3081,25587,1,1,1,1
23.9000,7820,1,1,89925,1,172681,0.520761,1,18,142,228,264866,28.55289,0.00225,2.35318,0.00466,0,1,3,3.613529,3.256661,3.256661,-0.542858,-0.542694,14.418824,783,0.037638,0.004813,71962,29036,16206,10108,6955,5096,4014,3161,26142,1,1,1,1
22.3500,7832,1,1,86541,1,165926,0.521567,1,14,215,215,337619,27.46262,0.00142,2.34129,0.00848,0,1,3,9.031826,7.299833,7.299833,-0.014061,-0.013780,14.947358,12924,0.000922,0.076522,68878,28199,15501,9857,6688,4971,3793,2928,25110,1,1,1,1
22.4000,7832,1,1,86644,0,165828,0.522496,18,24,24,76,621581,27.49723,0.00142,2.34129,0.00848,1,1,2,1.383014,1.000000,11.096951,-0.031390,-0.031348,14.930065,12534,0.002100,0.074299,69011,28037,15400,9644,6816,4821,3753,2983,25362,1,1,1,1
23.0000,7832,1,1,87710,0,168574,0.520309,2,2,12,666,265246,27.91319,0.00142,2.34129,0.00848,1,1,3,1.413953,1.000000,1.261911,-0.239231,-0.239186,14.722255,7833,0.016247,0.047088,69877,28758,15559,9909,6851,4890,3856,3080,25793,1,1,1,1
23.9000,7832,1,1,89793,1,172783,0.519690,1,65,65,407,3520614,28.53695,0.00142,2.34129,0.00848,0,1,3,11.741655,10.888323,10.888323,-0.551249,-0.550934,14.410261,785,0.038232,0.004821,72097,28855,16257,10036,7006,5100,3962,3048,26421,1,1,1,1
22.3500,7844,1,1,86589,1,165993,0.521646,6,4,22,62,871660,27.46640,0.00240,2.34318,0.00458,0,1,3,1.445454,1.314637,1.314637,-0.011555,-0.011508,14.950011,12941,0.000770,0.076492,68727,28388,15409,9652,6674,4920,3925,2929,25368,1,1,1,1
22.4000,7844,1,1,86545,1,166500,0.519793,3,24,24,57,3362774,27.50104,0.00240,2.34318,0.00458,0,1,3,10.686945,9.562659,9.562659,-0.029003,-0.028701,14.932829,12549,0.001922,0.074260,69256,28241,15407,9763,6911,4840,3818,2957,25306,1,1,1,1
23.0000,7844,1,1,87883,1,169129,0.519624,1,29,84,153,4611299,27.91698,0.00240,2.34318,0.00458,0,1,3,1.456677,1.233035,1.233035,-0.236842,-0.236794,14.724714,7841,0.016081,0.047056,70297,28539,15683,10021,6904,5203,3833,2889,25759,1,1,1,1
23.9000,7844,1,1,90371,1,172981,0.522436,2,2,116,116,366265,28.54076,0.00240,2.34318,0.00458,0,0,3,1.366529,1.090286,1.090286,-0.548725,-0.548685,14.412665,782,0.038070,0.004795,71932,29147,15948,10249,7090,5081,3838,3233,26462,1,1,1,1
22.3500,7856,1,1,86191,1,165633,0.520376,79,2,79,124,654088,27.46490,0.00145,2.34537,0.00514,0,1,3,1.670524,1.299713,1.299713,-0.012757,-0.012692,14.948800,12971,0.000849,0.076558,68835,27899,15419,9577,6673,4953,3758,3042,25476,1,1,1,1
22.4000,7856,1,1,86711,1,166414,0.521059,1,8,124,124,383480,27.49957,0.00145,2.34537,0.00514,0,1,3,5.023014,4.092277,4.092277,-0.030171,-0.029965,14.931338,12577,0.002007,0.074319,69078,28129,15538,9749,6796,4981,3786,3028,25328,1,1,1,1
23.0000,7856,1,1,88197,1,169380,0.520708,44,6,44,44,93174,27.91549,0.00145,2.34537,0.00514,0,1,3,4.715593,3.418895,3.418895,-0.238121,-0.237923,14.722888,7863,0.016160,0.047122,70246,28798,15847,9830,6958,4961,3953,3067,25719,1,1,1,1
23.9000,7856,1,1,90246,0,173841,0.519133,2,7,87,87,2371513,28.53929,0.00145,2.34537,0.00514,1,1,2,1.328668,1.000000,2.916094,-0.550009,-0.549973,14.411413,793,0.038162,0.004855,72356,29391,15983,10345,7154,5202,3956,3086,26367,1,1,1,1
22.3500,7868,1,1,86569,1,166376,0.520325,4,9,22,91,219765,27.46597,0.00115,2.33457,0.00523,0,1,3,5.981605,4.747059,4.747059,-0.012438,-0.012211,14.949304,12986,0.000817,0.076527,68837,28291,15639,9904,6761,4961,3743,2923,25316,1,1,1,1
22.4000,7868,1,1,86739,1,166663,0.520449,1,66,66,66,335608,27.50069,0.00115,2.33457,0.00523,0,0,3,3.755702,3.232799,3.232799,-0.029769,-0.029600,14.931693,12595,0.001982,0.074311,69255,28083,15549,9767,6769,5030,3742,3019,25448,1,1,1,1
23.0000,7868,1,1,88477,1,169703,0.521367,1,3385,3385,3385,397421,27.91659,0.00115,2.33457,0.00523,0,1,3,9.933048,9.663223,9.663223,-0.237792,-0.237500,14.724029,7871,0.016130,0.047094,70408,28970,15635,10008,6876,5078,3850,3056,25821,1,1,1,1
23.9000,7868,1,1,90329,1,173786,0.519774,1,36,36,36,594785,28.54041,0.00115,2.33457,0.00523,0,1,3,2.492466,2.129326,2.129326,-0.549603,-0.549486,14.412024,792,0.038127,0.004841,72045,29493,16101,10454,7077,5022,3948,3181,26464,1,1,1,1
22.3500,7880,1,1,87037,1,166443,0.522927,2,15,22,653,369335,27.46148,0.00132,2.33895,0.00503,0,0,3,1.983172,1.614776,1.614776,-0.014600,-0.014513,14.946825,13005,0.000971,0.076535,69032,28286,15264,9887,6721,4898,3773,2912,25669,1,1,1,1
22.4000,7880,1,1,86943,1,166907,0.520910,1,5,423,423,733957,27.49614,0.00132,2.33895,0.00503,0,1,3,3.233677,2.640983,2.640983,-0.031960,-0.031811,14.929519,12611,0.002131,0.074302,69221,28480,15542,9839,6659,4920,3679,3149,25417,1,1,1,1
23.0000,7880,1,1,88163,1,169515,0.520093,3,2,5,64,3604222,27.91203,0.00132,2.33895,0.00503,0,0,3,1.420860,1.186601,1.186601,-0.239852,-0.239808,14.721511,7883,0.016290,0.047102,70538,28653,15518,9924,6923,5130,3931,3018,25879,1,1,1,1
23.9000,7880,1,1,90325,1,173783,0.519760,5,15,15,71,460278,28.53586,0.00132,2.33895,0.00503,0,0,3,1.184111,1.029903,1.029903,-0.551761,-0.551739,14.409546,791,0.038290,0.004829,71992,29325,16040,10346,7217,5300,3955,3134,26473,1,1,1,1
22.3500,7892,1,1,86802,0,166384,0.521700,11,10,138,138,49523166,27.46249,0.00241,2.35375,0.00653,1,1,2,1.152097,1.000000,1.839851,-0.013540,-0.013522,14.947765,13021,0.000905,0.076508,68779,28325,15574,9694,6797,4895,3781,3063,25475,1,1,1,1
22.4000,7892,1,1,86545,1,167041,0.518109,3,17,89,173,732155,27.49710,0.00241,2.35375,0.00653,0,1,3,1.877877,1.355121,1.221453,-0.030815,-0.030735,14.930733,12627,0.002059,0.074278,69043,28549,15644,9765,6847,4957,3687,3077,25471,1,1,1,1
23.0000,7892,1,1,88604,0,170253,0.520429,2,2,4,99,26457488,27.91305,0.00241,2.35375,0.00653,1,1,3,1.326433,1.000000,1.123211,-0.238791,-0.238755,14.722631,7891,0.016217,0.047074,70888,28887,15809,10008,6966,5107,3844,3014,25729,1,1,1,1
23.9000,7892,1,1,90382,0,173938,0.519625,1,4,8,265,58866,28.53682,0.00241,2.35375,0.00653,1,1,2,1.375007,1.000000,2.494806,-0.550722,-0.550682,14.410728,793,0.038213,0.004833,72282,29367,16102,10161,7208,5161,3958,3265,26433,1,1,1,1
22.3500,7904,1,1,87080,0,167669,0.519360,79,2,79,79,1150473,27.46801,0.00174,2.35255,0.00527,1,1,3,1.381683,1.000000,1.059472,-0.011058,-0.011017,14.950454,13049,0.000737,0.076542,69606,28771,15567,9719,6813,5102,3790,2958,25342,1,1,1,1
22.4000,7904,1,1,87422,0,167542,0.521795,2,1,27,27,224619,27.50265,0.00174,2.35255,0.00527,1,1,3,1.329943,1.000000,1.130212,-0.028384,-0.028348,14.933182,12652,0.001898,0.074299,69723,28396,15479,9926,6758,4943,3917,2996,25403,1,1,1,1
23.0000,7904,1,1,88751,1,170277,0.521218,1,22,146,146,210695,27.91859,0.00174,2.35255,0.00527,0,1,3,6.001902,5.301316,5.301316,-0.236454,-0.236227,14.725289,7909,0.016042,0.047102,70783,28881,15859,9900,6867,5100,3976,2961,25949,1,1,1,1
23.9000,7904,1,1,90916,0,174291,0.521636,2,5,10,41,188259,28.54237,0.00174,2.35255,0.00527,1,1,2,1.364264,1.000000,2.622711,-0.548299,-0.548260,14.413145,798,0.038039,0.004855,72518,29554,16307,10097,7028,5117,3915,3097,26657,1,1,1,1
22.3500,7916,1,1,87627,1,167950,0.521748,1,2,11,26,100287,27.46200,0.00114,2.34217,0.00457,0,1,3,1.624331,1.164721,1.164721,-0.014352,-0.014291,14.947175,13065,0.000956,0.076537,69608,28832,15699,9793,6848,5021,3833,3012,25303,1,1,1,1
22.4000,7916,1,1,87329,1,168138,0.519392,2,1,519,519,406587,27.49668,0.00114,2.34217,0.00457,0,1,3,1.442291,1.073210,1.073210,-0.031684,-0.031638,14.929844,12669,0.002119,0.074303,69937,28644,15630,9966,6832,4986,3787,2955,25400,1,1,1,1
23.0000,7916,1,1,88919,1,170715,0.520865,1,2,160,160,180506,27.91260,0.00114,2.34217,0.00457,0,0,3,1.753597,1.269168,1.269168,-0.239658,-0.239587,14.721828,7919,0.016274,0.047101,70686,29172,16014,9973,7014,5075,3844,3038,25898,1,1,1,1
23.9000,7916,1,1,90775,1,174711,0.519575,5,3,51,92,1110521,28.53640,0.00114,2.34217,0.00457,0,1,3,1.636390,1.434386,1.434386,-0.551562,-0.551500,14.409733,797,0.038273,0.004843,72122,29717,16417,10404,7066,5340,4016,3092,26536,1,1,1,1
22.3500,7928,1,1,87550,0,168132,0.520725,2,2,69,69,118777,27.46688,0.00122,2.34434,0.00592,1,0,3,1.367268,1.000000,1.079297,-0.011849,-0.011810,14.949666,13084,0.000790,0.076519,69850,28403,15731,9994,6878,4988,3932,2933,25422,1,1,1,1
22.4000,7928,1,1,87365,1,167843,0.520519,5,15,15,43,2403927,27.50159,0.00122,2.34434,0.00592,0,1,3,7.640253,6.686541,6.686541,-0.029320,-0.029063,14.931992,12686,0.001946,0.074279,69548,28533,15583,10113,6832,4952,3732,3054,25495,1,1,1,1
23.0000,7928,1,1,88657,1,170202,0.520896,2,21,21,21,952882,27.91750,0.00122,2.34434,0.00592,0,1,3,3.834761,3.663882,3.663882,-0.237234,-0.237065,14.724463,7929,0.016100,0.047080,70339,28872,15933,10043,7073,5029,3839,3122,25951,1,1,1,1
23.9000,7928,1,1,91103,1,175062,0.520407,1,2,12,62,413060,28.54131,0.00122,2.34434,0.00592,0,0,3,1.410673,1.020376,1.020376,-0.549061,-0.549018,14.412398,796,0.038093,0.004829,72979,29623,16223,10177,7064,5226,3997,3122,26650,1,1,1,1
22.3500,7940,1,1,87242,0,167601,0.520537,1,1,64,452,2266433,27.46989,0.00260,2.35003,0.00520,1,0,3,1.408830,1.000000,1.007026,-0.009724,-0.009681,14.951754,13104,0.000647,0.076510,69519,28510,15378,9871,6861,4968,3790,2999,25704,1,1,1,1
22.4000,7940,1,1,87673,1,168402,0.520620,1,1,47,1256,205690,27.50455,0.00260,2.35003,0.00520,0,0,3,1.659583,1.282538,1.282538,-0.027066,-0.027002,14.934371,12708,0.001808,0.074284,70038,28409,15764,9852,6893,5006,3762,3004,25673,1,1,1,1
23.0000,7940,1,1,88943,1,170891,0.520469,1,12,252,252,391805,27.92043,0.00260,2.35003,0.00520,0,1,3,4.678923,4.029809,4.029809,-0.235085,-0.234891,14.726623,7943,0.015950,0.047085,70801,28940,16132,9990,6924,5077,3868,3123,26035,1,1,1,1
23.9000,7940,1,1,90967,1,175180,0.519280,2,1,417,417,160145,28.54427,0.00260,2.35003,0.00520,0,1,3,1.539085,1.141203,1.141203,-0.546919,-0.546865,14.414461,798,0.037939,0.004833,72742,29803,16168,10245,7181,5055,3932,3192,26861,1,1,1,1
22.3500,7952,1,1,88108,0,168677,0.522351,1,1,30,30,7194669,27.47007,0.00208,2.34808,0.00640,1,0,3,1.210492,1.000000,1.052795,-0.009871,-0.009847,14.951355,13124,0.000659,0.076513,70041,28549,15869,9891,6908,5067,3868,2986,25497,1,1,1,1
22.4000,7952,1,1,87616,0,168562,0.519788,1,274,274,274,350143,27.50468,0.00208,2.34808,0.00640,1,1,2,1.015296,1.000000,4.244093,-0.027267,-0.027265,14.934267,12728,0.001826,0.074289,69735,28589,15758,9996,7013,4943,3838,3006,25683,1,1,1,1
23.0000,7952,1,1,89321,1,171679,0.520282,1,10,10,14,231820,27.92064,0.00208,2.34808,0.00640,0,1,3,5.564553,4.760585,4.760585,-0.235253,-0.235037,14.726491,7956,0.015960,0.047092,71680,29032,15746,10256,6939,5079,3887,3055,26004,1,1,1,1
23.9000,7952,1,1,91526,0,175552,0.521364,2,12,83,83,171691,28.54440,0.00208,2.34808,0.00640,1,1,2,1.399529,1.000000,5.976135,-0.547148,-0.547106,14.414321,799,0.037956,0.004832,72988,29915,16107,10467,7111,5172,3936,3044,26811,1,1,1,1
22.3500,7964,1,1,87808,0,168388,0.521465,1,43,105,105,22480797,27.47368,0.00131,2.35210,0.00442,1,1,2,1.034243,1.000000,1.553607,-0.008465,-0.008461,14.952647,13142,0.000566,0.076496,69753,28672,15620,9960,6789,5038,3948,3028,25579,1,1,1,1
22.4000,7964,1,1,87918,0,168560,0.521586,1,14,17,40,436725,27.50832,0.00131,2.35210,0.00442,1,1,2,1.350741,1.000000,6.225220,-0.025872,-0.025835,14.935565,12744,0.001730,0.074264,69766,28503,15929,9892,6833,5160,3806,2995,25675,1,1,1,1
23.0000,7964,1,1,89445,1,171694,0.520959,2,22,22,29,205048,27.92426,0.00131,2.35210,0.00442,0,1,3,4.861284,4.520236,4.520236,-0.233822,-0.233624,14.727901,7965,0.015863,0.047069,71455,28917,15900,10088,7055,5123,3926,3245,25984,1,1,1,1
23.9000,7964,1,1,91427,1,175526,0.520877,2,2,218,218,373386,28.54804,0.00131,2.35210,0.00442,0,1,3,1.486957,1.290829,1.290829,-0.545630,-0.545580,14.415934,798,0.037846,0.004818,72736,29880,16266,10201,7144,5311,3892,3251,26844,1,1,1,1
22.3500,7976,1,1,87783,1,168693,0.520374,2,6,64,64,3263401,27.47270,0.00148,2.34561,0.00609,0,1,3,3.681336,3.075149,3.075149,-0.008895,-0.008732,14.952498,13160,0.000584,0.076486,69922,28721,15563,9911,6939,5010,3887,3029,25710,1,1,1,1
22.4000,7976,1,1,88101,1,168946,0.521477,3,7,4051,4051,109445,27.50737,0.00148,2.34561,0.00609,0,1,3,3.595560,3.088398,3.088398,-0.026233,-0.026073,14.935451,12764,0.001746,0.074269,69892,28799,15745,10069,6867,5072,3765,3153,25583,1,1,1,1
23.0000,7976,1,1,90094,0,172911,0.521046,1,4,83,83,668176,27.92330,0.00148,2.34561,0.00609,1,0,2,1.289643,1.000000,1.687929,-0.234156,-0.234125,14.727369,7975,0.015897,0.047059,72213,29239,16266,10179,7013,5181,3873,3121,25825,1,1,1,1
23.9000,7976,1,1,91362,0,175971,0.519191,1,49,111,111,1559872,28.54709,0.00148,2.34561,0.00609,1,1,2,1.377146,1.000000,22.544303,-0.546218,-0.546178,14.415295,799,0.037889,0.004817,73115,29877,16331,10426,7146,5218,3992,3101,26764,1,1,1,1
22.3500,7988,1,1,87853,1,168932,0.520053,1,8,24,24,719476,27.47213,0.00139,2.34710,0.00491,0,1,3,5.969317,4.490969,4.490969,-0.009229,-0.009005,14.952221,13180,0.000602,0.076489,70154,28579,15658,9957,6879,5128,3754,3057,25765,1,1,1,1
22.4000,7988,1,1,88248,0,169203,0.521554,2,14,14,972,207745,27.50684,0.00139,2.34710,0.00491,1,1,2,1.383839,1.000000,6.905308,-0.026611,-0.026570,14.934848,12780,0.001779,0.074254,70110,28832,15634,9900,6920,5005,3862,3110,25829,1,1,1,1
23.0000,7988,1,1,89682,0,172473,0.519980,36,4,36,58,444221,27.92275,0.00139,2.34710,0.00491,1,1,2,1.264948,1.000000,1.333381,-0.234461,-0.234431,14.726929,7987,0.015919,0.047061,71954,29178,15884,10176,6979,5110,3973,3114,26104,1,1,1,1
23.9000,7988,1,1,92139,1,176649,0.521597,12,7,13,13,446954,28.54656,0.00139,2.34710,0.00491,0,1,3,3.651150,3.142978,3.142978,-0.546421,-0.546259,14.415269,798,0.037894,0.004804,72960,30232,16626,10524,7113,5257,3934,3183,26819,1,1,1,1
22.3500,8000,1,1,87922,0,169207,0.519615,1,12,13,590,276974,27.47469,0.00325,2.35162,0.00414,1,1,3,1.075345,1.000000,1.080135,-0.007001,-0.006992,14.954533,13203,0.000468,0.076495,70291,28732,15719,10000,6778,5076,3723,3082,25805,1,1,1,1
22.4000,8000,1,1,88186,0,169550,0.520121,1,1,1101,1101,302384,27.50934,0.00325,2.35162,0.00414,1,1,3,1.402660,1.000000,1.071056,-0.024323,-0.024280,14.937150,12809,0.001626,0.074299,70579,28530,15816,9942,6800,4942,3924,3081,25935,1,1,1,1
23.0000,8000,1,1,89995,1,172510,0.521683,1,6,72,102,217052,27.92523,0.00325,2.35162,0.00414,0,0,3,2.220319,1.699170,1.699170,-0.232302,-0.232202,14.729178,8004,0.015765,0.047083,71872,29278,15883,10199,6967,5076,3930,3011,26293,1,1,1,1
23.9000,8000,1,1,91996,0,176762,0.520454,1,1,26,962,490708,28.54906,0.00325,2.35162,0.00414,1,1,3,1.328728,1.000000,1.059108,-0.544188,-0.544152,14.417239,803,0.037743,0.004826,73512,30114,16444,10355,7060,5253,3868,3158,26997,1,1,1,1
22.3500,8012,1,1,88195,1,168875,0.522253,1,55,55,162,267966,27.46866,0.00138,2.35261,0.00482,0,1,3,3.488718,3.112124,3.112124,-0.010994,-0.010838,14.950681,13219,0.000725,0.076493,69879,28333,15977,9875,6956,4964,3836,3118,25936,1,1,1,1
22.4000,8012,1,1,88735,1,169909,0.522253,1,1,19,120,120189,27.50327,0.00138,2.35261,0.00482,0,1,3,1.623255,1.150406,1.150406,-0.028233,-0.028173,14.933283,12819,0.001887,0.074265,70274,29121,15806,10160,6822,5045,3950,3028,25702,1,1,1,1
23.0000,8012,1,1,90018,0,172583,0.521596,1,2,20,216,5135278,27.91923,0.00138,2.35261,0.00482,1,1,3,1.231976,1.000000,1.067253,-0.236202,-0.236175,14.725169,8011,0.016039,0.047066,71586,29390,15939,10241,7012,5018,3941,3091,26364,1,1,1,1
23.9000,8012,1,1,91952,0,177100,0.519212,1,16,16,26,159126,28.54299,0.00138,2.35261,0.00482,1,1,2,1.369210,1.000000,7.561525,-0.548212,-0.548173,14.413303,802,0.038032,0.004814,73947,29654,16447,10398,7347,5233,4008,3083,26982,1,1,1,1
22.3500,8024,1,1,88112,0,169336,0.520341,1,62,62,62,227068,27.47004,0.00112,2.34867,0.00457,1,1,2,1.119710,1.000000,8.038720,-0.010475,-0.010460,14.950804,13245,0.000700,0.076528,69995,28686,15752,10012,6890,5067,3830,3042,26061,1,1,1,1
22.4000,8024,1,1,88571,1,169897,0.521325,1,26,26,652,397031,27.50468,0.00112,2.34867,0.00457,0,0,3,3.338509,2.836981,2.836981,-0.027729,-0.027579,14.933732,12844,0.001847,0.074296,70254,29050,16005,9968,6995,4943,3820,3008,25853,1,1,1,1
23.0000,8024,1,1,89537,1,172742,0.518331,2,1,9,44,225826,27.92062,0.00112,2.34867,0.00457,0,1,3,1.384832,1.098583,1.098583,-0.235635,-0.235594,14.725739,8029,0.015999,0.047100,71603,29233,16224,10178,6982,5216,3967,3096,26242,1,1,1,1
23.9000,8024,1,1,91750,0,176596,0.519550,72,29,72,72,2325967,28.54441,0.00112,2.34867,0.00457,1,1,2,1.269171,1.000000,8.924700,-0.547662,-0.547632,14.413866,808,0.037993,0.004842,73279,29667,16536,10493,7119,5225,4067,3053,27156,1,1,1,1
22.3500,8036,1,1,88558,0,170188,0.520357,69,3,69,69,98923,27.46849,0.00129,2.34318,0.00414,1,1,2,1.406922,1.000000,1.927065,-0.011058,-0.011015,14.950420,13261,0.000737,0.076508,70673,28965,15736,10018,7022,4972,3775,3121,25905,1,1,1,1
22.4000,8036,1,1,88411,1,169756,0.520815,3,367,367,719,166604,27.50317,0.00129,2.34318,0.00414,0,1,3,4.181744,4.049186,4.049186,-0.028442,-0.028264,14.933266,12861,0.001893,0.074286,70168,29060,15653,10012,6889,5175,3789,2975,26034,1,1,1,1
23.0000,8036,1,1,90155,1,173059,0.520953,1,5,9,111,132394,27.91909,0.00129,2.34318,0.00414,0,1,3,1.127715,1.026929,1.026929,-0.236318,-0.236303,14.725219,8037,0.016048,0.047078,71746,29520,16032,10154,7039,5220,3953,3010,26384,1,1,1,1
23.9000,8036,1,1,92274,0,177635,0.519461,2,2,10,86,131668,28.54289,0.00129,2.34318,0.00414,1,0,3,1.355882,1.000000,1.158893,-0.548223,-0.548185,14.413295,805,0.038033,0.004817,73617,30160,16648,10636,7193,5207,4072,3151,26950,1,1,1,1
22.3500,8048,1,1,88829,1,170832,0.519982,1,34,34,34,102120,27.46521,0.00170,2.34645,0.00521,0,1,3,11.816860,10.648566,10.648566,-0.012585,-0.012279,14.948938,13283,0.000821,0.076529,71112,28856,15953,10022,7014,5249,3847,3010,25768,1,1,1,1
22.4000,8048,1,1,88793,1,170252,0.521542,1,4,17,18,181336,27.49992,0.00170,2.34645,0.00521,0,1,3,3.403362,2.494824,2.494824,-0.029849,-0.029697,14.931634,12880,0.001989,0.074293,70666,28935,15792,10045,6801,5155,3832,3079,25946,1,1,1,1
23.0000,8048,1,1,90136,0,172992,0.521044,1,4,72,72,1908004,27.91582,0.00170,2.34645,0.00521,1,1,2,1.386653,1.000000,2.667491,-0.237807,-0.237766,14.723705,8054,0.016149,0.047112,71454,29459,16101,10296,6982,5161,4052,3085,26401,1,1,1,1
23.9000,8048,1,1,92469,1,177796,0.520088,1,2,267,267,127611,28.53964,0.00170,2.34645,0.00521,0,1,3,2.611995,1.959704,1.959704,-0.549694,-0.549575,14.411917,811,0.038133,0.004847,73515,30467,16654,10400,7154,5444,4048,3135,26978,1,1,1,1
22.3500,8060,1,1,88537,1,170336,0.519782,1,141,141,254,115272,27.46369,0.00120,2.34241,0.00552,0,1,3,92.430355,70.077544,70.077544,-0.013777,-0.013216,14.947660,13298,0.000884,0.076507,70699,28946,15703,9994,6949,5088,3899,3096,25961,1,1,1,1
22.4000,8060,1,1,88592,0,169975,0.521209,21,15,21,25,964300,27.49835,0.00120,2.34241,0.00552,1,1,3,1.065128,1.000000,1.123995,-0.030846,-0.030838,14.930355,12895,0.002065,0.074275,70316,28677,15804,10089,6905,5124,3851,3100,26108,1,1,1,1
23.0000,8060,1,1,90124,0,173608,0.519127,1,2,7,39,210420,27.91424,0.00120,2.34241,0.00552,1,1,3,1.291859,1.000000,1.038635,-0.238789,-0.238757,14.722619,8059,0.016217,0.047075,72024,29283,16271,10360,7092,5184,3922,3145,26326,1,1,1,1
23.9000,8060,1,1,92559,1,178157,0.519539,1,2,9,87,203746,28.53807,0.00120,2.34241,0.00552,0,1,3,1.967745,1.433293,1.433293,-0.550725,-0.550641,14.410836,809,0.038210,0.004828,74129,30394,16488,10475,7275,5425,3870,3212,26888,1,1,1,1
22.3500,8072,1,1,89178,0,171063,0.521320,4,12,12,54,97210,27.46106,0.00241,2.34786,0.00515,1,1,2,1.125417,1.000000,1.684174,-0.014240,-0.014225,14.947046,13321,0.000952,0.076529,71147,29064,15874,9978,6852,5107,3913,3095,26032,1,1,1,1
22.4000,8072,1,1,89128,0,171027,0.521137,1,2,1005,1005,135742,27.49567,0.00241,2.34786,0.00515,1,1,3,1.213513,1.000000,1.018447,-0.031504,-0.031480,14.930030,12919,0.002109,0.074304,71167,28792,15808,10098,7111,5122,3783,3124,26021,1,1,1,1
23.0000,8072,1,1,90389,1,173682,0.520431,6,2,6,13,589743,27.91163,0.00241,2.34786,0.00515,0,0,3,1.385590,1.256520,1.256520,-0.239499,-0.239458,14.721790,8073,0.016266,0.047089,72018,29568,16104,10204,7122,5213,3871,3102,26479,1,1,1,1
23.9000,8072,1,1,92405,1,177860,0.519541,8,5,29,34,485177,28.53539,0.00241,2.34786,0.00515,0,1,3,1.849041,1.334920,1.334920,-0.551385,-0.551309,14.410164,813,0.038258,0.004845,73942,30104,16565,10492,7108,5325,4018,3184,27121,1,1,1,1
22.3500,8084,1,1,89527,1,171587,0.521762,2,12,70,70,68939,27.46814,0.00146,2.34562,0.00525,0,1,3,8.000668,6.104817,6.104817,-0.011239,-0.010981,14.950143,13337,0.000735,0.076491,71153,29079,16182,10221,7009,5090,3936,3087,25829,1,1,1,1
22.4000,8084,1,1,89006,0,170855,0.520948,1,192,192,192,52426,27.50278,0.00146,2.34562,0.00525,1,1,2,1.075738,1.000000,15.172837,-0.028615,-0.028606,14.932606,12932,0.001916,0.074256,70879,28942,15890,9933,7000,4984,3942,3124,26160,1,1,1,1
23.0000,8084,1,1,91081,1,174321,0.522493,1,9,13,38,448196,27.91872,0.00146,2.34562,0.00525,0,0,3,3.219896,2.641122,2.641122,-0.236477,-0.236332,14.725008,8082,0.016050,0.047061,72460,29711,16043,10254,7171,5134,3933,3167,26447,1,1,1,1
23.9000,8084,1,1,93020,0,178887,0.519996,1,2,12,50,1166720,28.54250,0.00146,2.34562,0.00525,1,1,3,1.315945,1.000000,1.223516,-0.548320,-0.548286,14.413102,808,0.038041,0.004807,74595,30529,16340,10523,7191,5348,4100,3265,26995,1,1,1,1
22.3500,8096,1,1,89088,0,171236,0.520267,1,1,32,62,571366,27.46852,0.00228,2.35001,0.00493,1,1,3,1.414027,1.000000,1.217668,-0.010519,-0.010476,14.950972,13360,0.000701,0.076505,70892,29147,16001,10063,6991,5112,3952,3000,26077,1,1,1,1
22.4000,8096,1,1,89467,1,171643,0.521242,2,3,4,123,1671350,27.50320,0.00228,2.35001,0.00493,0,0,3,1.816862,1.499538,1.499538,-0.027870,-0.027796,14.933539,12955,0.001861,0.074273,71532,29125,15661,9896,7012,5198,3864,3150,26204,1,1,1,1
23.0000,8096,1,1,90649,1,173916,0.521226,1,21,21,23,3199685,27.91912,0.00228,2.35001,0.00493,0,0,3,3.686191,3.083320,3.083320,-0.235877,-0.235715,14.725611,8099,0.016007,0.047088,72186,29313,16052,10211,7157,5306,3929,3008,26753,1,1,1,1
23.9000,8096,1,1,93127,1,178645,0.521299,3,23,34,35,6160504,28.54292,0.00228,2.35001,0.00493,0,1,3,1.346744,1.001898,1.001898,-0.547700,-0.547664,14.413821,811,0.037996,0.004817,74203,30469,16700,10390,7290,5247,3994,3217,27134,1,1,1,1
22.3500,8108,1,1,89936,0,171981,0.522945,506,7,506,506,163839,27.46718,0.00191,2.35627,0.00485,1,1,2,1.307802,1.000000,2.838937,-0.011406,-0.011373,14.950012,13382,0.000761,0.076523,71459,29232,16079,10088,7066,5128,3918,3022,25988,1,1,1,1
22.4000,8108,1,1,89264,0,171145,0.521572,13,7,22,156,77560,27.50189,0.00191,2.35627,0.00485,1,1,2,1.185524,1.000000,1.467069,-0.028719,-0.028698,14.932623,12980,0.001922,0.074311,70611,29386,15865,9926,6948,5176,3956,3145,26131,1,1,1,1
23.0000,8108,1,1,91027,1,174632,0.521253,1,27,27,27,160142,27.91780,0.00191,2.35627,0.00485,0,1,3,18.756352,13.762013,13.762013,-0.236810,-0.236449,14.724614,8111,0.016058,0.047091,72689,29792,16112,10171,6976,5135,3919,3153,26684,1,1,1,1
23.9000,8108,1,1,93322,0,179295,0.520497,1,2,18,2080,1795195,28.54161,0.00191,2.35627,0.00485,1,0,2,1.375196,1.000000,1.729337,-0.548590,-0.548551,14.412926,815,0.038060,0.004834,74666,30506,16612,10620,7289,5161,4040,3255,27145,1,1,1,1
22.3500,8120,1,1,89451,1,171636,0.521170,1,10,482,482,425103,27.46351,0.00120,2.35630,0.00490,0,1,3,2.121034,1.537813,1.430173,-0.013629,-0.013536,14.947883,13401,0.000906,0.076529,71060,29206,15949,10147,7030,5038,3854,3130,26221,1,1,1,1
22.4000,8120,1,1,89648,0,171574,0.522506,2,84,84,84,99392,27.49816,0.00120,2.35630,0.00490,1,1,2,1.363699,1.000000,36.632209,-0.031159,-0.031121,14.930290,12993,0.002084,0.074287,70699,29342,16102,10235,6935,5236,3885,3060,26079,1,1,1,1
23.0000,8120,1,1,91228,0,175048,0.521163,3,3,24,287,2777432,27.91405,0.00120,2.35630,0.00490,1,0,2,1.300040,1.000000,1.412749,-0.238902,-0.238869,14.722625,8121,0.016225,0.047086,72903,29676,16172,10227,7113,5296,4017,3108,26535,1,1,1,1
23.9000,8120,1,1,93282,0,179101,0.520838,1,4,12,61,87283,28.53788,0.00120,2.35630,0.00490,1,0,2,1.347991,1.000000,2.200038,-0.550846,-0.550809,14.410675,815,0.038222,0.004828,74174,30631,16620,10786,7202,5206,3990,3166,27325,1,1,1,1
22.3500,8132,1,1,89635,1,171933,0.521340,5,14,14,137,2324523,27.46955,0.00136,2.35302,0.00489,0,1,3,3.282155,3.113660,3.113660,-0.010555,-0.010409,14.950764,13417,0.000696,0.076493,71447,29098,16053,9941,7002,5149,3893,3120,26229,1,1,1,1
22.4000,8132,1,1,90061,1,172780,0.521250,1,2,33,36,592906,27.50415,0.00136,2.35302,0.00489,0,1,3,1.385216,1.108133,1.108133,-0.027796,-0.027756,14.933747,13011,0.001859,0.074263,71975,29523,16042,10071,7089,5184,3835,3085,25975,1,1,1,1
23.0000,8132,1,1,91262,0,175440,0.520192,11,3,38,38,100456,27.92011,0.00136,2.35302,0.00489,1,0,3,1.278279,1.000000,1.185725,-0.235776,-0.235746,14.725753,8131,0.016009,0.047065,72782,30073,16398,10324,7197,5263,3954,2966,26482,1,1,1,1
23.9000,8132,1,1,93080,0,179244,0.519295,1,1,8,189,291044,28.54387,0.00136,2.35302,0.00489,1,0,3,1.413102,1.000000,1.250492,-0.547658,-0.547616,14.413830,813,0.037992,0.004808,74331,30405,16748,10592,7260,5267,4031,3272,27337,1,1,1,1
22.3500,8144,1,1,90067,1,172478,0.522197,1,9,11,44,308635,27.47157,0.00223,2.34542,0.00554,0,1,3,1.621102,1.512583,1.512583,-0.009049,-0.008990,14.952537,13438,0.000601,0.076490,71525,29425,16055,10234,6926,5191,3988,2978,26155,1,1,1,1
22.4000,8144,1,1,90503,1,172990,0.523172,1,48,48,146,147754,27.50621,0.00223,2.34542,0.00554,0,1,3,2.109257,1.539373,1.368215,-0.026363,-0.026271,14.935208,13030,0.001759,0.074254,72152,29274,16106,10173,7024,5137,3869,3042,26212,1,1,1,1
23.0000,8144,1,1,91397,1,175436,0.520974,2,10,174,174,448026,27.92215,0.00223,2.34542,0.00554,0,0,3,1.546408,1.199831,1.199831,-0.234323,-0.234270,14.727107,8148,0.015907,0.047089,72554,30044,16307,10570,7063,5176,4047,3117,26557,1,1,1,1
23.9000,8144,1,1,92887,1,179215,0.518302,1,4,29,208,390512,28.54593,0.00223,2.34542,0.00554,0,1,3,3.505319,2.706818,2.706818,-0.546266,-0.546112,14.415217,815,0.037884,0.004812,74220,30474,16619,10495,7206,5306,4076,3267,27551,1,1,1,1
22.3500,8156,1,1,90223,1,173044,0.521391,2,4,122,122,55578,27.46793,0.00119,2.35061,0.00580,0,1,3,2.374186,1.933413,1.933413,-0.011384,-0.011278,14.950228,13457,0.000754,0.076498,71761,29347,16182,10246,7053,5288,3948,3072,26146,1,1,1,1
22.4000,8156,1,1,90355,1,172794,0.522909,1,15,15,37,198564,27.50261,0.00119,2.35061,0.00580,0,1,3,4.437558,3.952025,3.952025,-0.028765,-0.028583,14.932689,13049,0.001914,0.074266,71408,29533,16140,10200,7171,5158,3848,3143,26192,1,1,1,1
23.0000,8156,1,1,91690,0,176294,0.520100,6,21,37,37,408458,27.91853,0.00119,2.35061,0.00580,1,1,2,1.353976,1.000000,8.828630,-0.236776,-0.236739,14.724668,8156,0.016078,0.047074,73148,29906,16694,10388,7077,5264,3961,3165,26690,1,1,1,1
23.9000,8156,1,1,94068,0,180661,0.520691,28,41,41,316,1931099,28.54233,0.00119,2.35061,0.00580,1,0,2,1.104210,1.000000,4.579401,-0.548635,-0.548623,14.412900,815,0.038065,0.004806,75443,30568,16608,10710,7223,5397,4180,3338,27193,1,1,1,1
22.3500,8168,1,1,90113,1,173310,0.519956,13,2,693,693,119843,27.46179,0.00519,2.34204,0.00618,0,1,3,1.123336,1.027395,1.027395,-0.012392,-0.012378,14.949157,13475,0.000828,0.076493,71896,29612,16211,10113,7013,5108,3920,3062,26374,1,1,1,1
22.4000,8168,1,1,90160,0,172652,0.522210,16,26,78,78,71478,27.49650,0.00519,2.34204,0.00618,1,1,2,1.126339,1.000000,3.536546,-0.029827,-0.029812,14.931465,13066,0.001997,0.074259,71451,29477,16077,10112,6943,5128,3888,3125,26450,1,1,1,1
23.0000,8168,1,1,91640,0,175960,0.520803,1,15,25,156,293505,27.91241,0.00519,2.34204,0.00618,1,1,2,1.190720,1.000000,3.387485,-0.237777,-0.237756,14.723570,8168,0.016148,0.047077,73019,29800,16169,10481,7170,5265,4004,3195,26856,1,1,1,1
23.9000,8168,1,1,93981,1,180477,0.520740,1,4,7,46,172991,28.53622,0.00519,2.34204,0.00618,0,0,3,1.814566,1.305307,1.305307,-0.549623,-0.549550,14.411876,814,0.038132,0.004793,74830,30726,16815,10767,7341,5443,4116,3144,27294,1,1,1,1
22.3500,8180,1,1,90131,1,173030,0.520901,1,3,17,40,1071909,27.46959,0.00136,2.34502,0.00583,0,1,3,2.360717,1.910549,1.910549,-0.010521,-0.010416,14.951110,13494,0.000697,0.076479,71810,29422,15935,10197,7039,5152,3913,2967,26594,1,1,1,1
22.4000,8180,1,1,90424,0,173298,0.521786,1,30,166,166,52654,27.50425,0.00136,2.34502,0.00583,1,0,2,1.119836,1.000000,4.002731,-0.027894,-0.027881,14.933641,13083,0.001867,0.074236,71885,29580,15952,10300,7128,5072,3880,3021,26479,1,1,1,1
23.0000,8180,1,1,92034,0,176190,0.522360,1,6,37,217,439759,27.92014,0.00136,2.34502,0.00583,1,1,2,1.159366,1.000000,1.299359,-0.235769,-0.235751,14.725766,8178,0.016009,0.047059,73116,29727,16419,10296,7163,5321,4111,3140,26896,1,1,1,1
23.9000,8180,1,1,94305,1,181249,0.520309,8,3,17,44,2708576,28.54397,0.00136,2.34502,0.00583,0,1,3,1.799053,1.507130,1.507130,-0.547694,-0.547622,14.413902,814,0.037993,0.004785,75389,31064,16771,10597,7510,5386,4130,3215,27186,1,1,1,1
22.3500,8192,1,1,90219,1,173367,0.520396,4,89,89,89,854325,27.47199,0.00135,2.35191,0.00433,0,1,3,27.971779,26.158564,26.158564,-0.009468,-0.009061,14.952472,13531,0.000606,0.076569,71676,29811,15968,10238,7129,5173,3969,3040,26362,1,1,1,1
22.4000,8192,1,1,90493,1,173646,0.521138,1,6,51,101,116691,27.50659,0.00135,2.35191,0.00433,0,1,3,2.013819,1.949092,1.949092,-0.026611,-0.026526,14.935009,13121,0.001776,0.074336,72029,29455,16111,10226,7211,5071,3963,3110,26469,1,1,1,1
23.0000,8192,1,1,91688,0,176289,0.520103,3,13,44,678,3924455,27.92255,0.00135,2.35191,0.00433,1,1,2,1.333397,1.000000,5.236881,-0.234651,-0.234616,14.726783,8206,0.015931,0.047148,73003,29855,16637,10278,7228,5273,4038,3206,26770,1,1,1,1
23.9000,8192,1,1,94130,0,181099,0.519774,1,4,29,41,148153,28.54631,0.00135,2.35191,0.00433,1,0,2,1.275338,1.000000,1.625276,-0.546462,-0.546432,14.415067,833,0.037907,0.004889,75476,30467,16784,10740,7389,5406,4162,3205,27469,1,1,1,1
22.3500,8204,1,1,90804,0,174133,0.521466,1,2,25,85,222360,27.47968,0.00349,2.36276,0.00330,1,0,3,1.282044,1.000000,1.278333,-0.004350,-0.004320,14.957179,13547,0.000289,0.076523,72344,29500,16323,10252,7137,5311,3934,3101,26230,1,1,1,1
22.4000,8204,1,1,90519,1,173731,0.521033,1,1,116,116,243114,27.51432,0.00349,2.36276,0.00330,0,1,3,1.905423,1.366385,1.366385,-0.021678,-0.021600,14.939871,13137,0.001446,0.074293,71807,29711,16151,10236,7117,5204,3985,3115,26404,1,1,1,1
23.0000,8204,1,1,91961,1,176616,0.520686,1,32,32,38,249771,27.93026,0.00349,2.36276,0.00330,0,1,3,4.028432,3.421066,3.421066,-0.229703,-0.229534,14.731981,8213,0.015581,0.047102,73207,30222,16326,10613,7051,5254,4073,3151,26718,1,1,1,1
23.9000,8204,1,1,94997,1,182018,0.521913,1,15,29,508,386015,28.55404,0.00349,2.36276,0.00330,0,1,3,1.831203,1.322528,1.207369,-0.541528,-0.541455,14.420020,830,0.037549,0.004863,75976,30911,17005,10582,7402,5464,4116,3268,27293,1,1,1,1
22.3500,8216,1,1,90969,1,174308,0.521890,1,1,16,394,526202,27.47244,0.00135,2.36186,0.00565,0,0,3,1.547473,1.200356,1.200356,-0.009014,-0.008961,14.952548,13566,0.000599,0.076542,72559,29649,16288,10431,6877,5268,3963,3073,26199,1,1,1,1
22.4000,8216,1,1,90845,1,174060,0.521921,17,2,17,23,3986732,27.50712,0.00135,2.36186,0.00565,0,1,3,1.485472,1.121743,1.121743,-0.026350,-0.026302,14.935224,13155,0.001761,0.074309,72166,29485,16360,10211,7048,5195,3950,3112,26532,1,1,1,1
23.0000,8216,1,1,92336,0,177076,0.521451,1,4,22,113,147640,27.92304,0.00135,2.36186,0.00565,1,1,2,1.390052,1.000000,2.258518,-0.234354,-0.234314,14.727113,8226,0.015910,0.047123,73490,30055,16450,10415,7198,5262,4064,3227,26914,1,1,1,1
23.9000,8216,1,1,94696,0,181300,0.522319,5,33,453,518,2802509,28.54684,0.00135,2.36186,0.00565,1,1,2,1.084857,1.000000,2.945797,-0.546270,-0.546260,14.414972,831,0.037895,0.004864,75120,30955,16835,10702,7388,5463,4130,3214,27492,1,1,1,1
22.3500,8228,1,1,91136,0,174572,0.522057,2,13,15,151,568456,27.47414,0.00274,2.36147,0.00345,1,1,2,1.304437,1.000000,4.988973,-0.007545,-0.007513,14.953874,13582,0.000502,0.076514,72628,29778,16173,10323,7157,5146,3865,3119,26382,1,1,1,1
22.4000,8228,1,1,90701,1,174132,0.520878,12,10,70,105,273906,27.50885,0.00274,2.36147,0.00345,0,0,3,1.925837,1.851630,1.851630,-0.024838,-0.024759,14.936385,13170,0.001658,0.074280,72256,29658,16029,10230,7101,5269,3852,3107,26629,1,1,1,1
23.0000,8228,1,1,92471,1,177104,0.522131,4,4,11,2541,108688,27.92475,0.00274,2.36147,0.00345,0,1,3,2.109775,1.623873,1.623873,-0.232784,-0.232693,14.728803,8233,0.015798,0.047089,73519,29856,16488,10474,7269,5406,3962,3120,27009,1,1,1,1
23.9000,8228,1,1,94256,0,180800,0.521330,2,5,27,46,1825429,28.54857,0.00274,2.36147,0.00345,1,1,2,1.356734,1.000000,2.438880,-0.544716,-0.544679,14.416731,828,0.037781,0.004838,74773,30479,17019,10602,7336,5450,4102,3318,27720,1,1,1,1
22.3500,8240,1,1,91031,1,174756,0.520906,2,19,24,420,174374,27.47930,0.00135,2.35800,0.00328,0,1,3,7.978397,7.173441,7.173441,-0.005750,-0.005498,14.956034,13605,0.000368,0.076521,72488,29641,16360,10291,7096,5195,4013,3170,26501,1,1,1,1
22.4000,8240,1,1,91366,0,175135,0.521692,1,9,9,51,255992,27.51396,0.00135,2.35800,0.00328,1,0,2,1.127860,1.000000,1.432823,-0.022979,-0.022964,14.938557,13195,0.001537,0.074302,72715,29709,16367,10495,7239,5219,3961,3124,26305,1,1,1,1
23.0000,8240,1,1,92196,0,177652,0.518973,2,5,10,100,666346,27.92984,0.00135,2.35800,0.00328,1,0,2,1.222154,1.000000,1.553220,-0.230930,-0.230906,14.730603,8250,0.015675,0.047112,73789,30038,16565,10532,7312,5245,4019,3276,26875,1,1,1,1
23.9000,8240,1,1,94960,0,181801,0.522332,2,39,39,39,548328,28.55368,0.00135,2.35800,0.00328,1,0,2,1.041860,1.000000,1.734158,-0.542852,-0.542847,14.418685,833,0.037649,0.004860,75543,30979,16787,10552,7502,5476,4085,3322,27554,1,1,1,1
22.3500,8252,1,1,90843,1,174442,0.520766,1,15,15,85,575585,27.47655,0.00134,2.36085,0.00430,0,0,3,4.551716,3.844555,3.844555,-0.007072,-0.006888,14.954436,13626,0.000461,0.076536,72389,29677,16085,10260,7150,5108,3970,3059,26743,1,1,1,1
22.4000,8252,1,1,90549,1,174133,0.520002,29,4,29,52,120372,27.51115,0.00134,2.36085,0.00430,0,0,3,1.449866,1.418216,1.418216,-0.024313,-0.024268,14.936807,13209,0.001625,0.074281,72001,29445,16193,10301,7242,5138,3970,3100,26742,1,1,1,1
23.0000,8252,1,1,92620,0,177828,0.520843,1,11,11,276,380917,27.92711,0.00134,2.36085,0.00430,1,1,2,1.219999,1.000000,3.034855,-0.232339,-0.232315,14.729031,8261,0.015773,0.047111,73667,30245,16472,10556,7131,5201,4153,3228,27174,1,1,1,1
23.9000,8252,1,1,94627,1,181725,0.520718,3,3,35,192,129001,28.55087,0.00134,2.36085,0.00430,0,1,3,2.627012,2.028688,2.028688,-0.544195,-0.544078,14.417419,831,0.037738,0.004841,75632,30587,16864,10661,7566,5343,4018,3235,27818,1,1,1,1
22.3500,8264,1,1,91504,0,175484,0.521441,4,2,4,126,172127,27.47721,0.00151,2.35885,0.00435,1,1,3,1.384572,1.000000,1.407551,-0.006576,-0.006537,14.954939,13641,0.000437,0.076506,73061,29917,16341,10381,7066,5235,3973,3115,26394,1,1,1,1
22.4000,8264,1,1,90951,1,174575,0.520988,2,10,17,41,313482,27.51185,0.00151,2.35885,0.00435,0,1,3,4.826760,4.055927,4.055927,-0.023962,-0.023772,14.937746,13231,0.001591,0.074292,72268,29739,15990,10275,7059,5306,3940,3098,26899,1,1,1,1
23.0000,8264,1,1,92515,1,177510,0.521185,3,7,52,226,1776371,27.92779,0.00151,2.35885,0.00435,0,1,3,2.551516,2.274151,2.274151,-0.231895,-0.231782,14.729740,8274,0.015736,0.047115,73604,29827,16595,10520,7165,5376,4047,3284,27091,1,1,1,1
23.9000,8264,1,1,94716,0,182143,0.520012,1,48,247,247,1312415,28.55157,0.00151,2.35885,0.00435,1,1,2,1.255131,1.000000,13.962568,-0.543897,-0.543870,14.417495,832,0.037723,0.004840,75576,31068,16806,10638,7565,5461,4113,3256,27659,1,1,1,1
22.3500,8276,1,1,91212,0,175017,0.521164,1,137,137,137,530391,27.47578,0.00159,2.35700,0.00397,1,1,2,1.226825,1.000000,35.011437,-0.007429,-0.007405,14.953946,13657,0.000495,0.076490,72432,29778,16326,10277,7317,5127,4027,3113,26619,1,1,1,1
22.4000,8276,1,1,91610,0,175611,0.521667,2,148,148,148,409505,27.51046,0.00159,2.35700,0.00397,1,0,2,1.011215,1.000000,1.714729,-0.024583,-0.024581,14.936955,13243,0.001646,0.074256,72974,29907,16383,10408,7072,5207,4029,3091,26539,1,1,1,1
23.0000,8276,1,1,92911,1,178258,0.521219,1,2,39,505,103892,27.92638,0.00159,2.35700,0.00397,0,0,3,1.974296,1.468245,1.468245,-0.232535,-0.232453,14.728953,8277,0.015782,0.047066,74331,30064,16476,10380,7267,5412,4021,3214,27092,1,1,1,1
23.9000,8276,1,1,95485,1,183224,0.521141,25,5,25,34,442090,28.55018,0.00159,2.35700,0.00397,0,0,3,1.340273,1.303336,1.303336,-0.544427,-0.544391,14.416714,830,0.037761,0.004822,76018,31220,17381,10554,7515,5580,4102,3278,27575,1,1,1,1
22.3500,8288,1,1,91447,1,175601,0.520769,1,1,20,20,176226,27.47563,0.00334,2.35812,0.00326,0,1,3,1.780339,1.269109,1.269109,-0.006410,-0.006341,14.955128,13685,0.000424,0.076530,72902,29874,16328,10289,7134,5280,4030,3163,26600,1,1,1,1
22.4000,8288,1,1,91643,1,175625,0.521814,3,3,1380,1380,100192,27.51034,0.00334,2.35812,0.00326,0,0,3,1.634848,1.392904,1.392904,-0.023768,-0.023708,14.937611,13272,0.001587,0.074307,72896,30003,16061,10385,7074,5169,3956,3100,26980,1,1,1,1
23.0000,8288,1,1,92949,1,178504,0.520714,1,3,14,72,2268038,27.92625,0.00334,2.35812,0.00326,0,0,3,1.639371,1.181548,1.181548,-0.231709,-0.231649,14.729778,8301,0.015727,0.047131,73936,30411,16551,10613,7222,5438,4137,3181,27014,1,1,1,1
23.9000,8288,1,1,95294,0,182889,0.521051,1,10,12,118,2183101,28.55006,0.00334,2.35812,0.00326,1,0,3,1.081882,1.000000,1.058120,-0.543606,-0.543596,14.417931,838,0.037703,0.004861,75690,31229,17089,10620,7483,5577,4191,3266,27743,1,1,1,1
22.3500,8300,1,1,91611,1,175910,0.520786,3,17,17,265,552538,27.47615,0.00345,2.36026,0.00492,0,1,3,7.900012,7.007694,7.007694,-0.006268,-0.006019,14.955105,13704,0.000402,0.076525,73168,29790,16538,10316,7074,5374,3935,3156,26558,1,1,1,1
22.4000,8300,1,1,91837,1,176285,0.520960,1,43,43,333,351211,27.51081,0.00345,2.36026,0.00492,0,1,3,23.294909,19.716662,19.716662,-0.023659,-0.023280,14.938256,13288,0.001558,0.074286,73388,29871,16311,10432,7148,5375,3977,3201,26581,1,1,1,1
23.0000,8300,1,1,92716,0,178398,0.519717,10,56,56,56,806436,27.92670,0.00345,2.36026,0.00492,1,0,3,1.017654,1.000000,1.013771,-0.231424,-0.231422,14.730113,8307,0.015711,0.047096,73730,30351,16724,10480,7257,5223,4072,3200,27360,1,1,1,1
23.9000,8300,1,1,95190,0,183395,0.519046,19,122,122,163,1510323,28.55053,0.00345,2.36026,0.00492,1,1,2,1.412407,1.000000,60.984150,-0.543587,-0.543546,14.417902,837,0.037699,0.004848,76154,31090,17062,10811,7550,5481,4162,3276,27808,1,1,1,1
22.3500,8312,1,1,92081,1,176144,0.522763,1,21,21,244,1210305,27.48234,0.00208,2.36179,0.00359,0,0,3,5.162637,4.345752,4.345752,-0.003812,-0.003615,14.957715,13720,0.000242,0.076491,72964,30059,16447,10319,7256,5265,3955,3206,26672,1,1,1,1
22.4000,8312,1,1,91774,0,176141,0.521029,39,7,39,40,951201,27.51695,0.00208,2.36179,0.00359,1,1,2,1.142024,1.000000,1.238089,-0.021039,-0.021023,14.940274,13305,0.001407,0.074264,72993,29967,16481,10398,7070,5338,3928,3205,26760,1,1,1,1
23.0000,8312,1,1,93383,1,179148,0.521265,4,8,25,49,346954,27.93290,0.00208,2.36179,0.00359,0,0,3,1.359476,1.177061,1.177061,-0.229015,-0.228978,14.732329,8317,0.015543,0.047078,74372,30392,16640,10551,7342,5253,4113,3206,27278,1,1,1,1
23.9000,8312,1,1,95440,0,183342,0.520560,1,3,11,209442,209442,28.55667,0.00208,2.36179,0.00359,1,1,2,1.399150,1.000000,2.239608,-0.540936,-0.540895,14.420575,837,0.037509,0.004840,75841,31273,17074,10917,7521,5382,4095,3310,27928,1,1,1,1
22.3500,8324,1,1,92241,1,176326,0.523131,13,47,95,139,56964,27.48417,0.00338,2.36545,0.00394,0,1,3,20.311646,18.344468,18.344468,-0.002315,-0.001953,14.958895,13744,0.000131,0.076508,73141,30118,16418,10351,7171,5226,4068,3098,26734,1,1,1,1
22.4000,8324,1,1,91498,0,176332,0.518899,1,2,17,43,389522,27.51881,0.00338,2.36545,0.00394,1,1,2,1.414173,1.000000,1.753435,-0.019493,-0.019452,14.942002,13325,0.001302,0.074259,72991,29624,16665,10633,7188,5237,3967,3174,26852,1,1,1,1
23.0000,8324,1,1,93162,0,179186,0.519921,5,31,31,118,894996,27.93475,0.00338,2.36545,0.00394,1,1,2,1.113641,1.000000,3.824870,-0.227510,-0.227497,14.733774,8329,0.015441,0.047073,74536,30209,16740,10417,7269,5364,4086,3216,27348,1,1,1,1
23.9000,8324,1,1,95549,1,183795,0.519870,1,27,27,40,347169,28.55854,0.00338,2.36545,0.00394,0,1,3,1.890536,1.341531,1.070206,-0.539324,-0.539247,14.422217,839,0.037390,0.004844,76238,31261,17090,10783,7597,5410,4186,3365,27864,1,1,1,1
22.3500,8336,1,1,91971,1,176683,0.520545,15,4,199,199,295159,27.47801,0.00287,2.36516,0.00370,0,1,3,2.026067,1.434593,1.328052,-0.005472,-0.005387,14.956074,13760,0.000360,0.076501,73534,30023,16432,10229,7202,5178,4038,3157,26889,1,1,1,1
22.4000,8336,1,1,92571,1,176904,0.523287,1,8,38,377,279833,27.51269,0.00287,2.36516,0.00370,0,1,3,5.167670,4.128313,4.128313,-0.022878,-0.022681,14.938554,13343,0.001518,0.074270,73383,30278,16259,10400,7321,5207,3992,3196,26867,1,1,1,1
23.0000,8336,1,1,93558,0,180132,0.519389,1,2,8,24,75890,27.92861,0.00287,2.36516,0.00370,1,1,3,1.365748,1.000000,1.319651,-0.230769,-0.230732,14.730685,8341,0.015663,0.047083,74943,30648,16712,10654,7283,5401,4033,3273,27184,1,1,1,1
23.9000,8336,1,1,95917,1,184398,0.520166,3,2,19,76,272859,28.55241,0.00287,2.36516,0.00370,0,1,3,1.493920,1.142159,1.142159,-0.542662,-0.542614,14.418921,839,0.037632,0.004838,76635,31272,17158,10888,7594,5577,4189,3250,27834,1,1,1,1
22.3500,8348,1,1,92281,1,177098,0.521076,7,6,41,41,422183,27.48289,0.00141,2.36980,0.00636,0,1,3,2.147503,2.001396,2.001396,-0.003771,-0.003680,14.957526,13779,0.000246,0.076489,73633,30036,16399,10542,7142,5302,4129,3185,26729,1,1,1,1
22.4000,8348,1,1,92457,1,176907,0.522633,1,7,8,112,685980,27.51760,0.00141,2.36980,0.00636,0,1,3,1.495697,1.073704,1.070236,-0.021082,-0.021033,14.940399,13361,0.001408,0.074254,73309,30296,16333,10451,7235,5244,3955,3130,26953,1,1,1,1
23.0000,8348,1,1,93872,0,180146,0.521091,2,310,310,310,414857,27.93350,0.00141,2.36980,0.00636,1,1,2,1.157477,1.000000,52.902824,-0.229275,-0.229257,14.732261,8351,0.015562,0.047067,74830,30479,16765,10696,7334,5380,4072,3246,27343,1,1,1,1
23.9000,8348,1,1,96238,0,184420,0.521844,1,35,35,36,638446,28.55732,0.00141,2.36980,0.00636,1,1,2,1.170998,1.000000,6.751685,-0.541059,-0.541041,14.420279,838,0.037519,0.004825,76581,31440,17263,10893,7399,5400,4119,3297,28027,1,1,1,1
22.3500,8360,1,1,92127,1,177109,0.520174,3,11,13,53,1159720,27.49121,0.00158,2.37662,0.00660,0,1,3,7.800463,5.957367,5.957367,0.000339,0.000585,14.961682,13799,-0.000039,0.076469,73705,29896,16528,10470,7192,5357,3951,3134,26875,1,1,1,1
22.4000,8360,1,1,92269,1,177203,0.520700,4,3,51,51,560841,27.52587,0.00158,2.37662,0.00660,0,1,3,1.466240,1.046539,1.046539,-0.016881,-0.016835,14.944635,13379,0.001127,0.074226,73479,30352,16489,10289,7067,5383,4049,3170,26924,1,1,1,1
23.0000,8360,1,1,93770,0,179855,0.521367,1,7,8,78,146594,27.94176,0.00158,2.37662,0.00660,1,1,2,1.222277,1.000000,2.088292,-0.224871,-0.224847,14.736504,8362,0.015258,0.047047,74626,30650,16820,10521,7284,5345,3962,3181,27465,1,1,1,1
23.9000,8360,1,1,96056,0,184270,0.521281,2,1,15,15,46110,28.56559,0.00158,2.37662,0.00660,1,1,3,1.409820,1.000000,1.008286,-0.536742,-0.536700,14.424745,837,0.037207,0.004811,76201,31388,17223,10860,7504,5584,4246,3243,28020,1,1,1,1
22.3500,8372,1,1,92251,1,177080,0.520960,1,1,23,114,1134501,27.48893,0.00168,2.37185,0.00448,0,1,3,1.457496,1.129575,1.129575,-0.000631,-0.000586,14.960914,13819,0.000039,0.076474,73484,30134,16450,10556,7024,5286,3969,3154,27022,1,1,1,1
22.4000,8372,1,1,92427,1,177298,0.521312,5,6,6,30,102225,27.52354,0.00168,2.37185,0.00448,0,1,3,4.437357,3.240887,3.240887,-0.018000,-0.017822,14.943295,13401,0.001193,0.074248,73490,30063,16749,10308,7325,5285,4036,3144,26897,1,1,1,1
23.0000,8372,1,1,94233,1,180794,0.521220,11,27,27,309,1171992,27.93950,0.00168,2.37185,0.00448,0,1,3,14.654177,12.328516,12.328516,-0.226057,-0.225737,14.735797,8377,0.015319,0.047066,75039,30981,16879,10702,7285,5353,4090,3117,27347,1,1,1,1
23.9000,8372,1,1,96709,1,185419,0.521573,1,1,15,217,161516,28.56326,0.00168,2.37185,0.00448,0,1,3,1.749469,1.259974,1.259974,-0.537804,-0.537737,14.423740,843,0.037281,0.004839,77492,31280,17333,10906,7446,5468,4167,3248,28078,1,1,1,1
22.3500,8384,1,1,92401,1,177524,0.520502,2,3,46,4339,251077,27.48377,0.00358,2.36813,0.00346,0,1,3,2.419329,1.938665,1.938665,-0.002277,-0.002172,14.959140,13844,0.000145,0.076512,73812,30170,16604,10329,7061,5274,4073,3223,26977,1,1,1,1
22.4000,8384,1,1,92547,1,177714,0.520767,3,29,29,880,418369,27.51841,0.00358,2.36813,0.00346,0,0,3,1.236544,1.000885,1.000885,-0.019557,-0.019532,14.941827,13424,0.001307,0.074277,73965,30176,16258,10268,7301,5226,4131,3262,27126,1,1,1,1
23.0000,8384,1,1,94348,0,180876,0.521620,1,2,118,118,134915,27.93435,0.00358,2.36813,0.00346,1,1,2,1.380325,1.000000,1.467911,-0.227549,-0.227511,14.733915,8393,0.015441,0.047095,75201,30705,16886,10661,7334,5302,4172,3226,27388,1,1,1,1
23.9000,8384,1,1,96072,0,184896,0.519603,1,6,6,14,1012312,28.55813,0.00358,2.36813,0.00346,1,1,3,1.132290,1.000000,1.135053,-0.539424,-0.539409,14.421882,848,0.037402,0.004861,76628,31533,17045,10901,7577,5457,4246,3355,28153,1,1,1,1
22.3500,8396,1,1,92828,0,177576,0.522754,1,155,155,155,399194,27.48563,0.00132,2.37444,0.00474,1,1,2,1.127972,1.000000,21.311801,-0.002604,-0.002590,14.958698,13859,0.000173,0.076488,73729,30118,16528,10689,7098,5325,3911,3160,27017,1,1,1,1
22.4000,8396,1,1,92643,1,177931,0.520671,13,14,15,302,803839,27.52030,0.00132,2.37444,0.00474,0,1,3,9.671658,7.068751,7.068751,-0.019875,-0.019605,14.941315,13439,0.001312,0.074256,73872,30176,16670,10338,7187,5380,4004,3165,27138,1,1,1,1
23.0000,8396,1,1,94409,1,181027,0.521522,1,4,12,80906,1382741,27.93622,0.00132,2.37444,0.00474,0,0,3,2.992506,2.329426,2.329426,-0.227769,-0.227639,14.733744,8401,0.015450,0.047073,75022,30844,16842,10672,7381,5471,4061,3215,27518,1,1,1,1
23.9000,8396,1,1,96757,1,185377,0.521950,2,12,12,124,1007774,28.56002,0.00132,2.37444,0.00474,0,0,3,3.261224,2.938509,2.938509,-0.539683,-0.539542,14.421728,845,0.037412,0.004837,76840,31621,17297,10884,7644,5634,4188,3331,27937,1,1,1,1
22.3500,8408,1,1,92445,1,177727,0.520155,14,6,16,21,78914,27.48508,0.00222,2.37858,0.00528,0,0,3,1.135989,1.068063,1.068063,-0.002234,-0.002218,14.958989,13882,0.000148,0.076504,73811,30309,16293,10544,7059,5264,3957,3220,27269,1,1,1,1
22.4000,8408,1,1,93003,1,178278,0.521677,1,2,4,96,3146526,27.51978,0.00222,2.37858,0.00528,0,0,3,2.000430,1.485926,1.485926,-0.019606,-0.019524,14.941886,13460,0.001307,0.074263,73832,30510,16599,10488,7223,5232,4045,3256,27092,1,1,1,1
23.0000,8408,1,1,93952,0,180719,0.519882,2,330,330,330,548649,27.93569,0.00222,2.37858,0.00528,1,1,2,1.111477,1.000000,38.986464,-0.227754,-0.227741,14.733784,8415,0.015457,0.047084,74853,30414,16832,10790,7351,5415,4193,3259,27611,1,1,1,1
23.9000,8408,1,1,96959,1,185800,0.521849,13,7,308,559,85900,28.55950,0.00222,2.37858,0.00528,0,1,3,2.395347,2.251170,2.251170,-0.539491,-0.539387,14.421734,854,0.037401,0.004882,77066,31986,17325,10860,7490,5415,4176,3278,28203,1,1,1,1
22.3500,8420,1,1,92818,0,178178,0.520931,13,2,13,248,1079579,27.48278,0.00140,2.37629,0.00423,1,1,3,1.413490,1.000000,1.395805,-0.003874,-0.003833,14.957620,13896,0.000256,0.076479,73992,30241,16494,10578,7389,5209,4077,3166,27031,1,1,1,1
22.4000,8420,1,1,92879,1,178189,0.521242,1,688,688,688,156962,27.51744,0.00140,2.37629,0.00423,0,1,3,2.036331,1.485584,1.300906,-0.021200,-0.021115,14.940307,13475,0.001413,0.074248,73733,30383,16560,10335,7390,5391,4005,3292,27099,1,1,1,1
23.0000,8420,1,1,94325,1,181304,0.520262,90,5,90,90,624379,27.93332,0.00140,2.37629,0.00423,0,1,3,1.829848,1.521679,1.521679,-0.229154,-0.229082,14.732432,8423,0.015550,0.047066,75093,30813,17132,10750,7394,5325,4100,3217,27479,1,1,1,1
23.9000,8420,1,1,96190,0,185260,0.519219,24,24,192,1267,211418,28.55716,0.00140,2.37629,0.00423,1,1,2,1.345462,1.000000,9.741766,-0.541181,-0.541145,14.420344,849,0.037527,0.004847,76680,31255,17280,10857,7614,5678,4168,3364,28363,1,1,1,1
22.3500,8432,1,1,93273,1,178195,0.523435,9,2,782,782,182057,27.48702,0.00132,2.37560,0.00353,0,1,3,1.425419,1.059342,1.059342,-0.001765,-0.001723,14.959471,13918,0.000115,0.076481,73859,30477,16587,10468,7164,5247,3992,3188,27212,1,1,1,1
22.4000,8432,1,1,92921,1,178262,0.521264,2,3,3,20,178680,27.52163,0.00132,2.37560,0.00353,0,1,3,1.873132,1.418912,1.418912,-0.019087,-0.019012,14.942483,13499,0.001272,0.074263,73809,30343,16551,10677,7202,5226,3950,3181,27322,1,1,1,1
23.0000,8432,1,1,94976,0,182139,0.521451,1,2,7,146,267027,27.93758,0.00132,2.37560,0.00353,1,1,3,1.317322,1.000000,1.272118,-0.227057,-0.227025,14.734374,8439,0.015408,0.047082,75879,31021,16722,10624,7457,5500,4193,3259,27483,1,1,1,1
23.9000,8432,1,1,97363,1,186471,0.522138,12,110,110,114,3220328,28.56135,0.00132,2.37560,0.00353,0,0,3,1.715914,1.638685,1.638685,-0.538956,-0.538892,14.422283,851,0.037365,0.004851,77774,31604,17262,10917,7736,5635,4209,3276,28057,1,1,1,1
22.3500,8444,1,1,92708,0,178477,0.519442,1,12,2410,2410,652809,27.48160,0.00256,2.36860,0.00432,1,1,2,1.111295,1.000000,1.578423,-0.003857,-0.003844,14.957682,13935,0.000257,0.076475,74234,30266,16417,10465,7272,5369,3973,3185,27295,1,1,1,1
22.4000,8444,1,1,93563,1,178989,0.522733,1,9,14,44,376688,27.51624,0.00256,2.36860,0.00432,0,1,3,2.221965,1.597140,1.458735,-0.021172,-0.021078,14.940356,13512,0.001411,0.074240,74063,30430,16779,10669,7219,5344,4096,3219,27169,1,1,1,1
23.0000,8444,1,1,94727,1,182048,0.520344,1,9,18,104,184918,27.93218,0.00256,2.36860,0.00432,0,1,3,1.855578,1.317460,1.126417,-0.229125,-0.229052,14.732415,8450,0.015547,0.047083,75353,31108,16893,10688,7462,5520,4171,3270,27582,1,1,1,1
23.9000,8444,1,1,97101,1,186415,0.520889,17,2,17,117,3700145,28.55596,0.00256,2.36860,0.00432,0,1,3,1.698591,1.307699,1.307699,-0.541027,-0.540964,14.420143,846,0.037515,0.004816,77313,31811,17396,10818,7475,5626,4254,3253,28468,1,1,1,1
22.3500,8456,1,1,93437,1,179052,0.521846,4,3,32,100,278567,27.47657,0.00148,2.36086,0.00364,0,0,3,1.283813,1.078361,1.078361,-0.006876,-0.006846,14.954490,13958,0.000458,0.076509,74117,30793,16546,10546,7202,5389,4097,3220,27141,1,1,1,1
22.4000,8456,1,1,93606,0,179428,0.521694,1,3,41,102,56224,27.51124,0.00148,2.36086,0.00364,1,1,3,1.223453,1.000000,1.203218,-0.024217,-0.024193,14.937161,13535,0.001620,0.074276,74637,30419,16639,10683,7116,5343,4097,3232,27261,1,1,1,1
23.0000,8456,1,1,95073,1,182125,0.522023,1,33,33,33,531309,27.92716,0.00148,2.36086,0.00364,0,1,3,7.383534,6.525745,6.525745,-0.232280,-0.232044,14.729480,8461,0.015754,0.047086,75517,31004,16942,10789,7377,5480,4084,3124,27807,1,1,1,1
23.9000,8456,1,1,96880,0,186342,0.519907,1,2,19,19,202981,28.55096,0.00148,2.36086,0.00364,1,1,3,1.339424,1.000000,1.268954,-0.544083,-0.544049,14.417360,853,0.037736,0.004850,77426,31680,17099,10951,7539,5510,4348,3333,28455,1,1,1,1
22.3500,8468,1,1,93361,1,179057,0.521407,2,82,82,1264,171413,27.47338,0.00156,2.36590,0.00510,0,0,3,1.413180,1.095231,1.095231,-0.008410,-0.008369,14.953019,13974,0.000560,0.076496,74221,30566,16744,10474,7250,5221,4177,3153,27250,1,1,1,1
22.4000,8468,1,1,93855,1,179542,0.522750,1,23,23,224,571469,27.50809,0.00156,2.36590,0.00510,0,1,3,7.085763,6.459151,6.459151,-0.025871,-0.025640,14.935890,13552,0.001717,0.074271,74460,30607,16666,10713,7369,5318,3951,3246,27211,1,1,1,1
23.0000,8468,1,1,95463,1,182423,0.523309,32,2,32,5349,213693,27.92400,0.00156,2.36590,0.00510,0,1,3,1.343012,1.066402,1.066402,-0.233716,-0.233681,14.727825,8471,0.015867,0.047080,75679,30866,17112,10603,7282,5584,4160,3254,27882,1,1,1,1
23.9000,8468,1,1,97269,1,187143,0.519760,8,135,135,135,393486,28.54781,0.00156,2.36590,0.00510,0,0,3,4.653399,4.539420,4.539420,-0.545711,-0.545529,14.415574,852,0.037843,0.004838,77579,31969,17262,11055,7690,5623,4229,3410,28325,1,1,1,1
22.3500,8480,1,1,93901,1,179940,0.521849,1,3,5,27,141850,27.47352,0.00267,2.36591,0.00484,0,0,3,1.613350,1.145132,1.145132,-0.007854,-0.007797,14.953650,13997,0.000521,0.076510,75003,30492,16840,10578,7332,5444,3954,3191,27105,1,1,1,1
22.4000,8480,1,1,93510,0,179105,0.522099,4,2,4,51,231062,27.50817,0.00267,2.36591,0.00484,1,1,3,1.410961,1.000000,1.247303,-0.025192,-0.025151,14.936298,13574,0.001684,0.074284,74067,30379,16746,10483,7366,5368,4143,3223,27329,1,1,1,1
23.0000,8480,1,1,95368,0,182550,0.522424,1,11,11,241,597633,27.92406,0.00267,2.36591,0.00484,1,1,2,1.113240,1.000000,1.454048,-0.233146,-0.233133,14.728144,8486,0.015829,0.047096,75995,30709,17124,10704,7305,5416,4173,3252,27871,1,1,1,1
23.9000,8480,1,1,97994,0,187744,0.521958,1,9,76,156,106415,28.54790,0.00267,2.36591,0.00484,1,0,2,1.275357,1.000000,3.291142,-0.545110,-0.545081,14.416423,853,0.037810,0.004836,78238,31960,17469,11060,7536,5483,4330,3350,28317,1,1,1,1
22.3500,8492,1,1,93951,1,179705,0.522810,3,4,14,51,12185548,27.47383,0.00131,2.36193,0.00425,0,1,3,2.604174,2.106866,2.106866,-0.008400,-0.008288,14.953233,14017,0.000554,0.076513,74626,30495,16777,10587,7339,5314,4112,3200,27254,1,1,1,1
22.4000,8492,1,1,93767,1,179738,0.521690,1,7,16,129,255863,27.50844,0.00131,2.36193,0.00425,0,0,3,3.284740,2.594696,2.594696,-0.025717,-0.025577,14.935800,13593,0.001712,0.074285,74304,30730,16876,10565,7264,5413,4064,3217,27304,1,1,1,1
23.0000,8492,1,1,95160,0,182565,0.521242,1,15,15,76,4437344,27.92439,0.00131,2.36193,0.00425,1,1,2,1.297406,1.000000,5.539306,-0.233738,-0.233708,14.727793,8497,0.015868,0.047092,75534,31175,16898,10912,7399,5468,4200,3168,27810,1,1,1,1
23.9000,8492,1,1,98030,0,187684,0.522317,3,17,17,36,785962,28.54816,0.00131,2.36193,0.00425,1,1,2,1.141990,1.000000,2.785597,-0.545581,-0.545565,14.415738,858,0.037845,0.004858,77960,31818,17654,11156,7764,5468,4178,3396,28289,1,1,1,1
22.3500,8504,1,1,93616,0,179539,0.521427,18,3,18,26,583498,27.47278,0.00139,2.36629,0.00359,1,1,3,1.342149,1.000000,1.389640,-0.008845,-0.008810,14.952600,14036,0.000589,0.076512,74418,30097,16903,10548,7346,5468,4115,3179,27464,1,1,1,1
22.4000,8504,1,1,93875,1,179940,0.521705,1,31,31,31,392077,27.50742,0.00139,2.36629,0.00359,0,1,3,3.210687,2.480627,2.387484,-0.026200,-0.026062,14.935439,13611,0.001745,0.074280,74698,30363,16709,10616,7244,5467,4044,3235,27563,1,1,1,1
23.0000,8504,1,1,95187,1,182748,0.520868,1,1,94,670,121862,27.92335,0.00139,2.36629,0.00359,0,1,3,1.621570,1.191903,1.191903,-0.234127,-0.234071,14.727417,8507,0.015894,0.047082,75781,31135,16941,10616,7411,5408,4098,3239,28118,1,1,1,1
23.9000,8504,1,1,97656,0,187798,0.520008,14,6,14,122,287891,28.54714,0.00139,2.36629,0.00359,1,1,2,1.338783,1.000000,2.578397,-0.546065,-0.546030,14.415379,854,0.037878,0.004829,77989,31924,17698,10913,7679,5545,4287,3314,28448,1,1,1,1
22.3500,8516,1,1,93704,0,179733,0.521354,3,22,25,74,2296518,27.46929,0.00155,2.37124,0.00528,1,0,2,1.047884,1.000000,1.153248,-0.010483,-0.010477,14.951057,14053,0.000701,0.076504,74499,30503,16649,10705,7335,5354,4087,3233,27367,1,1,1,1
22.4000,8516,1,1,93925,1,180548,0.520225,1,2,24,58,155637,27.50396,0.00155,2.37124,0.00528,0,1,3,1.717625,1.217694,1.085022,-0.027814,-0.027751,14.933699,13628,0.001858,0.074277,75218,30405,16920,10478,7402,5410,4106,3176,27432,1,1,1,1
23.0000,8516,1,1,95624,0,182930,0.522738,6,12,12,15,36620296,27.91988,0.00155,2.37124,0.00528,1,1,2,1.092840,1.000000,1.311042,-0.235786,-0.235776,14.725480,8517,0.016011,0.047077,76040,31019,17048,10773,7390,5393,4154,3195,27917,1,1,1,1
23.9000,8516,1,1,98149,1,188301,0.521237,5,2,9,18,203767,28.54368,0.00155,2.37124,0.00528,0,1,3,1.524873,1.133751,1.133751,-0.547680,-0.547631,14.413903,857,0.037993,0.004839,78467,31894,17465,11096,7547,5639,4353,3303,28536,1,1,1,1
22.3500,8528,1,1,94161,1,180170,0.522626,2,74,74,74,164053,27.46742,0.00154,2.36762,0.00553,0,1,3,11.504969,11.329238,11.329238,-0.011535,-0.011249,14.950290,14075,0.000752,0.076520,74851,30457,16810,10792,7363,5255,4070,3153,27418,1,1,1,1
22.4000,8528,1,1,94295,1,180500,0.522413,1,7,37,263,2030803,27.50213,0.00154,2.36762,0.00553,0,1,3,4.102901,3.455319,3.455319,-0.028819,-0.028653,14.932881,13646,0.001919,0.074275,74629,31208,16805,10615,7137,5393,4128,3185,27399,1,1,1,1
23.0000,8528,1,1,96284,0,184105,0.522987,3,24,24,1694,336798,27.91803,0.00154,2.36762,0.00553,1,1,2,1.177127,1.000000,4.702502,-0.236789,-0.236770,14.724560,8529,0.016080,0.047080,76603,31116,17095,10745,7591,5522,4111,3355,27966,1,1,1,1
23.9000,8528,1,1,97814,0,188178,0.519798,1,6,6,312,462200,28.54185,0.00154,2.36762,0.00553,1,0,2,1.266852,1.000000,2.240121,-0.548654,-0.548626,14.412880,854,0.038065,0.004816,78189,32000,17418,10987,7722,5571,4314,3408,28568,1,1,1,1
22.3500,8540,1,1,94461,1,180955,0.522017,1,2,9,56,701511,27.47295,0.00114,2.37680,0.00395,0,1,3,1.859494,1.321806,1.321806,-0.008913,-0.008840,14.952630,14098,0.000591,0.076526,75088,30896,16953,10524,7405,5489,4163,3239,27197,1,1,1,1
22.4000,8540,1,1,94572,0,181428,0.521268,6,7,61,250,202852181,27.50760,0.00114,2.37680,0.00395,1,1,2,1.414213,1.000000,3.661676,-0.026303,-0.026262,14.935197,13671,0.001758,0.074295,75389,31132,16755,10744,7442,5444,4114,3158,27249,1,1,1,1
23.0000,8540,1,1,95705,1,183858,0.520540,4,7,7,24,475372,27.92349,0.00114,2.37680,0.00395,0,1,3,3.069044,2.596735,2.596735,-0.234227,-0.234095,14.727423,8547,0.015895,0.047104,76106,31399,17211,10728,7482,5494,4202,3315,27920,1,1,1,1
23.9000,8540,1,1,97971,1,188371,0.520099,6,3,9,69,205658,28.54733,0.00114,2.37680,0.00395,0,1,3,1.956747,1.419362,1.419362,-0.546107,-0.546029,14.415454,861,0.037878,0.004848,78353,31877,17414,11099,7755,5651,4200,3397,28624,1,1,1,1
22.3500,8552,1,1,94584,0,181144,0.522151,8,14,70,70,427919,27.46886,0.00243,2.37307,0.00513,1,1,2,1.112441,1.000000,1.737641,-0.010310,-0.010298,14.950982,14116,0.000689,0.076524,75028,30741,17073,10777,7428,5374,4111,3244,27367,1,1,1,1
22.4000,8552,1,1,94550,0,181251,0.521655,2,1,74,105,324594,27.50347,0.00243,2.37307,0.00513,1,1,3,1.406771,1.000000,1.046480,-0.027585,-0.027545,14.933902,13689,0.001844,0.074294,75396,30784,16961,10581,7402,5549,3988,3132,27457,1,1,1,1
23.0000,8552,1,1,95559,1,183814,0.519871,4,10,10,32,446105,27.91942,0.00243,2.37307,0.00513,0,0,3,1.541407,1.332669,1.332669,-0.235576,-0.235525,14.725792,8557,0.015994,0.047098,76026,31323,17193,10887,7402,5438,4174,3226,28144,1,1,1,1
23.9000,8552,1,1,98152,0,188257,0.521375,1,6,7,91,1905866,28.54319,0.00243,2.37307,0.00513,1,1,2,1.168751,1.000000,1.450353,-0.547463,-0.547444,14.413881,864,0.037980,0.004858,77837,31786,17619,11217,7725,5659,4349,3388,28676,1,1,1,1
22.3500,8564,1,1,94269,1,181135,0.520438,20,59,494,864,822887,27.47103,0.00129,2.37328,0.00502,0,1,3,18.176729,16.757532,16.757532,-0.009908,-0.009570,14.951964,14134,0.000640,0.076510,75257,30797,16913,10675,7438,5503,3960,3185,27406,1,1,1,1
22.4000,8564,1,1,94439,1,181347,0.520767,2,109,109,109,157006,27.50567,0.00129,2.37328,0.00502,0,1,3,69.277757,53.714542,53.714542,-0.027297,-0.026802,14.934124,13706,0.001795,0.074281,75220,30798,16974,10695,7339,5415,4040,3268,27597,1,1,1,1
23.0000,8564,1,1,96036,0,184119,0.521600,1,3,12,155,263894,27.92161,0.00129,2.37328,0.00502,1,1,2,1.369125,1.000000,1.857558,-0.235067,-0.235030,14.726456,8568,0.015960,0.047090,76259,31342,17089,10968,7394,5437,4262,3363,28004,1,1,1,1
23.9000,8564,1,1,98219,1,188623,0.520719,2,2,9,487,125241,28.54539,0.00129,2.37328,0.00502,0,0,3,1.534471,1.241070,1.241070,-0.546936,-0.546886,14.414479,860,0.037940,0.004829,78193,32010,17468,11177,7735,5586,4312,3378,28763,1,1,1,1
22.3500,8576,1,1,94401,1,181308,0.520669,1,5,182,182,791965,27.47888,0.00129,2.37339,0.00315,0,1,3,3.843123,2.977994,2.977994,-0.005868,-0.005711,14.955629,14160,0.000382,0.076524,75193,30884,16651,10841,7414,5357,4101,3273,27593,1,1,1,1
22.4000,8576,1,1,95041,1,182195,0.521647,1,7,27,32,506314,27.51355,0.00129,2.37339,0.00315,0,0,3,3.312599,2.628596,2.628596,-0.023197,-0.023058,14.938319,13731,0.001544,0.074292,75805,31126,16824,10661,7396,5528,4155,3244,27455,1,1,1,1
23.0000,8576,1,1,96779,1,185673,0.521236,1,12,12,309,106276,27.92947,0.00129,2.37339,0.00315,0,1,3,6.593165,5.510708,5.510708,-0.231201,-0.230981,14.730308,8588,0.015681,0.047122,77149,31722,17245,11078,7601,5490,4105,3299,27983,1,1,1,1
23.9000,8576,1,1,98448,0,189023,0.520828,1,6,27,92,3976284,28.55327,0.00129,2.37339,0.00315,1,0,2,1.192832,1.000000,1.554229,-0.543027,-0.543006,14.418511,867,0.037660,0.004860,78200,32489,17631,11045,7602,5592,4327,3403,28733,1,1,1,1
22.3500,8588,1,1,94883,1,181675,0.522271,1,3,25,29,721498,27.48284,0.00129,2.36951,0.00517,0,1,3,2.068728,1.748210,1.748210,-0.003842,-0.003757,14.957769,14177,0.000251,0.076498,75606,30842,16843,10681,7234,5344,4077,3279,27768,1,1,1,1
22.4000,8588,1,1,94777,1,181919,0.520987,1,3,3,144,264462,27.51754,0.00129,2.36951,0.00517,0,0,3,1.627120,1.183835,1.183835,-0.021171,-0.021114,14.940313,13746,0.001413,0.074259,75469,31250,16662,10559,7492,5411,4272,3219,27584,1,1,1,1
23.0000,8588,1,1,96701,1,185485,0.521344,1,2,6,113,1004385,27.93345,0.00129,2.36951,0.00517,0,1,3,2.260682,1.634998,1.634998,-0.229144,-0.229049,14.732461,8594,0.015547,0.047082,77107,31575,17237,11053,7504,5455,4157,3362,28034,1,1,1,1
23.9000,8588,1,1,98475,1,189367,0.520025,1,68,68,98,844462,28.55726,0.00129,2.36951,0.00517,0,1,3,12.880666,12.267423,12.267423,-0.541170,-0.540872,14.420291,864,0.037508,0.004836,78439,32230,17769,11145,7742,5561,4259,3431,28790,1,1,1,1
22.3500,8600,1,1,95350,0,182390,0.522784,1,53,53,266,731794,27.48538,0.00207,2.37156,0.00409,1,1,2,1.023349,1.000000,1.292024,-0.002225,-0.002222,14.958881,14195,0.000149,0.076483,76003,31175,16917,10601,7318,5420,4139,3177,27639,1,1,1,1
22.4000,8600,1,1,95217,1,182144,0.522760,1,45,45,137,232354,27.52004,0.00207,2.37156,0.00409,0,1,3,1.237220,1.204734,1.204734,-0.019550,-0.019526,14.942012,13766,0.001307,0.074255,75543,31079,16844,10820,7324,5559,4107,3172,27695,1,1,1,1
23.0000,8600,1,1,97057,1,185798,0.522382,1,20,20,69,2490796,27.93593,0.00207,2.37156,0.00409,0,1,3,3.736110,2.953532,2.936524,-0.227546,-0.227392,14.734115,8605,0.015433,0.047071,77293,31476,17252,11002,7567,5552,4205,3409,28041,1,1,1,1
23.9000,8600,1,1,98845,1,189525,0.521543,4,12,12,84,157542,28.55976,0.00207,2.37156,0.00409,0,0,3,1.844075,1.639939,1.639939,-0.539429,-0.539357,14.421935,868,0.037398,0.004851,78772,32151,17313,11299,7588,5601,4356,3453,28991,1,1,1,1
22.3500,8612,1,1,95232,0,182592,0.521559,1,18,18,60,218007,27.48297,0.00286,2.38727,0.00410,1,0,2,1.193762,1.000000,4.175131,-0.003089,-0.003069,14.958449,14211,0.000205,0.076464,75824,31113,17104,10581,7436,5329,4162,3414,27628,1,1,1,1
22.4000,8612,1,1,95225,1,182401,0.522067,5,4,14,73,82585,27.51758,0.00286,2.38727,0.00410,0,1,3,3.199056,2.434797,2.434797,-0.020362,-0.020227,14.941282,13783,0.001354,0.074247,75709,30978,16904,10670,7526,5501,4118,3232,27762,1,1,1,1
23.0000,8612,1,1,96584,0,185392,0.520975,3,4,74,77,1694214,27.93354,0.00286,2.38727,0.00410,1,1,3,1.177137,1.000000,1.063779,-0.228285,-0.228266,14.733067,8613,0.015493,0.047053,76682,31374,17465,11120,7496,5582,4267,3322,28083,1,1,1,1
23.9000,8612,1,1,98790,0,189981,0.520002,3,19,19,19,208586,28.55730,0.00286,2.38727,0.00410,1,1,2,1.356771,1.000000,8.182949,-0.540293,-0.540258,14.421162,863,0.037463,0.004817,78918,32256,17608,11072,7875,5637,4361,3353,28900,1,1,1,1
22.3500,8624,1,1,94954,0,182368,0.520675,6,17,17,83,174669,27.48535,0.00211,2.38258,0.00338,1,1,2,1.413313,1.000000,8.951376,-0.002303,-0.002263,14.959202,14238,0.000151,0.076499,75560,31129,16807,10798,7527,5407,4016,3323,27800,1,1,1,1
22.4000,8624,1,1,95333,1,182874,0.521307,941,10,941,941,64338,27.51999,0.00211,2.38258,0.00338,0,1,3,4.906560,4.208382,4.208382,-0.019579,-0.019395,14.942134,13806,0.001298,0.074263,76017,30885,16976,10714,7518,5488,4236,3227,27812,1,1,1,1
23.0000,8624,1,1,97246,0,186003,0.522822,7,3,17,17,112322,27.93593,0.00211,2.38258,0.00338,1,1,3,1.295745,1.000000,1.231408,-0.227477,-0.227447,14.733947,8631,0.015437,0.047082,77230,31741,17168,10992,7491,5548,4261,3322,28249,1,1,1,1
23.9000,8624,1,1,98931,1,190042,0.520577,2,253,253,253,464317,28.55971,0.00211,2.38258,0.00338,0,0,3,1.502886,1.203827,1.203827,-0.539365,-0.539318,14.422055,870,0.037395,0.004849,78588,32353,17482,11437,7774,5625,4390,3365,29027,1,1,1,1
22.3500,8636,1,1,94957,1,182333,0.520792,1,2,29,251,849808,27.48203,0.00143,2.38035,0.00577,0,1,3,2.147685,1.693466,1.693466,-0.004189,-0.004100,14.957410,14256,0.000274,0.076499,75464,30837,17091,10764,7479,5329,4143,3274,27951,1,1,1,1
22.4000,8636,1,1,95814,0,183331,0.522631,1,539,539,539,1247247,27.51670,0.00143,2.38035,0.00577,1,1,2,1.030227,1.000000,16.577209,-0.021660,-0.021656,14.939478,13822,0.001450,0.074259,76272,31030,17060,10767,7601,5437,4232,3217,27714,1,1,1,1
23.0000,8636,1,1,97071,1,185846,0.522322,1,1,35,138,226582,27.93262,0.00143,2.38035,0.00577,0,1,3,1.821515,1.301058,1.301058,-0.229473,-0.229403,14.732073,8639,0.015572,0.047067,76916,31530,17477,10969,7611,5618,4243,3304,28177,1,1,1,1
23.9000,8636,1,1,99052,0,190687,0.519451,3,30,30,32,697668,28.55642,0.00143,2.38035,0.00577,1,0,2,1.140146,1.000000,4.695355,-0.541447,-0.541432,14.420093,867,0.037547,0.004826,79138,32172,17941,11377,7850,5685,4376,3299,28848,1,1,1,1
22.3500,8648,1,1,95364,0,182925,0.521331,11,29,29,431820,521708,27.48522,0.00323,2.38028,0.00420,1,0,2,1.123720,1.000000,3.965994,-0.001728,-0.001714,14.959813,14275,0.000115,0.076482,76056,31096,16856,10766,7364,5470,4140,3189,27987,1,1,1,1
22.4000,8648,1,1,95297,1,183052,0.520604,1,3,4,65,97599,27.51992,0.00323,2.38028,0.00420,0,0,3,1.922131,1.503585,1.503585,-0.019024,-0.018949,14.942438,13842,0.001268,0.074248,76025,31025,16935,10796,7319,5582,4172,3210,27987,1,1,1,1
23.0000,8648,1,1,97352,0,186621,0.521659,3,4751,4751,4751,209763,27.93583,0.00323,2.38028,0.00420,1,1,2,1.279113,1.000000,1511.379970,-0.227376,-0.227348,14.734158,8651,0.015430,0.047060,77529,31676,17524,10956,7616,5555,4168,3242,28354,1,1,1,1
23.9000,8648,1,1,99110,0,190745,0.519597,2,2,10,22,303697,28.55964,0.00323,2.38028,0.00420,1,0,3,1.370625,1.000000,1.399720,-0.538878,-0.538841,14.422646,870,0.037361,0.004835,78955,32370,17922,11213,7715,5776,4415,3432,28946,1,1,1,1
22.3500,8660,1,1,95750,0,183258,0.522490,1,27,27,1036,4791414,27.48701,0.00144,2.38868,0.00518,1,0,2,1.055616,1.000000,1.689629,-0.001737,-0.001731,14.959804,14288,0.000116,0.076446,76034,31248,17028,10798,7417,5437,4196,3246,27853,1,1,1,1
22.4000,8660,1,1,95512,0,183395,0.520802,2,5,5,324,247588,27.52167,0.00144,2.38868,0.00518,1,0,3,1.163424,1.000000,1.062688,-0.019040,-0.019023,14.942499,13855,0.001273,0.074215,76289,30851,17320,10823,7237,5425,4188,3277,27984,1,1,1,1
23.0000,8660,1,1,96970,0,185900,0.521627,1,656,656,656,441424,27.93756,0.00144,2.38868,0.00518,1,0,2,1.034790,1.000000,23.273176,-0.227164,-0.227160,14.734377,8659,0.015417,0.047037,77213,31032,17324,11204,7507,5537,4168,3327,28587,1,1,1,1
23.9000,8660,1,1,99223,1,191006,0.519479,1,7,7,43,331982,28.56139,0.00144,2.38868,0.00518,0,1,3,1.582437,1.155690,1.155690,-0.538902,-0.538849,14.422639,865,0.037361,0.004800,79533,32280,17624,11257,7714,5629,4366,3464,29138,1,1,1,1
22.3500,8672,1,1,95670,0,183334,0.521837,6,85,85,85,23992081,27.48878,0.00128,2.38879,0.00449,1,1,2,1.020262,1.000000,1.789672,-0.000924,-0.000922,14.960169,14314,0.000062,0.076477,75943,31098,17169,10826,7423,5524,4185,3266,27899,1,1,1,1
22.4000,8672,1,1,96043,1,183682,0.522879,3,133,133,133,186766,27.52338,0.00128,2.38879,0.00449,0,1,3,40.034639,38.047468,38.047468,-0.018406,-0.017981,14.942986,13882,0.001203,0.074254,76395,30965,16976,10920,7422,5559,4156,3315,27973,1,1,1,1
23.0000,8672,1,1,97373,1,186639,0.521721,1,20,20,30,378363,27.93934,0.00128,2.38879,0.00449,0,1,3,2.405727,1.825001,1.769605,-0.226204,-0.226103,14.735302,8678,0.015344,0.047072,77430,31591,17458,10957,7601,5571,4227,3381,28422,1,1,1,1
23.9000,8672,1,1,100138,0,192063,0.521384,1,66,80,145,700303,28.56311,0.00128,2.38879,0.00449,1,1,2,1.357899,1.000000,28.407559,-0.538250,-0.538215,14.423207,873,0.037316,0.004838,80067,32782,17890,11251,7805,5603,4330,3474,28860,1,1,1,1
22.3500,8684,1,1,95672,0,183828,0.520446,1,12,12,429,397394,27.48703,0.00120,2.38641,0.00472,1,1,2,1.353565,1.000000,5.412752,-0.001887,-0.001852,14.959640,14333,0.000124,0.076475,76064,31605,17024,10700,7607,5516,4118,3356,27837,1,1,1,1
22.4000,8684,1,1,95672,0,183228,0.522150,8,41,41,41,527839,27.52167,0.00120,2.38641,0.00472,1,0,2,1.073038,1.000000,3.158879,-0.019176,-0.019168,14.942365,13899,0.001283,0.074245,75952,30984,17106,10892,7337,5425,4186,3242,28103,1,1,1,1
23.0000,8684,1,1,97854,0,187020,0.523230,1,5,45,45,3314343,27.93761,0.00120,2.38641,0.00472,1,1,2,1.404474,1.000000,3.197538,-0.227145,-0.227106,14.734342,8687,0.015413,0.047059,77727,31792,17298,10802,7889,5611,4333,3176,28391,1,1,1,1
23.9000,8684,1,1,99408,0,191413,0.519340,1,3,10,67,46607514,28.56139,0.00120,2.38641,0.00472,1,0,2,1.309308,1.000000,1.556353,-0.538995,-0.538964,14.422537,872,0.037370,0.004826,79188,32466,17989,11192,7819,5817,4326,3480,29135,1,1,1,1
22.3500,8696,1,1,96151,1,184155,0.522123,1,1,5,35,31261510,27.48265,0.00155,2.38651,0.00466,0,1,3,1.435200,1.015658,1.015658,-0.003783,-0.003741,14.957725,14350,0.000250,0.076470,76775,31237,16957,10885,7510,5414,4084,3288,28004,1,1,1,1
22.4000,8696,1,1,95898,0,183762,0.521863,3,2,39,62,472667,27.51733,0.00155,2.38651,0.00466,1,1,3,1.404476,1.000000,1.241027,-0.021130,-0.021091,14.940384,13917,0.001412,0.074249,76065,31350,17030,10940,7478,5429,4226,3318,27925,1,1,1,1
23.0000,8696,1,1,97205,1,186861,0.520202,1,1,21,135,627755,27.93325,0.00155,2.38651,0.00466,0,0,3,1.399684,1.001889,1.001889,-0.229076,-0.229037,14.732441,8698,0.015546,0.047060,77474,31736,17308,11087,7540,5511,4280,3387,28537,1,1,1,1
23.9000,8696,1,1,99715,1,191683,0.520211,2,3,20,115,583103,28.55705,0.00155,2.38651,0.00466,0,1,3,1.656950,1.483295,1.483295,-0.541002,-0.540944,14.420592,872,0.037512,0.004820,79640,32731,17677,11233,7755,5719,4323,3460,29144,1,1,1,1
22.3500,8708,1,1,96105,1,184255,0.521590,3,205,205,205,107614,27.48289,0.00171,2.38313,0.00518,0,1,3,9.664531,8.736366,8.723109,-0.003695,-0.003435,14.958095,14376,0.000230,0.076501,76608,31207,17243,10854,7433,5437,4204,3343,27925,1,1,1,1
22.4000,8708,1,1,97011,1,185166,0.523917,5,7,7,30,8282420,27.51760,0.00171,2.38313,0.00518,0,1,3,5.461853,3.975833,3.975833,-0.021003,-0.020808,14.940721,13943,0.001393,0.074283,77446,31150,17215,10865,7466,5464,4366,3274,27919,1,1,1,1
23.0000,8708,1,1,97554,0,187297,0.520855,1,6,143,270,1696678,27.93350,0.00171,2.38313,0.00518,1,1,2,1.199660,1.000000,1.493457,-0.228897,-0.228876,14.732474,8713,0.015535,0.047076,77634,31975,17303,11154,7485,5642,4216,3318,28569,1,1,1,1
23.9000,8708,1,1,100248,0,192487,0.520807,1,9,32,32,4475020,28.55732,0.00171,2.38313,0.00518,1,1,2,1.411964,1.000000,5.089308,-0.540877,-0.540837,14.420618,876,0.037504,0.004835,80071,32821,17927,11326,7841,5711,4349,3379,29061,1,1,1,1
22.3500,8720,1,1,96357,1,184366,0.522643,13,44,44,44,229887,27.48615,0.00336,2.39433,0.00376,0,1,3,19.411057,17.411436,17.411436,-0.001343,-0.001003,14.959892,14393,0.000067,0.076477,76386,31468,17176,10850,7460,5523,4170,3248,28084,1,1,1,1
22.4000,8720,1,1,96247,1,184130,0.522715,2,50,50,85,222475,27.52081,0.00336,2.39433,0.00376,0,1,3,19.808610,17.906823,17.906823,-0.018673,-0.018331,14.943207,13959,0.001227,0.074254,76331,31349,17105,10723,7513,5476,4220,3337,28075,1,1,1,1
23.0000,8720,1,1,97677,1,187797,0.520123,2,6,83,976,806926,27.93670,0.00336,2.39433,0.00376,0,1,3,4.998363,3.560480,3.560480,-0.226524,-0.226340,14.735189,8725,0.015361,0.047067,78087,31949,17522,10948,7519,5590,4324,3372,28485,1,1,1,1
23.9000,8720,1,1,100658,0,192743,0.522242,20,3,700,700,4909696,28.56053,0.00336,2.39433,0.00376,1,0,3,1.319654,1.000000,1.256130,-0.538377,-0.538345,14.423155,877,0.037325,0.004833,79952,32842,18069,11421,7860,5691,4405,3379,29123,1,1,1,1
22.3500,8732,1,1,96489,1,184652,0.522548,3,4,33,42,493824,27.48836,0.00205,2.39178,0.00377,0,1,3,2.016254,1.503051,1.503051,-0.000734,-0.000654,14.960842,14411,0.000044,0.076463,76924,31056,17109,10861,7370,5558,4142,3429,28202,1,1,1,1
22.4000,8732,1,1,96442,0,184938,0.521486,2,34,34,34,191609,27.52297,0.00205,2.39178,0.00377,1,1,2,1.165803,1.000000,6.189955,-0.018121,-0.018103,14.943420,13977,0.001211,0.074246,76664,31347,17405,10773,7508,5482,4258,3337,28163,1,1,1,1
23.0000,8732,1,1,97933,1,188078,0.520707,3,990,990,990,519463,27.93892,0.00205,2.39178,0.00377,0,0,3,11.736559,11.483109,11.483109,-0.226132,-0.225850,14.735254,8735,0.015327,0.047056,78302,31891,17330,11165,7679,5564,4239,3330,28577,1,1,1,1
23.9000,8732,1,1,100464,0,192423,0.522102,1,39,102,102,1460784,28.56269,0.00205,2.39178,0.00377,1,1,2,1.396820,1.000000,19.235211,-0.538046,-0.538008,14.423472,879,0.037301,0.004838,79914,32650,17888,11141,7880,5828,4385,3512,29224,1,1,1,1
22.3500,8744,1,1,95858,0,184205,0.520390,1,7,18,53,289042,27.47831,0.00310,2.39226,0.00498,1,1,2,1.410787,1.000000,4.045342,-0.005273,-0.005234,14.956237,14430,0.000350,0.076482,76222,31315,17096,10828,7585,5535,4087,3237,28299,1,1,1,1
22.4000,8744,1,1,96561,1,184595,0.523099,1,4,11,80,453823,27.51296,0.00310,2.39226,0.00498,0,0,3,1.727138,1.247982,1.247982,-0.022523,-0.022461,14.938975,13993,0.001503,0.074252,76514,31166,17200,10947,7490,5564,4111,3342,28260,1,1,1,1
23.0000,8744,1,1,98073,1,187914,0.521906,14,4,14,74,183933,27.92889,0.00310,2.39226,0.00498,0,1,3,1.436199,1.149304,1.149304,-0.230490,-0.230449,14.731063,8745,0.015644,0.047059,77456,31922,17695,11110,7726,5770,4247,3431,28556,1,1,1,1
23.9000,8744,1,1,100539,1,193035,0.520836,1,1,23,651,707183,28.55268,0.00310,2.39226,0.00498,0,0,3,1.562767,1.109844,1.109844,-0.542380,-0.542329,14.419122,879,0.037612,0.004832,80173,32850,17786,11481,7896,5710,4383,3445,29310,1,1,1,1
22.3500,8756,1,1,96967,1,185561,0.522564,2,1,12,44,160963,27.47639,0.00240,2.38661,0.00356,0,1,3,1.411814,1.038518,1.038518,-0.006492,-0.006453,14.955039,14449,0.000431,0.076484,77025,31502,17375,10933,7554,5526,4195,3338,28112,1,1,1,1
22.4000,8756,1,1,96950,0,185960,0.521351,3,14,14,27,1429892,27.51106,0.00240,2.38661,0.00356,1,1,2,1.073325,1.000000,1.234350,-0.023834,-0.023826,14.937414,14011,0.001595,0.074253,77309,31679,17282,10967,7632,5578,4235,3228,28049,1,1,1,1
23.0000,8756,1,1,98324,0,188774,0.520858,3,5,9,310,277128,27.92698,0.00240,2.38661,0.00356,1,1,2,1.298366,1.000000,2.066446,-0.231829,-0.231799,14.729600,8758,0.015737,0.047069,78640,31951,17552,11016,7726,5636,4302,3331,28619,1,1,1,1
23.9000,8756,1,1,100464,0,193378,0.519524,1,1,7,22,47262,28.55078,0.00240,2.38661,0.00356,1,0,3,1.373170,1.000000,1.093251,-0.543692,-0.543655,14.417833,879,0.037707,0.004826,80149,33013,17951,11444,7864,5728,4523,3440,29265,1,1,1,1
22.3500,8768,1,1,96584,0,185657,0.520231,2,10,15,29,312128,27.47846,0.00212,2.38304,0.00518,1,1,2,1.266365,1.000000,3.392939,-0.005646,-0.005619,14.955766,14473,0.000376,0.076502,77206,31620,17087,10869,7431,5625,4367,3295,28156,1,1,1,1
22.4000,8768,1,1,96762,0,185899,0.520511,1,20,151,151,426092,27.51316,0.00212,2.38304,0.00518,1,1,2,1.227227,1.000000,5.236367,-0.023024,-0.023000,14.938366,14034,0.001540,0.074268,77273,31432,17277,11036,7513,5560,4229,3322,28256,1,1,1,1
23.0000,8768,1,1,98251,1,188832,0.520312,2,9,9,95,218122,27.92907,0.00212,2.38304,0.00518,0,1,3,5.046726,4.214577,4.214577,-0.230964,-0.230779,14.730475,8775,0.015667,0.047093,78405,31892,17680,11206,7652,5687,4255,3325,28729,1,1,1,1
23.9000,8768,1,1,100872,0,193402,0.521569,6,14,40,40,1134093,28.55288,0.00212,2.38304,0.00518,1,0,2,1.080639,1.000000,1.264018,-0.542803,-0.542794,14.418739,883,0.037645,0.004841,80306,32713,18116,11366,7903,5781,4375,3486,29355,1,1,1,1
22.3500,8780,1,1,96807,1,185712,0.521278,1,9,23,25,542759,27.47533,0.00417,2.38194,0.00479,0,1,3,5.221599,4.366397,4.366397,-0.006267,-0.006078,14.955449,14488,0.000406,0.076479,77178,31368,17417,10930,7642,5389,4220,3419,28148,1,1,1,1
22.4000,8780,1,1,96849,1,185918,0.520926,1,2,452,452,331762,27.50999,0.00417,2.38194,0.00479,0,0,3,1.505791,1.095640,1.095640,-0.023517,-0.023470,14.937962,14050,0.001571,0.074253,77317,31751,17202,10920,7503,5400,4172,3392,28260,1,1,1,1
23.0000,8780,1,1,98590,0,189456,0.520387,1,1,97,596,352827,27.92588,0.00417,2.38194,0.00479,1,0,3,1.412595,1.000000,1.180464,-0.231464,-0.231424,14.730034,8783,0.015711,0.047073,78527,32427,17829,11111,7603,5620,4282,3342,28714,1,1,1,1
23.9000,8780,1,1,100771,1,193700,0.520245,1,14,176,176,1283947,28.54971,0.00417,2.38194,0.00479,0,1,3,1.408325,1.110799,1.110799,-0.543376,-0.543337,14.418172,881,0.037684,0.004824,80244,32872,18295,11236,8017,5809,4401,3413,29412,1,1,1,1
22.3500,8792,1,1,97110,0,186286,0.521298,34,18,41,67,200965,27.48106,0.00250,2.38461,0.00413,1,0,2,1.090296,1.000000,1.799160,-0.004166,-0.004156,14.957376,14513,0.000278,0.076496,77427,31636,17185,10929,7652,5633,4272,3450,28101,1,1,1,1
22.4000,8792,1,1,97555,1,186804,0.522235,38,3,38,185,6669616,27.51567,0.00250,2.38461,0.00413,0,1,3,2.002207,1.644486,1.644486,-0.021466,-0.021387,14.939640,14073,0.001432,0.074265,77776,31989,17321,10841,7561,5562,4260,3277,28216,1,1,1,1
23.0000,8792,1,1,98622,0,188712,0.522609,1,6,6,62,358300,27.93162,0.00250,2.38461,0.00413,1,1,2,1.369226,1.000000,3.068515,-0.229477,-0.229441,14.731989,8797,0.015574,0.047077,77989,32113,17497,11300,7738,5615,4273,3512,28674,1,1,1,1
23.9000,8792,1,1,100976,0,194141,0.520120,1,2,225,225,139634,28.55539,0.00250,2.38461,0.00413,1,0,3,1.324830,1.000000,1.012849,-0.541299,-0.541267,14.420233,885,0.037535,0.004838,80943,32772,18236,11331,7797,5719,4312,3496,29534,1,1,1,1
22.3500,8804,1,1,97114,0,186107,0.521821,2,7,31,31,302900,27.47975,0.00190,2.38470,0.00449,1,1,2,1.390427,1.000000,3.490521,-0.005140,-0.005103,14.956338,14530,0.000341,0.076487,77189,31395,17441,10971,7700,5442,4318,3327,28323,1,1,1,1
22.4000,8804,1,1,97242,0,186398,0.521693,3,3,323,323,185848264,27.51440,0.00190,2.38470,0.00449,1,1,2,1.409360,1.000000,2.136244,-0.022433,-0.022394,14.939060,14089,0.001499,0.074251,77532,31458,17228,10942,7537,5583,4197,3421,28499,1,1,1,1
23.0000,8804,1,1,98263,1,188769,0.520549,7,18,187,187,1911339,27.93033,0.00190,2.38470,0.00449,0,1,3,11.366559,9.055438,9.055438,-0.230483,-0.230207,14.730798,8805,0.015628,0.047060,78292,31867,17426,11119,7603,5679,4323,3378,29081,1,1,1,1
23.9000,8804,1,1,101424,0,194251,0.522131,17,2,17,82,86670,28.55412,0.00190,2.38470,0.00449,1,1,3,1.370271,1.000000,1.084263,-0.542249,-0.542213,14.419277,882,0.037603,0.004816,80535,33040,17949,11492,7990,5870,4434,3553,29387,1,1,1,1
22.3500,8816,1,1,96778,0,186283,0.519524,20,31,65,1809,695839,27.47889,0.00198,2.38346,0.00373,1,0,2,1.038043,1.000000,1.236917,-0.005457,-0.005452,14.956086,14552,0.000365,0.076500,76981,31643,17445,11067,7565,5643,4097,3491,28350,1,1,1,1
22.4000,8816,1,1,96956,0,186541,0.519760,3,90,90,348,505906,27.51357,0.00198,2.38346,0.00373,1,1,2,1.018016,1.000000,1.664706,-0.022810,-0.022808,14.938278,14109,0.001527,0.074259,77296,31599,17415,11000,7763,5508,4319,3301,28339,1,1,1,1
23.0000,8816,1,1,99006,0,189432,0.522649,3,18,60,60,100484,27.92949,0.00198,2.38346,0.00373,1,1,2,1.209898,1.000000,4.344604,-0.230824,-0.230803,14.730556,8821,0.015668,0.047082,78593,32065,17659,11282,7744,5529,4357,3354,28848,1,1,1,1
23.9000,8816,1,1,101131,1,194155,0.520880,1,6,13,31,206936,28.55329,0.00198,2.38346,0.00373,0,1,3,4.258572,3.274980,3.274980,-0.542709,-0.542544,14.418997,885,0.037627,0.004826,80095,33112,18158,11664,7883,5739,4430,3481,29592,1,1,1,1
22.3500,8828,1,1,97531,1,186567,0.522769,2,47,47,147,356762,27.48207,0.00161,2.38749,0.00432,0,0,3,5.441164,5.090325,5.090325,-0.004118,-0.003927,14.957310,14566,0.000263,0.076463,77056,31896,17661,10928,7551,5493,4291,3311,28379,1,1,1,1
22.4000,8828,1,1,97428,0,186880,0.521343,1,5,8,63,630416,27.51678,0.00161,2.38749,0.00432,1,1,2,1.198421,1.000000,1.278500,-0.021392,-0.021372,14.939981,14124,0.001431,0.074229,77662,31832,17448,10938,7530,5510,4167,3331,28461,1,1,1,1
23.0000,8828,1,1,99157,1,189983,0.521928,4,4,16,34,1070926,27.93268,0.00161,2.38749,0.00432,0,1,3,3.047041,2.199182,2.199182,-0.229375,-0.229249,14.732289,8827,0.015561,0.047044,78822,32283,17620,11363,7718,5536,4319,3439,28882,1,1,1,1
23.9000,8828,1,1,101352,0,195093,0.519509,1,594,594,594,57121,28.55650,0.00161,2.38749,0.00432,1,1,2,1.022435,1.000000,13.524584,-0.541386,-0.541384,14.419728,882,0.037545,0.004803,81050,33053,18309,11544,7921,5774,4496,3530,29415,1,1,1,1
22.3500,8840,1,1,97778,0,187549,0.521349,1,3,5,38,305896,27.47701,0.00363,2.39080,0.00345,1,1,2,1.413699,1.000000,2.061075,-0.005650,-0.005611,14.955851,14587,0.000375,0.076477,78188,31821,17484,11000,7701,5592,4167,3315,28280,1,1,1,1
22.4000,8840,1,1,97762,0,187104,0.522504,1,3,13,41,137063,27.51166,0.00363,2.39080,0.00345,1,0,3,1.217302,1.000000,1.124402,-0.022940,-0.022918,14.938599,14145,0.001534,0.074245,77670,31804,17177,11050,7820,5583,4294,3272,28433,1,1,1,1
23.0000,8840,1,1,99382,0,190735,0.521050,4,9,9,236,313534,27.92755,0.00363,2.39080,0.00345,1,1,2,1.414211,1.000000,4.825779,-0.230972,-0.230933,14.730532,8842,0.015677,0.047066,79122,32632,17757,11202,7624,5670,4351,3462,28914,1,1,1,1
23.9000,8840,1,1,101776,0,195169,0.521479,1,10,17,17,215892,28.55138,0.00363,2.39080,0.00345,1,1,3,1.090993,1.000000,1.079482,-0.542803,-0.542793,14.418739,885,0.037645,0.004813,80970,33222,18313,11570,8045,5714,4303,3517,29514,1,1,1,1
22.3500,8852,1,1,98342,0,187996,0.523110,1,13,13,76,332619,27.48097,0.00157,2.39375,0.00494,1,1,2,1.351614,1.000000,5.942896,-0.004746,-0.004712,14.956783,14603,0.000315,0.076452,78244,31843,17540,11279,7657,5450,4300,3392,28290,1,1,1,1
22.4000,8852,1,1,97518,0,187098,0.521216,1,7,7,34,107132,27.51558,0.00157,2.39375,0.00494,1,1,2,1.354366,1.000000,3.368463,-0.022019,-0.021985,14.939440,14168,0.001472,0.074261,77462,32007,17384,10926,7636,5542,4315,3357,28468,1,1,1,1
23.0000,8852,1,1,99492,0,190384,0.522589,1,9,59,59,208674,27.93153,0.00157,2.39375,0.00494,1,1,2,1.301023,1.000000,3.608384,-0.229999,-0.229969,14.731433,8849,0.015611,0.047036,79070,32310,17633,11189,7743,5713,4285,3398,29042,1,1,1,1
23.9000,8852,1,1,101625,1,195339,0.520252,2,60,60,60,404634,28.55530,0.00157,2.39375,0.00494,0,0,3,6.610156,6.216759,6.216759,-0.541914,-0.541701,14.419527,883,0.037567,0.004795,81424,33054,17978,11603,7707,5660,4414,3608,29890,1,1,1,1
22.3500,8864,1,1,98243,1,187764,0.523229,1,908,908,908,167364,27.48312,0.00246,2.39666,0.00529,0,0,3,8.535247,8.048133,8.048133,-0.003227,-0.002985,14.958239,14628,0.000200,0.076472,78141,31826,17468,11156,7529,5636,4188,3365,28454,1,1,1,1
22.4000,8864,1,1,98475,1,188047,0.523675,1,1,12,12,488358,27.51776,0.00246,2.39666,0.00529,0,0,3,1.501404,1.066809,1.066809,-0.020428,-0.020382,14.941094,14184,0.001364,0.074236,78042,32154,17597,10983,7742,5605,4241,3273,28409,1,1,1,1
23.0000,8864,1,1,100217,1,191191,0.524175,8,36,36,154,226232,27.93370,0.00246,2.39666,0.00529,0,1,3,1.868257,1.376189,1.285451,-0.228409,-0.228339,14.733155,8865,0.015498,0.047052,79422,32819,17816,11259,7686,5691,4370,3279,28848,1,1,1,1
23.9000,8864,1,1,102086,0,195433,0.522361,1,3,108,108,1696708,28.55748,0.00246,2.39666,0.00529,1,1,2,1.376079,1.000000,1.894228,-0.540325,-0.540289,14.421200,889,0.037465,0.004821,81199,33161,18116,11492,7892,5818,4455,3484,29815,1,1,1,1
22.3500,8876,1,1,97964,0,187477,0.522542,1,14,14,119,1140623,27.48239,0.00193,2.38653,0.00502,1,1,2,1.411766,1.000000,7.433781,-0.003832,-0.003793,14.957666,14655,0.000254,0.076512,77840,31851,17456,11032,7623,5538,4258,3320,28558,1,1,1,1
22.4000,8876,1,1,97875,1,187884,0.520936,3,10,33,111,333729,27.51706,0.00193,2.38653,0.00502,0,1,3,7.642436,5.463754,5.463754,-0.021151,-0.020922,14.940211,14211,0.001400,0.074281,77788,32080,17513,11068,7583,5562,4408,3322,28559,1,1,1,1
23.0000,8876,1,1,99799,1,190926,0.522713,11,9,24,162,196515,27.93298,0.00193,2.38653,0.00502,0,0,3,1.497025,1.412880,1.412880,-0.229035,-0.228989,14.732234,8885,0.015543,0.047097,79060,32314,17903,11362,7721,5621,4333,3493,29118,1,1,1,1
23.9000,8876,1,1,101619,1,195220,0.520538,4,11,11,78,2052853,28.55679,0.00193,2.38653,0.00502,0,0,3,1.515343,1.327846,1.327846,-0.540932,-0.540885,14.420432,898,0.037508,0.004863,80673,33170,18168,11671,7932,5919,4358,3542,29786,1,1,1,1
22.3500,8888,1,1,97620,0,187271,0.521279,1,4,6,192,1689549,27.48699,0.00155,2.40145,0.00418,1,1,2,1.225580,1.000000,1.307634,-0.001609,-0.001586,14.959783,14673,0.000106,0.076492,77521,31961,17535,10926,7568,5385,4289,3400,28685,1,1,1,1
22.4000,8888,1,1,98389,1,188573,0.521758,1,1,56,202,155809,27.52169,0.00155,2.40145,0.00418,0,0,3,1.457477,1.031278,1.031278,-0.018948,-0.018906,14.942564,14228,0.001265,0.074257,78517,31871,17697,11044,7642,5524,4261,3370,28646,1,1,1,1
23.0000,8888,1,1,99950,0,191312,0.522448,3,4,6,44,3335402,27.93760,0.00155,2.40145,0.00418,1,1,2,1.303404,1.000000,1.627041,-0.226925,-0.226895,14.734509,8896,0.015399,0.047085,79475,32343,17845,11377,7670,5849,4365,3425,28962,1,1,1,1
23.9000,8888,1,1,102000,0,195958,0.520522,1,43,43,1135,84349,28.56141,0.00155,2.40145,0.00418,1,1,2,1.237673,1.000000,11.655192,-0.538946,-0.538922,14.422594,897,0.037366,0.004850,81371,33260,18305,11438,7965,5807,4543,3363,29905,1,1,1,1
22.3500,8900,1,1,98375,1,188422,0.522102,5,9,26,98,279177,27.48157,0.00125,2.39031,0.00357,0,1,3,6.327582,4.758785,4.758785,-0.004607,-0.004399,14.957139,14690,0.000294,0.076491,78294,32037,17443,11230,7532,5581,4284,3317,28703,1,1,1,1
22.4000,8900,1,1,98436,0,188654,0.521783,2,84,1191,1191,644846,27.51623,0.00125,2.39031,0.00357,1,1,2,1.202734,1.000000,18.863344,-0.022013,-0.021992,14.939528,14245,0.001472,0.074261,78144,32323,17528,11206,7643,5639,4308,3208,28654,1,1,1,1
23.0000,8900,1,1,99859,1,191630,0.521106,1,14,169,169,71551,27.93211,0.00125,2.39031,0.00357,0,0,3,2.443270,1.964363,1.964363,-0.229829,-0.229729,14.731650,8905,0.015594,0.047078,79365,32835,17801,11243,7721,5777,4388,3469,29030,1,1,1,1
23.9000,8900,1,1,102159,1,196283,0.520471,1,3,19,55,682893,28.55595,0.00125,2.39031,0.00357,0,1,3,1.816355,1.314009,1.314009,-0.541721,-0.541654,14.419833,895,0.037563,0.004834,81263,33489,18331,11609,8043,5817,4393,3538,29799,1,1,1,1
22.3500,8912,1,1,98205,1,187885,0.522690,2,92,92,123,300141,27.48207,0.00124,2.38766,0.00401,0,1,3,37.260117,33.924886,33.924886,-0.004452,-0.004046,14.957001,14710,0.000271,0.076492,77962,32028,17239,10987,7765,5589,4294,3347,28673,1,1,1,1
22.4000,8912,1,1,98787,1,188788,0.523272,3,3,256,1032,1513264,27.51668,0.00124,2.38766,0.00401,0,0,3,1.492873,1.223466,1.223466,-0.021571,-0.021526,14.939841,14265,0.001441,0.074264,78466,31863,17359,11270,7694,5813,4261,3302,28759,1,1,1,1
23.0000,8912,1,1,100127,1,192006,0.521481,8,3,8,95,5100354,27.93263,0.00124,2.38766,0.00401,0,0,3,1.322169,1.212235,1.212235,-0.229544,-0.229513,14.731757,8917,0.015579,0.047078,79649,32556,17943,11326,7972,5642,4353,3487,29077,1,1,1,1
23.9000,8912,1,1,102431,1,196513,0.521246,2,81,81,594,3380820,28.55640,0.00124,2.38766,0.00401,0,1,3,1.824370,1.520553,1.520553,-0.541442,-0.541375,14.420145,897,0.037543,0.004838,81440,33580,18285,11571,7981,5849,4548,3527,29731,1,1,1,1
22.3500,8924,1,1,98641,1,188689,0.522773,1,4,10,61,203522,27.47444,0.00152,2.37898,0.00497,0,0,3,2.284584,1.755300,1.755300,-0.007947,-0.007854,14.953550,14731,0.000525,0.076516,78501,31972,17592,11045,7598,5526,4317,3291,28846,1,1,1,1
22.4000,8924,1,1,98762,0,189603,0.520891,1,4,4,23,294563,27.50908,0.00152,2.37898,0.00497,1,0,3,1.218968,1.000000,1.225415,-0.025245,-0.025223,14.936295,14284,0.001689,0.074280,78623,32360,17532,11220,7751,5689,4398,3556,28473,1,1,1,1
23.0000,8924,1,1,100574,0,192586,0.522232,1,16,19,200,1365088,27.92502,0.00152,2.37898,0.00497,1,1,2,1.067233,1.000000,1.263948,-0.233213,-0.233206,14.728032,8929,0.015834,0.047089,80110,32866,17975,11353,7824,5725,4302,3444,28986,1,1,1,1
23.9000,8924,1,1,102681,1,197071,0.521038,1,79,79,163,402587,28.54880,0.00152,2.37898,0.00497,0,0,3,8.014664,7.526388,7.526388,-0.545209,-0.544976,14.416258,899,0.037803,0.004844,81774,33583,18356,11574,8014,5925,4522,3627,29695,1,1,1,1
22.3500,8936,1,1,98194,0,188671,0.520454,5,3,15,29,2931672,27.47762,0.00210,2.37478,0.00459,1,1,2,1.355328,1.000000,1.494095,-0.006035,-0.006001,14.955495,14749,0.000401,0.076497,78160,32040,17509,11015,7704,5645,4430,3370,28797,1,1,1,1
22.4000,8936,1,1,98664,0,189297,0.521215,2,13,291,291,203441,27.51230,0.00210,2.37478,0.00459,1,0,2,1.121840,1.000000,1.814955,-0.023384,-0.023371,14.938159,14301,0.001565,0.074259,78824,32118,17496,11129,7624,5651,4228,3348,28878,1,1,1,1
23.0000,8936,1,1,100373,1,191984,0.522822,6,2,6,84,140351,27.92822,0.00210,2.37478,0.00459,0,1,3,1.603957,1.329094,1.329094,-0.231325,-0.231272,14.729994,8939,0.015701,0.047073,79640,32501,17790,11331,7793,5674,4375,3435,29444,1,1,1,1
23.9000,8936,1,1,102212,0,196879,0.519164,1,1,71,129,793219,28.55202,0.00210,2.37478,0.00459,1,1,3,1.404127,1.000000,1.209482,-0.543222,-0.543184,14.418269,897,0.037673,0.004826,81627,33425,18345,11536,8158,5812,4550,3535,29890,1,1,1,1
22.3500,8948,1,1,99175,1,189877,0.522315,2,7,7,25,223286,27.47910,0.00191,2.36910,0.00667,0,1,3,2.237939,1.894802,1.894802,-0.005389,-0.005299,14.956224,14766,0.000354,0.076479,78983,32595,17524,11054,7468,5741,4364,3404,28743,1,1,1,1
22.4000,8948,1,1,99201,1,189965,0.522209,2,15,15,15,1291023,27.51381,0.00191,2.36910,0.00667,0,1,3,5.978878,5.372888,5.372888,-0.022799,-0.022599,14.938625,14319,0.001513,0.074251,79146,32357,17572,11141,7698,5527,4338,3391,28794,1,1,1,1
23.0000,8948,1,1,100278,0,192977,0.519640,1,16,71,71,884916,27.92971,0.00191,2.36910,0.00667,1,1,2,1.147776,1.000000,2.796384,-0.230714,-0.230699,14.730626,8949,0.015661,0.047060,80231,32912,17837,11389,7755,5776,4341,3434,29301,1,1,1,1
23.9000,8948,1,1,102672,0,196942,0.521334,1,27,27,420,322855,28.55353,0.00191,2.36910,0.00667,1,1,2,1.298589,1.000000,9.841565,-0.542694,-0.542664,14.418739,900,0.037636,0.004835,81473,33394,18478,11496,8052,5861,4532,3602,30053,1,1,1,1
22.3500,8960,1,1,98797,1,189509,0.521334,6,16,200,200,556927,27.48025,0.00186,2.37210,0.00416,0,1,3,6.744782,5.780877,5.780877,-0.004966,-0.004753,14.956775,14793,0.000318,0.076513,78625,32234,17694,11166,7635,5570,4235,3439,28910,1,1,1,1
22.4000,8960,1,1,99186,0,189788,0.522617,1,8,10,131,547153,27.51491,0.00186,2.37210,0.00416,1,1,2,1.164985,1.000000,1.631542,-0.022224,-0.022207,14.939129,14345,0.001487,0.074284,78752,31999,17711,11013,7825,5822,4348,3464,28853,1,1,1,1
23.0000,8960,1,1,100585,1,193292,0.520381,1,3,10,120,661913,27.93080,0.00186,2.37210,0.00416,0,0,3,1.510567,1.093492,1.093492,-0.230144,-0.230098,14.731342,8969,0.015620,0.047100,80267,32947,18024,11365,7790,5725,4428,3517,29228,1,1,1,1
23.9000,8960,1,1,102672,0,197967,0.518635,1,3,13,100,205601,28.55463,0.00186,2.37210,0.00416,1,1,2,1.376300,1.000000,1.850382,-0.542091,-0.542055,14.419382,906,0.037592,0.004861,82365,33699,18499,11352,8205,5840,4366,3540,30100,1,1,1,1
22.3500,8972,1,1,99159,1,189920,0.522112,1,21,21,118687,260985,27.48075,0.00212,2.37415,0.00434,0,1,3,1.585615,1.315318,1.315318,-0.004487,-0.004436,14.957085,14810,0.000297,0.076497,78928,32289,17712,11004,7712,5633,4346,3577,28718,1,1,1,1
22.4000,8972,1,1,99245,1,190282,0.521571,5,13,13,211,584942,27.51537,0.00212,2.37415,0.00434,0,1,3,7.514700,6.189445,6.189445,-0.021880,-0.021655,14.939887,14362,0.001449,0.074268,78949,32439,17595,11105,7839,5644,4374,3466,28870,1,1,1,1
23.0000,8972,1,1,100898,0,193645,0.521049,1,2,35,147,721095,27.93132,0.00212,2.37415,0.00434,1,1,2,1.372576,1.000000,1.432411,-0.229773,-0.229738,14.731698,8978,0.015595,0.047083,80701,32754,18057,11444,7807,5756,4344,3453,29328,1,1,1,1
23.9000,8972,1,1,102803,1,197591,0.520284,3,9,23,83,6189911,28.55509,0.00212,2.37415,0.00434,0,1,3,1.818221,1.288263,1.080406,-0.541641,-0.541575,14.419899,903,0.037557,0.004838,81896,33615,18413,11641,8038,5786,4378,3579,30244,1,1,1,1
22.3500,8984,1,1,99053,1,190319,0.520460,1,8,160,160,361733,27.48531,0.00123,2.37628,0.00403,0,1,3,6.593269,4.738692,4.738692,-0.002705,-0.002495,14.959043,14829,0.000167,0.076483,78800,32358,17904,11444,7620,5700,4338,3474,28680,1,1,1,1
22.4000,8984,1,1,99391,1,190871,0.520726,2,3,43,9281,434090,27.51996,0.00123,2.37628,0.00403,0,0,3,1.677354,1.300216,1.300216,-0.019954,-0.019896,14.941505,14380,0.001332,0.074254,79467,32245,17867,11169,7816,5737,4344,3597,28628,1,1,1,1
23.0000,8984,1,1,101032,0,193374,0.522472,3,22,22,135,62459,27.93589,0.00123,2.37628,0.00403,1,1,2,1.310461,1.000000,8.116059,-0.228023,-0.227993,14.733512,8989,0.015474,0.047072,80175,33034,18116,11204,7868,5620,4427,3433,29496,1,1,1,1
23.9000,8984,1,1,103458,0,199076,0.519694,2,3,82,82,168672,28.55968,0.00123,2.37628,0.00403,1,1,2,1.412261,1.000000,2.092732,-0.539840,-0.539801,14.421672,906,0.037430,0.004847,82949,33858,18417,11729,8121,5867,4613,3582,29939,1,1,1,1
22.3500,8996,1,1,99505,1,190764,0.521616,1,117,117,2807,563414,27.48325,0.00139,2.37723,0.00445,0,1,3,13.808399,13.199660,13.199660,-0.003701,-0.003409,14.958131,14845,0.000228,0.076468,79330,32499,17859,11251,7804,5576,4278,3271,28895,1,1,1,1
22.4000,8996,1,1,99426,0,190804,0.521092,2,6,6,13,2940704,27.51792,0.00139,2.37723,0.00445,1,1,2,1.201416,1.000000,1.486363,-0.020916,-0.020896,14.940464,14396,0.001399,0.074243,79034,32628,17747,11243,7844,5814,4285,3338,28870,1,1,1,1
23.0000,8996,1,1,100947,1,193696,0.521165,2,9,92,92,144781,27.93384,0.00139,2.37723,0.00445,0,1,3,2.747322,2.185013,2.185013,-0.228897,-0.228784,14.732729,8997,0.015529,0.047053,80506,32760,17972,11521,7926,5708,4423,3499,29380,1,1,1,1
23.9000,8996,1,1,103701,1,198830,0.521559,1,16,33,53,170733,28.55764,0.00139,2.37723,0.00445,0,0,3,1.475939,1.081083,1.081083,-0.540752,-0.540709,14.420723,906,0.037495,0.004841,82578,33702,18406,11925,8175,5906,4481,3608,30048,1,1,1,1
22.3500,9008,1,1,99769,1,191348,0.521404,1,5,11,257,413644,27.48116,0.00209,2.37563,0.00436,0,1,3,3.067531,2.638616,2.638616,-0.004290,-0.004166,14.957375,14869,0.000279,0.076493,79700,32555,17680,11303,7751,5629,4348,3463,28918,1,1,1,1
22.4000,9008,1,1,99438,0,190430,0.522179,1,2,15,25,1079001,27.51586,0.00209,2.37563,0.00436,1,1,3,1.327762,1.000000,1.315317,-0.021604,-0.021572,14.939845,14418,0.001444,0.074260,78876,32317,17762,11220,7824,5595,4404,3420,29011,1,1,1,1
23.0000,9008,1,1,101293,1,193985,0.522172,3,5,6,46,1788305,27.93176,0.00209,2.37563,0.00436,0,0,3,1.797647,1.566720,1.566720,-0.229565,-0.229500,14.731826,9013,0.015579,0.047077,80291,33196,18056,11368,7836,5787,4501,3540,29409,1,1,1,1
23.9000,9008,1,1,103826,0,198711,0.522500,2,2,47,47,148391,28.55558,0.00209,2.37563,0.00436,1,1,3,1.316564,1.000000,1.075331,-0.541453,-0.541423,14.419990,908,0.037547,0.004845,82495,33661,18467,11609,7941,6014,4503,3618,30402,1,1,1,1
22.3500,9020,1,1,99564,0,190815,0.521786,1,4,6,913,853406,27.47895,0.00123,2.37822,0.00361,1,0,2,1.328468,1.000000,2.148884,-0.005875,-0.005843,14.955659,14884,0.000391,0.076477,79058,32586,17726,11257,7883,5628,4239,3423,29014,1,1,1,1
22.4000,9020,1,1,99873,1,191795,0.520731,1,10,14,807,1818170,27.51361,0.00123,2.37822,0.00361,0,1,3,4.524681,3.753200,3.753200,-0.023234,-0.023066,14.938296,14433,0.001544,0.074246,79870,32514,17989,11229,7807,5734,4376,3493,28782,1,1,1,1
23.0000,9020,1,1,100966,0,194303,0.519634,1,2,79,214,2538913,27.92950,0.00123,2.37822,0.00361,1,1,3,1.407979,1.000000,1.379156,-0.231123,-0.231085,14.730372,9021,0.015688,0.047061,80620,33137,18449,11209,7863,5708,4238,3348,29730,1,1,1,1
23.9000,9020,1,1,103424,0,198729,0.520430,1,3,7,42,109738,28.55333,0.00123,2.37822,0.00361,1,0,2,1.304116,1.000000,1.575093,-0.543046,-0.543017,14.418490,905,0.037661,0.004823,82538,33574,18485,11839,8140,5975,4510,3607,30060,1,1,1,1
22.3500,9032,1,1,99621,1,191197,0.521041,8,2,26,26,1983214,27.47990,0.00138,2.37077,0.00345,0,1,3,1.449692,1.162253,1.162253,-0.005270,-0.005229,14.956286,14906,0.000350,0.076485,79526,32352,17859,11241,7559,5765,4364,3458,29072,1,1,1,1
22.4000,9032,1,1,99871,1,191707,0.520959,42,10,42,42,316928,27.51451,0.00138,2.37077,0.00345,0,1,3,1.460486,1.107662,1.107662,-0.022572,-0.022530,14.938974,14453,0.001508,0.074247,79840,32529,17975,11189,7739,5630,4383,3470,28951,1,1,1,1
23.0000,9032,1,1,101540,0,194965,0.520814,5,2,9,39,376274,27.93046,0.00138,2.37077,0.00345,1,1,3,1.359200,1.000000,1.268201,-0.230557,-0.230523,14.730907,9035,0.015649,0.047070,81178,33298,17980,11534,7699,5774,4404,3501,29596,1,1,1,1
23.9000,9032,1,1,103888,0,199231,0.521448,20,7,20,59,1021632,28.55423,0.00138,2.37077,0.00345,1,1,3,1.134238,1.000000,1.021861,-0.542431,-0.542417,14.418900,905,0.037618,0.004817,82546,33732,18697,11700,8240,5978,4502,3555,30280,1,1,1,1
22.3500,9044,1,1,99435,1,191304,0.519778,1,4,13,104,293254,27.47091,0.00146,2.35891,0.00368,0,1,3,3.160431,2.509149,2.509149,-0.009759,-0.009632,14.951885,14921,0.000644,0.076483,79439,32519,17844,11169,7858,5607,4370,3301,29196,1,1,1,1
22.4000,9044,1,1,99729,1,191647,0.520381,1,3,16,59,218545,27.50555,0.00146,2.35891,0.00368,0,1,3,1.850839,1.311510,1.261225,-0.027039,-0.026971,14.934504,14468,0.001806,0.074248,79304,32902,17950,11230,7649,5675,4294,3537,29105,1,1,1,1
23.0000,9044,1,1,101608,0,195181,0.520586,2,3,101,101,478199,27.92148,0.00146,2.35891,0.00368,1,1,2,1.391606,1.000000,2.143047,-0.235038,-0.235001,14.726445,9044,0.015958,0.047068,81064,33487,18179,11480,7961,5648,4429,3459,29473,1,1,1,1
23.9000,9044,1,1,104114,0,199874,0.520901,1,11,68,68,314106,28.54527,0.00146,2.35891,0.00368,1,1,2,1.373379,1.000000,5.646600,-0.546986,-0.546951,14.414542,902,0.037944,0.004796,83088,33821,18740,11764,8109,6009,4443,3619,30280,1,1,1,1
22.3500,9056,1,1,100263,1,191703,0.523015,1,13,106,106,1201238,27.47426,0.00216,2.36608,0.00418,0,0,3,2.583503,2.069902,2.069902,-0.007700,-0.007596,14.953789,14952,0.000508,0.076531,79639,32284,18066,11331,7808,5749,4352,3351,29122,1,1,1,1
22.4000,9056,1,1,99928,0,192006,0.520445,1,1,18,126,2509368,27.50894,0.00216,2.36608,0.00418,1,0,3,1.413337,1.000000,1.254985,-0.025007,-0.024969,14.936496,14498,0.001672,0.074293,79729,32817,17676,11276,7849,5687,4380,3426,29165,1,1,1,1
23.0000,9056,1,1,101558,0,194903,0.521072,1,1,46,336,321993,27.92485,0.00216,2.36608,0.00418,1,1,3,1.413053,1.000000,1.388741,-0.232971,-0.232933,14.728531,9063,0.015815,0.047098,80683,33267,18281,11536,7981,5611,4388,3554,29601,1,1,1,1
23.9000,9056,1,1,104081,1,199763,0.521025,26,18,26,30,369370,28.54866,0.00216,2.36608,0.00418,0,1,3,9.887076,8.290152,8.290152,-0.544974,-0.544721,14.416191,914,0.037785,0.004853,83133,33808,18412,11857,8099,5905,4637,3507,30404,1,1,1,1
22.3500,9068,1,1,100713,1,192625,0.522848,25,2,25,89,595780,27.47643,0.00107,2.36930,0.00406,0,1,3,1.336896,1.193865,1.193865,-0.007115,-0.007083,14.954057,14968,0.000474,0.076510,79857,32920,18035,11393,7934,5777,4280,3499,28929,1,1,1,1
22.4000,9068,1,1,100074,0,192326,0.520338,1,1,12,48,823512,27.51113,0.00107,2.36930,0.00406,1,0,3,1.317634,1.000000,1.117037,-0.024463,-0.024433,14.936778,14514,0.001636,0.074275,79778,32763,17856,11395,7914,5846,4294,3460,29019,1,1,1,1
23.0000,9068,1,1,101923,1,195564,0.521177,19,3,19,19,215186,27.92704,0.00107,2.36930,0.00406,0,0,3,1.076152,1.029641,1.029641,-0.232411,-0.232403,14.728799,9075,0.015779,0.047097,81105,33304,18211,11569,8047,5864,4345,3456,29662,1,1,1,1
23.9000,9068,1,1,104212,0,200153,0.520664,1,5,23,1478,381073,28.55086,0.00107,2.36930,0.00406,1,1,2,1.216834,1.000000,1.455421,-0.544340,-0.544319,14.417051,912,0.037755,0.004835,83320,33818,18561,11654,8132,6041,4526,3585,30515,1,1,1,1
22.3500,9080,1,1,100779,1,193161,0.521738,1,37,37,1578,198067,27.48034,0.00115,2.37592,0.00351,0,1,3,4.852692,4.009833,3.997227,-0.005253,-0.005079,14.956288,14985,0.000340,0.076484,80369,33016,18063,11460,7697,5802,4376,3438,28939,1,1,1,1
22.4000,9080,1,1,100368,0,192243,0.522092,1,8,22,861,899386,27.51500,0.00115,2.37592,0.00351,1,1,2,1.375039,1.000000,4.290103,-0.022586,-0.022551,14.938942,14533,0.001510,0.074263,80000,32558,17690,11391,7795,5508,4521,3410,29369,1,1,1,1
23.0000,9080,1,1,101994,0,195581,0.521495,17,230,230,230,299095,27.93089,0.00115,2.37592,0.00351,1,1,2,1.333237,1.000000,89.769858,-0.230698,-0.230666,14.730837,9083,0.015659,0.047070,81287,33063,18271,11487,7975,5736,4517,3612,29632,1,1,1,1
23.9000,9080,1,1,104663,1,200871,0.521048,1,3,8,29,299567,28.55472,0.00115,2.37592,0.00351,0,1,3,1.606852,1.212723,1.212723,-0.542376,-0.542324,14.419180,911,0.037611,0.004823,83669,34077,18593,11822,8111,5824,4650,3719,30405,1,1,1,1
22.3500,9092,1,1,100564,0,192728,0.521795,2,10,20,517,510542,27.48360,0.00379,2.38039,0.00335,1,1,2,1.410919,1.000000,5.577756,-0.002303,-0.002266,14.959211,15005,0.000151,0.076470,80108,32721,18078,11447,7801,5779,4325,3469,28999,1,1,1,1
22.4000,9092,1,1,100221,1,192081,0.521767,1,6,19,19,316085,27.51821,0.00379,2.38039,0.00335,0,1,3,4.254228,3.352799,3.352799,-0.019581,-0.019422,14.942120,14551,0.001300,0.074241,79246,32767,18068,11415,7837,5764,4317,3375,29291,1,1,1,1
23.0000,9092,1,1,102112,0,195921,0.521192,2,76,76,76,271689,27.93416,0.00379,2.38039,0.00335,1,0,2,1.079479,1.000000,6.396978,-0.227592,-0.227583,14.733954,9095,0.015446,0.047060,81661,32711,18387,11658,7806,5738,4445,3566,29948,1,1,1,1
23.9000,9092,1,1,104396,0,200614,0.520385,1,70,70,70,600177,28.55794,0.00379,2.38039,0.00335,1,1,2,1.314138,1.000000,25.780245,-0.539554,-0.539524,14.421890,913,0.037410,0.004826,83447,34009,18675,11708,8251,6027,4573,3567,30356,1,1,1,1
22.3500,9104,1,1,100457,1,192350,0.522264,2,3,25,77,16452178,27.48944,0.00129,2.37956,0.00335,0,0,3,1.835529,1.473128,1.473128,-0.000543,-0.000476,14.960909,15027,0.000032,0.076473,79778,32668,18114,11326,7574,5723,4269,3402,29495,1,1,1,1
22.4000,9104,1,1,100756,0,193201,0.521511,3,12,16,47,715557,27.52408,0.00129,2.37956,0.00335,1,1,2,1.410476,1.000000,6.270926,-0.017944,-0.017906,14.943555,14571,0.001198,0.074238,80438,32834,17723,11439,7819,5716,4449,3400,29382,1,1,1,1
23.0000,9104,1,1,102455,1,196860,0.520449,3,141,141,141,105297,27.94001,0.00129,2.37956,0.00335,0,0,3,1.619521,1.373500,1.373500,-0.225826,-0.225773,14.735577,9109,0.015322,0.047065,81673,33646,18587,11599,7982,5858,4466,3409,29639,1,1,1,1
23.9000,9104,1,1,104526,0,200934,0.520203,7,2,10,16,367421,28.56380,0.00129,2.37956,0.00335,1,1,3,1.374529,1.000000,1.265904,-0.537716,-0.537681,14.423758,914,0.037277,0.004825,83269,34566,18598,11681,8248,5937,4588,3560,30486,1,1,1,1
22.3500,9116,1,1,100640,0,193120,0.521129,2,149,149,149,63725,27.48596,0.00241,2.37723,0.00426,1,1,2,1.411840,1.000000,74.362104,-0.001924,-0.001887,14.959577,15043,0.000126,0.076460,80209,32919,17940,11464,7839,5718,4368,3425,29237,1,1,1,1
22.4000,9116,1,1,100648,0,193127,0.521152,2,2,3,107,355167,27.52063,0.00241,2.37723,0.00426,1,1,2,1.398245,1.000000,1.475426,-0.019044,-0.019008,14.942478,14587,0.001272,0.074227,80148,32808,18043,11335,7849,5754,4346,3537,29306,1,1,1,1
23.0000,9116,1,1,102312,0,195948,0.522141,23,5,23,34,2397179,27.93655,0.00241,2.37723,0.00426,1,1,2,1.402768,1.000000,2.808813,-0.227040,-0.227003,14.734452,9119,0.015406,0.047058,81295,33230,18188,11606,7914,5814,4447,3545,29908,1,1,1,1
23.9000,9116,1,1,104273,1,200717,0.519505,2,17,17,225,197203,28.56035,0.00241,2.37723,0.00426,0,1,3,2.014898,1.675952,1.675952,-0.538913,-0.538836,14.422687,913,0.037360,0.004813,83305,34002,18768,11856,8233,5765,4551,3550,30686,1,1,1,1
22.3500,9128,1,1,100593,1,192856,0.521599,3,12,21,1392,48893,27.48603,0.00137,2.38164,0.00378,0,1,3,4.965271,4.528518,4.528518,-0.002241,-0.002066,14.959479,15062,0.000138,0.076457,79957,32825,18044,11365,7872,5620,4373,3415,29384,1,1,1,1
22.4000,9128,1,1,100734,0,193006,0.521924,2,1,41,53,170964,27.52073,0.00137,2.38164,0.00378,1,0,3,1.362977,1.000000,1.035354,-0.019511,-0.019477,14.942020,14604,0.001304,0.074219,79996,32569,18139,11302,7794,5800,4360,3490,29555,1,1,1,1
23.0000,9128,1,1,102775,1,196928,0.521894,1,9,11,64,444909,27.93664,0.00137,2.38164,0.00378,0,0,3,1.689223,1.248043,1.248043,-0.227470,-0.227412,14.734018,9129,0.015435,0.047049,81826,33419,18059,11677,8112,5950,4507,3581,29796,1,1,1,1
23.9000,9128,1,1,104793,1,201381,0.520374,3,31,236,236,250631,28.56045,0.00137,2.38164,0.00378,0,0,3,4.655294,4.366120,4.366120,-0.539451,-0.539282,14.421963,912,0.037393,0.004802,83689,34090,18991,11857,8099,5913,4528,3523,30690,1,1,1,1
22.3500,9140,1,1,101268,0,193845,0.522420,1,6,7,16,4285069,27.48420,0.00183,2.38463,0.00378,1,1,2,1.319499,1.000000,2.729751,-0.002954,-0.002924,14.958493,15082,0.000195,0.076463,80895,32882,17964,11323,7850,5693,4296,3544,29397,1,1,1,1
22.4000,9140,1,1,101272,0,193406,0.523627,1,9,9,1016,139865,27.51886,0.00183,2.38463,0.00378,1,1,2,1.191012,1.000000,2.084431,-0.020269,-0.020249,14.941109,14626,0.001355,0.074237,80337,32824,17836,11359,7913,5857,4395,3410,29474,1,1,1,1
23.0000,9140,1,1,102629,1,196605,0.522009,10,4,10,17,252549,27.93475,0.00183,2.38463,0.00378,0,1,3,2.549945,2.069478,2.069478,-0.228212,-0.228109,14.733055,9144,0.015483,0.047068,81611,33263,18433,11472,7903,5849,4492,3469,30112,1,1,1,1
23.9000,9140,1,1,104609,1,200888,0.520736,5,7,13,61,301902,28.55858,0.00183,2.38463,0.00378,0,1,3,2.798954,2.550729,2.550729,-0.540140,-0.540028,14.421515,916,0.037446,0.004817,83345,34021,18381,11835,8144,5976,4535,3533,31117,1,1,1,1
22.3500,9152,1,1,101129,1,193534,0.522541,1,4,315,315,437881,27.48081,0.00192,2.38073,0.00326,0,1,3,3.243591,2.548108,2.548108,-0.004587,-0.004458,14.956914,15106,0.000298,0.076492,80038,33079,18190,11377,7818,5797,4446,3343,29445,1,1,1,1
22.4000,9152,1,1,101306,0,194428,0.521049,2,4,8,49,297353,27.51542,0.00192,2.38073,0.00326,1,0,3,1.201975,1.000000,1.005775,-0.021842,-0.021821,14.939702,14649,0.001461,0.074264,80892,33262,18039,11444,7775,5644,4424,3424,29523,1,1,1,1
23.0000,9152,1,1,103303,1,197602,0.522786,1,308,308,308,60134,27.93137,0.00192,2.38073,0.00326,0,1,3,1.478498,1.123548,1.123548,-0.229818,-0.229775,14.731732,9158,0.015597,0.047082,81804,33890,18650,11523,7999,6040,4505,3543,29647,1,1,1,1
23.9000,9152,1,1,105618,0,202286,0.522125,1,142,322,322,193838,28.55514,0.00192,2.38073,0.00326,1,1,2,1.032868,1.000000,4.780020,-0.541787,-0.541784,14.419387,921,0.037573,0.004838,84181,34407,18788,12032,8162,5867,4654,3662,30532,1,1,1,1
22.3500,9164,1,1,101165,1,193742,0.522166,2,4,3245,3245,1155534,27.48262,0.00121,2.37395,0.00549,0,0,3,1.734641,1.361493,1.361493,-0.003987,-0.003927,14.957472,15123,0.000263,0.076475,80327,32865,18226,11429,7965,5811,4323,3351,29444,1,1,1,1
22.4000,9164,1,1,101793,1,194565,0.523185,1,2,8,46,486980,27.51726,0.00121,2.37395,0.00549,0,1,3,1.988597,1.517225,1.517225,-0.021314,-0.021239,14.940268,14665,0.001422,0.074244,80715,33174,18225,11352,7830,5836,4507,3506,29419,1,1,1,1
23.0000,9164,1,1,102860,0,197356,0.521193,3,6,14,29,1035044,27.93320,0.00121,2.37395,0.00549,1,1,2,1.263189,1.000000,1.998865,-0.229296,-0.229271,14.732124,9165,0.015563,0.047055,81687,33662,18254,11621,8119,6006,4477,3524,30005,1,1,1,1
23.9000,9164,1,1,105239,1,202124,0.520668,1,5,37,59,868330,28.55698,0.00121,2.37395,0.00549,0,1,3,4.030139,3.171266,3.171266,-0.541215,-0.541063,14.420465,918,0.037520,0.004815,83819,34335,18821,11995,8220,6028,4535,3574,30796,1,1,1,1
22.3500,9176,1,1,101712,0,194688,0.522439,9,2,2222,2222,113648,27.47951,0.00158,2.37793,0.00443,1,0,3,1.348201,1.000000,1.036498,-0.005326,-0.005293,14.956208,15144,0.000354,0.076488,80779,33245,18028,11453,7935,5899,4441,3506,29401,1,1,1,1
22.4000,9176,1,1,100825,1,193751,0.520387,1,22,22,22,7460915,27.51418,0.00158,2.37793,0.00443,0,1,3,8.705112,7.633720,7.633720,-0.022775,-0.022539,14.938760,14685,0.001509,0.074256,80317,33233,17801,11351,7823,5706,4334,3323,29862,1,1,1,1
23.0000,9176,1,1,102904,0,197669,0.520590,14,16,40,107,1981308,27.93010,0.00158,2.37793,0.00443,1,1,2,1.188465,1.000000,3.410379,-0.230690,-0.230671,14.730854,9179,0.015659,0.047069,82040,33561,18443,11555,8039,5952,4535,3516,30027,1,1,1,1
23.9000,9176,1,1,105230,0,202153,0.520549,1,1,15,12215,134264,28.55390,0.00158,2.37793,0.00443,1,1,3,1.331209,1.000000,1.073827,-0.542526,-0.542495,14.418927,926,0.037624,0.004851,83687,34305,18887,12020,8312,5995,4467,3669,30810,1,1,1,1
22.3500,9188,1,1,101386,0,194292,0.521826,1,8,8,317,471202,27.48324,0.00128,2.37712,0.00433,1,1,2,1.381284,1.000000,4.102481,-0.003672,-0.003637,14.957807,15160,0.000243,0.076460,80712,33002,18135,11366,7877,5786,4435,3518,29460,1,1,1,1
22.4000,9188,1,1,101462,0,194347,0.522069,1,3,6,29,499743,27.51794,0.00128,2.37712,0.00433,1,0,3,1.228761,1.000000,1.170881,-0.020951,-0.020928,14.940592,14700,0.001401,0.074226,80769,32690,18014,11382,7952,5886,4436,3435,29782,1,1,1,1
23.0000,9188,1,1,103123,1,198140,0.520458,5,76,174,174,147924,27.93384,0.00128,2.37712,0.00433,0,1,3,12.552408,12.249388,12.249388,-0.229035,-0.228760,14.732316,9187,0.015528,0.047044,82247,33604,18628,11674,7894,5903,4590,3519,30080,1,1,1,1
23.9000,9188,1,1,105482,0,202534,0.520814,1,249,249,249,402225,28.55766,0.00128,2.37712,0.00433,1,1,2,1.375039,1.000000,111.665898,-0.541064,-0.541029,14.420465,919,0.037518,0.004808,83941,34424,18885,11904,8103,6070,4663,3599,30944,1,1,1,1
22.3500,9200,1,1,101748,0,194919,0.522004,3,25,36,279,210727,27.47563,0.00121,2.37541,0.00354,1,1,2,1.410857,1.000000,12.797349,-0.007635,-0.007598,14.953865,15185,0.000508,0.076507,80981,33209,18103,11480,7885,5848,4396,3492,29524,1,1,1,1
22.4000,9200,1,1,101602,0,195195,0.520518,2,16,22,332,3267489,27.51029,0.00121,2.37541,0.00354,1,0,2,1.102928,1.000000,1.790294,-0.024857,-0.024846,14.936689,14721,0.001663,0.074254,80931,33419,18252,11474,7837,5793,4534,3569,29385,1,1,1,1
23.0000,9200,1,1,102896,0,197371,0.521336,11,4,37,37,207251,27.92618,0.00121,2.37541,0.00354,1,1,3,1.237252,1.000000,1.137670,-0.232776,-0.232753,14.728631,9201,0.015803,0.047066,81833,33212,18429,11620,8170,5806,4490,3554,30256,1,1,1,1
23.9000,9200,1,1,105823,1,203039,0.521198,1,13,13,59,2244617,28.55001,0.00121,2.37541,0.00354,0,1,3,1.611135,1.437956,1.437956,-0.544706,-0.544654,14.416879,922,0.037779,0.004818,84247,34468,18961,11889,8084,6146,4656,3650,30937,1,1,1,1
22.3500,9212,1,1,101473,1,194774,0.520981,1,8,8,22,328449,27.47924,0.00120,2.38030,0.00564,0,1,3,4.672951,3.841781,3.841781,-0.005750,-0.005582,14.955946,15197,0.000373,0.076457,80905,33021,18201,11570,7828,5753,4432,3485,29578,1,1,1,1
22.4000,9212,1,1,102117,1,195181,0.523194,1,37,37,65,307302,27.51385,0.00120,2.38030,0.00564,0,1,3,10.475087,9.754403,9.754403,-0.023106,-0.022851,14.938364,14737,0.001530,0.074230,80914,33180,18549,11382,7840,5695,4482,3507,29631,1,1,1,1
23.0000,9212,1,1,103226,0,198328,0.520484,1,16,16,16,102405,27.92980,0.00120,2.38030,0.00564,1,1,2,1.109452,1.000000,1.927446,-0.230992,-0.230981,14.730321,9209,0.015681,0.047040,82180,33703,18383,11761,8078,5833,4539,3590,30260,1,1,1,1
23.9000,9212,1,1,105740,0,203307,0.520103,2,2,60,60,127189,28.55358,0.00120,2.38030,0.00564,1,1,3,1.413287,1.000000,1.280196,-0.542855,-0.542818,14.418658,919,0.037647,0.004796,84411,34459,18828,11991,8604,5985,4573,3554,30901,1,1,1,1
22.3500,9224,1,1,101449,1,195057,0.520102,1,2,15,61,70497,27.48136,0.00187,2.38034,0.00380,0,0,3,2.320311,1.735768,1.735768,-0.004296,-0.004205,14.957221,15228,0.000281,0.076506,80998,33045,18233,11565,7931,5669,4555,3508,29552,1,1,1,1
22.4000,9224,1,1,101757,1,195994,0.519187,1,56,56,68,1036112,27.51600,0.00187,2.38034,0.00380,0,0,3,6.564398,5.996381,5.996381,-0.021686,-0.021482,14.939805,14764,0.001438,0.074262,81392,33287,18642,11431,7867,5910,4438,3442,29584,1,1,1,1
23.0000,9224,1,1,103238,0,198230,0.520802,2,25,124,124,1557199,27.93194,0.00187,2.38034,0.00380,1,0,2,1.045713,1.000000,1.298441,-0.229566,-0.229561,14.731980,9239,0.015583,0.047127,82326,33564,18540,11575,7985,5992,4614,3376,30257,1,1,1,1
23.9000,9224,1,1,105777,1,203067,0.520900,4,9,256,256,642090,28.55572,0.00187,2.38034,0.00380,0,1,3,6.722523,5.043358,5.043358,-0.541536,-0.541330,14.420204,928,0.037540,0.004836,84062,34509,18924,12015,8211,6106,4653,3613,30973,1,1,1,1
22.3500,9236,1,1,101829,1,195225,0.521601,1,4,43,43,137097,27.47717,0.00213,2.37981,0.00396,0,1,3,3.461835,2.572279,2.572279,-0.006270,-0.006135,14.955404,15241,0.000410,0.076482,80837,33020,18412,11485,7976,5783,4443,3525,29743,1,1,1,1
22.4000,9236,1,1,101768,0,194915,0.522117,1,4,23,168,146958,27.51185,0.00213,2.37981,0.00396,1,1,2,1.350298,1.000000,2.416299,-0.023602,-0.023570,14.937862,14779,0.001578,0.074250,80775,32923,18253,11375,7807,5827,4360,3580,30014,1,1,1,1
23.0000,9236,1,1,103585,1,198703,0.521308,2,8,8,26,5561528,27.92776,0.00213,2.37981,0.00396,0,0,3,2.544255,2.232902,2.232902,-0.231557,-0.231456,14.729872,9238,0.015713,0.047067,82527,33778,18317,11540,8125,6054,4595,3473,30293,1,1,1,1
23.9000,9236,1,1,105909,1,203737,0.519834,5,14,65,4856,253716,28.55157,0.00213,2.37981,0.00396,0,1,3,7.522797,6.383732,6.383732,-0.543516,-0.543297,14.418246,925,0.037681,0.004815,84534,34711,18997,11895,8218,6162,4706,3507,31006,1,1,1,1
22.3500,9248,1,1,102305,1,195715,0.522727,1,1,14,28,104183,27.47265,0.00230,2.37263,0.00455,0,0,3,1.465706,1.087409,1.087409,-0.008382,-0.008340,14.953090,15265,0.000558,0.076514,81433,33187,17944,11589,7943,5813,4402,3553,29850,1,1,1,1
22.4000,9248,1,1,102579,1,196366,0.522389,1,1,12,35,307699,27.50735,0.00230,2.37263,0.00455,0,0,3,1.498516,1.147496,1.147496,-0.025733,-0.025689,14.935724,14802,0.001720,0.074280,81720,33569,18233,11386,7894,5832,4367,3489,29875,1,1,1,1
23.0000,9248,1,1,103494,0,198812,0.520565,2,3,13,81,269582,27.92325,0.00230,2.37263,0.00455,1,0,2,1.318654,1.000000,1.456085,-0.233701,-0.233671,14.727837,9257,0.015866,0.047110,82239,33866,18721,11604,8238,5917,4463,3473,30290,1,1,1,1
23.9000,9248,1,1,106391,1,204326,0.520695,1,3,15,88,475463,28.54707,0.00230,2.37263,0.00455,0,1,3,2.123400,1.690340,1.690340,-0.545618,-0.545536,14.415981,930,0.037842,0.004835,84877,34987,19006,11948,8231,5995,4662,3638,30981,1,1,1,1
22.3500,9260,1,1,102986,0,196700,0.523572,2,44,44,44,209601,27.47141,0.00120,2.37471,0.00322,1,1,2,1.188636,1.000000,9.278269,-0.009731,-0.009712,14.951814,15285,0.000650,0.076522,81985,33477,18348,11466,7932,5905,4447,3570,29569,1,1,1,1
22.4000,9260,1,1,102243,1,195828,0.522109,1,1,110,110,563272,27.50606,0.00120,2.37471,0.00322,0,0,3,1.604738,1.138379,1.138379,-0.026946,-0.026895,14.934568,14821,0.001801,0.074285,81225,33217,18224,11524,7969,5799,4545,3531,29793,1,1,1,1
23.0000,9260,1,1,103944,0,199473,0.521096,2,3,23,72,230479,27.92195,0.00120,2.37471,0.00322,1,0,2,1.296528,1.000000,1.341186,-0.234899,-0.234871,14.726640,9265,0.015949,0.047093,82590,33778,18614,11877,8095,6011,4562,3634,30311,1,1,1,1
23.9000,9260,1,1,106592,0,204581,0.521028,3,25,72,72,13771760,28.54579,0.00120,2.37471,0.00322,1,1,2,1.116573,1.000000,3.199690,-0.546862,-0.546850,14.414460,934,0.037938,0.004850,84911,34743,19084,12021,8419,6107,4631,3738,30926,1,1,1,1
22.3500,9272,1,1,102062,0,196280,0.519984,1,2,17,338,243338,27.47167,0.00127,2.37073,0.00386,1,0,3,1.350696,1.000000,1.138039,-0.009434,-0.009402,14.952100,15303,0.000629,0.076511,81452,33469,18123,11587,7957,5857,4349,3526,29959,1,1,1,1
22.4000,9272,1,1,102372,0,196813,0.520151,1,3,13,31,461593,27.50628,0.00127,2.37073,0.00386,1,1,3,1.110436,1.000000,1.045932,-0.026734,-0.026723,14.934521,14839,0.001789,0.074279,81902,33451,18261,11813,7908,5745,4536,3493,29703,1,1,1,1
23.0000,9272,1,1,104455,1,199943,0.522427,2,5,470,470,42500,27.92223,0.00127,2.37073,0.00386,0,0,3,2.334602,1.984825,1.984825,-0.234744,-0.234652,14.726701,9279,0.015934,0.047103,83195,34033,18563,11579,8131,5924,4626,3562,30329,1,1,1,1
23.9000,9272,1,1,106384,0,204586,0.519999,1,36,36,250,2862507,28.54600,0.00127,2.37073,0.00386,1,1,3,1.027126,1.000000,1.076861,-0.546595,-0.546592,14.414565,931,0.037919,0.004828,85028,34659,18923,12184,8266,6159,4646,3685,31035,1,1,1,1
22.3500,9284,1,1,102035,1,196029,0.520512,1,2,10,36,154009,27.47648,0.00142,2.36979,0.00458,0,1,3,1.202901,1.117471,1.117471,-0.006935,-0.006915,14.954624,15320,0.000462,0.076485,81362,33117,18121,11597,7860,5958,4486,3598,29929,1,1,1,1
22.4000,9284,1,1,102801,1,197233,0.521219,1,37,483,483,3391943,27.51112,0.00142,2.36979,0.00458,0,1,3,17.694702,15.573516,15.573516,-0.024401,-0.024092,14.937453,14858,0.001613,0.074263,82002,33700,18210,11579,8022,5880,4553,3513,29773,1,1,1,1
23.0000,9284,1,1,104220,0,200052,0.520967,1,4,9,23,963140,27.92706,0.00142,2.36979,0.00458,1,1,2,1.391894,1.000000,2.495913,-0.232269,-0.232233,14.729218,9285,0.015767,0.047064,83222,33739,18492,11830,8272,5951,4539,3674,30332,1,1,1,1
23.9000,9284,1,1,106474,0,204869,0.519720,1,7,50,56,28848269,28.55084,0.00142,2.36979,0.00458,1,0,2,1.215916,1.000000,2.058445,-0.544152,-0.544131,14.417392,930,0.037741,0.004816,85121,34740,19006,12188,8317,6067,4695,3674,31060,1,1,1,1
22.3500,9296,1,1,102329,1,196652,0.520358,2,3,10,66,5462734,27.47226,0.00257,2.36837,0.00390,0,0,3,1.593402,1.294946,1.294946,-0.008464,-0.008414,14.952969,15340,0.000563,0.076494,81506,33714,18339,11405,8149,5915,4503,3401,29719,1,1,1,1
22.4000,9296,1,1,102792,0,197120,0.521472,1,43,43,43,945729,27.50693,0.00257,2.36837,0.00390,1,1,2,1.047065,1.000000,2.183988,-0.025827,-0.025822,14.935395,14876,0.001729,0.074268,81722,33805,18430,11374,7976,5781,4474,3517,30040,1,1,1,1
23.0000,9296,1,1,104492,0,199762,0.523085,1,2,14,23,236296,27.92285,0.00257,2.36837,0.00390,1,0,3,1.287900,1.000000,1.151443,-0.233752,-0.233725,14.727788,9297,0.015870,0.047069,82932,33979,18598,11657,8010,5908,4562,3473,30642,1,1,1,1
23.9000,9296,1,1,106441,1,204294,0.521021,2,16,16,17,1009348,28.54665,0.00257,2.36837,0.00390,0,1,3,4.274761,3.888973,3.888973,-0.545719,-0.545563,14.415729,931,0.037845,0.004816,84523,34660,18879,12095,8287,6240,4693,3683,31233,1,1,1,1
22.3500,9308,1,1,102308,0,196268,0.521269,1,7,11,41,15404334,27.48294,0.00261,2.36860,0.00356,1,1,2,1.401105,1.000000,4.020867,-0.003155,-0.003119,14.958368,15362,0.000208,0.076477,81234,33483,18176,11566,7856,5829,4490,3479,30154,1,1,1,1
22.4000,9308,1,1,102395,1,197063,0.519608,5,3,53,55,1876377,27.51764,0.00261,2.36860,0.00356,0,0,3,1.763470,1.610308,1.610308,-0.020454,-0.020393,14.940897,14896,0.001365,0.074244,81399,33601,18273,11701,7938,5948,4527,3571,30104,1,1,1,1
23.0000,9308,1,1,104367,1,200577,0.520336,2,6,13,51,382811,27.93354,0.00261,2.36860,0.00356,0,1,3,3.028059,2.587785,2.587785,-0.228434,-0.228315,14.733220,9311,0.015497,0.047062,83403,34306,18464,11694,7983,6093,4561,3658,30414,1,1,1,1
23.9000,9308,1,1,106700,0,205521,0.519171,3,7,8,68,642132,28.55736,0.00261,2.36860,0.00356,1,0,3,1.124104,1.000000,1.015126,-0.540292,-0.540279,14.421254,934,0.037464,0.004823,85368,35069,18918,12047,8317,6136,4733,3653,31279,1,1,1,1
22.3500,9320,1,1,102839,1,196977,0.522089,2,28,28,95,217196,27.48196,0.00195,2.37276,0.00389,0,1,3,9.566694,8.859628,8.859628,-0.004075,-0.003833,14.957352,15379,0.000256,0.076469,81293,33921,18114,11848,8093,5728,4485,3531,29963,1,1,1,1
22.4000,9320,1,1,103031,1,197569,0.521496,1,58,58,122,113733,27.51662,0.00195,2.37276,0.00389,0,1,3,4.924817,4.287187,4.287187,-0.021365,-0.021194,14.940337,14913,0.001419,0.074236,81790,33646,18500,11549,8012,5858,4556,3505,30152,1,1,1,1
23.0000,9320,1,1,104784,0,200991,0.521339,1,6,20,213,36688391,27.93250,0.00195,2.37276,0.00389,1,1,2,1.385411,1.000000,3.407148,-0.229297,-0.229262,14.732187,9321,0.015562,0.047055,83427,34304,18635,11832,8174,6017,4675,3484,30442,1,1,1,1
23.9000,9320,1,1,107057,1,205890,0.519974,2,3,116,116,1389427,28.55634,0.00195,2.37276,0.00389,0,1,3,1.953797,1.618221,1.618221,-0.541173,-0.541101,14.420439,933,0.037523,0.004812,85560,34915,19249,11942,8433,6122,4724,3719,31225,1,1,1,1
22.3500,9332,1,1,102346,0,196360,0.521219,1,2,21,168,435684,27.48195,0.00214,2.36859,0.00467,1,1,2,1.411779,1.000000,1.676954,-0.003880,-0.003844,14.957623,15397,0.000257,0.076458,80949,33296,18552,11697,8015,5683,4554,3476,30137,1,1,1,1
22.4000,9332,1,1,102822,0,197474,0.520689,4,5,10,51,194035,27.51656,0.00214,2.36859,0.00467,1,1,2,1.413217,1.000000,2.836097,-0.021215,-0.021178,14.940299,14932,0.001418,0.074235,81971,33381,18428,11617,8023,5875,4510,3568,30100,1,1,1,1
23.0000,9332,1,1,105090,0,201275,0.522124,4,3,5,199,283747,27.93251,0.00214,2.36859,0.00467,1,1,2,1.399323,1.000000,1.761521,-0.229164,-0.229128,14.732360,9331,0.015553,0.047044,83535,34246,18833,11886,8122,5896,4644,3642,30470,1,1,1,1
23.9000,9332,1,1,107126,0,205845,0.520423,2,270,270,270,2977773,28.55628,0.00214,2.36859,0.00467,1,1,2,1.134258,1.000000,38.779594,-0.541216,-0.541203,14.420330,933,0.037531,0.004806,85110,35166,19130,12254,8377,6179,4659,3703,31266,1,1,1,1
22.3500,9344,1,1,102590,0,197774,0.518726,1,5,19,22,665020,27.48207,0.00164,2.36781,0.00366,1,0,2,1.254853,1.000000,1.741155,-0.004055,-0.004031,14.957488,15423,0.000269,0.076490,82109,33525,18368,11535,8138,6003,4516,3579,30000,1,1,1,1
22.4000,9344,1,1,102911,1,197638,0.520707,1,5,857,857,510227,27.51671,0.00164,2.36781,0.00366,0,1,3,3.488077,2.775784,2.775784,-0.021401,-0.021268,14.940261,14956,0.001424,0.074259,82069,33636,18182,11592,8029,5906,4423,3515,30285,1,1,1,1
23.0000,9344,1,1,104974,0,201312,0.521452,14,2,4236,4236,1570176,27.93265,0.00164,2.36781,0.00366,1,1,3,1.413580,1.000000,1.315350,-0.229326,-0.229289,14.732181,9349,0.015564,0.047075,83623,34028,18739,12000,8299,5949,4500,3480,30693,1,1,1,1
23.9000,9344,1,1,107560,0,206095,0.521898,1,2,13,32,1111394,28.55643,0.00164,2.36781,0.00366,1,1,2,1.413435,1.000000,1.599718,-0.541232,-0.541195,14.420275,940,0.037530,0.004836,85603,35007,19132,12222,8207,6140,4576,3718,31489,1,1,1,1
22.3500,9356,1,1,103542,0,198283,0.522196,1,3,6,48,26706908,27.48413,0.00248,2.37016,0.00406,1,1,2,1.414073,1.000000,2.335652,-0.002607,-0.002570,14.958905,15441,0.000172,0.076473,82667,33746,18176,11694,8010,5916,4433,3493,30147,1,1,1,1
22.4000,9356,1,1,103288,0,197853,0.522047,1,36,353,353,945691,27.51880,0.00248,2.37016,0.00406,1,1,2,1.414065,1.000000,18.642921,-0.020055,-0.020018,14.941457,14971,0.001340,0.074232,81891,33508,18462,11734,8083,5959,4498,3501,30216,1,1,1,1
23.0000,9356,1,1,104702,0,201188,0.520421,1,5,42,60,711839,27.93472,0.00248,2.37016,0.00406,1,1,2,1.185858,1.000000,1.305923,-0.227872,-0.227853,14.733508,9357,0.015465,0.047051,83494,34040,18686,11771,8041,6057,4679,3733,30686,1,1,1,1
23.9000,9356,1,1,107329,1,206686,0.519288,6,164,164,164,175020,28.55852,0.00248,2.37016,0.00406,0,1,3,5.158316,4.976031,4.976031,-0.539845,-0.539670,14.421874,937,0.037420,0.004813,85861,35048,19378,12280,8223,6105,4858,3802,31130,1,1,1,1
22.3500,9368,1,1,103420,0,198099,0.522065,4,30,30,30,373211,27.48352,0.00165,2.36174,0.00413,1,0,2,1.109566,1.000000,3.580884,-0.003337,-0.003326,14.958210,15459,0.000222,0.076468,82130,33749,18470,11610,8031,5915,4390,3628,30175,1,1,1,1
22.4000,9368,1,1,103537,1,198574,0.521405,1,19,19,277,183881,27.51822,0.00165,2.36174,0.00413,0,1,3,2.434669,1.873063,1.853252,-0.020651,-0.020556,14.940858,14990,0.001376,0.074234,82681,33671,18426,11534,8043,5947,4527,3524,30220,1,1,1,1
23.0000,9368,1,1,105053,1,201874,0.520392,1,3,19171,19171,438989,27.93412,0.00165,2.36174,0.00413,0,1,3,1.174966,1.073347,1.073347,-0.228574,-0.228557,14.732981,9370,0.015513,0.047057,83840,34448,18720,11659,8270,6041,4604,3568,30723,1,1,1,1
23.9000,9368,1,1,107902,0,206733,0.521941,1,4,46,46,788483,28.55794,0.00165,2.36174,0.00413,1,0,3,1.220313,1.000000,1.206059,-0.540489,-0.540468,14.421055,938,0.037478,0.004813,86066,34806,19254,12217,8374,6101,4600,3723,31591,1,1,1,1
22.3500,9380,1,1,103971,1,198110,0.524817,2,375,375,2030,1244439,27.48339,0.00222,2.36276,0.00471,0,1,3,2.186929,1.629792,1.486097,-0.003120,-0.003037,14.958468,15474,0.000203,0.076443,82075,33569,18478,11567,8106,6082,4534,3524,30174,1,1,1,1
22.4000,9380,1,1,103750,0,199074,0.521166,1,13,13,392,3923447,27.51805,0.00222,2.36276,0.00471,1,1,2,1.122903,1.000000,1.899275,-0.020461,-0.020449,14.941086,15005,0.001369,0.074212,82430,34015,18569,11766,8272,5854,4418,3507,30242,1,1,1,1
23.0000,9380,1,1,105581,1,202246,0.522045,1,8,16,31,485224,27.93394,0.00222,2.36276,0.00471,0,1,3,1.700481,1.209606,1.078338,-0.228374,-0.228317,14.733145,9377,0.015497,0.047032,83890,34205,18889,11771,8393,6086,4751,3581,30679,1,1,1,1
23.9000,9380,1,1,107557,1,206853,0.519971,1,8,75,75,181938,28.55777,0.00222,2.36276,0.00471,0,0,3,3.183189,2.575438,2.575438,-0.540339,-0.540216,14.421172,935,0.037460,0.004791,85950,34894,19267,12104,8517,6150,4776,3640,31554,1,1,1,1
22.3500,9392,1,1,103829,1,198956,0.521872,3,1,5,197,206542,27.47677,0.00162,2.36249,0.00359,0,0,3,1.230343,1.018938,1.018938,-0.006698,-0.006676,14.954698,15502,0.000446,0.076503,82503,33877,18475,11791,8132,5941,4631,3562,30043,1,1,1,1
22.4000,9392,1,1,104301,1,199640,0.522448,6,31,31,31,198223,27.51138,0.00162,2.36249,0.00359,0,1,3,4.627480,3.822190,3.822190,-0.024079,-0.023916,14.937609,15033,0.001601,0.074273,83096,34066,18611,11634,8081,5931,4519,3493,30208,1,1,1,1
23.0000,9392,1,1,105095,1,202331,0.519424,4,5,417,483,777281,27.92733,0.00162,2.36249,0.00359,0,1,3,2.789870,2.408030,2.408030,-0.232029,-0.231919,14.729349,9397,0.015745,0.047084,84136,34430,18857,12016,8079,5788,4598,3627,30799,1,1,1,1
23.9000,9392,1,1,107952,0,207233,0.520923,1,6,23,59,7307082,28.55110,0.00162,2.36249,0.00359,1,1,3,1.123598,1.000000,1.023770,-0.543867,-0.543854,14.417466,947,0.037722,0.004848,85918,35356,19170,12161,8383,6239,4776,3707,31522,1,1,1,1
22.3500,9404,1,1,103411,1,198742,0.520330,1,7,64,64,1143261,27.47740,0.00183,2.35867,0.00372,0,0,3,2.265343,1.674580,1.674580,-0.006292,-0.006205,14.955231,15518,0.000415,0.076481,82448,33574,18414,11799,8058,5927,4661,3651,30209,1,1,1,1
22.4000,9404,1,1,103967,1,199484,0.521182,5,2,7,290,244472,27.51204,0.00183,2.35867,0.00372,0,1,3,1.864125,1.396582,1.396582,-0.023605,-0.023538,14.937968,15048,0.001576,0.074251,82921,33806,18485,11857,8057,5957,4631,3504,30265,1,1,1,1
23.0000,9404,1,1,105677,1,202721,0.521295,2,1,15,29,572060,27.92797,0.00183,2.35867,0.00372,0,0,3,1.314670,1.080527,1.080527,-0.231552,-0.231522,14.729857,9405,0.015718,0.047062,83821,34591,19300,11974,8101,5948,4627,3517,30841,1,1,1,1
23.9000,9404,1,1,107943,1,207327,0.520644,1,3,6,44,731299,28.55176,0.00183,2.35867,0.00372,0,1,3,2.394840,1.884164,1.884164,-0.543481,-0.543388,14.417985,942,0.037688,0.004816,86114,34987,19355,12101,8474,6204,4785,3665,31641,1,1,1,1
22.3500,9416,1,1,103655,1,198693,0.521687,1,4,4,25,628092,27.48111,0.00178,2.36764,0.00568,0,0,3,2.701892,2.178748,2.178748,-0.004461,-0.004355,14.957035,15540,0.000291,0.076483,82249,33665,18458,11701,8096,6033,4499,3624,30367,1,1,1,1
22.4000,9416,1,1,103869,1,199479,0.520704,26,5,67,67,1052603,27.51578,0.00178,2.36764,0.00568,0,1,3,1.563967,1.372079,1.372079,-0.021773,-0.021726,14.939807,15068,0.001454,0.074245,82569,33894,18655,11697,8140,6080,4560,3648,30235,1,1,1,1
23.0000,9416,1,1,105801,1,202643,0.522108,2,2,5,61,110437,27.93170,0.00178,2.36764,0.00568,0,0,3,1.404482,1.106723,1.106723,-0.229721,-0.229685,14.731718,9418,0.015591,0.047061,83729,34502,18841,12025,8296,6057,4711,3612,30869,1,1,1,1
23.9000,9416,1,1,108023,1,207331,0.521020,3,45,45,535,556766,28.55550,0.00178,2.36764,0.00568,0,0,3,2.425076,2.162051,2.162051,-0.541658,-0.541564,14.419756,943,0.037557,0.004814,85712,35024,19401,12366,8534,6164,4828,3731,31570,1,1,1,1
22.3500,9428,1,1,104383,1,199953,0.522040,7,3,29,151,174607,27.48692,0.00140,2.37143,0.00353,0,0,3,1.306433,1.189391,1.189391,-0.001696,-0.001668,14.959630,15555,0.000111,0.076446,83066,34000,18801,11792,8055,5876,4554,3530,30278,1,1,1,1
22.4000,9428,1,1,104163,1,199013,0.523401,1,11,22,3471,816527,27.52162,0.00140,2.37143,0.00353,0,1,3,6.648626,5.481663,5.481663,-0.019129,-0.018928,14.942384,15082,0.001267,0.074207,82184,33990,18580,11773,8056,5851,4539,3581,30458,1,1,1,1
23.0000,9428,1,1,105838,0,203173,0.520928,1,7,9,81,500914,27.93753,0.00140,2.37143,0.00353,1,1,2,1.339783,1.000000,3.346732,-0.227055,-0.227024,14.734482,9425,0.015408,0.047028,84256,34680,18643,11981,8267,6040,4646,3788,30871,1,1,1,1
23.9000,9428,1,1,108598,0,208406,0.521091,5,2,6,49,172785,28.56134,0.00140,2.37143,0.00353,1,1,3,1.411788,1.000000,1.175754,-0.538908,-0.538871,14.422610,940,0.037363,0.004792,86469,35217,19741,12315,8487,6200,4704,3646,31626,1,1,1,1
22.3500,9440,1,1,103964,0,199622,0.520807,1,1,4,86,6485912,27.48820,0.00125,2.37756,0.00344,1,1,3,1.406081,1.000000,1.191220,-0.001188,-0.001152,14.960311,15579,0.000077,0.076463,82517,34193,18510,11802,8174,5858,4631,3595,30341,1,1,1,1
22.4000,9440,1,1,104261,1,199871,0.521644,7,6,7,28,214814,27.52286,0.00125,2.37756,0.00344,0,1,3,2.526210,2.299152,2.299152,-0.018556,-0.018458,14.942768,15107,0.001235,0.074234,82928,33944,18681,11640,8035,6002,4543,3624,30473,1,1,1,1
23.0000,9440,1,1,105686,0,203591,0.519112,1,14,22,1051,350833,27.93874,0.00125,2.37756,0.00344,1,1,2,1.253155,1.000000,4.448981,-0.226535,-0.226511,14.734886,9444,0.015372,0.047061,84930,34432,18939,11747,8310,6088,4606,3689,30849,1,1,1,1
23.9000,9440,1,1,108391,1,208115,0.520825,1,3,6,168,119981,28.56258,0.00125,2.37756,0.00344,0,1,3,1.997347,1.695820,1.695820,-0.538399,-0.538326,14.423209,948,0.037324,0.004826,86240,35362,19522,12111,8300,6139,4815,3724,31901,1,1,1,1
22.3500,9452,1,1,104182,0,199686,0.521732,1,24,24,294,1494015,27.48717,0.00216,2.37842,0.00452,1,1,2,1.111251,1.000000,2.972844,-0.001285,-0.001274,14.960038,15598,0.000085,0.076461,82926,33956,18441,11852,7938,6003,4568,3456,30545,1,1,1,1
22.4000,9452,1,1,103606,0,199512,0.519300,14,2,25,38,315752,27.52179,0.00216,2.37842,0.00452,1,1,3,1.394579,1.000000,1.341942,-0.018549,-0.018514,14.942942,15125,0.001239,0.074227,82455,33872,18608,11677,8214,5938,4629,3553,30565,1,1,1,1
23.0000,9452,1,1,106216,0,203443,0.522095,1,8,8,69,402394,27.93773,0.00216,2.37842,0.00452,1,1,2,1.403522,1.000000,4.550976,-0.226588,-0.226552,14.734936,9454,0.015375,0.047051,84317,34694,18817,11977,8307,6033,4595,3649,31053,1,1,1,1
23.9000,9452,1,1,108536,0,208542,0.520454,1,39,53,53,448206,28.56151,0.00216,2.37842,0.00452,1,1,2,1.087033,1.000000,3.685265,-0.538463,-0.538454,14.422832,947,0.037333,0.004815,86491,35520,19404,12219,8396,6183,4715,3770,31843,1,1,1,1
22.3500,9464,1,1,104754,0,200567,0.522292,4,4,112,911,531453,27.49085,0.00255,2.38445,0.00372,1,1,2,1.271323,1.000000,1.440597,0.000803,0.000828,14.962233,15618,-0.000055,0.076450,83140,34418,18755,11723,8241,5934,4575,3494,30286,1,1,1,1
22.4000,9464,1,1,104202,0,200031,0.520932,1,3,11,133,487073,27.52549,0.00255,2.38445,0.00372,1,1,2,1.392417,1.000000,2.167005,-0.016540,-0.016505,14.944988,15142,0.001104,0.074206,83075,33806,18465,11611,8211,5938,4734,3667,30523,1,1,1,1
23.0000,9464,1,1,106469,1,203576,0.522996,1,6,213,2719,240699,27.94143,0.00255,2.38445,0.00372,0,1,3,3.399370,2.990538,2.990538,-0.224523,-0.224394,14.737154,9463,0.015226,0.047029,84434,34805,19000,11880,8182,6075,4664,3637,30898,1,1,1,1
23.9000,9464,1,1,108717,1,208805,0.520665,3,65,677,677,506152,28.56521,0.00255,2.38445,0.00372,0,0,3,6.052195,5.808437,5.808437,-0.536453,-0.536263,14.424949,946,0.037176,0.004803,86467,35742,19229,12289,8497,6394,4778,3682,31726,1,1,1,1
22.3500,9476,1,1,104540,0,200468,0.521482,1,3,36,36,191617,27.48995,0.00198,2.38007,0.00383,1,1,2,1.371485,1.000000,2.070872,0.000066,0.000099,14.961544,15637,-0.000007,0.076450,82990,34290,18807,11819,8065,6029,4516,3604,30347,1,1,1,1
22.4000,9476,1,1,104762,0,201080,0.520999,1,7,7,1130,278956,27.52462,0.00198,2.38007,0.00383,1,1,2,1.229190,1.000000,2.076913,-0.017271,-0.017249,14.944138,15168,0.001154,0.074243,83409,34425,18787,11859,8169,5973,4624,3635,30198,1,1,1,1
23.0000,9476,1,1,106334,0,203964,0.521340,1,169,169,169,144695,27.94054,0.00198,2.38007,0.00383,1,1,2,1.053908,1.000000,9.450827,-0.225310,-0.225305,14.735934,9477,0.015289,0.047043,84724,34563,18995,11917,8353,6064,4611,3627,31109,1,1,1,1
23.9000,9476,1,1,109142,0,209221,0.521661,3,3,250,250,1348643,28.56434,0.00198,2.38007,0.00383,1,1,3,1.284434,1.000000,1.180544,-0.537102,-0.537075,14.424335,949,0.037234,0.004813,86913,35562,19489,12356,8432,6299,4700,3691,31778,1,1,1,1
22.3500,9488,1,1,104686,0,200751,0.521474,1,13,68,87,1165499,27.49411,0.00232,2.37974,0.00491,1,1,2,1.175561,1.000000,2.747544,0.002315,0.002332,14.963692,15658,-0.000156,0.076445,83196,34176,18755,11802,8032,6001,4647,3648,30493,1,1,1,1
22.4000,9488,1,1,104671,1,201229,0.520161,49,37,49,51,258368,27.52881,0.00232,2.37974,0.00491,0,1,3,25.009162,18.561506,18.561506,-0.015136,-0.014797,14.945970,15182,0.000990,0.074209,83365,34112,18937,11989,8294,6007,4548,3650,30326,1,1,1,1
23.0000,9488,1,1,106197,1,204119,0.520273,1,1,66,66,466533,27.94471,0.00232,2.37974,0.00491,0,1,3,1.244703,1.034109,1.034109,-0.222932,-0.222909,14.738618,9489,0.015124,0.047034,84446,34490,19098,12046,8421,6158,4686,3714,31059,1,1,1,1
23.9000,9488,1,1,108908,0,209392,0.520118,4,291,291,291,681847,28.56853,0.00232,2.37974,0.00491,1,1,2,1.008346,1.000000,2.464423,-0.534890,-0.534889,14.426155,950,0.037078,0.004811,86970,35599,19300,12208,8553,6262,4955,3733,31811,1,1,1,1
22.3500,9500,1,1,104879,1,201638,0.520138,1,30,84,408,264142,27.50054,0.00199,2.38163,0.00445,0,1,3,1.903193,1.369678,1.190624,0.005352,0.005419,14.966914,15677,-0.000362,0.076424,83674,34456,18689,11926,8202,5942,4617,3542,30589,1,1,1,1
22.4000,9500,1,1,104969,1,201236,0.521624,2,7,7,73,317584,27.53519,0.00199,2.38163,0.00445,0,0,3,2.410580,2.098024,2.098024,-0.012008,-0.011915,14.949428,15199,0.000797,0.074181,83373,34280,18816,11791,8211,6047,4510,3705,30502,1,1,1,1
23.0000,9500,1,1,106824,0,204413,0.522592,1,9,42,64,1053705,27.95108,0.00199,2.38163,0.00445,1,1,2,1.184560,1.000000,2.026704,-0.219950,-0.219932,14.741433,9500,0.014919,0.047020,84736,34711,18901,12086,8407,6086,4720,3661,31104,1,1,1,1
23.9000,9500,1,1,109334,0,209470,0.521958,3,2,14,37,187037,28.57491,0.00199,2.38163,0.00445,1,0,3,1.335964,1.000000,1.306017,-0.531842,-0.531812,14.429696,949,0.036855,0.004799,86791,35351,19730,12385,8514,6273,4764,3707,31954,1,1,1,1
22.3500,9512,1,1,104986,0,201526,0.520958,1,6,44,50,541073,27.49536,0.00146,2.37449,0.00419,1,0,3,1.139205,1.000000,1.136372,0.002517,0.002531,14.964065,15692,-0.000169,0.076416,84046,34032,18649,11814,8235,5973,4567,3612,30597,1,1,1,1
22.4000,9512,1,1,104791,1,201317,0.520530,1,21,217,217,355737,27.52998,0.00146,2.37449,0.00419,0,1,3,4.685952,3.919474,3.919474,-0.014857,-0.014695,14.946833,15217,0.000983,0.074188,83553,33837,18662,12096,8200,6134,4569,3634,30631,1,1,1,1
23.0000,9512,1,1,106923,1,204630,0.522521,39,18,39,39,495816,27.94593,0.00146,2.37449,0.00419,0,0,3,1.799747,1.774449,1.774449,-0.222788,-0.222727,14.738375,9513,0.015112,0.047035,84652,34559,19279,12154,8370,6074,4716,3656,31169,1,1,1,1
23.9000,9512,1,1,109494,0,210016,0.521363,3,6,6,111,3208748,28.56970,0.00146,2.37449,0.00419,1,1,2,1.180262,1.000000,1.336736,-0.534660,-0.534643,14.426720,955,0.037059,0.004824,87148,35652,19730,12199,8585,6143,4750,3764,32044,1,1,1,1
22.3500,9524,1,1,105449,1,201580,0.523115,10,23,42,50,329595,27.50139,0.00198,2.38098,0.00435,0,1,3,4.009855,3.905388,3.905388,0.005737,0.005882,14.967033,15712,-0.000393,0.076401,83796,34023,18722,11789,8250,6159,4490,3678,30672,1,1,1,1
22.4000,9524,1,1,105278,0,202159,0.520771,1,30,51,737,552429,27.53603,0.00198,2.38098,0.00435,1,1,2,1.237227,1.000000,8.272031,-0.011625,-0.011602,14.949921,15236,0.000776,0.074172,83797,34583,18960,11868,8233,5985,4558,3577,30597,1,1,1,1
23.0000,9524,1,1,106826,0,204819,0.521565,1,6,14,253,259835,27.95196,0.00198,2.38098,0.00435,1,1,2,1.382245,1.000000,3.352692,-0.219543,-0.219509,14.741942,9522,0.014890,0.047009,85029,34472,18955,12111,8490,6133,4685,3667,31276,1,1,1,1
23.9000,9524,1,1,109709,1,210384,0.521473,1,7,8,157,1881254,28.57575,0.00198,2.38098,0.00435,0,1,3,1.414627,1.081126,1.081126,-0.531376,-0.531340,14.430173,951,0.036821,0.004796,87248,35676,19588,12379,8689,6210,4805,3837,31951,1,1,1,1
22.3500,9536,1,1,104814,0,201306,0.520673,1,2,91,115,940819,27.50304,0.00138,2.37243,0.00424,1,1,3,1.235142,1.000000,1.052800,0.006356,0.006378,14.967769,15736,-0.000426,0.076418,83357,34150,18718,11874,8218,6045,4521,3609,30813,1,1,1,1
22.4000,9536,1,1,105345,1,202471,0.520299,4,3,19,19,223050,27.53772,0.00138,2.37243,0.00424,0,1,3,2.419158,1.886336,1.886336,-0.011014,-0.010922,14.950595,15263,0.000731,0.074206,84132,34448,18716,12057,8165,6037,4535,3615,30765,1,1,1,1
23.0000,9536,1,1,107437,1,205987,0.521574,2,2,29,37,254123,27.95363,0.00138,2.37243,0.00424,0,0,3,1.478206,1.123746,1.123746,-0.218947,-0.218906,14.742518,9538,0.014849,0.047027,85554,35037,19130,12131,8444,6216,4679,3624,31171,1,1,1,1
23.9000,9536,1,1,109458,0,210964,0.518849,1,4,17,25,127323,28.57744,0.00138,2.37243,0.00424,1,1,2,1.401965,1.000000,2.410336,-0.530889,-0.530854,14.430636,955,0.036787,0.004810,87624,35866,19655,12444,8584,6259,4908,3856,31767,1,1,1,1
22.3500,9548,1,1,105331,1,202251,0.520796,1,13,155,155,102333,27.50907,0.00138,2.36623,0.00375,0,1,3,8.517074,6.762497,6.762497,0.009279,0.009503,14.971049,15752,-0.000635,0.076383,83711,34525,19015,11897,8039,6115,4522,3689,30737,1,1,1,1
22.4000,9548,1,1,105620,0,202674,0.521135,5,167,167,167,140629,27.54377,0.00138,2.36623,0.00375,1,0,2,1.028725,1.000000,4.877323,-0.008055,-0.008052,14.953495,15274,0.000538,0.074152,83806,34735,19127,11982,8199,6140,4508,3603,30573,1,1,1,1
23.0000,9548,1,1,107207,1,205714,0.521148,4,5,5,856,119490,27.95967,0.00138,2.36623,0.00375,0,0,3,1.264506,1.080073,1.080073,-0.215927,-0.215903,14.745456,9545,0.014642,0.046993,85231,34944,19224,12016,8452,6000,4807,3688,31351,1,1,1,1
23.9000,9548,1,1,109476,0,210611,0.519804,1,4,4,28,1221267,28.58349,0.00138,2.36623,0.00375,1,1,3,1.191647,1.000000,1.053873,-0.527834,-0.527816,14.433554,953,0.036569,0.004793,87340,36087,19425,12203,8534,6231,4804,3774,32212,1,1,1,1
22.3500,9560,1,1,105620,0,203102,0.520037,1,3,9,64,727173,27.50508,0.00094,2.36247,0.00460,1,1,2,1.361387,1.000000,2.032923,0.007074,0.007107,14.968549,15783,-0.000475,0.076450,84853,34531,18728,11804,8410,6008,4564,3566,30637,1,1,1,1
22.4000,9560,1,1,106059,1,203529,0.521103,6,81,81,1313,221805,27.53974,0.00094,2.36247,0.00460,0,1,3,3.112290,2.587485,2.581510,-0.010266,-0.010148,14.951380,15305,0.000679,0.074220,84698,34723,18862,11963,8262,6181,4638,3565,30636,1,1,1,1
23.0000,9560,1,1,107601,1,206464,0.521164,3,20,31,35,102175740,27.95563,0.00094,2.36247,0.00460,0,1,3,12.644901,10.119678,10.119678,-0.218283,-0.218017,14.743104,9569,0.014788,0.047059,85817,35123,19311,12094,8410,6064,4656,3770,31218,1,1,1,1
23.9000,9560,1,1,110440,0,211457,0.522284,1,2,12,97,97345,28.57946,0.00094,2.36247,0.00460,1,1,3,1.299971,1.000000,1.049852,-0.530081,-0.530053,14.431365,967,0.036729,0.004858,87728,36133,19647,12412,8610,6267,4851,3818,31990,1,1,1,1
22.3500,9572,1,1,105519,1,202771,0.520388,4,43,43,43,218122,27.50703,0.00109,2.36723,0.00345,0,1,3,24.640510,20.238582,20.238582,0.008015,0.008349,14.969378,15799,-0.000558,0.076427,83958,34555,18996,11890,8271,6008,4560,3601,30931,1,1,1,1
22.4000,9572,1,1,106194,0,203409,0.522074,3,3,31,398,598952,27.54165,0.00109,2.36723,0.00345,1,1,2,1.398119,1.000000,1.633272,-0.009161,-0.009126,14.952334,15322,0.000610,0.074204,84416,34742,18893,11875,8321,6097,4576,3682,30806,1,1,1,1
23.0000,9572,1,1,107457,1,206745,0.519759,2,17,24,24,123781,27.95759,0.00109,2.36723,0.00345,0,1,3,9.496938,8.063819,8.063819,-0.217217,-0.216982,14.744211,9581,0.014716,0.047056,85975,35011,19416,12125,8415,6081,4689,3621,31411,1,1,1,1
23.9000,9572,1,1,110361,1,211744,0.521203,1,5,29,29,95257,28.58137,0.00109,2.36723,0.00345,0,1,3,2.848799,2.450336,2.450336,-0.529042,-0.528933,14.432607,964,0.036648,0.004837,88095,35897,19661,12487,8586,6327,4782,3897,32011,1,1,1,1
22.3500,9584,1,1,105401,1,202298,0.521021,2,49,49,904,3817967,27.50118,0.00180,2.36624,0.00496,0,1,3,18.691649,17.163386,17.163386,0.005469,0.005774,14.966924,15823,-0.000386,0.076460,83767,34537,18604,11821,8181,5923,4596,3701,31167,1,1,1,1
22.4000,9584,1,1,105672,0,203082,0.520344,1,12,27,27,6182017,27.53582,0.00180,2.36624,0.00496,1,1,2,1.387320,1.000000,6.141057,-0.011799,-0.011765,14.949690,15342,0.000787,0.074221,84127,34397,18863,11917,8274,6198,4659,3682,30964,1,1,1,1
23.0000,9584,1,1,107718,0,206138,0.522555,1,3,57,94,951512,27.95176,0.00180,2.36624,0.00496,1,0,2,1.365157,1.000000,1.571804,-0.219692,-0.219660,14.741843,9591,0.014900,0.047053,85426,35042,19113,12236,8372,6078,4704,3568,31598,1,1,1,1
23.9000,9584,1,1,110241,1,211985,0.520044,3,334,334,334,4756144,28.57554,0.00180,2.36624,0.00496,0,1,3,19.325297,19.002137,19.002137,-0.531718,-0.531409,14.429710,966,0.036827,0.004842,87979,36023,19726,12579,8659,6349,4706,3786,32177,1,1,1,1
22.3500,9596,1,1,105896,0,202613,0.522654,2,26,26,46,764730,27.49965,0.00101,2.36620,0.00366,1,1,2,1.262632,1.000000,7.923740,0.004366,0.004390,14.965794,15837,-0.000293,0.076438,84034,34506,18679,11894,8160,6075,4570,3606,31088,1,1,1,1
22.4000,9596,1,1,105819,1,203566,0.519829,1,4,10,154,391485,27.53432,0.00101,2.36620,0.00366,0,1,3,3.462289,2.457761,2.457761,-0.012909,-0.012780,14.948765,15358,0.000855,0.074210,84503,34613,18897,12046,8197,6024,4578,3636,31071,1,1,1,1
23.0000,9596,1,1,107512,0,206806,0.519871,3,2,9,39,1591197,27.95024,0.00101,2.36620,0.00366,1,1,3,1.378394,1.000000,1.259487,-0.220832,-0.220798,14.740652,9599,0.014979,0.047038,86062,35227,18954,12204,8358,6169,4750,3566,31515,1,1,1,1
23.9000,9596,1,1,109943,1,211232,0.520487,11,9,147,147,439282,28.57404,0.00101,2.36620,0.00366,0,1,3,3.190071,2.949970,2.949970,-0.532779,-0.532658,14.428505,963,0.036917,0.004821,87210,35901,19801,12364,8705,6371,4809,3809,32261,1,1,1,1
22.3500,9608,1,1,105933,1,203229,0.521252,2,2,55,64,316203,27.49594,0.00115,2.36405,0.00362,0,1,3,1.887052,1.522584,1.522584,0.002685,0.002751,14.964103,15859,-0.000184,0.076457,84073,34645,18861,11944,8414,6162,4610,3665,30854,1,1,1,1
22.4000,9608,1,1,106067,1,203592,0.520981,1,18,26,125,414654,27.53064,0.00115,2.36405,0.00362,0,1,3,2.486237,1.807089,1.620724,-0.014670,-0.014575,14.946875,15381,0.000975,0.074238,84474,34526,19182,11950,8197,5950,4615,3669,31028,1,1,1,1
23.0000,9608,1,1,108282,0,207481,0.521891,13,14,14,156,417791,27.94655,0.00115,2.36405,0.00362,1,0,2,1.154755,1.000000,2.486348,-0.222643,-0.222628,14.738905,9614,0.015105,0.047058,86313,35034,19293,12373,8478,6036,4741,3683,31529,1,1,1,1
23.9000,9608,1,1,110558,0,212373,0.520587,2,3,127,127,2599196,28.57036,0.00115,2.36405,0.00362,1,1,3,1.294487,1.000000,1.231423,-0.534515,-0.534488,14.426930,967,0.037048,0.004836,88175,36140,19770,12519,8566,6361,4817,3793,32231,1,1,1,1
22.3500,9620,1,1,106230,0,203404,0.522264,60,72,72,72,273779,27.50150,0.00122,2.37085,0.00358,1,1,2,1.014435,1.000000,1.047404,0.005460,0.005461,14.966570,15877,-0.000365,0.076436,84388,34464,18897,12037,8216,6203,4596,3566,31036,1,1,1,1
22.4000,9620,1,1,106450,0,204043,0.521706,1,8,8,433,221932,27.53616,0.00122,2.37085,0.00358,1,1,2,1.282518,1.000000,3.034850,-0.011924,-0.011898,14.949515,15393,0.000796,0.074190,84799,34627,18932,11875,8272,6060,4661,3615,31201,1,1,1,1
23.0000,9620,1,1,107906,0,207359,0.520385,5,7,22,22,54298,27.95205,0.00122,2.37085,0.00358,1,1,2,1.170839,1.000000,1.552325,-0.219831,-0.219814,14.741546,9621,0.014911,0.047025,86049,35331,19086,12385,8481,6154,4659,3769,31444,1,1,1,1
23.9000,9620,1,1,110677,1,212692,0.520365,5,29,76,76,370517,28.57588,0.00122,2.37085,0.00358,0,1,3,4.273476,3.896317,3.896317,-0.531798,-0.531647,14.429893,968,0.036843,0.004834,88026,36488,19907,12509,8736,6469,4752,3818,31986,1,1,1,1
22.3500,9632,1,1,106463,1,203795,0.522405,4,6,6,90,2111024,27.50439,0.00140,2.36581,0.00375,0,1,3,4.620882,3.430482,3.430482,0.006946,0.007105,14.968643,15898,-0.000475,0.076431,84587,34545,18983,11957,8247,6079,4507,3568,31321,1,1,1,1
22.4000,9632,1,1,106610,0,204625,0.521004,1,2,32,48,6390471,27.53900,0.00140,2.36581,0.00375,1,1,2,1.348902,1.000000,1.473470,-0.010317,-0.010286,14.951153,15417,0.000688,0.074205,85018,34679,18919,12037,8266,6246,4647,3769,31043,1,1,1,1
23.0000,9632,1,1,108150,0,207914,0.520169,1,36,79,79,670271,27.95495,0.00140,2.36581,0.00375,1,1,2,1.369610,1.000000,16.453608,-0.218416,-0.218383,14.743119,9638,0.014813,0.047044,86468,35174,19478,12211,8433,6201,4664,3704,31580,1,1,1,1
23.9000,9632,1,1,110375,1,212224,0.520090,1,11,11,64,1499113,28.57872,0.00140,2.36581,0.00375,0,1,3,2.832530,2.352638,2.352638,-0.530203,-0.530094,14.431434,969,0.036732,0.004832,88011,35919,19802,12397,8611,6188,4812,3989,32494,1,1,1,1
22.3500,9644,1,1,106377,1,203914,0.521678,1,3,6,52,142245,27.50423,0.00269,2.37009,0.00584,0,1,3,1.411882,1.150053,1.150053,0.007581,0.007617,14.969142,15921,-0.000509,0.076444,84581,34683,18991,11912,8322,5942,4749,3671,31062,1,1,1,1
22.4000,9644,1,1,106934,0,204922,0.521830,1,7,7,240,432511,27.53887,0.00269,2.37009,0.00584,1,1,2,1.405283,1.000000,4.020931,-0.009806,-0.009770,14.951696,15439,0.000653,0.074216,85065,34779,19190,12123,8270,6071,4751,3616,31056,1,1,1,1
23.0000,9644,1,1,108293,1,207829,0.521070,1,9,9,94,454180,27.95481,0.00269,2.37009,0.00584,0,1,3,5.788162,4.693075,4.693075,-0.217779,-0.217597,14.743946,9651,0.014758,0.047046,86298,35122,19379,12142,8520,6401,4605,3673,31688,1,1,1,1
23.9000,9644,1,1,110550,0,213197,0.518537,1,1,35,36,1615202,28.57860,0.00269,2.37009,0.00584,1,0,3,1.414041,1.000000,1.217650,-0.529601,-0.529565,14.431915,973,0.036694,0.004846,88558,36268,20020,12496,8503,6417,4893,3681,32360,1,1,1,1
22.3500,9656,1,1,106288,0,204036,0.520930,3,4,101,101,327386,27.50267,0.00259,2.37268,0.00390,1,1,2,1.282341,1.000000,1.493820,0.006757,0.006783,14.968196,15938,-0.000453,0.076435,84542,34423,19015,11993,8376,6139,4750,3705,31092,1,1,1,1
22.4000,9656,1,1,107052,0,205021,0.522154,3,1,41,135,294657,27.53734,0.00259,2.37268,0.00390,1,1,3,1.410579,1.000000,1.028271,-0.010554,-0.010519,14.950967,15455,0.000704,0.074204,85396,34680,19206,11751,8246,6208,4649,3580,31304,1,1,1,1
23.0000,9656,1,1,108521,1,208406,0.520722,1,197,197,197,163691,27.95326,0.00259,2.37268,0.00390,0,1,3,65.815727,61.783701,61.783701,-0.218731,-0.218298,14.743252,9663,0.014807,0.047049,86345,35550,19383,12285,8523,6296,4684,3806,31533,1,1,1,1
23.9000,9656,1,1,111177,1,213375,0.521043,6,26,47,47,3328670,28.57707,0.00259,2.37268,0.00390,0,1,3,2.770165,2.063430,1.915622,-0.530453,-0.530348,14.431161,971,0.036750,0.004830,88379,36370,19881,12764,8792,6419,4691,3777,32301,1,1,1,1
22.3500,9668,1,1,106781,1,204937,0.521046,2,2,9,147,313429,27.49941,0.00243,2.37178,0.00374,0,1,3,1.582397,1.311772,1.311772,0.005067,0.005114,14.966642,15958,-0.000342,0.076444,85168,34697,19239,12043,8310,6103,4675,3709,30992,1,1,1,1
22.4000,9668,1,1,107110,0,205152,0.522103,2,3,195,195,232839,27.53411,0.00243,2.37178,0.00374,1,1,3,1.186961,1.000000,1.020784,-0.012269,-0.012251,14.949282,15473,0.000820,0.074207,85315,34716,19028,12319,8270,6002,4578,3699,31224,1,1,1,1
23.0000,9668,1,1,108553,1,208510,0.520615,7,6,7,102,121760,27.95001,0.00243,2.37178,0.00374,0,0,3,1.983520,1.858937,1.858937,-0.220255,-0.220184,14.741084,9671,0.014937,0.047036,86657,35205,19434,12256,8472,6211,4724,3903,31647,1,1,1,1
23.9000,9668,1,1,110848,0,212936,0.520572,1,8,11,36,134565,28.57383,0.00243,2.37178,0.00374,1,0,2,1.250277,1.000000,2.642098,-0.532183,-0.532160,14.429363,970,0.036880,0.004820,88170,36243,19811,12554,8676,6381,4805,3854,32441,1,1,1,1
22.3500,9680,1,1,107507,1,205543,0.523042,1,1,6,45,302374,27.50365,0.00186,2.36696,0.00563,0,1,3,1.464395,1.038821,1.038821,0.006857,0.006897,14.968367,15977,-0.000461,0.076431,85401,35257,18917,12178,8458,5980,4606,3689,31056,1,1,1,1
22.4000,9680,1,1,107068,0,205351,0.521393,1,2,517,517,980931,27.53830,0.00186,2.36696,0.00563,1,1,3,1.294966,1.000000,1.038105,-0.010475,-0.010448,14.950971,15492,0.000699,0.074197,85042,35103,19224,12087,8365,6098,4616,3579,31236,1,1,1,1
23.0000,9680,1,1,108744,0,208620,0.521256,3,3,63,786,793769,27.95419,0.00186,2.36696,0.00563,1,1,3,1.172070,1.000000,1.022684,-0.218416,-0.218399,14.743136,9684,0.014814,0.047034,86703,35271,19449,12211,8492,6241,4834,3680,31738,1,1,1,1
23.9000,9680,1,1,111195,1,213757,0.520196,1,4,149,149,811981,28.57803,0.00186,2.36696,0.00563,0,0,3,1.547144,1.121884,1.121884,-0.530338,-0.530293,14.431159,971,0.036746,0.004818,88690,36256,19909,12710,8642,6258,4926,3909,32456,1,1,1,1
22.3500,9692,1,1,107016,0,204772,0.522613,6,6,77,200,98958,27.50527,0.00171,2.37449,0.00398,1,0,2,1.180949,1.000000,1.415357,0.007587,0.007605,14.969136,15995,-0.000508,0.076419,84966,34611,18764,12123,8427,6163,4612,3731,31374,1,1,1,1
22.4000,9692,1,1,107101,1,205843,0.520307,15,263,263,729,339442,27.53988,0.00171,2.37449,0.00398,0,0,3,1.445474,1.380687,1.380687,-0.009719,-0.009681,14.951552,15512,0.000647,0.074198,85485,35054,19176,12067,8482,6142,4685,3770,30981,1,1,1,1
23.0000,9692,1,1,109226,0,209168,0.522195,1,27,88,88,1644108,27.95583,0.00171,2.37449,0.00398,1,1,2,1.046864,1.000000,1.399528,-0.217690,-0.217686,14.743547,9695,0.014765,0.047028,86948,35569,19416,12647,8309,6184,4685,3674,31735,1,1,1,1
23.9000,9692,1,1,111256,0,214516,0.518640,1,9,98,151,785483,28.57960,0.00171,2.37449,0.00398,1,1,2,1.194430,1.000000,2.301164,-0.529604,-0.529586,14.431789,974,0.036696,0.004827,89583,36159,19976,12566,8679,6521,4704,3863,32464,1,1,1,1
22.3500,9704,1,1,107605,1,206267,0.521681,1,12,12,35,877594,27.51096,0.00185,2.37508,0.00362,0,1,3,4.908064,4.247553,4.247553,0.010462,0.010626,14.972163,16013,-0.000710,0.076395,85879,34998,19313,12164,8311,6083,4607,3689,31222,1,1,1,1
22.4000,9704,1,1,107262,0,205555,0.521819,4,16,16,329,278810,27.54560,0.00185,2.37508,0.00362,1,0,2,1.107629,1.000000,1.905310,-0.006819,-0.006808,14.954731,15529,0.000455,0.074172,85123,34931,19197,12033,8221,6196,4638,3782,31433,1,1,1,1
23.0000,9704,1,1,108983,1,209545,0.520096,9,6,10,29,96497,27.96153,0.00185,2.37508,0.00362,0,1,3,1.264889,1.066734,1.066734,-0.214754,-0.214730,14.746801,9706,0.014561,0.047013,87261,35597,19456,12350,8427,6184,4770,3739,31760,1,1,1,1
23.9000,9704,1,1,111635,1,214673,0.520026,2,4,36,36,864246,28.58532,0.00185,2.37508,0.00362,0,1,3,1.367000,1.219482,1.219482,-0.526656,-0.526623,14.434915,974,0.036483,0.004820,89192,36835,20017,12464,8602,6328,4868,3823,32543,1,1,1,1
22.3500,9716,1,1,107103,1,205510,0.521160,2,219,219,219,2801927,27.50416,0.00452,2.36948,0.00418,0,1,3,26.095420,25.635804,25.635804,0.008319,0.008654,14.970204,16031,-0.000578,0.076396,85323,34860,19048,12088,8253,6143,4716,3756,31322,1,1,1,1
22.4000,9716,1,1,107348,0,206127,0.520788,1,6,7,26,1968453,27.53883,0.00452,2.36948,0.00418,1,0,2,1.248908,1.000000,2.029261,-0.008886,-0.008863,14.952660,15545,0.000593,0.074167,85792,35046,18892,12202,8274,6155,4591,3761,31413,1,1,1,1
23.0000,9716,1,1,109064,0,209564,0.520435,5,21,21,23,505632,27.95475,0.00452,2.36948,0.00418,1,1,2,1.289376,1.000000,7.161440,-0.216910,-0.216884,14.744534,9719,0.014709,0.047025,86998,35643,19629,12333,8593,6212,4633,3760,31762,1,1,1,1
23.9000,9716,1,1,111804,0,214962,0.520113,1,1,82,531,320435,28.57855,0.00452,2.36948,0.00418,1,0,3,1.412018,1.000000,1.046208,-0.528713,-0.528677,14.432808,971,0.036630,0.004800,89067,36921,20121,12550,8644,6323,4893,3806,32636,1,1,1,1
22.3500,9728,1,1,107280,0,205606,0.521777,1,23,48,48,855684,27.50521,0.00185,2.36914,0.00449,1,1,2,1.302746,1.000000,8.416506,0.007581,0.007608,14.969031,16061,-0.000508,0.076451,85201,34838,19323,12084,8437,6144,4593,3674,31311,1,1,1,1
22.4000,9728,1,1,107853,1,206941,0.521180,16,3,18,92,237847,27.53991,0.00185,2.36914,0.00449,0,1,3,2.694734,1.939250,1.939250,-0.009694,-0.009592,14.951532,15575,0.000642,0.074224,85903,35381,19358,12086,8380,6235,4717,3738,31142,1,1,1,1
23.0000,9728,1,1,109462,0,210074,0.521066,8,2,8,72,1142062,27.95581,0.00185,2.36914,0.00449,1,1,3,1.350360,1.000000,1.155454,-0.217618,-0.217588,14.743854,9737,0.014758,0.047056,87595,35747,19405,12346,8537,6107,4782,3640,31914,1,1,1,1
23.9000,9728,1,1,112120,0,214764,0.522064,1,32,54,54,1080842,28.57963,0.00185,2.36914,0.00449,1,1,2,1.403347,1.000000,16.238589,-0.529664,-0.529629,14.431863,984,0.036699,0.004858,89102,36474,19880,12656,8793,6362,4902,3902,32692,1,1,1,1
22.3500,9740,1,1,107721,1,206674,0.521215,1,17,26,31,884807,27.51008,0.00257,2.37117,0.00443,0,1,3,1.880706,1.336139,1.102489,0.010425,0.010490,14.971959,16079,-0.000701,0.076427,85899,35057,19341,12070,8303,6343,4696,3672,31292,1,1,1,1
22.4000,9740,1,1,107693,1,206769,0.520840,1,4,8,34,1392358,27.54474,0.00257,2.37117,0.00443,0,1,3,3.309657,2.539873,2.539873,-0.006947,-0.006824,14.954705,15589,0.000456,0.074183,85970,35191,19280,12071,8331,6095,4731,3670,31429,1,1,1,1
23.0000,9740,1,1,109893,1,210397,0.522315,1,7,9,344,182992,27.96062,0.00257,2.37117,0.00443,0,0,3,2.217164,1.645599,1.645599,-0.214867,-0.214786,14.746655,9745,0.014565,0.047028,87286,35893,19562,12163,8722,6345,4774,3887,31764,1,1,1,1
23.9000,9740,1,1,111852,0,214958,0.520346,8,11,11,65,520424,28.58446,0.00257,2.37117,0.00443,1,0,3,1.084036,1.000000,1.054119,-0.526763,-0.526754,14.434788,979,0.036492,0.004827,89113,36600,20152,12433,8699,6406,4821,3824,32909,1,1,1,1
22.3500,9752,1,1,107430,0,206173,0.521070,2,1,80,80,3139889,27.50982,0.00184,2.37306,0.00412,1,1,3,1.413316,1.000000,1.203047,0.009940,0.009976,14.971452,16096,-0.000666,0.076416,85432,35098,19190,12001,8364,6193,4899,3700,31295,1,1,1,1
22.4000,9752,1,1,107704,0,206744,0.520956,2,3,82,90,330262,27.54443,0.00184,2.37306,0.00412,1,1,2,1.414203,1.000000,1.973324,-0.007391,-0.007356,14.954124,15609,0.000492,0.074190,85737,35168,19334,12141,8349,5991,4795,3754,31474,1,1,1,1
23.0000,9752,1,1,109286,0,210288,0.519699,7,197,197,197,7586768,27.96038,0.00184,2.37306,0.00412,1,1,2,1.215399,1.000000,47.053798,-0.215528,-0.215508,14.745879,9757,0.014615,0.047030,87354,35753,19317,12352,8583,6349,4850,3803,31926,1,1,1,1
23.9000,9752,1,1,112121,1,216177,0.518656,1,135,135,135,1335356,28.58415,0.00184,2.37306,0.00412,0,1,3,2.447384,1.878196,1.776915,-0.527247,-0.527155,14.434269,981,0.036521,0.004831,90183,36803,20022,12806,8793,6268,4843,3946,32512,1,1,1,1
22.3500,9764,1,1,108042,0,206974,0.522010,2,4,58,453,1511221,27.50816,0.00198,2.37613,0.00434,1,1,2,1.379658,1.000000,2.115218,0.009166,0.009199,14.970700,16112,-0.000614,0.076402,86005,35136,19424,12023,8288,6198,4795,3690,31414,1,1,1,1
22.4000,9764,1,1,107941,1,207040,0.521356,1,2,17,171,1116179,27.54280,0.00198,2.37613,0.00434,0,1,3,1.725779,1.425723,1.425723,-0.008133,-0.008077,14.953452,15627,0.000540,0.074188,85773,35054,19390,12328,8432,6202,4694,3760,31406,1,1,1,1
23.0000,9764,1,1,109719,1,210729,0.520666,1,13,18,42,302816,27.95873,0.00198,2.37613,0.00434,0,1,3,4.748070,4.377585,4.377585,-0.216158,-0.215999,14.745549,9766,0.014648,0.047017,87383,35692,19757,12597,8606,6347,4768,3760,31818,1,1,1,1
23.9000,9764,1,1,112069,1,215600,0.519803,1,17,17,39,524713,28.58252,0.00198,2.37613,0.00434,0,1,3,1.492006,1.096198,1.096198,-0.527977,-0.527936,14.433570,980,0.036577,0.004820,89528,36601,19933,12517,8990,6270,4916,3930,32914,1,1,1,1
22.3500,9776,1,1,108110,0,207598,0.520769,27,3,27,1258,118513,27.50199,0.00243,2.36941,0.00427,1,1,3,1.298543,1.000000,1.246884,0.006349,0.006376,14.967798,16137,-0.000426,0.076441,86444,35274,19116,12284,8421,6167,4614,3756,31521,1,1,1,1
22.4000,9776,1,1,107670,0,206589,0.521182,5,53,53,220,608892,27.53666,0.00243,2.36941,0.00427,1,1,2,1.356584,1.000000,22.453928,-0.011135,-0.011104,14.950341,15647,0.000743,0.074207,85246,35126,19282,12348,8537,6078,4767,3738,31466,1,1,1,1
23.0000,9776,1,1,109268,0,210206,0.519816,2,9,81,132,132363,27.95258,0.00243,2.36941,0.00427,1,1,2,1.274693,1.000000,3.211216,-0.218994,-0.218969,14.742445,9781,0.014853,0.047041,86891,35822,19630,12476,8556,6169,4823,3736,32102,1,1,1,1
23.9000,9776,1,1,112064,0,215899,0.519060,1,1,18,24,51687667,28.57638,0.00243,2.36941,0.00427,1,0,3,1.387042,1.000000,1.194411,-0.530845,-0.530811,14.430688,983,0.036783,0.004830,89299,36779,20183,12792,8703,6473,4836,3963,32870,1,1,1,1
22.3500,9788,1,1,108090,0,207689,0.520444,6,5,17,17,3688303,27.50290,0.00311,2.36661,0.00589,1,0,2,1.243211,1.000000,1.600955,0.007142,0.007164,14.968689,16157,-0.000479,0.076438,86120,35603,19429,12078,8469,6235,4752,3631,31371,1,1,1,1
22.4000,9788,1,1,108197,1,207865,0.520518,1,18,18,40,1196439,27.53760,0.00311,2.36661,0.00589,0,1,3,10.585839,8.695207,8.695207,-0.010295,-0.010054,14.951222,15663,0.000672,0.074187,86339,35253,19358,12309,8343,6151,4813,3619,31679,1,1,1,1
23.0000,9788,1,1,110601,1,211470,0.523013,1,6,28,122,688814,27.95350,0.00311,2.36661,0.00589,0,0,3,1.989277,1.480202,1.480202,-0.218154,-0.218084,14.743356,9789,0.014792,0.047019,87852,36252,19817,12484,8519,6205,4740,3732,31868,1,1,1,1
23.9000,9788,1,1,112068,0,215414,0.520247,3,3,81,81,1522743,28.57732,0.00311,2.36661,0.00589,1,1,2,1.342370,1.000000,1.564787,-0.530068,-0.530038,14.431402,980,0.036728,0.004809,89171,36588,20028,12760,8674,6429,4871,3937,32955,1,1,1,1
22.3500,9800,1,1,108483,1,207062,0.523918,2,7,10,181,97548,27.50643,0.00257,2.37382,0.00392,0,1,3,4.300600,3.541107,3.541107,0.008539,0.008688,14.970230,16171,-0.000580,0.076403,85998,35224,19190,12019,8465,6114,4710,3717,31624,1,1,1,1
22.4000,9800,1,1,108325,1,207810,0.521272,7,10,10,91,128114,27.54108,0.00257,2.37382,0.00392,0,1,3,2.864408,2.246761,2.246761,-0.008766,-0.008659,14.952862,15681,0.000579,0.074174,86305,35239,19383,12221,8429,6139,4766,3731,31596,1,1,1,1
23.0000,9800,1,1,110261,1,211299,0.521827,2,2,291,2734,215377,27.95697,0.00257,2.37382,0.00392,0,1,3,1.804280,1.284897,1.284897,-0.216681,-0.216621,14.744872,9801,0.014691,0.047014,87701,35782,19777,12519,8662,6291,4860,3625,32081,1,1,1,1
23.9000,9800,1,1,112875,1,216727,0.520819,1,51,51,51,173360,28.58080,0.00257,2.37382,0.00392,0,1,3,1.967263,1.476603,1.408257,-0.528601,-0.528532,14.432904,981,0.036620,0.004807,90014,36778,20176,12866,8894,6351,4898,3940,32809,1,1,1,1
22.3500,9812,1,1,108307,1,207686,0.521496,1,16,500,500,616290,27.49335,0.00264,2.37812,0.00445,0,1,3,2.093339,1.785559,1.785559,0.002085,0.002160,14.963694,16187,-0.000144,0.076418,85877,35837,19291,12240,8381,5992,4755,3829,31483,1,1,1,1
22.4000,9812,1,1,108175,1,207585,0.521114,1,7,11,178,787994,27.52797,0.00264,2.37812,0.00445,0,1,3,2.093062,1.663717,1.663717,-0.015219,-0.015144,14.946380,15697,0.001013,0.074191,85958,35439,19244,12237,8614,6072,4597,3831,31592,1,1,1,1
23.0000,9812,1,1,110324,0,211382,0.521920,5,4,9,32,661969,27.94391,0.00264,2.37812,0.00445,1,1,2,1.264817,1.000000,1.350763,-0.223181,-0.223157,14.738253,9809,0.015141,0.047016,87728,35964,19455,12477,8500,6308,4833,3815,32301,1,1,1,1
23.9000,9812,1,1,112911,1,216614,0.521257,6,30,30,39,665075,28.56769,0.00264,2.37812,0.00445,0,1,3,1.204437,1.121568,1.121568,-0.535059,-0.535041,14.426504,979,0.037087,0.004794,90195,36517,20177,12644,8822,6495,4859,3855,33049,1,1,1,1
22.3500,9824,1,1,108535,1,207533,0.522980,1,6,19,74,593354,27.50017,0.00183,2.38306,0.00389,0,0,3,1.699991,1.296079,1.296079,0.005121,0.005175,14.966604,16215,-0.000346,0.076442,86306,35082,19118,12060,8527,6383,4631,3733,31692,1,1,1,1
22.4000,9824,1,1,108827,1,208498,0.521960,57,35,57,57,4380608,27.53481,0.00183,2.38306,0.00389,0,1,3,5.354794,5.281996,5.281996,-0.012273,-0.012103,14.948864,15724,0.000810,0.074215,86377,35426,19426,12311,8495,6253,4686,3890,31633,1,1,1,1
23.0000,9824,1,1,110227,1,211624,0.520865,41,5,41,41,260466,27.95074,0.00183,2.38306,0.00389,0,1,3,2.636765,2.265183,2.265183,-0.220195,-0.220096,14.741454,9830,0.014930,0.047049,87914,36002,19689,12376,8598,6260,4724,3849,32211,1,1,1,1
23.9000,9824,1,1,113292,0,216942,0.522225,3,2,6,58,722555,28.57453,0.00183,2.38306,0.00389,1,1,3,1.407852,1.000000,1.316799,-0.532062,-0.532028,14.429463,988,0.036871,0.004831,90075,36937,20290,12862,8664,6212,4880,3921,33100,1,1,1,1
22.3500,9836,1,1,108582,0,208320,0.521229,44,15,144,629,844862,27.50138,0.00177,2.38166,0.00370,1,1,2,1.115426,1.000000,1.848746,0.005692,0.005703,14.967031,16234,-0.000381,0.076436,86527,35259,19500,12316,8465,6088,4750,3796,31618,1,1,1,1
22.4000,9836,1,1,108620,0,208575,0.520774,1,426,426,426,7598558,27.53605,0.00177,2.38166,0.00370,1,1,2,1.005330,1.000000,2.303551,-0.011655,-0.011654,14.949365,15743,0.000780,0.074212,86602,35375,19467,12260,8441,6083,4716,3785,31845,1,1,1,1
23.0000,9836,1,1,110613,1,212065,0.521602,1,1,37,37,2774426,27.95197,0.00177,2.38166,0.00370,0,1,3,1.618043,1.168132,1.168132,-0.219579,-0.219530,14.741971,9841,0.014891,0.047043,88015,35968,19833,12537,8571,6358,4837,3740,32205,1,1,1,1
23.9000,9836,1,1,113192,0,217502,0.520421,4,2,90,736,1798576,28.57577,0.00177,2.38166,0.00370,1,1,3,1.337611,1.000000,1.168713,-0.531480,-0.531451,14.429988,987,0.036830,0.004820,90474,36925,20316,12827,8777,6536,4903,3826,32917,1,1,1,1
22.3500,9848,1,1,108771,1,208197,0.522445,5,4,118,118,760290,27.50591,0.00160,2.38626,0.00498,0,1,3,2.530299,2.084391,2.084391,0.007883,0.007977,14.969239,16251,-0.000533,0.076411,86499,35537,19059,12321,8472,6059,4765,3695,31789,1,1,1,1
22.4000,9848,1,1,108945,1,208930,0.521445,1,5,16,27,10362719,27.54061,0.00160,2.38626,0.00498,0,1,3,4.316572,3.063166,3.063166,-0.009487,-0.009338,14.952210,15760,0.000625,0.074187,86796,35603,19464,12372,8430,6251,4693,3721,31599,1,1,1,1
23.0000,9848,1,1,110328,0,211644,0.521293,6,2,13,32,349394,27.95651,0.00160,2.38626,0.00498,1,1,3,1.380723,1.000000,1.270638,-0.217391,-0.217358,14.744144,9850,0.014742,0.047021,87349,36421,19558,12479,8610,6178,4783,3851,32414,1,1,1,1
23.9000,9848,1,1,113420,0,217650,0.521114,1,26,104,104,452280,28.58033,0.00160,2.38626,0.00498,1,1,2,1.314009,1.000000,9.726405,-0.529406,-0.529378,14.432137,986,0.036681,0.004809,90220,37331,20313,12827,8782,6424,4968,3870,32914,1,1,1,1
22.3500,9860,1,1,108860,0,208665,0.521700,2,8,70,192,602864,27.51082,0.00127,2.38617,0.00367,1,1,2,1.158287,1.000000,1.460637,0.010132,0.010147,14.971507,16271,-0.000678,0.076401,86484,35519,19487,12429,8505,6256,4589,3762,31633,1,1,1,1
22.4000,9860,1,1,108876,0,208889,0.521217,5,7,73,182,237421,27.54548,0.00127,2.38617,0.00367,1,0,2,1.248244,1.000000,2.062046,-0.007213,-0.007191,14.954334,15778,0.000481,0.074171,86720,35244,19460,12358,8448,6245,4797,3770,31846,1,1,1,1
23.0000,9860,1,1,111174,0,212931,0.522115,1,24,24,73,451905,27.96137,0.00127,2.38617,0.00367,1,1,2,1.077325,1.000000,2.094007,-0.215158,-0.215151,14.746138,9862,0.014590,0.047015,88520,36073,19720,12684,8871,6206,4972,3809,32075,1,1,1,1
23.9000,9860,1,1,113582,0,217873,0.521324,2,2,14,21,619604,28.58520,0.00127,2.38617,0.00367,1,1,2,1.389329,1.000000,1.543858,-0.527060,-0.527027,14.434434,987,0.036512,0.004807,90498,37034,20093,13011,8831,6434,4862,3858,33251,1,1,1,1
22.3500,9872,1,1,109000,0,208982,0.521579,1,3,9,42,451151,27.51202,0.00126,2.39371,0.00342,1,1,2,1.414170,1.000000,2.203216,0.010726,0.010761,14.972244,16291,-0.000719,0.076398,86543,35725,19420,12440,8636,6067,4759,3724,31667,1,1,1,1
22.4000,9872,1,1,109442,0,209065,0.523486,12,30,30,45,920905,27.54664,0.00126,2.39371,0.00342,1,1,2,1.299383,1.000000,10.535486,-0.006661,-0.006634,14.954884,15797,0.000444,0.074167,86708,35645,19243,12380,8511,6184,4851,3748,31794,1,1,1,1
23.0000,9872,1,1,110908,0,212447,0.522053,2,11,11,142,364676,27.96258,0.00126,2.39371,0.00342,1,0,2,1.117082,1.000000,1.428263,-0.214532,-0.214520,14.747020,9875,0.014547,0.047017,88138,36236,19714,12382,8513,6285,4877,3886,32415,1,1,1,1
23.9000,9872,1,1,113291,1,217636,0.520555,1,3,21,150,1321123,28.58636,0.00126,2.39371,0.00342,0,1,3,1.980779,1.441597,1.441597,-0.526420,-0.526350,14.435154,990,0.036463,0.004815,90321,37129,20240,12692,8719,6452,4923,3897,33262,1,1,1,1
22.3500,9884,1,1,109076,0,208863,0.522240,1,9,10,19,424918,27.50981,0.00160,2.39414,0.00402,1,1,2,1.124116,1.000000,1.379914,0.009830,0.009841,14.971381,16308,-0.000657,0.076389,86578,35359,19368,12337,8571,6271,4808,3714,31856,1,1,1,1
22.4000,9884,1,1,109201,1,209192,0.522016,1,14,14,59,859604,27.54446,0.00160,2.39414,0.00402,0,1,3,10.315650,7.799920,7.799920,-0.007581,-0.007345,14.954201,15814,0.000491,0.074160,86657,35390,19410,12547,8569,6238,4670,3807,31903,1,1,1,1
23.0000,9884,1,1,111156,0,212977,0.521918,1,2,21,474,392845,27.96039,0.00160,2.39414,0.00402,1,1,3,1.234985,1.000000,1.193905,-0.215447,-0.215426,14.746123,9883,0.014609,0.047001,88273,36105,20142,12592,8518,6291,4830,3832,32393,1,1,1,1
23.9000,9884,1,1,113750,0,218437,0.520747,3,2,70,70,360577,28.58418,0.00160,2.39414,0.00402,1,1,3,1.413805,1.000000,1.183262,-0.527345,-0.527310,14.434175,988,0.036532,0.004800,90558,37337,20568,12899,8668,6403,5026,4019,32958,1,1,1,1
22.3500,9896,1,1,109924,0,210132,0.523121,1,3,11,48,296121,27.50655,0.00339,2.39037,0.00423,1,1,2,1.313142,1.000000,1.420957,0.009106,0.009133,14.970564,16329,-0.000610,0.076399,87703,35513,19477,12496,8519,6329,4776,3716,31602,1,1,1,1
22.4000,9896,1,1,109786,0,209972,0.522863,1,3,109,129,1102999,27.54123,0.00339,2.39037,0.00423,1,1,2,1.413813,1.000000,1.951382,-0.008248,-0.008213,14.953272,15831,0.000549,0.074155,87339,35778,19313,12322,8427,6154,4774,3781,32083,1,1,1,1
23.0000,9896,1,1,111209,1,213054,0.521978,9,5,9,44,792751,27.95714,0.00339,2.39037,0.00423,0,0,3,1.750511,1.655362,1.655362,-0.216197,-0.216140,14.745121,9894,0.014658,0.046999,88316,36290,19757,12440,8757,6357,4846,3951,32339,1,1,1,1
23.9000,9896,1,1,113975,1,218430,0.521794,1,12,12,30,100409,28.58095,0.00339,2.39037,0.00423,0,0,3,2.532683,2.010819,2.010819,-0.528110,-0.528016,14.433394,987,0.036583,0.004790,90714,36871,20322,13067,8904,6474,4877,3955,33245,1,1,1,1
22.3500,9908,1,1,109452,0,209888,0.521481,1,12,142,142,350344,27.51561,0.00165,2.39175,0.00452,1,1,2,1.414174,1.000000,6.612414,0.012701,0.012736,14.974219,16354,-0.000851,0.076405,87447,35752,19375,12228,8570,6249,4607,3766,31893,1,1,1,1
22.4000,9908,1,1,109736,0,210568,0.521145,4,2,25,25,791087,27.55031,0.00165,2.39175,0.00452,1,1,3,1.407756,1.000000,1.156536,-0.004559,-0.004524,14.956967,15856,0.000302,0.074163,87828,35559,19693,12348,8566,6141,4880,3798,31754,1,1,1,1
23.0000,9908,1,1,111596,0,213495,0.522713,1,2,71,71,956046,27.96621,0.00165,2.39175,0.00452,1,1,2,1.413952,1.000000,1.732604,-0.212532,-0.212497,14.748984,9911,0.014408,0.047010,88499,36341,19951,12553,8600,6249,4937,3855,32509,1,1,1,1
23.9000,9908,1,1,114258,0,218874,0.522029,1,1,5,208,2961672,28.59003,0.00165,2.39175,0.00452,1,0,3,1.413642,1.000000,1.235672,-0.524423,-0.524388,14.437097,998,0.036322,0.004836,90799,37209,20540,12777,9009,6457,4966,3860,33256,1,1,1,1
22.3500,9920,1,1,109114,0,209989,0.519620,1,1,34,34,1652584,27.51579,0.00382,2.39703,0.00319,1,1,3,1.384310,1.000000,1.118128,0.013909,0.013942,14.975401,16375,-0.000931,0.076404,87305,35690,19282,12506,8543,6147,4783,3647,32085,1,1,1,1
22.4000,9920,1,1,110047,1,210866,0.521884,5,64,64,575,74265,27.55044,0.00382,2.39703,0.00319,0,1,3,16.929817,16.227840,16.227840,-0.003555,-0.003270,14.957818,15885,0.000219,0.074205,87650,35952,19816,12286,8541,6184,4878,3808,31750,1,1,1,1
23.0000,9920,1,1,111268,0,213618,0.520876,1,1,52,62,1791245,27.96633,0.00382,2.39703,0.00319,1,1,3,1.411512,1.000000,1.092306,-0.211358,-0.211323,14.750153,9930,0.014327,0.047040,88746,36290,19785,12533,8736,6390,4782,3870,32485,1,1,1,1
23.9000,9920,1,1,114186,0,219005,0.521388,6,4,13,42,258164,28.59016,0.00382,2.39703,0.00319,1,1,2,1.414212,1.000000,2.114100,-0.523313,-0.523278,14.438205,1001,0.036243,0.004844,90736,37764,20173,13025,8915,6484,4787,3864,33256,1,1,1,1
22.3500,9932,1,1,109942,0,210420,0.522491,2,10,10,20,357771,27.51421,0.00165,2.39172,0.00347,1,1,2,1.348605,1.000000,4.303159,0.011978,0.012008,14.973518,16391,-0.000802,0.076396,87208,35663,19695,12405,8627,6275,4831,3837,31878,1,1,1,1
22.4000,9932,1,1,109762,0,210451,0.521559,6,3,16,61,1537979,27.54882,0.00165,2.39172,0.00347,1,1,2,1.413759,1.000000,1.751023,-0.005284,-0.005249,14.956231,15895,0.000351,0.074170,86926,36007,19682,12444,8596,6290,4679,3742,32084,1,1,1,1
23.0000,9932,1,1,111404,0,213834,0.520986,4,5,41,41,634276,27.96477,0.00165,2.39172,0.00347,1,1,2,1.409833,1.000000,2.709534,-0.213279,-0.213244,14.748230,9935,0.014459,0.047013,88880,36079,19803,12555,8724,6365,4886,3771,32770,1,1,1,1
23.9000,9932,1,1,114291,1,219409,0.520906,1,60,60,238,5100228,28.58854,0.00165,2.39172,0.00347,0,0,3,8.424795,7.713423,7.713423,-0.525220,-0.525005,14.436303,998,0.036367,0.004825,91153,37294,20373,12993,8710,6451,5014,3935,33485,1,1,1,1
22.3500,9944,1,1,110217,1,210366,0.523932,4,22,22,1115,193928,27.51732,0.00157,2.39580,0.00359,0,1,3,7.979645,7.059171,7.059171,0.013488,0.013697,14.975239,16413,-0.000915,0.076397,87360,35477,19624,12543,8562,6261,4790,3749,31999,1,1,1,1
22.4000,9944,1,1,109914,0,210478,0.522214,1,11,55,112,961106,27.55197,0.00157,2.39580,0.00359,1,0,2,1.138542,1.000000,1.905519,-0.003766,-0.003753,14.957786,15916,0.000251,0.074170,87138,36104,19663,12071,8619,6224,4676,3918,32064,1,1,1,1
23.0000,9944,1,1,111728,0,213909,0.522318,4,3,20,74,122208,27.96790,0.00157,2.39580,0.00359,1,1,2,1.346604,1.000000,1.550258,-0.211722,-0.211692,14.749752,9949,0.014352,0.047017,88713,36252,20015,12513,8598,6257,4996,3782,32782,1,1,1,1
23.9000,9944,1,1,114593,1,219604,0.521819,1,4,15,59,304950,28.59169,0.00157,2.39580,0.00359,0,1,3,3.075527,2.445499,2.445499,-0.523640,-0.523527,14.437854,1000,0.036261,0.004828,90977,37687,20396,12866,8894,6573,5055,3846,33309,1,1,1,1
22.3500,9956,1,1,110198,0,211016,0.522228,3,2,15,182,2188522,27.51617,0.00171,2.39380,0.00556,1,1,3,1.402874,1.000000,1.383512,0.013078,0.013112,14.974582,16430,-0.000876,0.076388,87503,35968,19516,12341,8743,6326,4884,3880,31854,1,1,1,1
22.4000,9956,1,1,110109,1,210889,0.522121,1,5,11,204,504034,27.55084,0.00171,2.39380,0.00556,0,1,3,3.843377,2.811177,2.811177,-0.004295,-0.004160,14.957164,15933,0.000278,0.074163,87484,35941,19386,12607,8548,6256,4827,3756,32083,1,1,1,1
23.0000,9956,1,1,112251,1,214895,0.522355,1,2,20,20,252098,27.96676,0.00171,2.39380,0.00556,0,0,3,1.858989,1.399543,1.399543,-0.212217,-0.212155,14.749282,9959,0.014384,0.047009,89424,36378,20103,12623,8831,6346,5024,3834,32331,1,1,1,1
23.9000,9956,1,1,114160,0,219681,0.519665,1,8,15,618,433076,28.59056,0.00171,2.39380,0.00556,1,1,2,1.298372,1.000000,3.245759,-0.524162,-0.524136,14.437290,998,0.036304,0.004813,91341,37158,20486,12732,8835,6541,5098,3973,33516,1,1,1,1
22.3500,9968,1,1,109992,0,210958,0.521395,1,4,15,43,185364,27.51920,0.00104,2.39947,0.00414,1,1,2,1.398650,1.000000,2.468325,0.014243,0.014277,14.975774,16451,-0.000953,0.076387,87573,35808,19751,12422,8695,6109,4808,3748,32043,1,1,1,1
22.4000,9968,1,1,110398,0,211603,0.521725,19,8,26,29,1596129,27.55390,0.00104,2.39947,0.00414,1,1,2,1.134377,1.000000,1.327026,-0.003073,-0.003060,14.958286,15952,0.000205,0.074157,87766,36027,19611,12544,8691,6335,4711,3830,32087,1,1,1,1
23.0000,9968,1,1,112153,1,214817,0.522089,1,1,5,175,438364,27.96980,0.00104,2.39947,0.00414,0,1,3,1.642004,1.191380,1.191380,-0.211021,-0.210971,14.750533,9971,0.014303,0.047005,88980,36659,20106,12640,8677,6389,4823,3788,32754,1,1,1,1
23.9000,9968,1,1,114392,0,220068,0.519805,1,33,33,198,872277,28.59362,0.00104,2.39947,0.00414,1,1,2,1.037367,1.000000,1.311335,-0.522934,-0.522931,14.438619,1000,0.036217,0.004816,91498,37368,20600,12883,8773,6517,5010,3909,33509,1,1,1,1
22.3500,9980,1,1,110130,0,211154,0.521565,4,1,9,405,173713,27.51202,0.00104,2.39914,0.00573,1,1,3,1.379569,1.000000,1.030043,0.010643,0.010675,14.972222,16466,-0.000713,0.076383,87696,35833,19472,12520,8673,6261,4887,3730,32081,1,1,1,1
22.4000,9980,1,1,110391,1,211290,0.522464,2,1,36,36,1237699,27.54668,0.00104,2.39914,0.00573,0,0,3,1.263881,1.043417,1.043417,-0.006681,-0.006658,14.954733,15967,0.000445,0.074155,87262,36089,19880,12409,8620,6290,4822,3919,31998,1,1,1,1
23.0000,9980,1,1,112238,0,214776,0.522584,8,11,41,285,116910,27.96257,0.00104,2.39914,0.00573,1,1,2,1.377761,1.000000,5.004347,-0.214710,-0.214678,14.746826,9979,0.014558,0.046998,88805,36710,20203,12533,8709,6315,4793,3805,32902,1,1,1,1
23.9000,9980,1,1,115096,0,220450,0.522098,1,25,25,48,583346,28.58640,0.00104,2.39914,0.00573,1,1,2,1.066800,1.000000,1.833375,-0.526575,-0.526569,14.434710,997,0.036479,0.004797,91512,37449,20711,12949,8982,6526,5091,3853,33376,1,1,1,1
22.3500,9992,1,1,110230,0,211085,0.522209,5,2,130,130,1283034,27.50725,0.00118,2.39304,0.00471,1,1,3,1.347258,1.000000,1.198074,0.008330,0.008360,14.969805,16490,-0.000558,0.076415,87303,35919,19643,12446,8796,6229,4758,3768,32222,1,1,1,1
22.4000,9992,1,1,110078,0,211396,0.520722,1,1,22,92,1362743,27.54186,0.00118,2.39304,0.00471,1,1,3,1.404476,1.000000,1.024366,-0.008966,-0.008932,14.952539,15991,0.000597,0.074188,88002,35376,19786,12472,8498,6364,4894,3787,32216,1,1,1,1
23.0000,9992,1,1,112639,1,215877,0.521776,3,6,14,107,20833566,27.95781,0.00118,2.39304,0.00471,0,1,3,2.088291,1.872706,1.872706,-0.216972,-0.216898,14.744643,9999,0.014710,0.047043,89932,36731,19950,12728,8804,6330,4818,3895,32688,1,1,1,1
23.9000,9992,1,1,114931,1,220543,0.521130,1,3,89,89,3309786,28.58158,0.00118,2.39304,0.00471,0,1,3,2.528254,1.863811,1.863811,-0.528861,-0.528768,14.432629,1003,0.036637,0.004821,91429,37446,20523,12880,8934,6655,5078,3915,33682,1,1,1,1
