k,n,ok,brk,idx,parity,len,irat,pqat,pqnext,pqw5,pqw20,pqmax,logh11,logh22,logmz,logg0,incone,redst,jhi,rho,rho2,skew,loglam1,logcone,logq,v2qp,dinf,d2,q1,q2,q3,q4,q5,q6,q7,q8,q9,cY,cX,cIdx,intq
22.3500,5350,1,1,58764,0,113108,0.519543,2,2,25,671,254666,27.45491,0.00207,2.33322,0.01053,1,0,2,1.361954,1.000000,1.472840,-0.017672,-0.017615,14.943789,8826,0.001179,0.076520,47043,19035,10445,6665,4703,3407,2526,1966,17317,1,1,1,1
22.4000,5350,1,1,58973,1,113438,0.519874,1,58,58,389,242918,27.48964,0.00207,2.33322,0.01053,0,1,3,11.000472,10.290827,10.290827,-0.035218,-0.034770,14.926194,8558,0.002329,0.074284,47086,19206,10486,6786,4687,3292,2604,2075,17215,1,1,1,1
23.0000,5350,1,1,60191,1,115223,0.522392,2,9,99,99,231656,27.90552,0.00207,2.33322,0.01053,0,1,3,5.692361,4.619451,4.619451,-0.243087,-0.242762,14.718192,5348,0.016494,0.047077,47618,19558,10900,6779,4741,3509,2559,2017,17541,1,1,1,1
23.9000,5350,1,1,61154,0,118208,0.517347,1,2,7,86,661972,28.52936,0.00207,2.33322,0.01053,1,1,3,1.328564,1.000000,1.246736,-0.554881,-0.554828,14.406446,533,0.038512,0.004793,49061,20055,11118,6816,4744,3612,2678,2108,18015,1,1,1,1
22.3500,5351,1,1,59083,1,113469,0.520702,1,3,41,42,73797,27.45443,0.00207,2.33471,0.00873,0,1,3,1.467318,1.048212,1.048212,-0.017830,-0.017758,14.943625,8826,0.001188,0.076507,46964,19469,10656,6631,4656,3400,2550,2033,17109,1,1,1,1
22.4000,5351,1,1,59156,0,113663,0.520455,3,3,212,212,529483,27.48915,0.00207,2.33471,0.00873,1,1,2,1.411842,1.000000,1.761157,-0.035243,-0.035179,14.926190,8558,0.002357,0.074270,47197,19593,10399,6734,4652,3291,2557,1963,17276,1,1,1,1
23.0000,5351,1,1,60181,1,115374,0.521621,21,5,21,157,210201,27.90509,0.00207,2.33471,0.00873,0,1,3,1.326487,1.011434,1.011434,-0.243160,-0.243108,14.718314,5348,0.016517,0.047068,47772,19697,10651,6891,4692,3527,2595,2005,17543,1,1,1,1
23.9000,5351,1,1,61729,1,118780,0.519696,2,27,27,27,328652,28.52881,0.00207,2.33471,0.00873,0,1,3,12.208298,10.858406,10.858406,-0.555242,-0.554775,14.406094,534,0.038510,0.004802,49187,20459,11069,6994,4851,3618,2797,2104,17700,1,1,1,1
22.3500,5352,1,1,59088,0,113795,0.519254,1,2,37,99,58118,27.45290,0.00220,2.33507,0.00798,1,0,2,1.406496,1.000000,1.476479,-0.018654,-0.018591,14.942786,8830,0.001244,0.076531,47337,19472,10558,6607,4618,3371,2719,2025,17087,1,1,1,1
22.4000,5352,1,1,58684,0,113211,0.518364,2,9,24,46,203829,27.48748,0.00220,2.33507,0.00798,1,1,2,1.321448,1.000000,3.596796,-0.036028,-0.035976,14.925442,8562,0.002410,0.074295,46997,19255,10497,6575,4518,3510,2476,2009,17373,1,1,1,1
23.0000,5352,1,1,60177,1,115614,0.520504,3,4,17,46,321421,27.90347,0.00220,2.33507,0.00798,0,1,3,1.684370,1.590767,1.590767,-0.243945,-0.243847,14.717634,5353,0.016568,0.047105,48001,19732,10798,6807,4716,3408,2662,2026,17463,1,1,1,1
23.9000,5352,1,1,61359,1,118023,0.519895,1,7,7,14,11451335,28.52720,0.00220,2.33507,0.00798,0,0,3,2.660110,2.071588,2.071588,-0.555837,-0.555654,14.405588,534,0.038572,0.004801,48815,20124,11042,6971,4722,3575,2723,2166,17884,1,1,1,1
22.3500,5353,1,1,58706,0,113201,0.518604,16,3,28,28,502195,27.44877,0.00403,2.32642,0.01188,1,1,3,1.371408,1.000000,1.386137,-0.019753,-0.019694,14.941706,8827,0.001318,0.076496,46915,19299,10626,6633,4590,3350,2588,2004,17195,1,1,1,1
22.4000,5353,1,1,58860,0,112983,0.520968,1,10,10,1428,224093,27.48348,0.00403,2.32642,0.01188,1,0,2,1.258742,1.000000,3.430223,-0.037191,-0.037148,14.924288,8559,0.002489,0.074260,46727,19484,10266,6573,4595,3394,2665,1993,17285,1,1,1,1
23.0000,5353,1,1,59856,0,115467,0.518386,2,193,193,193,126474,27.89939,0.00403,2.32642,0.01188,1,0,2,1.013519,1.000000,2.673836,-0.245124,-0.245121,14.716364,5347,0.016656,0.047048,48022,19588,10890,6854,4652,3418,2560,2033,17449,1,1,1,1
23.9000,5353,1,1,61331,1,117894,0.520226,1,99,394,394,327025,28.52313,0.00403,2.32642,0.01188,0,0,3,5.939957,5.275066,5.275066,-0.557059,-0.556726,14.404366,530,0.038650,0.004764,48644,20177,11099,6889,4820,3534,2649,2083,17998,1,1,1,1
22.3500,5354,1,1,59028,0,113492,0.520112,1,1,6,699,163626,27.45461,0.00233,2.32906,0.00933,1,1,3,1.367825,1.000000,1.077689,-0.017613,-0.017555,14.943746,8832,0.001175,0.076515,47167,19296,10525,6678,4610,3347,2593,2072,17203,1,1,1,1
22.4000,5354,1,1,58985,1,113359,0.520343,1,4,66,66,698104,27.48931,0.00233,2.32906,0.00933,0,1,3,1.833947,1.298250,1.079954,-0.034961,-0.034848,14.926519,8561,0.002335,0.074253,46873,19189,10687,6723,4547,3433,2619,1988,17299,1,1,1,1
23.0000,5354,1,1,59922,0,115394,0.519286,1,5,27,32,218905,27.90528,0.00233,2.32906,0.00933,1,1,2,1.381269,1.000000,2.691738,-0.243032,-0.242971,14.718424,5349,0.016508,0.047050,47696,19582,10919,6911,4717,3424,2625,2051,17468,1,1,1,1
23.9000,5354,1,1,61393,1,118329,0.518837,37,10,37,165,15967936,28.52903,0.00233,2.32906,0.00933,0,0,3,1.330045,1.303973,1.303973,-0.554841,-0.554788,14.405967,530,0.038511,0.004763,48956,20352,10973,7001,4915,3470,2624,2088,17949,1,1,1,1
22.3500,5355,1,1,59086,0,113365,0.521206,1,2,9,101,781234,27.45492,0.00181,2.32760,0.00739,1,0,3,1.342496,1.000000,1.124603,-0.017807,-0.017752,14.943660,8837,0.001188,0.076544,47054,19345,10574,6576,4519,3374,2621,2001,17300,1,1,1,1
22.4000,5355,1,1,59292,0,113620,0.521849,10,33,33,404,1019044,27.48961,0.00181,2.32760,0.00739,1,0,2,1.052289,1.000000,1.789853,-0.035195,-0.035186,14.926292,8568,0.002357,0.074301,46861,19633,10757,6669,4532,3346,2554,2078,17189,1,1,1,1
23.0000,5355,1,1,59935,1,115295,0.519845,17,44,96,96,1765025,27.90550,0.00181,2.32760,0.00739,0,1,3,15.436366,14.241555,14.241555,-0.243333,-0.242822,14.718660,5356,0.016498,0.047102,47514,19891,10828,6887,4647,3427,2576,2105,17419,1,1,1,1
23.9000,5355,1,1,61572,0,118499,0.519604,2,116,116,1281,1357502,28.52927,0.00181,2.32760,0.00739,1,1,2,1.115714,1.000000,14.353071,-0.555218,-0.555197,14.406268,538,0.038539,0.004834,49343,19940,11141,7117,4774,3466,2752,2049,17916,1,1,1,1
22.3500,5356,1,1,58846,0,113227,0.519722,1,24,154,523,374692,27.45144,0.00194,2.32084,0.00847,1,1,2,1.266254,1.000000,7.804574,-0.019622,-0.019578,14.941652,8838,0.001310,0.076549,46962,19226,10604,6711,4537,3203,2528,2058,17397,1,1,1,1
22.4000,5356,1,1,58756,0,113077,0.519615,1,10,10,27,1294926,27.48612,0.00194,2.32084,0.00847,1,0,2,1.110276,1.000000,1.392667,-0.036797,-0.036777,14.924689,8570,0.002464,0.074312,46884,19164,10504,6572,4553,3347,2564,2060,17428,1,1,1,1
23.0000,5356,1,1,60004,0,114990,0.521824,1,2,76,76,91370,27.90206,0.00194,2.32084,0.00847,1,1,2,1.414087,1.000000,1.720391,-0.244791,-0.244726,14.716635,5356,0.016629,0.047100,47548,19576,10689,6832,4600,3415,2631,2073,17625,1,1,1,1
23.9000,5356,1,1,61168,0,118266,0.517211,1,1,53,53,1131884,28.52584,0.00194,2.32084,0.00847,1,0,3,1.413313,1.000000,1.175119,-0.556647,-0.556582,14.404782,536,0.038639,0.004816,49044,20171,11006,7058,4744,3414,2692,2171,17965,1,1,1,1
22.3500,5357,1,1,58901,1,113468,0.519102,1,9,19,100,522911,27.45372,0.00207,2.32024,0.00764,0,0,3,3.073936,2.339047,2.339047,-0.018254,-0.018045,14.943219,8836,0.001208,0.076509,47306,19248,10541,6541,4541,3331,2515,2073,17371,1,1,1,1
22.4000,5357,1,1,59103,1,113604,0.520259,2,28,48,75,103262,27.48840,0.00207,2.32024,0.00764,0,1,3,3.368991,2.935881,2.935881,-0.035615,-0.035388,14.926071,8568,0.002371,0.074274,47041,19293,10614,6655,4607,3346,2647,2010,17390,1,1,1,1
23.0000,5357,1,1,59876,0,115409,0.518820,10,86,86,86,59568,27.90439,0.00207,2.32024,0.00764,1,1,2,1.413317,1.000000,43.232451,-0.243862,-0.243798,14.717554,5353,0.016565,0.047061,47837,19517,10733,6840,4770,3427,2549,2055,17680,1,1,1,1
23.9000,5357,1,1,61457,1,118209,0.519906,1,13,14,35,353574,28.52819,0.00207,2.32024,0.00764,0,1,3,8.093410,6.612339,6.612339,-0.555584,-0.555193,14.406291,532,0.038538,0.004778,49173,20123,10814,6926,4790,3461,2693,2082,18146,1,1,1,1
22.3500,5358,1,1,59316,0,113705,0.521670,2,3,8,18,487866,27.45607,0.00194,2.32174,0.00715,1,0,3,1.270750,1.000000,1.177497,-0.017167,-0.017122,14.944310,8839,0.001146,0.076516,47360,19159,10614,6790,4669,3423,2550,1980,17159,1,1,1,1
22.4000,5358,1,1,59164,0,113659,0.520544,254,27,254,254,2626816,27.49074,0.00194,2.32174,0.00715,1,0,2,1.040225,1.000000,1.118230,-0.034497,-0.034490,14.926990,8571,0.002311,0.074282,47225,19149,10710,6637,4635,3465,2586,2039,17212,1,1,1,1
23.0000,5358,1,1,60083,1,115616,0.519682,1,5,39,99,73655,27.90666,0.00194,2.32174,0.00715,0,1,3,4.227419,3.291972,3.291972,-0.242554,-0.242285,14.718864,5356,0.016461,0.047075,47758,19569,10899,6918,4700,3475,2694,2121,17481,1,1,1,1
23.9000,5358,1,1,61463,1,118337,0.519394,1,18,18,22,245775,28.53046,0.00194,2.32174,0.00715,0,1,3,3.138715,2.631466,2.631466,-0.554437,-0.554224,14.407227,534,0.038468,0.004795,48981,20289,10980,7030,4751,3546,2636,2083,18040,1,1,1,1
22.3500,5359,1,1,59217,1,113618,0.521198,1,445,445,445,1215811,27.45228,0.00319,2.31722,0.00741,0,1,3,269.594167,214.892326,214.892326,-0.018876,-0.017831,14.943656,8839,0.001193,0.076505,47294,19402,10512,6555,4604,3317,2566,1977,17390,1,1,1,1
22.4000,5359,1,1,59167,1,113660,0.520566,187,5,187,187,267194,27.48695,0.00319,2.31722,0.00741,0,1,3,1.951520,1.803045,1.803045,-0.035758,-0.035633,14.925840,8571,0.002387,0.074274,47284,19426,10379,6727,4584,3273,2526,2003,17457,1,1,1,1
23.0000,5359,1,1,59804,0,115110,0.519542,1,8,19,134,126795,27.90291,0.00319,2.31722,0.00741,1,1,2,1.386897,1.000000,4.032271,-0.243820,-0.243759,14.717634,5355,0.016562,0.047061,47629,19724,10618,6868,4500,3438,2655,2055,17622,1,1,1,1
23.9000,5359,1,1,61263,1,117974,0.519297,12,13,13,50,166236,28.52673,0.00319,2.31722,0.00741,0,1,3,3.140349,2.726678,2.726678,-0.555693,-0.555479,14.405979,533,0.038559,0.004785,48801,20018,11039,6902,4772,3459,2795,2136,18051,1,1,1,1
22.3500,5360,1,1,58954,0,113452,0.519643,1,1,8,65,516595,27.45343,0.00207,2.32141,0.00910,1,0,3,1.392369,1.000000,1.113336,-0.018454,-0.018392,14.942997,8844,0.001231,0.076537,47107,19289,10639,6634,4613,3389,2501,2036,17243,1,1,1,1
22.4000,5360,1,1,59759,1,114369,0.522515,2,78,78,78,72346,27.48809,0.00207,2.32141,0.00910,0,1,3,12.881859,12.544654,12.544654,-0.036009,-0.035532,14.925953,8576,0.002381,0.074302,47581,19525,10815,6871,4489,3427,2480,2049,17131,1,1,1,1
23.0000,5360,1,1,59840,0,115188,0.519503,1,82,82,133,96982,27.90398,0.00207,2.32141,0.00910,1,0,2,1.117483,1.000000,10.417843,-0.243935,-0.243915,14.717551,5360,0.016573,0.047097,47827,19431,10673,6696,4601,3533,2582,2029,17815,1,1,1,1
23.9000,5360,1,1,61838,0,118548,0.521633,1,1,28,140,404012,28.52781,0.00207,2.32141,0.00910,1,0,3,1.389324,1.000000,1.189721,-0.555648,-0.555587,14.405804,537,0.038567,0.004821,49354,19942,11049,7003,4883,3422,2764,2156,17974,1,1,1,1
22.3500,5361,1,1,59170,0,113511,0.521276,1,23,23,43,158716,27.45298,0.00220,2.32280,0.00715,1,1,2,1.126160,1.000000,3.247157,-0.018670,-0.018648,14.942445,8843,0.001248,0.076517,47066,19392,10633,6616,4613,3361,2575,2086,17168,1,1,1,1
22.4000,5361,1,1,59059,1,113905,0.518498,3,7,97,97,221338,27.48763,0.00220,2.32280,0.00715,0,1,3,3.757252,3.240043,3.240043,-0.035994,-0.035747,14.925729,8574,0.002395,0.074272,47349,19347,10590,6646,4664,3469,2571,1990,17278,1,1,1,1
23.0000,5361,1,1,60061,1,115555,0.519766,3,7,22,88,46768,27.90357,0.00220,2.32280,0.00715,0,1,3,2.962953,2.601182,2.601182,-0.243944,-0.243742,14.717725,5357,0.016561,0.047061,47998,19557,10592,6766,4812,3343,2713,2078,17695,1,1,1,1
23.9000,5361,1,1,61806,0,118646,0.520932,4,12,33,2442,615224,28.52729,0.00220,2.32280,0.00715,1,1,2,1.183679,1.000000,2.508710,-0.555798,-0.555766,14.405394,533,0.038580,0.004784,49335,20165,11180,6834,4871,3550,2673,2038,17999,1,1,1,1
22.3500,5362,1,1,59153,1,113294,0.522124,2,4,136,502,164306,27.44967,0.00323,2.32131,0.00714,0,1,3,3.178111,2.531595,2.531595,-0.019739,-0.019524,14.941579,8844,0.001307,0.076516,47075,19110,10536,6667,4596,3385,2561,2037,17326,1,1,1,1
22.4000,5362,1,1,58919,1,113675,0.518316,2,31,44,318,1131763,27.48432,0.00323,2.32131,0.00714,0,1,3,19.177803,15.339969,15.339969,-0.037230,-0.036679,14.924803,8576,0.002458,0.074281,47233,19243,10610,6573,4632,3374,2594,2077,17338,1,1,1,1
23.0000,5362,1,1,60320,0,116129,0.519427,1,1,9,19,447063,27.90031,0.00323,2.32131,0.00714,1,1,3,1.363800,1.000000,1.049023,-0.244974,-0.244916,14.716383,5358,0.016642,0.047065,48538,19721,10722,6722,4741,3456,2682,2007,17539,1,1,1,1
23.9000,5362,1,1,61760,0,118451,0.521401,1,2,96,499,533048,28.52404,0.00323,2.32131,0.00714,1,0,2,1.364158,1.000000,1.491336,-0.556873,-0.556815,14.404588,533,0.038655,0.004783,49235,20068,11045,6878,4778,3643,2693,2093,18017,1,1,1,1
22.3500,5363,1,1,59294,0,113506,0.522391,1,19,19,65,68189,27.44768,0.00618,2.31865,0.00791,1,1,2,1.374564,1.000000,8.974642,-0.019464,-0.019405,14.941994,8845,0.001299,0.076508,47221,19319,10524,6593,4684,3331,2526,2013,17294,1,1,1,1
22.4000,5363,1,1,59233,1,113894,0.520076,1,41,41,41,363221,27.48232,0.00618,2.31865,0.00791,0,1,3,1.829534,1.312383,1.123145,-0.036587,-0.036474,14.924850,8577,0.002444,0.074275,47325,19536,10567,6703,4560,3284,2626,1979,17313,1,1,1,1
23.0000,5363,1,1,60310,0,116122,0.519372,2,1,3,940,201839,27.89823,0.00618,2.31865,0.00791,1,1,3,1.413517,1.000000,1.127785,-0.244542,-0.244477,14.716887,5360,0.016612,0.047072,48349,19813,10858,6876,4641,3457,2573,2049,17505,1,1,1,1
23.9000,5363,1,1,61506,0,118622,0.518509,13,2,13,13,108716,28.52198,0.00618,2.31865,0.00791,1,1,3,1.279112,1.000000,1.006521,-0.556398,-0.556352,14.405099,533,0.038622,0.004782,49159,20198,11112,6912,4790,3500,2695,2122,18133,1,1,1,1
22.3500,5364,1,1,58988,0,113374,0.520300,1,7,47,47,352174,27.45286,0.00272,2.31647,0.00778,1,1,2,1.412068,1.000000,4.210007,-0.018486,-0.018422,14.942947,8847,0.001233,0.076506,46785,19321,10607,6686,4655,3326,2626,2037,17330,1,1,1,1
22.4000,5364,1,1,59654,0,114313,0.521852,1,2,16,61,398799,27.48749,0.00272,2.31647,0.00778,1,1,3,1.398808,1.000000,1.395268,-0.035699,-0.035636,14.925692,8579,0.002388,0.074274,47632,19441,10541,6740,4635,3376,2697,2081,17169,1,1,1,1
23.0000,5364,1,1,60036,0,115562,0.519518,1,3,12,33,219442,27.90346,0.00272,2.31647,0.00778,1,1,2,1.411307,1.000000,2.005534,-0.243716,-0.243651,14.717719,5360,0.016555,0.047061,47906,19748,10674,6699,4647,3454,2660,2080,17693,1,1,1,1
23.9000,5364,1,1,61661,1,118713,0.519417,2,12,13,68,154513,28.52721,0.00272,2.31647,0.00778,0,0,3,1.590123,1.291026,1.291026,-0.555551,-0.555465,14.405739,533,0.038559,0.004781,49571,19953,10958,6975,4967,3435,2758,2155,17940,1,1,1,1
22.3500,5365,1,1,58759,1,113459,0.517892,2,22,22,74,2762646,27.45032,0.00475,2.31586,0.00989,0,1,3,2.962489,2.238650,2.131605,-0.018635,-0.018432,14.942986,8848,0.001234,0.076500,47009,19385,10460,6578,4670,3417,2584,2065,17290,1,1,1,1
22.4000,5365,1,1,59065,1,113451,0.520626,1,33,125,125,490394,27.48507,0.00475,2.31586,0.00989,0,1,3,10.918317,10.338238,10.338238,-0.036160,-0.035714,14.925773,8577,0.002393,0.074243,46869,19202,10577,6765,4674,3385,2530,2074,17374,1,1,1,1
23.0000,5365,1,1,60152,0,115451,0.521022,6,91,91,91,459406,27.90096,0.00475,2.31586,0.00989,1,1,2,1.396930,1.000000,43.487373,-0.244238,-0.244176,14.717151,5357,0.016591,0.047028,47566,19632,10986,6850,4702,3450,2694,2078,17492,1,1,1,1
23.9000,5365,1,1,61418,0,118095,0.520077,1,13,13,78,69926,28.52473,0.00475,2.31586,0.00989,1,1,2,1.218683,1.000000,3.506769,-0.555886,-0.555849,14.405344,529,0.038586,0.004744,48798,20033,11034,7087,4745,3453,2714,2085,18145,1,1,1,1
22.3500,5366,1,1,59054,0,113693,0.519421,2,11,33,180,160143,27.45527,0.00247,2.32017,0.00894,1,0,2,1.101179,1.000000,1.307493,-0.017338,-0.017320,14.944149,8855,0.001159,0.076541,47190,19415,10675,6575,4575,3393,2621,1957,17291,1,1,1,1
22.4000,5366,1,1,59269,1,113566,0.521895,2,3,21,91,525273,27.48989,0.00247,2.32017,0.00894,0,1,3,2.956029,2.127387,2.127387,-0.034694,-0.034492,14.926959,8584,0.002311,0.074284,47108,19323,10443,6663,4640,3318,2583,2026,17461,1,1,1,1
23.0000,5366,1,1,59997,1,115268,0.520505,3,38,38,549,308538,27.90583,0.00247,2.32017,0.00894,0,1,3,7.925592,7.441417,7.441417,-0.242782,-0.242396,14.719082,5364,0.016468,0.047074,47656,19446,10901,6844,4750,3383,2654,2070,17563,1,1,1,1
23.9000,5366,1,1,61727,1,118763,0.519754,4,51,54,94,294746,28.52961,0.00247,2.32017,0.00894,0,1,3,3.917691,3.157750,3.091750,-0.554590,-0.554335,14.407105,535,0.038477,0.004797,49298,20332,10999,7005,4784,3518,2701,2050,18075,1,1,1,1
22.3500,5367,1,1,59279,1,113892,0.520489,2,3,21,161,669512,27.45407,0.00194,2.31816,0.00840,0,1,3,1.993603,1.438015,1.438015,-0.018166,-0.018038,14.943355,8852,0.001207,0.076505,47152,19380,10792,6738,4583,3396,2637,2034,17179,1,1,1,1
22.4000,5367,1,1,59405,1,113852,0.521778,6,5,15,142,199886,27.48868,0.00194,2.31816,0.00840,0,0,3,1.360046,1.225487,1.225487,-0.035460,-0.035402,14.925666,8585,0.002372,0.074285,47197,19566,10519,6675,4736,3397,2568,2010,17183,1,1,1,1
23.0000,5367,1,1,60269,1,115590,0.521408,1,25,123,1333,253405,27.90467,0.00194,2.31816,0.00840,0,1,3,2.383990,1.775383,1.660396,-0.243483,-0.243321,14.717963,5363,0.016532,0.047060,47791,19648,10746,6792,4842,3377,2655,2092,17646,1,1,1,1
23.9000,5367,1,1,61796,0,118646,0.520848,11,26,92,101,100842,28.52846,0.00194,2.31816,0.00840,1,1,2,1.317552,1.000000,9.626590,-0.555545,-0.555494,14.405773,534,0.038560,0.004787,49429,20001,11078,6842,4834,3536,2746,2155,18024,1,1,1,1
22.3500,5368,1,1,59076,0,113676,0.519692,2,19,43,43,293200,27.45575,0.00207,2.31614,0.00817,1,1,2,1.252095,1.000000,5.583265,-0.017342,-0.017300,14.943920,8856,0.001158,0.076522,47085,19580,10442,6592,4647,3362,2629,2007,17331,1,1,1,1
22.4000,5368,1,1,59612,0,114180,0.522093,2,2,37,42,776309,27.49049,0.00207,2.31614,0.00817,1,1,3,1.413075,1.000000,1.243649,-0.034567,-0.034503,14.926863,8587,0.002311,0.074282,47561,19248,10662,6661,4622,3454,2583,2070,17318,1,1,1,1
23.0000,5368,1,1,60360,0,115722,0.521599,1,9,27,719,151626,27.90640,0.00207,2.31614,0.00817,1,1,2,1.413319,1.000000,5.069039,-0.242658,-0.242593,14.718772,5366,0.016482,0.047075,47985,19624,10707,6837,4758,3497,2602,2108,17603,1,1,1,1
23.9000,5368,1,1,61793,1,118545,0.521266,4,4,4,65,68118,28.53021,0.00207,2.31614,0.00817,0,1,3,3.065011,2.358049,2.358049,-0.554490,-0.554281,14.407163,536,0.038473,0.004804,49125,19953,11122,7166,4908,3512,2696,2088,17974,1,1,1,1
22.3500,5369,1,1,59196,0,113859,0.519911,5,1078,1078,1078,189459,27.45517,0.00219,2.31732,0.01034,1,0,2,1.017123,1.000000,18.629573,-0.017764,-0.017760,14.943724,8854,0.001188,0.076491,47349,19316,10635,6795,4466,3487,2509,1995,17306,1,1,1,1
22.4000,5369,1,1,59037,1,113995,0.517896,1,1,284,284,162399,27.48977,0.00219,2.31732,0.01034,0,0,3,1.785992,1.264275,1.264275,-0.034810,-0.034702,14.926648,8585,0.002325,0.074252,47471,19246,10719,6636,4555,3401,2655,2061,17250,1,1,1,1
23.0000,5369,1,1,60290,0,115595,0.521567,1,2,39,40,364172,27.90574,0.00219,2.31732,0.01034,1,1,3,1.339796,1.000000,1.310424,-0.242797,-0.242742,14.718540,5363,0.016492,0.047041,47747,19821,10716,6728,4675,3504,2682,2114,17607,1,1,1,1
23.9000,5369,1,1,61285,1,118201,0.518486,5,4,9,78,321948,28.52956,0.00219,2.31732,0.01034,0,1,3,2.325138,1.952195,1.952195,-0.554743,-0.554586,14.406865,531,0.038495,0.004758,49040,20022,10914,6951,4766,3563,2701,2114,18129,1,1,1,1
22.3500,5370,1,1,59352,0,114054,0.520390,1,3,14,35,132662,27.45530,0.00219,2.31568,0.00794,1,1,2,1.300737,1.000000,1.514165,-0.017419,-0.017370,14.943885,8855,0.001162,0.076485,47461,19216,10584,6763,4583,3520,2562,2035,17329,1,1,1,1
22.4000,5370,1,1,59211,1,113859,0.520043,9,15,15,15,4480710,27.49003,0.00219,2.31568,0.00794,0,1,3,3.206611,2.826228,2.826228,-0.034839,-0.034622,14.926841,8586,0.002319,0.074246,47357,19152,10587,6776,4725,3368,2627,2044,17222,1,1,1,1
23.0000,5370,1,1,59802,0,115634,0.517171,5,2,5,22,316173,27.90591,0.00219,2.31568,0.00794,1,1,3,1.303355,1.000000,1.126448,-0.242691,-0.242642,14.718615,5364,0.016485,0.047041,47914,19678,10692,6874,4680,3492,2554,2147,17602,1,1,1,1
23.9000,5370,1,1,61432,0,118882,0.516752,2,6,19,81,207266,28.52975,0.00219,2.31568,0.00794,1,0,2,1.247199,1.000000,2.020951,-0.554667,-0.554626,14.406812,531,0.038497,0.004757,49414,20178,11174,6886,4852,3485,2732,2181,17979,1,1,1,1
22.3500,5371,1,1,59304,0,113581,0.522134,2,7,939,939,86548803,27.45348,0.00194,2.31348,0.00775,1,1,2,1.185496,1.000000,1.737681,-0.018427,-0.018395,14.942768,8860,0.001231,0.076520,47040,19349,10555,6732,4698,3353,2512,2046,17295,1,1,1,1
22.4000,5371,1,1,59209,1,113893,0.519870,1,470,470,539,64990,27.48819,0.00194,2.31348,0.00775,0,1,3,91.122850,88.838410,88.838410,-0.036155,-0.035315,14.925279,8591,0.002366,0.074283,47217,19491,10562,6736,4592,3339,2621,2049,17285,1,1,1,1
23.0000,5371,1,1,59935,1,115372,0.519498,4,13,37,47,533010,27.90413,0.00194,2.31348,0.00775,0,1,3,4.402885,3.709974,3.709974,-0.243829,-0.243553,14.717899,5367,0.016548,0.047060,47811,19522,10834,6670,4743,3383,2710,2118,17580,1,1,1,1
23.9000,5371,1,1,61812,0,118678,0.520842,1,54,54,54,3892020,28.52785,0.00194,2.31348,0.00775,1,1,2,1.401709,1.000000,26.597436,-0.555871,-0.555808,14.405525,536,0.038583,0.004802,48984,20397,11089,7026,4836,3562,2689,2139,17955,1,1,1,1
22.3500,5372,1,1,58909,1,113592,0.518606,10,6,13,300,260555,27.44807,0.00251,2.31544,0.01044,0,1,3,2.116518,1.744129,1.744129,-0.020930,-0.020790,14.940656,8861,0.001392,0.076525,47108,19163,10720,6551,4592,3426,2629,2085,17317,1,1,1,1
22.4000,5372,1,1,59487,1,114201,0.520902,1,87,87,87,345568,27.48265,0.00251,2.31544,0.01044,0,0,3,7.545701,6.859533,6.859533,-0.038347,-0.037971,14.923081,8594,0.002544,0.074306,47301,19420,10806,6688,4613,3557,2554,2009,17252,1,1,1,1
23.0000,5372,1,1,60163,1,115616,0.520374,2,3,209,209,465242,27.89864,0.00251,2.31544,0.01044,0,1,3,2.446186,1.926726,1.926726,-0.246223,-0.246056,14.715377,5369,0.016721,0.047077,47865,19692,10798,6892,4615,3400,2689,2054,17610,1,1,1,1
23.9000,5372,1,1,61599,1,118612,0.519336,3,3,83,248,117768,28.52237,0.00251,2.31544,0.01044,0,1,3,2.266378,1.725485,1.725485,-0.558079,-0.557927,14.403138,534,0.038736,0.004784,49031,20235,10925,7084,4918,3466,2714,2115,18123,1,1,1,1
22.3500,5373,1,1,59309,1,113713,0.521572,3,187,187,187,320601,27.45601,0.00299,2.32837,0.00747,0,1,3,15.216826,14.742578,14.742578,-0.016873,-0.016366,14.945116,8858,0.001095,0.076462,47254,19230,10598,6769,4672,3348,2527,2062,17252,1,1,1,1
22.4000,5373,1,1,59512,0,114201,0.521121,2,12259,12259,12259,621338,27.49071,0.00299,2.32837,0.00747,1,1,2,1.345559,1.000000,4968.558610,-0.034766,-0.034710,14.926701,8590,0.002325,0.074240,47301,19784,10639,6634,4660,3445,2677,1989,17071,1,1,1,1
23.0000,5373,1,1,60188,0,115449,0.521343,14,116,214,214,564602,27.90663,0.00299,2.32837,0.00747,1,1,2,1.056580,1.000000,6.799528,-0.242109,-0.242099,14.718850,5365,0.016448,0.047022,47604,19652,10905,6742,4755,3389,2700,2061,17640,1,1,1,1
23.9000,5373,1,1,61857,1,118831,0.520550,1,28,28,221,259196,28.53037,0.00299,2.32837,0.00747,0,1,3,10.361843,9.329275,9.329275,-0.554009,-0.553574,14.407422,530,0.038423,0.004746,49333,20295,11156,6879,4877,3504,2615,2096,18075,1,1,1,1
22.3500,5374,1,1,59157,1,113888,0.519436,5,130,130,169,229110,27.45533,0.00206,2.32456,0.00681,0,1,3,38.923526,36.894178,36.894178,-0.017719,-0.017038,14.944448,8862,0.001140,0.076486,47385,19406,10538,6607,4650,3367,2480,2062,17392,1,1,1,1
22.4000,5374,1,1,59190,0,113909,0.519630,1,3,5,37,88478,27.49002,0.00206,2.32456,0.00681,1,0,3,1.196579,1.000000,1.033236,-0.034725,-0.034692,14.926758,8593,0.002324,0.074252,47297,19210,10604,6715,4744,3345,2666,2096,17231,1,1,1,1
23.0000,5374,1,1,60186,0,115815,0.519678,1,3,15,214,120500,27.90599,0.00206,2.32456,0.00681,1,1,2,1.295592,1.000000,1.416194,-0.242747,-0.242698,14.718554,5368,0.016489,0.047041,48208,19467,10672,6792,4746,3480,2687,2067,17695,1,1,1,1
23.9000,5374,1,1,61764,0,118980,0.519117,1,72,72,72,378418,28.52974,0.00206,2.32456,0.00681,1,1,2,1.056167,1.000000,4.244510,-0.554726,-0.554716,14.406762,532,0.038504,0.004763,49127,20238,11339,6997,4891,3516,2797,2143,17931,1,1,1,1
22.3500,5375,1,1,59275,1,113834,0.520719,7,6,21,1834,202144,27.45329,0.00206,2.32650,0.00671,0,1,3,2.340223,2.141035,2.141035,-0.018556,-0.018398,14.942548,8863,0.001231,0.076490,47429,19200,10479,6768,4615,3247,2525,2069,17501,1,1,1,1
22.4000,5375,1,1,59329,1,113786,0.521413,5,377,377,377,479970,27.48798,0.00206,2.32650,0.00671,0,1,3,190.913490,164.717604,164.717604,-0.036306,-0.035329,14.924845,8595,0.002367,0.074265,47061,19520,10535,6778,4538,3333,2602,2071,17347,1,1,1,1
23.0000,5375,1,1,60066,0,115867,0.518409,1,7,56,94,33325361,27.90387,0.00206,2.32650,0.00671,1,1,2,1.394571,1.000000,3.744305,-0.243898,-0.243836,14.717489,5369,0.016568,0.047044,47784,19809,10925,6867,4757,3451,2650,2042,17581,1,1,1,1
23.9000,5375,1,1,61809,1,119128,0.518850,2,9,62,62,137329,28.52763,0.00206,2.32650,0.00671,0,1,3,2.643793,2.542133,2.542133,-0.555745,-0.555565,14.405922,530,0.038565,0.004744,49596,20213,11009,7176,4871,3474,2554,2184,18050,1,1,1,1
22.3500,5376,1,1,59150,0,113760,0.519959,1,54,54,176,161530,27.45264,0.00517,2.32254,0.00584,1,1,2,1.380969,1.000000,25.049729,-0.017511,-0.017451,14.943862,8875,0.001168,0.076572,47343,19325,10552,6706,4566,3353,2630,2045,17239,1,1,1,1
22.4000,5376,1,1,59533,1,113840,0.522958,1,6,1546732,1546732,1546732,27.48733,0.00517,2.32254,0.00584,0,1,3,2.443602,1.762727,1.689658,-0.034599,-0.034433,14.926884,8607,0.002307,0.074344,47214,19341,10574,6707,4664,3366,2532,2045,17396,1,1,1,1
23.0000,5376,1,1,60411,1,115871,0.521369,96,12,96,163,88554,27.90327,0.00517,2.32254,0.00584,0,1,3,2.161911,1.596954,1.543329,-0.242560,-0.242416,14.718992,5381,0.016470,0.047136,48232,19747,10759,6835,4561,3458,2581,1949,17748,1,1,1,1
23.9000,5376,1,1,61613,1,118610,0.519463,3,6,10,93,1926158,28.52705,0.00517,2.32254,0.00584,0,1,3,2.838992,2.437967,2.437967,-0.554495,-0.554301,14.407159,542,0.038474,0.004851,49183,20117,11035,7122,4878,3437,2681,2124,18032,1,1,1,1
22.3500,5377,1,1,59098,0,113993,0.518440,4,579,579,579,36374,27.45937,0.00395,2.32751,0.00578,1,1,2,1.412865,1.000000,288.746236,-0.014937,-0.014873,14.946478,8873,0.000995,0.076527,47425,19331,10584,6787,4588,3391,2604,1963,17319,1,1,1,1
22.4000,5377,1,1,59201,1,113779,0.520320,1,43,43,43,168955,27.49405,0.00395,2.32751,0.00578,0,1,3,5.931010,5.302633,5.302633,-0.031904,-0.031573,14.929893,8604,0.002115,0.074290,47108,19295,10722,6605,4614,3474,2633,1964,17363,1,1,1,1
23.0000,5377,1,1,60159,1,115378,0.521412,2,10,11,46,54717,27.91004,0.00395,2.32751,0.00578,0,1,3,6.146747,5.015994,5.015994,-0.239894,-0.239556,14.721924,5377,0.016272,0.047083,47512,19693,10844,6718,4661,3492,2592,2085,17780,1,1,1,1
23.9000,5377,1,1,61653,1,118749,0.519192,1,1,11,28,173529,28.53384,0.00395,2.32751,0.00578,0,1,3,1.796039,1.303241,1.303241,-0.551665,-0.551556,14.409841,538,0.038276,0.004813,49478,19876,10958,6982,4879,3561,2775,2143,18096,1,1,1,1
22.3500,5378,1,1,59520,0,114245,0.520990,1,2,60,60,42024,27.45922,0.00232,2.32803,0.00541,1,0,3,1.310992,1.000000,1.273582,-0.015401,-0.015351,14.946071,8875,0.001027,0.076533,47536,19266,10636,6730,4680,3439,2584,2137,17236,1,1,1,1
22.4000,5378,1,1,59098,0,113751,0.519543,3,2,45,45,80013,27.49389,0.00232,2.32803,0.00541,1,1,3,1.398781,1.000000,1.375296,-0.032747,-0.032684,14.928701,8605,0.002189,0.074291,47215,19074,10719,6607,4638,3380,2496,2043,17578,1,1,1,1
23.0000,5378,1,1,60322,0,115743,0.521176,1,1,6,95,658510,27.90981,0.00232,2.32803,0.00541,1,0,3,1.411778,1.000000,1.140195,-0.240684,-0.240620,14.720728,5378,0.016346,0.047086,47959,19733,10795,6815,4647,3427,2630,2079,17657,1,1,1,1
23.9000,5378,1,1,61646,0,118171,0.521672,1,5,25,392,425845,28.53361,0.00232,2.32803,0.00541,1,0,2,1.271917,1.000000,2.000566,-0.552644,-0.552599,14.408834,538,0.038351,0.004812,49103,19863,10890,6978,4835,3442,2671,2131,18257,1,1,1,1
22.3500,5379,1,1,59345,1,114017,0.520497,10,14,14,19,2598803,27.45695,0.00219,2.32910,0.00554,0,0,3,2.569767,2.479797,2.479797,-0.016622,-0.016447,14.944422,8878,0.001101,0.076553,47539,19071,10733,6756,4710,3279,2635,2051,17242,1,1,1,1
22.4000,5379,1,1,59558,0,114351,0.520840,2,8,9,1565,1692069,27.49162,0.00219,2.32910,0.00554,1,1,2,1.413896,1.000000,4.403022,-0.034008,-0.033944,14.927419,8607,0.002274,0.074300,47808,19463,10584,6639,4618,3371,2613,2018,17236,1,1,1,1
23.0000,5379,1,1,60511,1,116113,0.521143,16,13,16,619,2792937,27.90758,0.00219,2.32910,0.00554,0,0,3,2.480883,2.421238,2.421238,-0.241934,-0.241765,14.719032,5379,0.016425,0.047092,47991,19821,10887,6938,4750,3466,2686,2070,17503,1,1,1,1
23.9000,5379,1,1,61809,1,119202,0.518528,11,6,234,234,122699,28.53140,0.00219,2.32910,0.00554,0,1,3,2.275550,1.696147,1.696147,-0.553810,-0.553657,14.407756,540,0.038428,0.004830,49743,20317,11038,7058,4738,3567,2666,2124,17950,1,1,1,1
22.3500,5380,1,1,59618,0,113833,0.523737,1,2,13,38,135022,27.45393,0.00232,2.32569,0.00629,1,0,3,1.263609,1.000000,1.025009,-0.018062,-0.018019,14.943416,8877,0.001206,0.076535,47204,19345,10643,6636,4561,3380,2617,2117,17329,1,1,1,1
22.4000,5380,1,1,59536,0,114474,0.520088,1,10,35,35,84727,27.48859,0.00232,2.32569,0.00629,1,1,2,1.251032,1.000000,3.044066,-0.035499,-0.035458,14.925762,8608,0.002376,0.074303,47679,19463,10587,6817,4662,3331,2627,2065,17242,1,1,1,1
23.0000,5380,1,1,60547,1,116250,0.520839,1,1,59,59,6774417,27.90448,0.00232,2.32569,0.00629,0,1,3,1.847606,1.351551,1.351551,-0.243366,-0.243252,14.718151,5384,0.016527,0.047130,48690,19583,10832,6854,4600,3507,2572,2096,17515,1,1,1,1
23.9000,5380,1,1,61965,1,119178,0.519941,3,6,349,349,2495998,28.52831,0.00232,2.32569,0.00629,0,1,3,2.825957,2.101922,2.101922,-0.555324,-0.555131,14.406281,538,0.038534,0.004811,49811,20170,11037,6901,4779,3548,2777,2084,18070,1,1,1,1
22.3500,5381,1,1,59056,0,113704,0.519388,1,2,4,19,77915,27.44765,0.00547,2.33092,0.00716,1,1,2,1.382062,1.000000,1.542495,-0.019630,-0.019570,14.941744,8875,0.001310,0.076512,47139,19172,10656,6739,4594,3446,2540,2064,17353,1,1,1,1
22.4000,5381,1,1,59373,1,114008,0.520784,2,2,4,35,93146,27.48230,0.00547,2.33092,0.00716,0,1,3,1.748829,1.427214,1.427214,-0.036944,-0.036840,14.924358,8606,0.002468,0.074279,47278,19378,10493,6804,4627,3452,2595,2090,17290,1,1,1,1
23.0000,5381,1,1,60372,0,116359,0.518847,2,4,14,70,149991,27.89824,0.00547,2.33092,0.00716,1,1,2,1.403584,1.000000,2.355659,-0.244965,-0.244902,14.716479,5379,0.016641,0.047083,48676,19680,10733,6952,4691,3406,2584,2093,17543,1,1,1,1
23.9000,5381,1,1,61767,1,118759,0.520108,1,14,25,25,389294,28.52196,0.00547,2.33092,0.00716,0,0,3,3.592965,2.917206,2.917206,-0.556844,-0.556606,14.404599,535,0.038641,0.004784,49163,20199,10899,7091,4899,3604,2787,2112,18004,1,1,1,1
22.3500,5382,1,1,59163,1,114064,0.518687,1,568,568,568,138875,27.44959,0.00219,2.32881,0.00623,0,1,3,145.571098,140.693603,140.693603,-0.020675,-0.019749,14.941739,8881,0.001322,0.076550,47183,19447,10738,6754,4640,3451,2549,2149,17152,1,1,1,1
22.4000,5382,1,1,59150,0,114001,0.518860,1,20,84,84,84314,27.48423,0.00219,2.32881,0.00623,1,1,2,1.084129,1.000000,1.959291,-0.037597,-0.037582,14.923890,8613,0.002518,0.074328,47106,19462,10633,6692,4730,3489,2534,2075,17279,1,1,1,1
23.0000,5382,1,1,60263,1,116237,0.518454,3,5,15,50,98175,27.90022,0.00219,2.32881,0.00623,0,0,3,2.076128,1.826046,1.826046,-0.245588,-0.245452,14.715657,5382,0.016680,0.047103,48123,19812,10990,6818,4763,3521,2641,2045,17523,1,1,1,1
23.9000,5382,1,1,61547,1,118740,0.518339,2,1,13,14,281421,28.52395,0.00219,2.32881,0.00623,0,1,3,1.535417,1.085742,1.085742,-0.557404,-0.557324,14.404037,539,0.038692,0.004819,49169,20264,10961,6985,4890,3547,2747,2188,17988,1,1,1,1
22.3500,5383,1,1,59262,0,113904,0.520285,1,13,13,13,2220229,27.44928,0.00219,2.32510,0.00826,1,1,2,1.368028,1.000000,6.105905,-0.020623,-0.020565,14.940738,8880,0.001376,0.076532,47420,19193,10566,6818,4628,3452,2533,2031,17262,1,1,1,1
22.4000,5383,1,1,59863,1,114704,0.521896,6,2,6,1864,223744,27.48391,0.00219,2.32510,0.00826,0,1,3,1.710428,1.294913,1.294913,-0.037798,-0.037698,14.923299,8611,0.002526,0.074300,47790,19456,10796,6690,4773,3422,2593,2087,17096,1,1,1,1
23.0000,5383,1,1,60423,1,116004,0.520874,1,2,141,141,571208,27.89983,0.00219,2.32510,0.00826,0,1,3,1.576442,1.120609,1.120609,-0.245736,-0.245651,14.715726,5381,0.016693,0.047085,48229,19655,10773,6870,4696,3454,2638,2051,17637,1,1,1,1
23.9000,5383,1,1,61927,1,118877,0.520938,4,2,15,53,170777,28.52357,0.00219,2.32510,0.00826,0,1,3,1.749009,1.242427,1.242427,-0.557619,-0.557516,14.403861,539,0.038706,0.004818,49579,20173,10997,6960,4828,3470,2700,2107,18062,1,1,1,1
22.3500,5384,1,1,59461,1,114084,0.521208,1,7,13,116,2276318,27.45744,0.00232,2.33308,0.00541,0,1,3,5.717440,4.323593,4.323593,-0.016397,-0.016073,14.945392,8884,0.001075,0.076528,47539,19351,10549,6584,4624,3427,2625,2098,17286,1,1,1,1
22.4000,5384,1,1,59562,0,114204,0.521545,1,11,28,51,205263,27.49208,0.00232,2.33308,0.00541,1,1,2,1.298410,1.000000,4.336807,-0.033713,-0.033665,14.927762,8615,0.002255,0.074299,47568,19365,10512,6661,4701,3395,2609,2061,17331,1,1,1,1
23.0000,5384,1,1,60350,0,116045,0.520061,1,1,16,16,301740,27.90804,0.00232,2.33308,0.00541,1,1,3,1.146455,1.000000,1.005557,-0.241548,-0.241523,14.719943,5385,0.016408,0.047098,48300,19538,10670,6861,4811,3385,2668,2082,17729,1,1,1,1
23.9000,5384,1,1,61781,1,118802,0.520038,1,1,410,410,114714,28.53180,0.00232,2.33308,0.00541,0,0,3,1.514662,1.075154,1.075154,-0.553444,-0.553367,14.407975,539,0.038407,0.004816,49366,20180,11037,6922,4787,3583,2647,2129,18150,1,1,1,1
22.3500,5385,1,1,59473,1,114192,0.520820,1,3,14,98,589720,27.45799,0.00245,2.33386,0.00632,0,1,3,1.681742,1.458535,1.458535,-0.015911,-0.015814,14.945645,8882,0.001058,0.076495,47179,19575,10740,6712,4739,3357,2596,2071,17222,1,1,1,1
22.4000,5385,1,1,59587,1,113887,0.523216,1,20,63,63,261860,27.49275,0.00245,2.33386,0.00632,0,1,3,3.152964,2.488923,2.481272,-0.033337,-0.033124,14.928108,8612,0.002219,0.074257,47279,19359,10536,6582,4641,3380,2595,2087,17427,1,1,1,1
23.0000,5385,1,1,60625,1,116265,0.521443,1,90,90,90,1276254,27.90863,0.00245,2.33386,0.00632,0,1,3,6.880278,6.822646,6.822646,-0.241377,-0.241019,14.720468,5381,0.016373,0.047052,48428,19711,10820,6762,4760,3492,2624,2045,17622,1,1,1,1
23.9000,5385,1,1,61647,1,119037,0.517885,4,1,15,549,78936,28.53240,0.00245,2.33386,0.00632,0,1,3,1.378636,1.123925,1.123925,-0.553088,-0.553028,14.408079,535,0.038383,0.004780,49444,20348,11026,7026,4818,3574,2657,2086,18057,1,1,1,1
22.3500,5386,1,1,59346,0,114226,0.519554,3,3,4,57,53563,27.45638,0.00245,2.33586,0.00579,1,1,2,1.365677,1.000000,1.730280,-0.016817,-0.016759,14.944543,8883,0.001121,0.076496,47425,19318,10712,6776,4598,3461,2614,2034,17287,1,1,1,1
22.4000,5386,1,1,59543,1,114211,0.521347,1,4,6,30,1113828,27.49100,0.00245,2.33586,0.00579,0,1,3,2.427724,1.826587,1.826587,-0.034133,-0.033968,14.927449,8614,0.002276,0.074264,47371,19467,10658,6722,4637,3356,2606,2136,17257,1,1,1,1
23.0000,5386,1,1,60431,1,115940,0.521231,1,3,41,101,631643,27.90694,0.00245,2.33586,0.00579,0,0,3,2.084243,1.484913,1.484913,-0.242079,-0.241943,14.719392,5382,0.016437,0.047056,48192,19661,10748,6778,4701,3273,2623,2186,17777,1,1,1,1
23.9000,5386,1,1,61900,0,119104,0.519718,1,26,170,349,144532,28.53072,0.00245,2.33586,0.00579,1,1,2,1.098250,1.000000,2.746910,-0.554031,-0.554014,14.407037,536,0.038454,0.004788,49438,20310,11125,6988,4864,3458,2681,2146,18093,1,1,1,1
22.3500,5387,1,1,59323,1,113857,0.521035,1,120,120,232,189080,27.45505,0.00344,2.33569,0.00772,0,1,3,53.227938,47.641344,47.641344,-0.017249,-0.016512,14.944127,8891,0.001105,0.076552,47191,19780,10288,6584,4549,3375,2637,2028,17424,1,1,1,1
22.4000,5387,1,1,59683,1,114193,0.522655,2,2,11,27,837799,27.48966,0.00344,2.33569,0.00772,0,1,3,1.671275,1.308861,1.308861,-0.034218,-0.034122,14.927058,8620,0.002286,0.074304,47433,19475,10566,6735,4585,3386,2605,2085,17322,1,1,1,1
23.0000,5387,1,1,60084,0,115597,0.519776,84,94,94,94,434299,27.90565,0.00344,2.33569,0.00772,1,1,2,1.042014,1.000000,4.082909,-0.242323,-0.242315,14.718581,5387,0.016463,0.047093,47871,19549,10854,6740,4700,3460,2556,2074,17792,1,1,1,1
23.9000,5387,1,1,61702,0,118645,0.520060,4,18,18,48,144254,28.52945,0.00344,2.33569,0.00772,1,1,2,1.289786,1.000000,6.328897,-0.554261,-0.554213,14.407035,539,0.038468,0.004814,48851,20283,11154,6994,4766,3643,2675,2135,18143,1,1,1,1
22.3500,5388,1,1,59419,1,113795,0.522163,6,58,58,59,215141,27.46357,0.00219,2.34214,0.00589,0,1,3,2.270868,1.704322,1.588606,-0.013255,-0.013103,14.948313,8891,0.000877,0.076517,47246,19238,10597,6614,4717,3385,2653,1983,17361,1,1,1,1
22.4000,5388,1,1,59418,0,114058,0.520950,1,34,34,34,364986,27.49830,0.00219,2.34214,0.00589,1,1,2,1.381839,1.000000,16.318587,-0.030840,-0.030780,14.930616,8622,0.002062,0.074290,47405,19222,10756,6709,4595,3396,2540,2078,17356,1,1,1,1
23.0000,5388,1,1,60425,1,116139,0.520286,1,25,25,71,22272,27.91421,0.00219,2.34214,0.00589,0,1,3,3.050771,2.425469,2.414489,-0.238618,-0.238411,14.722815,5389,0.016193,0.047089,48361,19716,10720,6811,4803,3456,2593,2061,17617,1,1,1,1
23.9000,5388,1,1,61951,1,119175,0.519837,3,5,10,58,24263,28.53802,0.00219,2.34214,0.00589,0,1,3,3.005313,2.481273,2.481273,-0.550525,-0.550321,14.410690,541,0.038188,0.004830,49528,20059,11242,7079,4822,3541,2755,2164,17984,1,1,1,1
22.3500,5389,1,1,59394,0,114016,0.520931,7,29,29,57,239065,27.45941,0.00232,2.33840,0.00778,1,1,2,1.289897,1.000000,9.702765,-0.015523,-0.015475,14.945953,8893,0.001035,0.076532,47286,19156,10738,6755,4645,3451,2665,1998,17321,1,1,1,1
22.4000,5389,1,1,59314,0,114052,0.520066,1,47,47,135,98279,27.49401,0.00232,2.33840,0.00778,1,1,2,1.352776,1.000000,20.007017,-0.032890,-0.032833,14.928459,8620,0.002199,0.074269,47369,19254,10624,6679,4686,3383,2620,2063,17373,1,1,1,1
23.0000,5389,1,1,60338,0,116103,0.519698,1,29,29,1464,528038,27.90997,0.00232,2.33840,0.00778,1,0,2,1.098061,1.000000,3.129850,-0.240699,-0.240682,14.720788,5386,0.016350,0.047060,48024,19703,11015,6790,4658,3394,2619,2100,17799,1,1,1,1
23.9000,5389,1,1,62173,1,119254,0.521354,1,13,64,64,38212,28.53379,0.00232,2.33840,0.00778,0,1,3,9.842991,7.332307,7.332307,-0.552689,-0.552265,14.409213,535,0.038327,0.004776,49500,20298,11290,7098,4820,3468,2709,2086,17984,1,1,1,1
22.3500,5390,1,1,59382,0,113786,0.521879,1,237,237,237,167804,27.45734,0.00375,2.34112,0.00615,1,1,2,1.355312,1.000000,99.652238,-0.016010,-0.015954,14.945455,8894,0.001067,0.076529,47211,19126,10677,6737,4583,3414,2538,2026,17473,1,1,1,1
22.4000,5390,1,1,59715,1,114349,0.522222,5,248,248,248,217693,27.49207,0.00375,2.34112,0.00615,0,0,3,1.816084,1.643632,1.643632,-0.032990,-0.032879,14.928183,8622,0.002202,0.074274,47505,19487,10598,6628,4701,3368,2545,2017,17499,1,1,1,1
23.0000,5390,1,1,60028,0,115802,0.518372,88,2,88,108,210855,27.90795,0.00375,2.34112,0.00615,1,1,3,1.413877,1.000000,1.245508,-0.240908,-0.240843,14.720520,5388,0.016361,0.047070,47842,19782,10720,6790,4703,3457,2684,2059,17764,1,1,1,1
23.9000,5390,1,1,61934,0,118944,0.520703,14,2,16,190,367111,28.53179,0.00375,2.34112,0.00615,1,1,3,1.382177,1.000000,1.139434,-0.552811,-0.552751,14.408645,538,0.038362,0.004802,49416,20322,11018,6958,4817,3477,2780,2142,18013,1,1,1,1
22.3500,5391,1,1,59432,0,114140,0.520698,20,44,44,116,163575,27.45848,0.00219,2.33702,0.00816,1,1,2,1.259828,1.000000,12.950321,-0.015991,-0.015948,14.945489,8892,0.001067,0.076497,47407,19354,10596,6633,4732,3432,2600,2105,17280,1,1,1,1
22.4000,5391,1,1,59646,0,114092,0.522793,10,3,10,313,757051,27.49319,0.00219,2.33702,0.00816,1,1,2,1.366637,1.000000,1.523327,-0.033146,-0.033088,14.928215,8622,0.002216,0.074260,47357,19270,10728,6706,4703,3332,2563,2051,17381,1,1,1,1
23.0000,5391,1,1,60436,0,115815,0.521837,44,74,74,74,72376,27.90913,0.00219,2.33702,0.00816,1,1,2,1.233840,1.000000,19.489813,-0.241356,-0.241317,14.720126,5387,0.016394,0.047053,47932,19651,10855,6947,4641,3379,2631,2037,17741,1,1,1,1
23.9000,5391,1,1,62031,1,119113,0.520779,12,7,46,90,235417,28.53285,0.00219,2.33702,0.00816,0,1,3,2.631227,2.368216,2.368216,-0.553017,-0.552838,14.408633,536,0.038369,0.004783,49620,20039,10929,7083,4945,3560,2636,2138,18162,1,1,1,1
22.3500,5392,1,1,59461,1,114118,0.521053,1,1,13,20,77808,27.45861,0.00231,2.34005,0.00576,0,0,3,1.426084,1.077756,1.077756,-0.015705,-0.015639,14.945813,8897,0.001046,0.076524,47343,19416,10444,6846,4551,3448,2605,2094,17370,1,1,1,1
22.4000,5392,1,1,59171,1,114032,0.518903,1,4,6,17,672368,27.49319,0.00231,2.34005,0.00576,0,1,3,3.359611,2.418375,2.418375,-0.033075,-0.032850,14.928254,8634,0.002201,0.074350,47353,19319,10549,6670,4631,3420,2589,2025,17475,1,1,1,1
23.0000,5392,1,1,60520,0,115990,0.521774,3,2,18,64,131324,27.90918,0.00231,2.34005,0.00576,1,0,3,1.332999,1.000000,1.089026,-0.240995,-0.240941,14.720475,5392,0.016368,0.047087,47716,19955,10954,6938,4750,3479,2658,2069,17470,1,1,1,1
23.9000,5392,1,1,62261,1,118947,0.523439,4,4,34,34,331238,28.53291,0.00231,2.34005,0.00576,0,0,3,1.447272,1.251926,1.251926,-0.552874,-0.552806,14.408328,541,0.038367,0.004827,49359,20286,11022,6978,4828,3556,2724,2179,18014,1,1,1,1
22.3500,5393,1,1,59246,0,113884,0.520236,1,1,8,132,168976,27.45933,0.00244,2.34204,0.00651,1,1,3,1.373539,1.000000,1.113776,-0.015247,-0.015189,14.946119,8895,0.001016,0.076491,47045,19403,10661,6666,4698,3357,2644,2077,17332,1,1,1,1
22.4000,5393,1,1,59249,1,114178,0.518922,30,2,166,166,1783412,27.49403,0.00244,2.34204,0.00651,0,1,3,1.790375,1.271055,1.271055,-0.032610,-0.032502,14.928874,8625,0.002177,0.074255,47079,19502,10796,6688,4683,3366,2592,2063,17408,1,1,1,1
23.0000,5393,1,1,60512,0,116112,0.521156,1,6,127,296,126873,27.90994,0.00244,2.34204,0.00651,1,1,2,1.395982,1.000000,3.329104,-0.240657,-0.240596,14.720792,5389,0.016344,0.047051,48004,19826,10799,7033,4774,3377,2619,2044,17635,1,1,1,1
23.9000,5393,1,1,61968,0,118945,0.520985,1,2,20,231,86999,28.53368,0.00244,2.34204,0.00651,1,0,3,1.372955,1.000000,1.324779,-0.552443,-0.552384,14.409017,536,0.038336,0.004781,49236,20352,11085,6992,4805,3537,2619,2148,18170,1,1,1,1
22.3500,5394,1,1,59417,1,114330,0.519702,4,4,9,3670,1228872,27.46201,0.00244,2.34370,0.00926,0,1,3,2.990435,2.176465,2.176465,-0.013924,-0.013721,14.947242,8897,0.000918,0.076489,47607,19475,10529,6691,4603,3378,2674,2012,17360,1,1,1,1
22.4000,5394,1,1,59481,1,114078,0.521411,1,1,4,20,172077,27.49670,0.00244,2.34370,0.00926,0,0,3,1.512618,1.082579,1.082579,-0.031207,-0.031130,14.930198,8628,0.002085,0.074261,47253,19457,10593,6764,4515,3390,2533,2033,17539,1,1,1,1
23.0000,5394,1,1,60913,1,117000,0.520628,32,3,32,56,915344,27.91267,0.00244,2.34370,0.00926,0,1,3,1.767061,1.554250,1.554250,-0.239223,-0.239118,14.721595,5390,0.016243,0.047049,49061,19759,10773,6883,4721,3406,2696,2124,17576,1,1,1,1
23.9000,5394,1,1,62119,1,119498,0.519837,1,2,84,99,76482,28.53642,0.00244,2.34370,0.00926,0,1,3,2.164396,1.554275,1.554275,-0.551101,-0.550957,14.410433,537,0.038233,0.004789,49733,20376,11096,7088,4880,3510,2747,2116,17951,1,1,1,1
22.3500,5395,1,1,59761,1,114468,0.522081,2,6,86,352,159612,27.46595,0.00231,2.34518,0.00716,0,0,3,2.229299,1.905239,1.905239,-0.012087,-0.011939,14.949211,8898,0.000799,0.076473,47429,19522,10693,6879,4688,3390,2686,2042,17138,1,1,1,1
22.4000,5395,1,1,59946,0,114547,0.523336,3,55,55,4513,172705,27.50064,0.00231,2.34518,0.00716,1,0,2,1.045555,1.000000,2.609351,-0.029462,-0.029453,14.932027,8628,0.001972,0.074238,47548,19683,10562,6765,4601,3395,2610,2073,17309,1,1,1,1
23.0000,5395,1,1,60693,1,116425,0.521310,1,1,41,251,4848773,27.91653,0.00231,2.34518,0.00716,0,0,3,1.475330,1.043460,1.043460,-0.237315,-0.237243,14.724122,5391,0.016113,0.047041,48362,19868,10743,6817,4805,3466,2625,2069,17669,1,1,1,1
23.9000,5395,1,1,61845,1,118943,0.519959,7,50,50,50,351991,28.54030,0.00231,2.34518,0.00716,0,1,3,5.276993,4.726403,4.726403,-0.549345,-0.549037,14.412430,536,0.038095,0.004778,49197,20289,11210,6884,4841,3471,2686,2126,18238,1,1,1,1
22.3500,5396,1,1,59256,0,114077,0.519443,2,32,59,59,2607922,27.46576,0.00458,2.34958,0.00667,1,1,2,1.033684,1.000000,1.171106,-0.010958,-0.010952,14.949906,8900,0.000733,0.076472,47219,19433,10625,6737,4761,3429,2542,2060,17270,1,1,1,1
22.4000,5396,1,1,59565,1,114539,0.520046,1,7,13,49,79917,27.50044,0.00458,2.34958,0.00667,0,1,3,5.530427,4.188703,4.188703,-0.028420,-0.028103,14.933361,8630,0.001882,0.074235,47707,19442,10596,6649,4755,3438,2616,2087,17248,1,1,1,1
23.0000,5396,1,1,60741,1,116187,0.522791,12,6,20,40,252638,27.91638,0.00458,2.34958,0.00667,0,1,3,3.606903,2.929912,2.929912,-0.236357,-0.236119,14.725342,5393,0.016035,0.047046,48074,19899,10700,6707,4724,3674,2641,2122,17645,1,1,1,1
23.9000,5396,1,1,62139,1,119376,0.520536,8,3,124,336,87018,28.54017,0.00458,2.34958,0.00667,0,1,3,1.672250,1.429661,1.429661,-0.548178,-0.548082,14.413374,536,0.038026,0.004777,49601,20341,11201,7006,4869,3488,2633,2145,18091,1,1,1,1
22.3500,5397,1,1,59557,1,113958,0.522627,4,37,43,43,106925,27.46991,0.00471,2.34719,0.00781,0,1,3,1.178298,1.155700,1.155700,-0.008772,-0.008741,14.952744,8900,0.000585,0.076444,47007,19456,10735,6639,4647,3336,2629,2044,17464,1,1,1,1
22.4000,5397,1,1,59102,0,113993,0.518475,1,6,56,812,584386,27.50459,0.00471,2.34719,0.00781,1,1,2,1.175175,1.000000,1.362630,-0.026124,-0.026094,14.935061,8628,0.001747,0.074195,46982,19508,10672,6642,4596,3404,2682,2064,17442,1,1,1,1
23.0000,5397,1,1,60451,1,116220,0.520147,1,4,9,708,299817,27.92058,0.00471,2.34719,0.00781,0,1,3,1.734986,1.360610,1.360610,-0.234121,-0.234018,14.727414,5389,0.015890,0.046995,48071,19993,10880,6831,4641,3399,2569,1972,17863,1,1,1,1
23.9000,5397,1,1,62185,1,119308,0.521218,2,1,26,463,71960,28.54438,0.00471,2.34719,0.00781,0,1,3,1.518978,1.081144,1.081144,-0.545989,-0.545911,14.415426,533,0.037870,0.004749,49616,20425,10999,7053,4805,3514,2694,2124,18077,1,1,1,1
22.3500,5398,1,1,59642,0,114204,0.522245,1,3,11,85,43221,27.46843,0.00205,2.34249,0.00981,1,1,2,1.411813,1.000000,1.811989,-0.010965,-0.010901,14.950470,8907,0.000729,0.076501,47315,19503,10647,6669,4694,3392,2640,2047,17296,1,1,1,1
22.4000,5398,1,1,59702,0,114494,0.521447,2,4639,4639,4639,37816,27.50310,0.00205,2.34249,0.00981,1,0,2,1.000276,1.000000,1.322534,-0.028268,-0.028268,14.933221,8637,0.001893,0.074268,47463,19496,10709,6729,4487,3465,2647,2042,17455,1,1,1,1
23.0000,5398,1,1,60656,0,116104,0.522433,2,2,20,27,47540,27.91902,0.00205,2.34249,0.00981,1,1,2,1.380508,1.000000,1.502716,-0.236235,-0.236175,14.725222,5399,0.016039,0.047081,48130,19900,10601,6901,4587,3440,2636,2183,17725,1,1,1,1
23.9000,5398,1,1,62060,0,119478,0.519431,1,41,41,41,200685,28.54282,0.00205,2.34249,0.00981,1,1,2,1.048635,1.000000,2.099835,-0.548174,-0.548165,14.412760,540,0.038033,0.004811,49814,20173,10891,7186,4856,3674,2612,2151,18120,1,1,1,1
22.3500,5399,1,1,59403,1,114110,0.520581,4,2,14,53,110469,27.46442,0.00503,2.34245,0.00858,0,1,3,1.765347,1.387817,1.387817,-0.011410,-0.011305,14.950140,8907,0.000756,0.076489,47212,19307,10673,6795,4649,3456,2590,2027,17400,1,1,1,1
22.4000,5399,1,1,59538,0,114329,0.520765,3,4,18,44,64076,27.49908,0.00503,2.34245,0.00858,1,0,3,1.219686,1.000000,1.061665,-0.028721,-0.028685,14.932761,8637,0.001921,0.074257,47436,19359,10741,6807,4681,3335,2542,2065,17362,1,1,1,1
23.0000,5399,1,1,60590,0,116372,0.520662,6,6,12,25,1538216,27.91505,0.00503,2.34245,0.00858,1,1,2,1.407492,1.000000,3.169005,-0.236805,-0.236741,14.724636,5397,0.016078,0.047057,48287,19700,10892,6986,4733,3441,2602,2099,17631,1,1,1,1
23.9000,5399,1,1,62326,0,119560,0.521299,1,1,22,22,74568,28.53887,0.00503,2.34245,0.00858,1,0,3,1.401266,1.000000,1.056556,-0.548612,-0.548550,14.412834,538,0.038060,0.004792,49710,20431,11140,6853,4901,3659,2712,2121,18032,1,1,1,1
22.3500,5400,1,1,59727,1,114104,0.523448,1,2,8,58,1351742,27.46486,0.00499,2.34115,0.00604,0,1,3,1.369790,1.218317,1.218317,-0.011279,-0.011221,14.950244,8910,0.000751,0.076500,47358,19491,10581,6689,4543,3336,2541,2040,17524,1,1,1,1
22.4000,5400,1,1,59784,0,114869,0.520458,5,5,11,64,62080,27.49952,0.00499,2.34115,0.00604,1,1,2,1.290063,1.000000,1.930172,-0.028655,-0.028608,14.932642,8640,0.001916,0.074269,47899,19467,10573,6905,4690,3390,2535,2090,17319,1,1,1,1
23.0000,5400,1,1,60568,0,116306,0.520769,1,15,15,27,53742,27.91541,0.00499,2.34115,0.00604,1,1,2,1.246913,1.000000,4.418513,-0.236676,-0.236635,14.724583,5400,0.016071,0.047074,48187,19828,10825,6716,4737,3559,2653,2064,17736,1,1,1,1
23.9000,5400,1,1,62363,1,119898,0.520138,1,16,16,64,117322,28.53924,0.00499,2.34115,0.00604,0,1,3,1.737736,1.320984,1.320984,-0.548475,-0.548373,14.413049,540,0.038047,0.004809,50105,20419,11024,6970,4901,3523,2755,2195,18005,1,1,1,1
22.3500,5401,1,1,59749,1,114239,0.523022,12,15,42,42,138219,27.46799,0.00307,2.34647,0.00643,0,1,3,7.167620,6.313969,6.313969,-0.010792,-0.010428,14.950204,8909,0.000697,0.076477,47440,19428,10617,6738,4582,3364,2640,2075,17354,1,1,1,1
22.4000,5401,1,1,59352,0,114222,0.519624,2,5,37,60,167010,27.50264,0.00307,2.34647,0.00643,1,1,2,1.298275,1.000000,2.090632,-0.028015,-0.027967,14.933289,8638,0.001873,0.074235,47228,19405,10685,6784,4577,3469,2589,2080,17404,1,1,1,1
23.0000,5401,1,1,60486,0,116278,0.520189,1,2,478,478,74388,27.91858,0.00307,2.34647,0.00643,1,0,2,1.369083,1.000000,1.561887,-0.235958,-0.235900,14.725503,5401,0.016020,0.047071,48193,20055,10667,6768,4717,3376,2684,2097,17720,1,1,1,1
23.9000,5401,1,1,61875,1,119010,0.519919,12,12,333,333,416195,28.54229,0.00307,2.34647,0.00643,0,1,3,5.885664,5.252494,5.252494,-0.547929,-0.547601,14.413068,538,0.037993,0.004790,49417,19996,11109,7061,4809,3586,2685,2159,18187,1,1,1,1
22.3500,5402,1,1,59330,0,114174,0.519650,1,2,11,291,683162,27.46868,0.00306,2.34856,0.00731,1,1,3,1.300201,1.000000,1.046413,-0.010228,-0.010179,14.951078,8910,0.000681,0.076467,47248,19445,10785,6763,4672,3346,2565,2079,17270,1,1,1,1
22.4000,5402,1,1,59884,0,114969,0.520875,1,6,86,86,1056872,27.50333,0.00306,2.34856,0.00731,1,1,2,1.168657,1.000000,1.405389,-0.027580,-0.027551,14.933598,8643,0.001845,0.074263,47941,19358,10671,6870,4664,3530,2683,2050,17201,1,1,1,1
23.0000,5402,1,1,60632,0,116316,0.521274,3,2,8,209,1006034,27.91932,0.00306,2.34856,0.00731,1,0,3,1.366994,1.000000,1.208693,-0.235559,-0.235501,14.725903,5399,0.015992,0.047044,48273,19712,10709,7051,4752,3519,2604,2029,17666,1,1,1,1
23.9000,5402,1,1,62217,1,119607,0.520183,25,27,39,39,301775,28.54305,0.00306,2.34856,0.00731,0,1,3,2.070758,1.756417,1.756417,-0.547462,-0.547327,14.414128,537,0.037972,0.004780,49772,20414,10969,7254,4791,3485,2694,2105,18122,1,1,1,1
22.3500,5403,1,1,60032,0,114714,0.523323,3,4,265,381,332830,27.46900,0.00281,2.34731,0.00896,1,0,3,1.227722,1.000000,1.081389,-0.010286,-0.010248,14.951196,8913,0.000685,0.076478,47773,19501,10612,6828,4638,3466,2605,1996,17294,1,1,1,1
22.4000,5403,1,1,59653,1,114504,0.520973,1,6,8,76,2223642,27.50364,0.00281,2.34731,0.00896,0,1,3,5.122167,3.828279,3.828279,-0.027722,-0.027419,14.934045,8643,0.001836,0.074247,47394,19441,10639,6890,4674,3402,2633,2120,17310,1,1,1,1
23.0000,5403,1,1,60333,1,116159,0.519405,1,156,156,546,417041,27.91956,0.00281,2.34731,0.00896,0,1,3,64.767179,58.709366,58.709366,-0.235932,-0.235160,14.725506,5402,0.015970,0.047062,48136,19512,10941,6834,4671,3522,2615,2126,17801,1,1,1,1
23.9000,5403,1,1,62210,0,119355,0.521223,1,6,13,350,150976,28.54330,0.00281,2.34731,0.00896,1,1,2,1.410196,1.000000,3.606381,-0.547545,-0.547481,14.413893,540,0.037983,0.004806,49389,20151,11283,7104,4816,3573,2648,2161,18229,1,1,1,1
22.3500,5404,1,1,59655,1,114550,0.520781,1,7,85,85,469594,27.46903,0.00647,2.35020,0.00684,0,1,3,3.465930,2.913941,2.913941,-0.008484,-0.008254,14.952885,8915,0.000552,0.076473,47607,19499,10750,6626,4852,3390,2564,2027,17234,1,1,1,1
22.4000,5404,1,1,59469,1,114165,0.520909,1,2,3,12,154066,27.50367,0.00647,2.35020,0.00684,0,1,3,1.769141,1.326072,1.326072,-0.025728,-0.025622,14.935794,8646,0.001715,0.074250,47330,19235,10510,6687,4675,3412,2702,2043,17570,1,1,1,1
23.0000,5404,1,1,60736,0,116584,0.520968,1,2,4,87,54228,27.91963,0.00647,2.35020,0.00684,1,1,3,1.292785,1.000000,1.164583,-0.233697,-0.233650,14.727602,5402,0.015865,0.047047,48490,19848,10850,6784,4840,3395,2571,2113,17692,1,1,1,1
23.9000,5404,1,1,61959,1,118963,0.520830,51,4,51,66,5306183,28.54339,0.00647,2.35020,0.00684,0,1,3,3.123800,2.351293,2.351293,-0.545641,-0.545430,14.416015,539,0.037835,0.004796,49314,20282,11043,6915,4782,3542,2652,2192,18240,1,1,1,1
22.3500,5405,1,1,59334,0,113969,0.520620,2,17,17,17,114386,27.47034,0.00275,2.35299,0.01084,1,1,2,1.232176,1.000000,4.548722,-0.009690,-0.009651,14.951556,8913,0.000646,0.076448,47148,19356,10656,6617,4616,3389,2567,2057,17562,1,1,1,1
22.4000,5405,1,1,59774,0,114450,0.522276,4,95,95,95,83083,27.50509,0.00275,2.35299,0.01084,1,1,2,1.385085,1.000000,43.834885,-0.027276,-0.027216,14.934179,8642,0.001822,0.074210,47573,19347,10759,6633,4637,3407,2502,2007,17584,1,1,1,1
23.0000,5405,1,1,60224,0,116320,0.517749,1,3,5,411,746215,27.92098,0.00275,2.35299,0.01084,1,0,3,1.197225,1.000000,1.027144,-0.234865,-0.234832,14.726619,5399,0.015946,0.047015,48048,19771,11037,6889,4751,3496,2757,2057,17513,1,1,1,1
23.9000,5405,1,1,62019,1,119092,0.520770,5,2,26,62,40020,28.54475,0.00275,2.35299,0.01084,0,1,3,1.556252,1.253597,1.253597,-0.546773,-0.546692,14.414363,535,0.037927,0.004760,49321,20243,11074,6943,4838,3602,2720,2123,18227,1,1,1,1
22.3500,5406,1,1,59343,1,114139,0.519923,11,9,17105,17105,779966,27.47142,0.00293,2.35479,0.00744,0,1,3,1.492910,1.130167,1.130167,-0.009007,-0.008932,14.952488,8918,0.000597,0.076472,47018,19704,10741,6733,4601,3370,2502,2105,17364,1,1,1,1
22.4000,5406,1,1,59379,1,114190,0.520006,2,1,5,22,40395909,27.50604,0.00293,2.35479,0.00744,0,0,3,1.450647,1.165145,1.165145,-0.026317,-0.026248,14.934969,8646,0.001758,0.074227,47386,19169,10600,6770,4718,3445,2542,2067,17492,1,1,1,1
23.0000,5406,1,1,60384,0,116177,0.519763,2,45,45,194,668910,27.92198,0.00293,2.35479,0.00744,1,1,2,1.060181,1.000000,2.860623,-0.234376,-0.234365,14.726599,5402,0.015914,0.047033,48176,19645,10836,6790,4653,3485,2636,2181,17774,1,1,1,1
23.9000,5406,1,1,61785,1,119275,0.518009,23,8,23,493,135265,28.54576,0.00293,2.35479,0.00744,0,1,3,5.316627,4.261375,4.261375,-0.546304,-0.545994,14.414560,539,0.037878,0.004794,49659,20141,10981,7020,4840,3537,2763,2173,18160,1,1,1,1
22.3500,5407,1,1,59427,1,114386,0.519535,26,4,26,26,383175,27.47132,0.00338,2.35001,0.00867,0,1,3,1.689546,1.623876,1.623876,-0.008824,-0.008727,14.952048,8919,0.000584,0.076469,47413,19418,10667,6673,4660,3430,2537,2097,17490,1,1,1,1
22.4000,5407,1,1,59353,1,114395,0.518847,3,42,42,72,2061889,27.50594,0.00338,2.35001,0.00867,0,0,3,3.469438,3.166958,3.166958,-0.026196,-0.025966,14.935081,8648,0.001739,0.074230,47556,19289,10601,6784,4668,3445,2611,2018,17422,1,1,1,1
23.0000,5407,1,1,60977,1,116952,0.521389,24,41,41,521,2818836,27.92193,0.00338,2.35001,0.00867,0,1,3,5.253069,5.112119,5.112119,-0.234235,-0.233928,14.727555,5401,0.015884,0.047012,48809,19943,10804,6830,4700,3411,2650,2085,17719,1,1,1,1
23.9000,5407,1,1,61846,0,119023,0.519618,1,7,3354,3354,229031,28.54572,0.00338,2.35001,0.00867,1,1,2,1.222815,1.000000,2.029368,-0.546047,-0.546010,14.415190,537,0.037877,0.004776,48988,20469,11158,7043,4852,3637,2721,2154,18000,1,1,1,1
22.3500,5408,1,1,59373,1,114308,0.519417,1,1,5,69,457033,27.47455,0.00350,2.35030,0.00689,0,1,3,1.439087,1.040647,1.040647,-0.007062,-0.006995,14.954402,8924,0.000468,0.076486,47551,19147,10682,6797,4663,3324,2563,2088,17492,1,1,1,1
22.4000,5408,1,1,59790,0,114526,0.522069,2,34,116,116,308596,27.50929,0.00350,2.35030,0.00689,1,1,2,1.084479,1.000000,3.037445,-0.024528,-0.024513,14.936512,8653,0.001641,0.074252,47415,19600,10728,6662,4578,3314,2622,2078,17528,1,1,1,1
23.0000,5408,1,1,60583,1,116535,0.519874,1,26,30,30,228901,27.92520,0.00350,2.35030,0.00689,0,1,3,8.001174,7.061670,7.061670,-0.232564,-0.232179,14.729287,5409,0.015763,0.047068,48299,19958,10735,6830,4841,3401,2573,2164,17733,1,1,1,1
23.9000,5408,1,1,62393,1,120199,0.519085,1,9,9,69,69332,28.54901,0.00350,2.35030,0.00689,0,0,3,2.586444,2.096300,2.096300,-0.544355,-0.544179,14.417030,541,0.037746,0.004810,50267,20425,11149,7014,4872,3531,2713,2172,18055,1,1,1,1
22.3500,5409,1,1,59532,0,114456,0.520135,1,4,21,30,276079,27.47085,0.00332,2.35206,0.00865,1,0,3,1.225994,1.000000,1.257309,-0.009103,-0.009066,14.952379,8923,0.000606,0.076473,47661,19348,10686,6688,4502,3434,2630,2075,17431,1,1,1,1
22.4000,5409,1,1,59669,1,114571,0.520808,1,33,44,44,345338,27.50545,0.00332,2.35206,0.00865,0,1,3,3.919394,3.102159,3.034348,-0.026489,-0.026236,14.934995,8651,0.001757,0.074228,47579,19434,10639,6775,4654,3393,2607,2056,17433,1,1,1,1
23.0000,5409,1,1,60259,1,115944,0.519730,1,105,181,181,110788,27.92141,0.00332,2.35206,0.00865,0,1,3,3.915775,3.340792,3.330760,-0.234480,-0.234227,14.726926,5405,0.015905,0.047032,47936,19678,10854,6663,4798,3384,2717,2094,17819,1,1,1,1
23.9000,5409,1,1,61855,1,119164,0.519079,21,32,32,106,2471494,28.54523,0.00332,2.35206,0.00865,0,0,3,2.599369,2.554297,2.554297,-0.546366,-0.546189,14.414552,537,0.037892,0.004774,49294,20296,11091,7003,4923,3585,2677,2030,18264,1,1,1,1
22.3500,5410,1,1,59518,0,114194,0.521205,2,37,37,55,63063,27.47095,0.00243,2.35047,0.00718,1,1,2,1.226159,1.000000,9.620156,-0.009644,-0.009607,14.951596,8923,0.000643,0.076463,47276,19421,10473,6793,4796,3411,2590,2046,17387,1,1,1,1
22.4000,5410,1,1,59641,1,114560,0.520614,6,2,6,113,120767,27.50567,0.00243,2.35047,0.00718,0,1,3,1.521196,1.160087,1.160087,-0.026808,-0.026731,14.934294,8653,0.001790,0.074235,47548,19442,10611,6895,4662,3361,2510,2074,17456,1,1,1,1
23.0000,5410,1,1,60907,1,116588,0.522417,1,3,25,82,511324,27.92156,0.00243,2.35047,0.00718,0,0,3,2.171422,1.745279,1.745279,-0.234789,-0.234646,14.726571,5408,0.015934,0.047050,48484,19996,10722,6761,4600,3410,2646,2175,17793,1,1,1,1
23.9000,5410,1,1,61925,1,119181,0.519592,1,2,56,59,50020,28.54539,0.00243,2.35047,0.00718,0,0,3,1.673833,1.183587,1.183587,-0.546663,-0.546568,14.414792,537,0.037917,0.004773,49146,20390,10995,7178,4760,3628,2766,2175,18142,1,1,1,1
22.3500,5411,1,1,59696,0,114311,0.522229,1,41,743,743,144977,27.46869,0.00275,2.34358,0.00686,1,1,2,1.242438,1.000000,11.339448,-0.010587,-0.010547,14.950895,8926,0.000705,0.076478,47376,19288,10780,6817,4603,3405,2579,2023,17439,1,1,1,1
22.4000,5411,1,1,59709,1,114551,0.521248,1,2,21,41,1972238,27.50341,0.00275,2.34358,0.00686,0,0,3,1.619990,1.153961,1.153961,-0.027731,-0.027642,14.933695,8659,0.001851,0.074276,47611,19305,10581,6664,4733,3353,2662,2159,17482,1,1,1,1
23.0000,5411,1,1,60648,0,116517,0.520512,1,5,14,38,84370,27.91934,0.00275,2.34358,0.00686,1,1,3,1.154699,1.000000,1.178496,-0.235701,-0.235674,14.725460,5407,0.016005,0.047037,48361,19830,10881,6935,4610,3434,2695,2100,17670,1,1,1,1
23.9000,5411,1,1,62087,1,119372,0.520118,3,10,2138,2138,1377852,28.54306,0.00275,2.34358,0.00686,0,1,3,2.632429,2.322017,2.322017,-0.547626,-0.547447,14.414017,538,0.037980,0.004781,49330,20496,11018,6973,4926,3594,2713,2130,18191,1,1,1,1
22.3500,5412,1,1,59701,1,114473,0.521534,1,87,87,87,461283,27.46714,0.00474,2.34773,0.00812,0,1,3,17.131227,16.350085,16.350085,-0.010479,-0.009954,14.951528,8926,0.000666,0.076461,47316,19435,10610,6937,4687,3446,2587,2040,17414,1,1,1,1
22.4000,5412,1,1,59963,1,115117,0.520892,1,5,39,39,169763,27.50172,0.00474,2.34773,0.00812,0,1,3,1.551454,1.101779,1.054742,-0.027507,-0.027426,14.933917,8656,0.001836,0.074235,47867,19544,10860,6640,4610,3463,2702,2002,17428,1,1,1,1
23.0000,5412,1,1,60877,1,116542,0.522366,5,3,9,253,63465,27.91772,0.00474,2.34773,0.00812,0,1,3,2.527525,1.939871,1.939871,-0.235566,-0.235395,14.726031,5409,0.015985,0.047043,48070,19972,10887,6880,4747,3451,2780,2062,17692,1,1,1,1
23.9000,5412,1,1,62380,0,119525,0.521904,7,13,13,63,114721,28.54145,0.00474,2.34773,0.00812,1,1,2,1.410985,1.000000,6.611689,-0.547546,-0.547483,14.413890,538,0.037983,0.004780,49569,20351,11114,7278,4776,3550,2667,2131,18088,1,1,1,1
22.3500,5413,1,1,60079,1,114661,0.523975,1,2,28,28,806142,27.46555,0.00300,2.34517,0.00919,0,1,3,2.280753,1.671972,1.671972,-0.011891,-0.011739,14.949721,8924,0.000785,0.076439,47770,19363,10631,6761,4698,3438,2548,2053,17398,1,1,1,1
22.4000,5413,1,1,60090,0,115189,0.521669,2,6,45,50,189064,27.50025,0.00300,2.34517,0.00919,1,1,2,1.340932,1.000000,2.749021,-0.029288,-0.029234,14.932051,8653,0.001958,0.074205,47945,19416,10698,7062,4622,3412,2567,2105,17361,1,1,1,1
23.0000,5413,1,1,60705,1,116392,0.521561,7,2,9,81,497730,27.91616,0.00300,2.34517,0.00919,0,1,3,1.727711,1.307841,1.307841,-0.237174,-0.237073,14.724378,5406,0.016101,0.047014,48126,19811,10968,6727,4651,3466,2692,2115,17835,1,1,1,1
23.9000,5413,1,1,62092,0,119212,0.520858,4,21,21,66,160961,28.53991,0.00300,2.34517,0.00919,1,1,2,1.407867,1.000000,10.522620,-0.549241,-0.549178,14.412165,534,0.038105,0.004745,49273,20322,11105,7017,4844,3545,2705,2141,18259,1,1,1,1
22.3500,5414,1,1,59827,1,114871,0.520824,1,982,982,982,177239,27.46972,0.00230,2.34875,0.00730,0,1,3,9.653106,9.374278,9.374278,-0.010269,-0.009850,14.951634,8930,0.000659,0.076466,47465,19771,10673,6744,4809,3421,2602,2085,17300,1,1,1,1
22.4000,5414,1,1,59731,1,114737,0.520595,3,8,9,989,3082153,27.50442,0.00230,2.34875,0.00730,0,0,3,1.263625,1.024118,1.024118,-0.027411,-0.027368,14.933842,8660,0.001833,0.074243,47670,19563,10720,6775,4478,3405,2578,2056,17491,1,1,1,1
23.0000,5414,1,1,60856,0,117098,0.519706,10,5,12,35,1288108,27.92038,0.00230,2.34875,0.00730,1,1,2,1.409172,1.000000,2.696012,-0.235484,-0.235420,14.725956,5411,0.015987,0.047044,48840,19761,10800,6895,4863,3454,2745,2060,17679,1,1,1,1
23.9000,5414,1,1,62207,1,119333,0.521294,3,10,41,3762,131064,28.54414,0.00230,2.34875,0.00730,0,1,3,2.144091,1.529204,1.332546,-0.547295,-0.547155,14.414229,538,0.037959,0.004779,49386,20247,11226,6936,4844,3620,2684,2239,18150,1,1,1,1
22.3500,5415,1,1,59774,0,115025,0.519665,3,5,17,57,197712,27.46658,0.00230,2.34232,0.00831,1,1,2,1.325587,1.000000,2.108315,-0.011782,-0.011730,14.949689,8929,0.000785,0.076454,47775,19527,10823,6790,4793,3350,2566,2034,17366,1,1,1,1
22.4000,5415,1,1,59696,0,114885,0.519620,1,35,35,47,207623,27.50127,0.00230,2.34232,0.00831,1,0,2,1.103388,1.000000,3.880509,-0.029184,-0.029166,14.932304,8658,0.001953,0.074219,47765,19418,10719,6711,4645,3486,2630,2076,17434,1,1,1,1
23.0000,5415,1,1,61016,0,117143,0.520872,6,130,130,130,50782,27.91716,0.00230,2.34232,0.00831,1,1,2,1.150062,1.000000,21.008760,-0.237284,-0.237258,14.723871,5409,0.016114,0.047024,48624,20066,10926,6933,4819,3433,2616,2052,17673,1,1,1,1
23.9000,5415,1,1,61971,1,119163,0.520057,1,31,50,156,195299,28.54093,0.00230,2.34232,0.00831,0,1,3,3.545516,2.748015,2.651090,-0.548977,-0.548743,14.412508,536,0.038074,0.004760,49151,20239,11222,7127,4752,3638,2648,2189,18196,1,1,1,1
22.3500,5416,1,1,59955,1,115050,0.521126,1,14,15,1245,4034706,27.46761,0.00408,2.34733,0.00708,0,0,3,5.112643,4.314332,4.314332,-0.010404,-0.010102,14.951064,8933,0.000676,0.076467,47989,19390,10722,6674,4644,3483,2679,2115,17353,1,1,1,1
22.4000,5416,1,1,60154,0,115352,0.521487,3,2,15,264,230074,27.50230,0.00408,2.34733,0.00708,1,1,2,1.401379,1.000000,1.491424,-0.027647,-0.027585,14.933800,8662,0.001847,0.074233,48016,19557,10769,6775,4807,3443,2681,2083,17220,1,1,1,1
23.0000,5416,1,1,61136,0,116988,0.522588,2,23,23,23,335579,27.91823,0.00408,2.34733,0.00708,1,1,2,1.405550,1.000000,11.894878,-0.235809,-0.235746,14.725635,5412,0.016009,0.047036,48643,19941,10921,6794,4832,3429,2602,2145,17680,1,1,1,1
23.9000,5416,1,1,62062,0,119273,0.520340,3,10,11,27,906540,28.54202,0.00408,2.34733,0.00708,1,1,2,1.329318,1.000000,4.182941,-0.547603,-0.547550,14.413868,538,0.037988,0.004777,49439,20160,11161,7006,4860,3622,2677,2131,18216,1,1,1,1
22.3500,5417,1,1,60183,1,114784,0.524320,1,11,11,161,81987,27.46876,0.00256,2.34318,0.00903,0,1,3,7.488514,5.808512,5.808512,-0.010571,-0.010200,14.950807,8932,0.000682,0.076445,47734,19416,10565,6862,4606,3508,2641,2076,17375,1,1,1,1
22.4000,5417,1,1,59815,1,114726,0.521377,26,2,26,61,85177,27.50344,0.00256,2.34318,0.00903,0,0,3,1.144388,1.109943,1.109943,-0.027750,-0.027725,14.933120,8660,0.001857,0.074205,47371,19605,10611,6890,4753,3414,2591,2055,17435,1,1,1,1
23.0000,5417,1,1,60670,0,116663,0.520049,5,1600,1600,1600,64460,27.91943,0.00256,2.34318,0.00903,1,1,2,1.215161,1.000000,381.379301,-0.236291,-0.236255,14.724939,5409,0.016045,0.047003,48234,19980,10779,6885,4757,3532,2709,2061,17725,1,1,1,1
23.9000,5417,1,1,62114,0,119392,0.520257,1,16,322,322,649051,28.54322,0.00256,2.34318,0.00903,1,1,2,1.243481,1.000000,4.568760,-0.547780,-0.547740,14.413477,534,0.038002,0.004741,49239,20495,11102,7038,4889,3618,2713,2160,18137,1,1,1,1
22.3500,5418,1,1,59982,0,114660,0.523134,1,2,6,80,347562,27.47578,0.00300,2.35083,0.00711,1,0,2,1.328505,1.000000,1.431168,-0.006791,-0.006739,14.954680,8932,0.000451,0.076411,47797,19462,10553,6741,4605,3437,2602,2064,17398,1,1,1,1
22.4000,5418,1,1,59695,1,114970,0.519227,4,2,15,62,72922,27.51045,0.00300,2.35083,0.00711,0,1,3,1.604281,1.256306,1.256306,-0.024113,-0.024026,14.937045,8661,0.001608,0.074181,47739,19584,10719,6774,4708,3468,2636,2021,17320,1,1,1,1
23.0000,5418,1,1,60665,1,116697,0.519855,2,38,38,38,80770,27.92637,0.00300,2.35083,0.00711,0,1,3,2.935306,2.584919,2.584919,-0.232138,-0.231940,14.729524,5410,0.015747,0.046989,48312,19818,11045,6817,4645,3477,2613,2148,17821,1,1,1,1
23.9000,5418,1,1,61993,1,119288,0.519696,3,1,14,36,210124,28.55018,0.00300,2.35083,0.00711,0,1,3,1.423348,1.014922,1.014922,-0.543947,-0.543882,14.417453,534,0.037724,0.004738,49153,20497,11026,7046,4925,3560,2727,2174,18179,1,1,1,1
22.3500,5419,1,1,59790,0,114696,0.521296,1,3,17,334,579325,27.47403,0.00236,2.35174,0.00724,1,1,2,1.349681,1.000000,1.944463,-0.007973,-0.007918,14.953374,8944,0.000529,0.076507,47714,19315,10788,6727,4648,3429,2570,2027,17477,1,1,1,1
22.4000,5419,1,1,59754,0,114785,0.520578,1,72,72,103,207382,27.50869,0.00236,2.35174,0.00724,1,1,2,1.028249,1.000000,2.118459,-0.025312,-0.025307,14.936177,8671,0.001694,0.074257,47745,19470,10593,6610,4824,3445,2583,2028,17486,1,1,1,1
23.0000,5419,1,1,60614,0,116604,0.519832,2,2,4,129,406048,27.92466,0.00236,2.35174,0.00724,1,1,2,1.394177,1.000000,1.532759,-0.233265,-0.233203,14.728123,5419,0.015834,0.047063,48261,19928,10801,6812,4787,3495,2638,2084,17797,1,1,1,1
23.9000,5419,1,1,62296,0,119519,0.521227,1,5,13,556,329317,28.54848,0.00236,2.35174,0.00724,1,1,2,1.278404,1.000000,1.906269,-0.545194,-0.545148,14.416095,542,0.037815,0.004809,49376,20314,11142,7149,4841,3498,2747,2213,18238,1,1,1,1
22.3500,5420,1,1,59918,0,114669,0.522535,1,6,28,28,612339,27.47050,0.00317,2.35057,0.00784,1,1,3,1.131157,1.000000,1.069610,-0.009360,-0.009337,14.952128,8943,0.000624,0.076490,47841,19304,10628,6829,4614,3365,2639,2008,17440,1,1,1,1
22.4000,5420,1,1,59963,1,114644,0.523041,7,3,17,43,121091,27.50516,0.00317,2.35057,0.00784,0,1,3,1.706112,1.250730,1.250730,-0.026704,-0.026605,14.934801,8672,0.001781,0.074258,47583,19371,10697,6821,4702,3401,2592,2016,17460,1,1,1,1
23.0000,5420,1,1,61026,0,117114,0.521086,12,6,12,21,729897,27.92105,0.00317,2.35057,0.00784,1,0,2,1.186649,1.000000,1.347213,-0.234655,-0.234624,14.726830,5420,0.015932,0.047067,48587,20050,10858,6934,4871,3431,2660,2097,17625,1,1,1,1
23.9000,5420,1,1,62219,1,119769,0.519496,4,4,30,30,242880,28.54488,0.00317,2.35057,0.00784,0,0,3,1.639257,1.461776,1.461776,-0.546578,-0.546487,14.414605,542,0.037912,0.004809,49759,20532,11229,6983,4727,3527,2703,2178,18130,1,1,1,1
22.3500,5421,1,1,59734,0,114690,0.520835,1,1,33,245,115596,27.46866,0.00217,2.35238,0.00842,1,1,3,1.409297,1.000000,1.230706,-0.010743,-0.010679,14.950666,8942,0.000714,0.076475,47624,19407,10756,6641,4601,3427,2707,2024,17502,1,1,1,1
22.4000,5421,1,1,60043,1,114744,0.523282,2,12,12,430,45175,27.50331,0.00217,2.35238,0.00842,0,1,3,1.611830,1.402256,1.402256,-0.028087,-0.027999,14.933462,8670,0.001875,0.074234,47539,19611,10641,6685,4644,3378,2617,2043,17585,1,1,1,1
23.0000,5421,1,1,60824,0,117121,0.519331,2,2,241,241,12666771,27.91925,0.00217,2.35238,0.00842,1,1,3,1.355207,1.000000,1.212688,-0.236040,-0.235984,14.725312,5417,0.016026,0.047037,48759,19944,10956,6845,4706,3401,2621,2117,17771,1,1,1,1
23.9000,5421,1,1,62442,0,119961,0.520524,1,5,5,90,84903,28.54296,0.00217,2.35238,0.00842,1,1,2,1.320914,1.000000,2.392890,-0.547964,-0.547913,14.413360,539,0.038014,0.004782,49940,20504,11175,7052,4744,3532,2717,2074,18222,1,1,1,1
22.3500,5422,1,1,59939,1,115041,0.521027,1,5,118,118,120687,27.47044,0.00354,2.35762,0.00685,0,1,3,4.686150,3.434417,3.434417,-0.009224,-0.008940,14.952518,8948,0.000598,0.076503,47855,19532,10611,6848,4692,3459,2646,2074,17323,1,1,1,1
22.4000,5422,1,1,59987,1,115075,0.521291,1,1,8,888,1180150,27.50509,0.00354,2.35762,0.00685,0,0,3,1.392982,1.002317,1.002317,-0.026432,-0.026371,14.934952,8674,0.001766,0.074247,47710,19753,10725,6736,4753,3435,2583,2013,17366,1,1,1,1
23.0000,5422,1,1,60504,0,116125,0.521029,1,3,7,41,330248,27.92108,0.00354,2.35762,0.00685,1,0,2,1.320787,1.000000,1.555929,-0.234469,-0.234417,14.727004,5420,0.015918,0.047049,48086,19661,10630,6804,4708,3621,2645,2108,17861,1,1,1,1
23.9000,5422,1,1,62746,0,120048,0.522679,1,27,27,27,815052,28.54481,0.00354,2.35762,0.00685,1,1,2,1.060009,1.000000,1.732150,-0.546344,-0.546333,14.414632,543,0.037901,0.004816,49749,20624,11123,7236,4852,3532,2790,2102,18039,1,1,1,1
22.3500,5423,1,1,59747,1,114968,0.519688,1,3,12,64,381136,27.47521,0.00249,2.35944,0.00867,0,0,3,1.482489,1.059795,1.059795,-0.007334,-0.007262,14.954070,8944,0.000486,0.076447,47730,19613,10837,6676,4697,3455,2507,2135,17317,1,1,1,1
22.4000,5423,1,1,60112,0,115039,0.522540,1,33,33,89,144261,27.50985,0.00249,2.35944,0.00867,1,1,2,1.056752,1.000000,2.044657,-0.024720,-0.024710,14.936769,8673,0.001654,0.074216,47650,19655,10870,6622,4666,3481,2576,2078,17440,1,1,1,1
23.0000,5423,1,1,60647,1,116699,0.519692,2,5,51,51,218875,27.92576,0.00249,2.35944,0.00867,0,1,3,3.698950,2.969292,2.969292,-0.232712,-0.232470,14.728567,5420,0.015784,0.047035,48350,19827,10874,6915,4727,3498,2618,2068,17821,1,1,1,1
23.9000,5423,1,1,62306,0,119939,0.519485,1,5,8,24,7896921,28.54950,0.00249,2.35944,0.00867,1,1,2,1.278995,1.000000,1.961871,-0.544542,-0.544497,14.416747,539,0.037768,0.004779,49888,20394,10998,7153,4918,3556,2698,2197,18136,1,1,1,1
22.3500,5424,1,1,59672,0,114445,0.521408,2,3,22,116,114929,27.47268,0.00261,2.35617,0.00881,1,1,2,1.389836,1.000000,1.620179,-0.008538,-0.008477,14.952846,8950,0.000567,0.076490,47416,19514,10497,6702,4758,3454,2579,2051,17473,1,1,1,1
22.4000,5424,1,1,59802,0,115043,0.519828,3,2,21,21,116514,27.50731,0.00261,2.35617,0.00881,1,0,3,1.378483,1.000000,1.154198,-0.025816,-0.025757,14.935643,8680,0.001725,0.074268,47593,19609,10732,6840,4651,3478,2588,2119,17432,1,1,1,1
23.0000,5424,1,1,61125,1,117158,0.521736,1,2,6,285,1989930,27.92327,0.00261,2.35617,0.00881,0,0,3,1.858466,1.469567,1.469567,-0.233822,-0.233708,14.727525,5424,0.015869,0.047065,48651,19956,10958,6987,4691,3386,2625,2087,17816,1,1,1,1
23.9000,5424,1,1,62167,1,119235,0.521387,1,3,10,25,74128,28.54703,0.00261,2.35617,0.00881,0,1,3,2.105477,1.751449,1.751449,-0.545721,-0.545584,14.415893,543,0.037846,0.004814,49124,20337,11215,7089,4805,3463,2707,2100,18394,1,1,1,1
22.3500,5425,1,1,60330,0,115235,0.523543,8,51,51,51,126086,27.46921,0.00327,2.35281,0.00937,1,1,2,1.285471,1.000000,16.686913,-0.010115,-0.010069,14.951362,8948,0.000673,0.076466,47982,19685,10702,6758,4624,3368,2661,2056,17398,1,1,1,1
22.4000,5425,1,1,59769,1,114939,0.520011,6,53,57,334,46286,27.50396,0.00327,2.35281,0.00937,0,1,3,35.789587,26.657318,26.657318,-0.027535,-0.026875,14.933569,8676,0.001800,0.074230,47630,19616,10595,6847,4674,3409,2586,2072,17509,1,1,1,1
23.0000,5425,1,1,60757,1,116719,0.520545,1,7,127,127,65964,27.91985,0.00327,2.35281,0.00937,0,1,3,4.832040,3.883580,3.883580,-0.235301,-0.235011,14.726475,5423,0.015958,0.047051,48623,19437,10939,6906,4710,3483,2679,2062,17879,1,1,1,1
23.9000,5425,1,1,62398,0,119675,0.521400,2,2,6,68,552795,28.54362,0.00327,2.35281,0.00937,1,1,2,1.410987,1.000000,1.617179,-0.547103,-0.547039,14.414309,540,0.037951,0.004787,49850,20230,11052,6994,4940,3553,2723,2159,18173,1,1,1,1
22.3500,5426,1,1,60046,0,114738,0.523336,1,12,35,155,135399,27.46977,0.00230,2.35171,0.00766,1,1,2,1.413542,1.000000,6.948224,-0.010323,-0.010259,14.951108,8949,0.000686,0.076462,47554,19558,10677,6688,4620,3439,2757,2021,17423,1,1,1,1
22.4000,5426,1,1,59939,1,115243,0.520114,4,1,36,104,19799724,27.50438,0.00230,2.35171,0.00766,0,1,3,1.442427,1.025007,1.025007,-0.027456,-0.027389,14.933990,8678,0.001834,0.074232,47739,19837,10857,6757,4560,3355,2628,2022,17487,1,1,1,1
23.0000,5426,1,1,60908,0,116733,0.521776,3,3,8,73,744042,27.92032,0.00230,2.35171,0.00766,1,0,3,1.322986,1.000000,1.323456,-0.235447,-0.235395,14.726026,5422,0.015985,0.047035,48360,19882,10810,6863,4712,3519,2621,2122,17843,1,1,1,1
23.9000,5426,1,1,62055,1,119766,0.518140,4,14,743,743,133522,28.54410,0.00230,2.35171,0.00766,0,0,3,1.264074,1.044930,1.044930,-0.547317,-0.547274,14.413916,539,0.037968,0.004777,49631,20432,11232,6977,4841,3597,2781,2031,18243,1,1,1,1
22.3500,5427,1,1,59771,1,114953,0.519965,3,171,171,532,123817,27.47037,0.00332,2.34953,0.00761,0,1,3,11.440184,11.370473,11.370473,-0.009512,-0.009063,14.952426,8951,0.000606,0.076458,47912,19559,10565,6822,4528,3351,2676,2024,17515,1,1,1,1
22.4000,5427,1,1,59737,1,114908,0.519873,1,4,30,30,347951,27.50499,0.00332,2.34953,0.00761,0,1,3,1.968430,1.410103,1.395133,-0.026619,-0.026494,14.934835,8682,0.001774,0.074248,47568,19551,10762,6767,4684,3444,2588,2080,17463,1,1,1,1
23.0000,5427,1,1,61130,0,117088,0.522090,2,1,209,209,142077,27.92098,0.00332,2.34953,0.00761,1,1,3,1.327694,1.000000,1.048299,-0.234590,-0.234538,14.726939,5423,0.015926,0.047032,48514,19837,10848,7005,4888,3523,2638,2161,17673,1,1,1,1
23.9000,5427,1,1,62116,0,119957,0.517823,1,7,327,327,714520,28.54477,0.00332,2.34953,0.00761,1,1,2,1.364136,1.000000,3.689242,-0.546606,-0.546549,14.414857,539,0.037916,0.004776,49697,20519,11087,7163,4841,3602,2728,2219,18100,1,1,1,1
22.3500,5428,1,1,59923,1,114402,0.523798,54,89,324,764,330285,27.47418,0.00230,2.35626,0.00640,0,1,3,37.378429,33.654567,33.654567,-0.008172,-0.007505,14.953980,8953,0.000502,0.076454,47273,19414,10548,6840,4766,3426,2558,2049,17527,1,1,1,1
22.4000,5428,1,1,60016,0,114912,0.522282,1,2,5,49,134535,27.50891,0.00230,2.35626,0.00640,1,0,3,1.261996,1.000000,1.131613,-0.025221,-0.025178,14.936259,8683,0.001686,0.074236,47779,19497,10682,6668,4604,3419,2633,2021,17608,1,1,1,1
23.0000,5428,1,1,61231,1,117372,0.521688,1,1,18,27,2713291,27.92483,0.00230,2.35626,0.00640,0,0,3,1.561711,1.161025,1.161025,-0.233183,-0.233101,14.728358,5427,0.015827,0.047053,48989,19997,10745,6898,4744,3492,2663,2137,17706,1,1,1,1
23.9000,5428,1,1,62190,0,119738,0.519388,1,2,30,30,285670,28.54863,0.00230,2.35626,0.00640,1,0,3,1.340527,1.000000,1.127724,-0.545086,-0.545032,14.416383,540,0.037806,0.004783,49596,20429,11166,7032,4984,3491,2664,2177,18198,1,1,1,1
22.3500,5429,1,1,59867,1,115225,0.519571,1,8,52,263,194167,27.47599,0.00378,2.35772,0.00864,0,0,3,2.982441,2.263932,2.263932,-0.006362,-0.006161,14.955110,8950,0.000412,0.076408,47942,19446,10770,6833,4697,3497,2625,2139,17275,1,1,1,1
22.4000,5429,1,1,60297,1,115908,0.520219,2,2,27,227,83995,27.51058,0.00378,2.35772,0.00864,0,1,3,1.953668,1.392402,1.392402,-0.023617,-0.023494,14.937890,8681,0.001573,0.074197,48348,19880,10758,6816,4747,3319,2626,2063,17350,1,1,1,1
23.0000,5429,1,1,60762,0,116914,0.519720,1,1,40,40,970744,27.92655,0.00378,2.35772,0.00864,1,0,3,1.352942,1.000000,1.122306,-0.231580,-0.231525,14.729886,5421,0.015718,0.046988,48355,19918,10825,6966,4836,3352,2691,2098,17872,1,1,1,1
23.9000,5429,1,1,62521,1,120098,0.520588,1,3,14,14,202176,28.55037,0.00378,2.35772,0.00864,0,1,3,3.045577,2.261679,2.261679,-0.543555,-0.543350,14.417853,535,0.037686,0.004738,49885,20512,11195,7208,4833,3572,2677,2076,18139,1,1,1,1
22.3500,5430,1,1,60016,0,114968,0.522028,13,4,13,312,329301,27.48012,0.00204,2.35913,0.00782,1,0,3,1.206775,1.000000,1.102986,-0.005054,-0.005019,14.956430,8958,0.000336,0.076456,47717,19509,10709,6828,4667,3384,2544,2064,17545,1,1,1,1
22.4000,5430,1,1,59955,1,115254,0.520203,2,6,7,14,474456,27.51484,0.00204,2.35913,0.00782,0,0,3,1.318781,1.016574,1.016574,-0.022406,-0.022355,14.938902,8686,0.001496,0.074221,47813,19787,10790,6650,4690,3419,2573,2043,17488,1,1,1,1
23.0000,5430,1,1,60681,1,116891,0.519129,1,4722,4722,4722,83893,27.93072,0.00204,2.35913,0.00782,0,1,3,10.893263,10.641892,10.641892,-0.230569,-0.230129,14.731356,5428,0.015622,0.047035,48689,19564,10845,6898,4772,3522,2617,2104,17879,1,1,1,1
23.9000,5430,1,1,62025,1,119288,0.519964,1,1,4,19,70508,28.55456,0.00204,2.35913,0.00782,0,0,3,1.452785,1.028465,1.028465,-0.542261,-0.542192,14.419178,541,0.037602,0.004789,49270,20173,11072,7173,4891,3527,2693,2175,18313,1,1,1,1
22.3500,5431,1,1,60021,1,115162,0.521192,1,6,8,1607,2754824,27.47752,0.00204,2.35853,0.00816,0,1,3,4.583053,3.532526,3.532526,-0.006413,-0.006133,14.955340,8958,0.000410,0.076447,47704,19824,10756,6832,4632,3380,2582,1978,17473,1,1,1,1
22.4000,5431,1,1,60076,0,115011,0.522355,1,11,1369,1369,434658,27.51224,0.00204,2.35853,0.00816,1,1,3,1.079357,1.000000,1.021076,-0.023654,-0.023639,14.937377,8686,0.001583,0.074215,47628,19472,10867,6703,4689,3426,2633,2080,17512,1,1,1,1
23.0000,5431,1,1,60952,0,116945,0.521207,20,2,150,161,3560802,27.92818,0.00204,2.35853,0.00816,1,1,3,1.397903,1.000000,1.143342,-0.231630,-0.231569,14.729763,5428,0.015721,0.047032,48562,19723,10819,6876,4711,3554,2667,2169,17863,1,1,1,1
23.9000,5431,1,1,62532,0,119949,0.521326,1,2,5,167,354213,28.55190,0.00204,2.35853,0.00816,1,1,3,1.412907,1.000000,1.381515,-0.543512,-0.543449,14.417905,540,0.037693,0.004780,49617,20449,11240,7040,4992,3533,2751,2210,18116,1,1,1,1
22.3500,5432,1,1,59837,1,114859,0.520965,1,1,37,48,48101,27.47872,0.00338,2.36235,0.00733,0,0,3,1.357902,1.138739,1.138739,-0.005121,-0.005065,14.956399,8962,0.000339,0.076462,47709,19546,10704,6664,4589,3466,2640,2018,17522,1,1,1,1
22.4000,5432,1,1,60258,0,115168,0.523223,1,5,5,20,1190441,27.51330,0.00338,2.36235,0.00733,1,0,2,1.328745,1.000000,2.257622,-0.022480,-0.022427,14.938992,8692,0.001501,0.074244,47813,19500,10930,6746,4612,3376,2639,1988,17563,1,1,1,1
23.0000,5432,1,1,60838,0,117004,0.519970,4,7,23,90,614074,27.92929,0.00338,2.36235,0.00733,1,1,2,1.371570,1.000000,3.601501,-0.230520,-0.230462,14.730941,5432,0.015645,0.047054,48425,19987,10797,7022,4686,3537,2607,2116,17826,1,1,1,1
23.9000,5432,1,1,62543,1,119957,0.521383,1,16,93,93,431130,28.55302,0.00338,2.36235,0.00733,0,0,3,1.485890,1.104648,1.104648,-0.542269,-0.542196,14.419094,544,0.037603,0.004814,49663,20480,11287,7077,4815,3577,2717,2148,18192,1,1,1,1
22.3500,5433,1,1,59895,1,114878,0.521384,2,10,29,29,58527,27.47630,0.00230,2.35525,0.00858,0,1,3,5.801080,4.845755,4.845755,-0.006966,-0.006642,14.954833,8959,0.000444,0.076430,47651,19606,10615,6733,4675,3428,2653,2083,17433,1,1,1,1
22.4000,5433,1,1,59937,1,115084,0.520815,3,38,103,347,10627271,27.51100,0.00230,2.35525,0.00858,0,0,3,3.768689,3.515366,3.515366,-0.024287,-0.024043,14.936956,8688,0.001610,0.074207,47897,19437,10601,6818,4732,3355,2671,2106,17466,1,1,1,1
23.0000,5433,1,1,60793,1,116842,0.520305,1,45,45,45,97722,27.92691,0.00230,2.35525,0.00858,0,1,3,14.649064,13.430948,13.430948,-0.232368,-0.231874,14.729085,5427,0.015743,0.047008,48434,19764,10901,6897,4808,3361,2676,2112,17888,1,1,1,1
23.9000,5433,1,1,62290,0,120007,0.519057,1,6,9,106,114350,28.55066,0.00230,2.35525,0.00858,1,1,2,1.171798,1.000000,1.258429,-0.544021,-0.543992,14.417163,538,0.037732,0.004761,49823,20368,11154,7137,4929,3597,2724,2179,18095,1,1,1,1
22.3500,5434,1,1,60232,0,115291,0.522439,1,135,135,135,88558,27.47723,0.00230,2.35340,0.00922,1,1,2,1.247674,1.000000,37.988010,-0.006647,-0.006606,14.954835,8963,0.000442,0.076450,48060,19696,10785,6648,4578,3322,2657,2026,17518,1,1,1,1
22.4000,5434,1,1,59635,1,114632,0.520234,1,8,8,917,3992729,27.51192,0.00230,2.35340,0.00922,0,1,3,1.629550,1.470757,1.470757,-0.023695,-0.023606,14.937864,8689,0.001580,0.074197,47257,19637,10552,6807,4588,3479,2619,2039,17653,1,1,1,1
23.0000,5434,1,1,61059,1,117417,0.520023,1,1,12,35,9309582,27.92789,0.00230,2.35340,0.00922,0,0,3,1.429326,1.069374,1.069374,-0.231644,-0.231578,14.729706,5429,0.015722,0.047014,48951,19851,10981,6914,4702,3389,2735,2121,17772,1,1,1,1
23.9000,5434,1,1,62437,1,120130,0.519750,19,8,19,142,717594,28.55164,0.00230,2.35340,0.00922,0,1,3,2.254526,2.200176,2.200176,-0.543591,-0.543441,14.417350,538,0.037694,0.004760,49851,20530,11149,6946,4983,3609,2730,2228,18103,1,1,1,1
22.3500,5435,1,1,59907,1,114915,0.521320,1,9,42,42,208444,27.48069,0.00204,2.35947,0.00771,0,1,3,6.345915,4.933036,4.933036,-0.004936,-0.004596,14.956453,8964,0.000307,0.076436,47784,19477,10615,6741,4517,3466,2646,2104,17564,1,1,1,1
22.4000,5435,1,1,60321,1,115408,0.522681,1,7,16,162,408240,27.51538,0.00204,2.35947,0.00771,0,1,3,1.863864,1.336078,1.249912,-0.022150,-0.022035,14.939293,8692,0.001475,0.074202,47785,19688,10803,6827,4860,3482,2614,2005,17343,1,1,1,1
23.0000,5435,1,1,60593,1,116811,0.518731,1,27,38,38,47039,27.93127,0.00204,2.35947,0.00771,0,1,3,7.089724,6.381423,6.381423,-0.230249,-0.229888,14.731582,5432,0.015605,0.047026,48482,19791,10849,6908,4693,3354,2718,2062,17953,1,1,1,1
23.9000,5435,1,1,62575,1,120083,0.521102,4,6,44,44,312887,28.55504,0.00204,2.35947,0.00771,0,0,3,1.353544,1.141606,1.141606,-0.541975,-0.541919,14.419250,540,0.037583,0.004776,49955,20305,11154,7050,4879,3553,2791,2163,18232,1,1,1,1
22.3500,5436,1,1,59534,0,114568,0.519644,2,6,181,181,1329741,27.47965,0.00355,2.35793,0.00882,1,1,2,1.361230,1.000000,2.939487,-0.004612,-0.004555,14.956746,8966,0.000305,0.076438,47581,19229,10754,6708,4665,3436,2573,2008,17613,1,1,1,1
22.4000,5436,1,1,60058,0,114908,0.522666,14,2,14,60,225060,27.51433,0.00355,2.35793,0.00882,1,1,3,1.372356,1.000000,1.078526,-0.021851,-0.021793,14.939611,8694,0.001459,0.074204,47715,19412,10798,6634,4764,3299,2563,2101,17621,1,1,1,1
23.0000,5436,1,1,60875,1,117024,0.520197,1,12,3419,3419,99321,27.93027,0.00355,2.35793,0.00882,0,0,3,1.846510,1.438138,1.438138,-0.229855,-0.229742,14.731506,5432,0.015595,0.047017,48551,19939,10833,6932,4720,3466,2734,2031,17817,1,1,1,1
23.9000,5436,1,1,62447,1,119718,0.521622,4,9,9,11,463299,28.55406,0.00355,2.35793,0.00882,0,1,3,6.701685,4.822935,4.822935,-0.541859,-0.541509,14.419972,540,0.037553,0.004775,49751,20149,11167,7199,4737,3527,2700,2198,18289,1,1,1,1
22.3500,5437,1,1,59741,1,114783,0.520474,3,2,20,20,25861,27.48091,0.00229,2.36018,0.01038,0,1,3,1.860240,1.444898,1.444898,-0.004498,-0.004384,14.956732,8964,0.000293,0.076407,47493,19617,10711,6788,4486,3456,2615,2042,17574,1,1,1,1
22.4000,5437,1,1,59951,1,115207,0.520381,2,2,9,335,29456,27.51559,0.00229,2.36018,0.01038,0,0,3,1.415137,1.085098,1.085098,-0.021810,-0.021746,14.939516,8695,0.001456,0.074199,47739,19560,10781,6780,4719,3395,2647,2040,17545,1,1,1,1
23.0000,5437,1,1,61310,0,117896,0.520039,2,46,46,46,437570,27.93158,0.00229,2.36018,0.01038,1,1,2,1.192558,1.000000,9.836699,-0.230009,-0.229976,14.731199,5429,0.015612,0.046984,49165,19911,11072,7005,4766,3463,2706,2089,17718,1,1,1,1
23.9000,5437,1,1,62284,0,120068,0.518744,1,1,39,61,64035,28.55537,0.00229,2.36018,0.01038,1,1,3,1.396626,1.000000,1.098268,-0.541701,-0.541639,14.419691,537,0.037562,0.004748,49717,20446,11190,7128,4832,3742,2642,2162,18208,1,1,1,1
22.3500,5438,1,1,59741,1,114533,0.521610,2,3,20,84,4072188,27.47936,0.00217,2.36630,0.00994,0,1,3,2.409001,1.826207,1.826207,-0.005443,-0.005281,14.955846,8969,0.000353,0.076440,47397,19592,10609,6566,4583,3426,2624,2089,17646,1,1,1,1
22.4000,5438,1,1,60446,0,115783,0.522067,1,2,5,169,161475,27.51403,0.00217,2.36630,0.00994,1,1,2,1.413521,1.000000,1.479682,-0.022758,-0.022695,14.938662,8695,0.001519,0.074190,48041,19781,10912,6906,4641,3420,2696,2061,17324,1,1,1,1
23.0000,5438,1,1,61047,1,117078,0.521426,9,1,149,149,119930,27.92994,0.00217,2.36630,0.00994,0,1,3,1.459221,1.031920,1.031920,-0.230682,-0.230612,14.730747,5434,0.015655,0.047020,48726,19932,10796,6829,4847,3398,2635,2099,17815,1,1,1,1
23.9000,5438,1,1,62358,0,119478,0.521925,1,32,32,162,171125,28.55375,0.00217,2.36630,0.00994,1,0,2,1.159654,1.000000,5.799794,-0.542744,-0.542717,14.418743,538,0.037640,0.004756,49457,20261,11086,6986,5004,3490,2740,2220,18233,1,1,1,1
22.3500,5439,1,1,60220,0,115318,0.522213,1,10,17,55,280869,27.48349,0.00217,2.36773,0.00738,1,1,2,1.291150,1.000000,3.840319,-0.003401,-0.003354,14.957899,8971,0.000224,0.076432,47822,19613,10910,6611,4795,3448,2644,2031,17443,1,1,1,1
22.4000,5439,1,1,60276,0,115307,0.522748,5,9,10,62,49829,27.51815,0.00217,2.36773,0.00738,1,1,2,1.244689,1.000000,2.786799,-0.020703,-0.020663,14.940779,8695,0.001383,0.074166,47912,19437,10796,6811,4667,3378,2562,2143,17600,1,1,1,1
23.0000,5439,1,1,61086,0,117341,0.520590,10,54,54,54,2337094,27.93412,0.00217,2.36773,0.00738,1,1,2,1.345739,1.000000,22.024678,-0.228876,-0.228822,14.732469,5431,0.015532,0.046980,48716,19851,10877,6987,4715,3508,2729,2151,17806,1,1,1,1
23.9000,5439,1,1,62488,0,119919,0.521089,1,3,9,34,185036,28.55794,0.00217,2.36773,0.00738,1,1,2,1.273814,1.000000,1.471470,-0.540535,-0.540491,14.420750,536,0.037480,0.004737,49553,20509,11099,7145,4816,3502,2718,2199,18377,1,1,1,1
22.3500,5440,1,1,60196,0,115579,0.520826,1,2,14,34,389900,27.48160,0.00229,2.36130,0.00701,1,0,3,1.224828,1.000000,1.024777,-0.004231,-0.004194,14.957252,8977,0.000280,0.076473,48249,19469,10712,6874,4667,3435,2577,2035,17560,1,1,1,1
22.4000,5440,1,1,59896,0,114651,0.522425,1,9,40,92,327048,27.51626,0.00229,2.36130,0.00701,1,1,2,1.122586,1.000000,1.260981,-0.021589,-0.021568,14.939527,8704,0.001444,0.074235,47328,19410,10717,6861,4645,3364,2576,2120,17629,1,1,1,1
23.0000,5440,1,1,60828,0,116447,0.522371,1,24,73,159,93597,27.93215,0.00229,2.36130,0.00701,1,1,2,1.095814,1.000000,2.559103,-0.229597,-0.229580,14.731892,5440,0.015584,0.047051,48060,19707,10778,6945,4740,3463,2699,2129,17925,1,1,1,1
23.9000,5440,1,1,62323,1,120448,0.517431,6,44,44,73,204386,28.55598,0.00229,2.36130,0.00701,0,1,3,14.653605,13.788884,13.788884,-0.541670,-0.541176,14.419454,544,0.037531,0.004807,50145,20604,11022,7115,4853,3548,2801,2157,18202,1,1,1,1
22.3500,5441,1,1,59976,0,115295,0.520201,2,2,7,27,1295660,27.47785,0.00420,2.36151,0.00661,1,0,3,1.336071,1.000000,1.290806,-0.005141,-0.005088,14.956329,8974,0.000340,0.076438,48002,19538,10762,6823,4760,3357,2513,2018,17521,1,1,1,1
22.4000,5441,1,1,60381,1,115559,0.522517,3,4,53,53,455383,27.51250,0.00420,2.36151,0.00661,0,1,3,2.945779,2.223621,2.223621,-0.022517,-0.022318,14.938690,8702,0.001494,0.074208,48274,19510,10827,6755,4708,3377,2569,2026,17512,1,1,1,1
23.0000,5441,1,1,61571,1,117664,0.523283,1,4,9,23,647468,27.92844,0.00420,2.36151,0.00661,0,0,3,1.847375,1.404232,1.404232,-0.230445,-0.230332,14.730938,5437,0.015636,0.047019,48898,20000,11032,6987,4843,3438,2656,2135,17674,1,1,1,1
23.9000,5441,1,1,62812,0,120289,0.522180,2,713,713,713,118246,28.55216,0.00420,2.36151,0.00661,1,1,2,1.003300,1.000000,2.362353,-0.542352,-0.542351,14.418088,541,0.037616,0.004780,49854,20570,11212,7162,4900,3496,2767,2237,18090,1,1,1,1
22.3500,5442,1,1,60089,1,114938,0.522799,1,2,11,31,53750,27.48040,0.00242,2.36505,0.00741,0,0,3,1.535891,1.088580,1.088580,-0.004688,-0.004609,14.956740,8977,0.000308,0.076447,47672,19471,10710,6864,4596,3379,2632,2019,17594,1,1,1,1
22.4000,5442,1,1,60275,1,115533,0.521717,9,5,97,97,135400,27.51505,0.00242,2.36505,0.00741,0,1,3,2.429316,2.163126,2.163126,-0.022080,-0.021917,14.938987,8704,0.001467,0.074210,48034,19593,10686,6966,4774,3316,2656,2052,17455,1,1,1,1
23.0000,5442,1,1,60882,0,117506,0.518123,1,3,33,38,423738,27.93104,0.00242,2.36505,0.00741,1,0,2,1.308802,1.000000,1.336350,-0.230031,-0.229981,14.731444,5438,0.015612,0.047018,48691,20244,10985,6900,4808,3477,2650,2067,17683,1,1,1,1
23.9000,5442,1,1,62652,0,119934,0.522392,1,2,12,104,103118,28.55477,0.00242,2.36505,0.00741,1,0,2,1.338045,1.000000,1.357999,-0.541897,-0.541843,14.419573,541,0.037577,0.004779,49719,20402,11135,7093,4825,3570,2699,2167,18323,1,1,1,1
22.3500,5443,1,1,59939,1,115261,0.520033,2,35,35,48,157480,27.48094,0.00414,2.36237,0.00685,0,0,3,3.793305,3.341561,3.341561,-0.003751,-0.003506,14.957607,8977,0.000234,0.076429,47925,19564,10761,6685,4656,3506,2628,2059,17476,1,1,1,1
22.4000,5443,1,1,60001,1,115094,0.521326,1,7,7,65,101741,27.51558,0.00414,2.36237,0.00685,0,1,3,5.760057,4.150141,4.150141,-0.021090,-0.020768,14.940704,8705,0.001390,0.074197,47995,19431,10507,6716,4584,3404,2561,1996,17899,1,1,1,1
23.0000,5443,1,1,60776,0,116882,0.519982,8,18,18,46,192239,27.93149,0.00414,2.36237,0.00685,1,0,2,1.160673,1.000000,3.224202,-0.229023,-0.228996,14.732464,5440,0.015544,0.047023,48173,20015,10860,6899,4824,3462,2640,2150,17858,1,1,1,1
23.9000,5443,1,1,62599,1,120508,0.519464,10,17,17,1322,175677,28.55524,0.00414,2.36237,0.00685,0,1,3,11.000159,8.640001,8.640001,-0.540986,-0.540546,14.420933,541,0.037483,0.004777,50207,20423,11084,7256,4934,3533,2771,2102,18197,1,1,1,1
22.3500,5444,1,1,60065,1,115214,0.521339,6,8,38,86,102553,27.48082,0.00242,2.36205,0.00644,0,0,3,1.924397,1.785836,1.785836,-0.004572,-0.004452,14.956563,8979,0.000298,0.076437,47671,19799,10775,6590,4653,3436,2621,2088,17580,1,1,1,1
22.4000,5444,1,1,60303,1,115418,0.522479,1,107,107,107,81684,27.51545,0.00242,2.36205,0.00644,0,1,3,1.815731,1.492634,1.492634,-0.021869,-0.021760,14.939688,8712,0.001457,0.074248,47761,19668,10762,6840,4587,3454,2654,2081,17610,1,1,1,1
23.0000,5444,1,1,60791,1,116817,0.520400,1,1,12,271,156689,27.93141,0.00242,2.36205,0.00644,0,1,3,1.507612,1.071515,1.071515,-0.229815,-0.229740,14.731603,5440,0.015595,0.047017,48324,19851,10968,6739,4711,3458,2742,2086,17937,1,1,1,1
23.9000,5444,1,1,62538,0,120461,0.519160,1,3,26,174,27999,28.55517,0.00242,2.36205,0.00644,1,1,2,1.255190,1.000000,1.371295,-0.541719,-0.541677,14.419762,541,0.037565,0.004777,49876,20570,11209,7254,4908,3671,2687,2097,18188,1,1,1,1
22.3500,5445,1,1,60089,1,115342,0.520968,2,8,8,34,570603,27.47842,0.00255,2.36566,0.00647,0,1,3,3.111183,2.564912,2.564912,-0.005697,-0.005488,14.955961,8977,0.000367,0.076409,47833,19580,10844,6851,4684,3367,2617,2039,17526,1,1,1,1
22.4000,5445,1,1,60202,0,115368,0.521830,1,15,50,546,610833,27.51317,0.00255,2.36566,0.00647,1,1,2,1.248171,1.000000,4.417441,-0.023123,-0.023082,14.938141,8705,0.001545,0.074182,47661,19898,10842,6690,4619,3413,2684,2126,17434,1,1,1,1
23.0000,5445,1,1,60899,1,117417,0.518660,1,4,20,39,100904,27.92906,0.00255,2.36566,0.00647,0,1,3,1.348907,1.024354,1.024354,-0.230931,-0.230876,14.730547,5437,0.015673,0.046986,48927,19827,10907,6907,4737,3472,2732,2183,17724,1,1,1,1
23.9000,5445,1,1,62322,0,119854,0.519987,1,1,5,74,656357,28.55283,0.00255,2.36566,0.00647,1,0,3,1.409717,1.000000,1.049120,-0.542820,-0.542756,14.418620,537,0.037643,0.004741,49922,20326,11010,6947,4816,3594,2673,2149,18416,1,1,1,1
22.3500,5446,1,1,60034,0,115476,0.519887,8,35,35,125,320502,27.47477,0.00308,2.36169,0.00746,1,1,2,1.376756,1.000000,15.754127,-0.007502,-0.007443,14.953958,8986,0.000498,0.076482,48114,19571,10748,6759,4642,3389,2647,2083,17522,1,1,1,1
22.4000,5446,1,1,59991,1,115248,0.520543,1,5,18,352,126492,27.50939,0.00308,2.36169,0.00746,0,1,3,4.731150,3.388377,3.388377,-0.024670,-0.024385,14.936747,8710,0.001633,0.074218,47697,19526,10799,6855,4733,3451,2610,2081,17495,1,1,1,1
23.0000,5446,1,1,61080,0,117389,0.520326,1,3,8,11,448539,27.92533,0.00308,2.36169,0.00746,1,1,3,1.193071,1.000000,1.096284,-0.232531,-0.232498,14.728539,5442,0.015786,0.047027,48897,19847,10985,6854,4827,3475,2644,2090,17769,1,1,1,1
23.9000,5446,1,1,62822,0,120548,0.521141,1,10,596,3301,230268,28.54911,0.00308,2.36169,0.00746,1,1,2,1.413938,1.000000,5.573010,-0.544576,-0.544513,14.416854,541,0.037769,0.004776,50025,20492,11195,7001,4966,3604,2745,2271,18248,1,1,1,1
22.3500,5447,1,1,59792,0,115003,0.519921,3,13,13,102,299619,27.47306,0.00354,2.36029,0.00647,1,1,2,1.359426,1.000000,5.673971,-0.007990,-0.007933,14.953367,8982,0.000531,0.076437,47539,19548,10661,6844,4717,3411,2611,2075,17596,1,1,1,1
22.4000,5447,1,1,59798,0,115131,0.519395,1,350,350,350,412160,27.50767,0.00354,2.36029,0.00647,1,0,2,1.031777,1.000000,11.363968,-0.025360,-0.025354,14.936130,8710,0.001697,0.074208,47615,19660,10747,6817,4667,3421,2579,2064,17560,1,1,1,1
23.0000,5447,1,1,61177,1,117051,0.522657,10,419,419,1023,1088774,27.92366,0.00354,2.36029,0.00647,0,0,3,3.041611,2.944386,2.944386,-0.233231,-0.233027,14.727834,5441,0.015822,0.047012,48307,19790,11144,6856,4797,3442,2727,2110,17877,1,1,1,1
23.9000,5447,1,1,62740,0,120513,0.520612,1,10,13,21,155227,28.54745,0.00354,2.36029,0.00647,1,1,2,1.132809,1.000000,1.516601,-0.545067,-0.545044,14.416066,540,0.037808,0.004767,50364,20341,11229,7001,4807,3668,2750,2173,18179,1,1,1,1
22.3500,5448,1,1,60035,1,114953,0.522261,1,26,161,161,1164721,27.47440,0.00242,2.35970,0.00782,0,0,3,3.047477,2.496736,2.496736,-0.007759,-0.007554,14.953647,8986,0.000505,0.076455,47614,19521,10559,6790,4745,3332,2563,2130,17698,1,1,1,1
22.4000,5448,1,1,60257,1,115918,0.519829,1,1,17,30,171643,27.50913,0.00242,2.35970,0.00782,0,0,3,1.910109,1.390908,1.390908,-0.025073,-0.024954,14.936357,8713,0.001671,0.074218,48149,19740,11042,6750,4750,3489,2594,2041,17362,1,1,1,1
23.0000,5448,1,1,60987,1,117216,0.520300,1,1,12,168,118610,27.92505,0.00242,2.35970,0.00782,0,1,3,1.485360,1.154252,1.154252,-0.233008,-0.232936,14.728496,5444,0.015815,0.047027,48370,20088,10904,6940,4795,3617,2644,2073,17784,1,1,1,1
23.9000,5448,1,1,62602,0,120286,0.520447,8,32,32,51,263281,28.54886,0.00242,2.35970,0.00782,1,1,2,1.230532,1.000000,8.451299,-0.545099,-0.545061,14.416148,545,0.037809,0.004810,50150,20267,11176,7109,4970,3574,2770,2136,18133,1,1,1,1
22.3500,5449,1,1,59920,0,115120,0.520505,2,7,10,468,496277,27.47624,0.00254,2.36062,0.00755,1,0,2,1.211661,1.000000,1.763556,-0.006830,-0.006795,14.954654,8983,0.000454,0.076411,47789,19477,10742,6718,4694,3460,2570,2023,17646,1,1,1,1
22.4000,5449,1,1,60041,1,115353,0.520502,1,38,64,64,102430,27.51084,0.00254,2.36062,0.00755,0,1,3,3.676804,3.613157,3.613157,-0.024196,-0.023957,14.937530,8712,0.001604,0.074190,47894,19633,10692,6788,4712,3412,2628,2032,17561,1,1,1,1
23.0000,5449,1,1,61219,1,117546,0.520813,1,8,34,38,665298,27.92680,0.00254,2.36062,0.00755,0,1,3,5.345068,4.249662,4.249662,-0.232193,-0.231886,14.729256,5444,0.015743,0.047016,48681,20260,10914,7000,4759,3425,2661,2140,17705,1,1,1,1
23.9000,5449,1,1,62753,1,120226,0.521963,19,11,19,24,166429,28.55062,0.00254,2.36062,0.00755,0,1,3,3.436030,3.248670,3.248670,-0.544078,-0.543852,14.416859,537,0.037723,0.004738,49901,20436,11152,7143,4850,3601,2679,2142,18321,1,1,1,1
22.3500,5450,1,1,59975,1,115184,0.520693,1,96,96,96,349852,27.47508,0.00254,2.35971,0.00646,0,1,3,1.689096,1.224090,1.100345,-0.007314,-0.007218,14.954098,8985,0.000483,0.076416,47792,19529,10677,6741,4754,3328,2655,2107,17600,1,1,1,1
22.4000,5450,1,1,60280,0,115163,0.523437,5,30,50,82,46925,27.50980,0.00254,2.35971,0.00646,1,1,2,1.037065,1.000000,1.165445,-0.024684,-0.024677,14.936205,8712,0.001652,0.074183,47594,19622,10798,6751,4675,3364,2626,2058,17674,1,1,1,1
23.0000,5450,1,1,61047,1,116986,0.521836,1,51,51,51,132266,27.92569,0.00254,2.35971,0.00646,0,1,3,1.676294,1.215021,1.103939,-0.232619,-0.232524,14.728876,5442,0.015787,0.046991,48265,20027,10761,6826,4809,3407,2703,2170,18017,1,1,1,1
23.9000,5450,1,1,62886,0,120779,0.520674,2,1030,1030,1030,854798,28.54952,0.00254,2.35971,0.00646,1,0,2,1.002269,1.000000,2.376781,-0.544610,-0.544609,14.416880,537,0.037776,0.004737,50337,20598,11376,7076,4932,3506,2720,2110,18123,1,1,1,1
22.3500,5451,1,1,59944,0,115367,0.519598,1,12,38,66,1986087,27.46990,0.00525,2.35864,0.00669,1,1,2,1.155311,1.000000,2.267957,-0.008576,-0.008550,14.952911,8991,0.000572,0.076460,47669,19663,10897,6917,4639,3414,2630,2048,17489,1,1,1,1
22.4000,5451,1,1,60360,0,115694,0.521726,1,1,251,251,1076489,27.50462,0.00525,2.35864,0.00669,1,0,3,1.173902,1.000000,1.019910,-0.025857,-0.025827,14.934583,8718,0.001729,0.074229,48091,19858,10712,6807,4691,3388,2616,2050,17480,1,1,1,1
23.0000,5451,1,1,61141,1,117279,0.521334,1,1,54,124,490156,27.92056,0.00525,2.35864,0.00669,0,0,3,1.603297,1.166759,1.166759,-0.233842,-0.233756,14.727556,5448,0.015872,0.047039,48608,19715,10986,6949,4823,3530,2668,2136,17863,1,1,1,1
23.9000,5451,1,1,62574,0,120322,0.520059,77,2,77,77,130493,28.54427,0.00525,2.35864,0.00669,1,1,3,1.411887,1.000000,1.114242,-0.545698,-0.545635,14.415738,544,0.037850,0.004799,50052,20284,11266,7144,4850,3551,2661,2127,18386,1,1,1,1
22.3500,5452,1,1,60245,1,115618,0.521074,1,7,20,852,651023,27.46934,0.00611,2.36224,0.00809,0,1,3,3.936448,3.367528,3.367528,-0.008550,-0.008298,14.953181,8993,0.000555,0.076461,48107,19725,10697,6764,4673,3453,2666,2048,17484,1,1,1,1
22.4000,5452,1,1,60120,0,115546,0.520317,1,7,11,12,8632031,27.50392,0.00611,2.36224,0.00809,1,1,2,1.411042,1.000000,4.036071,-0.025857,-0.025794,14.935556,8720,0.001727,0.074227,48040,19443,10813,6938,4731,3469,2558,2062,17491,1,1,1,1
23.0000,5452,1,1,60726,0,117162,0.518312,1,61,61,61,438367,27.91991,0.00611,2.36224,0.00809,1,1,2,1.225832,1.000000,15.587195,-0.233976,-0.233939,14.727507,5448,0.015884,0.047030,48595,19872,10801,6880,4771,3534,2635,2060,18013,1,1,1,1
23.9000,5452,1,1,62535,1,120369,0.519532,5,5,6,42,75600,28.54364,0.00611,2.36224,0.00809,0,0,3,1.729963,1.575703,1.575703,-0.545630,-0.545529,14.415527,543,0.037843,0.004789,49982,20675,11171,6945,4808,3561,2722,2177,18327,1,1,1,1
22.3500,5453,1,1,59994,0,115184,0.520858,2,3,41,180,146657,27.47852,0.00285,2.37002,0.00754,1,0,3,1.287101,1.000000,1.178258,-0.005443,-0.005397,14.956035,8990,0.000361,0.076407,47834,19553,10630,6874,4677,3429,2545,2142,17499,1,1,1,1
22.4000,5453,1,1,60474,0,115781,0.522318,1,5,6,42,2968922,27.51322,0.00285,2.37002,0.00754,1,1,3,1.141259,1.000000,1.018085,-0.022776,-0.022752,14.938370,8717,0.001523,0.074174,47899,20008,10772,6636,4823,3440,2576,2029,17597,1,1,1,1
23.0000,5453,1,1,61233,1,117417,0.521505,1,13,13,36,98464,27.92914,0.00285,2.37002,0.00754,0,1,3,3.144620,2.415838,2.408950,-0.230815,-0.230605,14.730657,5446,0.015655,0.046994,48701,20022,11035,6922,4647,3457,2663,2118,17851,1,1,1,1
23.9000,5453,1,1,62447,1,120083,0.520036,2,3,13,81,132085,28.55288,0.00285,2.37002,0.00754,0,1,3,1.747788,1.236602,1.092836,-0.542612,-0.542509,14.418847,538,0.037625,0.004743,49766,20347,11228,7099,4892,3637,2760,2083,18270,1,1,1,1
22.3500,5454,1,1,60130,0,115188,0.522021,2,4,22,184,408070,27.47785,0.00395,2.36754,0.00868,1,1,2,1.379096,1.000000,2.065308,-0.005236,-0.005177,14.956139,8994,0.000346,0.076426,47732,19608,10751,6773,4654,3427,2702,2076,17464,1,1,1,1
22.4000,5454,1,1,60242,0,115681,0.520764,1,1,85,85,365939,27.51255,0.00395,2.36754,0.00868,1,1,3,1.383326,1.000000,1.103674,-0.022519,-0.022460,14.938859,8721,0.001503,0.074192,47992,19733,10822,6804,4647,3463,2647,2079,17493,1,1,1,1
23.0000,5454,1,1,61243,1,117455,0.521421,1,2,18,18,359814,27.92851,0.00395,2.36754,0.00868,0,1,3,2.173132,1.714136,1.714136,-0.230546,-0.230404,14.730809,5448,0.015641,0.047002,48681,19957,10922,6882,4711,3495,2747,2115,17944,1,1,1,1
23.9000,5454,1,1,62720,0,120348,0.521160,1,1,45,45,190122,28.55227,0.00395,2.36754,0.00868,1,1,3,1.409778,1.000000,1.008429,-0.542367,-0.542304,14.419044,540,0.037610,0.004760,49873,20624,11036,7104,4906,3547,2813,2183,18261,1,1,1,1
22.3500,5455,1,1,60282,0,115132,0.523595,8,10,38,38,505056,27.47567,0.00513,2.36683,0.00757,1,1,2,1.300486,1.000000,3.857877,-0.005877,-0.005828,14.955432,8996,0.000390,0.076433,47744,19576,10637,6915,4614,3422,2623,2075,17525,1,1,1,1
22.4000,5455,1,1,60177,1,115405,0.521446,1,829,829,829,548572,27.51036,0.00513,2.36683,0.00757,0,1,3,379.530400,337.334965,337.334965,-0.023632,-0.022543,14.937757,8720,0.001509,0.074176,47819,19434,10977,6862,4735,3390,2640,2087,17460,1,1,1,1
23.0000,5455,1,1,61134,0,117035,0.522361,1,82,82,82,145472,27.92625,0.00513,2.36683,0.00757,1,1,2,1.110712,1.000000,9.653452,-0.231250,-0.231231,14.729848,5448,0.015698,0.046997,48233,19971,10976,6946,4716,3501,2691,2063,17937,1,1,1,1
23.9000,5455,1,1,62377,1,120125,0.519272,1,1,12,27,502863,28.55002,0.00513,2.36683,0.00757,0,0,3,1.655639,1.270998,1.270998,-0.542944,-0.542851,14.418411,538,0.037650,0.004741,49613,20649,11084,7156,4875,3507,2742,2141,18357,1,1,1,1
22.3500,5456,1,1,59976,0,115096,0.521100,1,167,167,167,268110,27.47764,0.00241,2.36650,0.00607,1,1,2,1.134164,1.000000,24.129839,-0.006374,-0.006351,14.955114,8999,0.000425,0.076446,47588,19520,10700,6789,4758,3493,2608,1980,17659,1,1,1,1
22.4000,5456,1,1,60202,0,115453,0.521446,1,3,35,54,464424,27.51232,0.00241,2.36650,0.00607,1,1,3,1.215084,1.000000,1.195438,-0.023432,-0.023396,14.938052,8727,0.001566,0.074220,47994,19478,10831,6737,4679,3468,2575,2050,17640,1,1,1,1
23.0000,5456,1,1,61300,0,117823,0.520276,1,2,18,38,397368,27.92826,0.00241,2.36650,0.00607,1,1,3,1.052958,1.000000,1.005758,-0.231387,-0.231378,14.729548,5452,0.015708,0.047024,49250,19891,10954,7010,4686,3529,2643,2046,17813,1,1,1,1
23.9000,5456,1,1,62757,1,120621,0.520287,1,7,7,109,94147,28.55205,0.00241,2.36650,0.00607,0,1,3,4.713249,3.801810,3.801810,-0.543406,-0.543122,14.418348,542,0.037669,0.004776,49965,20548,11183,7201,4867,3616,2823,2173,18244,1,1,1,1
22.3500,5457,1,1,60186,0,115814,0.519683,3,6,6,83,603241,27.47489,0.00254,2.36159,0.00645,1,1,2,1.316599,1.000000,2.566770,-0.007434,-0.007383,14.953889,8998,0.000494,0.076430,48033,19732,10841,6663,4859,3539,2649,2131,17366,1,1,1,1
22.4000,5457,1,1,60297,1,115635,0.521447,1,5,19,95,107934,27.50957,0.00254,2.36159,0.00645,0,1,3,4.587712,3.289670,3.289670,-0.024796,-0.024517,14.936944,8724,0.001641,0.074187,48184,19591,10720,6696,4611,3420,2656,2061,17695,1,1,1,1
23.0000,5457,1,1,61621,1,117994,0.522243,1,3,3,59,165771,27.92556,0.00254,2.36159,0.00645,0,1,3,1.567703,1.109442,1.077188,-0.232680,-0.232597,14.728758,5450,0.015792,0.047000,49053,20100,11051,6962,4823,3451,2685,2075,17793,1,1,1,1
23.9000,5457,1,1,62578,0,120275,0.520295,1,7,8,53,186228,28.54935,0.00254,2.36159,0.00645,1,1,2,1.137004,1.000000,1.257200,-0.544597,-0.544573,14.416891,539,0.037773,0.004749,50021,20411,11254,6917,4884,3477,2775,2178,18357,1,1,1,1
22.3500,5458,1,1,60421,1,115625,0.522565,2,6,6,119,311332,27.46914,0.00366,2.35549,0.00897,0,0,3,1.716488,1.355659,1.355659,-0.009773,-0.009674,14.951563,8998,0.000647,0.076428,47993,19681,10847,6801,4804,3416,2630,2033,17419,1,1,1,1
22.4000,5458,1,1,60274,0,115849,0.520285,1,33,263,263,106815,27.50381,0.00366,2.35549,0.00897,1,1,2,1.262436,1.000000,10.218179,-0.027294,-0.027251,14.933983,8725,0.001825,0.074196,48205,19737,10658,6914,4694,3427,2641,2111,17461,1,1,1,1
23.0000,5458,1,1,61278,0,117640,0.520899,23,24,24,64,85742,27.91972,0.00366,2.35549,0.00897,1,1,2,1.110310,1.000000,2.821766,-0.235133,-0.235113,14.725965,5450,0.015966,0.047001,48833,20153,10875,6848,4814,3601,2641,2119,17755,1,1,1,1
23.9000,5458,1,1,62658,0,120296,0.520870,3,6,94,94,1549325,28.54353,0.00366,2.35549,0.00897,1,1,2,1.395565,1.000000,3.295736,-0.547050,-0.546989,14.414341,538,0.037948,0.004740,49870,20269,11307,7220,4761,3530,2757,2197,18384,1,1,1,1
22.3500,5459,1,1,60024,0,115520,0.519603,1,90,204,204,62801,27.47214,0.00462,2.35621,0.00658,1,1,2,1.022738,1.000000,2.082545,-0.007790,-0.007785,14.953010,9000,0.000521,0.076423,47966,19574,10744,6796,4665,3534,2637,2036,17567,1,1,1,1
22.4000,5459,1,1,60289,1,115661,0.521261,3,5,7,57,580885,27.50680,0.00462,2.35621,0.00658,0,1,3,2.610936,2.229291,2.229291,-0.025128,-0.024952,14.936102,8729,0.001671,0.074206,48129,19583,10567,6901,4768,3428,2582,2073,17629,1,1,1,1
23.0000,5459,1,1,61316,0,117541,0.521661,1,7,68,68,342732,27.92277,0.00462,2.35621,0.00658,1,1,2,1.214240,1.000000,2.033038,-0.233101,-0.233066,14.728131,5452,0.015825,0.047002,48726,20081,10801,6975,4810,3411,2621,2101,18014,1,1,1,1
23.9000,5459,1,1,63016,0,120823,0.521561,2,1,4,534,67185,28.54659,0.00462,2.35621,0.00658,1,1,3,1.398035,1.000000,1.054180,-0.544951,-0.544890,14.416443,539,0.037796,0.004747,50432,20353,11321,6979,4973,3523,2713,2148,18380,1,1,1,1
22.3500,5460,1,1,60142,0,115286,0.521681,1,12,12,26,514380,27.47017,0.00358,2.35869,0.00748,1,1,2,1.154963,1.000000,2.252646,-0.009386,-0.009360,14.951779,9001,0.000626,0.076424,47672,19527,10764,6810,4729,3459,2660,2162,17502,1,1,1,1
22.4000,5460,1,1,60418,0,115952,0.521065,4,53,142,142,112825,27.50483,0.00358,2.35869,0.00748,1,0,2,1.049809,1.000000,2.734147,-0.026733,-0.026725,14.934757,8728,0.001789,0.074191,48154,19852,10667,6856,4628,3496,2674,2041,17583,1,1,1,1
23.0000,5460,1,1,61339,1,117496,0.522056,1,3,9,114,49826,27.92072,0.00358,2.35869,0.00748,0,1,3,2.857323,2.201385,2.201385,-0.234656,-0.234464,14.726781,5452,0.015921,0.046998,48577,20055,10968,6811,4800,3563,2630,2207,17884,1,1,1,1
23.9000,5460,1,1,62617,1,120404,0.520062,1,4,16,223,255445,28.54455,0.00358,2.35869,0.00748,0,1,3,3.570163,2.629347,2.629347,-0.546589,-0.546356,14.414816,538,0.037902,0.004738,50114,20282,11126,7084,4807,3632,2763,2160,18435,1,1,1,1
22.3500,5461,1,1,60492,0,116009,0.521447,5,35,63,63,747092,27.46950,0.00370,2.35989,0.00769,1,0,2,1.096804,1.000000,3.650104,-0.009657,-0.009640,14.951832,8999,0.000645,0.076393,48342,19782,10782,6760,4655,3541,2606,2052,17488,1,1,1,1
22.4000,5461,1,1,60247,1,115450,0.521849,3,8,12,95,1855883,27.50415,0.00370,2.35989,0.00769,0,1,3,5.109696,4.107917,4.107917,-0.026993,-0.026695,14.934778,8726,0.001787,0.074160,47922,19479,10806,6854,4667,3346,2611,2066,17698,1,1,1,1
23.0000,5461,1,1,61581,1,117878,0.522417,10,2,10,607,515388,27.92009,0.00370,2.35989,0.00769,0,1,3,1.353643,1.199676,1.199676,-0.234845,-0.234789,14.726182,5450,0.015944,0.046974,49002,20026,10951,6837,4766,3464,2755,2144,17932,1,1,1,1
23.9000,5461,1,1,62440,0,120179,0.519563,1,64,64,299,329693,28.54381,0.00370,2.35989,0.00769,1,1,2,1.048312,1.000000,3.196337,-0.546799,-0.546791,14.414141,543,0.037934,0.004782,49626,20560,11096,7109,4921,3569,2736,2218,18343,1,1,1,1
22.3500,5462,1,1,60227,1,115619,0.520914,1,1,21,45,464007,27.47332,0.00179,2.35703,0.00760,0,0,3,1.353452,1.046485,1.046485,-0.008477,-0.008422,14.952835,9027,0.000563,0.076611,48145,19493,10797,6833,4810,3463,2535,2070,17472,1,1,1,1
22.4000,5462,1,1,60087,1,115658,0.519528,1,4,13,350,144425,27.50797,0.00179,2.35703,0.00760,0,1,3,2.161901,1.747877,1.747877,-0.025852,-0.025711,14.935733,8753,0.001721,0.074371,47868,19776,10840,6821,4631,3465,2703,2000,17553,1,1,1,1
23.0000,5462,1,1,61401,1,117914,0.520731,1,14,53,53,122365,27.92396,0.00179,2.35703,0.00760,0,1,3,1.762900,1.270432,1.163944,-0.233806,-0.233702,14.727695,5475,0.015868,0.047176,48954,20171,10984,7020,4705,3441,2694,2080,17864,1,1,1,1
23.9000,5462,1,1,62550,0,120354,0.519721,2,13,13,13,1243819,28.54769,0.00179,2.35703,0.00760,1,1,2,1.239400,1.000000,3.834942,-0.545785,-0.545746,14.415472,560,0.037858,0.004930,49763,20599,11289,7005,4882,3493,2869,2210,18243,1,1,1,1
22.3500,5463,1,1,60763,1,116207,0.522890,1,4,10,44,111338,27.47352,0.00127,2.35488,0.00581,0,1,3,3.284560,2.576089,2.576089,-0.008809,-0.008591,14.952590,9025,0.000575,0.076582,48702,19581,10803,6803,4656,3533,2594,2077,17457,1,1,1,1
22.4000,5463,1,1,59810,0,115128,0.519513,1,855,855,855,80982,27.50816,0.00127,2.35488,0.00581,1,1,2,1.246119,1.000000,236.806735,-0.026542,-0.026501,14.934941,8753,0.001774,0.074361,47685,19387,10699,6684,4700,3571,2568,2076,17757,1,1,1,1
23.0000,5463,1,1,61458,0,117774,0.521834,1,10,10,159,147334,27.92407,0.00127,2.35488,0.00581,1,0,2,1.142277,1.000000,1.718520,-0.234046,-0.234022,14.727442,5474,0.015890,0.047160,48949,19934,11070,6796,4737,3530,2717,2136,17904,1,1,1,1
23.9000,5463,1,1,62465,1,120520,0.518300,29,171,171,171,212371,28.54781,0.00127,2.35488,0.00581,0,0,3,7.110142,7.076181,7.076181,-0.546049,-0.545690,14.414823,558,0.037856,0.004912,50042,20406,11292,7050,4929,3609,2714,2128,18349,1,1,1,1
22.3500,5464,1,1,59888,0,115403,0.518951,4,84,84,84,2480582,27.47458,0.00140,2.35694,0.01000,1,0,2,1.012688,1.000000,1.110550,-0.008092,-0.008089,14.953399,9029,0.000541,0.076597,47843,19537,10781,6824,4724,3335,2654,2080,17624,1,1,1,1
22.4000,5464,1,1,60470,0,116257,0.520145,10,94,94,94,221288,27.50921,0.00140,2.35694,0.01000,1,1,2,1.011087,1.000000,1.153625,-0.025405,-0.025403,14.935263,8756,0.001701,0.074372,48331,19773,10810,6898,4688,3544,2612,2021,17579,1,1,1,1
23.0000,5464,1,1,61330,0,117626,0.521403,1,10,10,353,3095822,27.92518,0.00140,2.35694,0.01000,1,1,2,1.376899,1.000000,4.826248,-0.233526,-0.233468,14.727934,5477,0.015852,0.047175,48765,20069,10858,6921,4751,3562,2617,2047,18035,1,1,1,1
23.9000,5464,1,1,62735,1,120276,0.521596,19,109,109,109,83168,28.54893,0.00140,2.35694,0.01000,0,1,3,9.029646,8.958899,8.958899,-0.545461,-0.545058,14.415481,560,0.037811,0.004928,49968,20282,11140,7031,4869,3579,2823,2132,18451,1,1,1,1
22.3500,5465,1,1,60476,0,115989,0.521399,1,4,29,569,65474,27.47896,0.00152,2.35942,0.00706,1,0,2,1.303061,1.000000,1.827888,-0.005842,-0.005794,14.955634,9027,0.000387,0.076555,48183,19643,10933,6860,4718,3427,2632,2120,17472,1,1,1,1
22.4000,5465,1,1,60275,1,115783,0.520590,18,122,122,122,90586,27.51371,0.00152,2.35942,0.00706,0,0,3,7.996446,7.941523,7.941523,-0.023354,-0.022973,14.937607,8758,0.001538,0.074363,48017,19652,10902,6763,4677,3459,2620,2112,17580,1,1,1,1
23.0000,5465,1,1,61416,0,117954,0.520682,1,2,11,809,182547,27.92960,0.00152,2.35942,0.00706,1,1,3,1.391526,1.000000,1.415636,-0.231136,-0.231075,14.730251,5474,0.015687,0.047134,49174,20037,10961,6882,4910,3541,2688,2068,17692,1,1,1,1
23.9000,5465,1,1,62794,0,120746,0.520055,1,4,39,57,239166,28.55337,0.00152,2.35942,0.00706,1,1,2,1.409167,1.000000,2.528350,-0.543077,-0.543014,14.418364,557,0.037661,0.004900,50161,20618,11231,7180,4778,3548,2746,2203,18280,1,1,1,1
22.3500,5466,1,1,60551,1,115896,0.522464,1,1,39,39,93542,27.47574,0.00279,2.35606,0.00689,0,1,3,1.452977,1.028180,1.028180,-0.006840,-0.006771,14.954599,9030,0.000453,0.076572,48133,19644,10799,6857,4876,3428,2633,2132,17393,1,1,1,1
22.4000,5466,1,1,60197,1,115518,0.521109,1,3,5396,5396,1533109,27.51036,0.00279,2.35606,0.00689,0,1,3,2.739610,2.074347,2.074347,-0.024217,-0.024032,14.937211,8755,0.001609,0.074326,47767,19764,10720,6751,4731,3347,2674,2143,17620,1,1,1,1
23.0000,5466,1,1,61184,0,117322,0.521509,1,8,8,59,332163,27.92630,0.00279,2.35606,0.00689,1,1,2,1.329211,1.000000,3.532592,-0.232236,-0.232184,14.729236,5475,0.015763,0.047137,48574,19767,10912,7013,4753,3627,2633,2092,17950,1,1,1,1
23.9000,5466,1,1,62606,0,120648,0.518919,3,2,202,202,327647,28.55008,0.00279,2.35606,0.00689,1,1,3,1.407302,1.000000,1.242353,-0.544029,-0.543967,14.417414,556,0.037730,0.004890,50066,20470,11246,6997,4910,3744,2755,2188,18271,1,1,1,1
22.3500,5467,1,1,60229,1,115733,0.520418,12,66,66,66,68145,27.48213,0.00127,2.35952,0.00740,0,1,3,7.685826,7.565242,7.565242,-0.004551,-0.004178,14.956484,9032,0.000279,0.076565,47764,19939,10879,6709,4680,3423,2644,2148,17546,1,1,1,1
22.4000,5467,1,1,60723,1,115928,0.523804,1,12,18,29,588918,27.51674,0.00127,2.35952,0.00740,0,1,3,7.632450,6.205821,6.205821,-0.021839,-0.021467,14.940005,8759,0.001437,0.074333,47964,19713,10826,6833,4733,3567,2635,2132,17524,1,1,1,1
23.0000,5467,1,1,61207,1,117521,0.520822,1,3,8,89,72428,27.93273,0.00127,2.35952,0.00740,0,1,3,2.738850,2.114412,2.114412,-0.229733,-0.229549,14.731926,5478,0.015582,0.047145,48729,19762,10975,6888,4881,3494,2676,2131,17984,1,1,1,1
23.9000,5467,1,1,62769,1,121001,0.518752,1,2,32,74,88576,28.55653,0.00127,2.35952,0.00740,0,1,3,2.496419,1.904857,1.904857,-0.541621,-0.541453,14.419978,558,0.037549,0.004906,50341,20659,11243,7054,4859,3645,2757,2111,18331,1,1,1,1
22.3500,5468,1,1,60411,1,115884,0.521310,1,5,72,258,298632,27.48419,0.00139,2.35686,0.00678,0,1,3,1.848200,1.574146,1.574146,-0.003272,-0.003160,14.958298,9034,0.000211,0.076559,48220,19628,10684,6889,4687,3516,2619,2122,17518,1,1,1,1
22.4000,5468,1,1,60224,0,115825,0.519961,2,5,24,42,2440969,27.51892,0.00139,2.35686,0.00678,1,1,2,1.353300,1.000000,2.442220,-0.020679,-0.020624,14.940789,8760,0.001380,0.074324,48069,19533,10749,7030,4666,3387,2651,2091,17648,1,1,1,1
23.0000,5468,1,1,61528,0,118102,0.520978,1,12,12,60,74661,27.93483,0.00139,2.35686,0.00678,1,1,2,1.119196,1.000000,1.736363,-0.228603,-0.228583,14.732886,5480,0.015515,0.047151,49004,20143,11055,7024,4722,3468,2686,2037,17962,1,1,1,1
23.9000,5468,1,1,62943,1,120810,0.521013,1,3,119,119,237574,28.55864,0.00139,2.35686,0.00678,0,1,3,2.025498,1.521671,1.521671,-0.540496,-0.540367,14.421053,558,0.037471,0.004905,50017,20739,11306,7102,4897,3575,2669,2102,18402,1,1,1,1
22.3500,5469,1,1,60794,0,116388,0.522344,48,2,48,5408,165696,27.47926,0.00336,2.36181,0.00763,1,1,3,1.293105,1.000000,1.192848,-0.004802,-0.004755,14.956728,9031,0.000318,0.076527,48765,19479,10869,6857,4649,3528,2620,2064,17556,1,1,1,1
22.4000,5469,1,1,60551,1,115750,0.523123,2,48,48,48,771949,27.51386,0.00336,2.36181,0.00763,0,1,3,17.455162,16.174961,16.174961,-0.022347,-0.021824,14.939664,8758,0.001461,0.074299,47981,19695,10675,6809,4716,3449,2662,2068,17694,1,1,1,1
23.0000,5469,1,1,60985,1,117598,0.518593,1,2,10,66,282851,27.92982,0.00336,2.36181,0.00763,0,0,3,1.873458,1.393039,1.393039,-0.230105,-0.229990,14.731302,5476,0.015612,0.047113,48782,20180,10845,6798,4700,3426,2754,2147,17965,1,1,1,1
23.9000,5469,1,1,63094,0,120538,0.523441,19,6,23,23,64572,28.55364,0.00336,2.36181,0.00763,1,0,2,1.234352,1.000000,1.699910,-0.542030,-0.541992,14.419453,554,0.037588,0.004869,50110,20419,10992,7153,5007,3607,2760,2188,18301,1,1,1,1
22.3500,5470,1,1,60527,1,115959,0.521973,57,59,59,59,132108,27.47807,0.00139,2.35483,0.00855,0,1,3,5.835836,5.809687,5.809687,-0.006489,-0.006167,14.954258,9035,0.000412,0.076560,48209,19618,10894,6820,4762,3431,2553,2154,17517,1,1,1,1
22.4000,5470,1,1,60462,0,116119,0.520694,1,47,47,57,122532,27.51279,0.00139,2.35483,0.00855,1,1,2,1.046442,1.000000,2.319408,-0.023766,-0.023757,14.937725,8761,0.001590,0.074320,48169,19731,10865,6829,4715,3441,2679,2088,17601,1,1,1,1
23.0000,5470,1,1,61332,0,117960,0.519943,2,6,9,113,392654,27.92867,0.00139,2.35483,0.00855,1,0,3,1.160334,1.000000,1.136973,-0.231644,-0.231617,14.729843,5480,0.015724,0.047143,49078,19889,10916,6882,4942,3515,2781,2055,17901,1,1,1,1
23.9000,5470,1,1,62887,1,120835,0.520441,2,22,22,36,855849,28.55251,0.00139,2.35483,0.00855,0,1,3,4.325202,3.730738,3.730738,-0.543670,-0.543402,14.418059,558,0.037689,0.004904,50230,20381,11340,6959,4943,3607,2750,2249,18375,1,1,1,1
22.3500,5471,1,1,60080,0,115607,0.519696,1,4,40,213,166832,27.47710,0.00139,2.35938,0.00728,1,1,2,1.279157,1.000000,1.553295,-0.006806,-0.006761,14.954487,9035,0.000452,0.076545,47850,19617,10890,6730,4700,3483,2629,2127,17580,1,1,1,1
22.4000,5471,1,1,60602,0,116094,0.522013,7,2,7,532,90679,27.51181,0.00139,2.35938,0.00728,1,1,3,1.408851,1.000000,1.393239,-0.024152,-0.024089,14.937258,8761,0.001613,0.074309,48259,19459,10839,7072,4784,3413,2637,2095,17535,1,1,1,1
23.0000,5471,1,1,61238,0,117364,0.521783,4,4,12,996,78653,27.92775,0.00139,2.35938,0.00728,1,1,2,1.247304,1.000000,1.378982,-0.232124,-0.232083,14.729141,5479,0.015757,0.047128,48615,19664,11010,6838,4873,3549,2606,2084,18124,1,1,1,1
23.9000,5471,1,1,62551,1,120374,0.519643,1,2,15,235,62989,28.55147,0.00139,2.35938,0.00728,0,1,3,2.273812,1.644850,1.644850,-0.544000,-0.543850,14.417367,558,0.037722,0.004904,49749,20460,11209,7042,4989,3527,2850,2098,18449,1,1,1,1
22.3500,5472,1,1,60531,1,115908,0.522238,9,2,18,248,450011,27.47858,0.00152,2.35525,0.00737,0,1,3,1.603367,1.140920,1.050683,-0.006044,-0.005958,14.955384,9042,0.000398,0.076585,48091,19755,10812,6806,4692,3437,2645,2099,17570,1,1,1,1
22.4000,5472,1,1,60467,1,115753,0.522384,68,3,68,68,181752,27.51316,0.00152,2.35525,0.00737,0,1,3,2.173976,1.823519,1.823519,-0.023392,-0.023250,14.937293,8770,0.001557,0.074372,47901,19554,10794,6920,4759,3398,2682,2164,17580,1,1,1,1
23.0000,5472,1,1,61202,0,117968,0.518806,7,1258,1258,1258,4151053,27.92915,0.00152,2.35525,0.00737,1,1,2,1.369021,1.000000,550.048581,-0.231909,-0.231852,14.729554,5486,0.015741,0.047179,49002,20267,10928,6884,4761,3411,2625,2113,17976,1,1,1,1
23.9000,5472,1,1,62794,0,120770,0.519951,4,20,26,26,75327,28.55288,0.00152,2.35525,0.00737,1,1,2,1.216937,1.000000,4.986770,-0.543345,-0.543309,14.418140,561,0.037682,0.004929,50047,20690,11201,7094,4957,3559,2677,2133,18411,1,1,1,1
22.3500,5473,1,1,60862,0,116641,0.521794,3,12,12,3242,82476,27.48171,0.00165,2.35488,0.00567,1,0,2,1.195265,1.000000,2.741333,-0.004466,-0.004433,14.957020,9040,0.000296,0.076546,48902,19755,10861,6886,4646,3399,2646,2113,17432,1,1,1,1
22.4000,5473,1,1,60806,0,116475,0.522056,1,1,170,170,193061,27.51641,0.00165,2.35488,0.00567,1,0,3,1.408657,1.000000,1.086414,-0.021730,-0.021667,14.939712,8766,0.001450,0.074312,48748,19708,10839,6776,4666,3491,2551,2110,17585,1,1,1,1
23.0000,5473,1,1,61616,0,118151,0.521507,125,26,125,125,7743436,27.93232,0.00165,2.35488,0.00567,1,1,2,1.282140,1.000000,8.604080,-0.229878,-0.229833,14.731417,5482,0.015602,0.047130,49136,20038,11121,6929,4746,3518,2685,2078,17899,1,1,1,1
23.9000,5473,1,1,63030,0,121103,0.520470,1,11,11,724,170888,28.55607,0.00165,2.35488,0.00567,1,1,2,1.282003,1.000000,3.850497,-0.541677,-0.541631,14.419803,557,0.037562,0.004892,50402,20470,11274,7126,4994,3543,2787,2196,18310,1,1,1,1
22.3500,5474,1,1,60051,1,115736,0.518866,1,34,46,145,459201,27.48431,0.00268,2.35882,0.00740,0,1,3,8.401755,7.600275,7.600275,-0.002697,-0.002308,14.959165,9042,0.000154,0.076538,48051,19458,10782,6896,4773,3502,2601,2019,17653,1,1,1,1
22.4000,5474,1,1,60084,0,115586,0.519825,1,6,6,214,288941,27.51901,0.00268,2.35882,0.00740,1,1,2,1.180698,1.000000,1.425379,-0.019892,-0.019861,14.941306,8769,0.001329,0.074316,47968,19541,10571,6828,4759,3442,2618,2068,17790,1,1,1,1
23.0000,5474,1,1,61424,0,117813,0.521373,1,6,63,63,1785739,27.93497,0.00268,2.35882,0.00740,1,1,2,1.392324,1.000000,3.460375,-0.227955,-0.227894,14.733434,5483,0.015468,0.047123,48771,20169,10929,6918,4730,3445,2696,2140,18014,1,1,1,1
23.9000,5474,1,1,62692,0,120581,0.519920,3,4,37,60,242458,28.55873,0.00268,2.35882,0.00740,1,0,2,1.278845,1.000000,1.448625,-0.539752,-0.539707,14.421727,558,0.037423,0.004899,49787,20499,11174,7290,4822,3659,2784,2126,18439,1,1,1,1
22.3500,5475,1,1,60661,1,115863,0.523563,11,280,280,1143,620711,27.48298,0.00271,2.35812,0.00659,0,1,3,12.897757,12.873566,12.873566,-0.003478,-0.003011,14.958480,9044,0.000201,0.076545,47991,19824,10701,6923,4631,3417,2703,2024,17648,1,1,1,1
22.4000,5475,1,1,60497,1,116193,0.520664,234,381,381,381,52769,27.51767,0.00271,2.35812,0.00659,0,0,3,5.247817,5.243554,5.243554,-0.020740,-0.020437,14.939754,8769,0.001368,0.074310,48234,19821,10828,6785,4688,3521,2635,2056,17624,1,1,1,1
23.0000,5475,1,1,61462,0,118104,0.520410,9,148,148,301,298896,27.93355,0.00271,2.35812,0.00659,1,1,2,1.156629,1.000000,25.170166,-0.228828,-0.228801,14.732341,5484,0.015531,0.047127,48799,20264,11036,6979,4749,3540,2713,2131,17892,1,1,1,1
23.9000,5475,1,1,62924,0,120972,0.520158,2,17,17,59,3997199,28.55732,0.00271,2.35812,0.00659,1,1,2,1.235699,1.000000,4.807855,-0.540561,-0.540522,14.420922,557,0.037482,0.004890,50326,20512,11256,7064,5001,3678,2659,2148,18327,1,1,1,1
22.3500,5476,1,1,60632,0,116339,0.521171,4,6,158,158,133511,27.47997,0.00165,2.35227,0.00844,1,1,2,1.160893,1.000000,1.281220,-0.005260,-0.005233,14.955914,9045,0.000350,0.076552,48118,19930,10806,6912,4796,3550,2695,2108,17423,1,1,1,1
22.4000,5476,1,1,60335,1,115585,0.522001,3,6,116,454,74845,27.51465,0.00165,2.35227,0.00844,0,1,3,2.580944,2.221596,2.221596,-0.022653,-0.022479,14.938981,8771,0.001505,0.074317,48082,19401,10685,6770,4738,3395,2647,2139,17727,1,1,1,1
23.0000,5476,1,1,61516,0,118258,0.520189,2,3,14,163,1845875,27.93059,0.00165,2.35227,0.00844,1,1,2,1.374890,1.000000,1.803516,-0.230602,-0.230544,14.730860,5485,0.015650,0.047131,48997,20250,10950,6970,4807,3493,2773,2156,17861,1,1,1,1
23.9000,5476,1,1,63235,1,121217,0.521672,1,9,74,74,131321,28.55437,0.00165,2.35227,0.00844,0,1,3,2.394951,1.725418,1.584231,-0.542482,-0.542323,14.419002,557,0.037612,0.004890,50592,20674,11136,7022,4983,3664,2713,2094,18338,1,1,1,1
22.3500,5477,1,1,59934,0,115785,0.517636,2,22,22,55,43021,27.47865,0.00177,2.35617,0.00739,1,1,2,1.309790,1.000000,8.279605,-0.005982,-0.005933,14.955336,9046,0.000397,0.076550,48022,19585,10703,6876,4657,3573,2532,2172,17664,1,1,1,1
22.4000,5477,1,1,60593,1,116377,0.520666,1,2,21,22,68955,27.51333,0.00177,2.35617,0.00739,0,1,3,1.893250,1.384941,1.384941,-0.023156,-0.023040,14.938442,8769,0.001542,0.074290,48433,19910,10667,6824,4702,3398,2744,2090,17608,1,1,1,1
23.0000,5477,1,1,61379,1,117837,0.520885,58,21,58,67,179210,27.92932,0.00177,2.35617,0.00739,0,1,3,10.473312,9.100472,9.100472,-0.231324,-0.230895,14.729398,5485,0.015676,0.047127,48771,19898,11118,6924,4921,3414,2727,2072,17991,1,1,1,1
23.9000,5477,1,1,62946,0,120985,0.520284,2,4,9,34,1314855,28.55311,0.00177,2.35617,0.00739,1,1,2,1.296860,1.000000,1.686743,-0.543067,-0.543019,14.418241,553,0.037662,0.004854,50436,20489,11221,7031,4821,3565,2797,2092,18532,1,1,1,1
22.3500,5478,1,1,60345,1,115862,0.520840,1,11,61,155,647515,27.47712,0.00152,2.35227,0.00706,0,1,3,6.514566,5.472569,5.472569,-0.006917,-0.006575,14.954909,9048,0.000440,0.076555,48002,19711,10839,6807,4726,3470,2617,2088,17601,1,1,1,1
22.4000,5478,1,1,60489,1,116247,0.520353,1,3,3,27,442621,27.51179,0.00152,2.35227,0.00706,0,1,3,2.228827,1.836784,1.836784,-0.024151,-0.024005,14.937457,8774,0.001607,0.074323,48092,19932,10913,6830,4701,3503,2548,2090,17637,1,1,1,1
23.0000,5478,1,1,61275,1,117497,0.521507,1,10,62,62,565734,27.92771,0.00152,2.35227,0.00706,0,1,3,7.703201,5.688097,5.688097,-0.232213,-0.231840,14.729197,5488,0.015740,0.047145,48573,19844,10788,7005,4781,3476,2819,2206,18004,1,1,1,1
23.9000,5478,1,1,63347,1,121330,0.522109,35,2,35,35,532899,28.55151,0.00152,2.35227,0.00706,0,0,3,1.166364,1.140782,1.140782,-0.543963,-0.543935,14.416861,558,0.037729,0.004897,50342,20823,11336,7128,5003,3530,2748,2154,18265,1,1,1,1
22.3500,5479,1,1,60455,1,116061,0.520894,1,6,6,29,843450,27.47768,0.00152,2.35489,0.00807,0,1,3,2.096665,1.764170,1.764170,-0.006494,-0.006358,14.955097,9048,0.000425,0.076540,48199,19779,10744,6882,4747,3387,2609,2078,17635,1,1,1,1
22.4000,5479,1,1,60626,0,116275,0.521406,3,2,12,38,3808387,27.51234,0.00152,2.35489,0.00807,1,1,3,1.393035,1.000000,1.319679,-0.023793,-0.023733,14.937661,8774,0.001589,0.074309,48510,19605,10865,6797,4670,3426,2690,2035,17676,1,1,1,1
23.0000,5479,1,1,61451,1,118349,0.519240,6,259,259,259,227124,27.92830,0.00152,2.35489,0.00807,0,1,3,11.673973,10.775524,10.775524,-0.231973,-0.231524,14.729951,5486,0.015718,0.047117,49226,20159,10861,7097,4877,3524,2682,2082,17840,1,1,1,1
23.9000,5479,1,1,62980,0,121088,0.520122,13,6,13,48,273938,28.55212,0.00152,2.35489,0.00807,1,1,2,1.254171,1.000000,1.840770,-0.543720,-0.543679,14.417551,555,0.037710,0.004870,50517,20349,11252,7079,4923,3718,2691,2149,18409,1,1,1,1
22.3500,5480,1,1,60618,0,116392,0.520813,72,10,72,152,436275,27.47659,0.00291,2.35621,0.00567,1,0,2,1.177726,1.000000,2.099467,-0.006440,-0.006410,14.955047,9051,0.000429,0.076551,48508,19602,10872,6851,4675,3510,2726,2099,17548,1,1,1,1
22.4000,5480,1,1,60633,1,116351,0.521126,1,8,29,112,184347,27.51124,0.00291,2.35621,0.00567,0,1,3,2.161092,1.539506,1.350169,-0.023729,-0.023588,14.937797,8777,0.001579,0.074320,48075,20100,10823,6884,4647,3460,2582,2201,17578,1,1,1,1
23.0000,5480,1,1,61637,1,118363,0.520750,1,3,4,23,724167,27.92713,0.00291,2.35621,0.00567,0,0,3,2.249036,1.772553,1.772553,-0.231698,-0.231550,14.729690,5489,0.015720,0.047135,49215,19836,11208,6948,4752,3579,2749,2124,17951,1,1,1,1
23.9000,5480,1,1,62977,1,120815,0.521272,2,3,22,102,554961,28.55096,0.00291,2.35621,0.00567,0,1,3,2.291944,1.780575,1.780575,-0.543615,-0.543464,14.417688,557,0.037694,0.004887,49989,20789,11198,7094,4876,3571,2709,2154,18434,1,1,1,1
22.3500,5481,1,1,60481,1,116075,0.521056,1,5285,5285,5285,162844,27.47511,0.00177,2.36073,0.00605,0,1,3,18.895520,18.589282,18.589282,-0.007902,-0.007365,14.954122,9050,0.000493,0.076534,48375,19562,10882,6819,4610,3441,2582,2053,17750,1,1,1,1
22.4000,5481,1,1,60263,1,115556,0.521509,1,1,25,88,84588,27.50976,0.00177,2.36073,0.00605,0,0,3,1.729207,1.244910,1.244910,-0.024980,-0.024881,14.936445,8775,0.001666,0.074296,47703,19673,10520,6871,4786,3457,2734,2082,17729,1,1,1,1
23.0000,5481,1,1,61548,0,117960,0.521775,71,10,71,438,5952077,27.92570,0.00177,2.36073,0.00605,1,0,2,1.162671,1.000000,1.814786,-0.232983,-0.232956,14.728505,5486,0.015817,0.047105,48993,20034,10986,6896,4700,3530,2704,2171,17945,1,1,1,1
23.9000,5481,1,1,63256,0,121166,0.522065,6,83,83,131,59663,28.54942,0.00177,2.36073,0.00605,1,0,2,1.051188,1.000000,4.400223,-0.544925,-0.544915,14.416566,555,0.037798,0.004869,50285,20542,11306,7255,5003,3642,2707,2236,18189,1,1,1,1
22.3500,5482,1,1,60966,0,116437,0.523601,1,23,57,57,1573040,27.47527,0.00177,2.35722,0.00745,1,1,2,1.245322,1.000000,6.544558,-0.007684,-0.007644,14.953799,9052,0.000511,0.076538,48500,19767,10767,6927,4751,3453,2596,2064,17611,1,1,1,1
22.4000,5482,1,1,60350,0,115987,0.520321,1,453,453,453,227354,27.50991,0.00177,2.35722,0.00745,1,1,2,1.002550,1.000000,1.188181,-0.024848,-0.024848,14.935553,8777,0.001664,0.074304,48264,19631,10783,6668,4733,3484,2601,2076,17746,1,1,1,1
23.0000,5482,1,1,61354,0,118005,0.519932,1,3,11,550,60333,27.92590,0.00177,2.35722,0.00745,1,1,3,1.198687,1.000000,1.084726,-0.232831,-0.232798,14.728387,5488,0.015806,0.047113,48736,20077,11068,6974,4799,3546,2672,2110,18022,1,1,1,1
23.9000,5482,1,1,63208,0,121081,0.522035,6,76,76,76,128092,28.54964,0.00177,2.35722,0.00745,1,1,2,1.405315,1.000000,37.556264,-0.545026,-0.544964,14.416420,555,0.037802,0.004868,50115,20637,11430,7080,4968,3557,2719,2240,18334,1,1,1,1
22.3500,5483,1,1,60465,1,116132,0.520662,1,19,19,58,153459,27.47533,0.00126,2.35247,0.00579,0,0,3,5.161640,4.504583,4.504583,-0.007953,-0.007654,14.953476,9058,0.000512,0.076577,48337,19640,10960,6706,4693,3493,2550,2037,17715,1,1,1,1
22.4000,5483,1,1,60489,1,116189,0.520613,3,3,3,57,77163,27.50997,0.00126,2.35247,0.00579,0,0,3,1.699551,1.475238,1.475238,-0.025168,-0.025071,14.936066,8784,0.001679,0.074347,47973,19846,10851,6837,4854,3581,2530,2157,17559,1,1,1,1
23.0000,5483,1,1,61544,0,118245,0.520483,9,2,9,40,43478,27.92588,0.00126,2.35247,0.00579,1,0,3,1.324014,1.000000,1.091632,-0.233095,-0.233044,14.728379,5494,0.015823,0.047156,49210,20101,10826,7016,4797,3602,2724,2096,17872,1,1,1,1
23.9000,5483,1,1,62827,1,121085,0.518871,6,3,241,241,1106996,28.54963,0.00126,2.35247,0.00579,0,1,3,2.213205,1.627282,1.627282,-0.545006,-0.544861,14.416084,560,0.037795,0.004911,50446,20362,11357,7113,4774,3623,2759,2102,18548,1,1,1,1
22.3500,5484,1,1,60411,1,115833,0.521540,1,6,6,60,67620567,27.47257,0.00139,2.35425,0.00620,0,1,3,4.433477,3.535858,3.535858,-0.009206,-0.008935,14.952216,9061,0.000598,0.076595,47956,19737,10639,6827,4673,3516,2676,2126,17682,1,1,1,1
22.4000,5484,1,1,60613,1,116591,0.519882,2,565,565,565,1477800,27.50720,0.00139,2.35425,0.00620,0,1,3,2.789509,2.695631,2.695631,-0.026499,-0.026312,14.935173,8788,0.001762,0.074372,48592,19965,10838,6741,4691,3452,2586,2108,17617,1,1,1,1
23.0000,5484,1,1,61391,1,117938,0.520541,1,2,756,756,38659,27.92316,0.00139,2.35425,0.00620,0,1,3,2.353597,1.794805,1.794805,-0.234442,-0.234286,14.726931,5495,0.015909,0.047161,48773,20123,11036,7135,4677,3495,2739,2135,17824,1,1,1,1
23.9000,5484,1,1,62887,1,120791,0.520631,3,13,13,40,190997,28.54692,0.00139,2.35425,0.00620,0,1,3,8.595301,6.757904,6.757904,-0.546443,-0.546050,14.415426,561,0.037880,0.004919,50038,20526,11277,7009,4996,3634,2709,2222,18379,1,1,1,1
22.3500,5485,1,1,60027,1,115532,0.519575,8,7,8,73,214356,27.47232,0.00300,2.35893,0.00640,0,1,3,5.317312,3.892966,3.892966,-0.008488,-0.008183,14.952559,9058,0.000547,0.076554,47534,19737,10831,6804,4674,3522,2662,1987,17780,1,1,1,1
22.4000,5485,1,1,60477,1,116266,0.520165,1,8,10,39,23032,27.50708,0.00300,2.35893,0.00640,0,1,3,2.380791,2.126925,2.126925,-0.025809,-0.025651,14.935818,8783,0.001717,0.074313,48260,19682,10903,6712,4839,3478,2574,1994,17823,1,1,1,1
23.0000,5485,1,1,61626,0,118341,0.520754,2,1,11,87,1771389,27.92296,0.00300,2.35893,0.00640,1,1,3,1.205617,1.000000,1.044394,-0.233681,-0.233647,14.727831,5494,0.015864,0.047141,49363,19971,10942,6912,4782,3480,2669,2115,18106,1,1,1,1
23.9000,5485,1,1,63172,0,121008,0.522052,1,1,6,1477,340067,28.54673,0.00300,2.35893,0.00640,1,0,3,1.371031,1.000000,1.070925,-0.545575,-0.545517,14.415889,558,0.037841,0.004891,50033,20686,11334,7071,4909,3623,2741,2171,18439,1,1,1,1
22.3500,5486,1,1,60826,0,116507,0.522085,1,3,35,257,217485,27.47252,0.00139,2.35541,0.00950,1,1,2,1.324218,1.000000,1.609403,-0.009198,-0.009147,14.952132,9061,0.000612,0.076567,48659,19711,10686,6880,4711,3464,2668,2138,17589,1,1,1,1
22.4000,5486,1,1,60936,0,116623,0.522509,12,6,24,41,186189,27.50714,0.00139,2.35541,0.00950,1,1,2,1.265033,1.000000,1.944324,-0.026524,-0.026481,14.934757,8787,0.001773,0.074338,48473,19850,10876,6789,4863,3369,2747,2074,17581,1,1,1,1
23.0000,5486,1,1,61557,1,118269,0.520487,4,3,30,89,182963,27.92307,0.00139,2.35541,0.00950,0,0,3,1.614086,1.432169,1.432169,-0.234461,-0.234374,14.726732,5495,0.015915,0.047144,48973,20179,11008,7000,4773,3498,2705,2096,18036,1,1,1,1
23.9000,5486,1,1,63153,1,121694,0.518953,4,2,13,653,4268120,28.54686,0.00139,2.35541,0.00950,0,1,3,1.792441,1.418395,1.418395,-0.546352,-0.546245,14.415199,558,0.037894,0.004891,50808,20530,11318,7259,4835,3643,2747,2179,18374,1,1,1,1
22.3500,5487,1,1,60688,0,116489,0.520981,6,2,6,30,565935,27.47409,0.00242,2.35582,0.00846,1,1,3,1.405369,1.000000,1.345755,-0.007838,-0.007776,14.953608,9061,0.000520,0.076546,48569,19733,10881,7010,4607,3450,2518,2106,17614,1,1,1,1
22.4000,5487,1,1,60207,1,115769,0.520066,3,26,38,882,527981,27.50870,0.00242,2.35582,0.00846,0,1,3,9.363272,8.689873,8.689873,-0.025315,-0.024907,14.936581,8787,0.001668,0.074316,48004,19592,10678,6799,4695,3479,2661,2070,17790,1,1,1,1
23.0000,5487,1,1,61510,0,117831,0.522023,1,7,26,1738,47076,27.92469,0.00242,2.35582,0.00846,1,1,2,1.349000,1.000000,3.473144,-0.233226,-0.233171,14.728125,5494,0.015832,0.047123,48655,20168,11087,6900,4686,3591,2632,2127,17984,1,1,1,1
23.9000,5487,1,1,62988,0,121034,0.520420,5,25,42,55,170885,28.54848,0.00242,2.35582,0.00846,1,1,2,1.042932,1.000000,1.166599,-0.545022,-0.545014,14.415900,556,0.037806,0.004872,50328,20506,11319,6971,4992,3540,2736,2201,18440,1,1,1,1
22.3500,5488,1,1,60581,1,116017,0.522178,26,5,88,88,264919,27.47605,0.00152,2.35769,0.00518,0,0,3,1.455661,1.420199,1.420199,-0.007268,-0.007199,14.953617,9067,0.000481,0.076582,47887,19712,10864,6905,4700,3545,2649,2133,17621,1,1,1,1
22.4000,5488,1,1,60618,0,116325,0.521113,1,2,25,25,186271,27.51078,0.00152,2.35769,0.00518,1,1,3,1.280877,1.000000,1.041704,-0.024607,-0.024562,14.936687,8792,0.001644,0.074344,48241,19690,10954,6860,4857,3386,2638,2011,17687,1,1,1,1
23.0000,5488,1,1,61690,0,118900,0.518844,1,57,57,61,148730,27.92669,0.00152,2.35769,0.00518,1,1,2,1.322479,1.000000,21.733374,-0.232842,-0.232791,14.728486,5501,0.015806,0.047173,49571,20074,11228,6943,4833,3558,2715,2186,17791,1,1,1,1
23.9000,5488,1,1,63110,0,121027,0.521458,2,10,29,29,134006,28.55050,0.00152,2.35769,0.00518,1,1,2,1.360232,1.000000,4.627870,-0.544605,-0.544549,14.416861,564,0.037772,0.004941,50104,20614,11280,7124,4843,3632,2786,2166,18477,1,1,1,1
22.3500,5489,1,1,60333,1,115814,0.520952,2,4,204,204,3415078,27.47723,0.00164,2.36249,0.00556,0,1,3,1.470793,1.193709,1.193709,-0.006682,-0.006611,14.954835,9068,0.000442,0.076571,48149,19877,10592,6681,4632,3401,2546,2103,17832,1,1,1,1
22.4000,5489,1,1,60300,0,115888,0.520334,3,39,39,39,1163155,27.51183,0.00164,2.36249,0.00556,1,1,2,1.152398,1.000000,6.577030,-0.024137,-0.024112,14.937027,8790,0.001614,0.074312,47952,19534,10832,6847,4719,3464,2612,2120,17807,1,1,1,1
23.0000,5489,1,1,61537,1,117986,0.521566,5,14,19,116,199791,27.92779,0.00164,2.36249,0.00556,0,1,3,6.369956,5.717370,5.717370,-0.232106,-0.231769,14.729045,5497,0.015736,0.047128,49075,20030,10797,6920,4806,3483,2637,2143,18094,1,1,1,1
23.9000,5489,1,1,62750,0,121061,0.518338,1,4,72,105,672237,28.55161,0.00164,2.36249,0.00556,1,1,2,1.406857,1.000000,2.563787,-0.543943,-0.543881,14.417501,556,0.037724,0.004870,50137,20741,11218,7018,4942,3614,2720,2181,18489,1,1,1,1
22.3500,5490,1,1,60401,1,116262,0.519529,5,24,24,35,5565169,27.47529,0.00164,2.35804,0.00905,0,1,3,17.309846,12.248377,12.248377,-0.007817,-0.007298,14.954191,9066,0.000488,0.076543,48365,19731,10812,6841,4689,3421,2592,2080,17730,1,1,1,1
22.4000,5490,1,1,60678,0,116255,0.521943,1,7,33,95,4748399,27.51001,0.00164,2.35804,0.00905,1,0,2,1.172200,1.000000,1.654257,-0.024993,-0.024964,14.936495,8792,0.001671,0.074318,48218,19738,10838,6877,4758,3475,2574,2093,17683,1,1,1,1
23.0000,5490,1,1,61436,0,118387,0.518946,7,1,165,165,288985,27.92590,0.00164,2.35804,0.00905,1,1,3,1.401602,1.000000,1.025398,-0.232888,-0.232826,14.728561,5497,0.015808,0.047121,49107,20247,10980,6873,4838,3603,2667,2184,17887,1,1,1,1
23.9000,5490,1,1,62805,1,121045,0.518861,1,5,8,288,542928,28.54974,0.00164,2.35804,0.00905,0,1,3,1.343595,1.209335,1.209335,-0.544827,-0.544773,14.416698,556,0.037788,0.004869,50110,20604,11482,7092,4903,3554,2682,2193,18424,1,1,1,1
22.3500,5491,1,1,60888,0,116532,0.522505,1,2,129,129,207156,27.47770,0.00307,2.36159,0.00678,1,0,3,1.372929,1.000000,1.195829,-0.005646,-0.005589,14.955816,9068,0.000374,0.076538,48416,19845,10709,6897,4728,3519,2673,2171,17573,1,1,1,1
22.4000,5491,1,1,60931,1,116643,0.522376,1,1,71,71,1133086,27.51241,0.00307,2.36159,0.00678,0,0,3,1.496524,1.100323,1.100323,-0.022994,-0.022921,14.938383,8793,0.001534,0.074303,48710,19893,10727,6686,4676,3530,2609,2077,17734,1,1,1,1
23.0000,5491,1,1,61286,0,117924,0.519712,7,57,57,95,139459,27.92835,0.00307,2.36159,0.00678,1,1,2,1.345530,1.000000,23.459597,-0.231244,-0.231190,14.730104,5498,0.015695,0.047116,48742,20090,11026,6844,4740,3580,2668,2178,18055,1,1,1,1
23.9000,5491,1,1,63347,1,121154,0.522868,2,2,14,52,215335,28.55207,0.00307,2.36159,0.00678,0,0,3,1.390242,1.073760,1.073760,-0.542822,-0.542762,14.418497,559,0.037643,0.004894,50409,20415,11354,7134,4919,3571,2713,2221,18417,1,1,1,1
22.3500,5492,1,1,60370,0,116284,0.519164,6,12,34,34,448502,27.47750,0.00164,2.36183,0.00630,1,1,2,1.289449,1.000000,4.375282,-0.006656,-0.006610,14.954823,9069,0.000442,0.076537,48522,19621,10601,6839,4709,3479,2657,2048,17807,1,1,1,1
22.4000,5492,1,1,61043,1,116878,0.522284,1,2,8,51,60080,27.51209,0.00164,2.36183,0.00630,0,0,3,1.563517,1.138447,1.138447,-0.023824,-0.023743,14.937570,8798,0.001589,0.074336,48731,19811,10871,6818,4750,3507,2641,2089,17659,1,1,1,1
23.0000,5492,1,1,61604,0,118427,0.520190,1,17,23,56,816274,27.92808,0.00164,2.36183,0.00630,1,1,2,1.097534,1.000000,1.953340,-0.231866,-0.231849,14.729211,5499,0.015741,0.047119,49040,20099,11075,7086,4907,3537,2671,2149,17862,1,1,1,1
23.9000,5492,1,1,63039,1,121095,0.520579,1,14,14,24,291554,28.55181,0.00164,2.36183,0.00630,0,0,3,4.169637,3.670277,3.670277,-0.543791,-0.543531,14.417587,557,0.037699,0.004876,50209,20614,11301,7150,4855,3593,2755,2107,18510,1,1,1,1
22.3500,5493,1,1,60041,1,116260,0.516442,5,3,39,39,64970,27.47621,0.00177,2.35478,0.00903,0,0,3,1.680466,1.511916,1.511916,-0.007095,-0.007001,14.954083,9067,0.000468,0.076510,48357,19744,10698,6824,4646,3476,2698,2130,17686,1,1,1,1
22.4000,5493,1,1,60795,1,116565,0.521559,1,8,10,149,273493,27.51091,0.00177,2.35478,0.00903,0,0,3,3.425681,2.707084,2.707084,-0.024504,-0.024280,14.936959,8792,0.001626,0.074275,48277,19849,10966,6917,4860,3415,2631,2043,17606,1,1,1,1
23.0000,5493,1,1,61589,1,118205,0.521040,1,5,77,77,931497,27.92682,0.00177,2.35478,0.00903,0,1,3,2.478502,2.198889,2.198889,-0.232442,-0.232277,14.729208,5496,0.015770,0.047085,48994,20034,11041,6847,4814,3485,2766,2081,18142,1,1,1,1
23.9000,5493,1,1,62890,0,121212,0.518847,1,17,32,340,83074,28.55057,0.00177,2.35478,0.00903,1,1,2,1.089758,1.000000,1.677047,-0.544289,-0.544274,14.416772,553,0.037753,0.004840,50266,20821,11144,7037,4914,3615,2757,2152,18505,1,1,1,1
22.3500,5494,1,1,61085,1,116518,0.524258,1,24,26,37789,694671,27.47598,0.00139,2.35163,0.00741,0,1,3,13.002353,11.101357,11.101357,-0.007542,-0.007075,14.954414,9075,0.000473,0.076562,48553,19822,10776,6720,4663,3511,2633,2089,17750,1,1,1,1
22.4000,5494,1,1,60900,0,116808,0.521373,7,32,32,32,463088,27.51067,0.00139,2.35163,0.00741,1,1,2,1.220403,1.000000,8.081636,-0.024860,-0.024824,14.936381,8801,0.001662,0.074340,48489,20084,10913,6854,4712,3469,2643,2142,17501,1,1,1,1
23.0000,5494,1,1,61546,0,118343,0.520069,2,27,29,38,290438,27.92664,0.00139,2.35163,0.00741,1,1,2,1.291913,1.000000,9.270908,-0.232855,-0.232808,14.728450,5508,0.015807,0.047182,48865,20218,11303,6866,4807,3494,2605,2101,18083,1,1,1,1
23.9000,5494,1,1,62991,1,121049,0.520380,1,6,36,36,1020863,28.55040,0.00139,2.35163,0.00741,0,1,3,2.617179,2.111522,2.111522,-0.544598,-0.544423,14.417021,559,0.037763,0.004892,50136,20527,11348,7224,4872,3610,2683,2128,18520,1,1,1,1
22.3500,5495,1,1,60535,1,116825,0.518173,2,138,138,138,255964,27.47785,0.00139,2.36022,0.00723,0,0,3,2.042290,1.701061,1.701061,-0.006515,-0.006385,14.954803,9074,0.000427,0.076538,48676,19846,10913,6952,4690,3398,2602,2130,17617,1,1,1,1
22.4000,5495,1,1,60541,1,116519,0.519585,1,216,216,216,93392,27.51254,0.00139,2.36022,0.00723,0,1,3,2.472877,1.889516,1.771486,-0.023864,-0.023699,14.937570,8801,0.001587,0.074321,48431,19830,10836,6794,4817,3445,2672,1985,17708,1,1,1,1
23.0000,5495,1,1,61878,0,118793,0.520894,1,2,370,370,9516566,27.92843,0.00139,2.36022,0.00723,1,1,3,1.300822,1.000000,1.124564,-0.231765,-0.231717,14.729547,5503,0.015731,0.047127,49333,20423,11026,6943,4790,3490,2744,2095,17948,1,1,1,1
23.9000,5495,1,1,62986,0,121090,0.520163,2,5,21,21,88841,28.55220,0.00139,2.36022,0.00723,1,1,2,1.408314,1.000000,2.667039,-0.543731,-0.543669,14.417679,558,0.037708,0.004882,50374,20486,11229,7066,4880,3591,2747,2192,18524,1,1,1,1
22.3500,5496,1,1,60606,0,116128,0.521894,1,37,37,3090,126258,27.47966,0.00151,2.35163,0.00685,1,1,2,1.324773,1.000000,14.551614,-0.005699,-0.005647,14.955632,9080,0.000378,0.076570,48002,19765,10819,6755,4769,3494,2654,2097,17772,1,1,1,1
22.4000,5496,1,1,60857,1,116937,0.520430,1,3,8,157,40540485,27.51435,0.00151,2.35163,0.00685,0,1,3,1.798260,1.273887,1.227237,-0.022809,-0.022702,14.938652,8803,0.001520,0.074319,48698,19834,10913,6873,4713,3454,2684,2083,17684,1,1,1,1
23.0000,5496,1,1,61840,0,118591,0.521460,394,9,394,394,685374,27.93029,0.00151,2.35163,0.00685,1,1,2,1.220571,1.000000,2.298741,-0.230841,-0.230804,14.730400,5505,0.015669,0.047133,49326,20227,10932,6938,4879,3561,2685,2230,17812,1,1,1,1
23.9000,5496,1,1,62889,1,121483,0.517682,1,1,9,51,110563,28.55407,0.00151,2.35163,0.00685,0,0,3,1.772750,1.329097,1.329097,-0.542680,-0.542576,14.418710,559,0.037630,0.004889,50706,20367,11440,7058,4918,3511,2800,2196,18486,1,1,1,1
22.3500,5497,1,1,60521,1,116191,0.520880,2,7,10,52,289297,27.47538,0.00164,2.35381,0.00878,0,1,3,2.728613,2.208022,2.208022,-0.007562,-0.007379,14.954066,9076,0.000493,0.076531,48177,19744,10904,6759,4622,3473,2654,2132,17725,1,1,1,1
22.4000,5497,1,1,60674,0,116477,0.520914,1,1,2875,2875,319407,27.51006,0.00164,2.35381,0.00878,1,0,3,1.408075,1.000000,1.152964,-0.024836,-0.024774,14.936574,8801,0.001659,0.074299,48276,19727,10875,6937,4764,3517,2678,2056,17646,1,1,1,1
23.0000,5497,1,1,61870,0,118320,0.522908,3,2,15,47,213304,27.92605,0.00164,2.35381,0.00878,1,1,3,1.343040,1.000000,1.181392,-0.232837,-0.232784,14.728508,5503,0.015805,0.047113,49227,19900,11156,6912,4719,3490,2633,2193,18089,1,1,1,1
23.9000,5497,1,1,63260,0,121495,0.520684,2,4,5,80,501979,28.54984,0.00164,2.35381,0.00878,1,0,2,1.246953,1.000000,1.456252,-0.544754,-0.544714,14.416729,555,0.037783,0.004854,50598,20532,11369,7232,4848,3552,2748,2120,18495,1,1,1,1
22.3500,5498,1,1,60865,1,116728,0.521430,1,1,7,73,1481337,27.48241,0.00164,2.36025,0.00722,0,1,3,1.433559,1.022869,1.020768,-0.004049,-0.003983,14.957356,9077,0.000266,0.076508,48532,19821,11040,6813,4767,3449,2659,2040,17606,1,1,1,1
22.4000,5498,1,1,60922,0,116801,0.521592,2,2,697,697,116452,27.51708,0.00164,2.36025,0.00722,1,1,3,1.373630,1.000000,1.375763,-0.021421,-0.021364,14.939951,8806,0.001430,0.074311,48543,19815,10766,7042,4799,3470,2619,2108,17638,1,1,1,1
23.0000,5498,1,1,61492,0,118365,0.519516,2,3,491,491,22430438,27.93299,0.00164,2.36025,0.00722,1,1,2,1.409500,1.000000,1.960253,-0.229411,-0.229349,14.732030,5504,0.015568,0.047102,49229,19913,11040,7122,4748,3473,2650,2043,18146,1,1,1,1
23.9000,5498,1,1,62862,0,121241,0.518492,3,4,13,3094,791858,28.55680,0.00164,2.36025,0.00722,1,1,2,1.355996,1.000000,1.962182,-0.541315,-0.541260,14.420152,555,0.037535,0.004852,50282,20378,11441,7113,4992,3527,2784,2184,18539,1,1,1,1
22.3500,5499,1,1,60433,1,116506,0.518716,1,3,4,18,989602,27.48422,0.00139,2.35416,0.00722,0,0,3,1.797287,1.281092,1.281092,-0.003252,-0.003146,14.958195,9081,0.000210,0.076524,48413,19803,10807,6797,4709,3495,2650,2042,17789,1,1,1,1
22.4000,5499,1,1,60696,0,116496,0.521018,1,17,17,173,89713,27.51888,0.00139,2.35416,0.00722,1,1,2,1.256112,1.000000,5.317174,-0.020719,-0.020678,14.940555,8806,0.001384,0.074294,48324,19900,10733,6852,4675,3473,2592,2125,17821,1,1,1,1
23.0000,5499,1,1,61819,1,118610,0.521200,1,19,19,177,2659683,27.93485,0.00139,2.35416,0.00722,0,0,3,4.906939,4.200796,4.200796,-0.228680,-0.228390,14.732766,5507,0.015502,0.047116,49044,20333,11139,6991,4823,3454,2693,2159,17973,1,1,1,1
23.9000,5499,1,1,63290,0,121543,0.520725,9,25,25,25,256889,28.55867,0.00139,2.35416,0.00722,1,1,2,1.306351,1.000000,9.007062,-0.540659,-0.540610,14.420818,557,0.037488,0.004869,50360,20758,11308,7093,4938,3661,2822,2156,18446,1,1,1,1
22.3500,5500,1,1,60527,1,116463,0.519715,1,2,18,760,9374910,27.48370,0.00337,2.35172,0.00745,0,0,3,2.235588,1.642822,1.642822,-0.002634,-0.002487,14.958817,9085,0.000166,0.076540,48216,19771,11005,6873,4705,3461,2669,2052,17710,1,1,1,1
22.4000,5500,1,1,60706,0,116353,0.521744,1,10,12,60,348093,27.51835,0.00337,2.35172,0.00745,1,1,2,1.328083,1.000000,4.211507,-0.020048,-0.019996,14.941286,8807,0.001338,0.074285,48167,19739,10789,6961,4665,3544,2588,2055,17844,1,1,1,1
23.0000,5500,1,1,61617,1,118976,0.517899,3,5,14,47,100157,27.93424,0.00337,2.35172,0.00745,0,1,3,3.147844,2.650800,2.650800,-0.227950,-0.227741,14.733293,5510,0.015458,0.047132,49501,20192,11018,7192,4912,3538,2647,2128,17847,1,1,1,1
23.9000,5500,1,1,63143,1,121602,0.519264,6,10,49,49,113101,28.55807,0.00337,2.35172,0.00745,0,0,3,1.220230,1.085169,1.085169,-0.539785,-0.539749,14.421355,557,0.037427,0.004868,50388,20547,11460,7347,4959,3583,2775,2102,18440,1,1,1,1
22.3500,5501,1,1,61168,0,116885,0.523322,2,2,64,101,198815,27.48291,0.00164,2.35843,0.00773,1,0,3,1.401505,1.000000,1.368200,-0.003822,-0.003760,14.957628,9081,0.000251,0.076499,48809,19746,10863,6991,4731,3350,2561,2138,17695,1,1,1,1
22.4000,5501,1,1,61304,0,116868,0.524562,1,10,859,859,64130,27.51757,0.00164,2.35843,0.00773,1,1,2,1.141407,1.000000,1.656050,-0.021169,-0.021145,14.939981,8805,0.001415,0.074261,48632,19870,10760,6814,4759,3531,2591,2075,17835,1,1,1,1
23.0000,5501,1,1,61816,0,118719,0.520696,8,2,8,41,903546,27.93350,0.00164,2.35843,0.00773,1,1,3,1.402377,1.000000,1.402640,-0.229125,-0.229063,14.732324,5505,0.015548,0.047084,49286,20193,11179,6904,4875,3408,2734,2127,18012,1,1,1,1
23.9000,5501,1,1,63255,1,121344,0.521291,1,5,7,37,428972,28.55722,0.00164,2.35843,0.00773,0,1,3,2.023024,1.446135,1.384663,-0.540979,-0.540851,14.420485,554,0.037506,0.004841,50211,20710,11382,7182,4850,3610,2713,2250,18435,1,1,1,1
22.3500,5502,1,1,60678,0,116757,0.519699,2,18,18,32,163077,27.48098,0.00316,2.36215,0.00592,1,1,2,1.132793,1.000000,2.708536,-0.004053,-0.004030,14.957085,9088,0.000269,0.076547,48583,19947,10888,6801,4604,3447,2631,2094,17761,1,1,1,1
22.4000,5502,1,1,60732,0,116566,0.521014,1,1,6,37,627458,27.51562,0.00316,2.36215,0.00592,1,0,3,1.403149,1.000000,1.130587,-0.021293,-0.021232,14.940155,8809,0.001421,0.074281,48364,19839,10912,6861,4771,3491,2536,2139,17652,1,1,1,1
23.0000,5502,1,1,61432,0,118326,0.519180,17,2,242,242,50375,27.93161,0.00316,2.36215,0.00592,1,1,3,1.392382,1.000000,1.124285,-0.229287,-0.229227,14.732168,5507,0.015560,0.047093,49098,19986,10880,7093,4790,3479,2814,2070,18115,1,1,1,1
23.9000,5502,1,1,63037,1,121091,0.520580,4,11,234,234,204217,28.55534,0.00316,2.36215,0.00592,0,1,3,7.340120,5.759143,5.759143,-0.541304,-0.540942,14.420535,556,0.037512,0.004857,50316,20512,11308,7027,4843,3558,2796,2172,18558,1,1,1,1
22.3500,5503,1,1,60805,1,116333,0.522685,1,4,26,26,298333,27.48352,0.00151,2.36179,0.00671,0,1,3,2.569156,2.204105,2.204105,-0.003667,-0.003496,14.957991,9083,0.000234,0.076486,48160,19776,10844,6995,4646,3429,2605,2042,17835,1,1,1,1
22.4000,5503,1,1,61082,0,117218,0.521102,24,7,24,49,76852,27.51816,0.00151,2.36179,0.00671,1,1,2,1.397555,1.000000,3.684313,-0.021033,-0.020972,14.940419,8808,0.001404,0.074258,48947,19885,10893,7028,4682,3445,2564,2166,17607,1,1,1,1
23.0000,5503,1,1,61700,0,118655,0.519999,4,3,12,34,200314,27.93407,0.00151,2.36179,0.00671,1,1,2,1.413247,1.000000,1.961121,-0.228933,-0.228870,14.732488,5506,0.015535,0.047075,49351,20111,11054,6905,4876,3506,2684,2072,18095,1,1,1,1
23.9000,5503,1,1,63003,1,121296,0.519420,1,6,6,33,302038,28.55782,0.00151,2.36179,0.00671,0,1,3,1.566579,1.135577,1.135577,-0.540747,-0.540666,14.420737,554,0.037492,0.004839,50303,20496,11241,7015,4979,3665,2798,2231,18567,1,1,1,1
22.3500,5504,1,1,60864,0,116967,0.520356,1,5,26,56,1944297,27.48636,0.00164,2.36572,0.00530,1,1,2,1.267718,1.000000,1.924140,-0.002128,-0.002085,14.959157,9096,0.000139,0.076576,48581,19829,11001,7023,4709,3480,2647,2097,17599,1,1,1,1
22.4000,5504,1,1,60861,1,116709,0.521481,5,7,9,32,187360,27.52099,0.00164,2.36572,0.00530,0,1,3,4.879190,3.665897,3.665897,-0.019504,-0.019216,14.941635,8821,0.001286,0.074348,48518,19770,10934,6802,4668,3417,2707,2116,17776,1,1,1,1
23.0000,5504,1,1,61967,1,118975,0.520845,1,71,71,71,122416,27.93696,0.00164,2.36572,0.00530,0,1,3,33.950596,29.755702,29.755702,-0.227676,-0.227036,14.733781,5518,0.015409,0.047164,49743,20101,11043,7013,4754,3452,2727,2099,18042,1,1,1,1
23.9000,5504,1,1,62786,0,121335,0.517464,3,6,12,234,361507,28.56071,0.00164,2.36572,0.00530,1,0,2,1.161806,1.000000,1.255828,-0.539267,-0.539240,14.422221,564,0.037390,0.004925,50184,20656,11362,7108,4966,3574,2839,2160,18485,1,1,1,1
22.3500,5505,1,1,60729,1,116330,0.522045,5,20,20,46,634007,27.48477,0.00176,2.35757,0.00832,0,1,3,1.873700,1.703318,1.703318,-0.002805,-0.002691,14.958782,9093,0.000180,0.076538,48280,19620,10801,6912,4758,3537,2611,2088,17722,1,1,1,1
22.4000,5505,1,1,60921,1,117030,0.520563,1,2,8,66,78437,27.51952,0.00176,2.35757,0.00832,0,1,3,1.379417,1.215283,1.215283,-0.020147,-0.020088,14.941378,8817,0.001344,0.074302,48705,19934,10758,6908,4687,3494,2705,2062,17776,1,1,1,1
23.0000,5505,1,1,61928,0,118884,0.520916,3,2,12,23,199048,27.93541,0.00176,2.35757,0.00832,1,0,3,1.328777,1.000000,1.063638,-0.228081,-0.228030,14.733392,5514,0.015477,0.047123,49185,20355,11118,6979,4925,3635,2692,2078,17916,1,1,1,1
23.9000,5505,1,1,63457,1,121453,0.522486,2,81,12934,12934,172400,28.55918,0.00176,2.35757,0.00832,0,1,3,52.859709,40.392012,40.392012,-0.540297,-0.539577,14.421913,560,0.037414,0.004889,50345,20655,11239,7155,4939,3674,2673,2178,18594,1,1,1,1
22.3500,5506,1,1,60950,0,116686,0.522346,10,5,23,182,2091584,27.48214,0.00510,2.35940,0.00551,1,1,2,1.288317,1.000000,1.841988,-0.002539,-0.002493,14.958940,9097,0.000167,0.076557,48580,19790,10764,6904,4765,3433,2704,2139,17606,1,1,1,1
22.4000,5506,1,1,60783,1,116613,0.521241,1,5,14,25,132888,27.51676,0.00510,2.35940,0.00551,0,1,3,2.175670,2.008900,2.008900,-0.019858,-0.019717,14.941766,8819,0.001320,0.074303,48290,19866,10790,6990,4713,3421,2570,2109,17863,1,1,1,1
23.0000,5506,1,1,61646,0,118517,0.520149,6,80,80,80,216132,27.93270,0.00510,2.35940,0.00551,1,1,2,1.269701,1.000000,24.762902,-0.228057,-0.228013,14.733425,5518,0.015476,0.047148,49041,20247,11124,6843,4874,3591,2631,2163,18002,1,1,1,1
23.9000,5506,1,1,63279,1,121705,0.519942,7,14,143,176,158444,28.55649,0.00510,2.35940,0.00551,0,0,3,1.549565,1.428724,1.428724,-0.539689,-0.539609,14.421427,560,0.037417,0.004888,50387,20675,11404,7172,5011,3628,2830,2138,18459,1,1,1,1
22.3500,5507,1,1,60600,0,116349,0.520851,1,41,41,157,118260,27.48497,0.00299,2.35972,0.00635,1,1,2,1.373666,1.000000,18.701111,-0.002346,-0.002288,14.959026,9096,0.000153,0.076535,48223,19758,10766,6831,4829,3442,2644,2051,17804,1,1,1,1
22.4000,5507,1,1,60681,1,116504,0.520854,1,3,40,40,276753,27.51959,0.00299,2.35972,0.00635,0,1,3,2.715505,2.137730,2.137730,-0.019454,-0.019273,14.941937,8821,0.001290,0.074306,48080,19957,10794,7007,4700,3515,2624,2068,17758,1,1,1,1
23.0000,5507,1,1,62009,1,118778,0.522062,2,28,28,28,311094,27.93558,0.00299,2.35972,0.00635,0,1,3,15.591131,13.069601,13.069601,-0.227614,-0.227116,14.733682,5516,0.015415,0.047122,49269,20213,11116,6948,4764,3568,2693,2133,18073,1,1,1,1
23.9000,5507,1,1,63352,0,121513,0.521364,4,21,25,341,378640,28.55937,0.00299,2.35972,0.00635,1,0,2,1.063404,1.000000,1.425355,-0.539310,-0.539299,14.422181,563,0.037394,0.004913,50450,20892,11220,7141,4804,3542,2799,2180,18484,1,1,1,1
22.3500,5508,1,1,60589,1,116192,0.521460,1,16,18,45,601872,27.48438,0.00176,2.35750,0.00595,0,1,3,5.861430,5.170952,5.170952,-0.003097,-0.002776,14.958309,9098,0.000186,0.076541,48223,19559,10985,6950,4685,3414,2592,2038,17745,1,1,1,1
22.4000,5508,1,1,61001,1,117077,0.521038,3,10,37,45,62972,27.51911,0.00176,2.35750,0.00595,0,0,3,2.879437,2.593943,2.593943,-0.020400,-0.020208,14.940874,8822,0.001353,0.074306,48742,19817,11030,6819,4750,3528,2629,2068,17693,1,1,1,1
23.0000,5508,1,1,61513,1,118394,0.519566,13,2,13,549,155334,27.93502,0.00176,2.35750,0.00595,0,0,3,1.251968,1.184786,1.184786,-0.228281,-0.228240,14.732726,5517,0.015492,0.047125,48807,20166,11112,7145,4708,3565,2656,2116,18118,1,1,1,1
23.9000,5508,1,1,63678,0,122016,0.521887,3,18,18,39,244269,28.55883,0.00176,2.35750,0.00595,1,1,2,1.411827,1.000000,9.392908,-0.540378,-0.540316,14.421060,560,0.037467,0.004887,50755,20660,11438,7156,4974,3638,2766,2169,18459,1,1,1,1
22.3500,5509,1,1,61216,0,117381,0.521520,1,3,20,20,1231532,27.48977,0.00189,2.35845,0.00589,1,1,2,1.394960,1.000000,1.862212,-0.000327,-0.000267,14.961066,9095,0.000018,0.076488,49037,19743,10874,6961,4910,3413,2705,2100,17637,1,1,1,1
22.4000,5509,1,1,60868,0,116857,0.520880,1,14,14,603,167686,27.52437,0.00189,2.35845,0.00589,1,1,2,1.315254,1.000000,5.445315,-0.017725,-0.017675,14.943751,8820,0.001183,0.074261,48217,20134,10977,6872,4767,3451,2660,2106,17672,1,1,1,1
23.0000,5509,1,1,61863,1,118399,0.522500,1,20,20,27,184360,27.94033,0.00189,2.35845,0.00589,0,1,3,1.588924,1.450439,1.450439,-0.225587,-0.225503,14.735971,5515,0.015303,0.047089,49064,19983,10996,6961,4826,3473,2698,2096,18301,1,1,1,1
23.9000,5509,1,1,63142,0,121395,0.520141,1,5,5,112,126175,28.56415,0.00189,2.35845,0.00589,1,0,3,1.169947,1.000000,1.142125,-0.537471,-0.537442,14.424017,557,0.037260,0.004859,50523,20404,11347,7188,4945,3527,2703,2134,18623,1,1,1,1
22.3500,5510,1,1,61038,0,116871,0.522273,44,9,44,265,1259927,27.48455,0.00164,2.35609,0.00913,1,1,2,1.312108,1.000000,3.478545,-0.003074,-0.003025,14.958248,9101,0.000202,0.076539,48623,19845,10892,6760,4824,3551,2758,2097,17520,1,1,1,1
22.4000,5510,1,1,60852,0,116889,0.520601,9,31,31,50,1473886,27.51927,0.00164,2.35609,0.00913,1,0,2,1.034794,1.000000,1.136376,-0.020333,-0.020326,14.941159,8828,0.001360,0.074328,48680,19628,10951,6809,4731,3511,2682,2107,17789,1,1,1,1
23.0000,5510,1,1,62070,0,118652,0.523131,1,7,17,509,12864821,27.93516,0.00164,2.35609,0.00913,1,1,2,1.180820,1.000000,1.604000,-0.228308,-0.228278,14.732893,5519,0.015494,0.047124,49174,20125,10985,7093,4780,3532,2647,2179,18136,1,1,1,1
23.9000,5510,1,1,63396,0,121591,0.521392,2,2,35,45,122574,28.55899,0.00164,2.35609,0.00913,1,1,3,1.338074,1.000000,1.321170,-0.540205,-0.540152,14.421138,562,0.037456,0.004902,50337,20688,11273,7168,5055,3600,2827,2183,18459,1,1,1,1
22.3500,5511,1,1,60963,1,116580,0.522933,13,46,79,79,116698,27.48481,0.00241,2.35438,0.00589,0,1,3,26.606151,21.789396,21.789396,-0.002684,-0.002088,14.959400,9103,0.000140,0.076536,48412,19701,10752,6967,4764,3482,2555,2041,17905,1,1,1,1
22.4000,5511,1,1,60547,1,116398,0.520177,1,1,78,184,335817,27.51952,0.00241,2.35438,0.00589,0,0,3,1.775670,1.281089,1.281089,-0.019782,-0.019678,14.941646,8830,0.001317,0.074329,48069,19711,10821,6827,4818,3409,2737,2119,17886,1,1,1,1
23.0000,5511,1,1,61866,0,118739,0.521029,22,26,26,2249,230103,27.93546,0.00241,2.35438,0.00589,1,1,2,1.306614,1.000000,9.294211,-0.227933,-0.227884,14.733385,5518,0.015467,0.047106,49323,20000,10958,7074,4841,3582,2706,2128,18126,1,1,1,1
23.9000,5511,1,1,63470,0,121823,0.521006,12,5,12,582,222784,28.55918,0.00241,2.35438,0.00589,1,1,2,1.402214,1.000000,2.590545,-0.539677,-0.539615,14.421773,559,0.037417,0.004875,50777,20449,11431,7286,4941,3516,2749,2219,18454,1,1,1,1
22.3500,5512,1,1,60902,0,117073,0.520210,3,166,166,195,1199437,27.48751,0.00176,2.35502,0.00551,1,0,2,1.013383,1.000000,2.264023,-0.001530,-0.001528,14.959961,9104,0.000102,0.076528,48569,20185,10766,6851,4730,3505,2649,2155,17662,1,1,1,1
22.4000,5512,1,1,60854,0,116830,0.520881,1,37,195,195,254304,27.52209,0.00176,2.35502,0.00551,1,1,3,1.024833,1.000000,1.009763,-0.018745,-0.018740,14.942079,8830,0.001254,0.074313,48685,19684,10858,6876,4629,3466,2717,2051,17863,1,1,1,1
23.0000,5512,1,1,62035,1,119207,0.520402,1,28,28,222,258746,27.93808,0.00176,2.35502,0.00551,0,1,3,1.698337,1.211632,1.031447,-0.226741,-0.226645,14.734695,5521,0.015382,0.047119,49594,20258,11040,6969,4882,3473,2803,2201,17986,1,1,1,1
23.9000,5512,1,1,63077,1,121699,0.518308,1,130,130,130,63418,28.56182,0.00176,2.35502,0.00551,0,0,3,12.974831,12.062230,12.062230,-0.538834,-0.538369,14.422648,561,0.037328,0.004891,50444,20767,11210,7130,4848,3704,2793,2227,18575,1,1,1,1
22.3500,5513,1,1,61079,1,117167,0.521303,2,10,10,31,444662,27.48892,0.00189,2.36714,0.00553,0,1,3,6.958743,5.366040,5.366040,-0.000799,-0.000448,14.960501,9102,0.000030,0.076494,48746,19933,10942,6974,4685,3519,2609,2089,17669,1,1,1,1
22.4000,5513,1,1,60516,0,116497,0.519468,2,457,457,457,1493429,27.52362,0.00189,2.36714,0.00553,1,0,2,1.017672,1.000000,8.171888,-0.018188,-0.018185,14.943303,8826,0.001217,0.074260,48349,19734,10667,6825,4758,3404,2672,2088,17999,1,1,1,1
23.0000,5513,1,1,61885,1,118823,0.520821,2,17,27,27,91526,27.93953,0.00189,2.36714,0.00553,0,1,3,5.199834,4.890066,4.890066,-0.226098,-0.225799,14.735687,5519,0.015323,0.047090,49311,20257,10939,6967,4933,3540,2712,2153,18010,1,1,1,1
23.9000,5513,1,1,63522,0,121627,0.522273,1,3,8,39,206154,28.56328,0.00189,2.36714,0.00553,1,1,3,1.195472,1.000000,1.008326,-0.537818,-0.537786,14.423399,559,0.037286,0.004873,50706,20548,11181,7082,4803,3654,2905,2295,18452,1,1,1,1
22.3500,5514,1,1,60790,0,116519,0.521722,1,4,5,121,937546,27.49012,0.00189,2.36808,0.00588,1,1,2,1.363987,1.000000,2.129543,-0.000071,-0.000014,14.961293,9104,0.000001,0.076493,48040,19817,11013,6862,4802,3522,2705,2054,17703,1,1,1,1
22.4000,5514,1,1,60724,0,116810,0.519857,16,19,19,44,211941,27.52481,0.00189,2.36808,0.00588,1,1,2,1.313688,1.000000,7.070688,-0.017527,-0.017478,14.943949,8828,0.001170,0.074260,48327,20065,10772,6819,4754,3494,2846,2052,17680,1,1,1,1
23.0000,5514,1,1,61833,1,118650,0.521142,8,3,21,442,139463,27.94078,0.00189,2.36808,0.00588,0,1,3,1.704013,1.263203,1.263203,-0.225352,-0.225256,14.736160,5519,0.015286,0.047080,49039,20183,11183,7077,4818,3464,2649,2177,18059,1,1,1,1
23.9000,5514,1,1,63243,1,121468,0.520660,1,6,16,70,306224,28.56454,0.00189,2.36808,0.00588,0,1,3,1.324825,1.010789,1.010789,-0.537208,-0.537157,14.424271,557,0.037240,0.004854,50223,20663,11298,7225,4956,3545,2794,2203,18560,1,1,1,1
22.3500,5515,1,1,60889,1,116956,0.520619,2,1,10,152,1764771,27.48888,0.00151,2.36177,0.00540,0,1,3,1.475024,1.062045,1.062045,-0.000897,-0.000826,14.960571,9109,0.000055,0.076525,48437,20060,10859,6937,4797,3413,2689,2094,17669,1,1,1,1
22.4000,5515,1,1,61006,0,116594,0.523239,3,4,486,486,27398,27.52357,0.00151,2.36177,0.00540,1,1,2,1.411943,1.000000,2.159367,-0.018304,-0.018242,14.943134,8833,0.001221,0.074293,48118,19775,10970,6799,5002,3397,2659,2060,17813,1,1,1,1
23.0000,5515,1,1,61718,0,118509,0.520792,1,4,15,38,13977754,27.93946,0.00151,2.36177,0.00540,1,0,3,1.214797,1.000000,1.180294,-0.226194,-0.226158,14.735292,5526,0.015348,0.047134,49153,19913,11155,7166,4731,3546,2672,2115,18057,1,1,1,1
23.9000,5515,1,1,63422,0,122133,0.519291,3,4,11,1319,63345,28.56323,0.00151,2.36177,0.00540,1,0,2,1.292926,1.000000,1.579859,-0.538105,-0.538058,14.423374,563,0.037305,0.004906,50631,20893,11417,7251,4955,3659,2812,2164,18350,1,1,1,1
22.3500,5516,1,1,61056,0,117383,0.520148,1,6,11,11,138919,27.48857,0.00349,2.37010,0.00528,1,1,2,1.380967,1.000000,3.299444,-0.000115,-0.000056,14.961264,9111,0.000004,0.076524,48909,20037,10986,6915,4756,3524,2595,2023,17637,1,1,1,1
22.4000,5516,1,1,61342,0,117474,0.522180,7,7,7,16,143007,27.52326,0.00349,2.37010,0.00528,1,1,2,1.332694,1.000000,2.910466,-0.017446,-0.017394,14.943893,8835,0.001164,0.074292,48956,19889,10982,6948,4841,3488,2675,2083,17611,1,1,1,1
23.0000,5516,1,1,61845,1,118769,0.520721,1,4,5,19,20725648,27.93920,0.00349,2.37010,0.00528,0,1,3,3.291357,2.468959,2.468959,-0.225400,-0.225184,14.736001,5528,0.015281,0.047140,49134,20374,10987,6946,4924,3473,2704,2180,18046,1,1,1,1
23.9000,5516,1,1,63371,1,121634,0.521002,5,5,8,23,473902,28.56298,0.00349,2.37010,0.00528,0,0,3,1.362155,1.191468,1.191468,-0.537225,-0.537169,14.423961,561,0.037241,0.004887,50414,20650,11475,7118,4956,3604,2764,2175,18477,1,1,1,1
22.3500,5517,1,1,60847,1,116780,0.521044,10,440,440,440,827570,27.48473,0.00299,2.36146,0.00741,0,1,3,33.116849,32.934086,32.934086,-0.002457,-0.001823,14.958616,9111,0.000122,0.076524,48428,20101,10729,6755,4838,3455,2642,2007,17824,1,1,1,1
22.4000,5517,1,1,61044,0,117212,0.520804,1,6,38,39,98991,27.51940,0.00299,2.36146,0.00741,1,0,2,1.218060,1.000000,1.930226,-0.019535,-0.019500,14.941951,8833,0.001305,0.074272,48787,19949,10912,6897,4632,3422,2658,2106,17848,1,1,1,1
23.0000,5517,1,1,61813,1,118377,0.522175,2,6,488,488,1162366,27.93539,0.00299,2.36146,0.00741,0,1,3,3.497549,2.895589,2.895589,-0.227570,-0.227343,14.734122,5522,0.015430,0.047086,48901,20375,10999,6816,4767,3493,2700,2133,18192,1,1,1,1
23.9000,5517,1,1,63486,0,121822,0.521142,1,24,24,24,235522,28.55919,0.00299,2.36146,0.00741,1,1,2,1.412744,1.000000,12.382413,-0.539599,-0.539536,14.421822,559,0.037411,0.004870,50473,20906,11325,7211,4911,3585,2761,2147,18502,1,1,1,1
22.3500,5518,1,1,60841,1,116636,0.521636,1,2,9,20,687948,27.48669,0.00380,2.36258,0.00631,0,1,3,2.037285,1.556201,1.556201,-0.000873,-0.000744,14.960457,9112,0.000050,0.076509,48255,19912,10910,6769,4836,3466,2630,2045,17812,1,1,1,1
22.4000,5518,1,1,61021,1,116859,0.522181,6,13,13,779,227967,27.52136,0.00380,2.36258,0.00631,0,1,3,3.884692,3.295240,3.295240,-0.018277,-0.018031,14.943427,8838,0.001207,0.074293,48179,19862,11042,6969,4717,3587,2690,2104,17708,1,1,1,1
23.0000,5518,1,1,62170,0,119242,0.521381,1,25,25,94,49795,27.93727,0.00380,2.36258,0.00631,1,1,2,1.065110,1.000000,1.793959,-0.226177,-0.226166,14.734826,5525,0.015349,0.047101,49807,20298,10938,6971,4754,3533,2672,2151,18117,1,1,1,1
23.9000,5518,1,1,63284,0,121874,0.519262,1,4,4,51,92089,28.56108,0.00380,2.36258,0.00631,1,1,2,1.352569,1.000000,2.097022,-0.538094,-0.538040,14.423375,559,0.037303,0.004868,50711,20672,11340,7189,4893,3651,2693,2179,18545,1,1,1,1
22.3500,5519,1,1,60714,0,116923,0.519269,1,4,4,87,330745,27.48676,0.00241,2.36313,0.00919,1,1,2,1.240341,1.000000,1.377176,-0.001480,-0.001441,14.959781,9113,0.000096,0.076507,48613,19853,10885,6855,4790,3355,2672,2059,17840,1,1,1,1
22.4000,5519,1,1,60787,1,116898,0.520005,1,9,9,169,72347,27.52142,0.00241,2.36313,0.00919,0,1,3,4.315971,3.680648,3.680648,-0.018901,-0.018636,14.942467,8836,0.001247,0.074267,48338,19908,10930,6971,4672,3466,2680,2159,17773,1,1,1,1
23.0000,5519,1,1,61974,0,119122,0.520261,2,2,19,111,154217,27.93739,0.00241,2.36313,0.00919,1,1,3,1.366482,1.000000,1.199127,-0.226774,-0.226718,14.734592,5524,0.015387,0.047085,49513,20177,11130,7045,4899,3502,2698,2133,18024,1,1,1,1
23.9000,5519,1,1,63201,1,121500,0.520177,1,11,36,117,47829,28.56121,0.00241,2.36313,0.00919,0,1,3,6.315048,5.236831,5.236831,-0.538825,-0.538491,14.422632,557,0.037337,0.004850,50397,20583,11379,7140,4844,3585,2739,2160,18672,1,1,1,1
22.3500,5520,1,1,60671,1,116525,0.520674,1,1,15,69,110036,27.49262,0.00176,2.36774,0.00566,0,1,3,1.720855,1.218180,1.218180,0.001054,0.001152,14.962527,9120,-0.000077,0.076538,47983,19980,10802,6969,4824,3503,2679,2107,17677,1,1,1,1
22.4000,5520,1,1,60704,0,116997,0.518855,8,4,631,631,695909,27.52727,0.00176,2.36774,0.00566,1,1,2,1.404300,1.000000,2.130801,-0.016325,-0.016264,14.945079,8842,0.001088,0.074291,48442,19779,10928,6989,4779,3533,2647,2157,17742,1,1,1,1
23.0000,5520,1,1,61741,1,118915,0.519207,1,1,16,51,770886,27.94316,0.00176,2.36774,0.00566,0,0,3,1.494174,1.100347,1.100347,-0.224209,-0.224136,14.737168,5531,0.015209,0.047128,49155,20172,11244,7043,4872,3516,2738,2115,18059,1,1,1,1
23.9000,5520,1,1,63161,1,121786,0.518627,1,4,50,344,535492,28.56699,0.00176,2.36774,0.00566,0,1,3,1.969821,1.605055,1.605055,-0.536162,-0.536040,14.425409,561,0.037159,0.004883,50420,20800,11400,7096,4973,3629,2721,2186,18560,1,1,1,1
22.3500,5521,1,1,61061,1,117146,0.521243,1,3,3,118,186873,27.48495,0.00455,2.36207,0.00831,0,1,3,1.789579,1.366688,1.366688,-0.001350,-0.001245,14.960183,9115,0.000083,0.076494,48695,19888,10863,7019,4703,3426,2674,2095,17782,1,1,1,1
22.4000,5521,1,1,60987,1,116865,0.521863,662,229,662,662,2704504,27.51960,0.00455,2.36207,0.00831,0,0,3,3.590960,3.589450,3.589450,-0.018763,-0.018532,14.941552,8839,0.001240,0.074270,48197,20028,10968,6913,4725,3484,2731,2157,17661,1,1,1,1
23.0000,5521,1,1,62231,1,119163,0.522239,65,8,65,158,212610,27.93554,0.00455,2.36207,0.00831,0,1,3,3.311896,3.057927,3.057927,-0.226718,-0.226501,14.734001,5528,0.015373,0.047104,49696,20252,10912,7046,4819,3573,2679,2134,18051,1,1,1,1
23.9000,5521,1,1,63299,1,121809,0.519662,2,2,6,84,164146,28.55926,0.00455,2.36207,0.00831,0,0,3,1.553530,1.268747,1.268747,-0.538493,-0.538414,14.422796,558,0.037331,0.004857,50509,20738,11439,7149,4939,3663,2719,2058,18594,1,1,1,1
22.3500,5522,1,1,61060,0,117013,0.521827,1,3,5,32,290344,27.48507,0.00188,2.36342,0.00865,1,1,2,1.335511,1.000000,1.541048,-0.002588,-0.002536,14.958753,9117,0.000170,0.076504,48641,19905,10820,6820,4793,3538,2671,2084,17740,1,1,1,1
22.4000,5522,1,1,60991,1,116972,0.521420,2,20,20,20,433700,27.51971,0.00188,2.36342,0.00865,0,1,3,9.478668,8.208082,8.208082,-0.020067,-0.019659,14.941817,8842,0.001316,0.074281,48617,19893,10912,6869,4777,3296,2638,2021,17948,1,1,1,1
23.0000,5522,1,1,61953,1,119034,0.520469,2,42,42,111,385470,27.93570,0.00188,2.36342,0.00865,0,1,3,11.634031,10.588621,10.588621,-0.228084,-0.227640,14.733837,5527,0.015450,0.047087,49303,20397,10958,7020,4882,3392,2754,2151,18176,1,1,1,1
23.9000,5522,1,1,63807,1,122212,0.522105,1,1,18,18,376583,28.55943,0.00188,2.36342,0.00865,0,0,3,1.322852,1.052829,1.052829,-0.539736,-0.539685,14.421785,559,0.037422,0.004865,50920,20766,11343,7153,4876,3629,2637,2223,18664,1,1,1,1
22.3500,5523,1,1,60867,1,116909,0.520640,3,8,12,84,120860,27.48522,0.00176,2.36344,0.00653,0,1,3,5.762415,4.419545,4.419545,-0.002759,-0.002441,14.959030,9118,0.000163,0.076497,48594,19874,10784,6820,4701,3502,2664,2119,17850,1,1,1,1
22.4000,5523,1,1,60731,1,116792,0.519997,9,4,191,191,164372,27.51986,0.00176,2.36344,0.00653,0,1,3,2.205339,1.844242,1.844242,-0.019999,-0.019856,14.941057,8844,0.001329,0.074288,48209,19938,10882,7104,4722,3483,2621,2042,17790,1,1,1,1
23.0000,5523,1,1,61736,0,118818,0.519589,1,2,56,57,144287,27.93577,0.00176,2.36344,0.00653,1,1,3,1.345791,1.000000,1.200447,-0.227916,-0.227862,14.733434,5528,0.015466,0.047088,49241,20138,11059,6949,4798,3519,2752,2120,18241,1,1,1,1
23.9000,5523,1,1,63571,1,121927,0.521390,2,14,91,113,395159,28.55951,0.00176,2.36344,0.00653,0,0,3,1.633640,1.271062,1.271062,-0.539791,-0.539702,14.421553,559,0.037423,0.004865,50525,20667,11389,7068,5030,3606,2798,2285,18558,1,1,1,1
22.3500,5524,1,1,61226,0,117107,0.522825,1,13,14,47,159845,27.48238,0.00188,2.35959,0.00703,1,1,2,1.248774,1.000000,4.161314,-0.004065,-0.004024,14.957205,9120,0.000269,0.076510,48437,20062,11145,6885,4687,3401,2646,2107,17736,1,1,1,1
22.4000,5524,1,1,60922,0,116980,0.520794,385,2,385,385,178115,27.51701,0.00188,2.35959,0.00703,1,1,3,1.349113,1.000000,1.141189,-0.021256,-0.021202,14.940214,8844,0.001419,0.074279,48786,19765,10724,6723,4805,3496,2668,2106,17906,1,1,1,1
23.0000,5524,1,1,62192,0,119166,0.521898,1,7,64,64,818183,27.93298,0.00188,2.35959,0.00703,1,1,2,1.243894,1.000000,2.299744,-0.229309,-0.229270,14.731956,5530,0.015563,0.047102,49261,20483,10990,7084,4824,3510,2741,2142,18130,1,1,1,1
23.9000,5524,1,1,63491,1,122011,0.520375,4,30,30,30,224932,28.55673,0.00188,2.35959,0.00703,0,1,3,12.487348,11.357144,11.357144,-0.541332,-0.540875,14.419865,558,0.037509,0.004856,50514,20788,11488,7317,4896,3614,2770,2213,18410,1,1,1,1
22.3500,5525,1,1,61090,0,117454,0.520123,446,52,446,446,131062,27.48378,0.00201,2.35893,0.00705,1,1,2,1.195240,1.000000,11.207553,-0.003346,-0.003314,14.957872,9118,0.000222,0.076476,48908,19935,10898,7018,4774,3466,2577,2176,17701,1,1,1,1
22.4000,5525,1,1,61113,1,117212,0.521393,15,11,28,98,217260,27.51854,0.00201,2.35893,0.00705,0,1,3,5.767055,4.846443,4.846443,-0.020646,-0.020329,14.941142,8841,0.001361,0.074235,48762,19912,10640,7018,4757,3535,2653,2085,17849,1,1,1,1
23.0000,5525,1,1,62280,0,119402,0.521604,1,16,276,276,1394701,27.93442,0.00201,2.35893,0.00705,1,1,2,1.311923,1.000000,6.175918,-0.228612,-0.228563,14.732865,5527,0.015514,0.047065,49637,20387,11159,7099,4786,3516,2782,2156,17879,1,1,1,1
23.9000,5525,1,1,63384,0,122228,0.518576,2,15,15,20,543091,28.55819,0.00201,2.35893,0.00705,1,0,2,1.147930,1.000000,2.542443,-0.540417,-0.540392,14.421073,554,0.037472,0.004820,50471,20901,11482,7159,5006,3720,2832,2135,18521,1,1,1,1
22.3500,5526,1,1,60876,0,116902,0.520748,2,1,14,16,94208,27.48552,0.00298,2.36027,0.00602,1,1,3,1.408512,1.000000,1.164513,-0.001866,-0.001804,14.959545,9127,0.000121,0.076529,48395,19911,10923,6901,4849,3440,2637,2135,17710,1,1,1,1
22.4000,5526,1,1,61324,0,117524,0.521804,5,44,44,44,175171,27.52014,0.00298,2.36027,0.00602,1,1,2,1.383064,1.000000,20.419852,-0.019435,-0.019376,14.941947,8851,0.001297,0.074302,48879,20130,10716,7017,4759,3455,2731,2087,17749,1,1,1,1
23.0000,5526,1,1,61912,0,119091,0.519876,1,15,2793,2793,577203,27.93608,0.00298,2.36027,0.00602,1,1,2,1.111501,1.000000,2.005710,-0.227192,-0.227173,14.733914,5535,0.015418,0.047121,49429,20283,11160,6905,4793,3596,2792,2147,17985,1,1,1,1
23.9000,5526,1,1,62919,1,121175,0.519245,1,3,10,51,85156,28.55986,0.00298,2.36027,0.00602,0,0,3,2.294583,1.825370,1.825370,-0.539075,-0.538925,14.422310,565,0.037367,0.004914,50033,20666,11237,7197,4836,3504,2798,2204,18699,1,1,1,1
