k,n,ok,brk,idx,parity,len,irat,pqat,pqnext,pqw5,pqw20,pqmax,logh11,logh22,logmz,logg0,incone,redst,jhi,rho,rho2,skew,loglam1,logcone,logq,v2qp,dinf,d2,q1,q2,q3,q4,q5,q6,q7,q8,q9,cY,cX,cIdx,intq
22.3500,6002,1,1,66143,1,127177,0.520090,5,28,782,782,1333874,27.48316,0.00162,2.38144,0.00843,0,1,3,2.899986,2.837715,2.837715,-0.003698,-0.003521,14.957978,9909,0.000235,0.076504,52637,21769,11950,7445,5176,3783,2928,2269,19219,1,1,1,1
22.4000,6002,1,1,66167,1,126717,0.522168,2,36,1302,1302,9838777,27.51780,0.00162,2.38144,0.00843,0,1,3,7.587593,7.158084,7.158084,-0.021099,-0.020761,14.940234,9610,0.001390,0.074284,52758,21398,11763,7374,5172,3797,2743,2287,19424,1,1,1,1
23.0000,6002,1,1,67387,1,129335,0.521031,9,2,96,96,41213,27.93378,0.00162,2.38144,0.00843,0,1,3,1.670995,1.408589,1.408589,-0.228952,-0.228867,14.732140,6005,0.015535,0.047074,53603,21970,12132,7626,5367,3958,2963,2255,19460,1,1,1,1
23.9000,6002,1,1,69020,0,132123,0.522396,1,1,6,116,511951,28.55752,0.00162,2.38144,0.00843,1,0,3,1.354135,1.000000,1.150909,-0.540805,-0.540754,14.420677,606,0.037499,0.004853,55003,22094,12149,7926,5406,4015,2993,2407,20129,1,1,1,1
22.3500,6014,1,1,66545,1,127854,0.520481,3,9,42,76,283888,27.47975,0.00465,2.38476,0.00927,0,1,3,2.150571,1.528069,1.308489,-0.003800,-0.003673,14.957731,9927,0.000246,0.076492,53147,21644,12038,7622,5159,3845,2855,2363,19180,1,1,1,1
22.4000,6014,1,1,66444,0,127354,0.521731,1,3,69,229,320224,27.51444,0.00465,2.38476,0.00927,1,0,3,1.226734,1.000000,1.004939,-0.021122,-0.021088,14.940375,9624,0.001411,0.074243,52962,21490,12066,7385,5151,3803,2885,2296,19315,1,1,1,1
23.0000,6014,1,1,67464,0,129176,0.522268,3,2,86,230,999731,27.93040,0.00465,2.38476,0.00927,1,1,2,1.414189,1.000000,1.529854,-0.229138,-0.229080,14.732309,6015,0.015550,0.047057,53528,21896,12011,7638,5115,3825,2991,2258,19913,1,1,1,1
23.9000,6014,1,1,69117,1,132761,0.520616,8,15,21,27,242664,28.55416,0.00465,2.38476,0.00927,0,0,3,2.257553,2.148125,2.148125,-0.541048,-0.540913,14.420091,603,0.037511,0.004820,55054,22650,12243,7942,5385,3924,3008,2415,20139,1,1,1,1
22.3500,6026,1,1,66813,1,127683,0.523277,1,12,15,1123,270884,27.47833,0.00489,2.38276,0.00753,0,0,3,4.135250,3.604369,3.604369,-0.004561,-0.004325,14.956851,9944,0.000289,0.076475,53143,21682,11828,7526,5212,3715,2907,2321,19348,1,1,1,1
22.4000,6026,1,1,66325,1,127619,0.519715,1,4,387,606,8431761,27.51295,0.00489,2.38276,0.00753,0,1,3,3.201214,2.444213,2.444213,-0.021841,-0.021648,14.939854,9643,0.001449,0.074244,52867,21804,11736,7545,5230,3833,2813,2339,19451,1,1,1,1
23.0000,6026,1,1,67237,1,129378,0.519698,1,7,15,78,1857892,27.92889,0.00489,2.38276,0.00753,0,0,3,2.207290,1.633332,1.633332,-0.229771,-0.229640,14.731687,6027,0.015588,0.047059,53455,22005,12264,7621,5142,3893,2900,2408,19689,1,1,1,1
23.9000,6026,1,1,69137,1,132978,0.519917,1,18,18,338,348669,28.55267,0.00489,2.38276,0.00753,0,1,3,3.266442,2.837495,2.837495,-0.541713,-0.541517,14.419961,605,0.037553,0.004826,55189,22615,12582,7746,5359,3903,2962,2349,20272,1,1,1,1
22.3500,6038,1,1,66280,0,127936,0.518076,1,5,5,105,55339,27.47354,0.00228,2.37735,0.00844,1,1,3,1.152842,1.000000,1.080348,-0.008129,-0.008106,14.953078,9968,0.000542,0.076526,53080,21737,11933,7600,5274,3781,2969,2324,19237,1,1,1,1
22.4000,6038,1,1,66844,0,127934,0.522492,334,6,337,337,825391,27.50821,0.00228,2.37735,0.00844,1,1,2,1.377827,1.000000,2.914739,-0.025552,-0.025498,14.935925,9666,0.001707,0.074293,53009,21760,11889,7615,5070,3869,2936,2381,19404,1,1,1,1
23.0000,6038,1,1,67556,0,129799,0.520470,1,47,68,551,1047734,27.92412,0.00228,2.37735,0.00844,1,1,2,1.054897,1.000000,2.747210,-0.233502,-0.233493,14.728001,6044,0.015854,0.047110,54146,22016,11833,7693,5211,3739,2831,2308,20021,1,1,1,1
23.9000,6038,1,1,69167,1,133104,0.519650,1,2,8,39,1816577,28.54793,0.00228,2.37735,0.00844,0,0,3,2.161030,1.633259,1.633259,-0.545361,-0.545234,14.416077,609,0.037821,0.004850,55073,22794,12376,7872,5432,3900,3074,2410,20172,1,1,1,1
22.3500,6050,1,1,66580,0,127842,0.520803,1,36,67,67,1241826,27.48054,0.00183,2.38050,0.00585,1,1,2,1.049115,1.000000,1.940622,-0.004887,-0.004879,14.956123,9985,0.000326,0.076489,53031,21806,11790,7551,5239,3852,2845,2270,19457,1,1,1,1
22.4000,6050,1,1,66461,1,127579,0.520944,2,6,16,20,337869,27.51525,0.00183,2.38050,0.00585,0,0,3,2.503406,2.093385,2.093385,-0.022253,-0.022101,14.939123,9686,0.001479,0.074283,52654,21618,11997,7337,5303,3834,2930,2313,19592,1,1,1,1
23.0000,6050,1,1,68064,0,130483,0.521635,2,106,344,344,60021,27.93114,0.00183,2.38050,0.00585,1,1,2,1.412453,1.000000,53.330680,-0.230465,-0.230408,14.730990,6051,0.015641,0.047061,54196,22152,12102,7834,5263,3870,3007,2330,19728,1,1,1,1
23.9000,6050,1,1,69568,0,133317,0.521828,16,9,18,57,2128721,28.55497,0.00183,2.38050,0.00585,1,1,2,1.381055,1.000000,4.486119,-0.542176,-0.542123,14.419225,606,0.037597,0.004815,55457,22480,12360,7838,5435,4041,3113,2230,20362,1,1,1,1
22.3500,6062,1,1,66752,0,128125,0.520995,1,20,28,28,63632,27.47654,0.00254,2.38085,0.00616,1,0,2,1.134671,1.000000,3.074042,-0.006549,-0.006529,14.954953,10008,0.000437,0.076519,53217,21893,11922,7468,5193,3785,2902,2295,19449,1,1,1,1
22.4000,6062,1,1,66812,0,128401,0.520343,3,8,57,257,618798,27.51118,0.00254,2.38085,0.00616,1,1,2,1.412946,1.000000,4.268066,-0.023900,-0.023843,14.937553,9713,0.001596,0.074350,53335,21803,11944,7668,5162,3797,2831,2274,19586,1,1,1,1
23.0000,6062,1,1,68224,0,130709,0.521957,2,713,713,713,53994,27.92716,0.00254,2.38085,0.00616,1,1,2,1.233617,1.000000,186.257118,-0.232202,-0.232167,14.729296,6067,0.015762,0.047098,54488,22079,12098,7799,5357,3847,2948,2284,19808,1,1,1,1
23.9000,6062,1,1,69766,0,133903,0.521023,1,2,68,2718,102961,28.55090,0.00254,2.38085,0.00616,1,0,3,1.370326,1.000000,1.336162,-0.543665,-0.543613,14.417814,612,0.037704,0.004854,55632,22666,12493,7987,5412,4006,3078,2343,20285,1,1,1,1
22.3500,6074,1,1,67079,1,128662,0.521362,6,7,9,325,619245,27.46707,0.00160,2.37621,0.00668,0,1,3,5.466229,3.882484,3.882484,-0.011749,-0.011470,14.950022,10024,0.000767,0.076516,53666,21635,11875,7591,5269,3794,3025,2325,19481,1,1,1,1
22.4000,6074,1,1,67200,0,128352,0.523564,1,48,48,298,72314,27.50176,0.00160,2.37621,0.00668,1,1,2,1.333135,1.000000,19.329738,-0.029227,-0.029180,14.932260,9720,0.001954,0.074283,53260,21741,11977,7603,5203,3741,2884,2284,19658,1,1,1,1
23.0000,6074,1,1,67892,0,130563,0.519998,2,24,173,173,690007,27.91772,0.00160,2.37621,0.00668,1,1,2,1.183237,1.000000,4.957095,-0.237093,-0.237066,14.724407,6075,0.016100,0.047082,54056,22167,12199,7700,5500,3837,2871,2347,19885,1,1,1,1
23.9000,6074,1,1,70047,1,134245,0.521789,2,3,24,120,291446,28.54148,0.00160,2.37621,0.00668,0,0,3,2.002045,1.689996,1.689996,-0.548885,-0.548771,14.412446,610,0.038076,0.004830,55975,22734,12542,7726,5526,3989,3037,2383,20332,1,1,1,1
22.3500,6086,1,1,67067,1,128863,0.520456,2,17,17,1132,72474,27.47421,0.00159,2.37932,0.00535,0,1,3,3.348030,3.099050,3.099050,-0.008253,-0.008054,14.953437,10046,0.000539,0.076515,53500,22097,12018,7542,5204,3830,2841,2316,19514,1,1,1,1
22.4000,6086,1,1,67485,1,129177,0.522427,1,52,52,304,1236122,27.50883,0.00159,2.37932,0.00535,0,1,3,3.551310,2.920578,2.897138,-0.025558,-0.025350,14.935893,9741,0.001697,0.074279,53487,22129,12119,7552,5200,3875,2996,2313,19505,1,1,1,1
23.0000,6086,1,1,68014,0,130700,0.520387,14,5,83,83,318918,27.92477,0.00159,2.37932,0.00535,1,1,2,1.384595,1.000000,2.406977,-0.233509,-0.233456,14.727966,6089,0.015851,0.047087,53809,22367,12118,7962,5474,3814,2965,2317,19873,1,1,1,1
23.9000,6086,1,1,69879,1,134337,0.520181,1,9,22,44,85128,28.54855,0.00159,2.37932,0.00535,0,0,3,2.132352,1.653923,1.653923,-0.545372,-0.545247,14.416045,612,0.037822,0.004835,55843,22652,12670,7900,5453,3950,3099,2383,20386,1,1,1,1
22.3500,6098,1,1,67162,0,128479,0.522751,1,1,36,292,384421,27.48218,0.00182,2.37682,0.00800,1,1,3,1.318261,1.000000,1.168935,-0.004047,-0.004002,14.957500,10063,0.000268,0.076473,53085,21907,12020,7460,5171,3877,2924,2293,19741,1,1,1,1
22.4000,6098,1,1,67271,1,129200,0.520677,1,1,4,188,545744,27.51685,0.00182,2.37682,0.00800,0,0,3,1.440973,1.047958,1.047958,-0.021376,-0.021316,14.940030,9757,0.001427,0.074234,53649,21967,11878,7741,5236,3962,2910,2305,19551,1,1,1,1
23.0000,6098,1,1,68567,1,130874,0.523920,2,23,23,50,331113,27.93276,0.00182,2.37682,0.00800,0,0,3,2.533818,2.148842,2.148842,-0.229390,-0.229237,14.731976,6099,0.015561,0.047058,54203,22060,12263,7689,5258,3891,2937,2403,20169,1,1,1,1
23.9000,6098,1,1,70225,1,134705,0.521328,1,101,101,101,399242,28.55657,0.00182,2.37682,0.00800,0,1,3,12.135886,11.581885,11.581885,-0.541433,-0.541024,14.419971,609,0.037519,0.004801,56032,22681,12664,8063,5467,3962,3008,2496,20331,1,1,1,1
22.3500,6110,1,1,67406,0,129186,0.521779,1,26,26,32,131125,27.48105,0.00147,2.37650,0.00652,1,0,2,1.065242,1.000000,1.911580,-0.004802,-0.004792,14.956703,10083,0.000320,0.076478,53729,21867,11940,7620,5255,3878,2904,2342,19650,1,1,1,1
22.4000,6110,1,1,67253,1,129608,0.518899,1,5,39,61,210486,27.51577,0.00147,2.37650,0.00652,0,1,3,1.823680,1.486612,1.486612,-0.022141,-0.022043,14.939423,9782,0.001475,0.074281,53802,22059,12208,7705,5169,3925,2863,2293,19583,1,1,1,1
23.0000,6110,1,1,68631,1,131798,0.520733,1,9,55,971,21614253,27.93165,0.00147,2.37650,0.00652,0,0,3,3.379243,2.903482,2.903482,-0.230140,-0.229940,14.731259,6111,0.015609,0.047061,54830,22504,12083,7691,5294,4027,2985,2367,20016,1,1,1,1
23.9000,6110,1,1,70160,0,134682,0.520935,1,2,65,65,1156108,28.55549,0.00147,2.37650,0.00652,1,1,2,1.303005,1.000000,1.444312,-0.541996,-0.541952,14.419349,614,0.037585,0.004831,55706,23023,12699,7940,5443,3973,3019,2455,20423,1,1,1,1
22.3500,6122,1,1,67750,0,129606,0.522742,1,3,23,23,386524,27.48397,0.00220,2.39196,0.00680,1,1,2,1.380161,1.000000,1.684342,-0.002942,-0.002890,14.958535,10100,0.000193,0.076448,54060,21955,11957,7580,5308,3829,2980,2319,19617,1,1,1,1
22.4000,6122,1,1,67467,1,129319,0.521714,1,3,115,115,1091539,27.51862,0.00220,2.39196,0.00680,0,1,3,2.672222,2.023434,2.023434,-0.020284,-0.020123,14.941322,9797,0.001347,0.074240,53460,22255,11997,7624,5125,3874,2868,2305,19810,1,1,1,1
23.0000,6122,1,1,68235,1,131502,0.518893,1,17,40,105,126217,27.93460,0.00220,2.39196,0.00680,0,1,3,8.392154,7.203159,7.203159,-0.228377,-0.228030,14.733066,6119,0.015477,0.047024,54731,22127,12104,7842,5319,4037,3056,2352,19933,1,1,1,1
23.9000,6122,1,1,70280,0,134822,0.521284,1,27,27,44,716522,28.55834,0.00220,2.39196,0.00680,1,0,2,1.153606,1.000000,4.707708,-0.540213,-0.540190,14.421290,615,0.037458,0.004828,55847,23006,12523,7863,5459,4037,3053,2420,20613,1,1,1,1
22.3500,6134,1,1,67634,0,130052,0.520058,1,15,15,73,194958,27.49206,0.00261,2.38800,0.00565,1,1,2,1.316799,1.000000,6.015600,0.001223,0.001268,14.962580,10123,-0.000085,0.076451,54190,22110,12132,7591,5246,3876,2909,2324,19673,1,1,1,1
22.4000,6134,1,1,67999,1,130066,0.522808,1,10,265,265,3649053,27.52676,0.00261,2.38800,0.00565,0,1,3,7.728808,5.814333,5.814333,-0.016120,-0.015786,14.945331,9816,0.001056,0.074218,54245,21934,12055,7757,5235,3770,3012,2236,19821,1,1,1,1
23.0000,6134,1,1,68752,0,132028,0.520742,26,3,156,156,124854,27.94271,0.00261,2.38800,0.00565,1,1,2,1.403953,1.000000,1.893893,-0.224005,-0.223950,14.737422,6136,0.015196,0.047048,54635,22567,12317,7797,5415,3908,3018,2374,19996,1,1,1,1
23.9000,6134,1,1,70586,0,135214,0.522036,20,2,29,64,833537,28.56648,0.00261,2.38800,0.00565,1,1,3,1.373435,1.000000,1.063747,-0.535832,-0.535780,14.425567,619,0.037141,0.004849,56215,22947,12407,7891,5566,4055,3090,2391,20651,1,1,1,1
22.3500,6146,1,1,67950,0,130037,0.522548,1,10,23,46,971095,27.49091,0.00180,2.38612,0.00479,1,1,3,1.097121,1.000000,1.106032,0.000290,0.000305,14.961425,10151,-0.000020,0.076519,54114,21919,12130,7597,5327,3921,2958,2288,19782,1,1,1,1
22.4000,6146,1,1,67984,0,130319,0.521678,1,1,11,106,95000,27.52553,0.00180,2.38612,0.00479,1,0,3,1.413791,1.000000,1.008431,-0.017012,-0.016956,14.944441,9843,0.001135,0.074282,54220,21916,12184,7820,5168,3960,2894,2244,19912,1,1,1,1
23.0000,6146,1,1,69140,0,132679,0.521111,3,2,39,65,53244,27.94146,0.00180,2.38612,0.00479,1,1,3,1.381424,1.000000,1.247009,-0.224993,-0.224940,14.736413,6156,0.015264,0.047113,55276,22448,12388,7820,5362,3869,3000,2269,20246,1,1,1,1
23.9000,6146,1,1,70858,0,136029,0.520907,1,21,27,146,101658,28.56525,0.00180,2.38612,0.00479,1,1,2,1.158133,1.000000,3.821446,-0.536984,-0.536960,14.424237,624,0.037226,0.004879,56636,23169,12806,7958,5328,4151,3120,2440,20420,1,1,1,1
22.3500,6158,1,1,67979,1,130240,0.521956,1,55,55,109,117699,27.50417,0.00169,2.38336,0.00580,0,1,3,2.806044,2.397382,2.397382,0.006823,0.006991,14.968468,10168,-0.000467,0.076462,54136,22175,12118,7593,5189,3914,2887,2383,19844,1,1,1,1
22.4000,6158,1,1,67978,0,130399,0.521312,3,2,18,31,225951,27.53884,0.00169,2.38336,0.00580,1,1,3,1.336627,1.000000,1.000177,-0.010438,-0.010391,14.950934,9860,0.000695,0.074233,53921,22182,12260,7633,5315,3901,3018,2331,19837,1,1,1,1
23.0000,6158,1,1,69431,1,132864,0.522576,1,5,8,1199,106176,27.95475,0.00169,2.38336,0.00580,0,1,3,4.259868,3.241857,3.241857,-0.218492,-0.218256,14.742957,6166,0.014804,0.047077,55203,22395,12326,7829,5461,3959,3076,2428,20186,1,1,1,1
23.9000,6158,1,1,70592,0,135880,0.519521,1,3,4,18,746428,28.57856,0.00169,2.38336,0.00580,1,0,2,1.330572,1.000000,1.463348,-0.530332,-0.530286,14.431158,623,0.036746,0.004859,56448,23123,12718,7934,5561,3925,3075,2465,20630,1,1,1,1
22.3500,6170,1,1,68037,1,130664,0.520706,8,335,335,335,48700,27.50036,0.00289,2.38864,0.00545,0,1,3,229.934818,167.687227,167.687227,0.005201,0.006082,14.966309,10186,-0.000406,0.076459,54415,22079,12264,7525,5239,3921,2996,2317,19907,1,1,1,1
22.4000,6170,1,1,68334,0,130649,0.523039,1,1,23,187,1241650,27.53508,0.00289,2.38864,0.00545,1,1,3,1.349123,1.000000,1.015443,-0.011740,-0.011691,14.949642,9880,0.000782,0.074245,54274,22303,12033,7627,5349,3784,2935,2398,19945,1,1,1,1
23.0000,6170,1,1,69502,0,133443,0.520841,3,16,37,78,585695,27.95096,0.00289,2.38864,0.00545,1,1,2,1.270657,1.000000,5.154927,-0.219818,-0.219779,14.741506,6175,0.014909,0.047058,55457,22743,12418,7935,5435,3943,3037,2382,20092,1,1,1,1
23.9000,6170,1,1,70991,1,136198,0.521238,2,6,16,16,246949,28.57480,0.00289,2.38864,0.00545,0,1,3,2.552169,2.304477,2.304477,-0.531668,-0.531517,14.429981,622,0.036834,0.004842,56513,23279,12567,8025,5557,4106,3056,2478,20616,1,1,1,1
22.3500,6182,1,1,68248,0,130807,0.521750,5,7,8,196,448468,27.49786,0.00244,2.38360,0.00548,1,1,2,1.406452,1.000000,3.745499,0.004055,0.004111,14.965521,10207,-0.000275,0.076472,54185,22291,12179,7709,5286,3922,2992,2354,19888,1,1,1,1
22.4000,6182,1,1,68192,0,130933,0.520820,1,21,155,155,290441,27.53251,0.00244,2.38360,0.00548,1,1,2,1.345200,1.000000,8.988126,-0.013338,-0.013290,14.948040,9897,0.000889,0.074236,54284,22322,12247,7680,5394,3891,3053,2279,19782,1,1,1,1
23.0000,6182,1,1,69256,0,133139,0.520182,1,1,21,30,320433,27.94849,0.00244,2.38360,0.00548,1,0,3,1.411469,1.000000,1.283659,-0.221167,-0.221111,14.740293,6191,0.015000,0.047092,55149,22650,12655,7767,5298,3790,3068,2396,20365,1,1,1,1
23.9000,6182,1,1,70724,0,136148,0.519468,3,12,23,108,1824861,28.57223,0.00244,2.38360,0.00548,1,1,2,1.321093,1.000000,4.950636,-0.533151,-0.533105,14.428211,625,0.036949,0.004857,56444,23067,12681,8092,5473,4011,3063,2500,20816,1,1,1,1
22.3500,6194,1,1,68594,0,131287,0.522478,1,32,534,534,196080,27.49210,0.00179,2.37634,0.00558,1,1,2,1.087088,1.000000,3.066565,0.000889,0.000902,14.962009,10226,-0.000060,0.076484,54642,22342,12120,7766,5256,3914,2995,2351,19900,1,1,1,1
22.4000,6194,1,1,68600,0,131700,0.520885,30,2,30,38,501496,27.52679,0.00179,2.37634,0.00558,1,1,3,1.411193,1.000000,1.167468,-0.016379,-0.016323,14.945082,9916,0.001092,0.074249,54942,22221,12207,7830,5319,3997,2950,2390,19843,1,1,1,1
23.0000,6194,1,1,69359,1,133401,0.519933,4,1,54,54,78795,27.94274,0.00179,2.37634,0.00558,0,1,3,1.504603,1.071933,1.071933,-0.224350,-0.224284,14.737130,6199,0.015219,0.047072,55193,22846,12325,7874,5418,3990,3042,2382,20330,1,1,1,1
23.9000,6194,1,1,71140,0,136746,0.520238,1,253,253,253,1577827,28.56651,0.00179,2.37634,0.00558,1,1,2,1.023968,1.000000,6.167352,-0.536374,-0.536370,14.425133,625,0.037183,0.004849,56780,23107,12835,8097,5570,3966,3094,2423,20873,1,1,1,1
22.3500,6206,1,1,68335,1,131134,0.521112,1,2,164,164,223972,27.49166,0.00329,2.37007,0.00514,0,1,3,2.227702,1.722753,1.722753,0.001377,0.001506,14.962960,10243,-0.000101,0.076458,54403,22248,12148,7803,5289,3869,3073,2352,19948,1,1,1,1
22.4000,6206,1,1,68599,1,131397,0.522078,4,2,111,292,73674,27.52628,0.00329,2.37007,0.00514,0,1,3,1.790567,1.287273,1.287273,-0.015913,-0.015819,14.945604,9933,0.001058,0.074230,54514,22133,12247,7736,5499,3905,2989,2392,19981,1,1,1,1
23.0000,6206,1,1,69391,1,133220,0.520879,3,3,20,24,276572,27.94221,0.00329,2.37007,0.00514,0,1,3,2.323365,1.766516,1.766516,-0.223905,-0.223769,14.737719,6209,0.015183,0.047055,55143,22562,12402,7944,5420,4019,2997,2473,20259,1,1,1,1
23.9000,6206,1,1,71276,0,136628,0.521683,2,242,242,242,167821,28.56600,0.00329,2.37007,0.00514,1,1,2,1.049866,1.000000,12.410004,-0.535956,-0.535948,14.425072,624,0.037154,0.004831,56270,23267,12828,8047,5509,4091,3154,2421,21040,1,1,1,1
22.3500,6218,1,1,68484,0,131209,0.521950,8,2,215,215,58733,27.48672,0.00276,2.38020,0.00602,1,1,3,1.410408,1.000000,1.251440,-0.001307,-0.001252,14.960155,10261,0.000084,0.076459,54204,22226,12472,7772,5328,3812,2990,2374,20030,1,1,1,1
22.4000,6218,1,1,68511,1,131855,0.519597,4,43,232,232,159419,27.52139,0.00276,2.38020,0.00602,0,1,3,17.304842,15.755538,15.755538,-0.018845,-0.018386,14.943118,9950,0.001230,0.074226,54481,22721,12305,7709,5498,3800,2956,2327,20057,1,1,1,1
23.0000,6218,1,1,69830,0,134115,0.520676,1,1,51,51,100526,27.93730,0.00276,2.38020,0.00602,1,0,3,1.401230,1.000000,1.132419,-0.226588,-0.226534,14.734882,6219,0.015374,0.047049,55836,22705,12473,7806,5419,4080,3016,2315,20464,1,1,1,1
23.9000,6218,1,1,71441,1,137221,0.520631,1,19,42,42,278691,28.56111,0.00276,2.38020,0.00602,0,0,3,3.731942,3.112424,3.112424,-0.538575,-0.538363,14.422875,623,0.037327,0.004815,56808,23331,12861,8177,5644,4201,3152,2419,20627,1,1,1,1
22.3500,6230,1,1,68443,1,132151,0.517919,1,13,13,49,2361824,27.50004,0.00145,2.39156,0.00467,0,0,3,3.687353,3.139047,3.139047,0.004645,0.004855,14.966073,10289,-0.000324,0.076490,54574,22688,12434,7897,5539,3954,3045,2351,19668,1,1,1,1
22.4000,6230,1,1,68571,1,132060,0.519245,2,1638,1638,1638,138033,27.53476,0.00145,2.39156,0.00467,0,1,3,56.461659,55.624012,55.624012,-0.012942,-0.012295,14.949210,9978,0.000822,0.074261,55040,22680,12164,7551,5319,3929,3098,2352,19926,1,1,1,1
23.0000,6230,1,1,70003,1,134087,0.522075,1,15,24,41,528925,27.95064,0.00145,2.39156,0.00467,0,1,3,6.373245,5.445850,5.445850,-0.220700,-0.220402,14.740791,6240,0.014952,0.047098,55548,22620,12759,7882,5487,4002,2973,2449,20366,1,1,1,1
23.9000,6230,1,1,71679,1,137659,0.520703,5,7,12,72,305213,28.57448,0.00145,2.39156,0.00467,0,0,3,1.483942,1.323008,1.323008,-0.532502,-0.532439,14.428723,633,0.036901,0.004881,57430,23213,12591,8219,5605,4107,3141,2415,20937,1,1,1,1
22.3500,6242,1,1,68850,0,131985,0.521654,3,60,60,60,227716,27.48881,0.00303,2.37790,0.00808,1,1,2,1.413983,1.000000,30.456908,-0.000340,-0.000284,14.961115,10305,0.000019,0.076487,54686,22327,12383,7947,5298,3877,3066,2384,20016,1,1,1,1
22.4000,6242,1,1,69042,0,132350,0.521666,1,10,66,491,209788,27.52345,0.00303,2.37790,0.00808,1,1,2,1.250462,1.000000,3.159773,-0.017481,-0.017445,14.943831,9993,0.001167,0.074257,54974,22481,12314,7844,5391,3896,2960,2464,20025,1,1,1,1
23.0000,6242,1,1,69808,0,134451,0.519212,1,7,52,272,210351,27.93943,0.00303,2.37790,0.00808,1,1,2,1.345564,1.000000,3.377212,-0.225475,-0.225428,14.736014,6247,0.015298,0.047075,55765,22649,12530,8039,5507,4037,3066,2559,20298,1,1,1,1
23.9000,6242,1,1,71581,1,137611,0.520173,1,501,501,501,170084,28.56318,0.00303,2.37790,0.00808,0,1,3,300.454322,240.549631,240.549631,-0.537689,-0.536775,14.423702,630,0.037215,0.004850,57239,23320,12746,8217,5533,4002,3056,2413,21084,1,1,1,1
22.3500,6254,1,1,68736,0,131859,0.521288,1,2,64,64,1721462,27.49496,0.00269,2.38580,0.00614,1,0,3,1.360088,1.000000,1.123726,0.002854,0.002903,14.964340,10325,-0.000194,0.076472,54667,22356,12118,7634,5543,3860,3007,2400,20273,1,1,1,1
22.4000,6254,1,1,69156,0,132712,0.521102,1,6,26,26,30826,27.52965,0.00269,2.38580,0.00614,1,0,2,1.208155,1.000000,1.576208,-0.014517,-0.014487,14.946986,10012,0.000969,0.074239,55235,22631,12351,7894,5257,3884,2975,2434,20050,1,1,1,1
23.0000,6254,1,1,70423,1,135074,0.521370,2,7,24,161,1380912,27.94561,0.00269,2.38580,0.00614,0,1,3,2.893300,2.293376,2.293376,-0.222526,-0.222356,14.739107,6259,0.015086,0.047065,56134,22845,12764,8032,5515,3940,3017,2396,20430,1,1,1,1
23.9000,6254,1,1,71650,0,137987,0.519256,1,32,32,32,418319,28.56937,0.00269,2.38580,0.00614,1,1,2,1.167354,1.000000,6.065338,-0.534486,-0.534461,14.427019,635,0.037046,0.004878,57312,23255,12973,8081,5706,4064,3226,2520,20849,1,1,1,1
22.3500,6266,1,1,69341,1,132470,0.523451,2,4,31,31,1784010,27.50830,0.00177,2.38587,0.00779,0,1,3,2.358679,1.860887,1.860887,0.008937,0.009074,14.970536,10342,-0.000606,0.076419,54811,22450,12445,7838,5442,4006,3011,2399,20067,1,1,1,1
22.4000,6266,1,1,69439,1,132902,0.522487,1,2,99,99,272056,27.54293,0.00177,2.38587,0.00779,0,1,3,2.009185,1.426650,1.426650,-0.008350,-0.008239,14.953173,10027,0.000551,0.074178,55316,22426,12343,7706,5524,3951,3092,2312,20231,1,1,1,1
23.0000,6266,1,1,70366,0,135046,0.521056,2,191,191,191,819640,27.95886,0.00177,2.38587,0.00779,1,1,2,1.008513,1.000000,1.690640,-0.216331,-0.216330,14.744417,6267,0.014672,0.047018,55773,22963,12728,7952,5597,3937,3113,2381,20601,1,1,1,1
23.9000,6266,1,1,71874,0,137927,0.521106,1,10,31,93,351452,28.58265,0.00177,2.38587,0.00779,1,1,2,1.370221,1.000000,5.090844,-0.528315,-0.528265,14.433169,628,0.036601,0.004813,57082,23606,12739,8148,5650,4071,3067,2463,21100,1,1,1,1
22.3500,6278,1,1,69481,1,132878,0.522897,1,5,8,39,736352,27.51114,0.00177,2.38469,0.00544,0,1,3,3.476156,2.812627,2.812627,0.010346,0.010545,14.972039,10364,-0.000704,0.076428,55122,22617,12183,7813,5487,3992,3015,2419,20229,1,1,1,1
22.4000,6278,1,1,69293,1,132831,0.521667,1,3,9,60,544480,27.54581,0.00177,2.38469,0.00544,0,1,3,1.958239,1.663383,1.663383,-0.006946,-0.006838,14.954652,10052,0.000457,0.074213,54986,22779,12311,7801,5366,3914,2973,2312,20388,1,1,1,1
23.0000,6278,1,1,70705,1,135100,0.523357,1,29,29,43,231449,27.96172,0.00177,2.38469,0.00544,0,1,3,13.094662,11.735803,11.735803,-0.215058,-0.214648,14.746859,6283,0.014556,0.047040,56041,22899,12520,7912,5465,4097,3111,2371,20683,1,1,1,1
23.9000,6278,1,1,72120,0,138648,0.520170,4,9,9,34,623471,28.58553,0.00177,2.38469,0.00544,1,1,2,1.133907,1.000000,1.360278,-0.526791,-0.526771,14.434409,633,0.036494,0.004842,57537,23581,12952,8217,5689,4106,3123,2487,20955,1,1,1,1
22.3500,6290,1,1,69034,0,132423,0.521318,3,2,40,132,127013,27.50074,0.00198,2.38978,0.00606,1,1,2,1.408147,1.000000,1.523878,0.005326,0.005380,14.966793,10380,-0.000359,0.076426,54570,22562,12379,7722,5402,3945,3093,2406,20343,1,1,1,1
22.4000,6290,1,1,69784,0,133390,0.523162,10,67,67,67,367080,27.53546,0.00198,2.38978,0.00606,1,1,2,1.412835,1.000000,33.587525,-0.012276,-0.012221,14.949170,10065,0.000818,0.074194,55434,22703,12421,7903,5435,3912,3022,2375,20184,1,1,1,1
23.0000,6290,1,1,70737,1,135417,0.522368,2,33,33,227,108205,27.95134,0.00198,2.38978,0.00606,0,1,3,17.808599,15.074601,15.074601,-0.220157,-0.219699,14.741207,6291,0.014904,0.047029,56074,22819,12702,8103,5692,3964,3036,2454,20572,1,1,1,1
23.9000,6290,1,1,72741,1,138958,0.523478,4,20,35,35,155091,28.57518,0.00198,2.38978,0.00606,0,0,3,4.020539,3.825742,3.825742,-0.531963,-0.531742,14.429290,630,0.036852,0.004811,57741,23563,12971,8237,5710,3979,3143,2477,21136,1,1,1,1
22.3500,6302,1,1,69783,1,133917,0.521095,4,4,22,76,403764,27.49257,0.00176,2.38033,0.00828,0,1,3,3.287034,2.469906,2.469906,0.001111,0.001300,14.962784,10405,-0.000087,0.076485,55775,22912,12407,7749,5483,3943,3007,2411,20229,1,1,1,1
22.4000,6302,1,1,69586,0,134094,0.518938,1,9,9,91,196720,27.52721,0.00176,2.38033,0.00828,1,1,2,1.389328,1.000000,4.952584,-0.016269,-0.016216,14.945210,10085,0.001085,0.074220,55740,22915,12560,7827,5485,3946,3014,2424,20182,1,1,1,1
23.0000,6302,1,1,70828,0,135520,0.522643,1,4,12,298,181780,27.94319,0.00176,2.38033,0.00828,1,1,2,1.384629,1.000000,2.514210,-0.224203,-0.224152,14.737210,6305,0.015210,0.047056,56070,22920,12693,7982,5481,4036,3100,2486,20751,1,1,1,1
23.9000,6302,1,1,72676,0,139608,0.520576,1,28,28,28,79252,28.56693,0.00176,2.38033,0.00828,1,1,2,1.171023,1.000000,5.485259,-0.536137,-0.536112,14.425107,633,0.037165,0.004826,58070,23850,13046,8231,5701,4229,3075,2509,20896,1,1,1,1
22.3500,6314,1,1,69710,0,133712,0.521348,1,45,125,520,3047633,27.49259,0.00464,2.39036,0.00590,1,1,2,1.086199,1.000000,4.131462,0.002545,0.002558,14.963673,10417,-0.000171,0.076423,55190,22908,12543,7925,5542,4057,3057,2308,20181,1,1,1,1
22.4000,6314,1,1,69783,1,133574,0.522433,1,2,5,59,146989,27.52728,0.00464,2.39036,0.00590,0,1,3,1.259017,1.043621,1.043621,-0.014691,-0.014654,14.946821,10100,0.000980,0.074181,55411,22697,12459,7661,5420,4035,3070,2436,20384,1,1,1,1
23.0000,6314,1,1,70579,1,135619,0.520425,3,25,27,27,4826100,27.94324,0.00464,2.39036,0.00590,0,1,3,6.355325,6.144603,6.144603,-0.222809,-0.222516,14.738992,6311,0.015097,0.047006,56145,22894,12631,7944,5603,4011,3105,2472,20813,1,1,1,1
23.9000,6314,1,1,72600,0,139415,0.520751,3,5,5,47,723827,28.56700,0.00464,2.39036,0.00590,1,1,3,1.195659,1.000000,1.194140,-0.534563,-0.534534,14.426707,630,0.037052,0.004794,57657,23746,13070,8226,5753,4177,3122,2491,21172,1,1,1,1
22.3500,6326,1,1,70072,0,134183,0.522216,1,9,9,764,423408,27.48456,0.00142,2.37153,0.00779,1,1,2,1.119490,1.000000,1.349853,-0.003077,-0.003059,14.958431,10445,0.000204,0.076510,55779,22835,12605,7760,5488,3986,2988,2414,20327,1,1,1,1
22.4000,6326,1,1,70056,0,134209,0.521996,2,8,24,24,192036,27.51918,0.00142,2.37153,0.00779,1,1,2,1.341735,1.000000,3.534058,-0.020467,-0.020421,14.940915,10129,0.001367,0.074282,55622,22841,12668,7914,5404,4009,2985,2423,20342,1,1,1,1
23.0000,6326,1,1,71225,1,136395,0.522200,1,20,20,130,1661243,27.93511,0.00142,2.37153,0.00779,0,1,3,8.992222,7.950542,7.950542,-0.228498,-0.228151,14.732912,6333,0.015486,0.047100,56521,23448,12519,8169,5459,4127,3028,2411,20712,1,1,1,1
23.9000,6326,1,1,72624,0,139828,0.519385,3,1000,1000,1000,35582,28.55890,0.00142,2.37153,0.00779,1,0,2,1.001654,1.000000,1.684875,-0.540268,-0.540268,14.421241,642,0.037463,0.004878,58235,23738,12939,8252,5701,4063,3242,2426,21231,1,1,1,1
22.3500,6338,1,1,69686,0,133809,0.520791,11,15,15,15,176619,27.49040,0.00175,2.38319,0.00549,1,1,2,1.350672,1.000000,6.458543,-0.000098,-0.000050,14.961291,10463,0.000003,0.076482,55153,22734,12553,7897,5515,3883,3108,2431,20534,1,1,1,1
22.4000,6338,1,1,70259,1,134315,0.523095,2,19,31,31,970748,27.52506,0.00175,2.38319,0.00549,0,1,3,4.765296,4.396360,4.396360,-0.017401,-0.017155,14.943942,10150,0.001148,0.074280,55697,22721,12618,7878,5493,4068,3043,2444,20352,1,1,1,1
23.0000,6338,1,1,70919,1,136371,0.520048,1,37,37,155,327118,27.94097,0.00175,2.38319,0.00549,0,1,3,1.339752,1.216029,1.216029,-0.225255,-0.225209,14.736285,6343,0.015283,0.047074,56676,22975,12691,8109,5444,4129,3150,2483,20713,1,1,1,1
23.9000,6338,1,1,72918,0,140160,0.520252,1,1,52,654,112436,28.56479,0.00175,2.38319,0.00549,1,0,3,1.403685,1.000000,1.021782,-0.537141,-0.537087,14.424292,640,0.037235,0.004852,58248,23960,13037,8382,5607,4222,3226,2486,20991,1,1,1,1
22.3500,6350,1,1,70292,0,134688,0.521891,10,12,12,64,307730,27.48162,0.00490,2.38815,0.00502,1,1,2,1.220959,1.000000,3.093058,-0.002830,-0.002799,14.958674,10481,0.000187,0.076482,56116,22802,12614,8034,5398,3910,3080,2393,20340,1,1,1,1
22.4000,6350,1,1,70427,1,134831,0.522339,1,2,6,24,115859,27.51633,0.00490,2.38815,0.00502,0,1,3,1.884467,1.351699,1.351699,-0.020120,-0.020020,14.941405,10163,0.001340,0.074248,56007,23080,12559,7983,5355,3992,2991,2457,20406,1,1,1,1
23.0000,6350,1,1,71002,0,136171,0.521422,1,174,174,189,110313,27.93222,0.00490,2.38815,0.00502,1,1,2,1.093522,1.000000,17.120656,-0.228265,-0.228251,14.733243,6353,0.015492,0.047069,56320,23043,12803,7995,5613,3953,3027,2450,20966,1,1,1,1
23.9000,6350,1,1,72681,1,139542,0.520858,2,5,9,416,85837,28.55605,0.00490,2.38815,0.00502,0,1,3,2.655567,2.229722,2.229722,-0.540020,-0.539866,14.421347,638,0.037435,0.004829,57877,23550,12761,8471,5634,4235,3221,2483,21309,1,1,1,1
22.3500,6362,1,1,70300,0,134741,0.521746,1,1,26,660,131842,27.47800,0.00245,2.38244,0.00501,1,1,3,1.330061,1.000000,1.002591,-0.005750,-0.005705,14.955625,10501,0.000381,0.076499,55988,22874,12472,7916,5543,3995,3195,2396,20361,1,1,1,1
22.4000,6362,1,1,70182,0,134846,0.520464,1,10,77,197,229276,27.51265,0.00245,2.38244,0.00501,1,1,2,1.383900,1.000000,5.024062,-0.023202,-0.023151,14.938213,10183,0.001550,0.074269,55935,22740,12757,8043,5467,3925,3068,2466,20444,1,1,1,1
23.0000,6362,1,1,71589,1,137514,0.520598,4,9,20,96,82631,27.92863,0.00245,2.38244,0.00501,0,0,3,1.803710,1.602501,1.602501,-0.231100,-0.231007,14.730169,6365,0.015683,0.047078,57080,23640,12733,8140,5441,4061,3198,2408,20812,1,1,1,1
23.9000,6362,1,1,73260,0,140656,0.520849,1,1,3,176,800100,28.55237,0.00245,2.38244,0.00501,1,0,3,1.414093,1.000000,1.044574,-0.542933,-0.542879,14.418524,640,0.037651,0.004836,58265,23922,13268,8288,5861,4238,3159,2513,21141,1,1,1,1
22.3500,6374,1,1,70459,1,134909,0.522274,92,61,92,92,313178,27.48211,0.00555,2.39477,0.00500,0,1,3,43.176835,30.664103,30.664103,-0.002396,-0.001805,14.958351,10521,0.000121,0.076487,56223,22632,12451,7857,5618,4107,3000,2364,20656,1,1,1,1
22.4000,6374,1,1,70525,1,134616,0.523901,1,162,162,162,136914,27.51680,0.00555,2.39477,0.00500,0,1,3,37.385299,35.805614,35.805614,-0.019753,-0.019185,14.942321,10205,0.001284,0.074269,55888,22601,12647,8020,5525,3949,3133,2307,20545,1,1,1,1
23.0000,6374,1,1,71694,0,137072,0.523043,1,1,10,63,252099,27.93275,0.00555,2.39477,0.00500,1,0,3,1.118112,1.000000,1.016292,-0.227441,-0.227424,14.733663,6378,0.015436,0.047075,56886,23249,12731,8063,5519,4131,3099,2444,20949,1,1,1,1
23.9000,6374,1,1,72942,0,140335,0.519774,5,5,30,83,692109,28.55652,0.00555,2.39477,0.00500,1,1,2,1.217509,1.000000,1.512641,-0.539362,-0.539331,14.421930,641,0.037397,0.004833,58080,23963,13051,8248,5788,4165,3180,2455,21404,1,1,1,1
22.3500,6386,1,1,70585,1,135103,0.522457,2,2,26,239,384078,27.48108,0.00354,2.39497,0.00541,0,1,3,1.410153,1.189011,1.189011,-0.003745,-0.003691,14.957816,10538,0.000247,0.076469,56144,23094,12445,7991,5361,3985,3084,2499,20499,1,1,1,1
22.4000,6386,1,1,70544,0,135102,0.522157,2,2,8,78,392733,27.51570,0.00354,2.39497,0.00541,1,1,3,1.412909,1.000000,1.382161,-0.021070,-0.021015,14.940393,10219,0.001407,0.074241,56048,22827,12634,7928,5495,4060,3058,2383,20668,1,1,1,1
23.0000,6386,1,1,71744,0,137582,0.521467,2,78,120,120,37414999,27.93164,0.00354,2.39497,0.00541,1,0,2,1.017381,1.000000,1.421284,-0.229036,-0.229034,14.732474,6388,0.015546,0.047064,57146,23355,12868,8147,5576,4060,3085,2519,20825,1,1,1,1
23.9000,6386,1,1,73098,0,140457,0.520433,1,3,129,129,110197,28.55542,0.00354,2.39497,0.00541,1,1,2,1.302555,1.000000,1.394447,-0.540931,-0.540889,14.420426,640,0.037509,0.004817,57967,23817,13189,8299,5827,4206,3216,2519,21416,1,1,1,1
22.3500,6398,1,1,71000,0,135579,0.523684,1,4,10,195,629647,27.48593,0.00163,2.40037,0.00634,1,0,2,1.260934,1.000000,1.471065,-0.002270,-0.002234,14.959233,10559,0.000149,0.076471,56629,22987,12388,8008,5468,4017,3165,2430,20486,1,1,1,1
22.4000,6398,1,1,70753,1,135427,0.522448,1,23,36,36,612316,27.52060,0.00163,2.40037,0.00634,0,1,3,6.518694,5.953239,5.953239,-0.019715,-0.019422,14.941686,10236,0.001300,0.074218,56293,23003,12635,8006,5380,4080,3091,2418,20520,1,1,1,1
23.0000,6398,1,1,71745,1,137447,0.521987,1,3,31,48,73810,27.93651,0.00163,2.40037,0.00634,0,1,3,1.678873,1.264771,1.264771,-0.227548,-0.227467,14.733984,6397,0.015438,0.047037,57090,23114,12912,8142,5546,4159,3099,2471,20913,1,1,1,1
23.9000,6398,1,1,73721,1,140849,0.523408,1,4,37,58,79950,28.56032,0.00163,2.40037,0.00634,0,1,3,3.276159,2.462655,2.462655,-0.539506,-0.539321,14.421949,641,0.037396,0.004815,58597,23796,13100,8140,5789,4181,3256,2499,21490,1,1,1,1
22.3500,6410,1,1,70676,0,135497,0.521609,2,4,19,147,182554,27.48307,0.00195,2.39617,0.00615,1,1,2,1.413679,1.000000,2.392275,-0.003558,-0.003504,14.957903,10580,0.000234,0.076486,55967,23130,12718,8045,5518,4024,3109,2389,20596,1,1,1,1
22.4000,6410,1,1,70776,0,135920,0.520722,1,4,11,288,559751,27.51778,0.00195,2.39617,0.00615,1,1,2,1.405033,1.000000,2.590262,-0.020918,-0.020865,14.940554,10259,0.001397,0.074252,56643,22980,12562,8118,5543,4012,3135,2440,20486,1,1,1,1
23.0000,6410,1,1,72049,1,137860,0.522628,20,9,20,132,463810,27.93367,0.00195,2.39617,0.00615,0,1,3,3.544582,2.815402,2.815402,-0.228870,-0.228673,14.732794,6412,0.015521,0.047063,57176,23410,12879,8110,5580,4181,3060,2456,21007,1,1,1,1
23.9000,6410,1,1,73747,1,140976,0.523121,1,1,6,16,492878,28.55750,0.00195,2.39617,0.00615,0,1,3,1.443847,1.101264,1.101264,-0.540711,-0.540654,14.420802,643,0.037491,0.004822,58479,23886,13123,8233,5677,4311,3237,2489,21540,1,1,1,1
22.3500,6422,1,1,71184,0,135843,0.524021,12,2,12,66,195061,27.46677,0.00162,2.39098,0.00691,1,1,3,1.365529,1.000000,1.041977,-0.011778,-0.011730,14.949624,10602,0.000785,0.076544,56357,23258,12611,8006,5561,3965,3113,2392,20579,1,1,1,1
22.4000,6422,1,1,71068,0,136268,0.521535,6,110,110,135,385763,27.50141,0.00162,2.39098,0.00691,1,1,2,1.409935,1.000000,54.456032,-0.029417,-0.029363,14.932027,10281,0.001966,0.074314,56820,23021,12700,8146,5596,3958,3015,2445,20566,1,1,1,1
23.0000,6422,1,1,72212,0,138250,0.522333,4,5,32,43,264775,27.91739,0.00162,2.39098,0.00691,1,0,3,1.158851,1.000000,1.027239,-0.237095,-0.237072,14.724414,6427,0.016101,0.047111,57335,23583,12811,8224,5487,4120,3121,2515,21053,1,1,1,1
23.9000,6422,1,1,73514,0,141203,0.520630,2,333,343,343,162307,28.54113,0.00162,2.39098,0.00691,1,1,2,1.070347,1.000000,24.321470,-0.549215,-0.549204,14.412296,648,0.038107,0.004853,58634,23906,13060,8211,5775,4232,3191,2522,21671,1,1,1,1
22.3500,6434,1,1,70820,0,136006,0.520716,21,69,69,351,4964588,27.46612,0.00288,2.38168,0.00691,1,0,2,1.021606,1.000000,1.521180,-0.011487,-0.011484,14.950024,10618,0.000768,0.076515,56473,23098,12664,8006,5442,4029,3107,2381,20805,1,1,1,1
22.4000,6434,1,1,70934,0,136227,0.520708,1,2,96,895,122077,27.50081,0.00288,2.38168,0.00691,1,1,3,1.336038,1.000000,1.316315,-0.028817,-0.028772,14.932565,10296,0.001927,0.074281,56561,23176,12640,8052,5496,4164,3002,2409,20726,1,1,1,1
23.0000,6434,1,1,72100,0,138666,0.519958,2,4,83,157,440297,27.91676,0.00288,2.38168,0.00691,1,1,2,1.302340,1.000000,1.585022,-0.236809,-0.236768,14.724550,6435,0.016080,0.047082,57604,23675,12885,8224,5567,4002,3214,2488,21006,1,1,1,1
23.9000,6434,1,1,73987,1,141935,0.521277,3,3,25,43,157287,28.54053,0.00288,2.38168,0.00691,0,1,3,2.461001,1.955930,1.955930,-0.548712,-0.548572,14.412577,647,0.038062,0.004836,59239,24035,13166,8330,5704,4093,3208,2584,21575,1,1,1,1
22.3500,6446,1,1,71421,1,136391,0.523653,1,2,6,17,227794,27.47184,0.00281,2.38721,0.00525,0,1,3,1.517548,1.073547,1.073547,-0.008710,-0.008645,14.952763,10639,0.000578,0.076509,56592,23132,12833,7997,5473,4074,3082,2454,20753,1,1,1,1
22.4000,6446,1,1,71347,1,136497,0.522704,2,1,7,81,1414450,27.50647,0.00281,2.38721,0.00525,0,1,3,1.639550,1.186798,1.186798,-0.026038,-0.025961,14.935474,10320,0.001738,0.074301,56765,23002,12605,8091,5468,4148,3097,2473,20847,1,1,1,1
23.0000,6446,1,1,72083,1,138650,0.519896,2,19,58,117,2925857,27.92240,0.00281,2.38721,0.00525,0,1,3,1.649394,1.173921,1.003258,-0.233988,-0.233910,14.727511,6454,0.015883,0.047123,57491,23610,12909,8230,5500,4116,3149,2587,21057,1,1,1,1
23.9000,6446,1,1,73978,0,141785,0.521766,3,3,25,2589,602066,28.54619,0.00281,2.38721,0.00525,1,1,2,1.365913,1.000000,1.549852,-0.545917,-0.545868,14.415573,648,0.037867,0.004834,58633,24182,13294,8292,5776,4238,3216,2588,21565,1,1,1,1
22.3500,6458,1,1,71345,1,136634,0.522165,3,7,33,33,220923,27.48304,0.00182,2.39221,0.00545,0,1,3,2.684278,2.031867,2.031867,-0.003638,-0.003485,14.957969,10655,0.000233,0.076455,56469,23376,12618,8107,5672,4108,3098,2441,20744,1,1,1,1
22.4000,6458,1,1,70996,0,136075,0.521746,1,2,23,90,595481,27.51771,0.00182,2.39221,0.00545,1,0,3,1.357194,1.000000,1.168481,-0.020930,-0.020883,14.940561,10333,0.001398,0.074231,56313,23064,12583,8039,5578,4029,3060,2373,21035,1,1,1,1
23.0000,6458,1,1,72498,0,139334,0.520322,2,2,4,164,883932,27.93362,0.00182,2.39221,0.00545,1,1,3,1.386775,1.000000,1.375064,-0.228894,-0.228843,14.732527,6457,0.015533,0.047041,58102,23674,12941,8202,5610,4080,3119,2551,21054,1,1,1,1
23.9000,6458,1,1,73943,1,142193,0.520022,5,6,6,22,446363,28.55743,0.00182,2.39221,0.00545,0,1,3,2.610320,2.329672,2.329672,-0.540844,-0.540695,14.420394,645,0.037495,0.004801,59187,24174,13253,8183,5762,4102,3186,2567,21778,1,1,1,1
22.3500,6470,1,1,71224,0,136763,0.520788,6,3,6,15,7114347,27.47896,0.00182,2.38363,0.00523,1,0,3,1.310879,1.000000,1.317099,-0.005623,-0.005582,14.955876,10678,0.000373,0.076489,56632,23212,12684,8035,5654,4061,3210,2572,20702,1,1,1,1
22.4000,6470,1,1,71920,0,137555,0.522849,1,21,21,125,565693,27.51367,0.00182,2.38363,0.00523,1,1,2,1.226609,1.000000,5.708359,-0.023096,-0.023064,14.938411,10354,0.001544,0.074255,57394,23267,12792,8127,5614,4071,3033,2459,20797,1,1,1,1
23.0000,6470,1,1,72631,1,139496,0.520671,1,16,17,28,265407,27.92955,0.00182,2.38363,0.00523,0,1,3,10.607910,8.320367,8.320367,-0.231069,-0.230704,14.730338,6471,0.015662,0.047063,58006,23772,12955,8088,5724,4145,3134,2400,21271,1,1,1,1
23.9000,6470,1,1,74272,0,142573,0.520944,3,110,110,188,520750,28.55339,0.00182,2.38363,0.00523,1,0,2,1.023284,1.000000,2.619667,-0.542896,-0.542892,14.418616,648,0.037652,0.004815,59022,24294,13164,8425,5856,4280,3283,2580,21668,1,1,1,1
22.3500,6482,1,1,71651,1,137385,0.521538,2,3,101,101,551601,27.48240,0.00203,2.37651,0.00543,0,1,3,2.768313,2.034747,2.034747,-0.003811,-0.003654,14.957828,10693,0.000244,0.076445,57094,23254,13095,7930,5493,4144,3093,2462,20819,1,1,1,1
22.4000,6482,1,1,71663,1,137417,0.521504,68,2,68,68,296943,27.51705,0.00203,2.37651,0.00543,0,1,3,1.181226,1.114541,1.114541,-0.021081,-0.021056,14.939757,10371,0.001409,0.074232,57329,23249,12702,7913,5485,4175,3229,2432,20902,1,1,1,1
23.0000,6482,1,1,72210,0,139159,0.518907,4,7,448,448,104196,27.93302,0.00203,2.37651,0.00543,1,1,2,1.414066,1.000000,3.747729,-0.229168,-0.229115,14.732288,6479,0.015552,0.047028,57571,23439,13122,8148,5707,4112,3242,2483,21334,1,1,1,1
23.9000,6482,1,1,74676,0,143022,0.522133,1,3,13,32,287347,28.55677,0.00203,2.37651,0.00543,1,1,2,1.408985,1.000000,2.164709,-0.541000,-0.540947,14.420471,647,0.037512,0.004798,59434,24341,13380,8366,5831,4224,3295,2519,21631,1,1,1,1
22.3500,6494,1,1,71828,0,137732,0.521509,1,62,62,62,297824,27.48162,0.00237,2.37068,0.00647,1,1,2,1.410299,1.000000,31.253420,-0.004218,-0.004165,14.957251,10721,0.000278,0.076506,57427,23395,12656,8106,5635,4205,3102,2372,20833,1,1,1,1
22.4000,6494,1,1,71527,1,137638,0.519679,5,27,323,323,713735,27.51631,0.00237,2.37068,0.00647,0,1,3,12.139299,10.856035,10.856035,-0.021482,-0.021097,14.940415,10396,0.001412,0.074271,56977,23431,12830,8105,5693,4122,3118,2474,20887,1,1,1,1
23.0000,6494,1,1,72805,1,139523,0.521817,1,7,12,69,9438038,27.93227,0.00237,2.37068,0.00647,0,1,3,3.880605,3.305345,3.305345,-0.229366,-0.229157,14.732340,6500,0.015555,0.047093,58024,23407,12975,8174,5741,4048,3258,2538,21357,1,1,1,1
23.9000,6494,1,1,74320,0,143024,0.519637,1,1,174,174,245623,28.55603,0.00237,2.37068,0.00647,1,0,3,1.406725,1.000000,1.121283,-0.541166,-0.541114,14.420307,655,0.037524,0.004848,59357,24327,13318,8288,5753,4244,3254,2580,21902,1,1,1,1
22.3500,6506,1,1,71972,0,138146,0.520989,1,5,17,168,538901,27.47660,0.00276,2.36896,0.00531,1,0,2,1.179668,1.000000,1.365597,-0.006376,-0.006351,14.955133,10736,0.000425,0.076483,57490,23620,12869,8122,5517,4133,3225,2416,20753,1,1,1,1
22.4000,6506,1,1,71722,0,137603,0.521228,2,169,169,169,261578558,27.51122,0.00276,2.36896,0.00531,1,1,2,1.395961,1.000000,80.717528,-0.024007,-0.023956,14.937473,10411,0.001604,0.074255,56948,23472,12756,8031,5493,4255,3114,2447,21086,1,1,1,1
23.0000,6506,1,1,73273,1,140563,0.521286,10,7,2014,2014,116440,27.92716,0.00276,2.36896,0.00531,0,1,3,3.274960,2.904155,2.904155,-0.231717,-0.231534,14.729423,6511,0.015719,0.047095,58254,24070,13095,8371,5878,4137,3155,2568,21034,1,1,1,1
23.9000,6506,1,1,74625,1,143462,0.520176,1,2,7,27,832161,28.55095,0.00276,2.36896,0.00531,0,0,3,1.710815,1.293280,1.293280,-0.543549,-0.543466,14.417867,652,0.037694,0.004818,59479,24595,13119,8521,5905,4315,3259,2670,21598,1,1,1,1
22.3500,6518,1,1,71719,1,137783,0.520525,2,4,51,51,234111,27.48134,0.00138,2.37714,0.00579,0,1,3,2.496242,2.076954,2.076954,-0.004705,-0.004564,14.956936,10761,0.000305,0.076511,57002,23552,12693,8260,5653,4044,3088,2517,20973,1,1,1,1
22.4000,6518,1,1,71680,0,137742,0.520397,2,3,162,162,278540,27.51601,0.00138,2.37714,0.00579,1,1,2,1.414003,1.000000,1.895249,-0.022030,-0.021977,14.939427,10434,0.001471,0.074272,57137,23300,12888,8091,5505,4084,3148,2459,21129,1,1,1,1
23.0000,6518,1,1,73450,0,140964,0.521059,1,2,16,16,131599,27.93192,0.00138,2.37714,0.00579,1,0,3,1.283922,1.000000,1.312858,-0.229952,-0.229914,14.731550,6523,0.015607,0.047088,58443,24093,13335,8246,5776,4289,3163,2593,21025,1,1,1,1
23.9000,6518,1,1,75163,1,144024,0.521882,1,66,66,66,343759,28.55573,0.00138,2.37714,0.00579,0,1,3,41.489461,32.506762,32.506762,-0.542110,-0.541539,14.419332,657,0.037556,0.004845,59742,24578,13520,8567,5633,4329,3241,2560,21853,1,1,1,1
22.3500,6530,1,1,71835,1,137768,0.521424,1,25,25,241,194404,27.48047,0.00200,2.37459,0.00665,0,1,3,5.773238,5.419684,5.419684,-0.004886,-0.004617,14.956888,10780,0.000309,0.076505,57086,23436,12862,8120,5519,4075,3074,2486,21109,1,1,1,1
22.4000,6530,1,1,72296,0,138536,0.521861,5,49,49,120,447799,27.51518,0.00200,2.37459,0.00665,1,1,2,1.150593,1.000000,8.071718,-0.022271,-0.022250,14.939239,10453,0.001489,0.074272,57308,23636,12878,8189,5673,4195,3183,2470,21003,1,1,1,1
23.0000,6530,1,1,73370,0,141108,0.519960,1295,132,1295,1295,677559,27.93107,0.00200,2.37459,0.00665,1,1,2,1.084477,1.000000,11.699972,-0.230244,-0.230232,14.730897,6535,0.015629,0.047090,58979,23720,13156,8267,5702,4196,3226,2595,21266,1,1,1,1
23.9000,6530,1,1,75209,1,144199,0.521568,5,88,88,116,81816,28.55490,0.00200,2.37459,0.00665,0,0,3,1.200246,1.028021,1.028021,-0.541973,-0.541945,14.419286,658,0.037585,0.004844,59942,24338,13485,8465,5899,4289,3293,2599,21888,1,1,1,1
22.3500,6542,1,1,72200,0,138590,0.520965,1,11,11,56,345189,27.49337,0.00189,2.38544,0.00741,1,1,2,1.303990,1.000000,4.269345,0.001548,0.001588,14.963049,10798,-0.000106,0.076461,57526,23658,12878,8180,5565,4201,3172,2523,20886,1,1,1,1
22.4000,6542,1,1,72316,0,138902,0.520630,1,18,21,32,158052,27.52801,0.00189,2.38544,0.00741,1,1,2,1.196011,1.000000,4.161858,-0.015773,-0.015746,14.945509,10471,0.001054,0.074232,57743,23801,12937,8145,5628,4020,3188,2421,21018,1,1,1,1
23.0000,6542,1,1,73444,0,140762,0.521764,1,121,121,121,87673,27.94399,0.00189,2.38544,0.00741,1,1,2,1.010145,1.000000,1.331531,-0.223668,-0.223667,14.737845,6545,0.015176,0.047053,58531,23617,13061,8393,5798,4243,3183,2487,21448,1,1,1,1
23.9000,6542,1,1,75370,0,144494,0.521617,1,3,41,85,77546,28.56774,0.00189,2.38544,0.00741,1,1,2,1.408119,1.000000,2.087409,-0.535581,-0.535529,14.425892,658,0.037123,0.004833,60038,24723,13257,8540,5773,4353,3276,2586,21947,1,1,1,1
22.3500,6554,1,1,72132,0,138237,0.521803,3,15,227,578,2154197,27.48894,0.00169,2.38759,0.00616,1,1,2,1.179531,1.000000,3.145114,-0.000718,-0.000693,14.960549,10816,0.000046,0.076461,56999,23820,12869,8212,5661,4095,3041,2470,21069,1,1,1,1
22.4000,6554,1,1,72385,1,138232,0.523652,1,3,3,13,372625,27.52363,0.00169,2.38759,0.00616,0,1,3,1.454713,1.030205,1.022010,-0.017967,-0.017910,14.943489,10488,0.001199,0.074227,56895,23442,12979,8145,5736,4075,3256,2516,21187,1,1,1,1
23.0000,6554,1,1,73492,0,141080,0.520928,18,5,18,97,374218,27.93958,0.00169,2.38759,0.00616,1,1,2,1.312997,1.000000,2.111240,-0.226008,-0.225966,14.735492,6555,0.015335,0.047046,58540,23955,13029,8326,5804,4234,3213,2524,21454,1,1,1,1
23.9000,6554,1,1,75285,1,144517,0.520946,1,7,23,23,325602,28.56335,0.00169,2.38759,0.00616,0,0,3,2.285776,1.756723,1.756723,-0.537878,-0.537751,14.423571,660,0.037283,0.004839,59885,24560,13370,8636,5979,4294,3276,2642,21874,1,1,1,1
22.3500,6566,1,1,72619,1,139143,0.521906,1,2,10,29,129168,27.48778,0.00169,2.38853,0.00803,0,0,3,1.628906,1.170338,1.170338,-0.001309,-0.001235,14.960143,10835,0.000083,0.076457,58048,23670,12869,8066,5504,4174,3219,2537,21055,1,1,1,1
22.4000,6566,1,1,72852,0,139267,0.523114,1,184,184,184,228696,27.52240,0.00169,2.38853,0.00803,1,1,2,1.137936,1.000000,27.279062,-0.018863,-0.018843,14.942649,10507,0.001261,0.074229,57789,23828,12848,8276,5750,4104,3162,2523,20986,1,1,1,1
23.0000,6566,1,1,73835,1,141420,0.522101,23,21,57,692,682560,27.93833,0.00169,2.38853,0.00803,0,0,3,2.282134,2.239995,2.239995,-0.226638,-0.226512,14.734395,6568,0.015373,0.047057,58784,24077,12977,8231,5880,4266,3167,2504,21533,1,1,1,1
23.9000,6566,1,1,75655,1,145240,0.520900,3,44,44,51,457178,28.56212,0.00169,2.38853,0.00803,0,0,3,3.746301,3.452852,3.452852,-0.538566,-0.538365,14.422768,658,0.037327,0.004816,60194,24967,13705,8574,5867,4220,3295,2601,21816,1,1,1,1
22.3500,6578,1,1,72837,1,138852,0.524570,1,2,264,264,1801177,27.49107,0.00158,2.39578,0.00544,0,1,3,1.048923,1.011976,1.011976,0.000322,0.000329,14.961837,10857,-0.000022,0.076464,57690,23490,12791,8163,5606,4249,3256,2438,21168,1,1,1,1
22.4000,6578,1,1,72578,0,139002,0.522140,3,1,207,207,2101000,27.52574,0.00158,2.39578,0.00544,1,1,3,1.403444,1.000000,1.204120,-0.017023,-0.016971,14.944455,10528,0.001136,0.074233,57751,23410,12834,8187,5721,4140,3112,2486,21360,1,1,1,1
23.0000,6578,1,1,74164,0,141969,0.522399,11,3,12,36,252976,27.94165,0.00158,2.39578,0.00544,1,1,2,1.394787,1.000000,1.628232,-0.225007,-0.224956,14.736476,6582,0.015265,0.047065,59121,24194,13156,8307,5769,4070,3179,2681,21491,1,1,1,1
23.9000,6578,1,1,75213,1,144603,0.520138,1,2,7,68,159699,28.56546,0.00158,2.39578,0.00544,0,1,3,2.279136,1.719666,1.719666,-0.536915,-0.536790,14.424667,661,0.037213,0.004829,59772,24795,13452,8417,5925,4303,3270,2630,22038,1,1,1,1
22.3500,6590,1,1,72855,1,139352,0.522816,5,8,75,75,143819,27.48267,0.00363,2.39052,0.00597,0,1,3,1.221788,1.208713,1.208713,-0.002850,-0.002820,14.958693,10875,0.000188,0.076467,58125,23643,12666,8072,5655,4156,3132,2513,21389,1,1,1,1
22.4000,6590,1,1,72730,0,139467,0.521489,1,5,435,1221,82361,27.51738,0.00363,2.39052,0.00597,1,1,3,1.091360,1.000000,1.089102,-0.020197,-0.020184,14.940393,10546,0.001351,0.074245,57777,23797,12920,8169,5800,4220,3128,2468,21187,1,1,1,1
23.0000,6590,1,1,74189,1,141944,0.522668,51,738,738,738,547093,27.93327,0.00363,2.39052,0.00597,0,1,3,119.284243,117.704162,117.704162,-0.228497,-0.227772,14.732416,6591,0.015461,0.047056,59086,24050,13308,8309,5691,4206,3109,2505,21679,1,1,1,1
23.9000,6590,1,1,75659,1,144843,0.522355,7,8,8,21,149186,28.55710,0.00363,2.39052,0.00597,0,0,3,1.885030,1.758321,1.758321,-0.540094,-0.539998,14.421112,660,0.037445,0.004814,59849,24676,13578,8411,5993,4331,3245,2640,22119,1,1,1,1
22.3500,6602,1,1,72690,0,139680,0.520408,1,4,6,35,16419148,27.48222,0.00267,2.39446,0.00639,1,1,2,1.279174,1.000000,1.638418,-0.003555,-0.003518,14.957794,10893,0.000235,0.076459,58068,23893,12791,8299,5569,4225,3137,2549,21148,1,1,1,1
22.4000,6602,1,1,72916,0,139334,0.523322,1,4,4,67,195402,27.51687,0.00267,2.39446,0.00639,1,1,2,1.319577,1.000000,1.945945,-0.020890,-0.020848,14.940487,10563,0.001395,0.074229,57847,23641,13025,7940,5625,4062,3268,2546,21379,1,1,1,1
23.0000,6602,1,1,74182,0,142375,0.521036,1,23,23,62,469485,27.93284,0.00267,2.39446,0.00639,1,1,2,1.079047,1.000000,2.040187,-0.228882,-0.228870,14.732255,6601,0.015535,0.047043,59119,24301,13207,8518,5846,4135,3195,2461,21592,1,1,1,1
23.9000,6602,1,1,75456,0,145378,0.519037,18,77,77,77,695587,28.55659,0.00267,2.39446,0.00639,1,1,2,1.022373,1.000000,1.754473,-0.540745,-0.540741,14.420196,660,0.037499,0.004805,60365,24469,13692,8471,5951,4372,3233,2630,22194,1,1,1,1
22.3500,6614,1,1,72946,0,139777,0.521878,1,36,85,85,45260,27.48360,0.00290,2.40160,0.00541,1,1,2,1.292057,1.000000,12.653177,-0.002889,-0.002850,14.958615,10919,0.000191,0.076498,58244,23673,12887,8230,5608,4068,3256,2443,21367,1,1,1,1
22.4000,6614,1,1,72870,0,140243,0.519602,17,37,37,136,334762,27.51829,0.00290,2.40160,0.00541,1,1,2,1.234157,1.000000,9.798142,-0.020214,-0.020182,14.941294,10588,0.001351,0.074265,58368,23932,13063,8258,5608,4087,3136,2600,21190,1,1,1,1
23.0000,6614,1,1,74280,0,142156,0.522528,1,6,7,26,195275,27.93424,0.00290,2.40160,0.00541,1,1,2,1.390701,1.000000,3.291550,-0.228106,-0.228057,14.733379,6620,0.015479,0.047089,58841,24138,13123,8403,5832,4268,3263,2557,21730,1,1,1,1
23.9000,6614,1,1,76159,1,146085,0.521337,2,10,10,108,161808,28.55801,0.00290,2.40160,0.00541,0,1,3,3.698899,3.264793,3.264793,-0.539991,-0.539793,14.421386,667,0.037430,0.004847,60746,24918,13560,8533,5829,4371,3306,2639,22182,1,1,1,1
22.3500,6626,1,1,73174,0,140127,0.522201,2,15,18,20,79210,27.47893,0.00442,2.39529,0.00608,1,1,2,1.359420,1.000000,6.831529,-0.004497,-0.004451,14.956997,10934,0.000298,0.076473,58126,23966,13104,8155,5735,4094,3196,2435,21315,1,1,1,1
22.4000,6626,1,1,73034,0,140117,0.521240,4,13,248,248,127099,27.51356,0.00442,2.39529,0.00608,1,1,2,1.252588,1.000000,3.785558,-0.021766,-0.021732,14.939742,10603,0.001455,0.074244,58196,23757,12956,8173,5856,4095,3212,2596,21275,1,1,1,1
23.0000,6626,1,1,74201,1,142029,0.522439,1,4,7,32,121146,27.92949,0.00442,2.39529,0.00608,0,1,3,1.483987,1.315119,1.315119,-0.229650,-0.229591,14.731904,6627,0.015585,0.047058,58758,24097,13159,8333,5898,4217,3267,2597,21702,1,1,1,1
23.9000,6626,1,1,76599,1,146703,0.522140,3,7,51,57,80365,28.55328,0.00442,2.39529,0.00608,0,1,3,4.895795,3.674502,3.674502,-0.541624,-0.541384,14.419640,664,0.037545,0.004817,60871,24947,13780,8706,5963,4344,3386,2634,22071,1,1,1,1
22.3500,6638,1,1,73413,1,140403,0.522877,10,2,10,58,55098,27.48116,0.00217,2.38526,0.00673,0,1,3,1.525937,1.113345,1.113345,-0.004351,-0.004287,14.956757,10954,0.000287,0.076476,58247,23943,12976,8327,5702,4227,3231,2527,21222,1,1,1,1
22.4000,6638,1,1,73407,1,140585,0.522158,2,6,21,39,1991684,27.51583,0.00217,2.38526,0.00673,0,1,3,1.191151,1.093949,1.093949,-0.021683,-0.021657,14.939845,10622,0.001450,0.074242,58223,23813,13230,8342,5774,4272,3199,2462,21269,1,1,1,1
23.0000,6638,1,1,74247,1,142580,0.520743,1,18,112,112,485584,27.93174,0.00217,2.38526,0.00673,0,0,3,4.579693,4.036630,4.036630,-0.229736,-0.229507,14.731698,6639,0.015579,0.047058,59219,24205,12988,8509,5781,4196,3352,2538,21791,1,1,1,1
23.9000,6638,1,1,76795,1,146805,0.523112,39,26,39,42,921833,28.55555,0.00217,2.38526,0.00673,0,1,3,12.570796,10.875392,10.875392,-0.541717,-0.541335,14.420170,665,0.037540,0.004815,60876,25198,13686,8690,6025,4268,3269,2613,22179,1,1,1,1
22.3500,6650,1,1,73480,0,140754,0.522049,1,6,29,73,376161,27.49106,0.00167,2.37829,0.00752,1,0,2,1.301444,1.000000,2.609058,0.000310,0.000349,14.961813,10971,-0.000023,0.076430,58399,23977,13192,8330,5632,4101,3148,2494,21480,1,1,1,1
22.4000,6650,1,1,73345,1,140849,0.520739,7,12,51,55,1004861,27.52577,0.00167,2.37829,0.00752,0,1,3,8.252581,6.365609,6.365609,-0.017112,-0.016795,14.944706,10641,0.001124,0.074216,58494,24100,12919,8391,5624,4129,3217,2483,21491,1,1,1,1
23.0000,6650,1,1,74565,1,143041,0.521288,8,9,9,33,168381,27.94166,0.00167,2.37829,0.00752,0,1,3,5.928043,4.567485,4.567485,-0.225031,-0.224763,14.736125,6648,0.015253,0.047023,59107,24496,13303,8348,5793,4279,3401,2481,21832,1,1,1,1
23.9000,6650,1,1,76587,1,146707,0.522044,1,21,21,45,121024,28.56549,0.00167,2.37829,0.00752,0,1,3,5.822008,5.250465,5.250465,-0.536958,-0.536693,14.424469,663,0.037207,0.004791,61127,24734,13408,8670,5975,4483,3371,2620,22318,1,1,1,1
22.3500,6662,1,1,73570,0,141225,0.520945,10,9,41,56,2734912,27.48689,0.00211,2.37515,0.00550,1,1,2,1.220254,1.000000,2.272612,-0.001523,-0.001493,14.959786,11000,0.000100,0.076505,58772,23907,13172,8373,5694,4184,3279,2551,21292,1,1,1,1
22.4000,6662,1,1,73960,0,141642,0.522165,1,3,9,23,715829,27.52154,0.00211,2.37515,0.00550,1,0,3,1.249310,1.000000,1.105983,-0.018790,-0.018757,14.942718,10665,0.001255,0.074260,59131,23943,13359,8247,5638,4154,3232,2546,21391,1,1,1,1
23.0000,6662,1,1,74907,1,143634,0.521517,2,81,81,141,121138,27.93751,0.00211,2.37515,0.00550,0,1,3,18.937303,18.134473,18.134473,-0.226989,-0.226548,14.734394,6670,0.015375,0.047099,59823,24282,13403,8514,5725,4334,3274,2579,21699,1,1,1,1
23.9000,6662,1,1,76597,1,146790,0.521817,6,3,18,18,717425,28.56126,0.00211,2.37515,0.00550,0,1,3,1.800950,1.596728,1.596728,-0.538679,-0.538591,14.422541,672,0.037344,0.004848,60935,25003,13544,8646,5901,4344,3364,2551,22501,1,1,1,1
22.3500,6674,1,1,73662,0,141268,0.521438,1,1,5,98,3940359,27.49067,0.00187,2.37024,0.00577,1,1,3,1.385129,1.000000,1.044628,0.000326,0.000375,14.961752,11014,-0.000025,0.076454,58659,23880,13253,8311,5835,4128,3217,2462,21522,1,1,1,1
22.4000,6674,1,1,73710,0,141624,0.520466,3,5,110,110,153915,27.52536,0.00187,2.37024,0.00577,1,1,2,1.405588,1.000000,2.770036,-0.017093,-0.017042,14.944385,10680,0.001140,0.074222,58655,24216,13110,8404,5857,4226,3242,2485,21428,1,1,1,1
23.0000,6674,1,1,74525,1,143652,0.518792,1,172,172,172,404248,27.94131,0.00187,2.37024,0.00577,0,1,3,63.798100,59.009117,59.009117,-0.225297,-0.224675,14.736157,6676,0.015246,0.047051,59780,24214,13376,8411,5825,4269,3173,2626,21977,1,1,1,1
23.9000,6674,1,1,76731,1,147698,0.519516,1,5,5,30,851729,28.56508,0.00187,2.37024,0.00577,0,1,3,3.190312,2.605911,2.605911,-0.536949,-0.536775,14.424469,669,0.037213,0.004817,61630,24970,13953,8639,5952,4283,3302,2663,22305,1,1,1,1
22.3500,6686,1,1,74252,0,141860,0.523421,3,1,48,70,252892,27.48501,0.00166,2.37061,0.00602,1,1,3,1.413455,1.000000,1.107630,-0.002693,-0.002641,14.958776,11033,0.000177,0.076464,59005,24363,13095,8157,5676,4203,3256,2511,21593,1,1,1,1
22.4000,6686,1,1,73874,0,141582,0.521779,3,5,7,63,187462,27.51964,0.00166,2.37061,0.00602,1,1,3,1.160833,1.000000,1.113939,-0.020007,-0.019985,14.941249,10699,0.001338,0.074236,58767,24114,13164,8301,5602,4301,3125,2591,21616,1,1,1,1
23.0000,6686,1,1,75044,0,144086,0.520831,1,8,34,34,626150,27.93557,0.00166,2.37061,0.00602,1,1,2,1.303550,1.000000,3.357982,-0.228057,-0.228018,14.733313,6687,0.015476,0.047053,59835,24549,13465,8536,5842,4261,3191,2537,21869,1,1,1,1
23.9000,6686,1,1,77320,0,148048,0.522267,11,17,25,25,108922,28.55936,0.00166,2.37061,0.00602,1,1,2,1.299205,1.000000,6.216580,-0.539999,-0.539960,14.421368,670,0.037442,0.004816,61512,25448,13725,8717,5935,4366,3341,2637,22366,1,1,1,1
22.3500,6698,1,1,73546,0,141449,0.519951,1,1,8,80,121533,27.48866,0.00257,2.37708,0.00526,1,0,3,1.414023,1.000000,1.209183,-0.000397,-0.000345,14.961070,11049,0.000023,0.076426,58562,24000,13166,8376,5708,4278,3141,2545,21672,1,1,1,1
22.4000,6698,1,1,74285,1,142319,0.521965,1,635,635,635,980322,27.52332,0.00257,2.37708,0.00526,0,1,3,53.518302,52.553281,52.553281,-0.018016,-0.017421,14.943477,10714,0.001166,0.074196,59419,24228,13139,8417,5666,4278,3157,2491,21523,1,1,1,1
23.0000,6698,1,1,74966,0,144075,0.520330,1,2,4,260,119327,27.93923,0.00257,2.37708,0.00526,1,0,3,1.302571,1.000000,1.280155,-0.225690,-0.225651,14.735814,6696,0.015313,0.047024,59538,24612,13589,8432,5913,4193,3252,2621,21924,1,1,1,1
23.9000,6698,1,1,76700,0,147528,0.519905,11,13,24,24,57115,28.56305,0.00257,2.37708,0.00526,1,1,2,1.411540,1.000000,6.768864,-0.537723,-0.537672,14.423750,667,0.037277,0.004786,61066,24928,13806,8742,6047,4409,3290,2740,22499,1,1,1,1
22.3500,6710,1,1,74573,1,142719,0.522520,9,1,36,50,193180,27.48872,0.00246,2.37279,0.00594,0,1,3,1.159438,1.054363,1.054363,-0.000385,-0.000363,14.960771,11075,0.000024,0.076470,59336,24611,13311,8243,5837,4245,3154,2423,21558,1,1,1,1
22.4000,6710,1,1,74365,1,142285,0.522652,13,8,13,474,66799,27.52343,0.00246,2.37279,0.00594,0,1,3,2.110398,1.543326,1.513303,-0.017772,-0.017660,14.943787,10739,0.001182,0.074235,58752,24448,13461,8358,5819,4248,3112,2599,21487,1,1,1,1
23.0000,6710,1,1,75431,1,144800,0.520936,8,36,36,181,1790342,27.93932,0.00246,2.37279,0.00594,0,1,3,3.007335,2.634501,2.634501,-0.225760,-0.225596,14.735898,6713,0.015309,0.047059,60130,24907,13434,8500,5776,4203,3304,2580,21965,1,1,1,1
23.9000,6710,1,1,77219,1,148251,0.520870,27,1,47,47,122944,28.56315,0.00246,2.37279,0.00594,0,1,3,1.418516,1.003570,1.003570,-0.537605,-0.537553,14.423865,675,0.037268,0.004834,61724,25177,13678,8668,6079,4475,3378,2660,22411,1,1,1,1
22.3500,6722,1,1,74044,0,142179,0.520784,1,14,23,23,45031,27.47806,0.00186,2.36162,0.00522,1,1,2,1.337702,1.000000,5.837347,-0.006133,-0.006090,14.955367,11093,0.000407,0.076485,58734,24431,13021,8375,5704,4297,3327,2509,21780,1,1,1,1
22.4000,6722,1,1,74306,0,142609,0.521051,3,13,26,2225,616311,27.51271,0.00186,2.36162,0.00522,1,1,2,1.259593,1.000000,4.198652,-0.023432,-0.023398,14.937909,10757,0.001566,0.074255,59200,24258,13319,8477,5792,4166,3214,2551,21631,1,1,1,1
23.0000,6722,1,1,75341,1,144605,0.521016,1,2,26,46,88214,27.92868,0.00186,2.36162,0.00522,0,1,3,1.631332,1.269912,1.269912,-0.231329,-0.231256,14.730214,6723,0.015699,0.047063,60079,24488,13352,8666,5877,4069,3314,2723,22036,1,1,1,1
23.9000,6722,1,1,77119,1,147987,0.521124,4,96,96,605,168081,28.55243,0.00186,2.36162,0.00522,0,1,3,24.827995,23.396737,23.396737,-0.543421,-0.542943,14.418568,674,0.037656,0.004820,61310,25053,13750,8681,6114,4475,3332,2638,22633,1,1,1,1
22.3500,6734,1,1,74528,0,142718,0.522208,2,2,123,164,488912,27.47190,0.00175,2.35652,0.00584,1,1,3,1.406702,1.000000,1.256418,-0.009125,-0.009075,14.952354,11111,0.000607,0.076488,59269,24382,13387,8342,5768,4173,3251,2463,21682,1,1,1,1
22.4000,6734,1,1,74391,1,142603,0.521669,5,5,23,69,164517,27.50659,0.00175,2.35652,0.00584,0,1,3,1.769627,1.602693,1.602693,-0.026491,-0.026406,14.935095,10776,0.001768,0.074268,59044,24253,13362,8329,5807,4185,3228,2613,21781,1,1,1,1
23.0000,6734,1,1,75707,1,145395,0.520702,1,3,7,162,1026463,27.92254,0.00175,2.35652,0.00584,0,1,3,2.865287,2.128284,2.128284,-0.234488,-0.234332,14.727151,6733,0.015912,0.047059,60610,24610,13523,8689,5863,4326,3355,2494,21924,1,1,1,1
23.9000,6734,1,1,77262,0,148470,0.520391,3,2,17,66,1330374,28.54631,0.00175,2.35652,0.00584,1,1,3,1.414202,1.000000,1.191982,-0.546330,-0.546279,14.415135,673,0.037896,0.004806,61517,25254,13802,8799,6118,4471,3354,2662,22492,1,1,1,1
22.3500,6746,1,1,74607,1,142897,0.522107,1,17,17,29,125564,27.46971,0.00164,2.35616,0.00576,0,1,3,8.186893,7.049242,7.049242,-0.010486,-0.010175,14.950987,11133,0.000681,0.076511,59414,24109,13406,8408,5688,4437,3257,2528,21649,1,1,1,1
22.4000,6746,1,1,74467,1,142751,0.521660,2,13,25,184,1061451,27.50434,0.00164,2.35616,0.00576,0,1,3,3.506337,2.897673,2.897673,-0.027734,-0.027548,14.933936,10796,0.001845,0.074279,59005,24370,13397,8352,5750,4223,3247,2559,21847,1,1,1,1
23.0000,6746,1,1,75626,0,145071,0.521307,2,49,49,232,1001420,27.92027,0.00164,2.35616,0.00576,1,1,2,1.146598,1.000000,7.933094,-0.235773,-0.235753,14.725471,6747,0.016010,0.047078,60135,24569,13403,8654,6047,4331,3302,2656,21973,1,1,1,1
23.9000,6746,1,1,77783,1,149194,0.521358,1,31,37,173,1192484,28.54406,0.00164,2.35616,0.00576,0,1,3,21.943116,16.077727,16.077727,-0.547721,-0.547264,14.413685,678,0.037968,0.004833,61905,25527,13881,8783,6059,4430,3345,2683,22580,1,1,1,1
22.3500,6758,1,1,74781,1,143352,0.521664,6,4,7,20,207889,27.47732,0.00164,2.36206,0.00511,0,1,3,2.878883,2.251737,2.251737,-0.006576,-0.006419,14.955062,11155,0.000429,0.076505,59594,24298,13258,8490,5855,4388,3322,2550,21596,1,1,1,1
22.4000,6758,1,1,74612,0,143429,0.520205,1,6,17,92,1329182,27.51199,0.00164,2.36206,0.00511,1,1,2,1.404387,1.000000,3.487227,-0.023942,-0.023892,14.937539,10814,0.001599,0.074253,59708,24516,13327,8299,5763,4283,3209,2563,21760,1,1,1,1
23.0000,6758,1,1,75864,0,145605,0.521030,15,5,143,2899,771758,27.92790,0.00164,2.36206,0.00511,1,0,2,1.188305,1.000000,1.264660,-0.231821,-0.231795,14.729693,6759,0.015737,0.047065,60498,24924,13370,8554,5860,4479,3273,2536,22110,1,1,1,1
23.9000,6758,1,1,78065,1,149449,0.522356,1,4,5,62,75444,28.55171,0.00164,2.36206,0.00511,0,0,3,2.887481,2.286567,2.286567,-0.543771,-0.543614,14.417697,677,0.037705,0.004816,61909,25571,13999,8847,6153,4401,3356,2697,22515,1,1,1,1
22.3500,6770,1,1,74476,0,142993,0.520840,2,6,25,366,116598,27.47345,0.00174,2.36477,0.00641,1,0,3,1.147370,1.000000,1.162729,-0.008390,-0.008370,14.953125,11174,0.000560,0.076509,59318,24283,13338,8351,5803,4248,3234,2592,21825,1,1,1,1
22.4000,6770,1,1,74731,1,143550,0.520596,1,2,20,22,187130,27.50816,0.00174,2.36477,0.00641,0,1,3,1.480536,1.149145,1.149145,-0.025745,-0.025687,14.935783,10836,0.001720,0.074281,59641,24442,13286,8481,5851,4229,3201,2603,21815,1,1,1,1
23.0000,6770,1,1,76150,0,145807,0.522269,1,2,19,54,185594,27.92405,0.00174,2.36477,0.00641,1,1,3,1.241416,1.000000,1.083126,-0.233677,-0.233645,14.727834,6769,0.015864,0.047057,60477,24774,13636,8492,6081,4364,3368,2613,22001,1,1,1,1
23.9000,6770,1,1,77606,0,149148,0.520332,9,2,9,59,2890560,28.54788,0.00174,2.36477,0.00641,1,1,3,1.317190,1.000000,1.094338,-0.545599,-0.545558,14.415783,677,0.037845,0.004808,61646,25375,13939,8757,5980,4531,3376,2670,22873,1,1,1,1
22.3500,6782,1,1,74712,0,143408,0.520979,1,825,825,825,489823,27.46262,0.00164,2.37360,0.00550,1,1,2,1.058593,1.000000,49.840086,-0.014115,-0.014107,14.947402,11188,0.000944,0.076499,59675,24322,13253,8223,5907,4389,3262,2549,21827,1,1,1,1
22.4000,6782,1,1,74957,1,143899,0.520904,1,18,18,4498,332512,27.49727,0.00164,2.37360,0.00550,0,1,3,1.394060,1.063603,1.063603,-0.031150,-0.031101,14.930364,10849,0.002083,0.074265,59932,24492,13318,8298,5879,4334,3286,2574,21785,1,1,1,1
23.0000,6782,1,1,76086,0,146141,0.520638,3,44,44,44,174348,27.91324,0.00164,2.37360,0.00550,1,1,2,1.205626,1.000000,10.120327,-0.239306,-0.239279,14.721996,6779,0.016253,0.047062,60704,24989,13655,8606,5903,4317,3289,2538,22139,1,1,1,1
23.9000,6782,1,1,77576,0,149096,0.520313,1,86,86,742,1119797,28.53699,0.00164,2.37360,0.00550,1,1,2,1.396137,1.000000,41.104753,-0.551285,-0.551236,14.410201,676,0.038253,0.004795,61761,25396,13844,8824,6086,4362,3353,2581,22888,1,1,1,1
22.3500,6794,1,1,75334,0,143913,0.523473,6,1,12,118,412498,27.46646,0.00194,2.36764,0.00518,1,0,3,1.378474,1.000000,1.018171,-0.011732,-0.011684,14.949761,11209,0.000782,0.076495,59754,24596,13431,8501,5739,4317,3200,2555,21819,1,1,1,1
22.4000,6794,1,1,75114,0,144016,0.521571,1,40,40,40,110784,27.50115,0.00194,2.36764,0.00518,1,0,2,1.098144,1.000000,4.244989,-0.029188,-0.029174,14.932329,10869,0.001954,0.074261,59791,24358,13590,8467,5914,4404,3275,2489,21727,1,1,1,1
23.0000,6794,1,1,76205,1,146285,0.520939,45,7,101,101,556999,27.91709,0.00194,2.36764,0.00518,0,1,3,3.745348,3.182948,3.182948,-0.237141,-0.236946,14.724559,6791,0.016092,0.047053,60700,24890,13569,8649,5902,4353,3412,2593,22216,1,1,1,1
23.9000,6794,1,1,78014,0,149568,0.521599,1,112,515,515,177879,28.54087,0.00194,2.36764,0.00518,1,1,2,1.073279,1.000000,8.609811,-0.549100,-0.549090,14.412038,677,0.038099,0.004793,61871,25558,14073,8685,6061,4348,3413,2761,22797,1,1,1,1
22.3500,6806,1,1,75203,1,144300,0.521161,2,153,153,153,559952,27.46710,0.00213,2.36690,0.00514,0,1,3,2.835635,2.498033,2.498033,-0.011466,-0.011312,14.950185,11231,0.000757,0.076508,59894,24544,13563,8434,5889,4252,3297,2582,21844,1,1,1,1
22.4000,6806,1,1,75172,0,144429,0.520481,3,5,10,72,441618,27.50173,0.00213,2.36690,0.00514,1,0,2,1.197490,1.000000,1.319833,-0.028733,-0.028706,14.932781,10891,0.001922,0.074278,59938,24562,13687,8462,5830,4263,3247,2678,21761,1,1,1,1
23.0000,6806,1,1,76404,0,146384,0.521946,1,7,24,56,118143,27.91766,0.00213,2.36690,0.00514,1,1,2,1.316908,1.000000,3.227729,-0.236762,-0.236722,14.724621,6807,0.016077,0.047081,60560,24896,13728,8672,6053,4477,3322,2568,22107,1,1,1,1
23.9000,6806,1,1,78239,1,150397,0.520220,1,2,13,169,580573,28.54145,0.00213,2.36690,0.00514,0,0,3,1.705156,1.266782,1.266782,-0.548590,-0.548512,14.412847,682,0.038057,0.004819,62627,25455,14105,8832,6124,4460,3394,2730,22669,1,1,1,1
22.3500,6818,1,1,75400,0,144296,0.522541,1,3,3,24,338990,27.47374,0.00193,2.37118,0.00562,1,1,2,1.311833,1.000000,1.499051,-0.008187,-0.008147,14.953194,11247,0.000545,0.076466,59747,24463,13462,8670,5910,4371,3405,2608,21659,1,1,1,1
22.4000,6818,1,1,75355,1,144404,0.521838,2,36,36,36,1158617,27.50841,0.00193,2.37118,0.00562,0,1,3,3.428857,3.064655,3.064655,-0.025574,-0.025393,14.936107,10908,0.001700,0.074247,59808,24629,13215,8613,5972,4345,3296,2583,21942,1,1,1,1
23.0000,6818,1,1,76891,1,147277,0.522088,2,46,46,172,1105222,27.92432,0.00193,2.37118,0.00562,0,1,3,2.598989,2.006735,1.928596,-0.233493,-0.233353,14.728117,6815,0.015844,0.047042,61226,25154,13564,8634,5981,4419,3370,2739,22189,1,1,1,1
23.9000,6818,1,1,78064,0,150161,0.519872,5,3,26,65,210360,28.54813,0.00193,2.37118,0.00562,1,1,3,1.271562,1.000000,1.043086,-0.545352,-0.545317,14.416002,679,0.037827,0.004788,62007,25625,13959,8949,6016,4479,3495,2739,22891,1,1,1,1
22.3500,6830,1,1,75137,1,144326,0.520610,2,13,19,117,710785,27.47099,0.00166,2.36895,0.00622,0,1,3,5.349101,4.511638,4.511638,-0.009760,-0.009514,14.951977,11279,0.000636,0.076556,60065,24389,13331,8456,5831,4394,3336,2596,21927,1,1,1,1
22.4000,6830,1,1,75569,1,144655,0.522412,4,3,25,41,97214,27.50570,0.00166,2.36895,0.00622,0,1,3,2.303383,1.704672,1.704672,-0.027040,-0.026918,14.934597,10938,0.001802,0.074327,60072,24412,13502,8575,5810,4310,3324,2674,21975,1,1,1,1
23.0000,6830,1,1,76880,0,147357,0.521730,13,6,13,221,576798,27.92159,0.00166,2.36895,0.00622,1,1,2,1.409403,1.000000,3.356726,-0.235036,-0.234986,14.726442,6839,0.015957,0.047130,61073,25043,13802,8754,6004,4396,3374,2681,22229,1,1,1,1
23.9000,6830,1,1,78952,0,150958,0.523010,1,10,53,53,5375650,28.54542,0.00166,2.36895,0.00622,1,1,2,1.268000,1.000000,3.577965,-0.546957,-0.546922,14.414395,692,0.037943,0.004872,62880,25628,13883,8878,6262,4423,3472,2669,22862,1,1,1,1
22.3500,6842,1,1,75692,0,145176,0.521385,11,70,70,128,80092,27.47207,0.00132,2.37315,0.00617,1,1,2,1.073732,1.000000,5.376808,-0.009383,-0.009373,14.951760,11295,0.000627,0.076531,60550,24559,13419,8573,5940,4277,3286,2593,21978,1,1,1,1
22.4000,6842,1,1,75753,1,145147,0.521909,8,5,25,55,573459,27.50672,0.00132,2.37315,0.00617,0,1,3,1.998970,1.840424,1.840424,-0.026627,-0.026525,14.934562,10953,0.001776,0.074299,60260,24697,13579,8673,5805,4382,3215,2648,21887,1,1,1,1
23.0000,6842,1,1,76472,0,147167,0.519631,1,2,761,761,1881245,27.92269,0.00132,2.37315,0.00617,1,1,3,1.321787,1.000000,1.123002,-0.234570,-0.234529,14.726818,6847,0.015925,0.047101,61113,24931,13760,8668,5978,4388,3327,2666,22335,1,1,1,1
23.9000,6842,1,1,78768,0,150761,0.522473,1,3,4,63,276848,28.54644,0.00132,2.37315,0.00617,1,0,2,1.330877,1.000000,1.702963,-0.546483,-0.546441,14.415021,690,0.037908,0.004849,62344,25632,14110,8898,6126,4567,3501,2677,22905,1,1,1,1
22.3500,6854,1,1,75350,0,144664,0.520866,1,4,37,1186,965079,27.46615,0.00346,2.37268,0.00445,1,1,2,1.329650,1.000000,2.077148,-0.011185,-0.011143,14.950208,11317,0.000745,0.076554,59827,24776,13446,8453,5845,4388,3346,2617,21965,1,1,1,1
22.4000,6854,1,1,75434,0,144669,0.521428,4,22,22,37,818223,27.50083,0.00346,2.37268,0.00445,1,1,2,1.390979,1.000000,10.423514,-0.028647,-0.028598,14.932789,10974,0.001915,0.074320,59958,24271,13504,8732,5855,4370,3266,2640,22072,1,1,1,1
23.0000,6854,1,1,76654,0,147215,0.520698,19,2,51,131,667103,27.91678,0.00346,2.37268,0.00445,1,1,3,1.406912,1.000000,1.195328,-0.236463,-0.236413,14.725018,6861,0.016055,0.047121,60884,25098,13648,8598,6082,4411,3396,2535,22562,1,1,1,1
23.9000,6854,1,1,78590,0,151133,0.520009,1,2,227,227,81036,28.54056,0.00346,2.37268,0.00445,1,1,2,1.413886,1.000000,1.706860,-0.548374,-0.548324,14.413090,693,0.038043,0.004862,62635,25931,13736,8920,6121,4494,3497,2737,23061,1,1,1,1
22.3500,6866,1,1,75898,0,145218,0.522652,2,8,146,146,154531,27.47269,0.00264,2.37727,0.00571,1,1,2,1.180117,1.000000,1.873707,-0.008391,-0.008367,14.952894,11332,0.000560,0.076507,60302,24679,13516,8607,5821,4220,3434,2578,22060,1,1,1,1
22.4000,6866,1,1,75745,1,145544,0.520430,1,8,1296,1296,110393,27.50732,0.00264,2.37727,0.00571,0,1,3,2.414598,2.060746,2.060746,-0.025713,-0.025585,14.935908,10989,0.001713,0.074276,60173,24969,13478,8665,5917,4192,3384,2659,22106,1,1,1,1
23.0000,6866,1,1,77077,1,147973,0.520889,1,18,57,126,612579,27.92325,0.00264,2.37727,0.00571,0,1,3,10.386712,8.697938,8.697938,-0.233783,-0.233442,14.728071,6869,0.015850,0.047084,61467,25034,13744,8785,6073,4331,3522,2625,22391,1,1,1,1
23.9000,6866,1,1,78986,0,151251,0.522221,1,5,583,583,258822,28.54704,0.00264,2.37727,0.00571,1,1,2,1.385403,1.000000,2.856385,-0.545597,-0.545550,14.415835,690,0.037844,0.004832,62667,25560,14151,8830,6318,4649,3435,2681,22959,1,1,1,1
22.3500,6878,1,1,76120,0,145750,0.522268,3,29,171,291,329882,27.48366,0.00233,2.38568,0.00502,1,1,2,1.413530,1.000000,14.921887,-0.003193,-0.003143,14.958270,11354,0.000210,0.076495,60805,24722,13528,8445,5933,4276,3327,2628,22085,1,1,1,1
22.4000,6878,1,1,76145,1,145972,0.521645,1,3,33,585,185084,27.51832,0.00233,2.38568,0.00502,0,1,3,1.861461,1.362683,1.362683,-0.020352,-0.020261,14.941191,11010,0.001356,0.074262,60629,25003,13598,8490,5860,4349,3278,2635,22129,1,1,1,1
23.0000,6878,1,1,77217,1,147988,0.521782,1,109,109,109,531668,27.93423,0.00233,2.38568,0.00502,0,1,3,57.079859,48.782420,48.782420,-0.228568,-0.227980,14.733539,6883,0.015474,0.047080,61319,25275,13772,8720,5974,4455,3340,2588,22544,1,1,1,1
23.9000,6878,1,1,79179,1,151854,0.521419,1,2,22,39,1271273,28.55804,0.00233,2.38568,0.00502,0,1,3,2.078678,1.545742,1.545742,-0.540222,-0.540115,14.421184,693,0.037453,0.004843,62919,25925,14215,8851,6299,4568,3460,2819,22797,1,1,1,1
22.3500,6890,1,1,75932,0,145743,0.521003,2,12,49,51,1669826,27.47367,0.00306,2.38678,0.00570,1,1,2,1.115519,1.000000,1.521952,-0.007637,-0.007621,14.953578,11370,0.000510,0.076493,60376,24944,13360,8516,6074,4397,3299,2676,22100,1,1,1,1
22.4000,6890,1,1,76136,0,145919,0.521773,1,2,57,61,263060,27.50838,0.00306,2.38678,0.00570,1,0,3,1.309946,1.000000,1.093457,-0.024966,-0.024927,14.936541,11025,0.001669,0.074257,60789,24457,13566,8552,6076,4249,3302,2666,22261,1,1,1,1
23.0000,6890,1,1,77714,0,148836,0.522149,1,4,59,59,451624,27.92427,0.00306,2.38678,0.00570,1,1,3,1.172327,1.000000,1.051280,-0.232905,-0.232881,14.728317,6891,0.015812,0.047069,61940,25245,13759,8783,6053,4527,3461,2660,22407,1,1,1,1
23.9000,6890,1,1,78854,0,151621,0.520077,2,14,38,38,148482,28.54810,0.00306,2.38678,0.00570,1,1,2,1.132411,1.000000,2.203138,-0.544878,-0.544860,14.416359,690,0.037795,0.004815,62737,25828,14131,8968,6158,4533,3415,2723,23127,1,1,1,1
22.3500,6902,1,1,76395,1,146189,0.522581,5,149,149,149,96526,27.47860,0.00233,2.38468,0.00528,0,1,3,31.297437,30.475393,30.475393,-0.005733,-0.005234,14.955534,11394,0.000350,0.076511,60618,25006,13735,8561,6003,4360,3211,2614,22080,1,1,1,1
22.4000,6902,1,1,76080,0,145960,0.521242,1,1,25,31,379145,27.51325,0.00233,2.38468,0.00528,1,1,3,1.409573,1.000000,1.254337,-0.022825,-0.022775,14.938631,11049,0.001525,0.074278,60488,24729,13364,8696,6089,4331,3334,2637,22291,1,1,1,1
23.0000,6902,1,1,77285,1,148562,0.520224,4,33,33,65,102763,27.92922,0.00233,2.38468,0.00528,0,1,3,8.459387,8.041736,8.041736,-0.230945,-0.230635,14.730361,6907,0.015657,0.047090,61764,25053,13647,8964,6135,4492,3284,2699,22523,1,1,1,1
23.9000,6902,1,1,79351,1,152650,0.519827,2,32,32,32,375858,28.55297,0.00233,2.38468,0.00528,0,1,3,15.517227,13.506106,13.506106,-0.542858,-0.542461,14.419052,696,0.037621,0.004848,63566,25821,14279,8862,6304,4564,3569,2785,22899,1,1,1,1
22.3500,6914,1,1,76444,0,146368,0.522276,1,1,10,319,72342,27.47177,0.00448,2.38908,0.00449,1,1,3,1.413249,1.000000,1.283503,-0.007816,-0.007766,14.953658,11417,0.000519,0.076542,60990,24819,13617,8534,5925,4206,3333,2649,22294,1,1,1,1
22.4000,6914,1,1,76557,1,146349,0.523116,1,21,68,68,590044,27.50646,0.00448,2.38908,0.00449,0,1,3,4.907194,4.565559,4.565559,-0.025255,-0.025025,14.936484,11070,0.001675,0.074301,60640,25145,13485,8570,5957,4333,3299,2630,22289,1,1,1,1
23.0000,6914,1,1,77712,0,148915,0.521858,1,6,88,88,568777,27.92241,0.00448,2.38908,0.00449,1,1,2,1.221892,1.000000,1.812487,-0.233163,-0.233134,14.728159,6921,0.015829,0.047110,61723,25287,13860,8706,6161,4428,3354,2661,22734,1,1,1,1
23.9000,6914,1,1,79472,0,152873,0.519860,1,1,42,42,236796,28.54618,0.00448,2.38908,0.00449,1,1,3,1.334301,1.000000,1.020109,-0.545004,-0.544963,14.416394,699,0.037802,0.004861,63590,26120,14229,8964,6131,4628,3482,2699,23029,1,1,1,1
22.3500,6926,1,1,76147,1,146107,0.521176,10,129,129,129,223134407,27.47621,0.00333,2.38517,0.00508,0,1,3,1.268640,1.197259,1.197259,-0.006250,-0.006215,14.955296,11434,0.000416,0.076515,60274,24769,13748,8685,6006,4409,3351,2546,22318,1,1,1,1
22.4000,6926,1,1,76701,1,147279,0.520791,4,20,20,29,1991638,27.51084,0.00333,2.38517,0.00508,0,1,3,7.126854,6.357544,6.357544,-0.023684,-0.023400,14.938105,11087,0.001566,0.074278,61196,25006,13887,8735,6030,4410,3347,2638,22029,1,1,1,1
23.0000,6926,1,1,77320,0,148359,0.521172,1,3,39,152,122750,27.92677,0.00333,2.38517,0.00508,1,0,2,1.332499,1.000000,1.689092,-0.231551,-0.231510,14.729953,6932,0.015717,0.047098,61338,25147,13946,8632,6026,4393,3406,2639,22831,1,1,1,1
23.9000,6926,1,1,79385,1,152692,0.519906,2,7,9,66,418781,28.55056,0.00333,2.38517,0.00508,0,1,3,3.233355,2.651322,2.651322,-0.543481,-0.543311,14.418175,698,0.037682,0.004845,63337,25904,14292,8891,6299,4565,3448,2675,23280,1,1,1,1
22.3500,6938,1,1,76422,0,146754,0.520753,1,5,13,59,1978348,27.48390,0.00261,2.38527,0.00494,1,0,3,1.170591,1.000000,1.176165,-0.002739,-0.002716,14.958778,11452,0.000182,0.076485,60755,24947,13738,8507,5970,4492,3350,2683,22311,1,1,1,1
22.4000,6938,1,1,76810,0,147413,0.521057,1,25,31,109,2244454,27.51857,0.00261,2.38527,0.00494,1,1,2,1.139271,1.000000,3.904980,-0.020165,-0.020146,14.941082,11104,0.001348,0.074249,61360,25214,13645,8547,5956,4321,3309,2669,22391,1,1,1,1
23.0000,6938,1,1,77577,1,149104,0.520291,11,54,54,54,74807,27.93447,0.00261,2.38527,0.00494,0,1,3,26.140302,22.900187,22.900187,-0.228246,-0.227776,14.732902,6941,0.015460,0.047068,61752,25419,13873,8923,6008,4314,3437,2650,22727,1,1,1,1
23.9000,6938,1,1,79697,1,153429,0.519442,1,1,78,78,1165734,28.55829,0.00261,2.38527,0.00494,0,1,3,1.554436,1.111790,1.080615,-0.539925,-0.539861,14.421579,697,0.037434,0.004828,63685,26142,14295,9026,6240,4548,3497,2677,23318,1,1,1,1
22.3500,6950,1,1,76600,0,147138,0.520603,13,13,13,285,403663,27.48212,0.00342,2.38542,0.00661,1,1,2,1.090638,1.000000,1.318774,-0.003218,-0.003205,14.957964,11471,0.000214,0.076484,61205,25005,13644,8620,6033,4351,3320,2635,22324,1,1,1,1
22.4000,6950,1,1,76882,0,147824,0.520095,1,44,44,57,140069,27.51682,0.00342,2.38542,0.00661,1,1,2,1.085703,1.000000,4.073185,-0.020655,-0.020643,14.940518,11123,0.001382,0.074250,61356,25184,13773,8743,6025,4375,3357,2773,22237,1,1,1,1
23.0000,6950,1,1,77832,0,149315,0.521264,1,4,17,35,222699,27.93271,0.00342,2.38542,0.00661,1,0,2,1.359225,1.000000,2.373618,-0.228559,-0.228515,14.732941,6953,0.015510,0.047068,61895,25261,14041,8799,6058,4403,3313,2762,22782,1,1,1,1
23.9000,6950,1,1,79968,0,153316,0.521593,1,3,130,285,200426,28.55654,0.00342,2.38542,0.00661,1,1,2,1.367420,1.000000,1.714023,-0.540453,-0.540408,14.420968,698,0.037474,0.004827,63954,25886,14040,8996,6167,4613,3613,2741,23305,1,1,1,1
22.3500,6962,1,1,77039,1,147466,0.522422,2,9,232,232,113040,27.48050,0.00420,2.38787,0.00507,0,1,3,2.869537,2.148290,2.140964,-0.003649,-0.003497,14.957966,11491,0.000234,0.076485,61185,25078,13887,8703,5970,4395,3350,2703,22194,1,1,1,1
22.4000,6962,1,1,76968,0,147373,0.522270,1,1,12,14,3533978,27.51515,0.00420,2.38787,0.00507,1,1,3,1.159516,1.000000,1.092456,-0.020917,-0.020896,14.940219,11143,0.001399,0.074257,61309,24987,13684,8531,5936,4398,3335,2654,22538,1,1,1,1
23.0000,6962,1,1,78466,0,150158,0.522560,1,23,23,39,1161022,27.93112,0.00420,2.38787,0.00507,1,0,2,1.144879,1.000000,3.787294,-0.228999,-0.228980,14.732519,6965,0.015542,0.047069,62596,25306,13941,8846,6124,4490,3405,2725,22724,1,1,1,1
23.9000,6962,1,1,80004,0,153233,0.522110,14,3,14,40,247543,28.55487,0.00420,2.38787,0.00507,1,0,3,1.321340,1.000000,1.302837,-0.540794,-0.540754,14.420713,700,0.037498,0.004833,63279,26031,14469,8979,6230,4535,3659,2788,23262,1,1,1,1
22.3500,6974,1,1,77071,1,147610,0.522129,1,24,24,24,465320,27.47700,0.00250,2.38812,0.00487,0,0,3,2.429289,1.923033,1.923033,-0.006222,-0.006095,14.955226,11509,0.000408,0.076487,61400,25179,13668,8662,5960,4379,3328,2523,22510,1,1,1,1
22.4000,6974,1,1,77045,1,147777,0.521363,7,3,7,131,196664,27.51169,0.00250,2.38812,0.00487,0,1,3,2.068749,1.635771,1.635771,-0.023556,-0.023452,14.937650,11160,0.001570,0.074255,61190,25324,13875,8687,5973,4388,3422,2651,22266,1,1,1,1
23.0000,6974,1,1,78400,0,150225,0.521887,3,5,5,91,212401,27.92763,0.00250,2.38812,0.00487,1,0,2,1.229716,1.000000,1.426122,-0.231520,-0.231490,14.729995,6975,0.015716,0.047064,62278,25441,14182,8845,6243,4391,3420,2661,22763,1,1,1,1
23.9000,6974,1,1,79914,0,153474,0.520704,1,7,15,170,317378,28.55141,0.00250,2.38812,0.00487,1,1,2,1.206787,1.000000,1.984722,-0.543430,-0.543403,14.417883,699,0.037690,0.004819,63450,26118,14311,9164,6259,4565,3507,2715,23384,1,1,1,1
22.3500,6986,1,1,77150,0,147705,0.522328,1,40,40,91,636087,27.48337,0.00279,2.38499,0.00511,1,1,2,1.236157,1.000000,10.939932,-0.003094,-0.003064,14.958420,11530,0.000205,0.076479,61234,24914,13838,8688,6058,4425,3358,2671,22518,1,1,1,1
22.4000,6986,1,1,77153,1,148168,0.520716,3,2,359,359,132074,27.51800,0.00279,2.38499,0.00511,0,1,3,1.455615,1.146120,1.146120,-0.020246,-0.020192,14.941323,11177,0.001351,0.074222,61491,25168,13744,8925,5859,4421,3343,2608,22608,1,1,1,1
23.0000,6986,1,1,78261,1,150185,0.521101,1,3,11,32,14381165,27.93393,0.00279,2.38499,0.00511,0,1,3,2.694329,2.079478,2.079478,-0.228251,-0.228110,14.733400,6985,0.015482,0.047039,62183,25321,14152,8788,6139,4469,3465,2698,22969,1,1,1,1
23.9000,6986,1,1,80517,1,154130,0.522400,1,9,9,35,611276,28.55772,0.00279,2.38499,0.00511,0,1,3,1.513836,1.321335,1.321335,-0.540117,-0.540058,14.421441,698,0.037448,0.004802,63954,26326,14362,8935,6231,4553,3506,2761,23501,1,1,1,1
22.3500,6998,1,1,77233,1,148055,0.521654,1,3,5,18,103324,27.48839,0.00219,2.37931,0.00747,0,1,3,1.711978,1.362331,1.362331,-0.000717,-0.000640,14.960841,11556,0.000043,0.076507,61448,25226,13819,8838,5883,4352,3317,2682,22489,1,1,1,1
22.4000,6998,1,1,78016,0,148869,0.524062,1,4,16,51,847845,27.52305,0.00219,2.37931,0.00747,1,1,2,1.215239,1.000000,1.247051,-0.018044,-0.018016,14.943276,11206,0.001206,0.074277,62106,25141,13897,8740,6124,4413,3376,2611,22460,1,1,1,1
23.0000,6998,1,1,78402,0,150996,0.519236,5,5,10,47,710338,27.93896,0.00219,2.37931,0.00747,1,1,2,1.251643,1.000000,1.622659,-0.226017,-0.225985,14.735330,7008,0.015336,0.047107,62790,25825,13974,8872,6070,4552,3431,2737,22744,1,1,1,1
23.9000,6998,1,1,80887,1,154611,0.523168,1,9,9,930,269465,28.56278,0.00219,2.37931,0.00747,0,1,3,2.109831,1.826683,1.826683,-0.537932,-0.537825,14.423673,709,0.037288,0.004869,64130,26495,14333,9046,6356,4684,3454,2686,23426,1,1,1,1
22.3500,7010,1,1,77002,0,148235,0.519462,1,3,4,27,523875,27.48723,0.00249,2.37846,0.00599,1,1,3,1.239642,1.000000,1.114455,-0.001116,-0.001086,14.960223,11576,0.000073,0.076512,61672,25178,13812,8625,5936,4342,3339,2671,22659,1,1,1,1
22.4000,7010,1,1,77367,1,148382,0.521408,2,5,24,35,571655,27.52193,0.00249,2.37846,0.00599,0,1,3,3.455194,2.775719,2.775719,-0.018534,-0.018357,14.943146,11223,0.001228,0.074263,61613,25293,13650,8805,5914,4368,3376,2646,22716,1,1,1,1
23.0000,7010,1,1,78831,1,151252,0.521193,1,8,20,26,1167769,27.93782,0.00249,2.37846,0.00599,0,1,3,1.918344,1.736439,1.736439,-0.226445,-0.226352,14.735153,7015,0.015361,0.047074,62608,25868,14220,9004,6181,4530,3290,2713,22837,1,1,1,1
23.9000,7010,1,1,80679,1,154771,0.521283,1,2,73,73,251208,28.56165,0.00249,2.37846,0.00599,0,1,3,1.591673,1.153061,1.153061,-0.538331,-0.538265,14.423186,707,0.037319,0.004847,64239,26306,14436,9127,6247,4645,3502,2747,23521,1,1,1,1
22.3500,7022,1,1,77232,0,148440,0.520295,1,1,34,34,321347,27.48755,0.00229,2.38153,0.00656,1,0,3,1.413401,1.000000,1.084385,-0.001026,-0.000976,14.960441,11592,0.000065,0.076485,61585,25216,13781,8762,6086,4353,3302,2674,22680,1,1,1,1
22.4000,7022,1,1,77645,1,148658,0.522310,2,60,94,94,1585216,27.52220,0.00229,2.38153,0.00656,0,0,3,2.301728,1.917699,1.917699,-0.018393,-0.018275,14.943009,11241,0.001223,0.074256,61673,25166,13972,8790,5950,4405,3329,2620,22752,1,1,1,1
23.0000,7022,1,1,79190,0,151375,0.523141,1,3,17,34,1130788,27.93817,0.00229,2.38153,0.00656,1,0,3,1.279349,1.000000,1.251585,-0.226348,-0.226313,14.735164,7033,0.015359,0.047114,62838,25715,14117,8831,6223,4470,3470,2710,23000,1,1,1,1
23.9000,7022,1,1,80186,0,154739,0.518205,5,6,38,148,1165981,28.56192,0.00229,2.38153,0.00656,1,1,2,1.246243,1.000000,1.870758,-0.538253,-0.538222,14.423091,709,0.037317,0.004852,64466,26106,14383,9020,6325,4703,3495,2741,23499,1,1,1,1
22.3500,7034,1,1,77668,0,149325,0.520131,3,8,15,83,461020,27.49075,0.00346,2.38743,0.00591,1,1,2,1.337105,1.000000,3.505996,0.001094,0.001135,14.962600,11609,-0.000076,0.076456,62207,25419,13835,8914,5960,4457,3414,2599,22519,1,1,1,1
22.4000,7034,1,1,77886,0,149352,0.521496,50,12,52,66,257621,27.52544,0.00346,2.38743,0.00591,1,1,2,1.300424,1.000000,4.178925,-0.016262,-0.016225,14.945249,11261,0.001086,0.074250,62080,25505,13720,8783,6177,4428,3410,2585,22663,1,1,1,1
23.0000,7034,1,1,78881,1,151491,0.520701,1,7,9,71,1036369,27.94139,0.00346,2.38743,0.00591,0,1,3,1.932134,1.448439,1.448439,-0.224158,-0.224064,14.737401,7038,0.015204,0.047060,63154,25589,14031,8893,6037,4413,3506,2732,23135,1,1,1,1
23.9000,7034,1,1,80230,0,154542,0.519150,11,4,47,47,1004983,28.56516,0.00346,2.38743,0.00591,1,1,3,1.225520,1.000000,1.063837,-0.536024,-0.535995,14.425306,705,0.037157,0.004816,63924,26382,14420,9016,6274,4642,3356,2761,23766,1,1,1,1
22.3500,7046,1,1,77745,1,148990,0.521817,1,133,133,133,134544,27.48989,0.00289,2.38419,0.00511,0,1,3,4.292534,4.084573,4.084573,0.000291,0.000498,14.962012,11633,-0.000033,0.076486,61637,25338,14055,8705,5983,4548,3348,2643,22732,1,1,1,1
22.4000,7046,1,1,77826,0,148941,0.522533,11,2,61,63,1081524,27.52452,0.00289,2.38419,0.00511,1,1,3,1.315205,1.000000,1.058866,-0.016925,-0.016886,14.944466,11279,0.001130,0.074246,61493,25372,14050,8779,6062,4470,3263,2659,22792,1,1,1,1
23.0000,7046,1,1,79040,0,151952,0.520168,4,2,27,93,15307170,27.94045,0.00289,2.38419,0.00511,1,1,3,1.401939,1.000000,1.285076,-0.224901,-0.224853,14.736549,7051,0.015258,0.047069,63159,25780,14143,8994,6290,4476,3381,2771,22957,1,1,1,1
23.9000,7046,1,1,80908,0,155150,0.521486,3,11,11,25,300066,28.56424,0.00289,2.38419,0.00511,1,1,2,1.150172,1.000000,1.970015,-0.536830,-0.536810,14.424434,710,0.037215,0.004842,64073,26548,14641,9050,6369,4591,3459,2774,23644,1,1,1,1
22.3500,7058,1,1,78116,0,149664,0.521946,1,1,14,59,206421,27.49007,0.00443,2.37826,0.00710,1,0,3,1.200335,1.000000,1.040413,0.001274,0.001300,14.962442,11647,-0.000087,0.076446,62103,25506,14133,8709,6071,4445,3445,2702,22549,1,1,1,1
22.4000,7058,1,1,78077,1,149621,0.521835,1,7,308,308,53304,27.52474,0.00443,2.37826,0.00710,0,1,3,1.947250,1.877241,1.877241,-0.016106,-0.016012,14.945505,11294,0.001071,0.074213,62039,25415,13997,8878,6129,4455,3365,2700,22642,1,1,1,1
23.0000,7058,1,1,79143,1,152326,0.519567,1,12,12,19,757167,27.94065,0.00443,2.37826,0.00710,0,1,3,2.949249,2.527395,2.527395,-0.224083,-0.223930,14.737568,7060,0.015194,0.047046,63314,25973,14229,9014,6169,4383,3450,2730,23063,1,1,1,1
23.9000,7058,1,1,80889,1,155290,0.520893,1,8,8,84,2599275,28.56446,0.00443,2.37826,0.00710,0,1,3,5.576039,4.473661,4.473661,-0.536029,-0.535786,14.425722,707,0.037141,0.004813,64199,26608,14277,9195,6349,4566,3505,2750,23840,1,1,1,1
22.3500,7070,1,1,78084,0,149924,0.520827,2,11,22,200,110177,27.49717,0.00385,2.37314,0.00731,1,0,2,1.110805,1.000000,1.470341,0.004524,0.004539,14.966045,11667,-0.000303,0.076429,62219,25567,13930,8863,6022,4520,3416,2669,22717,1,1,1,1
22.4000,7070,1,1,78263,1,149838,0.522321,1,1,5,17,95048,27.53188,0.00385,2.37314,0.00731,0,0,3,1.520623,1.178829,1.178829,-0.012811,-0.012752,14.948587,11313,0.000853,0.074197,62026,25550,13984,8875,6011,4461,3434,2655,22841,1,1,1,1
23.0000,7070,1,1,79196,0,152454,0.519478,5,15,43,43,238433,27.94777,0.00385,2.37314,0.00731,1,1,2,1.343080,1.000000,6.122222,-0.220876,-0.220834,14.740533,7071,0.014981,0.047030,63188,25892,14458,8834,6203,4542,3416,2696,23224,1,1,1,1
23.9000,7070,1,1,81239,1,156160,0.520233,6,2,120,120,104544,28.57160,0.00385,2.37314,0.00731,0,1,3,2.030705,1.490689,1.490689,-0.532691,-0.532591,14.428867,708,0.036912,0.004811,64986,26380,14621,9220,6262,4628,3527,2839,23696,1,1,1,1
22.3500,7082,1,1,78536,0,150301,0.522528,2,5,5,278,334885507,27.51084,0.00381,2.38014,0.00640,1,0,3,1.189120,1.000000,1.181241,0.011372,0.011397,14.972891,11687,-0.000761,0.076395,62395,25478,14030,8838,6059,4588,3521,2625,22766,1,1,1,1
22.4000,7082,1,1,78563,1,150230,0.522955,2,2,511,511,463872,27.54549,0.00381,2.38014,0.00640,0,1,3,1.831820,1.402468,1.402468,-0.005962,-0.005876,14.955422,11330,0.000393,0.074148,62300,25686,13920,8769,6122,4451,3405,2679,22897,1,1,1,1
23.0000,7082,1,1,79733,1,152534,0.522726,1,12,16,24,88143,27.96146,0.00381,2.38014,0.00640,0,1,3,7.223495,5.886226,5.886226,-0.214048,-0.213769,14.747353,7080,0.014495,0.046988,63700,25747,14071,8903,6228,4454,3480,2726,23224,1,1,1,1
23.9000,7082,1,1,81640,0,156631,0.521228,1,5,128,175,3939455,28.58521,0.00381,2.38014,0.00640,1,1,2,1.195097,1.000000,1.435281,-0.525823,-0.525798,14.435485,709,0.036424,0.004807,64998,26369,14857,9161,6460,4674,3605,2863,23643,1,1,1,1
22.3500,7094,1,1,78265,1,150094,0.521443,1,1,238,238,402237,27.50431,0.00268,2.38268,0.00571,0,1,3,1.636492,1.158185,1.158185,0.007566,0.007636,14.969054,11713,-0.000510,0.076455,62186,25379,14065,8824,6131,4504,3472,2684,22848,1,1,1,1
22.4000,7094,1,1,78550,0,150515,0.521878,1,2,50,120,582827,27.53900,0.00268,2.38268,0.00571,1,1,2,1.316604,1.000000,1.454995,-0.009795,-0.009756,14.951598,11356,0.000652,0.074212,62512,25647,13879,8793,6203,4502,3386,2736,22856,1,1,1,1
23.0000,7094,1,1,79735,1,152917,0.521430,1,9,69,69,95818,27.95495,0.00268,2.38268,0.00571,0,1,3,4.206010,3.545800,3.545800,-0.217832,-0.217629,14.743867,7099,0.014761,0.047046,63419,25960,14242,8964,6209,4560,3483,2845,23234,1,1,1,1
23.9000,7094,1,1,81992,0,157231,0.521478,1,2,91,91,132284,28.57872,0.00268,2.38268,0.00571,1,1,3,1.270646,1.000000,1.290979,-0.529644,-0.529610,14.431720,715,0.036698,0.004841,65416,26776,14596,9221,6367,4673,3592,2881,23708,1,1,1,1
22.3500,7106,1,1,78543,1,150594,0.521558,1,37,43,47,348642,27.49983,0.00255,2.37532,0.00510,0,1,3,2.059933,1.458525,1.112484,0.005186,0.005288,14.966705,11728,-0.000353,0.076436,62486,25811,14017,8794,6162,4373,3368,2654,22928,1,1,1,1
22.4000,7106,1,1,78614,0,150780,0.521386,1,2655,2655,2655,3514189,27.53446,0.00255,2.37532,0.00510,1,1,2,1.035446,1.000000,95.828901,-0.012442,-0.012437,14.949080,11373,0.000832,0.074210,62834,25464,13746,8959,6219,4456,3376,2671,23054,1,1,1,1
23.0000,7106,1,1,79774,0,152903,0.521733,1,3,31,411,406315,27.95039,0.00255,2.37532,0.00510,1,1,2,1.413702,1.000000,2.318980,-0.220142,-0.220094,14.741327,7109,0.014930,0.047041,63312,26019,14213,8945,6240,4683,3457,2831,23202,1,1,1,1
23.9000,7106,1,1,81777,1,157018,0.520816,4,5,114,114,2121028,28.57418,0.00255,2.37532,0.00510,0,1,3,1.728121,1.453598,1.453598,-0.532007,-0.531930,14.429564,714,0.036864,0.004827,64969,26859,14843,9216,6464,4688,3494,2771,23713,1,1,1,1
22.3500,7118,1,1,78417,1,150561,0.520836,3,3,29,1302,179301,27.50870,0.00245,2.37891,0.00602,0,1,3,2.354313,1.787783,1.787783,0.009554,0.009675,14.970845,11746,-0.000646,0.076403,62445,25430,14038,8961,6145,4623,3460,2661,22797,1,1,1,1
22.4000,7118,1,1,78791,1,150668,0.522948,40,4,44,44,2026216,27.54336,0.00245,2.37891,0.00602,0,1,3,1.708300,1.211438,1.162168,-0.007744,-0.007669,14.953766,11390,0.000513,0.074172,62580,25542,13982,8826,6177,4433,3451,2684,22992,1,1,1,1
23.0000,7118,1,1,80528,0,154150,0.522404,1,1,16,32,1326703,27.95927,0.00245,2.37891,0.00602,1,0,3,1.378802,1.000000,1.013186,-0.215693,-0.215647,14.745806,7119,0.014624,0.047013,64133,26220,14444,9074,6282,4642,3494,2771,23089,1,1,1,1
23.9000,7118,1,1,81779,1,157293,0.519918,7,6,7,1199,365615,28.58309,0.00245,2.37891,0.00602,0,1,3,2.399743,2.209632,2.209632,-0.527654,-0.527532,14.433572,713,0.036549,0.004810,65190,26862,14659,9194,6395,4608,3522,2810,24052,1,1,1,1
22.3500,7130,1,1,78460,0,150764,0.520419,1,70,70,92,1061969,27.51221,0.00136,2.38465,0.00726,1,1,2,1.093727,1.000000,6.984499,0.010691,0.010703,14.971889,11767,-0.000715,0.076406,62502,25552,14122,8842,6070,4561,3445,2689,22980,1,1,1,1
22.4000,7130,1,1,79090,0,151482,0.522112,4,4,4,129,10738467,27.54692,0.00136,2.38465,0.00726,1,1,2,1.371016,1.000000,2.097358,-0.006578,-0.006534,14.954923,11409,0.000437,0.074165,63202,25496,14181,8949,6195,4409,3432,2653,22964,1,1,1,1
23.0000,7130,1,1,80259,1,153784,0.521898,1,11,11,129,160252,27.96281,0.00136,2.38465,0.00726,0,1,3,5.814615,4.881055,4.881055,-0.214581,-0.214334,14.746887,7131,0.014534,0.047010,63547,26262,14629,9093,6262,4578,3468,2750,23194,1,1,1,1
23.9000,7130,1,1,81837,1,157527,0.519514,1,197,197,197,238919,28.58664,0.00136,2.38465,0.00726,0,1,3,12.112733,11.203156,11.203156,-0.526556,-0.526206,14.435305,714,0.036453,0.004808,65404,26661,14964,9196,6245,4809,3488,2784,23975,1,1,1,1
22.3500,7142,1,1,78941,1,150973,0.522885,1,1,52,109,1697954,27.51431,0.00136,2.38114,0.00584,0,0,3,1.518155,1.079725,1.079725,0.011892,0.011950,14.973360,11787,-0.000798,0.076399,62362,25771,14137,8999,6122,4488,3472,2803,22818,1,1,1,1
22.4000,7142,1,1,78885,1,151392,0.521068,1,1,7,279,388725,27.54896,0.00136,2.38114,0.00584,0,1,3,1.443185,1.027514,1.027514,-0.005422,-0.005370,14.956038,11429,0.000359,0.074165,62566,25865,14163,8899,6144,4542,3379,2726,23107,1,1,1,1
23.0000,7142,1,1,80073,1,154058,0.519762,64,3,64,64,204421,27.96492,0.00136,2.38114,0.00584,0,1,3,2.305671,1.869591,1.869591,-0.213454,-0.213337,14.747454,7143,0.014466,0.047008,63795,26007,14665,9123,6288,4607,3387,2790,23395,1,1,1,1
23.9000,7142,1,1,82325,1,157744,0.521893,2,9,29,29,121332,28.58868,0.00136,2.38114,0.00584,0,0,3,2.431273,2.067837,2.067837,-0.525339,-0.525215,14.436056,717,0.036382,0.004820,65466,26948,14558,9340,6318,4692,3576,2759,24086,1,1,1,1
22.3500,7154,1,1,78874,0,151174,0.521747,5,30,37,188,282709,27.51182,0.00145,2.38964,0.00593,1,1,2,1.328920,1.000000,11.647455,0.010547,0.010587,14.971950,11804,-0.000707,0.076388,62656,25562,14110,9008,6059,4487,3454,2706,23131,1,1,1,1
22.4000,7154,1,1,79169,1,151838,0.521408,5,8,19,662,1766349,27.54651,0.00145,2.38964,0.00593,0,1,3,5.969565,4.527464,4.527464,-0.006730,-0.006480,14.954522,11446,0.000433,0.074158,63209,25761,14075,8838,6184,4538,3361,2833,23038,1,1,1,1
23.0000,7154,1,1,80398,0,154219,0.521327,1,3,23,169,346719,27.96246,0.00145,2.38964,0.00593,1,1,2,1.406755,1.000000,2.003571,-0.214645,-0.214597,14.746814,7153,0.014552,0.046997,64162,26159,14229,9026,6281,4502,3556,2748,23555,1,1,1,1
23.9000,7154,1,1,82740,0,158343,0.522540,2,5,54,54,477296,28.58623,0.00145,2.38964,0.00593,1,1,2,1.278083,1.000000,1.816186,-0.526524,-0.526490,14.434847,715,0.036474,0.004799,66181,26840,14618,9209,6368,4675,3508,2934,24009,1,1,1,1
22.3500,7166,1,1,79022,0,151341,0.522149,2,3,5,17,516300,27.51455,0.00135,2.38872,0.00705,1,1,3,1.272067,1.000000,1.164016,0.011947,0.011980,14.973314,11821,-0.000800,0.076363,62863,25639,14030,8751,6154,4510,3456,2688,23249,1,1,1,1
22.4000,7166,1,1,79258,0,152076,0.521177,1,2,217,217,339709,27.54918,0.00135,2.38872,0.00705,1,0,2,1.355877,1.000000,1.401440,-0.005381,-0.005338,14.956125,11463,0.000357,0.074136,62864,26054,14137,8985,6267,4607,3458,2773,22930,1,1,1,1
23.0000,7166,1,1,80866,0,154608,0.523042,4,2,8,56,287831,27.96511,0.00135,2.38872,0.00705,1,0,3,1.344543,1.000000,1.069297,-0.213322,-0.213281,14.748185,7163,0.014462,0.046979,64114,26323,14488,9057,6289,4593,3449,2733,23561,1,1,1,1
23.9000,7166,1,1,82287,1,158171,0.520244,7,6,56,56,167494,28.58890,0.00135,2.38872,0.00705,0,1,3,3.060493,2.569889,2.569889,-0.525283,-0.525127,14.436374,714,0.036375,0.004784,65630,26822,14677,9482,6408,4640,3656,2800,24055,1,1,1,1
22.3500,7178,1,1,79406,0,152216,0.521670,13,5,101,430,185051,27.51912,0.00164,2.38464,0.00584,1,1,2,1.400447,1.000000,2.595256,0.014340,0.014387,14.975832,11848,-0.000961,0.076397,63092,25875,14159,8896,6202,4567,3549,2769,23106,1,1,1,1
22.4000,7178,1,1,79413,1,152081,0.522179,2,6,6,32,3365057,27.55379,0.00164,2.38464,0.00584,0,0,3,1.938737,1.623820,1.623820,-0.002961,-0.002869,14.958417,11490,0.000192,0.074175,63108,25653,14238,9033,6266,4492,3346,2805,23139,1,1,1,1
23.0000,7178,1,1,80759,1,154759,0.521841,3,3,110,118,170145,27.96970,0.00164,2.38464,0.00584,0,1,3,2.093984,1.668577,1.668577,-0.210916,-0.210813,14.750427,7181,0.014292,0.047011,64485,26302,14208,8991,6351,4487,3579,2792,23563,1,1,1,1
23.9000,7178,1,1,82307,1,158184,0.520328,16,6,33,33,449910,28.59351,0.00164,2.38464,0.00584,0,0,3,1.160484,1.101630,1.101630,-0.522794,-0.522773,14.438339,722,0.036207,0.004829,65513,27134,14509,9436,6308,4782,3589,2827,24085,1,1,1,1
22.3500,7190,1,1,79427,1,152303,0.521510,1,7,7,743,181060,27.50938,0.00317,2.38696,0.00582,0,1,3,5.521763,4.194580,4.194580,0.010220,0.010458,14.971963,11871,-0.000698,0.076437,63360,25856,14126,8905,6176,4523,3514,2682,23160,1,1,1,1
22.4000,7190,1,1,79728,0,152938,0.521313,3,5,27,27,856765,27.54409,0.00317,2.38696,0.00582,1,0,2,1.288208,1.000000,2.120788,-0.007084,-0.007049,14.954431,11511,0.000471,0.074206,63447,26344,14350,8851,6270,4556,3483,2619,23017,1,1,1,1
23.0000,7190,1,1,81057,1,155146,0.522460,20,2,82,82,304136,27.95998,0.00317,2.38696,0.00582,0,1,3,1.220858,1.076798,1.076798,-0.214977,-0.214949,14.746566,7197,0.014576,0.047050,64514,26387,14412,9162,6281,4535,3650,2742,23462,1,1,1,1
23.9000,7190,1,1,82409,1,158425,0.520180,2,37,49,1344,225136,28.58381,0.00317,2.38696,0.00582,0,1,3,11.089901,10.337717,10.337717,-0.527056,-0.526721,14.434357,727,0.036491,0.004855,65653,26843,14598,9394,6427,4824,3596,2854,24235,1,1,1,1
22.3500,7202,1,1,79310,0,152473,0.520161,10,4,18,114,23971797,27.50818,0.00164,2.38461,0.00629,1,1,2,1.382905,1.000000,1.977603,0.008922,0.008967,14.970361,11887,-0.000599,0.076421,63194,26092,14255,8970,6224,4421,3445,2671,23200,1,1,1,1
22.4000,7202,1,1,79534,0,152462,0.521668,1,2,39,61,1746979,27.54282,0.00164,2.38461,0.00629,1,1,3,1.312943,1.000000,1.017982,-0.008351,-0.008313,14.953043,11527,0.000556,0.074192,63026,26020,14179,8854,6339,4591,3607,2719,23126,1,1,1,1
23.0000,7202,1,1,81188,0,155315,0.522735,3,209,209,362,90911,27.95879,0.00164,2.38461,0.00629,1,0,2,1.006157,1.000000,1.320086,-0.216355,-0.216354,14.745169,7205,0.014673,0.047028,64504,26162,14551,9137,6336,4668,3599,2754,23603,1,1,1,1
23.9000,7202,1,1,82657,1,159021,0.519790,3,6,83,265,718698,28.58254,0.00164,2.38461,0.00629,0,1,3,3.451860,2.883563,2.883563,-0.528287,-0.528115,14.433051,724,0.036591,0.004828,66241,26760,14699,9409,6532,4790,3559,2792,24238,1,1,1,1
22.3500,7214,1,1,80099,1,153197,0.522853,1,1,37,122,289658,27.50320,0.00228,2.37480,0.00540,0,1,3,1.717849,1.214896,1.214896,0.006816,0.006891,14.968316,11909,-0.000460,0.076445,63605,26195,14231,9058,6315,4550,3437,2734,23071,1,1,1,1
22.4000,7214,1,1,80001,1,153177,0.522282,1,5,10,122,344206,27.53789,0.00228,2.37480,0.00540,0,1,3,3.040000,2.508171,2.508171,-0.010582,-0.010427,14.951073,11548,0.000697,0.074214,63598,26020,14534,8941,6044,4658,3540,2698,23143,1,1,1,1
23.0000,7214,1,1,81356,0,155599,0.522860,4,2,10,59,94416,27.95384,0.00228,2.37480,0.00540,1,0,3,1.351772,1.000000,1.153137,-0.218498,-0.218456,14.743009,7220,0.014818,0.047054,64702,26457,14392,9084,6265,4754,3589,2780,23575,1,1,1,1
23.9000,7214,1,1,82895,1,159020,0.521290,1,6,15,136,868760,28.57761,0.00228,2.37480,0.00540,0,1,3,3.819419,3.092388,3.092388,-0.530456,-0.530270,14.431038,727,0.036745,0.004840,65983,27242,14684,9440,6270,4607,3547,2836,24410,1,1,1,1
22.3500,7226,1,1,79804,0,153057,0.521404,1,29,29,1310,62626,27.49946,0.00153,2.37035,0.00478,1,1,2,1.351555,1.000000,12.727955,0.004328,0.004369,14.965746,11924,-0.000292,0.076428,63701,26048,14083,8963,6253,4557,3405,2764,23282,1,1,1,1
22.4000,7226,1,1,79917,1,153254,0.521471,1,9,9,136,42362274,27.53409,0.00153,2.37035,0.00478,0,1,3,4.036044,3.347341,3.347341,-0.012894,-0.012701,14.948793,11563,0.000850,0.074198,63692,25876,14277,9017,6214,4628,3586,2694,23269,1,1,1,1
23.0000,7226,1,1,81792,0,156480,0.522703,1,8,15,568,571519,27.95001,0.00153,2.37035,0.00478,1,0,2,1.205477,1.000000,2.198491,-0.220828,-0.220802,14.740692,7228,0.014979,0.047036,65196,26967,14361,9258,6197,4606,3498,2817,23579,1,1,1,1
23.9000,7226,1,1,83428,0,159810,0.522048,1,2,15,103,936460,28.57381,0.00153,2.37035,0.00478,1,1,2,1.413022,1.000000,1.512394,-0.532699,-0.532651,14.428771,724,0.036916,0.004813,66410,27036,14805,9452,6495,4805,3691,2862,24253,1,1,1,1
22.3500,7238,1,1,79897,1,153525,0.520420,1,9,9,104,193076,27.49539,0.00261,2.37622,0.00553,0,1,3,5.706203,4.690843,4.690843,0.002922,0.003163,14.964673,11946,-0.000211,0.076447,64101,26117,14155,8953,6275,4510,3403,2700,23310,1,1,1,1
22.4000,7238,1,1,79928,0,153829,0.519593,2,5,7,188,136273,27.53006,0.00261,2.37622,0.00553,1,1,2,1.408938,1.000000,2.864469,-0.014377,-0.014330,14.947110,11586,0.000959,0.074231,63855,26323,14465,9065,6233,4517,3441,2793,23136,1,1,1,1
23.0000,7238,1,1,80848,0,155429,0.520164,1,13,13,293,234665,27.94597,0.00261,2.37622,0.00553,1,1,2,1.397818,1.000000,6.906550,-0.222392,-0.222345,14.739103,7241,0.015085,0.047047,64509,26374,14222,9028,6264,4607,3608,2869,23947,1,1,1,1
23.9000,7238,1,1,83181,1,159805,0.520519,1,6,6,52,148492,28.56978,0.00261,2.37622,0.00553,0,1,3,2.578369,2.004290,2.004290,-0.534213,-0.534082,14.427399,730,0.037019,0.004846,66174,27317,14919,9375,6514,4754,3527,2841,24383,1,1,1,1
22.3500,7250,1,1,80092,0,153641,0.521297,1,3,25,882,273939,27.49361,0.00295,2.36568,0.00476,1,0,2,1.350762,1.000000,1.850822,0.002282,0.002323,14.963789,11962,-0.000155,0.076428,63810,26061,14394,9006,6293,4538,3386,2804,23348,1,1,1,1
22.4000,7250,1,1,79863,1,153442,0.520480,6,4,13,13,101842,27.52831,0.00295,2.36568,0.00476,0,0,3,1.512250,1.377343,1.377343,-0.015050,-0.014993,14.946205,11599,0.001003,0.074195,63728,25991,14254,9000,6243,4645,3443,2737,23400,1,1,1,1
23.0000,7250,1,1,81320,0,155753,0.522112,2,12,12,492,109947,27.94420,0.00295,2.36568,0.00476,1,1,2,1.328826,1.000000,5.124791,-0.223087,-0.223047,14.738319,7249,0.015134,0.047024,64565,26530,14301,9215,6346,4541,3575,2756,23923,1,1,1,1
23.9000,7250,1,1,83754,0,160703,0.521176,2,48,48,48,3732974,28.56803,0.00295,2.36568,0.00476,1,1,2,1.039043,1.000000,2.004233,-0.534937,-0.534931,14.426143,724,0.037081,0.004798,66909,27455,15154,9517,6521,4601,3540,2917,24088,1,1,1,1
22.3500,7262,1,1,80339,1,153866,0.522140,3,11,11,11,2266743,27.48445,0.00134,2.36302,0.00449,0,0,3,2.808518,2.521643,2.521643,-0.003103,-0.002961,14.958259,11988,0.000198,0.076495,64083,26342,14305,8838,6148,4466,3502,2806,23375,1,1,1,1
22.4000,7262,1,1,80180,0,153979,0.520724,3,2,50,108,129375,27.51910,0.00134,2.36302,0.00449,1,1,3,1.400198,1.000000,1.297319,-0.020379,-0.020333,14.941115,11628,0.001361,0.074283,63806,26395,14388,9082,6246,4614,3473,2790,23184,1,1,1,1
23.0000,7262,1,1,81704,0,157028,0.520318,1,3,62,62,12596567,27.93506,0.00134,2.36302,0.00449,1,1,2,1.315883,1.000000,1.542984,-0.228376,-0.228338,14.733022,7265,0.015498,0.047067,65522,26510,14627,9311,6384,4709,3504,2758,23702,1,1,1,1
23.9000,7262,1,1,83055,1,159990,0.519129,1,4,33,38,164414,28.55882,0.00134,2.36302,0.00449,0,1,3,2.087032,1.495054,1.459936,-0.540246,-0.540145,14.421260,730,0.037455,0.004832,66385,27154,14986,9315,6510,4702,3652,2800,24485,1,1,1,1
22.3500,7274,1,1,80266,0,154079,0.520944,1,16,91,965,188572,27.49046,0.00355,2.36834,0.00583,1,1,2,1.400295,1.000000,8.405966,0.000944,0.000990,14.962437,12002,-0.000066,0.076437,63656,26388,14402,9175,6307,4641,3486,2698,23325,1,1,1,1
22.4000,7274,1,1,80154,0,153844,0.521012,1,5,17,3301,361144,27.52514,0.00355,2.36834,0.00583,1,1,2,1.232881,1.000000,1.586479,-0.016285,-0.016256,14.945060,11640,0.001088,0.074218,63644,26173,14303,9108,6253,4586,3467,2790,23519,1,1,1,1
23.0000,7274,1,1,81507,1,156347,0.521324,5,1,21,43,163089,27.94109,0.00355,2.36834,0.00583,0,1,3,1.262913,1.068423,1.068423,-0.224224,-0.224192,14.737046,7275,0.015213,0.047041,64764,26565,14472,9167,6313,4691,3648,2696,24030,1,1,1,1
23.9000,7274,1,1,83263,1,160421,0.519031,2,7,12,496,110472,28.56486,0.00355,2.36834,0.00583,0,1,3,5.488695,4.012922,4.012922,-0.536209,-0.535975,14.425537,727,0.037155,0.004802,66402,27249,15204,9473,6480,4743,3651,2831,24387,1,1,1,1
22.3500,7286,1,1,80472,0,154043,0.522403,1,4,12,57,525879,27.49023,0.00198,2.36992,0.00553,1,1,3,1.159576,1.000000,1.056348,0.000114,0.000134,14.961637,12025,-0.000009,0.076461,63888,26095,14405,9058,6252,4601,3408,2664,23671,1,1,1,1
22.4000,7286,1,1,80999,1,155045,0.522426,1,9,13,15,551507,27.52486,0.00198,2.36992,0.00553,0,1,3,1.961687,1.500232,1.500232,-0.017228,-0.017136,14.944341,11664,0.001147,0.074252,64916,26048,14298,9227,6271,4670,3506,2702,23406,1,1,1,1
23.0000,7286,1,1,81816,0,157111,0.520756,5,223,223,223,51320,27.94078,0.00198,2.36992,0.00553,1,1,2,1.362078,1.000000,95.560151,-0.225479,-0.225436,14.736027,7289,0.015298,0.047057,65171,26643,14827,9156,6337,4646,3621,2853,23856,1,1,1,1
23.9000,7286,1,1,83381,1,160541,0.519378,1,62,62,62,1306533,28.56458,0.00198,2.36992,0.00553,0,1,3,1.644598,1.189580,1.075592,-0.537064,-0.536995,14.424401,732,0.037228,0.004828,66580,27343,14888,9477,6566,4740,3610,2823,24513,1,1,1,1
22.3500,7298,1,1,80677,1,154581,0.521911,2,39,520,520,708179,27.49507,0.00161,2.37455,0.00471,0,0,3,3.314685,2.884359,2.884359,0.002301,0.002465,14.963722,12045,-0.000165,0.076452,64112,26216,14280,9277,6269,4673,3496,2855,23402,1,1,1,1
22.4000,7298,1,1,80574,0,154735,0.520726,2,2,10,28,582268,27.52974,0.00161,2.37455,0.00471,1,1,2,1.414091,1.000000,1.647286,-0.014994,-0.014946,14.946486,11680,0.001000,0.074221,64160,26397,14518,9086,6327,4447,3401,2743,23655,1,1,1,1
23.0000,7298,1,1,82087,1,157507,0.521167,1,7,7,807,1476086,27.94565,0.00161,2.37455,0.00471,0,0,3,2.298705,1.714499,1.714499,-0.222949,-0.222834,14.738540,7301,0.015119,0.047049,65407,26913,14778,9192,6515,4612,3417,2731,23941,1,1,1,1
23.9000,7298,1,1,83884,0,161538,0.519287,1,20,20,176,1533377,28.56946,0.00161,2.37455,0.00471,1,1,2,1.141703,1.000000,3.278922,-0.534901,-0.534883,14.426367,733,0.037077,0.004826,67391,27428,14969,9529,6641,4710,3635,2977,24257,1,1,1,1
22.3500,7310,1,1,80748,0,154945,0.521143,2,9,139,448,202148,27.48660,0.00230,2.36114,0.00446,1,1,3,1.097582,1.000000,1.077796,-0.001499,-0.001486,14.959716,12064,0.000099,0.076467,64782,26139,14390,8967,6220,4517,3584,2806,23539,1,1,1,1
22.4000,7310,1,1,80847,1,155157,0.521069,6,10,30,30,473565,27.52131,0.00230,2.36114,0.00446,0,1,3,7.124088,5.242234,5.242234,-0.018963,-0.018695,14.942269,11699,0.001251,0.074240,64575,26388,14299,9162,6230,4584,3492,2749,23677,1,1,1,1
23.0000,7310,1,1,81997,1,157246,0.521460,1,357,357,357,166902,27.93720,0.00230,2.36114,0.00446,0,1,3,3.030815,2.356265,2.221141,-0.226849,-0.226697,14.734650,7316,0.015385,0.047081,65360,26707,14563,9186,6311,4609,3551,2779,24179,1,1,1,1
23.9000,7310,1,1,83792,0,161154,0.519953,1,16,19,24,200963,28.56103,0.00230,2.36114,0.00446,1,0,2,1.206988,1.000000,3.973100,-0.538805,-0.538779,14.422716,732,0.037356,0.004813,66875,27320,15037,9367,6642,4690,3631,2960,24631,1,1,1,1
22.3500,7322,1,1,80748,0,154597,0.522316,2,8,8,11,91668,27.47751,0.00303,2.36785,0.00481,1,0,2,1.244389,1.000000,2.377469,-0.005718,-0.005688,14.955801,12081,0.000380,0.076470,64043,26175,14490,9168,6344,4433,3466,2748,23729,1,1,1,1
22.4000,7322,1,1,80936,0,155570,0.520258,1,4,33,33,206851,27.51216,0.00303,2.36785,0.00481,1,1,2,1.335863,1.000000,2.083013,-0.023033,-0.022993,14.938379,11716,0.001539,0.074246,64739,26408,14488,9109,6380,4637,3523,2764,23521,1,1,1,1
23.0000,7322,1,1,82174,0,157753,0.520906,4,34,34,34,725500,27.92812,0.00303,2.36785,0.00481,1,1,2,1.234913,1.000000,9.136832,-0.231116,-0.231088,14.730404,7321,0.015688,0.047049,65588,26891,14531,9352,6365,4692,3541,2705,24087,1,1,1,1
23.9000,7322,1,1,84176,0,161230,0.522090,1,19,104,104,176129,28.55188,0.00303,2.36785,0.00481,1,0,2,1.179865,1.000000,3.939414,-0.542937,-0.542915,14.418585,740,0.037654,0.004859,66593,27636,15018,9511,6495,4822,3613,2831,24710,1,1,1,1
22.3500,7334,1,1,80786,0,154936,0.521419,3,23,233,233,347922,27.48635,0.00239,2.37466,0.00613,1,1,2,1.140519,1.000000,3.665510,-0.001631,-0.001613,14.959638,12101,0.000108,0.076451,64137,26405,14390,9142,6257,4542,3543,2827,23692,1,1,1,1
22.4000,7334,1,1,81496,0,156053,0.522236,3,7,17,17,1225346,27.52103,0.00239,2.37466,0.00613,1,1,2,1.266976,1.000000,2.350578,-0.018943,-0.018911,14.942427,11734,0.001266,0.074218,64872,26858,14430,9203,6318,4574,3502,2831,23464,1,1,1,1
23.0000,7334,1,1,82443,1,157865,0.522241,1,2,34,638,91249,27.93698,0.00239,2.37466,0.00613,0,0,3,2.004141,1.440328,1.440328,-0.226883,-0.226788,14.734616,7333,0.015392,0.047036,65518,26862,14668,9214,6451,4837,3628,2888,23798,1,1,1,1
23.9000,7334,1,1,84663,1,162121,0.522224,2,96,96,96,681637,28.56075,0.00239,2.37466,0.00613,0,1,3,32.548107,30.517033,30.517033,-0.538979,-0.538504,14.423020,733,0.037336,0.004803,67605,27453,14915,9586,6555,4776,3755,2970,24505,1,1,1,1
22.3500,7346,1,1,80791,1,154922,0.521498,2,2,337,505,430261,27.49013,0.00389,2.36360,0.00461,0,1,3,2.182675,1.591518,1.591518,0.000991,0.001097,14.962559,12124,-0.000073,0.076457,64180,26276,14291,9081,6264,4662,3436,2812,23919,1,1,1,1
22.4000,7346,1,1,81470,0,156257,0.521388,1,5,11,171,274081,27.52475,0.00389,2.36360,0.00461,1,1,3,1.154199,1.000000,1.029393,-0.016294,-0.016274,14.944990,11757,0.001089,0.074229,65128,26673,14385,9140,6327,4691,3486,2821,23605,1,1,1,1
23.0000,7346,1,1,82692,0,158769,0.520835,1,36,36,267,129937,27.94068,0.00389,2.36360,0.00461,1,1,2,1.401488,1.000000,18.225344,-0.224453,-0.224407,14.737042,7351,0.015227,0.047066,65862,27156,14811,9270,6457,4798,3632,2853,23929,1,1,1,1
23.9000,7346,1,1,84868,0,162311,0.522876,4,2,14,25,280234,28.56448,0.00389,2.36360,0.00461,1,1,3,1.364626,1.000000,1.151181,-0.536161,-0.536119,14.425270,738,0.037165,0.004827,67403,27608,14950,9642,6585,4873,3685,2883,24681,1,1,1,1
22.3500,7358,1,1,80745,1,155426,0.519511,1,1,37,61,101607,27.49411,0.00274,2.36758,0.00543,0,1,3,1.634650,1.269029,1.269029,0.002443,0.002510,14.963849,12142,-0.000168,0.076439,64590,26279,14391,9275,6353,4592,3391,2811,23743,1,1,1,1
22.4000,7358,1,1,81475,1,156406,0.520923,1,1,57,57,4302409,27.52877,0.00274,2.36758,0.00543,0,0,3,1.564112,1.107723,1.107723,-0.014883,-0.014822,14.946602,11774,0.000992,0.074207,64994,26634,14594,9150,6445,4603,3444,2840,23701,1,1,1,1
23.0000,7358,1,1,82906,0,158575,0.522822,1,5,40,40,220033,27.94468,0.00274,2.36758,0.00543,1,1,2,1.270611,1.000000,2.119202,-0.222883,-0.222851,14.738490,7361,0.015120,0.047049,65493,27025,15029,9400,6379,4760,3590,2752,24146,1,1,1,1
23.9000,7358,1,1,84461,1,162892,0.518512,2,81,81,465,190907,28.56849,0.00274,2.36758,0.00543,0,0,3,5.948925,5.500947,5.500947,-0.534855,-0.534613,14.426567,737,0.037058,0.004812,67720,27381,15677,9655,6569,4704,3686,2902,24597,1,1,1,1
22.3500,7370,1,1,81450,0,156127,0.521694,2,30,30,180,844413,27.49433,0.00345,2.36136,0.00524,1,1,2,1.216185,1.000000,7.332351,0.002806,0.002832,14.964142,12160,-0.000189,0.076426,64733,26818,14444,9179,6343,4548,3527,2807,23727,1,1,1,1
22.4000,7370,1,1,81524,0,156450,0.521090,21,60,60,103,64127,27.52903,0.00345,2.36136,0.00524,1,1,2,1.131984,1.000000,8.492521,-0.014556,-0.014540,14.946705,11793,0.000973,0.074206,64680,26763,14667,9281,6417,4819,3520,2788,23514,1,1,1,1
23.0000,7370,1,1,82856,0,159099,0.520786,1,39,57,76,165689,27.94492,0.00345,2.36136,0.00524,1,1,2,1.045377,1.000000,1.884806,-0.222398,-0.222392,14.738712,7369,0.015089,0.047023,66119,27225,14713,9185,6452,4799,3614,2854,24137,1,1,1,1
23.9000,7370,1,1,84483,1,162754,0.519087,6,39,39,39,190599,28.56876,0.00345,2.36136,0.00524,0,1,3,16.834714,14.973999,14.973999,-0.534455,-0.534072,14.427448,736,0.037018,0.004798,67480,27657,15177,9688,6620,4878,3634,2886,24733,1,1,1,1
22.3500,7382,1,1,81537,1,156528,0.520913,1,2,38,542,668160,27.50250,0.00227,2.36489,0.00478,0,0,3,1.421247,1.022369,1.022369,0.006461,0.006509,14.967913,12186,-0.000435,0.076445,65082,26436,14672,9274,6305,4689,3683,2690,23696,1,1,1,1
22.4000,7382,1,1,81662,0,156643,0.521329,31,3,31,73,100532,27.53715,0.00227,2.36489,0.00478,1,1,2,1.405328,1.000000,1.507989,-0.010891,-0.010845,14.950572,11817,0.000725,0.074217,64791,26808,14647,9347,6326,4645,3504,2824,23750,1,1,1,1
23.0000,7382,1,1,82627,1,159000,0.519670,3,82,82,82,235849,27.95312,0.00227,2.36489,0.00478,0,0,3,5.011630,4.700448,4.700448,-0.218950,-0.218731,14.742423,7389,0.014837,0.047062,65977,26998,14782,9321,6490,4811,3525,2867,24228,1,1,1,1
23.9000,7382,1,1,84920,0,162852,0.521458,1,21,365,365,212656,28.57687,0.00227,2.36489,0.00478,1,1,2,1.058823,1.000000,1.385063,-0.530744,-0.530736,14.430782,744,0.036778,0.004841,67372,27887,15146,9641,6577,4812,3756,2899,24761,1,1,1,1
22.3500,7394,1,1,81714,0,156722,0.521398,3,3,5,150,540718,27.48932,0.00391,2.36252,0.00550,1,1,3,1.274931,1.000000,1.268761,0.000689,0.000722,14.962066,12203,-0.000048,0.076458,65224,26477,14642,9119,6364,4599,3584,2881,23831,1,1,1,1
22.4000,7394,1,1,81650,0,156483,0.521785,3,184,184,4100,738576,27.52400,0.00391,2.36252,0.00550,1,0,2,1.018642,1.000000,3.479320,-0.016723,-0.016721,14.944803,11832,0.001119,0.074219,65141,26361,14529,9149,6317,4621,3597,2817,23950,1,1,1,1
23.0000,7394,1,1,82789,1,158907,0.520994,1,47,145,145,288581,27.93995,0.00391,2.36252,0.00550,0,1,3,1.431556,1.057998,1.057998,-0.224608,-0.224559,14.736910,7395,0.015238,0.047041,65784,26954,14703,9456,6532,4719,3565,2853,24340,1,1,1,1
23.9000,7394,1,1,85070,0,163207,0.521243,19,19,19,29,159855,28.56372,0.00391,2.36252,0.00550,1,1,2,1.326828,1.000000,7.560503,-0.536636,-0.536598,14.424772,741,0.037200,0.004816,67887,27682,15159,9615,6605,4891,3679,2859,24829,1,1,1,1
22.3500,7406,1,1,81730,0,157203,0.519904,5,3,26,44,200676,27.48501,0.00318,2.34852,0.00560,1,1,2,1.386502,1.000000,1.484931,-0.001915,-0.001871,14.959532,12221,0.000125,0.076459,65449,26751,14423,9338,6386,4719,3560,2837,23739,1,1,1,1
22.4000,7406,1,1,81926,0,157248,0.521002,10,16,16,46,136267,27.51964,0.00318,2.34852,0.00560,1,1,2,1.187183,1.000000,3.353674,-0.019284,-0.019261,14.942032,11851,0.001289,0.074231,65095,27238,14551,9080,6292,4699,3541,2886,23865,1,1,1,1
23.0000,7406,1,1,83038,0,159306,0.521252,1,15,15,40,144578,27.93557,0.00318,2.34852,0.00560,1,1,2,1.182030,1.000000,3.173279,-0.227243,-0.227220,14.734068,7409,0.015421,0.047063,65859,27012,14950,9338,6527,4895,3673,2736,24315,1,1,1,1
23.9000,7406,1,1,84757,1,163689,0.517796,2,2,9,578,1022192,28.55936,0.00318,2.34852,0.00560,0,0,3,1.500029,1.190197,1.190197,-0.539073,-0.539018,14.422318,743,0.037374,0.004822,68035,27865,15340,9585,6701,4826,3666,2869,24801,1,1,1,1
22.3500,7418,1,1,82255,1,157251,0.523084,1,6,18,84,2659310,27.48601,0.00224,2.36239,0.00630,0,0,3,2.202430,1.659261,1.659261,-0.001870,-0.001764,14.959608,12237,0.000118,0.076435,65513,26783,14523,9147,6455,4600,3562,2758,23909,1,1,1,1
22.4000,7418,1,1,82194,0,157479,0.521940,4,235,235,235,1525455,27.52068,0.00224,2.36239,0.00630,1,0,2,1.031340,1.000000,7.494967,-0.019306,-0.019302,14.942220,11866,0.001292,0.074204,65707,26849,14456,8964,6438,4624,3586,2830,24024,1,1,1,1
23.0000,7418,1,1,82992,0,159380,0.520721,365,15,365,365,307084,27.93658,0.00224,2.36239,0.00630,1,0,2,1.064892,1.000000,1.073903,-0.227129,-0.227120,14.734398,7418,0.015414,0.047043,66110,27068,14787,9194,6606,4670,3588,2879,24477,1,1,1,1
23.9000,7418,1,1,85390,0,163616,0.521896,1,4,4,749,209035,28.56040,0.00224,2.36239,0.00630,1,1,2,1.377508,1.000000,2.256483,-0.539086,-0.539043,14.422355,740,0.037375,0.004794,67954,27549,15266,9845,6580,4830,3778,2927,24886,1,1,1,1
22.3500,7430,1,1,81925,1,157396,0.520506,1,4,20,104,107439,27.49317,0.00149,2.35865,0.00498,0,1,3,2.815573,2.255467,2.255467,0.001331,0.001470,14.962978,12263,-0.000098,0.076457,65235,26750,14731,9291,6469,4621,3573,2756,23969,1,1,1,1
22.4000,7430,1,1,82169,1,157651,0.521212,8,2,98,717,800129,27.52787,0.00149,2.35865,0.00498,0,1,3,1.684181,1.236630,1.236630,-0.015980,-0.015910,14.945596,11891,0.001065,0.074224,65489,26651,14852,9235,6396,4619,3568,2763,24077,1,1,1,1
23.0000,7430,1,1,83649,1,160429,0.521411,19,4,19,19,280312,27.94376,0.00149,2.35865,0.00498,0,1,3,1.666452,1.577982,1.577982,-0.223939,-0.223870,14.737178,7434,0.015191,0.047059,66765,27189,14928,9550,6422,4797,3706,2835,24236,1,1,1,1
23.9000,7430,1,1,85025,1,163780,0.519145,1,33,33,41,336549,28.56759,0.00149,2.35865,0.00498,0,1,3,21.979953,16.718486,16.718486,-0.536016,-0.535600,14.425926,751,0.037128,0.004857,67698,27820,15376,9670,6725,4909,3689,2956,24936,1,1,1,1
22.3500,7442,1,1,81872,0,157025,0.521398,2,17,17,42,142610,27.49549,0.00200,2.36832,0.00580,1,1,2,1.062983,1.000000,1.222006,0.002807,0.002815,14.963967,12279,-0.000188,0.076428,65009,26513,14622,9288,6368,4712,3552,2783,24177,1,1,1,1
22.4000,7442,1,1,82322,0,157996,0.521042,1,1,15,437,254207,27.53013,0.00200,2.36832,0.00580,1,0,3,1.408079,1.000000,1.369695,-0.014528,-0.014482,14.946964,11908,0.000969,0.074203,65441,27031,14944,9203,6269,4728,3625,2779,23975,1,1,1,1
23.0000,7442,1,1,83236,0,159900,0.520554,2,3,10,10,1062044,27.94610,0.00200,2.36832,0.00580,1,0,3,1.276197,1.000000,1.093300,-0.222495,-0.222462,14.739024,7441,0.015093,0.047022,66317,27051,14878,9500,6419,4730,3573,2860,24571,1,1,1,1
23.9000,7442,1,1,85651,1,164307,0.521290,1,2,2,26,233497,28.56986,0.00200,2.36832,0.00580,0,1,3,2.133613,1.632517,1.632517,-0.534399,-0.534297,14.427034,744,0.037034,0.004803,68217,27702,15430,9884,6545,4938,3815,2888,24887,1,1,1,1
22.3500,7454,1,1,82364,0,157825,0.521872,1,2,14,133,157316,27.49175,0.00289,2.36419,0.00652,1,1,3,1.327712,1.000000,1.257392,0.001399,0.001437,14.962810,12300,-0.000096,0.076441,65276,26806,15016,9227,6490,4606,3586,2877,23940,1,1,1,1
22.4000,7454,1,1,82677,1,158433,0.521845,7,10,18,1274,1458736,27.52644,0.00289,2.36419,0.00652,0,0,3,1.344426,1.225844,1.225844,-0.015942,-0.015902,14.945306,11926,0.001064,0.074204,66006,26899,14569,9449,6459,4710,3654,2891,23795,1,1,1,1
23.0000,7454,1,1,83989,1,160901,0.521995,16,86,86,183,100176,27.94238,0.00289,2.36419,0.00652,0,1,3,23.080312,21.687827,21.687827,-0.224107,-0.223686,14.737836,7453,0.015178,0.047026,66849,27365,15010,9508,6593,4670,3604,2901,24400,1,1,1,1
23.9000,7454,1,1,85706,0,164798,0.520070,2,8,25,25,218775,28.56616,0.00289,2.36419,0.00652,1,0,2,1.235761,1.000000,2.434484,-0.535848,-0.535819,14.425674,745,0.037143,0.004802,68485,27998,15270,9889,6733,4895,3718,2902,24907,1,1,1,1
22.3500,7466,1,1,82610,0,158015,0.522802,1,7,12,69,102137,27.49351,0.00276,2.35651,0.00574,1,1,2,1.412513,1.000000,4.118012,0.002061,0.002107,14.963548,12315,-0.000141,0.076408,65585,26972,14649,9234,6412,4627,3628,2749,24158,1,1,1,1
22.4000,7466,1,1,82808,0,158569,0.522224,15,6,35,319,1631256,27.52814,0.00276,2.35651,0.00574,1,0,3,1.168817,1.000000,1.129773,-0.015167,-0.015146,14.946358,11941,0.001013,0.074172,65998,26699,14771,9401,6507,4843,3508,2848,23993,1,1,1,1
23.0000,7466,1,1,84088,0,160560,0.523720,14,2,123,221,680247,27.94407,0.00276,2.35651,0.00574,1,1,2,1.413538,1.000000,1.592115,-0.223150,-0.223104,14.738326,7461,0.015138,0.046999,66735,27132,14997,9329,6477,4714,3558,2909,24708,1,1,1,1
23.9000,7466,1,1,85925,1,164627,0.521941,3,8,8,1110,221212,28.56786,0.00276,2.35651,0.00574,0,1,3,2.311212,1.812538,1.812538,-0.535059,-0.534947,14.426541,742,0.037081,0.004775,68208,27589,15610,9696,6904,4863,3693,2921,25142,1,1,1,1
22.3500,7478,1,1,82743,1,158515,0.521992,2,40,141,1362,238266,27.49419,0.00342,2.36260,0.00517,0,1,3,5.685647,4.897610,4.897610,0.002737,0.002969,14.964475,12340,-0.000198,0.076435,65879,26899,14667,9521,6443,4654,3678,2811,23962,1,1,1,1
22.4000,7478,1,1,82591,1,158118,0.522341,4,15,15,18,237830,27.52886,0.00342,2.36260,0.00517,0,1,3,6.220632,5.613080,5.613080,-0.014606,-0.014361,14.946708,11968,0.000961,0.074219,65499,27089,14590,9105,6492,4743,3574,2817,24208,1,1,1,1
23.0000,7478,1,1,84527,1,161868,0.522200,1,16,134,134,96514,27.94476,0.00342,2.36260,0.00517,0,0,3,2.657468,2.103251,2.103251,-0.222492,-0.222361,14.738980,7479,0.015087,0.047034,67301,27588,15037,9534,6573,4796,3748,2951,24339,1,1,1,1
23.9000,7478,1,1,85719,1,165564,0.517742,4,7,12,96,224128,28.56858,0.00342,2.36260,0.00517,0,1,3,3.752641,3.069910,3.069910,-0.534425,-0.534248,14.427249,749,0.037030,0.004812,68942,28237,15486,9634,6580,4968,3703,3011,25002,1,1,1,1
22.3500,7490,1,1,82996,0,158636,0.523188,1,2,140,140,323581,27.49550,0.00266,2.37035,0.00538,1,1,3,1.071820,1.000000,1.065138,0.003136,0.003146,14.963996,12358,-0.000210,0.076427,65822,26866,14777,9393,6465,4841,3613,2794,24064,1,1,1,1
22.4000,7490,1,1,82615,1,158462,0.521359,7,12,12,237,214451,27.53020,0.00266,2.37035,0.00538,0,1,3,1.391067,1.003217,1.003217,-0.014206,-0.014162,14.947298,11983,0.000947,0.074190,65563,27034,14880,9403,6358,4691,3522,2784,24226,1,1,1,1
23.0000,7490,1,1,83983,1,160914,0.521916,1,8,8,561,189529,27.94609,0.00266,2.37035,0.00538,0,1,3,4.631462,3.783789,3.783789,-0.222248,-0.222043,14.739244,7489,0.015065,0.047021,66382,27531,14998,9544,6547,4838,3668,2849,24556,1,1,1,1
23.9000,7490,1,1,86152,0,165348,0.521038,1,248,248,4395,347451,28.56992,0.00266,2.37035,0.00538,1,1,2,1.005425,1.000000,1.426820,-0.534096,-0.534095,14.426736,748,0.037021,0.004798,68707,28062,15517,9531,6787,4802,3728,2991,25222,1,1,1,1
22.3500,7502,1,1,82723,1,158599,0.521589,37,33,37,37,1806840,27.49520,0.00377,2.37067,0.00534,0,1,3,20.653268,16.399384,16.399384,0.003372,0.003776,14.964385,12376,-0.000252,0.076413,65713,26955,14756,9324,6526,4695,3575,2853,24201,1,1,1,1
22.4000,7502,1,1,82892,0,159031,0.521235,1,36,36,36,89628,27.52984,0.00377,2.37067,0.00534,1,1,2,1.064636,1.000000,2.485987,-0.013826,-0.013818,14.947702,12001,0.000924,0.074181,66136,26840,14743,9337,6545,4658,3651,2890,24230,1,1,1,1
23.0000,7502,1,1,84245,1,161109,0.522910,4,2,30,309,300185,27.94581,0.00377,2.37067,0.00534,0,1,3,1.534502,1.292739,1.292739,-0.221760,-0.221703,14.739539,7503,0.015041,0.047033,66859,26999,14997,9521,6636,4887,3704,2852,24653,1,1,1,1
23.9000,7502,1,1,85800,0,165063,0.519805,5,6,120,120,109731,28.56957,0.00377,2.37067,0.00534,1,0,3,1.163697,1.000000,1.098414,-0.533632,-0.533612,14.427894,748,0.036985,0.004790,68287,27944,15460,9532,6872,4862,3731,2941,25433,1,1,1,1
22.3500,7514,1,1,83057,1,159414,0.521018,1,6,6,82,378351,27.49146,0.00219,2.36694,0.00571,0,1,3,3.698821,3.013624,3.013624,0.000849,0.001023,14.962521,12404,-0.000068,0.076474,66222,27207,14910,9372,6447,4640,3638,2818,24159,1,1,1,1
22.4000,7514,1,1,82923,1,159194,0.520896,1,13,66,66,110504,27.52615,0.00219,2.36694,0.00571,0,1,3,9.781383,7.167170,7.167170,-0.016552,-0.016248,14.944872,12028,0.001087,0.074243,66236,26955,14947,9149,6492,4758,3497,2872,24287,1,1,1,1
23.0000,7514,1,1,84015,1,161536,0.520104,48,2,61,134,206508,27.94209,0.00219,2.36694,0.00571,0,1,3,1.380592,1.065479,1.065479,-0.224396,-0.224353,14.737168,7519,0.015224,0.047065,66587,27727,15015,9526,6499,4896,3760,2866,24659,1,1,1,1
23.9000,7514,1,1,86678,0,166076,0.521921,3,4,24,181,479172,28.56587,0.00219,2.36694,0.00571,1,1,2,1.404981,1.000000,2.147946,-0.536331,-0.536286,14.425134,757,0.037177,0.004841,69048,28285,15447,9621,6725,4879,3685,2997,25388,1,1,1,1
22.3500,7526,1,1,83032,0,159419,0.520845,1,82,82,94,371876,27.48759,0.00484,2.36967,0.00495,1,1,2,1.161547,1.000000,14.487298,0.000057,0.000077,14.961355,12424,-0.000005,0.076481,66117,27285,14842,9183,6499,4777,3588,2890,24237,1,1,1,1
22.4000,7526,1,1,83016,0,159521,0.520411,2,17,45,45,2861975,27.52222,0.00484,2.36967,0.00495,1,1,2,1.386614,1.000000,8.229668,-0.017220,-0.017177,14.944283,12047,0.001149,0.074245,66288,27240,14634,9364,6425,4834,3585,2719,24431,1,1,1,1
23.0000,7526,1,1,84633,1,162451,0.520979,5,2,49,88,1203707,27.93814,0.00484,2.36967,0.00495,0,1,3,1.665034,1.267771,1.267771,-0.225059,-0.224991,14.736197,7534,0.015268,0.047087,67465,27614,15303,9566,6551,4828,3748,2878,24497,1,1,1,1
23.9000,7526,1,1,86419,1,165783,0.521281,16,267,267,267,262073,28.56194,0.00484,2.36967,0.00495,0,1,3,166.329001,130.152903,130.152903,-0.537264,-0.536585,14.424943,760,0.037198,0.004852,68459,28223,15540,9844,6760,4867,3771,2957,25361,1,1,1,1
22.3500,7538,1,1,83021,1,159854,0.519358,1,9,32,32,108706,27.48481,0.00235,2.37114,0.00531,0,1,3,3.411713,3.057616,3.057616,-0.002455,-0.002293,14.959223,12445,0.000153,0.076499,66241,27234,14982,9351,6718,4823,3599,2851,24054,1,1,1,1
22.4000,7538,1,1,83646,0,160226,0.522053,1,10,63,440,512060,27.51947,0.00235,2.37114,0.00531,1,0,2,1.224504,1.000000,2.931500,-0.019786,-0.019759,14.941738,12064,0.001322,0.074244,66486,27230,15147,9511,6511,4810,3682,2901,23947,1,1,1,1
23.0000,7538,1,1,84474,0,162165,0.520917,31,3,31,61,653104,27.93538,0.00235,2.37114,0.00531,1,1,2,1.378089,1.000000,1.587792,-0.227696,-0.227654,14.733748,7541,0.015451,0.047064,67006,27794,15194,9350,6443,4923,3675,2952,24827,1,1,1,1
23.9000,7538,1,1,86235,1,165870,0.519898,1,3,10,25,583110,28.55919,0.00235,2.37114,0.00531,0,1,3,1.814923,1.288400,1.250676,-0.539585,-0.539506,14.421918,757,0.037409,0.004827,68681,28156,15528,9742,6755,4935,3764,2955,25353,1,1,1,1
22.3500,7550,1,1,83127,1,159862,0.519995,2,2,34,364,387531,27.48616,0.00119,2.37481,0.00589,0,0,3,1.593916,1.252287,1.252287,-0.002276,-0.002214,14.959135,12460,0.000148,0.076470,66411,27142,14814,9382,6518,4691,3702,2861,24340,1,1,1,1
22.4000,7550,1,1,83366,0,159974,0.521125,1,6,18,28,656233,27.52087,0.00119,2.37481,0.00589,1,1,2,1.163623,1.000000,1.267166,-0.019628,-0.019607,14.941674,12081,0.001312,0.074230,66378,27305,14877,9295,6609,4776,3588,2822,24323,1,1,1,1
23.0000,7550,1,1,84776,0,162930,0.520325,3,9,59,59,172498,27.93675,0.00119,2.37481,0.00589,1,1,2,1.150225,1.000000,1.570046,-0.227587,-0.227569,14.733702,7553,0.015445,0.047064,67436,27482,15371,9801,6807,4797,3661,2938,24636,1,1,1,1
23.9000,7550,1,1,86735,1,166436,0.521134,1,6,164,1198,172652,28.56059,0.00119,2.37481,0.00589,0,1,3,4.508527,3.410890,3.410890,-0.539555,-0.539355,14.421936,758,0.037398,0.004825,68994,28330,15527,9712,6827,4926,3817,2936,25366,1,1,1,1
22.3500,7562,1,1,83689,1,160062,0.522857,1,1,14,405,4865463,27.48946,0.00147,2.37325,0.00595,0,1,3,1.401007,1.006072,1.006072,-0.000457,-0.000412,14.961047,12479,0.000028,0.076455,66431,27261,14741,9393,6579,4769,3698,2854,24335,1,1,1,1
22.4000,7562,1,1,83546,0,160591,0.520244,1,7,41,57,200331,27.52411,0.00147,2.37325,0.00595,1,1,2,1.152235,1.000000,1.411373,-0.017803,-0.017784,14.943724,12101,0.001190,0.074225,66778,27242,15024,9362,6527,4855,3719,2836,24247,1,1,1,1
23.0000,7562,1,1,84698,0,162777,0.520335,2,2,59,107,102566,27.94007,0.00147,2.37325,0.00595,1,1,2,1.411937,1.000000,1.543542,-0.225791,-0.225745,14.735699,7563,0.015320,0.047045,67299,27863,15234,9590,6706,4803,3714,2985,24582,1,1,1,1
23.9000,7562,1,1,86996,0,167115,0.520579,3,10,13,28,926373,28.56383,0.00147,2.37325,0.00595,1,1,2,1.160968,1.000000,1.928690,-0.537684,-0.537665,14.423615,761,0.037277,0.004836,69457,28446,15505,9782,6596,4995,3809,3072,25452,1,1,1,1
22.3500,7574,1,1,83705,1,160648,0.521049,5,5,8,11,155985,27.48806,0.00275,2.36712,0.00685,0,1,3,3.505877,2.632214,2.632214,-0.000561,-0.000396,14.961130,12503,0.000026,0.076480,66935,27066,14864,9640,6496,4675,3691,2888,24392,1,1,1,1
22.4000,7574,1,1,83655,1,160471,0.521312,1,2,24,24,162980,27.52274,0.00275,2.36712,0.00685,0,1,3,1.563513,1.319722,1.319722,-0.017855,-0.017796,14.943707,12124,0.001191,0.074249,66719,27169,14796,9465,6572,4757,3654,2818,24520,1,1,1,1
23.0000,7574,1,1,84760,0,162991,0.520032,1,3,120,120,964824,27.93869,0.00275,2.36712,0.00685,1,1,2,1.413401,1.000000,1.999541,-0.225856,-0.225810,14.735623,7579,0.015324,0.047070,67747,27543,15086,9598,6644,4879,3612,2814,25067,1,1,1,1
23.9000,7574,1,1,86921,1,166903,0.520791,1,2,90,128,384347,28.56247,0.00275,2.36712,0.00685,0,1,3,1.265740,1.014948,1.014948,-0.537701,-0.537670,14.423824,763,0.037277,0.004841,69386,28303,15569,9769,6657,4865,3868,2970,25515,1,1,1,1
22.3500,7586,1,1,84074,0,160711,0.523141,2,2,21,530,5003942,27.48123,0.00146,2.35877,0.00736,1,1,3,1.400600,1.000000,1.245975,-0.004643,-0.004599,14.956819,12518,0.000307,0.076473,66782,27412,15027,9247,6552,4702,3631,2901,24456,1,1,1,1
22.4000,7586,1,1,83507,1,160666,0.519759,3,13,16,1913,600975,27.51586,0.00146,2.35877,0.00736,0,1,3,8.446893,6.652093,6.652093,-0.022070,-0.021788,14.939255,12139,0.001458,0.074245,66583,27238,15069,9525,6486,4804,3680,2928,24352,1,1,1,1
23.0000,7586,1,1,85247,1,163573,0.521159,4,6,17,19,123303,27.93178,0.00146,2.35877,0.00736,0,1,3,3.429849,2.876102,2.876102,-0.229976,-0.229814,14.731345,7587,0.015600,0.047059,68086,27517,15324,9600,6541,4940,3700,2993,24871,1,1,1,1
23.9000,7586,1,1,87293,1,167775,0.520301,1,2,44,44,717995,28.55558,0.00146,2.35877,0.00736,0,1,3,1.783990,1.468956,1.468956,-0.541829,-0.541753,14.419762,760,0.037570,0.004816,69736,28519,15531,9780,6981,5001,3717,3019,25490,1,1,1,1
22.3500,7598,1,1,83731,1,161124,0.519671,1,3,110,1483,384499,27.48125,0.00271,2.35576,0.00689,0,1,3,2.928958,2.269472,2.269472,-0.004031,-0.003889,14.957455,12542,0.000260,0.076495,66702,27511,15039,9569,6518,4857,3691,2974,24262,1,1,1,1
22.4000,7598,1,1,83638,0,160870,0.519914,1,3,41,136,89062,27.51592,0.00271,2.35576,0.00689,1,0,2,1.334786,1.000000,1.603502,-0.021341,-0.021303,14.940174,12162,0.001426,0.074264,66522,27472,14802,9546,6591,4820,3746,2896,24474,1,1,1,1
23.0000,7598,1,1,85072,0,163467,0.520426,8,3,16,115,147078,27.93182,0.00271,2.35576,0.00689,1,1,2,1.408817,1.000000,1.652362,-0.229297,-0.229252,14.732174,7603,0.015561,0.047081,68148,27461,15076,9589,6711,4877,3752,3015,24837,1,1,1,1
23.9000,7598,1,1,86998,0,167784,0.518515,2,199,199,199,4971973,28.55564,0.00271,2.35576,0.00689,1,0,2,1.015206,1.000000,3.104067,-0.541245,-0.541243,14.420284,765,0.037533,0.004840,69751,28332,15676,9754,6873,5045,3814,2999,25539,1,1,1,1
22.3500,7610,1,1,83763,1,160938,0.520471,1,2,98,154,415070,27.48165,0.00128,2.35617,0.00589,0,0,3,1.416572,1.003581,1.003581,-0.004465,-0.004419,14.957011,12558,0.000295,0.076474,66696,27267,15138,9359,6560,4909,3567,2907,24534,1,1,1,1
22.4000,7610,1,1,84212,0,161525,0.521359,1,17,38,38,465496,27.51636,0.00128,2.35617,0.00589,1,1,2,1.282462,1.000000,5.933699,-0.021940,-0.021908,14.939448,12177,0.001466,0.074241,67192,27291,15108,9540,6552,4927,3600,2916,24398,1,1,1,1
23.0000,7610,1,1,85440,0,163912,0.521258,1,26,87,87,97405,27.93225,0.00128,2.35617,0.00589,1,1,2,1.404570,1.000000,13.485236,-0.229939,-0.229894,14.731559,7611,0.015606,0.047058,68005,27954,15165,9707,6611,4782,3670,2985,25032,1,1,1,1
23.9000,7610,1,1,87450,0,168494,0.519013,1,657,657,657,2230354,28.55608,0.00128,2.35617,0.00589,1,1,2,1.006505,1.000000,4.316285,-0.541780,-0.541779,14.419088,762,0.037574,0.004813,70036,28668,15835,9931,6768,5073,3780,2988,25414,1,1,1,1
22.3500,7622,1,1,83740,0,161044,0.519985,22,2,22,31,97934,27.48028,0.00127,2.34954,0.00525,1,1,3,1.356107,1.000000,1.223664,-0.005152,-0.005112,14.956281,12581,0.000342,0.076498,66571,27276,15120,9554,6541,4617,3665,3007,24692,1,1,1,1
22.4000,7622,1,1,84461,1,162236,0.520609,1,21,21,23,743856,27.51493,0.00127,2.34954,0.00525,0,0,3,5.967262,5.260270,5.260270,-0.022572,-0.022338,14.938922,12200,0.001495,0.074267,67476,27434,15279,9482,6635,4839,3762,2912,24416,1,1,1,1
23.0000,7622,1,1,85674,0,164322,0.521382,61,2,61,102,6555125,27.93089,0.00127,2.34954,0.00525,1,1,3,1.410688,1.000000,1.347186,-0.230460,-0.230415,14.731014,7625,0.015641,0.047072,68057,27940,15479,9677,6738,4866,3779,2978,24807,1,1,1,1
23.9000,7622,1,1,87472,0,168416,0.519384,1,4,18,97,1820475,28.55465,0.00127,2.34954,0.00525,1,1,2,1.378796,1.000000,2.165806,-0.542375,-0.542332,14.419072,766,0.037612,0.004831,69649,28937,15673,9862,6663,5007,3960,3155,25509,1,1,1,1
22.3500,7634,1,1,83897,1,161896,0.518219,1,2,41,223,510613,27.47708,0.00145,2.35533,0.00627,0,0,3,1.790203,1.366119,1.366119,-0.006652,-0.006576,14.954795,12604,0.000440,0.076525,67417,27329,14954,9600,6586,4839,3649,2959,24562,1,1,1,1
22.4000,7634,1,1,84274,0,161441,0.522014,4,55,55,55,500044,27.51176,0.00145,2.35533,0.00627,1,1,2,1.211457,1.000000,12.972021,-0.024144,-0.024119,14.937382,12214,0.001615,0.074243,66672,27441,15169,9496,6643,4848,3635,2914,24622,1,1,1,1
23.0000,7634,1,1,85319,1,164324,0.519215,166,2,166,166,1223717,27.92771,0.00145,2.35533,0.00627,0,1,3,1.225306,1.006279,1.006279,-0.231946,-0.231919,14.729610,7633,0.015745,0.047052,67999,27902,15488,9630,6734,4912,3821,2888,24949,1,1,1,1
23.9000,7634,1,1,88359,1,169502,0.521289,2,17,17,17,185574,28.55148,0.00145,2.35533,0.00627,0,1,3,6.809044,6.159729,6.159729,-0.543956,-0.543704,14.417428,765,0.037712,0.004818,70910,28884,15552,9874,6898,5081,3839,3078,25385,1,1,1,1
22.3500,7646,1,1,84123,1,161582,0.520624,36,8,36,67,339349,27.48339,0.00118,2.36306,0.00676,0,1,3,3.740952,3.201957,3.201957,-0.003765,-0.003592,14.957923,12617,0.000240,0.076467,66954,27449,14696,9681,6649,4881,3619,3000,24652,1,1,1,1
22.4000,7646,1,1,84274,0,161578,0.521572,2,2,16,113,235353,27.51802,0.00118,2.36306,0.00676,1,1,2,1.414089,1.000000,1.497762,-0.021030,-0.020985,14.940456,12235,0.001405,0.074239,66796,27513,15176,9483,6498,4745,3724,2920,24722,1,1,1,1
23.0000,7646,1,1,86169,1,164857,0.522693,1,24,24,325,138618,27.93394,0.00118,2.36306,0.00676,0,1,3,7.366918,6.945045,6.945045,-0.229093,-0.228832,14.732696,7647,0.015532,0.047054,68378,28011,15299,9781,6743,4945,3824,2917,24958,1,1,1,1
23.9000,7646,1,1,87784,0,168408,0.521261,5,46,46,79,764848,28.55774,0.00118,2.36306,0.00676,1,1,2,1.388603,1.000000,21.848942,-0.541066,-0.541023,14.420388,766,0.037518,0.004816,69692,28756,15546,9854,6937,5070,3868,2946,25738,1,1,1,1
22.3500,7658,1,1,84407,1,161865,0.521469,5,12,12,923,418165,27.47318,0.00145,2.36353,0.00629,0,0,3,2.146161,1.976280,1.976280,-0.008686,-0.008586,14.952619,12634,0.000574,0.076478,67164,27374,14918,9564,6602,4926,3653,2984,24679,1,1,1,1
22.4000,7658,1,1,84785,1,162387,0.522120,3,2,5,20,208802,27.50784,0.00145,2.36353,0.00629,0,1,3,1.785892,1.410804,1.410804,-0.025994,-0.025918,14.935574,12250,0.001735,0.074238,67082,27686,15252,9719,6648,4724,3807,2892,24576,1,1,1,1
23.0000,7658,1,1,85868,0,165045,0.520273,1,4,7,32,410416,27.92375,0.00145,2.36353,0.00629,1,0,2,1.283664,1.000000,1.653639,-0.233960,-0.233928,14.727561,7655,0.015884,0.047046,68607,27873,15510,9610,6750,5031,3742,2935,24986,1,1,1,1
23.9000,7658,1,1,87619,1,168613,0.519649,1,2,17,442,631338,28.54756,0.00145,2.36353,0.00629,0,0,3,1.781485,1.291867,1.291867,-0.545852,-0.545776,14.415629,763,0.037860,0.004791,69606,28696,15854,9986,6887,4912,3810,3054,25807,1,1,1,1
22.3500,7670,1,1,84333,1,161899,0.520902,1,7,16,75,186240,27.47164,0.00154,2.36249,0.00574,0,1,3,3.407264,3.029026,3.029026,-0.009412,-0.009252,14.952272,12658,0.000619,0.076505,66974,27624,15063,9599,6388,4910,3622,2849,24869,1,1,1,1
22.4000,7670,1,1,84751,1,162605,0.521211,3,3,3,997,1473252,27.50635,0.00154,2.36249,0.00574,0,1,3,1.812133,1.487326,1.487326,-0.026716,-0.026639,14.934862,12274,0.001784,0.074270,67659,27330,15107,9524,6669,4862,3811,2967,24675,1,1,1,1
23.0000,7670,1,1,86166,0,164965,0.522332,2,21,37,74,136412,27.92224,0.00154,2.36249,0.00574,1,0,2,1.168681,1.000000,3.948900,-0.234725,-0.234705,14.726803,7672,0.015937,0.047079,68613,27916,15268,9647,6718,4834,3793,2983,25192,1,1,1,1
23.9000,7670,1,1,87818,0,168531,0.521082,1,1,14,114,356938,28.54607,0.00154,2.36249,0.00574,1,0,3,1.403312,1.000000,1.208011,-0.546563,-0.546518,14.414937,768,0.037913,0.004815,69597,28701,15717,9934,6912,4991,3734,3076,25868,1,1,1,1
22.3500,7682,1,1,84738,0,162707,0.520804,3,4,4,33,2669912,27.47072,0.00311,2.35726,0.00593,1,1,2,1.409285,1.000000,2.291511,-0.009055,-0.009010,14.952418,12682,0.000603,0.076529,67691,27466,15130,9600,6640,4930,3547,2960,24742,1,1,1,1
22.4000,7682,1,1,84695,1,162425,0.521444,7,7,16,44,524912,27.50537,0.00311,2.35726,0.00593,0,1,3,2.529572,1.854896,1.839088,-0.026363,-0.026243,14.935229,12297,0.001757,0.074291,67550,27329,15292,9564,6561,4859,3569,2888,24812,1,1,1,1
23.0000,7682,1,1,85705,1,164873,0.519828,3,22,114,114,183878,27.92133,0.00311,2.35726,0.00593,0,0,3,2.945573,2.659608,2.659608,-0.234370,-0.234229,14.727005,7687,0.015905,0.047097,68367,27942,15298,9715,6710,4831,3746,2977,25286,1,1,1,1
23.9000,7682,1,1,88354,0,169879,0.520103,34,10,34,375,314464,28.54509,0.00311,2.35726,0.00593,1,1,2,1.396167,1.000000,5.183542,-0.546293,-0.546250,14.415167,775,0.037894,0.004851,70560,29009,15737,9882,7009,4997,3856,3088,25740,1,1,1,1
22.3500,7694,1,1,84779,1,162735,0.520967,2,16,16,22,4634679,27.47274,0.00274,2.35198,0.00511,0,1,3,7.125179,6.384322,6.384322,-0.008282,-0.008027,14.953501,12699,0.000537,0.076507,67587,27599,15057,9492,6475,4876,3712,3019,24917,1,1,1,1
22.4000,7694,1,1,85017,1,163600,0.519667,9,3,9,445,86597,27.50742,0.00274,2.35198,0.00511,0,1,3,2.301495,1.709069,1.709069,-0.025538,-0.025430,14.936087,12314,0.001703,0.074274,68096,27736,15403,9764,6468,4837,3656,2861,24778,1,1,1,1
23.0000,7694,1,1,86342,0,165784,0.520813,1,2,39,39,134127,27.92336,0.00274,2.35198,0.00511,1,0,3,1.401062,1.000000,1.366734,-0.233493,-0.233449,14.728008,7697,0.015851,0.047082,68852,28103,15353,9704,6702,4941,3750,2977,25401,1,1,1,1
23.9000,7694,1,1,88505,1,169915,0.520881,1,5,35,120,1136500,28.54714,0.00274,2.35198,0.00511,0,1,3,2.153659,1.713386,1.713386,-0.545399,-0.545300,14.416195,774,0.037825,0.004837,70542,28903,15868,9865,6876,5107,3890,3040,25823,1,1,1,1
22.3500,7706,1,1,84922,0,163282,0.520097,4,2,18,59,192456,27.47312,0.00212,2.35637,0.00626,1,1,3,1.319031,1.000000,1.121374,-0.008355,-0.008319,14.953058,12716,0.000556,0.076492,67703,27706,15260,9574,6629,4900,3843,2882,24784,1,1,1,1
22.4000,7706,1,1,85515,1,163769,0.522172,1,21,21,87,17945480,27.50775,0.00212,2.35637,0.00626,0,1,3,1.854872,1.317786,1.077096,-0.025668,-0.025588,14.935865,12331,0.001713,0.074262,68201,28015,15017,9636,6642,4736,3830,2954,24737,1,1,1,1
23.0000,7706,1,1,86721,1,166079,0.522170,1,9,51,56,87922,27.92367,0.00212,2.35637,0.00626,0,1,3,6.955093,5.281401,5.281401,-0.233734,-0.233483,14.727750,7707,0.015853,0.047070,68885,28289,15620,9746,6625,5029,3801,2944,25139,1,1,1,1
23.9000,7706,1,1,88895,1,170755,0.520603,1,2,20,100,62169,28.54747,0.00212,2.35637,0.00626,0,0,3,1.413029,1.035175,1.035175,-0.545527,-0.545482,14.415918,774,0.037839,0.004829,71232,28814,15940,10051,7045,5056,3836,3052,25728,1,1,1,1
22.3500,7718,1,1,85538,0,163389,0.523527,1,63,63,1731,1093385,27.47436,0.00144,2.34890,0.00653,1,0,2,1.101235,1.000000,6.819123,-0.008175,-0.008163,14.953355,12737,0.000546,0.076498,68110,27341,15057,9633,6642,4847,3730,2898,25130,1,1,1,1
22.4000,7718,1,1,85273,1,163996,0.519973,1,4,5,266,521341,27.50903,0.00144,2.34890,0.00653,0,1,3,3.373313,2.609204,2.609204,-0.025446,-0.025289,14.936212,12350,0.001693,0.074259,68283,27892,15171,9666,6626,4854,3686,2958,24859,1,1,1,1
23.0000,7718,1,1,86344,0,166100,0.519835,2,10,26,71,1556258,27.92493,0.00144,2.34890,0.00653,1,1,2,1.141363,1.000000,1.646130,-0.233369,-0.233352,14.727918,7719,0.015844,0.047070,68938,28094,15379,9828,6715,4931,3860,3087,25267,1,1,1,1
23.9000,7718,1,1,88488,0,170063,0.520328,2,2,4,165,366481,28.54875,0.00144,2.34890,0.00653,1,0,3,1.359515,1.000000,1.332803,-0.545261,-0.545221,14.416252,773,0.037820,0.004816,70196,29299,15902,9858,6875,5046,3912,3036,25938,1,1,1,1
22.3500,7730,1,1,84767,1,162906,0.520346,1,3,103,501,208119,27.46999,0.00143,2.34718,0.00617,0,1,3,2.435036,1.897773,1.897773,-0.010259,-0.010144,14.951385,12756,0.000678,0.076503,67420,27658,15019,9584,6607,4893,3778,3040,24906,1,1,1,1
22.4000,7730,1,1,84889,1,163573,0.518970,2,11,305,305,100559,27.50469,0.00143,2.34718,0.00617,0,1,3,2.068579,1.715589,1.715589,-0.027605,-0.027511,14.933992,12369,0.001842,0.074268,67743,27550,15431,9621,6591,4919,3756,2943,25018,1,1,1,1
23.0000,7730,1,1,86962,0,166759,0.521486,4,1,12,21,224999,27.92058,0.00143,2.34718,0.00617,1,1,3,1.410473,1.000000,1.086418,-0.235517,-0.235472,14.725978,7731,0.015990,0.047076,69311,28299,15594,9844,6704,4920,3696,2978,25412,1,1,1,1
23.9000,7730,1,1,89277,1,171122,0.521719,5,24,24,24,277619,28.54441,0.00143,2.34718,0.00617,0,1,3,6.588496,6.246293,6.246293,-0.547549,-0.547305,14.413756,778,0.037971,0.004840,71282,28952,15846,10253,6925,5006,3886,3071,25900,1,1,1,1
22.3500,7742,1,1,85776,0,164300,0.522073,2,48,48,254,81369,27.47016,0.00235,2.34109,0.00592,1,0,2,1.040275,1.000000,2.041786,-0.009704,-0.009699,14.951827,12780,0.000649,0.076526,68441,27767,15342,9648,6823,4822,3652,2814,24990,1,1,1,1
22.4000,7742,1,1,85685,1,164598,0.520574,1,15,15,119,647154,27.50481,0.00235,2.34109,0.00592,0,1,3,1.457941,1.051886,1.022801,-0.026977,-0.026928,14.934484,12387,0.001803,0.074259,68607,28043,15142,9724,6688,4929,3735,2938,24791,1,1,1,1
23.0000,7742,1,1,86901,1,167001,0.520365,15,3,15,25,670865,27.92077,0.00235,2.34109,0.00592,0,1,3,2.500628,1.834890,1.834890,-0.235002,-0.234884,14.726620,7741,0.015950,0.047062,69528,28038,15554,9817,6831,5005,3769,3036,25422,1,1,1,1
23.9000,7742,1,1,88474,0,170599,0.518611,12,5,12,12,214317,28.54453,0.00235,2.34109,0.00592,1,1,3,1.198471,1.000000,1.168313,-0.546853,-0.546830,14.414485,774,0.037936,0.004807,70663,28946,15881,10089,6800,5126,3921,3059,26113,1,1,1,1
22.3500,7754,1,1,85544,0,164278,0.520730,1,1,31,31,601959,27.47555,0.00161,2.34581,0.00488,1,1,3,1.397972,1.000000,1.114969,-0.007318,-0.007275,14.954146,12793,0.000486,0.076473,68430,27759,15153,9629,6682,4962,3685,2964,25013,1,1,1,1
22.4000,7754,1,1,85762,0,164800,0.520404,1,7,37,37,1002110,27.51023,0.00161,2.34581,0.00488,1,0,2,1.304833,1.000000,2.904210,-0.024729,-0.024694,14.936793,12404,0.001653,0.074234,68558,28167,15302,9516,6686,4886,3787,2929,24968,1,1,1,1
23.0000,7754,1,1,87310,0,167299,0.521883,2,66,66,355,774348,27.92617,0.00161,2.34581,0.00488,1,1,2,1.385036,1.000000,30.506890,-0.232852,-0.232809,14.728602,7751,0.015807,0.047043,69689,28413,15480,9784,6702,4842,3782,3117,25489,1,1,1,1
23.9000,7754,1,1,88974,0,171281,0.519465,4,13,14,37,237368,28.54995,0.00161,2.34581,0.00488,1,0,2,1.147269,1.000000,2.102718,-0.544568,-0.544551,14.416961,773,0.037772,0.004793,71301,29042,15812,10056,6861,5109,3887,3039,26173,1,1,1,1
22.3500,7766,1,1,85983,1,164849,0.521590,1,10,27,37,92794,27.47248,0.00189,2.34101,0.00581,0,0,3,3.678872,2.907525,2.907525,-0.008847,-0.008679,14.952674,12820,0.000580,0.076524,68391,28077,15223,9874,6783,4940,3764,2957,24839,1,1,1,1
22.4000,7766,1,1,85815,1,164626,0.521276,1,3,10,46,161260,27.50711,0.00189,2.34101,0.00581,0,1,3,2.993637,2.184606,2.184606,-0.026143,-0.026001,14.935513,12431,0.001741,0.074287,68244,27856,15398,9691,6659,4997,3911,2948,24921,1,1,1,1
23.0000,7766,1,1,86971,1,167584,0.518973,1,2,16,31,146377,27.92304,0.00189,2.34101,0.00581,0,1,3,1.131631,1.005241,1.005241,-0.234054,-0.234038,14.727477,7771,0.015891,0.047095,69704,28454,15632,9808,6795,4917,3805,3051,25417,1,1,1,1
23.9000,7766,1,1,89190,0,171290,0.520699,2,11,11,510,240721,28.54684,0.00189,2.34101,0.00581,1,0,2,1.175327,1.000000,2.252171,-0.546006,-0.545985,14.415523,786,0.037875,0.004867,71140,29271,15705,10043,7043,4977,3887,3092,26131,1,1,1,1
22.3500,7778,1,1,85661,1,164723,0.520034,2,3,21,62,3838226,27.47516,0.00143,2.34547,0.00444,0,0,3,1.852897,1.479522,1.479522,-0.007679,-0.007600,14.953747,12835,0.000508,0.076490,68489,27831,15243,9706,6788,4939,3671,2996,25059,1,1,1,1
22.4000,7778,1,1,85625,1,164847,0.519424,1,25,76,76,6297595,27.50983,0.00143,2.34547,0.00444,0,1,3,9.025643,7.992985,7.992985,-0.025121,-0.024838,14.936400,12446,0.001663,0.074258,68496,27976,15187,9680,6797,4975,3642,2903,25190,1,1,1,1
23.0000,7778,1,1,87020,0,167342,0.520016,1,4,30,38,145957,27.92573,0.00143,2.34547,0.00444,1,1,2,1.413022,1.000000,2.821652,-0.233007,-0.232963,14.728474,7782,0.015817,0.047086,69072,28422,15638,9842,7013,5095,3858,3029,25372,1,1,1,1
23.9000,7778,1,1,89294,0,171678,0.520128,8,96,96,724,310176,28.54955,0.00143,2.34547,0.00444,1,1,2,1.218513,1.000000,23.484964,-0.545051,-0.545025,14.416303,779,0.037806,0.004815,71301,29267,16163,10008,6870,5052,3833,3102,26081,1,1,1,1
22.3500,7790,1,1,85976,0,164773,0.521788,1,6,19,19,207343,27.47441,0.00246,2.34851,0.00499,1,1,2,1.405635,1.000000,3.571556,-0.007576,-0.007533,14.953895,12855,0.000504,0.076490,68369,28025,15336,9688,6560,4924,3750,3023,25097,1,1,1,1
22.4000,7790,1,1,86215,1,165157,0.522022,3,37,37,37,47894179,27.50911,0.00246,2.34851,0.00499,0,1,3,5.934473,5.644582,5.644582,-0.024957,-0.024729,14.936413,12465,0.001656,0.074256,68314,28126,15456,9833,6623,5000,3728,3020,25056,1,1,1,1
23.0000,7790,1,1,87175,1,167847,0.519375,2,138,138,138,66654,27.92500,0.00246,2.34851,0.00499,0,1,3,3.498709,2.865846,2.805613,-0.232856,-0.232695,14.728806,7793,0.015799,0.047079,69337,28854,15610,9984,6716,5055,3855,3043,25392,1,1,1,1
23.9000,7790,1,1,89398,0,172016,0.519710,1,1,9,14,426328,28.54883,0.00246,2.34851,0.00499,1,0,3,1.351352,1.000000,1.002447,-0.544707,-0.544668,14.416809,780,0.037780,0.004814,71719,28921,15893,10163,7009,5161,3844,3007,26298,1,1,1,1
22.3500,7802,1,1,86057,1,164583,0.522882,2,1,31,68,849411,27.47408,0.00203,2.34230,0.00659,0,1,3,1.429507,1.012869,1.012869,-0.007855,-0.007809,14.953642,12871,0.000522,0.076469,68149,27874,15323,9701,6843,4868,3625,3011,25188,1,1,1,1
22.4000,7802,1,1,86183,1,165596,0.520444,1,3,27,27,310121,27.50873,0.00203,2.34230,0.00659,0,1,3,1.479072,1.060541,1.060541,-0.025178,-0.025127,14.936335,12481,0.001682,0.074238,68563,28195,15447,9930,6770,4958,3685,2936,25111,1,1,1,1
23.0000,7802,1,1,87954,0,168371,0.522385,1,40,40,204,109041,27.92469,0.00203,2.34230,0.00659,1,1,2,1.362233,1.000000,17.514706,-0.233342,-0.233303,14.728172,7799,0.015841,0.047045,70170,28437,15632,9961,6753,4966,3922,3070,25459,1,1,1,1
23.9000,7802,1,1,89406,0,172178,0.519268,2,6,6,182,31247589,28.54845,0.00203,2.34230,0.00659,1,1,3,1.132408,1.000000,1.087789,-0.545040,-0.545024,14.416242,778,0.037806,0.004795,71341,29364,16007,10210,6964,4993,3847,3156,26295,1,1,1,1
22.3500,7814,1,1,86292,0,165392,0.521745,1,3,16,52,249419,27.48009,0.00142,2.35120,0.00477,1,1,2,1.349340,1.000000,1.584108,-0.005164,-0.005126,14.956269,12895,0.000343,0.076480,68496,28314,15448,9857,6594,4843,3789,2962,25088,1,1,1,1
22.4000,7814,1,1,86532,0,165724,0.522148,1,2,18,959,54683253,27.51478,0.00142,2.35120,0.00477,1,0,3,1.346015,1.000000,1.317657,-0.022496,-0.022458,14.939021,12505,0.001503,0.074253,68587,28492,15606,9726,6554,4865,3807,2928,25158,1,1,1,1
23.0000,7814,1,1,87695,1,168773,0.519606,1,18,18,31,465924,27.93072,0.00142,2.35120,0.00477,0,0,3,4.137117,3.559573,3.559573,-0.230531,-0.230349,14.730943,7816,0.015637,0.047066,70331,28538,15634,9960,6848,5161,3764,3021,25515,1,1,1,1
23.9000,7814,1,1,89547,1,172550,0.518966,13,5,13,39,983471,28.55450,0.00142,2.35120,0.00477,0,1,3,2.787116,2.170632,2.170632,-0.542389,-0.542257,14.419234,785,0.037607,0.004829,71587,29258,16006,10309,7109,5093,3921,2977,26289,1,1,1,1
22.3500,7826,1,1,85959,1,165241,0.520207,8,14,14,196,172029,27.47253,0.00159,2.34706,0.00484,0,1,3,2.304303,1.775836,1.775836,-0.008936,-0.008829,14.952660,12910,0.000590,0.076470,68486,27843,15356,9827,6711,5026,3743,3011,25237,1,1,1,1
22.4000,7826,1,1,86550,0,165875,0.521782,2,71,71,71,3981164,27.50716,0.00159,2.34706,0.00484,1,1,2,1.348338,1.000000,29.344004,-0.026433,-0.026395,14.935084,12519,0.001767,0.074242,68611,28209,15495,9801,6886,4872,3809,2960,25231,1,1,1,1
23.0000,7826,1,1,88189,1,168707,0.522738,3,2,18,76,10849063,27.92308,0.00159,2.34706,0.00484,0,0,3,1.459761,1.256364,1.256364,-0.234190,-0.234142,14.727151,7823,0.015899,0.047048,69707,28911,15837,9824,6946,5126,3852,2999,25504,1,1,1,1
23.9000,7826,1,1,89418,0,172333,0.518871,1,11,367,367,666778,28.54688,0.00159,2.34706,0.00484,1,1,2,1.242197,1.000000,3.279274,-0.546153,-0.546125,14.415218,782,0.037885,0.004805,71590,29147,15941,10100,6992,5074,3966,3062,26460,1,1,1,1
22.3500,7838,1,1,86400,0,165854,0.520943,1,875,875,875,1847816,27.46378,0.00278,2.34845,0.00501,1,1,2,1.265424,1.000000,263.508153,-0.013018,-0.012988,14.948367,12931,0.000869,0.076499,68780,28282,15371,9790,6749,4937,3692,3027,25225,1,1,1,1
22.4000,7838,1,1,86566,0,166272,0.520632,2,1,32,39,360285,27.49845,0.00278,2.34845,0.00501,1,1,3,1.409476,1.000000,1.239205,-0.030006,-0.029962,14.931492,12538,0.002007,0.074258,69176,28200,15452,9813,6666,4937,3672,2998,25357,1,1,1,1
23.0000,7838,1,1,88271,1,169304,0.521379,4,48,48,48,261633,27.91436,0.00278,2.34845,0.00501,0,1,3,6.240293,5.564505,5.564505,-0.238058,-0.237825,14.723692,7837,0.016153,0.047071,70553,28903,15520,9907,6808,5048,3788,3081,25695,1,1,1,1
23.9000,7838,1,1,89945,1,173164,0.519424,3,3,90,90,337730,28.53817,0.00278,2.34845,0.00501,0,1,3,1.798384,1.512437,1.512437,-0.549883,-0.549808,14.411724,781,0.038150,0.004792,71992,29346,16223,10193,7044,5099,3975,3104,26187,1,1,1,1
22.3500,7850,1,1,86254,0,166142,0.519161,6,4,119,119,97091,27.46281,0.00168,2.34071,0.00520,1,1,2,1.402368,1.000000,2.195127,-0.013733,-0.013689,14.947737,12946,0.000916,0.076474,68912,28245,15306,9881,6713,4985,3793,3059,25247,1,1,1,1
22.4000,7850,1,1,86660,0,166143,0.521602,1,24,99,102,616942,27.49751,0.00168,2.34071,0.00520,1,1,2,1.070976,1.000000,1.936019,-0.031075,-0.031066,14.930458,12553,0.002081,0.074239,68770,28291,15476,9878,6790,4858,3740,3011,25328,1,1,1,1
23.0000,7850,1,1,88295,1,169781,0.520055,8,4,40,3851,66377,27.91340,0.00168,2.34071,0.00520,0,1,3,2.199069,1.673856,1.673856,-0.239011,-0.238911,14.722576,7843,0.016227,0.047039,70587,29122,15431,10072,7002,4926,3806,2999,25835,1,1,1,1
23.9000,7850,1,1,90153,1,172936,0.521311,1,4,16,51,540065,28.53723,0.00168,2.34071,0.00520,0,1,3,3.062560,2.394394,2.394394,-0.550950,-0.550807,14.410489,778,0.038223,0.004767,71830,29091,16247,10277,7069,5048,3936,3051,26386,1,1,1,1
22.3500,7862,1,1,86840,0,166526,0.521483,1,1,9,45,559906,27.46905,0.00106,2.34661,0.00592,1,1,3,1.374719,1.000000,1.106339,-0.010861,-0.010821,14.950589,12979,0.000724,0.076538,68884,28565,15407,9872,6797,5060,3750,2923,25267,1,1,1,1
22.4000,7862,1,1,86890,0,167180,0.519742,1,39,39,76,169834,27.50370,0.00106,2.34661,0.00592,1,1,2,1.061631,1.000000,2.607108,-0.028239,-0.028232,14.933293,12589,0.001891,0.074324,69757,28220,15572,9747,6799,5066,3746,2963,25309,1,1,1,1
23.0000,7862,1,1,88285,1,169450,0.521012,6,4,45,245,339397,27.91966,0.00106,2.34661,0.00592,0,1,3,3.189393,2.402002,2.402002,-0.236214,-0.236067,14.725439,7869,0.016031,0.047113,70296,28750,15964,9956,6839,5067,3872,2964,25741,1,1,1,1
23.9000,7862,1,1,90782,0,173996,0.521751,1,12,56,172,179154,28.54342,0.00106,2.34661,0.00592,1,0,2,1.145726,1.000000,2.177210,-0.548087,-0.548070,14.413444,792,0.038025,0.004845,72239,29587,16419,10203,7051,5098,3959,3182,26257,1,1,1,1
22.3500,7874,1,1,86862,0,166780,0.520821,4,6,8,14,906985,27.46067,0.00132,2.33598,0.00668,1,0,2,1.251885,1.000000,1.986329,-0.014936,-0.014907,14.946591,12996,0.000997,0.076542,69504,28359,15496,9734,6653,4921,3757,2989,25366,1,1,1,1
22.4000,7874,1,1,87093,1,167260,0.520707,2,4,14,47,48822,27.49536,0.00132,2.33598,0.00668,0,0,3,1.999947,1.648851,1.648851,-0.032266,-0.032178,14.929150,12602,0.002155,0.074308,69597,28311,15577,9930,6802,4969,3755,2947,25371,1,1,1,1
23.0000,7874,1,1,88354,0,169738,0.520535,1,27,27,27,57173,27.91130,0.00132,2.33598,0.00668,1,1,2,1.084740,1.000000,2.459245,-0.240263,-0.240253,14.720962,7878,0.016320,0.047110,70318,28803,15860,10078,6967,5094,3865,2952,25800,1,1,1,1
23.9000,7874,1,1,90794,0,174190,0.521238,1,6,31,66,671884,28.53508,0.00132,2.33598,0.00668,1,1,2,1.143619,1.000000,1.243825,-0.552108,-0.552091,14.409189,791,0.038315,0.004832,72567,29705,16105,10276,7016,5017,3907,3174,26422,1,1,1,1
22.3500,7886,1,1,86864,0,166867,0.520561,8,2,37,148,171483,27.46508,0.00153,2.35363,0.00575,1,1,3,1.392141,1.000000,1.088484,-0.012654,-0.012612,14.948853,13014,0.000844,0.076519,69442,28317,15705,9562,6667,5040,3664,3079,25390,1,1,1,1
22.4000,7886,1,1,87266,0,167510,0.520963,4,5,15,107,854773,27.49971,0.00153,2.35363,0.00575,1,1,2,1.252127,1.000000,1.788796,-0.030005,-0.029976,14.931374,12623,0.002008,0.074307,69691,28641,15516,9982,6709,5071,3633,3025,25241,1,1,1,1
23.0000,7886,1,1,88242,0,169727,0.519909,1,9,9,37,32488007,27.91563,0.00153,2.35363,0.00575,1,0,2,1.126616,1.000000,1.437416,-0.237952,-0.237937,14.723579,7893,0.016160,0.047119,70618,28597,15799,10185,6815,5039,3852,2958,25863,1,1,1,1
23.9000,7886,1,1,90409,1,173975,0.519670,8,5,21,501,23536198,28.53943,0.00153,2.35363,0.00575,0,0,3,1.190817,1.083758,1.083758,-0.549835,-0.549813,14.411422,790,0.038151,0.004818,72464,29290,16238,10160,7139,5244,3939,3076,26424,1,1,1,1
22.3500,7898,1,1,87090,0,167085,0.521235,2,21,33,735,116323,27.46584,0.00174,2.35351,0.00564,1,0,2,1.159071,1.000000,3.762976,-0.012234,-0.012215,14.949297,13033,0.000817,0.076512,69465,28288,15469,9784,6805,5004,3802,2933,25534,1,1,1,1
22.4000,7898,1,1,87461,1,167891,0.520942,1,12,58,58,122368,27.50050,0.00174,2.35351,0.00564,0,0,3,3.352807,2.660347,2.660347,-0.029545,-0.029392,14.931963,12638,0.001968,0.074280,69814,28476,15745,9927,6860,4881,3802,2983,25402,1,1,1,1
23.0000,7898,1,1,88422,0,169994,0.520151,1,3,15,109,907859,27.91641,0.00174,2.35351,0.00564,1,0,2,1.379546,1.000000,1.778072,-0.237472,-0.237431,14.724040,7903,0.016125,0.047106,70571,28978,15796,9877,6896,5151,3771,3004,25949,1,1,1,1
23.9000,7898,1,1,90819,1,174241,0.521229,1,2,14,125,2153662,28.54023,0.00174,2.35351,0.00564,0,0,3,1.786778,1.318522,1.318522,-0.549361,-0.549288,14.412112,793,0.038113,0.004829,72280,29422,16200,10323,7142,5265,3963,3199,26446,1,1,1,1
22.3500,7910,1,1,87336,0,167798,0.520486,1,14,21,30,456646,27.46832,0.00123,2.35041,0.00454,1,1,2,1.106523,1.000000,1.789579,-0.011185,-0.011173,14.950072,13053,0.000747,0.076510,69770,28411,15643,9958,6843,4974,3741,3052,25405,1,1,1,1
22.4000,7910,1,1,87088,0,167353,0.520388,5,57,57,121,562752,27.50302,0.00123,2.35041,0.00454,1,0,2,1.038052,1.000000,2.244045,-0.028552,-0.028548,14.932981,12657,0.001912,0.074273,69474,28503,15540,9933,6691,4928,3745,3016,25522,1,1,1,1
23.0000,7910,1,1,88715,1,170507,0.520304,4,5,42,408,636410,27.91891,0.00123,2.35041,0.00454,0,1,3,3.205058,2.583581,2.583581,-0.236506,-0.236358,14.725157,7911,0.016051,0.047078,70660,29002,15878,10113,6802,5170,3913,3043,25925,1,1,1,1
23.9000,7910,1,1,90952,0,174836,0.520216,2,7,65,126,273593,28.54274,0.00123,2.35041,0.00454,1,1,2,1.371896,1.000000,3.470132,-0.548440,-0.548400,14.413073,792,0.038049,0.004815,72764,29641,16386,10296,7065,5124,3922,3083,26554,1,1,1,1
22.3500,7922,1,1,87162,0,167143,0.521485,4,17,18,21,151251,27.46515,0.00342,2.34720,0.00638,1,1,2,1.273473,1.000000,5.615616,-0.011731,-0.011701,14.949662,13071,0.000783,0.076501,69254,28147,15519,9670,7002,4934,3918,3032,25666,1,1,1,1
22.4000,7922,1,1,87527,1,167742,0.521798,1,34,34,34,84835,27.49980,0.00342,2.34720,0.00638,0,1,3,11.015830,10.025925,10.025925,-0.029092,-0.028789,14.932406,12675,0.001928,0.074269,69437,28616,15666,9865,6725,4997,3917,3073,25445,1,1,1,1
23.0000,7922,1,1,88495,1,170315,0.519599,9,51,51,61,376930,27.91575,0.00342,2.34720,0.00638,0,1,3,1.837940,1.460753,1.460753,-0.236947,-0.236870,14.724628,7921,0.016087,0.047068,70343,29158,15781,9951,7084,5224,3843,2979,25951,1,1,1,1
23.9000,7922,1,1,91124,0,175106,0.520396,4,5,62,81,1551074,28.53952,0.00342,2.34720,0.00638,1,1,2,1.414202,1.000000,2.709795,-0.548869,-0.548825,14.412621,794,0.038079,0.004820,73013,29573,16139,10336,7015,5230,4115,3092,26592,1,1,1,1
22.3500,7934,1,1,86827,1,167016,0.519875,1,281,281,281,953659,27.46825,0.00293,2.35276,0.00463,0,1,3,49.155513,47.988753,47.988753,-0.010541,-0.010050,14.951482,13089,0.000672,0.076481,69056,28358,15519,9793,6712,5015,3899,2998,25665,1,1,1,1
22.4000,7934,1,1,87290,0,168084,0.519327,4,9,31,42,632589,27.50293,0.00293,2.35276,0.00463,1,1,2,1.383879,1.000000,4.651659,-0.027736,-0.027695,14.933721,12692,0.001855,0.074250,69922,28252,15625,10017,6835,4933,3799,3002,25698,1,1,1,1
23.0000,7934,1,1,88700,0,170798,0.519330,23,2,25,25,100935,27.91887,0.00293,2.35276,0.00463,1,1,3,1.374646,1.000000,1.041494,-0.235605,-0.235565,14.725909,7931,0.015997,0.047052,70903,28846,15940,9979,6991,5178,3874,2989,26097,1,1,1,1
23.9000,7934,1,1,90857,1,174652,0.520220,1,1202,1202,1202,6688019,28.54265,0.00293,2.35276,0.00463,0,1,3,91.806586,90.908706,90.908706,-0.547784,-0.547214,14.414318,791,0.037963,0.004794,72457,29528,16204,10256,7145,5089,3961,3163,26848,1,1,1,1
22.3500,7946,1,1,87733,1,168318,0.521237,15,7,81,206,145748,27.47058,0.00148,2.34897,0.00470,0,1,3,3.089635,2.533472,2.533472,-0.009985,-0.009843,14.951661,13110,0.000658,0.076487,70058,28538,15712,9859,6736,4899,3805,3044,25666,1,1,1,1
22.4000,7946,1,1,87769,1,168524,0.520813,2,19,19,198,475565,27.50521,0.00148,2.34897,0.00470,0,1,3,7.281054,6.709942,6.709942,-0.027362,-0.027112,14.934419,12713,0.001815,0.074257,69940,28948,15602,9894,6890,4938,3737,2959,25615,1,1,1,1
23.0000,7946,1,1,89419,1,171181,0.522368,2,5,12,28,193383,27.92113,0.00148,2.34897,0.00470,0,1,3,3.806293,2.762675,2.762675,-0.235267,-0.235099,14.726433,7945,0.015964,0.047062,71044,29039,15988,10029,6953,5130,3947,2978,26072,1,1,1,1
23.9000,7946,1,1,90941,1,175108,0.519345,1,4,98,98,160242,28.54493,0.00148,2.34897,0.00470,0,1,3,2.946554,2.389101,2.389101,-0.547157,-0.547021,14.414512,796,0.037949,0.004817,72786,29477,16224,10351,7214,5104,3984,3209,26758,1,1,1,1
22.3500,7958,1,1,88141,1,168973,0.521631,3,99,99,158,5973043,27.47773,0.00122,2.35309,0.00409,0,1,3,2.966778,2.217058,2.010749,-0.006511,-0.006374,14.955109,13134,0.000426,0.076494,70361,28958,15636,9582,6919,4946,3911,3060,25599,1,1,1,1
22.4000,7958,1,1,87852,0,168245,0.522170,1,5,5,6636,75310,27.51239,0.00122,2.35309,0.00409,1,0,2,1.288810,1.000000,1.994739,-0.023843,-0.023811,14.937682,12736,0.001594,0.074263,69548,28568,15684,9929,6886,5008,3884,2989,25748,1,1,1,1
23.0000,7958,1,1,89723,1,172209,0.521015,3,289,289,289,253834,27.92830,0.00122,2.35309,0.00409,0,0,3,1.810622,1.565059,1.565059,-0.231780,-0.231705,14.729589,7961,0.015731,0.047076,71638,29395,15937,10149,6957,5215,3860,3145,25912,1,1,1,1
23.9000,7958,1,1,91390,0,175378,0.521106,2,5,5,82,544136,28.55211,0.00122,2.35309,0.00409,1,0,2,1.242657,1.000000,1.583186,-0.543689,-0.543662,14.417839,799,0.037708,0.004827,72569,29896,16437,10347,7196,5187,3906,3095,26744,1,1,1,1
22.3500,7970,1,1,87975,1,168873,0.520957,4,2,5,163,801283,27.47824,0.00148,2.34797,0.00417,0,1,3,1.798295,1.447298,1.447298,-0.006084,-0.006011,14.955234,13150,0.000402,0.076472,70016,28972,15712,9943,6861,4974,3901,2911,25582,1,1,1,1
22.4000,7970,1,1,87777,1,168974,0.519474,1,2,50,50,193426,27.51294,0.00148,2.34797,0.00417,0,0,3,1.923323,1.391759,1.391759,-0.023433,-0.023351,14.938065,12751,0.001563,0.074236,70142,28619,15690,9958,6869,5085,3851,3163,25596,1,1,1,1
23.0000,7970,1,1,89436,0,171746,0.520749,265,35,265,265,18293059,27.92883,0.00148,2.34797,0.00417,1,1,2,1.064667,1.000000,2.411312,-0.231411,-0.231404,14.729783,7970,0.015710,0.047058,71194,29290,16004,10162,6950,5249,3857,3013,26026,1,1,1,1
23.9000,7970,1,1,91632,0,176309,0.519727,10,9,352,352,133808,28.55266,0.00148,2.34797,0.00417,1,1,2,1.285335,1.000000,3.297106,-0.543348,-0.543316,14.418054,798,0.037683,0.004814,73359,30038,16359,10346,7136,5123,4090,3267,26590,1,1,1,1
22.3500,7982,1,1,87989,1,168877,0.521027,2,62,62,62,312837,27.47363,0.00122,2.35157,0.00450,0,1,3,32.894354,27.959124,27.959124,-0.008688,-0.008250,14.953283,13172,0.000552,0.076494,70066,28519,15972,9751,6821,5133,3934,2969,25711,1,1,1,1
22.4000,7982,1,1,88124,0,169459,0.520034,36,69,69,69,1815369,27.50828,0.00122,2.35157,0.00450,1,1,2,1.165143,1.000000,12.392838,-0.025961,-0.025942,14.935359,12773,0.001737,0.074266,70595,28775,15542,9995,6851,4924,3917,3094,25765,1,1,1,1
23.0000,7982,1,1,89843,1,172483,0.520883,3,3,9,50,234592,27.92424,0.00122,2.35157,0.00450,0,1,3,2.500829,1.944118,1.944118,-0.233822,-0.233708,14.727787,7983,0.015868,0.047070,71589,29439,16028,10197,6963,5088,3909,3073,26196,1,1,1,1
23.9000,7982,1,1,91319,1,175620,0.519984,1,5990,5990,5990,912755,28.54800,0.00122,2.35157,0.00450,0,1,3,1.996150,1.708541,1.708541,-0.545696,-0.545610,14.415903,800,0.037848,0.004819,72902,29624,16360,10461,6995,5134,4053,3147,26943,1,1,1,1
22.3500,7994,1,1,88303,1,169439,0.521152,1,43,43,43,183160,27.47650,0.00169,2.35245,0.00472,0,1,3,1.692807,1.231133,1.132011,-0.006797,-0.006731,14.954682,13190,0.000450,0.076477,70242,28873,15773,10042,6982,5091,3801,3107,25527,1,1,1,1
22.4000,7994,1,1,88285,1,169775,0.520015,3,4,8,3213,697989,27.51118,0.00169,2.35245,0.00472,0,1,3,2.353616,2.023533,2.023533,-0.024178,-0.024071,14.937201,12789,0.001611,0.074238,70535,28841,15956,9961,7059,5093,3760,2952,25617,1,1,1,1
23.0000,7994,1,1,89612,0,172161,0.520516,1,8,26,196,81824,27.92712,0.00169,2.35245,0.00472,1,1,2,1.371023,1.000000,4.173739,-0.232195,-0.232155,14.729321,7992,0.015761,0.047047,71489,29248,15815,10077,7284,5021,3877,3070,26279,1,1,1,1
23.9000,7994,1,1,92293,1,177309,0.520524,8,11,44,118,442411,28.55090,0.00169,2.35245,0.00472,0,1,3,1.420700,1.398360,1.398360,-0.544016,-0.543972,14.417560,797,0.037730,0.004793,73832,30546,16307,10485,7188,5282,3883,3059,26726,1,1,1,1
22.3500,8006,1,1,88242,0,169768,0.519783,1,28,28,551,4209267,27.47458,0.00139,2.35106,0.00519,1,1,2,1.273960,1.000000,9.275073,-0.008110,-0.008080,14.953417,13209,0.000540,0.076479,70417,28895,15901,10090,6869,5163,3849,2975,25608,1,1,1,1
22.4000,8006,1,1,88357,1,169744,0.520534,1,6,9,39,3600031,27.50921,0.00139,2.35106,0.00519,0,1,3,4.234165,3.350424,3.350424,-0.025362,-0.025181,14.936349,12809,0.001686,0.074247,70496,28689,15919,10115,6803,5188,3699,3036,25798,1,1,1,1
23.0000,8006,1,1,89461,1,172444,0.518786,1,24,24,158,236419,27.92514,0.00139,2.35106,0.00519,0,1,3,10.179968,9.037163,9.037163,-0.233386,-0.233096,14.728430,8005,0.015826,0.047056,71666,29136,16014,10137,7012,5180,3888,3043,26367,1,1,1,1
23.9000,8006,1,1,91614,0,176393,0.519377,2,7,7,29,197227,28.54893,0.00139,2.35106,0.00519,1,0,2,1.166896,1.000000,1.447610,-0.545170,-0.545151,14.416362,800,0.037815,0.004804,73012,29987,16557,10422,7189,5210,4052,3095,26868,1,1,1,1
22.3500,8018,1,1,88300,0,169922,0.519653,2,5,41,214,86332,27.46693,0.00231,2.34740,0.00471,1,0,3,1.174289,1.000000,1.180114,-0.011322,-0.011302,14.950210,13225,0.000756,0.076473,70478,28864,15836,10165,6921,5142,3874,2988,25653,1,1,1,1
22.4000,8018,1,1,88570,0,170150,0.520544,2,7,31,41,206186,27.50160,0.00231,2.34740,0.00471,1,1,2,1.292480,1.000000,2.693981,-0.028707,-0.028675,14.932818,12826,0.001920,0.074252,70665,28930,15746,10164,6832,4999,3818,3068,25927,1,1,1,1
23.0000,8018,1,1,90445,1,173698,0.520706,2,7,13,17,993598,27.91751,0.00231,2.34740,0.00471,0,1,3,4.463105,3.687919,3.687919,-0.236680,-0.236494,14.724736,8013,0.016061,0.047044,72496,29764,16044,10227,7033,5150,3955,3002,26026,1,1,1,1
23.9000,8018,1,1,92083,1,177038,0.520134,3,6,23,144,3143000,28.54132,0.00231,2.34740,0.00471,0,1,3,1.568131,1.116357,1.057040,-0.548504,-0.548448,14.413013,797,0.038052,0.004780,73744,29855,16514,10418,7194,5222,4075,3105,26910,1,1,1,1
22.3500,8030,1,1,88682,0,170150,0.521202,2,17,28,28,2239522,27.46821,0.00230,2.34855,0.00432,1,1,2,1.397358,1.000000,8.500113,-0.010796,-0.010754,14.950712,13251,0.000719,0.076506,70564,28903,15837,10112,6904,5090,3890,3069,25780,1,1,1,1
22.4000,8030,1,1,88562,0,170281,0.520096,1,6,139,139,963300,27.50291,0.00230,2.34855,0.00432,1,1,2,1.393290,1.000000,3.478561,-0.028090,-0.028049,14.933419,12852,0.001878,0.074288,70822,28980,15673,9964,6897,4995,3890,3081,25978,1,1,1,1
23.0000,8030,1,1,90055,1,172729,0.521369,1,19,19,83,2411006,27.91880,0.00230,2.34855,0.00432,0,0,3,3.597855,3.057612,3.057612,-0.236026,-0.235867,14.725445,8031,0.016018,0.047077,71701,29425,16111,10053,6877,5149,3924,3009,26479,1,1,1,1
23.9000,8030,1,1,92342,0,177099,0.521418,2,84,84,141,365222,28.54263,0.00230,2.34855,0.00432,1,1,2,1.278890,1.000000,26.849767,-0.548078,-0.548047,14.413449,804,0.038023,0.004815,73551,29692,16690,10410,7215,5379,4021,3216,26924,1,1,1,1
22.3500,8042,1,1,88555,1,170039,0.520795,1,2,70,217,3009072,27.46637,0.00226,2.34290,0.00440,0,1,3,2.198546,1.659985,1.659985,-0.011618,-0.011520,14.949981,13269,0.000771,0.076500,70376,28777,15889,10115,6890,5209,3720,3089,25973,1,1,1,1
22.4000,8042,1,1,88944,0,170700,0.521058,4,30,30,30,66350,27.50102,0.00226,2.34290,0.00440,1,1,2,1.040690,1.000000,1.347753,-0.028928,-0.028923,14.932212,12867,0.001937,0.074270,71047,28661,16024,10035,7034,5032,3835,3087,25944,1,1,1,1
23.0000,8042,1,1,90220,0,173781,0.519162,1,11,403,403,273047,27.91698,0.00226,2.34290,0.00440,1,1,2,1.363039,1.000000,5.413755,-0.236996,-0.236958,14.724521,8039,0.016093,0.047057,72280,29641,16188,10311,6859,5204,3967,3079,26251,1,1,1,1
23.9000,8042,1,1,92310,0,177913,0.518852,1,604,604,604,223673,28.54074,0.00226,2.34290,0.00440,1,1,2,1.150244,1.000000,97.778248,-0.549058,-0.549040,14.412475,802,0.038095,0.004796,74118,30240,16457,10505,7167,5219,3972,3234,27000,1,1,1,1
22.3500,8054,1,1,88646,0,170149,0.520993,3,5,24,1338,280344,27.46496,0.00161,2.34798,0.00465,1,1,2,1.383754,1.000000,2.552586,-0.012657,-0.012617,14.948855,13291,0.000844,0.076518,70403,28799,15920,10143,6899,4966,4009,2992,26017,1,1,1,1
22.4000,8054,1,1,88676,0,170885,0.518925,1,2,17,67,246600,27.49964,0.00161,2.34798,0.00465,1,1,2,1.398073,1.000000,1.438433,-0.029964,-0.029922,14.931506,12888,0.002004,0.074284,70982,28985,15926,10197,6980,5014,3807,3092,25901,1,1,1,1
23.0000,8054,1,1,90312,0,173669,0.520027,6,1,40,441,313918,27.91558,0.00161,2.34798,0.00465,1,1,3,1.396819,1.000000,1.075596,-0.237911,-0.237869,14.723598,8057,0.016156,0.047095,72332,29347,16077,10217,7041,5091,3931,3147,26485,1,1,1,1
23.9000,8054,1,1,92642,0,178126,0.520095,1,9,28,253,637330,28.53936,0.00161,2.34798,0.00465,1,1,2,1.325619,1.000000,3.950514,-0.549887,-0.549852,14.411539,807,0.038154,0.004819,74173,30308,16500,10576,7144,5159,3950,3186,27129,1,1,1,1
22.3500,8066,1,1,88488,0,170364,0.519409,1,120,120,200,685073,27.45970,0.00205,2.34394,0.00510,1,1,2,1.010402,1.000000,1.282394,-0.015096,-0.015095,14.946439,13310,0.001010,0.076526,70225,29103,15958,10001,7039,5179,3907,3150,25801,1,1,1,1
22.4000,8066,1,1,88910,0,170926,0.520170,1,6,119,119,547554,27.49433,0.00205,2.34394,0.00510,1,1,2,1.411074,1.000000,3.755987,-0.032479,-0.032436,14.929004,12907,0.002173,0.074295,70845,28971,15913,10144,6938,5114,3883,3042,26075,1,1,1,1
23.0000,8066,1,1,90782,0,173912,0.522003,1,3,13,52,196561,27.91025,0.00205,2.34394,0.00510,1,1,2,1.412616,1.000000,2.157760,-0.240406,-0.240363,14.721091,8067,0.016328,0.047091,72165,29634,16088,10422,7165,5096,4034,3076,26231,1,1,1,1
23.9000,8066,1,1,92643,1,178217,0.519835,2,8,79,79,13064364,28.53405,0.00205,2.34394,0.00510,0,1,3,4.556910,3.785843,3.785843,-0.552340,-0.552152,14.409084,808,0.038320,0.004819,73799,30193,16571,10697,7421,5376,4004,3228,26927,1,1,1,1
22.3500,8078,1,1,89265,1,171098,0.521722,1,347,347,347,588849,27.45920,0.00243,2.34412,0.00610,0,1,3,57.080585,56.161451,56.161451,-0.015365,-0.014865,14.946670,13328,0.000995,0.076514,71151,28823,15831,10135,7013,5244,3863,3036,26001,1,1,1,1
22.4000,8078,1,1,89104,0,171081,0.520832,3,2,18,55,255204,27.49387,0.00243,2.34412,0.00610,1,1,3,1.400102,1.000000,1.295882,-0.032463,-0.032421,14.929045,12924,0.002172,0.074283,70996,29147,15868,10014,7047,5121,3835,3200,25852,1,1,1,1
23.0000,8078,1,1,90454,0,173427,0.521571,1,520,520,520,187440,27.90978,0.00243,2.34412,0.00610,1,1,3,1.001871,1.000000,1.060453,-0.240400,-0.240400,14.721135,8078,0.016330,0.047085,71864,29266,16096,10277,7206,5257,3853,3071,26536,1,1,1,1
23.9000,8078,1,1,92951,1,178550,0.520591,1,78,78,78,561302,28.53359,0.00243,2.34412,0.00610,0,0,3,5.267239,4.753520,4.753520,-0.552406,-0.552200,14.409054,808,0.038323,0.004812,74064,30412,16635,10547,7393,5347,4044,3136,26971,1,1,1,1
22.3500,8090,1,1,88701,1,170811,0.519296,3,8,381,381,86429,27.46955,0.00137,2.34611,0.00570,0,1,3,2.799166,2.237343,2.237343,-0.010506,-0.010379,14.951123,13348,0.000694,0.076493,70905,28965,15705,10044,6879,5080,3891,3040,26301,1,1,1,1
22.4000,8090,1,1,89408,0,171345,0.521804,1,4,14,173,268438,27.50425,0.00137,2.34611,0.00570,1,1,2,1.412562,1.000000,2.632444,-0.027866,-0.027823,14.933632,12948,0.001863,0.074287,70882,29123,15848,10129,7204,5183,3829,3123,26023,1,1,1,1
23.0000,8090,1,1,90558,0,174152,0.519997,1,3,25,200,105876,27.92014,0.00137,2.34611,0.00570,1,0,3,1.258635,1.000000,1.076163,-0.235754,-0.235726,14.725775,8087,0.016008,0.047053,72145,29777,16029,10237,7134,5144,3989,3162,26534,1,1,1,1
23.9000,8090,1,1,92515,1,178034,0.519651,1,7,7,46,307340,28.54397,0.00137,2.34611,0.00570,0,0,3,2.074505,1.536694,1.536694,-0.547690,-0.547600,14.413803,806,0.037991,0.004791,73292,30494,16706,10450,7244,5380,4107,3167,27193,1,1,1,1
22.3500,8102,1,1,89299,1,171586,0.520436,1,9,35,129,379057,27.46771,0.00137,2.35439,0.00576,0,1,3,1.831414,1.802264,1.802264,-0.011397,-0.011322,14.950211,13366,0.000757,0.076487,71267,29078,16062,10132,6973,5173,3907,3019,25974,1,1,1,1
22.4000,8102,1,1,89715,1,172220,0.520936,1,2,47,90,306557,27.50236,0.00137,2.35439,0.00576,0,1,3,1.961170,1.423102,1.423102,-0.028707,-0.028624,14.932851,12963,0.001917,0.074267,71793,29220,16015,10267,6978,5006,3990,2912,26038,1,1,1,1
23.0000,8102,1,1,90527,1,174275,0.519452,1,3,16,72,1388752,27.91831,0.00137,2.35439,0.00576,0,1,3,2.827267,2.182620,2.182620,-0.236711,-0.236583,14.724793,8099,0.016067,0.047056,71976,29878,16330,10201,7005,5158,4033,3191,26502,1,1,1,1
23.9000,8102,1,1,92898,0,179161,0.518520,2,3465,3465,3465,208685,28.54208,0.00137,2.35439,0.00576,1,1,2,1.006650,1.000000,23.124385,-0.548740,-0.548739,14.412177,808,0.038075,0.004796,74480,30561,16555,10572,7324,5305,4038,3210,27115,1,1,1,1
22.3500,8114,1,1,89517,1,171478,0.522035,7,25,25,117,1277073,27.47121,0.00240,2.36158,0.00477,0,1,3,2.519912,2.001539,2.001539,-0.009119,-0.009005,14.952496,13388,0.000602,0.076488,71003,29207,15983,10035,7009,5175,3825,3042,26198,1,1,1,1
22.4000,8114,1,1,89563,1,171861,0.521139,1,5,12,17,122833,27.50589,0.00240,2.36158,0.00477,0,0,3,2.369599,1.728139,1.728139,-0.026451,-0.026344,14.935070,12982,0.001764,0.074255,71533,29173,15746,10049,7075,5136,3875,3101,26172,1,1,1,1
23.0000,8114,1,1,91576,0,174960,0.523414,1,4,54,54,176293,27.92183,0.00240,2.36158,0.00477,1,0,2,1.295527,1.000000,1.724079,-0.234422,-0.234390,14.727104,8113,0.015916,0.047060,72705,29708,16297,10254,7020,5264,4025,3157,26529,1,1,1,1
23.9000,8114,1,1,93253,1,178778,0.521616,1,493,493,493,135324,28.54561,0.00240,2.36158,0.00477,0,1,3,54.812803,53.621956,53.621956,-0.546525,-0.546031,14.415008,811,0.037879,0.004806,74372,30292,16431,10421,7276,5457,4025,3130,27373,1,1,1,1
22.3500,8126,1,1,89832,0,171523,0.523735,4,2,12,39,722674,27.46108,0.00184,2.34985,0.00580,1,1,3,1.324224,1.000000,1.125962,-0.014494,-0.014460,14.946933,13405,0.000967,0.076500,71174,28986,15985,10115,7029,5088,3867,3082,26196,1,1,1,1
22.4000,8126,1,1,90018,0,172496,0.521859,3,6,343,343,841684,27.49571,0.00184,2.34985,0.00580,1,1,2,1.388837,1.000000,3.067089,-0.031873,-0.031833,14.929592,12999,0.002132,0.074270,71702,29573,15806,10111,7164,5115,3812,3091,26121,1,1,1,1
23.0000,8126,1,1,90840,0,175133,0.518694,1,13,108,710,1622850,27.91164,0.00184,2.34985,0.00580,1,1,2,1.193758,1.000000,2.992597,-0.239832,-0.239810,14.721516,8123,0.016290,0.047067,72618,29758,16440,10316,7216,5217,4084,3105,26378,1,1,1,1
23.9000,8126,1,1,93045,1,179241,0.519108,2,7,7,55,2372175,28.53543,0.00184,2.34985,0.00580,0,1,3,3.183608,2.752872,2.752872,-0.551727,-0.551584,14.409682,810,0.038279,0.004795,74265,30465,16688,10519,7278,5495,4115,3203,27212,1,1,1,1
22.3500,8138,1,1,89612,0,171952,0.521148,1,1,32,88,558972,27.47223,0.00257,2.34828,0.00543,1,1,3,1.335787,1.000000,1.147952,-0.008541,-0.008506,14.953028,13423,0.000569,0.076459,71335,28951,15978,10206,7087,5074,3885,3073,26362,1,1,1,1
22.4000,8138,1,1,89910,0,172186,0.522171,3,3,4,109,280520,27.50689,0.00257,2.34828,0.00543,1,0,3,1.261169,1.000000,1.144812,-0.025876,-0.025847,14.935654,13018,0.001731,0.074238,71385,29326,15896,10086,7137,5214,3826,3030,26285,1,1,1,1
23.0000,8138,1,1,91220,0,175515,0.519731,5,6,6,124,199150,27.92280,0.00257,2.34828,0.00543,1,1,2,1.333124,1.000000,2.625963,-0.233880,-0.233844,14.727643,8133,0.015878,0.047035,72694,30066,16393,10248,7068,5330,4005,3121,26589,1,1,1,1
23.9000,8138,1,1,93577,1,179688,0.520778,1,394,394,394,236010,28.54661,0.00257,2.34828,0.00543,0,1,3,5.755779,5.066834,5.031148,-0.545827,-0.545612,14.415672,809,0.037849,0.004780,74738,30557,16672,10564,7281,5234,4135,3230,27276,1,1,1,1
22.3500,8150,1,1,89746,0,172253,0.521016,16,3,16,16,4810203,27.47476,0.00161,2.34555,0.00473,1,1,2,1.414091,1.000000,1.765331,-0.007761,-0.007719,14.953734,13449,0.000516,0.076491,71528,29021,16257,10116,6951,5147,3890,3130,26212,1,1,1,1
22.4000,8150,1,1,89540,0,172116,0.520234,1,2,20,174,208748,27.50946,0.00161,2.34555,0.00473,1,1,2,1.400259,1.000000,1.467507,-0.025101,-0.025060,14.936372,13041,0.001678,0.074256,71307,29165,16137,9961,6921,5050,3962,3099,26513,1,1,1,1
23.0000,8150,1,1,91848,0,176035,0.521763,3,25,35,35,1000215,27.92535,0.00161,2.34555,0.00473,1,1,2,1.409451,1.000000,12.525164,-0.233177,-0.233135,14.728326,8153,0.015829,0.047080,73277,29794,16480,10340,7135,5144,3965,3211,26688,1,1,1,1
23.9000,8150,1,1,93615,1,180119,0.519743,9,11,46,117,227887,28.54918,0.00161,2.34555,0.00473,0,0,3,2.177723,2.080351,2.080351,-0.544983,-0.544887,14.416271,816,0.037797,0.004814,74432,31088,17012,10563,7202,5199,4214,3193,27215,1,1,1,1
22.3500,8162,1,1,90370,0,172789,0.523011,1,4,85,85,296087,27.46473,0.00186,2.34488,0.00481,1,1,2,1.388360,1.000000,2.099180,-0.012648,-0.012607,14.948865,13467,0.000843,0.076505,71819,29305,16077,10227,7161,5121,3854,3208,26016,1,1,1,1
22.4000,8162,1,1,90300,0,173150,0.521516,3,8,12,25,2325245,27.49938,0.00186,2.34488,0.00481,1,1,2,1.397514,1.000000,4.010474,-0.030012,-0.029971,14.931498,13057,0.002007,0.074262,71963,29483,16154,10095,7083,5221,3878,3121,26151,1,1,1,1
23.0000,8162,1,1,91412,0,175713,0.520238,1,1,101,101,511396,27.91534,0.00186,2.34488,0.00481,1,1,3,1.410210,1.000000,1.109682,-0.237906,-0.237864,14.723578,8159,0.016155,0.047060,73068,29885,16274,10331,7065,5211,4000,3087,26791,1,1,1,1
23.9000,8162,1,1,93598,0,180173,0.519492,1,2,21,97,107494,28.53910,0.00186,2.34488,0.00481,1,1,2,1.377474,1.000000,1.470180,-0.549809,-0.549770,14.411649,814,0.038148,0.004797,74639,30786,16792,10562,7398,5459,4105,3213,27218,1,1,1,1
22.3500,8174,1,1,90323,1,173177,0.521568,1,60,91,396,1528869,27.47180,0.00119,2.34109,0.00723,0,1,3,7.972213,7.073364,7.073364,-0.009504,-0.009250,14.952270,13485,0.000619,0.076478,71840,29509,16003,10216,7046,5174,3860,3108,26420,1,1,1,1
22.4000,8174,1,1,90009,1,173209,0.519658,2,23,23,566,452021,27.50649,0.00119,2.34109,0.00723,0,1,3,15.952579,11.906892,11.906892,-0.026878,-0.026539,14.934531,13076,0.001777,0.074246,71972,29433,16115,10118,7003,5128,3964,3118,26357,1,1,1,1
23.0000,8174,1,1,92047,1,176789,0.520663,2,14,14,48,1866606,27.92242,0.00119,2.34109,0.00723,0,1,3,2.551251,1.991517,1.991517,-0.234736,-0.234622,14.726876,8172,0.015932,0.047055,73459,30132,16724,10363,7150,5161,4012,3212,26575,1,1,1,1
23.9000,8174,1,1,93986,0,180812,0.519802,1,6,109,302,588073,28.54621,0.00119,2.34109,0.00723,1,1,2,1.248211,1.000000,2.110014,-0.546632,-0.546605,14.414753,815,0.037920,0.004794,75276,30827,16848,10449,7258,5383,4087,3218,27465,1,1,1,1
22.3500,8186,1,1,90300,0,173536,0.520356,1,3,20,603,1578493,27.46966,0.00135,2.35009,0.00489,1,1,3,1.237870,1.000000,1.217392,-0.010448,-0.010421,14.951084,13501,0.000697,0.076462,71917,29589,16146,10372,7043,5163,4036,3083,26186,1,1,1,1
22.4000,8186,1,1,90823,1,174086,0.521716,2,3,26,2141,861505,27.50429,0.00135,2.35009,0.00489,0,1,3,2.819864,2.087196,2.087196,-0.027802,-0.027675,14.933834,13094,0.001853,0.074243,72352,29570,16308,10370,6984,5170,4011,3128,26192,1,1,1,1
23.0000,8186,1,1,91861,1,176720,0.519814,2,3,9,15,330155,27.92021,0.00135,2.35009,0.00489,0,1,3,2.762158,2.027481,2.027481,-0.235761,-0.235637,14.725876,8179,0.016002,0.047030,73295,29918,16634,10551,7197,5211,3980,3270,26663,1,1,1,1
23.9000,8186,1,1,94123,1,180914,0.520267,1,91,91,139,709875,28.54401,0.00135,2.35009,0.00489,0,0,3,7.155061,6.571245,6.571245,-0.547732,-0.547492,14.413744,812,0.037984,0.004770,75263,30750,16850,10627,7170,5351,4061,3328,27513,1,1,1,1
22.3500,8198,1,1,90225,1,173261,0.520749,1,70,70,70,438827,27.47412,0.00135,2.35374,0.00396,0,0,3,4.053254,3.539724,3.539724,-0.008269,-0.008098,14.953196,13536,0.000542,0.076537,71907,29273,15986,10296,7062,5249,4063,3047,26377,1,1,1,1
22.4000,8198,1,1,91057,1,174505,0.521805,2,31,31,48,1112701,27.50879,0.00135,2.35374,0.00396,0,0,3,1.341491,1.036015,1.036015,-0.025524,-0.025488,14.935893,13130,0.001706,0.074328,72722,29745,16298,10198,7143,5136,3917,3183,26162,1,1,1,1
23.0000,8198,1,1,91823,1,176502,0.520241,2,73,73,73,110433,27.92469,0.00135,2.35374,0.00396,0,1,3,15.115092,14.450840,14.450840,-0.233641,-0.233309,14.727804,8208,0.015841,0.047121,73571,29485,16644,10359,7195,5206,3984,3225,26832,1,1,1,1
23.9000,8198,1,1,94502,0,181452,0.520813,1,4,46,134,141803,28.54851,0.00135,2.35374,0.00396,1,1,2,1.191336,1.000000,1.243147,-0.545396,-0.545375,14.415952,829,0.037831,0.004862,75456,30954,16852,10756,7197,5279,4262,3260,27435,1,1,1,1
22.3500,8210,1,1,90568,0,174091,0.520237,2,11,261,261,166571,27.47510,0.00152,2.36022,0.00370,1,1,2,1.184708,1.000000,2.458915,-0.007658,-0.007637,14.953686,13553,0.000511,0.076519,72313,29496,16287,10263,7132,5131,3948,3143,26377,1,1,1,1
22.4000,8210,1,1,90674,0,174446,0.519786,1,1,11,12,147551,27.50980,0.00152,2.36022,0.00370,1,0,3,1.410529,1.000000,1.140093,-0.024960,-0.024918,14.936542,13141,0.001668,0.074278,72404,29801,16260,10197,7053,5222,3945,3150,26413,1,1,1,1
23.0000,8210,1,1,92388,0,177448,0.520651,4,6,6,290,154494,27.92569,0.00152,2.36022,0.00370,1,0,2,1.175961,1.000000,1.304573,-0.232913,-0.232894,14.728621,8216,0.015812,0.047096,73705,30261,16402,10549,7244,5305,3987,3156,26838,1,1,1,1
23.9000,8210,1,1,94389,1,180913,0.521740,1,7,76,88,44211,28.54952,0.00152,2.36022,0.00370,0,0,3,2.410646,1.879391,1.879391,-0.544851,-0.544744,14.416632,827,0.037786,0.004843,75190,30785,16745,10650,7100,5388,4180,3202,27672,1,1,1,1
22.3500,8222,1,1,90968,0,174043,0.522678,1,2,82,82,454630,27.47312,0.00135,2.36276,0.00411,1,1,3,1.306658,1.000000,1.001820,-0.008661,-0.008628,14.952759,13572,0.000577,0.076519,72402,29658,16120,10196,7084,5051,3874,3103,26554,1,1,1,1
22.4000,8222,1,1,91357,1,174803,0.522631,7,8,8,159,6998478,27.50777,0.00135,2.36276,0.00411,0,1,3,2.188328,2.046533,2.046533,-0.026029,-0.025934,14.935594,13161,0.001736,0.074287,72951,29482,16310,10207,7164,5229,3850,3169,26440,1,1,1,1
23.0000,8222,1,1,92534,0,177134,0.522398,1,48,48,48,773524,27.92372,0.00135,2.36276,0.00411,1,1,2,1.083955,1.000000,4.383721,-0.234054,-0.234044,14.727187,8228,0.015892,0.047100,73643,29897,16411,10400,7283,5303,3901,3234,27061,1,1,1,1
23.9000,8222,1,1,94785,1,181723,0.521593,2,3,81,116,556124,28.54749,0.00135,2.36276,0.00411,0,1,3,2.444773,1.799066,1.799066,-0.545883,-0.545774,14.415709,828,0.037860,0.004842,75592,30877,16964,10660,7396,5350,4073,3297,27513,1,1,1,1
22.3500,8234,1,1,90710,0,174099,0.521028,1,2,18,80,216024,27.47416,0.00160,2.35760,0.00370,1,0,3,1.316548,1.000000,1.318389,-0.008013,-0.007980,14.953513,13590,0.000534,0.076505,72076,29712,16314,10196,7060,5297,3869,3064,26510,1,1,1,1
22.4000,8234,1,1,91006,0,174586,0.521270,9,5,9,18,630044,27.50884,0.00160,2.35760,0.00370,1,0,2,1.192726,1.000000,1.281646,-0.025354,-0.025333,14.936180,13177,0.001696,0.074266,72855,29506,15977,10240,7238,5030,4056,3126,26557,1,1,1,1
23.0000,8234,1,1,92382,0,177367,0.520855,1,8,10,89,215395,27.92478,0.00160,2.35760,0.00370,1,0,2,1.183199,1.000000,1.874962,-0.233346,-0.233325,14.728188,8235,0.015842,0.047068,73488,29997,16586,10541,7237,5388,4153,3155,26821,1,1,1,1
23.9000,8234,1,1,94711,1,181892,0.520702,3,11,11,74,102544,28.54856,0.00160,2.35760,0.00370,0,0,3,2.500594,2.221304,2.221304,-0.545249,-0.545137,14.416142,825,0.037814,0.004817,75524,31039,16867,10678,7379,5360,4157,3266,27621,1,1,1,1
22.3500,8246,1,1,91029,1,174245,0.522423,1,2,14,955,69675,27.47673,0.00126,2.34593,0.00506,0,1,3,1.573069,1.217263,1.217263,-0.006960,-0.006905,14.954592,13613,0.000462,0.076518,72119,29498,16255,10301,7013,5290,4016,3124,26628,1,1,1,1
22.4000,8246,1,1,91382,0,175115,0.521843,1,9,9,121,315514,27.51136,0.00126,2.34593,0.00506,1,1,2,1.413998,1.000000,5.077037,-0.024363,-0.024321,14.937134,13201,0.001628,0.074289,72785,29693,16469,10419,6980,5153,3950,3027,26638,1,1,1,1
23.0000,8246,1,1,93004,0,178488,0.521069,1,17,17,51,58812,27.92729,0.00126,2.34593,0.00506,1,1,2,1.078162,1.000000,1.544042,-0.232251,-0.232241,14.729286,8253,0.015767,0.047099,74496,30393,16618,10457,7159,5328,4047,3088,26901,1,1,1,1
23.9000,8246,1,1,94983,1,182625,0.520101,1,1,175,175,50203,28.55108,0.00126,2.34593,0.00506,0,0,3,1.898500,1.373480,1.373480,-0.544143,-0.544066,14.417358,832,0.037737,0.004851,75951,30799,17116,10728,7647,5375,4240,3216,27552,1,1,1,1
22.3500,8258,1,1,91043,1,174896,0.520558,1,10,10,54,378933,27.47975,0.00187,2.35902,0.00494,0,1,3,5.353619,4.501443,4.501443,-0.005208,-0.005005,14.956289,13631,0.000335,0.076499,72801,29681,16206,10197,7050,5180,3995,3169,26616,1,1,1,1
22.4000,8258,1,1,90924,0,174959,0.519690,1,125,125,125,593641,27.51442,0.00187,2.35902,0.00494,1,1,2,1.008652,1.000000,1.128543,-0.022455,-0.022454,14.939082,13218,0.001503,0.074266,72641,29625,16180,10371,7170,5203,3888,3101,26779,1,1,1,1
23.0000,8258,1,1,92450,0,177745,0.520130,6,4,566,566,1035677,27.93032,0.00187,2.35902,0.00494,1,1,2,1.334989,1.000000,1.897318,-0.230441,-0.230406,14.730995,8264,0.015641,0.047088,73620,30370,16644,10310,7116,5388,4015,3170,27111,1,1,1,1
23.9000,8258,1,1,95023,1,182309,0.521222,1,2,10,215,3377131,28.55414,0.00187,2.35902,0.00494,0,1,3,1.585101,1.199605,1.199605,-0.542321,-0.542265,14.419227,831,0.037607,0.004837,75747,30738,17010,10591,7398,5572,4163,3188,27901,1,1,1,1
22.3500,8270,1,1,90991,1,174828,0.520463,4,62,62,285,243421,27.47710,0.00142,2.36157,0.00369,0,0,3,1.849371,1.639892,1.639892,-0.006678,-0.006604,14.954679,13649,0.000442,0.076497,72280,29848,16247,10365,7211,5218,3922,3152,26584,1,1,1,1
22.4000,8270,1,1,91204,0,174868,0.521562,2,1,35,35,252126,27.51180,0.00142,2.36157,0.00369,1,1,3,1.413899,1.000000,1.182959,-0.024006,-0.023964,14.937486,13237,0.001604,0.074273,72597,29520,16340,10397,7239,5106,3896,3102,26670,1,1,1,1
23.0000,8270,1,1,92822,0,178296,0.520609,1,7,15,108,107112,27.92769,0.00142,2.36157,0.00369,1,1,2,1.180230,1.000000,1.737960,-0.231974,-0.231954,14.729369,8275,0.015748,0.047087,74000,30276,16605,10427,7301,5320,4076,3229,27061,1,1,1,1
23.9000,8270,1,1,94769,1,182229,0.520057,20,62,62,62,449925,28.55152,0.00142,2.36157,0.00369,0,1,3,12.300318,11.527899,11.527899,-0.544006,-0.543703,14.417827,830,0.037710,0.004825,75595,30948,17028,10611,7457,5318,4203,3258,27810,1,1,1,1
22.3500,8282,1,1,91613,1,175728,0.521337,3,11,37,37,397184,27.47741,0.00209,2.35816,0.00360,0,1,3,3.789638,3.449124,3.449124,-0.006217,-0.006056,14.955147,13671,0.000405,0.076507,72968,29995,16527,10323,7073,5175,3921,3115,26630,1,1,1,1
22.4000,8282,1,1,91046,0,175344,0.519245,1,1,28,1825,415278,27.51206,0.00209,2.35816,0.00360,1,0,3,1.381177,1.000000,1.188667,-0.023477,-0.023438,14.938039,13257,0.001569,0.074275,72764,29841,16201,10437,7089,5355,3938,3085,26633,1,1,1,1
23.0000,8282,1,1,92839,1,178430,0.520313,2,2,4,51,122932,27.92802,0.00209,2.35816,0.00360,0,0,3,1.405180,1.085406,1.085406,-0.231450,-0.231409,14.729975,8287,0.015710,0.047085,73997,30228,16683,10546,7107,5334,4072,3224,27238,1,1,1,1
23.9000,8282,1,1,95323,1,183133,0.520515,2,40,40,357,271432,28.55178,0.00209,2.35816,0.00360,0,0,3,3.432730,3.099094,3.099094,-0.543396,-0.543247,14.418016,834,0.037678,0.004841,76030,30975,17043,10726,7424,5511,4234,3437,27752,1,1,1,1
22.3500,8294,1,1,91752,0,175734,0.522110,7,22,64,71,1751662,27.47915,0.00208,2.36041,0.00406,1,1,2,1.137799,1.000000,3.297270,-0.005333,-0.005317,14.955975,13693,0.000356,0.076515,72885,29936,16379,10510,7072,5200,3953,3200,26598,1,1,1,1
22.4000,8294,1,1,91288,0,175816,0.519228,1,44,44,144,279706,27.51383,0.00208,2.36041,0.00406,1,1,2,1.078454,1.000000,3.675188,-0.022681,-0.022672,14.938555,13276,0.001518,0.074271,72927,29905,16390,10352,7074,5299,3961,3068,26839,1,1,1,1
23.0000,8294,1,1,93168,0,178897,0.520794,2,3,11,17,303996,27.92977,0.00208,2.36041,0.00406,1,1,3,1.234825,1.000000,1.131962,-0.230576,-0.230551,14.730805,8301,0.015651,0.047094,74190,30220,16782,10687,7342,5352,4030,3218,27075,1,1,1,1
23.9000,8294,1,1,95249,1,183086,0.520245,2,25,25,212,1268568,28.55355,0.00208,2.36041,0.00406,0,1,3,17.033591,12.823109,12.823109,-0.542617,-0.542275,14.419260,835,0.037608,0.004840,75620,31327,17205,10782,7625,5424,4130,3279,27693,1,1,1,1
22.3500,8306,1,1,91407,1,175231,0.521640,1,128,128,128,3499050,27.48168,0.00303,2.36101,0.00416,0,1,3,7.376612,6.462666,6.435941,-0.003703,-0.003462,14.957834,13708,0.000231,0.076478,72434,29680,16422,10464,7050,5032,4071,3122,26955,1,1,1,1
22.4000,8306,1,1,92089,1,176784,0.520915,3,11,17,32,18419344,27.51631,0.00303,2.36101,0.00416,0,0,3,1.291065,1.019823,1.019823,-0.020906,-0.020875,14.940496,13293,0.001397,0.074249,73535,30149,16644,10268,7199,5294,4043,3073,26578,1,1,1,1
23.0000,8306,1,1,93102,0,178900,0.520417,1,82,82,82,744952,27.93223,0.00303,2.36101,0.00416,1,1,2,1.014265,1.000000,1.235798,-0.228878,-0.228877,14.732148,8309,0.015536,0.047067,74183,30113,16837,10635,7256,5197,4124,3275,27279,1,1,1,1
23.9000,8306,1,1,95205,1,182959,0.520365,1,251,251,251,189843,28.55603,0.00303,2.36101,0.00416,0,1,3,1.891604,1.403879,1.301776,-0.540781,-0.540704,14.420784,834,0.037495,0.004826,75759,31103,17088,10933,7366,5419,4140,3306,27844,1,1,1,1
22.3500,8318,1,1,91747,1,175655,0.522317,5,12,12,24,195445,27.47798,0.00265,2.35918,0.00392,0,0,3,2.592358,2.416049,2.416049,-0.005663,-0.005548,14.955671,13726,0.000371,0.076479,72654,29805,16276,10295,7334,5324,3993,3199,26774,1,1,1,1
22.4000,8318,1,1,91798,0,176635,0.519707,1,2,9,83,855025,27.51265,0.00265,2.35918,0.00392,1,0,2,1.399528,1.000000,1.486173,-0.022965,-0.022925,14.938546,13310,0.001535,0.074247,73259,30295,16562,10356,7071,5210,3975,3116,26790,1,1,1,1
23.0000,8318,1,1,92969,1,178958,0.519505,1,250,250,6097,91175,27.92855,0.00265,2.35918,0.00392,0,1,3,10.780049,10.438058,10.438058,-0.231037,-0.230751,14.730783,8319,0.015665,0.047060,74415,30050,16772,10462,7385,5214,4143,3177,27339,1,1,1,1
23.9000,8318,1,1,95252,0,183493,0.519107,1,21,21,85,1838240,28.55237,0.00265,2.35918,0.00392,1,1,2,1.253809,1.000000,6.430078,-0.542915,-0.542888,14.418478,834,0.037652,0.004820,76161,30880,17024,10858,7554,5573,4184,3288,27970,1,1,1,1
22.3500,8330,1,1,92129,1,176798,0.521100,1,2,5,24,385527,27.47787,0.00362,2.36429,0.00395,0,0,3,2.003594,1.497969,1.497969,-0.005189,-0.005105,14.956299,13751,0.000341,0.076505,73223,30222,16656,10382,7231,5385,4080,3114,26504,1,1,1,1
22.4000,8330,1,1,92344,0,176778,0.522376,1,21,21,48,97465,27.51257,0.00362,2.36429,0.00395,1,0,3,1.043298,1.000000,1.088778,-0.022513,-0.022508,14.939025,13329,0.001507,0.074243,73413,29923,16677,10277,7269,5326,3908,3136,26848,1,1,1,1
23.0000,8330,1,1,93458,0,179671,0.520165,3,12,12,4166,14117550,27.92846,0.00362,2.36429,0.00395,1,1,2,1.239620,1.000000,3.443764,-0.230532,-0.230507,14.731001,8331,0.015648,0.047059,74907,30324,16715,10472,7233,5413,4042,3330,27234,1,1,1,1
23.9000,8330,1,1,95898,0,184113,0.520868,1,4,5,115,1941896,28.55229,0.00362,2.36429,0.00395,1,1,2,1.381325,1.000000,2.399695,-0.542427,-0.542388,14.419037,835,0.037616,0.004819,76618,31329,17067,10630,7466,5490,4239,3267,28006,1,1,1,1
22.3500,8342,1,1,91642,0,176144,0.520270,2,20,20,137,656101,27.48163,0.00196,2.36931,0.00532,1,0,2,1.082768,1.000000,1.812852,-0.004129,-0.004119,14.957409,13770,0.000275,0.076495,72821,29999,16623,10359,7129,5205,3968,3185,26854,1,1,1,1
22.4000,8342,1,1,92035,1,176820,0.520504,1,42,42,65,254927,27.51628,0.00196,2.36931,0.00532,0,1,3,5.302944,4.451467,4.450119,-0.021507,-0.021307,14.940025,13353,0.001426,0.074265,73420,30095,16490,10310,7337,5254,3962,3096,26855,1,1,1,1
23.0000,8342,1,1,93400,0,179590,0.520076,1,786,786,786,134804,27.93224,0.00196,2.36931,0.00532,1,1,2,1.409462,1.000000,388.456429,-0.229753,-0.229712,14.731753,8348,0.015593,0.047085,74391,30372,16842,10669,7351,5266,4068,3257,27373,1,1,1,1
23.9000,8342,1,1,95642,0,183976,0.519864,1,5,35,35,114922,28.55600,0.00196,2.36931,0.00532,1,1,2,1.294646,1.000000,2.135002,-0.541323,-0.541292,14.420093,842,0.037537,0.004852,76446,31192,17110,10903,7395,5536,4129,3245,28019,1,1,1,1
22.3500,8354,1,1,92038,0,176239,0.522237,1,1,5,14,1769645,27.48654,0.00287,2.37757,0.00558,1,0,3,1.412370,1.000000,1.252669,-0.001179,-0.001138,14.960323,13786,0.000076,0.076459,73161,29846,16522,10345,7131,5163,3956,3211,26903,1,1,1,1
22.4000,8354,1,1,92755,1,177573,0.522351,1,20,58,58,734594,27.52122,0.00287,2.37757,0.00558,0,1,3,5.242589,4.732435,4.732435,-0.018603,-0.018404,14.943121,13368,0.001232,0.074226,73855,30224,16628,10352,7166,5256,3954,3192,26945,1,1,1,1
23.0000,8354,1,1,93775,1,180030,0.520888,1,3,8,8,664379,27.93716,0.00287,2.37757,0.00558,0,0,3,2.023581,1.629799,1.629799,-0.226507,-0.226422,14.734939,8355,0.015366,0.047047,74829,30545,16986,10423,7144,5432,4185,3331,27154,1,1,1,1
23.9000,8354,1,1,95840,0,184260,0.520137,2,3,73,73,489939,28.56094,0.00287,2.37757,0.00558,1,1,2,1.323315,1.000000,1.551435,-0.538397,-0.538363,14.423036,839,0.037327,0.004827,76211,31533,17308,10743,7478,5385,4213,3315,28073,1,1,1,1
22.3500,8366,1,1,92073,1,176509,0.521636,7,35,109,109,320665,27.48766,0.00167,2.37452,0.00403,0,1,3,24.004263,17.690190,17.690190,-0.001446,-0.001066,14.960471,13812,0.000071,0.076493,73151,29903,16187,10469,7200,5278,4006,3188,27126,1,1,1,1
22.4000,8366,1,1,92386,0,176918,0.522200,1,107,107,107,2255507,27.52229,0.00167,2.37452,0.00403,1,1,2,1.191022,1.000000,22.760871,-0.018777,-0.018756,14.942759,13393,0.001255,0.074260,73752,29768,16243,10471,6999,5271,4008,3154,27251,1,1,1,1
23.0000,8366,1,1,93958,0,180636,0.520154,1,8,21,21,330523,27.93821,0.00167,2.37452,0.00403,1,1,2,1.132200,1.000000,1.353473,-0.226567,-0.226552,14.734738,8373,0.015375,0.047081,75113,30724,16841,10685,7396,5341,4131,3157,27247,1,1,1,1
23.9000,8366,1,1,96295,1,184967,0.520609,2,55,55,279,708184,28.56201,0.00167,2.37452,0.00403,0,1,3,28.956646,24.699720,24.699720,-0.538642,-0.538240,14.422790,844,0.037319,0.004848,77067,31544,17090,10690,7469,5565,4289,3237,28015,1,1,1,1
22.3500,8378,1,1,92750,0,177550,0.522391,2,90,90,90,176927,27.48384,0.00363,2.36654,0.00418,1,1,2,1.181262,1.000000,17.972089,-0.002358,-0.002338,14.959178,13829,0.000156,0.076484,73755,30229,16384,10536,7230,5265,4001,3196,26953,1,1,1,1
22.4000,8378,1,1,92195,1,177444,0.519575,1,9,9,30,1422517,27.51851,0.00363,2.36654,0.00418,0,0,3,2.456732,1.943129,1.943129,-0.019557,-0.019450,14.941923,13415,0.001302,0.074280,73286,30377,16718,10353,7157,5370,4000,3141,27041,1,1,1,1
23.0000,8378,1,1,93926,0,180262,0.521056,1,17,26,26,328227,27.93441,0.00363,2.36654,0.00418,1,0,2,1.140980,1.000000,2.812122,-0.227532,-0.227516,14.734005,8381,0.015442,0.047061,74201,31143,16835,10788,7241,5233,4130,3218,27472,1,1,1,1
23.9000,8378,1,1,96326,0,185077,0.520467,3,1,71,6174,103213,28.55823,0.00363,2.36654,0.00418,1,0,3,1.388483,1.000000,1.112509,-0.539381,-0.539342,14.422135,841,0.037397,0.004824,76943,31531,17106,10841,7546,5468,4158,3298,28185,1,1,1,1
22.3500,8390,1,1,92397,1,177322,0.521072,2,19,45,146,5001039,27.48670,0.00132,2.37166,0.00452,0,1,3,4.027539,3.575681,3.575681,-0.001972,-0.001806,14.959717,13849,0.000121,0.076482,73642,29979,16576,10428,7204,5214,4039,3171,27068,1,1,1,1
22.4000,8390,1,1,92669,1,177531,0.521991,1,2,14,116,113022,27.52140,0.00132,2.37166,0.00452,0,0,3,2.071121,1.526127,1.526127,-0.019271,-0.019184,14.942231,13429,0.001284,0.074249,73517,30070,16373,10702,7285,5287,4070,3140,27086,1,1,1,1
23.0000,8390,1,1,94160,0,180824,0.520730,1,3,24,36,190796,27.93728,0.00132,2.37166,0.00452,1,0,2,1.364654,1.000000,1.815848,-0.227225,-0.227188,14.734297,8395,0.015419,0.047071,74964,30649,16838,10712,7341,5306,4177,3393,27443,1,1,1,1
23.9000,8390,1,1,96600,0,185483,0.520805,1,15,50,77,179942,28.56112,0.00132,2.37166,0.00452,1,1,2,1.396709,1.000000,8.002748,-0.539230,-0.539190,14.422283,844,0.037386,0.004835,77360,31367,17163,10976,7495,5430,4153,3403,28135,1,1,1,1
22.3500,8402,1,1,92827,1,177995,0.521518,1,4,14,199,343451,27.48634,0.00277,2.37802,0.00432,0,1,3,3.026722,2.321326,2.321326,-0.001385,-0.001253,14.960084,13870,0.000084,0.076487,73778,30433,16507,10427,7367,5239,4001,3260,26982,1,1,1,1
22.4000,8402,1,1,92574,0,177642,0.521130,1,23,23,800,72317,27.52099,0.00277,2.37802,0.00432,1,1,2,1.390404,1.000000,11.474900,-0.018804,-0.018765,14.942667,13445,0.001256,0.074229,73571,30290,16358,10431,7230,5254,4070,3193,27244,1,1,1,1
23.0000,8402,1,1,94064,0,180579,0.520905,10,20,20,368,1435155,27.93695,0.00277,2.37802,0.00432,1,1,2,1.113138,1.000000,2.447494,-0.226690,-0.226677,14.734597,8405,0.015384,0.047059,74789,30500,17036,10633,7339,5437,4032,3225,27587,1,1,1,1
23.9000,8402,1,1,96572,0,185923,0.519422,1,1,4,83,247350,28.56071,0.00277,2.37802,0.00432,1,0,3,1.409296,1.000000,1.183338,-0.538528,-0.538487,14.422978,842,0.037335,0.004816,77326,31629,17118,11093,7495,5616,4206,3373,28066,1,1,1,1
22.3500,8414,1,1,93237,1,178655,0.521886,2,5,24,24,944154,27.48271,0.00124,2.38083,0.00522,0,1,3,3.884362,2.946705,2.946705,-0.003965,-0.003804,14.957446,13887,0.000254,0.076485,74298,30486,16787,10310,7263,5358,4038,3174,26940,1,1,1,1
22.4000,8414,1,1,92567,1,177982,0.520095,2,2,66,66,281316,27.51739,0.00124,2.38083,0.00522,0,0,3,1.382387,1.114499,1.114499,-0.021247,-0.021209,14.940153,13467,0.001420,0.074257,73684,30289,16461,10532,7296,5291,4064,3204,27160,1,1,1,1
23.0000,8414,1,1,94374,0,181429,0.520173,7,79,79,316,116721,27.93332,0.00124,2.38083,0.00522,1,0,2,1.036354,1.000000,2.932032,-0.229275,-0.229271,14.732264,8417,0.015562,0.047066,75466,30997,16744,10575,7220,5458,4131,3264,27573,1,1,1,1
23.9000,8414,1,1,96170,0,185274,0.519072,1,7,88,88,349919,28.55711,0.00124,2.38083,0.00522,1,1,2,1.284765,1.000000,2.610787,-0.541160,-0.541130,14.420253,851,0.037526,0.004862,77013,31239,17133,10970,7414,5606,4238,3271,28389,1,1,1,1
22.3500,8426,1,1,93184,0,178387,0.522373,1,1,32,111,419069,27.48618,0.00148,2.37783,0.00505,1,0,3,1.407377,1.000000,1.086999,-0.002108,-0.002068,14.959376,13902,0.000138,0.076448,73813,30350,16827,10618,7275,5198,4019,3118,27168,1,1,1,1
22.4000,8426,1,1,93178,0,178677,0.521491,3,44,62,62,556173,27.52081,0.00148,2.37783,0.00505,1,1,2,1.073858,1.000000,3.406122,-0.019498,-0.019489,14.941737,13481,0.001304,0.074221,74238,30238,16750,10594,7347,5285,3981,3220,27023,1,1,1,1
23.0000,8426,1,1,94771,1,181525,0.522085,2,5,7,87,1969122,27.93673,0.00148,2.37783,0.00505,0,1,3,3.789102,2.896059,2.896059,-0.227449,-0.227291,14.733965,8426,0.015426,0.047044,75348,30650,17197,10692,7384,5477,4055,3220,27501,1,1,1,1
23.9000,8426,1,1,96741,1,185809,0.520650,149,3,149,149,4909231,28.56053,0.00148,2.37783,0.00505,0,1,3,2.215732,1.630925,1.630925,-0.539313,-0.539219,14.422313,842,0.037388,0.004803,77142,31450,17361,10954,7651,5503,4275,3260,28212,1,1,1,1
22.3500,8438,1,1,93219,1,178747,0.521517,1,128,128,128,239830,27.48527,0.00123,2.37629,0.00452,0,1,3,17.664006,16.752022,16.752022,-0.002835,-0.002494,14.958690,13927,0.000167,0.076480,74245,30275,16541,10540,7468,5329,4090,3195,27063,1,1,1,1
22.4000,8438,1,1,93637,1,179031,0.523024,1,42,109,109,484264,27.51994,0.00123,2.37629,0.00452,0,1,3,2.804868,2.430025,2.430025,-0.020053,-0.019930,14.941590,13506,0.001334,0.074253,74392,30501,16820,10452,7107,5408,4037,3183,27130,1,1,1,1
23.0000,8438,1,1,94964,0,182064,0.521600,1,11,11,355,193291,27.93584,0.00123,2.37629,0.00452,1,0,2,1.230193,1.000000,3.140074,-0.228021,-0.227996,14.733514,8441,0.015475,0.047062,75706,30918,16960,10723,7406,5378,4134,3225,27613,1,1,1,1
23.9000,8438,1,1,96695,1,186021,0.519810,2,1,4,99,64020,28.55966,0.00123,2.37629,0.00452,0,1,3,1.452101,1.034861,1.034861,-0.539863,-0.539819,14.421652,849,0.037431,0.004836,76925,31710,17338,10998,7497,5608,4234,3360,28350,1,1,1,1
22.3500,8450,1,1,93147,1,179017,0.520328,2,13,13,168,275079,27.47984,0.00148,2.36335,0.00377,0,1,3,6.245603,5.467901,5.467901,-0.005347,-0.005130,14.956073,13949,0.000343,0.076506,74274,30365,16782,10759,7303,5342,3966,3188,27037,1,1,1,1
22.4000,8450,1,1,93197,1,178967,0.520753,1,75,75,75,508232,27.51454,0.00148,2.36335,0.00377,0,1,3,10.825128,10.187678,10.187678,-0.022733,-0.022451,14.938752,13525,0.001503,0.074266,74075,30558,16638,10623,7214,5365,4102,3181,27210,1,1,1,1
23.0000,8450,1,1,94754,0,181373,0.522429,1,1,3,23,2264071,27.93042,0.00148,2.36335,0.00377,1,0,3,1.401673,1.000000,1.047666,-0.230542,-0.230503,14.730970,8455,0.015647,0.047082,75120,30708,16904,10613,7487,5481,4114,3221,27724,1,1,1,1
23.9000,8450,1,1,97206,0,186773,0.520453,1,5,12,165,812240,28.55426,0.00148,2.36335,0.00377,1,1,3,1.103745,1.000000,1.033552,-0.542456,-0.542445,14.418773,850,0.037621,0.004836,77661,31873,17244,11000,7651,5575,4254,3319,28195,1,1,1,1
22.3500,8462,1,1,93476,0,179431,0.520961,2,22,158,1942,3622290,27.47425,0.00139,2.36136,0.00522,1,1,2,1.387455,1.000000,10.336338,-0.008204,-0.008166,14.953266,13966,0.000546,0.076505,74858,30304,16672,10483,7376,5328,4115,3249,27045,1,1,1,1
22.4000,8462,1,1,93349,1,179090,0.521244,5,24,24,996,267803,27.50890,0.00139,2.36136,0.00522,0,0,3,3.589299,3.400352,3.400352,-0.025463,-0.025312,14.935883,13543,0.001695,0.074274,74056,30477,16759,10556,7240,5355,4084,3287,27275,1,1,1,1
23.0000,8462,1,1,95120,0,182688,0.520672,14,11,34,62,413970,27.92485,0.00139,2.36136,0.00522,1,1,2,1.245144,1.000000,3.110261,-0.233435,-0.233409,14.728099,8471,0.015848,0.047113,76104,31040,16959,10630,7423,5425,4277,3150,27679,1,1,1,1
23.9000,8462,1,1,97353,1,186943,0.520766,5,4,14,54,78521,28.54862,0.00139,2.36136,0.00522,0,0,3,1.544498,1.386484,1.386484,-0.545269,-0.545218,14.416060,850,0.037820,0.004830,77417,31763,17770,10972,7689,5506,4154,3243,28428,1,1,1,1
22.3500,8474,1,1,93288,0,179097,0.520883,1,8,10,174,159962,27.47328,0.00147,2.36404,0.00446,1,0,2,1.187626,1.000000,1.986709,-0.008534,-0.008514,14.953002,13985,0.000569,0.076502,74287,30462,16538,10596,7279,5474,4075,3164,27221,1,1,1,1
22.4000,8474,1,1,93883,1,180009,0.521549,6,2,69,69,165132,27.50796,0.00147,2.36404,0.00446,0,1,3,1.621073,1.159650,1.003950,-0.025833,-0.025776,14.935662,13560,0.001726,0.074263,74726,30869,16659,10645,7324,5280,4107,3258,27140,1,1,1,1
23.0000,8474,1,1,95292,0,183318,0.519821,2,5,35,35,80024,27.92390,0.00147,2.36404,0.00446,1,1,2,1.356763,1.000000,2.670267,-0.233863,-0.233827,14.727661,8475,0.015877,0.047070,76431,31184,17016,10700,7373,5454,4236,3286,27637,1,1,1,1
23.9000,8474,1,1,97233,1,187052,0.519821,1,6,39,100,290386,28.54768,0.00147,2.36404,0.00446,0,1,3,3.236419,2.724149,2.724149,-0.545755,-0.545616,14.415714,849,0.037849,0.004817,77196,32202,17437,11167,7584,5588,4215,3416,28246,1,1,1,1
22.3500,8486,1,1,93771,1,180239,0.520262,2,2,76,445,114344,27.47256,0.00301,2.36594,0.00464,0,1,3,2.079686,1.586094,1.586094,-0.008176,-0.008090,14.953205,14004,0.000541,0.076496,75253,30689,16643,10680,7223,5308,4103,3220,27119,1,1,1,1
22.4000,8486,1,1,94038,0,180011,0.522404,4,17,56,56,3575480,27.50719,0.00301,2.36594,0.00464,1,0,2,1.171637,1.000000,3.414622,-0.025537,-0.025519,14.936000,13582,0.001709,0.074277,75086,30391,16572,10703,7480,5326,4018,3209,27225,1,1,1,1
23.0000,8486,1,1,95404,0,183025,0.521265,1,99,99,497,309923,27.92311,0.00301,2.36594,0.00464,1,1,2,1.388786,1.000000,46.496081,-0.233652,-0.233613,14.727865,8489,0.015862,0.047080,76182,30953,17046,10944,7350,5358,4137,3279,27775,1,1,1,1
23.9000,8486,1,1,97540,0,187517,0.520169,8,6,31,57,4405851,28.54691,0.00301,2.36594,0.00464,1,1,2,1.397430,1.000000,3.389201,-0.545397,-0.545358,14.416080,850,0.037830,0.004816,78083,31614,17508,11075,7713,5560,4256,3268,28439,1,1,1,1
22.3500,8498,1,1,93840,0,179698,0.522212,4,25,265,265,156328,27.47196,0.00250,2.36627,0.00411,1,0,2,1.129269,1.000000,3.493285,-0.008762,-0.008748,14.952777,14023,0.000585,0.076494,74440,30530,16751,10859,7336,5238,3844,3319,27380,1,1,1,1
22.4000,8498,1,1,93490,0,179776,0.520039,3,24,24,83,3961343,27.50663,0.00250,2.36627,0.00411,1,1,2,1.261222,1.000000,7.311700,-0.026138,-0.026111,14.935396,13598,0.001748,0.074262,74457,30293,16971,10543,7407,5365,4061,3236,27442,1,1,1,1
23.0000,8498,1,1,95092,0,182835,0.520100,8,10,49,49,160721,27.92253,0.00250,2.36627,0.00411,1,1,2,1.201073,1.000000,2.489125,-0.234026,-0.234005,14.727339,8500,0.015889,0.047076,75790,31095,17022,10739,7305,5373,4225,3354,27931,1,1,1,1
23.9000,8498,1,1,97857,1,187755,0.521198,2,3,19,69,271599,28.54635,0.00250,2.36627,0.00411,0,0,3,1.890499,1.577368,1.577368,-0.545906,-0.545831,14.415511,851,0.037864,0.004815,78176,32027,17315,10871,7593,5502,4299,3376,28595,1,1,1,1
22.3500,8510,1,1,93809,1,180160,0.520701,1,3,7,9,202561,27.47352,0.00182,2.37381,0.00414,0,1,3,2.734181,2.059898,2.059898,-0.008272,-0.008154,14.953361,14042,0.000545,0.076487,74719,30574,16792,10712,7233,5428,4061,3237,27403,1,1,1,1
22.4000,8510,1,1,94052,0,180532,0.520974,6,6,15,315,171685,27.50822,0.00182,2.37381,0.00414,1,1,2,1.215990,1.000000,1.691105,-0.025609,-0.025586,14.935767,13615,0.001713,0.074248,75329,30492,16613,10645,7446,5464,3956,3198,27388,1,1,1,1
23.0000,8510,1,1,95747,1,183603,0.521492,2,19,49,49,2206853,27.92411,0.00182,2.37381,0.00414,0,1,3,9.883158,8.499573,8.499573,-0.233649,-0.233380,14.728157,8512,0.015846,0.047074,76033,31270,17317,10619,7514,5525,4220,3367,27737,1,1,1,1
23.9000,8510,1,1,98174,0,188063,0.522030,3,2,380,380,379442,28.54794,0.00182,2.37381,0.00414,1,1,2,1.366390,1.000000,1.431972,-0.545460,-0.545423,14.415998,853,0.037835,0.004819,78127,32124,17573,10976,7620,5555,4230,3345,28512,1,1,1,1
22.3500,8522,1,1,94305,1,180466,0.522567,3,149,149,149,263294,27.46526,0.00264,2.37276,0.00486,0,1,3,1.288183,1.195291,1.195291,-0.011946,-0.011916,14.949615,14060,0.000797,0.076496,75032,30453,17027,10591,7518,5464,3971,3166,27243,1,1,1,1
22.4000,8522,1,1,94425,1,180965,0.521789,3,4,69,69,286748,27.49991,0.00264,2.37276,0.00486,0,1,3,2.906366,2.135024,2.135024,-0.029305,-0.029179,14.932360,13633,0.001954,0.074259,75415,30822,16823,10471,7291,5463,4141,3258,27280,1,1,1,1
23.0000,8522,1,1,95562,0,183282,0.521396,1,4,73,114,126180,27.91586,0.00264,2.37276,0.00486,1,1,2,1.385687,1.000000,2.351397,-0.237287,-0.237248,14.724183,8519,0.016113,0.047059,75846,31473,17009,10647,7447,5443,4230,3249,27937,1,1,1,1
23.9000,8522,1,1,97489,1,187869,0.518923,4,3,22,69,128196,28.53963,0.00264,2.37276,0.00486,0,1,3,2.409158,1.853429,1.853429,-0.549156,-0.549053,14.412448,850,0.038096,0.004797,78196,31783,17323,11198,7597,5534,4255,3386,28596,1,1,1,1
22.3500,8534,1,1,93885,1,180107,0.521276,3,8,8,9,148480,27.47396,0.00106,2.37762,0.00376,0,1,3,4.497665,3.770305,3.770305,-0.008439,-0.008263,14.953266,14092,0.000553,0.076544,74768,30488,16699,10531,7436,5437,4027,3181,27539,1,1,1,1
22.4000,8534,1,1,94245,1,180574,0.521922,1,4,20,26,159830,27.50864,0.00106,2.37762,0.00376,0,1,3,4.008388,2.871885,2.871885,-0.025764,-0.025602,14.935725,13665,0.001714,0.074312,74907,30483,17003,10629,7310,5376,4120,3293,27452,1,1,1,1
23.0000,8534,1,1,95949,1,184128,0.521102,1,4,346,346,103877,27.92458,0.00106,2.37762,0.00376,0,1,3,3.008474,2.393813,2.393813,-0.233722,-0.233593,14.727935,8543,0.015861,0.047113,76886,31195,17108,10601,7362,5536,4189,3276,27974,1,1,1,1
23.9000,8534,1,1,97971,1,187887,0.521439,12,7,17,27,54052,28.54836,0.00106,2.37762,0.00376,0,0,3,1.413019,1.336291,1.336291,-0.545579,-0.545539,14.415663,864,0.037843,0.004868,77838,31912,17464,11034,7746,5606,4345,3382,28559,1,1,1,1
22.3500,8546,1,1,94083,1,180449,0.521386,1,3,154,228,7333240,27.47117,0.00257,2.38253,0.00349,0,1,3,1.634295,1.157935,1.119936,-0.009063,-0.009005,14.952446,14108,0.000602,0.076527,74816,30637,16756,10618,7386,5318,4129,3253,27535,1,1,1,1
22.4000,8546,1,1,94809,1,181553,0.522214,1,6,677,677,674756,27.50581,0.00257,2.38253,0.00349,0,1,3,2.059142,1.766756,1.766756,-0.026411,-0.026327,14.935194,13679,0.001763,0.074286,75591,31049,16818,10748,7311,5385,4031,3245,27374,1,1,1,1
23.0000,8546,1,1,95965,1,183961,0.521662,1,4,7,60,92426,27.92173,0.00257,2.38253,0.00349,0,0,3,1.998331,1.429588,1.429588,-0.234356,-0.234275,14.727165,8551,0.015908,0.047093,76342,31280,17091,10812,7547,5552,4260,3261,27815,1,1,1,1
23.9000,8546,1,1,98466,0,188895,0.521276,1,5,98,98,597369,28.54553,0.00257,2.38253,0.00349,1,1,2,1.362672,1.000000,2.514760,-0.546292,-0.546256,14.415232,860,0.037894,0.004839,78671,32275,17366,10997,7717,5585,4327,3259,28697,1,1,1,1
22.3500,8558,1,1,94436,0,181281,0.520940,1,1,31,51,373519,27.47241,0.00158,2.37940,0.00415,1,1,3,1.364970,1.000000,1.258323,-0.008929,-0.008893,14.952530,14126,0.000595,0.076517,75263,30979,16932,10545,7425,5354,4083,3296,27403,1,1,1,1
22.4000,8558,1,1,94635,1,180878,0.523201,1,16,16,129,303461,27.50708,0.00158,2.37940,0.00415,0,0,3,2.962582,2.413353,2.413353,-0.026301,-0.026174,14.935186,13699,0.001752,0.074290,74904,30637,16684,10730,7301,5489,4152,3251,27729,1,1,1,1
23.0000,8558,1,1,95621,1,183804,0.520236,1,22,36,258,438728,27.92298,0.00158,2.37940,0.00415,0,1,3,12.444066,10.428197,10.428197,-0.234339,-0.234044,14.727170,8563,0.015892,0.047093,76488,30916,17190,10870,7243,5414,4199,3287,28196,1,1,1,1
23.9000,8558,1,1,98218,0,188989,0.519705,5,26,63,63,204806,28.54680,0.00158,2.37940,0.00415,1,1,2,1.231103,1.000000,6.774419,-0.546222,-0.546197,14.415314,861,0.037890,0.004838,78553,32306,17381,11055,7631,5577,4286,3461,28738,1,1,1,1
22.3500,8570,1,1,94420,0,181087,0.521410,2,5,5,132,90892,27.46942,0.00214,2.36806,0.00498,1,0,2,1.283006,1.000000,1.831616,-0.010152,-0.010123,14.951381,14142,0.000677,0.076502,75160,30869,16859,10703,7257,5257,4155,3154,27672,1,1,1,1
22.4000,8570,1,1,94994,0,181861,0.522347,2,16,52,858,327642,27.50412,0.00214,2.36806,0.00498,1,1,2,1.259729,1.000000,4.878681,-0.027559,-0.027532,14.933845,13713,0.001844,0.074269,75735,30946,16841,10626,7310,5474,4165,3224,27539,1,1,1,1
23.0000,8570,1,1,96484,0,184823,0.522037,1,2,5,71,884758,27.92001,0.00214,2.36806,0.00498,1,1,3,1.356177,1.000000,1.314428,-0.235426,-0.235391,14.726028,8573,0.015985,0.047086,76728,31574,17102,11002,7553,5481,4188,3289,27905,1,1,1,1
23.9000,8570,1,1,98484,0,189371,0.520061,3,2,7,46,5064951,28.54384,0.00214,2.36806,0.00498,1,1,3,1.398303,1.000000,1.295228,-0.547339,-0.547300,14.414176,858,0.037970,0.004814,78789,32060,17680,11208,7763,5613,4244,3481,28532,1,1,1,1
22.3500,8582,1,1,94636,0,181650,0.520983,1,23,484,484,48112,27.48151,0.00231,2.37696,0.00375,1,1,2,1.123318,1.000000,3.126784,-0.004038,-0.004024,14.957267,14166,0.000269,0.076495,75328,30851,16984,10783,7301,5464,4159,3212,27567,1,1,1,1
22.4000,8582,1,1,94793,1,181752,0.521554,1,1,12,46,178621,27.51616,0.00231,2.37696,0.00375,0,1,3,1.644032,1.220197,1.220197,-0.021306,-0.021248,14.940244,13737,0.001422,0.074263,75772,30535,16925,10592,7377,5419,4211,3240,27680,1,1,1,1
23.0000,8582,1,1,96371,1,184865,0.521308,1,3,42,233,539507,27.93211,0.00231,2.37696,0.00375,0,1,3,1.615320,1.190334,1.190334,-0.229281,-0.229226,14.732264,8588,0.015559,0.047082,76673,31427,17116,10779,7757,5569,4066,3317,28160,1,1,1,1
23.9000,8582,1,1,98926,0,189616,0.521720,1,3,55,68,1812135,28.55588,0.00231,2.37696,0.00375,1,1,2,1.407617,1.000000,2.058561,-0.541197,-0.541157,14.420291,864,0.037527,0.004839,78707,32246,17743,11202,7662,5714,4332,3334,28675,1,1,1,1
22.3500,8594,1,1,94865,1,181767,0.521907,29,7,29,43,253083,27.48344,0.00145,2.37543,0.00485,0,1,3,3.903013,3.322376,3.322376,-0.003490,-0.003332,14.957637,14182,0.000223,0.076472,75763,30915,16588,10555,7498,5252,4098,3295,27802,1,1,1,1
22.4000,8594,1,1,94577,1,181883,0.519991,1,3,23,80,538580,27.51812,0.00145,2.37543,0.00485,0,1,3,1.917487,1.463217,1.463217,-0.020783,-0.020707,14.940792,13752,0.001386,0.074237,75366,30997,16913,10760,7418,5374,4099,3230,27725,1,1,1,1
23.0000,8594,1,1,96499,1,185121,0.521278,10,8,10,21,24134258,27.93406,0.00145,2.37543,0.00485,0,1,3,5.409035,4.240736,4.240736,-0.228813,-0.228617,14.732907,8595,0.015517,0.047053,76772,31327,17467,10913,7574,5448,4246,3347,28026,1,1,1,1
23.9000,8594,1,1,99061,1,189824,0.521860,1,4,5,90,941585,28.55784,0.00145,2.37543,0.00485,0,1,3,3.157999,2.391235,2.391235,-0.540672,-0.540538,14.420785,863,0.037483,0.004827,78388,32521,17785,11302,7761,5603,4296,3374,28793,1,1,1,1
22.3500,8606,1,1,95013,1,182228,0.521399,9,9,9,119,638957,27.48519,0.00129,2.37851,0.00426,0,1,3,2.864644,2.554276,2.554276,-0.002747,-0.002624,14.958902,14201,0.000175,0.076462,75563,30916,17107,10829,7360,5350,4172,3215,27715,1,1,1,1
22.4000,8606,1,1,94774,0,182265,0.519982,42,3,42,42,100227083,27.51982,0.00129,2.37851,0.00426,1,1,3,1.324420,1.000000,1.385593,-0.020026,-0.019993,14.941504,13771,0.001338,0.074233,75522,30852,17047,10794,7523,5500,4070,3322,27634,1,1,1,1
23.0000,8606,1,1,96430,0,185419,0.520068,5,1,31,97,151025,27.93574,0.00129,2.37851,0.00426,1,1,3,1.410392,1.000000,1.063535,-0.227973,-0.227933,14.733518,8607,0.015470,0.047051,77156,31463,17253,10795,7560,5610,4164,3254,28163,1,1,1,1
23.9000,8606,1,1,98856,0,189883,0.520618,72,4,152,152,145338,28.55954,0.00129,2.37851,0.00426,1,1,2,1.365770,1.000000,1.842642,-0.539905,-0.539869,14.421619,862,0.037435,0.004814,79082,32095,17757,11146,7614,5558,4200,3430,29000,1,1,1,1
22.3500,8618,1,1,95100,0,182137,0.522137,5,5,362,362,254059,27.48625,0.00153,2.37895,0.00386,1,1,2,1.360570,1.000000,2.422265,-0.002075,-0.002039,14.959382,14217,0.000136,0.076439,75592,30778,16982,10727,7508,5549,4036,3261,27703,1,1,1,1
22.4000,8618,1,1,95485,1,183083,0.521542,4,4,18,18,835112,27.52092,0.00153,2.37895,0.00386,0,1,3,2.527144,2.072126,2.072126,-0.019398,-0.019291,14.942246,13789,0.001291,0.074223,75976,31286,17048,10736,7505,5510,4126,3327,27568,1,1,1,1
23.0000,8618,1,1,96776,0,185611,0.521394,4,64,64,411,2110442,27.93682,0.00153,2.37895,0.00386,1,0,2,1.080765,1.000000,5.448582,-0.227407,-0.227398,14.734133,8615,0.015433,0.047027,76793,31642,17472,10889,7581,5469,4351,3342,28071,1,1,1,1
23.9000,8618,1,1,99032,0,190261,0.520509,11,5,13,44,1767368,28.56064,0.00153,2.37895,0.00386,1,0,2,1.251167,1.000000,1.735126,-0.539247,-0.539221,14.422289,862,0.037388,0.004807,79096,32145,17584,11265,7790,5550,4361,3506,28963,1,1,1,1
22.3500,8630,1,1,95380,0,182709,0.522035,1,3,15,96,510762,27.48249,0.00112,2.37779,0.00641,1,1,2,1.329477,1.000000,1.470236,-0.004109,-0.004076,14.957333,14245,0.000272,0.076493,75825,31167,16949,10786,7420,5320,4161,3363,27717,1,1,1,1
22.4000,8630,1,1,95774,0,183502,0.521926,5,5,5,135,80627,27.51719,0.00112,2.37779,0.00641,1,1,2,1.294683,1.000000,1.999918,-0.021476,-0.021446,14.940056,13814,0.001436,0.074265,76177,31439,16967,10759,7474,5309,4277,3334,27765,1,1,1,1
23.0000,8630,1,1,96696,0,185341,0.521722,2,59,59,1130,1169989,27.93308,0.00112,2.37779,0.00641,1,0,2,1.024269,1.000000,1.509838,-0.229404,-0.229401,14.732137,8636,0.015571,0.047083,76868,31185,17216,10966,7602,5503,4248,3475,28277,1,1,1,1
23.9000,8630,1,1,99372,0,190502,0.521635,1,13,13,19,259816,28.55691,0.00112,2.37779,0.00641,1,1,2,1.347234,1.000000,5.852342,-0.541400,-0.541366,14.420051,868,0.037543,0.004835,79132,32293,17768,11311,7698,5658,4299,3428,28914,1,1,1,1
22.3500,8642,1,1,95578,0,183369,0.521236,92,44,92,93,923547,27.48390,0.00306,2.38348,0.00398,1,1,2,1.378525,1.000000,19.896494,-0.002573,-0.002536,14.958895,14263,0.000170,0.076476,76219,31335,17047,10840,7387,5615,4119,3260,27546,1,1,1,1
22.4000,8642,1,1,95528,0,183333,0.521066,19,9,19,23,614641,27.51855,0.00306,2.38348,0.00398,1,1,2,1.321954,1.000000,3.534138,-0.019797,-0.019765,14.941733,13831,0.001323,0.074244,76271,31058,17140,10624,7445,5676,4089,3281,27748,1,1,1,1
23.0000,8642,1,1,97035,1,186227,0.521060,1,3,11,20,158563,27.93450,0.00306,2.38348,0.00398,0,1,3,1.830803,1.318653,1.318653,-0.227714,-0.227644,14.733837,8645,0.015450,0.047061,77166,31965,17396,10873,7503,5498,4248,3296,28281,1,1,1,1
23.9000,8642,1,1,99081,1,190699,0.519570,3,23,23,23,47813,28.55827,0.00306,2.38348,0.00398,0,0,3,3.269886,3.008873,3.008873,-0.539649,-0.539512,14.421742,868,0.037410,0.004827,79162,32324,17652,11135,7693,5831,4332,3423,29146,1,1,1,1
22.3500,8654,1,1,95394,0,183228,0.520633,1,61,277,393,127192,27.48727,0.00178,2.39061,0.00530,1,1,2,1.078287,1.000000,5.085855,-0.001430,-0.001421,14.960111,14281,0.000095,0.076460,76017,31020,17173,10807,7463,5450,4278,3289,27730,1,1,1,1
22.4000,8654,1,1,95837,1,183708,0.521684,18,5,23,23,2348302,27.52195,0.00178,2.39061,0.00530,0,1,3,3.411325,2.591735,2.591735,-0.018732,-0.018590,14.942945,13848,0.001244,0.074227,76446,31142,17222,10784,7398,5309,4180,3273,27953,1,1,1,1
23.0000,8654,1,1,96892,0,186491,0.519556,30,2,30,90,317972,27.93789,0.00178,2.39061,0.00530,1,1,3,1.414185,1.000000,1.054411,-0.226648,-0.226608,14.734854,8656,0.015379,0.047052,77327,31535,17654,11065,7501,5611,4216,3326,28255,1,1,1,1
23.9000,8654,1,1,99335,1,191001,0.520079,3,2,199,199,8909027,28.56167,0.00178,2.39061,0.00530,0,1,3,1.587470,1.139802,1.139802,-0.538545,-0.538491,14.423050,867,0.037335,0.004815,79121,32661,17860,11385,7780,5572,4298,3469,28854,1,1,1,1
22.3500,8666,1,1,95775,1,183559,0.521770,1,17,76,1217,271498,27.48820,0.00233,2.38478,0.00481,0,1,3,6.043488,5.230094,5.230094,-0.000757,-0.000550,14.960763,14300,0.000037,0.076452,76148,31313,17152,10828,7480,5431,4100,3261,27845,1,1,1,1
22.4000,8666,1,1,95747,1,183691,0.521242,4,2,15,109,155515,27.52283,0.00233,2.38478,0.00481,0,1,3,1.666495,1.249470,1.249470,-0.017991,-0.017932,14.943595,13867,0.001200,0.074222,76326,31071,17084,10737,7544,5476,4179,3346,27927,1,1,1,1
23.0000,8666,1,1,97494,0,186541,0.522644,2,4,30,30,590571,27.93875,0.00233,2.38478,0.00481,1,1,2,1.285635,1.000000,1.668258,-0.225968,-0.225939,14.735452,8667,0.015333,0.047045,77035,31912,17362,11073,7677,5522,4334,3339,28286,1,1,1,1
23.9000,8666,1,1,99800,0,191582,0.520928,1,38,46,46,188588,28.56255,0.00233,2.38478,0.00481,1,1,2,1.170613,1.000000,7.223420,-0.537953,-0.537935,14.423586,868,0.037295,0.004813,79646,32400,18026,11208,7762,5850,4366,3350,28973,1,1,1,1
22.3500,8678,1,1,95943,1,183905,0.521702,63,28,63,63,461102,27.48744,0.00128,2.38880,0.00503,0,0,3,1.682853,1.667176,1.667176,-0.001582,-0.001522,14.959481,14321,0.000102,0.076465,76604,31149,17088,10821,7489,5516,4152,3298,27787,1,1,1,1
22.4000,8678,1,1,95927,1,184078,0.521124,1,285,285,285,209737,27.52210,0.00128,2.38880,0.00503,0,1,3,43.759018,42.662814,42.662814,-0.019102,-0.018667,14.942401,13886,0.001249,0.074227,76256,31608,17018,10810,7475,5508,4132,3313,27957,1,1,1,1
23.0000,8678,1,1,97705,1,187038,0.522383,1,3,20,20,8207851,27.93801,0.00128,2.38880,0.00503,0,1,3,2.620064,1.997244,1.997244,-0.226877,-0.226766,14.734762,8679,0.015390,0.047047,77557,31917,17652,10958,7534,5585,4190,3303,28341,1,1,1,1
23.9000,8678,1,1,100037,1,191461,0.522496,1,57,57,57,85214,28.56182,0.00128,2.38880,0.00503,0,0,3,7.281206,6.628784,6.628784,-0.538855,-0.538626,14.422643,869,0.037346,0.004813,79655,32442,17870,11172,7780,5679,4319,3366,29177,1,1,1,1
22.3500,8690,1,1,95991,1,184509,0.520254,1,22,121,121,131510,27.48236,0.00221,2.38438,0.00508,0,1,3,12.125969,10.186100,10.186100,-0.003741,-0.003454,14.958080,14338,0.000231,0.076457,76668,31424,17359,10654,7582,5404,4198,3286,27933,1,1,1,1
22.4000,8690,1,1,96039,1,183829,0.522439,1,22,22,46,341610,27.51706,0.00221,2.38438,0.00508,0,1,3,2.104765,1.616444,1.613931,-0.020981,-0.020895,14.940503,13904,0.001399,0.074230,76164,31389,16968,10758,7508,5460,4148,3340,28093,1,1,1,1
23.0000,8690,1,1,97758,0,187323,0.521871,1,6,186,186,139826,27.93295,0.00221,2.38438,0.00508,1,1,3,1.128504,1.000000,1.094932,-0.228900,-0.228887,14.732413,8689,0.015536,0.047044,77848,31816,17419,11203,7531,5531,4258,3319,28397,1,1,1,1
23.9000,8690,1,1,100002,0,192158,0.520418,18,21,24,1242,139963,28.55678,0.00221,2.38438,0.00508,1,1,2,1.142971,1.000000,3.339838,-0.540886,-0.540871,14.420441,869,0.037507,0.004807,79967,32623,17752,11354,8016,5723,4318,3401,29003,1,1,1,1
22.3500,8702,1,1,96115,1,183892,0.522674,1,2,28,63,3199115,27.48655,0.00155,2.38861,0.00497,0,1,3,1.672823,1.184925,1.097020,-0.001831,-0.001772,14.959683,14356,0.000118,0.076439,76116,31141,17274,10956,7498,5437,4192,3295,27982,1,1,1,1
22.4000,8702,1,1,96200,0,184226,0.522188,1,4,16,52,4606708,27.52120,0.00155,2.38861,0.00497,1,1,2,1.400219,1.000000,2.586558,-0.019209,-0.019171,14.942307,13921,0.001283,0.074209,76416,31308,17177,10777,7570,5474,4243,3404,27856,1,1,1,1
23.0000,8702,1,1,97616,0,187756,0.519912,1,30,30,1096,191408,27.93715,0.00155,2.38861,0.00497,1,1,2,1.055854,1.000000,1.817666,-0.227165,-0.227158,14.734049,8700,0.015417,0.047033,78003,32001,17420,11060,7574,5707,4291,3360,28339,1,1,1,1
23.9000,8702,1,1,99887,1,191389,0.521908,1,10,13,19,1480813,28.56092,0.00155,2.38861,0.00497,0,1,3,1.777939,1.284780,1.211926,-0.539023,-0.538956,14.422528,869,0.037369,0.004799,78868,32847,17774,11288,7729,5670,4452,3534,29226,1,1,1,1
22.3500,8714,1,1,96477,1,184589,0.522661,1,2,25,66,282753,27.48553,0.00179,2.39388,0.00416,0,0,3,1.526699,1.079906,1.079906,-0.002200,-0.002151,14.959308,14380,0.000144,0.076464,76874,31150,17254,11008,7437,5494,4099,3211,28061,1,1,1,1
22.4000,8714,1,1,96238,0,184840,0.520659,1,1,7,37,268383,27.52021,0.00179,2.39388,0.00416,1,0,3,1.412714,1.000000,1.066395,-0.019542,-0.019502,14.941955,13944,0.001305,0.074231,76717,31717,17012,10897,7493,5418,4182,3270,28133,1,1,1,1
23.0000,8714,1,1,97463,1,187314,0.520322,6,2,7,124,755465,27.93615,0.00179,2.39388,0.00416,0,1,3,1.818713,1.308231,1.308231,-0.227526,-0.227457,14.734025,8715,0.015438,0.047049,77666,31705,17520,11023,7633,5539,4220,3331,28676,1,1,1,1
23.9000,8714,1,1,100131,1,192095,0.521260,2,9,45,45,447427,28.55994,0.00179,2.39388,0.00416,0,1,3,1.820453,1.349223,1.349223,-0.539416,-0.539348,14.422146,873,0.037397,0.004815,79458,33119,17692,11300,7884,5739,4368,3420,29114,1,1,1,1
22.3500,8726,1,1,96809,1,185542,0.521766,1,4,16,279,420182,27.48064,0.00197,2.38852,0.00488,0,0,3,1.994635,1.443101,1.443101,-0.004638,-0.004559,14.956876,14403,0.000305,0.076493,77056,31756,17465,10973,7449,5409,4234,3302,27897,1,1,1,1
22.4000,8726,1,1,96522,0,184967,0.521836,5,2,6,253,610299,27.51527,0.00197,2.38852,0.00488,1,1,3,1.389520,1.000000,1.180666,-0.021941,-0.021903,14.939579,13969,0.001466,0.074274,76881,31470,17261,10780,7503,5497,4225,3266,28083,1,1,1,1
23.0000,8726,1,1,98448,0,188461,0.522381,23,4,48,48,744528,27.93119,0.00197,2.38852,0.00488,1,1,2,1.278207,1.000000,1.421199,-0.229916,-0.229888,14.731501,8731,0.015605,0.047079,78388,32011,17797,11048,7609,5665,4239,3367,28336,1,1,1,1
23.9000,8726,1,1,99867,1,192042,0.520030,4,2,41,41,2221501,28.55499,0.00197,2.38852,0.00488,0,1,3,1.243850,1.083044,1.083044,-0.541798,-0.541773,14.419767,878,0.037572,0.004837,79446,32825,17830,11440,7633,5754,4371,3503,29239,1,1,1,1
22.3500,8738,1,1,96763,1,185246,0.522351,10,1847,1847,3290,146731,27.47928,0.00248,2.38945,0.00416,0,0,3,2.422964,2.329472,2.329472,-0.005073,-0.004972,14.956200,14419,0.000332,0.076476,77022,31558,17326,10830,7652,5494,4149,3228,27986,1,1,1,1
22.4000,8738,1,1,96265,1,184675,0.521270,2,1,17,52,698753,27.51395,0.00248,2.38945,0.00416,0,1,3,1.536445,1.107974,1.107974,-0.022363,-0.022314,14.939170,13983,0.001494,0.074248,76504,31262,17202,10905,7533,5540,4153,3339,28236,1,1,1,1
23.0000,8738,1,1,98179,1,188664,0.520394,1,70,70,70,1728525,27.92985,0.00248,2.38945,0.00416,0,1,3,2.149363,2.034899,2.034899,-0.230350,-0.230263,14.731273,8739,0.015631,0.047058,78390,32293,17480,11216,7527,5667,4193,3406,28491,1,1,1,1
23.9000,8738,1,1,100202,0,192281,0.521125,1,2,27,32,2192104,28.55367,0.00248,2.38945,0.00416,1,0,2,1.397472,1.000000,1.884205,-0.542253,-0.542215,14.419264,876,0.037604,0.004819,79593,32697,17828,11413,7924,5802,4226,3428,29369,1,1,1,1
22.3500,8750,1,1,96878,0,185563,0.522079,1,7,215,215,575079,27.47358,0.00322,2.38661,0.00384,1,1,2,1.406583,1.000000,3.884198,-0.007568,-0.007529,14.953921,14443,0.000503,0.076510,77166,31461,17367,10826,7697,5464,4209,3271,28101,1,1,1,1
22.4000,8750,1,1,96569,1,185055,0.521842,1,46,46,79,2831659,27.50828,0.00322,2.38661,0.00384,0,0,3,4.991995,4.397479,4.397479,-0.024924,-0.024740,14.936568,14003,0.001656,0.074266,76843,31452,17121,10901,7606,5468,4213,3295,28155,1,1,1,1
23.0000,8750,1,1,98068,0,188688,0.519739,1,2,11,42,396073,27.92417,0.00322,2.38661,0.00384,1,1,2,1.349689,1.000000,1.487132,-0.232806,-0.232772,14.728648,8754,0.015804,0.047083,78291,32282,17612,11148,7628,5522,4234,3478,28492,1,1,1,1
23.9000,8750,1,1,100621,1,192629,0.522359,4,2,38,993,326870,28.54800,0.00322,2.38661,0.00384,0,0,3,1.262765,1.083800,1.083800,-0.544703,-0.544677,14.416653,879,0.037781,0.004830,79572,33080,17888,11339,7914,5727,4352,3400,29356,1,1,1,1
22.3500,8762,1,1,96324,0,184913,0.520918,1,1,4,47,226264,27.48146,0.00212,2.38193,0.00543,1,0,3,1.411444,1.000000,1.015783,-0.004083,-0.004044,14.957426,14461,0.000270,0.076483,76338,31634,17258,10783,7473,5676,4239,3284,28227,1,1,1,1
22.4000,8762,1,1,96842,0,186223,0.520035,1,8,43,43,111121,27.51611,0.00212,2.38193,0.00543,1,1,2,1.121934,1.000000,1.212594,-0.021419,-0.021406,14.939891,14019,0.001433,0.074232,77375,31784,17375,11088,7561,5417,4224,3358,28040,1,1,1,1
23.0000,8762,1,1,98456,0,188510,0.522288,4,53,53,83,618344,27.93206,0.00212,2.38193,0.00543,1,1,2,1.170759,1.000000,10.022552,-0.229516,-0.229498,14.731836,8761,0.015578,0.047046,78254,32187,17535,10992,7637,5625,4339,3190,28750,1,1,1,1
23.9000,8762,1,1,100540,0,193213,0.520361,2,2,14,16,118389,28.55583,0.00212,2.38193,0.00543,1,0,3,1.370706,1.000000,1.308335,-0.541283,-0.541247,14.420242,876,0.037534,0.004806,80326,32491,18066,11370,7883,5767,4455,3408,29446,1,1,1,1
22.3500,8774,1,1,96415,1,185145,0.520757,1,2,7,176,337479,27.48041,0.00294,2.38219,0.00411,0,1,3,1.734442,1.326027,1.326027,-0.004202,-0.004139,14.957364,14479,0.000277,0.076474,76816,31521,17235,10641,7717,5521,4123,3340,28230,1,1,1,1
22.4000,8774,1,1,96847,1,185709,0.521501,1,2,13,500,727698,27.51509,0.00294,2.38219,0.00411,0,0,3,1.831284,1.472164,1.472164,-0.021545,-0.021476,14.939899,14040,0.001437,0.074242,77086,31619,17193,11059,7590,5424,4157,3292,28288,1,1,1,1
23.0000,8774,1,1,98589,1,188848,0.522058,1,1,46,46,236270,27.93102,0.00294,2.38219,0.00411,0,0,3,1.593287,1.129001,1.129001,-0.229499,-0.229446,14.732010,8775,0.015575,0.047056,78495,32022,17547,11106,7820,5592,4196,3386,28683,1,1,1,1
23.9000,8774,1,1,100644,0,193543,0.520011,2,2,11,2537,84754,28.55481,0.00294,2.38219,0.00411,1,1,2,1.397988,1.000000,1.564202,-0.541412,-0.541374,14.420106,879,0.037543,0.004816,80327,32957,18030,11313,7799,5622,4450,3449,29595,1,1,1,1
22.3500,8786,1,1,96913,1,186145,0.520635,103,193,193,193,455914,27.47869,0.00310,2.38434,0.00420,0,0,3,3.968698,3.959024,3.959024,-0.005107,-0.004951,14.955907,14494,0.000331,0.076456,77421,31820,17206,10957,7528,5566,4191,3263,28192,1,1,1,1
22.4000,8786,1,1,96825,1,185906,0.520831,1,2,18,804,74416,27.51333,0.00310,2.38434,0.00420,0,0,3,1.740220,1.288664,1.288664,-0.022360,-0.022297,14.939124,14055,0.001493,0.074223,77015,31563,17295,10984,7573,5574,4149,3280,28472,1,1,1,1
23.0000,8786,1,1,98621,1,188834,0.522266,2,4,14,27,166013,27.92925,0.00310,2.38434,0.00420,0,1,3,2.108600,1.852584,1.852584,-0.230339,-0.230254,14.731274,8783,0.015630,0.047037,78181,32178,17430,11032,7768,5706,4323,3248,28967,1,1,1,1
23.9000,8786,1,1,100887,1,193884,0.520350,3,19,19,83,326707,28.55305,0.00310,2.38434,0.00420,0,0,3,1.579318,1.347916,1.347916,-0.542223,-0.542171,14.419165,876,0.037601,0.004793,80624,32831,18028,11495,7845,5722,4396,3490,29452,1,1,1,1
22.3500,8798,1,1,96756,0,185489,0.521629,1,3,43,43,587130,27.48077,0.00172,2.38195,0.00443,1,0,3,1.239100,1.000000,1.247159,-0.004671,-0.004646,14.956867,14519,0.000311,0.076478,77041,31429,17183,10834,7576,5533,4148,3198,28546,1,1,1,1
22.4000,8798,1,1,97226,0,186176,0.522229,1,5,20,417,412075,27.51543,0.00172,2.38195,0.00443,1,0,2,1.238637,1.000000,1.749176,-0.022025,-0.022000,14.939514,14078,0.001473,0.074241,77412,31546,17352,10904,7487,5430,4207,3310,28527,1,1,1,1
23.0000,8798,1,1,98543,1,188946,0.521543,1,5,39,135,381205,27.93134,0.00172,2.38195,0.00443,0,1,3,1.854254,1.406669,1.406669,-0.229965,-0.229894,14.731607,8799,0.015606,0.047057,78276,31985,17699,11171,7701,5531,4298,3441,28843,1,1,1,1
23.9000,8798,1,1,100317,1,193193,0.519261,1,31,31,31,2224275,28.55515,0.00172,2.38195,0.00443,0,1,3,16.749279,14.226713,14.226713,-0.542005,-0.541685,14.419854,881,0.037565,0.004813,80175,32466,17928,11362,7799,5805,4375,3471,29811,1,1,1,1
22.3500,8810,1,1,97298,0,186095,0.522843,1,3,21,212,209981,27.47736,0.00149,2.38019,0.00405,1,1,3,1.233972,1.000000,1.050895,-0.006464,-0.006440,14.954931,14536,0.000431,0.076473,77263,31625,17150,10913,7521,5591,4298,3333,28400,1,1,1,1
22.4000,8810,1,1,97772,0,187106,0.522552,11,6,29,1039,480939,27.51206,0.00149,2.38019,0.00405,1,1,2,1.232736,1.000000,1.665567,-0.023839,-0.023815,14.937556,14093,0.001594,0.074229,77968,31673,17425,10914,7722,5694,4192,3260,28257,1,1,1,1
23.0000,8810,1,1,99121,1,189820,0.522187,167,5,167,167,512471,27.92795,0.00149,2.38019,0.00405,0,1,3,2.395053,2.183472,2.183472,-0.231798,-0.231699,14.729153,8807,0.015731,0.047044,78914,32224,17434,11175,7848,5672,4172,3465,28915,1,1,1,1
23.9000,8810,1,1,101175,1,194328,0.520643,1,1,9,112,1247438,28.55178,0.00149,2.38019,0.00405,0,0,3,1.254951,1.051613,1.051613,-0.543668,-0.543643,14.417888,878,0.037706,0.004791,80737,32924,18281,11242,7945,5791,4496,3439,29472,1,1,1,1
22.3500,8822,1,1,96947,1,186159,0.520778,4,12,57,57,233010,27.47755,0.00199,2.38692,0.00430,0,1,3,7.547860,6.072829,6.072829,-0.006208,-0.005979,14.955552,14558,0.000400,0.076482,76950,31583,17369,11000,7700,5492,4406,3316,28342,1,1,1,1
22.4000,8822,1,1,97399,1,186773,0.521486,13,8,26,3412,99898,27.51220,0.00199,2.38692,0.00430,0,1,3,2.362705,1.702802,1.589649,-0.023456,-0.023358,14.938127,14117,0.001564,0.074251,77731,31681,17225,10986,7525,5493,4291,3340,28500,1,1,1,1
23.0000,8822,1,1,98608,0,189718,0.519764,17,2,37,768,256364,27.92815,0.00199,2.38692,0.00430,1,1,3,1.400945,1.000000,1.325324,-0.231420,-0.231381,14.730066,8823,0.015708,0.047062,78877,31978,17566,11077,7749,5692,4373,3337,29068,1,1,1,1
23.9000,8822,1,1,101349,1,194572,0.520884,2,2,333,333,427584,28.55192,0.00199,2.38692,0.00430,0,1,3,1.744550,1.349556,1.349556,-0.543305,-0.543242,14.418124,884,0.037678,0.004817,80988,32802,18009,11451,8039,5777,4438,3363,29704,1,1,1,1
22.3500,8834,1,1,97458,0,186597,0.522294,1,5,11,59,127088,27.48317,0.00176,2.39148,0.00477,1,0,2,1.224038,1.000000,1.701245,-0.003420,-0.003397,14.958119,14579,0.000227,0.076475,77803,31556,17209,10812,7492,5518,4308,3356,28542,1,1,1,1
22.4000,8834,1,1,97646,0,187169,0.521702,7,3,7,34,231783,27.51785,0.00176,2.39148,0.00477,1,1,2,1.394126,1.000000,1.585053,-0.020759,-0.020721,14.940761,14136,0.001387,0.074237,77464,31884,17430,11077,7651,5661,4277,3435,28289,1,1,1,1
23.0000,8834,1,1,99161,1,190436,0.520708,1,1,46,46,149855,27.93379,0.00176,2.39148,0.00477,0,1,3,1.711330,1.301790,1.301790,-0.228713,-0.228652,14.732850,8835,0.015520,0.047053,79432,32257,17437,11099,7770,5693,4204,3461,29082,1,1,1,1
23.9000,8834,1,1,101653,1,194875,0.521634,2,30,30,77,250105,28.55757,0.00176,2.39148,0.00477,0,1,3,6.424254,5.999448,5.999448,-0.540694,-0.540484,14.420741,886,0.037480,0.004821,80760,33064,18237,11629,7886,5873,4593,3425,29407,1,1,1,1
22.3500,8846,1,1,97980,0,187358,0.522959,1,3,16,49,313007,27.47774,0.00168,2.39233,0.00390,1,0,2,1.338960,1.000000,1.792765,-0.006243,-0.006210,14.955288,14596,0.000415,0.076475,78175,31684,17300,11021,7585,5634,4231,3465,28262,1,1,1,1
22.4000,8846,1,1,97496,0,186741,0.522095,1,11,17,17,1754071,27.51237,0.00168,2.39233,0.00390,1,1,2,1.161856,1.000000,2.302701,-0.023573,-0.023556,14.937968,14154,0.001577,0.074245,77472,31662,17420,10840,7568,5545,4132,3344,28757,1,1,1,1
23.0000,8846,1,1,99107,1,190045,0.521495,1,3,19,461,221159,27.92829,0.00168,2.39233,0.00390,0,1,3,2.044162,1.706928,1.706928,-0.231517,-0.231436,14.730104,8845,0.015712,0.047051,78916,32099,17760,11124,7792,5606,4337,3364,29046,1,1,1,1
23.9000,8846,1,1,101891,1,195150,0.522119,3,37,37,37,534403,28.55209,0.00168,2.39233,0.00390,0,1,3,8.141829,7.457107,7.457107,-0.543501,-0.543264,14.418270,884,0.037679,0.004804,81212,32938,18148,11434,7962,5805,4408,3564,29678,1,1,1,1
22.3500,8858,1,1,97766,0,187254,0.522106,1,3,12,106,114694,27.48188,0.00149,2.39242,0.00580,1,1,2,1.411932,1.000000,2.236425,-0.004266,-0.004227,14.957231,14613,0.000283,0.076450,77735,31819,17378,11189,7515,5557,4292,3304,28464,1,1,1,1
22.4000,8858,1,1,97981,1,188094,0.520918,7,2,12,23,1703950,27.51655,0.00149,2.39242,0.00580,0,0,3,1.193310,1.071957,1.071957,-0.021556,-0.021536,14.939757,14170,0.001442,0.074219,78221,32142,17555,10930,7512,5704,4274,3324,28431,1,1,1,1
23.0000,8858,1,1,99462,0,190656,0.521686,2,5,43,43,496376,27.93245,0.00149,2.39242,0.00580,1,0,2,1.293633,1.000000,1.907545,-0.229541,-0.229512,14.731995,8855,0.015579,0.047035,79197,32257,17774,11278,7788,5599,4263,3488,29011,1,1,1,1
23.9000,8858,1,1,101616,0,194911,0.521348,1,8,8,33,174412,28.55627,0.00149,2.39242,0.00580,1,0,2,1.287502,1.000000,3.116668,-0.541478,-0.541449,14.420058,884,0.037548,0.004797,80506,33241,18145,11400,8087,5877,4441,3414,29799,1,1,1,1
22.3500,8870,1,1,98387,1,188095,0.523074,3,12,31,31,710443,27.48156,0.00296,2.38975,0.00558,0,1,3,1.728974,1.237144,1.112156,-0.003631,-0.003569,14.957913,14633,0.000239,0.076448,78488,31759,17508,10820,7763,5649,4422,3288,28397,1,1,1,1
22.4000,8870,1,1,97782,0,187585,0.521270,10,4,21,24,77301,27.51626,0.00296,2.38975,0.00558,1,1,2,1.405372,1.000000,2.465600,-0.021027,-0.020988,14.940489,14189,0.001405,0.074215,77959,31806,17360,10848,7649,5601,4247,3282,28832,1,1,1,1
23.0000,8870,1,1,99570,0,191354,0.520347,1,4,199,220,111962,27.93215,0.00296,2.38975,0.00558,1,1,2,1.386459,1.000000,2.594170,-0.228974,-0.228937,14.732503,8868,0.015540,0.047038,79646,32592,17835,11194,7746,5611,4371,3454,28904,1,1,1,1
23.9000,8870,1,1,101410,0,195279,0.519311,4,1,16,46,819092,28.55598,0.00296,2.38975,0.00558,1,0,3,1.378330,1.000000,1.046344,-0.540834,-0.540798,14.420690,884,0.037502,0.004790,80896,33352,17982,11450,8041,5810,4388,3424,29935,1,1,1,1
22.3500,8882,1,1,98662,0,188572,0.523209,1,26,26,26,83259,27.48414,0.00163,2.39029,0.00526,1,1,2,1.211786,1.000000,6.358623,-0.003092,-0.003070,14.958449,14661,0.000205,0.076488,78470,32156,17721,11037,7667,5569,4312,3346,28293,1,1,1,1
22.4000,8882,1,1,97959,1,188152,0.520640,17,3,17,48,215936,27.51879,0.00163,2.39029,0.00526,0,1,3,2.311594,1.853100,1.853100,-0.020346,-0.020252,14.940852,14220,0.001355,0.074274,78186,32134,17450,11037,7626,5597,4219,3432,28470,1,1,1,1
23.0000,8882,1,1,99495,1,190911,0.521162,1,13,26,81,2803737,27.93474,0.00163,2.39029,0.00526,0,1,3,8.916287,6.928493,6.928493,-0.228396,-0.228150,14.733390,8888,0.015485,0.047078,78910,32483,17819,11211,7771,5707,4300,3434,29275,1,1,1,1
23.9000,8882,1,1,102057,1,195849,0.521103,3,11,63,63,2617332,28.55851,0.00163,2.39029,0.00526,0,1,3,6.819779,5.519786,5.519786,-0.540269,-0.540052,14.421486,894,0.037448,0.004838,80918,33507,18399,11578,7940,5828,4363,3606,29709,1,1,1,1
22.3500,8894,1,1,98515,1,188553,0.522482,1,2,9,11,2762231,27.48420,0.00109,2.40194,0.00421,0,1,3,2.002716,1.557304,1.557304,-0.003233,-0.003155,14.958373,14679,0.000211,0.076479,78329,32292,17366,11274,7591,5590,4315,3408,28387,1,1,1,1
22.4000,8894,1,1,98538,0,188785,0.521962,1,9,9,345,288360,27.51888,0.00109,2.40194,0.00421,1,0,3,1.098546,1.000000,1.159076,-0.020552,-0.020542,14.940991,14234,0.001375,0.074246,78504,32420,17533,10895,7640,5528,4135,3379,28750,1,1,1,1
23.0000,8894,1,1,99745,1,191521,0.520807,1,22,22,71,273351,27.93482,0.00109,2.40194,0.00421,0,1,3,13.165307,10.790581,10.790581,-0.228650,-0.228360,14.733178,8898,0.015500,0.047068,79593,32714,17703,11273,7782,5585,4414,3433,29023,1,1,1,1
23.9000,8894,1,1,102393,1,196440,0.521246,2,17,29,65,1067890,28.55861,0.00109,2.40194,0.00421,0,1,3,2.288018,1.887872,1.887872,-0.540445,-0.540352,14.421167,893,0.037469,0.004826,81504,33414,18289,11648,7900,5910,4466,3459,29849,1,1,1,1
22.3500,8906,1,1,98203,1,188209,0.521779,1,3,9,306,96395,27.48224,0.00132,2.38724,0.00451,0,1,3,2.373942,1.860627,1.860627,-0.004172,-0.004075,14.957463,14696,0.000272,0.076469,78297,31678,17574,11024,7595,5638,4273,3394,28735,1,1,1,1
22.4000,8906,1,1,98409,1,188519,0.522014,3,7,7,28,74200,27.51687,0.00132,2.38724,0.00451,0,1,3,2.329062,2.091232,2.091232,-0.021495,-0.021400,14.940130,14253,0.001432,0.074250,78250,32062,17415,10992,7628,5712,4315,3399,28745,1,1,1,1
23.0000,8906,1,1,99743,1,191511,0.520824,49,19,140,140,582673,27.93279,0.00132,2.38724,0.00451,0,1,3,3.640285,2.936899,2.936899,-0.229474,-0.229329,14.732186,8908,0.015567,0.047060,79601,32331,17825,11275,7892,5722,4299,3416,29149,1,1,1,1
23.9000,8906,1,1,102283,1,196715,0.519958,1,149,149,149,1359959,28.55659,0.00132,2.38724,0.00451,0,1,3,97.958763,74.232530,74.232530,-0.541557,-0.541042,14.419907,896,0.037520,0.004836,81928,33427,18263,11440,8052,5967,4430,3515,29692,1,1,1,1
22.3500,8918,1,1,98434,0,188967,0.520909,6,2,44,44,1163898,27.48072,0.00101,2.38838,0.00484,1,1,3,1.412785,1.000000,1.170058,-0.005047,-0.005008,14.956453,14722,0.000335,0.076506,78392,32310,17529,11161,7653,5583,4400,3357,28581,1,1,1,1
22.4000,8918,1,1,98800,0,189374,0.521722,3,10,10,150,340167,27.51538,0.00101,2.38838,0.00484,1,0,2,1.227218,1.000000,2.718105,-0.022427,-0.022404,14.939113,14276,0.001500,0.074274,78934,32078,17567,11102,7600,5664,4186,3467,28775,1,1,1,1
23.0000,8918,1,1,100076,0,192385,0.520189,6,7,12,40,869018,27.93129,0.00101,2.38838,0.00484,1,1,2,1.316347,1.000000,2.977293,-0.230384,-0.230353,14.731057,8927,0.015637,0.047101,79934,32697,17896,11327,7840,5680,4374,3440,29196,1,1,1,1
23.9000,8918,1,1,102799,1,196962,0.521926,2,9,108,108,1356409,28.55510,0.00101,2.38838,0.00484,0,1,3,3.489610,2.924813,2.924813,-0.542292,-0.542151,14.419370,899,0.037599,0.004846,81592,33496,18440,11544,7991,5940,4577,3520,29861,1,1,1,1
22.3500,8930,1,1,98548,0,188938,0.521592,1,35,35,108,95856,27.47330,0.00197,2.37240,0.00491,1,1,2,1.046407,1.000000,1.760335,-0.008277,-0.008271,14.953267,14738,0.000553,0.076503,78246,32162,17795,11210,7646,5657,4187,3362,28672,1,1,1,1
22.4000,8930,1,1,98832,0,189463,0.521646,1,2,43,182,127831,27.50800,0.00197,2.37240,0.00491,1,1,2,1.405498,1.000000,1.637920,-0.025623,-0.025585,14.935869,14291,0.001713,0.074269,78692,32151,17778,11125,7627,5662,4315,3440,28672,1,1,1,1
23.0000,8930,1,1,100263,1,192636,0.520482,4,66,66,114,3139561,27.92389,0.00197,2.37240,0.00491,0,1,3,8.389882,7.515391,7.515391,-0.233652,-0.233414,14.728117,8933,0.015848,0.047079,79996,32865,18091,11104,7830,5722,4450,3382,29195,1,1,1,1
23.9000,8930,1,1,102513,1,196926,0.520569,1,8,47,47,578546,28.54772,0.00197,2.37240,0.00491,0,1,3,4.599146,3.760682,3.760682,-0.545530,-0.545359,14.416163,896,0.037830,0.004824,81702,33267,18583,11476,8134,5912,4507,3610,29734,1,1,1,1
22.3500,8942,1,1,98507,1,188942,0.521364,4,3,105,105,1268725,27.48228,0.00141,2.37543,0.00474,0,1,3,1.293232,1.070762,1.070762,-0.004024,-0.003996,14.957524,14758,0.000267,0.076482,78362,32189,17758,11093,7652,5524,4266,3283,28814,1,1,1,1
22.4000,8942,1,1,98646,0,189655,0.520137,4,8,8,21,1316168,27.51693,0.00141,2.37543,0.00474,1,1,2,1.354262,1.000000,3.681033,-0.021418,-0.021384,14.940042,14311,0.001431,0.074252,78587,32308,17561,11247,7765,5799,4320,3424,28643,1,1,1,1
23.0000,8942,1,1,100148,0,192493,0.520271,2,4,36,55,293668,27.93288,0.00141,2.37543,0.00474,1,1,2,1.398786,1.000000,2.400638,-0.229370,-0.229332,14.732117,8945,0.015567,0.047066,79847,32906,17854,11419,7621,5503,4385,3469,29488,1,1,1,1
23.9000,8942,1,1,102740,0,197435,0.520376,1,22,22,350,1400783,28.55666,0.00141,2.37543,0.00474,1,1,2,1.345410,1.000000,9.574188,-0.541332,-0.541299,14.420124,898,0.037538,0.004827,82182,33397,18379,11625,7946,6006,4478,3521,29900,1,1,1,1
22.3500,8954,1,1,98540,0,189191,0.520852,1,2,18,262,57614,27.48187,0.00124,2.37519,0.00626,1,0,2,1.395566,1.000000,1.637653,-0.004325,-0.004288,14.957196,14774,0.000287,0.076464,78299,32056,17712,11166,7717,5510,4291,3468,28971,1,1,1,1
22.4000,8954,1,1,99087,1,190477,0.520207,13,37,222,222,107974,27.51655,0.00124,2.37519,0.00626,0,1,3,21.822442,17.766439,17.766439,-0.021800,-0.021456,14.939428,14326,0.001436,0.074233,79188,32692,17691,11237,7818,5694,4217,3402,28537,1,1,1,1
23.0000,8954,1,1,100197,1,192775,0.519764,2,2,19,219,9422310,27.93249,0.00124,2.37519,0.00626,0,0,3,1.356927,1.009816,1.009816,-0.229607,-0.229573,14.731849,8954,0.015583,0.047051,80099,32664,17976,11149,7822,5809,4362,3567,29326,1,1,1,1
23.9000,8954,1,1,103037,1,197638,0.521345,1,2,3,47,207054,28.55627,0.00124,2.37519,0.00626,0,1,3,2.278381,1.721490,1.721490,-0.541529,-0.541437,14.419960,897,0.037548,0.004815,81823,33723,18523,11466,8074,5943,4526,3549,30010,1,1,1,1
22.3500,8966,1,1,98647,1,189736,0.519920,33,15,33,1799,376979,27.48291,0.00124,2.37148,0.00381,0,1,3,2.736809,2.232594,2.232594,-0.003887,-0.003775,14.957743,14799,0.000252,0.076488,78660,32321,17912,10988,7575,5633,4290,3483,28873,1,1,1,1
22.4000,8966,1,1,99477,1,189929,0.523762,2,7,203,203,538554,27.51754,0.00124,2.37148,0.00381,0,1,3,5.064075,3.928920,3.928920,-0.021236,-0.021056,14.940472,14352,0.001409,0.074263,78403,32328,18014,11208,7768,5682,4272,3497,28756,1,1,1,1
23.0000,8966,1,1,100798,0,193742,0.520272,9,4,9,16,271697,27.93346,0.00124,2.37148,0.00381,1,1,2,1.390288,1.000000,1.999543,-0.229158,-0.229121,14.732365,8971,0.015552,0.047076,80694,33036,17825,11414,7884,5805,4337,3497,29249,1,1,1,1
23.9000,8966,1,1,103005,1,198073,0.520038,61,71,71,71,874349,28.55726,0.00124,2.37148,0.00381,0,1,3,9.290035,8.718239,8.718239,-0.541141,-0.540893,14.420644,904,0.037508,0.004846,82353,33761,18404,11548,8047,5898,4408,3469,30184,1,1,1,1
22.3500,8978,1,1,98715,1,189414,0.521163,1,2,2,31,82482,27.48078,0.00139,2.37476,0.00430,0,0,3,1.484706,1.078558,1.078558,-0.004820,-0.004776,14.956661,14815,0.000319,0.076474,78215,32434,17559,10923,7792,5691,4434,3382,28983,1,1,1,1
22.4000,8978,1,1,98918,0,190007,0.520605,18,23,126,126,536836,27.51544,0.00139,2.37476,0.00430,1,1,2,1.276100,1.000000,7.260229,-0.022259,-0.022232,14.939163,14366,0.001488,0.074243,78564,32525,17625,11233,7843,5622,4213,3375,29006,1,1,1,1
23.0000,8978,1,1,100780,0,193748,0.520163,1,2,87,87,759521,27.93135,0.00139,2.37476,0.00430,1,1,3,1.304449,1.000000,1.066478,-0.230102,-0.230072,14.731335,8980,0.015618,0.047063,80353,33250,17725,11530,8036,5724,4348,3485,29296,1,1,1,1
23.9000,8978,1,1,103038,0,197719,0.521136,8,2,9,36,967140,28.55516,0.00139,2.37476,0.00430,1,1,3,1.397520,1.000000,1.187086,-0.542017,-0.541980,14.419503,899,0.037587,0.004813,82257,33305,18410,11415,8112,5940,4515,3610,30154,1,1,1,1
22.3500,8990,1,1,99344,0,190580,0.521275,1399,40,1399,1399,125164,27.48575,0.00123,2.37780,0.00527,1,1,2,1.251282,1.000000,11.544040,-0.002527,-0.002502,14.959012,14835,0.000167,0.076463,79127,32556,17749,11171,7771,5678,4201,3381,28945,1,1,1,1
22.4000,8990,1,1,99535,1,190587,0.522258,1,21,21,1165,1309833,27.52045,0.00123,2.37780,0.00527,0,1,3,13.029069,10.495649,10.495649,-0.019870,-0.019584,14.941957,14385,0.001311,0.074228,79187,32346,17789,11197,7842,5689,4363,3340,28833,1,1,1,1
23.0000,8990,1,1,100746,0,193509,0.520630,1,12,12,317,329728,27.93634,0.00123,2.37780,0.00527,1,0,2,1.102407,1.000000,1.501762,-0.227704,-0.227693,14.733840,8991,0.015454,0.047050,80242,32942,18107,11337,7815,5737,4496,3483,29349,1,1,1,1
23.9000,8990,1,1,103782,0,199061,0.521360,3,12,52,52,202015,28.56017,0.00123,2.37780,0.00527,1,1,2,1.320516,1.000000,4.661184,-0.539685,-0.539654,14.421759,900,0.037419,0.004812,82799,33828,18587,11842,8127,5996,4494,3443,29944,1,1,1,1
22.3500,9002,1,1,99536,0,190356,0.522897,2,9,13,52,72839,27.48513,0.00146,2.37682,0.00418,1,1,2,1.293831,1.000000,3.312032,-0.002641,-0.002612,14.958896,14854,0.000175,0.076459,79044,31983,17847,11199,7836,5632,4398,3468,28948,1,1,1,1
22.4000,9002,1,1,99853,1,190690,0.523643,1,2,30,530,37910304,27.51978,0.00146,2.37682,0.00418,0,0,3,2.357493,1.757203,1.757203,-0.019930,-0.019835,14.941588,14406,0.001327,0.074239,78923,32397,17916,11314,7867,5677,4326,3411,28858,1,1,1,1
23.0000,9002,1,1,101101,1,193912,0.521378,1,7,22,122,158518,27.93572,0.00146,2.37682,0.00418,0,1,3,5.031794,3.891650,3.891650,-0.227949,-0.227770,14.733497,9001,0.015459,0.047040,80302,33109,18065,11519,7780,5781,4344,3543,29468,1,1,1,1
23.9000,9002,1,1,103328,0,198489,0.520576,1,24,24,35,10874326,28.55950,0.00146,2.37682,0.00418,1,1,2,1.351278,1.000000,10.433513,-0.539890,-0.539856,14.421641,898,0.037434,0.004795,82411,33798,18342,11588,8044,5829,4568,3572,30336,1,1,1,1
22.3500,9014,1,1,99121,1,190226,0.521072,2,14,18,362,521276,27.48097,0.00115,2.37582,0.00475,0,1,3,4.526929,4.099536,4.099536,-0.004871,-0.004704,14.956561,14881,0.000314,0.076508,78969,31994,17741,11311,7872,5628,4356,3434,28920,1,1,1,1
22.4000,9014,1,1,99721,1,190886,0.522414,6,51,92,1028,851825,27.51565,0.00115,2.37582,0.00475,0,1,3,16.823216,15.835666,15.835666,-0.022286,-0.021973,14.939049,14430,0.001471,0.074276,79414,32276,17735,11043,7835,5825,4352,3424,28981,1,1,1,1
23.0000,9014,1,1,101297,1,194403,0.521070,1,1,37,326,156434,27.93158,0.00115,2.37582,0.00475,0,1,3,1.634206,1.157683,1.157579,-0.230103,-0.230048,14.731426,9017,0.015616,0.047068,80870,33033,17915,11577,7915,5722,4388,3509,29473,1,1,1,1
23.9000,9014,1,1,103702,0,199581,0.519601,2,8,12,359,217047,28.55537,0.00115,2.37582,0.00475,1,0,2,1.146428,1.000000,1.481415,-0.542015,-0.541999,14.419529,907,0.037588,0.004837,83170,33829,18538,11908,8092,5925,4504,3575,30039,1,1,1,1
22.3500,9026,1,1,99716,0,190574,0.523243,2,385,385,385,211513,27.48005,0.00138,2.37564,0.00404,1,1,2,1.002618,1.000000,1.026396,-0.005196,-0.005196,14.955690,14894,0.000347,0.076478,78930,32667,17465,11198,7760,5734,4305,3404,29110,1,1,1,1
22.4000,9026,1,1,99199,1,191067,0.519187,1,2,37,37,532436,27.51469,0.00138,2.37564,0.00404,0,1,3,1.748020,1.244073,1.244073,-0.022522,-0.022460,14.939020,14444,0.001503,0.074250,79122,32546,17709,11140,7785,5822,4366,3437,29139,1,1,1,1
23.0000,9026,1,1,101228,0,194294,0.521007,2,4,48,93,175447,27.93061,0.00138,2.37564,0.00404,1,1,2,1.371443,1.000000,2.173621,-0.230515,-0.230480,14.731013,9027,0.015646,0.047059,80505,33054,18063,11501,7867,5771,4489,3500,29543,1,1,1,1
23.9000,9026,1,1,103550,0,198769,0.520959,1,22,22,32,217123,28.55441,0.00138,2.37564,0.00404,1,1,2,1.101212,1.000000,2.554842,-0.542424,-0.542414,14.419120,904,0.037618,0.004815,82402,33610,18500,11691,8106,5899,4529,3613,30418,1,1,1,1
22.3500,9038,1,1,99949,1,191976,0.520635,2,3,16,25,209036,27.47576,0.00215,2.36783,0.00368,0,1,3,2.311432,1.804204,1.804204,-0.006974,-0.006881,14.954661,14914,0.000460,0.076484,79912,32822,17858,11301,7746,5639,4277,3360,29060,1,1,1,1
22.4000,9038,1,1,99448,0,191130,0.520319,1,9,9,57,2073086,27.51042,0.00215,2.36783,0.00368,1,1,2,1.252857,1.000000,2.991282,-0.024335,-0.024310,14.937076,14460,0.001628,0.074243,79116,32769,17708,11307,7689,5706,4319,3363,29152,1,1,1,1
23.0000,9038,1,1,101524,0,195057,0.520486,3,8,23,296,251167,27.92633,0.00215,2.36783,0.00368,1,1,2,1.278705,1.000000,2.932127,-0.232286,-0.232259,14.729139,9037,0.015769,0.047054,81173,33253,18037,11501,7838,5684,4463,3547,29560,1,1,1,1
23.9000,9038,1,1,103879,1,199828,0.519845,18,5,63,63,1564716,28.55014,0.00215,2.36783,0.00368,0,0,3,1.084016,1.032824,1.032824,-0.544137,-0.544128,14.417082,906,0.037742,0.004820,83207,34012,18487,11764,8176,5849,4542,3503,30287,1,1,1,1
22.3500,9050,1,1,99544,0,191529,0.519736,26,17,30,30,170910,27.47241,0.00214,2.36398,0.00438,1,1,2,1.411372,1.000000,8.656806,-0.008728,-0.008690,14.952772,14936,0.000581,0.076505,79507,32495,17926,11341,7657,5762,4440,3356,29044,1,1,1,1
22.4000,9050,1,1,99942,0,191332,0.522351,3,2,4,131,268824,27.50711,0.00214,2.36398,0.00438,1,1,2,1.412588,1.000000,1.515606,-0.025979,-0.025941,14.935533,14483,0.001737,0.074270,79411,32068,17892,11373,7807,5783,4276,3513,29208,1,1,1,1
23.0000,9050,1,1,101792,0,195133,0.521657,180,4,180,180,162632,27.92299,0.00214,2.36398,0.00438,1,1,2,1.413381,1.000000,2.242200,-0.233945,-0.233907,14.727565,9053,0.015882,0.047080,80672,33391,18225,11547,7918,5922,4402,3560,29495,1,1,1,1
23.9000,9050,1,1,104008,0,199706,0.520808,1,133,133,133,485049,28.54683,0.00214,2.36398,0.00438,1,1,2,1.007775,1.000000,1.109162,-0.545819,-0.545819,14.415726,909,0.037863,0.004830,83197,33919,18377,11711,8046,5949,4418,3630,30458,1,1,1,1
22.3500,9062,1,1,99473,1,191053,0.520659,1,27,27,40,534289,27.47598,0.00258,2.36819,0.00373,0,1,3,2.147116,1.526948,1.231963,-0.006599,-0.006514,14.954966,14956,0.000436,0.076495,78812,32476,17845,11301,7681,5682,4380,3500,29375,1,1,1,1
22.4000,9062,1,1,100026,0,191969,0.521056,1,34,54,54,70384,27.51063,0.00258,2.36819,0.00373,1,1,2,1.065899,1.000000,2.452363,-0.023961,-0.023954,14.937287,14505,0.001604,0.074276,79839,32334,17958,11258,7785,5620,4482,3406,29286,1,1,1,1
23.0000,9062,1,1,101433,1,194874,0.520508,1,8,34,37,80818,27.92658,0.00258,2.36819,0.00373,0,1,3,3.952178,3.486381,3.486381,-0.231955,-0.231804,14.729735,9065,0.015737,0.047073,80575,33231,18184,11496,7901,5804,4393,3586,29703,1,1,1,1
23.9000,9062,1,1,104168,0,199822,0.521307,5,39,108,108,130957,28.55035,0.00258,2.36819,0.00373,1,1,2,1.118466,1.000000,4.952189,-0.543861,-0.543848,14.417457,910,0.037722,0.004828,83083,33840,18522,11829,8135,5922,4441,3586,30463,1,1,1,1
22.3500,9074,1,1,100333,1,192344,0.521636,2,3,196,196,134142,27.48173,0.00201,2.37513,0.00431,0,0,3,1.375223,1.102587,1.102587,-0.003987,-0.003952,14.957433,14974,0.000264,0.076473,79807,32874,17988,11181,7772,5667,4490,3472,29092,1,1,1,1
22.4000,9074,1,1,100445,1,192219,0.522558,3,17,25,28,493698,27.51641,0.00201,2.37513,0.00431,0,0,3,2.999633,2.733628,2.733628,-0.021377,-0.021256,14.940028,14521,0.001423,0.074246,79750,32822,17897,11270,7630,5666,4358,3459,29366,1,1,1,1
23.0000,9074,1,1,101666,0,195152,0.520961,1,9,9,76,620288,27.93234,0.00201,2.37513,0.00431,1,0,2,1.221029,1.000000,2.469811,-0.229338,-0.229316,14.732203,9077,0.015566,0.047065,80872,32910,18194,11520,8063,5852,4430,3497,29813,1,1,1,1
23.9000,9074,1,1,104205,1,200410,0.519962,1,7,7,11,1228346,28.55613,0.00201,2.37513,0.00431,0,1,3,3.815715,3.162857,3.162857,-0.541245,-0.541098,14.420250,909,0.037523,0.004815,83445,34215,18303,11689,8251,5946,4611,3452,30497,1,1,1,1
22.3500,9086,1,1,100463,1,191849,0.523659,12,2,26,623,222867,27.48140,0.00114,2.37412,0.00413,0,1,3,1.892297,1.348511,1.348511,-0.004655,-0.004585,14.956897,14991,0.000307,0.076461,79243,32649,17773,11466,7968,5751,4362,3482,29154,1,1,1,1
22.4000,9086,1,1,100502,0,192788,0.521311,1,16,61,71,351313,27.51604,0.00114,2.37412,0.00413,1,1,2,1.323250,1.000000,6.619825,-0.022060,-0.022029,14.939475,14537,0.001475,0.074232,80035,32788,17972,11321,7931,5647,4342,3354,29397,1,1,1,1
23.0000,9086,1,1,101717,1,195730,0.519683,1,5,54,54,142353,27.93195,0.00114,2.37412,0.00413,0,1,3,3.872925,3.066502,3.066502,-0.229977,-0.229828,14.731706,9087,0.015601,0.047057,81418,33154,18128,11541,7925,5805,4437,3528,29793,1,1,1,1
23.9000,9086,1,1,104006,0,200197,0.519521,11,11,11,34,626527,28.55576,0.00114,2.37412,0.00413,1,1,2,1.384894,1.000000,5.414970,-0.541910,-0.541874,14.419570,908,0.037579,0.004804,82968,34042,18673,11749,8212,6049,4532,3609,30362,1,1,1,1
22.3500,9098,1,1,100695,1,192808,0.522258,1,8,45,45,1928309,27.48965,0.00137,2.37382,0.00379,0,1,3,4.308838,3.543981,3.543981,-0.000457,-0.000296,14.961053,15011,0.000020,0.076441,80085,32864,17815,11205,7953,5757,4319,3489,29320,1,1,1,1
22.4000,9098,1,1,100289,1,193038,0.519533,2,2271,2271,2271,372035,27.52431,0.00137,2.37382,0.00379,0,0,3,15.259937,14.888658,14.888658,-0.017868,-0.017569,14.943570,14556,0.001176,0.074211,80379,32701,17818,11268,7894,5669,4455,3528,29325,1,1,1,1
23.0000,9098,1,1,102377,1,196065,0.522161,6,4,11,53,249922,27.94021,0.00137,2.37382,0.00379,0,0,3,1.807367,1.676934,1.676934,-0.225698,-0.225633,14.735628,9097,0.015312,0.047034,81311,33367,18406,11656,7835,5826,4530,3454,29679,1,1,1,1
23.9000,9098,1,1,104439,1,200368,0.521239,2,3,40,354,452825,28.56403,0.00137,2.37382,0.00379,0,1,3,2.034204,1.603081,1.603081,-0.537606,-0.537528,14.423797,911,0.037267,0.004812,83108,34013,18691,11532,8352,6044,4508,3605,30514,1,1,1,1
22.3500,9110,1,1,101289,1,193279,0.524059,2,12,12,18,24459099,27.48871,0.00114,2.38375,0.00350,0,1,3,4.711619,4.211467,4.211467,-0.001032,-0.000862,14.960395,15035,0.000058,0.076466,80709,32914,17740,11403,7795,5710,4448,3340,29219,1,1,1,1
22.4000,9110,1,1,100647,1,192886,0.521798,12,3,16,1140,438771,27.52341,0.00114,2.38375,0.00350,0,1,3,1.854795,1.312607,1.279779,-0.018311,-0.018243,14.943231,14579,0.001221,0.074232,79959,32754,17847,11463,7857,5803,4357,3446,29399,1,1,1,1
23.0000,9110,1,1,102129,1,196040,0.520963,1,3,12,86,119085,27.93930,0.00114,2.38375,0.00350,0,0,3,1.506997,1.079841,1.079841,-0.226246,-0.226201,14.735249,9113,0.015351,0.047056,81083,33454,18518,11382,8128,5867,4478,3451,29678,1,1,1,1
23.9000,9110,1,1,104311,1,200945,0.519105,1,3,3587,3587,1307853,28.56313,0.00114,2.38375,0.00350,0,0,3,1.841859,1.318057,1.318057,-0.538174,-0.538107,14.423344,914,0.037308,0.004822,83467,34202,18430,11843,8132,5952,4642,3701,30575,1,1,1,1
22.3500,9122,1,1,100605,1,193151,0.520865,1,1,25,54,5973708,27.48753,0.00137,2.38200,0.00540,0,0,3,1.422591,1.108317,1.108317,-0.001421,-0.001382,14.960148,15051,0.000092,0.076448,80299,32873,17904,11158,7992,5833,4371,3402,29318,1,1,1,1
22.4000,9122,1,1,100264,0,192624,0.520519,1,63,63,85,7597950,27.52218,0.00137,2.38200,0.00540,1,1,2,1.034825,1.000000,2.317201,-0.018788,-0.018784,14.942758,14596,0.001257,0.074223,79344,32789,18136,11400,7867,5840,4401,3463,29383,1,1,1,1
23.0000,9122,1,1,102406,0,196428,0.521344,1,87,345,345,253387,27.93813,0.00137,2.38200,0.00540,1,1,2,1.048368,1.000000,4.356037,-0.226798,-0.226793,14.734419,9121,0.015392,0.047038,81416,33534,18113,11583,7983,5887,4548,3485,29878,1,1,1,1
23.9000,9122,1,1,105114,0,201675,0.521207,2,90,90,90,696173,28.56190,0.00137,2.38200,0.00540,1,1,2,1.373171,1.000000,40.219839,-0.538805,-0.538771,14.422668,917,0.037356,0.004831,83830,34348,18600,11905,8253,6070,4524,3572,30572,1,1,1,1
22.3500,9134,1,1,100432,0,192655,0.521308,3,25,25,25,747124,27.48789,0.00106,2.38609,0.00389,1,1,2,1.222117,1.000000,6.452309,-0.001473,-0.001451,14.960069,15075,0.000097,0.076469,80039,32593,17946,11381,7651,5650,4316,3513,29565,1,1,1,1
22.4000,9134,1,1,101039,1,193424,0.522373,1,6,10,36,1150482,27.52257,0.00106,2.38609,0.00389,0,1,3,1.500117,1.206890,1.206890,-0.018721,-0.018676,14.942841,14618,0.001250,0.074237,80097,32992,18073,11457,7776,5823,4221,3468,29516,1,1,1,1
23.0000,9134,1,1,102741,1,197046,0.521409,3,9,11,43,101514,27.93851,0.00106,2.38609,0.00389,0,1,3,5.342032,4.491301,4.491301,-0.226760,-0.226576,14.734641,9137,0.015377,0.047057,82185,33109,18364,11768,7912,5772,4453,3437,30045,1,1,1,1
23.9000,9134,1,1,104733,1,201108,0.520782,1,3,9,899,1100252,28.56230,0.00106,2.38609,0.00389,0,1,3,2.010466,1.437400,1.437400,-0.538588,-0.538512,14.422973,919,0.037337,0.004835,83372,33948,18603,11834,8220,6030,4664,3723,30713,1,1,1,1
22.3500,9146,1,1,100566,0,193065,0.520895,37,2,37,37,122379,27.48053,0.00188,2.38092,0.00429,1,1,3,1.405792,1.000000,1.273285,-0.004711,-0.004673,14.956784,15093,0.000312,0.076477,80224,32928,17535,11409,7787,5738,4379,3526,29538,1,1,1,1
22.4000,9146,1,1,101249,1,193758,0.522557,1,2,14,103,456872,27.51517,0.00188,2.38092,0.00429,0,1,3,1.556902,1.101006,1.049106,-0.022016,-0.021967,14.939504,14633,0.001470,0.074232,80630,32638,18040,11395,7981,5814,4328,3470,29461,1,1,1,1
23.0000,9146,1,1,102310,0,197034,0.519253,1,1,45,45,218269,27.93109,0.00188,2.38092,0.00429,1,0,3,1.304162,1.000000,1.199829,-0.229985,-0.229956,14.731129,9145,0.015610,0.047048,81664,33469,18437,11692,8025,5849,4507,3526,29864,1,1,1,1
23.9000,9146,1,1,104843,1,202100,0.518771,2,33,33,1330,713741,28.55489,0.00188,2.38092,0.00429,0,1,3,13.066628,11.943502,11.943502,-0.542014,-0.541733,14.419811,917,0.037569,0.004820,84292,34197,18749,11862,8158,6016,4651,3643,30531,1,1,1,1
22.3500,9158,1,1,100991,1,193646,0.521527,8,7,225,272,536016,27.47983,0.00188,2.38385,0.00356,0,1,3,2.970928,2.698027,2.698027,-0.005090,-0.004971,14.956221,15113,0.000332,0.076481,80060,33194,18253,11487,7753,5845,4349,3357,29347,1,1,1,1
22.4000,9158,1,1,101056,0,193716,0.521674,2,2,13,281,123140,27.51450,0.00188,2.38385,0.00356,1,1,3,1.408339,1.000000,1.440915,-0.022387,-0.022350,14.939110,14655,0.001496,0.074248,80236,32877,18234,11333,7855,5762,4376,3457,29585,1,1,1,1
23.0000,9158,1,1,102812,0,197131,0.521544,1,67,67,67,546829,27.93040,0.00188,2.38385,0.00356,1,1,2,1.089868,1.000000,6.384135,-0.230421,-0.230412,14.730867,9160,0.015641,0.047064,81664,33693,18417,11569,8097,5929,4419,3492,29850,1,1,1,1
23.9000,9158,1,1,105086,0,202009,0.520207,1,12,237,237,176564,28.55422,0.00188,2.38385,0.00356,1,1,2,1.391089,1.000000,6.091378,-0.542327,-0.542291,14.419157,917,0.037609,0.004813,83789,34753,18613,11630,8283,6001,4481,3611,30847,1,1,1,1
22.3500,9170,1,1,101392,0,194381,0.521617,5,13,28,28,541410,27.48010,0.00168,2.37531,0.00445,1,0,2,1.097188,1.000000,1.430274,-0.005009,-0.004999,14.956537,15128,0.000334,0.076455,80995,32973,18044,11333,7846,5840,4496,3457,29396,1,1,1,1
22.4000,9170,1,1,101428,0,193812,0.523335,1,1,7,143,127684,27.51479,0.00168,2.37531,0.00445,1,0,3,1.190738,1.000000,1.001820,-0.022332,-0.022313,14.938969,14669,0.001494,0.074223,80290,32925,17873,11496,7851,5895,4552,3452,29477,1,1,1,1
23.0000,9170,1,1,102796,0,197271,0.521093,1,4,1116,1116,415562,27.93068,0.00168,2.37531,0.00445,1,0,2,1.356020,1.000000,2.257024,-0.230325,-0.230292,14.731207,9167,0.015633,0.047038,81687,33699,18472,11551,7976,5812,4527,3443,30103,1,1,1,1
23.9000,9170,1,1,104982,0,202086,0.519494,1,22,22,98,536537,28.55451,0.00168,2.37531,0.00445,1,1,2,1.366973,1.000000,9.989211,-0.542323,-0.542289,14.419207,914,0.037609,0.004791,83744,34547,18785,11923,8085,6049,4608,3748,30596,1,1,1,1
22.3500,9182,1,1,101112,0,193822,0.521677,1,1,10,1045,1190284,27.47936,0.00305,2.37528,0.00477,1,1,3,1.368355,1.000000,1.007337,-0.004657,-0.004623,14.956815,15152,0.000309,0.076475,80571,32863,17958,11456,7812,5590,4423,3431,29717,1,1,1,1
22.4000,9182,1,1,101595,1,194905,0.521257,1,1,10,53,161588,27.51401,0.00305,2.37528,0.00477,0,0,3,1.752836,1.246692,1.246692,-0.021993,-0.021932,14.939526,14691,0.001468,0.074234,81330,32871,18110,11548,7884,5790,4425,3554,29392,1,1,1,1
23.0000,9182,1,1,102736,0,197644,0.519806,3,16,16,19,109873,27.92996,0.00305,2.37528,0.00477,1,1,2,1.108298,1.000000,1.970680,-0.229992,-0.229981,14.731319,9186,0.015612,0.047073,81807,33598,18629,11528,8069,5811,4526,3652,30023,1,1,1,1
23.9000,9182,1,1,105056,0,202324,0.519249,3,2,42,42,5728938,28.55373,0.00305,2.37528,0.00477,1,1,3,1.380687,1.000000,1.105145,-0.541844,-0.541809,14.419634,918,0.037574,0.004806,83781,34253,18904,11978,8161,6098,4674,3602,30872,1,1,1,1
22.3500,9194,1,1,101486,0,194483,0.521827,2,3,1351,1351,604477,27.48018,0.00136,2.37440,0.00422,1,1,2,1.382486,1.000000,1.590379,-0.005101,-0.005066,14.956426,15166,0.000339,0.076448,80798,33007,18078,11611,7922,5687,4311,3444,29624,1,1,1,1
22.4000,9194,1,1,101674,0,194800,0.521943,1,1,27,78,1359710,27.51486,0.00136,2.37440,0.00422,1,1,3,1.328857,1.000000,1.101731,-0.022420,-0.022389,14.939032,14706,0.001499,0.074215,81031,32761,18279,11570,7859,5686,4318,3566,29729,1,1,1,1
23.0000,9194,1,1,102721,1,197574,0.519914,1,15,15,1607,520775,27.93080,0.00136,2.37440,0.00422,0,1,3,2.474029,1.825184,1.710740,-0.230413,-0.230314,14.731185,9189,0.015634,0.047027,81585,33748,18569,11559,7918,5935,4473,3505,30281,1,1,1,1
23.9000,9194,1,1,105753,1,203162,0.520538,14,255,255,255,821796,28.55458,0.00136,2.37440,0.00422,0,1,3,5.356962,4.495115,4.407178,-0.542358,-0.542176,14.419349,917,0.037601,0.004795,84277,34901,18835,11912,8059,6066,4595,3775,30741,1,1,1,1
22.3500,9206,1,1,101400,0,194687,0.520839,1,15,43,43,429656,27.48097,0.00155,2.38148,0.00427,1,0,2,1.154747,1.000000,2.710248,-0.004703,-0.004687,14.956842,15189,0.000313,0.076462,80411,33284,18300,11369,7867,5721,4502,3440,29792,1,1,1,1
22.4000,9206,1,1,101536,0,194732,0.521417,1,4,21,261,282855,27.51560,0.00155,2.38148,0.00427,1,1,2,1.338715,1.000000,2.284388,-0.022011,-0.021979,14.939447,14729,0.001471,0.074232,80801,32982,18352,11471,7836,5795,4391,3484,29619,1,1,1,1
23.0000,9206,1,1,103048,0,197872,0.520784,4,32,83,83,211200,27.93152,0.00155,2.38148,0.00427,1,1,2,1.292318,1.000000,10.796715,-0.230055,-0.230027,14.731485,9206,0.015615,0.047052,81889,33746,18457,11639,7984,5915,4418,3598,30225,1,1,1,1
23.9000,9206,1,1,105546,0,202997,0.519941,1,6,61,61,949345,28.55533,0.00155,2.38148,0.00427,1,1,2,1.193759,1.000000,1.593757,-0.541850,-0.541831,14.419694,920,0.037576,0.004804,84214,34540,18819,11827,8398,6050,4632,3603,30913,1,1,1,1
22.3500,9218,1,1,101817,1,194822,0.522618,1,3,24,632,86185,27.47395,0.00218,2.37666,0.00451,0,0,3,1.772277,1.282095,1.282095,-0.007840,-0.007778,14.953668,15215,0.000520,0.076509,80608,33269,18060,11576,7904,5912,4408,3484,29600,1,1,1,1
22.4000,9218,1,1,101870,0,195252,0.521739,1,228,228,228,622974,27.50861,0.00218,2.37666,0.00451,1,1,2,1.046377,1.000000,10.880207,-0.025289,-0.025284,14.935927,14754,0.001693,0.074279,81071,33238,18007,11372,7967,5931,4498,3494,29673,1,1,1,1
23.0000,9218,1,1,103088,0,198032,0.520565,2,182,182,242,7351036,27.92452,0.00218,2.37666,0.00451,1,0,2,1.049847,1.000000,9.339369,-0.233233,-0.233227,14.728314,9223,0.015835,0.047088,82079,33383,18687,11565,8053,5754,4540,3573,30397,1,1,1,1
23.9000,9218,1,1,105745,1,203354,0.520007,19,6,999,999,80244,28.54833,0.00218,2.37666,0.00451,0,1,3,4.262431,3.421614,3.421614,-0.545086,-0.544929,14.416111,928,0.037800,0.004840,84409,34558,19046,11799,8238,6130,4540,3654,30979,1,1,1,1
22.3500,9230,1,1,101849,1,195071,0.522115,3,3,7,11,380924,27.47833,0.00154,2.38326,0.00410,0,1,3,1.844193,1.567190,1.567190,-0.005965,-0.005899,14.955634,15233,0.000394,0.076490,80803,33158,18329,11404,7887,5859,4489,3546,29595,1,1,1,1
22.4000,9230,1,1,101887,1,195123,0.522171,3,5,12,66,132913,27.51303,0.00154,2.38326,0.00410,0,1,3,1.446808,1.253870,1.253870,-0.023302,-0.023262,14.938268,14771,0.001557,0.074256,81051,33365,17948,11403,7756,5763,4443,3473,29920,1,1,1,1
23.0000,9230,1,1,103390,0,198796,0.520084,1,7,7,43,373279,27.92891,0.00154,2.38326,0.00410,1,1,2,1.414175,1.000000,4.018120,-0.231309,-0.231272,14.730199,9233,0.015701,0.047071,82608,33749,18444,11749,8206,5891,4480,3609,30059,1,1,1,1
23.9000,9230,1,1,105751,1,203147,0.520566,11,3,57,277,283844,28.55275,0.00154,2.38326,0.00410,0,1,3,2.355062,1.794588,1.794588,-0.543181,-0.543089,14.418420,926,0.037666,0.004823,84364,34329,19058,11843,8218,6145,4535,3578,31076,1,1,1,1
22.3500,9242,1,1,101892,0,195645,0.520803,8,5,22,22,3021402,27.47317,0.00277,2.37639,0.00426,1,0,2,1.202266,1.000000,1.215356,-0.007902,-0.007882,14.953642,15251,0.000527,0.076491,81243,33401,18181,11559,7914,5782,4439,3458,29667,1,1,1,1
22.4000,9242,1,1,101830,0,195235,0.521579,1,4,4,142,165873,27.50782,0.00277,2.37639,0.00426,1,1,2,1.412145,1.000000,2.771666,-0.025271,-0.025234,14.936232,14789,0.001689,0.074260,80806,33337,18094,11664,7794,5834,4431,3457,29817,1,1,1,1
23.0000,9242,1,1,103613,1,198957,0.520783,2,8,25,274,424724,27.92377,0.00277,2.37639,0.00426,0,1,3,1.843053,1.709617,1.709617,-0.233219,-0.233153,14.728385,9243,0.015830,0.047067,82594,33715,18509,11553,8066,5980,4479,3741,30319,1,1,1,1
23.9000,9242,1,1,105898,0,203643,0.520020,3,18,46,46,557390,28.54754,0.00277,2.37639,0.00426,1,1,2,1.347869,1.000000,7.765311,-0.545188,-0.545156,14.416275,927,0.037815,0.004823,84545,34502,18788,12172,8296,5988,4665,3629,31057,1,1,1,1
22.3500,9254,1,1,102009,1,195440,0.521948,1,10,10,53,183064,27.47024,0.00283,2.37516,0.00337,0,1,3,3.379638,2.793870,2.793870,-0.009365,-0.009234,14.952290,15271,0.000618,0.076499,81229,33128,18218,11293,8060,5797,4458,3551,29705,1,1,1,1
22.4000,9254,1,1,102235,1,195894,0.521892,1,30,111,190,372232,27.50492,0.00283,2.37516,0.00337,0,1,3,8.704564,7.953655,7.953655,-0.026762,-0.026528,14.934737,14810,0.001776,0.074277,81376,33065,18252,11522,8123,5739,4433,3471,29912,1,1,1,1
23.0000,9254,1,1,103770,0,199059,0.521305,6,5,22,46,754352,27.92086,0.00283,2.37516,0.00337,1,1,2,1.366234,1.000000,2.683498,-0.234669,-0.234635,14.726803,9256,0.015933,0.047077,82518,34094,18345,11817,7950,5788,4474,3571,30501,1,1,1,1
23.9000,9254,1,1,106229,1,204048,0.520610,1,36,36,36,45556198,28.54464,0.00283,2.37516,0.00337,0,1,3,5.662449,5.072351,5.072351,-0.546598,-0.546410,14.415124,929,0.037905,0.004827,84727,34496,18909,12101,8280,5971,4562,3681,31320,1,1,1,1
22.3500,9266,1,1,102033,1,195902,0.520840,1,12,12,52,151253,27.46785,0.00135,2.36871,0.00358,0,1,3,6.351622,5.331754,5.331754,-0.011397,-0.011198,14.950117,15290,0.000749,0.076506,81550,32974,18120,11529,8013,5838,4528,3514,29835,1,1,1,1
22.4000,9266,1,1,101900,0,196008,0.519879,2,24,36,43,4350480,27.50248,0.00135,2.36871,0.00358,1,1,2,1.234261,1.000000,6.553889,-0.028726,-0.028703,14.932681,14831,0.001922,0.074296,81291,33257,18242,11612,8074,5701,4401,3538,29891,1,1,1,1
23.0000,9266,1,1,103626,0,199145,0.520357,5,8,15,98636,227845,27.91840,0.00135,2.36871,0.00358,1,1,2,1.390522,1.000000,4.169411,-0.236661,-0.236625,14.724825,9269,0.016070,0.047089,82544,33677,18541,11853,7991,5950,4573,3575,30440,1,1,1,1
23.9000,9266,1,1,106661,1,204720,0.521012,8,6,18,23,2609641,28.54221,0.00135,2.36871,0.00358,0,1,3,4.579376,3.457006,3.457006,-0.548552,-0.548388,14.413140,928,0.038048,0.004816,85170,34897,18812,12083,8364,6020,4622,3662,31089,1,1,1,1
22.3500,9278,1,1,102299,1,196212,0.521372,24,8,24,45,118011,27.47408,0.00127,2.36821,0.00546,0,1,3,1.775727,1.256192,1.036680,-0.008214,-0.008152,14.953324,15308,0.000545,0.076481,81575,33461,18027,11516,7817,5818,4475,3525,29997,1,1,1,1
22.4000,9278,1,1,102547,1,196761,0.521178,1,12,75,294,228463,27.50875,0.00127,2.36821,0.00546,0,1,3,4.886020,4.223108,4.223108,-0.025624,-0.025453,14.936080,14844,0.001704,0.074248,81561,33444,18383,11699,8007,5752,4599,3539,29776,1,1,1,1
23.0000,9278,1,1,104334,0,199959,0.521780,2,20,146,146,1704896,27.92465,0.00127,2.36821,0.00546,1,1,2,1.390942,1.000000,9.779399,-0.233620,-0.233585,14.727866,9277,0.015860,0.047059,83169,33984,18591,11666,8217,5936,4413,3462,30520,1,1,1,1
23.9000,9278,1,1,106570,0,205123,0.519544,1,4,94,220,4986464,28.54847,0.00127,2.36821,0.00546,1,1,2,1.373260,1.000000,2.209072,-0.545449,-0.545415,14.416027,930,0.037834,0.004820,85840,34615,19169,11865,8196,6206,4469,3702,31060,1,1,1,1
22.3500,9290,1,1,102744,0,196411,0.523110,2,2,41,483,1484566,27.47852,0.00149,2.37429,0.00413,1,1,3,1.397806,1.000000,1.277473,-0.005882,-0.005846,14.955609,15326,0.000391,0.076460,81179,33543,18295,11607,8028,5933,4452,3501,29872,1,1,1,1
22.4000,9290,1,1,102287,1,196739,0.519915,31,6,31,221,209418,27.51321,0.00149,2.37429,0.00413,0,1,3,2.856636,2.429758,2.429758,-0.023265,-0.023152,14.938378,14863,0.001550,0.074236,81719,33282,18353,11566,7936,5827,4590,3508,29957,1,1,1,1
23.0000,9290,1,1,103970,0,200001,0.519850,1,4,20,77,436582,27.92910,0.00149,2.37429,0.00413,1,1,2,1.401436,1.000000,2.408617,-0.231209,-0.231173,14.730313,9290,0.015694,0.047056,83012,34093,18505,11832,8224,5827,4455,3661,30391,1,1,1,1
23.9000,9290,1,1,106767,1,205091,0.520586,9,5,9,208,276181,28.55293,0.00149,2.37429,0.00413,0,1,3,1.516913,1.158417,1.158417,-0.543085,-0.543040,14.418469,930,0.037663,0.004813,85168,34818,19027,12093,8343,6129,4705,3647,31160,1,1,1,1
22.3500,9302,1,1,102117,1,196251,0.520341,1,3,33,324,192915,27.47414,0.00298,2.36998,0.00328,0,0,3,2.086422,1.571253,1.571253,-0.007324,-0.007244,14.954179,15354,0.000484,0.076508,81225,33271,18337,11481,7955,5824,4396,3612,30149,1,1,1,1
22.4000,9302,1,1,102810,0,197218,0.521304,2,712,712,712,518505,27.50879,0.00298,2.36998,0.00328,1,1,2,1.003053,1.000000,2.182505,-0.024666,-0.024666,14.936259,14889,0.001651,0.074280,81666,33651,18324,11748,8079,5893,4600,3470,29786,1,1,1,1
23.0000,9302,1,1,104153,1,199997,0.520775,1,9,10,204,206782,27.92474,0.00298,2.36998,0.00328,0,1,3,5.085456,4.215191,4.215191,-0.232675,-0.232500,14.728839,9307,0.015785,0.047086,82800,34089,18457,11829,8053,6096,4614,3618,30440,1,1,1,1
23.9000,9302,1,1,106646,0,205001,0.520224,8,19,19,79,112996965,28.54851,0.00298,2.36998,0.00328,1,0,2,1.140327,1.000000,2.970124,-0.544543,-0.544529,14.417003,936,0.037770,0.004838,85234,34492,19184,12073,8394,6137,4582,3585,31319,1,1,1,1
22.3500,9314,1,1,102726,0,197330,0.520582,1,4,4,29,6327945,27.47764,0.00338,2.36762,0.00504,1,1,3,1.171153,1.000000,1.121298,-0.005334,-0.005317,14.956035,15372,0.000356,0.076490,81992,33471,18437,11584,8172,5902,4464,3538,29769,1,1,1,1
22.4000,9314,1,1,102997,1,197679,0.521034,6,1,36,325,2355505,27.51232,0.00338,2.36762,0.00504,0,1,3,1.202910,1.081512,1.081512,-0.022672,-0.022652,14.938653,14904,0.001516,0.074247,81974,33829,18282,11673,8104,5991,4512,3529,29784,1,1,1,1
23.0000,9314,1,1,104364,0,200303,0.521033,1,4,26,26,6527336,27.92826,0.00338,2.36762,0.00504,1,0,2,1.192384,1.000000,1.272018,-0.230650,-0.230631,14.730895,9315,0.015656,0.047059,83436,33853,18416,11801,8132,5966,4467,3539,30692,1,1,1,1
23.9000,9314,1,1,107000,0,205425,0.520874,1,30,30,111,886117,28.55204,0.00338,2.36762,0.00504,1,1,2,1.120707,1.000000,3.989736,-0.542608,-0.542596,14.418719,940,0.037631,0.004852,85268,34827,19091,12113,8312,6031,4673,3752,31357,1,1,1,1
22.3500,9326,1,1,102671,1,197302,0.520377,1,29,37,37,560732,27.48499,0.00231,2.36855,0.00449,0,1,3,20.521193,14.975019,14.975019,-0.002401,-0.002077,14.959083,15389,0.000139,0.076460,81831,33729,18196,11607,7951,5977,4449,3557,30004,1,1,1,1
22.4000,9326,1,1,102929,1,197422,0.521368,1,17,17,69,299861,27.51962,0.00231,2.36855,0.00449,0,1,3,5.310671,4.959593,4.959593,-0.019659,-0.019480,14.942064,14924,0.001304,0.074234,81516,33599,18663,11596,8169,5927,4493,3559,29899,1,1,1,1
23.0000,9326,1,1,104683,1,201240,0.520192,1,54,54,842,445816,27.93554,0.00231,2.36855,0.00449,0,1,3,2.738767,2.035469,1.847257,-0.227565,-0.227457,14.733974,9327,0.015438,0.047049,83822,33911,18806,11820,8151,6119,4659,3603,30348,1,1,1,1
23.9000,9326,1,1,107317,1,205500,0.522226,1,82,82,82,464342,28.55935,0.00231,2.36855,0.00449,0,1,3,9.814020,9.480882,9.480882,-0.539554,-0.539309,14.422235,939,0.037394,0.004839,85285,34503,19204,12189,8389,6138,4789,3774,31228,1,1,1,1
22.3500,9338,1,1,103243,1,197718,0.522176,1,1,10,159,269529,27.48106,0.00183,2.36838,0.00516,0,0,3,1.540651,1.091962,1.091962,-0.004442,-0.004396,14.957070,15405,0.000294,0.076452,82323,33455,18412,11476,8092,5897,4447,3606,30009,1,1,1,1
22.4000,9338,1,1,103221,1,197801,0.521845,1,6,9,112,14120839,27.51573,0.00183,2.36838,0.00516,0,1,3,1.727722,1.236780,1.182433,-0.021777,-0.021718,14.939771,14938,0.001454,0.074220,82187,33454,18353,11706,8170,5785,4457,3579,30109,1,1,1,1
23.0000,9338,1,1,105011,1,201538,0.521051,1,2,66,66,254851,27.93163,0.00183,2.36838,0.00516,0,1,3,1.973714,1.463187,1.463187,-0.229743,-0.229670,14.731700,9335,0.015590,0.047036,83671,34229,18748,11968,8283,5978,4597,3592,30471,1,1,1,1
23.9000,9338,1,1,107365,1,206125,0.520876,1,2,20,138,657601,28.55545,0.00183,2.36838,0.00516,0,1,3,1.682104,1.444492,1.444492,-0.541649,-0.541593,14.419940,931,0.037559,0.004792,85541,35029,19279,12225,8339,6086,4696,3757,31172,1,1,1,1
22.3500,9350,1,1,103038,0,197780,0.520975,6,105,105,114,9191059,27.48145,0.00165,2.36640,0.00592,1,1,2,1.189180,1.000000,21.821938,-0.004485,-0.004467,14.956897,15429,0.000299,0.076473,81955,33622,18308,11824,8101,5881,4414,3628,30046,1,1,1,1
22.4000,9350,1,1,103450,0,197977,0.522538,1,6,16,80,535166,27.51615,0.00165,2.36640,0.00592,1,0,2,1.275170,1.000000,2.158220,-0.021709,-0.021683,14.939833,14961,0.001451,0.074238,81851,33726,18647,11585,8074,6054,4480,3570,29989,1,1,1,1
23.0000,9350,1,1,104322,0,200528,0.520239,1,1,4,58,174875,27.93204,0.00165,2.36640,0.00592,1,1,3,1.362649,1.000000,1.116660,-0.229617,-0.229584,14.731855,9351,0.015584,0.047056,82974,33971,18666,11628,8319,6028,4511,3674,30756,1,1,1,1
23.9000,9350,1,1,107794,0,206597,0.521762,3,7,13,40,1183509,28.55587,0.00165,2.36640,0.00592,1,1,2,1.371922,1.000000,3.404783,-0.541593,-0.541560,14.419883,936,0.037556,0.004812,85797,35058,19212,12251,8463,6269,4671,3715,31160,1,1,1,1
22.3500,9362,1,1,102931,1,197865,0.520211,4,7,7,213,1926046,27.48362,0.00148,2.36536,0.00488,0,1,3,2.754309,2.283906,2.283906,-0.003349,-0.003241,14.958284,15445,0.000217,0.076447,81949,33497,18572,11720,7975,5974,4458,3487,30232,1,1,1,1
22.4000,9362,1,1,103612,0,198336,0.522409,2,2,8,852,249974,27.51827,0.00148,2.36536,0.00488,1,1,3,1.392842,1.000000,1.402839,-0.020645,-0.020610,14.940881,14977,0.001379,0.074217,82461,33708,18331,11782,8006,5693,4468,3570,30316,1,1,1,1
23.0000,9362,1,1,105721,1,201802,0.523887,10,4,12,17,10577664,27.93422,0.00148,2.36536,0.00488,0,1,3,3.196831,2.383905,2.383905,-0.228651,-0.228527,14.732616,9359,0.015512,0.047033,83769,34205,18793,11811,8355,6167,4563,3614,30524,1,1,1,1
23.9000,9362,1,1,107545,1,206395,0.521067,1,2,6,13,731068,28.55799,0.00148,2.36536,0.00488,0,1,3,1.485146,1.072438,1.072438,-0.540493,-0.540451,14.421043,934,0.037477,0.004795,85523,35022,19289,12195,8357,6161,4657,3666,31524,1,1,1,1
22.3500,9374,1,1,103337,1,198469,0.520673,5,5,9,243,127213870,27.48177,0.00292,2.35820,0.00393,0,1,3,2.842793,2.349225,2.349225,-0.003546,-0.003434,14.958091,15465,0.000230,0.076449,82101,34130,18401,11691,8035,5847,4581,3441,30241,1,1,1,1
22.4000,9374,1,1,103431,1,198566,0.520892,2,4,22,31,202182,27.51644,0.00292,2.35820,0.00393,0,1,3,3.022527,2.354340,2.354340,-0.020886,-0.020768,14.940747,14996,0.001390,0.074217,82149,33758,18487,11760,8093,6014,4627,3564,30113,1,1,1,1
23.0000,9374,1,1,105716,0,202970,0.520848,4,21,21,64,124722,27.93238,0.00292,2.35820,0.00393,1,1,2,1.048923,1.000000,1.179872,-0.228812,-0.228807,14.732416,9371,0.015531,0.047034,84490,34539,18870,11979,8412,5956,4604,3674,30445,1,1,1,1
23.9000,9374,1,1,107463,1,206350,0.520783,1,2,23,47,17657518,28.55617,0.00292,2.35820,0.00393,0,0,3,1.541495,1.159284,1.159284,-0.540709,-0.540663,14.420763,935,0.037492,0.004794,85256,35172,19282,12167,8346,6115,4640,3809,31562,1,1,1,1
22.3500,9386,1,1,103513,1,198866,0.520519,1,52,52,52,2406022,27.48013,0.00349,2.35866,0.00369,0,1,3,26.330471,22.738334,22.738334,-0.004257,-0.003909,14.957636,15480,0.000261,0.076428,82619,33828,18464,11534,8273,6027,4460,3500,30160,1,1,1,1
22.4000,9386,1,1,103360,0,198806,0.519906,2,116,116,116,347729,27.51477,0.00349,2.35866,0.00369,1,0,2,1.018858,1.000000,2.257867,-0.021451,-0.021449,14.940097,15011,0.001436,0.074200,82269,33793,18539,11594,8227,5954,4509,3570,30350,1,1,1,1
23.0000,9386,1,1,105444,0,202280,0.521280,7,8,16,16,8473666,27.93068,0.00349,2.35866,0.00369,1,1,2,1.413650,1.000000,4.190146,-0.229444,-0.229407,14.732070,9379,0.015572,0.047015,83936,34631,18719,11877,8195,6094,4483,3693,30651,1,1,1,1
23.9000,9386,1,1,108159,1,207489,0.521278,1,14,27,47,244119,28.55449,0.00349,2.35866,0.00369,0,1,3,10.751798,7.774544,7.774544,-0.541378,-0.541125,14.420416,932,0.037525,0.004773,86220,35628,19142,12025,8365,6120,4782,3789,31417,1,1,1,1
22.3500,9398,1,1,103958,0,199220,0.521828,5,3,98,498,1728426,27.47803,0.00173,2.36439,0.00385,1,1,2,1.380534,1.000000,1.628451,-0.006028,-0.005994,14.955502,15510,0.000401,0.076489,82948,33681,18527,11582,8228,5869,4530,3590,30264,1,1,1,1
22.4000,9398,1,1,104055,1,199765,0.520890,1,6,8,50,627289,27.51270,0.00173,2.36439,0.00385,0,1,3,1.716393,1.221132,1.116462,-0.023337,-0.023280,14.938206,15041,0.001558,0.074262,83053,33975,18699,11842,8207,5988,4542,3578,29880,1,1,1,1
23.0000,9398,1,1,105288,0,202130,0.520895,33,4,33,60,4165128,27.92860,0.00173,2.36439,0.00385,1,0,3,1.204980,1.000000,1.145236,-0.231292,-0.231273,14.730253,9401,0.015701,0.047071,83324,34613,18935,11981,8323,6029,4631,3631,30662,1,1,1,1
23.9000,9398,1,1,107863,1,207388,0.520105,3,637,764,764,499689,28.55242,0.00173,2.36439,0.00385,0,1,3,254.797339,233.508286,233.508286,-0.543485,-0.542896,14.417917,944,0.037654,0.004829,86006,35356,19214,12126,8475,6259,4629,3707,31615,1,1,1,1
22.3500,9410,1,1,103744,0,198983,0.521374,1,4,218,323,155543,27.47940,0.00163,2.36231,0.00357,1,1,3,1.191603,1.000000,1.138222,-0.005362,-0.005343,14.956184,15528,0.000357,0.076477,82527,33664,18452,11751,8086,6004,4542,3612,30344,1,1,1,1
22.4000,9410,1,1,103896,0,199392,0.521067,140,3,140,140,1638381,27.51409,0.00163,2.36231,0.00357,1,1,3,1.227375,1.000000,1.046744,-0.022704,-0.022682,14.938703,15057,0.001518,0.074244,82371,34033,18617,11862,8067,6010,4619,3542,30270,1,1,1,1
23.0000,9410,1,1,105582,0,202521,0.521341,7,3,218,218,282372,27.92998,0.00163,2.36231,0.00357,1,1,3,1.347879,1.000000,1.406528,-0.230666,-0.230635,14.730869,9411,0.015657,0.047059,84112,34068,18946,11986,8311,6104,4574,3580,30839,1,1,1,1
23.9000,9410,1,1,108320,0,207646,0.521660,26,15,176,176,430286,28.55381,0.00163,2.36231,0.00357,1,1,2,1.163110,1.000000,2.701846,-0.542620,-0.542603,14.418746,942,0.037632,0.004812,86211,35144,19500,12164,8390,6224,4677,3674,31661,1,1,1,1
22.3500,9422,1,1,103835,1,199864,0.519531,3,2,17,20,980075,27.48968,0.00125,2.37825,0.00393,0,1,3,1.759899,1.285770,1.285770,-0.000406,-0.000346,14.961190,15546,0.000023,0.076443,83264,33850,18655,11723,8261,5954,4435,3651,30070,1,1,1,1
22.4000,9422,1,1,103838,0,199634,0.520144,1,4,32,754,1585725,27.52433,0.00125,2.37825,0.00393,1,1,2,1.323619,1.000000,1.850460,-0.017749,-0.017720,14.943705,15075,0.001186,0.074213,82711,33918,18650,11824,7930,6148,4668,3542,30242,1,1,1,1
23.0000,9422,1,1,105342,0,202648,0.519830,1,4,5,60,2937803,27.94027,0.00125,2.37825,0.00393,1,0,2,1.300730,1.000000,1.681862,-0.225718,-0.225691,14.735822,9421,0.015316,0.047033,84201,34399,18701,11797,8297,6119,4647,3559,30927,1,1,1,1
23.9000,9422,1,1,107810,0,207175,0.520384,3,11,11,49,123576,28.56405,0.00125,2.37825,0.00393,1,1,2,1.134693,1.000000,1.662331,-0.537605,-0.537591,14.423739,942,0.037271,0.004805,85831,34994,19310,12290,8229,6170,4732,3617,32001,1,1,1,1
22.3500,9434,1,1,104097,1,199269,0.522397,1,4,20,167,245854,27.48742,0.00125,2.37518,0.00482,0,1,3,1.897519,1.341896,1.161624,-0.001511,-0.001443,14.960031,15568,0.000096,0.076459,82783,33630,18546,11801,8116,5957,4490,3550,30395,1,1,1,1
22.4000,9434,1,1,104144,0,199908,0.520962,13,3,48,79,3082916,27.52210,0.00125,2.37518,0.00482,1,0,3,1.221053,1.000000,1.011846,-0.018844,-0.018822,14.942701,15094,0.001260,0.074217,82922,33923,18708,11844,8141,5875,4432,3649,30413,1,1,1,1
23.0000,9434,1,1,105642,0,202818,0.520873,1,3,36,472,355571,27.93804,0.00125,2.37518,0.00482,1,1,2,1.236917,1.000000,1.333985,-0.226823,-0.226800,14.734589,9433,0.015392,0.047037,83976,34615,18854,12064,8312,5949,4534,3529,30984,1,1,1,1
23.9000,9434,1,1,108203,1,207632,0.521131,3,8,14,301,227748,28.56182,0.00125,2.37518,0.00482,0,1,3,5.573064,4.286438,4.286438,-0.538781,-0.538599,14.422942,943,0.037343,0.004804,86011,35126,19252,12383,8425,6097,4782,3696,31859,1,1,1,1
22.3500,9446,1,1,104473,1,200049,0.522240,1,134,134,134,1723343,27.48571,0.00252,2.37716,0.00398,0,1,3,37.584195,35.788806,35.788806,-0.001977,-0.001593,14.959954,15585,0.000106,0.076446,83062,33955,18811,11815,8034,6008,4513,3612,30238,1,1,1,1
22.4000,9446,1,1,104170,0,199709,0.521612,1,141,141,615,623154,27.52034,0.00252,2.37716,0.00398,1,0,2,1.026566,1.000000,3.853362,-0.019176,-0.019173,14.942372,15113,0.001283,0.074218,82856,33706,19003,11562,8017,5917,4590,3626,30431,1,1,1,1
23.0000,9446,1,1,106438,0,203683,0.522569,1,11,21,60,36011650,27.93626,0.00252,2.37716,0.00398,1,1,2,1.327180,1.000000,4.541715,-0.227144,-0.227114,14.734313,9445,0.015414,0.047038,84722,34600,18839,12063,8258,6106,4617,3557,30920,1,1,1,1
23.9000,9446,1,1,108659,1,208459,0.521251,8,7,15,106,239500,28.56006,0.00252,2.37716,0.00398,0,0,3,1.794199,1.680358,1.680358,-0.538992,-0.538930,14.422330,944,0.037368,0.004803,86841,34998,19574,12265,8355,6233,4722,3659,31811,1,1,1,1
22.3500,9458,1,1,104008,0,199886,0.520339,1,35,35,35,280775,27.49037,0.00132,2.38124,0.00380,1,0,2,1.084226,1.000000,3.167575,-0.000102,-0.000094,14.961446,15603,0.000006,0.076429,83055,33563,18653,11847,8273,6049,4536,3507,30402,1,1,1,1
22.4000,9458,1,1,104806,0,200458,0.522835,2,18,25,90,1610558,27.52503,0.00132,2.38124,0.00380,1,1,2,1.392986,1.000000,8.953924,-0.017490,-0.017455,14.944000,15132,0.001168,0.074209,83030,34217,18698,11815,8163,5981,4614,3562,30377,1,1,1,1
23.0000,9458,1,1,105954,0,203247,0.521309,17,47,47,131,387685,27.94093,0.00132,2.38124,0.00380,1,1,2,1.274614,1.000000,14.756289,-0.225468,-0.225442,14.736075,9456,0.015299,0.047027,83919,34477,19282,11966,8179,6077,4638,3657,31051,1,1,1,1
23.9000,9458,1,1,108460,0,208231,0.520866,1,3,18,42,1200205,28.56475,0.00132,2.38124,0.00380,1,1,2,1.345777,1.000000,1.899063,-0.537268,-0.537237,14.424198,943,0.037246,0.004791,85992,35327,19556,12283,8538,6254,4853,3785,31642,1,1,1,1
22.3500,9470,1,1,104436,0,200381,0.521190,1,2,3,54,1202162,27.48752,0.00286,2.38138,0.00606,1,1,2,1.381340,1.000000,1.621537,-0.000703,-0.000669,14.960780,15621,0.000045,0.076424,83660,33657,18477,11812,8186,5943,4558,3537,30550,1,1,1,1
22.4000,9470,1,1,104835,1,200517,0.522826,1,4,710,710,346691,27.52222,0.00286,2.38138,0.00606,0,1,3,1.504699,1.090115,1.090115,-0.018027,-0.017983,14.943513,15147,0.001203,0.074191,83365,34038,18636,11716,8234,5900,4497,3597,30533,1,1,1,1
23.0000,9470,1,1,106526,0,204158,0.521785,2,2,18,32,1732856,27.93811,0.00286,2.38138,0.00606,1,1,3,1.414135,1.000000,1.411739,-0.225988,-0.225952,14.735523,9467,0.015334,0.047024,84755,34724,19150,11859,8278,6168,4652,3553,31018,1,1,1,1
23.9000,9470,1,1,108448,0,208091,0.521159,1,94,94,94,158734,28.56194,0.00286,2.38138,0.00606,1,0,2,1.090538,1.000000,9.014077,-0.538002,-0.537993,14.423546,944,0.037300,0.004790,85985,35375,19441,12110,8613,6235,4695,3758,31878,1,1,1,1
22.3500,9482,1,1,104318,0,200367,0.520637,2,24,99,259,489385,27.48871,0.00205,2.37412,0.00433,1,1,2,1.064762,1.000000,1.737456,-0.000503,-0.000496,14.960761,15643,0.000033,0.076435,83204,34108,18530,11784,8079,5903,4479,3668,30611,1,1,1,1
22.4000,9482,1,1,105079,1,201287,0.522038,22,3,22,93,394239,27.52336,0.00205,2.37412,0.00433,0,1,3,2.559412,1.894976,1.894976,-0.017834,-0.017735,14.943786,15169,0.001187,0.074203,83413,34330,18732,11955,8264,5994,4632,3502,30464,1,1,1,1
23.0000,9482,1,1,106735,1,204828,0.521098,2,147,168,168,242151,27.93930,0.00205,2.37412,0.00433,0,1,3,34.081428,32.931652,32.931652,-0.225958,-0.225586,14.735477,9479,0.015309,0.047024,85317,34867,18915,11987,8393,6145,4690,3617,30896,1,1,1,1
23.9000,9482,1,1,109041,1,209211,0.521204,1,2,46,57,7915394,28.56308,0.00205,2.37412,0.00433,0,1,3,1.935218,1.479068,1.479068,-0.537681,-0.537612,14.423901,946,0.037272,0.004794,86936,35557,19569,12193,8375,6245,4746,3804,31785,1,1,1,1
22.3500,9494,1,1,104869,1,200860,0.522103,6,1,10,68,123316,27.49722,0.00238,2.38278,0.00568,0,1,3,1.440258,1.019164,1.019164,0.003957,0.003995,14.965475,15667,-0.000267,0.076431,83027,34537,18907,11657,8087,5925,4575,3651,30493,1,1,1,1
22.4000,9494,1,1,104901,1,200786,0.522454,2,459,459,459,166607,27.53190,0.00238,2.38278,0.00568,0,1,3,59.151648,58.342835,58.342835,-0.013596,-0.013166,14.947849,15192,0.000881,0.074201,83145,34116,18835,11787,8054,5971,4553,3677,30647,1,1,1,1
23.0000,9494,1,1,106734,0,204685,0.521457,1,115,115,115,1467331,27.94783,0.00238,2.38278,0.00568,1,1,2,1.030506,1.000000,3.610436,-0.221415,-0.221412,14.740134,9495,0.015021,0.047029,84798,34733,19204,12068,8411,6202,4576,3694,30998,1,1,1,1
23.9000,9494,1,1,109386,0,210087,0.520672,1,7,120,120,5349714,28.57162,0.00238,2.38278,0.00568,1,1,3,1.058550,1.000000,1.029146,-0.533243,-0.533237,14.428309,954,0.036958,0.004827,87369,35816,19536,12449,8442,6217,4820,3748,31689,1,1,1,1
22.3500,9506,1,1,104829,1,201092,0.521301,1,27,29,136,728919,27.49357,0.00176,2.37497,0.00406,0,1,3,2.997931,2.474454,2.474454,0.001718,0.001833,14.963359,15683,-0.000123,0.076424,83428,34053,18783,11890,8266,5917,4554,3591,30609,1,1,1,1
22.4000,9506,1,1,105167,1,201814,0.521111,1,1,15,21,280916,27.52820,0.00176,2.37497,0.00406,0,0,3,1.453043,1.037210,1.037210,-0.015550,-0.015511,14.945979,15207,0.001038,0.074190,83874,34502,18685,11876,8046,6042,4565,3645,30578,1,1,1,1
23.0000,9506,1,1,106987,1,205055,0.521750,1,3,91,91,95789,27.94412,0.00176,2.37497,0.00406,0,1,3,2.809852,2.183049,2.183049,-0.223552,-0.223444,14.737941,9503,0.015161,0.047017,85306,34851,19072,12071,8257,6065,4605,3667,31160,1,1,1,1
23.9000,9506,1,1,108942,0,209568,0.519843,1,4,9,35,9173830,28.56792,0.00176,2.37497,0.00406,1,1,2,1.405759,1.000000,2.541662,-0.535462,-0.535426,14.426038,948,0.037115,0.004792,86953,35500,19617,12390,8513,6134,4700,3757,32003,1,1,1,1
22.3500,9518,1,1,104950,0,201169,0.521703,1,4,10,14,364216,27.49808,0.00193,2.37753,0.00493,1,1,3,1.201696,1.000000,1.177056,0.004117,0.004137,14.965511,15704,-0.000276,0.076418,83412,34084,18643,11836,8271,5964,4665,3504,30789,1,1,1,1
22.4000,9518,1,1,105156,0,201940,0.520732,3,2,6,40,1096972,27.53275,0.00193,2.37753,0.00493,1,1,3,1.303288,1.000000,1.173037,-0.013212,-0.013185,14.948234,15228,0.000882,0.074188,84117,34295,18745,11672,8166,5970,4463,3792,30719,1,1,1,1
23.0000,9518,1,1,106646,0,205369,0.519292,1,11,11,56,3876972,27.94865,0.00193,2.37753,0.00493,1,1,2,1.224779,1.000000,3.114940,-0.221219,-0.221197,14.740188,9517,0.015006,0.047019,85571,34598,19034,12145,8364,6169,4700,3534,31253,1,1,1,1
23.9000,9518,1,1,109531,1,210203,0.521075,1,8,8,192,233214,28.57247,0.00193,2.37753,0.00493,0,1,3,3.994199,3.299734,3.299734,-0.533130,-0.532985,14.428393,951,0.036940,0.004800,87041,35671,19731,12410,8681,6171,4752,3852,31893,1,1,1,1
22.3500,9530,1,1,104995,1,201630,0.520734,2,22,22,22,563696,27.50246,0.00138,2.37816,0.00550,0,1,3,2.750798,2.054541,1.927777,0.006020,0.006126,14.967633,15721,-0.000409,0.076394,83501,33918,19046,11936,8315,6086,4571,3604,30652,1,1,1,1
22.4000,9530,1,1,105202,0,202114,0.520511,11,5,11,24,216163,27.53715,0.00138,2.37816,0.00550,1,1,2,1.276650,1.000000,1.824681,-0.011324,-0.011299,14.950110,15243,0.000756,0.074158,83716,34183,18981,12006,8278,5994,4607,3650,30698,1,1,1,1
23.0000,9530,1,1,107080,0,205411,0.521299,3,106,106,113,1730135,27.95304,0.00138,2.37816,0.00550,1,1,2,1.189801,1.000000,22.166949,-0.219400,-0.219381,14.741987,9525,0.014881,0.046994,85214,34862,19190,12150,8249,6256,4661,3685,31143,1,1,1,1
23.9000,9530,1,1,109615,1,210620,0.520442,3,3,4,339,1662373,28.57687,0.00138,2.37816,0.00550,0,1,3,2.040079,1.642239,1.642239,-0.531179,-0.531104,14.430226,950,0.036805,0.004788,87762,35485,19714,12137,8705,6206,4774,3818,32018,1,1,1,1
22.3500,9542,1,1,105470,0,201881,0.522439,1,29,29,517,672167,27.50331,0.00138,2.36693,0.00559,1,1,2,1.403578,1.000000,14.861981,0.006354,0.006389,14.967878,15742,-0.000427,0.076399,83647,34401,18695,11872,8136,6075,4654,3667,30733,1,1,1,1
22.4000,9542,1,1,105525,1,202718,0.520553,4,22,376,376,189666,27.53796,0.00138,2.36693,0.00559,0,1,3,16.393196,11.627058,11.627058,-0.010958,-0.010665,14.950409,15266,0.000713,0.074175,84266,34557,18883,11839,8224,6062,4705,3570,30611,1,1,1,1
23.0000,9542,1,1,107320,0,205995,0.520986,2,2,21,105,645934,27.95391,0.00138,2.36693,0.00559,1,1,3,1.403468,1.000000,1.175332,-0.218811,-0.218776,14.742687,9539,0.014840,0.047002,85732,35083,19035,12011,8398,6180,4616,3706,31233,1,1,1,1
23.9000,9542,1,1,109895,1,211279,0.520144,6,10,45,45,116191,28.57769,0.00138,2.36693,0.00559,0,1,3,5.179475,4.406240,4.406240,-0.530768,-0.530596,14.430945,952,0.036768,0.004792,87940,35947,19538,12461,8743,6256,4661,3641,32091,1,1,1,1
22.3500,9554,1,1,105673,1,202442,0.521994,1,4,19,23,2361643,27.50352,0.00152,2.36542,0.00390,0,1,3,1.484552,1.437433,1.437433,0.006666,0.006707,14.968253,15760,-0.000448,0.076388,83988,34431,18916,12040,8187,5942,4550,3646,30741,1,1,1,1
22.4000,9554,1,1,105450,0,202470,0.520820,1,23,1248,1248,917631,27.53820,0.00152,2.36542,0.00390,1,1,2,1.125434,1.000000,3.322855,-0.010719,-0.010707,14.950620,15280,0.000716,0.074149,83966,34411,18836,11728,8234,6114,4686,3580,30914,1,1,1,1
23.0000,9554,1,1,107444,0,206318,0.520771,33,3,33,144,333678,27.95413,0.00152,2.36542,0.00390,1,1,3,1.292099,1.000000,1.262434,-0.218634,-0.218607,14.742808,9547,0.014828,0.046982,85777,35078,18815,12339,8483,6153,4599,3668,31405,1,1,1,1
23.9000,9554,1,1,109384,0,210736,0.519059,20,39,46,46,491666,28.57792,0.00152,2.36542,0.00390,1,1,2,1.369282,1.000000,17.404649,-0.530667,-0.530634,14.430867,949,0.036771,0.004771,87446,35672,19536,12530,8580,6252,4701,3789,32229,1,1,1,1
22.3500,9566,1,1,105148,0,202264,0.519858,2,17,28,69,128923,27.50630,0.00169,2.36386,0.00426,1,1,2,1.068293,1.000000,1.320189,0.008087,0.008093,14.969359,15789,-0.000541,0.076427,83646,34351,18798,11975,8361,5921,4731,3600,30880,1,1,1,1
22.4000,9566,1,1,106030,0,203550,0.520907,1,25,25,78,101309,27.54094,0.00169,2.36386,0.00426,1,1,2,1.376680,1.000000,11.793688,-0.009347,-0.009313,14.952136,15311,0.000623,0.074199,84774,34674,18988,12045,8248,6032,4464,3648,30676,1,1,1,1
23.0000,9566,1,1,107638,0,206332,0.521676,1,66,66,252,158147,27.95685,0.00169,2.36386,0.00426,1,1,2,1.229025,1.000000,17.287234,-0.217326,-0.217304,14.744220,9571,0.014738,0.047036,85406,35119,19252,11989,8384,6238,4724,3727,31492,1,1,1,1
23.9000,9566,1,1,109879,1,211390,0.519795,1,11,11,171,1064435,28.58066,0.00169,2.36386,0.00426,0,1,3,1.701500,1.235132,1.188043,-0.529083,-0.529028,14.432471,963,0.036655,0.004835,87839,35957,19562,12510,8583,6221,4767,3851,32099,1,1,1,1
22.3500,9578,1,1,105565,1,202889,0.520312,7,5,25,29,84127,27.50354,0.00116,2.36670,0.00392,0,1,3,1.366220,1.006648,1.006648,0.006469,0.006502,14.968006,15805,-0.000434,0.076415,84102,34473,19010,11925,8295,6012,4607,3737,30727,1,1,1,1
22.4000,9578,1,1,106082,0,203071,0.522391,1,17,103,103,299275,27.53820,0.00116,2.36670,0.00392,1,1,2,1.059264,1.000000,1.078153,-0.010870,-0.010864,14.950388,15326,0.000727,0.074187,84199,34945,18753,12032,7980,5929,4685,3624,30923,1,1,1,1
23.0000,9578,1,1,107349,1,206552,0.519722,2,2,21,162,272042,27.95410,0.00116,2.36670,0.00392,0,1,3,1.715166,1.239266,1.239266,-0.218828,-0.218771,14.742726,9585,0.014839,0.047051,85704,35275,19270,11940,8342,6130,4727,3779,31384,1,1,1,1
23.9000,9578,1,1,109708,0,211642,0.518368,1,5,5,110,188642,28.57792,0.00116,2.36670,0.00392,1,1,2,1.399782,1.000000,3.179075,-0.530786,-0.530751,14.430710,959,0.036779,0.004809,87941,36004,19607,12477,8557,6288,4653,3911,32203,1,1,1,1
22.3500,9590,1,1,105995,1,202996,0.522156,1,1,29,70,241220,27.49956,0.00094,2.35855,0.00449,0,0,3,1.604315,1.136427,1.136427,0.004376,0.004426,14.965897,15829,-0.000296,0.076446,84217,34539,18588,12042,8293,6111,4568,3606,31031,1,1,1,1
22.4000,9590,1,1,106032,0,203300,0.521557,1,1,145,877,843913,27.53425,0.00094,2.35855,0.00449,1,1,3,1.369723,1.000000,1.084423,-0.012967,-0.012935,14.948512,15354,0.000865,0.074239,84235,34740,18891,11877,8260,5999,4657,3540,31100,1,1,1,1
23.0000,9590,1,1,107882,0,207494,0.519931,2,7,390,390,86824,27.95014,0.00094,2.35855,0.00449,1,1,2,1.371370,1.000000,3.303542,-0.220970,-0.220937,14.740564,9599,0.014988,0.047067,86088,35573,19346,12221,8405,6177,4713,3779,31191,1,1,1,1
23.9000,9590,1,1,110892,0,212211,0.522558,1,1,13,62,4318980,28.57397,0.00094,2.35855,0.00449,1,0,3,1.413126,1.000000,1.331035,-0.532837,-0.532801,14.428681,964,0.036927,0.004829,87782,36238,20002,12620,8631,6414,4802,3755,31966,1,1,1,1
22.3500,9602,1,1,106448,0,203748,0.522452,3,13,13,29,221574,27.49803,0.00116,2.36603,0.00448,1,1,2,1.244227,1.000000,3.827829,0.003673,0.003695,14.965092,15849,-0.000247,0.076452,84812,34569,19074,12021,8307,6026,4563,3577,30798,1,1,1,1
22.4000,9602,1,1,106086,0,203188,0.522110,1,2,13,13,227744,27.53268,0.00116,2.36603,0.00448,1,1,2,1.350108,1.000000,1.400625,-0.013599,-0.013568,14.947871,15369,0.000908,0.074222,84658,34254,18805,12075,8151,5970,4535,3672,31067,1,1,1,1
23.0000,9602,1,1,107924,0,207002,0.521369,1,22,22,190,290696,27.94863,0.00116,2.36603,0.00448,1,1,2,1.368416,1.000000,9.974861,-0.221676,-0.221643,14.739803,9608,0.015037,0.047055,85813,35295,19223,12206,8389,6270,4779,3705,31321,1,1,1,1
23.9000,9602,1,1,110450,0,212006,0.520978,14,3,14,76,297037,28.57240,0.00116,2.36603,0.00448,1,1,2,1.397760,1.000000,1.827905,-0.533474,-0.533439,14.428053,966,0.036972,0.004833,87978,36005,19556,12508,8754,6419,4784,3742,32259,1,1,1,1
22.3500,9614,1,1,106421,1,203691,0.522466,1,1,10,14,1381476,27.49604,0.00241,2.36871,0.00389,0,1,3,1.298896,1.072399,1.072399,0.003387,0.003414,14.964941,15867,-0.000228,0.076444,84927,34235,18899,11968,8278,6108,4671,3648,30956,1,1,1,1
22.4000,9614,1,1,105919,1,203527,0.520420,2,49,49,49,194484,27.53072,0.00241,2.36871,0.00389,0,1,3,2.760729,2.223124,2.206994,-0.013992,-0.013886,14.947637,15387,0.000929,0.074217,84383,34368,18956,11890,8342,6202,4669,3635,31081,1,1,1,1
23.0000,9614,1,1,108004,0,207483,0.520546,2,14,20,42,4175552,27.94665,0.00241,2.36871,0.00389,1,0,2,1.071081,1.000000,1.149942,-0.221922,-0.221915,14.739628,9617,0.015056,0.047041,86214,35278,19129,12225,8449,6239,4728,3740,31480,1,1,1,1
23.9000,9614,1,1,111008,0,212684,0.521941,1,20,36,36,312981,28.57044,0.00241,2.36871,0.00389,1,1,2,1.158418,1.000000,3.631302,-0.533879,-0.533864,14.427489,965,0.037003,0.004822,88258,36211,19960,12529,8662,6213,4762,3876,32212,1,1,1,1
22.3500,9626,1,1,105857,1,203601,0.519926,8,2,83,100,438828,27.50195,0.00115,2.36906,0.00482,0,1,3,1.102590,1.041998,1.041998,0.005663,0.005673,14.967222,15887,-0.000379,0.076433,84479,34699,19026,11854,8336,6101,4639,3610,30856,1,1,1,1
22.4000,9626,1,1,106355,1,203981,0.521399,1,51,129,129,235491,27.53659,0.00115,2.36906,0.00482,0,1,3,3.440510,2.768951,2.714754,-0.011709,-0.011581,14.949816,15404,0.000775,0.074195,84702,34589,19140,12008,8179,6014,4659,3649,31040,1,1,1,1
23.0000,9626,1,1,108204,0,208050,0.520089,4,23,52,52,430074,27.95251,0.00115,2.36906,0.00482,1,1,2,1.172657,1.000000,4.483010,-0.219694,-0.219678,14.741684,9631,0.014902,0.047044,86931,34829,19530,12295,8529,6085,4713,3565,31572,1,1,1,1
23.9000,9626,1,1,110550,0,212244,0.520865,3,3,9,89,412106,28.57631,0.00115,2.36906,0.00482,1,1,2,1.355160,1.000000,1.666809,-0.531544,-0.531513,14.429929,965,0.036834,0.004816,87766,36172,19951,12355,8654,6396,4818,3797,32334,1,1,1,1
22.3500,9638,1,1,105974,0,203607,0.520486,1,4,12,28,430935,27.50377,0.00115,2.36696,0.00395,1,0,2,1.299593,1.000000,1.764250,0.006553,0.006580,14.968096,15904,-0.000440,0.076415,84308,34717,19031,11920,8304,5987,4567,3719,31053,1,1,1,1
22.4000,9638,1,1,106528,0,204061,0.522043,1,3,7,31,335074,27.53844,0.00115,2.36696,0.00395,1,1,3,1.251304,1.000000,1.136805,-0.010756,-0.010733,14.950668,15422,0.000718,0.074185,84665,34412,19104,11853,8291,6147,4731,3687,31170,1,1,1,1
23.0000,9638,1,1,108256,0,208037,0.520371,2,3,27,1638,168176,27.95434,0.00115,2.36696,0.00395,1,1,2,1.414095,1.000000,1.780912,-0.218729,-0.218693,14.742784,9639,0.014834,0.047021,86484,35322,19455,12269,8549,6027,4909,3640,31381,1,1,1,1
23.9000,9638,1,1,110492,0,212736,0.519388,2,5,6,141,260797,28.57816,0.00115,2.36696,0.00395,1,1,3,1.176287,1.000000,1.086786,-0.530614,-0.530597,14.430767,967,0.036768,0.004819,88312,36077,19764,12477,8736,6310,4762,3796,32501,1,1,1,1
22.3500,9650,1,1,106600,0,204515,0.521236,2,1,5,39,354784,27.50370,0.00236,2.36950,0.00377,1,0,3,1.404322,1.000000,1.056709,0.007163,0.007199,14.968689,15926,-0.000481,0.076422,85009,34457,19062,12203,8466,6113,4732,3647,30825,1,1,1,1
22.4000,9650,1,1,107100,0,205088,0.522217,1,4,63,125,122150,27.53839,0.00236,2.36950,0.00377,1,1,2,1.400404,1.000000,2.338270,-0.010228,-0.010193,14.951299,15444,0.000682,0.074196,85114,34941,19030,12231,8477,5956,4650,3524,31164,1,1,1,1
23.0000,9650,1,1,108669,1,208238,0.521853,1,41,41,53,515340,27.95428,0.00236,2.36950,0.00377,0,1,3,21.683664,18.478044,18.478044,-0.218279,-0.217960,14.743587,9654,0.014783,0.047033,86601,35320,19420,12321,8335,6166,4638,3769,31667,1,1,1,1
23.9000,9650,1,1,111077,1,213726,0.519719,1,9,30,52,1176621,28.57811,0.00236,2.36950,0.00377,0,1,3,5.786208,4.685866,4.685866,-0.530124,-0.529942,14.431600,970,0.036721,0.004828,88939,36359,20128,12598,8607,6241,4771,3734,32348,1,1,1,1
22.3500,9662,1,1,106534,0,204622,0.520641,2,8,9,30,1301085,27.50034,0.00157,2.37114,0.00432,1,1,2,1.397621,1.000000,4.172445,0.005034,0.005068,14.966562,15944,-0.000339,0.076425,84787,34918,19096,12033,8354,6110,4576,3660,31087,1,1,1,1
22.4000,9662,1,1,106828,0,204696,0.521889,2,2612,2612,2612,2270818,27.53499,0.00157,2.37114,0.00432,1,1,2,1.067454,1.000000,182.222935,-0.012487,-0.012480,14.949063,15462,0.000835,0.074201,84975,34777,18999,12204,8474,6088,4430,3594,31154,1,1,1,1
23.0000,9662,1,1,108158,0,207837,0.520401,7,6,18,37,1023709,27.95094,0.00157,2.37114,0.00432,1,1,2,1.368026,1.000000,2.796113,-0.220243,-0.220210,14.741292,9664,0.014938,0.047031,86106,35287,19487,12142,8299,6187,4742,3836,31750,1,1,1,1
23.9000,9662,1,1,110988,0,213146,0.520716,2,10,10,48,1433873,28.57471,0.00157,2.37114,0.00432,1,0,2,1.168256,1.000000,1.977158,-0.532113,-0.532097,14.429435,968,0.036876,0.004813,88739,35922,19847,12608,8633,6248,4882,3767,32499,1,1,1,1
22.3500,9674,1,1,107163,1,205263,0.522079,3,10,15,2260,236148,27.49906,0.00246,2.36502,0.00567,0,0,3,1.646777,1.362023,1.362023,0.004910,0.004961,14.966344,15962,-0.000331,0.076417,85366,34739,19353,11995,8377,6082,4655,3685,31010,1,1,1,1
22.4000,9674,1,1,106974,0,204931,0.522003,1,7,11,61,494225,27.53374,0.00246,2.36502,0.00567,1,1,2,1.409041,1.000000,4.060196,-0.012486,-0.012451,14.949036,15480,0.000833,0.074195,85284,34581,19006,12040,8319,5998,4777,3673,31252,1,1,1,1
23.0000,9674,1,1,108478,0,208046,0.521416,1,3,353,353,474032,27.94967,0.00246,2.36502,0.00567,1,1,2,1.414194,1.000000,2.113317,-0.220417,-0.220381,14.741098,9673,0.014950,0.047017,86130,35259,19524,12281,8467,6098,4689,3765,31832,1,1,1,1
23.9000,9674,1,1,111025,1,213636,0.519695,1,6,191,191,500634,28.57346,0.00246,2.36502,0.00567,0,1,3,3.581221,2.942785,2.942785,-0.532330,-0.532198,14.429333,967,0.036883,0.004802,88440,36318,19814,12851,8582,6414,4897,3977,32342,1,1,1,1
22.3500,9686,1,1,106954,0,205144,0.521363,1,1,100,100,721930,27.50525,0.00232,2.37960,0.00405,1,1,3,1.059722,1.000000,1.050921,0.007894,0.007900,14.968957,15988,-0.000528,0.076433,85045,34960,19122,11931,8332,6185,4640,3691,31237,1,1,1,1
22.4000,9686,1,1,107187,1,205638,0.521244,4,11,12,84,175025,27.53988,0.00232,2.37960,0.00405,0,1,3,4.336485,3.998439,3.998439,-0.009498,-0.009347,14.952202,15503,0.000625,0.074198,85562,34744,19302,11957,8372,6147,4726,3612,31215,1,1,1,1
23.0000,9686,1,1,108908,0,209026,0.521029,4,3,7,89,2845099,27.95580,0.00232,2.37960,0.00405,1,1,2,1.398332,1.000000,1.810187,-0.217416,-0.217381,14.744081,9691,0.014744,0.047036,86658,35271,19581,12375,8679,6273,4797,3817,31574,1,1,1,1
23.9000,9686,1,1,111216,0,213481,0.520967,1,3,5,21,2771062,28.57960,0.00232,2.37960,0.00405,1,1,2,1.411648,1.000000,2.295294,-0.529330,-0.529294,14.432191,974,0.036675,0.004830,88609,36308,19848,12628,8511,6289,4863,3760,32664,1,1,1,1
22.3500,9698,1,1,107087,1,205886,0.520130,1,6,6,382,599578,27.50398,0.00185,2.36975,0.00446,0,1,3,1.733282,1.235324,1.147280,0.007039,0.007096,14.968561,16003,-0.000474,0.076413,85481,34853,19308,11970,8476,6189,4780,3721,31107,1,1,1,1
22.4000,9698,1,1,107157,1,205715,0.520903,2,19,37,1027,243471,27.53865,0.00185,2.36975,0.00446,0,1,3,8.026816,7.164351,7.164351,-0.010391,-0.010176,14.951369,15518,0.000681,0.074182,85343,34876,19347,12206,8261,6114,4651,3618,31298,1,1,1,1
23.0000,9698,1,1,109430,0,209603,0.522085,1,1,13,31,2048922,27.95455,0.00185,2.36975,0.00446,1,0,3,1.346940,1.000000,1.179676,-0.218247,-0.218217,14.743291,9699,0.014801,0.047019,87015,35791,19549,12281,8534,6236,4745,3733,31718,1,1,1,1
23.9000,9698,1,1,111968,0,214297,0.522492,2,12,23,104,162923,28.57837,0.00185,2.36975,0.00446,1,1,2,1.412948,1.000000,6.291934,-0.530244,-0.530209,14.431266,972,0.036740,0.004814,88885,36285,20253,12656,8690,6375,4912,3915,32325,1,1,1,1
22.3500,9710,1,1,107789,1,206081,0.523044,1,4,19,129,4830922,27.51158,0.00245,2.37854,0.00401,0,1,3,3.485074,2.662264,2.662264,0.011101,0.011229,14.972620,16024,-0.000750,0.076398,85909,34852,19159,11950,8369,6229,4686,3734,31192,1,1,1,1
22.4000,9710,1,1,107431,1,205709,0.522250,1,6,22,95,483187,27.54627,0.00245,2.37854,0.00401,0,0,3,2.232797,1.710891,1.710891,-0.006223,-0.006140,14.955284,15537,0.000411,0.074162,85356,34939,19137,12034,8364,6120,4731,3712,31315,1,1,1,1
23.0000,9710,1,1,108988,0,209344,0.520619,1,2,16,76,246845,27.96216,0.00245,2.37854,0.00401,1,1,2,1.385219,1.000000,1.570792,-0.214161,-0.214128,14.747328,9711,0.014520,0.047006,86722,35794,19224,12560,8460,6219,4741,3740,31883,1,1,1,1
23.9000,9710,1,1,111997,1,214685,0.521683,1,57,57,57,5116102,28.58599,0.00245,2.37854,0.00401,0,1,3,3.326999,3.193546,3.193546,-0.526116,-0.525992,14.435555,972,0.036437,0.004807,89306,36617,20000,12426,8716,6299,4885,3784,32651,1,1,1,1
22.3500,9722,1,1,107100,0,205838,0.520315,1,40,40,64,154798,27.50299,0.00407,2.36898,0.00514,1,1,2,1.062440,1.000000,2.700015,0.007636,0.007642,14.968905,16040,-0.000511,0.076398,85454,35016,18987,12032,8297,6165,4746,3753,31387,1,1,1,1
22.4000,9722,1,1,107498,0,206097,0.521592,5,5,12,34,3083813,27.53764,0.00407,2.36898,0.00514,1,0,2,1.245974,1.000000,1.629127,-0.009663,-0.009640,14.951884,15553,0.000645,0.074163,85409,35036,19094,12238,8432,6041,4798,3669,31379,1,1,1,1
23.0000,9722,1,1,109112,0,209817,0.520037,1,2,6,48,284598,27.95359,0.00407,2.36898,0.00514,1,1,3,1.243744,1.000000,1.124569,-0.217611,-0.217589,14.743727,9719,0.014758,0.046999,87027,35808,19702,12305,8484,6213,4866,3743,31668,1,1,1,1
23.9000,9722,1,1,111484,0,214299,0.520229,1,5,614,614,447156,28.57736,0.00407,2.36898,0.00514,1,1,2,1.193558,1.000000,1.518720,-0.529517,-0.529499,14.431877,972,0.036690,0.004802,88656,36493,19912,12693,8827,6394,4878,3829,32616,1,1,1,1
22.3500,9734,1,1,107933,1,206685,0.522213,4,44,44,44,100414,27.51004,0.00185,2.37158,0.00353,0,0,3,4.522856,4.321626,4.321626,0.010036,0.010191,14.971425,16067,-0.000681,0.076420,86139,35114,19125,12219,8260,6185,4639,3643,31360,1,1,1,1
22.4000,9734,1,1,107578,0,206529,0.520888,2,195,195,225,1656887,27.54472,0.00185,2.37158,0.00353,1,1,2,1.387576,1.000000,90.691583,-0.007460,-0.007426,14.954072,15580,0.000497,0.074189,85936,34699,19417,12062,8475,6085,4666,3777,31411,1,1,1,1
23.0000,9734,1,1,109138,0,209795,0.520215,2,39,102,102,6801567,27.96065,0.00185,2.37158,0.00353,1,1,2,1.267009,1.000000,11.974419,-0.215322,-0.215297,14.746112,9739,0.014600,0.047030,87006,35542,19627,12359,8584,6259,4761,3839,31817,1,1,1,1
23.9000,9734,1,1,111766,0,215014,0.519810,11,2,11,237,374734,28.58444,0.00185,2.37158,0.00353,1,1,3,1.398055,1.000000,1.391593,-0.527106,-0.527071,14.434423,979,0.036515,0.004830,89169,36678,19917,12603,8773,6408,4996,3857,32612,1,1,1,1
22.3500,9746,1,1,107917,1,206263,0.523203,1,63,63,63,446837,27.51078,0.00199,2.37531,0.00366,0,1,3,10.847236,10.036750,10.036750,0.010377,0.010621,14.971907,16083,-0.000709,0.076399,85853,34894,19212,12108,8322,6232,4578,3654,31409,1,1,1,1
22.4000,9746,1,1,107506,0,206073,0.521691,1,24,29,29,549489,27.54542,0.00199,2.37531,0.00366,1,1,2,1.380919,1.000000,11.242658,-0.006947,-0.006914,14.954540,15595,0.000462,0.074167,85218,35210,18983,12225,8310,6126,4713,3632,31655,1,1,1,1
23.0000,9746,1,1,109240,0,209593,0.521203,1,6,27,68,573846,27.96133,0.00199,2.37531,0.00366,1,1,2,1.372230,1.000000,3.390796,-0.214844,-0.214812,14.746639,9747,0.014567,0.047009,86373,35949,19680,12413,8480,6244,4804,3670,31979,1,1,1,1
23.9000,9746,1,1,112041,1,215250,0.520518,6,22,22,60,105692,28.58514,0.00199,2.37531,0.00366,0,1,3,5.982920,5.387109,5.387109,-0.526770,-0.526586,14.434954,976,0.036480,0.004809,89011,36822,20070,12652,8874,6437,4827,3926,32630,1,1,1,1
22.3500,9758,1,1,107893,1,206692,0.522001,3,4,19,62,1044961,27.50537,0.00184,2.37075,0.00567,0,0,3,1.545253,1.317837,1.317837,0.007718,0.007762,14.969127,16102,-0.000519,0.076410,85543,35385,19378,12061,8371,6138,4819,3722,31274,1,1,1,1
22.4000,9758,1,1,107947,1,207207,0.520965,4,2,54,170,2411595,27.54003,0.00184,2.37075,0.00567,0,1,3,1.458108,1.131149,1.131149,-0.009606,-0.009568,14.951979,15614,0.000640,0.074179,86262,35083,19240,12161,8301,6132,4721,3685,31621,1,1,1,1
23.0000,9758,1,1,109612,0,210000,0.521964,7,19,100,632,299477,27.95594,0.00184,2.37075,0.00567,1,1,2,1.328739,1.000000,7.566522,-0.217656,-0.217627,14.743807,9759,0.014761,0.047018,87172,35705,19346,12231,8489,6381,4787,3742,32146,1,1,1,1
23.9000,9758,1,1,112323,1,215124,0.522134,2,39,39,39,563081,28.57975,0.00184,2.37075,0.00567,0,1,3,22.936308,18.742613,18.742613,-0.529611,-0.529290,14.432258,978,0.036674,0.004814,89253,36520,20178,12616,8648,6376,4915,3940,32677,1,1,1,1
22.3500,9770,1,1,107919,1,207374,0.520410,1,5,29,162,1848470,27.50442,0.00279,2.37488,0.00662,0,1,3,3.258386,2.671437,2.671437,0.007697,0.007818,14.969189,16119,-0.000522,0.076396,86559,35004,19307,11973,8320,6241,4741,3731,31497,1,1,1,1
22.4000,9770,1,1,108114,0,207336,0.521446,1,3,72,95,153881,27.53911,0.00279,2.37488,0.00662,1,0,2,1.374608,1.000000,1.752504,-0.009626,-0.009594,14.951909,15629,0.000642,0.074159,86177,35147,19443,11987,8366,6096,4747,3630,31742,1,1,1,1
23.0000,9770,1,1,109434,0,210523,0.519822,6,7,95,95,1124395,27.95500,0.00279,2.37488,0.00662,1,1,3,1.135800,1.000000,1.079766,-0.217547,-0.217534,14.743808,9767,0.014754,0.046998,87459,35737,19608,12398,8409,6245,4786,3760,32120,1,1,1,1
23.9000,9770,1,1,112552,0,216278,0.520407,82,4,82,155,1096864,28.57883,0.00279,2.37488,0.00662,1,1,2,1.414101,1.000000,2.336383,-0.529503,-0.529467,14.432014,974,0.036687,0.004788,90039,36702,19862,12933,8862,6360,4987,3916,32616,1,1,1,1
22.3500,9782,1,1,107796,0,207265,0.520090,1,17,17,17,105548,27.50441,0.00236,2.36923,0.00352,1,1,2,1.388965,1.000000,8.411324,0.007431,0.007465,14.968924,16144,-0.000499,0.076422,85867,35504,19324,11999,8445,6218,4702,3645,31560,1,1,1,1
22.4000,9782,1,1,108227,1,207694,0.521091,3,4,30,44,1399984,27.53906,0.00236,2.36923,0.00352,0,0,3,1.829736,1.611032,1.611032,-0.009808,-0.009746,14.951596,15659,0.000652,0.074212,86139,35108,19418,12379,8629,6182,4688,3827,31323,1,1,1,1
23.0000,9782,1,1,110492,0,211847,0.521568,1,4,4,20,356468,27.95500,0.00236,2.36923,0.00352,1,0,2,1.267382,1.000000,1.641370,-0.217783,-0.217758,14.743763,9785,0.014770,0.047027,88306,35938,19865,12491,8527,6292,4860,3829,31738,1,1,1,1
23.9000,9782,1,1,112432,0,216138,0.520189,3,29,29,29,1004011,28.57878,0.00236,2.36923,0.00352,1,1,2,1.184639,1.000000,5.930291,-0.529736,-0.529719,14.431813,982,0.036705,0.004822,89480,36802,20386,12671,8852,6460,4952,3791,32743,1,1,1,1
22.3500,9794,1,1,107441,1,206572,0.520117,2,114,114,114,255427,27.50699,0.00257,2.37850,0.00393,0,1,3,47.000307,42.766424,42.766424,0.008761,0.009154,14.970217,16162,-0.000611,0.076407,85689,34827,19154,12301,8371,6183,4676,3629,31741,1,1,1,1
22.4000,9794,1,1,108797,1,207818,0.523523,45,416,416,416,123531,27.54167,0.00257,2.37850,0.00393,0,1,3,198.292893,174.295196,174.295196,-0.008650,-0.008110,14.953441,15676,0.000542,0.074192,86148,35146,19556,12275,8525,6234,4656,3626,31651,1,1,1,1
23.0000,9794,1,1,110153,1,210971,0.522126,1,773,773,773,185367,27.95760,0.00257,2.37850,0.00393,0,1,3,360.658334,318.983810,318.983810,-0.216647,-0.216046,14.744851,9797,0.014652,0.047024,87635,35581,19718,12238,8752,6384,4714,3747,32201,1,1,1,1
23.9000,9794,1,1,112848,0,216759,0.520617,2,2,12,49,273575,28.58139,0.00257,2.37850,0.00393,1,1,3,1.351268,1.000000,1.124691,-0.528251,-0.528220,14.433223,981,0.036598,0.004810,90129,37019,20076,12684,8829,6396,4955,3853,32817,1,1,1,1
22.3500,9806,1,1,108360,0,207991,0.520987,1,19,43,18741,266433,27.50117,0.00250,2.37603,0.00413,1,1,2,1.059553,1.000000,1.238209,0.005934,0.005940,14.967485,16179,-0.000397,0.076408,86728,35212,19259,12170,8377,6259,4713,3716,31556,1,1,1,1
22.4000,9806,1,1,108432,0,207293,0.523088,1,3,270,270,2993979,27.53580,0.00250,2.37603,0.00413,1,1,2,1.367442,1.000000,1.823964,-0.011402,-0.011370,14.950135,15689,0.000761,0.074179,86006,35281,19085,12107,8432,6032,4703,3709,31937,1,1,1,1
23.0000,9806,1,1,110100,0,211123,0.521499,1,5,18,154,200580,27.95172,0.00250,2.37603,0.00413,1,1,2,1.264072,1.000000,2.024282,-0.219367,-0.219343,14.742066,9806,0.014879,0.047018,87543,35889,19627,12436,8511,6286,4832,3798,32200,1,1,1,1
23.9000,9806,1,1,112448,0,216052,0.520470,2,12,22,85,1104344,28.57552,0.00250,2.37603,0.00413,1,1,2,1.225384,1.000000,3.140460,-0.531292,-0.531271,14.430122,982,0.036817,0.004810,89766,36383,20066,12755,8842,6420,4960,3910,32949,1,1,1,1
22.3500,9818,1,1,108229,1,207903,0.520577,9,4,64,81,98913,27.49501,0.00183,2.37787,0.00521,0,0,3,1.491074,1.389051,1.389051,0.002531,0.002572,14.963855,16206,-0.000172,0.076460,86150,35448,19377,12284,8436,6209,4756,3644,31598,1,1,1,1
22.4000,9818,1,1,108333,1,208082,0.520629,1,5,198,256,5842171,27.52967,0.00183,2.37787,0.00521,0,1,3,3.840752,2.959603,2.959603,-0.014841,-0.014704,14.946691,15713,0.000984,0.074219,86229,35493,18988,12482,8492,6276,4666,3729,31726,1,1,1,1
23.0000,9818,1,1,110438,0,211543,0.522062,13,4,13,1494,1788431,27.94557,0.00183,2.37787,0.00521,1,1,3,1.199333,1.000000,1.114525,-0.222738,-0.222720,14.738661,9819,0.015111,0.047034,87782,36019,19618,12398,8714,6261,4869,3745,32136,1,1,1,1
23.9000,9818,1,1,112987,1,217135,0.520356,1,142,142,142,216124,28.56939,0.00183,2.37787,0.00521,0,1,3,56.934355,51.994684,51.994684,-0.534847,-0.534435,14.427115,983,0.037044,0.004810,90055,36997,20331,12793,8858,6513,4934,3876,32777,1,1,1,1
22.3500,9830,1,1,108183,1,207574,0.521181,1,2,25,674,838887,27.49885,0.00186,2.38039,0.00454,0,1,3,1.806804,1.277670,1.222077,0.004490,0.004550,14.966032,16222,-0.000304,0.076431,86025,35223,19281,12148,8487,6316,4650,3664,31779,1,1,1,1
22.4000,9830,1,1,108958,0,209203,0.520827,1,5,64,137,550447,27.53354,0.00186,2.38039,0.00454,1,1,2,1.355034,1.000000,2.696333,-0.012900,-0.012869,14.948576,15729,0.000861,0.074195,87161,35562,19492,12399,8377,6121,4814,3670,31606,1,1,1,1
23.0000,9830,1,1,110545,1,211831,0.521857,6,5,61,395,277861,27.94943,0.00186,2.38039,0.00454,0,1,3,2.838485,2.220094,2.220094,-0.220834,-0.220728,14.740792,9833,0.014974,0.047037,88088,36056,19610,12449,8538,6198,4797,3856,32238,1,1,1,1
23.9000,9830,1,1,113236,0,217084,0.521625,6,5,61,240,846831,28.57327,0.00186,2.38039,0.00454,1,1,2,1.411728,1.000000,2.581034,-0.532758,-0.532723,14.428764,984,0.036921,0.004809,89933,37284,20139,12909,8744,6472,4891,3861,32850,1,1,1,1
22.3500,9842,1,1,108936,0,208441,0.522625,17,15,17,392,4113346,27.50291,0.00163,2.38394,0.00413,1,1,2,1.177106,1.000000,3.097997,0.006370,0.006387,14.967920,16241,-0.000427,0.076418,86595,35490,19355,12286,8563,6195,4811,3706,31439,1,1,1,1
22.4000,9842,1,1,108777,1,208333,0.522133,1,4,20,184,349881,27.53756,0.00163,2.38394,0.00413,0,1,3,2.944532,2.313998,2.313998,-0.010940,-0.010831,14.950567,15749,0.000724,0.074189,86292,35445,19229,12256,8553,6198,4774,3689,31896,1,1,1,1
23.0000,9842,1,1,110534,0,212093,0.521161,1,5,37,106,235685,27.95351,0.00163,2.38394,0.00413,1,1,2,1.262846,1.000000,1.858901,-0.218900,-0.218877,14.742533,9841,0.014847,0.047012,87769,36173,19749,12628,8703,6367,4738,3811,32154,1,1,1,1
23.9000,9842,1,1,113141,1,217102,0.521145,2,12,22,43,1185043,28.57728,0.00163,2.38394,0.00413,0,0,3,1.883559,1.584067,1.584067,-0.530782,-0.530718,14.430659,984,0.036777,0.004802,90134,37151,19900,12724,8836,6353,4931,4011,33061,1,1,1,1
22.3500,9854,1,1,109211,1,208862,0.522888,1,2,51,51,356730,27.50885,0.00186,2.39006,0.00561,0,0,3,1.705070,1.219677,1.219677,0.009519,0.009573,14.971038,16257,-0.000639,0.076384,86890,35403,19451,12390,8412,6199,4737,3688,31691,1,1,1,1
22.4000,9854,1,1,109024,0,208973,0.521716,1,1,9,10,534167,27.54353,0.00186,2.39006,0.00561,1,1,3,1.363596,1.000000,1.053236,-0.007815,-0.007783,14.953666,15767,0.000520,0.074168,86582,35742,19708,12113,8569,6299,4649,3746,31564,1,1,1,1
23.0000,9854,1,1,110891,1,212490,0.521867,2,3,50,50,56178,27.95946,0.00186,2.39006,0.00561,0,1,3,2.375644,1.788950,1.788950,-0.215807,-0.215719,14.745618,9853,0.014629,0.047002,88153,36265,19762,12578,8495,6267,4876,3712,32381,1,1,1,1
23.9000,9854,1,1,113285,1,217741,0.520276,1,110,110,110,1772731,28.58325,0.00186,2.39006,0.00561,0,1,3,5.427848,4.645133,4.607344,-0.527750,-0.527578,14.433787,983,0.036552,0.004791,90580,36859,20195,12856,8977,6537,4867,3852,33017,1,1,1,1
22.3500,9866,1,1,109066,0,208592,0.522870,9,23,115,115,103849,27.50745,0.00133,2.38891,0.00410,1,0,2,1.081624,1.000000,2.012713,0.008473,0.008481,14.970024,16277,-0.000567,0.076390,86434,35405,19284,12338,8530,6270,4784,3688,31858,1,1,1,1
22.4000,9866,1,1,109352,0,209401,0.522216,7,70,70,265,783165,27.54209,0.00133,2.38891,0.00410,1,1,2,1.054517,1.000000,3.990240,-0.008880,-0.008875,14.952380,15785,0.000594,0.074168,87083,35559,19553,12200,8547,6207,4820,3675,31756,1,1,1,1
23.0000,9866,1,1,111035,1,212938,0.521445,2,6,12,54,19064406,27.95800,0.00133,2.38891,0.00410,0,1,3,4.413046,3.424227,3.424227,-0.216830,-0.216680,14.744588,9863,0.014696,0.046996,88427,36153,20002,12795,8590,6220,4693,3766,32291,1,1,1,1
23.9000,9866,1,1,114137,1,218997,0.521183,1,1,6,94,700177,28.58181,0.00133,2.38891,0.00410,0,0,3,1.806189,1.360812,1.360812,-0.528683,-0.528623,14.432896,984,0.036626,0.004790,91490,37113,20252,13140,8754,6487,4960,3876,32924,1,1,1,1
22.3500,9878,1,1,109651,1,209570,0.523221,1,12,245,245,548321,27.51332,0.00112,2.39270,0.00386,0,1,3,7.247403,5.937170,5.937170,0.011259,0.011460,14.972792,16300,-0.000765,0.076391,87052,35646,19586,12496,8428,6176,4771,3728,31686,1,1,1,1
22.4000,9878,1,1,109821,1,209977,0.523017,2,6,44,116,167427,27.54798,0.00112,2.39270,0.00386,0,1,3,3.070017,2.596369,2.596369,-0.006031,-0.005917,14.955619,15807,0.000396,0.074165,87388,35458,19608,12294,8733,6229,4644,3826,31796,1,1,1,1
23.0000,9878,1,1,110717,1,212015,0.522216,1,1,9,145,625193,27.96388,0.00112,2.39270,0.00386,0,0,3,1.579478,1.206127,1.206127,-0.213940,-0.213894,14.747631,9879,0.014504,0.047005,87865,35730,19662,12496,8723,6338,4900,3874,32426,1,1,1,1
23.9000,9878,1,1,113770,0,218090,0.521668,1,2,8,25,13378765,28.58770,0.00112,2.39270,0.00386,1,0,2,1.375756,1.000000,1.674974,-0.525869,-0.525837,14.435667,992,0.036426,0.004822,90620,36944,20232,12796,8951,6518,5181,3893,32954,1,1,1,1
22.3500,9890,1,1,109507,1,209428,0.522889,1,33,33,33,845322,27.50459,0.00133,2.38968,0.00444,0,1,3,6.972121,6.653373,6.653373,0.007007,0.007203,14.968752,16316,-0.000481,0.076394,86760,35799,19454,12337,8747,6248,4710,3797,31575,1,1,1,1
22.4000,9890,1,1,108896,0,209709,0.519274,2,3,14,25,238413,27.53928,0.00133,2.38968,0.00444,1,1,2,1.365436,1.000000,1.790033,-0.010271,-0.010239,14.951267,15821,0.000685,0.074163,87102,35684,19523,12326,8539,6369,4819,3728,31618,1,1,1,1
23.0000,9890,1,1,110945,1,213118,0.520583,2,8,15,33,185499,27.95517,0.00133,2.38968,0.00444,0,1,3,5.928647,4.275087,4.275087,-0.218261,-0.218081,14.743149,9887,0.014792,0.047001,88571,36242,19896,12548,8622,6179,4782,3812,32465,1,1,1,1
23.9000,9890,1,1,113861,1,218134,0.521980,5,1,27,27,697166,28.57900,0.00133,2.38968,0.00444,0,1,3,1.385985,1.073860,1.073860,-0.530105,-0.530072,14.431252,986,0.036731,0.004789,90318,37152,20405,13014,8790,6559,4947,3896,33052,1,1,1,1
22.3500,9902,1,1,109464,0,209842,0.521652,1,1,10,54,226783,27.51174,0.00198,2.39570,0.00425,1,1,3,1.412005,1.000000,1.064292,0.011025,0.011059,14.972536,16348,-0.000739,0.076431,87135,35681,19436,12439,8601,6258,4783,3763,31745,1,1,1,1
22.4000,9902,1,1,109420,0,209417,0.522501,1,1,18,107,22637704,27.54639,0.00198,2.39570,0.00425,1,1,3,1.405755,1.000000,1.338645,-0.006317,-0.006282,14.955188,15849,0.000420,0.074184,86643,35552,19599,12357,8534,6300,4762,3706,31963,1,1,1,1
23.0000,9902,1,1,111294,0,213591,0.521064,1,2,67,67,310292,27.96234,0.00198,2.39570,0.00425,1,0,2,1.403403,1.000000,1.848557,-0.214306,-0.214271,14.747223,9909,0.014530,0.047035,88494,36729,20056,12388,8681,6358,4599,3804,32481,1,1,1,1
23.9000,9902,1,1,113795,1,218847,0.519978,4,3,30,30,191624,28.58611,0.00198,2.39570,0.00425,0,1,3,1.794280,1.555007,1.555007,-0.526184,-0.526125,14.435210,996,0.036447,0.004830,90980,36951,20487,12937,8828,6485,5043,3871,33264,1,1,1,1
22.3500,9914,1,1,109415,1,209537,0.522178,1,28,28,38,210046,27.51786,0.00165,2.39506,0.00386,0,1,3,16.407852,13.446180,13.446180,0.013797,0.014079,14.975631,16360,-0.000940,0.076379,86967,35326,19725,12295,8438,6236,4874,3893,31782,1,1,1,1
22.4000,9914,1,1,109642,0,210102,0.521854,1,15,359,359,793156,27.55254,0.00165,2.39506,0.00386,1,1,2,1.271209,1.000000,5.068320,-0.003493,-0.003469,14.957946,15864,0.000232,0.074151,87208,35480,19642,12417,8499,6437,4737,3759,31922,1,1,1,1
23.0000,9914,1,1,111637,1,213845,0.522049,2,108,108,239,177079,27.96847,0.00165,2.39506,0.00386,0,1,3,33.790742,31.934273,31.934273,-0.211551,-0.211196,14.750355,9915,0.014318,0.046997,88409,36663,19990,12665,8727,6419,4921,3885,32165,1,1,1,1
23.9000,9914,1,1,113887,1,218301,0.521699,3,2,297,297,485091,28.59226,0.00165,2.39506,0.00386,0,1,3,1.590079,1.124776,1.124776,-0.523274,-0.523227,14.438258,993,0.036239,0.004809,90309,37060,20555,12773,8814,6510,5037,3948,33294,1,1,1,1
22.3500,9926,1,1,110064,0,210558,0.522728,4,16,84,84,469494,27.51203,0.00165,2.39135,0.00407,1,0,2,1.151335,1.000000,2.678018,0.010903,0.010917,14.972454,16383,-0.000729,0.076410,87430,35726,19693,12390,8620,6281,4853,3789,31775,1,1,1,1
22.4000,9926,1,1,109533,1,210194,0.521107,2,2,36,36,275472,27.54666,0.00165,2.39135,0.00407,0,1,3,2.177817,1.643135,1.643135,-0.006389,-0.006310,14.955209,15885,0.000422,0.074173,87186,35632,19420,12410,8698,6412,4794,3759,31882,1,1,1,1
23.0000,9926,1,1,111381,1,213740,0.521108,10,10,10,39,1259032,27.96258,0.00165,2.39135,0.00407,0,1,3,1.571240,1.320630,1.320630,-0.214337,-0.214292,14.747241,9929,0.014531,0.047016,88644,36387,19694,12530,8969,6316,4917,3746,32536,1,1,1,1
23.9000,9926,1,1,113893,1,218944,0.520195,1,2,138,138,241556,28.58638,0.00165,2.39135,0.00407,0,1,3,1.764748,1.439356,1.439356,-0.526244,-0.526187,14.435362,997,0.036451,0.004823,90897,37131,20291,12946,8878,6584,5094,3941,33181,1,1,1,1
22.3500,9938,1,1,109814,0,210454,0.521798,1,2,4,389,1965182,27.51411,0.00226,2.39359,0.00454,1,1,3,1.351547,1.000000,1.229621,0.012306,0.012336,14.973782,16397,-0.000824,0.076376,87115,35916,19723,12376,8604,6267,4768,3785,31899,1,1,1,1
22.4000,9938,1,1,110170,0,210793,0.522648,2,24,24,35,604469,27.54878,0.00226,2.39359,0.00454,1,1,3,1.039407,1.000000,1.097057,-0.005018,-0.005014,14.956211,15907,0.000335,0.074181,87575,36040,19479,12476,8381,6266,4687,3741,32147,1,1,1,1
23.0000,9938,1,1,112079,1,214445,0.522649,2,3,12,86,146821,27.96468,0.00226,2.39359,0.00454,0,1,3,1.453540,1.371918,1.371918,-0.212982,-0.212944,14.748602,9938,0.014438,0.046997,89233,36457,19887,12721,8654,6357,4878,3792,32465,1,1,1,1
23.9000,9938,1,1,113930,0,219077,0.520048,1,103,103,103,164058,28.58850,0.00226,2.39359,0.00454,1,1,2,1.335229,1.000000,40.739631,-0.525065,-0.525036,14.436404,994,0.036369,0.004802,90655,37414,20245,12966,8962,6545,4981,3928,33380,1,1,1,1
22.3500,9950,1,1,109672,0,210409,0.521235,1,3,141,141,1220892,27.51863,0.00157,2.39767,0.00387,1,1,2,1.349659,1.000000,1.524931,0.014226,0.014256,14.975701,16419,-0.000952,0.076377,87014,35775,19734,12322,8669,6495,4707,3757,31935,1,1,1,1
22.4000,9950,1,1,110251,1,211215,0.521987,2,3,6,14,169643,27.55332,0.00157,2.39767,0.00387,0,0,3,1.381319,1.085303,1.085303,-0.003105,-0.003072,14.958344,15923,0.000205,0.074156,87920,36027,19450,12276,8592,6239,4745,3809,32156,1,1,1,1
23.0000,9950,1,1,111450,0,214103,0.520546,2,41,48,456,98258,27.96921,0.00157,2.39767,0.00387,1,1,2,1.138020,1.000000,6.195996,-0.211136,-0.211123,14.750415,9951,0.014313,0.046996,88739,36586,19747,12633,8834,6253,4881,3840,32589,1,1,1,1
23.9000,9950,1,1,114276,0,219390,0.520883,1,20,35,127,392814,28.59304,0.00157,2.39767,0.00387,1,1,2,1.098643,1.000000,2.178717,-0.523000,-0.522990,14.438325,996,0.036222,0.004806,90831,37452,20261,12950,8762,6682,4998,3992,33461,1,1,1,1
22.3500,9962,1,1,110365,1,211030,0.522985,1,1678,1678,1678,137678,27.52010,0.00118,2.39691,0.00374,0,1,3,91.273563,91.053051,91.053051,0.014573,0.015026,14.976578,16435,-0.001003,0.076355,87625,36034,19564,12465,8588,6231,4671,3750,32101,1,1,1,1
22.4000,9962,1,1,109872,0,211126,0.520412,1,1,9,1096,623575,27.55475,0.00118,2.39691,0.00374,1,1,3,1.373042,1.000000,1.162303,-0.002534,-0.002502,14.958953,15937,0.000167,0.074128,87418,35979,19775,12564,8506,6181,4733,3767,32202,1,1,1,1
23.0000,9962,1,1,111544,0,214159,0.520849,1,422,422,422,295648,27.97069,0.00118,2.39691,0.00374,1,1,2,1.343381,1.000000,170.144284,-0.210756,-0.210726,14.750717,9959,0.014286,0.046977,88830,36291,19902,12429,8893,6284,4877,3807,32845,1,1,1,1
23.9000,9962,1,1,114451,1,220091,0.520019,4,2,4,60,753216,28.59447,0.00118,2.39691,0.00374,0,0,3,1.368495,1.179804,1.179804,-0.522393,-0.522362,14.439001,995,0.036177,0.004795,91636,36918,20598,13206,9009,6487,4975,3953,33308,1,1,1,1
22.3500,9974,1,1,110156,0,210932,0.522237,1,40,98,416,1137418,27.51502,0.00097,2.40452,0.00556,1,1,2,1.244352,1.000000,11.434122,0.012048,0.012070,14.973475,16462,-0.000806,0.076404,87479,35748,19537,12435,8447,6407,4838,3904,32136,1,1,1,1
22.4000,9974,1,1,110313,1,211223,0.522261,14,38,38,38,1927552,27.54970,0.00097,2.40452,0.00556,0,1,3,14.961074,13.783478,13.783478,-0.005301,-0.005029,14.955978,15960,0.000336,0.074161,87562,35872,19564,12499,8651,6239,4837,3738,32260,1,1,1,1
23.0000,9974,1,1,111993,1,215065,0.520743,9,7,29,123,197852,27.96563,0.00097,2.40452,0.00556,0,0,3,1.316307,1.217043,1.217043,-0.213144,-0.213116,14.748182,9976,0.014450,0.047008,89412,36451,20042,12606,8737,6442,4832,3827,32715,1,1,1,1
23.9000,9974,1,1,114680,0,219742,0.521887,1,1398,1398,1398,208452,28.58942,0.00097,2.40452,0.00556,1,1,2,1.007237,1.000000,10.168430,-0.525146,-0.525145,14.436407,999,0.036376,0.004809,91277,37098,20463,12898,8900,6568,4981,4001,33555,1,1,1,1
22.3500,9986,1,1,109893,1,210878,0.521124,2,15,168,168,3603908,27.50853,0.00192,2.39318,0.00331,0,1,3,7.181818,6.234457,6.234457,0.009252,0.009449,14.970994,16482,-0.000631,0.076418,87268,35696,19743,12478,8614,6350,4657,3765,32306,1,1,1,1
22.4000,9986,1,1,110446,0,211880,0.521269,48,7,60,87,250650,27.54317,0.00192,2.39318,0.00331,1,1,2,1.363048,1.000000,3.154983,-0.008032,-0.008001,14.953507,15981,0.000535,0.074181,87911,36165,19681,12402,8545,6355,4794,3756,32270,1,1,1,1
23.0000,9986,1,1,112398,0,215251,0.522174,2,3,12,20,213506,27.95908,0.00192,2.39318,0.00331,1,0,2,1.300505,1.000000,1.338140,-0.215948,-0.215921,14.745598,9989,0.014643,0.047021,89347,36454,20144,12644,8820,6395,4910,3895,32641,1,1,1,1
23.9000,9986,1,1,114708,0,219879,0.521689,1,3,25,25,1124674,28.58289,0.00192,2.39318,0.00331,1,0,3,1.243249,1.000000,1.122606,-0.527841,-0.527819,14.433708,1002,0.036568,0.004819,90796,37428,20604,12900,9008,6532,5002,4024,33584,1,1,1,1
22.3500,9998,1,1,110815,1,212370,0.521804,2,6,6,87,273857,27.50713,0.00111,2.38915,0.00428,0,1,3,3.911991,3.177691,3.177691,0.008197,0.008333,14.969872,16499,-0.000557,0.076410,88396,36283,19841,12367,8659,6176,4879,3825,31943,1,1,1,1
22.4000,9998,1,1,110435,1,211714,0.521626,8,20,20,23,576802,27.54180,0.00111,2.38915,0.00428,0,1,3,10.214074,8.725866,8.725866,-0.009186,-0.008954,14.952593,15998,0.000599,0.074176,87767,35919,19841,12475,8602,6319,4696,3756,32338,1,1,1,1
23.0000,9998,1,1,112607,1,215617,0.522257,1,2,23,453,897503,27.95770,0.00111,2.38915,0.00428,0,1,3,1.446806,1.025021,1.008863,-0.217023,-0.216986,14.744504,9999,0.014716,0.047015,89407,36817,20113,12665,8841,6364,4945,3849,32615,1,1,1,1
23.9000,9998,1,1,114983,1,220852,0.520636,2,3,491,491,101803,28.58152,0.00111,2.38915,0.00428,0,0,3,1.353570,1.015401,1.015401,-0.528938,-0.528908,14.432532,1004,0.036647,0.004823,91802,37367,20483,12993,9091,6574,5177,3942,33422,1,1,1,1
