k,n,ok,brk,idx,parity,len,irat,pqat,pqnext,pqw5,pqw20,pqmax,logh11,logh22,logmz,logg0,incone,redst,jhi,rho,rho2,skew,loglam1,logcone,logq,v2qp,dinf,d2,q1,q2,q3,q4,q5,q6,q7,q8,q9,cY,cX,cIdx,intq
22.3500,4730,1,1,52207,1,100210,0.520981,1,42,42,42,438100,27.45253,0.00612,2.36392,0.01030,0,1,3,22.964165,19.342188,19.342188,-0.017184,-0.016521,14.944944,7801,0.001105,0.076493,41586,16981,9275,5978,4173,2988,2234,1742,15252,1,1,1,1
22.4000,4730,1,1,52411,1,100305,0.522522,3,191,191,191,264569,27.48726,0.00612,2.36392,0.01030,0,1,3,47.207452,45.541381,45.541381,-0.034640,-0.033825,14.926590,7564,0.002266,0.074260,41599,17125,9393,5958,3964,3074,2289,1783,15119,1,1,1,1
23.0000,4730,1,1,52959,1,101839,0.520032,7,3,10,1276,295220,27.90314,0.00612,2.36392,0.01030,0,1,3,1.935804,1.443939,1.443939,-0.242219,-0.242079,14.719304,4726,0.016446,0.047051,42198,17466,9486,5976,4102,2949,2299,1826,15536,1,1,1,1
23.9000,4730,1,1,54086,0,104075,0.519688,5,8,10,448,198896,28.52698,0.00612,2.36392,0.01030,1,1,2,1.238662,1.000000,2.478022,-0.554190,-0.554145,14.407270,469,0.038463,0.004770,43060,17775,9672,6251,4242,2987,2384,1852,15851,1,1,1,1
22.3500,4731,1,1,51990,0,99768,0.521114,4,3,12,218,104261,27.45687,0.00220,2.36562,0.00730,1,1,2,1.408486,1.000000,1.720294,-0.016666,-0.016593,14.944709,7808,0.001110,0.076546,41272,16934,9228,5910,3985,2999,2292,1747,15400,1,1,1,1
22.4000,4731,1,1,52164,0,100162,0.520802,1,3,51,94,63342,27.49159,0.00220,2.36562,0.00730,1,0,2,1.310563,1.000000,1.379699,-0.034004,-0.033947,14.927447,7568,0.002274,0.074279,41420,17158,9250,6016,3973,2931,2273,1885,15255,1,1,1,1
23.0000,4731,1,1,52555,1,101470,0.517941,1,109,109,109,9399443,27.90754,0.00220,2.36562,0.00730,0,1,3,69.002869,53.771993,53.771993,-0.242365,-0.241470,14.718908,4729,0.016405,0.047072,42044,17179,9383,6082,4049,3043,2313,1805,15571,1,1,1,1
23.9000,4731,1,1,54567,1,104458,0.522387,1,10,297,297,1477755,28.53124,0.00220,2.36562,0.00730,0,1,3,2.472029,2.313731,2.313731,-0.553882,-0.553690,14.407764,474,0.038430,0.004820,43210,17867,9730,6143,4263,3173,2381,1892,15798,1,1,1,1
22.3500,4732,1,1,52186,0,100177,0.520943,4,5,8,272,137559,27.45530,0.00397,2.35917,0.00899,1,1,2,1.410012,1.000000,2.900458,-0.016716,-0.016643,14.944662,7806,0.001114,0.076511,41688,16864,9453,5875,4050,2957,2298,1745,15246,1,1,1,1
22.4000,4732,1,1,52333,1,100252,0.522020,12,6,31,31,212127,27.48987,0.00397,2.35917,0.00899,0,1,3,3.476929,2.853510,2.853510,-0.033999,-0.033736,14.926899,7570,0.002260,0.074286,41549,16985,9266,6089,4060,2971,2297,1750,15284,1,1,1,1
23.0000,4732,1,1,53172,0,101866,0.521985,159,12,159,159,79423,27.90588,0.00397,2.35917,0.00899,1,1,2,1.402819,1.000000,6.015124,-0.242080,-0.242009,14.719285,4730,0.016442,0.047071,42027,17514,9575,6123,4123,2948,2263,1851,15441,1,1,1,1
23.9000,4732,1,1,54578,0,104739,0.521091,4,76,76,76,4631437,28.52959,0.00397,2.35917,0.00899,1,1,2,1.085598,1.000000,6.858697,-0.553952,-0.553935,14.407007,472,0.038449,0.004799,43556,18043,9702,6134,4149,3057,2382,1845,15870,1,1,1,1
22.3500,4733,1,1,52077,1,100069,0.520416,3,2,14,14,434585,27.45859,0.00384,2.36361,0.00759,0,1,3,1.910945,1.470059,1.470059,-0.015013,-0.014876,14.946168,7804,0.000995,0.076467,41390,17044,9430,5891,4054,3054,2234,1830,15141,1,1,1,1
22.4000,4733,1,1,52303,1,100359,0.521164,1,3,12,47,50042,27.49330,0.00384,2.36361,0.00759,0,1,3,1.701041,1.555899,1.555899,-0.032370,-0.032258,14.929200,7567,0.002161,0.074229,41592,17149,9315,6007,4068,2967,2238,1815,15207,1,1,1,1
23.0000,4733,1,1,53180,0,102120,0.520765,1,1,19,40,83941,27.90921,0.00384,2.36361,0.00759,1,1,3,1.413692,1.000000,1.280230,-0.240305,-0.240231,14.721097,4730,0.016319,0.047055,42648,17483,9306,6017,4033,3027,2307,1861,15437,1,1,1,1
23.9000,4733,1,1,54331,1,104348,0.520676,1,1,8,153,35312,28.53294,0.00384,2.36361,0.00759,0,1,3,1.729470,1.244873,1.244873,-0.552174,-0.552058,14.409301,471,0.038313,0.004787,43359,17707,9811,6039,4262,3115,2337,1837,15880,1,1,1,1
22.3500,4734,1,1,52263,1,99890,0.523211,1,32,32,54,145773,27.45863,0.00413,2.35911,0.00900,0,1,3,2.545648,2.497299,2.497299,-0.014848,-0.014651,14.946814,7808,0.000980,0.076487,41224,17066,9343,5846,4060,2957,2274,1795,15324,1,1,1,1
22.4000,4734,1,1,52416,0,100867,0.519660,1,1,239,239,484109,27.49333,0.00413,2.35911,0.00900,1,1,3,1.411829,1.000000,1.271586,-0.032127,-0.032054,14.929256,7571,0.002147,0.074253,42209,17299,9397,5907,3919,2930,2256,1742,15207,1,1,1,1
23.0000,4734,1,1,52939,1,101583,0.521145,2,14,14,83,618098,27.90931,0.00413,2.35911,0.00900,0,1,3,6.950112,6.057857,6.057857,-0.240280,-0.239871,14.720946,4732,0.016295,0.047066,42153,17197,9441,5950,4059,2983,2241,1823,15735,1,1,1,1
23.9000,4734,1,1,54469,1,104819,0.519653,1,1,11,133,5088813,28.53305,0.00413,2.35911,0.00900,0,1,3,1.647985,1.295586,1.295586,-0.551983,-0.551877,14.409529,470,0.038299,0.004776,43361,18029,9880,6147,4174,3161,2446,1932,15688,1,1,1,1
22.3500,4735,1,1,52561,1,100542,0.522782,33,8,98,98,310613,27.45941,0.00652,2.36231,0.00773,0,1,3,2.226298,1.949134,1.949134,-0.013335,-0.013165,14.948273,7808,0.000881,0.076464,41815,17203,9214,6011,4028,3042,2233,1765,15230,1,1,1,1
22.4000,4735,1,1,52064,0,99847,0.521443,3,2,15,122,357930,27.49411,0.00652,2.36231,0.00773,1,1,3,1.382047,1.000000,1.239289,-0.030626,-0.030557,14.930714,7570,0.002047,0.074220,41228,16971,9162,5924,4119,3033,2220,1800,15389,1,1,1,1
23.0000,4735,1,1,53182,0,101838,0.522227,1,8,23,35,236990,27.91000,0.00652,2.36231,0.00773,1,1,2,1.329362,1.000000,3.541276,-0.238689,-0.238629,14.722599,4729,0.016208,0.047021,42316,17264,9414,5913,4193,3059,2264,1855,15559,1,1,1,1
23.9000,4735,1,1,54443,1,104322,0.521880,22,5,22,150,640758,28.53376,0.00652,2.36231,0.00773,0,0,3,1.055683,1.012874,1.012874,-0.550435,-0.550424,14.410373,468,0.038196,0.004754,43436,17659,9545,6069,4254,3110,2362,1877,16009,1,1,1,1
22.3500,4736,1,1,52480,0,100704,0.521136,1,5,15,27,1753540,27.46680,0.00249,2.36409,0.00612,1,1,2,1.317234,1.000000,2.259330,-0.011618,-0.011560,14.949658,7819,0.000773,0.076548,41923,17143,9389,5900,4222,2957,2277,1747,15145,1,1,1,1
22.4000,4736,1,1,52338,0,100226,0.522205,1,2,122,149,142695,27.50149,0.00249,2.36409,0.00612,1,1,3,1.254219,1.000000,1.049243,-0.028878,-0.028830,14.932337,7584,0.001931,0.074333,41567,17171,9392,5833,3948,2970,2222,1751,15371,1,1,1,1
23.0000,4736,1,1,53128,0,102010,0.520817,16,6,16,52,3472978,27.91743,0.00249,2.36409,0.00612,1,1,2,1.249885,1.000000,1.914762,-0.236914,-0.236867,14.724545,4740,0.016087,0.047114,42208,17427,9480,6026,4166,3084,2342,1859,15417,1,1,1,1
23.9000,4736,1,1,54410,0,104528,0.520535,1,12,20,68,276388,28.54121,0.00249,2.36409,0.00612,1,1,2,1.218248,1.000000,3.131273,-0.548856,-0.548814,14.412321,478,0.038079,0.004854,43316,17769,9778,6219,4179,3139,2377,1918,15832,1,1,1,1
22.3500,4737,1,1,52193,1,100127,0.521273,1,5,6,134,748625,27.46323,0.00263,2.35958,0.00697,0,0,3,2.404897,1.900943,1.900943,-0.013264,-0.013079,14.948098,7817,0.000875,0.076520,41656,16984,9161,5906,4064,2950,2258,1811,15336,1,1,1,1
22.4000,4737,1,1,52509,1,100551,0.522218,2,8,21,29,5061981,27.49791,0.00263,2.35958,0.00697,0,1,3,3.384790,2.738702,2.738702,-0.030642,-0.030385,14.931032,7580,0.002035,0.074285,41752,17067,9335,5960,4245,3007,2267,1748,15169,1,1,1,1
23.0000,4737,1,1,53346,0,102041,0.522795,1,70,70,70,149125,27.91391,0.00263,2.35958,0.00697,1,1,2,1.226791,1.000000,17.992732,-0.238843,-0.238800,14.722343,4737,0.016220,0.047081,42202,17336,9589,6095,4168,3067,2330,1789,15464,1,1,1,1
23.9000,4737,1,1,54312,0,104397,0.520250,2,15,19,638,108806,28.53770,0.00263,2.35958,0.00697,1,0,2,1.095420,1.000000,1.635386,-0.550483,-0.550464,14.410985,477,0.038198,0.004843,43053,17979,9700,6117,4393,3076,2410,1870,15798,1,1,1,1
22.3500,4738,1,1,52199,1,100043,0.521771,10,62,62,62,22243,27.46070,0.00263,2.35700,0.00706,0,1,3,25.484153,23.026993,23.026993,-0.014886,-0.014202,14.947261,7818,0.000950,0.076518,41595,16872,9248,5838,4096,2926,2235,1834,15398,1,1,1,1
22.4000,4738,1,1,52223,1,100411,0.520098,1,18,18,27,242253,27.49537,0.00263,2.35700,0.00706,0,1,3,6.952062,6.051465,6.051465,-0.032081,-0.031672,14.929770,7581,0.002121,0.074285,41762,16956,9336,5911,4067,3033,2292,1766,15287,1,1,1,1
23.0000,4738,1,1,53009,1,101794,0.520753,2,7,8,38,182580,27.91129,0.00263,2.35700,0.00706,0,0,3,2.667180,2.324372,2.324372,-0.239938,-0.239730,14.721323,4738,0.016285,0.047085,42235,17152,9301,6029,4077,3069,2347,1916,15667,1,1,1,1
23.9000,4738,1,1,54534,0,104317,0.522777,1,19,19,22,1180871,28.53509,0.00263,2.35700,0.00706,1,0,2,1.081546,1.000000,1.737918,-0.551806,-0.551789,14.409663,474,0.038293,0.004812,43123,17865,9803,6230,4172,3031,2344,1805,15943,1,1,1,1
22.3500,4739,1,1,52304,0,100582,0.520019,1,271,271,322,436306,27.46587,0.00249,2.36273,0.00812,1,1,2,1.127829,1.000000,37.010075,-0.012375,-0.012350,14.948675,7820,0.000826,0.076514,41885,17099,9414,5949,4083,2921,2325,1747,15158,1,1,1,1
22.4000,4739,1,1,52313,1,100254,0.521810,13,26,26,43,79682,27.50053,0.00249,2.36273,0.00812,0,1,3,5.089912,4.911627,4.911627,-0.029494,-0.029151,14.932314,7583,0.001952,0.074277,41537,17031,9295,5926,4079,3037,2341,1814,15193,1,1,1,1
23.0000,4739,1,1,52921,1,101651,0.520620,1,3,53,53,93726,27.91651,0.00249,2.36273,0.00812,0,1,3,1.635991,1.184605,1.184605,-0.237328,-0.237224,14.724141,4739,0.016111,0.047076,41998,17327,9477,6112,4134,2894,2231,1818,15659,1,1,1,1
23.9000,4739,1,1,54321,1,104736,0.518652,2,4,8,19,897620,28.54032,0.00249,2.36273,0.00812,0,0,3,1.339916,1.014524,1.014524,-0.549222,-0.549161,14.412060,474,0.038104,0.004811,43400,17953,9725,6182,4273,3058,2375,1796,15973,1,1,1,1
22.3500,4740,1,1,51985,1,99924,0.520251,1,3,13,153,87012,27.46607,0.00451,2.36508,0.00778,0,0,3,1.385237,1.015883,1.015883,-0.010972,-0.010903,14.950352,7821,0.000729,0.076499,41079,17079,9479,5905,4083,2999,2242,1823,15234,1,1,1,1
22.4000,4740,1,1,52162,0,100487,0.519097,1,41,514,514,382914,27.50073,0.00451,2.36508,0.00778,1,1,2,1.078195,1.000000,3.431754,-0.028433,-0.028417,14.933036,7584,0.001903,0.074267,41885,16902,9460,5820,4002,2983,2265,1806,15363,1,1,1,1
23.0000,4740,1,1,53146,0,102242,0.519811,2,2,6,126,267193,27.91662,0.00451,2.36508,0.00778,1,1,2,1.406557,1.000000,1.506407,-0.236287,-0.236215,14.725084,4740,0.016042,0.047073,42603,17384,9488,5986,4117,3052,2290,1879,15442,1,1,1,1
23.9000,4740,1,1,54494,0,104312,0.522419,1,5,6,62,552098,28.54045,0.00451,2.36508,0.00778,1,1,2,1.326654,1.000000,2.449033,-0.548256,-0.548197,14.413029,474,0.038035,0.004809,43216,17719,9776,6169,4199,3096,2381,1871,15884,1,1,1,1
22.3500,4741,1,1,52215,1,100518,0.519464,3,3,17,39,73829,27.46521,0.00278,2.36559,0.00780,0,1,3,1.839313,1.538198,1.538198,-0.012263,-0.012135,14.948916,7819,0.000812,0.076471,41875,17091,9324,5883,3999,2949,2292,1813,15291,1,1,1,1
22.4000,4741,1,1,52431,1,100568,0.521354,4,3,218,342,4006100,27.49986,0.00278,2.36559,0.00780,0,1,3,1.954922,1.658753,1.658753,-0.029598,-0.029457,14.931521,7582,0.001973,0.074240,41837,17093,9339,5865,4069,3047,2382,1810,15125,1,1,1,1
23.0000,4741,1,1,53089,1,101483,0.523137,1,2,9,96,199768,27.91580,0.00278,2.36559,0.00780,0,0,3,2.093118,1.528379,1.528379,-0.237565,-0.237409,14.723851,4737,0.016124,0.047037,41769,17232,9422,6077,4181,3067,2359,1877,15498,1,1,1,1
23.9000,4741,1,1,54363,1,104328,0.521083,1,16,16,17,422318,28.53950,0.00278,2.36559,0.00780,0,1,3,9.154049,7.649109,7.649109,-0.549585,-0.549118,14.412333,472,0.038101,0.004788,43046,17725,9853,6192,4284,3066,2399,1878,15884,1,1,1,1
22.3500,4742,1,1,52230,0,100297,0.520759,12,3,12,34,69446,27.46515,0.00248,2.36050,0.00990,1,1,2,1.413575,1.000000,1.886308,-0.012411,-0.012338,14.948979,7825,0.000825,0.076513,41481,17192,9213,5986,4092,3029,2204,1850,15249,1,1,1,1
22.4000,4742,1,1,52336,0,100442,0.521062,1,6,16,52,929740,27.49979,0.00248,2.36050,0.00990,1,0,2,1.323273,1.000000,2.634159,-0.029767,-0.029708,14.931683,7588,0.001990,0.074282,41849,16973,9164,5881,4197,3038,2321,1773,15245,1,1,1,1
23.0000,4742,1,1,53080,0,101954,0.520632,2,10,64,344,260720,27.91580,0.00248,2.36050,0.00990,1,0,2,1.161521,1.000000,1.985626,-0.237740,-0.237708,14.723726,4745,0.016145,0.047107,42219,17205,9572,6014,4072,3032,2372,1829,15638,1,1,1,1
23.9000,4742,1,1,54590,0,104991,0.519954,65,50,65,96,21077,28.53952,0.00248,2.36050,0.00990,1,1,2,1.046871,1.000000,2.461526,-0.549619,-0.549610,14.411210,480,0.038138,0.004869,43751,17846,9696,6193,4334,3047,2497,1809,15817,1,1,1,1
22.3500,4743,1,1,52531,1,100249,0.524010,1,44,44,782,73042,27.46229,0.00521,2.36669,0.00761,0,1,3,19.009032,16.996243,16.996243,-0.012809,-0.012188,14.948578,7824,0.000815,0.076489,41499,16968,9469,5891,4051,3013,2321,1858,15178,1,1,1,1
22.4000,4743,1,1,52285,1,100350,0.521032,42,5,42,65,2350845,27.49692,0.00521,2.36669,0.00761,0,1,3,1.155994,1.029932,1.029932,-0.029831,-0.029801,14.931643,7588,0.001996,0.074266,41514,16996,9498,5904,4067,3027,2257,1887,15199,1,1,1,1
23.0000,4743,1,1,53355,1,102449,0.520801,1,3,16,116,149921,27.91284,0.00521,2.36669,0.00761,0,0,3,2.350200,1.795648,1.795648,-0.237847,-0.237667,14.723545,4741,0.016142,0.047058,42696,17327,9670,6091,4177,2945,2267,1831,15444,1,1,1,1
23.9000,4743,1,1,54350,0,104823,0.518498,7,11,11,40,1648823,28.53657,0.00521,2.36669,0.00761,1,1,2,1.105103,1.000000,1.345182,-0.549679,-0.549658,14.411328,473,0.038141,0.004797,43471,18023,9673,6078,4239,3143,2354,1863,15978,1,1,1,1
22.3500,4744,1,1,52291,1,100372,0.520977,1,12,12,486,1769324,27.46685,0.00263,2.36502,0.00737,0,1,3,6.995943,5.869429,5.869429,-0.011652,-0.011242,14.950221,7828,0.000752,0.076504,41698,16950,9369,6035,4034,3014,2247,1790,15234,1,1,1,1
22.4000,4744,1,1,52434,0,100437,0.522064,4,3,69,185,382289,27.50148,0.00263,2.36502,0.00737,1,1,2,1.353146,1.000000,1.551631,-0.028822,-0.028758,14.932621,7591,0.001926,0.074275,41895,16974,9218,5904,4012,2999,2232,1742,15460,1,1,1,1
23.0000,4744,1,1,53199,1,101868,0.522240,2,1,63,90,122801,27.91745,0.00263,2.36502,0.00737,0,1,3,1.360780,1.016975,1.016975,-0.236765,-0.236700,14.724685,4744,0.016075,0.047074,42122,17208,9577,6033,4088,2918,2266,1871,15784,1,1,1,1
23.9000,4744,1,1,54425,1,104654,0.520052,1,4,31,31,34827,28.54120,0.00263,2.36502,0.00737,0,1,3,2.962679,2.281226,2.281226,-0.548727,-0.548498,14.412582,475,0.038057,0.004815,43320,17903,9685,6191,4245,3134,2459,1879,15837,1,1,1,1
22.3500,4745,1,1,52351,1,100474,0.521045,4,112,112,112,51303,27.46279,0.00450,2.36159,0.00698,0,1,3,48.201228,43.508979,43.508979,-0.012909,-0.012092,14.948247,7826,0.000809,0.076478,41716,16945,9491,5965,4094,3023,2218,1795,15226,1,1,1,1
22.4000,4745,1,1,52486,0,100497,0.522270,1,5,94,94,206653,27.49756,0.00450,2.36159,0.00698,1,1,2,1.404723,1.000000,3.185113,-0.030017,-0.029945,14.931352,7588,0.002006,0.074236,41531,17272,9259,6020,4179,2926,2282,1813,15214,1,1,1,1
23.0000,4745,1,1,52834,0,101751,0.519253,2,6,19,41,278668,27.91344,0.00450,2.36159,0.00698,1,1,2,1.411553,1.000000,3.551560,-0.237972,-0.237900,14.723436,4745,0.016158,0.047078,42246,17008,9539,6009,4118,3047,2310,1766,15707,1,1,1,1
23.9000,4745,1,1,54681,1,105097,0.520296,3,7,14,57,1643548,28.53720,0.00450,2.36159,0.00698,0,1,3,5.208696,3.819778,3.819778,-0.549860,-0.549512,14.411299,471,0.038131,0.004774,43759,17942,9637,6124,4316,3192,2490,1807,15829,1,1,1,1
22.3500,4746,1,1,52402,0,100338,0.522260,1,1,7,87,33992,27.46208,0.00277,2.35665,0.00698,1,0,3,1.414137,1.000000,1.003825,-0.013812,-0.013739,14.947583,7827,0.000919,0.076475,41575,17166,9348,5910,3960,2967,2243,1793,15375,1,1,1,1
22.4000,4746,1,1,52550,0,100567,0.522542,1,11,56,56,482334,27.49670,0.00277,2.35665,0.00698,1,0,2,1.199327,1.000000,2.601218,-0.031227,-0.031189,14.930237,7592,0.002089,0.074266,41647,17207,9456,5931,4118,2970,2327,1830,15080,1,1,1,1
23.0000,4746,1,1,53399,1,102436,0.521296,6,5,31,453,120175,27.91264,0.00277,2.35665,0.00698,0,1,3,3.855345,2.818240,2.818240,-0.239209,-0.238925,14.722524,4742,0.016229,0.047041,42794,17369,9424,5971,4142,2982,2310,1871,15572,1,1,1,1
23.9000,4746,1,1,54398,0,104741,0.519362,1,4,5,153,224273,28.53642,0.00277,2.35665,0.00698,1,1,3,1.189793,1.000000,1.208053,-0.550999,-0.550963,14.410144,471,0.038234,0.004774,43360,17924,9776,6222,4169,3098,2350,1896,15945,1,1,1,1
22.3500,4747,1,1,52252,0,100307,0.520926,1,2,7,43,44820,27.46442,0.00234,2.36679,0.00683,1,1,2,1.403701,1.000000,1.740557,-0.012879,-0.012807,14.948489,7833,0.000857,0.076513,41684,17102,9132,5927,4077,2834,2317,1904,15329,1,1,1,1
22.4000,4747,1,1,52219,1,100503,0.519582,2,7,148,592,156322,27.49902,0.00234,2.36679,0.00683,0,1,3,1.182472,1.009151,1.009151,-0.030126,-0.030091,14.931342,7596,0.002015,0.074283,41600,17090,9486,5940,4153,2924,2307,1787,15215,1,1,1,1
23.0000,4747,1,1,53265,1,102199,0.521194,1,3,11,43,43345,27.91503,0.00234,2.36679,0.00683,0,1,3,2.356943,1.784694,1.784694,-0.238189,-0.238008,14.723384,4747,0.016165,0.047078,42430,17336,9421,6055,4172,3034,2354,1808,15588,1,1,1,1
23.9000,4747,1,1,54425,1,104933,0.518669,1,3,7,16,400267,28.53882,0.00234,2.36679,0.00683,0,0,3,1.671881,1.203961,1.203961,-0.550036,-0.549927,14.411351,476,0.038159,0.004823,43699,17997,9512,6184,4357,3009,2342,1850,15982,1,1,1,1
22.3500,4748,1,1,52108,0,100312,0.519464,1,12,79,79,56803,27.45850,0.00248,2.36585,0.01003,1,1,2,1.102342,1.000000,1.479579,-0.015696,-0.015676,14.945305,7835,0.001049,0.076533,41515,17050,9353,6027,4090,3004,2217,1766,15289,1,1,1,1
22.4000,4748,1,1,52604,0,100614,0.522835,8,3,14,48,139763,27.49325,0.00248,2.36585,0.01003,1,0,3,1.263514,1.000000,1.184653,-0.033043,-0.032994,14.928415,7597,0.002210,0.074292,41851,16947,9472,5888,4160,3049,2289,1764,15193,1,1,1,1
23.0000,4748,1,1,53173,1,102266,0.519953,3,29,29,46,152590,27.90916,0.00248,2.36585,0.01003,0,1,3,6.650575,6.276348,6.276348,-0.241180,-0.240781,14.720028,4748,0.016357,0.047089,42511,17282,9467,6115,4107,3095,2398,1768,15522,1,1,1,1
23.9000,4748,1,1,54284,0,104724,0.518358,1,8,9,83,975257,28.53297,0.00248,2.36585,0.01003,1,0,2,1.238491,1.000000,2.383519,-0.552980,-0.552935,14.408481,475,0.038376,0.004813,43487,17835,9700,6220,4268,3057,2378,1886,15892,1,1,1,1
22.3500,4749,1,1,52183,1,100125,0.521184,2,17,46,46,506031,27.46043,0.00425,2.36097,0.00823,0,1,3,1.784303,1.302677,1.232261,-0.013918,-0.013796,14.947576,7833,0.000923,0.076486,41369,17092,9315,5859,4097,2996,2267,1822,15307,1,1,1,1
22.4000,4749,1,1,52236,0,100690,0.518786,2,3,25,53,68477,27.49502,0.00425,2.36097,0.00823,1,1,2,1.368038,1.000000,1.898833,-0.031265,-0.031199,14.930061,7595,0.002090,0.074249,41779,17200,9397,5945,4113,2950,2303,1786,15216,1,1,1,1
23.0000,4749,1,1,53213,1,102564,0.518832,3,5,26,65,88717,27.91099,0.00425,2.36097,0.00823,0,1,3,1.784269,1.262249,1.029622,-0.239186,-0.239064,14.722253,4745,0.016238,0.047042,42771,17345,9613,6102,4103,3036,2299,1870,15424,1,1,1,1
23.9000,4749,1,1,54620,0,104739,0.521492,17,1,17,105,304892,28.53481,0.00425,2.36097,0.00823,1,1,3,1.405977,1.000000,1.009006,-0.551092,-0.551020,14.410325,473,0.038238,0.004791,43575,17780,9657,6155,4251,3187,2320,1855,15958,1,1,1,1
22.3500,4750,1,1,52085,1,100069,0.520496,1,3,18,1651,7029931,27.46170,0.00330,2.36296,0.00965,0,0,3,1.984654,1.521755,1.521755,-0.013732,-0.013588,14.947621,7836,0.000909,0.076499,41493,17062,9295,5815,3986,2918,2263,1815,15421,1,1,1,1
22.4000,4750,1,1,52705,1,100845,0.522639,1,5,22,200,202200,27.49643,0.00330,2.36296,0.00965,0,1,3,3.900905,3.009212,3.009212,-0.031169,-0.030883,14.930576,7600,0.002068,0.074279,42149,17098,9261,5858,4083,3005,2279,1816,15295,1,1,1,1
23.0000,4750,1,1,53421,1,102705,0.520145,3,9,9,56,390253,27.91232,0.00330,2.36296,0.00965,0,1,3,4.441837,3.863145,3.863145,-0.239139,-0.238825,14.722631,4748,0.016222,0.047061,42564,17599,9585,6073,4252,3098,2327,1808,15398,1,1,1,1
23.9000,4750,1,1,54396,0,104610,0.519993,2,8,402,402,416170,28.53616,0.00330,2.36296,0.00965,1,1,2,1.371114,1.000000,3.771706,-0.551054,-0.550987,14.410275,473,0.038236,0.004790,43273,17828,9677,6161,4362,3208,2380,1897,15823,1,1,1,1
22.3500,4751,1,1,52293,1,100548,0.520085,1,2,12,116,558389,27.45996,0.00334,2.35628,0.00878,0,0,3,1.555451,1.126998,1.126998,-0.014499,-0.014406,14.946864,7839,0.000964,0.076516,41599,17179,9360,6023,4116,3005,2307,1773,15185,1,1,1,1
22.4000,4751,1,1,52551,1,100876,0.520952,2,16,55,55,222227,27.49468,0.00334,2.35628,0.00878,0,1,3,6.607426,5.653804,5.653804,-0.032033,-0.031636,14.929802,7598,0.002119,0.074248,41913,17152,9402,5977,4116,2920,2353,1803,15239,1,1,1,1
23.0000,4751,1,1,53110,0,101940,0.520998,6,2,13,927,361090,27.91063,0.00334,2.35628,0.00878,1,1,3,1.396603,1.000000,1.335181,-0.239850,-0.239780,14.721507,4748,0.016288,0.047054,42364,17171,9399,6050,4110,3097,2249,1857,15642,1,1,1,1
23.9000,4751,1,1,54794,0,105063,0.521540,5,2593,2593,2593,237186,28.53433,0.00334,2.35628,0.00878,1,1,2,1.397615,1.000000,1236.351269,-0.552424,-0.552354,14.409000,472,0.038334,0.004779,43716,17824,9841,6198,4225,3127,2426,1846,15859,1,1,1,1
22.3500,4752,1,1,52674,0,100980,0.521633,1,1,4,54,4183162,27.45908,0.00263,2.36043,0.00795,1,0,3,1.402119,1.000000,1.072686,-0.015379,-0.015308,14.945986,7841,0.001024,0.076524,42208,17041,9491,5878,4103,2973,2314,1771,15200,1,1,1,1
22.4000,4752,1,1,52886,0,101007,0.523593,31,43,154,154,151166,27.49365,0.00263,2.36043,0.00795,1,1,2,1.070305,1.000000,3.214357,-0.032791,-0.032776,14.928128,7604,0.002196,0.074299,41982,17187,9472,6012,4149,2927,2363,1691,15223,1,1,1,1
23.0000,4752,1,1,53207,1,102389,0.519661,1,5,31,55,232297,27.90965,0.00263,2.36043,0.00795,0,1,3,3.504315,2.735513,2.735513,-0.240777,-0.240513,14.720955,4754,0.016338,0.047106,42625,17324,9478,6103,4055,3030,2303,1839,15631,1,1,1,1
23.9000,4752,1,1,54063,1,104276,0.518466,1,5,22,22,1704817,28.53337,0.00263,2.36043,0.00795,0,1,3,3.236058,2.645165,2.645165,-0.552631,-0.552384,14.409048,476,0.038336,0.004819,43070,17567,9746,6198,4189,3225,2416,1866,15998,1,1,1,1
22.3500,4753,1,1,52685,1,100499,0.524239,2,89,199,199,268026,27.46479,0.00277,2.36790,0.00815,0,1,3,43.661772,38.030094,38.030094,-0.012784,-0.011989,14.949477,7841,0.000802,0.076490,41774,16935,9353,5964,4066,3063,2291,1833,15219,1,1,1,1
22.4000,4753,1,1,52144,0,100116,0.520841,1,45,45,46,284265,27.49950,0.00277,2.36790,0.00815,1,0,2,1.104409,1.000000,5.030957,-0.029925,-0.029904,14.931543,7603,0.002003,0.074257,41245,16981,9471,5827,4088,3028,2270,1815,15390,1,1,1,1
23.0000,4753,1,1,53218,0,102366,0.519885,1,668,668,668,155304,27.91542,0.00277,2.36790,0.00815,1,1,2,1.004643,1.000000,3.153456,-0.237834,-0.237833,14.723636,4750,0.016153,0.047047,42348,17554,9582,6059,4082,3052,2367,1801,15520,1,1,1,1
23.9000,4753,1,1,54625,1,104791,0.521281,3,8,40,108,450671,28.53915,0.00277,2.36790,0.00815,0,1,3,4.198241,3.634276,3.634276,-0.549714,-0.549413,14.411450,472,0.038123,0.004776,43326,17880,9782,6312,4304,3076,2367,1884,15859,1,1,1,1
22.3500,4754,1,1,52435,1,100505,0.521721,6,2,52,486,191676,27.46016,0.00421,2.36946,0.00877,0,1,3,1.534515,1.126641,1.126641,-0.013957,-0.013866,14.947070,7841,0.000928,0.076486,41764,17033,9454,5944,4093,2988,2214,1752,15262,1,1,1,1
22.4000,4754,1,1,52554,0,100671,0.522042,1,1,9,3528,33900,27.49486,0.00421,2.36946,0.00877,1,0,3,1.371793,1.000000,1.181260,-0.031312,-0.031246,14.930125,7603,0.002093,0.074249,41783,17146,9272,5876,4141,2996,2353,1800,15303,1,1,1,1
23.0000,4754,1,1,53373,1,102438,0.521032,4,2,36,36,64173,27.91084,0.00421,2.36946,0.00877,0,1,3,1.488420,1.104277,1.104277,-0.239294,-0.239210,14.722172,4750,0.016248,0.047042,42474,17461,9685,6072,4188,2856,2293,1834,15574,1,1,1,1
23.9000,4754,1,1,54463,1,104708,0.520147,1,15,27,27,1337416,28.53458,0.00421,2.36946,0.00877,0,0,3,2.869515,2.255707,2.255707,-0.551239,-0.551017,14.410167,472,0.038238,0.004776,43351,17843,9737,6173,4306,3169,2336,1885,15907,1,1,1,1
22.3500,4755,1,1,52362,0,100344,0.521830,1,4,6,56,174157,27.45918,0.00262,2.37258,0.00891,1,0,3,1.193976,1.000000,1.136417,-0.015334,-0.015296,14.946131,7842,0.001023,0.076484,41750,17129,9254,5748,3922,3005,2271,1856,15408,1,1,1,1
22.4000,4755,1,1,52526,0,100739,0.521412,1,8,38,243,4964243,27.49388,0.00262,2.37258,0.00891,1,1,2,1.302392,1.000000,3.171837,-0.032791,-0.032735,14.928663,7606,0.002193,0.074269,42079,17050,9282,5900,4077,3035,2243,1803,15269,1,1,1,1
23.0000,4755,1,1,53472,0,102194,0.523245,2,2,20,68,616512,27.90976,0.00262,2.37258,0.00891,1,1,2,1.406789,1.000000,1.462607,-0.240653,-0.240581,14.720763,4751,0.016343,0.047047,42450,17302,9607,6023,3980,3011,2309,1916,15595,1,1,1,1
23.9000,4755,1,1,54254,0,104377,0.519794,7,7,7,582,386686,28.53352,0.00262,2.37258,0.00891,1,1,2,1.153657,1.000000,1.211004,-0.552515,-0.552485,14.408580,473,0.038344,0.004785,43040,17828,9794,6225,4297,3066,2311,1900,15915,1,1,1,1
22.3500,4756,1,1,52703,1,101048,0.521569,1,29,29,57,1081494,27.45416,0.00277,2.37020,0.01122,0,1,3,19.596840,14.978395,14.978395,-0.017997,-0.017371,14.943334,7844,0.001162,0.076502,41935,17255,9600,5886,3970,3023,2364,1823,15191,1,1,1,1
22.4000,4756,1,1,52946,0,100930,0.524587,2,45,47,83,1121994,27.48884,0.00277,2.37020,0.01122,1,0,2,1.076428,1.000000,3.609357,-0.035190,-0.035175,14.926279,7609,0.002357,0.074295,41803,17228,9455,5916,4116,2988,2302,1856,15265,1,1,1,1
23.0000,4756,1,1,53479,1,102597,0.521258,1,16,21,38,97021,27.90479,0.00277,2.37020,0.01122,0,1,3,1.850671,1.700989,1.700989,-0.243084,-0.242955,14.718496,4756,0.016507,0.047094,42433,17671,9643,5978,4231,3059,2394,1813,15374,1,1,1,1
23.9000,4756,1,1,54622,0,104725,0.521581,10,2,14,208,82423,28.52856,0.00277,2.37020,0.01122,1,1,3,1.384776,1.000000,1.165323,-0.554923,-0.554854,14.406421,472,0.038514,0.004775,43235,17710,9878,6182,4248,3198,2386,1929,15958,1,1,1,1
22.3500,4757,1,1,52305,1,100476,0.520577,1,10,10,24,110083,27.46209,0.00291,2.36792,0.00920,0,1,3,2.110918,1.508817,1.326232,-0.013649,-0.013492,14.947798,7842,0.000903,0.076444,41723,16964,9373,5994,4005,3008,2307,1828,15273,1,1,1,1
22.4000,4757,1,1,52696,0,100675,0.523432,12,3,708,708,80771,27.49677,0.00291,2.36792,0.00920,1,1,3,1.292859,1.000000,1.115886,-0.030969,-0.030915,14.930286,7604,0.002071,0.074211,41667,17186,9242,5943,4093,3070,2318,1829,15326,1,1,1,1
23.0000,4757,1,1,53818,0,102913,0.522952,1,129,129,273,3523503,27.91278,0.00291,2.36792,0.00920,1,1,2,1.222982,1.000000,32.241334,-0.239328,-0.239286,14.722134,4750,0.016253,0.047013,43179,17413,9467,6045,4123,3029,2343,1841,15472,1,1,1,1
23.9000,4757,1,1,54268,0,104550,0.519068,1,76,76,76,251502,28.53656,0.00291,2.36792,0.00920,1,1,2,1.391780,1.000000,36.108426,-0.551235,-0.551165,14.410117,468,0.038248,0.004732,43429,17647,9696,6027,4294,3141,2375,1809,16131,1,1,1,1
22.3500,4758,1,1,52615,1,100644,0.522788,1,18,18,56,136349,27.46195,0.00360,2.36736,0.01054,0,1,3,2.367087,1.806351,1.777883,-0.013500,-0.013319,14.947896,7853,0.000891,0.076534,41829,16985,9426,5971,4140,2858,2196,1805,15433,1,1,1,1
22.4000,4758,1,1,52687,1,100634,0.523556,2,1847,1847,1847,53081,27.49662,0.00360,2.36736,0.01054,0,1,3,471.763548,455.816072,455.816072,-0.031422,-0.030128,14.929895,7613,0.002018,0.074285,41497,17152,9325,6003,4225,3107,2339,1781,15204,1,1,1,1
23.0000,4758,1,1,53358,0,102440,0.520876,1,2,42,160,110577,27.91254,0.00360,2.36736,0.01054,1,1,2,1.343319,1.000000,1.359069,-0.238769,-0.238707,14.722533,4758,0.016214,0.047081,42522,17460,9562,5987,4216,3061,2308,1851,15472,1,1,1,1
23.9000,4758,1,1,54343,1,104493,0.520069,2,33,33,33,837895,28.53634,0.00360,2.36736,0.01054,0,1,3,18.890746,15.709318,15.709318,-0.550929,-0.550311,14.410353,478,0.038189,0.004832,43101,17646,9875,6148,4263,3184,2385,1886,16004,1,1,1,1
22.3500,4759,1,1,52508,0,100544,0.522244,2,9,11,18,5779679,27.46660,0.00233,2.36866,0.00890,1,1,2,1.342923,1.000000,3.878905,-0.011844,-0.011782,14.949458,7851,0.000788,0.076491,41723,17136,9248,5918,4103,3024,2222,1773,15396,1,1,1,1
22.4000,4759,1,1,52347,1,100762,0.519516,2,4,10,94,639429,27.50127,0.00233,2.36866,0.00890,0,0,3,2.133129,1.749495,1.749495,-0.029092,-0.028933,14.932205,7613,0.001938,0.074258,41618,16966,9432,6137,4261,3007,2294,1753,15293,1,1,1,1
23.0000,4759,1,1,53389,1,102517,0.520787,1,10,10,99,112061,27.91724,0.00233,2.36866,0.00890,0,1,3,4.705670,4.004323,4.004323,-0.237168,-0.236842,14.724596,4757,0.016085,0.047054,42461,17448,9527,6061,4195,2985,2404,1814,15621,1,1,1,1
23.9000,4759,1,1,54682,0,104903,0.521267,1,3,32,145,176990,28.54106,0.00233,2.36866,0.00890,1,1,2,1.396362,1.000000,1.870843,-0.548993,-0.548923,14.412432,474,0.038087,0.004790,43433,17764,9849,6231,4333,3119,2283,1866,16024,1,1,1,1
22.3500,4760,1,1,52910,0,101118,0.523255,7,35,122,243,99835,27.46742,0.00248,2.37157,0.00982,1,0,2,1.056701,1.000000,2.106905,-0.011392,-0.011380,14.950078,7854,0.000761,0.076501,42217,17002,9310,6015,4123,2963,2328,1865,15294,1,1,1,1
22.4000,4760,1,1,52534,0,100713,0.521626,1,1,25,155,122445,27.50208,0.00248,2.37157,0.00982,1,0,3,1.413871,1.000000,1.323274,-0.028664,-0.028591,14.932728,7616,0.001915,0.074269,42004,16822,9344,5960,4067,3090,2317,1772,15336,1,1,1,1
23.0000,4760,1,1,53166,0,101862,0.521947,1,4,4,17,84626,27.91797,0.00248,2.37157,0.00982,1,0,2,1.297913,1.000000,1.837363,-0.236650,-0.236595,14.724805,4761,0.016068,0.047083,41834,17427,9560,5899,4186,3008,2385,1868,15694,1,1,1,1
23.9000,4760,1,1,54634,0,104815,0.521247,2,15,15,15,485171,28.54180,0.00248,2.37157,0.00982,1,1,2,1.393930,1.000000,7.569203,-0.548715,-0.548645,14.412712,476,0.038067,0.004809,43578,17633,9793,6082,4324,3108,2374,1897,16025,1,1,1,1
22.3500,4761,1,1,52730,0,100896,0.522623,1,5,7,11,174859,27.46599,0.00262,2.37362,0.00962,1,1,3,1.136482,1.000000,1.001964,-0.011901,-0.011874,14.949566,7852,0.000794,0.076468,41972,17081,9371,6082,4044,3029,2276,1819,15221,1,1,1,1
22.4000,4761,1,1,52476,0,100910,0.520033,1,2,21,149,250126,27.50064,0.00262,2.37362,0.00962,1,0,3,1.296855,1.000000,1.045528,-0.029233,-0.029178,14.932222,7614,0.001954,0.074236,41883,17225,9331,5904,4041,2998,2355,1875,15297,1,1,1,1
23.0000,4761,1,1,52916,0,102193,0.517810,1,2,72,72,116660,27.91659,0.00262,2.37362,0.00962,1,0,3,1.393117,1.000000,1.332387,-0.237231,-0.237161,14.724197,4757,0.016107,0.047036,42097,17435,9565,6042,4201,3078,2385,1911,15478,1,1,1,1
23.9000,4761,1,1,54828,0,104997,0.522191,1,83,83,352,253062,28.54029,0.00262,2.37362,0.00962,1,1,2,1.141757,1.000000,12.770417,-0.549322,-0.549295,14.411754,473,0.038114,0.004778,43700,17608,9733,6167,4356,3102,2379,1952,15999,1,1,1,1
22.3500,4762,1,1,52706,0,100708,0.523360,3,2,32,45,69676,27.46784,0.00324,2.37736,0.00890,1,0,3,1.313496,1.000000,1.107098,-0.010631,-0.010574,14.950821,7856,0.000707,0.076484,41652,17190,9411,5892,4166,3040,2256,1820,15280,1,1,1,1
22.4000,4762,1,1,52371,1,100478,0.521224,1,10,10,24,247133,27.50248,0.00324,2.37736,0.00890,0,1,3,5.975917,4.913566,4.913566,-0.028111,-0.027736,14.933233,7616,0.001857,0.074235,41571,17023,9307,5940,4100,3011,2319,1882,15324,1,1,1,1
23.0000,4762,1,1,53628,0,102600,0.522695,68,5,68,68,421085,27.91848,0.00324,2.37736,0.00890,1,1,2,1.410456,1.000000,2.986626,-0.236060,-0.235988,14.725351,4758,0.016026,0.047032,42731,17259,9678,5992,4176,3112,2297,1826,15528,1,1,1,1
23.9000,4762,1,1,54734,0,105240,0.520092,1,2,3,21,343446,28.54220,0.00324,2.37736,0.00890,1,1,3,1.309636,1.000000,1.157732,-0.547819,-0.547762,14.413452,473,0.038004,0.004777,43776,17897,9648,6349,4367,3124,2296,1868,15914,1,1,1,1
22.3500,4763,1,1,52458,0,100734,0.520763,2,4028,4028,4028,2550314,27.46978,0.00233,2.37593,0.00975,1,1,2,1.006461,1.000000,26.117228,-0.010544,-0.010542,14.949868,7864,0.000705,0.076551,41727,17116,9517,5984,3989,3039,2283,1830,15248,1,1,1,1
22.4000,4763,1,1,52717,1,100818,0.522898,3,21,59,59,370029,27.50441,0.00233,2.37593,0.00975,0,1,3,4.858385,4.520888,4.520888,-0.027677,-0.027345,14.933555,7619,0.001831,0.074247,41927,17154,9311,6004,4092,2902,2329,1764,15334,1,1,1,1
23.0000,4763,1,1,53431,1,102441,0.521583,10,3,13,22,1480389,27.92033,0.00233,2.37593,0.00975,0,1,3,1.517369,1.371717,1.371717,-0.235506,-0.235419,14.726040,4762,0.015987,0.047060,42367,17345,9769,5985,4181,3116,2311,1809,15557,1,1,1,1
23.9000,4763,1,1,54802,0,105069,0.521586,1,1,52,144,141082,28.54406,0.00233,2.37593,0.00975,1,0,3,1.404468,1.000000,1.160577,-0.547359,-0.547287,14.414060,478,0.037969,0.004826,43644,17881,9815,6291,4221,3120,2342,1842,15912,1,1,1,1
22.3500,4764,1,1,52173,1,100272,0.520320,1,3,30,169,421525,27.47104,0.00381,2.37481,0.00875,0,1,3,2.550205,1.999559,1.999559,-0.008850,-0.008654,14.952800,7860,0.000579,0.076481,41459,16970,9461,5933,4066,2890,2314,1751,15427,1,1,1,1
22.4000,4764,1,1,52740,0,101089,0.521724,1,7,64,71,88574,27.50567,0.00381,2.37481,0.00875,1,1,2,1.380296,1.000000,3.739664,-0.026231,-0.026163,14.935204,7621,0.001752,0.074243,42067,17319,9350,5826,4148,2893,2349,1768,15368,1,1,1,1
23.0000,4764,1,1,53631,1,102672,0.522358,1,11,11,37,411389,27.92165,0.00381,2.37481,0.00875,0,1,3,8.341762,6.208049,6.208049,-0.234272,-0.233827,14.727628,4762,0.015877,0.047045,42709,17496,9337,6131,4225,2990,2389,1862,15532,1,1,1,1
23.9000,4764,1,1,54743,1,105132,0.520712,1,1,18,165,268464,28.54539,0.00381,2.37481,0.00875,0,0,3,1.355061,1.049438,1.049438,-0.545951,-0.545887,14.415548,475,0.037868,0.004794,43628,17910,9745,6114,4218,3138,2562,1854,15962,1,1,1,1
22.3500,4765,1,1,52285,1,100302,0.521281,3,2,8,105,274598,27.46882,0.00262,2.37180,0.00959,0,1,3,1.454652,1.224210,1.224210,-0.010446,-0.010367,14.950711,7859,0.000693,0.076466,41377,17095,9317,5884,4000,3020,2276,1821,15511,1,1,1,1
22.4000,4765,1,1,52683,1,101090,0.521155,1,1,108,108,94871,27.50359,0.00262,2.37180,0.00959,0,0,3,1.496913,1.068035,1.068035,-0.027823,-0.027738,14.933556,7618,0.001857,0.074206,42108,17212,9311,5894,4094,2999,2250,1766,15455,1,1,1,1
23.0000,4765,1,1,53227,1,102539,0.519095,1,11,12,45,190869,27.91948,0.00262,2.37180,0.00959,0,1,3,3.673013,3.343301,3.343301,-0.235887,-0.235614,14.725841,4760,0.016000,0.047021,42542,17409,9612,6008,4147,3037,2370,1738,15675,1,1,1,1
23.9000,4765,1,1,54583,1,104797,0.520850,1,4,19,118,123662,28.54324,0.00262,2.37180,0.00959,0,0,3,1.996771,1.582057,1.582057,-0.547688,-0.547543,14.413634,471,0.037988,0.004753,43145,18020,9871,6024,4314,3056,2376,1930,16060,1,1,1,1
22.3500,4766,1,1,52651,1,100816,0.522254,5,573,573,573,41721270,27.46856,0.00405,2.37592,0.01030,0,1,3,4.281977,3.647922,3.598260,-0.010073,-0.009768,14.951665,7865,0.000653,0.076503,42037,17136,9186,5993,4148,2963,2253,1810,15289,1,1,1,1
22.4000,4766,1,1,52857,1,101178,0.522421,2,167,167,167,715198,27.50318,0.00405,2.37592,0.01030,0,1,3,2.812720,2.180402,2.062736,-0.027321,-0.027104,14.934298,7626,0.001815,0.074265,42129,17159,9354,5982,4162,2925,2214,1772,15480,1,1,1,1
23.0000,4766,1,1,53488,0,102685,0.520899,12,9,62,62,106692,27.91912,0.00405,2.37592,0.01030,1,1,2,1.241286,1.000000,2.486176,-0.235314,-0.235268,14.726148,4762,0.015976,0.047030,42461,17783,9458,6064,4153,2990,2318,1835,15622,1,1,1,1
23.9000,4766,1,1,54947,1,105348,0.521581,2,15,17,36,548309,28.54290,0.00405,2.37592,0.01030,0,1,3,5.206102,4.652240,4.652240,-0.547268,-0.546921,14.414040,480,0.037944,0.004843,43726,18067,9817,6050,4387,3150,2337,1886,15927,1,1,1,1
22.3500,4767,1,1,52314,0,100519,0.520444,2,24,24,130,79486,27.47158,0.00247,2.37970,0.01061,1,1,2,1.413982,1.000000,12.329936,-0.009436,-0.009363,14.951966,7860,0.000626,0.076437,41678,16877,9362,5983,4117,3071,2285,1810,15335,1,1,1,1
22.4000,4767,1,1,52470,0,100712,0.520996,2,129,129,129,117513,27.50618,0.00247,2.37970,0.01061,1,1,2,1.194870,1.000000,27.796335,-0.026824,-0.026787,14.934641,7622,0.001794,0.074209,41606,17085,9344,5980,4133,2969,2336,1820,15438,1,1,1,1
23.0000,4767,1,1,53378,0,102247,0.522055,1,7,7,39,270462,27.92219,0.00247,2.37970,0.01061,1,1,2,1.236899,1.000000,2.190435,-0.234560,-0.234515,14.726640,4761,0.015925,0.047008,42170,17481,9594,6056,4167,3003,2301,1831,15643,1,1,1,1
23.9000,4767,1,1,54547,1,104988,0.519560,1,2,336,336,56982,28.54598,0.00247,2.37970,0.01061,0,1,3,1.809006,1.332967,1.332967,-0.546402,-0.546277,14.415101,476,0.037896,0.004801,43656,17707,9808,6211,4206,3109,2406,1882,16002,1,1,1,1
22.3500,4768,1,1,52799,1,101109,0.522204,5,5,20,438,108108,27.47631,0.00558,2.38539,0.00881,0,0,3,1.193263,1.031469,1.031469,-0.005204,-0.005167,14.955903,7868,0.000345,0.076479,42053,17303,9314,5926,4119,2973,2399,1753,15268,1,1,1,1
22.4000,4768,1,1,52655,1,100830,0.522221,5,3,21,31,76884,27.51106,0.00558,2.38539,0.00881,0,0,3,1.334842,1.175953,1.175953,-0.022589,-0.022528,14.938512,7629,0.001508,0.074242,42049,17034,9253,5888,4071,2951,2204,1840,15539,1,1,1,1
23.0000,4768,1,1,53009,1,102035,0.519523,1,6,37,58,145768,27.92698,0.00558,2.38539,0.00881,0,1,3,3.174831,2.541338,2.541338,-0.230629,-0.230387,14.731027,4768,0.015640,0.047054,42226,17277,9480,6076,4230,2910,2269,1760,15806,1,1,1,1
23.9000,4768,1,1,54619,1,105060,0.519889,5,30,36,294,57649,28.55078,0.00558,2.38539,0.00881,0,1,3,9.452508,8.894803,8.894803,-0.542662,-0.542191,14.418434,479,0.037604,0.004830,43499,17944,9731,6303,4238,3140,2378,1830,15996,1,1,1,1
22.3500,4769,1,1,52422,0,100607,0.521062,6,2,24,35,59964,27.47472,0.00276,2.38370,0.01080,1,0,3,1.349374,1.000000,1.176880,-0.007510,-0.007447,14.953935,7866,0.000498,0.076453,41724,17011,9284,5873,4162,2999,2307,1851,15395,1,1,1,1
22.4000,4769,1,1,53010,0,100953,0.525101,1,7,10,61,215016,27.50931,0.00276,2.38370,0.01080,1,1,3,1.116095,1.000000,1.093163,-0.024795,-0.024772,14.936674,7627,0.001658,0.074216,41882,17165,9419,5805,4076,2981,2283,1886,15455,1,1,1,1
23.0000,4769,1,1,53615,1,102323,0.523983,2,23,41,41,192170,27.92528,0.00276,2.38370,0.01080,0,1,3,14.170206,11.410663,11.410663,-0.233039,-0.232483,14.728979,4765,0.015784,0.047021,42378,17412,9715,5990,4060,3044,2322,1822,15579,1,1,1,1
23.9000,4769,1,1,54795,1,105355,0.520104,1,3,21,295,375252,28.54910,0.00276,2.38370,0.01080,0,1,3,2.514170,1.970613,1.970613,-0.544764,-0.544570,14.416876,473,0.037773,0.004769,43850,17887,9746,6241,4235,3083,2391,1906,16015,1,1,1,1
22.3500,4770,1,1,52051,1,100544,0.517699,1,3,12,567,400653,27.47717,0.00276,2.38203,0.01008,0,1,3,2.897582,2.176938,2.176938,-0.006305,-0.006082,14.955062,7868,0.000407,0.076451,41560,17179,9331,5901,4196,2972,2222,1787,15395,1,1,1,1
22.4000,4770,1,1,52416,0,100589,0.521096,1,22,22,105,74166,27.51190,0.00276,2.38203,0.01008,1,1,2,1.237353,1.000000,6.160073,-0.023780,-0.023735,14.937421,7628,0.001589,0.074207,41686,17026,9463,5783,4067,3027,2255,1793,15488,1,1,1,1
23.0000,4770,1,1,53608,0,102897,0.520992,2,2,31,53,215166,27.92779,0.00276,2.38203,0.01008,1,1,3,1.395161,1.000000,1.388829,-0.231563,-0.231493,14.729864,4773,0.015716,0.047087,42867,17382,9636,5974,4242,3099,2280,1835,15581,1,1,1,1
23.9000,4770,1,1,54542,0,104918,0.519859,1,25,25,38,132976,28.55162,0.00276,2.38203,0.01008,1,1,2,1.117397,1.000000,3.306110,-0.543574,-0.543551,14.417461,474,0.037701,0.004777,43464,17753,9733,6230,4155,3167,2411,1952,16052,1,1,1,1
22.3500,4771,1,1,52717,1,100977,0.522075,21,584,584,584,977429,27.47975,0.00262,2.38705,0.00938,0,1,3,225.266844,207.872445,207.872445,-0.005515,-0.004379,14.955298,7869,0.000293,0.076443,41917,17127,9338,5973,4221,3049,2285,1761,15305,1,1,1,1
22.4000,4771,1,1,52951,1,101376,0.522328,1,2,105,105,1874202,27.51447,0.00262,2.38705,0.00938,0,0,3,1.519070,1.085314,1.085314,-0.022319,-0.022232,14.939060,7632,0.001488,0.074222,42269,17258,9359,5902,4116,3013,2246,1866,15346,1,1,1,1
23.0000,4771,1,1,53515,1,102840,0.520377,1,10,10,28363,148227,27.93042,0.00262,2.38705,0.00938,0,0,3,2.708563,2.120073,2.120073,-0.230367,-0.230159,14.731032,4767,0.015624,0.047014,42915,17404,9511,6061,4246,3001,2299,1841,15561,1,1,1,1
23.9000,4771,1,1,54809,1,105386,0.520084,3,118,118,381,118058,28.55412,0.00262,2.38705,0.00938,0,0,3,8.078154,7.782503,7.782503,-0.542356,-0.541918,14.418863,474,0.037584,0.004776,43642,18063,9672,6328,4303,3160,2426,1869,15922,1,1,1,1
22.3500,4772,1,1,52695,1,100606,0.523781,2,23,163,163,118034,27.48401,0.00437,2.39731,0.00955,0,1,3,3.135763,2.427535,2.366426,-0.002131,-0.001891,14.959511,7870,0.000126,0.076416,41811,17001,9292,5912,4170,2992,2220,1896,15311,1,1,1,1
22.4000,4772,1,1,52898,0,101274,0.522331,1,41,41,306,1677044,27.51858,0.00437,2.39731,0.00955,1,1,2,1.395152,1.000000,20.110394,-0.019641,-0.019571,14.941716,7632,0.001310,0.074193,42236,17209,9501,5898,4052,2955,2326,1785,15311,1,1,1,1
23.0000,4772,1,1,53608,0,102815,0.521408,1,1,9,323,359523,27.93459,0.00437,2.39731,0.00955,1,0,3,1.412748,1.000000,1.152379,-0.227335,-0.227263,14.734071,4768,0.015424,0.047004,42768,17430,9513,6015,4207,3031,2389,1767,15694,1,1,1,1
23.9000,4772,1,1,54752,0,105529,0.518839,5,2,9,43,4335463,28.55830,0.00437,2.39731,0.00955,1,1,3,1.402286,1.000000,1.129767,-0.539197,-0.539126,14.422170,477,0.037382,0.004804,43794,17976,9927,6200,4214,3180,2398,1872,15967,1,1,1,1
22.3500,4773,1,1,52660,0,100852,0.522156,1,4,24,24,209369,27.48085,0.00290,2.39494,0.01161,1,0,2,1.321119,1.000000,1.982822,-0.004375,-0.004316,14.957077,7869,0.000289,0.076402,41792,17117,9347,6009,4061,2977,2395,1795,15358,1,1,1,1
22.4000,4773,1,1,52774,0,100918,0.522945,1,4,12,86,252080,27.51556,0.00290,2.39494,0.01161,1,1,2,1.356889,1.000000,2.214899,-0.021738,-0.021674,14.939705,7631,0.001451,0.074178,41869,17113,9302,6098,4102,2870,2325,1844,15394,1,1,1,1
23.0000,4773,1,1,53620,0,102652,0.522352,1,1,63,63,46062,27.93148,0.00290,2.39494,0.01161,1,1,3,1.413494,1.000000,1.396885,-0.229647,-0.229575,14.731744,4765,0.015584,0.046972,42729,17346,9570,5990,4105,3005,2313,1860,15733,1,1,1,1
23.9000,4773,1,1,55167,1,105452,0.523153,1,7,7,357,77293,28.55521,0.00290,2.39494,0.01161,0,1,3,2.195350,1.940982,1.940982,-0.541550,-0.541385,14.420057,470,0.037544,0.004733,43885,17946,9886,6115,4263,3169,2453,1805,15929,1,1,1,1
22.3500,4774,1,1,52716,0,100796,0.523002,2,314,314,314,488766,27.48447,0.00375,2.39623,0.00888,1,1,2,1.003354,1.000000,1.139265,-0.002025,-0.002024,14.958253,7874,0.000135,0.076429,41652,17000,9424,6103,4143,3018,2342,1796,15317,1,1,1,1
22.4000,4774,1,1,52497,1,100356,0.523113,1,3,9,98,38313,27.51917,0.00375,2.39623,0.00888,0,1,3,2.815780,2.102913,2.102913,-0.019447,-0.019230,14.941902,7638,0.001287,0.074219,41314,16975,9429,5943,4104,3037,2286,1740,15527,1,1,1,1
23.0000,4774,1,1,53620,0,103156,0.519800,5,195,195,195,139841,27.93515,0.00375,2.39623,0.00888,1,1,2,1.005455,1.000000,1.150496,-0.227364,-0.227363,14.733015,4770,0.015432,0.047008,43081,17489,9536,6068,4237,2968,2341,1819,15616,1,1,1,1
23.9000,4774,1,1,54660,0,105170,0.519735,1,4,17,122,67240,28.55889,0.00375,2.39623,0.00888,1,1,2,1.341225,1.000000,1.842114,-0.539293,-0.539232,14.422008,476,0.037390,0.004792,43830,17837,9620,6241,4308,3040,2306,1891,16096,1,1,1,1
22.3500,4775,1,1,52703,1,100762,0.523050,1,15,15,15,78550,27.48720,0.00261,2.39115,0.00916,0,0,3,3.537272,3.020342,3.020342,-0.001434,-0.001169,14.959920,7873,0.000078,0.076395,41672,17155,9461,5764,4181,3096,2267,1773,15392,1,1,1,1
22.4000,4775,1,1,52755,1,101048,0.522084,1,2,3,24,1889254,27.52189,0.00261,2.39115,0.00916,0,1,3,2.369613,1.711045,1.711045,-0.018721,-0.018540,14.942884,7634,0.001241,0.074160,41937,17158,9274,6051,4085,3039,2315,1808,15380,1,1,1,1
23.0000,4775,1,1,53708,0,102810,0.522406,3,6,104,447,145310,27.93778,0.00261,2.39115,0.00916,1,1,2,1.212969,1.000000,1.587340,-0.226657,-0.226617,14.734517,4769,0.015380,0.046983,42555,17683,9505,6036,4212,3070,2353,1784,15611,1,1,1,1
23.9000,4775,1,1,54831,1,105467,0.519893,1,1,5,20,192454,28.56154,0.00261,2.39115,0.00916,0,0,3,1.591195,1.165587,1.165587,-0.538504,-0.538407,14.422852,472,0.037330,0.004751,43826,17680,9819,6375,4379,3164,2343,1861,16019,1,1,1,1
22.3500,4776,1,1,53130,0,101595,0.522964,1,22,33,430,241509,27.48353,0.00415,2.38695,0.00873,1,1,2,1.406964,1.000000,11.249849,-0.002584,-0.002513,14.958790,7877,0.000168,0.076423,42121,17618,9553,6025,4196,2867,2221,1815,15178,1,1,1,1
22.4000,4776,1,1,52786,0,101326,0.520957,1,4,6,17,465003,27.51822,0.00415,2.38695,0.00873,1,1,2,1.347352,1.000000,1.976063,-0.019744,-0.019682,14.941563,7638,0.001317,0.074190,42244,17196,9435,6036,3998,3057,2284,1799,15276,1,1,1,1
23.0000,4776,1,1,53348,0,102335,0.521313,1,2,82,82,1153747,27.93416,0.00415,2.38695,0.00873,1,0,3,1.290506,1.000000,1.163824,-0.227654,-0.227600,14.733802,4772,0.015447,0.047005,42215,17511,9569,6061,4090,2984,2323,1833,15748,1,1,1,1
23.9000,4776,1,1,54857,1,105399,0.520475,1,3,6,42,340582,28.55794,0.00415,2.38695,0.00873,0,0,3,1.931402,1.390445,1.390445,-0.539566,-0.539428,14.421853,475,0.037404,0.004780,43836,17840,9849,6107,4347,3124,2469,1942,15884,1,1,1,1
22.3500,4777,1,1,52853,1,101103,0.522769,2,14,33,104,101872,27.48636,0.00503,2.38656,0.01105,0,1,3,8.602615,6.923525,6.923525,-0.000629,-0.000178,14.961292,7876,0.000012,0.076385,41862,17134,9488,5963,4127,3004,2337,1905,15282,1,1,1,1
22.4000,4777,1,1,52871,1,101273,0.522069,2,6,652,652,101568,27.52104,0.00503,2.38656,0.01105,0,1,3,2.791450,2.371715,2.371715,-0.017855,-0.017640,14.943793,7636,0.001180,0.074144,42071,17129,9404,5881,4153,3054,2440,1780,15360,1,1,1,1
23.0000,4777,1,1,53915,1,102960,0.523655,1,36,51,403,44837,27.93704,0.00503,2.38656,0.01105,0,1,3,2.851255,2.113825,1.926700,-0.225836,-0.225617,14.735629,4770,0.015311,0.046970,42856,17463,9529,6055,4175,3115,2354,1790,15622,1,1,1,1
23.9000,4777,1,1,54759,1,105243,0.520315,5,102,102,102,48012,28.56083,0.00503,2.38656,0.01105,0,1,3,25.688234,24.325538,24.325538,-0.537997,-0.537317,14.424147,470,0.037251,0.004728,43667,17938,9731,6123,4335,3052,2471,1939,15986,1,1,1,1
22.3500,4778,1,1,52859,1,101137,0.522653,4,3,63,106,23644,27.49185,0.00290,2.39128,0.00957,0,1,3,2.160685,1.739199,1.739199,0.001105,0.001266,14.962691,7876,-0.000085,0.076362,41889,17194,9368,6125,4132,2989,2269,1802,15368,1,1,1,1
22.4000,4778,1,1,53160,0,101508,0.523708,1,8,8,246,276946,27.52652,0.00290,2.39128,0.00957,1,1,2,1.179038,1.000000,1.822956,-0.016238,-0.016203,14.944895,7637,0.001084,0.074133,42253,17287,9444,6035,4062,3024,2339,1775,15288,1,1,1,1
23.0000,4778,1,1,53728,0,103066,0.521302,20,14,35,223,1286907,27.94244,0.00290,2.39128,0.00957,1,0,2,1.120734,1.000000,1.915733,-0.224202,-0.224178,14.737267,4770,0.015212,0.046955,42831,17539,9681,5967,4167,3102,2381,1857,15540,1,1,1,1
23.9000,4778,1,1,55131,1,105464,0.522752,5,7,7,54,241260,28.56624,0.00290,2.39128,0.00957,0,1,3,3.340271,2.915246,2.915246,-0.536148,-0.535896,14.425561,470,0.037149,0.004727,43876,17842,9876,6197,4205,3187,2480,1787,16013,1,1,1,1
22.3500,4779,1,1,52819,1,100931,0.523323,1,1,42,42,110652,27.49270,0.00160,2.39098,0.01176,0,0,3,1.615071,1.218527,1.218527,0.000965,0.001065,14.962293,7894,-0.000071,0.076522,41970,16981,9389,5980,4118,3035,2326,1773,15358,1,1,1,1
22.4000,4779,1,1,53097,1,101805,0.521561,1,9,19,79,444050,27.52736,0.00160,2.39098,0.01176,0,1,3,3.380717,3.051851,3.051851,-0.016468,-0.016213,14.945240,7656,0.001085,0.074300,42408,17357,9562,5989,4226,3015,2293,1781,15173,1,1,1,1
23.0000,4779,1,1,53797,1,103052,0.522042,1,113,113,113,23586,27.94334,0.00160,2.39098,0.01176,0,1,3,7.819718,6.974119,6.974119,-0.224542,-0.224112,14.737333,4790,0.015207,0.047142,42750,17452,9642,6011,4313,3149,2304,1842,15588,1,1,1,1
23.9000,4779,1,1,54885,1,105357,0.520948,3,10,200,200,187427,28.56716,0.00160,2.39098,0.01176,0,1,3,6.939659,5.392103,5.392103,-0.536424,-0.536019,14.425432,486,0.037158,0.004886,43522,18028,9801,6255,4318,3214,2399,1917,15902,1,1,1,1
22.3500,4780,1,1,52778,0,101281,0.521110,1,12,12,114,59500,27.49111,0.00362,2.38601,0.00890,1,0,2,1.169579,1.000000,2.475735,0.001011,0.001044,14.962478,7895,-0.000070,0.076515,41870,17284,9500,6036,4125,3031,2280,1895,15259,1,1,1,1
22.4000,4780,1,1,52760,0,101378,0.520434,1,11,12,77,77385,27.52576,0.00362,2.38601,0.00890,1,1,2,1.092190,1.000000,1.120735,-0.016237,-0.016218,14.944745,7657,0.001085,0.074296,42108,17297,9321,5940,4208,3007,2303,1818,15375,1,1,1,1
23.0000,4780,1,1,53587,1,102820,0.521178,1,1,27,27,508512,27.94165,0.00362,2.38601,0.00890,0,1,3,1.445174,1.045994,1.045994,-0.224174,-0.224097,14.737270,4788,0.015206,0.047112,42409,17625,9480,6160,4198,3110,2318,1885,15634,1,1,1,1
23.9000,4780,1,1,54797,1,105304,0.520375,1,17,17,19,144569,28.56548,0.00362,2.38601,0.00890,0,0,3,1.473651,1.085118,1.085118,-0.536083,-0.536002,14.425252,486,0.037157,0.004886,43680,17894,9773,6012,4432,3128,2391,1977,16016,1,1,1,1
22.3500,4781,1,1,52666,0,101363,0.519583,1,67,67,1302,4506144,27.48923,0.00250,2.38110,0.00934,1,1,2,1.283451,1.000000,22.018718,-0.000667,-0.000615,14.960581,7895,0.000041,0.076509,41970,17403,9555,5932,4104,3005,2319,1824,15250,1,1,1,1
22.4000,4781,1,1,52768,0,101262,0.521109,1,43,55,55,457196,27.52388,0.00250,2.38110,0.00934,1,1,2,1.031809,1.000000,1.450048,-0.017707,-0.017701,14.943046,7654,0.001185,0.074260,41922,17333,9298,5973,4210,3098,2357,1797,15273,1,1,1,1
23.0000,4781,1,1,53448,0,102591,0.520986,2,6,11,304,553619,27.93983,0.00250,2.38110,0.00934,1,0,2,1.270348,1.000000,2.088409,-0.225717,-0.225667,14.735742,4785,0.015314,0.047078,42596,17407,9515,5969,4088,3019,2356,1883,15757,1,1,1,1
23.9000,4781,1,1,54712,0,105405,0.519069,8,9,9,27,129304,28.56353,0.00250,2.38110,0.00934,1,0,2,1.141194,1.000000,1.494248,-0.537534,-0.537507,14.423934,485,0.037265,0.004875,43754,17913,9801,6181,4359,3158,2354,1837,16047,1,1,1,1
22.3500,4782,1,1,52938,0,101239,0.522906,3,2,3,75,192434,27.49034,0.00174,2.38196,0.01072,1,0,3,1.379826,1.000000,1.296794,-0.000140,-0.000072,14.961296,7897,0.000005,0.076508,42017,17212,9341,6003,4125,3061,2327,1777,15375,1,1,1,1
22.4000,4782,1,1,52824,0,101204,0.521961,1,1,42,45,6050542,27.52498,0.00174,2.38196,0.01072,1,1,3,1.355818,1.000000,1.024748,-0.017444,-0.017381,14.943871,7658,0.001163,0.074279,42084,17208,9398,5999,4027,2972,2251,1720,15544,1,1,1,1
23.0000,4782,1,1,53582,0,102590,0.522298,1,12,46,46,193126,27.94098,0.00174,2.38196,0.01072,1,1,2,1.396865,1.000000,6.299441,-0.225636,-0.225566,14.735723,4788,0.015307,0.047098,42583,17238,9532,6051,4239,3043,2325,1834,15744,1,1,1,1
23.9000,4782,1,1,55166,0,105622,0.522301,3,39,39,984,9853148,28.56470,0.00174,2.38196,0.01072,1,1,2,1.202672,1.000000,8.905880,-0.537531,-0.537492,14.423632,487,0.037265,0.004894,43736,17978,9876,6090,4390,3200,2424,1942,15985,1,1,1,1
22.3500,4783,1,1,52883,1,101335,0.521868,3,3,6,85,549721,27.49305,0.00174,2.38262,0.00988,0,0,3,1.435370,1.219224,1.219224,0.001123,0.001199,14.962296,7896,-0.000080,0.076478,42305,17197,9344,6034,4031,3032,2267,1739,15385,1,1,1,1
22.4000,4783,1,1,52811,1,101360,0.521029,1,2,43,57,345102,27.52769,0.00174,2.38262,0.00988,0,1,3,1.933519,1.559686,1.559686,-0.016219,-0.016081,14.945336,7657,0.001076,0.074247,42079,17162,9369,6038,4146,3000,2382,1822,15361,1,1,1,1
23.0000,4783,1,1,53833,1,103209,0.521597,3,5,83,83,116878,27.94360,0.00174,2.38262,0.00988,0,0,3,1.576360,1.311298,1.311298,-0.224163,-0.224067,14.737056,4787,0.015204,0.047074,42848,17416,9644,6047,4249,3145,2404,1800,15655,1,1,1,1
23.9000,4783,1,1,55129,1,105896,0.520601,1,68,68,3112,760362,28.56733,0.00174,2.38262,0.00988,0,1,3,36.773077,31.095526,31.095526,-0.536359,-0.535605,14.425863,483,0.037128,0.004852,44264,17850,9951,6195,4325,3107,2448,1872,15883,1,1,1,1
22.3500,4784,1,1,52924,0,101350,0.522196,1,2,9,43,297310,27.49199,0.00431,2.38522,0.01010,1,0,3,1.373278,1.000000,1.318603,0.001920,0.001986,14.963358,7902,-0.000133,0.076514,41978,17247,9298,5998,4147,3108,2348,1796,15429,1,1,1,1
22.4000,4784,1,1,52764,0,101186,0.521461,1,5,13,434,493000,27.52661,0.00431,2.38522,0.01010,1,1,2,1.179007,1.000000,1.364455,-0.015394,-0.015360,14.946072,7664,0.001028,0.074296,42113,17350,9357,5808,4042,2873,2237,1840,15565,1,1,1,1
23.0000,4784,1,1,53526,0,102945,0.519953,1,2,11,168,29067,27.94259,0.00431,2.38522,0.01010,1,1,2,1.413591,1.000000,1.527354,-0.223396,-0.223324,14.737996,4795,0.015153,0.047139,42700,17341,9848,6043,4236,3085,2311,1779,15601,1,1,1,1
23.9000,4784,1,1,55004,0,105426,0.521736,1,36,36,36,70702,28.56634,0.00431,2.38522,0.01010,1,0,2,1.148512,1.000000,6.007510,-0.535413,-0.535384,14.426055,487,0.037112,0.004891,43634,18006,9838,6214,4334,3153,2370,1832,16044,1,1,1,1
22.3500,4785,1,1,53014,0,101084,0.524460,1,72,72,72,1593307,27.48789,0.00538,2.38237,0.01057,1,1,2,1.043647,1.000000,3.298219,0.000361,0.000370,14.961182,7900,-0.000025,0.076490,41969,17060,9441,5926,4152,2980,2273,1843,15439,1,1,1,1
22.4000,4785,1,1,52836,0,101468,0.520721,1,3,65,67,67049,27.52266,0.00538,2.38237,0.01057,1,1,3,1.191667,1.000000,1.056839,-0.016893,-0.016856,14.944573,7660,0.001128,0.074249,42027,17319,9415,6049,4150,2979,2268,1817,15443,1,1,1,1
23.0000,4785,1,1,53528,0,102838,0.520513,2,78,78,209,104944,27.93855,0.00538,2.38237,0.01057,1,1,2,1.410799,1.000000,39.074788,-0.225225,-0.225153,14.736158,4791,0.015279,0.047096,42587,17473,9521,6097,4247,3022,2310,1902,15678,1,1,1,1
23.9000,4785,1,1,54408,0,105590,0.515281,1,168,168,168,396151,28.56231,0.00538,2.38237,0.01057,1,0,2,1.055775,1.000000,9.702465,-0.536959,-0.536948,14.424511,483,0.037225,0.004851,43642,18062,9839,6311,4255,3143,2486,1890,15961,1,1,1,1
22.3500,4786,1,1,52798,0,101543,0.519962,2,26,124,124,9336148,27.49391,0.00262,2.38153,0.00918,1,0,2,1.093681,1.000000,2.610764,0.001922,0.001941,14.963392,7903,-0.000130,0.076492,42192,17357,9505,6084,4095,2944,2310,1782,15273,1,1,1,1
22.4000,4786,1,1,52591,1,101266,0.519340,1,5,166,166,189585,27.52853,0.00262,2.38153,0.00918,0,1,3,2.061362,1.929029,1.929029,-0.015353,-0.015202,14.946269,7662,0.001017,0.074244,42104,17125,9397,6043,4049,3033,2194,1826,15494,1,1,1,1
23.0000,4786,1,1,53849,1,103201,0.521793,2,94,94,94,97149,27.94447,0.00262,2.38153,0.00918,0,1,3,60.532306,46.634161,46.634161,-0.223659,-0.222802,14.737582,4790,0.015118,0.047072,43107,17505,9625,5794,4161,2989,2417,1837,15765,1,1,1,1
23.9000,4786,1,1,55239,1,105733,0.522444,1,1,63,63,177764,28.56825,0.00262,2.38153,0.00918,0,0,3,1.238713,1.078522,1.078522,-0.535141,-0.535096,14.426345,483,0.037092,0.004849,43991,18060,9786,6161,4264,3167,2401,1823,16079,1,1,1,1
22.3500,4787,1,1,52560,0,100875,0.521046,1,12,12,1088,1512395,27.49090,0.00247,2.38427,0.00978,1,1,2,1.252958,1.000000,3.873516,0.000354,0.000401,14.961572,7906,-0.000027,0.076514,41895,16981,9266,5843,4128,3063,2342,1839,15517,1,1,1,1
22.4000,4787,1,1,53320,0,101924,0.523140,1,8,46,310,155385,27.52551,0.00247,2.38427,0.00978,1,0,2,1.207018,1.000000,2.267445,-0.016892,-0.016852,14.944573,7665,0.001128,0.074266,42526,17313,9585,5950,4028,3073,2249,1775,15424,1,1,1,1
23.0000,4787,1,1,53948,0,103132,0.523102,1,2,36,64,63202,27.94151,0.00247,2.38427,0.00978,1,1,3,1.341692,1.000000,1.224521,-0.224828,-0.224767,14.736474,4791,0.015252,0.047075,42800,17546,9525,6088,4266,3043,2312,1823,15728,1,1,1,1
23.9000,4787,1,1,55059,1,105731,0.520751,1,3,97,97,1335171,28.56530,0.00247,2.38427,0.00978,0,0,3,1.489284,1.081886,1.081886,-0.536709,-0.536626,14.424644,483,0.037202,0.004848,43769,17916,10024,6425,4265,3118,2395,1922,15896,1,1,1,1
22.3500,4788,1,1,52905,1,101190,0.522834,2,265,265,2859,146608,27.49099,0.00342,2.38059,0.01047,0,1,3,13.764168,13.647982,13.647982,0.000790,0.001337,14.962807,7909,-0.000089,0.076521,41894,17101,9471,6085,4078,3097,2295,1813,15355,1,1,1,1
22.4000,4788,1,1,52811,1,101406,0.520793,1,245,245,245,84163,27.52573,0.00342,2.38059,0.01047,0,1,3,2.358946,1.891201,1.872122,-0.016372,-0.016192,14.944974,7667,0.001083,0.074268,42220,17139,9567,5893,4120,3009,2247,1784,15426,1,1,1,1
23.0000,4788,1,1,53917,1,103225,0.522330,3,18,18,85,599467,27.94165,0.00342,2.38059,0.01047,0,0,3,3.106847,2.835713,2.835713,-0.224377,-0.224140,14.736832,4792,0.015210,0.047074,42722,17581,9668,6191,4206,3048,2349,1823,15636,1,1,1,1
23.9000,4788,1,1,54832,0,105346,0.520499,1,7,7,121,56366,28.56545,0.00342,2.38059,0.01047,1,1,2,1.288720,1.000000,2.696403,-0.536273,-0.536220,14.424981,483,0.037173,0.004847,43461,17890,9906,6169,4308,3123,2388,1913,16187,1,1,1,1
22.3500,4789,1,1,53039,1,101690,0.521581,1,5,8453,8453,193856,27.49408,0.00307,2.38419,0.00961,0,0,3,2.717666,2.236115,2.236115,0.002253,0.002462,14.963599,7906,-0.000165,0.076472,42401,17323,9361,5989,4170,3016,2271,1820,15338,1,1,1,1
22.4000,4789,1,1,52781,1,101438,0.520333,1,209,209,209,126576,27.52867,0.00307,2.38419,0.00961,0,1,3,1.374563,1.270466,1.270466,-0.014985,-0.014918,14.946535,7663,0.000998,0.074206,42119,17126,9504,5898,4149,3016,2267,1817,15541,1,1,1,1
23.0000,4789,1,1,53851,1,103203,0.521802,3,18,18,352,314162,27.94465,0.00307,2.38419,0.00961,0,0,3,1.519585,1.246927,1.246927,-0.222969,-0.222882,14.738259,4789,0.015123,0.047030,42765,17580,9617,6049,4270,3001,2380,1844,15696,1,1,1,1
23.9000,4789,1,1,54907,1,105284,0.521518,3,6,11,57,205119,28.56846,0.00307,2.38419,0.00961,0,1,3,2.320508,1.971029,1.971029,-0.534927,-0.534751,14.426682,479,0.037067,0.004806,43547,17816,9757,6248,4264,3223,2370,1880,16178,1,1,1,1
22.3500,4790,1,1,52720,0,101071,0.521619,3,20,72,4675,565008,27.49205,0.00174,2.38387,0.01041,1,1,2,1.052882,1.000000,1.156539,0.000694,0.000705,14.961557,7913,-0.000047,0.076534,41663,17339,9473,5941,4070,2994,2206,1907,15477,1,1,1,1
22.4000,4790,1,1,52931,1,101448,0.521760,1,2,5,407,56041,27.52678,0.00174,2.38387,0.01041,0,1,3,1.373924,1.036578,1.036578,-0.016659,-0.016593,14.944799,7670,0.001110,0.074267,42221,17228,9318,5868,4163,3059,2328,1826,15436,1,1,1,1
23.0000,4790,1,1,53610,0,102984,0.520571,1,1,39,48,339608,27.94267,0.00174,2.38387,0.01041,1,0,3,1.404721,1.000000,1.219810,-0.224620,-0.224549,14.736800,4802,0.015237,0.047153,42586,17502,9517,6135,4241,3056,2427,1870,15649,1,1,1,1
23.9000,4790,1,1,54723,1,105471,0.518849,1,4,11,3470,69610,28.56650,0.00174,2.38387,0.01041,0,0,3,2.203134,1.710310,1.710310,-0.536572,-0.536407,14.424793,488,0.037186,0.004896,43660,17937,9795,6257,4234,3192,2364,1874,16157,1,1,1,1
22.3500,4791,1,1,53185,1,101475,0.524124,1,9,10,32,227644,27.49035,0.00224,2.38023,0.00905,0,1,3,2.006525,1.454581,1.371982,0.000128,0.000273,14.961642,7910,-0.000018,0.076489,42071,17328,9583,5958,4098,3039,2287,1793,15317,1,1,1,1
22.4000,4791,1,1,53103,1,101495,0.523213,2,64,64,155,313974,27.52507,0.00224,2.38023,0.00905,0,0,3,5.522762,5.152411,5.152411,-0.017376,-0.017019,14.943896,7670,0.001139,0.074256,42050,17467,9321,5903,4143,3037,2287,1893,15393,1,1,1,1
23.0000,4791,1,1,53860,0,103278,0.521510,20,27,27,67,190872,27.94102,0.00224,2.38023,0.00905,1,1,2,1.274949,1.000000,8.543562,-0.225402,-0.225351,14.736057,4795,0.015292,0.047077,42725,17619,9696,6065,4233,3224,2292,1851,15572,1,1,1,1
23.9000,4791,1,1,55189,1,106092,0.520204,1,3,13,28,189041,28.56472,0.00224,2.38023,0.00905,0,1,3,1.302279,1.196745,1.196745,-0.537045,-0.536989,14.424463,484,0.037228,0.004855,43954,18309,10053,6156,4315,3113,2454,1919,15818,1,1,1,1
22.3500,4792,1,1,52604,0,101072,0.520466,1,913,913,913,492058,27.49035,0.00383,2.37853,0.00934,1,1,2,1.199459,1.000000,200.547343,0.000305,0.000343,14.961771,7913,-0.000023,0.076501,41543,17286,9468,6073,4214,3004,2311,1771,15401,1,1,1,1
22.4000,4792,1,1,53275,1,101829,0.523186,5,3,15,28,150839,27.52492,0.00383,2.37853,0.00934,0,1,3,2.406896,1.788973,1.788973,-0.016487,-0.016304,14.945081,7674,0.001091,0.074273,42375,17405,9285,5996,4047,3079,2331,1859,15451,1,1,1,1
23.0000,4792,1,1,53962,0,103343,0.522169,1,10,22,90,512229,27.94092,0.00383,2.37853,0.00934,1,1,2,1.129726,1.000000,1.668593,-0.224481,-0.224455,14.736988,4798,0.015231,0.047093,43005,17513,9628,6009,4203,2999,2435,1875,15675,1,1,1,1
23.9000,4792,1,1,55318,0,106061,0.521573,17,314,314,314,222102,28.56464,0.00383,2.37853,0.00934,1,1,2,1.111744,1.000000,37.110733,-0.536664,-0.536642,14.424805,486,0.037203,0.004873,43800,18200,10070,6219,4228,3181,2439,1902,16021,1,1,1,1
22.3500,4793,1,1,52735,1,101339,0.520387,1,24,35,35,123911,27.49244,0.00243,2.38190,0.01036,0,1,3,7.008774,6.260815,6.260815,0.001068,0.001474,14.962922,7911,-0.000098,0.076460,41940,17229,9416,6010,4142,3120,2252,1810,15419,1,1,1,1
22.4000,4793,1,1,53021,1,101906,0.520298,1,3,20,32,202536,27.52715,0.00243,2.38190,0.01036,0,1,3,2.925669,2.233136,2.233136,-0.016179,-0.015955,14.945470,7671,0.001068,0.074227,42160,17491,9754,5965,4153,2989,2259,1809,15325,1,1,1,1
23.0000,4793,1,1,53728,0,103018,0.521545,5,5,12,23,619240,27.94307,0.00243,2.38190,0.01036,1,1,2,1.304641,1.000000,2.129823,-0.224131,-0.224076,14.737323,4795,0.015205,0.047053,42628,17555,9558,6174,4261,3125,2200,1764,15752,1,1,1,1
23.9000,4793,1,1,55141,1,105881,0.520788,2,12,18,87,456544,28.56680,0.00243,2.38190,0.01036,0,1,3,5.698639,5.018473,5.018473,-0.536087,-0.535724,14.425738,483,0.037137,0.004842,43950,18193,9817,6163,4329,3139,2367,1844,16078,1,1,1,1
22.3500,4794,1,1,52986,0,101701,0.521003,1,1,125,224,446359,27.49417,0.00375,2.38184,0.00905,1,0,3,1.396135,1.000000,1.037380,0.002833,0.002903,14.964193,7914,-0.000194,0.076466,42295,17183,9452,6001,4187,3039,2283,1848,15412,1,1,1,1
22.4000,4794,1,1,52898,0,101455,0.521399,14,63,63,291,120238,27.52887,0.00375,2.38184,0.00905,1,0,2,1.019872,1.000000,1.269571,-0.014545,-0.014541,14.946926,7673,0.000973,0.074223,41947,17230,9580,6008,4056,3061,2264,1835,15473,1,1,1,1
23.0000,4794,1,1,54142,0,103320,0.524028,2,2,11,23,135061,27.94484,0.00375,2.38184,0.00905,1,0,3,1.343833,1.000000,1.185839,-0.222524,-0.222462,14.738923,4797,0.015094,0.047058,43002,17428,9561,6032,4201,3141,2416,1822,15716,1,1,1,1
23.9000,4794,1,1,55169,1,105671,0.522088,3,11,124,156,109771,28.56859,0.00375,2.38184,0.00905,0,1,3,3.446146,3.133718,3.133718,-0.534499,-0.534241,14.426735,483,0.037031,0.004841,44105,17957,9622,6190,4287,3158,2340,1835,16176,1,1,1,1
22.3500,4795,1,1,52759,1,101130,0.521700,1,272,272,272,48791,27.49212,0.00173,2.37883,0.01070,0,1,3,2.920941,2.178007,1.956580,0.000634,0.000857,14.962244,7916,-0.000057,0.076480,41781,17162,9533,6043,4094,2979,2312,1749,15476,1,1,1,1
22.4000,4795,1,1,53099,1,101716,0.522037,1,8,25,40,151066,27.52681,0.00173,2.37883,0.01070,0,1,3,5.721255,4.262121,4.262121,-0.016794,-0.016430,14.944490,7676,0.001099,0.074249,42470,17144,9523,5890,4094,2992,2361,1785,15456,1,1,1,1
23.0000,4795,1,1,53818,0,103309,0.520947,10,155,155,155,87416,27.94270,0.00173,2.37883,0.01070,1,1,2,1.089309,1.000000,14.529756,-0.224866,-0.224848,14.736604,4800,0.015258,0.047085,42946,17631,9610,6033,4155,3017,2385,1842,15689,1,1,1,1
23.9000,4795,1,1,55082,0,105974,0.519774,3,5,18,109,306562,28.56646,0.00173,2.37883,0.01070,1,0,3,1.153941,1.000000,1.040970,-0.536470,-0.536440,14.424998,484,0.037188,0.004850,43935,17996,9960,6251,4351,3156,2419,1935,15970,1,1,1,1
22.3500,4796,1,1,52996,0,101611,0.521563,2,6,5841,5841,95408,27.49238,0.00500,2.38225,0.00890,1,1,2,1.224736,1.000000,1.743229,0.002460,0.002503,14.963650,7918,-0.000167,0.076476,42279,17247,9374,6104,4155,3073,2341,1851,15186,1,1,1,1
22.4000,4796,1,1,52905,1,101559,0.520934,6,5,86,86,193177,27.52706,0.00500,2.38225,0.00890,0,1,3,2.072184,1.884831,1.884831,-0.014888,-0.014737,14.946183,7678,0.000986,0.074244,42019,17243,9463,5954,4207,3104,2336,1866,15366,1,1,1,1
23.0000,4796,1,1,53929,1,103279,0.522173,3,9,16,28,974742,27.94301,0.00500,2.38225,0.00890,0,0,3,2.280231,2.045176,2.045176,-0.222872,-0.222700,14.738310,4801,0.015110,0.047079,42638,17705,9720,6166,4245,3008,2404,1820,15572,1,1,1,1
23.9000,4796,1,1,55051,1,105684,0.520907,1,9,9,179,81017,28.56678,0.00500,2.38225,0.00890,0,1,3,6.191945,4.877848,4.877848,-0.534850,-0.534470,14.426988,487,0.037047,0.004879,43952,17721,9883,6324,4300,3201,2456,1810,16036,1,1,1,1
22.3500,4797,1,1,52840,0,101497,0.520612,6,6,9,30,1203501,27.49060,0.00379,2.37576,0.00933,1,1,2,1.313135,1.000000,2.405462,0.000985,0.001042,14.962262,7916,-0.000070,0.076448,42150,17118,9457,5965,4135,3117,2321,1825,15408,1,1,1,1
22.4000,4797,1,1,53097,1,101701,0.522094,1,2,1726,1726,148389,27.52528,0.00379,2.37576,0.00933,0,1,3,2.034935,1.522373,1.522373,-0.016306,-0.016158,14.945306,7676,0.001081,0.074214,42131,17181,9493,6130,4214,3040,2326,1880,15305,1,1,1,1
23.0000,4797,1,1,53695,1,103391,0.519344,137,5,137,209,2155430,27.94128,0.00379,2.37576,0.00933,0,0,3,1.718605,1.711639,1.711639,-0.224318,-0.224205,14.736119,4799,0.015215,0.047057,42714,17596,9711,6071,4139,3199,2351,1880,15729,1,1,1,1
23.9000,4797,1,1,55549,1,106186,0.523134,1,7,33,89,145408,28.56507,0.00379,2.37576,0.00933,0,1,3,4.385925,3.670771,3.670771,-0.536296,-0.535988,14.425477,480,0.037156,0.004808,44193,18088,9858,6322,4299,3227,2393,1934,15871,1,1,1,1
22.3500,4798,1,1,52768,0,101298,0.520924,1,6,119,119,40682,27.48934,0.00396,2.37481,0.00802,1,0,2,1.321767,1.000000,2.658284,0.000332,0.000390,14.961784,7920,-0.000026,0.076473,41941,17047,9418,6081,4129,3068,2344,1750,15519,1,1,1,1
22.4000,4798,1,1,52986,0,101602,0.521511,1,4,681,681,310036,27.52401,0.00396,2.37481,0.00802,1,1,2,1.392565,1.000000,2.197561,-0.016983,-0.016914,14.944372,7679,0.001132,0.074232,42149,17227,9460,6130,4021,3103,2223,1725,15563,1,1,1,1
23.0000,4798,1,1,53854,0,103425,0.520711,1,6,16,73,1084192,27.93992,0.00396,2.37481,0.00802,1,1,2,1.362024,1.000000,3.060388,-0.224978,-0.224913,14.736345,4800,0.015262,0.047056,42851,17459,9641,6214,4206,3112,2385,1919,15637,1,1,1,1
23.9000,4798,1,1,54898,0,105884,0.518478,4,6,8,80,61691,28.56373,0.00396,2.37481,0.00802,1,1,2,1.287439,1.000000,2.364683,-0.536852,-0.536799,14.424606,483,0.037214,0.004837,44178,17911,9784,6032,4266,3178,2498,1878,16158,1,1,1,1
22.3500,4799,1,1,52829,1,101603,0.519960,1,5,12,76,2344668,27.49673,0.00188,2.37921,0.00871,0,1,3,4.027471,3.131668,3.131668,0.003022,0.003312,14.964751,7923,-0.000221,0.076471,42097,17297,9456,5966,4158,3028,2336,1729,15535,1,1,1,1
22.4000,4799,1,1,52994,0,101825,0.520447,29,7,29,126,84278,27.53139,0.00188,2.37921,0.00871,1,1,2,1.187458,1.000000,1.476348,-0.014231,-0.014196,14.946914,7679,0.000950,0.074204,42451,17167,9461,6023,4153,3024,2308,1825,15412,1,1,1,1
23.0000,4799,1,1,53843,1,103342,0.521023,1,6,8,173,190250,27.94737,0.00188,2.37921,0.00871,0,1,3,1.540715,1.225828,1.225828,-0.222200,-0.222110,14.739303,4799,0.015069,0.047027,42777,17415,9687,6235,4271,3133,2309,1867,15647,1,1,1,1
23.9000,4799,1,1,54988,0,105681,0.520326,5,110,110,336,817587,28.57119,0.00188,2.37921,0.00871,1,1,2,1.037149,1.000000,4.173017,-0.534238,-0.534230,14.426551,480,0.037031,0.004806,43763,18080,9846,6183,4329,3149,2379,1866,16085,1,1,1,1
22.3500,4800,1,1,53225,1,101708,0.523317,65,7,65,103,1135000,27.49536,0.00202,2.37475,0.00753,0,0,3,1.146407,1.131323,1.131323,0.002423,0.002452,14.963022,7929,-0.000164,0.076521,42220,17548,9395,5933,4079,2965,2220,1818,15529,1,1,1,1
22.4000,4800,1,1,53092,0,101771,0.521686,1,120,692,692,1509781,27.53002,0.00202,2.37475,0.00753,1,1,2,1.053558,1.000000,6.655547,-0.015091,-0.015080,14.945777,7688,0.001009,0.074281,42290,17086,9588,6140,4079,2987,2338,1835,15427,1,1,1,1
23.0000,4800,1,1,53895,1,103500,0.520730,1,1,68,68,168915,27.94591,0.00202,2.37475,0.00753,0,0,3,1.431448,1.016957,1.016957,-0.222836,-0.222762,14.738585,4808,0.015114,0.047108,43035,17652,9590,6171,4154,2952,2353,1824,15768,1,1,1,1
23.9000,4800,1,1,55299,1,106249,0.520471,8,2,20,153,82001,28.56974,0.00202,2.37475,0.00753,0,1,3,1.549316,1.115443,1.115443,-0.534765,-0.534674,14.426190,490,0.037063,0.004905,44209,18128,9908,6216,4307,3021,2536,1844,16079,1,1,1,1
22.3500,4801,1,1,52919,1,101370,0.522043,9,28,28,433,54866,27.48749,0.00634,2.37604,0.00853,0,1,3,1.703431,1.217711,1.049404,0.000708,0.000819,14.962174,7926,-0.000055,0.076481,42133,17001,9442,6023,4046,2976,2302,1897,15549,1,1,1,1
22.4000,4801,1,1,52959,1,101455,0.522000,1,3,28,212,48029,27.52214,0.00634,2.37604,0.00853,0,1,3,2.033652,1.707608,1.707608,-0.016671,-0.016523,14.944920,7686,0.001106,0.074251,41998,17335,9285,6096,4116,3011,2342,1932,15339,1,1,1,1
23.0000,4801,1,1,53915,1,103507,0.520888,1,1,112,112,196880,27.93808,0.00634,2.37604,0.00853,0,1,3,1.220916,1.013293,1.013293,-0.224583,-0.224542,14.736885,4806,0.015237,0.047084,42917,17550,9773,6123,4256,3032,2267,1939,15649,1,1,1,1
23.9000,4801,1,1,55309,1,105951,0.522029,2,9,37,148,37138,28.56179,0.00634,2.37604,0.00853,0,0,3,2.844444,2.451218,2.451218,-0.536534,-0.536317,14.424762,485,0.037180,0.004854,44049,18065,9629,6219,4285,3254,2319,1956,16174,1,1,1,1
22.3500,4802,1,1,53129,1,101883,0.521476,1,3,64,987,50859,27.49477,0.00217,2.38106,0.00714,0,0,3,1.852732,1.361004,1.361004,0.002282,0.002410,14.963669,7929,-0.000161,0.076486,42339,17369,9466,5960,4173,3024,2294,1841,15416,1,1,1,1
22.4000,4802,1,1,52904,0,101440,0.521535,3,2,3,24,221779,27.52942,0.00217,2.38106,0.00714,1,0,3,1.356979,1.000000,1.168965,-0.015020,-0.014956,14.946424,7688,0.001001,0.074247,41927,17240,9531,5899,4024,3135,2285,1839,15559,1,1,1,1
23.0000,4802,1,1,53935,1,103516,0.521036,2,9,17,18,492103,27.94542,0.00217,2.38106,0.00714,0,0,3,1.742070,1.445905,1.445905,-0.223048,-0.222933,14.738196,4806,0.015126,0.047070,43043,17531,9603,6150,4217,2995,2388,1838,15750,1,1,1,1
23.9000,4802,1,1,55401,1,105886,0.523219,1,8,19,1098,185148,28.56914,0.00217,2.38106,0.00714,0,1,3,4.843734,3.977159,3.977159,-0.535012,-0.534684,14.426347,485,0.037063,0.004853,43936,18029,9842,6123,4332,3137,2401,1915,16170,1,1,1,1
22.3500,4803,1,1,52799,1,101225,0.521606,4,4,4,21,2906308,27.50092,0.00202,2.38329,0.00729,0,1,3,1.884277,1.352049,1.352049,0.005195,0.005327,14.966687,7929,-0.000356,0.076455,41935,17150,9341,5993,4149,3043,2326,1843,15444,1,1,1,1
22.4000,4803,1,1,52784,0,101392,0.520598,1,1,31,40,120224,27.53556,0.00202,2.38329,0.00729,1,1,3,1.398490,1.000000,1.049282,-0.012091,-0.012021,14.949272,7689,0.000804,0.074227,41895,17134,9495,6097,4186,3028,2339,1805,15412,1,1,1,1
23.0000,4803,1,1,53696,0,102997,0.521341,1,4,10,53,196383,27.95147,0.00202,2.38329,0.00729,1,1,2,1.414149,1.000000,2.661483,-0.220157,-0.220085,14.741244,4807,0.014930,0.047060,42447,17594,9636,6051,4215,3093,2313,1886,15761,1,1,1,1
23.9000,4803,1,1,55575,1,106458,0.522042,4,1,28,502,212511,28.57520,0.00202,2.38329,0.00729,0,1,3,1.553416,1.102738,1.102738,-0.531932,-0.531840,14.429505,485,0.036858,0.004851,44342,18121,9950,6129,4272,3175,2446,1936,16086,1,1,1,1
22.3500,4804,1,1,52892,0,101756,0.519798,3,7,11,126,632610,27.49798,0.00216,2.38283,0.00753,1,1,2,1.401105,1.000000,3.934265,0.003733,0.003803,14.965157,7931,-0.000254,0.076466,42269,17309,9444,5899,4237,2988,2274,1796,15539,1,1,1,1
22.4000,4804,1,1,53033,1,101642,0.521768,1,2,24,59,92571,27.53261,0.00216,2.38283,0.00753,0,1,3,2.111294,1.601818,1.601818,-0.013488,-0.013332,14.948063,7691,0.000892,0.074237,41919,17471,9480,5920,4191,3047,2305,1795,15513,1,1,1,1
23.0000,4804,1,1,54292,0,103868,0.522707,2,4,6,25,619511,27.94859,0.00216,2.38283,0.00753,1,1,3,1.186398,1.000000,1.135454,-0.221434,-0.221399,14.739711,4808,0.015021,0.047065,43042,17845,9545,6235,4252,3097,2384,1815,15652,1,1,1,1
23.9000,4804,1,1,55019,1,105808,0.519994,1,3,21,21,142285,28.57233,0.00216,2.38283,0.00753,0,1,3,2.975016,2.140657,2.140657,-0.533378,-0.533151,14.428304,485,0.036952,0.004850,43718,18061,9892,6297,4250,3136,2420,1963,16070,1,1,1,1
22.3500,4805,1,1,53019,1,101487,0.522427,1,3,13,57,615601,27.49285,0.00231,2.38054,0.00996,0,0,3,1.886861,1.342207,1.342207,0.001407,0.001539,14.962842,7929,-0.000103,0.076443,42173,17159,9325,5966,4102,3065,2328,1917,15451,1,1,1,1
22.4000,4805,1,1,53451,1,102356,0.522212,1,7,42,65,1947328,27.52762,0.00231,2.38054,0.00996,0,1,3,5.219432,4.046063,4.046063,-0.016096,-0.015753,14.945316,7688,0.001054,0.074206,42729,17303,9548,6026,4121,3066,2281,1894,15387,1,1,1,1
23.0000,4805,1,1,54019,1,103418,0.522342,3,12,28,29,2513394,27.94351,0.00231,2.38054,0.00996,0,1,3,2.895012,2.814724,2.814724,-0.224002,-0.223781,14.737688,4808,0.015184,0.047062,42969,17482,9699,5975,4299,3101,2296,1818,15778,1,1,1,1
23.9000,4805,1,1,55177,1,106146,0.519827,1,2,10,76,4383940,28.56727,0.00231,2.38054,0.00996,0,1,3,1.087553,1.001053,1.001053,-0.535772,-0.535754,14.425699,481,0.037139,0.004810,43821,18252,9948,6187,4341,3171,2436,1925,16064,1,1,1,1
22.3500,4806,1,1,53025,1,101674,0.521525,1,165,165,165,86992,27.49314,0.00202,2.37797,0.00756,0,1,3,103.081615,80.777640,80.777640,0.000881,0.001846,14.963317,7935,-0.000123,0.076482,42171,17421,9406,5930,4109,3019,2247,1764,15606,1,1,1,1
22.4000,4806,1,1,52827,1,101583,0.520043,1,3,60,4135,793750,27.52776,0.00202,2.37797,0.00756,0,1,3,2.326166,1.842880,1.842880,-0.016030,-0.015854,14.945613,7694,0.001061,0.074247,42122,17072,9738,5839,4231,3068,2251,1781,15480,1,1,1,1
23.0000,4806,1,1,53889,1,103323,0.521564,2,10,10,21,293375,27.94370,0.00202,2.37797,0.00756,0,0,3,2.315443,1.994232,1.994232,-0.224013,-0.223839,14.737241,4811,0.015189,0.047083,42854,17456,9515,6197,4321,3045,2374,1828,15732,1,1,1,1
23.9000,4806,1,1,55349,1,105938,0.522471,1,3,33,1073,383392,28.56748,0.00202,2.37797,0.00756,0,1,3,1.162851,1.023695,1.023695,-0.535830,-0.535799,14.425644,485,0.037142,0.004849,43914,18021,9820,6319,4275,3153,2383,1893,16159,1,1,1,1
22.3500,4807,1,1,53051,1,101553,0.522402,2,106,106,106,87766,27.48818,0.00413,2.37078,0.01213,0,1,3,4.485017,3.714449,3.645935,-0.000170,0.000142,14.961568,7936,-0.000010,0.076485,42188,17198,9425,5986,4030,3077,2274,1830,15544,1,1,1,1
22.4000,4807,1,1,53430,0,102123,0.523198,1,4,332,332,369029,27.52279,0.00413,2.37078,0.01213,1,1,2,1.408151,1.000000,2.737971,-0.017443,-0.017372,14.943974,7694,0.001162,0.074240,42589,17429,9491,5905,4086,3057,2411,1790,15364,1,1,1,1
23.0000,4807,1,1,54246,0,104099,0.521105,1,182,182,182,56134,27.93879,0.00413,2.37078,0.01213,1,1,2,1.021773,1.000000,4.034876,-0.225486,-0.225482,14.735192,4809,0.015302,0.047060,43401,17807,9766,6097,4159,2985,2323,1877,15683,1,1,1,1
23.9000,4807,1,1,55417,1,106236,0.521645,1,3,5,25,223760,28.56258,0.00413,2.37078,0.01213,0,1,3,2.755394,2.102081,2.102081,-0.537313,-0.537102,14.423996,483,0.037237,0.004829,44146,18034,9804,6222,4378,3186,2378,1918,16169,1,1,1,1
22.3500,4808,1,1,53119,1,101836,0.521618,3,5,7,38,161775,27.49243,0.00216,2.37354,0.01158,0,1,3,2.600806,2.086747,2.086747,0.001077,0.001276,14.962693,7938,-0.000085,0.076483,42356,17272,9516,5902,4144,3079,2297,1741,15528,1,1,1,1
22.4000,4808,1,1,52961,1,101587,0.521342,2,8,21,383,349614,27.52717,0.00216,2.37354,0.01158,0,1,3,4.460386,3.792950,3.792950,-0.016357,-0.016046,14.944906,7697,0.001074,0.074249,42135,17200,9450,6108,4100,3047,2246,1771,15529,1,1,1,1
23.0000,4808,1,1,54382,0,103533,0.525268,1,33,33,33,54176,27.94309,0.00216,2.37354,0.01158,1,1,2,1.372465,1.000000,15.298499,-0.224461,-0.224395,14.736873,4813,0.015227,0.047084,43054,17425,9551,6113,4263,3032,2444,1827,15823,1,1,1,1
23.9000,4808,1,1,55280,0,106452,0.519300,1,2,11,54,169892,28.56689,0.00216,2.37354,0.01158,1,0,2,1.345456,1.000000,1.448550,-0.536117,-0.536056,14.425330,486,0.037161,0.004857,44256,18087,9987,6312,4448,3102,2380,1918,15961,1,1,1,1
22.3500,4809,1,1,53239,1,101993,0.521992,1,17,17,256,470959,27.49138,0.00231,2.37604,0.01007,0,1,3,6.654475,6.028344,6.028344,0.000422,0.000816,14.962277,7935,-0.000055,0.076440,42618,17260,9446,5928,4073,2960,2338,1842,15527,1,1,1,1
22.4000,4809,1,1,53057,1,101595,0.522245,1,30,52,52,527390,27.52597,0.00231,2.37604,0.01007,0,1,3,1.807285,1.282095,1.022429,-0.016688,-0.016565,14.944778,7696,0.001108,0.074224,42234,17142,9370,5901,4175,2994,2306,1801,15671,1,1,1,1
23.0000,4809,1,1,54487,1,103945,0.524196,1,6,30,152,83243,27.94195,0.00231,2.37604,0.01007,0,1,3,2.704049,2.408200,2.408200,-0.224765,-0.224559,14.736892,4809,0.015238,0.047035,43167,17809,9776,6094,4177,2996,2312,1959,15654,1,1,1,1
23.9000,4809,1,1,55199,1,106131,0.520107,3,2,16,50,95721,28.56577,0.00231,2.37604,0.01007,0,1,3,1.577631,1.264454,1.264454,-0.536605,-0.536510,14.424931,481,0.037193,0.004806,44091,18040,9858,6147,4262,3112,2415,2025,16180,1,1,1,1
22.3500,4810,1,1,53394,0,102129,0.522815,45,15,45,45,774250,27.49353,0.00231,2.37819,0.00965,1,1,2,1.092527,1.000000,1.478613,0.001692,0.001710,14.962679,7937,-0.000114,0.076441,42364,17525,9566,6057,4118,2962,2359,1871,15306,1,1,1,1
22.4000,4810,1,1,53143,1,101753,0.522280,1,8,8,8,431189,27.52826,0.00231,2.37819,0.00965,0,1,3,2.812691,2.495193,2.495193,-0.015726,-0.015511,14.945933,7699,0.001038,0.074232,42022,17242,9682,5966,4097,2994,2328,1911,15510,1,1,1,1
23.0000,4810,1,1,53752,0,103276,0.520474,4,349,349,431,126691,27.94414,0.00231,2.37819,0.00965,1,1,2,1.403127,1.000000,169.254250,-0.224110,-0.224040,14.737312,4811,0.015202,0.047043,42742,17572,9526,6241,4137,3031,2333,1843,15850,1,1,1,1
23.9000,4810,1,1,55391,1,106109,0.522025,11,4,28,69,562457,28.56798,0.00231,2.37819,0.00965,0,0,3,1.249973,1.170750,1.170750,-0.535507,-0.535461,14.425445,481,0.037119,0.004805,44053,17971,9898,6243,4246,3149,2441,1884,16223,1,1,1,1
22.3500,4811,1,1,52908,0,101641,0.520543,1,1,5,62,854942,27.49241,0.00187,2.37462,0.00866,1,1,3,1.393102,1.000000,1.114195,0.000999,0.001068,14.962356,7943,-0.000071,0.076485,41875,17538,9353,5956,4082,3122,2336,1849,15529,1,1,1,1
22.4000,4811,1,1,53274,0,102300,0.520768,2,62,62,62,208504,27.52713,0.00187,2.37462,0.00866,1,1,2,1.243091,1.000000,17.190157,-0.016651,-0.016606,14.944812,7702,0.001111,0.074251,42517,17306,9454,6121,4210,3024,2429,1879,15359,1,1,1,1
23.0000,4811,1,1,53899,1,103826,0.519133,418,2,418,418,117675,27.94307,0.00187,2.37462,0.00866,0,1,3,1.106663,1.103875,1.103875,-0.224327,-0.224306,14.735866,4815,0.015222,0.047077,42944,17735,9686,6205,4303,3050,2370,1838,15694,1,1,1,1
23.9000,4811,1,1,55051,1,106228,0.518239,4,9,1167,1167,236130,28.56678,0.00187,2.37462,0.00866,0,1,3,4.827774,4.042380,4.042380,-0.536325,-0.535997,14.425445,486,0.037156,0.004854,44123,17825,10028,6363,4234,3258,2361,1956,16079,1,1,1,1
22.3500,4812,1,1,52862,0,101725,0.519661,5,14,30,1152,1247364,27.49672,0.00202,2.37640,0.01033,1,0,2,1.116494,1.000000,1.759626,0.003082,0.003105,14.964552,7944,-0.000208,0.076467,42219,17395,9415,5892,4086,3030,2238,1767,15682,1,1,1,1
22.4000,4812,1,1,53427,1,101798,0.524839,20,2,115,115,877709,27.53129,0.00202,2.37640,0.01033,0,1,3,1.272726,1.174336,1.174336,-0.014153,-0.014103,14.946660,7705,0.000944,0.074255,41968,17577,9470,5847,4136,3090,2324,1873,15512,1,1,1,1
23.0000,4812,1,1,53931,1,103841,0.519366,3,3,18,58,56640,27.94729,0.00202,2.37640,0.01033,0,1,3,2.200068,1.837065,1.837065,-0.222208,-0.222044,14.738978,4822,0.015065,0.047126,43057,17631,9729,6206,4183,3127,2322,1837,15748,1,1,1,1
23.9000,4812,1,1,55136,0,106119,0.519573,170,3,170,170,258835,28.57101,0.00202,2.37640,0.01033,1,1,2,1.408226,1.000000,1.702040,-0.534060,-0.533989,14.427319,486,0.037012,0.004852,44102,18023,9775,6411,4258,3128,2376,1865,16180,1,1,1,1
22.3500,4813,1,1,53125,1,101804,0.521841,1083,13,1083,1083,216908,27.49542,0.00216,2.37987,0.00894,0,1,3,2.119827,1.664079,1.664079,0.002564,0.002720,14.964129,7943,-0.000182,0.076444,42181,17246,9481,6046,4036,3110,2297,1798,15608,1,1,1,1
22.4000,4813,1,1,53095,1,101807,0.521531,2,9,9,68,3205667,27.53013,0.00216,2.37987,0.00894,0,1,3,6.147091,4.806223,4.806223,-0.014903,-0.014525,14.946928,7701,0.000972,0.074200,42126,17285,9507,5956,4215,3092,2303,1876,15446,1,1,1,1
23.0000,4813,1,1,54211,1,103752,0.522511,2,22,22,64,319376,27.94605,0.00216,2.37987,0.00894,0,1,3,5.128067,4.728739,4.728739,-0.222859,-0.222519,14.738419,4813,0.015098,0.047030,43119,17641,9690,6072,4158,3095,2338,1816,15822,1,1,1,1
23.9000,4813,1,1,55269,1,106248,0.520194,10,5,18,45,307661,28.56978,0.00216,2.37987,0.00894,0,1,3,2.921083,2.525654,2.525654,-0.534659,-0.534436,14.426294,482,0.037046,0.004812,44303,17743,9861,6229,4409,3148,2362,1948,16244,1,1,1,1
22.3500,4814,1,1,53259,1,102156,0.521355,1,72,252,252,4568757,27.49639,0.00202,2.38334,0.00984,0,1,3,3.266678,2.491992,2.326424,0.002990,0.003236,14.964456,7948,-0.000216,0.076474,42535,17253,9571,6005,4255,2982,2399,1796,15359,1,1,1,1
22.4000,4814,1,1,53103,1,101867,0.521302,1,6,6,162,278439,27.53109,0.00202,2.38334,0.00984,0,1,3,4.496336,3.464474,3.464474,-0.014402,-0.014090,14.947359,7705,0.000943,0.074221,42216,17276,9475,6016,4152,3014,2390,1873,15454,1,1,1,1
23.0000,4814,1,1,53799,1,103596,0.519320,1,20,20,21,147620,27.94707,0.00202,2.38334,0.00984,0,1,3,11.368110,9.439862,9.439862,-0.222493,-0.221988,14.738890,4816,0.015061,0.047048,43013,17443,9710,6095,4221,3067,2404,1854,15788,1,1,1,1
23.9000,4814,1,1,55021,1,106087,0.518645,1,1,236,236,624471,28.57081,0.00202,2.38334,0.00984,0,1,3,1.339210,1.047610,1.047610,-0.534135,-0.534074,14.427334,484,0.037018,0.004830,43976,18046,9930,6218,4243,3230,2406,1928,16109,1,1,1,1
22.3500,4815,1,1,53367,1,102403,0.521152,1,11,15,59,231089,27.49133,0.00202,2.37633,0.01250,0,1,3,3.280601,2.738963,2.738963,0.000349,0.000595,14.962024,7945,-0.000040,0.076442,42672,17373,9504,6079,4144,3036,2283,1882,15429,1,1,1,1
22.4000,4815,1,1,53458,0,102402,0.522046,6,6,15,22,120661,27.52602,0.00202,2.37633,0.01250,1,1,3,1.149837,1.000000,1.205133,-0.016903,-0.016874,14.944192,7704,0.001129,0.074212,42474,17485,9642,6019,4139,3043,2317,1830,15452,1,1,1,1
23.0000,4815,1,1,54168,0,103676,0.522479,9,14367,14367,14367,237647,27.94191,0.00202,2.37633,0.01250,1,1,2,1.028332,1.000000,412.836100,-0.225463,-0.225457,14.735272,4815,0.015301,0.047040,42983,17527,9732,6151,4155,3054,2274,1928,15871,1,1,1,1
23.9000,4815,1,1,55011,1,105864,0.519643,3,1,18,217,87822,28.56567,0.00202,2.37633,0.01250,0,1,3,1.520066,1.074954,1.074954,-0.536725,-0.536638,14.424693,483,0.037203,0.004820,43575,18196,9750,6353,4231,3118,2433,1943,16264,1,1,1,1
22.3500,4816,1,1,53048,0,101768,0.521269,11,19,19,19,4495572,27.49140,0.00216,2.37571,0.00974,1,1,2,1.172883,1.000000,3.654444,0.000476,0.000509,14.961944,7951,-0.000034,0.076484,42127,17259,9626,5875,4207,2986,2278,1768,15641,1,1,1,1
22.4000,4816,1,1,53201,1,102080,0.521175,1,1,24,5257,864226,27.52609,0.00216,2.37571,0.00974,0,0,3,1.607233,1.245949,1.245949,-0.016752,-0.016653,14.944551,7710,0.001114,0.074252,42567,17244,9526,5904,4077,3057,2303,1819,15582,1,1,1,1
23.0000,4816,1,1,54292,0,103936,0.522365,2,5,54,54,17723582,27.94203,0.00216,2.37571,0.00974,1,0,2,1.241318,1.000000,1.457241,-0.224745,-0.224700,14.736718,4821,0.015248,0.047084,43313,17734,9586,6004,4069,3118,2413,1787,15911,1,1,1,1
23.9000,4816,1,1,55355,1,106273,0.520880,1,26,26,26,586004,28.56581,0.00216,2.37571,0.00974,0,1,3,3.247219,2.613097,2.611451,-0.536691,-0.536446,14.424719,489,0.037189,0.004879,44182,18107,9805,6285,4313,3155,2353,1968,16104,1,1,1,1
22.3500,4817,1,1,53028,0,101841,0.520699,2,3,18,160,474586,27.49331,0.00442,2.37933,0.00729,1,1,2,1.401007,1.000000,1.759239,0.002685,0.002755,14.964110,7950,-0.000184,0.076448,42428,17301,9467,5900,4007,2964,2290,1883,15600,1,1,1,1
22.4000,4817,1,1,53457,1,102286,0.522628,1,30,116,258,805498,27.52799,0.00442,2.37933,0.00729,0,1,3,21.780365,15.886483,15.886483,-0.014883,-0.014243,14.946493,7708,0.000953,0.074208,42537,17354,9580,6068,4215,2982,2356,1809,15384,1,1,1,1
23.0000,4817,1,1,54159,1,103895,0.521291,2,2,615,615,353209,27.94399,0.00442,2.37933,0.00729,0,0,3,1.625093,1.283944,1.283944,-0.222619,-0.222518,14.738666,4818,0.015098,0.047039,43141,17678,9840,6109,4205,3006,2335,1801,15779,1,1,1,1
23.9000,4817,1,1,55150,0,105727,0.521631,21,122,122,122,185504,28.56778,0.00442,2.37933,0.00729,1,1,2,1.302791,1.000000,42.631386,-0.534882,-0.534827,14.426574,482,0.037072,0.004808,43807,17840,9696,6320,4278,3133,2402,1895,16355,1,1,1,1
22.3500,4818,1,1,53432,0,102160,0.523028,1,37,37,52,89810,27.49302,0.00230,2.38131,0.00729,1,1,2,1.039249,1.000000,1.572961,0.001407,0.001415,14.962211,7950,-0.000095,0.076442,42514,17372,9390,6018,4170,3136,2345,1765,15449,1,1,1,1
22.4000,4818,1,1,53271,1,102220,0.521146,2,9,9,85,649002,27.52770,0.00230,2.38131,0.00729,0,0,3,2.796730,2.406595,2.406595,-0.015976,-0.015762,14.945320,7709,0.001055,0.074208,42443,17526,9507,5963,3964,3048,2395,1772,15601,1,1,1,1
23.0000,4818,1,1,54074,0,103919,0.520353,1,35,113,113,51733,27.94361,0.00230,2.38131,0.00729,1,1,2,1.039138,1.000000,1.476391,-0.223882,-0.223874,14.737590,4818,0.015191,0.047033,43311,17522,9600,6127,4092,3200,2513,1863,15690,1,1,1,1
23.9000,4818,1,1,55082,0,106071,0.519299,5,2,27,27,8592535,28.56742,0.00230,2.38131,0.00729,1,1,3,1.411733,1.000000,1.162297,-0.535760,-0.535689,14.425651,482,0.037134,0.004807,43810,18141,9802,6384,4248,3221,2416,1865,16183,1,1,1,1
22.3500,4819,1,1,53538,0,102338,0.523154,4,16,19,173,114618,27.48707,0.00216,2.37848,0.01511,1,1,2,1.123460,1.000000,2.280646,-0.001629,-0.001605,14.959423,7953,0.000107,0.076469,42589,17264,9611,6058,4121,3017,2389,1868,15420,1,1,1,1
22.4000,4819,1,1,53195,1,102172,0.520647,2,1,32,48,1788673,27.52174,0.00216,2.37848,0.01511,0,1,3,1.554053,1.164900,1.164900,-0.018888,-0.018797,14.942594,7711,0.001258,0.074226,42422,17375,9501,5983,4185,2962,2362,1864,15517,1,1,1,1
23.0000,4819,1,1,53909,1,103602,0.520352,2,28,36,36,399568,27.93771,0.00216,2.37848,0.01511,0,1,3,4.500670,4.084842,4.084842,-0.227012,-0.226699,14.734751,4821,0.015385,0.047061,42750,17630,9557,6166,4322,3100,2399,1851,15826,1,1,1,1
23.9000,4819,1,1,55482,0,106493,0.520997,4,2,8,97,759928,28.56153,0.00216,2.37848,0.01511,1,1,2,1.390723,1.000000,1.451675,-0.538813,-0.538745,14.422541,482,0.037354,0.004807,44346,17983,9848,6228,4408,3148,2376,1901,16254,1,1,1,1
22.3500,4820,1,1,53111,1,101787,0.521791,3,20,26,111,2501802,27.49195,0.00230,2.38500,0.00769,0,0,3,1.633307,1.355508,1.355508,0.000838,0.000940,14.962070,7953,-0.000063,0.076439,42153,17299,9539,6053,4206,2961,2238,1826,15511,1,1,1,1
22.4000,4820,1,1,53550,0,102294,0.523496,1,5,11,97,173866,27.52660,0.00230,2.38500,0.00769,1,0,3,1.168608,1.000000,1.145862,-0.016465,-0.016433,14.945003,7712,0.001100,0.074208,42674,17140,9506,6102,4256,3086,2228,1774,15527,1,1,1,1
23.0000,4820,1,1,54040,0,103789,0.520677,1,15,326,326,783521,27.94249,0.00230,2.38500,0.00769,1,1,2,1.414179,1.000000,7.915214,-0.224619,-0.224547,14.736782,4826,0.015237,0.047094,42918,17652,9689,5985,4332,3135,2346,1928,15803,1,1,1,1
23.9000,4820,1,1,55258,0,106277,0.519948,5,3,12,577,2166171,28.56632,0.00230,2.38500,0.00769,1,1,2,1.413707,1.000000,1.865695,-0.536382,-0.536310,14.425024,482,0.037179,0.004805,44163,18108,9818,6269,4231,3234,2361,1854,16238,1,1,1,1
22.3500,4821,1,1,53475,1,102245,0.523014,12,13,13,44,75332,27.49229,0.00244,2.38161,0.00893,0,1,3,4.083368,3.858783,3.858783,0.001020,0.001312,14.961956,7951,-0.000088,0.076405,42705,17006,9498,5988,4207,3112,2325,1872,15531,1,1,1,1
22.4000,4821,1,1,53772,0,102824,0.522957,1,7,89,111,127959,27.52694,0.00244,2.38161,0.00893,1,1,2,1.392118,1.000000,3.927758,-0.016307,-0.016238,14.945049,7710,0.001087,0.074173,42955,17463,9478,6123,4232,3047,2281,1816,15428,1,1,1,1
23.0000,4821,1,1,53709,1,103493,0.518968,19,24,133,133,154137,27.94288,0.00244,2.38161,0.00893,0,0,3,1.358048,1.308022,1.308022,-0.224166,-0.224102,14.736689,4817,0.015207,0.046996,42987,17404,9594,6040,4242,3128,2367,1859,15871,1,1,1,1
23.9000,4821,1,1,55364,0,106276,0.520950,2,17,17,77,544212,28.56658,0.00244,2.38161,0.00893,1,1,2,1.093613,1.000000,1.825502,-0.536050,-0.536031,14.424941,479,0.037160,0.004774,44005,18111,9790,6319,4240,3258,2459,1834,16259,1,1,1,1
22.3500,4822,1,1,53408,0,102219,0.522491,2,5,29,180,223466,27.49541,0.00172,2.38411,0.00825,1,0,3,1.184763,1.000000,1.154601,0.002398,0.002433,14.963865,7963,-0.000163,0.076495,42685,17256,9478,5990,4084,3110,2352,1771,15492,1,1,1,1
22.4000,4822,1,1,53205,1,102128,0.520969,3,4,129,1016,302957,27.53005,0.00172,2.38411,0.00825,0,1,3,2.627944,2.121207,2.121207,-0.014988,-0.014787,14.946651,7722,0.000989,0.074265,42475,17250,9513,5993,4135,3054,2348,1855,15504,1,1,1,1
23.0000,4822,1,1,53855,1,103628,0.519700,19,4,146,146,1160139,27.94605,0.00172,2.38411,0.00825,0,0,3,1.477970,1.429668,1.429668,-0.222944,-0.222862,14.737904,4828,0.015122,0.047090,42951,17520,9620,6109,4268,3104,2395,1848,15812,1,1,1,1
23.9000,4822,1,1,55192,0,105941,0.520974,1,23,23,61,105153,28.56977,0.00172,2.38411,0.00825,1,0,2,1.134057,1.000000,3.490840,-0.534900,-0.534874,14.426570,489,0.037076,0.004872,44040,17975,9836,6072,4205,3178,2399,1890,16345,1,1,1,1
22.3500,4823,1,1,53454,0,102311,0.522471,1,6,9,342,357142,27.49651,0.00172,2.38466,0.00901,1,0,2,1.295499,1.000000,2.512963,0.002773,0.002826,14.964230,7962,-0.000189,0.076467,42646,17343,9449,6144,4093,3018,2244,1835,15538,1,1,1,1
22.4000,4823,1,1,53595,1,102720,0.521763,1,2,57,59,42738,27.53114,0.00172,2.38466,0.00901,0,1,3,1.460905,1.197810,1.197810,-0.014467,-0.014388,14.947036,7721,0.000963,0.074238,42698,17690,9471,6072,4209,2962,2375,1787,15455,1,1,1,1
23.0000,4823,1,1,54457,1,104219,0.522530,4,7,50,50,69859,27.94706,0.00172,2.38466,0.00901,0,1,3,3.790531,3.231416,3.231416,-0.222529,-0.222253,14.738625,4827,0.015080,0.047068,43325,17745,9631,6136,4265,3184,2370,1940,15622,1,1,1,1
23.9000,4823,1,1,55599,1,106552,0.521806,1,3,212,212,1427266,28.57079,0.00172,2.38466,0.00901,0,1,3,3.084725,2.293140,2.293140,-0.534360,-0.534127,14.427285,489,0.037022,0.004871,44160,18230,9931,6386,4285,3113,2428,1933,16085,1,1,1,1
22.3500,4824,1,1,53571,1,102327,0.523533,5,82,82,82,72550,27.49415,0.00187,2.38338,0.00868,0,1,3,12.423286,12.139996,12.139996,0.001555,0.002077,14.962669,7966,-0.000139,0.076498,42456,17522,9538,5945,4163,3041,2319,1887,15455,1,1,1,1
22.4000,4824,1,1,53264,0,102318,0.520578,4,3,7,62,6501203,27.52878,0.00187,2.38338,0.00868,1,1,3,1.256336,1.000000,1.007652,-0.015502,-0.015454,14.945723,7725,0.001034,0.074268,42480,17346,9491,6000,4169,3143,2354,1887,15447,1,1,1,1
23.0000,4824,1,1,54012,0,103460,0.522062,1,5,14,91,278883,27.94476,0.00187,2.38338,0.00868,1,0,3,1.161754,1.000000,1.118064,-0.223494,-0.223463,14.737975,4830,0.015162,0.047090,42889,17506,9534,6089,4175,3140,2402,1853,15871,1,1,1,1
23.9000,4824,1,1,55495,1,106535,0.520914,1,1,7,120,831307,28.56850,0.00187,2.38338,0.00868,0,0,3,1.750170,1.254245,1.254245,-0.535385,-0.535269,14.426022,490,0.037104,0.004881,44153,18177,9844,6369,4249,3269,2509,1842,16122,1,1,1,1
22.3500,4825,1,1,52842,0,101917,0.518486,1,85,85,85,260999,27.49471,0.00201,2.38322,0.00969,1,0,2,1.099826,1.000000,9.099831,0.001987,0.002007,14.963458,7964,-0.000134,0.076459,42002,17486,9534,5870,4159,3006,2387,1913,15559,1,1,1,1
22.4000,4825,1,1,53500,0,102241,0.523279,3,8,11,16,430953,27.52948,0.00201,2.38322,0.00969,1,0,3,1.104172,1.000000,1.025053,-0.015167,-0.015147,14.946304,7723,0.001013,0.074230,42467,17262,9548,6060,4209,3047,2295,1868,15484,1,1,1,1
23.0000,4825,1,1,54110,0,103807,0.521261,12,2,209,209,114172,27.94537,0.00201,2.38322,0.00969,1,1,3,1.401822,1.000000,1.054461,-0.223111,-0.223041,14.738313,4829,0.015133,0.047069,42893,17800,9646,6107,4224,3095,2309,1875,15857,1,1,1,1
23.9000,4825,1,1,55733,1,106606,0.522799,1,15,27,242,84024,28.56913,0.00201,2.38322,0.00969,0,1,3,6.320873,5.613102,5.613102,-0.535169,-0.534787,14.426147,487,0.037071,0.004850,44219,18108,9887,6225,4343,3206,2464,1955,16198,1,1,1,1
22.3500,4826,1,1,53495,1,102195,0.523465,1,3,158,158,75526,27.49479,0.00201,2.39211,0.00722,0,0,3,1.433028,1.068186,1.068186,0.002156,0.002230,14.963475,7965,-0.000149,0.076452,42375,17410,9466,6087,4108,3088,2426,1813,15421,1,1,1,1
22.4000,4826,1,1,53549,1,102509,0.522388,1,1,290,4431,390364,27.52941,0.00201,2.39211,0.00722,0,1,3,1.845915,1.424420,1.424420,-0.015176,-0.015049,14.946355,7724,0.001007,0.074224,42732,17278,9502,6056,4203,3103,2406,1816,15412,1,1,1,1
23.0000,4826,1,1,54123,1,103816,0.521341,1,7,456,456,44753,27.94535,0.00201,2.39211,0.00722,0,1,3,2.540952,1.850422,1.787764,-0.223176,-0.222983,14.738287,4829,0.015130,0.047060,42992,17817,9631,6112,4209,3125,2325,1806,15798,1,1,1,1
23.9000,4826,1,1,55599,1,106627,0.521439,2,2,28,270,79087,28.56913,0.00201,2.39211,0.00722,0,0,3,1.527295,1.174776,1.174776,-0.535023,-0.534935,14.426278,485,0.037081,0.004829,44319,17958,9962,6370,4257,3206,2513,1848,16193,1,1,1,1
22.3500,4827,1,1,53364,0,102082,0.522761,1,7,17,20,328465,27.49638,0.00172,2.38857,0.00763,1,0,3,1.110282,1.000000,1.023889,0.002870,0.002892,14.964341,7969,-0.000193,0.076471,42483,17326,9468,5966,4039,3020,2284,1821,15674,1,1,1,1
22.4000,4827,1,1,53680,0,102512,0.523651,42,2,42,42,3193544,27.53099,0.00172,2.38857,0.00763,1,1,3,1.363835,1.000000,1.139417,-0.014453,-0.014389,14.946873,7732,0.000963,0.074283,42765,17268,9602,5972,4052,3045,2335,1876,15596,1,1,1,1
23.0000,4827,1,1,54238,0,103576,0.523659,3,46,49,151,218434,27.94699,0.00172,2.38857,0.00763,1,1,2,1.025344,1.000000,1.290375,-0.222460,-0.222455,14.738253,4831,0.015094,0.047069,42821,17593,9763,6131,4173,3044,2334,1741,15975,1,1,1,1
23.9000,4827,1,1,55488,0,106300,0.521999,1,3,68,68,243069,28.57078,0.00172,2.38857,0.00763,1,0,3,1.205943,1.000000,1.020214,-0.534326,-0.534287,14.427140,487,0.037033,0.004847,44192,17889,9879,6366,4256,3200,2347,1910,16260,1,1,1,1
22.3500,4828,1,1,53370,0,102156,0.522441,9,119,119,119,612419,27.49476,0.00187,2.38405,0.00658,1,1,2,1.014962,1.000000,1.859916,0.002112,0.002115,14.962716,7971,-0.000141,0.076482,42569,17160,9535,5907,4171,3125,2266,1872,15550,1,1,1,1
22.4000,4828,1,1,53324,0,102239,0.521567,1,10,12,28,145180,27.52950,0.00187,2.38405,0.00658,1,1,2,1.396215,1.000000,5.503194,-0.015375,-0.015306,14.945986,7730,0.001024,0.074253,42382,17359,9565,5977,4052,3008,2348,1845,15702,1,1,1,1
23.0000,4828,1,1,53928,0,103671,0.520189,2,28,28,58,383372,27.94542,0.00187,2.38405,0.00658,1,1,2,1.037525,1.000000,1.106404,-0.223166,-0.223159,14.737630,4832,0.015142,0.047071,43054,17460,9605,6193,4158,3094,2343,1829,15934,1,1,1,1
23.9000,4828,1,1,55715,1,106632,0.522503,2,45,45,152,1535929,28.56922,0.00187,2.38405,0.00658,0,1,3,14.676228,13.509051,13.509051,-0.535328,-0.534772,14.426690,487,0.037068,0.004846,44378,18128,9842,6164,4370,3146,2464,1919,16220,1,1,1,1
22.3500,4829,1,1,53361,1,102464,0.520783,4,5,10,41,509589,27.49035,0.00386,2.39187,0.00660,0,1,3,3.228420,2.577783,2.577783,0.000773,0.001015,14.962442,7968,-0.000068,0.076439,42791,17294,9413,6048,4181,3049,2246,1882,15559,1,1,1,1
22.4000,4829,1,1,52919,1,101832,0.519675,48,2,48,58,65591,27.52494,0.00386,2.39187,0.00660,0,1,3,1.754347,1.244360,1.244360,-0.016446,-0.016330,14.945014,7727,0.001093,0.074213,41981,17403,9405,6085,4169,3036,2367,1833,15552,1,1,1,1
23.0000,4829,1,1,54060,0,103814,0.520744,1,67,67,85,123250,27.94091,0.00386,2.39187,0.00660,1,1,2,1.392007,1.000000,31.932011,-0.224772,-0.224704,14.736584,4829,0.015248,0.047036,42955,17595,9721,6125,4256,3132,2313,1949,15767,1,1,1,1
23.9000,4829,1,1,55765,1,106649,0.522888,3,148,148,148,111826,28.56473,0.00386,2.39187,0.00660,0,0,3,4.472845,4.223338,4.223338,-0.536472,-0.536161,14.424719,483,0.037170,0.004806,43882,18350,9991,6351,4385,3200,2482,1902,16105,1,1,1,1
22.3500,4830,1,1,53605,1,102440,0.523287,1,3,11,98,1727461,27.49157,0.00187,2.38651,0.00909,0,1,3,1.587549,1.502337,1.502337,0.000500,0.000595,14.962057,7972,-0.000040,0.076464,42520,17531,9419,6009,4170,2998,2463,1899,15430,1,1,1,1
22.4000,4830,1,1,53132,0,101992,0.520948,1,4,13,21,631779,27.52630,0.00187,2.38651,0.00909,1,1,2,1.400410,1.000000,2.233417,-0.016912,-0.016842,14.944514,7730,0.001127,0.074229,42224,17245,9456,5998,4157,2960,2343,1862,15746,1,1,1,1
23.0000,4830,1,1,54503,1,104446,0.521834,1,3,6,10,3006900,27.94219,0.00187,2.38651,0.00909,0,0,3,1.430161,1.049109,1.049109,-0.224774,-0.224700,14.736562,4832,0.015248,0.047055,43449,17745,9831,6133,4191,3080,2357,1894,15765,1,1,1,1
23.9000,4830,1,1,55295,1,106490,0.519256,32,211,211,211,238397,28.56602,0.00187,2.38651,0.00909,0,1,3,26.391848,26.160783,26.160783,-0.537027,-0.536349,14.423722,485,0.037185,0.004826,44351,17836,9928,6188,4323,3249,2408,1920,16286,1,1,1,1
22.3500,4831,1,1,53226,0,101983,0.521916,1,43,179,179,118104,27.49039,0.00236,2.38560,0.00724,1,1,2,1.041541,1.000000,1.929603,0.000177,0.000185,14.960995,7973,-0.000012,0.076463,42192,17303,9484,6011,4141,3087,2278,1919,15567,1,1,1,1
22.4000,4831,1,1,53288,0,102355,0.520624,1,5,6,105,389058,27.52511,0.00236,2.38560,0.00724,1,1,3,1.168623,1.000000,1.086928,-0.017127,-0.017094,14.943998,7731,0.001144,0.074226,42329,17573,9544,6103,3993,3099,2322,1865,15526,1,1,1,1
23.0000,4831,1,1,54325,1,104104,0.521839,1,31,31,31,263876,27.94106,0.00236,2.38560,0.00724,0,1,3,8.338735,7.791959,7.791959,-0.225303,-0.224864,14.736598,4832,0.015259,0.047046,43295,17652,9838,6068,4258,3092,2333,1867,15700,1,1,1,1
23.9000,4831,1,1,55428,0,106643,0.519758,1,33,33,33,949942,28.56476,0.00236,2.38560,0.00724,1,0,2,1.098505,1.000000,3.589936,-0.537074,-0.537055,14.424397,484,0.037232,0.004814,44141,18124,9910,6379,4286,3213,2419,2007,16163,1,1,1,1
22.3500,4832,1,1,53541,1,102303,0.523362,6,2,11,2059,58485,27.48660,0.00386,2.38537,0.00713,0,0,3,1.144242,1.013297,1.013297,-0.000990,-0.000963,14.960076,7980,0.000064,0.076519,42111,17442,9852,6127,4205,3021,2300,1771,15473,1,1,1,1
22.4000,4832,1,1,53373,1,102202,0.522236,3,2,13,41,80628,27.52118,0.00386,2.38537,0.00713,0,1,3,1.854701,1.384877,1.384877,-0.018312,-0.018184,14.942837,7738,0.001217,0.074284,42295,17370,9476,6066,4130,3079,2366,1794,15625,1,1,1,1
23.0000,4832,1,1,54207,1,104193,0.520261,13,10,983,983,253670,27.93718,0.00386,2.38537,0.00713,0,1,3,2.894170,2.150101,2.103236,-0.226355,-0.226135,14.735252,4838,0.015347,0.047098,43223,17843,9738,6081,4272,3024,2349,1816,15846,1,1,1,1
23.9000,4832,1,1,55387,1,106472,0.520207,86,9,127,127,1372927,28.56090,0.00386,2.38537,0.00713,0,1,3,4.059554,3.707327,3.707327,-0.538274,-0.537984,14.422256,490,0.037302,0.004874,44197,18086,9876,6300,4422,3135,2475,1903,16077,1,1,1,1
22.3500,4833,1,1,53081,1,102077,0.520014,1,15,15,131,2837525,27.48530,0.00359,2.38304,0.00617,0,1,3,5.074577,4.468352,4.468352,-0.001881,-0.001545,14.959488,7977,0.000103,0.076477,42432,17217,9609,5881,4228,3060,2337,1788,15524,1,1,1,1
22.4000,4833,1,1,53692,0,102436,0.524157,12,6,12,139,124328,27.52001,0.00359,2.38304,0.00617,1,1,2,1.259154,1.000000,2.009727,-0.019150,-0.019102,14.942312,7736,0.001278,0.074252,42645,17267,9588,6062,4203,3038,2347,1765,15520,1,1,1,1
23.0000,4833,1,1,54194,0,103769,0.522261,1,1,28,28,71299,27.93593,0.00359,2.38304,0.00617,1,1,3,1.410769,1.000000,1.223285,-0.227051,-0.226980,14.734334,4835,0.015405,0.047062,42779,17783,9700,6138,4178,3066,2323,1886,15915,1,1,1,1
23.9000,4833,1,1,55384,0,106495,0.520067,1,5,1801,1801,108991,28.55966,0.00359,2.38304,0.00617,1,0,2,1.192187,1.000000,1.370575,-0.538933,-0.538897,14.422534,486,0.037365,0.004833,44046,18324,9838,6218,4267,3148,2453,1931,16269,1,1,1,1
22.3500,4834,1,1,53274,0,102316,0.520686,2,467,467,467,69227,27.48421,0.00215,2.38182,0.00617,1,1,2,1.004437,1.000000,2.100520,-0.003018,-0.003017,14.957334,7980,0.000202,0.076501,42621,17195,9446,6063,4166,3058,2377,1812,15577,1,1,1,1
22.4000,4834,1,1,53393,1,102257,0.522150,2,4,204,204,60917,27.51891,0.00215,2.38182,0.00617,0,1,3,1.998522,1.413910,1.268216,-0.020314,-0.020171,14.941165,7737,0.001350,0.074252,42166,17592,9609,5861,4261,3120,2303,1765,15579,1,1,1,1
23.0000,4834,1,1,54291,1,103914,0.522466,1,54,54,54,448814,27.93489,0.00215,2.38182,0.00617,0,1,3,9.875081,9.623365,9.623365,-0.228514,-0.228040,14.733430,4836,0.015478,0.047065,43027,17610,9852,6038,4229,3063,2372,1877,15845,1,1,1,1
23.9000,4834,1,1,55194,0,106393,0.518780,1,7,7,18,158752,28.55863,0.00215,2.38182,0.00617,1,1,2,1.229743,1.000000,2.029484,-0.540225,-0.540183,14.420973,487,0.037458,0.004842,44115,17924,9861,6398,4303,3074,2428,1880,16409,1,1,1,1
22.3500,4835,1,1,53398,0,102175,0.522618,1,67,67,67,413126,27.48488,0.00280,2.38578,0.00671,1,1,2,1.257645,1.000000,19.947243,-0.002686,-0.002639,14.958541,7980,0.000176,0.076479,42583,17154,9547,5858,4113,3053,2391,1850,15625,1,1,1,1
22.4000,4835,1,1,53295,1,102236,0.521299,1,5,85,85,135669,27.51957,0.00280,2.38578,0.00671,0,1,3,3.472531,2.779510,2.779510,-0.019829,-0.019571,14.941855,7743,0.001310,0.074291,42356,17389,9512,6080,4042,3032,2351,1803,15670,1,1,1,1
23.0000,4835,1,1,54120,0,103760,0.521593,1,4,18,161,365475,27.93546,0.00280,2.38578,0.00671,1,1,2,1.190811,1.000000,1.254528,-0.227688,-0.227652,14.733780,4839,0.015451,0.047084,42996,17707,9501,6168,4221,3087,2352,1865,15862,1,1,1,1
23.9000,4835,1,1,55147,1,106202,0.519270,1,15,15,56,141972,28.55922,0.00280,2.38578,0.00671,0,1,3,10.296497,7.924873,7.924873,-0.539762,-0.539280,14.421563,486,0.037394,0.004831,44150,17839,9849,6157,4314,3197,2374,1931,16390,1,1,1,1
22.3500,4836,1,1,53375,1,102285,0.521831,1,10,67,293,168377,27.48237,0.00332,2.38404,0.00616,0,1,3,4.473817,3.879937,3.879937,-0.003459,-0.003149,14.958300,7982,0.000211,0.076484,42416,17461,9429,6164,4207,3076,2275,1818,15438,1,1,1,1
22.4000,4836,1,1,53261,1,102601,0.519113,1,3,35,35,182246,27.51706,0.00332,2.38404,0.00616,0,1,3,1.700469,1.380336,1.380336,-0.020695,-0.020585,14.940836,7740,0.001378,0.074251,42589,17585,9413,6062,4204,3077,2334,1849,15487,1,1,1,1
23.0000,4836,1,1,54173,1,103816,0.521822,4,9,19,210,54110,27.93300,0.00332,2.38404,0.00616,0,0,3,2.091898,1.903725,1.903725,-0.228701,-0.228548,14.732437,4838,0.015513,0.047069,42911,17561,9757,6016,4313,3068,2405,1853,15931,1,1,1,1
23.9000,4836,1,1,55761,1,106962,0.521321,61,3,61,61,147909,28.55678,0.00332,2.38404,0.00616,0,0,3,1.140902,1.125519,1.125519,-0.540530,-0.540503,14.420080,487,0.037483,0.004841,44668,18056,9940,6289,4369,3246,2402,1957,16034,1,1,1,1
22.3500,4837,1,1,53425,1,102185,0.522831,3,24,24,161,123692,27.48804,0.00229,2.38696,0.00749,0,1,3,5.896736,5.514588,5.514588,-0.001125,-0.000759,14.960104,7980,0.000051,0.076439,42166,17463,9679,6063,4168,3043,2345,1794,15463,1,1,1,1
22.4000,4837,1,1,53508,0,102571,0.521673,1,35,35,77,59392,27.52272,0.00229,2.38696,0.00749,1,1,2,1.342245,1.000000,14.547883,-0.018565,-0.018504,14.942884,7738,0.001238,0.074207,42709,17337,9435,6035,4208,3090,2245,1754,15757,1,1,1,1
23.0000,4837,1,1,54077,1,104129,0.519332,3,2,12,30,78144,27.93872,0.00229,2.38696,0.00749,0,0,3,1.380033,1.134770,1.134770,-0.226302,-0.226235,14.734908,4835,0.015354,0.047022,43183,17680,9625,6102,4265,3183,2368,1849,15873,1,1,1,1
23.9000,4837,1,1,55242,0,106411,0.519143,1,1,86,86,176452,28.56251,0.00229,2.38696,0.00749,1,0,3,1.395920,1.000000,1.137760,-0.538198,-0.538129,14.423232,485,0.037310,0.004819,44097,18097,9786,6301,4417,3259,2400,1851,16202,1,1,1,1
22.3500,4838,1,1,53547,1,102559,0.522114,1,2,20,155,44867,27.49400,0.00201,2.39131,0.00792,0,1,3,1.344986,1.064902,1.064902,0.001789,0.001850,14.963263,7985,-0.000124,0.076455,42785,17391,9437,6049,4070,3077,2382,1832,15535,1,1,1,1
22.4000,4838,1,1,53434,0,102650,0.520551,2,3,10,86,283586,27.52868,0.00201,2.39131,0.00792,1,1,3,1.303997,1.000000,1.280743,-0.015561,-0.015506,14.945711,7745,0.001037,0.074245,42804,17586,9315,5992,4081,3098,2367,1815,15591,1,1,1,1
23.0000,4838,1,1,54316,0,104226,0.521142,5,21,21,503,116914,27.94459,0.00201,2.39131,0.00792,1,1,2,1.290400,1.000000,7.172973,-0.223703,-0.223650,14.737556,4841,0.015176,0.047062,43308,17637,9742,6122,4313,3021,2368,1914,15800,1,1,1,1
23.9000,4838,1,1,55796,0,106937,0.521770,3,1,32,95,228270,28.56840,0.00201,2.39131,0.00792,1,1,3,1.409198,1.000000,1.065316,-0.535407,-0.535337,14.425974,486,0.037109,0.004827,44400,18178,9950,6305,4263,3388,2405,1953,16094,1,1,1,1
22.3500,4839,1,1,53290,0,102104,0.521924,1,1,8,169,120848,27.49705,0.00201,2.38818,0.00659,1,0,3,1.409109,1.000000,1.042916,0.003369,0.003440,14.964786,7985,-0.000230,0.076432,42245,17395,9509,5938,4159,3143,2324,1807,15583,1,1,1,1
22.4000,4839,1,1,53178,0,102270,0.519982,1,12,61,61,24490,27.53172,0.00201,2.38818,0.00659,1,1,2,1.273914,1.000000,4.074012,-0.014107,-0.014057,14.947353,7743,0.000940,0.074202,42332,17402,9546,5949,4229,2992,2287,1824,15708,1,1,1,1
23.0000,4839,1,1,54546,0,104343,0.522762,2,3,39,72,140981,27.94769,0.00201,2.38818,0.00659,1,1,2,1.412405,1.000000,1.924883,-0.222016,-0.221945,14.739395,4839,0.015058,0.047027,43157,18008,9664,6139,4172,3192,2331,1925,15754,1,1,1,1
23.9000,4839,1,1,55669,1,106812,0.521192,1,9,145,145,124665,28.57151,0.00201,2.38818,0.00659,0,1,3,6.476076,5.088238,5.088238,-0.534027,-0.533641,14.427294,484,0.036988,0.004805,44315,18075,10028,6229,4354,3146,2513,1925,16226,1,1,1,1
22.3500,4840,1,1,53447,1,102118,0.523390,1,3,51,51,591240,27.49336,0.00375,2.38614,0.00616,0,0,3,2.137959,1.636402,1.636402,0.002247,0.002404,14.963623,7988,-0.000161,0.076451,42340,17300,9438,6076,4185,3012,2318,1837,15611,1,1,1,1
22.4000,4840,1,1,53586,0,102868,0.520925,2,3,13,92,1825375,27.52801,0.00375,2.38614,0.00616,1,1,2,1.392536,1.000000,1.910986,-0.015097,-0.015029,14.946260,7747,0.001006,0.074230,43040,17308,9371,6115,4108,3069,2357,1862,15637,1,1,1,1
23.0000,4840,1,1,54733,1,104618,0.523175,7,12,13,28,1030581,27.94390,0.00375,2.38614,0.00616,0,1,3,7.930287,6.168003,6.168003,-0.223163,-0.222735,14.738726,4845,0.015112,0.047078,43416,18028,9808,6136,4176,3089,2380,1843,15741,1,1,1,1
23.9000,4840,1,1,55261,1,106560,0.518595,3,1,22,115,75769,28.56773,0.00375,2.38614,0.00616,0,1,3,1.341600,1.093054,1.093054,-0.534891,-0.534830,14.426268,486,0.037073,0.004825,44008,18112,9885,6439,4284,3182,2375,1905,16369,1,1,1,1
22.3500,4841,1,1,53825,1,102696,0.524125,2,11,11,1540,119881,27.48952,0.00404,2.37825,0.00717,0,1,3,8.233906,6.106948,6.106948,0.000389,0.000824,14.962280,7986,-0.000055,0.076423,42609,17630,9628,6072,4107,3089,2335,1791,15434,1,1,1,1
22.4000,4841,1,1,53559,1,102716,0.521433,3,2,33,33,1583734,27.52417,0.00404,2.37825,0.00717,0,1,3,1.877152,1.366945,1.366945,-0.016781,-0.016651,14.944783,7744,0.001114,0.074194,42636,17405,9796,6005,4198,3088,2293,1785,15509,1,1,1,1
23.0000,4841,1,1,54738,0,104933,0.521652,16,11,60,144,311417,27.94011,0.00404,2.37825,0.00717,1,0,2,1.178496,1.000000,2.377967,-0.224810,-0.224776,14.736658,4839,0.015253,0.047016,43866,17877,9675,6275,4248,3057,2232,1889,15813,1,1,1,1
23.9000,4841,1,1,55862,0,107531,0.519502,2,175,175,175,100866,28.56382,0.00404,2.37825,0.00717,1,1,2,1.060246,1.000000,10.922876,-0.536821,-0.536809,14.424078,485,0.037216,0.004814,44663,18353,10129,6480,4398,3205,2367,1955,15980,1,1,1,1
22.3500,4842,1,1,53399,1,102334,0.521816,3,2,5,62,230401,27.48852,0.00229,2.37625,0.00739,0,1,3,1.721185,1.431986,1.431986,-0.000781,-0.000668,14.960406,7992,0.000045,0.076474,42502,17309,9461,6064,4082,2953,2276,1894,15792,1,1,1,1
22.4000,4842,1,1,53489,1,102830,0.520174,1,2,10,64,71027,27.52316,0.00229,2.37625,0.00739,0,1,3,1.888267,1.507155,1.507155,-0.018106,-0.017975,14.943188,7746,0.001203,0.074205,42768,17495,9545,5934,4289,2983,2423,1855,15537,1,1,1,1
23.0000,4842,1,1,54492,0,104571,0.521105,1,2,71,71,52080,27.93916,0.00229,2.37625,0.00739,1,0,3,1.301947,1.000000,1.010394,-0.226066,-0.226012,14.735391,4840,0.015338,0.047020,43422,17758,9721,6212,4314,3053,2421,1851,15818,1,1,1,1
23.9000,4842,1,1,55599,1,106933,0.519947,1,2,12,35,71829,28.56288,0.00229,2.37625,0.00739,0,1,3,2.030369,1.589125,1.589125,-0.537973,-0.537827,14.423582,483,0.037288,0.004794,44435,18183,9961,6260,4298,3188,2407,1868,16332,1,1,1,1
22.3500,4843,1,1,53472,0,102680,0.520769,1,247,247,247,108583,27.48632,0.00172,2.37047,0.00778,1,1,2,1.087741,1.000000,22.739977,-0.002551,-0.002534,14.958921,7996,0.000169,0.076504,42710,17385,9653,6090,4135,2989,2329,1833,15555,1,1,1,1
22.4000,4843,1,1,53380,0,102338,0.521610,1,34,34,34,19033175,27.52095,0.00172,2.37047,0.00778,1,1,2,1.331027,1.000000,13.664242,-0.019816,-0.019757,14.941635,7753,0.001322,0.074265,42313,17419,9599,6018,4106,3015,2377,1894,15596,1,1,1,1
23.0000,4843,1,1,54448,0,104233,0.522373,1,1,173,2066,104656,27.93687,0.00172,2.37047,0.00778,1,0,3,1.342318,1.000000,1.009314,-0.227504,-0.227444,14.733364,4847,0.015437,0.047085,43200,17813,9658,6115,4195,3174,2405,1877,15795,1,1,1,1
23.9000,4843,1,1,55464,0,106589,0.520359,1,41,74,383,143036,28.56060,0.00172,2.37047,0.00778,1,1,2,1.043884,1.000000,1.882213,-0.539436,-0.539427,14.421396,490,0.037405,0.004863,44274,17939,9923,6308,4296,3165,2447,1892,16344,1,1,1,1
22.3500,4844,1,1,53966,0,103081,0.523535,20,3,20,43,588280,27.49257,0.00186,2.37462,0.00734,1,1,3,1.302259,1.000000,1.312462,0.000995,0.001049,14.962265,7997,-0.000070,0.076481,43045,17605,9396,6012,4285,3099,2269,1856,15513,1,1,1,1
22.4000,4844,1,1,53109,1,102235,0.519485,7,48,72,124,581955,27.52720,0.00186,2.37462,0.00734,0,0,3,2.025477,1.894152,1.894152,-0.016358,-0.016212,14.944703,7757,0.001085,0.074272,42309,17325,9587,5876,4139,3085,2338,1792,15783,1,1,1,1
23.0000,4844,1,1,54300,0,103973,0.522256,9,5,64,1198,581168,27.94318,0.00186,2.37462,0.00734,1,1,2,1.357285,1.000000,2.540385,-0.224375,-0.224312,14.737071,4848,0.015221,0.047073,43187,17579,9631,6126,4255,3125,2371,1889,15809,1,1,1,1
23.9000,4844,1,1,55800,0,107158,0.520731,1,6,15,159,959132,28.56692,0.00186,2.37462,0.00734,1,0,2,1.167844,1.000000,1.467403,-0.536186,-0.536154,14.425283,491,0.037168,0.004871,44410,18288,10011,6384,4399,3180,2395,1912,16178,1,1,1,1
22.3500,4845,1,1,53608,0,102614,0.522429,1,15,120,256,239117,27.48878,0.00200,2.37773,0.00846,1,1,2,1.103563,1.000000,1.848959,-0.000815,-0.000795,14.960201,7995,0.000053,0.076456,42556,17397,9737,6022,4202,3044,2258,1818,15579,1,1,1,1
22.4000,4845,1,1,53653,1,102808,0.521881,412,2,412,412,403027,27.52355,0.00200,2.37773,0.00846,0,1,3,1.218210,1.122497,1.122497,-0.018140,-0.018100,14.942059,7752,0.001211,0.074222,42748,17461,9595,5984,4239,2979,2361,1844,15596,1,1,1,1
23.0000,4845,1,1,54182,0,103974,0.521116,1,23,40,40,104579,27.93943,0.00200,2.37773,0.00846,1,1,2,1.414134,1.000000,12.021886,-0.226336,-0.226264,14.735067,4845,0.015356,0.047041,42955,17708,9690,6126,4171,3155,2277,1879,16012,1,1,1,1
23.9000,4845,1,1,55536,0,106749,0.520253,6,2,15,17,4388079,28.56319,0.00200,2.37773,0.00846,1,0,3,1.364497,1.000000,1.116192,-0.537963,-0.537899,14.423480,485,0.037293,0.004811,44340,18066,9912,6370,4333,3161,2372,1926,16268,1,1,1,1
22.3500,4846,1,1,53179,1,102245,0.520119,1,27,27,708,43044,27.48378,0.00436,2.37442,0.00872,0,1,3,9.030195,8.154365,8.154365,-0.002384,-0.001930,14.959526,7999,0.000129,0.076482,42252,17421,9466,6112,4113,3006,2392,1873,15609,1,1,1,1
22.4000,4846,1,1,53411,1,102802,0.519557,1,14,14,71,295751,27.51839,0.00436,2.37442,0.00872,0,1,3,2.235140,1.659455,1.593620,-0.019519,-0.019353,14.942034,7756,0.001295,0.074246,42784,17386,9481,6077,4149,3157,2372,1823,15572,1,1,1,1
23.0000,4846,1,1,54484,0,104213,0.522819,1,2,7,26,155454,27.93434,0.00436,2.37442,0.00872,1,0,3,1.279687,1.000000,1.140054,-0.227459,-0.227408,14.734001,4848,0.015434,0.047063,43329,17509,9666,6126,4286,3113,2416,1818,15949,1,1,1,1
23.9000,4846,1,1,55340,0,106721,0.518553,1,3,59,177,120705,28.55811,0.00436,2.37442,0.00872,1,0,2,1.240911,1.000000,1.397059,-0.539362,-0.539318,14.422102,487,0.037395,0.004830,44044,18288,9862,6262,4459,3122,2535,1930,16218,1,1,1,1
22.3500,4847,1,1,53515,1,102665,0.521264,2,2,50,50,183059,27.48813,0.00313,2.38272,0.00731,0,0,3,1.651688,1.390101,1.390101,-0.000585,-0.000481,14.960635,7999,0.000032,0.076461,42675,17430,9563,6045,4165,3018,2295,1806,15667,1,1,1,1
22.4000,4847,1,1,53683,1,102796,0.522234,3,3,64,86,150116,27.52274,0.00313,2.38272,0.00731,0,1,3,2.221690,1.642595,1.642595,-0.017910,-0.017746,14.943639,7757,0.001187,0.074232,42455,17477,9820,6079,4247,2972,2377,1788,15580,1,1,1,1
23.0000,4847,1,1,54475,1,104429,0.521651,5,4,37,37,441564,27.93874,0.00313,2.38272,0.00731,0,1,3,1.635682,1.162158,1.137779,-0.225864,-0.225762,14.735587,4847,0.015321,0.047039,43393,17779,9769,6142,4218,3042,2374,1777,15934,1,1,1,1
23.9000,4847,1,1,55864,0,107140,0.521416,1,2,20,20,222832,28.56253,0.00313,2.38272,0.00731,1,0,3,1.385716,1.000000,1.422785,-0.537788,-0.537720,14.423648,486,0.037280,0.004819,44745,18191,9796,6367,4411,3182,2304,1932,16211,1,1,1,1
22.3500,4848,1,1,53427,1,102698,0.520239,1,16,16,26,190114,27.48303,0.00315,2.37517,0.00987,0,1,3,7.160679,6.218275,6.218275,-0.003239,-0.002833,14.958150,8004,0.000189,0.076505,42612,17571,9548,6091,4212,3055,2361,1769,15478,1,1,1,1
22.4000,4848,1,1,53853,1,102814,0.523796,1,19,19,21,70290,27.51777,0.00315,2.37517,0.00987,0,1,3,1.362919,1.138094,1.138094,-0.020434,-0.020370,14.941060,7761,0.001363,0.074268,42641,17665,9519,6040,4158,2973,2350,1843,15624,1,1,1,1
23.0000,4848,1,1,54639,1,104444,0.523147,1,28,28,1864,81869,27.93369,0.00315,2.37517,0.00987,0,1,3,4.505035,3.682131,3.681689,-0.228514,-0.228204,14.732947,4852,0.015489,0.047086,43311,17732,9751,6139,4266,3084,2336,1847,15977,1,1,1,1
23.9000,4848,1,1,55694,0,106935,0.520826,1,7,7,31,1111352,28.55749,0.00315,2.37517,0.00987,1,1,2,1.138637,1.000000,1.205489,-0.540301,-0.540274,14.420781,490,0.037465,0.004858,44415,18115,9890,6370,4331,3300,2419,1877,16217,1,1,1,1
22.3500,4849,1,1,53418,0,102288,0.522236,2,11,11,89,3038831,27.47838,0.00718,2.37726,0.00809,1,1,2,1.338918,1.000000,4.638090,-0.003605,-0.003545,14.957699,8001,0.000237,0.076463,42559,17111,9550,6024,4165,3078,2343,1810,15647,1,1,1,1
22.4000,4849,1,1,53540,0,102675,0.521456,2,1,3,789,313768,27.51298,0.00718,2.37726,0.00809,1,1,3,1.414058,1.000000,1.119836,-0.020751,-0.020679,14.940653,7759,0.001384,0.074235,42399,17621,9601,6131,4100,3024,2334,1870,15594,1,1,1,1
23.0000,4849,1,1,54543,1,104774,0.520583,1,2,130,130,112976,27.92895,0.00718,2.37726,0.00809,0,0,3,1.479052,1.103743,1.103743,-0.228740,-0.228660,14.732585,4850,0.015521,0.047058,43853,17601,9543,6179,4339,3129,2454,1891,15784,1,1,1,1
23.9000,4849,1,1,55680,0,107053,0.520121,1,4,9,226,69585,28.55277,0.00718,2.37726,0.00809,1,1,2,1.390930,1.000000,2.428094,-0.540731,-0.540663,14.420702,485,0.037492,0.004808,44487,18197,9960,6245,4452,3109,2470,1893,16239,1,1,1,1
22.3500,4850,1,1,53513,1,102779,0.520666,2,32,32,49,652763,27.48134,0.00336,2.37530,0.00643,0,1,3,9.270111,8.628051,8.628051,-0.004050,-0.003591,14.957251,8006,0.000240,0.076498,42694,17489,9635,5960,4247,3138,2349,1799,15467,1,1,1,1
22.4000,4850,1,1,53509,1,102873,0.520151,2,4,5,488,9804731,27.51607,0.00336,2.37530,0.00643,0,1,3,1.469101,1.079274,1.079274,-0.021195,-0.021116,14.940265,7760,0.001413,0.074231,42613,17574,9634,6187,4040,3069,2266,1779,15710,1,1,1,1
23.0000,4850,1,1,54467,1,104441,0.521515,1,5,12,244,201023,27.93196,0.00336,2.37530,0.00643,0,1,3,3.746669,2.938935,2.938935,-0.229247,-0.228974,14.732116,4852,0.015543,0.047069,43380,17699,9717,6141,4196,3127,2311,1955,15914,1,1,1,1
23.9000,4850,1,1,55608,0,106943,0.519983,2,5,9,32,127049,28.55579,0.00336,2.37530,0.00643,1,1,2,1.296526,1.000000,1.994078,-0.541121,-0.541067,14.420145,485,0.037522,0.004807,44396,18171,9938,6395,4353,3204,2369,1830,16286,1,1,1,1
22.3500,4851,1,1,53869,1,102829,0.523875,7,50,50,94,368861,27.48306,0.00322,2.37222,0.00657,0,1,3,15.637951,14.791776,14.791776,-0.003269,-0.002702,14.957792,8005,0.000181,0.076469,42687,17403,9666,5969,4165,3081,2350,1881,15626,1,1,1,1
22.4000,4851,1,1,53227,1,102097,0.521343,1,9,13,36,366345,27.51778,0.00322,2.37222,0.00657,0,1,3,7.030232,5.317216,5.317216,-0.020524,-0.020122,14.941331,7762,0.001347,0.074230,42123,17419,9449,6017,4071,3010,2379,1815,15813,1,1,1,1
23.0000,4851,1,1,54576,0,104485,0.522338,2,21,22,22,623915,27.93372,0.00322,2.37222,0.00657,1,0,2,1.154577,1.000000,3.712751,-0.228460,-0.228430,14.733010,4851,0.015505,0.047047,43569,17595,9668,6072,4341,3025,2383,1796,16035,1,1,1,1
23.9000,4851,1,1,55856,0,107404,0.520060,1,4,4,17,686280,28.55743,0.00322,2.37222,0.00657,1,1,2,1.231404,1.000000,1.399465,-0.540209,-0.540166,14.420993,487,0.037457,0.004825,44670,18448,10012,6309,4343,3114,2378,1893,16236,1,1,1,1
22.3500,4852,1,1,53503,1,102441,0.522286,2,2,8,57,145789,27.47949,0.00336,2.37080,0.00762,0,0,3,1.543152,1.200934,1.200934,-0.004814,-0.004724,14.956479,8007,0.000316,0.076480,42473,17296,9482,6046,4206,3105,2332,1804,15696,1,1,1,1
22.4000,4852,1,1,53755,1,103166,0.521058,1,14,14,27,478359,27.51406,0.00336,2.37080,0.00762,0,1,3,9.976495,7.441647,7.441647,-0.022288,-0.021814,14.939035,7764,0.001460,0.074245,43096,17245,9676,6250,4132,3021,2317,1867,15561,1,1,1,1
23.0000,4852,1,1,54360,0,104357,0.520909,2,3,9,83,114086,27.93006,0.00336,2.37080,0.00762,1,0,3,1.284659,1.000000,1.205794,-0.230102,-0.230050,14.731358,4852,0.015616,0.047052,43259,17790,9817,6046,4243,3125,2372,1832,15872,1,1,1,1
23.9000,4852,1,1,55784,0,107547,0.518699,1,3,40,136,1003312,28.55378,0.00336,2.37080,0.00762,1,1,2,1.409868,1.000000,2.075398,-0.542017,-0.541946,14.419400,486,0.037585,0.004815,44849,18228,10087,6363,4329,3125,2485,1867,16213,1,1,1,1
22.3500,4853,1,1,53722,0,102810,0.522542,1,6,15106,15106,280207,27.47647,0.00351,2.37081,0.00797,1,1,2,1.339273,1.000000,2.734014,-0.006287,-0.006227,14.955163,8004,0.000416,0.076442,42772,17446,9717,5945,4192,3036,2326,1775,15600,1,1,1,1
22.4000,4853,1,1,53883,1,103131,0.522476,1,3,45,114,345470,27.51118,0.00351,2.37081,0.00797,0,1,3,1.489955,1.054201,1.024274,-0.023528,-0.023446,14.937877,7763,0.001570,0.074226,42904,17609,9504,6063,4161,3154,2320,1865,15550,1,1,1,1
23.0000,4853,1,1,54129,1,104220,0.519377,3,20,39,39,91766,27.92710,0.00351,2.37081,0.00797,0,0,3,2.982202,2.681729,2.681729,-0.231598,-0.231373,14.729640,4854,0.015708,0.047068,43281,17729,9625,6083,4198,2953,2380,1886,16084,1,1,1,1
23.9000,4853,1,1,55692,0,106954,0.520715,1,6,393,393,162754,28.55083,0.00351,2.37081,0.00797,1,1,2,1.315141,1.000000,2.739401,-0.543465,-0.543408,14.417818,482,0.037690,0.004775,44473,18096,9873,6312,4285,3218,2376,1922,16398,1,1,1,1
22.3500,4854,1,1,53801,1,102925,0.522726,6,1,199,398,11706025,27.47865,0.00308,2.37255,0.00794,0,1,3,1.232232,1.059186,1.059186,-0.005255,-0.005212,14.955802,8014,0.000349,0.076518,42787,17600,9567,6063,4136,3077,2339,1848,15507,1,1,1,1
22.4000,4854,1,1,53721,1,102676,0.523214,1,2,6,36,961556,27.51335,0.00308,2.37255,0.00794,0,1,3,1.354090,1.184401,1.184401,-0.022622,-0.022560,14.938883,7769,0.001510,0.074263,42383,17656,9587,5987,4170,3092,2409,1787,15604,1,1,1,1
23.0000,4854,1,1,54444,0,104467,0.521165,2,715,715,715,360192,27.92932,0.00308,2.37255,0.00794,1,1,2,1.049740,1.000000,36.486414,-0.230967,-0.230957,14.730506,4856,0.015679,0.047075,42992,17889,9817,6235,4343,3107,2384,1854,15845,1,1,1,1
23.9000,4854,1,1,55555,1,107205,0.518218,2,3,10,39,196278,28.55307,0.00308,2.37255,0.00794,0,1,3,2.686618,1.966942,1.966942,-0.542536,-0.542333,14.419118,488,0.037612,0.004833,44790,17918,9990,6407,4385,3088,2451,1871,16304,1,1,1,1
22.3500,4855,1,1,53460,0,102525,0.521439,1,2,11,46,5540819,27.48052,0.00308,2.36704,0.00792,1,1,3,1.182331,1.000000,1.032445,-0.004409,-0.004375,14.956690,8012,0.000292,0.076479,42506,17289,9588,6074,4150,3117,2320,1874,15606,1,1,1,1
22.4000,4855,1,1,53843,1,103200,0.521740,1,1,8,207,208712,27.51522,0.00308,2.36704,0.00792,0,1,3,1.926828,1.447475,1.447475,-0.021795,-0.021660,14.939733,7768,0.001450,0.074234,42859,17638,9637,6197,4056,3042,2409,1871,15490,1,1,1,1
23.0000,4855,1,1,54647,1,104704,0.521924,1,5,6,47,39745,27.93110,0.00308,2.36704,0.00792,0,1,3,2.684460,2.068156,2.068156,-0.229781,-0.229578,14.731826,4858,0.015584,0.047080,43345,17958,9760,6142,4218,3157,2333,1855,15935,1,1,1,1
23.9000,4855,1,1,55724,0,106928,0.521141,3,5,6,254,342834,28.55487,0.00308,2.36704,0.00792,1,0,2,1.272427,1.000000,1.939951,-0.541653,-0.541604,14.419808,489,0.037560,0.004842,44263,18256,9765,6465,4301,3181,2438,1886,16372,1,1,1,1
22.3500,4856,1,1,53352,0,102528,0.520370,3,11,11,77,80517,27.48142,0.00322,2.37428,0.00859,1,1,2,1.289464,1.000000,3.892950,-0.003986,-0.003934,14.957473,8015,0.000263,0.076488,42409,17396,9562,6040,4260,2963,2371,1807,15719,1,1,1,1
22.4000,4856,1,1,53597,1,102605,0.522368,1,3,9,78,794803,27.51611,0.00322,2.37428,0.00859,0,0,3,1.969452,1.405594,1.405594,-0.021220,-0.021080,14.940220,7772,0.001411,0.074254,42733,17320,9534,6045,4119,3043,2304,1860,15646,1,1,1,1
23.0000,4856,1,1,54901,1,105211,0.521823,4,4,18,26,3159327,27.93205,0.00322,2.37428,0.00859,0,1,3,2.928062,2.158473,2.158473,-0.229240,-0.229019,14.731878,4858,0.015546,0.047070,43828,17956,9832,6155,4269,3104,2364,1878,15824,1,1,1,1
23.9000,4856,1,1,55825,1,107215,0.520688,1,12,15,36,892699,28.55583,0.00322,2.37428,0.00859,0,1,3,2.354021,2.213010,2.213010,-0.541131,-0.540955,14.420505,493,0.037513,0.004880,44652,18264,9887,6299,4352,3155,2513,1837,16255,1,1,1,1
22.3500,4857,1,1,53453,1,102296,0.522538,1,8,11,1141,14949715,27.48320,0.00336,2.37603,0.00838,0,1,3,6.351619,4.664956,4.664956,-0.002993,-0.002613,14.958850,8013,0.000175,0.076446,42341,17319,9400,6072,4191,3118,2326,1842,15686,1,1,1,1
22.4000,4857,1,1,53463,1,103109,0.518515,2,10,41,114,74045,27.51788,0.00336,2.37603,0.00838,0,1,3,6.102919,4.934256,4.934256,-0.020339,-0.019966,14.940889,7775,0.001336,0.074265,43049,17431,9490,6117,4214,3005,2250,1837,15715,1,1,1,1
23.0000,4857,1,1,54189,1,104179,0.520158,1,16,18,100,139595,27.93388,0.00336,2.37603,0.00838,0,1,3,1.963778,1.416674,1.269119,-0.228197,-0.228058,14.733310,4855,0.015479,0.047027,42934,17921,9723,6082,4277,3123,2306,1761,16051,1,1,1,1
23.9000,4857,1,1,55538,0,106938,0.519353,1,3,53,161,253105,28.55767,0.00336,2.37603,0.00838,1,0,3,1.265294,1.000000,1.159898,-0.540084,-0.540035,14.421378,486,0.037447,0.004809,44323,18142,9749,6366,4354,3250,2380,1966,16407,1,1,1,1
22.3500,4858,1,1,53378,0,102613,0.520193,1,9,9,108,136940,27.48342,0.00524,2.38038,0.00813,1,0,2,1.241010,1.000000,2.856407,-0.001982,-0.001937,14.959483,8014,0.000130,0.076436,42486,17326,9678,6097,4197,2983,2262,1847,15736,1,1,1,1
22.4000,4858,1,1,53744,0,102954,0.522025,2,996,996,996,696368,27.51810,0.00524,2.38038,0.00813,1,1,2,1.001622,1.000000,1.668493,-0.019259,-0.019259,14.940892,7771,0.001289,0.074211,42944,17452,9453,6078,4077,2992,2433,1771,15753,1,1,1,1
23.0000,4858,1,1,54428,0,104746,0.519624,1,2,11,11,98483,27.93401,0.00524,2.38038,0.00813,1,1,3,1.305327,1.000000,1.186205,-0.227186,-0.227131,14.734089,4857,0.015415,0.047034,43647,17625,9839,6293,4153,3096,2298,1820,15974,1,1,1,1
23.9000,4858,1,1,55667,1,106979,0.520359,1,6,16,19,823961,28.55782,0.00524,2.38038,0.00813,0,1,3,4.254259,3.401978,3.401978,-0.539196,-0.538898,14.422209,484,0.037366,0.004788,44385,18197,9914,6258,4366,3174,2428,1874,16382,1,1,1,1
22.3500,4859,1,1,53506,0,102978,0.519592,11,434,434,434,201941,27.48598,0.00449,2.37363,0.00804,1,1,2,1.072431,1.000000,32.610844,-0.001281,-0.001267,14.960191,8018,0.000085,0.076455,42905,17362,9675,6048,4129,3011,2358,1792,15697,1,1,1,1
22.4000,4859,1,1,53660,0,102979,0.521082,2,146,146,146,37540,27.52065,0.00449,2.37363,0.00804,1,1,2,1.409739,1.000000,72.684388,-0.018696,-0.018625,14.942688,7779,0.001246,0.074263,42778,17521,9589,6053,4122,3101,2309,1856,15649,1,1,1,1
23.0000,4859,1,1,54851,1,104580,0.524493,1,9,60,60,456801,27.93662,0.00449,2.37363,0.00804,0,1,3,6.056767,4.866878,4.866878,-0.226404,-0.226034,14.734985,4862,0.015340,0.047070,43224,17998,9663,6198,4182,3057,2464,1894,15899,1,1,1,1
23.9000,4859,1,1,55993,1,107455,0.521088,3,22,22,26,796975,28.56044,0.00449,2.37363,0.00804,0,0,3,1.361163,1.088228,1.088228,-0.538156,-0.538093,14.423083,488,0.037308,0.004827,44692,18211,10029,6346,4451,3219,2325,1967,16214,1,1,1,1
22.3500,4860,1,1,53737,1,102938,0.522038,6,1,149,149,71153,27.48551,0.00322,2.37283,0.00740,0,1,3,1.395035,1.043043,1.043043,-0.001887,-0.001819,14.959146,8019,0.000122,0.076454,42781,17460,9487,6092,4168,3040,2411,1828,15670,1,1,1,1
22.4000,4860,1,1,53557,1,102729,0.521348,50,17,50,50,2998855,27.52017,0.00322,2.37283,0.00740,0,0,3,2.473388,2.454038,2.454038,-0.019306,-0.019119,14.941357,7779,0.001280,0.074255,42534,17677,9493,5860,4192,3113,2275,1793,15791,1,1,1,1
23.0000,4860,1,1,54366,0,104642,0.519548,9,15,22,81,477175,27.93606,0.00322,2.37283,0.00740,1,1,2,1.257548,1.000000,4.614198,-0.227315,-0.227268,14.734148,4860,0.015425,0.047044,43507,17656,9663,6154,4324,3091,2403,1913,15930,1,1,1,1
23.9000,4860,1,1,55817,1,107258,0.520404,1,1,12,169,97269,28.55989,0.00322,2.37283,0.00740,0,0,3,1.776797,1.265997,1.265997,-0.539098,-0.538980,14.422323,486,0.037371,0.004806,44294,18507,9937,6338,4373,3125,2441,1902,16340,1,1,1,1
22.3500,4861,1,1,53742,0,102904,0.522259,2,1,46,46,1591720,27.48243,0.00336,2.36840,0.00783,1,0,3,1.398928,1.000000,1.006588,-0.003306,-0.003237,14.958122,8017,0.000216,0.076425,42776,17484,9421,6128,4141,3092,2386,1774,15701,1,1,1,1
22.4000,4861,1,1,53931,1,103633,0.520409,1,26,26,50,75917,27.51708,0.00336,2.36840,0.00783,0,0,3,2.279989,1.833553,1.833553,-0.020693,-0.020524,14.940646,7774,0.001374,0.074195,43213,17776,9555,6035,4194,3041,2394,1861,15563,1,1,1,1
23.0000,4861,1,1,54320,0,104247,0.521075,1,2,9,47,285637,27.93302,0.00336,2.36840,0.00783,1,0,2,1.363479,1.000000,1.541195,-0.228650,-0.228587,14.732794,4858,0.015516,0.047019,43022,17664,9726,6184,4210,3164,2386,1961,15929,1,1,1,1
23.9000,4861,1,1,56049,1,107382,0.521964,1,2,51,51,597009,28.55673,0.00336,2.36840,0.00783,0,1,3,1.997163,1.519959,1.519959,-0.540501,-0.540359,14.421088,486,0.037470,0.004805,44443,18452,9938,6436,4383,3169,2390,1875,16295,1,1,1,1
22.3500,4862,1,1,53669,1,103068,0.520720,9,122,122,122,401684,27.48354,0.00410,2.37545,0.00768,0,1,3,50.112137,45.725891,45.725891,-0.002724,-0.001919,14.958276,8021,0.000128,0.076446,42953,17290,9635,6139,4189,3083,2353,1806,15619,1,1,1,1
22.4000,4862,1,1,53779,1,103248,0.520877,126,5,126,126,1106966,27.51819,0.00410,2.37545,0.00768,0,1,3,3.288077,2.643564,2.643564,-0.019752,-0.019508,14.940681,7778,0.001306,0.074218,42969,17534,9615,6027,4223,3101,2350,1756,15672,1,1,1,1
23.0000,4862,1,1,54472,0,104455,0.521493,1,53,53,53,3600407,27.93419,0.00410,2.37545,0.00768,1,1,2,1.042126,1.000000,2.357246,-0.227742,-0.227733,14.733085,4862,0.015457,0.047047,43242,17710,9820,6123,4121,3157,2441,1870,15970,1,1,1,1
23.9000,4862,1,1,55862,0,107162,0.521290,1,2434,2434,2434,146671,28.55791,0.00410,2.37545,0.00768,1,1,2,1.125466,1.000000,324.698578,-0.540108,-0.540083,14.421364,487,0.037450,0.004814,44535,18119,9959,6350,4333,3091,2440,1931,16403,1,1,1,1
22.3500,4863,1,1,53753,1,102944,0.522163,1,3,75,75,252390,27.48559,0.00321,2.37821,0.00837,0,1,3,2.620463,2.016103,2.016103,-0.001911,-0.001713,14.959731,8024,0.000114,0.076452,42687,17402,9770,6126,4221,3107,2303,1738,15589,1,1,1,1
22.4000,4863,1,1,53703,1,103068,0.521049,1,4,67,67,352578,27.52023,0.00321,2.37821,0.00837,0,1,3,2.884784,2.332840,2.332840,-0.019243,-0.019025,14.942431,7777,0.001273,0.074184,42751,17589,9602,5891,4236,3122,2368,1810,15698,1,1,1,1
23.0000,4863,1,1,54650,0,104795,0.521499,1,1,15,154,260889,27.93615,0.00321,2.37821,0.00837,1,0,3,1.274076,1.000000,1.069216,-0.227117,-0.227068,14.733746,4859,0.015411,0.047006,43402,17904,9641,6174,4318,3182,2420,1881,15872,1,1,1,1
23.9000,4863,1,1,55572,0,107225,0.518279,1,15,639,639,27882171,28.55988,0.00321,2.37821,0.00837,1,1,2,1.124158,1.000000,2.151906,-0.539061,-0.539036,14.421998,486,0.037376,0.004803,44494,18163,10039,6346,4324,3214,2434,1904,16306,1,1,1,1
22.3500,4864,1,1,53573,1,103079,0.519733,1,3,22,22,82744,27.48862,0.00336,2.37558,0.00691,0,1,3,2.617287,2.022135,2.022135,-0.000278,-0.000080,14.961389,8035,0.000005,0.076532,42790,17648,9520,6066,4197,3142,2329,1821,15565,1,1,1,1
22.4000,4864,1,1,53819,1,103015,0.522444,7,9757,9757,9757,99954,27.52325,0.00336,2.37558,0.00691,0,1,3,485.317097,484.582974,484.582974,-0.018157,-0.016886,14.942913,7791,0.001130,0.074300,42571,17606,9635,6002,4248,3098,2433,1806,15615,1,1,1,1
23.0000,4864,1,1,54670,0,104940,0.520969,1,36,36,112,62938,27.93922,0.00336,2.37558,0.00691,1,1,2,1.071573,1.000000,2.810345,-0.225614,-0.225599,14.735859,4872,0.015310,0.047115,43449,18091,9659,6287,4316,3055,2376,1872,15834,1,1,1,1
23.9000,4864,1,1,55727,1,107258,0.519565,1,43,224,224,57238,28.56297,0.00336,2.37558,0.00691,0,1,3,26.046939,21.051013,21.051013,-0.537695,-0.537025,14.423712,495,0.037232,0.004891,44580,18044,9872,6461,4477,3227,2331,1912,16353,1,1,1,1
22.3500,4865,1,1,53876,0,103108,0.522525,1,7,130,130,14527967,27.48633,0.00350,2.37534,0.00654,1,0,2,1.213158,1.000000,2.008691,-0.001301,-0.001261,14.960166,8033,0.000084,0.076504,42943,17422,9674,6019,4092,3067,2333,1823,15734,1,1,1,1
22.4000,4865,1,1,53943,1,103258,0.522415,1,3,260,260,77159,27.52109,0.00350,2.37534,0.00654,0,1,3,3.152621,2.353453,2.353453,-0.018699,-0.018463,14.942705,7788,0.001236,0.074257,42825,17648,9582,6068,4174,3134,2404,1847,15575,1,1,1,1
23.0000,4865,1,1,54618,0,104950,0.520424,2,39,39,266,144730,27.93698,0.00350,2.37534,0.00654,1,1,2,1.227847,1.000000,10.062177,-0.226793,-0.226750,14.734673,4869,0.015389,0.047081,43850,17627,9823,6037,4102,3137,2489,1883,16001,1,1,1,1
23.9000,4865,1,1,55946,0,107205,0.521865,5,14,257,257,2818845,28.56074,0.00350,2.37534,0.00654,1,1,2,1.414089,1.000000,7.568837,-0.538644,-0.538573,14.422755,493,0.037342,0.004870,44398,18198,9923,6363,4483,3123,2463,1910,16343,1,1,1,1
22.3500,4866,1,1,53639,1,102919,0.521182,1,5,37,213,198988,27.48704,0.00464,2.37666,0.00654,0,0,3,2.933154,2.259533,2.259533,-0.000479,-0.000258,14.960957,8033,0.000017,0.076484,42638,17462,9570,6017,4273,3136,2395,1874,15553,1,1,1,1
22.4000,4866,1,1,53792,0,103027,0.522121,1,12,22,187,252817,27.52165,0.00464,2.37666,0.00654,1,0,2,1.246713,1.000000,3.638233,-0.017834,-0.017789,14.943630,7790,0.001190,0.074257,42638,17495,9552,6133,4188,3115,2359,1857,15689,1,1,1,1
23.0000,4866,1,1,54502,0,104751,0.520305,1,1,56,56,2522444,27.93760,0.00464,2.37666,0.00654,1,1,3,1.398555,1.000000,1.151795,-0.225690,-0.225621,14.735677,4870,0.015311,0.047077,43479,17989,9634,6176,4240,3096,2398,1817,15921,1,1,1,1
23.9000,4866,1,1,55894,0,107675,0.519104,1,7,15,15,1250723,28.56137,0.00464,2.37666,0.00654,1,1,2,1.409601,1.000000,3.966577,-0.537704,-0.537634,14.423680,498,0.037274,0.004918,44684,18453,10017,6291,4348,3106,2441,2012,16322,1,1,1,1
22.3500,4867,1,1,53916,0,103188,0.522508,1,1,14,125,555249,27.48875,0.00450,2.38346,0.00668,1,0,3,1.381406,1.000000,1.024174,0.000436,0.000503,14.961875,8035,-0.000034,0.076483,43148,17394,9358,6079,4194,3042,2332,1966,15674,1,1,1,1
22.4000,4867,1,1,54183,1,103191,0.525080,2,95,95,481,634759,27.52336,0.00450,2.38346,0.00668,0,1,3,56.245650,45.434193,45.434193,-0.017257,-0.016429,14.943957,7792,0.001099,0.074259,42784,17441,9688,6099,4215,3117,2372,1826,15648,1,1,1,1
23.0000,4867,1,1,54705,1,105206,0.519985,15,4,141,141,45219,27.93936,0.00450,2.38346,0.00668,0,1,3,2.384426,2.024639,2.024639,-0.224939,-0.224760,14.735934,4874,0.015253,0.047106,43759,17753,9765,6340,4325,3170,2471,1788,15834,1,1,1,1
23.9000,4867,1,1,55668,0,107285,0.518884,1,4,8,4665,89953,28.56315,0.00450,2.38346,0.00668,1,1,3,1.222323,1.000000,1.176192,-0.536777,-0.536736,14.424416,491,0.037210,0.004848,44400,18258,10016,6398,4298,3173,2463,2028,16250,1,1,1,1
22.3500,4868,1,1,53801,1,102646,0.524146,4,7,11,152,366952,27.48966,0.00628,2.39346,0.00570,0,1,3,5.089804,3.832713,3.832713,0.001695,0.002029,14.962800,8038,-0.000136,0.076491,42380,17489,9597,6097,4203,3057,2302,1882,15638,1,1,1,1
22.4000,4868,1,1,53908,0,102587,0.525491,1,1,6,48,437205,27.52440,0.00628,2.39346,0.00570,1,0,3,1.409020,1.000000,1.032816,-0.015536,-0.015465,14.945847,7793,0.001035,0.074244,42499,17365,9455,5989,4194,3145,2424,1848,15667,1,1,1,1
23.0000,4868,1,1,55044,0,105314,0.522671,1,1,40,82,768617,27.94031,0.00628,2.39346,0.00570,1,1,3,1.405040,1.000000,1.361889,-0.223528,-0.223458,14.737848,4875,0.015162,0.047099,43861,18012,9801,6295,4294,3069,2341,1870,15770,1,1,1,1
23.9000,4868,1,1,55975,1,107250,0.521916,3,5,25,25,1160067,28.56412,0.00628,2.39346,0.00570,0,1,3,2.429050,1.805516,1.805516,-0.535458,-0.535276,14.426113,491,0.037105,0.004846,44599,18093,9960,6329,4296,3254,2378,2011,16329,1,1,1,1
22.3500,4869,1,1,53829,1,103146,0.521877,1,2,11,51,265208,27.49174,0.00478,2.38980,0.00696,0,1,3,1.984166,1.464952,1.464952,0.001994,0.002135,14.963520,8036,-0.000143,0.076453,42651,17566,9634,6222,4254,3083,2289,1921,15525,1,1,1,1
22.4000,4869,1,1,53854,0,103305,0.521316,1,3,23,1617,2259987,27.52634,0.00478,2.38980,0.00696,1,1,2,1.414103,1.000000,1.978674,-0.015333,-0.015262,14.946067,7791,0.001021,0.074208,42850,17792,9609,6081,4097,3103,2355,1804,15613,1,1,1,1
23.0000,4869,1,1,54840,0,105161,0.521491,1,3,90,90,91021,27.94231,0.00478,2.38980,0.00696,1,0,2,1.378073,1.000000,2.040740,-0.223321,-0.223255,14.738118,4869,0.015148,0.047031,43818,17818,9764,6311,4308,3136,2402,1823,15780,1,1,1,1
23.9000,4869,1,1,55953,1,107611,0.519961,1,2,5,78,167374,28.56613,0.00478,2.38980,0.00696,0,1,3,1.700650,1.218108,1.218108,-0.535176,-0.535067,14.426295,487,0.037090,0.004806,44618,18417,9938,6337,4453,3161,2395,1951,16340,1,1,1,1
22.3500,4870,1,1,53634,0,102746,0.522011,1,322,571,690,97174,27.48749,0.00634,2.38787,0.00713,1,1,2,1.321301,1.000000,120.508104,0.000249,0.000307,14.961704,8040,-0.000020,0.076484,42333,17565,9638,6182,4082,2991,2351,1825,15778,1,1,1,1
22.4000,4870,1,1,53572,0,102718,0.521550,1,55,55,55,322847,27.52222,0.00634,2.38787,0.00713,1,1,2,1.174829,1.000000,10.734888,-0.016867,-0.016834,14.944603,7796,0.001126,0.074248,42470,17437,9507,6176,4134,3027,2379,1844,15743,1,1,1,1
23.0000,4870,1,1,54458,0,104294,0.522164,2,2,24,24,778314,27.93811,0.00634,2.38787,0.00713,1,0,2,1.349424,1.000000,1.435952,-0.224603,-0.224541,14.736846,4874,0.015237,0.047074,43211,17702,9573,6117,4170,3198,2352,1861,16109,1,1,1,1
23.9000,4870,1,1,56137,1,107484,0.522287,1,5,33,159,70005,28.56194,0.00634,2.38787,0.00713,0,1,3,3.629439,2.853704,2.853704,-0.536591,-0.536326,14.425132,492,0.037180,0.004854,44503,18482,9919,6428,4350,3188,2383,1985,16245,1,1,1,1
22.3500,4871,1,1,53785,1,103284,0.520754,1,36,36,84,2295855,27.48832,0.00449,2.38335,0.00986,0,1,3,3.680551,2.907221,2.832579,0.000171,0.000438,14.961628,8040,-0.000029,0.076469,42830,17598,9598,6125,4237,3111,2379,1823,15582,1,1,1,1
22.4000,4871,1,1,53649,1,102845,0.521654,6,44,198,198,97195,27.52304,0.00449,2.38335,0.00986,0,1,3,21.878025,18.935635,18.935635,-0.017385,-0.016752,14.944716,7796,0.001121,0.074232,42516,17277,9543,6187,4278,3072,2373,1801,15797,1,1,1,1
23.0000,4871,1,1,54606,0,104782,0.521144,1,2,18,177,105154,27.93898,0.00449,2.38335,0.00986,1,1,2,1.413674,1.000000,1.818770,-0.225117,-0.225046,14.736280,4873,0.015272,0.047056,43550,17709,9712,6207,4145,3114,2363,1889,16092,1,1,1,1
23.9000,4871,1,1,55765,1,107366,0.519396,4,9,34,36,70499,28.56269,0.00449,2.38335,0.00986,0,1,3,4.290262,3.644030,3.644030,-0.537041,-0.536742,14.424704,490,0.037210,0.004834,44563,18284,9889,6255,4399,3219,2457,1939,16360,1,1,1,1
22.3500,4872,1,1,53764,0,102908,0.522452,1,4,35,68,89460,27.49283,0.00551,2.39333,0.00618,1,1,2,1.267779,1.000000,1.527967,0.002908,0.002957,14.964148,8043,-0.000198,0.076469,42570,17582,9631,6071,4108,3056,2337,1894,15658,1,1,1,1
22.4000,4872,1,1,53944,0,103131,0.523068,2,15,38,1724,227092,27.52740,0.00551,2.39333,0.00618,1,1,2,1.203810,1.000000,3.585852,-0.014468,-0.014430,14.946704,7800,0.000965,0.074245,42788,17547,9531,6067,4121,3153,2368,1863,15692,1,1,1,1
23.0000,4872,1,1,55047,1,105323,0.522654,1,1,6,15,177106,27.94340,0.00551,2.39333,0.00618,0,1,3,1.537461,1.098495,1.098495,-0.222348,-0.222260,14.739099,4877,0.015080,0.047076,43663,18100,9897,6171,4290,3207,2321,1812,15861,1,1,1,1
23.9000,4872,1,1,55909,1,107426,0.520447,1,9,19,19,97649,28.56712,0.00551,2.39333,0.00618,0,0,3,2.081910,1.611035,1.611035,-0.534245,-0.534094,14.427116,492,0.037020,0.004852,44534,18048,10118,6339,4458,3195,2420,1972,16341,1,1,1,1
22.3500,4873,1,1,53781,1,103100,0.521644,1,4726,4726,4726,2822607,27.48797,0.00557,2.39080,0.00847,0,0,3,60.515334,59.779475,59.779475,0.000177,0.001019,14.961589,8041,-0.000068,0.076447,42683,17749,9550,6084,4186,3086,2314,1791,15656,1,1,1,1
22.4000,4873,1,1,53750,0,102701,0.523369,4,3,134,134,51247,27.52268,0.00557,2.39080,0.00847,1,1,2,1.413434,1.000000,1.866470,-0.016820,-0.016749,14.944576,7798,0.001121,0.074221,42156,17714,9448,6083,4261,3085,2402,1873,15678,1,1,1,1
23.0000,4873,1,1,54814,0,104850,0.522790,7,66,66,75,222475,27.93859,0.00557,2.39080,0.00847,1,0,2,1.016008,1.000000,1.082698,-0.224722,-0.224719,14.736751,4873,0.015249,0.047035,43275,17961,9751,6159,4260,3185,2451,1828,15979,1,1,1,1
23.9000,4873,1,1,55785,1,107366,0.519583,30,16,87,87,93610,28.56233,0.00557,2.39080,0.00847,0,1,3,4.828473,4.610056,4.610056,-0.536738,-0.536415,14.424029,488,0.037189,0.004812,44606,18343,9931,6417,4297,3155,2342,1878,16396,1,1,1,1
22.3500,4874,1,1,53518,0,102688,0.521176,2,82,82,82,262589,27.49124,0.00557,2.39284,0.00691,1,1,2,1.268369,1.000000,25.141458,0.001952,0.002001,14.963193,8046,-0.000134,0.076471,42357,17442,9694,6103,4088,3066,2390,1792,15755,1,1,1,1
22.4000,4874,1,1,53894,0,103397,0.521239,2,15,15,140,200186,27.52594,0.00557,2.39284,0.00691,1,1,2,1.345423,1.000000,6.611330,-0.015261,-0.015200,14.946189,7801,0.001017,0.074227,42844,17832,9600,6074,4143,3032,2342,1829,15700,1,1,1,1
23.0000,4874,1,1,54910,0,105313,0.521403,2,44,44,71,291226,27.94191,0.00557,2.39284,0.00691,1,0,2,1.044171,1.000000,2.044662,-0.223127,-0.223118,14.738347,4874,0.015139,0.047030,43710,17992,9811,6250,4269,3151,2373,1893,15863,1,1,1,1
23.9000,4874,1,1,56028,0,107762,0.519928,5,16,16,64,1650108,28.56566,0.00557,2.39284,0.00691,1,1,2,1.373125,1.000000,7.514947,-0.535135,-0.535070,14.426307,489,0.037090,0.004821,44798,18395,9988,6411,4403,3155,2394,1899,16318,1,1,1,1
22.3500,4875,1,1,53751,1,103412,0.519780,2,17,18,187,498661,27.48886,0.00514,2.38611,0.00734,0,0,3,2.179775,1.827700,1.827700,0.000724,0.000884,14.962008,8049,-0.000059,0.076490,43171,17470,9515,6091,4173,3042,2333,1921,15695,1,1,1,1
22.4000,4875,1,1,53586,0,102992,0.520298,1,23,23,48,198102,27.52355,0.00514,2.38611,0.00734,1,0,2,1.158050,1.000000,4.106206,-0.016706,-0.016675,14.944765,7808,0.001116,0.074285,42607,17496,9546,6152,4154,3069,2328,1826,15813,1,1,1,1
23.0000,4875,1,1,54679,1,105108,0.520222,3,8,18,537,131966,27.93944,0.00514,2.38611,0.00734,0,1,3,1.942796,1.463960,1.463960,-0.224540,-0.224404,14.736992,4882,0.015227,0.047102,43579,17965,9829,6191,4135,3144,2381,1873,16010,1,1,1,1
23.9000,4875,1,1,56236,0,107964,0.520882,1,1,126,808,284100,28.56320,0.00514,2.38611,0.00734,1,1,3,1.402629,1.000000,1.298684,-0.536410,-0.536340,14.424963,492,0.037181,0.004850,45100,18191,9957,6405,4363,3162,2497,1963,16325,1,1,1,1
22.3500,4876,1,1,53862,0,103193,0.521959,4,106,106,405,497398,27.49054,0.00528,2.38912,0.00722,1,0,2,1.022016,1.000000,2.393480,0.001659,0.001664,14.963133,8051,-0.000111,0.076487,42829,17505,9650,6048,4301,3039,2386,1853,15581,1,1,1,1
22.4000,4876,1,1,53677,1,103110,0.520585,1,8,25,48,139153,27.52523,0.00528,2.38912,0.00722,0,1,3,6.185119,4.532189,4.532189,-0.015749,-0.015375,14.946090,7806,0.001029,0.074244,42775,17479,9637,5982,4191,3147,2278,1797,15823,1,1,1,1
23.0000,4876,1,1,54546,0,104845,0.520259,1,34,34,67,931922,27.94118,0.00528,2.38912,0.00722,1,0,2,1.113612,1.000000,4.193355,-0.223714,-0.223692,14.737758,4880,0.015178,0.047071,43505,17837,9903,5947,4292,3074,2436,1811,16039,1,1,1,1
23.9000,4876,1,1,56075,1,107954,0.519439,2,4,205,205,110874,28.56495,0.00528,2.38912,0.00722,0,1,3,2.030246,1.598803,1.598803,-0.535503,-0.535358,14.426056,492,0.037110,0.004848,45072,18316,9997,6382,4371,3145,2418,1940,16312,1,1,1,1
22.3500,4877,1,1,53979,1,103274,0.522683,53,2,53,53,33936,27.48767,0.00542,2.38796,0.00744,0,1,3,1.683720,1.227738,1.227738,0.000413,0.000520,14.961956,8048,-0.000035,0.076449,42936,17470,9738,6050,4258,3044,2297,1864,15616,1,1,1,1
22.4000,4877,1,1,53399,1,102739,0.519759,1,7,10,17,236004,27.52235,0.00542,2.38796,0.00744,0,1,3,5.470960,3.880785,3.880785,-0.017046,-0.016698,14.944271,7806,0.001117,0.074238,42416,17477,9581,5998,4228,3140,2330,1838,15730,1,1,1,1
23.0000,4877,1,1,54787,1,104928,0.522144,5,17,17,622,40925,27.93835,0.00542,2.38796,0.00744,0,1,3,6.573742,6.039848,6.039848,-0.225093,-0.224706,14.736012,4878,0.015249,0.047047,43514,17930,9708,6185,4167,3161,2431,1839,15992,1,1,1,1
23.9000,4877,1,1,55884,0,107173,0.521442,1,95,95,180,717280,28.56214,0.00542,2.38796,0.00744,1,1,2,1.031612,1.000000,3.074340,-0.536918,-0.536912,14.423850,488,0.037224,0.004809,44395,18077,9947,6296,4439,3186,2519,1941,16372,1,1,1,1
22.3500,4878,1,1,53784,0,103236,0.520986,1,2,54,107,41815,27.48515,0.00528,2.38930,0.00774,1,1,2,1.356064,1.000000,1.531943,-0.001035,-0.000973,14.960287,8052,0.000065,0.076480,42985,17526,9583,6057,4112,2993,2360,1805,15814,1,1,1,1
22.4000,4878,1,1,53899,1,103451,0.521015,1,6,14,272,117964,27.51982,0.00528,2.38930,0.00774,0,0,3,2.878897,2.345581,2.345581,-0.018414,-0.018197,14.942960,7807,0.001218,0.074239,43120,17717,9500,6019,4198,3031,2304,1832,15729,1,1,1,1
23.0000,4878,1,1,54606,0,105041,0.519859,1,122,122,122,105398,27.93574,0.00528,2.38930,0.00774,1,1,2,1.262687,1.000000,36.674157,-0.226655,-0.226607,14.734808,4880,0.015379,0.047061,43623,17811,9829,6203,4268,3105,2354,1883,15964,1,1,1,1
23.9000,4878,1,1,55971,1,107446,0.520927,2,6,43,115,113018,28.55954,0.00528,2.38930,0.00774,0,1,3,3.514629,2.927538,2.927538,-0.538298,-0.538040,14.423433,490,0.037303,0.004827,44676,18298,9939,6259,4318,3253,2377,1922,16403,1,1,1,1
22.3500,4879,1,1,53697,1,102950,0.521588,1,1,4,27,202971,27.48633,0.00635,2.38368,0.00718,0,1,3,1.350322,1.092697,1.092697,0.000184,0.000246,14.961668,8053,-0.000016,0.076467,42662,17472,9674,6020,4081,3042,2338,1810,15850,1,1,1,1
22.4000,4879,1,1,54295,1,103930,0.522424,1,1,8,24,1469987,27.52100,0.00635,2.38368,0.00718,0,1,3,1.609154,1.141036,1.141036,-0.017157,-0.017059,14.944287,7807,0.001142,0.074217,43486,17517,9771,5972,4217,3172,2358,1889,15547,1,1,1,1
23.0000,4879,1,1,54978,0,105324,0.521994,1,2,85,186,81854,27.93697,0.00635,2.38368,0.00718,1,1,2,1.414191,1.000000,1.458896,-0.225169,-0.225098,14.736235,4879,0.015275,0.047037,43862,17663,9888,6210,4286,3100,2448,1962,15904,1,1,1,1
23.9000,4879,1,1,55707,1,107057,0.520354,2,14,14,930,868336,28.56079,0.00635,2.38368,0.00718,0,1,3,8.386419,6.870972,6.870972,-0.537238,-0.536802,14.424659,490,0.037214,0.004826,44057,18282,10036,6240,4396,3242,2437,1956,16410,1,1,1,1
22.3500,4880,1,1,53942,0,103244,0.522476,1,2,9,279,1551480,27.48561,0.00542,2.38528,0.00647,1,0,3,1.317197,1.000000,1.012290,-0.000733,-0.000677,14.960723,8056,0.000045,0.076484,43086,17178,9764,6005,4185,3127,2314,1835,15749,1,1,1,1
22.4000,4880,1,1,53530,0,102675,0.521359,2,1,20,26,65021,27.52027,0.00542,2.38528,0.00647,1,1,3,1.405382,1.000000,1.004043,-0.018059,-0.017989,14.943319,7812,0.001204,0.074254,42361,17387,9540,5962,4246,3155,2285,1826,15912,1,1,1,1
23.0000,4880,1,1,54785,1,105022,0.521658,13,2,13,22,636322,27.93616,0.00542,2.38528,0.00647,0,1,3,1.415628,1.234555,1.234555,-0.226023,-0.225952,14.734886,4888,0.015335,0.047118,43449,18001,9805,6164,4232,3119,2396,1951,15904,1,1,1,1
23.9000,4880,1,1,56104,0,107507,0.521869,4,5,8,138,333493,28.55999,0.00542,2.38528,0.00647,1,1,2,1.277464,1.000000,1.947281,-0.537990,-0.537940,14.423260,493,0.037297,0.004855,44605,18340,9864,6360,4345,3250,2472,1978,16292,1,1,1,1
22.3500,4881,1,1,53572,0,103163,0.519300,10,4,39,41,175479,27.47978,0.00738,2.38391,0.00783,1,1,2,1.413888,1.000000,2.058212,-0.002693,-0.002622,14.958706,8054,0.000175,0.076460,42634,17568,9688,6102,4165,3127,2303,1846,15729,1,1,1,1
22.4000,4881,1,1,53638,0,103364,0.518928,1,9,12,26,75693,27.51443,0.00738,2.38391,0.00783,1,0,3,1.093884,1.000000,1.086622,-0.019943,-0.019924,14.941530,7810,0.001333,0.074229,42882,17708,9485,6176,4199,3009,2316,1832,15756,1,1,1,1
23.0000,4881,1,1,54838,0,105310,0.520734,1,28,28,44,8910998,27.93038,0.00738,2.38391,0.00783,1,1,2,1.409717,1.000000,14.266330,-0.228189,-0.228118,14.733229,4882,0.015483,0.047056,43689,17832,9756,6409,4304,3058,2449,2019,15793,1,1,1,1
23.9000,4881,1,1,55789,1,107323,0.519828,1,146,146,186,259360,28.55408,0.00738,2.38391,0.00783,0,1,3,2.447974,1.851658,1.717440,-0.539823,-0.539639,14.421595,491,0.037419,0.004835,44469,18246,9807,6313,4310,3231,2509,1951,16486,1,1,1,1
22.3500,4882,1,1,53990,0,103281,0.522754,1,2,7,340,440623,27.48252,0.00614,2.38150,0.00804,1,0,3,1.288490,1.000000,1.209791,-0.001836,-0.001784,14.959624,8056,0.000119,0.076459,42882,17352,9776,6024,4233,3069,2402,1833,15709,1,1,1,1
22.4000,4882,1,1,54208,0,103619,0.523152,1,41,41,316,1270606,27.51716,0.00614,2.38150,0.00804,1,1,2,1.412715,1.000000,21.078297,-0.019453,-0.019382,14.941940,7816,0.001297,0.074269,42911,17753,9809,6081,4148,3099,2342,1854,15621,1,1,1,1
23.0000,4882,1,1,55111,1,105320,0.523277,1,17,34,34,466431,27.93317,0.00614,2.38150,0.00804,0,1,3,9.638907,7.985162,7.985162,-0.227354,-0.226890,14.734011,4883,0.015399,0.047054,43710,18040,9806,6218,4254,3174,2424,1845,15848,1,1,1,1
23.9000,4882,1,1,56252,0,108199,0.519899,1,6,156,156,257712,28.55689,0.00614,2.38150,0.00804,1,0,2,1.203810,1.000000,1.726204,-0.539053,-0.539015,14.422415,490,0.037373,0.004824,45046,18389,9931,6372,4585,3253,2529,1951,16142,1,1,1,1
22.3500,4883,1,1,53500,0,103165,0.518592,1,65,245,245,60351,27.48557,0.00591,2.38498,0.00706,1,1,2,1.255071,1.000000,19.146003,-0.000801,-0.000755,14.960663,8057,0.000050,0.076447,42927,17307,9781,5951,4330,2981,2318,1866,15703,1,1,1,1
22.4000,4883,1,1,54005,1,103369,0.522454,13,24,24,206,115378,27.52021,0.00591,2.38498,0.00706,0,1,3,6.048536,5.827568,5.827568,-0.017997,-0.017629,14.942941,7813,0.001180,0.074220,42924,17734,9578,5944,4267,2979,2380,1897,15665,1,1,1,1
23.0000,4883,1,1,54942,0,105637,0.520107,1,7,23,902,85512,27.93613,0.00591,2.38498,0.00706,1,1,2,1.407560,1.000000,4.233209,-0.225923,-0.225853,14.735458,4883,0.015327,0.047039,43955,18022,9898,6074,4451,3204,2338,1872,15822,1,1,1,1
23.9000,4883,1,1,56231,1,107958,0.520865,1,3,6,113,185130,28.55986,0.00591,2.38498,0.00706,0,0,3,2.242424,1.723117,1.723117,-0.537697,-0.537532,14.423687,489,0.037267,0.004813,44781,18471,10053,6342,4356,3261,2489,1965,16239,1,1,1,1
22.3500,4884,1,1,54210,0,103330,0.524635,4,26,123,123,163832,27.48503,0.00730,2.38791,0.00792,1,0,2,1.143529,1.000000,4.108014,-0.000170,-0.000142,14.961302,8059,0.000010,0.076447,42844,17745,9472,6149,4154,3059,2344,1836,15726,1,1,1,1
22.4000,4884,1,1,53561,1,102701,0.521529,1,7,27,36,38336,27.51966,0.00730,2.38791,0.00792,0,1,3,2.584170,1.971391,1.971391,-0.017408,-0.017214,14.944188,7815,0.001152,0.074218,42318,17403,9461,6050,4229,3170,2270,1832,15967,1,1,1,1
23.0000,4884,1,1,54656,0,104900,0.521035,1,4,18,39,140459,27.93564,0.00730,2.38791,0.00792,1,1,2,1.389400,1.000000,2.260069,-0.225409,-0.225342,14.735947,4884,0.015292,0.047038,43461,17840,9649,6137,4311,3181,2387,1813,16120,1,1,1,1
23.9000,4884,1,1,56097,1,107824,0.520269,2,2,27,30,1354355,28.55938,0.00730,2.38791,0.00792,0,1,3,1.429869,1.177636,1.177636,-0.537214,-0.537141,14.424287,489,0.037239,0.004811,44741,18500,10100,6247,4353,3304,2525,1802,16251,1,1,1,1
22.3500,4885,1,1,53846,0,103177,0.521885,1,9,9,895,142096,27.48490,0.00561,2.38607,0.00723,1,1,2,1.208629,1.000000,2.395669,-0.000976,-0.000937,14.960203,8058,0.000063,0.076428,42739,17431,9659,6138,4295,3044,2272,1810,15788,1,1,1,1
22.4000,4885,1,1,53986,0,103396,0.522134,1,10,10,46,1381460,27.51966,0.00561,2.38607,0.00723,1,0,2,1.264872,1.000000,3.483126,-0.018396,-0.018348,14.943067,7814,0.001228,0.074198,42839,17466,9695,6147,4327,3027,2343,1815,15736,1,1,1,1
23.0000,4885,1,1,54999,1,105357,0.522030,74,73,201,248,163219014,27.93555,0.00561,2.38607,0.00723,0,1,3,17.655008,16.968141,16.968141,-0.226503,-0.225915,14.735556,4881,0.015331,0.047001,43979,17848,9785,6137,4230,3042,2409,1946,15980,1,1,1,1
23.9000,4885,1,1,55975,1,107680,0.519832,2,19,19,82,289376,28.55931,0.00561,2.38607,0.00723,0,1,3,2.171276,1.776072,1.776072,-0.538151,-0.537992,14.423434,485,0.037300,0.004771,44580,18485,10015,6324,4399,3131,2438,1881,16426,1,1,1,1
22.3500,4886,1,1,53944,0,103637,0.520514,1,10,23,27,112962,27.48641,0.00682,2.38417,0.00636,1,1,2,1.204023,1.000000,2.587939,0.000283,0.000321,14.961457,8068,-0.000021,0.076500,43188,17694,9648,5993,4193,3133,2333,1794,15660,1,1,1,1
22.4000,4886,1,1,53558,0,102859,0.520698,1,4,73,92,61209,27.52102,0.00682,2.38417,0.00636,1,1,2,1.411284,1.000000,2.462374,-0.017019,-0.016949,14.944370,7822,0.001134,0.074253,42352,17564,9657,6117,4097,3037,2365,1819,15850,1,1,1,1
23.0000,4886,1,1,55131,1,105787,0.521156,1,2,74,74,3451512,27.93697,0.00682,2.38417,0.00636,0,1,3,2.000353,1.490097,1.490097,-0.224937,-0.224796,14.736391,4891,0.015254,0.047085,44131,17824,10110,6222,4358,3072,2379,1898,15792,1,1,1,1
23.9000,4886,1,1,56183,1,107890,0.520748,1,243,243,375,91097,28.56075,0.00682,2.38417,0.00636,0,1,3,110.278438,98.157754,98.157754,-0.537257,-0.536294,14.424146,493,0.037180,0.004849,44595,18483,10019,6353,4348,3258,2535,1925,16373,1,1,1,1
22.3500,4887,1,1,53777,1,103148,0.521363,1,2,20,29,51501,27.48344,0.00700,2.38802,0.00664,0,0,3,1.469094,1.072918,1.072918,-0.000971,-0.000893,14.960378,8066,0.000060,0.076471,42552,17649,9678,6099,4217,2969,2375,1872,15736,1,1,1,1
22.4000,4887,1,1,54100,0,103784,0.521280,23,7,23,104,202574,27.51804,0.00700,2.38802,0.00664,1,1,2,1.257928,1.000000,2.255031,-0.018351,-0.018304,14.942880,7822,0.001225,0.074245,43140,17812,9585,6007,4193,3111,2373,1829,15733,1,1,1,1
23.0000,4887,1,1,55133,1,105444,0.522870,4,3,8,24,405864,27.93405,0.00700,2.38802,0.00664,0,0,3,1.640196,1.465205,1.465205,-0.226304,-0.226203,14.734827,4889,0.015352,0.047061,43562,18023,9999,6153,4320,3182,2531,1873,15800,1,1,1,1
23.9000,4887,1,1,56325,1,108057,0.521257,1,6,8,275,2971864,28.55784,0.00700,2.38802,0.00664,0,1,3,1.942406,1.392573,1.330530,-0.538188,-0.538052,14.423243,491,0.037305,0.004828,45027,18589,10059,6162,4336,3236,2390,1883,16374,1,1,1,1
22.3500,4888,1,1,53958,0,103412,0.521782,2,4,4,47,43348,27.48430,0.00721,2.39209,0.00726,1,1,2,1.338432,1.000000,2.073740,-0.000448,-0.000389,14.961004,8070,0.000026,0.076490,42820,17721,9761,5987,4265,3034,2240,1810,15773,1,1,1,1
22.4000,4888,1,1,53954,0,103258,0.522521,26,2,26,85,339795,27.51905,0.00721,2.39209,0.00726,1,1,3,1.398441,1.000000,1.046955,-0.017747,-0.017679,14.943682,7825,0.001183,0.074254,42851,17462,9606,6185,4075,3137,2363,1835,15743,1,1,1,1
23.0000,4888,1,1,55021,1,105110,0.523466,22,64,64,261,80035,27.93496,0.00721,2.39209,0.00726,0,0,3,1.257111,1.212921,1.212921,-0.225725,-0.225678,14.735115,4894,0.015316,0.047098,43606,17654,9882,6206,4287,3215,2361,1858,16040,1,1,1,1
23.9000,4888,1,1,56091,1,107804,0.520310,1,5,115,115,81349,28.55877,0.00721,2.39209,0.00726,0,0,3,3.160060,2.519463,2.519463,-0.537701,-0.537466,14.423716,495,0.037263,0.004867,44623,18453,10059,6198,4345,3328,2425,1943,16429,1,1,1,1
22.3500,4889,1,1,53546,0,102845,0.520653,7,246,246,2267,185305,27.48794,0.00595,2.39573,0.00673,1,1,2,1.166680,1.000000,44.569594,0.000334,0.000365,14.961804,8067,-0.000024,0.076442,42381,17418,9690,6071,4192,3074,2362,1860,15796,1,1,1,1
22.4000,4889,1,1,53745,1,103215,0.520714,1,12,76,76,165894,27.52254,0.00595,2.39573,0.00673,0,1,3,1.283981,1.196993,1.196993,-0.016593,-0.016542,14.944917,7823,0.001107,0.074214,42626,17735,9535,6029,4264,3078,2334,1856,15757,1,1,1,1
23.0000,4889,1,1,55011,1,105366,0.522099,2,2,22,132,103826,27.93851,0.00595,2.39573,0.00673,0,1,3,1.933847,1.421109,1.421109,-0.224597,-0.224462,14.736921,4889,0.015231,0.047035,43987,17743,9683,6164,4322,3217,2360,1910,15979,1,1,1,1
23.9000,4889,1,1,56146,0,107884,0.520434,3,3,14,127,1043334,28.56233,0.00595,2.39573,0.00673,1,1,3,1.231326,1.000000,1.040792,-0.536470,-0.536427,14.424735,490,0.037188,0.004816,44840,18377,10024,6289,4338,3332,2452,1910,16321,1,1,1,1
22.3500,4890,1,1,53941,1,103459,0.521381,80,10,80,227,592276,27.49071,0.00462,2.39124,0.00700,0,1,3,1.573336,1.244081,1.244081,0.001469,0.001561,14.962977,8070,-0.000104,0.076449,42849,17792,9693,6039,4123,3116,2348,1808,15690,1,1,1,1
22.4000,4890,1,1,54021,1,103716,0.520860,1,4,546,546,38149,27.52544,0.00462,2.39124,0.00700,0,1,3,1.387161,1.123963,1.123963,-0.015887,-0.015820,14.945603,7824,0.001059,0.074205,43060,17711,9684,6110,4192,3065,2355,1837,15701,1,1,1,1
23.0000,4890,1,1,54826,0,105227,0.521031,2,3,24,89,1939135,27.94133,0.00462,2.39124,0.00700,1,1,2,1.408640,1.000000,1.918824,-0.223886,-0.223815,14.737534,4890,0.015187,0.047033,43596,17994,9940,6032,4333,3100,2365,1857,16009,1,1,1,1
23.9000,4890,1,1,56093,1,107665,0.521001,15,65,65,94,13622933,28.56516,0.00462,2.39124,0.00700,0,1,3,12.154330,11.868952,11.868952,-0.535989,-0.535478,14.425995,489,0.037119,0.004805,44611,18287,10043,6324,4346,3217,2454,1955,16427,1,1,1,1
22.3500,4891,1,1,53947,1,103274,0.522373,2,43,43,43,1242777,27.48701,0.00578,2.38875,0.00703,0,1,3,29.279205,21.984870,21.984870,-0.000047,0.000643,14.962112,8073,-0.000043,0.076466,42883,17549,9547,6082,4196,2984,2324,1778,15930,1,1,1,1
22.4000,4891,1,1,53997,1,103201,0.523227,1,18,18,52,99804,27.52173,0.00578,2.38875,0.00703,0,1,3,11.238001,9.091181,9.091181,-0.017318,-0.016823,14.944645,7828,0.001126,0.074232,42532,17906,9555,5939,4213,3034,2249,1840,15932,1,1,1,1
23.0000,4891,1,1,55160,0,105208,0.524300,5,4,40,62,1584420,27.93768,0.00578,2.38875,0.00703,1,1,2,1.383564,1.000000,2.123049,-0.225141,-0.225075,14.736209,4893,0.015274,0.047056,43453,18129,9817,6185,4256,3125,2426,1880,15936,1,1,1,1
23.9000,4891,1,1,56099,1,107878,0.520027,8,12,18,88,312632,28.56138,0.00578,2.38875,0.00703,0,1,3,7.050487,5.897530,5.897530,-0.537098,-0.536699,14.423914,493,0.037209,0.004844,44738,18332,10031,6430,4338,3152,2492,1941,16423,1,1,1,1
22.3500,4892,1,1,54233,1,103906,0.521948,36,38,38,151,132574,27.48756,0.00655,2.39214,0.00756,0,1,3,25.976318,19.349368,19.349368,0.000531,0.001197,14.962666,8074,-0.000080,0.076457,43305,17577,9776,6156,4089,3163,2380,1839,15620,1,1,1,1
22.4000,4892,1,1,54068,0,103699,0.521399,1,2,46,46,19201073,27.52213,0.00655,2.39214,0.00756,1,1,3,1.413420,1.000000,1.420293,-0.016488,-0.016417,14.944909,7837,0.001098,0.074301,42969,17471,9782,6203,4209,3069,2423,1789,15783,1,1,1,1
23.0000,4892,1,1,54962,0,105571,0.520621,21,5,21,74,96519,27.93813,0.00655,2.39214,0.00756,1,1,2,1.324276,1.000000,2.213307,-0.224534,-0.224477,14.736921,4894,0.015232,0.047054,43735,17786,9910,6375,4377,3240,2428,1847,15872,1,1,1,1
23.9000,4892,1,1,56134,0,108020,0.519668,2,2,9,745,101178,28.56185,0.00655,2.39214,0.00756,1,1,3,1.397693,1.000000,1.465913,-0.536347,-0.536278,14.425020,494,0.037177,0.004852,44730,18406,10112,6454,4423,3175,2518,1951,16250,1,1,1,1
22.3500,4893,1,1,54219,1,103896,0.521863,3,30,30,44,128656,27.48593,0.00632,2.38622,0.00691,0,1,3,1.359171,1.069847,1.069847,-0.000048,0.000015,14.961429,8072,-0.000001,0.076429,43230,17742,9624,6207,4136,3160,2348,1923,15525,1,1,1,1
22.4000,4893,1,1,54198,0,103870,0.521792,1,178,178,178,195525,27.52064,0.00632,2.38622,0.00691,1,1,2,1.015771,1.000000,2.880783,-0.017506,-0.017503,14.943968,7827,0.001171,0.074196,43104,17679,9679,6088,4295,3100,2410,1786,15728,1,1,1,1
23.0000,4893,1,1,55245,1,105468,0.523813,8,5,13,34,545793,27.93655,0.00632,2.38622,0.00691,0,1,3,3.108409,2.497785,2.497785,-0.225450,-0.225219,14.736212,4893,0.015283,0.047037,43605,18112,9723,6207,4380,3219,2349,1945,15927,1,1,1,1
23.9000,4893,1,1,56381,1,108152,0.521317,1,5,311,311,679516,28.56029,0.00632,2.38622,0.00691,0,1,3,1.958717,1.385347,1.172927,-0.537238,-0.537101,14.424236,488,0.037236,0.004793,45085,18414,9922,6248,4432,3187,2486,1980,16397,1,1,1,1
22.3500,4894,1,1,54119,1,103585,0.522465,1,14,340,340,341553,27.48962,0.00447,2.38922,0.00677,0,1,3,6.522124,5.689153,5.689153,0.000748,0.001132,14.962590,8076,-0.000076,0.076445,43258,17378,9520,6100,4318,3045,2312,1797,15856,1,1,1,1
22.4000,4894,1,1,54556,0,103966,0.524754,7,5,9,51,212407,27.52432,0.00447,2.38922,0.00677,1,1,2,1.230891,1.000000,1.502863,-0.016464,-0.016422,14.944740,7831,0.001099,0.074215,43060,17855,9768,6078,4250,3114,2334,1813,15693,1,1,1,1
23.0000,4894,1,1,55027,1,105235,0.522901,1,25,25,92,104693,27.94029,0.00447,2.38922,0.00677,0,1,3,14.622580,12.050736,12.050736,-0.224665,-0.224117,14.736720,4894,0.015208,0.047035,43625,17882,9870,6183,4210,3121,2442,1754,16147,1,1,1,1
23.9000,4894,1,1,56306,0,108019,0.521265,1,2,13,51,241701,28.56404,0.00447,2.38922,0.00677,1,0,2,1.381921,1.000000,1.495463,-0.536324,-0.536258,14.425115,490,0.037175,0.004811,44790,18321,10168,6320,4323,3293,2522,1966,16315,1,1,1,1
22.3500,4895,1,1,54187,1,103777,0.522153,1,1,219,219,327496,27.48637,0.00447,2.38596,0.00765,0,0,3,1.973694,1.438907,1.438907,-0.000823,-0.000685,14.960589,8077,0.000046,0.076449,42829,17724,9886,6223,4280,3074,2326,1842,15592,1,1,1,1
22.4000,4895,1,1,53945,1,103862,0.519396,3,45,45,188,411649,27.52107,0.00447,2.38596,0.00765,0,1,3,4.490501,4.196005,4.196005,-0.018281,-0.017974,14.943486,7830,0.001203,0.074196,43093,17747,9580,6274,4189,3071,2467,1806,15634,1,1,1,1
23.0000,4895,1,1,55076,0,105486,0.522122,44,8,44,44,38661,27.93695,0.00447,2.38596,0.00765,1,1,2,1.414052,1.000000,4.441983,-0.226231,-0.226160,14.735176,4893,0.015348,0.047021,43810,17862,9886,6173,4258,3094,2478,1908,16016,1,1,1,1
23.9000,4895,1,1,56279,1,108274,0.519788,1,16,16,39,790283,28.56072,0.00447,2.38596,0.00765,0,1,3,2.884939,2.181880,2.110722,-0.538034,-0.537818,14.423580,490,0.037287,0.004811,45193,18267,10201,6339,4346,3177,2440,1911,16399,1,1,1,1
22.3500,4896,1,1,53783,1,103325,0.520528,2,11,12,196,290223,27.48344,0.00340,2.38039,0.00916,0,0,3,1.738228,1.364949,1.364949,-0.002770,-0.002657,14.958541,8084,0.000178,0.076511,42758,17753,9587,6098,4243,3017,2274,1819,15775,1,1,1,1
22.4000,4896,1,1,54070,0,103838,0.520720,7,7,7,936,99670,27.51812,0.00340,2.38039,0.00916,1,1,2,1.329786,1.000000,2.998744,-0.020195,-0.020137,14.941104,7838,0.001348,0.074269,43155,17645,9644,5963,4282,2979,2427,1873,15869,1,1,1,1
23.0000,4896,1,1,54506,0,104848,0.519862,4,148,148,163,235694,27.93407,0.00340,2.38039,0.00916,1,1,2,1.162922,1.000000,26.245370,-0.228390,-0.228359,14.732733,4901,0.015500,0.047096,43255,18006,9729,6075,4243,3126,2384,1922,16107,1,1,1,1
23.9000,4896,1,1,56420,0,108248,0.521215,3,28,71,8629,148714,28.55784,0.00340,2.38039,0.00916,1,1,2,1.216987,1.000000,7.016781,-0.540143,-0.540103,14.421325,494,0.037452,0.004850,44966,18441,10040,6392,4419,3204,2451,1959,16375,1,1,1,1
22.3500,4897,1,1,54173,1,103929,0.521255,12,8,692,692,90308,27.48186,0.00354,2.38046,0.00809,0,1,3,1.742865,1.294611,1.294611,-0.003429,-0.003316,14.958074,8081,0.000222,0.076469,43011,17891,9767,6148,4235,3079,2302,1836,15659,1,1,1,1
22.4000,4897,1,1,53913,1,103733,0.519734,4,11,11,17,123161,27.51654,0.00354,2.38046,0.00809,0,1,3,2.737988,2.255718,2.255718,-0.020831,-0.020625,14.940804,7836,0.001380,0.074236,43176,17507,9719,6000,4180,3130,2349,1860,15811,1,1,1,1
23.0000,4897,1,1,54902,0,105292,0.521431,1,6,82,82,57823,27.93254,0.00354,2.38046,0.00809,1,1,2,1.336915,1.000000,2.673565,-0.228848,-0.228788,14.732605,4899,0.015529,0.047068,43615,17831,9821,6284,4276,3150,2299,1905,16110,1,1,1,1
23.9000,4897,1,1,56274,0,108313,0.519555,1,3,9,2304,111176,28.55633,0.00354,2.38046,0.00809,1,1,2,1.322455,1.000000,1.509887,-0.540680,-0.540623,14.420612,490,0.037490,0.004810,44939,18464,10096,6422,4456,3272,2430,1900,16333,1,1,1,1
22.3500,4898,1,1,54224,0,103605,0.523377,3,4,20,27,34793,27.48791,0.00354,2.38108,0.00809,1,0,2,1.290678,1.000000,1.599629,-0.000524,-0.000472,14.960937,8084,0.000032,0.076467,42995,17542,9709,5998,4209,3089,2371,1920,15771,1,1,1,1
22.4000,4898,1,1,53934,0,103584,0.520684,1,23,35,52,124682,27.52258,0.00354,2.38108,0.00809,1,0,2,1.208603,1.000000,5.577554,-0.017988,-0.017950,14.943480,7839,0.001201,0.074236,42847,17634,9687,6149,4302,3083,2334,1889,15658,1,1,1,1
23.0000,4898,1,1,54855,1,105117,0.521852,5,3,198,198,651452,27.93850,0.00354,2.38108,0.00809,0,1,3,2.333581,1.816290,1.816290,-0.225831,-0.225658,14.735239,4900,0.015314,0.047059,43384,17993,9746,6121,4260,3123,2452,1941,16096,1,1,1,1
23.9000,4898,1,1,56523,1,108296,0.521935,5,8,8,77,82013,28.56230,0.00354,2.38108,0.00809,0,0,3,1.510984,1.344499,1.344499,-0.537704,-0.537620,14.423419,490,0.037274,0.004808,45225,18137,10092,6409,4449,3149,2550,1942,16342,1,1,1,1
22.3500,4899,1,1,54305,1,103833,0.523008,1,21,40,59,1850255,27.48858,0.00482,2.37863,0.00783,0,1,3,7.970956,7.180997,7.180997,0.000349,0.000773,14.961671,8084,-0.000052,0.076448,43330,17650,9550,6050,4158,3104,2283,1847,15860,1,1,1,1
22.4000,4899,1,1,54279,1,104181,0.521012,343,5,343,343,3136540,27.52325,0.00482,2.37863,0.00783,0,1,3,1.905621,1.784349,1.784349,-0.016839,-0.016708,14.943427,7842,0.001118,0.074250,43535,17557,9722,6202,4095,3082,2371,1895,15721,1,1,1,1
23.0000,4899,1,1,55125,1,105607,0.521987,1,18,18,129,775346,27.93922,0.00482,2.37863,0.00783,0,1,3,2.397696,1.878876,1.878876,-0.224830,-0.224651,14.736762,4899,0.015244,0.047035,43920,17999,9773,6245,4255,3152,2334,1894,16034,1,1,1,1
23.9000,4899,1,1,56051,1,107527,0.521279,2,8,265,265,974342,28.56304,0.00482,2.37863,0.00783,0,0,3,1.444545,1.073987,1.073987,-0.536678,-0.536603,14.424650,490,0.037200,0.004806,44480,18115,10040,6374,4368,3210,2424,1967,16548,1,1,1,1
22.3500,4900,1,1,54063,1,103852,0.520582,1,126,126,126,166578,27.49117,0.00354,2.38231,0.00837,0,1,3,81.850920,62.495592,62.495592,0.000690,0.001589,14.962057,8087,-0.000106,0.076458,43139,17743,9700,6073,4172,3065,2368,1823,15768,1,1,1,1
22.4000,4900,1,1,53916,0,103487,0.520998,6,1,147,147,115879,27.52583,0.00354,2.38231,0.00837,1,1,3,1.404716,1.000000,1.092253,-0.016221,-0.016151,14.945204,7840,0.001081,0.074207,42923,17497,9574,6096,4197,3047,2350,1851,15951,1,1,1,1
23.0000,4900,1,1,54998,0,105319,0.522209,58,2,58,96,420192,27.94172,0.00354,2.38231,0.00837,1,1,3,1.343016,1.000000,1.168335,-0.224167,-0.224107,14.737284,4900,0.015207,0.047034,43632,17776,10018,6207,4134,3120,2409,1894,16128,1,1,1,1
23.9000,4900,1,1,56215,1,108222,0.519446,17,5,17,23,654193,28.56555,0.00354,2.38231,0.00837,0,1,3,3.298091,2.622298,2.622298,-0.536175,-0.535932,14.424665,492,0.037154,0.004825,44795,18617,10201,6282,4356,3229,2410,1931,16400,1,1,1,1
22.3500,4901,1,1,54151,1,103704,0.522174,2,7,25,104,444831,27.49338,0.00368,2.38390,0.00771,0,0,3,2.367769,2.010499,2.010499,0.002265,0.002441,14.963551,8083,-0.000163,0.076397,43067,17606,9507,6201,4139,3126,2377,1860,15820,1,1,1,1
22.4000,4901,1,1,54108,0,104152,0.519515,1,16,24,58,202830,27.52803,0.00368,2.38390,0.00771,1,1,2,1.142197,1.000000,2.660549,-0.015088,-0.015061,14.946005,7841,0.001008,0.074197,43527,17622,9670,5943,4224,3173,2303,1890,15799,1,1,1,1
23.0000,4901,1,1,55122,0,105581,0.522088,1,3,7,113,101728,27.94398,0.00368,2.38390,0.00771,1,1,2,1.374565,1.000000,1.894074,-0.223023,-0.222959,14.738318,4899,0.015128,0.047011,43715,18081,9775,6280,4270,3104,2468,1833,16054,1,1,1,1
23.9000,4901,1,1,56340,0,108305,0.520202,20,41,41,59,213926277,28.56768,0.00368,2.38390,0.00771,1,1,2,1.097266,1.000000,4.209384,-0.534960,-0.534941,14.426050,487,0.037082,0.004774,45082,18301,9973,6358,4515,3319,2502,1965,16289,1,1,1,1
22.3500,4902,1,1,53975,1,103562,0.521190,2,4,22,204,158820,27.49418,0.00340,2.38121,0.00889,0,1,3,3.200480,2.271534,2.271534,0.002562,0.002799,14.964271,8091,-0.000187,0.076454,42942,17677,9525,6056,4143,3087,2453,1880,15798,1,1,1,1
22.4000,4902,1,1,53877,1,103612,0.519993,1,6,82,82,76208,27.52883,0.00340,2.38121,0.00889,0,1,3,2.422971,1.757709,1.714949,-0.014728,-0.014548,14.946732,7844,0.000973,0.074207,42879,17469,9558,6151,4346,3119,2399,1905,15785,1,1,1,1
23.0000,4902,1,1,55290,0,105828,0.522456,3,85,85,85,300345,27.94483,0.00340,2.38121,0.00889,1,1,2,1.160808,1.000000,14.936069,-0.222953,-0.222922,14.738519,4906,0.015125,0.047068,44019,17916,10008,6102,4171,3233,2419,1949,16010,1,1,1,1
23.9000,4902,1,1,56428,0,108242,0.521318,3,4,4,54,133034,28.56855,0.00340,2.38121,0.00889,1,1,2,1.314429,1.000000,1.722050,-0.534589,-0.534533,14.426697,493,0.037052,0.004832,44835,18549,9961,6356,4407,3245,2404,1993,16491,1,1,1,1
22.3500,4903,1,1,53961,1,103378,0.521983,2,1,32,366,254345,27.49212,0.00340,2.38449,0.00860,0,1,3,1.443042,1.147347,1.147347,0.001519,0.001594,14.962771,8089,-0.000107,0.076427,42666,17473,9741,6107,4228,3095,2389,1886,15792,1,1,1,1
22.4000,4903,1,1,54349,1,103961,0.522788,3,3,89,91,43949,27.52676,0.00340,2.38449,0.00860,0,0,3,1.783341,1.552815,1.552815,-0.015836,-0.015718,14.945356,7843,0.001052,0.074189,43355,17533,9603,6128,4204,3064,2350,1868,15855,1,1,1,1
23.0000,4903,1,1,55310,0,105719,0.523184,1,4,158,166,76047,27.94268,0.00340,2.38449,0.00860,1,1,3,1.097817,1.000000,1.091660,-0.223761,-0.223742,14.737732,4903,0.015182,0.047032,43902,17925,9893,6326,4313,3026,2443,1840,16050,1,1,1,1
23.9000,4903,1,1,56700,0,108607,0.522071,1,2,22,39,312011,28.56641,0.00340,2.38449,0.00860,1,0,3,1.351127,1.000000,1.095141,-0.535630,-0.535568,14.425820,489,0.037126,0.004792,45035,18522,10291,6467,4440,3127,2495,1950,16279,1,1,1,1
22.3500,4904,1,1,54042,0,103634,0.521475,4,2,12,16,157368,27.49499,0.00354,2.38421,0.00729,1,1,3,1.408243,1.000000,1.260666,0.003055,0.003125,14.964439,8093,-0.000209,0.076441,43103,17442,9712,6169,4213,2980,2343,1879,15792,1,1,1,1
22.4000,4904,1,1,54250,0,103907,0.522107,1,6,10,29,105191,27.52962,0.00354,2.38421,0.00729,1,1,2,1.271785,1.000000,2.205702,-0.014318,-0.014269,14.946928,7849,0.000955,0.074223,43138,17641,9646,6200,4202,3014,2453,1857,15755,1,1,1,1
23.0000,4904,1,1,54855,1,105728,0.518836,1,4,8,526,9232647,27.94559,0.00354,2.38421,0.00729,0,0,3,2.770392,2.146553,2.146553,-0.222302,-0.222094,14.739118,4904,0.015068,0.047028,44137,17831,9731,6265,4328,3156,2438,1862,15979,1,1,1,1
23.9000,4904,1,1,56267,1,108007,0.520962,2,7,7,113,199285,28.56934,0.00354,2.38421,0.00729,0,1,3,3.696768,3.144916,3.144916,-0.534215,-0.533948,14.427038,491,0.037010,0.004810,44625,18323,10158,6341,4431,3267,2455,1888,16518,1,1,1,1
22.3500,4905,1,1,53869,1,103336,0.521304,4,15,20,70,254383,27.49573,0.00368,2.38379,0.00810,0,1,3,9.557022,7.537443,7.537443,0.003359,0.003819,14.965288,8091,-0.000255,0.076402,42713,17696,9494,6036,4123,3138,2378,1874,15883,1,1,1,1
22.4000,4905,1,1,54350,0,104471,0.520245,16,36,441,441,114095,27.53049,0.00368,2.38379,0.00810,1,1,2,1.155945,1.000000,6.184609,-0.014002,-0.013973,14.947469,7844,0.000935,0.074158,43722,17614,9801,6159,4148,3152,2300,1735,15839,1,1,1,1
23.0000,4905,1,1,54827,1,105713,0.518645,6,9,15,18,288895,27.94638,0.00368,2.38379,0.00810,0,1,3,3.591510,3.181162,3.181162,-0.221879,-0.221618,14.739839,4903,0.015035,0.047006,43886,18025,9741,6278,4244,3106,2416,1905,16111,1,1,1,1
23.9000,4905,1,1,56578,0,108522,0.521355,3,14,14,14,880736,28.57014,0.00368,2.38379,0.00810,1,1,2,1.203739,1.000000,3.380220,-0.533766,-0.533728,14.427410,489,0.036994,0.004790,44930,18603,10090,6260,4604,3253,2482,1957,16342,1,1,1,1
22.3500,4906,1,1,54015,1,103739,0.520687,4,9,15,44,2306730,27.48789,0.00543,2.37255,0.01184,0,1,3,2.769834,2.444698,2.444698,0.000338,0.000546,14.961993,8091,-0.000036,0.076403,43124,17682,9584,6089,4194,3026,2418,1879,15742,1,1,1,1
22.4000,4906,1,1,54048,0,103700,0.521201,1,5,37,37,17141544,27.52251,0.00543,2.37255,0.01184,1,1,2,1.388163,1.000000,2.822399,-0.016984,-0.016918,14.944372,7849,0.001132,0.074205,43148,17330,9563,6202,4239,3034,2375,1825,15983,1,1,1,1
23.0000,4906,1,1,54911,1,105529,0.520345,1,1,20,214,189120,27.93845,0.00543,2.37255,0.01184,0,1,3,1.509658,1.186050,1.186050,-0.224859,-0.224775,14.736414,4902,0.015253,0.046998,43878,17744,9868,6191,4284,3074,2372,1978,16139,1,1,1,1
23.9000,4906,1,1,56423,1,108215,0.521402,1,3,3,8,93405,28.56223,0.00543,2.37255,0.01184,0,1,3,1.652691,1.181107,1.181107,-0.536749,-0.536646,14.424715,487,0.037203,0.004770,44952,18282,10091,6326,4466,3191,2449,1873,16584,1,1,1,1
22.3500,4907,1,1,54388,0,104003,0.522951,1,5,5,29,218778,27.49660,0.00297,2.37887,0.00728,1,0,2,1.307281,1.000000,2.283394,0.003520,0.003575,14.964979,8102,-0.000239,0.076476,43126,17693,9731,6049,4306,3190,2341,1852,15714,1,1,1,1
22.4000,4907,1,1,54196,0,104007,0.521085,4,9,14,41,327075,27.53121,0.00297,2.37887,0.00728,1,1,2,1.377494,1.000000,4.461706,-0.013852,-0.013786,14.947590,7857,0.000922,0.074250,43091,17731,9750,5986,4286,3089,2360,1918,15795,1,1,1,1
23.0000,4907,1,1,54917,1,105802,0.519059,1,13,24,24,1770752,27.94721,0.00297,2.37887,0.00728,0,1,3,2.959923,2.341522,2.341522,-0.221786,-0.221565,14.739851,4911,0.015032,0.047064,44129,17858,9798,6146,4349,3075,2446,1868,16132,1,1,1,1
23.9000,4907,1,1,56441,1,108308,0.521121,4,2,183,359,195876,28.57100,0.00297,2.37887,0.00728,0,1,3,1.861338,1.373290,1.373290,-0.533628,-0.533501,14.427886,496,0.036977,0.004856,44867,18172,10149,6442,4452,3313,2496,1926,16490,1,1,1,1
22.3500,4908,1,1,54031,1,103948,0.519794,1,1,17,38,83348,27.49715,0.00426,2.37671,0.00714,0,1,3,1.611199,1.141900,1.138900,0.004570,0.004668,14.965987,8107,-0.000312,0.076503,43234,17639,9655,6147,4158,2995,2397,1896,15826,1,1,1,1
22.4000,4908,1,1,54402,0,104175,0.522222,1,3,37,69,294727,27.53189,0.00426,2.37671,0.00714,1,1,2,1.369320,1.000000,1.938100,-0.012863,-0.012799,14.948473,7857,0.000856,0.074230,43418,17582,9882,5979,4233,3098,2331,1838,15813,1,1,1,1
23.0000,4908,1,1,55059,1,105603,0.521382,2,5,66,78,4008667,27.94781,0.00426,2.37671,0.00714,0,1,3,2.910923,2.381345,2.381345,-0.220845,-0.220627,14.740460,4916,0.014967,0.047100,43760,18037,9593,6226,4328,3181,2422,1918,16137,1,1,1,1
23.9000,4908,1,1,55914,0,107933,0.518048,1,2,52,376,48871,28.57161,0.00426,2.37671,0.00714,1,1,3,1.186412,1.000000,1.167428,-0.532669,-0.532634,14.428837,495,0.036915,0.004845,44507,18461,10183,6310,4304,3230,2514,1861,16562,1,1,1,1
22.3500,4909,1,1,54062,0,103859,0.520538,1,6,6,102,1315903,27.49664,0.00476,2.38196,0.00897,1,0,2,1.273517,1.000000,2.265583,0.004398,0.004447,14.965861,8100,-0.000297,0.076422,43145,17612,9570,6052,4192,3132,2380,1794,15981,1,1,1,1
22.4000,4909,1,1,54313,1,104229,0.521098,22,2,22,22,42735,27.53124,0.00476,2.38196,0.00897,0,1,3,1.547807,1.257758,1.257758,-0.012839,-0.012750,14.947958,7857,0.000853,0.074218,43154,17896,9643,6145,4318,3008,2400,1899,15765,1,1,1,1
23.0000,4909,1,1,55439,1,106080,0.522620,1,3,45,159,1167384,27.94721,0.00476,2.38196,0.00897,0,1,3,2.551993,2.013386,2.013386,-0.220871,-0.220680,14.740738,4909,0.014971,0.047023,44018,18123,9900,6208,4346,3206,2386,1928,15964,1,1,1,1
23.9000,4909,1,1,56467,1,108217,0.521799,1,2,28,97,160109,28.57103,0.00476,2.38196,0.00897,0,1,3,1.443421,1.168575,1.168575,-0.532727,-0.532652,14.428772,491,0.036916,0.004805,44884,18387,10131,6425,4368,3277,2449,1919,16376,1,1,1,1
22.3500,4910,1,1,54437,1,103823,0.524330,1,1,182,182,173661,27.49754,0.00198,2.38590,0.00837,0,0,3,1.586075,1.126260,1.126260,0.003578,0.003672,14.965023,8104,-0.000245,0.076448,43287,17425,9595,6202,4300,3060,2333,1827,15793,1,1,1,1
22.4000,4910,1,1,54531,1,104404,0.522313,1,6,6,210,1278884,27.53227,0.00198,2.38590,0.00837,0,1,3,1.790932,1.438074,1.438074,-0.013818,-0.013699,14.947722,7860,0.000916,0.074232,43366,17750,9711,6129,4312,3134,2389,1809,15803,1,1,1,1
23.0000,4910,1,1,55150,0,105682,0.521854,1,4,15,312,1705037,27.94815,0.00198,2.38590,0.00837,1,1,2,1.370712,1.000000,2.347816,-0.221811,-0.221747,14.739632,4912,0.015044,0.047045,43891,17859,9882,6145,4238,3201,2461,1968,16036,1,1,1,1
23.9000,4910,1,1,56365,1,108330,0.520313,5,1,80,80,138769,28.57199,0.00198,2.38590,0.00837,0,0,3,1.139944,1.002538,1.002538,-0.533634,-0.533607,14.427452,493,0.036986,0.004824,45044,18338,10022,6315,4346,3250,2510,1982,16522,1,1,1,1
22.3500,4911,1,1,53975,1,103431,0.521851,3,9,9,138,3167163,27.49572,0.00198,2.38377,0.00770,0,1,3,6.402324,4.774553,4.774553,0.002562,0.002941,14.963710,8104,-0.000197,0.076439,42854,17453,9710,6052,4193,3130,2314,1904,15820,1,1,1,1
22.4000,4911,1,1,54622,0,104532,0.522544,3,4,24,1421,221302,27.53044,0.00198,2.38377,0.00770,1,0,3,1.226723,1.000000,1.177277,-0.014655,-0.014614,14.946812,7858,0.000978,0.074203,43384,18085,9817,6054,4271,3116,2385,1816,15603,1,1,1,1
23.0000,4911,1,1,55260,0,105897,0.521833,1,2,11,172,176505,27.94638,0.00198,2.38377,0.00770,1,1,2,1.412667,1.000000,1.725476,-0.222666,-0.222595,14.738729,4911,0.015103,0.047029,44102,18055,9763,6148,4292,3111,2421,1892,16112,1,1,1,1
23.9000,4911,1,1,56221,1,107846,0.521313,1,65,65,102,214532,28.57009,0.00198,2.38377,0.00770,0,1,3,31.881002,27.805778,27.805778,-0.534802,-0.534097,14.427375,492,0.037020,0.004813,44617,18317,10107,6375,4432,3091,2400,1871,16635,1,1,1,1
22.3500,4912,1,1,54413,1,104028,0.523066,1,2,57,84,725698,27.49425,0.00212,2.38530,0.00667,0,1,3,1.754119,1.360111,1.360111,0.001936,0.002050,14.963524,8109,-0.000137,0.076472,43315,17632,9645,6096,4257,3149,2346,1824,15763,1,1,1,1
22.4000,4912,1,1,54219,1,104037,0.521156,1,2,23,23,96757,27.52882,0.00212,2.38530,0.00667,0,1,3,2.228043,1.587183,1.587183,-0.015366,-0.015203,14.946230,7864,0.001017,0.074247,43141,17683,9704,6067,4170,3117,2342,1895,15917,1,1,1,1
23.0000,4912,1,1,54995,1,105646,0.520564,8,7,9,52,285253,27.94482,0.00212,2.38530,0.00667,0,0,3,1.713876,1.599988,1.599988,-0.223367,-0.223257,14.737674,4917,0.015149,0.047080,43864,17983,9730,6278,4237,3115,2382,1906,16150,1,1,1,1
23.9000,4912,1,1,56597,1,108611,0.521103,5,2,6,23,101737,28.56854,0.00212,2.38530,0.00667,0,1,3,1.647829,1.242649,1.242649,-0.535200,-0.535098,14.426347,497,0.037092,0.004861,45102,18653,10019,6356,4440,3209,2492,1898,16441,1,1,1,1
22.3500,4913,1,1,54318,0,103949,0.522550,2,6,10,31,105059,27.49376,0.00226,2.38466,0.00871,1,0,2,1.159923,1.000000,1.263508,0.001819,0.001849,14.963291,8107,-0.000124,0.076438,43025,17766,9633,6092,4187,3090,2373,1876,15906,1,1,1,1
22.4000,4913,1,1,54436,0,104513,0.520859,1,6,13,166,245660,27.52847,0.00226,2.38466,0.00871,1,1,2,1.412455,1.000000,3.658886,-0.015643,-0.015573,14.945751,7861,0.001042,0.074206,43567,17771,9687,6132,4298,3157,2359,1864,15677,1,1,1,1
23.0000,4913,1,1,55538,0,106375,0.522101,1,4,22,59,120280,27.94438,0.00226,2.38466,0.00871,1,1,2,1.244912,1.000000,1.509228,-0.223511,-0.223467,14.737709,4913,0.015163,0.047032,44473,18063,10036,6223,4234,3078,2411,1856,16000,1,1,1,1
23.9000,4913,1,1,56514,0,108373,0.521482,1,1,56,84,95170,28.56812,0.00226,2.38466,0.00871,1,1,3,1.394856,1.000000,1.216555,-0.535352,-0.535284,14.426012,494,0.037105,0.004831,44917,18303,10028,6459,4478,3351,2462,1977,16397,1,1,1,1
22.3500,4914,1,1,54345,1,104012,0.522493,1,4,16,183,250288,27.49563,0.00350,2.38708,0.00729,0,1,3,3.701095,2.770353,2.770353,0.003346,0.003613,14.964755,8109,-0.000241,0.076434,43209,17539,9735,6169,4246,3125,2338,1852,15798,1,1,1,1
22.4000,4914,1,1,54365,1,103957,0.522962,1,105,105,105,2196114,27.53033,0.00350,2.38708,0.00729,0,1,3,6.801557,6.712766,6.712766,-0.014094,-0.013704,14.947768,7864,0.000917,0.074209,42924,17715,9706,6254,4213,3104,2423,1853,15764,1,1,1,1
23.0000,4914,1,1,55200,0,105581,0.522826,1,5,26,26,740054,27.94631,0.00350,2.38708,0.00729,1,1,3,1.148683,1.000000,1.127358,-0.221897,-0.221869,14.739207,4916,0.015053,0.047047,43726,17958,9884,6190,4263,3182,2468,1843,16066,1,1,1,1
23.9000,4914,1,1,56427,1,108247,0.521285,56,3832,3832,3832,583058,28.57005,0.00350,2.38708,0.00729,0,0,3,3.639125,3.621537,3.621537,-0.533892,-0.533629,14.426761,493,0.036989,0.004820,44902,18295,10146,6278,4456,3261,2486,1949,16473,1,1,1,1
22.3500,4915,1,1,54256,0,103842,0.522491,10,4,18,256,243788,27.49313,0.00351,2.38554,0.00744,1,1,2,1.404741,1.000000,2.169834,0.002034,0.002103,14.963459,8110,-0.000141,0.076435,42925,17803,9495,6139,4281,3106,2343,1889,15860,1,1,1,1
22.4000,4915,1,1,54364,0,104185,0.521808,1,2,40,380,1283992,27.52782,0.00351,2.38554,0.00744,1,1,3,1.413848,1.000000,1.431493,-0.015270,-0.015200,14.946130,7864,0.001017,0.074202,43150,17733,9839,6135,4302,3057,2369,1794,15805,1,1,1,1
23.0000,4915,1,1,55110,0,105964,0.520087,3,8,13,63,244102,27.94371,0.00351,2.38554,0.00744,1,1,2,1.192088,1.000000,1.812332,-0.223240,-0.223205,14.737922,4915,0.015145,0.047032,44320,17931,9774,6223,4203,3136,2354,1867,16155,1,1,1,1
23.9000,4915,1,1,56626,0,108550,0.521663,1,2,5,8,149155,28.56747,0.00351,2.38554,0.00744,1,1,3,1.290044,1.000000,1.108319,-0.535070,-0.535019,14.426194,492,0.037087,0.004810,45114,18473,10036,6421,4340,3199,2444,1939,16583,1,1,1,1
22.3500,4916,1,1,53923,1,103789,0.519549,1,38,38,119,179767,27.49242,0.00226,2.38387,0.00690,0,1,3,1.936265,1.462636,1.422502,0.001149,0.001284,14.962522,8112,-0.000086,0.076443,42926,17671,9623,6211,4278,3060,2430,1842,15747,1,1,1,1
22.4000,4916,1,1,54435,1,104648,0.520177,1,26,26,34,77266,27.52711,0.00226,2.38387,0.00690,0,1,3,5.164996,4.522318,4.522318,-0.016316,-0.015982,14.945463,7866,0.001069,0.074209,43625,17696,9771,6135,4286,3205,2374,1876,15679,1,1,1,1
23.0000,4916,1,1,55466,0,106479,0.520915,1,2,8,97,1168991,27.94305,0.00226,2.38387,0.00690,1,0,2,1.323527,1.000000,1.366366,-0.224167,-0.224110,14.737289,4917,0.015207,0.047043,44565,18109,9881,6195,4335,3132,2415,1860,15986,1,1,1,1
23.9000,4916,1,1,56888,0,108970,0.522057,3,4,37,61,1446336,28.56683,0.00226,2.38387,0.00690,1,0,2,1.245705,1.000000,1.340957,-0.536052,-0.536008,14.425414,492,0.037157,0.004809,45195,18694,10386,6428,4263,3218,2512,1941,16332,1,1,1,1
22.3500,4917,1,1,54362,0,104112,0.522154,1,5,5,40,2991652,27.49386,0.00240,2.37942,0.00702,1,0,3,1.147188,1.000000,1.055966,0.002023,0.002051,14.963495,8110,-0.000137,0.076403,43323,17559,9659,6153,4252,3085,2321,1854,15905,1,1,1,1
22.4000,4917,1,1,54634,0,104553,0.522553,2,6,81,81,299593,27.52854,0.00240,2.37942,0.00702,1,1,2,1.376225,1.000000,3.260907,-0.015441,-0.015376,14.946001,7864,0.001029,0.074173,43596,17747,9642,6190,4305,3059,2331,1905,15777,1,1,1,1
23.0000,4917,1,1,55425,1,106194,0.521927,1,7,1416,1416,97433,27.94454,0.00240,2.37942,0.00702,0,1,3,1.987586,1.426394,1.329621,-0.223348,-0.223208,14.738159,4914,0.015145,0.047002,44165,17988,9928,6247,4369,3124,2363,1904,16105,1,1,1,1
23.9000,4917,1,1,56621,1,108494,0.521886,2,3,6,261,158726,28.56833,0.00240,2.37942,0.00702,0,1,3,2.364722,1.828176,1.828176,-0.535278,-0.535103,14.426306,489,0.037092,0.004778,45086,18452,10021,6249,4455,3293,2466,2008,16463,1,1,1,1
22.3500,4918,1,1,54302,0,104130,0.521488,1,15,27,27,61157,27.49235,0.00197,2.38158,0.00660,1,1,2,1.281625,1.000000,5.404050,0.000791,0.000841,14.962048,8118,-0.000056,0.076471,43076,17850,9651,6089,4248,3135,2380,1846,15854,1,1,1,1
22.4000,4918,1,1,54449,1,104008,0.523513,1,18,24,213,110684,27.52703,0.00197,2.38158,0.00660,0,1,3,8.845483,7.651567,7.651567,-0.016580,-0.016137,14.944751,7872,0.001080,0.074239,43274,17620,9681,6064,4110,3070,2370,1879,15939,1,1,1,1
23.0000,4918,1,1,55317,1,105947,0.522124,56,27,56,56,1407764,27.94294,0.00197,2.38158,0.00660,0,1,3,4.366768,3.655036,3.655036,-0.224463,-0.224163,14.737271,4921,0.015211,0.047062,43774,18285,9814,6179,4252,3149,2366,1959,16168,1,1,1,1
23.9000,4918,1,1,56643,1,108643,0.521373,1,7,16,31,104267,28.56675,0.00197,2.38158,0.00660,0,0,3,1.612449,1.212763,1.212763,-0.536249,-0.536152,14.425091,494,0.037168,0.004827,45154,18488,10047,6527,4408,3098,2469,1957,16494,1,1,1,1
22.3500,4919,1,1,54199,1,103852,0.521892,1,54,54,54,4574895,27.48748,0.00197,2.37929,0.00898,0,1,3,1.797708,1.278169,1.030203,-0.001427,-0.001308,14.960047,8118,0.000087,0.076465,42945,17771,9621,6162,4198,3169,2336,1892,15757,1,1,1,1
22.4000,4919,1,1,54393,1,104540,0.520313,2,3,11,23,373681,27.52214,0.00197,2.37929,0.00898,0,0,3,1.287442,1.015137,1.015137,-0.018760,-0.018709,14.942487,7871,0.001252,0.074226,43574,17691,9849,6049,4208,3027,2458,1807,15876,1,1,1,1
23.0000,4919,1,1,54950,0,105801,0.519376,1,35,35,117,742748,27.93812,0.00197,2.37929,0.00898,1,1,2,1.391075,1.000000,17.113162,-0.227034,-0.226966,14.734402,4925,0.015404,0.047100,43854,18015,9873,6233,4250,3228,2365,1897,16085,1,1,1,1
23.9000,4919,1,1,56588,0,108665,0.520761,1,6,17,33,410529,28.56193,0.00197,2.37929,0.00898,1,1,2,1.333152,1.000000,2.824353,-0.538760,-0.538701,14.422544,492,0.037351,0.004807,45284,18284,9958,6457,4467,3241,2585,1932,16456,1,1,1,1
22.3500,4920,1,1,54056,0,103848,0.520535,1,5,21,75,104478,27.48577,0.00386,2.37583,0.00645,1,1,2,1.413921,1.000000,2.865590,-0.001534,-0.001463,14.959867,8120,0.000098,0.076470,42850,17686,9680,6115,4292,3090,2368,1838,15928,1,1,1,1
22.4000,4920,1,1,54546,0,104430,0.522326,1,312,312,312,184016,27.52043,0.00386,2.37583,0.00645,1,1,2,1.165109,1.000000,55.969765,-0.019165,-0.019134,14.942306,7874,0.001281,0.074240,43420,17580,9816,6225,4218,3134,2403,1825,15808,1,1,1,1
23.0000,4920,1,1,55220,0,105851,0.521682,126,4,237,237,330169,27.93631,0.00386,2.37583,0.00645,1,1,2,1.366693,1.000000,1.740971,-0.226757,-0.226693,14.734578,4922,0.015385,0.047061,43991,17878,9799,6173,4257,3217,2383,1955,16197,1,1,1,1
23.9000,4920,1,1,56269,1,108253,0.519796,1,49,77,109,161432,28.56015,0.00386,2.37583,0.00645,0,1,3,6.592082,6.449311,6.449311,-0.538806,-0.538423,14.423049,494,0.037331,0.004825,44767,18304,10215,6472,4393,3145,2449,1961,16546,1,1,1,1
22.3500,4921,1,1,54351,1,104232,0.521448,1,28,28,276,94599,27.48097,0.00225,2.37340,0.01037,0,1,3,4.147307,3.644052,3.644052,-0.004712,-0.004423,14.957024,8118,0.000296,0.076450,43433,17550,9671,6256,4209,3071,2311,1896,15834,1,1,1,1
22.4000,4921,1,1,54339,1,104317,0.520908,1,845,845,845,834628,27.51562,0.00225,2.37340,0.01037,0,1,3,3.966253,3.679181,3.679181,-0.022038,-0.021758,14.939701,7872,0.001456,0.074219,43406,17786,9678,6148,4146,3002,2363,1892,15895,1,1,1,1
23.0000,4921,1,1,55113,1,105990,0.519988,1,17,49,49,541829,27.93157,0.00225,2.37340,0.01037,0,1,3,10.058333,8.220443,8.220443,-0.230092,-0.229623,14.731250,4919,0.015587,0.047034,44068,18093,9810,6137,4223,3219,2367,1883,16189,1,1,1,1
23.9000,4921,1,1,56288,0,108497,0.518803,3,5,11,20,74465,28.55527,0.00225,2.37340,0.01037,1,1,2,1.301017,1.000000,1.983669,-0.541798,-0.541744,14.419477,491,0.037570,0.004796,45328,18241,10048,6267,4344,3212,2483,2048,16525,1,1,1,1
22.3500,4922,1,1,54610,0,104571,0.522234,4,7,7,146,86976,27.48881,0.00225,2.37967,0.00841,1,1,3,1.125279,1.000000,1.111828,-0.000622,-0.000598,14.960445,8120,0.000040,0.076436,43585,17762,9689,6196,4203,3097,2418,1834,15786,1,1,1,1
22.4000,4922,1,1,54324,0,104376,0.520469,4,1,67,67,643438,27.52345,0.00225,2.37967,0.00841,1,0,3,1.400556,1.000000,1.019880,-0.017927,-0.017858,14.943503,7874,0.001195,0.074204,43362,17701,9832,6129,4181,3098,2363,1887,15822,1,1,1,1
23.0000,4922,1,1,55415,1,106139,0.522103,1,1,5,1532,15340831,27.93945,0.00225,2.37967,0.00841,0,1,3,1.686497,1.314936,1.314936,-0.225957,-0.225850,14.735561,4920,0.015327,0.047020,44077,17975,9912,6324,4340,3179,2412,1893,16026,1,1,1,1
23.9000,4922,1,1,56602,0,108473,0.521812,1,13,67,67,473867,28.56317,0.00225,2.37967,0.00841,1,1,2,1.228286,1.000000,3.636915,-0.537927,-0.537885,14.423277,492,0.037293,0.004804,45111,18167,10244,6373,4368,3232,2386,1932,16659,1,1,1,1
22.3500,4923,1,1,54073,1,103825,0.520814,1,5,20,54,101368,27.49187,0.00197,2.38147,0.00747,0,1,3,2.008075,1.454682,1.449830,0.000651,0.000793,14.962168,8125,-0.000053,0.076458,43073,17313,9855,5995,4270,3173,2333,1807,16005,1,1,1,1
22.4000,4923,1,1,54702,0,104648,0.522729,1,2,20,27,133731,27.52650,0.00197,2.38147,0.00747,1,1,2,1.399567,1.000000,1.652971,-0.016685,-0.016616,14.944746,7879,0.001112,0.074230,43371,17755,9879,6194,4232,3129,2279,1978,15830,1,1,1,1
23.0000,4923,1,1,55429,1,106563,0.520157,5,29,29,229,424837,27.94242,0.00197,2.38147,0.00747,0,1,3,19.410757,14.546115,14.546115,-0.224865,-0.224263,14.737211,4924,0.015217,0.047043,44432,18107,9931,6386,4424,3148,2342,1874,15918,1,1,1,1
23.9000,4923,1,1,56705,1,108637,0.521972,1,6,207,207,6404198,28.56615,0.00197,2.38147,0.00747,0,1,3,2.438795,1.905617,1.905617,-0.536526,-0.536344,14.425068,493,0.037181,0.004812,45062,18601,10182,6390,4362,3225,2454,1900,16460,1,1,1,1
22.3500,4924,1,1,54216,0,103805,0.522292,1,1,8,91,208432,27.48843,0.00211,2.37236,0.00828,1,0,3,1.414212,1.000000,1.006648,-0.000912,-0.000842,14.960493,8125,0.000056,0.076451,42743,17898,9608,6147,4222,3012,2423,1830,15921,1,1,1,1
22.4000,4924,1,1,54242,0,103886,0.522135,2,8,8,88,523607,27.52306,0.00211,2.37236,0.00828,1,1,2,1.272221,1.000000,2.705773,-0.018332,-0.018283,14.942917,7879,0.001224,0.074224,42958,17723,9496,6199,4248,3191,2305,1852,15913,1,1,1,1
23.0000,4924,1,1,55454,0,106074,0.522791,1,40,74,187,241067,27.93903,0.00211,2.37236,0.00828,1,0,2,1.123610,1.000000,5.428511,-0.226390,-0.226366,14.735084,4925,0.015362,0.047050,43921,18067,9829,6207,4376,3217,2450,1912,16094,1,1,1,1
23.9000,4924,1,1,56446,0,108360,0.520917,4,4,10,87,126118,28.56278,0.00211,2.37236,0.00828,1,1,2,1.307084,1.000000,1.596807,-0.538135,-0.538081,14.423145,493,0.037307,0.004812,44672,18453,10166,6478,4477,3209,2422,1896,16586,1,1,1,1
22.3500,4925,1,1,54013,1,103814,0.520291,11,5,449,449,77711,27.48320,0.00340,2.36833,0.00973,0,0,3,1.316754,1.233428,1.233428,-0.002857,-0.002801,14.958121,8123,0.000187,0.076429,42668,17697,9691,6233,4248,3081,2397,1967,15831,1,1,1,1
22.4000,4925,1,1,54541,1,104470,0.522078,54,4,54,140,206477,27.51797,0.00340,2.36833,0.00973,0,1,3,3.293278,2.426137,2.426137,-0.020306,-0.020064,14.941375,7876,0.001343,0.074188,43494,17712,9799,6101,4271,3069,2401,1861,15761,1,1,1,1
23.0000,4925,1,1,55011,1,106002,0.518967,9,7,9,31,344778,27.93386,0.00340,2.36833,0.00973,0,0,3,1.575860,1.472709,1.472709,-0.228201,-0.228108,14.732821,4921,0.015483,0.047010,43929,17846,10002,6211,4370,3169,2466,1974,16034,1,1,1,1
23.9000,4925,1,1,56614,0,108807,0.520321,1,384,384,384,3073908,28.55762,0.00340,2.36833,0.00973,1,1,2,1.283946,1.000000,124.932592,-0.540533,-0.540483,14.420726,489,0.037480,0.004772,45340,18405,9995,6383,4424,3165,2573,1893,16628,1,1,1,1
22.3500,4926,1,1,54403,1,104153,0.522342,4,4,30,77,228590,27.48073,0.00433,2.37011,0.00893,0,1,3,2.160154,1.854660,1.854660,-0.003759,-0.003602,14.957844,8126,0.000241,0.076443,43313,17598,9547,6215,4254,3093,2316,1897,15919,1,1,1,1
22.4000,4926,1,1,54419,1,104299,0.521765,2,15,50,73,1340277,27.51534,0.00433,2.37011,0.00893,0,1,3,9.645645,7.558429,7.558429,-0.021212,-0.020752,14.940722,7880,0.001389,0.074214,43125,17792,9801,6148,4284,3090,2284,1839,15935,1,1,1,1
23.0000,4926,1,1,55225,1,105983,0.521079,2,36,36,1160,212895,27.93129,0.00433,2.37011,0.00893,0,1,3,4.110624,3.502124,3.502124,-0.229105,-0.228818,14.732620,4924,0.015531,0.047029,43738,18061,9785,6393,4314,3197,2515,1925,16054,1,1,1,1
23.9000,4926,1,1,56245,1,108348,0.519119,4,10,10,47,1528825,28.55506,0.00433,2.37011,0.00893,0,0,3,1.308403,1.102128,1.102128,-0.540876,-0.540821,14.420302,494,0.037504,0.004820,44687,18606,10125,6484,4343,3288,2296,1911,16607,1,1,1,1
22.3500,4927,1,1,54100,0,104137,0.519513,2,11,25,44,6465228,27.48210,0.00211,2.36783,0.00729,1,1,2,1.148590,1.000000,2.022818,-0.004141,-0.004113,14.956964,8126,0.000275,0.076432,43033,17809,9745,6036,4404,3091,2293,1905,15820,1,1,1,1
22.4000,4927,1,1,54324,0,104326,0.520719,1,1,10,82,1000151,27.51671,0.00211,2.36783,0.00729,1,1,3,1.406413,1.000000,1.109366,-0.021386,-0.021317,14.939995,7880,0.001427,0.074203,43257,17733,9579,6174,4283,3164,2351,1867,15917,1,1,1,1
23.0000,4927,1,1,55463,1,106467,0.520946,1,7,9,79,6165382,27.93271,0.00211,2.36783,0.00729,0,1,3,2.112094,1.520685,1.424066,-0.229410,-0.229258,14.732112,4923,0.015562,0.047012,44362,18120,9813,6333,4323,3158,2493,1886,15978,1,1,1,1
23.9000,4927,1,1,56631,1,108649,0.521234,5,10,10,66,54086666,28.55650,0.00211,2.36783,0.00729,0,1,3,3.895272,3.163933,3.163933,-0.541389,-0.541113,14.420312,489,0.037524,0.004771,44975,18529,10053,6435,4448,3185,2534,1986,16503,1,1,1,1
22.3500,4928,1,1,54189,1,104321,0.519450,1,9,20,119,277728,27.48090,0.00351,2.36390,0.00878,0,1,3,2.050625,1.498001,1.450944,-0.003956,-0.003810,14.957464,8139,0.000255,0.076536,43338,17738,9649,6213,4245,3030,2386,1940,15781,1,1,1,1
22.4000,4928,1,1,54505,1,104460,0.521784,1,3,40,82,129128,27.51564,0.00351,2.36390,0.00878,0,1,3,2.801464,2.171776,2.171776,-0.021372,-0.021163,14.939976,7891,0.001417,0.074291,43238,17621,9879,6120,4327,3130,2398,1906,15840,1,1,1,1
23.0000,4928,1,1,55342,0,105854,0.522819,5,27,27,199,177391,27.93156,0.00351,2.36390,0.00878,1,1,2,1.335342,1.000000,10.684451,-0.229492,-0.229433,14.731814,4932,0.015574,0.047089,43837,17911,9968,6312,4176,3109,2353,1938,16249,1,1,1,1
23.9000,4928,1,1,56878,0,109267,0.520546,16,2,135,135,62762,28.55537,0.00351,2.36390,0.00878,1,1,3,1.411184,1.000000,1.336249,-0.541183,-0.541113,14.420234,502,0.037525,0.004897,45618,18625,10071,6451,4390,3230,2491,1933,16457,1,1,1,1
22.3500,4929,1,1,54257,1,104430,0.519559,2,7,9,205,326756,27.48681,0.00498,2.37402,0.00741,0,1,3,4.009594,3.413163,3.413163,-0.000450,-0.000168,14.960829,8136,0.000011,0.076475,43391,17903,9583,6139,4340,3010,2430,1877,15756,1,1,1,1
22.4000,4929,1,1,54707,1,104642,0.522807,1,22,22,42,494545,27.52140,0.00498,2.37402,0.00741,0,1,3,15.417419,11.600078,11.600078,-0.017871,-0.017316,14.943520,7889,0.001159,0.074240,43641,17784,9575,6233,4140,3159,2367,1814,15928,1,1,1,1
23.0000,4929,1,1,55460,0,106398,0.521255,277,99,277,277,613784,27.93737,0.00498,2.37402,0.00741,1,1,2,1.065941,1.000000,6.762403,-0.225803,-0.225790,14.735128,4931,0.015323,0.047060,44145,18124,9909,6367,4254,3248,2394,1956,16000,1,1,1,1
23.9000,4929,1,1,56595,1,108997,0.519239,4,5,5,19,1612550,28.56119,0.00498,2.37402,0.00741,0,1,3,3.635128,2.821485,2.821485,-0.537622,-0.537360,14.424089,493,0.037254,0.004806,45092,18783,10294,6388,4330,3316,2461,1918,16414,1,1,1,1
22.3500,4930,1,1,54464,0,104426,0.521561,1,1,3,815,73318035,27.48750,0.00239,2.36877,0.00684,1,1,3,1.379568,1.000000,1.039290,-0.001233,-0.001167,14.960116,8135,0.000078,0.076454,43566,17531,9776,6195,4257,2998,2336,1916,15850,1,1,1,1
22.4000,4930,1,1,54205,1,104368,0.519369,1,5,47,47,992036,27.52222,0.00239,2.36877,0.00684,0,1,3,2.217401,1.582654,1.476319,-0.018629,-0.018468,14.942837,7888,0.001236,0.074219,43231,17746,9787,6234,4162,3049,2313,1861,15984,1,1,1,1
23.0000,4930,1,1,55548,0,106510,0.521533,4,3,4,80,1036356,27.93811,0.00239,2.36877,0.00684,1,1,2,1.412821,1.000000,1.945263,-0.226604,-0.226534,14.734792,4930,0.015374,0.047042,44193,18359,9795,6402,4208,3103,2413,1909,16127,1,1,1,1
23.9000,4930,1,1,56807,1,109321,0.519640,2,116,116,116,2941187,28.56194,0.00239,2.36877,0.00684,0,1,3,77.728664,58.182580,58.182580,-0.538865,-0.537982,14.423492,494,0.037299,0.004815,45502,18633,10161,6380,4502,3226,2435,1977,16504,1,1,1,1
22.3500,4931,1,1,54493,1,104693,0.520508,1,3,16,639,523316,27.48674,0.00300,2.36946,0.00867,0,1,3,1.500180,1.092413,1.092413,-0.001257,-0.001174,14.960205,8137,0.000079,0.076457,43441,18175,9589,6186,4350,2947,2290,1872,15842,1,1,1,1
22.4000,4931,1,1,54375,1,104485,0.520415,9,2,263,263,70635,27.52146,0.00300,2.36946,0.00867,0,0,3,1.324907,1.230794,1.230794,-0.018626,-0.018569,14.942379,7891,0.001243,0.074234,43332,17792,9758,6130,4194,3103,2387,1925,15863,1,1,1,1
23.0000,4931,1,1,55422,0,106236,0.521692,1,4,795,795,57319,27.93740,0.00300,2.36946,0.00867,1,1,2,1.414193,1.000000,2.497062,-0.226677,-0.226607,14.734729,4933,0.015379,0.047061,44046,17976,10073,6332,4227,3119,2434,1944,16084,1,1,1,1
23.9000,4931,1,1,57009,1,109233,0.521907,1,66,1031,1031,387159,28.56111,0.00300,2.36946,0.00867,0,1,3,3.610439,2.796420,2.651169,-0.538537,-0.538276,14.423134,494,0.037320,0.004815,45359,18536,10217,6419,4483,3265,2554,2031,16368,1,1,1,1
22.3500,4932,1,1,54588,0,104306,0.523350,1,18,27,171,197540,27.48820,0.00239,2.37084,0.00966,1,1,2,1.097536,1.000000,1.939338,-0.000988,-0.000969,14.960026,8139,0.000065,0.076461,43269,17863,9622,6148,4191,3038,2311,1873,15990,1,1,1,1
22.4000,4932,1,1,54885,1,105005,0.522694,8,8,40,83,2033160,27.52277,0.00239,2.37084,0.00966,0,1,3,3.540529,3.207534,3.207534,-0.018325,-0.018069,14.942702,7892,0.001209,0.074227,43879,17726,9845,6183,4301,3065,2412,1866,15727,1,1,1,1
23.0000,4932,1,1,55541,1,106447,0.521776,5,9,433,433,398092,27.93877,0.00239,2.37084,0.00966,0,0,3,1.244214,1.068294,1.068294,-0.226214,-0.226170,14.734928,4932,0.015349,0.047041,44105,18381,9880,6251,4293,3120,2403,1863,16150,1,1,1,1
23.9000,4932,1,1,56846,0,109337,0.519920,53,3,53,53,240762,28.56249,0.00239,2.37084,0.00966,1,1,2,1.412505,1.000000,1.791860,-0.538124,-0.538054,14.423291,494,0.037304,0.004814,45393,18800,10058,6388,4519,3268,2466,2058,16386,1,1,1,1
22.3500,4933,1,1,54351,1,103909,0.523068,5,5,6,27,55419,27.48699,0.00253,2.37323,0.00824,0,1,3,3.899382,2.952868,2.952868,-0.001515,-0.001239,14.959560,8137,0.000083,0.076429,43034,17497,9761,6072,4283,3185,2337,1820,15919,1,1,1,1
22.4000,4933,1,1,54701,1,104368,0.524122,1,2,6,43,1075923,27.52169,0.00253,2.37323,0.00824,0,1,3,1.506976,1.291615,1.291615,-0.018780,-0.018696,14.942744,7892,0.001251,0.074211,43331,17488,9854,6276,4218,3012,2396,1853,15939,1,1,1,1
23.0000,4933,1,1,55626,0,106374,0.522933,22,2,70,70,562600,27.93761,0.00253,2.37323,0.00824,1,1,3,1.338821,1.000000,1.283647,-0.226736,-0.226677,14.734718,4929,0.015384,0.047004,44184,18052,9941,6259,4336,3141,2430,1921,16109,1,1,1,1
23.9000,4933,1,1,56346,0,108350,0.520042,2,13,22,34,118107,28.56135,0.00253,2.37323,0.00824,1,1,2,1.263584,1.000000,4.084581,-0.538727,-0.538680,14.422738,491,0.037349,0.004784,44812,18459,10105,6302,4420,3100,2417,2019,16715,1,1,1,1
22.3500,4934,1,1,54403,1,104331,0.521451,1,5,13,206,233058,27.48846,0.00300,2.37081,0.00799,0,1,3,3.705405,2.933437,2.933437,-0.000495,-0.000230,14.961196,8143,0.000015,0.076462,43342,17805,9735,6027,4201,3179,2342,1911,15788,1,1,1,1
22.4000,4934,1,1,54523,1,104670,0.520909,1286,15,1286,1286,199485,27.52316,0.00300,2.37081,0.00799,0,0,3,1.032105,1.031330,1.031330,-0.017739,-0.017733,14.942285,7895,0.001187,0.074227,43373,17934,9707,6153,4201,3030,2452,1865,15954,1,1,1,1
23.0000,4934,1,1,55464,0,106542,0.520588,1,6,6,66,257730,27.93913,0.00300,2.37081,0.00799,1,1,2,1.218287,1.000000,1.788571,-0.225781,-0.225741,14.735413,4934,0.015320,0.047040,44236,18009,10063,6325,4292,3157,2427,1884,16148,1,1,1,1
23.9000,4934,1,1,56237,1,108443,0.518591,8,68,122,1329,51211,28.56288,0.00300,2.37081,0.00799,0,1,3,1.291242,1.099681,1.099681,-0.537605,-0.537553,14.423886,494,0.037268,0.004811,44961,18173,10109,6348,4460,3318,2524,1940,16609,1,1,1,1
22.3500,4935,1,1,54518,0,104460,0.521908,2,5,6,221,484190,27.48560,0.00387,2.37235,0.00764,1,1,2,1.401140,1.000000,2.745611,-0.001575,-0.001506,14.959855,8141,0.000101,0.076434,43351,17862,9724,6034,4276,3076,2392,1893,15851,1,1,1,1
22.4000,4935,1,1,54432,0,104447,0.521150,1,5,14,84,211097,27.52029,0.00387,2.37235,0.00764,1,1,2,1.414030,1.000000,3.139735,-0.018935,-0.018865,14.942474,7898,0.001262,0.074239,43225,17764,9710,6234,4220,3183,2375,1868,15867,1,1,1,1
23.0000,4935,1,1,55548,0,106452,0.521818,1,2,421,421,1038626,27.93618,0.00387,2.37235,0.00764,1,1,2,1.407574,1.000000,1.813558,-0.226821,-0.226751,14.734563,4933,0.015389,0.047023,44112,17919,10090,6464,4411,3078,2398,1876,16103,1,1,1,1
23.9000,4935,1,1,57026,0,109343,0.521538,26,44,44,44,126678,28.55994,0.00387,2.37235,0.00764,1,1,2,1.231066,1.000000,11.401386,-0.538891,-0.538849,14.422317,492,0.037362,0.004791,45511,18560,10088,6464,4427,3394,2533,1929,16436,1,1,1,1
22.3500,4936,1,1,53940,0,103803,0.519643,15,110,110,328,145165,27.48715,0.00239,2.36998,0.00926,1,1,2,1.075022,1.000000,8.607339,-0.001607,-0.001592,14.959868,8145,0.000106,0.076456,42628,17860,9574,6111,4363,3032,2364,1902,15968,1,1,1,1
22.4000,4936,1,1,54486,0,104778,0.520019,2,92,754,754,75787,27.52184,0.00239,2.36998,0.00926,1,1,2,1.011444,1.000000,1.065014,-0.018738,-0.018735,14.941834,7898,0.001254,0.074227,43521,17660,9939,6181,4325,3010,2363,1864,15914,1,1,1,1
23.0000,4936,1,1,55428,0,106321,0.521332,15,22,22,30,172412,27.93778,0.00239,2.36998,0.00926,1,1,2,1.255353,1.000000,6.392868,-0.226892,-0.226845,14.734574,4940,0.015395,0.047080,44098,18026,9990,6208,4391,3158,2371,1910,16168,1,1,1,1
23.9000,4936,1,1,56422,0,108651,0.519301,1,9,9,18,226843,28.56156,0.00239,2.36998,0.00926,1,0,2,1.239815,1.000000,2.881314,-0.538699,-0.538655,14.422768,495,0.037348,0.004820,44884,18416,10109,6544,4450,3218,2472,1971,16586,1,1,1,1
22.3500,4937,1,1,54362,0,104183,0.521798,1,4,23,113,1161248,27.48308,0.00253,2.36901,0.01071,1,1,2,1.230864,1.000000,1.575149,-0.003345,-0.003303,14.958123,8143,0.000221,0.076431,43198,17666,9688,6194,4241,3112,2324,1885,15874,1,1,1,1
22.4000,4937,1,1,54456,0,104340,0.521914,8,5,8,10,332661,27.51776,0.00253,2.36901,0.01071,1,1,2,1.391097,1.000000,2.727961,-0.020744,-0.020677,14.940692,7896,0.001384,0.074199,43296,17521,9786,6227,4155,3043,2439,1855,16017,1,1,1,1
23.0000,4937,1,1,55309,1,106444,0.519611,1,62,62,62,105343,27.93376,0.00253,2.36901,0.01071,0,1,3,22.591520,20.772547,20.772547,-0.228950,-0.228319,14.732426,4933,0.015498,0.047011,44296,18088,10002,6193,4437,3090,2371,1813,16153,1,1,1,1
23.9000,4937,1,1,57203,1,109253,0.523588,5,5,32,45,1913032,28.55755,0.00253,2.36901,0.01071,0,1,3,2.666997,2.282079,2.282079,-0.540622,-0.540423,14.420496,490,0.037476,0.004771,45406,18651,10106,6487,4416,3235,2475,1998,16478,1,1,1,1
22.3500,4938,1,1,54488,0,104533,0.521257,26,3,26,287,56592,27.48346,0.00253,2.36581,0.00800,1,1,2,1.314475,1.000000,1.481917,-0.003245,-0.003190,14.958043,8145,0.000213,0.076435,43514,17776,9546,6108,4336,3083,2362,1887,15920,1,1,1,1
22.4000,4938,1,1,54326,0,104250,0.521118,1,5,30,7998,82683,27.51813,0.00253,2.36581,0.00800,1,0,2,1.208946,1.000000,1.584436,-0.020585,-0.020547,14.940884,7897,0.001375,0.074193,43431,17513,9675,6012,4189,3097,2370,1908,16054,1,1,1,1
23.0000,4938,1,1,55121,1,105747,0.521258,2,5,21,131,575193,27.93404,0.00253,2.36581,0.00800,0,1,3,2.776241,2.406472,2.406472,-0.228590,-0.228383,14.733090,4934,0.015501,0.047009,43692,17940,9859,6182,4305,3135,2388,1917,16328,1,1,1,1
23.9000,4938,1,1,56828,0,109176,0.520522,1,6,6,44,247921,28.55785,0.00253,2.36581,0.00800,1,0,2,1.164484,1.000000,1.253358,-0.540423,-0.540392,14.421049,491,0.037472,0.004779,45518,18368,10195,6506,4479,3159,2433,1988,16529,1,1,1,1
22.3500,4939,1,1,54344,0,104184,0.521621,1,5,16,26,1480472,27.48828,0.00211,2.36748,0.00946,1,1,2,1.163750,1.000000,1.211440,-0.000975,-0.000945,14.960153,8152,0.000063,0.076474,43245,17635,9566,6042,4190,3146,2301,1886,16172,1,1,1,1
22.4000,4939,1,1,54514,0,104769,0.520331,2,18,18,530,1056862,27.52294,0.00211,2.36748,0.00946,1,1,2,1.177309,1.000000,3.640154,-0.018421,-0.018388,14.942725,7903,0.001231,0.074225,43684,17563,9791,6186,4266,3092,2462,1821,15903,1,1,1,1
23.0000,4939,1,1,55433,1,106519,0.520410,1,1,41,85,1371567,27.93891,0.00211,2.36748,0.00946,0,0,3,1.592301,1.126688,1.126688,-0.226285,-0.226191,14.735152,4939,0.015350,0.047040,44320,18162,9848,6165,4270,3174,2391,1877,16311,1,1,1,1
23.9000,4939,1,1,57050,0,109361,0.521672,1,2,6,62,2231918,28.56273,0.00211,2.36748,0.00946,1,1,2,1.388302,1.000000,1.680290,-0.538235,-0.538168,14.423123,494,0.037313,0.004807,45455,18526,10120,6594,4514,3201,2590,1962,16398,1,1,1,1
22.3500,4940,1,1,54649,1,104886,0.521037,1,10,10,126,561429,27.48593,0.00225,2.37018,0.00933,0,1,3,1.694503,1.209202,1.084993,-0.002157,-0.002050,14.959256,8151,0.000137,0.076454,43663,17889,9658,6319,4143,3173,2294,1877,15869,1,1,1,1
22.4000,4940,1,1,54584,0,104507,0.522305,1,882,882,882,12678176,27.52059,0.00225,2.37018,0.00933,1,1,2,1.004802,1.000000,4.252818,-0.019629,-0.019629,14.941846,7904,0.001314,0.074223,43394,17627,9794,6125,4189,3126,2385,1900,15966,1,1,1,1
23.0000,4940,1,1,55562,0,106578,0.521332,3,3,43,81,86114,27.93647,0.00225,2.37018,0.00933,1,0,2,1.272410,1.000000,1.333092,-0.227456,-0.227407,14.734008,4940,0.015434,0.047044,44405,18014,10057,6261,4154,3236,2480,1800,16170,1,1,1,1
23.9000,4940,1,1,57013,1,109370,0.521290,3,3,9,136,2704058,28.56031,0.00225,2.37018,0.00933,0,0,3,1.614079,1.390904,1.390904,-0.539375,-0.539278,14.421816,494,0.037393,0.004806,45622,18630,10025,6515,4477,3237,2418,1871,16574,1,1,1,1
22.3500,4941,1,1,54201,1,104248,0.519929,3,4495,4495,4495,300078,27.48701,0.00238,2.37354,0.00980,0,0,3,23.883174,23.630980,23.630980,-0.001815,-0.001173,14.959383,8150,0.000078,0.076428,43162,17526,9796,6149,4253,3101,2438,1904,15918,1,1,1,1
22.4000,4941,1,1,54593,1,104817,0.520846,1,2,67,67,4449081,27.52166,0.00238,2.37354,0.00980,0,1,3,1.814368,1.283171,1.237830,-0.018835,-0.018714,14.942625,7902,0.001252,0.074186,43408,17880,9656,6275,4243,3146,2471,1892,15845,1,1,1,1
23.0000,4941,1,1,55399,1,106348,0.520927,1,13,13,65,66488,27.93760,0.00238,2.37354,0.00980,0,1,3,3.205879,2.492734,2.492734,-0.226883,-0.226647,14.734764,4937,0.015382,0.047004,44505,17910,9721,6194,4298,3177,2374,1833,16335,1,1,1,1
23.9000,4941,1,1,56697,1,108936,0.520466,1,7,32,770,122649,28.56131,0.00238,2.37354,0.00980,0,1,3,4.754259,3.687183,3.687183,-0.538777,-0.538462,14.422521,497,0.037335,0.004834,44920,18758,10199,6448,4377,3278,2542,1980,16433,1,1,1,1
22.3500,4942,1,1,54302,0,104310,0.520588,36,4,110,4976,1569103,27.48705,0.00224,2.37249,0.00742,1,1,3,1.204165,1.000000,1.080163,-0.001500,-0.001463,14.959679,8153,0.000098,0.076440,42946,17733,9971,6150,4279,3124,2348,1922,15836,1,1,1,1
22.4000,4942,1,1,54266,0,104570,0.518949,2,14,21,75,453742,27.52169,0.00224,2.37249,0.00742,1,1,2,1.312186,1.000000,5.569634,-0.018992,-0.018937,14.942295,7906,0.001267,0.074210,43265,17762,9838,6215,4289,3103,2322,1779,15996,1,1,1,1
23.0000,4942,1,1,55456,0,106434,0.521041,1,6,24,109,397557,27.93769,0.00224,2.37249,0.00742,1,1,2,1.365166,1.000000,2.914064,-0.226926,-0.226863,14.734409,4940,0.015397,0.047024,44221,18074,9872,6265,4315,3127,2442,1953,16164,1,1,1,1
23.9000,4942,1,1,56560,0,108929,0.519242,10,5,25,312,175944,28.56141,0.00224,2.37249,0.00742,1,0,2,1.237632,1.000000,1.623238,-0.538725,-0.538682,14.422742,493,0.037349,0.004794,45080,18744,10118,6367,4402,3241,2393,1883,16700,1,1,1,1
22.3500,4943,1,1,54485,1,104508,0.521353,1,220,220,220,94967,27.48217,0.00311,2.37117,0.00910,0,1,3,60.876714,58.040021,58.040021,-0.004006,-0.003175,14.957417,8152,0.000212,0.076426,43571,17555,9698,6163,4241,3129,2347,1901,15902,1,1,1,1
22.4000,4943,1,1,54891,1,104883,0.523360,1,2,12,574,35507,27.51681,0.00311,2.37117,0.00910,0,0,3,2.291374,1.737920,1.737920,-0.020967,-0.020799,14.940437,7905,0.001392,0.074195,43398,18120,9561,6246,4367,3003,2435,1895,15857,1,1,1,1
23.0000,4943,1,1,55451,1,106480,0.520769,2,63,63,63,46116,27.93272,0.00311,2.37117,0.00910,0,0,3,6.580639,6.190743,6.190743,-0.229056,-0.228675,14.732236,4939,0.015522,0.047012,44045,18133,9859,6345,4405,3159,2481,1878,16174,1,1,1,1
23.9000,4943,1,1,56628,0,108886,0.520072,1,4,15,57,70112,28.55646,0.00311,2.37117,0.00910,1,1,2,1.352484,1.000000,2.281648,-0.540821,-0.540760,14.420502,491,0.037499,0.004775,45196,18412,10031,6441,4508,3256,2506,1947,16588,1,1,1,1
22.3500,4944,1,1,54621,1,104809,0.521153,6,3,39,99,142617,27.48609,0.00238,2.36914,0.00759,0,1,3,2.271186,1.810767,1.810767,-0.002005,-0.001839,14.959581,8158,0.000123,0.076456,43769,17863,9852,6062,4133,3113,2294,1829,15893,1,1,1,1
22.4000,4944,1,1,54568,0,104601,0.521683,16,6,103,544,125666,27.52072,0.00238,2.36914,0.00759,1,1,2,1.400629,1.000000,3.245395,-0.019382,-0.019314,14.942048,7911,0.001293,0.074228,43296,17748,9797,6276,4243,3067,2322,1825,16026,1,1,1,1
23.0000,4944,1,1,55205,1,106229,0.519684,1,26,91,91,361718,27.93669,0.00238,2.36914,0.00759,0,1,3,5.029777,4.769659,4.769659,-0.227408,-0.227081,14.734385,4946,0.015412,0.047062,43933,17963,9949,6372,4292,3112,2426,1913,16268,1,1,1,1
23.9000,4944,1,1,56735,1,109154,0.519775,1,177,177,177,204310,28.56044,0.00238,2.36914,0.00759,0,1,3,110.573062,86.710688,86.710688,-0.539575,-0.538624,14.422851,495,0.037345,0.004812,45457,18428,10145,6450,4393,3262,2433,1911,16674,1,1,1,1
22.3500,4945,1,1,54563,1,104609,0.521595,5,7,278,278,128480,27.48779,0.00252,2.37250,0.00744,0,1,3,2.371607,2.106921,2.106921,-0.001053,-0.000878,14.960572,8156,0.000059,0.076417,43382,17697,9845,6207,4355,3092,2314,1845,15871,1,1,1,1
22.4000,4945,1,1,54658,0,104835,0.521377,606,5,606,606,126019,27.52255,0.00252,2.37250,0.00744,1,1,2,1.297479,1.000000,1.772584,-0.018416,-0.018364,14.943045,7908,0.001229,0.074180,43654,17583,9898,6197,4255,3085,2396,1875,15891,1,1,1,1
23.0000,4945,1,1,55372,0,106587,0.519505,1,3,42,254,48595,27.93844,0.00252,2.37250,0.00744,1,0,2,1.329670,1.000000,1.766365,-0.226361,-0.226303,14.735095,4941,0.015358,0.047003,44304,18057,9776,6281,4365,3176,2476,1921,16230,1,1,1,1
23.9000,4945,1,1,56632,0,108553,0.521704,1,5,43,408,2427606,28.56220,0.00252,2.37250,0.00744,1,0,2,1.278466,1.000000,1.896348,-0.538250,-0.538200,14.423214,491,0.037315,0.004772,45054,18414,9965,6424,4357,3270,2414,2000,16654,1,1,1,1
22.3500,4946,1,1,54318,0,104617,0.519213,1,20,20,20,92500,27.48598,0.00425,2.36511,0.00934,1,0,2,1.157302,1.000000,3.678529,-0.001240,-0.001211,14.960233,8160,0.000081,0.076440,43351,17731,9732,6143,4275,3124,2366,1889,16005,1,1,1,1
22.4000,4946,1,1,54661,1,104843,0.521365,1,4,16,22,208054,27.52060,0.00425,2.36511,0.00934,0,1,3,1.229945,1.125169,1.125169,-0.018427,-0.018385,14.943072,7910,0.001230,0.074184,43269,17912,9903,6253,4193,3065,2356,1864,16027,1,1,1,1
23.0000,4946,1,1,55581,1,106790,0.520475,1,18,18,18,78914,27.93654,0.00425,2.36511,0.00934,0,1,3,2.182777,1.649572,1.613769,-0.226433,-0.226275,14.735125,4942,0.015356,0.047002,44325,18284,9920,6190,4222,3327,2383,1887,16251,1,1,1,1
23.9000,4946,1,1,56756,0,109037,0.520525,8,15,15,38,52185,28.56032,0.00425,2.36511,0.00934,1,1,3,1.064819,1.000000,1.022864,-0.538279,-0.538266,14.422651,491,0.037321,0.004771,45117,18537,10143,6497,4531,3265,2385,1946,16615,1,1,1,1
22.3500,4947,1,1,54505,1,104590,0.521135,1,6,32,181,50731,27.48398,0.00341,2.36302,0.00971,0,1,3,4.840892,3.501592,3.501592,-0.002609,-0.002290,14.959177,8159,0.000153,0.076421,43441,17758,9797,6062,4225,3122,2372,1880,15932,1,1,1,1
22.4000,4947,1,1,54661,1,104810,0.521530,1,1,3,79,1366393,27.51859,0.00341,2.36302,0.00971,0,1,3,1.591647,1.203705,1.203705,-0.019802,-0.019708,14.941693,7914,0.001319,0.074213,43704,17702,9589,6079,4356,3068,2378,1892,16041,1,1,1,1
23.0000,4947,1,1,55474,0,106644,0.520184,3,38,38,38,71711,27.93459,0.00341,2.36302,0.00971,1,0,2,1.029609,1.000000,1.175576,-0.227801,-0.227795,14.733674,4943,0.015461,0.047007,44127,18056,10324,6252,4311,3121,2312,1885,16255,1,1,1,1
23.9000,4947,1,1,56952,0,109478,0.520219,4,30,187,187,23036281,28.55838,0.00341,2.36302,0.00971,1,1,2,1.345370,1.000000,12.378790,-0.539936,-0.539877,14.421516,492,0.037435,0.004780,45595,18516,10284,6400,4541,3170,2524,1937,16510,1,1,1,1
22.3500,4948,1,1,54783,1,105001,0.521743,4,5,19,75,45391,27.48943,0.00252,2.36444,0.00684,0,1,3,2.905096,2.502974,2.502974,-0.000245,-0.000029,14.960884,8161,0.000002,0.076416,43627,17871,9710,6234,4238,3156,2415,1847,15902,1,1,1,1
22.4000,4948,1,1,54341,1,104542,0.519806,2,6,6,273,175780,27.52417,0.00252,2.36444,0.00684,0,0,3,2.242270,1.908959,1.908959,-0.017588,-0.017425,14.943687,7914,0.001166,0.074188,43092,17986,9651,6183,4226,3127,2364,1866,16046,1,1,1,1
23.0000,4948,1,1,55770,0,107106,0.520704,1,15,118,118,391157,27.94009,0.00252,2.36444,0.00684,1,1,2,1.271280,1.000000,5.085708,-0.225645,-0.225597,14.735819,4946,0.015309,0.047019,44582,18270,9902,6269,4429,3269,2412,1912,16060,1,1,1,1
23.9000,4948,1,1,56967,1,109344,0.520994,3,2,110,433,759613,28.56389,0.00252,2.36444,0.00684,0,1,3,2.090851,1.522780,1.522780,-0.537425,-0.537276,14.423707,491,0.037250,0.004769,45054,18877,10329,6299,4514,3211,2465,1912,16682,1,1,1,1
22.3500,4949,1,1,54686,0,105005,0.520799,13,5,23,23,794489,27.48654,0.00266,2.36330,0.00726,1,0,3,1.159462,1.000000,1.025142,-0.001622,-0.001592,14.959851,8158,0.000106,0.076377,43628,17957,9674,6200,4358,3121,2391,1802,15873,1,1,1,1
22.4000,4949,1,1,54386,0,104636,0.519769,1,3,30,30,222668,27.52113,0.00266,2.36330,0.00726,1,1,2,1.315975,1.000000,1.554286,-0.018962,-0.018906,14.942329,7911,0.001265,0.074152,43376,17659,9779,6110,4367,3158,2405,1831,15950,1,1,1,1
23.0000,4949,1,1,55544,0,106706,0.520538,1,302,302,302,52978,27.93710,0.00266,2.36330,0.00726,1,1,2,1.014164,1.000000,4.335600,-0.227051,-0.227049,14.734424,4941,0.015409,0.046967,44161,18269,10045,6103,4357,3178,2421,1969,16202,1,1,1,1
23.9000,4949,1,1,56825,1,109404,0.519410,1,8,9,21,102156,28.56092,0.00266,2.36330,0.00726,0,1,3,2.493377,2.231818,2.231818,-0.538893,-0.538708,14.422744,493,0.037351,0.004787,45520,18466,10094,6451,4523,3270,2548,1952,16579,1,1,1,1
22.3500,4950,1,1,54569,1,104540,0.521997,2,94,94,191,3606447,27.48602,0.00168,2.36372,0.00627,0,1,3,21.312730,20.489908,20.489908,-0.002622,-0.002004,14.958665,8174,0.000134,0.076518,43447,17634,9709,6216,4262,3082,2341,1932,15916,1,1,1,1
22.4000,4950,1,1,55066,0,105447,0.522220,5,4,5,96,2834982,27.52075,0.00168,2.36372,0.00627,1,1,2,1.409181,1.000000,2.469741,-0.019772,-0.019703,14.941650,7926,0.001319,0.074281,43849,17934,9838,6120,4277,3130,2432,1941,15925,1,1,1,1
23.0000,4950,1,1,55245,1,106066,0.520860,1,826,826,826,654577,27.93664,0.00168,2.36372,0.00627,0,0,3,14.898990,14.220520,14.220520,-0.227893,-0.227347,14.733509,4956,0.015431,0.047103,43743,17937,9953,6089,4347,3196,2492,1918,16390,1,1,1,1
23.9000,4950,1,1,56553,1,109177,0.517998,1,12,12,61,631141,28.56047,0.00168,2.36372,0.00627,0,1,3,8.025169,6.416228,6.416228,-0.539729,-0.539308,14.421668,502,0.037396,0.004874,45246,18565,10263,6443,4365,3317,2425,1892,16660,1,1,1,1
22.3500,4951,1,1,54652,0,104818,0.521404,3,40,40,67,1446774,27.48327,0.00168,2.36024,0.00655,1,1,3,1.023299,1.000000,1.059104,-0.003640,-0.003636,14.957079,8176,0.000243,0.076529,43580,17766,9690,6279,4156,3132,2352,1852,16010,1,1,1,1
22.4000,4951,1,1,54768,0,104909,0.522057,3,18,197,1295,316418,27.51799,0.00168,2.36024,0.00655,1,0,2,1.154467,1.000000,3.105723,-0.021118,-0.021089,14.940355,7926,0.001412,0.074272,43457,18012,9726,6127,4245,3100,2352,1917,15972,1,1,1,1
23.0000,4951,1,1,55550,0,106552,0.521347,1,2,9,160,169236,27.93394,0.00168,2.36024,0.00655,1,0,2,1.377612,1.000000,1.442435,-0.229013,-0.228949,14.732430,4955,0.015540,0.047087,44160,18201,9766,6320,4363,3182,2449,1914,16196,1,1,1,1
23.9000,4951,1,1,56868,0,109573,0.519001,1,7,7,92,753414,28.55764,0.00168,2.36024,0.00655,1,1,2,1.131347,1.000000,1.221878,-0.540845,-0.540820,14.420236,500,0.037504,0.004854,45368,18804,10287,6419,4455,3284,2414,2033,16508,1,1,1,1
22.3500,4952,1,1,54744,0,104742,0.522661,8,11,159,159,2894234,27.47975,0.00182,2.36231,0.00760,1,1,2,1.209440,1.000000,2.601962,-0.005522,-0.005483,14.955665,8177,0.000367,0.076530,43508,17727,9713,6141,4284,3070,2427,1886,15985,1,1,1,1
22.4000,4952,1,1,54858,0,105374,0.520608,2,245,245,245,486787,27.51432,0.00182,2.36231,0.00760,1,1,2,1.103914,1.000000,26.882134,-0.023045,-0.023025,14.938429,7930,0.001541,0.074304,43713,17938,9954,6281,4285,3212,2320,1833,15837,1,1,1,1
23.0000,4952,1,1,55775,1,106660,0.522928,3,21,36,143,182285,27.93032,0.00182,2.36231,0.00760,0,0,3,3.891207,3.607262,3.607262,-0.230842,-0.230568,14.730388,4958,0.015653,0.047113,44311,18241,9814,6274,4303,3164,2447,1957,16148,1,1,1,1
23.9000,4952,1,1,56610,0,108891,0.519882,1,164,164,164,734646,28.55405,0.00182,2.36231,0.00760,1,1,2,1.056864,1.000000,9.665392,-0.542802,-0.542791,14.418101,502,0.037647,0.004873,44756,18651,10147,6441,4528,3277,2386,1919,16785,1,1,1,1
22.3500,4953,1,1,54612,0,104725,0.521485,1,15,15,37,1113139,27.47951,0.00305,2.35774,0.00830,1,1,2,1.094999,1.000000,1.700332,-0.004932,-0.004913,14.956543,8175,0.000329,0.076492,43283,17981,9767,6158,4329,3072,2353,1780,16001,1,1,1,1
22.4000,4953,1,1,54577,1,104707,0.521240,11,2,11,43,4852495,27.51422,0.00305,2.35774,0.00830,0,1,3,1.496299,1.058524,1.058524,-0.022229,-0.022147,14.939183,7927,0.001482,0.074257,43232,17769,9794,6192,4247,3167,2388,1885,16032,1,1,1,1
23.0000,4953,1,1,55443,1,106520,0.520499,1,1,10,477,1410757,27.93014,0.00305,2.35774,0.00830,0,0,3,1.686340,1.225876,1.225876,-0.230212,-0.230106,14.731175,4955,0.015620,0.047072,44261,17905,9896,6323,4340,3093,2434,1916,16351,1,1,1,1
23.9000,4953,1,1,56903,1,109439,0.519957,1,4,8,376,71314,28.55387,0.00305,2.35774,0.00830,0,1,3,3.340865,2.492181,2.492181,-0.542151,-0.541907,14.419228,498,0.037582,0.004833,45356,18422,10223,6647,4353,3263,2564,1983,16627,1,1,1,1
