k,n,ok,brk,idx,parity,len,irat,pqat,pqnext,pqw5,pqw20,pqmax,logh11,logh22,logmz,logg0,incone,redst,jhi,rho,rho2,skew,loglam1,logcone,logq,v2qp,dinf,d2,q1,q2,q3,q4,q5,q6,q7,q8,q9,cY,cX,cIdx,intq
22.3500,2243,1,1,24616,0,47449,0.518800,2,5,13,59,259825,27.48359,0.00433,2.38073,0.01292,1,1,2,1.256959,1.000000,1.801450,-0.003124,-0.003022,14.957637,3704,0.000202,0.076525,19616,8107,4427,2799,2026,1438,1048,822,7165,1,1,1,1
22.4000,2243,1,1,24712,0,47493,0.520340,1,19,19,26,78361,27.51820,0.00433,2.38073,0.01292,1,0,2,1.116001,1.000000,2.474434,-0.020500,-0.020451,14.940788,3592,0.001369,0.074295,19607,8040,4440,2843,1971,1455,1081,839,7216,1,1,1,1
23.0000,2243,1,1,25180,0,48189,0.522537,1,1,21,22,55237,27.93415,0.00433,2.38073,0.01292,1,1,3,1.405257,1.000000,1.029576,-0.228272,-0.228120,14.732809,2246,0.015484,0.047111,20039,8106,4631,2809,1916,1446,996,877,7368,1,1,1,1
23.9000,2243,1,1,25968,0,49731,0.522180,2,90,90,90,53939,28.55777,0.00433,2.38073,0.01292,1,0,2,1.096769,1.000000,9.256408,-0.540579,-0.540538,14.420711,228,0.037483,0.004886,20690,8469,4660,2975,1977,1500,1126,860,7473,1,1,1,1
22.3500,2244,1,1,24473,1,47147,0.519090,2,2,27,27,15580,27.47483,0.00732,2.37464,0.02169,0,1,3,1.804968,1.276380,1.276380,-0.005802,-0.005539,14.955449,3706,0.000370,0.076544,19544,7904,4305,2772,1998,1391,1058,830,7344,1,1,1,1
22.4000,2244,1,1,24816,0,47424,0.523290,1,7,140,140,48294,27.50943,0.00732,2.37464,0.02169,1,1,2,1.407828,1.000000,4.204698,-0.023382,-0.023230,14.937709,3594,0.001555,0.074318,19578,8136,4422,2779,1969,1401,1064,840,7234,1,1,1,1
23.0000,2244,1,1,25135,1,47999,0.523668,1,8,26,34,1308721,27.92550,0.00732,2.37464,0.02169,0,1,3,5.777894,4.574456,4.574456,-0.231438,-0.230656,14.730575,2248,0.015658,0.047139,19727,8162,4443,2914,1938,1485,1105,840,7384,1,1,1,1
23.9000,2244,1,1,25729,1,49462,0.520188,3,117,117,117,76543,28.54915,0.00732,2.37464,0.02169,0,0,3,6.079491,5.781734,5.781734,-0.543314,-0.542509,14.417450,230,0.037629,0.004928,20493,8476,4452,2950,2092,1462,1130,892,7514,1,1,1,1
22.3500,2245,1,1,24846,0,47683,0.521077,1,33,33,76,360735,27.48173,0.00494,2.37480,0.02019,1,1,2,1.039825,1.000000,1.406112,-0.003470,-0.003453,14.956395,3704,0.000231,0.076463,19901,8078,4374,2813,1875,1385,1086,852,7318,1,1,1,1
22.4000,2245,1,1,24798,0,47767,0.519156,1,1,25,25,16010,27.51662,0.00494,2.37480,0.02019,1,0,3,1.375792,1.000000,1.255060,-0.020891,-0.020749,14.940330,3594,0.001389,0.074272,19729,8133,4477,2855,1984,1459,1119,838,7172,1,1,1,1
23.0000,2245,1,1,25287,1,48580,0.520534,1,5,168,204,666218,27.93251,0.00494,2.37480,0.02019,0,1,3,1.593948,1.588261,1.588261,-0.228882,-0.228674,14.732616,2244,0.015522,0.047028,20260,8293,4420,2872,1982,1490,1108,832,7322,1,1,1,1
23.9000,2245,1,1,25858,0,49405,0.523399,1,14,46,46,52677,28.55619,0.00494,2.37480,0.02019,1,0,2,1.155504,1.000000,2.580587,-0.540837,-0.540773,14.420448,224,0.037500,0.004796,20529,8404,4569,2923,1970,1436,1149,893,7531,1,1,1,1
22.3500,2246,1,1,24672,0,47301,0.521607,2,8,24,24,539744,27.48146,0.00432,2.37135,0.01593,1,1,2,1.217416,1.000000,2.111584,-0.004208,-0.004121,14.956465,3709,0.000276,0.076532,19499,8058,4456,2757,1933,1431,1091,834,7241,1,1,1,1
22.4000,2246,1,1,24714,0,47649,0.518679,1,2,26,26,54792,27.51603,0.00432,2.37135,0.01593,1,0,3,1.311920,1.000000,1.240047,-0.021374,-0.021253,14.939882,3597,0.001423,0.074303,19849,8040,4472,2792,1954,1341,1066,878,7256,1,1,1,1
23.0000,2246,1,1,25168,0,48548,0.518425,1,4,58,58,224419,27.93204,0.00432,2.37135,0.01593,1,1,2,1.403262,1.000000,2.400205,-0.229527,-0.229376,14.731548,2249,0.015570,0.047115,20105,8253,4590,2950,1943,1458,1111,815,7322,1,1,1,1
23.9000,2246,1,1,25919,1,49859,0.519856,2,3,8,45,38755,28.55575,0.00432,2.37135,0.01593,0,0,3,1.576736,1.287340,1.287340,-0.541243,-0.541040,14.419560,230,0.037521,0.004923,20794,8488,4595,2903,2031,1474,1139,912,7522,1,1,1,1
22.3500,2247,1,1,24843,1,47594,0.521989,1,20,26,732,402404,27.48512,0.00432,2.37724,0.01528,0,0,3,4.942203,4.157595,4.157595,-0.002423,-0.001712,14.958812,3709,0.000114,0.076486,19705,8197,4403,2701,1951,1426,1105,847,7258,1,1,1,1
22.4000,2247,1,1,24661,1,47410,0.520175,1,7,9,834,114661,27.51967,0.00432,2.37724,0.01528,0,1,3,3.083090,2.440251,2.440251,-0.019579,-0.019078,14.942088,3597,0.001277,0.074259,19612,8143,4408,2812,1872,1376,1083,827,7276,1,1,1,1
23.0000,2247,1,1,25323,1,48526,0.521855,5,24,24,1215,111432,27.93581,0.00432,2.37724,0.01528,0,1,3,5.846929,5.212645,5.212645,-0.227814,-0.227029,14.734209,2249,0.015408,0.047085,20100,8336,4543,2849,1930,1443,1138,865,7321,1,1,1,1
23.9000,2247,1,1,25528,0,49188,0.518999,3,2,9,110,182724,28.55955,0.00432,2.37724,0.01528,1,1,2,1.414166,1.000000,1.612462,-0.539420,-0.539266,14.421721,226,0.037393,0.004834,20270,8390,4517,2914,1987,1446,1098,883,7682,1,1,1,1
22.3500,2248,1,1,24756,0,47643,0.519626,1,4,76,76,1135582,27.48876,0.00463,2.37820,0.01435,1,1,2,1.414208,1.000000,2.527839,-0.000233,-0.000079,14.960907,3714,0.000005,0.076544,19786,8092,4471,2823,1957,1400,1049,818,7246,1,1,1,1
22.4000,2248,1,1,24744,0,47586,0.519996,4,25,68,125,56556,27.52360,0.00463,2.37820,0.01435,1,1,2,1.051510,1.000000,1.338369,-0.017513,-0.017491,14.942472,3600,0.001171,0.074286,19577,8240,4441,2860,1891,1406,1111,881,7178,1,1,1,1
23.0000,2248,1,1,25336,0,48350,0.524023,1,2,3,43,66681,27.93955,0.00463,2.37820,0.01435,1,1,3,1.212899,1.000000,1.019104,-0.225399,-0.225313,14.735892,2251,0.015290,0.047101,20043,8082,4606,2838,2015,1416,1142,863,7344,1,1,1,1
23.9000,2248,1,1,25980,0,49713,0.522610,3,2,30,30,147993,28.56332,0.00463,2.37820,0.01435,1,1,3,1.412344,1.000000,1.152120,-0.537340,-0.537186,14.423774,228,0.037243,0.004874,20832,8336,4654,2872,1969,1480,1095,889,7585,1,1,1,1
22.3500,2249,1,1,24856,0,47606,0.522130,1,11,31,2051,931677,27.48033,0.00699,2.37745,0.01527,1,0,2,1.129712,1.000000,1.710686,-0.003371,-0.003317,14.957917,3710,0.000222,0.076443,19731,8265,4359,2776,1919,1438,1060,818,7239,1,1,1,1
22.4000,2249,1,1,24972,0,47892,0.521434,1,37,58,58,302445,27.51485,0.00699,2.37745,0.01527,1,1,2,1.388996,1.000000,17.658546,-0.021155,-0.021009,14.939881,3599,0.001406,0.074246,19975,8131,4396,2797,1958,1422,1078,862,7272,1,1,1,1
23.0000,2249,1,1,25387,1,48562,0.522786,1,3,17,49,1643615,27.93092,0.00699,2.37745,0.01527,0,1,3,2.408463,1.937366,1.937366,-0.228700,-0.228309,14.732942,2248,0.015497,0.047027,20190,8241,4487,2862,1984,1455,1104,866,7372,1,1,1,1
23.9000,2249,1,1,25613,1,49540,0.517027,1,49,49,110,68432,28.55472,0.00699,2.37745,0.01527,0,1,3,4.085332,3.380721,3.356498,-0.540722,-0.540096,14.420472,224,0.037453,0.004787,20627,8368,4546,2957,1949,1473,1152,878,7589,1,1,1,1
22.3500,2250,1,1,24841,1,47500,0.522979,1,2,70,70,643699,27.47905,0.00870,2.37732,0.01785,0,1,3,1.909546,1.448244,1.448244,-0.003019,-0.002731,14.958399,3712,0.000183,0.076448,19577,8094,4472,2898,1929,1428,1028,856,7217,1,1,1,1
22.4000,2250,1,1,25199,1,47968,0.525340,1,21,26,26,147143,27.51386,0.00870,2.37732,0.01785,0,1,3,7.496823,6.710187,6.710187,-0.020766,-0.019871,14.940340,3600,0.001330,0.074231,20012,8207,4443,2863,1962,1417,1108,899,7056,1,1,1,1
23.0000,2250,1,1,25023,1,48176,0.519419,2,2,67,2160,393782,27.92974,0.00870,2.37732,0.01785,0,1,3,1.467668,1.170888,1.170888,-0.228321,-0.228151,14.733138,2249,0.015486,0.047026,19926,8093,4500,2891,1940,1453,1075,912,7385,1,1,1,1
23.9000,2250,1,1,25760,0,49305,0.522473,12,2,12,151,252547,28.55358,0.00870,2.37732,0.01785,1,1,2,1.403337,1.000000,1.439632,-0.540281,-0.540131,14.420795,224,0.037455,0.004785,20407,8317,4593,2848,2023,1482,1130,888,7616,1,1,1,1
22.3500,2251,1,1,24705,1,47521,0.519886,1,4,53,248,80531,27.47514,0.00814,2.38093,0.01688,0,1,3,2.843661,2.261530,2.261530,-0.005242,-0.004778,14.955813,3718,0.000319,0.076551,19694,8025,4514,2838,1916,1306,1099,892,7236,1,1,1,1
22.4000,2251,1,1,24942,0,47782,0.522007,1,1,4,272,288076,27.50994,0.00814,2.38093,0.01688,1,0,3,1.365771,1.000000,1.130712,-0.022487,-0.022349,14.938742,3605,0.001496,0.074309,19750,8173,4548,2756,1995,1397,1121,858,7183,1,1,1,1
23.0000,2251,1,1,25373,1,48550,0.522627,1,13,16,97,90198,27.92595,0.00814,2.38093,0.01688,0,1,3,7.620189,6.347247,6.347247,-0.230877,-0.229975,14.730061,2256,0.015613,0.047161,20067,8378,4585,2814,1985,1430,1075,870,7345,1,1,1,1
23.9000,2251,1,1,25777,1,49642,0.519268,1,65,65,65,224375,28.54950,0.00814,2.38093,0.01688,0,1,3,13.538780,12.594524,12.594524,-0.542807,-0.541650,14.418432,230,0.037566,0.004912,20647,8293,4579,3111,1962,1495,1116,858,7580,1,1,1,1
22.3500,2252,1,1,24643,1,47407,0.519829,1,3,86,86,48364,27.47209,0.00637,2.38151,0.01656,0,1,3,2.802365,2.144696,2.144696,-0.007840,-0.007383,14.953843,3719,0.000494,0.076547,19596,8003,4417,2893,1947,1327,1067,846,7310,1,1,1,1
22.4000,2252,1,1,24744,0,47448,0.521508,2,1,15,225,80417,27.50657,0.00637,2.38151,0.01656,1,1,3,1.397333,1.000000,1.018465,-0.024911,-0.024763,14.936148,3607,0.001658,0.074330,19744,8091,4346,2724,1868,1368,1104,864,7338,1,1,1,1
23.0000,2252,1,1,25269,1,48634,0.519585,2,5,9,22,94535,27.92270,0.00637,2.38151,0.01656,0,0,3,1.637616,1.341013,1.341013,-0.233041,-0.232821,14.727774,2257,0.015808,0.047168,20064,8437,4593,2797,1982,1420,1114,896,7330,1,1,1,1
23.9000,2252,1,1,25796,0,49516,0.520973,4,173,173,173,76692,28.54629,0.00637,2.38151,0.01656,1,1,2,1.008368,1.000000,1.515933,-0.544852,-0.544849,14.414319,229,0.037799,0.004890,20525,8348,4542,2954,2024,1512,1115,867,7628,1,1,1,1
22.3500,2253,1,1,24769,1,47570,0.520696,1,9,15,44,53291,27.47757,0.00667,2.39768,0.01379,0,1,3,3.503239,3.049782,3.049782,-0.004917,-0.004360,14.956058,3721,0.000292,0.076543,19666,8287,4293,2700,2013,1380,1107,820,7303,1,1,1,1
22.4000,2253,1,1,24948,0,47606,0.524063,2,2,194,196,34766,27.51234,0.00667,2.39768,0.01379,1,1,3,1.396882,1.000000,1.153002,-0.022084,-0.021935,14.938974,3606,0.001468,0.074262,19651,8096,4507,2821,1955,1443,1163,846,7123,1,1,1,1
23.0000,2253,1,1,25352,0,48613,0.521517,1,4,27,39,210597,27.92829,0.00667,2.39768,0.01379,1,1,2,1.406493,1.000000,2.440349,-0.230227,-0.230076,14.730954,2252,0.015619,0.047033,20325,8129,4483,2836,2040,1463,1178,847,7311,1,1,1,1
23.9000,2253,1,1,25826,0,49706,0.519586,1,2,29,45,46844,28.55190,0.00667,2.39768,0.01379,1,0,3,1.381936,1.000000,1.308769,-0.541898,-0.541754,14.419319,226,0.037571,0.004822,20529,8488,4638,3037,1958,1487,1145,929,7494,1,1,1,1
22.3500,2254,1,1,24646,0,47342,0.520606,1,7,14,34,293063,27.47989,0.00636,2.39913,0.01478,1,1,2,1.270210,1.000000,2.480404,-0.003758,-0.003652,14.957036,3721,0.000244,0.076504,19499,8064,4301,2772,2029,1432,1127,776,7341,1,1,1,1
22.4000,2254,1,1,24987,1,47779,0.522981,3,61,78,78,25108,27.51464,0.00636,2.39913,0.01478,0,1,3,31.131995,26.792923,26.792923,-0.021662,-0.020136,14.941152,3610,0.001348,0.074301,19763,8156,4543,2851,1969,1353,1038,856,7249,1,1,1,1
23.0000,2254,1,1,25191,1,48360,0.520916,1,18,79,84,409291,27.93072,0.00636,2.39913,0.01478,0,1,3,2.113037,1.602170,1.583873,-0.229061,-0.228729,14.732040,2255,0.015526,0.047071,20048,8206,4562,2826,1918,1475,1100,864,7360,1,1,1,1
23.9000,2254,1,1,25866,0,49849,0.518897,4,22,22,117,144333,28.55437,0.00636,2.39913,0.01478,1,0,2,1.070625,1.000000,1.674597,-0.540907,-0.540876,14.420386,227,0.037508,0.004841,20818,8426,4659,2917,1999,1513,1134,879,7503,1,1,1,1
22.3500,2255,1,1,24841,1,47506,0.522913,4,247,247,247,44948,27.47547,0.00636,2.38783,0.01408,0,1,3,100.075290,91.481101,91.481101,-0.006973,-0.004930,14.953585,3721,0.000330,0.076488,19638,8086,4419,2847,1884,1378,1075,923,7255,1,1,1,1
22.4000,2255,1,1,24976,0,47763,0.522926,26,15,26,202,153502,27.51020,0.00636,2.38783,0.01408,1,1,2,1.191755,1.000000,3.255993,-0.023599,-0.023521,14.937684,3607,0.001575,0.074224,19844,8003,4488,2809,1951,1528,1129,890,7120,1,1,1,1
23.0000,2255,1,1,25254,0,48567,0.519993,4,2,28,63,363545,27.92609,0.00636,2.38783,0.01408,1,1,3,1.396468,1.000000,1.216675,-0.231314,-0.231166,14.729743,2254,0.015694,0.047037,20202,8150,4563,2828,1967,1409,1123,895,7429,1,1,1,1
23.9000,2255,1,1,26030,0,49829,0.522397,1,3,15,7631,171366,28.54977,0.00636,2.38783,0.01408,1,1,3,1.231662,1.000000,1.089530,-0.543134,-0.543042,14.417576,225,0.037665,0.004797,20763,8369,4680,2999,1964,1517,1163,892,7481,1,1,1,1
22.3500,2256,1,1,24801,1,47505,0.522082,3,5,6,41,329733,27.47128,0.00666,2.38035,0.01254,0,1,3,2.697590,2.283246,2.283246,-0.007989,-0.007549,14.953698,3726,0.000505,0.076556,19640,7946,4495,2856,1910,1523,1105,848,7181,1,1,1,1
22.4000,2256,1,1,24597,1,47279,0.520263,3,12,16,76,42471,27.50600,0.00666,2.38035,0.01254,0,0,3,2.192447,1.926944,1.926944,-0.025311,-0.024963,14.935429,3613,0.001671,0.074325,19531,8028,4316,2797,1895,1407,1129,810,7365,1,1,1,1
23.0000,2256,1,1,25374,0,48779,0.520194,9,2,24,98,575668,27.92201,0.00666,2.38035,0.01254,1,1,2,1.406645,1.000000,1.481985,-0.233258,-0.233107,14.727924,2259,0.015828,0.047126,20264,8391,4538,2804,2005,1382,1174,849,7371,1,1,1,1
23.9000,2256,1,1,25875,1,49599,0.521694,1,3,15,499,1738025,28.54572,0.00666,2.38035,0.01254,0,0,3,2.125945,1.669388,1.669388,-0.545139,-0.544804,14.415890,229,0.037792,0.004881,20527,8460,4599,2935,2038,1457,1158,853,7571,1,1,1,1
22.3500,2257,1,1,25044,0,47929,0.522534,2,12,15,145,815626,27.46831,0.00697,2.37464,0.01821,1,0,2,1.156230,1.000000,2.122128,-0.009200,-0.009135,14.952088,3725,0.000611,0.076510,19843,8293,4428,2770,1955,1453,1103,862,7221,1,1,1,1
22.4000,2257,1,1,24627,1,47431,0.519228,1,1,63,86,23954,27.50301,0.00697,2.37464,0.01821,0,0,3,1.479356,1.051228,1.051228,-0.026382,-0.026209,14.934820,3611,0.001755,0.074254,19531,8102,4424,2777,1932,1404,1096,806,7358,1,1,1,1
23.0000,2257,1,1,25533,1,48904,0.522115,2,2,31,187,124792,27.91914,0.00697,2.37464,0.01821,0,0,3,1.493290,1.189481,1.189481,-0.234485,-0.234307,14.726356,2256,0.015911,0.047048,20540,8123,4594,2897,1956,1466,1056,904,7367,1,1,1,1
23.9000,2257,1,1,25862,0,49894,0.518349,1,8,13,34,429305,28.54288,0.00697,2.37464,0.01821,1,1,3,1.110805,1.000000,1.042115,-0.546330,-0.546284,14.414016,225,0.037899,0.004794,20792,8397,4702,2873,2041,1519,1132,926,7511,1,1,1,1
22.3500,2258,1,1,24941,1,47611,0.523861,1,32,32,32,225584,27.46796,0.00696,2.36152,0.01345,0,1,3,20.924543,16.241219,16.241219,-0.010024,-0.008678,14.952611,3725,0.000580,0.076473,19745,8102,4494,2868,1842,1372,1059,826,7302,1,1,1,1
22.4000,2258,1,1,25078,0,47920,0.523341,1,524,524,524,38078,27.50265,0.00696,2.36152,0.01345,1,1,2,1.359226,1.000000,222.574056,-0.027948,-0.027812,14.933287,3612,0.001862,0.074250,19737,8170,4580,2820,1871,1453,1092,912,7284,1,1,1,1
23.0000,2258,1,1,25320,0,48573,0.521288,3,11,51,399,75193,27.91860,0.00696,2.36152,0.01345,1,1,2,1.146055,1.000000,1.854687,-0.234862,-0.234802,14.725617,2257,0.015945,0.047050,20190,8191,4544,2824,1970,1403,1094,842,7514,1,1,1,1
23.9000,2258,1,1,25949,1,49738,0.521724,1,4,19,114,44035,28.54237,0.00696,2.36152,0.01345,0,1,3,1.817377,1.293905,1.244576,-0.546645,-0.546381,14.414655,233,0.037905,0.004962,20617,8434,4588,2926,2016,1464,1147,910,7635,1,1,1,1
22.3500,2259,1,1,25021,1,47906,0.522305,1,1,17,40,579410,27.47011,0.00665,2.35959,0.01461,0,0,3,1.427841,1.016006,1.016006,-0.008380,-0.008222,14.952713,3727,0.000550,0.076480,19858,8278,4398,2817,1972,1406,1084,854,7238,1,1,1,1
22.4000,2259,1,1,24797,1,47864,0.518083,1,4,9,155,45678,27.50478,0.00665,2.35959,0.01461,0,1,3,1.970780,1.623600,1.623600,-0.025821,-0.025520,14.935675,3614,0.001709,0.074246,19799,8116,4577,2707,1961,1499,1073,857,7274,1,1,1,1
23.0000,2259,1,1,25387,1,48644,0.521904,3,17,23,132,180373,27.92086,0.00665,2.35959,0.01461,0,0,3,3.150643,2.861482,2.861482,-0.233983,-0.233475,14.726787,2258,0.015854,0.047046,20271,8180,4513,2890,1993,1470,1082,883,7361,1,1,1,1
23.9000,2259,1,1,25921,1,49733,0.521214,34,5,34,59,56459,28.54466,0.00665,2.35959,0.01461,0,1,3,2.488750,2.144710,2.144710,-0.545820,-0.545416,14.415855,225,0.037834,0.004789,20470,8485,4745,2945,2021,1545,1167,888,7466,1,1,1,1
22.3500,2260,1,1,25036,0,48179,0.519656,2,3,19,83,167910,27.46587,0.00491,2.36284,0.01549,1,1,2,1.413591,1.000000,1.814011,-0.011698,-0.011545,14.949456,3728,0.000772,0.076483,20080,8094,4611,2874,1959,1455,1149,853,7103,1,1,1,1
22.4000,2260,1,1,25072,0,48063,0.521660,2,27,133,133,144139,27.50053,0.00491,2.36284,0.01549,1,0,2,1.057639,1.000000,1.721020,-0.029013,-0.028988,14.932281,3615,0.001941,0.074250,20012,8168,4527,2872,1958,1365,1050,828,7282,1,1,1,1
23.0000,2260,1,1,25520,0,48691,0.524132,17,10,107,497,24557,27.91642,0.00491,2.36284,0.01549,1,1,2,1.300486,1.000000,3.524653,-0.237121,-0.237004,14.724141,2261,0.016096,0.047096,20377,8094,4490,2882,2000,1487,1038,853,7469,1,1,1,1
23.9000,2260,1,1,25959,1,49773,0.521558,2,3,9,144,54454,28.54025,0.00491,2.36284,0.01549,0,1,3,2.178721,1.583534,1.583534,-0.548859,-0.548514,14.412568,225,0.038058,0.004788,20667,8394,4683,2884,2064,1432,1086,891,7671,1,1,1,1
22.3500,2261,1,1,24885,1,47625,0.522531,3,9,26,55,36883,27.45924,0.00726,2.36965,0.01435,0,1,3,4.891457,4.196679,4.196679,-0.013917,-0.013215,14.946819,3727,0.000884,0.076443,19644,8105,4449,2779,1996,1425,1123,884,7219,1,1,1,1
22.4000,2261,1,1,24873,1,47930,0.518955,21,2,21,115,120802,27.49388,0.00726,2.36965,0.01435,0,1,3,1.416664,1.003451,1.003451,-0.030908,-0.030754,14.930259,3613,0.002060,0.074187,19974,8151,4383,2933,1970,1393,1077,906,7142,1,1,1,1
23.0000,2261,1,1,25392,0,48674,0.521686,1,80,80,81,37454,27.90990,0.00726,2.36965,0.01435,1,1,2,1.291395,1.000000,27.106459,-0.239656,-0.239543,14.721183,2256,0.016272,0.046981,20203,8220,4685,2813,2035,1423,1076,875,7343,1,1,1,1
23.9000,2261,1,1,25961,1,49697,0.522396,22,2,22,58,63854,28.53345,0.00726,2.36965,0.01435,0,1,3,1.973424,1.478280,1.478280,-0.550784,-0.550483,14.410638,222,0.038200,0.004723,20512,8421,4668,2890,2073,1450,1137,890,7655,1,1,1,1
22.3500,2262,1,1,25060,0,48062,0.521421,2,6,44,92,196592,27.46532,0.00573,2.35833,0.01281,1,1,2,1.414110,1.000000,3.503021,-0.011497,-0.011344,14.949639,3738,0.000759,0.076620,20013,8333,4400,2791,1871,1432,1109,881,7231,1,1,1,1
22.4000,2262,1,1,24823,1,47636,0.521108,1,14,14,14,846986,27.49995,0.00573,2.35833,0.01281,0,1,3,4.739562,3.952441,3.952441,-0.028837,-0.028149,14.933054,3625,0.001885,0.074386,19613,8208,4485,2763,1828,1390,1062,895,7391,1,1,1,1
23.0000,2262,1,1,25285,1,48572,0.520578,24,4,24,24,9036,27.91608,0.00573,2.35833,0.01281,0,1,3,2.099939,1.848577,1.848577,-0.236736,-0.236408,14.723088,2268,0.016057,0.047204,20178,8258,4462,2843,1905,1519,1092,845,7469,1,1,1,1
23.9000,2262,1,1,26131,1,50192,0.520631,8,4,12,55,31827,28.53967,0.00573,2.35833,0.01281,0,1,3,2.385392,1.769241,1.769241,-0.548519,-0.548135,14.412975,232,0.038031,0.004933,20821,8646,4636,3001,2050,1490,1162,890,7495,1,1,1,1
22.3500,2263,1,1,24882,0,47574,0.523028,4,7,7,1263,58132,27.46505,0.00572,2.37084,0.01640,1,1,2,1.319244,1.000000,2.848409,-0.011788,-0.011665,14.949108,3737,0.000780,0.076568,19656,8206,4322,2812,1879,1377,1030,895,7396,1,1,1,1
22.4000,2263,1,1,24964,0,47800,0.522270,1,19,74,74,25655,27.49966,0.00572,2.37084,0.01640,1,0,2,1.178633,1.000000,4.002020,-0.029168,-0.029096,14.932118,3624,0.001949,0.074337,19870,7908,4589,2840,1918,1411,1121,819,7323,1,1,1,1
23.0000,2263,1,1,25278,0,48588,0.520263,1,17,17,59,323260,27.91561,0.00572,2.37084,0.01640,1,1,2,1.063228,1.000000,1.280871,-0.236879,-0.236852,14.724415,2266,0.016086,0.047137,20129,8215,4636,2805,1957,1407,1045,895,7498,1,1,1,1
23.9000,2263,1,1,25845,1,49636,0.520701,1,69,69,320,328279,28.53923,0.00572,2.37084,0.01640,0,1,3,2.035508,1.515254,1.408245,-0.548715,-0.548401,14.412713,231,0.038050,0.004909,20535,8477,4550,2946,1941,1498,1101,943,7644,1,1,1,1
22.3500,2264,1,1,24926,0,48055,0.518708,1,3,16,178,43734,27.45927,0.00914,2.36875,0.01335,1,0,2,1.256085,1.000000,1.315699,-0.012689,-0.012588,14.948585,3741,0.000842,0.076619,19971,8146,4463,2775,2066,1406,1106,877,7244,1,1,1,1
22.4000,2264,1,1,25028,0,47823,0.523357,2,1,9,56,39259,27.49387,0.00914,2.36875,0.01335,1,1,3,1.414213,1.000000,1.165897,-0.029950,-0.029797,14.931192,3629,0.001996,0.074412,19860,8035,4503,2766,1914,1405,1121,897,7321,1,1,1,1
23.0000,2264,1,1,25322,0,48543,0.521651,24,4,24,32,605832,27.90994,0.00914,2.36875,0.01335,1,1,2,1.394337,1.000000,2.053310,-0.238122,-0.237975,14.722931,2269,0.016164,0.047183,20126,8290,4536,2795,1930,1420,1103,856,7486,1,1,1,1
23.9000,2264,1,1,25949,1,49781,0.521274,5,3,22,88,46144,28.53359,0.00914,2.36875,0.01335,0,1,3,1.418609,1.041361,1.041361,-0.549792,-0.549637,14.411460,233,0.038139,0.004950,20606,8398,4652,3015,1976,1506,1124,963,7540,1,1,1,1
22.3500,2265,1,1,24817,1,47886,0.518263,4,56,56,56,53805,27.45354,0.00633,2.36243,0.01650,0,1,3,14.175021,13.572838,13.572838,-0.017371,-0.016200,14.943274,3739,0.001084,0.076571,19801,8212,4441,2770,1922,1497,1061,833,7348,1,1,1,1
22.4000,2265,1,1,24843,1,47898,0.518675,13,3,24,148,107832,27.48842,0.00633,2.36243,0.01650,0,1,3,2.457472,1.796324,1.796324,-0.034367,-0.033970,14.927248,3629,0.002276,0.074399,19573,8275,4559,2864,2021,1441,1101,868,7195,1,1,1,1
23.0000,2265,1,1,25343,1,48769,0.519665,3,9,57,234,6021124,27.90431,0.00633,2.36243,0.01650,0,1,3,4.628653,4.019906,4.019906,-0.242489,-0.241813,14.718203,2268,0.016430,0.047157,20210,8292,4533,2834,2078,1439,1079,865,7438,1,1,1,1
23.9000,2265,1,1,26034,0,49901,0.521723,19,1,39,79,138260,28.52799,0.00633,2.36243,0.01650,1,1,3,1.391669,1.000000,1.027337,-0.554011,-0.553865,14.407198,230,0.038444,0.004885,20732,8451,4619,2966,1993,1462,1159,901,7617,1,1,1,1
22.3500,2266,1,1,25028,0,48082,0.520538,1,19,19,79,240423,27.45652,0.00428,2.35245,0.01887,1,1,2,1.388575,1.000000,9.253214,-0.017017,-0.016872,14.944195,3741,0.001129,0.076574,19978,8220,4455,2790,1930,1425,1124,901,7258,1,1,1,1
22.4000,2266,1,1,25027,1,47962,0.521820,1,2,7,519,208557,27.49108,0.00428,2.35245,0.01887,0,1,3,1.980063,1.475153,1.475153,-0.033887,-0.033585,14.927120,3627,0.002250,0.074325,19925,8031,4628,2810,1893,1406,1100,915,7253,1,1,1,1
23.0000,2266,1,1,25510,0,48899,0.521698,8,8,25,401,261626,27.90709,0.00428,2.35245,0.01887,1,0,2,1.200454,1.000000,2.000599,-0.241964,-0.241883,14.719320,2267,0.016433,0.047112,20408,8316,4484,2800,1985,1449,1101,869,7486,1,1,1,1
23.9000,2266,1,1,26109,1,50121,0.520930,6,6,13,90,1483528,28.53080,0.00428,2.35245,0.01887,0,1,3,2.918800,2.221983,2.221983,-0.553845,-0.553372,14.407765,228,0.038408,0.004841,20799,8531,4672,2948,2024,1517,1139,862,7628,1,1,1,1
22.3500,2267,1,1,24899,1,47865,0.520203,5,55,55,110,46280,27.46072,0.00559,2.35676,0.01637,0,1,3,35.226052,27.315189,27.315189,-0.014395,-0.012824,14.946022,3744,0.000858,0.076592,19824,8144,4499,2775,1969,1408,1087,818,7340,1,1,1,1
22.4000,2267,1,1,25027,1,48026,0.521124,2,4,5,60,276081,27.49527,0.00559,2.35676,0.01637,0,1,3,2.107313,1.571511,1.571511,-0.031038,-0.030710,14.930408,3631,0.002057,0.074358,19918,8106,4432,2863,2036,1429,1110,837,7294,1,1,1,1
23.0000,2267,1,1,25460,0,48694,0.522868,1,31,31,138,53667,27.91140,0.00559,2.35676,0.01637,1,1,2,1.195060,1.000000,6.920617,-0.239434,-0.239355,14.721851,2270,0.016258,0.047145,20301,8202,4447,2859,1994,1416,1084,933,7457,1,1,1,1
23.9000,2267,1,1,26258,0,50285,0.522194,2,41,41,41,48118,28.53515,0.00559,2.35676,0.01637,1,1,2,1.166976,1.000000,7.592140,-0.551324,-0.551256,14.409224,230,0.038257,0.004880,21112,8404,4654,2965,2040,1438,1112,926,7633,1,1,1,1
22.3500,2268,1,1,25150,0,48116,0.522706,2,18,275,275,306701,27.45937,0.00397,2.34954,0.01394,1,0,2,1.180920,1.000000,3.840577,-0.015337,-0.015263,14.945950,3746,0.001021,0.076600,19921,8241,4573,2817,1946,1447,1082,829,7259,1,1,1,1
22.4000,2268,1,1,24971,1,47974,0.520522,15,618,618,631,123501,27.49421,0.00397,2.34954,0.01394,0,0,3,8.767035,8.701246,8.701246,-0.032939,-0.031981,14.927159,3632,0.002143,0.074362,19949,7910,4545,2911,1998,1417,1043,899,7301,1,1,1,1
23.0000,2268,1,1,25291,1,48806,0.518205,1,19,50,75,103646,27.91016,0.00397,2.34954,0.01394,0,0,3,5.294312,4.497793,4.497793,-0.240768,-0.240033,14.720474,2271,0.016306,0.047150,20192,8330,4488,2852,2022,1493,1180,830,7418,1,1,1,1
23.9000,2268,1,1,26043,1,50041,0.520444,1,1,41,554,201542,28.53393,0.00397,2.34954,0.01394,0,0,3,1.605307,1.162411,1.162411,-0.552353,-0.552144,14.408736,230,0.038320,0.004878,20867,8453,4700,2811,2004,1544,1152,908,7601,1,1,1,1
22.3500,2269,1,1,24975,1,47783,0.522686,4,14,60,60,121548,27.46146,0.00428,2.34697,0.01485,0,1,3,1.499330,1.107778,1.107778,-0.014044,-0.013865,14.947242,3743,0.000928,0.076498,19856,8029,4487,2706,1981,1400,1079,865,7379,1,1,1,1
22.4000,2269,1,1,25063,1,48005,0.522102,2,34,390,390,38094,27.49598,0.00428,2.34697,0.01485,0,0,3,6.183170,5.739108,5.739108,-0.031686,-0.030883,14.929270,3631,0.002069,0.074298,19859,8089,4472,2804,2009,1517,1076,826,7352,1,1,1,1
23.0000,2269,1,1,25360,0,48727,0.520461,4,3,14,37,94321,27.91205,0.00428,2.34697,0.01485,1,1,2,1.412667,1.000000,1.722574,-0.239452,-0.239300,14.721669,2268,0.016255,0.047063,20232,8251,4531,2887,1972,1425,1092,891,7445,1,1,1,1
23.9000,2269,1,1,26145,1,50193,0.520900,2,15,15,16,574798,28.53585,0.00428,2.34697,0.01485,0,1,3,1.823759,1.747823,1.747823,-0.551361,-0.551096,14.410181,226,0.038244,0.004791,20957,8437,4675,2938,1988,1487,1138,883,7689,1,1,1,1
22.3500,2270,1,1,25142,0,48186,0.521781,1,2,3,12,87570,27.46508,0.00397,2.35493,0.01454,1,1,3,1.272067,1.000000,1.068532,-0.012281,-0.012175,14.948522,3747,0.000814,0.076539,20006,8265,4498,2772,1902,1480,1174,877,7211,1,1,1,1
22.4000,2270,1,1,25163,1,48167,0.522422,40,49,49,129,1665225,27.49989,0.00397,2.35493,0.01454,0,1,3,2.273524,1.687019,1.545355,-0.029776,-0.029414,14.931698,3633,0.001970,0.074294,20101,8227,4451,2751,1922,1472,1090,894,7258,1,1,1,1
23.0000,2270,1,1,25443,1,48941,0.519881,3,6,88,1372,53840,27.91578,0.00397,2.35493,0.01454,0,1,3,1.467859,1.303307,1.303307,-0.237686,-0.237517,14.723723,2271,0.016132,0.047098,20219,8311,4610,2930,1930,1547,1089,905,7399,1,1,1,1
23.9000,2270,1,1,26237,1,50270,0.521932,1,7,79,79,44509,28.53961,0.00397,2.35493,0.01454,0,0,3,2.407928,1.827845,1.827845,-0.549673,-0.549285,14.411487,228,0.038114,0.004831,20900,8540,4732,2933,2018,1466,1203,887,7590,1,1,1,1
22.3500,2271,1,1,24947,1,47868,0.521173,4,23,16727,16727,552231,27.45395,0.00397,2.34474,0.02028,0,1,3,1.938459,1.370742,1.019805,-0.017742,-0.017450,14.943544,3748,0.001168,0.076552,19907,8086,4469,2795,1959,1392,1080,786,7393,1,1,1,1
22.4000,2271,1,1,25154,0,48413,0.519582,1,18,24,158,44520,27.48874,0.00397,2.34474,0.02028,1,1,2,1.209168,1.000000,4.457570,-0.035464,-0.035380,14.925200,3633,0.002370,0.074294,20188,8300,4550,2848,1956,1414,1097,912,7147,1,1,1,1
23.0000,2271,1,1,25554,0,49068,0.520798,4,23,23,42,23794,27.90475,0.00397,2.34474,0.02028,1,1,2,1.352838,1.000000,9.880562,-0.243645,-0.243512,14.717319,2270,0.016546,0.047077,20397,8349,4586,2895,1954,1421,1070,918,7477,1,1,1,1
23.9000,2271,1,1,26103,1,50329,0.518658,2,52,191,191,1674975,28.52831,0.00397,2.34474,0.02028,0,0,3,3.866293,3.420997,3.420997,-0.555190,-0.554594,14.405782,228,0.038498,0.004831,20714,8613,4728,3111,2005,1502,1156,961,7538,1,1,1,1
22.3500,2272,1,1,25237,1,48271,0.522830,1,21833,21833,21833,22709,27.46123,0.00813,2.35249,0.01214,0,1,3,5243.460312,5089.477324,5089.477324,-0.014093,-0.010323,14.947092,3754,0.000691,0.076622,19858,8451,4466,2966,2000,1473,1084,786,7186,1,1,1,1
22.4000,2272,1,1,25093,1,48091,0.521792,120,9,564,564,408086,27.49570,0.00813,2.35249,0.01214,0,1,3,4.044030,3.629979,3.629979,-0.029735,-0.029120,14.929406,3641,0.001951,0.074404,19906,8153,4442,2877,2040,1405,1129,833,7305,1,1,1,1
23.0000,2272,1,1,25561,1,49116,0.520432,1,11,11,308,3677357,27.91183,0.00813,2.35249,0.01214,0,1,3,2.542860,2.282275,2.282275,-0.237699,-0.237288,14.723957,2277,0.016116,0.047180,20723,8157,4556,2873,1857,1479,1121,923,7426,1,1,1,1
23.9000,2272,1,1,25875,1,49692,0.520718,1,1,9,46,196146,28.53542,0.00813,2.35249,0.01214,0,0,3,1.501289,1.061632,1.061632,-0.549320,-0.549141,14.411855,233,0.038103,0.004932,20480,8423,4567,3015,2040,1472,1116,847,7731,1,1,1,1
22.3500,2273,1,1,25037,1,48005,0.521561,4,5,24,428,1192697,27.45670,0.00816,2.35415,0.01963,0,1,3,3.366023,2.592386,2.592386,-0.014564,-0.014030,14.945917,3752,0.000939,0.076554,19909,8130,4554,2760,1943,1454,1066,846,7342,1,1,1,1
22.4000,2273,1,1,25221,1,48337,0.521785,1,1,94,282,110111,27.49147,0.00816,2.35415,0.01963,0,1,3,1.619425,1.227407,1.227407,-0.031770,-0.031558,14.929577,3638,0.002114,0.074309,20261,8022,4560,2818,1959,1435,1098,835,7348,1,1,1,1
23.0000,2273,1,1,25467,1,48746,0.522454,1,3,11,1080,78789,27.90741,0.00816,2.35415,0.01963,0,0,3,2.247622,1.710456,1.710456,-0.239827,-0.239471,14.721297,2274,0.016267,0.047105,20165,8306,4476,2850,1922,1457,1124,928,7517,1,1,1,1
23.9000,2273,1,1,26206,0,50195,0.522094,9,3,36,47,1445251,28.53103,0.00816,2.35415,0.01963,1,1,3,1.303324,1.000000,1.171856,-0.551540,-0.551424,14.409327,231,0.038269,0.004889,20889,8492,4512,3010,2120,1556,1192,864,7559,1,1,1,1
22.3500,2274,1,1,25125,1,48043,0.522980,2,2,12,31,262878,27.44984,0.00915,2.35846,0.02013,0,1,3,1.293564,1.017959,1.017959,-0.017190,-0.017077,14.944089,3755,0.001143,0.076591,19824,8184,4598,2847,1905,1441,1105,803,7335,1,1,1,1
22.4000,2274,1,1,25243,1,48399,0.521571,1,7,9,29,32233,27.48459,0.00915,2.35846,0.02013,0,1,3,1.602454,1.453038,1.453038,-0.034643,-0.034435,14.926815,3640,0.002307,0.074331,20177,8201,4539,2880,2011,1396,1068,875,7251,1,1,1,1
23.0000,2274,1,1,25621,1,48999,0.522899,8,4,8,40,459105,27.90066,0.00915,2.35846,0.02013,0,1,3,3.024289,2.410154,2.410154,-0.242789,-0.242302,14.717448,2275,0.016464,0.047118,20370,8337,4566,2932,1922,1450,1051,909,7461,1,1,1,1
23.9000,2274,1,1,26179,1,50366,0.519786,1,57,57,288,59599,28.52431,0.00915,2.35846,0.02013,0,1,3,11.299230,10.661707,10.661707,-0.554942,-0.553876,14.406101,229,0.038447,0.004845,20838,8702,4737,2944,2059,1484,1129,880,7592,1,1,1,1
22.3500,2275,1,1,25136,0,48223,0.521256,3,34,37,53,77394,27.46172,0.00606,2.34918,0.01464,1,0,2,1.029361,1.000000,1.061073,-0.012997,-0.012984,14.948299,3757,0.000869,0.076576,19889,8296,4499,2851,1948,1434,1118,925,7262,1,1,1,1
22.4000,2275,1,1,25025,1,48054,0.520779,4,4,24,24,32717,27.49645,0.00606,2.34918,0.01464,0,1,3,2.690983,2.098638,2.098638,-0.030517,-0.030082,14.931078,3641,0.002015,0.074297,19965,8032,4454,2836,1937,1438,1121,791,7479,1,1,1,1
23.0000,2275,1,1,25468,0,49016,0.519596,1,22,22,22,116084,27.91234,0.00606,2.34918,0.01464,1,0,2,1.183045,1.000000,4.550199,-0.238633,-0.238559,14.722655,2277,0.016204,0.047122,20258,8372,4548,3013,1966,1501,1081,813,7463,1,1,1,1
23.9000,2275,1,1,25944,0,49917,0.519753,1,5,31,318,366358,28.53602,0.00606,2.34918,0.01464,1,1,2,1.390849,1.000000,2.963182,-0.550378,-0.550233,14.410833,229,0.038182,0.004842,20614,8439,4629,2901,2028,1528,1137,950,7690,1,1,1,1
22.3500,2276,1,1,25126,0,48305,0.520164,1,34,253,253,61147,27.45635,0.00636,2.34193,0.01433,1,1,2,1.354472,1.000000,14.513836,-0.016002,-0.015869,14.944967,3757,0.001062,0.076560,20011,8235,4481,2865,1960,1435,1196,843,7278,1,1,1,1
22.4000,2276,1,1,25457,1,48578,0.524055,5,16,43,119,143692,27.49107,0.00636,2.34193,0.01433,0,1,3,5.907085,5.442914,5.442914,-0.033146,-0.032365,14.927366,3645,0.002168,0.074365,20285,8235,4542,2945,1991,1436,1071,881,7191,1,1,1,1
23.0000,2276,1,1,25440,0,49039,0.518781,2,6,60,90,192290,27.90708,0.00636,2.34193,0.01433,1,0,2,1.254769,1.000000,2.124177,-0.240942,-0.240842,14.720334,2277,0.016361,0.047108,20428,8230,4624,2870,1978,1467,1065,869,7507,1,1,1,1
23.9000,2276,1,1,26157,1,50158,0.521502,1,29,786,786,39696,28.53079,0.00636,2.34193,0.01433,0,1,3,15.777580,13.372378,13.372378,-0.553203,-0.551991,14.407843,232,0.038312,0.004904,20831,8490,4655,2880,2098,1499,1079,944,7681,1,1,1,1
22.3500,2277,1,1,25116,0,48083,0.522358,1,1,12,62,48804,27.44631,0.01142,2.33150,0.01394,1,1,3,1.385045,1.000000,1.018215,-0.017802,-0.017659,14.943232,3756,0.001182,0.076514,19889,8179,4522,2789,1899,1439,1091,871,7403,1,1,1,1
22.4000,2277,1,1,25083,1,48250,0.519866,37,2,49,159,30610,27.48101,0.01142,2.33150,0.01394,0,1,3,1.085640,1.035012,1.035012,-0.035133,-0.035097,14.924510,3645,0.002352,0.074346,19929,8306,4485,2828,1981,1412,1097,840,7371,1,1,1,1
23.0000,2277,1,1,25340,0,49079,0.516321,1,22,22,22,30853,27.89714,0.01142,2.33150,0.01394,1,1,2,1.047964,1.000000,1.219336,-0.243245,-0.243225,14.716729,2274,0.016527,0.047037,20451,8184,4577,2903,2032,1465,1148,901,7417,1,1,1,1
23.9000,2277,1,1,26211,1,50356,0.520524,1,4,132,196,200406,28.52088,0.01142,2.33150,0.01394,0,1,3,3.472602,2.511941,2.511941,-0.555289,-0.554743,14.406528,225,0.038506,0.004754,20911,8477,4696,3110,2066,1485,1182,878,7550,1,1,1,1
22.3500,2278,1,1,25074,0,48168,0.520564,2,1790,1790,1790,37738,27.43789,0.00960,2.32945,0.01912,1,1,2,1.155137,1.000000,299.395705,-0.024365,-0.024302,14.936925,3760,0.001627,0.076595,20027,8179,4464,2847,1928,1433,1141,900,7248,1,1,1,1
22.4000,2278,1,1,25054,0,48184,0.519976,4,2,13,101,263024,27.47258,0.00960,2.32945,0.01912,1,0,3,1.307525,1.000000,1.146532,-0.040483,-0.040365,14.920779,3650,0.002705,0.074434,20094,8161,4388,2840,1975,1380,1069,878,7398,1,1,1,1
23.0000,2278,1,1,25475,1,49031,0.519580,1,7,19,22,782701,27.88853,0.00960,2.32945,0.01912,0,1,3,2.742924,2.345707,2.345707,-0.248618,-0.248175,14.713046,2281,0.016868,0.047173,20233,8380,4631,2850,2053,1506,1128,833,7416,1,1,1,1
23.9000,2278,1,1,26240,0,50577,0.518823,1,4,14,24,83991,28.51230,0.00960,2.32945,0.01912,1,1,2,1.414104,1.000000,2.493073,-0.560518,-0.560366,14.400621,229,0.038913,0.004839,21098,8687,4740,2920,2089,1446,1157,900,7539,1,1,1,1
22.3500,2279,1,1,25228,0,48288,0.522459,1,3,7,485,116016,27.44963,0.00605,2.33404,0.01393,1,1,2,1.413853,1.000000,2.236526,-0.019088,-0.018937,14.942047,3760,0.001267,0.076535,19864,8353,4489,2848,1948,1544,1115,860,7266,1,1,1,1
22.4000,2279,1,1,25037,1,48332,0.518032,1,12,19,193,33476,27.48430,0.00605,2.33404,0.01393,0,0,3,3.866535,3.085696,3.085696,-0.036499,-0.035906,14.924762,3646,0.002406,0.074300,20095,8308,4470,2843,1897,1423,1121,877,7297,1,1,1,1
23.0000,2279,1,1,25527,1,49115,0.519750,1,18,18,821,1649942,27.90037,0.00605,2.33404,0.01393,0,0,3,3.596909,2.887427,2.887427,-0.244518,-0.243957,14.716698,2278,0.016577,0.047079,20466,8337,4605,2789,1995,1470,1123,846,7483,1,1,1,1
23.9000,2279,1,1,26317,1,50635,0.519750,1,1,10,51,90897,28.52417,0.00605,2.33404,0.01393,0,1,3,1.526025,1.080273,1.080273,-0.556197,-0.556012,14.405001,227,0.038599,0.004793,21157,8554,4777,2959,2064,1561,1193,849,7520,1,1,1,1
22.3500,2280,1,1,24828,0,47919,0.518135,25,5,25,66,745554,27.45052,0.00635,2.33117,0.01603,1,1,2,1.387310,1.000000,2.420420,-0.018703,-0.018560,14.942337,3763,0.001242,0.076561,19661,8260,4563,2769,1864,1389,1108,884,7420,1,1,1,1
22.4000,2280,1,1,25141,1,48164,0.521998,1,13,32,170,222172,27.48518,0.00635,2.33117,0.01603,0,1,3,9.626526,7.233308,7.233308,-0.036277,-0.035283,14.924882,3649,0.002364,0.074328,20040,8083,4457,2853,1908,1425,1095,903,7399,1,1,1,1
23.0000,2280,1,1,25539,1,49150,0.519624,3,16,17,959,35029240,27.90107,0.00635,2.33117,0.01603,0,0,3,2.969733,2.668364,2.668364,-0.244002,-0.243525,14.716797,2282,0.016547,0.047140,20402,8450,4532,2847,1944,1431,1138,893,7512,1,1,1,1
23.9000,2280,1,1,26212,0,50096,0.523246,11,12,29,51,113008,28.52490,0.00635,2.33117,0.01603,1,1,2,1.328184,1.000000,4.741975,-0.556044,-0.555920,14.404874,229,0.038592,0.004833,20736,8509,4711,2976,1999,1424,1136,889,7715,1,1,1,1
22.3500,2281,1,1,25159,1,48496,0.518796,1,4,25,60,58482,27.45258,0.00665,2.32897,0.01667,0,0,3,2.098470,1.677560,1.677560,-0.017342,-0.017017,14.943648,3761,0.001139,0.076480,20220,8254,4508,2877,1985,1383,1090,852,7326,1,1,1,1
22.4000,2281,1,1,25038,0,48208,0.519385,3,8,41,50,50822,27.48722,0.00665,2.32897,0.01667,1,1,2,1.408045,1.000000,4.193028,-0.034865,-0.034715,14.926318,3647,0.002326,0.074248,19933,8247,4529,2748,1888,1467,1052,895,7448,1,1,1,1
23.0000,2281,1,1,25358,0,49027,0.517236,1,2,27,44,506559,27.90323,0.00665,2.32897,0.01667,1,0,3,1.327054,1.000000,1.083112,-0.242573,-0.242449,14.718682,2278,0.016472,0.047031,20324,8348,4525,2890,1962,1420,1074,921,7562,1,1,1,1
23.9000,2281,1,1,26249,1,50337,0.521476,1,101,101,946,16001,28.52679,0.00665,2.32897,0.01667,0,1,3,2.642737,2.037992,1.931749,-0.554477,-0.554051,14.407101,226,0.038457,0.004767,20871,8564,4669,3003,2085,1492,1156,863,7633,1,1,1,1
22.3500,2282,1,1,25266,0,48351,0.522565,4,3,8,16,129829,27.46543,0.00486,2.33938,0.01694,1,1,2,1.387463,1.000000,1.854750,-0.011727,-0.011583,14.949489,3763,0.000775,0.076457,20101,8154,4639,2748,2018,1442,1071,865,7312,1,1,1,1
22.4000,2282,1,1,25236,0,48487,0.520480,18,38,38,38,209897,27.50006,0.00486,2.33938,0.01694,1,1,2,1.414187,1.000000,19.500488,-0.029556,-0.029404,14.931587,3650,0.001969,0.074250,20118,8354,4487,2835,1962,1416,1113,880,7321,1,1,1,1
23.0000,2282,1,1,25871,1,49414,0.523567,1,10,10,50,102608,27.91619,0.00486,2.33938,0.01694,0,0,3,3.224059,2.630516,2.630516,-0.237183,-0.236670,14.723949,2279,0.016074,0.047014,20714,8439,4489,2912,1990,1474,1172,841,7382,1,1,1,1
23.9000,2282,1,1,26088,0,50305,0.518607,2,3,7,40,18397,28.53978,0.00486,2.33938,0.01694,1,1,2,1.407315,1.000000,1.855286,-0.548900,-0.548751,14.412198,226,0.038075,0.004763,20951,8565,4626,2834,2036,1550,1140,880,7722,1,1,1,1
22.3500,2283,1,1,25260,0,48230,0.523751,4,12,24,25,225189,27.48068,0.00364,2.34617,0.01454,1,1,2,1.413316,1.000000,6.498238,-0.005182,-0.005031,14.955979,3772,0.000336,0.076573,20069,8193,4430,2813,1938,1419,1094,878,7395,1,1,1,1
22.4000,2283,1,1,25255,1,48352,0.522326,17,14,17,425,400635,27.51529,0.00364,2.34617,0.01454,0,1,3,1.942790,1.401000,1.267885,-0.022123,-0.021832,14.939242,3656,0.001461,0.074301,20049,8276,4410,2932,1922,1406,1129,871,7356,1,1,1,1
23.0000,2283,1,1,25582,0,49198,0.519991,1,3,5,25,199606,27.93124,0.00364,2.34617,0.01454,1,1,3,1.218529,1.000000,1.140516,-0.230067,-0.229980,14.730625,2286,0.015612,0.047117,20397,8279,4782,2910,2011,1459,1092,874,7393,1,1,1,1
23.9000,2283,1,1,26157,1,50362,0.519390,2,9,9,29,65567,28.55486,0.00364,2.34617,0.01454,0,0,3,2.152610,1.774435,1.774435,-0.541988,-0.541652,14.418941,235,0.037565,0.004948,21026,8424,4628,3016,1988,1499,1136,939,7705,1,1,1,1
22.3500,2284,1,1,25118,0,48274,0.520332,1,1,10,7973,113132,27.46839,0.01127,2.35069,0.01384,1,0,3,1.383460,1.000000,1.016381,-0.007000,-0.006858,14.954221,3772,0.000459,0.076549,20159,8170,4365,2857,1963,1427,1083,801,7448,1,1,1,1
22.4000,2284,1,1,25070,0,48237,0.519736,1,1,17,17,17355,27.50299,0.01127,2.35069,0.01384,1,0,3,1.406860,1.000000,1.235686,-0.024343,-0.024193,14.936844,3659,0.001620,0.074342,19883,8272,4508,2873,1953,1402,1105,861,7379,1,1,1,1
23.0000,2284,1,1,25641,1,49169,0.521498,1,17,17,31,86158,27.91906,0.01127,2.35069,0.01384,0,1,3,8.377977,7.332295,7.332295,-0.232768,-0.231837,14.729447,2287,0.015740,0.047120,20461,8234,4649,2899,1980,1486,1134,889,7436,1,1,1,1
23.9000,2284,1,1,26354,0,50711,0.519700,1,1,35,35,30504,28.54271,0.01127,2.35069,0.01384,1,0,3,1.414152,1.000000,1.014534,-0.544144,-0.543993,14.416998,232,0.037733,0.004884,21175,8766,4608,2949,2007,1453,1213,921,7618,1,1,1,1
22.3500,2285,1,1,24965,1,48087,0.519174,3,4,39,223,45113,27.47550,0.00425,2.36139,0.01673,0,0,3,1.604350,1.351645,1.351645,-0.006910,-0.006703,14.953835,3770,0.000448,0.076477,19883,8223,4513,2717,1906,1471,1065,866,7442,1,1,1,1
22.4000,2285,1,1,25274,0,48420,0.521985,1,16,16,16,250924,27.51039,0.00425,2.36139,0.01673,1,1,2,1.228360,1.000000,4.507646,-0.024617,-0.024527,14.936098,3655,0.001642,0.074232,20159,8277,4418,2786,1892,1517,1096,861,7413,1,1,1,1
23.0000,2285,1,1,25663,1,49487,0.518591,2,2,20,80,71662,27.92628,0.00425,2.36139,0.01673,0,0,3,1.347561,1.017370,1.017370,-0.232236,-0.232105,14.728685,2285,0.015759,0.047061,20683,8563,4490,2819,2025,1393,1122,892,7499,1,1,1,1
23.9000,2285,1,1,26170,0,50368,0.519586,2,7,7,39,68788,28.54996,0.00425,2.36139,0.01673,1,0,2,1.179276,1.000000,1.493515,-0.544159,-0.544087,14.417130,228,0.037739,0.004797,20961,8498,4641,3026,2044,1529,1105,885,7678,1,1,1,1
22.3500,2286,1,1,25414,0,48647,0.522427,4,33,33,33,216664,27.47870,0.00394,2.35849,0.01712,1,0,3,1.029803,1.000000,1.030717,-0.005600,-0.005587,14.955698,3773,0.000374,0.076494,20132,8388,4590,2868,1982,1413,1116,862,7295,1,1,1,1
22.4000,2286,1,1,25411,1,48648,0.522355,2,18,18,32,80586,27.51326,0.00394,2.35849,0.01712,0,1,3,3.212573,2.460409,2.398293,-0.023070,-0.022560,14.938587,3659,0.001510,0.074268,20208,8324,4628,2773,1941,1493,1092,840,7348,1,1,1,1
23.0000,2286,1,1,25777,1,49718,0.518475,1,3,33,92,36312,27.92927,0.00394,2.35849,0.01712,0,1,3,1.933525,1.381298,1.381298,-0.230943,-0.230655,14.730399,2287,0.015658,0.047076,20982,8517,4560,2804,1948,1399,1153,898,7456,1,1,1,1
23.9000,2286,1,1,26079,1,50330,0.518170,1,7,7,29,429748,28.55298,0.00394,2.35849,0.01712,0,1,3,1.485862,1.132140,1.132140,-0.542761,-0.542588,14.418555,232,0.037631,0.004879,20947,8532,4706,2940,2048,1504,1029,877,7746,1,1,1,1
22.3500,2287,1,1,25350,0,48538,0.522282,1,24,24,39,34879,27.47771,0.01084,2.35793,0.01419,1,0,2,1.046103,1.000000,1.287637,-0.002576,-0.002557,14.958722,3773,0.000171,0.076445,20239,8245,4516,2818,1919,1420,1150,869,7361,1,1,1,1
22.4000,2287,1,1,25383,1,48492,0.523458,60,31,60,82,72415,27.51226,0.01084,2.35793,0.01419,0,1,3,10.426896,9.682943,9.682943,-0.020309,-0.019284,14.942003,3659,0.001291,0.074219,20096,8249,4520,2837,2010,1429,1090,862,7398,1,1,1,1
23.0000,2287,1,1,25568,0,49075,0.521009,1,120,120,120,29972,27.92839,0.01084,2.35793,0.01419,1,1,2,1.013069,1.000000,1.630493,-0.227981,-0.227975,14.731424,2287,0.015475,0.047052,20321,8338,4565,2845,2033,1440,1094,864,7574,1,1,1,1
23.9000,2287,1,1,26332,0,50603,0.520375,1,2,8,590,84344,28.55213,0.01084,2.35793,0.01419,1,1,3,1.363352,1.000000,1.310081,-0.539796,-0.539660,14.421194,229,0.037421,0.004813,20921,8767,4646,3073,2025,1541,1125,919,7585,1,1,1,1
22.3500,2288,1,1,25222,0,48257,0.522671,1,2,31,33,40098,27.48473,0.00424,2.34553,0.01673,1,1,3,1.339385,1.000000,1.196412,-0.002256,-0.002129,14.958686,3785,0.000142,0.076655,19989,8169,4407,2857,1990,1431,1120,907,7386,1,1,1,1
22.4000,2288,1,1,25344,0,48708,0.520336,5,74,74,74,219456,27.51957,0.00424,2.34553,0.01673,1,1,2,1.165891,1.000000,13.354422,-0.020204,-0.020137,14.940352,3664,0.001348,0.074296,20362,8265,4482,2874,1922,1477,1130,872,7323,1,1,1,1
23.0000,2288,1,1,25725,1,49229,0.522568,3,9,19,134,248534,27.93552,0.00424,2.34553,0.01673,0,1,3,4.446037,3.936350,3.936350,-0.227910,-0.227258,14.732792,2295,0.015425,0.047192,20268,8419,4642,2939,2023,1469,1120,881,7467,1,1,1,1
23.9000,2288,1,1,26361,1,50272,0.524378,6,2,35,57,109166,28.55929,0.00424,2.34553,0.01673,0,1,3,1.572090,1.176728,1.176728,-0.539532,-0.539334,14.420838,236,0.037400,0.004958,20736,8546,4738,2874,2093,1541,1132,896,7715,1,1,1,1
22.3500,2289,1,1,25332,0,48515,0.522159,2,10,50,50,80483,27.49087,0.00454,2.36075,0.01357,1,1,2,1.217658,1.000000,2.653472,0.000592,0.000678,14.961284,3776,-0.000045,0.076426,20053,8273,4504,2932,1975,1482,1089,891,7315,1,1,1,1
22.4000,2289,1,1,25449,1,48493,0.524808,1,7,463,463,199197,27.52539,0.00454,2.36075,0.01357,0,1,3,5.140738,3.894485,3.894485,-0.016752,-0.016037,14.944379,3664,0.001073,0.074243,20171,8192,4502,2861,1962,1450,1079,836,7439,1,1,1,1
23.0000,2289,1,1,25643,1,49423,0.518858,4,18,20,42,58306,27.94146,0.00454,2.36075,0.01357,0,1,3,1.459065,1.273662,1.273662,-0.224543,-0.224378,14.736856,2288,0.015226,0.047014,20660,8374,4581,2893,1939,1444,1094,870,7567,1,1,1,1
23.9000,2289,1,1,26353,1,50584,0.520985,1,1,93,126,306715,28.56526,0.00454,2.36075,0.01357,0,0,3,1.452365,1.039599,1.039599,-0.536376,-0.536213,14.424847,228,0.037173,0.004786,21007,8659,4738,2994,2086,1449,1165,843,7642,1,1,1,1
22.3500,2290,1,1,25288,0,48378,0.522728,1,10,10,684,120866,27.48448,0.00454,2.35705,0.01461,1,1,2,1.414117,1.000000,5.582638,-0.002662,-0.002511,14.958480,3778,0.000168,0.076448,20090,8028,4491,2907,1991,1431,1148,883,7408,1,1,1,1
22.4000,2290,1,1,25167,1,48296,0.521110,1,2,197,197,64224,27.51928,0.00454,2.35705,0.01461,0,1,3,1.675344,1.271490,1.271490,-0.019743,-0.019518,14.941769,3664,0.001306,0.074224,19829,8297,4565,2852,1993,1444,1073,841,7401,1,1,1,1
23.0000,2290,1,1,25526,0,49222,0.518600,1,7,12,239,107567,27.93517,0.00454,2.35705,0.01461,1,1,2,1.233691,1.000000,2.118172,-0.227797,-0.227705,14.732932,2290,0.015456,0.047047,20339,8356,4698,2915,1993,1489,1124,813,7494,1,1,1,1
23.9000,2290,1,1,26394,0,50468,0.522995,2,1,17,68,156365,28.55901,0.00454,2.35705,0.01461,1,1,3,1.409761,1.000000,1.002460,-0.539536,-0.539386,14.421573,228,0.037401,0.004785,20729,8759,4618,3009,2103,1444,1172,874,7759,1,1,1,1
22.3500,2291,1,1,25101,1,48445,0.518145,4,3,9,115,134126,27.47309,0.00424,2.35588,0.02095,0,1,3,2.520082,1.837440,1.837440,-0.008151,-0.007748,14.953507,3780,0.000518,0.076480,20099,8172,4639,2830,1946,1373,1080,891,7414,1,1,1,1
22.4000,2291,1,1,25256,0,48527,0.520463,1,92,92,117,61266,27.50789,0.00424,2.35588,0.02095,1,0,2,1.058538,1.000000,5.643644,-0.025798,-0.025773,14.935500,3669,0.001726,0.074324,20116,8166,4608,2866,1987,1454,1064,915,7350,1,1,1,1
23.0000,2291,1,1,25429,1,49216,0.516692,1,21,21,60,94965,27.92389,0.00424,2.35588,0.02095,0,1,3,5.438875,4.992221,4.992221,-0.233777,-0.233037,14.728227,2290,0.015822,0.047042,20520,8245,4610,2936,1992,1409,1129,879,7495,1,1,1,1
23.9000,2291,1,1,26265,1,50316,0.522011,1,7,9,35,214098,28.54746,0.00424,2.35588,0.02095,0,1,3,2.055945,1.493876,1.446087,-0.545276,-0.544962,14.415917,229,0.037803,0.004806,20750,8471,4761,2961,2066,1584,1171,897,7654,1,1,1,1
22.3500,2292,1,1,25480,0,48882,0.521266,1,3,153,153,89914,27.48303,0.00582,2.35780,0.01270,1,1,2,1.305287,1.000000,1.654236,-0.002570,-0.002454,14.958307,3782,0.000164,0.076463,20301,8430,4632,2896,1969,1465,1056,900,7232,1,1,1,1
22.4000,2292,1,1,25302,0,48357,0.523244,2,22,22,752,153018,27.51750,0.00582,2.35780,0.01270,1,1,2,1.324735,1.000000,8.806030,-0.020173,-0.020050,14.941085,3669,0.001342,0.074264,19974,8190,4492,2857,1969,1449,1096,831,7498,1,1,1,1
23.0000,2292,1,1,25757,1,49549,0.519839,2,5,10,126,71648,27.93363,0.00582,2.35780,0.01270,0,0,3,2.238544,1.926179,1.926179,-0.227904,-0.227553,14.732928,2293,0.015445,0.047068,20752,8369,4582,2922,2042,1424,1105,855,7497,1,1,1,1
23.9000,2292,1,1,26082,0,50400,0.517510,21,80,80,129,273414,28.55722,0.00582,2.35780,0.01270,1,1,2,1.183964,1.000000,16.168721,-0.540166,-0.540092,14.420442,231,0.037453,0.004844,20828,8588,4686,2953,2026,1538,1147,891,7742,1,1,1,1
22.3500,2293,1,1,25061,1,48339,0.518453,1,5,45,45,114612,27.48194,0.00898,2.36979,0.01360,0,0,3,1.912399,1.465942,1.465942,-0.001402,-0.001119,14.959642,3779,0.000075,0.076362,19888,8295,4508,2927,1932,1476,1114,916,7282,1,1,1,1
22.4000,2293,1,1,25310,0,48517,0.521684,1,20,20,143,123402,27.51670,0.00898,2.36979,0.01360,1,1,2,1.160244,1.000000,3.614917,-0.018981,-0.018916,14.941560,3669,0.001266,0.074229,20100,8283,4514,2919,1924,1392,1086,829,7469,1,1,1,1
23.0000,2293,1,1,25669,1,49371,0.519931,1,5,27,27,901042,27.93265,0.00898,2.36979,0.01360,0,1,3,4.378795,3.284807,3.284807,-0.226936,-0.226292,14.734940,2288,0.015358,0.046938,20307,8525,4645,2967,1964,1512,1084,902,7464,1,1,1,1
23.9000,2293,1,1,26333,1,50453,0.521942,1,5,271,271,74140,28.55627,0.00898,2.36979,0.01360,0,0,3,2.624497,1.924281,1.924281,-0.538625,-0.538204,14.422653,225,0.037317,0.004716,20880,8574,4739,2879,2044,1540,1141,961,7694,1,1,1,1
22.3500,2294,1,1,25234,0,48526,0.520021,2,17,31,75,150372,27.49543,0.00597,2.37450,0.01439,1,1,2,1.266028,1.000000,5.413752,0.003663,0.003766,14.964939,3789,-0.000252,0.076504,20124,8156,4495,2911,1992,1526,1077,884,7360,1,1,1,1
22.4000,2294,1,1,25190,0,48463,0.519789,61,2,61,61,38937,27.53018,0.00597,2.37450,0.01439,1,1,3,1.398061,1.000000,1.140709,-0.013369,-0.013223,14.947836,3672,0.000885,0.074226,19902,8302,4619,2832,1988,1409,1060,906,7444,1,1,1,1
23.0000,2294,1,1,25578,0,49214,0.519741,1,12,14,25,51683,27.94625,0.00597,2.37450,0.01439,1,1,2,1.407990,1.000000,6.499804,-0.221786,-0.221637,14.739317,2295,0.015037,0.047048,20443,8386,4497,2910,1957,1460,1102,894,7564,1,1,1,1
23.9000,2294,1,1,26454,0,50641,0.522393,7,24,24,59,219656,28.56990,0.00597,2.37450,0.01439,1,1,2,1.159875,1.000000,4.219249,-0.533517,-0.533452,14.427776,231,0.036974,0.004838,21084,8570,4711,2961,2090,1539,1095,837,7753,1,1,1,1
22.3500,2295,1,1,25319,1,48479,0.522278,6,26,27,89,288521,27.48972,0.00774,2.35731,0.01329,0,1,3,5.038029,4.871887,4.871887,0.001517,0.002222,14.963513,3786,-0.000148,0.076417,20102,8204,4467,2940,1967,1429,1080,894,7395,1,1,1,1
22.4000,2295,1,1,25402,0,48615,0.522524,1,30,30,30,305392,27.52446,0.00774,2.35731,0.01329,1,1,2,1.045094,1.000000,1.485985,-0.015585,-0.015565,14.944375,3671,0.001042,0.074191,20178,8242,4480,2906,1930,1503,1149,841,7385,1,1,1,1
23.0000,2295,1,1,25586,0,49197,0.520083,1,31,60,60,64797,27.94034,0.00774,2.35731,0.01329,1,1,2,1.381376,1.000000,14.868737,-0.224037,-0.223896,14.736994,2294,0.015193,0.047014,20332,8315,4546,2911,2025,1531,1098,887,7551,1,1,1,1
23.9000,2295,1,1,26258,0,50559,0.519364,11,2,11,25,49105,28.56403,0.00774,2.35731,0.01329,1,1,3,1.369384,1.000000,1.119242,-0.535309,-0.535172,14.425695,229,0.037099,0.004794,20957,8626,4634,2989,2106,1580,1072,881,7713,1,1,1,1
22.3500,2296,1,1,25259,1,48705,0.518623,9,4,18,253,74518,27.48648,0.00551,2.35670,0.01342,0,0,3,1.249886,1.149143,1.149143,-0.000796,-0.000698,14.959525,3793,0.000047,0.076545,20204,8282,4595,2875,1962,1468,1115,875,7328,1,1,1,1
22.4000,2296,1,1,25222,0,48625,0.518715,1,1,2,99,355325,27.52120,0.00551,2.35670,0.01342,1,0,3,1.414214,1.000000,1.227540,-0.018158,-0.018007,14.942991,3675,0.001205,0.074246,20106,8252,4450,2971,1964,1497,1101,903,7380,1,1,1,1
23.0000,2296,1,1,25596,0,49279,0.519420,2,5,7,28,123313,27.93721,0.00551,2.35670,0.01342,1,1,2,1.404298,1.000000,2.858347,-0.226360,-0.226212,14.734730,2297,0.015352,0.047062,20504,8327,4515,2863,1943,1541,1125,933,7527,1,1,1,1
23.9000,2296,1,1,26384,0,50706,0.520343,1,8,60,134,77654,28.56092,0.00551,2.35670,0.01342,1,1,2,1.344371,1.000000,3.661009,-0.538270,-0.538141,14.422979,231,0.037311,0.004835,20889,8751,4683,2980,2088,1470,1166,971,7707,1,1,1,1
22.3500,2297,1,1,25355,1,48630,0.521397,2,70,70,190,109994,27.48284,0.01225,2.35826,0.01328,0,1,3,41.947866,33.899455,33.899455,0.000124,0.001751,14.960990,3788,-0.000117,0.076404,20269,8170,4488,2822,2017,1467,1059,912,7425,1,1,1,1
22.4000,2297,1,1,25137,1,48571,0.517542,4,15,15,21,1878792,27.51754,0.01225,2.35826,0.01328,0,1,3,2.481899,1.987000,1.987000,-0.016606,-0.016211,14.944973,3673,0.001085,0.074164,20143,8162,4623,2863,1953,1442,1044,891,7449,1,1,1,1
23.0000,2297,1,1,25846,0,49633,0.520753,3,222,222,335,142321,27.93367,0.01225,2.35826,0.01328,1,1,2,1.133930,1.000000,31.888579,-0.225279,-0.225224,14.736017,2294,0.015284,0.046976,20555,8608,4597,2909,1959,1486,1066,907,7545,1,1,1,1
23.9000,2297,1,1,26309,1,50643,0.519509,1,4,7,191,29436,28.55742,0.01225,2.35826,0.01328,0,0,3,2.369885,1.786989,1.786989,-0.536522,-0.536146,14.424651,227,0.037169,0.004749,21003,8602,4759,2989,2021,1500,1108,910,7750,1,1,1,1
22.3500,2298,1,1,25169,1,48563,0.518286,1,8,21,848,216727,27.48426,0.00581,2.34425,0.01327,0,1,3,4.080296,3.430152,3.430152,-0.002086,-0.001474,14.958977,3790,0.000099,0.076421,20177,8239,4509,2796,2004,1493,1095,844,7405,1,1,1,1
22.4000,2298,1,1,25523,1,48881,0.522156,136,2,136,136,13746,27.51895,0.00581,2.34425,0.01327,0,1,3,1.712649,1.369907,1.369907,-0.019230,-0.018996,14.939834,3676,0.001272,0.074217,20257,8296,4579,2929,1997,1462,1105,862,7393,1,1,1,1
23.0000,2298,1,1,25709,1,49601,0.518327,1,10,110,113,43116,27.93490,0.00581,2.34425,0.01327,0,1,3,5.850420,4.879730,4.879730,-0.227481,-0.226712,14.733580,2297,0.015387,0.047025,20537,8473,4574,2992,2034,1490,1126,944,7430,1,1,1,1
23.9000,2298,1,1,26326,0,50814,0.518096,1,6,33,229,5697556,28.55867,0.00581,2.34425,0.01327,1,1,2,1.376644,1.000000,3.266152,-0.539279,-0.539140,14.421742,227,0.037384,0.004748,21342,8336,4768,2964,2045,1499,1147,853,7859,1,1,1,1
22.3500,2299,1,1,25410,0,48861,0.520057,1,62,62,62,68300,27.48807,0.00392,2.34765,0.01431,1,1,2,1.120411,1.000000,8.111248,-0.001205,-0.001156,14.959203,3793,0.000077,0.076447,20420,8193,4619,2868,1939,1430,1118,837,7436,1,1,1,1
22.4000,2299,1,1,25430,0,48917,0.519871,10,13,19,41,105536,27.52274,0.00392,2.34765,0.01431,1,1,2,1.218852,1.000000,3.308343,-0.018345,-0.018258,14.942354,3678,0.001222,0.074213,20381,8235,4558,2924,1987,1401,1113,936,7381,1,1,1,1
23.0000,2299,1,1,25859,1,49687,0.520448,1,12,393,393,192018,27.93881,0.00392,2.34765,0.01431,0,0,3,3.178943,2.498989,2.498989,-0.226318,-0.225815,14.734894,2298,0.015325,0.047021,20552,8548,4649,3005,1979,1420,1140,917,7476,1,1,1,1
23.9000,2299,1,1,26418,0,50863,0.519405,1,1736,1736,1736,68096,28.56262,0.00392,2.34765,0.01431,1,1,2,1.408507,1.000000,854.662401,-0.539490,-0.539341,14.421616,229,0.037398,0.004787,21015,8760,4853,2897,2148,1494,1141,921,7633,1,1,1,1
22.3500,2300,1,1,25379,1,48748,0.520627,4,3,13,86,45947,27.49050,0.00422,2.36043,0.01485,0,1,3,2.090318,1.763002,1.763002,0.000295,0.000616,14.960926,3795,-0.000041,0.076445,20348,8122,4593,2833,1978,1479,1134,899,7361,1,1,1,1
22.4000,2300,1,1,25455,1,48821,0.521405,3,3,71,71,28251,27.52515,0.00422,2.36043,0.01485,0,1,3,2.474062,1.912459,1.912459,-0.017051,-0.016657,14.944536,3679,0.001115,0.074190,20390,8180,4597,2812,1984,1469,1110,863,7415,1,1,1,1
23.0000,2300,1,1,25956,0,49772,0.521509,1,1,395,395,153798,27.94104,0.00422,2.36043,0.01485,1,0,3,1.412096,1.000000,1.025380,-0.224862,-0.224712,14.736310,2299,0.015249,0.047016,20679,8557,4681,2884,1952,1464,1126,916,7512,1,1,1,1
23.9000,2300,1,1,26359,1,50447,0.522519,1,7,27,211,30296,28.56487,0.00422,2.36043,0.01485,0,1,3,1.957542,1.384523,1.129896,-0.536797,-0.536505,14.424503,235,0.037194,0.004910,20801,8517,4712,2988,2072,1507,1154,899,7796,1,1,1,1
22.3500,2301,1,1,25360,0,48799,0.519693,1,1339,1339,1339,35513,27.48017,0.00832,2.34776,0.01574,1,1,2,1.367293,1.000000,582.585740,-0.003975,-0.003839,14.957262,3795,0.000257,0.076431,20249,8287,4607,2867,2004,1473,1101,850,7360,1,1,1,1
22.4000,2301,1,1,25341,1,48809,0.519198,7,82,1454,1454,32148,27.51481,0.00832,2.34776,0.01574,0,0,3,1.605106,1.485384,1.485384,-0.019998,-0.019792,14.940399,3677,0.001325,0.074138,20311,8294,4525,2866,2003,1453,1066,855,7435,1,1,1,1
23.0000,2301,1,1,25687,1,49292,0.521130,12,10,12,117,276654,27.93082,0.00832,2.34776,0.01574,0,1,3,1.718907,1.256211,1.244380,-0.227946,-0.227711,14.733389,2297,0.015455,0.046964,20523,8254,4450,2900,1947,1479,1167,933,7638,1,1,1,1
23.9000,2301,1,1,26399,1,50864,0.519022,1,26,147,333,62494,28.55438,0.00832,2.34776,0.01574,0,1,3,1.566065,1.347034,1.347034,-0.539760,-0.539565,14.421663,228,0.037414,0.004762,21266,8452,4725,3030,2145,1535,1130,942,7638,1,1,1,1
22.3500,2302,1,1,25510,0,48819,0.522553,1,5,6,136,54459,27.48839,0.00422,2.37453,0.01459,1,1,2,1.406187,1.000000,2.898902,-0.000660,-0.000512,14.960438,3798,0.000034,0.076442,20342,8291,4568,2890,1988,1404,1072,839,7424,1,1,1,1
22.4000,2302,1,1,25439,1,48747,0.521868,10,5,10,19,54293,27.52301,0.00422,2.37453,0.01459,0,1,3,2.296171,2.063212,2.063212,-0.017899,-0.017538,14.942355,3681,0.001174,0.074177,20286,8226,4611,2858,1951,1411,1136,883,7384,1,1,1,1
23.0000,2302,1,1,25761,1,49582,0.519574,1,5,102,102,16834,27.93914,0.00422,2.37453,0.01459,0,1,3,3.914061,2.945255,2.945255,-0.226041,-0.225448,14.735026,2299,0.015300,0.046979,20450,8419,4750,2842,2143,1464,1128,925,7460,1,1,1,1
23.9000,2302,1,1,26698,0,51151,0.521955,5,2,28,28,93549,28.56273,0.00422,2.37453,0.01459,1,1,3,1.393156,1.000000,1.165400,-0.537624,-0.537480,14.423436,231,0.037264,0.004822,21325,8678,4767,3043,2129,1466,1149,934,7659,1,1,1,1
22.3500,2303,1,1,25623,1,49154,0.521291,11,167,167,338,94805,27.48193,0.00421,2.36700,0.01603,0,1,3,16.128723,15.814227,15.814227,-0.004455,-0.003248,14.958046,3795,0.000217,0.076360,20470,8479,4584,2830,2045,1467,1091,875,7312,1,1,1,1
22.4000,2303,1,1,25607,1,48937,0.523275,3,9,11,286,179240,27.51654,0.00421,2.36700,0.01603,0,1,3,2.204347,1.856595,1.856595,-0.021296,-0.020953,14.940264,3680,0.001402,0.074135,20334,8279,4526,2841,2061,1474,1154,852,7415,1,1,1,1
23.0000,2303,1,1,25836,0,49432,0.522668,2,5,159,159,78391,27.93249,0.00421,2.36700,0.01603,1,0,3,1.173719,1.000000,1.038690,-0.229141,-0.229072,14.732151,2298,0.015549,0.046948,20396,8357,4619,3000,2094,1487,1115,827,7536,1,1,1,1
23.9000,2303,1,1,26488,0,50804,0.521387,1,3,13,27,39148,28.55611,0.00421,2.36700,0.01603,1,1,3,1.228825,1.000000,1.106654,-0.540962,-0.540873,14.419761,226,0.037509,0.004717,21111,8540,4872,2999,2016,1505,1139,909,7712,1,1,1,1
22.3500,2304,1,1,25451,1,48861,0.520896,1,86,86,86,219705,27.48023,0.00451,2.35334,0.01211,0,1,3,26.233423,24.698239,24.698239,-0.005146,-0.003728,14.955878,3810,0.000249,0.076640,20255,8292,4582,2910,2009,1441,1085,894,7392,1,1,1,1
22.4000,2304,1,1,25441,1,48858,0.520724,5,3,18,55,32072,27.51482,0.00451,2.35334,0.01211,0,1,3,1.669750,1.476677,1.476677,-0.021821,-0.021599,14.939650,3694,0.001446,0.074387,20139,8368,4549,2953,1969,1477,1170,923,7309,1,1,1,1
23.0000,2304,1,1,25995,1,49902,0.520931,6,23,23,23,87460,27.93089,0.00451,2.35334,0.01211,0,1,3,2.116453,1.580032,1.507563,-0.229865,-0.229539,14.731587,2311,0.015581,0.047195,20883,8431,4631,2888,2057,1433,1191,879,7508,1,1,1,1
23.9000,2304,1,1,26427,1,50830,0.519920,11,5,11,33,1000222,28.55454,0.00451,2.35334,0.01211,0,1,3,3.861849,2.808650,2.808650,-0.541833,-0.541247,14.420007,243,0.037534,0.005070,20951,8747,4788,2971,2103,1462,1170,909,7728,1,1,1,1
22.3500,2305,1,1,25241,1,48639,0.518956,1,10,10,242,2498940,27.47812,0.00481,2.34344,0.01688,0,0,3,2.939489,2.404920,2.404920,-0.005438,-0.004971,14.955651,3807,0.000332,0.076548,20154,8219,4512,2917,1972,1404,1135,865,7460,1,1,1,1
22.4000,2305,1,1,25468,0,48932,0.520488,4,7,8,25,192230,27.51300,0.00481,2.34344,0.01688,1,1,2,1.335356,1.000000,3.067130,-0.022932,-0.022806,14.938324,3691,0.001527,0.074301,20288,8422,4496,2919,1953,1418,1092,888,7455,1,1,1,1
23.0000,2305,1,1,25855,1,49711,0.520117,2,12,80,105,20792,27.92889,0.00481,2.34344,0.01688,0,1,3,2.614369,2.063016,2.063016,-0.230788,-0.230371,14.730804,2308,0.015639,0.047116,20633,8485,4603,2936,1974,1444,1080,944,7611,1,1,1,1
23.9000,2305,1,1,26447,1,50927,0.519322,20,4,20,205,46956,28.55257,0.00481,2.34344,0.01688,0,1,3,1.370434,1.216857,1.216857,-0.542514,-0.542378,14.418868,234,0.037616,0.004880,21019,8728,4828,3029,2051,1545,1162,902,7662,1,1,1,1
22.3500,2306,1,1,25505,1,48708,0.523641,1,27,27,420,89034,27.48441,0.00481,2.34888,0.01385,0,1,3,17.238683,13.663719,13.663719,-0.002865,-0.001631,14.958276,3808,0.000109,0.076521,20207,8181,4525,2894,2003,1396,1166,883,7452,1,1,1,1
22.4000,2306,1,1,25476,0,48807,0.521985,3,1,12,55,156742,27.51898,0.00481,2.34888,0.01385,1,1,3,1.411663,1.000000,1.046239,-0.019590,-0.019441,14.941533,3693,0.001301,0.074293,20218,8396,4474,2847,1963,1417,1138,908,7445,1,1,1,1
23.0000,2306,1,1,25944,0,49627,0.522790,1,21,21,79,57833,27.93499,0.00481,2.34888,0.01385,1,1,2,1.401462,1.000000,10.646408,-0.228099,-0.227953,14.733103,2309,0.015472,0.047108,20604,8409,4620,2852,2027,1503,1163,873,7575,1,1,1,1
23.9000,2306,1,1,26448,0,50512,0.523609,21,7,21,43,154894,28.55870,0.00481,2.34888,0.01385,1,1,2,1.297272,1.000000,2.688455,-0.539656,-0.539543,14.421211,235,0.037413,0.004898,20934,8393,4794,2930,2064,1522,1172,870,7832,1,1,1,1
22.3500,2307,1,1,25522,0,49055,0.520284,2,57,70,70,38858,27.47914,0.00555,2.34731,0.02133,1,1,2,1.406322,1.000000,28.066601,-0.005181,-0.005033,14.955919,3810,0.000337,0.076540,20356,8480,4553,2810,2030,1512,1132,892,7289,1,1,1,1
22.4000,2307,1,1,25370,0,48701,0.520945,3,8,8,61,173661,27.51370,0.00555,2.34731,0.02133,1,1,2,1.287232,1.000000,2.956073,-0.021966,-0.021857,14.938881,3695,0.001463,0.074315,20163,8151,4634,2909,1971,1424,1091,850,7507,1,1,1,1
23.0000,2307,1,1,25769,1,49696,0.518543,9,24,24,40,200750,27.92982,0.00555,2.34731,0.02133,0,0,3,1.133866,1.037275,1.037275,-0.229806,-0.229752,14.730504,2310,0.015597,0.047116,20595,8629,4588,2925,1979,1418,1067,843,7651,1,1,1,1
23.9000,2307,1,1,26642,0,51012,0.522280,11,15,15,174,67473,28.55357,0.00555,2.34731,0.02133,1,1,2,1.357441,1.000000,6.655194,-0.542081,-0.541948,14.418903,236,0.037586,0.004918,21211,8721,4796,2981,2088,1521,1102,900,7691,1,1,1,1
22.3500,2308,1,1,25524,0,48962,0.521313,1,5,244,1135,3903319,27.47777,0.00684,2.34576,0.01610,1,1,2,1.268965,1.000000,1.803962,-0.004514,-0.004411,14.956297,3815,0.000295,0.076606,20444,8263,4586,2877,1896,1490,1054,862,7489,1,1,1,1
22.4000,2308,1,1,25747,1,49175,0.523590,4,4,30,78,334298,27.51261,0.00684,2.34576,0.01610,0,1,3,2.980077,2.263882,2.263882,-0.021987,-0.021513,14.938516,3696,0.001440,0.074304,20482,8439,4599,2861,1977,1427,1093,885,7411,1,1,1,1
23.0000,2308,1,1,25939,1,49813,0.520738,3,2,10,1041,103903,27.92856,0.00684,2.34576,0.01610,0,1,3,1.817633,1.293835,1.293835,-0.229841,-0.229582,14.730797,2312,0.015585,0.047136,20689,8390,4646,3065,2048,1402,1156,858,7558,1,1,1,1
23.9000,2308,1,1,26641,1,50969,0.522701,3,92,92,387,27921,28.55233,0.00684,2.34576,0.01610,0,0,3,1.421286,1.145632,1.145632,-0.541693,-0.541541,14.419117,235,0.037557,0.004895,21163,8594,4766,3029,2097,1517,1136,871,7795,1,1,1,1
22.3500,2309,1,1,25283,1,48683,0.519350,2,62,62,62,98687,27.47343,0.00839,2.34680,0.01389,0,1,3,3.276912,3.183832,3.183832,-0.006233,-0.005719,14.955569,3809,0.000382,0.076456,20091,8272,4516,2959,1988,1454,1103,874,7425,1,1,1,1
22.4000,2309,1,1,25612,0,48972,0.523003,2,3,6,99,390287,27.50795,0.00839,2.34680,0.01389,1,1,2,1.402558,1.000000,1.839099,-0.023376,-0.023229,14.937712,3695,0.001555,0.074256,20436,8245,4663,2687,2003,1406,1130,866,7535,1,1,1,1
23.0000,2309,1,1,25782,0,49718,0.518575,5,3,3224,3224,261679,27.92402,0.00839,2.34680,0.01389,1,1,3,1.330466,1.000000,1.372306,-0.231336,-0.231212,14.729596,2314,0.015697,0.047160,20635,8434,4618,2883,2060,1455,1066,915,7651,1,1,1,1
23.9000,2309,1,1,26232,0,50700,0.517407,2,2,9,204,42716,28.54782,0.00839,2.34680,0.01389,1,0,3,1.354292,1.000000,1.307393,-0.543232,-0.543101,14.418014,230,0.037668,0.004789,20941,8510,4819,2913,2130,1561,1151,884,7790,1,1,1,1
22.3500,2310,1,1,25329,1,48969,0.517256,2,12,39,40,20165,27.47759,0.00779,2.35439,0.01328,0,0,3,3.674524,3.253227,3.253227,-0.004351,-0.003787,14.956608,3815,0.000253,0.076538,20240,8260,4570,2976,2079,1448,1117,881,7397,1,1,1,1
22.4000,2310,1,1,25295,1,48854,0.517778,4,1,10,44,935623,27.51240,0.00779,2.35439,0.01328,0,1,3,1.375261,1.101075,1.101075,-0.021509,-0.021371,14.939006,3700,0.001431,0.074318,20226,8245,4528,2824,2019,1459,1179,951,7422,1,1,1,1
23.0000,2310,1,1,25986,0,49902,0.520751,1,25,46,46,28433,27.92829,0.00779,2.35439,0.01328,1,1,3,1.039000,1.000000,1.098457,-0.229451,-0.229435,14.730454,2313,0.015576,0.047116,20791,8397,4641,2921,2051,1501,1104,915,7580,1,1,1,1
23.9000,2310,1,1,26926,0,51281,0.525078,6,11,11,240,199125,28.55212,0.00779,2.35439,0.01328,1,1,2,1.131629,1.000000,1.726426,-0.541474,-0.541420,14.418982,234,0.037549,0.004870,21354,8707,4799,3064,2114,1449,1181,873,7739,1,1,1,1
22.3500,2311,1,1,25333,1,48724,0.519939,4,8,8,181,73351,27.46915,0.00906,2.34475,0.01515,0,1,3,3.785538,3.192796,3.192796,-0.007826,-0.007250,14.953981,3818,0.000485,0.076578,20126,8273,4437,2839,2094,1488,1100,922,7444,1,1,1,1
22.4000,2311,1,1,25434,0,49026,0.518797,1,4,162,162,50977,27.50395,0.00906,2.34475,0.01515,1,0,2,1.305770,1.000000,1.898114,-0.025110,-0.024995,14.936157,3699,0.001673,0.074280,20481,8279,4613,2844,1960,1432,1064,856,7496,1,1,1,1
23.0000,2311,1,1,26013,1,49734,0.523053,1,4,20,24,221235,27.91996,0.00906,2.34475,0.01515,0,0,3,2.216616,1.808962,1.808962,-0.233102,-0.232757,14.727873,2312,0.015804,0.047084,20514,8490,4675,2910,1989,1569,1154,901,7531,1,1,1,1
23.9000,2311,1,1,26362,0,50788,0.519070,1,234,234,234,706193,28.54352,0.00906,2.34475,0.01515,1,1,2,1.407283,1.000000,115.499973,-0.545785,-0.545637,14.415320,233,0.037851,0.004848,20915,8934,4627,2956,2014,1471,1089,907,7874,1,1,1,1
22.3500,2312,1,1,25561,1,49046,0.521174,304,24,304,304,1188089,27.46667,0.00808,2.35351,0.01362,0,1,3,14.343726,11.625450,11.625450,-0.010031,-0.008879,14.952401,3818,0.000594,0.076553,20370,8343,4531,2914,1975,1505,1127,927,7353,1,1,1,1
22.4000,2312,1,1,25331,1,48718,0.519962,5,2,18,26,112270,27.50115,0.00808,2.35351,0.01362,0,1,3,1.568367,1.238391,1.238391,-0.026779,-0.026584,14.934593,3707,0.001780,0.074416,20164,8263,4503,2833,1976,1533,1095,888,7462,1,1,1,1
23.0000,2312,1,1,25983,1,49851,0.521224,3,5,15,61,126061,27.91728,0.00808,2.35351,0.01362,0,1,3,3.655269,2.854479,2.854479,-0.235028,-0.234467,14.726780,2315,0.015921,0.047128,20697,8365,4694,2933,1961,1528,1160,906,7606,1,1,1,1
23.9000,2312,1,1,26563,1,51144,0.519387,1,2,149,588,246158,28.54087,0.00808,2.35351,0.01362,0,1,3,2.036284,1.520883,1.520883,-0.546690,-0.546382,14.414881,235,0.037904,0.004888,21204,8668,4782,3019,2200,1515,1161,927,7667,1,1,1,1
22.3500,2313,1,1,25463,1,49099,0.518616,1,10,10,136,75125,27.47516,0.01138,2.35058,0.01302,0,1,3,1.902726,1.410983,1.409423,-0.003557,-0.003279,14.957842,3816,0.000219,0.076452,20483,8388,4570,2863,1863,1432,1107,886,7506,1,1,1,1
22.4000,2313,1,1,25542,0,48948,0.521830,1,6,10,360,12631,27.50992,0.01138,2.35058,0.01302,1,1,3,1.125323,1.000000,1.081768,-0.020881,-0.020830,14.940418,3700,0.001394,0.074215,20334,8280,4585,2934,1982,1407,1088,831,7506,1,1,1,1
23.0000,2313,1,1,25984,0,49981,0.519888,1,3,38,38,72348,27.92587,0.01138,2.35058,0.01302,1,0,2,1.275477,1.000000,1.503561,-0.228935,-0.228830,14.732342,2313,0.015532,0.047049,21035,8210,4677,3003,2003,1452,1144,856,7600,1,1,1,1
23.9000,2313,1,1,26675,1,51317,0.519818,13,8,33,161,125920,28.54950,0.01138,2.35058,0.01302,0,1,3,2.897387,2.674174,2.674174,-0.540877,-0.540417,14.419259,231,0.037479,0.004801,21296,8735,4817,3067,2069,1479,1172,909,7772,1,1,1,1
22.3500,2314,1,1,25405,1,48788,0.520733,17,16,4571,4571,132257,27.48937,0.00837,2.35940,0.01302,0,1,3,7.808442,6.702694,6.702694,0.001797,0.002685,14.963947,3818,-0.000179,0.076428,20266,8237,4436,2887,2034,1463,1052,922,7490,1,1,1,1
22.4000,2314,1,1,25422,0,48817,0.520772,4,34,34,131,37561,27.52412,0.00837,2.35940,0.01302,1,1,2,1.145115,1.000000,5.390628,-0.015530,-0.015471,14.944974,3702,0.001035,0.074200,20105,8327,4548,2963,1864,1539,1117,901,7452,1,1,1,1
23.0000,2314,1,1,26171,1,50196,0.521387,1,2,106,129,55486,27.94019,0.00837,2.35940,0.01302,0,1,3,1.540455,1.091817,1.050907,-0.223189,-0.223002,14.738029,2314,0.015131,0.047031,20864,8726,4682,2965,1975,1450,1133,845,7555,1,1,1,1
23.9000,2314,1,1,26669,1,51356,0.519307,17,2,29,51,256495,28.56384,0.00837,2.35940,0.01302,0,1,3,1.506435,1.095737,1.095737,-0.535046,-0.534869,14.424890,231,0.037080,0.004797,21314,8825,4795,2988,2108,1562,1158,944,7661,1,1,1,1
22.3500,2315,1,1,25490,0,48817,0.522165,183,15,183,251,81578,27.48474,0.00747,2.36960,0.01355,1,1,2,1.164874,1.000000,2.817400,-0.000974,-0.000908,14.960321,3823,0.000061,0.076513,20222,8204,4551,2850,2025,1464,1167,901,7432,1,1,1,1
22.4000,2315,1,1,25640,0,49004,0.523233,3,3,143,143,75434,27.51947,0.00747,2.36960,0.01355,1,1,3,1.213657,1.000000,1.024250,-0.018106,-0.018022,14.942587,3708,0.001206,0.074300,20372,8286,4678,2877,1951,1444,1088,862,7445,1,1,1,1
23.0000,2315,1,1,25835,1,49786,0.518931,1,70,70,70,35643,27.93536,0.00747,2.36960,0.01355,0,1,3,23.241378,21.461379,21.461379,-0.226726,-0.225367,14.734534,2318,0.015295,0.047103,20577,8448,4614,2965,2036,1480,1105,890,7670,1,1,1,1
23.9000,2315,1,1,26617,1,51208,0.519792,1,23,23,46,58718,28.55905,0.00747,2.36960,0.01355,0,1,3,15.754790,11.969896,11.969896,-0.538441,-0.537250,14.422698,235,0.037250,0.004879,21252,8741,4786,3049,2050,1580,1147,910,7692,1,1,1,1
22.3500,2316,1,1,25611,1,49293,0.519577,1,21,55,292,68698,27.47265,0.01025,2.34305,0.01758,0,1,3,14.639842,10.890500,10.890500,-0.005821,-0.004662,14.955201,3825,0.000312,0.076547,20463,8443,4597,2943,2049,1423,1108,892,7374,1,1,1,1
22.4000,2316,1,1,25703,1,49386,0.520462,2,11,151,151,55793,27.50736,0.01025,2.34305,0.01758,0,1,3,6.370032,5.296582,5.296582,-0.023023,-0.022224,14.939072,3709,0.001488,0.074305,20633,8303,4592,2930,2063,1471,1078,908,7407,1,1,1,1
23.0000,2316,1,1,25957,1,49988,0.519275,1,2,34,34,62760,27.92337,0.01025,2.34305,0.01758,0,0,3,1.628019,1.218530,1.218530,-0.230710,-0.230499,14.730320,2325,0.015648,0.047239,20892,8433,4612,2900,2056,1448,1162,854,7630,1,1,1,1
23.9000,2316,1,1,26616,0,51029,0.521596,3,11,130,301,7992524,28.54708,0.01025,2.34305,0.01758,1,0,2,1.208282,1.000000,2.623232,-0.542731,-0.542649,14.418559,238,0.037635,0.004940,21051,8641,4762,3034,2122,1559,1135,952,7772,1,1,1,1
22.3500,2317,1,1,25505,1,48957,0.520978,1,23,39,39,670840,27.48206,0.00806,2.34907,0.01330,0,1,3,12.387805,10.515941,10.515941,-0.002097,-0.001011,14.960262,3823,0.000068,0.076448,20193,8399,4631,2772,1971,1526,1162,926,7376,1,1,1,1
22.4000,2317,1,1,25424,0,49111,0.517695,3,7,248,248,45179,27.51676,0.00806,2.34907,0.01330,1,0,2,1.214696,1.000000,1.738011,-0.019058,-0.018975,14.942231,3707,0.001270,0.074218,20405,8230,4552,2941,2050,1474,1105,891,7462,1,1,1,1
23.0000,2317,1,1,25943,1,49997,0.518902,2,8,8,410,588219,27.93289,0.00806,2.34907,0.01330,0,1,3,5.532176,4.350293,4.350293,-0.227321,-0.226583,14.733510,2316,0.015379,0.047025,20716,8499,4730,2971,1999,1455,1095,892,7639,1,1,1,1
23.9000,2317,1,1,26727,1,51291,0.521096,2,15,67,67,111216,28.55663,0.00806,2.34907,0.01330,0,1,3,5.843997,5.285030,5.285030,-0.539234,-0.538472,14.421641,231,0.037338,0.004792,21213,8737,4882,3116,2049,1509,1174,917,7693,1,1,1,1
22.3500,2318,1,1,25571,1,48998,0.521889,8,2,51,87,225474,27.49034,0.00776,2.34461,0.01680,0,1,3,1.548652,1.209166,1.209166,0.002166,0.002355,14.962454,3830,-0.000157,0.076543,20276,8375,4475,2851,1938,1479,1117,932,7554,1,1,1,1
22.4000,2318,1,1,25595,1,49059,0.521729,4,5,12,35,75000,27.52502,0.00776,2.34461,0.01680,0,0,3,1.664365,1.475917,1.475917,-0.015221,-0.015001,14.945392,3710,0.001004,0.074230,20266,8315,4580,2909,2019,1427,1128,877,7537,1,1,1,1
23.0000,2318,1,1,26107,1,50060,0.521525,4,11,915,915,27782,27.94097,0.00776,2.34461,0.01680,0,0,3,2.660592,2.451343,2.451343,-0.223304,-0.222882,14.737344,2320,0.015124,0.047074,20790,8544,4736,2884,2002,1500,1118,883,7602,1,1,1,1
23.9000,2318,1,1,26473,1,50980,0.519292,3,98,98,98,250635,28.56475,0.00776,2.34461,0.01680,0,1,3,3.191655,2.666070,2.657332,-0.535206,-0.534706,14.426509,233,0.037064,0.004830,20980,8740,4667,3089,2096,1522,1170,915,7800,1,1,1,1
22.3500,2319,1,1,25483,1,49073,0.519298,1,4,18,54,92370,27.48550,0.01507,2.34930,0.01726,0,0,3,2.051456,1.588711,1.588711,0.003449,0.003759,14.964508,3826,-0.000251,0.076420,20488,8175,4501,2866,2029,1540,1094,884,7495,1,1,1,1
22.4000,2319,1,1,25373,1,48813,0.519811,1,7253,7253,7253,154076,27.52018,0.01507,2.34930,0.01726,0,1,3,8.352468,8.096039,8.096039,-0.014239,-0.013323,14.947966,3710,0.000891,0.074185,20224,8232,4499,2854,1967,1420,1173,900,7543,1,1,1,1
23.0000,2319,1,1,26230,0,50149,0.523052,1,193,193,193,95293,27.93624,0.01507,2.34930,0.01726,1,1,2,1.055827,1.000000,11.167064,-0.222342,-0.222318,14.737729,2318,0.015085,0.047012,20726,8433,4921,2889,2057,1561,1174,903,7484,1,1,1,1
23.9000,2319,1,1,26715,1,51419,0.519565,2,20,3153,3153,107992,28.56005,0.01507,2.34930,0.01726,0,1,3,1.252745,1.218986,1.218986,-0.533766,-0.533668,14.427623,234,0.036989,0.004848,21560,8684,4761,3032,2086,1542,1097,895,7761,1,1,1,1
22.3500,2320,1,1,25557,1,49227,0.519177,1,136,136,136,2388137,27.49226,0.00805,2.34432,0.01253,0,1,3,9.157252,8.817276,8.817276,0.002754,0.003709,14.964995,3832,-0.000248,0.076504,20465,8389,4546,2916,2055,1399,1099,905,7452,1,1,1,1
22.4000,2320,1,1,25667,1,49364,0.519964,1,21,21,78,29579,27.52692,0.00805,2.34432,0.01253,0,0,3,3.666049,3.001133,3.001133,-0.014341,-0.013781,14.946846,3716,0.000922,0.074279,20478,8503,4510,2838,1987,1448,1164,894,7541,1,1,1,1
23.0000,2320,1,1,26144,0,50228,0.520517,1,5,32,39,91051,27.94281,0.00805,2.34432,0.01253,1,1,2,1.242192,1.000000,1.728687,-0.222167,-0.222073,14.738592,2323,0.015067,0.047090,20914,8649,4581,2971,2007,1473,1190,865,7577,1,1,1,1
23.9000,2320,1,1,26399,1,50878,0.518879,6,11,109,251,155448,28.56664,0.00805,2.34432,0.01253,0,1,3,1.218579,1.054863,1.054863,-0.533977,-0.533892,14.427343,235,0.037006,0.004867,20878,8580,4800,3148,2042,1569,1157,934,7769,1,1,1,1
22.3500,2321,1,1,25540,0,48980,0.521448,1,1,36,36,30593,27.48827,0.01409,2.35403,0.01343,1,1,3,1.323139,1.000000,1.068958,0.004350,0.004470,14.965729,3829,-0.000299,0.076408,20169,8416,4593,2904,1969,1455,1145,840,7488,1,1,1,1
22.4000,2321,1,1,25667,1,49368,0.519922,181,7,181,181,145380,27.52291,0.01409,2.35403,0.01343,0,1,3,3.547243,3.190762,3.190762,-0.013218,-0.012672,14.945796,3713,0.000848,0.074192,20508,8521,4612,2880,1933,1477,1141,862,7433,1,1,1,1
23.0000,2321,1,1,25953,1,50070,0.518345,1,8,28,69,44571,27.93892,0.01409,2.35403,0.01343,0,1,3,4.243583,3.553895,3.553895,-0.221246,-0.220624,14.739859,2320,0.014968,0.047005,20695,8597,4701,2888,2117,1492,1084,922,7573,1,1,1,1
23.9000,2321,1,1,26784,0,51232,0.522808,2,33,126,126,36311,28.56248,0.01409,2.35403,0.01343,1,1,2,1.319704,1.000000,12.553537,-0.533300,-0.533181,14.427964,232,0.036955,0.004802,21251,8662,4762,3061,2092,1487,1152,917,7847,1,1,1,1
22.3500,2322,1,1,25544,0,49095,0.520308,1,101,101,101,66622,27.49014,0.01107,2.35876,0.01752,1,1,2,1.052958,1.000000,5.553531,0.003509,0.003532,14.963559,3832,-0.000236,0.076446,20286,8415,4628,2831,1981,1459,1110,912,7472,1,1,1,1
22.4000,2322,1,1,25751,1,49346,0.521856,10,3,30,30,210533,27.52476,0.01107,2.35876,0.01752,0,1,3,1.599653,1.465579,1.465579,-0.013508,-0.013306,14.946742,3717,0.000890,0.074235,20499,8304,4667,2876,2025,1503,1070,906,7495,1,1,1,1
23.0000,2322,1,1,26114,0,50132,0.520915,1,2,30,30,96394,27.94089,0.01107,2.35876,0.01752,1,0,3,1.296507,1.000000,1.175467,-0.221527,-0.221415,14.739746,2322,0.015022,0.047026,20812,8602,4633,2947,2029,1437,1169,947,7555,1,1,1,1
23.9000,2322,1,1,26699,1,51309,0.520367,1,10,10,153,180864,28.56448,0.01107,2.35876,0.01752,0,0,3,3.153044,2.670576,2.670576,-0.533507,-0.533012,14.427529,233,0.036944,0.004821,21295,8710,4863,2968,2144,1469,1166,897,7796,1,1,1,1
22.3500,2323,1,1,25898,0,49410,0.524156,5,49,57,67,256853,27.49453,0.01076,2.35671,0.01666,1,1,2,1.247738,1.000000,13.786043,0.005166,0.005261,14.966450,3834,-0.000352,0.076438,20678,8310,4575,2921,1987,1493,1116,898,7431,1,1,1,1
22.4000,2323,1,1,25844,0,49635,0.520691,37,2,37,37,91301,27.52914,0.01076,2.35671,0.01666,1,1,3,1.376717,1.000000,1.220315,-0.011618,-0.011480,14.949409,3716,0.000768,0.074170,20860,8323,4577,2908,2065,1469,1160,894,7378,1,1,1,1
23.0000,2323,1,1,26121,1,50094,0.521450,1,9,43,43,491885,27.94509,0.01076,2.35671,0.01666,0,1,3,4.141206,3.765937,3.765937,-0.219834,-0.219223,14.742079,2322,0.014871,0.046998,20800,8534,4581,2993,2044,1428,1096,923,7694,1,1,1,1
23.9000,2323,1,1,26711,1,51449,0.519184,1,12,16,224,546215,28.56871,0.01076,2.35671,0.01666,0,1,3,2.225710,1.593151,1.391112,-0.531430,-0.531086,14.429982,232,0.036804,0.004797,21500,8747,4774,3051,2040,1550,1149,925,7712,1,1,1,1
22.3500,2324,1,1,25627,1,49139,0.521531,2,4,4,212,22158,27.49221,0.01106,2.36016,0.01341,0,1,3,1.834408,1.649946,1.649946,0.004720,0.004981,14.966236,3834,-0.000333,0.076406,20436,8231,4655,2912,1962,1434,1135,875,7498,1,1,1,1
22.4000,2324,1,1,25816,0,49253,0.524161,13,3,42,6071,122318,27.52680,0.01106,2.36016,0.01341,1,1,2,1.366942,1.000000,1.759909,-0.012600,-0.012466,14.948641,3718,0.000834,0.074182,20407,8356,4567,2874,2016,1486,1122,913,7511,1,1,1,1
23.0000,2324,1,1,25994,0,49960,0.520307,2,4,5,89,303167,27.94287,0.01106,2.36016,0.01341,1,1,2,1.340118,1.000000,1.982359,-0.220653,-0.220527,14.740604,2326,0.014960,0.047063,20798,8388,4648,2925,2011,1475,1140,908,7666,1,1,1,1
23.9000,2324,1,1,26750,0,51277,0.521687,1,1,52,210,267329,28.56652,0.01106,2.36016,0.01341,1,1,2,1.403823,1.000000,1.421673,-0.532413,-0.532267,14.428682,232,0.036890,0.004796,21258,8744,4694,3001,2121,1531,1159,935,7833,1,1,1,1
22.3500,2325,1,1,25455,1,49036,0.519119,2,2,17,7804,135497,27.48601,0.01135,2.34924,0.01404,0,1,3,2.009183,1.467550,1.467550,0.001891,0.002192,14.963396,3836,-0.000146,0.076428,20406,8215,4449,2935,1966,1464,1130,872,7598,1,1,1,1
22.4000,2325,1,1,25659,1,49095,0.522650,1,587,587,587,254116,27.52089,0.01135,2.34924,0.01404,0,1,3,5.562509,5.447526,5.447526,-0.015833,-0.015095,14.946199,3715,0.001010,0.074102,20235,8323,4639,2986,1944,1463,1051,941,7512,1,1,1,1
23.0000,2325,1,1,26177,1,50052,0.523007,1,14,232,232,1133719,27.93678,0.01135,2.34924,0.01404,0,1,3,10.076781,7.359719,7.359719,-0.223842,-0.222849,14.738455,2322,0.015120,0.046969,20833,8340,4767,2930,1988,1530,1130,906,7627,1,1,1,1
23.9000,2325,1,1,26902,0,51747,0.519886,2,8,44,98,62235,28.56046,0.01135,2.34924,0.01404,1,0,2,1.131241,1.000000,1.220634,-0.535294,-0.535241,14.426005,228,0.037103,0.004712,21620,8842,4814,3033,2122,1566,1222,879,7648,1,1,1,1
22.3500,2326,1,1,25529,1,49179,0.519114,3,8,8,12,485566,27.48465,0.01015,2.34157,0.01162,0,1,3,2.951577,2.681817,2.681817,0.000290,0.000755,14.960988,3846,-0.000050,0.076606,20408,8342,4561,2817,2031,1513,1116,890,7500,1,1,1,1
22.4000,2326,1,1,25669,1,49264,0.521060,1,4,5,145,78227,27.51921,0.01015,2.34157,0.01162,0,1,3,1.977063,1.803519,1.803519,-0.016903,-0.016610,14.944654,3729,0.001111,0.074357,20539,8252,4455,2993,2026,1469,1171,868,7490,1,1,1,1
23.0000,2326,1,1,26182,0,50185,0.521720,34,27,34,88,52740,27.93522,0.01015,2.34157,0.01162,1,0,2,1.078880,1.000000,2.249569,-0.224962,-0.224930,14.736340,2331,0.015264,0.047138,20749,8466,4735,2976,2134,1503,1067,937,7617,1,1,1,1
23.9000,2326,1,1,26878,0,51696,0.519934,1,2,20,20,17388,28.55893,0.01015,2.34157,0.01162,1,0,2,1.402703,1.000000,1.464682,-0.536723,-0.536577,14.424481,236,0.037199,0.004876,21570,8800,4758,3081,2110,1500,1158,912,7806,1,1,1,1
22.3500,2327,1,1,25791,1,49427,0.521810,1,4,5,72,248360,27.47576,0.01319,2.34242,0.01221,0,1,3,2.692060,2.153041,2.153041,-0.002487,-0.002061,14.958553,3841,0.000138,0.076486,20542,8421,4622,2952,2076,1453,1095,829,7436,1,1,1,1
22.4000,2327,1,1,25611,1,49261,0.519915,8,22,22,83,58771,27.51031,0.01319,2.34242,0.01221,0,0,3,1.481967,1.365391,1.365391,-0.019668,-0.019499,14.940732,3731,0.001305,0.074385,20354,8328,4547,2995,2054,1490,1118,922,7452,1,1,1,1
23.0000,2327,1,1,26113,1,50249,0.519682,4,2,4,35,337084,27.92643,0.01319,2.34242,0.01221,0,1,3,1.554563,1.354244,1.354244,-0.227717,-0.227528,14.732850,2329,0.015444,0.047088,20912,8510,4747,2972,1947,1525,1178,834,7623,1,1,1,1
23.9000,2327,1,1,26780,0,51368,0.521346,1,6,13,23,92775,28.55018,0.01319,2.34242,0.01221,1,1,2,1.202694,1.000000,1.801585,-0.539655,-0.539576,14.421016,234,0.037416,0.004833,21352,8751,4767,2983,2049,1520,1143,962,7840,1,1,1,1
22.3500,2328,1,1,25867,1,49676,0.520725,12,4,12,296,38225,27.49053,0.01044,2.35099,0.01131,0,1,3,1.771506,1.565724,1.565724,0.003707,0.003953,14.965200,3848,-0.000264,0.076559,20739,8487,4525,2977,2012,1526,1114,877,7418,1,1,1,1
22.4000,2328,1,1,25728,0,49239,0.522523,2,35,35,87,27194,27.52537,0.01044,2.35099,0.01131,1,0,3,1.027930,1.000000,1.080820,-0.013622,-0.013610,14.947682,3729,0.000911,0.074278,20281,8381,4698,2879,2009,1486,1106,866,7532,1,1,1,1
23.0000,2328,1,1,26070,0,49918,0.522267,1,9,41,174,245588,27.94132,0.01044,2.35099,0.01131,1,1,2,1.387649,1.000000,4.696695,-0.221927,-0.221786,14.739297,2331,0.015047,0.047088,20694,8429,4681,2913,1963,1512,1091,894,7740,1,1,1,1
23.9000,2328,1,1,26909,1,51553,0.521978,1,8,165,165,24155,28.56509,0.01044,2.35099,0.01131,0,1,3,4.064686,3.418097,3.418097,-0.533745,-0.533143,14.427349,236,0.036954,0.004870,21456,8727,4848,2992,2059,1522,1173,945,7830,1,1,1,1
22.3500,2329,1,1,25650,0,49529,0.517889,1,6,23,23,118910,27.47266,0.02060,2.34226,0.01407,1,0,2,1.256708,1.000000,1.997067,-0.000405,-0.000307,14.960878,3842,0.000021,0.076429,20671,8377,4604,2900,2082,1460,1052,848,7534,1,1,1,1
22.4000,2329,1,1,25450,0,49223,0.517045,4,44,44,51,31937,27.50718,0.02060,2.34226,0.01407,1,1,2,1.348110,1.000000,18.338669,-0.018143,-0.018015,14.942828,3726,0.001206,0.074211,20238,8516,4689,2884,1992,1468,1056,899,7480,1,1,1,1
23.0000,2329,1,1,26065,1,50198,0.519254,1,124,124,124,1006316,27.92325,0.02060,2.34226,0.01407,0,1,3,22.716728,21.923144,21.923144,-0.226215,-0.224874,14.734823,2328,0.015261,0.047021,20910,8506,4730,2908,1995,1460,1105,806,7777,1,1,1,1
23.9000,2329,1,1,26552,0,51010,0.520536,3,4,7,24,372754,28.54705,0.02060,2.34226,0.01407,1,1,2,1.306834,1.000000,1.699999,-0.537564,-0.537449,14.423328,233,0.037262,0.004808,21031,8666,4710,3049,2088,1484,1176,873,7932,1,1,1,1
22.3500,2330,1,1,25912,0,49609,0.522335,83,5,83,83,73638,27.47787,0.01073,2.34432,0.01346,1,1,2,1.297582,1.000000,1.984054,-0.002626,-0.002514,14.958249,3844,0.000168,0.076449,20711,8360,4684,2957,1976,1526,1078,872,7444,1,1,1,1
22.4000,2330,1,1,25888,0,49477,0.523244,1,1,5,27,42612,27.51268,0.01073,2.34432,0.01346,1,0,3,1.402092,1.000000,1.061385,-0.019875,-0.019730,14.941216,3728,0.001321,0.074227,20602,8467,4518,2919,2027,1467,1142,887,7447,1,1,1,1
23.0000,2330,1,1,26171,1,50345,0.519843,1,2,6,24,97763,27.92856,0.01073,2.34432,0.01346,0,1,3,1.456947,1.043305,1.043305,-0.227824,-0.227662,14.733408,2329,0.015452,0.047026,20973,8531,4678,2952,2060,1475,1167,839,7669,1,1,1,1
23.9000,2330,1,1,26717,1,51709,0.516690,2,46,46,189,128384,28.55240,0.01073,2.34432,0.01346,0,1,3,11.723725,11.085780,11.085780,-0.540259,-0.539202,14.420652,232,0.037391,0.004786,21527,8761,4818,3055,2155,1534,1188,935,7735,1,1,1,1
22.3500,2331,1,1,25768,0,49497,0.520608,6,13,28,299,113188,27.47030,0.01328,2.32853,0.01322,1,1,2,1.273478,1.000000,4.413122,-0.005200,-0.005097,14.955628,3849,0.000341,0.076529,20596,8518,4492,2962,1999,1470,1115,864,7480,1,1,1,1
22.4000,2331,1,1,25643,1,49284,0.520321,1,46,46,112,107050,27.50509,0.01328,2.32853,0.01322,0,1,3,4.923746,4.103123,4.082903,-0.022579,-0.021895,14.938693,3732,0.001466,0.074287,20377,8408,4547,2956,1997,1466,1109,873,7550,1,1,1,1
23.0000,2331,1,1,26230,0,50388,0.520571,1,21,47,47,85350,27.92110,0.01328,2.32853,0.01322,1,1,2,1.384544,1.000000,10.418105,-0.230785,-0.230645,14.730443,2332,0.015658,0.047076,20909,8617,4733,2959,2151,1468,1142,887,7521,1,1,1,1
23.9000,2331,1,1,26790,0,51393,0.521287,1,13,21,131,24549,28.54466,0.01328,2.32853,0.01322,1,0,2,1.154274,1.000000,2.429498,-0.542253,-0.542192,14.419045,235,0.037602,0.004846,21399,8644,4746,3052,2090,1480,1162,905,7914,1,1,1,1
22.3500,2332,1,1,25793,1,49438,0.521735,1,3729,3729,3729,40739,27.46779,0.01042,2.34023,0.01364,0,1,3,107.994991,107.466771,107.466771,-0.008765,-0.006757,14.954546,3850,0.000452,0.076522,20668,8187,4638,2997,1985,1482,1169,854,7457,1,1,1,1
22.4000,2332,1,1,25776,0,49416,0.521623,5,3,103,103,111011,27.50227,0.01042,2.34023,0.01364,1,0,3,1.321166,1.000000,1.262543,-0.025042,-0.024922,14.936224,3733,0.001669,0.074287,20472,8404,4576,2947,2043,1454,1095,888,7536,1,1,1,1
23.0000,2332,1,1,26071,1,50049,0.520920,2,73,73,73,189851,27.91839,0.01042,2.34023,0.01364,0,1,3,2.251502,2.019573,2.019573,-0.233214,-0.232866,14.728389,2335,0.015811,0.047123,20690,8487,4650,3072,2031,1487,1115,849,7667,1,1,1,1
23.9000,2332,1,1,26592,0,51243,0.518949,1,9,16,40,65552,28.54199,0.01042,2.34023,0.01364,1,1,3,1.095452,1.000000,1.104651,-0.544870,-0.544831,14.415449,235,0.037795,0.004845,21149,8805,4680,2960,2176,1491,1195,919,7867,1,1,1,1
22.3500,2333,1,1,25739,1,49547,0.519497,1,10,59,124,398117,27.46780,0.01072,2.33844,0.01627,0,1,3,8.390514,5.971663,5.971663,-0.007886,-0.006974,14.954294,3848,0.000466,0.076450,20569,8567,4554,2952,1986,1439,1149,863,7467,1,1,1,1
22.4000,2333,1,1,25766,0,49480,0.520746,1,5,7,583,245050,27.50256,0.01072,2.33844,0.01627,1,0,2,1.282860,1.000000,2.076996,-0.025040,-0.024934,14.936238,3730,0.001669,0.074196,20563,8474,4560,2873,1966,1505,1142,847,7549,1,1,1,1
23.0000,2333,1,1,26225,1,50308,0.521299,3,17,92,92,184661,27.91851,0.01072,2.33844,0.01627,0,1,3,6.697075,5.746332,5.746332,-0.233232,-0.232417,14.728823,2330,0.015780,0.047000,20864,8460,4664,3090,2072,1532,1133,883,7609,1,1,1,1
23.9000,2333,1,1,26679,1,51369,0.519370,1,45,45,45,27603,28.54214,0.01072,2.33844,0.01627,0,1,3,6.741758,6.300554,6.300554,-0.545064,-0.544246,14.417029,233,0.037750,0.004802,21206,8881,4780,2963,2101,1496,1152,936,7853,1,1,1,1
22.3500,2334,1,1,25691,1,49196,0.522228,1,15,133,230,84967,27.47097,0.01042,2.33791,0.01633,0,1,3,4.095945,3.425221,3.425221,-0.006230,-0.005625,14.955592,3852,0.000376,0.076490,20284,8388,4566,2919,2030,1456,1118,896,7538,1,1,1,1
22.4000,2334,1,1,25568,0,49327,0.518347,1,20,78,78,378863,27.50572,0.01042,2.33791,0.01633,1,1,2,1.240869,1.000000,5.745631,-0.023714,-0.023621,14.937048,3734,0.001581,0.074239,20378,8331,4618,2894,2064,1494,1139,900,7508,1,1,1,1
23.0000,2334,1,1,26250,0,50122,0.523733,1,17,22,217,42895,27.92178,0.01042,2.33791,0.01633,1,1,2,1.140103,1.000000,2.688796,-0.231583,-0.231527,14.728914,2334,0.015719,0.047060,20580,8539,4798,2983,2017,1476,1158,900,7670,1,1,1,1
23.9000,2334,1,1,26939,1,51556,0.522529,11,11,25,25,128786,28.54544,0.01042,2.33791,0.01633,0,1,3,4.436499,4.060095,4.060095,-0.543499,-0.542861,14.418439,238,0.037650,0.004902,21516,8852,4662,2979,2025,1522,1162,932,7905,1,1,1,1
22.3500,2335,1,1,25495,1,48979,0.520540,2,11,50,50,60904,27.47748,0.01041,2.35323,0.01306,0,1,3,5.772511,4.991276,4.991276,-0.003252,-0.002501,14.957599,3850,0.000167,0.076408,20248,8159,4581,2916,1968,1450,1159,862,7635,1,1,1,1
22.4000,2335,1,1,25727,1,49450,0.520273,2,3,4,640,39453,27.51221,0.01041,2.35323,0.01306,0,1,3,1.580228,1.117461,1.023280,-0.020261,-0.020065,14.940939,3734,0.001343,0.074188,20408,8403,4582,2937,2026,1542,1118,933,7500,1,1,1,1
23.0000,2335,1,1,26043,1,49972,0.521162,1,17,17,45,42135,27.92810,0.01041,2.35323,0.01306,0,1,3,7.784186,6.744227,6.744227,-0.228626,-0.227748,14.732550,2332,0.015459,0.046988,20580,8474,4526,3015,2102,1516,1172,893,7693,1,1,1,1
23.9000,2335,1,1,26814,0,51622,0.519440,1,2,10,28,1531967,28.55178,0.01041,2.35323,0.01306,1,0,3,1.370688,1.000000,1.385329,-0.540125,-0.539990,14.421115,231,0.037444,0.004755,21561,8656,4746,3171,2063,1548,1122,948,7806,1,1,1,1
22.3500,2336,1,1,25863,1,49455,0.522971,2,2,47,61,134997,27.48136,0.01070,2.36096,0.01181,0,1,3,1.798911,1.278008,1.278008,-0.000766,-0.000514,14.959977,3858,0.000034,0.076522,20455,8566,4592,2896,2016,1461,1077,910,7481,1,1,1,1
22.4000,2336,1,1,25968,0,49616,0.523390,1,3,46,396,36501,27.51608,0.01070,2.36096,0.01181,1,1,2,1.394931,1.000000,2.152792,-0.018236,-0.018094,14.942981,3741,0.001211,0.074285,20607,8435,4716,2858,2027,1527,1086,863,7496,1,1,1,1
23.0000,2336,1,1,26249,1,50382,0.521010,2,2,7,23,155051,27.93209,0.01070,2.36096,0.01181,0,0,3,1.510355,1.179548,1.179548,-0.226111,-0.225934,14.734803,2339,0.015333,0.047102,21007,8455,4722,2919,2047,1447,1158,929,7697,1,1,1,1
23.9000,2336,1,1,26706,0,51436,0.519218,1,20,20,36,16869196,28.55580,0.01070,2.36096,0.01181,1,1,2,1.270132,1.000000,6.446333,-0.538332,-0.538229,14.422491,238,0.037319,0.004897,21098,8807,4858,3158,2034,1595,1136,957,7792,1,1,1,1
22.3500,2337,1,1,25867,1,49339,0.524281,1,4,24,100,77287,27.47352,0.01325,2.35474,0.01186,0,1,3,1.576517,1.266958,1.266958,-0.003308,-0.003113,14.958080,3856,0.000208,0.076459,20401,8422,4611,2904,2030,1418,1117,830,7605,1,1,1,1
22.4000,2337,1,1,25887,1,49668,0.521211,1,1,35,232,32439,27.50823,0.01325,2.35474,0.01186,0,0,3,1.416168,1.002377,1.002377,-0.020592,-0.020443,14.940584,3740,0.001368,0.074246,20695,8457,4523,2906,2042,1484,1177,846,7537,1,1,1,1
23.0000,2337,1,1,26269,1,50503,0.520158,4,5,80,80,93438,27.92435,0.01325,2.35474,0.01186,0,1,3,2.646467,2.263685,2.263685,-0.228846,-0.228430,14.732849,2341,0.015505,0.047128,21007,8470,4833,2976,2091,1472,1153,886,7614,1,1,1,1
23.9000,2337,1,1,26881,1,51459,0.522387,2,2,109,63890,126178,28.54809,0.01325,2.35474,0.01186,0,1,3,1.520532,1.230049,1.230049,-0.540583,-0.540403,14.420869,233,0.037474,0.004792,21278,8616,4853,3056,2169,1569,1123,957,7837,1,1,1,1
22.3500,2338,1,1,25699,1,49389,0.520349,2,1,4,273,154840,27.46650,0.01099,2.33965,0.01620,0,1,3,1.417688,1.076266,1.076266,-0.008093,-0.007944,14.953206,3857,0.000531,0.076471,20393,8446,4580,2872,2037,1533,1171,906,7450,1,1,1,1
22.4000,2338,1,1,26006,0,49616,0.524156,3,4,51,57,48108,27.50119,0.01099,2.33965,0.01620,1,1,2,1.309184,1.000000,1.831943,-0.025563,-0.025447,14.935337,3740,0.001704,0.074240,20609,8341,4692,2834,2028,1525,1133,964,7489,1,1,1,1
23.0000,2338,1,1,26365,1,50374,0.523395,1,8,15,39,125338,27.91714,0.01099,2.33965,0.01620,0,1,3,5.685346,4.513366,4.513366,-0.233729,-0.232985,14.727279,2337,0.015820,0.047045,20984,8590,4604,2910,1994,1481,1178,898,7734,1,1,1,1
23.9000,2338,1,1,26854,0,51508,0.521366,1,9,31,412,58568,28.54091,0.01099,2.33965,0.01620,1,1,2,1.404936,1.000000,4.752640,-0.545627,-0.545482,14.415574,233,0.037840,0.004792,21152,8877,4818,3013,2082,1523,1156,926,7960,1,1,1,1
22.3500,2339,1,1,25651,1,49217,0.521192,5,8,40,73,162890,27.47284,0.01560,2.34968,0.01634,0,1,3,2.619091,1.996984,1.996984,-0.002654,-0.002242,14.958912,3860,0.000150,0.076468,20322,8180,4699,2920,2014,1457,1051,884,7689,1,1,1,1
22.4000,2339,1,1,25714,0,49359,0.520969,1,2,4,106,27456,27.50751,0.01560,2.34968,0.01634,1,1,2,1.407360,1.000000,1.721852,-0.019956,-0.019810,14.941240,3742,0.001326,0.074219,20352,8361,4612,2969,1988,1489,1120,901,7566,1,1,1,1
23.0000,2339,1,1,26195,1,50352,0.520248,1,7,25,161,24837,27.92358,0.01560,2.34968,0.01634,0,1,3,2.917573,2.591296,2.591296,-0.228078,-0.227620,14.733631,2339,0.015449,0.047045,20714,8653,4723,2981,2069,1524,1140,886,7661,1,1,1,1
23.9000,2339,1,1,26787,1,51518,0.519964,1,154,154,154,144847,28.54738,0.01560,2.34968,0.01634,0,1,3,3.529417,2.861654,2.781775,-0.539998,-0.539459,14.421199,234,0.037407,0.004809,21305,8701,4839,3049,2123,1578,1179,866,7877,1,1,1,1
22.3500,2340,1,1,25925,1,49857,0.519998,2,15,31,31,84852,27.47599,0.01098,2.33803,0.01287,0,0,3,3.375541,2.936534,2.936534,-0.003667,-0.003148,14.957323,3860,0.000210,0.076444,20724,8425,4778,2917,2055,1470,1112,946,7429,1,1,1,1
22.4000,2340,1,1,25751,1,49567,0.519530,1,2,74,1363,114761,27.51065,0.01098,2.33803,0.01287,0,0,3,1.908424,1.350959,1.350959,-0.020818,-0.020542,14.940447,3743,0.001375,0.074211,20442,8491,4577,2915,2016,1513,1128,978,7506,1,1,1,1
23.0000,2340,1,1,26252,0,50384,0.521049,1,6,17,185,106970,27.92654,0.01098,2.33803,0.01287,1,1,2,1.407510,1.000000,3.603944,-0.228984,-0.228838,14.732128,2339,0.015533,0.047030,20805,8667,4635,2918,2095,1521,1114,863,7765,1,1,1,1
23.9000,2340,1,1,26729,1,51583,0.518185,2,4,15,559,181330,28.55037,0.01098,2.33803,0.01287,0,1,3,2.014927,1.523865,1.523865,-0.540715,-0.540416,14.420731,233,0.037475,0.004786,21370,8783,4913,3032,2064,1576,1156,909,7779,1,1,1,1
22.3500,2341,1,1,25865,1,49606,0.521419,2,17,45,45,65028,27.46766,0.01127,2.34056,0.01568,0,1,3,8.815237,7.604198,7.604198,-0.007788,-0.006858,14.954446,3859,0.000459,0.076406,20631,8465,4585,2911,1976,1454,1114,841,7628,1,1,1,1
22.4000,2341,1,1,25840,0,49646,0.520496,1,3,22,62,81838,27.50230,0.01127,2.34056,0.01568,1,1,2,1.406589,1.000000,2.069078,-0.024831,-0.024685,14.936367,3746,0.001653,0.074259,20659,8389,4571,2970,2044,1468,1068,921,7555,1,1,1,1
23.0000,2341,1,1,26417,1,50561,0.522488,1,16,36,889,36872,27.91831,0.01127,2.34056,0.01568,0,1,3,4.701335,4.339334,4.339334,-0.232993,-0.232332,14.728947,2337,0.015774,0.046980,21047,8558,4763,2920,2024,1555,1123,916,7654,1,1,1,1
23.9000,2341,1,1,26683,1,51536,0.517765,31,2,31,36,109510,28.54187,0.01127,2.34056,0.01568,0,1,3,1.078570,1.036087,1.036087,-0.544443,-0.544411,14.416882,231,0.037762,0.004744,21360,8887,4714,3005,2045,1613,1158,885,7868,1,1,1,1
22.3500,2342,1,1,25842,0,49671,0.520274,2,13,13,107,19163,27.47231,0.01068,2.33966,0.01455,1,1,2,1.222198,1.000000,3.434788,-0.005484,-0.005398,14.955808,3864,0.000361,0.076466,20551,8449,4694,3042,1994,1478,1118,823,7521,1,1,1,1
22.4000,2342,1,1,26031,1,49677,0.524016,1,512,557,557,31599,27.50694,0.01068,2.33966,0.01455,0,1,3,193.081793,178.542812,178.542812,-0.023643,-0.021396,14.939908,3747,0.001432,0.074229,20621,8473,4581,2977,2022,1532,1141,911,7418,1,1,1,1
23.0000,2342,1,1,26389,1,50555,0.521996,1,399,399,399,640914,27.92306,0.01068,2.33966,0.01455,0,1,3,122.303118,116.016852,116.016852,-0.231614,-0.229562,14.729557,2341,0.015585,0.047038,21001,8649,4621,2990,2027,1475,1155,900,7736,1,1,1,1
23.9000,2342,1,1,26841,1,51710,0.519078,2,90,90,90,25799,28.54666,0.01068,2.33966,0.01455,0,1,3,40.475211,36.109712,36.109712,-0.543162,-0.541582,14.417745,236,0.037564,0.004845,21453,8844,4817,3008,2061,1441,1196,911,7978,1,1,1,1
22.3500,2343,1,1,25773,1,49544,0.520215,9,4,55,55,140539,27.46557,0.01470,2.33264,0.02049,0,1,3,2.876433,2.339536,2.339536,-0.006950,-0.006499,14.953325,3864,0.000435,0.076446,20616,8276,4639,2929,2051,1507,1108,855,7562,1,1,1,1
22.4000,2343,1,1,25774,0,49458,0.521140,2,1,4,12,229316,27.50018,0.01470,2.33264,0.02049,1,0,3,1.397824,1.000000,1.044391,-0.024075,-0.023932,14.937139,3746,0.001602,0.074191,20551,8297,4635,2932,2020,1449,1100,855,7618,1,1,1,1
23.0000,2343,1,1,26071,1,50504,0.516227,1,1,32,83,133118,27.91613,0.01470,2.33264,0.02049,0,1,3,1.706114,1.206577,1.206577,-0.232082,-0.231854,14.729163,2340,0.015741,0.046999,20891,8665,4643,3024,2054,1554,1115,917,7640,1,1,1,1
23.9000,2343,1,1,26945,1,51911,0.519071,14,6,14,55,2873039,28.53975,0.01470,2.33264,0.02049,0,1,3,4.228036,3.233544,3.233544,-0.544116,-0.543500,14.417759,233,0.037697,0.004781,21746,8645,4869,3053,2117,1597,1147,903,7833,1,1,1,1
22.3500,2344,1,1,25852,0,49538,0.521873,1,2,13,403,229594,27.46431,0.01261,2.32578,0.01862,1,0,3,1.289824,1.000000,1.098228,-0.008357,-0.008249,14.952920,3867,0.000552,0.076474,20539,8381,4537,2864,2082,1465,1144,917,7608,1,1,1,1
22.4000,2344,1,1,25922,0,49499,0.523698,25,2,25,25,234976,27.49891,0.01261,2.32578,0.01862,1,1,3,1.413752,1.000000,1.394200,-0.025713,-0.025565,14.935457,3750,0.001712,0.074247,20524,8421,4532,2970,1959,1442,1091,922,7637,1,1,1,1
23.0000,2344,1,1,26379,1,50667,0.520645,3,11,34,34,23255,27.91497,0.01261,2.32578,0.01862,0,1,3,1.996160,1.547997,1.547997,-0.233766,-0.233471,14.727698,2343,0.015853,0.047044,20993,8657,4714,3030,2066,1450,1124,915,7717,1,1,1,1
23.9000,2344,1,1,26985,1,51736,0.521600,1,19,105,105,127913,28.53863,0.01261,2.32578,0.01862,0,1,3,13.822634,10.192607,10.192607,-0.546001,-0.544881,14.416409,235,0.037796,0.004820,21372,8950,4721,3019,2183,1550,1131,915,7894,1,1,1,1
22.3500,2345,1,1,25780,0,49664,0.519099,4,255,255,255,88747,27.46476,0.01125,2.33088,0.01429,1,1,2,1.388521,1.000000,118.458276,-0.009709,-0.009569,14.951351,3865,0.000640,0.076410,20623,8376,4658,2936,1987,1538,1138,846,7561,1,1,1,1
22.4000,2345,1,1,25979,1,49753,0.522170,1,986,986,986,68653,27.49964,0.01125,2.33088,0.01429,0,1,3,84.002412,83.110548,83.110548,-0.027073,-0.025183,14.936120,3749,0.001686,0.074193,20830,8347,4529,2975,2039,1421,1087,917,7607,1,1,1,1
23.0000,2345,1,1,26244,0,50611,0.518554,2,2,19,41,346897,27.91553,0.01125,2.33088,0.01429,1,1,3,1.295593,1.000000,1.249680,-0.234103,-0.233993,14.727298,2340,0.015888,0.046965,21095,8494,4741,2965,2056,1514,1138,955,7652,1,1,1,1
23.9000,2345,1,1,26822,0,51616,0.519655,4,3,16,208,63303,28.53922,0.01125,2.33088,0.01429,1,1,2,1.358833,1.000000,1.543039,-0.546001,-0.545870,14.415249,230,0.037868,0.004716,21484,8742,4804,2965,2044,1536,1220,909,7911,1,1,1,1
22.3500,2346,1,1,25919,1,49600,0.522571,4,4,7,18,297426,27.46478,0.01125,2.32847,0.01750,0,1,3,2.044620,1.589826,1.589826,-0.008974,-0.008669,14.952503,3866,0.000580,0.076392,20643,8301,4583,2928,2036,1457,1146,946,7559,1,1,1,1
22.4000,2346,1,1,26047,1,49964,0.521326,8,92,92,320,118603,27.49935,0.01125,2.32847,0.01750,0,0,3,1.518028,1.403301,1.403301,-0.026231,-0.026053,14.934172,3754,0.001745,0.074270,20738,8596,4651,3019,1999,1406,1137,883,7534,1,1,1,1
23.0000,2346,1,1,26330,0,50594,0.520428,1,1,74,102,55031,27.91536,0.01125,2.32847,0.01750,1,1,3,1.409167,1.000000,1.243879,-0.234208,-0.234061,14.726912,2343,0.015893,0.047007,21042,8642,4714,3023,1961,1480,1142,905,7684,1,1,1,1
23.9000,2346,1,1,26967,1,51909,0.519515,1,9,45,1712,86587,28.53907,0.01125,2.32847,0.01750,0,1,3,4.074514,3.441814,3.441814,-0.546281,-0.545682,14.415544,230,0.037854,0.004714,21545,8879,4841,3024,2176,1501,1112,877,7953,1,1,1,1
22.3500,2347,1,1,25905,1,49840,0.519774,1,22,22,47,8223555,27.46681,0.00977,2.32594,0.01988,0,0,3,3.538926,3.016839,3.016839,-0.008735,-0.008197,14.952338,3876,0.000548,0.076557,20746,8558,4539,2950,2017,1525,1163,860,7481,1,1,1,1
22.4000,2347,1,1,25749,1,49649,0.518631,1,1,3,10,986392,27.50136,0.00977,2.32594,0.01988,0,0,3,1.729200,1.309721,1.309721,-0.025824,-0.025590,14.935215,3759,0.001713,0.074332,20460,8419,4668,3057,1964,1509,1161,861,7549,1,1,1,1
23.0000,2347,1,1,26063,1,50253,0.518646,1,22,832,832,30156,27.91749,0.00977,2.32594,0.01988,0,1,3,15.171308,11.615965,11.615965,-0.234362,-0.233203,14.726834,2352,0.015835,0.047167,20781,8499,4645,2946,2053,1467,1171,902,7788,1,1,1,1
23.9000,2347,1,1,26896,0,51906,0.518177,1,8,68,84,287769,28.54123,0.00977,2.32594,0.01988,1,1,2,1.398046,1.000000,4.727993,-0.546041,-0.545899,14.415042,238,0.037870,0.004876,21682,8864,4752,3087,2083,1460,1181,878,7918,1,1,1,1
22.3500,2348,1,1,26121,1,49923,0.523236,2,49,49,108,61395,27.47540,0.01328,2.33770,0.01884,0,0,3,5.349902,4.978774,4.978774,-0.002690,-0.001975,14.958212,3878,0.000132,0.076534,20822,8501,4661,2863,2000,1540,1050,937,7548,1,1,1,1
22.4000,2348,1,1,25855,1,49829,0.518885,1,7,36,66,81756,27.51023,0.01328,2.33770,0.01884,0,1,3,1.636717,1.444574,1.444574,-0.019843,-0.019633,14.941616,3760,0.001314,0.074288,20697,8385,4721,2864,2022,1518,1172,862,7587,1,1,1,1
23.0000,2348,1,1,26198,0,50448,0.519317,7,10,10,245,488408,27.92618,0.01328,2.33770,0.01884,1,0,3,1.095292,1.000000,1.070507,-0.227753,-0.227714,14.733552,2353,0.015455,0.047146,20758,8581,4802,2932,2088,1496,1145,906,7739,1,1,1,1
23.9000,2348,1,1,27059,1,51896,0.521418,42,14,42,598,374694,28.54995,0.01328,2.33770,0.01884,0,1,3,4.448608,4.239350,4.239350,-0.539932,-0.539297,14.419760,238,0.037400,0.004872,21607,8739,4825,3088,2110,1546,1177,906,7897,1,1,1,1
22.3500,2349,1,1,25638,0,49316,0.519882,3,1,6,38,102835,27.47172,0.01607,2.35257,0.01480,1,1,3,1.408558,1.000000,1.073018,-0.002976,-0.002831,14.958218,3875,0.000189,0.076442,20387,8269,4600,2913,2069,1496,1130,850,7601,1,1,1,1
22.4000,2349,1,1,26272,0,49755,0.528038,1,3,19,19,59491,27.50624,0.01607,2.35257,0.01480,1,1,2,1.395240,1.000000,2.080786,-0.020400,-0.020258,14.940677,3759,0.001356,0.074241,20635,8466,4599,2923,2038,1510,1127,889,7567,1,1,1,1
23.0000,2349,1,1,26461,1,50859,0.520292,4,4,15,82,108514,27.92231,0.01607,2.35257,0.01480,0,1,3,2.146388,1.867072,1.867072,-0.228406,-0.228081,14.732217,2348,0.015482,0.047030,21174,8691,4737,3002,2139,1451,1161,896,7607,1,1,1,1
23.9000,2349,1,1,27127,1,51963,0.522055,2,5,66,66,146543,28.54611,0.01607,2.35257,0.01480,0,1,3,3.394449,2.670869,2.670869,-0.540384,-0.539864,14.421317,235,0.037435,0.004808,21486,8894,4919,3043,2215,1485,1212,902,7806,1,1,1,1
22.3500,2350,1,1,25874,0,49546,0.522232,1,2,20,30,44659,27.47283,0.01005,2.34851,0.01450,1,1,3,1.176792,1.000000,1.059602,-0.005329,-0.005260,14.955091,3879,0.000352,0.076505,20369,8448,4575,2948,2058,1457,1169,922,7599,1,1,1,1
22.4000,2350,1,1,25825,1,49594,0.520739,1,1,41,560,371074,27.50763,0.01005,2.34851,0.01450,0,1,3,1.551217,1.104026,1.095039,-0.022732,-0.022545,14.938415,3761,0.001509,0.074260,20356,8435,4803,2867,2079,1452,1095,944,7562,1,1,1,1
23.0000,2350,1,1,26328,0,50562,0.520718,2,3,13,821,162893,27.92352,0.01005,2.34851,0.01450,1,1,2,1.413356,1.000000,1.997265,-0.230827,-0.230680,14.730317,2352,0.015660,0.047096,21015,8535,4681,2961,2072,1489,1139,920,7749,1,1,1,1
23.9000,2350,1,1,27064,0,51795,0.522532,1,5,66,66,32418,28.54735,0.01005,2.34851,0.01450,1,1,2,1.208586,1.000000,1.627917,-0.542694,-0.542614,14.418001,240,0.037634,0.004910,21541,8619,4775,3042,2259,1499,1159,951,7949,1,1,1,1
22.3500,2351,1,1,25728,0,49450,0.520294,4,2,5,36,325172,27.46622,0.01005,2.36108,0.01590,1,0,3,1.349184,1.000000,1.231732,-0.008569,-0.008442,14.952687,3880,0.000565,0.076504,20590,8344,4526,2772,1971,1483,1171,899,7693,1,1,1,1
22.4000,2351,1,1,25927,1,49767,0.520978,1,184,184,458,158013,27.50101,0.01005,2.36108,0.01590,0,1,3,2.685050,2.029753,1.867364,-0.026064,-0.025644,14.935167,3761,0.001717,0.074245,20527,8584,4694,2859,2078,1393,1181,893,7557,1,1,1,1
23.0000,2351,1,1,26144,0,50289,0.519885,1,8,30,37,50419,27.91701,0.01005,2.36108,0.01590,1,1,2,1.314915,1.000000,3.341728,-0.234192,-0.234075,14.726723,2350,0.015895,0.047047,20623,8501,4748,3065,2118,1465,1115,890,7763,1,1,1,1
23.9000,2351,1,1,26886,0,51878,0.518264,4,103,2661,2661,113080,28.54058,0.01005,2.36108,0.01590,1,1,2,1.122033,1.000000,13.468888,-0.546272,-0.546223,14.414170,238,0.037895,0.004868,21624,8791,4712,3081,2064,1537,1194,938,7936,1,1,1,1
22.3500,2352,1,1,25944,0,49651,0.522538,2,6,20,25,73095,27.47385,0.01034,2.36259,0.01120,1,1,2,1.305335,1.000000,2.618213,-0.004971,-0.004858,14.956303,3884,0.000325,0.076532,20653,8343,4565,2968,2052,1470,1095,930,7574,1,1,1,1
22.4000,2352,1,1,25851,1,49760,0.519524,1,4,17,25,262546,27.50833,0.01034,2.36259,0.01120,0,1,3,2.754157,2.275492,2.275492,-0.022179,-0.021748,14.938868,3767,0.001456,0.074313,20474,8612,4690,2884,1970,1564,1165,885,7515,1,1,1,1
23.0000,2352,1,1,26291,1,50521,0.520408,1,8,8,38,69729,27.92445,0.01034,2.36259,0.01120,0,0,3,3.208833,2.623261,2.623261,-0.230276,-0.229780,14.730864,2355,0.015599,0.047114,20914,8610,4656,3004,2053,1473,1185,925,7700,1,1,1,1
23.9000,2352,1,1,26948,0,51953,0.518710,2,3,6,48,297030,28.54805,0.01034,2.36259,0.01120,1,1,2,1.378769,1.000000,1.770497,-0.541986,-0.541849,14.419251,239,0.037578,0.004885,21400,8893,4916,3089,2133,1503,1199,910,7909,1,1,1,1
22.3500,2353,1,1,25975,1,49948,0.520051,6,26,26,302,252894,27.46747,0.01063,2.35729,0.01208,0,1,3,5.730273,4.951012,4.951012,-0.008047,-0.007305,14.953934,3882,0.000488,0.076472,20704,8533,4752,2954,1977,1500,1151,882,7494,1,1,1,1
22.4000,2353,1,1,26224,0,50190,0.522505,16,2,29,29,23949,27.50223,0.01063,2.35729,0.01208,1,1,2,1.393259,1.000000,1.425673,-0.025162,-0.025021,14.935910,3765,0.001675,0.074257,20942,8511,4782,3005,1951,1470,1134,869,7525,1,1,1,1
23.0000,2353,1,1,26384,0,50635,0.521073,1,3,35,93,138351,27.91818,0.01063,2.35729,0.01208,1,1,2,1.378858,1.000000,1.767741,-0.233180,-0.233044,14.727859,2352,0.015823,0.047044,20927,8667,4687,2994,2082,1526,1153,864,7734,1,1,1,1
23.9000,2353,1,1,26931,1,51626,0.521666,1,11,14,31,37081,28.54181,0.01063,2.35729,0.01208,0,1,3,6.100070,5.171667,5.171667,-0.545223,-0.544454,14.416839,240,0.037765,0.004904,21390,8793,4825,2959,2051,1522,1218,911,7956,1,1,1,1
22.3500,2354,1,1,25946,0,49773,0.521297,32,3,32,95,22049,27.46228,0.01062,2.36580,0.01207,1,1,2,1.309455,1.000000,1.405185,-0.010270,-0.010155,14.950636,3884,0.000679,0.076496,20548,8472,4608,3036,2047,1497,1144,898,7522,1,1,1,1
22.4000,2354,1,1,26063,1,50175,0.519452,1,4,34,108,164445,27.49703,0.01062,2.36580,0.01207,0,0,3,2.183944,1.752883,1.752883,-0.027693,-0.027361,14.933325,3769,0.001832,0.074317,20946,8562,4590,2888,2056,1513,1192,908,7519,1,1,1,1
23.0000,2354,1,1,26592,0,50740,0.524094,1,5,9,1290,500593,27.91309,0.01062,2.36580,0.01207,1,1,2,1.376160,1.000000,2.669596,-0.235811,-0.235675,14.725223,2354,0.016005,0.047072,21181,8668,4736,2874,1987,1505,1142,929,7717,1,1,1,1
23.9000,2354,1,1,27023,1,51909,0.520594,1,2,18,28,27264,28.53675,0.01062,2.36580,0.01207,0,1,3,2.281606,1.628135,1.628135,-0.547537,-0.547187,14.413442,235,0.037964,0.004801,21464,8865,4734,3084,2115,1621,1171,944,7910,1,1,1,1
22.3500,2355,1,1,25908,0,49794,0.520314,1,1,11,225,184906,27.44763,0.01308,2.35627,0.01936,1,0,3,1.196003,1.000000,1.086417,-0.016485,-0.016409,14.943705,3885,0.001098,0.076519,20583,8466,4686,2867,2090,1527,1177,881,7516,1,1,1,1
22.4000,2355,1,1,26039,1,49996,0.520832,1,54,54,131,362314,27.48236,0.01308,2.35627,0.01936,0,1,3,10.009938,9.474790,9.474790,-0.034331,-0.033353,14.927935,3767,0.002234,0.074273,20757,8493,4609,2981,2053,1550,1153,901,7498,1,1,1,1
23.0000,2355,1,1,26425,1,50626,0.521975,2,3,322,322,38289,27.89825,0.01308,2.35627,0.01936,0,1,3,1.737297,1.501126,1.501126,-0.241882,-0.241648,14.719652,2357,0.016417,0.047130,21033,8645,4744,2945,2048,1463,1160,854,7733,1,1,1,1
23.9000,2355,1,1,26973,1,51835,0.520373,1,314,314,314,166909,28.52194,0.01308,2.35627,0.01936,0,1,3,195.057947,153.350142,153.350142,-0.554709,-0.552470,14.408837,235,0.038342,0.004800,21506,8789,4882,3034,2067,1609,1137,903,7907,1,1,1,1
22.3500,2356,1,1,26348,0,50268,0.524161,1,9,14,51,153047,27.44880,0.01061,2.35858,0.01547,1,0,2,1.217578,1.000000,2.623020,-0.017237,-0.017153,14.944058,3887,0.001148,0.076524,21051,8621,4654,3051,1927,1411,1132,917,7503,1,1,1,1
22.4000,2356,1,1,26203,1,50214,0.521837,7,32,40,54,44184,27.48352,0.01061,2.35858,0.01547,0,1,3,5.275506,5.112557,5.112557,-0.034737,-0.034031,14.925686,3769,0.002280,0.074292,20931,8717,4644,2871,2002,1478,1182,879,7509,1,1,1,1
23.0000,2356,1,1,26546,0,50822,0.522343,8,27,46,90,23289,27.89952,0.01061,2.35858,0.01547,1,0,2,1.064939,1.000000,1.826834,-0.242522,-0.242495,14.718785,2356,0.016475,0.047093,21076,8705,4767,2946,2151,1463,1171,961,7581,1,1,1,1
23.9000,2356,1,1,27242,0,52194,0.521947,1,5,21,92,374699,28.52324,0.01061,2.35858,0.01547,1,0,3,1.177862,1.000000,1.170069,-0.554279,-0.554209,14.407021,235,0.038468,0.004799,21830,8865,4867,3040,2113,1490,1161,916,7911,1,1,1,1
22.3500,2357,1,1,26118,0,50072,0.521619,1,3,34,165,344820,27.44503,0.01090,2.35438,0.01377,1,1,3,1.298013,1.000000,1.295911,-0.018715,-0.018604,14.942170,3885,0.001245,0.076462,20899,8555,4676,2936,1966,1416,1161,884,7578,1,1,1,1
22.4000,2357,1,1,25864,0,49480,0.522727,5,6,52,52,1087489,27.47973,0.01090,2.35438,0.01377,1,1,2,1.413766,1.000000,3.345065,-0.036277,-0.036130,14.924873,3767,0.002421,0.074225,20266,8540,4590,2969,2014,1502,1103,893,7602,1,1,1,1
23.0000,2357,1,1,26455,1,50858,0.520184,2,2,192,538,266336,27.89585,0.01090,2.35438,0.01377,0,1,3,1.170761,1.004719,1.004719,-0.244079,-0.244012,14.717224,2352,0.016580,0.046998,21202,8543,4767,2997,2042,1543,1119,946,7698,1,1,1,1
23.9000,2357,1,1,26953,1,52139,0.516955,1,5,17,216,170353,28.51960,0.01090,2.35438,0.01377,0,1,3,1.571925,1.120160,1.099769,-0.555954,-0.555762,14.405195,231,0.038581,0.004716,21607,8983,4897,3111,2109,1569,1153,897,7812,1,1,1,1
22.3500,2358,1,1,25972,0,49711,0.522470,1,19,19,21,207325,27.44546,0.01200,2.35485,0.01546,1,1,2,1.074985,1.000000,1.563878,-0.018195,-0.018164,14.942032,3892,0.001216,0.076568,20521,8433,4620,2961,2037,1478,1170,869,7621,1,1,1,1
22.4000,2358,1,1,26153,1,49933,0.523772,1,1,10,38,71002,27.48014,0.01200,2.35485,0.01546,0,1,3,1.484208,1.080223,1.080223,-0.035460,-0.035292,14.925815,3775,0.002365,0.074347,20753,8437,4659,3032,1991,1440,1096,909,7615,1,1,1,1
23.0000,2358,1,1,26420,0,50865,0.519424,1,1,5,256,100858,27.89609,0.01200,2.35485,0.01546,1,0,3,1.177299,1.000000,1.013462,-0.243395,-0.243326,14.717073,2359,0.016534,0.047118,21253,8625,4688,3020,2095,1441,1131,935,7676,1,1,1,1
23.9000,2358,1,1,27210,0,52299,0.520288,1,18,18,165,79131,28.51987,0.01200,2.35485,0.01546,1,1,2,1.176252,1.000000,3.661167,-0.555577,-0.555508,14.405039,237,0.038563,0.004836,21764,8925,4971,2968,2189,1524,1148,952,7857,1,1,1,1
22.3500,2359,1,1,25941,1,49825,0.520653,2,12,12,79,57252,27.46009,0.01001,2.36559,0.01384,0,1,3,5.237877,4.483252,4.483252,-0.011991,-0.011289,14.949959,3892,0.000755,0.076495,20651,8381,4654,3018,2045,1511,1179,864,7521,1,1,1,1
22.4000,2359,1,1,26037,1,50006,0.520688,6,23,23,165,48791,27.49476,0.01001,2.36559,0.01384,0,1,3,12.138458,10.279796,10.279796,-0.029503,-0.028445,14.932835,3774,0.001905,0.074260,20825,8433,4709,2947,1999,1441,1124,918,7609,1,1,1,1
23.0000,2359,1,1,26404,0,50910,0.518651,1,15,748,748,88645,27.91083,0.01001,2.36559,0.01384,1,1,2,1.250658,1.000000,4.656311,-0.237368,-0.237273,14.723424,2358,0.016115,0.047058,20944,8858,4794,2990,2062,1526,1186,942,7607,1,1,1,1
23.9000,2359,1,1,27018,0,51775,0.521845,2,8,12,16,46020,28.53463,0.01001,2.36559,0.01384,1,1,2,1.301228,1.000000,2.950823,-0.549172,-0.549060,14.412105,235,0.038097,0.004791,21377,8919,4858,2944,2113,1531,1141,864,8027,1,1,1,1
22.3500,2360,1,1,25920,0,49748,0.521036,2,11,11,41,1906112,27.46082,0.01030,2.37081,0.01602,1,1,2,1.413798,1.000000,6.108302,-0.011737,-0.011590,14.949415,3895,0.000775,0.076524,20596,8545,4464,3032,2008,1451,1118,923,7610,1,1,1,1
22.4000,2360,1,1,25960,0,49900,0.520251,2,108,108,188,28540,27.49548,0.01030,2.37081,0.01602,1,1,2,1.403922,1.000000,53.010381,-0.029523,-0.029379,14.931581,3777,0.001968,0.074294,20506,8550,4656,2943,2102,1509,1141,960,7532,1,1,1,1
23.0000,2360,1,1,26613,1,51076,0.521057,2,5,12,53,123574,27.91137,0.01030,2.37081,0.01602,0,1,3,3.949990,2.975785,2.975785,-0.236856,-0.236274,14.724973,2361,0.016046,0.047093,21269,8792,4714,3016,2054,1483,1159,907,7681,1,1,1,1
23.9000,2360,1,1,27079,1,51737,0.523407,1,1,8,54,163794,28.53520,0.01030,2.37081,0.01602,0,0,3,1.207214,1.011226,1.011226,-0.548521,-0.548441,14.412806,237,0.038052,0.004830,21401,8751,4739,3136,2110,1500,1174,924,8001,1,1,1,1
22.3500,2361,1,1,26121,1,49944,0.523016,2,8,73,73,45523,27.45463,0.01298,2.37012,0.01435,0,0,3,1.430846,1.098038,1.098038,-0.013018,-0.012866,14.947917,3895,0.000861,0.076499,20762,8452,4582,2922,2051,1481,1121,945,7627,1,1,1,1
22.4000,2361,1,1,26138,0,49916,0.523650,1,8,20,108,39321,27.48927,0.01298,2.37012,0.01435,1,1,2,1.257542,1.000000,2.769143,-0.030540,-0.030443,14.930266,3775,0.002039,0.074230,20671,8418,4628,2943,2071,1554,1117,929,7584,1,1,1,1
23.0000,2361,1,1,26670,0,51147,0.521448,2,3,14,63,290445,27.90528,0.01298,2.37012,0.01435,1,0,2,1.319701,1.000000,1.393583,-0.238399,-0.238281,14.722872,2358,0.016184,0.047020,21390,8663,4769,2999,2072,1512,1147,895,7699,1,1,1,1
23.9000,2361,1,1,27173,1,52085,0.521715,1,24,105,453,70625,28.52885,0.01298,2.37012,0.01435,0,1,3,2.225171,1.583060,1.287156,-0.550167,-0.549828,14.411138,234,0.038153,0.004767,21682,8840,4790,3107,2125,1616,1191,913,7820,1,1,1,1
22.3500,2362,1,1,26195,1,50087,0.523000,2,5,102,102,20244,27.45084,0.01059,2.37314,0.01536,0,1,3,2.474145,2.206480,2.206480,-0.016163,-0.015780,14.945528,3899,0.001056,0.076557,20843,8461,4635,3046,2068,1499,1153,884,7497,1,1,1,1
22.4000,2362,1,1,26210,0,50291,0.521177,1,137,137,137,145102,27.48547,0.01059,2.37314,0.01536,1,1,2,1.107066,1.000000,15.624117,-0.033892,-0.033849,14.926496,3780,0.002268,0.074316,20996,8611,4680,3009,1979,1467,1114,891,7543,1,1,1,1
23.0000,2362,1,1,26532,0,50785,0.522448,1,6,15,85,44655,27.90159,0.01059,2.37314,0.01536,1,1,2,1.214893,1.000000,1.678900,-0.241481,-0.241398,14.719234,2359,0.016400,0.047031,21048,8667,4664,2972,1983,1570,1139,960,7781,1,1,1,1
23.9000,2362,1,1,27074,0,52345,0.517232,196,2,196,196,66968,28.52519,0.01059,2.37314,0.01536,1,1,3,1.385672,1.000000,1.110316,-0.553185,-0.553047,14.408047,235,0.038385,0.004786,21826,8967,4836,3036,2120,1506,1191,980,7882,1,1,1,1
22.3500,2363,1,1,26075,1,50137,0.520085,18,3,42,171,49476,27.45987,0.01387,2.37349,0.01434,0,1,3,2.018805,1.571787,1.571787,-0.010121,-0.009824,14.951451,3899,0.000657,0.076495,20805,8540,4710,3017,1992,1455,1166,943,7508,1,1,1,1
22.4000,2363,1,1,25956,0,49810,0.521111,13,4,13,81,42585,27.49449,0.01387,2.37349,0.01434,1,1,2,1.413677,1.000000,2.101820,-0.027489,-0.027343,14.933684,3780,0.001831,0.074248,20534,8468,4581,3033,2060,1516,1201,853,7563,1,1,1,1
23.0000,2363,1,1,26320,0,50620,0.519963,5,9,9,56,250470,27.91043,0.01387,2.37349,0.01434,1,0,2,1.192893,1.000000,2.046062,-0.235456,-0.235381,14.725843,2363,0.015984,0.047070,21053,8545,4663,2975,2092,1490,1101,902,7798,1,1,1,1
23.9000,2363,1,1,27168,0,52157,0.520899,2,42,186,186,173078,28.53406,0.01387,2.37349,0.01434,1,1,2,1.034893,1.000000,1.513053,-0.547207,-0.547192,14.412690,236,0.037966,0.004803,21604,8859,4832,3133,2108,1574,1173,959,7914,1,1,1,1
22.3500,2364,1,1,26148,0,50047,0.522479,1482,2,1482,1482,82287,27.45446,0.01358,2.36265,0.01486,1,0,3,1.306511,1.000000,1.018320,-0.012760,-0.012647,14.948515,3900,0.000846,0.076497,20744,8580,4526,2927,2099,1439,1135,941,7655,1,1,1,1
22.4000,2364,1,1,25938,0,50028,0.518480,1,54,54,61,2767308,27.48906,0.01358,2.36265,0.01486,1,1,2,1.067551,1.000000,3.878071,-0.030358,-0.030330,14.929826,3783,0.002032,0.074295,20731,8492,4745,2976,2001,1497,1138,836,7611,1,1,1,1
23.0000,2364,1,1,26307,1,50880,0.517050,1,7,32,190,24278,27.90513,0.01358,2.36265,0.01486,0,0,3,3.403477,2.702550,2.702550,-0.238315,-0.237797,14.722917,2363,0.016151,0.047060,21183,8599,4648,3055,2016,1546,1158,915,7759,1,1,1,1
23.9000,2364,1,1,27022,0,52172,0.517951,1,1,26,26,45106,28.52878,0.01358,2.36265,0.01486,1,1,3,1.412803,1.000000,1.123269,-0.549944,-0.549798,14.411199,242,0.038151,0.004924,21577,8922,4909,3106,2141,1545,1193,915,7863,1,1,1,1
22.3500,2365,1,1,26041,1,49866,0.522230,2,12,19,22,546504,27.44824,0.01057,2.36228,0.01893,0,0,3,1.441058,1.124975,1.124975,-0.017306,-0.017151,14.943598,3899,0.001148,0.076470,20670,8453,4600,2918,2120,1546,1116,954,7488,1,1,1,1
22.4000,2365,1,1,25788,0,49904,0.516763,6,7,35,40,59963,27.48312,0.01057,2.36228,0.01893,1,0,2,1.196553,1.000000,1.583734,-0.034822,-0.034746,14.926477,3788,0.002328,0.074378,20702,8482,4657,2849,2024,1478,1140,947,7624,1,1,1,1
23.0000,2365,1,1,26730,0,51277,0.521297,200,53,268,268,198611,27.89900,0.01057,2.36228,0.01893,1,0,2,1.024504,1.000000,1.325764,-0.242730,-0.242720,14.718579,2360,0.016491,0.046994,21403,8666,4935,3002,2034,1552,1169,900,7615,1,1,1,1
23.9000,2365,1,1,27213,1,52138,0.521952,1,57,57,92,201021,28.52269,0.01057,2.36228,0.01893,0,1,3,10.456254,10.142696,10.142696,-0.555003,-0.554011,14.407291,233,0.038454,0.004740,21581,8864,4839,3109,2182,1535,1206,943,7878,1,1,1,1
22.3500,2366,1,1,26258,0,50130,0.523809,1,79,79,79,114727,27.44797,0.01027,2.37547,0.01461,1,0,2,1.117683,1.000000,9.993644,-0.018246,-0.018199,14.943060,3901,0.001218,0.076480,20971,8522,4512,3031,1998,1458,1170,863,7604,1,1,1,1
22.4000,2366,1,1,26116,0,50023,0.522090,1,8,21,31,263675,27.48254,0.01027,2.37547,0.01461,1,1,2,1.333066,1.000000,3.495973,-0.035309,-0.035188,14.925957,3783,0.002357,0.074251,20744,8622,4603,2911,1954,1511,1141,906,7630,1,1,1,1
23.0000,2366,1,1,26382,0,50715,0.520211,1,13,17,134,108691,27.89855,0.01027,2.37547,0.01461,1,1,2,1.102126,1.000000,1.576619,-0.243140,-0.243099,14.718167,2364,0.016517,0.047055,20868,8791,4798,2973,2041,1494,1092,912,7745,1,1,1,1
23.9000,2366,1,1,27159,1,52194,0.520357,1,1,5,28,2493612,28.52226,0.01027,2.37547,0.01461,0,0,3,1.696829,1.222400,1.222400,-0.554947,-0.554724,14.406201,234,0.038506,0.004759,21692,8871,4854,3051,2163,1529,1147,938,7948,1,1,1,1
22.3500,2367,1,1,26121,1,49924,0.523226,11,10,32,262,34619,27.44745,0.01027,2.37676,0.01805,0,1,3,3.352412,3.119340,3.119340,-0.018158,-0.017647,14.942106,3901,0.001181,0.076452,20802,8441,4473,3043,2023,1488,1163,921,7569,1,1,1,1
22.4000,2367,1,1,26125,1,50058,0.521905,3,2,7,118,112927,27.48201,0.01027,2.37676,0.01805,0,1,3,1.376474,1.137322,1.137322,-0.035214,-0.035079,14.926137,3788,0.002350,0.074317,20856,8406,4627,2893,2021,1503,1164,863,7724,1,1,1,1
23.0000,2367,1,1,26579,1,51066,0.520493,1,5,8,319,73931,27.89813,0.01027,2.37676,0.01805,0,0,3,2.527814,1.878192,1.878192,-0.243386,-0.242995,14.717857,2362,0.016510,0.046996,21014,8881,4862,3005,2059,1498,1118,970,7658,1,1,1,1
23.9000,2367,1,1,27052,0,51991,0.520331,1,199,199,199,93422,28.52188,0.01027,2.37676,0.01805,1,1,2,1.345603,1.000000,81.065315,-0.556057,-0.555932,14.404920,232,0.038593,0.004716,21528,8871,4815,3058,2080,1611,1195,893,7939,1,1,1,1
22.3500,2368,1,1,26244,0,50105,0.523791,1,9,30,66,24341,27.45191,0.00913,2.38263,0.01764,1,1,2,1.192121,1.000000,2.065825,-0.016303,-0.016229,14.944359,3912,0.001086,0.076624,20805,8712,4555,2959,1995,1426,1149,868,7635,1,1,1,1
22.4000,2368,1,1,26339,1,50461,0.521978,2,3,14,54,82492,27.48675,0.00913,2.38263,0.01764,0,1,3,2.744283,2.089763,2.089763,-0.033723,-0.033297,14.927067,3792,0.002231,0.074360,21056,8620,4697,2940,1993,1506,1178,915,7555,1,1,1,1
23.0000,2368,1,1,26416,0,50861,0.519387,4,10,10,323,58525,27.90269,0.00913,2.38263,0.01764,1,1,2,1.377460,1.000000,4.689587,-0.241870,-0.241735,14.719370,2373,0.016423,0.047190,21082,8607,4695,2966,2043,1543,1195,915,7814,1,1,1,1
23.9000,2368,1,1,27254,0,52354,0.520581,1,2,5,12310,364513,28.52647,0.00913,2.38263,0.01764,1,1,2,1.410563,1.000000,1.677383,-0.553537,-0.553392,14.407593,240,0.038410,0.004876,21686,8984,4884,3133,2080,1534,1131,948,7973,1,1,1,1
22.3500,2369,1,1,26107,1,50090,0.521212,45,9,45,92,181030,27.44569,0.00818,2.36808,0.01994,0,1,3,4.387428,3.825930,3.825930,-0.020214,-0.019590,14.941714,3909,0.001311,0.076547,20886,8571,4619,2895,2028,1451,1148,861,7630,1,1,1,1
22.4000,2369,1,1,25929,1,50087,0.517690,17,3,17,691,153586,27.48022,0.00818,2.36808,0.01994,0,1,3,2.417456,1.754073,1.754073,-0.037310,-0.036938,14.924315,3790,0.002475,0.074303,20687,8589,4640,2919,2142,1444,1137,939,7589,1,1,1,1
23.0000,2369,1,1,26483,1,50734,0.522007,6,7,20,248,40337,27.89628,0.00818,2.36808,0.01994,0,1,3,1.182226,1.023863,1.023863,-0.245231,-0.245160,14.716083,2368,0.016659,0.047081,21071,8472,4777,2928,2026,1593,1139,938,7789,1,1,1,1
23.9000,2369,1,1,27373,1,52439,0.522007,1,7,24,24,36237,28.52009,0.00818,2.36808,0.01994,0,1,3,3.627675,3.236393,3.236393,-0.557374,-0.556830,14.404476,238,0.038657,0.004834,21975,8766,4955,3111,2101,1573,1204,922,7831,1,1,1,1
22.3500,2370,1,1,26096,0,50134,0.520535,1,3,19,19,127610,27.44372,0.01057,2.37102,0.01437,1,1,2,1.269832,1.000000,1.364430,-0.019682,-0.019581,14.941152,3915,0.001311,0.076635,20595,8667,4663,3056,2011,1529,1180,869,7563,1,1,1,1
22.4000,2370,1,1,25972,0,49870,0.520805,1,2,16,76,3811027,27.47853,0.01057,2.37102,0.01437,1,1,3,1.316574,1.000000,1.194504,-0.037056,-0.036940,14.923868,3791,0.002475,0.074293,20572,8559,4523,3017,2003,1495,1142,891,7667,1,1,1,1
23.0000,2370,1,1,26512,0,50780,0.522106,9,33,33,533,40090,27.89441,0.01057,2.37102,0.01437,1,1,2,1.183336,1.000000,6.711154,-0.245366,-0.245295,14.715274,2371,0.016669,0.047124,21029,8646,4550,3062,2112,1532,1200,851,7797,1,1,1,1
23.9000,2370,1,1,27264,0,52239,0.521919,46,3,46,46,19526,28.51825,0.01057,2.37102,0.01437,1,1,3,1.331572,1.000000,1.298717,-0.556923,-0.556802,14.404028,239,0.038656,0.004853,21568,8920,4903,3076,2138,1506,1217,975,7935,1,1,1,1
22.3500,2371,1,1,26237,1,50125,0.523442,1,2,87,87,39163,27.44255,0.00788,2.36524,0.02114,0,1,3,1.416887,1.095391,1.095391,-0.021465,-0.021318,14.939854,3913,0.001427,0.076570,20842,8541,4540,3049,2044,1490,1162,867,7589,1,1,1,1
22.4000,2371,1,1,26064,0,49999,0.521301,1,5,5,88,382611,27.47734,0.00788,2.36524,0.02114,1,1,2,1.401639,1.000000,2.957953,-0.039069,-0.038927,14.922030,3796,0.002609,0.074369,20606,8471,4674,2964,2042,1536,1180,887,7638,1,1,1,1
23.0000,2371,1,1,26222,0,50587,0.518365,1,13,65,78,1066611,27.89335,0.00788,2.36524,0.02114,1,1,2,1.154945,1.000000,2.318847,-0.247020,-0.246959,14.713541,2370,0.016784,0.047090,20836,8513,4780,2971,2029,1480,1214,952,7811,1,1,1,1
23.9000,2371,1,1,27348,0,52401,0.521908,1,10,11,41,37226,28.51692,0.00788,2.36524,0.02114,1,1,2,1.215909,1.000000,2.790697,-0.558844,-0.558762,14.401876,242,0.038798,0.004912,21819,8936,4874,3075,2132,1573,1152,933,7906,1,1,1,1
22.3500,2372,1,1,26073,1,50019,0.521272,7,2,162,5019,196688,27.44318,0.00817,2.37833,0.01537,0,1,3,2.106373,1.540749,1.540749,-0.021267,-0.020953,14.940164,3913,0.001402,0.076536,20716,8412,4727,2946,2115,1482,1158,883,7579,1,1,1,1
22.4000,2372,1,1,26163,1,50170,0.521497,3,8,8,167,92225,27.47766,0.00817,2.37833,0.01537,0,0,3,2.613590,2.368281,2.368281,-0.038598,-0.038193,14.922144,3796,0.002559,0.074337,20737,8655,4683,2881,2019,1491,1144,902,7657,1,1,1,1
23.0000,2372,1,1,26689,1,51197,0.521310,1,1,478,478,187595,27.89378,0.00817,2.37833,0.01537,0,1,3,1.438901,1.070734,1.070734,-0.246492,-0.246338,14.714799,2374,0.016741,0.047145,21392,8583,4679,3068,2066,1566,1135,909,7798,1,1,1,1
23.9000,2372,1,1,27222,0,52238,0.521125,2,378,378,776,87791,28.51738,0.00817,2.37833,0.01537,1,1,2,1.009634,1.000000,3.689101,-0.558554,-0.558550,14.400801,237,0.038786,0.004809,21827,8788,4850,2977,2049,1628,1198,973,7947,1,1,1,1
22.3500,2373,1,1,26086,0,50112,0.520564,2,3,3,38,17823914,27.43687,0.00846,2.37549,0.01624,1,0,3,1.272038,1.000000,1.265308,-0.024134,-0.024033,14.937152,3911,0.001609,0.076480,20751,8583,4682,2920,2064,1467,1180,891,7573,1,1,1,1
22.4000,2373,1,1,26259,1,50361,0.521426,1,17,17,17,135216,27.47163,0.00846,2.37549,0.01624,0,1,3,2.389032,1.821294,1.794263,-0.041581,-0.041214,14.919587,3794,0.002762,0.074279,20962,8503,4711,3027,2036,1517,1139,842,7623,1,1,1,1
23.0000,2373,1,1,26590,0,51000,0.521383,2,58,156,156,59673,27.88758,0.00846,2.37549,0.01624,1,0,2,1.020780,1.000000,1.318424,-0.249485,-0.249476,14.711826,2368,0.016958,0.047016,21118,8549,4781,3056,2092,1505,1166,1021,7711,1,1,1,1
23.9000,2373,1,1,27198,0,52201,0.521034,1,22,22,92,80200,28.51121,0.00846,2.37549,0.01624,1,1,2,1.399017,1.000000,11.420506,-0.561765,-0.561624,14.399327,233,0.039003,0.004727,21653,8924,4833,3047,2101,1545,1202,948,7947,1,1,1,1
22.3500,2374,1,1,26362,0,50389,0.523180,1,10,21,66,35526,27.43841,0.00787,2.37011,0.01819,1,1,2,1.143555,1.000000,1.638664,-0.023608,-0.023552,14.936919,3917,0.001577,0.076566,21237,8331,4736,2843,2030,1513,1163,885,7650,1,1,1,1
22.4000,2374,1,1,26055,1,50260,0.518415,1,58,66,66,367190,27.47316,0.00787,2.37011,0.01819,0,1,3,25.018499,22.317759,22.317759,-0.041532,-0.040176,14.919724,3798,0.002693,0.074326,20819,8525,4651,2990,2069,1557,1143,915,7590,1,1,1,1
23.0000,2374,1,1,26771,1,51157,0.523321,1,13,14,35,1683050,27.88922,0.00787,2.37011,0.01819,0,1,3,7.797427,6.470771,6.470771,-0.249303,-0.248438,14.712858,2373,0.016886,0.047092,21132,8764,4756,3066,2125,1493,1122,956,7742,1,1,1,1
23.9000,2374,1,1,27161,1,52238,0.519957,1,12,12,119,816404,28.51288,0.00787,2.37011,0.01819,0,1,3,3.502546,3.141255,3.141255,-0.560978,-0.560450,14.400812,237,0.038918,0.004805,21708,8776,4823,3089,2176,1552,1152,966,7995,1,1,1,1
22.3500,2375,1,1,26109,1,50052,0.521648,1,1,6,12,42662,27.44460,0.00787,2.38364,0.01521,0,1,3,1.594529,1.133236,1.133236,-0.020625,-0.020428,14.940631,3917,0.001367,0.076515,20647,8634,4608,2977,2080,1479,1140,857,7629,1,1,1,1
22.4000,2375,1,1,26306,0,50329,0.522691,1,18,303,303,36354,27.47933,0.00787,2.38364,0.01521,1,1,2,1.205135,1.000000,4.405530,-0.038280,-0.038201,14.922417,3797,0.002560,0.074261,20882,8553,4633,3051,2075,1550,1121,873,7590,1,1,1,1
23.0000,2375,1,1,26622,0,51268,0.519281,3,5,5,36,27168,27.89522,0.00787,2.38364,0.01521,1,1,2,1.340398,1.000000,2.413745,-0.246093,-0.245970,14.714876,2372,0.016716,0.047046,21371,8606,4801,3059,2098,1523,1156,937,7716,1,1,1,1
23.9000,2375,1,1,27222,0,52505,0.518475,1,20,20,50,78078,28.51891,0.00787,2.38364,0.01521,1,1,2,1.128562,1.000000,2.850621,-0.557975,-0.557924,14.402502,235,0.038738,0.004762,22035,8895,4806,2971,2162,1533,1195,899,8008,1,1,1,1
22.3500,2376,1,1,26191,1,50151,0.522253,2,4,10,75,300990,27.44453,0.00815,2.37612,0.01791,0,0,3,1.390442,1.035093,1.035093,-0.020394,-0.020255,14.940596,3921,0.001356,0.076561,20773,8462,4765,3098,1968,1433,1110,935,7606,1,1,1,1
22.4000,2376,1,1,26312,0,50438,0.521681,1,12,23,380,90446,27.47924,0.00815,2.37612,0.01791,1,1,2,1.397912,1.000000,6.275161,-0.038138,-0.037997,14.923082,3801,0.002546,0.074305,20856,8648,4726,3088,2117,1503,1117,881,7501,1,1,1,1
23.0000,2376,1,1,26525,1,51276,0.517309,7,2,42,42,68026,27.89525,0.00815,2.37612,0.01791,0,1,3,1.272363,1.103301,1.103301,-0.245757,-0.245655,14.714644,2375,0.016695,0.047086,21353,8682,4751,3017,2112,1522,1213,928,7697,1,1,1,1
23.9000,2376,1,1,27305,1,52354,0.521556,3,5,9,34,452378,28.51896,0.00815,2.37612,0.01791,0,1,3,2.832025,2.416441,2.416441,-0.557797,-0.557359,14.402974,237,0.038697,0.004800,21826,8792,4940,3082,2108,1559,1175,940,7931,1,1,1,1
22.3500,2377,1,1,26222,0,50127,0.523122,1,266,266,266,174814,27.44099,0.00844,2.37272,0.01602,1,1,2,1.019598,1.000000,5.275860,-0.022267,-0.022258,14.937394,3919,0.001490,0.076506,20795,8585,4648,2999,2002,1486,1091,847,7673,1,1,1,1
22.4000,2377,1,1,26221,1,50326,0.521033,8,37,37,37,72015,27.47569,0.00844,2.37272,0.01602,0,1,3,1.480214,1.251300,1.251300,-0.039311,-0.039146,14.922085,3799,0.002623,0.074240,20794,8523,4770,3017,2049,1504,1158,882,7628,1,1,1,1
23.0000,2377,1,1,26401,1,50824,0.519470,1,71,99,107,102699,27.89181,0.00844,2.37272,0.01602,0,1,3,1.728678,1.325186,1.325186,-0.247372,-0.247142,14.714024,2374,0.016796,0.047048,21011,8589,4793,2985,2027,1488,1089,926,7915,1,1,1,1
23.9000,2377,1,1,27258,0,52427,0.519933,2,11,34,34,97729,28.51555,0.00844,2.37272,0.01602,1,1,2,1.282275,1.000000,3.785382,-0.559480,-0.559376,14.401380,233,0.038842,0.004718,22015,8813,4797,3095,2148,1474,1184,945,7955,1,1,1,1
22.3500,2378,1,1,26178,0,50222,0.521256,1,2,99,99,36352,27.43414,0.00844,2.36823,0.01802,1,1,3,1.323014,1.000000,1.121642,-0.025536,-0.025418,14.935402,3919,0.001702,0.076484,20836,8488,4768,2953,2048,1426,1139,863,7700,1,1,1,1
22.4000,2378,1,1,26009,1,50376,0.516308,1,47,47,99,67654,27.46883,0.00844,2.36823,0.01802,0,1,3,7.445336,7.249320,7.249320,-0.043290,-0.042446,14.918858,3800,0.002845,0.074244,20946,8579,4666,2923,2046,1481,1142,881,7711,1,1,1,1
23.0000,2378,1,1,26752,0,51384,0.520639,2,1,11,26,154958,27.88477,0.00844,2.36823,0.01802,1,1,3,1.391080,1.000000,1.075009,-0.250859,-0.250720,14.710215,2377,0.017044,0.047100,21514,8748,4735,3002,2081,1533,1097,917,7756,1,1,1,1
23.9000,2378,1,1,27449,1,52527,0.522579,14,112,112,112,85064,28.50855,0.00844,2.36823,0.01802,0,0,3,1.221541,1.153789,1.153789,-0.562764,-0.562679,14.397428,233,0.039082,0.004717,21787,9047,4910,3118,2121,1540,1187,893,7923,1,1,1,1
22.3500,2379,1,1,26101,1,50124,0.520739,94,29,94,94,88968,27.42809,0.00756,2.37208,0.01982,0,1,3,7.979546,7.614021,7.614021,-0.029321,-0.028448,14.932858,3925,0.001905,0.076582,20679,8582,4598,2946,2105,1523,1165,852,7673,1,1,1,1
22.4000,2379,1,1,26258,0,50501,0.519960,4,9,9,63,15827,27.46276,0.00756,2.37208,0.01982,1,0,2,1.217088,1.000000,2.342753,-0.046407,-0.046324,14.914891,3806,0.003106,0.074350,21037,8493,4810,3022,1976,1507,1165,861,7629,1,1,1,1
23.0000,2379,1,1,26486,0,51102,0.518307,15,1,81,847,702969,27.87882,0.00756,2.37208,0.01982,1,1,3,1.399363,1.000000,1.021793,-0.254254,-0.254112,14.706965,2379,0.017278,0.047131,21138,8639,4822,3060,2073,1502,1217,939,7711,1,1,1,1
23.9000,2379,1,1,27132,0,52304,0.518747,5,2,7,200,148561,28.50262,0.00756,2.37208,0.01982,1,1,3,1.411700,1.000000,1.279278,-0.566215,-0.566070,14.394974,237,0.039324,0.004797,21836,8722,4858,3067,2091,1637,1152,974,7966,1,1,1,1
22.3500,2380,1,1,26405,1,50592,0.521931,1,16,16,16,151363,27.42556,0.00785,2.36024,0.01722,0,1,3,3.652414,3.495795,3.495795,-0.030462,-0.029918,14.931379,3928,0.002004,0.076616,20978,8664,4739,3002,2074,1544,1199,951,7440,1,1,1,1
22.4000,2380,1,1,26261,1,50364,0.521434,17,10,17,89,41654,27.46022,0.00785,2.36024,0.01722,0,0,3,1.454620,1.397798,1.397798,-0.047599,-0.047441,14.912516,3807,0.003181,0.074350,20989,8616,4574,2897,1998,1439,1156,946,7748,1,1,1,1
23.0000,2380,1,1,26582,0,51114,0.520063,1,9,22,874,262189,27.87611,0.00785,2.36024,0.01722,1,1,2,1.267890,1.000000,3.206986,-0.255718,-0.255618,14.705116,2379,0.017383,0.047117,21047,8818,4752,3009,2155,1528,1169,936,7699,1,1,1,1
23.9000,2380,1,1,27383,1,52506,0.521531,1,45,45,393,113821,28.49994,0.00785,2.36024,0.01722,0,1,3,24.553382,20.709217,20.709217,-0.568026,-0.566681,14.394616,237,0.039368,0.004795,21676,9069,5002,3052,2148,1543,1179,905,7931,1,1,1,1
22.3500,2381,1,1,26206,0,50097,0.523116,2,3,17,34,1895797,27.42425,0.01011,2.37237,0.01918,1,1,3,1.127568,1.000000,1.077055,-0.029631,-0.029581,14.931711,3924,0.001981,0.076504,20823,8540,4580,2979,2012,1479,1130,936,7617,1,1,1,1
22.4000,2381,1,1,26359,1,50385,0.523162,1,6,6,40,30826,27.45889,0.01011,2.37237,0.01918,0,1,3,1.472251,1.219513,1.219513,-0.046987,-0.046825,14.914396,3806,0.003140,0.074290,20938,8649,4647,2952,2084,1469,1152,875,7618,1,1,1,1
23.0000,2381,1,1,26560,0,51254,0.518214,2,13,30,38,328939,27.87490,0.01011,2.37237,0.01918,1,0,2,1.190459,1.000000,3.010762,-0.255179,-0.255106,14.706122,2376,0.017347,0.047034,21331,8664,4855,3069,2078,1576,1078,892,7710,1,1,1,1
23.9000,2381,1,1,27200,0,52227,0.520813,1,1,128,144,137906,28.49847,0.01011,2.37237,0.01918,1,0,3,1.412847,1.000000,1.343981,-0.566789,-0.566644,14.394395,234,0.039366,0.004732,21456,8986,4887,3068,2173,1571,1194,927,7964,1,1,1,1
22.3500,2382,1,1,26055,1,50349,0.517498,1,9,19,2820,182908,27.42377,0.00784,2.37411,0.01680,0,1,3,1.520989,1.364740,1.364740,-0.030959,-0.030783,14.930480,3928,0.002062,0.076556,21004,8497,4702,2948,2018,1533,1139,867,7640,1,1,1,1
22.4000,2382,1,1,26229,1,50251,0.521970,12,6,12,162,19300,27.45840,0.00784,2.37411,0.01680,0,1,3,3.429910,2.860921,2.860921,-0.048427,-0.047909,14.913364,3809,0.003213,0.074322,20796,8483,4753,2995,2091,1428,1219,870,7615,1,1,1,1
23.0000,2382,1,1,26814,0,51194,0.523783,23,48,48,168,188469,27.87452,0.00784,2.37411,0.01680,1,1,2,1.219895,1.000000,11.811411,-0.256787,-0.256703,14.703947,2379,0.017458,0.047081,21266,8732,4645,3032,2113,1598,1135,937,7735,1,1,1,1
23.9000,2382,1,1,27311,1,52054,0.524677,1,2,41,59,66472,28.49812,0.00784,2.37411,0.01680,0,0,3,1.675880,1.188578,1.188578,-0.568087,-0.567870,14.393116,236,0.039454,0.004771,21497,8783,4868,3097,2189,1538,1156,875,8050,1,1,1,1
