k,n,ok,brk,idx,parity,len,irat,pqat,pqnext,pqw5,pqw20,pqmax,logh11,logh22,logmz,logg0,incone,redst,jhi,rho,rho2,skew,loglam1,logcone,logq,v2qp,dinf,d2,q1,q2,q3,q4,q5,q6,q7,q8,q9,cY,cX,cIdx,intq
22.3500,4483,1,1,49569,1,95084,0.521323,1,4,45,125,657364,27.49661,0.00232,2.37160,0.00721,0,1,3,3.160405,2.511342,2.511342,0.003074,0.003331,14.964450,7403,-0.000223,0.076490,39569,16087,8790,5600,3829,2877,2165,1706,14460,1,1,1,1
22.4000,4483,1,1,49364,0,94762,0.520932,1,8,47,47,140200,27.53125,0.00232,2.37160,0.00721,1,0,2,1.187286,1.000000,1.936306,-0.014214,-0.014176,14.947241,7177,0.000948,0.074240,39262,15946,8790,5662,3795,2858,2242,1657,14549,1,1,1,1
23.0000,4483,1,1,50440,0,96613,0.522088,1,26,26,39,379523,27.94717,0.00232,2.37160,0.00721,1,0,2,1.068613,1.000000,1.975357,-0.222173,-0.222158,14.739286,4487,0.015073,0.047069,40216,16424,8793,5628,3914,2880,2195,1731,14831,1,1,1,1
23.9000,4483,1,1,51709,1,99089,0.521849,1,66,809,809,620303,28.57089,0.00232,2.37160,0.00721,0,1,3,23.548161,21.809967,21.809967,-0.534307,-0.533602,14.427853,453,0.036984,0.004855,41034,16983,9192,5831,3983,2991,2309,1836,14929,1,1,1,1
22.3500,4484,1,1,49346,0,94705,0.521055,1,46,46,46,3185652,27.49823,0.00247,2.37047,0.00725,1,1,2,1.409269,1.000000,23.362187,0.003766,0.003842,14.965166,7405,-0.000257,0.076490,39427,15919,8799,5418,3780,2909,2165,1766,14521,1,1,1,1
22.4000,4484,1,1,49962,0,95157,0.525054,1,16,16,277,43439,27.53286,0.00247,2.37047,0.00725,1,1,3,1.059578,1.000000,1.117780,-0.013199,-0.013186,14.948261,7179,0.000882,0.074239,39789,16010,8781,5525,3894,2806,2203,1663,14485,1,1,1,1
23.0000,4484,1,1,50323,1,96682,0.520506,2,2337,2337,2337,84987,27.94884,0.00247,2.37047,0.00725,0,1,3,35.521052,34.951260,34.951260,-0.221583,-0.220787,14.740670,4488,0.014978,0.047065,40115,16396,9027,5712,3914,2878,2270,1770,14599,1,1,1,1
23.9000,4484,1,1,51642,0,98783,0.522788,6,2,13,127,1497552,28.57258,0.00247,2.37047,0.00725,1,1,3,1.364254,1.000000,1.254179,-0.533072,-0.533003,14.428357,453,0.036941,0.004853,41006,16665,9170,5862,3934,2968,2204,1797,15176,1,1,1,1
22.3500,4485,1,1,49514,0,94873,0.521903,1,2,34,469,97592,27.49199,0.00389,2.37479,0.00935,1,1,2,1.411347,1.000000,1.644466,0.001701,0.001778,14.963097,7401,-0.000119,0.076442,39264,16290,8912,5540,3848,2751,2097,1686,14484,1,1,1,1
22.4000,4485,1,1,49465,1,94977,0.520816,16,53,53,411,69386,27.52676,0.00389,2.37479,0.00935,0,0,3,1.214677,1.154798,1.154798,-0.015647,-0.015604,14.945191,7176,0.001044,0.074207,39366,16093,8824,5542,3948,2771,2183,1747,14502,1,1,1,1
23.0000,4485,1,1,50699,1,96764,0.523950,5,4,12,14,138018,27.94265,0.00389,2.37479,0.00935,0,0,3,1.846319,1.679579,1.679579,-0.223630,-0.223493,14.737443,4485,0.015165,0.047033,40319,16358,9045,5594,3958,2909,2229,1670,14681,1,1,1,1
23.9000,4485,1,1,51561,1,99358,0.518947,1,18,43,44,134474,28.56640,0.00389,2.37479,0.00935,0,1,3,2.909000,2.602020,2.602020,-0.535560,-0.535322,14.426112,455,0.037108,0.004874,41297,16982,9270,5879,4033,2973,2208,1758,14957,1,1,1,1
22.3500,4486,1,1,49521,1,95105,0.520704,6,68,68,68,284808,27.49172,0.00232,2.36929,0.00860,0,1,3,9.676964,9.207658,9.207658,0.000491,0.000997,14.962447,7406,-0.000067,0.076480,39575,16027,8829,5619,3883,2826,2325,1674,14346,1,1,1,1
22.4000,4486,1,1,49664,0,95326,0.520997,2,4,129,179,1125531,27.52633,0.00232,2.36929,0.00860,1,1,2,1.269607,1.000000,1.435756,-0.016604,-0.016551,14.944604,7182,0.001107,0.074255,39673,16130,8955,5660,3956,2783,2117,1670,14381,1,1,1,1
23.0000,4486,1,1,50296,0,96668,0.520302,1,19,94,94,288930,27.94228,0.00232,2.36929,0.00860,1,1,2,1.222855,1.000000,4.843780,-0.224718,-0.224673,14.736735,4493,0.015246,0.047109,40077,16346,9069,5750,3935,2879,2201,1738,14672,1,1,1,1
23.9000,4486,1,1,51479,1,99117,0.519381,1,8,10,29,5713411,28.56606,0.00232,2.36929,0.00860,0,1,3,5.847243,4.519417,4.519417,-0.536595,-0.536201,14.424792,454,0.037172,0.004863,41154,16821,9306,5845,3999,3003,2260,1796,14932,1,1,1,1
22.3500,4487,1,1,49412,0,94894,0.520713,150,2,150,150,191801,27.49280,0.00382,2.37119,0.00784,1,1,2,1.394194,1.000000,1.396800,0.002044,0.002119,14.963459,7406,-0.000142,0.076458,39446,15969,8862,5571,3789,2904,2159,1718,14475,1,1,1,1
22.4000,4487,1,1,49763,1,95099,0.523281,3,3,14,23,147244,27.52740,0.00382,2.37119,0.00784,0,0,3,1.325153,1.092429,1.092429,-0.015229,-0.015166,14.945936,7183,0.001015,0.074242,39373,16253,8843,5638,3820,2819,2139,1692,14521,1,1,1,1
23.0000,4487,1,1,50619,1,96622,0.523892,7,19,19,28,585342,27.94341,0.00382,2.37119,0.00784,0,1,3,13.266435,9.723802,9.723802,-0.223479,-0.222903,14.737454,4489,0.015125,0.047054,40209,16053,9196,5750,3785,2879,2180,1811,14758,1,1,1,1
23.9000,4487,1,1,51306,0,98749,0.519565,1,2,4,461,276148,28.56720,0.00382,2.37119,0.00784,1,0,3,1.271687,1.000000,1.077467,-0.535116,-0.535062,14.425956,452,0.037090,0.004840,40998,16694,9062,5767,4075,2894,2325,1782,15151,1,1,1,1
22.3500,4488,1,1,49575,1,95063,0.521502,14,2,20,20,131693,27.49426,0.00247,2.37048,0.00954,0,1,3,1.771454,1.378803,1.378803,0.002164,0.002292,14.963682,7410,-0.000153,0.076481,39591,16090,8821,5633,3853,2780,2193,1716,14385,1,1,1,1
22.4000,4488,1,1,49606,0,95315,0.520448,1,23,23,23,163230,27.52901,0.00247,2.37048,0.00954,1,1,2,1.282020,1.000000,7.739209,-0.015408,-0.015353,14.945813,7186,0.001027,0.074257,39535,16216,8941,5578,3967,2840,2207,1689,14341,1,1,1,1
23.0000,4488,1,1,50106,0,96629,0.518545,1,5,26,26,317789,27.94493,0.00247,2.37048,0.00954,1,1,2,1.351714,1.000000,2.858102,-0.223256,-0.223189,14.738035,4493,0.015144,0.047084,40003,16506,8937,5651,3933,2939,2201,1755,14703,1,1,1,1
23.9000,4488,1,1,51732,0,99484,0.520008,1,6,12,164,53509,28.56874,0.00247,2.37048,0.00954,1,1,2,1.166220,1.000000,1.217396,-0.535062,-0.535028,14.426020,453,0.037088,0.004850,41319,16811,9275,5920,4183,3014,2255,1800,14906,1,1,1,1
22.3500,4489,1,1,49725,1,95483,0.520779,2,6,254,254,458092,27.48936,0.00262,2.37620,0.01172,0,0,3,2.556136,2.186190,2.186190,-0.000368,-0.000159,14.960893,7407,0.000011,0.076447,39730,16282,8812,5609,3982,2814,2244,1742,14267,1,1,1,1
22.4000,4489,1,1,49879,1,95277,0.523521,1,2,19,121,57671,27.52394,0.00262,2.37620,0.01172,0,0,3,2.274865,1.718920,1.718920,-0.017632,-0.017449,14.943751,7184,0.001168,0.074231,39317,16374,8911,5663,3856,2917,2118,1725,14395,1,1,1,1
23.0000,4489,1,1,50377,1,96512,0.521982,5,2719,2719,2719,26816,27.93993,0.00262,2.37620,0.01172,0,1,3,10.439542,9.651435,9.621416,-0.225819,-0.225297,14.736145,4489,0.015289,0.047037,40006,16403,8971,5636,3899,2896,2165,1732,14803,1,1,1,1
23.9000,4489,1,1,51394,0,98825,0.520056,5,107,107,140,434622,28.56374,0.00262,2.37620,0.01172,1,1,2,1.281439,1.000000,34.510377,-0.537870,-0.537815,14.423576,449,0.037287,0.004807,40895,16701,9247,5878,4064,3084,2249,1808,14898,1,1,1,1
22.3500,4490,1,1,49474,0,94750,0.522159,1,16,25,25,82573,27.48908,0.00262,2.37602,0.00927,1,0,2,1.126136,1.000000,2.253359,-0.000458,-0.000432,14.961000,7409,0.000029,0.076450,39148,15937,8925,5688,3798,2799,2249,1705,14500,1,1,1,1
22.4000,4490,1,1,49473,1,95087,0.520297,8,10,296,296,336788,27.52381,0.00262,2.37602,0.00927,0,1,3,1.853752,1.315809,1.117653,-0.017745,-0.017607,14.943717,7185,0.001178,0.074224,39329,16019,9083,5618,3875,2860,2157,1704,14441,1,1,1,1
23.0000,4490,1,1,50384,0,96345,0.522959,1,31,31,101,101318,27.93970,0.00262,2.37602,0.00927,1,1,2,1.052578,1.000000,1.757485,-0.225742,-0.225730,14.735718,4490,0.015319,0.047039,39757,16524,9006,5653,3904,2770,2208,1750,14772,1,1,1,1
23.9000,4490,1,1,51534,0,99184,0.519585,1,3,17,49,136758,28.56353,0.00262,2.37602,0.00927,1,0,3,1.235766,1.000000,1.180961,-0.537611,-0.537564,14.423840,452,0.037269,0.004838,41194,16779,9400,5911,3948,2911,2193,1814,15033,1,1,1,1
22.3500,4491,1,1,49619,1,94995,0.522338,130,43,130,130,140635,27.48840,0.00216,2.37085,0.00768,0,0,3,2.497794,2.490181,2.490181,-0.000986,-0.000782,14.959389,7416,0.000052,0.076514,39417,16078,9026,5621,3834,2760,2229,1636,14393,1,1,1,1
22.4000,4491,1,1,49731,1,95257,0.522077,2,3,60,195,2016052,27.52313,0.00216,2.37085,0.00768,0,1,3,2.547113,1.958531,1.958531,-0.018322,-0.018113,14.943293,7190,0.001212,0.074262,39468,16270,8914,5523,3978,2815,2085,1780,14423,1,1,1,1
23.0000,4491,1,1,50309,1,96704,0.520242,1,1,19,338,130177,27.93908,0.00216,2.37085,0.00768,0,0,3,1.957115,1.433751,1.433751,-0.226261,-0.226112,14.735124,4495,0.015345,0.047082,40107,16361,8966,5662,4077,2884,2199,1794,14653,1,1,1,1
23.9000,4491,1,1,51733,1,99071,0.522186,4,2,4,114,50765,28.56277,0.00216,2.37085,0.00768,0,1,3,1.456706,1.210817,1.210817,-0.538085,-0.538001,14.423432,454,0.037300,0.004858,41103,16729,9353,5818,4091,2946,2243,1728,15059,1,1,1,1
22.3500,4492,1,1,49411,1,94626,0.522177,2,11,17,83,257697,27.49448,0.00231,2.37539,0.00796,0,1,3,8.108815,5.821079,5.821079,0.001937,0.002403,14.963858,7418,-0.000161,0.076494,38897,16177,8892,5622,3905,2826,2170,1735,14401,1,1,1,1
22.4000,4492,1,1,49505,1,94959,0.521336,1,5,6,20,85850,27.52905,0.00231,2.37539,0.00796,0,1,3,2.921980,2.371775,2.371775,-0.015245,-0.015006,14.946400,7192,0.001004,0.074250,39259,16060,8860,5677,3840,2835,2165,1711,14551,1,1,1,1
23.0000,4492,1,1,50774,0,97122,0.522791,1,2,20,20,1331402,27.94506,0.00231,2.37539,0.00796,1,1,2,1.353053,1.000000,1.457964,-0.223197,-0.223129,14.738096,4496,0.015140,0.047073,40506,16522,9060,5681,3873,2828,2196,1720,14735,1,1,1,1
23.9000,4492,1,1,51843,1,99295,0.522116,1,40,40,40,8457350,28.56877,0.00231,2.37539,0.00796,0,1,3,25.932789,20.228504,20.228504,-0.535345,-0.534620,14.426837,454,0.037057,0.004856,41212,17030,9223,5871,3955,2944,2275,1735,15049,1,1,1,1
22.3500,4493,1,1,49715,1,95556,0.520276,1,1,17,19,51232,27.49492,0.00247,2.37395,0.00918,0,1,3,1.595513,1.137374,1.137374,0.002471,0.002575,14.963908,7414,-0.000172,0.076436,39827,16239,8912,5615,3837,2871,2182,1724,14348,1,1,1,1
22.4000,4493,1,1,49829,1,95595,0.521257,1,118,118,118,95126,27.52963,0.00247,2.37395,0.00918,0,1,3,1.995705,1.492023,1.394959,-0.014905,-0.014751,14.946621,7191,0.000987,0.074222,39643,16317,8966,5656,3925,2866,2156,1719,14346,1,1,1,1
23.0000,4493,1,1,50345,1,96771,0.520254,1,2887,2887,2887,426543,27.94555,0.00247,2.37395,0.00918,0,1,3,141.681850,140.765323,140.765323,-0.223382,-0.222279,14.739180,4493,0.015081,0.047028,40314,16349,8921,5703,3902,2837,2236,1690,14818,1,1,1,1
23.9000,4493,1,1,51339,1,98967,0.518754,24,2,151,266,739698,28.56928,0.00247,2.37395,0.00918,0,1,3,1.623426,1.161169,1.025211,-0.534689,-0.534582,14.426688,452,0.037055,0.004833,41053,16836,9183,5689,3953,3006,2289,1731,15226,1,1,1,1
22.3500,4494,1,1,49707,1,95336,0.521393,1,5,22,100,92600,27.49780,0.00231,2.37422,0.00826,0,1,3,3.524345,2.786437,2.786437,0.003788,0.004068,14.965162,7419,-0.000272,0.076464,39516,16293,8874,5577,3940,2835,2137,1726,14437,1,1,1,1
22.4000,4494,1,1,49672,0,95335,0.521031,2,11,11,17,56721,27.53251,0.00231,2.37422,0.00826,1,1,2,1.130779,1.000000,1.660469,-0.013506,-0.013479,14.947518,7193,0.000902,0.074222,39296,16474,8903,5637,3833,2930,2224,1678,14359,1,1,1,1
23.0000,4494,1,1,50140,0,96585,0.519134,1,24,24,216,787399,27.94849,0.00231,2.37422,0.00826,1,1,2,1.067832,1.000000,1.757697,-0.221503,-0.221489,14.739366,4496,0.015027,0.047048,39910,16506,8959,5661,4091,2824,2165,1768,14700,1,1,1,1
23.9000,4494,1,1,51766,0,99416,0.520706,1,70,70,284,597966,28.57223,0.00231,2.37422,0.00826,1,0,2,1.050108,1.000000,3.676758,-0.533455,-0.533444,14.428005,452,0.036973,0.004832,41306,16921,9161,5807,4052,2908,2367,1834,15059,1,1,1,1
22.3500,4495,1,1,49746,0,95080,0.523207,33,14,33,86,542926,27.49493,0.00231,2.36926,0.00857,1,1,2,1.098704,1.000000,1.490655,0.002318,0.002339,14.963275,7417,-0.000156,0.076436,39297,16315,8954,5641,3873,2724,2112,1649,14514,1,1,1,1
22.4000,4495,1,1,49624,0,95521,0.519514,1,1,3,101,1773655,27.52962,0.00231,2.36926,0.00857,1,1,3,1.413743,1.000000,1.154938,-0.014994,-0.014917,14.946384,7192,0.000998,0.074201,39942,16144,8833,5593,3856,2810,2109,1615,14618,1,1,1,1
23.0000,4495,1,1,50483,1,97081,0.520014,5,10,17,22,101911,27.94551,0.00231,2.36926,0.00857,0,1,3,6.603701,5.211272,5.211272,-0.223114,-0.222694,14.738744,4495,0.015109,0.047029,40321,16589,8878,5760,4000,2903,2223,1766,14640,1,1,1,1
23.9000,4495,1,1,51644,0,99022,0.521546,1,84,84,149,49105,28.56926,0.00231,2.36926,0.00857,1,1,2,1.012314,1.000000,1.160212,-0.534815,-0.534812,14.425669,451,0.037074,0.004821,41015,16887,9168,5726,4010,3038,2284,1836,15057,1,1,1,1
22.3500,4496,1,1,49882,0,95480,0.522439,1,1,14,23,271317,27.49206,0.00247,2.36508,0.00855,1,1,3,1.368992,1.000000,1.053584,0.001056,0.001126,14.962366,7423,-0.000075,0.076485,39737,16332,8803,5674,3831,2789,2138,1716,14459,1,1,1,1
22.4000,4496,1,1,49897,1,95505,0.522460,1,13,82,95,50087,27.52675,0.00247,2.36508,0.00855,0,0,3,2.871874,2.257342,2.257342,-0.016372,-0.016137,14.945022,7198,0.001080,0.074253,39873,16039,8929,5510,3896,2803,2166,1708,14580,1,1,1,1
23.0000,4496,1,1,50631,1,97164,0.521093,1,2,9,97,103998,27.94270,0.00247,2.36508,0.00855,0,1,3,2.102981,1.634463,1.634463,-0.224308,-0.224142,14.737014,4501,0.015209,0.047087,40568,16517,8907,5832,3837,2853,2164,1773,14712,1,1,1,1
23.9000,4496,1,1,51760,0,99254,0.521496,1,15,19,59,534621,28.56647,0.00247,2.36508,0.00855,1,1,2,1.365760,1.000000,6.917740,-0.536358,-0.536289,14.424948,456,0.037178,0.004874,41174,16861,9270,5798,3993,3002,2248,1836,15071,1,1,1,1
22.3500,4497,1,1,49824,0,95613,0.521106,1,3,3,2030,162803,27.49170,0.00537,2.36743,0.00782,1,1,2,1.391401,1.000000,2.058510,0.002307,0.002380,14.963642,7421,-0.000159,0.076441,39774,16369,8888,5600,3828,2810,2239,1750,14354,1,1,1,1
22.4000,4497,1,1,49858,0,95490,0.522133,5,4,434,434,54019,27.52638,0.00537,2.36743,0.00782,1,0,2,1.241393,1.000000,1.419963,-0.014992,-0.014944,14.946459,7197,0.001000,0.074219,39871,16177,8900,5572,3839,2800,2048,1710,14572,1,1,1,1
23.0000,4497,1,1,50865,1,97295,0.522797,1,9,9,933,161898,27.94239,0.00537,2.36743,0.00782,0,1,3,4.596960,3.911457,3.911457,-0.223112,-0.222773,14.738198,4497,0.015115,0.047031,40480,16442,9109,5766,3972,2934,2258,1701,14632,1,1,1,1
23.9000,4497,1,1,51634,0,99133,0.520861,4,3,7,21,1339037,28.56618,0.00537,2.36743,0.00782,1,1,2,1.390057,1.000000,1.572684,-0.534904,-0.534831,14.426430,450,0.037073,0.004808,41061,16913,9364,5791,4021,2961,2213,1734,15074,1,1,1,1
22.3500,4498,1,1,49743,1,95459,0.521098,1,12,25,146,60761,27.49306,0.00325,2.36848,0.01055,0,1,3,7.856664,6.262255,6.262255,0.001704,0.002162,14.963112,7422,-0.000145,0.076437,39553,16306,8907,5589,3878,2884,2182,1725,14434,1,1,1,1
22.4000,4498,1,1,49802,0,95285,0.522669,1,5,13,94,76474,27.52774,0.00325,2.36848,0.01055,1,1,2,1.401937,1.000000,2.926878,-0.015547,-0.015472,14.945863,7198,0.001035,0.074216,39443,16023,8935,5684,3948,2845,2234,1684,14488,1,1,1,1
23.0000,4498,1,1,50365,1,97106,0.518665,1,7,21,42,222559,27.94366,0.00325,2.36848,0.01055,0,1,3,2.981619,2.686013,2.686013,-0.223498,-0.223255,14.738191,4499,0.015148,0.047041,40414,16421,8947,5817,3984,2897,2161,1702,14762,1,1,1,1
23.9000,4498,1,1,51894,0,99407,0.522041,1,38,38,157,668781,28.56746,0.00325,2.36848,0.01055,1,0,2,1.159015,1.000000,6.801298,-0.535502,-0.535469,14.425955,450,0.037118,0.004807,41044,16958,9378,5832,4080,2978,2253,1814,15069,1,1,1,1
22.3500,4499,1,1,49879,1,95435,0.522654,1,3,8,37,43130,27.49426,0.00442,2.37097,0.00999,0,1,3,2.897225,2.124785,2.124785,0.003061,0.003297,14.964360,7424,-0.000220,0.076434,39667,16215,8906,5624,3852,2792,2115,1722,14541,1,1,1,1
22.4000,4499,1,1,49318,0,95067,0.518776,2,38,45,45,91971,27.52892,0.00442,2.37097,0.00999,1,1,2,1.399408,1.000000,18.488480,-0.014513,-0.014438,14.946899,7199,0.000966,0.074205,39072,16244,9024,5667,3865,2783,2133,1724,14554,1,1,1,1
23.0000,4499,1,1,50281,1,96882,0.518998,2,1,11,114,462315,27.94490,0.00442,2.37097,0.00999,0,1,3,1.482946,1.066901,1.066901,-0.222186,-0.222098,14.739247,4499,0.015068,0.047027,39983,16632,8944,5798,4031,2859,2204,1742,14688,1,1,1,1
23.9000,4499,1,1,51723,1,99399,0.520363,1,5,7,1286,376890,28.56872,0.00442,2.37097,0.00999,0,0,3,2.934921,2.272685,2.272685,-0.534179,-0.533939,14.427236,450,0.037009,0.004806,41145,16849,9335,5808,4109,2927,2378,1824,15023,1,1,1,1
22.3500,4500,1,1,49552,0,94765,0.522899,1,8,28,38,251106,27.49397,0.00431,2.36816,0.00782,1,1,2,1.389634,1.000000,4.537762,0.002678,0.002751,14.964011,7425,-0.000184,0.076430,39150,16025,8778,5502,3930,2941,2176,1785,14477,1,1,1,1
22.4000,4500,1,1,49929,1,95662,0.521937,2,9,9,377,41297,27.52863,0.00431,2.36816,0.00782,0,1,3,5.924999,4.730111,4.730111,-0.014656,-0.014260,14.946574,7200,0.000954,0.074200,39816,16170,8865,5580,3904,2894,2172,1760,14500,1,1,1,1
23.0000,4500,1,1,50655,1,96881,0.522863,7,51,51,51,69803,27.94452,0.00431,2.36816,0.00782,0,1,3,3.142493,2.875128,2.875128,-0.222544,-0.222290,14.739150,4500,0.015082,0.047028,40153,16402,8963,5786,3837,2924,2280,1742,14793,1,1,1,1
23.9000,4500,1,1,51982,0,99466,0.522616,3,6,11,127,167268,28.56835,0.00431,2.36816,0.00782,1,0,2,1.250484,1.000000,1.886026,-0.534413,-0.534363,14.427038,451,0.037039,0.004815,41186,16991,9221,5923,4018,2947,2282,1810,15087,1,1,1,1
22.3500,4501,1,1,49844,0,95223,0.523450,1,7,22,62,9161302,27.48975,0.00277,2.37050,0.01086,1,1,2,1.131756,1.000000,1.228376,0.000005,0.000032,14.961031,7423,-0.000002,0.076407,39786,16071,8657,5527,3849,2900,2168,1722,14542,1,1,1,1
22.4000,4501,1,1,49853,1,95479,0.522141,5,2,9,127,175700,27.52440,0.00277,2.37050,0.01086,0,0,3,1.331517,1.183918,1.183918,-0.017319,-0.017256,14.943732,7198,0.001155,0.074177,39567,16157,8899,5774,3809,2887,2191,1758,14436,1,1,1,1
23.0000,4501,1,1,50623,1,97118,0.521258,1,1,38,124,877313,27.94035,0.00277,2.37050,0.01086,0,0,3,1.426662,1.011282,1.011282,-0.225279,-0.225200,14.736122,4497,0.015282,0.046995,40460,16538,8964,5661,3975,2895,2151,1779,14694,1,1,1,1
23.9000,4501,1,1,51445,1,98944,0.519946,2,11,23,23,228437,28.56404,0.00277,2.37050,0.01086,0,0,3,3.350917,2.994159,2.994159,-0.537248,-0.536979,14.423999,447,0.037228,0.004772,40858,16695,9328,5913,4044,2908,2252,1766,15179,1,1,1,1
22.3500,4502,1,1,49701,1,95367,0.521161,1,8,8,263,201929,27.49266,0.00356,2.37090,0.00896,0,1,3,1.857035,1.336305,1.255160,0.001905,0.002043,14.963388,7433,-0.000137,0.076481,39599,16207,8946,5571,3854,2859,2217,1712,14401,1,1,1,1
22.4000,4502,1,1,49699,1,95590,0.519924,2,45,72,72,500661,27.52731,0.00356,2.37090,0.00896,0,0,3,6.027578,5.571809,5.571809,-0.015587,-0.015188,14.945709,7208,0.001016,0.074254,39715,16112,8938,5760,3849,2824,2192,1696,14503,1,1,1,1
23.0000,4502,1,1,50377,1,97078,0.518939,31,4,31,80,1368701,27.94332,0.00356,2.37090,0.00896,0,1,3,2.597771,2.038350,2.038350,-0.223479,-0.223267,14.738191,4506,0.015149,0.047072,40379,16397,9015,5731,3958,2819,2261,1737,14780,1,1,1,1
23.9000,4502,1,1,51904,0,99470,0.521811,1,34,34,54,511188,28.56703,0.00356,2.37090,0.00896,1,1,2,1.407014,1.000000,17.180368,-0.535572,-0.535497,14.425787,455,0.037121,0.004856,41245,16824,9416,5756,4098,3033,2231,1811,15055,1,1,1,1
22.3500,4503,1,1,49329,1,94930,0.519641,2,17,17,29,74278,27.49703,0.00216,2.37132,0.00797,0,1,3,7.346030,6.556704,6.556704,0.003097,0.003540,14.964352,7437,-0.000237,0.076500,39136,16130,8949,5602,3879,2864,2163,1662,14544,1,1,1,1
22.4000,4503,1,1,49758,0,95674,0.520084,1,8,11,83,108682,27.53166,0.00216,2.37132,0.00797,1,1,3,1.112874,1.000000,1.115596,-0.014022,-0.013999,14.946968,7207,0.000937,0.074221,39626,16358,8996,5740,3843,2764,2169,1695,14482,1,1,1,1
23.0000,4503,1,1,50587,1,97282,0.520009,2,14,20,328,511542,27.94758,0.00216,2.37132,0.00797,0,1,3,8.437588,6.836905,6.836905,-0.222185,-0.221711,14.739748,4505,0.015042,0.047047,40479,16526,9072,5773,3872,2943,2114,1772,14730,1,1,1,1
23.9000,4503,1,1,51837,1,99569,0.520619,17,1,73,73,68537,28.57131,0.00216,2.37132,0.00797,0,1,3,1.438852,1.017734,1.017734,-0.533835,-0.533754,14.427547,454,0.036995,0.004844,41234,16926,9224,5905,4079,2965,2320,1856,15059,1,1,1,1
22.3500,4504,1,1,49682,0,95163,0.522078,1,6,17,39,519423,27.49352,0.00231,2.36825,0.00860,1,1,2,1.186115,1.000000,1.517198,0.001639,0.001677,14.962751,7436,-0.000112,0.076481,39708,16084,8776,5571,3786,2767,2128,1674,14668,1,1,1,1
22.4000,4504,1,1,49572,0,95200,0.520720,1,18,19,19,236213,27.52815,0.00231,2.36825,0.00860,1,1,2,1.361314,1.000000,8.233186,-0.015865,-0.015796,14.945438,7211,0.001057,0.074253,39326,16154,8879,5608,3942,2889,2212,1707,14482,1,1,1,1
23.0000,4504,1,1,50586,0,97000,0.521511,1,6,190,1610,1957346,27.94413,0.00231,2.36825,0.00860,1,1,2,1.166366,1.000000,1.471011,-0.223660,-0.223625,14.737425,4508,0.015174,0.047075,40264,16461,8936,5627,4008,2932,2292,1774,14705,1,1,1,1
23.9000,4504,1,1,51596,0,99372,0.519226,1,10,14,26,529936,28.56787,0.00231,2.36825,0.00860,1,1,2,1.147298,1.000000,1.868418,-0.535558,-0.535528,14.425496,455,0.037124,0.004854,41298,16730,9234,5969,4014,3019,2277,1796,15034,1,1,1,1
22.3500,4505,1,1,49633,1,95069,0.522079,9,23,129,129,229914,27.48760,0.00246,2.35898,0.01165,0,1,3,13.745808,11.141573,11.141573,-0.001415,-0.000833,14.959504,7434,0.000056,0.076460,39309,16085,8762,5595,4047,2823,2225,1715,14507,1,1,1,1
22.4000,4505,1,1,49591,1,95374,0.519969,2,62,62,62,222865,27.52238,0.00246,2.35898,0.01165,0,1,3,9.130692,8.724051,8.724051,-0.018774,-0.018283,14.943169,7208,0.001223,0.074217,39423,16394,8874,5600,3814,2777,2199,1776,14516,1,1,1,1
23.0000,4505,1,1,50410,0,97284,0.518179,3,3,13,111,1021955,27.93826,0.00246,2.35898,0.01165,1,1,2,1.399956,1.000000,1.711636,-0.226537,-0.226463,14.734874,4505,0.015369,0.047041,40461,16643,9184,5673,3874,2849,2226,1718,14655,1,1,1,1
23.9000,4505,1,1,51591,1,99075,0.520732,1,1,131,131,201509,28.56202,0.00246,2.35898,0.01165,0,0,3,1.817267,1.289580,1.289580,-0.538383,-0.538250,14.423037,453,0.037319,0.004833,41036,16909,9140,5857,3959,3001,2179,1763,15230,1,1,1,1
22.3500,4506,1,1,49660,0,95301,0.521091,5,3,5,21,632570,27.49092,0.00332,2.35567,0.00944,1,1,2,1.353869,1.000000,1.620807,0.000790,0.000857,14.962223,7436,-0.000057,0.076450,39793,16071,8728,5631,3913,2786,2104,1695,14579,1,1,1,1
22.4000,4506,1,1,49750,0,95866,0.518959,8,2,26,35,60752,27.52554,0.00332,2.35567,0.00944,1,1,2,1.406172,1.000000,1.461387,-0.016507,-0.016431,14.944899,7215,0.001099,0.074264,39749,16495,8953,5539,3860,2896,2153,1720,14500,1,1,1,1
23.0000,4506,1,1,50528,0,97250,0.519573,1,3,8,72,159214,27.94149,0.00332,2.35567,0.00944,1,1,2,1.412423,1.000000,1.950297,-0.224513,-0.224437,14.736881,4506,0.015230,0.047035,40625,16387,9060,5722,3813,2917,2204,1751,14770,1,1,1,1
23.9000,4506,1,1,51641,1,99421,0.519423,2,1,14,62,77860,28.56526,0.00332,2.35567,0.00944,0,1,3,1.448154,1.026352,1.026352,-0.536322,-0.536240,14.425052,452,0.037174,0.004820,41371,16832,9113,5872,4141,3022,2290,1722,15057,1,1,1,1
22.3500,4507,1,1,49688,0,95660,0.519428,5,57,57,57,135857,27.48807,0.00335,2.35769,0.00953,1,1,2,1.252383,1.000000,16.276458,-0.000823,-0.000773,14.960369,7439,0.000052,0.076473,39723,16374,8921,5602,3779,2878,2212,1776,14394,1,1,1,1
22.4000,4507,1,1,49859,1,95667,0.521178,1,1,469,469,1046940,27.52267,0.00335,2.35769,0.00953,0,1,3,1.559739,1.144229,1.144229,-0.017830,-0.017732,14.943630,7218,0.001187,0.074285,39664,16298,8933,5662,3940,2807,2141,1727,14494,1,1,1,1
23.0000,4507,1,1,50655,1,97368,0.520248,1,6,20,20,108938,27.93869,0.00335,2.35769,0.00953,0,1,3,3.917502,3.123994,3.123994,-0.225947,-0.225644,14.735476,4510,0.015313,0.047071,40301,16715,9172,5705,3930,2885,2245,1689,14725,1,1,1,1
23.9000,4507,1,1,51962,0,100079,0.519215,3,1,26,66,115337,28.56247,0.00335,2.35769,0.00953,1,0,3,1.401854,1.000000,1.148765,-0.537719,-0.537645,14.423690,453,0.037275,0.004830,41732,16816,9412,5949,4116,2983,2356,1772,14942,1,1,1,1
22.3500,4508,1,1,49662,0,95314,0.521041,1,2,10,1281,300191,27.48620,0.00416,2.35459,0.01241,1,0,3,1.392039,1.000000,1.362369,-0.001023,-0.000949,14.960395,7442,0.000063,0.076487,39265,16306,8924,5669,3931,2854,2183,1687,14494,1,1,1,1
22.4000,4508,1,1,49746,0,95487,0.520977,1,7,24,57,91800,27.52095,0.00416,2.35459,0.01241,1,1,2,1.410005,1.000000,4.051700,-0.018522,-0.018446,14.942844,7215,0.001234,0.074241,39538,16275,8938,5500,3821,2880,2216,1708,14610,1,1,1,1
23.0000,4508,1,1,50590,0,97189,0.520538,2,21,57,283,566633,27.93687,0.00416,2.35459,0.01241,1,1,2,1.049911,1.000000,1.169230,-0.226338,-0.226328,14.734464,4510,0.015360,0.047063,40370,16638,8879,5690,3955,2852,2222,1778,14804,1,1,1,1
23.9000,4508,1,1,51391,1,99049,0.518849,1,11,13,87,131466,28.56067,0.00416,2.35459,0.01241,0,0,3,3.501719,2.748582,2.748582,-0.538339,-0.538061,14.423101,453,0.037305,0.004829,40888,16714,9250,5958,4005,2955,2286,1791,15201,1,1,1,1
22.3500,4509,1,1,49749,1,95388,0.521549,2,5,52,70,145790,27.48791,0.00246,2.35641,0.00984,0,1,3,3.275308,2.611728,2.611728,-0.001193,-0.000930,14.959992,7438,0.000062,0.076431,39626,16167,8854,5558,3892,2874,2111,1734,14571,1,1,1,1
22.4000,4509,1,1,50064,0,95908,0.522006,1,279,279,279,323713,27.52249,0.00246,2.35641,0.00984,1,1,2,1.005089,1.000000,1.444153,-0.018422,-0.018421,14.943039,7213,0.001233,0.074203,40165,16190,8857,5593,3809,2742,2200,1773,14578,1,1,1,1
23.0000,4509,1,1,50634,0,96882,0.522641,1,3,56,74,56723,27.93847,0.00246,2.35641,0.00984,1,1,2,1.391560,1.000000,2.079801,-0.226451,-0.226378,14.734885,4507,0.015363,0.047020,40030,16578,9082,5637,3946,2849,2160,1713,14886,1,1,1,1
23.9000,4509,1,1,51834,0,99608,0.520385,1,2,10,10,77435,28.56229,0.00246,2.35641,0.00984,1,0,2,1.403273,1.000000,1.772027,-0.538341,-0.538266,14.423067,450,0.037320,0.004796,41398,16841,9364,5815,4164,2985,2252,1788,15000,1,1,1,1
22.3500,4510,1,1,49650,0,95339,0.520779,189,16,189,278,236437,27.48953,0.00231,2.35770,0.01018,1,1,2,1.402587,1.000000,8.062007,-0.000531,-0.000456,14.960878,7442,0.000030,0.076451,39504,16107,8803,5761,3966,2801,2180,1723,14493,1,1,1,1
22.4000,4510,1,1,49952,0,95221,0.524596,1,6,15,48,202963,27.52426,0.00231,2.35770,0.01018,1,1,2,1.147259,1.000000,1.298565,-0.017687,-0.017657,14.943368,7216,0.001182,0.074216,39578,16321,8621,5629,3782,2716,2179,1675,14719,1,1,1,1
23.0000,4510,1,1,50526,0,97280,0.519393,1,4,4,280,155894,27.94015,0.00231,2.35770,0.01018,1,0,2,1.308639,1.000000,1.937725,-0.225684,-0.225624,14.735759,4510,0.015311,0.047038,40705,16365,8881,5764,3934,2821,2236,1734,14839,1,1,1,1
23.9000,4510,1,1,51756,0,99518,0.520072,2,5,43,70,86607,28.56398,0.00231,2.35770,0.01018,1,0,2,1.182950,1.000000,1.204825,-0.537546,-0.537509,14.423910,451,0.037265,0.004806,41196,17019,9212,5903,4055,3011,2235,1829,15057,1,1,1,1
22.3500,4511,1,1,49921,1,95812,0.521036,4,10,34,34,50179,27.49120,0.00230,2.36126,0.01032,0,1,3,7.161223,5.167927,5.167927,0.000406,0.000843,14.961446,7442,-0.000056,0.076431,39870,16235,8850,5849,3884,2813,2115,1752,14443,1,1,1,1
22.4000,4511,1,1,49984,0,95652,0.522566,1,46,46,46,251673,27.52593,0.00230,2.36126,0.01032,1,1,2,1.414030,1.000000,23.370505,-0.017124,-0.017047,14.944264,7216,0.001141,0.074195,40050,16112,8806,5563,3888,2741,2220,1709,14562,1,1,1,1
23.0000,4511,1,1,50717,1,97196,0.521807,3,3,16,20,375168,27.94187,0.00230,2.36126,0.01032,0,0,3,1.237698,1.006487,1.006487,-0.224750,-0.224703,14.736418,4509,0.015248,0.047015,40289,16648,8852,5824,3904,2841,2220,1775,14842,1,1,1,1
23.9000,4511,1,1,51796,0,99706,0.519493,1,11,94,1343,14652104,28.56557,0.00230,2.36126,0.01032,1,1,2,1.218568,1.000000,3.039900,-0.536720,-0.536676,14.424434,451,0.037206,0.004804,41232,17066,9416,5882,4034,2951,2302,1785,15037,1,1,1,1
22.3500,4512,1,1,49609,1,95120,0.521547,18,6,54,54,347839,27.49181,0.00472,2.36503,0.00926,0,1,3,3.265819,2.838701,2.838701,0.001885,0.002147,14.962662,7449,-0.000144,0.076480,39445,16077,8758,5564,3946,2831,2197,1733,14568,1,1,1,1
22.4000,4512,1,1,49972,0,95640,0.522507,1,4,14,39,157204,27.52637,0.00472,2.36503,0.00926,1,1,2,1.411552,1.000000,2.628530,-0.015389,-0.015312,14.946008,7224,0.001025,0.074252,39542,16290,8813,5753,3962,2948,2130,1691,14510,1,1,1,1
23.0000,4512,1,1,50500,0,97040,0.520409,7,8,40,91,2306441,27.94238,0.00472,2.36503,0.00926,1,1,2,1.322814,1.000000,3.221238,-0.223418,-0.223356,14.737846,4517,0.015155,0.047084,39976,16636,9102,5744,3924,2895,2217,1667,14878,1,1,1,1
23.9000,4512,1,1,51691,1,99550,0.519252,1,3,9,589,2408742,28.56609,0.00472,2.36503,0.00926,0,1,3,1.281322,1.036601,1.036601,-0.535147,-0.535092,14.426313,456,0.037091,0.004856,41360,17060,9235,5732,4041,2945,2276,1721,15179,1,1,1,1
22.3500,4513,1,1,49699,1,95292,0.521550,1,1,4,59,859032,27.49947,0.00261,2.37201,0.01003,0,0,3,1.581775,1.155295,1.155295,0.004819,0.004920,14.966162,7449,-0.000329,0.076445,39454,16217,9037,5528,3805,2866,2149,1754,14481,1,1,1,1
22.4000,4513,1,1,49917,1,95795,0.521087,6,216,216,216,80517,27.53418,0.00261,2.37201,0.01003,0,1,3,49.076049,47.130081,47.130081,-0.012949,-0.012087,14.949370,7221,0.000809,0.074188,39753,16259,9032,5680,3877,2873,2163,1667,14490,1,1,1,1
23.0000,4513,1,1,50438,0,96954,0.520231,2,6,31,132,143837,27.95010,0.00261,2.37201,0.01003,1,0,2,1.280874,1.000000,2.090261,-0.220562,-0.220507,14.740885,4513,0.014959,0.047022,40256,16567,9036,5538,3960,2826,2158,1739,14873,1,1,1,1
23.9000,4513,1,1,51986,0,99790,0.520959,2,2,78,78,177166,28.57383,0.00261,2.37201,0.01003,1,1,3,1.411974,1.000000,1.320988,-0.532375,-0.532299,14.428996,452,0.036891,0.004811,41584,16844,9267,5801,4103,3084,2257,1767,15082,1,1,1,1
22.3500,4514,1,1,49822,0,95556,0.521396,1,5,5,64,249665,27.49679,0.00261,2.37039,0.01000,1,1,2,1.391384,1.000000,3.005278,0.003422,0.003496,14.964759,7449,-0.000234,0.076435,39615,16326,8808,5646,3982,2813,2222,1701,14442,1,1,1,1
22.4000,4514,1,1,49715,1,95519,0.520478,1,3,596,596,79322,27.53149,0.00261,2.37039,0.01000,0,1,3,2.140603,1.646117,1.646117,-0.013864,-0.013696,14.947691,7224,0.000916,0.074211,39748,16138,8776,5612,3893,2837,2189,1781,14544,1,1,1,1
23.0000,4514,1,1,50778,0,97272,0.522026,1,4,60,60,17280952,27.94747,0.00261,2.37039,0.01000,1,1,2,1.413888,1.000000,2.504454,-0.221899,-0.221822,14.739490,4514,0.015050,0.047027,40421,16318,9071,5822,4007,2904,2192,1758,14778,1,1,1,1
23.9000,4514,1,1,51703,1,99662,0.518789,11,14,14,113,98680,28.57121,0.00261,2.37039,0.01000,0,1,3,3.365063,2.636471,2.636471,-0.533775,-0.533506,14.427888,452,0.036977,0.004811,41306,17038,9095,5940,4076,2992,2232,1823,15159,1,1,1,1
22.3500,4515,1,1,50098,0,95827,0.522802,3,4,6,14,939440,27.49180,0.00311,2.37447,0.01192,1,0,2,1.252095,1.000000,1.334800,0.001168,0.001218,14.962619,7451,-0.000081,0.076449,39808,16277,9040,5699,3836,2808,2177,1732,14449,1,1,1,1
22.4000,4515,1,1,49906,0,95799,0.520950,1,9,43,202,128196,27.52650,0.00311,2.37447,0.01192,1,0,2,1.199443,1.000000,2.153837,-0.016233,-0.016193,14.945222,7224,0.001083,0.074207,39841,16137,9030,5547,3949,2869,2216,1709,14500,1,1,1,1
23.0000,4515,1,1,50555,1,97079,0.520767,1,4,19,40,291743,27.94238,0.00311,2.37447,0.01192,0,0,3,1.931447,1.398476,1.398476,-0.224124,-0.223978,14.737274,4517,0.015198,0.047054,40334,16512,8970,5613,3959,2929,2176,1746,14839,1,1,1,1
23.9000,4515,1,1,52103,1,99968,0.521202,2,32,32,88,190952,28.56614,0.00311,2.37447,0.01192,0,1,3,4.229600,3.812435,3.812435,-0.536118,-0.535799,14.425638,453,0.037142,0.004821,41574,16953,9426,5890,4056,2992,2268,1804,15004,1,1,1,1
22.3500,4516,1,1,50028,0,95747,0.522507,13,3,78,151,976901,27.49514,0.00261,2.38476,0.01089,1,1,2,1.413695,1.000000,1.664706,0.002621,0.002697,14.964011,7452,-0.000180,0.076436,39688,16269,9048,5719,3845,2874,2176,1697,14430,1,1,1,1
22.4000,4516,1,1,50081,1,95744,0.523077,1,107,107,107,9406571,27.52983,0.00261,2.38476,0.01089,0,0,3,10.058852,9.452875,9.452875,-0.014920,-0.014408,14.946438,7226,0.000964,0.074205,40013,16098,8817,5577,3856,2867,2208,1727,14580,1,1,1,1
23.0000,4516,1,1,50591,1,96901,0.522095,4,2,7,14,340234,27.94578,0.00261,2.38476,0.01089,0,1,3,1.513870,1.180479,1.180479,-0.222661,-0.222569,14.738395,4516,0.015101,0.047030,40076,16535,9043,5641,3989,2873,2137,1716,14890,1,1,1,1
23.9000,4516,1,1,52028,0,99601,0.522369,11,2,61,72,516070,28.56955,0.00261,2.38476,0.01089,1,1,3,1.391766,1.000000,1.395764,-0.534568,-0.534495,14.426850,454,0.037049,0.004830,41041,17058,9591,5785,4007,2936,2289,1786,15107,1,1,1,1
22.3500,4517,1,1,49609,1,95434,0.519831,2,26,26,324,489514,27.48987,0.00550,2.38468,0.01056,0,1,3,3.758446,3.456114,3.456114,0.001400,0.001693,14.963135,7451,-0.000113,0.076413,39533,16312,8851,5595,3848,2894,2158,1658,14584,1,1,1,1
22.4000,4517,1,1,49652,0,95225,0.521423,1,5,543,543,140402,27.52455,0.00550,2.38468,0.01056,1,1,2,1.308072,1.000000,2.339919,-0.015897,-0.015837,14.945353,7227,0.001060,0.074204,39413,16162,8820,5579,3892,2861,2175,1674,14648,1,1,1,1
23.0000,4517,1,1,50778,0,97255,0.522117,1,60,60,76,2458223,27.94056,0.00550,2.38468,0.01056,1,1,2,1.017982,1.000000,1.200523,-0.223820,-0.223816,14.737642,4513,0.015187,0.046991,40333,16457,9161,5729,4041,2821,2185,1768,14759,1,1,1,1
23.9000,4517,1,1,51956,0,99379,0.522812,2,5,42,53,134038,28.56435,0.00550,2.38468,0.01056,1,1,2,1.342450,1.000000,2.193364,-0.535788,-0.535722,14.425649,451,0.037137,0.004798,41115,16836,9310,5939,3996,2906,2341,1783,15152,1,1,1,1
22.3500,4518,1,1,49814,0,95454,0.521869,12,3,14,52,163291,27.49928,0.00245,2.38467,0.01067,1,1,3,1.351641,1.000000,1.366149,0.004591,0.004658,14.966025,7459,-0.000311,0.076463,39359,16400,8934,5640,3978,2788,2114,1666,14574,1,1,1,1
22.4000,4518,1,1,49590,0,95384,0.519904,1,44,1213,1213,5069257,27.53395,0.00245,2.38467,0.01067,1,1,2,1.203817,1.000000,10.230569,-0.012973,-0.012932,14.948483,7229,0.000865,0.074193,39546,16050,8878,5677,3880,2726,2145,1672,14809,1,1,1,1
23.0000,4518,1,1,50725,1,97153,0.522120,2,5,15,84,381611,27.94987,0.00245,2.38467,0.01067,0,1,3,1.549944,1.393198,1.393198,-0.220711,-0.220614,14.740823,4519,0.014966,0.047033,40440,16381,8850,5852,3953,2909,2178,1770,14819,1,1,1,1
23.9000,4518,1,1,51819,1,99404,0.521302,3,13,13,39,127166,28.57367,0.00245,2.38467,0.01067,0,1,3,3.940010,3.374021,3.374021,-0.532710,-0.532407,14.429016,452,0.036898,0.004806,41069,16860,9146,6079,4080,2922,2244,1782,15221,1,1,1,1
22.3500,4519,1,1,50160,0,96300,0.520878,12,102,102,102,95492,27.50194,0.00245,2.38200,0.00981,1,1,2,1.026457,1.000000,2.740282,0.005892,0.005897,14.966552,7458,-0.000394,0.076433,40369,16183,8979,5722,3867,2849,2249,1755,14326,1,1,1,1
22.4000,4519,1,1,49846,0,95326,0.522906,3,74,718,718,2463169,27.53660,0.00245,2.38200,0.00981,1,0,2,1.032985,1.000000,2.503336,-0.011430,-0.011423,14.950031,7229,0.000764,0.074168,39628,16102,8755,5474,3960,2875,2176,1691,14664,1,1,1,1
23.0000,4519,1,1,50956,0,97470,0.522792,2,48,48,301,96388,27.95258,0.00245,2.38200,0.00981,1,0,2,1.023224,1.000000,1.235052,-0.219336,-0.219331,14.742126,4517,0.014878,0.046997,40548,16587,8954,5638,3934,2886,2327,1751,14844,1,1,1,1
23.9000,4519,1,1,52188,0,99861,0.522612,6,3,15,2539,98207,28.57640,0.00245,2.38200,0.00981,1,1,2,1.289008,1.000000,1.350867,-0.531258,-0.531202,14.429973,450,0.036812,0.004783,41368,17068,9370,5943,4032,2982,2232,1742,15123,1,1,1,1
22.3500,4520,1,1,49928,0,95745,0.521474,2,53,499,499,222546,27.49745,0.00261,2.38380,0.01159,1,1,2,1.349512,1.000000,21.931288,0.003393,0.003460,14.964828,7459,-0.000231,0.076436,39680,16365,9004,5637,3844,2777,2186,1721,14530,1,1,1,1
22.4000,4520,1,1,49746,0,95556,0.520601,3,10,30,51,165326,27.53211,0.00261,2.38380,0.01159,1,1,2,1.381933,1.000000,4.967703,-0.013771,-0.013699,14.947652,7234,0.000916,0.074215,39576,16332,8833,5568,3911,2806,2206,1760,14563,1,1,1,1
23.0000,4520,1,1,50712,0,97330,0.521037,3,14,14,67,934949,27.94799,0.00261,2.38380,0.01159,1,1,3,1.065812,1.000000,1.065097,-0.221541,-0.221526,14.739327,4529,0.015030,0.047121,40466,16499,9036,5671,3981,2929,2263,1665,14819,1,1,1,1
23.9000,4520,1,1,52005,1,99943,0.520352,1,22,43,279,75225,28.57183,0.00261,2.38380,0.01159,0,1,3,7.087253,6.406104,6.406104,-0.533659,-0.533226,14.427680,452,0.036959,0.004804,41316,16988,9444,6012,4116,2890,2318,1777,15081,1,1,1,1
22.3500,4521,1,1,49984,0,95872,0.521367,1,3,46,46,262630,27.49468,0.00319,2.38724,0.01106,1,1,2,1.414146,1.000000,1.877171,0.002629,0.002705,14.964016,7456,-0.000181,0.076392,39778,16514,8831,5632,3877,2875,2144,1707,14513,1,1,1,1
22.4000,4521,1,1,49867,1,95450,0.522447,1,2,3,65,51292,27.52933,0.00319,2.38724,0.01106,0,0,3,1.720527,1.255979,1.255979,-0.014652,-0.014532,14.946710,7230,0.000972,0.074162,39497,16071,8774,5835,3903,2858,2143,1736,14632,1,1,1,1
23.0000,4521,1,1,50626,0,97120,0.521278,5,5,5,12,94209,27.94528,0.00319,2.38724,0.01106,1,1,2,1.384977,1.000000,2.614849,-0.222707,-0.222635,14.738715,4517,0.015105,0.046987,40228,16559,9089,5710,3947,2839,2275,1671,14801,1,1,1,1
23.9000,4521,1,1,51837,1,99540,0.520771,2,9,12,33,302319,28.56898,0.00319,2.38724,0.01106,0,1,3,4.218792,3.760166,3.760166,-0.534595,-0.534277,14.427177,449,0.037033,0.004772,41221,16965,9177,5909,4028,3036,2174,1789,15240,1,1,1,1
22.3500,4522,1,1,49918,0,95838,0.520864,1,3,52,52,52335,27.49609,0.00484,2.38985,0.00981,1,1,2,1.406025,1.000000,1.917262,0.004211,0.004286,14.965569,7458,-0.000286,0.076388,39794,16149,8939,5703,3810,2896,2255,1782,14509,1,1,1,1
22.4000,4522,1,1,50073,1,96066,0.521241,1,2,55,55,1070008,27.53073,0.00484,2.38985,0.00981,0,1,3,1.353194,1.283633,1.283633,-0.013060,-0.012993,14.948459,7232,0.000869,0.074158,39963,16270,8913,5759,3957,2795,2056,1712,14640,1,1,1,1
23.0000,4522,1,1,50585,1,97270,0.520053,1,2,81,81,234347,27.94674,0.00484,2.38985,0.00981,0,0,3,1.678974,1.267476,1.267476,-0.221071,-0.220957,14.740248,4518,0.014990,0.046983,40338,16599,8889,5792,4005,2843,2226,1692,14885,1,1,1,1
23.9000,4522,1,1,51771,1,99844,0.518524,49,21,49,77,281802,28.57045,0.00484,2.38985,0.00981,0,1,3,4.774698,4.645048,4.645048,-0.533071,-0.532725,14.427524,450,0.036924,0.004781,41462,17089,9160,5821,4079,2989,2312,1774,15157,1,1,1,1
22.3500,4523,1,1,50227,1,96140,0.522441,3,2,15,4955,119374,27.49715,0.00184,2.38961,0.00919,0,1,3,1.920974,1.401273,1.401273,0.003173,0.003317,14.964736,7469,-0.000222,0.076488,40001,16488,8914,5658,3873,2899,2140,1716,14450,1,1,1,1
22.4000,4523,1,1,50062,0,96032,0.521311,5,5,63,63,63411,27.53178,0.00184,2.38961,0.00919,1,1,2,1.343899,1.000000,2.266431,-0.014198,-0.014133,14.947238,7245,0.000946,0.074281,39892,16319,8919,5624,3870,2895,2213,1766,14533,1,1,1,1
23.0000,4523,1,1,50656,0,97360,0.520301,1,1,19,2624,212928,27.94770,0.00184,2.38961,0.00919,1,1,3,1.414130,1.000000,1.234377,-0.222083,-0.222007,14.739304,4529,0.015062,0.047090,40388,16523,8927,5746,4020,2884,2236,1798,14837,1,1,1,1
23.9000,4523,1,1,52181,1,100082,0.521388,1,6,89,339,54919,28.57143,0.00184,2.38961,0.00919,0,1,3,4.523726,3.395191,3.395191,-0.534065,-0.533731,14.427263,459,0.036995,0.004876,41690,16994,9357,5850,4049,2991,2280,1780,15090,1,1,1,1
22.3500,4524,1,1,50040,0,95880,0.521908,1,56,56,111,39445,27.49909,0.00199,2.38854,0.00890,1,1,2,1.022171,1.000000,1.315791,0.004282,0.004287,14.964904,7473,-0.000286,0.076511,39726,16393,8953,5563,4023,2878,2098,1764,14481,1,1,1,1
22.4000,4524,1,1,49754,0,95834,0.519174,1,3,15,62,528285,27.53372,0.00199,2.38854,0.00890,1,1,2,1.408342,1.000000,2.251480,-0.013092,-0.013016,14.948271,7245,0.000871,0.074259,39933,16142,8836,5568,3911,2850,2158,1702,14733,1,1,1,1
23.0000,4524,1,1,51077,1,97770,0.522425,3,4,22,22,70161,27.94970,0.00199,2.38854,0.00890,0,1,3,2.747733,2.210123,2.210123,-0.221078,-0.220855,14.740596,4536,0.014983,0.047148,40752,16417,9285,5796,3989,2885,2166,1738,14741,1,1,1,1
23.9000,4524,1,1,52055,1,99715,0.522043,5,30,260,260,204633,28.57344,0.00199,2.38854,0.00890,0,1,3,18.015858,14.663269,14.663269,-0.533160,-0.532521,14.427862,460,0.036909,0.004885,41254,17098,9283,5847,4095,2927,2251,1821,15138,1,1,1,1
22.3500,4525,1,1,50075,1,95775,0.522845,10,3,10,65,149729,27.49614,0.00214,2.38541,0.00899,0,1,3,1.610509,1.455035,1.455035,0.002929,0.003034,14.963853,7469,-0.000203,0.076459,39772,16229,8878,5654,3940,2837,2201,1721,14542,1,1,1,1
22.4000,4525,1,1,49898,0,95924,0.520188,1,24,51,302,75330,27.53091,0.00214,2.38541,0.00899,1,1,2,1.251245,1.000000,7.234905,-0.014639,-0.014589,14.946813,7243,0.000976,0.074230,39826,16404,8887,5539,3900,2900,2162,1736,14569,1,1,1,1
23.0000,4525,1,1,50931,1,97645,0.521599,7,30,30,30,61231,27.94680,0.00214,2.38541,0.00899,0,1,3,20.154067,15.072569,15.072569,-0.222664,-0.222000,14.738287,4527,0.015063,0.047051,40485,16556,9187,5804,4094,2811,2236,1741,14730,1,1,1,1
23.9000,4525,1,1,52246,0,100146,0.521704,1,101,101,216,927409,28.57056,0.00214,2.38541,0.00899,1,1,2,1.087016,1.000000,9.320803,-0.534489,-0.534470,14.426444,455,0.037048,0.004831,41543,17010,9365,6003,4071,2944,2274,1851,15084,1,1,1,1
22.3500,4526,1,1,50114,0,96069,0.521651,2,9,43,320,68101,27.49390,0.00199,2.39223,0.00883,1,1,2,1.209729,1.000000,2.226263,0.001581,0.001623,14.962726,7472,-0.000108,0.076478,39962,16482,8899,5697,3869,2765,2122,1684,14588,1,1,1,1
22.4000,4526,1,1,50084,0,95874,0.522399,1,773,773,773,80475,27.52851,0.00199,2.39223,0.00883,1,1,2,1.003657,1.000000,2.839159,-0.015754,-0.015753,14.945707,7246,0.001054,0.074249,39721,16380,8870,5637,3881,2839,2181,1745,14619,1,1,1,1
23.0000,4526,1,1,51028,0,97960,0.520912,6,3,13,13,2345422,27.94446,0.00199,2.39223,0.00883,1,0,3,1.278564,1.000000,1.137761,-0.223625,-0.223571,14.737823,4537,0.015170,0.047146,40669,16935,9080,5723,3922,2965,2173,1813,14679,1,1,1,1
23.9000,4526,1,1,51949,1,100019,0.519397,1,2,11,38,36902,28.56823,0.00199,2.39223,0.00883,0,1,3,2.120476,1.624652,1.624652,-0.535552,-0.535386,14.426037,462,0.037113,0.004905,41540,17031,9368,6027,4001,2883,2267,1830,15071,1,1,1,1
22.3500,4527,1,1,49899,1,95748,0.521155,2,7,101,101,46616,27.48438,0.00586,2.38542,0.01178,0,1,3,1.883397,1.673137,1.673137,-0.001161,-0.001021,14.960412,7473,0.000068,0.076483,39682,16256,9045,5650,3877,2845,2210,1738,14444,1,1,1,1
22.4000,4527,1,1,49908,0,96240,0.518584,1,1,125,125,533975,27.51898,0.00586,2.38542,0.01178,1,0,3,1.331425,1.000000,1.057137,-0.018411,-0.018348,14.943029,7247,0.001228,0.074257,40025,16428,8981,5698,3876,2849,2220,1759,14403,1,1,1,1
23.0000,4527,1,1,50995,1,97213,0.524575,1,576,576,576,56303353,27.93499,0.00586,2.38542,0.01178,0,1,3,29.202893,28.411011,28.411011,-0.226782,-0.226036,14.735419,4529,0.015340,0.047060,40400,16366,9028,5738,4008,2895,2189,1731,14857,1,1,1,1
23.9000,4527,1,1,52043,1,99806,0.521447,1,2,27,893,160825,28.55878,0.00586,2.38542,0.01178,0,1,3,1.632829,1.317647,1.317647,-0.538334,-0.538226,14.423217,455,0.037317,0.004830,41521,16921,9177,5905,4066,2915,2315,1787,15198,1,1,1,1
22.3500,4528,1,1,50058,0,95931,0.521818,1,28,79,79,120861,27.48782,0.00365,2.38415,0.00784,1,1,2,1.354438,1.000000,12.049643,-0.000711,-0.000644,14.960586,7478,0.000043,0.076517,40079,16265,8958,5595,3806,2773,2102,1668,14684,1,1,1,1
22.4000,4528,1,1,50404,0,96270,0.523575,1,5,80,80,167977,27.52257,0.00365,2.38415,0.00784,1,1,2,1.266046,1.000000,1.770768,-0.017870,-0.017818,14.943338,7251,0.001192,0.074280,40069,16266,8960,5647,4050,2855,2260,1703,14459,1,1,1,1
23.0000,4528,1,1,51021,1,97657,0.522456,1,12,19,27,147137,27.93848,0.00365,2.38415,0.00784,0,1,3,2.269069,1.695349,1.663538,-0.225822,-0.225641,14.735575,4534,0.015313,0.047101,40584,16669,9093,5671,3989,2862,2183,1769,14836,1,1,1,1
23.9000,4528,1,1,52129,1,100065,0.520957,6,11,11,422,486020,28.56229,0.00365,2.38415,0.00784,0,0,3,1.365046,1.218364,1.218364,-0.537693,-0.537624,14.423360,460,0.037275,0.004882,41625,17056,9145,6077,3928,3023,2301,1710,15199,1,1,1,1
22.3500,4529,1,1,50187,1,96084,0.522330,2,8,39,167,33664,27.48563,0.00230,2.38485,0.00883,0,1,3,5.072097,4.122617,4.122617,-0.002461,-0.002102,14.959350,7477,0.000141,0.076496,39882,16385,8943,5624,4008,2865,2136,1703,14537,1,1,1,1
22.4000,4529,1,1,49930,0,95991,0.520158,1,3,14,273,158245,27.52022,0.00230,2.38485,0.00883,1,1,2,1.414211,1.000000,1.864637,-0.019667,-0.019591,14.941718,7249,0.001311,0.074251,39952,16259,8902,5639,3859,2878,2197,1714,14590,1,1,1,1
23.0000,4529,1,1,51046,0,97696,0.522504,1,1,16,16,345289,27.93620,0.00230,2.38485,0.00883,1,0,3,1.412408,1.000000,1.428370,-0.227623,-0.227547,14.733773,4532,0.015444,0.047076,40658,16542,8945,5881,4082,2872,2209,1788,14718,1,1,1,1
23.9000,4529,1,1,52268,0,100166,0.521819,2,15,464,464,54339,28.56002,0.00230,2.38485,0.00883,1,1,2,1.351942,1.000000,6.439401,-0.539703,-0.539637,14.421731,455,0.037418,0.004829,41795,17008,9321,5897,3994,3001,2313,1728,15108,1,1,1,1
22.3500,4530,1,1,50185,1,96037,0.522564,3,4,28,37,185098,27.48549,0.00387,2.38725,0.00920,0,0,3,1.678756,1.426780,1.426780,-0.001572,-0.001458,14.959608,7478,0.000097,0.076488,39946,16462,8805,5704,3843,2814,2231,1654,14577,1,1,1,1
22.4000,4530,1,1,49779,1,95668,0.520336,3,2,157,1826,232003,27.52023,0.00387,2.38725,0.00920,0,1,3,1.515263,1.202724,1.202724,-0.018919,-0.018827,14.942620,7250,0.001260,0.074240,39657,16307,8826,5477,3936,2800,2149,1729,14786,1,1,1,1
23.0000,4530,1,1,50953,1,97635,0.521878,3,67,67,67,472234,27.93611,0.00387,2.38725,0.00920,0,1,3,45.714759,33.897382,33.897382,-0.227234,-0.226390,14.735069,4532,0.015364,0.047061,40679,16513,9157,5786,3922,2909,2144,1721,14803,1,1,1,1
23.9000,4530,1,1,51951,1,99879,0.520145,2,5,1123,11943,343818,28.55995,0.00387,2.38725,0.00920,0,0,3,1.912113,1.507327,1.507327,-0.538806,-0.538663,14.422496,456,0.037349,0.004838,41341,17110,9399,5816,3992,2970,2308,1771,15171,1,1,1,1
22.3500,4531,1,1,50040,0,95826,0.522202,4,13,16,34,219634,27.48381,0.00360,2.38697,0.00845,1,0,2,1.104776,1.000000,1.539707,-0.002505,-0.002483,14.958956,7482,0.000166,0.076515,39821,16154,8861,5725,3912,2881,2100,1658,14713,1,1,1,1
22.4000,4531,1,1,50005,1,95872,0.521586,1,28,28,88,648566,27.51853,0.00360,2.38697,0.00845,0,1,3,13.602951,11.911652,11.911652,-0.020094,-0.019518,14.941939,7252,0.001306,0.074248,39873,16146,8966,5557,3924,2891,2136,1699,14679,1,1,1,1
23.0000,4531,1,1,50391,1,97173,0.518575,9,79,79,79,175780,27.93448,0.00360,2.38697,0.00845,0,1,3,2.965603,2.510664,2.510664,-0.227895,-0.227655,14.733766,4533,0.015451,0.047066,39892,16797,9152,5706,3940,2936,2171,1732,14846,1,1,1,1
23.9000,4531,1,1,51968,0,99691,0.521296,21,2,78,78,271125,28.55818,0.00360,2.38697,0.00845,1,1,3,1.407054,1.000000,1.086468,-0.539650,-0.539575,14.421755,460,0.037414,0.004879,41265,16968,9172,5816,4087,2999,2285,1865,15233,1,1,1,1
22.3500,4532,1,1,50063,1,95823,0.522458,1,1,50,50,2104404,27.48203,0.00558,2.39140,0.01020,0,0,3,1.911835,1.452111,1.452111,-0.002491,-0.002348,14.958851,7480,0.000157,0.076478,39711,16308,9077,5563,3836,2874,2222,1688,14543,1,1,1,1
22.4000,4532,1,1,49780,0,95179,0.523020,1,9,9,21,157242,27.51659,0.00558,2.39140,0.01020,1,1,3,1.090511,1.000000,1.056148,-0.019732,-0.019713,14.941729,7255,0.001319,0.074263,39323,15959,8930,5619,3951,2810,2205,1683,14698,1,1,1,1
23.0000,4532,1,1,50675,1,97450,0.520016,1,4,4393,4393,300479,27.93261,0.00558,2.39140,0.01020,0,1,3,2.171451,1.651299,1.651299,-0.227799,-0.227628,14.733755,4534,0.015449,0.047066,40599,16457,8876,5696,4045,2979,2161,1740,14896,1,1,1,1
23.9000,4532,1,1,52238,0,100132,0.521697,1,1,48,132,172215,28.55632,0.00558,2.39140,0.01020,1,0,3,1.410007,1.000000,1.410476,-0.539635,-0.539560,14.421766,456,0.037413,0.004836,41509,17213,9437,5848,4023,2986,2300,1763,15052,1,1,1,1
22.3500,4533,1,1,50276,0,96132,0.522995,1,4,76,76,59314,27.48842,0.00245,2.39265,0.00875,1,1,2,1.392227,1.000000,2.610580,-0.000880,-0.000807,14.960459,7478,0.000054,0.076433,40072,16172,8972,5647,3896,2830,2197,1656,14689,1,1,1,1
22.4000,4533,1,1,50234,0,95953,0.523533,3,4,7,825,406159,27.52313,0.00245,2.39265,0.00875,1,1,2,1.404034,1.000000,2.195268,-0.018214,-0.018140,14.943195,7251,0.001214,0.074198,39743,16351,8980,5695,3883,2972,2168,1702,14458,1,1,1,1
23.0000,4533,1,1,50562,0,97163,0.520389,1,3,53,53,166609,27.93905,0.00245,2.39265,0.00875,1,1,2,1.411961,1.000000,1.957787,-0.226162,-0.226086,14.735235,4531,0.015343,0.047019,40253,16488,9015,5605,3951,2861,2206,1798,14985,1,1,1,1
23.9000,4533,1,1,51796,0,99629,0.519894,1,3,4,12,254207,28.56277,0.00245,2.39265,0.00875,1,1,2,1.414188,1.000000,2.169944,-0.538035,-0.537959,14.423352,452,0.037298,0.004792,41375,16888,9216,5908,4031,2977,2187,1772,15274,1,1,1,1
22.3500,4534,1,1,50119,1,96149,0.521269,7,52,52,110,319904,27.48556,0.00264,2.38775,0.00872,0,1,3,7.771196,7.572042,7.572042,-0.002279,-0.001827,14.959631,7486,0.000122,0.076502,39926,16503,9038,5555,3879,2794,2180,1734,14539,1,1,1,1
22.4000,4534,1,1,50387,1,96565,0.521799,1,3,11,58,208966,27.52026,0.00264,2.38775,0.00872,0,0,3,2.268161,1.704766,1.704766,-0.019466,-0.019285,14.941925,7259,0.001291,0.074270,40308,16392,8963,5660,3850,2982,2195,1705,14509,1,1,1,1
23.0000,4534,1,1,50909,1,97691,0.521128,1,12,21,153,110292,27.93624,0.00264,2.38775,0.00872,0,1,3,2.110749,1.550495,1.476043,-0.227436,-0.227271,14.733965,4538,0.015425,0.047086,40761,16517,8922,5806,3835,2954,2246,1745,14904,1,1,1,1
23.9000,4534,1,1,52060,0,99926,0.520991,1,21,21,69,161610,28.55998,0.00264,2.38775,0.00872,1,0,2,1.173024,1.000000,4.234915,-0.539427,-0.539392,14.422031,459,0.037401,0.004866,41362,17014,9285,5909,3988,3038,2278,1795,15256,1,1,1,1
22.3500,4535,1,1,49864,0,95652,0.521312,1,3,6,121,247037,27.47996,0.00199,2.38381,0.01242,1,0,2,1.263610,1.000000,1.362493,-0.005307,-0.005256,14.956143,7485,0.000351,0.076493,39515,16278,8917,5491,3961,2901,2194,1737,14657,1,1,1,1
22.4000,4535,1,1,50272,0,96087,0.523198,1,2,162,162,1111529,27.51466,0.00199,2.38381,0.01242,1,0,3,1.253208,1.000000,1.028124,-0.022627,-0.022578,14.938824,7258,0.001511,0.074259,40082,16089,8961,5567,3873,2874,2277,1703,14660,1,1,1,1
23.0000,4535,1,1,50874,0,97313,0.522793,3,12,12,65,96878,27.93054,0.00199,2.38381,0.01242,1,1,2,1.411678,1.000000,6.366979,-0.230775,-0.230699,14.730596,4539,0.015661,0.047096,40208,16631,9034,5781,3788,2881,2296,1801,14892,1,1,1,1
23.9000,4535,1,1,52003,1,100118,0.519422,1,1,17,17,139237,28.55430,0.00199,2.38381,0.01242,0,0,3,1.759189,1.259026,1.259026,-0.542474,-0.542350,14.418922,456,0.037614,0.004834,41545,17011,9239,5949,4079,3072,2261,1770,15191,1,1,1,1
22.3500,4536,1,1,49904,0,95957,0.520072,6,11,17,94,488484,27.48293,0.00510,2.38801,0.00813,1,1,2,1.362395,1.000000,5.006183,-0.002358,-0.002290,14.959073,7489,0.000153,0.076502,39845,16426,8727,5513,3922,2884,2260,1695,14684,1,1,1,1
22.4000,4536,1,1,50463,1,96537,0.522738,2,10,21,30,284207,27.51762,0.00510,2.38801,0.00813,0,0,3,2.356866,1.980357,1.980357,-0.019600,-0.019411,14.941672,7262,0.001299,0.074269,40251,16261,8998,5719,3959,2836,2191,1754,14567,1,1,1,1
23.0000,4536,1,1,50889,1,97618,0.521313,2,21,21,222,459135,27.93357,0.00510,2.38801,0.00813,0,1,3,9.989655,8.757585,8.757585,-0.227739,-0.227231,14.733494,4540,0.015423,0.047087,40651,16338,9123,5793,3993,2863,2190,1788,14878,1,1,1,1
23.9000,4536,1,1,52143,1,100050,0.521175,2,6,38,136,221533,28.55734,0.00510,2.38801,0.00813,0,1,3,3.926157,3.202650,3.202650,-0.539513,-0.539211,14.421741,459,0.037389,0.004863,41294,17083,9475,6014,4051,3012,2267,1763,15090,1,1,1,1
22.3500,4537,1,1,49889,1,95695,0.521339,2,85,85,96,303429,27.47945,0.00417,2.38723,0.00985,0,1,3,20.282040,19.396359,19.396359,-0.004663,-0.004000,14.956624,7487,0.000267,0.076477,39682,16341,8809,5629,3880,2868,2243,1644,14598,1,1,1,1
22.4000,4537,1,1,50166,0,96160,0.521698,1,45,45,45,1147409,27.51413,0.00417,2.38723,0.00985,1,1,2,1.289925,1.000000,15.207193,-0.021977,-0.021920,14.939471,7260,0.001467,0.074243,40123,16288,8810,5692,3808,2886,2203,1719,14630,1,1,1,1
23.0000,4537,1,1,51042,0,98036,0.520651,7,5,7,65,589031,27.93014,0.00417,2.38723,0.00985,1,1,3,1.161179,1.000000,1.073760,-0.229681,-0.229648,14.731399,4537,0.015589,0.047052,40691,16536,9273,5794,4034,2877,2238,1771,14821,1,1,1,1
23.9000,4537,1,1,52162,0,99548,0.523994,1,13,13,106,493932,28.55393,0.00417,2.38723,0.00985,1,0,2,1.235343,1.000000,3.689123,-0.541719,-0.541672,14.419735,456,0.037565,0.004831,41168,16775,9301,5811,4058,3061,2330,1748,15295,1,1,1,1
22.3500,4538,1,1,50179,1,95873,0.523396,5,9,9,46,637847,27.47560,0.00377,2.38209,0.01156,0,0,3,1.891723,1.725472,1.725472,-0.006620,-0.006480,14.954458,7489,0.000433,0.076492,39695,16381,8835,5571,3929,2824,2236,1742,14659,1,1,1,1
22.4000,4538,1,1,50202,0,95902,0.523477,1,2,5,1215,462952,27.51027,0.00377,2.38209,0.01156,1,1,2,1.413691,1.000000,1.552155,-0.023944,-0.023868,14.937448,7261,0.001598,0.074247,39610,16441,8980,5616,3860,2825,2158,1748,14663,1,1,1,1
23.0000,4538,1,1,50808,0,97326,0.522045,2,1,17,96,55575,27.92619,0.00377,2.38209,0.01156,1,0,3,1.391761,1.000000,1.165104,-0.231868,-0.231796,14.729550,4539,0.015737,0.047069,40346,16573,8884,5606,4056,2945,2262,1729,14924,1,1,1,1
23.9000,4538,1,1,52014,0,100055,0.519859,30,3,30,60,92389,28.54999,0.00377,2.38209,0.01156,1,1,3,1.270891,1.000000,1.163636,-0.543771,-0.543718,14.417444,454,0.037713,0.004810,41355,17065,9429,5924,4016,3089,2317,1816,15043,1,1,1,1
22.3500,4539,1,1,49919,1,95733,0.521445,1,16,39,39,96146,27.47664,0.00353,2.38661,0.00806,0,1,3,2.214361,1.583745,1.355291,-0.006139,-0.005964,14.955310,7492,0.000399,0.076501,39747,16321,8829,5627,3809,2827,2187,1736,14649,1,1,1,1
22.4000,4539,1,1,50490,0,96314,0.524228,3,49,49,49,45228,27.51130,0.00353,2.38661,0.00806,1,1,2,1.312868,1.000000,17.972287,-0.023757,-0.023697,14.937500,7265,0.001586,0.074272,39941,16403,8964,5613,4026,2937,2163,1722,14544,1,1,1,1
23.0000,4539,1,1,51299,1,97834,0.524353,2,1,11,114,159267,27.92728,0.00353,2.38661,0.00806,0,1,3,1.550609,1.096506,1.096506,-0.231437,-0.231340,14.729972,4542,0.015705,0.047088,40800,16662,9132,5763,3852,2918,2218,1693,14795,1,1,1,1
23.9000,4539,1,1,52109,1,100013,0.521027,1,3,7,68,315746,28.55110,0.00353,2.38661,0.00806,0,1,3,1.718810,1.420795,1.420795,-0.543374,-0.543255,14.418159,457,0.037679,0.004840,41609,16987,9277,5905,4058,2892,2256,1762,15266,1,1,1,1
22.3500,4540,1,1,50136,0,96065,0.521902,1,9,194,216,195664,27.47746,0.00214,2.37747,0.01059,1,1,2,1.399236,1.000000,4.634529,-0.006662,-0.006588,14.954751,7493,0.000441,0.076497,40075,16120,8831,5623,3970,2889,2290,1687,14579,1,1,1,1
22.4000,4540,1,1,50104,0,95925,0.522330,1,1,54,54,2139183,27.51211,0.00214,2.37747,0.01059,1,1,3,1.095935,1.000000,1.007912,-0.023812,-0.023792,14.937125,7266,0.001593,0.074267,39664,16392,8915,5650,3955,2868,2130,1706,14644,1,1,1,1
23.0000,4540,1,1,51342,0,98245,0.522597,2,7,65,86,290438,27.92800,0.00214,2.37747,0.01059,1,1,2,1.413904,1.000000,3.949504,-0.231917,-0.231841,14.729473,4545,0.015740,0.047110,40883,16907,9108,5753,4020,2836,2167,1800,14770,1,1,1,1
23.9000,4540,1,1,52000,0,100178,0.519081,2,10,10,89,764876,28.55183,0.00214,2.37747,0.01059,1,0,2,1.105647,1.000000,1.250735,-0.543704,-0.543682,14.417757,458,0.037709,0.004850,41519,17104,9342,5833,4086,2965,2227,1815,15286,1,1,1,1
22.3500,4541,1,1,50424,0,96574,0.522134,2,20,195,195,121944,27.48091,0.00229,2.38895,0.00879,1,1,2,1.414207,1.000000,10.200482,-0.004894,-0.004817,14.956493,7491,0.000322,0.076451,40264,16330,9025,5707,3965,2813,2211,1774,14484,1,1,1,1
22.4000,4541,1,1,50126,0,96167,0.521245,5,3,40,47,1613038,27.51556,0.00229,2.38895,0.00879,1,1,2,1.379314,1.000000,1.878974,-0.022031,-0.021960,14.939293,7264,0.001470,0.074220,40067,16413,8877,5534,3878,2886,2125,1751,14635,1,1,1,1
23.0000,4541,1,1,50732,0,97601,0.519795,1,11,27,771,99927,27.93151,0.00229,2.38895,0.00879,1,1,2,1.378274,1.000000,5.609596,-0.230127,-0.230057,14.731196,4539,0.015617,0.047032,40587,16500,8925,5761,4004,2962,2208,1815,14838,1,1,1,1
23.9000,4541,1,1,52383,1,100289,0.522326,2,5,119,261,800370,28.55520,0.00229,2.38895,0.00879,0,1,3,4.026707,2.897582,2.897582,-0.541901,-0.541594,14.419857,453,0.037559,0.004795,41721,17140,9290,5850,4017,2998,2270,1917,15085,1,1,1,1
22.3500,4542,1,1,50228,0,96332,0.521411,5,235,235,235,107720,27.47704,0.00214,2.38579,0.01011,1,0,2,1.050073,1.000000,12.121510,-0.006867,-0.006856,14.954595,7495,0.000458,0.076485,39933,16414,9127,5608,3922,2867,2239,1700,14521,1,1,1,1
22.4000,4542,1,1,49990,0,96176,0.519782,1,3,7,82,184139,27.51169,0.00214,2.38579,0.01011,1,0,2,1.346630,1.000000,1.789804,-0.023976,-0.023911,14.937460,7268,0.001601,0.074253,40110,16169,9113,5499,3843,2895,2124,1662,14760,1,1,1,1
23.0000,4542,1,1,51033,1,97834,0.521634,4,1,763,763,963156,27.92770,0.00214,2.38579,0.01011,0,0,3,1.247289,1.061764,1.061764,-0.231917,-0.231868,14.729197,4543,0.015742,0.047070,40755,16339,9171,5732,4092,2929,2177,1777,14861,1,1,1,1
23.9000,4542,1,1,52094,0,100282,0.519480,4,16,16,372,983808,28.55141,0.00214,2.38579,0.01011,1,1,2,1.351079,1.000000,6.957661,-0.543987,-0.543921,14.417448,455,0.037727,0.004816,41606,17087,9296,6010,4065,2977,2293,1815,15132,1,1,1,1
22.3500,4543,1,1,49939,1,95616,0.522293,1,3,4,89,3360563,27.47651,0.00339,2.38340,0.01135,0,0,3,2.020094,1.556510,1.556510,-0.006383,-0.006229,14.954956,7494,0.000416,0.076456,39607,16279,8784,5616,3863,2888,2131,1762,14685,1,1,1,1
22.4000,4543,1,1,49957,1,95896,0.520955,1,50,50,247,83864,27.51114,0.00339,2.38340,0.01135,0,1,3,3.056520,2.379025,2.281966,-0.023742,-0.023496,14.937897,7268,0.001573,0.074235,39704,16376,8980,5536,3869,2821,2194,1676,14739,1,1,1,1
23.0000,4543,1,1,51396,0,98397,0.522338,4,3,44,59,76419,27.92706,0.00339,2.38340,0.01135,1,1,2,1.292068,1.000000,1.347199,-0.231643,-0.231586,14.729594,4548,0.015723,0.047110,40875,16901,9216,5750,3977,2941,2177,1732,14827,1,1,1,1
23.9000,4543,1,1,52375,1,100711,0.520058,1,21,46,94,381300,28.55079,0.00339,2.38340,0.01135,0,1,3,10.574905,9.191349,9.191349,-0.543718,-0.543199,14.418254,454,0.037674,0.004804,41904,17094,9665,5972,4038,2884,2305,1751,15097,1,1,1,1
22.3500,4544,1,1,50401,1,96228,0.523772,1,7,23,23,11458372,27.48244,0.00229,2.38877,0.00832,0,1,3,1.732663,1.229691,1.086238,-0.003868,-0.003747,14.957543,7507,0.000251,0.076558,40158,16453,8727,5588,3850,2830,2235,1804,14582,1,1,1,1
22.4000,4544,1,1,49857,1,95674,0.521119,1,16,126,126,621273,27.51707,0.00229,2.38877,0.00832,0,1,3,11.781116,8.744029,8.744029,-0.021417,-0.020874,14.940575,7278,0.001397,0.074307,39522,16192,8975,5624,3906,2844,2129,1730,14751,1,1,1,1
23.0000,4544,1,1,51109,1,97748,0.522870,1,13,13,251,1250103,27.93305,0.00229,2.38877,0.00832,0,1,3,2.144940,1.602478,1.569683,-0.229213,-0.229045,14.732173,4550,0.015547,0.047112,40551,16623,9068,5724,3958,2929,2171,1749,14974,1,1,1,1
23.9000,4544,1,1,52287,1,100451,0.520528,2,3,16,23,366726,28.55679,0.00229,2.38877,0.00832,0,1,3,1.311224,1.140413,1.140413,-0.541051,-0.540991,14.420437,461,0.037516,0.004877,41742,17109,9343,5877,4109,3004,2274,1774,15218,1,1,1,1
22.3500,4545,1,1,50091,1,95798,0.522887,6,7,120,120,94402,27.47689,0.00410,2.38019,0.00935,0,0,3,1.700896,1.562756,1.562756,-0.005725,-0.005608,14.955312,7505,0.000375,0.076533,39776,16123,8883,5678,3914,2928,2181,1692,14622,1,1,1,1
22.4000,4545,1,1,50289,1,96567,0.520773,1,4,35,1393,970665,27.51166,0.00410,2.38019,0.00935,0,1,3,1.696395,1.415660,1.415660,-0.023100,-0.022984,14.938433,7274,0.001539,0.074261,40363,16422,8872,5607,3790,2913,2134,1750,14715,1,1,1,1
23.0000,4545,1,1,50956,0,97848,0.520772,1,18,18,81,70186,27.92755,0.00410,2.38019,0.00935,1,1,2,1.227125,1.000000,4.893472,-0.231181,-0.231136,14.729986,4550,0.015692,0.047109,40709,16628,9085,5804,3995,2872,2141,1734,14879,1,1,1,1
23.9000,4545,1,1,52115,1,100005,0.521129,1,1,30,322,70930,28.55131,0.00410,2.38019,0.00935,0,0,3,1.637087,1.175569,1.175569,-0.542901,-0.542793,14.418474,459,0.037646,0.004855,41474,16821,9293,5943,4122,2937,2294,1807,15313,1,1,1,1
22.3500,4546,1,1,50559,1,96782,0.522406,1,16,16,206,264060,27.48228,0.00244,2.38378,0.00759,0,1,3,7.590216,6.511149,6.511149,-0.004122,-0.003676,14.957286,7503,0.000246,0.076485,40371,16548,9065,5641,3865,2984,2170,1655,14482,1,1,1,1
22.4000,4546,1,1,50171,1,96239,0.521322,1,6,11,17,113481,27.51689,0.00244,2.38378,0.00759,0,1,3,1.833646,1.303846,1.191139,-0.021235,-0.021102,14.940183,7277,0.001412,0.074266,39795,16307,9113,5684,3966,2870,2177,1772,14554,1,1,1,1
23.0000,4546,1,1,50886,0,97940,0.519568,1,23,23,116,73578,27.93284,0.00244,2.38378,0.00759,1,1,2,1.233418,1.000000,6.409293,-0.229400,-0.229354,14.732054,4551,0.015568,0.047102,40640,16562,9188,5816,3992,2945,2165,1704,14927,1,1,1,1
23.9000,4546,1,1,52506,0,100553,0.522178,1,406,406,406,68975,28.55661,0.00244,2.38378,0.00759,1,0,2,1.044338,1.000000,18.444027,-0.541402,-0.541393,14.420060,457,0.037544,0.004832,41809,17153,9192,5907,4142,3036,2371,1751,15191,1,1,1,1
22.3500,4547,1,1,50101,1,96128,0.521196,1,151,151,151,118902,27.48738,0.00348,2.38753,0.00774,0,1,3,53.591019,49.827353,49.827353,-0.001221,-0.000345,14.960141,7507,0.000023,0.076495,39980,16174,8985,5672,3876,2808,2172,1665,14795,1,1,1,1
22.4000,4547,1,1,50033,1,96132,0.520467,2,3,22,93,307476,27.52198,0.00348,2.38753,0.00774,0,0,3,1.632172,1.356747,1.356747,-0.018125,-0.018018,14.943081,7278,0.001206,0.074246,40023,16068,8880,5602,4041,2884,2275,1712,14646,1,1,1,1
23.0000,4547,1,1,51245,1,98264,0.521509,1,10,108,108,92657,27.93799,0.00348,2.38753,0.00774,0,0,3,3.927354,3.219888,3.219888,-0.226227,-0.225926,14.735190,4549,0.015332,0.047061,40804,16718,9248,5751,3965,2899,2156,1709,15013,1,1,1,1
23.9000,4547,1,1,51921,1,99929,0.519584,2,2,530,530,207100,28.56178,0.00348,2.38753,0.00774,0,1,3,1.608351,1.258996,1.258996,-0.538015,-0.537911,14.423485,459,0.037294,0.004851,41575,16842,9266,5781,4047,2971,2279,1863,15304,1,1,1,1
22.3500,4548,1,1,50326,0,96253,0.522857,1,64,64,64,111626,27.48807,0.00389,2.38900,0.00844,1,1,2,1.048820,1.000000,3.245877,-0.000319,-0.000308,14.960485,7507,0.000021,0.076476,40119,16186,8899,5614,4025,2839,2198,1765,14607,1,1,1,1
22.4000,4548,1,1,50417,1,96555,0.522164,4,15,15,182,34846,27.52282,0.00389,2.38900,0.00844,0,1,3,3.850085,3.072424,3.072424,-0.017687,-0.017390,14.944012,7279,0.001164,0.074235,40279,16347,8967,5614,3896,2833,2175,1733,14710,1,1,1,1
23.0000,4548,1,1,51230,0,98108,0.522185,21,2,115,115,65030,27.93873,0.00389,2.38900,0.00844,1,1,3,1.371776,1.000000,1.176006,-0.225541,-0.225471,14.735775,4551,0.015301,0.047069,40645,16746,9278,5726,3990,2967,2218,1807,14730,1,1,1,1
23.9000,4548,1,1,52315,1,100156,0.522340,28,11,28,28,101992,28.56254,0.00389,2.38900,0.00844,0,1,3,6.043547,5.081569,5.081569,-0.537603,-0.537207,14.423084,458,0.037246,0.004840,41491,16968,9365,5972,4031,2967,2245,1805,15311,1,1,1,1
22.3500,4549,1,1,50068,0,96108,0.520961,1,53,53,53,69788,27.48627,0.00259,2.38926,0.00899,1,1,2,1.144188,1.000000,8.352364,-0.002069,-0.002040,14.959391,7504,0.000136,0.076434,39911,16456,8896,5561,3921,2800,2141,1676,14745,1,1,1,1
22.4000,4549,1,1,50216,0,96206,0.521969,4,3,66,153,203198,27.52086,0.00259,2.38926,0.00899,1,1,2,1.414211,1.000000,2.118016,-0.019213,-0.019137,14.942173,7277,0.001281,0.074208,39882,16311,9098,5615,3924,2811,2243,1639,14682,1,1,1,1
23.0000,4549,1,1,51176,0,97787,0.523347,4,6,13,1412,405375,27.93684,0.00259,2.38926,0.00899,1,0,2,1.245259,1.000000,1.843467,-0.227186,-0.227138,14.734267,4547,0.015416,0.047023,40449,16726,8994,5768,3954,2981,2327,1706,14881,1,1,1,1
23.9000,4549,1,1,52313,1,100271,0.521721,2,120,120,120,162884,28.56066,0.00259,2.38926,0.00899,0,1,3,1.889694,1.339837,1.030458,-0.539031,-0.538891,14.422434,453,0.037365,0.004786,41503,17077,9340,5831,4164,3030,2310,1821,15194,1,1,1,1
22.3500,4550,1,1,50142,0,96314,0.520615,1,5,5,186,82531,27.48868,0.00229,2.38903,0.00869,1,0,2,1.182346,1.000000,1.260410,-0.000752,-0.000715,14.960706,7516,0.000048,0.076533,40117,16284,8927,5639,3913,2923,2150,1740,14620,1,1,1,1
22.4000,4550,1,1,50064,0,96303,0.519865,3,3,7,34,123308,27.52341,0.00229,2.38903,0.00869,1,1,2,1.334765,1.000000,1.436791,-0.018132,-0.018069,14.943147,7282,0.001209,0.074237,39872,16401,8953,5702,3921,2930,2177,1790,14556,1,1,1,1
23.0000,4550,1,1,51284,0,97985,0.523392,3,41,41,41,211674,27.93930,0.00229,2.38903,0.00869,1,1,2,1.165310,1.000000,7.506546,-0.226263,-0.226229,14.735196,4562,0.015353,0.047164,40724,16713,9042,5724,3927,2949,2153,1833,14919,1,1,1,1
23.9000,4550,1,1,52416,0,100624,0.520915,1,12,12,17,503868,28.56313,0.00229,2.38903,0.00869,1,1,2,1.142801,1.000000,2.072858,-0.538035,-0.538006,14.423017,457,0.037302,0.004827,41907,17203,9386,5729,4019,3010,2265,1832,15272,1,1,1,1
22.3500,4551,1,1,50121,1,96151,0.521279,1,7,16,66,691297,27.48569,0.00228,2.38660,0.00899,0,0,3,2.353722,1.902949,1.902949,-0.002245,-0.002057,14.959076,7510,0.000137,0.076463,39751,16521,8840,5795,3847,2772,2298,1675,14651,1,1,1,1
22.4000,4551,1,1,50372,0,96477,0.522119,1,6,154,239,114986,27.52041,0.00228,2.38660,0.00899,1,1,2,1.375182,1.000000,3.407180,-0.019671,-0.019601,14.941649,7282,0.001312,0.074229,39847,16531,9005,5630,3960,2858,2276,1811,14558,1,1,1,1
23.0000,4551,1,1,50834,0,97467,0.521556,3,2,15,15,62915,27.93636,0.00228,2.38660,0.00899,1,1,2,1.366817,1.000000,1.495918,-0.227550,-0.227481,14.733881,4555,0.015439,0.047086,40268,16620,9050,5690,3986,2854,2202,1788,15008,1,1,1,1
23.9000,4551,1,1,52194,0,100344,0.520156,30,36,36,36,154954,28.56006,0.00228,2.38660,0.00899,1,1,2,1.125074,1.000000,4.881413,-0.539534,-0.539508,14.421488,457,0.037410,0.004826,41824,16846,9328,5854,4094,2987,2334,1834,15242,1,1,1,1
22.3500,4552,1,1,50223,1,96115,0.522536,10,140,140,2594,497511,27.48336,0.00244,2.38482,0.00863,0,1,3,2.305928,1.709799,1.542111,-0.003407,-0.003223,14.958147,7516,0.000215,0.076512,40035,16244,8992,5540,3939,2818,2199,1646,14701,1,1,1,1
22.4000,4552,1,1,50352,0,96803,0.520155,20,4,28,229,154464,27.51792,0.00244,2.38482,0.00863,1,1,2,1.380849,1.000000,2.227073,-0.020730,-0.020659,14.940695,7286,0.001383,0.074258,40042,16607,9204,5747,3940,2885,2251,1703,14423,1,1,1,1
23.0000,4552,1,1,51243,1,98144,0.522126,12,1,44,225,144403,27.93393,0.00244,2.38482,0.00863,0,1,3,1.248851,1.032461,1.032461,-0.228646,-0.228598,14.732204,4554,0.015517,0.047070,40781,16595,9117,5792,4052,2974,2246,1786,14800,1,1,1,1
23.9000,4552,1,1,52411,1,100648,0.520741,2,2,85,85,943191,28.55765,0.00244,2.38482,0.00863,0,0,3,1.814058,1.481822,1.481822,-0.540544,-0.540413,14.420707,463,0.037475,0.004889,41584,17258,9654,5846,4057,3065,2182,1764,15237,1,1,1,1
22.3500,4553,1,1,49932,0,95888,0.520738,3,930,930,930,112929,27.47725,0.00408,2.38349,0.01040,1,1,2,1.271697,1.000000,287.325176,-0.006159,-0.006106,14.955058,7511,0.000408,0.076461,39687,16232,8906,5732,3948,2793,2246,1739,14604,1,1,1,1
22.4000,4553,1,1,50437,1,96428,0.523059,1,2,7,365,270108,27.51197,0.00408,2.38349,0.01040,0,1,3,1.846873,1.506421,1.506421,-0.022934,-0.022799,14.938626,7284,0.001526,0.074231,39948,16381,9042,5751,3958,2811,2143,1698,14695,1,1,1,1
23.0000,4553,1,1,51318,0,98229,0.522438,2,22,22,36,40507,27.92788,0.00408,2.38349,0.01040,1,1,2,1.071930,1.000000,1.751021,-0.230913,-0.230897,14.729980,4551,0.015675,0.047036,40877,16578,9154,5909,3949,2969,2217,1739,14836,1,1,1,1
23.9000,4553,1,1,52165,1,99863,0.522371,5,9,21,428,100144,28.55161,0.00408,2.38349,0.01040,0,1,3,2.992873,2.262434,2.262434,-0.542802,-0.542561,14.418819,454,0.037629,0.004794,41213,17159,9163,5934,3941,2936,2285,1795,15436,1,1,1,1
22.3500,4554,1,1,50429,1,96546,0.522337,2,16,16,130,54573,27.47433,0.00392,2.38609,0.01080,0,1,3,5.546124,5.017294,5.017294,-0.007204,-0.006828,14.954056,7514,0.000457,0.076479,40206,16354,9058,5624,4055,2853,2162,1717,14516,1,1,1,1
22.4000,4554,1,1,50413,1,96296,0.523527,6,5,91,163,100243,27.50903,0.00392,2.38609,0.01080,0,1,3,2.687223,2.359666,2.359666,-0.024473,-0.024256,14.936554,7285,0.001624,0.074235,39916,16297,9053,5745,3861,2892,2152,1638,14741,1,1,1,1
23.0000,4554,1,1,51027,1,97576,0.522952,2,2,6,887,231513,27.92501,0.00392,2.38609,0.01080,0,1,3,1.534436,1.307858,1.307858,-0.232391,-0.232297,14.729132,4553,0.015771,0.047049,40203,16704,9133,5752,4061,2907,2180,1730,14905,1,1,1,1
23.9000,4554,1,1,52362,0,100450,0.521279,6,2,9,56,883047,28.54875,0.00392,2.38609,0.01080,1,1,3,1.407529,1.000000,1.183738,-0.544256,-0.544181,14.417150,454,0.037745,0.004793,41739,16879,9416,5870,4183,3021,2288,1792,15261,1,1,1,1
22.3500,4555,1,1,49828,0,95658,0.520903,2,7294,7294,7294,368754,27.47871,0.00355,2.38553,0.00873,1,1,2,1.188205,1.000000,1502.106054,-0.005921,-0.005883,14.955537,7518,0.000393,0.076496,39447,16075,9046,5781,3827,2861,2180,1769,14671,1,1,1,1
22.4000,4555,1,1,50373,1,96574,0.521605,1,1,7,158,112673,27.51341,0.00355,2.38553,0.00873,0,1,3,1.371010,1.095549,1.095549,-0.022471,-0.022402,14.939001,7290,0.001500,0.074258,40103,16474,8941,5687,3909,2894,2224,1696,14645,1,1,1,1
23.0000,4555,1,1,50985,1,98082,0.519825,3,4,10,12,170014,27.92929,0.00355,2.38553,0.00873,0,1,3,2.708477,2.174016,2.174016,-0.230493,-0.230274,14.731131,4557,0.015632,0.047074,40713,16569,9154,5824,4037,2963,2201,1753,14867,1,1,1,1
23.9000,4555,1,1,52191,1,100319,0.520256,1,1,18,132,246374,28.55305,0.00355,2.38553,0.00873,0,0,3,1.554482,1.111613,1.111613,-0.542298,-0.542202,14.419073,458,0.037603,0.004834,41489,17161,9284,5949,4010,3016,2310,1786,15313,1,1,1,1
22.3500,4556,1,1,50719,1,96800,0.523962,2,9,9,93,40283,27.47725,0.00228,2.39219,0.00877,0,0,3,2.125834,1.780068,1.780068,-0.006492,-0.006326,14.954764,7520,0.000423,0.076503,40424,16302,9090,5672,3954,2874,2226,1711,14546,1,1,1,1
22.4000,4556,1,1,50449,1,96690,0.521766,1,7,193,193,64453,27.51194,0.00228,2.39219,0.00877,0,1,3,4.977890,3.932129,3.932129,-0.023923,-0.023570,14.937378,7297,0.001578,0.074321,40187,16541,8928,5625,3921,2944,2154,1725,14664,1,1,1,1
23.0000,4556,1,1,51159,1,98221,0.520861,3,6,18,75,160797,27.92789,0.00228,2.39219,0.00877,0,1,3,2.067009,1.489897,1.443551,-0.231782,-0.231623,14.729727,4559,0.015725,0.047089,40869,16711,9176,5742,3992,2896,2186,1768,14880,1,1,1,1
23.9000,4556,1,1,52489,1,100826,0.520595,1,2,4,157,87480,28.55166,0.00228,2.39219,0.00877,0,1,3,1.786552,1.276502,1.276502,-0.543656,-0.543529,14.417811,459,0.037698,0.004843,42048,17079,9358,5915,4069,3026,2377,1777,15176,1,1,1,1
22.3500,4557,1,1,50221,1,96576,0.520021,1,5,551,551,127876,27.47887,0.00243,2.38737,0.00880,0,1,3,4.188913,3.203042,3.203042,-0.005618,-0.005303,14.956135,7518,0.000355,0.076459,39960,16628,9075,5640,4009,2837,2112,1745,14569,1,1,1,1
22.4000,4557,1,1,50475,1,96421,0.523491,1,3,28,179,218099,27.51355,0.00243,2.38737,0.00880,0,1,3,2.734755,2.087884,2.087884,-0.022910,-0.022689,14.938696,7290,0.001519,0.074227,40132,16261,8807,5792,3940,2869,2140,1757,14722,1,1,1,1
23.0000,4557,1,1,50890,0,97963,0.519487,2,2,14,99,209898,27.92956,0.00243,2.38737,0.00880,1,1,3,1.401093,1.000000,1.463491,-0.230871,-0.230797,14.730481,4555,0.015668,0.047035,40616,16668,9170,5836,3934,2922,2223,1689,14904,1,1,1,1
23.9000,4557,1,1,52390,0,100565,0.520962,1,107,107,348,840174,28.55335,0.00243,2.38737,0.00880,1,1,2,1.028178,1.000000,3.083348,-0.542852,-0.542846,14.417831,454,0.037651,0.004790,41485,17246,9468,6043,4116,3066,2257,1752,15131,1,1,1,1
22.3500,4558,1,1,50664,0,96887,0.522924,21,4,67,67,237040,27.47517,0.00228,2.38770,0.01012,1,1,2,1.308873,1.000000,1.774911,-0.007578,-0.007519,14.953676,7521,0.000503,0.076485,40554,16555,8994,5595,3982,2800,2181,1620,14605,1,1,1,1
22.4000,4558,1,1,50057,1,96443,0.519037,3,16,16,63,237746,27.50984,0.00228,2.38770,0.01012,0,1,3,11.256539,8.463588,8.463588,-0.025086,-0.024555,14.936041,7293,0.001644,0.074254,39910,16497,8941,5790,4016,2844,2111,1725,14608,1,1,1,1
23.0000,4558,1,1,51062,0,98541,0.518186,1,2,63,63,155100,27.92576,0.00228,2.38770,0.01012,1,1,3,1.268601,1.000000,1.032248,-0.232814,-0.232761,14.728401,4558,0.015804,0.047062,41211,16724,9029,5772,3939,2965,2278,1739,14883,1,1,1,1
23.9000,4558,1,1,52383,1,100868,0.519327,9,3,36,55,121629,28.54957,0.00228,2.38770,0.01012,0,1,3,2.098739,1.629662,1.629662,-0.544765,-0.544602,14.416791,457,0.037776,0.004821,42112,17019,9353,5853,4147,3097,2312,1787,15187,1,1,1,1
22.3500,4559,1,1,50057,1,96274,0.519948,2,2,533,614,72594,27.47428,0.00228,2.38826,0.00833,0,1,3,2.195645,1.596606,1.596606,-0.007959,-0.007786,14.953222,7521,0.000521,0.076471,40016,16258,8808,5629,4012,2849,2252,1686,14763,1,1,1,1
22.4000,4559,1,1,50103,1,96116,0.521282,1,9,105,105,176415,27.50895,0.00228,2.38826,0.00833,0,1,3,3.548046,3.134785,3.134785,-0.025365,-0.025087,14.936349,7293,0.001680,0.074237,39994,16152,8919,5577,3963,2816,2168,1747,14779,1,1,1,1
23.0000,4559,1,1,51206,0,98295,0.520947,3,2,4,4407,37370710,27.92493,0.00228,2.38826,0.00833,1,0,3,1.356761,1.000000,1.195742,-0.233245,-0.233178,14.728190,4557,0.015832,0.047042,40996,16621,9126,5773,3958,2907,2213,1771,14929,1,1,1,1
23.9000,4559,1,1,52222,0,100420,0.520041,1,10,10,84,458672,28.54874,0.00228,2.38826,0.00833,1,1,2,1.151683,1.000000,1.930740,-0.545207,-0.545177,14.415861,454,0.037818,0.004788,41629,17219,9139,5865,4096,3027,2293,1798,15353,1,1,1,1
22.3500,4560,1,1,50082,0,96304,0.520046,1,10,25,28,131910,27.47129,0.00308,2.38555,0.00799,1,1,3,1.093022,1.000000,1.154955,-0.009112,-0.009092,14.952350,7526,0.000608,0.076510,40071,16214,8952,5736,3922,2877,2160,1788,14583,1,1,1,1
22.4000,4560,1,1,50408,0,96399,0.522915,2,2,17,39,73036,27.50595,0.00308,2.38555,0.00799,1,1,3,1.386163,1.000000,1.322252,-0.026458,-0.026386,14.934875,7298,0.001767,0.074278,39937,16394,9025,5672,3941,2858,2214,1720,14637,1,1,1,1
23.0000,4560,1,1,51410,0,98157,0.523758,2,4,65,237,120785,27.92183,0.00308,2.38555,0.00799,1,1,2,1.322483,1.000000,1.873276,-0.234443,-0.234381,14.726825,4564,0.015915,0.047108,40688,16831,9024,5783,4031,2991,2098,1786,14924,1,1,1,1
23.9000,4560,1,1,52536,0,100894,0.520710,72,14,72,72,791513,28.54567,0.00308,2.38555,0.00799,1,1,2,1.243409,1.000000,3.851203,-0.546441,-0.546394,14.414746,459,0.037905,0.004840,41993,17130,9455,6034,3940,2925,2301,1833,15282,1,1,1,1
22.3500,4561,1,1,50662,0,96916,0.522747,12,5,560,560,3311030,27.46679,0.00474,2.37899,0.01262,1,1,2,1.342165,1.000000,2.070514,-0.010547,-0.010482,14.950740,7525,0.000701,0.076491,40144,16738,8980,5688,3943,2893,2221,1725,14583,1,1,1,1
22.4000,4561,1,1,50386,0,96603,0.521583,23,3,23,23,225292,27.50144,0.00474,2.37899,0.01262,1,0,3,1.259326,1.000000,1.102476,-0.027798,-0.027748,14.933654,7296,0.001858,0.074248,40131,16356,8984,5665,3871,2924,2218,1731,14722,1,1,1,1
23.0000,4561,1,1,50762,0,97499,0.520647,2,2,27,43,387158,27.91739,0.00474,2.37899,0.01262,1,1,3,1.412569,1.000000,1.390562,-0.235802,-0.235726,14.725595,4559,0.016008,0.047050,40159,16576,9097,5816,3854,2880,2281,1719,15116,1,1,1,1
23.9000,4561,1,1,52382,0,101025,0.518510,1,6,11,203,148410,28.54109,0.00474,2.37899,0.01262,1,0,2,1.176667,1.000000,1.460217,-0.547653,-0.547617,14.413806,455,0.037993,0.004797,42029,17192,9375,5986,4037,3043,2245,1834,15283,1,1,1,1
22.3500,4562,1,1,50089,1,96497,0.519079,1,2,64,75,357560,27.47242,0.00323,2.39096,0.01031,0,1,3,2.173942,1.587783,1.587783,-0.008409,-0.008239,14.952868,7526,0.000551,0.076473,40039,16433,9042,5701,4020,2846,2157,1676,14582,1,1,1,1
22.4000,4562,1,1,50195,1,96259,0.521463,1,62,62,218,6588399,27.50706,0.00323,2.39096,0.01031,0,1,3,5.533394,5.043139,5.043139,-0.025857,-0.025482,14.935959,7301,0.001706,0.074271,39674,16400,9040,5718,3912,2902,2193,1702,14717,1,1,1,1
23.0000,4562,1,1,51305,1,98311,0.521870,5,4,6,21,87599,27.92307,0.00323,2.39096,0.01031,0,1,3,2.042422,1.673201,1.673201,-0.233740,-0.233584,14.727828,4560,0.015860,0.047043,40933,16749,8973,5776,4037,3025,2200,1708,14909,1,1,1,1
23.9000,4562,1,1,51997,1,100321,0.518311,1,2,3467,3467,126652,28.54678,0.00323,2.39096,0.01031,0,1,3,1.737206,1.337849,1.337849,-0.545572,-0.545451,14.415938,455,0.037837,0.004796,41594,16943,9357,5827,4085,3056,2306,1829,15323,1,1,1,1
22.3500,4563,1,1,50323,1,96656,0.520646,1,2,11,96,147727,27.47008,0.00318,2.38217,0.01016,0,0,3,1.818852,1.379545,1.379545,-0.009681,-0.009550,14.951653,7530,0.000639,0.076503,40221,16491,9037,5558,3967,2845,2164,1653,14719,1,1,1,1
22.4000,4563,1,1,50147,1,96372,0.520354,1,15,27,994,193141,27.50471,0.00318,2.38217,0.01016,0,0,3,5.283069,4.476744,4.476744,-0.027129,-0.026764,14.934310,7302,0.001792,0.074273,39872,16341,8999,5700,3905,2860,2226,1712,14756,1,1,1,1
23.0000,4563,1,1,51260,0,98137,0.522336,1,42,133,133,75116,27.92063,0.00318,2.38217,0.01016,1,1,2,1.049322,1.000000,2.164209,-0.235009,-0.234999,14.725800,4561,0.015958,0.047050,40566,16735,9249,5746,4067,2967,2162,1677,14967,1,1,1,1
23.9000,4563,1,1,52604,0,100908,0.521312,4,2,4,60,48266,28.54436,0.00318,2.38217,0.01016,1,1,2,1.414088,1.000000,1.433193,-0.546826,-0.546750,14.414564,455,0.037930,0.004795,42006,17070,9464,6003,4063,3007,2332,1800,15162,1,1,1,1
22.3500,4564,1,1,50184,0,96456,0.520284,19,3,24,24,32307,27.46939,0.00333,2.38109,0.00801,1,1,2,1.414209,1.000000,1.966755,-0.009936,-0.009860,14.951452,7530,0.000659,0.076488,40033,16435,8901,5701,3900,2866,2189,1760,14670,1,1,1,1
22.4000,4564,1,1,50156,0,96611,0.519160,1,5,88,513,1021788,27.50402,0.00333,2.38109,0.00801,1,1,2,1.298508,1.000000,2.388218,-0.027271,-0.027214,14.933974,7301,0.001822,0.074248,40108,16405,9069,5531,3897,2808,2280,1773,14739,1,1,1,1
23.0000,4564,1,1,51276,0,98233,0.521989,5,23,23,90,283485,27.92000,0.00333,2.38109,0.00801,1,1,2,1.359854,1.000000,9.879850,-0.235416,-0.235349,14.726018,4562,0.015982,0.047049,40772,16745,8987,5802,3989,3016,2231,1723,14967,1,1,1,1
23.9000,4564,1,1,52835,1,101181,0.522188,2,84,4860,4860,151980,28.54374,0.00333,2.38109,0.00801,0,1,3,51.088885,40.718806,40.718806,-0.547442,-0.546580,14.414882,455,0.037918,0.004794,42309,17025,9360,6076,4074,2962,2346,1802,15226,1,1,1,1
22.3500,4565,1,1,50747,1,97102,0.522621,1,63,63,309,45734,27.46472,0.00273,2.37826,0.01061,0,1,3,21.718411,19.974273,19.974273,-0.012777,-0.012103,14.948657,7527,0.000810,0.076455,40386,16566,9174,5689,3866,2955,2243,1676,14546,1,1,1,1
22.4000,4565,1,1,50395,1,96471,0.522390,2,2,6,91,193217,27.49949,0.00273,2.37826,0.01061,0,1,3,1.682396,1.307352,1.307352,-0.029862,-0.029748,14.931646,7298,0.001992,0.074213,39907,16464,9042,5709,3882,2896,2216,1758,14596,1,1,1,1
23.0000,4565,1,1,51101,1,98046,0.521199,8,2,67,67,71880,27.91537,0.00273,2.37826,0.01061,0,1,3,1.486241,1.265589,1.265589,-0.237801,-0.237714,14.723152,4559,0.016146,0.047017,40538,16606,9174,5669,3935,3021,2248,1771,15083,1,1,1,1
23.9000,4565,1,1,52460,0,100585,0.521554,1,4,11,19,85748,28.53913,0.00273,2.37826,0.01061,1,1,2,1.397107,1.000000,2.542929,-0.549759,-0.549686,14.411657,451,0.038142,0.004752,41793,17045,9397,5850,4072,2920,2295,1869,15343,1,1,1,1
22.3500,4566,1,1,50639,1,96829,0.522979,1,2,106,106,101881,27.46318,0.00337,2.37764,0.00898,0,0,3,1.786955,1.281093,1.281093,-0.013020,-0.012893,14.948378,7538,0.000863,0.076551,40350,16416,9031,5672,3992,2942,2026,1740,14659,1,1,1,1
22.4000,4566,1,1,50254,0,96392,0.521356,4,4,24,164,71398,27.49779,0.00337,2.37764,0.00898,1,1,2,1.407466,1.000000,2.553040,-0.030404,-0.030329,14.931003,7310,0.002031,0.074322,39868,16387,9074,5586,3886,2967,2242,1717,14664,1,1,1,1
23.0000,4566,1,1,51171,1,98234,0.520915,1,15,38,119,194618,27.91374,0.00337,2.37764,0.00898,0,1,3,10.208969,8.012620,8.012620,-0.238503,-0.237995,14.722787,4570,0.016165,0.047121,40702,16751,9133,5814,4021,2983,2210,1714,14905,1,1,1,1
23.9000,4566,1,1,52280,0,100582,0.519780,1,1,10,170,84158,28.53751,0.00337,2.37764,0.00898,1,0,3,1.409084,1.000000,1.050319,-0.550155,-0.550080,14.411212,462,0.038170,0.004867,41882,16947,9323,5983,4091,2899,2288,1753,15415,1,1,1,1
22.3500,4567,1,1,50399,1,96228,0.523751,28,3,28,46,526743,27.46660,0.00197,2.37574,0.00876,0,1,3,1.465587,1.053282,1.053282,-0.011932,-0.011848,14.949500,7538,0.000793,0.076529,39844,16292,9039,5698,3857,2897,2144,1762,14694,1,1,1,1
22.4000,4567,1,1,50360,0,96800,0.520253,1,5,28,105,150995,27.50120,0.00197,2.37574,0.00876,1,0,2,1.333758,1.000000,2.286523,-0.029323,-0.029260,14.932117,7310,0.001960,0.074300,40131,16740,9009,5715,3821,2866,2115,1782,14620,1,1,1,1
23.0000,4567,1,1,51133,1,98329,0.520025,12,3,258,258,49066,27.91721,0.00197,2.37574,0.00876,0,1,3,1.334287,1.247447,1.247447,-0.237256,-0.237193,14.724255,4569,0.016109,0.047096,40894,16636,9058,5799,4016,2974,2188,1754,15009,1,1,1,1
23.9000,4567,1,1,52333,1,100438,0.521053,3,41,41,116,87659,28.54100,0.00197,2.37574,0.00876,0,1,3,9.663459,9.207246,9.207246,-0.549375,-0.548878,14.411803,459,0.038085,0.004834,41672,16781,9503,5900,4072,3042,2363,1802,15302,1,1,1,1
22.3500,4568,1,1,50549,1,97016,0.521043,3,1,16,68,121449,27.46946,0.00212,2.37595,0.00755,0,1,3,1.341684,1.105385,1.105385,-0.010375,-0.010311,14.950768,7543,0.000690,0.076556,40671,16346,8899,5598,3971,2920,2207,1732,14671,1,1,1,1
22.4000,4568,1,1,50585,1,96994,0.521532,2,8,8,41,359590,27.50420,0.00212,2.37595,0.00755,0,1,3,4.430047,3.770023,3.770023,-0.027894,-0.027568,14.933317,7313,0.001846,0.074309,40427,16568,9015,5679,3850,2886,2149,1768,14651,1,1,1,1
23.0000,4568,1,1,51002,0,98218,0.519279,6,2,13,17,151663,27.92012,0.00212,2.37595,0.00755,1,1,3,1.396122,1.000000,1.350923,-0.235738,-0.235665,14.725608,4574,0.016004,0.047133,40819,16483,9206,5761,3996,2967,2254,1744,14987,1,1,1,1
23.9000,4568,1,1,52437,1,100664,0.520916,9,4,193,193,93304,28.54392,0.00212,2.37595,0.00755,0,1,3,2.129124,1.851429,1.851429,-0.547677,-0.547511,14.413272,461,0.037987,0.004853,41788,16940,9382,5993,4144,2893,2303,1894,15326,1,1,1,1
22.3500,4569,1,1,50312,0,96653,0.520548,1,8,14,34,297374,27.46975,0.00228,2.37348,0.00905,1,1,2,1.136903,1.000000,1.336926,-0.010280,-0.010252,14.950765,7539,0.000686,0.076499,40237,16443,8921,5573,3944,2953,2176,1789,14616,1,1,1,1
22.4000,4569,1,1,50606,0,96448,0.524703,1,9,9,29,196973,27.50434,0.00228,2.37348,0.00905,1,0,2,1.236669,1.000000,2.772387,-0.027656,-0.027609,14.933799,7311,0.001849,0.074270,40172,16035,8879,5788,3869,2994,2238,1788,14684,1,1,1,1
23.0000,4569,1,1,51383,1,98352,0.522445,7,18,19,74,193884,27.92032,0.00228,2.37348,0.00905,0,1,3,1.648157,1.293904,1.293904,-0.235558,-0.235448,14.725949,4569,0.015989,0.047070,40679,16668,9120,5869,4071,2964,2333,1782,14865,1,1,1,1
23.9000,4569,1,1,52320,0,100651,0.519821,58,18,58,136,111760,28.54414,0.00228,2.37348,0.00905,1,1,2,1.088614,1.000000,1.728294,-0.547501,-0.547482,14.413442,458,0.037984,0.004821,41708,16910,9466,5962,4119,3082,2308,1875,15220,1,1,1,1
22.3500,4570,1,1,50426,0,96796,0.520957,1,48,95,95,354975,27.46522,0.00382,2.37030,0.00937,1,1,2,1.021163,1.000000,1.132780,-0.011698,-0.011694,14.948924,7542,0.000782,0.076522,40262,16355,9047,5633,3888,2899,2275,1689,14747,1,1,1,1
22.4000,4570,1,1,50476,0,96706,0.521959,10,30,30,30,804583,27.49995,0.00382,2.37030,0.00937,1,0,2,1.100399,1.000000,3.269966,-0.029189,-0.029168,14.932273,7312,0.001953,0.074271,39998,16651,8979,5610,3933,2895,2231,1651,14757,1,1,1,1
23.0000,4570,1,1,51214,0,98170,0.521692,9,4,9,48,200853,27.91584,0.00382,2.37030,0.00937,1,1,2,1.309816,1.000000,1.701933,-0.237062,-0.237003,14.724195,4570,0.016096,0.047075,40612,16587,9200,5795,4082,2834,2241,1776,15042,1,1,1,1
23.9000,4570,1,1,52590,0,100780,0.521835,1,19,195,195,517190,28.53967,0.00382,2.37030,0.00937,1,1,2,1.083370,1.000000,1.803048,-0.548984,-0.548966,14.412479,457,0.038090,0.004809,41835,17243,9346,5980,4049,2934,2251,1829,15312,1,1,1,1
22.3500,4571,1,1,50180,0,96349,0.520820,10,2,28,816,238390,27.46575,0.00197,2.37623,0.00800,1,1,2,1.409809,1.000000,1.546219,-0.012339,-0.012264,14.949029,7545,0.000820,0.076535,40024,16164,9091,5578,4014,2886,2185,1655,14751,1,1,1,1
22.4000,4571,1,1,50777,1,97240,0.522188,4,14,14,60,147505,27.50048,0.00197,2.37623,0.00800,0,1,3,8.706806,7.031757,7.031757,-0.029870,-0.029397,14.931227,7316,0.001969,0.074301,40390,16575,9206,5695,3973,2907,2126,1817,14550,1,1,1,1
23.0000,4571,1,1,50985,1,98563,0.517289,1,4,48,50,1469671,27.91643,0.00197,2.37623,0.00800,0,1,3,3.080714,2.366624,2.366624,-0.237724,-0.237478,14.723693,4573,0.016129,0.047098,41045,16826,9228,5813,3855,2934,2210,1670,14981,1,1,1,1
23.9000,4571,1,1,52628,0,100803,0.522093,2,2,82,311,159730,28.54013,0.00197,2.37623,0.00800,1,1,2,1.409067,1.000000,1.527020,-0.549526,-0.549451,14.411879,460,0.038125,0.004840,41675,17304,9216,5928,4141,3130,2299,1869,15240,1,1,1,1
22.3500,4572,1,1,50539,1,96765,0.522291,3,9,16,29,85021,27.46818,0.00495,2.37640,0.00902,0,1,3,3.937209,3.483587,3.483587,-0.009829,-0.009529,14.951373,7546,0.000637,0.076516,40180,16520,8894,5633,4060,2975,2270,1672,14560,1,1,1,1
22.4000,4572,1,1,50286,0,96256,0.522425,5,3,11,102,81536,27.50274,0.00495,2.37640,0.00902,1,1,2,1.335106,1.000000,1.534758,-0.027017,-0.026953,14.934424,7318,0.001805,0.074289,39757,16204,8949,5819,3874,2852,2219,1767,14814,1,1,1,1
23.0000,4572,1,1,51362,0,98229,0.522886,20,2,20,28,1207534,27.91875,0.00495,2.37640,0.00902,1,1,3,1.412706,1.000000,1.061693,-0.234986,-0.234911,14.726411,4574,0.015952,0.047089,40541,16745,9082,5880,3965,2930,2235,1744,15106,1,1,1,1
23.9000,4572,1,1,52585,1,101100,0.520134,1,25,25,32,62566,28.54246,0.00495,2.37640,0.00902,0,1,3,10.313173,9.219377,9.219377,-0.547079,-0.546568,14.414275,460,0.037919,0.004838,42232,17050,9467,6094,4026,2987,2309,1726,15208,1,1,1,1
22.3500,4573,1,1,50566,0,96695,0.522949,3,20,469,469,61508,27.47167,0.00227,2.37971,0.01000,1,0,2,1.068739,1.000000,1.502345,-0.009274,-0.009259,14.952189,7545,0.000619,0.076485,40159,16349,8978,5735,3897,2893,2159,1795,14729,1,1,1,1
22.4000,4573,1,1,50452,0,96770,0.521365,1,30,77,77,111265,27.50638,0.00227,2.37971,0.01000,1,1,2,1.275342,1.000000,9.910107,-0.026836,-0.026783,14.934386,7315,0.001793,0.074242,40171,16535,8995,5675,3885,2858,2195,1717,14738,1,1,1,1
23.0000,4573,1,1,51395,1,98666,0.520904,1,1,11,135,1985670,27.92230,0.00227,2.37971,0.01000,0,1,3,1.306470,1.059178,1.059178,-0.234544,-0.234485,14.726924,4571,0.015922,0.047046,41011,16941,9067,5806,3934,2959,2265,1827,14855,1,1,1,1
23.9000,4573,1,1,52625,1,100910,0.521509,1,1,161,161,66097,28.54603,0.00227,2.37971,0.01000,0,0,3,1.437574,1.020039,1.020039,-0.546406,-0.546327,14.415002,457,0.037900,0.004805,41961,17231,9252,5866,4035,2995,2354,1827,15388,1,1,1,1
22.3500,4574,1,1,50718,0,96771,0.524109,57,2,57,57,111979,27.46893,0.00212,2.37564,0.01021,1,1,3,1.157176,1.000000,1.005065,-0.010608,-0.010576,14.950854,7549,0.000707,0.076516,40064,16581,9059,5733,3905,2863,2258,1769,14538,1,1,1,1
22.4000,4574,1,1,50383,1,96677,0.521153,2,21,170,170,199302,27.50364,0.00212,2.37564,0.01021,0,1,3,1.074402,1.027951,1.027951,-0.027976,-0.027960,14.933494,7319,0.001872,0.074271,40033,16348,9022,5760,3908,2879,2192,1726,14808,1,1,1,1
23.0000,4574,1,1,51440,0,98599,0.521714,6,2,95,141,415744,27.91962,0.00212,2.37564,0.01021,1,1,2,1.375871,1.000000,1.427238,-0.235999,-0.235929,14.725429,4582,0.016022,0.047154,40923,16834,9199,5856,4017,2866,2159,1781,14963,1,1,1,1
23.9000,4574,1,1,52687,1,100987,0.521726,1,580,580,580,749462,28.54336,0.00212,2.37564,0.01021,0,1,3,34.001130,33.147173,33.147173,-0.548216,-0.547445,14.413212,458,0.037982,0.004815,42063,17006,9469,5897,4092,2956,2283,1849,15371,1,1,1,1
22.3500,4575,1,1,50720,0,97417,0.520654,1,2,58,63,312471,27.46778,0.00355,2.37205,0.01188,1,1,3,1.325742,1.000000,1.270410,-0.010608,-0.010546,14.950665,7547,0.000705,0.076480,40554,16645,9001,5734,4051,2939,2141,1748,14603,1,1,1,1
22.4000,4575,1,1,50595,1,96879,0.522255,2,2,7,119,9296364,27.50247,0.00355,2.37205,0.01188,0,0,3,1.561099,1.262029,1.262029,-0.027955,-0.027858,14.933278,7318,0.001865,0.074246,40257,16450,8947,5766,3930,2899,2202,1693,14734,1,1,1,1
23.0000,4575,1,1,51348,0,98670,0.520407,7,2,28,76,111540,27.91836,0.00355,2.37205,0.01188,1,1,3,1.412821,1.000000,1.239920,-0.235898,-0.235822,14.725480,4573,0.016015,0.047051,41015,16625,9267,5842,4034,3004,2223,1780,14879,1,1,1,1
23.9000,4575,1,1,52037,1,100109,0.519809,3,2,34,84,788495,28.54212,0.00355,2.37205,0.01188,0,0,3,1.466622,1.261067,1.261067,-0.547773,-0.547690,14.413365,456,0.037999,0.004793,41193,16936,9396,5876,4015,3021,2307,1903,15461,1,1,1,1
22.3500,4576,1,1,50564,0,97094,0.520779,14,2,14,71,484976,27.46743,0.00227,2.36839,0.01083,1,0,3,1.352675,1.000000,1.030228,-0.011334,-0.011268,14.950102,7556,0.000754,0.076557,40300,16812,8863,5713,3885,2912,2224,1732,14652,1,1,1,1
22.4000,4576,1,1,50377,1,96937,0.519693,1,57,57,75,486589,27.50212,0.00227,2.36839,0.01083,0,1,3,4.034155,3.303185,3.254099,-0.028814,-0.028509,14.932904,7327,0.001909,0.074323,40079,16540,9044,5732,3996,2845,2226,1777,14697,1,1,1,1
23.0000,4576,1,1,51345,1,98680,0.520323,2,9,15,257,182463,27.91807,0.00227,2.36839,0.01083,0,0,3,2.146958,1.769979,1.769979,-0.236722,-0.236555,14.724557,4580,0.016065,0.047115,41030,16699,9188,5740,4111,2937,2356,1744,14874,1,1,1,1
23.9000,4576,1,1,52556,0,101159,0.519544,10,2,10,158,264925,28.54184,0.00227,2.36839,0.01083,1,1,3,1.410000,1.000000,1.132964,-0.548557,-0.548482,14.412812,462,0.038055,0.004855,42122,17171,9339,6011,4125,3036,2230,1796,15328,1,1,1,1
22.3500,4577,1,1,50429,1,96476,0.522716,2608,2,2608,2608,767661,27.46903,0.00429,2.37271,0.00901,0,1,3,1.392309,1.096319,1.096319,-0.009490,-0.009417,14.950201,7553,0.000630,0.076510,39985,16522,8956,5562,3863,2928,2181,1728,14750,1,1,1,1
22.4000,4577,1,1,50727,1,97418,0.520720,1,280,280,280,174124,27.50371,0.00429,2.37271,0.00901,0,1,3,10.512950,10.142805,10.142805,-0.027073,-0.026559,14.934896,7324,0.001778,0.074266,40584,16563,9005,5838,3924,2919,2245,1712,14627,1,1,1,1
23.0000,4577,1,1,51592,0,99124,0.520485,1,3,18,422,149960,27.91972,0.00429,2.37271,0.00901,1,1,2,1.408685,1.000000,2.010396,-0.234900,-0.234825,14.726505,4577,0.015946,0.047068,41323,17042,9177,5873,4042,2881,2234,1674,14877,1,1,1,1
23.9000,4577,1,1,52679,1,100914,0.522024,29,30,159,159,197159,28.54351,0.00429,2.37271,0.00901,0,1,3,2.843663,2.382870,2.382870,-0.546812,-0.546584,14.414836,459,0.037918,0.004822,41894,17035,9544,5782,4152,3039,2243,1854,15370,1,1,1,1
22.3500,4578,1,1,50749,1,97054,0.522900,2,21,31,73,217869,27.46509,0.00399,2.36508,0.01073,0,1,3,2.728626,2.494461,2.494461,-0.011800,-0.011581,14.949862,7554,0.000775,0.076505,40453,16391,9050,5612,3943,2875,2284,1689,14756,1,1,1,1
22.4000,4578,1,1,50513,1,96957,0.520989,1,8,15,24,191292,27.49977,0.00399,2.36508,0.01073,0,1,3,4.299320,3.575610,3.575610,-0.029176,-0.028857,14.932570,7325,0.001933,0.074272,40255,16556,9098,5700,3874,2813,2135,1725,14800,1,1,1,1
23.0000,4578,1,1,51369,1,98761,0.520140,1,3,5,1474,236671,27.91568,0.00399,2.36508,0.01073,0,1,3,1.556803,1.112722,1.112722,-0.236999,-0.236902,14.724440,4578,0.016089,0.047075,41066,16691,9431,5770,4045,2856,2284,1789,14828,1,1,1,1
23.9000,4578,1,1,52578,0,101166,0.519725,1,2,11,2983,788909,28.53949,0.00399,2.36508,0.01073,1,1,2,1.414014,1.000000,1.676268,-0.548953,-0.548878,14.412431,460,0.038084,0.004832,42179,17073,9145,6099,4152,3142,2303,1839,15233,1,1,1,1
22.3500,4579,1,1,50315,1,96802,0.519778,2,2,9,15,135817,27.46571,0.00227,2.36255,0.00916,0,1,3,1.716560,1.287900,1.287900,-0.012222,-0.012104,14.949336,7561,0.000810,0.076562,40216,16304,8936,5805,3930,2823,2251,1683,14853,1,1,1,1
22.4000,4579,1,1,50393,1,96919,0.519955,1,3,12,750,1618671,27.50038,0.00227,2.36255,0.00916,0,1,3,2.678746,2.025446,2.025446,-0.029604,-0.029389,14.932047,7331,0.001968,0.074319,40198,16593,9033,5599,3891,2869,2207,1692,14836,1,1,1,1
23.0000,4579,1,1,51594,0,99087,0.520699,2,13,13,438,69115,27.91636,0.00227,2.36255,0.00916,1,1,2,1.334524,1.000000,5.351250,-0.237700,-0.237637,14.723741,4583,0.016140,0.047118,41328,16759,9192,5882,3973,2906,2351,1764,14931,1,1,1,1
23.9000,4579,1,1,52460,0,101080,0.519000,16,29,6284,6284,143202,28.54017,0.00227,2.36255,0.00916,1,0,2,1.087377,1.000000,2.739922,-0.549536,-0.549517,14.411927,459,0.038129,0.004821,42004,16948,9530,6045,4097,2911,2296,1818,15430,1,1,1,1
22.3500,4580,1,1,50692,0,97031,0.522436,3,11,638,638,428871,27.46766,0.00242,2.36470,0.00900,1,0,2,1.226135,1.000000,2.931544,-0.011360,-0.011316,14.950096,7559,0.000757,0.076521,40503,16278,8971,5708,3969,2926,2269,1703,14703,1,1,1,1
22.4000,4580,1,1,50597,1,96948,0.521904,1,39,39,70,858804,27.50232,0.00242,2.36470,0.00900,0,0,3,7.007233,6.201114,6.201114,-0.028772,-0.028347,14.932660,7329,0.001898,0.074279,40238,16429,8894,5800,4065,2859,2203,1714,14745,1,1,1,1
23.0000,4580,1,1,51467,1,98618,0.521888,4,7,44,44,388885,27.91821,0.00242,2.36470,0.00900,0,1,3,2.994666,2.265326,2.265326,-0.236605,-0.236366,14.725017,4580,0.016052,0.047073,40820,16795,9312,5822,4048,2883,2213,1686,15038,1,1,1,1
23.9000,4580,1,1,52530,0,100959,0.520315,8,4,8,3141,445874,28.54204,0.00242,2.36470,0.00900,1,1,2,1.347103,1.000000,2.032837,-0.548510,-0.548445,14.412783,459,0.038053,0.004820,41854,17136,9335,5965,4202,3087,2298,1703,15378,1,1,1,1
22.3500,4581,1,1,50561,1,96628,0.523260,1,6,6,203,89826,27.46885,0.00257,2.36910,0.00945,0,1,3,3.734762,3.106284,3.106284,-0.010644,-0.010356,14.951092,7555,0.000693,0.076459,40001,16497,8880,5672,3975,2923,2161,1738,14780,1,1,1,1
22.4000,4581,1,1,50548,0,97024,0.520990,1,7,66,636,322522,27.50350,0.00257,2.36910,0.00945,1,1,2,1.147245,1.000000,1.331184,-0.027875,-0.027845,14.933586,7329,0.001865,0.074258,40210,16572,9227,5708,3845,2724,2208,1704,14825,1,1,1,1
23.0000,4581,1,1,51392,0,98635,0.521037,1,13,35,886,232291,27.91945,0.00257,2.36910,0.00945,1,1,2,1.413670,1.000000,7.191318,-0.236035,-0.235960,14.725346,4577,0.016024,0.047031,40766,16912,9328,5733,3978,2930,2297,1769,14921,1,1,1,1
23.9000,4581,1,1,52773,1,101366,0.520623,1,6,104,104,821749,28.54314,0.00257,2.36910,0.00945,0,1,3,2.076617,1.473851,1.316064,-0.547696,-0.547536,14.413756,455,0.037987,0.004776,42034,17302,9601,6041,4030,3010,2256,1809,15282,1,1,1,1
22.3500,4582,1,1,50364,0,96896,0.519779,1,231,231,231,295795,27.46906,0.00446,2.37120,0.00915,1,1,2,1.050357,1.000000,11.968089,-0.009690,-0.009679,14.951127,7561,0.000647,0.076503,40271,16555,8861,5689,3823,2949,2179,1814,14754,1,1,1,1
22.4000,4582,1,1,50804,0,97341,0.521923,2,4,11,49,95504,27.50370,0.00446,2.37120,0.00915,1,0,3,1.180977,1.000000,1.064814,-0.026746,-0.026709,14.934713,7333,0.001788,0.074277,40606,16299,9076,5803,3965,2994,2135,1761,14701,1,1,1,1
23.0000,4582,1,1,51301,1,98271,0.522041,1,2,13,65,498047,27.91971,0.00446,2.37120,0.00915,0,1,3,2.411777,1.841704,1.841704,-0.234809,-0.234616,14.726777,4582,0.015931,0.047067,40693,16571,9259,5858,3972,2871,2218,1683,15145,1,1,1,1
23.9000,4582,1,1,52453,1,101056,0.519054,1,19,38,38,115295,28.54342,0.00446,2.37120,0.00915,0,1,3,8.078514,7.136986,7.136986,-0.546815,-0.546359,14.414544,459,0.037903,0.004817,41971,17227,9359,5989,4058,2995,2312,1779,15365,1,1,1,1
22.3500,4583,1,1,50518,0,96766,0.522069,1,1,10,63,317360,27.46545,0.00227,2.37101,0.01243,1,0,3,1.414122,1.000000,1.102152,-0.012424,-0.012349,14.948967,7561,0.000826,0.076497,40127,16543,8922,5699,3962,2824,2205,1792,14691,1,1,1,1
22.4000,4583,1,1,50892,0,97480,0.522082,2,30,30,30,759383,27.50009,0.00227,2.37101,0.01243,1,0,2,1.035270,1.000000,1.161679,-0.029746,-0.029739,14.931717,7331,0.001992,0.074256,40401,16567,9313,5650,4048,2919,2234,1762,14585,1,1,1,1
23.0000,4583,1,1,51291,1,98563,0.520393,10,26,26,47,920314,27.91600,0.00227,2.37101,0.01243,0,1,3,9.825271,9.104335,9.104335,-0.237935,-0.237436,14.723005,4581,0.016127,0.047059,40713,16872,9318,5832,4104,2862,2158,1839,14864,1,1,1,1
23.9000,4583,1,1,52942,0,101331,0.522471,1,23,41,329,37606,28.53973,0.00227,2.37101,0.01243,1,1,2,1.090390,1.000000,2.257839,-0.549646,-0.549627,14.411304,457,0.038139,0.004796,42188,17314,9346,5892,4250,3000,2329,1797,15214,1,1,1,1
22.3500,4584,1,1,50871,1,97278,0.522950,1,3,5,496,359259,27.46490,0.00242,2.36504,0.01016,0,0,3,1.554246,1.120791,1.120791,-0.012569,-0.012473,14.948791,7564,0.000834,0.076511,40369,16552,9208,5698,4064,2841,2149,1770,14626,1,1,1,1
22.4000,4584,1,1,50530,0,97037,0.520735,2,18,53,53,149448,27.49953,0.00242,2.36504,0.01016,1,1,2,1.060098,1.000000,1.249668,-0.029894,-0.029881,14.930964,7335,0.002001,0.074284,40382,16467,8988,5756,3974,2782,2204,1708,14775,1,1,1,1
23.0000,4584,1,1,51550,0,98999,0.520718,1,79,79,169,199190,27.91551,0.00242,2.36504,0.01016,1,1,2,1.244513,1.000000,22.004155,-0.238203,-0.238155,14.723251,4585,0.016175,0.047089,41274,16820,9158,5777,3983,2996,2273,1748,14969,1,1,1,1
23.9000,4584,1,1,52410,0,100986,0.518988,2,8,8,78,1470333,28.53925,0.00242,2.36504,0.01016,1,1,2,1.411573,1.000000,4.305036,-0.549895,-0.549820,14.411505,460,0.038151,0.004826,41983,17120,9315,5954,4097,2877,2316,1805,15518,1,1,1,1
22.3500,4585,1,1,50636,0,97063,0.521687,9,36,66,85,119143,27.46487,0.00431,2.36926,0.01009,1,1,2,1.062397,1.000000,2.394728,-0.011673,-0.011659,14.949193,7564,0.000780,0.076493,40577,16432,8955,5653,3796,2934,2172,1692,14851,1,1,1,1
22.4000,4585,1,1,50666,0,97263,0.520923,1,2,10,371,115331,27.49964,0.00431,2.36926,0.01009,1,1,3,1.414011,1.000000,1.407581,-0.028999,-0.028923,14.932386,7332,0.001937,0.074230,40352,16687,9051,5709,3949,2888,2160,1703,14763,1,1,1,1
23.0000,4585,1,1,51237,1,98343,0.521008,1,2,8,40,41159,27.91553,0.00431,2.36926,0.01009,0,0,3,1.438233,1.017043,1.017043,-0.236897,-0.236818,14.724497,4581,0.016083,0.047033,40713,16584,9172,5806,4023,2956,2194,1791,15103,1,1,1,1
23.9000,4585,1,1,52968,0,101379,0.522480,1,8,13,492,5057325,28.53929,0.00431,2.36926,0.01009,1,1,2,1.183768,1.000000,1.849300,-0.548852,-0.548815,14.412266,455,0.038080,0.004773,41902,17422,9588,5881,4203,3031,2307,1768,15276,1,1,1,1
22.3500,4586,1,1,50508,0,97050,0.520438,1,3,22,704,1524927,27.46162,0.00338,2.36235,0.01176,1,1,3,1.196029,1.000000,1.012708,-0.013759,-0.013720,14.947375,7565,0.000918,0.076495,40365,16451,9060,5764,3982,2884,2160,1682,14701,1,1,1,1
22.4000,4586,1,1,50754,0,97538,0.520356,4,3,13,29,269870,27.49623,0.00338,2.36235,0.01176,1,1,3,1.221885,1.000000,1.157314,-0.031086,-0.031042,14.930410,7335,0.002079,0.074254,40571,16634,9165,5663,3918,2926,2217,1745,14698,1,1,1,1
23.0000,4586,1,1,51202,0,98601,0.519290,1,5,5,96,189234,27.91218,0.00338,2.36235,0.01176,1,1,3,1.136327,1.000000,1.016201,-0.239041,-0.239013,14.722005,4582,0.016235,0.047041,40947,16689,9151,5739,3981,2962,2273,1709,15149,1,1,1,1
23.9000,4586,1,1,52412,0,100768,0.520131,3,9,130,130,394388,28.53595,0.00338,2.36235,0.01176,1,1,2,1.222428,1.000000,2.427721,-0.551033,-0.550989,14.410133,455,0.038236,0.004772,41811,16976,9291,5967,4022,3043,2321,1843,15493,1,1,1,1
22.3500,4587,1,1,50558,0,97081,0.520787,1,3,21,736,59825,27.45901,0.00471,2.35966,0.01037,1,1,3,1.140193,1.000000,1.098317,-0.014362,-0.014333,14.946415,7572,0.000959,0.076554,40544,16262,9006,5717,3934,2831,2254,1766,14766,1,1,1,1
22.4000,4587,1,1,50603,1,97123,0.521025,26,31,39,39,424557,27.49361,0.00471,2.35966,0.01037,0,0,3,2.397153,2.360054,2.360054,-0.031752,-0.031561,14.928996,7343,0.002114,0.074326,40382,16349,9150,5656,4018,2925,2203,1682,14757,1,1,1,1
23.0000,4587,1,1,51238,0,98762,0.518808,2,8,9,436,62393,27.90962,0.00471,2.35966,0.01037,1,1,2,1.325752,1.000000,3.318338,-0.239794,-0.239732,14.721479,4590,0.016285,0.047115,41082,16757,9136,5846,3971,2930,2215,1787,15037,1,1,1,1
23.9000,4587,1,1,52515,1,101207,0.518892,2,3,203,447,197909,28.53341,0.00471,2.35966,0.01037,0,0,3,1.564110,1.209775,1.209775,-0.551578,-0.551480,14.409705,461,0.038271,0.004834,42046,17234,9347,5964,4099,3009,2221,1809,15477,1,1,1,1
22.3500,4588,1,1,50673,1,97127,0.521724,1,8,9,106,979439,27.45854,0.00385,2.35564,0.01349,0,1,3,5.200468,4.246581,4.246581,-0.015125,-0.014766,14.946287,7573,0.000988,0.076549,40375,16435,9019,5747,3979,2878,2158,1790,14745,1,1,1,1
22.4000,4588,1,1,50590,0,97131,0.520848,2,2,38,391,778614,27.49328,0.00385,2.35564,0.01349,1,0,3,1.375372,1.000000,1.319693,-0.032369,-0.032300,14.929060,7343,0.002164,0.074309,40271,16447,9039,5804,3982,2897,2155,1785,14750,1,1,1,1
23.0000,4588,1,1,51430,0,98622,0.521491,1,2,14,509,4828270,27.90920,0.00385,2.35564,0.01349,1,0,3,1.348915,1.000000,1.288142,-0.240329,-0.240263,14.721109,4590,0.016321,0.047106,41015,16688,9092,5808,3971,2928,2288,1712,15119,1,1,1,1
23.9000,4588,1,1,52461,1,101246,0.518159,2,3,96,327,160231,28.53301,0.00385,2.35564,0.01349,0,1,3,1.470813,1.100594,1.100594,-0.552211,-0.552127,14.409250,462,0.038318,0.004844,41922,17231,9502,6030,4049,3018,2295,1799,15399,1,1,1,1
22.3500,4589,1,1,50692,0,97414,0.520382,1,2,28,198,91555,27.45880,0.00737,2.35992,0.01166,1,0,3,1.277319,1.000000,1.130991,-0.013189,-0.013136,14.948262,7570,0.000879,0.076491,40667,16445,9024,5827,3902,2871,2193,1785,14699,1,1,1,1
22.4000,4589,1,1,50658,0,97068,0.521887,1,13,33,110,130650,27.49339,0.00737,2.35992,0.01166,1,1,2,1.092582,1.000000,1.421872,-0.030508,-0.030488,14.930449,7342,0.002042,0.074276,40301,16599,9055,5681,3858,2843,2219,1718,14793,1,1,1,1
23.0000,4589,1,1,51307,1,98679,0.519944,3,1,39,39,1526268,27.90937,0.00737,2.35992,0.01166,0,1,3,1.308150,1.004853,1.004853,-0.238453,-0.238394,14.722684,4589,0.016192,0.047080,40867,16961,9115,5740,4048,2880,2312,1731,15024,1,1,1,1
23.9000,4589,1,1,52497,1,100868,0.520458,8,26,40,159,180155,28.53318,0.00737,2.35992,0.01166,0,1,3,11.741959,10.530667,10.530667,-0.550626,-0.550089,14.410361,459,0.038173,0.004811,41598,17394,9251,6064,4073,2961,2278,1854,15394,1,1,1,1
22.3500,4590,1,1,51011,1,97329,0.524114,1,84,84,84,176478,27.46523,0.00292,2.36413,0.01146,0,1,3,9.306236,8.682299,8.682299,-0.012367,-0.011881,14.949567,7574,0.000795,0.076508,40414,16627,8977,5769,4004,2899,2217,1661,14760,1,1,1,1
22.4000,4590,1,1,50786,0,97368,0.521594,3,150,150,150,306771,27.49996,0.00292,2.36413,0.01146,1,1,2,1.356132,1.000000,63.301908,-0.029950,-0.029883,14.931486,7346,0.002001,0.074295,40323,16556,9242,5699,3989,2912,2224,1766,14656,1,1,1,1
23.0000,4590,1,1,51402,0,98891,0.519790,14,6,14,28,621911,27.91585,0.00292,2.36413,0.01146,1,1,2,1.379718,1.000000,3.151117,-0.237567,-0.237497,14.723860,4590,0.016130,0.047076,40927,16863,9254,5815,4051,2988,2140,1736,15116,1,1,1,1
23.9000,4590,1,1,52830,0,101017,0.522986,2,7,7,106,60357,28.53968,0.00292,2.36413,0.01146,1,1,2,1.376053,1.000000,3.630454,-0.549499,-0.549429,14.411930,459,0.038123,0.004810,41712,17285,9436,6038,3980,3068,2334,1758,15405,1,1,1,1
22.3500,4591,1,1,50543,1,96757,0.522376,1,3,57,738,1592182,27.46452,0.00413,2.36963,0.01276,0,1,3,1.337460,1.257941,1.257941,-0.011852,-0.011788,14.949662,7574,0.000789,0.076491,40073,16218,9064,5749,4052,2919,2127,1802,14752,1,1,1,1
22.4000,4591,1,1,50635,1,97020,0.521908,1,9,13,198,92581,27.49924,0.00413,2.36963,0.01276,0,0,3,3.019401,2.329312,2.329312,-0.029284,-0.029044,14.932145,7344,0.001945,0.074256,40239,16344,9073,5654,3988,2901,2193,1750,14877,1,1,1,1
23.0000,4591,1,1,51398,0,98636,0.521093,1,10,10,90,302491,27.91519,0.00413,2.36963,0.01276,1,1,2,1.245173,1.000000,3.028478,-0.237288,-0.237240,14.723905,4589,0.016113,0.047056,40693,16844,9224,5824,4050,2842,2273,1786,15099,1,1,1,1
23.9000,4591,1,1,52844,0,101245,0.521947,2,22,619,619,493439,28.53889,0.00413,2.36963,0.01276,1,1,2,1.395614,1.000000,11.021471,-0.549277,-0.549205,14.412142,459,0.038107,0.004808,41985,17141,9597,5910,4157,2958,2283,1928,15285,1,1,1,1
22.3500,4592,1,1,50522,0,96912,0.521324,1,1,39,39,128729,27.46948,0.00226,2.37112,0.01160,1,0,3,1.413848,1.000000,1.074581,-0.010384,-0.010308,14.951010,7579,0.000689,0.076518,40067,16403,9115,5731,3909,2916,2171,1711,14888,1,1,1,1
22.4000,4592,1,1,50777,1,97412,0.521266,1,34,34,39,146669,27.50405,0.00226,2.37112,0.01160,0,1,3,1.758564,1.262556,1.098938,-0.027668,-0.027545,14.933726,7350,0.001844,0.074292,40426,16570,9188,5758,3999,2881,2189,1700,14700,1,1,1,1
23.0000,4592,1,1,51570,0,98759,0.522186,2,100,100,165,683107,27.92006,0.00226,2.37112,0.01160,1,0,2,1.066083,1.000000,6.914212,-0.235877,-0.235863,14.725586,4594,0.016017,0.047091,41168,16636,9138,5700,3996,2951,2311,1828,15030,1,1,1,1
23.9000,4592,1,1,52590,0,100815,0.521654,4,4,48,54,308184,28.54377,0.00226,2.37112,0.01160,1,1,2,1.391560,1.000000,2.305562,-0.547612,-0.547540,14.413809,462,0.037987,0.004838,41717,17179,9316,5846,4105,3082,2276,1819,15474,1,1,1,1
22.3500,4593,1,1,50622,0,97044,0.521645,1,88,88,407,163566,27.46664,0.00303,2.37598,0.01101,1,1,2,1.038999,1.000000,3.569195,-0.011503,-0.011495,14.949961,7577,0.000769,0.076487,40389,16375,8979,5716,3951,2948,2264,1785,14636,1,1,1,1
22.4000,4593,1,1,50904,0,97254,0.523418,82,3,82,82,227599,27.50135,0.00303,2.37598,0.01101,1,0,3,1.273684,1.000000,1.112793,-0.028726,-0.028674,14.932725,7347,0.001920,0.074251,40415,16548,8950,5686,3983,2837,2232,1725,14877,1,1,1,1
23.0000,4593,1,1,51460,0,98904,0.520308,2,2,10,11,518080,27.91727,0.00303,2.37598,0.01101,1,1,2,1.404092,1.000000,1.599909,-0.236731,-0.236657,14.724681,4591,0.016072,0.047053,40918,16903,9243,5953,4005,2937,2212,1816,14916,1,1,1,1
23.9000,4593,1,1,52676,0,101666,0.518133,4,3,11,25,106775,28.54099,0.00303,2.37598,0.01101,1,1,3,1.299775,1.000000,1.214287,-0.548562,-0.548505,14.412687,458,0.038057,0.004796,42279,17572,9425,5995,4053,2936,2277,1817,15311,1,1,1,1
22.3500,4594,1,1,50382,0,96969,0.519573,1,35,35,65,453673,27.46088,0.00655,2.37044,0.01059,1,0,2,1.141527,1.000000,5.569666,-0.012618,-0.012589,14.948844,7579,0.000842,0.076496,39947,16551,9137,5815,3986,2855,2188,1733,14756,1,1,1,1
22.4000,4594,1,1,50715,1,97531,0.519994,1,2,113,113,115775,27.49558,0.00655,2.37044,0.01059,0,0,3,1.545432,1.115896,1.115896,-0.029792,-0.029698,14.931565,7349,0.001989,0.074260,40524,16438,9291,5763,3979,2920,2186,1767,14662,1,1,1,1
23.0000,4594,1,1,51492,0,98485,0.522846,1,3,7,96,470927,27.91156,0.00655,2.37044,0.01059,1,1,2,1.292402,1.000000,1.434463,-0.237811,-0.237755,14.723430,4592,0.016148,0.047057,40801,16569,9144,5961,4003,2925,2198,1704,15179,1,1,1,1
23.9000,4594,1,1,52608,0,101250,0.519590,12,6,12,1219,680341,28.53530,0.00655,2.37044,0.01059,1,0,2,1.186350,1.000000,1.403817,-0.549678,-0.549641,14.411781,458,0.038138,0.004795,42029,17229,9318,6002,4169,3024,2323,1772,15383,1,1,1,1
22.3500,4595,1,1,50483,1,96876,0.521115,1,11,42,46,215039,27.46137,0.00226,2.37159,0.01187,0,1,3,6.183798,5.170160,5.170160,-0.014606,-0.014210,14.946778,7580,0.000951,0.076500,40127,16453,8991,5590,3984,2881,2218,1781,14850,1,1,1,1
22.4000,4595,1,1,50700,0,97246,0.521364,1,4,113,113,53154,27.49607,0.00226,2.37159,0.01187,1,1,2,1.191797,1.000000,1.292281,-0.031794,-0.031756,14.929336,7350,0.002127,0.074265,40444,16458,8971,5815,3914,2907,2240,1763,14733,1,1,1,1
23.0000,4595,1,1,51583,1,99004,0.521025,1,5,7,39,273723,27.91196,0.00226,2.37159,0.01187,0,1,3,4.012610,3.109370,3.109370,-0.239842,-0.239540,14.721463,4596,0.016271,0.047094,41145,16865,9190,5804,4029,2922,2249,1738,15061,1,1,1,1
23.9000,4595,1,1,52684,0,101244,0.520372,2,646,646,646,189302,28.53571,0.00226,2.37159,0.01187,1,1,2,1.003231,1.000000,2.098168,-0.551678,-0.551677,14.408538,458,0.038288,0.004795,41955,17323,9417,5952,4027,2999,2286,1862,15422,1,1,1,1
22.3500,4596,1,1,50763,1,97138,0.522592,1,2,10,34,66956,27.45783,0.00241,2.37049,0.01260,0,1,3,1.441870,1.094146,1.094146,-0.016078,-0.015999,14.945386,7585,0.001070,0.076541,40145,16502,9005,5787,3955,2978,2307,1690,14768,1,1,1,1
22.4000,4596,1,1,50751,1,97534,0.520347,1,3,28,28,128553,27.49252,0.00241,2.37049,0.01260,0,1,3,1.838564,1.574537,1.574537,-0.033459,-0.033327,14.928100,7353,0.002232,0.074286,40464,16682,9218,5760,3892,2954,2202,1733,14628,1,1,1,1
23.0000,4596,1,1,51591,1,99026,0.520990,2,7,206,567,1459930,27.90847,0.00241,2.37049,0.01260,0,1,3,5.505232,4.020688,4.020688,-0.241537,-0.241166,14.719630,4594,0.016384,0.047069,41185,16957,9054,5890,3921,2974,2337,1732,14975,1,1,1,1
23.9000,4596,1,1,52795,1,101469,0.520312,15,3,133,133,444519,28.53224,0.00241,2.37049,0.01260,0,1,3,2.022073,1.545443,1.545443,-0.553319,-0.553165,14.407489,459,0.038394,0.004805,42045,17286,9417,6047,4114,2874,2365,1862,15458,1,1,1,1
22.3500,4597,1,1,50403,1,97157,0.518784,5,2,28,57,311306,27.45751,0.00256,2.37241,0.01457,0,1,3,1.592208,1.249911,1.249911,-0.016125,-0.016024,14.945375,7580,0.001072,0.076474,40329,16573,9068,5651,3925,2892,2215,1725,14778,1,1,1,1
22.4000,4597,1,1,50775,1,97660,0.519921,1,4,94,94,69739,27.49219,0.00256,2.37241,0.01457,0,1,3,4.061505,2.947582,2.947582,-0.033561,-0.033256,14.927816,7352,0.002228,0.074261,40588,16709,9128,5599,4016,2844,2193,1829,14753,1,1,1,1
23.0000,4597,1,1,51509,1,99190,0.519302,6,7,11,19,422873,27.90820,0.00256,2.37241,0.01457,0,1,3,3.678134,3.107848,3.107848,-0.241571,-0.241288,14.720153,4591,0.016392,0.047027,41420,16724,9246,5730,3968,2974,2235,1787,15105,1,1,1,1
23.9000,4597,1,1,52440,0,101060,0.518905,1,50,50,50,176595,28.53198,0.00256,2.37241,0.01457,1,1,2,1.044341,1.000000,2.333736,-0.553433,-0.553423,14.408031,454,0.038411,0.004751,42013,17100,9337,5831,4176,3030,2340,1829,15403,1,1,1,1
22.3500,4598,1,1,51039,1,97427,0.523875,3,3,12,46,714992,27.46431,0.00211,2.37677,0.01016,0,1,3,1.949429,1.634399,1.634399,-0.013076,-0.012930,14.948500,7587,0.000865,0.076512,40740,16553,9009,5645,3852,2902,2289,1665,14771,1,1,1,1
22.4000,4598,1,1,50815,1,97326,0.522117,2,24,24,54,375081,27.49899,0.00211,2.37677,0.01016,0,0,3,2.274818,1.910520,1.910520,-0.030431,-0.030252,14.930839,7357,0.002026,0.074280,40358,16508,9163,5775,3954,2925,2206,1704,14732,1,1,1,1
23.0000,4598,1,1,51534,0,98683,0.522223,1,1,8,15,434906,27.91490,0.00211,2.37677,0.01016,1,0,3,1.414120,1.000000,1.121593,-0.238326,-0.238251,14.723065,4601,0.016182,0.047110,40859,16798,9246,5759,3935,2919,2208,1769,15189,1,1,1,1
23.9000,4598,1,1,52464,0,101152,0.518670,2,6,6,19,217014,28.53871,0.00211,2.37677,0.01016,1,1,2,1.378585,1.000000,2.969798,-0.550340,-0.550270,14.410987,460,0.038184,0.004812,41801,17230,9454,5942,4100,3054,2356,1792,15422,1,1,1,1
22.3500,4599,1,1,50561,1,96950,0.521522,1,2,72,915,325254,27.46136,0.00211,2.37236,0.01045,0,1,3,1.497828,1.070120,1.070120,-0.014452,-0.014364,14.946979,7589,0.000961,0.076523,40202,16520,8839,5693,3956,2916,2309,1708,14806,1,1,1,1
22.4000,4599,1,1,50804,0,97264,0.522336,1,6,37,130,79843,27.49602,0.00211,2.37236,0.01045,1,1,2,1.139458,1.000000,1.196256,-0.031801,-0.031773,14.929660,7357,0.002128,0.074270,40483,16594,9020,5714,3886,2847,2177,1724,14818,1,1,1,1
23.0000,4599,1,1,51585,1,98818,0.522026,1,4,35,241,162062,27.91200,0.00211,2.37236,0.01045,0,1,3,3.371679,2.495639,2.495639,-0.239873,-0.239609,14.721847,4597,0.016276,0.047062,41055,16811,9118,5787,3950,2915,2197,1747,15237,1,1,1,1
23.9000,4599,1,1,52512,0,101033,0.519756,2,18,18,39,92017,28.53582,0.00211,2.37236,0.01045,1,0,2,1.068453,1.000000,1.348321,-0.551712,-0.551698,14.409751,462,0.038286,0.004832,41845,17207,9495,5815,4119,2948,2200,1878,15525,1,1,1,1
22.3500,4600,1,1,50475,1,96878,0.521022,5,137,152,159,11601554,27.45832,0.00310,2.37076,0.01000,0,1,3,14.771661,14.586443,14.586443,-0.015867,-0.015282,14.946181,7594,0.001022,0.076561,39925,16530,9002,5687,3936,2891,2274,1775,14857,1,1,1,1
22.4000,4600,1,1,50888,0,97703,0.520849,1,6,17,17,3314651,27.49297,0.00310,2.37076,0.01000,1,1,2,1.239113,1.000000,1.962641,-0.032978,-0.032931,14.928209,7361,0.002206,0.074301,40681,16381,9267,5819,4039,2832,2189,1757,14737,1,1,1,1
23.0000,4600,1,1,51538,0,98942,0.520896,2,6,20,320,323273,27.90886,0.00310,2.37076,0.01000,1,1,2,1.382723,1.000000,3.225560,-0.240975,-0.240904,14.720357,4600,0.016365,0.047088,41013,16796,9131,5939,4050,2888,2298,1774,15052,1,1,1,1
23.9000,4600,1,1,52851,1,101635,0.520013,1,12,14,141,261916,28.53269,0.00310,2.37076,0.01000,0,1,3,5.469301,4.710259,4.710259,-0.552933,-0.552564,14.408437,460,0.038350,0.004811,42222,17200,9514,6116,4152,3073,2282,1782,15293,1,1,1,1
22.3500,4601,1,1,50916,0,97365,0.522945,1,26,26,124,268535,27.45590,0.00241,2.37108,0.01045,1,1,2,1.165993,1.000000,4.953351,-0.017250,-0.017216,14.943846,7591,0.001152,0.076526,40505,16544,8884,5727,3959,2936,2208,1783,14818,1,1,1,1
22.4000,4601,1,1,50607,1,97036,0.521533,1,6,8,65,84464,27.49055,0.00241,2.37108,0.01045,0,0,3,2.515517,1.867046,1.867046,-0.034466,-0.034266,14.926965,7358,0.002296,0.074261,40087,16563,9197,5734,3839,2979,2174,1690,14772,1,1,1,1
23.0000,4601,1,1,51675,1,98873,0.522645,4,11,12,220,670241,27.90649,0.00241,2.37108,0.01045,0,1,3,5.709416,4.902023,4.902023,-0.242548,-0.242169,14.719285,4597,0.016452,0.047050,41127,16602,9141,5912,4035,3006,2230,1823,14996,1,1,1,1
23.9000,4601,1,1,52894,0,101420,0.521539,59,11,59,322,654349,28.53019,0.00241,2.37108,0.01045,1,1,2,1.361848,1.000000,4.822346,-0.554394,-0.554327,14.406916,457,0.038476,0.004779,42209,17032,9533,6025,4133,2957,2284,1889,15357,1,1,1,1
22.3500,4602,1,1,50985,1,97661,0.522066,1,57,57,57,285921,27.45698,0.00401,2.37332,0.00956,0,1,3,28.794999,24.884364,24.884364,-0.016034,-0.015304,14.946156,7591,0.001024,0.076498,40640,16595,9097,5732,4026,2837,2160,1781,14792,1,1,1,1
22.4000,4602,1,1,51116,0,97664,0.523392,1,3,129,1140,3580448,27.49162,0.00401,2.37332,0.00956,1,1,2,1.230175,1.000000,1.298923,-0.033029,-0.032984,14.928427,7363,0.002209,0.074288,40415,16800,9258,5774,3983,2830,2252,1740,14611,1,1,1,1
23.0000,4602,1,1,51802,0,99344,0.521446,4,26,26,85,46810,27.90763,0.00401,2.37332,0.00956,1,0,2,1.095981,1.000000,2.697890,-0.241118,-0.241098,14.720345,4598,0.016379,0.047047,41360,16898,9318,5779,3951,3020,2247,1783,14987,1,1,1,1
23.9000,4602,1,1,52887,1,101461,0.521260,246,27,246,246,213250,28.53134,0.00401,2.37332,0.00956,0,0,3,1.303334,1.299282,1.299282,-0.552894,-0.552837,14.407373,459,0.038372,0.004799,42409,17147,9328,5839,4051,2977,2275,1855,15579,1,1,1,1
22.3500,4603,1,1,50614,0,97211,0.520667,33,23,33,77,85900,27.45769,0.00211,2.37265,0.01268,1,0,2,1.099193,1.000000,2.471138,-0.016471,-0.016451,14.944992,7593,0.001101,0.076507,40101,16746,9106,5723,3850,3023,2239,1652,14770,1,1,1,1
22.4000,4603,1,1,50916,0,97267,0.523472,2,268,268,268,101006,27.49233,0.00211,2.37265,0.01268,1,1,2,1.339263,1.000000,106.920060,-0.034198,-0.034135,14.927089,7363,0.002287,0.074279,40417,16466,9013,5751,3848,2906,2193,1750,14922,1,1,1,1
23.0000,4603,1,1,51539,1,99081,0.520176,1,41,41,104,140907,27.90825,0.00211,2.37265,0.01268,0,1,3,15.978911,14.467237,14.467237,-0.241940,-0.241338,14.719429,4601,0.016396,0.047070,41043,16885,9387,5751,4012,2940,2218,1789,15055,1,1,1,1
23.9000,4603,1,1,53204,0,101522,0.524069,1,11,24,60,64861,28.53197,0.00211,2.37265,0.01268,1,1,2,1.187452,1.000000,2.671478,-0.553619,-0.553582,14.407506,459,0.038423,0.004797,41982,17498,9457,5921,4122,3008,2272,1757,15504,1,1,1,1
22.3500,4604,1,1,50716,0,97282,0.521335,9,27,251,251,140934,27.45295,0.00616,2.36892,0.01072,1,1,2,1.177379,1.000000,5.235631,-0.016848,-0.016812,14.944612,7596,0.001125,0.076523,40310,16374,9122,5753,3960,2989,2266,1775,14732,1,1,1,1
22.4000,4604,1,1,50931,1,97363,0.523110,1,3,39,132,66056229,27.48758,0.00616,2.36892,0.01072,0,0,3,1.766071,1.286247,1.286247,-0.034006,-0.033883,14.927370,7365,0.002270,0.074281,40351,16290,9143,5884,4040,2840,2244,1773,14797,1,1,1,1
23.0000,4604,1,1,51674,0,99107,0.521401,7,24,24,46,51377,27.90355,0.00616,2.36892,0.01072,1,0,2,1.056677,1.000000,1.429608,-0.242010,-0.241998,14.719454,4602,0.016441,0.047070,41252,16690,9271,5762,4136,2986,2272,1764,14973,1,1,1,1
23.9000,4604,1,1,52538,0,101392,0.518172,1,1,4,134,176554,28.52730,0.00616,2.36892,0.01072,1,0,3,1.412412,1.000000,1.019199,-0.553844,-0.553769,14.407556,460,0.038436,0.004807,42104,17272,9324,5950,4034,3033,2359,1902,15413,1,1,1,1
22.3500,4605,1,1,50865,1,97576,0.521291,4,7,7,10,262504,27.45390,0.00241,2.36936,0.01087,0,1,3,4.126339,3.392255,3.392255,-0.018149,-0.017841,14.942966,7593,0.001194,0.076484,40369,16570,9241,5790,4078,2857,2149,1769,14752,1,1,1,1
22.4000,4605,1,1,50836,0,97418,0.521839,1,12,68,68,89023,27.48867,0.00241,2.36936,0.01087,1,0,2,1.186126,1.000000,2.597579,-0.035505,-0.035468,14.925955,7363,0.002376,0.074252,40250,16516,9053,5901,3928,3006,2249,1705,14809,1,1,1,1
23.0000,4605,1,1,51639,1,99096,0.521106,11,6,75,118,145424,27.90455,0.00241,2.36936,0.01087,0,1,3,4.748685,3.371903,3.371903,-0.243477,-0.243139,14.717379,4599,0.016521,0.047036,41361,16675,9206,5752,4072,2978,2278,1790,14983,1,1,1,1
23.9000,4605,1,1,52502,0,101352,0.518022,1,35,35,240,921124,28.52831,0.00241,2.36936,0.01087,1,0,2,1.107631,1.000000,4.129467,-0.555378,-0.555356,14.406085,455,0.038550,0.004754,41752,17332,9526,5965,4081,3124,2304,1777,15490,1,1,1,1
22.3500,4606,1,1,51011,1,97692,0.522167,16,5,16,105,31367,27.45537,0.00226,2.36977,0.01149,0,0,3,1.479016,1.420508,1.420508,-0.017490,-0.017405,14.943363,7596,0.001165,0.076496,40613,16644,9255,5651,3983,2811,2208,1741,14785,1,1,1,1
22.4000,4606,1,1,51117,1,97973,0.521751,1,19,42,42,96132,27.48998,0.00226,2.36977,0.01149,0,1,3,7.843127,6.967667,6.967667,-0.034971,-0.034524,14.926351,7366,0.002313,0.074264,40624,16697,9239,5752,3962,2919,2159,1769,14851,1,1,1,1
23.0000,4606,1,1,51404,0,98910,0.519710,1,28,28,28,86201,27.90593,0.00226,2.36977,0.01149,1,1,2,1.384712,1.000000,13.500671,-0.243017,-0.242947,14.718317,4602,0.016506,0.047053,40775,16738,9276,5877,4206,3032,2299,1757,14949,1,1,1,1
23.9000,4606,1,1,52911,1,101717,0.520184,1,8,8,37,65974,28.52970,0.00226,2.36977,0.01149,0,1,3,1.732511,1.240976,1.154441,-0.554630,-0.554511,14.406836,458,0.038489,0.004784,42436,17255,9458,5934,4160,3011,2292,1852,15318,1,1,1,1
22.3500,4607,1,1,50701,1,97048,0.522438,4,20,35,54,121176,27.45484,0.00226,2.37470,0.00936,0,0,3,1.332127,1.124377,1.124377,-0.017675,-0.017613,14.943473,7596,0.001179,0.076479,40038,16717,9012,5630,3894,2934,2234,1740,14848,1,1,1,1
22.4000,4607,1,1,51073,1,97804,0.522203,1,1,6,20,70381,27.48945,0.00226,2.37470,0.00936,0,0,3,1.803182,1.312882,1.312882,-0.034995,-0.034867,14.926386,7366,0.002336,0.074248,40673,16576,9193,5827,3934,2972,2184,1752,14692,1,1,1,1
23.0000,4607,1,1,51643,1,98703,0.523221,2,3,118,118,80135,27.90546,0.00226,2.37470,0.00936,0,1,3,2.037827,1.673946,1.673946,-0.243025,-0.242871,14.718570,4604,0.016501,0.047063,40792,16750,9308,5836,4067,2846,2205,1740,15158,1,1,1,1
23.9000,4607,1,1,53102,0,101875,0.521252,2,4,37,37,152471,28.52924,0.00226,2.37470,0.00936,1,1,2,1.294177,1.000000,1.742062,-0.554924,-0.554868,14.406320,461,0.038516,0.004815,42563,17125,9666,5981,4082,3040,2303,1818,15296,1,1,1,1
22.3500,4608,1,1,50759,1,97496,0.520632,1,1,11,67,149740,27.45926,0.00241,2.37375,0.00658,0,0,3,1.485326,1.052492,1.052492,-0.015333,-0.015247,14.946052,7612,0.001020,0.076610,40342,16635,9082,5796,3956,2986,2262,1767,14669,1,1,1,1
22.4000,4608,1,1,50542,0,97194,0.520017,12,18,39,127,607629,27.49401,0.00241,2.37375,0.00658,1,1,2,1.370496,1.000000,8.163798,-0.032929,-0.032861,14.928503,7383,0.002201,0.074393,40119,16466,9078,5715,3998,2931,2240,1712,14934,1,1,1,1
23.0000,4608,1,1,51675,1,99136,0.521259,1,2,71,71,681268,27.90993,0.00241,2.37375,0.00658,0,0,3,1.794686,1.278357,1.278357,-0.240682,-0.240555,14.720731,4621,0.016341,0.047219,41210,16695,9284,5909,4045,2919,2207,1785,15081,1,1,1,1
23.9000,4608,1,1,53018,0,101604,0.521815,1,8,11,60,84975,28.53373,0.00241,2.37375,0.00658,1,1,2,1.381374,1.000000,4.010880,-0.552712,-0.552642,14.408715,469,0.038355,0.004896,42121,17395,9524,6032,4175,2868,2253,1854,15381,1,1,1,1
22.3500,4609,1,1,50881,1,97754,0.520506,1,2,142,142,685355,27.45814,0.00256,2.37464,0.00949,0,1,3,1.803245,1.400993,1.400993,-0.015945,-0.015817,14.945646,7609,0.001058,0.076565,40771,16498,9132,5726,3906,2858,2231,1738,14893,1,1,1,1
22.4000,4609,1,1,50755,1,97576,0.520164,1,39,39,333,405701,27.49273,0.00256,2.37464,0.00949,0,1,3,1.674160,1.564582,1.564582,-0.033252,-0.033141,14.928309,7379,0.002220,0.074337,40556,16641,8941,5670,3983,2926,2224,1839,14795,1,1,1,1
23.0000,4609,1,1,51523,1,99379,0.518455,3,9,34,2480,1004752,27.90871,0.00256,2.37464,0.00949,0,0,3,2.127553,1.864275,1.864275,-0.241261,-0.241097,14.719932,4613,0.016379,0.047130,41458,16623,9232,5924,4009,2986,2239,1734,15173,1,1,1,1
23.9000,4609,1,1,52841,1,101723,0.519465,1,3,58,690,682197,28.53253,0.00256,2.37464,0.00949,0,0,3,1.436055,1.054565,1.054565,-0.553104,-0.553026,14.408217,465,0.038383,0.004854,42340,17252,9301,6019,4186,3129,2347,1803,15345,1,1,1,1
22.3500,4610,1,1,50882,0,97549,0.521610,2,6,41,8127,191688,27.45577,0.00256,2.37044,0.00921,1,1,3,1.142621,1.000000,1.007498,-0.017044,-0.017015,14.944016,7612,0.001139,0.076587,40385,16498,9186,5771,3992,2901,2184,1769,14862,1,1,1,1
22.4000,4610,1,1,50900,0,97707,0.520951,6,322,322,322,175320,27.49050,0.00256,2.37044,0.00921,1,0,2,1.028150,1.000000,9.224548,-0.034650,-0.034644,14.926815,7380,0.002321,0.074338,40761,16547,9146,5624,3909,2827,2281,1799,14812,1,1,1,1
23.0000,4610,1,1,51500,0,99136,0.519494,2,6,12,49,134289,27.90639,0.00256,2.37044,0.00921,1,0,2,1.226943,1.000000,1.727119,-0.242413,-0.242368,14.719044,4614,0.016466,0.047133,41118,16847,9247,5808,4025,2967,2262,1799,15062,1,1,1,1
23.9000,4610,1,1,52938,0,101612,0.520987,3,13,151,151,232914,28.53022,0.00256,2.37044,0.00921,1,1,2,1.281667,1.000000,4.431973,-0.554431,-0.554377,14.407021,465,0.038480,0.004853,42123,17374,9300,5952,4207,2949,2377,1874,15455,1,1,1,1
22.3500,4611,1,1,50754,0,97256,0.521865,1,6,41,48,56125,27.45488,0.00241,2.36903,0.00760,1,1,2,1.410389,1.000000,3.902762,-0.017658,-0.017584,14.943714,7613,0.001177,0.076582,40122,16576,9091,5756,3968,2909,2259,1803,14771,1,1,1,1
22.4000,4611,1,1,50684,0,97378,0.520493,1,140,140,140,195984,27.48960,0.00241,2.36903,0.00760,1,1,2,1.062247,1.000000,9.061955,-0.035112,-0.035099,14.925757,7382,0.002352,0.074348,40433,16570,8979,5687,3910,2864,2189,1714,15031,1,1,1,1
23.0000,4611,1,1,51835,1,99550,0.520698,1,5,22,3585,208261,27.90555,0.00241,2.36903,0.00760,0,0,3,1.536157,1.149942,1.149942,-0.242859,-0.242766,14.718456,4615,0.016494,0.047135,41349,16907,9299,5833,4115,2971,2216,1803,15056,1,1,1,1
23.9000,4611,1,1,52671,1,101423,0.519325,2,4,74,1108,63559,28.52925,0.00241,2.36903,0.00760,0,1,3,2.449179,2.008009,2.008009,-0.554770,-0.554575,14.406839,466,0.038494,0.004862,42049,16935,9511,6027,4261,2979,2333,1814,15513,1,1,1,1
22.3500,4612,1,1,50851,1,97482,0.521650,1,3,23,132,44790,27.45280,0.00255,2.37825,0.00703,0,1,3,2.253190,1.860486,1.860486,-0.018634,-0.018458,14.942959,7617,0.001235,0.076610,40728,16476,8927,5757,3948,2864,2163,1686,14932,1,1,1,1
22.4000,4612,1,1,50568,0,97108,0.520745,8,3,11,46,108905,27.48737,0.00255,2.37825,0.00703,1,1,3,1.309256,1.000000,1.284502,-0.035881,-0.035823,14.925378,7384,0.002400,0.074354,39975,16713,9029,5734,3966,2891,2217,1702,14880,1,1,1,1
23.0000,4612,1,1,51889,1,99606,0.520948,7,19,115,115,1707452,27.90338,0.00255,2.37825,0.00703,0,1,3,2.536032,1.897324,1.803092,-0.243921,-0.243719,14.717660,4616,0.016560,0.047137,41467,17128,9317,5769,3932,2875,2302,1752,15063,1,1,1,1
23.9000,4612,1,1,52775,1,101391,0.520515,1,8,53,53,146734,28.52709,0.00255,2.37825,0.00703,0,1,3,4.581749,3.799377,3.799377,-0.555859,-0.555529,14.405464,466,0.038564,0.004862,42119,17111,9421,5944,4175,2873,2352,1797,15598,1,1,1,1
22.3500,4613,1,1,51111,1,97667,0.523324,1,1,27,636,104175,27.45162,0.00270,2.37320,0.00985,0,1,3,1.659392,1.192102,1.192102,-0.019056,-0.018946,14.942404,7612,0.001268,0.076546,40659,16496,9221,5740,3952,2898,2208,1743,14749,1,1,1,1
22.4000,4613,1,1,50780,0,97344,0.521661,7,8,19,338,490787,27.48633,0.00270,2.37320,0.00985,1,1,2,1.375925,1.000000,3.939753,-0.036540,-0.036471,14.924890,7381,0.002444,0.074310,40267,16603,9000,5757,3948,2950,2195,1748,14875,1,1,1,1
23.0000,4613,1,1,51889,1,99670,0.520613,1,58,58,825,702073,27.90225,0.00270,2.37320,0.00985,0,1,3,39.474817,29.446151,29.446151,-0.244718,-0.243921,14.716561,4613,0.016575,0.047100,41563,16848,9345,5840,4061,2947,2171,1915,14979,1,1,1,1
23.9000,4613,1,1,52818,0,101373,0.521031,2,3,3,108,138508,28.52597,0.00270,2.37320,0.00985,1,1,2,1.382868,1.000000,1.930955,-0.556282,-0.556212,14.405050,462,0.038612,0.004819,41984,17207,9511,6037,4138,2945,2286,1791,15473,1,1,1,1
22.3500,4614,1,1,50634,0,97279,0.520508,2,9,13,20,2200235,27.45049,0.00240,2.37304,0.00864,1,1,2,1.382288,1.000000,4.735724,-0.019869,-0.019798,14.941559,7618,0.001325,0.076594,40146,16536,9114,5758,4001,2969,2187,1774,14793,1,1,1,1
22.4000,4614,1,1,50569,1,97464,0.518853,1,5,52,85,2749402,27.48519,0.00240,2.37304,0.00864,0,1,3,3.442898,2.842411,2.842411,-0.037164,-0.036896,14.924545,7389,0.002472,0.074376,40167,16792,9038,5792,4049,2908,2161,1655,14901,1,1,1,1
23.0000,4614,1,1,51764,0,99312,0.521231,2,1,3,831,331427,27.90117,0.00240,2.37304,0.00864,1,1,3,1.413997,1.000000,1.103600,-0.245047,-0.244972,14.716339,4618,0.016646,0.047141,41237,16658,9289,5832,4115,3024,2273,1840,15043,1,1,1,1
23.9000,4614,1,1,52901,1,101374,0.521845,1,3,28,1149,546177,28.52491,0.00240,2.37304,0.00864,0,0,3,1.661276,1.263269,1.263269,-0.556937,-0.556827,14.404379,466,0.038657,0.004860,41840,17156,9586,6056,4079,3066,2278,1800,15512,1,1,1,1
22.3500,4615,1,1,50841,1,97619,0.520816,51,5,51,75,187168,27.45359,0.00240,2.36937,0.00747,0,1,3,3.554825,2.586641,2.586641,-0.018350,-0.018075,14.943385,7617,0.001210,0.076558,40614,16550,9132,5717,4006,2864,2139,1706,14890,1,1,1,1
22.4000,4615,1,1,50945,1,97784,0.521001,4,3,18,18,58037,27.48828,0.00240,2.36937,0.00747,0,1,3,2.528043,1.935430,1.935430,-0.035665,-0.035464,14.925926,7386,0.002376,0.074323,40801,16645,8981,5741,3875,2948,2153,1704,14935,1,1,1,1
23.0000,4615,1,1,51889,1,99463,0.521697,6,4,6,359,169110,27.90417,0.00240,2.36937,0.00747,0,1,3,1.972426,1.549283,1.549283,-0.243587,-0.243440,14.717961,4617,0.016540,0.047116,41171,16885,9444,6027,3984,2852,2167,1847,15085,1,1,1,1
23.9000,4615,1,1,52971,1,101416,0.522319,1,5,18,88,142688,28.52793,0.00240,2.36937,0.00747,0,1,3,4.089924,2.986148,2.986148,-0.555536,-0.555231,14.405745,465,0.038542,0.004848,42061,17220,9392,5978,4234,2967,2233,1838,15492,1,1,1,1
22.3500,4616,1,1,51068,0,98050,0.520842,4,4,17,51,459309,27.45568,0.00255,2.37491,0.00702,1,1,2,1.311468,1.000000,1.690940,-0.017131,-0.017072,14.944131,7621,0.001142,0.076577,40840,16791,9039,5716,3934,2908,2232,1735,14854,1,1,1,1
22.4000,4616,1,1,51129,1,98009,0.521682,1,17,17,20,5932762,27.49036,0.00255,2.37491,0.00702,0,1,3,2.043132,1.463130,1.260021,-0.034443,-0.034288,14.926989,7393,0.002297,0.074372,40777,16536,9051,5791,4133,2983,2255,1750,14732,1,1,1,1
23.0000,4616,1,1,52032,0,99493,0.522977,5,3,145,145,33176,27.90631,0.00255,2.37491,0.00702,1,0,3,1.268409,1.000000,1.069982,-0.242400,-0.242348,14.719053,4620,0.016465,0.047133,41318,16828,9324,5845,4182,2986,2286,1738,14985,1,1,1,1
23.9000,4616,1,1,53100,0,101975,0.520721,18,6,75,75,248107,28.53008,0.00255,2.37491,0.00702,1,1,2,1.355130,1.000000,2.698445,-0.554387,-0.554321,14.407051,466,0.038476,0.004857,42433,17137,9555,6134,4109,3025,2401,1785,15395,1,1,1,1
22.3500,4617,1,1,50878,0,97490,0.521885,1,20,20,57,722146,27.46077,0.00270,2.37318,0.00799,1,1,2,1.095463,1.000000,2.074831,-0.014478,-0.014459,14.946489,7619,0.000967,0.076529,40515,16477,9062,5789,3922,2855,2267,1790,14812,1,1,1,1
22.4000,4617,1,1,51186,0,97944,0.522610,1,5,53,99,139403,27.49545,0.00270,2.37318,0.00799,1,0,2,1.203922,1.000000,1.415126,-0.031776,-0.031736,14.929683,7394,0.002126,0.074352,40531,16729,9157,5791,4004,2880,2163,1810,14878,1,1,1,1
23.0000,4617,1,1,51551,1,99164,0.519861,3,22,303,303,127650,27.91146,0.00270,2.37318,0.00799,0,1,3,4.326035,4.244600,4.244600,-0.239900,-0.239583,14.721882,4619,0.016274,0.047103,41115,16815,9275,5795,3961,2965,2142,1881,15214,1,1,1,1
23.9000,4617,1,1,52779,1,101484,0.520077,6,315,315,474,142437,28.53525,0.00270,2.37318,0.00799,0,1,3,33.075613,32.805632,32.805632,-0.552015,-0.551257,14.410207,462,0.038255,0.004813,42024,17191,9427,5914,4157,3063,2365,1856,15486,1,1,1,1
22.3500,4618,1,1,50514,0,97182,0.519793,2,5,5,46,195628,27.45571,0.00450,2.36489,0.00875,1,0,2,1.276838,1.000000,1.791756,-0.016188,-0.016135,14.945265,7620,0.001080,0.076528,40148,16490,9087,5707,3954,2861,2236,1830,14868,1,1,1,1
22.4000,4618,1,1,50783,1,97369,0.521557,1,4,12,17,432784,27.49039,0.00450,2.36489,0.00875,0,1,3,1.579681,1.142348,1.142348,-0.033468,-0.033369,14.927988,7389,0.002235,0.074294,40314,16580,8953,5683,4095,2788,2203,1772,14980,1,1,1,1
23.0000,4618,1,1,51635,1,99170,0.520677,2,18,115,115,116601,27.90631,0.00450,2.36489,0.00875,0,0,3,4.498246,4.050916,4.050916,-0.241571,-0.241246,14.719733,4618,0.016389,0.047090,40827,16962,9322,5850,4031,3085,2326,1708,15058,1,1,1,1
23.9000,4618,1,1,53021,1,101867,0.520498,1,7,7,193,2294433,28.53011,0.00450,2.36489,0.00875,0,1,3,4.240175,3.516954,3.516954,-0.553458,-0.553145,14.407888,462,0.038392,0.004813,42210,17413,9531,5897,4189,3022,2307,1822,15475,1,1,1,1
22.3500,4619,1,1,51025,1,97995,0.520695,1,2,24,24,51254,27.45462,0.00225,2.36671,0.00945,0,1,3,1.885102,1.556309,1.556309,-0.017787,-0.017650,14.943767,7626,0.001181,0.076580,40748,16694,9114,5754,4028,2882,2253,1794,14727,1,1,1,1
22.4000,4619,1,1,50738,0,97687,0.519399,2,15,55,487,231098,27.48929,0.00225,2.36671,0.00945,1,1,2,1.414183,1.000000,8.026164,-0.035303,-0.035228,14.926088,7395,0.002360,0.074348,40378,16774,9092,5913,3895,2986,2119,1726,14803,1,1,1,1
23.0000,4619,1,1,51583,1,99403,0.518933,1,1,19,22,319269,27.90527,0.00225,2.36671,0.00945,0,0,3,1.796227,1.289138,1.289138,-0.243094,-0.242968,14.718306,4625,0.016508,0.047155,41397,16691,9192,5900,3991,2975,2325,1798,15133,1,1,1,1
23.9000,4619,1,1,53103,1,101635,0.522492,1,10,13,24,2751284,28.52908,0.00225,2.36671,0.00945,0,1,3,1.894790,1.706200,1.706200,-0.555033,-0.554895,14.406546,466,0.038517,0.004854,42006,17413,9503,6080,4091,2985,2327,1778,15451,1,1,1,1
22.3500,4620,1,1,51096,0,97456,0.524304,2,15,15,39,63283,27.45256,0.00240,2.36476,0.00887,1,0,2,1.170342,1.000000,3.033177,-0.018922,-0.018888,14.942540,7627,0.001264,0.076580,40278,16645,9159,5729,3919,2819,2204,1757,14945,1,1,1,1
22.4000,4620,1,1,51031,1,97709,0.522281,1,22,22,33,73588,27.48721,0.00240,2.36476,0.00887,0,1,3,7.675186,6.914031,6.914031,-0.036339,-0.035898,14.925549,7396,0.002405,0.074345,40444,16633,9108,5761,4000,2902,2285,1742,14833,1,1,1,1
23.0000,4620,1,1,51685,1,99276,0.520625,134,2,134,134,359176,27.90310,0.00240,2.36476,0.00887,0,1,3,1.418834,1.136084,1.136084,-0.244087,-0.244012,14.716268,4628,0.016581,0.047182,41293,16611,9366,5821,4085,2957,2335,1765,15042,1,1,1,1
23.9000,4620,1,1,53076,0,101905,0.520843,1,42,42,781,866311,28.52693,0.00240,2.36476,0.00887,1,1,2,1.368580,1.000000,18.977965,-0.556309,-0.556241,14.405124,466,0.038614,0.004853,42242,17460,9498,5881,4078,3092,2306,1815,15532,1,1,1,1
22.3500,4621,1,1,50880,0,97722,0.520666,6,2,13,189,435309,27.44842,0.00365,2.36256,0.00912,1,1,3,1.410836,1.000000,1.142326,-0.020205,-0.020130,14.941199,7625,0.001347,0.076550,40518,16527,9180,5839,3892,2910,2178,1769,14908,1,1,1,1
22.4000,4621,1,1,50365,1,97030,0.519072,1,14,65,65,585763,27.48307,0.00365,2.36256,0.00912,0,0,3,4.226780,3.771529,3.771529,-0.037659,-0.037347,14.923650,7394,0.002503,0.074318,39854,16601,9130,5679,4045,2870,2177,1631,15042,1,1,1,1
23.0000,4621,1,1,51872,0,99391,0.521904,1,7,11,19,50100,27.89902,0.00365,2.36256,0.00912,1,1,2,1.414033,1.000000,4.138152,-0.245644,-0.245569,14.715743,4621,0.016687,0.047102,41440,16715,9003,5959,3981,2955,2252,1866,15219,1,1,1,1
23.9000,4621,1,1,52920,0,101672,0.520502,5,2,6,285,48402,28.52271,0.00365,2.36256,0.00912,1,1,3,1.382653,1.000000,1.379091,-0.557371,-0.557301,14.404056,463,0.038691,0.004822,42311,17096,9423,5957,4165,3004,2267,1845,15603,1,1,1,1
22.3500,4622,1,1,50917,1,97519,0.522129,8,6,14,93,196543,27.44868,0.00240,2.36495,0.00746,0,0,3,1.295586,1.190544,1.190544,-0.020652,-0.020596,14.940336,7629,0.001379,0.076578,40171,16689,9086,5826,3998,2980,2215,1709,14844,1,1,1,1
22.4000,4622,1,1,51035,1,97683,0.522461,1,2,19,580,182723,27.48332,0.00240,2.36495,0.00746,0,0,3,1.714375,1.261059,1.261059,-0.037980,-0.037863,14.923379,7398,0.002537,0.074343,40504,16647,9099,5618,3980,2893,2198,1826,14917,1,1,1,1
23.0000,4622,1,1,52105,1,99735,0.522440,1,5,56,90,4378487,27.89933,0.00240,2.36495,0.00746,0,1,3,3.936303,2.794800,2.794800,-0.246070,-0.245773,14.715193,4625,0.016702,0.047135,41446,16957,9358,5839,4005,2949,2296,1790,15094,1,1,1,1
23.9000,4622,1,1,53168,0,101867,0.521941,2,4,27,103,52949499,28.52305,0.00240,2.36495,0.00746,1,1,2,1.225011,1.000000,1.404849,-0.557846,-0.557802,14.403327,465,0.038727,0.004842,42237,17264,9409,6007,4157,3133,2363,1808,15488,1,1,1,1
22.3500,4623,1,1,50836,0,97670,0.520493,1,8,10,74,41746,27.45108,0.00436,2.35839,0.00946,1,1,2,1.353454,1.000000,3.671384,-0.018692,-0.018626,14.942746,7630,0.001247,0.076559,40601,16611,9053,5769,3914,2878,2206,1724,14913,1,1,1,1
22.4000,4623,1,1,50811,1,97808,0.519503,5,35,35,56,80350,27.48571,0.00436,2.35839,0.00946,0,0,3,4.451949,4.284878,4.284878,-0.036026,-0.035703,14.925057,7397,0.002392,0.074309,40662,16724,9058,5670,3895,2924,2298,1736,14840,1,1,1,1
23.0000,4623,1,1,51839,1,99615,0.520399,2,46,76,76,424180,27.90163,0.00436,2.35839,0.00946,0,1,3,25.593456,21.364371,21.364371,-0.244159,-0.243458,14.717103,4623,0.016543,0.047098,41363,17014,9216,5831,4036,3032,2202,1791,15129,1,1,1,1
23.9000,4623,1,1,52985,1,102099,0.518962,1,2,25,49,144271,28.52536,0.00436,2.35839,0.00946,0,0,3,1.842687,1.364358,1.364358,-0.555724,-0.555592,14.405643,464,0.038568,0.004829,42478,17236,9415,6133,4156,3055,2287,1911,15427,1,1,1,1
22.3500,4624,1,1,51421,1,98337,0.522911,2,11,32,166,50161,27.46156,0.00255,2.36427,0.00701,0,1,3,1.488959,1.116962,1.116962,-0.014172,-0.014086,14.947295,7634,0.000942,0.076559,40900,16656,9170,5896,3970,2917,2254,1761,14812,1,1,1,1
22.4000,4624,1,1,51075,1,97483,0.523943,1,93,93,93,78453230,27.49618,0.00255,2.36427,0.00701,0,1,3,35.119508,32.415552,32.415552,-0.031857,-0.031088,14.930375,7403,0.002082,0.074327,40367,16472,9045,5752,4040,2891,2260,1754,14901,1,1,1,1
23.0000,4624,1,1,51779,1,99544,0.520167,11,2,20,313,234351,27.91216,0.00255,2.36427,0.00701,0,1,3,1.624517,1.248192,1.248192,-0.239494,-0.239389,14.721395,4629,0.016261,0.047135,41299,16879,9126,5963,4175,2969,2251,1819,15062,1,1,1,1
23.9000,4624,1,1,53102,0,101899,0.521129,17005,4,17005,17005,527322,28.53590,0.00255,2.36427,0.00701,1,1,3,1.226269,1.000000,1.043771,-0.551343,-0.551299,14.409832,467,0.038259,0.004858,42503,17190,9311,5940,4157,3128,2220,1900,15549,1,1,1,1
22.3500,4625,1,1,51025,1,97726,0.522128,1,2,54,78,212604,27.46068,0.00392,2.36929,0.00830,0,1,3,1.958785,1.456426,1.456426,-0.013907,-0.013762,14.947701,7632,0.000921,0.076520,40688,16472,9129,5706,3996,2927,2228,1707,14872,1,1,1,1
22.4000,4625,1,1,50730,0,97380,0.520954,1,7,7,85,47761,27.49545,0.00392,2.36929,0.00830,1,1,2,1.159640,1.000000,1.468653,-0.031293,-0.031261,14.929795,7400,0.002094,0.074283,40109,16570,9149,5645,4040,2900,2221,1757,14988,1,1,1,1
23.0000,4625,1,1,51770,0,99506,0.520275,1,30408,30408,30408,412352,27.91134,0.00392,2.36929,0.00830,1,1,2,1.397453,1.000000,14488.054663,-0.240234,-0.240161,14.721118,4625,0.016314,0.047085,41128,16931,9263,5899,4127,3019,2297,1786,15055,1,1,1,1
23.9000,4625,1,1,52855,1,101793,0.519245,1,26,60,164,210715,28.53509,0.00392,2.36929,0.00830,0,1,3,16.307341,13.043381,13.043381,-0.551354,-0.550751,14.410705,463,0.038218,0.004815,42136,17251,9527,5943,4115,3161,2346,1816,15497,1,1,1,1
22.3500,4626,1,1,50842,0,97878,0.519448,9,8,529,529,41291,27.46467,0.00270,2.36826,0.00746,1,1,2,1.271638,1.000000,2.520033,-0.012679,-0.012627,14.948775,7633,0.000845,0.076508,40572,16702,9173,5729,3910,2947,2296,1750,14798,1,1,1,1
22.4000,4626,1,1,51172,0,97837,0.523039,1,29,29,50,92057,27.49928,0.00270,2.36826,0.00746,1,1,2,1.130814,1.000000,4.236497,-0.030041,-0.030015,14.931000,7402,0.002010,0.074281,40441,16458,9106,5900,4174,2891,2255,1876,14735,1,1,1,1
23.0000,4626,1,1,52139,1,99804,0.522419,6,4,62,105,445045,27.91523,0.00270,2.36826,0.00746,0,0,3,1.444065,1.299946,1.299946,-0.237887,-0.237807,14.723173,4626,0.016152,0.047079,41412,16973,9276,5880,4138,2977,2329,1800,15018,1,1,1,1
23.9000,4626,1,1,52866,0,101618,0.520248,2,6,6,76,275362,28.53901,0.00270,2.36826,0.00746,1,1,2,1.396505,1.000000,3.386171,-0.549878,-0.549805,14.411542,464,0.038150,0.004824,42060,17330,9404,6033,4081,3045,2341,1815,15508,1,1,1,1
22.3500,4627,1,1,50916,0,97702,0.521141,1,5,29,29,73891,27.45989,0.00469,2.36386,0.00760,1,0,3,1.171149,1.000000,1.127487,-0.013931,-0.013897,14.947531,7636,0.000930,0.076528,40554,16581,9203,5691,3914,2944,2289,1688,14837,1,1,1,1
22.4000,4627,1,1,51361,1,98280,0.522604,5,2,12,35,75937,27.49450,0.00469,2.36386,0.00760,0,1,3,1.854969,1.321963,1.321963,-0.031253,-0.031120,14.930222,7406,0.002084,0.074309,40759,16793,9288,5794,3986,2867,2256,1692,14844,1,1,1,1
23.0000,4627,1,1,51988,0,99679,0.521559,1,8,8,21,2320332,27.91050,0.00469,2.36386,0.00760,1,1,2,1.412329,1.000000,4.737244,-0.239396,-0.239321,14.721983,4628,0.016256,0.047093,41376,17035,9324,5995,3942,2895,2274,1773,15064,1,1,1,1
23.9000,4627,1,1,53115,1,102199,0.519726,1,38,38,469,84091,28.53429,0.00469,2.36386,0.00760,0,1,3,22.745382,18.513818,18.513818,-0.551438,-0.550762,14.409925,463,0.038221,0.004813,42558,17305,9424,5951,4232,3013,2341,1845,15529,1,1,1,1
22.3500,4628,1,1,51092,0,98072,0.520970,5,6,44,136,1145026,27.46772,0.00270,2.35916,0.00797,1,1,2,1.337559,1.000000,2.851854,-0.011064,-0.011001,14.950224,7639,0.000736,0.076528,40955,16458,9157,5641,3984,2938,2236,1770,14932,1,1,1,1
22.4000,4628,1,1,51350,0,98607,0.520759,1,1,15,15,400875,27.50247,0.00270,2.35916,0.00797,1,0,3,1.411682,1.000000,1.046585,-0.028327,-0.028252,14.933050,7406,0.001892,0.074279,41112,16830,9103,5935,3943,2984,2232,1697,14770,1,1,1,1
23.0000,4628,1,1,51888,0,99934,0.519228,3,13,19,43,219087,27.91838,0.00270,2.35916,0.00797,1,0,3,1.075163,1.000000,1.072673,-0.236289,-0.236273,14.725176,4628,0.016046,0.047072,41647,16699,9377,5982,4039,3044,2259,1816,15070,1,1,1,1
23.9000,4628,1,1,52996,0,101980,0.519676,11,3,11,350,2471447,28.54219,0.00270,2.35916,0.00797,1,1,2,1.358914,1.000000,1.514999,-0.548229,-0.548163,14.413208,463,0.038032,0.004811,42163,17364,9522,5976,4250,3032,2336,1844,15492,1,1,1,1
22.3500,4629,1,1,51207,1,97889,0.523118,1,15,15,26,187816,27.46772,0.00285,2.36561,0.00975,0,1,3,1.552186,1.123056,1.078849,-0.010973,-0.010878,14.950385,7634,0.000728,0.076461,40650,16606,9198,5658,3953,2908,2233,1795,14887,1,1,1,1
22.4000,4629,1,1,51056,0,97859,0.521736,1,13,25,42,230695,27.50231,0.00285,2.36561,0.00975,1,1,2,1.331160,1.000000,5.443471,-0.028453,-0.028391,14.932829,7404,0.001901,0.074244,40665,16607,9010,5795,3913,2819,2267,1757,15025,1,1,1,1
23.0000,4629,1,1,52252,0,100104,0.521982,5,11,11,30,154572,27.91829,0.00285,2.36561,0.00975,1,1,2,1.329537,1.000000,4.634440,-0.236424,-0.236363,14.724856,4626,0.016052,0.047043,41728,16903,9520,5854,4077,2968,2247,1777,15029,1,1,1,1
23.9000,4629,1,1,52882,0,101734,0.519812,1,1,26,1292,123666,28.54210,0.00285,2.36561,0.00975,1,0,3,1.366665,1.000000,1.077458,-0.548175,-0.548107,14.413259,459,0.038028,0.004769,42010,17355,9425,5966,4086,3118,2308,1781,15684,1,1,1,1
22.3500,4630,1,1,51092,0,97771,0.522573,1,5,16,40,532372,27.46323,0.00588,2.35501,0.01298,1,1,2,1.215366,1.000000,1.567410,-0.011694,-0.011652,14.949469,7644,0.000779,0.076549,40454,16480,9193,5788,3987,3009,2277,1687,14895,1,1,1,1
22.4000,4630,1,1,51650,0,98600,0.523839,4,73,73,73,145184,27.49797,0.00588,2.35501,0.01298,1,1,2,1.165521,1.000000,13.284081,-0.029294,-0.029261,14.932168,7412,0.001960,0.074312,40927,16890,9256,5777,3979,2997,2261,1794,14718,1,1,1,1
23.0000,4630,1,1,51750,0,99262,0.521353,1,24,24,152,171285,27.91385,0.00588,2.35501,0.01298,1,1,2,1.188595,1.000000,5.135045,-0.237136,-0.237098,14.723994,4634,0.016103,0.047117,40903,17005,9167,5866,4060,2977,2282,1749,15252,1,1,1,1
23.9000,4630,1,1,53005,1,102262,0.518331,4,3,30,30,237936,28.53769,0.00588,2.35501,0.01298,0,1,3,2.626142,1.994745,1.994745,-0.548948,-0.548740,14.412663,469,0.038073,0.004872,42546,17320,9413,5947,4269,3028,2342,1852,15544,1,1,1,1
22.3500,4631,1,1,51189,1,98083,0.521900,12,5,22,894,58496,27.46919,0.00225,2.37003,0.00802,0,0,3,1.656603,1.584912,1.584912,-0.010480,-0.010371,14.950421,7644,0.000694,0.076528,40741,16650,9164,5790,3970,2925,2255,1781,14806,1,1,1,1
22.4000,4631,1,1,51099,1,98195,0.520388,1,12,26,87,167568,27.50391,0.00225,2.37003,0.00802,0,1,3,7.923462,6.339048,6.339048,-0.027996,-0.027549,14.933339,7412,0.001845,0.074290,40965,16693,9102,5746,3914,2951,2189,1739,14895,1,1,1,1
23.0000,4631,1,1,51979,1,99749,0.521103,1,34,34,35,2061904,27.91986,0.00225,2.37003,0.00802,0,1,3,3.605640,2.942087,2.933534,-0.235886,-0.235609,14.725522,4634,0.016000,0.047102,41412,16913,9128,5921,4065,3070,2298,1798,15143,1,1,1,1
23.9000,4631,1,1,53085,1,102095,0.519962,4,7,16,46,2401211,28.54356,0.00225,2.37003,0.00802,0,1,3,2.636427,2.388139,2.388139,-0.547713,-0.547504,14.413394,466,0.037986,0.004839,42401,17253,9349,5983,4152,3109,2412,1860,15575,1,1,1,1
22.3500,4632,1,1,50896,0,97998,0.519363,1,5,9,186,176176,27.47100,0.00239,2.37278,0.00799,1,1,2,1.372372,1.000000,2.856819,-0.009666,-0.009598,14.951656,7650,0.000642,0.076565,40814,16618,9103,5744,3978,2879,2225,1693,14943,1,1,1,1
22.4000,4632,1,1,50813,1,97649,0.520369,12,13,1467,1467,122848,27.50556,0.00239,2.37278,0.00799,0,0,3,2.091439,2.014935,2.014935,-0.026912,-0.026752,14.934003,7418,0.001791,0.074331,40260,16581,9100,5831,4027,2766,2209,1737,15137,1,1,1,1
23.0000,4632,1,1,51877,1,99806,0.519784,16,14,16,76,249323,27.92157,0.00239,2.37278,0.00799,0,0,3,1.339184,1.280388,1.280388,-0.234867,-0.234804,14.725992,4636,0.015945,0.047110,41204,17263,9308,5748,4145,2905,2275,1808,15149,1,1,1,1
23.9000,4632,1,1,53047,1,101954,0.520308,1,45,45,45,46918,28.54528,0.00239,2.37278,0.00799,0,1,3,3.968267,3.154934,3.070280,-0.546818,-0.546520,14.414640,473,0.037914,0.004910,42165,17514,9466,5931,4089,3063,2276,1861,15588,1,1,1,1
22.3500,4633,1,1,51100,0,98004,0.521413,2,1,21,96313,431794,27.47172,0.00254,2.37141,0.00889,1,0,3,1.405356,1.000000,1.083581,-0.009064,-0.008991,14.952348,7645,0.000601,0.076495,40696,16754,9068,5699,4128,2935,2204,1760,14759,1,1,1,1
22.4000,4633,1,1,51621,1,98363,0.524806,1,2,5,80,562898,27.50643,0.00254,2.37141,0.00889,0,1,3,2.209716,1.664819,1.664819,-0.026474,-0.026303,14.935080,7413,0.001761,0.074259,40687,16869,9234,5814,4114,2859,2216,1707,14862,1,1,1,1
23.0000,4633,1,1,51902,0,99422,0.522043,6,25,27,35,104439,27.92235,0.00254,2.37141,0.00889,1,1,2,1.179769,1.000000,4.937143,-0.234552,-0.234516,14.726909,4633,0.015924,0.047067,41034,16791,9360,5889,3989,3033,2322,1915,15088,1,1,1,1
23.9000,4633,1,1,53287,1,102385,0.520462,3,11,18,31,21138706,28.54607,0.00254,2.37141,0.00889,0,1,3,1.361501,1.134858,1.134858,-0.546256,-0.546189,14.415231,464,0.037890,0.004816,42600,17382,9546,6035,4175,3135,2246,1794,15471,1,1,1,1
22.3500,4634,1,1,51065,1,97972,0.521226,1,2,48,48,93810,27.47602,0.00254,2.37076,0.01079,0,0,3,1.515535,1.135140,1.135140,-0.006877,-0.006788,14.954436,7647,0.000454,0.076488,40543,16632,9305,5666,4088,2850,2198,1758,14931,1,1,1,1
22.4000,4634,1,1,51298,0,98678,0.519858,1,2,73,96,881411,27.51072,0.00254,2.37076,0.01079,1,1,3,1.330134,1.000000,1.174382,-0.024224,-0.024162,14.937057,7415,0.001618,0.074253,41235,16892,9025,5723,3943,2894,2271,1843,14851,1,1,1,1
23.0000,4634,1,1,51833,1,99760,0.519582,1,3,67,67,88539,27.92670,0.00254,2.37076,0.01079,0,1,3,1.891430,1.337514,1.181041,-0.232218,-0.232081,14.729233,4634,0.015756,0.047059,41414,17010,9228,5785,4038,2988,2316,1744,15236,1,1,1,1
23.9000,4634,1,1,53070,0,102431,0.518110,1,22,22,437,112591,28.55044,0.00254,2.37076,0.01079,1,1,2,1.165171,1.000000,4.113914,-0.544228,-0.544195,14.416870,465,0.037747,0.004824,42564,17511,9329,6143,4153,3019,2252,1850,15609,1,1,1,1
22.3500,4635,1,1,51030,0,98294,0.519162,2,2,6,16,73118,27.47940,0.00386,2.37405,0.00801,1,1,3,1.413881,1.000000,1.384290,-0.004645,-0.004570,14.956741,7650,0.000306,0.076489,40893,16786,8999,5763,4002,2963,2174,1781,14932,1,1,1,1
22.4000,4635,1,1,51054,0,98096,0.520455,1,4,4,120,1953483,27.51410,0.00386,2.37405,0.00801,1,1,3,1.199774,1.000000,1.149131,-0.021972,-0.021932,14.939173,7419,0.001468,0.074267,40684,16696,9065,5899,3918,2910,2263,1769,14891,1,1,1,1
23.0000,4635,1,1,51918,0,99655,0.520983,1,22,22,231,52895,27.92999,0.00386,2.37405,0.00801,1,1,2,1.221755,1.000000,5.790982,-0.230091,-0.230047,14.731080,4637,0.015616,0.047074,41396,16887,9429,5766,4068,2906,2279,1774,15149,1,1,1,1
23.9000,4635,1,1,53318,0,102354,0.520923,9,2,9,16,539794,28.55374,0.00386,2.37405,0.00801,1,0,3,1.318136,1.000000,1.038573,-0.541779,-0.541719,14.419668,466,0.037568,0.004833,42551,17391,9588,6062,4099,2988,2414,1813,15447,1,1,1,1
22.3500,4636,1,1,51161,1,97872,0.522739,22,18,22,30,338730,27.47754,0.00281,2.37290,0.00828,0,1,3,9.055608,7.898469,7.898469,-0.006235,-0.005759,14.954532,7652,0.000385,0.076504,40490,16702,9006,5804,4034,2927,2234,1766,14908,1,1,1,1
22.4000,4636,1,1,51035,1,98059,0.520457,1,15,63,63,222448,27.51223,0.00281,2.37290,0.00828,0,1,3,9.249484,7.560297,7.560297,-0.023574,-0.023094,14.937828,7422,0.001546,0.074287,40790,16575,9130,5643,3990,2845,2228,1822,15035,1,1,1,1
23.0000,4636,1,1,51970,0,99812,0.520684,14,2,55,55,40012,27.92818,0.00281,2.37290,0.00828,1,1,3,1.405734,1.000000,1.055926,-0.231332,-0.231259,14.730080,4638,0.015700,0.047077,41310,17118,9263,5892,3950,2998,2301,1788,15191,1,1,1,1
23.9000,4636,1,1,53420,0,102333,0.522026,3,46,46,80,464799,28.55195,0.00281,2.37290,0.00828,1,1,2,1.046963,1.000000,2.286106,-0.543303,-0.543293,14.417508,467,0.037683,0.004843,42574,17403,9503,5963,4210,3018,2315,1829,15517,1,1,1,1
22.3500,4637,1,1,51171,1,98219,0.520994,1,7,9,50,68778,27.47821,0.00254,2.37235,0.00966,0,1,3,4.385383,3.560171,3.560171,-0.005898,-0.005579,14.955433,7650,0.000373,0.076463,40947,16639,9144,5763,3805,3020,2164,1732,15004,1,1,1,1
22.4000,4637,1,1,51420,0,98284,0.523183,1,1,13,53,78213,27.51289,0.00254,2.37235,0.00966,1,0,3,1.413752,1.000000,1.076196,-0.023109,-0.023034,14.938287,7418,0.001542,0.074229,40776,16597,9416,5733,3908,2869,2261,1772,14951,1,1,1,1
23.0000,4637,1,1,52012,0,99910,0.520594,1,82,82,82,85731,27.92889,0.00254,2.37235,0.00966,1,0,2,1.087526,1.000000,7.637330,-0.231325,-0.231306,14.730140,4635,0.015703,0.047036,41486,16970,9250,5846,4045,3026,2313,1749,15224,1,1,1,1
23.9000,4637,1,1,53108,0,102123,0.520045,4,3,7,39,86418,28.55268,0.00254,2.37235,0.00966,1,1,2,1.404742,1.000000,1.747330,-0.543059,-0.542986,14.418303,462,0.037659,0.004790,42314,17420,9521,5911,4193,3098,2268,1824,15573,1,1,1,1
22.3500,4638,1,1,51105,1,97968,0.521655,4,6,25,47,147355,27.48620,0.00239,2.37378,0.00816,0,1,3,3.199701,2.747534,2.747534,-0.002048,-0.001797,14.959075,7653,0.000120,0.076458,40602,16715,9083,5700,3992,2930,2196,1753,14996,1,1,1,1
22.4000,4638,1,1,51297,1,98182,0.522474,1,3,21,78,71428,27.52087,0.00239,2.37378,0.00816,0,1,3,1.166635,1.123527,1.123527,-0.019284,-0.019250,14.942207,7421,0.001288,0.074224,40582,16689,9111,5774,4006,2981,2194,1774,15070,1,1,1,1
23.0000,4638,1,1,52272,0,100032,0.522558,11,5,20,118,1133419,27.93679,0.00239,2.37378,0.00816,1,1,3,1.147508,1.000000,1.003947,-0.227226,-0.227197,14.733845,4640,0.015420,0.047065,41444,17115,9259,5812,4113,2922,2273,1903,15190,1,1,1,1
23.9000,4638,1,1,53256,0,102552,0.519312,2,5,10,20,147809,28.56059,0.00239,2.37378,0.00816,1,0,2,1.213422,1.000000,1.485556,-0.539178,-0.539137,14.422281,464,0.037382,0.004808,42463,17562,9415,6063,4307,3058,2333,1846,15504,1,1,1,1
22.3500,4639,1,1,51210,0,98273,0.521105,3,4,4,81,98205,27.48124,0.00239,2.37294,0.01047,1,1,2,1.364199,1.000000,1.979540,-0.004437,-0.004371,14.956877,7654,0.000292,0.076463,40908,16635,9165,5866,3967,2883,2261,1762,14825,1,1,1,1
22.4000,4639,1,1,51405,1,98446,0.522170,1,1,36,164,452040,27.51591,0.00239,2.37294,0.01047,0,1,3,1.350815,1.074095,1.074095,-0.021696,-0.021631,14.939775,7422,0.001448,0.074230,40856,16768,9198,5792,4015,2901,2159,1875,14881,1,1,1,1
23.0000,4639,1,1,52179,1,99921,0.522208,2,2,2,51,187568,27.93188,0.00239,2.37294,0.01047,0,0,3,1.768032,1.456478,1.456478,-0.229720,-0.229598,14.731522,4637,0.015585,0.047032,41284,17193,9269,5774,4103,2906,2291,1818,15282,1,1,1,1
23.9000,4639,1,1,53378,0,102507,0.520730,1,9,96,271,195296,28.55570,0.00239,2.37294,0.01047,1,0,3,1.098376,1.000000,1.149963,-0.541602,-0.541582,14.419862,462,0.037558,0.004787,42727,17267,9602,6037,4235,3032,2350,1799,15457,1,1,1,1
22.3500,4640,1,1,51151,1,98140,0.521210,1,20,289,289,134483,27.48167,0.00254,2.37695,0.00740,0,1,3,9.056906,7.956915,7.956915,-0.004397,-0.003922,14.956935,7661,0.000262,0.076516,40609,16778,9240,5880,3952,2863,2164,1798,14855,1,1,1,1
22.4000,4640,1,1,51188,0,98360,0.520420,1,3,17,2151,109478,27.51633,0.00254,2.37695,0.00740,1,1,2,1.345205,1.000000,1.820921,-0.021566,-0.021502,14.939730,7428,0.001439,0.074274,40862,16636,9195,5746,4021,3063,2155,1780,14901,1,1,1,1
23.0000,4640,1,1,51857,1,100006,0.518544,1,9,9,42,508925,27.93221,0.00254,2.37695,0.00740,0,0,3,3.638955,3.090349,3.090349,-0.229567,-0.229289,14.731792,4644,0.015564,0.047092,41432,16987,9510,5785,4064,2984,2269,1846,15128,1,1,1,1
23.9000,4640,1,1,53375,1,102231,0.522107,1,3,17,34,139237,28.55605,0.00254,2.37695,0.00740,0,1,3,1.682069,1.189403,1.095953,-0.541365,-0.541253,14.420063,468,0.037535,0.004848,42333,17425,9432,6029,4243,3059,2433,1804,15472,1,1,1,1
22.3500,4641,1,1,51337,1,98530,0.521034,24,4,24,24,168407,27.47802,0.00269,2.37043,0.00827,0,0,3,1.560561,1.522087,1.522087,-0.005913,-0.005817,14.954854,7658,0.000389,0.076480,40958,16808,9155,5895,4005,2899,2197,1727,14885,1,1,1,1
22.4000,4641,1,1,51357,1,98706,0.520308,4,5,11,36,32896,27.51267,0.00269,2.37043,0.00827,0,1,3,1.775737,1.280118,1.280118,-0.023216,-0.023092,14.938263,7426,0.001546,0.074245,41061,16796,9238,5800,3938,2833,2269,1762,15008,1,1,1,1
23.0000,4641,1,1,52179,1,99769,0.523003,2,8,8,32,50175725,27.92861,0.00269,2.37043,0.00827,0,1,3,5.853831,4.493674,4.493674,-0.231333,-0.230953,14.730487,4641,0.015679,0.047055,41407,16863,9217,5891,3994,3055,2243,1822,15276,1,1,1,1
23.9000,4641,1,1,53090,0,102239,0.519279,3,16,105,105,228849,28.55231,0.00269,2.37043,0.00827,1,1,2,1.086368,1.000000,1.605075,-0.543066,-0.543048,14.417882,465,0.037665,0.004817,42511,17254,9373,6043,4109,3109,2412,1809,15618,1,1,1,1
22.3500,4642,1,1,51111,1,97983,0.521637,2,45,45,45,183795,27.47593,0.01008,2.37426,0.00915,0,1,3,2.104927,1.790436,1.790436,-0.003229,-0.003069,14.958358,7662,0.000205,0.076485,40554,16631,9163,5779,3939,2887,2255,1818,14956,1,1,1,1
22.4000,4642,1,1,51441,1,98946,0.519895,1,2,29,29,101455,27.51058,0.01008,2.37426,0.00915,0,1,3,1.435128,1.193496,1.193496,-0.020506,-0.020428,14.940992,7428,0.001367,0.074236,41147,16897,9349,5895,3961,2923,2200,1761,14812,1,1,1,1
23.0000,4642,1,1,52044,0,100084,0.520008,2,1,113,113,138160,27.92658,0.01008,2.37426,0.00915,1,1,3,1.410961,1.000000,1.187753,-0.228511,-0.228437,14.732865,4647,0.015505,0.047098,41547,17005,9316,5924,4136,2935,2262,1764,15194,1,1,1,1
23.9000,4642,1,1,53257,1,102516,0.519504,1,28,145,145,174880,28.55030,0.01008,2.37426,0.00915,0,1,3,15.092298,12.853933,12.853933,-0.540624,-0.540039,14.421419,465,0.037447,0.004815,42619,17376,9643,6065,4166,3065,2276,1780,15525,1,1,1,1
22.3500,4643,1,1,50884,0,98013,0.519161,2,14,14,201,64343,27.48015,0.00254,2.37220,0.00998,1,0,2,1.133495,1.000000,2.126213,-0.005008,-0.004981,14.956456,7663,0.000333,0.076489,40630,16484,9184,5879,3938,2927,2296,1767,14907,1,1,1,1
22.4000,4643,1,1,51229,1,98441,0.520408,3,5,12,61,1118072,27.51478,0.00254,2.37220,0.00998,0,0,3,2.052386,1.816424,1.816424,-0.022307,-0.022152,14.938863,7431,0.001483,0.074260,40947,16605,9199,5794,4047,2822,2352,1787,14887,1,1,1,1
23.0000,4643,1,1,52007,1,99976,0.520200,1,3,5,31,89225,27.93070,0.00254,2.37220,0.00998,0,1,3,2.492899,1.899040,1.899040,-0.230273,-0.230076,14.731014,4646,0.015618,0.047084,41538,16946,9129,5872,4097,3088,2306,1842,15157,1,1,1,1
23.9000,4643,1,1,53166,0,102344,0.519488,2,71,110,110,234190,28.55443,0.00254,2.37220,0.00998,1,1,2,1.346550,1.000000,29.278413,-0.542431,-0.542367,14.418866,466,0.037615,0.004825,42449,17483,9498,6010,4177,3015,2317,1763,15631,1,1,1,1
22.3500,4644,1,1,51268,0,98343,0.521324,2,3,10,63,96776,27.47749,0.00390,2.37250,0.00865,1,1,2,1.379194,1.000000,1.814357,-0.005586,-0.005517,14.955844,7663,0.000369,0.076475,40755,16743,9271,5864,3971,2900,2232,1700,14906,1,1,1,1
22.4000,4644,1,1,51379,1,98501,0.521614,1,2,4,60,50714,27.51211,0.00390,2.37250,0.00865,0,0,3,2.105900,1.571124,1.571124,-0.022886,-0.022725,14.938503,7431,0.001521,0.074246,40823,16518,9373,5897,3918,2980,2373,1648,14970,1,1,1,1
23.0000,4644,1,1,52204,0,100147,0.521279,7,6,7,76,181228,27.92809,0.00390,2.37250,0.00865,1,1,2,1.407771,1.000000,3.139135,-0.230949,-0.230875,14.730420,4644,0.015673,0.047055,41627,17042,9200,5926,4074,3049,2345,1749,15134,1,1,1,1
23.9000,4644,1,1,53057,1,102080,0.519764,1,37,37,37,511440,28.55183,0.00390,2.37250,0.00865,0,1,3,2.061516,1.505329,1.351501,-0.542728,-0.542572,14.418680,465,0.037630,0.004813,42204,17155,9579,6147,4031,3032,2361,1869,15701,1,1,1,1
22.3500,4645,1,1,51760,0,98945,0.523124,2,4,86,86,199300,27.47475,0.00284,2.37029,0.00981,1,1,2,1.338664,1.000000,1.831884,-0.007435,-0.007372,14.953855,7661,0.000493,0.076449,41178,16975,9227,5825,4003,2917,2230,1765,14824,1,1,1,1
22.4000,4645,1,1,51389,1,98487,0.521790,11,98,98,98,378709,27.50952,0.00284,2.37029,0.00981,0,1,3,61.998521,48.223575,48.223575,-0.025172,-0.024284,14.935712,7431,0.001626,0.074244,41024,16786,9026,5660,3937,3018,2307,1788,14940,1,1,1,1
23.0000,4645,1,1,52189,1,100039,0.521692,1,6,40,79,71182,27.92541,0.00284,2.37029,0.00981,0,1,3,3.325964,2.847968,2.847968,-0.232811,-0.232552,14.728898,4641,0.015789,0.047020,41506,16982,9393,6044,4010,2943,2191,1851,15118,1,1,1,1
23.9000,4645,1,1,53448,0,102575,0.521068,1,2,43,1901,1062493,28.54917,0.00284,2.37029,0.00981,1,0,3,1.354714,1.000000,1.198016,-0.544597,-0.544532,14.416841,461,0.037771,0.004772,42648,17544,9380,5955,4171,3066,2347,1890,15573,1,1,1,1
22.3500,4646,1,1,51215,1,98140,0.521862,1,4,22,676,200140,27.47377,0.00254,2.37175,0.00861,0,1,3,3.643067,2.788347,2.788347,-0.008219,-0.007941,14.953184,7666,0.000531,0.076486,40620,16789,9164,5748,4006,2905,2204,1762,14941,1,1,1,1
22.4000,4646,1,1,51587,1,98601,0.523195,1,12,12,122,941508,27.50838,0.00254,2.37175,0.00861,0,1,3,6.394189,5.396047,5.396047,-0.025596,-0.025197,14.935821,7436,0.001687,0.074277,40976,16941,9044,5806,3949,3082,2226,1807,14769,1,1,1,1
23.0000,4646,1,1,51853,1,99566,0.520795,1,2,8,67,488374,27.92433,0.00254,2.37175,0.00861,0,1,3,1.802511,1.509827,1.509827,-0.233428,-0.233301,14.728122,4646,0.015840,0.047063,40969,16958,9421,5892,4071,2995,2277,1697,15285,1,1,1,1
23.9000,4646,1,1,53426,0,102438,0.521550,2,99,147,147,37600553,28.54810,0.00254,2.37175,0.00861,1,1,2,1.273522,1.000000,31.227499,-0.545646,-0.545594,14.415581,465,0.037848,0.004812,42383,17349,9685,6059,4232,2940,2346,1823,15620,1,1,1,1
22.3500,4647,1,1,51464,0,98569,0.522117,6,2,12,312,1133858,27.47085,0.00336,2.37628,0.00807,1,1,3,1.412629,1.000000,1.414825,-0.009139,-0.009065,14.952262,7666,0.000606,0.076474,41156,16747,9069,5804,3961,2901,2293,1802,14835,1,1,1,1
22.4000,4647,1,1,51173,1,98376,0.520183,1,2,4,104,345734,27.50545,0.00336,2.37628,0.00807,0,1,3,2.444139,1.757062,1.757062,-0.026466,-0.026273,14.935142,7434,0.001759,0.074245,40821,16750,9237,5703,4002,2984,2200,1769,14909,1,1,1,1
23.0000,4647,1,1,52192,0,99968,0.522092,1,3,15,117,219206,27.92146,0.00336,2.37628,0.00807,1,1,2,1.391250,1.000000,2.110415,-0.234487,-0.234416,14.726858,4645,0.015918,0.047047,41380,17127,9367,5849,4161,3035,2220,1739,15089,1,1,1,1
23.9000,4647,1,1,53212,0,102049,0.521441,1,1,29,40,297568,28.54525,0.00336,2.37628,0.00807,1,0,3,1.409768,1.000000,1.148040,-0.546318,-0.546244,14.415090,463,0.037894,0.004791,42223,17255,9561,6001,4130,3097,2252,1853,15676,1,1,1,1
22.3500,4648,1,1,51392,0,98255,0.523052,1,5,5,332,891194,27.46931,0.00415,2.37081,0.01058,1,1,2,1.278659,1.000000,1.999956,-0.009497,-0.009444,14.951735,7670,0.000632,0.076500,40848,16517,9146,5863,4080,3004,2220,1768,14808,1,1,1,1
22.4000,4648,1,1,51552,0,98657,0.522543,11,53,53,67,962766,27.50406,0.00415,2.37081,0.01058,1,0,2,1.025860,1.000000,1.411561,-0.026833,-0.026827,14.934633,7437,0.001796,0.074261,41121,16761,9077,5953,4076,2898,2254,1667,14849,1,1,1,1
23.0000,4648,1,1,52028,0,100008,0.520244,34,11,390,390,34668,27.91998,0.00415,2.37081,0.01058,1,1,2,1.288360,1.000000,3.837273,-0.234899,-0.234845,14.726342,4648,0.015947,0.047069,41656,16784,9326,5876,4075,3045,2199,1737,15309,1,1,1,1
23.9000,4648,1,1,53697,1,102562,0.523562,1,104,104,104,420114,28.54378,0.00415,2.37081,0.01058,0,1,3,5.435236,4.574159,4.514225,-0.546818,-0.546454,14.414970,465,0.037909,0.004811,42540,17392,9493,6099,4132,3130,2293,1901,15581,1,1,1,1
22.3500,4649,1,1,51362,0,98431,0.521812,4,2,6,93,84050,27.47780,0.00283,2.38425,0.00755,1,1,2,1.393773,1.000000,1.447162,-0.005979,-0.005907,14.955369,7668,0.000395,0.076445,40988,16657,9153,5810,3844,2907,2232,1788,15051,1,1,1,1
22.4000,4649,1,1,51550,0,98715,0.522216,1,2,12,99,15977307,27.51239,0.00283,2.38425,0.00755,1,1,3,1.331653,1.000000,1.196029,-0.023254,-0.023192,14.938030,7435,0.001553,0.074208,41305,16444,9301,5711,4062,2970,2211,1710,15000,1,1,1,1
23.0000,4649,1,1,51960,0,100020,0.519501,4,2,25,28,129181,27.92836,0.00283,2.38425,0.00755,1,1,3,1.397853,1.000000,1.339609,-0.231248,-0.231176,14.730105,4647,0.015694,0.047036,41463,16972,9317,5941,4089,2930,2281,1790,15236,1,1,1,1
23.9000,4649,1,1,53318,0,102316,0.521116,6,3,6,216,163870,28.55218,0.00283,2.38425,0.00755,1,1,2,1.377947,1.000000,1.668951,-0.543187,-0.543118,14.418243,461,0.037669,0.004767,42337,17523,9461,5966,4203,3069,2327,1829,15600,1,1,1,1
22.3500,4650,1,1,51338,0,98307,0.522227,6,7,379,379,130415,27.47089,0.00283,2.38025,0.01182,1,1,2,1.363640,1.000000,3.182517,-0.009465,-0.009398,14.951971,7673,0.000629,0.076496,40835,16721,9068,5725,3956,2946,2159,1801,15095,1,1,1,1
22.4000,4650,1,1,51418,0,98812,0.520367,3,33,33,239,116156,27.50562,0.00283,2.38025,0.01182,1,1,2,1.044582,1.000000,1.523780,-0.026752,-0.026743,14.934050,7436,0.001791,0.074222,41207,16679,9322,5915,3835,3000,2216,1748,14889,1,1,1,1
23.0000,4650,1,1,52537,1,100535,0.522579,1,2,31,77,336543,27.92151,0.00283,2.38025,0.01182,0,1,3,1.601890,1.253766,1.253766,-0.234674,-0.234573,14.726828,4648,0.015928,0.047047,41940,17115,9277,5896,4100,3013,2217,1858,15118,1,1,1,1
23.9000,4650,1,1,53404,0,102763,0.519686,1,5,49,49,4487658,28.54534,0.00283,2.38025,0.01182,1,0,2,1.294312,1.000000,2.230317,-0.546653,-0.546598,14.414798,463,0.037919,0.004788,42659,17493,9564,6085,4195,3125,2339,1805,15497,1,1,1,1
22.3500,4651,1,1,51404,0,98375,0.522536,1,13,34,46,1224941,27.47813,0.00209,2.38584,0.00710,1,1,2,1.194452,1.000000,3.149599,-0.006164,-0.006125,14.954976,7680,0.000410,0.076534,40969,16653,9101,5748,4049,2883,2278,1694,14999,1,1,1,1
22.4000,4651,1,1,51175,1,98054,0.521912,8,2,11,70,88732,27.51286,0.00209,2.38584,0.00710,0,1,3,1.624799,1.154258,1.154258,-0.023418,-0.023314,14.937515,7449,0.001561,0.074319,40487,16699,9190,5650,4076,2968,2207,1690,15086,1,1,1,1
23.0000,4651,1,1,52381,1,100314,0.522176,1,2,118,118,92715,27.92880,0.00209,2.38584,0.00710,0,1,3,1.542623,1.359475,1.359475,-0.231404,-0.231311,14.730126,4655,0.015703,0.047097,41714,17200,9295,5776,4055,3008,2170,1804,15291,1,1,1,1
23.9000,4651,1,1,53522,0,102482,0.522263,1,5,150,150,229886,28.55250,0.00209,2.38584,0.00710,1,0,2,1.222920,1.000000,1.779420,-0.543284,-0.543241,14.418175,470,0.037677,0.004858,42486,17437,9677,5900,4166,3012,2386,1875,15542,1,1,1,1
22.3500,4652,1,1,51192,0,98237,0.521112,1,14,14,183,49151,27.47523,0.00223,2.38681,0.00736,1,1,3,1.059708,1.000000,1.030845,-0.007506,-0.007493,14.953362,7680,0.000501,0.076526,40817,16457,9179,5838,4034,2925,2249,1755,14982,1,1,1,1
22.4000,4652,1,1,51381,1,98460,0.521852,2,2,14,25,116255,27.50980,0.00223,2.38681,0.00736,0,1,3,1.518061,1.298261,1.298261,-0.024818,-0.024728,14.936711,7448,0.001656,0.074297,40743,16898,9121,5829,4012,2839,2266,1817,14934,1,1,1,1
23.0000,4652,1,1,52313,1,100127,0.522472,1,11,22,71,1445375,27.92581,0.00223,2.38681,0.00736,0,0,3,2.787483,2.261944,2.261944,-0.232887,-0.232667,14.728472,4656,0.015797,0.047102,41372,17108,9280,6057,4134,2998,2270,1775,15132,1,1,1,1
23.9000,4652,1,1,53456,0,102526,0.521395,1,1,5,17,166048,28.54952,0.00223,2.38681,0.00736,1,0,3,1.411606,1.000000,1.039641,-0.544660,-0.544586,14.416744,473,0.037775,0.004889,42578,17443,9518,6015,4025,3149,2345,1866,15586,1,1,1,1
22.3500,4653,1,1,51228,0,98434,0.520435,2,113,113,118,307794,27.47135,0.00351,2.38699,0.01174,1,1,2,1.034877,1.000000,4.060255,-0.008914,-0.008906,14.951835,7678,0.000596,0.076497,40948,16608,9195,5787,4032,2864,2173,1805,15021,1,1,1,1
22.4000,4653,1,1,51764,0,98859,0.523620,1,3,4,37,144871,27.50606,0.00351,2.38699,0.01174,1,0,2,1.326780,1.000000,1.702977,-0.026175,-0.026114,14.935271,7447,0.001748,0.074278,41175,16768,9324,5728,4010,2979,2172,1792,14910,1,1,1,1
23.0000,4653,1,1,52129,1,100139,0.520572,1,21,21,50,190280,27.92197,0.00351,2.38699,0.01174,0,1,3,12.909780,10.419342,10.419342,-0.234329,-0.233779,14.727683,4653,0.015873,0.047064,41428,17079,9376,5949,4113,2967,2290,1768,15168,1,1,1,1
23.9000,4653,1,1,53460,0,102317,0.522499,1,6,10,22,191521,28.54570,0.00351,2.38699,0.01174,1,1,2,1.413478,1.000000,3.642893,-0.546080,-0.546005,14.415305,466,0.037877,0.004816,42712,17189,9394,6039,4056,2937,2319,1794,15876,1,1,1,1
22.3500,4654,1,1,51458,0,98557,0.522119,25,4,305,305,52226,27.47707,0.00284,2.38611,0.00846,1,0,3,1.261336,1.000000,1.301724,-0.006208,-0.006158,14.955247,7683,0.000412,0.076513,40961,16811,9280,5825,3997,2939,2142,1754,14847,1,1,1,1
22.4000,4654,1,1,51632,0,98723,0.523004,1,10,10,171,235402,27.51177,0.00284,2.38611,0.00846,1,1,2,1.391784,1.000000,5.252508,-0.023714,-0.023643,14.937710,7449,0.001583,0.074270,41213,16691,9162,5878,4018,2788,2156,1727,15089,1,1,1,1
23.0000,4654,1,1,52251,1,100420,0.520330,3,395,395,395,62501,27.92775,0.00284,2.38611,0.00846,0,0,3,16.660255,16.333710,16.333710,-0.231824,-0.231220,14.729404,4656,0.015698,0.047079,41696,17122,9269,5995,4086,2974,2274,1832,15171,1,1,1,1
23.9000,4654,1,1,53421,1,102492,0.521226,1,3,24,24,98140,28.55149,0.00284,2.38611,0.00846,0,1,3,2.039251,1.717957,1.717957,-0.543454,-0.543301,14.418162,468,0.037682,0.004834,42517,17410,9637,5961,4195,2997,2336,1769,15669,1,1,1,1
22.3500,4655,1,1,51826,0,98671,0.525246,3,6,57,57,613179,27.47409,0.00223,2.38112,0.00956,1,0,3,1.140354,1.000000,1.078956,-0.008082,-0.008054,14.953382,7681,0.000539,0.076486,40938,16839,9224,5844,4024,2984,2159,1728,14930,1,1,1,1
22.4000,4655,1,1,51795,1,98852,0.523970,1,133,133,133,165419,27.50879,0.00223,2.38112,0.00956,0,1,3,26.911409,25.993159,25.993159,-0.025772,-0.025064,14.935545,7449,0.001678,0.074265,41195,16900,9182,5797,3981,2861,2236,1741,14958,1,1,1,1
23.0000,4655,1,1,52262,0,100411,0.520486,1,7,88,88,76332,27.92468,0.00223,2.38112,0.00956,1,1,2,1.414025,1.000000,4.250212,-0.233521,-0.233447,14.727867,4656,0.015851,0.047074,41699,17298,9183,5954,4121,2958,2249,1845,15103,1,1,1,1
23.9000,4655,1,1,53227,1,102225,0.520690,1,23,83,83,9004491,28.54843,0.00223,2.38112,0.00956,0,1,3,1.458983,1.293350,1.293350,-0.545272,-0.545191,14.416247,466,0.037818,0.004813,42448,17192,9380,5951,4204,3153,2314,1874,15708,1,1,1,1
22.3500,4656,1,1,51186,0,98426,0.520051,1,4,4,27,363489,27.47409,0.00238,2.37864,0.00679,1,1,2,1.248536,1.000000,1.364857,-0.007982,-0.007935,14.953220,7687,0.000531,0.076531,40843,16654,9266,5755,3903,2980,2270,1778,14976,1,1,1,1
22.4000,4656,1,1,51731,1,99179,0.521598,1,4,19,48,662467,27.50878,0.00238,2.37864,0.00679,0,0,3,2.710173,2.033916,2.033916,-0.025369,-0.025155,14.936068,7454,0.001684,0.074296,41454,16894,9208,5773,3965,3025,2207,1762,14890,1,1,1,1
23.0000,4656,1,1,52159,1,100412,0.519455,1,8,9,33,74961,27.92473,0.00238,2.37864,0.00679,0,1,3,1.902892,1.348668,1.136473,-0.233278,-0.233140,14.728162,4660,0.015830,0.047103,41660,17073,9413,5810,4129,3002,2308,1765,15251,1,1,1,1
23.9000,4656,1,1,53376,0,102604,0.520219,1,115,115,115,145779,28.54850,0.00238,2.37864,0.00679,1,1,2,1.398254,1.000000,55.404404,-0.545585,-0.545513,14.415835,472,0.037841,0.004874,42484,17558,9401,6134,4254,3074,2301,1864,15533,1,1,1,1
22.3500,4657,1,1,51478,0,98643,0.521867,1,1,44,44,277232,27.47527,0.00253,2.38106,0.00724,1,0,3,1.404057,1.000000,1.146375,-0.007246,-0.007173,14.954169,7685,0.000480,0.076489,41063,16723,9194,5814,4052,2993,2152,1763,14888,1,1,1,1
22.4000,4657,1,1,51635,1,98855,0.522336,2,3,34,102,108204,27.50995,0.00253,2.38106,0.00724,0,0,3,1.378284,1.084199,1.084199,-0.024583,-0.024515,14.936659,7452,0.001641,0.074257,40993,16801,9209,5884,4073,3005,2242,1786,14861,1,1,1,1
23.0000,4657,1,1,52438,0,100695,0.520766,2,2,43,102,470259,27.92595,0.00253,2.38106,0.00724,1,1,3,1.414159,1.000000,1.273455,-0.232602,-0.232528,14.728791,4657,0.015787,0.047061,42029,17243,9232,5884,4153,2867,2238,1774,15274,1,1,1,1
23.9000,4657,1,1,53442,0,102982,0.518950,5,8,8,107,38647,28.54974,0.00253,2.38106,0.00724,1,1,2,1.141259,1.000000,1.331967,-0.544501,-0.544473,14.416562,467,0.037767,0.004821,42997,17463,9547,6005,4163,3057,2296,1897,15556,1,1,1,1
22.3500,4658,1,1,51108,0,98003,0.521500,1,2,21,176,561027,27.47619,0.00571,2.38324,0.00944,1,1,3,1.274732,1.000000,1.180160,-0.005291,-0.005239,14.955938,7686,0.000350,0.076474,40647,16584,9129,5577,4035,2888,2211,1722,15209,1,1,1,1
22.4000,4658,1,1,51660,0,98919,0.522251,1,5,118,428,25583358,27.51086,0.00571,2.38324,0.00944,1,1,2,1.302760,1.000000,2.239122,-0.022699,-0.022642,14.938558,7453,0.001516,0.074242,41224,16694,9281,5799,4080,3011,2209,1763,14857,1,1,1,1
23.0000,4658,1,1,52509,1,100552,0.522213,1,4,10,171,100578,27.92678,0.00571,2.38324,0.00944,0,0,3,2.064225,1.482265,1.482265,-0.230608,-0.230452,14.730824,4659,0.015644,0.047064,41896,17039,9315,5897,4038,3035,2290,1771,15270,1,1,1,1
23.9000,4658,1,1,53694,0,102916,0.521732,4,28,28,45,121505,28.55059,0.00571,2.38324,0.00944,1,1,2,1.123275,1.000000,3.741133,-0.542615,-0.542590,14.418417,466,0.037632,0.004809,42865,17293,9588,6113,4191,3080,2371,1809,15605,1,1,1,1
22.3500,4659,1,1,51180,0,98092,0.521760,2,2,25,126,1505682,27.48063,0.00511,2.39609,0.00738,1,1,3,1.410724,1.000000,1.238231,-0.003332,-0.003258,14.958075,7688,0.000218,0.076466,40598,16649,9091,5795,3983,2919,2249,1753,15054,1,1,1,1
22.4000,4659,1,1,51506,0,98691,0.521897,2,1,53,196,123450,27.51529,0.00511,2.39609,0.00738,1,1,3,1.221924,1.000000,1.106822,-0.020648,-0.020605,14.940859,7455,0.001379,0.074234,40955,16717,9278,5741,3947,3004,2262,1767,15019,1,1,1,1
23.0000,4659,1,1,52021,1,100119,0.519597,1,2,48,104,290055,27.93127,0.00511,2.39609,0.00738,0,1,3,1.711858,1.354668,1.354668,-0.228664,-0.228548,14.732857,4659,0.015513,0.047048,41291,17172,9415,5858,4036,2849,2295,1932,15270,1,1,1,1
23.9000,4659,1,1,53676,0,103281,0.519713,2,9,34,44,437812,28.55509,0.00511,2.39609,0.00738,1,0,2,1.194054,1.000000,2.129313,-0.540623,-0.540585,14.420838,467,0.037486,0.004818,43034,17720,9468,6152,4164,3035,2355,1862,15490,1,1,1,1
22.3500,4660,1,1,51411,1,98390,0.522528,2,5,7,21,150804,27.47916,0.00253,2.38704,0.00895,0,1,3,1.881550,1.355068,1.349760,-0.005457,-0.005321,14.956035,7689,0.000356,0.076470,40742,16695,9209,5866,4056,2887,2330,1763,14841,1,1,1,1
22.4000,4660,1,1,51454,0,98747,0.521074,2,8,14,106,321932,27.51381,0.00253,2.38704,0.00895,1,1,2,1.244943,1.000000,2.373709,-0.022852,-0.022805,14.938346,7459,0.001527,0.074271,40932,16752,9184,5885,4012,2934,2259,1746,15042,1,1,1,1
23.0000,4660,1,1,52390,0,100429,0.521667,3,7,16,90,520278,27.92970,0.00253,2.38704,0.00895,1,1,2,1.361307,1.000000,3.213457,-0.230829,-0.230763,14.730484,4660,0.015666,0.047055,41642,17172,9329,5952,4149,2886,2268,1791,15239,1,1,1,1
23.9000,4660,1,1,53077,1,102609,0.517279,1,4,46,63,116095,28.55353,0.00253,2.38704,0.00895,0,1,3,3.418139,2.525748,2.525748,-0.542720,-0.542456,14.419006,468,0.037621,0.004828,42611,17526,9401,6037,4188,3078,2335,1720,15712,1,1,1,1
22.3500,4661,1,1,51215,1,98499,0.519960,2,31,91,171,5140433,27.48154,0.00268,2.38981,0.00819,0,0,3,3.668120,3.236037,3.236037,-0.004242,-0.003963,14.957060,7688,0.000265,0.076439,40918,16649,9140,5845,4061,2925,2207,1821,14932,1,1,1,1
22.4000,4661,1,1,51612,0,98695,0.522950,9,20,176,450,1227488,27.51619,0.00268,2.38981,0.00819,1,0,2,1.140650,1.000000,3.198197,-0.021565,-0.021537,14.939899,7454,0.001442,0.074197,40910,16906,9186,5872,3916,2860,2223,1821,15000,1,1,1,1
23.0000,4661,1,1,52314,0,100412,0.520999,1,2,98,98,1005253,27.93213,0.00268,2.38981,0.00819,1,1,2,1.413812,1.000000,1.499720,-0.229455,-0.229381,14.731942,4658,0.015570,0.047020,41775,17081,9277,5861,4204,2962,2307,1754,15190,1,1,1,1
23.9000,4661,1,1,53742,0,102830,0.522635,1,10,164,164,53068,28.55583,0.00268,2.38981,0.00819,1,1,2,1.230127,1.000000,2.869925,-0.541377,-0.541333,14.419805,463,0.037541,0.004775,42520,17518,9793,6074,4255,3005,2291,1853,15520,1,1,1,1
22.3500,4662,1,1,51366,0,98122,0.523496,1,7,144,144,124095,27.47928,0.00408,2.39204,0.01082,1,1,2,1.264629,1.000000,2.523683,-0.004593,-0.004543,14.956626,7695,0.000304,0.076494,40583,16631,9107,5709,3910,2975,2296,1807,15103,1,1,1,1
22.4000,4662,1,1,51774,0,98903,0.523488,1,4,48,113,163834,27.51392,0.00408,2.39204,0.01082,1,1,3,1.178642,1.000000,1.216094,-0.021827,-0.021792,14.939293,7462,0.001459,0.074264,41087,16957,9030,5891,4048,2947,2170,1701,15071,1,1,1,1
23.0000,4662,1,1,52253,1,100519,0.519837,7,2,54,100,499884,27.92993,0.00408,2.39204,0.01082,0,0,3,1.151604,1.031910,1.031910,-0.229817,-0.229787,14.731207,4664,0.015599,0.047073,41841,17146,9288,5850,4035,3020,2232,1744,15362,1,1,1,1
23.9000,4662,1,1,53255,1,102381,0.520170,1,1,3,36,81867,28.55364,0.00408,2.39204,0.01082,0,1,3,1.538161,1.167600,1.167600,-0.541690,-0.541597,14.419791,470,0.037559,0.004846,42347,17227,9687,6093,4147,3026,2366,1811,15676,1,1,1,1
22.3500,4663,1,1,51620,0,99081,0.520993,1,6,113,155,414000,27.48194,0.00223,2.39544,0.00752,1,1,2,1.351204,1.000000,2.935638,-0.004297,-0.004232,14.957006,7694,0.000283,0.076466,41250,16899,9277,5901,4040,2958,2247,1740,14768,1,1,1,1
22.4000,4663,1,1,51459,1,98759,0.521062,1,3,30,30,397636,27.51657,0.00223,2.39544,0.00752,0,1,3,2.340217,1.890084,1.890084,-0.021566,-0.021384,14.940080,7463,0.001431,0.074254,41026,16767,9221,5846,3981,2900,2203,1801,15013,1,1,1,1
23.0000,4663,1,1,52271,1,100371,0.520783,2,3,13,109,66081,27.93249,0.00223,2.39544,0.00752,0,0,3,1.331184,1.012476,1.012476,-0.229460,-0.229399,14.731811,4664,0.015572,0.047061,41743,17069,9308,5838,4004,2967,2303,1797,15341,1,1,1,1
23.9000,4663,1,1,53712,0,102853,0.522226,18,39,42,42,226377,28.55622,0.00223,2.39544,0.00752,1,1,2,1.150775,1.000000,6.344084,-0.541522,-0.541492,14.419558,467,0.037553,0.004814,42730,17371,9715,5996,4181,3073,2249,1878,15659,1,1,1,1
22.3500,4664,1,1,51368,0,98659,0.520667,6,4,6,108,925272,27.48187,0.00410,2.39483,0.00749,1,1,3,1.169388,1.000000,1.007175,-0.003221,-0.003187,14.957887,7699,0.000213,0.076495,41059,16757,9166,5738,3929,2878,2296,1793,15042,1,1,1,1
22.4000,4664,1,1,51691,1,99051,0.521868,25,30,30,30,107450,27.51649,0.00410,2.39483,0.00749,0,1,3,18.081658,14.521909,14.521909,-0.020833,-0.020213,14.939889,7467,0.001353,0.074279,41329,16690,9179,5899,3910,2984,2224,1771,15064,1,1,1,1
23.0000,4664,1,1,52369,1,100127,0.523031,1,28,28,96,638500,27.93247,0.00410,2.39483,0.00749,0,1,3,6.795915,6.207455,6.207455,-0.228731,-0.228320,14.733128,4666,0.015497,0.047067,41400,17018,9392,5889,4015,3043,2301,1762,15306,1,1,1,1
23.9000,4664,1,1,53596,0,103068,0.520011,1,2,5,23,41560,28.55621,0.00410,2.39483,0.00749,1,0,2,1.341677,1.000000,1.393368,-0.540443,-0.540380,14.421000,470,0.037472,0.004844,42543,17978,9583,6006,4146,3082,2304,1788,15637,1,1,1,1
22.3500,4665,1,1,51528,0,98881,0.521117,1,12,37,86,79737,27.47949,0.00253,2.38889,0.00882,1,1,2,1.342421,1.000000,5.463351,-0.005338,-0.005275,14.955957,7698,0.000353,0.076478,41039,16622,9331,5913,4060,2937,2229,1765,14984,1,1,1,1
22.4000,4665,1,1,51665,1,99035,0.521690,1,3,33,45,51666,27.51426,0.00253,2.38889,0.00882,0,1,3,2.488209,1.957978,1.957978,-0.022611,-0.022416,14.938679,7462,0.001501,0.074219,41165,16864,9255,5808,4023,2962,2254,1828,14875,1,1,1,1
23.0000,4665,1,1,52025,1,100013,0.520188,1,6,88,88,92954,27.93014,0.00253,2.38889,0.00882,0,1,3,2.762150,2.304878,2.304878,-0.230573,-0.230355,14.731067,4663,0.015637,0.047033,41442,16939,9266,5896,4083,2957,2329,1802,15298,1,1,1,1
23.9000,4665,1,1,53666,0,103143,0.520312,1,7,8,13,127245,28.55390,0.00253,2.38889,0.00882,1,0,2,1.244146,1.000000,2.163567,-0.542446,-0.542399,14.419012,465,0.037617,0.004792,42779,17515,9657,6048,4192,3067,2365,1855,15664,1,1,1,1
22.3500,4666,1,1,51352,0,98663,0.520484,2,8,842,842,73385,27.47648,0.00436,2.38374,0.00752,1,1,2,1.302656,1.000000,3.308549,-0.005968,-0.005911,14.955483,7697,0.000395,0.076454,40887,16653,9457,5735,4105,2938,2206,1782,14899,1,1,1,1
22.4000,4666,1,1,51891,1,99083,0.523718,1,4,87,87,3860209,27.51110,0.00436,2.38374,0.00752,0,1,3,2.122408,1.519143,1.508860,-0.023184,-0.023023,14.938259,7464,0.001541,0.074225,41307,16810,9262,5838,3872,3002,2260,1794,14937,1,1,1,1
23.0000,4666,1,1,52537,1,100390,0.523334,1,4,58,63,308243,27.92704,0.00436,2.38374,0.00752,0,1,3,1.620217,1.150077,1.087986,-0.231120,-0.231016,14.730320,4664,0.015683,0.047036,41599,17368,9094,5977,4112,2909,2255,1809,15266,1,1,1,1
23.9000,4666,1,1,53454,0,102926,0.519349,2,4,271,271,891656,28.55082,0.00436,2.38374,0.00752,1,0,3,1.205865,1.000000,1.017557,-0.543008,-0.542968,14.418453,466,0.037658,0.004801,42673,17631,9556,6072,4213,3088,2357,1852,15483,1,1,1,1
22.3500,4667,1,1,51418,0,98811,0.520372,1,193,193,582,477909,27.48330,0.00264,2.38482,0.00857,1,1,2,1.011458,1.000000,2.250500,-0.003320,-0.003318,14.957190,7701,0.000222,0.076469,40850,16720,9254,5912,4020,2958,2277,1869,14950,1,1,1,1
22.4000,4667,1,1,51443,1,98569,0.521904,1,3,12,784,242245,27.51791,0.00264,2.38482,0.00857,0,0,3,1.534039,1.088729,1.088729,-0.020535,-0.020443,14.940856,7468,0.001368,0.074236,40880,16752,8903,5898,4072,3005,2239,1779,15040,1,1,1,1
23.0000,4667,1,1,52357,1,100544,0.520742,1,4,13,681,130875,27.93391,0.00264,2.38482,0.00857,0,1,3,3.103998,2.369558,2.369558,-0.228631,-0.228388,14.732638,4667,0.015502,0.047048,41576,17236,9421,5822,4118,3040,2268,1831,15231,1,1,1,1
23.9000,4667,1,1,53406,0,102502,0.521029,1,7,14,178,1521879,28.55770,0.00264,2.38482,0.00857,1,1,2,1.380414,1.000000,3.964753,-0.540581,-0.540512,14.420752,467,0.037482,0.004810,42203,17499,9538,6086,4218,3060,2303,1835,15759,1,1,1,1
22.3500,4668,1,1,51633,1,99047,0.521303,1,2,103,108,90755,27.48058,0.00279,2.38243,0.00852,0,0,3,1.567536,1.220405,1.220405,-0.004488,-0.004392,14.956794,7703,0.000294,0.076474,41482,16692,9077,5840,3980,2937,2256,1768,15014,1,1,1,1
22.4000,4668,1,1,51265,1,98729,0.519255,7,4,18,60,48294,27.51532,0.00279,2.38243,0.00852,0,1,3,1.530614,1.480008,1.480008,-0.021880,-0.021789,14.939671,7471,0.001458,0.074256,40884,16779,9242,5840,4000,2951,2272,1699,15061,1,1,1,1
23.0000,4668,1,1,52209,1,100198,0.521064,30,1,179,179,75997,27.93124,0.00279,2.38243,0.00852,0,1,3,1.255481,1.014503,1.014503,-0.229801,-0.229752,14.730885,4668,0.015597,0.047054,41405,17280,9219,5743,4087,3009,2250,1853,15351,1,1,1,1
23.9000,4668,1,1,53369,1,102888,0.518715,2,5,35,35,47193,28.55504,0.00279,2.38243,0.00852,0,1,3,2.565805,2.181723,2.181723,-0.541787,-0.541585,14.419423,469,0.037559,0.004830,42628,17437,9620,6119,4102,3101,2374,1916,15590,1,1,1,1
22.3500,4669,1,1,51248,0,98467,0.520464,1,3,3,148,130257,27.47715,0.00404,2.38275,0.00823,1,1,2,1.346215,1.000000,1.863629,-0.005724,-0.005660,14.955575,7703,0.000378,0.076464,40614,16785,9295,5758,4063,2913,2247,1753,15038,1,1,1,1
22.4000,4669,1,1,51657,1,99060,0.521477,1,3,459,459,102622,27.51174,0.00404,2.38275,0.00823,0,1,3,2.921954,2.212313,2.212313,-0.023037,-0.022808,14.938597,7467,0.001527,0.074206,41160,16749,9323,5853,4052,2954,2238,1746,14984,1,1,1,1
23.0000,4669,1,1,52396,0,100528,0.521213,2,2,8,23,407091,27.92772,0.00404,2.38275,0.00823,1,0,2,1.350462,1.000000,1.393263,-0.230975,-0.230911,14.730466,4665,0.015676,0.047015,41584,17276,9245,5860,4187,3077,2282,1831,15185,1,1,1,1
23.9000,4669,1,1,53568,0,102949,0.520340,1,3,109,109,105977,28.55154,0.00404,2.38275,0.00823,1,1,2,1.414161,1.000000,2.025250,-0.542925,-0.542851,14.418465,463,0.037650,0.004767,42737,17469,9620,6033,4251,3113,2302,1840,15583,1,1,1,1
22.3500,4670,1,1,51624,0,98445,0.524400,2,1,212,212,115040,27.47921,0.00237,2.38292,0.00960,1,1,3,1.413231,1.000000,1.147985,-0.005418,-0.005344,14.955982,7704,0.000357,0.076456,40904,16489,9093,5842,4107,2926,2259,1773,15051,1,1,1,1
22.4000,4670,1,1,51818,0,98987,0.523488,1,6,60,60,37326,27.51394,0.00237,2.38292,0.00960,1,0,2,1.202910,1.000000,1.627672,-0.022823,-0.022783,14.938638,7470,0.001525,0.074220,41113,16743,9431,5775,4009,2915,2215,1846,14939,1,1,1,1
23.0000,4670,1,1,52532,0,101016,0.520042,1,27,27,27,248369,27.92983,0.00237,2.38292,0.00960,1,1,2,1.050140,1.000000,1.485972,-0.230755,-0.230745,14.730711,4668,0.015664,0.047034,42042,17367,9414,5933,4162,2882,2248,1762,15205,1,1,1,1
23.9000,4670,1,1,53985,1,103068,0.523785,2,3,19,398,145543,28.55366,0.00237,2.38292,0.00960,0,1,3,1.552890,1.406714,1.406714,-0.542665,-0.542571,14.418874,465,0.037629,0.004787,42821,17461,9610,6128,4197,3061,2253,1862,15674,1,1,1,1
22.3500,4671,1,1,51181,1,98521,0.519499,1,3,8,173,79539,27.47584,0.00237,2.37479,0.01034,0,0,3,2.349913,1.743038,1.743038,-0.007099,-0.006916,14.954321,7705,0.000462,0.076458,40471,16862,9317,5772,4120,2933,2285,1847,14913,1,1,1,1
22.4000,4671,1,1,51879,1,99004,0.524014,1,4,23,337,469088,27.51057,0.00237,2.37479,0.01034,0,1,3,3.477552,2.663508,2.663508,-0.024506,-0.024239,14.937179,7470,0.001623,0.074211,40975,16907,9235,5779,4134,2916,2245,1808,15004,1,1,1,1
23.0000,4671,1,1,52550,0,100665,0.522034,6,5,65666,65666,370867,27.92651,0.00237,2.37479,0.01034,1,1,2,1.228031,1.000000,1.359873,-0.232405,-0.232361,14.728776,4667,0.015776,0.047020,41673,17245,9350,6061,4075,2930,2230,1863,15237,1,1,1,1
23.9000,4671,1,1,53377,1,102724,0.519621,1,4,25,40,172520,28.55021,0.00237,2.37479,0.01034,0,1,3,1.955121,1.470551,1.470551,-0.544264,-0.544121,14.417264,464,0.037741,0.004776,42708,17297,9482,6100,4146,3058,2382,1892,15658,1,1,1,1
22.3500,4672,1,1,51791,1,99125,0.522487,2,3,29,159,105654,27.48150,0.00622,2.38167,0.00713,0,0,3,1.727245,1.364100,1.364100,-0.002415,-0.002298,14.958873,7713,0.000154,0.076497,41294,16920,9272,5755,3922,2957,2272,1757,14975,1,1,1,1
22.4000,4672,1,1,51489,1,98982,0.520191,4,2,128,128,235496,27.51607,0.00622,2.38167,0.00713,0,1,3,1.678470,1.241654,1.241654,-0.019689,-0.019578,14.941797,7480,0.001310,0.074271,40972,16828,9314,5904,4007,2917,2189,1785,15065,1,1,1,1
23.0000,4672,1,1,52313,1,100700,0.519499,184,10,184,324,176278,27.93208,0.00622,2.38167,0.00713,0,1,3,3.604867,2.998870,2.998870,-0.227787,-0.227513,14.733909,4677,0.015441,0.047095,41848,17119,9283,5942,4169,2983,2264,1769,15322,1,1,1,1
23.9000,4672,1,1,53552,0,103063,0.519610,7,100,100,100,3004683,28.55579,0.00622,2.38167,0.00713,1,1,2,1.028457,1.000000,2.893200,-0.539640,-0.539634,14.421068,472,0.037420,0.004856,42912,17269,9678,5966,4166,3050,2461,1913,15647,1,1,1,1
22.3500,4673,1,1,51432,0,98811,0.520514,2,25,45,87,857629,27.48250,0.00267,2.38469,0.00706,1,1,2,1.134898,1.000000,3.754054,-0.003747,-0.003720,14.957308,7712,0.000249,0.076479,40832,16989,9198,5795,3971,2954,2265,1803,15003,1,1,1,1
22.4000,4673,1,1,51579,1,98999,0.521011,1,6,10,55,453781,27.51721,0.00267,2.38469,0.00706,0,1,3,1.676533,1.209324,1.202370,-0.020970,-0.020859,14.940499,7478,0.001396,0.074242,41162,16671,9130,5995,4124,2883,2194,1701,15138,1,1,1,1
23.0000,4673,1,1,52201,1,100246,0.520734,4,5,10,513,34579,27.93313,0.00267,2.38469,0.00706,0,1,3,1.677531,1.192636,1.128585,-0.228924,-0.228813,14.732527,4673,0.015531,0.047049,41510,17012,9247,5797,4156,3054,2246,1814,15409,1,1,1,1
23.9000,4673,1,1,53835,1,103319,0.521061,3,1,12,67,747481,28.55686,0.00267,2.38469,0.00706,0,1,3,1.411190,1.027248,1.027248,-0.540783,-0.540710,14.420656,468,0.037496,0.004814,42942,17464,9823,5962,4289,3148,2365,1786,15539,1,1,1,1
22.3500,4674,1,1,51520,0,99012,0.520346,103,2,103,103,118297,27.47905,0.00267,2.38167,0.00789,1,1,3,1.395794,1.000000,1.343980,-0.005310,-0.005238,14.956042,7713,0.000350,0.076479,41171,16721,9095,5996,4015,2895,2369,1816,14933,1,1,1,1
22.4000,4674,1,1,51418,0,98612,0.521423,1,31,31,31,172321,27.51375,0.00267,2.38167,0.00789,1,1,2,1.398575,1.000000,15.295967,-0.022921,-0.022850,14.938434,7479,0.001530,0.074246,40617,16861,9258,5852,3934,2992,2242,1832,15023,1,1,1,1
23.0000,4674,1,1,52198,0,100110,0.521412,26,10,26,332,12719436,27.92973,0.00267,2.38167,0.00789,1,1,2,1.125493,1.000000,1.423272,-0.230654,-0.230629,14.730384,4674,0.015657,0.047056,41320,17073,9308,5940,4034,3085,2258,1791,15300,1,1,1,1
23.9000,4674,1,1,53815,1,103088,0.522035,1,4,275,275,33604,28.55347,0.00267,2.38167,0.00789,0,1,3,1.384376,1.195730,1.195730,-0.542509,-0.542439,14.418993,469,0.037620,0.004824,42772,17639,9459,6022,4119,3076,2424,1899,15677,1,1,1,1
22.3500,4675,1,1,51437,1,98782,0.520718,2,2,152,152,80935,27.47742,0.00252,2.38104,0.00721,0,0,3,1.648396,1.290172,1.290172,-0.006294,-0.006187,14.954994,7718,0.000414,0.076518,41107,16726,9124,5844,4045,2778,2145,1796,15216,1,1,1,1
22.4000,4675,1,1,51386,0,98762,0.520307,9,8,9,13,97643,27.51211,0.00252,2.38104,0.00721,1,0,2,1.148894,1.000000,1.420156,-0.023651,-0.023622,14.937813,7481,0.001581,0.074253,41018,16755,9077,5801,4122,2838,2255,1753,15142,1,1,1,1
23.0000,4675,1,1,52350,0,100623,0.520264,1,8,47,47,427602,27.92800,0.00252,2.38104,0.00721,1,1,2,1.381394,1.000000,4.092349,-0.231709,-0.231640,14.729626,4675,0.015726,0.047058,41631,17117,9474,5969,4023,3011,2342,1778,15277,1,1,1,1
23.9000,4675,1,1,53626,0,102952,0.520889,1,2,17,28,154316,28.55176,0.00252,2.38104,0.00721,1,0,3,1.327810,1.000000,1.049969,-0.543441,-0.543381,14.418005,470,0.037688,0.004833,42849,17238,9473,6218,4168,3144,2357,1866,15638,1,1,1,1
22.3500,4676,1,1,51561,1,98821,0.521767,6,13,34,43,64064,27.47761,0.00424,2.38688,0.00706,0,1,3,5.031010,4.568728,4.568728,-0.005420,-0.005075,14.956381,7716,0.000339,0.076475,40969,16783,9246,5854,3971,2935,2204,1788,15070,1,1,1,1
22.4000,4676,1,1,51794,0,99375,0.521203,2,7,20,69,160926,27.51230,0.00424,2.38688,0.00706,1,1,2,1.358780,1.000000,3.349926,-0.022731,-0.022665,14.938708,7482,0.001517,0.074243,41379,16873,9220,5809,4013,2959,2280,1796,15045,1,1,1,1
23.0000,4676,1,1,52664,0,101015,0.521353,1,18,18,22,479784,27.92825,0.00424,2.38688,0.00706,1,1,2,1.084079,1.000000,1.696017,-0.230631,-0.230614,14.730835,4677,0.015655,0.047064,42011,17273,9369,5909,4069,3027,2308,1795,15253,1,1,1,1
23.9000,4676,1,1,53799,1,103205,0.521288,1,3,16,33,328680,28.55202,0.00424,2.38688,0.00706,0,1,3,1.179374,1.077545,1.077545,-0.542468,-0.542433,14.419014,468,0.037619,0.004811,42760,17645,9632,5948,4234,3084,2349,1851,15701,1,1,1,1
22.3500,4677,1,1,51595,1,98580,0.523387,3,3,10,50,232003,27.48035,0.00282,2.39012,0.00750,0,1,3,2.055908,1.697255,1.697255,-0.004602,-0.004448,14.956541,7714,0.000297,0.076438,40754,16766,9194,5838,4025,2924,2250,1800,15028,1,1,1,1
22.4000,4677,1,1,51795,1,99202,0.522122,9,4,47,330,33410,27.51503,0.00282,2.39012,0.00750,0,1,3,2.777883,2.065587,2.065587,-0.021964,-0.021745,14.939720,7480,0.001456,0.074202,41179,16834,9330,5836,4029,2918,2259,1804,15012,1,1,1,1
23.0000,4677,1,1,52354,0,100627,0.520283,1,92,238,238,67816,27.93104,0.00282,2.39012,0.00750,1,1,2,1.018059,1.000000,1.766517,-0.229947,-0.229943,14.730664,4673,0.015610,0.047014,41777,16913,9651,5880,3999,2989,2335,1812,15270,1,1,1,1
23.9000,4677,1,1,53712,0,102837,0.522307,1,9,9,94,109825,28.55483,0.00282,2.39012,0.00750,1,1,2,1.364447,1.000000,4.555159,-0.541946,-0.541879,14.419372,464,0.037580,0.004769,42544,17465,9659,6160,4057,3070,2332,1839,15710,1,1,1,1
22.3500,4678,1,1,51731,1,99101,0.522008,1,9,29,4911,369010,27.47429,0.00372,2.38554,0.01018,0,1,3,5.725956,4.703786,4.703786,-0.007384,-0.007011,14.954432,7719,0.000469,0.076481,41250,16766,9185,5843,4179,2924,2220,1809,14924,1,1,1,1
22.4000,4678,1,1,51745,1,99114,0.522081,7,5,144,144,233664,27.50897,0.00372,2.38554,0.01018,0,1,3,2.446981,1.916606,1.916606,-0.024624,-0.024433,14.936969,7486,0.001636,0.074260,41230,16855,9286,5744,4103,2939,2242,1707,15007,1,1,1,1
23.0000,4678,1,1,52333,1,100878,0.518780,1,8,12,100,2135453,27.92488,0.00372,2.38554,0.01018,0,1,3,5.492874,4.233113,4.233113,-0.232668,-0.232304,14.728637,4680,0.015772,0.047081,41831,17148,9582,5884,4073,3033,2299,1827,15200,1,1,1,1
23.9000,4678,1,1,54058,0,103432,0.522648,1,2,6,71,155405,28.54869,0.00372,2.38554,0.01018,1,0,3,1.325538,1.000000,1.073478,-0.544422,-0.544362,14.417024,468,0.037758,0.004810,43012,17448,9731,6108,4154,3132,2429,1877,15540,1,1,1,1
22.3500,4679,1,1,51584,0,99018,0.520961,8,5,11,105,570947,27.47995,0.00252,2.38989,0.00750,1,1,2,1.383580,1.000000,2.762056,-0.005051,-0.004981,14.956287,7719,0.000333,0.076456,41130,17051,8981,5874,4018,2898,2194,1813,15058,1,1,1,1
22.4000,4679,1,1,51664,0,98863,0.522587,1,19,77,128,166176,27.51461,0.00252,2.38989,0.00750,1,0,2,1.108928,1.000000,2.418212,-0.022367,-0.022345,14.939099,7486,0.001496,0.074233,40865,16659,9301,5802,4063,2957,2294,1819,15102,1,1,1,1
23.0000,4679,1,1,52546,0,100684,0.521895,3,1,139,139,16514,27.93059,0.00252,2.38989,0.00750,1,1,3,1.413745,1.000000,1.016060,-0.230259,-0.230185,14.731140,4677,0.015626,0.047033,41932,16759,9391,6002,4100,3074,2349,1786,15290,1,1,1,1
23.9000,4679,1,1,53496,0,102694,0.520931,1,5,35,43,1766153,28.55441,0.00252,2.38989,0.00750,1,1,3,1.190735,1.000000,1.181730,-0.542189,-0.542151,14.418949,468,0.037600,0.004808,42372,17572,9639,5946,4165,3050,2297,1851,15801,1,1,1,1
22.3500,4680,1,1,51688,0,99042,0.521885,2,3,12,21,138467,27.47778,0.00267,2.38936,0.00705,1,1,2,1.408621,1.000000,1.952558,-0.006120,-0.006047,14.955290,7722,0.000404,0.076474,41073,16704,9331,5815,4041,3023,2311,1863,14880,1,1,1,1
22.4000,4680,1,1,51796,0,99182,0.522237,1,5,39,49,456049,27.51244,0.00267,2.38936,0.00705,1,1,2,1.361947,1.000000,2.507937,-0.023476,-0.023410,14.937839,7490,0.001567,0.074263,41210,16832,9229,5929,4070,2930,2254,1783,14944,1,1,1,1
23.0000,4680,1,1,52701,1,100886,0.522387,2,2,50,50,112435,27.92833,0.00267,2.38936,0.00705,0,1,3,1.139792,1.103721,1.103721,-0.231322,-0.231294,14.730170,4686,0.015702,0.047117,41643,17473,9309,5985,4009,3002,2426,1834,15204,1,1,1,1
23.9000,4680,1,1,53593,1,103177,0.519433,1,4,47,47,289776,28.55216,0.00267,2.38936,0.00705,0,0,3,2.876026,2.226051,2.226051,-0.543322,-0.543097,14.418097,468,0.037668,0.004807,42768,17519,9587,6074,4201,3003,2398,1820,15806,1,1,1,1
22.3500,4681,1,1,51475,1,99079,0.519540,3,9,39,43,1181311,27.47704,0.00368,2.38460,0.00854,0,1,3,3.174708,2.420796,2.420796,-0.005953,-0.005706,14.955685,7721,0.000382,0.076446,41099,16811,9266,5803,4025,2969,2300,1812,14993,1,1,1,1
22.4000,4681,1,1,51370,0,98877,0.519540,4,9,9,12,169022,27.51169,0.00368,2.38460,0.00854,1,1,2,1.187198,1.000000,2.082031,-0.023262,-0.023225,14.937871,7487,0.001555,0.074217,40923,16781,9251,5641,4101,3006,2346,1725,15102,1,1,1,1
23.0000,4681,1,1,52618,0,100759,0.522222,1,2,10,343,173471,27.92763,0.00368,2.38460,0.00854,1,1,2,1.377238,1.000000,1.583084,-0.231202,-0.231134,14.730128,4677,0.015691,0.047016,41862,17115,9229,5835,4223,3103,2264,1837,15290,1,1,1,1
23.9000,4681,1,1,53813,1,103205,0.521424,1,6,15,488,45075,28.55133,0.00368,2.38460,0.00854,0,1,3,3.364402,2.739678,2.739678,-0.543115,-0.542855,14.418277,466,0.037651,0.004786,42748,17501,9786,6037,4273,3069,2369,1834,15587,1,1,1,1
22.3500,4682,1,1,51653,1,99135,0.521042,1,6,6,126,92153,27.47921,0.00368,2.38634,0.00812,0,0,3,2.893317,2.434621,2.434621,-0.004813,-0.004586,14.956512,7724,0.000307,0.076455,41179,16768,9236,5891,3994,2923,2284,1839,15020,1,1,1,1
22.4000,4682,1,1,51515,1,98688,0.522004,2,6,52,62,590584,27.51386,0.00368,2.38634,0.00812,0,1,3,4.625934,3.498464,3.498464,-0.022173,-0.021846,14.939602,7489,0.001462,0.074213,40483,16879,9216,5854,4021,3036,2283,1788,15127,1,1,1,1
23.0000,4682,1,1,52585,1,100881,0.521263,1,65,65,74,124407,27.92986,0.00368,2.38634,0.00812,0,1,3,1.840458,1.336855,1.191274,-0.230058,-0.229928,14.731334,4678,0.015608,0.047012,41776,17449,9166,5960,4175,2932,2238,1817,15367,1,1,1,1
23.9000,4682,1,1,53574,0,103027,0.520005,1,3,10,15,299328,28.55358,0.00368,2.38634,0.00812,1,1,2,1.414112,1.000000,2.329041,-0.541989,-0.541915,14.419407,468,0.037582,0.004805,42680,17453,9687,6080,4045,3145,2343,1846,15747,1,1,1,1
22.3500,4683,1,1,51515,1,98859,0.521101,3,12,12,15,117597,27.47715,0.00324,2.38470,0.01254,0,0,3,2.603923,2.312942,2.312942,-0.006160,-0.005956,14.955059,7727,0.000398,0.076476,41066,16938,9214,5674,3950,2834,2221,1702,15259,1,1,1,1
22.4000,4683,1,1,51824,0,99470,0.521007,1,624,624,624,101199,27.51178,0.00324,2.38470,0.01254,1,1,2,1.051286,1.000000,32.892430,-0.023761,-0.023751,14.937706,7493,0.001590,0.074246,41208,17159,9282,5729,4140,3035,2265,1735,14916,1,1,1,1
23.0000,4683,1,1,52630,0,100680,0.522751,1,3,12,63,212147,27.92770,0.00324,2.38470,0.01254,1,1,2,1.403807,1.000000,1.872066,-0.231414,-0.231341,14.730002,4683,0.015705,0.047057,41857,17009,9374,5900,3965,2997,2316,1817,15444,1,1,1,1
23.9000,4683,1,1,53816,0,103289,0.521029,11,3,160,294,1361029,28.55143,0.00324,2.38470,0.01254,1,1,2,1.408390,1.000000,1.642375,-0.543264,-0.543191,14.418108,471,0.037674,0.004835,42709,17810,9411,6138,4120,3116,2387,1827,15770,1,1,1,1
22.3500,4684,1,1,51607,1,99394,0.519222,1,7,53,57,349231,27.48411,0.00252,2.38873,0.00806,0,1,3,1.932816,1.381192,1.260795,-0.002921,-0.002780,14.958506,7729,0.000186,0.076462,41270,17109,9260,5765,4028,2938,2255,1749,15019,1,1,1,1
22.4000,4684,1,1,51763,1,99023,0.522742,1,16,16,22,172372,27.51874,0.00252,2.38873,0.00806,0,1,3,6.582048,5.742064,5.742064,-0.020400,-0.019998,14.941444,7496,0.001338,0.074241,41106,16818,9249,5815,4041,2931,2217,1752,15093,1,1,1,1
23.0000,4684,1,1,52471,1,100678,0.521182,21,16,21,78,153430,27.93471,0.00252,2.38873,0.00806,0,0,3,2.208453,2.163582,2.163582,-0.228284,-0.228115,14.732523,4684,0.015484,0.047049,41775,17123,9209,5854,4094,2995,2349,1867,15411,1,1,1,1
23.9000,4684,1,1,53677,1,103349,0.519381,1,1,6,89,510301,28.55846,0.00252,2.38873,0.00806,0,1,3,1.493751,1.103912,1.103912,-0.540084,-0.539998,14.421378,469,0.037444,0.004813,42869,17569,9595,6073,4315,3067,2422,1903,15535,1,1,1,1
22.3500,4685,1,1,51566,0,98757,0.522156,3,18,512,512,110289,27.48269,0.00404,2.39863,0.00971,1,1,2,1.174205,1.000000,3.490754,-0.002926,-0.002892,14.958190,7727,0.000193,0.076427,40953,16734,9159,5809,4089,2838,2184,1805,15185,1,1,1,1
22.4000,4685,1,1,51922,0,99287,0.522954,2,79,79,79,867769,27.51746,0.00404,2.39863,0.00971,1,0,2,1.071772,1.000000,5.970794,-0.020368,-0.020354,14.941098,7492,0.001362,0.074188,41235,16933,9248,5880,3940,2960,2136,1746,15208,1,1,1,1
23.0000,4685,1,1,52795,1,101084,0.522294,8,3,336,336,41162,27.93335,0.00404,2.39863,0.00971,0,1,3,1.176924,1.174172,1.174172,-0.228131,-0.228096,14.733371,4681,0.015482,0.047006,42127,17102,9353,5884,4102,3026,2351,1921,15217,1,1,1,1
23.9000,4685,1,1,54029,1,103721,0.520912,20,3,134,134,207903,28.55710,0.00404,2.39863,0.00971,0,1,3,1.908280,1.367955,1.367955,-0.540031,-0.539893,14.421459,465,0.037437,0.004770,43100,17700,9691,6156,4215,3118,2349,1798,15593,1,1,1,1
22.3500,4686,1,1,51671,1,98968,0.522103,1,2102,2102,2215,193566,27.48514,0.00372,2.39648,0.00950,0,1,3,1.131498,1.115252,1.115252,-0.001839,-0.001813,14.959651,7730,0.000121,0.076433,41196,16709,9179,5768,4049,2912,2255,1747,15152,1,1,1,1
22.4000,4686,1,1,51575,1,99366,0.519046,3,5,12,42,52661,27.51975,0.00372,2.39648,0.00950,0,1,3,2.548909,2.193155,2.193155,-0.019217,-0.019017,14.941975,7500,0.001273,0.074247,41254,17041,9354,5798,3897,2881,2293,1715,15132,1,1,1,1
23.0000,4686,1,1,52492,0,100895,0.520269,1,89,89,89,530161,27.93570,0.00372,2.39648,0.00950,1,1,2,1.109232,1.000000,10.389496,-0.227358,-0.227335,14.733650,4686,0.015430,0.047045,41750,17212,9476,5979,4077,3027,2274,1747,15352,1,1,1,1
23.9000,4686,1,1,53937,1,103749,0.519885,1,9,55,55,677045,28.55947,0.00372,2.39648,0.00950,0,0,3,2.649111,2.180006,2.180006,-0.539078,-0.538870,14.422257,467,0.037364,0.004790,43343,17751,9500,5987,4102,3125,2267,1891,15782,1,1,1,1
22.3500,4687,1,1,51954,0,98862,0.525526,1,6,32,32,70766,27.48173,0.00485,2.39710,0.00916,1,1,2,1.215355,1.000000,1.625005,-0.002964,-0.002922,14.958204,7732,0.000195,0.076444,40875,16811,9261,5809,4023,2893,2223,1835,15131,1,1,1,1
22.4000,4687,1,1,51663,1,98940,0.522170,1,148,148,451,565966,27.51633,0.00485,2.39710,0.00916,0,0,3,9.304973,8.488540,8.488540,-0.020446,-0.019970,14.940989,7497,0.001337,0.074206,40847,16878,9161,5959,4048,3010,2224,1687,15125,1,1,1,1
23.0000,4687,1,1,52823,1,101336,0.521271,80,21,80,80,163185,27.93234,0.00485,2.39710,0.00916,0,0,3,2.294283,2.281918,2.281918,-0.228309,-0.228132,14.732222,4683,0.015485,0.047010,42145,17313,9419,6014,4145,2996,2287,1779,15237,1,1,1,1
23.9000,4687,1,1,53841,1,103601,0.519701,8,10,10,22,938860,28.55613,0.00485,2.39710,0.00916,0,1,3,3.854499,3.555422,3.555422,-0.540250,-0.539963,14.420755,469,0.037443,0.004810,43209,17514,9487,6110,4270,3064,2386,1939,15621,1,1,1,1
22.3500,4688,1,1,51933,1,99453,0.522192,77,4,77,416,138336,27.48460,0.00378,2.40147,0.00912,0,1,3,1.603617,1.152949,1.152949,-0.001970,-0.001869,14.959486,7736,0.000125,0.076461,41211,17000,9366,5978,3960,2955,2321,1777,14884,1,1,1,1
22.4000,4688,1,1,51861,1,98972,0.524002,2,19,71,71,40860,27.51935,0.00378,2.40147,0.00912,0,0,3,1.883062,1.581053,1.581053,-0.019383,-0.019248,14.941853,7503,0.001288,0.074245,40882,16873,9172,5920,4021,2972,2186,1843,15102,1,1,1,1
23.0000,4688,1,1,53070,0,101362,0.523574,6,2,6,425,76403,27.93526,0.00378,2.40147,0.00912,1,0,3,1.336165,1.000000,1.014633,-0.227290,-0.227229,14.734154,4688,0.015422,0.047044,42354,17206,9351,5932,4085,3029,2247,1816,15341,1,1,1,1
23.9000,4688,1,1,53805,1,103199,0.521376,1,4,9,18,255241,28.55907,0.00378,2.40147,0.00912,0,1,3,1.447405,1.323010,1.323010,-0.539224,-0.539145,14.422303,469,0.037383,0.004808,42769,17613,9467,6061,4112,3016,2469,1946,15745,1,1,1,1
22.3500,4689,1,1,51623,1,99187,0.520467,1,3,31,31,67730,27.48429,0.00281,2.39794,0.00794,0,1,3,1.202929,1.032298,1.032298,-0.002702,-0.002663,14.958768,7733,0.000178,0.076418,41121,16718,9390,5955,4015,2934,2261,1803,14989,1,1,1,1
22.4000,4689,1,1,51618,0,99090,0.520926,14,8,30,66,151070,27.51888,0.00281,2.39794,0.00794,1,1,2,1.412772,1.000000,4.487224,-0.020155,-0.020081,14.941229,7499,0.001344,0.074193,41169,16699,9112,5839,4096,2997,2230,1793,15154,1,1,1,1
23.0000,4689,1,1,52437,1,100959,0.519394,1,147,164,1242,59411,27.93486,0.00281,2.39794,0.00794,0,1,3,7.673281,6.759080,6.732185,-0.228187,-0.227752,14.733278,4685,0.015458,0.047006,41913,17302,9435,5985,3997,2958,2278,1778,15312,1,1,1,1
23.9000,4689,1,1,53630,0,102741,0.521997,3,4,5,358,242250,28.55868,0.00281,2.39794,0.00794,1,1,2,1.413370,1.000000,2.233986,-0.539977,-0.539904,14.421423,470,0.037438,0.004818,42330,17365,9750,6094,4155,3072,2288,1857,15829,1,1,1,1
22.3500,4690,1,1,52015,1,99536,0.522580,1,8,8,49,289288,27.48066,0.00281,2.39900,0.00895,0,1,3,4.336481,3.717269,3.717269,-0.004601,-0.004289,14.957167,7735,0.000287,0.076430,41522,16934,9195,5822,4174,2960,2279,1714,14935,1,1,1,1
22.4000,4690,1,1,51444,0,99117,0.519028,1,8,8,19,284778,27.51539,0.00281,2.39900,0.00895,1,1,2,1.223520,1.000000,2.340717,-0.021918,-0.021875,14.939260,7501,0.001464,0.074207,41230,16567,9368,5842,3973,2989,2236,1762,15149,1,1,1,1
23.0000,4690,1,1,52897,1,101188,0.522765,1,8,32,61,267009,27.93128,0.00281,2.39900,0.00895,0,1,3,5.233522,4.220627,4.220627,-0.229925,-0.229572,14.731862,4686,0.015583,0.047011,42149,17230,9352,5856,4165,3004,2347,1818,15266,1,1,1,1
23.9000,4690,1,1,53784,0,103240,0.520966,8,4,15,17,105305,28.55511,0.00281,2.39900,0.00895,1,1,2,1.334537,1.000000,1.756707,-0.541745,-0.541683,14.419545,467,0.037566,0.004786,42989,17394,9556,6099,4167,2998,2241,1849,15946,1,1,1,1
22.3500,4691,1,1,51740,0,99250,0.521315,1,4,6,277,190427,27.47766,0.00266,2.39603,0.00950,1,1,3,1.198401,1.000000,1.218871,-0.006002,-0.005963,14.955147,7739,0.000399,0.076464,41044,16954,9367,5878,4109,2891,2218,1779,15009,1,1,1,1
22.4000,4691,1,1,51888,0,99269,0.522706,1,3,4,146,350777,27.51238,0.00266,2.39603,0.00950,1,0,2,1.362402,1.000000,1.766737,-0.023406,-0.023340,14.938032,7502,0.001562,0.074207,41421,16735,9234,5727,3970,2910,2259,1893,15119,1,1,1,1
23.0000,4691,1,1,52922,0,101312,0.522372,1,1,16,151,57222,27.92833,0.00266,2.39603,0.00950,1,0,3,1.411891,1.000000,1.212427,-0.231337,-0.231264,14.730043,4687,0.015700,0.047017,42111,17128,9491,5994,4162,3032,2300,1801,15292,1,1,1,1
23.9000,4691,1,1,53355,1,103178,0.517121,23,4,293,293,626986,28.55203,0.00266,2.39603,0.00950,0,0,3,1.308603,1.268918,1.268918,-0.543193,-0.543136,14.417590,466,0.037672,0.004776,42575,17557,9639,6022,4156,3151,2395,1883,15799,1,1,1,1
22.3500,4692,1,1,51913,1,99248,0.523069,11,8,27,42,260152,27.47998,0.00368,2.39562,0.00806,0,1,3,1.624041,1.151957,1.014971,-0.004407,-0.004303,14.957033,7740,0.000288,0.076447,41258,16826,9328,5651,4125,2956,2303,1739,15061,1,1,1,1
22.4000,4692,1,1,51826,0,99168,0.522613,1,7,9,42,541044,27.51455,0.00368,2.39562,0.00806,1,1,2,1.319290,1.000000,3.203670,-0.021820,-0.021761,14.939629,7504,0.001457,0.074203,41045,16900,9142,5932,4074,2934,2275,1783,15082,1,1,1,1
23.0000,4692,1,1,52742,0,101173,0.521310,1,1597,1597,1597,639665,27.93056,0.00368,2.39562,0.00806,1,1,2,1.001376,1.000000,2.201959,-0.229784,-0.229783,14.731684,4688,0.015598,0.047011,41890,17337,9453,6016,4143,3026,2337,1877,15093,1,1,1,1
23.9000,4692,1,1,53858,0,103578,0.519980,1,2,31,32,72465,28.55427,0.00368,2.39562,0.00806,1,0,3,1.346995,1.000000,1.117254,-0.541568,-0.541505,14.419874,466,0.037553,0.004774,43075,17470,9619,6094,4270,3135,2347,1901,15666,1,1,1,1
22.3500,4693,1,1,51554,0,98938,0.521079,4,49,49,699,73529,27.47783,0.00295,2.39895,0.00832,1,1,2,1.279935,1.000000,15.733735,-0.006089,-0.006037,14.955366,7736,0.000404,0.076400,41178,16755,9062,5803,3916,2956,2275,1802,15190,1,1,1,1
22.4000,4693,1,1,52051,1,99761,0.521762,3,2,22,88,323211,27.51254,0.00295,2.39895,0.00832,0,1,3,1.649468,1.260690,1.260690,-0.023174,-0.023067,14.938326,7505,0.001544,0.074203,41203,17140,9338,5982,4086,3052,2268,1809,14882,1,1,1,1
23.0000,4693,1,1,52961,1,101117,0.523765,2,6,18,126,60338,27.92846,0.00295,2.39895,0.00832,0,1,3,4.660213,3.590910,3.590910,-0.231244,-0.230917,14.729947,4685,0.015677,0.046977,41948,17123,9490,5998,4216,3005,2292,1773,15271,1,1,1,1
23.9000,4693,1,1,54158,0,103796,0.521779,138,5,138,1012,293836,28.55219,0.00295,2.39895,0.00832,1,1,2,1.216698,1.000000,1.456269,-0.543009,-0.542967,14.418162,462,0.037659,0.004733,43217,17646,9684,6068,4268,3119,2420,1852,15521,1,1,1,1
22.3500,4694,1,1,51741,1,99182,0.521683,2,7,16,23,150273,27.48003,0.00289,2.39866,0.00795,0,0,3,2.028165,1.633759,1.633759,-0.004728,-0.004578,14.956574,7750,0.000306,0.076516,41104,16672,9312,5818,4076,2979,2326,1836,15058,1,1,1,1
22.4000,4694,1,1,51974,0,99230,0.523778,11,2,24,511,252799,27.51474,0.00289,2.39866,0.00795,1,1,3,1.216217,1.000000,1.180720,-0.022035,-0.021993,14.939468,7516,0.001472,0.074291,41101,16632,9394,5936,4008,2968,2344,1856,14990,1,1,1,1
23.0000,4694,1,1,52858,0,101234,0.522142,2,942,942,942,950031,27.93071,0.00289,2.39866,0.00795,1,0,2,1.010837,1.000000,10.282791,-0.230264,-0.230262,14.731204,4698,0.015631,0.047093,42025,17302,9486,5879,4039,3070,2319,1851,15262,1,1,1,1
23.9000,4694,1,1,53997,1,103674,0.520840,13,25,25,73,1003640,28.55446,0.00289,2.39866,0.00795,0,0,3,1.540543,1.470488,1.470488,-0.541929,-0.541837,14.418978,474,0.037578,0.004854,43019,17705,9766,6193,4098,3103,2241,1840,15708,1,1,1,1
22.3500,4695,1,1,51581,1,98869,0.521716,1,4,25,156,245686,27.47778,0.00207,2.39290,0.00856,0,1,3,1.808908,1.508233,1.508233,-0.006351,-0.006225,14.955198,7755,0.000416,0.076556,40960,16554,9276,5741,4060,2959,2319,1827,15172,1,1,1,1
22.4000,4695,1,1,52028,0,99396,0.523447,1,36,36,447,505813,27.51248,0.00207,2.39290,0.00856,1,1,2,1.032866,1.000000,1.317796,-0.023678,-0.023671,14.937789,7514,0.001585,0.074263,41300,16783,9208,5758,4164,2930,2288,1729,15235,1,1,1,1
23.0000,4695,1,1,52902,0,101031,0.523627,1,15,15,24,300432,27.92837,0.00207,2.39290,0.00856,1,1,2,1.168017,1.000000,2.896936,-0.231711,-0.231678,14.729397,4697,0.015729,0.047079,41874,17152,9428,5992,4187,2917,2301,1767,15412,1,1,1,1
23.9000,4695,1,1,53846,0,103578,0.519864,2,5,10,230,111589,28.55213,0.00207,2.39290,0.00856,1,0,2,1.194121,1.000000,1.342765,-0.543510,-0.543472,14.417953,476,0.037694,0.004874,42989,17562,9650,6186,4226,3065,2458,1847,15594,1,1,1,1
22.3500,4696,1,1,51977,1,99474,0.522524,1,16,23,26,45917,27.47425,0.00221,2.39037,0.00934,0,1,3,5.322513,4.494113,4.494113,-0.008108,-0.007752,14.953676,7754,0.000518,0.076538,41271,17034,9291,5810,4042,2956,2283,1812,14974,1,1,1,1
22.4000,4696,1,1,52008,0,99762,0.521326,1,5,62,64,483705,27.50894,0.00221,2.39037,0.00934,1,1,3,1.162627,1.000000,1.025993,-0.025294,-0.025262,14.935807,7518,0.001691,0.074297,41703,16785,9312,5928,3996,2967,2249,1782,15039,1,1,1,1
23.0000,4696,1,1,52866,0,101677,0.519946,1,5,6,73,428409,27.92489,0.00221,2.39037,0.00934,1,1,3,1.168758,1.000000,1.125403,-0.233277,-0.233244,14.727833,4700,0.015837,0.047104,42391,17366,9514,5919,4093,3095,2305,1846,15147,1,1,1,1
23.9000,4696,1,1,53940,0,103351,0.521916,52,2,52,52,241580,28.54866,0.00221,2.39037,0.00934,1,1,3,1.379200,1.000000,1.062087,-0.545146,-0.545077,14.416188,475,0.037810,0.004863,42956,17454,9694,6104,4067,3099,2387,1798,15791,1,1,1,1
22.3500,4697,1,1,51970,0,99532,0.522149,1,13,99,99,80126,27.47401,0.00582,2.39039,0.00773,1,1,2,1.410673,1.000000,6.918259,-0.006418,-0.006345,14.954960,7752,0.000424,0.076495,41603,16861,9241,5694,3995,2970,2220,1804,15143,1,1,1,1
22.4000,4697,1,1,52266,0,100021,0.522555,2,7,29,39,72083,27.50869,0.00582,2.39039,0.00773,1,1,2,1.365909,1.000000,3.278111,-0.023678,-0.023611,14.937760,7517,0.001581,0.074262,41669,17183,9115,5880,4048,3008,2239,1792,15086,1,1,1,1
23.0000,4697,1,1,52657,1,101024,0.521238,1,1,8,89,110347,27.92470,0.00582,2.39039,0.00773,0,0,3,1.621291,1.146822,1.146822,-0.231566,-0.231463,14.729851,4697,0.015714,0.047057,41934,17194,9422,5908,4154,2951,2255,1859,15346,1,1,1,1
23.9000,4697,1,1,54129,1,103797,0.521494,4,5,9,11171,45773,28.54849,0.00582,2.39039,0.00773,0,1,3,3.555427,2.735837,2.735837,-0.543557,-0.543287,14.418164,470,0.037681,0.004811,42998,17779,9665,6089,4268,3093,2378,1813,15713,1,1,1,1
22.3500,4698,1,1,52008,0,99324,0.523625,1,18,72,86,385465,27.47763,0.00236,2.38925,0.00948,1,1,2,1.114695,1.000000,2.328762,-0.006319,-0.006296,14.955147,7752,0.000421,0.076478,41254,16887,9237,5809,4054,2925,2317,1800,15040,1,1,1,1
22.4000,4698,1,1,51661,1,99361,0.519938,1,9,391,391,123488,27.51230,0.00236,2.38925,0.00948,0,1,3,6.469847,4.977315,4.977315,-0.023737,-0.023339,14.938117,7517,0.001562,0.074244,41208,16895,9330,5849,3922,2940,2270,1773,15173,1,1,1,1
23.0000,4698,1,1,52928,0,101376,0.522101,1,1,16,84,194935,27.92822,0.00236,2.38925,0.00948,1,0,3,1.414127,1.000000,1.202020,-0.231541,-0.231467,14.729856,4698,0.015714,0.047057,42282,17160,9592,5869,4106,2982,2337,1745,15302,1,1,1,1
23.9000,4698,1,1,53868,0,103458,0.520680,3,4,28,148,103253,28.55202,0.00236,2.38925,0.00948,1,1,2,1.392649,1.000000,2.335413,-0.543517,-0.543446,14.417832,471,0.037693,0.004820,42834,17484,9735,6140,4085,3108,2388,1837,15846,1,1,1,1
22.3500,4699,1,1,51756,0,99387,0.520757,1,120,120,205,164555,27.47634,0.00207,2.38567,0.00845,1,1,2,1.182151,1.000000,23.985897,-0.007309,-0.007273,14.954155,7756,0.000486,0.076506,41155,16893,9256,5874,4047,2956,2278,1835,15092,1,1,1,1
22.4000,4699,1,1,52054,0,99815,0.521510,1,1,18,91,103376,27.51101,0.00207,2.38567,0.00845,1,1,3,1.386170,1.000000,1.145523,-0.024314,-0.024245,14.937028,7521,0.001623,0.074273,41547,17217,9172,5786,4026,3017,2234,1726,15089,1,1,1,1
23.0000,4699,1,1,52497,1,101024,0.519654,3,2,6,217,1960174,27.92698,0.00207,2.38567,0.00845,0,1,3,1.798743,1.285668,1.285668,-0.232318,-0.232193,14.728800,4704,0.015765,0.047111,42039,17192,9277,5906,4126,2972,2256,1754,15501,1,1,1,1
23.9000,4699,1,1,54083,1,103705,0.521513,20,3,20,68,3893144,28.55080,0.00207,2.38567,0.00845,0,1,3,2.122604,1.608365,1.608365,-0.544250,-0.544090,14.417363,472,0.037739,0.004829,43103,17575,9597,6240,4247,3048,2347,1862,15685,1,1,1,1
22.3500,4700,1,1,51463,1,99134,0.519131,18,6,19,165,195350,27.47544,0.00221,2.39008,0.00676,0,0,3,1.837656,1.786059,1.786059,-0.007503,-0.007374,14.953337,7757,0.000493,0.076504,41025,16744,9345,5800,4020,2962,2258,1808,15171,1,1,1,1
22.4000,4700,1,1,51721,1,99329,0.520709,6,6,92,187,351642,27.51009,0.00221,2.39008,0.00676,0,1,3,4.309389,3.340443,3.340443,-0.024901,-0.024591,14.936843,7522,0.001646,0.074268,41133,16948,9423,5854,3990,2925,2229,1731,15095,1,1,1,1
23.0000,4700,1,1,53073,1,101468,0.523057,3,6,100,100,36267,27.92598,0.00221,2.39008,0.00676,0,0,3,1.796063,1.570159,1.570159,-0.232765,-0.232641,14.728404,4702,0.015795,0.047082,42098,17300,9508,6037,4034,3029,2356,1796,15309,1,1,1,1
23.9000,4700,1,1,54161,1,103831,0.521632,1,1,18,35,64313,28.54982,0.00221,2.39008,0.00676,0,1,3,1.367793,1.132490,1.132490,-0.544639,-0.544573,14.416849,472,0.037773,0.004828,43237,17677,9614,6026,4196,3036,2481,1856,15707,1,1,1,1
22.3500,4701,1,1,51708,0,99274,0.520867,1,1,4,91,54011275,27.47533,0.00236,2.38983,0.00848,1,0,3,1.414089,1.000000,1.271518,-0.007397,-0.007323,14.954000,7756,0.000490,0.076474,41036,16989,9154,5869,4120,2974,2243,1754,15134,1,1,1,1
22.4000,4701,1,1,51895,1,99301,0.522608,9,3,75,75,43988,27.50998,0.00236,2.38983,0.00848,0,0,3,1.128192,1.037046,1.037046,-0.024702,-0.024677,14.936266,7520,0.001652,0.074235,41281,16706,9157,5866,4144,2893,2303,1825,15125,1,1,1,1
23.0000,4701,1,1,52622,0,101151,0.520237,2,2,2,161,137124,27.92592,0.00236,2.38983,0.00848,1,1,3,1.286412,1.000000,1.017405,-0.232673,-0.232619,14.728572,4699,0.015794,0.047041,42024,17301,9437,6024,3942,2971,2288,1789,15374,1,1,1,1
23.9000,4701,1,1,53963,1,103626,0.520753,2,2,8,24,43002,28.54962,0.00236,2.38983,0.00848,0,1,3,1.439546,1.071210,1.071210,-0.544531,-0.544454,14.416927,469,0.037765,0.004797,42800,17718,9654,6207,4262,3009,2441,1881,15653,1,1,1,1
22.3500,4702,1,1,51922,0,99574,0.521447,1,102,102,284,254043,27.47724,0.00322,2.39328,0.00746,1,1,2,1.144287,1.000000,15.963615,-0.006232,-0.006204,14.954841,7760,0.000415,0.076493,41364,16997,9177,5764,4060,2986,2253,1779,15193,1,1,1,1
22.4000,4702,1,1,51733,1,99223,0.521386,3,7,60,129,80889,27.51188,0.00322,2.39328,0.00746,0,1,3,4.629369,3.712977,3.712977,-0.023398,-0.023072,14.938364,7524,0.001544,0.074249,41077,16873,9163,5897,4036,2928,2260,1759,15229,1,1,1,1
23.0000,4702,1,1,52654,0,101000,0.521332,1,8,18,877,78906,27.92789,0.00322,2.39328,0.00746,1,1,2,1.306299,1.000000,3.172797,-0.231385,-0.231328,14.729878,4703,0.015705,0.047067,41948,16843,9589,5968,4118,3005,2275,1851,15402,1,1,1,1
23.9000,4702,1,1,54227,1,103713,0.522861,1,12,45,80,40429,28.55160,0.00322,2.39328,0.00746,0,0,3,2.039993,1.617976,1.617976,-0.543169,-0.543017,14.418153,471,0.037662,0.004816,43052,17720,9694,6050,4211,3024,2388,1818,15755,1,1,1,1
22.3500,4703,1,1,51750,0,99022,0.522616,1,3,17,78,63904,27.47529,0.00221,2.38753,0.00797,1,1,2,1.410166,1.000000,2.016635,-0.007588,-0.007515,14.953821,7758,0.000503,0.076462,40830,16855,9214,5760,4021,3036,2294,1842,15169,1,1,1,1
22.4000,4703,1,1,52432,0,99933,0.524677,1,1160,1160,1160,32284746,27.50992,0.00221,2.38753,0.00797,1,1,2,1.002728,1.000000,3.174972,-0.024954,-0.024954,14.935259,7525,0.001671,0.074258,41599,17066,9271,5868,4010,2934,2268,1786,15130,1,1,1,1
23.0000,4703,1,1,52632,0,101075,0.520727,1,4,14,404,437713,27.92584,0.00221,2.38753,0.00797,1,0,3,1.156768,1.000000,1.014735,-0.232782,-0.232752,14.728682,4701,0.015803,0.047041,41831,17302,9416,5874,4177,3011,2298,1823,15342,1,1,1,1
23.9000,4703,1,1,53933,1,103472,0.521238,8,4,8,17,147656,28.54957,0.00221,2.38753,0.00797,0,1,3,1.466464,1.294474,1.294474,-0.544681,-0.544599,14.416840,470,0.037775,0.004805,42917,17435,9731,6042,4177,3157,2328,1861,15823,1,1,1,1
22.3500,4704,1,1,51780,0,99188,0.522044,2,5,10,6363,137233,27.46823,0.00963,2.38938,0.00935,1,1,2,1.398578,1.000000,2.879009,-0.007389,-0.007317,14.954033,7768,0.000489,0.076544,40939,16892,9268,5863,4087,2962,2266,1730,15180,1,1,1,1
22.4000,4704,1,1,52009,1,99564,0.522373,24,55,96,96,448418,27.50286,0.00963,2.38938,0.00935,0,1,3,3.550123,3.109242,3.109242,-0.024711,-0.024441,14.936996,7532,0.001636,0.074303,41312,16950,9193,5945,4047,2935,2244,1793,15144,1,1,1,1
23.0000,4704,1,1,52853,1,101500,0.520724,1,4,19,283,488346,27.91884,0.00963,2.38938,0.00935,0,1,3,1.990404,1.536028,1.536028,-0.232624,-0.232478,14.728920,4708,0.015784,0.047100,42233,17220,9460,6077,4060,2971,2251,1909,15318,1,1,1,1
23.9000,4704,1,1,53837,1,103387,0.520738,1,1,17,40,1024834,28.54258,0.00963,2.38938,0.00935,0,0,3,1.291641,1.041239,1.041239,-0.544448,-0.544394,14.417051,477,0.037760,0.004875,42705,17533,9614,6095,4261,3211,2339,1817,15811,1,1,1,1
22.3500,4705,1,1,51634,0,99082,0.521129,3,63,63,63,2097424,27.47694,0.00313,2.38966,0.00890,1,1,2,1.219110,1.000000,15.557383,-0.006413,-0.006371,14.954762,7764,0.000426,0.076484,41188,16571,9236,5791,4040,3084,2274,1716,15181,1,1,1,1
22.4000,4705,1,1,52006,0,99676,0.521756,6,2,15,103,162641,27.51171,0.00313,2.38966,0.00890,1,1,3,1.349906,1.000000,1.011439,-0.023499,-0.023436,14.937805,7528,0.001569,0.074244,41456,17031,9262,5879,3942,2902,2198,1815,15190,1,1,1,1
23.0000,4705,1,1,52624,0,101056,0.520746,1,12,12,12,33983,27.92760,0.00313,2.38966,0.00890,1,1,2,1.349500,1.000000,5.420219,-0.231629,-0.231565,14.729814,4705,0.015721,0.047057,41778,17190,9470,5888,4129,3065,2322,1827,15386,1,1,1,1
23.9000,4705,1,1,54239,1,104009,0.521489,6,1,25,25,230219,28.55136,0.00313,2.38966,0.00890,0,1,3,1.452984,1.027869,1.027869,-0.543331,-0.543252,14.418075,471,0.037679,0.004813,43273,17407,9852,6008,4290,3103,2311,1881,15883,1,1,1,1
22.3500,4706,1,1,52120,0,99671,0.522926,5,3,54,94,224039,27.47586,0.00250,2.38368,0.00816,1,1,2,1.406828,1.000000,1.989523,-0.007143,-0.007071,14.954271,7765,0.000473,0.076480,41300,16994,9325,6023,4073,2931,2232,1800,14992,1,1,1,1
22.4000,4706,1,1,52068,0,99910,0.521154,3,2,5,178,165202,27.51047,0.00250,2.38368,0.00816,1,1,3,1.410199,1.000000,1.218302,-0.024399,-0.024326,14.936978,7530,0.001629,0.074252,41376,17181,9249,5827,4058,2938,2321,1808,15151,1,1,1,1
23.0000,4706,1,1,52771,1,101272,0.521087,3,4,38,128,100865,27.92642,0.00250,2.38368,0.00816,0,1,3,2.525106,2.069223,2.069223,-0.232428,-0.232232,14.729197,4707,0.015767,0.047069,42114,17080,9511,5922,4143,2979,2201,1855,15466,1,1,1,1
23.9000,4706,1,1,53899,1,103644,0.520045,1,2,22,22,67013,28.55019,0.00250,2.38368,0.00816,0,0,3,1.458030,1.043735,1.043735,-0.544242,-0.544161,14.417123,471,0.037744,0.004812,43001,17612,9582,6074,4154,3164,2364,1935,15757,1,1,1,1
22.3500,4707,1,1,52005,1,99842,0.520878,1,14,39,73,427061,27.47186,0.00236,2.37958,0.00970,0,1,3,10.380801,7.855585,7.855585,-0.009313,-0.008816,14.952637,7767,0.000590,0.076492,41635,16979,9173,5855,4025,2941,2287,1721,15225,1,1,1,1
22.4000,4707,1,1,52299,1,99767,0.524217,4,15,15,147,79486,27.50647,0.00236,2.37958,0.00970,0,1,3,9.507073,7.542884,7.542884,-0.026611,-0.026133,14.934482,7533,0.001750,0.074278,41440,16989,9210,5864,4056,2999,2317,1751,15140,1,1,1,1
23.0000,4707,1,1,52649,1,101224,0.520129,6,3,53,428,146936,27.92247,0.00236,2.37958,0.00970,0,1,3,1.637569,1.448170,1.448170,-0.234435,-0.234330,14.727119,4708,0.015911,0.047076,41992,17220,9361,6035,4076,3070,2285,1810,15374,1,1,1,1
23.9000,4707,1,1,54075,1,103855,0.520683,1,2,5,1492,402475,28.54626,0.00236,2.37958,0.00970,0,0,3,1.531774,1.128034,1.128034,-0.546307,-0.546216,14.415032,471,0.037892,0.004812,43390,17521,9565,6036,4135,3084,2454,1852,15817,1,1,1,1
22.3500,4708,1,1,51756,0,99635,0.519461,2,3,11,278,1635466,27.47014,0.00403,2.37236,0.00716,1,1,2,1.403464,1.000000,1.943821,-0.009139,-0.009067,14.952226,7769,0.000606,0.076498,41194,17049,9312,5962,3973,2987,2207,1820,15130,1,1,1,1
22.4000,4708,1,1,51954,0,99886,0.520138,3,11,11,47,259165,27.50489,0.00403,2.37236,0.00716,1,0,2,1.108740,1.000000,1.316148,-0.026470,-0.026448,14.934997,7534,0.001771,0.074269,41570,16893,9329,5753,4058,3043,2391,1822,15026,1,1,1,1
23.0000,4708,1,1,52826,0,101613,0.519880,1,2,134,134,220427,27.92080,0.00403,2.37236,0.00716,1,0,3,1.331787,1.000000,1.052509,-0.234404,-0.234343,14.727043,4708,0.015912,0.047066,42358,17296,9348,5893,4091,2990,2343,1793,15500,1,1,1,1
23.9000,4708,1,1,54318,0,104244,0.521071,7,46,46,46,907076,28.54461,0.00403,2.37236,0.00716,1,0,2,1.023990,1.000000,1.142221,-0.546315,-0.546310,14.415153,471,0.037898,0.004811,43306,17838,9737,6158,4215,3141,2389,1836,15623,1,1,1,1
22.3500,4709,1,1,51800,0,99389,0.521190,5,4,55,81,135287,27.46821,0.00265,2.37838,0.00801,1,1,2,1.394185,1.000000,2.476277,-0.010910,-0.010840,14.950515,7770,0.000725,0.076500,41251,16876,9145,5856,4000,3014,2288,1766,15192,1,1,1,1
22.4000,4709,1,1,51819,1,99512,0.520736,1,5,31,118,308062,27.50280,0.00265,2.37838,0.00801,0,1,3,1.780863,1.577370,1.577370,-0.028159,-0.028036,14.933404,7531,0.001877,0.074232,41281,16944,9046,5902,4124,2937,2276,1815,15186,1,1,1,1
23.0000,4709,1,1,53198,0,101802,0.522569,2,64,80,82,72766,27.91878,0.00265,2.37838,0.00801,1,1,2,1.077344,1.000000,5.190517,-0.236274,-0.236258,14.724659,4705,0.016045,0.047034,42653,17120,9514,5865,4091,3105,2197,1887,15369,1,1,1,1
23.9000,4709,1,1,54088,0,103838,0.520893,1,1,3,12,96587,28.54260,0.00265,2.37838,0.00801,1,1,3,1.370121,1.000000,1.004380,-0.548009,-0.547942,14.413316,471,0.038016,0.004810,43014,17767,9692,6073,4162,3078,2400,1790,15861,1,1,1,1
22.3500,4710,1,1,52023,1,99867,0.520928,10,2,60,94,145006,27.46611,0.00235,2.37608,0.00781,0,1,3,1.340373,1.170039,1.170039,-0.011973,-0.011911,14.948969,7772,0.000797,0.076511,41503,17121,9164,5894,3985,2973,2271,1760,15195,1,1,1,1
22.4000,4710,1,1,52143,1,99945,0.521722,169,7,169,169,637209,27.50084,0.00235,2.37608,0.00781,0,1,3,3.124188,2.842226,2.842226,-0.029438,-0.029196,14.930919,7536,0.001955,0.074278,41471,17177,9285,5834,3991,3033,2245,1825,15083,1,1,1,1
23.0000,4710,1,1,52965,1,101411,0.522286,2,3,20,21,652144,27.91673,0.00235,2.37608,0.00781,0,1,3,2.211541,1.764373,1.764373,-0.237331,-0.237162,14.723924,4712,0.016107,0.047096,42021,17393,9499,5975,4032,2957,2280,1748,15505,1,1,1,1
23.9000,4710,1,1,54153,1,104209,0.519663,6,21,45,45,10419574,28.54056,0.00235,2.37608,0.00781,0,1,3,4.261203,3.880753,3.880753,-0.549332,-0.549024,14.412423,471,0.038094,0.004809,43362,17524,9766,6173,4244,3073,2442,1844,15780,1,1,1,1
22.3500,4711,1,1,52342,0,99903,0.523933,2,6,16,53,91788,27.46322,0.00235,2.37281,0.00810,1,0,2,1.191220,1.000000,1.490554,-0.013397,-0.013360,14.948067,7772,0.000894,0.076500,41615,17122,9124,5871,4032,2953,2208,1798,15179,1,1,1,1
22.4000,4711,1,1,52206,0,99791,0.523159,2,20,20,78,192962,27.49795,0.00235,2.37281,0.00810,1,1,2,1.372041,1.000000,9.260446,-0.030953,-0.030886,14.930483,7538,0.002069,0.074284,41549,16776,9296,5928,4091,2945,2344,1801,15060,1,1,1,1
23.0000,4711,1,1,52895,1,101565,0.520805,1,7,13,72,387336,27.91389,0.00235,2.37281,0.00810,0,1,3,3.324394,2.898268,2.898268,-0.238803,-0.238548,14.722899,4709,0.016203,0.047060,42058,17446,9408,6044,4045,3056,2376,1800,15331,1,1,1,1
23.9000,4711,1,1,54092,0,103684,0.521706,7,13,13,26,158232,28.53759,0.00235,2.37281,0.00810,1,1,2,1.162482,1.000000,2.381495,-0.550632,-0.550600,14.410470,470,0.038208,0.004799,42828,17781,9663,6139,4175,3093,2371,1848,15785,1,1,1,1
22.3500,4712,1,1,52107,1,99792,0.522161,1,2,9,13,557671,27.45705,0.00250,2.37242,0.01168,0,1,3,2.444967,1.736596,1.736596,-0.016520,-0.016331,14.945088,7775,0.001093,0.076528,41355,17054,9322,5808,4137,2890,2283,1802,15140,1,1,1,1
22.4000,4712,1,1,51891,1,99438,0.521848,1,7,18,246,82495,27.49162,0.00250,2.37242,0.01168,0,0,3,3.693988,2.992087,2.992087,-0.033862,-0.033585,14.927563,7540,0.002250,0.074302,40914,16918,9306,5948,4108,3060,2256,1751,15176,1,1,1,1
23.0000,4712,1,1,53172,0,101857,0.522031,2,1,15,23,5538493,27.90763,0.00250,2.37242,0.01168,1,1,3,1.409500,1.000000,1.216143,-0.241764,-0.241691,14.719647,4712,0.016420,0.047090,42248,17351,9523,6022,4148,3063,2310,1879,15312,1,1,1,1
23.9000,4712,1,1,54016,0,103920,0.519789,1,2,82,82,2700322,28.53134,0.00250,2.37242,0.01168,1,0,3,1.399081,1.000000,1.372414,-0.553638,-0.553567,14.407784,472,0.038421,0.004819,43145,17672,9694,6137,4232,3133,2342,1882,15682,1,1,1,1
22.3500,4713,1,1,52064,0,99646,0.522495,6,3,6,227,4745966,27.46316,0.00265,2.37151,0.00718,1,1,2,1.332676,1.000000,1.449828,-0.013314,-0.013254,14.948132,7773,0.000887,0.076477,41361,16880,9132,5992,4028,2998,2280,1775,15199,1,1,1,1
22.4000,4713,1,1,51952,0,99597,0.521627,1,1,27,188,150346,27.49787,0.00265,2.37151,0.00718,1,0,3,1.369352,1.000000,1.118152,-0.030648,-0.030581,14.930789,7537,0.002048,0.074241,41231,16900,9337,5780,4009,3069,2257,1840,15173,1,1,1,1
23.0000,4713,1,1,52653,1,101299,0.519783,11,16,16,1020,388384,27.91379,0.00265,2.37151,0.00718,0,1,3,2.516328,2.051185,2.051185,-0.238670,-0.238474,14.722943,4710,0.016197,0.047049,41915,17291,9392,6005,4163,2992,2247,1802,15491,1,1,1,1
23.9000,4713,1,1,54021,1,103704,0.520920,1,34,49,62,39943,28.53752,0.00265,2.37151,0.00718,0,1,3,7.716462,6.994014,6.994014,-0.550666,-0.550232,14.411215,470,0.038181,0.004797,43051,17517,9548,6143,4177,3060,2388,1861,15958,1,1,1,1
22.3500,4714,1,1,51936,0,99583,0.521540,1,23,30,716,987348,27.46807,0.00385,2.38378,0.00718,1,1,2,1.397009,1.000000,11.565832,-0.010437,-0.010366,14.950919,7775,0.000693,0.076466,41300,16899,9234,5978,3975,2970,2363,1775,15088,1,1,1,1
22.4000,4714,1,1,51999,1,99660,0.521769,1,9,9,24,108834,27.50277,0.00385,2.38378,0.00718,0,1,3,5.813041,4.728810,4.728810,-0.027692,-0.027319,14.933638,7543,0.001829,0.074270,41388,16953,9311,5892,3911,2952,2210,1755,15287,1,1,1,1
23.0000,4714,1,1,52911,1,101685,0.520347,2,5,11,19,91030,27.91874,0.00385,2.38378,0.00718,0,1,3,3.304557,2.666609,2.666609,-0.235619,-0.235366,14.726090,4710,0.015983,0.047029,42309,17309,9539,5935,4117,2947,2353,1807,15368,1,1,1,1
23.9000,4714,1,1,54391,1,104291,0.521536,4,63,63,63,202164,28.54249,0.00385,2.38378,0.00718,0,1,3,2.152126,1.742968,1.742968,-0.547444,-0.547281,14.414134,468,0.037968,0.004774,43348,17764,9745,6243,4109,3132,2290,1867,15792,1,1,1,1
22.3500,4715,1,1,52209,1,99747,0.523419,5,277,277,277,550030,27.47206,0.00206,2.37533,0.00688,0,0,3,11.030841,10.833760,10.833760,-0.009427,-0.008918,14.951699,7782,0.000596,0.076515,41146,17086,9311,5924,4106,3032,2210,1810,15121,1,1,1,1
22.4000,4715,1,1,51936,0,100109,0.518800,3,5,17,49,220502,27.50675,0.00206,2.37533,0.00688,1,0,2,1.284857,1.000000,1.798516,-0.026582,-0.026529,14.934873,7547,0.001776,0.074288,41534,17012,9293,6020,4167,3000,2233,1792,15057,1,1,1,1
23.0000,4715,1,1,53110,0,101542,0.523040,1,2,6,33,136742,27.92264,0.00206,2.37533,0.00688,1,0,3,1.332835,1.000000,1.099162,-0.234475,-0.234414,14.726972,4720,0.015917,0.047116,41811,17535,9501,5950,4180,3119,2290,1759,15396,1,1,1,1
23.9000,4715,1,1,53985,1,103887,0.519656,1,5,6,553,95480,28.54640,0.00206,2.37533,0.00688,0,1,3,3.579494,2.848004,2.848004,-0.546456,-0.546185,14.415248,478,0.037889,0.004875,43120,17685,9608,6106,4290,3022,2317,1854,15884,1,1,1,1
22.3500,4716,1,1,51769,1,99521,0.520187,1,21,64,179,87467,27.46486,0.00490,2.37203,0.00864,0,1,3,3.469879,2.959068,2.959068,-0.011412,-0.011148,14.950282,7784,0.000746,0.076525,41213,16862,9259,5867,3981,2971,2288,1843,15236,1,1,1,1
22.4000,4716,1,1,52194,0,99876,0.522593,6,14,14,35,130281,27.49955,0.00490,2.37203,0.00864,1,1,2,1.358649,1.000000,6.280179,-0.028835,-0.028770,14.932479,7548,0.001927,0.074294,41496,17044,9263,5840,4026,3015,2250,1773,15168,1,1,1,1
23.0000,4716,1,1,53000,0,101650,0.521402,2,18,18,388,139567,27.91550,0.00490,2.37203,0.00864,1,1,2,1.142996,1.000000,2.961660,-0.236729,-0.236700,14.724344,4718,0.016075,0.047095,42286,17311,9315,6098,4153,2970,2346,1877,15293,1,1,1,1
23.9000,4716,1,1,54500,0,104818,0.519954,1,10,18,1884,36373,28.53927,0.00490,2.37203,0.00864,1,1,2,1.286163,1.000000,3.505699,-0.548634,-0.548581,14.412611,477,0.038063,0.004864,43583,18009,9736,6276,4352,3137,2370,1831,15523,1,1,1,1
22.3500,4717,1,1,52176,0,100025,0.521635,19,2,19,59,4183752,27.47022,0.00235,2.37504,0.00758,1,1,3,1.370155,1.000000,1.234460,-0.009861,-0.009794,14.951576,7782,0.000655,0.076483,41636,16997,9172,5996,4074,3035,2261,1750,15103,1,1,1,1
22.4000,4717,1,1,52021,1,99746,0.521540,6,271,271,271,367198,27.50490,0.00235,2.37504,0.00758,0,1,3,2.137441,2.013220,2.013220,-0.027257,-0.027096,14.934360,7546,0.001814,0.074249,41264,17110,9216,5852,4012,2979,2231,1844,15237,1,1,1,1
23.0000,4717,1,1,53144,0,101658,0.522778,7,2,8,45,525336,27.92090,0.00235,2.37504,0.00758,1,1,3,1.408284,1.000000,1.325028,-0.235215,-0.235143,14.726197,4716,0.015968,0.047059,42495,17168,9453,5871,4119,2983,2328,1797,15443,1,1,1,1
23.9000,4717,1,1,54330,0,104357,0.520622,56,6,56,56,390279,28.54469,0.00235,2.37504,0.00758,1,0,2,1.221829,1.000000,1.551120,-0.547123,-0.547081,14.414338,470,0.037954,0.004791,43665,17662,9562,6047,4128,3083,2416,1890,15903,1,1,1,1
22.3500,4718,1,1,52065,1,99725,0.522091,3,587,587,587,676481,27.47283,0.00220,2.37311,0.00702,0,1,3,34.557354,34.258528,34.258528,-0.009082,-0.008332,14.953135,7785,0.000557,0.076488,41385,16911,9370,5894,4076,2990,2271,1778,15049,1,1,1,1
22.4000,4718,1,1,52026,0,99662,0.522030,27,7,65,65,165603,27.50750,0.00220,2.37311,0.00702,1,1,2,1.276285,1.000000,2.499031,-0.026141,-0.026089,14.935095,7549,0.001747,0.074259,41219,16792,9462,5761,4103,3009,2288,1787,15240,1,1,1,1
23.0000,4718,1,1,52708,0,101184,0.520918,1,7,11,70,213995,27.92342,0.00220,2.37311,0.00702,1,1,2,1.413883,1.000000,3.863247,-0.234145,-0.234072,14.727245,4718,0.015894,0.047066,41767,17368,9482,5871,4031,3022,2334,1780,15528,1,1,1,1
23.9000,4718,1,1,53895,1,103667,0.519891,3,14,14,73,4435557,28.54722,0.00220,2.37311,0.00702,0,1,3,3.069496,2.902752,2.902752,-0.546016,-0.545778,14.415678,472,0.037860,0.004810,42719,17735,9677,6162,4323,3044,2403,1938,15665,1,1,1,1
22.3500,4719,1,1,51837,1,99798,0.519424,3,2,675,675,74786,27.47429,0.00220,2.37349,0.00732,0,1,3,2.026790,1.450982,1.450982,-0.007966,-0.007816,14.953537,7785,0.000523,0.076470,41427,17014,9297,5872,3991,2970,2185,1806,15235,1,1,1,1
22.4000,4719,1,1,52034,0,99800,0.521388,1,5,17,80,524384,27.50895,0.00220,2.37349,0.00732,1,1,2,1.214910,1.000000,1.551804,-0.025305,-0.025264,14.935866,7549,0.001691,0.074239,41241,16886,9417,5829,4105,3044,2317,1769,15191,1,1,1,1
23.0000,4719,1,1,52796,0,101491,0.520209,5,2,9,25,312218,27.92493,0.00220,2.37349,0.00732,1,1,3,1.373677,1.000000,1.159075,-0.233257,-0.233189,14.728073,4717,0.015833,0.047043,42061,17269,9422,5968,4133,3017,2261,1824,15535,1,1,1,1
23.9000,4719,1,1,53889,1,103744,0.519447,4,29,29,69,140702,28.54875,0.00220,2.37349,0.00732,0,1,3,19.394510,14.732574,14.732574,-0.545441,-0.544813,14.416650,470,0.037791,0.004789,43001,17566,9633,6060,4361,3035,2371,1874,15842,1,1,1,1
22.3500,4720,1,1,52149,1,99973,0.521636,1,3,12,65,120347,27.47678,0.00235,2.37326,0.00658,0,1,3,2.941293,2.167898,2.167898,-0.006787,-0.006558,14.954577,7791,0.000439,0.076507,41589,17016,9340,5797,3990,2981,2282,1783,15194,1,1,1,1
22.4000,4720,1,1,52089,1,99983,0.520984,1,21,36,93,74797,27.51143,0.00235,2.37326,0.00658,0,1,3,15.051228,11.114486,11.114486,-0.024288,-0.023714,14.937749,7558,0.001588,0.074303,41608,16889,9269,5903,4088,2989,2217,1815,15204,1,1,1,1
23.0000,4720,1,1,52695,1,101119,0.521124,1,3,10,135,2392826,27.92732,0.00235,2.37326,0.00658,0,0,3,1.460144,1.040031,1.040031,-0.231970,-0.231890,14.729404,4722,0.015743,0.047079,41480,17220,9397,6118,4257,2962,2307,1847,15530,1,1,1,1
23.9000,4720,1,1,54329,1,104303,0.520882,1,803,803,803,335973,28.55115,0.00235,2.37326,0.00658,0,1,3,82.655597,81.367094,81.367094,-0.544360,-0.543424,14.418042,474,0.037691,0.004828,43420,17740,9628,6026,4326,3081,2401,1880,15800,1,1,1,1
22.3500,4721,1,1,51960,0,99746,0.520928,1,4,46,206,197857078,27.47189,0.00250,2.37577,0.00873,1,1,2,1.263819,1.000000,1.496214,-0.009060,-0.009011,14.952164,7789,0.000603,0.076484,41511,16741,9226,5870,4078,2965,2278,1842,15234,1,1,1,1
22.4000,4721,1,1,52169,1,100512,0.519038,3,3,18,60,3816045,27.50654,0.00250,2.37577,0.00873,0,1,3,2.128048,1.683556,1.683556,-0.026402,-0.026242,14.934783,7552,0.001757,0.074243,41832,17329,9204,5859,4138,2997,2287,1761,15104,1,1,1,1
23.0000,4721,1,1,53197,1,101913,0.521990,5,1,16,51,1109730,27.92249,0.00250,2.37577,0.00873,0,1,3,1.308729,1.037411,1.037411,-0.234318,-0.234261,14.726745,4719,0.015907,0.047047,42326,17349,9495,5940,4276,3011,2337,1871,15307,1,1,1,1
23.9000,4721,1,1,54199,1,104511,0.518601,2,3,15,51,152988,28.54619,0.00250,2.37577,0.00873,0,1,3,2.278896,1.729019,1.729019,-0.546229,-0.546054,14.415337,474,0.037880,0.004828,43310,18083,9723,6126,4355,3142,2388,1771,15612,1,1,1,1
22.3500,4722,1,1,52022,0,99557,0.522540,1,25,25,25,119288,27.47041,0.00250,2.37826,0.00762,1,1,2,1.398762,1.000000,12.571448,-0.009980,-0.009909,14.951379,7791,0.000663,0.076491,41243,16923,9293,5802,4085,2959,2284,1768,15199,1,1,1,1
22.4000,4722,1,1,52216,0,99903,0.522672,1,643,643,643,437004,27.50505,0.00250,2.37826,0.00762,1,1,2,1.318886,1.000000,238.293917,-0.027613,-0.027554,14.933837,7554,0.001845,0.074251,41590,16947,9263,5823,4080,2852,2325,1777,15245,1,1,1,1
23.0000,4722,1,1,52659,1,101553,0.518542,3,2,13,25,550641,27.92106,0.00250,2.37826,0.00762,0,1,3,1.724179,1.309854,1.309854,-0.235063,-0.234948,14.726074,4720,0.015955,0.047049,42198,17248,9424,6124,3992,3072,2217,1805,15472,1,1,1,1
23.9000,4722,1,1,54260,0,104459,0.519443,1,32,72,898,78338,28.54477,0.00250,2.37826,0.00762,1,1,2,1.141958,1.000000,5.006542,-0.547064,-0.547036,14.414008,471,0.037952,0.004797,43570,17727,9571,6206,4293,3069,2335,1882,15805,1,1,1,1
22.3500,4723,1,1,52146,0,100083,0.521033,2,2,8,515,48228,27.46563,0.00447,2.37637,0.00799,1,1,2,1.392974,1.000000,1.538243,-0.011257,-0.011187,14.950095,7791,0.000748,0.076482,41521,16945,9433,5986,4067,3044,2232,1771,15083,1,1,1,1
22.4000,4723,1,1,52163,1,100032,0.521468,7,28,82,82,115741,27.50026,0.00447,2.37637,0.00799,0,1,3,7.219483,6.702198,6.702198,-0.028732,-0.028314,14.933142,7555,0.001896,0.074249,41579,16922,9397,5789,4149,2849,2365,1772,15209,1,1,1,1
23.0000,4723,1,1,52920,0,101807,0.519812,18,53,53,71,560827,27.91618,0.00447,2.37637,0.00799,1,1,2,1.022577,1.000000,1.273242,-0.236511,-0.236507,14.724157,4721,0.016062,0.047056,42237,17431,9426,5916,4231,2977,2346,1884,15358,1,1,1,1
23.9000,4723,1,1,54595,1,104269,0.523603,5,8,28,94,2367130,28.53991,0.00447,2.37637,0.00799,0,1,3,5.699919,4.412631,4.412631,-0.548511,-0.548143,14.413295,471,0.038030,0.004796,43432,17584,9738,6076,4180,3058,2432,1938,15830,1,1,1,1
22.3500,4724,1,1,51880,0,99904,0.519304,3,7,11,28,698117,27.46237,0.00249,2.36458,0.01062,1,1,2,1.412122,1.000000,3.798563,-0.013915,-0.013842,14.947491,7793,0.000926,0.076498,41606,17001,9164,5935,3955,2958,2255,1747,15282,1,1,1,1
22.4000,4724,1,1,52112,0,100031,0.520964,1,7,17,35,8124163,27.49700,0.00249,2.36458,0.01062,1,1,2,1.132077,1.000000,1.164186,-0.031102,-0.031076,14.930364,7559,0.002081,0.074286,41549,16837,9312,5956,3927,3035,2348,1841,15225,1,1,1,1
23.0000,4724,1,1,52839,1,101746,0.519328,5,2,12,2919,81350,27.91298,0.00249,2.36458,0.01062,0,1,3,1.566296,1.131113,1.131113,-0.239089,-0.238994,14.722466,4722,0.016233,0.047061,42338,17344,9433,5910,3962,2982,2302,1821,15653,1,1,1,1
23.9000,4724,1,1,54329,1,104238,0.521206,1,7,182,182,306397,28.53672,0.00249,2.36458,0.01062,0,1,3,3.453688,2.941322,2.941322,-0.551062,-0.550800,14.410637,471,0.038222,0.004796,43344,17609,9708,6063,4188,3000,2466,1969,15890,1,1,1,1
22.3500,4725,1,1,52089,1,100026,0.520760,1,29,29,75,324711,27.46495,0.00264,2.36573,0.00965,0,1,3,14.213713,12.506433,12.506433,-0.012629,-0.012067,14.949401,7791,0.000807,0.076453,41688,16940,9298,5805,4089,3019,2236,1761,15189,1,1,1,1
22.4000,4725,1,1,52087,1,100243,0.519613,3,2,6,41,643899,27.49972,0.00264,2.36573,0.00965,0,1,3,1.726884,1.442726,1.442726,-0.029779,-0.029663,14.931411,7554,0.001987,0.074216,41780,17018,9287,5906,4107,2917,2292,1775,15160,1,1,1,1
23.0000,4725,1,1,53423,1,102117,0.523160,1,8,18,27,3349704,27.91561,0.00264,2.36573,0.00965,0,1,3,5.086925,4.191392,4.191392,-0.237840,-0.237496,14.723540,4719,0.016130,0.047018,42478,17337,9527,6083,4115,3110,2260,1815,15391,1,1,1,1
23.9000,4725,1,1,54105,1,104071,0.519890,3,3,8,10,472407,28.53936,0.00264,2.36573,0.00965,0,0,3,1.497288,1.266460,1.266460,-0.549592,-0.549507,14.411589,467,0.038129,0.004754,42914,17794,9634,6254,4298,3040,2425,1799,15912,1,1,1,1
22.3500,4726,1,1,52156,0,100023,0.521445,12,1,38,75,371914,27.46755,0.00220,2.36411,0.00939,1,1,3,1.190283,1.000000,1.008885,-0.011373,-0.011337,14.950128,7798,0.000758,0.076502,41540,17020,9264,5894,4100,2971,2210,1760,15263,1,1,1,1
22.4000,4726,1,1,52120,0,99878,0.521842,3,6,17,36,94436,27.50216,0.00220,2.36411,0.00939,1,1,2,1.265692,1.000000,2.081320,-0.028762,-0.028713,14.932464,7565,0.001923,0.074303,41441,17008,9378,5779,4055,2988,2324,1715,15189,1,1,1,1
23.0000,4726,1,1,52831,1,101595,0.520021,4,8,174,287,749111,27.91811,0.00220,2.36411,0.00939,0,1,3,5.941424,4.363040,4.363040,-0.236814,-0.236437,14.724292,4726,0.016058,0.047075,41856,17403,9585,5882,4116,3153,2311,1871,15417,1,1,1,1
23.9000,4726,1,1,54089,1,103910,0.520542,1,15,15,1209,279668,28.54188,0.00220,2.36411,0.00939,0,0,3,2.520023,2.053784,2.053784,-0.548620,-0.548425,14.412717,473,0.038051,0.004813,43128,17561,9535,6122,4266,3150,2371,1814,15962,1,1,1,1
22.3500,4727,1,1,52474,0,100295,0.523202,6,13,13,73,169237,27.46353,0.00398,2.36626,0.00904,1,0,2,1.182194,1.000000,2.786595,-0.012553,-0.012518,14.948911,7800,0.000837,0.076511,41640,17089,9370,5923,4148,2941,2228,1761,15194,1,1,1,1
22.4000,4727,1,1,52126,0,100228,0.520079,1,30,30,81,191447,27.49814,0.00398,2.36626,0.00904,1,1,2,1.376125,1.000000,14.068482,-0.030028,-0.029961,14.931304,7562,0.002007,0.074264,41654,17050,9394,5829,3955,2986,2326,1781,15252,1,1,1,1
23.0000,4727,1,1,53174,0,101792,0.522384,1,5,7,61,258746,27.91414,0.00398,2.36626,0.00904,1,1,2,1.321965,1.000000,2.356287,-0.237841,-0.237782,14.723439,4725,0.016150,0.047058,42375,17230,9504,5915,4157,3026,2248,1774,15562,1,1,1,1
23.9000,4727,1,1,54252,0,104795,0.517701,2,411,411,411,58861,28.53793,0.00398,2.36626,0.00904,1,1,2,1.002828,1.000000,1.177234,-0.549662,-0.549661,14.410566,471,0.038143,0.004793,43690,17931,9565,6177,4210,3152,2348,1953,15768,1,1,1,1
22.3500,4728,1,1,52114,0,100136,0.520437,1,2,13,956,245624,27.46306,0.00235,2.36586,0.00856,1,1,2,1.387724,1.000000,1.627126,-0.013496,-0.013427,14.947849,7802,0.000898,0.076520,41726,16947,9285,5948,4073,3004,2295,1738,15119,1,1,1,1
22.4000,4728,1,1,51831,1,99821,0.519245,1,5,5,11,659760,27.49780,0.00235,2.36586,0.00856,0,1,3,1.368396,1.174094,1.174094,-0.030836,-0.030770,14.930663,7567,0.002061,0.074301,41139,17104,9396,5816,4032,2951,2261,1818,15303,1,1,1,1
23.0000,4728,1,1,53000,0,101536,0.521987,4,5,45,45,316593,27.91372,0.00235,2.36586,0.00856,1,1,2,1.181752,1.000000,1.277368,-0.238796,-0.238761,14.722335,4732,0.016218,0.047121,41971,17300,9552,5965,4054,3023,2293,1859,15518,1,1,1,1
23.9000,4728,1,1,54399,1,104568,0.520231,10,13,13,38,82900,28.53752,0.00235,2.36586,0.00856,0,1,3,3.532536,3.035323,3.035323,-0.550797,-0.550530,14.410903,477,0.038202,0.004853,43285,17990,9822,6139,4247,3093,2337,1876,15778,1,1,1,1
22.3500,4729,1,1,52189,1,100065,0.521556,1,347,347,347,297134,27.45975,0.00249,2.36722,0.00928,0,1,3,7.154804,6.383488,6.350580,-0.015317,-0.014901,14.946542,7799,0.000997,0.076481,41567,17086,9221,5915,4107,2988,2214,1699,15267,1,1,1,1
22.4000,4729,1,1,52133,1,100215,0.520217,2,3,23,24,85154,27.49435,0.00249,2.36722,0.00928,0,1,3,2.237278,1.651658,1.651658,-0.032470,-0.032300,14.929078,7564,0.002164,0.074263,41286,17179,9520,5893,4081,3016,2226,1817,15196,1,1,1,1
23.0000,4729,1,1,53508,0,102334,0.522881,13,8,1586,20211,188882,27.91032,0.00249,2.36722,0.00928,1,1,2,1.136404,1.000000,1.337101,-0.240435,-0.240408,14.720629,4725,0.016331,0.047047,42741,17317,9443,6092,4142,3003,2232,1779,15584,1,1,1,1
23.9000,4729,1,1,54559,1,104732,0.520944,2,2,24,59,63015,28.53414,0.00249,2.36722,0.00928,0,0,3,1.503256,1.252244,1.252244,-0.552330,-0.552244,14.408872,470,0.038327,0.004781,43482,17949,9689,6154,4280,3090,2411,1870,15806,1,1,1,1
