k,n,ok,brk,idx,parity,len,irat,pqat,pqnext,pqw5,pqw20,pqmax,logh11,logh22,logmz,logg0,incone,redst,jhi,rho,rho2,skew,loglam1,logcone,logq,v2qp,dinf,d2,q1,q2,q3,q4,q5,q6,q7,q8,q9,cY,cX,cIdx,intq
22.3500,6007,1,1,66044,0,126608,0.521646,3,9,16,34,52337,27.48396,0.00138,2.38264,0.00838,1,1,2,1.413505,1.000000,4.739011,-0.003485,-0.003427,14.957966,9916,0.000229,0.076495,52456,21437,11767,7427,5095,3738,2945,2217,19525,1,1,1,1
22.4000,6007,1,1,66545,1,127550,0.521721,1,65,65,65,649463,27.51858,0.00138,2.38264,0.00838,0,1,3,2.914282,2.350816,2.316882,-0.020732,-0.020554,14.940906,9615,0.001376,0.074257,53102,21642,11963,7521,5120,3801,2820,2322,19258,1,1,1,1
23.0000,6007,1,1,67268,0,129537,0.519300,36,6,36,5964,112760,27.93456,0.00138,2.38264,0.00838,1,1,3,1.174496,1.000000,1.165881,-0.228665,-0.228639,14.732564,6010,0.015519,0.047072,53645,22216,12185,7547,5317,3779,2871,2381,19595,1,1,1,1
23.9000,6007,1,1,69092,0,132648,0.520871,1,6,92,92,86724,28.55836,0.00138,2.38264,0.00838,1,0,2,1.242212,1.000000,1.931314,-0.540606,-0.540570,14.420890,605,0.037485,0.004841,55138,22553,12311,7812,5433,3934,2975,2471,20020,1,1,1,1
22.3500,6019,1,1,66394,0,127155,0.522154,3,132,132,524,254698,27.48573,0.00161,2.38314,0.00684,1,1,2,1.234272,1.000000,34.826937,-0.002626,-0.002592,14.958870,9939,0.000173,0.076515,52525,21835,11784,7484,5081,3823,3038,2243,19341,1,1,1,1
22.4000,6019,1,1,66717,1,127633,0.522729,1,2,149,1409,196209,27.52039,0.00161,2.38314,0.00684,0,1,3,1.523764,1.080870,1.080870,-0.019662,-0.019592,14.941808,9636,0.001311,0.074267,53064,21531,11829,7628,5247,3799,2900,2291,19343,1,1,1,1
23.0000,6019,1,1,67234,0,129616,0.518721,1,3,17,18,1978110,27.93635,0.00161,2.38314,0.00684,1,1,2,1.376099,1.000000,2.042312,-0.227699,-0.227646,14.733697,6025,0.015451,0.047092,53755,22105,12169,7619,5281,3964,2895,2210,19617,1,1,1,1
23.9000,6019,1,1,69159,1,132813,0.520729,16,72,72,72,2383713,28.56017,0.00161,2.38314,0.00684,0,1,3,2.520413,1.932564,1.833188,-0.539601,-0.539448,14.421998,608,0.037405,0.004855,55038,22660,12317,7964,5305,3894,3005,2448,20181,1,1,1,1
22.3500,6031,1,1,66415,1,128024,0.518774,1,8,10,414,235594,27.47504,0.00161,2.37861,0.00755,0,1,3,5.000031,4.081078,4.081078,-0.007770,-0.007503,14.953677,9953,0.000502,0.076497,53003,21923,12012,7564,5284,3846,2965,2333,19093,1,1,1,1
22.4000,6031,1,1,65971,1,127187,0.518697,3,57,1355,1355,303788,27.50975,0.00161,2.37861,0.00755,0,0,3,2.119122,1.868143,1.868143,-0.025060,-0.024935,14.936227,9651,0.001669,0.074262,52579,21539,11931,7406,5140,3792,2949,2295,19555,1,1,1,1
23.0000,6031,1,1,67779,1,130212,0.520532,1,2,20,113,307668,27.92569,0.00161,2.37861,0.00755,0,1,3,1.410535,1.045631,1.045631,-0.232978,-0.232921,14.728512,6032,0.015814,0.047069,54037,22281,12261,7609,5236,3838,2906,2394,19649,1,1,1,1
23.9000,6031,1,1,69193,1,132803,0.521024,1,11,12,96,440528,28.54942,0.00161,2.37861,0.00755,0,1,3,7.929673,6.081775,6.081775,-0.544990,-0.544646,14.416848,606,0.037778,0.004831,55008,22724,12346,7799,5345,3979,3035,2382,20184,1,1,1,1
22.3500,6043,1,1,66560,0,127801,0.520814,7,106,106,112,1820783,27.47350,0.00293,2.38095,0.00837,1,1,2,1.051495,1.000000,5.624379,-0.008000,-0.007992,14.953017,9976,0.000534,0.076524,53194,21682,11902,7510,5134,3827,2802,2229,19520,1,1,1,1
22.4000,6043,1,1,66906,0,128312,0.521436,1,6,35,35,586337,27.50814,0.00293,2.38095,0.00837,1,1,2,1.401551,1.000000,3.394301,-0.025278,-0.025223,14.936187,9674,0.001689,0.074292,53233,21854,12017,7607,5200,3787,2965,2231,19417,1,1,1,1
23.0000,6043,1,1,67903,1,130167,0.521665,1,4,15,15,1231055,27.92405,0.00293,2.38095,0.00837,0,0,3,2.667202,2.035156,2.035156,-0.233192,-0.233029,14.728273,6046,0.015822,0.047086,53974,21897,12194,7874,5267,3830,3014,2258,19858,1,1,1,1
23.9000,6043,1,1,69397,1,133430,0.520104,1,3,8,43,200848,28.54780,0.00293,2.38095,0.00837,0,1,3,2.869628,2.167039,2.167039,-0.545073,-0.544898,14.416289,608,0.037797,0.004838,55524,22590,12257,8003,5574,3974,3054,2291,20162,1,1,1,1
22.3500,6055,1,1,67039,1,128043,0.523570,1,6,14,318,538145,27.47848,0.00270,2.38660,0.00757,0,0,3,2.722664,2.034111,2.034111,-0.005515,-0.005350,14.955971,9991,0.000358,0.076473,53085,21540,12020,7679,5174,3909,2830,2351,19454,1,1,1,1
22.4000,6055,1,1,67027,1,128153,0.523027,2,2,99,99,229214,27.51316,0.00270,2.38660,0.00757,0,0,3,1.309058,1.038562,1.038562,-0.022804,-0.022759,14.938513,9690,0.001524,0.074255,53017,21716,12077,7455,5199,3914,2923,2404,19447,1,1,1,1
23.0000,6055,1,1,67888,0,130301,0.521013,34,5,34,88,301353,27.92905,0.00270,2.38660,0.00757,1,1,2,1.301660,1.000000,1.931377,-0.230798,-0.230755,14.730543,6054,0.015665,0.047047,54085,22071,12128,7859,5291,3857,2990,2383,19636,1,1,1,1
23.9000,6055,1,1,69527,1,133501,0.520801,4,7,35,414,197156,28.55283,0.00270,2.38660,0.00757,0,0,3,1.718591,1.502571,1.502571,-0.542666,-0.542577,14.418598,605,0.037630,0.004803,55568,22492,12392,7776,5465,3956,3070,2377,20404,1,1,1,1
22.3500,6067,1,1,66685,1,128214,0.520111,1,6,39,139,568887,27.47769,0.00149,2.37325,0.00659,0,0,3,2.994492,2.344284,2.344284,-0.006506,-0.006325,14.954958,10014,0.000423,0.076502,52999,21920,11836,7556,5236,3861,3013,2256,19536,1,1,1,1
22.4000,6067,1,1,67142,0,128645,0.521921,4,1,26,65,1227624,27.51231,0.00149,2.37325,0.00659,1,1,3,1.412668,1.000000,1.052113,-0.023745,-0.023688,14.937709,9711,0.001586,0.074273,53444,21816,12023,7542,5217,3744,2913,2272,19673,1,1,1,1
23.0000,6067,1,1,68193,1,130820,0.521277,2,18,18,134,205070,27.92829,0.00149,2.37325,0.00659,0,1,3,7.142126,6.375988,6.375988,-0.231887,-0.231563,14.729929,6070,0.015721,0.047080,54621,22164,11988,7612,5365,3850,3037,2318,19864,1,1,1,1
23.9000,6067,1,1,69543,1,133867,0.519497,1,6,20,60,4670156,28.55209,0.00149,2.37325,0.00659,0,1,3,2.867408,2.462691,2.462691,-0.543706,-0.543533,14.417944,610,0.037698,0.004834,55568,22735,12546,7781,5450,3973,2985,2448,20380,1,1,1,1
22.3500,6079,1,1,67371,1,128881,0.522742,1,15,15,118,341987,27.47267,0.00218,2.37390,0.00795,0,1,3,11.779183,8.409113,8.409113,-0.008749,-0.008343,14.953152,10030,0.000558,0.076482,53661,21966,11933,7598,5231,3821,2901,2209,19560,1,1,1,1
22.4000,6079,1,1,67076,0,128426,0.522297,2,20,20,8247,187961,27.50733,0.00218,2.37390,0.00795,1,0,2,1.110404,1.000000,2.454794,-0.025979,-0.025962,14.935524,9726,0.001738,0.074252,53255,21833,11707,7542,5099,3892,2997,2321,19779,1,1,1,1
23.0000,6079,1,1,68228,0,130930,0.521107,1,15,15,31,1042725,27.92329,0.00218,2.37390,0.00795,1,1,2,1.413857,1.000000,8.330949,-0.234058,-0.234001,14.727385,6078,0.015889,0.047057,54452,22324,12004,7748,5389,3883,2917,2363,19849,1,1,1,1
23.9000,6079,1,1,69495,1,133800,0.519399,11,7,11,27,65627,28.54711,0.00218,2.37390,0.00795,0,1,3,1.242094,1.121462,1.121462,-0.545804,-0.545768,14.415718,611,0.037859,0.004833,55482,22488,12631,7899,5413,3899,3036,2350,20601,1,1,1,1
22.3500,6091,1,1,67323,1,129064,0.521629,1,1,230,230,41755,27.47769,0.00148,2.37613,0.00586,0,0,3,1.783888,1.386919,1.386919,-0.006412,-0.006317,14.955138,10059,0.000422,0.076542,53571,21897,11832,7728,5180,3917,2888,2426,19624,1,1,1,1
22.4000,6091,1,1,67231,1,129074,0.520876,1,38,38,38,880871,27.51240,0.00148,2.37613,0.00586,0,1,3,4.199002,3.761008,3.761008,-0.023853,-0.023618,14.937868,9750,0.001581,0.074277,53569,21870,11915,7732,5274,3897,2915,2384,19517,1,1,1,1
23.0000,6091,1,1,68284,0,130626,0.522748,13,2,15,15,399694,27.92834,0.00148,2.37613,0.00586,1,1,3,1.370279,1.000000,1.253157,-0.231730,-0.231678,14.729664,6094,0.015729,0.047081,54184,22174,12104,7719,5278,3790,2931,2398,20047,1,1,1,1
23.9000,6091,1,1,69669,1,134179,0.519228,3,7,16,1527,165108,28.55207,0.00148,2.37613,0.00586,0,1,3,1.982147,1.803780,1.803780,-0.543624,-0.543512,14.417976,613,0.037697,0.004838,55721,22796,12369,8032,5513,4019,3050,2445,20233,1,1,1,1
22.3500,6103,1,1,67138,0,129568,0.518172,2,8,15,140,227584,27.47942,0.00213,2.37779,0.00753,1,1,2,1.178760,1.000000,1.772804,-0.005338,-0.005311,14.955902,10075,0.000355,0.076509,53789,22312,12013,7521,5263,3866,2954,2362,19487,1,1,1,1
22.4000,6103,1,1,66896,0,128682,0.519859,6,17,17,26,590780,27.51406,0.00213,2.37779,0.00753,1,1,2,1.124115,1.000000,2.293951,-0.022680,-0.022661,14.938494,9769,0.001517,0.074272,53307,21676,11991,7741,5176,3809,2932,2274,19775,1,1,1,1
23.0000,6103,1,1,68373,1,130861,0.522490,1,8,8,470,90899,27.92997,0.00213,2.37779,0.00753,0,0,3,3.036398,2.451744,2.451744,-0.230641,-0.230459,14.730801,6108,0.015645,0.047093,54093,22361,12092,7666,5366,3908,3052,2313,20009,1,1,1,1
23.9000,6103,1,1,70306,0,134967,0.520916,2,49,49,204,107239,28.55373,0.00213,2.37779,0.00753,1,1,2,1.126022,1.000000,6.738489,-0.542600,-0.542581,14.418577,614,0.037631,0.004836,56316,22623,12754,7974,5434,4093,2948,2432,20392,1,1,1,1
22.3500,6115,1,1,67735,1,129373,0.523568,2,3,11,1103,240004,27.48065,0.00298,2.38097,0.00595,0,0,3,1.680412,1.324155,1.324155,-0.004250,-0.004165,14.957116,10091,0.000278,0.076474,53664,21884,12029,7757,5252,3903,2884,2299,19700,1,1,1,1
22.4000,6115,1,1,67707,1,129783,0.521698,2,33,33,293,42204525,27.51534,0.00298,2.38097,0.00595,0,1,3,6.260055,5.818846,5.818846,-0.021714,-0.021414,14.939660,9790,0.001433,0.074280,53831,22174,12101,7678,5239,3832,2957,2290,19680,1,1,1,1
23.0000,6115,1,1,68881,1,132134,0.521301,1,5,9,19,341802,27.93123,0.00298,2.38097,0.00595,0,1,3,2.083508,1.515132,1.515132,-0.229544,-0.229424,14.732003,6116,0.015573,0.047058,54819,22583,12485,7828,5331,3945,2996,2358,19788,1,1,1,1
23.9000,6115,1,1,69899,1,134034,0.521506,1,4,9,19,350633,28.55500,0.00298,2.38097,0.00595,0,0,3,2.078398,1.572337,1.572337,-0.541439,-0.541319,14.419994,614,0.037539,0.004826,55448,22589,12608,7893,5373,4066,3049,2434,20573,1,1,1,1
22.3500,6127,1,1,67588,0,129328,0.522613,1,2,14,456,309937,27.48528,0.00147,2.38643,0.00675,1,0,2,1.379915,1.000000,1.445281,-0.002674,-0.002621,14.958804,10109,0.000175,0.076452,53620,21946,12024,7577,5270,3846,2905,2346,19793,1,1,1,1
22.4000,6127,1,1,67644,0,129809,0.521108,3,16,23,27,318537,27.51990,0.00147,2.38643,0.00675,1,1,2,1.335444,1.000000,6.639341,-0.020107,-0.020060,14.941381,9804,0.001343,0.074232,53930,22072,12039,7622,5301,3802,2992,2249,19801,1,1,1,1
23.0000,6127,1,1,68840,0,131830,0.522192,7,5,594,594,280829,27.93588,0.00147,2.38643,0.00675,1,1,2,1.285078,1.000000,1.974886,-0.227996,-0.227955,14.733499,6128,0.015472,0.047053,54765,22389,12276,7679,5257,4008,2931,2377,20147,1,1,1,1
23.9000,6127,1,1,70546,0,135306,0.521385,2,4,79,79,215359,28.55968,0.00147,2.38643,0.00675,1,1,2,1.315888,1.000000,2.000318,-0.539895,-0.539851,14.421596,613,0.037433,0.004809,56363,22876,12691,7942,5515,4038,3138,2364,20378,1,1,1,1
22.3500,6139,1,1,67737,1,130113,0.520605,2,2,33,372,6825531,27.49170,0.00289,2.38333,0.00626,0,1,3,2.150010,1.631965,1.631965,0.001261,0.001385,14.962832,10132,-0.000093,0.076456,54247,22063,12263,7467,5266,3913,2843,2283,19767,1,1,1,1
22.4000,6139,1,1,67705,1,129963,0.520960,1,1,10,31,374814,27.52636,0.00289,2.38333,0.00626,0,0,3,1.501962,1.098885,1.098885,-0.016040,-0.015974,14.945368,9822,0.001069,0.074203,53856,22036,12025,7662,5220,3899,3085,2336,19843,1,1,1,1
23.0000,6139,1,1,68677,1,132012,0.520237,1,9,150,150,521613,27.94232,0.00289,2.38333,0.00626,0,1,3,2.801930,2.172607,2.172607,-0.224074,-0.223907,14.737547,6138,0.015193,0.047025,54661,22457,12223,7709,5454,3908,3040,2431,20128,1,1,1,1
23.9000,6139,1,1,70591,1,135380,0.521432,2,25,25,1150,444167,28.56614,0.00289,2.38333,0.00626,0,0,3,2.156272,1.833662,1.833662,-0.535971,-0.535846,14.425367,614,0.037146,0.004806,55979,22957,12669,8053,5498,4112,3086,2410,20615,1,1,1,1
22.3500,6151,1,1,67793,1,129798,0.522300,2,2,43,93,299432,27.49365,0.00169,2.37584,0.00599,0,1,3,1.318489,1.160963,1.160963,0.001689,0.001733,14.963236,10160,-0.000116,0.076515,53872,22063,12073,7465,5403,3853,3031,2288,19749,1,1,1,1
22.4000,6151,1,1,68028,0,130500,0.521291,1,1,122,122,146692,27.52836,0.00169,2.37584,0.00599,1,0,3,1.293365,1.000000,1.206001,-0.015667,-0.015626,14.945035,9850,0.001046,0.074271,54368,22063,11964,7751,5337,3875,3018,2256,19867,1,1,1,1
23.0000,6151,1,1,68797,1,132355,0.519795,5,2,5,58,533594,27.94429,0.00169,2.37584,0.00599,0,1,3,1.805584,1.424992,1.424992,-0.223652,-0.223556,14.737534,6160,0.015169,0.047102,54857,22552,12291,7958,5262,3878,2874,2335,20347,1,1,1,1
23.9000,6151,1,1,70775,1,135761,0.521324,1,19,23,89,116714,28.56802,0.00169,2.37584,0.00599,0,1,3,8.867088,7.868037,7.868037,-0.535657,-0.535302,14.426198,623,0.037106,0.004866,56141,23281,12620,7913,5536,4065,3171,2474,20559,1,1,1,1
22.3500,6163,1,1,68081,1,130270,0.522619,2,26,26,26,336820,27.49754,0.00219,2.37992,0.00561,0,1,3,11.597902,10.389777,10.389777,0.003611,0.004009,14.965513,10174,-0.000268,0.076460,53801,22224,12122,7737,5422,3841,2986,2333,19803,1,1,1,1
22.4000,6163,1,1,68361,1,131270,0.520770,8,4,306,306,170769,27.53218,0.00219,2.37992,0.00561,0,0,3,1.560563,1.456448,1.456448,-0.013546,-0.013474,14.947599,9867,0.000901,0.074242,54844,22306,12260,7580,5438,3862,2912,2329,19738,1,1,1,1
23.0000,6163,1,1,69024,0,132570,0.520665,1,5,80,108,684249,27.94809,0.00219,2.37992,0.00561,1,1,2,1.384249,1.000000,3.122610,-0.221567,-0.221514,14.739842,6170,0.015028,0.047079,55055,22474,12284,7831,5356,4015,2909,2348,20297,1,1,1,1
23.9000,6163,1,1,70842,0,136480,0.519069,1,2,10,45,508721,28.57184,0.00219,2.37992,0.00561,1,1,2,1.370021,1.000000,1.510377,-0.533381,-0.533330,14.428016,623,0.036965,0.004856,56819,23171,12869,7978,5478,3987,3089,2421,20667,1,1,1,1
22.3500,6175,1,1,67953,1,130555,0.520497,1,2,9,1678,140063,27.49946,0.00343,2.38101,0.00634,0,1,3,1.612619,1.140294,1.101881,0.005405,0.005482,14.966876,10193,-0.000366,0.076447,54056,22291,12203,7662,5317,3847,2894,2354,19930,1,1,1,1
22.4000,6175,1,1,68172,0,131019,0.520325,2,1,1041,1041,77130,27.53415,0.00343,2.38101,0.00634,1,1,3,1.063119,1.000000,1.016639,-0.011929,-0.011919,14.949580,9883,0.000797,0.074208,54409,22353,12033,7770,5283,3800,3044,2408,19918,1,1,1,1
23.0000,6175,1,1,69344,0,133149,0.520804,1,1,15,284,1703914,27.95004,0.00343,2.38101,0.00634,1,1,3,1.406643,1.000000,1.214397,-0.219890,-0.219835,14.741541,6180,0.014913,0.047058,55184,22799,12433,7878,5469,3940,2925,2392,20128,1,1,1,1
23.9000,6175,1,1,70997,1,136058,0.521818,1,1,7,129,257789,28.57381,0.00343,2.38101,0.00634,0,1,3,1.454655,1.138412,1.138412,-0.531777,-0.531717,14.429740,621,0.036849,0.004831,56410,23021,12732,7968,5642,3997,3124,2430,20733,1,1,1,1
22.3500,6187,1,1,68405,1,130922,0.522491,3,39,39,62,629989,27.49540,0.00146,2.37921,0.00605,0,1,3,25.306296,19.561468,19.561468,0.002170,0.002692,14.964195,10220,-0.000180,0.076514,54244,22151,12268,7702,5375,3966,3031,2290,19894,1,1,1,1
22.4000,6187,1,1,68297,1,130766,0.522288,14,23,55,111,192223,27.53001,0.00146,2.37921,0.00605,0,1,3,12.945820,10.749151,10.749151,-0.015091,-0.014677,14.945950,9909,0.000982,0.074277,54078,22140,12111,7739,5358,3939,2972,2326,20102,1,1,1,1
23.0000,6187,1,1,69416,0,133025,0.521831,1,1,137,137,516424,27.94599,0.00146,2.37921,0.00605,1,0,3,1.385847,1.000000,1.175210,-0.222899,-0.222847,14.738578,6196,0.015120,0.047098,55217,22538,12321,7715,5533,3983,3018,2445,20254,1,1,1,1
23.9000,6187,1,1,70970,0,136503,0.519919,2,6,73,73,85065,28.56979,0.00146,2.37921,0.00605,1,1,2,1.407132,1.000000,3.169994,-0.534880,-0.534825,14.426585,628,0.037072,0.004877,56708,23108,12667,8168,5512,4119,3086,2365,20769,1,1,1,1
22.3500,6199,1,1,68155,1,131310,0.519043,2,1,10,12,178645,27.49182,0.00157,2.38325,0.00662,0,0,3,1.372939,1.095277,1.095277,0.000699,0.000750,14.962026,10237,-0.000050,0.076504,54975,22080,12099,7581,5280,3948,2999,2288,20059,1,1,1,1
22.4000,6199,1,1,68659,1,131537,0.521979,14,121,121,427,594158,27.52648,0.00157,2.38325,0.00662,0,1,3,1.517167,1.249685,1.249685,-0.016648,-0.016581,14.944890,9925,0.001109,0.074258,54613,22495,12242,7749,5419,3841,2849,2319,20009,1,1,1,1
23.0000,6199,1,1,69464,0,133414,0.520669,2,7,85,91,728682,27.94244,0.00157,2.38325,0.00662,1,1,2,1.388483,1.000000,3.515792,-0.224711,-0.224659,14.736702,6205,0.015245,0.047081,55354,22675,12440,7863,5453,3948,3089,2317,20274,1,1,1,1
23.9000,6199,1,1,71154,0,136604,0.520882,1,5,6,110,58533,28.56626,0.00157,2.38325,0.00662,1,1,2,1.334614,1.000000,2.433089,-0.536592,-0.536545,14.424780,625,0.037196,0.004845,56553,23123,12793,8049,5597,4184,3001,2437,20866,1,1,1,1
22.3500,6211,1,1,68624,0,131492,0.521891,1,18,18,190,190206,27.48793,0.00455,2.36761,0.00632,1,1,2,1.263640,1.000000,5.738059,0.000133,0.000171,14.961632,10254,-0.000011,0.076485,54644,22300,12376,7513,5426,3905,2960,2428,19939,1,1,1,1
22.4000,6211,1,1,68506,0,131461,0.521117,9,12,17,17,229625,27.52264,0.00455,2.36761,0.00632,1,1,2,1.414177,1.000000,6.223684,-0.017227,-0.017172,14.944225,9946,0.001149,0.074274,54494,22398,12287,7662,5358,3946,3037,2351,19927,1,1,1,1
23.0000,6211,1,1,69393,1,133515,0.519743,1,456,456,456,802683,27.93857,0.00455,2.36761,0.00632,0,1,3,29.367128,28.419908,28.419908,-0.225316,-0.224772,14.736730,6218,0.015252,0.047088,55345,22535,12360,7908,5364,3930,3071,2438,20563,1,1,1,1
23.9000,6211,1,1,71119,1,136733,0.520134,1,37,37,227,576724,28.56231,0.00455,2.36761,0.00632,0,1,3,1.629408,1.177409,1.073256,-0.536913,-0.536834,14.424592,630,0.037217,0.004874,56629,23039,12672,8189,5523,4229,3078,2559,20814,1,1,1,1
22.3500,6223,1,1,68796,0,131955,0.521364,1,19,19,57,73986,27.49202,0.00178,2.38451,0.00562,1,1,2,1.061229,1.000000,1.366517,0.000824,0.000833,14.962331,10270,-0.000056,0.076453,54865,22341,12328,7866,5315,3885,3064,2394,19896,1,1,1,1
22.4000,6223,1,1,68860,0,132042,0.521505,3,43,43,43,249553,27.52666,0.00178,2.38451,0.00562,1,0,2,1.108102,1.000000,5.021141,-0.016606,-0.016590,14.944900,9959,0.001110,0.074225,54900,22329,12429,7835,5290,4026,2964,2329,19939,1,1,1,1
23.0000,6223,1,1,69680,0,133813,0.520731,1,3,49,228,594426,27.94257,0.00178,2.38451,0.00562,1,0,2,1.286602,1.000000,1.349965,-0.224453,-0.224413,14.737044,6225,0.015228,0.047049,55414,22664,12471,7880,5529,4029,3031,2455,20339,1,1,1,1
23.9000,6223,1,1,71527,1,137382,0.520647,9,6,125,125,37245,28.56633,0.00178,2.38451,0.00562,0,0,3,1.480333,1.377648,1.377648,-0.536334,-0.536271,14.424814,624,0.037177,0.004818,56783,23456,12697,8166,5705,4012,3117,2548,20897,1,1,1,1
22.3500,6235,1,1,68966,0,132172,0.521794,1,1,6,216,150233,27.49524,0.00145,2.38545,0.00662,1,0,3,1.399985,1.000000,1.180334,0.002295,0.002349,14.963766,10296,-0.000157,0.076492,55131,22339,12200,7706,5412,3895,3013,2462,20013,1,1,1,1
22.4000,6235,1,1,69104,0,132393,0.521965,2,5,45,45,220543,27.52993,0.00145,2.38545,0.00662,1,1,2,1.354766,1.000000,2.354216,-0.015103,-0.015054,14.946384,9984,0.001007,0.074260,54928,22677,12264,7832,5312,3860,3086,2357,20076,1,1,1,1
23.0000,6235,1,1,70030,0,134701,0.519896,42,2,42,42,196785,27.94581,0.00145,2.38545,0.00662,1,1,3,1.385549,1.000000,1.094649,-0.222978,-0.222925,14.738434,6248,0.015125,0.047128,55982,22919,12697,7945,5464,3910,3003,2420,20360,1,1,1,1
23.9000,6235,1,1,71740,0,137608,0.521340,1,2,20,178,149422,28.56959,0.00145,2.38545,0.00662,1,0,3,1.351243,1.000000,1.069217,-0.534873,-0.534824,14.426615,631,0.037072,0.004862,57122,23536,12758,8070,5491,4093,3200,2378,20959,1,1,1,1
22.3500,6247,1,1,69088,0,132386,0.521872,2,14,19,40,370498,27.48530,0.00166,2.37998,0.00673,1,1,2,1.113631,1.000000,1.818833,-0.002575,-0.002557,14.958595,10311,0.000171,0.076483,55134,22266,12396,7709,5336,3920,3161,2339,20124,1,1,1,1
22.4000,6247,1,1,69218,0,132122,0.523899,19,2,19,28,501126,27.51992,0.00166,2.37998,0.00673,1,1,3,1.329013,1.000000,1.088691,-0.019842,-0.019797,14.941528,9999,0.001325,0.074253,54826,22415,12269,7780,5438,3928,2940,2369,20156,1,1,1,1
23.0000,6247,1,1,69939,1,134305,0.520751,3,4,4,41,193496,27.93590,0.00166,2.37998,0.00673,0,1,3,3.020867,2.342754,2.342754,-0.227893,-0.227716,14.733387,6250,0.015456,0.047069,55623,22804,12511,7943,5458,4061,3050,2327,20527,1,1,1,1
23.9000,6247,1,1,71420,0,137743,0.518506,1,3,7,49,101654,28.55970,0.00166,2.37998,0.00673,1,1,2,1.395714,1.000000,2.015913,-0.539782,-0.539728,14.421640,628,0.037425,0.004832,57178,23382,12726,8299,5485,4030,3152,2498,20992,1,1,1,1
22.3500,6259,1,1,69164,0,132497,0.522008,4,41,41,41,156479,27.49722,0.00166,2.38080,0.00881,1,1,2,1.409195,1.000000,20.632423,0.003207,0.003262,14.964645,10331,-0.000218,0.076453,54970,22572,12459,7870,5229,3942,3002,2335,20117,1,1,1,1
22.4000,6259,1,1,69373,1,132433,0.523839,14,1,68,574,3009379,27.53188,0.00166,2.38080,0.00881,0,1,3,1.454043,1.028779,1.028779,-0.013885,-0.013825,14.947578,10018,0.000925,0.074222,54830,22454,12371,7858,5463,3921,2937,2479,20119,1,1,1,1
23.0000,6259,1,1,70234,0,134722,0.521329,1,3,80,4175,127892,27.94783,0.00166,2.38080,0.00881,1,1,3,1.195392,1.000000,1.066757,-0.221856,-0.221828,14.739410,6262,0.015050,0.047049,56165,22955,12343,7848,5528,4004,3034,2333,20511,1,1,1,1
23.9000,6259,1,1,72258,0,138658,0.521128,2,6,6,61,367140,28.57165,0.00166,2.38080,0.00881,1,0,2,1.237349,1.000000,1.935699,-0.533823,-0.533789,14.427678,629,0.036998,0.004828,57870,23611,12817,8146,5669,4142,3057,2394,20951,1,1,1,1
22.3500,6271,1,1,69385,1,132751,0.522674,11,18,18,112,308411,27.50429,0.00304,2.37793,0.00758,0,0,3,3.213402,3.130681,3.130681,0.007608,0.007794,14.968721,10351,-0.000521,0.076434,55049,22538,12381,7795,5363,3807,3192,2309,20316,1,1,1,1
22.4000,6271,1,1,69727,1,133325,0.522989,6,2,69,92,3127459,27.53899,0.00304,2.37793,0.00758,0,1,3,1.932486,1.375550,1.375550,-0.009680,-0.009575,14.951840,10033,0.000640,0.074169,55556,22661,12395,7810,5370,3870,3136,2298,20228,1,1,1,1
23.0000,6271,1,1,70342,0,135181,0.520358,1,1,9,50,650761,27.95493,0.00304,2.37793,0.00758,1,0,3,1.195925,1.000000,1.089577,-0.217620,-0.217592,14.743502,6271,0.014758,0.047014,55933,23096,12561,7983,5520,4068,3025,2412,20582,1,1,1,1
23.9000,6271,1,1,72190,0,138454,0.521404,17,2,17,1589,98207,28.57866,0.00304,2.37793,0.00758,1,1,3,1.371618,1.000000,1.066735,-0.529484,-0.529433,14.432000,627,0.036685,0.004802,57524,23540,12927,8148,5700,4083,3003,2416,21112,1,1,1,1
22.3500,6283,1,1,69390,0,133253,0.520743,6,5,58,58,500575,27.50831,0.00165,2.39030,0.00555,1,1,3,1.176570,1.000000,1.075473,0.008925,0.008951,14.970174,10372,-0.000598,0.076435,55358,22807,12466,7802,5352,3916,3018,2392,20141,1,1,1,1
22.4000,6283,1,1,69686,0,133624,0.521512,1,4,48,54,766385,27.54295,0.00165,2.39030,0.00555,1,0,2,1.257653,1.000000,1.490629,-0.008421,-0.008384,14.953080,10058,0.000561,0.074206,55437,22769,12488,7927,5485,3979,3073,2360,20105,1,1,1,1
23.0000,6283,1,1,70668,0,135475,0.521635,1,25,52,52,200573,27.95887,0.00165,2.39030,0.00555,1,1,2,1.090163,1.000000,2.466294,-0.216417,-0.216403,14.744716,6288,0.014677,0.047047,56453,22853,12676,8004,5436,3993,3070,2510,20479,1,1,1,1
23.9000,6283,1,1,72386,0,139157,0.520179,1,2,4,94,169079,28.58262,0.00165,2.39030,0.00555,1,1,2,1.413663,1.000000,1.606102,-0.528261,-0.528206,14.433197,634,0.036597,0.004846,57979,23738,13003,8075,5535,4182,3164,2480,21000,1,1,1,1
22.3500,6295,1,1,69552,0,133110,0.522519,1,4,19,98,501035,27.49552,0.00165,2.38750,0.00545,1,0,2,1.279603,1.000000,1.574057,0.002519,0.002558,14.964017,10393,-0.000171,0.076476,55045,22692,12376,7834,5408,3976,3082,2407,20289,1,1,1,1
22.4000,6295,1,1,69193,1,133163,0.519615,3,66,66,97,1882731,27.53020,0.00165,2.38750,0.00545,0,1,3,8.403442,8.253488,8.253488,-0.014957,-0.014618,14.946888,10075,0.000978,0.074221,55134,22881,12268,7828,5399,3977,3050,2407,20218,1,1,1,1
23.0000,6295,1,1,70635,1,135848,0.519960,18,31,31,120,102279,27.94609,0.00165,2.38750,0.00545,0,1,3,21.059467,15.632409,15.632409,-0.222952,-0.222467,14.738047,6298,0.015095,0.047054,56606,22961,12716,8002,5525,3967,3025,2464,20581,1,1,1,1
23.9000,6295,1,1,72082,0,138633,0.519952,2,4,24,1501,28739744,28.56987,0.00165,2.38750,0.00545,1,0,2,1.320219,1.000000,1.988043,-0.534674,-0.534630,14.426820,635,0.037058,0.004847,57667,23370,12717,8100,5789,4172,3135,2532,21150,1,1,1,1
22.3500,6307,1,1,69626,0,133661,0.520919,1,1,5,29,124577,27.49078,0.00296,2.37474,0.00605,1,0,3,1.399583,1.000000,1.042237,0.000861,0.000914,14.962335,10413,-0.000061,0.076486,55737,22492,12335,7868,5469,3974,3060,2405,20320,1,1,1,1
22.4000,6307,1,1,69576,0,133538,0.521024,2,70,70,228,254165,27.52540,0.00296,2.37474,0.00605,1,1,2,1.266193,1.000000,21.495657,-0.016690,-0.016652,14.944637,10093,0.001114,0.074223,55398,22618,12614,7866,5437,3989,3052,2327,20236,1,1,1,1
23.0000,6307,1,1,70707,1,135778,0.520758,1,36,85,85,1708337,27.94138,0.00296,2.37474,0.00605,0,1,3,24.859911,18.718636,18.718636,-0.224667,-0.224158,14.737346,6311,0.015210,0.047063,56418,22831,12612,8024,5481,4029,3143,2512,20727,1,1,1,1
23.9000,6307,1,1,72356,0,139097,0.520187,2,3,224,452,215193,28.56518,0.00296,2.37474,0.00605,1,1,2,1.410412,1.000000,2.099490,-0.536392,-0.536338,14.425073,632,0.037181,0.004815,57723,23729,13037,8178,5622,3955,3182,2423,21247,1,1,1,1
22.3500,6319,1,1,69892,0,133957,0.521753,1,14,15,3169,174082,27.49609,0.00143,2.37924,0.00615,1,1,3,1.065271,1.000000,1.091748,0.002771,0.002781,14.964280,10432,-0.000186,0.076470,55350,22992,12443,7877,5522,4070,3088,2434,20180,1,1,1,1
22.4000,6319,1,1,69953,1,134011,0.521998,3,3,11,307,349521,27.53075,0.00143,2.37924,0.00615,0,1,3,2.540324,1.912828,1.912828,-0.014611,-0.014463,14.947014,10116,0.000968,0.074239,55823,22679,12376,7905,5348,4007,3011,2475,20386,1,1,1,1
23.0000,6319,1,1,71308,0,137029,0.520390,1,2,83,83,93900,27.94671,0.00143,2.37924,0.00615,1,1,3,1.253941,1.000000,1.035391,-0.222535,-0.222499,14.738783,6326,0.015096,0.047081,57128,23188,12830,8035,5689,4137,3176,2432,20413,1,1,1,1
23.9000,6319,1,1,72686,0,139635,0.520547,3,2,129,129,532687,28.57053,0.00143,2.37924,0.00615,1,1,3,1.329513,1.000000,1.013771,-0.534447,-0.534402,14.426926,637,0.037042,0.004843,58156,23802,12990,8126,5649,4119,3138,2420,21234,1,1,1,1
22.3500,6331,1,1,69798,0,133873,0.521379,1,10,29,35,452329,27.48695,0.00142,2.38430,0.00583,1,1,3,1.081827,1.000000,1.044396,-0.001779,-0.001766,14.959342,10452,0.000118,0.076496,55481,23185,12357,7820,5359,3868,3012,2301,20489,1,1,1,1
22.4000,6331,1,1,70447,1,134326,0.524452,4,29,29,41,571013,27.52165,0.00142,2.38430,0.00583,0,1,3,12.235255,10.975264,10.975264,-0.019321,-0.018926,14.942578,10135,0.001267,0.074259,55631,22990,12443,7964,5482,3916,3130,2529,20240,1,1,1,1
23.0000,6331,1,1,71033,1,136476,0.520484,1,3,111,111,243630,27.93758,0.00142,2.38430,0.00583,0,1,3,2.797722,2.026417,2.026417,-0.227153,-0.226990,14.734506,6337,0.015405,0.047087,56807,23228,12669,7878,5568,4060,3040,2404,20821,1,1,1,1
23.9000,6331,1,1,72965,1,139634,0.522548,1,26,26,991,290031,28.56132,0.00142,2.38430,0.00583,0,0,3,3.537084,2.987622,2.987622,-0.539051,-0.538852,14.422381,639,0.037362,0.004851,58061,23785,12975,8141,5576,4158,3167,2587,21183,1,1,1,1
22.3500,6343,1,1,70382,0,135159,0.520739,33,3,33,78,2839875,27.49151,0.00164,2.39439,0.00503,1,1,2,1.401681,1.000000,1.946698,0.000476,0.000529,14.961949,10469,-0.000035,0.076462,56367,22910,12756,7971,5460,4033,2970,2541,20150,1,1,1,1
22.4000,6343,1,1,70346,0,134290,0.523840,4,7,7,44,115063,27.52615,0.00164,2.39439,0.00503,1,1,2,1.266627,1.000000,2.353704,-0.016861,-0.016824,14.944468,10152,0.001126,0.074234,55842,22729,12461,8001,5459,3903,3048,2440,20406,1,1,1,1
23.0000,6343,1,1,71309,1,136755,0.521440,2,7,37,37,68472,27.94207,0.00164,2.39439,0.00503,0,1,3,1.705870,1.248108,1.248108,-0.224761,-0.224677,14.736761,6346,0.015246,0.047057,56823,23277,12636,8170,5447,4125,3124,2398,20754,1,1,1,1
23.9000,6343,1,1,72955,1,140222,0.520286,1,4,11,41,99238,28.56582,0.00164,2.39439,0.00503,0,0,3,2.760976,2.143723,2.143723,-0.536687,-0.536527,14.424778,638,0.037195,0.004833,58255,23874,13172,8288,5665,4141,3120,2492,21214,1,1,1,1
22.3500,6355,1,1,70059,1,134414,0.521222,1,28,28,867,163181,27.47803,0.00256,2.38968,0.00818,0,1,3,5.627413,5.215484,5.215484,-0.005864,-0.005592,14.955905,10487,0.000374,0.076480,55721,22940,12394,8059,5503,3968,2958,2411,20459,1,1,1,1
22.4000,6355,1,1,70210,0,134561,0.521775,11,8,105,977,320180,27.51271,0.00256,2.38968,0.00818,1,1,2,1.364138,1.000000,3.812543,-0.023182,-0.023133,14.938306,10169,0.001549,0.074248,55928,22902,12431,7782,5533,4015,3082,2419,20468,1,1,1,1
23.0000,6355,1,1,71191,1,136693,0.520813,1,49,49,1057,195245,27.92860,0.00256,2.38968,0.00818,0,1,3,13.443218,12.635183,12.635183,-0.231220,-0.230811,14.730692,6356,0.015669,0.047062,56656,23280,12617,8057,5487,4237,3105,2550,20703,1,1,1,1
23.9000,6355,1,1,72740,0,139990,0.519612,2,16,16,111,2138013,28.55238,0.00256,2.38968,0.00818,1,1,2,1.154864,1.000000,2.923513,-0.542993,-0.542971,14.418237,638,0.037659,0.004826,58281,23628,12988,8238,5713,4238,3166,2444,21293,1,1,1,1
22.3500,6367,1,1,70254,0,134953,0.520585,6,12,54,55,884724,27.48358,0.00280,2.38608,0.00626,1,1,2,1.145059,1.000000,1.922191,-0.002866,-0.002845,14.958354,10507,0.000190,0.076469,56210,22820,12527,7964,5603,3939,3061,2465,20363,1,1,1,1
22.4000,6367,1,1,70075,1,134855,0.519636,2,5,101,101,260517,27.51820,0.00280,2.38608,0.00626,0,1,3,2.463236,1.786432,1.786432,-0.020167,-0.020026,14.941408,10191,0.001340,0.074253,55986,22901,12552,7853,5483,3973,3059,2412,20635,1,1,1,1
23.0000,6367,1,1,71768,0,137389,0.522375,3,5,11,295,362394,27.93417,0.00280,2.38608,0.00626,1,1,2,1.413976,1.000000,3.064376,-0.228200,-0.228145,14.733259,6370,0.015485,0.047069,57223,23275,12758,8097,5425,4199,3230,2427,20754,1,1,1,1
23.9000,6367,1,1,73490,0,140843,0.521790,1,12,59,82,1138202,28.55797,0.00280,2.38608,0.00626,1,1,2,1.125665,1.000000,1.887382,-0.540061,-0.540042,14.421448,638,0.037447,0.004816,58607,24052,13009,8291,5721,4105,3257,2618,21182,1,1,1,1
22.3500,6379,1,1,70112,0,134572,0.521004,156,10,156,584,134486,27.48147,0.00223,2.39361,0.00620,1,1,2,1.336207,1.000000,4.319574,-0.004250,-0.004204,14.957130,10531,0.000281,0.076506,55726,22574,12549,8058,5487,4091,3145,2438,20503,1,1,1,1
22.4000,6379,1,1,70880,0,135472,0.523212,2,2,3,23,1872283,27.51613,0.00223,2.39361,0.00620,1,1,3,1.408890,1.000000,1.396233,-0.021492,-0.021438,14.939949,10214,0.001435,0.074288,56183,23489,12707,7967,5354,3920,3080,2388,20383,1,1,1,1
23.0000,6379,1,1,71739,1,137547,0.521564,1,182,182,182,5018562,27.93209,0.00223,2.39361,0.00620,0,1,3,4.206726,3.370373,3.241608,-0.229536,-0.229310,14.731972,6384,0.015565,0.047087,57106,23369,12864,8192,5581,4097,3080,2469,20788,1,1,1,1
23.9000,6379,1,1,73064,0,140905,0.518537,1,5,31,33,519671,28.55591,0.00223,2.39361,0.00620,1,0,2,1.218839,1.000000,1.422698,-0.541381,-0.541350,14.420124,643,0.037541,0.004845,58438,23928,13372,8353,5582,4198,3251,2578,21204,1,1,1,1
22.3500,6391,1,1,70635,1,135296,0.522081,1,6,120,120,1013759,27.48741,0.00305,2.39791,0.00660,0,0,3,1.849135,1.444790,1.444790,-0.000755,-0.000659,14.960643,10548,0.000044,0.076467,56398,22878,12549,7935,5380,4007,3116,2357,20675,1,1,1,1
22.4000,6391,1,1,70522,0,134882,0.522846,27,15,27,51,1163280,27.52212,0.00305,2.39791,0.00660,1,1,2,1.198444,1.000000,3.358019,-0.018174,-0.018146,14.943102,10227,0.001214,0.074227,55529,22880,12598,8037,5734,4127,3018,2342,20616,1,1,1,1
23.0000,6391,1,1,71335,1,137319,0.519488,4,83,83,83,1874119,27.93805,0.00305,2.39791,0.00660,0,1,3,37.369781,33.326920,33.326920,-0.226321,-0.225754,14.735755,6393,0.015320,0.047053,56986,23169,12691,8063,5791,4032,3069,2516,21001,1,1,1,1
23.9000,6391,1,1,73355,1,140893,0.520647,3,66,66,66,574756,28.56179,0.00305,2.39791,0.00660,0,1,3,2.886280,2.246890,2.150825,-0.537973,-0.537807,14.423654,642,0.037286,0.004827,58298,24045,13159,8253,5702,4137,3220,2524,21554,1,1,1,1
22.3500,6403,1,1,70783,1,135701,0.521614,6,2,113,113,136563,27.48021,0.00237,2.39524,0.00526,0,1,3,1.681823,1.193242,1.193242,-0.004766,-0.004685,14.956730,10570,0.000313,0.076503,56462,23128,12799,7777,5483,3964,3086,2443,20558,1,1,1,1
22.4000,6403,1,1,70797,1,135179,0.523732,2,6,8,20,655317,27.51485,0.00237,2.39524,0.00526,0,1,3,2.951470,2.385091,2.385091,-0.022143,-0.021974,14.939497,10251,0.001471,0.074280,56290,22557,12604,8048,5494,3932,3107,2408,20738,1,1,1,1
23.0000,6403,1,1,71393,1,137420,0.519528,1,3,7,275,549532,27.93076,0.00237,2.39524,0.00526,0,1,3,1.276622,1.015574,1.015574,-0.230032,-0.229994,14.731474,6408,0.015612,0.047089,56757,23649,12727,8046,5687,4077,3020,2506,20950,1,1,1,1
23.9000,6403,1,1,73560,0,141507,0.519837,1,5,25,27,2173248,28.55452,0.00237,2.39524,0.00526,1,1,2,1.365752,1.000000,2.805743,-0.541989,-0.541940,14.419413,649,0.037584,0.004872,58891,24163,13060,8388,5693,4219,3222,2570,21300,1,1,1,1
22.3500,6415,1,1,70797,1,135655,0.521894,7,4,7,10,259858,27.47581,0.00284,2.39601,0.00648,0,1,3,1.805310,1.667108,1.667108,-0.006733,-0.006641,14.954450,10586,0.000444,0.076487,56152,23246,12710,7997,5478,4000,3083,2442,20546,1,1,1,1
22.4000,6415,1,1,70806,0,135544,0.522388,1,5,151,230,271902,27.51050,0.00284,2.39601,0.00648,1,0,2,1.255983,1.000000,1.862693,-0.024086,-0.024050,14.937417,10265,0.001610,0.074253,56197,23096,12588,7921,5466,4018,3121,2349,20787,1,1,1,1
23.0000,6415,1,1,72333,1,138446,0.522467,2,3,12,42,158350,27.92639,0.00284,2.39601,0.00648,0,0,3,1.889743,1.612974,1.612974,-0.232016,-0.231917,14.729310,6416,0.015745,0.047066,57512,23702,12890,8168,5594,4023,3184,2435,20937,1,1,1,1
23.9000,6415,1,1,73189,1,141099,0.518710,3,3,4,80,312038,28.55017,0.00284,2.39601,0.00648,0,0,3,1.349261,1.096916,1.096916,-0.543879,-0.543832,14.417440,643,0.037720,0.004819,58475,23983,13161,8131,5807,4338,3102,2541,21560,1,1,1,1
22.3500,6427,1,1,71011,1,135873,0.522632,4,38,38,223,345325,27.46868,0.00162,2.38380,0.00557,0,1,3,3.073276,2.664885,2.664885,-0.010930,-0.010756,14.950731,10608,0.000719,0.076522,56367,23026,12721,8141,5552,4001,3073,2445,20546,1,1,1,1
22.4000,6427,1,1,71100,0,136201,0.522026,1,6,6,29,422073,27.50330,0.00162,2.38380,0.00557,1,0,2,1.224079,1.000000,1.721976,-0.028206,-0.028175,14.933300,10287,0.001887,0.074293,56728,22841,12766,8128,5521,4018,3046,2353,20799,1,1,1,1
23.0000,6427,1,1,72022,0,138139,0.521377,2,4,17,301,158913,27.91927,0.00162,2.38380,0.00557,1,1,2,1.255579,1.000000,1.351380,-0.236173,-0.236138,14.725152,6430,0.016036,0.047094,57280,23363,12919,8283,5588,4105,3111,2497,20992,1,1,1,1
23.9000,6427,1,1,73588,0,141468,0.520178,1,11,141,687,195397,28.54307,0.00162,2.38380,0.00557,1,1,2,1.145450,1.000000,1.978783,-0.548103,-0.548082,14.413406,647,0.038026,0.004841,58768,23904,13050,8349,5787,4262,3260,2554,21533,1,1,1,1
22.3500,6439,1,1,71080,0,136209,0.521849,3,3,3,51,132944,27.46729,0.00327,2.38147,0.00591,1,1,2,1.409996,1.000000,1.784737,-0.010745,-0.010691,14.950700,10624,0.000715,0.076495,56593,23271,12834,7952,5447,4032,2930,2417,20732,1,1,1,1
22.4000,6439,1,1,71052,0,135803,0.523203,1,36,36,2336,308953,27.50195,0.00327,2.38147,0.00591,1,1,2,1.051499,1.000000,1.999898,-0.028085,-0.028077,14.932970,10302,0.001880,0.074265,55924,23245,12754,7862,5683,4083,3052,2461,20738,1,1,1,1
23.0000,6439,1,1,72045,1,138571,0.519918,1,11,64,77,1078016,27.91790,0.00327,2.38147,0.00591,0,1,3,2.180092,1.568379,1.409218,-0.236033,-0.235912,14.725518,6438,0.016021,0.047064,57386,23577,13057,8148,5667,4012,3204,2471,21048,1,1,1,1
23.9000,6439,1,1,73885,1,141839,0.520911,1,7,175,175,145113,28.54172,0.00327,2.38147,0.00591,0,1,3,5.457490,4.224216,4.224216,-0.548031,-0.547767,14.413722,644,0.038003,0.004810,58905,24207,13116,8339,5601,4108,3246,2472,21844,1,1,1,1
22.3500,6451,1,1,71710,0,136867,0.523943,2,28,28,126,947905,27.47250,0.00172,2.38141,0.00613,1,1,2,1.078308,1.000000,2.329378,-0.008912,-0.008900,14.952211,10647,0.000595,0.076510,56915,23317,12792,8212,5431,3999,3051,2490,20659,1,1,1,1
22.4000,6451,1,1,71278,0,136788,0.521088,15,130,130,130,54473,27.50721,0.00172,2.38141,0.00613,1,1,2,1.370984,1.000000,57.270397,-0.026513,-0.026464,14.934975,10323,0.001772,0.074268,56585,23469,12713,7960,5545,4191,3082,2471,20771,1,1,1,1
23.0000,6451,1,1,72481,1,138996,0.521465,1,9,104,115,86692,27.92314,0.00172,2.38141,0.00613,0,1,3,5.645722,4.654192,4.654192,-0.234284,-0.234016,14.727496,6452,0.015890,0.047072,57727,23506,13089,8298,5631,4043,3080,2483,21138,1,1,1,1
23.9000,6451,1,1,74002,0,142151,0.520591,2,8,54,66,249685,28.54688,0.00172,2.38141,0.00613,1,1,2,1.410155,1.000000,4.704172,-0.546152,-0.546099,14.415316,647,0.037883,0.004823,59192,24058,13251,8381,5654,4147,3225,2526,21716,1,1,1,1
22.3500,6463,1,1,71050,0,136544,0.520349,1,1,10,59,12682948,27.48011,0.00172,2.38844,0.00577,1,0,3,1.390665,1.000000,1.015186,-0.005129,-0.005078,14.956353,10661,0.000339,0.076448,56597,23301,12627,8073,5546,4057,3105,2526,20711,1,1,1,1
22.4000,6463,1,1,71419,1,136520,0.523143,1,83,83,283,331673,27.51475,0.00172,2.38844,0.00577,0,1,3,24.516918,22.980163,22.980163,-0.022691,-0.022196,14.939311,10338,0.001486,0.074216,56718,22964,12717,8058,5496,4004,3147,2549,20866,1,1,1,1
23.0000,6463,1,1,72818,0,139455,0.522165,1,90,147,147,59485,27.93066,0.00172,2.38844,0.00577,1,0,2,1.100280,1.000000,9.655971,-0.230579,-0.230564,14.730932,6461,0.015652,0.047039,57770,23862,13147,8194,5673,4075,3154,2471,21108,1,1,1,1
23.9000,6463,1,1,74413,1,142778,0.521183,1,5,39,233,78149,28.55442,0.00172,2.38844,0.00577,0,1,3,3.762245,2.956649,2.956649,-0.542366,-0.542160,14.419120,644,0.037600,0.004790,59400,24310,13168,8441,5763,4303,3239,2443,21710,1,1,1,1
22.3500,6475,1,1,71581,1,136832,0.523134,1,36,36,10336,2677416,27.47657,0.00306,2.37983,0.00693,0,1,3,18.637253,16.040211,16.040211,-0.006418,-0.005966,14.955543,10685,0.000399,0.076482,56914,23236,12514,8081,5680,3995,3183,2477,20751,1,1,1,1
22.4000,6475,1,1,71587,1,137273,0.521497,2,108,108,108,1215093,27.51126,0.00306,2.37983,0.00693,0,1,3,24.646811,23.385531,23.385531,-0.023789,-0.023294,14.938212,10361,0.001559,0.074249,56889,23355,12689,8268,5674,4107,3191,2470,20629,1,1,1,1
23.0000,6475,1,1,72657,1,139223,0.521879,12,6,42,42,335405,27.92715,0.00306,2.37983,0.00693,0,1,3,2.698188,2.436131,2.436131,-0.231558,-0.231405,14.729544,6476,0.015710,0.047066,57606,23653,12985,8296,5627,4225,3126,2519,21185,1,1,1,1
23.9000,6475,1,1,74388,0,142491,0.522058,1,6,14,108,277942,28.55092,0.00306,2.37983,0.00693,1,1,2,1.175861,1.000000,1.292231,-0.543399,-0.543374,14.417861,649,0.037688,0.004819,58861,24403,13099,8616,5721,4250,3334,2486,21720,1,1,1,1
22.3500,6487,1,1,71780,0,137732,0.521161,3,3,4,308,127918,27.48142,0.00128,2.37162,0.00772,1,0,3,1.266734,1.000000,1.108020,-0.004656,-0.004619,14.956848,10711,0.000309,0.076519,57378,23535,12759,7907,5690,4095,3174,2486,20707,1,1,1,1
22.4000,6487,1,1,71914,0,137551,0.522821,1,8,8,147,130203,27.51604,0.00128,2.37162,0.00772,1,1,2,1.409254,1.000000,4.478972,-0.022074,-0.022021,14.939397,10387,0.001474,0.074291,57018,23624,12851,8012,5593,4142,3141,2368,20801,1,1,1,1
23.0000,6487,1,1,72782,0,139563,0.521503,1,3,10,436,171775,27.93201,0.00128,2.37162,0.00772,1,1,2,1.273741,1.000000,1.344835,-0.229967,-0.229930,14.731374,6494,0.015608,0.047103,57832,23627,12908,8246,5705,4228,3163,2554,21299,1,1,1,1
23.9000,6487,1,1,74576,0,142949,0.521700,1,12,18,18,316839,28.55581,0.00128,2.37162,0.00772,1,1,2,1.094990,1.000000,1.421324,-0.541868,-0.541854,14.419644,656,0.037577,0.004861,59538,23950,13434,8532,5749,4168,3230,2586,21761,1,1,1,1
22.3500,6499,1,1,71601,1,137460,0.520890,5,9,11,50,222774,27.48114,0.00149,2.36922,0.00838,0,1,3,4.509229,3.911802,3.911802,-0.004765,-0.004533,14.956975,10729,0.000303,0.076506,57152,23137,12803,8198,5730,4070,3030,2397,20942,1,1,1,1
22.4000,6499,1,1,71978,0,137966,0.521712,1,1,5,20,168024,27.51580,0.00149,2.36922,0.00838,1,0,3,1.386116,1.000000,1.225910,-0.022007,-0.021957,14.939477,10404,0.001470,0.074275,57400,23427,12779,8149,5519,4142,3114,2488,20947,1,1,1,1
23.0000,6499,1,1,72714,0,140036,0.519256,1,51,398,398,334490,27.93175,0.00149,2.36922,0.00838,1,1,2,1.103901,1.000000,5.720129,-0.230102,-0.230086,14.731071,6505,0.015619,0.047097,58063,23834,13023,8309,5731,4148,3281,2528,21118,1,1,1,1
23.9000,6499,1,1,74782,0,143627,0.520672,2,40,662,662,2432451,28.55558,0.00149,2.36922,0.00838,1,1,2,1.414085,1.000000,20.603029,-0.542111,-0.542058,14.419350,655,0.037592,0.004845,59864,24329,13373,8373,5781,4259,3347,2493,21807,1,1,1,1
22.3500,6511,1,1,71726,0,137818,0.520444,14,62,62,75,313260,27.47726,0.00138,2.37374,0.00647,1,1,2,1.181280,1.000000,12.301393,-0.006827,-0.006802,14.954682,10748,0.000455,0.076512,57204,23510,12779,8158,5632,4038,3220,2458,20818,1,1,1,1
22.4000,6511,1,1,71896,0,137956,0.521155,9,23,23,54,138191,27.51196,0.00138,2.37374,0.00647,1,0,2,1.044458,1.000000,1.079017,-0.023993,-0.023986,14.937519,10421,0.001606,0.074269,57116,23780,12794,8105,5545,4046,3151,2548,20870,1,1,1,1
23.0000,6511,1,1,73195,1,140401,0.521332,1,2,10,66,120002,27.92789,0.00138,2.37374,0.00647,0,0,3,1.972096,1.427972,1.427972,-0.231979,-0.231875,14.729493,6514,0.015742,0.047080,58441,23756,12876,8369,5768,4105,3184,2586,21315,1,1,1,1
23.9000,6511,1,1,75083,1,143777,0.522222,3,79,79,84,132370,28.55163,0.00138,2.37374,0.00647,0,1,3,2.759503,2.423615,2.423615,-0.543888,-0.543732,14.417758,655,0.037713,0.004836,59933,24375,13316,8396,5793,4199,3244,2558,21962,1,1,1,1
22.3500,6523,1,1,71963,1,137911,0.521811,6,8,18,22,2316342,27.47938,0.00369,2.37394,0.00600,0,1,3,4.836389,3.948524,3.948524,-0.004605,-0.004363,14.957126,10767,0.000292,0.076494,57213,23418,12808,8130,5596,4131,3166,2424,21024,1,1,1,1
22.4000,6523,1,1,72265,1,138106,0.523261,1,1,27,33,2394059,27.51403,0.00369,2.37394,0.00600,0,1,3,1.537096,1.192200,1.192200,-0.021830,-0.021764,14.939699,10440,0.001457,0.074257,57470,23498,12877,7982,5678,4005,3124,2423,21048,1,1,1,1
23.0000,6523,1,1,73043,1,140267,0.520746,2,5,6,36,4434580,27.92994,0.00369,2.37394,0.00600,0,1,3,4.196101,3.106032,3.106032,-0.229862,-0.229643,14.731844,6526,0.015588,0.047073,58165,23666,13085,8400,5675,4165,3199,2513,21398,1,1,1,1
23.9000,6523,1,1,74882,0,143952,0.520191,8,25,103,229,584310,28.55369,0.00369,2.37394,0.00600,1,1,2,1.207168,1.000000,5.961528,-0.541792,-0.541763,14.419717,657,0.037571,0.004842,60054,24133,13330,8499,5904,4318,3283,2474,21956,1,1,1,1
22.3500,6535,1,1,72306,0,138390,0.522484,2,3,29,50,74187,27.48555,0.00159,2.37878,0.00577,1,0,3,1.288203,1.000000,1.242331,-0.002462,-0.002424,14.959041,10786,0.000162,0.076478,57358,23453,12928,8136,5599,4288,3158,2458,21011,1,1,1,1
22.4000,6535,1,1,72087,1,138230,0.521504,3,25,544,544,231441,27.52023,0.00159,2.37878,0.00577,0,1,3,3.882233,3.666143,3.666143,-0.019887,-0.019679,14.941825,10459,0.001317,0.074245,57022,23510,13024,8172,5630,4123,3126,2437,21185,1,1,1,1
23.0000,6535,1,1,73484,0,140901,0.521533,1,3,49,49,208379,27.93612,0.00159,2.37878,0.00577,1,0,2,1.309671,1.000000,1.483616,-0.227762,-0.227721,14.733739,6538,0.015456,0.047066,58462,24020,13090,8396,5713,4214,3098,2493,21414,1,1,1,1
23.9000,6535,1,1,75058,0,144272,0.520257,21,2,28,28,176638,28.55990,0.00159,2.37878,0.00577,1,1,3,1.406999,1.000000,1.040111,-0.539623,-0.539571,14.421820,657,0.037414,0.004832,60137,24584,13273,8439,5870,4266,3172,2557,21973,1,1,1,1
22.3500,6547,1,1,72387,1,138517,0.522589,4,7,213,213,550195,27.48453,0.00311,2.38169,0.00587,0,1,3,4.316447,3.580512,3.580512,-0.002269,-0.002045,14.958996,10805,0.000137,0.076473,57159,23766,13041,8198,5667,4071,3135,2435,21044,1,1,1,1
22.4000,6547,1,1,72277,1,138913,0.520308,2,2,11,151,606281,27.51915,0.00311,2.38169,0.00587,0,1,3,1.946685,1.502984,1.502984,-0.019512,-0.019410,14.941811,10477,0.001299,0.074236,57735,23681,12881,8236,5583,4064,3276,2465,20991,1,1,1,1
23.0000,6547,1,1,73568,0,141305,0.520636,6,12,67,67,163456,27.93513,0.00311,2.38169,0.00587,1,1,2,1.413710,1.000000,6.544381,-0.227611,-0.227559,14.733853,6548,0.015445,0.047052,59039,23795,12937,8282,5869,4109,3241,2509,21523,1,1,1,1
23.9000,6547,1,1,74881,1,143509,0.521790,2,11,165,165,2127965,28.55893,0.00311,2.38169,0.00587,0,1,3,2.306809,1.829410,1.829410,-0.539413,-0.539286,14.422184,656,0.037393,0.004816,59116,24376,13398,8577,5951,4365,3144,2523,22058,1,1,1,1
22.3500,6559,1,1,72537,1,139090,0.521515,1,10,12,362,147354,27.48413,0.00292,2.38846,0.00706,0,1,3,4.465951,3.765159,3.765159,-0.002546,-0.002318,14.958929,10822,0.000155,0.076453,58037,23725,12835,8061,5728,4117,3162,2424,21000,1,1,1,1
22.4000,6559,1,1,72490,0,138829,0.522157,1,3,3,1060,5297285,27.51879,0.00292,2.38846,0.00706,1,1,2,1.392470,1.000000,1.951704,-0.019827,-0.019776,14.941656,10494,0.001324,0.074222,57523,23635,13015,8243,5679,4013,3144,2538,21038,1,1,1,1
23.0000,6559,1,1,73517,1,141528,0.519456,1,3,13,29,148057,27.93475,0.00292,2.38846,0.00706,0,1,3,2.501432,1.956780,1.956780,-0.227804,-0.227664,14.733818,6559,0.015452,0.047045,58933,23815,13118,8415,5758,4224,3228,2579,21457,1,1,1,1
23.9000,6559,1,1,75439,1,144377,0.522518,1,2,31,31,178811,28.55857,0.00292,2.38846,0.00706,0,1,3,2.087444,1.586720,1.586720,-0.539699,-0.539587,14.421909,655,0.037414,0.004800,59770,24705,13233,8638,5891,4285,3276,2587,21991,1,1,1,1
22.3500,6571,1,1,72142,0,138560,0.520659,6,3,57,1058,174107,27.48981,0.00127,2.39179,0.00686,1,1,2,1.395968,1.000000,1.527144,-0.000443,-0.000392,14.960989,10850,0.000026,0.076500,57348,23611,12868,8106,5600,4132,3172,2505,21217,1,1,1,1
22.4000,6571,1,1,72824,0,139232,0.523044,4,18,18,30,116207,27.52452,0.00127,2.39179,0.00686,1,1,2,1.055256,1.000000,1.105969,-0.017769,-0.017761,14.943308,10521,0.001189,0.074268,57771,23888,12902,8192,5689,4011,3088,2495,21195,1,1,1,1
23.0000,6571,1,1,73722,0,141491,0.521040,6,2,29,87,584675,27.94045,0.00127,2.39179,0.00686,1,1,3,1.366529,1.000000,1.223495,-0.225737,-0.225689,14.735755,6578,0.015316,0.047089,58836,23867,13107,8345,5796,4192,3243,2605,21499,1,1,1,1
23.9000,6571,1,1,75547,1,145030,0.520910,1,1,4,45,273711,28.56419,0.00127,2.39179,0.00686,0,0,3,1.372938,1.012736,1.012736,-0.537598,-0.537550,14.423805,666,0.037268,0.004871,60303,24513,13547,8687,5857,4216,3300,2624,21982,1,1,1,1
22.3500,6583,1,1,72710,0,139355,0.521765,2,51,51,68,566244,27.48112,0.00217,2.38825,0.00571,1,0,2,1.096366,1.000000,5.280236,-0.004518,-0.004504,14.956996,10865,0.000301,0.076487,57894,23691,12928,8151,5714,4249,3101,2402,21224,1,1,1,1
22.4000,6583,1,1,72893,1,139751,0.521596,13,3,454,1539,114823,27.51576,0.00217,2.38825,0.00571,0,0,3,1.211819,1.144062,1.144062,-0.021718,-0.021689,14.939391,10537,0.001452,0.074265,58284,23680,12838,8260,5652,4160,3140,2538,21198,1,1,1,1
23.0000,6583,1,1,73731,1,141423,0.521355,12,2,125,125,720904,27.93167,0.00217,2.38825,0.00571,0,1,3,1.135792,1.060050,1.060050,-0.229662,-0.229643,14.731443,6586,0.015589,0.047074,58477,23987,13244,8501,5761,4131,3141,2561,21619,1,1,1,1
23.9000,6583,1,1,75544,0,145196,0.520293,1,2,36,36,198358,28.55543,0.00217,2.38825,0.00571,1,0,3,1.381046,1.000000,1.251393,-0.541563,-0.541514,14.419925,663,0.037553,0.004841,60238,24761,13578,8600,5893,4333,3250,2557,21985,1,1,1,1
22.3500,6595,1,1,72381,1,139129,0.520248,1,6,11,187,61837,27.48721,0.00308,2.39250,0.00575,0,1,3,4.320720,3.411163,3.411163,-0.000959,-0.000737,14.960505,10886,0.000049,0.076477,57689,23523,13099,8073,5639,4076,3219,2487,21323,1,1,1,1
22.4000,6595,1,1,72691,1,139792,0.519998,1,3,74,239,117750,27.52189,0.00308,2.39250,0.00575,0,1,3,2.433901,1.782133,1.782133,-0.018253,-0.018118,14.943133,10555,0.001212,0.074238,57902,23948,13107,8188,5721,4115,3076,2453,21281,1,1,1,1
23.0000,6595,1,1,74528,0,142733,0.522153,5,3,84,84,153014,27.93778,0.00308,2.39250,0.00575,1,1,2,1.411433,1.000000,2.082820,-0.226208,-0.226156,14.735243,6599,0.015348,0.047069,59784,23890,13348,8450,5748,4150,3224,2551,21587,1,1,1,1
23.9000,6595,1,1,75698,0,145407,0.520597,3,8,21,214,1895196,28.56156,0.00308,2.39250,0.00575,1,1,2,1.382126,1.000000,4.166563,-0.538151,-0.538102,14.423270,663,0.037308,0.004831,60020,24891,13681,8521,5967,4247,3341,2597,22141,1,1,1,1
22.3500,6607,1,1,72728,0,139609,0.520944,1,3,14,14,256198,27.48139,0.00282,2.40373,0.00763,1,1,2,1.403444,1.000000,1.957937,-0.003934,-0.003883,14.957544,10901,0.000260,0.076459,58049,23567,12991,8120,5802,4115,3079,2559,21326,1,1,1,1
22.4000,6607,1,1,72744,0,139406,0.521818,1,56,56,128,1043555,27.51601,0.00282,2.40373,0.00763,1,1,2,1.155410,1.000000,9.551230,-0.021366,-0.021344,14.939880,10572,0.001429,0.074239,57767,23507,13115,8154,5738,4157,3204,2464,21299,1,1,1,1
23.0000,6607,1,1,74166,0,142473,0.520565,2,16,37,208,1576510,27.93198,0.00282,2.40373,0.00763,1,1,2,1.072798,1.000000,1.325533,-0.229202,-0.229191,14.731922,6606,0.015557,0.047044,59235,24157,13065,8530,5778,4170,3220,2586,21731,1,1,1,1
23.9000,6607,1,1,75718,0,145609,0.520013,1,3,17,550,89212,28.55579,0.00282,2.40373,0.00763,1,1,2,1.336347,1.000000,1.772227,-0.541125,-0.541081,14.420264,660,0.037522,0.004802,60324,24752,13697,8432,6063,4330,3346,2586,22078,1,1,1,1
22.3500,6619,1,1,73145,1,140151,0.521905,1,6,6,33,60353,27.47997,0.00269,2.39372,0.00661,0,1,3,3.511640,2.896883,2.896883,-0.004722,-0.004532,14.956684,10925,0.000303,0.076493,58243,23656,13046,8199,5726,4212,3224,2566,21278,1,1,1,1
22.4000,6619,1,1,72798,0,139911,0.520320,1,16,36,200,112327,27.51463,0.00269,2.39372,0.00661,1,1,2,1.337118,1.000000,6.698661,-0.022116,-0.022072,14.939382,10594,0.001477,0.074261,57985,23825,12977,8306,5654,4196,3129,2441,21397,1,1,1,1
23.0000,6619,1,1,74823,1,143375,0.521873,1,2,25,71,185115,27.93058,0.00269,2.39372,0.00661,0,1,3,2.017459,1.510972,1.510972,-0.229976,-0.229870,14.731462,6622,0.015604,0.047073,60065,24200,13335,8296,5811,4299,3288,2660,21420,1,1,1,1
23.9000,6619,1,1,75928,0,146173,0.519443,1,81,81,126,273322,28.55440,0.00269,2.39372,0.00661,1,0,2,1.013375,1.000000,1.207003,-0.541867,-0.541865,14.419648,665,0.037578,0.004829,60918,24732,13480,8667,5914,4248,3338,2636,22239,1,1,1,1
22.3500,6631,1,1,72976,0,140096,0.520904,1,14,14,871,395062,27.48148,0.00289,2.38980,0.00552,1,1,2,1.072474,1.000000,1.252931,-0.003774,-0.003764,14.957350,10941,0.000252,0.076463,58264,23538,12945,8223,5718,4223,3256,2469,21459,1,1,1,1
22.4000,6631,1,1,73113,1,140449,0.520570,2,58,58,58,86689,27.51618,0.00289,2.38980,0.00552,0,1,3,2.709238,2.152516,2.111050,-0.021170,-0.021020,14.940452,10614,0.001407,0.074261,58239,23795,13208,8352,5610,4172,3241,2522,21309,1,1,1,1
23.0000,6631,1,1,74488,0,142902,0.521256,1,154,154,154,167241,27.93211,0.00289,2.38980,0.00552,1,1,2,1.252021,1.000000,44.121067,-0.229366,-0.229332,14.731966,6634,0.015567,0.047072,59287,24366,13293,8319,5862,4285,3220,2638,21631,1,1,1,1
23.9000,6631,1,1,75617,1,145465,0.519833,5,2,27,298,881286,28.55585,0.00289,2.38980,0.00552,0,1,3,1.546017,1.283933,1.283933,-0.540963,-0.540897,14.420589,663,0.037509,0.004806,60190,24584,13472,8664,5940,4376,3303,2629,22306,1,1,1,1
22.3500,6643,1,1,73107,1,140221,0.521374,1,4,18,35,406507,27.48482,0.00492,2.38567,0.00726,0,0,3,1.967488,1.558900,1.558900,-0.001194,-0.001092,14.960212,10960,0.000073,0.076442,58124,23696,13157,8216,5788,4071,3229,2472,21467,1,1,1,1
22.4000,6643,1,1,73134,0,140637,0.520023,1,67,67,67,2428259,27.51946,0.00492,2.38567,0.00726,1,1,2,1.026788,1.000000,1.885700,-0.018527,-0.018524,14.942987,10628,0.001240,0.074212,58502,23790,12977,8343,5814,4221,3181,2539,21269,1,1,1,1
23.0000,6643,1,1,74550,0,143069,0.521081,39,2,39,39,393327,27.93537,0.00492,2.38567,0.00726,1,1,3,1.396257,1.000000,1.073646,-0.226437,-0.226387,14.734998,6642,0.015364,0.047034,59107,24541,13431,8505,5790,4266,3197,2531,21700,1,1,1,1
23.9000,6643,1,1,76516,0,146735,0.521461,3,2,971,971,139696,28.55913,0.00492,2.38567,0.00726,1,1,3,1.336784,1.000000,1.251567,-0.538332,-0.538288,14.423059,664,0.037321,0.004804,60860,25047,13746,8591,6016,4348,3335,2623,22168,1,1,1,1
22.3500,6655,1,1,73705,1,141038,0.522593,1,1199,1199,1199,2308411,27.48630,0.00295,2.37405,0.00837,0,0,3,20.914200,20.170809,20.170809,-0.001611,-0.001155,14.959862,10977,0.000077,0.076425,58575,24128,13262,8291,5699,4123,3202,2523,21234,1,1,1,1
22.4000,6655,1,1,73601,1,141021,0.521919,58,2,62,200,508514,27.52098,0.00295,2.37405,0.00837,0,1,3,1.793934,1.435025,1.435025,-0.018754,-0.018667,14.942116,10644,0.001249,0.074194,58351,23948,13239,8404,5729,4122,3199,2597,21431,1,1,1,1
23.0000,6655,1,1,74773,1,143309,0.521764,1,13,222,366,3652994,27.93687,0.00295,2.37405,0.00837,0,1,3,9.803892,7.112055,7.112055,-0.226819,-0.226476,14.735032,6653,0.015370,0.047027,59468,24256,13301,8426,5819,4283,3346,2646,21763,1,1,1,1
23.9000,6655,1,1,76402,0,147080,0.519462,2,229,229,229,68345,28.56065,0.00295,2.37405,0.00837,1,1,2,1.042391,1.000000,9.939889,-0.538734,-0.538728,14.422309,661,0.037354,0.004774,61113,25056,13714,8601,5946,4290,3379,2698,22282,1,1,1,1
22.3500,6667,1,1,73511,1,141543,0.519358,1,4,6,17,573303,27.48705,0.00241,2.36301,0.00560,0,1,3,1.531436,1.088789,1.078481,-0.001255,-0.001191,14.960204,11006,0.000080,0.076487,58693,24169,13165,8364,5824,4240,3183,2505,21399,1,1,1,1
22.4000,6667,1,1,73682,0,141565,0.520485,6,2,7,89,208632,27.52168,0.00241,2.36301,0.00560,1,1,2,1.413542,1.000000,1.559109,-0.018599,-0.018547,14.942860,10674,0.001241,0.074266,58724,24128,13203,8416,5700,4302,3209,2539,21343,1,1,1,1
23.0000,6667,1,1,74944,0,143969,0.520560,1,11,11,399,338906,27.93765,0.00241,2.36301,0.00560,1,1,2,1.176937,1.000000,2.351344,-0.226618,-0.226594,14.734653,6672,0.015378,0.047077,59929,24488,13328,8445,5995,4242,3198,2594,21749,1,1,1,1
23.9000,6667,1,1,77032,0,147464,0.522382,3,17,17,71,262648,28.56145,0.00241,2.36301,0.00560,1,1,2,1.413924,1.000000,8.974335,-0.538619,-0.538567,14.422847,674,0.037341,0.004859,61260,25180,13674,8705,5863,4391,3316,2739,22335,1,1,1,1
22.3500,6679,1,1,73836,0,141555,0.521610,7,20,20,37,1636041,27.48589,0.00156,2.36882,0.00507,1,1,2,1.404387,1.000000,9.909186,-0.002414,-0.002363,14.959065,11024,0.000158,0.076480,58758,24107,13251,8326,5697,4199,3224,2531,21461,1,1,1,1
22.4000,6679,1,1,74141,1,141770,0.522970,1,1,28,243,188007,27.52055,0.00156,2.36882,0.00507,0,1,3,1.536903,1.091895,1.091895,-0.019571,-0.019507,14.941889,10690,0.001306,0.074248,58862,24235,13247,8279,5773,4262,3221,2507,21383,1,1,1,1
23.0000,6679,1,1,75200,0,144414,0.520729,2,3,21,21,300619,27.93651,0.00156,2.36882,0.00507,1,1,3,1.227650,1.000000,1.170684,-0.227554,-0.227523,14.733762,6685,0.015442,0.047087,60238,24659,13324,8416,5736,4242,3288,2653,21857,1,1,1,1
23.9000,6679,1,1,76805,1,147071,0.522234,4,7,59,59,9059165,28.56033,0.00156,2.36882,0.00507,0,1,3,4.396699,3.511008,3.511008,-0.539553,-0.539332,14.421709,671,0.037397,0.004829,60691,25140,13758,8728,6021,4405,3299,2601,22427,1,1,1,1
22.3500,6691,1,1,74130,0,142223,0.521227,1,4,35,244,288844,27.48633,0.00176,2.37405,0.00506,1,1,2,1.229710,1.000000,1.424459,-0.001923,-0.001892,14.959395,11042,0.000126,0.076466,59594,23798,13181,8324,5820,4304,3163,2519,21519,1,1,1,1
22.4000,6691,1,1,74176,0,142139,0.521859,1,218,218,218,219298,27.52104,0.00176,2.37405,0.00506,1,1,2,1.092825,1.000000,21.274065,-0.019480,-0.019466,14.942035,10709,0.001303,0.074246,59193,24121,13328,8327,5767,4163,3232,2606,21401,1,1,1,1
23.0000,6691,1,1,75176,0,144104,0.521682,4,34,34,418,130269,27.93697,0.00176,2.37405,0.00506,1,1,2,1.097680,1.000000,3.555668,-0.227311,-0.227297,14.733865,6692,0.015427,0.047052,59941,24440,13405,8365,5900,4167,3254,2586,22045,1,1,1,1
23.9000,6691,1,1,76682,0,147161,0.521079,1,1,38,107,831254,28.56070,0.00176,2.37405,0.00506,1,0,3,1.355990,1.000000,1.010045,-0.539086,-0.539041,14.422410,671,0.037375,0.004820,60943,25103,13591,8612,5998,4350,3329,2648,22586,1,1,1,1
22.3500,6703,1,1,73813,1,141622,0.521201,2,16,32,84,159335,27.48953,0.00155,2.37796,0.00597,0,1,3,4.158742,3.890583,3.890583,-0.000588,-0.000375,14.961133,11065,0.000025,0.076479,58694,24084,13249,8334,5685,4238,3212,2521,21604,1,1,1,1
22.4000,6703,1,1,74376,0,141979,0.523856,2,19,19,83,1789739,27.52417,0.00155,2.37796,0.00597,1,1,2,1.414190,1.000000,10.117764,-0.017980,-0.017929,14.943483,10726,0.001200,0.074224,59022,24064,13162,8325,5875,4147,3196,2527,21660,1,1,1,1
23.0000,6703,1,1,74909,1,144399,0.518768,2,1,16,1118,262994,27.94008,0.00155,2.37796,0.00597,0,1,3,1.569828,1.171432,1.171432,-0.225771,-0.225704,14.735554,6704,0.015317,0.047046,60006,24580,13322,8602,5826,4353,3192,2486,22031,1,1,1,1
23.9000,6703,1,1,76732,0,147142,0.521486,2,8,23,158,582186,28.56384,0.00155,2.37796,0.00597,1,0,2,1.232527,1.000000,2.302863,-0.537704,-0.537673,14.423806,672,0.037277,0.004818,60871,25025,13657,8435,5890,4469,3327,2724,22743,1,1,1,1
22.3500,6715,1,1,74226,0,142237,0.521851,4,3,105,215,529285,27.48887,0.00212,2.36921,0.00669,1,1,2,1.406253,1.000000,1.683386,-0.000547,-0.000497,14.960931,11081,0.000033,0.076454,59057,24153,13221,8443,5723,4194,3119,2578,21748,1,1,1,1
22.4000,6715,1,1,74287,1,142650,0.520768,512,3,512,512,83525,27.52356,0.00212,2.36921,0.00669,0,1,3,1.915985,1.496914,1.496914,-0.017880,-0.017783,14.942669,10745,0.001190,0.074226,59385,23981,13412,8424,5752,4257,3193,2602,21643,1,1,1,1
23.0000,6715,1,1,75189,1,144092,0.521816,8,9,9,15,159119,27.93944,0.00212,2.36921,0.00669,0,1,3,4.370426,3.696026,3.696026,-0.225892,-0.225672,14.735823,6716,0.015315,0.047045,59638,24525,13367,8445,5756,4357,3282,2540,22181,1,1,1,1
23.9000,6715,1,1,77018,0,148355,0.519150,1,29,29,92,170254,28.56323,0.00212,2.36921,0.00669,1,1,2,1.395603,1.000000,14.483138,-0.537884,-0.537834,14.423601,673,0.037288,0.004816,61408,25445,13819,8682,5971,4398,3382,2711,22538,1,1,1,1
22.3500,6727,1,1,74142,0,142203,0.521385,1,220,220,786,225904,27.47818,0.00480,2.36422,0.00588,1,1,2,1.006038,1.000000,1.369766,-0.004518,-0.004517,14.956998,11099,0.000302,0.076462,58997,24320,13147,8317,5729,4138,3237,2545,21772,1,1,1,1
22.4000,6727,1,1,74396,0,142691,0.521382,1,12,120,120,1090814,27.51280,0.00480,2.36422,0.00588,1,1,2,1.110547,1.000000,1.559046,-0.021838,-0.021822,14.939677,10764,0.001461,0.074240,59284,24340,13238,8364,5828,4150,3277,2677,21532,1,1,1,1
23.0000,6727,1,1,75351,1,144709,0.520711,19,72,72,72,123489,27.92877,0.00480,2.36422,0.00588,0,1,3,24.554978,23.094493,23.094493,-0.230026,-0.229550,14.731042,6727,0.015583,0.047054,60034,24593,13569,8455,5943,4178,3299,2600,22037,1,1,1,1
23.9000,6727,1,1,76786,0,147735,0.519758,12,30,117,117,599201,28.55257,0.00480,2.36422,0.00588,1,1,2,1.332417,1.000000,11.757876,-0.541877,-0.541834,14.419514,672,0.037576,0.004802,61027,24911,13720,8709,6075,4451,3425,2684,22732,1,1,1,1
22.3500,6739,1,1,74575,1,142700,0.522604,3,2,41,644,423139,27.47356,0.00246,2.36128,0.00719,0,0,3,1.362872,1.139020,1.139020,-0.007961,-0.007915,14.953351,11117,0.000529,0.076468,58878,24465,13448,8390,5805,4320,3268,2531,21594,1,1,1,1
22.4000,6739,1,1,74751,1,143342,0.521491,3,3,51,70,235829,27.50823,0.00246,2.36128,0.00719,0,0,3,1.382191,1.123924,1.123924,-0.025293,-0.025245,14.936044,10780,0.001690,0.074236,59704,24445,13458,8451,5798,4197,3203,2498,21587,1,1,1,1
23.0000,6739,1,1,75614,0,145308,0.520374,6,2,36,644,74548,27.92418,0.00246,2.36128,0.00719,1,1,2,1.399653,1.000000,1.444129,-0.233286,-0.233236,14.728155,6736,0.015836,0.047042,60235,24611,13723,8617,5886,4367,3216,2576,22076,1,1,1,1
23.9000,6739,1,1,77332,0,148713,0.520012,1,6,8,426,527464,28.54800,0.00246,2.36128,0.00719,1,1,2,1.371694,1.000000,3.261758,-0.545258,-0.545211,14.416236,672,0.037819,0.004795,61658,25238,13854,8800,6021,4508,3382,2577,22674,1,1,1,1
22.3500,6751,1,1,74581,1,143167,0.520941,1,70,70,562,1035541,27.47136,0.00154,2.35250,0.00783,0,1,3,1.792244,1.309391,1.193478,-0.009501,-0.009415,14.951955,11141,0.000630,0.076504,59739,24139,13436,8288,5835,4259,3245,2633,21592,1,1,1,1
22.4000,6751,1,1,74174,0,142806,0.519408,1,1,45,322,110427,27.50607,0.00154,2.35250,0.00783,1,0,3,1.345796,1.000000,1.099413,-0.026849,-0.026805,14.934112,10802,0.001795,0.074265,59184,24225,13259,8333,5879,4314,3258,2666,21687,1,1,1,1
23.0000,6751,1,1,75841,1,145794,0.520196,1,57,57,57,115925,27.92199,0.00154,2.35250,0.00783,0,1,3,5.867544,5.356112,5.356112,-0.234932,-0.234670,14.726832,6751,0.015935,0.047067,60535,24903,13508,8480,5901,4276,3381,2648,22161,1,1,1,1
23.9000,6751,1,1,77273,1,148962,0.518747,1,10,15,97,126420,28.54573,0.00154,2.35250,0.00783,0,1,3,1.622468,1.560507,1.560507,-0.546711,-0.546639,14.414872,675,0.037922,0.004808,61656,25376,13861,8814,6111,4572,3306,2677,22588,1,1,1,1
22.3500,6763,1,1,74589,1,142992,0.521634,3,1,8,21,3126217,27.47279,0.00304,2.36019,0.00568,0,1,3,1.509312,1.083093,1.083093,-0.008115,-0.008054,14.953384,11162,0.000539,0.076505,59267,24297,13273,8504,5842,4209,3154,2640,21805,1,1,1,1
22.4000,6763,1,1,75036,0,143425,0.523176,1,30,30,113,374694,27.50743,0.00304,2.36019,0.00568,1,0,2,1.160009,1.000000,5.371186,-0.025555,-0.025533,14.935959,10824,0.001710,0.074275,59728,24258,13392,8403,5770,4303,3217,2512,21841,1,1,1,1
23.0000,6763,1,1,75915,1,145669,0.521151,1,6,19,25,209836,27.92334,0.00304,2.36019,0.00568,0,1,3,4.821951,3.575956,3.575956,-0.233479,-0.233247,14.728264,6767,0.015837,0.047090,60587,24687,13555,8500,5906,4434,3261,2540,22198,1,1,1,1
23.9000,6763,1,1,77553,1,149355,0.519256,3,17,17,38,672728,28.54710,0.00304,2.36019,0.00568,0,0,3,1.422749,1.175611,1.175611,-0.545276,-0.545224,14.416053,680,0.037821,0.004834,62049,25200,14104,8792,6076,4457,3385,2660,22631,1,1,1,1
22.3500,6775,1,1,74497,1,143039,0.520820,1,7,8,29,162695,27.47288,0.00153,2.36220,0.00777,0,1,3,5.366497,3.893186,3.893186,-0.008898,-0.008650,14.952518,11178,0.000578,0.076483,59119,24521,13278,8336,5835,4243,3304,2546,21856,1,1,1,1
22.4000,6775,1,1,75038,0,143928,0.521362,1,18,18,1972,317496,27.50756,0.00153,2.36220,0.00777,1,1,2,1.400824,1.000000,9.358988,-0.026304,-0.026254,14.935139,10839,0.001758,0.074250,59807,24483,13511,8356,5727,4335,3337,2657,21714,1,1,1,1
23.0000,6775,1,1,76207,1,146375,0.520632,1,3,6,43,147424,27.92345,0.00153,2.36220,0.00777,0,1,3,2.775551,1.982244,1.982244,-0.234133,-0.233983,14.727303,6774,0.015888,0.047059,60679,24913,13685,8725,5992,4385,3410,2597,21988,1,1,1,1
23.9000,6775,1,1,77922,0,149551,0.521043,1,3,114,2380,127323,28.54723,0.00153,2.36220,0.00777,1,1,2,1.395387,1.000000,2.005317,-0.546025,-0.545976,14.415413,679,0.037874,0.004819,62032,25453,14061,8795,6029,4429,3315,2699,22737,1,1,1,1
22.3500,6787,1,1,74793,1,143626,0.520752,1,1,16,16,1255488,27.46388,0.00461,2.36395,0.00498,0,0,3,1.323544,1.100469,1.100469,-0.011739,-0.011698,14.949796,11200,0.000782,0.076512,59527,24437,13439,8491,5740,4283,3256,2635,21817,1,1,1,1
22.4000,6787,1,1,74616,0,143788,0.518934,169,4,169,403,184311,27.49850,0.00461,2.36395,0.00498,1,1,2,1.267139,1.000000,1.421859,-0.029075,-0.029040,14.932274,10864,0.001945,0.074304,59663,24610,13350,8367,5920,4176,3335,2510,21856,1,1,1,1
23.0000,6787,1,1,76015,1,146139,0.520159,4,8,8,85,129942,27.91447,0.00461,2.36395,0.00498,0,1,3,1.666733,1.181405,1.023194,-0.237032,-0.236957,14.724468,6789,0.016093,0.047088,60450,25050,13574,8801,5953,4274,3389,2604,22043,1,1,1,1
23.9000,6787,1,1,78005,1,150011,0.519999,1,124,124,124,37333,28.53827,0.00461,2.36395,0.00498,0,1,3,48.563551,44.426670,44.426670,-0.549215,-0.548643,14.412277,682,0.038068,0.004833,62435,25499,14092,8818,6172,4399,3334,2632,22629,1,1,1,1
22.3500,6799,1,1,74934,0,143928,0.520639,7,33,41,41,162911,27.46392,0.00173,2.36704,0.00538,1,1,2,1.365775,1.000000,14.427093,-0.013329,-0.013283,14.948086,11217,0.000889,0.076502,59536,24474,13538,8560,5771,4343,3296,2656,21753,1,1,1,1
22.4000,6799,1,1,75241,1,144333,0.521305,1,1,20,20,389165,27.49858,0.00173,2.36704,0.00538,0,0,3,1.467889,1.095835,1.095835,-0.030469,-0.030412,14.930943,10876,0.002037,0.074261,60130,24298,13528,8476,5925,4330,3282,2631,21732,1,1,1,1
23.0000,6799,1,1,76414,0,146727,0.520794,3,17,17,107,2346332,27.91453,0.00173,2.36704,0.00538,1,0,2,1.124451,1.000000,2.323655,-0.238501,-0.238484,14.723015,6797,0.016198,0.047065,60937,25004,13652,8597,6092,4381,3402,2639,22022,1,1,1,1
23.9000,6799,1,1,77871,1,149796,0.519850,14,6,31,73,928705,28.53836,0.00173,2.36704,0.00538,0,1,3,2.284405,1.964333,1.964333,-0.550399,-0.550277,14.411216,677,0.038184,0.004789,62102,25701,13642,8755,6158,4450,3467,2772,22748,1,1,1,1
22.3500,6811,1,1,75087,1,144162,0.520855,1,1,38,249,244782,27.46949,0.00308,2.36771,0.00540,0,0,3,1.625323,1.151735,1.151735,-0.009665,-0.009594,14.951812,11238,0.000642,0.076491,59947,24357,13441,8484,5947,4290,3350,2523,21822,1,1,1,1
22.4000,6811,1,1,75061,1,144254,0.520343,2,24,133,133,793749,27.50419,0.00308,2.36771,0.00540,0,0,3,2.812792,2.477596,2.477596,-0.027073,-0.026921,14.934295,10897,0.001803,0.074257,59795,24518,13416,8481,5955,4218,3279,2704,21887,1,1,1,1
23.0000,6811,1,1,76309,1,146314,0.521546,1,1,12,479,196286,27.92012,0.00308,2.36771,0.00540,0,1,3,1.461717,1.140128,1.140128,-0.234976,-0.234920,14.726552,6810,0.015952,0.047061,60457,24814,13760,8650,5977,4431,3295,2720,22209,1,1,1,1
23.9000,6811,1,1,78428,0,150375,0.521553,2,6,99,99,3005661,28.54386,0.00308,2.36771,0.00540,1,0,2,1.239260,1.000000,1.827310,-0.546886,-0.546854,14.414626,681,0.037937,0.004808,62594,25618,13832,8830,6042,4528,3375,2722,22833,1,1,1,1
22.3500,6823,1,1,75522,0,145002,0.520838,1,1,613,613,107144,27.47048,0.00183,2.37147,0.00645,1,1,3,1.031138,1.000000,1.029648,-0.009861,-0.009856,14.950704,11255,0.000659,0.076478,60492,24719,13405,8415,5938,4310,3324,2549,21849,1,1,1,1
22.4000,6823,1,1,75393,1,144385,0.522170,1,33,33,688,1482930,27.50512,0.00183,2.37147,0.00645,0,0,3,4.539993,3.906669,3.906669,-0.027286,-0.027064,14.934179,10912,0.001812,0.074229,60039,24635,13313,8277,5862,4279,3306,2568,22105,1,1,1,1
23.0000,6823,1,1,76750,0,146935,0.522343,1,1,27,27,220824,27.92103,0.00183,2.37147,0.00645,1,1,3,1.403291,1.000000,1.382522,-0.235163,-0.235114,14.726283,6818,0.015966,0.047034,61048,25044,13594,8551,5974,4321,3410,2550,22442,1,1,1,1
23.9000,6823,1,1,78251,1,150493,0.519968,2,6,65,65,162738,28.54479,0.00183,2.37147,0.00645,0,1,3,4.355071,3.314497,3.314497,-0.547109,-0.546893,14.414269,678,0.037941,0.004778,62396,25601,14016,8893,6053,4546,3443,2682,22862,1,1,1,1
22.3500,6835,1,1,75664,0,144934,0.522062,4,2,51,141,487879,27.46482,0.00385,2.36797,0.00456,1,0,3,1.377579,1.000000,1.084312,-0.011664,-0.011618,14.949830,11285,0.000777,0.076551,60242,24671,13600,8651,5901,4161,3379,2478,21850,1,1,1,1
22.4000,6835,1,1,75633,1,144936,0.521841,6,188,219,219,155686,27.49950,0.00385,2.36797,0.00456,0,1,3,36.421342,35.249874,35.249874,-0.029266,-0.028740,14.932775,10944,0.001925,0.074323,60134,24741,13457,8460,5942,4306,3239,2563,22093,1,1,1,1
23.0000,6835,1,1,77054,0,147620,0.521979,4,4,8,51,112776,27.91539,0.00385,2.36797,0.00456,1,1,2,1.411908,1.000000,2.496859,-0.237017,-0.236966,14.724459,6842,0.016093,0.047123,61705,24847,13716,8558,5967,4499,3332,2646,22349,1,1,1,1
23.9000,6835,1,1,78380,0,150697,0.520120,3,8,8,1727,237216,28.53917,0.00385,2.36797,0.00456,1,0,2,1.255530,1.000000,2.627245,-0.548910,-0.548876,14.412601,691,0.038083,0.004862,62624,25576,14112,8771,6224,4494,3411,2695,22789,1,1,1,1
22.3500,6847,1,1,75932,0,145337,0.522458,3,8,45,66,118016,27.47171,0.00277,2.37367,0.00566,1,0,2,1.163695,1.000000,1.501816,-0.008767,-0.008745,14.952749,11305,0.000585,0.076538,60472,24775,13492,8598,5859,4271,3380,2622,21867,1,1,1,1
22.4000,6847,1,1,75897,1,145634,0.521152,7,3,12,536,693125,27.50633,0.00277,2.37367,0.00566,0,1,3,2.380977,1.758932,1.758932,-0.026087,-0.025960,14.935091,10960,0.001738,0.074290,60461,25116,13656,8499,5937,4300,3195,2601,21868,1,1,1,1
23.0000,6847,1,1,76622,0,146859,0.521742,1,1,48,153,478256,27.92230,0.00277,2.37367,0.00566,1,1,3,1.271695,1.000000,1.162005,-0.234040,-0.234004,14.727511,6852,0.015889,0.047099,60768,25028,13492,8740,5955,4386,3438,2596,22455,1,1,1,1
23.9000,6847,1,1,78378,0,150577,0.520521,1,13,198,198,200972,28.54610,0.00277,2.37367,0.00566,1,0,2,1.226661,1.000000,3.475403,-0.546025,-0.545995,14.415488,688,0.037876,0.004832,62108,25818,13887,8955,6179,4470,3338,2713,23108,1,1,1,1
22.3500,6859,1,1,75360,0,144476,0.521613,2,3,48,136,209393,27.46997,0.00234,2.37096,0.00542,1,0,3,1.277017,1.000000,1.099500,-0.009809,-0.009774,14.951700,11325,0.000654,0.076544,59931,24337,13257,8510,5921,4308,3295,2672,22244,1,1,1,1
22.4000,6859,1,1,75992,0,145405,0.522627,2,1,6,6,88999,27.50463,0.00234,2.37096,0.00542,1,1,3,1.397354,1.000000,1.077815,-0.027139,-0.027090,14.934302,10982,0.001814,0.074312,60310,24762,13555,8554,5980,4395,3363,2496,21989,1,1,1,1
23.0000,6859,1,1,77052,0,147474,0.522482,2,1,6,196,936996,27.92058,0.00234,2.37096,0.00542,1,1,3,1.414176,1.000000,1.024081,-0.235104,-0.235054,14.726363,6868,0.015961,0.047130,61105,24875,13907,8803,6037,4345,3370,2608,22423,1,1,1,1
23.9000,6859,1,1,78560,0,150932,0.520503,1,255,255,255,580975,28.54440,0.00234,2.37096,0.00542,1,1,2,1.013364,1.000000,3.444135,-0.547110,-0.547108,14.413781,695,0.037957,0.004873,62635,25561,14151,8923,6096,4409,3389,2706,23061,1,1,1,1
22.3500,6871,1,1,75681,1,145010,0.521906,1,11,34,166,281442,27.47584,0.00309,2.37814,0.00568,0,1,3,2.303035,1.692561,1.614524,-0.006502,-0.006381,14.955073,11347,0.000427,0.076542,60150,24420,13586,8422,5944,4306,3319,2653,22209,1,1,1,1
22.4000,6871,1,1,75907,1,145469,0.521812,1,7,10,168,590543,27.51055,0.00309,2.37814,0.00568,0,1,3,1.847505,1.724758,1.724758,-0.023860,-0.023770,14.937738,11001,0.001591,0.074294,60443,24678,13478,8547,5843,4256,3344,2614,22265,1,1,1,1
23.0000,6871,1,1,77363,1,148018,0.522663,33,8,33,64,160693,27.92647,0.00309,2.37814,0.00568,0,1,3,5.131264,4.124998,4.124998,-0.231888,-0.231650,14.729088,6878,0.015727,0.047108,61405,25196,13722,8595,5971,4385,3447,2790,22506,1,1,1,1
23.9000,6871,1,1,78701,1,151119,0.520792,2,15,32,33,90904,28.55022,0.00309,2.37814,0.00568,0,0,3,2.096666,1.735718,1.735718,-0.543696,-0.543588,14.417693,695,0.037703,0.004863,62362,25914,14007,8946,6217,4554,3444,2756,22918,1,1,1,1
22.3500,6883,1,1,75870,0,145488,0.521490,9,27,27,740,1027421,27.47979,0.00344,2.38636,0.00526,1,1,2,1.214291,1.000000,6.658639,-0.004539,-0.004511,14.956775,11362,0.000302,0.076501,60385,24923,13441,8464,6041,4274,3257,2574,22128,1,1,1,1
22.4000,6883,1,1,75764,0,145526,0.520625,1,9,50,50,308534,27.51443,0.00344,2.38636,0.00526,1,1,2,1.231647,1.000000,2.730475,-0.021795,-0.021765,14.939532,11018,0.001457,0.074270,60475,24643,13571,8525,5880,4314,3283,2537,22297,1,1,1,1
23.0000,6883,1,1,77310,0,148365,0.521083,2,17,17,34,757641,27.93034,0.00344,2.38636,0.00526,1,1,2,1.407922,1.000000,8.791198,-0.229835,-0.229785,14.731646,6888,0.015598,0.047086,61456,25373,13997,8745,6032,4477,3329,2649,22306,1,1,1,1
23.9000,6883,1,1,79268,0,152283,0.520534,1,6,16,2908,97994,28.55410,0.00344,2.38636,0.00526,1,1,2,1.337235,1.000000,3.001946,-0.541637,-0.541595,14.419762,698,0.037559,0.004875,63330,25855,14357,8936,6049,4632,3540,2651,22932,1,1,1,1
22.3500,6895,1,1,76412,0,146059,0.523162,1,1,305,305,300336,27.47548,0.00233,2.38029,0.00521,1,0,2,1.413884,1.000000,1.498999,-0.007120,-0.007070,14.954351,11382,0.000473,0.076514,60738,24855,13552,8660,5846,4440,3321,2556,22090,1,1,1,1
22.4000,6895,1,1,75985,1,145720,0.521449,1,3,5,24,84118,27.51016,0.00233,2.38029,0.00521,0,1,3,2.765503,2.147400,2.147400,-0.024490,-0.024343,14.936956,11035,0.001630,0.074268,60335,24797,13672,8469,5832,4449,3380,2611,22174,1,1,1,1
23.0000,6895,1,1,77304,0,148132,0.521862,2,2,10,193,106168,27.92605,0.00233,2.38029,0.00521,1,0,3,1.374107,1.000000,1.400727,-0.232400,-0.232354,14.729096,6898,0.015775,0.047080,61445,24984,13751,8766,6089,4349,3382,2695,22670,1,1,1,1
23.9000,6895,1,1,78940,0,151885,0.519739,1,11,48,48,141315,28.54983,0.00233,2.38029,0.00521,1,1,2,1.375884,1.000000,5.240806,-0.544391,-0.544345,14.417035,693,0.037757,0.004832,63164,25748,14157,8967,6077,4396,3546,2702,23127,1,1,1,1
22.3500,6907,1,1,75744,0,145359,0.521086,1,24,34,166,789909,27.47011,0.00435,2.38025,0.00617,1,1,2,1.380501,1.000000,11.408836,-0.008921,-0.008874,14.952508,11401,0.000593,0.076518,59973,24773,13592,8571,5948,4267,3274,2611,22349,1,1,1,1
22.4000,6907,1,1,76158,0,145904,0.521977,1,2,13,567,1808917,27.50473,0.00435,2.38025,0.00617,1,1,3,1.192414,1.000000,1.064027,-0.026053,-0.026027,14.935179,11058,0.001743,0.074302,60315,24880,13689,8693,5875,4372,3213,2530,22336,1,1,1,1
23.0000,6907,1,1,77226,0,148277,0.520826,1,51,60,673,4354060,27.92070,0.00435,2.38025,0.00617,1,0,2,1.127733,1.000000,7.143940,-0.234182,-0.234165,14.727336,6910,0.015900,0.047086,61362,25160,13741,8733,6132,4399,3281,2701,22767,1,1,1,1
23.9000,6907,1,1,79595,1,152616,0.521541,1,4,419,419,182770,28.54450,0.00435,2.38025,0.00617,0,1,3,3.397753,2.570108,2.570108,-0.546008,-0.545831,14.415407,694,0.037864,0.004831,63557,25804,14189,8914,6184,4624,3378,2718,23247,1,1,1,1
22.3500,6919,1,1,76528,0,146435,0.522611,1,1,10,56,2928396,27.47242,0.00382,2.38166,0.00510,1,0,3,1.411491,1.000000,1.130723,-0.007843,-0.007793,14.953635,11422,0.000521,0.076520,60616,24913,13925,8699,5877,4334,3329,2645,22096,1,1,1,1
22.4000,6919,1,1,76397,1,146580,0.521200,2,29,29,32,193319,27.50708,0.00382,2.38166,0.00510,0,0,3,2.733266,2.375521,2.375521,-0.025232,-0.025086,14.936152,11076,0.001680,0.074289,61031,24845,13631,8571,5922,4435,3244,2626,22274,1,1,1,1
23.0000,6919,1,1,77317,1,148153,0.521876,1,2,7,152,423207,27.92303,0.00382,2.38166,0.00510,0,1,3,2.072715,1.506982,1.506982,-0.233173,-0.233068,14.728383,6924,0.015824,0.047096,61298,25067,13778,8725,5973,4494,3352,2591,22874,1,1,1,1
23.9000,6919,1,1,79680,0,152695,0.521828,1,2,55,117,416252,28.54685,0.00382,2.38166,0.00510,1,1,2,1.410451,1.000000,1.577931,-0.545086,-0.545036,14.416393,697,0.037807,0.004843,63346,26051,14346,8986,6089,4508,3442,2685,23241,1,1,1,1
22.3500,6931,1,1,76480,0,146860,0.520772,1,31,233,233,279475,27.47006,0.00262,2.38345,0.00628,1,1,2,1.374918,1.000000,14.465468,-0.009786,-0.009741,14.951710,11440,0.000651,0.076518,61231,24746,13765,8705,6120,4359,3236,2654,22043,1,1,1,1
22.4000,6931,1,1,76587,1,146968,0.521117,1,4,13,111,1383351,27.50477,0.00262,2.38345,0.00628,0,0,3,2.760514,2.210549,2.210549,-0.027001,-0.026855,14.934456,11094,0.001798,0.074290,61230,24881,13645,8575,5955,4368,3303,2574,22436,1,1,1,1
23.0000,6931,1,1,77718,0,149085,0.521303,12,9,18,46,587043,27.92070,0.00262,2.38345,0.00628,1,1,2,1.270042,1.000000,3.059945,-0.234990,-0.234955,14.726522,6934,0.015955,0.047088,61806,25083,13954,8824,6190,4456,3352,2689,22730,1,1,1,1
23.9000,6931,1,1,79596,0,153031,0.520133,6,9,10,22,443340,28.54444,0.00262,2.38345,0.00628,1,0,3,1.103677,1.000000,1.028809,-0.546782,-0.546768,14.414736,698,0.037931,0.004843,63517,25913,14224,9061,6353,4580,3459,2732,23191,1,1,1,1
22.3500,6943,1,1,77038,0,147226,0.523267,1,3,208,425,162702,27.48265,0.00251,2.38727,0.00686,1,1,2,1.311626,1.000000,1.491316,-0.003459,-0.003420,14.957925,11459,0.000229,0.076481,61073,25320,13500,8776,6032,4411,3330,2591,22192,1,1,1,1
22.4000,6943,1,1,76757,1,146859,0.522661,83,131,131,131,426240,27.51730,0.00251,2.38727,0.00686,0,1,3,91.485427,65.716499,65.716499,-0.021053,-0.020403,14.941117,11110,0.001366,0.074235,60882,25145,13660,8563,5918,4472,3288,2664,22266,1,1,1,1
23.0000,6943,1,1,78064,0,149581,0.521888,1,4,16,379,222586,27.93320,0.00251,2.38727,0.00686,1,1,3,1.192295,1.000000,1.255169,-0.228717,-0.228692,14.732799,6944,0.015523,0.047055,62296,25370,13904,8725,5998,4356,3397,2763,22771,1,1,1,1
23.9000,6943,1,1,80217,1,153594,0.522270,8,13,13,13,77087,28.55697,0.00251,2.38727,0.00686,0,1,3,4.075658,3.562734,3.562734,-0.540678,-0.540476,14.421023,696,0.037478,0.004818,63841,26285,14379,8991,6238,4576,3489,2664,23130,1,1,1,1
22.3500,6955,1,1,76011,1,146499,0.518853,12,33,33,33,526920,27.48044,0.00231,2.38127,0.00691,0,1,3,9.601363,9.152549,9.152549,-0.004778,-0.004453,14.956369,11483,0.000298,0.076517,60595,24714,13768,8873,5856,4388,3296,2636,22372,1,1,1,1
22.4000,6955,1,1,77305,1,147831,0.522932,1,4,134,134,348927,27.51512,0.00231,2.38127,0.00691,0,1,3,1.615551,1.171154,1.171154,-0.021967,-0.021898,14.939552,11135,0.001466,0.074282,61470,25232,13642,8711,6067,4343,3345,2658,22362,1,1,1,1
23.0000,6955,1,1,77846,0,149183,0.521819,2,11,13,147,325686,27.93101,0.00231,2.38127,0.00691,1,1,2,1.237496,1.000000,3.305233,-0.229989,-0.229959,14.731525,6962,0.015610,0.047099,61831,25199,13843,8831,6145,4379,3303,2674,22977,1,1,1,1
23.9000,6955,1,1,80014,0,153525,0.521182,1,61,112,112,1579392,28.55479,0.00231,2.38127,0.00691,1,1,2,1.021286,1.000000,1.347156,-0.541816,-0.541813,14.419704,704,0.037575,0.004866,63797,26125,14358,9070,6179,4443,3399,2800,23353,1,1,1,1
22.3500,6967,1,1,76548,0,147156,0.520186,2,5,44,44,267208,27.47735,0.00240,2.37996,0.00755,1,1,2,1.323789,1.000000,2.221430,-0.006154,-0.006114,14.955239,11499,0.000409,0.076497,61097,24914,13690,8695,5975,4347,3430,2594,22413,1,1,1,1
22.4000,6967,1,1,76422,0,147004,0.519867,4,18,18,18,44707,27.51197,0.00240,2.37996,0.00755,1,1,2,1.413303,1.000000,9.311779,-0.023569,-0.023520,14.937896,11151,0.001574,0.074268,60823,25008,13557,8760,5882,4349,3290,2715,22619,1,1,1,1
23.0000,6967,1,1,78328,0,150344,0.520995,1,9,19,64,458312,27.92794,0.00240,2.37996,0.00755,1,0,2,1.267159,1.000000,3.033685,-0.231473,-0.231439,14.730040,6971,0.015712,0.047084,62735,25660,13833,8837,6114,4422,3407,2654,22681,1,1,1,1
23.9000,6967,1,1,79902,0,153382,0.520938,3,11,13,17,110885,28.55174,0.00240,2.37996,0.00755,1,1,2,1.145736,1.000000,1.896422,-0.543339,-0.543320,14.417917,701,0.037684,0.004837,63561,26065,14252,9049,6131,4764,3527,2750,23282,1,1,1,1
22.3500,6979,1,1,76966,0,147359,0.522306,2,4,63,79,1409596,27.47717,0.00260,2.37828,0.00518,1,1,2,1.250917,1.000000,1.551761,-0.006096,-0.006064,14.955250,11519,0.000405,0.076499,61084,24900,13728,8711,5957,4461,3360,2793,22364,1,1,1,1
22.4000,6979,1,1,77219,1,147930,0.522000,10,60,60,60,270953,27.51183,0.00260,2.37828,0.00518,0,1,3,6.637580,6.522441,6.522441,-0.023533,-0.023262,14.937656,11170,0.001557,0.074268,61628,24946,13700,8806,6036,4350,3335,2652,22476,1,1,1,1
23.0000,6979,1,1,78225,1,150242,0.520663,7,17,27,27,194500,27.92778,0.00260,2.37828,0.00518,0,1,3,5.593646,5.266487,5.266487,-0.231491,-0.231245,14.729726,6982,0.015699,0.047078,62335,25346,14052,8868,6112,4485,3525,2613,22905,1,1,1,1
23.9000,6979,1,1,80265,1,153784,0.521937,7,5,14,83,692705,28.55160,0.00260,2.37828,0.00518,0,1,3,2.283455,1.737370,1.737370,-0.543323,-0.543205,14.418264,701,0.037675,0.004829,64056,25807,14316,9156,6134,4535,3575,2722,23482,1,1,1,1
22.3500,6991,1,1,77202,0,148009,0.521607,1,3,11,83,773051,27.48018,0.00301,2.37651,0.00551,1,1,2,1.369345,1.000000,1.651944,-0.004371,-0.004326,14.957052,11536,0.000289,0.076471,61454,25223,13833,8719,5968,4390,3404,2625,22392,1,1,1,1
22.4000,6991,1,1,77145,1,148066,0.521021,1,32,32,32,498365,27.51488,0.00301,2.37651,0.00551,0,1,3,9.900318,9.413208,9.413208,-0.021847,-0.021519,14.940001,11185,0.001440,0.074229,61342,25153,13887,8744,5973,4439,3478,2597,22452,1,1,1,1
23.0000,6991,1,1,78616,0,150575,0.522109,1,6,14,59,222676,27.93081,0.00301,2.37651,0.00551,1,1,2,1.211505,1.000000,1.642952,-0.229685,-0.229658,14.731632,6991,0.015589,0.047052,62642,25286,14043,8873,6105,4558,3385,2673,23009,1,1,1,1
23.9000,6991,1,1,79923,1,154321,0.517904,1,2,25,25,420198,28.55455,0.00301,2.37651,0.00551,0,1,3,1.708034,1.352260,1.352260,-0.541543,-0.541467,14.420013,699,0.037550,0.004806,63766,26439,14367,9031,6352,4573,3636,2774,23382,1,1,1,1
22.3500,7003,1,1,77608,0,148161,0.523812,1,3,33,78,890692,27.48896,0.00322,2.37992,0.00645,1,1,2,1.412438,1.000000,2.207260,0.000023,0.000072,14.961487,11565,-0.000005,0.076509,61414,25389,13623,8762,6057,4429,3410,2652,22424,1,1,1,1
22.4000,7003,1,1,77303,1,148165,0.521739,1,9,9,2034,162987,27.52360,0.00322,2.37992,0.00645,0,1,3,6.161445,4.923818,4.923818,-0.017356,-0.017096,14.944406,11212,0.001144,0.074258,61411,25328,14004,8598,5881,4360,3357,2583,22642,1,1,1,1
23.0000,7003,1,1,78477,1,150762,0.520539,3,2,10,12,839083,27.93951,0.00322,2.37992,0.00645,0,1,3,1.265762,1.144633,1.144633,-0.225200,-0.225166,14.736345,7011,0.015280,0.047090,62619,25596,14252,8890,6021,4405,3378,2687,22913,1,1,1,1
23.9000,7003,1,1,80481,1,154844,0.519759,1,2,51,206,194544,28.56328,0.00322,2.37992,0.00645,0,1,3,1.362975,1.058479,1.058479,-0.537082,-0.537037,14.424438,708,0.037231,0.004858,64390,26231,14382,9243,6339,4516,3533,2811,23398,1,1,1,1
22.3500,7015,1,1,77360,0,148192,0.522029,12,6,146,146,390248,27.49454,0.00239,2.38300,0.00543,1,1,2,1.413135,1.000000,3.150946,0.002392,0.002441,14.963858,11579,-0.000163,0.076458,61225,25103,13874,8941,6072,4377,3405,2664,22530,1,1,1,1
22.4000,7015,1,1,77367,1,148682,0.520356,58,24,58,58,156736,27.52922,0.00239,2.38300,0.00543,0,1,3,7.548692,7.170184,7.170184,-0.015008,-0.014720,14.945926,11227,0.000985,0.074223,61817,25229,13700,8782,6036,4454,3404,2634,22625,1,1,1,1
23.0000,7015,1,1,78798,0,150921,0.522118,1,2,62,74,485316,27.94511,0.00239,2.38300,0.00543,1,0,3,1.368478,1.000000,1.308276,-0.222830,-0.222785,14.738670,7019,0.015116,0.047056,62725,25477,14096,8859,6149,4336,3387,2782,23109,1,1,1,1
23.9000,7015,1,1,80636,0,154481,0.521983,1,3,12,167,380562,28.56889,0.00239,2.38300,0.00543,1,0,3,1.255617,1.000000,1.160242,-0.534711,-0.534678,14.426803,705,0.037061,0.004829,64124,26447,14167,9043,6308,4635,3375,2739,23642,1,1,1,1
22.3500,7027,1,1,77258,0,147821,0.522649,9,2,24,29,199821,27.48649,0.00238,2.38221,0.00508,1,1,3,1.399693,1.000000,1.232782,-0.001548,-0.001501,14.959941,11598,0.000100,0.076473,60859,25035,13979,8741,5991,4442,3450,2638,22685,1,1,1,1
22.4000,7027,1,1,77434,0,148951,0.519866,1,7,45,45,1215461,27.52111,0.00238,2.38221,0.00508,1,1,2,1.397264,1.000000,4.100819,-0.018946,-0.018899,14.942545,11247,0.001265,0.074245,61953,25222,13790,8714,6024,4439,3373,2714,22721,1,1,1,1
23.0000,7027,1,1,78964,0,151378,0.521638,2,17,17,230,50465,27.93708,0.00238,2.38221,0.00508,1,1,2,1.067738,1.000000,1.294339,-0.226847,-0.226838,14.734296,7030,0.015395,0.047063,62886,25636,14255,8742,6082,4543,3527,2640,23066,1,1,1,1
23.9000,7027,1,1,80480,0,154913,0.519521,2,1,41,41,73668,28.56088,0.00238,2.38221,0.00508,1,0,3,1.409005,1.000000,1.116584,-0.538734,-0.538685,14.422749,707,0.037350,0.004835,63943,26532,14663,8973,6268,4649,3523,2825,23536,1,1,1,1
22.3500,7039,1,1,77720,0,149100,0.521264,2,4,69,733,290340,27.49555,0.00238,2.38427,0.00580,1,1,2,1.406579,1.000000,2.233862,0.002957,0.003006,14.964413,11614,-0.000201,0.076425,61822,25367,13917,8767,6110,4485,3322,2645,22664,1,1,1,1
22.4000,7039,1,1,78196,0,149493,0.523078,5,4,47,47,336898,27.53021,0.00238,2.38427,0.00580,1,1,3,1.258240,1.000000,1.284777,-0.014333,-0.014301,14.947020,11263,0.000957,0.074202,61990,25600,13991,8726,6053,4403,3475,2697,22557,1,1,1,1
23.0000,7039,1,1,78953,1,151662,0.520589,2,3,77,77,176393,27.94616,0.00238,2.38427,0.00580,0,1,3,1.769307,1.255628,1.042447,-0.222292,-0.222211,14.739199,7038,0.015076,0.047021,63041,25611,14229,8814,6161,4512,3404,2779,23110,1,1,1,1
23.9000,7039,1,1,81039,1,155534,0.521041,2,7,241,241,904974,28.56998,0.00238,2.38427,0.00580,0,1,3,4.805595,3.889078,3.889078,-0.534299,-0.534076,14.427097,707,0.037019,0.004826,64533,26567,14630,9026,6274,4659,3609,2741,23494,1,1,1,1
22.3500,7051,1,1,77924,0,149077,0.522713,1,26,26,112,1239601,27.49300,0.00279,2.38332,0.00560,1,1,3,1.034258,1.000000,1.026789,0.001970,0.001974,14.963015,11640,-0.000132,0.076473,61930,25329,13651,8878,5974,4478,3422,2702,22712,1,1,1,1
22.4000,7051,1,1,77669,1,148885,0.521675,1,4,105,105,930911,27.52770,0.00279,2.38332,0.00560,0,1,3,2.598055,2.208299,2.208299,-0.015440,-0.015304,14.946217,11287,0.001024,0.074237,61665,25242,13770,8792,6120,4431,3417,2670,22777,1,1,1,1
23.0000,7051,1,1,79260,0,151866,0.521911,1,1,12,62,420562,27.94363,0.00279,2.38332,0.00560,1,0,3,1.404532,1.000000,1.087329,-0.223349,-0.223301,14.738104,7056,0.015151,0.047064,63178,25649,14110,8951,6177,4465,3504,2763,23068,1,1,1,1
23.9000,7051,1,1,80748,0,155119,0.520559,3,29,29,29,200832,28.56737,0.00279,2.38332,0.00560,1,0,2,1.133771,1.000000,4.234972,-0.535323,-0.535305,14.426197,712,0.037106,0.004852,64329,26198,14522,9148,6260,4651,3628,2754,23628,1,1,1,1
22.3500,7063,1,1,77698,0,149184,0.520823,1,6,62,62,756598,27.49308,0.00237,2.37785,0.00673,1,1,2,1.147063,1.000000,1.263852,0.001707,0.001726,14.962969,11657,-0.000115,0.076455,62002,25095,13976,8752,6113,4416,3274,2736,22819,1,1,1,1
22.4000,7063,1,1,78128,0,149686,0.521949,2,242,242,242,247477,27.52772,0.00237,2.37785,0.00673,1,1,2,1.276960,1.000000,76.457030,-0.015909,-0.015875,14.945457,11305,0.001062,0.074233,62234,25199,14047,8762,6099,4548,3529,2585,22682,1,1,1,1
23.0000,7063,1,1,79282,0,152308,0.520541,4,6,7,18,145553,27.94363,0.00237,2.37785,0.00673,1,0,2,1.196314,1.000000,1.498943,-0.223585,-0.223559,14.737933,7066,0.015169,0.047051,63094,25704,14329,9020,6270,4522,3534,2817,23017,1,1,1,1
23.9000,7063,1,1,81296,0,155837,0.521677,1,2,26,566,164628,28.56739,0.00237,2.37785,0.00673,1,1,2,1.407037,1.000000,1.470151,-0.535465,-0.535417,14.425992,710,0.037115,0.004830,64959,26251,14452,9040,6275,4649,3516,2781,23913,1,1,1,1
22.3500,7075,1,1,77955,1,149368,0.521902,1,61,61,289,134549,27.49820,0.00365,2.37023,0.00705,0,0,3,5.732036,5.048114,5.048114,0.004824,0.005070,14.966303,11675,-0.000339,0.076426,61781,25398,13836,8909,6123,4397,3441,2733,22749,1,1,1,1
22.4000,7075,1,1,78626,0,150489,0.522474,1,21,64,64,538427,27.53288,0.00365,2.37023,0.00705,1,0,2,1.201856,1.000000,4.979177,-0.012516,-0.012490,14.949002,11321,0.000836,0.074194,62504,25721,13807,9022,6232,4487,3333,2740,22642,1,1,1,1
23.0000,7075,1,1,79175,1,152215,0.520156,6,50,58,58,4436130,27.94877,0.00365,2.37023,0.00705,0,0,3,2.617129,2.457203,2.457203,-0.220411,-0.220275,14.740857,7076,0.014943,0.047029,63133,25619,14216,8917,6086,4535,3543,2797,23368,1,1,1,1
23.9000,7075,1,1,81681,1,156490,0.521960,1,29,29,934,1532675,28.57256,0.00365,2.37023,0.00705,0,1,3,16.175428,13.580097,13.580097,-0.532423,-0.532030,14.429485,710,0.036871,0.004821,64984,26576,14597,9208,6247,4823,3597,2895,23562,1,1,1,1
22.3500,7087,1,1,78137,1,150096,0.520584,1,6,6,54,98653,27.50990,0.00310,2.38157,0.00561,0,1,3,3.751398,3.037075,3.037075,0.010454,0.010640,14.971887,11697,-0.000711,0.076412,62328,25673,13792,8834,6179,4408,3319,2692,22870,1,1,1,1
22.4000,7087,1,1,77778,0,149746,0.519403,1,2,4,622,784686,27.54452,0.00310,2.38157,0.00561,1,1,3,1.265832,1.000000,1.120242,-0.006780,-0.006747,14.954580,11343,0.000451,0.074185,61868,25557,13883,8851,6165,4486,3400,2727,22808,1,1,1,1
23.0000,7087,1,1,79453,1,152780,0.520052,14,3,45,45,720807,27.96049,0.00310,2.38157,0.00561,0,0,3,1.457472,1.394451,1.394451,-0.214782,-0.214728,14.746354,7090,0.014561,0.047025,63354,25875,14531,8873,6231,4564,3455,2685,23211,1,1,1,1
23.9000,7087,1,1,81296,0,156321,0.520061,1,570,570,570,141287,28.58429,0.00310,2.38157,0.00561,1,1,2,1.058848,1.000000,34.571104,-0.526914,-0.526906,14.434212,712,0.036504,0.004824,64665,26590,14609,9220,6463,4741,3564,2755,23713,1,1,1,1
22.3500,7099,1,1,78278,0,150197,0.521172,1,30,30,31,280539,27.50760,0.00309,2.37395,0.00558,1,1,2,1.383989,1.000000,14.418201,0.009212,0.009258,14.970709,11719,-0.000618,0.076432,62340,25534,13920,8849,6129,4465,3384,2666,22909,1,1,1,1
22.4000,7099,1,1,78364,0,150404,0.521027,1,5,18,70,629627,27.54226,0.00309,2.37395,0.00558,1,1,2,1.259453,1.000000,1.794067,-0.007972,-0.007939,14.953384,11362,0.000531,0.074190,62306,25529,14097,8867,6098,4502,3435,2740,22829,1,1,1,1
23.0000,7099,1,1,80050,0,153449,0.521675,4,7,8,38,1118322,27.95821,0.00309,2.37395,0.00558,1,0,2,1.242627,1.000000,2.029431,-0.215953,-0.215923,14.745563,7102,0.014643,0.047027,63869,26197,14282,9050,6060,4502,3430,2759,23299,1,1,1,1
23.9000,7099,1,1,81712,0,156875,0.520877,1,32,32,32,138722,28.58203,0.00309,2.37395,0.00558,1,0,2,1.154610,1.000000,5.559688,-0.527936,-0.527916,14.433584,715,0.036576,0.004837,64940,26621,14690,9399,6447,4662,3583,2801,23731,1,1,1,1
22.3500,7111,1,1,78569,1,150842,0.520873,2,318,318,318,895379,27.49802,0.00358,2.38061,0.00636,0,1,3,10.670965,10.043421,10.043421,0.004712,0.005045,14.966559,11735,-0.000337,0.076429,62917,25341,14081,8844,6169,4491,3482,2658,22858,1,1,1,1
22.4000,7111,1,1,78589,1,151066,0.520233,3,8,8,10,218399,27.53272,0.00358,2.38061,0.00636,0,1,3,2.064426,1.492510,1.414692,-0.012498,-0.012396,14.949056,11379,0.000829,0.074197,62914,25654,13949,8827,6109,4480,3612,2768,22752,1,1,1,1
23.0000,7111,1,1,79939,1,153688,0.520142,1,1,14,19,115235,27.94865,0.00358,2.38061,0.00636,0,1,3,1.672599,1.272627,1.272627,-0.220452,-0.220380,14.741092,7112,0.014950,0.047028,63904,26126,14377,9131,6321,4507,3437,2808,23076,1,1,1,1
23.9000,7111,1,1,81566,0,156638,0.520733,2,37,37,37,1331402,28.57239,0.00358,2.38061,0.00636,1,0,3,1.024022,1.000000,1.013841,-0.532306,-0.532303,14.429216,713,0.036891,0.004817,65014,26668,14594,9094,6302,4670,3675,2631,23989,1,1,1,1
22.3500,7123,1,1,78309,1,149986,0.522112,1,61,61,273,746804,27.51274,0.00255,2.38181,0.00544,0,0,3,2.660653,2.194004,2.194004,0.011585,0.011722,14.973019,11754,-0.000783,0.076390,61947,25340,13992,8823,6162,4558,3446,2710,23007,1,1,1,1
22.4000,7123,1,1,78738,0,150847,0.521976,1,7,14,48,235024,27.54738,0.00255,2.38181,0.00544,1,1,2,1.305889,1.000000,2.871824,-0.005756,-0.005718,14.955756,11396,0.000382,0.074149,62347,25942,13956,8744,6133,4536,3483,2737,22968,1,1,1,1
23.0000,7123,1,1,79850,0,153185,0.521269,11,40,52,52,368658,27.96329,0.00255,2.38181,0.00544,1,1,2,1.399241,1.000000,19.543188,-0.213845,-0.213798,14.747646,7122,0.014497,0.046994,63535,25738,14448,8959,6270,4640,3418,2735,23441,1,1,1,1
23.9000,7123,1,1,82009,1,157470,0.520795,8,21,21,21,218776,28.58705,0.00255,2.38181,0.00544,0,1,3,12.039628,9.928723,9.928723,-0.525680,-0.525331,14.436189,712,0.036390,0.004799,65550,26646,14781,9311,6305,4709,3446,2827,23894,1,1,1,1
22.3500,7135,1,1,78925,1,151135,0.522219,1,61,269,269,3022676,27.51372,0.00126,2.38249,0.00641,0,1,3,2.474463,1.801823,1.567832,0.011479,0.011606,14.972992,11772,-0.000775,0.076379,62937,25613,13891,8854,6044,4379,3546,2719,23151,1,1,1,1
22.4000,7135,1,1,78986,0,151139,0.522608,3,7,23,56,985205,27.54841,0.00126,2.38249,0.00641,1,0,2,1.176195,1.000000,1.432742,-0.005856,-0.005833,14.955664,11415,0.000390,0.074148,62520,25852,14204,8823,6040,4538,3420,2684,23057,1,1,1,1
23.0000,7135,1,1,80326,0,153733,0.522507,2,1,11,36,92563,27.96429,0.00126,2.38249,0.00641,1,1,3,1.408341,1.000000,1.045565,-0.213776,-0.213728,14.747684,7135,0.014492,0.047000,63615,26286,14350,9057,6161,4565,3527,2761,23410,1,1,1,1
23.9000,7135,1,1,81842,0,157057,0.521101,19,6,19,56,842789,28.58808,0.00126,2.38249,0.00641,1,0,2,1.201291,1.000000,1.493690,-0.525693,-0.525668,14.435826,714,0.036414,0.004805,64958,26761,14550,9265,6253,4764,3560,2830,24115,1,1,1,1
22.3500,7147,1,1,79057,1,151779,0.520873,1,14,40,56,1498007,27.51201,0.00355,2.38518,0.00651,0,1,3,6.217396,5.446514,5.446514,0.011701,0.011957,14.973465,11797,-0.000799,0.076410,63170,25911,14005,9046,6158,4386,3452,2654,22996,1,1,1,1
22.4000,7147,1,1,79088,0,151489,0.522074,11,22026,22026,22026,106905,27.54664,0.00355,2.38518,0.00651,1,1,2,1.000385,1.000000,8.485148,-0.005642,-0.005642,14.954781,11439,0.000377,0.074184,62720,25646,14293,8974,6070,4554,3493,2785,22953,1,1,1,1
23.0000,7147,1,1,80572,0,154516,0.521451,2,6,10,111,316078,27.96260,0.00355,2.38518,0.00651,1,1,2,1.406048,1.000000,3.307495,-0.213559,-0.213511,14.747929,7152,0.014477,0.047033,64248,26346,14450,8956,6292,4628,3455,2721,23419,1,1,1,1
23.9000,7147,1,1,82604,0,158311,0.521786,4,1,160,160,485333,28.58641,0.00355,2.38518,0.00651,1,1,3,1.414108,1.000000,1.067292,-0.525380,-0.525332,14.436096,719,0.036390,0.004830,65810,26897,14828,9367,6394,4602,3669,2903,23840,1,1,1,1
22.3500,7159,1,1,79558,0,152211,0.522686,2,351,351,351,150781,27.51385,0.00211,2.38874,0.00678,1,1,2,1.104694,1.000000,38.764464,0.011783,0.011797,14.973305,11814,-0.000788,0.076393,63625,25717,14006,8888,6395,4398,3542,2687,22952,1,1,1,1
22.4000,7159,1,1,79232,0,151906,0.521589,2,21,22,25,270412,27.54851,0.00211,2.38874,0.00678,1,0,2,1.128943,1.000000,3.051100,-0.005370,-0.005353,14.956151,11454,0.000358,0.074150,62978,26100,14027,9005,6095,4421,3417,2775,23087,1,1,1,1
23.0000,7159,1,1,80696,0,154423,0.522568,3,9,23,151,1160248,27.96446,0.00211,2.38874,0.00678,1,1,2,1.202951,1.000000,2.147822,-0.213319,-0.213293,14.747999,7158,0.014462,0.046993,64200,26012,14542,9259,6245,4631,3431,2836,23266,1,1,1,1
23.9000,7159,1,1,82282,0,158118,0.520387,1,2,6,26,590965,28.58828,0.00211,2.38874,0.00678,1,1,3,1.313994,1.000000,1.091566,-0.525181,-0.525143,14.436212,715,0.036377,0.004795,65850,26610,14583,9361,6710,4647,3569,2782,24005,1,1,1,1
22.3500,7171,1,1,79708,0,152396,0.523036,1,2,8,12,805209,27.51577,0.00218,2.38931,0.00547,1,1,3,1.408231,1.000000,1.398783,0.013033,0.013080,14.974519,11841,-0.000874,0.076433,63282,26045,14180,9109,6167,4386,3567,2737,22922,1,1,1,1
22.4000,7171,1,1,79430,0,152403,0.521187,2,1,7,26,2656189,27.55047,0.00218,2.38931,0.00547,1,1,3,1.405565,1.000000,1.040715,-0.004301,-0.004254,14.957157,11481,0.000284,0.074195,63478,25822,14290,8720,6242,4507,3477,2774,23092,1,1,1,1
23.0000,7171,1,1,80646,0,154903,0.520626,3,194,194,194,531631,27.96640,0.00218,2.38931,0.00547,1,0,2,1.022716,1.000000,4.470677,-0.212366,-0.212363,14.749157,7178,0.014398,0.047042,64864,26163,14325,8972,6140,4622,3500,2807,23509,1,1,1,1
23.9000,7171,1,1,82301,1,157881,0.521288,1,3,16,120,568682,28.59014,0.00218,2.38931,0.00547,0,1,3,1.439670,1.385517,1.385517,-0.524153,-0.524102,14.437416,725,0.036302,0.004854,65334,26993,14484,9180,6424,4656,3676,2870,24263,1,1,1,1
22.3500,7183,1,1,79192,0,151533,0.522609,2,5,43,43,4841466,27.51234,0.00220,2.38873,0.00669,1,1,2,1.204623,1.000000,1.257336,0.011253,0.011279,14.972573,11855,-0.000753,0.076406,63063,25478,14113,8913,6064,4463,3509,2805,23124,1,1,1,1
22.4000,7183,1,1,79361,1,152146,0.521614,1,216,216,216,795148,27.54698,0.00220,2.38873,0.00669,0,1,3,42.312722,40.909108,40.909108,-0.006311,-0.005789,14.955178,11496,0.000387,0.074178,62864,26124,14264,8954,6009,4446,3466,2832,23186,1,1,1,1
23.0000,7183,1,1,80864,0,154808,0.522354,1,2,4,18,148183,27.96289,0.00220,2.38873,0.00669,1,1,2,1.413642,1.000000,1.633261,-0.214040,-0.213992,14.747431,7186,0.014510,0.047021,64241,26283,14702,8913,6269,4697,3489,2782,23431,1,1,1,1
23.9000,7183,1,1,82707,1,158744,0.521012,7,6,7,104,83697,28.58665,0.00220,2.38873,0.00669,0,1,3,2.247104,2.109394,2.109394,-0.525939,-0.525826,14.435290,722,0.036426,0.004826,66116,26742,14801,9403,6321,4826,3630,2839,24065,1,1,1,1
22.3500,7195,1,1,79382,0,152190,0.521601,1,2,9,20,426600,27.50784,0.00200,2.38344,0.00614,1,1,2,1.414177,1.000000,1.736486,0.008902,0.008950,14.970378,11877,-0.000598,0.076431,62789,25843,14273,9034,6271,4513,3438,2763,23265,1,1,1,1
22.4000,7195,1,1,79781,1,153117,0.521049,4,3,5,153,662687,27.54252,0.00200,2.38344,0.00614,0,1,3,1.848448,1.543253,1.543253,-0.008430,-0.008345,14.952858,11517,0.000558,0.074201,63706,25883,14407,9203,6162,4564,3401,2733,23057,1,1,1,1
23.0000,7195,1,1,80816,0,155495,0.519737,8,18,18,54,180272,27.95841,0.00200,2.38344,0.00614,1,1,2,1.061667,1.000000,1.228622,-0.216358,-0.216350,14.744783,7200,0.014673,0.047042,64569,26413,14494,9275,6276,4622,3446,2869,23530,1,1,1,1
23.9000,7195,1,1,82750,0,158641,0.521621,7,2,236,236,211007,28.58220,0.00200,2.38344,0.00614,1,1,3,1.382331,1.000000,1.199002,-0.528246,-0.528201,14.433254,725,0.036596,0.004839,65512,26929,14819,9548,6451,4779,3651,2820,24131,1,1,1,1
22.3500,7207,1,1,79313,1,152286,0.520820,1,21,21,27,46803203,27.50579,0.00232,2.37922,0.00559,0,1,3,13.400768,10.573422,10.573422,0.007934,0.008294,14.969337,11893,-0.000554,0.076412,63174,25926,14280,8791,6118,4553,3482,2705,23256,1,1,1,1
22.4000,7207,1,1,79703,1,152763,0.521746,1,4,12,760,288012,27.54042,0.00232,2.37922,0.00559,0,1,3,3.140824,2.473728,2.473728,-0.009276,-0.009118,14.952396,11533,0.000610,0.074183,63455,25690,14306,8965,6155,4611,3485,2776,23319,1,1,1,1
23.0000,7207,1,1,81209,1,155623,0.521835,1,9,42,42,68156,27.95638,0.00232,2.37922,0.00559,0,1,3,5.488507,4.591377,4.591377,-0.217303,-0.217067,14.744455,7208,0.014722,0.047017,64753,26494,14492,9187,6299,4510,3478,2816,23593,1,1,1,1
23.9000,7207,1,1,82941,1,159890,0.518741,1,1,43,71,179218,28.58019,0.00232,2.37922,0.00559,0,1,3,1.595365,1.129450,1.129450,-0.529103,-0.529038,14.432383,726,0.036656,0.004838,66641,27306,14805,9369,6423,4848,3592,2816,24089,1,1,1,1
22.3500,7219,1,1,79768,0,152800,0.522045,1,12,35,35,477026,27.50031,0.00269,2.36820,0.00549,1,1,2,1.385336,1.000000,6.093999,0.005437,0.005483,14.966936,11915,-0.000366,0.076438,63464,25805,14172,8978,6211,4592,3532,2798,23247,1,1,1,1
22.4000,7219,1,1,79941,1,152944,0.522685,3,14,14,278,46255,27.53497,0.00269,2.36820,0.00549,0,1,3,6.633276,5.833617,5.833617,-0.011891,-0.011628,14.949456,11554,0.000778,0.074209,63596,25612,14303,9118,6327,4473,3569,2744,23201,1,1,1,1
23.0000,7219,1,1,81128,0,155444,0.521915,1,13,80,80,3000334,27.95092,0.00269,2.36820,0.00549,1,1,2,1.077940,1.000000,1.279240,-0.219753,-0.219743,14.741770,7222,0.014906,0.047039,64529,26373,14454,9152,6405,4526,3479,2791,23734,1,1,1,1
23.9000,7219,1,1,82956,0,159449,0.520270,1,920,920,920,97894,28.57474,0.00269,2.36820,0.00549,1,1,2,1.036248,1.000000,34.014447,-0.531897,-0.531892,14.429170,725,0.036862,0.004824,66197,27136,14903,9280,6355,4765,3671,2929,24212,1,1,1,1
22.3500,7231,1,1,79755,1,153148,0.520774,9,26,26,26,85436,27.49075,0.00185,2.36999,0.00479,0,1,3,2.574663,2.344896,2.344896,0.000320,0.000450,14.961961,11931,-0.000030,0.076439,63572,25841,14341,9013,6216,4560,3572,2774,23258,1,1,1,1
22.4000,7231,1,1,80138,0,153190,0.523132,72,20,72,162,7667471,27.52545,0.00185,2.36999,0.00479,1,0,2,1.088529,1.000000,1.930760,-0.017017,-0.017005,14.944507,11571,0.001138,0.074219,63612,25996,14444,8939,6160,4460,3534,2709,23335,1,1,1,1
23.0000,7231,1,1,81279,1,155732,0.521919,1,1,6,159,122408,27.94138,0.00185,2.36999,0.00479,0,1,3,1.500964,1.078862,1.078862,-0.224940,-0.224884,14.736568,7231,0.015260,0.047036,64532,26373,14602,9123,6354,4601,3498,2798,23850,1,1,1,1
23.9000,7231,1,1,83179,1,159379,0.521898,1,23,28,38,229533,28.56513,0.00185,2.36999,0.00479,0,0,3,3.903456,3.390386,3.390386,-0.536892,-0.536704,14.424551,723,0.037208,0.004805,66119,26944,15018,9287,6397,4759,3680,2852,24322,1,1,1,1
22.3500,7243,1,1,79674,0,153136,0.520286,2,7,8,132,194813,27.49348,0.00342,2.37127,0.00721,1,1,2,1.360372,1.000000,3.495843,0.002370,0.002412,14.963795,11954,-0.000161,0.076450,63320,26052,14586,9049,6107,4469,3459,2727,23366,1,1,1,1
22.4000,7243,1,1,79796,0,153580,0.519576,3,5,8,69,1313771,27.52813,0.00342,2.37127,0.00721,1,1,2,1.345115,1.000000,2.481209,-0.014928,-0.014887,14.946580,11592,0.000996,0.074220,63482,26214,14456,9089,6189,4641,3494,2762,23252,1,1,1,1
23.0000,7243,1,1,81242,0,156325,0.519703,30,20,36,2035,441749,27.94403,0.00342,2.37127,0.00721,1,1,2,1.358478,1.000000,8.487144,-0.222966,-0.222924,14.738457,7246,0.015125,0.047049,64971,26539,14617,9211,6365,4685,3508,2748,23680,1,1,1,1
23.9000,7243,1,1,83404,0,160255,0.520449,1,6,9,150,268380,28.56780,0.00342,2.37127,0.00721,1,1,2,1.169674,1.000000,1.355896,-0.534722,-0.534701,14.426571,728,0.037064,0.004829,66494,27491,14937,9461,6464,4857,3508,2874,24168,1,1,1,1
22.3500,7255,1,1,79885,1,153027,0.522035,1,5,16,65,660413,27.48789,0.00241,2.36284,0.00571,0,1,3,4.305642,3.151045,3.151045,-0.000909,-0.000708,14.960801,11976,0.000047,0.076479,63431,25826,14430,8967,6136,4570,3550,2652,23464,1,1,1,1
22.4000,7255,1,1,80527,1,154109,0.522536,3,4,11,67,66232,27.52257,0.00241,2.36284,0.00571,0,1,3,2.550488,2.103200,2.103200,-0.018222,-0.018093,14.943105,11613,0.001211,0.074249,63960,26287,14369,9130,6212,4593,3399,2767,23391,1,1,1,1
23.0000,7255,1,1,81557,1,156775,0.520220,1,5,41,4829,180736,27.93846,0.00241,2.36284,0.00571,0,1,3,2.067554,1.484823,1.456466,-0.226138,-0.226038,14.735364,7261,0.015340,0.047079,65323,26567,14621,9297,6371,4601,3448,2754,23792,1,1,1,1
23.9000,7255,1,1,83792,0,160512,0.522033,11,5,44,255,87292,28.56224,0.00241,2.36284,0.00571,1,1,2,1.295322,1.000000,1.833078,-0.538048,-0.538012,14.423467,731,0.037301,0.004842,66407,27396,15114,9492,6500,4782,3715,2876,24229,1,1,1,1
22.3500,7267,1,1,80536,0,154142,0.522483,7,3,110,110,80730,27.48856,0.00143,2.36023,0.00675,1,1,3,1.326691,1.000000,1.310147,-0.000975,-0.000936,14.960429,11994,0.000063,0.076470,64008,26100,14521,9065,6434,4535,3450,2761,23267,1,1,1,1
22.4000,7267,1,1,80596,0,154452,0.521822,1,6,6,398,1014685,27.52318,0.00143,2.36023,0.00675,1,1,2,1.199716,1.000000,1.498201,-0.018301,-0.018276,14.943019,11631,0.001223,0.074242,64171,26252,14447,9125,6356,4620,3471,2712,23297,1,1,1,1
23.0000,7267,1,1,81367,1,156562,0.519714,1,26,511,511,928149,27.93915,0.00143,2.36023,0.00675,0,1,3,1.135835,1.113609,1.113609,-0.226263,-0.226246,14.735276,7270,0.015354,0.047059,64786,26729,14498,9343,6454,4679,3465,2764,23843,1,1,1,1
23.9000,7267,1,1,83457,1,160120,0.521219,3,492,492,492,676062,28.56295,0.00143,2.36023,0.00675,0,1,3,32.867065,32.551837,32.551837,-0.538397,-0.537917,14.422942,733,0.037296,0.004848,66232,27310,14953,9369,6544,4771,3569,2865,24506,1,1,1,1
22.3500,7279,1,1,80779,1,154520,0.522777,1,13,149,149,861592,27.49649,0.00133,2.36739,0.00552,0,1,3,6.678527,5.657716,5.657716,0.002857,0.003118,14.964315,12012,-0.000208,0.076439,63891,26513,14384,9320,6404,4539,3467,2766,23235,1,1,1,1
22.4000,7279,1,1,80726,0,154459,0.522640,18,3,18,82,533154,27.53116,0.00133,2.36739,0.00552,1,0,3,1.286942,1.000000,1.234875,-0.014366,-0.014331,14.947150,11649,0.000959,0.074214,64331,26121,14329,9034,6419,4496,3484,2694,23550,1,1,1,1
23.0000,7279,1,1,81384,0,156411,0.520325,1,3,103,103,638479,27.94710,0.00133,2.36739,0.00552,1,0,2,1.382365,1.000000,1.754407,-0.222364,-0.222319,14.739137,7280,0.015084,0.047034,64819,26535,14469,9175,6313,4764,3552,2838,23945,1,1,1,1
23.9000,7279,1,1,83814,0,160876,0.520988,1,6,6,67,289952,28.57093,0.00133,2.36739,0.00552,1,0,2,1.260813,1.000000,2.117067,-0.534291,-0.534259,14.427227,729,0.037031,0.004812,66604,27535,15055,9584,6549,4782,3673,2846,24247,1,1,1,1
22.3500,7291,1,1,80757,1,154719,0.521963,2,2,19,39,43860,27.48734,0.00226,2.36418,0.00568,0,0,3,1.398868,1.070349,1.070349,-0.001120,-0.001074,14.960283,12032,0.000072,0.076460,64698,26196,14350,9106,6157,4487,3488,2803,23433,1,1,1,1
22.4000,7291,1,1,80572,0,154648,0.521006,5,3,5,27,111046,27.52204,0.00226,2.36418,0.00568,1,0,3,1.317539,1.000000,1.360289,-0.018484,-0.018446,14.943029,11667,0.001234,0.074226,64178,26581,14323,9042,6252,4526,3472,2771,23502,1,1,1,1
23.0000,7291,1,1,81878,0,157329,0.520429,2,1,24,24,532043,27.93797,0.00226,2.36418,0.00568,1,0,3,1.412913,1.000000,1.064289,-0.226426,-0.226378,14.735058,7292,0.015363,0.047047,65659,26198,14671,9426,6376,4679,3647,2832,23840,1,1,1,1
23.9000,7291,1,1,83489,1,160607,0.519837,1,2,16,28,278890,28.56172,0.00226,2.36418,0.00568,0,0,3,1.558012,1.101682,1.101682,-0.538302,-0.538242,14.423189,731,0.037318,0.004818,66507,27364,15059,9427,6524,4762,3618,2942,24403,1,1,1,1
22.3500,7303,1,1,80554,0,154358,0.521868,1,14,122,213,394121,27.49497,0.00152,2.36705,0.00549,1,1,2,1.218240,1.000000,3.848028,0.002160,0.002187,14.963495,12051,-0.000146,0.076439,64159,26255,14345,8904,6319,4571,3449,2704,23651,1,1,1,1
22.4000,7303,1,1,80565,1,154635,0.521004,1,25,25,25,613633,27.52962,0.00152,2.36705,0.00549,0,1,3,13.592321,11.522757,11.522757,-0.015237,-0.014879,14.946177,11686,0.000996,0.074210,64091,26448,14342,8987,6301,4499,3546,2749,23671,1,1,1,1
23.0000,7303,1,1,81713,1,156871,0.520896,1,4,33,33,100324,27.94552,0.00152,2.36705,0.00549,0,1,3,1.501323,1.140312,1.140312,-0.223031,-0.222975,14.738500,7306,0.015129,0.047049,65060,26490,14505,9309,6367,4758,3567,2747,24067,1,1,1,1
23.9000,7303,1,1,83957,1,160990,0.521508,1,2,11,218,238117,28.56929,0.00152,2.36705,0.00549,0,1,3,1.504729,1.233442,1.233442,-0.534919,-0.534863,14.426630,732,0.037075,0.004816,66920,27194,15072,9475,6432,4735,3616,2913,24632,1,1,1,1
22.3500,7315,1,1,80758,0,154790,0.521730,2,931,931,931,1091128,27.48331,0.00317,2.36090,0.00455,1,1,2,1.002700,1.000000,2.555839,-0.002798,-0.002797,14.957919,12069,0.000187,0.076456,64264,26194,14431,9121,6268,4597,3690,2786,23438,1,1,1,1
22.4000,7315,1,1,80739,1,155132,0.520457,1,1,18,88,723858,27.51799,0.00317,2.36090,0.00455,0,0,3,1.950168,1.436358,1.436358,-0.020098,-0.020006,14.941377,11705,0.001339,0.074232,64381,26362,14631,8958,6386,4432,3518,2754,23709,1,1,1,1
23.0000,7315,1,1,82159,1,157685,0.521036,1,19,19,44,224056,27.93388,0.00317,2.36090,0.00455,0,1,3,6.038525,5.672071,5.672071,-0.228138,-0.227892,14.733630,7314,0.015467,0.047039,65509,26759,14813,9307,6384,4667,3443,2893,23909,1,1,1,1
23.9000,7315,1,1,84270,0,161709,0.521124,2,3,6,857,462444,28.55767,0.00317,2.36090,0.00455,1,0,2,1.269634,1.000000,1.296053,-0.539929,-0.539897,14.421588,731,0.037437,0.004803,67072,27555,15328,9511,6537,4871,3554,2888,24392,1,1,1,1
22.3500,7327,1,1,80698,0,155099,0.520303,1,2,29,51,141654,27.48081,0.00230,2.36508,0.00576,1,1,3,1.257782,1.000000,1.100909,-0.004405,-0.004373,14.956959,12088,0.000292,0.076456,64380,26208,14382,9300,6246,4589,3502,2779,23712,1,1,1,1
22.4000,7327,1,1,80650,0,154707,0.521311,1,12,12,13,1122190,27.51543,0.00230,2.36508,0.00576,1,1,2,1.397213,1.000000,6.395780,-0.021840,-0.021794,14.939614,11721,0.001459,0.074221,64060,26076,14447,9192,6308,4541,3512,2819,23751,1,1,1,1
23.0000,7327,1,1,81824,0,156765,0.521957,2,120,120,120,159475,27.93140,0.00230,2.36508,0.00576,1,1,2,1.068206,1.000000,8.518111,-0.229841,-0.229832,14.731323,7324,0.015602,0.047033,64672,26464,14722,9278,6378,4636,3470,2810,24334,1,1,1,1
23.9000,7327,1,1,83894,0,161725,0.518748,5,3,10,89,109348,28.55520,0.00230,2.36508,0.00576,1,1,2,1.369480,1.000000,1.452000,-0.541621,-0.541579,14.419812,730,0.037558,0.004789,67002,27702,15094,9542,6589,4843,3571,2892,24489,1,1,1,1
22.3500,7339,1,1,81173,1,155540,0.521882,4,65,131,131,1484940,27.49078,0.00281,2.37218,0.00478,0,1,3,10.188956,9.897781,9.897781,0.000702,0.001018,14.962016,12118,-0.000068,0.076494,64592,26454,14441,9194,6293,4699,3467,2838,23561,1,1,1,1
22.4000,7339,1,1,80803,1,155108,0.520950,2,10,78,78,693655,27.52544,0.00281,2.37218,0.00478,0,0,3,1.660568,1.306371,1.306371,-0.016489,-0.016420,14.944920,11750,0.001099,0.074256,64242,26243,14281,9073,6363,4721,3573,2736,23875,1,1,1,1
23.0000,7339,1,1,82218,0,157706,0.521340,3,6,8,55,2860378,27.94139,0.00281,2.37218,0.00478,1,1,2,1.346958,1.000000,2.637791,-0.224511,-0.224471,14.736998,7346,0.015232,0.047079,65023,26949,14690,9401,6357,4809,3632,2874,23970,1,1,1,1
23.9000,7339,1,1,84155,1,161638,0.520642,1,7,1333,1333,571962,28.56521,0.00281,2.37218,0.00478,0,1,3,1.631973,1.209373,1.209373,-0.536366,-0.536299,14.425169,741,0.037178,0.004852,66972,27422,15114,9452,6432,4810,3607,2927,24901,1,1,1,1
22.3500,7351,1,1,81677,1,156650,0.521401,3,2,15,55,695077,27.49076,0.00318,2.36710,0.00518,0,1,3,1.732980,1.324758,1.324758,0.001035,0.001110,14.962615,12134,-0.000074,0.076467,65472,26615,14686,9114,6326,4657,3513,2733,23533,1,1,1,1
22.4000,7351,1,1,81329,1,155928,0.521584,3,28,28,30,185331,27.52546,0.00318,2.36710,0.00518,0,1,3,18.315276,14.140233,14.140233,-0.016477,-0.016081,14.944833,11766,0.001076,0.074236,64796,26321,14660,9195,6193,4690,3585,2804,23683,1,1,1,1
23.0000,7351,1,1,82614,0,158263,0.522008,1,282,282,282,573109,27.94138,0.00318,2.36710,0.00518,1,1,2,1.045732,1.000000,13.269055,-0.224435,-0.224429,14.736674,7354,0.015229,0.047055,65734,26758,14659,9257,6538,4831,3478,2853,24154,1,1,1,1
23.9000,7351,1,1,84463,1,162294,0.520435,18,12,18,51,95117,28.56513,0.00318,2.36710,0.00518,0,1,3,9.019773,6.405900,6.405900,-0.536260,-0.535960,14.425557,739,0.037154,0.004830,67262,27588,15097,9628,6674,4962,3669,2931,24482,1,1,1,1
22.3500,7363,1,1,81517,1,156465,0.520995,2,24,1160,1160,105117,27.49179,0.00205,2.36208,0.00612,0,0,3,2.253054,1.896565,1.896565,0.000886,0.000996,14.962287,12152,-0.000067,0.076458,64994,26499,14573,9475,6294,4779,3531,2801,23518,1,1,1,1
22.4000,7363,1,1,81449,1,155963,0.522236,2,52,52,61,592463,27.52643,0.00205,2.36208,0.00612,0,1,3,7.289723,6.817132,6.817132,-0.016523,-0.016253,14.945263,11784,0.001088,0.074227,64757,26644,14265,9270,6304,4605,3559,2714,23844,1,1,1,1
23.0000,7363,1,1,82913,1,158716,0.522402,7,2,7,51,396938,27.94234,0.00205,2.36208,0.00612,0,1,3,1.811884,1.357524,1.357524,-0.224366,-0.224286,14.737187,7366,0.015219,0.047053,65931,27003,14682,9283,6489,4681,3731,2778,24137,1,1,1,1
23.9000,7363,1,1,84586,0,162834,0.519465,1,102,102,102,583483,28.56611,0.00205,2.36208,0.00612,1,1,2,1.231019,1.000000,26.648795,-0.536453,-0.536424,14.425068,741,0.037187,0.004836,67723,27860,15054,9434,6588,4883,3615,2983,24693,1,1,1,1
22.3500,7375,1,1,82019,1,156888,0.522790,3,3,24,24,342154,27.49349,0.00205,2.36461,0.00516,0,0,3,1.660143,1.400673,1.400673,0.001776,0.001845,14.963135,12169,-0.000123,0.076436,65142,26698,14720,9392,6408,4654,3539,2811,23523,1,1,1,1
22.4000,7375,1,1,81541,1,156704,0.520354,1,14,16,16,300796,27.52817,0.00205,2.36461,0.00516,0,1,3,3.235268,2.826547,2.826547,-0.015612,-0.015453,14.946053,11799,0.001034,0.074196,65422,26398,14589,9276,6423,4572,3526,2800,23697,1,1,1,1
23.0000,7375,1,1,82925,1,158861,0.522001,2,1,29,67,399978,27.94406,0.00205,2.36461,0.00516,0,0,3,1.355898,1.063426,1.063426,-0.223489,-0.223448,14.737896,7374,0.015161,0.047025,65845,26900,14926,9308,6440,4626,3696,2891,24228,1,1,1,1
23.9000,7375,1,1,84909,1,162842,0.521423,9,2,87,87,363575,28.56785,0.00205,2.36461,0.00516,0,1,3,1.115325,1.040000,1.040000,-0.535375,-0.535360,14.426156,737,0.037110,0.004802,67771,27399,15287,9736,6502,4833,3597,2945,24771,1,1,1,1
22.3500,7387,1,1,81367,1,156553,0.519744,2,3,12,1316,3232777,27.49664,0.00224,2.36383,0.00547,0,1,3,2.598366,1.887855,1.887855,0.003445,0.003575,14.965093,12192,-0.000239,0.076446,64785,26826,14550,9177,6278,4667,3616,2846,23807,1,1,1,1
22.4000,7387,1,1,81839,1,157013,0.521228,11,7,16,98,1705450,27.53127,0.00224,2.36383,0.00547,0,1,3,5.280438,3.893343,3.893343,-0.013917,-0.013692,14.947240,11823,0.000916,0.074221,65566,26403,14688,9172,6470,4672,3507,2715,23819,1,1,1,1
23.0000,7387,1,1,83263,1,159875,0.520804,8,2,46,46,55997,27.94723,0.00224,2.36383,0.00547,0,1,3,1.188772,1.052269,1.052269,-0.221806,-0.221783,14.739742,7390,0.015047,0.047045,66705,27040,14763,9459,6511,4778,3707,2805,24106,1,1,1,1
23.9000,7387,1,1,85054,0,163292,0.520874,2,7,22,63,195605,28.57103,0.00224,2.36383,0.00547,1,0,2,1.180397,1.000000,1.635039,-0.533742,-0.533720,14.427781,743,0.036993,0.004832,68007,27749,15004,9445,6620,4982,3704,3054,24726,1,1,1,1
22.3500,7399,1,1,81726,0,156753,0.521371,9,2,9,48,219866,27.49489,0.00141,2.36114,0.00591,1,0,3,1.319192,1.000000,1.058759,0.002214,0.002252,14.963729,12208,-0.000150,0.076429,64782,26729,14714,9414,6295,4586,3585,2943,23704,1,1,1,1
22.4000,7399,1,1,81759,1,156910,0.521060,3,7,12,31,855532,27.52955,0.00141,2.36114,0.00591,0,1,3,3.854251,3.200455,3.200455,-0.015195,-0.015013,14.946493,11838,0.001004,0.074198,65232,26609,14637,9162,6310,4695,3604,2810,23850,1,1,1,1
23.0000,7399,1,1,82953,1,159414,0.520365,1,1,66,66,1355985,27.94550,0.00141,2.36114,0.00591,0,1,3,1.555700,1.107597,1.107597,-0.223095,-0.223035,14.738412,7398,0.015133,0.047024,66238,27057,14896,9355,6487,4807,3556,2824,24193,1,1,1,1
23.9000,7399,1,1,85242,0,163660,0.520851,1,8,503,503,80824,28.56932,0.00141,2.36114,0.00591,1,1,2,1.401278,1.000000,4.234775,-0.535098,-0.535052,14.426361,739,0.037089,0.004799,68071,27711,15460,9539,6499,4957,3707,2958,24757,1,1,1,1
22.3500,7411,1,1,81742,0,157220,0.519924,36,2,44,103,682976,27.48157,0.00275,2.35321,0.00708,1,1,2,1.410491,1.000000,1.436002,-0.003775,-0.003729,14.957714,12228,0.000249,0.076461,65525,26621,14551,9154,6512,4690,3521,2847,23798,1,1,1,1
22.4000,7411,1,1,82393,1,157641,0.522666,1,5,6,46,511058,27.51627,0.00275,2.35321,0.00708,0,1,3,2.905164,2.462635,2.462635,-0.021162,-0.021018,14.940492,11857,0.001407,0.074226,65397,27089,14680,9350,6421,4595,3577,2794,23737,1,1,1,1
23.0000,7411,1,1,83113,1,159826,0.520025,40,2,58,58,4808882,27.93220,0.00275,2.35321,0.00708,0,1,3,1.390969,1.223007,1.223007,-0.229076,-0.229031,14.731931,7410,0.015547,0.047044,66575,26919,14818,9433,6624,4690,3645,2814,24307,1,1,1,1
23.9000,7411,1,1,85051,1,163677,0.519630,1,69,69,69,333130,28.55594,0.00275,2.35321,0.00708,0,0,3,7.265920,6.726479,6.726479,-0.541067,-0.540799,14.420382,741,0.037502,0.004806,68196,27637,15232,9520,6579,4892,3723,3014,24883,1,1,1,1
22.3500,7423,1,1,81850,0,157211,0.520641,2,17,27,27,742159,27.49012,0.00224,2.36161,0.00711,1,1,2,1.166418,1.000000,3.311311,0.000112,0.000133,14.961410,12243,-0.000009,0.076412,65085,26986,14503,9372,6257,4691,3545,2794,23977,1,1,1,1
22.4000,7423,1,1,82107,1,157214,0.522266,11,84,84,84,329069,27.52477,0.00224,2.36161,0.00711,0,1,3,3.271932,3.086949,3.086949,-0.017205,-0.017045,14.944473,11872,0.001141,0.074180,65319,26663,14599,9117,6335,4600,3515,2877,24188,1,1,1,1
23.0000,7423,1,1,83297,1,160055,0.520431,1,2,25,34,104587,27.94067,0.00224,2.36161,0.00711,0,0,3,1.766155,1.254691,1.254691,-0.225096,-0.225020,14.736400,7418,0.015270,0.047005,66130,27487,14852,9483,6553,4764,3722,2830,24233,1,1,1,1
23.9000,7423,1,1,84840,0,163560,0.518712,4,2,19,27,242367,28.56444,0.00224,2.36161,0.00711,1,1,3,1.404110,1.000000,1.312588,-0.536982,-0.536936,14.424480,738,0.037224,0.004778,67649,27813,15167,9801,6782,4819,3808,2917,24803,1,1,1,1
22.3500,7435,1,1,82454,0,158090,0.521567,1,1,7,79,83672,27.48569,0.00319,2.35436,0.00559,1,0,3,1.345406,1.000000,1.111465,-0.001532,-0.001492,14.959980,12272,0.000100,0.076477,65882,26760,14897,9336,6357,4647,3565,2864,23781,1,1,1,1
22.4000,7435,1,1,82047,1,157635,0.520491,2,6,6,42,2981318,27.52037,0.00319,2.35436,0.00559,0,1,3,4.472173,3.437952,3.437952,-0.018950,-0.018749,14.942760,11899,0.001255,0.074238,65325,26998,14593,9270,6380,4691,3654,2742,23981,1,1,1,1
23.0000,7435,1,1,83220,0,159875,0.520535,1,5,31,344,948837,27.93626,0.00319,2.35436,0.00559,1,1,2,1.309525,1.000000,2.254621,-0.226864,-0.226828,14.734535,7438,0.015394,0.047061,66292,26821,15154,9476,6375,4624,3644,2942,24546,1,1,1,1
23.9000,7435,1,1,85544,0,164222,0.520908,11,47,52,415,271569,28.56004,0.00319,2.35436,0.00559,1,1,2,1.120829,1.000000,6.088038,-0.538825,-0.538810,14.422700,748,0.037358,0.004835,68020,28030,15233,9672,6804,4859,3838,3010,24755,1,1,1,1
22.3500,7447,1,1,82051,1,157431,0.521190,2,2,47,76,332254,27.48936,0.00218,2.36464,0.00658,0,1,3,1.376332,1.168572,1.168572,-0.000187,-0.000144,14.961359,12289,0.000010,0.076452,65007,26832,14719,9389,6453,4681,3506,2828,24015,1,1,1,1
22.4000,7447,1,1,82308,0,157772,0.521693,1,8,22,40,188886,27.52399,0.00218,2.36464,0.00658,1,0,2,1.250792,1.000000,2.651931,-0.017557,-0.017527,14.943964,11919,0.001173,0.074237,65456,26848,14703,9263,6245,4711,3571,2847,24127,1,1,1,1
23.0000,7447,1,1,83390,0,160555,0.519389,3,194,194,194,194760,27.93995,0.00218,2.36464,0.00658,1,1,2,1.079896,1.000000,16.183979,-0.225660,-0.225649,14.735867,7448,0.015313,0.047044,66653,27290,14856,9543,6459,4830,3674,2935,24314,1,1,1,1
23.9000,7447,1,1,85430,0,164337,0.519850,1,2,45,45,236905,28.56375,0.00218,2.36464,0.00658,1,1,3,1.221857,1.000000,1.042779,-0.537369,-0.537342,14.423974,746,0.037253,0.004814,68174,27839,15283,9749,6755,4835,3695,2951,25055,1,1,1,1
22.3500,7459,1,1,82405,1,157875,0.521967,4,1,16,230,125104,27.49212,0.00433,2.36038,0.00530,0,1,3,1.491911,1.055372,1.055372,0.002293,0.002346,14.963777,12307,-0.000157,0.076429,65429,27270,14517,9120,6405,4679,3563,2889,24002,1,1,1,1
22.4000,7459,1,1,82402,0,158233,0.520767,6,2,6,71,191968,27.52678,0.00433,2.36038,0.00530,1,1,3,1.367991,1.000000,1.309382,-0.015050,-0.015008,14.946457,11934,0.001004,0.074198,65480,26941,14820,9497,6374,4671,3604,2860,23985,1,1,1,1
23.0000,7459,1,1,84020,0,160784,0.522568,2,3,43,168,3405085,27.94272,0.00433,2.36038,0.00530,1,0,3,1.290050,1.000000,1.237445,-0.223022,-0.222988,14.738496,7458,0.015130,0.047023,66829,27272,15128,9334,6386,4723,3694,2851,24566,1,1,1,1
23.9000,7459,1,1,85595,1,164485,0.520385,1,11,15,71,328185,28.56654,0.00433,2.36038,0.00530,0,0,3,4.688689,3.902740,3.902740,-0.535010,-0.534803,14.426501,745,0.037071,0.004799,68132,28077,15071,9752,6625,5008,3816,2895,25108,1,1,1,1
22.3500,7471,1,1,82605,1,158444,0.521355,1,2,21,21,138530,27.49408,0.00239,2.35750,0.00604,0,1,3,2.129719,1.573002,1.573002,0.002296,0.002397,14.963770,12328,-0.000160,0.076436,65929,26845,14838,9208,6389,4659,3645,2905,24025,1,1,1,1
22.4000,7471,1,1,82342,0,158136,0.520707,19,7,21,1081,247056,27.52878,0.00239,2.35750,0.00604,1,1,2,1.412258,1.000000,3.913990,-0.015118,-0.015071,14.946356,11953,0.001008,0.074197,65663,26752,14746,9262,6449,4676,3600,2770,24217,1,1,1,1
23.0000,7471,1,1,84126,0,161615,0.520537,3,6,8,3392,739329,27.94470,0.00239,2.35750,0.00604,1,1,3,1.126420,1.000000,1.029030,-0.222986,-0.222970,14.738275,7471,0.015129,0.047030,67213,27435,15193,9635,6440,4750,3619,2927,24402,1,1,1,1
23.9000,7471,1,1,85910,0,164677,0.521691,1,7,60,146,268004,28.56845,0.00239,2.35750,0.00604,1,1,2,1.408443,1.000000,3.978155,-0.534956,-0.534910,14.426512,747,0.037078,0.004804,68155,28041,15410,9725,6725,4827,3752,2908,25133,1,1,1,1
22.3500,7483,1,1,82562,0,158096,0.522230,1,104,104,187,26317,27.49170,0.00519,2.36071,0.00647,1,1,2,1.309095,1.000000,37.533071,0.002218,0.002254,14.963735,12346,-0.000151,0.076425,65339,27043,14852,9069,6350,4826,3514,2907,24195,1,1,1,1
22.4000,7483,1,1,82653,1,158528,0.521381,1,31,31,77,230811,27.52634,0.00519,2.36071,0.00647,0,1,3,9.401640,8.592859,8.592859,-0.015005,-0.014705,14.946464,11973,0.000984,0.074202,65457,27006,15050,9324,6390,4676,3623,2926,24075,1,1,1,1
23.0000,7483,1,1,84034,0,161268,0.521086,4,9,62,63,111696,27.94225,0.00519,2.36071,0.00647,1,1,2,1.362381,1.000000,4.294724,-0.222912,-0.222871,14.738597,7484,0.015122,0.047036,67072,27274,14939,9399,6553,4800,3752,2909,24569,1,1,1,1
23.9000,7483,1,1,85931,1,165237,0.520050,1,2,105,105,166531,28.56602,0.00519,2.36071,0.00647,0,1,3,1.979599,1.438335,1.438335,-0.534722,-0.534631,14.426688,748,0.037058,0.004803,68636,28009,15293,9666,6760,4909,3827,2934,25202,1,1,1,1
22.3500,7495,1,1,82488,0,158691,0.519806,2,11,12,26,4913055,27.49622,0.00257,2.37325,0.00534,1,0,2,1.110378,1.000000,1.467440,0.003402,0.003416,14.964929,12365,-0.000228,0.076414,65994,26916,14664,9303,6553,4714,3533,2793,24220,1,1,1,1
22.4000,7495,1,1,82997,1,159085,0.521718,2,145,145,145,116234,27.53090,0.00257,2.37325,0.00534,0,1,3,98.111883,72.599906,72.599906,-0.014200,-0.013588,14.947186,11989,0.000909,0.074178,66035,26992,14844,9492,6422,4775,3630,2821,24073,1,1,1,1
23.0000,7495,1,1,84298,0,161386,0.522341,1,7,97,120,46611,27.94679,0.00257,2.37325,0.00534,1,1,2,1.129771,1.000000,1.163381,-0.221867,-0.221851,14.739398,7492,0.015052,0.047008,66827,27385,15047,9542,6541,4808,3600,2923,24712,1,1,1,1
23.9000,7495,1,1,85959,1,165147,0.520503,3,5,33,886,60893,28.57057,0.00257,2.37325,0.00534,0,1,3,2.819683,2.363855,2.363855,-0.533808,-0.533670,14.427552,747,0.036990,0.004788,68568,27962,15255,9702,6773,4829,3763,2975,25319,1,1,1,1
22.3500,7507,1,1,83244,0,159640,0.521452,2,2,7,24,1066603,27.49031,0.00265,2.36504,0.00622,1,1,3,1.319228,1.000000,1.033806,0.000532,0.000569,14.961940,12385,-0.000038,0.076431,66552,27098,14965,9325,6438,4708,3621,2805,24127,1,1,1,1
22.4000,7507,1,1,82654,0,158641,0.521016,1,8,20,80,422610,27.52493,0.00265,2.36504,0.00622,1,1,2,1.376899,1.000000,4.263892,-0.016875,-0.016832,14.944568,12007,0.001126,0.074184,65699,26795,14599,9456,6527,4784,3625,2897,24258,1,1,1,1
23.0000,7507,1,1,83988,0,161580,0.519795,2,6,32,32,371169,27.94089,0.00265,2.36504,0.00622,1,1,2,1.296639,1.000000,2.203339,-0.224812,-0.224777,14.736582,7502,0.015253,0.047004,66674,27671,15142,9367,6721,4847,3585,2875,24697,1,1,1,1
23.9000,7507,1,1,85876,0,165258,0.519651,5,6,17,58,627987,28.56470,0.00265,2.36504,0.00622,1,0,2,1.204342,1.000000,1.583891,-0.536692,-0.536667,14.424832,746,0.037204,0.004775,68618,27890,15359,9741,6719,4982,3702,2896,25350,1,1,1,1
22.3500,7519,1,1,83060,0,159358,0.521220,1,44,44,627,919192,27.48433,0.00210,2.36161,0.00497,1,1,2,1.029355,1.000000,1.378627,-0.002736,-0.002732,14.958325,12410,0.000183,0.076481,66295,26982,14917,9287,6466,4635,3639,2854,24282,1,1,1,1
22.4000,7519,1,1,82723,1,159041,0.520140,5,15,15,1456,121559,27.51899,0.00210,2.36161,0.00497,0,1,3,10.634825,7.754342,7.754342,-0.020183,-0.019868,14.941080,12037,0.001330,0.074268,65893,26975,14832,9611,6399,4702,3657,2739,24232,1,1,1,1
23.0000,7519,1,1,84097,1,161892,0.519467,2,23,23,52,235162,27.93493,0.00210,2.36161,0.00497,0,0,3,3.862558,3.494526,3.494526,-0.228101,-0.227922,14.733301,7522,0.015470,0.047065,67067,27653,14963,9602,6482,4878,3638,2848,24760,1,1,1,1
23.9000,7519,1,1,86593,1,166474,0.520162,8,1305,1305,1305,3361506,28.55876,0.00210,2.36161,0.00497,0,1,3,14.094108,13.921332,13.921332,-0.540105,-0.539753,14.421773,755,0.037426,0.004826,69331,28318,15459,9845,6627,4907,3741,2909,25336,1,1,1,1
22.3500,7531,1,1,83074,0,159714,0.520146,1,49,49,49,388637,27.49164,0.00101,2.37156,0.00522,1,1,2,1.324142,1.000000,18.770124,0.000223,0.000260,14.961739,12434,-0.000017,0.076489,66334,27154,14919,9397,6491,4849,3562,2863,24144,1,1,1,1
22.4000,7531,1,1,82857,1,159296,0.520148,5,20,20,25,41401473,27.52634,0.00101,2.37156,0.00522,0,0,3,2.978948,2.807050,2.807050,-0.017000,-0.016855,14.944299,12057,0.001128,0.074257,65970,27129,14733,9347,6546,4614,3668,2935,24353,1,1,1,1
23.0000,7531,1,1,84329,1,162039,0.520427,1,35,76,76,194938,27.94226,0.00101,2.37156,0.00522,0,0,3,5.997435,5.476832,5.476832,-0.225007,-0.224769,14.736441,7538,0.015253,0.047080,67171,27491,15135,9592,6541,4771,3628,2926,24783,1,1,1,1
23.9000,7531,1,1,86293,1,165989,0.519875,1,4,8,44,502339,28.56601,0.00101,2.37156,0.00522,0,1,3,3.831532,2.735053,2.735053,-0.536836,-0.536658,14.424851,761,0.037204,0.004856,68840,28032,15605,9662,6779,5041,3710,2996,25323,1,1,1,1
22.3500,7543,1,1,83222,0,159912,0.520427,1,321,321,321,1109006,27.48267,0.00110,2.37121,0.00644,1,1,2,1.025169,1.000000,8.205940,-0.004233,-0.004230,14.956809,12449,0.000283,0.076485,66487,27287,15082,9426,6384,4626,3546,2894,24179,1,1,1,1
22.4000,7543,1,1,83431,1,159782,0.522158,1,1,31,48,123475,27.51732,0.00110,2.37121,0.00644,0,0,3,1.366699,1.117700,1.117700,-0.021416,-0.021375,14.940126,12074,0.001431,0.074264,66196,27280,14840,9471,6335,4886,3636,2908,24229,1,1,1,1
23.0000,7543,1,1,84287,1,161711,0.521223,5,229,649,649,265096,27.93322,0.00110,2.37121,0.00644,0,1,3,10.733264,10.474520,10.474520,-0.229525,-0.229210,14.732315,7546,0.015558,0.047068,66816,27221,15226,9492,6712,4901,3731,2799,24812,1,1,1,1
23.9000,7543,1,1,86699,1,166540,0.520593,4,52,52,1147,196829,28.55699,0.00110,2.37121,0.00644,0,1,3,1.998263,1.433557,1.204958,-0.541264,-0.541173,14.420285,758,0.037529,0.004830,69106,28136,15399,9770,6832,5085,3982,2989,25240,1,1,1,1
22.3500,7555,1,1,83709,1,160260,0.522336,3,4,250,250,524349,27.48728,0.00312,2.37686,0.00628,0,1,3,2.632874,2.135365,2.135365,-0.000810,-0.000682,14.960819,12472,0.000046,0.076484,66684,27195,15053,9410,6519,4745,3596,2935,24122,1,1,1,1
22.4000,7555,1,1,83564,0,160178,0.521698,1,37,37,37,192159,27.52196,0.00312,2.37686,0.00628,1,0,2,1.150786,1.000000,6.199884,-0.018222,-0.018203,14.943305,12093,0.001218,0.074247,66405,27111,14906,9534,6551,4804,3661,2825,24380,1,1,1,1
23.0000,7555,1,1,84887,1,162845,0.521278,19,84,84,84,62436488,27.93785,0.00312,2.37686,0.00628,0,1,3,42.835598,36.946031,36.946031,-0.226284,-0.225786,14.734831,7560,0.015323,0.047073,67546,27622,15003,9667,6722,4913,3749,2938,24684,1,1,1,1
23.9000,7555,1,1,86568,0,166606,0.519600,12,13,19,19,611553,28.56163,0.00312,2.37686,0.00628,1,1,2,1.391916,1.000000,6.175139,-0.538059,-0.538015,14.423396,761,0.037302,0.004841,69046,28115,15566,9900,6792,5097,3776,3026,25287,1,1,1,1
22.3500,7567,1,1,83251,1,160074,0.520081,29,3,258,258,107912,27.48736,0.00128,2.37150,0.00599,0,1,3,1.780646,1.374601,1.374601,-0.001642,-0.001566,14.959919,12487,0.000105,0.076459,66216,27146,15071,9567,6538,4827,3498,2904,24306,1,1,1,1
22.4000,7567,1,1,84183,1,160880,0.523269,3,2,132,132,5089050,27.52199,0.00128,2.37150,0.00599,0,1,3,1.703483,1.354286,1.354286,-0.018951,-0.018881,14.942611,12109,0.001264,0.074231,67084,27094,15110,9603,6384,4767,3741,2903,24193,1,1,1,1
23.0000,7567,1,1,85274,0,163087,0.522878,3,2,51,68,171381,27.93795,0.00128,2.37150,0.00599,1,1,3,1.377271,1.000000,1.219808,-0.226922,-0.226880,14.734522,7568,0.015398,0.047049,68021,27573,15133,9665,6464,4917,3644,2901,24768,1,1,1,1
23.9000,7567,1,1,87100,0,167521,0.519938,2,5,5,58,4227909,28.56175,0.00128,2.37150,0.00599,1,1,2,1.409835,1.000000,3.032154,-0.538890,-0.538845,14.422602,758,0.037361,0.004814,69617,28803,15516,9853,6710,4896,3863,2991,25271,1,1,1,1
22.3500,7579,1,1,83762,0,161092,0.519967,2,147,147,711,791872,27.48294,0.00119,2.36262,0.00563,1,1,2,1.032981,1.000000,4.984434,-0.003966,-0.003962,14.957115,12509,0.000265,0.076487,66911,27687,14849,9442,6525,4869,3666,2870,24272,1,1,1,1
22.4000,7579,1,1,83638,0,160494,0.521132,4,13,13,42,8087239,27.51760,0.00119,2.36262,0.00563,1,1,2,1.293256,1.000000,4.765516,-0.021294,-0.021260,14.940226,12130,0.001423,0.074254,66622,27288,14848,9561,6412,4887,3623,2941,24311,1,1,1,1
23.0000,7579,1,1,85215,1,163758,0.520375,1,2,9,11,274848,27.93355,0.00119,2.36262,0.00563,0,1,3,1.773904,1.381098,1.381098,-0.229183,-0.229108,14.732380,7583,0.015551,0.047074,68161,27683,15238,9736,6678,4993,3799,2906,24563,1,1,1,1
23.9000,7579,1,1,87180,0,167330,0.521010,1,7,16,38,288052,28.55737,0.00119,2.36262,0.00563,1,1,2,1.414072,1.000000,3.959317,-0.541165,-0.541119,14.420316,767,0.037525,0.004864,69319,28367,15687,10024,6717,4975,3841,2955,25444,1,1,1,1
22.3500,7591,1,1,84006,0,160844,0.522286,1,37,37,53,862541,27.48262,0.00176,2.36008,0.00618,1,0,2,1.105307,1.000000,4.222221,-0.003813,-0.003799,14.957716,12525,0.000254,0.076461,66640,27432,14897,9590,6646,4699,3781,2893,24265,1,1,1,1
22.4000,7591,1,1,83876,0,161025,0.520891,2,3,32,32,907663,27.51732,0.00176,2.36008,0.00618,1,0,2,1.269686,1.000000,1.328107,-0.021086,-0.021054,14.940436,12145,0.001409,0.074227,66466,27352,15214,9437,6496,5069,3776,2926,24288,1,1,1,1
23.0000,7591,1,1,85500,0,164008,0.521319,1,5,5,60,313790,27.93324,0.00176,2.36008,0.00618,1,0,2,1.214111,1.000000,1.474683,-0.229053,-0.229028,14.732472,7590,0.015546,0.047043,68104,27930,15149,9800,6596,4921,3782,2941,24784,1,1,1,1
23.9000,7591,1,1,87184,0,167236,0.521326,2,98,98,98,148380,28.55699,0.00176,2.36008,0.00618,1,1,2,1.047718,1.000000,4.863126,-0.541008,-0.541002,14.420123,763,0.037517,0.004832,69276,28341,15578,9759,6906,5145,3652,2911,25667,1,1,1,1
22.3500,7603,1,1,84009,1,161461,0.520308,2,5,146,146,544253,27.48424,0.00119,2.36092,0.00602,0,1,3,2.083824,1.920111,1.920111,-0.003309,-0.003212,14.958308,12548,0.000215,0.076477,66944,27856,14990,9432,6415,4827,3591,2887,24518,1,1,1,1
22.4000,7603,1,1,83696,0,160981,0.519916,3,5,33,243,765696,27.51888,0.00119,2.36092,0.00602,1,1,2,1.365626,1.000000,2.717781,-0.020655,-0.020614,14.940856,12169,0.001380,0.074254,66772,27295,14880,9595,6555,4933,3618,2813,24519,1,1,1,1
23.0000,7603,1,1,85496,0,163977,0.521393,1,5,12,92,63318,27.93479,0.00119,2.36092,0.00602,1,0,3,1.184527,1.000000,1.219801,-0.228553,-0.228531,14.732973,7608,0.015512,0.047078,68137,27794,15280,9649,6575,4995,3681,2936,24929,1,1,1,1
23.9000,7603,1,1,87080,0,167453,0.520030,1,2,9,29,465185,28.55856,0.00119,2.36092,0.00602,1,0,3,1.326675,1.000000,1.298582,-0.540444,-0.540407,14.421073,764,0.037473,0.004830,69202,28578,15732,9865,6827,4921,3705,2919,25703,1,1,1,1
22.3500,7615,1,1,84474,0,161654,0.522564,1,7,7,27,320709,27.48221,0.00118,2.35454,0.00603,1,1,3,1.116342,1.000000,1.124654,-0.004264,-0.004250,14.956991,12564,0.000284,0.076461,67156,27679,14985,9509,6559,4787,3593,2896,24489,1,1,1,1
22.4000,7615,1,1,83775,1,161198,0.519706,1,10,15,45,469799,27.51689,0.00118,2.35454,0.00603,0,1,3,3.707637,3.375502,3.375502,-0.021682,-0.021509,14.940012,12183,0.001440,0.074226,66883,27367,15016,9448,6460,4797,3688,2925,24613,1,1,1,1
23.0000,7615,1,1,85209,1,163783,0.520259,9,13,13,22,118657,27.93278,0.00118,2.35454,0.00603,0,1,3,9.002383,6.667508,6.667508,-0.229670,-0.229382,14.731530,7614,0.015571,0.047046,67853,27730,15244,9754,6664,4818,3692,3022,25005,1,1,1,1
23.9000,7615,1,1,87594,0,168556,0.519676,1,10,10,16,498751,28.55657,0.00118,2.35454,0.00603,1,1,2,1.328604,1.000000,4.117579,-0.541532,-0.541495,14.419884,762,0.037552,0.004810,70189,28717,15622,9946,6734,4980,3769,3030,25568,1,1,1,1
22.3500,7627,1,1,84374,0,161497,0.522453,1,2,80,132,1346684,27.47972,0.00203,2.34993,0.00565,1,1,3,1.359314,1.000000,1.278635,-0.005076,-0.005036,14.956358,12588,0.000337,0.076490,67194,27468,14974,9386,6481,4857,3677,2854,24605,1,1,1,1
22.4000,7627,1,1,84332,0,161547,0.522031,3,10,48,210,661981,27.51435,0.00203,2.34993,0.00565,1,1,2,1.175048,1.000000,2.183487,-0.022425,-0.022404,14.938890,12207,0.001500,0.074261,67033,27371,15186,9507,6509,4721,3618,2883,24718,1,1,1,1
23.0000,7627,1,1,85794,0,164588,0.521268,1,6,26,609,917297,27.93031,0.00203,2.34993,0.00565,1,1,2,1.210288,1.000000,1.752797,-0.230392,-0.230367,14.730950,7631,0.015638,0.047078,68505,28027,15163,9729,6601,4797,3642,2985,25138,1,1,1,1
23.9000,7627,1,1,87169,1,167831,0.519389,1,43,43,43,1424002,28.55412,0.00203,2.34993,0.00565,0,1,3,13.692807,12.783993,12.783993,-0.542425,-0.542082,14.419444,766,0.037594,0.004828,69277,28450,15715,9714,6963,5098,3853,3109,25651,1,1,1,1
22.3500,7639,1,1,84244,0,161891,0.520378,1,13,47,254,13508451,27.48032,0.00217,2.35999,0.00854,1,1,2,1.103779,1.000000,1.554185,-0.004709,-0.004696,14.956531,12608,0.000314,0.076490,67394,27443,14902,9606,6684,4840,3607,2811,24603,1,1,1,1
22.4000,7639,1,1,84461,1,162019,0.521306,1,4,16,67,192036,27.51498,0.00217,2.35999,0.00854,0,1,3,1.550356,1.162022,1.162022,-0.022020,-0.021962,14.939516,12226,0.001470,0.074257,67198,27607,15065,9534,6460,4765,3629,3039,24721,1,1,1,1
23.0000,7639,1,1,85830,0,164677,0.521205,2,33,55,78,110342,27.93092,0.00217,2.35999,0.00854,1,1,2,1.188318,1.000000,6.905121,-0.230109,-0.230087,14.731417,7642,0.015619,0.047071,68696,27643,15198,9695,6688,4755,3750,2995,25256,1,1,1,1
23.9000,7639,1,1,87534,0,168483,0.519545,1,304,304,304,254217,28.55474,0.00217,2.35999,0.00854,1,1,2,1.323197,1.000000,114.521068,-0.542205,-0.542168,14.419313,767,0.037600,0.004827,69780,28909,15753,9722,6683,5065,3796,3040,25734,1,1,1,1
22.3500,7651,1,1,84274,0,161927,0.520448,4,72,72,72,190465,27.48181,0.00127,2.36795,0.00595,1,1,2,1.312556,1.000000,26.295503,-0.004578,-0.004543,14.956830,12626,0.000304,0.076477,67331,27502,15017,9558,6481,4835,3599,2933,24670,1,1,1,1
22.4000,7651,1,1,84753,1,162277,0.522277,4,2,28,28,1622103,27.51651,0.00127,2.36795,0.00595,0,1,3,1.584252,1.302693,1.302693,-0.021729,-0.021669,14.939566,12244,0.001450,0.074249,67424,27437,15255,9674,6574,4774,3670,2935,24533,1,1,1,1
23.0000,7651,1,1,86037,1,164875,0.521835,7,11,41,47,155143,27.93243,0.00127,2.36795,0.00595,0,1,3,7.419366,5.837532,5.837532,-0.229791,-0.229529,14.731437,7652,0.015581,0.047058,68414,28235,15228,9739,6581,4837,3682,2985,25173,1,1,1,1
23.9000,7651,1,1,87806,0,168769,0.520276,5,77,77,77,229585,28.55618,0.00127,2.36795,0.00595,1,0,2,1.067435,1.000000,5.449237,-0.541662,-0.541654,14.419868,767,0.037563,0.004819,70015,28691,15740,9846,6900,4951,3774,3045,25806,1,1,1,1
22.3500,7663,1,1,84856,0,162442,0.522380,1,2,8,104,154503,27.47622,0.00118,2.36189,0.00692,1,1,2,1.358271,1.000000,1.425963,-0.007301,-0.007261,14.954134,12645,0.000486,0.076486,67609,27681,14930,9713,6491,4770,3605,2836,24806,1,1,1,1
22.4000,7663,1,1,84665,1,162789,0.520094,22,33,33,33,9975050,27.51086,0.00118,2.36189,0.00692,0,1,3,13.690991,12.456974,12.456974,-0.024764,-0.024423,14.936346,12260,0.001635,0.074246,67706,27667,15076,9558,6565,4895,3711,3066,24544,1,1,1,1
23.0000,7663,1,1,85753,1,165219,0.519029,1,2,5,155,156416,27.92677,0.00118,2.36189,0.00692,0,0,3,1.734409,1.272646,1.272646,-0.232569,-0.232497,14.728901,7663,0.015785,0.047060,68408,28155,15478,9862,6868,4833,3735,2927,24952,1,1,1,1
23.9000,7663,1,1,88566,0,169638,0.522091,1,28,28,64,370372,28.55054,0.00118,2.36189,0.00692,1,1,2,1.111856,1.000000,3.397559,-0.544517,-0.544503,14.416735,766,0.037769,0.004806,70552,28845,15780,10090,6965,4958,3838,3003,25606,1,1,1,1
22.3500,7675,1,1,84518,0,162138,0.521275,1,5,15,124,292738,27.46979,0.00190,2.35804,0.00786,1,1,3,1.171737,1.000000,1.195125,-0.010123,-0.010102,14.951405,12665,0.000676,0.076502,67202,27541,15206,9520,6554,4831,3719,2843,24721,1,1,1,1
22.4000,7675,1,1,84922,0,163041,0.520866,2,18,18,103,120197,27.50447,0.00190,2.35804,0.00786,1,1,2,1.260732,1.000000,5.483232,-0.027565,-0.027535,14.933812,12279,0.001844,0.074257,67836,27655,15169,9542,6644,4868,3745,2877,24704,1,1,1,1
23.0000,7675,1,1,86145,1,165465,0.520627,1,5,8,146,133131,27.92036,0.00190,2.35804,0.00786,0,0,3,3.064169,2.424603,2.424603,-0.235456,-0.235310,14.726039,7674,0.015979,0.047063,68374,28402,15508,9641,6820,4920,3780,2895,25124,1,1,1,1
23.9000,7675,1,1,87752,0,168885,0.519599,2,10,10,60,323063,28.54414,0.00190,2.35804,0.00786,1,1,2,1.114994,1.000000,1.416837,-0.547313,-0.547299,14.413944,768,0.037970,0.004812,69749,28638,15786,10088,6958,4994,3850,3013,25808,1,1,1,1
22.3500,7687,1,1,84783,1,163023,0.520071,7,4,170,170,208128,27.47353,0.00172,2.35198,0.00512,0,1,3,2.236915,1.643068,1.643068,-0.008346,-0.008241,14.953231,12687,0.000551,0.076505,67808,27707,15070,9687,6637,4831,3676,2945,24661,1,1,1,1
22.4000,7687,1,1,85266,0,163536,0.521393,2,30,30,498,146498,27.50815,0.00172,2.35198,0.00512,1,1,2,1.035206,1.000000,1.129257,-0.025635,-0.025630,14.935463,12303,0.001716,0.074278,68052,27844,15308,9491,6625,4891,3755,2921,24648,1,1,1,1
23.0000,7687,1,1,86440,0,165599,0.521987,2,26,26,26,364086,27.92411,0.00172,2.35198,0.00512,1,1,2,1.043039,1.000000,1.270156,-0.233619,-0.233613,14.727505,7690,0.015862,0.047083,68666,28088,15380,9916,6788,4989,3750,2948,25073,1,1,1,1
23.9000,7687,1,1,88394,0,169601,0.521191,3,76,76,84,207131,28.54792,0.00172,2.35198,0.00512,1,0,2,1.025870,1.000000,2.027363,-0.545556,-0.545552,14.415975,772,0.037844,0.004829,70554,28591,15663,9989,6882,5170,3794,3009,25948,1,1,1,1
22.3500,7699,1,1,84675,1,162750,0.520280,5,113,113,113,97106,27.47697,0.00181,2.35846,0.00520,0,1,3,23.535436,22.889450,22.889450,-0.006732,-0.006322,14.954584,12705,0.000423,0.076488,67637,27488,15076,9645,6589,4854,3701,2826,24933,1,1,1,1
22.4000,7699,1,1,85100,0,163356,0.520951,4,23,1836,1836,3444959,27.51163,0.00181,2.35846,0.00520,1,1,2,1.411711,1.000000,11.781737,-0.024020,-0.023975,14.937457,12320,0.001605,0.074255,68069,27730,14983,9667,6714,4754,3811,2908,24719,1,1,1,1
23.0000,7699,1,1,86360,0,165913,0.520517,1,2,414,414,2675169,27.92758,0.00181,2.35846,0.00520,1,1,3,1.396500,1.000000,1.387024,-0.231852,-0.231809,14.729609,7700,0.015738,0.047064,68799,28240,15354,9839,6962,4853,3732,3041,25092,1,1,1,1
23.9000,7699,1,1,88671,1,169878,0.521972,1,9,9,9,2280450,28.55140,0.00181,2.35846,0.00520,0,1,3,4.310630,3.625000,3.625000,-0.543827,-0.543637,14.417644,771,0.037706,0.004815,70485,28880,15725,10271,6862,4894,3838,3020,25902,1,1,1,1
22.3500,7711,1,1,84932,0,163091,0.520768,2,1,21,444,235279,27.47034,0.00241,2.34939,0.00648,1,0,3,1.398585,1.000000,1.196418,-0.009533,-0.009490,14.951969,12723,0.000635,0.076490,67848,27549,15337,9360,6538,4864,3715,2954,24925,1,1,1,1
22.4000,7711,1,1,84882,0,162913,0.521030,3,1,31,118,9394974,27.50504,0.00241,2.34939,0.00648,1,1,3,1.407054,1.000000,1.113578,-0.026873,-0.026829,14.934624,12337,0.001796,0.074256,67276,27860,15171,9455,6654,4845,3808,2944,24899,1,1,1,1
23.0000,7711,1,1,86012,0,165720,0.519023,19,2,19,138,420895,27.92096,0.00241,2.34939,0.00648,1,1,3,1.413211,1.000000,1.358056,-0.234853,-0.234808,14.726628,7711,0.015944,0.047068,68989,27975,15389,9613,6662,4888,3840,2976,25387,1,1,1,1
23.9000,7711,1,1,88303,1,169715,0.520305,2,58,58,533,1997329,28.54472,0.00241,2.34939,0.00648,0,1,3,38.642802,29.099913,29.099913,-0.546930,-0.546456,14.414434,771,0.037910,0.004808,70095,28718,15998,9992,6930,5203,3955,3028,25795,1,1,1,1
22.3500,7723,1,1,85182,0,163713,0.520316,1,5,5,17,164314,27.47394,0.00195,2.34540,0.00705,1,1,2,1.368349,1.000000,2.794325,-0.008096,-0.008055,14.953346,12748,0.000539,0.076514,68230,27734,15166,9732,6703,4841,3727,2908,24671,1,1,1,1
22.4000,7723,1,1,85027,1,163482,0.520103,1,62,62,62,56652,27.50858,0.00195,2.34540,0.00705,0,1,3,20.950381,19.321915,19.321915,-0.025543,-0.025149,14.935961,12363,0.001684,0.074290,67800,27701,15250,9563,6618,4859,3669,2930,25091,1,1,1,1
23.0000,7723,1,1,86436,0,166154,0.520219,1,60,74,76,1368766,27.92449,0.00195,2.34540,0.00705,1,1,3,1.015228,1.000000,1.026089,-0.233301,-0.233299,14.728230,7730,0.015840,0.047105,68820,28130,15489,9778,6848,4921,3766,3029,25372,1,1,1,1
23.9000,7723,1,1,88717,1,171173,0.518292,1,3,21,66,478873,28.54826,0.00195,2.34540,0.00705,0,1,3,1.966393,1.485548,1.485548,-0.545215,-0.545127,14.416355,779,0.037813,0.004850,71416,29180,16053,9901,6698,5042,3807,3117,25958,1,1,1,1
22.3500,7735,1,1,85314,0,163961,0.520334,4,6,31,59710,197587,27.46673,0.00198,2.34003,0.00671,1,1,2,1.413598,1.000000,3.349858,-0.011675,-0.011630,14.949815,12764,0.000778,0.076510,68334,27862,15210,9594,6507,4903,3737,2938,24875,1,1,1,1
22.4000,7735,1,1,85563,1,164215,0.521046,3,11,21,49,63627,27.50141,0.00198,2.34003,0.00671,0,1,3,4.308536,3.866112,3.866112,-0.029024,-0.028835,14.932354,12377,0.001931,0.074277,68182,28040,15284,9734,6785,4854,3636,2888,24811,1,1,1,1
23.0000,7735,1,1,86975,1,166908,0.521099,1,10,96,96,217841,27.91730,0.00198,2.34003,0.00671,0,1,3,1.418926,1.195812,1.195812,-0.236892,-0.236847,14.724659,7736,0.016085,0.047080,69523,28349,15584,9650,6802,5116,3721,2957,25205,1,1,1,1
23.9000,7735,1,1,88724,0,170415,0.520638,1,6,6,143,403014,28.54109,0.00198,2.34003,0.00671,1,1,2,1.265855,1.000000,2.174021,-0.548824,-0.548794,14.412559,775,0.038077,0.004819,70517,28939,15930,10139,6851,5157,3943,3039,25899,1,1,1,1
22.3500,7747,1,1,85419,1,164063,0.520651,13,2,17,44,3939866,27.47139,0.00230,2.34489,0.00535,0,1,3,1.378339,1.068478,1.068478,-0.009094,-0.009052,14.952069,12784,0.000605,0.076499,68057,27854,15246,9730,6744,4863,3695,2965,24908,1,1,1,1
22.4000,7747,1,1,85774,0,164305,0.522045,1,71,91,468,515713,27.50601,0.00230,2.34489,0.00535,1,1,2,1.039130,1.000000,2.921437,-0.026472,-0.026467,14.935059,12397,0.001772,0.074268,68106,27872,15243,9816,6612,4838,3864,3047,24906,1,1,1,1
23.0000,7747,1,1,86599,1,166516,0.520067,1,6,15,1254,260421,27.92197,0.00230,2.34489,0.00535,0,0,3,3.183167,2.471408,2.471408,-0.234442,-0.234293,14.727071,7749,0.015909,0.047078,69051,28307,15466,9717,6864,5005,3689,3000,25416,1,1,1,1
23.9000,7747,1,1,88767,1,170962,0.519224,1,1,184,184,1469025,28.54578,0.00230,2.34489,0.00535,0,0,3,1.394055,1.005968,1.005968,-0.546287,-0.546244,14.415168,776,0.037894,0.004817,71037,29088,15827,10149,6934,5018,3855,3057,25996,1,1,1,1
22.3500,7759,1,1,85489,1,164472,0.519782,1,167,167,167,677875,27.47112,0.00143,2.33955,0.00456,0,1,3,110.664909,83.161473,83.161473,-0.009929,-0.009322,14.951520,12800,0.000624,0.076479,68047,28133,15325,9594,6916,4987,3688,2981,24800,1,1,1,1
22.4000,7759,1,1,85938,0,164969,0.520937,1,6,23,27,430630,27.50578,0.00143,2.33955,0.00456,1,1,3,1.124904,1.000000,1.053071,-0.026977,-0.026962,14.934295,12412,0.001805,0.074247,68620,28010,15475,9623,6720,4943,3694,2925,24958,1,1,1,1
23.0000,7759,1,1,87117,1,167494,0.520123,2,1,60,60,1855799,27.92172,0.00143,2.33955,0.00456,0,1,3,1.591155,1.136408,1.136408,-0.234954,-0.234894,14.726565,7757,0.015950,0.047056,69554,28258,15624,9870,6882,5118,3754,3066,25367,1,1,1,1
23.9000,7759,1,1,89209,1,171348,0.520634,5,3,28,28,305682,28.54554,0.00143,2.33955,0.00456,0,0,3,1.203773,1.041229,1.041229,-0.546860,-0.546836,14.414449,774,0.037937,0.004797,71130,28905,16011,10267,6936,5051,3951,3107,25989,1,1,1,1
22.3500,7771,1,1,85833,1,164765,0.520945,1,24,24,31,231580,27.47250,0.00116,2.33961,0.00428,0,1,3,1.640248,1.195522,1.134520,-0.009072,-0.009008,14.952397,12826,0.000602,0.076512,68413,27975,15282,9839,6616,4946,3753,2909,25031,1,1,1,1
22.4000,7771,1,1,85261,1,164251,0.519093,2,43,43,399,456269,27.50720,0.00116,2.33961,0.00428,0,1,3,4.857768,4.289339,4.289339,-0.026511,-0.026308,14.935206,12437,0.001761,0.074277,67972,27780,15376,9729,6606,4968,3702,3023,25094,1,1,1,1
23.0000,7771,1,1,87070,0,167336,0.520333,3,22,22,73,105346,27.92312,0.00116,2.33961,0.00428,1,1,2,1.282232,1.000000,7.456636,-0.234508,-0.234476,14.727015,7776,0.015922,0.047097,69555,28522,15410,9884,6781,4904,3778,2943,25558,1,1,1,1
23.9000,7771,1,1,88886,0,171167,0.519297,4,3,13,22,962385,28.54687,0.00116,2.33961,0.00428,1,1,3,1.259475,1.000000,1.000855,-0.546254,-0.546224,14.415126,781,0.037892,0.004833,70793,29216,15960,9878,7139,5086,3824,3024,26246,1,1,1,1
22.3500,7783,1,1,86085,1,165127,0.521329,2,2,8,51,538738,27.47768,0.00188,2.34810,0.00483,0,1,3,1.962394,1.513187,1.513187,-0.006213,-0.006126,14.955164,12841,0.000410,0.076469,68361,28210,15474,9820,6717,4973,3776,2973,24822,1,1,1,1
22.4000,7783,1,1,85863,1,164932,0.520600,1,14,14,14,169480,27.51233,0.00188,2.34810,0.00483,0,0,3,4.122437,3.363905,3.363905,-0.023587,-0.023405,14.937927,12454,0.001567,0.074250,68290,28123,15264,9707,6747,5010,3728,3013,25049,1,1,1,1
23.0000,7783,1,1,87427,1,168016,0.520352,1,2,12,64,110776,27.92823,0.00188,2.34810,0.00483,0,0,3,2.009337,1.487244,1.487244,-0.231487,-0.231398,14.729997,7784,0.015709,0.047063,69528,28657,15674,9896,6980,4933,3866,3070,25411,1,1,1,1
23.9000,7783,1,1,89601,1,171802,0.521539,1,32,32,109,167822,28.55200,0.00188,2.34810,0.00483,0,1,3,2.128851,1.527894,1.293239,-0.543363,-0.543266,14.418197,778,0.037679,0.004806,71228,29298,16051,10150,6927,4939,3844,3176,26188,1,1,1,1
22.3500,7795,1,1,85718,0,164949,0.519667,1,12,20,61,289566,27.47592,0.00330,2.34399,0.00600,1,1,2,1.137810,1.000000,2.028105,-0.006384,-0.006367,14.954904,12868,0.000426,0.076513,68487,28062,15278,9736,6711,4878,3690,2987,25119,1,1,1,1
22.4000,7795,1,1,85892,0,165397,0.519311,17,2,17,97,128484,27.51060,0.00330,2.34399,0.00600,1,1,3,1.411466,1.000000,1.426398,-0.023698,-0.023654,14.937781,12472,0.001583,0.074244,68856,28026,15266,10015,6631,4804,3719,2921,25158,1,1,1,1
23.0000,7795,1,1,87887,1,168200,0.522518,1,66,66,66,378953,27.92649,0.00330,2.34399,0.00600,0,1,3,1.726315,1.256337,1.143245,-0.231628,-0.231558,14.729849,7794,0.015720,0.047051,69537,28647,15852,10124,6841,4955,3865,2995,25383,1,1,1,1
23.9000,7795,1,1,89606,0,172215,0.520318,12,10,119,369,454980,28.55028,0.00330,2.34399,0.00600,1,1,2,1.293266,1.000000,3.559801,-0.543599,-0.543566,14.417802,779,0.037701,0.004804,71184,29537,16184,10092,7164,5212,3862,2996,25983,1,1,1,1
22.3500,7807,1,1,86623,1,165891,0.522171,1,21,21,268,324518,27.47839,0.00194,2.34981,0.00573,0,1,3,8.971867,7.964237,7.964237,-0.005903,-0.005622,14.955548,12877,0.000376,0.076446,69124,28000,15505,9794,6776,4943,3721,2970,25057,1,1,1,1
22.4000,7807,1,1,85990,0,165377,0.519967,1,15,22,27,346161,27.51302,0.00194,2.34981,0.00573,1,1,2,1.247037,1.000000,4.626507,-0.023181,-0.023153,14.938192,12488,0.001550,0.074223,68618,27875,15552,9701,6871,4972,3749,2853,25185,1,1,1,1
23.0000,7807,1,1,87530,0,168513,0.519429,8,8,11,71,9045517,27.92897,0.00194,2.34981,0.00573,1,1,2,1.344119,1.000000,3.619208,-0.231145,-0.231107,14.730372,7802,0.015689,0.047026,69834,28776,15833,9904,6830,5004,3771,2981,25579,1,1,1,1
23.9000,7807,1,1,89391,1,172338,0.518699,1,6,17,47,29499338,28.55278,0.00194,2.34981,0.00573,0,1,3,4.767452,3.631967,3.631967,-0.543048,-0.542848,14.418674,776,0.037649,0.004778,71467,29342,15946,10219,6988,5151,3897,3128,26199,1,1,1,1
22.3500,7819,1,1,86208,0,165740,0.520143,7,1,19,126,43547,27.47754,0.00234,2.35370,0.00426,1,1,3,1.397455,1.000000,1.071605,-0.005971,-0.005929,14.955533,12903,0.000396,0.076483,68863,28019,15578,9857,6722,5059,3702,2949,24990,1,1,1,1
22.4000,7819,1,1,86443,1,166099,0.520434,18,8,33,493,12021987,27.51220,0.00234,2.35370,0.00426,0,1,3,3.420941,2.938969,2.938969,-0.023371,-0.023214,14.938299,12512,0.001554,0.074251,69152,28169,15442,9656,6728,4872,3849,2956,25274,1,1,1,1
23.0000,7819,1,1,87986,0,168639,0.521745,1,27,168,168,128586,27.92815,0.00234,2.35370,0.00426,1,1,2,1.285279,1.000000,9.063986,-0.231414,-0.231382,14.729982,7821,0.015708,0.047069,69873,28618,15836,10007,6833,5057,3975,2953,25486,1,1,1,1
23.9000,7819,1,1,90218,0,172542,0.522879,1,7,41,41,359745,28.55197,0.00234,2.35370,0.00426,1,0,2,1.249846,1.000000,2.314171,-0.543239,-0.543210,14.418287,783,0.037675,0.004814,71546,29264,16127,10241,7032,5171,3947,3022,26191,1,1,1,1
22.3500,7831,1,1,86638,0,165924,0.522158,1,5,71,71,671415,27.46560,0.00295,2.34357,0.00544,1,0,2,1.203283,1.000000,1.329620,-0.011642,-0.011618,14.949887,12922,0.000777,0.076507,69042,28155,15500,9573,6621,4919,3784,3018,25311,1,1,1,1
22.4000,7831,1,1,86747,1,165922,0.522821,2,5,5,58,209052,27.50029,0.00295,2.34357,0.00544,0,0,3,2.038181,1.658891,1.658891,-0.029005,-0.028914,14.932422,12529,0.001936,0.074267,68388,28409,15574,9934,6846,5012,3767,3018,24973,1,1,1,1
23.0000,7831,1,1,87930,0,168927,0.520524,2,5,30,105,471493,27.91622,0.00295,2.34357,0.00544,1,0,2,1.304289,1.000000,1.997551,-0.236977,-0.236943,14.724545,7833,0.016092,0.047086,70171,28564,15768,9922,6872,4981,3868,3012,25768,1,1,1,1
23.9000,7831,1,1,90248,0,173186,0.521107,6,40,40,280,461956,28.53997,0.00295,2.34357,0.00544,1,1,2,1.394988,1.000000,19.243299,-0.549000,-0.548957,14.412463,784,0.038089,0.004815,71615,29679,16277,10316,7093,5144,3838,3071,26152,1,1,1,1
22.3500,7843,1,1,86651,1,166191,0.521397,1,3,16,16,103451,27.46528,0.00199,2.34312,0.00492,0,0,3,2.252117,1.642165,1.642165,-0.012362,-0.012259,14.949148,12939,0.000820,0.076494,68945,28199,15672,9780,6678,4932,3835,2969,25180,1,1,1,1
22.4000,7843,1,1,86676,0,166707,0.519933,1,5,7,88,627316,27.49992,0.00199,2.34312,0.00492,1,1,2,1.181196,1.000000,1.378964,-0.029670,-0.029649,14.931658,12547,0.001986,0.074263,69247,28441,15612,9857,6645,4880,3857,3003,25164,1,1,1,1
23.0000,7843,1,1,88209,1,169550,0.520257,1,3,19,443,1298985,27.91583,0.00199,2.34312,0.00492,0,1,3,1.232589,1.063078,1.063078,-0.237610,-0.237583,14.723928,7842,0.016136,0.047070,70857,28793,15642,9877,6787,5030,3811,2987,25765,1,1,1,1
23.9000,7843,1,1,90220,0,173108,0.521181,1,60,148,148,716260,28.53960,0.00199,2.34312,0.00492,1,1,2,1.064377,1.000000,4.125773,-0.549582,-0.549574,14.411605,782,0.038134,0.004796,72207,29371,16088,9986,6886,4988,3981,3117,26483,1,1,1,1
22.3500,7855,1,1,86757,1,166431,0.521282,1,13,13,1045,10238538,27.46555,0.00238,2.34166,0.00512,0,1,3,3.311319,2.805826,2.805826,-0.012051,-0.011899,14.949610,12965,0.000796,0.076528,69178,28432,15446,9778,6671,4919,3751,2971,25284,1,1,1,1
22.4000,7855,1,1,86745,1,166413,0.521266,1,9,12,18,2653764,27.50023,0.00238,2.34166,0.00512,0,0,3,2.801798,2.154274,2.154274,-0.029373,-0.029242,14.932131,12571,0.001958,0.074289,68813,28305,15531,9895,6812,4953,3805,3118,25180,1,1,1,1
23.0000,7855,1,1,88224,0,169551,0.520342,1,112,112,112,1402767,27.91611,0.00238,2.34166,0.00512,1,1,2,1.017208,1.000000,2.014419,-0.237312,-0.237310,14.724220,7859,0.016117,0.047099,70295,29276,15492,9942,7004,4962,3798,3021,25760,1,1,1,1
23.9000,7855,1,1,90012,0,173240,0.519583,1,3,17,17,66401,28.53990,0.00238,2.34166,0.00512,1,0,2,1.241727,1.000000,1.383765,-0.549180,-0.549153,14.412347,789,0.038103,0.004831,71931,29483,15963,10117,7120,5114,4000,3038,26473,1,1,1,1
22.3500,7867,1,1,87155,1,166905,0.522186,2,5,8,63,258620,27.46288,0.00225,2.33232,0.00604,0,1,3,1.552492,1.243968,1.243968,-0.013380,-0.013324,14.948175,12984,0.000891,0.076531,69396,28220,15756,9750,6749,4974,3758,3057,25244,1,1,1,1
22.4000,7867,1,1,87010,0,167039,0.520899,1,2,38,38,1408426,27.49751,0.00225,2.33232,0.00604,1,0,2,1.401593,1.000000,1.710604,-0.030712,-0.030670,14.930791,12591,0.002054,0.074301,69451,28312,15578,9876,6777,5011,3802,2935,25296,1,1,1,1
23.0000,7867,1,1,88604,0,169794,0.521835,8,4,13,204,3280011,27.91346,0.00225,2.33232,0.00604,1,0,3,1.207772,1.000000,1.161442,-0.238668,-0.238644,14.722861,7871,0.016209,0.047104,70392,28948,15920,9956,6978,5028,3787,2974,25810,1,1,1,1
23.9000,7867,1,1,90322,0,173874,0.519471,1,81,81,92,281179,28.53727,0.00225,2.33232,0.00604,1,1,2,1.413903,1.000000,41.225010,-0.550798,-0.550754,14.410693,790,0.038218,0.004830,72239,29754,15828,10267,7089,5199,3904,3145,26448,1,1,1,1
22.3500,7879,1,1,87019,1,167361,0.519951,2,3,9,19,268468,27.46077,0.00123,2.33636,0.00456,0,0,3,2.009721,1.637671,1.637671,-0.014940,-0.014851,14.946486,13002,0.000994,0.076529,69680,28287,15631,9840,6828,5075,3757,3005,25257,1,1,1,1
22.4000,7879,1,1,87217,1,167606,0.520372,1,3,15,28,714944,27.49544,0.00123,2.33636,0.00456,0,1,3,2.609893,1.994784,1.994784,-0.032282,-0.032161,14.929365,12608,0.002154,0.074295,69752,28745,15606,9759,6900,4857,3768,2966,25252,1,1,1,1
23.0000,7879,1,1,87998,0,169358,0.519601,1,1,5,36,83590,27.91138,0.00123,2.33636,0.00456,1,0,3,1.412620,1.000000,1.058216,-0.240211,-0.240167,14.721272,7880,0.016314,0.047091,69952,28772,15919,9909,6945,5048,3821,3032,25959,1,1,1,1
23.9000,7879,1,1,90446,0,173906,0.520089,2,24,56,123,1132233,28.53520,0.00123,2.33636,0.00456,1,1,2,1.350958,1.000000,10.237585,-0.552270,-0.552232,14.409247,789,0.038325,0.004817,72047,29504,16382,10153,7040,5211,3957,3087,26524,1,1,1,1
22.3500,7891,1,1,87045,1,167461,0.519796,7,3,9,1592,1548986,27.46415,0.00162,2.35424,0.00439,0,1,3,2.009920,1.722882,1.722882,-0.013044,-0.012955,14.948222,13020,0.000867,0.076509,69465,28764,15606,9893,6687,4989,3907,2920,25229,1,1,1,1
22.4000,7891,1,1,87423,1,167620,0.521558,3,6,83,93,3210874,27.49885,0.00162,2.35424,0.00439,0,1,3,2.991400,2.586316,2.586316,-0.030418,-0.030279,14.930950,12625,0.002028,0.074274,69593,28674,15672,9731,6786,5017,3744,3008,25394,1,1,1,1
23.0000,7891,1,1,87936,0,169367,0.519207,16,2,23,83,426543,27.91477,0.00162,2.35424,0.00439,1,1,3,1.391396,1.000000,1.063561,-0.238319,-0.238277,14.723142,7890,0.016184,0.047073,69841,28874,15889,9953,6843,5015,3981,3005,25965,1,1,1,1
23.9000,7891,1,1,90344,0,173731,0.520025,12,3,14,53,1074937,28.53852,0.00162,2.35424,0.00439,1,1,2,1.388475,1.000000,1.587404,-0.550225,-0.550183,14.411234,789,0.038177,0.004809,72118,29453,16015,10306,7062,5163,3900,3175,26538,1,1,1,1
22.3500,7903,1,1,87189,1,167662,0.520031,1,16,73,73,206593,27.46575,0.00271,2.35476,0.00538,0,0,3,3.912377,3.192536,3.192536,-0.011807,-0.011635,14.949702,13039,0.000778,0.076497,69857,28452,15687,9723,6744,4907,3883,3031,25377,1,1,1,1
22.4000,7903,1,1,87184,0,167231,0.521342,1,1,65,65,35303722,27.50039,0.00271,2.35476,0.00538,1,0,3,1.409048,1.000000,1.007263,-0.029055,-0.029011,14.932423,12645,0.001943,0.074271,69464,28308,15726,9789,6689,4911,3805,3033,25505,1,1,1,1
23.0000,7903,1,1,88783,1,170638,0.520303,1,3,11,441,890972,27.91630,0.00271,2.35476,0.00538,0,0,3,2.101843,1.520733,1.520733,-0.237035,-0.236941,14.724474,7902,0.016092,0.047069,70974,29002,15897,10016,7048,5087,3823,3009,25781,1,1,1,1
23.9000,7903,1,1,90874,0,174928,0.519497,1,3,19,63,263637,28.54007,0.00271,2.35476,0.00538,1,1,3,1.216607,1.000000,1.051727,-0.548895,-0.548870,14.412462,791,0.038083,0.004814,72644,29779,16523,10368,7073,5279,3848,3107,26306,1,1,1,1
22.3500,7915,1,1,87002,0,167174,0.520431,2,5,176,176,825404,27.46095,0.00105,2.34205,0.00454,1,1,2,1.352177,1.000000,2.254542,-0.014996,-0.014958,14.946442,13063,0.001001,0.076538,69195,28522,15586,9795,6745,5051,3739,3056,25484,1,1,1,1
22.4000,7915,1,1,87255,1,167710,0.520276,2,5,14,84,100457,27.49563,0.00105,2.34205,0.00454,0,1,3,3.130696,2.582173,2.582173,-0.032344,-0.032200,14.929064,12667,0.002157,0.074305,69999,28167,15703,9903,6808,4872,3805,2907,25545,1,1,1,1
23.0000,7915,1,1,88744,0,170520,0.520435,1,6,8,320,1309361,27.91152,0.00105,2.34205,0.00454,1,1,2,1.293425,1.000000,2.407143,-0.240283,-0.240250,14.721121,7918,0.016320,0.047103,70623,28926,15930,10092,7001,5165,3820,3094,25868,1,1,1,1
23.9000,7915,1,1,91079,1,174642,0.521521,3,8,51,51,183358,28.53531,0.00105,2.34205,0.00454,0,1,3,4.100800,3.504293,3.504293,-0.552202,-0.552024,14.409497,795,0.038310,0.004832,72359,29647,16341,10322,7152,5172,3996,3140,26512,1,1,1,1
22.3500,7927,1,1,87582,0,168555,0.519608,6,9,9,16,235171,27.46673,0.00114,2.34334,0.00498,1,1,2,1.202560,1.000000,2.245581,-0.012045,-0.012022,14.949303,13085,0.000804,0.076537,69939,28824,15794,10049,6896,4899,3816,2999,25338,1,1,1,1
22.4000,7927,1,1,87410,0,167655,0.521371,1,61584,61584,61584,467247,27.50136,0.00114,2.34334,0.00498,1,1,2,1.076390,1.000000,4884.172914,-0.029844,-0.029834,14.931689,12685,0.001998,0.074284,69531,28333,15698,9816,6727,5057,3834,2987,25671,1,1,1,1
23.0000,7927,1,1,88510,0,170190,0.520069,1,4,93,93,5368141,27.91732,0.00114,2.34334,0.00498,1,0,3,1.183783,1.000000,1.049179,-0.237283,-0.237262,14.724248,7926,0.016114,0.047069,70510,28715,15918,10237,6873,5047,3849,3047,25993,1,1,1,1
23.9000,7927,1,1,90963,1,175359,0.518727,6,12,12,54,403373,28.54112,0.00114,2.34334,0.00498,0,0,3,1.686494,1.548722,1.548722,-0.549218,-0.549152,14.412072,792,0.038104,0.004805,72733,29921,16399,10349,7069,5314,3904,3092,26577,1,1,1,1
22.3500,7939,1,1,87680,0,167926,0.522138,4,5,23,27,857530,27.47080,0.00131,2.35069,0.00432,1,0,2,1.206730,1.000000,1.260067,-0.009870,-0.009847,14.951660,13103,0.000659,0.076514,69260,28731,15781,9815,6821,5098,3846,3006,25567,1,1,1,1
22.4000,7939,1,1,87238,0,167933,0.519484,7,4,14,125,363266,27.50546,0.00131,2.35069,0.00432,1,1,2,1.412331,1.000000,2.500794,-0.027244,-0.027200,14.934239,12706,0.001821,0.074282,69536,28547,15733,9991,6824,5089,3761,2932,25519,1,1,1,1
23.0000,7939,1,1,88709,1,170630,0.519894,7,16,45,51,3582744,27.92140,0.00131,2.35069,0.00432,0,0,3,1.402840,1.277016,1.277016,-0.235172,-0.235130,14.726107,7942,0.015967,0.047087,70804,29044,15924,9904,6895,4876,3872,3028,26282,1,1,1,1
23.9000,7939,1,1,90957,1,174951,0.519903,1,6,14,118,102533,28.54523,0.00131,2.35069,0.00432,0,0,3,2.233084,1.734261,1.734261,-0.547103,-0.547002,14.414368,797,0.037948,0.004828,72555,29683,16436,10428,6954,5199,3912,3106,26677,1,1,1,1
22.3500,7951,1,1,87619,1,168210,0.520894,4,76,76,76,473243,27.46966,0.00131,2.34479,0.00632,0,1,3,3.234195,3.088412,3.088412,-0.010479,-0.010331,14.951196,13119,0.000691,0.076494,69644,28471,15889,9872,6865,5052,3849,2937,25630,1,1,1,1
22.4000,7951,1,1,88175,1,168702,0.522670,1,5,9,355,2175619,27.50436,0.00131,2.34479,0.00632,0,1,3,3.837192,2.901194,2.901194,-0.027823,-0.027654,14.933871,12722,0.001852,0.074265,70168,28525,15673,9958,6746,5087,3912,3007,25625,1,1,1,1
23.0000,7951,1,1,89008,0,171393,0.519324,3,3,4,23,465666,27.92028,0.00131,2.34479,0.00632,1,1,3,1.269022,1.000000,1.283648,-0.235731,-0.235701,14.725660,7950,0.016006,0.047065,71369,28945,15959,10019,6923,5113,3836,3087,26141,1,1,1,1
23.9000,7951,1,1,91215,1,175836,0.518753,5,11,35,66,339872,28.54403,0.00131,2.34479,0.00632,0,1,3,1.911903,1.384693,1.296507,-0.547608,-0.547527,14.413945,795,0.037986,0.004808,73124,30015,16178,10400,7045,5290,4012,3102,26669,1,1,1,1
22.3500,7963,1,1,87828,0,168560,0.521052,1,18,18,182,1023395,27.47275,0.00122,2.35351,0.00427,1,0,2,1.152237,1.000000,3.171973,-0.009047,-0.009029,14.952485,13140,0.000604,0.076495,69991,28924,15700,9757,6793,4916,3824,2984,25670,1,1,1,1
22.4000,7963,1,1,88229,1,169229,0.521362,24,18,24,33,1052211,27.50740,0.00122,2.35351,0.00427,0,1,3,12.959994,9.362570,9.362570,-0.026438,-0.026116,14.935413,12742,0.001749,0.074262,70261,28903,15733,9878,6892,5041,3848,3035,25637,1,1,1,1
23.0000,7963,1,1,89586,0,171677,0.521832,2,14,99,99,603724,27.92330,0.00122,2.35351,0.00427,1,1,2,1.373434,1.000000,6.401375,-0.234367,-0.234327,14.727085,7967,0.015911,0.047090,71722,29038,15903,9924,6873,5188,3919,3009,26100,1,1,1,1
23.9000,7963,1,1,91567,1,176025,0.520196,2,2,56,56,2050274,28.54708,0.00122,2.35351,0.00427,0,1,3,1.836536,1.334888,1.334888,-0.546154,-0.546077,14.415396,798,0.037882,0.004819,72890,30265,16352,10524,7067,5182,4015,3107,26622,1,1,1,1
22.3500,7975,1,1,87514,0,168770,0.518543,1,3,6,222,6208100,27.47479,0.00139,2.34308,0.00563,1,0,3,1.258593,1.000000,1.213268,-0.007865,-0.007836,14.953663,13156,0.000524,0.076466,69864,28618,15818,9964,6963,4960,4034,2967,25581,1,1,1,1
22.4000,7975,1,1,88400,0,169357,0.521977,1,4,31,31,398367,27.50946,0.00139,2.34308,0.00563,1,1,2,1.389406,1.000000,2.325534,-0.025247,-0.025206,14.936263,12757,0.001688,0.074234,70262,28806,15828,10038,6992,5021,3778,2899,25732,1,1,1,1
23.0000,7975,1,1,89915,1,172627,0.520866,1,2,83,83,977045,27.92535,0.00139,2.34308,0.00563,0,1,3,1.671294,1.333142,1.333142,-0.233156,-0.233091,14.728408,7972,0.015826,0.047044,71810,29379,16047,10188,6972,5112,4017,2968,26133,1,1,1,1
23.9000,7975,1,1,91609,1,175931,0.520713,1,3,52,64,117088,28.54914,0.00139,2.34308,0.00563,0,0,3,2.476568,1.887476,1.887476,-0.545073,-0.544959,14.416423,796,0.037801,0.004799,73045,29933,16490,10396,7000,5174,3993,3101,26798,1,1,1,1
22.3500,7987,1,1,88435,1,169561,0.521556,1,19,29,52,1227385,27.47432,0.00130,2.34815,0.00434,0,1,3,10.723259,9.039931,9.039931,-0.008252,-0.007955,14.953573,13183,0.000532,0.076509,70778,28646,15893,9929,6869,5074,3743,2960,25668,1,1,1,1
22.4000,7987,1,1,88003,1,169166,0.520220,1,7,7,246,205829,27.50895,0.00130,2.34815,0.00434,0,1,3,2.878690,2.556235,2.556235,-0.025485,-0.025353,14.936165,12783,0.001697,0.074274,70371,28601,15888,9848,6765,4995,3811,3066,25820,1,1,1,1
23.0000,7987,1,1,89940,0,172400,0.521697,1,332,332,332,112074,27.92491,0.00130,2.34815,0.00434,1,1,2,1.004927,1.000000,1.645622,-0.233438,-0.233437,14.728096,7986,0.015850,0.047057,71645,29256,16064,10148,6930,5112,3921,3034,26289,1,1,1,1
23.9000,7987,1,1,91699,1,176553,0.519388,1,1,83,108,583055,28.54871,0.00130,2.34815,0.00434,0,0,3,1.738891,1.233226,1.233226,-0.545322,-0.545253,14.416185,798,0.037822,0.004804,73546,29895,16170,10368,7259,5199,4081,3178,26856,1,1,1,1
22.3500,7999,1,1,88325,1,169680,0.520542,1,10,10,613,354950,27.47644,0.00215,2.35243,0.00492,0,0,3,3.020171,2.334617,2.334617,-0.006662,-0.006524,14.954851,13194,0.000436,0.076451,70755,28690,15898,9988,6812,4888,3769,3049,25830,1,1,1,1
22.4000,7999,1,1,88291,1,169449,0.521051,1,11,29,51,8677883,27.51110,0.00215,2.35243,0.00492,0,1,3,7.221479,5.785017,5.785017,-0.024050,-0.023803,14.937721,12795,0.001593,0.074224,70077,28909,15898,9908,6866,5094,3895,3143,25658,1,1,1,1
23.0000,7999,1,1,89598,0,172301,0.520012,2,11,12,21,184331,27.92704,0.00215,2.35243,0.00492,1,1,2,1.407633,1.000000,5.988635,-0.232022,-0.231979,14.729480,7994,0.015749,0.047029,71238,29608,16059,10082,6932,5094,3939,3141,26207,1,1,1,1
23.9000,7999,1,1,91855,1,176490,0.520457,1,4,7,731,377597,28.55087,0.00215,2.35243,0.00492,0,0,3,2.133467,1.607024,1.607024,-0.543852,-0.543757,14.417633,797,0.037715,0.004790,73345,29711,16428,10576,7102,5313,3978,3176,26860,1,1,1,1
22.3500,8011,1,1,88374,0,169487,0.521424,7,9,39,39,1796456,27.46980,0.00167,2.35121,0.00484,1,1,2,1.413844,1.000000,4.664263,-0.010252,-0.010209,14.951236,13219,0.000683,0.076500,70205,28797,15807,10298,6804,5029,3764,3025,25757,1,1,1,1
22.4000,8011,1,1,88691,1,170120,0.521347,1,2,11,55,215707,27.50450,0.00167,2.35121,0.00484,0,1,3,1.839862,1.309001,1.309001,-0.027518,-0.027441,14.934020,12817,0.001838,0.074259,70831,28833,15837,10096,6909,5020,3868,3000,25725,1,1,1,1
23.0000,8011,1,1,90131,1,172870,0.521383,3,9,45,147,597388,27.92042,0.00167,2.35121,0.00484,0,1,3,1.626987,1.238933,1.238933,-0.235476,-0.235415,14.726074,8010,0.015986,0.047064,71929,29257,15961,10259,7016,5236,3904,3050,26257,1,1,1,1
23.9000,8011,1,1,91906,0,176907,0.519519,15,73,18509,18509,767374,28.54418,0.00167,2.35121,0.00484,1,0,2,1.031953,1.000000,2.380119,-0.547397,-0.547393,14.414137,801,0.037976,0.004808,73721,29957,16339,10433,6988,5231,3955,3290,26992,1,1,1,1
22.3500,8023,1,1,88174,0,169310,0.520787,1,4,4,29,150571,27.47151,0.00104,2.35015,0.00472,1,1,3,1.176066,1.000000,1.034776,-0.009686,-0.009665,14.951846,13244,0.000646,0.076527,69876,28881,15848,10036,6905,5073,3813,2986,25891,1,1,1,1
22.4000,8023,1,1,88656,0,170257,0.520722,1,2,29,29,7305533,27.50615,0.00104,2.35015,0.00472,1,0,3,1.321896,1.000000,1.130154,-0.027017,-0.026982,14.934506,12840,0.001807,0.074278,70844,28749,15806,10081,6870,5102,4009,3093,25702,1,1,1,1
23.0000,8023,1,1,90208,0,173462,0.520048,4,16,47,47,1630025,27.92206,0.00104,2.35015,0.00472,1,1,2,1.262451,1.000000,4.925481,-0.235062,-0.235033,14.726466,8026,0.015960,0.047086,72043,29477,16200,10323,7037,5115,3949,3070,26247,1,1,1,1
23.9000,8023,1,1,92193,1,177390,0.519722,1,11,11,21,932959,28.54583,0.00104,2.35015,0.00472,0,1,3,3.191036,2.521638,2.521638,-0.546906,-0.546761,14.414737,806,0.037931,0.004831,73916,30134,16417,10317,7420,5201,3995,3223,26766,1,1,1,1
22.3500,8035,1,1,88561,1,170318,0.519977,4,8,9,63,111545,27.46942,0.00121,2.34476,0.00482,0,1,3,3.332319,3.003698,3.003698,-0.010698,-0.010548,14.950982,13259,0.000705,0.076503,70870,29133,15659,9857,6975,5082,3817,3053,25871,1,1,1,1
22.4000,8035,1,1,88736,0,170388,0.520791,1,1,6,81,438348,27.50409,0.00121,2.34476,0.00482,1,0,3,1.309282,1.000000,1.044519,-0.027968,-0.027934,14.933315,12859,0.001871,0.074283,70817,28695,15895,10040,6989,5094,3845,3072,25940,1,1,1,1
23.0000,8035,1,1,90084,0,173483,0.519270,5,17,37,48,157321,27.91998,0.00121,2.34476,0.00482,1,1,2,1.374323,1.000000,8.071827,-0.236043,-0.236003,14.725472,8037,0.016027,0.047083,72148,29447,16173,10314,7079,5105,3954,3077,26185,1,1,1,1
23.9000,8035,1,1,92087,1,176897,0.520571,1,579,579,579,409335,28.54377,0.00121,2.34476,0.00482,0,1,3,65.372059,64.466357,64.466357,-0.548067,-0.547547,14.413987,806,0.037987,0.004824,73428,29816,16359,10353,7253,5232,4125,3214,27116,1,1,1,1
22.3500,8047,1,1,88632,0,169997,0.521377,2,5,13,68,307520,27.46715,0.00112,2.34532,0.00537,1,0,2,1.217907,1.000000,1.476319,-0.011810,-0.011786,14.949720,13279,0.000788,0.076511,70397,28677,15962,10070,6861,5101,3912,3023,25993,1,1,1,1
22.4000,8047,1,1,88863,1,170415,0.521454,15,31,31,3070,834965,27.50178,0.00112,2.34532,0.00537,0,1,3,20.598151,15.455841,15.455841,-0.029270,-0.028894,14.932640,12881,0.001935,0.074303,70799,28953,15669,10028,6945,4998,3981,3073,25968,1,1,1,1
23.0000,8047,1,1,90492,0,173671,0.521057,4,5,29,29,597740,27.91774,0.00112,2.34532,0.00537,1,1,2,1.308526,1.000000,2.129464,-0.237125,-0.237091,14.724400,8046,0.016102,0.047069,72141,29703,16063,10287,7021,5078,3938,3076,26363,1,1,1,1
23.9000,8047,1,1,92520,0,178124,0.519416,1,4,4,27,399847,28.54154,0.00112,2.34532,0.00537,1,1,2,1.400689,1.000000,2.522996,-0.549039,-0.548997,14.412433,805,0.038092,0.004811,73968,30428,16478,10483,7268,5267,4067,3196,26968,1,1,1,1
22.3500,8059,1,1,88791,1,170637,0.520353,14,3,14,126,442485,27.46525,0.00212,2.34237,0.00447,0,0,3,1.224388,1.162148,1.162148,-0.012227,-0.012202,14.948966,13297,0.000816,0.076504,70529,29134,16026,10129,6942,5014,3800,3197,25865,1,1,1,1
22.4000,8059,1,1,88810,0,170766,0.520071,1,14,32,86,368953,27.49991,0.00212,2.34237,0.00447,1,0,2,1.190130,1.000000,3.153021,-0.029622,-0.029601,14.931910,12894,0.001982,0.074271,70858,29062,15777,10049,6920,5171,3881,3065,25982,1,1,1,1
23.0000,8059,1,1,90447,1,173927,0.520032,1,4,325,325,827300,27.91585,0.00212,2.34237,0.00447,0,1,3,1.839336,1.303793,1.201306,-0.237529,-0.237454,14.723986,8064,0.016127,0.047105,72763,29365,15959,10186,7080,5105,3934,3092,26442,1,1,1,1
23.9000,8059,1,1,92708,0,177750,0.521567,1,1,8,24,266465,28.53968,0.00212,2.34237,0.00447,1,0,3,1.388427,1.000000,1.216563,-0.549445,-0.549404,14.412067,805,0.038121,0.004804,73843,29927,16484,10629,7226,5325,4094,3220,27001,1,1,1,1
22.3500,8071,1,1,88771,1,170251,0.521416,1,4,19,51,110640,27.45992,0.00349,2.34794,0.00664,0,1,3,3.300247,2.542613,2.542613,-0.014239,-0.014091,14.947409,13317,0.000943,0.076514,70589,28792,15687,9986,6849,5087,3862,3095,26303,1,1,1,1
22.4000,8071,1,1,89185,1,171061,0.521367,2,24,594,594,1999962,27.49461,0.00349,2.34794,0.00664,0,1,3,5.378866,5.006173,5.006173,-0.031630,-0.031421,14.929775,12914,0.002105,0.074286,71074,29023,15993,10072,6900,5103,3872,2997,26026,1,1,1,1
23.0000,8071,1,1,90442,0,173876,0.520155,1,18,110,389,114995,27.91054,0.00349,2.34794,0.00664,1,1,2,1.072349,1.000000,1.430560,-0.239513,-0.239505,14.721701,8070,0.016269,0.047078,72373,29297,16207,10231,6946,5291,3948,3010,26572,1,1,1,1
23.9000,8071,1,1,92809,1,178103,0.521100,4,5,75,146,801631,28.53429,0.00349,2.34794,0.00664,0,1,3,1.804655,1.512167,1.512167,-0.551394,-0.551321,14.410189,808,0.038259,0.004815,74059,30062,16625,10534,7166,5386,3917,3190,27163,1,1,1,1
22.3500,8083,1,1,89305,1,171206,0.521626,4,9,61,106,6079397,27.46941,0.00204,2.34949,0.00491,0,0,3,1.239430,1.022983,1.022983,-0.010230,-0.010204,14.951132,13334,0.000682,0.076478,71064,29243,15926,10035,6982,5195,3820,3039,25901,1,1,1,1
22.4000,8083,1,1,89403,1,171671,0.520784,1,4,4,27,240048,27.50406,0.00204,2.34949,0.00491,0,0,3,2.331453,1.780268,1.780268,-0.027587,-0.027483,14.933902,12931,0.001840,0.074253,71310,29359,15779,10235,6913,5129,3914,3071,25960,1,1,1,1
23.0000,8083,1,1,91056,0,174555,0.521649,1,3,9,54,235442,27.91996,0.00204,2.34949,0.00491,1,1,2,1.348959,1.000000,1.765483,-0.235538,-0.235501,14.725902,8080,0.015992,0.047052,72692,29546,16117,10268,7198,5171,4048,3142,26372,1,1,1,1
23.9000,8083,1,1,92386,0,178321,0.518091,1,4,17,30,418996,28.54373,0.00204,2.34949,0.00491,1,1,2,1.358995,1.000000,2.075720,-0.547435,-0.547397,14.414084,806,0.037977,0.004795,73986,30057,16554,10655,7427,5292,4101,3223,27025,1,1,1,1
22.3500,8095,1,1,89135,1,171014,0.521218,1,5,9,35,333096,27.46776,0.00128,2.34714,0.00553,0,1,3,3.762655,2.970606,2.970606,-0.011484,-0.011320,14.950207,13352,0.000757,0.076473,70862,29063,15898,9936,6924,5147,3932,3183,26068,1,1,1,1
22.4000,8095,1,1,89663,1,171645,0.522378,1,42,77,77,65079,27.50244,0.00128,2.34714,0.00553,0,1,3,3.071815,2.389507,2.298260,-0.028807,-0.028668,14.932706,12947,0.001920,0.074240,71170,29337,16005,10101,6903,5102,3778,3129,26119,1,1,1,1
23.0000,8095,1,1,91034,0,174645,0.521255,3,2,11,49,141557,27.91833,0.00128,2.34714,0.00553,1,1,3,1.383679,1.000000,1.402475,-0.236718,-0.236678,14.724795,8090,0.016073,0.047044,72501,29529,16364,10426,7156,5117,3997,3216,26338,1,1,1,1
23.9000,8095,1,1,92905,1,178781,0.519661,1,3,7,135,172695,28.54212,0.00128,2.34714,0.00553,0,0,3,2.173595,1.767613,1.767613,-0.548629,-0.548533,14.412813,805,0.038059,0.004783,73973,30462,16945,10466,7090,5369,4107,3219,27149,1,1,1,1
22.3500,8107,1,1,89222,0,171319,0.520798,4,3,27,27,343291,27.46758,0.00103,2.35674,0.00419,1,1,2,1.408717,1.000000,2.090392,-0.011662,-0.011619,14.949841,13380,0.000777,0.076522,70924,29142,15953,10089,7022,5065,3927,3164,26032,1,1,1,1
22.4000,8107,1,1,89928,0,172114,0.522494,1,32,32,57,396814,27.50221,0.00103,2.35674,0.00419,1,1,2,1.033845,1.000000,1.203852,-0.028940,-0.028936,14.932180,12976,0.001938,0.074299,71821,29116,15962,9948,7157,5085,3780,3113,26131,1,1,1,1
23.0000,8107,1,1,91165,1,174590,0.522169,1,79,79,79,473077,27.91816,0.00103,2.35674,0.00419,0,1,3,4.707205,4.026011,4.012715,-0.236995,-0.236804,14.724505,8114,0.016082,0.047115,72373,29589,16418,10338,7099,5146,3956,3127,26543,1,1,1,1
23.9000,8107,1,1,93233,1,178668,0.521826,3,41,100,100,1231883,28.54197,0.00103,2.35674,0.00419,0,1,3,21.639720,18.392181,18.392181,-0.548993,-0.548614,14.412917,815,0.038064,0.004835,74059,30381,16632,10589,7241,5335,4025,3212,27193,1,1,1,1
22.3500,8119,1,1,89310,0,171908,0.519525,1,1,19,361,251281,27.46499,0.00111,2.35710,0.00492,1,1,3,1.392200,1.000000,1.357528,-0.012870,-0.012830,14.948596,13396,0.000858,0.076506,71157,29512,15933,10096,7029,5169,3894,3096,26021,1,1,1,1
22.4000,8119,1,1,89507,1,172156,0.519921,2,2,20,234,338564,27.49965,0.00111,2.35710,0.00492,0,1,3,1.710811,1.291816,1.291816,-0.030198,-0.030132,14.931394,12990,0.002018,0.074273,71500,29347,16245,10057,6981,4971,3854,3048,26152,1,1,1,1
23.0000,8119,1,1,91085,1,174898,0.520792,1,9,9,1430,64772,27.91559,0.00111,2.35710,0.00492,0,0,3,2.779367,2.130217,2.130217,-0.238198,-0.238072,14.723312,8118,0.016170,0.047072,72866,29407,16364,10272,7082,5294,3958,3036,26618,1,1,1,1
23.9000,8119,1,1,93248,0,178998,0.520947,122,3,122,122,194197,28.53942,0.00111,2.35710,0.00492,1,1,3,1.128621,1.000000,1.104302,-0.550067,-0.550052,14.411480,811,0.038168,0.004804,74012,30784,16579,10560,7252,5315,4053,3150,27292,1,1,1,1
22.3500,8131,1,1,89932,0,172032,0.522766,55,8,63,95,165284,27.46831,0.00128,2.35127,0.00498,1,1,2,1.354585,1.000000,3.523090,-0.011170,-0.011132,14.950350,13416,0.000745,0.076499,71202,29516,15941,10122,6979,5175,3906,3016,26174,1,1,1,1
22.4000,8131,1,1,89980,0,172817,0.520669,4,42,42,42,2193442,27.50300,0.00128,2.35127,0.00498,1,1,2,1.240725,1.000000,11.582294,-0.028591,-0.028564,14.932940,13009,0.001913,0.074264,71958,29394,15833,10210,7168,5199,3978,3102,25974,1,1,1,1
23.0000,8131,1,1,91320,0,175445,0.520508,19,15,19,24,512093,27.91893,0.00128,2.35127,0.00498,1,1,2,1.133555,1.000000,2.180538,-0.236449,-0.236434,14.724848,8130,0.016057,0.047068,73212,29549,16555,10295,6874,5269,3995,3078,26617,1,1,1,1
23.9000,8131,1,1,93078,0,179182,0.519464,1,7,24,24,339366,28.54268,0.00128,2.35127,0.00498,1,1,2,1.235087,1.000000,2.105240,-0.548325,-0.548299,14.413051,813,0.038042,0.004809,74518,30283,16553,10549,7308,5216,4027,3234,27493,1,1,1,1
22.3500,8143,1,1,90256,0,173233,0.521012,7,11,11,434,140412,27.47083,0.00229,2.34831,0.00507,1,1,2,1.391637,1.000000,5.362318,-0.009499,-0.009458,14.951968,13432,0.000633,0.076469,72161,29456,16255,10241,7067,5179,3910,3108,25855,1,1,1,1
22.4000,8143,1,1,90170,0,173070,0.521006,2,2,54,238,445489,27.50547,0.00229,2.34831,0.00507,1,0,3,1.366086,1.000000,1.199716,-0.026729,-0.026690,14.934790,13024,0.001787,0.074231,71978,29243,16354,10340,6955,5124,3954,3015,26106,1,1,1,1
23.0000,8143,1,1,91310,0,175401,0.520582,2,19,42,42,1341097,27.92138,0.00229,2.34831,0.00507,1,1,2,1.180554,1.000000,4.019029,-0.234756,-0.234736,14.726583,8140,0.015940,0.047050,72840,29795,16329,10258,7154,5262,4067,3043,26652,1,1,1,1
23.9000,8143,1,1,94059,1,180004,0.522541,7,24,24,83,4894668,28.54515,0.00229,2.34831,0.00507,0,1,3,13.438738,11.206392,11.206392,-0.546706,-0.546387,14.414560,810,0.037905,0.004783,74508,30972,16679,10628,7254,5439,4014,3311,27198,1,1,1,1
22.3500,8155,1,1,89756,0,172389,0.520663,2,4,130,420,2624868,27.47013,0.00110,2.35328,0.00519,1,1,2,1.295964,1.000000,1.544075,-0.010344,-0.010313,14.951068,13455,0.000690,0.076491,71629,29135,15768,10261,6995,5139,3982,3177,26302,1,1,1,1
22.4000,8155,1,1,90140,0,173450,0.519692,1,66,136,136,337206,27.50480,0.00110,2.35328,0.00519,1,1,2,1.025294,1.000000,1.752073,-0.027693,-0.027690,14.933394,13047,0.001854,0.074260,72457,29559,15931,10231,7067,5023,3819,3017,26345,1,1,1,1
23.0000,8155,1,1,91796,0,175830,0.522075,3,3,4,20,738961,27.92069,0.00110,2.35328,0.00519,1,1,3,1.239731,1.000000,1.022281,-0.235604,-0.235578,14.725775,8154,0.015998,0.047065,73286,29630,16486,10298,7065,5249,4070,3147,26598,1,1,1,1
23.9000,8155,1,1,93451,1,179966,0.519273,4,28,28,28,678274,28.54448,0.00110,2.35328,0.00519,0,1,3,5.611852,5.330308,5.330308,-0.547601,-0.547390,14.414141,815,0.037976,0.004806,74724,30566,16690,10693,7214,5277,4092,3318,27391,1,1,1,1
22.3500,8167,1,1,90374,0,173289,0.521525,4,6,14,55,289299,27.46323,0.00180,2.34120,0.00699,1,1,2,1.373467,1.000000,2.994244,-0.013470,-0.013431,14.948047,13471,0.000899,0.076485,71960,29559,15986,10138,7152,5229,3976,3161,26127,1,1,1,1
22.4000,8167,1,1,90650,0,173824,0.521508,4,11,13,97,258722,27.49786,0.00180,2.34120,0.00699,1,1,2,1.287242,1.000000,3.926616,-0.030801,-0.030770,14.930607,13064,0.002061,0.074261,72390,29476,16236,10122,7160,5203,3977,3018,26241,1,1,1,1
23.0000,8167,1,1,91699,1,176114,0.520683,1,10,26,29,465832,27.91382,0.00180,2.34120,0.00699,0,1,3,6.509811,5.168823,5.168823,-0.238796,-0.238566,14.722969,8162,0.016204,0.047050,73127,30220,16030,10386,7216,5219,3961,3278,26676,1,1,1,1
23.9000,8167,1,1,93487,1,179730,0.520155,8,6,51,62,310390,28.53763,0.00180,2.34120,0.00699,0,1,3,1.404394,1.264293,1.264293,-0.550613,-0.550571,14.410951,812,0.038205,0.004782,74211,30821,16705,10700,7190,5252,4026,3226,27598,1,1,1,1
22.3500,8179,1,1,90351,1,173097,0.521970,2,3,77,77,689293,27.47139,0.00193,2.34281,0.00487,0,0,3,1.530556,1.250531,1.250531,-0.009252,-0.009200,14.952146,13491,0.000615,0.076466,71648,29314,16327,9983,7090,5191,3979,3083,26481,1,1,1,1
22.4000,8179,1,1,90695,1,174064,0.521047,26,12,26,77,1290970,27.50605,0.00193,2.34281,0.00487,0,1,3,3.949559,3.378379,3.378379,-0.026644,-0.026476,14.935039,13082,0.001773,0.074232,72314,29819,16250,10222,6943,5080,3994,3054,26387,1,1,1,1
23.0000,8179,1,1,91252,0,175754,0.519206,19,22,22,66,2006192,27.92199,0.00193,2.34281,0.00487,1,1,2,1.151404,1.000000,3.715432,-0.234619,-0.234602,14.726916,8175,0.015930,0.047044,72746,29945,16261,10349,7034,5263,4130,3145,26880,1,1,1,1
23.9000,8179,1,1,94378,0,180942,0.521595,2,11,49,49,16079292,28.54581,0.00193,2.34281,0.00487,1,1,2,1.317889,1.000000,4.261532,-0.546540,-0.546506,14.414986,813,0.037912,0.004780,75237,30736,16850,10664,7354,5327,4150,3344,27279,1,1,1,1
22.3500,8191,1,1,89830,0,173217,0.518601,2,24,24,66,3088594,27.47290,0.00127,2.35188,0.00491,1,1,2,1.289184,1.000000,8.355225,-0.008928,-0.008897,14.952601,13508,0.000595,0.076447,71692,29282,16151,10243,7182,5235,4023,3107,26301,1,1,1,1
22.4000,8191,1,1,90784,0,174054,0.521588,2,8,15,39,343483,27.50760,0.00127,2.35188,0.00491,1,1,2,1.412688,1.000000,4.213901,-0.026234,-0.026191,14.935255,13097,0.001754,0.074207,72395,29769,16104,10330,7059,5024,3955,3120,26297,1,1,1,1
23.0000,8191,1,1,92055,1,176395,0.521871,18,2,18,37,467922,27.92352,0.00127,2.35188,0.00491,0,1,3,1.600641,1.284826,1.284826,-0.234118,-0.234061,14.727443,8182,0.015893,0.047013,73406,29937,16395,10294,7154,5172,4046,3230,26760,1,1,1,1
23.9000,8191,1,1,94175,1,181055,0.520149,4,51,51,175,112454,28.54728,0.00127,2.35188,0.00491,0,1,3,22.752760,20.290493,20.290493,-0.546169,-0.545787,14.415747,811,0.037860,0.004761,74901,30961,17006,10624,7389,5468,4110,3259,27336,1,1,1,1
22.3500,8203,1,1,90424,0,173137,0.522272,5,6,14,23,560657,27.47988,0.00127,2.35947,0.00417,1,1,2,1.388492,1.000000,2.901941,-0.005444,-0.005404,14.956022,13544,0.000361,0.076522,71624,29290,16351,10429,6940,5085,3971,2988,26458,1,1,1,1
22.4000,8203,1,1,90634,0,173967,0.520987,2,153,153,153,86737,27.51452,0.00127,2.35947,0.00417,1,1,2,1.394675,1.000000,72.876806,-0.022963,-0.022922,14.938549,13134,0.001534,0.074292,72238,29865,15968,10264,6976,5133,3868,3098,26556,1,1,1,1
23.0000,8203,1,1,91761,1,176810,0.518984,45,16,45,502,114759,27.93043,0.00127,2.35947,0.00417,0,1,3,2.936597,2.197881,2.101350,-0.230699,-0.230567,14.730921,8212,0.015652,0.047106,73222,29977,16623,10522,7182,5316,4033,3131,26803,1,1,1,1
23.9000,8203,1,1,94523,1,181075,0.522013,5,30,30,72,228998,28.55420,0.00127,2.35947,0.00417,0,0,3,1.634391,1.456512,1.456512,-0.542563,-0.542503,14.418771,830,0.037625,0.004864,75245,30497,16997,10696,7366,5401,4239,3279,27354,1,1,1,1
22.3500,8215,1,1,90117,1,173296,0.520021,3,3,6414,6414,458806,27.47589,0.00127,2.36116,0.00378,0,0,3,1.527401,1.306737,1.306737,-0.007372,-0.007320,14.953993,13564,0.000490,0.076533,71761,29264,16026,10426,6968,5144,3964,3152,26590,1,1,1,1
22.4000,8215,1,1,90847,1,174482,0.520670,1,22,22,54,276635,27.51057,0.00127,2.36116,0.00378,0,1,3,13.510650,10.795744,10.795744,-0.024841,-0.024524,14.936594,13152,0.001642,0.074295,72407,29822,16121,10303,7198,5272,3917,3130,26311,1,1,1,1
23.0000,8215,1,1,92066,0,176923,0.520376,1,4,69,3790,179614,27.92645,0.00127,2.36116,0.00378,1,1,2,1.399476,1.000000,2.496530,-0.232696,-0.232655,14.728814,8224,0.015796,0.047112,73694,29741,16423,10343,7384,5273,3970,3128,26966,1,1,1,1
23.9000,8215,1,1,94517,1,181136,0.521804,2,21,21,34,214483,28.55024,0.00127,2.36116,0.00378,0,1,3,13.993026,10.853175,10.853175,-0.544681,-0.544360,14.417171,829,0.037758,0.004852,75342,30360,16918,10677,7566,5383,4086,3200,27603,1,1,1,1
22.3500,8227,1,1,90889,1,174549,0.520711,1,1,11,183,255718,27.47159,0.00143,2.35975,0.00354,0,0,3,1.492871,1.149491,1.149491,-0.009410,-0.009361,14.952023,13580,0.000626,0.076522,72696,29471,16320,10359,7113,5251,3839,3166,26333,1,1,1,1
22.4000,8227,1,1,90824,0,174321,0.521019,1,4,4,142,293905,27.50622,0.00143,2.35975,0.00354,1,1,2,1.342169,1.000000,2.134789,-0.026762,-0.026726,14.934677,13170,0.001790,0.074297,72399,29550,16229,10290,7024,5242,4050,3179,26357,1,1,1,1
23.0000,8227,1,1,92251,1,177292,0.520337,1,8,86,86,769445,27.92218,0.00143,2.35975,0.00354,0,1,3,3.879914,3.091971,3.091971,-0.234764,-0.234599,14.726904,8232,0.015930,0.047095,73435,30341,16454,10475,7179,5318,3971,3181,26937,1,1,1,1
23.9000,8227,1,1,94071,1,180797,0.520316,4,16,16,42,386991,28.54598,0.00143,2.35975,0.00354,0,1,3,5.831756,5.386114,5.386114,-0.546701,-0.546487,14.414640,830,0.037912,0.004851,74693,30637,16984,10542,7391,5384,4205,3260,27700,1,1,1,1
22.3500,8239,1,1,90767,1,174313,0.520716,1,2,8,41,171089,27.47817,0.00206,2.35642,0.00511,0,0,3,1.723008,1.219293,1.219293,-0.005796,-0.005730,14.955718,13602,0.000383,0.076515,72212,29564,16252,10416,7060,5270,3962,3093,26483,1,1,1,1
22.4000,8239,1,1,90954,0,174440,0.521409,2,4,6,13,491679,27.51283,0.00206,2.35642,0.00511,1,1,2,1.405185,1.000000,2.356727,-0.023169,-0.023128,14.938310,13188,0.001548,0.074273,72660,29309,16428,10045,7012,5242,3848,3063,26832,1,1,1,1
23.0000,8239,1,1,92876,0,178204,0.521181,6,11,12,670,332992,27.92877,0.00206,2.35642,0.00511,1,1,2,1.330607,1.000000,4.364036,-0.231177,-0.231143,14.730256,8245,0.015692,0.047090,73906,30527,16731,10584,7077,5332,4031,3189,26826,1,1,1,1
23.9000,8239,1,1,94930,0,182401,0.520450,3,49,49,49,683297,28.55259,0.00206,2.35642,0.00511,1,1,2,1.042407,1.000000,2.180565,-0.543047,-0.543042,14.418109,831,0.037664,0.004849,75962,30947,16974,10704,7487,5370,4164,3265,27527,1,1,1,1
22.3500,8251,1,1,90964,0,174706,0.520672,9,5,43,43,375900,27.47673,0.00126,2.35630,0.00560,1,0,2,1.212714,1.000000,1.251616,-0.006898,-0.006875,14.954635,13620,0.000460,0.076510,72773,29630,16350,10108,7024,5130,3951,3270,26469,1,1,1,1
22.4000,8251,1,1,91354,0,175224,0.521358,6,7,13,91,304704,27.51143,0.00126,2.35630,0.00560,1,0,2,1.151842,1.000000,1.185096,-0.024243,-0.024226,14.937292,13207,0.001622,0.074276,72553,29892,16493,10201,7262,5148,4002,3131,26541,1,1,1,1
23.0000,8251,1,1,92299,1,177423,0.520223,1,6,10,27,12125161,27.92735,0.00126,2.35630,0.00560,0,1,3,3.660507,3.002126,3.002126,-0.232260,-0.232103,14.729410,8259,0.015758,0.047104,73531,30134,16530,10387,7249,5389,4063,3226,26913,1,1,1,1
23.9000,8251,1,1,94721,1,182251,0.519731,1,1,5908,5908,145742,28.55111,0.00126,2.35630,0.00560,0,0,3,1.506933,1.065789,1.065789,-0.544076,-0.544027,14.417424,831,0.037734,0.004842,75952,30778,16869,10712,7375,5317,4196,3351,27700,1,1,1,1
22.3500,8263,1,1,91352,0,175487,0.520566,1,1,102,102,218963,27.47883,0.00143,2.35792,0.00430,1,0,3,1.400100,1.000000,1.022681,-0.005820,-0.005779,14.955690,13638,0.000386,0.076495,72844,29920,16459,10431,7171,5161,4044,3116,26340,1,1,1,1
22.4000,8263,1,1,91348,0,175382,0.520855,11,7,45,45,250472,27.51348,0.00143,2.35792,0.00430,1,1,2,1.281970,1.000000,2.309269,-0.023192,-0.023162,14.938338,13226,0.001551,0.074270,72726,30065,16197,10320,7167,5100,3904,3143,26759,1,1,1,1
23.0000,8263,1,1,92688,0,178127,0.520351,2,35,35,35,5518963,27.92938,0.00143,2.35792,0.00430,1,1,2,1.120112,1.000000,4.592588,-0.231187,-0.231173,14.730102,8268,0.015694,0.047085,74339,29949,16475,10543,7170,5138,4111,3200,27201,1,1,1,1
23.9000,8263,1,1,94673,1,182581,0.518529,1,1,13,33,311839,28.55315,0.00143,2.35792,0.00430,0,0,3,1.508200,1.130941,1.130941,-0.542985,-0.542935,14.418465,830,0.037656,0.004829,75787,31007,17214,10751,7518,5531,3981,3176,27615,1,1,1,1
22.3500,8275,1,1,91126,0,174695,0.521632,1,234,234,234,1479985,27.47546,0.00277,2.35953,0.00459,1,1,2,1.013062,1.000000,3.103625,-0.006882,-0.006880,14.954132,13655,0.000460,0.076487,72337,29418,16390,10284,7126,5418,3894,3184,26643,1,1,1,1
22.4000,8275,1,1,91098,0,174928,0.520777,11,8,14,42,972701,27.51014,0.00277,2.35953,0.00459,1,1,2,1.217821,1.000000,2.084886,-0.024197,-0.024173,14.937173,13241,0.001618,0.074252,72304,29795,16178,10389,7183,5152,4050,3124,26752,1,1,1,1
23.0000,8275,1,1,93261,1,178569,0.522272,4,3,13,21,895532,27.92603,0.00277,2.35953,0.00459,0,1,3,2.212780,1.612809,1.612809,-0.232125,-0.232029,14.729451,8278,0.015753,0.047076,74106,30410,16641,10568,7317,5294,3965,3170,27097,1,1,1,1
23.9000,8275,1,1,94509,1,181840,0.519740,7,12,12,45,270389,28.54982,0.00277,2.35953,0.00459,0,1,3,4.555762,3.822329,3.822329,-0.544073,-0.543889,14.417624,829,0.037724,0.004816,75215,30926,16826,10841,7397,5347,4194,3299,27794,1,1,1,1
22.3500,8287,1,1,90635,1,174739,0.518691,1,96,96,96,328585,27.47526,0.00200,2.35542,0.00385,0,1,3,40.755932,36.884226,36.884226,-0.007503,-0.007055,14.954481,13677,0.000472,0.076498,72403,29617,16041,10486,7096,5157,3965,3109,26864,1,1,1,1
22.4000,8287,1,1,91414,0,175112,0.522035,1,381,381,481,2001556,27.50988,0.00200,2.35542,0.00385,1,1,2,1.006572,1.000000,2.569098,-0.024655,-0.024654,14.936883,13266,0.001651,0.074286,72302,29918,16263,10361,7096,5263,4018,3217,26673,1,1,1,1
23.0000,8287,1,1,93263,1,178536,0.522379,1,161,161,161,255868,27.92584,0.00200,2.35542,0.00385,0,1,3,30.374593,29.297535,29.297535,-0.232780,-0.232368,14.728714,8290,0.015777,0.047078,74157,30248,16459,10590,7165,5213,4136,3175,27392,1,1,1,1
23.9000,8287,1,1,95203,1,183052,0.520090,1,3,1085,1085,257164,28.54965,0.00200,2.35542,0.00385,0,1,3,2.573333,1.920360,1.920360,-0.544520,-0.544405,14.416904,832,0.037762,0.004827,75610,31367,17373,10725,7458,5322,4160,3276,27760,1,1,1,1
22.3500,8299,1,1,91752,0,176039,0.521206,2,403,403,403,635388,27.47794,0.00319,2.36215,0.00478,1,0,2,1.018764,1.000000,7.644074,-0.005456,-0.005454,14.956082,13701,0.000365,0.076513,73120,29934,16425,10301,7359,5224,3994,3250,26431,1,1,1,1
22.4000,8299,1,1,91778,0,176104,0.521161,3,1,12,75,7508575,27.51260,0.00319,2.36215,0.00478,1,1,3,1.405327,1.000000,1.076443,-0.022661,-0.022620,14.938846,13286,0.001514,0.074281,73145,30194,16201,10314,7139,5273,4021,3114,26702,1,1,1,1
23.0000,8299,1,1,92866,0,178323,0.520777,1,4,176,296,147796,27.92854,0.00319,2.36215,0.00478,1,1,2,1.349799,1.000000,2.275819,-0.230682,-0.230646,14.730763,8306,0.015657,0.047094,73968,30197,16706,10388,7316,5376,4062,3215,27094,1,1,1,1
23.9000,8299,1,1,94795,1,182864,0.518394,1,4,11,26,2139220,28.55236,0.00319,2.36215,0.00478,0,1,3,1.506392,1.072352,1.064143,-0.542542,-0.542492,14.418947,837,0.037624,0.004848,75836,30685,17153,10895,7407,5555,4181,3336,27815,1,1,1,1
22.3500,8311,1,1,91437,1,175857,0.519954,1,3,86,86,238564,27.48073,0.00200,2.35855,0.00407,0,0,3,2.347897,1.742947,1.742947,-0.004552,-0.004450,14.956958,13717,0.000297,0.076487,73315,29478,16368,10331,7041,5380,4005,3166,26772,1,1,1,1
22.4000,8311,1,1,91704,0,176115,0.520708,8,4,26,49,319711,27.51542,0.00200,2.35855,0.00407,1,1,2,1.280083,1.000000,1.486328,-0.021890,-0.021860,14.939518,13301,0.001463,0.074254,73299,29808,16446,10411,7099,5178,3933,3061,26879,1,1,1,1
23.0000,8311,1,1,93102,0,179358,0.519088,2,5,31,47,4817754,27.93134,0.00200,2.35855,0.00407,1,1,3,1.173703,1.000000,1.033137,-0.229829,-0.229810,14.731510,8316,0.015600,0.047080,74860,30292,16611,10480,7277,5449,4002,3198,27188,1,1,1,1
23.9000,8311,1,1,95301,1,183153,0.520338,1,1,5,174,3196586,28.55510,0.00200,2.35855,0.00407,0,0,3,1.611507,1.153084,1.153084,-0.541714,-0.541657,14.419777,836,0.037563,0.004835,76124,30859,17110,10629,7384,5516,4211,3249,28070,1,1,1,1
22.3500,8323,1,1,91496,0,176365,0.518791,3,23,23,479,166757,27.48187,0.00216,2.36155,0.00373,1,1,2,1.156310,1.000000,4.044188,-0.004015,-0.003998,14.957311,13738,0.000267,0.076492,73371,29864,16396,10547,7132,5103,3991,3200,26760,1,1,1,1
22.4000,8323,1,1,92377,1,177129,0.521527,4,18,58,207,1377867,27.51651,0.00216,2.36155,0.00373,0,0,3,2.555302,2.326640,2.326640,-0.021304,-0.021191,14.940063,13322,0.001418,0.074261,73757,30112,16410,10498,7233,5386,3948,3191,26593,1,1,1,1
23.0000,8323,1,1,93556,0,179387,0.521535,3,62,62,62,552339,27.93242,0.00216,2.36155,0.00373,1,0,2,1.025407,1.000000,1.643640,-0.229235,-0.229232,14.732303,8328,0.015560,0.047078,74611,30291,16629,10587,7323,5368,4098,3260,27219,1,1,1,1
23.9000,8323,1,1,96004,0,184193,0.521217,1,3,5,86,152797,28.55619,0.00216,2.36155,0.00373,1,1,2,1.362803,1.000000,1.974118,-0.541132,-0.541095,14.420321,838,0.037523,0.004840,76845,31146,17165,10736,7444,5441,4177,3311,27927,1,1,1,1
22.3500,8335,1,1,92187,1,177056,0.520669,6,8,8,161,166427,27.47770,0.00372,2.36174,0.00463,0,0,3,1.985961,1.847921,1.847921,-0.005257,-0.005175,14.956048,13757,0.000346,0.076494,74004,29849,16405,10291,7327,5189,3949,3220,26821,1,1,1,1
22.4000,8335,1,1,91847,1,176281,0.521029,2,58,58,1626,596927,27.51238,0.00372,2.36174,0.00463,0,1,3,2.696104,2.033570,1.886265,-0.022597,-0.022478,14.939014,13337,0.001505,0.074243,73243,29773,16345,10370,7165,5295,4099,3120,26870,1,1,1,1
23.0000,8335,1,1,93663,1,179748,0.521082,2,28,28,28,490611,27.92827,0.00372,2.36174,0.00463,0,1,3,16.625860,13.468126,13.468126,-0.230660,-0.230323,14.730732,8337,0.015636,0.047066,74391,30648,16737,10793,7262,5450,4056,3352,27058,1,1,1,1
23.9000,8335,1,1,96241,1,184564,0.521453,1,21,29,83,122826,28.55206,0.00372,2.36174,0.00463,0,1,3,5.703704,5.088882,5.088882,-0.542497,-0.542288,14.419236,835,0.037609,0.004816,76811,31437,17218,10787,7501,5451,4186,3361,27811,1,1,1,1
22.3500,8347,1,1,91903,1,176136,0.521776,1,2,796,796,132471,27.48084,0.00288,2.36519,0.00581,0,0,3,1.622777,1.158505,1.158505,-0.004056,-0.003998,14.957439,13779,0.000267,0.076499,72930,30120,16252,10354,7301,5154,4071,3157,26796,1,1,1,1
22.4000,8347,1,1,92129,1,176944,0.520670,1,2,26,66,136607,27.51547,0.00288,2.36519,0.00581,0,0,3,1.967243,1.440833,1.440833,-0.021386,-0.021305,14.940112,13359,0.001426,0.074253,73503,30140,16345,10466,7178,5095,3984,3269,26963,1,1,1,1
23.0000,8347,1,1,93766,0,179729,0.521711,4,4,6,213,178917,27.93143,0.00288,2.36519,0.00581,1,1,2,1.294579,1.000000,1.534896,-0.229365,-0.229334,14.732051,8350,0.015567,0.047067,74737,30534,16528,10723,7238,5328,4104,3176,27360,1,1,1,1
23.9000,8347,1,1,95729,1,183780,0.520892,1,3,11,21,1062495,28.55524,0.00288,2.36519,0.00581,0,1,3,2.868061,2.186929,2.186929,-0.541291,-0.541165,14.420212,838,0.037528,0.004826,75814,31090,17357,10866,7572,5621,4096,3246,28117,1,1,1,1
22.3500,8359,1,1,92646,0,177182,0.522889,1,2,10,31,319146,27.49038,0.00149,2.37449,0.00631,1,1,2,1.412085,1.000000,1.638716,0.000014,0.000055,14.961504,13792,-0.000004,0.076440,73582,30184,16540,10446,7183,5113,4086,3165,26882,1,1,1,1
22.4000,8359,1,1,92418,0,176811,0.522697,1,3,18,154,859194,27.52504,0.00149,2.37449,0.00631,1,0,2,1.317832,1.000000,1.766325,-0.017321,-0.017288,14.944206,13374,0.001157,0.074210,73419,29868,16415,10475,7071,5340,4048,3127,27047,1,1,1,1
23.0000,8359,1,1,94082,0,180718,0.520604,120,3,120,120,577503,27.94098,0.00149,2.37449,0.00631,1,0,3,1.273488,1.000000,1.259506,-0.225267,-0.225238,14.736264,8358,0.015285,0.047031,75101,30872,16840,10653,7409,5268,4102,3132,27340,1,1,1,1
23.9000,8359,1,1,95825,1,184333,0.519850,9,9,31,31,378230,28.56481,0.00149,2.37449,0.00631,0,0,3,1.133609,1.037006,1.037006,-0.537171,-0.537156,14.424094,835,0.037240,0.004800,76477,31505,17086,10636,7529,5430,4219,3336,28114,1,1,1,1
22.3500,8371,1,1,92735,1,177487,0.522492,1,14,15,224,767395,27.48572,0.00194,2.36949,0.00364,0,0,3,3.343524,2.614839,2.614839,-0.002105,-0.001961,14.959418,13818,0.000131,0.076485,73908,30108,16500,10284,7282,5340,3976,3268,26820,1,1,1,1
22.4000,8371,1,1,92910,0,177734,0.522750,1,98,98,98,872600,27.52041,0.00194,2.36949,0.00364,1,1,3,1.009114,1.000000,1.010091,-0.019390,-0.019389,14.941588,13399,0.001298,0.074255,73884,30396,16432,10549,7187,5242,4048,3129,26866,1,1,1,1
23.0000,8371,1,1,94320,0,180385,0.522885,1,3,230,230,1890488,27.93633,0.00194,2.36949,0.00364,1,1,2,1.413831,1.000000,1.941790,-0.227396,-0.227355,14.734104,8376,0.015431,0.047072,74751,30896,16767,10612,7414,5328,4096,3213,27307,1,1,1,1
23.9000,8371,1,1,96273,1,185051,0.520254,2,1,55,76,211929,28.56009,0.00194,2.36949,0.00364,0,0,3,1.276658,1.005079,1.005079,-0.539230,-0.539200,14.422313,844,0.037387,0.004846,77007,31443,17281,10942,7613,5424,4103,3347,27890,1,1,1,1
22.3500,8383,1,1,92731,1,177572,0.522219,2,45,45,75,92744,27.48706,0.00124,2.36784,0.00397,0,0,3,2.671290,2.330384,2.330384,-0.001843,-0.001726,14.959577,13833,0.000115,0.076458,73525,30375,16549,10489,7195,5231,3977,3201,27029,1,1,1,1
22.4000,8383,1,1,92440,0,177414,0.521044,1,1,485,485,379307,27.52170,0.00124,2.36784,0.00397,1,0,3,1.405217,1.000000,1.055080,-0.019118,-0.019077,14.942391,13416,0.001277,0.074238,73408,30054,16516,10573,7268,5279,3987,3209,27119,1,1,1,1
23.0000,8383,1,1,94296,0,180827,0.521474,1,3,4,174,327769,27.93761,0.00124,2.36784,0.00397,1,1,2,1.327242,1.000000,1.606002,-0.227096,-0.227062,14.734339,8384,0.015410,0.047049,75340,30721,16629,10575,7348,5313,4155,3266,27479,1,1,1,1
23.9000,8383,1,1,96034,0,184972,0.519184,32,4,32,41,106758,28.56138,0.00124,2.36784,0.00397,1,1,2,1.407388,1.000000,2.277347,-0.539004,-0.538963,14.422480,840,0.037370,0.004816,76426,31400,17331,11019,7532,5563,4286,3380,28034,1,1,1,1
22.3500,8395,1,1,93045,1,177647,0.523766,1,34,34,66,183824,27.48767,0.00124,2.37596,0.00424,0,1,3,4.230767,3.519895,3.519895,-0.001544,-0.001372,14.960142,13858,0.000092,0.076484,73854,30231,16378,10265,7105,5318,4090,3266,27139,1,1,1,1
22.4000,8395,1,1,92985,1,177921,0.522623,56,16,102,102,1413010,27.52235,0.00124,2.37596,0.00424,0,1,3,5.797889,5.243688,5.243688,-0.018907,-0.018697,14.942833,13437,0.001251,0.074246,73845,30140,16672,10461,7334,5248,3996,3207,27017,1,1,1,1
23.0000,8395,1,1,94393,1,181070,0.521310,27,9,3441,3441,403932,27.93824,0.00124,2.37596,0.00424,0,1,3,2.471702,2.219267,2.219267,-0.226799,-0.226692,14.734833,8400,0.015385,0.047069,75254,30748,16874,10726,7314,5312,4178,3329,27334,1,1,1,1
23.9000,8395,1,1,96538,0,185602,0.520137,2,32,32,32,63614,28.56203,0.00124,2.37596,0.00424,1,0,2,1.134824,1.000000,4.723353,-0.538740,-0.538725,14.422797,846,0.037352,0.004843,77311,31341,17302,10907,7503,5569,4237,3373,28058,1,1,1,1
22.3500,8407,1,1,92852,0,177941,0.521816,1,22,60,85,299104,27.48703,0.00115,2.37813,0.00585,1,1,2,1.197267,1.000000,5.128193,-0.001914,-0.001893,14.959445,13877,0.000127,0.076483,73443,30624,16569,10485,7277,5281,4023,3152,27086,1,1,1,1
22.4000,8407,1,1,93220,0,178436,0.522431,1,5,11,22,747550,27.52166,0.00115,2.37813,0.00585,1,0,2,1.307869,1.000000,2.273230,-0.019179,-0.019147,14.942350,13459,0.001281,0.074264,74199,30335,16523,10529,7163,5363,4119,3262,26942,1,1,1,1
23.0000,8407,1,1,94759,1,181486,0.522131,1,3,269,269,485479,27.93761,0.00115,2.37813,0.00585,0,1,3,2.633279,1.950836,1.950836,-0.227148,-0.227033,14.734317,8412,0.015408,0.047071,75542,30829,16857,10612,7506,5389,4121,3205,27424,1,1,1,1
23.9000,8407,1,1,96563,1,185551,0.520415,1,2,16,109,279562,28.56142,0.00115,2.37813,0.00585,0,0,3,2.211507,1.626273,1.626273,-0.539041,-0.538947,14.422469,850,0.037369,0.004859,77099,31479,17329,10876,7493,5504,4159,3400,28211,1,1,1,1
22.3500,8419,1,1,92962,0,178362,0.521201,3,13,13,66,412530,27.48328,0.00132,2.37678,0.00518,1,1,2,1.099207,1.000000,1.426626,-0.003614,-0.003603,14.957656,13895,0.000241,0.076482,73989,30612,16526,10436,7135,5320,3960,3215,27168,1,1,1,1
22.4000,8419,1,1,93131,1,178418,0.521985,1,6,49,49,205090,27.51794,0.00132,2.37678,0.00518,0,1,3,1.894256,1.857712,1.857712,-0.020959,-0.020883,14.940653,13476,0.001398,0.074260,74233,30038,16642,10570,7231,5333,4151,3132,27087,1,1,1,1
23.0000,8419,1,1,94646,0,181487,0.521506,4,16,34,90,386854,27.93388,0.00132,2.37678,0.00518,1,1,2,1.341818,1.000000,6.873833,-0.229008,-0.228973,14.732436,8425,0.015542,0.047083,75463,30706,16852,10759,7434,5320,4132,3174,27646,1,1,1,1
23.9000,8419,1,1,96885,1,185752,0.521585,1,5,16,66,294662,28.55770,0.00132,2.37678,0.00518,0,1,3,4.616642,3.328624,3.328624,-0.540877,-0.540695,14.420602,846,0.037495,0.004830,76899,31859,17234,10962,7654,5492,4269,3376,28006,1,1,1,1
22.3500,8431,1,1,93162,0,177903,0.523670,2,4,17,97,406905,27.48128,0.00264,2.37288,0.00418,1,1,2,1.232228,1.000000,1.467370,-0.003934,-0.003909,14.957450,13916,0.000261,0.076490,73273,30489,16526,10620,7318,5305,4039,3195,27137,1,1,1,1
22.4000,8431,1,1,93338,0,178517,0.522855,1,1,103,103,895440,27.51597,0.00264,2.37288,0.00418,1,0,3,1.331576,1.000000,1.062656,-0.021264,-0.021230,14.940263,13491,0.001421,0.074239,74119,30285,16494,10513,7194,5412,4124,3156,27219,1,1,1,1
23.0000,8431,1,1,94716,0,181700,0.521280,27,22,27,57,297319,27.93189,0.00264,2.37288,0.00418,1,0,2,1.051724,1.000000,1.219759,-0.229234,-0.229228,14.732305,8432,0.015560,0.047055,75170,31054,16966,10840,7361,5443,4175,3233,27457,1,1,1,1
23.9000,8431,1,1,96548,0,185702,0.519911,30,4,30,31,76992,28.55565,0.00264,2.37288,0.00418,1,1,2,1.326709,1.000000,1.752609,-0.541134,-0.541100,14.420302,845,0.037524,0.004818,76613,31729,17225,10824,7586,5572,4289,3324,28539,1,1,1,1
22.3500,8443,1,1,92824,0,178294,0.520626,3,2,12,169,12718172,27.48200,0.00242,2.36610,0.00551,1,1,3,1.392347,1.000000,1.258476,-0.003740,-0.003700,14.957734,13932,0.000247,0.076467,73863,30468,16567,10463,7238,5190,3993,3167,27344,1,1,1,1
22.4000,8443,1,1,93132,0,178992,0.520317,1,3,711,711,427941,27.51664,0.00242,2.36610,0.00551,1,1,2,1.385616,1.000000,2.189607,-0.021097,-0.021058,14.940372,13510,0.001409,0.074237,74081,30535,16715,10669,7237,5421,4033,3170,27130,1,1,1,1
23.0000,8443,1,1,94697,1,181964,0.520419,8,26,26,151,167137,27.93255,0.00242,2.36610,0.00551,0,1,3,14.287044,11.984163,11.984163,-0.229151,-0.228836,14.732111,8447,0.015533,0.047072,75410,31036,16948,10671,7403,5449,4034,3329,27683,1,1,1,1
23.9000,8443,1,1,96939,1,186128,0.520822,8,22,22,201,177428,28.55632,0.00242,2.36610,0.00551,0,0,3,2.721074,2.606114,2.606114,-0.540948,-0.540830,14.420338,846,0.037505,0.004816,77214,31692,17102,11110,7518,5549,4219,3418,28305,1,1,1,1
22.3500,8455,1,1,93331,1,179186,0.520864,3,3,5,47,422042,27.47814,0.00139,2.36395,0.00361,0,1,3,1.695163,1.408748,1.408748,-0.006178,-0.006116,14.955399,13954,0.000409,0.076491,74399,30473,16841,10543,7392,5286,3890,3156,27205,1,1,1,1
22.4000,8455,1,1,93231,1,179010,0.520817,1,4,27,86,218472,27.51281,0.00139,2.36395,0.00361,0,1,3,1.576078,1.117142,1.067714,-0.023496,-0.023442,14.938007,13531,0.001569,0.074259,74378,30358,16564,10527,7358,5316,4092,3276,27140,1,1,1,1
23.0000,8455,1,1,95231,1,182519,0.521762,17,2,17,30,558466,27.92870,0.00139,2.36395,0.00361,0,1,3,1.459156,1.156221,1.156221,-0.231448,-0.231403,14.730121,8458,0.015710,0.047073,76012,30871,17073,10715,7412,5443,4209,3259,27524,1,1,1,1
23.9000,8455,1,1,97157,1,186973,0.519634,1,8,133,133,390165,28.55249,0.00139,2.36395,0.00361,0,1,3,4.617449,3.759613,3.759613,-0.543416,-0.543235,14.418097,849,0.037677,0.004827,77689,31956,17192,10988,7698,5578,4258,3333,28280,1,1,1,1
22.3500,8467,1,1,93646,0,179848,0.520698,4,1,5,304,528950,27.47514,0.00147,2.36708,0.00487,1,1,3,1.410934,1.000000,1.017375,-0.007601,-0.007561,14.953888,13972,0.000506,0.076489,74726,30427,17056,10654,7332,5310,4053,3142,27147,1,1,1,1
22.4000,8467,1,1,93525,1,179314,0.521574,8,1,77,77,7456876,27.50977,0.00147,2.36708,0.00487,0,0,3,1.104117,1.003090,1.003090,-0.024909,-0.024898,14.936366,13549,0.001667,0.074261,74229,30659,16503,10721,7284,5405,4087,3131,27294,1,1,1,1
23.0000,8467,1,1,94445,1,181897,0.519225,12,9,13,13,291524,27.92572,0.00147,2.36708,0.00487,0,0,3,1.106245,1.027451,1.027451,-0.232893,-0.232881,14.728351,8468,0.015812,0.047068,75333,30817,16854,10647,7365,5515,4229,3339,27797,1,1,1,1
23.9000,8467,1,1,97395,1,186820,0.521333,1,1,11,311,316169,28.54953,0.00147,2.36708,0.00487,0,1,3,1.595723,1.149807,1.149807,-0.544804,-0.544749,14.416730,849,0.037786,0.004821,77622,31668,17480,10833,7590,5495,4248,3422,28461,1,1,1,1
22.3500,8479,1,1,93824,0,179230,0.523487,7,49,49,69,3191870,27.47348,0.00272,2.36714,0.00618,1,1,2,1.330897,1.000000,19.163377,-0.007962,-0.007928,14.953477,13990,0.000530,0.076481,74165,30384,16749,10655,7233,5375,4166,3162,27340,1,1,1,1
22.4000,8479,1,1,93657,1,179576,0.521548,1,6,77,77,820000,27.50814,0.00272,2.36714,0.00618,0,1,3,3.319896,2.730943,2.730943,-0.025177,-0.025035,14.936310,13566,0.001676,0.074249,74416,30783,16603,10659,7188,5363,4161,3272,27130,1,1,1,1
23.0000,8479,1,1,95130,0,182298,0.521841,2,6,6,5273,508037,27.92408,0.00272,2.36714,0.00618,1,0,2,1.155173,1.000000,1.223199,-0.233098,-0.233081,14.728440,8479,0.015825,0.047062,75330,31012,17086,10733,7476,5391,4183,3254,27832,1,1,1,1
23.9000,8479,1,1,97430,0,186950,0.521158,1,5,186,186,330529,28.54790,0.00272,2.36714,0.00618,1,1,2,1.410113,1.000000,2.939328,-0.545062,-0.545021,14.416427,847,0.037806,0.004803,77704,31665,17360,11043,7603,5608,4288,3425,28253,1,1,1,1
22.3500,8491,1,1,93751,1,179982,0.520894,1,45,45,56,505704,27.47337,0.00122,2.36176,0.00359,0,0,3,4.549305,3.888224,3.888224,-0.008653,-0.008475,14.952849,14016,0.000567,0.076519,74753,30635,16967,10483,7243,5278,4222,3171,27229,1,1,1,1
22.4000,8491,1,1,93769,1,180013,0.520904,4,3,6,11,740242,27.50807,0.00122,2.36176,0.00359,0,1,3,2.164891,1.648203,1.648203,-0.025950,-0.025859,14.935639,13592,0.001731,0.074289,74729,30679,16659,10469,7428,5255,4183,3206,27404,1,1,1,1
23.0000,8491,1,1,94988,0,182368,0.520862,2,2,5,57,1347801,27.92399,0.00122,2.36176,0.00359,1,1,2,1.411286,1.000000,1.597139,-0.233909,-0.233868,14.727597,8496,0.015880,0.047092,75667,30824,16878,10648,7426,5369,4270,3388,27897,1,1,1,1
23.9000,8491,1,1,97460,0,187312,0.520311,1,2,5,11,140727,28.54775,0.00122,2.36176,0.00359,1,1,2,1.402344,1.000000,1.661164,-0.545789,-0.545749,14.415693,856,0.037858,0.004847,77649,31965,17318,11006,7568,5611,4290,3387,28517,1,1,1,1
22.3500,8503,1,1,93896,0,180711,0.519595,1,27,27,27,361111,27.47382,0.00130,2.36678,0.00406,1,1,2,1.327377,1.000000,10.898447,-0.008515,-0.008482,14.953013,14031,0.000567,0.076492,75150,30708,16855,10768,7256,5430,4131,3150,27262,1,1,1,1
22.4000,8503,1,1,94407,1,180527,0.522955,2,75,75,245,199002,27.50847,0.00130,2.36678,0.00406,0,1,3,8.743311,7.874964,7.874964,-0.025819,-0.025564,14.935963,13608,0.001712,0.074270,75270,30574,16742,10662,7106,5456,4114,3166,27436,1,1,1,1
23.0000,8503,1,1,95214,0,182692,0.521175,8,5,27,52,210835,27.92437,0.00130,2.36678,0.00406,1,0,2,1.240803,1.000000,1.420065,-0.233669,-0.233644,14.727866,8504,0.015864,0.047069,75664,31081,16940,10762,7336,5443,4164,3302,27999,1,1,1,1
23.9000,8503,1,1,98003,1,187963,0.521398,2,2,31,289,331837,28.54815,0.00130,2.36678,0.00406,0,1,3,1.786204,1.270307,1.270307,-0.545549,-0.545481,14.415989,852,0.037839,0.004818,77940,32172,17463,11050,7729,5613,4279,3202,28514,1,1,1,1
22.3500,8515,1,1,94021,1,179700,0.523214,1,6,39,64,174198,27.47124,0.00237,2.37002,0.00394,0,1,3,4.899467,3.587142,3.587142,-0.009191,-0.009005,14.952531,14053,0.000602,0.076506,74650,30186,16614,10698,7411,5379,4097,3241,27423,1,1,1,1
22.4000,8515,1,1,93886,0,180188,0.521048,4,88,88,167,53767,27.50592,0.00237,2.37002,0.00394,1,1,2,1.037412,1.000000,3.370614,-0.026527,-0.026522,14.934630,13625,0.001776,0.074265,74952,30625,16660,10587,7229,5294,4044,3187,27609,1,1,1,1
23.0000,8515,1,1,95066,0,182894,0.519790,4,1,14,50,14730761,27.92181,0.00237,2.37002,0.00394,1,0,3,1.374060,1.000000,1.020909,-0.234396,-0.234359,14.727125,8516,0.015913,0.047072,75589,31115,17190,10728,7443,5436,4159,3288,27945,1,1,1,1
23.9000,8515,1,1,97967,1,188051,0.520963,1,1,129,129,20277059,28.54560,0.00237,2.37002,0.00394,0,0,3,1.424631,1.049216,1.049216,-0.546298,-0.546256,14.415278,853,0.037894,0.004817,78087,31857,17509,11148,7698,5690,4342,3404,28315,1,1,1,1
22.3500,8527,1,1,94438,0,180601,0.522913,2,30,30,1097,76701,27.46742,0.00322,2.36843,0.00529,1,1,2,1.156998,1.000000,5.278403,-0.010681,-0.010663,14.950653,14069,0.000713,0.076495,74949,30890,16682,10751,7238,5423,4090,3202,27375,1,1,1,1
22.4000,8527,1,1,93916,0,180274,0.520965,1,10,362,362,168726,27.50205,0.00322,2.36843,0.00529,1,1,2,1.346781,1.000000,4.629305,-0.027987,-0.027952,14.933539,13641,0.001872,0.074253,74651,30642,16650,10665,7448,5329,4120,3244,27524,1,1,1,1
23.0000,8527,1,1,95605,1,183501,0.521008,4,8,150,150,270801,27.91800,0.00322,2.36843,0.00529,0,1,3,5.917833,4.296325,4.296325,-0.235960,-0.235751,14.725356,8524,0.016010,0.047055,76353,31005,16877,10751,7524,5504,4215,3319,27952,1,1,1,1
23.9000,8527,1,1,97675,1,187570,0.520742,13,5,13,28,278788,28.54181,0.00322,2.36843,0.00529,0,1,3,3.287798,2.599341,2.599341,-0.547834,-0.547695,14.413372,850,0.037999,0.004794,77742,31777,17605,10890,7714,5544,4139,3360,28798,1,1,1,1
22.3500,8539,1,1,94387,1,180942,0.521645,1,239,239,239,844355,27.47037,0.00106,2.37503,0.00542,0,1,3,58.726281,56.519434,56.519434,-0.010410,-0.009933,14.951075,14097,0.000664,0.076537,75334,30699,16795,10717,7318,5261,4165,3147,27505,1,1,1,1
22.4000,8539,1,1,94677,1,181491,0.521665,1,12,12,217,135630,27.50503,0.00106,2.37503,0.00542,0,1,3,3.004570,2.284307,2.259289,-0.027551,-0.027423,14.934075,13671,0.001836,0.074309,75634,30871,16727,10848,7270,5397,4057,3214,27472,1,1,1,1
23.0000,8539,1,1,95422,0,183453,0.520147,1,4,42,42,377191,27.92097,0.00106,2.37503,0.00542,1,1,2,1.411050,1.000000,2.662871,-0.235530,-0.235490,14.725977,8546,0.015991,0.047108,75986,31080,17088,10952,7443,5506,4113,3341,27943,1,1,1,1
23.9000,8539,1,1,98023,1,188467,0.520110,1,2,5,167,836646,28.54479,0.00106,2.37503,0.00542,0,1,3,2.051488,1.525620,1.525620,-0.547409,-0.547325,14.414039,861,0.037972,0.004849,78374,31878,17532,11220,7647,5625,4233,3435,28522,1,1,1,1
22.3500,8551,1,1,94190,0,180862,0.520787,3,12,44,44,245657,27.46956,0.00122,2.37331,0.00446,1,1,2,1.203720,1.000000,2.922501,-0.010546,-0.010525,14.950822,14114,0.000704,0.076523,74914,30934,16803,10667,7353,5260,4095,3251,27584,1,1,1,1
22.4000,8551,1,1,94021,1,180909,0.519717,8,21,21,21,160114,27.50425,0.00122,2.37331,0.00446,0,1,3,5.192558,4.959879,4.959879,-0.027924,-0.027732,14.933361,13685,0.001857,0.074284,75202,30507,16897,10552,7403,5371,4084,3326,27566,1,1,1,1
23.0000,8551,1,1,95812,0,184334,0.519777,2,2,23,34,4598674,27.92017,0.00122,2.37331,0.00446,1,1,2,1.411544,1.000000,1.440594,-0.235812,-0.235772,14.725694,8555,0.016011,0.047093,76443,31624,17222,10879,7378,5423,4073,3340,27951,1,1,1,1
23.9000,8551,1,1,97680,0,187897,0.519862,1,14,35,108,295881,28.54393,0.00122,2.37331,0.00446,1,1,2,1.413957,1.000000,7.749550,-0.547790,-0.547750,14.413707,859,0.038002,0.004831,77602,31772,17579,11053,7782,5740,4312,3316,28740,1,1,1,1
22.3500,8563,1,1,94523,1,181102,0.521935,3,21,21,204,1138566,27.47130,0.00121,2.37488,0.00372,0,1,3,2.367451,2.114054,2.114054,-0.009722,-0.009622,14.951905,14132,0.000644,0.076508,75282,30728,16901,10744,7122,5397,4144,3294,27489,1,1,1,1
22.4000,8563,1,1,94586,0,181483,0.521187,1,7,26,26,284855,27.50595,0.00121,2.37488,0.00372,1,0,2,1.231817,1.000000,2.006952,-0.027042,-0.027017,14.934494,13704,0.001809,0.074277,75326,30780,17174,10544,7330,5314,4098,3221,27695,1,1,1,1
23.0000,8563,1,1,95841,1,184387,0.519785,1,94,94,94,282277,27.92185,0.00121,2.37488,0.00372,0,1,3,20.024095,18.966639,18.966639,-0.235125,-0.234775,14.726392,8568,0.015942,0.047096,76734,31229,17074,10809,7432,5470,4248,3342,28048,1,1,1,1
23.9000,8563,1,1,98317,1,188892,0.520496,1,7,26,122,582735,28.54563,0.00121,2.37488,0.00372,0,1,3,4.177579,3.532223,3.532223,-0.546915,-0.546748,14.414784,860,0.037930,0.004829,78609,32010,17656,11125,7563,5606,4193,3487,28642,1,1,1,1
22.3500,8575,1,1,94454,0,181193,0.521292,1,25,25,72,346706,27.47866,0.00205,2.37482,0.00404,1,0,2,1.057051,1.000000,1.575575,-0.005588,-0.005582,14.955952,14149,0.000373,0.076472,75033,30741,16925,10711,7372,5375,4143,3278,27614,1,1,1,1
22.4000,8575,1,1,94996,0,181688,0.522855,1,5,9,63,681342,27.51334,0.00205,2.37482,0.00404,1,1,2,1.234496,1.000000,1.620751,-0.022930,-0.022906,14.938458,13720,0.001533,0.074240,75539,30798,16769,10598,7299,5535,4186,3260,27703,1,1,1,1
23.0000,8575,1,1,96367,1,185066,0.520720,1,8,32,102,317197,27.92923,0.00205,2.37482,0.00404,0,1,3,1.680792,1.650732,1.650732,-0.230875,-0.230815,14.730724,8574,0.015669,0.047049,77143,31256,17144,10881,7477,5495,4274,3349,28046,1,1,1,1
23.9000,8575,1,1,98780,0,189670,0.520802,1,16,23,69,131754,28.55302,0.00205,2.37482,0.00404,1,1,2,1.181186,1.000000,3.377982,-0.542814,-0.542794,14.418540,857,0.037646,0.004805,78805,32374,17541,11191,7603,5605,4373,3352,28825,1,1,1,1
22.3500,8587,1,1,94936,0,182101,0.521340,2,18,18,20,158834,27.48383,0.00311,2.37095,0.00378,1,1,2,1.140436,1.000000,2.809931,-0.002493,-0.002477,14.958829,14175,0.000166,0.076491,75797,31130,17034,10739,7230,5312,4051,3287,27520,1,1,1,1
22.4000,8587,1,1,94992,0,182018,0.521885,1,5,6,430,334520,27.51846,0.00311,2.37095,0.00378,1,0,2,1.320379,1.000000,2.252364,-0.019793,-0.019761,14.941737,13746,0.001323,0.074261,75746,30791,17001,10630,7333,5304,4220,3200,27792,1,1,1,1
23.0000,8587,1,1,96514,0,185325,0.520785,1,253,253,253,8716115,27.93441,0.00311,2.37095,0.00378,1,1,2,1.119171,1.000000,32.103412,-0.227926,-0.227913,14.733375,8592,0.015469,0.047073,77288,31321,17126,10943,7619,5544,4194,3289,28000,1,1,1,1
23.9000,8587,1,1,98454,0,188877,0.521263,2,3,106,106,82300989,28.55822,0.00311,2.37095,0.00378,1,1,2,1.411293,1.000000,2.139240,-0.539672,-0.539632,14.421820,864,0.037418,0.004836,78005,32076,17669,11136,7712,5724,4247,3311,28996,1,1,1,1
22.3500,8599,1,1,94819,1,181957,0.521109,6,3,19,19,236578,27.48383,0.00204,2.36989,0.00449,0,1,3,2.190434,1.759005,1.759005,-0.002982,-0.002891,14.958619,14192,0.000193,0.076477,75643,30877,16968,10718,7346,5349,4005,3350,27700,1,1,1,1
22.4000,8599,1,1,94459,1,181941,0.519177,1,7,17,97,197696,27.51849,0.00204,2.36989,0.00449,0,0,3,1.994328,1.487689,1.487689,-0.020303,-0.020222,14.941190,13762,0.001353,0.074246,75264,30887,17006,10747,7426,5447,4169,3199,27795,1,1,1,1
23.0000,8599,1,1,96653,1,185393,0.521344,2,2,11,38,146532,27.93442,0.00204,2.36989,0.00449,0,0,3,1.413470,1.136971,1.136971,-0.228257,-0.228217,14.733153,8603,0.015490,0.047069,77077,31317,17214,11018,7428,5663,4292,3300,28083,1,1,1,1
23.9000,8599,1,1,99100,0,190592,0.519962,17,20,20,32,255629,28.55825,0.00204,2.36989,0.00449,1,0,2,1.060904,1.000000,1.309022,-0.540178,-0.540171,14.421362,863,0.037456,0.004824,79321,32311,17880,11321,7633,5735,4240,3475,28675,1,1,1,1
22.3500,8611,1,1,94879,1,182127,0.520953,7,2,47,47,185144,27.48550,0.00137,2.38405,0.00440,0,1,3,1.480582,1.128801,1.128801,-0.002444,-0.002398,14.959102,14211,0.000160,0.076470,75569,31179,16814,10594,7465,5463,3979,3255,27808,1,1,1,1
22.4000,8611,1,1,94966,0,182284,0.520981,7,3,15,27,453833,27.52019,0.00137,2.38405,0.00440,1,1,2,1.361197,1.000000,1.531408,-0.019806,-0.019770,14.941652,13779,0.001323,0.074232,75809,30978,16960,10692,7283,5308,4263,3189,27801,1,1,1,1
23.0000,8611,1,1,96708,0,185512,0.521306,1,14,14,69,538208,27.93611,0.00137,2.38405,0.00440,1,1,2,1.301094,1.000000,5.422883,-0.227842,-0.227811,14.733690,8612,0.015462,0.047051,76824,31710,17242,10837,7648,5515,4233,3299,28203,1,1,1,1
23.9000,8611,1,1,98644,0,189776,0.519794,15,8,19,149,1522794,28.55987,0.00137,2.38405,0.00440,1,1,2,1.180463,1.000000,1.631124,-0.539652,-0.539633,14.421702,863,0.037418,0.004817,78681,32145,17626,11204,7679,5713,4326,3374,29027,1,1,1,1
22.3500,8623,1,1,95170,0,182692,0.520934,1,4,19,104,45640,27.48707,0.00113,2.37982,0.00406,1,0,3,1.164306,1.000000,1.056722,-0.001833,-0.001815,14.959706,14231,0.000121,0.076468,76007,30734,16974,10829,7396,5378,4270,3282,27821,1,1,1,1
22.4000,8623,1,1,95431,1,182668,0.522432,2,121,201,201,641255,27.52172,0.00113,2.37982,0.00406,0,1,3,20.102460,19.480521,19.480521,-0.019329,-0.018981,14.942116,13801,0.001270,0.074245,75782,31012,16993,10764,7315,5458,4114,3298,27931,1,1,1,1
23.0000,8623,1,1,97041,1,186172,0.521247,2,6,8,41,237111,27.93762,0.00113,2.37982,0.00406,0,1,3,1.720265,1.607796,1.607796,-0.227136,-0.227073,14.734460,8626,0.015411,0.047059,77314,31864,17288,11008,7462,5515,4266,3451,28003,1,1,1,1
23.9000,8623,1,1,99310,0,190565,0.521137,6,2,11,32,609870,28.56140,0.00113,2.37982,0.00406,1,1,3,1.411065,1.000000,1.335358,-0.539012,-0.538972,14.422480,869,0.037370,0.004843,79114,32373,17894,11058,7795,5822,4343,3290,28875,1,1,1,1
22.3500,8635,1,1,95005,1,182423,0.520798,4,3,16,137,13356161,27.48346,0.00269,2.37907,0.00449,0,1,3,1.718533,1.298840,1.298840,-0.002855,-0.002792,14.958706,14251,0.000187,0.076474,75780,30859,16907,10829,7490,5375,4155,3269,27758,1,1,1,1
22.4000,8635,1,1,94986,0,181973,0.521981,1,4,42,42,210559,27.51814,0.00269,2.37907,0.00449,1,1,2,1.414195,1.000000,2.782611,-0.020238,-0.020197,14.941264,13822,0.001352,0.074259,75282,30718,16999,10644,7466,5382,4157,3326,27998,1,1,1,1
23.0000,8635,1,1,96686,0,185420,0.521446,1,73,73,73,7697922,27.93403,0.00269,2.37907,0.00449,1,1,2,1.027449,1.000000,2.118039,-0.228165,-0.228162,14.733376,8638,0.015486,0.047062,76915,31198,17419,10906,7573,5488,4246,3379,28295,1,1,1,1
23.9000,8635,1,1,99105,1,190537,0.520138,2,15,255,255,4065726,28.55782,0.00269,2.37907,0.00449,0,1,3,10.959808,7.841996,7.841996,-0.540138,-0.539861,14.421679,869,0.037434,0.004837,79150,32378,17652,11271,7713,5655,4319,3512,28886,1,1,1,1
22.3500,8647,1,1,95627,1,183662,0.520671,3,2,12,29,2894008,27.48834,0.00128,2.38003,0.00444,0,1,3,1.502390,1.219997,1.219997,-0.001098,-0.001051,14.960462,14270,0.000070,0.076461,76282,31201,17247,10692,7542,5533,4292,3355,27517,1,1,1,1
22.4000,8647,1,1,95688,0,183193,0.522337,1,3,25,59,160677,27.52297,0.00128,2.38003,0.00444,1,1,3,1.205338,1.000000,1.027404,-0.018400,-0.018378,14.942973,13837,0.001230,0.074228,76176,31048,16910,10805,7496,5416,4174,3313,27854,1,1,1,1
23.0000,8647,1,1,97005,1,186337,0.520592,11,2,22,192,440620,27.93892,0.00128,2.38003,0.00444,0,1,3,1.805250,1.437618,1.437618,-0.226401,-0.226332,14.734835,8649,0.015360,0.047052,77002,31710,17600,11082,7480,5699,4212,3410,28141,1,1,1,1
23.9000,8647,1,1,99056,0,190630,0.519627,1,3,8,233,202164,28.56273,0.00128,2.38003,0.00444,1,0,2,1.355421,1.000000,1.785750,-0.538317,-0.538282,14.423209,866,0.037321,0.004813,78994,32315,17774,11359,7558,5807,4390,3441,28991,1,1,1,1
22.3500,8659,1,1,95341,1,183043,0.520870,2,7,11,103,448288,27.48726,0.00186,2.38608,0.00585,0,1,3,3.330738,2.865584,2.865584,-0.001382,-0.001243,14.960285,14287,0.000083,0.076447,76000,31107,16985,10752,7519,5429,4165,3215,27870,1,1,1,1
22.4000,8659,1,1,95829,1,183916,0.521050,3,21,47,258,1720360,27.52192,0.00186,2.38608,0.00585,0,1,3,2.110639,1.496927,1.190845,-0.018662,-0.018576,14.942894,13854,0.001243,0.074216,76616,31219,16864,11031,7484,5440,4171,3292,27798,1,1,1,1
23.0000,8659,1,1,96962,0,186431,0.520099,6,2,5089,5089,224373,27.93786,0.00186,2.38608,0.00585,1,1,3,1.374532,1.000000,1.231154,-0.226632,-0.226595,14.734834,8658,0.015378,0.047036,77196,31893,17452,11023,7500,5513,4354,3284,28215,1,1,1,1
23.9000,8659,1,1,99836,0,191245,0.522035,1,1,383,383,101443,28.56168,0.00186,2.38608,0.00585,1,1,3,1.402768,1.000000,1.029742,-0.538529,-0.538490,14.422955,865,0.037336,0.004801,79696,32441,17812,11241,7721,5678,4400,3280,28975,1,1,1,1
22.3500,8671,1,1,95898,0,183841,0.521638,1,6,6,149,331040,27.48636,0.00120,2.38425,0.00581,1,1,2,1.241516,1.000000,1.998576,-0.002128,-0.002103,14.959268,14309,0.000141,0.076464,76387,31186,17223,10974,7251,5549,4120,3303,27847,1,1,1,1
22.4000,8671,1,1,96079,1,183840,0.522626,1,2,8,59,111749,27.52105,0.00120,2.38425,0.00581,0,1,3,1.334758,1.065012,1.065012,-0.019438,-0.019405,14.942105,13874,0.001299,0.074224,76532,30816,17190,10842,7632,5637,4159,3305,27726,1,1,1,1
23.0000,8671,1,1,97564,0,186555,0.522980,34,9,34,34,3372326,27.93697,0.00120,2.38425,0.00581,1,1,2,1.242724,1.000000,2.488571,-0.227447,-0.227422,14.733949,8673,0.015435,0.047055,77467,31353,17558,11087,7629,5502,4366,3388,28204,1,1,1,1
23.9000,8671,1,1,99775,1,191267,0.521656,1,4,117,189,293839,28.56073,0.00120,2.38425,0.00581,0,0,3,2.948792,2.258574,2.258574,-0.539322,-0.539197,14.422202,867,0.037387,0.004806,79504,32342,17831,11258,7875,5613,4349,3481,29013,1,1,1,1
22.3500,8683,1,1,95861,1,183326,0.522902,10,6,49,110,173491,27.48561,0.00112,2.38509,0.00513,0,1,3,2.635559,2.327062,2.327062,-0.002615,-0.002503,14.959030,14330,0.000167,0.076471,76150,30925,16993,10863,7442,5415,4185,3206,28146,1,1,1,1
22.4000,8683,1,1,95884,0,184147,0.520696,1,5,9,12,1142117,27.52026,0.00112,2.38509,0.00513,1,1,3,1.163669,1.000000,1.094252,-0.019894,-0.019877,14.941450,13896,0.001330,0.074243,76619,31168,17162,10891,7481,5385,4280,3301,27859,1,1,1,1
23.0000,8683,1,1,97637,1,187087,0.521883,1,12,12,147,209316,27.93616,0.00112,2.38509,0.00513,0,1,3,8.048402,6.347255,6.347255,-0.227948,-0.227708,14.733510,8686,0.015455,0.047062,77550,32071,17312,10975,7641,5444,4194,3404,28495,1,1,1,1
23.9000,8683,1,1,99701,1,191430,0.520825,1,2,9,178,102559,28.55994,0.00112,2.38509,0.00513,0,1,3,1.545036,1.092546,1.066993,-0.539727,-0.539677,14.421786,872,0.037421,0.004827,79296,32380,17843,11285,7788,5839,4402,3457,29139,1,1,1,1
22.3500,8695,1,1,95803,1,183755,0.521366,1,4,482,482,251332,27.48207,0.00241,2.38277,0.00579,0,1,3,3.420904,2.623643,2.623643,-0.003730,-0.003588,14.957753,14346,0.000240,0.076458,76278,31240,17196,10660,7517,5408,4152,3270,28033,1,1,1,1
22.4000,8695,1,1,96054,0,184255,0.521313,7,5,7,26,192662,27.51675,0.00241,2.38277,0.00579,1,1,2,1.412734,1.000000,2.854177,-0.021073,-0.021034,14.940423,13911,0.001408,0.074225,76423,31274,17101,10942,7537,5566,4133,3320,27958,1,1,1,1
23.0000,8695,1,1,97405,1,186846,0.521314,1,68,68,210,168904,27.93264,0.00241,2.38277,0.00579,0,1,3,27.806387,25.218766,25.218766,-0.229143,-0.228760,14.732341,8698,0.015528,0.047066,77791,31588,17251,11142,7435,5561,4150,3365,28562,1,1,1,1
23.9000,8695,1,1,100089,1,192021,0.521243,64,5,64,64,396283,28.55643,0.00241,2.38277,0.00579,0,1,3,3.298206,2.749528,2.749528,-0.540911,-0.540774,14.420130,869,0.037501,0.004804,79533,32728,17927,11445,7698,5723,4418,3498,29050,1,1,1,1
22.3500,8707,1,1,96110,0,184193,0.521792,2,2,14,30,4646399,27.48566,0.00163,2.38040,0.00389,1,0,3,1.325394,1.000000,1.082482,-0.002257,-0.002224,14.959274,14373,0.000149,0.076488,76001,31653,17237,10779,7578,5558,4247,3271,27868,1,1,1,1
22.4000,8707,1,1,96068,0,183953,0.522245,3,35,35,35,208304,27.52029,0.00163,2.38040,0.00389,1,1,2,1.360933,1.000000,15.289319,-0.019723,-0.019688,14.941803,13937,0.001318,0.074255,76439,30919,17116,10818,7500,5510,4238,3257,28155,1,1,1,1
23.0000,8707,1,1,97151,1,186222,0.521697,7,5,7,259,181641,27.93624,0.00163,2.38040,0.00389,0,1,3,3.578812,2.796021,2.796021,-0.227601,-0.227454,14.734071,8712,0.015437,0.047071,76701,31635,17343,10933,7667,5591,4351,3315,28685,1,1,1,1
23.9000,8707,1,1,99993,1,191995,0.520813,6,2,12,798,270118,28.56005,0.00163,2.38040,0.00389,0,1,3,1.645360,1.191137,1.191137,-0.539457,-0.539400,14.422130,877,0.037401,0.004841,79605,32703,17847,11182,7922,5712,4364,3408,29251,1,1,1,1
22.3500,8719,1,1,96128,0,183946,0.522591,1,50,120,120,1554760,27.48658,0.00252,2.39091,0.00549,1,1,2,1.052763,1.000000,2.819419,-0.001388,-0.001382,14.960153,14389,0.000092,0.076463,76166,31458,17083,10958,7280,5439,4242,3319,28000,1,1,1,1
22.4000,8719,1,1,96372,0,184457,0.522466,2,9,9,21,247798,27.52124,0.00252,2.39091,0.00549,1,0,2,1.209414,1.000000,2.320332,-0.018708,-0.018686,14.942831,13955,0.001251,0.074243,76674,31156,17264,10664,7520,5558,4234,3259,28127,1,1,1,1
23.0000,8719,1,1,97700,0,187701,0.520511,1,2,171,171,728340,27.93718,0.00252,2.39091,0.00549,1,1,2,1.413885,1.000000,1.509740,-0.226649,-0.226610,14.734855,8720,0.015379,0.047047,78087,31840,17341,10897,7705,5724,4316,3313,28477,1,1,1,1
23.9000,8719,1,1,99819,1,192366,0.518904,1,25,25,25,646516,28.56100,0.00252,2.39091,0.00549,0,1,3,6.998413,6.348080,6.348080,-0.538646,-0.538423,14.422836,874,0.037331,0.004817,80147,32417,17881,11339,7787,5815,4306,3407,29266,1,1,1,1
22.3500,8731,1,1,96702,0,184933,0.522906,3,2,11,50,9108998,27.48234,0.00367,2.38879,0.00452,1,1,2,1.387244,1.000000,1.525490,-0.002884,-0.002847,14.958637,14410,0.000190,0.076477,77080,31208,17315,10811,7475,5593,4280,3261,27909,1,1,1,1
22.4000,8731,1,1,96402,0,184887,0.521413,2,8,9,23,453192,27.51703,0.00367,2.38879,0.00452,1,0,2,1.131378,1.000000,1.255937,-0.020220,-0.020206,14.941321,13973,0.001352,0.074244,76592,31396,17172,10860,7671,5567,4232,3293,28103,1,1,1,1
23.0000,8731,1,1,98259,1,188390,0.521575,2,3,8,18,332106,27.93295,0.00367,2.38879,0.00452,0,1,3,2.866404,2.072293,2.072293,-0.228210,-0.228089,14.733427,8734,0.015481,0.047062,77973,32135,17854,11087,7703,5736,4309,3227,28365,1,1,1,1
23.9000,8731,1,1,100551,1,193184,0.520496,99,2,343,1024,2507880,28.55672,0.00367,2.38879,0.00452,0,0,3,1.088931,1.079874,1.079874,-0.540047,-0.540037,14.420957,880,0.037448,0.004845,80253,32957,18121,11240,7879,5823,4368,3516,29026,1,1,1,1
22.3500,8743,1,1,96659,1,184991,0.522509,1,5,13,486,321169,27.47997,0.00382,2.39177,0.00400,0,1,3,1.577616,1.183778,1.183778,-0.004041,-0.003989,14.957509,14425,0.000267,0.076458,76720,31541,17170,10900,7649,5553,4069,3288,28100,1,1,1,1
22.4000,8743,1,1,96506,0,184920,0.521883,2,3,64,159,1070279,27.51461,0.00382,2.39177,0.00400,1,0,3,1.257269,1.000000,1.204378,-0.021367,-0.021341,14.940170,13988,0.001428,0.074228,76412,31608,17288,10975,7597,5559,4133,3314,28033,1,1,1,1
23.0000,8743,1,1,98238,0,188419,0.521383,7,10,15,183,96768,27.93052,0.00382,2.39177,0.00400,1,1,2,1.410350,1.000000,5.443515,-0.229405,-0.229366,14.732088,8742,0.015569,0.047045,78357,32081,17452,11056,7525,5595,4383,3366,28603,1,1,1,1
23.9000,8743,1,1,100413,1,193296,0.519481,1,1,15,45,412154,28.55429,0.00382,2.39177,0.00400,0,0,3,1.730883,1.229249,1.229249,-0.541208,-0.541145,14.420306,874,0.037527,0.004805,80968,32617,17751,11287,7858,5717,4267,3444,29386,1,1,1,1
22.3500,8755,1,1,96776,0,185511,0.521675,3,3,41,132,734716,27.47683,0.00306,2.38625,0.00386,1,1,2,1.406067,1.000000,1.778699,-0.006003,-0.005965,14.955486,14448,0.000399,0.076485,77165,31678,17299,10860,7575,5398,4163,3254,28118,1,1,1,1
22.4000,8755,1,1,96960,0,186039,0.521184,2,6,7,105,130581,27.51150,0.00306,2.38625,0.00386,1,1,2,1.209323,1.000000,1.533755,-0.023334,-0.023312,14.938045,14009,0.001561,0.074248,77265,31979,17251,10937,7526,5597,4203,3343,27937,1,1,1,1
23.0000,8755,1,1,98171,1,187872,0.522545,4,137,137,464,102026,27.92739,0.00306,2.38625,0.00386,0,1,3,1.392433,1.091544,1.091544,-0.231255,-0.231217,14.730290,8756,0.015697,0.047061,77768,31923,17426,11088,7803,5601,4178,3344,28740,1,1,1,1
23.9000,8755,1,1,100103,1,192668,0.519565,2,8,30,92,258408,28.55118,0.00306,2.38625,0.00386,0,1,3,3.584969,3.129227,3.129227,-0.543215,-0.543069,14.418213,877,0.037665,0.004816,79783,32884,17928,11238,8015,5658,4301,3374,29486,1,1,1,1
22.3500,8767,1,1,96719,1,185152,0.522379,1,1,18,290,325847,27.48088,0.00204,2.38146,0.00423,0,1,3,1.498882,1.060284,1.060284,-0.004430,-0.004384,14.957076,14463,0.000293,0.076452,76804,31329,17203,10976,7497,5477,4298,3388,28179,1,1,1,1
22.4000,8767,1,1,96875,1,185441,0.522406,1,68,68,68,258485,27.51551,0.00204,2.38146,0.00423,0,1,3,4.805004,4.074376,4.055330,-0.021826,-0.021647,14.939692,14025,0.001449,0.074223,77122,31266,17096,10924,7560,5480,4202,3376,28414,1,1,1,1
23.0000,8767,1,1,98449,1,188697,0.521733,6,4,7,33,172552,27.93146,0.00204,2.38146,0.00423,0,1,3,2.893182,2.376702,2.376702,-0.229771,-0.229650,14.731530,8767,0.015589,0.047052,78174,32162,17708,10943,7831,5515,4296,3345,28722,1,1,1,1
23.9000,8767,1,1,100004,0,192657,0.519081,3,9,9,36,367858,28.55527,0.00204,2.38146,0.00423,1,1,2,1.400382,1.000000,4.808134,-0.541716,-0.541678,14.419800,874,0.037565,0.004792,79738,32436,18038,11294,7871,5851,4450,3461,29517,1,1,1,1
22.3500,8779,1,1,96916,0,185741,0.521783,1,1,17,17,132097,27.47835,0.00286,2.38220,0.00439,1,0,3,1.401492,1.000000,1.373583,-0.005294,-0.005255,14.956223,14490,0.000351,0.076494,77401,31485,17184,10763,7463,5539,4191,3444,28270,1,1,1,1
22.4000,8779,1,1,96656,0,186071,0.519460,1,6,12,89,463443,27.51301,0.00286,2.38220,0.00439,1,1,2,1.412562,1.000000,3.372295,-0.022676,-0.022637,14.938821,14049,0.001515,0.074252,77203,31740,17292,10871,7571,5569,4227,3317,28280,1,1,1,1
23.0000,8779,1,1,98582,0,188934,0.521783,5,39,49,60,1115443,27.92894,0.00286,2.38220,0.00439,1,1,2,1.413961,1.000000,19.589088,-0.230744,-0.230704,14.730761,8780,0.015661,0.047060,78387,32080,17571,11195,7547,5598,4313,3478,28764,1,1,1,1
23.9000,8779,1,1,100957,1,193767,0.521025,9,6,13,21,395189,28.55277,0.00286,2.38220,0.00439,0,1,3,4.367253,3.152790,3.152790,-0.542552,-0.542384,14.419155,879,0.037616,0.004813,80488,32988,17888,11309,7951,5865,4401,3558,29318,1,1,1,1
22.3500,8791,1,1,97276,0,186110,0.522683,5,694,694,694,30456824,27.47756,0.00411,2.37980,0.00485,1,1,2,1.003971,1.000000,2.766210,-0.005082,-0.005082,14.955832,14509,0.000340,0.076492,77053,31823,17424,11001,7621,5543,4129,3334,28181,1,1,1,1
22.4000,8791,1,1,96915,1,186386,0.519972,3,2,10,31,153263,27.51226,0.00411,2.37980,0.00485,0,1,3,1.466702,1.160956,1.160956,-0.022378,-0.022335,14.939175,14072,0.001495,0.074271,77381,31815,17510,10736,7508,5631,4157,3277,28370,1,1,1,1
23.0000,8791,1,1,98636,0,189226,0.521263,4,6,9,22,236553,27.92818,0.00411,2.37980,0.00485,1,1,2,1.372494,1.000000,2.948435,-0.230392,-0.230356,14.731076,8796,0.015637,0.047080,78835,31995,17474,11034,7791,5576,4310,3353,28857,1,1,1,1
23.9000,8791,1,1,100881,1,193787,0.520579,1,2,51,250,1083639,28.55194,0.00411,2.37980,0.00485,0,0,3,2.122380,1.563175,1.563175,-0.542236,-0.542150,14.419274,885,0.037599,0.004839,80180,33274,18185,11278,7850,5780,4403,3376,29460,1,1,1,1
22.3500,8803,1,1,97221,1,186512,0.521261,1,1,5,20,197497,27.48185,0.00134,2.38780,0.00435,0,0,3,1.650467,1.271273,1.271273,-0.004342,-0.004285,14.957115,14527,0.000286,0.076476,77437,31750,17204,11012,7665,5456,4365,3332,28290,1,1,1,1
22.4000,8803,1,1,96883,1,185668,0.521811,1,67,67,67,1054749,27.51650,0.00134,2.38780,0.00435,0,1,3,19.199089,17.910827,17.910827,-0.021818,-0.021482,14.939701,14087,0.001438,0.074246,76901,31600,17016,11014,7545,5536,4203,3365,28487,1,1,1,1
23.0000,8803,1,1,99229,1,189690,0.523114,1,3,23,23,45292,27.93240,0.00134,2.38780,0.00435,0,1,3,1.862324,1.316873,1.194107,-0.229613,-0.229543,14.731922,8804,0.015581,0.047056,78986,31919,17712,11201,7812,5556,4320,3403,28780,1,1,1,1
23.9000,8803,1,1,101120,0,194164,0.520800,2,5,17,57,211653,28.55618,0.00134,2.38780,0.00435,1,1,2,1.355536,1.000000,2.302284,-0.541542,-0.541507,14.419917,882,0.037553,0.004816,80344,32864,18278,11508,7884,5831,4456,3476,29522,1,1,1,1
22.3500,8815,1,1,97406,0,187175,0.520403,1,1,311,311,425185,27.47996,0.00153,2.38244,0.00450,1,0,3,1.386326,1.000000,1.245962,-0.005176,-0.005139,14.956346,14544,0.000344,0.076465,77913,31917,17470,10977,7577,5608,4222,3289,28201,1,1,1,1
22.4000,8815,1,1,97773,1,186956,0.522976,2,12,12,116,209746,27.51464,0.00153,2.38244,0.00450,0,1,3,2.866579,2.653663,2.653663,-0.022557,-0.022438,14.939096,14104,0.001502,0.074237,77581,32069,17371,10962,7499,5473,4271,3353,28376,1,1,1,1
23.0000,8815,1,1,98788,0,189722,0.520701,7,9,9,57,227054,27.93053,0.00153,2.38244,0.00450,1,0,2,1.118365,1.000000,1.180906,-0.230456,-0.230443,14.731086,8814,0.015643,0.047048,78771,32479,17539,11172,7637,5626,4204,3408,28885,1,1,1,1
23.9000,8815,1,1,101235,1,194460,0.520598,5,3,227,227,98556,28.55432,0.00153,2.38244,0.00450,0,0,3,1.489615,1.344602,1.344602,-0.542357,-0.542312,14.418973,881,0.037611,0.004804,80712,33122,17981,11356,7905,5758,4462,3460,29703,1,1,1,1
22.3500,8827,1,1,97447,1,186754,0.521796,1,33,33,33,273497,27.47782,0.00230,2.38612,0.00434,0,1,3,12.743923,11.478098,11.478098,-0.005972,-0.005684,14.955852,14564,0.000380,0.076468,77739,31811,17265,10753,7659,5630,4228,3342,28326,1,1,1,1
22.4000,8827,1,1,97193,1,186420,0.521369,1,10,48,75,83875,27.51245,0.00230,2.38612,0.00434,0,1,3,4.762766,4.093908,4.093908,-0.023228,-0.023052,14.938247,14124,0.001543,0.074246,77314,31679,17239,10950,7709,5602,4211,3278,28437,1,1,1,1
23.0000,8827,1,1,98989,1,189752,0.521678,1,8,20,91,306531,27.92840,0.00230,2.38612,0.00434,0,1,3,4.711824,3.872893,3.872893,-0.231201,-0.231025,14.730267,8826,0.015684,0.047051,78900,32182,17745,11145,7522,5538,4263,3325,29131,1,1,1,1
23.9000,8827,1,1,101337,1,194705,0.520467,1,3,11,106,66301,28.55221,0.00230,2.38612,0.00434,0,1,3,2.558225,2.019190,2.019190,-0.543068,-0.542961,14.418556,882,0.037657,0.004804,80934,33000,17972,11590,7925,5807,4439,3438,29599,1,1,1,1
22.3500,8839,1,1,97877,1,186947,0.523558,1,37,37,38,63730,27.47958,0.00168,2.39107,0.00413,0,1,3,10.962401,10.181961,10.181961,-0.005376,-0.005105,14.956095,14588,0.000341,0.076489,77594,31640,17503,11138,7578,5505,4140,3326,28522,1,1,1,1
22.4000,8839,1,1,97580,0,187151,0.521400,17,1,17,30,197250,27.51424,0.00168,2.39107,0.00413,1,1,3,1.410787,1.000000,1.000621,-0.022574,-0.022535,14.938937,14142,0.001508,0.074236,77405,32026,17645,10970,7574,5588,4271,3324,28347,1,1,1,1
23.0000,8839,1,1,99435,1,190117,0.523023,7,14,14,23,350627,27.93018,0.00168,2.39107,0.00413,0,1,3,7.075317,6.167456,6.167456,-0.230646,-0.230424,14.730654,8838,0.015643,0.047049,78971,32302,17606,11153,7699,5617,4325,3412,29031,1,1,1,1
23.9000,8839,1,1,101844,0,195203,0.521736,1,10,276,276,185996,28.55400,0.00168,2.39107,0.00413,1,1,2,1.311216,1.000000,4.240479,-0.542537,-0.542506,14.418997,884,0.037624,0.004808,80935,33552,18084,11474,7900,5698,4432,3532,29595,1,1,1,1
22.3500,8851,1,1,97826,0,187215,0.522536,1,14,413,413,2208922,27.48206,0.00269,2.39305,0.00403,1,1,2,1.267242,1.000000,4.435431,-0.003569,-0.003542,14.957845,14607,0.000237,0.076476,77842,31664,17367,11062,7659,5641,4203,3424,28352,1,1,1,1
22.4000,8851,1,1,97719,1,187414,0.521410,1,9,9,65,464050,27.51675,0.00269,2.39305,0.00403,0,0,3,2.060870,1.623978,1.623978,-0.020858,-0.020776,14.940612,14160,0.001391,0.074221,77819,31613,17537,11047,7800,5592,4145,3267,28593,1,1,1,1
23.0000,8851,1,1,99135,1,190216,0.521173,4,8,8,27,13235493,27.93267,0.00269,2.39305,0.00403,0,1,3,1.273725,1.021869,1.021869,-0.228792,-0.228764,14.732749,8848,0.015528,0.047032,78665,32317,17864,11215,7767,5583,4468,3413,28923,1,1,1,1
23.9000,8851,1,1,101927,1,195029,0.522628,1,2,32,32,4506898,28.55643,0.00269,2.39305,0.00403,0,1,3,1.610684,1.149275,1.032463,-0.540670,-0.540616,14.420863,885,0.037488,0.004806,80977,32956,18155,11554,7911,5820,4412,3514,29729,1,1,1,1
22.3500,8863,1,1,97753,1,186704,0.523575,1,45,45,45,3051181151,27.48574,0.00168,2.39965,0.00483,0,1,3,3.812140,3.389450,3.389450,-0.002283,-0.002132,14.959397,14619,0.000143,0.076427,77510,31717,17118,10805,7541,5663,4209,3478,28662,1,1,1,1
22.4000,8863,1,1,97840,0,187535,0.521719,6,7,48,260,65794,27.52039,0.00168,2.39965,0.00483,1,1,2,1.356740,1.000000,3.424059,-0.019606,-0.019572,14.941854,14176,0.001310,0.074198,77752,31969,17211,11151,7689,5569,4267,3324,28602,1,1,1,1
23.0000,8863,1,1,99166,0,190500,0.520559,15,2,15,30,1222578,27.93629,0.00168,2.39965,0.00483,1,1,3,1.414170,1.000000,1.442012,-0.227508,-0.227469,14.733996,8858,0.015438,0.047018,78889,32219,17887,11120,7832,5718,4356,3440,29038,1,1,1,1
23.9000,8863,1,1,102139,1,195459,0.522562,1,11,18,183,172638,28.56007,0.00168,2.39965,0.00483,0,1,3,1.199654,1.108533,1.108533,-0.539383,-0.539363,14.422171,883,0.037398,0.004788,80803,33408,18408,11618,8018,5683,4448,3429,29643,1,1,1,1
22.3500,8875,1,1,97807,1,187566,0.521457,2,5,5,92,554168,27.48483,0.00196,2.38650,0.00392,0,0,3,1.451333,1.121793,1.121793,-0.002517,-0.002475,14.958925,14653,0.000165,0.076504,77767,32138,17345,11092,7523,5485,4323,3271,28621,1,1,1,1
22.4000,8875,1,1,98019,1,187817,0.521888,1,18,18,78,1333280,27.51951,0.00196,2.38650,0.00392,0,1,3,6.586653,5.844691,5.844691,-0.019949,-0.019736,14.941546,14209,0.001321,0.074272,77987,32016,17358,11084,7633,5571,4201,3381,28585,1,1,1,1
23.0000,8875,1,1,99168,0,190386,0.520881,3,15,15,79,170668,27.93540,0.00196,2.38650,0.00392,1,1,2,1.348226,1.000000,6.624385,-0.227900,-0.227866,14.733556,8884,0.015466,0.047093,78757,32459,17582,11245,7656,5691,4365,3448,29182,1,1,1,1
23.9000,8875,1,1,101908,0,196001,0.519939,2,3,15,683,1111585,28.55919,0.00196,2.38650,0.00392,1,1,2,1.396754,1.000000,1.974697,-0.539729,-0.539691,14.421791,897,0.037422,0.004858,81140,33720,18234,11266,8033,5902,4507,3540,29658,1,1,1,1
22.3500,8887,1,1,98216,0,187848,0.522851,1,7,11,74,158056,27.48267,0.00147,2.39771,0.00505,1,1,2,1.133373,1.000000,1.257248,-0.003828,-0.003814,14.957497,14669,0.000255,0.076491,77978,32200,17620,10870,7436,5547,4260,3292,28644,1,1,1,1
22.4000,8887,1,1,98246,0,188150,0.522171,5,5,58,73,101960341,27.51730,0.00147,2.39771,0.00505,1,1,2,1.414211,1.000000,2.889007,-0.021193,-0.021154,14.940311,14227,0.001416,0.074272,77927,31985,17684,11112,7596,5694,4245,3384,28522,1,1,1,1
23.0000,8887,1,1,99835,1,191126,0.522354,1,19,19,124,2336883,27.93325,0.00147,2.39771,0.00505,0,0,3,4.648145,4.072941,4.072941,-0.229188,-0.229015,14.732303,8892,0.015545,0.047076,79549,32419,17680,11089,7833,5782,4300,3528,28945,1,1,1,1
23.9000,8887,1,1,102100,0,195589,0.522016,1,2,7,151,670077,28.55706,0.00147,2.39771,0.00505,1,1,2,1.408194,1.000000,1.653782,-0.541041,-0.541003,14.420473,895,0.037516,0.004841,80844,33282,18205,11676,8090,5849,4381,3503,29758,1,1,1,1
22.3500,8899,1,1,98105,1,188167,0.521375,1,17,83,83,641509,27.48205,0.00176,2.38948,0.00386,0,1,3,2.374909,1.731317,1.571730,-0.003993,-0.003896,14.957537,14689,0.000260,0.076492,78429,31953,17345,11048,7557,5552,4168,3408,28706,1,1,1,1
22.4000,8899,1,1,98258,0,188075,0.522443,6,4,11,18,10099227,27.51672,0.00176,2.38948,0.00386,1,1,2,1.312852,1.000000,1.661334,-0.021325,-0.021294,14.940209,14250,0.001425,0.074292,77753,31940,17602,11067,7742,5586,4217,3516,28651,1,1,1,1
23.0000,8899,1,1,99814,0,191266,0.521862,1,2,9,47,1164536,27.93265,0.00176,2.38948,0.00386,1,1,2,1.373199,1.000000,1.530903,-0.229287,-0.229252,14.732182,8904,0.015561,0.047076,79337,32461,17707,11209,7714,5669,4405,3513,29250,1,1,1,1
23.9000,8899,1,1,101953,1,196006,0.520155,2,3,18,236,222365,28.55648,0.00176,2.38948,0.00386,0,0,3,1.808518,1.497484,1.497484,-0.541200,-0.541133,14.420227,898,0.037526,0.004851,81237,33526,18139,11394,7952,5871,4533,3553,29800,1,1,1,1
22.3500,8911,1,1,98210,0,188473,0.521085,1,2,109,109,2738022,27.48099,0.00212,2.38286,0.00550,1,1,3,1.207629,1.000000,1.047723,-0.004301,-0.004280,14.957047,14705,0.000286,0.076475,78390,31913,17476,11250,7554,5529,4237,3422,28701,1,1,1,1
22.4000,8911,1,1,98350,0,188688,0.521234,1,3,73,161,1099200,27.51569,0.00212,2.38286,0.00550,1,1,2,1.412815,1.000000,1.974112,-0.021688,-0.021649,14.939822,14259,0.001449,0.074241,78218,32194,17572,11173,7640,5572,4421,3271,28626,1,1,1,1
23.0000,8911,1,1,100323,1,192185,0.522015,1,9,505,505,515770,27.93161,0.00212,2.38286,0.00550,0,1,3,2.006754,1.591109,1.591109,-0.229635,-0.229557,14.731955,8912,0.015582,0.047056,79897,32650,17916,11226,8106,5767,4239,3385,28998,1,1,1,1
23.9000,8911,1,1,102738,0,196782,0.522093,27,4,27,89,455933,28.55537,0.00212,2.38286,0.00550,1,0,2,1.262375,1.000000,1.317887,-0.541504,-0.541478,14.420034,893,0.037550,0.004817,81755,33370,18379,11723,7987,5705,4406,3554,29902,1,1,1,1
22.3500,8923,1,1,98417,1,188197,0.522949,1,3,19,21,415927,27.47629,0.00134,2.38221,0.00467,0,1,3,2.509433,1.840580,1.840580,-0.007139,-0.007036,14.954315,14728,0.000471,0.076505,77656,32152,17745,10893,7556,5582,4377,3432,28803,1,1,1,1
22.4000,8923,1,1,98825,1,189230,0.522251,2,39,39,166,326591,27.51094,0.00134,2.38221,0.00467,0,1,3,7.242527,6.792689,6.792689,-0.024535,-0.024313,14.937224,14282,0.001628,0.074273,78658,32059,17776,11077,7696,5586,4275,3317,28785,1,1,1,1
23.0000,8923,1,1,100472,0,192179,0.522807,1,62,62,62,669984,27.92684,0.00134,2.38221,0.00467,1,1,2,1.027764,1.000000,1.822381,-0.232412,-0.232409,14.728732,8928,0.015779,0.047087,80051,32534,17921,11303,7670,5633,4270,3455,29341,1,1,1,1
23.9000,8923,1,1,102110,0,196782,0.518902,1,15,38,111,131604,28.55062,0.00134,2.38221,0.00467,1,1,2,1.295457,1.000000,5.486279,-0.544364,-0.544335,14.417066,898,0.037756,0.004839,82032,33305,18250,11477,8137,5895,4338,3511,29836,1,1,1,1
22.3500,8935,1,1,98740,0,189082,0.522210,2,32,32,118,835097,27.47680,0.00116,2.37192,0.00528,1,0,2,1.083404,1.000000,2.840765,-0.006981,-0.006972,14.954563,14744,0.000466,0.076484,78448,32353,17448,11139,7676,5659,4252,3399,28707,1,1,1,1
22.4000,8935,1,1,98777,1,189096,0.522367,18,2,18,19,100229,27.51148,0.00116,2.37192,0.00528,0,1,3,1.697631,1.342521,1.342521,-0.024274,-0.024215,14.937297,14297,0.001621,0.074251,78460,32002,17682,11229,7712,5572,4210,3334,28894,1,1,1,1
23.0000,8935,1,1,100348,0,192551,0.521153,12,150,150,150,154010,27.92737,0.00116,2.37192,0.00528,1,1,2,1.073404,1.000000,11.425989,-0.232341,-0.232333,14.728915,8938,0.015774,0.047076,80036,32742,17744,11406,7910,5751,4205,3490,29266,1,1,1,1
23.9000,8935,1,1,102750,0,197573,0.520064,6,10,10,224,289270,28.55116,0.00116,2.37192,0.00528,1,1,2,1.285233,1.000000,3.537740,-0.544172,-0.544144,14.417364,895,0.037742,0.004816,82072,33968,18518,11549,7996,5850,4345,3549,29725,1,1,1,1
22.3500,8947,1,1,98789,1,189189,0.522174,1,26,26,72,437044,27.48330,0.00116,2.36961,0.00459,0,1,3,2.821149,2.115233,1.981046,-0.003697,-0.003581,14.957837,14764,0.000239,0.076469,78048,32390,17503,11346,7734,5619,4358,3427,28763,1,1,1,1
22.4000,8947,1,1,98840,0,189260,0.522247,1,2,15,75,1244503,27.51793,0.00116,2.36961,0.00459,1,0,3,1.305235,1.000000,1.189045,-0.020982,-0.020953,14.940553,14317,0.001402,0.074239,78441,32148,17565,11157,7668,5653,4235,3432,28960,1,1,1,1
23.0000,8947,1,1,100293,1,192568,0.520821,2,262,262,262,147305,27.93388,0.00116,2.36961,0.00459,0,1,3,42.153458,40.901618,40.901618,-0.229157,-0.228739,14.732803,8948,0.015526,0.047053,79696,32909,17823,11374,7828,5729,4438,3565,29205,1,1,1,1
23.9000,8947,1,1,102887,1,197347,0.521353,1,263,419,419,3289132,28.55769,0.00116,2.36961,0.00459,0,1,3,73.679263,70.163015,70.163015,-0.541092,-0.540611,14.420448,896,0.037489,0.004814,81727,33644,18622,11609,8040,5808,4471,3500,29925,1,1,1,1
22.3500,8959,1,1,98378,0,189102,0.520241,1,15,15,78,561863,27.47880,0.00116,2.37197,0.00517,1,1,2,1.271353,1.000000,5.104081,-0.005984,-0.005957,14.955554,14781,0.000398,0.076466,78169,32306,17597,11257,7478,5600,4337,3321,29036,1,1,1,1
22.4000,8959,1,1,99116,0,189800,0.522216,6,2,43,43,344202,27.51346,0.00116,2.37197,0.00517,1,0,3,1.357203,1.000000,1.202185,-0.023229,-0.023195,14.938300,14332,0.001553,0.074229,78656,32482,17780,11061,7699,5574,4394,3389,28764,1,1,1,1
23.0000,8959,1,1,100735,1,193128,0.521600,9,4,9,24,258054,27.92940,0.00116,2.37197,0.00517,0,1,3,1.472691,1.245294,1.245294,-0.231203,-0.231160,14.730363,8957,0.015693,0.047045,80061,32950,18005,11534,7727,5787,4439,3439,29185,1,1,1,1
23.9000,8959,1,1,103133,1,197955,0.520995,1,3,3,1214,511310,28.55322,0.00116,2.37197,0.00517,0,0,3,1.809084,1.366020,1.366020,-0.543121,-0.543055,14.418360,894,0.037664,0.004797,82155,33774,18398,11477,8204,5894,4478,3560,30014,1,1,1,1
22.3500,8971,1,1,98968,0,190118,0.520564,1,2,20,42,94742,27.48060,0.00159,2.37290,0.00388,1,1,2,1.373731,1.000000,1.554528,-0.004789,-0.004754,14.956682,14810,0.000318,0.076508,78902,32278,17778,11209,7828,5666,4262,3397,28797,1,1,1,1
22.4000,8971,1,1,98945,1,190334,0.519852,1,4,15,58,6592821,27.51529,0.00159,2.37290,0.00388,0,1,3,3.595807,2.617397,2.617397,-0.022165,-0.022023,14.939506,14360,0.001474,0.074268,78861,32622,17663,11277,7649,5503,4330,3498,28930,1,1,1,1
23.0000,8971,1,1,100872,0,193219,0.522063,4,3,1118,1118,294328,27.93121,0.00159,2.37290,0.00388,1,1,3,1.251138,1.000000,1.062271,-0.230074,-0.230049,14.731334,8976,0.015616,0.047079,80053,32736,18100,11419,7969,5862,4392,3475,29212,1,1,1,1
23.9000,8971,1,1,102593,1,198024,0.518086,2,4,24,24,337690,28.55497,0.00159,2.37290,0.00388,0,1,3,2.676178,2.181369,2.181369,-0.541996,-0.541887,14.419437,904,0.037580,0.004844,82193,33749,18563,11443,8150,5842,4435,3580,30068,1,1,1,1
22.3500,8983,1,1,99324,0,189607,0.523844,1,2,27,66,198990,27.48480,0.00116,2.37700,0.00355,1,1,2,1.394934,1.000000,1.469575,-0.002959,-0.002922,14.958525,14825,0.000195,0.076473,78360,32297,17523,11376,7754,5678,4273,3361,28984,1,1,1,1
22.4000,8983,1,1,99154,0,190458,0.520611,2,3503,3503,3503,1869654,27.51945,0.00116,2.37700,0.00355,1,1,2,1.110258,1.000000,407.605441,-0.020596,-0.020584,14.940948,14377,0.001378,0.074250,79472,32184,17445,11242,7824,5560,4353,3398,28979,1,1,1,1
23.0000,8983,1,1,100706,0,193208,0.521234,2,7,41,1223,375382,27.93535,0.00116,2.37700,0.00355,1,1,2,1.146051,1.000000,1.359094,-0.228227,-0.228212,14.733113,8986,0.015490,0.047063,80259,32679,17783,11450,7807,5820,4400,3475,29534,1,1,1,1
23.9000,8983,1,1,103063,1,198462,0.519311,1,3,6,504,656926,28.55913,0.00116,2.37700,0.00355,0,1,3,1.342653,1.106499,1.106499,-0.540108,-0.540075,14.421444,903,0.037449,0.004832,82777,33612,18229,11582,8120,5849,4512,3482,30298,1,1,1,1
22.3500,8995,1,1,99400,0,190607,0.521495,1,10,27,27,2555935,27.48415,0.00249,2.38000,0.00381,1,0,2,1.161868,1.000000,1.923901,-0.002621,-0.002604,14.958922,14843,0.000174,0.076462,79170,32482,17838,11227,7692,5699,4291,3431,28776,1,1,1,1
22.4000,8995,1,1,99447,1,190609,0.521736,1,11,11,11,1051617,27.51882,0.00249,2.38000,0.00381,0,1,3,8.374333,6.057481,6.057481,-0.020024,-0.019787,14.941442,14395,0.001324,0.074241,79266,32333,17600,11312,7875,5733,4240,3350,28899,1,1,1,1
23.0000,8995,1,1,100824,0,193378,0.521386,1,33,33,184,159027,27.93471,0.00249,2.38000,0.00381,1,1,2,1.094704,1.000000,3.430094,-0.227936,-0.227926,14.733352,8996,0.015470,0.047051,79833,33048,18185,11479,7830,5810,4439,3430,29323,1,1,1,1
23.9000,8995,1,1,103542,0,198601,0.521360,2,39,39,39,431549,28.55851,0.00249,2.38000,0.00381,1,0,2,1.038649,1.000000,1.625815,-0.539790,-0.539786,14.421754,904,0.037429,0.004830,82384,33570,18569,11812,8073,5981,4469,3604,30138,1,1,1,1
22.3500,9007,1,1,99341,1,190409,0.521727,1,3,36,66,760272,27.48368,0.00115,2.37691,0.00413,0,1,3,1.475975,1.044685,1.003041,-0.003462,-0.003419,14.958054,14863,0.000229,0.076467,78866,32388,18012,11348,7654,5614,4226,3340,28960,1,1,1,1
22.4000,9007,1,1,99460,0,190395,0.522390,1,2,11,367,116818,27.51831,0.00115,2.37691,0.00413,1,0,3,1.298441,1.000000,1.236961,-0.020795,-0.020766,14.940742,14417,0.001390,0.074259,78590,32520,17850,11089,7770,5576,4384,3551,29064,1,1,1,1
23.0000,9007,1,1,101009,1,193508,0.521991,1,30,62,100,494796,27.93426,0.00115,2.37691,0.00413,0,1,3,2.473159,1.862531,1.758994,-0.228789,-0.228688,14.732729,9009,0.015522,0.047059,80092,32923,18043,11436,7950,5731,4297,3497,29538,1,1,1,1
23.9000,9007,1,1,103497,1,198932,0.520266,47,7,49,49,941044,28.55807,0.00115,2.37691,0.00413,0,1,3,2.751344,2.527649,2.527649,-0.540715,-0.540602,14.420394,902,0.037489,0.004814,82385,34036,18558,11816,8030,5954,4501,3556,30095,1,1,1,1
22.3500,9019,1,1,99679,1,190829,0.522350,3,20,120,164,946559,27.48001,0.00115,2.38013,0.00390,0,1,3,8.623911,7.815590,7.815590,-0.005403,-0.005164,14.956381,14883,0.000345,0.076477,79310,32360,17801,11171,7718,5684,4326,3383,29075,1,1,1,1
22.4000,9019,1,1,99517,1,191054,0.520887,1,24,24,95,351638,27.51467,0.00115,2.38013,0.00390,0,1,3,8.995483,8.195743,8.195743,-0.022736,-0.022493,14.939047,14435,0.001506,0.074261,79573,32219,17642,11124,7757,5749,4370,3581,29038,1,1,1,1
23.0000,9019,1,1,101212,0,194270,0.520989,1,2,180,180,2080860,27.93061,0.00115,2.38013,0.00390,1,1,2,1.414179,1.000000,1.593202,-0.230612,-0.230574,14.730893,9020,0.015652,0.047059,80877,32788,18186,11229,8014,5674,4350,3449,29702,1,1,1,1
23.9000,9019,1,1,104031,1,199280,0.522037,19,2,101,101,273168,28.55443,0.00115,2.38013,0.00390,0,1,3,1.529992,1.134360,1.134360,-0.542505,-0.542458,14.419075,903,0.037621,0.004813,82682,33812,18616,11748,8172,6012,4512,3592,30133,1,1,1,1
22.3500,9031,1,1,99695,1,190877,0.522302,1,5,17,18,986197,27.48062,0.00130,2.37089,0.00410,0,1,3,1.911127,1.627531,1.627531,-0.004923,-0.004851,14.956674,14901,0.000324,0.076466,79101,32604,17695,11279,7749,5610,4326,3426,29086,1,1,1,1
22.4000,9031,1,1,99604,0,191144,0.521097,2,12,12,302,506406,27.51531,0.00130,2.37089,0.00410,1,0,2,1.167070,1.000000,2.345907,-0.022289,-0.022272,14.939254,14449,0.001491,0.074233,79273,32632,17654,11213,7785,5714,4272,3429,29171,1,1,1,1
23.0000,9031,1,1,101658,0,195054,0.521181,1,1,14,48,669364,27.93123,0.00130,2.37089,0.00410,1,1,3,1.401454,1.000000,1.073462,-0.230205,-0.230168,14.731285,9030,0.015624,0.047048,81245,33100,18192,11512,7882,5781,4376,3559,29406,1,1,1,1
23.9000,9031,1,1,103761,1,199040,0.521310,4,7,48,61,1271392,28.55499,0.00130,2.37089,0.00410,0,1,3,4.669032,3.631223,3.631223,-0.542154,-0.541984,14.419196,905,0.037588,0.004817,82628,33735,18547,11707,8064,5865,4581,3548,30364,1,1,1,1
22.3500,9043,1,1,99797,1,191830,0.520239,1,3,11,27,188900,27.47199,0.00138,2.35998,0.00402,0,1,3,2.057274,1.709033,1.709033,-0.009259,-0.009180,14.952350,14922,0.000614,0.076495,79756,32615,17860,11250,7810,5849,4426,3381,28882,1,1,1,1
22.4000,9043,1,1,99668,0,191308,0.520985,2,1,41,41,588401,27.50664,0.00138,2.35998,0.00402,1,1,3,1.113451,1.000000,1.003132,-0.026546,-0.026534,14.934999,14468,0.001777,0.074253,79400,32328,17817,11342,7707,5623,4442,3409,29239,1,1,1,1
23.0000,9043,1,1,101504,0,194324,0.522347,5,3,79,79,42056,27.92254,0.00138,2.35998,0.00402,1,1,2,1.323126,1.000000,1.623175,-0.234530,-0.234499,14.727005,9040,0.015923,0.047051,80507,32972,18203,11386,7839,5683,4368,3494,29871,1,1,1,1
23.9000,9043,1,1,103628,0,199334,0.519874,16,2,16,80,390235,28.54632,0.00138,2.35998,0.00402,1,1,3,1.392543,1.000000,1.216805,-0.546402,-0.546365,14.415081,902,0.037902,0.004796,82354,33896,18707,12101,8202,5867,4540,3615,30051,1,1,1,1
22.3500,9055,1,1,99683,1,191451,0.520674,1,1,20,40,931062,27.47341,0.00107,2.36481,0.00508,0,1,3,1.712958,1.322080,1.322080,-0.008674,-0.008615,14.952781,14942,0.000576,0.076493,79227,32724,17561,11430,7916,5716,4375,3417,29084,1,1,1,1
22.4000,9055,1,1,99949,1,191557,0.521774,62,13,62,104,313245,27.50808,0.00107,2.36481,0.00508,0,1,3,4.966095,4.522614,4.522614,-0.026084,-0.025907,14.935633,14491,0.001735,0.074270,79560,32402,17873,11338,7697,5649,4395,3474,29168,1,1,1,1
23.0000,9055,1,1,101772,0,195300,0.521109,1,1,55,55,568833,27.92397,0.00107,2.36481,0.00508,1,1,3,1.414105,1.000000,1.453032,-0.233963,-0.233924,14.727543,9057,0.015883,0.047075,81441,33066,18133,11350,7873,5772,4434,3528,29702,1,1,1,1
23.9000,9055,1,1,104341,1,200777,0.519689,1,4,20,20,767665,28.54776,0.00107,2.36481,0.00508,0,0,3,1.877835,1.422090,1.422090,-0.545861,-0.545792,14.415624,907,0.037861,0.004816,83463,34314,18604,11970,8283,5935,4622,3504,30081,1,1,1,1
22.3500,9067,1,1,99963,1,191774,0.521257,1,157341,157341,157341,218508,27.47426,0.00099,2.36450,0.00526,0,1,3,3626.327405,3624.516594,3624.516594,-0.008712,-0.007808,14.952817,14967,0.000522,0.076520,79978,32344,17903,11190,7808,5560,4302,3525,29163,1,1,1,1
22.4000,9067,1,1,100098,0,192122,0.521015,2,43,202,710,7557650,27.50889,0.00099,2.36450,0.00526,1,1,2,1.034559,1.000000,1.530011,-0.025599,-0.025595,14.935577,14513,0.001714,0.074284,79708,32989,17688,11289,7922,5702,4335,3404,29084,1,1,1,1
23.0000,9067,1,1,102050,0,195448,0.522136,2,8,14,49,241622,27.92484,0.00099,2.36450,0.00526,1,0,2,1.190873,1.000000,1.893214,-0.233586,-0.233566,14.727957,9072,0.015859,0.047089,81063,33139,18476,11425,7819,5791,4507,3567,29660,1,1,1,1
23.9000,9067,1,1,104242,0,200258,0.520541,2,24,122,144,186940,28.54865,0.00099,2.36450,0.00526,1,1,2,1.406627,1.000000,12.233444,-0.545593,-0.545556,14.415924,912,0.037844,0.004836,83051,33933,18669,11717,8448,5937,4477,3565,30460,1,1,1,1
22.3500,9079,1,1,100459,1,192222,0.522622,1,4,28,54,240805,27.48146,0.00107,2.37689,0.00374,0,1,3,1.323507,1.136158,1.136158,-0.004613,-0.004583,14.956944,14982,0.000306,0.076474,79862,32628,18010,11281,7815,5693,4274,3410,29248,1,1,1,1
22.4000,9079,1,1,100184,0,192129,0.521444,4,151,151,151,2286588,27.51612,0.00107,2.37689,0.00374,1,1,2,1.409370,1.000000,74.920616,-0.022175,-0.022137,14.939341,14528,0.001482,0.074244,79766,32415,17712,11380,7842,5696,4451,3556,29310,1,1,1,1
23.0000,9079,1,1,101567,1,195025,0.520792,3,2,13,37,746037,27.93205,0.00107,2.37689,0.00374,0,1,3,1.937042,1.389214,1.389214,-0.229922,-0.229849,14.731637,9080,0.015602,0.047057,80590,33167,18171,11611,8027,5746,4481,3461,29770,1,1,1,1
23.9000,9079,1,1,104561,1,200703,0.520976,1,54,54,238,268320,28.55588,0.00107,2.37689,0.00374,0,1,3,4.169128,3.457815,3.429250,-0.541884,-0.541727,14.419795,909,0.037568,0.004813,83388,33989,18801,11872,8180,6039,4550,3641,30242,1,1,1,1
22.3500,9091,1,1,100275,1,192174,0.521795,1,11,11,31,167221,27.48325,0.00122,2.37621,0.00514,0,1,3,2.120904,1.784878,1.784878,-0.003651,-0.003568,14.957956,15004,0.000239,0.076480,79464,32743,18086,11415,7847,5744,4343,3385,29146,1,1,1,1
22.4000,9091,1,1,100594,0,192843,0.521639,2,101,101,101,844521,27.51794,0.00122,2.37621,0.00514,1,1,2,1.016519,1.000000,1.737533,-0.020994,-0.020993,14.940101,14550,0.001405,0.074255,79904,32700,18171,11329,7897,5724,4512,3563,29042,1,1,1,1
23.0000,9091,1,1,102013,1,195580,0.521595,1,7,103,103,857329,27.93386,0.00122,2.37621,0.00514,0,1,3,4.687936,3.793797,3.793797,-0.228998,-0.228828,14.732705,9096,0.015532,0.047074,80994,33250,18179,11597,7944,5791,4533,3466,29825,1,1,1,1
23.9000,9091,1,1,104684,0,200764,0.521431,1,11,11,14,633340,28.55762,0.00122,2.37621,0.00514,1,1,2,1.223741,1.000000,3.105513,-0.540869,-0.540846,14.420528,913,0.037505,0.004827,83659,33709,18732,11835,8084,6012,4566,3722,30444,1,1,1,1
22.3500,9103,1,1,100144,0,192225,0.520976,1,1,11,1141,1349268,27.48808,0.00122,2.37918,0.00373,1,1,3,1.413633,1.000000,1.245050,-0.001276,-0.001238,14.960229,15019,0.000083,0.076444,79566,32899,17780,11425,7778,5721,4358,3440,29257,1,1,1,1
22.4000,9103,1,1,100749,1,193145,0.521626,1,1,143,210,183215,27.52273,0.00122,2.37918,0.00373,0,0,3,1.450767,1.026114,1.026114,-0.018585,-0.018544,14.942928,14564,0.001241,0.074214,80207,32976,17938,11297,7884,5756,4400,3486,29200,1,1,1,1
23.0000,9103,1,1,102237,1,196321,0.520767,2,90,90,90,62554,27.93863,0.00122,2.37918,0.00373,0,0,3,7.184163,6.744388,6.744388,-0.226644,-0.226428,14.734815,9102,0.015367,0.047036,81581,33222,18182,11591,8161,5990,4440,3529,29624,1,1,1,1
23.9000,9103,1,1,104904,0,201125,0.521589,1,2,16,52,24297695,28.56241,0.00122,2.37918,0.00373,1,1,3,1.296858,1.000000,1.019621,-0.538430,-0.538402,14.423005,910,0.037329,0.004804,83662,34176,18896,11879,7888,5920,4500,3520,30683,1,1,1,1
22.3500,9115,1,1,100808,0,193300,0.521513,1,13,13,16,74937,27.48876,0.00114,2.37812,0.00407,1,0,2,1.199327,1.000000,3.095086,-0.001012,-0.000992,14.960531,15041,0.000066,0.076454,80769,32613,17737,11397,7911,5735,4363,3406,29368,1,1,1,1
22.4000,9115,1,1,100358,0,192439,0.521508,1,30,30,30,226765,27.52343,0.00114,2.37812,0.00407,1,1,2,1.158829,1.000000,5.407986,-0.018381,-0.018364,14.942973,14589,0.001229,0.074243,79373,32558,18175,11398,7897,5709,4409,3444,29475,1,1,1,1
23.0000,9115,1,1,102015,1,196272,0.519766,331,347,347,347,159435,27.93932,0.00114,2.37812,0.00407,0,1,3,235.559293,173.193153,173.193153,-0.226515,-0.225916,14.735630,9118,0.015331,0.047054,81450,33186,18292,11521,7997,5858,4428,3630,29909,1,1,1,1
23.9000,9115,1,1,104400,0,200949,0.519537,2,9,9,14,118559,28.56312,0.00114,2.37812,0.00407,1,1,2,1.318072,1.000000,3.669018,-0.538201,-0.538170,14.423335,913,0.037312,0.004814,83637,33988,18683,11735,8143,5912,4514,3519,30817,1,1,1,1
22.3500,9127,1,1,100674,0,192491,0.523009,1,53,53,64,22122494,27.48435,0.00129,2.38103,0.00449,1,1,2,1.085829,1.000000,4.846740,-0.003148,-0.003139,14.958133,15057,0.000210,0.076447,79676,32997,17801,11192,7770,5822,4264,3504,29464,1,1,1,1
22.4000,9127,1,1,100783,1,193920,0.519717,1,29,29,157,645525,27.51898,0.00129,2.38103,0.00449,0,0,3,5.446062,4.734852,4.734852,-0.020463,-0.020277,14.941055,14601,0.001357,0.074216,80762,33166,18126,11164,7842,5803,4321,3435,29300,1,1,1,1
23.0000,9127,1,1,102305,1,196248,0.521307,2,11,11,517,555756,27.93493,0.00129,2.38103,0.00449,0,1,3,3.477631,3.228940,3.228940,-0.228416,-0.228280,14.733261,9124,0.015494,0.047031,81214,33482,18084,11566,8096,5845,4456,3579,29925,1,1,1,1
23.9000,9127,1,1,104887,1,201353,0.520914,2,4,11,370,635550,28.55874,0.00129,2.38103,0.00449,0,1,3,1.472928,1.230443,1.230443,-0.540268,-0.540226,14.421298,911,0.037460,0.004797,83631,34356,18554,11884,8212,6006,4484,3621,30604,1,1,1,1
22.3500,9139,1,1,100806,0,193215,0.521732,1,11,18,31,377007,27.48463,0.00229,2.38308,0.00415,1,1,3,1.082897,1.000000,1.035582,-0.002409,-0.002401,14.958869,15081,0.000160,0.076464,79978,32832,18314,11242,8008,5724,4328,3344,29444,1,1,1,1
22.4000,9139,1,1,100897,1,193320,0.521920,1,1,11,185,94180,27.51929,0.00229,2.38308,0.00415,0,1,3,1.498856,1.070202,1.070202,-0.019741,-0.019697,14.941787,14624,0.001318,0.074232,80202,32564,18044,11394,7927,5750,4428,3401,29609,1,1,1,1
23.0000,9139,1,1,102636,0,197362,0.520042,1,31,447,447,198823,27.93523,0.00229,2.38308,0.00415,1,0,2,1.167791,1.000000,5.788028,-0.227801,-0.227784,14.733743,9144,0.015460,0.047071,82127,33549,18285,11568,8061,5818,4610,3561,29782,1,1,1,1
23.9000,9139,1,1,104976,0,201738,0.520361,62,18,62,62,297280,28.55905,0.00229,2.38308,0.00415,1,1,2,1.394355,1.000000,8.662476,-0.539736,-0.539699,14.421788,920,0.037422,0.004838,83635,34296,18729,11918,8273,6141,4610,3612,30523,1,1,1,1
22.3500,9151,1,1,100648,0,193204,0.520944,8,2,210,210,356979,27.47947,0.00146,2.37854,0.00394,1,1,3,1.360651,1.000000,1.338881,-0.005403,-0.005369,14.956128,15097,0.000359,0.076459,79993,32837,17905,11373,7896,5799,4443,3504,29453,1,1,1,1
22.4000,9151,1,1,101573,1,193678,0.524445,4,8,8,96,1200570,27.51416,0.00146,2.37854,0.00394,0,1,3,3.020364,2.741118,2.741118,-0.022790,-0.022669,14.938871,14640,0.001517,0.074230,80245,32866,18012,11555,7983,5752,4424,3490,29350,1,1,1,1
23.0000,9151,1,1,103140,0,197478,0.522289,4,27,27,52,103310,27.93008,0.00146,2.37854,0.00394,1,1,2,1.073217,1.000000,2.165239,-0.230735,-0.230728,14.730529,9148,0.015663,0.047040,82018,33467,18408,11815,8043,5953,4368,3612,29793,1,1,1,1
23.9000,9151,1,1,104860,0,201830,0.519549,4,11,258,258,1300010,28.55384,0.00146,2.37854,0.00394,1,1,2,1.112919,1.000000,1.438501,-0.542595,-0.542583,14.418720,913,0.037630,0.004796,84013,34131,18687,12039,8170,5877,4600,3664,30648,1,1,1,1
22.3500,9163,1,1,101018,0,194191,0.520202,13,6,3666,3666,144467,27.47986,0.00113,2.37557,0.00490,1,1,2,1.322693,1.000000,2.532476,-0.005468,-0.005437,14.955982,15122,0.000364,0.076486,80915,32620,17983,11588,8038,5851,4354,3441,29400,1,1,1,1
22.4000,9163,1,1,101521,1,194637,0.521594,82,3,82,82,322868,27.51450,0.00113,2.37557,0.00490,0,0,3,1.300459,1.289185,1.289185,-0.022751,-0.022722,14.938306,14664,0.001521,0.074257,80943,33282,17957,11379,7804,5809,4506,3430,29526,1,1,1,1
23.0000,9163,1,1,103125,1,197135,0.523121,1,4,33,57,383946,27.93040,0.00113,2.37557,0.00490,0,1,3,3.927820,2.877274,2.877274,-0.230750,-0.230600,14.730924,9164,0.015654,0.047059,82000,33476,18023,11680,7954,5736,4547,3653,30065,1,1,1,1
23.9000,9163,1,1,104635,1,201377,0.519600,1,2,20,20,854045,28.55418,0.00113,2.37557,0.00490,0,1,3,1.281381,1.216306,1.216306,-0.542588,-0.542561,14.418981,918,0.037628,0.004816,83417,34061,18774,11719,8252,6043,4641,3581,30888,1,1,1,1
22.3500,9175,1,1,101218,0,194167,0.521296,4,12,86,88,194225,27.47735,0.00270,2.37351,0.00443,1,0,2,1.120486,1.000000,1.688610,-0.005904,-0.005892,14.955641,15141,0.000394,0.076484,80340,33002,18121,11688,7884,5838,4437,3414,29442,1,1,1,1
22.4000,9175,1,1,101373,1,194006,0.522528,6,457,457,457,161408,27.51202,0.00270,2.37351,0.00443,0,1,3,3.386459,2.669263,2.536603,-0.023264,-0.023131,14.938383,14686,0.001548,0.074271,80340,32851,18079,11491,7739,5834,4522,3469,29680,1,1,1,1
23.0000,9175,1,1,103014,0,197908,0.520517,7,332,332,332,3603607,27.92791,0.00270,2.37351,0.00443,1,1,2,1.064103,1.000000,22.016802,-0.231326,-0.231320,14.730220,9177,0.015704,0.047066,82120,33718,18399,11555,8083,5927,4486,3644,29975,1,1,1,1
23.9000,9175,1,1,105519,1,202366,0.521429,14,13,14,5146,1188097,28.55171,0.00270,2.37351,0.00443,0,0,3,1.098085,1.031010,1.031010,-0.543057,-0.543047,14.418199,919,0.037664,0.004815,83730,34492,18835,12003,8384,5879,4622,3617,30803,1,1,1,1
22.3500,9187,1,1,101490,0,194708,0.521245,2,5,18,2120,170188,27.48264,0.00147,2.37407,0.00370,1,0,3,1.165369,1.000000,1.033050,-0.003831,-0.003814,14.957714,15159,0.000255,0.076464,81184,32765,18279,11345,7737,5814,4470,3522,29591,1,1,1,1
22.4000,9187,1,1,101443,1,194850,0.520624,2,3,18,18,105741,27.51727,0.00147,2.37407,0.00370,0,1,3,2.295377,1.725412,1.725412,-0.021175,-0.021084,14.940260,14699,0.001411,0.074230,80949,33225,18448,11339,7698,5631,4407,3466,29686,1,1,1,1
23.0000,9187,1,1,102877,1,197561,0.520738,1,83,83,587,723555,27.93322,0.00147,2.37407,0.00370,0,1,3,9.042682,8.548401,8.548401,-0.229236,-0.228997,14.732544,9186,0.015544,0.047044,82008,33518,18297,11594,8127,5909,4563,3573,29971,1,1,1,1
23.9000,9187,1,1,105634,0,202835,0.520790,2,1,5,19,689313,28.55702,0.00147,2.37407,0.00370,1,0,3,1.412341,1.000000,1.127009,-0.541025,-0.540987,14.420489,918,0.037515,0.004803,84267,34436,18992,11823,8155,6229,4597,3616,30719,1,1,1,1
22.3500,9199,1,1,101484,0,194411,0.522010,2,276,276,276,207438,27.47616,0.00113,2.37413,0.00434,1,1,2,1.112521,1.000000,32.861254,-0.007411,-0.007399,14.954135,15178,0.000495,0.076478,80668,33138,17962,11442,7812,5715,4548,3526,29599,1,1,1,1
22.4000,9199,1,1,101692,0,194544,0.522722,1,2,27,57,1059582,27.51082,0.00113,2.37413,0.00434,1,1,2,1.412996,1.000000,1.752321,-0.024582,-0.024544,14.936931,14716,0.001643,0.074236,80508,33125,18182,11412,7935,5836,4472,3514,29559,1,1,1,1
23.0000,9199,1,1,102861,1,197785,0.520067,15,3,15,14612,99125,27.92675,0.00113,2.37413,0.00434,0,1,3,1.340813,1.025280,1.025280,-0.232519,-0.232487,14.729021,9196,0.015784,0.047045,82117,33393,18509,11723,8009,5911,4367,3601,30154,1,1,1,1
23.9000,9199,1,1,105524,0,202488,0.521140,1,6,159,207,601139,28.55058,0.00113,2.37413,0.00434,1,1,2,1.392626,1.000000,3.552875,-0.544499,-0.544463,14.417025,917,0.037765,0.004793,84097,34259,18734,11870,8236,6020,4602,3589,31080,1,1,1,1
22.3500,9211,1,1,101087,1,194559,0.519573,4,11,11,23,286856,27.48049,0.00113,2.37861,0.00571,0,1,3,5.030916,4.330260,4.330260,-0.005118,-0.004943,14.956591,15196,0.000330,0.076457,80467,33061,18173,11535,8026,5882,4410,3478,29526,1,1,1,1
22.4000,9211,1,1,101956,0,195518,0.521469,2,9,15,17,213279,27.51519,0.00113,2.37861,0.00571,1,0,2,1.134309,1.000000,1.454253,-0.022404,-0.022390,14.939142,14735,0.001499,0.074224,81158,33368,18160,11519,8042,5817,4339,3564,29550,1,1,1,1
23.0000,9211,1,1,103334,0,198479,0.520632,2,17,23,142,616512,27.93110,0.00113,2.37861,0.00571,1,0,2,1.063427,1.000000,1.225649,-0.230354,-0.230347,14.731193,9210,0.015637,0.047048,82327,33892,18373,11747,8047,6028,4381,3534,30149,1,1,1,1
23.9000,9211,1,1,105539,1,202881,0.520204,3,2,45,52,190352,28.55487,0.00113,2.37861,0.00571,0,1,3,1.411338,1.190195,1.190195,-0.542233,-0.542196,14.419342,919,0.037602,0.004796,84036,34063,18990,12041,8405,6203,4590,3726,30826,1,1,1,1
22.3500,9223,1,1,101733,1,195209,0.521152,2,4,7,87,398160,27.47605,0.00180,2.37738,0.00579,0,1,3,2.878436,2.346795,2.346795,-0.007035,-0.006921,14.954391,15221,0.000463,0.076494,81189,33079,18238,11406,7940,5675,4439,3504,29738,1,1,1,1
22.4000,9223,1,1,102020,0,195935,0.520686,3,38,242,242,565889,27.51069,0.00180,2.37738,0.00579,1,1,2,1.249432,1.000000,10.897260,-0.024442,-0.024417,14.936972,14760,0.001635,0.074264,81642,33278,18205,11360,8014,5959,4489,3430,29557,1,1,1,1
23.0000,9223,1,1,103733,1,198567,0.522411,1,102,102,760,364212,27.92659,0.00180,2.37738,0.00579,0,1,3,2.152875,1.528113,1.182028,-0.232273,-0.232190,14.729272,9226,0.015764,0.047074,82308,33831,18481,11545,8133,5957,4553,3683,30075,1,1,1,1
23.9000,9223,1,1,106055,1,203714,0.520610,1,1,60,84,171565,28.55037,0.00180,2.37738,0.00579,0,1,3,1.753325,1.260449,1.260449,-0.544166,-0.544105,14.417385,926,0.037740,0.004827,85060,34244,18918,12037,8149,6183,4554,3580,30988,1,1,1,1
22.3500,9235,1,1,101636,0,195097,0.520954,7,180,180,271,397664,27.47609,0.00249,2.37598,0.00364,1,1,2,1.220373,1.000000,44.243008,-0.006807,-0.006786,14.954591,15242,0.000454,0.076499,80958,32878,18341,11486,7741,5974,4541,3569,29608,1,1,1,1
22.4000,9235,1,1,102017,1,195645,0.521442,1,3,26,424,8316335,27.51077,0.00249,2.37598,0.00364,0,1,3,2.373913,1.829689,1.829689,-0.023972,-0.023878,14.937504,14777,0.001599,0.074250,81618,33142,18143,11405,7910,5714,4384,3500,29828,1,1,1,1
23.0000,9235,1,1,104015,1,199166,0.522255,5,3,8,221,148979,27.92666,0.00249,2.37598,0.00364,0,1,3,2.718095,1.974398,1.974398,-0.231921,-0.231813,14.729708,9236,0.015738,0.047063,83122,33834,18175,11704,8080,5807,4462,3598,30383,1,1,1,1
23.9000,9235,1,1,105935,1,203641,0.520207,2,646,646,646,4628457,28.55045,0.00249,2.37598,0.00364,0,1,3,2.088894,1.794753,1.794753,-0.543813,-0.543733,14.417796,925,0.037713,0.004815,84782,34593,18886,11986,8184,6010,4513,3642,31044,1,1,1,1
22.3500,9247,1,1,101659,1,195494,0.520014,1,6,6,67,153606,27.47080,0.00281,2.37368,0.00486,0,1,3,4.238593,3.334109,3.334109,-0.009143,-0.008987,14.952324,15257,0.000601,0.076487,81399,33071,17985,11542,7912,5862,4488,3423,29811,1,1,1,1
22.4000,9247,1,1,102390,0,196192,0.521889,1,4,10,16,1269755,27.50543,0.00281,2.37368,0.00486,1,0,2,1.351701,1.000000,2.021145,-0.026431,-0.026398,14.935103,14800,0.001768,0.074281,81689,33237,18114,11642,8087,5877,4386,3592,29567,1,1,1,1
23.0000,9247,1,1,103927,1,199462,0.521039,1,2,293,697,691487,27.92138,0.00281,2.37368,0.00486,0,1,3,1.787721,1.373163,1.373163,-0.234385,-0.234322,14.727213,9246,0.015911,0.047061,82949,33676,18645,11811,8189,5928,4551,3556,30156,1,1,1,1
23.9000,9247,1,1,106409,1,203948,0.521748,1,4,21,427,451351,28.54519,0.00281,2.37368,0.00486,0,0,3,2.579155,1.921095,1.921095,-0.546308,-0.546205,14.415223,926,0.037891,0.004815,84480,34859,18825,12055,8386,6089,4722,3673,30858,1,1,1,1
22.3500,9259,1,1,101982,0,195676,0.521181,1,21,22,76,5549001,27.47154,0.00112,2.37485,0.00441,1,1,2,1.292910,1.000000,7.441195,-0.009642,-0.009614,14.951898,15283,0.000643,0.076520,81166,33315,18090,11608,7945,5842,4412,3448,29849,1,1,1,1
22.4000,9259,1,1,102199,1,196228,0.520820,1,3,70,70,825242,27.50620,0.00112,2.37485,0.00441,0,0,3,1.485906,1.065304,1.065304,-0.026863,-0.026820,14.934632,14820,0.001796,0.074287,81308,33400,18397,11568,7794,5979,4434,3693,29654,1,1,1,1
23.0000,9259,1,1,103756,0,199320,0.520552,1,24,24,55,4641366,27.92213,0.00112,2.37485,0.00441,1,1,2,1.354744,1.000000,10.482020,-0.234957,-0.234925,14.726576,9265,0.015952,0.047098,82865,33984,18339,11616,8149,5982,4391,3624,30369,1,1,1,1
23.9000,9259,1,1,106356,0,204122,0.521044,1,15,15,73,118155,28.54596,0.00112,2.37485,0.00441,1,1,2,1.128626,1.000000,2.167835,-0.546785,-0.546772,14.414549,931,0.037932,0.004835,84716,34794,18995,11891,8340,6077,4750,3627,30931,1,1,1,1
22.3500,9271,1,1,102441,1,196098,0.522400,3,9,21,125,80285,27.46885,0.00190,2.36417,0.00494,0,1,3,2.969652,2.686367,2.686367,-0.010530,-0.010413,14.950887,15301,0.000696,0.076516,81290,33572,18184,11446,8094,5721,4337,3535,29918,1,1,1,1
22.4000,9271,1,1,102750,0,196831,0.522024,2,147,147,147,11881506,27.50354,0.00190,2.36417,0.00494,1,1,2,1.070453,1.000000,10.793864,-0.027951,-0.027944,14.933314,14840,0.001871,0.074298,81655,33421,18426,11594,8152,5814,4503,3523,29742,1,1,1,1
23.0000,9271,1,1,104186,0,199899,0.521196,3,64,76,76,302543,27.91946,0.00190,2.36417,0.00494,1,1,2,1.374490,1.000000,28.983718,-0.235964,-0.235929,14.725513,9272,0.016022,0.047076,83276,33711,18535,11818,8102,5909,4491,3608,30448,1,1,1,1
23.9000,9271,1,1,106560,0,204055,0.522215,1,37,37,73,581530,28.54322,0.00190,2.36417,0.00494,1,1,2,1.248965,1.000000,10.670907,-0.547792,-0.547768,14.413750,932,0.038003,0.004834,84584,34739,18914,11848,8483,5995,4546,3741,31204,1,1,1,1
22.3500,9283,1,1,102342,0,196541,0.520718,9,2,9,63,103099,27.47722,0.00218,2.37157,0.00440,1,1,3,1.414179,1.000000,1.127423,-0.006216,-0.006179,14.955294,15318,0.000413,0.076479,81477,33570,18290,11604,7913,5913,4486,3510,29777,1,1,1,1
22.4000,9283,1,1,102893,1,196912,0.522536,2,14,34,144,203776,27.51187,0.00218,2.37157,0.00440,0,0,3,3.540711,3.124671,3.124671,-0.023594,-0.023458,14.937867,14854,0.001570,0.074249,81921,33426,18369,11471,7940,5908,4416,3440,30020,1,1,1,1
23.0000,9283,1,1,104040,0,199734,0.520895,8,5,91,91,959506,27.92777,0.00218,2.37157,0.00440,1,1,2,1.409998,1.000000,2.538855,-0.231535,-0.231498,14.729966,9286,0.015716,0.047072,82623,34228,18523,11644,8294,5989,4583,3530,30319,1,1,1,1
23.9000,9283,1,1,106881,1,204666,0.522224,1,51,51,51,450009,28.55155,0.00218,2.37157,0.00440,0,0,3,6.197565,5.375082,5.375082,-0.543465,-0.543269,14.418071,930,0.037680,0.004816,84694,35167,19098,12057,8091,6094,4656,3614,31194,1,1,1,1
22.3500,9295,1,1,102191,1,196226,0.520785,1,3,216,216,674041,27.47265,0.00303,2.36957,0.00437,0,1,3,2.507323,2.006821,2.006821,-0.008089,-0.007990,14.953552,15334,0.000534,0.076469,81394,33130,18203,11640,8014,5849,4404,3601,29990,1,1,1,1
22.4000,9295,1,1,102234,0,196344,0.520691,1,588,588,588,387925,27.50732,0.00303,2.36957,0.00437,1,1,2,1.005723,1.000000,3.387500,-0.025456,-0.025456,14.936091,14870,0.001704,0.074242,81430,33127,18466,11455,7986,5829,4404,3499,30147,1,1,1,1
23.0000,9295,1,1,104547,1,200378,0.521751,3,5,200,200,133122,27.92321,0.00303,2.36957,0.00437,0,1,3,2.932078,2.511566,2.511566,-0.233384,-0.233269,14.728012,9293,0.015838,0.047053,83362,33817,18653,11803,8228,5970,4638,3688,30218,1,1,1,1
23.9000,9295,1,1,106755,1,205228,0.520180,1,2,9,52,1802771,28.54701,0.00303,2.36957,0.00437,0,1,3,1.538679,1.274642,1.274642,-0.545243,-0.545197,14.416327,927,0.037818,0.004795,84987,35200,19080,11999,8424,6032,4757,3709,31039,1,1,1,1
22.3500,9307,1,1,102609,1,196797,0.521398,1,4,466,466,214633,27.48216,0.00197,2.36872,0.00394,0,1,3,3.778423,2.678090,2.678090,-0.003866,-0.003723,14.957809,15360,0.000249,0.076478,81976,33087,18339,11359,8019,5968,4473,3552,30023,1,1,1,1
22.4000,9307,1,1,102958,0,197341,0.521729,15,466,466,466,632881,27.51679,0.00197,2.36872,0.00394,1,1,2,1.074166,1.000000,35.896323,-0.021321,-0.021313,14.940226,14895,0.001427,0.074250,82176,33442,18463,11605,8021,5830,4345,3531,29927,1,1,1,1
23.0000,9307,1,1,105076,0,201098,0.522514,1,11,11,53,2434915,27.93274,0.00197,2.36872,0.00394,1,1,2,1.287854,1.000000,4.196719,-0.229179,-0.229152,14.732256,9310,0.015554,0.047065,83601,34232,18777,11886,8293,5823,4545,3607,30333,1,1,1,1
23.9000,9307,1,1,107337,1,205716,0.521775,7,5,52,52,231177,28.55655,0.00197,2.36872,0.00394,0,1,3,2.083495,1.660105,1.660105,-0.541035,-0.540956,14.420562,934,0.037513,0.004824,85404,35067,19287,12117,8252,6064,4588,3708,31228,1,1,1,1
22.3500,9319,1,1,103156,0,197532,0.522227,2,137,137,137,249396,27.48256,0.00187,2.36873,0.00459,1,1,2,1.152603,1.000000,22.645697,-0.003812,-0.003796,14.957544,15376,0.000254,0.076461,81925,34047,18283,11539,7868,5734,4544,3488,30103,1,1,1,1
22.4000,9319,1,1,103226,0,198136,0.520988,1,14,14,98,355350,27.51723,0.00187,2.36873,0.00459,1,1,3,1.064451,1.000000,1.026480,-0.020975,-0.020969,14.940572,14910,0.001403,0.074228,82575,33661,18541,11766,7999,5697,4488,3521,29887,1,1,1,1
23.0000,9319,1,1,104298,0,200717,0.519630,1,1,121,121,595114,27.93316,0.00187,2.36873,0.00459,1,1,3,1.343719,1.000000,1.137230,-0.228946,-0.228914,14.732516,9318,0.015538,0.047044,83294,33850,18753,11781,8255,5839,4611,3717,30616,1,1,1,1
23.9000,9319,1,1,107368,0,206344,0.520337,1,3,4,91,1045691,28.55698,0.00187,2.36873,0.00459,1,1,2,1.407268,1.000000,2.164299,-0.540895,-0.540858,14.420625,931,0.037506,0.004802,86052,34833,19308,12071,8359,6113,4807,3579,31221,1,1,1,1
22.3500,9331,1,1,102600,0,197319,0.519973,22,5,22,42,11614664,27.48012,0.00322,2.36646,0.00431,1,1,2,1.379103,1.000000,2.403596,-0.004225,-0.004190,14.957305,15397,0.000280,0.076468,81832,33385,18275,11730,8017,5995,4490,3502,30092,1,1,1,1
22.4000,9331,1,1,103127,1,197647,0.521776,10,6,46,88,133698,27.51481,0.00322,2.36646,0.00431,0,1,3,2.819451,2.504051,2.504051,-0.021573,-0.021462,14.939714,14929,0.001437,0.074231,82251,33336,18469,11625,8084,5866,4447,3500,30068,1,1,1,1
23.0000,9331,1,1,104385,1,200658,0.520216,2,31,31,84,3641385,27.93073,0.00322,2.36646,0.00431,0,1,3,12.217663,11.152121,11.152121,-0.229612,-0.229344,14.731815,9330,0.015568,0.047046,83043,34230,18727,11815,8162,5964,4608,3624,30484,1,1,1,1
23.9000,9331,1,1,107328,0,206026,0.520946,2,19,35,35,290315,28.55449,0.00322,2.36646,0.00431,1,1,2,1.347518,1.000000,8.293455,-0.541479,-0.541447,14.420056,933,0.037548,0.004806,85429,35171,19036,12247,8560,6056,4541,3685,31300,1,1,1,1
22.3500,9343,1,1,103130,0,197816,0.521346,6,6,369,369,1563065,27.48243,0.00156,2.36910,0.00468,1,1,2,1.407820,1.000000,3.220188,-0.003971,-0.003934,14.957549,15411,0.000263,0.076438,82005,33654,18245,11844,7856,5899,4526,3524,30262,1,1,1,1
22.4000,9343,1,1,102892,0,197158,0.521879,3,7,68,136,37974,27.51708,0.00156,2.36910,0.00468,1,0,2,1.204960,1.000000,1.822711,-0.021264,-0.021244,14.940281,14945,0.001422,0.074212,81450,33480,18277,11677,8018,5833,4413,3635,30374,1,1,1,1
23.0000,9343,1,1,104556,0,200953,0.520303,3,5,92,92,743287,27.93298,0.00156,2.36910,0.00468,1,1,2,1.414180,1.000000,2.695180,-0.229236,-0.229199,14.732275,9338,0.015558,0.047024,83189,34494,18708,11791,8071,5957,4572,3499,30671,1,1,1,1
23.9000,9343,1,1,107591,1,206568,0.520853,1,10,16,106,305946,28.55676,0.00156,2.36910,0.00468,0,1,3,2.241155,1.636344,1.547471,-0.541096,-0.541009,14.420489,930,0.037517,0.004785,85925,35280,19204,12092,8218,6205,4557,3755,31331,1,1,1,1
22.3500,9355,1,1,103098,0,197686,0.521527,1,1,4,14,143211,27.48334,0.00157,2.36871,0.00473,1,1,3,1.412370,1.000000,1.285976,-0.003447,-0.003410,14.958058,15437,0.000228,0.076466,81807,33736,18468,11701,7925,5770,4520,3606,30152,1,1,1,1
22.4000,9355,1,1,103642,0,198669,0.521684,1,11,45,78,8544326,27.51801,0.00157,2.36871,0.00473,1,1,2,1.413911,1.000000,6.358715,-0.020872,-0.020835,14.940636,14969,0.001395,0.074234,82456,33690,18696,11688,8205,5886,4480,3561,30006,1,1,1,1
23.0000,9355,1,1,104957,1,201527,0.520811,1,46,46,46,279966,27.93390,0.00157,2.36871,0.00473,0,1,3,2.498831,1.828003,1.616552,-0.228743,-0.228645,14.732796,9356,0.015519,0.047053,84028,33629,18786,12008,8152,5905,4654,3618,30746,1,1,1,1
23.9000,9355,1,1,107471,1,206310,0.520922,6,12,12,36,416234,28.55770,0.00157,2.36871,0.00473,0,1,3,1.615663,1.155586,1.054549,-0.540614,-0.540563,14.420926,938,0.037485,0.004819,85338,35066,19273,12235,8469,6282,4731,3730,31185,1,1,1,1
22.3500,9367,1,1,103061,1,197753,0.521163,1,6,15,19,374275,27.48250,0.00222,2.35930,0.00355,0,1,3,4.062478,3.329905,3.329905,-0.003583,-0.003433,14.958102,15455,0.000230,0.076457,81760,33694,18239,11704,8156,5837,4436,3498,30428,1,1,1,1
22.4000,9367,1,1,103581,1,198960,0.520615,6,8,58,128,518386,27.51713,0.00222,2.35930,0.00355,0,1,3,5.448679,4.149605,4.149605,-0.020911,-0.020730,14.940814,14990,0.001387,0.074242,82751,33870,18542,11527,8065,5871,4615,3463,30255,1,1,1,1
23.0000,9367,1,1,105217,1,202147,0.520500,1,1,6,191,2616091,27.93307,0.00222,2.35930,0.00355,0,0,3,1.690738,1.213882,1.213882,-0.228819,-0.228763,14.732690,9366,0.015528,0.047043,83764,34649,18875,11968,8234,5929,4477,3646,30604,1,1,1,1
23.9000,9367,1,1,107659,1,207236,0.519502,1,12,59,59,1065517,28.55689,0.00222,2.35930,0.00355,0,1,3,3.315741,2.540757,2.539767,-0.540763,-0.540635,14.420782,936,0.037490,0.004803,86049,35236,19390,12150,8394,6342,4677,3705,31292,1,1,1,1
22.3500,9379,1,1,103308,0,198270,0.521050,1,1,30,37,937239,27.48548,0.00203,2.36383,0.00405,1,1,3,1.389013,1.000000,1.059930,-0.002108,-0.002073,14.959379,15473,0.000139,0.076442,82431,33517,18457,11711,8024,5839,4490,3457,30343,1,1,1,1
22.4000,9379,1,1,103503,1,198667,0.520990,2,61,154,154,641988,27.52014,0.00203,2.36383,0.00405,0,1,3,9.965810,9.581949,9.581949,-0.019556,-0.019310,14.942234,15004,0.001292,0.074210,82230,33749,18772,11713,8009,5935,4527,3576,30155,1,1,1,1
23.0000,9379,1,1,105184,0,201864,0.521066,1,3,96,203,624870,27.93607,0.00203,2.36383,0.00405,1,1,2,1.380736,1.000000,2.098895,-0.227440,-0.227406,14.734041,9378,0.015434,0.047039,83736,34215,18793,11935,8059,6104,4548,3609,30864,1,1,1,1
23.9000,9379,1,1,107343,1,206851,0.518941,1,3,7,169,1575737,28.55990,0.00203,2.36383,0.00405,0,0,3,2.468346,1.914800,1.914800,-0.539348,-0.539251,14.422159,938,0.037390,0.004807,85539,35006,19291,12126,8452,6223,4858,3788,31567,1,1,1,1
22.3500,9391,1,1,103742,0,198893,0.521600,2,2,3,1447,812562,27.47786,0.00154,2.36287,0.00380,1,1,3,1.380281,1.000000,1.340442,-0.006157,-0.006123,14.955325,15497,0.000409,0.076483,82438,33909,18617,11758,8143,5905,4477,3610,30035,1,1,1,1
22.4000,9391,1,1,103245,1,198695,0.519618,2,7,34,113,142863,27.51255,0.00154,2.36287,0.00380,0,1,3,4.562187,3.646032,3.646032,-0.023559,-0.023397,14.938130,15033,0.001566,0.074278,82382,33799,18364,11728,8072,5934,4488,3602,30325,1,1,1,1
23.0000,9391,1,1,105049,1,201615,0.521040,1,6,11,81,729679,27.92847,0.00154,2.36287,0.00380,0,0,3,2.804063,2.274111,2.274111,-0.231492,-0.231383,14.730004,9392,0.015708,0.047062,83374,34233,18722,11910,8156,6107,4532,3667,30913,1,1,1,1
23.9000,9391,1,1,107481,1,206807,0.519719,2,7,10,23,190540,28.55223,0.00154,2.36287,0.00380,0,0,3,1.833946,1.490926,1.490926,-0.543353,-0.543288,14.418097,944,0.037681,0.004833,85500,35498,19282,12072,8439,6076,4730,3755,31454,1,1,1,1
22.3500,9403,1,1,103233,1,198537,0.519971,1,14,44,173,609680,27.47935,0.00111,2.36290,0.00379,0,1,3,1.651090,1.194982,1.130521,-0.005681,-0.005628,14.955868,15517,0.000376,0.076481,82118,33965,18486,11586,8079,5918,4469,3524,30391,1,1,1,1
22.4000,9403,1,1,103860,0,198743,0.522587,4,13,25,111,634535,27.51399,0.00111,2.36290,0.00379,1,1,2,1.203915,1.000000,3.095198,-0.023062,-0.023042,14.938331,15046,0.001542,0.074247,82206,33873,18616,11606,8119,5915,4538,3590,30279,1,1,1,1
23.0000,9403,1,1,105207,1,201609,0.521839,7,47,47,47,1443193,27.92989,0.00111,2.36290,0.00379,0,1,3,4.522203,3.713362,3.672984,-0.231022,-0.230862,14.730662,9410,0.015672,0.047090,82898,34371,19086,12002,8124,5987,4655,3616,30869,1,1,1,1
23.9000,9403,1,1,108090,0,207580,0.520717,1,3,32,169,338300,28.55368,0.00111,2.36290,0.00379,1,0,2,1.326390,1.000000,1.563236,-0.542867,-0.542837,14.418671,944,0.037648,0.004826,86185,35339,19154,12164,8498,6187,4807,3625,31620,1,1,1,1
22.3500,9415,1,1,103851,1,199351,0.520948,1,8,48,48,289535,27.48385,0.00222,2.36821,0.00379,0,1,3,2.461388,1.780558,1.669012,-0.002878,-0.002783,14.958666,15534,0.000186,0.076453,82742,33871,18460,11797,8116,6032,4485,3494,30353,1,1,1,1
22.4000,9415,1,1,104240,0,199759,0.521831,2,4,138,138,606849,27.51853,0.00222,2.36821,0.00379,1,1,2,1.379237,1.000000,2.315013,-0.020234,-0.020200,14.941296,15063,0.001352,0.074221,83193,34053,18550,11573,7977,5912,4588,3556,30356,1,1,1,1
23.0000,9415,1,1,106333,1,203404,0.522770,21,2,107,124,215702,27.93442,0.00222,2.36821,0.00379,0,1,3,1.392957,1.180456,1.180456,-0.228141,-0.228106,14.733062,9414,0.015483,0.047042,84782,34382,18736,12042,8301,6050,4675,3723,30712,1,1,1,1
23.9000,9415,1,1,108002,0,207486,0.520529,10,1,27,85,749183,28.55821,0.00222,2.36821,0.00379,1,1,3,1.408188,1.000000,1.043697,-0.540032,-0.539996,14.421488,941,0.037444,0.004804,86040,35401,19022,12184,8454,6249,4717,3767,31651,1,1,1,1
22.3500,9427,1,1,103983,1,199641,0.520853,1,8,27,71,502830,27.48738,0.00132,2.37520,0.00445,0,1,3,5.955471,4.591956,4.591956,-0.001605,-0.001416,14.960126,15552,0.000095,0.076437,83448,33574,18432,11705,8069,6017,4486,3499,30410,1,1,1,1
22.4000,9427,1,1,104366,0,200200,0.521311,2,7,40,41,284093,27.52201,0.00132,2.37520,0.00445,1,0,2,1.206596,1.000000,1.706218,-0.018869,-0.018849,14.942677,15081,0.001261,0.074209,83128,34075,18907,11812,8118,5769,4409,3621,30360,1,1,1,1
23.0000,9427,1,1,105809,1,202947,0.521365,13,6,22,91,646376,27.93795,0.00132,2.37520,0.00445,0,1,3,3.957718,3.056288,3.056288,-0.226872,-0.226726,14.734821,9424,0.015387,0.047026,84243,34638,18928,11783,8193,5862,4642,3687,30970,1,1,1,1
23.9000,9427,1,1,108418,0,208266,0.520577,1,3,31,185,16371232,28.56176,0.00132,2.37520,0.00445,1,0,2,1.272199,1.000000,1.501049,-0.538738,-0.538713,14.422804,944,0.037351,0.004813,86411,35440,19420,12472,8282,6217,4680,3687,31656,1,1,1,1
22.3500,9439,1,1,104059,1,199716,0.521037,2,9,13,123,409102,27.48725,0.00203,2.37790,0.00483,0,1,3,5.584864,4.555631,4.555631,-0.001303,-0.001120,14.960423,15572,0.000075,0.076436,82511,34145,18898,11756,8102,5943,4458,3606,30296,1,1,1,1
22.4000,9439,1,1,104481,1,199838,0.522831,7,26,26,30,183919,27.52191,0.00203,2.37790,0.00483,0,1,3,6.450915,6.184855,6.184855,-0.018649,-0.018452,14.942679,15102,0.001235,0.074217,82869,33778,18840,11864,8191,6033,4487,3445,30330,1,1,1,1
23.0000,9439,1,1,105970,0,203226,0.521442,1,3,8,59,239618,27.93784,0.00203,2.37790,0.00483,1,1,3,1.218387,1.000000,1.144017,-0.226522,-0.226501,14.734880,9438,0.015372,0.047036,84451,34475,18880,11773,8331,5985,4665,3647,31018,1,1,1,1
23.9000,9439,1,1,108597,1,209121,0.519305,1,9,84,84,135775,28.56167,0.00203,2.37790,0.00483,0,1,3,3.837738,3.382188,3.382188,-0.538496,-0.538354,14.423184,942,0.037326,0.004796,87089,35724,19257,12332,8513,6192,4844,3718,31451,1,1,1,1
22.3500,9451,1,1,104276,0,199773,0.521975,2,6,15,35,110293,27.48705,0.00197,2.37640,0.00373,1,1,2,1.409988,1.000000,3.537018,-0.001398,-0.001362,14.960105,15596,0.000091,0.076459,82694,33968,18805,11517,8200,5926,4537,3639,30486,1,1,1,1
22.4000,9451,1,1,104298,0,200014,0.521456,24,4,24,24,46630722,27.52174,0.00197,2.37640,0.00373,1,1,2,1.312300,1.000000,1.814688,-0.018708,-0.018679,14.942832,15123,0.001250,0.074225,82653,34070,18646,11925,8014,6062,4591,3528,30524,1,1,1,1
23.0000,9451,1,1,106113,1,203347,0.521835,2,3,6,669,98042,27.93766,0.00197,2.37640,0.00373,0,1,3,2.325384,1.799115,1.799115,-0.226666,-0.226577,14.734964,9453,0.015377,0.047051,84118,34714,18821,11887,8264,6016,4739,3644,31143,1,1,1,1
23.9000,9451,1,1,108554,0,208917,0.519606,2,197,197,197,552288,28.56143,0.00197,2.37640,0.00373,1,1,2,1.094226,1.000000,19.495588,-0.538676,-0.538667,14.422872,947,0.037348,0.004816,86938,35575,19290,12156,8502,6245,4794,3835,31581,1,1,1,1
22.3500,9463,1,1,104683,1,200139,0.523054,7,2,47,47,5990581,27.48753,0.00176,2.38266,0.00450,0,1,3,1.808894,1.279436,1.279436,-0.001268,-0.001206,14.960272,15611,0.000081,0.076434,82845,33920,18871,11911,8153,5898,4613,3671,30256,1,1,1,1
22.4000,9463,1,1,104704,0,200652,0.521821,2,4,81,485,464904,27.52217,0.00176,2.38266,0.00450,1,0,2,1.246673,1.000000,1.392837,-0.018598,-0.018575,14.942946,15138,0.001243,0.074204,83470,34119,18577,11920,8034,6065,4559,3607,30300,1,1,1,1
23.0000,9463,1,1,106610,0,204267,0.521917,2,9,23,1427,547355,27.93807,0.00176,2.38266,0.00450,1,1,2,1.289165,1.000000,3.419203,-0.226597,-0.226571,14.734944,9461,0.015376,0.047031,84843,34976,19023,11944,8341,6013,4543,3636,30947,1,1,1,1
23.9000,9463,1,1,108592,0,208889,0.519858,6,1,10,886,158788,28.56186,0.00176,2.38266,0.00450,1,1,3,1.413093,1.000000,1.033110,-0.538425,-0.538388,14.423083,944,0.037328,0.004794,86816,35333,19613,12160,8395,6260,4794,3686,31831,1,1,1,1
22.3500,9475,1,1,104569,1,200743,0.520912,1,1,28,42,499251,27.49067,0.00289,2.38027,0.00350,0,1,3,1.419278,1.054753,1.054753,0.000890,0.000927,14.962432,15635,-0.000062,0.076444,83439,33973,18791,11940,8127,5970,4408,3608,30486,1,1,1,1
22.4000,9475,1,1,104730,0,200504,0.522336,3,255,255,255,314367,27.52535,0.00289,2.38027,0.00350,1,1,3,1.003913,1.000000,1.032534,-0.016446,-0.016445,14.944518,15161,0.001100,0.074215,83157,33950,18610,11949,8105,6042,4548,3649,30493,1,1,1,1
23.0000,9475,1,1,106397,1,204272,0.520862,2,16,16,33,512356,27.94124,0.00289,2.38027,0.00350,0,1,3,10.814391,8.448785,8.448785,-0.224502,-0.224251,14.736941,9476,0.015217,0.047040,84978,34758,18767,12133,8170,6097,4635,3649,31084,1,1,1,1
23.9000,9475,1,1,108643,1,208933,0.519992,3,84,84,84,215116,28.56503,0.00289,2.38027,0.00350,0,1,3,6.168116,5.294617,5.268452,-0.536375,-0.536183,14.425348,949,0.037170,0.004813,86954,35602,19302,12189,8402,6067,4767,3710,31939,1,1,1,1
22.3500,9487,1,1,104574,0,200476,0.521631,11,3,11,25,173099,27.49319,0.00176,2.37625,0.00537,1,1,2,1.380392,1.000000,1.516346,0.001585,0.001619,14.963068,15653,-0.000108,0.076432,82972,34327,18624,11846,8070,5948,4440,3667,30581,1,1,1,1
22.4000,9487,1,1,104617,1,201043,0.520374,1,2,35,6383,194909,27.52782,0.00176,2.37625,0.00537,0,1,3,1.083322,1.057744,1.057744,-0.015708,-0.015700,14.945846,15177,0.001050,0.074193,83463,34049,18918,11782,7986,6065,4469,3662,30648,1,1,1,1
23.0000,9487,1,1,106580,0,204515,0.521138,2,61,61,61,1093607,27.94377,0.00176,2.37625,0.00537,1,1,2,1.057181,1.000000,3.675301,-0.223752,-0.223746,14.737499,9486,0.015182,0.047028,85011,34670,18893,12272,8326,5968,4746,3655,30973,1,1,1,1
23.9000,9487,1,1,108873,1,209567,0.519517,1,18,41,1394,2948225,28.56758,0.00176,2.37625,0.00537,0,1,3,12.813077,9.780735,9.780735,-0.535709,-0.535440,14.426103,946,0.037116,0.004791,87104,35549,19732,12235,8500,6350,4700,3721,31675,1,1,1,1
22.3500,9499,1,1,105319,1,201679,0.522214,1,3,14,15,161354,27.49983,0.00124,2.37860,0.00482,0,0,3,2.201091,1.638906,1.638906,0.004651,0.004734,14.966168,15673,-0.000316,0.076417,83679,34514,18852,11930,8099,6027,4600,3518,30459,1,1,1,1
22.4000,9499,1,1,105100,0,201555,0.521448,33,3,664,664,112878,27.53449,0.00124,2.37860,0.00482,1,1,3,1.301040,1.000000,1.159281,-0.012661,-0.012633,14.948785,15198,0.000845,0.074187,83678,34334,18644,11784,8240,6043,4641,3697,30493,1,1,1,1
23.0000,9499,1,1,107142,0,205333,0.521799,1,2,7,2242,497439,27.95042,0.00124,2.37860,0.00482,1,1,3,1.350429,1.000000,1.271865,-0.220632,-0.220600,14.740837,9499,0.014965,0.047022,85516,34963,19091,12178,8298,6166,4581,3718,30821,1,1,1,1
23.9000,9499,1,1,109511,1,210234,0.520903,1,2,10,58,243234,28.57425,0.00124,2.37860,0.00482,0,1,3,1.269704,1.185519,1.185519,-0.532537,-0.532512,14.429030,949,0.036906,0.004799,87557,35621,19427,12341,8505,6367,4651,3723,32041,1,1,1,1
22.3500,9511,1,1,105301,1,201744,0.521956,2,6,325,325,960719,27.49546,0.00192,2.37439,0.00485,0,1,3,3.501681,2.858086,2.858086,0.002792,0.002924,14.964449,15689,-0.000195,0.076407,83994,34464,18800,11699,8023,5978,4525,3565,30695,1,1,1,1
22.4000,9511,1,1,104915,1,201363,0.521027,1,6,10,29,2586872,27.53015,0.00192,2.37439,0.00485,0,0,3,2.083231,1.606412,1.606412,-0.014522,-0.014445,14.946971,15216,0.000966,0.074190,83521,34355,18754,11665,8223,5998,4656,3656,30534,1,1,1,1
23.0000,9511,1,1,106907,1,204744,0.522152,1,4,10,961,288764,27.94607,0.00192,2.37439,0.00485,0,1,3,2.348253,1.974491,1.974491,-0.222492,-0.222402,14.739127,9507,0.015089,0.047008,84958,34857,18976,11992,8261,5994,4767,3669,31269,1,1,1,1
23.9000,9511,1,1,109476,0,210186,0.520855,13,17,29,93,2542652,28.56983,0.00192,2.37439,0.00485,1,1,2,1.401371,1.000000,8.266320,-0.534451,-0.534416,14.427045,947,0.037043,0.004784,87305,35815,19535,12233,8468,6220,4794,3807,32008,1,1,1,1
22.3500,9523,1,1,105309,1,201701,0.522107,2,2,6,185,201969,27.49836,0.00131,2.38087,0.00473,0,1,3,1.869984,1.347707,1.347707,0.003922,0.003988,14.965483,15711,-0.000266,0.076413,83804,34154,18899,11711,8264,6092,4551,3581,30644,1,1,1,1
22.4000,9523,1,1,105504,0,201927,0.522488,1,94,94,96,652148,27.53301,0.00131,2.38087,0.00473,1,1,2,1.352459,1.000000,39.525268,-0.013579,-0.013547,14.947891,15238,0.000906,0.074199,83686,34396,18914,11832,8247,6016,4572,3622,30641,1,1,1,1
23.0000,9523,1,1,106922,0,205383,0.520601,1,2,26,26,129478,27.94891,0.00131,2.38087,0.00473,1,1,2,1.405559,1.000000,1.602142,-0.221361,-0.221325,14.740139,9522,0.015015,0.047020,84963,35154,19067,12179,8375,6200,4732,3676,31036,1,1,1,1
23.9000,9523,1,1,109337,1,209943,0.520796,8,3,18,18,9094872,28.57270,0.00131,2.38087,0.00473,0,1,3,2.095177,1.661921,1.661921,-0.533253,-0.533176,14.428344,950,0.036953,0.004792,86965,35559,19571,12329,8599,6234,5004,3837,31844,1,1,1,1
22.3500,9535,1,1,105481,1,202548,0.520773,1,1,4,115,313487,27.50376,0.00131,2.37528,0.00489,0,1,3,1.454887,1.029145,1.029145,0.006650,0.006689,14.968163,15726,-0.000447,0.076376,84270,34368,18941,12146,8179,5960,4566,3534,30583,1,1,1,1
22.4000,9535,1,1,105494,0,202031,0.522170,5,5,12,52,1344206,27.53843,0.00131,2.37528,0.00489,1,1,2,1.353647,1.000000,2.483592,-0.010738,-0.010706,14.950733,15249,0.000716,0.074145,83820,34312,19126,11798,8175,6040,4482,3620,30657,1,1,1,1
23.0000,9535,1,1,107236,0,205655,0.521439,4,24,24,34,150677,27.95432,0.00131,2.37528,0.00489,1,0,2,1.118814,1.000000,3.151498,-0.218695,-0.218683,14.742854,9528,0.014833,0.046981,85362,34880,19137,12137,8430,6142,4642,3734,31190,1,1,1,1
23.9000,9535,1,1,109387,1,210504,0.519646,1,19,19,77,157568,28.57812,0.00131,2.37528,0.00489,0,1,3,1.977140,1.522375,1.522375,-0.530552,-0.530481,14.431033,949,0.036760,0.004781,87173,35805,19715,12491,8533,6289,4815,3705,31977,1,1,1,1
22.3500,9547,1,1,105899,1,202778,0.522244,2,2,15,136,107968,27.50446,0.00220,2.36484,0.00424,0,1,3,1.221889,1.142447,1.142447,0.007454,0.007475,14.969019,15750,-0.000499,0.076392,84225,34588,18794,11901,8288,6040,4660,3642,30639,1,1,1,1
22.4000,9547,1,1,105384,0,202022,0.521649,1,35,35,94,357824,27.53909,0.00220,2.36484,0.00424,1,1,2,1.032822,1.000000,1.230601,-0.009870,-0.009867,14.951323,15273,0.000660,0.074166,83729,34258,18837,11915,8242,6051,4533,3645,30811,1,1,1,1
23.0000,9547,1,1,107100,0,205817,0.520368,1,11,11,48,1963544,27.95504,0.00220,2.36484,0.00424,1,1,2,1.292866,1.000000,4.048999,-0.217906,-0.217879,14.743636,9544,0.014778,0.046999,84962,35381,19395,12056,8460,6171,4758,3544,31089,1,1,1,1
23.9000,9547,1,1,109751,1,210598,0.521142,1,39,48,129,184513,28.57885,0.00220,2.36484,0.00424,0,1,3,3.292611,2.512743,2.373471,-0.529784,-0.529659,14.431764,953,0.036701,0.004794,87524,35710,19440,12414,8480,6237,4787,3810,32195,1,1,1,1
22.3500,9559,1,1,105769,1,202411,0.522548,1,2,5,25,198280,27.50744,0.00087,2.36367,0.00353,0,1,3,1.654361,1.170178,1.154762,0.008296,0.008348,14.969828,15780,-0.000558,0.076437,83884,34280,18902,12022,8340,6148,4543,3619,30672,1,1,1,1
22.4000,9559,1,1,105981,1,203107,0.521801,1,56,56,56,156548,27.54210,0.00087,2.36367,0.00353,0,0,3,6.188170,5.331949,5.331949,-0.009120,-0.008929,14.952423,15302,0.000597,0.074208,84554,34493,18806,12003,8238,6013,4555,3654,30790,1,1,1,1
23.0000,9559,1,1,107357,1,205942,0.521300,1,4,15,20,439712,27.95803,0.00087,2.36367,0.00353,0,1,3,1.951706,1.384911,1.290196,-0.217009,-0.216939,14.744546,9568,0.014713,0.047055,85411,35029,19044,12339,8152,5986,4781,3704,31495,1,1,1,1
23.9000,9559,1,1,109794,0,211120,0.520057,1,22,22,22,1111669,28.58185,0.00087,2.36367,0.00353,1,1,2,1.108063,1.000000,2.614536,-0.528961,-0.528950,14.432362,963,0.036650,0.004838,87417,35825,19882,12444,8514,6338,4824,3724,32151,1,1,1,1
22.3500,9571,1,1,105942,0,202501,0.523170,3,4,87,87,1228383,27.50482,0.00214,2.36393,0.00353,1,1,2,1.346255,1.000000,1.785190,0.007613,0.007644,14.969150,15799,-0.000511,0.076436,84037,34411,18760,11876,8112,6019,4605,3624,31056,1,1,1,1
22.4000,9571,1,1,105823,1,203143,0.520931,1,9,9,18,148407,27.53951,0.00214,2.36393,0.00353,0,0,3,2.321567,1.820917,1.820917,-0.009734,-0.009646,14.951763,15320,0.000645,0.074205,84378,34353,19117,11916,8256,5983,4504,3739,30896,1,1,1,1
23.0000,9571,1,1,107943,1,206975,0.521529,17,36,71,71,313140,27.95543,0.00214,2.36393,0.00353,0,1,3,7.862903,7.508014,7.508014,-0.217767,-0.217551,14.743995,9576,0.014755,0.047037,86093,35413,19144,12214,8327,6122,4747,3630,31284,1,1,1,1
23.9000,9571,1,1,110156,0,211651,0.520463,1,30,30,112,240346,28.57920,0.00214,2.36393,0.00353,1,1,2,1.356964,1.000000,13.165419,-0.529680,-0.529648,14.431793,964,0.036700,0.004838,88252,35983,19459,12349,8628,6211,4790,3797,32181,1,1,1,1
22.3500,9583,1,1,106274,0,203588,0.522008,3,4,12,118,223319,27.50205,0.00094,2.36986,0.00394,1,0,2,1.232543,1.000000,1.292755,0.005585,0.005607,14.967131,15816,-0.000375,0.076433,84415,34684,19123,12072,8373,5923,4635,3635,30727,1,1,1,1
22.4000,9583,1,1,105662,0,203027,0.520436,4,3,76,92,297456,27.53670,0.00094,2.36986,0.00394,1,1,2,1.400311,1.000000,1.675781,-0.011752,-0.011717,14.949745,15337,0.000784,0.074205,84346,34662,18756,11856,8163,6033,4633,3657,30920,1,1,1,1
23.0000,9583,1,1,107509,1,206382,0.520925,1,2,313,386,1505527,27.95260,0.00094,2.36986,0.00394,0,0,3,1.542859,1.095805,1.095805,-0.219679,-0.219633,14.741834,9586,0.014899,0.047034,85341,35145,19343,12243,8432,5983,4693,3856,31345,1,1,1,1
23.9000,9583,1,1,109836,0,211557,0.519182,2,8,17,73,563090,28.57638,0.00094,2.36986,0.00394,1,0,2,1.252354,1.000000,2.585595,-0.531616,-0.531593,14.429929,962,0.036840,0.004822,88011,35831,19456,12503,8653,6276,4745,3797,32284,1,1,1,1
22.3500,9595,1,1,106026,0,203342,0.521420,1,3,5,298,330969,27.49721,0.00176,2.36412,0.00434,1,1,3,1.225088,1.000000,1.121485,0.003599,0.003620,14.965008,15835,-0.000242,0.076440,84474,34331,18911,11978,8316,6043,4662,3668,30958,1,1,1,1
22.4000,9595,1,1,106160,0,203099,0.522703,2,11,11,39,716986,27.53189,0.00176,2.36412,0.00434,1,1,2,1.409178,1.000000,5.922400,-0.013826,-0.013791,14.947695,15357,0.000923,0.074219,84102,34437,18880,11933,8220,6064,4717,3595,31150,1,1,1,1
23.0000,9595,1,1,107640,0,207012,0.519972,2,5,154,198,110726,27.94778,0.00176,2.36412,0.00434,1,0,2,1.321898,1.000000,2.115349,-0.221716,-0.221687,14.739824,9599,0.015040,0.047045,86202,35167,19314,12063,8353,6155,4631,3666,31460,1,1,1,1
23.9000,9595,1,1,110324,0,211669,0.521212,3,3,9,57,181093,28.57157,0.00176,2.36412,0.00434,1,0,2,1.329308,1.000000,1.630900,-0.533600,-0.533570,14.427940,964,0.036982,0.004827,87773,35663,19802,12431,8803,6397,4940,3714,32145,1,1,1,1
22.3500,9607,1,1,106165,1,203469,0.521777,1,9,69,69,647329,27.49488,0.00172,2.36309,0.00539,0,1,3,4.634092,3.782980,3.782980,0.002363,0.002522,14.963901,15855,-0.000169,0.076447,84587,34410,19037,11909,8251,6104,4618,3740,30812,1,1,1,1
22.4000,9607,1,1,106439,1,204166,0.521338,1,118,118,118,842134,27.52951,0.00172,2.36309,0.00539,0,1,3,1.383151,1.108812,1.108812,-0.014887,-0.014854,14.946669,15376,0.000994,0.074223,84696,34765,19053,11792,8425,6053,4684,3687,31010,1,1,1,1
23.0000,9607,1,1,108131,1,207448,0.521246,3,3,536,536,74827,27.94546,0.00172,2.36309,0.00539,0,1,3,1.862550,1.569812,1.569812,-0.222880,-0.222815,14.738725,9610,0.015118,0.047044,86087,35187,19320,12379,8451,6209,4810,3674,31330,1,1,1,1
23.9000,9607,1,1,110415,1,212034,0.520744,1,5,8,92,1306890,28.56927,0.00172,2.36309,0.00539,0,1,3,4.045796,3.174746,3.174746,-0.534822,-0.534677,14.426686,964,0.037062,0.004821,87734,36172,19869,12412,8632,6307,4926,3769,32212,1,1,1,1
22.3500,9619,1,1,105663,1,203473,0.519300,4,20,62,96,84059,27.50042,0.00115,2.37031,0.00365,0,0,3,1.248463,1.042808,1.042808,0.004933,0.004956,14.966331,15874,-0.000331,0.076430,84265,34952,18810,11936,8208,6109,4672,3735,30785,1,1,1,1
22.4000,9619,1,1,106545,1,204000,0.522282,1,3,97,97,759072,27.53508,0.00115,2.37031,0.00365,0,1,3,2.820839,2.080897,2.080897,-0.012434,-0.012326,14.949207,15392,0.000825,0.074195,84383,34736,19055,12274,8170,6165,4686,3674,30856,1,1,1,1
23.0000,9619,1,1,108188,0,207624,0.521079,10,35,35,119,155403,27.95101,0.00115,2.37031,0.00365,1,1,2,1.413154,1.000000,17.657219,-0.220511,-0.220476,14.741006,9620,0.014957,0.047027,86279,34989,19387,12222,8578,6188,4691,3806,31483,1,1,1,1
23.9000,9619,1,1,110414,0,212142,0.520475,9,3,9,62,218098,28.57484,0.00115,2.37031,0.00365,1,1,2,1.414041,1.000000,1.859237,-0.532307,-0.532271,14.429206,963,0.036888,0.004809,87949,36014,19983,12443,8483,6265,4796,3850,32358,1,1,1,1
22.3500,9631,1,1,106180,0,204089,0.520266,4,6,6,52,3814323,27.50060,0.00133,2.36357,0.00425,1,1,2,1.303222,1.000000,2.414046,0.005082,0.005110,14.966531,15891,-0.000341,0.076416,85061,34480,18905,12077,8314,5943,4618,3650,31040,1,1,1,1
22.4000,9631,1,1,106103,1,204177,0.519664,4,34,34,139,225151,27.53529,0.00133,2.36357,0.00425,0,1,3,23.796769,17.208814,17.208814,-0.012365,-0.012036,14.949514,15409,0.000805,0.074183,84460,34478,19457,12145,8346,5988,4578,3702,31022,1,1,1,1
23.0000,9631,1,1,107947,1,207541,0.520126,8,38,38,38,236910,27.95121,0.00133,2.36357,0.00425,0,1,3,3.593888,2.959666,2.957606,-0.220231,-0.220099,14.741428,9630,0.014931,0.047015,85824,35632,19305,12221,8449,6064,4649,3750,31646,1,1,1,1
23.9000,9631,1,1,110791,1,212833,0.520556,1,6,6,2127,183665,28.57498,0.00133,2.36357,0.00425,0,1,3,3.028205,2.406446,2.406446,-0.532105,-0.531990,14.429531,963,0.036868,0.004803,88657,35909,19815,12514,8584,6318,4855,3804,32376,1,1,1,1
22.3500,9643,1,1,106522,0,204333,0.521318,2,6,12,60,5143180,27.50539,0.00222,2.37013,0.00414,1,1,2,1.380517,1.000000,3.098794,0.007852,0.007886,14.969385,15918,-0.000527,0.076436,85103,34461,18842,12009,8379,6025,4748,3641,31124,1,1,1,1
22.4000,9643,1,1,106128,0,204203,0.519721,3,2,9,29,828283,27.54004,0.00222,2.37013,0.00414,1,1,3,1.413209,1.000000,1.183625,-0.009422,-0.009386,14.952089,15436,0.000628,0.074207,84664,34483,19068,12088,8319,6143,4538,3675,31224,1,1,1,1
23.0000,9643,1,1,108597,1,208128,0.521782,3,214,214,4495,136974,27.95594,0.00222,2.37013,0.00414,0,0,3,10.757628,10.477042,10.477042,-0.217486,-0.217240,14.743934,9650,0.014734,0.047046,86422,35279,19497,12210,8461,6202,4635,3747,31674,1,1,1,1
23.9000,9643,1,1,110936,0,213252,0.520213,1,10,10,1013,358268,28.57973,0.00222,2.37013,0.00414,1,1,2,1.174097,1.000000,2.118191,-0.529294,-0.529277,14.432085,972,0.036674,0.004841,88585,36132,19857,12523,8722,6373,4904,3900,32255,1,1,1,1
22.3500,9655,1,1,106625,1,204706,0.520871,3,762,762,762,3661195,27.50401,0.00246,2.37320,0.00396,0,0,3,8.377519,8.105907,8.105907,0.007247,0.007467,14.968664,15934,-0.000499,0.076421,84785,34935,19233,12059,8441,6042,4571,3810,30829,1,1,1,1
22.4000,9655,1,1,106998,0,205083,0.521733,1,4,77,77,2666226,27.53869,0.00246,2.37320,0.00396,1,1,3,1.175132,1.000000,1.114121,-0.009983,-0.009966,14.951398,15451,0.000667,0.074190,85187,35075,18863,12103,8339,6126,4659,3608,31122,1,1,1,1
23.0000,9655,1,1,108426,0,208254,0.520646,2,4,61,419,911954,27.95458,0.00246,2.37320,0.00396,1,1,2,1.383980,1.000000,2.364092,-0.217970,-0.217937,14.743517,9658,0.014782,0.047028,86469,35390,19316,12205,8516,6244,4631,3793,31689,1,1,1,1
23.9000,9655,1,1,111223,1,213188,0.521716,8,3,32,32,11618882,28.57837,0.00246,2.37320,0.00396,0,1,3,2.498710,1.977499,1.977499,-0.529858,-0.529764,14.431450,971,0.036709,0.004830,88398,36512,19597,12545,8628,6359,4826,3883,32439,1,1,1,1
22.3500,9667,1,1,106700,0,204729,0.521179,42,5,63,200,124162,27.50025,0.00236,2.37259,0.00424,1,1,2,1.375490,1.000000,2.419949,0.005392,0.005425,14.966876,15954,-0.000362,0.076431,84973,34708,19053,12187,8239,6198,4640,3674,31056,1,1,1,1
22.4000,9667,1,1,107065,1,204854,0.522643,5,4,16,55,348468,27.53489,0.00236,2.37259,0.00424,0,1,3,2.149775,1.855976,1.855976,-0.011910,-0.011831,14.949448,15471,0.000791,0.074204,84911,34859,18939,12211,8475,6134,4627,3584,31113,1,1,1,1
23.0000,9667,1,1,108931,1,208606,0.522188,1,3,11,52,108725,27.95083,0.00236,2.37259,0.00424,0,0,3,1.754204,1.254588,1.254588,-0.219860,-0.219802,14.741660,9673,0.014910,0.047049,86141,35932,19470,12454,8429,6199,4849,3781,31350,1,1,1,1
23.9000,9667,1,1,110857,1,213370,0.519555,1,150,150,150,397303,28.57464,0.00236,2.37259,0.00424,0,0,3,11.076454,10.236948,10.236948,-0.531877,-0.531628,14.429660,971,0.036843,0.004825,89034,35899,19664,12505,8810,6324,4724,3819,32590,1,1,1,1
22.3500,9679,1,1,107130,0,205229,0.522005,1,38,38,118,408710,27.50374,0.00247,2.36732,0.00613,1,1,2,1.399963,1.000000,18.637364,0.007101,0.007136,14.968629,15970,-0.000477,0.076404,84988,35088,19052,11938,8514,6189,4688,3685,31086,1,1,1,1
22.4000,9679,1,1,106731,1,205478,0.519430,1,5,17,17,155274,27.53840,0.00247,2.36732,0.00613,0,1,3,4.064795,3.187119,3.187119,-0.010138,-0.009993,14.951368,15486,0.000668,0.074174,85419,34857,18988,12269,8264,6157,4718,3608,31197,1,1,1,1
23.0000,9679,1,1,109323,1,208831,0.523502,7,8,12,66,2319085,27.95433,0.00247,2.36732,0.00613,0,1,3,3.686201,3.323640,3.323640,-0.218106,-0.217971,14.743222,9678,0.014784,0.047010,86552,35539,19591,12347,8433,6169,4786,3840,31573,1,1,1,1
23.9000,9679,1,1,110630,0,212974,0.519456,3,16,16,30,95399,28.57816,0.00247,2.36732,0.00613,1,1,2,1.154331,1.000000,2.879153,-0.530011,-0.529996,14.431356,967,0.036725,0.004799,88075,35904,19847,12744,8727,6369,4743,3850,32714,1,1,1,1
22.3500,9691,1,1,107168,0,204660,0.523642,1,108,108,108,1275890,27.50193,0.00164,2.37174,0.00405,1,1,2,1.402184,1.000000,52.776756,0.005744,0.005779,14.967270,15994,-0.000386,0.076431,84624,34739,19054,12116,8406,6174,4651,3674,31221,1,1,1,1
22.4000,9691,1,1,107333,1,205512,0.522274,1,9,46,46,117177,27.53662,0.00164,2.37174,0.00405,0,1,3,6.067653,4.863696,4.863696,-0.011478,-0.011292,14.950255,15510,0.000755,0.074203,85472,34698,19135,12177,8165,6066,4723,3686,31389,1,1,1,1
23.0000,9691,1,1,108862,0,209140,0.520525,1,62,62,62,783850,27.95254,0.00164,2.37174,0.00405,1,1,2,1.056176,1.000000,3.697442,-0.219422,-0.219416,14.741835,9697,0.014884,0.047048,86626,35819,19349,12392,8536,6293,4770,3770,31584,1,1,1,1
23.9000,9691,1,1,111343,1,213898,0.520545,3,8382,8382,8382,2178761,28.57630,0.00164,2.37174,0.00405,0,1,3,2.493630,1.840011,1.623680,-0.531264,-0.531169,14.430337,974,0.036809,0.004828,88782,36180,19803,12752,8666,6457,4958,3815,32484,1,1,1,1
22.3500,9703,1,1,107040,0,205479,0.520932,1,11,23,27,425913,27.51179,0.00178,2.37456,0.00413,1,0,2,1.274913,1.000000,3.958621,0.010819,0.010844,14.972364,16010,-0.000724,0.076387,84826,35210,19345,12088,8443,6006,4612,3760,31188,1,1,1,1
22.4000,9703,1,1,106950,0,205625,0.520124,2,4,192,192,687823,27.54643,0.00178,2.37456,0.00413,1,1,2,1.313010,1.000000,1.821942,-0.006464,-0.006436,14.954991,15524,0.000430,0.074154,85454,34920,19013,12084,8318,6058,4675,3638,31464,1,1,1,1
23.0000,9703,1,1,108706,0,208821,0.520573,3,8,28,31,159535,27.96234,0.00178,2.37456,0.00413,1,1,2,1.365218,1.000000,3.644193,-0.214451,-0.214419,14.747085,9702,0.014540,0.046997,86155,35761,19412,12478,8467,6262,4855,3707,31723,1,1,1,1
23.9000,9703,1,1,111166,0,214079,0.519278,1,2,26,26,142574,28.58612,0.00178,2.37456,0.00413,1,1,2,1.409853,1.000000,1.885681,-0.526308,-0.526273,14.435214,970,0.036458,0.004800,88771,36210,19841,12720,8665,6462,4867,3804,32738,1,1,1,1
22.3500,9715,1,1,107382,0,205952,0.521396,9,35,35,639,206414,27.50831,0.00178,2.37407,0.00403,1,0,2,1.034386,1.000000,1.252725,0.009154,0.009157,14.970705,16029,-0.000612,0.076392,85717,34621,19072,12179,8590,6144,4718,3718,31192,1,1,1,1
22.4000,9715,1,1,107678,0,206114,0.522422,23,126,177,177,265704,27.54299,0.00178,2.37407,0.00403,1,0,2,1.012515,1.000000,1.587636,-0.008196,-0.008195,14.953355,15544,0.000548,0.074166,85360,34987,19518,12169,8432,6062,4711,3648,31226,1,1,1,1
23.0000,9715,1,1,109225,1,209618,0.521069,1,6,6,3286,935338,27.95887,0.00178,2.37407,0.00403,0,0,3,2.229626,1.671957,1.671957,-0.216141,-0.216059,14.745376,9715,0.014653,0.047008,87258,35363,19487,12244,8577,6305,4744,3747,31892,1,1,1,1
23.9000,9715,1,1,111653,1,214581,0.520333,1,5,30,31,195678,28.58267,0.00178,2.37407,0.00403,0,0,3,3.122249,2.516498,2.516498,-0.528062,-0.527944,14.433454,973,0.036578,0.004810,89050,36401,20150,12556,8608,6382,4864,3890,32679,1,1,1,1
22.3500,9727,1,1,107091,1,205297,0.521642,3,2,730,730,145980,27.50221,0.00178,2.36479,0.00431,0,1,3,1.780576,1.288189,1.288189,0.006117,0.006176,14.967515,16046,-0.000413,0.076395,84987,34888,19079,12075,8376,6104,4675,3697,31415,1,1,1,1
22.4000,9727,1,1,107337,1,206401,0.520044,2,5,27,77,423489,27.53684,0.00178,2.36479,0.00431,0,1,3,3.648286,2.850976,2.850976,-0.011240,-0.011107,14.950432,15559,0.000743,0.074161,85627,35191,19088,12135,8322,6238,4677,3719,31403,1,1,1,1
23.0000,9727,1,1,108860,0,209416,0.519829,2,4,33,33,161981,27.95279,0.00178,2.36479,0.00431,1,1,2,1.405139,1.000000,2.163529,-0.219198,-0.219163,14.742328,9723,0.014866,0.046998,86763,35525,19526,12304,8483,6299,4874,3703,31938,1,1,1,1
23.9000,9727,1,1,112478,0,215430,0.522112,12,12,23,77,688677,28.57660,0.00178,2.36479,0.00431,1,1,2,1.085671,1.000000,1.199754,-0.531072,-0.531063,14.430232,968,0.036802,0.004780,89546,36463,20239,12738,8847,6475,4867,3725,32529,1,1,1,1
22.3500,9739,1,1,107642,0,206471,0.521345,2,101,101,223,176178,27.51004,0.00178,2.36950,0.00420,1,0,2,1.036699,1.000000,3.814525,0.009989,0.009993,14.971540,16076,-0.000667,0.076423,85483,35235,19315,12072,8450,6175,4685,3703,31352,1,1,1,1
22.4000,9739,1,1,107906,0,206389,0.522831,1,9,9,39,144710,27.54470,0.00178,2.36950,0.00420,1,1,2,1.177166,1.000000,1.955611,-0.007307,-0.007290,14.954077,15588,0.000487,0.074189,85731,34953,19147,12311,8375,6045,4703,3728,31395,1,1,1,1
23.0000,9739,1,1,109532,0,210473,0.520411,5,96,96,248,448362,27.96063,0.00178,2.36950,0.00420,1,1,2,1.261290,1.000000,28.689173,-0.215410,-0.215386,14.746021,9744,0.014606,0.047030,87467,35860,19725,12168,8487,6242,4769,3766,31988,1,1,1,1
23.9000,9739,1,1,111853,1,214788,0.520762,20,20,20,37,210949,28.58446,0.00178,2.36950,0.00420,0,1,3,10.715898,9.195786,9.195786,-0.527264,-0.527021,14.433962,979,0.036513,0.004827,89004,36561,19978,12600,8804,6368,4897,3838,32737,1,1,1,1
22.3500,9751,1,1,108096,0,207398,0.521203,1,2,7,15,394888,27.50921,0.00177,2.37166,0.00373,1,0,2,1.372451,1.000000,1.457875,0.009636,0.009669,14.971171,16094,-0.000646,0.076416,86575,35092,19426,12232,8444,6004,4645,3686,31293,1,1,1,1
22.4000,9751,1,1,107372,0,206356,0.520327,11,19,19,204,507741,27.54390,0.00177,2.37166,0.00373,1,1,2,1.329599,1.000000,7.642883,-0.007793,-0.007764,14.953748,15609,0.000519,0.074200,85154,35098,19400,12413,8266,6057,4837,3792,31338,1,1,1,1
23.0000,9751,1,1,109637,1,210623,0.520539,30,3,53,2667,3403103,27.95982,0.00177,2.37166,0.00373,0,1,3,1.453823,1.375703,1.375703,-0.215661,-0.215623,14.745530,9754,0.014623,0.047022,87270,36071,19783,12327,8451,6263,4741,3784,31932,1,1,1,1
23.9000,9751,1,1,112064,0,215248,0.520630,9,4,9,55,7814553,28.58358,0.00177,2.37166,0.00373,1,1,3,1.231817,1.000000,1.233492,-0.527542,-0.527520,14.433875,979,0.036547,0.004821,89411,36386,20036,12793,8696,6312,4982,3877,32754,1,1,1,1
22.3500,9763,1,1,107762,0,207142,0.520235,11,5,38,144,318813,27.50577,0.00283,2.37196,0.00488,1,1,2,1.337460,1.000000,2.176962,0.008370,0.008400,14.969910,16110,-0.000561,0.076404,86198,35199,19064,11965,8588,6085,4641,3769,31632,1,1,1,1
22.4000,9763,1,1,107676,0,207076,0.519986,1,9,9,51,455772,27.54042,0.00283,2.37196,0.00488,1,1,2,1.345610,1.000000,4.098793,-0.008985,-0.008955,14.952554,15625,0.000599,0.074190,85892,35292,19432,12136,8240,6079,4658,3670,31676,1,1,1,1
23.0000,9763,1,1,109717,1,210315,0.521682,15,48,48,179,646799,27.95632,0.00283,2.37196,0.00488,0,1,3,3.792987,3.306999,3.306999,-0.216926,-0.216789,14.744747,9764,0.014703,0.047015,86964,35843,19813,12474,8522,6305,4725,3727,31941,1,1,1,1
23.9000,9763,1,1,112425,1,215603,0.521447,2,4,17,52,1040160,28.58010,0.00283,2.37196,0.00488,0,1,3,1.706770,1.207056,1.071553,-0.528757,-0.528702,14.432780,981,0.036632,0.004826,89103,36856,20043,12760,8852,6259,5023,3946,32760,1,1,1,1
22.3500,9775,1,1,107839,1,206222,0.522929,1,63,63,132,140407,27.50330,0.00236,2.36868,0.00428,0,1,3,2.253034,2.083286,2.083286,0.006917,0.007000,14.968543,16130,-0.000468,0.076412,85300,35001,19311,12161,8392,6217,4758,3684,31397,1,1,1,1
22.4000,9775,1,1,108174,0,207654,0.520936,2,3,527,527,562965,27.53797,0.00236,2.36868,0.00428,1,1,2,1.412117,1.000000,2.214525,-0.010423,-0.010388,14.951098,15641,0.000695,0.074182,86396,35376,19159,12151,8431,6143,4720,3766,31511,1,1,1,1
23.0000,9775,1,1,110147,1,211126,0.521715,1,4,196,196,253813,27.95386,0.00236,2.36868,0.00428,0,1,3,1.344162,1.229797,1.229797,-0.218337,-0.218307,14.743235,9776,0.014807,0.047019,87806,35913,19405,12463,8634,6282,4747,3893,31982,1,1,1,1
23.9000,9775,1,1,112632,0,216498,0.520247,1,8,66,66,80180,28.57766,0.00236,2.36868,0.00428,1,1,3,1.109785,1.000000,1.164016,-0.530229,-0.530218,14.431322,979,0.036741,0.004810,89769,37207,19999,12714,8794,6429,4872,3984,32729,1,1,1,1
22.3500,9787,1,1,107655,1,207106,0.519809,1,2,33,33,3098627,27.50395,0.00236,2.36892,0.00459,0,0,3,1.476296,1.044305,1.044305,0.007298,0.007337,14.968815,16150,-0.000490,0.076412,85893,35138,19522,12207,8468,6108,4677,3632,31460,1,1,1,1
22.4000,9787,1,1,108277,1,207772,0.521136,3,4,92,92,143546,27.53859,0.00236,2.36892,0.00459,0,1,3,2.265306,1.871472,1.871472,-0.010053,-0.009970,14.951559,15661,0.000667,0.074184,86543,35234,19307,12155,8471,6139,4687,3703,31532,1,1,1,1
23.0000,9787,1,1,109747,1,210885,0.520414,1,106,106,106,21405649,27.95453,0.00236,2.36892,0.00459,0,1,3,3.377022,2.683646,2.584651,-0.218043,-0.217919,14.743488,9789,0.014781,0.047023,87437,35904,19602,12459,8555,6184,4781,3705,32257,1,1,1,1
23.9000,9787,1,1,112235,1,215965,0.519693,2,2,25,85,265542,28.57834,0.00236,2.36892,0.00459,0,0,3,1.719728,1.352654,1.352654,-0.529915,-0.529860,14.431552,980,0.036715,0.004809,89480,36655,20217,12673,8744,6458,4852,3926,32959,1,1,1,1
22.3500,9799,1,1,108661,1,207993,0.522429,1,2,3,80,392200,27.50746,0.00250,2.37477,0.00414,0,1,3,2.018589,1.550814,1.550814,0.009112,0.009184,14.970701,16171,-0.000613,0.076408,86483,35406,19268,12279,8562,6224,4686,3711,31373,1,1,1,1
22.4000,9799,1,1,108382,0,207771,0.521644,1,8,181,181,1270990,27.54213,0.00250,2.37477,0.00414,1,1,2,1.319037,1.000000,3.465181,-0.008260,-0.008232,14.953282,15681,0.000551,0.074179,86061,35260,19496,12246,8379,6143,4731,3861,31593,1,1,1,1
23.0000,9799,1,1,109837,1,211297,0.519825,25,4,25,50,189088,27.95806,0.00250,2.37477,0.00414,0,1,3,1.633581,1.157435,1.104050,-0.216163,-0.216113,14.745374,9798,0.014656,0.047003,87912,35889,19671,12518,8541,6079,4712,3807,32167,1,1,1,1
23.9000,9799,1,1,111919,1,215917,0.518345,2,17,17,379,659368,28.58188,0.00250,2.37477,0.00414,0,1,3,2.408087,2.279484,2.279484,-0.528117,-0.528027,14.433518,979,0.036583,0.004798,89729,36458,20052,12800,8613,6337,4960,3906,33061,1,1,1,1
22.3500,9811,1,1,108126,0,207789,0.520367,2,4,12,174,292268,27.49436,0.00334,2.37815,0.00392,1,0,2,1.275228,1.000000,1.443246,0.002997,0.003021,14.964542,16188,-0.000202,0.076426,86418,34964,19400,12376,8372,6331,4679,3721,31527,1,1,1,1
22.4000,9811,1,1,108683,1,208459,0.521366,1,12,37,37,728599,27.52905,0.00334,2.37815,0.00392,0,1,3,6.748436,5.591918,5.591918,-0.014417,-0.014222,14.947101,15695,0.000952,0.074185,86141,35675,19523,12367,8666,6270,4716,3720,31380,1,1,1,1
23.0000,9811,1,1,110485,1,211935,0.521318,1,32,32,32,190372,27.94497,0.00334,2.37815,0.00392,0,1,3,11.330705,10.564325,10.564325,-0.222408,-0.222160,14.739390,9808,0.015073,0.047012,88114,36242,19566,12389,8691,6390,4781,3781,31980,1,1,1,1
23.9000,9811,1,1,112233,1,216449,0.518522,4,2,121,121,888053,28.56874,0.00334,2.37815,0.00392,0,1,3,1.774987,1.390221,1.390221,-0.534187,-0.534128,14.427392,980,0.037022,0.004799,89826,36498,20398,12779,8640,6641,5030,3947,32689,1,1,1,1
22.3500,9823,1,1,108044,0,207336,0.521108,1,1,14,2297,222473,27.49875,0.00176,2.38152,0.00438,1,1,3,1.413881,1.000000,1.337740,0.004355,0.004391,14.965874,16207,-0.000293,0.076416,85729,35101,19401,12208,8453,6254,4755,3714,31720,1,1,1,1
22.4000,9823,1,1,108554,0,208215,0.521358,3,87,87,115,1076675,27.53340,0.00176,2.38152,0.00438,1,1,2,1.089461,1.000000,8.196266,-0.013064,-0.013055,14.948488,15717,0.000873,0.074191,86576,35388,19352,12238,8450,6064,4721,3746,31679,1,1,1,1
23.0000,9823,1,1,110466,0,211530,0.522226,1,129,129,129,1523744,27.94930,0.00176,2.38152,0.00438,1,1,2,1.015222,1.000000,2.027977,-0.220943,-0.220941,14.740609,9822,0.014989,0.047018,87902,36003,19567,12454,8731,6156,4724,3838,32154,1,1,1,1
23.9000,9823,1,1,112751,1,216814,0.520038,2,5,11,921,98150,28.57309,0.00176,2.38152,0.00438,0,1,3,3.821388,2.881844,2.881844,-0.532853,-0.532717,14.428825,982,0.036920,0.004802,89866,36941,20185,12676,8881,6434,4865,4001,32964,1,1,1,1
22.3500,9835,1,1,108757,1,208544,0.521509,2,27,27,291,109268,27.50080,0.00099,2.37863,0.00407,0,1,3,2.006414,1.614390,1.614390,0.004997,0.005067,14.966593,16231,-0.000339,0.076432,87016,35219,19257,12089,8523,6097,4771,3830,31741,1,1,1,1
22.4000,9835,1,1,108677,1,208447,0.521368,3,8,8,31,694228,27.53548,0.00099,2.37863,0.00407,0,0,3,2.096623,1.840753,1.840753,-0.012349,-0.012274,14.949072,15743,0.000821,0.074221,86811,35244,19255,12357,8458,6188,4686,3679,31768,1,1,1,1
23.0000,9835,1,1,110139,1,211471,0.520826,1,100,100,215,776257,27.95137,0.00099,2.37863,0.00407,0,1,3,2.117128,1.503628,1.170248,-0.220270,-0.220194,14.741297,9838,0.014937,0.047035,87489,36026,19668,12390,8579,6420,4871,3797,32230,1,1,1,1
23.9000,9835,1,1,112770,0,216537,0.520791,1,83,83,83,303676,28.57516,0.00099,2.37863,0.00407,1,1,2,1.046356,1.000000,4.029338,-0.532231,-0.532227,14.429320,987,0.036885,0.004821,89638,36822,20193,12592,8902,6348,4909,3843,33289,1,1,1,1
22.3500,9847,1,1,108531,1,208206,0.521270,1,2,11,111,863890,27.50541,0.00106,2.38574,0.00505,0,1,3,1.849890,1.370851,1.370851,0.007357,0.007420,14.968822,16247,-0.000496,0.076402,86464,35030,19433,12255,8519,6339,4665,3730,31770,1,1,1,1
22.4000,9847,1,1,108924,0,208936,0.521330,5,11,768,768,1379422,27.54004,0.00106,2.38574,0.00505,1,1,2,1.247811,1.000000,3.371571,-0.010006,-0.009984,14.951541,15755,0.000668,0.074174,86632,35624,19339,12524,8626,6122,4772,3713,31583,1,1,1,1
23.0000,9847,1,1,110855,1,213024,0.520390,1,2,6,97,224728,27.95599,0.00106,2.38574,0.00505,0,1,3,1.952739,1.491405,1.491405,-0.217936,-0.217868,14.743648,9847,0.014777,0.047013,88701,36333,19699,12502,8660,6392,4863,3750,32123,1,1,1,1
23.9000,9847,1,1,113044,0,216847,0.521310,1,3,15,103,2894021,28.57980,0.00106,2.38574,0.00505,1,0,2,1.341388,1.000000,1.823255,-0.529853,-0.529823,14.431688,985,0.036712,0.004804,89901,36572,20377,12898,8760,6502,4858,3888,33090,1,1,1,1
22.3500,9859,1,1,108528,0,208638,0.520176,4,3,42,42,1494439,27.50922,0.00174,2.38469,0.00374,1,0,3,1.313057,1.000000,1.218100,0.009625,0.009653,14.971168,16270,-0.000645,0.076405,86547,35535,19429,12229,8490,6235,4776,3719,31677,1,1,1,1
22.4000,9859,1,1,108982,0,208749,0.522074,8,4,15,10222,187648,27.54388,0.00174,2.38469,0.00374,1,1,2,1.310343,1.000000,1.662174,-0.007721,-0.007693,14.953823,15778,0.000514,0.074181,86629,35301,19446,12182,8477,6241,4801,3620,32051,1,1,1,1
23.0000,9859,1,1,111329,1,212699,0.523413,2,3,10,54,279286,27.95981,0.00174,2.38469,0.00374,0,1,3,1.820914,1.458335,1.458335,-0.215681,-0.215620,14.745905,9860,0.014622,0.047011,88528,36019,19782,12569,8698,6328,4865,3806,32103,1,1,1,1
23.9000,9859,1,1,113464,0,217988,0.520508,4,7,7,61,425747,28.58363,0.00174,2.38469,0.00374,1,0,2,1.142121,1.000000,1.158775,-0.527582,-0.527569,14.433969,987,0.036550,0.004808,90630,37102,20426,12669,8928,6406,4959,3914,32953,1,1,1,1
22.3500,9871,1,1,108747,1,208637,0.521228,5,108,108,108,1747198,27.51292,0.00119,2.39288,0.00377,0,1,3,1.957299,1.863139,1.863139,0.011191,0.011259,14.972806,16285,-0.000752,0.076375,86731,35309,19299,12247,8348,6139,4981,3770,31812,1,1,1,1
22.4000,9871,1,1,109345,1,208940,0.523335,2,20,20,58,599517,27.54760,0.00119,2.39288,0.00377,0,1,3,5.475453,4.997418,4.997418,-0.006204,-0.006032,14.955265,15792,0.000403,0.074149,86639,35732,19456,11980,8455,6186,4784,3671,32036,1,1,1,1
23.0000,9871,1,1,111138,0,212546,0.522892,1,8,99,99,621944,27.96352,0.00119,2.39288,0.00377,1,1,2,1.322474,1.000000,3.306389,-0.214141,-0.214113,14.747321,9869,0.014519,0.046992,88104,36236,19702,12539,8713,6260,4812,3811,32368,1,1,1,1
23.9000,9871,1,1,113758,0,218407,0.520856,20,7,20,20,127738,28.58729,0.00119,2.39288,0.00377,1,0,2,1.155436,1.000000,1.244318,-0.525976,-0.525961,14.435575,985,0.036435,0.004791,91181,36831,20300,12804,8885,6590,4959,3801,33055,1,1,1,1
22.3500,9883,1,1,108644,0,209112,0.519552,1,2,30,31,802998,27.51186,0.00112,2.39241,0.00370,1,0,3,1.311718,1.000000,1.153365,0.010596,0.010623,14.972139,16306,-0.000710,0.076384,86953,35592,19300,12310,8342,6189,4815,3745,31865,1,1,1,1
22.4000,9883,1,1,109469,1,209857,0.521639,5,22,92,1204,88305,27.54651,0.00112,2.39241,0.00370,0,1,3,2.300518,2.211827,2.211827,-0.006761,-0.006677,14.954871,15812,0.000446,0.074155,87119,35705,19568,12300,8693,6231,4726,3756,31758,1,1,1,1
23.0000,9883,1,1,111198,0,213112,0.521784,4,2,5,142,117971,27.96241,0.00112,2.39241,0.00370,1,1,3,1.338133,1.000000,1.239127,-0.214682,-0.214652,14.746787,9882,0.014556,0.046999,88108,36549,19965,12497,8922,6326,4712,3823,32209,1,1,1,1
23.9000,9883,1,1,113754,0,218404,0.520844,11,27,27,383,351688,28.58619,0.00112,2.39241,0.00370,1,1,2,1.267868,1.000000,8.481877,-0.526672,-0.526648,14.434875,989,0.036484,0.004805,90930,36985,20131,12822,8837,6534,4876,3934,33354,1,1,1,1
22.3500,9895,1,1,109239,1,209651,0.521054,8,6,11,32,607512,27.50932,0.00186,2.39048,0.00423,0,0,3,1.878800,1.765375,1.765375,0.009691,0.009755,14.971027,16322,-0.000652,0.076372,87196,35372,19498,12370,8554,6339,4704,3768,31849,1,1,1,1
22.4000,9895,1,1,109666,0,209978,0.522276,38,5,38,38,3385574,27.54400,0.00186,2.39048,0.00423,1,1,2,1.363947,1.000000,2.264088,-0.007660,-0.007629,14.953821,15827,0.000510,0.074141,87435,35913,19368,12201,8436,6224,4724,3845,31831,1,1,1,1
23.0000,9895,1,1,111030,0,212812,0.521731,1,20,20,20,481213,27.95989,0.00186,2.39048,0.00423,1,1,2,1.222320,1.000000,5.282090,-0.215647,-0.215627,14.745767,9890,0.014623,0.046983,88094,36136,19815,12551,8637,6307,4833,3843,32595,1,1,1,1
23.9000,9895,1,1,114253,1,218973,0.521770,1,20,26,45,554222,28.58368,0.00186,2.39048,0.00423,0,1,3,6.622479,5.755131,5.755131,-0.527550,-0.527359,14.433990,985,0.036536,0.004780,90890,37186,20267,12988,9065,6602,4995,3908,33071,1,1,1,1
22.3500,9907,1,1,109511,1,209996,0.521493,1,1,5,19,1245365,27.51120,0.00320,2.39322,0.00418,0,1,3,1.518545,1.078850,1.078850,0.011340,0.011382,14.972873,16352,-0.000760,0.076410,86953,35739,19593,12464,8686,6246,4802,3743,31769,1,1,1,1
22.4000,9907,1,1,109743,1,209854,0.522952,1,10,249,249,247057651,27.54583,0.00320,2.39322,0.00418,0,1,3,2.948560,2.644382,2.644382,-0.006022,-0.005913,14.955628,15855,0.000395,0.074173,86950,35988,19292,12279,8454,6336,4808,3699,32047,1,1,1,1
23.0000,9907,1,1,111101,1,213427,0.520560,1,11,288,288,218037,27.96178,0.00320,2.39322,0.00418,0,1,3,6.779899,5.519705,5.519705,-0.214032,-0.213839,14.747437,9910,0.014500,0.047015,88814,36020,19866,12521,8762,6249,4911,3736,32547,1,1,1,1
23.9000,9907,1,1,114546,0,219815,0.521104,1,2,21,244,606788,28.58559,0.00320,2.39322,0.00418,1,0,3,1.348644,1.000000,1.239371,-0.525861,-0.525831,14.435679,996,0.036426,0.004827,91443,37370,20590,13152,8897,6536,4963,3997,32866,1,1,1,1
22.3500,9919,1,1,110006,0,210454,0.522711,1,4,7,171,896287,27.51729,0.00158,2.39794,0.00510,1,1,2,1.406789,1.000000,2.531762,0.013542,0.013576,14.975069,16366,-0.000907,0.076371,87274,35995,19623,12387,8497,6426,4730,3792,31729,1,1,1,1
22.4000,9919,1,1,109747,1,210179,0.522162,2,2,15,36,181603,27.55195,0.00158,2.39794,0.00510,0,1,3,1.565610,1.221890,1.221890,-0.003751,-0.003706,14.957815,15871,0.000248,0.074147,87146,35696,19668,12422,8432,6216,4752,3774,32072,1,1,1,1
23.0000,9919,1,1,111545,1,213571,0.522288,10,2,89,1219,146449,27.96788,0.00158,2.39794,0.00510,0,1,3,1.525413,1.247553,1.247553,-0.211715,-0.211672,14.749856,9918,0.014351,0.046989,88510,36478,19855,12614,8589,6397,4838,3742,32547,1,1,1,1
23.9000,9919,1,1,114091,1,219184,0.520529,1,1,136,136,753110,28.59171,0.00158,2.39794,0.00510,0,0,3,1.555212,1.149052,1.149052,-0.523625,-0.523580,14.437866,991,0.036264,0.004797,91387,36985,20458,12965,8873,6560,4976,3838,33141,1,1,1,1
22.3500,9931,1,1,109563,1,210104,0.521473,1,5,10,471,258003,27.51494,0.00158,2.39242,0.00398,0,1,3,3.489870,2.763876,2.763876,0.012374,0.012500,14.974047,16390,-0.000835,0.076396,87171,35572,19664,12343,8505,6249,4663,3804,32132,1,1,1,1
22.4000,9931,1,1,109415,1,210205,0.520518,2,2,18,68,824991,27.54963,0.00158,2.39242,0.00398,0,1,3,2.384958,1.711165,1.711165,-0.004946,-0.004858,14.956491,15897,0.000325,0.074185,87109,35885,19586,12373,8592,6220,4682,3675,32082,1,1,1,1
23.0000,9931,1,1,111443,1,213852,0.521125,4,28,28,56,21546027,27.96554,0.00158,2.39242,0.00398,0,1,3,9.028825,8.108574,8.108574,-0.212982,-0.212761,14.748782,9934,0.014426,0.047011,88750,36360,19740,12530,8862,6415,4837,3902,32455,1,1,1,1
23.9000,9931,1,1,114051,1,219243,0.520206,2,1,63,63,356569,28.58931,0.00158,2.39242,0.00398,0,0,3,1.479956,1.217695,1.217695,-0.524767,-0.524728,14.436664,997,0.036347,0.004820,90920,37441,20573,12809,8715,6489,4975,4029,33291,1,1,1,1
22.3500,9943,1,1,109915,1,210252,0.522780,1,4,67,67,250568,27.51378,0.00191,2.39473,0.00360,0,1,3,1.702242,1.210974,1.166191,0.011957,0.012010,14.973482,16409,-0.000802,0.076395,86928,36001,19654,12420,8525,6233,4760,3717,32013,1,1,1,1
22.4000,9943,1,1,109655,1,209966,0.522254,1,434,434,434,303897,27.54843,0.00191,2.39473,0.00360,0,0,3,18.192414,17.663330,17.663330,-0.005507,-0.005215,14.955983,15912,0.000349,0.074168,87033,35651,19583,12282,8505,6155,4738,3762,32256,1,1,1,1
23.0000,9943,1,1,111793,1,214159,0.522012,1,2,16,230,309172,27.96433,0.00191,2.39473,0.00360,0,1,3,2.600720,1.842307,1.842307,-0.213345,-0.213249,14.748274,9946,0.014459,0.047013,88693,36542,19871,12498,8790,6363,4924,3909,32568,1,1,1,1
23.9000,9943,1,1,114434,0,219546,0.521233,4,26,42,46,65220,28.58811,0.00191,2.39473,0.00360,1,1,2,1.044053,1.000000,1.238862,-0.525216,-0.525211,14.436025,998,0.036382,0.004819,91273,37422,20500,12724,8825,6393,5003,3975,33430,1,1,1,1
22.3500,9955,1,1,110294,0,211021,0.522671,2,11,76,76,136077,27.51756,0.00252,2.39559,0.00459,1,1,2,1.138671,1.000000,1.757364,0.014141,0.014154,14.975503,16429,-0.000945,0.076386,87655,35774,19630,12444,8590,6376,4706,3810,32035,1,1,1,1
22.4000,9955,1,1,110114,0,210549,0.522988,2,19,19,26,1164043,27.55224,0.00252,2.39559,0.00459,1,1,2,1.222323,1.000000,5.030471,-0.003249,-0.003229,14.958167,15929,0.000216,0.074147,87147,35842,19537,12371,8578,6234,4864,3707,32268,1,1,1,1
23.0000,9955,1,1,111729,1,214562,0.520733,2,3,8,36,27481817,27.96813,0.00252,2.39559,0.00459,0,1,3,1.809698,1.285810,1.285810,-0.211121,-0.211061,14.750431,9956,0.014309,0.046996,89310,36313,19781,12577,8776,6426,4864,3807,32707,1,1,1,1
23.9000,9955,1,1,114878,0,220013,0.522144,1,3,12,55,2315630,28.59192,0.00252,2.39559,0.00459,1,0,2,1.362456,1.000000,1.836938,-0.523041,-0.523010,14.438498,999,0.036223,0.004818,91516,37227,20615,12903,8853,6436,5016,3909,33537,1,1,1,1
22.3500,9967,1,1,110137,1,211276,0.521297,3,7,7,135,177168,27.51975,0.00097,2.39787,0.00489,0,1,3,2.198393,1.929753,1.929753,0.014472,0.014551,14.976090,16448,-0.000972,0.076379,87686,35987,19736,12401,8464,6223,4810,3959,32009,1,1,1,1
22.4000,9967,1,1,110274,0,211370,0.521713,2,9,9,73,195830,27.55438,0.00097,2.39787,0.00489,1,1,2,1.408480,1.000000,4.895706,-0.002891,-0.002857,14.958617,15947,0.000191,0.074139,87933,35868,19590,12492,8651,6221,4819,3695,32100,1,1,1,1
23.0000,9967,1,1,111932,0,214541,0.521730,2,7,8,22,54094,27.97033,0.00097,2.39787,0.00489,1,1,2,1.394585,1.000000,3.571456,-0.210847,-0.210814,14.750651,9966,0.014292,0.046986,88640,36463,20028,12732,8794,6371,4989,3863,32660,1,1,1,1
23.9000,9967,1,1,114629,1,219735,0.521672,1,16,16,251,1100712,28.59414,0.00097,2.39787,0.00489,0,1,3,8.872688,7.510371,7.510371,-0.522791,-0.522572,14.438976,996,0.036192,0.004797,90995,37450,20580,12785,8891,6590,4985,4043,33415,1,1,1,1
22.3500,9979,1,1,110107,1,211100,0.521589,2,3,263,263,162830,27.51207,0.00097,2.39980,0.00471,0,1,3,2.756196,2.020741,2.020741,0.010640,0.010742,14.972274,16465,-0.000717,0.076386,87727,35938,19479,12356,8713,6297,4693,3767,32129,1,1,1,1
22.4000,9979,1,1,110427,1,211711,0.521596,1,4,10,91,322732,27.54673,0.00097,2.39980,0.00471,0,0,3,2.489513,1.940871,1.940871,-0.006688,-0.006597,14.954824,15966,0.000441,0.074157,88114,35881,19744,12382,8620,6264,4767,3877,32061,1,1,1,1
23.0000,9979,1,1,112208,0,214900,0.522143,2,2,12,145,310472,27.96266,0.00097,2.39980,0.00471,1,1,3,1.405697,1.000000,1.230017,-0.214630,-0.214596,14.746876,9979,0.014552,0.047003,89246,36454,20004,12599,8677,6478,4809,3908,32724,1,1,1,1
23.9000,9979,1,1,114215,1,219716,0.519833,1,8,23,23,107976,28.58648,0.00097,2.39980,0.00471,0,0,3,2.623028,1.982839,1.982839,-0.526566,-0.526469,14.434967,998,0.036472,0.004802,90967,37202,20485,12940,9088,6666,5061,3923,33383,1,1,1,1
22.3500,9991,1,1,109969,1,210814,0.521642,1,2,60,305,328339,27.50747,0.00111,2.39194,0.00352,0,0,3,1.439855,1.019025,1.019025,0.008465,0.008502,14.969989,16491,-0.000568,0.076426,87280,35855,19409,12513,8702,6161,4789,3858,32246,1,1,1,1
22.4000,9991,1,1,110287,1,211386,0.521735,1,53,53,56,567899,27.54216,0.00111,2.39194,0.00352,0,1,3,3.078186,2.428065,2.353330,-0.008927,-0.008814,14.952710,15988,0.000589,0.074181,87484,35948,19652,12541,8665,6330,4791,3802,32172,1,1,1,1
23.0000,9991,1,1,112061,1,215396,0.520258,1,59,59,59,1515877,27.95807,0.00111,2.39194,0.00352,0,1,3,11.924437,11.518105,11.518105,-0.216965,-0.216716,14.744835,9992,0.014698,0.047014,89406,36721,20046,12592,8796,6498,4769,3971,32596,1,1,1,1
23.9000,9991,1,1,115554,0,221067,0.522713,8,13,34,34,911484,28.58184,0.00111,2.39194,0.00352,1,1,2,1.349831,1.000000,5.497829,-0.528813,-0.528782,14.432728,1002,0.036638,0.004817,91684,38081,20558,12970,8984,6503,4974,3940,33372,1,1,1,1
