k,n,ok,brk,idx,parity,len,irat,pqat,pqnext,pqw5,pqw20,pqmax,logh11,logh22,logmz,logg0,incone,redst,jhi,rho,rho2,skew,loglam1,logcone,logq,v2qp,dinf,d2,q1,q2,q3,q4,q5,q6,q7,q8,q9,cY,cX,cIdx,intq
22.3500,5694,1,1,62998,0,120835,0.521360,1,1,11,30,63316,27.49132,0.00170,2.36513,0.00606,1,0,3,1.411364,1.000000,1.107335,0.000514,0.000575,14.961960,9400,-0.000038,0.076480,50281,20517,11237,7230,4886,3546,2779,2168,18190,1,1,1,1
22.4000,5694,1,1,63273,1,120885,0.523419,3,5,29,29,234111,27.52602,0.00170,2.36513,0.00606,0,1,3,1.420779,1.370106,1.370106,-0.016853,-0.016791,14.944698,9114,0.001124,0.074239,50190,20655,11204,7111,4854,3610,2766,2154,18340,1,1,1,1
23.0000,5694,1,1,64272,0,123099,0.522121,1,3,822,822,11995380,27.94198,0.00170,2.36513,0.00606,1,1,2,1.306399,1.000000,1.523586,-0.224845,-0.224798,14.736482,5700,0.015255,0.047086,51375,20995,11368,7139,4941,3522,2819,2189,18750,1,1,1,1
23.9000,5694,1,1,65483,1,125519,0.521702,1,557,557,557,913809,28.56574,0.00170,2.36513,0.00606,0,1,3,34.014458,33.224894,33.224894,-0.536995,-0.536376,14.424456,573,0.037185,0.004836,52202,21243,11522,7294,5082,3778,2851,2271,19275,1,1,1,1
22.3500,5695,1,1,62850,0,120866,0.520002,1,4,655,655,167118,27.48707,0.00242,2.36518,0.00757,1,1,2,1.309123,1.000000,1.822565,-0.001378,-0.001330,14.959952,9398,0.000089,0.076460,50354,20425,11289,7134,4944,3569,2750,2194,18206,1,1,1,1
22.4000,5695,1,1,63038,0,120707,0.522244,1,4,18,1637,283015,27.52176,0.00242,2.36518,0.00757,1,0,2,1.258329,1.000000,1.636420,-0.018713,-0.018673,14.942774,9115,0.001250,0.074243,50105,20393,11365,7162,5005,3490,2711,2165,18310,1,1,1,1
23.0000,5695,1,1,63944,0,122791,0.520759,105,2,220,220,220130,27.93765,0.00242,2.36518,0.00757,1,1,3,1.412341,1.000000,1.240210,-0.226631,-0.226570,14.734795,5696,0.015377,0.047050,50971,20777,11735,7060,4995,3659,2818,2112,18663,1,1,1,1
23.9000,5695,1,1,65219,1,125410,0.520050,2,136,136,136,175033,28.56142,0.00242,2.36518,0.00757,0,1,3,3.046244,2.629286,2.629286,-0.538585,-0.538389,14.423078,576,0.037328,0.004861,51860,21196,11786,7366,5037,3807,2771,2192,19394,1,1,1,1
22.3500,5696,1,1,62801,1,120590,0.520785,1,1,5,17,92418,27.48990,0.00183,2.36869,0.00685,0,0,3,1.709120,1.273677,1.273677,-0.000186,-0.000092,14.961356,9408,0.000006,0.076521,49862,20538,11104,7333,4946,3636,2763,2164,18243,1,1,1,1
22.4000,5696,1,1,62801,1,120857,0.519635,9,9,27,27,1375178,27.52458,0.00183,2.36869,0.00685,0,1,3,1.669471,1.414147,1.414147,-0.017540,-0.017450,14.944013,9124,0.001168,0.074297,50434,20757,10966,7127,4905,3493,2668,2158,18348,1,1,1,1
23.0000,5696,1,1,63910,0,122715,0.520804,1,27,27,217,244975,27.94052,0.00183,2.36869,0.00685,1,1,2,1.068987,1.000000,2.037501,-0.225540,-0.225528,14.735493,5705,0.015305,0.047114,50735,21014,11482,7239,4993,3683,2769,2246,18553,1,1,1,1
23.9000,5696,1,1,65495,1,125678,0.521138,1,6,8,17,1957130,28.56430,0.00183,2.36869,0.00685,0,0,3,2.029211,1.529853,1.529853,-0.537405,-0.537281,14.424012,579,0.037249,0.004885,51925,21602,11646,7456,5145,3750,2939,2289,18925,1,1,1,1
22.3500,5697,1,1,62461,1,119882,0.521025,1,234,506,506,231905,27.48856,0.00195,2.36657,0.00591,0,1,3,47.052086,45.970529,45.970529,-0.001068,-0.000392,14.961103,9406,0.000026,0.076493,49518,20280,11099,7172,4977,3536,2708,2116,18475,1,1,1,1
22.4000,5697,1,1,63172,0,120899,0.522523,1,6,18,39,187737,27.52324,0.00195,2.36657,0.00591,1,1,2,1.199108,1.000000,1.601821,-0.018108,-0.018076,14.943383,9121,0.001210,0.074263,50320,20500,11223,7126,4804,3593,2820,2140,18372,1,1,1,1
23.0000,5697,1,1,64181,1,122784,0.522719,1,3,102,102,1061869,27.93923,0.00195,2.36657,0.00591,0,1,3,2.173135,1.593111,1.593111,-0.226103,-0.225966,14.735451,5702,0.015335,0.047081,50863,21015,11420,7209,4979,3557,2823,2220,18697,1,1,1,1
23.9000,5697,1,1,65666,0,125892,0.521610,1,1,10,51,621541,28.56302,0.00195,2.36657,0.00591,1,0,3,1.403990,1.000000,1.115004,-0.537970,-0.537911,14.423484,575,0.037294,0.004850,52137,21484,11765,7326,5202,3858,2900,2292,18927,1,1,1,1
22.3500,5698,1,1,63074,0,121097,0.520859,1,1,102,102,347250,27.49054,0.00195,2.36755,0.00557,1,0,3,1.388665,1.000000,1.094261,0.000172,0.000229,14.961635,9410,-0.000015,0.076509,50305,20477,11288,7209,5106,3553,2734,2179,18245,1,1,1,1
22.4000,5698,1,1,63067,1,120891,0.521689,1,1,19,65,340964,27.52521,0.00195,2.36755,0.00557,0,1,3,1.658783,1.189842,1.189842,-0.017171,-0.017083,14.944320,9124,0.001143,0.074270,50017,20887,11154,7311,4844,3511,2723,2150,18293,1,1,1,1
23.0000,5698,1,1,63970,0,122738,0.521196,1,2,13,15,2149201,27.94113,0.00195,2.36755,0.00557,1,0,2,1.370633,1.000000,1.620242,-0.225155,-0.225099,14.736315,5704,0.015275,0.047086,51036,20617,11343,7336,4969,3691,2812,2255,18678,1,1,1,1
23.9000,5698,1,1,65582,0,125714,0.521680,4,2,8,812,69383,28.56493,0.00195,2.36755,0.00557,1,1,3,1.334180,1.000000,1.157205,-0.537029,-0.536978,14.424320,575,0.037227,0.004849,52248,21174,11770,7354,5138,3801,2875,2284,19069,1,1,1,1
22.3500,5699,1,1,62965,1,120612,0.522050,1,2,43,7087,282500,27.48840,0.00182,2.36852,0.00569,0,0,3,1.523104,1.080810,1.080810,-0.000915,-0.000841,14.960518,9410,0.000056,0.076501,50086,20391,11249,7068,4943,3613,2757,2170,18334,1,1,1,1
22.4000,5699,1,1,63188,0,120983,0.522293,1,195,195,195,128554,27.52306,0.00182,2.36852,0.00569,1,1,2,1.013738,1.000000,2.746631,-0.018333,-0.018331,14.943163,9124,0.001227,0.074262,50092,20682,11300,7125,4948,3667,2767,2153,18248,1,1,1,1
23.0000,5699,1,1,64101,1,122471,0.523402,1,4,4,122,255401,27.93902,0.00182,2.36852,0.00569,0,1,3,2.055842,1.732207,1.732207,-0.226273,-0.226147,14.735315,5704,0.015347,0.047081,50908,20562,11344,7269,4981,3577,2854,2260,18715,1,1,1,1
23.9000,5699,1,1,65724,0,125996,0.521640,1,6,19,19,541791,28.56284,0.00182,2.36852,0.00569,1,1,3,1.138908,1.000000,1.051462,-0.538141,-0.538118,14.423023,575,0.037310,0.004849,52351,21516,11569,7406,5066,3870,2876,2296,19045,1,1,1,1
22.3500,5700,1,1,62976,0,120923,0.520799,1,254,254,254,1241833,27.48511,0.00320,2.36505,0.00557,1,1,2,1.042971,1.000000,11.211186,-0.002157,-0.002150,14.958791,9410,0.000144,0.076497,50556,20449,11074,7076,4936,3591,2796,2068,18376,1,1,1,1
22.4000,5700,1,1,63020,0,121124,0.520298,1,8,10,29,488294,27.51977,0.00320,2.36505,0.00557,1,1,2,1.344422,1.000000,3.711932,-0.019389,-0.019337,14.942087,9128,0.001294,0.074287,50065,20704,11282,7317,4978,3637,2709,2151,18280,1,1,1,1
23.0000,5700,1,1,64023,1,123096,0.520110,3,16,16,392,362664,27.93566,0.00320,2.36505,0.00557,0,1,3,2.951385,2.258552,2.218203,-0.227286,-0.227096,14.734339,5705,0.015413,0.047084,51227,20958,11281,7378,4988,3621,2815,2185,18642,1,1,1,1
23.9000,5700,1,1,65375,1,125817,0.519608,5,2,186,186,508525,28.55949,0.00320,2.36505,0.00557,0,1,3,1.481053,1.317447,1.317447,-0.539152,-0.539083,14.422013,575,0.037379,0.004848,52200,21545,11764,7375,5018,3704,2775,2355,19080,1,1,1,1
22.3500,5701,1,1,62764,0,120557,0.520621,1,2,259,259,213822,27.48176,0.00327,2.36196,0.00671,1,0,2,1.350630,1.000000,1.514274,-0.003583,-0.003530,14.957892,9408,0.000236,0.076472,50117,20071,11250,7268,4927,3551,2782,2159,18431,1,1,1,1
22.4000,5701,1,1,63583,1,121232,0.524478,1,2,31,52,187419,27.51641,0.00327,2.36196,0.00671,0,1,3,1.459398,1.132643,1.132643,-0.020883,-0.020817,14.940623,9123,0.001393,0.074241,50222,20613,11500,7201,4884,3725,2714,2218,18154,1,1,1,1
23.0000,5701,1,1,64099,1,122527,0.523146,19,7,19,26,599267,27.93235,0.00327,2.36196,0.00671,0,1,3,4.063560,3.441101,3.441101,-0.228949,-0.228703,14.731997,5702,0.015524,0.047059,50865,20848,11402,7117,4952,3644,2652,2159,18887,1,1,1,1
23.9000,5701,1,1,65579,1,125822,0.521209,1,2,177,401,533055,28.55607,0.00327,2.36196,0.00671,0,1,3,1.579007,1.119563,1.088195,-0.540701,-0.540621,14.420766,572,0.037489,0.004823,52053,21627,11770,7336,5082,3731,2832,2230,19160,1,1,1,1
22.3500,5702,1,1,63087,1,120871,0.521941,5,1,6,30,429148,27.48362,0.00182,2.36077,0.00781,0,1,3,1.170823,1.036584,1.036584,-0.003289,-0.003261,14.957859,9419,0.000218,0.076548,50321,20509,11362,7067,4798,3519,2764,2186,18344,1,1,1,1
22.4000,5702,1,1,63046,0,121030,0.520916,8,3,57,78,755788,27.51826,0.00182,2.36077,0.00781,1,1,2,1.385345,1.000000,1.451534,-0.020652,-0.020595,14.940739,9129,0.001378,0.074276,50272,20552,11258,7145,4921,3587,2806,2086,18402,1,1,1,1
23.0000,5702,1,1,63979,1,122748,0.521227,2,3,7,94,117100,27.93425,0.00182,2.36077,0.00781,0,1,3,1.970085,1.612317,1.612317,-0.228654,-0.228535,14.732951,5707,0.015512,0.047089,51021,20664,11421,7338,4958,3680,2775,2203,18687,1,1,1,1
23.9000,5702,1,1,65382,0,125788,0.519783,1,23,23,23,127642,28.55798,0.00182,2.36077,0.00781,1,1,3,1.039770,1.000000,1.066465,-0.540476,-0.540469,14.421020,576,0.037478,0.004855,52252,21400,11660,7379,5107,3727,2895,2280,19087,1,1,1,1
22.3500,5703,1,1,63293,1,121099,0.522659,1,20,20,350,216607,27.49045,0.00182,2.36224,0.00627,0,1,3,2.495610,2.419030,2.419030,-0.000035,0.000125,14.961616,9418,-0.000008,0.076507,50406,20614,11177,7169,4891,3620,2610,2159,18452,1,1,1,1
22.4000,5703,1,1,63164,0,120905,0.522431,2,18,18,281,57226,27.52509,0.00182,2.36224,0.00627,1,0,2,1.146349,1.000000,2.903311,-0.017371,-0.017347,14.944123,9128,0.001161,0.074238,50067,20758,11346,7029,4781,3548,2704,2175,18496,1,1,1,1
23.0000,5703,1,1,64004,0,122878,0.520879,1,1,12,12,45513422,27.94101,0.00182,2.36224,0.00627,1,1,3,1.383653,1.000000,1.214913,-0.225251,-0.225194,14.736139,5706,0.015282,0.047062,50623,20945,11645,7256,4959,3754,2861,2197,18637,1,1,1,1
23.9000,5703,1,1,65798,0,126198,0.521391,1,12,12,18,36094,28.56475,0.00182,2.36224,0.00627,1,1,2,1.238440,1.000000,3.581641,-0.537219,-0.537181,14.424271,574,0.037241,0.004837,52478,21469,11849,7296,5162,3702,2924,2279,19038,1,1,1,1
22.3500,5704,1,1,62877,1,120599,0.521377,1,11,2918,2918,1034365,27.48722,0.00194,2.36119,0.00724,0,1,3,3.174267,3.063208,3.063208,-0.001569,-0.001367,14.960129,9418,0.000091,0.076501,49954,20522,11154,7034,4948,3599,2725,2196,18466,1,1,1,1
22.4000,5704,1,1,63399,1,121366,0.522383,2,11,34,81,45226,27.52185,0.00194,2.36119,0.00724,0,0,3,1.852288,1.448006,1.448006,-0.018818,-0.018710,14.942553,9135,0.001252,0.074290,50323,20798,11138,7282,4954,3605,2768,2198,18299,1,1,1,1
23.0000,5704,1,1,63716,0,122734,0.519143,11,2,11,32,454252,27.93782,0.00194,2.36119,0.00724,1,1,3,1.398217,1.000000,1.236526,-0.226780,-0.226722,14.734624,5709,0.015387,0.047083,50911,20838,11497,7195,4939,3598,2823,2225,18707,1,1,1,1
23.9000,5704,1,1,65653,1,125657,0.522482,1,1,70,70,106040,28.56157,0.00194,2.36119,0.00724,0,0,3,1.683896,1.195163,1.195163,-0.538663,-0.538572,14.422787,579,0.037342,0.004878,52064,21259,11697,7502,5061,3778,2910,2157,19228,1,1,1,1
22.3500,5705,1,1,62910,0,120685,0.521279,1,50,50,50,1112628,27.48660,0.00207,2.36308,0.00559,1,1,2,1.292952,1.000000,17.058944,-0.001926,-0.001881,14.959391,9415,0.000126,0.076467,50094,20465,11182,6982,4936,3619,2769,2150,18487,1,1,1,1
22.4000,5705,1,1,62776,0,120338,0.521668,1,254,254,254,1452260,27.52135,0.00207,2.36308,0.00559,1,1,2,1.274623,1.000000,79.867168,-0.019436,-0.019393,14.942050,9130,0.001298,0.074239,49778,20570,11061,7006,4938,3480,2738,2133,18633,1,1,1,1
23.0000,5705,1,1,64086,0,123378,0.519432,4,4,10,59,1403766,27.93724,0.00207,2.36308,0.00559,1,1,2,1.414213,1.000000,2.586902,-0.227079,-0.227018,14.734357,5707,0.015407,0.047059,51343,21163,11379,7096,5055,3677,2796,2209,18659,1,1,1,1
23.9000,5705,1,1,65573,1,126059,0.520181,5,60,103,103,135844,28.56101,0.00207,2.36308,0.00559,0,1,3,7.880199,7.655031,7.655031,-0.539060,-0.538699,14.422143,573,0.037352,0.004827,52331,21495,11783,7403,5003,3771,2899,2207,19166,1,1,1,1
22.3500,5706,1,1,63072,0,120875,0.521800,7,7,97,230,337202,27.48717,0.00207,2.36008,0.00666,1,1,2,1.414002,1.000000,3.652688,-0.001587,-0.001526,14.959851,9418,0.000102,0.076476,50331,20332,11225,7144,4922,3536,2834,2199,18351,1,1,1,1
22.4000,5706,1,1,62981,1,120972,0.520629,1,12,29,38,68225,27.52179,0.00207,2.36008,0.00666,0,1,3,4.468716,4.150659,4.150659,-0.018909,-0.018647,14.942845,9131,0.001248,0.074230,50079,20865,11290,6942,4896,3547,2779,2096,18477,1,1,1,1
23.0000,5706,1,1,64264,0,123128,0.521933,2,291,291,291,119114,27.93772,0.00207,2.36008,0.00666,1,1,2,1.366112,1.000000,126.350689,-0.227177,-0.227122,14.734198,5710,0.015415,0.047076,51319,20612,11758,7211,4871,3658,2861,2254,18583,1,1,1,1
23.9000,5706,1,1,65648,0,125895,0.521455,1,3,61,143,270679,28.56151,0.00207,2.36008,0.00666,1,1,3,1.221192,1.000000,1.186735,-0.538652,-0.538617,14.422604,572,0.037345,0.004818,51945,21421,12074,7552,4994,3727,2887,2276,19018,1,1,1,1
22.3500,5707,1,1,62856,0,120687,0.520823,1,34,449,622,386721,27.48299,0.00285,2.35792,0.00790,1,1,2,1.038059,1.000000,1.381127,-0.003152,-0.003146,14.957775,9422,0.000210,0.076506,50018,20385,11389,7081,4944,3510,2727,2147,18485,1,1,1,1
22.4000,5707,1,1,62935,1,120717,0.521348,2,6,6,42,226400,27.51761,0.00285,2.35792,0.00790,0,0,3,1.373057,1.059050,1.059050,-0.020436,-0.020380,14.940894,9137,0.001364,0.074275,50168,20524,11142,7108,4821,3578,2769,2147,18459,1,1,1,1
23.0000,5707,1,1,64023,1,123061,0.520258,4,7,42,54,345551,27.93359,0.00285,2.35792,0.00790,0,1,3,2.768113,2.280360,2.280360,-0.228498,-0.228319,14.733138,5712,0.015497,0.047088,50936,21011,11609,7087,5065,3701,2823,2214,18614,1,1,1,1
23.9000,5707,1,1,65268,0,125687,0.519294,3,11,72,74,169422,28.55739,0.00285,2.35792,0.00790,1,0,2,1.149212,1.000000,1.832123,-0.540377,-0.540352,14.421117,582,0.037470,0.004902,52178,21378,11758,7210,5190,3644,2817,2337,19174,1,1,1,1
22.3500,5708,1,1,62989,1,120718,0.521791,1,14,30,45,566425,27.48329,0.00182,2.35944,0.00649,0,1,3,1.626903,1.182954,1.141290,-0.003454,-0.003369,14.958044,9424,0.000225,0.076507,49857,20655,11176,7253,4898,3606,2743,2213,18316,1,1,1,1
22.4000,5708,1,1,63262,0,121285,0.521602,2,2,45,45,245140,27.51802,0.00182,2.35944,0.00649,1,1,2,1.413082,1.000000,1.652801,-0.020858,-0.020797,14.940571,9138,0.001392,0.074272,50606,20498,11183,7229,4978,3634,2710,2221,18225,1,1,1,1
23.0000,5708,1,1,64127,1,123344,0.519908,1,4,28,28,500999,27.93393,0.00182,2.35944,0.00649,0,1,3,1.719109,1.216828,1.017217,-0.228770,-0.228675,14.732708,5714,0.015522,0.047098,51226,20928,11592,7287,5049,3704,2783,2183,18591,1,1,1,1
23.9000,5708,1,1,65420,0,125917,0.519553,2,3,4,38,181668,28.55774,0.00182,2.35944,0.00649,1,1,3,1.223853,1.000000,1.035573,-0.540675,-0.540640,14.420583,577,0.037491,0.004859,52345,21466,11652,7378,5088,3686,2911,2254,19136,1,1,1,1
22.3500,5709,1,1,62739,1,120908,0.518903,2,11,16,26,296837,27.48342,0.00346,2.36222,0.00636,0,1,3,6.752964,5.439571,5.439571,-0.002793,-0.002458,14.958529,9421,0.000164,0.076467,50188,20550,11368,7137,4855,3548,2663,2170,18428,1,1,1,1
22.4000,5709,1,1,63185,1,121157,0.521518,2,9,14,37,106446,27.51802,0.00346,2.36222,0.00636,0,0,3,2.283105,1.921742,1.921742,-0.020003,-0.019859,14.941334,9136,0.001329,0.074239,50556,20534,11033,7193,4951,3597,2762,2081,18449,1,1,1,1
23.0000,5709,1,1,63915,1,123026,0.519529,2,1055,5295,5295,334106,27.93398,0.00346,2.36222,0.00636,0,1,3,1.490593,1.203279,1.203279,-0.227939,-0.227870,14.733582,5710,0.015466,0.047054,50970,20962,11504,7190,5152,3594,2773,2276,18604,1,1,1,1
23.9000,5709,1,1,65370,0,125948,0.519028,1,7,1455,1455,166007,28.55780,0.00346,2.36222,0.00636,1,1,2,1.208508,1.000000,1.874283,-0.539892,-0.539859,14.421352,573,0.037435,0.004824,52117,21451,11713,7335,5229,3851,2876,2277,19098,1,1,1,1
22.3500,5710,1,1,62885,1,120849,0.520364,1,7,99,99,186292,27.48499,0.00182,2.36136,0.00794,0,1,3,1.922151,1.440687,1.440687,-0.002666,-0.002551,14.958876,9426,0.000171,0.076492,50029,20676,11360,7159,4845,3585,2653,2210,18331,1,1,1,1
22.4000,5710,1,1,63093,1,120876,0.521969,1,3,49,145,73475,27.51971,0.00182,2.36136,0.00794,0,1,3,1.572567,1.297755,1.297755,-0.020019,-0.019939,14.941518,9139,0.001334,0.074249,50265,20428,11196,7174,4873,3703,2647,2253,18336,1,1,1,1
23.0000,5710,1,1,64006,0,122720,0.521566,1,7,18,169,1002543,27.93559,0.00182,2.36136,0.00794,1,1,2,1.343673,1.000000,3.279918,-0.228044,-0.227992,14.733313,5713,0.015475,0.047071,50709,20882,11392,7260,5018,3721,2858,2154,18725,1,1,1,1
23.9000,5710,1,1,65376,0,125520,0.520845,4,31,31,467,78644,28.55943,0.00182,2.36136,0.00794,1,1,2,1.222901,1.000000,7.856831,-0.540037,-0.540002,14.421221,574,0.037445,0.004832,51910,21297,11744,7391,5072,3806,2872,2161,19266,1,1,1,1
22.3500,5711,1,1,63025,1,120626,0.522487,2,2,6,61,1787970,27.48796,0.00182,2.36061,0.00648,0,1,3,1.494863,1.161792,1.161792,-0.001119,-0.001049,14.960392,9426,0.000070,0.076471,50108,20404,11260,7079,4899,3424,2778,2143,18530,1,1,1,1
22.4000,5711,1,1,63569,1,121495,0.523227,2,3,10,72,172374,27.52268,0.00182,2.36061,0.00648,0,1,3,2.283912,1.793980,1.793980,-0.018514,-0.018369,14.942759,9143,0.001229,0.074263,50456,20640,11406,7123,5047,3674,2701,2196,18251,1,1,1,1
23.0000,5711,1,1,64046,0,123304,0.519420,1,37,37,80,3942265,27.93861,0.00182,2.36061,0.00648,1,1,2,1.028420,1.000000,1.143734,-0.226439,-0.226434,14.734437,5712,0.015368,0.047051,51239,21029,11474,7206,4865,3725,2836,2219,18710,1,1,1,1
23.9000,5711,1,1,65331,1,125862,0.519073,1,6,22,23,340799,28.56234,0.00182,2.36061,0.00648,0,0,3,3.256708,2.553581,2.553581,-0.538374,-0.538168,14.423093,574,0.037313,0.004830,52254,21370,11467,7358,5184,3780,2883,2318,19247,1,1,1,1
22.3500,5712,1,1,63222,0,121375,0.520886,1,728,728,728,381122,27.48907,0.00194,2.36185,0.00688,1,1,2,1.011666,1.000000,8.565742,-0.000758,-0.000756,14.960738,9430,0.000051,0.076488,50555,20813,11246,6844,4955,3637,2729,2203,18392,1,1,1,1
22.4000,5712,1,1,62715,1,120761,0.519336,4,5,676,676,5210583,27.52366,0.00194,2.36185,0.00688,0,1,3,1.199900,1.121433,1.121433,-0.017872,-0.017840,14.943644,9145,0.001194,0.074262,49880,20555,11279,7228,4939,3610,2722,2145,18402,1,1,1,1
23.0000,5712,1,1,63792,0,122686,0.519966,1,15,17,29,1216816,27.93964,0.00194,2.36185,0.00688,1,1,3,1.059676,1.000000,1.043471,-0.225859,-0.225848,14.735637,5719,0.015327,0.047096,50962,20686,11437,7117,4999,3487,2808,2209,18980,1,1,1,1
23.9000,5712,1,1,65720,0,126224,0.520666,6,21,21,198,420107,28.56338,0.00194,2.36185,0.00688,1,1,3,1.046715,1.000000,1.114047,-0.537727,-0.537719,14.423237,577,0.037281,0.004855,52653,21286,11687,7438,5039,3904,2842,2211,19163,1,1,1,1
22.3500,5713,1,1,62923,1,121161,0.519338,1,3,31,297,1269893,27.49127,0.00206,2.36286,0.00608,0,0,3,2.097901,1.524013,1.524013,0.000593,0.000723,14.962051,9428,-0.000048,0.076452,50198,20690,11256,7182,4818,3707,2755,2114,18440,1,1,1,1
22.4000,5713,1,1,62970,0,120957,0.520603,71,8,71,1240,320683,27.52597,0.00206,2.36286,0.00608,1,1,2,1.413029,1.000000,4.072758,-0.016843,-0.016783,14.944599,9143,0.001123,0.074228,49848,20753,11250,7251,4836,3615,2813,2226,18364,1,1,1,1
23.0000,5713,1,1,63741,1,123015,0.518161,9,10,11,77,831590,27.94188,0.00206,2.36286,0.00608,0,1,3,5.654752,4.830612,4.830612,-0.224815,-0.224511,14.736261,5714,0.015235,0.047045,50929,21180,11309,7164,4982,3753,2817,2125,18755,1,1,1,1
23.9000,5713,1,1,65520,0,125828,0.520715,2,4,4,241,118356,28.56563,0.00206,2.36286,0.00608,1,0,3,1.228614,1.000000,1.208151,-0.536567,-0.536531,14.424923,573,0.037195,0.004820,52088,21535,11534,7453,5108,3674,2956,2206,19273,1,1,1,1
22.3500,5714,1,1,62921,1,120782,0.520951,1,3,5,13,560438,27.48808,0.00500,2.36044,0.00784,0,0,3,1.778951,1.345723,1.345723,0.000520,0.000621,14.961912,9431,-0.000041,0.076464,50018,20720,11091,7078,4947,3587,2794,2035,18511,1,1,1,1
22.4000,5714,1,1,63178,0,120904,0.522551,4,20,26,39,454117,27.52277,0.00500,2.36044,0.00784,1,1,2,1.223506,1.000000,5.076482,-0.016943,-0.016908,14.944316,9144,0.001131,0.074224,50222,20620,11291,6905,4830,3601,2679,2203,18552,1,1,1,1
23.0000,5714,1,1,64310,0,123277,0.521675,2,8,8,31,955000,27.93873,0.00500,2.36044,0.00784,1,1,2,1.262964,1.000000,2.667767,-0.224866,-0.224825,14.736621,5715,0.015256,0.047044,51154,21034,11560,7288,4919,3561,2836,2225,18699,1,1,1,1
23.9000,5714,1,1,65541,1,125888,0.520634,7,2,23,261,358912,28.56249,0.00500,2.36044,0.00784,0,1,3,1.411150,1.068345,1.068345,-0.536667,-0.536607,14.424825,573,0.037200,0.004819,52079,21518,11614,7496,5216,3694,2858,2302,19110,1,1,1,1
22.3500,5715,1,1,63371,1,121581,0.521229,7,5,13,24,192626,27.48863,0.00456,2.36645,0.00570,0,1,3,1.789580,1.282945,1.269597,0.000512,0.000613,14.962016,9431,-0.000041,0.076450,50648,20874,11098,7172,4970,3560,2794,2169,18295,1,1,1,1
22.4000,5715,1,1,63192,0,121096,0.521838,1,70,243,423,236544,27.52332,0.00456,2.36645,0.00570,1,1,2,1.026957,1.000000,1.955940,-0.016877,-0.016872,14.943990,9146,0.001129,0.074229,50185,20589,11240,7048,4949,3676,2746,2143,18519,1,1,1,1
23.0000,5715,1,1,64335,1,123529,0.520813,3,330,330,330,159913,27.93921,0.00456,2.36645,0.00570,0,0,3,8.253199,7.961419,7.961419,-0.224944,-0.224575,14.736340,5718,0.015240,0.047061,51475,21087,11384,7218,5027,3688,2755,2180,18714,1,1,1,1
23.9000,5715,1,1,65421,1,125990,0.519260,1,1,19,42,120184,28.56298,0.00456,2.36645,0.00570,0,1,3,1.502078,1.068885,1.068885,-0.536652,-0.536581,14.424813,574,0.037198,0.004826,52199,21615,11575,7474,5140,3710,2875,2262,19139,1,1,1,1
22.3500,5716,1,1,62986,0,121228,0.519571,1,6,9,395,2957472,27.48773,0.00344,2.36437,0.00558,1,1,2,1.353195,1.000000,3.202959,-0.000544,-0.000491,14.960931,9433,0.000033,0.076458,50372,20560,11315,7161,4895,3599,2749,2224,18352,1,1,1,1
22.4000,5716,1,1,63383,1,121418,0.522027,1,1,29,29,44897,27.52241,0.00344,2.36437,0.00558,0,1,3,1.423936,1.099248,1.099248,-0.017790,-0.017728,14.943711,9147,0.001186,0.074226,50544,20596,11337,7139,4866,3574,2712,2281,18368,1,1,1,1
23.0000,5716,1,1,64159,1,123197,0.520788,2,9,9,30,322651,27.93835,0.00344,2.36437,0.00558,0,1,3,2.211363,1.602189,1.502677,-0.225785,-0.225646,14.735765,5720,0.015313,0.047071,51226,20819,11485,7181,5063,3754,2766,2243,18659,1,1,1,1
23.9000,5716,1,1,65278,0,125859,0.518664,2,2,4,32,363888,28.56213,0.00344,2.36437,0.00558,1,1,3,1.307443,1.000000,1.158501,-0.537653,-0.537606,14.423676,574,0.037272,0.004826,52099,21498,11654,7372,5133,3745,2888,2225,19244,1,1,1,1
22.3500,5717,1,1,63214,0,121281,0.521224,5,2,30,61,270590,27.49269,0.00218,2.37071,0.00704,1,1,3,1.326150,1.000000,1.026720,0.001449,0.001498,14.962792,9431,-0.000100,0.076419,50555,20519,11442,7152,4813,3500,2762,2123,18414,1,1,1,1
22.4000,5717,1,1,63282,0,121213,0.522077,1,16,16,7006,2571364,27.52737,0.00218,2.37071,0.00704,1,0,2,1.153275,1.000000,2.825426,-0.015977,-0.015952,14.945517,9145,0.001067,0.074187,50482,20534,11308,7081,4899,3626,2746,2151,18385,1,1,1,1
23.0000,5717,1,1,63851,1,122874,0.519650,1,1,5,38,106914,27.94335,0.00218,2.37071,0.00704,0,0,3,1.521338,1.087292,1.087292,-0.223886,-0.223813,14.737535,5714,0.015187,0.047008,51038,20884,11247,7021,4980,3680,2902,2274,18847,1,1,1,1
23.9000,5717,1,1,65898,0,125882,0.523494,1,44,44,3885,275203,28.56715,0.00218,2.37071,0.00704,1,1,2,1.317174,1.000000,16.639000,-0.536024,-0.535975,14.425458,569,0.037155,0.004782,52233,21360,11791,7388,5093,3774,2768,2284,19190,1,1,1,1
22.3500,5718,1,1,63228,0,121249,0.521477,2,8,8,77,174776,27.49510,0.00289,2.37204,0.00555,1,1,2,1.396467,1.000000,4.362679,0.002803,0.002861,14.964263,9444,-0.000191,0.076504,50413,20665,11246,7179,4914,3599,2711,2191,18330,1,1,1,1
22.4000,5718,1,1,63112,0,121165,0.520881,1,2,1258,1258,89034,27.52977,0.00289,2.37204,0.00555,1,0,2,1.403005,1.000000,1.466233,-0.014434,-0.014375,14.947021,9158,0.000962,0.074272,50186,20638,11165,7186,4971,3568,2743,2204,18503,1,1,1,1
23.0000,5718,1,1,64636,0,123983,0.521334,4,4,18,241,132429,27.94568,0.00289,2.37204,0.00555,1,0,2,1.289542,1.000000,1.498454,-0.222393,-0.222348,14.739092,5727,0.015086,0.047102,51308,21135,11863,7348,5129,3644,2927,2181,18447,1,1,1,1
23.9000,5718,1,1,65756,0,126052,0.521662,1,4,35,237,3021934,28.56949,0.00289,2.37204,0.00555,1,1,2,1.413570,1.000000,2.498035,-0.534342,-0.534282,14.427099,581,0.037033,0.004882,52269,21553,11755,7326,5153,3789,2823,2285,19098,1,1,1,1
22.3500,5719,1,1,63037,1,120810,0.521791,2,40,40,172,50093,27.49492,0.00145,2.37204,0.00868,0,0,3,1.430855,1.106613,1.106613,0.002160,0.002223,14.963495,9444,-0.000149,0.076494,50125,20593,11210,7000,4785,3595,2763,2152,18586,1,1,1,1
22.4000,5719,1,1,63490,0,121287,0.523473,4,69,137,137,2216243,27.52958,0.00145,2.37204,0.00868,1,1,2,1.102355,1.000000,7.485813,-0.015344,-0.015327,14.945764,9159,0.001026,0.074274,50298,20642,11540,7070,4827,3548,2730,2138,18493,1,1,1,1
23.0000,5719,1,1,64464,0,123828,0.520597,1,1,3,16,511525,27.94554,0.00145,2.37204,0.00868,1,1,3,1.402373,1.000000,1.094042,-0.223151,-0.223091,14.738260,5726,0.015137,0.047088,51609,21140,11478,7321,5157,3576,2830,2154,18562,1,1,1,1
23.9000,5719,1,1,65741,1,126142,0.521171,1,18,68,68,220257,28.56936,0.00145,2.37204,0.00868,0,1,3,2.652827,2.285852,2.285852,-0.535131,-0.534960,14.426507,579,0.037082,0.004864,52466,21581,11629,7389,4978,3715,2858,2352,19173,1,1,1,1
22.3500,5720,1,1,63024,0,121192,0.520039,1,4,34,34,251316,27.49934,0.00158,2.36943,0.00577,1,1,2,1.407021,1.000000,2.368766,0.004281,0.004341,14.965698,9449,-0.000290,0.076510,50222,20630,11336,7178,4928,3611,2745,2154,18387,1,1,1,1
22.4000,5720,1,1,63125,1,121098,0.521276,1,1,5,112,422549,27.53400,0.00158,2.36943,0.00577,0,1,3,1.480199,1.143438,1.143438,-0.012979,-0.012910,14.948529,9161,0.000864,0.074263,50034,20829,11391,7007,4981,3542,2733,2044,18536,1,1,1,1
23.0000,5720,1,1,64221,1,123137,0.521545,12,29,29,133,1947060,27.94989,0.00158,2.36943,0.00577,0,1,3,6.527262,6.316786,6.316786,-0.221077,-0.220749,14.739978,5729,0.014976,0.047099,51348,20611,11411,7265,5003,3742,2750,2224,18782,1,1,1,1
23.9000,5720,1,1,65445,1,126607,0.516919,6,2,7,70,556228,28.57372,0.00158,2.36943,0.00577,0,1,3,1.881011,1.425943,1.425943,-0.532860,-0.532749,14.428699,585,0.036923,0.004913,52523,21687,11940,7502,5149,3722,2768,2227,19088,1,1,1,1
22.3500,5721,1,1,62731,1,120475,0.520702,1,1,5,81,132835,27.49564,0.00170,2.36699,0.00720,0,1,3,1.614703,1.243935,1.243935,0.002598,0.002682,14.964120,9445,-0.000179,0.076472,49716,20574,11239,7115,4948,3539,2675,2173,18495,1,1,1,1
22.4000,5721,1,1,63007,1,120637,0.522290,6,8,67,67,716112,27.53029,0.00170,2.36699,0.00720,0,1,3,1.756466,1.571969,1.571969,-0.014754,-0.014656,14.946820,9160,0.000981,0.074251,49738,20586,11269,7066,4874,3552,2754,2188,18609,1,1,1,1
23.0000,5721,1,1,63802,0,122936,0.518990,2,2,31,62,169279,27.94623,0.00170,2.36699,0.00720,1,1,3,1.321421,1.000000,1.318960,-0.222703,-0.222654,14.738637,5727,0.015107,0.047079,51071,20694,11441,7365,4902,3711,2779,2239,18733,1,1,1,1
23.9000,5721,1,1,65460,0,125862,0.520098,1,1,14,254,259339,28.56995,0.00170,2.36699,0.00720,1,0,3,1.396733,1.000000,1.264837,-0.534565,-0.534507,14.426894,578,0.037049,0.004854,52117,21437,11555,7582,5040,3762,2845,2248,19275,1,1,1,1
22.3500,5722,1,1,63293,1,121366,0.521509,4,2,12,17,339639,27.49796,0.00170,2.37137,0.00639,0,1,3,1.849732,1.316267,1.316267,0.003792,0.003899,14.965293,9448,-0.000261,0.076477,50531,20622,11408,7216,4853,3639,2662,2150,18284,1,1,1,1
22.4000,5722,1,1,63268,0,121467,0.520870,1,13,137,160,476835,27.53261,0.00170,2.37137,0.00639,1,1,2,1.102297,1.000000,1.619470,-0.013547,-0.013530,14.947561,9163,0.000905,0.074258,50702,20626,11234,7098,4877,3557,2642,2178,18552,1,1,1,1
23.0000,5722,1,1,64072,0,122963,0.521072,2,1,6,29,422054,27.94860,0.00170,2.37137,0.00639,1,1,3,1.414013,1.000000,1.145658,-0.221506,-0.221445,14.739933,5730,0.015024,0.047091,50903,20851,11368,7196,5042,3712,2832,2200,18858,1,1,1,1
23.9000,5722,1,1,65571,1,126355,0.518947,2,41,41,41,46140,28.57233,0.00170,2.37137,0.00639,0,1,3,7.695927,7.304998,7.304998,-0.533543,-0.533186,14.427763,578,0.036956,0.004853,52534,21280,11707,7412,5222,3859,3027,2187,19126,1,1,1,1
22.3500,5723,1,1,62952,0,120768,0.521268,2,8,8,40,522164,27.49921,0.00269,2.37102,0.00579,1,1,2,1.306435,1.000000,3.227569,0.004748,0.004795,14.966231,9450,-0.000320,0.076475,49950,20258,11433,7158,4947,3638,2689,2320,18374,1,1,1,1
22.4000,5723,1,1,63414,0,121714,0.521013,16,48,1034,1034,129443,27.53384,0.00269,2.37102,0.00579,1,1,2,1.299172,1.000000,16.659718,-0.012715,-0.012669,14.948769,9164,0.000847,0.074247,50568,20734,11263,7262,4938,3559,2672,2236,18481,1,1,1,1
23.0000,5723,1,1,64335,1,123534,0.520792,2,86983,86983,86983,523307,27.94976,0.00269,2.37102,0.00579,0,1,3,2707.677645,2705.884382,2705.884382,-0.221116,-0.219735,14.740259,5731,0.014907,0.047090,51517,20774,11601,7180,5015,3668,2739,2202,18837,1,1,1,1
23.9000,5723,1,1,65931,1,126574,0.520893,3,3,11,34,526454,28.57351,0.00269,2.37102,0.00579,0,0,3,1.582221,1.336987,1.336987,-0.532323,-0.532243,14.428947,580,0.036887,0.004868,52619,21597,11549,7546,5087,3744,2938,2237,19256,1,1,1,1
22.3500,5724,1,1,63181,1,121038,0.521997,2,17,17,33,209017,27.49419,0.00157,2.37106,0.00978,0,1,3,11.438998,8.831808,8.831808,0.001638,0.002064,14.962921,9452,-0.000138,0.076495,50361,20414,11267,6990,4980,3518,2793,2202,18512,1,1,1,1
22.4000,5724,1,1,63273,1,121367,0.521340,1,22,22,134,765326,27.52882,0.00157,2.37106,0.00978,0,1,3,3.100238,2.384962,2.313389,-0.015561,-0.015363,14.945915,9166,0.001028,0.074265,50235,20615,11390,7233,4910,3623,2720,2162,18478,1,1,1,1
23.0000,5724,1,1,64587,1,123459,0.523150,7,9,12,17,1293300,27.94478,0.00157,2.37106,0.00978,0,1,3,3.384134,3.112978,3.112978,-0.223568,-0.223355,14.738138,5731,0.015155,0.047088,51160,21035,11617,7355,5041,3559,2759,2183,18749,1,1,1,1
23.9000,5724,1,1,65786,0,126458,0.520224,1,46,46,126,163003,28.56854,0.00157,2.37106,0.00978,1,1,2,1.034349,1.000000,1.693568,-0.535392,-0.535386,14.426105,580,0.037112,0.004869,52304,21580,11710,7471,5291,3739,2952,2197,19213,1,1,1,1
22.3500,5725,1,1,63085,1,121040,0.521196,1,33,33,33,234677,27.49518,0.00170,2.37327,0.00653,0,0,3,3.577888,2.933349,2.933349,0.002334,0.002557,14.963778,9450,-0.000171,0.076461,50072,20564,11439,7134,4903,3534,2793,2126,18474,1,1,1,1
22.4000,5725,1,1,63321,1,121366,0.521740,2,6,235,235,73757,27.52993,0.00170,2.37327,0.00653,0,1,3,1.800227,1.768695,1.768695,-0.014994,-0.014891,14.946602,9165,0.000996,0.074240,50459,20500,11286,7170,4988,3622,2820,2140,18380,1,1,1,1
23.0000,5725,1,1,64345,1,123339,0.521696,1,4,45,48,245289,27.94582,0.00170,2.37327,0.00653,0,1,3,2.153357,1.559557,1.559557,-0.222927,-0.222793,14.738618,5728,0.015116,0.047054,51238,20810,11448,7262,5114,3654,2934,2256,18622,1,1,1,1
23.9000,5725,1,1,65517,1,126092,0.519601,1,12,20,68,683382,28.56959,0.00170,2.37327,0.00653,0,1,3,2.453527,1.914434,1.914434,-0.534832,-0.534675,14.426767,579,0.037061,0.004859,52382,21442,11641,7450,5073,3631,2759,2248,19465,1,1,1,1
22.3500,5726,1,1,62878,0,120876,0.520190,2,7,20,48,118517,27.49587,0.00157,2.37268,0.00759,1,1,2,1.374777,1.000000,3.669430,0.002518,0.002574,14.963987,9453,-0.000172,0.076471,50078,20395,11206,7122,4874,3649,2823,2211,18517,1,1,1,1
22.4000,5726,1,1,63299,1,121450,0.521198,1,48,48,48,71988,27.53049,0.00157,2.37268,0.00759,0,1,3,11.123944,10.363140,10.363140,-0.014883,-0.014462,14.947024,9167,0.000968,0.074241,50503,20480,11415,7098,5037,3546,2760,2125,18485,1,1,1,1
23.0000,5726,1,1,64367,1,123505,0.521173,1,3,12,131,748856,27.94642,0.00157,2.37268,0.00759,0,1,3,2.599072,2.024517,2.024517,-0.222709,-0.222542,14.738932,5731,0.015099,0.047069,51239,21066,11457,7308,4981,3659,2792,2247,18755,1,1,1,1
23.9000,5726,1,1,65923,1,126482,0.521209,1,9,180,180,153339,28.57021,0.00157,2.37268,0.00759,0,1,3,2.305205,2.141856,2.141856,-0.534605,-0.534459,14.427024,578,0.037046,0.004850,52467,21362,11932,7457,5121,3805,2943,2247,19147,1,1,1,1
22.3500,5727,1,1,62874,0,121120,0.519109,1,6,61,61,129796,27.49771,0.00157,2.38177,0.00725,1,1,2,1.393383,1.000000,3.354665,0.003490,0.003548,14.964951,9453,-0.000237,0.076453,50354,20371,11106,7142,4977,3673,2745,2246,18505,1,1,1,1
22.4000,5727,1,1,63412,0,121364,0.522499,1,6,16,58,106856,27.53232,0.00157,2.38177,0.00725,1,1,2,1.355648,1.000000,2.887510,-0.013804,-0.013751,14.947563,9167,0.000920,0.074226,50179,20707,11526,7014,5020,3674,2704,2148,18391,1,1,1,1
23.0000,5727,1,1,64041,1,122976,0.520764,1,529,529,529,2063166,27.94831,0.00157,2.38177,0.00725,0,1,3,6.282255,5.654608,5.635557,-0.221856,-0.221535,14.739570,5730,0.015030,0.047051,50930,20667,11522,7300,5078,3646,2799,2243,18790,1,1,1,1
23.9000,5727,1,1,66223,1,126750,0.522474,2,5,8,202,525510,28.57210,0.00157,2.38177,0.00725,0,1,3,3.488837,2.752142,2.752142,-0.533691,-0.533473,14.428012,577,0.036975,0.004840,52734,21395,11857,7511,5148,3697,2850,2372,19185,1,1,1,1
22.3500,5728,1,1,63659,1,121923,0.522129,1,4,59,70,191168,27.49996,0.00237,2.38110,0.00572,0,1,3,3.445201,2.694040,2.694040,0.005072,0.005288,14.966758,9461,-0.000353,0.076495,50845,20774,11269,7159,5037,3643,2790,2192,18213,1,1,1,1
22.4000,5728,1,1,63262,0,121317,0.521465,1,19,39,86,6499920,27.53469,0.00237,2.38110,0.00572,1,1,2,1.240323,1.000000,5.462925,-0.012356,-0.012318,14.949134,9174,0.000824,0.074262,50364,20587,11286,7081,4896,3656,2737,2213,18496,1,1,1,1
23.0000,5728,1,1,64357,1,123736,0.520120,1,4,42,46,124231,27.95060,0.00237,2.38110,0.00572,0,0,3,1.434193,1.043410,1.043410,-0.220162,-0.220099,14.741228,5737,0.014931,0.047095,51379,21064,11636,7175,5044,3621,2819,2205,18792,1,1,1,1
23.9000,5728,1,1,65760,0,126485,0.519908,1,91,91,123,35236,28.57441,0.00237,2.38110,0.00572,1,1,2,1.353111,1.000000,38.529521,-0.532387,-0.532334,14.429088,582,0.036893,0.004881,52590,21446,11808,7404,5258,3657,2929,2219,19173,1,1,1,1
22.3500,5729,1,1,63171,1,121094,0.521673,54,26,153,159,401549,27.50219,0.00181,2.38131,0.00566,0,1,3,1.015415,1.008939,1.008939,0.005920,0.005923,14.967419,9458,-0.000396,0.076454,50252,20599,11237,7063,4838,3567,2720,2227,18590,1,1,1,1
22.4000,5729,1,1,63067,1,121027,0.521103,4,19,19,44,114159,27.53679,0.00181,2.38131,0.00566,0,0,3,2.533911,2.326524,2.326524,-0.011454,-0.011292,14.949776,9173,0.000755,0.074237,50033,20533,11266,7241,5010,3600,2701,2241,18401,1,1,1,1
23.0000,5729,1,1,64055,1,123054,0.520548,3,1033,1033,1033,292798,27.95276,0.00181,2.38131,0.00566,0,0,3,3.225781,2.930492,2.930492,-0.219454,-0.219250,14.741839,5734,0.014873,0.047060,50939,20937,11512,7253,4958,3600,2896,2274,18684,1,1,1,1
23.9000,5729,1,1,66037,1,126567,0.521759,2,106,106,106,111136,28.57658,0.00181,2.38131,0.00566,0,1,3,4.985335,4.685405,4.685405,-0.531406,-0.531125,14.430360,578,0.036806,0.004846,52581,21545,11779,7262,5232,3879,2918,2230,19140,1,1,1,1
22.3500,5730,1,1,63327,1,121476,0.521317,1,138,138,219,105061,27.49791,0.00362,2.37401,0.00600,0,1,3,6.049543,5.212911,5.169052,0.004581,0.004895,14.966063,9463,-0.000327,0.076488,50389,20718,11412,7104,4897,3603,2706,2185,18461,1,1,1,1
22.4000,5730,1,1,62994,0,121164,0.519911,12,91,734,734,95711,27.53263,0.00362,2.37401,0.00600,1,1,2,1.017965,1.000000,1.686965,-0.012679,-0.012676,14.948118,9175,0.000848,0.074249,50036,20570,11437,7066,4924,3659,2815,2182,18474,1,1,1,1
23.0000,5730,1,1,64422,0,123912,0.519905,1,2,30,149,315002,27.94852,0.00362,2.37401,0.00600,1,1,2,1.307563,1.000000,1.426232,-0.220607,-0.220560,14.740723,5735,0.014963,0.047064,51507,21101,11671,7221,5080,3654,2811,2146,18720,1,1,1,1
23.9000,5730,1,1,66151,1,126509,0.522900,106,21542,21542,21542,254375,28.57235,0.00362,2.37401,0.00600,0,1,3,4655.110459,4545.116963,4545.116963,-0.533230,-0.531756,14.427449,578,0.036857,0.004846,52659,21450,11842,7412,5152,3670,2803,2236,19284,1,1,1,1
22.3500,5731,1,1,63668,0,121870,0.522430,1,40,40,42,217967,27.50002,0.00221,2.37608,0.00681,1,1,2,1.181161,1.000000,8.197276,0.004930,0.004959,14.966147,9465,-0.000331,0.076490,50988,20818,11052,7100,4968,3653,2720,2179,18391,1,1,1,1
22.4000,5731,1,1,63412,0,121342,0.522593,1,6,18,315,88276,27.53473,0.00221,2.37608,0.00681,1,1,3,1.126210,1.000000,1.076110,-0.012244,-0.012224,14.948904,9175,0.000818,0.074232,50496,20489,11252,7118,4984,3563,2780,2151,18508,1,1,1,1
23.0000,5731,1,1,64607,1,124018,0.520953,1,2,5,15,59812,27.95066,0.00221,2.37608,0.00681,0,1,3,2.042322,1.622426,1.622426,-0.220249,-0.220124,14.741324,5741,0.014932,0.047103,51627,21194,11513,7338,4971,3599,2876,2243,18656,1,1,1,1
23.9000,5731,1,1,66034,0,126679,0.521274,1,31,55,720,216200,28.57439,0.00221,2.37608,0.00681,1,1,2,1.054486,1.000000,1.858041,-0.532125,-0.532115,14.428869,581,0.036879,0.004870,52786,21502,11696,7405,5110,3810,2973,2298,19098,1,1,1,1
22.3500,5732,1,1,63146,0,121393,0.520183,10,3,24,153,388515,27.49954,0.00181,2.37914,0.00566,1,1,2,1.356159,1.000000,1.659754,0.004560,0.004613,14.966034,9469,-0.000308,0.076510,50309,20686,11483,7030,5065,3570,2647,2095,18507,1,1,1,1
22.4000,5732,1,1,63328,0,121069,0.523078,1,42,42,42,1326045,27.53413,0.00181,2.37914,0.00566,1,1,2,1.034927,1.000000,1.577586,-0.012727,-0.012721,14.948188,9178,0.000851,0.074247,50151,20453,11285,7138,4935,3546,2800,2114,18646,1,1,1,1
23.0000,5732,1,1,64541,1,123638,0.522020,1,10,10,35,156642,27.95011,0.00181,2.37914,0.00566,0,1,3,5.470582,4.657284,4.657284,-0.220816,-0.220519,14.740966,5738,0.014960,0.047071,51062,21253,11547,7278,5062,3701,2900,2239,18595,1,1,1,1
23.9000,5732,1,1,66327,1,126860,0.522840,2,50,50,50,3299768,28.57385,0.00181,2.37914,0.00566,0,1,3,32.228912,25.014768,25.014768,-0.532831,-0.532225,14.428491,579,0.036887,0.004853,52598,21676,11601,7589,5248,3819,2939,2307,19082,1,1,1,1
22.3500,5733,1,1,62987,1,120834,0.521273,1,5,67,67,25284932,27.49517,0.00193,2.37603,0.00778,0,1,3,1.456754,1.048946,1.048946,0.002522,0.002587,14.963994,9461,-0.000173,0.076442,50034,20420,11211,7217,4823,3671,2746,2162,18549,1,1,1,1
22.4000,5733,1,1,63349,1,121440,0.521653,1,15,15,116,208344,27.52987,0.00193,2.37603,0.00778,0,1,3,6.316163,5.585603,5.585603,-0.014983,-0.014661,14.946394,9174,0.000981,0.074211,50325,20565,11314,7094,5036,3655,2774,2251,18425,1,1,1,1
23.0000,5733,1,1,64425,1,123706,0.520795,4,4,19,19,643378,27.94578,0.00193,2.37603,0.00778,0,1,3,2.850539,2.298634,2.298634,-0.222860,-0.222677,14.738321,5737,0.015109,0.047063,51460,21035,11430,7298,5089,3638,2818,2206,18731,1,1,1,1
23.9000,5733,1,1,65880,0,126559,0.520552,2,25,53,12224,1881758,28.56953,0.00193,2.37603,0.00778,1,1,2,1.361366,1.000000,10.985430,-0.534872,-0.534818,14.426601,575,0.037072,0.004819,52590,21361,11693,7532,5274,3742,2868,2289,19209,1,1,1,1
22.3500,5734,1,1,63226,0,121682,0.519605,10,8,10,19,103952,27.49858,0.00169,2.37658,0.00612,1,1,3,1.104496,1.000000,1.013436,0.004148,0.004165,14.965261,9467,-0.000278,0.076471,50557,20726,11463,7097,5003,3550,2741,2160,18384,1,1,1,1
22.4000,5734,1,1,63331,1,121710,0.520348,2,3,6,181,124252,27.53327,0.00169,2.37658,0.00612,0,1,3,1.616884,1.220652,1.220652,-0.013221,-0.013137,14.948294,9182,0.000879,0.074253,50427,20924,11324,7130,4878,3652,2749,2178,18447,1,1,1,1
23.0000,5734,1,1,64202,0,123406,0.520254,11,16,16,28759,68774,27.94923,0.00169,2.37658,0.00612,1,1,2,1.327579,1.000000,6.270844,-0.221344,-0.221295,14.740001,5741,0.015013,0.047082,51325,20794,11473,7340,4949,3648,2831,2217,18828,1,1,1,1
23.9000,5734,1,1,66038,0,126864,0.520546,11,53,118,118,28628,28.57299,0.00169,2.37658,0.00612,1,1,2,1.408942,1.000000,26.352107,-0.533350,-0.533290,14.428070,582,0.036962,0.004876,52637,21561,11828,7482,5223,3708,2867,2329,19228,1,1,1,1
22.3500,5735,1,1,63316,0,121541,0.520948,2,2,25,54,246780,27.49590,0.00169,2.37947,0.00678,1,1,3,1.226868,1.000000,1.058281,0.002732,0.002768,14.964236,9466,-0.000185,0.076455,50533,20692,11149,7063,5003,3725,2766,2156,18453,1,1,1,1
22.4000,5735,1,1,63798,0,122266,0.521801,19,54,54,170,166869,27.53059,0.00169,2.37947,0.00678,1,1,2,1.186751,1.000000,11.053205,-0.014827,-0.014797,14.946666,9179,0.000990,0.074224,51163,20767,11359,7247,4868,3541,2822,2095,18403,1,1,1,1
23.0000,5735,1,1,64322,0,123347,0.521476,3,9,9,37,1764857,27.94648,0.00169,2.37947,0.00678,1,1,2,1.123524,1.000000,1.367390,-0.222584,-0.222564,14.738560,5738,0.015101,0.047054,51040,21077,11346,7326,4855,3692,2883,2235,18892,1,1,1,1
23.9000,5735,1,1,66056,0,126788,0.521000,3,4,180,243,746974,28.57025,0.00169,2.37947,0.00678,1,0,2,1.303371,1.000000,1.696847,-0.534491,-0.534445,14.426992,577,0.037045,0.004834,52955,21160,11832,7618,5321,3623,2802,2195,19281,1,1,1,1
22.3500,5736,1,1,63218,0,120904,0.522882,1,65,65,255,474986,27.49367,0.00181,2.37469,0.00675,1,1,2,1.045583,1.000000,3.085416,0.001615,0.001623,14.962578,9470,-0.000108,0.076482,50037,20504,11282,6963,4828,3668,2785,2247,18589,1,1,1,1
22.4000,5736,1,1,63500,0,121692,0.521813,2,23,23,129,211175,27.52835,0.00181,2.37469,0.00675,1,1,2,1.413144,1.000000,11.903963,-0.015844,-0.015783,14.945599,9183,0.001056,0.074248,50589,20608,11453,7114,4887,3642,2761,2191,18446,1,1,1,1
23.0000,5736,1,1,64611,1,123442,0.523416,3,5,188,188,149319,27.94429,0.00181,2.37469,0.00675,0,0,3,1.844644,1.563240,1.563240,-0.223635,-0.223528,14.737660,5741,0.015167,0.047073,51069,21213,11405,7203,5115,3590,2850,2269,18727,1,1,1,1
23.9000,5736,1,1,65767,1,126444,0.520132,1,7,68,2267,305820,28.56807,0.00181,2.37469,0.00675,0,1,3,1.629112,1.614822,1.614822,-0.535528,-0.535443,14.426052,581,0.037116,0.004867,52327,21549,11859,7395,5224,3754,2915,2285,19135,1,1,1,1
22.3500,5737,1,1,63537,1,121666,0.522229,1,13,17,81,192427,27.49447,0.00193,2.37113,0.00734,0,0,3,3.756222,3.088256,3.088256,0.002118,0.002349,14.963568,9468,-0.000157,0.076448,50805,20730,11216,7052,4907,3529,2695,2127,18604,1,1,1,1
22.4000,5737,1,1,63791,1,121828,0.523620,2,4,23,40,792826,27.52914,0.00193,2.37113,0.00734,0,0,3,1.524380,1.241164,1.241164,-0.015140,-0.015067,14.946162,9181,0.001008,0.074217,50645,20712,11419,7146,4893,3678,2736,2228,18370,1,1,1,1
23.0000,5737,1,1,64581,1,123688,0.522132,27,15,103,103,406529,27.94513,0.00193,2.37113,0.00734,0,0,3,1.380183,1.344877,1.344877,-0.223140,-0.223084,14.737777,5740,0.015137,0.047057,51246,20902,11615,7318,5146,3608,2872,2211,18769,1,1,1,1
23.9000,5737,1,1,65888,0,126160,0.522262,1,3,45,231,79699,28.56893,0.00193,2.37113,0.00734,1,0,2,1.362706,1.000000,1.800969,-0.535061,-0.535008,14.426411,575,0.037085,0.004816,52336,21235,11662,7441,5143,3676,2927,2312,19427,1,1,1,1
22.3500,5738,1,1,63151,1,121484,0.519834,2,3,20,38,322099,27.49235,0.00268,2.37192,0.00669,0,0,3,1.976093,1.665358,1.665358,0.001409,0.001528,14.962722,9470,-0.000102,0.076455,50382,20701,11297,7246,4882,3604,2764,2143,18464,1,1,1,1
22.4000,5738,1,1,63296,0,121208,0.522214,5,2,5,101,233190,27.52702,0.00268,2.37192,0.00669,1,1,3,1.388301,1.000000,1.377817,-0.015911,-0.015854,14.945485,9182,0.001061,0.074215,50354,20531,11166,7071,4888,3696,2767,2114,18620,1,1,1,1
23.0000,5738,1,1,64433,1,123578,0.521400,1,20,20,55,87008,27.94293,0.00268,2.37192,0.00669,0,1,3,13.547335,10.513932,10.513932,-0.224045,-0.223590,14.737348,5740,0.015172,0.047050,51227,21248,11196,7353,4924,3810,2836,2146,18837,1,1,1,1
23.9000,5738,1,1,66025,1,126727,0.521006,18,7,18,22123,1169335,28.56674,0.00268,2.37192,0.00669,0,1,3,3.186934,2.880798,2.880798,-0.535836,-0.535634,14.425135,575,0.037132,0.004815,52717,21462,11830,7372,5189,3775,2918,2260,19203,1,1,1,1
22.3500,5739,1,1,63990,0,122119,0.524001,2,15,15,63,540884,27.49525,0.00145,2.37140,0.00653,1,1,2,1.180645,1.000000,3.145003,0.002229,0.002258,14.963446,9477,-0.000151,0.076494,51108,20735,11315,7117,4969,3621,2746,2044,18463,1,1,1,1
22.4000,5739,1,1,63574,0,121531,0.523114,2,2,9,71,159697,27.52991,0.00145,2.37140,0.00653,1,1,3,1.382142,1.000000,1.367026,-0.015029,-0.014972,14.946361,9190,0.001002,0.074262,50278,20559,11230,7280,5122,3565,2672,2134,18690,1,1,1,1
23.0000,5739,1,1,64364,0,123595,0.520770,3,14,28,38,4892338,27.94587,0.00145,2.37140,0.00653,1,1,2,1.274870,1.000000,4.479618,-0.223114,-0.223072,14.738373,5746,0.015135,0.047087,51334,21117,11361,7146,5045,3759,2872,2221,18739,1,1,1,1
23.9000,5739,1,1,65995,1,126526,0.521597,1,54,54,350,2983288,28.56969,0.00145,2.37140,0.00653,0,1,3,2.699858,2.128556,2.076508,-0.534956,-0.534783,14.426663,582,0.037069,0.004872,52377,21474,11841,7379,5193,3681,2968,2344,19268,1,1,1,1
22.3500,5740,1,1,63378,0,121529,0.521509,2,3,8,23,1273369,27.49607,0.00280,2.37070,0.00599,1,1,3,1.293047,1.000000,1.250474,0.003317,0.003362,14.964636,9478,-0.000225,0.076483,50479,20812,11123,7159,4978,3614,2751,2164,18448,1,1,1,1
22.4000,5740,1,1,63614,0,121969,0.521563,2,9,18,2026,941130,27.53072,0.00280,2.37070,0.00599,1,1,2,1.328776,1.000000,3.810475,-0.014112,-0.014063,14.947235,9191,0.000941,0.074253,50789,20747,11278,7247,4909,3563,2782,2183,18470,1,1,1,1
23.0000,5740,1,1,64606,0,124136,0.520450,1,4,15,109,206154,27.94661,0.00280,2.37070,0.00599,1,1,2,1.401770,1.000000,2.488061,-0.222019,-0.221960,14.739391,5747,0.015059,0.047084,51625,21208,11459,7302,5011,3733,2785,2245,18767,1,1,1,1
23.9000,5740,1,1,65805,1,126423,0.520519,1,10804,10804,10804,138247,28.57045,0.00280,2.37070,0.00599,0,1,3,179.423792,178.442204,178.442204,-0.534308,-0.533404,14.427185,586,0.036972,0.004905,52462,21307,11744,7599,4995,3761,2879,2343,19332,1,1,1,1
22.3500,5741,1,1,63121,1,121429,0.519822,1,9,30,30,1353792,27.49333,0.00169,2.37565,0.00771,0,1,3,2.907164,2.599540,2.599540,0.001368,0.001554,14.963030,9476,-0.000104,0.076462,50542,20598,11150,7032,4903,3568,2807,2223,18605,1,1,1,1
22.4000,5741,1,1,63449,1,121665,0.521510,2,6,28,31,835528,27.52798,0.00169,2.37565,0.00771,0,1,3,2.991780,2.485103,2.485103,-0.015954,-0.015763,14.945697,9189,0.001055,0.074232,50498,20664,11308,7113,5045,3568,2801,2192,18475,1,1,1,1
23.0000,5741,1,1,64962,0,124198,0.523056,2,66,66,100,83966,27.94391,0.00169,2.37565,0.00771,1,0,2,1.082537,1.000000,5.780962,-0.223996,-0.223982,14.737500,5745,0.015198,0.047066,51722,21365,11713,7142,4955,3497,2817,2210,18776,1,1,1,1
23.9000,5741,1,1,65945,1,126630,0.520773,1,303,303,303,291976,28.56764,0.00169,2.37565,0.00771,0,0,3,4.950669,4.434714,4.434714,-0.535835,-0.535556,14.425558,578,0.037125,0.004838,52685,21244,11800,7452,5107,3825,2893,2219,19404,1,1,1,1
22.3500,5742,1,1,63157,1,121229,0.520977,35,7,35,90,3503621,27.49012,0.00408,2.37471,0.00639,0,1,3,5.065171,3.654418,3.654418,0.000974,0.001256,14.962746,9481,-0.000084,0.076490,50143,20597,11361,7159,4858,3568,2797,2209,18536,1,1,1,1
22.4000,5742,1,1,63344,0,121581,0.521007,1,5,10,67,2007822,27.52477,0.00408,2.37471,0.00639,1,1,2,1.362708,1.000000,2.415937,-0.016313,-0.016259,14.945160,9193,0.001088,0.074254,50397,20876,11224,6969,4910,3565,2755,2132,18752,1,1,1,1
23.0000,5742,1,1,64645,1,124321,0.519989,2,17,17,17,20908897,27.94075,0.00408,2.37471,0.00639,0,1,3,3.311462,2.903024,2.903024,-0.224322,-0.224113,14.737359,5747,0.015207,0.047074,51765,21447,11536,7269,4918,3710,2803,2241,18631,1,1,1,1
23.9000,5742,1,1,66298,0,126874,0.522554,2,6,8,727,58408,28.56449,0.00408,2.37471,0.00639,1,1,2,1.348860,1.000000,2.747851,-0.536185,-0.536133,14.425291,580,0.037166,0.004854,52645,21437,11966,7719,5084,3772,2845,2285,19120,1,1,1,1
22.3500,5743,1,1,63379,1,121514,0.521582,1,3,7,61,363759,27.49314,0.00294,2.37538,0.00613,0,0,3,1.518215,1.099235,1.099235,0.001944,0.002016,14.963350,9479,-0.000135,0.076458,50301,20745,11449,7091,4790,3588,2746,2169,18634,1,1,1,1
22.4000,5743,1,1,63487,1,121602,0.522093,1,507,507,507,80005,27.52778,0.00294,2.37538,0.00613,0,1,3,30.863665,30.606166,30.606166,-0.015670,-0.015073,14.946423,9192,0.001008,0.074227,50437,20824,11250,7085,4917,3530,2818,2216,18524,1,1,1,1
23.0000,5743,1,1,64760,0,123831,0.522975,6,2,13,14,137059,27.94369,0.00294,2.37538,0.00613,1,0,3,1.358115,1.000000,1.252333,-0.223341,-0.223288,14.738133,5746,0.015150,0.047055,51256,21149,11440,7365,5135,3658,2776,2189,18862,1,1,1,1
23.9000,5743,1,1,65823,1,126511,0.520299,1,4,22,22,107446,28.56744,0.00294,2.37538,0.00613,0,1,3,1.246693,1.165472,1.165472,-0.535215,-0.535176,14.426309,578,0.037097,0.004836,52263,21506,11723,7438,5174,3914,2994,2283,19215,1,1,1,1
22.3500,5744,1,1,63223,1,121392,0.520821,3,14,107,107,212391,27.49286,0.00169,2.37363,0.00553,0,0,3,1.288070,1.049270,1.049270,0.001223,0.001267,14.962495,9485,-0.000085,0.076497,50245,20655,11294,7183,5046,3604,2688,2216,18460,1,1,1,1
22.4000,5744,1,1,63153,1,121340,0.520467,5,10,10,48,331535,27.52750,0.00169,2.37363,0.00553,0,1,3,3.344138,3.084612,3.084612,-0.016189,-0.015979,14.945016,9198,0.001069,0.074269,50223,20641,11513,7081,4794,3484,2839,2168,18596,1,1,1,1
23.0000,5744,1,1,64812,0,124128,0.522143,2,4,49,57,226887,27.94346,0.00169,2.37363,0.00553,1,1,2,1.412172,1.000000,2.380193,-0.224147,-0.224087,14.737280,5751,0.015205,0.047091,51483,21416,11475,7374,4928,3597,2769,2293,18792,1,1,1,1
23.9000,5744,1,1,65731,1,126399,0.520032,1,2,6,11,220109,28.56722,0.00169,2.37363,0.00553,0,1,3,1.624392,1.211626,1.211626,-0.535968,-0.535884,14.425543,582,0.037148,0.004869,52264,21309,11749,7468,5139,3799,3006,2291,19373,1,1,1,1
22.3500,5745,1,1,63286,0,121215,0.522101,20,8,49,79,94225,27.49033,0.00181,2.37024,0.00944,1,1,2,1.322142,1.000000,3.292840,-0.000040,0.000008,14.961302,9484,-0.000001,0.076482,50203,20426,11400,7111,4981,3611,2761,2167,18554,1,1,1,1
22.4000,5745,1,1,63314,0,121644,0.520490,7,5,84,84,63265,27.52508,0.00181,2.37024,0.00944,1,0,3,1.185859,1.000000,1.048407,-0.017315,-0.017285,14.944179,9197,0.001157,0.074252,50651,20440,11350,7230,4894,3615,2805,2175,18483,1,1,1,1
23.0000,5745,1,1,64742,0,124063,0.521852,2,6,37,37,676973,27.94097,0.00181,2.37024,0.00944,1,1,2,1.367835,1.000000,2.885493,-0.225346,-0.225292,14.736032,5748,0.015288,0.047062,51658,21045,11522,7184,4989,3680,2873,2281,18830,1,1,1,1
23.9000,5745,1,1,66264,0,127043,0.521591,1,11,11,37,179683,28.56474,0.00181,2.37024,0.00944,1,1,2,1.412569,1.000000,6.145661,-0.537299,-0.537239,14.424129,579,0.037246,0.004843,52816,21740,11861,7420,5117,3629,2884,2339,19236,1,1,1,1
22.3500,5746,1,1,63603,1,121662,0.522789,3,6,41,119,51378,27.49283,0.00181,2.37274,0.00857,0,1,3,3.227586,2.743149,2.743149,0.001144,0.001348,14.962406,9485,-0.000090,0.076471,50667,20365,11363,7195,4887,3625,2819,2254,18486,1,1,1,1
22.4000,5746,1,1,63775,1,122155,0.522087,2,16,29,485,999217,27.52745,0.00181,2.37274,0.00857,0,1,3,4.531397,4.124095,4.124095,-0.016202,-0.015939,14.945123,9201,0.001067,0.074267,50866,20784,11323,7154,4922,3551,2847,2176,18531,1,1,1,1
23.0000,5746,1,1,64780,0,124118,0.521927,2,6,20,109,47589,27.94339,0.00181,2.37274,0.00857,1,1,2,1.347518,1.000000,2.887772,-0.224140,-0.224088,14.737222,5749,0.015206,0.047058,51483,21163,11705,7181,5089,3711,2788,2212,18785,1,1,1,1
23.9000,5746,1,1,66167,1,126862,0.521571,10,4,14,116,58808181,28.56717,0.00181,2.37274,0.00857,0,1,3,2.464939,1.869309,1.869309,-0.535994,-0.535837,14.425596,579,0.037145,0.004842,52579,21620,11720,7527,5285,3836,2854,2326,19114,1,1,1,1
22.3500,5747,1,1,63751,1,121807,0.523381,5,15,35,89,746502,27.49338,0.00169,2.37364,0.00601,0,0,3,2.017218,1.837701,1.837701,0.001437,0.001560,14.962645,9486,-0.000104,0.076464,50494,20725,11531,7035,5005,3515,2855,2188,18458,1,1,1,1
22.4000,5747,1,1,63288,0,121579,0.520555,1,6,14,26,136780,27.52800,0.00169,2.37364,0.00601,1,1,3,1.148882,1.000000,1.124029,-0.015827,-0.015803,14.945353,9199,0.001057,0.074237,50477,20550,11256,7025,4915,3647,2885,2168,18655,1,1,1,1
23.0000,5747,1,1,64945,1,124195,0.522932,2,4,126,1364,548426,27.94398,0.00169,2.37364,0.00601,0,1,3,3.180176,2.285218,2.285218,-0.223881,-0.223680,14.737813,5752,0.015177,0.047073,51482,21273,11670,7320,5019,3674,2849,2265,18642,1,1,1,1
23.9000,5747,1,1,66434,0,127404,0.521448,1,184,184,184,1874095,28.56778,0.00169,2.37364,0.00601,1,1,2,1.005561,1.000000,1.035649,-0.535711,-0.535710,14.425786,578,0.037136,0.004833,53151,21599,11959,7565,5035,3785,2862,2238,19209,1,1,1,1
22.3500,5748,1,1,63734,0,122059,0.522162,7,11,214,214,525692,27.49698,0.00181,2.37096,0.00743,1,1,2,1.309026,1.000000,4.194107,0.003269,0.003316,14.964752,9488,-0.000222,0.076456,50901,20642,11335,7188,4997,3625,2842,2155,18373,1,1,1,1
22.4000,5748,1,1,63551,1,121824,0.521667,6,27,118,201,148870,27.53171,0.00181,2.37096,0.00743,0,0,3,1.951133,1.804201,1.804201,-0.014023,-0.013907,14.947148,9200,0.000930,0.074223,50195,20975,11282,7165,5026,3699,2849,2178,18454,1,1,1,1
23.0000,5748,1,1,64777,1,124264,0.521290,23,7,194,194,39974,27.94762,0.00181,2.37096,0.00743,0,1,3,4.200724,3.399744,3.399744,-0.222034,-0.221784,14.738879,5751,0.015048,0.047053,51936,20987,11529,7238,5084,3661,2778,2200,18850,1,1,1,1
23.9000,5748,1,1,66108,0,127053,0.520322,13,19,19,35,195674,28.57143,0.00181,2.37096,0.00743,1,0,2,1.082201,1.000000,1.709834,-0.533879,-0.533865,14.427618,579,0.037003,0.004839,52650,21750,11860,7606,5165,3718,2937,2238,19128,1,1,1,1
22.3500,5749,1,1,63466,0,122164,0.519519,4,4,31,56,27257,27.49554,0.00242,2.37899,0.00625,1,1,2,1.318159,1.000000,1.793328,0.002851,0.002899,14.964332,9485,-0.000194,0.076421,50660,21039,11398,7220,4894,3590,2752,2162,18448,1,1,1,1
22.4000,5749,1,1,63468,0,121599,0.521949,1,10,12,16,588938,27.53014,0.00242,2.37899,0.00625,1,1,3,1.083338,1.000000,1.047654,-0.014401,-0.014388,14.947095,9200,0.000963,0.074210,50344,20534,11271,7216,5041,3637,2756,2277,18522,1,1,1,1
23.0000,5749,1,1,64536,0,124078,0.520129,1,2,10,56,399548,27.94610,0.00242,2.37899,0.00625,1,1,3,1.315306,1.000000,1.293764,-0.222404,-0.222356,14.738933,5749,0.015086,0.047028,51710,20874,11551,7358,4961,3834,2812,2159,18818,1,1,1,1
23.9000,5749,1,1,66185,1,126899,0.521561,2,16,32,74,199754,28.56992,0.00242,2.37899,0.00625,0,1,3,1.925383,1.426596,1.382710,-0.534317,-0.534203,14.427221,576,0.037027,0.004814,52562,21605,11872,7444,5123,3868,2923,2236,19265,1,1,1,1
22.3500,5750,1,1,63492,0,121891,0.520896,8,7,8,13,129740,27.49511,0.00257,2.37562,0.00802,1,1,2,1.337211,1.000000,3.057240,0.002707,0.002758,14.964061,9496,-0.000184,0.076498,50691,20750,11405,7197,5009,3577,2729,2123,18409,1,1,1,1
22.4000,5750,1,1,63551,1,122238,0.519900,1,6,6,56,6556998,27.52983,0.00257,2.37562,0.00802,0,1,3,3.280738,2.741203,2.741203,-0.014641,-0.014434,14.946766,9205,0.000966,0.074239,50880,20654,11319,7206,5027,3638,2825,2227,18461,1,1,1,1
23.0000,5750,1,1,64378,0,123798,0.520029,6,2,58,179,5938406,27.94572,0.00257,2.37562,0.00802,1,1,3,1.327032,1.000000,1.120030,-0.222507,-0.222458,14.738839,5757,0.015093,0.047086,51408,21021,11339,7289,5060,3707,2825,2281,18867,1,1,1,1
23.9000,5750,1,1,65873,1,126941,0.518930,1,4,4,131,194589,28.56955,0.00257,2.37562,0.00802,0,1,3,1.608385,1.184640,1.184640,-0.534426,-0.534344,14.427077,580,0.037038,0.004846,52642,21488,11820,7472,5121,3831,2950,2253,19363,1,1,1,1
22.3500,5751,1,1,63441,1,121742,0.521114,1,32,32,138,49026,27.49838,0.00157,2.37554,0.00726,0,0,3,2.051674,1.615003,1.615003,0.003940,0.004065,14.965325,9495,-0.000272,0.076470,50632,20568,11373,7060,5068,3541,2831,2141,18527,1,1,1,1
22.4000,5751,1,1,63299,1,121640,0.520384,1,4,9,26,920669,27.53309,0.00157,2.37554,0.00726,0,0,3,1.687581,1.279354,1.279354,-0.013398,-0.013307,14.947985,9205,0.000890,0.074220,50326,20866,11283,7050,5009,3577,2744,2189,18595,1,1,1,1
23.0000,5751,1,1,64569,1,123705,0.521964,1,3,312,312,1060161,27.94903,0.00157,2.37554,0.00726,0,1,3,1.423886,1.047305,1.047305,-0.221347,-0.221285,14.740135,5754,0.015012,0.047049,51335,21019,11337,7413,5159,3642,2770,2190,18839,1,1,1,1
23.9000,5751,1,1,66019,1,126847,0.520466,2,5,14,34,167883,28.57275,0.00157,2.37554,0.00726,0,1,3,3.547949,2.773161,2.773161,-0.533296,-0.533076,14.428008,579,0.036947,0.004837,52447,21745,11835,7472,5192,3765,2857,2325,19208,1,1,1,1
22.3500,5752,1,1,63443,1,121143,0.523708,1,7,44,44,174158,27.49981,0.00169,2.37617,0.00734,0,1,3,5.884482,4.304771,4.304771,0.004546,0.004854,14.965924,9496,-0.000324,0.076462,50146,20519,11251,7147,4852,3649,2753,2173,18652,1,1,1,1
22.4000,5752,1,1,63994,0,122194,0.523712,2,5,107,1428,101152,27.53439,0.00169,2.37617,0.00734,1,0,2,1.305704,1.000000,2.052315,-0.012681,-0.012635,14.948803,9209,0.000845,0.074236,50555,20896,11389,7181,5135,3623,2837,2129,18448,1,1,1,1
23.0000,5752,1,1,64421,1,123912,0.519897,3,26,26,323,292173,27.95038,0.00169,2.37617,0.00734,0,1,3,2.739779,2.218068,2.218068,-0.220680,-0.220505,14.740949,5758,0.014959,0.047071,51659,20917,11651,7224,4970,3636,2817,2224,18813,1,1,1,1
23.9000,5752,1,1,66056,0,126919,0.520462,1,2,10,31,7375292,28.57411,0.00169,2.37617,0.00734,1,1,2,1.380994,1.000000,1.506832,-0.532512,-0.532456,14.428877,581,0.036902,0.004852,52660,21632,11878,7539,5061,3626,2888,2226,19408,1,1,1,1
22.3500,5753,1,1,63330,0,121505,0.521217,7,29,61,76,112489,27.49840,0.00401,2.38180,0.00792,1,1,2,1.329371,1.000000,11.490380,0.004964,0.005013,14.966312,9495,-0.000335,0.076438,50250,20477,11456,7152,4989,3548,2788,2250,18594,1,1,1,1
22.4000,5753,1,1,63573,1,122093,0.520698,2,3,10,79,35213,27.53310,0.00401,2.38180,0.00792,0,1,3,3.006447,2.148456,2.148456,-0.012240,-0.012049,14.949406,9206,0.000806,0.074196,50735,20514,11349,7285,5086,3693,2751,2173,18506,1,1,1,1
23.0000,5753,1,1,64332,0,123493,0.520941,3,56,94,94,5941507,27.94901,0.00401,2.38180,0.00792,1,1,2,1.052647,1.000000,3.079336,-0.220227,-0.220218,14.740763,5754,0.014939,0.047031,51151,20792,11539,7364,4984,3738,2848,2190,18886,1,1,1,1
23.9000,5753,1,1,66161,1,126659,0.522359,1,16,16,23,964609,28.57276,0.00401,2.38180,0.00792,0,0,3,3.043008,2.393845,2.393845,-0.532078,-0.531885,14.429376,577,0.036861,0.004818,52218,21500,11905,7591,5188,3744,2877,2355,19280,1,1,1,1
22.3500,5754,1,1,63028,0,121216,0.519969,550,816,816,816,49572,27.50083,0.00322,2.38384,0.00778,1,0,2,1.002629,1.000000,2.149139,0.005971,0.005972,14.967469,9496,-0.000399,0.076427,50278,20375,11088,7223,4973,3660,2743,2174,18701,1,1,1,1
22.4000,5754,1,1,63929,1,122599,0.521452,1,2,74,372,125231,27.53553,0.00322,2.38384,0.00778,0,0,3,1.946221,1.522788,1.522788,-0.011342,-0.011226,14.950039,9208,0.000751,0.074196,51097,20841,11508,7141,5006,3583,2884,2150,18388,1,1,1,1
23.0000,5754,1,1,64338,0,123615,0.520475,30,9,41,68,180789,27.95149,0.00322,2.38384,0.00778,1,1,2,1.359495,1.000000,3.987936,-0.219409,-0.219356,14.741962,5756,0.014880,0.047035,51286,21023,11545,7250,4923,3634,2699,2213,19041,1,1,1,1
23.9000,5754,1,1,66251,1,127044,0.521485,1,3,23,25,394518,28.57525,0.00322,2.38384,0.00778,0,1,3,2.920381,2.173064,2.173064,-0.531235,-0.531049,14.430092,578,0.036801,0.004825,52679,21646,11954,7500,5148,3729,2920,2205,19262,1,1,1,1
22.3500,5755,1,1,63397,1,121422,0.522125,2,14,347,347,314247,27.50058,0.00227,2.38258,0.00698,0,1,3,10.791030,7.694013,7.694013,0.005179,0.005592,14.967078,9499,-0.000374,0.076440,49976,20598,11430,7164,5075,3693,2766,2217,18502,1,1,1,1
22.4000,5755,1,1,63341,1,121846,0.519849,6,2,7,153,482274,27.53526,0.00227,2.38258,0.00698,0,1,3,1.442146,1.020792,1.020792,-0.011978,-0.011914,14.949455,9212,0.000797,0.074218,50558,20685,11309,7109,4977,3621,2808,2228,18550,1,1,1,1
23.0000,5755,1,1,64509,1,124190,0.519442,3,9,9,96,469378,27.95115,0.00227,2.38258,0.00698,0,1,3,2.577917,2.413137,2.413137,-0.220007,-0.219842,14.741643,5760,0.014913,0.047061,51263,21305,11653,7341,5033,3695,2856,2200,18843,1,1,1,1
23.9000,5755,1,1,66447,1,127162,0.522542,1,21,68,68,579023,28.57492,0.00227,2.38258,0.00698,0,1,3,1.620544,1.183881,1.139291,-0.531822,-0.531738,14.429587,581,0.036851,0.004850,52777,21704,11786,7410,5200,3920,2920,2290,19154,1,1,1,1
22.3500,5756,1,1,63646,0,122004,0.521676,2,2,33,103,170564,27.49930,0.00239,2.38277,0.00600,1,1,2,1.354495,1.000000,1.385993,0.004795,0.004848,14.966163,9502,-0.000324,0.076456,50869,20513,11310,7154,4978,3708,2781,2204,18486,1,1,1,1
22.4000,5756,1,1,63616,0,121935,0.521725,11,18,18,22,505094,27.53399,0.00239,2.38277,0.00600,1,1,2,1.220936,1.000000,4.482225,-0.012648,-0.012613,14.948844,9213,0.000844,0.074216,50712,20631,11364,7164,4948,3556,2704,2268,18587,1,1,1,1
23.0000,5756,1,1,64481,1,123770,0.520979,1,7,8,69,218556,27.94992,0.00239,2.38277,0.00600,0,1,3,2.390433,1.750007,1.711423,-0.220530,-0.220378,14.740944,5759,0.014950,0.047046,51316,21069,11471,7280,4990,3686,2765,2199,18993,1,1,1,1
23.9000,5756,1,1,65871,1,126700,0.519901,8,8439,8439,8439,359586,28.57371,0.00239,2.38277,0.00600,0,0,3,11.645056,11.521477,11.521477,-0.532590,-0.532164,14.428545,579,0.036883,0.004832,52401,21468,11729,7488,5148,3847,2837,2265,19516,1,1,1,1
22.3500,5757,1,1,63316,0,121437,0.521394,1,6,15,24,283741,27.49768,0.00349,2.38525,0.00802,1,1,2,1.314483,1.000000,2.863009,0.004515,0.004562,14.965852,9500,-0.000305,0.076428,50270,20611,11387,7058,5069,3543,2658,2208,18632,1,1,1,1
22.4000,5757,1,1,63653,1,121827,0.522491,2,2,7,52,1088973,27.53236,0.00349,2.38525,0.00802,0,1,3,1.978426,1.553955,1.553955,-0.012768,-0.012649,14.948558,9211,0.000846,0.074189,50543,20546,11387,7189,4978,3651,2820,2195,18517,1,1,1,1
23.0000,5757,1,1,64468,0,123905,0.520306,4,4,12,368,113590,27.94834,0.00349,2.38525,0.00802,1,1,2,1.330892,1.000000,1.912960,-0.220780,-0.220730,14.740569,5756,0.014974,0.047015,51466,21006,11531,7325,5034,3734,2759,2099,18950,1,1,1,1
23.9000,5757,1,1,65953,1,126665,0.520693,1,5,8,58,71640,28.57214,0.00349,2.38525,0.00802,0,1,3,1.779883,1.258704,1.063795,-0.532625,-0.532525,14.428855,575,0.036907,0.004798,52520,21351,11817,7421,5162,3779,2886,2242,19486,1,1,1,1
22.3500,5758,1,1,63854,0,122253,0.522315,1,8,35,35,85961,27.50115,0.00239,2.38042,0.00727,1,1,2,1.404528,1.000000,4.601983,0.005578,0.005637,14.967034,9504,-0.000377,0.076441,50837,20737,11493,7232,4839,3633,2822,2225,18434,1,1,1,1
22.4000,5758,1,1,63942,0,122705,0.521108,4,10,14,143,520484,27.53582,0.00239,2.38042,0.00727,1,1,2,1.290125,1.000000,3.471627,-0.011732,-0.011688,14.949586,9214,0.000782,0.074195,51079,21025,11254,7403,5103,3600,2682,2104,18454,1,1,1,1
23.0000,5758,1,1,64776,0,124346,0.520938,1,5,86,91,513742,27.95173,0.00239,2.38042,0.00727,1,1,2,1.271224,1.000000,2.042511,-0.219642,-0.219600,14.741661,5760,0.014897,0.047036,51506,21256,11774,7332,4992,3678,2912,2182,18713,1,1,1,1
23.9000,5758,1,1,66408,0,127294,0.521694,1,5,11,54,1341903,28.57554,0.00239,2.38042,0.00727,1,1,2,1.373395,1.000000,2.760982,-0.531572,-0.531517,14.429898,578,0.036834,0.004822,52825,21476,11942,7681,5115,3761,2954,2310,19229,1,1,1,1
22.3500,5759,1,1,63386,0,121906,0.519962,1,14,14,335,432344,27.50127,0.00169,2.37826,0.00936,1,1,2,1.413707,1.000000,7.548729,0.005284,0.005344,14.966716,9502,-0.000357,0.076413,50590,20753,11287,7249,4968,3584,2742,2247,18485,1,1,1,1
22.4000,5759,1,1,64001,1,122539,0.522295,1,94,94,94,551718,27.53594,0.00169,2.37826,0.00936,0,1,3,57.286288,45.860220,45.860220,-0.012205,-0.011502,14.949234,9214,0.000769,0.074184,50948,20698,11515,7386,5023,3594,2754,2192,18428,1,1,1,1
23.0000,5759,1,1,64545,1,124074,0.520218,3,172,172,172,848063,27.95190,0.00169,2.37826,0.00936,0,1,3,12.143493,11.956220,11.956220,-0.220068,-0.219635,14.741860,5759,0.014899,0.047019,51698,20915,11480,7337,5025,3730,2835,2211,18842,1,1,1,1
23.9000,5759,1,1,66255,1,127219,0.520799,2,2,16,47,187695,28.57572,0.00169,2.37826,0.00936,0,1,3,1.454585,1.148189,1.148189,-0.531774,-0.531709,14.429738,575,0.036848,0.004796,53022,21337,11931,7396,5172,3848,2890,2312,19310,1,1,1,1
22.3500,5760,1,1,63512,0,121541,0.522560,1,4,22,196,134901,27.50141,0.00251,2.38166,0.00638,1,1,2,1.254270,1.000000,1.403747,0.005836,0.005876,14.967125,9513,-0.000393,0.076486,50336,20647,11382,7132,4918,3518,2780,2161,18666,1,1,1,1
22.4000,5760,1,1,63591,1,122197,0.520402,1,54,54,54,1000707,27.53607,0.00251,2.38166,0.00638,0,1,3,1.818583,1.297748,1.073293,-0.011467,-0.011363,14.949988,9225,0.000760,0.074255,50941,20716,11236,7270,4877,3573,2824,2245,18514,1,1,1,1
23.0000,5760,1,1,64617,1,124216,0.520203,3,6,16,16,50952,27.95196,0.00251,2.38166,0.00638,0,0,3,1.633107,1.375145,1.375145,-0.219435,-0.219350,14.741847,5769,0.014879,0.047092,51359,21211,11656,7211,5176,3680,2892,2231,18799,1,1,1,1
23.9000,5760,1,1,66408,0,127424,0.521162,1,10,13,79,314227,28.57579,0.00251,2.38166,0.00638,1,1,2,1.413152,1.000000,5.823366,-0.531476,-0.531416,14.429954,585,0.036827,0.004879,52807,21856,11802,7424,5222,3810,3006,2283,19213,1,1,1,1
22.3500,5761,1,1,63752,0,121662,0.524013,1,38,38,38,96995,27.49962,0.00263,2.38488,0.00593,1,1,2,1.057835,1.000000,2.385542,0.004997,0.005007,14.966005,9511,-0.000335,0.076462,50312,20537,11348,7257,5014,3624,2758,2227,18584,1,1,1,1
22.4000,5761,1,1,63746,0,121970,0.522641,1,2,123,141,807776,27.53427,0.00263,2.38488,0.00593,1,1,3,1.368628,1.000000,1.294923,-0.012272,-0.012217,14.949107,9223,0.000817,0.074231,50561,20795,11367,7145,4894,3554,2804,2200,18649,1,1,1,1
23.0000,5761,1,1,64580,0,124007,0.520781,11,4,111,111,62126,27.95021,0.00263,2.38488,0.00593,1,1,3,1.242567,1.000000,1.162229,-0.220234,-0.220196,14.741045,5767,0.014938,0.047071,51236,21281,11617,7353,5087,3711,2748,2089,18884,1,1,1,1
23.9000,5761,1,1,66174,0,127320,0.519750,2,10,44,74,182080,28.57393,0.00263,2.38488,0.00593,1,0,2,1.149516,1.000000,1.790009,-0.532135,-0.532111,14.429360,582,0.036877,0.004853,53096,21380,11782,7614,5039,3866,2874,2287,19381,1,1,1,1
22.3500,5762,1,1,63527,1,121612,0.522379,1,33,33,33,127209,27.49703,0.00352,2.39073,0.00551,0,0,3,2.328022,1.849666,1.849666,0.004207,0.004354,14.965607,9514,-0.000291,0.076475,50367,20499,11446,7208,4837,3630,2739,2203,18682,1,1,1,1
22.4000,5762,1,1,63341,1,121540,0.521158,2,28,28,66,1005031,27.53167,0.00352,2.39073,0.00551,0,1,3,5.968507,5.154777,5.154777,-0.013207,-0.012897,14.948572,9227,0.000863,0.074253,50241,20427,11368,7257,5068,3625,2663,2167,18723,1,1,1,1
23.0000,5762,1,1,64735,1,123908,0.522448,1,2,7,39,325336,27.94766,0.00352,2.39073,0.00551,0,0,3,2.047296,1.639649,1.639649,-0.221096,-0.220972,14.740273,5767,0.014991,0.047065,51357,20999,11522,7334,5040,3639,2848,2296,18872,1,1,1,1
23.9000,5762,1,1,66160,0,127019,0.520871,1,15,36,39,3487843,28.57139,0.00352,2.39073,0.00551,1,1,2,1.118374,1.000000,2.023572,-0.532986,-0.532967,14.428152,582,0.036939,0.004852,52914,21507,11680,7404,5133,3785,2855,2276,19464,1,1,1,1
22.3500,5763,1,1,63621,1,122432,0.519648,2,5,32,151,319609,27.49232,0.00180,2.38475,0.00992,0,1,3,1.538864,1.332476,1.332476,0.000947,0.001022,14.962492,9514,-0.000068,0.076478,50991,20961,11283,7176,4956,3614,2842,2226,18382,1,1,1,1
22.4000,5763,1,1,63808,0,121914,0.523390,2,10,13,158,318869,27.52696,0.00180,2.38475,0.00992,1,1,2,1.296955,1.000000,3.618020,-0.016459,-0.016414,14.944865,9226,0.001098,0.074250,50250,20868,11320,7187,5083,3648,2743,2187,18627,1,1,1,1
23.0000,5763,1,1,64635,1,123850,0.521886,1,13,17,27,1156728,27.94288,0.00180,2.38475,0.00992,0,1,3,3.086800,2.346252,2.308847,-0.224375,-0.224179,14.737111,5769,0.015212,0.047083,51168,21125,11539,7258,5050,3757,2797,2204,18951,1,1,1,1
23.9000,5763,1,1,66376,0,127426,0.520902,3,53,122,126,106103,28.56662,0.00180,2.38475,0.00992,1,1,2,1.232097,1.000000,14.023871,-0.536407,-0.536371,14.425084,585,0.037183,0.004878,53104,21527,11844,7534,5080,3814,2890,2302,19330,1,1,1,1
22.3500,5764,1,1,63565,1,121824,0.521782,2,1,245,245,784405,27.49649,0.00354,2.38630,0.00551,0,1,3,1.710081,1.217418,1.217418,0.003953,0.004046,14.965442,9516,-0.000270,0.076466,50533,20565,11369,7189,4994,3714,2821,2181,18457,1,1,1,1
22.4000,5764,1,1,64086,0,122525,0.523049,1,4,29,60,111253,27.53113,0.00354,2.38630,0.00551,1,1,2,1.414204,1.000000,2.605413,-0.013430,-0.013369,14.948007,9228,0.000894,0.074238,51048,20930,11398,7207,4948,3680,2680,2210,18423,1,1,1,1
23.0000,5764,1,1,64908,0,124308,0.522159,1,2,35,256,84810,27.94709,0.00354,2.38630,0.00551,1,1,2,1.374744,1.000000,1.545396,-0.221360,-0.221305,14.740024,5769,0.015014,0.047066,51661,21141,11540,7360,4960,3729,2904,2176,18836,1,1,1,1
23.9000,5764,1,1,66330,0,127049,0.522086,1,2,11,1289,615685,28.57085,0.00354,2.38630,0.00551,1,0,3,1.324301,1.000000,1.096916,-0.533214,-0.533166,14.428267,584,0.036953,0.004867,52785,21534,11857,7498,5131,3750,2933,2226,19334,1,1,1,1
22.3500,5765,1,1,63705,1,122017,0.522104,1,5,5,473,139484,27.49763,0.00204,2.39037,0.00737,0,1,3,3.919517,3.030416,3.030416,0.003734,0.003971,14.965444,9514,-0.000265,0.076436,50576,20809,11446,7270,4906,3592,2647,2203,18567,1,1,1,1
22.4000,5765,1,1,63778,0,122464,0.520794,1,2,115,115,66877,27.53238,0.00204,2.39037,0.00737,1,0,3,1.315856,1.000000,1.106089,-0.013553,-0.013505,14.947930,9225,0.000903,0.074201,51105,20634,11488,7235,4850,3598,2796,2235,18522,1,1,1,1
23.0000,5765,1,1,64838,0,124066,0.522613,1,3,14,112,1599848,27.94827,0.00204,2.39037,0.00737,1,1,2,1.335915,1.000000,1.629037,-0.221529,-0.221479,14.739825,5766,0.015026,0.047034,51625,20836,11612,7315,5014,3622,2824,2252,18965,1,1,1,1
23.9000,5765,1,1,66463,1,127192,0.522545,1,2,14,2986,110260,28.57204,0.00204,2.39037,0.00737,0,0,3,1.614215,1.166040,1.166040,-0.533387,-0.533304,14.428033,578,0.036963,0.004817,52960,21563,11723,7563,5230,3673,2879,2238,19362,1,1,1,1
22.3500,5766,1,1,63862,0,121962,0.523626,1,32,32,1617,1807790,27.49833,0.00316,2.39335,0.00718,1,1,2,1.409266,1.000000,16.456300,0.004414,0.004473,14.965835,9520,-0.000299,0.076469,50684,20597,11398,7227,4864,3674,2820,2195,18502,1,1,1,1
22.4000,5766,1,1,63804,0,122386,0.521338,3,8,8,19,408813,27.53295,0.00316,2.39335,0.00718,1,1,2,1.138334,1.000000,1.293448,-0.012675,-0.012653,14.948493,9233,0.000846,0.074250,50995,20596,11393,7260,5007,3606,2749,2177,18602,1,1,1,1
23.0000,5766,1,1,64811,1,124371,0.521114,15,3,28,28,166874,27.94889,0.00316,2.39335,0.00718,0,1,3,1.882955,1.360442,1.360442,-0.220647,-0.220538,14.740873,5771,0.014961,0.047063,51619,21143,11650,7390,5057,3694,2766,2216,18835,1,1,1,1
23.9000,5766,1,1,66417,1,127489,0.520967,2,5,5,85,76713,28.57267,0.00316,2.39335,0.00718,0,0,3,1.655657,1.339610,1.339610,-0.532540,-0.532452,14.428784,582,0.036902,0.004849,53044,21632,11937,7541,5141,3810,2880,2237,19266,1,1,1,1
22.3500,5767,1,1,63765,1,122424,0.520858,1,5,9,22,56988,27.49745,0.00322,2.38769,0.00587,0,1,3,3.826381,2.956790,2.956790,0.004200,0.004433,14.965549,9519,-0.000296,0.076449,50946,20682,11417,7122,5035,3674,2762,2220,18565,1,1,1,1
22.4000,5767,1,1,63809,1,122050,0.522815,7,5,16,30,680204,27.53207,0.00322,2.38769,0.00587,0,1,3,2.729723,2.317218,2.317218,-0.013086,-0.012912,14.948033,9231,0.000864,0.074223,50559,20773,11315,7146,5144,3560,2677,2331,18544,1,1,1,1
23.0000,5767,1,1,64600,0,124040,0.520804,1,15,98,98,203938,27.94805,0.00322,2.38769,0.00587,1,1,2,1.143312,1.000000,2.424287,-0.221082,-0.221059,14.740093,5770,0.014997,0.047049,51382,21172,11383,7411,5064,3610,2749,2236,19032,1,1,1,1
23.9000,5767,1,1,66130,0,127109,0.520266,5,41,41,51,90931,28.57185,0.00322,2.38769,0.00587,1,1,2,1.309772,1.000000,14.940623,-0.533139,-0.533092,14.428195,580,0.036948,0.004832,52584,21680,11933,7538,5174,3710,2751,2268,19470,1,1,1,1
22.3500,5768,1,1,63951,1,122488,0.522104,1,3,5,2940,282692,27.50029,0.00437,2.39113,0.00701,0,1,3,2.900090,2.147102,2.147102,0.006261,0.006446,14.967922,9523,-0.000431,0.076456,51210,20850,11198,7215,4863,3698,2717,2140,18596,1,1,1,1
22.4000,5768,1,1,63756,0,122190,0.521782,1,4,7,146,149560,27.53502,0.00437,2.39113,0.00701,1,1,2,1.412966,1.000000,2.575501,-0.011121,-0.011061,14.950323,9236,0.000740,0.074239,50912,20875,11348,7029,4869,3680,2683,2138,18655,1,1,1,1
23.0000,5768,1,1,64744,0,124310,0.520831,8,2,23,208,442142,27.95093,0.00437,2.39113,0.00701,1,1,3,1.236082,1.000000,1.111827,-0.218996,-0.218959,14.742521,5773,0.014852,0.047058,51525,21148,11711,7111,5216,3775,2842,2252,18729,1,1,1,1
23.9000,5768,1,1,66338,0,127431,0.520584,1,18,143,143,52600,28.57474,0.00437,2.39113,0.00701,1,1,2,1.332414,1.000000,7.300754,-0.531072,-0.531023,14.430408,582,0.036799,0.004847,52987,21683,11733,7544,5259,3816,2819,2235,19354,1,1,1,1
22.3500,5769,1,1,63676,0,122105,0.521490,6,2,34,34,1253523,27.50265,0.00255,2.38949,0.00808,1,1,3,1.380606,1.000000,1.290124,0.006502,0.006557,14.967891,9520,-0.000438,0.076419,50648,20887,11408,7154,4969,3681,2821,2115,18421,1,1,1,1
22.4000,5769,1,1,63544,0,122363,0.519312,2,3,21,22,121687,27.53726,0.00255,2.38949,0.00808,1,1,3,1.264316,1.000000,1.156690,-0.010791,-0.010750,14.950507,9233,0.000719,0.074201,50756,20848,11392,7202,4955,3748,2762,2211,18488,1,1,1,1
23.0000,5769,1,1,64826,0,124500,0.520695,7,28,28,29,261143,27.95322,0.00255,2.38949,0.00808,1,0,2,1.046247,1.000000,1.363245,-0.218786,-0.218778,14.742712,5770,0.014840,0.047024,51807,21200,11667,7249,4969,3646,2902,2191,18868,1,1,1,1
23.9000,5769,1,1,66151,1,126943,0.521112,1,1,10,58,221163,28.57704,0.00255,2.38949,0.00808,0,1,3,1.549272,1.115426,1.115426,-0.530678,-0.530602,14.430806,578,0.036769,0.004812,52466,21620,11748,7515,5209,3769,2930,2352,19333,1,1,1,1
22.3500,5770,1,1,63877,1,122367,0.522016,3,8,9,116,319075,27.50135,0.00204,2.38285,0.00777,0,0,3,1.458608,1.220186,1.220186,0.005640,0.005705,14.966909,9522,-0.000381,0.076427,50840,20800,11467,7113,4952,3654,2745,2275,18520,1,1,1,1
22.4000,5770,1,1,63973,1,122740,0.521212,247,19,247,474,275346,27.53606,0.00204,2.38285,0.00777,0,1,3,4.205679,3.984113,3.984113,-0.011821,-0.011572,14.949918,9233,0.000774,0.074191,51038,21004,11374,7211,5018,3709,2808,2172,18405,1,1,1,1
23.0000,5770,1,1,64806,0,124372,0.521070,1,3,62,62,79133,27.95195,0.00204,2.38285,0.00777,1,0,2,1.255763,1.000000,1.340770,-0.219668,-0.219628,14.741822,5771,0.014898,0.047027,51785,21042,11594,7398,5063,3684,2856,2157,18792,1,1,1,1
23.9000,5770,1,1,66557,1,127687,0.521255,2,2,20,115,126375,28.57578,0.00204,2.38285,0.00777,0,1,3,1.972311,1.442539,1.442539,-0.531594,-0.531476,14.429667,578,0.036832,0.004812,53112,21867,11940,7377,5141,3723,2830,2283,19413,1,1,1,1
22.3500,5771,1,1,63491,1,122138,0.519834,2,1,26,129,77901,27.50078,0.00168,2.38719,0.00657,0,1,3,1.583545,1.248574,1.248574,0.005220,0.005300,14.966520,9528,-0.000354,0.076464,50851,20719,11417,7082,4963,3656,2705,2121,18623,1,1,1,1
22.4000,5771,1,1,64198,0,122802,0.522781,1,50,50,574,168988,27.53549,0.00168,2.38719,0.00657,1,1,2,1.116374,1.000000,6.316157,-0.012281,-0.012262,14.948855,9242,0.000820,0.074256,51446,20526,11539,7154,5002,3626,2739,2187,18582,1,1,1,1
23.0000,5771,1,1,64754,0,124267,0.521092,8,203,203,203,7426113,27.95142,0.00168,2.38719,0.00657,1,1,2,1.012039,1.000000,2.501497,-0.220168,-0.220166,14.740565,5776,0.014936,0.047064,51773,20855,11622,7408,5086,3628,2790,2168,18936,1,1,1,1
23.9000,5771,1,1,66171,1,127551,0.518785,2,5,29,106,71247,28.57515,0.00168,2.38719,0.00657,0,1,3,3.748202,2.841183,2.841183,-0.532042,-0.531813,14.429670,583,0.036856,0.004853,52929,21949,11787,7474,5148,3692,2925,2280,19366,1,1,1,1
22.3500,5772,1,1,63511,1,122204,0.519717,6,28,28,195,522482,27.50157,0.00222,2.38732,0.00687,0,1,3,3.232406,2.621382,2.621382,0.005736,0.005939,14.967394,9529,-0.000397,0.076454,50510,20795,11584,7140,4958,3621,2835,2215,18545,1,1,1,1
22.4000,5772,1,1,63688,0,122361,0.520497,1,6147,6147,6147,1648198,27.53615,0.00222,2.38732,0.00687,1,1,2,1.000499,1.000000,3.107861,-0.011572,-0.011572,14.948609,9241,0.000774,0.074236,50663,20889,11396,7275,5015,3594,2799,2321,18408,1,1,1,1
23.0000,5772,1,1,65265,1,124606,0.523775,2,3,48,63,211314,27.95214,0.00222,2.38732,0.00687,0,1,3,1.413553,1.023047,1.023047,-0.219464,-0.219405,14.742007,5778,0.014883,0.047067,51836,21240,11553,7331,5151,3718,2724,2263,18789,1,1,1,1
23.9000,5772,1,1,66288,0,126806,0.522755,34,4,52,52,215885,28.57587,0.00222,2.38732,0.00687,1,1,2,1.404523,1.000000,2.247743,-0.531405,-0.531346,14.430051,583,0.036822,0.004852,52458,21504,11785,7374,5261,3679,2933,2294,19517,1,1,1,1
22.3500,5773,1,1,63824,0,122156,0.522484,37,18,54,61,541985,27.49912,0.00192,2.38417,0.00749,1,1,2,1.172387,1.000000,3.414251,0.004383,0.004411,14.965878,9527,-0.000295,0.076432,50714,20589,11325,7318,4938,3648,2808,2259,18556,1,1,1,1
22.4000,5773,1,1,63594,0,122346,0.519792,1,2,9,461,693720,27.53382,0.00192,2.38417,0.00749,1,1,2,1.353639,1.000000,1.390436,-0.012889,-0.012837,14.948479,9241,0.000859,0.074224,50580,20823,11488,7121,5034,3762,2790,2231,18516,1,1,1,1
23.0000,5773,1,1,64724,0,124297,0.520725,7,5,7,81,88871,27.94973,0.00192,2.38417,0.00749,1,1,2,1.363906,1.000000,2.590658,-0.220898,-0.220845,14.740478,5775,0.014982,0.047040,51568,21104,11657,7198,5009,3745,2874,2329,18812,1,1,1,1
23.9000,5773,1,1,66603,1,127966,0.520478,4,15,15,59,163025,28.57348,0.00192,2.38417,0.00749,0,0,3,3.116333,2.895955,2.895955,-0.532783,-0.532586,14.428460,580,0.036912,0.004826,53265,21933,11813,7643,5071,3818,2906,2203,19313,1,1,1,1
22.3500,5774,1,1,63839,1,122634,0.520570,1,2,19,28,4192286,27.49474,0.00359,2.37883,0.00807,0,0,3,1.976442,1.477577,1.477577,0.003148,0.003266,14.964571,9531,-0.000218,0.076458,50691,21150,11406,7446,4895,3583,2775,2242,18445,1,1,1,1
22.4000,5774,1,1,64121,1,122697,0.522601,1,3,78,155,102839,27.52944,0.00359,2.37883,0.00807,0,1,3,2.567260,2.019663,2.019663,-0.014228,-0.014065,14.947414,9242,0.000941,0.074225,50856,21021,11474,7255,5018,3660,2745,2256,18411,1,1,1,1
23.0000,5774,1,1,64684,0,124506,0.519529,1,73,73,73,77512,27.94540,0.00359,2.37883,0.00807,1,1,2,1.329287,1.000000,28.436270,-0.222438,-0.222389,14.738911,5777,0.015089,0.047053,51524,21340,11561,7338,5097,3748,2881,2223,18793,1,1,1,1
23.9000,5774,1,1,66341,1,127361,0.520894,2,162,162,162,186576,28.56916,0.00359,2.37883,0.00807,0,1,3,10.078922,9.934852,9.934852,-0.534227,-0.533827,14.427669,582,0.037000,0.004843,52817,21743,11792,7364,5185,3870,2870,2281,19438,1,1,1,1
22.3500,5775,1,1,63612,0,122123,0.520889,1,45,45,45,184693,27.49855,0.00288,2.37809,0.00659,1,1,2,1.040453,1.000000,1.895267,0.004592,0.004599,14.965538,9530,-0.000307,0.076432,50555,20902,11343,7196,4901,3638,2769,2155,18663,1,1,1,1
22.4000,5775,1,1,64071,1,122760,0.521925,1,3,10,559,11371033,27.53323,0.00288,2.37809,0.00659,0,1,3,1.373857,1.178275,1.178275,-0.012710,-0.012655,14.948813,9241,0.000847,0.074197,51224,20846,11391,7192,4986,3639,2741,2194,18546,1,1,1,1
23.0000,5775,1,1,64581,1,123985,0.520882,1,6,20,1450,282823,27.94912,0.00288,2.37809,0.00659,0,0,3,1.648813,1.190663,1.190663,-0.220648,-0.220561,14.740777,5776,0.014963,0.047031,51192,21201,11550,7282,5059,3623,2797,2289,18991,1,1,1,1
23.9000,5775,1,1,65826,0,126546,0.520179,1,7,165,1121,414974,28.57289,0.00288,2.37809,0.00659,1,0,2,1.155185,1.000000,1.385733,-0.532551,-0.532527,14.428944,579,0.036907,0.004816,52128,21486,11768,7525,5146,3804,2911,2366,19411,1,1,1,1
22.3500,5776,1,1,63774,0,122317,0.521387,3,5,14,60,362448,27.49950,0.00234,2.38112,0.00769,1,1,3,1.175966,1.000000,1.249352,0.004877,0.004905,14.966092,9539,-0.000328,0.076488,50782,20766,11304,7134,5138,3651,2704,2257,18580,1,1,1,1
22.4000,5776,1,1,63550,0,121803,0.521748,13,2,207,207,53706,27.53418,0.00234,2.38112,0.00769,1,1,3,1.411910,1.000000,1.343114,-0.012472,-0.012412,14.948956,9248,0.000830,0.074240,50266,20467,11452,7234,4990,3705,2788,2098,18802,1,1,1,1
23.0000,5776,1,1,64729,1,124381,0.520413,3,2,9,586,99533,27.95011,0.00234,2.38112,0.00769,0,0,3,1.388274,1.148211,1.148211,-0.220428,-0.220372,14.740845,5783,0.014950,0.047079,51678,21076,11483,7375,5006,3634,2912,2244,18972,1,1,1,1
23.9000,5776,1,1,66551,1,128025,0.519832,1,2,14,14,31822,28.57390,0.00234,2.38112,0.00769,0,1,3,2.024248,1.541766,1.541766,-0.532343,-0.532221,14.429057,583,0.036885,0.004849,53395,21714,11958,7447,5228,3836,2885,2241,19320,1,1,1,1
22.3500,5777,1,1,64026,0,122516,0.522597,1,7,29,29,191287,27.49901,0.00204,2.37977,0.00635,1,1,2,1.213322,1.000000,2.128080,0.004477,0.004510,14.965730,9534,-0.000301,0.076436,51083,20754,11614,6950,4997,3542,2743,2238,18594,1,1,1,1
22.4000,5777,1,1,63764,0,122638,0.519941,1,2,50,50,406724,27.53368,0.00204,2.37977,0.00635,1,1,3,1.253992,1.000000,1.172584,-0.012804,-0.012765,14.948486,9245,0.000854,0.074205,51109,20579,11472,7184,5059,3566,2874,2193,18601,1,1,1,1
23.0000,5777,1,1,65097,1,124721,0.521945,2,2,5,116,147428,27.94967,0.00204,2.37977,0.00635,0,1,3,1.607915,1.187569,1.187569,-0.220805,-0.220722,14.740701,5779,0.014974,0.047039,51835,21322,11491,7368,5026,3677,2855,2249,18897,1,1,1,1
23.9000,5777,1,1,66189,1,127479,0.519219,8,40,159,198,93850,28.57346,0.00204,2.37977,0.00635,0,1,3,5.863719,5.712939,5.712939,-0.532839,-0.532533,14.428286,579,0.036909,0.004815,52638,21817,11900,7616,5131,3820,2918,2293,19345,1,1,1,1
22.3500,5778,1,1,63790,0,122520,0.520654,1,1,123,123,2206750,27.49601,0.00204,2.37588,0.01096,1,1,3,1.412634,1.000000,1.151425,0.002956,0.003016,14.964386,9537,-0.000202,0.076454,50997,20754,11408,7206,4975,3639,2730,2185,18625,1,1,1,1
22.4000,5778,1,1,63865,1,122446,0.521581,4,25,2518,2518,230086,27.53068,0.00204,2.37588,0.01096,0,1,3,8.299399,7.598985,7.598985,-0.014544,-0.014178,14.947310,9248,0.000949,0.074222,50890,20713,11325,7115,5056,3628,2810,2215,18693,1,1,1,1
23.0000,5778,1,1,65052,0,124628,0.521974,21,8,30,64,146267,27.94660,0.00204,2.37588,0.01096,1,0,2,1.182500,1.000000,1.634478,-0.222366,-0.222337,14.739128,5780,0.015085,0.047044,51619,21297,11593,7341,5052,3705,2850,2318,18852,1,1,1,1
23.9000,5778,1,1,66865,1,128300,0.521165,1,11,125,228,221839,28.57040,0.00204,2.37588,0.01096,0,1,3,5.548125,4.874245,4.874245,-0.534366,-0.534069,14.427428,579,0.037018,0.004814,53361,21883,11993,7658,5228,3854,2891,2383,19048,1,1,1,1
22.3500,5779,1,1,63639,1,122031,0.521503,2,4,5,150,405105,27.50002,0.00335,2.37970,0.00714,0,1,3,2.375512,1.798963,1.798963,0.005614,0.005764,14.967198,9539,-0.000385,0.076443,50462,20722,11519,7222,4982,3603,2793,2159,18568,1,1,1,1
22.4000,5779,1,1,63885,1,122253,0.522568,1,8,332,332,514593,27.53468,0.00335,2.37970,0.00714,0,1,3,2.265733,2.102393,2.102393,-0.011730,-0.011588,14.949896,9248,0.000775,0.074196,50719,20609,11368,7167,5043,3694,2787,2149,18716,1,1,1,1
23.0000,5779,1,1,65107,1,124839,0.521532,1,3,16,124,40084,27.95064,0.00335,2.37970,0.00714,0,1,3,2.042025,1.573919,1.573919,-0.219686,-0.219562,14.741878,5782,0.014894,0.047043,51915,21370,11665,7209,5066,3623,2855,2224,18911,1,1,1,1
23.9000,5779,1,1,66004,0,127270,0.518618,1,6,59,181,1324574,28.57446,0.00335,2.37970,0.00714,1,1,2,1.370561,1.000000,3.142881,-0.531655,-0.531601,14.429726,580,0.036841,0.004821,52788,21631,11758,7443,5087,3837,2914,2309,19502,1,1,1,1
22.3500,5780,1,1,64218,0,122593,0.523835,1,2,8,421,76722,27.50340,0.00204,2.38607,0.00668,1,1,2,1.413028,1.000000,1.536833,0.006587,0.006647,14.968018,9538,-0.000444,0.076417,50911,20993,11359,7186,4944,3656,2774,2288,18481,1,1,1,1
22.4000,5780,1,1,63941,1,122531,0.521840,1,6,36,36,1111131,27.53806,0.00204,2.38607,0.00668,0,1,3,3.113721,2.657132,2.657132,-0.010788,-0.010592,14.950878,9251,0.000708,0.074203,51024,20769,11423,7193,4893,3587,2795,2199,18647,1,1,1,1
23.0000,5780,1,1,64805,1,124385,0.521008,4,3,79,160,52598,27.95395,0.00204,2.38607,0.00668,0,1,3,1.526155,1.141062,1.141062,-0.218659,-0.218586,14.742843,5784,0.014827,0.047048,51521,21128,11642,7293,5126,3662,2792,2263,18957,1,1,1,1
23.9000,5780,1,1,66328,0,127435,0.520489,1,11,11,69,3856274,28.57778,0.00204,2.38607,0.00668,1,1,2,1.095128,1.000000,1.298351,-0.530583,-0.530568,14.430516,580,0.036767,0.004820,52943,21428,11908,7484,5139,3883,2901,2305,19443,1,1,1,1
22.3500,5781,1,1,63788,0,122523,0.520625,6,223,223,223,125181,27.50114,0.00216,2.38154,0.00670,1,1,2,1.363765,1.000000,95.962664,0.005200,0.005253,14.966576,9536,-0.000351,0.076395,50771,20874,11388,7135,5009,3652,2821,2152,18720,1,1,1,1
22.4000,5781,1,1,63870,0,122642,0.520788,2,3,13,148,166503,27.53579,0.00216,2.38154,0.00670,1,1,2,1.413711,1.000000,2.090643,-0.011793,-0.011733,14.949649,9247,0.000785,0.074164,50924,20997,11341,7272,4885,3617,2776,2159,18670,1,1,1,1
23.0000,5781,1,1,64975,1,124407,0.522282,2,3,4,61,321908,27.95173,0.00216,2.38154,0.00670,0,1,3,2.187109,1.806649,1.806649,-0.219749,-0.219614,14.741544,5780,0.014898,0.047012,51614,21265,11505,7232,5065,3756,2683,2228,19058,1,1,1,1
23.9000,5781,1,1,66227,1,127427,0.519729,7,823,823,823,220120,28.57545,0.00216,2.38154,0.00670,0,1,3,154.002249,151.186396,151.186396,-0.531996,-0.531124,14.429155,576,0.036809,0.004786,52862,21774,11709,7475,5120,3808,2797,2362,19519,1,1,1,1
22.3500,5782,1,1,63740,0,121978,0.522558,1,3,10,10,2760493,27.50198,0.00249,2.38071,0.00704,1,0,2,1.350035,1.000000,1.855271,0.006167,0.006219,14.967644,9547,-0.000416,0.076465,50588,20753,11531,7185,4916,3540,2664,2190,18610,1,1,1,1
22.4000,5782,1,1,63650,0,122132,0.521162,2,1,27,2839,237053,27.53662,0.00249,2.38071,0.00704,1,1,3,1.406650,1.000000,1.243471,-0.011116,-0.011057,14.950338,9257,0.000740,0.074228,50502,20980,11321,7030,4928,3776,2773,2176,18645,1,1,1,1
23.0000,5782,1,1,65016,0,124799,0.520970,1,1,9,86,170182,27.95261,0.00249,2.38071,0.00704,1,1,3,1.393297,1.000000,1.312462,-0.219119,-0.219062,14.742283,5787,0.014859,0.047058,51821,21096,11583,7442,5188,3784,2742,2178,18964,1,1,1,1
23.9000,5782,1,1,66389,1,127582,0.520367,1,77,77,219,147421,28.57634,0.00249,2.38071,0.00704,0,1,3,18.965657,17.921478,17.921478,-0.531214,-0.530705,14.430787,584,0.036776,0.004851,52990,21749,11910,7404,5092,3755,2885,2300,19496,1,1,1,1
22.3500,5783,1,1,63770,0,121948,0.522932,1,14,17,2793,92920,27.50288,0.00336,2.38488,0.00688,1,1,2,1.121661,1.000000,2.071292,0.006966,0.006986,14.968111,9545,-0.000467,0.076433,50502,20761,11301,7189,4867,3629,2842,2208,18648,1,1,1,1
22.4000,5783,1,1,64092,0,122862,0.521663,1,3,5,62,355810,27.53752,0.00336,2.38488,0.00688,1,1,2,1.414205,1.000000,2.049415,-0.010353,-0.010293,14.951084,9256,0.000688,0.074203,51230,20771,11362,7270,5007,3699,2785,2150,18587,1,1,1,1
23.0000,5783,1,1,65089,1,124520,0.522723,2,121,121,121,1190950,27.95343,0.00336,2.38488,0.00688,0,1,3,12.081682,11.590240,11.590240,-0.218460,-0.218029,14.742915,5787,0.014789,0.047048,51577,21282,11556,7264,5030,3766,2787,2274,18983,1,1,1,1
23.9000,5783,1,1,66211,1,127407,0.519685,2,5,18,30,230690,28.57718,0.00336,2.38488,0.00688,0,0,3,1.336472,1.041401,1.041401,-0.530124,-0.530074,14.431196,583,0.036731,0.004842,52764,21715,11823,7382,5249,3769,2886,2350,19468,1,1,1,1
22.3500,5784,1,1,63831,1,122580,0.520734,1,11,11,38,599037,27.50543,0.00180,2.38149,0.00738,0,1,3,2.355158,2.087429,2.087429,0.007501,0.007649,14.969125,9549,-0.000511,0.076447,50943,20823,11417,7127,5015,3745,2787,2223,18499,1,1,1,1
22.4000,5784,1,1,63632,0,122323,0.520201,2,153,153,153,164540,27.54006,0.00180,2.38149,0.00738,1,0,2,1.019052,1.000000,2.990291,-0.009846,-0.009843,14.951652,9260,0.000658,0.074220,50757,20795,11315,7222,4975,3598,2809,2182,18669,1,1,1,1
23.0000,5784,1,1,64721,1,124334,0.520546,5,4,19,281,2843628,27.95602,0.00180,2.38149,0.00738,0,1,3,1.945268,1.382775,1.332206,-0.217752,-0.217637,14.743758,5793,0.014761,0.047086,51588,21071,11550,7328,5088,3773,2801,2191,18943,1,1,1,1
23.9000,5784,1,1,66526,0,127919,0.520068,2,7,3049,3049,179886,28.57978,0.00180,2.38149,0.00738,1,0,3,1.125038,1.000000,1.118696,-0.529618,-0.529597,14.431879,584,0.036696,0.004849,53165,21999,11732,7621,5040,3813,3028,2345,19175,1,1,1,1
22.3500,5785,1,1,63689,1,122055,0.521810,2,163,163,2492,322668,27.50251,0.00318,2.38166,0.00680,0,0,3,2.458313,2.047101,2.047101,0.006779,0.006935,14.968145,9547,-0.000463,0.076422,50588,20698,11167,7236,5043,3708,2744,2167,18703,1,1,1,1
22.4000,5785,1,1,64235,1,122945,0.522474,1,33,33,33,1673998,27.53726,0.00318,2.38166,0.00680,0,1,3,3.364447,2.634693,2.558571,-0.010615,-0.010405,14.950861,9257,0.000696,0.074187,51003,20991,11556,7327,4993,3656,2825,2131,18462,1,1,1,1
23.0000,5785,1,1,65116,0,124795,0.521788,1,25,25,197,67194,27.95315,0.00318,2.38166,0.00680,1,1,2,1.064962,1.000000,1.758512,-0.218527,-0.218516,14.742504,5787,0.014822,0.047033,52002,21183,11594,7307,5128,3622,2897,2143,18918,1,1,1,1
23.9000,5785,1,1,66404,0,127250,0.521843,1,1,25,27,1375281,28.57692,0.00318,2.38166,0.00680,1,1,3,1.342045,1.000000,1.010097,-0.530362,-0.530311,14.431165,580,0.036748,0.004816,52709,21446,11827,7359,5299,3906,2955,2338,19410,1,1,1,1
22.3500,5786,1,1,64161,1,122643,0.523157,2,2,4043,4043,891700,27.50080,0.00323,2.37890,0.00646,0,1,3,2.114212,1.500706,1.500706,0.005895,0.006025,14.967176,9548,-0.000403,0.076422,51040,20710,11424,7300,4941,3772,2727,2222,18506,1,1,1,1
22.4000,5786,1,1,63818,0,122255,0.522012,1,51,51,509,271301,27.53542,0.00323,2.37890,0.00646,1,1,2,1.253018,1.000000,14.940871,-0.011614,-0.011575,14.949675,9259,0.000774,0.074196,50688,20625,11442,7265,4891,3650,2815,2168,18710,1,1,1,1
23.0000,5786,1,1,65017,1,124465,0.522376,1,4,23,1348,1722035,27.95136,0.00323,2.37890,0.00646,0,1,3,2.138122,1.711479,1.711479,-0.219395,-0.219263,14.742188,5787,0.014873,0.047026,51432,21346,11412,7430,4984,3711,2907,2308,18934,1,1,1,1
23.9000,5786,1,1,66372,0,127520,0.520487,6,2,71,158,313402,28.57514,0.00323,2.37890,0.00646,1,1,3,1.410390,1.000000,1.262424,-0.531261,-0.531201,14.430189,581,0.036812,0.004823,52579,21864,11870,7582,5236,3713,2869,2338,19468,1,1,1,1
22.3500,5787,1,1,64004,0,123043,0.520180,1,53,1171,1171,1040718,27.49823,0.00539,2.37675,0.00836,1,1,2,1.214607,1.000000,12.882235,0.005549,0.005583,14.966804,9554,-0.000373,0.076459,51174,21048,11360,7141,4957,3825,2776,2256,18505,1,1,1,1
22.4000,5787,1,1,63822,0,122632,0.520439,2,5,18,71,64808,27.53285,0.00539,2.37675,0.00836,1,1,2,1.398061,1.000000,2.876830,-0.011628,-0.011570,14.949779,9263,0.000774,0.074215,51104,20545,11506,7161,5027,3678,2774,2132,18704,1,1,1,1
23.0000,5787,1,1,64743,1,124286,0.520924,21,6,22,22,146201,27.94883,0.00539,2.37675,0.00836,0,1,3,2.411023,2.252925,2.252925,-0.219600,-0.219448,14.741356,5790,0.014887,0.047045,51348,21123,11539,7363,5093,3745,2813,2236,19025,1,1,1,1
23.9000,5787,1,1,66910,0,128155,0.522106,1,16,16,16,209778,28.57263,0.00539,2.37675,0.00836,1,1,2,1.076448,1.000000,1.362568,-0.531455,-0.531442,14.429606,582,0.036830,0.004831,53811,21484,11772,7503,5233,3711,2922,2228,19490,1,1,1,1
22.3500,5788,1,1,63748,0,122189,0.521721,1,5,9,43,244700,27.49940,0.00454,2.37823,0.00592,1,1,2,1.311734,1.000000,2.417993,0.005894,0.005941,14.967230,9554,-0.000397,0.076444,50408,21038,11428,7190,5032,3663,2786,2083,18560,1,1,1,1
22.4000,5788,1,1,64109,1,122751,0.522273,1,6,18,32,1800101,27.53413,0.00454,2.37823,0.00592,0,1,3,1.316133,1.116920,1.116920,-0.011404,-0.011356,14.950110,9264,0.000760,0.074208,50831,20956,11533,7142,4994,3671,2887,2177,18559,1,1,1,1
23.0000,5788,1,1,65063,1,124595,0.522200,1,35,35,342,131263,27.95004,0.00454,2.37823,0.00592,0,1,3,15.145003,13.539166,13.539166,-0.219575,-0.219106,14.742385,5791,0.014862,0.047042,51712,21112,11525,7451,4947,3765,2852,2263,18967,1,1,1,1
23.9000,5788,1,1,66559,1,128133,0.519456,1,2,21,58,95948,28.57385,0.00454,2.37823,0.00592,0,1,3,2.607589,1.941562,1.941562,-0.531310,-0.531145,14.430296,582,0.036808,0.004830,53349,21663,11985,7672,5207,3712,2917,2248,19379,1,1,1,1
22.3500,5789,1,1,63844,0,122360,0.521776,1,13,13,27,1242325,27.50083,0.00395,2.38229,0.00670,1,1,2,1.077053,1.000000,1.171265,0.006304,0.006316,14.967366,9553,-0.000422,0.076422,50739,20888,11383,7131,5053,3617,2757,2180,18611,1,1,1,1
22.4000,5789,1,1,64311,1,123486,0.520800,1,1,9,13,58563,27.53544,0.00395,2.38229,0.00670,0,0,3,1.755784,1.298571,1.298571,-0.011007,-0.010910,14.950541,9262,0.000730,0.074177,51447,21175,11261,7315,4945,3745,2856,2215,18526,1,1,1,1
23.0000,5789,1,1,65016,0,124880,0.520632,1,4,12,20,414624,27.95140,0.00395,2.38229,0.00670,1,1,2,1.396488,1.000000,2.640354,-0.219052,-0.218995,14.742354,5788,0.014855,0.047009,51918,21051,11685,7267,5131,3796,2837,2261,18933,1,1,1,1
23.9000,5789,1,1,66590,0,127876,0.520743,3,4,107,107,81267,28.57522,0.00395,2.38229,0.00670,1,1,2,1.409708,1.000000,2.481077,-0.530956,-0.530896,14.430468,578,0.036790,0.004796,53152,21833,11833,7380,5233,3703,2912,2334,19495,1,1,1,1
22.3500,5790,1,1,63788,0,122159,0.522176,1,1,99,207,136353,27.50289,0.00392,2.38669,0.00616,1,1,3,1.350797,1.000000,1.071403,0.007364,0.007416,14.968730,9555,-0.000495,0.076417,50619,20539,11604,7114,5001,3715,2735,2171,18660,1,1,1,1
22.4000,5790,1,1,64412,0,123175,0.522935,2,5,9,14,134946,27.53761,0.00392,2.38669,0.00616,1,1,2,1.385613,1.000000,2.924729,-0.010082,-0.010025,14.951314,9265,0.000671,0.074184,51088,21011,11630,7153,4997,3716,2750,2151,18678,1,1,1,1
23.0000,5790,1,1,65002,0,124792,0.520887,6,2,6,83,126538,27.95350,0.00392,2.38669,0.00616,1,1,3,1.409976,1.000000,1.219511,-0.217950,-0.217890,14.743501,5791,0.014779,0.047022,51847,21395,11500,7273,5018,3735,2807,2268,18948,1,1,1,1
23.9000,5790,1,1,66492,0,127884,0.519944,48,12,48,100,949385,28.57733,0.00392,2.38669,0.00616,1,1,2,1.295756,1.000000,4.245233,-0.529974,-0.529929,14.431350,580,0.036721,0.004811,53112,21543,11883,7593,5303,3792,2924,2351,19382,1,1,1,1
22.3500,5791,1,1,63741,1,122069,0.522176,1,5,5,59,148739,27.50054,0.00350,2.38521,0.00681,0,1,3,1.775005,1.280191,1.280191,0.006012,0.006111,14.967522,9556,-0.000408,0.076418,50478,20815,11397,7170,4915,3621,2723,2148,18801,1,1,1,1
22.4000,5791,1,1,64116,0,122924,0.521595,1,25,122,122,2773158,27.53525,0.00350,2.38521,0.00681,1,1,2,1.068801,1.000000,1.910626,-0.011383,-0.011371,14.949659,9265,0.000761,0.074180,51247,20774,11401,7163,4942,3642,2700,2254,18800,1,1,1,1
23.0000,5791,1,1,65152,0,124797,0.522068,1,4,7,34,104987,27.95118,0.00350,2.38521,0.00681,1,0,2,1.217442,1.000000,1.308791,-0.219318,-0.219284,14.742175,5792,0.014875,0.047026,51769,21115,11411,7642,5110,3750,2776,2256,18967,1,1,1,1
23.9000,5791,1,1,66510,0,127728,0.520720,1,1,5,76,578846,28.57491,0.00350,2.38521,0.00681,1,1,3,1.355134,1.000000,1.119020,-0.531167,-0.531114,14.430203,579,0.036806,0.004803,52934,21741,11880,7677,5165,3852,2826,2259,19393,1,1,1,1
22.3500,5792,1,1,64100,0,122717,0.522344,1,18,102,102,276038,27.50223,0.00404,2.39112,0.00620,1,1,2,1.213169,1.000000,4.539345,0.006931,0.006965,14.968185,9562,-0.000465,0.076450,50920,20714,11669,7352,5008,3609,2704,2167,18573,1,1,1,1
22.4000,5792,1,1,64008,0,122786,0.521301,1,1,20,115,2494402,27.53681,0.00404,2.39112,0.00620,1,0,3,1.410301,1.000000,1.348709,-0.010256,-0.010197,14.951194,9273,0.000682,0.074223,50923,20902,11435,7272,4961,3593,2787,2169,18743,1,1,1,1
23.0000,5792,1,1,65178,0,124613,0.523048,1,11,11,50,124729,27.95280,0.00404,2.39112,0.00620,1,1,2,1.156153,1.000000,2.013014,-0.218284,-0.218259,14.742910,5797,0.014804,0.047056,51669,21191,11700,7254,5019,3809,2896,2167,18907,1,1,1,1
23.9000,5792,1,1,66552,0,127982,0.520015,1,9,38,113,165800,28.57653,0.00404,2.39112,0.00620,1,1,3,1.094474,1.000000,1.028092,-0.530091,-0.530075,14.431407,585,0.036731,0.004851,53152,21720,11898,7543,5247,3735,2903,2350,19433,1,1,1,1
22.3500,5793,1,1,63898,0,122698,0.520779,3,14,14,45,237635,27.50340,0.00336,2.38954,0.00721,1,1,2,1.204191,1.000000,3.430190,0.007240,0.007273,14.968486,9560,-0.000486,0.076419,50977,20826,11334,7137,5056,3602,2837,2219,18709,1,1,1,1
22.4000,5793,1,1,64386,0,123042,0.523289,1,14,330,330,164483,27.53810,0.00336,2.38954,0.00721,1,1,2,1.118725,1.000000,1.874335,-0.010057,-0.010038,14.951085,9270,0.000671,0.074187,50943,21132,11422,7180,5006,3783,2810,2197,18568,1,1,1,1
23.0000,5793,1,1,64912,0,124624,0.520867,1,2,14,136,1177964,27.95401,0.00336,2.38954,0.00721,1,1,2,1.413455,1.000000,1.492112,-0.217993,-0.217934,14.743439,5795,0.014782,0.047030,51651,21162,11579,7338,5100,3625,2889,2145,19134,1,1,1,1
23.9000,5793,1,1,66552,0,127423,0.522296,1,28,28,28,164241,28.57776,0.00336,2.38954,0.00721,1,1,2,1.040413,1.000000,1.298060,-0.529850,-0.529843,14.431098,581,0.036715,0.004817,52664,21709,11954,7492,5152,3726,2911,2250,19564,1,1,1,1
22.3500,5794,1,1,64085,1,122648,0.522516,1,68,68,68,1003122,27.50680,0.00480,2.38764,0.00747,0,1,3,11.956933,11.335653,11.335653,0.009600,0.010029,14.971519,9562,-0.000670,0.076406,50829,20798,11589,7114,5067,3682,2760,2239,18569,1,1,1,1
22.4000,5794,1,1,64063,1,123300,0.519574,13,2,47,47,67422,27.54149,0.00480,2.38764,0.00747,0,1,3,1.393264,1.044081,1.044081,-0.007540,-0.007483,14.953947,9273,0.000500,0.074184,51210,21164,11478,7235,5084,3757,2723,2214,18434,1,1,1,1
23.0000,5794,1,1,65178,0,124853,0.522042,3,13,42,42,896606,27.95745,0.00480,2.38764,0.00747,1,1,2,1.392982,1.000000,6.556328,-0.215679,-0.215622,14.745724,5795,0.014623,0.047015,51808,21171,11771,7381,5065,3713,2863,2209,18871,1,1,1,1
23.9000,5794,1,1,66727,1,128069,0.521028,1,6,15,27,591020,28.58121,0.00480,2.38764,0.00747,0,1,3,3.713666,3.063358,3.063358,-0.527493,-0.527267,14.433872,581,0.036530,0.004815,53307,21466,12004,7626,5126,3914,2988,2284,19353,1,1,1,1
22.3500,5795,1,1,63989,1,122585,0.522001,2,7,7,50,614519,27.50342,0.00533,2.38529,0.00832,0,0,3,1.681097,1.368297,1.368297,0.008280,0.008369,14.969602,9563,-0.000559,0.076411,50615,21051,11451,7375,4903,3634,2725,2255,18575,1,1,1,1
22.4000,5795,1,1,63639,1,122203,0.520769,6,16,16,16,252770,27.53811,0.00533,2.38529,0.00832,0,0,3,3.099990,2.943704,2.943704,-0.009130,-0.008934,14.952053,9273,0.000598,0.074181,50477,20572,11506,7211,4887,3752,2805,2318,18674,1,1,1,1
23.0000,5795,1,1,64928,0,124713,0.520624,1,2,5,19,13373111,27.95399,0.00533,2.38529,0.00832,1,1,2,1.414209,1.000000,1.707546,-0.217027,-0.216968,14.744411,5796,0.014715,0.047019,51687,21176,11593,7321,5161,3708,2849,2227,18990,1,1,1,1
23.9000,5795,1,1,66541,1,127757,0.520844,2,4,21,262,123417,28.57777,0.00533,2.38529,0.00832,0,0,3,1.530593,1.163045,1.163045,-0.528879,-0.528806,14.432487,581,0.036640,0.004815,52918,21652,11835,7566,5292,3752,2863,2246,19632,1,1,1,1
22.3500,5796,1,1,63844,0,122707,0.520301,1,7,7,75,2462429,27.50326,0.00416,2.38288,0.00752,1,1,2,1.258028,1.000000,2.504229,0.007609,0.007649,14.968903,9565,-0.000511,0.076417,51019,20862,11302,7313,4992,3530,2913,2125,18650,1,1,1,1
22.4000,5796,1,1,63933,1,122924,0.520106,5,4,7,66,2414617,27.53794,0.00416,2.38288,0.00752,0,1,3,3.381142,2.511486,2.511486,-0.009731,-0.009521,14.951940,9276,0.000637,0.074193,51067,20863,11433,7175,5079,3648,2769,2266,18623,1,1,1,1
23.0000,5796,1,1,64975,1,124451,0.522097,1,31,108,108,248771,27.95388,0.00416,2.38288,0.00752,0,0,3,6.968050,6.226122,6.226122,-0.217778,-0.217443,14.743680,5797,0.014748,0.047021,51683,21080,11471,7365,5003,3643,2859,2283,19063,1,1,1,1
23.9000,5796,1,1,66348,0,127717,0.519496,4,4,63,95,67553,28.57766,0.00416,2.38288,0.00752,1,0,3,1.216286,1.000000,1.194616,-0.529528,-0.529494,14.431965,581,0.036689,0.004814,53056,21594,11837,7542,5178,3794,2900,2275,19540,1,1,1,1
22.3500,5797,1,1,64113,1,122757,0.522280,5,4,30,30,162569,27.50224,0.00461,2.38398,0.00959,0,1,3,1.943608,1.753177,1.753177,0.007400,0.007515,14.968603,9563,-0.000502,0.076390,50823,20985,11460,7208,5016,3646,2814,2268,18536,1,1,1,1
22.4000,5797,1,1,64273,1,122810,0.523357,8,11,92,92,80134,27.53692,0.00461,2.38398,0.00959,0,1,3,4.746193,4.139091,4.139091,-0.010015,-0.009746,14.951735,9273,0.000652,0.074157,50744,20891,11363,7149,5052,3760,2874,2261,18715,1,1,1,1
23.0000,5797,1,1,65087,1,124855,0.521305,1,1,22,126,147091,27.95290,0.00461,2.38398,0.00959,0,1,3,1.323018,1.089379,1.089379,-0.217887,-0.217839,14.743620,5794,0.014775,0.046989,51961,21076,11450,7390,5151,3639,2984,2122,19081,1,1,1,1
23.9000,5797,1,1,66578,0,128082,0.519812,1,6,855,855,234715,28.57670,0.00461,2.38398,0.00959,1,1,2,1.143974,1.000000,1.169639,-0.529795,-0.529772,14.431701,587,0.036709,0.004863,53223,21915,11768,7598,5187,3730,2978,2325,19357,1,1,1,1
22.3500,5798,1,1,63699,1,122445,0.520230,4,7,92,92,2689904,27.50357,0.00323,2.38345,0.00764,0,1,3,4.169544,3.550248,3.550248,0.007233,0.007479,14.968431,9572,-0.000500,0.076449,50694,20824,11654,7115,4895,3596,2734,2187,18745,1,1,1,1
22.4000,5798,1,1,63968,0,123028,0.519951,101,2,101,101,125084,27.53824,0.00323,2.38345,0.00764,1,1,3,1.410142,1.000000,1.214003,-0.010009,-0.009950,14.951441,9279,0.000665,0.074193,51181,20881,11446,7276,5029,3559,2696,2206,18753,1,1,1,1
23.0000,5798,1,1,64903,1,125006,0.519203,2,11,12,98,1249713,27.95415,0.00323,2.38345,0.00764,0,1,3,7.319263,5.695856,5.695856,-0.218099,-0.217756,14.743193,5799,0.014770,0.047023,51918,21002,11795,7514,5010,3691,2856,2214,19005,1,1,1,1
23.9000,5798,1,1,66696,0,127908,0.521441,2,10,13,42,67142,28.57796,0.00323,2.38345,0.00764,1,1,2,1.199191,1.000000,2.354628,-0.529925,-0.529894,14.431315,581,0.036718,0.004813,53108,21757,11919,7497,5068,3749,2860,2340,19609,1,1,1,1
22.3500,5799,1,1,64151,1,123255,0.520478,13,105,105,113,459442,27.49814,0.00631,2.38179,0.00788,0,1,3,5.100067,4.719426,4.719426,0.006074,0.006355,14.967839,9568,-0.000425,0.076407,51470,20787,11435,7356,5026,3627,2771,2174,18608,1,1,1,1
22.4000,5799,1,1,64114,0,123228,0.520292,1,7,59,1965,131218,27.53281,0.00631,2.38179,0.00788,1,0,2,1.324449,1.000000,3.287090,-0.011226,-0.011177,14.950256,9278,0.000748,0.074179,51403,20719,11551,7273,4963,3718,2739,2305,18556,1,1,1,1
23.0000,5799,1,1,65333,1,125283,0.521488,19,6,19,49,3191666,27.94877,0.00631,2.38179,0.00788,0,1,3,2.029016,1.816544,1.816544,-0.219154,-0.219032,14.742446,5800,0.014857,0.047025,52109,21403,11570,7299,5136,3734,2883,2252,18896,1,1,1,1
23.9000,5799,1,1,66644,0,128243,0.519674,38,93,93,93,720394,28.57259,0.00631,2.38179,0.00788,1,1,2,1.274146,1.000000,29.089195,-0.531305,-0.531263,14.430002,581,0.036817,0.004813,53559,21817,11750,7476,5277,3771,2825,2340,19427,1,1,1,1
22.3500,5800,1,1,63783,1,122373,0.521222,2,3,19,910,124100,27.49905,0.00335,2.38324,0.00793,0,1,3,1.780785,1.259380,1.179200,0.005097,0.005196,14.966578,9572,-0.000347,0.076432,50698,20753,11337,7257,5033,3488,2845,2251,18710,1,1,1,1
22.4000,5800,1,1,64156,0,122991,0.521636,1,21,105,398,115047,27.53371,0.00335,2.38324,0.00793,1,1,2,1.220239,1.000000,5.540398,-0.012371,-0.012336,14.948891,9281,0.000825,0.074196,50950,20983,11507,7353,4992,3580,2795,2138,18692,1,1,1,1
23.0000,5800,1,1,65308,0,125065,0.522197,1,3,19,42,715964,27.94959,0.00335,2.38324,0.00793,1,0,2,1.360065,1.000000,1.721320,-0.220213,-0.220160,14.741262,5801,0.014935,0.047029,51745,21210,11808,7471,5229,3623,2779,2292,18907,1,1,1,1
23.9000,5800,1,1,66882,0,128364,0.521038,2,3,21,78,3415224,28.57343,0.00335,2.38324,0.00793,1,1,2,1.404508,1.000000,1.713008,-0.532129,-0.532070,14.429287,581,0.036874,0.004812,53497,21754,11877,7639,5188,3774,2866,2346,19422,1,1,1,1
22.3500,5801,1,1,64167,1,123002,0.521679,2,2,9,89,405367,27.49482,0.00485,2.38182,0.00855,0,1,3,2.292818,1.668451,1.668451,0.003741,0.003884,14.965330,9569,-0.000260,0.076402,51264,20842,11450,7202,4936,3692,2751,2177,18687,1,1,1,1
22.4000,5801,1,1,64304,0,122728,0.523960,1,3,48,55,388507,27.52947,0.00485,2.38182,0.00855,1,1,2,1.407658,1.000000,1.930609,-0.013599,-0.013540,14.947855,9279,0.000906,0.074173,50890,20862,11234,7256,5107,3718,2845,2249,18566,1,1,1,1
23.0000,5801,1,1,65233,1,125019,0.521789,1,2,8,35,31471264,27.94541,0.00485,2.38182,0.00855,0,1,3,2.517794,1.892812,1.892812,-0.221563,-0.221404,14.740039,5798,0.015021,0.047000,51686,21447,11767,7310,5239,3741,2778,2211,18839,1,1,1,1
23.9000,5801,1,1,66628,0,128002,0.520527,5,3,6,954,55685,28.56913,0.00485,2.38182,0.00855,1,1,2,1.383544,1.000000,1.551058,-0.533410,-0.533354,14.428058,578,0.036966,0.004787,53108,21591,11970,7547,5261,3892,2871,2291,19470,1,1,1,1
22.3500,5802,1,1,64405,1,122998,0.523631,2,7,284,284,95952,27.49739,0.00403,2.38250,0.00829,0,0,3,2.053088,1.644312,1.644312,0.004658,0.004782,14.966030,9571,-0.000320,0.076401,51081,20936,11531,7245,4954,3544,2849,2191,18666,1,1,1,1
22.4000,5802,1,1,64265,1,123167,0.521775,1,9,17,17,79672,27.53204,0.00403,2.38250,0.00829,0,1,3,6.033431,4.830000,4.830000,-0.012758,-0.012448,14.948595,9281,0.000833,0.074172,51280,20732,11518,7210,5001,3659,2872,2207,18687,1,1,1,1
23.0000,5802,1,1,64850,0,124661,0.520215,7,4,57,122,91262,27.94802,0.00403,2.38250,0.00829,1,1,2,1.379689,1.000000,1.887435,-0.220668,-0.220613,14.740722,5799,0.014966,0.046998,51876,20884,11487,7286,5071,3770,2905,2314,19067,1,1,1,1
23.9000,5802,1,1,66696,0,127933,0.521339,2,8,13,16,622611,28.57176,0.00403,2.38250,0.00829,1,0,3,1.114271,1.000000,1.091662,-0.532488,-0.532469,14.429009,580,0.036903,0.004802,52863,21787,11941,7626,5123,3904,2919,2363,19406,1,1,1,1
22.3500,5803,1,1,64009,1,122718,0.521598,1,6,14,58,66732,27.49785,0.00251,2.38124,0.00735,0,1,3,4.894561,3.701763,3.701763,0.003983,0.004256,14.965403,9586,-0.000284,0.076511,51079,20883,11354,6993,4871,3733,2747,2188,18869,1,1,1,1
22.4000,5803,1,1,63972,0,122580,0.521884,4,13,15,286,709851,27.53249,0.00251,2.38124,0.00735,1,1,2,1.414182,1.000000,6.941374,-0.013391,-0.013332,14.948046,9296,0.000892,0.074282,50594,20904,11266,7378,5068,3706,2843,2197,18623,1,1,1,1
23.0000,5803,1,1,65038,0,124512,0.522347,8,32,32,32,151093,27.94841,0.00251,2.38124,0.00735,1,1,2,1.219171,1.000000,8.017764,-0.221360,-0.221326,14.740133,5814,0.015015,0.047114,51492,21230,11384,7305,5130,3829,2802,2203,19136,1,1,1,1
23.9000,5803,1,1,66729,1,128103,0.520905,1,1,7,20,150174,28.57215,0.00251,2.38124,0.00735,0,0,3,1.592189,1.125856,1.125856,-0.533060,-0.532980,14.428400,592,0.036940,0.004901,53252,21754,11653,7714,5209,3707,2927,2368,19518,1,1,1,1
22.3500,5804,1,1,64344,0,123004,0.523109,1,21,33,33,389671,27.50034,0.00263,2.38401,0.00624,1,1,2,1.346907,1.000000,9.112965,0.005249,0.005300,14.966613,9588,-0.000354,0.076507,50991,20894,11509,7189,5031,3683,2829,2198,18679,1,1,1,1
22.4000,5804,1,1,64124,0,122692,0.522646,9,4,12,33,1761918,27.53497,0.00263,2.38401,0.00624,1,1,2,1.399900,1.000000,2.330219,-0.011949,-0.011891,14.949511,9298,0.000795,0.074278,50798,20796,11351,7297,4881,3688,2884,2207,18789,1,1,1,1
23.0000,5804,1,1,65179,1,124904,0.521837,2,3,15,15,132285,27.95093,0.00263,2.38401,0.00624,0,1,3,2.473067,1.901001,1.901001,-0.219913,-0.219757,14.741713,5815,0.014907,0.047109,51929,21081,11375,7421,5158,3815,2877,2265,18982,1,1,1,1
23.9000,5804,1,1,66562,0,128264,0.518949,1,421,421,421,68006,28.57469,0.00263,2.38401,0.00624,1,1,2,1.002503,1.000000,1.153781,-0.531742,-0.531742,14.429756,593,0.036850,0.004908,53136,21893,12060,7510,5252,3738,2911,2269,19494,1,1,1,1
22.3500,5805,1,1,63902,0,122592,0.521262,1,166,166,166,407300,27.49627,0.00382,2.38599,0.00701,1,1,2,1.082567,1.000000,14.409398,0.003810,0.003824,14.964887,9586,-0.000256,0.076487,50899,20867,11291,7087,4906,3712,2828,2157,18844,1,1,1,1
22.4000,5805,1,1,64020,0,122549,0.522408,6,3,29,31,4073174,27.53102,0.00382,2.38599,0.00701,1,1,2,1.338131,1.000000,1.528413,-0.013370,-0.013320,14.947987,9298,0.000891,0.074273,50648,20784,11437,7349,4869,3636,2801,2184,18840,1,1,1,1
23.0000,5805,1,1,65041,1,124638,0.521843,1,30,30,78,1540770,27.94691,0.00382,2.38599,0.00701,0,0,3,5.572776,4.901497,4.901497,-0.221414,-0.221118,14.740029,5814,0.015001,0.047098,51890,20932,11436,7354,5159,3725,2809,2208,19124,1,1,1,1
23.9000,5805,1,1,66727,1,128152,0.520690,2,376,376,376,112562,28.57068,0.00382,2.38599,0.00701,0,0,3,1.429492,1.085632,1.085632,-0.533163,-0.533102,14.428192,588,0.036949,0.004866,53097,21878,11873,7540,5330,3736,2927,2242,19528,1,1,1,1
22.3500,5806,1,1,64118,0,123145,0.520675,1,1553,1553,1553,258747,27.49600,0.00222,2.38400,0.00689,1,1,2,1.036332,1.000000,57.500454,0.002678,0.002684,14.963609,9590,-0.000179,0.076512,51393,20705,11552,7287,4953,3631,2754,2222,18647,1,1,1,1
22.4000,5806,1,1,64210,0,123199,0.521194,1,1,142,91911,123311,27.53062,0.00222,2.38400,0.00689,1,0,3,1.403829,1.000000,1.361338,-0.014310,-0.014252,14.947147,9302,0.000953,0.074296,51135,20969,11508,7273,5025,3650,2858,2240,18540,1,1,1,1
23.0000,5806,1,1,65218,0,125044,0.521565,1,107,107,107,73743,27.94656,0.00222,2.38400,0.00689,1,1,2,1.174867,1.000000,20.501647,-0.222512,-0.222484,14.738704,5818,0.015095,0.047126,51824,21197,11775,7354,5046,3662,2842,2274,19069,1,1,1,1
23.9000,5806,1,1,66488,0,127701,0.520658,2,18,47,47,870111,28.57034,0.00222,2.38400,0.00689,1,1,2,1.183518,1.000000,3.759881,-0.534258,-0.534229,14.426968,590,0.037030,0.004882,52916,21526,11826,7512,5260,3810,2972,2321,19557,1,1,1,1
22.3500,5807,1,1,63616,0,122760,0.518219,2,2,7,91,202324,27.49641,0.00314,2.38395,0.00705,1,1,3,1.391813,1.000000,1.420234,0.003710,0.003767,14.965112,9589,-0.000252,0.076483,51188,20760,11394,7067,4905,3595,2787,2195,18868,1,1,1,1
22.4000,5807,1,1,64463,1,123366,0.522539,35,6,35,44,913811,27.53103,0.00314,2.38395,0.00705,0,1,3,4.533904,3.379055,3.379055,-0.013678,-0.013417,14.948056,9299,0.000898,0.074255,51269,20820,11448,7312,5142,3626,2882,2273,18593,1,1,1,1
23.0000,5807,1,1,65262,0,125202,0.521258,1,2,6,32,612637,27.94701,0.00314,2.38395,0.00705,1,0,3,1.234014,1.000000,1.020457,-0.221556,-0.221520,14.739936,5814,0.015029,0.047082,52223,21172,11526,7377,5025,3827,2809,2272,18970,1,1,1,1
23.9000,5807,1,1,66497,1,128199,0.518705,1,6,181,181,236028,28.57081,0.00314,2.38395,0.00705,0,1,3,1.515029,1.368337,1.368337,-0.533490,-0.533418,14.428062,589,0.036971,0.004873,53462,21768,11813,7594,5205,3709,2872,2251,19524,1,1,1,1
22.3500,5808,1,1,64319,1,123456,0.520991,1,1,4,27,182651,27.50091,0.00400,2.38946,0.00678,0,1,3,1.320202,1.035114,1.035114,0.006457,0.006504,14.967951,9595,-0.000435,0.076504,51558,20911,11390,7399,5015,3648,2798,2083,18653,1,1,1,1
22.4000,5808,1,1,63852,0,122706,0.520370,3,3,1834,1834,64725,27.53564,0.00400,2.38946,0.00678,1,0,3,1.222935,1.000000,1.055944,-0.010915,-0.010880,14.950578,9311,0.000728,0.074325,50573,21093,11447,7262,4910,3685,2750,2166,18819,1,1,1,1
23.0000,5808,1,1,65040,0,124597,0.522007,1,3,6,28,435885,27.95155,0.00400,2.38946,0.00678,1,0,3,1.254600,1.000000,1.256917,-0.218882,-0.218843,14.742608,5819,0.014844,0.047106,51610,21190,11625,7250,4990,3702,2831,2201,19197,1,1,1,1
23.9000,5808,1,1,67027,1,128420,0.521940,5,4,1301,1301,165938,28.57536,0.00400,2.38946,0.00678,0,1,3,1.401219,1.173168,1.173168,-0.530784,-0.530726,14.430738,594,0.036777,0.004912,53263,21903,12109,7537,5234,3821,2868,2333,19351,1,1,1,1
22.3500,5809,1,1,64126,0,123001,0.521350,1,1,30,100,116160,27.50314,0.00287,2.38805,0.00729,1,1,3,1.076155,1.000000,1.030675,0.006932,0.006944,14.968435,9594,-0.000464,0.076480,50976,21096,11578,7079,4927,3656,2772,2229,18687,1,1,1,1
22.4000,5809,1,1,64651,1,123561,0.523236,1,17,17,21,2146178,27.53774,0.00287,2.38805,0.00729,0,1,3,9.321046,7.865999,7.865999,-0.010553,-0.010168,14.951315,9302,0.000680,0.074237,51412,21120,11544,7246,4883,3755,2711,2206,18683,1,1,1,1
23.0000,5809,1,1,65281,1,125207,0.521389,1,4,228,228,169594,27.95370,0.00287,2.38805,0.00729,0,1,3,2.834921,2.309464,2.309464,-0.218426,-0.218246,14.743215,5816,0.014803,0.047071,51764,21487,11738,7364,4971,3709,2817,2334,19022,1,1,1,1
23.9000,5809,1,1,66974,0,128412,0.521560,1,4,140,140,731194,28.57752,0.00287,2.38805,0.00729,1,1,2,1.410297,1.000000,2.731713,-0.530351,-0.530292,14.431074,589,0.036747,0.004870,53331,21738,12174,7655,5192,3728,2861,2298,19434,1,1,1,1
22.3500,5810,1,1,64392,0,123317,0.522171,1,5,64,64,2464714,27.50054,0.00287,2.38775,0.00778,1,1,2,1.405337,1.000000,3.007751,0.005575,0.005634,14.966993,9595,-0.000376,0.076482,51463,20855,11392,7329,5095,3613,2777,2186,18606,1,1,1,1
22.4000,5810,1,1,64232,0,123405,0.520502,1,35,35,35,39215,27.53526,0.00287,2.38775,0.00778,1,1,2,1.078294,1.000000,2.933293,-0.011781,-0.011768,14.949286,9303,0.000787,0.074242,51410,20908,11626,7021,4989,3676,2829,2210,18735,1,1,1,1
23.0000,5810,1,1,65260,0,124494,0.524206,1,56,56,61,936668,27.95114,0.00287,2.38775,0.00778,1,1,2,1.414122,1.000000,28.897066,-0.219922,-0.219863,14.741515,5818,0.014915,0.047085,51302,21188,11708,7308,4961,3681,2960,2199,19186,1,1,1,1
23.9000,5810,1,1,66565,1,127975,0.520145,6,70,70,70,649580,28.57498,0.00287,2.38775,0.00778,0,1,3,40.088499,32.935830,32.935830,-0.531850,-0.531214,14.430283,589,0.036812,0.004870,52956,21762,11970,7776,5147,3746,2852,2338,19427,1,1,1,1
22.3500,5811,1,1,64236,0,123339,0.520813,44,47,47,47,353112,27.49727,0.00398,2.38249,0.00782,1,1,2,1.049312,1.000000,2.410774,0.004560,0.004568,14.965545,9597,-0.000305,0.076492,51442,20913,11380,7269,4953,3613,2765,2254,18749,1,1,1,1
22.4000,5811,1,1,64288,0,123145,0.522055,25,8,87,87,204997,27.53199,0.00398,2.38249,0.00782,1,1,2,1.146589,1.000000,1.451448,-0.012749,-0.012725,14.948434,9305,0.000851,0.074250,51021,20874,11556,7230,5055,3682,2787,2236,18703,1,1,1,1
23.0000,5811,1,1,65254,0,125543,0.519778,2,2,11,11,541066,27.94792,0.00398,2.38249,0.00782,1,1,2,1.397868,1.000000,1.532753,-0.220721,-0.220664,14.740687,5818,0.014970,0.047079,52360,21150,11919,7432,4957,3632,2853,2256,18983,1,1,1,1
23.9000,5811,1,1,66371,1,128051,0.518321,6,5,16,37,233599,28.57165,0.00398,2.38249,0.00782,0,0,3,1.174543,1.036802,1.036802,-0.532554,-0.532526,14.428616,589,0.036908,0.004869,53166,21650,11963,7548,5120,3855,2871,2302,19575,1,1,1,1
22.3500,5812,1,1,64533,1,123770,0.521399,1,12,15,75,117479,27.49963,0.00392,2.38441,0.00714,0,1,3,4.003059,3.316213,3.316213,0.005602,0.005841,14.967302,9598,-0.000390,0.076478,51405,21208,11748,7224,5044,3716,2755,2222,18447,1,1,1,1
22.4000,5812,1,1,64493,1,123492,0.522249,7,15,15,290,97576,27.53422,0.00392,2.38441,0.00714,0,1,3,2.859708,2.777102,2.777102,-0.011675,-0.011494,14.950000,9307,0.000769,0.074245,51436,21030,11343,7299,4900,3825,2913,2169,18576,1,1,1,1
23.0000,5812,1,1,65157,1,124886,0.521736,3,3,2132,2132,1144133,27.95020,0.00392,2.38441,0.00714,0,1,3,2.205062,1.754137,1.754137,-0.219627,-0.219491,14.741977,5821,0.014889,0.047091,51904,21123,11482,7390,5032,3699,2880,2217,19158,1,1,1,1
23.9000,5812,1,1,66609,1,127825,0.521099,4,3,4,17,522185,28.57394,0.00392,2.38441,0.00714,0,1,3,1.428789,1.208342,1.208342,-0.531463,-0.531402,14.430064,589,0.036826,0.004868,52897,21552,12017,7570,5182,3813,2863,2259,19671,1,1,1,1
22.3500,5813,1,1,64007,1,122851,0.521018,1,203,203,203,430605,27.50133,0.00257,2.38997,0.00827,0,1,3,42.255603,40.749529,40.749529,0.005605,0.006249,14.967065,9595,-0.000418,0.076442,51055,20751,11500,7254,4964,3647,2681,2200,18798,1,1,1,1
22.4000,5813,1,1,64195,1,123156,0.521254,1,4,12,35,265383,27.53603,0.00257,2.38997,0.00827,0,1,3,2.133466,1.528535,1.500201,-0.011456,-0.011326,14.950023,9305,0.000758,0.074216,51101,20890,11547,7277,5010,3770,2742,2205,18613,1,1,1,1
23.0000,5813,1,1,65207,1,124902,0.522069,5,5,51,51,129507,27.95194,0.00257,2.38997,0.00827,0,0,3,1.797015,1.625505,1.625505,-0.219422,-0.219321,14.741783,5816,0.014878,0.047043,51576,21186,11569,7478,5237,3716,2833,2243,19063,1,1,1,1
23.9000,5813,1,1,66500,0,127923,0.519848,1,4,17,34,115589,28.57569,0.00257,2.38997,0.00827,1,1,3,1.174522,1.000000,1.124322,-0.531261,-0.531234,14.429955,585,0.036815,0.004834,52928,21778,12165,7395,5230,3702,2896,2255,19573,1,1,1,1
22.3500,5814,1,1,64328,0,122873,0.523537,7,4,165,165,10551203,27.50504,0.00263,2.38743,0.00599,1,1,2,1.392945,1.000000,2.246314,0.007780,0.007837,14.969184,9608,-0.000524,0.076522,50886,20937,11467,7390,4945,3621,2714,2259,18653,1,1,1,1
22.4000,5814,1,1,64465,1,123421,0.522322,1,15,15,35,163279,27.53974,0.00263,2.38743,0.00599,0,1,3,2.724721,2.037067,1.950371,-0.009553,-0.009380,14.951927,9312,0.000627,0.074250,51335,20957,11501,7246,5055,3674,2819,2159,18674,1,1,1,1
23.0000,5814,1,1,65258,0,124967,0.522206,1,81,81,364,3599991,27.95570,0.00263,2.38743,0.00599,1,1,2,1.380215,1.000000,37.238009,-0.217788,-0.217732,14.743682,5831,0.014768,0.047151,51717,21119,11564,7426,5255,3743,2854,2219,19069,1,1,1,1
23.9000,5814,1,1,66651,1,128009,0.520678,1,2,6,14,112805,28.57946,0.00263,2.38743,0.00599,0,0,3,1.774407,1.385591,1.385591,-0.529381,-0.529283,14.431988,591,0.036674,0.004882,52765,21763,12019,7619,5217,3801,2961,2368,19495,1,1,1,1
22.3500,5815,1,1,64105,1,123039,0.521018,2,374,374,374,212893,27.50223,0.00172,2.38504,0.00773,0,1,3,3.134336,2.811989,2.811989,0.005823,0.006019,14.967498,9604,-0.000402,0.076485,50812,20792,11583,7277,5023,3771,2804,2245,18731,1,1,1,1
22.4000,5815,1,1,64182,0,123089,0.521432,24,5,24,143,105619,27.53691,0.00172,2.38504,0.00773,1,1,2,1.297462,1.000000,1.938570,-0.011489,-0.011444,14.949837,9311,0.000766,0.074240,51005,20805,11418,7296,5003,3765,2897,2225,18674,1,1,1,1
23.0000,5815,1,1,65201,1,125204,0.520762,1,6,9,795,1490847,27.95280,0.00172,2.38504,0.00773,0,1,3,2.030642,1.446911,1.316519,-0.219398,-0.219276,14.742124,5822,0.014874,0.047075,52101,21279,11382,7547,5052,3773,2875,2167,19027,1,1,1,1
23.9000,5815,1,1,66814,0,128061,0.521740,1,36,36,275,529649,28.57658,0.00172,2.38504,0.00773,1,1,2,1.158414,1.000000,6.426806,-0.531423,-0.531398,14.429775,592,0.036826,0.004890,53034,21867,11832,7475,5255,3863,2947,2234,19553,1,1,1,1
22.3500,5816,1,1,64337,1,123119,0.522564,1,81,81,81,198825,27.49892,0.00225,2.38137,0.00840,0,1,3,10.814409,10.541906,10.541906,0.004360,0.004770,14.966265,9606,-0.000319,0.076495,51216,20969,11385,7223,4925,3667,2837,2222,18674,1,1,1,1
22.4000,5816,1,1,64109,1,123300,0.519947,1,4,47,2448,46274,27.53360,0.00225,2.38137,0.00840,0,1,3,3.073686,2.454023,2.454023,-0.012853,-0.012660,14.948591,9315,0.000847,0.074265,51245,20791,11476,7296,4950,3718,2862,2190,18771,1,1,1,1
23.0000,5816,1,1,65782,0,125738,0.523171,4,1,15,60,460193,27.94953,0.00225,2.38137,0.00840,1,1,3,1.364135,1.000000,1.015897,-0.220746,-0.220692,14.740794,5826,0.014972,0.047103,52048,21641,11861,7419,5042,3641,2892,2245,18948,1,1,1,1
23.9000,5816,1,1,66786,0,128112,0.521314,1,4,59,59,501637,28.57332,0.00225,2.38137,0.00840,1,0,2,1.223864,1.000000,1.426286,-0.532666,-0.532632,14.428826,591,0.036914,0.004882,53021,21820,11762,7618,5255,3858,2990,2263,19524,1,1,1,1
22.3500,5817,1,1,64366,0,123214,0.522396,1,30,30,106,1305872,27.50114,0.00237,2.38639,0.00754,1,1,2,1.403708,1.000000,14.924478,0.005543,0.005601,14.967001,9606,-0.000374,0.076478,51310,20839,11562,7081,4950,3674,2764,2179,18854,1,1,1,1
22.4000,5817,1,1,64350,0,123198,0.522334,94,4,94,94,363036,27.53581,0.00237,2.38639,0.00754,1,1,2,1.400151,1.000000,2.293197,-0.011633,-0.011575,14.949827,9314,0.000774,0.074238,51005,21138,11349,7269,5016,3681,2770,2176,18793,1,1,1,1
23.0000,5817,1,1,65399,1,125069,0.522908,1,4,15,93,140458,27.95180,0.00237,2.38639,0.00754,0,1,3,2.735258,2.219720,2.219720,-0.219623,-0.219450,14.742032,5822,0.014886,0.047059,52126,20908,11628,7326,5038,3682,2909,2242,19209,1,1,1,1
23.9000,5817,1,1,66540,0,127991,0.519884,23,3,23,23,883659,28.57559,0.00237,2.38639,0.00754,1,1,3,1.311387,1.000000,1.297456,-0.531475,-0.531428,14.429862,587,0.036828,0.004847,53038,21682,11894,7512,5207,3837,2901,2272,19647,1,1,1,1
22.3500,5818,1,1,64266,0,123246,0.521449,1,20,374,374,126731,27.49901,0.00293,2.38431,0.00713,1,1,2,1.199938,1.000000,4.520012,0.004781,0.004812,14.966024,9607,-0.000322,0.076477,51196,21005,11475,7138,4925,3709,2840,2262,18695,1,1,1,1
22.4000,5818,1,1,64142,0,122774,0.522444,7,5,34,257,4448922,27.53367,0.00293,2.38431,0.00713,1,0,2,1.222683,1.000000,1.328187,-0.012448,-0.012413,14.949045,9314,0.000830,0.074229,50824,20819,11439,7121,5028,3648,2820,2206,18868,1,1,1,1
23.0000,5818,1,1,65152,0,124914,0.521579,4,2,6,73,220938,27.94959,0.00293,2.38431,0.00713,1,1,3,1.393463,1.000000,1.317141,-0.220398,-0.220341,14.741006,5823,0.014947,0.047062,51945,21095,11600,7354,5069,3587,2806,2281,19176,1,1,1,1
23.9000,5818,1,1,66541,1,128139,0.519292,1,8,44,44,44012,28.57340,0.00293,2.38431,0.00713,0,1,3,5.810669,4.449577,4.449577,-0.532413,-0.532110,14.428974,587,0.036878,0.004847,52986,21818,11910,7538,5194,3900,2918,2294,19580,1,1,1,1
22.3500,5819,1,1,64028,0,123082,0.520210,1,8,11,1093,125819,27.50088,0.00172,2.38427,0.00796,1,1,2,1.410685,1.000000,4.564286,0.005153,0.005212,14.966604,9611,-0.000348,0.076493,51091,20865,11473,7274,4998,3666,2733,2246,18735,1,1,1,1
22.4000,5819,1,1,64457,1,123459,0.522097,2,2,28,46,142742,27.53554,0.00172,2.38427,0.00796,0,1,3,1.629009,1.213620,1.213620,-0.012065,-0.011981,14.949448,9318,0.000801,0.074246,51328,20968,11420,7285,4884,3713,2869,2204,18787,1,1,1,1
23.0000,5819,1,1,65397,1,125514,0.521038,1,21,564,564,1046324,27.95150,0.00172,2.38427,0.00796,0,1,3,2.755268,2.106239,2.042429,-0.220088,-0.219914,14.741375,5827,0.014918,0.047085,52042,21339,11744,7494,4998,3827,2865,2189,19015,1,1,1,1
23.9000,5819,1,1,66942,0,128381,0.521436,2,8,8,57,285652,28.57532,0.00172,2.38427,0.00796,1,0,2,1.150785,1.000000,1.467580,-0.531971,-0.531947,14.429526,589,0.036865,0.004862,53049,21963,11824,7592,5268,3821,2998,2281,19584,1,1,1,1
22.3500,5820,1,1,64401,1,123132,0.523028,1,8,14,43,150380,27.50205,0.00344,2.38465,0.00668,0,1,3,1.586818,1.279119,1.279119,0.006630,0.006710,14.968164,9610,-0.000448,0.076464,51276,20840,11354,7293,4895,3577,2749,2311,18836,1,1,1,1
22.4000,5820,1,1,64470,0,123339,0.522710,2,2,8,87,197234,27.53670,0.00344,2.38465,0.00668,1,1,2,1.412627,1.000000,1.496736,-0.010712,-0.010653,14.950719,9321,0.000713,0.074251,51224,20958,11452,7311,5008,3663,2717,2253,18752,1,1,1,1
23.0000,5820,1,1,65199,1,125287,0.520401,1,30,30,30,256825,27.95259,0.00344,2.38465,0.00668,0,1,3,2.709660,2.136064,2.110990,-0.218685,-0.218513,14.742750,5828,0.014822,0.047081,51903,21476,11633,7329,5029,3711,2908,2200,19097,1,1,1,1
23.9000,5820,1,1,66888,0,128496,0.520549,3,16,16,25,2517889,28.57642,0.00344,2.38465,0.00668,1,1,2,1.238222,1.000000,4.584081,-0.530669,-0.530632,14.430610,590,0.036771,0.004869,53223,21918,12060,7496,5227,3825,2845,2388,19513,1,1,1,1
22.3500,5821,1,1,64054,0,122863,0.521349,1,142,142,142,471498,27.50107,0.00196,2.38462,0.00703,1,1,2,1.066109,1.000000,9.791906,0.005265,0.005276,14.966303,9608,-0.000353,0.076445,51173,20720,11230,7207,5088,3688,2744,2153,18859,1,1,1,1
22.4000,5821,1,1,64583,1,123472,0.523062,1,4,14,364,2612445,27.53572,0.00196,2.38462,0.00703,0,1,3,1.852701,1.310278,1.142804,-0.011873,-0.011767,14.949616,9317,0.000787,0.074212,50993,20996,11645,7307,5029,3786,2716,2222,18777,1,1,1,1
23.0000,5821,1,1,65337,1,125725,0.519686,1,2,7,65,441342,27.95165,0.00196,2.38462,0.00703,0,1,3,1.693883,1.258310,1.258310,-0.219852,-0.219762,14.741666,5824,0.014908,0.047044,52323,21450,11624,7350,5121,3644,2929,2238,19045,1,1,1,1
23.9000,5821,1,1,67062,0,128411,0.522249,3,280,280,280,164288,28.57538,0.00196,2.38462,0.00703,1,1,2,1.195591,1.000000,60.371625,-0.532048,-0.532017,14.429447,586,0.036870,0.004836,53284,21797,11878,7486,5242,3883,2987,2316,19537,1,1,1,1
22.3500,5822,1,1,63944,0,123024,0.519773,1,92,92,92,137684,27.49683,0.00209,2.38333,0.00903,1,1,2,1.227543,1.000000,23.600311,0.003181,0.003216,14.964674,9613,-0.000215,0.076479,50981,20773,11532,7204,4978,3747,2777,2153,18878,1,1,1,1
22.4000,5822,1,1,64290,0,123207,0.521809,1,25,483,483,308983,27.53148,0.00209,2.38333,0.00903,1,1,2,1.221251,1.000000,6.478495,-0.014031,-0.013997,14.947462,9323,0.000936,0.074258,50934,20862,11584,7432,5091,3572,2734,2183,18814,1,1,1,1
23.0000,5822,1,1,65562,0,125732,0.521447,1,2,26,77,196570,27.94746,0.00209,2.38333,0.00903,1,0,3,1.337529,1.000000,1.282600,-0.221882,-0.221832,14.739599,5828,0.015050,0.047075,52269,21305,11771,7423,5216,3702,2823,2272,18950,1,1,1,1
23.9000,5822,1,1,66890,0,128797,0.519348,1,4,16,185,1215758,28.57120,0.00209,2.38333,0.00903,1,0,2,1.250085,1.000000,1.478882,-0.533764,-0.533726,14.427727,589,0.036993,0.004860,53647,21877,11994,7485,5173,3879,2920,2210,19611,1,1,1,1
22.3500,5823,1,1,64197,1,123132,0.521372,6,18,18,124,88658,27.49393,0.00303,2.37952,0.00901,0,1,3,8.282326,7.364413,7.364413,0.002221,0.002584,14.963377,9612,-0.000173,0.076465,51042,20965,11560,7126,5004,3643,2809,2222,18760,1,1,1,1
22.4000,5823,1,1,64729,1,123901,0.522429,5,35,96,96,73408,27.52857,0.00303,2.37952,0.00901,0,1,3,9.100631,8.666777,8.666777,-0.015113,-0.014734,14.946103,9320,0.000986,0.074228,51479,21105,11802,7163,4988,3658,2765,2287,18653,1,1,1,1
23.0000,5823,1,1,65383,1,125302,0.521807,5,64,64,1609,63230,27.94448,0.00303,2.37952,0.00901,0,1,3,9.160725,8.925207,8.925207,-0.223072,-0.222691,14.738126,5827,0.015110,0.047063,52089,21170,11734,7349,5029,3727,2922,2272,19009,1,1,1,1
23.9000,5823,1,1,66911,1,128321,0.521439,3,14,16,89,184863,28.56823,0.00303,2.37952,0.00901,0,1,3,2.495664,2.196662,2.196662,-0.534826,-0.534669,14.426806,586,0.037061,0.004835,53244,21768,11955,7498,5086,3849,2970,2376,19574,1,1,1,1
22.3500,5824,1,1,64514,0,123860,0.520866,169,14,169,169,106226,27.49962,0.00155,2.37592,0.00629,1,1,2,1.137479,1.000000,2.093759,0.004472,0.004495,14.965644,9621,-0.000300,0.076512,51486,21149,11444,7306,5028,3698,2853,2264,18631,1,1,1,1
22.4000,5824,1,1,64450,0,123143,0.523380,1,11,51,51,200294,27.53425,0.00155,2.37592,0.00629,1,1,2,1.239659,1.000000,3.315112,-0.012883,-0.012846,14.948397,9332,0.000859,0.074299,50867,20825,11486,7358,5039,3674,2757,2223,18913,1,1,1,1
23.0000,5824,1,1,65485,1,125391,0.522251,9,3,17,20,1706008,27.95021,0.00155,2.37592,0.00629,0,1,3,1.633640,1.169608,1.169608,-0.220770,-0.220686,14.740720,5835,0.014971,0.047111,51992,21264,11710,7456,4970,3707,2825,2338,19128,1,1,1,1
23.9000,5824,1,1,67175,1,128859,0.521310,2,4,7,31,430810,28.57397,0.00155,2.37592,0.00629,0,1,3,2.957558,2.323276,2.323276,-0.532713,-0.532527,14.428620,594,0.036908,0.004900,53566,22000,11991,7570,5122,3818,2899,2309,19583,1,1,1,1
22.3500,5825,1,1,64447,1,123307,0.522659,6,4,25,134,109029,27.50063,0.00167,2.38260,0.00664,0,0,3,1.684970,1.539391,1.539391,0.005112,0.005201,14.966288,9620,-0.000348,0.076488,51190,20989,11427,7211,5086,3773,2734,2174,18722,1,1,1,1
22.4000,5825,1,1,64529,1,123873,0.520933,1,105,284,284,737181,27.53538,0.00167,2.38260,0.00664,0,1,3,1.465250,1.181859,1.181859,-0.012238,-0.012173,14.949282,9328,0.000814,0.074250,51478,21204,11501,7247,5099,3704,2787,2260,18592,1,1,1,1
23.0000,5825,1,1,65247,1,125179,0.521234,1,2,30,30,213371,27.95127,0.00167,2.38260,0.00664,0,1,3,1.415684,1.266970,1.266970,-0.220188,-0.220129,14.741367,5833,0.014933,0.047085,51842,21212,11612,7321,5024,3815,2890,2301,19161,1,1,1,1
23.9000,5825,1,1,66760,0,128216,0.520688,1,14,14,162,2126847,28.57504,0.00167,2.38260,0.00664,1,1,2,1.358547,1.000000,6.520009,-0.532219,-0.532166,14.429155,590,0.036881,0.004866,53432,21401,11792,7599,5146,3978,2929,2341,19597,1,1,1,1
22.3500,5826,1,1,64522,0,123691,0.521643,7,14,14,30,54668,27.49884,0.00167,2.37905,0.00644,1,1,2,1.085742,1.000000,1.276832,0.004153,0.004167,14.965238,9620,-0.000278,0.076480,51476,21029,11506,7238,5053,3673,2801,2305,18609,1,1,1,1
22.4000,5826,1,1,64572,0,123903,0.521154,9,7,14,56,130883,27.53347,0.00167,2.37905,0.00644,1,1,2,1.366877,1.000000,3.386088,-0.013241,-0.013187,14.948140,9329,0.000882,0.074251,51573,21205,11544,7334,4934,3627,2795,2138,18752,1,1,1,1
23.0000,5826,1,1,65275,1,125682,0.519370,111,1706,1706,1706,114605,27.94940,0.00167,2.37905,0.00644,0,1,3,26.192359,25.749332,25.749332,-0.221383,-0.220823,14.740673,5833,0.014981,0.047079,52357,21268,11520,7368,5157,3731,2868,2282,19130,1,1,1,1
23.9000,5826,1,1,67019,1,128728,0.520629,8,5,883,883,574941,28.57319,0.00167,2.37905,0.00644,0,1,3,2.880715,2.469195,2.469195,-0.533074,-0.532892,14.428037,591,0.036935,0.004873,53590,21697,11994,7611,5289,3893,2945,2264,19444,1,1,1,1
22.3500,5827,1,1,64408,0,123424,0.521848,1,9,35,401,3647442,27.49994,0.00155,2.37728,0.00695,1,1,2,1.392180,1.000000,5.044859,0.004566,0.004622,14.966031,9626,-0.000309,0.076510,51410,21052,11370,7197,4919,3634,2806,2135,18900,1,1,1,1
22.4000,5827,1,1,64648,0,124058,0.521115,1,2,17,55,375847,27.53456,0.00155,2.37728,0.00695,1,1,3,1.346104,1.000000,1.231355,-0.012614,-0.012563,14.948750,9331,0.000840,0.074251,51770,21227,11590,7118,4943,3713,2834,2150,18712,1,1,1,1
23.0000,5827,1,1,65872,0,126078,0.522474,4,1,11,105,273487,27.95054,0.00155,2.37728,0.00695,1,1,3,1.408498,1.000000,1.054290,-0.220600,-0.220541,14.740823,5835,0.014961,0.047087,52573,21377,11660,7550,5051,3715,2874,2271,19006,1,1,1,1
23.9000,5827,1,1,67227,1,128928,0.521435,1,1,30,30,93879,28.57434,0.00155,2.37728,0.00695,0,0,3,1.563499,1.109292,1.109292,-0.532497,-0.532420,14.428973,592,0.036899,0.004881,53466,21970,12057,7665,5289,3776,2881,2333,19490,1,1,1,1
22.3500,5828,1,1,63787,1,122463,0.520872,3,6,15,28,62898,27.49872,0.00167,2.38223,0.00954,0,1,3,2.030211,1.889499,1.889499,0.004143,0.004265,14.965751,9624,-0.000285,0.076483,50568,20677,11231,7256,5042,3672,2711,2305,19000,1,1,1,1
22.4000,5828,1,1,64464,0,123777,0.520812,1,6,9,72,403546,27.53345,0.00167,2.38223,0.00954,1,1,2,1.413831,1.000000,3.583688,-0.013278,-0.013218,14.948166,9335,0.000884,0.074273,51508,21091,11609,7210,5037,3659,2785,2179,18698,1,1,1,1
23.0000,5828,1,1,65540,0,125827,0.520878,3,30,30,30,75606,27.94936,0.00167,2.38223,0.00954,1,1,2,1.106622,1.000000,3.471992,-0.221232,-0.221214,14.739893,5838,0.015008,0.047106,52383,21264,11822,7398,5056,3714,2859,2204,19126,1,1,1,1
23.9000,5828,1,1,66757,1,128059,0.521303,1,34,34,34,2839621,28.57317,0.00167,2.38223,0.00954,0,1,3,13.825929,12.371116,12.371116,-0.533245,-0.532794,14.428694,590,0.036926,0.004863,52972,21759,11968,7522,5203,3863,2808,2376,19587,1,1,1,1
22.3500,5829,1,1,64602,0,123746,0.522057,1,3,613,613,376370,27.49834,0.00297,2.38124,0.00663,1,0,2,1.297872,1.000000,1.737440,0.004538,0.004583,14.966025,9622,-0.000306,0.076452,51339,21206,11604,7216,5158,3684,2718,2230,18590,1,1,1,1
22.4000,5829,1,1,64425,1,123677,0.520918,3,37,37,37,114447,27.53295,0.00297,2.38124,0.00663,0,1,3,20.190382,16.960484,16.960484,-0.012961,-0.012445,14.948315,9332,0.000833,0.074236,51240,21254,11456,7299,4932,3650,2858,2273,18714,1,1,1,1
23.0000,5829,1,1,65128,0,125323,0.519685,2,2,29,177,383902,27.94891,0.00297,2.38124,0.00663,1,1,2,1.370938,1.000000,1.452572,-0.220730,-0.220676,14.740654,5832,0.014971,0.047047,51871,21384,11626,7334,5145,3788,2802,2287,19085,1,1,1,1
23.9000,5829,1,1,66828,0,128865,0.518593,4,3,17,35,82742,28.57273,0.00297,2.38124,0.00663,1,1,2,1.414108,1.000000,2.000343,-0.532667,-0.532607,14.428775,586,0.036913,0.004829,53621,22064,11894,7504,5190,3864,2902,2290,19535,1,1,1,1
22.3500,5830,1,1,64618,0,123788,0.522010,3,3,36,36,1151221,27.49538,0.00273,2.37317,0.00773,1,1,2,1.414211,1.000000,2.030948,0.002961,0.003020,14.964401,9629,-0.000202,0.076503,51487,21141,11553,7215,5076,3612,2774,2138,18791,1,1,1,1
22.4000,5830,1,1,64560,0,124019,0.520570,1,20,20,218,1897600,27.53010,0.00273,2.37317,0.00773,1,1,2,1.065362,1.000000,1.514217,-0.014369,-0.014358,14.946668,9335,0.000961,0.074255,51614,20952,11470,7393,5065,3733,2788,2306,18697,1,1,1,1
23.0000,5830,1,1,65258,0,125368,0.520536,1,187,187,187,81728,27.94599,0.00273,2.37317,0.00773,1,1,2,1.362104,1.000000,80.416367,-0.222658,-0.222605,14.738719,5838,0.015103,0.047094,51940,21109,11758,7404,5032,3820,2929,2196,19179,1,1,1,1
23.9000,5830,1,1,66774,0,128639,0.519085,1,2,80,144,49595,28.56982,0.00273,2.37317,0.00773,1,1,3,1.315231,1.000000,1.131728,-0.534203,-0.534156,14.427137,590,0.037024,0.004862,53247,22031,12012,7383,5289,3800,2937,2318,19621,1,1,1,1
22.3500,5831,1,1,64222,0,123202,0.521278,1,5,7,118,80406,27.49809,0.00295,2.37380,0.00629,1,1,2,1.412235,1.000000,3.212109,0.004428,0.004487,14.965876,9627,-0.000300,0.076467,51066,20728,11598,7313,4977,3574,2844,2183,18918,1,1,1,1
22.4000,5831,1,1,64287,1,123406,0.520943,4,4,765,765,189769,27.53280,0.00295,2.37380,0.00629,0,1,3,2.439420,2.090195,2.090195,-0.012891,-0.012738,14.948322,9336,0.000852,0.074242,51138,20838,11582,7261,4991,3611,2811,2249,18924,1,1,1,1
23.0000,5831,1,1,65382,0,125611,0.520516,7,9,28,61,236084,27.94873,0.00295,2.37380,0.00629,1,1,2,1.403744,1.000000,4.896853,-0.220932,-0.220874,14.740526,5836,0.014984,0.047064,52020,21381,11857,7326,5053,3730,2907,2249,19087,1,1,1,1
23.9000,5831,1,1,66864,0,128348,0.520963,1,4,26,29,85650,28.57246,0.00295,2.37380,0.00629,1,1,2,1.394499,1.000000,2.624659,-0.532741,-0.532684,14.428664,591,0.036918,0.004869,53040,21796,12003,7614,5114,3857,2875,2365,19683,1,1,1,1
22.3500,5832,1,1,64452,0,123654,0.521233,1,11,11,281,231954,27.49384,0.00395,2.37541,0.00755,1,1,3,1.077460,1.000000,1.041746,0.002828,0.002841,14.963896,9630,-0.000190,0.076487,51504,20791,11571,7340,5012,3601,2781,2315,18738,1,1,1,1
22.4000,5832,1,1,64276,0,123677,0.519713,39,144,144,197,920761,27.52843,0.00395,2.37541,0.00755,1,1,2,1.116718,1.000000,17.846559,-0.014710,-0.014691,14.946788,9339,0.000983,0.074261,51325,20893,11727,7303,4953,3610,2834,2239,18792,1,1,1,1
23.0000,5832,1,1,65672,0,125717,0.522384,1,2,35,98,100861,27.94441,0.00395,2.37541,0.00755,1,0,3,1.407871,1.000000,1.386544,-0.222478,-0.222420,14.738976,5840,0.015091,0.047093,52367,21102,11820,7510,5149,3649,2921,2238,18960,1,1,1,1
23.9000,5832,1,1,67329,1,129117,0.521461,7,2,97,97,74786,28.56815,0.00395,2.37541,0.00755,0,0,3,1.330389,1.214330,1.214330,-0.534336,-0.534287,14.426803,591,0.037034,0.004869,53686,22266,11823,7534,5236,3795,2920,2292,19564,1,1,1,1
22.3500,5833,1,1,64424,0,123456,0.521842,1,6,68,918,83291,27.49130,0.00259,2.37206,0.00936,1,1,2,1.168725,1.000000,1.282075,0.000894,0.000920,14.962105,9628,-0.000062,0.076467,51285,20965,11433,7250,5038,3724,2757,2194,18809,1,1,1,1
22.4000,5833,1,1,64338,0,123401,0.521378,8,45,82,1907,248670,27.52600,0.00259,2.37206,0.00936,1,1,2,1.294695,1.000000,15.507932,-0.016670,-0.016626,14.944817,9336,0.001112,0.074234,51175,20805,11458,7220,5124,3663,2835,2214,18906,1,1,1,1
23.0000,5833,1,1,65613,1,125841,0.521400,1,1,79,123,148044,27.94191,0.00259,2.37206,0.00936,0,1,3,1.758175,1.246012,1.246012,-0.224409,-0.224313,14.737079,5836,0.015221,0.047058,52117,21462,11821,7544,5133,3759,2853,2183,18968,1,1,1,1
23.9000,5833,1,1,66689,1,128150,0.520402,1,37,407,407,53702,28.56566,0.00259,2.37206,0.00936,0,1,3,8.743206,8.269733,8.269733,-0.536447,-0.536075,14.425417,587,0.037162,0.004836,53037,21658,11878,7601,5171,3871,2901,2240,19792,1,1,1,1
22.3500,5834,1,1,64410,0,123342,0.522211,2,2,99,380,869382,27.48904,0.00468,2.37436,0.00743,1,0,3,1.390014,1.000000,1.308256,0.000857,0.000913,14.962323,9630,-0.000061,0.076469,51315,21008,11235,7213,5037,3677,2828,2190,18838,1,1,1,1
22.4000,5834,1,1,64411,1,123480,0.521635,3,4,45,45,51178,27.52373,0.00468,2.37436,0.00743,0,1,3,1.554278,1.128924,1.128924,-0.016478,-0.016403,14.945014,9338,0.001098,0.074236,51061,20870,11538,7452,5008,3747,2801,2217,18785,1,1,1,1
23.0000,5834,1,1,65603,1,125401,0.523150,1,3,14,39,125084,27.93969,0.00468,2.37436,0.00743,0,0,3,1.699822,1.236513,1.236513,-0.224468,-0.224377,14.736956,5838,0.015225,0.047067,51883,21165,11732,7541,5053,3670,2909,2253,19194,1,1,1,1
23.9000,5834,1,1,67303,1,129256,0.520699,1,1,28,28,295303,28.56345,0.00468,2.37436,0.00743,0,0,3,1.429670,1.038439,1.038439,-0.536335,-0.536274,14.425060,596,0.037177,0.004909,53661,22250,12100,7544,5263,3845,2830,2264,19498,1,1,1,1
22.3500,5835,1,1,64159,1,122987,0.521677,5,2,16,16,211680,27.48853,0.00223,2.37608,0.00840,0,1,3,1.795312,1.271323,1.271323,-0.000699,-0.000599,14.960791,9635,0.000040,0.076504,50653,21177,11350,7275,5006,3597,2777,2181,18970,1,1,1,1
22.4000,5835,1,1,64089,1,123342,0.519608,2,3,26,29,34639,27.52322,0.00223,2.37608,0.00840,0,1,3,2.379609,1.796578,1.796578,-0.018075,-0.017927,14.943192,9343,0.001200,0.074272,51298,20747,11415,7147,5145,3613,2771,2203,19002,1,1,1,1
23.0000,5835,1,1,65381,1,125341,0.521629,1,5,6,78,95176,27.93911,0.00223,2.37608,0.00840,0,0,3,2.040866,1.560624,1.560624,-0.226007,-0.225885,14.735405,5842,0.015329,0.047096,52046,21232,11638,7236,5119,3679,2931,2255,19204,1,1,1,1
23.9000,5835,1,1,66753,1,128359,0.520053,1,7,5951,5951,68068,28.56288,0.00223,2.37608,0.00840,0,1,3,2.850493,2.567248,2.567248,-0.537936,-0.537756,14.423726,591,0.037283,0.004867,52905,22056,11858,7618,5209,3904,2907,2326,19575,1,1,1,1
22.3500,5836,1,1,64598,0,123813,0.521743,2,2,19,58,210509,27.48602,0.00386,2.37773,0.00718,1,1,2,1.393117,1.000000,1.465567,-0.001110,-0.001053,14.960355,9637,0.000070,0.076509,51300,21212,11575,7214,5070,3704,2820,2186,18731,1,1,1,1
22.4000,5836,1,1,64630,0,123874,0.521744,3,15,15,94,131097,27.52070,0.00386,2.37773,0.00718,1,1,2,1.204219,1.000000,3.659727,-0.018533,-0.018501,14.942962,9346,0.001238,0.074285,51479,21159,11575,7295,5036,3604,2819,2175,18731,1,1,1,1
23.0000,5836,1,1,65481,1,125942,0.519934,1,3,14,35,745389,27.93664,0.00386,2.37773,0.00718,0,0,3,2.667624,2.117040,2.117040,-0.226452,-0.226284,14.734975,5843,0.015357,0.047097,52239,21320,11822,7486,5282,3831,2745,2287,18929,1,1,1,1
23.9000,5836,1,1,67216,0,129079,0.520739,1,2,13,33,90709,28.56042,0.00386,2.37773,0.00718,1,1,2,1.413006,1.000000,1.499557,-0.538317,-0.538258,14.423116,591,0.037319,0.004867,53817,21848,12005,7492,5222,3982,2936,2253,19523,1,1,1,1
22.3500,5837,1,1,64216,0,123156,0.521424,1,7,17,17,462695,27.48039,0.00383,2.37265,0.01075,1,0,2,1.256331,1.000000,2.394772,-0.003948,-0.003909,14.957543,9636,0.000261,0.076502,50981,20834,11748,7251,4935,3627,2762,2244,18773,1,1,1,1
22.4000,5837,1,1,64781,1,123831,0.523145,9,12,12,28,119687,27.51506,0.00383,2.37265,0.01075,0,0,3,2.590292,2.490430,2.490430,-0.021288,-0.021125,14.939820,9343,0.001414,0.074264,51306,21301,11507,7261,5034,3707,2819,2151,18744,1,1,1,1
23.0000,5837,1,1,65174,0,125594,0.518930,2,6,16,95,1130653,27.93105,0.00383,2.37265,0.01075,1,0,2,1.156546,1.000000,1.204117,-0.229216,-0.229191,14.732281,5842,0.015557,0.047090,51955,21358,11703,7507,5080,3782,2814,2225,19169,1,1,1,1
23.9000,5837,1,1,67163,1,128630,0.522145,1,126,126,126,218398,28.55484,0.00383,2.37265,0.01075,0,1,3,3.453918,2.657790,2.487781,-0.541179,-0.540966,14.420475,587,0.037514,0.004834,53333,21800,11876,7674,5311,3912,2870,2301,19552,1,1,1,1
22.3500,5838,1,1,64627,1,123784,0.522099,1,25,25,69,557498,27.49031,0.00235,2.37705,0.00750,0,1,3,5.896949,5.346817,5.346817,0.000130,0.000434,14.961915,9640,-0.000029,0.076498,51268,21035,11744,7267,5122,3681,2814,2238,18614,1,1,1,1
22.4000,5838,1,1,64729,1,124013,0.521958,1,18,50,50,3802609,27.52498,0.00235,2.37705,0.00750,0,1,3,5.694020,4.888595,4.888595,-0.017197,-0.016899,14.944571,9349,0.001131,0.074275,51537,21133,11559,7310,4953,3728,2786,2217,18789,1,1,1,1
23.0000,5838,1,1,65721,1,126225,0.520670,5,1701,1701,1701,324528,27.94089,0.00235,2.37705,0.00750,0,1,3,3.332566,3.135171,3.135171,-0.225115,-0.224909,14.736579,5846,0.015262,0.047100,52514,21569,11598,7535,5089,3748,2886,2304,18981,1,1,1,1
23.9000,5838,1,1,67294,0,129244,0.520678,3,3,41,239,1739266,28.56470,0.00235,2.37705,0.00750,1,0,3,1.299283,1.000000,1.259383,-0.536940,-0.536896,14.424546,596,0.037221,0.004906,53893,21780,12182,7509,5245,3917,2838,2375,19504,1,1,1,1
22.3500,5839,1,1,64505,1,123785,0.521109,1,15,15,15,41321,27.48839,0.00235,2.37732,0.00732,0,1,3,5.649429,5.025121,5.025121,-0.000785,-0.000489,14.960600,9640,0.000033,0.076492,51381,21228,11406,7348,4972,3700,2820,2204,18725,1,1,1,1
22.4000,5839,1,1,64291,1,123473,0.520693,1,9,207,207,477278,27.52305,0.00235,2.37732,0.00732,0,1,3,3.067091,2.895425,2.895425,-0.018070,-0.017878,14.943619,9346,0.001196,0.074243,51261,20934,11396,7227,4978,3752,2775,2328,18821,1,1,1,1
23.0000,5839,1,1,65436,0,125861,0.519911,1,11,162,162,2418423,27.93901,0.00235,2.37732,0.00732,1,1,2,1.184992,1.000000,2.584831,-0.226039,-0.226010,14.735190,5842,0.015338,0.047064,52108,21436,11822,7426,5079,3754,2833,2283,19119,1,1,1,1
23.9000,5839,1,1,66851,1,128861,0.518788,1,5,10,25,294701,28.56283,0.00235,2.37732,0.00732,0,1,3,4.323064,3.217606,3.217606,-0.537969,-0.537718,14.423762,587,0.037280,0.004831,53238,22073,12114,7628,5172,3870,2943,2316,19506,1,1,1,1
22.3500,5840,1,1,64278,0,123560,0.520221,2,10,29,29,95583,27.48446,0.00448,2.37424,0.00714,1,0,2,1.132111,1.000000,1.557360,-0.001659,-0.001637,14.959839,9643,0.000109,0.076506,51355,20869,11444,7133,5178,3724,2806,2301,18749,1,1,1,1
22.4000,5840,1,1,64336,0,123736,0.519950,11,356,356,356,318521,27.51912,0.00448,2.37424,0.00714,1,1,2,1.105885,1.000000,39.711387,-0.019266,-0.019248,14.941859,9353,0.001288,0.074295,51471,21121,11545,7206,5014,3509,2833,2178,18858,1,1,1,1
23.0000,5840,1,1,65705,1,125922,0.521795,2,16,61,61,147226,27.93501,0.00448,2.37424,0.00714,0,1,3,10.754863,8.402583,8.402583,-0.227077,-0.226670,14.734262,5847,0.015384,0.047100,52306,21319,11876,7533,5074,3672,2825,2208,19108,1,1,1,1
23.9000,5840,1,1,67108,0,128840,0.520867,7,2,9,267,160526,28.55884,0.00448,2.37424,0.00714,1,1,3,1.362600,1.000000,1.247680,-0.538829,-0.538777,14.422548,591,0.037357,0.004864,53596,21846,11893,7483,5144,3901,2992,2281,19703,1,1,1,1
22.3500,5841,1,1,64540,0,123415,0.522955,2,17,17,172,1296350,27.48362,0.00258,2.37349,0.00778,1,1,2,1.283795,1.000000,5.928766,-0.003102,-0.003059,14.958387,9641,0.000205,0.076485,51258,20892,11418,7325,5020,3702,2786,2245,18768,1,1,1,1
22.4000,5841,1,1,64754,0,124196,0.521390,34,12,34,55,171413,27.51827,0.00258,2.37349,0.00778,1,1,2,1.300586,1.000000,4.331601,-0.020401,-0.020356,14.941086,9349,0.001362,0.074254,51901,20895,11503,7341,5128,3683,2788,2176,18780,1,1,1,1
23.0000,5841,1,1,65561,1,125992,0.520363,2,24,24,31,145679,27.93421,0.00258,2.37349,0.00778,0,1,3,12.059259,10.414897,10.414897,-0.228444,-0.228017,14.733475,5846,0.015476,0.047086,52279,21389,11704,7475,5168,3802,2830,2249,19095,1,1,1,1
23.9000,5841,1,1,67067,1,129103,0.519488,3,3,7,23,183327,28.55793,0.00258,2.37349,0.00778,0,1,3,1.992544,1.613805,1.613805,-0.540147,-0.540029,14.421454,588,0.037446,0.004838,53456,22039,12066,7664,5316,3917,2864,2384,19396,1,1,1,1
22.3500,5842,1,1,64012,0,123183,0.519654,1,7,53,342,94784,27.48382,0.00387,2.37433,0.00778,1,1,2,1.201375,1.000000,2.039276,-0.002223,-0.002191,14.959272,9643,0.000146,0.076483,50917,20989,11526,7230,4996,3764,2790,2249,18721,1,1,1,1
22.4000,5842,1,1,64662,0,123911,0.521847,5,3,8,265,320262,27.51846,0.00387,2.37433,0.00778,1,1,2,1.413176,1.000000,1.836357,-0.019538,-0.019479,14.941895,9351,0.001304,0.074253,51535,21131,11397,7211,5064,3608,2852,2212,18900,1,1,1,1
23.0000,5842,1,1,65614,0,126282,0.519587,1,12,72,72,231466,27.93445,0.00387,2.37433,0.00778,1,1,2,1.338747,1.000000,5.206604,-0.227620,-0.227570,14.733861,5845,0.015445,0.047069,52484,21589,11793,7430,5114,3756,2931,2238,18946,1,1,1,1
23.9000,5842,1,1,67194,0,129267,0.519812,1,1,5,91,292028,28.55818,0.00387,2.37433,0.00778,1,1,3,1.345685,1.000000,1.097910,-0.539353,-0.539302,14.422012,588,0.037394,0.004837,53963,21901,11955,7440,5220,3899,2961,2303,19624,1,1,1,1
22.3500,5843,1,1,64775,1,123849,0.523020,2,263,263,752,266654,27.48638,0.00246,2.38517,0.00823,0,1,3,179.004260,131.436110,131.436110,-0.002081,-0.001194,14.959213,9646,0.000080,0.076494,51588,20887,11433,7406,5058,3569,2772,2290,18845,1,1,1,1
22.4000,5843,1,1,64599,1,123790,0.521848,1,111,111,111,1574619,27.52102,0.00246,2.38517,0.00823,0,0,3,12.294115,11.567588,11.567588,-0.019193,-0.018764,14.942257,9352,0.001256,0.074247,51264,21174,11381,7273,5089,3796,2819,2297,18696,1,1,1,1
23.0000,5843,1,1,65855,1,126016,0.522597,1,44,44,95,1692578,27.93693,0.00246,2.38517,0.00823,0,1,3,1.599060,1.150814,1.033923,-0.226937,-0.226856,14.734554,5846,0.015396,0.047066,52214,21371,11833,7366,5223,3778,2881,2310,19039,1,1,1,1
23.9000,5843,1,1,67250,0,128846,0.521945,3,1,6,97,1453054,28.56068,0.00246,2.38517,0.00823,1,0,3,1.398993,1.000000,1.005368,-0.538807,-0.538750,14.422655,588,0.037354,0.004836,53331,21997,11976,7612,5259,3784,3023,2324,19539,1,1,1,1
22.3500,5844,1,1,64530,0,123618,0.522016,5,3,9,36,901114,27.48631,0.00317,2.37963,0.00908,1,1,2,1.405296,1.000000,1.632505,-0.001346,-0.001288,14.960073,9646,0.000086,0.076477,50985,21226,11723,7126,5047,3649,2745,2311,18805,1,1,1,1
22.4000,5844,1,1,64398,0,123677,0.520699,9,4,30,162,334858,27.52094,0.00317,2.37963,0.00908,1,0,3,1.224921,1.000000,1.067090,-0.018626,-0.018591,14.942868,9355,0.001244,0.074255,51144,21233,11407,7296,5004,3691,2885,2197,18819,1,1,1,1
23.0000,5844,1,1,65564,0,125839,0.521019,1,2,331,331,918025,27.93690,0.00317,2.37963,0.00908,1,0,3,1.386517,1.000000,1.198619,-0.226615,-0.226559,14.734853,5848,0.015376,0.047074,52180,21485,11680,7401,5098,3708,2866,2242,19178,1,1,1,1
23.9000,5844,1,1,66838,0,128481,0.520221,1,1,18,71,97236,28.56066,0.00317,2.37963,0.00908,1,0,3,1.344117,1.000000,1.216624,-0.538495,-0.538444,14.422985,591,0.037332,0.004860,53041,21762,11953,7573,5318,3847,2957,2245,19784,1,1,1,1
22.3500,5845,1,1,64341,1,123435,0.521258,7,4,7,153,183667,27.48720,0.00472,2.38129,0.00813,0,0,3,1.487741,1.371660,1.371660,-0.000071,-0.000003,14.961068,9644,0.000000,0.076443,51153,21019,11389,7238,5057,3668,2838,2202,18870,1,1,1,1
22.4000,5845,1,1,64441,1,123722,0.520857,2,4,14,23,997656,27.52194,0.00472,2.38129,0.00813,0,0,3,2.009489,1.623225,1.623225,-0.017461,-0.017341,14.943902,9351,0.001160,0.074205,51288,21023,11676,7277,4981,3593,2831,2314,18738,1,1,1,1
23.0000,5845,1,1,65291,1,125630,0.519713,1,5,22,57,3091680,27.93783,0.00472,2.38129,0.00813,0,0,3,1.562459,1.168106,1.168106,-0.225373,-0.225297,14.736012,5844,0.015289,0.047030,51925,21369,11767,7401,5087,3730,2869,2349,19132,1,1,1,1
23.9000,5845,1,1,67074,0,129079,0.519639,1,266,266,649,731816,28.56160,0.00472,2.38129,0.00813,1,1,2,1.012876,1.000000,3.491772,-0.537356,-0.537354,14.424143,584,0.037254,0.004801,53780,21764,11937,7593,5315,3769,2952,2411,19557,1,1,1,1
22.3500,5846,1,1,64348,0,123709,0.520160,3,3,23,78,141056,27.48676,0.00269,2.37851,0.00861,1,1,3,1.294244,1.000000,1.217012,-0.001365,-0.001321,14.959961,9655,0.000088,0.076522,51296,20921,11469,7423,5064,3742,2916,2232,18645,1,1,1,1
22.4000,5846,1,1,64635,1,124168,0.520549,2,1,24,24,94929,27.52139,0.00269,2.37851,0.00861,0,0,3,1.242049,1.001572,1.001572,-0.018656,-0.018619,14.942626,9364,0.001246,0.074302,51821,21145,11453,7167,5037,3664,2807,2223,18850,1,1,1,1
23.0000,5846,1,1,65722,0,126121,0.521107,2,6,6,25,246983,27.93732,0.00269,2.37851,0.00861,1,0,2,1.244455,1.000000,1.996074,-0.226688,-0.226650,14.734804,5855,0.015382,0.047114,52494,21441,11615,7487,5083,3684,2784,2302,19230,1,1,1,1
23.9000,5846,1,1,67411,1,129083,0.522234,1,59,59,123,226132,28.56111,0.00269,2.37851,0.00861,0,1,3,4.666655,3.965440,3.959246,-0.538639,-0.538375,14.422818,594,0.037328,0.004883,53861,21858,12003,7435,5148,3853,2884,2321,19719,1,1,1,1
22.3500,5847,1,1,64239,1,123226,0.521315,1,2,18,926,96293,27.48508,0.00427,2.37574,0.01021,0,1,3,2.132107,1.588571,1.588571,-0.001406,-0.001276,14.960187,9655,0.000085,0.076508,50868,20882,11698,7049,5092,3666,2812,2203,18955,1,1,1,1
22.4000,5847,1,1,64783,1,124186,0.521665,24,4,24,24,45545,27.51969,0.00427,2.37574,0.01021,0,1,3,1.788417,1.662306,1.662306,-0.018716,-0.018617,14.942225,9363,0.001246,0.074283,51615,21260,11522,7250,5077,3555,2886,2323,18697,1,1,1,1
23.0000,5847,1,1,65747,1,126285,0.520628,1,4,4,122,235418,27.93567,0.00427,2.37574,0.01021,0,1,3,1.463033,1.037121,1.000021,-0.226656,-0.226591,14.734802,5854,0.015378,0.047098,52467,21618,11738,7533,5013,3829,2818,2235,19033,1,1,1,1
23.9000,5847,1,1,67038,0,128824,0.520388,1,33,33,906,121489,28.55947,0.00427,2.37574,0.01021,1,1,2,1.049966,1.000000,1.816846,-0.538613,-0.538604,14.422886,597,0.037344,0.004907,53331,21838,12053,7564,5243,3851,2900,2351,19692,1,1,1,1
22.3500,5848,1,1,64545,1,123821,0.521281,2,2,13,82,153973,27.48930,0.00399,2.37485,0.00775,0,1,3,1.836569,1.331553,1.331553,0.000623,0.000727,14.962143,9659,-0.000049,0.076517,51342,21094,11503,7250,5135,3672,2889,2205,18730,1,1,1,1
22.4000,5848,1,1,64740,0,123835,0.522797,1,3,71,71,327912,27.52403,0.00399,2.37485,0.00775,1,1,2,1.312996,1.000000,1.427994,-0.016746,-0.016700,14.944594,9366,0.001117,0.074283,51516,20939,11385,7344,5092,3672,2715,2200,18971,1,1,1,1
23.0000,5848,1,1,65869,1,126260,0.521697,2,16,106,155,169360,27.93994,0.00399,2.37485,0.00775,0,0,3,2.006630,1.591744,1.591744,-0.224710,-0.224591,14.736668,5858,0.015240,0.047116,52518,21573,11594,7562,5058,3766,2904,2217,19067,1,1,1,1
23.9000,5848,1,1,67283,1,129066,0.521311,2,25,1358,1358,320354,28.56375,0.00399,2.37485,0.00775,0,1,3,9.853458,9.083148,9.083148,-0.536766,-0.536375,14.425125,596,0.037183,0.004897,53571,22117,12036,7465,5227,3763,3046,2260,19580,1,1,1,1
22.3500,5849,1,1,64509,1,123529,0.522222,5,17,20,368,266080,27.49099,0.00234,2.37925,0.00931,0,1,3,2.874198,2.479108,2.479108,0.000516,0.000696,14.962168,9656,-0.000047,0.076480,51133,20912,11450,7214,5008,3719,2926,2203,18963,1,1,1,1
22.4000,5849,1,1,64768,0,124107,0.521876,1,10,10,198,84533,27.52560,0.00234,2.37925,0.00931,1,1,2,1.366907,1.000000,5.034851,-0.016847,-0.016793,14.944535,9364,0.001124,0.074255,51531,21020,11547,7352,5090,3655,2869,2274,18768,1,1,1,1
23.0000,5849,1,1,65858,0,125977,0.522782,178,20,178,478,524403,27.94155,0.00234,2.37925,0.00931,1,0,2,1.127118,1.000000,2.759547,-0.224774,-0.224754,14.736724,5855,0.015251,0.047084,52116,21487,11701,7528,5131,3817,2912,2246,19038,1,1,1,1
23.9000,5849,1,1,67159,1,129217,0.519742,6,61,61,509,103108,28.56538,0.00234,2.37925,0.00931,0,0,3,1.671236,1.530364,1.530364,-0.536635,-0.536547,14.424538,590,0.037197,0.004847,53692,21718,12235,7776,5138,3872,2891,2273,19621,1,1,1,1
22.3500,5850,1,1,64560,0,123595,0.522355,3,39,105,105,313971,27.49462,0.00154,2.38671,0.00797,1,1,2,1.154231,1.000000,6.613076,0.001885,0.001910,14.963383,9658,-0.000128,0.076476,51111,21040,11596,7369,5009,3668,2691,2200,18910,1,1,1,1
22.4000,5850,1,1,64977,1,124105,0.523569,5,1,50,84,701793,27.52933,0.00154,2.38671,0.00797,0,1,3,1.346475,1.057509,1.057509,-0.015312,-0.015261,14.945857,9365,0.001021,0.074243,51403,21355,11371,7251,5018,3736,2857,2270,18843,1,1,1,1
23.0000,5850,1,1,65523,1,125710,0.521228,12,7,30,30,1250101,27.94522,0.00154,2.38671,0.00797,0,1,3,3.813310,3.214158,3.214158,-0.223355,-0.223127,14.738372,5857,0.015139,0.047086,51981,21372,11706,7502,5157,3768,2816,2252,19155,1,1,1,1
23.9000,5850,1,1,67573,1,129282,0.522683,1,3,203,203,103218,28.56905,0.00154,2.38671,0.00797,0,0,3,2.337404,1.742077,1.742077,-0.535219,-0.535074,14.426238,590,0.037090,0.004846,53693,22060,12046,7603,5352,3875,2882,2198,19572,1,1,1,1
