k,n,ok,brk,idx,parity,len,irat,pqat,pqnext,pqw5,pqw20,pqmax,logh11,logh22,logmz,logg0,incone,redst,jhi,rho,rho2,skew,loglam1,logcone,logq,v2qp,dinf,d2,q1,q2,q3,q4,q5,q6,q7,q8,q9,cY,cX,cIdx,intq
22.3500,3498,1,1,38449,1,73904,0.520263,1,4,34,139,432730,27.44802,0.00984,2.37235,0.01185,0,1,3,3.481504,2.634498,2.634498,-0.017608,-0.017252,14.943707,5771,0.001154,0.076524,30827,12461,6758,4335,3059,2212,1695,1317,11239,1,1,1,1
22.4000,3498,1,1,38533,1,73818,0.522007,1,3,38,70,198349,27.48270,0.00984,2.37235,0.01185,0,1,3,1.792130,1.268407,1.204546,-0.034826,-0.034659,14.926543,5600,0.002322,0.074342,30521,12425,6924,4350,3078,2241,1645,1354,11279,1,1,1,1
23.0000,3498,1,1,39186,0,75020,0.522348,2,1,18,642,32191,27.89862,0.00984,2.37235,0.01185,1,1,3,1.401342,1.000000,1.112338,-0.242787,-0.242691,14.718482,3497,0.016489,0.047080,31001,12728,6927,4584,3076,2159,1781,1314,11449,1,1,1,1
23.9000,3498,1,1,39923,1,77076,0.517976,1,2,14,127,631603,28.52242,0.00984,2.37235,0.01185,0,0,3,1.810109,1.436278,1.436278,-0.554716,-0.554547,14.406464,348,0.038493,0.004787,31884,13105,7258,4617,3164,2222,1702,1408,11715,1,1,1,1
22.3500,3499,1,1,38507,1,73812,0.521697,11,3,42,68,35619,27.44383,0.00629,2.36765,0.01610,0,1,3,2.005601,1.711833,1.711833,-0.021349,-0.021150,14.939328,5782,0.001416,0.076671,30517,12652,6766,4366,3013,2224,1696,1366,11211,1,1,1,1
22.4000,3499,1,1,39049,1,74309,0.525502,14,2069,2069,2069,52960,27.47850,0.00629,2.36765,0.01610,0,0,3,26.532153,26.460987,26.460987,-0.039075,-0.038138,14.921583,5608,0.002556,0.074452,30854,12657,7068,4404,2967,2193,1729,1291,11145,1,1,1,1
23.0000,3499,1,1,39344,0,75408,0.521755,3,18,21,686,92905,27.89450,0.00629,2.36765,0.01610,1,1,2,1.323115,1.000000,7.103320,-0.246890,-0.246810,14.714269,3508,0.016774,0.047228,31272,12875,7104,4417,3014,2220,1641,1375,11489,1,1,1,1
23.9000,3499,1,1,40074,0,77182,0.519221,1,2,46,46,71995,28.51832,0.00629,2.36765,0.01610,1,1,2,1.414035,1.000000,1.585063,-0.558576,-0.558477,14.402742,358,0.038776,0.004924,31889,13269,7178,4610,3157,2293,1743,1394,11648,1,1,1,1
22.3500,3500,1,1,38410,0,73522,0.522436,2,8,33,463,201680,27.44770,0.00626,2.36840,0.00896,1,1,2,1.175369,1.000000,1.633112,-0.019548,-0.019501,14.941397,5783,0.001305,0.076651,30369,12346,6909,4356,3066,2128,1659,1283,11405,1,1,1,1
22.4000,3500,1,1,38521,1,73997,0.520582,1,14,137,137,73800,27.48236,0.00626,2.36840,0.00896,0,1,3,9.176655,7.311789,7.311789,-0.037091,-0.036458,14.924934,5608,0.002443,0.074414,30618,12600,6866,4454,2996,2216,1661,1324,11261,1,1,1,1
23.0000,3500,1,1,39202,0,75241,0.521026,1,13,93,158,135137,27.89825,0.00626,2.36840,0.00896,1,1,2,1.084914,1.000000,1.344691,-0.244786,-0.244762,14.715936,3508,0.016632,0.047209,31212,12938,6933,4450,3022,2191,1716,1321,11457,1,1,1,1
23.9000,3500,1,1,40205,1,77250,0.520460,1,18,2420,2420,171059,28.52208,0.00626,2.36840,0.00896,0,1,3,2.655836,1.959337,1.819143,-0.556752,-0.556473,14.404641,358,0.038631,0.004922,32078,13168,7080,4582,3119,2285,1816,1413,11708,1,1,1,1
22.3500,3501,1,1,38726,0,74070,0.522837,2,3,23,23,2361888,27.44807,0.00681,2.36057,0.01024,1,0,3,1.262567,1.000000,1.115409,-0.018964,-0.018897,14.942434,5781,0.001265,0.076598,30816,12577,6985,4275,2993,2176,1636,1351,11260,1,1,1,1
22.4000,3501,1,1,38561,1,74206,0.519655,1,18,20,144,124030,27.48272,0.00681,2.36057,0.01024,0,1,3,2.154242,2.086044,2.086044,-0.036377,-0.036158,14.925246,5606,0.002423,0.074364,30788,12599,6994,4296,2971,2271,1723,1324,11239,1,1,1,1
23.0000,3501,1,1,39104,0,75321,0.519172,3,218,218,218,433137,27.89869,0.00681,2.36057,0.01024,1,1,2,1.012113,1.000000,2.677481,-0.244396,-0.244393,14.715758,3505,0.016608,0.047156,31091,12906,6989,4497,3103,2232,1672,1379,11451,1,1,1,1
23.9000,3501,1,1,40418,0,77590,0.520924,6,4,13,13,91639,28.52234,0.00681,2.36057,0.01024,1,0,3,1.213272,1.000000,1.048750,-0.556089,-0.556034,14.405315,355,0.038599,0.004879,32208,13188,7359,4558,3170,2374,1766,1373,11593,1,1,1,1
22.3500,3502,1,1,38793,1,74455,0.521033,2,2,63,981,33593,27.45192,0.00420,2.36337,0.01120,0,1,3,1.988812,1.416858,1.416858,-0.018309,-0.018112,14.943136,5785,0.001212,0.076625,30977,12724,6835,4427,3023,2235,1728,1337,11168,1,1,1,1
22.4000,3502,1,1,38661,1,73990,0.522524,1,6,14,29,1472723,27.48656,0.00420,2.36337,0.01120,0,1,3,3.358535,2.769835,2.769835,-0.035725,-0.035379,14.925482,5611,0.002370,0.074408,30629,12491,6875,4418,3009,2238,1705,1295,11329,1,1,1,1
23.0000,3502,1,1,39007,1,75221,0.518572,1,106,106,106,8244516,27.90260,0.00420,2.36337,0.01120,0,1,3,66.484901,51.998948,51.998948,-0.244167,-0.242969,14.718444,3508,0.016508,0.047174,31294,12696,7011,4402,3000,2190,1776,1371,11480,1,1,1,1
23.9000,3502,1,1,40139,1,77275,0.519437,1,1,11,77,373623,28.52628,0.00420,2.36337,0.01120,0,0,3,1.572177,1.132361,1.132361,-0.555458,-0.555329,14.405825,357,0.038549,0.004905,32208,12988,7243,4586,3114,2198,1784,1365,11788,1,1,1,1
22.3500,3503,1,1,38639,1,74190,0.520818,1,3,10,19,677943,27.45974,0.00420,2.37206,0.01145,0,1,3,3.014170,2.284574,2.284574,-0.014596,-0.014281,14.947059,5785,0.000955,0.076583,30913,12626,6888,4378,3064,2108,1699,1285,11228,1,1,1,1
22.4000,3503,1,1,38847,1,74444,0.521835,44,103,103,657,156560,27.49437,0.00420,2.37206,0.01145,0,1,3,4.353662,4.210624,4.210624,-0.031998,-0.031578,14.929825,5609,0.002115,0.074339,31070,12610,6925,4381,2973,2266,1672,1333,11213,1,1,1,1
23.0000,3503,1,1,39238,0,75237,0.521532,1,43,43,557,51593,27.91030,0.00420,2.37206,0.01145,1,1,2,1.234169,1.000000,11.572426,-0.240106,-0.240046,14.721296,3507,0.016306,0.047138,31251,12589,6912,4450,3156,2317,1719,1422,11420,1,1,1,1
23.9000,3503,1,1,40216,0,77196,0.520966,4,27,27,31,2584771,28.53399,0.00420,2.37206,0.01145,1,1,2,1.368123,1.000000,12.073708,-0.551959,-0.551870,14.409412,358,0.038299,0.004916,31891,13197,7152,4563,3094,2350,1759,1324,11865,1,1,1,1
22.3500,3504,1,1,38559,1,73936,0.521526,1,4,7,186,1262124,27.47096,0.00439,2.37548,0.00791,0,0,3,2.817125,2.183471,2.183471,-0.008814,-0.008518,14.952527,5791,0.000570,0.076613,30719,12630,6876,4315,2963,2136,1687,1293,11316,1,1,1,1
22.4000,3504,1,1,38876,0,74532,0.521608,1,13,13,57,280676,27.50557,0.00439,2.37548,0.00791,1,1,2,1.331534,1.000000,5.385664,-0.026253,-0.026171,14.935131,5616,0.001752,0.074384,31120,12696,6879,4267,3102,2287,1635,1320,11225,1,1,1,1
23.0000,3504,1,1,39227,1,75333,0.520722,10,1,25,25,504596,27.92158,0.00439,2.37548,0.00791,0,1,3,1.168435,1.039732,1.039732,-0.234007,-0.233963,14.726684,3512,0.015887,0.047175,31158,12797,7001,4413,3067,2315,1715,1351,11515,1,1,1,1
23.9000,3504,1,1,40461,1,77197,0.524133,2,7,17,17,96431,28.54529,0.00439,2.37548,0.00791,0,1,3,4.275380,3.529382,3.529382,-0.546053,-0.545638,14.415767,359,0.037850,0.004926,32059,13031,7093,4617,3144,2328,1758,1322,11844,1,1,1,1
22.3500,3505,1,1,38816,0,74184,0.523247,3,47,47,73,15218472,27.46288,0.00459,2.37554,0.01230,1,0,2,1.032518,1.000000,1.599795,-0.012640,-0.012631,14.948773,5788,0.000845,0.076570,30837,12689,6892,4342,2936,2239,1665,1348,11235,1,1,1,1
22.4000,3505,1,1,38765,1,74096,0.523180,3,3,9,31,103071,27.49768,0.00459,2.37554,0.01230,0,1,3,2.181686,1.588514,1.588514,-0.030043,-0.029820,14.931458,5612,0.001997,0.074328,30827,12547,6875,4342,2989,2226,1620,1323,11346,1,1,1,1
23.0000,3505,1,1,39317,1,75342,0.521854,1,20,67,94,586611,27.91357,0.00459,2.37554,0.01230,0,1,3,3.178433,2.418278,2.328201,-0.238041,-0.237711,14.723359,3509,0.016145,0.047132,31335,12751,7043,4395,3016,2246,1666,1388,11501,1,1,1,1
23.9000,3505,1,1,40446,0,77497,0.521911,1,5,44,269,17534,28.53731,0.00459,2.37554,0.01230,1,1,2,1.400291,1.000000,2.798346,-0.549934,-0.549838,14.411415,355,0.038153,0.004871,32046,13374,7193,4540,3209,2278,1747,1396,11713,1,1,1,1
22.3500,3506,1,1,38717,1,74163,0.522060,1,17,17,266,134059,27.46503,0.00678,2.37644,0.01036,0,1,3,1.658573,1.189402,1.070603,-0.010538,-0.010393,14.950769,5789,0.000695,0.076551,30711,12650,6796,4401,3007,2219,1683,1356,11339,1,1,1,1
22.4000,3506,1,1,38689,1,74307,0.520671,12,3,12,65,130814,27.49962,0.00678,2.37644,0.01036,0,1,3,2.147452,1.645222,1.645222,-0.027907,-0.027689,14.933691,5615,0.001854,0.074335,30815,12745,6886,4337,3042,2151,1601,1335,11394,1,1,1,1
23.0000,3506,1,1,39385,1,75709,0.520222,14,2,14,25,620550,27.91559,0.00678,2.37644,0.01036,0,1,3,1.961290,1.477902,1.477902,-0.235873,-0.235681,14.724685,3513,0.016006,0.047168,31606,12747,6947,4490,3097,2293,1750,1347,11431,1,1,1,1
23.9000,3506,1,1,40471,1,77519,0.522085,2,3,22,22,45815,28.53935,0.00678,2.37644,0.01036,0,1,3,2.168550,1.579034,1.579034,-0.547760,-0.547539,14.413739,355,0.037987,0.004869,32292,13160,7185,4591,3094,2353,1745,1400,11698,1,1,1,1
22.3500,3507,1,1,38823,1,74342,0.522229,1,19,19,327,1137499,27.46425,0.00439,2.37470,0.01003,0,1,3,1.709190,1.529343,1.529343,-0.012110,-0.011957,14.949422,5791,0.000800,0.076563,30875,12808,6977,4250,3019,2166,1671,1324,11251,1,1,1,1
22.4000,3507,1,1,38762,0,74272,0.521900,1,9,22,22,49280,27.49883,0.00439,2.37470,0.01003,1,1,2,1.391028,1.000000,4.507804,-0.029558,-0.029464,14.931800,5619,0.001973,0.074377,30968,12517,6907,4370,3041,2106,1691,1277,11394,1,1,1,1
23.0000,3507,1,1,39546,0,75382,0.524615,2,1,48,48,1077616,27.91488,0.00439,2.37470,0.01003,1,1,3,1.412236,1.000000,1.127081,-0.237382,-0.237284,14.723916,3517,0.016116,0.047211,31137,12727,7221,4380,3015,2334,1687,1368,11512,1,1,1,1
23.9000,3507,1,1,40342,0,77308,0.521841,3,1,16,40,45513,28.53865,0.00439,2.37470,0.01003,1,1,3,1.399799,1.000000,1.014110,-0.549255,-0.549159,14.412012,355,0.038104,0.004868,31996,13287,7076,4492,3117,2413,1773,1322,11831,1,1,1,1
22.3500,3508,1,1,38423,1,73879,0.520087,2,10,10,43,77017,27.46126,0.00459,2.37358,0.00934,0,1,3,5.645071,4.776974,4.776974,-0.013597,-0.013104,14.947549,5795,0.000877,0.076604,30707,12398,6763,4316,3078,2273,1606,1374,11363,1,1,1,1
22.4000,3508,1,1,38567,1,73963,0.521443,6,84,84,84,81271,27.49604,0.00459,2.37358,0.00934,0,1,3,32.034445,29.612320,29.612320,-0.031245,-0.030257,14.929627,5623,0.002027,0.074419,30599,12525,6826,4419,3095,2235,1653,1349,11261,1,1,1,1
23.0000,3508,1,1,39391,1,75685,0.520467,402,3,402,402,890904,27.91197,0.00459,2.37358,0.00934,0,1,3,1.119856,1.092938,1.092938,-0.238730,-0.238698,14.722708,3512,0.016213,0.047134,31220,13048,7168,4488,3067,2226,1716,1351,11400,1,1,1,1
23.9000,3508,1,1,40542,0,77733,0.521561,23,14,23,1406,930759,28.53576,0.00459,2.37358,0.00934,1,0,2,1.103810,1.000000,1.604172,-0.550690,-0.550661,14.410722,355,0.038212,0.004868,32512,13253,7179,4460,3080,2332,1746,1413,11757,1,1,1,1
22.3500,3509,1,1,38553,1,74201,0.519582,1,1,33,47,4854897,27.45552,0.00478,2.37205,0.01159,0,0,3,1.417692,1.003707,1.003707,-0.016265,-0.016166,14.945035,5790,0.001082,0.076529,30882,12664,6815,4302,3016,2241,1669,1322,11289,1,1,1,1
22.4000,3509,1,1,38805,1,74497,0.520900,5,49,49,147,91642,27.49009,0.00478,2.37205,0.01159,0,1,3,4.443427,4.277425,4.277425,-0.033765,-0.033340,14.928063,5615,0.002233,0.074300,31081,12702,6824,4392,2959,2135,1606,1402,11395,1,1,1,1
23.0000,3509,1,1,39580,0,75537,0.523989,1,2,13,65,90708,27.90610,0.00478,2.37205,0.01159,1,0,3,1.305386,1.000000,1.262011,-0.241593,-0.241517,14.719798,3512,0.016408,0.047130,31271,12846,7139,4441,3015,2243,1754,1347,11480,1,1,1,1
23.9000,3509,1,1,40169,1,77194,0.520371,3,1,16,157,99352,28.52991,0.00478,2.37205,0.01159,0,1,3,1.539299,1.168677,1.168677,-0.553485,-0.553362,14.407523,356,0.038408,0.004881,31874,13129,7148,4638,3150,2369,1706,1371,11808,1,1,1,1
22.3500,3510,1,1,38449,1,73923,0.520129,1,6,89,755,420524,27.46141,0.00419,2.37377,0.00849,0,1,3,2.559343,2.199483,2.199483,-0.013670,-0.013403,14.947963,5798,0.000897,0.076597,30750,12652,6734,4261,2931,2199,1672,1366,11357,1,1,1,1
22.4000,3510,1,1,38824,0,74343,0.522235,1,2,5,127,93834,27.49616,0.00419,2.37377,0.00849,1,0,3,1.286038,1.000000,1.086393,-0.030945,-0.030874,14.930450,5623,0.002068,0.074373,30903,12644,6854,4348,3026,2263,1697,1335,11272,1,1,1,1
23.0000,3510,1,1,39177,1,75396,0.519623,1,2,17,146,545239,27.91205,0.00419,2.37377,0.00849,0,1,3,1.926077,1.445340,1.445340,-0.238929,-0.238742,14.722280,3517,0.016216,0.047175,31109,12921,6988,4486,3103,2244,1654,1415,11475,1,1,1,1
23.9000,3510,1,1,40470,0,77763,0.520434,3,3,24,67,1802469,28.53588,0.00419,2.37377,0.00849,1,1,2,1.379939,1.000000,1.798650,-0.550877,-0.550785,14.410358,359,0.038221,0.004920,32461,13172,7327,4612,3117,2240,1758,1402,11673,1,1,1,1
22.3500,3511,1,1,38485,1,73711,0.522114,4,53,59,68,115369,27.46321,0.00419,2.36550,0.00888,0,1,3,17.776774,16.655357,16.655357,-0.012992,-0.012173,14.947990,5798,0.000814,0.076576,30402,12434,6889,4264,3008,2269,1695,1360,11389,1,1,1,1
22.4000,3511,1,1,38812,0,74559,0.520561,2,2,29,29,59908,27.49795,0.00419,2.36550,0.00888,1,0,3,1.326923,1.000000,1.121473,-0.029980,-0.029899,14.931406,5622,0.002002,0.074334,30764,12906,6932,4464,3071,2199,1642,1337,11243,1,1,1,1
23.0000,3511,1,1,39421,1,75767,0.520299,2,5,70,73,182912,27.91392,0.00419,2.36550,0.00888,0,1,3,3.640011,2.849388,2.849388,-0.238097,-0.237729,14.723632,3515,0.016146,0.047131,31621,12774,7075,4457,2969,2312,1672,1354,11532,1,1,1,1
23.9000,3511,1,1,40132,0,77235,0.519616,5,14,16,3969,170085,28.53757,0.00419,2.36550,0.00888,1,0,2,1.071735,1.000000,1.093358,-0.549788,-0.549768,14.411625,357,0.038148,0.004890,32050,12972,7245,4449,3148,2286,1747,1378,11959,1,1,1,1
22.3500,3512,1,1,38713,1,74344,0.520735,1,5,11,101,124499,27.46181,0.00801,2.37133,0.00884,0,1,3,3.006045,2.433938,2.433938,-0.011632,-0.011319,14.950023,5801,0.000757,0.076583,30725,12737,7042,4437,3047,2174,1715,1267,11199,1,1,1,1
22.4000,3512,1,1,38809,1,74531,0.520716,3,15,15,87,78794,27.49635,0.00801,2.37133,0.00884,0,1,3,2.820088,2.118227,2.042135,-0.028876,-0.028581,14.932722,5626,0.001914,0.074359,31005,12772,6947,4402,2995,2193,1688,1241,11287,1,1,1,1
23.0000,3512,1,1,39282,0,75525,0.520126,7,104,104,688,100831,27.91239,0.00801,2.37133,0.00884,1,1,2,1.175350,1.000000,20.010622,-0.237226,-0.237180,14.724182,3518,0.016108,0.047156,31230,13029,7022,4444,2953,2222,1730,1318,11576,1,1,1,1
23.9000,3512,1,1,40152,0,76912,0.522058,4,105,105,190,48520,28.53607,0.00801,2.37133,0.00884,1,1,2,1.367801,1.000000,45.971523,-0.549182,-0.549093,14.412037,361,0.038100,0.004944,31687,13082,7192,4471,3138,2253,1787,1425,11876,1,1,1,1
22.3500,3513,1,1,38979,1,74610,0.522444,1,2,19,42,2426711,27.46172,0.00458,2.36572,0.00888,0,1,3,1.640478,1.340559,1.340559,-0.013235,-0.013094,14.948292,5803,0.000876,0.076596,31050,12596,6964,4526,3055,2299,1637,1276,11206,1,1,1,1
22.4000,3513,1,1,38534,0,73972,0.520934,2,15,15,15,60096,27.49645,0.00458,2.36572,0.00888,1,0,3,1.057542,1.000000,1.009876,-0.030550,-0.030534,14.930863,5623,0.002045,0.074307,30479,12449,6916,4437,3072,2177,1688,1317,11436,1,1,1,1
23.0000,3513,1,1,39623,1,75880,0.522187,1,41,41,70,125767,27.91238,0.00458,2.36572,0.00888,0,0,3,3.653986,3.175167,3.175167,-0.238687,-0.238318,14.722541,3516,0.016187,0.047121,31575,12985,7017,4535,3064,2245,1677,1303,11478,1,1,1,1
23.9000,3513,1,1,40593,1,77828,0.521580,1,32,32,120,114408,28.53607,0.00458,2.36572,0.00888,0,1,3,22.638944,16.779734,16.779734,-0.550772,-0.549884,14.411521,354,0.038156,0.004847,32590,13140,7182,4551,3066,2388,1799,1385,11726,1,1,1,1
22.3500,3514,1,1,38788,0,74485,0.520756,1,13,21,45,897869,27.45537,0.00690,2.36187,0.00943,1,1,2,1.410688,1.000000,7.106312,-0.015421,-0.015323,14.945913,5802,0.001025,0.076574,31022,12624,6958,4318,2999,2270,1679,1286,11328,1,1,1,1
22.4000,3514,1,1,38822,0,74454,0.521430,1,5,71,71,37387,27.49009,0.00690,2.36187,0.00943,1,0,2,1.269315,1.000000,1.788846,-0.032582,-0.032515,14.928816,5625,0.002178,0.074323,30861,12696,6981,4388,3008,2180,1645,1328,11366,1,1,1,1
23.0000,3514,1,1,39344,0,75856,0.518674,2,2,189,189,407316,27.90610,0.00690,2.36187,0.00943,1,1,2,1.400561,1.000000,1.545210,-0.240564,-0.240468,14.720785,3516,0.016335,0.047113,31394,12997,7060,4547,3113,2315,1730,1344,11355,1,1,1,1
23.9000,3514,1,1,39950,0,77175,0.517661,2,16,16,26,1429408,28.52981,0.00690,2.36187,0.00943,1,1,2,1.412988,1.000000,8.426736,-0.552664,-0.552566,14.408639,354,0.038350,0.004846,31934,13074,7225,4582,3106,2162,1752,1367,11972,1,1,1,1
22.3500,3515,1,1,38946,0,74631,0.521854,1,1,18,71,81836,27.45813,0.00418,2.36193,0.01177,1,1,3,1.352890,1.000000,1.101437,-0.015261,-0.015175,14.945938,5804,0.001015,0.076578,31178,12608,6932,4322,3052,2224,1659,1377,11278,1,1,1,1
22.4000,3515,1,1,39160,0,75009,0.522078,2,3,14,50,44242,27.49284,0.00418,2.36193,0.01177,1,0,2,1.358369,1.000000,1.571165,-0.032662,-0.032575,14.928714,5628,0.002182,0.074342,31277,12714,6929,4563,3056,2264,1732,1344,11129,1,1,1,1
23.0000,3515,1,1,39316,0,75570,0.520266,1,46,51,86,5957999,27.90873,0.00418,2.36193,0.01177,1,0,2,1.096134,1.000000,4.830587,-0.240770,-0.240744,14.720643,3519,0.016354,0.047140,31426,12717,7077,4502,2983,2299,1743,1327,11495,1,1,1,1
23.9000,3515,1,1,40210,0,77560,0.518444,3,6,12,96,149164,28.53246,0.00418,2.36193,0.01177,1,0,2,1.167997,1.000000,1.306636,-0.552451,-0.552407,14.408958,356,0.038338,0.004872,32161,13187,7182,4633,3165,2310,1765,1404,11752,1,1,1,1
22.3500,3516,1,1,38651,1,74166,0.521149,2,222,222,222,415553,27.45756,0.00438,2.36225,0.00867,0,1,3,41.056916,40.082279,40.082279,-0.015894,-0.014837,14.946574,5806,0.000993,0.076579,30687,12660,6860,4315,2974,2195,1742,1393,11339,1,1,1,1
22.4000,3516,1,1,38954,0,74499,0.522887,2,1,44,89,56585,27.49225,0.00438,2.36225,0.00867,1,1,3,1.413472,1.000000,1.141891,-0.032730,-0.032632,14.928575,5630,0.002186,0.074348,30865,12632,7048,4439,3012,2170,1740,1319,11273,1,1,1,1
23.0000,3516,1,1,39428,0,75775,0.520337,1,2,12,920,9283853,27.90822,0.00438,2.36225,0.00867,1,0,2,1.364597,1.000000,1.584826,-0.240766,-0.240678,14.720607,3520,0.016350,0.047140,31545,12868,6988,4416,3015,2253,1771,1364,11554,1,1,1,1
23.9000,3516,1,1,40332,0,77459,0.520695,2,14,30,105,212040,28.53197,0.00438,2.36225,0.00867,1,1,2,1.410133,1.000000,7.180817,-0.552858,-0.552760,14.408434,356,0.038364,0.004871,32270,13066,7086,4595,3174,2258,1759,1440,11810,1,1,1,1
22.3500,3517,1,1,38961,1,74468,0.523198,1,12,12,29,139567,27.45506,0.00526,2.36945,0.01248,0,1,3,5.619464,4.753927,4.753927,-0.016332,-0.015842,14.945012,5804,0.001060,0.076539,30976,12524,6949,4406,3017,2256,1660,1321,11358,1,1,1,1
22.4000,3517,1,1,39034,0,74516,0.523841,1,1,28,202,108773,27.48974,0.00526,2.36945,0.01248,1,0,3,1.410860,1.000000,1.212450,-0.033481,-0.033384,14.927852,5628,0.002236,0.074304,31173,12466,6849,4373,3081,2192,1734,1351,11296,1,1,1,1
23.0000,3517,1,1,39321,1,75502,0.520801,2,1,20,87,141060,27.90579,0.00526,2.36945,0.01248,0,1,3,1.599080,1.150451,1.150451,-0.241497,-0.241363,14.719902,3518,0.016397,0.047103,31360,12807,6977,4413,3048,2198,1715,1352,11631,1,1,1,1
23.9000,3517,1,1,40418,0,77805,0.519485,1,142,142,2695,28454,28.52956,0.00526,2.36945,0.01248,1,1,2,1.050587,1.000000,7.459160,-0.553649,-0.553635,14.407764,352,0.038426,0.004815,32529,13230,7201,4541,3186,2342,1659,1411,11705,1,1,1,1
22.3500,3518,1,1,38924,0,74405,0.523144,2,3,8,18,43833,27.46106,0.00438,2.37537,0.00974,1,1,3,1.128164,1.000000,1.029518,-0.013674,-0.013640,14.947747,5807,0.000912,0.076543,30935,12644,6894,4428,3049,2176,1688,1331,11259,1,1,1,1
22.4000,3518,1,1,38900,0,74303,0.523539,4,4,16,79,172114,27.49574,0.00438,2.37537,0.00974,1,1,2,1.356566,1.000000,1.931826,-0.031109,-0.031023,14.930268,5632,0.002078,0.074323,30837,12574,7029,4415,2953,2163,1646,1311,11374,1,1,1,1
23.0000,3518,1,1,39494,0,75721,0.521580,1,15,15,41,360291,27.91166,0.00438,2.37537,0.00974,1,1,2,1.393505,1.000000,7.680873,-0.239270,-0.239176,14.722087,3522,0.016246,0.047136,31345,12983,6907,4489,3128,2301,1627,1364,11576,1,1,1,1
23.9000,3518,1,1,40454,0,77475,0.522162,3,5,5,12,885856,28.53546,0.00438,2.37537,0.00974,1,0,2,1.259839,1.000000,1.826904,-0.550961,-0.550895,14.410439,355,0.038229,0.004854,31989,13292,7226,4674,3157,2375,1692,1337,11732,1,1,1,1
22.3500,3519,1,1,38805,1,74745,0.519172,2,2,38,103,524310,27.45568,0.00547,2.37008,0.01056,0,1,3,1.790021,1.361310,1.361310,-0.015797,-0.015631,14.945748,5807,0.001046,0.076532,31172,12724,6981,4454,3040,2222,1688,1296,11167,1,1,1,1
22.4000,3519,1,1,38891,1,74650,0.520985,1,82,187,187,161367,27.49034,0.00547,2.37008,0.01056,0,1,3,5.119813,4.244249,4.176061,-0.033290,-0.032826,14.928527,5631,0.002199,0.074298,30976,12713,7025,4383,3056,2197,1658,1333,11308,1,1,1,1
23.0000,3519,1,1,39200,0,75405,0.519866,5,2,10,120,1211142,27.90635,0.00547,2.37008,0.01056,1,1,3,1.384270,1.000000,1.119448,-0.241096,-0.241004,14.720147,3519,0.016372,0.047088,31352,12734,6926,4379,3079,2300,1654,1348,11632,1,1,1,1
23.9000,3519,1,1,40395,1,77376,0.522068,1,9,39,39,438020,28.53016,0.00547,2.37008,0.01056,0,1,3,2.249770,2.045102,2.045102,-0.553098,-0.552868,14.408518,353,0.038371,0.004826,32083,13229,7092,4660,3006,2287,1721,1361,11936,1,1,1,1
22.3500,3520,1,1,38858,0,74371,0.522496,18,6,98,98,184101,27.45403,0.00617,2.36357,0.00823,1,1,2,1.414124,1.000000,3.031660,-0.016513,-0.016414,14.944800,5816,0.001098,0.076633,30892,12511,6975,4383,3083,2198,1602,1392,11334,1,1,1,1
22.4000,3520,1,1,38846,0,74630,0.520522,4,45,45,357,109115,27.48868,0.00617,2.36357,0.00823,1,0,2,1.064586,1.000000,3.068571,-0.033843,-0.033825,14.927570,5641,0.002266,0.074413,31110,12478,7000,4380,3029,2206,1755,1404,11267,1,1,1,1
23.0000,3520,1,1,39753,1,75934,0.523527,11,10,11,112,116115,27.90457,0.00617,2.36357,0.00823,0,1,3,6.123504,4.962688,4.962688,-0.241855,-0.241340,14.720047,3531,0.016395,0.047236,31554,13001,7059,4563,3043,2286,1688,1354,11385,1,1,1,1
23.9000,3520,1,1,40216,0,77350,0.519929,1,11,15,223,48302,28.52840,0.00617,2.36357,0.00823,1,0,2,1.209305,1.000000,2.863592,-0.553694,-0.553640,14.407712,360,0.038427,0.004920,31974,13095,7240,4616,3151,2338,1718,1399,11818,1,1,1,1
22.3500,3521,1,1,38804,0,74311,0.522191,127,21,127,362,194260,27.45071,0.00592,2.36731,0.01399,1,1,2,1.079949,1.000000,1.793315,-0.018152,-0.018130,14.942556,5814,0.001213,0.076597,30969,12531,6932,4341,2971,2251,1633,1334,11348,1,1,1,1
22.4000,3521,1,1,39025,1,74647,0.522801,1,4,6,32,100255,27.48535,0.00592,2.36731,0.01399,0,1,3,2.507710,2.067561,2.067561,-0.035495,-0.035234,14.926117,5638,0.002361,0.074360,31076,12622,6998,4337,3043,2193,1645,1381,11351,1,1,1,1
23.0000,3521,1,1,39278,0,75788,0.518268,2,172,172,314,1749427,27.90132,0.00592,2.36731,0.01399,1,1,2,1.356228,1.000000,72.362323,-0.243986,-0.243899,14.717218,3525,0.016572,0.047151,31521,12817,7104,4382,3051,2293,1671,1372,11576,1,1,1,1
23.9000,3521,1,1,40248,0,77465,0.519570,1,83,83,83,110169,28.52498,0.00592,2.36731,0.01399,1,1,2,1.349135,1.000000,34.438444,-0.555708,-0.555623,14.405672,361,0.038570,0.004933,32125,13254,7195,4483,3067,2296,1792,1432,11820,1,1,1,1
22.3500,3522,1,1,38926,0,74694,0.521147,2,56,56,349,65883,27.45241,0.00477,2.37645,0.00998,1,1,2,1.266838,1.000000,17.300850,-0.018136,-0.018068,14.942954,5818,0.001209,0.076626,31075,12862,6967,4257,2935,2213,1716,1349,11319,1,1,1,1
22.4000,3522,1,1,38744,0,74382,0.520886,11,18,70,70,214779,27.48704,0.00477,2.37645,0.00998,1,1,2,1.205659,1.000000,4.326713,-0.035258,-0.035204,14.925743,5640,0.002359,0.074367,30782,12683,6947,4319,3023,2239,1642,1361,11385,1,1,1,1
23.0000,3522,1,1,39436,0,76010,0.518833,2,10,119,131,69571,27.90309,0.00477,2.37645,0.00998,1,1,2,1.332983,1.000000,4.237135,-0.243277,-0.243195,14.718108,3526,0.016524,0.047148,31582,12952,7090,4596,3099,2204,1722,1366,11398,1,1,1,1
23.9000,3522,1,1,40610,0,77666,0.522887,12,211,211,211,71221,28.52676,0.00477,2.37645,0.00998,1,1,2,1.010051,1.000000,2.137530,-0.555018,-0.555015,14.405092,357,0.038529,0.004877,32292,13141,7248,4556,3157,2352,1750,1386,11783,1,1,1,1
22.3500,3523,1,1,38941,1,74634,0.521767,2,3,6,47,148412,27.44793,0.00457,2.36911,0.01138,0,1,3,2.365518,1.828788,1.828788,-0.020281,-0.020037,14.941348,5817,0.001341,0.076599,31012,12673,6971,4329,3094,2219,1690,1304,11341,1,1,1,1
22.4000,3523,1,1,39065,1,74710,0.522896,1,5,271,271,467464,27.48256,0.00457,2.36911,0.01138,0,1,3,1.804549,1.328963,1.328963,-0.037544,-0.037376,14.923914,5641,0.002504,0.074368,31057,12633,7019,4340,3059,2234,1690,1319,11358,1,1,1,1
23.0000,3523,1,1,39435,1,75899,0.519579,1,4,24,224,468450,27.89848,0.00457,2.36911,0.01138,0,0,3,2.531569,1.908953,1.908953,-0.245565,-0.245302,14.715785,3527,0.016669,0.047156,31539,13090,7068,4438,2983,2162,1689,1377,11552,1,1,1,1
23.9000,3523,1,1,40540,0,77689,0.521831,14,3,14,106,189275,28.52218,0.00457,2.36911,0.01138,1,1,2,1.406408,1.000000,1.672618,-0.557392,-0.557296,14.403950,361,0.038690,0.004931,32284,13139,7300,4543,3158,2366,1757,1360,11781,1,1,1,1
22.3500,3524,1,1,38916,0,74618,0.521543,1,22,22,22,54322,27.45582,0.00592,2.37459,0.00997,1,1,2,1.198747,1.000000,5.032144,-0.015733,-0.015681,14.945257,5819,0.001049,0.076583,31087,12568,6936,4403,3052,2259,1609,1349,11354,1,1,1,1
22.4000,3524,1,1,38754,0,74448,0.520558,1,5,6,120,292044,27.49044,0.00592,2.37459,0.00997,1,1,2,1.170232,1.000000,1.277402,-0.032840,-0.032795,14.928570,5643,0.002197,0.074350,30779,12807,6905,4426,3025,2161,1661,1281,11402,1,1,1,1
23.0000,3524,1,1,39391,1,75914,0.518897,1,8,14,229,187325,27.90645,0.00592,2.37459,0.00997,0,1,3,6.255111,4.548932,4.548932,-0.241030,-0.240510,14.720894,3528,0.016338,0.047139,31445,12863,7114,4454,3132,2316,1693,1359,11537,1,1,1,1
23.9000,3524,1,1,40336,0,77435,0.520908,1,8,60,596,140309,28.53016,0.00592,2.37459,0.00997,1,0,2,1.215320,1.000000,2.201319,-0.552784,-0.552729,14.408621,357,0.038361,0.004873,32202,13121,7106,4502,3198,2300,1707,1428,11870,1,1,1,1
22.3500,3525,1,1,38921,1,74574,0.521918,1,5,7,63,136571,27.45783,0.00496,2.37464,0.01111,0,0,3,2.102768,1.673722,1.673722,-0.014985,-0.014774,14.946237,5818,0.000989,0.076543,30903,12721,6925,4490,3048,2182,1673,1322,11309,1,1,1,1
22.4000,3525,1,1,39112,0,74962,0.521765,2,36,36,36,497853,27.49264,0.00496,2.37464,0.01111,1,0,2,1.064392,1.000000,2.480519,-0.032442,-0.032425,14.928971,5640,0.002172,0.074287,31260,12847,6932,4476,3006,2173,1641,1297,11329,1,1,1,1
23.0000,3525,1,1,39517,1,76258,0.518208,7,5,26,183,5414443,27.90852,0.00496,2.37464,0.01111,0,1,3,2.842536,2.395301,2.395301,-0.240381,-0.240085,14.721317,3525,0.016309,0.047085,31741,13047,6965,4519,3079,2252,1717,1369,11568,1,1,1,1
23.9000,3525,1,1,40492,0,77516,0.522376,1,2,7,38,105659,28.53226,0.00496,2.37464,0.01111,1,0,3,1.306294,1.000000,1.192560,-0.552141,-0.552065,14.409251,353,0.038313,0.004817,32020,13206,7172,4621,3170,2300,1794,1411,11821,1,1,1,1
22.3500,3526,1,1,38784,0,74493,0.520647,1,2,10,13,70545,27.45176,0.00649,2.36158,0.01238,1,0,3,1.306729,1.000000,1.166265,-0.017325,-0.017250,14.944067,5826,0.001154,0.076638,30942,12700,6859,4283,3015,2254,1713,1312,11414,1,1,1,1
22.4000,3526,1,1,39037,1,74804,0.521864,2,6,46,46,121327,27.48636,0.00649,2.36158,0.01238,0,0,3,2.689529,2.326782,2.326782,-0.034728,-0.034447,14.926425,5646,0.002308,0.074358,30981,12702,7066,4478,3114,2149,1811,1318,11184,1,1,1,1
23.0000,3526,1,1,39352,0,75855,0.518786,3,1,42,74,108506,27.90232,0.00649,2.36158,0.01238,1,1,3,1.402309,1.000000,1.192774,-0.242608,-0.242512,14.718741,3530,0.016476,0.047146,31564,12732,7057,4528,3107,2206,1695,1341,11624,1,1,1,1
23.9000,3526,1,1,40162,0,77267,0.519789,4,5,41,109,256362,28.52608,0.00649,2.36158,0.01238,1,1,2,1.292757,1.000000,1.987236,-0.554564,-0.554491,14.406831,357,0.038488,0.004871,31874,13149,7150,4529,3222,2314,1762,1386,11880,1,1,1,1
22.3500,3527,1,1,38845,1,74552,0.521053,1,1,2,29,709309,27.45571,0.00572,2.37044,0.01139,0,1,3,1.505406,1.083576,1.083576,-0.015665,-0.015549,14.945719,5822,0.001040,0.076555,31090,12540,6839,4544,2937,2274,1638,1391,11298,1,1,1,1
22.4000,3527,1,1,39020,0,74713,0.522272,1,1,38,124,234541,27.49029,0.00572,2.37044,0.01139,1,0,3,1.407641,1.000000,1.199737,-0.032966,-0.032870,14.928375,5646,0.002202,0.074327,30888,12887,6880,4363,3066,2177,1730,1371,11350,1,1,1,1
23.0000,3527,1,1,39330,0,75702,0.519544,1,261,261,261,58791,27.90634,0.00572,2.37044,0.01139,1,1,2,1.051696,1.000000,13.923617,-0.241344,-0.241329,14.719239,3540,0.016395,0.047265,31411,12815,6951,4373,2999,2362,1788,1384,11618,1,1,1,1
23.9000,3527,1,1,40287,1,77924,0.517010,5,39,39,96,23755,28.53011,0.00572,2.37044,0.01139,0,0,3,1.669346,1.496654,1.496654,-0.552914,-0.552768,14.408021,355,0.038365,0.004842,32332,13283,7313,4571,3169,2309,1686,1458,11802,1,1,1,1
22.3500,3528,1,1,38844,0,74476,0.521571,3,4,65,141,169036,27.46015,0.00476,2.37557,0.01009,1,1,2,1.413366,1.000000,2.333936,-0.013964,-0.013866,14.947362,5826,0.000928,0.076578,30958,12599,6888,4415,3017,2212,1645,1382,11359,1,1,1,1
22.4000,3528,1,1,38897,1,74843,0.519722,12,2,12,43,1489154,27.49492,0.00476,2.37557,0.01009,0,1,3,1.454374,1.153733,1.153733,-0.031250,-0.031144,14.929375,5649,0.002086,0.074341,31195,12592,6983,4397,3084,2227,1662,1309,11393,1,1,1,1
23.0000,3528,1,1,39493,1,75656,0.522014,1,22,22,34,135221,27.91085,0.00476,2.37557,0.01009,0,1,3,12.159248,10.208427,10.208427,-0.239525,-0.238816,14.721663,3535,0.016222,0.047177,31208,12977,6990,4366,3059,2312,1720,1432,11591,1,1,1,1
23.9000,3528,1,1,40475,1,77793,0.520298,2,118,118,217,185082,28.53464,0.00476,2.37557,0.01009,0,0,3,2.281773,1.877456,1.877456,-0.551177,-0.550943,14.410018,357,0.038233,0.004867,32429,13126,7213,4666,3074,2302,1792,1401,11789,1,1,1,1
22.3500,3529,1,1,38862,0,74543,0.521344,1,7,11,23,119530,27.46242,0.00495,2.38129,0.00999,1,1,2,1.318258,1.000000,3.284073,-0.012903,-0.012825,14.948486,5823,0.000858,0.076511,30793,12681,6891,4476,3129,2206,1717,1393,11256,1,1,1,1
22.4000,3529,1,1,38885,1,74703,0.520535,1,22,46,92,887692,27.49699,0.00495,2.38129,0.00999,0,1,3,5.981791,5.308971,5.308971,-0.030257,-0.029750,14.931628,5647,0.001992,0.074282,31005,12664,6995,4395,3059,2195,1714,1357,11318,1,1,1,1
23.0000,3529,1,1,39668,0,75698,0.524037,1,26,26,144,560145,27.91300,0.00495,2.38129,0.00999,1,1,2,1.390470,1.000000,12.841820,-0.238386,-0.238292,14.722868,3529,0.016185,0.047080,31346,12812,7201,4440,2911,2245,1689,1413,11640,1,1,1,1
23.9000,3529,1,1,40728,0,78002,0.522147,3,2,3,39,65547,28.53681,0.00495,2.38129,0.00999,1,1,2,1.410702,1.000000,1.411736,-0.549979,-0.549882,14.411356,353,0.038156,0.004811,32346,13347,7252,4600,3175,2301,1798,1461,11721,1,1,1,1
22.3500,3530,1,1,38922,0,74634,0.521512,1,4,12,84,32450,27.46461,0.00495,2.37668,0.00999,1,0,2,1.229928,1.000000,1.419701,-0.011625,-0.011566,14.949779,5825,0.000774,0.076509,30754,12861,6887,4473,3103,2196,1677,1333,11349,1,1,1,1
22.4000,3530,1,1,38998,0,74826,0.521189,1,54,54,54,53395,27.49936,0.00495,2.37668,0.00999,1,1,2,1.413133,1.000000,27.338408,-0.029423,-0.029325,14.931882,5650,0.001964,0.074299,31120,12691,6999,4437,3047,2230,1666,1332,11303,1,1,1,1
23.0000,3530,1,1,39608,0,76058,0.520767,1,12,13,241,511521,27.91525,0.00495,2.37668,0.00999,1,1,2,1.408713,1.000000,6.627893,-0.237166,-0.237069,14.724173,3530,0.016101,0.047075,31561,12989,7082,4531,3084,2248,1730,1319,11513,1,1,1,1
23.9000,3530,1,1,40310,0,77604,0.519439,3,12,12,243,45843,28.53908,0.00495,2.37668,0.00999,1,1,2,1.134376,1.000000,1.785355,-0.548896,-0.548860,14.411971,353,0.038084,0.004810,32266,13067,7190,4538,3185,2334,1739,1356,11928,1,1,1,1
22.3500,3531,1,1,38781,1,74230,0.522451,6,6,67,343,32502,27.45924,0.00436,2.37270,0.01249,0,1,3,2.561133,2.288337,2.288337,-0.014604,-0.014338,14.946237,5831,0.000959,0.076584,30598,12402,6973,4463,3077,2201,1709,1343,11463,1,1,1,1
22.4000,3531,1,1,39005,1,74694,0.522204,2,30,30,30,146338,27.49398,0.00436,2.37270,0.01249,0,1,3,21.368441,15.488943,15.488943,-0.032248,-0.031381,14.930028,5655,0.002102,0.074353,30980,12712,6929,4371,3041,2251,1711,1298,11400,1,1,1,1
23.0000,3531,1,1,39394,0,75653,0.520726,5,4,5,41,88827,27.90995,0.00436,2.37270,0.01249,1,1,2,1.268082,1.000000,1.557786,-0.239903,-0.239836,14.721190,3535,0.016292,0.047138,31334,12803,7096,4530,2921,2264,1696,1337,11671,1,1,1,1
23.9000,3531,1,1,40733,1,78013,0.522138,2,148,148,148,885261,28.53360,0.00436,2.37270,0.01249,0,1,3,16.128335,15.426463,15.426463,-0.552059,-0.551271,14.410131,358,0.038256,0.004877,32498,13060,7263,4611,3256,2335,1771,1436,11782,1,1,1,1
22.3500,3532,1,1,38993,1,74714,0.521904,2,2,25,37,4556657,27.46950,0.00456,2.38351,0.01004,0,1,3,1.711360,1.302547,1.302547,-0.009419,-0.009267,14.951636,5835,0.000620,0.076587,30984,12667,7006,4496,3065,2215,1687,1333,11260,1,1,1,1
22.4000,3532,1,1,39286,0,74937,0.524261,1,30,66,66,66130,27.50404,0.00456,2.38351,0.01004,1,1,2,1.050700,1.000000,1.659518,-0.026723,-0.026709,14.933855,5656,0.001789,0.074326,31047,12946,7040,4422,3035,2171,1608,1303,11364,1,1,1,1
23.0000,3532,1,1,39304,0,75617,0.519784,3,92,92,178,66933,27.92009,0.00456,2.38351,0.01004,1,1,2,1.352207,1.000000,38.600103,-0.235194,-0.235109,14.726185,3536,0.015965,0.047122,31416,12633,7032,4491,3043,2304,1752,1318,11627,1,1,1,1
23.9000,3532,1,1,40568,0,77920,0.520643,5,61,61,61,51471,28.54376,0.00456,2.38351,0.01004,1,0,2,1.074674,1.000000,4.777124,-0.546736,-0.546716,14.414678,359,0.037928,0.004888,32307,13184,7413,4547,3163,2304,1763,1385,11853,1,1,1,1
22.3500,3533,1,1,38657,1,74676,0.517670,17,29,717,717,124117,27.47195,0.00475,2.38686,0.00958,0,1,3,13.141829,11.805264,11.805264,-0.008344,-0.007614,14.952238,5831,0.000509,0.076510,30854,12831,6925,4419,3040,2214,1687,1270,11435,1,1,1,1
22.4000,3533,1,1,38921,1,74830,0.520133,1,16,16,134,6968359,27.50668,0.00475,2.38686,0.00958,0,0,3,2.672479,2.179082,2.179082,-0.025466,-0.025188,14.935789,5653,0.001686,0.074256,30927,12823,6958,4478,3102,2218,1712,1356,11255,1,1,1,1
23.0000,3533,1,1,39655,1,76253,0.520052,2,1423,1423,1423,479801,27.92260,0.00475,2.38686,0.00958,0,1,3,33.089373,32.940369,32.940369,-0.233816,-0.232825,14.728588,3533,0.015808,0.047061,31668,13056,7238,4376,3103,2304,1783,1347,11377,1,1,1,1
23.9000,3533,1,1,40421,1,77695,0.520259,3,662,662,662,98730,28.54630,0.00475,2.38686,0.00958,0,1,3,93.272988,92.115400,92.115400,-0.545809,-0.544525,14.415242,354,0.037774,0.004818,32201,13230,7250,4507,3176,2282,1737,1345,11966,1,1,1,1
22.3500,3534,1,1,38623,1,74485,0.518541,1,2,10,1101,257891,27.46863,0.00455,2.38026,0.00963,0,1,3,1.946533,1.436662,1.436662,-0.009734,-0.009545,14.951827,5837,0.000638,0.076569,30923,12539,6837,4423,3039,2237,1759,1282,11445,1,1,1,1
22.4000,3534,1,1,38745,1,74559,0.519663,1,4,11,11,101796,27.50335,0.00455,2.38026,0.00963,0,1,3,1.841343,1.704100,1.704100,-0.027112,-0.026940,14.934462,5657,0.001804,0.074294,31050,12506,6900,4355,2994,2256,1656,1399,11442,1,1,1,1
23.0000,3534,1,1,39562,0,76247,0.518873,3,2,3,46,13404569,27.91935,0.00455,2.38026,0.00963,1,0,3,1.366561,1.000000,1.390494,-0.235081,-0.234993,14.726293,3536,0.015957,0.047095,31714,12972,7103,4583,3115,2246,1760,1322,11431,1,1,1,1
23.9000,3534,1,1,40545,1,77777,0.521305,4,48,48,76,483250,28.54307,0.00455,2.38026,0.00963,0,1,3,7.708456,7.440161,7.440161,-0.547185,-0.546607,14.413791,356,0.037923,0.004844,32296,13137,7137,4618,3158,2336,1780,1442,11872,1,1,1,1
22.3500,3535,1,1,39112,0,74949,0.521855,7,2,14,307,428988,27.46181,0.00640,2.37695,0.01134,1,1,3,1.380722,1.000000,1.158921,-0.012305,-0.012214,14.948934,5833,0.000817,0.076510,31369,12595,7005,4353,2995,2227,1714,1321,11369,1,1,1,1
22.4000,3535,1,1,38940,0,74833,0.520366,8,243,243,243,48023,27.49652,0.00640,2.37695,0.01134,1,0,2,1.047630,1.000000,11.894687,-0.030001,-0.029988,14.931413,5656,0.002008,0.074275,31097,12598,7020,4380,3188,2195,1631,1351,11372,1,1,1,1
23.0000,3535,1,1,39495,1,75755,0.521359,1,26,26,132,313145,27.91241,0.00640,2.37695,0.01134,0,1,3,17.390681,13.287933,13.287933,-0.237961,-0.237153,14.723361,3535,0.016107,0.047078,31248,12958,7108,4498,3058,2316,1659,1422,11487,1,1,1,1
23.9000,3535,1,1,40649,1,78071,0.520674,1,9,34,34,122281,28.53614,0.00640,2.37695,0.01134,0,0,3,3.375851,2.881376,2.881376,-0.549612,-0.549268,14.411633,354,0.038113,0.004816,32405,13408,7171,4581,3206,2361,1761,1341,11836,1,1,1,1
22.3500,3536,1,1,39010,0,74656,0.522537,1,9,14,23,566932,27.46669,0.00475,2.37872,0.01029,1,1,2,1.293597,1.000000,3.337747,-0.010788,-0.010716,14.950339,5841,0.000717,0.076586,31029,12621,6849,4519,3000,2193,1720,1347,11377,1,1,1,1
22.4000,3536,1,1,39264,0,74730,0.525419,2,6,6,15,33699,27.50138,0.00475,2.37872,0.01029,1,1,2,1.172876,1.000000,1.412767,-0.028007,-0.027962,14.932940,5662,0.001873,0.074325,30873,12680,6968,4466,3144,2174,1675,1381,11368,1,1,1,1
23.0000,3536,1,1,39923,1,76350,0.522901,1,4,35,621,235460,27.91735,0.00475,2.37872,0.01029,0,0,3,2.066600,1.512619,1.512619,-0.236005,-0.235800,14.725331,3542,0.016013,0.047152,31900,12855,7132,4487,3109,2266,1679,1316,11605,1,1,1,1
23.9000,3536,1,1,40584,0,77737,0.522075,16,3,16,60,46279,28.54110,0.00475,2.37872,0.01029,1,1,3,1.255148,1.000000,1.075844,-0.547833,-0.547769,14.413243,359,0.038005,0.004883,32171,13194,7293,4590,3163,2240,1694,1430,11961,1,1,1,1
22.3500,3537,1,1,38889,1,74627,0.521119,1,1,16,29,222097,27.46909,0.00494,2.37976,0.00987,0,0,3,1.559948,1.198228,1.198228,-0.009268,-0.009143,14.951920,5837,0.000611,0.076504,31162,12386,6932,4372,3019,2323,1678,1305,11449,1,1,1,1
22.4000,3537,1,1,38898,0,74896,0.519367,2,5,68,68,2307885,27.50378,0.00494,2.37976,0.00987,1,0,3,1.176633,1.000000,1.183750,-0.026616,-0.026570,14.934794,5660,0.001779,0.074269,30993,12871,6821,4347,3110,2251,1759,1344,11399,1,1,1,1
23.0000,3537,1,1,39680,0,76145,0.521118,1,4,44,44,70320,27.91982,0.00494,2.37976,0.00987,1,1,2,1.411868,1.000000,2.540518,-0.234747,-0.234649,14.726553,3537,0.015934,0.047068,31825,12798,7101,4441,3088,2184,1697,1356,11654,1,1,1,1
23.9000,3537,1,1,40613,1,77965,0.520920,1,30,30,392,304460,28.54360,0.00494,2.37976,0.00987,0,0,3,6.045148,5.283930,5.283930,-0.546738,-0.546229,14.414623,355,0.037894,0.004826,32318,13242,7418,4510,3220,2283,1725,1324,11924,1,1,1,1
22.3500,3538,1,1,39059,1,74818,0.522060,1,2,101,153,65530,27.47251,0.00494,2.37656,0.00882,0,1,3,2.241010,1.627540,1.627540,-0.007733,-0.007505,14.953883,5844,0.000502,0.076564,30981,12723,6880,4346,3115,2315,1691,1373,11393,1,1,1,1
22.4000,3538,1,1,39348,0,75161,0.523523,1,2,47,47,310412,27.50719,0.00494,2.37656,0.00882,1,0,3,1.221660,1.000000,1.004834,-0.024990,-0.024933,14.936416,5661,0.001669,0.074253,31183,12928,7001,4464,3018,2233,1646,1420,11267,1,1,1,1
23.0000,3538,1,1,39682,0,76177,0.520925,1,11,66,670,1291585,27.92312,0.00494,2.37656,0.00882,1,1,2,1.412282,1.000000,5.856774,-0.233218,-0.233120,14.728114,3538,0.015828,0.047063,31480,13157,7057,4567,3027,2334,1737,1337,11480,1,1,1,1
23.9000,3538,1,1,40669,1,78025,0.521237,9,13,13,14,578304,28.54691,0.00494,2.37656,0.00882,0,1,3,6.745592,5.751178,5.751178,-0.545112,-0.544572,14.416825,355,0.037773,0.004824,32336,13361,7242,4634,3183,2272,1705,1367,11924,1,1,1,1
22.3500,3539,1,1,38912,0,74772,0.520416,1,2,81,147,613103,27.46838,0.00474,2.37835,0.00969,1,0,2,1.403423,1.000000,1.599987,-0.009821,-0.009725,14.951527,5840,0.000650,0.076502,31135,12559,6931,4381,3045,2175,1718,1344,11483,1,1,1,1
22.4000,3539,1,1,39189,1,75116,0.521720,1,2,29,29,460834,27.50305,0.00474,2.37835,0.00969,0,1,3,1.921572,1.464617,1.464617,-0.027145,-0.026961,14.934005,5663,0.001805,0.074270,31096,12779,7109,4490,3026,2315,1725,1347,11228,1,1,1,1
23.0000,3539,1,1,39783,1,76304,0.521382,4,2,261,261,616621,27.91906,0.00474,2.37835,0.00969,0,1,3,2.122972,1.558789,1.558789,-0.235160,-0.234947,14.725776,3545,0.015955,0.047150,31602,13085,7026,4560,3098,2263,1702,1334,11633,1,1,1,1
23.9000,3539,1,1,40948,0,78397,0.522323,1,33,33,156,105994,28.54287,0.00474,2.37835,0.00969,1,1,2,1.247261,1.000000,9.466347,-0.547322,-0.547260,14.414081,354,0.037967,0.004810,32555,13392,7221,4681,3232,2324,1822,1370,11799,1,1,1,1
22.3500,3540,1,1,39119,1,74665,0.523934,1,2,19,187,313011,27.46525,0.00494,2.37914,0.00936,0,1,3,1.399706,1.013680,1.013680,-0.011352,-0.011257,14.950019,5841,0.000753,0.076501,30872,12624,6944,4433,3111,2239,1637,1286,11518,1,1,1,1
22.4000,3540,1,1,39262,0,74955,0.523815,1,3,3,20,105077,27.49991,0.00494,2.37914,0.00936,1,0,2,1.331736,1.000000,1.593436,-0.028750,-0.028669,14.932637,5664,0.001920,0.074269,30989,12800,6962,4429,3051,2273,1734,1376,11340,1,1,1,1
23.0000,3540,1,1,39994,0,76518,0.522681,1,2,4,57,130720,27.91580,0.00494,2.37914,0.00936,1,1,3,1.364946,1.000000,1.332500,-0.236662,-0.236574,14.724556,3540,0.016067,0.047074,32001,12977,7062,4524,3095,2205,1743,1351,11559,1,1,1,1
23.9000,3540,1,1,40498,0,77835,0.520312,1,24,24,52,167964,28.53963,0.00494,2.37914,0.00936,1,1,2,1.097623,1.000000,2.560019,-0.548677,-0.548651,14.412096,355,0.038069,0.004823,32272,13465,7130,4488,3176,2243,1716,1425,11919,1,1,1,1
22.3500,3541,1,1,39324,0,74946,0.524705,1,1,63,63,159360,27.45250,0.00694,2.37086,0.01666,1,0,2,1.413718,1.000000,1.513819,-0.016718,-0.016620,14.944606,5842,0.001112,0.076520,31158,12781,6795,4380,3096,2242,1787,1321,11385,1,1,1,1
22.4000,3541,1,1,39110,0,75070,0.520987,4,4,9,114,59305,27.48714,0.00694,2.37086,0.01666,1,1,2,1.314557,1.000000,1.817169,-0.034068,-0.033990,14.927324,5663,0.002277,0.074262,31309,12705,6937,4393,3033,2209,1709,1343,11431,1,1,1,1
23.0000,3541,1,1,39705,1,76204,0.521042,2,60,60,569,57268,27.90311,0.00694,2.37086,0.01666,0,1,3,19.118098,18.008218,18.008218,-0.242380,-0.241547,14.719865,3537,0.016410,0.047036,31563,12889,7286,4416,3131,2253,1765,1382,11518,1,1,1,1
23.9000,3541,1,1,40751,1,78216,0.521013,1,3,32,44,88736,28.52677,0.00694,2.37086,0.01666,0,0,3,2.238452,1.669500,1.669500,-0.553872,-0.553645,14.407459,353,0.038428,0.004796,32409,13413,7291,4542,3197,2336,1779,1419,11829,1,1,1,1
22.3500,3542,1,1,38998,0,74607,0.522719,1,1,7,53,122480,27.45926,0.00724,2.37599,0.01177,1,0,3,1.414157,1.000000,1.006109,-0.013062,-0.012964,14.948253,5852,0.000867,0.076611,30810,12649,6981,4433,3067,2252,1739,1353,11322,1,1,1,1
22.4000,3542,1,1,39216,0,75008,0.522831,1,159,159,504,101578,27.49390,0.00724,2.37599,0.01177,1,1,2,1.022154,1.000000,3.599677,-0.030564,-0.030558,14.929779,5678,0.002047,0.074425,31217,12672,6984,4431,3080,2234,1661,1372,11356,1,1,1,1
23.0000,3542,1,1,39841,1,76497,0.520825,1,324,324,324,716566,27.90994,0.00724,2.37599,0.01177,0,1,3,119.509651,110.800865,110.800865,-0.239070,-0.237720,14.722273,3548,0.016147,0.047161,31730,13119,7140,4562,3023,2324,1747,1354,11497,1,1,1,1
23.9000,3542,1,1,40710,0,78114,0.521168,6,12,12,64,168516,28.53362,0.00724,2.37599,0.01177,1,1,2,1.323232,1.000000,4.825195,-0.550466,-0.550387,14.410923,362,0.038192,0.004916,32374,13286,7231,4681,3290,2355,1756,1362,11778,1,1,1,1
22.3500,3543,1,1,39144,0,75054,0.521551,1,1,35,35,225832,27.45887,0.00601,2.37015,0.01014,1,1,3,1.390693,1.000000,1.099948,-0.014015,-0.013922,14.947240,5854,0.000931,0.076621,31253,12859,6847,4407,3090,2245,1696,1289,11367,1,1,1,1
22.4000,3543,1,1,39098,0,74912,0.521926,9,2,11,192,142044,27.49349,0.00601,2.37015,0.01014,1,1,3,1.366913,1.000000,1.187484,-0.031328,-0.031240,14.930046,5674,0.002092,0.074350,30974,12689,7037,4467,3020,2247,1737,1331,11409,1,1,1,1
23.0000,3543,1,1,39647,1,76386,0.519042,2,3,7,74,3668880,27.90942,0.00601,2.37015,0.01014,0,1,3,1.575151,1.113803,1.038768,-0.239272,-0.239144,14.722077,3548,0.016244,0.047149,31995,12811,7093,4520,3041,2334,1702,1286,11603,1,1,1,1
23.9000,3543,1,1,40680,0,78275,0.519713,19,4,19,19,70466,28.53312,0.00601,2.37015,0.01014,1,1,3,1.121063,1.000000,1.023416,-0.551124,-0.551091,14.410297,361,0.038243,0.004901,32375,13444,7272,4606,3151,2398,1815,1384,11829,1,1,1,1
22.3500,3544,1,1,39055,1,75346,0.518349,1,67,67,67,23285,27.45400,0.00621,2.36228,0.01136,0,1,3,16.390215,15.504447,15.504447,-0.016655,-0.015866,14.944611,5855,0.001062,0.076626,31442,12697,7040,4508,3005,2240,1696,1396,11321,1,1,1,1
22.4000,3544,1,1,38921,1,74825,0.520167,1,101,101,101,74087,27.48862,0.00621,2.36228,0.01136,0,1,3,65.406679,50.246224,50.246224,-0.034130,-0.032951,14.927189,5677,0.002207,0.074383,30750,12949,6948,4388,3068,2246,1660,1416,11399,1,1,1,1
23.0000,3544,1,1,39592,0,75998,0.520968,2,6,24,56,219353,27.90462,0.00621,2.36228,0.01136,1,1,2,1.316140,1.000000,2.721574,-0.241721,-0.241644,14.719435,3550,0.016417,0.047170,31326,13007,7052,4638,3062,2292,1751,1315,11554,1,1,1,1
23.9000,3544,1,1,40916,0,78407,0.521848,51,7,51,86,142011,28.52834,0.00621,2.36228,0.01136,1,1,2,1.396729,1.000000,3.641695,-0.553619,-0.553525,14.407736,361,0.038419,0.004901,32626,13209,7239,4674,3221,2338,1756,1455,11888,1,1,1,1
22.3500,3545,1,1,39100,0,74792,0.522790,1,18978,18978,18978,795182,27.45721,0.00640,2.36659,0.01013,1,1,2,1.000059,1.000000,1.139955,-0.014515,-0.014515,14.946901,5852,0.000971,0.076553,31020,12591,6974,4423,2990,2202,1717,1362,11512,1,1,1,1
22.4000,3545,1,1,39108,0,74950,0.521795,1,13,28,28,1581361,27.49201,0.00640,2.36659,0.01013,1,1,2,1.379350,1.000000,6.555855,-0.032166,-0.032075,14.929072,5674,0.002149,0.074313,31134,12633,6927,4418,3059,2309,1745,1315,11409,1,1,1,1
23.0000,3545,1,1,39837,1,76302,0.522103,3,1,6,100,212256,27.90790,0.00640,2.36659,0.01013,0,1,3,1.447648,1.023643,1.023643,-0.239846,-0.239741,14.721479,3548,0.016285,0.047124,31790,12828,7157,4581,3127,2191,1740,1335,11552,1,1,1,1
23.9000,3545,1,1,40593,1,78295,0.518469,3,643,643,643,62190,28.53164,0.00640,2.36659,0.01013,0,1,3,7.293648,6.551815,6.517569,-0.551977,-0.551416,14.409967,358,0.038266,0.004858,32726,13266,7272,4502,3248,2303,1765,1412,11800,1,1,1,1
22.3500,3546,1,1,38840,0,74831,0.519043,1,1,125,125,754190,27.45123,0.00640,2.36333,0.01286,1,0,3,1.333965,1.000000,1.039261,-0.017621,-0.017540,14.943766,5853,0.001174,0.076561,31080,12604,6916,4420,3076,2194,1743,1398,11399,1,1,1,1
22.4000,3546,1,1,39119,1,75086,0.520996,1,2,3,131,148142,27.48583,0.00640,2.36333,0.01286,0,0,3,1.988498,1.497763,1.497763,-0.034973,-0.034779,14.926312,5676,0.002330,0.074332,31034,12719,6992,4463,3177,2261,1642,1368,11429,1,1,1,1
23.0000,3546,1,1,39938,0,76622,0.521241,3,3,13,128,97919,27.90179,0.00640,2.36333,0.01286,1,1,2,1.414086,1.000000,1.850745,-0.242983,-0.242885,14.718339,3549,0.016502,0.047134,31782,13036,7177,4671,3182,2186,1686,1442,11459,1,1,1,1
23.9000,3546,1,1,40816,0,78283,0.521397,2,10,10,131,177695,28.52555,0.00640,2.36333,0.01286,1,1,2,1.403885,1.000000,5.261341,-0.555011,-0.554915,14.406268,357,0.038519,0.004844,32401,13419,7289,4628,3200,2271,1792,1394,11888,1,1,1,1
22.3500,3547,1,1,39250,0,75064,0.522894,1,8,8,36,51511,27.45543,0.00601,2.36762,0.01122,1,1,3,1.101655,1.000000,1.015673,-0.015635,-0.015608,14.945779,5857,0.001044,0.076581,31217,12678,6959,4401,3072,2292,1675,1402,11367,1,1,1,1
22.4000,3547,1,1,39089,1,74980,0.521333,1,1,17,126,483365,27.49002,0.00601,2.36762,0.01122,0,0,3,1.588757,1.200741,1.200741,-0.032956,-0.032826,14.928261,5680,0.002199,0.074354,31035,12679,6887,4469,3096,2316,1699,1377,11421,1,1,1,1
23.0000,3547,1,1,39684,0,76091,0.521540,1,1,42,258,190821,27.90607,0.00601,2.36762,0.01122,1,1,3,1.400339,1.000000,1.170768,-0.240977,-0.240882,14.720295,3551,0.016364,0.047141,31533,13043,7027,4446,3076,2278,1737,1324,11626,1,1,1,1
23.9000,3547,1,1,40751,1,78199,0.521126,1,4,72,98,188659,28.52984,0.00601,2.36762,0.01122,0,1,3,2.082948,1.584194,1.584194,-0.552910,-0.552703,14.408611,360,0.038359,0.004883,32614,13273,7234,4594,3064,2364,1688,1440,11927,1,1,1,1
22.3500,3548,1,1,39039,1,74881,0.521354,3,6271,6271,6271,96683,27.45501,0.00989,2.37090,0.00993,0,1,3,697.050080,692.050493,692.050493,-0.014762,-0.012916,14.948499,5859,0.000864,0.076572,31024,12647,7009,4389,3085,2267,1711,1299,11449,1,1,1,1
22.4000,3548,1,1,39444,0,75324,0.523665,2,3,56,123,36270,27.48979,0.00989,2.37090,0.00993,1,0,3,1.252254,1.000000,1.254394,-0.031259,-0.031195,14.930144,5681,0.002089,0.074337,31324,12873,6935,4462,3012,2286,1707,1371,11353,1,1,1,1
23.0000,3548,1,1,39757,1,76250,0.521410,5,7,9,76,97059,27.90571,0.00989,2.37090,0.00993,0,0,3,1.520388,1.344051,1.344051,-0.239232,-0.239114,14.721715,3552,0.016242,0.047136,31721,12941,7081,4548,3053,2237,1697,1364,11607,1,1,1,1
23.9000,3548,1,1,40444,0,78251,0.516856,2,4,4,662,981762,28.52951,0.00989,2.37090,0.00993,1,0,2,1.312677,1.000000,1.729745,-0.551162,-0.551085,14.410230,359,0.038243,0.004867,32443,13374,7215,4628,3267,2388,1786,1409,11740,1,1,1,1
22.3500,3549,1,1,39311,1,75637,0.519739,1,2,41,95,74319,27.45240,0.00639,2.37541,0.01279,0,1,3,1.829665,1.475657,1.475657,-0.017074,-0.016904,14.944440,5856,0.001131,0.076532,31471,12973,7022,4472,3031,2228,1753,1378,11308,1,1,1,1
22.4000,3549,1,1,39460,0,75458,0.522947,1,8,120,120,73052,27.48697,0.00639,2.37541,0.01279,1,1,3,1.092895,1.000000,1.033690,-0.034295,-0.034270,14.926466,5679,0.002296,0.074308,31343,12941,7030,4500,3022,2248,1699,1354,11320,1,1,1,1
23.0000,3549,1,1,40048,0,76671,0.522343,6,7,15,917,198351,27.90297,0.00639,2.37541,0.01279,1,0,2,1.211311,1.000000,1.917478,-0.242401,-0.242347,14.719006,3550,0.016465,0.047105,31763,13173,7285,4471,3076,2263,1739,1381,11519,1,1,1,1
23.9000,3549,1,1,40638,0,78161,0.519933,2,20,20,50,87131,28.52679,0.00639,2.37541,0.01279,1,0,2,1.148256,1.000000,3.265582,-0.554384,-0.554345,14.407028,355,0.038477,0.004813,32227,13429,7320,4692,3105,2367,1759,1411,11850,1,1,1,1
22.3500,3550,1,1,39036,0,74894,0.521224,7,23,305,305,49610,27.44703,0.01013,2.36951,0.01099,1,1,2,1.334308,1.000000,9.266005,-0.018088,-0.018007,14.943299,5861,0.001205,0.076581,31182,12577,7063,4371,3054,2180,1647,1335,11484,1,1,1,1
22.4000,3550,1,1,39043,1,74998,0.520594,1,2,21,85,298018,27.48178,0.01013,2.36951,0.01099,0,0,3,2.124640,1.636255,1.636255,-0.035215,-0.035003,14.926059,5682,0.002345,0.074328,31116,12715,6924,4359,3030,2274,1697,1351,11531,1,1,1,1
23.0000,3550,1,1,39510,0,76200,0.518511,1,6,28,189,725885,27.89767,0.01013,2.36951,0.01099,1,1,3,1.033657,1.000000,1.000665,-0.243094,-0.243085,14.717365,3552,0.016517,0.047124,31615,13025,6984,4483,3067,2309,1737,1361,11618,1,1,1,1
23.9000,3550,1,1,40762,0,78246,0.520953,1,3,6,395,131502,28.52150,0.01013,2.36951,0.01099,1,1,2,1.414050,1.000000,2.237113,-0.555122,-0.555025,14.406191,361,0.038527,0.004893,32631,13019,7382,4708,3218,2339,1747,1369,11832,1,1,1,1
22.3500,3551,1,1,38892,0,74584,0.521459,1,15,19,141,52151,27.44527,0.00619,2.36583,0.01323,1,1,2,1.404415,1.000000,8.207716,-0.020846,-0.020750,14.940502,5862,0.001389,0.076587,30723,12696,6994,4404,3023,2178,1741,1347,11477,1,1,1,1
22.4000,3551,1,1,39196,0,74959,0.522906,1,9,24,36,1086979,27.48002,0.00619,2.36583,0.01323,1,1,2,1.202672,1.000000,2.361781,-0.038043,-0.037991,14.922958,5682,0.002546,0.074323,31140,12785,6796,4458,3014,2205,1718,1374,11468,1,1,1,1
23.0000,3551,1,1,40082,0,76525,0.523783,1,2,2979,2979,83019,27.89598,0.00619,2.36583,0.01323,1,1,3,1.413814,1.000000,1.298569,-0.245938,-0.245840,14.715387,3551,0.016706,0.047104,31922,12793,7123,4518,3215,2266,1763,1347,11577,1,1,1,1
23.9000,3551,1,1,40863,1,78008,0.523838,2,9,23,23,58483,28.51964,0.00619,2.36583,0.01323,0,0,3,3.140786,2.787320,2.787320,-0.557877,-0.557554,14.403266,356,0.038710,0.004825,32215,13306,7227,4579,3227,2298,1720,1527,11908,1,1,1,1
22.3500,3552,1,1,39005,1,74911,0.520691,1,13,19,46,79563,27.44477,0.00639,2.36332,0.01030,0,1,3,1.255208,1.008057,1.008057,-0.020828,-0.020764,14.940578,5867,0.001390,0.076630,31070,12601,6948,4376,3138,2190,1771,1372,11444,1,1,1,1
22.4000,3552,1,1,39147,1,75052,0.521605,3,13,14,101,108926,27.47931,0.00639,2.36332,0.01030,0,1,3,8.508869,6.679119,6.679119,-0.038368,-0.037765,14.922596,5690,0.002531,0.074408,31148,12835,6906,4446,2990,2289,1663,1365,11409,1,1,1,1
23.0000,3552,1,1,39549,1,76469,0.517197,1,304,304,304,408838,27.89536,0.00639,2.36332,0.01030,0,1,3,161.805702,137.079688,137.079688,-0.246815,-0.245383,14.716032,3558,0.016675,0.047181,31719,13097,7037,4486,3069,2298,1755,1375,11632,1,1,1,1
23.9000,3552,1,1,40631,1,78297,0.518941,1,1,30,107,1379395,28.51903,0.00639,2.36332,0.01030,0,0,3,1.356793,1.101446,1.101446,-0.557962,-0.557876,14.403488,366,0.038732,0.004959,32405,13401,7313,4627,3199,2320,1745,1366,11920,1,1,1,1
22.3500,3553,1,1,38962,0,75167,0.518346,2,19,47,47,37412,27.45275,0.00658,2.37342,0.00991,1,1,2,1.181372,1.000000,3.882659,-0.016868,-0.016821,14.944098,5866,0.001126,0.076578,31080,12836,7093,4489,3047,2288,1674,1352,11307,1,1,1,1
22.4000,3553,1,1,39150,0,75087,0.521402,2,4,4,34,102535,27.48747,0.00658,2.37342,0.00991,1,0,3,1.220073,1.000000,1.151053,-0.034060,-0.034004,14.927347,5688,0.002278,0.074337,31105,12755,6963,4448,3007,2195,1683,1406,11524,1,1,1,1
23.0000,3553,1,1,39705,1,76568,0.518565,2,2,11,187,889308,27.90340,0.00658,2.37342,0.00991,0,1,3,1.260305,1.159409,1.159409,-0.242012,-0.241947,14.719451,3556,0.016437,0.047130,31852,12985,7225,4508,3188,2261,1736,1313,11499,1,1,1,1
23.9000,3553,1,1,40870,0,78474,0.520816,41,20,41,50,144011,28.52710,0.00658,2.37342,0.00991,1,0,2,1.082690,1.000000,1.761559,-0.553931,-0.553909,14.407484,358,0.038446,0.004848,32928,13134,7363,4645,3142,2248,1643,1371,11999,1,1,1,1
22.3500,3554,1,1,39252,0,75257,0.521580,1,119,120,120,81973,27.45319,0.00975,2.38092,0.01408,1,1,2,1.103738,1.000000,13.124386,-0.015164,-0.015136,14.945631,5867,0.001013,0.076561,31260,12740,7075,4487,3082,2265,1738,1301,11308,1,1,1,1
22.4000,3554,1,1,38867,1,74963,0.518489,1,2,9,51,96680,27.48790,0.00975,2.38092,0.01408,0,1,3,1.707318,1.438608,1.438608,-0.032204,-0.032053,14.929308,5689,0.002147,0.074320,31008,12638,7004,4425,2987,2271,1724,1374,11531,1,1,1,1
23.0000,3554,1,1,39497,1,75996,0.519732,3,2,271,271,77596,27.90391,0.00975,2.38092,0.01408,0,1,3,1.304007,1.048507,1.048507,-0.240167,-0.240092,14.721251,3556,0.016309,0.047111,31366,12802,7251,4510,3101,2223,1680,1392,11670,1,1,1,1
23.9000,3554,1,1,40872,0,78456,0.520961,5,6,35,35,44932,28.52762,0.00975,2.38092,0.01408,1,1,2,1.408176,1.000000,3.403242,-0.552192,-0.552096,14.409098,358,0.038316,0.004846,32660,13436,7279,4566,3125,2343,1765,1427,11854,1,1,1,1
22.3500,3555,1,1,39118,0,75346,0.519185,4,13,67,67,43543,27.45451,0.00916,2.37778,0.01010,1,0,2,1.171743,1.000000,2.533249,-0.014693,-0.014648,14.946718,5868,0.000980,0.076547,31340,12865,6974,4467,2996,2215,1705,1397,11386,1,1,1,1
22.4000,3555,1,1,39238,0,75146,0.522164,1,1,14,400,3936527,27.48922,0.00916,2.37778,0.01010,1,0,3,1.386429,1.000000,1.058136,-0.031923,-0.031831,14.929442,5690,0.002132,0.074311,31197,12717,7057,4361,3059,2292,1703,1362,11397,1,1,1,1
23.0000,3555,1,1,39958,0,76479,0.522477,3,8,374,374,186603,27.90511,0.00916,2.37778,0.01010,1,1,2,1.403525,1.000000,4.412265,-0.240069,-0.239973,14.721281,3557,0.016301,0.047111,31624,13098,7206,4448,3108,2309,1723,1395,11567,1,1,1,1
23.9000,3555,1,1,40758,0,78220,0.521075,2,15,4082,4082,221583,28.52884,0.00916,2.37778,0.01010,1,0,2,1.147601,1.000000,2.467360,-0.551854,-0.551816,14.409558,359,0.038295,0.004858,32474,13132,7266,4757,3130,2371,1826,1447,11816,1,1,1,1
22.3500,3556,1,1,39083,1,75015,0.521009,3,8,8,31,42532,27.45386,0.00657,2.37594,0.00991,0,1,3,3.059156,2.741901,2.741901,-0.016256,-0.015941,14.944762,5870,0.001067,0.076562,31233,12549,6878,4446,3073,2226,1712,1363,11534,1,1,1,1
22.4000,3556,1,1,39325,1,75311,0.522175,3,2,17,178,105472,27.48855,0.00657,2.37594,0.00991,0,0,3,1.420559,1.206475,1.206475,-0.033483,-0.033384,14.927530,5692,0.002236,0.074326,31308,12676,7105,4457,3041,2230,1715,1353,11425,1,1,1,1
23.0000,3556,1,1,39708,0,76540,0.518794,1,31,40,1135,373494,27.90452,0.00657,2.37594,0.00991,1,1,2,1.086220,1.000000,2.967133,-0.241598,-0.241574,14.719817,3560,0.016412,0.047142,31864,12906,7137,4581,3089,2225,1706,1347,11684,1,1,1,1
23.9000,3556,1,1,41027,1,78309,0.523918,9,2,9,68,499451,28.52827,0.00657,2.37594,0.00991,0,1,3,1.359690,1.140713,1.140713,-0.553335,-0.553249,14.407394,358,0.038400,0.004844,32387,13362,7420,4635,3137,2341,1810,1421,11795,1,1,1,1
22.3500,3557,1,1,39199,1,75382,0.520012,1,41,93,93,672581,27.45458,0.00677,2.38284,0.01116,0,1,3,21.965578,18.686327,18.686327,-0.016001,-0.015132,14.945205,5868,0.001013,0.076512,31243,13010,7029,4510,3069,2258,1580,1376,11306,1,1,1,1
22.4000,3557,1,1,39038,0,75189,0.519205,3,18,18,65,1758565,27.48926,0.00677,2.38284,0.01116,1,1,2,1.063741,1.000000,1.336256,-0.032963,-0.032946,14.927689,5691,0.002207,0.074291,31077,12813,7139,4436,3050,2240,1709,1331,11393,1,1,1,1
23.0000,3557,1,1,39912,0,76470,0.521937,1,27,27,35,213161,27.90531,0.00677,2.38284,0.01116,1,1,2,1.039507,1.000000,1.241693,-0.240974,-0.240963,14.720442,3555,0.016369,0.047061,31641,12924,7234,4593,3054,2218,1756,1338,11711,1,1,1,1
23.9000,3557,1,1,40720,0,78031,0.521851,1,2,16,154,273878,28.52908,0.00677,2.38284,0.01116,1,0,2,1.391628,1.000000,1.660133,-0.552911,-0.552818,14.408450,354,0.038368,0.004788,31976,13496,7327,4618,3212,2271,1702,1442,11986,1,1,1,1
22.3500,3558,1,1,39210,0,75075,0.522285,8,17,295,295,160652,27.45606,0.00638,2.38393,0.01243,1,1,2,1.103779,1.000000,1.989406,-0.015265,-0.015238,14.945530,5874,0.001020,0.076567,31085,12832,6894,4527,2972,2295,1700,1384,11385,1,1,1,1
22.4000,3558,1,1,38922,0,75240,0.517312,1,9,11,61,287250,27.49074,0.00638,2.38393,0.01243,1,1,2,1.307452,1.000000,3.512402,-0.032684,-0.032608,14.928464,5695,0.002184,0.074319,31268,12781,6976,4551,3006,2181,1702,1335,11439,1,1,1,1
23.0000,3558,1,1,39952,0,76754,0.520527,1,9,13,137,139723,27.90667,0.00638,2.38393,0.01243,1,1,2,1.177248,1.000000,1.902844,-0.240562,-0.240516,14.720398,3562,0.016339,0.047140,31921,13140,7038,4515,3138,2255,1778,1400,11568,1,1,1,1
23.9000,3558,1,1,40839,1,78605,0.519554,3,1,8,16,57464,28.53046,0.00638,2.38393,0.01243,0,1,3,1.456739,1.165263,1.165263,-0.552380,-0.552275,14.408641,358,0.038329,0.004840,32713,13449,7306,4540,3151,2402,1806,1416,11821,1,1,1,1
22.3500,3559,1,1,39181,1,75221,0.520885,52,4,52,118,63778,27.45044,0.00817,2.37281,0.01283,0,1,3,2.019159,1.685084,1.685084,-0.017089,-0.016891,14.944467,5876,0.001130,0.076577,31390,12672,6972,4378,3009,2190,1756,1409,11444,1,1,1,1
22.4000,3559,1,1,39244,0,75338,0.520913,15,7,21,21,78509,27.48511,0.00817,2.37281,0.01283,1,1,2,1.207686,1.000000,1.731902,-0.034429,-0.034376,14.926582,5695,0.002303,0.074307,31278,12756,6978,4489,3092,2267,1766,1325,11386,1,1,1,1
23.0000,3559,1,1,39936,0,76637,0.521113,1,38,38,93,812364,27.90111,0.00817,2.37281,0.01283,1,1,2,1.053946,1.000000,2.186436,-0.242463,-0.242448,14.718953,3559,0.016472,0.047092,31839,12964,7158,4465,3121,2268,1783,1380,11658,1,1,1,1
23.9000,3559,1,1,40934,0,78710,0.520068,1,2,90,90,230006,28.52492,0.00817,2.37281,0.01283,1,0,2,1.395963,1.000000,1.510148,-0.554317,-0.554224,14.407040,356,0.038469,0.004813,32725,13398,7345,4659,3270,2340,1751,1417,11804,1,1,1,1
22.3500,3560,1,1,39358,0,75383,0.522114,1,22,22,301,52259,27.45306,0.00657,2.37845,0.00857,1,1,2,1.236260,1.000000,6.124431,-0.016886,-0.016827,14.944519,5876,0.001126,0.076555,31260,13061,6953,4412,3067,2185,1683,1309,11452,1,1,1,1
22.4000,3560,1,1,39548,0,75667,0.522665,1,2,9,84,95857,27.48772,0.00657,2.37845,0.00857,1,1,3,1.282816,1.000000,1.033851,-0.033965,-0.033895,14.927151,5698,0.002271,0.074323,31525,12816,7105,4577,3107,2221,1774,1306,11235,1,1,1,1
23.0000,3560,1,1,39902,0,76349,0.522633,4,15,15,267,43568,27.90361,0.00657,2.37845,0.00857,1,0,2,1.184956,1.000000,3.241654,-0.242068,-0.242021,14.719342,3562,0.016442,0.047117,31564,13043,7068,4525,3138,2227,1731,1332,11720,1,1,1,1
23.9000,3560,1,1,40927,1,78627,0.520528,1,9,50,50,105515,28.52744,0.00657,2.37845,0.00857,0,1,3,1.585156,1.152290,1.151110,-0.553826,-0.553697,14.407585,358,0.038431,0.004838,32748,13436,7232,4579,3230,2354,1777,1367,11903,1,1,1,1
22.3500,3561,1,1,39267,1,75129,0.522668,7,5,13,45,80083,27.44799,0.00477,2.38101,0.01201,0,1,3,2.551284,2.213062,2.213062,-0.020111,-0.019848,14.940694,5875,0.001328,0.076540,31071,12695,6929,4522,3177,2268,1781,1318,11367,1,1,1,1
22.4000,3561,1,1,39365,1,75378,0.522242,1,15,756,2741,462034,27.48263,0.00477,2.38101,0.01201,0,1,3,5.596915,4.741975,4.741975,-0.037541,-0.037058,14.923856,5699,0.002483,0.074331,31400,12780,6848,4494,2989,2225,1762,1316,11563,1,1,1,1
23.0000,3561,1,1,39843,1,76557,0.520443,1,19,19,84,51323,27.89860,0.00477,2.38101,0.01201,0,1,3,7.449340,6.873347,6.873347,-0.245577,-0.245013,14.716400,3559,0.016649,0.047074,31835,13041,7142,4572,3027,2163,1650,1384,11742,1,1,1,1
23.9000,3561,1,1,41021,1,78654,0.521544,3,3,17,27,34772325,28.52226,0.00477,2.38101,0.01201,0,1,3,1.598703,1.419767,1.419767,-0.557181,-0.557049,14.404358,356,0.038672,0.004811,32612,13444,7327,4644,3206,2383,1771,1414,11852,1,1,1,1
22.3500,3562,1,1,39343,1,75140,0.523603,6,8,17,323,37578,27.44633,0.00477,2.38239,0.01024,0,1,3,2.196459,1.766657,1.766657,-0.020841,-0.020620,14.940724,5876,0.001380,0.076532,31049,13003,6995,4446,3101,2253,1635,1326,11331,1,1,1,1
22.4000,3562,1,1,39343,1,75310,0.522421,3,128,128,205,263928,27.48096,0.00477,2.38239,0.01024,0,1,3,41.524408,39.165099,39.165099,-0.038595,-0.037549,14.922432,5698,0.002516,0.074304,31170,12946,7047,4392,3021,2242,1687,1342,11462,1,1,1,1
23.0000,3562,1,1,39720,0,76539,0.518958,1,7,51,51,137242,27.89701,0.00477,2.38239,0.01024,1,0,2,1.301132,1.000000,2.874770,-0.246250,-0.246176,14.715145,3560,0.016729,0.047078,31851,12867,7133,4402,3115,2285,1812,1380,11693,1,1,1,1
23.9000,3562,1,1,41048,0,78654,0.521887,2,5,5,552,135882,28.52069,0.00477,2.38239,0.01024,1,1,2,1.368427,1.000000,2.592451,-0.558074,-0.557986,14.403151,355,0.038741,0.004796,32846,13409,7257,4531,3052,2346,1832,1435,11945,1,1,1,1
22.3500,3563,1,1,39415,1,75441,0.522468,2,4,9,100,68740,27.44617,0.00555,2.37943,0.01198,0,1,3,1.694531,1.397333,1.397333,-0.020623,-0.020475,14.940879,5883,0.001370,0.076601,31406,12865,6998,4396,2985,2261,1726,1444,11359,1,1,1,1
22.4000,3563,1,1,39319,1,75671,0.519611,1,10,10,54,43472,27.48080,0.00555,2.37943,0.01198,0,1,3,7.621909,5.535467,5.535467,-0.038130,-0.037560,14.923076,5705,0.002517,0.074372,31580,12745,7054,4521,3010,2181,1818,1350,11411,1,1,1,1
23.0000,3563,1,1,40062,0,76821,0.521505,3,2,8,31,754628,27.89673,0.00555,2.37943,0.01198,1,1,3,1.375158,1.000000,1.423632,-0.245895,-0.245806,14.715477,3568,0.016704,0.047169,31857,13086,7215,4460,3106,2341,1798,1374,11583,1,1,1,1
23.9000,3563,1,1,41071,1,78757,0.521497,2,30,30,97,101956,28.52042,0.00555,2.37943,0.01198,0,1,3,13.808618,12.253766,12.253766,-0.558054,-0.557317,14.404095,364,0.038692,0.004916,32736,13397,7389,4681,3235,2341,1735,1389,11853,1,1,1,1
22.3500,3564,1,1,39318,0,75306,0.522117,4,3,48,48,86950,27.45763,0.00418,2.37758,0.00965,1,0,2,1.286787,1.000000,1.379889,-0.015504,-0.015433,14.945894,5885,0.001033,0.076579,31324,12760,6978,4378,3043,2211,1754,1344,11513,1,1,1,1
22.4000,3564,1,1,39314,0,75137,0.523238,1,161,161,672,41712,27.49225,0.00418,2.37758,0.00965,1,0,2,1.078049,1.000000,13.168251,-0.033132,-0.033111,14.928283,5707,0.002218,0.074351,31124,12766,6871,4515,2987,2208,1748,1414,11503,1,1,1,1
23.0000,3564,1,1,39889,1,76837,0.519145,1,57,86,86,83743,27.90825,0.00418,2.37758,0.00965,0,1,3,1.750450,1.305033,1.259017,-0.240797,-0.240639,14.720469,3568,0.016347,0.047140,31939,13105,7114,4588,3110,2264,1720,1412,11584,1,1,1,1
23.9000,3564,1,1,40730,0,78355,0.519820,1,37,42,64,380315,28.53197,0.00418,2.37758,0.00965,1,0,2,1.149084,1.000000,6.047865,-0.552883,-0.552844,14.408530,361,0.038369,0.004873,32505,13288,7337,4622,3163,2378,1828,1315,11918,1,1,1,1
22.3500,3565,1,1,39191,1,75109,0.521795,8,4,134,134,111031,27.45260,0.00520,2.37353,0.01023,0,0,3,1.216570,1.110479,1.110479,-0.017411,-0.017356,14.943391,5883,0.001161,0.076545,31060,12846,6811,4467,3082,2272,1663,1386,11521,1,1,1,1
22.4000,3565,1,1,39372,0,75521,0.521345,5,8,70,105,60842,27.48740,0.00520,2.37353,0.01023,1,1,2,1.311756,1.000000,3.251752,-0.034965,-0.034889,14.926429,5705,0.002337,0.074313,31442,12707,7019,4397,3128,2208,1767,1388,11464,1,1,1,1
23.0000,3565,1,1,40108,0,77042,0.520606,2,23,50,389,329823,27.90329,0.00520,2.37353,0.01023,1,1,2,1.044146,1.000000,1.114298,-0.242756,-0.242744,14.717792,3565,0.016493,0.047096,32033,13254,7160,4515,3158,2255,1690,1342,11634,1,1,1,1
23.9000,3565,1,1,40760,0,78312,0.520489,1,4,12,162,1563831,28.52703,0.00520,2.37353,0.01023,1,1,3,1.206805,1.000000,1.107145,-0.554624,-0.554571,14.406387,357,0.038495,0.004818,32410,13292,7343,4606,3157,2389,1696,1395,12023,1,1,1,1
22.3500,3566,1,1,39520,0,75729,0.521868,3,6,8,326,297141,27.45211,0.00526,2.38012,0.01302,1,1,3,1.160506,1.000000,1.109667,-0.017754,-0.017712,14.943176,5886,0.001185,0.076563,31704,12968,6861,4363,3130,2215,1743,1349,11395,1,1,1,1
22.4000,3566,1,1,39388,0,75512,0.521619,1,3,41,41,61465,27.48671,0.00526,2.38012,0.01302,1,0,3,1.210698,1.000000,1.201556,-0.035053,-0.034999,14.926355,5708,0.002345,0.074332,31270,12746,7186,4500,2966,2253,1758,1389,11443,1,1,1,1
23.0000,3566,1,1,40088,0,76636,0.523103,2,13,40,52,272559,27.90268,0.00526,2.38012,0.01302,1,1,2,1.237645,1.000000,3.822707,-0.243210,-0.243151,14.717846,3568,0.016521,0.047122,31859,12925,7102,4524,3105,2239,1793,1391,11697,1,1,1,1
23.9000,3566,1,1,41049,1,78465,0.523157,1,4,7,35,3208476,28.52643,0.00526,2.38012,0.01302,0,0,3,1.440359,1.025235,1.025235,-0.554885,-0.554783,14.406406,359,0.038509,0.004844,32452,13349,7348,4657,3189,2300,1842,1432,11895,1,1,1,1
22.3500,3567,1,1,39655,1,75858,0.522760,1,35,35,93,66008,27.46069,0.00589,2.38124,0.01157,0,1,3,3.970313,3.251703,3.237732,-0.013232,-0.012846,14.948506,5886,0.000859,0.076515,31776,12738,7136,4422,3076,2160,1794,1332,11423,1,1,1,1
22.4000,3567,1,1,39622,0,75752,0.523056,2,12,26,26,317197,27.49527,0.00589,2.38124,0.01157,1,1,2,1.087520,1.000000,1.292282,-0.030388,-0.030365,14.930359,5708,0.002034,0.074291,31607,12864,6986,4403,3138,2238,1712,1378,11425,1,1,1,1
23.0000,3567,1,1,39984,0,76536,0.522428,1,89,343,343,33395,27.91132,0.00589,2.38124,0.01157,1,1,2,1.281768,1.000000,29.008131,-0.238857,-0.238788,14.722259,3567,0.016220,0.047082,31721,12902,7065,4552,3126,2224,1763,1434,11748,1,1,1,1
23.9000,3567,1,1,41021,1,78482,0.522687,1,78,139,139,96420,28.53509,0.00589,2.38124,0.01157,0,1,3,38.737418,33.622432,33.622432,-0.550765,-0.549740,14.410613,357,0.038148,0.004814,32507,13281,7406,4624,3226,2279,1797,1407,11954,1,1,1,1
22.3500,3568,1,1,39380,0,75494,0.521638,3,1,7,85,437585,27.46540,0.00437,2.38119,0.01054,1,1,3,1.407274,1.000000,1.081298,-0.011396,-0.011301,14.949949,5892,0.000756,0.076564,31422,12765,7033,4458,3044,2210,1714,1361,11486,1,1,1,1
22.4000,3568,1,1,39265,1,75496,0.520101,7,6,7,102,103269,27.50018,0.00437,2.38119,0.01054,0,1,3,2.499294,2.043324,2.043324,-0.028888,-0.028632,14.932719,5714,0.001917,0.074336,31380,12739,6926,4493,3054,2266,1776,1350,11511,1,1,1,1
23.0000,3568,1,1,40049,1,76901,0.520793,1,64,64,97,1024666,27.91610,0.00437,2.38119,0.01054,0,1,3,5.181620,4.615812,4.615812,-0.236966,-0.236505,14.724877,3573,0.016062,0.047139,31928,13102,7182,4530,3084,2228,1791,1397,11658,1,1,1,1
23.9000,3568,1,1,41154,0,78759,0.522537,2,23,69,69,126839,28.53990,0.00437,2.38119,0.01054,1,0,2,1.097428,1.000000,2.500327,-0.548777,-0.548751,14.412639,361,0.038074,0.004866,32617,13392,7345,4637,3249,2353,1882,1367,11916,1,1,1,1
22.3500,3569,1,1,39648,0,75851,0.522716,2,4,127,127,3120631,27.46143,0.00457,2.37760,0.01108,1,1,3,1.228412,1.000000,1.153111,-0.013432,-0.013375,14.947611,5889,0.000895,0.076515,31633,12814,7159,4476,3087,2156,1773,1434,11318,1,1,1,1
22.4000,3569,1,1,39281,1,75458,0.520575,1,15,143,143,160530,27.49600,0.00457,2.37760,0.01108,0,1,3,6.673903,5.744748,5.744748,-0.030946,-0.030414,14.930400,5712,0.002037,0.074301,31406,12789,6948,4347,3073,2217,1785,1378,11514,1,1,1,1
23.0000,3569,1,1,40125,1,76961,0.521375,1,1,11,44,111028,27.91201,0.00457,2.37760,0.01108,0,1,3,1.432911,1.041744,1.041744,-0.238709,-0.238608,14.722675,3571,0.016207,0.047107,32147,13045,7155,4497,3126,2233,1624,1423,11710,1,1,1,1
23.9000,3569,1,1,41279,1,79044,0.522235,1,5,62,62,103395,28.53582,0.00457,2.37760,0.01108,0,1,3,3.669191,2.847999,2.847999,-0.550756,-0.550392,14.410609,357,0.038194,0.004811,32936,13512,7339,4653,3278,2373,1762,1388,11802,1,1,1,1
22.3500,3570,1,1,39269,1,75246,0.521882,1,5,63,94,101837,27.46381,0.00650,2.37314,0.00893,0,0,3,2.113826,1.578106,1.578106,-0.011254,-0.011045,14.950062,5892,0.000739,0.076520,31310,12604,7019,4496,3023,2245,1729,1371,11448,1,1,1,1
22.4000,3570,1,1,39343,1,75413,0.521707,1,2,21,54,987369,27.49856,0.00650,2.37314,0.00893,0,1,3,2.275717,1.641152,1.641152,-0.028638,-0.028407,14.932654,5714,0.001902,0.074295,31372,12777,6998,4391,3067,2306,1667,1330,11504,1,1,1,1
23.0000,3570,1,1,39997,1,76767,0.521025,2,18,18,83,333935,27.91445,0.00650,2.37314,0.00893,0,1,3,3.732756,3.113757,3.113757,-0.236674,-0.236305,14.725054,3572,0.016048,0.047099,31969,12970,7187,4530,3094,2284,1714,1288,11730,1,1,1,1
23.9000,3570,1,1,40768,0,78440,0.519741,2,9,17,20,42201,28.53829,0.00650,2.37314,0.00893,1,1,2,1.236433,1.000000,2.600287,-0.548564,-0.548504,14.412492,357,0.038058,0.004809,32350,13253,7437,4588,3197,2391,1757,1414,12052,1,1,1,1
22.3500,3571,1,1,39259,1,75208,0.522013,1,138,138,138,134264,27.46118,0.00551,2.37452,0.00912,0,1,3,1.358297,1.189827,1.189827,-0.012956,-0.012871,14.948506,5894,0.000861,0.076533,31180,12567,7055,4390,3096,2253,1735,1360,11571,1,1,1,1
22.4000,3571,1,1,39439,1,75448,0.522738,2,4,8,1326,77502,27.49592,0.00551,2.37452,0.00912,0,1,3,2.844582,2.265613,2.265613,-0.030420,-0.030127,14.931241,5714,0.002018,0.074281,31360,12618,7088,4484,3080,2260,1648,1350,11559,1,1,1,1
23.0000,3571,1,1,40110,0,77044,0.520618,11,5,29,80,49110,27.91189,0.00551,2.37452,0.00912,1,1,2,1.341137,1.000000,2.083313,-0.238392,-0.238309,14.722994,3571,0.016186,0.047079,31868,13141,7162,4605,3239,2280,1768,1402,11578,1,1,1,1
23.9000,3571,1,1,40788,0,78494,0.519639,7,5,38,167,301935,28.53555,0.00551,2.37452,0.00912,1,1,2,1.413438,1.000000,3.038100,-0.550273,-0.550176,14.411037,359,0.038177,0.004835,32439,13361,7375,4646,3213,2247,1780,1381,12051,1,1,1,1
22.3500,3572,1,1,39546,0,76015,0.520246,1,64,64,273,95623,27.45710,0.00456,2.37617,0.01092,1,1,2,1.260500,1.000000,19.198077,-0.015987,-0.015922,14.945416,5894,0.001065,0.076527,31604,13009,7174,4482,3060,2178,1758,1333,11416,1,1,1,1
22.4000,3572,1,1,39464,0,75495,0.522744,7,2,1050,1050,227454,27.49164,0.00456,2.37617,0.01092,1,1,3,1.381097,1.000000,1.196226,-0.032859,-0.032769,14.928510,5716,0.002195,0.074300,31201,12858,7058,4493,3064,2268,1698,1409,11445,1,1,1,1
23.0000,3572,1,1,39651,1,76404,0.518972,1,4,4,463,182421,27.90769,0.00456,2.37617,0.01092,0,1,3,3.020216,2.320696,2.320696,-0.240983,-0.240674,14.720246,3572,0.016350,0.047088,31524,12923,7028,4569,3176,2310,1752,1395,11726,1,1,1,1
23.9000,3572,1,1,41074,0,78758,0.521528,1,3,98,98,118578,28.53136,0.00456,2.37617,0.01092,1,0,2,1.321625,1.000000,1.572412,-0.552765,-0.552687,14.408626,360,0.038358,0.004848,32826,13337,7289,4589,3233,2307,1803,1412,11961,1,1,1,1
22.3500,3573,1,1,39394,0,75591,0.521154,1,7,7,46,1107480,27.46049,0.00476,2.37047,0.00951,1,1,2,1.372900,1.000000,3.638660,-0.013897,-0.013808,14.947477,5896,0.000924,0.076521,31428,12748,7207,4356,3052,2214,1694,1410,11481,1,1,1,1
22.4000,3573,1,1,39371,1,75492,0.521532,1,14,14,37,92851,27.49521,0.00476,2.37047,0.00951,0,1,3,2.573589,2.304300,2.304300,-0.031196,-0.030932,14.930453,5713,0.002072,0.074231,31225,12921,7035,4423,2996,2247,1724,1352,11568,1,1,1,1
23.0000,3573,1,1,40034,0,76919,0.520476,1,16,16,32,93727,27.91114,0.00476,2.37047,0.00951,1,1,2,1.178106,1.000000,3.461593,-0.239216,-0.239171,14.721747,3569,0.016246,0.047031,31988,13057,7170,4560,3098,2295,1718,1343,11689,1,1,1,1
23.9000,3573,1,1,40976,0,78782,0.520125,1,4,23,286,91452,28.53483,0.00476,2.37047,0.00951,1,1,2,1.403159,1.000000,2.668873,-0.551028,-0.550933,14.410252,356,0.038232,0.004793,32496,13516,7271,4771,3226,2397,1799,1417,11888,1,1,1,1
22.3500,3574,1,1,39442,0,75488,0.522501,1,22,22,78,122698,27.45769,0.00417,2.36994,0.00947,1,1,2,1.074020,1.000000,1.802624,-0.015419,-0.015399,14.945997,5901,0.001030,0.076572,31353,12810,7104,4343,3083,2351,1701,1353,11389,1,1,1,1
22.4000,3574,1,1,39366,0,75586,0.520818,1,5,9,58,111155,27.49240,0.00417,2.36994,0.00947,1,1,3,1.151133,1.000000,1.106311,-0.032701,-0.032662,14.928212,5721,0.002188,0.074325,31170,12873,7120,4426,3092,2310,1766,1326,11502,1,1,1,1
23.0000,3574,1,1,40080,0,76757,0.522174,1,18,18,166,118266,27.90841,0.00417,2.36994,0.00947,1,1,2,1.139058,1.000000,2.972294,-0.240849,-0.240813,14.720038,3578,0.016360,0.047141,31845,12874,7135,4615,3119,2300,1720,1427,11721,1,1,1,1
23.9000,3574,1,1,40995,1,78882,0.519707,1,2,25,315,2417054,28.53212,0.00417,2.36994,0.00947,0,1,3,1.453140,1.218621,1.218621,-0.552582,-0.552478,14.408933,360,0.038343,0.004846,32776,13554,7284,4607,3235,2310,1768,1427,11920,1,1,1,1
22.3500,3575,1,1,39317,1,75476,0.520927,1,1,7,12,481836,27.45172,0.00417,2.35875,0.01221,0,1,3,1.452768,1.029412,1.029412,-0.018449,-0.018344,14.942897,5899,0.001228,0.076541,31444,12861,6901,4416,3060,2215,1725,1302,11551,1,1,1,1
22.4000,3575,1,1,39365,1,75573,0.520894,18,2,49,148,169058,27.48643,0.00417,2.35875,0.01221,0,1,3,1.223285,1.075616,1.075616,-0.035801,-0.035744,14.924754,5720,0.002395,0.074308,31266,12936,6954,4491,3139,2216,1759,1298,11513,1,1,1,1
23.0000,3575,1,1,40193,1,77051,0.521648,2,5,20,34,322521,27.90232,0.00417,2.35875,0.01221,0,1,3,3.739346,2.914679,2.914679,-0.243893,-0.243524,14.717842,3575,0.016546,0.047096,32059,13046,7185,4474,3039,2254,1820,1408,11765,1,1,1,1
23.9000,3575,1,1,41103,1,78827,0.521440,1,7,13,66,111047,28.52605,0.00417,2.35875,0.01221,0,1,3,4.126020,3.500135,3.500135,-0.555786,-0.555390,14.406007,358,0.038553,0.004818,32715,13401,7293,4624,3257,2340,1832,1413,11951,1,1,1,1
22.3500,3576,1,1,39232,0,75276,0.521182,1,2,6,174,112158,27.45160,0.00436,2.35938,0.00872,1,0,2,1.369174,1.000000,1.406380,-0.018391,-0.018303,14.942985,5903,0.001225,0.076571,31357,12701,6886,4375,3059,2223,1755,1368,11551,1,1,1,1
22.4000,3576,1,1,39297,1,75525,0.520325,4,3,88,88,2039610,27.48629,0.00436,2.35938,0.00872,0,1,3,1.905620,1.578067,1.578067,-0.035756,-0.035575,14.925222,5724,0.002384,0.074337,31309,12762,7100,4324,3024,2372,1705,1364,11564,1,1,1,1
23.0000,3576,1,1,40352,0,77467,0.520899,13,3,36,68,177382,27.90226,0.00436,2.35938,0.00872,1,1,2,1.389076,1.000000,1.503763,-0.243734,-0.243642,14.717630,3578,0.016554,0.047123,32352,13227,7273,4398,3252,2290,1708,1383,11583,1,1,1,1
23.9000,3576,1,1,40815,1,78371,0.520799,5,22,22,44,255397,28.52602,0.00436,2.35938,0.00872,0,1,3,13.538929,10.962852,10.962852,-0.555889,-0.555161,14.404987,360,0.038539,0.004844,32260,13421,7258,4658,3198,2349,1836,1382,12008,1,1,1,1
22.3500,3577,1,1,39480,0,75794,0.520892,6,58,58,58,105122,27.44527,0.00456,2.35970,0.01144,1,1,2,1.263924,1.000000,17.450592,-0.021745,-0.021679,14.939349,5901,0.001451,0.076542,31607,12891,7029,4464,3067,2232,1728,1349,11426,1,1,1,1
22.4000,3577,1,1,39680,0,75834,0.523255,5,7,7,32,25405,27.47996,0.00456,2.35970,0.01144,1,1,2,1.257365,1.000000,2.263633,-0.038800,-0.038736,14.922604,5724,0.002596,0.074330,31430,12903,7169,4477,2976,2249,1691,1404,11534,1,1,1,1
23.0000,3577,1,1,40042,0,76929,0.520513,4,18,18,42,234981,27.89600,0.00456,2.35970,0.01144,1,1,2,1.378326,1.000000,8.410968,-0.247008,-0.246918,14.714233,3575,0.016781,0.047081,31992,13131,7127,4491,3091,2316,1679,1381,11720,1,1,1,1
23.9000,3577,1,1,41125,1,78973,0.520754,1,49,49,129,39240,28.51978,0.00456,2.35970,0.01144,0,1,3,1.946740,1.789747,1.789747,-0.558678,-0.558492,14.402901,356,0.038776,0.004790,32795,13363,7455,4649,3160,2369,1824,1386,11971,1,1,1,1
22.3500,3578,1,1,39549,1,75859,0.521356,2,2,26,114,41568,27.44631,0.00698,2.35943,0.01034,0,1,3,2.147858,1.587563,1.587563,-0.019804,-0.019590,14.941708,5902,0.001311,0.076522,31486,12906,6982,4555,3089,2317,1724,1426,11373,1,1,1,1
22.4000,3578,1,1,39426,0,75570,0.521722,1,25,31,91,130599,27.48099,0.00698,2.35943,0.01034,1,1,2,1.053041,1.000000,1.500663,-0.037131,-0.037117,14.923473,5723,0.002487,0.074291,31250,13009,6867,4479,3058,2229,1730,1366,11581,1,1,1,1
23.0000,3578,1,1,40291,1,77176,0.522073,4,17,22,83,1318518,27.89691,0.00698,2.35943,0.01034,0,1,3,2.399339,1.794244,1.718991,-0.245115,-0.244870,14.716436,3578,0.016639,0.047100,32288,12906,7253,4513,3102,2295,1741,1424,11653,1,1,1,1
23.9000,3578,1,1,41334,0,79380,0.520717,2,15,15,249,371043,28.52071,0.00698,2.35943,0.01034,1,0,2,1.146665,1.000000,2.479222,-0.557066,-0.557028,14.404348,356,0.038671,0.004788,33257,13567,7298,4579,3189,2288,1743,1427,12031,1,1,1,1
22.3500,3579,1,1,39253,1,75550,0.519570,1,4,39,184,144310,27.44446,0.00645,2.35558,0.00930,0,1,3,3.710101,2.667841,2.667841,-0.020995,-0.020628,14.940306,5907,0.001381,0.076572,31420,12670,7136,4477,3058,2164,1754,1351,11519,1,1,1,1
22.4000,3579,1,1,39730,0,76226,0.521220,1,8,8,27,230645,27.47913,0.00645,2.35558,0.00930,1,0,2,1.120193,1.000000,1.282453,-0.038217,-0.038185,14.923199,5727,0.002559,0.074324,31855,13044,7006,4490,3120,2275,1738,1362,11335,1,1,1,1
23.0000,3579,1,1,40033,1,76660,0.522222,4,1,11,147,56293,27.89514,0.00645,2.35558,0.00930,0,1,3,1.416200,1.007888,1.007888,-0.246186,-0.246089,14.715101,3579,0.016724,0.047104,31815,12840,7223,4496,3041,2254,1744,1421,11825,1,1,1,1
23.9000,3579,1,1,40981,1,79023,0.518602,7,78,78,78,120461,28.51895,0.00645,2.35558,0.00930,0,1,3,1.618695,1.207617,1.189207,-0.558113,-0.557978,14.403327,360,0.038740,0.004841,32909,13460,7325,4636,3225,2291,1762,1472,11942,1,1,1,1
22.3500,3580,1,1,39477,1,75773,0.520997,1,17,93,101,499579,27.43870,0.00620,2.34828,0.01209,0,0,3,2.352645,1.854669,1.854669,-0.024074,-0.023835,14.937199,5908,0.001596,0.076580,31434,12995,6969,4473,3063,2244,1697,1394,11503,1,1,1,1
22.4000,3580,1,1,39476,0,75575,0.522349,1,3,5,41,60961,27.47336,0.00620,2.34828,0.01209,1,1,3,1.253810,1.000000,1.261620,-0.041350,-0.041287,14.919731,5729,0.002767,0.074346,31430,12674,6879,4502,3168,2177,1759,1396,11589,1,1,1,1
23.0000,3580,1,1,39942,0,76907,0.519361,5,1596,1596,1596,147919,27.88924,0.00620,2.34828,0.01209,1,1,2,1.001979,1.000000,3.202117,-0.249425,-0.249425,14.710254,3582,0.016956,0.047146,32025,12989,7086,4529,3127,2284,1748,1314,11804,1,1,1,1
23.9000,3580,1,1,41330,0,79111,0.522437,1,2,65,175,476225,28.51308,0.00620,2.34828,0.01209,1,1,3,1.321930,1.000000,1.219993,-0.561204,-0.561126,14.399964,358,0.038967,0.004814,32953,13302,7443,4668,3229,2352,1769,1407,11987,1,1,1,1
22.3500,3581,1,1,39594,0,75702,0.523031,2,20,223,223,291671,27.44426,0.00455,2.35011,0.01035,1,1,2,1.381437,1.000000,9.310712,-0.022281,-0.022191,14.939088,5905,0.001485,0.076510,31379,12849,7147,4418,3125,2278,1709,1353,11443,1,1,1,1
22.4000,3581,1,1,39466,0,75798,0.520680,1,184,184,187,376583,27.47891,0.00455,2.35011,0.01035,1,1,2,1.035219,1.000000,6.657057,-0.039558,-0.039548,14.921859,5726,0.002650,0.074276,31444,12959,7090,4439,3043,2287,1736,1345,11454,1,1,1,1
23.0000,3581,1,1,40238,0,77275,0.520718,2,224,224,224,966234,27.89487,0.00455,2.35011,0.01035,1,1,2,1.016032,1.000000,3.642819,-0.247457,-0.247453,14.712809,3577,0.016819,0.047059,32134,13135,7257,4600,3239,2289,1695,1372,11553,1,1,1,1
23.9000,3581,1,1,40965,1,79130,0.517699,2,2,19,29,337225,28.51853,0.00455,2.35011,0.01035,0,1,3,1.565543,1.109372,1.109372,-0.559110,-0.558985,14.402257,362,0.038812,0.004865,32874,13358,7411,4764,3209,2326,1812,1427,11948,1,1,1,1
22.3500,3582,1,1,39167,1,75632,0.517870,29,2,156,156,188520,27.45044,0.00436,2.35441,0.01210,0,1,3,1.432590,1.151648,1.151648,-0.018928,-0.018828,14.941478,5910,0.001260,0.076541,31142,12908,7148,4454,3081,2334,1720,1330,11514,1,1,1,1
22.4000,3582,1,1,39400,0,75406,0.522512,37,10,37,37,1620823,27.48507,0.00436,2.35441,0.01210,1,1,2,1.187132,1.000000,2.274811,-0.036342,-0.036294,14.924639,5730,0.002432,0.074293,31208,12827,6937,4433,3070,2267,1689,1352,11622,1,1,1,1
23.0000,3582,1,1,40083,1,76922,0.521093,1,339,339,339,95512,27.90112,0.00436,2.35441,0.01210,0,1,3,1.634664,1.221618,1.193259,-0.244264,-0.244127,14.716981,3581,0.016588,0.047085,31955,12909,7213,4469,3161,2293,1782,1399,11740,1,1,1,1
23.9000,3582,1,1,40758,0,78832,0.517030,1,130,130,130,499930,28.52480,0.00436,2.35441,0.01210,1,1,2,1.057088,1.000000,7.735899,-0.556375,-0.556360,14.404252,357,0.038625,0.004796,32588,13452,7353,4601,3169,2389,1807,1414,12058,1,1,1,1
22.3500,3583,1,1,39239,1,75698,0.518369,1,11,334,372,74634,27.45017,0.00436,2.35678,0.01472,0,1,3,8.502657,6.113717,6.113717,-0.019423,-0.018826,14.942579,5908,0.001260,0.076488,31425,12847,7011,4419,3089,2192,1727,1401,11586,1,1,1,1
22.4000,3583,1,1,39751,1,76000,0.523046,72,3,520,623,151371,27.48480,0.00436,2.35678,0.01472,0,1,3,1.476852,1.377410,1.377410,-0.036524,-0.036415,14.923670,5729,0.002440,0.074265,31720,12855,6974,4558,3087,2218,1738,1336,11513,1,1,1,1
23.0000,3583,1,1,40328,0,77284,0.521822,30,5,36,36,245701,27.90072,0.00436,2.35678,0.01472,1,1,3,1.179107,1.000000,1.007210,-0.244448,-0.244402,14.716519,3579,0.016607,0.047047,32156,13248,7060,4490,3181,2256,1783,1392,11717,1,1,1,1
23.9000,3583,1,1,41163,1,79063,0.520642,1,5,11,32,93217,28.52442,0.00436,2.35678,0.01472,0,1,3,1.398440,1.156801,1.156801,-0.556317,-0.556223,14.405133,355,0.038613,0.004767,32750,13407,7384,4701,3192,2280,1868,1464,12016,1,1,1,1
22.3500,3584,1,1,39557,1,75854,0.521496,2,25,93,93,97955,27.46303,0.00537,2.35140,0.00857,0,0,3,1.667147,1.356084,1.356084,-0.012206,-0.012064,14.948926,5924,0.000807,0.076641,31500,12970,7064,4436,3150,2274,1658,1315,11486,1,1,1,1
22.4000,3584,1,1,39605,1,76242,0.519471,2,5,9,131,122525,27.49764,0.00537,2.35140,0.00857,0,1,3,1.385999,1.131772,1.131772,-0.029493,-0.029402,14.931949,5745,0.001969,0.074410,31585,13123,7307,4470,3158,2238,1669,1373,11318,1,1,1,1
23.0000,3584,1,1,40105,1,77129,0.519980,1,235,235,235,2711420,27.91365,0.00537,2.35140,0.00857,0,1,3,113.755068,99.606927,99.606927,-0.238121,-0.236800,14.724617,3594,0.016082,0.047205,32028,13127,7172,4466,3195,2255,1768,1469,11648,1,1,1,1
23.9000,3584,1,1,41106,0,79156,0.519310,1,4,4,16,928815,28.53737,0.00537,2.35140,0.00857,1,1,2,1.410072,1.000000,2.406095,-0.549459,-0.549363,14.411839,369,0.038119,0.004952,33012,13380,7369,4576,3234,2283,1754,1400,12147,1,1,1,1
22.3500,3585,1,1,39493,1,75996,0.519679,3,3,147,147,342435,27.46127,0.00474,2.34826,0.00754,0,1,3,2.950753,2.101848,2.101848,-0.013393,-0.013092,14.948259,5922,0.000876,0.076597,31560,12985,6951,4453,3136,2276,1722,1344,11568,1,1,1,1
22.4000,3585,1,1,39773,1,76302,0.521264,2,2,102,102,501327,27.49608,0.00474,2.34826,0.00754,0,0,3,1.483620,1.135027,1.135027,-0.030708,-0.030598,14.930478,5742,0.002049,0.074358,31878,12804,7190,4478,3042,2303,1725,1353,11528,1,1,1,1
23.0000,3585,1,1,40224,0,77035,0.522159,1,4,146,146,1100771,27.91196,0.00474,2.34826,0.00754,1,1,3,1.145635,1.000000,1.042080,-0.238636,-0.238598,14.722165,3591,0.016207,0.047161,31857,13155,7180,4509,3158,2222,1759,1423,11771,1,1,1,1
23.9000,3585,1,1,41358,0,79373,0.521065,3,17,44,172,201747,28.53570,0.00474,2.34826,0.00754,1,1,2,1.343953,1.000000,7.274640,-0.550780,-0.550698,14.410416,369,0.038215,0.004951,33231,13391,7421,4711,3148,2319,1703,1430,12018,1,1,1,1
22.3500,3586,1,1,39516,0,75954,0.520269,1,104,104,204,48460,27.45574,0.00474,2.34466,0.00986,1,1,2,1.107200,1.000000,11.833235,-0.016530,-0.016501,14.944886,5923,0.001104,0.076606,31564,12803,7186,4417,3147,2252,1728,1356,11500,1,1,1,1
22.4000,3586,1,1,39668,0,76024,0.521789,3,1,17,107,132433,27.49033,0.00474,2.34466,0.00986,1,1,3,1.406856,1.000000,1.076167,-0.033495,-0.033400,14.927794,5744,0.002237,0.074376,31484,12940,7211,4458,3183,2216,1645,1326,11560,1,1,1,1
23.0000,3586,1,1,40379,1,77836,0.518777,1,30,30,40,52273,27.90630,0.00474,2.34466,0.00986,0,1,3,1.844014,1.363376,1.294207,-0.241497,-0.241326,14.719797,3592,0.016395,0.047168,32336,13356,7278,4521,3216,2361,1816,1339,11612,1,1,1,1
23.9000,3586,1,1,41411,1,79167,0.523091,2,16,41,41,1117721,28.53006,0.00474,2.34466,0.00986,0,1,3,3.000034,2.858058,2.858058,-0.553491,-0.553184,14.408220,368,0.038394,0.004937,32907,13456,7325,4677,3261,2406,1811,1424,11899,1,1,1,1
22.3500,3587,1,1,39534,0,75929,0.520677,8,57,57,57,676990,27.46292,0.00454,2.35027,0.01059,1,1,2,1.167436,1.000000,10.393481,-0.012950,-0.012907,14.947997,5928,0.000863,0.076634,31521,12903,7130,4410,3088,2234,1697,1373,11572,1,1,1,1
22.4000,3587,1,1,39656,0,75962,0.522057,1,9,160,160,426822,27.49751,0.00454,2.35027,0.01059,1,1,2,1.412652,1.000000,4.957902,-0.030141,-0.030045,14.931167,5746,0.002012,0.074365,31506,12831,7205,4502,3018,2237,1732,1361,11569,1,1,1,1
23.0000,3587,1,1,40345,1,77227,0.522428,1,55,55,55,34181,27.91355,0.00454,2.35027,0.01059,0,0,3,3.921376,3.336605,3.336605,-0.238107,-0.237726,14.723191,3593,0.016146,0.047157,32037,13074,7216,4500,3137,2248,1808,1353,11853,1,1,1,1
23.9000,3587,1,1,41324,0,79171,0.521965,1,4,9,68,397495,28.53732,0.00454,2.35027,0.01059,1,1,2,1.291733,1.000000,1.714208,-0.549897,-0.549825,14.411235,365,0.038153,0.004894,32867,13545,7365,4630,3186,2367,1821,1460,11929,1,1,1,1
22.3500,3588,1,1,39639,1,76060,0.521161,1,34,34,299,209351,27.46467,0.00682,2.35010,0.00872,0,1,3,2.664157,1.961208,1.768364,-0.010622,-0.010349,14.950781,5927,0.000692,0.076585,31608,12841,7106,4508,3124,2265,1722,1383,11502,1,1,1,1
22.4000,3588,1,1,39531,1,75814,0.521428,1,20,20,197,456480,27.49944,0.00682,2.35010,0.00872,0,1,3,12.801598,10.169036,10.169036,-0.028253,-0.027542,14.933023,5747,0.001844,0.074348,31285,12804,7242,4490,3120,2208,1726,1391,11547,1,1,1,1
23.0000,3588,1,1,40075,1,77115,0.519685,3,2,127,127,660639,27.91537,0.00682,2.35010,0.00872,0,1,3,2.026827,1.493268,1.493268,-0.235949,-0.235752,14.725081,3594,0.016010,0.047151,31869,13055,7259,4512,3092,2353,1761,1404,11809,1,1,1,1
23.9000,3588,1,1,41418,0,79375,0.521808,2,288,288,288,585822,28.53916,0.00682,2.35010,0.00872,1,0,2,1.007212,1.000000,2.138254,-0.547893,-0.547891,14.413525,365,0.038012,0.004892,32934,13575,7525,4620,3149,2392,1850,1398,11931,1,1,1,1
22.3500,3589,1,1,39460,0,75679,0.521420,1,2,18,80,47993,27.46627,0.00493,2.35367,0.01136,1,0,3,1.264199,1.000000,1.050736,-0.010816,-0.010751,14.950588,5924,0.000719,0.076526,31150,12935,7194,4469,3078,2272,1684,1387,11509,1,1,1,1
22.4000,3589,1,1,39691,1,76091,0.521632,1,8,43,2603,23270,27.50084,0.00493,2.35367,0.01136,0,0,3,2.936777,2.496398,2.496398,-0.028224,-0.027924,14.932994,5745,0.001870,0.074301,31616,12795,6989,4593,3085,2240,1762,1468,11542,1,1,1,1
23.0000,3589,1,1,40235,1,77395,0.519872,1,1,21,208,334301,27.91685,0.00493,2.35367,0.01136,0,1,3,1.525117,1.082559,1.082559,-0.236095,-0.235978,14.725222,3591,0.016025,0.047098,32121,13350,7204,4544,3125,2264,1779,1343,11664,1,1,1,1
23.9000,3589,1,1,41350,0,79300,0.521444,2,1,14,27,137736,28.54066,0.00493,2.35367,0.01136,1,0,3,1.395094,1.000000,1.141576,-0.548020,-0.547927,14.413341,361,0.038015,0.004837,32941,13593,7287,4759,3197,2371,1795,1354,12002,1,1,1,1
22.3500,3590,1,1,39478,0,75937,0.519885,1,1,28,105,25435,27.46322,0.00454,2.35149,0.01139,1,0,3,1.412121,1.000000,1.085536,-0.012470,-0.012374,14.948866,5933,0.000828,0.076630,31363,12954,7087,4529,3184,2260,1634,1380,11545,1,1,1,1
22.4000,3590,1,1,39407,1,75955,0.518827,2,11,191,191,170313,27.49798,0.00454,2.35149,0.01139,0,0,3,3.451030,3.103429,3.103429,-0.029996,-0.029651,14.931145,5750,0.001986,0.074354,31461,12943,7059,4361,3045,2292,1801,1317,11675,1,1,1,1
23.0000,3590,1,1,40375,1,77517,0.520860,1,17,17,36,172949,27.91386,0.00454,2.35149,0.01139,0,0,3,3.093942,2.481225,2.481225,-0.237909,-0.237595,14.723417,3597,0.016137,0.047170,32199,13086,7312,4599,3095,2396,1759,1338,11732,1,1,1,1
23.9000,3590,1,1,40944,0,79040,0.518023,5,4,23,23,30471,28.53770,0.00454,2.35149,0.01139,1,0,3,1.211352,1.000000,1.127326,-0.549717,-0.549664,14.411693,365,0.038140,0.004890,32701,13397,7243,4756,3352,2297,1801,1408,12084,1,1,1,1
22.3500,3591,1,1,39587,1,76163,0.519774,1,84,84,84,47537,27.46191,0.00454,2.34600,0.00929,0,1,3,44.607303,37.933759,37.933759,-0.013559,-0.012502,14.948911,5930,0.000836,0.076569,31615,13019,7071,4443,3110,2284,1733,1367,11520,1,1,1,1
22.4000,3591,1,1,39605,1,76169,0.519969,1,3,58,127,81777,27.49665,0.00454,2.34600,0.00929,0,1,3,3.055128,2.272259,2.272259,-0.030539,-0.030228,14.930778,5751,0.002025,0.074348,31566,12985,7077,4537,3083,2274,1724,1376,11546,1,1,1,1
23.0000,3591,1,1,40188,0,77456,0.518856,1,1,6,64,289253,27.91262,0.00454,2.34600,0.00929,1,1,3,1.365243,1.000000,1.090189,-0.238417,-0.238331,14.722807,3598,0.016188,0.047172,31977,13342,7370,4557,3173,2295,1739,1435,11567,1,1,1,1
23.9000,3591,1,1,41221,1,79378,0.519307,1,20,116,116,148363,28.53628,0.00454,2.34600,0.00929,0,1,3,9.598031,8.328485,8.328485,-0.550532,-0.549903,14.410818,364,0.038159,0.004876,33164,13356,7441,4727,3162,2337,1761,1361,12068,1,1,1,1
22.3500,3592,1,1,39520,0,75777,0.521537,3,45,1373,1373,98411,27.45647,0.00473,2.34194,0.01133,1,1,2,1.056802,1.000000,2.669266,-0.015936,-0.015921,14.944692,5933,0.001065,0.076608,31547,12821,6974,4429,3138,2185,1779,1317,11586,1,1,1,1
22.4000,3592,1,1,39614,0,76069,0.520771,1,9,9,1062,1274163,27.49102,0.00473,2.34194,0.01133,1,1,2,1.384895,1.000000,4.675066,-0.033284,-0.033194,14.928084,5756,0.002224,0.074406,31679,12638,7109,4529,3095,2340,1792,1388,11498,1,1,1,1
23.0000,3592,1,1,40184,0,77428,0.518992,2,7,22,158,38200,27.90706,0.00473,2.34194,0.01133,1,1,2,1.409964,1.000000,3.718942,-0.241275,-0.241179,14.720024,3598,0.016384,0.047167,31986,13208,7255,4598,3115,2336,1772,1377,11780,1,1,1,1
23.9000,3592,1,1,41322,0,79702,0.518463,1,1,46,138,93879,28.53074,0.00473,2.34194,0.01133,1,0,3,1.399457,1.000000,1.049232,-0.552937,-0.552843,14.408420,366,0.038369,0.004902,33079,13575,7427,4705,3268,2414,1852,1429,11952,1,1,1,1
22.3500,3593,1,1,39416,0,75732,0.520474,1,2,3,4076,518623,27.45780,0.00680,2.34238,0.01008,1,0,3,1.346628,1.000000,1.333187,-0.014071,-0.013988,14.947315,5931,0.000936,0.076548,31529,12752,6922,4467,2986,2307,1736,1401,11631,1,1,1,1
22.4000,3593,1,1,39643,1,76157,0.520550,1,3,32,32,91903,27.49253,0.00680,2.34238,0.01008,0,1,3,3.184902,2.307964,2.307964,-0.031510,-0.031188,14.930160,5751,0.002089,0.074310,31600,12996,6964,4436,3183,2211,1769,1389,11608,1,1,1,1
23.0000,3593,1,1,40209,1,77114,0.521430,1,6,25,104,228044,27.90845,0.00680,2.34238,0.01008,0,1,3,2.672888,2.024513,2.024513,-0.239454,-0.239181,14.722135,3596,0.016246,0.047121,32072,12998,7219,4445,3127,2277,1773,1377,11825,1,1,1,1
23.9000,3593,1,1,41065,1,79116,0.519055,1,17,35,69,56987,28.53215,0.00680,2.34238,0.01008,0,1,3,3.772875,2.972065,2.969985,-0.551356,-0.550986,14.410051,362,0.038236,0.004846,32731,13400,7481,4540,3228,2401,1800,1405,12129,1,1,1,1
22.3500,3594,1,1,39499,1,75666,0.522025,1,246,246,1072,66659,27.46487,0.00611,2.33893,0.01141,0,1,3,1.592500,1.400510,1.400510,-0.010823,-0.010694,14.950686,5933,0.000715,0.076535,31273,12740,7060,4556,2968,2332,1746,1355,11635,1,1,1,1
22.4000,3594,1,1,39576,0,76102,0.520046,4,4,9,12,147037,27.49959,0.00611,2.33893,0.01141,1,1,2,1.412824,1.000000,2.259992,-0.028248,-0.028152,14.933086,5754,0.001885,0.074313,31593,12906,7053,4615,2991,2249,1722,1340,11632,1,1,1,1
23.0000,3594,1,1,40139,1,77409,0.518538,3,4,4,54,84923,27.91559,0.00611,2.33893,0.01141,0,1,3,3.391786,2.462616,2.462616,-0.236263,-0.235923,14.724729,3596,0.016022,0.047100,32050,13174,7089,4608,3205,2358,1720,1427,11777,1,1,1,1
23.9000,3594,1,1,41306,0,79421,0.520096,2,114,114,114,339522,28.53931,0.00611,2.33893,0.01141,1,1,2,1.379997,1.000000,52.060995,-0.548545,-0.548456,14.412826,362,0.038053,0.004844,32877,13472,7458,4630,3266,2360,1837,1429,12091,1,1,1,1
22.3500,3595,1,1,39712,0,76231,0.520950,1,2,10,1946,3280440,27.46851,0.00434,2.33886,0.01187,1,1,3,1.303234,1.000000,1.236892,-0.009990,-0.009917,14.951157,5940,0.000663,0.076602,31734,12896,7064,4581,3025,2249,1784,1348,11549,1,1,1,1
22.4000,3595,1,1,39781,1,76281,0.521513,1,2,44,89,675275,27.50322,0.00434,2.33886,0.01187,0,1,3,1.204653,1.086951,1.086951,-0.027323,-0.027271,14.934117,5758,0.001826,0.074339,31718,12885,7105,4463,3110,2299,1748,1348,11604,1,1,1,1
23.0000,3595,1,1,40269,1,77216,0.521518,2,3,38,510,782789,27.91911,0.00434,2.33886,0.01187,0,0,3,1.578181,1.220530,1.220530,-0.235290,-0.235163,14.725900,3601,0.015969,0.047148,31902,12985,7235,4648,3151,2264,1841,1438,11751,1,1,1,1
23.9000,3595,1,1,41181,1,79161,0.520225,2,3,248,248,216882,28.54284,0.00434,2.33886,0.01187,0,0,3,1.805765,1.528604,1.528604,-0.547186,-0.547022,14.413905,366,0.037951,0.004896,32726,13467,7361,4667,3137,2427,1853,1390,12132,1,1,1,1
22.3500,3596,1,1,39565,1,76127,0.519730,124,4,124,140,229905,27.46175,0.00453,2.33903,0.01505,0,1,3,2.875244,2.213724,2.213724,-0.013295,-0.013001,14.948360,5942,0.000870,0.076620,31659,12736,7181,4544,3093,2251,1810,1351,11501,1,1,1,1
22.4000,3596,1,1,39930,0,76448,0.522323,1,8,49,251,182255,27.49644,0.00453,2.33903,0.01505,1,1,2,1.134002,1.000000,1.436159,-0.030575,-0.030540,14.930306,5760,0.002045,0.074363,31883,13008,7063,4502,3129,2273,1707,1336,11546,1,1,1,1
23.0000,3596,1,1,40682,0,77737,0.523335,1,2,9,75,26617,27.91241,0.00453,2.33903,0.01505,1,1,3,1.248593,1.000000,1.020583,-0.238506,-0.238444,14.722571,3602,0.016196,0.047159,32148,13481,7248,4596,3103,2274,1767,1398,11721,1,1,1,1
23.9000,3596,1,1,41280,0,79310,0.520496,8,10,30,30,229803,28.53616,0.00453,2.33903,0.01505,1,1,2,1.340890,1.000000,4.238338,-0.550593,-0.550511,14.410601,366,0.038202,0.004896,32851,13530,7383,4639,3292,2387,1770,1413,12044,1,1,1,1
22.3500,3597,1,1,39521,1,75885,0.520808,153,9,262,262,187046,27.46795,0.00472,2.35122,0.01080,0,1,3,2.344009,2.294166,2.294166,-0.010035,-0.009798,14.949975,5941,0.000655,0.076578,31421,12668,7234,4467,3089,2246,1792,1385,11582,1,1,1,1
22.4000,3597,1,1,39515,1,76081,0.519387,1,20,20,31,906345,27.50263,0.00472,2.35122,0.01080,0,1,3,5.732021,5.146305,5.146305,-0.027492,-0.027007,14.933769,5758,0.001808,0.074300,31550,12987,7127,4389,3046,2302,1695,1370,11614,1,1,1,1
23.0000,3597,1,1,40656,0,78032,0.521024,7,6,74,74,79376,27.91867,0.00472,2.35122,0.01080,1,1,2,1.406471,1.000000,3.195435,-0.235446,-0.235351,14.725902,3599,0.015982,0.047096,32655,13264,7345,4596,3175,2365,1669,1323,11639,1,1,1,1
23.9000,3597,1,1,41361,1,79321,0.521445,2,39,246,246,154690,28.54245,0.00472,2.35122,0.01080,0,0,3,1.543361,1.211514,1.211514,-0.547193,-0.547073,14.413970,362,0.037954,0.004840,32698,13608,7438,4655,3277,2284,1856,1434,12070,1,1,1,1
22.3500,3598,1,1,39992,0,76430,0.523257,3,4,22,221,20787580,27.46885,0.00754,2.34945,0.00942,1,0,3,1.198415,1.000000,1.031917,-0.008191,-0.008141,14.953221,5941,0.000544,0.076540,31666,13170,7095,4516,3095,2257,1701,1422,11507,1,1,1,1
22.4000,3598,1,1,39850,0,76217,0.522856,211,5,211,211,746201,27.50352,0.00754,2.34945,0.00942,1,1,2,1.414171,1.000000,2.568237,-0.025654,-0.025558,14.935666,5764,0.001711,0.074347,31679,12756,7178,4509,3057,2326,1761,1342,11608,1,1,1,1
23.0000,3598,1,1,40399,1,77492,0.521338,1,120,120,120,346875,27.91945,0.00754,2.34945,0.00942,0,1,3,37.880871,35.829016,35.829016,-0.233986,-0.232976,14.728441,3602,0.015818,0.047114,32248,13009,7299,4379,3213,2324,1770,1406,11843,1,1,1,1
23.9000,3598,1,1,41311,1,79310,0.520887,2,2,35,53,65069,28.54324,0.00754,2.34945,0.00942,0,1,3,1.906232,1.405670,1.405670,-0.545433,-0.545253,14.416045,368,0.037823,0.004918,32872,13378,7352,4642,3330,2344,1836,1447,12108,1,1,1,1
22.3500,3599,1,1,39654,0,76084,0.521194,1,19,19,19,110830,27.47188,0.00679,2.35464,0.00929,1,1,2,1.091933,1.000000,2.020676,-0.007075,-0.007051,14.954342,5943,0.000471,0.076539,31443,12970,7029,4549,3099,2312,1683,1368,11630,1,1,1,1
22.4000,3599,1,1,39675,1,76111,0.521285,1,32,32,7355,357866,27.50655,0.00679,2.35464,0.00929,0,1,3,10.429153,9.429565,9.429565,-0.024625,-0.023974,14.936733,5761,0.001605,0.074282,31347,13146,7064,4503,3094,2314,1737,1331,11574,1,1,1,1
23.0000,3599,1,1,40724,0,77759,0.523727,1,2,7,554,126843,27.92255,0.00679,2.35464,0.00929,1,1,2,1.413531,1.000000,1.533189,-0.232374,-0.232278,14.728939,3601,0.015770,0.047086,32332,13150,7216,4597,3179,2357,1795,1363,11769,1,1,1,1
23.9000,3599,1,1,41530,0,79603,0.521721,1,6,6,53,411619,28.54636,0.00679,2.35464,0.00929,1,1,2,1.408129,1.000000,3.452201,-0.544393,-0.544298,14.416901,362,0.037754,0.004836,33325,13461,7360,4634,3296,2398,1791,1366,11971,1,1,1,1
22.3500,3600,1,1,39803,1,76348,0.521343,1,12,16,298,2526828,27.47646,0.00472,2.34587,0.00911,0,1,3,9.165565,6.605577,6.605577,-0.006109,-0.005494,14.955203,5946,0.000367,0.076552,31681,13166,7065,4379,3042,2239,1768,1397,11610,1,1,1,1
22.4000,3600,1,1,39960,0,76620,0.521542,1,21,21,126,57084,27.51112,0.00472,2.34587,0.00911,1,1,2,1.385918,1.000000,10.247462,-0.023499,-0.023408,14.937869,5766,0.001567,0.074321,31917,13096,7078,4482,3049,2291,1768,1364,11574,1,1,1,1
23.0000,3600,1,1,40237,1,77399,0.519871,1,4,4,268,128738,27.92701,0.00472,2.34587,0.00911,0,1,3,1.551991,1.291694,1.291694,-0.231156,-0.231033,14.730327,3606,0.015684,0.047134,32158,13169,7176,4528,3087,2246,1690,1350,11994,1,1,1,1
23.9000,3600,1,1,41544,0,79824,0.520451,8,6,8,54,276929,28.55084,0.00472,2.34587,0.00911,1,1,3,1.155194,1.000000,1.075328,-0.543046,-0.543006,14.417880,367,0.037662,0.004901,33254,13783,7397,4679,3122,2334,1794,1410,12050,1,1,1,1
22.3500,3601,1,1,39562,0,76153,0.519514,16,7,16,51,288336,27.47683,0.00491,2.34214,0.01070,1,1,2,1.167379,1.000000,1.500127,-0.005547,-0.005504,14.955402,5948,0.000368,0.076555,31544,13034,7145,4393,3022,2331,1709,1373,11601,1,1,1,1
22.4000,3601,1,1,40009,1,76867,0.520503,3,6,12,37,166792,27.51148,0.00491,2.34214,0.01070,0,1,3,3.246659,2.773453,2.773453,-0.022964,-0.022637,14.938054,5764,0.001515,0.074273,32005,13074,7214,4517,3055,2347,1801,1380,11473,1,1,1,1
23.0000,3601,1,1,40356,0,77525,0.520561,1,27,53,53,96623,27.92745,0.00491,2.34214,0.01070,1,1,2,1.303065,1.000000,9.771709,-0.231122,-0.231048,14.730276,3603,0.015685,0.047082,32291,13121,7209,4540,3070,2261,1717,1407,11908,1,1,1,1
23.9000,3601,1,1,41345,1,79238,0.521789,1,5,9,39,68845,28.55111,0.00491,2.34214,0.01070,0,1,3,4.188150,3.073135,3.073135,-0.542790,-0.542393,14.418998,363,0.037617,0.004846,32678,13563,7399,4619,3211,2407,1786,1488,12086,1,1,1,1
22.3500,3602,1,1,39686,0,76184,0.520930,15,25,25,48,1715096,27.47722,0.00491,2.33980,0.01245,1,1,2,1.201966,1.000000,5.698666,-0.005479,-0.005428,14.955932,5946,0.000363,0.076506,31687,12836,7105,4536,3044,2267,1783,1327,11598,1,1,1,1
22.4000,3602,1,1,39466,0,76182,0.518056,2,1,25,25,42783,27.51186,0.00491,2.33980,0.01245,1,1,3,1.413702,1.000000,1.137073,-0.022561,-0.022465,14.938769,5767,0.001504,0.074288,31456,13145,7083,4494,3129,2266,1698,1315,11595,1,1,1,1
23.0000,3602,1,1,40456,0,77693,0.520723,125,2,125,125,278454,27.92790,0.00491,2.33980,0.01245,1,1,3,1.392567,1.000000,1.071253,-0.230583,-0.230491,14.730781,3606,0.015647,0.047107,32383,12990,7234,4551,3210,2295,1808,1380,11841,1,1,1,1
23.9000,3602,1,1,41486,0,79831,0.519679,2,6,7,32,151835,28.55158,0.00491,2.33980,0.01245,1,1,3,1.149094,1.000000,1.196022,-0.542434,-0.542395,14.418481,363,0.037618,0.004845,33280,13562,7438,4699,3155,2301,1880,1483,12032,1,1,1,1
22.3500,3603,1,1,39640,0,76015,0.521483,3,4,14,29,69857,27.48716,0.00553,2.35338,0.00977,1,1,2,1.310179,1.000000,1.605031,-0.000143,-0.000068,14.961014,5947,0.000005,0.076471,31445,12880,7031,4489,3140,2303,1716,1337,11673,1,1,1,1
22.4000,3603,1,1,40022,0,76411,0.523780,4,5,14,104,120218,27.52179,0.00553,2.35338,0.00977,1,1,2,1.372997,1.000000,2.396815,-0.017517,-0.017429,14.943719,5768,0.001166,0.074255,31674,13070,6991,4543,3238,2242,1667,1416,11569,1,1,1,1
23.0000,3603,1,1,40281,1,77612,0.519011,2,61398,61398,61398,400781,27.93772,0.00553,2.35338,0.00977,0,1,3,1770.314627,1769.142871,1769.142871,-0.226398,-0.224322,14.734799,3607,0.015224,0.047094,32212,13144,7342,4655,3103,2314,1644,1356,11841,1,1,1,1
23.9000,3603,1,1,41363,1,79318,0.521490,2,53,5672,5672,51448,28.56141,0.00553,2.35338,0.00977,0,1,3,18.848064,17.216790,17.216790,-0.537604,-0.536789,14.424617,365,0.037213,0.004868,32766,13502,7298,4803,3167,2399,1763,1452,12167,1,1,1,1
22.3500,3604,1,1,39845,1,76272,0.522413,18,5,18,22,1040917,27.48368,0.00491,2.35256,0.01047,0,1,3,3.774539,2.753410,2.753410,-0.002207,-0.001839,14.959554,5951,0.000123,0.076509,31641,12887,7108,4485,3046,2321,1739,1385,11659,1,1,1,1
22.4000,3604,1,1,39761,1,76532,0.519541,1,7,10,1481,48261,27.51830,0.00491,2.35256,0.01047,0,1,3,1.724938,1.390292,1.390292,-0.019421,-0.019270,14.942078,5769,0.001290,0.074256,31841,12904,7150,4481,3115,2218,1785,1352,11685,1,1,1,1
23.0000,3604,1,1,40180,0,77339,0.519538,1,10,28,113,362802,27.93430,0.00491,2.35256,0.01047,1,0,2,1.180999,1.000000,2.326834,-0.227493,-0.227447,14.733920,3609,0.015437,0.047110,32007,13262,7022,4514,3130,2324,1748,1407,11924,1,1,1,1
23.9000,3604,1,1,41446,0,79782,0.519497,1,1,3,216,239748,28.55802,0.00491,2.35256,0.01047,1,1,3,1.412322,1.000000,1.224619,-0.539261,-0.539165,14.422047,363,0.037385,0.004841,33173,13536,7332,4835,3255,2354,1762,1492,12042,1,1,1,1
22.3500,3605,1,1,39901,1,76374,0.522449,1,9,32,32,7335764,27.48029,0.00510,2.36353,0.01027,0,0,3,4.084364,3.380594,3.380594,-0.003766,-0.003376,14.957591,5947,0.000226,0.076446,31806,12832,7148,4577,3103,2194,1753,1383,11577,1,1,1,1
22.4000,3605,1,1,40195,1,76915,0.522597,2,7,218,218,102982,27.51509,0.00510,2.36353,0.01027,0,1,3,4.613689,3.709955,3.709955,-0.021180,-0.020756,14.940648,5766,0.001389,0.074204,31908,13257,7187,4563,3134,2296,1698,1416,11455,1,1,1,1
23.0000,3605,1,1,40487,1,77644,0.521451,1,8,8,362,754514,27.93098,0.00510,2.36353,0.01027,0,1,3,2.616841,2.416203,2.416203,-0.229063,-0.228796,14.732600,3603,0.015530,0.047022,32343,13214,6986,4535,3220,2275,1760,1410,11900,1,1,1,1
23.9000,3605,1,1,41665,1,79692,0.522832,1,1,12,222,468805,28.55472,0.00510,2.36353,0.01027,0,1,3,1.544863,1.096251,1.096251,-0.540811,-0.540691,14.420512,359,0.037495,0.004787,33310,13436,7305,4697,3294,2321,1748,1419,12161,1,1,1,1
22.3500,3606,1,1,39867,1,76311,0.522435,6,3,16,87,192741,27.47930,0.00433,2.35906,0.00883,0,1,3,1.209830,1.003350,1.003350,-0.004607,-0.004554,14.956805,5962,0.000304,0.076622,31673,12947,7154,4418,3128,2299,1728,1372,11591,1,1,1,1
22.4000,3606,1,1,39901,1,76722,0.520079,4,12,12,65,172145,27.51390,0.00433,2.35906,0.00883,0,1,3,3.438577,2.809572,2.809572,-0.022050,-0.021707,14.939646,5776,0.001453,0.074317,31884,13123,7094,4529,3096,2230,1810,1379,11576,1,1,1,1
23.0000,3606,1,1,40384,0,77483,0.521205,3,1,100,100,120076,27.92986,0.00433,2.35906,0.00883,1,1,3,1.400532,1.000000,1.054532,-0.229896,-0.229802,14.731383,3613,0.015600,0.047144,32030,13255,7280,4502,3155,2290,1783,1394,11793,1,1,1,1
23.9000,3606,1,1,41508,0,79663,0.521051,1,64,64,120,194466,28.55362,0.00433,2.35906,0.00883,1,1,2,1.071903,1.000000,4.827330,-0.541985,-0.541966,14.418715,368,0.037588,0.004906,32988,13680,7474,4691,3268,2342,1741,1370,12108,1,1,1,1
22.3500,3607,1,1,39805,1,76384,0.521124,1,74,105,105,65513,27.47286,0.00487,2.35722,0.01133,0,1,3,3.857405,3.197548,3.160290,-0.007645,-0.007271,14.953694,5956,0.000486,0.076539,31914,12741,7178,4497,3080,2240,1702,1344,11687,1,1,1,1
22.4000,3607,1,1,39783,1,76360,0.520999,2,30,30,30,138720,27.50745,0.00487,2.35722,0.01133,0,1,3,1.835352,1.737891,1.737891,-0.024858,-0.024690,14.936714,5777,0.001653,0.074324,31707,12974,7033,4541,3065,2332,1712,1439,11556,1,1,1,1
23.0000,3607,1,1,40662,0,77787,0.522742,1,2,15,61,369236,27.92350,0.00487,2.35722,0.01133,1,0,3,1.393566,1.000000,1.296170,-0.232833,-0.232741,14.728531,3611,0.015802,0.047114,32370,13191,7202,4625,3136,2274,1754,1321,11913,1,1,1,1
23.9000,3607,1,1,41437,1,79638,0.520323,1,4,4,16,273207,28.54727,0.00487,2.35722,0.01133,0,1,3,1.475701,1.172188,1.172188,-0.544711,-0.544604,14.416738,365,0.037776,0.004865,32985,13500,7545,4686,3287,2384,1756,1446,12048,1,1,1,1
22.3500,3608,1,1,39966,0,76449,0.522787,10,23,464,464,102063,27.47900,0.00452,2.36650,0.00768,1,0,2,1.144802,1.000000,3.618172,-0.004701,-0.004664,14.956715,5961,0.000312,0.076567,31824,12967,7002,4506,3084,2355,1703,1377,11630,1,1,1,1
22.4000,3608,1,1,39744,0,76551,0.519190,2,106,106,106,5465727,27.51377,0.00452,2.36650,0.00768,1,0,2,1.020620,1.000000,2.268110,-0.022022,-0.022016,14.939397,5779,0.001474,0.074315,31771,13108,7108,4508,3115,2174,1813,1363,11590,1,1,1,1
23.0000,3608,1,1,40229,1,77597,0.518442,3,28,33,138,23844114,27.92970,0.00452,2.36650,0.00768,0,1,3,1.936261,1.593229,1.593229,-0.229936,-0.229753,14.731604,3614,0.015596,0.047130,32335,13062,7093,4509,3145,2383,1813,1381,11875,1,1,1,1
23.9000,3608,1,1,41315,1,79445,0.520052,1,5,14,4030,76656,28.55350,0.00452,2.36650,0.00768,0,1,3,1.710506,1.374772,1.374772,-0.541815,-0.541666,14.419681,368,0.037564,0.004903,32964,13384,7401,4652,3270,2382,1831,1410,12150,1,1,1,1
22.3500,3609,1,1,39865,1,76309,0.522422,1,16,53,53,784679,27.47641,0.00887,2.36904,0.00826,0,1,3,2.070647,1.486907,1.300159,-0.003804,-0.003602,14.957571,5961,0.000241,0.076541,31558,13046,7082,4624,3187,2268,1641,1302,11600,1,1,1,1
22.4000,3609,1,1,39839,1,76245,0.522520,1,5,8,40,550880,27.51098,0.00887,2.36904,0.00826,0,1,3,1.388301,1.282324,1.282324,-0.021088,-0.020997,14.940399,5777,0.001405,0.074264,31565,12832,7074,4586,3076,2333,1767,1359,11652,1,1,1,1
23.0000,3609,1,1,40739,1,78203,0.520946,1,5,9,27,476366,27.92699,0.00887,2.36904,0.00826,0,1,3,1.903262,1.467221,1.467221,-0.229109,-0.228931,14.732397,3611,0.015539,0.047075,32647,13177,7256,4655,3306,2359,1700,1386,11716,1,1,1,1
23.9000,3609,1,1,41410,0,79462,0.521136,1,30,30,30,18211,28.55080,0.00887,2.36904,0.00826,1,1,2,1.197626,1.000000,6.744233,-0.541228,-0.541178,14.419775,363,0.037530,0.004835,32865,13496,7401,4629,3237,2396,1834,1449,12154,1,1,1,1
22.3500,3610,1,1,39710,0,76475,0.519261,16,2,33,36,471824,27.47664,0.00471,2.36810,0.00880,1,1,3,1.404220,1.000000,1.048085,-0.005669,-0.005575,14.955684,5959,0.000373,0.076504,31901,12917,7017,4480,3120,2248,1734,1366,11691,1,1,1,1
22.4000,3610,1,1,39753,1,76289,0.521091,1,13,25,173,72748,27.51140,0.00471,2.36810,0.00880,0,1,3,9.463936,7.135227,7.135227,-0.023315,-0.022693,14.938707,5778,0.001519,0.074265,31422,13115,7102,4457,3132,2206,1797,1397,11660,1,1,1,1
23.0000,3610,1,1,40351,1,77746,0.519017,1,11,47,47,80229,27.92728,0.00471,2.36810,0.00880,0,1,3,1.948474,1.377781,1.055849,-0.230994,-0.230809,14.730417,3612,0.015669,0.047082,32242,13330,7158,4504,3216,2302,1730,1390,11873,1,1,1,1
23.9000,3610,1,1,41666,0,79882,0.521601,2,6,14,94,16959,28.55112,0.00471,2.36810,0.00880,1,1,3,1.155657,1.000000,1.130967,-0.542920,-0.542880,14.418009,363,0.037653,0.004834,33254,13541,7428,4620,3296,2432,1819,1429,12062,1,1,1,1
22.3500,3611,1,1,39802,0,76482,0.520417,1,30,140,140,174913,27.47861,0.00432,2.36455,0.00935,1,1,2,1.374152,1.000000,14.063404,-0.005175,-0.005087,14.956064,5963,0.000340,0.076532,31734,13037,7171,4591,3113,2208,1752,1261,11614,1,1,1,1
22.4000,3611,1,1,39839,1,76376,0.521624,1,2,4,5360,293044,27.51335,0.00432,2.36455,0.00935,0,1,3,2.122857,1.689365,1.689365,-0.022247,-0.022038,14.939305,5782,0.001475,0.074293,31605,13046,7225,4420,3055,2256,1706,1433,11629,1,1,1,1
23.0000,3611,1,1,40420,0,77988,0.518292,1,8,21,214,727212,27.92932,0.00432,2.36455,0.00935,1,0,2,1.200941,1.000000,2.150433,-0.230268,-0.230218,14.731144,3616,0.015628,0.047118,32287,13334,7371,4464,3239,2332,1842,1376,11742,1,1,1,1
23.9000,3611,1,1,41339,1,79320,0.521174,1,2,4,28,336553,28.55298,0.00432,2.36455,0.00935,0,1,3,1.611114,1.395511,1.395511,-0.542030,-0.541898,14.419477,366,0.037581,0.004872,32636,13566,7571,4586,3210,2324,1774,1413,12239,1,1,1,1
22.3500,3612,1,1,39699,1,76129,0.521477,5,7,33,33,93793,27.47597,0.00451,2.36172,0.00860,0,1,3,1.517447,1.080286,1.017938,-0.006143,-0.006028,14.955231,5964,0.000403,0.076528,31316,13242,7029,4519,3053,2246,1666,1333,11724,1,1,1,1
22.4000,3612,1,1,39899,1,76516,0.521453,2,3,318,318,267559,27.51052,0.00451,2.36172,0.00860,0,0,3,1.633669,1.253888,1.253888,-0.023457,-0.023321,14.937755,5785,0.001561,0.074318,31791,13064,7139,4377,3125,2197,1701,1389,11732,1,1,1,1
23.0000,3612,1,1,40398,0,77665,0.520164,1,6,6,30,128090,27.92656,0.00451,2.36172,0.00860,1,0,2,1.213780,1.000000,1.625365,-0.231513,-0.231459,14.729898,3616,0.015714,0.047109,32269,13255,7148,4563,3220,2330,1716,1351,11812,1,1,1,1
23.9000,3612,1,1,41563,1,79803,0.520827,1,78,78,83,50176,28.55024,0.00451,2.36172,0.00860,0,1,3,1.621890,1.275156,1.275156,-0.543313,-0.543179,14.418159,366,0.037673,0.004871,33151,13481,7589,4692,3234,2246,1775,1523,12111,1,1,1,1
22.3500,3613,1,1,39816,0,76454,0.520791,1,2,71,100,257943,27.47364,0.00577,2.35709,0.01181,1,1,2,1.375290,1.000000,1.704688,-0.006699,-0.006611,14.954541,5962,0.000442,0.076485,31758,13017,7060,4589,2983,2303,1712,1370,11661,1,1,1,1
22.4000,3613,1,1,39902,0,76569,0.521132,1,3,10,31,140000,27.50837,0.00577,2.35709,0.01181,1,0,2,1.384616,1.000000,2.137729,-0.024089,-0.023999,14.937281,5781,0.001607,0.074249,31646,13143,7020,4550,3055,2411,1776,1376,11591,1,1,1,1
23.0000,3613,1,1,40401,1,77643,0.520350,30,18,125,125,408892,27.92429,0.00577,2.35709,0.01181,0,1,3,2.069862,1.591382,1.591382,-0.232009,-0.231807,14.729519,3613,0.015738,0.047058,32243,13102,7289,4508,3158,2246,1784,1422,11890,1,1,1,1
23.9000,3613,1,1,41674,0,79844,0.521949,37,4,37,61,70009,28.54799,0.00577,2.35709,0.01181,1,0,3,1.246157,1.000000,1.176359,-0.543817,-0.543756,14.417590,363,0.037715,0.004830,33117,13620,7469,4725,3164,2319,1835,1490,12104,1,1,1,1
22.3500,3614,1,1,39682,0,76516,0.518617,1,26,61,4917,70655,27.47777,0.00621,2.36398,0.00939,1,1,2,1.042612,1.000000,1.190570,-0.004299,-0.004288,14.956253,5966,0.000287,0.076506,31755,13231,7017,4473,3029,2216,1825,1315,11654,1,1,1,1
22.4000,3614,1,1,39730,0,76404,0.520006,1,4,118,118,80044,27.51248,0.00621,2.36398,0.00939,1,1,2,1.299223,1.000000,1.736769,-0.021705,-0.021633,14.939440,5785,0.001448,0.074269,31575,12972,7094,4506,3150,2383,1672,1445,11606,1,1,1,1
23.0000,3614,1,1,40301,1,77607,0.519303,1,5,16,31,135248,27.92848,0.00621,2.36398,0.00939,0,0,3,2.275132,1.658784,1.658784,-0.229701,-0.229473,14.731674,3616,0.015577,0.047078,32183,13091,7198,4627,3134,2280,1792,1377,11924,1,1,1,1
23.9000,3614,1,1,41483,1,79727,0.520320,5,2,5,2633,619867,28.55220,0.00621,2.36398,0.00939,0,1,3,1.886887,1.448087,1.448087,-0.541539,-0.541364,14.419977,364,0.037543,0.004841,33027,13558,7488,4608,3301,2414,1760,1403,12167,1,1,1,1
22.3500,3615,1,1,39993,1,76605,0.522075,1,3,37,102,111132,27.47534,0.00601,2.35549,0.00882,0,1,3,1.692347,1.302322,1.302322,-0.005751,-0.005605,14.955721,5965,0.000375,0.076475,31874,12962,7057,4582,3158,2214,1762,1395,11600,1,1,1,1
22.4000,3615,1,1,39783,1,76561,0.519632,1,3,55,55,97144,27.51005,0.00601,2.35549,0.00882,0,1,3,2.127930,1.563010,1.563010,-0.023128,-0.022919,14.938378,5784,0.001534,0.074241,31734,13115,7014,4530,3128,2269,1744,1355,11671,1,1,1,1
23.0000,3615,1,1,40838,0,78035,0.523336,3,62,62,62,481126,27.92594,0.00601,2.35549,0.00882,1,1,2,1.209086,1.000000,14.427694,-0.231380,-0.231328,14.730031,3615,0.015705,0.047057,32538,13231,7197,4598,3168,2248,1776,1374,11904,1,1,1,1
23.9000,3615,1,1,41695,1,79980,0.521324,1,9,52,56,118039,28.54967,0.00601,2.35549,0.00882,0,0,3,2.180340,1.689158,1.689158,-0.542950,-0.542734,14.418330,369,0.037642,0.004907,33371,13459,7446,4637,3305,2380,1824,1426,12131,1,1,1,1
22.3500,3616,1,1,39728,0,76734,0.517743,27,9,115,115,47316,27.46595,0.00981,2.34867,0.01102,1,1,2,1.198661,1.000000,2.172994,-0.008546,-0.008496,14.952460,5973,0.000568,0.076573,32127,13024,6977,4554,3138,2237,1693,1391,11592,1,1,1,1
22.4000,3616,1,1,40181,1,76849,0.522863,1,2,9,49,113173,27.50065,0.00981,2.34867,0.01102,0,1,3,2.171784,1.631242,1.631242,-0.025855,-0.025640,14.935672,5792,0.001717,0.074336,32007,13089,7160,4523,3190,2302,1680,1339,11558,1,1,1,1
23.0000,3616,1,1,40543,1,77836,0.520884,1,6,6,160,273343,27.91662,0.00981,2.34867,0.01102,0,0,3,3.070223,2.426133,2.426133,-0.233893,-0.233582,14.727455,3623,0.015860,0.047156,32274,13367,7213,4522,3201,2235,1837,1390,11796,1,1,1,1
23.9000,3616,1,1,41392,0,79857,0.518333,107,2,107,152,181270,28.54037,0.00981,2.34867,0.01102,1,1,3,1.413031,1.000000,1.122204,-0.545662,-0.545566,14.415650,368,0.037845,0.004893,33132,13493,7459,4715,3273,2434,1855,1417,12078,1,1,1,1
22.3500,3617,1,1,39805,1,76729,0.518781,1,8,10,84,24914,27.47412,0.00489,2.34869,0.00991,0,1,3,4.498254,3.742806,3.742806,-0.006929,-0.006513,14.954324,5976,0.000436,0.076581,31847,13049,7147,4470,3105,2361,1741,1358,11650,1,1,1,1
22.4000,3617,1,1,40045,1,76564,0.523033,1,5,23,67,161502,27.50881,0.00489,2.34869,0.00991,0,1,3,1.842550,1.586124,1.586124,-0.024154,-0.023985,14.937389,5790,0.001606,0.074282,31973,12967,7078,4406,3156,2193,1719,1316,11755,1,1,1,1
23.0000,3617,1,1,40858,0,78263,0.522067,1,3,241,241,88927,27.92485,0.00489,2.34869,0.00991,1,1,2,1.395412,1.000000,2.003043,-0.232207,-0.232114,14.729064,3621,0.015759,0.047112,32593,13230,7276,4657,3128,2341,1816,1445,11776,1,1,1,1
23.9000,3617,1,1,41584,0,79777,0.521260,1,12,12,46,119828,28.54863,0.00489,2.34869,0.00991,1,1,2,1.413002,1.000000,6.823317,-0.544264,-0.544169,14.417048,365,0.037745,0.004852,33059,13656,7456,4712,3162,2349,1794,1409,12179,1,1,1,1
22.3500,3618,1,1,40147,1,76945,0.521769,3,3,35,35,604524,27.47279,0.00489,2.34965,0.00805,0,1,3,2.387869,1.887766,1.887766,-0.007620,-0.007380,14.953965,5972,0.000494,0.076510,32006,13067,7277,4501,3028,2361,1828,1341,11535,1,1,1,1
22.4000,3618,1,1,39939,1,76745,0.520419,1,7,48,75,180006,27.50747,0.00489,2.34965,0.00805,0,1,3,4.466865,3.579779,3.579779,-0.025051,-0.024637,14.936234,5791,0.001649,0.074280,31844,13280,7035,4492,3085,2228,1696,1360,11724,1,1,1,1
23.0000,3618,1,1,40592,0,77936,0.520844,22,20,22,29,46797,27.92340,0.00489,2.34965,0.00805,1,0,2,1.084263,1.000000,1.787048,-0.232918,-0.232896,14.728500,3620,0.015813,0.047088,32399,13194,7274,4563,3150,2239,1778,1410,11928,1,1,1,1
23.9000,3618,1,1,41667,1,80087,0.520278,1,3,39,39,649695,28.54719,0.00489,2.34965,0.00805,0,1,3,1.693362,1.512169,1.512169,-0.544789,-0.544644,14.416763,364,0.037778,0.004837,33225,13587,7434,4666,3322,2451,1757,1443,12201,1,1,1,1
22.3500,3619,1,1,39943,1,76669,0.520987,8,42,42,491,133989,27.47391,0.00470,2.35109,0.00926,0,0,3,3.246967,3.137340,3.137340,-0.007167,-0.006841,14.953647,5974,0.000457,0.076516,31748,12914,7265,4447,3152,2258,1773,1386,11725,1,1,1,1
22.4000,3619,1,1,39915,1,76531,0.521560,1,14,66,66,69096,27.50858,0.00470,2.35109,0.00926,0,1,3,10.507680,7.703722,7.703722,-0.024624,-0.023974,14.937437,5794,0.001605,0.074292,31834,12949,7061,4528,3057,2285,1725,1404,11687,1,1,1,1
23.0000,3619,1,1,40440,0,77782,0.519921,1,2,34,178,196681,27.92458,0.00470,2.35109,0.00926,1,1,3,1.365296,1.000000,1.324265,-0.232376,-0.232290,14.728851,3624,0.015771,0.047126,32176,13181,7138,4628,3194,2368,1674,1383,12039,1,1,1,1
23.9000,3619,1,1,41399,1,79561,0.520349,1,82,82,82,173722,28.54839,0.00470,2.35109,0.00926,0,1,3,2.060260,1.467615,1.173566,-0.544272,-0.544072,14.417120,364,0.037738,0.004836,32916,13476,7387,4689,3192,2420,1824,1450,12206,1,1,1,1
22.3500,3620,1,1,39829,1,76554,0.520280,1,2,149,149,74271,27.47094,0.00570,2.34566,0.00804,0,1,3,2.322315,1.689808,1.689808,-0.008187,-0.007954,14.953138,5976,0.000532,0.076524,31854,12910,7040,4461,3085,2276,1788,1426,11713,1,1,1,1
22.4000,3620,1,1,39941,1,76984,0.518829,4,2,10,14175,283425,27.50559,0.00570,2.34566,0.00804,0,1,3,1.511642,1.147470,1.147470,-0.025465,-0.025351,14.935969,5795,0.001697,0.074291,32167,12952,7205,4455,3151,2293,1790,1374,11596,1,1,1,1
23.0000,3620,1,1,40862,0,78348,0.521552,1,1,60,60,470620,27.92148,0.00570,2.34566,0.00804,1,1,3,1.401025,1.000000,1.098029,-0.233395,-0.233302,14.727885,3622,0.015841,0.047090,32600,13408,7341,4592,3208,2300,1683,1420,11795,1,1,1,1
23.9000,3620,1,1,41379,1,79619,0.519719,1,4,12,18,149796,28.54531,0.00570,2.34566,0.00804,0,1,3,3.039726,2.394450,2.394450,-0.545426,-0.545119,14.416220,366,0.037813,0.004861,32941,13478,7332,4753,3240,2419,1793,1385,12277,1,1,1,1
22.3500,3621,1,1,39988,0,76595,0.522077,6,4,17,36,35566,27.46495,0.00589,2.34406,0.01046,1,0,2,1.251421,1.000000,1.286096,-0.010982,-0.010920,14.950425,5974,0.000730,0.076491,31914,12993,7070,4429,3076,2255,1723,1386,11748,1,1,1,1
22.4000,3621,1,1,39770,0,76597,0.519218,3,2,11,74,322749,27.49960,0.00589,2.34406,0.01046,1,1,3,1.405148,1.000000,1.162669,-0.028293,-0.028199,14.932996,5792,0.001888,0.074247,31813,12969,7140,4596,3027,2255,1681,1351,11764,1,1,1,1
23.0000,3621,1,1,40754,0,78250,0.520825,1,9,9,161,10837146,27.91556,0.00589,2.34406,0.01046,1,1,2,1.135642,1.000000,1.459275,-0.236307,-0.236272,14.724582,3619,0.016046,0.047048,32400,13364,7429,4581,3222,2304,1852,1339,11758,1,1,1,1
23.9000,3621,1,1,41558,0,79890,0.520197,1,101,101,108,209578,28.53922,0.00589,2.34406,0.01046,1,1,2,1.057809,1.000000,6.126533,-0.548336,-0.548320,14.412305,361,0.038045,0.004795,33288,13464,7476,4713,3165,2334,1775,1439,12235,1,1,1,1
22.3500,3622,1,1,39643,1,76321,0.519431,1,192,192,240,53872,27.46823,0.00632,2.34430,0.00889,0,1,3,2.187288,1.666053,1.577580,-0.009088,-0.008872,14.952215,5979,0.000593,0.076524,31538,12971,7103,4457,3043,2257,1744,1366,11841,1,1,1,1
22.4000,3622,1,1,40306,0,76996,0.523489,1,158,158,158,58847,27.50286,0.00632,2.34430,0.00889,1,1,2,1.097958,1.000000,16.407896,-0.026734,-0.026708,14.934684,5798,0.001788,0.074295,31976,13144,7060,4526,3124,2368,1742,1420,11635,1,1,1,1
23.0000,3622,1,1,40538,0,77955,0.520025,1,45,45,45,104288,27.91891,0.00632,2.34430,0.00889,1,1,2,1.029484,1.000000,1.416150,-0.234413,-0.234405,14.727007,3624,0.015917,0.047092,32334,13124,7255,4603,3131,2371,1832,1356,11948,1,1,1,1
23.9000,3622,1,1,41331,1,79370,0.520745,1,47,151,151,2151842,28.54259,0.00632,2.34430,0.00889,0,1,3,5.058757,4.651940,4.651940,-0.546421,-0.545973,14.415423,368,0.037874,0.004885,32818,13456,7258,4655,3176,2385,1861,1439,12321,1,1,1,1
22.3500,3623,1,1,39913,1,76549,0.521411,3,7,8,40,127322,27.46963,0.00698,2.34855,0.00915,0,1,3,2.739016,2.483879,2.483879,-0.008240,-0.007962,14.952791,5979,0.000532,0.076500,31763,12929,7117,4584,3069,2280,1756,1369,11681,1,1,1,1
22.4000,3623,1,1,40401,1,77139,0.523750,1,3,147,147,1007103,27.50426,0.00698,2.34855,0.00915,0,1,3,1.596681,1.314012,1.314012,-0.025468,-0.025339,14.936018,5798,0.001697,0.074268,32151,13035,7261,4514,3186,2281,1696,1378,11636,1,1,1,1
23.0000,3623,1,1,40699,1,78356,0.519418,6,14,14,50,314129,27.92019,0.00698,2.34855,0.00915,0,1,3,3.594421,2.981094,2.981094,-0.233545,-0.233192,14.728169,3623,0.015833,0.047063,32448,13448,7319,4657,3184,2299,1773,1398,11829,1,1,1,1
23.9000,3623,1,1,41676,0,79929,0.521419,1,4,8,84,225577,28.54389,0.00698,2.34855,0.00915,1,1,2,1.288063,1.000000,1.674095,-0.545315,-0.545245,14.415817,363,0.037823,0.004818,32906,13671,7458,4923,3245,2329,1897,1431,12068,1,1,1,1
22.3500,3624,1,1,40009,1,76959,0.519881,6,49,49,49,38187,27.47445,0.00488,2.34482,0.00857,0,1,3,18.551375,17.114011,17.114011,-0.007086,-0.006280,14.955137,5984,0.000420,0.076531,31851,13247,7130,4567,3106,2273,1768,1385,11631,1,1,1,1
22.4000,3624,1,1,39956,0,76531,0.522096,3,3,14,40,1264374,27.50907,0.00488,2.34482,0.00857,1,1,2,1.375826,1.000000,1.743599,-0.024076,-0.023988,14.937166,5801,0.001606,0.074280,31678,13061,7198,4429,3062,2253,1754,1349,11746,1,1,1,1
23.0000,3624,1,1,40948,0,78477,0.521790,8,4,382,382,170032,27.92507,0.00488,2.34482,0.00857,1,1,2,1.411674,1.000000,2.403443,-0.232126,-0.232031,14.729214,3626,0.015753,0.047085,32774,13391,7272,4568,3164,2359,1740,1360,11848,1,1,1,1
23.9000,3624,1,1,41477,1,79736,0.520186,199,79,199,199,3817720,28.54879,0.00488,2.34482,0.00857,0,1,3,23.216610,22.190441,22.190441,-0.544292,-0.543424,14.415655,365,0.037697,0.004843,32877,13658,7361,4636,3300,2423,1805,1443,12232,1,1,1,1
22.3500,3625,1,1,39955,1,76737,0.520681,1,1,3,45,108867,27.47085,0.00507,2.34941,0.00860,0,0,3,1.462552,1.116776,1.116776,-0.008339,-0.008234,14.953128,5980,0.000551,0.076469,31937,13099,7018,4569,3005,2255,1771,1426,11656,1,1,1,1
22.4000,3625,1,1,40000,0,76790,0.520908,1,2,116,116,103864,27.50565,0.00507,2.34941,0.00860,1,0,2,1.396925,1.000000,1.861642,-0.025815,-0.025722,14.935547,5800,0.001722,0.074255,31906,13093,6980,4485,3169,2275,1769,1338,11774,1,1,1,1
23.0000,3625,1,1,40636,0,78087,0.520401,9,1,152,152,177035,27.92154,0.00507,2.34941,0.00860,1,1,3,1.384377,1.000000,1.062899,-0.233669,-0.233579,14.727702,3624,0.015860,0.047051,32464,13157,7296,4567,3163,2319,1769,1399,11952,1,1,1,1
23.9000,3625,1,1,41772,0,80126,0.521335,1,3,42,1013,455409,28.54527,0.00507,2.34941,0.00860,1,0,2,1.381527,1.000000,2.004698,-0.545638,-0.545548,14.415735,362,0.037844,0.004802,33215,13615,7479,4805,3241,2373,1852,1457,12088,1,1,1,1
22.3500,3626,1,1,39859,1,76479,0.521183,1,8,275,275,66949,27.47143,0.00682,2.34770,0.00860,0,1,3,6.117968,4.521775,4.521775,-0.007500,-0.007001,14.953716,5982,0.000468,0.076471,31334,13142,7307,4534,3012,2303,1748,1457,11641,1,1,1,1
22.4000,3626,1,1,39953,1,76973,0.519059,1,43,43,58,104791,27.50603,0.00682,2.34770,0.00860,0,1,3,29.302275,22.004220,22.004220,-0.025019,-0.024087,14.936290,5800,0.001613,0.074231,31874,13163,7173,4573,3098,2312,1740,1339,11700,1,1,1,1
23.0000,3626,1,1,40635,1,78177,0.519789,1,25,25,25,167666,27.92199,0.00682,2.34770,0.00860,0,1,3,3.164445,2.929727,2.929727,-0.232723,-0.232405,14.728993,3624,0.015779,0.047034,32437,13217,7285,4666,3113,2314,1775,1471,11898,1,1,1,1
23.9000,3626,1,1,41746,0,80105,0.521148,1,1157,1157,1157,193811,28.54575,0.00682,2.34770,0.00860,1,1,2,1.045616,1.000000,54.041651,-0.545003,-0.544991,14.415572,361,0.037806,0.004787,33438,13485,7303,4836,3197,2457,1748,1383,12257,1,1,1,1
22.3500,3627,1,1,40210,0,77016,0.522106,1,5,332,332,174994,27.47081,0.00948,2.34781,0.00869,1,1,2,1.262710,1.000000,1.929418,-0.006292,-0.006228,14.954808,5993,0.000416,0.076585,31991,13118,7219,4475,3170,2354,1784,1310,11594,1,1,1,1
22.4000,3627,1,1,39914,0,76358,0.522729,15,2,20,162,891123,27.50540,0.00948,2.34781,0.00869,1,1,2,1.414146,1.000000,1.576997,-0.023553,-0.023458,14.937769,5813,0.001570,0.074369,31469,12875,7099,4659,3142,2184,1740,1495,11694,1,1,1,1
23.0000,3627,1,1,40686,0,78308,0.519570,7,12,15,1097,129151,27.92144,0.00948,2.34781,0.00869,1,1,2,1.222902,1.000000,3.070429,-0.231671,-0.231616,14.729374,3633,0.015725,0.047137,32430,13317,7333,4683,3218,2368,1831,1384,11743,1,1,1,1
23.9000,3627,1,1,41687,1,80286,0.519238,6,16,16,259,62137,28.54522,0.00948,2.34781,0.00869,0,1,3,1.656276,1.184481,1.054598,-0.543404,-0.543265,14.418003,369,0.037680,0.004891,33205,13614,7612,4742,3307,2555,1781,1456,12013,1,1,1,1
22.3500,3628,1,1,40109,1,77052,0.520551,4,3,29,66,247652,27.47598,0.00616,2.34767,0.00897,0,1,3,1.773974,1.256115,1.226810,-0.005225,-0.005067,14.956176,5994,0.000339,0.076569,31927,13238,7191,4571,3151,2304,1759,1412,11498,1,1,1,1
22.4000,3628,1,1,40111,1,76956,0.521227,8,15,20,82,50884,27.51075,0.00616,2.34767,0.00897,0,1,3,3.286403,3.193791,3.193791,-0.022753,-0.022425,14.938992,5812,0.001501,0.074330,31913,12898,7173,4605,3156,2267,1828,1360,11755,1,1,1,1
23.0000,3628,1,1,40568,0,78286,0.518209,4,7,50,50,500586,27.92668,0.00616,2.34767,0.00897,1,1,2,1.388304,1.000000,3.534941,-0.230731,-0.230640,14.730638,3634,0.015657,0.047133,32497,13335,7233,4645,3244,2335,1731,1359,11906,1,1,1,1
23.9000,3628,1,1,41748,0,80272,0.520088,1,4,40,40,981532,28.55048,0.00616,2.34767,0.00897,1,1,2,1.342892,1.000000,2.011777,-0.542550,-0.542469,14.418650,369,0.037623,0.004889,33475,13553,7537,4748,3214,2484,1775,1418,12067,1,1,1,1
22.3500,3629,1,1,40094,0,76741,0.522465,1,278,278,278,4048847,27.47831,0.00449,2.35524,0.01063,1,0,2,1.026867,1.000000,7.616845,-0.005284,-0.005277,14.956136,5991,0.000353,0.076510,31710,13089,7138,4585,3091,2217,1785,1444,11681,1,1,1,1
22.4000,3629,1,1,40131,1,76917,0.521751,16,5,16,211,70605,27.51288,0.00449,2.35524,0.01063,0,1,3,2.339259,2.078471,2.078471,-0.022391,-0.022157,14.938224,5809,0.001483,0.074275,31912,13141,7124,4518,3124,2234,1741,1363,11759,1,1,1,1
23.0000,3629,1,1,40915,1,78583,0.520666,1,17,17,17,61209,27.92888,0.00449,2.35524,0.01063,0,1,3,5.742734,5.149004,5.149004,-0.230517,-0.230036,14.730720,3631,0.015616,0.047080,32797,13439,7352,4636,3132,2298,1765,1358,11805,1,1,1,1
23.9000,3629,1,1,41787,1,79980,0.522475,3,3,115,115,373324,28.55270,0.00449,2.35524,0.01063,0,1,3,2.239757,1.744381,1.744381,-0.542275,-0.542053,14.418757,365,0.037594,0.004835,33067,13641,7464,4678,3290,2388,1815,1458,12178,1,1,1,1
22.3500,3630,1,1,40467,1,77141,0.524592,1,4,36,139,93122,27.47246,0.00542,2.35090,0.01218,0,1,3,2.988110,2.406048,2.406048,-0.007517,-0.007216,14.954167,5994,0.000483,0.076537,31998,13123,7296,4544,3165,2208,1759,1427,11620,1,1,1,1
22.4000,3630,1,1,40047,1,77028,0.519909,1,23,23,216,65716,27.50721,0.00542,2.35090,0.01218,0,1,3,3.776553,3.676211,3.676211,-0.024951,-0.024585,14.936828,5813,0.001646,0.074312,31842,13139,7236,4644,3053,2326,1757,1401,11629,1,1,1,1
23.0000,3630,1,1,40953,1,78726,0.520203,3,4,9,17,81898,27.92310,0.00542,2.35090,0.01218,0,1,3,3.278138,2.430615,2.430615,-0.232839,-0.232512,14.728189,3634,0.015787,0.047114,32874,13334,7277,4697,3306,2296,1846,1379,11716,1,1,1,1
23.9000,3630,1,1,41659,1,80098,0.520107,1,10,13,38,349640,28.54693,0.00542,2.35090,0.01218,0,1,3,5.933466,4.928403,4.928403,-0.544853,-0.544362,14.416412,367,0.037760,0.004861,33200,13562,7491,4654,3277,2408,1865,1382,12258,1,1,1,1
22.3500,3631,1,1,40139,1,77066,0.520846,4,22,48287,48287,398291,27.47183,0.00430,2.35141,0.01057,0,1,3,4.755894,4.362529,4.362529,-0.008411,-0.007982,14.953414,5997,0.000534,0.076558,31919,13197,7323,4417,3110,2299,1731,1395,11674,1,1,1,1
22.4000,3631,1,1,40033,1,77110,0.519174,1,16,246,246,190238,27.50657,0.00430,2.35141,0.01057,0,1,3,10.780556,8.530651,8.530651,-0.025876,-0.025221,14.935442,5813,0.001689,0.074299,32242,12925,7084,4525,3159,2293,1742,1407,11732,1,1,1,1
23.0000,3631,1,1,40667,1,78025,0.521211,2,190,1695,1695,200591,27.92253,0.00430,2.35141,0.01057,0,1,3,4.749833,4.004297,3.940745,-0.233751,-0.233322,14.728045,3634,0.015842,0.047102,32415,13240,7217,4520,3210,2315,1770,1348,11989,1,1,1,1
23.9000,3631,1,1,41803,1,80211,0.521169,25,5,130,130,354597,28.54619,0.00430,2.35141,0.01057,0,1,3,2.153536,1.939171,1.939171,-0.545484,-0.545273,14.415013,366,0.037827,0.004847,33312,13502,7443,4749,3265,2340,1876,1500,12223,1,1,1,1
22.3500,3632,1,1,40144,0,76716,0.523287,10,8,177,177,120599,27.47545,0.00449,2.35764,0.00907,1,1,2,1.339495,1.000000,3.279629,-0.006587,-0.006507,14.954609,5999,0.000435,0.076557,31729,13051,7104,4603,3121,2277,1783,1459,11588,1,1,1,1
22.4000,3632,1,1,40244,0,77199,0.521309,1,31,31,123,223008,27.50999,0.00449,2.35764,0.00907,1,1,2,1.367564,1.000000,13.980801,-0.024060,-0.023974,14.937321,5818,0.001605,0.074333,32104,13271,7086,4499,3052,2295,1796,1420,11675,1,1,1,1
23.0000,3632,1,1,40986,0,78236,0.523883,1,22,22,22,85175,27.92603,0.00449,2.35764,0.00907,1,1,2,1.074567,1.000000,1.881981,-0.231800,-0.231780,14.728917,3639,0.015736,0.047151,32419,13312,7303,4571,3204,2362,1763,1396,11905,1,1,1,1
23.9000,3632,1,1,41715,1,80129,0.520605,1,23,92,98,283749,28.54971,0.00449,2.35764,0.00907,0,0,3,2.780695,2.327465,2.327465,-0.543672,-0.543391,14.417563,370,0.037690,0.004898,33238,13549,7506,4638,3242,2385,1845,1517,12208,1,1,1,1
22.3500,3633,1,1,39759,1,76444,0.520113,1,12,126,180,94976,27.47210,0.00468,2.36243,0.00886,0,0,3,3.792621,3.106999,3.106999,-0.008094,-0.007727,14.953261,5997,0.000517,0.076517,31567,12997,7097,4533,3144,2238,1735,1366,11766,1,1,1,1
22.4000,3633,1,1,40253,1,76941,0.523174,1,124,672,672,86182,27.50683,0.00468,2.36243,0.00886,0,1,3,42.239057,39.444560,39.444560,-0.025806,-0.024775,14.935456,5815,0.001659,0.074283,31924,12943,7378,4512,3180,2235,1735,1372,11661,1,1,1,1
23.0000,3633,1,1,40717,1,77950,0.522354,1,33,33,87,164892,27.92275,0.00468,2.36243,0.00886,0,1,3,9.991614,9.201635,9.201635,-0.233569,-0.232935,14.727702,3635,0.015816,0.047090,32301,13230,7137,4519,3140,2388,1769,1426,12039,1,1,1,1
23.9000,3633,1,1,41592,0,80046,0.519608,6,35,35,191,273419,28.54645,0.00468,2.36243,0.00886,1,1,2,1.414147,1.000000,17.665319,-0.545508,-0.545412,14.415820,367,0.037834,0.004857,33441,13395,7426,4783,3157,2315,1846,1395,12287,1,1,1,1
22.3500,3634,1,1,39838,0,76704,0.519380,1,4,5,149,170802,27.47896,0.00468,2.36703,0.00964,1,0,3,1.217003,1.000000,1.233296,-0.004469,-0.004414,14.956943,5999,0.000295,0.076503,31784,13012,7091,4599,3056,2235,1715,1426,11785,1,1,1,1
22.4000,3634,1,1,40245,1,77062,0.522249,1,12,32,44,1373223,27.51367,0.00468,2.36703,0.00964,0,1,3,9.301985,6.594534,6.594534,-0.022062,-0.021448,14.939964,5818,0.001436,0.074279,31925,13117,7340,4483,3061,2277,1742,1393,11723,1,1,1,1
23.0000,3634,1,1,40958,0,78584,0.521207,1,1,42,83,169011,27.92967,0.00468,2.36703,0.00964,1,1,3,1.269558,1.000000,1.010858,-0.229793,-0.229727,14.731648,3636,0.015594,0.047077,32795,13415,7190,4624,3149,2333,1815,1426,11836,1,1,1,1
23.9000,3634,1,1,41654,0,79824,0.521830,2,7,57,57,2917448,28.55339,0.00468,2.36703,0.00964,1,0,3,1.117339,1.000000,1.040637,-0.541661,-0.541631,14.419757,366,0.037562,0.004841,32983,13504,7404,4807,3275,2396,1870,1419,12165,1,1,1,1
22.3500,3635,1,1,40048,0,76810,0.521397,5,75,75,75,120670,27.47549,0.00502,2.36674,0.00959,1,1,2,1.265597,1.000000,22.845129,-0.006560,-0.006495,14.954545,6001,0.000434,0.076519,31876,13066,7113,4567,3098,2273,1726,1482,11608,1,1,1,1
22.4000,3635,1,1,40407,1,77262,0.522993,10,49,49,71,93126,27.51020,0.00502,2.36674,0.00959,0,1,3,5.681764,5.583325,5.583325,-0.023718,-0.023241,14.937045,5818,0.001556,0.074273,32178,13187,7119,4535,3103,2337,1788,1344,11670,1,1,1,1
23.0000,3635,1,1,40302,0,77725,0.518527,1,3,18,2347,144050,27.92608,0.00502,2.36674,0.00959,1,1,2,1.403551,1.000000,1.893483,-0.231512,-0.231419,14.729843,3637,0.015711,0.047083,32188,13158,7190,4586,3092,2233,1762,1410,12105,1,1,1,1
23.9000,3635,1,1,41881,1,80607,0.519577,1,253,253,253,52462,28.54982,0.00502,2.36674,0.00959,0,1,3,39.503120,38.801052,38.801052,-0.543798,-0.542787,14.418632,366,0.037645,0.004840,33474,13807,7403,4736,3322,2461,1829,1478,12096,1,1,1,1
22.3500,3636,1,1,40088,0,76971,0.520826,2,2,45,899,945227,27.47057,0.00676,2.36149,0.00939,1,1,2,1.402670,1.000000,1.624041,-0.007713,-0.007620,14.953573,6003,0.000510,0.076529,31868,13176,7227,4536,3146,2321,1702,1432,11562,1,1,1,1
22.4000,3636,1,1,39881,1,76783,0.519406,1,8,8,227,226564,27.50527,0.00676,2.36149,0.00939,0,0,3,2.510411,1.898719,1.898719,-0.025082,-0.024829,14.936270,5820,0.001662,0.074282,31743,13014,7191,4660,3116,2268,1709,1341,11740,1,1,1,1
23.0000,3636,1,1,40866,0,78407,0.521210,5,6,7,59,661739,27.92123,0.00676,2.36149,0.00939,1,1,2,1.414198,1.000000,3.165738,-0.233138,-0.233043,14.728186,3638,0.015823,0.047089,32393,13396,7403,4686,3222,2284,1780,1379,11863,1,1,1,1
23.9000,3636,1,1,41847,1,80169,0.521991,1,13,13,21650,72114,28.54499,0.00676,2.36149,0.00939,0,1,3,8.800401,6.726798,6.726798,-0.545120,-0.544522,14.416103,366,0.037772,0.004840,33245,13561,7461,4780,3310,2339,1774,1445,12253,1,1,1,1
22.3500,3637,1,1,39906,0,76749,0.519961,2,6,1448,1448,112930,27.47722,0.00593,2.36388,0.01120,1,1,2,1.268249,1.000000,2.084532,-0.004775,-0.004710,14.956333,6000,0.000315,0.076455,31584,13280,7142,4520,3096,2232,1714,1400,11780,1,1,1,1
22.4000,3637,1,1,40282,0,77242,0.521511,3,4,90,90,81281,27.51190,0.00593,2.36388,0.01120,1,0,3,1.230041,1.000000,1.190702,-0.022044,-0.021987,14.939367,5818,0.001472,0.074220,31901,13276,7215,4557,3127,2336,1725,1438,11666,1,1,1,1
23.0000,3637,1,1,40613,1,77863,0.521602,6,12,74,74,113115,27.92794,0.00593,2.36388,0.01120,0,0,3,1.650411,1.510480,1.510480,-0.230097,-0.229959,14.730797,3640,0.015611,0.047093,32028,13149,7403,4566,3194,2273,1831,1388,12030,1,1,1,1
23.9000,3637,1,1,41508,0,79993,0.518902,1,5,10,16,510814,28.55172,0.00593,2.36388,0.01120,1,1,2,1.405857,1.000000,3.048559,-0.542081,-0.541987,14.419211,362,0.037588,0.004785,33105,13609,7420,4741,3298,2367,1878,1387,12187,1,1,1,1
22.3500,3638,1,1,40120,0,76784,0.522511,15,3,28,42,177087,27.47511,0.00602,2.36249,0.01005,1,1,3,1.283764,1.000000,1.121944,-0.005825,-0.005757,14.955303,6007,0.000385,0.076529,31852,12791,7055,4565,3293,2253,1775,1416,11783,1,1,1,1
22.4000,3638,1,1,40190,0,76975,0.522124,1,3,8,14,582683,27.50979,0.00602,2.36249,0.01005,1,1,2,1.275958,1.000000,1.309687,-0.023182,-0.023115,14.937937,5825,0.001547,0.074296,32038,13035,7105,4565,3153,2259,1732,1390,11697,1,1,1,1
23.0000,3638,1,1,40793,1,78434,0.520100,36,49,49,49,124040,27.92571,0.00602,2.36249,0.01005,0,0,3,4.870171,4.842934,4.842934,-0.231327,-0.230892,14.729104,3642,0.015676,0.047111,32630,13424,7226,4556,3183,2301,1803,1419,11891,1,1,1,1
23.9000,3638,1,1,41786,0,80385,0.519830,1,2,17,27,63088,28.54951,0.00602,2.36249,0.01005,1,0,2,1.360018,1.000000,1.413668,-0.543056,-0.542971,14.418328,368,0.037658,0.004863,33300,13864,7421,4627,3321,2426,1815,1470,12140,1,1,1,1
22.3500,3639,1,1,40111,1,77028,0.520739,1,11,11,102,271003,27.46815,0.00812,2.35324,0.01154,0,1,3,2.626961,1.951303,1.888126,-0.008259,-0.007993,14.953131,6007,0.000535,0.076519,32076,13091,7081,4519,3168,2295,1700,1371,11726,1,1,1,1
22.4000,3639,1,1,40434,0,77318,0.522964,1,1,2,29,237790,27.50282,0.00812,2.35324,0.01154,1,0,3,1.404275,1.000000,1.046495,-0.025513,-0.025420,14.935841,5825,0.001702,0.074286,32096,13175,7301,4535,3094,2330,1752,1348,11686,1,1,1,1
23.0000,3639,1,1,40623,1,78304,0.518792,3,6,24,328,65083,27.91882,0.00812,2.35324,0.01154,0,1,3,1.791941,1.397518,1.397518,-0.233554,-0.233393,14.727942,3641,0.015847,0.047089,32515,13352,7290,4480,3204,2339,1861,1357,11905,1,1,1,1
23.9000,3639,1,1,41527,1,80317,0.517045,1,6,45,372,1842829,28.54264,0.00812,2.35324,0.01154,0,1,3,1.886853,1.334208,1.087338,-0.545425,-0.545250,14.415981,366,0.037823,0.004836,33315,13590,7548,4794,3196,2341,1821,1482,12229,1,1,1,1
22.3500,3640,1,1,40078,0,77205,0.519118,2,1,206,339,216277,27.47052,0.00810,2.35853,0.01151,1,0,3,1.410468,1.000000,1.008790,-0.007108,-0.007013,14.954237,6013,0.000469,0.076569,32149,13075,7245,4541,3135,2235,1791,1397,11636,1,1,1,1
22.4000,3640,1,1,40077,1,76924,0.521002,1,6,25,50,567060,27.50518,0.00810,2.35853,0.01151,0,0,3,1.618880,1.180211,1.180211,-0.024461,-0.024329,14.936822,5828,0.001629,0.074299,31822,13060,7118,4577,3123,2310,1812,1372,11729,1,1,1,1
23.0000,3640,1,1,40656,0,78290,0.519307,3,6,6,28,27556,27.92107,0.00810,2.35853,0.01151,1,0,2,1.200541,1.000000,1.476120,-0.232446,-0.232396,14.728968,3645,0.015778,0.047125,32361,13169,7309,4697,3259,2353,1807,1410,11924,1,1,1,1
23.9000,3640,1,1,41685,1,79933,0.521506,1,4,155,155,184970,28.54490,0.00810,2.35853,0.01151,0,1,3,1.776426,1.256378,1.063944,-0.544313,-0.544155,14.417070,369,0.037744,0.004874,33182,13517,7270,4700,3276,2373,1820,1464,12330,1,1,1,1
22.3500,3641,1,1,40186,0,76935,0.522344,1,21,28,36,50477,27.47361,0.00601,2.36255,0.01264,1,1,2,1.193739,1.000000,4.621119,-0.006766,-0.006717,14.954237,6008,0.000449,0.076484,31898,13035,7138,4530,3078,2274,1796,1375,11810,1,1,1,1
22.4000,3641,1,1,40105,1,77056,0.520472,1,2,25,85,982978,27.50826,0.00601,2.36255,0.01264,0,1,3,2.110993,1.633277,1.633277,-0.023942,-0.023737,14.937595,5826,0.001589,0.074250,32072,12931,7145,4588,3065,2227,1744,1390,11893,1,1,1,1
23.0000,3641,1,1,40792,0,78338,0.520725,1,1,41,41,158474,27.92422,0.00601,2.36255,0.01264,1,1,3,1.399409,1.000000,1.221123,-0.231889,-0.231797,14.729391,3641,0.015737,0.047059,32552,13198,7304,4660,3250,2317,1734,1371,11951,1,1,1,1
23.9000,3641,1,1,41990,0,80322,0.522777,1,14,24,92,194737,28.54788,0.00601,2.36255,0.01264,1,1,2,1.284536,1.000000,4.812101,-0.543907,-0.543839,14.417223,367,0.037721,0.004846,33182,13909,7455,4726,3240,2342,1850,1414,12203,1,1,1,1
22.3500,3642,1,1,40216,0,77046,0.521981,4,3,13,33,58055,27.47574,0.00595,2.35266,0.01269,1,1,2,1.414198,1.000000,1.921568,-0.005541,-0.005446,14.955786,6012,0.000364,0.076506,31718,13237,7226,4534,3100,2274,1745,1410,11801,1,1,1,1
22.4000,3642,1,1,40339,1,77385,0.521283,1,1,17,881,108047,27.51038,0.00595,2.35266,0.01269,0,1,3,1.454458,1.126534,1.126534,-0.022779,-0.022676,14.938657,5829,0.001518,0.074262,32192,13025,7217,4597,3106,2386,1798,1357,11706,1,1,1,1
23.0000,3642,1,1,41196,0,79011,0.521402,3,2,8,228,58580,27.92642,0.00595,2.35266,0.01269,1,1,3,1.324714,1.000000,1.230709,-0.230817,-0.230739,14.730363,3647,0.015664,0.047120,33017,13342,7380,4716,3116,2362,1758,1405,11914,1,1,1,1
23.9000,3642,1,1,41993,1,80738,0.520121,4,3,51,51,611639,28.55010,0.00595,2.35266,0.01269,0,1,3,2.551204,1.928523,1.928523,-0.542722,-0.542465,14.418854,365,0.037622,0.004818,33690,13706,7562,4661,3359,2392,1748,1424,12195,1,1,1,1
22.3500,3643,1,1,40183,1,77088,0.521268,1,2,8,749,82026,27.47631,0.00568,2.35857,0.00922,0,1,3,2.376516,1.741050,1.741050,-0.005502,-0.005264,14.955724,6013,0.000352,0.076498,32139,12936,7119,4461,3211,2365,1769,1395,11692,1,1,1,1
22.4000,3643,1,1,40241,1,77348,0.520266,2,14,28,28,94741,27.51094,0.00568,2.35857,0.00922,0,1,3,3.989870,3.629134,3.629134,-0.022916,-0.022537,14.938227,5831,0.001509,0.074269,32150,13206,7165,4604,3079,2348,1752,1328,11715,1,1,1,1
23.0000,3643,1,1,41129,1,78792,0.522001,1,11,18,18,82210,27.92686,0.00568,2.35857,0.00922,0,1,3,1.655534,1.357168,1.357168,-0.230744,-0.230606,14.730752,3645,0.015655,0.047080,32599,13653,7353,4556,3106,2433,1794,1403,11894,1,1,1,1
23.9000,3643,1,1,41829,1,80473,0.519796,1,3,6,12,35822,28.55056,0.00568,2.35857,0.00922,0,1,3,1.669264,1.180929,1.098357,-0.542556,-0.542416,14.418807,367,0.037619,0.004843,33412,13714,7439,4694,3326,2422,1797,1385,12283,1,1,1,1
22.3500,3644,1,1,40408,0,77285,0.522851,1,5,24,678,78012,27.48532,0.00447,2.35641,0.00903,1,1,2,1.378421,1.000000,2.500881,-0.001584,-0.001496,14.959792,6015,0.000100,0.076482,32162,13149,7170,4605,3174,2212,1784,1327,11701,1,1,1,1
22.4000,3644,1,1,39965,1,77171,0.517883,3,2,7,1942,4300447,27.51994,0.00447,2.35641,0.00903,0,1,3,1.653187,1.373399,1.373399,-0.018806,-0.018668,14.942194,5833,0.001249,0.074255,32099,13091,7172,4457,3121,2299,1780,1373,11778,1,1,1,1
23.0000,3644,1,1,40710,0,78294,0.519970,10,23,23,248,34119,27.93594,0.00447,2.35641,0.00903,1,1,2,1.353763,1.000000,9.714098,-0.227081,-0.226998,14.734305,3647,0.015406,0.047082,32546,13298,7247,4594,3088,2332,1778,1449,11961,1,1,1,1
23.9000,3644,1,1,42098,0,80856,0.520660,2,24,286,286,116156,28.55966,0.00447,2.35641,0.00903,1,1,3,1.038487,1.000000,1.097239,-0.538626,-0.538616,14.421907,367,0.037347,0.004841,33578,13867,7532,4715,3385,2341,1787,1485,12165,1,1,1,1
22.3500,3645,1,1,40258,0,77239,0.521220,5,116,116,591,318279,27.47593,0.00466,2.35070,0.01487,1,1,2,1.160443,1.000000,20.261154,-0.006404,-0.006364,14.955013,6016,0.000426,0.076498,32153,12972,7169,4469,3138,2338,1764,1442,11793,1,1,1,1
22.4000,3645,1,1,40371,1,77138,0.523368,1,13,60,60,918150,27.51073,0.00466,2.35070,0.01487,0,1,3,9.763562,7.220862,7.220862,-0.023663,-0.023038,14.938366,5830,0.001542,0.074215,32093,13063,7105,4549,3091,2332,1755,1342,11807,1,1,1,1
23.0000,3645,1,1,40662,0,78134,0.520420,1,11,156,156,47023,27.92662,0.00466,2.35070,0.01487,1,0,2,1.235151,1.000000,3.283180,-0.231498,-0.231440,14.729913,3643,0.015712,0.047031,32205,13174,7195,4618,3204,2474,1824,1415,12024,1,1,1,1
23.9000,3645,1,1,42047,1,80602,0.521668,1,23,23,29,81297,28.55036,0.00466,2.35070,0.01487,0,1,3,4.697810,3.912221,3.912221,-0.543391,-0.542967,14.418397,363,0.037658,0.004788,33464,13863,7504,4734,3210,2342,1799,1451,12234,1,1,1,1
22.3500,3646,1,1,39983,1,77038,0.519010,1,648,648,4703,297078,27.48390,0.00447,2.35396,0.00940,0,1,3,196.123848,186.438471,186.438471,-0.002944,-0.001496,14.958449,6019,0.000100,0.076497,31976,13033,7129,4609,3145,2301,1716,1317,11811,1,1,1,1
22.4000,3646,1,1,40525,1,77782,0.521014,1,4,7,35,128857,27.51850,0.00447,2.35396,0.00940,0,1,3,2.946535,2.304825,2.304825,-0.019639,-0.019343,14.941690,5835,0.001295,0.074242,32292,13364,7384,4438,3200,2308,1776,1400,11619,1,1,1,1
23.0000,3646,1,1,40841,1,78324,0.521443,1,2,89,160,396190,27.93446,0.00447,2.35396,0.00940,0,1,3,1.909522,1.482073,1.482073,-0.227560,-0.227382,14.733983,3646,0.015433,0.047044,32422,13253,7315,4666,3206,2358,1765,1467,11871,1,1,1,1
23.9000,3646,1,1,41821,1,80306,0.520777,1,2,44,44,196377,28.55822,0.00447,2.35396,0.00940,0,0,3,1.424095,1.049159,1.049159,-0.539392,-0.539295,14.421842,365,0.037394,0.004812,33123,13757,7460,4660,3356,2352,1824,1414,12359,1,1,1,1
22.3500,3647,1,1,40255,1,77067,0.522344,1,7,7,146,113287,27.48564,0.00447,2.35860,0.00978,0,1,3,4.752001,3.842727,3.842727,-0.001472,-0.001045,14.959766,6016,0.000070,0.076432,31985,13129,7050,4549,3210,2233,1692,1471,11747,1,1,1,1
22.4000,3647,1,1,40597,1,77825,0.521651,5,4,164,164,340223,27.52023,0.00447,2.35860,0.00978,0,1,3,3.089406,2.355137,2.355137,-0.018700,-0.018391,14.942983,5834,0.001231,0.074203,32514,13143,7271,4614,3036,2283,1807,1404,11752,1,1,1,1
23.0000,3647,1,1,41064,0,78646,0.522144,1,1,186,186,153762,27.93628,0.00447,2.35860,0.00978,1,0,3,1.414212,1.000000,1.447507,-0.226649,-0.226554,14.734678,3645,0.015376,0.047016,32550,13510,7254,4656,3143,2338,1870,1370,11954,1,1,1,1
23.9000,3647,1,1,41898,0,80480,0.520608,6,8,60,78,149415,28.56005,0.00447,2.35860,0.00978,1,0,2,1.222280,1.000000,2.094934,-0.538590,-0.538535,14.422822,370,0.037339,0.004876,33484,13654,7391,4677,3203,2357,1883,1450,12380,1,1,1,1
22.3500,3648,1,1,40322,0,77176,0.522475,2,2,31,57,464303,27.48381,0.00466,2.35629,0.00807,1,1,2,1.397571,1.000000,1.628612,-0.002110,-0.002018,14.959168,6026,0.000135,0.076541,32007,13191,7136,4603,3070,2263,1742,1320,11843,1,1,1,1
22.4000,3648,1,1,40318,0,77522,0.520091,24,4,69,69,3802533,27.51858,0.00466,2.35629,0.00807,1,1,2,1.307457,1.000000,1.497214,-0.019479,-0.019406,14.941680,5843,0.001299,0.074303,32089,13231,7352,4615,3149,2278,1702,1373,11732,1,1,1,1
23.0000,3648,1,1,41020,0,78537,0.522308,1,2,7,14,2378687,27.93451,0.00466,2.35629,0.00807,1,0,2,1.367085,1.000000,1.487537,-0.227444,-0.227358,14.733938,3654,0.015431,0.047122,32565,13285,7225,4606,3167,2431,1854,1426,11977,1,1,1,1
23.9000,3648,1,1,41919,1,80730,0.519256,1,1,36,390,157331,28.55830,0.00466,2.35629,0.00807,0,0,3,1.883840,1.385339,1.385339,-0.539333,-0.539159,14.421980,371,0.037385,0.004888,33536,13669,7557,4774,3242,2484,1801,1441,12225,1,1,1,1
22.3500,3649,1,1,40115,1,77058,0.520589,3,10,634,1713,400361,27.48324,0.00485,2.35598,0.01076,0,0,3,1.522535,1.264725,1.264725,-0.002389,-0.002273,14.958696,6023,0.000152,0.076484,31824,13087,7271,4523,3070,2264,1744,1433,11841,1,1,1,1
22.4000,3649,1,1,40301,1,77424,0.520530,1,8,8,204,24606,27.51781,0.00485,2.35598,0.01076,0,1,3,5.364290,4.262609,4.262609,-0.019842,-0.019381,14.941423,5841,0.001297,0.074259,32158,13082,7314,4556,3098,2315,1768,1341,11791,1,1,1,1
23.0000,3649,1,1,40797,1,78688,0.518472,11,162,162,1241,119577,27.93382,0.00485,2.35598,0.01076,0,1,3,61.370633,56.732446,56.732446,-0.228198,-0.227070,14.734351,3652,0.015411,0.047082,32477,13415,7423,4737,3212,2352,1793,1388,11890,1,1,1,1
23.9000,3649,1,1,42101,1,80925,0.520254,4,8,21,1402,35260,28.55763,0.00485,2.35598,0.01076,0,1,3,4.865954,3.967060,3.967060,-0.539740,-0.539306,14.422082,367,0.037394,0.004834,33676,13628,7694,4870,3281,2377,1774,1460,12164,1,1,1,1
22.3500,3650,1,1,40135,1,77111,0.520490,2,253,508,508,389235,27.48201,0.00485,2.35878,0.00863,0,0,3,2.729173,2.295540,2.295540,-0.003017,-0.002742,14.958207,6025,0.000183,0.076491,32151,13007,7335,4457,3017,2302,1730,1345,11766,1,1,1,1
22.4000,3650,1,1,40437,1,77511,0.521700,1,2,11,53,122792,27.51676,0.00485,2.35878,0.00863,0,0,3,1.691535,1.211813,1.211813,-0.020303,-0.020159,14.941024,5842,0.001349,0.074253,32031,13258,7327,4567,3200,2315,1709,1369,11734,1,1,1,1
23.0000,3650,1,1,40919,1,78509,0.521208,1,12,49,253,341741,27.93265,0.00485,2.35878,0.00863,0,0,3,3.146266,2.563777,2.563777,-0.228355,-0.228041,14.732958,3654,0.015478,0.047099,32684,13172,7316,4678,3219,2314,1746,1386,11993,1,1,1,1
23.9000,3650,1,1,42203,1,81005,0.520999,3,4,68,210,280894,28.55649,0.00485,2.35878,0.00863,0,1,3,3.235573,2.456498,2.456498,-0.540264,-0.539943,14.420779,370,0.037442,0.004872,33781,13868,7409,4873,3316,2346,1820,1399,12192,1,1,1,1
22.3500,3651,1,1,40099,1,77087,0.520185,1,8,55,55,580132,27.47854,0.00465,2.35656,0.00894,0,0,3,3.336317,2.735875,2.735875,-0.004807,-0.004477,14.956512,6034,0.000299,0.076593,31911,13041,7241,4490,3133,2281,1712,1434,11843,1,1,1,1
22.4000,3651,1,1,40331,1,77667,0.519288,4,4,9,382,240513,27.51329,0.00465,2.35656,0.00894,0,0,3,1.289146,1.088156,1.088156,-0.022052,-0.021983,14.938960,5844,0.001472,0.074268,32390,13182,7191,4533,3160,2337,1808,1391,11674,1,1,1,1
23.0000,3651,1,1,41040,0,78861,0.520416,20,110,110,110,175647,27.92925,0.00465,2.35656,0.00894,1,1,2,1.375811,1.000000,49.506298,-0.230557,-0.230470,14.730687,3653,0.015646,0.047080,32811,13414,7485,4604,3170,2293,1801,1378,11904,1,1,1,1
23.9000,3651,1,1,42119,1,80910,0.520572,3,7,16,251,47585,28.55291,0.00465,2.35656,0.00894,0,1,3,4.066704,3.478325,3.478325,-0.542024,-0.541640,14.418986,368,0.037564,0.004845,33621,13704,7482,4829,3283,2432,1839,1448,12271,1,1,1,1
22.3500,3652,1,1,40447,1,77185,0.524033,1,2,9,178,257296,27.47894,0.00484,2.35684,0.01066,0,0,3,1.910243,1.451590,1.451590,-0.004549,-0.004372,14.956723,6029,0.000292,0.076507,31994,13162,7280,4524,3080,2271,1722,1394,11757,1,1,1,1
22.4000,3652,1,1,40274,0,77721,0.518194,1,15,15,37,42999,27.51349,0.00484,2.35684,0.01066,1,1,2,1.331015,1.000000,6.130212,-0.022019,-0.021940,14.939170,5846,0.001469,0.074272,32354,13158,7258,4562,3183,2298,1829,1407,11671,1,1,1,1
23.0000,3652,1,1,41180,0,78675,0.523426,1,120,120,120,25559,27.92953,0.00484,2.35684,0.01066,1,1,2,1.281526,1.000000,39.010666,-0.230292,-0.230224,14.731113,3654,0.015628,0.047079,32625,13381,7370,4644,3221,2364,1682,1444,11943,1,1,1,1
23.9000,3652,1,1,41960,0,80465,0.521475,2,7,22,33,171122,28.55321,0.00484,2.35684,0.01066,1,1,2,1.406634,1.000000,3.822740,-0.541814,-0.541721,14.419538,370,0.037569,0.004870,33249,13827,7541,4801,3200,2305,1830,1384,12327,1,1,1,1
22.3500,3653,1,1,40396,0,77616,0.520466,2,4,21,62,123223,27.47753,0.00503,2.35272,0.00854,1,1,2,1.272709,1.000000,1.507500,-0.005102,-0.005036,14.956015,6027,0.000337,0.076465,32154,13277,7283,4679,3156,2297,1722,1370,11677,1,1,1,1
22.4000,3653,1,1,40608,0,77665,0.522868,1,4,30,31,575323,27.51225,0.00503,2.35272,0.00854,1,0,2,1.279411,1.000000,1.736635,-0.022483,-0.022416,14.938922,5843,0.001500,0.074215,32387,13220,7106,4566,3119,2343,1816,1356,11751,1,1,1,1
23.0000,3653,1,1,40707,1,78589,0.517980,4,85,85,85,369149,27.92818,0.00503,2.35272,0.00854,0,1,3,30.669299,28.515895,28.515895,-0.230830,-0.229893,14.730178,3651,0.015607,0.047031,32763,13385,7199,4716,3090,2277,1789,1417,11952,1,1,1,1
23.9000,3653,1,1,41517,1,79989,0.519040,3,21,122,122,82582,28.55188,0.00503,2.35272,0.00854,0,1,3,12.730541,10.224320,10.224320,-0.542539,-0.541843,14.419578,366,0.037577,0.004816,33048,13560,7452,4686,3187,2368,1833,1498,12356,1,1,1,1
22.3500,3654,1,1,40400,0,77334,0.522416,3,3,3,289,802680,27.47070,0.00889,2.35705,0.00816,1,0,3,1.249419,1.000000,1.128738,-0.006480,-0.006419,14.954929,6032,0.000429,0.076513,32065,13092,7279,4572,3086,2254,1763,1407,11815,1,1,1,1
22.4000,3654,1,1,40259,1,77314,0.520727,6,68,68,87,394966,27.50541,0.00889,2.35705,0.00816,0,1,3,10.071559,9.588552,9.588552,-0.024130,-0.023498,14.937911,5851,0.001573,0.074301,31929,13201,7190,4546,3193,2269,1746,1428,11811,1,1,1,1
23.0000,3654,1,1,40717,1,78712,0.517297,1,6,17,95,144121,27.92142,0.00889,2.35705,0.00816,0,1,3,4.422930,3.412097,3.412097,-0.231990,-0.231583,14.729817,3658,0.015722,0.047109,32542,13419,7447,4596,3186,2338,1789,1440,11954,1,1,1,1
23.9000,3654,1,1,41833,1,80471,0.519858,2,2,36,56,505446,28.54513,0.00889,2.35705,0.00816,0,1,3,1.584184,1.271986,1.271986,-0.543705,-0.543579,14.417403,369,0.037703,0.004855,33477,13390,7492,4778,3327,2399,1753,1459,12395,1,1,1,1
22.3500,3655,1,1,40011,1,77009,0.519569,6,29,29,52,311364,27.47517,0.00465,2.35151,0.01023,0,1,3,1.981441,1.672176,1.672176,-0.006539,-0.006352,14.955018,6031,0.000425,0.076479,31581,13285,7317,4466,3172,2295,1767,1334,11791,1,1,1,1
22.4000,3655,1,1,40346,0,77557,0.520218,3,14,56,56,90475,27.50988,0.00465,2.35151,0.01023,1,1,2,1.320586,1.000000,5.684006,-0.024060,-0.023984,14.937337,5848,0.001606,0.074246,32162,13143,7187,4672,3173,2297,1765,1410,11747,1,1,1,1
23.0000,3655,1,1,40937,1,78728,0.519987,2,8,8,171,507494,27.92577,0.00465,2.35151,0.01023,0,1,3,3.449801,2.983252,2.983252,-0.231916,-0.231577,14.729263,3655,0.015722,0.047059,32572,13152,7502,4650,3286,2390,1772,1377,12026,1,1,1,1
23.9000,3655,1,1,41868,0,80593,0.519506,2,3,122,122,167810,28.54950,0.00465,2.35151,0.01023,1,1,3,1.246729,1.000000,1.045518,-0.543641,-0.543581,14.417441,366,0.037703,0.004814,33324,13689,7582,4803,3199,2379,1840,1508,12268,1,1,1,1
22.3500,3656,1,1,40304,0,77522,0.519911,9,2,11,41,354186,27.47338,0.00484,2.35135,0.00850,1,1,3,1.403370,1.000000,1.324701,-0.007247,-0.007154,14.954111,6035,0.000478,0.076513,32405,13109,7140,4487,3230,2295,1704,1360,11791,1,1,1,1
22.4000,3656,1,1,40259,1,77338,0.520566,4,7,166,166,35295,27.50807,0.00484,2.35135,0.00850,0,1,3,2.862899,2.303343,2.303343,-0.024670,-0.024382,14.936969,5855,0.001632,0.074316,32002,13081,7193,4605,3115,2362,1785,1342,11852,1,1,1,1
23.0000,3656,1,1,40906,0,78618,0.520320,1,5,38,38,624694,27.92403,0.00484,2.35135,0.00850,1,1,2,1.392211,1.000000,2.821699,-0.232680,-0.232589,14.728688,3658,0.015792,0.047087,32536,13408,7408,4579,3130,2373,1806,1441,11936,1,1,1,1
23.9000,3656,1,1,42117,1,81183,0.518797,6,28,28,28,22384,28.54779,0.00484,2.35135,0.00850,0,1,3,16.085846,13.263372,13.263372,-0.544770,-0.544010,14.417402,368,0.037733,0.004839,33903,13727,7603,4809,3267,2372,1817,1439,12245,1,1,1,1
22.3500,3657,1,1,40397,1,77276,0.522769,2,71,344,344,207535,27.47527,0.00503,2.35222,0.00853,0,1,3,18.552180,17.809741,17.809741,-0.006492,-0.005694,14.955726,6033,0.000381,0.076459,32001,13231,7132,4513,3128,2373,1673,1404,11820,1,1,1,1
22.4000,3657,1,1,40646,0,77543,0.524180,7,97,97,97,1112833,27.50996,0.00503,2.35222,0.00853,1,1,2,1.015769,1.000000,1.555733,-0.023501,-0.023497,14.936788,5850,0.001573,0.074233,32284,13131,7199,4569,3229,2295,1792,1356,11687,1,1,1,1
23.0000,3657,1,1,41016,0,78845,0.520217,1,6,9,96,6641788,27.92600,0.00503,2.35222,0.00853,1,1,2,1.218692,1.000000,1.741623,-0.231536,-0.231482,14.729508,3655,0.015716,0.047033,32790,13238,7348,4711,3232,2400,1791,1445,11889,1,1,1,1
23.9000,3657,1,1,42177,1,81107,0.520023,15,941,941,941,341846,28.54977,0.00503,2.35222,0.00853,0,0,3,13.340843,13.277939,13.277939,-0.543703,-0.542994,14.416963,364,0.037664,0.004786,33765,13754,7604,4808,3386,2360,1851,1463,12115,1,1,1,1
22.3500,3658,1,1,40529,1,77574,0.522463,1,40,40,5597,73340,27.47759,0.00502,2.35576,0.00853,0,1,3,1.784425,1.291208,1.153172,-0.005080,-0.004921,14.956244,6035,0.000329,0.076460,32371,13114,7171,4516,3184,2339,1726,1379,11773,1,1,1,1
22.4000,3658,1,1,40193,1,77215,0.520540,1,4,28,109,189836,27.51226,0.00502,2.35576,0.00853,0,1,3,1.553560,1.100065,1.027697,-0.022395,-0.022275,14.938972,5851,0.001491,0.074215,31941,13150,7183,4624,3084,2325,1696,1384,11827,1,1,1,1
23.0000,3658,1,1,41174,0,78959,0.521467,20,12,50,93,110226,27.92819,0.00502,2.35576,0.00853,1,1,2,1.318565,1.000000,4.457037,-0.230572,-0.230496,14.730602,3656,0.015647,0.047029,32755,13529,7280,4708,3183,2331,1815,1434,11923,1,1,1,1
23.9000,3658,1,1,42127,1,80906,0.520697,1,25,231,231,787720,28.55198,0.00502,2.35576,0.00853,0,1,3,9.929996,8.755916,8.755916,-0.542561,-0.541934,14.419462,364,0.037583,0.004783,33624,13829,7483,4798,3287,2397,1803,1442,12242,1,1,1,1
22.3500,3659,1,1,40261,1,77363,0.520423,2,230,230,230,253741,27.47447,0.00446,2.34900,0.00887,0,1,3,12.220381,11.567750,11.567750,-0.007177,-0.006493,14.954914,6040,0.000434,0.076510,32160,13054,7175,4537,3126,2300,1766,1381,11863,1,1,1,1
22.4000,3659,1,1,40463,1,77577,0.521592,2,17,65,70,515823,27.50914,0.00446,2.34900,0.00887,0,1,3,1.226909,1.002210,1.002210,-0.024173,-0.024117,14.937240,5857,0.001615,0.074279,32152,13263,7274,4507,3107,2270,1783,1430,11790,1,1,1,1
23.0000,3659,1,1,40959,1,78916,0.519027,4,25,25,77,56326,27.92514,0.00446,2.34900,0.00887,0,0,3,1.434753,1.237242,1.237242,-0.232205,-0.232106,14.728799,3661,0.015759,0.047086,32721,13611,7289,4728,3193,2316,1705,1375,11977,1,1,1,1
23.9000,3659,1,1,41780,0,80694,0.517765,1,3,28,28,42414,28.54895,0.00446,2.34900,0.00887,1,1,2,1.404013,1.000000,1.838065,-0.544165,-0.544073,14.417125,368,0.037738,0.004835,33522,13701,7488,4616,3332,2345,1769,1484,12436,1,1,1,1
22.3500,3660,1,1,40289,1,77418,0.520415,1,1,6,41,46360,27.46832,0.00570,2.34648,0.01062,0,0,3,1.223740,1.049012,1.049012,-0.009412,-0.009357,14.952038,6043,0.000626,0.076541,32155,13215,7190,4502,3227,2333,1700,1299,11796,1,1,1,1
22.4000,3660,1,1,40394,0,77454,0.521529,5,3,132,351,385091,27.50298,0.00570,2.34648,0.01062,1,1,2,1.344094,1.000000,1.688891,-0.026818,-0.026737,14.934387,5858,0.001790,0.074286,32025,13140,7233,4664,3171,2269,1791,1380,11780,1,1,1,1
23.0000,3660,1,1,41120,0,79013,0.520427,8,6,22,34,85564,27.91887,0.00570,2.34648,0.01062,1,1,2,1.403305,1.000000,3.261572,-0.234851,-0.234759,14.726506,3662,0.015941,0.047094,32764,13345,7389,4719,3212,2352,1908,1427,11896,1,1,1,1
23.9000,3660,1,1,41738,0,80417,0.519026,4,9,9,53,114800,28.54270,0.00570,2.34648,0.01062,1,1,2,1.208558,1.000000,2.293931,-0.546720,-0.546669,14.414309,368,0.037925,0.004835,33092,13808,7546,4705,3256,2329,1846,1461,12373,1,1,1,1
22.3500,3661,1,1,40635,1,77976,0.521129,4,3,9,112,79252,27.46935,0.00627,2.35185,0.01114,0,0,3,1.694538,1.516240,1.516240,-0.008606,-0.008462,14.952364,6039,0.000566,0.076468,32385,13288,7315,4637,3278,2242,1737,1416,11677,1,1,1,1
22.4000,3661,1,1,40327,1,77627,0.519504,4,9,9,653,130745,27.50400,0.00627,2.35185,0.01114,0,1,3,7.002288,5.011668,5.011668,-0.026098,-0.025566,14.935832,5856,0.001712,0.074233,32207,13134,7186,4685,3191,2270,1753,1373,11827,1,1,1,1
23.0000,3661,1,1,40772,0,78653,0.518385,4,6,62,140,99496,27.91996,0.00627,2.35185,0.01114,1,1,2,1.413153,1.000000,3.377723,-0.234026,-0.233931,14.727312,3659,0.015884,0.047040,32474,13411,7332,4674,3194,2365,1802,1384,12016,1,1,1,1
23.9000,3661,1,1,42196,0,81089,0.520373,2,2,8,8,31649,28.54362,0.00627,2.35185,0.01114,1,0,3,1.314096,1.000000,1.144434,-0.545709,-0.545634,14.415690,365,0.037850,0.004794,33580,14010,7518,4757,3319,2332,1784,1533,12255,1,1,1,1
22.3500,3662,1,1,40685,1,77738,0.523367,1,1,27,27,2243879,27.46764,0.00607,2.35546,0.00970,0,1,3,1.135383,1.021704,1.021704,-0.009428,-0.009393,14.951998,6043,0.000628,0.076500,32364,13209,7241,4546,3112,2372,1756,1378,11759,1,1,1,1
22.4000,3662,1,1,40488,0,77620,0.521625,10,527,527,527,2962907,27.50227,0.00607,2.35546,0.00970,1,1,2,1.003155,1.000000,1.693503,-0.026828,-0.026828,14.933022,5860,0.001797,0.074277,32228,13476,7141,4467,3064,2262,1774,1411,11796,1,1,1,1
23.0000,3662,1,1,40938,0,78820,0.519393,5,9,129,183,36115,27.91831,0.00607,2.35546,0.00970,1,1,2,1.283538,1.000000,3.294921,-0.234941,-0.234873,14.726464,3662,0.015949,0.047068,32502,13481,7338,4631,3286,2404,1797,1436,11944,1,1,1,1
23.9000,3662,1,1,41898,0,80431,0.520925,1,6,22,240,419419,28.54200,0.00607,2.35546,0.00970,1,1,2,1.160738,1.000000,1.229883,-0.546647,-0.546606,14.414302,367,0.037921,0.004819,33144,13807,7446,4699,3225,2472,1817,1503,12317,1,1,1,1
22.3500,3663,1,1,40404,0,77699,0.520013,1,57,57,57,885881,27.47076,0.00607,2.35994,0.00889,1,0,2,1.123704,1.000000,7.688410,-0.008282,-0.008250,14.953138,6042,0.000552,0.076460,32260,13177,7253,4680,3183,2307,1752,1346,11740,1,1,1,1
22.4000,3663,1,1,40458,0,77751,0.520360,15,4,21,36,30587,27.50538,0.00607,2.35994,0.00889,1,0,3,1.238593,1.000000,1.238153,-0.025343,-0.025285,14.936068,5859,0.001693,0.074229,32417,13073,7256,4571,3280,2228,1749,1395,11781,1,1,1,1
23.0000,3663,1,1,41016,0,78838,0.520263,12,52,52,65,166639,27.92131,0.00607,2.35994,0.00889,1,1,2,1.051415,1.000000,2.775866,-0.233420,-0.233406,14.727200,3661,0.015849,0.047040,32890,13155,7326,4682,3218,2365,1824,1361,12016,1,1,1,1
23.9000,3663,1,1,41956,0,80704,0.519882,1,2,8,42,105222,28.54501,0.00607,2.35994,0.00889,1,0,2,1.390026,1.000000,1.656058,-0.545197,-0.545108,14.416173,365,0.037812,0.004791,33485,13582,7520,4787,3286,2458,1823,1480,12282,1,1,1,1
22.3500,3664,1,1,40654,0,77735,0.522989,1,4,28,759,94700,27.46446,0.00781,2.35668,0.01011,1,1,3,1.153659,1.000000,1.121260,-0.010228,-0.010189,14.950262,6048,0.000682,0.076530,32297,13253,7251,4471,3237,2253,1743,1466,11763,1,1,1,1
22.4000,3664,1,1,40449,1,77685,0.520686,2,4,19,95,2609927,27.49908,0.00781,2.35668,0.01011,0,1,3,1.836204,1.348548,1.348548,-0.027563,-0.027397,14.933904,5868,0.001835,0.074334,32344,13124,7103,4572,3277,2325,1721,1443,11775,1,1,1,1
23.0000,3664,1,1,41537,1,79218,0.524345,9,42,59,59,90866,27.91508,0.00781,2.35668,0.01011,0,1,3,5.865085,5.730316,5.730316,-0.235765,-0.235282,14.725041,3666,0.015978,0.047098,33003,13641,7125,4680,3293,2334,1770,1400,11971,1,1,1,1
23.9000,3664,1,1,42093,1,80636,0.522019,2,3,298,298,4964792,28.53880,0.00781,2.35668,0.01011,0,1,3,2.092304,1.755519,1.755519,-0.547460,-0.547258,14.413633,369,0.037968,0.004843,33337,13645,7573,4809,3285,2451,1856,1494,12185,1,1,1,1
22.3500,3665,1,1,40622,0,78022,0.520655,1,836,836,836,1015661,27.46472,0.00465,2.35529,0.00967,1,0,2,1.018439,1.000000,15.578912,-0.011974,-0.011969,14.949449,6046,0.000801,0.076488,32599,13269,7183,4591,3187,2288,1696,1426,11782,1,1,1,1
22.4000,3665,1,1,40242,0,77301,0.520595,1,13,38,131,12513469,27.49952,0.00465,2.35529,0.00967,1,1,2,1.394148,1.000000,7.015230,-0.029265,-0.029174,14.932102,5865,0.001954,0.074285,32067,12950,7249,4643,3149,2279,1696,1366,11901,1,1,1,1
23.0000,3665,1,1,41113,1,78995,0.520457,40,3,40,40,157938,27.91541,0.00465,2.35529,0.00967,0,1,3,1.532246,1.440831,1.440831,-0.236987,-0.236871,14.723402,3663,0.016088,0.047052,32831,13424,7357,4697,3222,2345,1777,1416,11925,1,1,1,1
23.9000,3665,1,1,41784,0,80838,0.516892,3,14,14,21,108127,28.53915,0.00465,2.35529,0.00967,1,1,2,1.221425,1.000000,3.593641,-0.548986,-0.548931,14.412428,365,0.038087,0.004790,33537,13828,7324,4780,3312,2388,1816,1458,12394,1,1,1,1
22.3500,3666,1,1,40271,1,77579,0.519103,1,1,14,76,439065,27.46450,0.00728,2.35555,0.00957,0,0,3,1.361678,1.072558,1.072558,-0.010518,-0.010434,14.950951,6047,0.000698,0.076472,32206,13154,7255,4449,3239,2343,1760,1403,11769,1,1,1,1
22.4000,3666,1,1,40548,0,77720,0.521726,2,6,844,844,115264,27.49910,0.00728,2.35555,0.00957,1,0,3,1.151353,1.000000,1.084933,-0.027825,-0.027786,14.933594,5864,0.001861,0.074244,32355,13209,7224,4616,3197,2275,1753,1323,11767,1,1,1,1
23.0000,3666,1,1,41291,1,79196,0.521384,4,4,7,359,110462,27.91507,0.00728,2.35555,0.00957,0,0,3,1.207410,1.020640,1.020640,-0.235801,-0.235750,14.725193,3664,0.016010,0.047047,32995,13389,7427,4676,3212,2323,1787,1439,11947,1,1,1,1
23.9000,3666,1,1,42198,0,81167,0.519897,38,2,38,48,163459,28.53883,0.00728,2.35555,0.00957,1,1,3,1.374952,1.000000,1.027982,-0.547665,-0.547578,14.413714,365,0.037990,0.004788,33562,14008,7621,4775,3294,2474,1881,1397,12154,1,1,1,1
22.3500,3667,1,1,40268,0,77362,0.520521,1,43,68,144,154940,27.47032,0.00446,2.35592,0.00870,1,0,2,1.083222,1.000000,3.868859,-0.009138,-0.009116,14.952284,6049,0.000610,0.076470,32021,13098,7217,4552,3123,2324,1732,1510,11784,1,1,1,1
22.4000,3667,1,1,40652,0,77745,0.522896,1,3,36,36,216828,27.50491,0.00446,2.35592,0.00870,1,0,2,1.324913,1.000000,1.528604,-0.026307,-0.026230,14.935090,5866,0.001756,0.074242,32343,13264,7285,4482,3090,2372,1752,1315,11841,1,1,1,1
23.0000,3667,1,1,41374,0,79172,0.522590,1,4,25,240,236505,27.92095,0.00446,2.35592,0.00870,1,1,3,1.185099,1.000000,1.247416,-0.234288,-0.234242,14.726705,3665,0.015906,0.047042,33103,13285,7284,4782,3240,2408,1714,1430,11925,1,1,1,1
23.9000,3667,1,1,42008,0,80915,0.519168,1,2,87,87,70520,28.54473,0.00446,2.35592,0.00870,1,1,3,1.326143,1.000000,1.207502,-0.546182,-0.546105,14.415002,365,0.037884,0.004786,33463,13780,7640,4820,3293,2375,1799,1424,12320,1,1,1,1
22.3500,3668,1,1,40358,0,77648,0.519763,2,2,5,53,111047,27.47167,0.00464,2.36037,0.00928,1,1,2,1.389761,1.000000,1.511408,-0.008173,-0.008084,14.953093,6051,0.000541,0.076470,32136,13154,7147,4678,3235,2257,1778,1469,11793,1,1,1,1
22.4000,3668,1,1,40600,0,77961,0.520780,2,7,45,104,324667,27.50644,0.00464,2.36037,0.00928,1,0,2,1.143331,1.000000,1.230064,-0.025530,-0.025494,14.935889,5868,0.001707,0.074243,32436,13244,7435,4563,3161,2330,1771,1322,11698,1,1,1,1
23.0000,3668,1,1,41362,0,78920,0.524107,1,2,3,18,111795,27.92236,0.00464,2.36037,0.00928,1,1,2,1.412353,1.000000,1.493287,-0.233519,-0.233425,14.727822,3668,0.015849,0.047064,32764,13345,7444,4640,3152,2289,1838,1403,12044,1,1,1,1
23.9000,3668,1,1,41877,1,81192,0.515784,1,33,33,469,38659,28.54616,0.00464,2.36037,0.00928,0,1,3,15.236776,13.531063,13.531063,-0.545720,-0.544978,14.416440,365,0.037803,0.004784,33706,13847,7649,4821,3300,2319,1847,1505,12197,1,1,1,1
22.3500,3669,1,1,40358,0,77477,0.520910,1,2,24,111,122056,27.47399,0.00483,2.36440,0.00907,1,0,3,1.398573,1.000000,1.375068,-0.007028,-0.006936,14.954335,6048,0.000464,0.076405,32165,13097,7073,4674,3185,2216,1764,1467,11835,1,1,1,1
22.4000,3669,1,1,40712,0,77971,0.522150,7,4,18,170,91952,27.50856,0.00483,2.36440,0.00907,1,0,3,1.236664,1.000000,1.139838,-0.024288,-0.024230,14.937124,5866,0.001622,0.074191,32515,13085,7224,4593,3098,2374,1714,1401,11966,1,1,1,1
23.0000,3669,1,1,41357,1,79017,0.523400,3,3,10,43,163631,27.92457,0.00483,2.36440,0.00907,0,1,3,1.723650,1.477849,1.477849,-0.232321,-0.232173,14.729203,3663,0.015763,0.046982,32643,13478,7431,4621,3208,2350,1775,1436,12074,1,1,1,1
23.9000,3669,1,1,42533,1,81576,0.521397,1,11,11,140,1150526,28.54838,0.00483,2.36440,0.00907,0,1,3,2.159672,2.036175,2.036175,-0.544276,-0.544066,14.417340,361,0.037737,0.004730,34186,13695,7661,4703,3287,2488,1913,1446,12196,1,1,1,1
22.3500,3670,1,1,40167,1,77361,0.519222,1,35,35,35,254862,27.47158,0.00370,2.35909,0.00928,0,0,3,4.700065,4.071184,4.071184,-0.008883,-0.008461,14.952438,6062,0.000566,0.076571,32007,13044,7104,4730,3206,2287,1721,1460,11801,1,1,1,1
22.4000,3670,1,1,40331,1,77601,0.519729,6,17,17,57,160527,27.50633,0.00370,2.35909,0.00928,0,1,3,2.064055,1.701175,1.701175,-0.026138,-0.025941,14.935421,5878,0.001737,0.074331,31969,13411,7205,4641,3097,2356,1698,1342,11881,1,1,1,1
23.0000,3670,1,1,41289,1,79443,0.519738,6,7,13,11191,42123,27.92222,0.00370,2.35909,0.00928,0,1,3,2.164144,1.623969,1.623969,-0.234074,-0.233863,14.727453,3676,0.015879,0.047142,33161,13410,7371,4659,3385,2345,1830,1452,11829,1,1,1,1
23.9000,3670,1,1,42110,0,80941,0.520262,1,3,72,72,86008,28.54606,0.00370,2.35909,0.00928,1,1,2,1.381886,1.000000,1.919117,-0.546017,-0.545928,14.415239,373,0.037872,0.004887,33721,13615,7494,4740,3263,2416,1892,1473,12326,1,1,1,1
22.3500,3671,1,1,40568,0,77705,0.522084,1,2,33,124,119404,27.46607,0.00370,2.36153,0.01146,1,1,2,1.309588,1.000000,1.436447,-0.011425,-0.011352,14.949740,6063,0.000759,0.076576,32023,13279,7395,4575,3223,2333,1859,1408,11609,1,1,1,1
22.4000,3671,1,1,40914,0,78285,0.522636,6,7,77,77,108924,27.50081,0.00370,2.36153,0.01146,1,1,2,1.258754,1.000000,2.128622,-0.028853,-0.028791,14.932248,5878,0.001928,0.074327,32497,13390,7392,4615,3338,2293,1747,1383,11629,1,1,1,1
23.0000,3671,1,1,41173,1,79102,0.520512,1,1,112,112,71751,27.91678,0.00370,2.36153,0.01146,0,1,3,1.686782,1.259521,1.259521,-0.236760,-0.236618,14.724696,3675,0.016069,0.047125,32955,13297,7339,4790,3170,2391,1752,1430,11977,1,1,1,1
23.9000,3671,1,1,42303,1,81250,0.520659,1,31,36,46,41588,28.54044,0.00370,2.36153,0.01146,0,1,3,5.057203,4.204101,4.204101,-0.548760,-0.548319,14.413046,372,0.038043,0.004873,33651,13826,7727,4804,3232,2405,1858,1503,12243,1,1,1,1
22.3500,3672,1,1,40470,0,77595,0.521561,2,2184,2184,2184,1025724,27.47682,0.00388,2.37125,0.00827,1,0,2,1.000819,1.000000,1.853125,-0.006114,-0.006114,14.955309,6066,0.000409,0.076565,32142,13125,7274,4594,3136,2384,1833,1377,11729,1,1,1,1
22.4000,3672,1,1,40638,0,77772,0.522534,1,3,21,1033,36136,27.51137,0.00388,2.37125,0.00827,1,1,2,1.397310,1.000000,1.936380,-0.023395,-0.023304,14.937884,5882,0.001560,0.074329,32383,13146,7142,4521,3231,2305,1752,1378,11913,1,1,1,1
23.0000,3672,1,1,41068,0,78894,0.520553,1,19,19,139,36238,27.92740,0.00388,2.37125,0.00827,1,1,2,1.092411,1.000000,2.049551,-0.231421,-0.231397,14.729367,3679,0.015710,0.047149,32602,13319,7406,4607,3288,2291,1888,1400,12092,1,1,1,1
23.9000,3672,1,1,42221,1,81113,0.520527,1,52,52,154,372416,28.55109,0.00388,2.37125,0.00827,0,1,3,27.113061,23.213336,23.213336,-0.543596,-0.542697,14.417736,374,0.037641,0.004897,33798,13623,7568,4871,3306,2358,1851,1447,12290,1,1,1,1
22.3500,3673,1,1,40520,0,77671,0.521694,1,3,64,64,291065,27.47642,0.00584,2.37618,0.00883,1,1,2,1.318496,1.000000,1.686754,-0.005265,-0.005190,14.955911,6064,0.000347,0.076516,32304,13108,7185,4555,3152,2292,1790,1404,11880,1,1,1,1
22.4000,3673,1,1,40363,1,77648,0.519827,12,5,18,1173,298509,27.51114,0.00584,2.37618,0.00883,0,1,3,3.447046,2.714689,2.714689,-0.022690,-0.022353,14.939031,5879,0.001496,0.074265,32179,13144,7342,4539,3140,2364,1737,1399,11803,1,1,1,1
23.0000,3673,1,1,40974,0,78840,0.519717,1,3,39,39,79421,27.92707,0.00584,2.37618,0.00883,1,1,2,1.410942,1.000000,1.830441,-0.230601,-0.230507,14.730745,3675,0.015648,0.047080,32548,13423,7304,4733,3143,2380,1800,1369,12139,1,1,1,1
23.9000,3673,1,1,42064,0,80598,0.521905,1,35,37,379,244922,28.55077,0.00584,2.37618,0.00883,1,1,3,1.027298,1.000000,1.007293,-0.542369,-0.542362,14.419054,370,0.037614,0.004842,33195,13799,7390,4709,3311,2532,1889,1440,12332,1,1,1,1
22.3500,3674,1,1,40469,1,77714,0.520749,54,23,54,54,243553,27.47678,0.00622,2.37660,0.01019,0,0,3,1.079087,1.060829,1.060829,-0.004761,-0.004740,14.955575,6067,0.000317,0.076534,32298,12898,7409,4586,3207,2283,1809,1375,11848,1,1,1,1
22.4000,3674,1,1,40702,0,77812,0.523088,7,24,24,524,64461,27.51150,0.00622,2.37660,0.01019,1,1,2,1.049605,1.000000,1.260944,-0.022139,-0.022126,14.938473,5881,0.001481,0.074273,32267,13288,7255,4561,3118,2336,1761,1308,11917,1,1,1,1
23.0000,3674,1,1,41118,0,79107,0.519784,1,120,120,120,937324,27.92750,0.00622,2.37660,0.01019,1,0,2,1.059227,1.000000,7.383592,-0.230383,-0.230367,14.731040,3677,0.015638,0.047092,32925,13375,7239,4617,3292,2409,1866,1413,11970,1,1,1,1
23.9000,3674,1,1,42277,1,81231,0.520460,10,3,25,178,24548,28.55122,0.00622,2.37660,0.01019,0,1,3,1.907967,1.360392,1.360392,-0.542006,-0.541830,14.419438,370,0.037576,0.004841,33755,13712,7501,4928,3314,2370,1763,1462,12425,1,1,1,1
22.3500,3675,1,1,40494,0,77925,0.519660,1,5,31,123,232227,27.47754,0.00369,2.37034,0.00883,1,0,2,1.263236,1.000000,1.964053,-0.005855,-0.005792,14.955554,6068,0.000387,0.076526,32452,13297,7070,4513,3187,2345,1832,1371,11857,1,1,1,1
22.4000,3675,1,1,40496,0,77616,0.521755,1,6,188,188,105232,27.51224,0.00369,2.37034,0.00883,1,1,2,1.389850,1.000000,3.706711,-0.023293,-0.023204,14.937974,5884,0.001553,0.074293,32017,13329,7204,4551,3168,2326,1599,1405,12016,1,1,1,1
23.0000,3675,1,1,41395,1,79537,0.520456,1,12,14,17,112856,27.92813,0.00369,2.37034,0.00883,0,1,3,8.782328,6.613246,6.613246,-0.231317,-0.230726,14.730676,3679,0.015663,0.047106,32983,13610,7531,4670,3178,2389,1818,1417,11940,1,1,1,1
23.9000,3675,1,1,42101,1,81130,0.518939,2,5,18,204,411943,28.55187,0.00369,2.37034,0.00883,0,0,3,1.902882,1.507087,1.507087,-0.542985,-0.542809,14.418234,372,0.037647,0.004866,33806,13696,7403,4809,3353,2459,1871,1455,12277,1,1,1,1
22.3500,3676,1,1,40157,1,77329,0.519307,4,28,145,145,51409,27.47736,0.00388,2.36561,0.01093,0,0,3,2.573004,2.376010,2.376010,-0.005812,-0.005555,14.955182,6070,0.000371,0.076533,31762,13207,7296,4567,3208,2286,1743,1396,11863,1,1,1,1
22.4000,3676,1,1,40676,0,78022,0.521347,2,2231,2231,2231,364116,27.51205,0.00388,2.36561,0.01093,1,0,2,1.003853,1.000000,8.621280,-0.023334,-0.023333,14.938089,5889,0.001562,0.074336,32203,13471,7375,4589,3164,2258,1746,1422,11793,1,1,1,1
23.0000,3676,1,1,41652,0,79423,0.524439,1,8,44,113,125784,27.92801,0.00388,2.36561,0.01093,1,1,2,1.124636,1.000000,1.234299,-0.231050,-0.231018,14.730370,3680,0.015683,0.047107,33060,13443,7420,4746,3291,2310,1814,1392,11946,1,1,1,1
23.9000,3676,1,1,42333,1,81260,0.520964,1,26,38,38,111593,28.55177,0.00388,2.36561,0.01093,0,0,3,2.410170,1.944989,1.944989,-0.542989,-0.542750,14.418267,372,0.037643,0.004865,33838,13707,7542,4826,3321,2510,1844,1392,12279,1,1,1,1
22.3500,3677,1,1,40258,0,77409,0.520075,4,2,28,29,59087,27.47421,0.00264,2.36794,0.01199,1,1,3,1.390146,1.000000,1.323395,-0.007853,-0.007763,14.953415,6069,0.000519,0.076508,31943,13072,7257,4594,3232,2303,1737,1366,11904,1,1,1,1
22.4000,3677,1,1,40490,0,77872,0.519963,171,4,171,1383,147414,27.50890,0.00264,2.36794,0.01199,1,1,3,1.224679,1.000000,1.037815,-0.025166,-0.025111,14.935890,5886,0.001681,0.074288,32321,13183,7172,4563,3201,2327,1756,1388,11960,1,1,1,1
23.0000,3677,1,1,41278,0,79088,0.521932,1,160,160,160,139948,27.92493,0.00264,2.36794,0.01199,1,1,2,1.194279,1.000000,34.314209,-0.233664,-0.233616,14.727752,3677,0.015862,0.047064,32924,13467,7183,4686,3161,2407,1756,1436,12067,1,1,1,1
23.9000,3677,1,1,41800,0,80730,0.517782,1,7,19,96,189966,28.54871,0.00264,2.36794,0.01199,1,1,2,1.286698,1.000000,2.863044,-0.545214,-0.545146,14.415923,368,0.037816,0.004812,33211,13649,7607,4844,3349,2370,1906,1490,12303,1,1,1,1
22.3500,3678,1,1,40677,1,77875,0.522344,1,5,36,54,593266,27.47718,0.00245,2.35845,0.01695,0,1,3,2.705624,2.185197,2.185197,-0.006659,-0.006388,14.954966,6071,0.000427,0.076505,32374,13265,7171,4589,3215,2293,1777,1346,11844,1,1,1,1
22.4000,3678,1,1,40549,1,77946,0.520226,2,35,237,237,877566,27.51186,0.00245,2.35845,0.01695,0,1,3,13.436090,12.138263,12.138263,-0.024231,-0.023525,14.937884,5887,0.001575,0.074271,32435,13259,7227,4579,3093,2265,1725,1414,11948,1,1,1,1
23.0000,3678,1,1,41019,1,78887,0.519978,6,612,612,612,128116,27.92778,0.00245,2.35845,0.01695,0,1,3,21.402342,20.954479,20.954479,-0.232268,-0.231435,14.729982,3681,0.015712,0.047095,32481,13608,7367,4572,3217,2291,1804,1403,12143,1,1,1,1
23.9000,3678,1,1,42134,0,81268,0.518464,1,9,23,1092,98062,28.55158,0.00245,2.35845,0.01695,1,1,2,1.319264,1.000000,3.874183,-0.543936,-0.543860,14.417463,370,0.037722,0.004836,33623,13878,7571,4887,3333,2439,1825,1472,12239,1,1,1,1
22.3500,3679,1,1,40646,0,77937,0.521530,4,98,2537,2537,197939,27.48056,0.00530,2.37005,0.01282,1,0,2,1.019133,1.000000,1.926481,-0.003459,-0.003454,14.957964,6074,0.000231,0.076506,32520,13139,7225,4667,3071,2282,1753,1361,11918,1,1,1,1
22.4000,3679,1,1,40763,1,78271,0.520800,1,53,53,53,1006479,27.51522,0.00530,2.37005,0.01282,0,1,3,21.928782,19.864530,19.864530,-0.021111,-0.020271,14.940107,5891,0.001357,0.074290,32656,13138,7293,4635,3075,2456,1780,1372,11865,1,1,1,1
23.0000,3679,1,1,41007,1,78785,0.520499,1,75,75,75,44866,27.93123,0.00530,2.37005,0.01282,0,1,3,6.019855,5.727936,5.727936,-0.228942,-0.228454,14.732955,3679,0.015506,0.047047,32617,13241,7375,4656,3189,2304,1866,1418,12118,1,1,1,1
23.9000,3679,1,1,42199,1,80858,0.521897,1,10,15,126,172800,28.55504,0.00530,2.37005,0.01282,0,1,3,2.192241,1.898265,1.898265,-0.540699,-0.540486,14.420895,368,0.037479,0.004808,33393,13662,7455,4857,3401,2306,1923,1443,12417,1,1,1,1
22.3500,3680,1,1,40701,1,77915,0.522384,3,2,11,29,737308,27.48697,0.00264,2.37731,0.01138,0,1,3,2.015276,1.469464,1.469464,-0.001675,-0.001485,14.959811,6083,0.000099,0.076590,32329,13273,7328,4551,3152,2338,1734,1388,11821,1,1,1,1
22.4000,3680,1,1,40484,0,77317,0.523617,2,274,274,274,30457,27.52162,0.00264,2.37731,0.01138,1,0,2,1.034038,1.000000,9.532347,-0.019258,-0.019249,14.942165,5897,0.001288,0.074335,32008,12995,7152,4470,3183,2276,1747,1399,12086,1,1,1,1
23.0000,3680,1,1,41530,0,79694,0.521125,2,6,8,19,9559235,27.93751,0.00264,2.37731,0.01138,1,0,2,1.183724,1.000000,1.335879,-0.226935,-0.226889,14.734483,3686,0.015399,0.047119,33261,13507,7363,4741,3234,2302,1822,1445,12018,1,1,1,1
23.9000,3680,1,1,42257,1,80940,0.522085,1,11,30,36,224573,28.56134,0.00264,2.37731,0.01138,0,1,3,8.341514,6.027943,6.027943,-0.539056,-0.538480,14.422930,374,0.037335,0.004884,33481,13751,7521,4801,3369,2322,1845,1483,12366,1,1,1,1
22.3500,3681,1,1,40655,1,77991,0.521285,2,25,25,97,350090,27.48342,0.00282,2.38331,0.01141,0,1,3,12.726509,10.998127,10.998127,-0.003563,-0.002872,14.958546,6076,0.000192,0.076487,32422,13304,7302,4624,3190,2295,1781,1366,11706,1,1,1,1
22.4000,3681,1,1,40609,1,78248,0.518985,1,1,76,103,272038,27.51806,0.00282,2.38331,0.01141,0,1,3,1.525978,1.081876,1.081876,-0.020563,-0.020448,14.940766,5892,0.001369,0.074259,32559,13154,7411,4701,3214,2301,1823,1414,11670,1,1,1,1
23.0000,3681,1,1,41272,0,79634,0.518278,2,10,140,140,56451,27.93403,0.00282,2.38331,0.01141,1,1,2,1.230981,1.000000,2.760455,-0.228680,-0.228624,14.732385,3684,0.015518,0.047088,33114,13562,7438,4676,3226,2415,1766,1490,11946,1,1,1,1
23.9000,3681,1,1,42218,0,81128,0.520394,4,4,17,27,39671,28.55769,0.00282,2.38331,0.01141,1,1,2,1.341807,1.000000,1.893723,-0.540460,-0.540380,14.420933,371,0.037472,0.004844,33552,13818,7579,4765,3367,2383,1876,1480,12307,1,1,1,1
22.3500,3682,1,1,40544,0,77996,0.519828,1,4,4,34,53676,27.48274,0.00282,2.37786,0.01420,1,1,2,1.299494,1.000000,1.752539,-0.003586,-0.003515,14.957568,6078,0.000235,0.076496,32397,13243,7248,4646,3210,2316,1743,1435,11757,1,1,1,1
22.4000,3682,1,1,40543,1,77772,0.521313,10,24,24,309,642997,27.51738,0.00282,2.37786,0.01420,0,1,3,8.583911,7.863762,7.863762,-0.021111,-0.020527,14.940885,5896,0.001374,0.074289,32126,13279,7195,4572,3176,2351,1773,1404,11895,1,1,1,1
23.0000,3682,1,1,41272,0,79406,0.519766,2,2,2,1125,74402,27.93341,0.00282,2.37786,0.01420,1,1,3,1.384988,1.000000,1.458332,-0.228894,-0.228806,14.732481,3684,0.015531,0.047074,32833,13777,7340,4673,3185,2363,1888,1427,11919,1,1,1,1
23.9000,3682,1,1,42259,1,81321,0.519663,1,7,79,85,186589,28.55710,0.00282,2.37786,0.01420,0,1,3,4.423464,3.652916,3.652916,-0.540867,-0.540463,14.420947,371,0.037478,0.004843,33875,13899,7322,4865,3284,2416,1866,1427,12366,1,1,1,1
22.3500,3683,1,1,40684,0,78208,0.520209,1,5,26,26,1150355,27.48782,0.00263,2.38809,0.01159,1,1,2,1.252091,1.000000,1.700013,-0.001256,-0.001195,14.959838,6080,0.000080,0.076489,32611,13224,7205,4496,3262,2284,1840,1374,11911,1,1,1,1
22.4000,3683,1,1,40721,1,77937,0.522493,1,11,66,66,83018,27.52245,0.00263,2.38809,0.01159,0,1,3,6.179729,5.148542,5.148542,-0.018721,-0.018227,14.943157,5895,0.001220,0.074245,32316,13160,7338,4578,3164,2339,1757,1350,11934,1,1,1,1
23.0000,3683,1,1,41438,0,79446,0.521594,1,33,33,42,455244,27.93838,0.00263,2.38809,0.01159,1,1,2,1.191025,1.000000,7.202994,-0.226730,-0.226683,14.734687,3685,0.015384,0.047067,33014,13481,7397,4729,3165,2424,1843,1392,12000,1,1,1,1
23.9000,3683,1,1,42342,0,81041,0.522483,5,8,8,156,56760,28.56208,0.00263,2.38809,0.01159,1,1,2,1.414213,1.000000,4.269328,-0.538509,-0.538415,14.422820,372,0.037331,0.004854,33618,13613,7504,4728,3352,2520,1849,1430,12426,1,1,1,1
22.3500,3684,1,1,40590,0,77993,0.520438,1,1,8,43,561341,27.48276,0.00509,2.38522,0.01087,1,1,3,1.403860,1.000000,1.240649,-0.002451,-0.002359,14.958842,6081,0.000158,0.076486,32376,13464,7240,4620,3145,2249,1824,1320,11754,1,1,1,1
22.4000,3684,1,1,40465,1,77835,0.519888,1,30,30,37,52738,27.51738,0.00509,2.38522,0.01087,0,0,3,1.963247,1.536244,1.536244,-0.019784,-0.019601,14.941460,5900,0.001312,0.074296,32112,13326,7411,4411,3113,2348,1817,1430,11866,1,1,1,1
23.0000,3684,1,1,41671,1,79985,0.520992,1,5,12,418,85135,27.93339,0.00509,2.38522,0.01087,0,0,3,2.294224,1.662897,1.662897,-0.227795,-0.227570,14.733596,3686,0.015446,0.047071,33438,13630,7372,4591,3356,2375,1826,1464,11932,1,1,1,1
23.9000,3684,1,1,42255,1,81192,0.520439,1,5,15,90,46664,28.55711,0.00509,2.38522,0.01087,0,0,3,2.483874,1.824679,1.824679,-0.539671,-0.539424,14.421722,371,0.037404,0.004840,33630,13891,7581,4740,3272,2396,1942,1343,12396,1,1,1,1
22.3500,3685,1,1,40380,0,77465,0.521274,1,47,47,160,383973,27.48261,0.00301,2.38358,0.01521,1,1,2,1.029941,1.000000,1.453841,-0.003521,-0.003513,14.956955,6082,0.000235,0.076488,32021,13036,7280,4629,3019,2364,1771,1369,11975,1,1,1,1
22.4000,3685,1,1,40715,1,77938,0.522409,10,5,55,55,925596,27.51741,0.00301,2.38358,0.01521,0,1,3,3.024693,2.526505,2.526505,-0.020994,-0.020693,14.939748,5894,0.001385,0.074209,32255,13331,7193,4514,3088,2415,1824,1444,11873,1,1,1,1
23.0000,3685,1,1,41503,1,79542,0.521781,2,30,30,156,848478,27.93330,0.00301,2.38358,0.01521,0,1,3,7.882189,7.414963,7.414963,-0.229086,-0.228525,14.732041,3683,0.015512,0.047025,32995,13695,7458,4548,3273,2354,1745,1440,12033,1,1,1,1
23.9000,3685,1,1,42041,1,81015,0.518935,1,3,4,79,212772,28.55704,0.00301,2.38358,0.01521,0,1,3,2.367616,1.865955,1.865955,-0.540768,-0.540534,14.420854,367,0.037483,0.004787,33308,13922,7767,4718,3251,2469,1842,1380,12357,1,1,1,1
22.3500,3686,1,1,40748,0,77976,0.522578,1,2118,2118,2118,134647,27.48818,0.00263,2.38374,0.01231,1,1,2,1.000960,1.000000,2.057361,-0.001095,-0.001095,14.958444,6084,0.000073,0.076484,32408,13208,7182,4676,3198,2333,1729,1417,11824,1,1,1,1
22.4000,3686,1,1,40767,1,78189,0.521397,44,5,44,44,75734,27.52278,0.00263,2.38374,0.01231,0,0,3,1.076382,1.054409,1.054409,-0.018304,-0.018284,14.942087,5901,0.001224,0.074265,32463,13292,7317,4600,3157,2276,1766,1503,11814,1,1,1,1
23.0000,3686,1,1,41387,1,79693,0.519337,152,3,152,152,205140,27.93874,0.00263,2.38374,0.01231,0,1,3,1.959710,1.539322,1.539322,-0.226338,-0.226155,14.733653,3688,0.015350,0.047071,33172,13471,7501,4751,3255,2332,1790,1351,12069,1,1,1,1
23.9000,3686,1,1,42414,0,81212,0.522269,1,10,11,66,48524,28.56250,0.00263,2.38374,0.01231,1,0,2,1.124472,1.000000,1.464693,-0.538206,-0.538174,14.423215,371,0.037313,0.004837,33574,13853,7541,4760,3337,2423,1863,1508,12352,1,1,1,1
22.3500,3687,1,1,40727,1,77722,0.524015,1,9,9,94,118701,27.48521,0.00263,2.37860,0.01196,0,1,3,7.147332,5.284588,5.284588,-0.002642,-0.002109,14.959294,6084,0.000141,0.076459,32145,13185,7133,4656,3190,2333,1688,1425,11966,1,1,1,1
22.4000,3687,1,1,40811,1,78083,0.522668,4,2,26,26,86822,27.51980,0.00263,2.37860,0.01196,0,1,3,1.883593,1.468171,1.468171,-0.019757,-0.019586,14.941753,5900,0.001311,0.074234,32318,13321,7186,4691,3192,2230,1881,1328,11935,1,1,1,1
23.0000,3687,1,1,41459,1,79441,0.521891,1,4,15,40,32862,27.93584,0.00263,2.37860,0.01196,0,1,3,2.218651,1.888377,1.888377,-0.227815,-0.227599,14.733776,3687,0.015447,0.047045,32971,13642,7281,4668,3205,2402,1817,1357,12097,1,1,1,1
23.9000,3687,1,1,42157,1,81160,0.519437,1,1,16,16,407283,28.55962,0.00263,2.37860,0.01196,0,1,3,1.732782,1.272763,1.272763,-0.539648,-0.539499,14.421804,373,0.037409,0.004862,33573,13836,7590,4855,3243,2350,1888,1434,12390,1,1,1,1
22.3500,3688,1,1,40486,0,77806,0.520352,1,2,5,173,131032,27.48462,0.00589,2.38216,0.01139,1,1,3,1.205909,1.000000,1.064847,-0.001008,-0.000957,14.959905,6088,0.000064,0.076486,32403,13091,7225,4575,3044,2280,1823,1462,11902,1,1,1,1
22.4000,3688,1,1,40798,0,78359,0.520662,1,40,40,110,18633,27.51939,0.00589,2.38216,0.01139,1,1,2,1.205656,1.000000,9.485556,-0.018705,-0.018654,14.942324,5903,0.001248,0.074249,32555,13319,7263,4711,3229,2428,1730,1373,11750,1,1,1,1
23.0000,3688,1,1,41537,1,79590,0.521894,2,1,9,154,152758,27.93532,0.00589,2.38216,0.01139,0,1,3,1.504187,1.169473,1.169473,-0.226377,-0.226266,14.734685,3690,0.015356,0.047067,33024,13483,7585,4665,3257,2411,1780,1414,11970,1,1,1,1
23.9000,3688,1,1,42107,1,81311,0.517858,1,2,24,79,170571,28.55911,0.00589,2.38216,0.01139,0,1,3,2.180152,1.589955,1.589955,-0.538322,-0.538111,14.423245,371,0.037309,0.004834,33693,13854,7609,4767,3286,2437,1870,1456,12338,1,1,1,1
22.3500,3689,1,1,40477,1,77609,0.521557,3,12,12,40,613227,27.49093,0.00411,2.38852,0.01458,0,1,3,4.320452,3.918358,3.918358,0.000942,0.001339,14.962001,6087,-0.000089,0.076442,32103,13143,7152,4618,3209,2354,1812,1394,11823,1,1,1,1
22.4000,3689,1,1,40640,0,77992,0.521086,1,30,121,121,338730,27.52550,0.00411,2.38852,0.01458,1,1,2,1.375480,1.000000,14.257626,-0.016520,-0.016433,14.944861,5901,0.001100,0.074191,32151,13380,7333,4582,3180,2340,1756,1394,11875,1,1,1,1
23.0000,3689,1,1,41373,1,79221,0.522254,1,9,9,55,3913258,27.94150,0.00411,2.38852,0.01458,0,1,3,2.331667,1.726064,1.696283,-0.224227,-0.223997,14.737138,3687,0.015200,0.047009,32848,13200,7440,4718,3325,2367,1845,1413,12064,1,1,1,1
23.9000,3689,1,1,42322,0,81296,0.520598,4,7,8,39,34031,28.56532,0.00411,2.38852,0.01458,1,1,2,1.189754,1.000000,1.674396,-0.536134,-0.536087,14.424870,367,0.037164,0.004780,33652,13876,7548,4791,3235,2536,1801,1470,12386,1,1,1,1
22.3500,3690,1,1,40459,1,77814,0.519952,1,55,55,223,153535,27.48669,0.00742,2.38554,0.01219,0,1,3,1.965515,1.468806,1.387932,0.000687,0.000870,14.961993,6087,-0.000058,0.076421,32113,13255,7268,4514,3192,2362,1710,1428,11971,1,1,1,1
22.4000,3690,1,1,40740,0,78046,0.522007,3,182,182,182,48911,27.52144,0.00742,2.38554,0.01219,1,1,2,1.271327,1.000000,56.196296,-0.017195,-0.017130,14.943925,5902,0.001146,0.074188,32645,13076,7073,4584,3164,2300,1781,1377,12045,1,1,1,1
23.0000,3690,1,1,41347,1,79098,0.522738,2,356,692,692,12983,27.93733,0.00742,2.38554,0.01219,0,1,3,77.586894,75.553793,75.553793,-0.225180,-0.224000,14.737423,3688,0.015199,0.047008,32818,13409,7351,4630,3234,2300,1749,1442,12164,1,1,1,1
23.9000,3690,1,1,42383,1,81584,0.519508,3,3,30,42,139956,28.56116,0.00742,2.38554,0.01219,0,1,3,2.157310,1.627987,1.627987,-0.536576,-0.536367,14.424413,369,0.037185,0.004805,33880,13915,7510,4828,3266,2449,1866,1529,12340,1,1,1,1
22.3500,3691,1,1,40746,0,78032,0.522177,1,10,52,52,59853,27.48891,0.00225,2.37794,0.01181,1,1,2,1.250589,1.000000,3.107287,-0.000831,-0.000771,14.960262,6095,0.000052,0.076510,32295,13274,7326,4649,3130,2250,1843,1466,11798,1,1,1,1
22.4000,3691,1,1,41031,1,78405,0.523328,1,5,50,77,3078719,27.52366,0.00225,2.37794,0.01181,0,0,3,3.258726,2.525959,2.525959,-0.018175,-0.017855,14.943220,5911,0.001195,0.074284,32588,13455,7346,4489,3077,2358,1769,1404,11918,1,1,1,1
23.0000,3691,1,1,41410,0,79597,0.520252,1,5,6,21,47722,27.93962,0.00225,2.37794,0.01181,1,1,2,1.395973,1.000000,2.938746,-0.226177,-0.226086,14.735191,3696,0.015343,0.047104,33176,13457,7338,4667,3185,2332,1884,1433,12124,1,1,1,1
23.9000,3691,1,1,42392,0,81462,0.520396,3,42,42,62,400997,28.56328,0.00225,2.37794,0.01181,1,1,2,1.024818,1.000000,1.122620,-0.537874,-0.537867,14.422552,375,0.037293,0.004883,33709,13789,7680,4913,3396,2345,1820,1448,12361,1,1,1,1
22.3500,3692,1,1,40875,1,78221,0.522565,1,10,24,35,92671,27.49197,0.00244,2.37963,0.01085,0,1,3,3.753586,3.400262,3.400262,0.000657,0.001015,14.962421,6096,-0.000068,0.076490,32529,13287,7283,4645,3110,2273,1786,1416,11891,1,1,1,1
22.4000,3692,1,1,41051,1,78881,0.520423,1,22512,22512,22512,22512,27.52652,0.00244,2.37963,0.01085,0,1,3,16.638155,15.970602,15.959903,-0.016825,-0.016063,14.944496,5913,0.001075,0.074283,33008,13474,7296,4593,3207,2377,1703,1418,11804,1,1,1,1
23.0000,3692,1,1,41226,0,79118,0.521076,3,11,225,225,28827,27.94256,0.00244,2.37963,0.01085,1,1,2,1.251483,1.000000,3.223552,-0.224627,-0.224566,14.736785,3696,0.015238,0.047086,32709,13422,7321,4687,3194,2321,1828,1451,12184,1,1,1,1
23.9000,3692,1,1,42213,1,81205,0.519839,1,38,38,38,3766793,28.56624,0.00244,2.37963,0.01085,0,1,3,24.006459,18.782300,18.782300,-0.536707,-0.535846,14.424473,374,0.037148,0.004868,33568,13950,7581,4832,3163,2350,1839,1484,12437,1,1,1,1
22.3500,3693,1,1,40577,1,78202,0.518881,1,12,542,2674,130560,27.49728,0.00487,2.38066,0.01064,0,1,3,3.129403,3.043654,3.043654,0.004604,0.004913,14.966337,6095,-0.000328,0.076437,32636,13146,7188,4613,3183,2375,1771,1441,11848,1,1,1,1
22.4000,3693,1,1,40578,0,78139,0.519312,41,2,70,126,493185,27.53200,0.00487,2.38066,0.01064,1,1,3,1.348402,1.000000,1.266302,-0.012632,-0.012551,14.948760,5910,0.000840,0.074204,32283,13391,7226,4575,3089,2356,1849,1376,11993,1,1,1,1
23.0000,3693,1,1,41398,0,79511,0.520664,5,112,112,1115,143360,27.94793,0.00487,2.38066,0.01064,1,0,2,1.041541,1.000000,4.792549,-0.220782,-0.220771,14.740642,3696,0.014977,0.047061,32774,13622,7454,4724,3160,2428,1844,1465,12039,1,1,1,1
23.9000,3693,1,1,42551,1,81505,0.522073,6,3,327,2316,108352,28.57163,0.00487,2.38066,0.01064,0,1,3,2.063929,1.509838,1.509838,-0.532476,-0.532279,14.429021,370,0.036890,0.004813,33942,13672,7524,4837,3367,2464,1809,1441,12448,1,1,1,1
22.3500,3694,1,1,40746,0,78045,0.522090,2,2,711,711,52375,27.50043,0.00244,2.37586,0.01201,1,1,3,1.414042,1.000000,1.350301,0.005142,0.005236,14.966477,6098,-0.000350,0.076453,32331,13321,7190,4499,3182,2392,1750,1413,11966,1,1,1,1
22.4000,3694,1,1,40838,0,78199,0.522238,2,3,38,147,408706,27.53514,0.00244,2.37586,0.01201,1,1,2,1.299724,1.000000,1.311064,-0.012212,-0.012141,14.948944,5913,0.000812,0.074221,32594,13230,7210,4523,3121,2386,1751,1390,11993,1,1,1,1
23.0000,3694,1,1,41634,0,79833,0.521520,1,14,23,32,55683,27.95114,0.00244,2.37586,0.01201,1,1,2,1.152935,1.000000,2.425304,-0.220294,-0.220256,14.740645,3696,0.014942,0.047048,33296,13450,7474,4601,3251,2352,1809,1529,12070,1,1,1,1
23.9000,3694,1,1,42541,1,81466,0.522200,1,4,8497,8497,502973,28.57486,0.00244,2.37586,0.01201,0,1,3,1.630038,1.348784,1.348784,-0.532076,-0.531944,14.429421,372,0.036865,0.004838,33801,13740,7684,4780,3281,2416,1831,1463,12469,1,1,1,1
22.3500,3695,1,1,41153,1,78644,0.523289,1,1,444,444,138789,27.49758,0.00244,2.37809,0.01173,0,0,3,1.528457,1.111518,1.111518,0.003625,0.003740,14.964902,6097,-0.000250,0.076428,33146,13294,7121,4498,3153,2339,1792,1396,11904,1,1,1,1
22.4000,3695,1,1,40790,0,78319,0.520825,1,3,20,34,199226,27.53229,0.00244,2.37809,0.01173,1,1,3,1.209383,1.000000,1.079647,-0.013713,-0.013661,14.947323,5914,0.000914,0.074221,32481,13435,7280,4549,3225,2298,1728,1388,11934,1,1,1,1
23.0000,3695,1,1,41359,1,79500,0.520246,17,2,17,57,4533219,27.94818,0.00244,2.37809,0.01173,0,1,3,1.572717,1.136922,1.136922,-0.221676,-0.221553,14.739844,3695,0.015031,0.047025,32723,13648,7481,4601,3273,2383,1837,1514,12039,1,1,1,1
23.9000,3695,1,1,42700,0,82022,0.520598,1,5,40,54,208840,28.57192,0.00244,2.37809,0.01173,1,1,2,1.405659,1.000000,2.831803,-0.533668,-0.533576,14.427689,370,0.036983,0.004811,34154,14004,7623,4850,3339,2385,1840,1463,12363,1,1,1,1
22.3500,3696,1,1,40987,1,78476,0.522294,2,31,50,199,68125,27.49982,0.00479,2.37270,0.00923,0,0,3,2.008710,1.594161,1.594161,0.005941,0.006130,14.967174,6107,-0.000410,0.076521,32612,13365,7265,4726,3234,2316,1709,1419,11829,1,1,1,1
22.4000,3696,1,1,41004,0,78596,0.521713,1,28,28,28,391718,27.53452,0.00479,2.37270,0.00923,1,1,2,1.040760,1.000000,1.230305,-0.011376,-0.011365,14.950049,5920,0.000760,0.074263,32673,13383,7396,4533,3181,2391,1761,1464,11813,1,1,1,1
23.0000,3696,1,1,41541,1,79698,0.521237,1,37,37,37,45683,27.95048,0.00479,2.37270,0.00923,0,1,3,5.037482,4.890708,4.890708,-0.219544,-0.219106,14.742310,3701,0.014862,0.047081,32781,13633,7512,4818,3386,2367,1770,1390,12040,1,1,1,1
23.9000,3696,1,1,42398,0,81138,0.522548,8,29,29,658,72875,28.57424,0.00479,2.37270,0.00923,1,0,2,1.047378,1.000000,1.440069,-0.531258,-0.531245,14.430166,375,0.036815,0.004874,33369,13826,7532,4965,3265,2457,1816,1446,12461,1,1,1,1
22.3500,3697,1,1,40754,0,78237,0.520911,1,2,50,50,48638,27.49793,0.00281,2.36818,0.00979,1,1,3,1.290818,1.000000,1.226155,0.004103,0.004172,14.965248,6101,-0.000279,0.076435,32544,13163,7332,4649,3208,2284,1798,1363,11895,1,1,1,1
22.4000,3697,1,1,40845,1,78313,0.521568,1,5,5,6,220165,27.53261,0.00281,2.36818,0.00979,0,1,3,3.618164,2.906607,2.906607,-0.013360,-0.013012,14.947887,5916,0.000871,0.074203,32649,13198,7215,4591,3155,2384,1782,1360,11978,1,1,1,1
23.0000,3697,1,1,41349,1,79454,0.520421,1,39,39,39,81854,27.94865,0.00281,2.36818,0.00979,0,1,3,1.849835,1.321399,1.103928,-0.221246,-0.221079,14.740116,3699,0.014998,0.047050,32823,13471,7473,4680,3196,2330,1853,1457,12170,1,1,1,1
23.9000,3697,1,1,42299,1,81479,0.519146,4,4,19,48,183201,28.57243,0.00281,2.36818,0.00979,0,1,3,1.502958,1.180678,1.180678,-0.533146,-0.533035,14.428308,370,0.036944,0.004808,33699,13869,7554,4872,3439,2333,1856,1527,12329,1,1,1,1
22.3500,3698,1,1,40887,1,78497,0.520880,1,12,18,18,354447,27.48918,0.00733,2.37121,0.01089,0,1,3,5.027611,4.389004,4.389004,0.001691,0.002127,14.963520,6102,-0.000142,0.076436,32506,13406,7454,4515,3302,2421,1754,1429,11709,1,1,1,1
22.4000,3698,1,1,40673,1,78098,0.520801,1,3,13,39,70783,27.52386,0.00733,2.37121,0.01089,0,1,3,1.878653,1.344502,1.344502,-0.015479,-0.015309,14.945967,5918,0.001024,0.074218,32399,13301,7195,4520,3229,2399,1765,1394,11895,1,1,1,1
23.0000,3698,1,1,41469,1,79594,0.521013,3,2,11,167,324780,27.93978,0.00733,2.37121,0.01089,0,1,3,1.601161,1.133557,1.098842,-0.223410,-0.223283,14.737941,3698,0.015150,0.047031,32866,13534,7399,4680,3337,2503,1839,1405,12030,1,1,1,1
23.9000,3698,1,1,42431,1,81673,0.519529,2,26,26,43,227506,28.56358,0.00733,2.37121,0.01089,0,1,3,6.314067,5.957407,5.957407,-0.535549,-0.535051,14.426363,370,0.037088,0.004807,33970,14053,7530,4779,3269,2389,1836,1437,12409,1,1,1,1
22.3500,3699,1,1,40815,1,78243,0.521651,1,34,511,511,180242,27.50121,0.00262,2.37191,0.01107,0,1,3,1.464394,1.239246,1.239246,0.005591,0.005694,14.967068,6104,-0.000380,0.076422,32535,13321,7219,4475,3171,2338,1795,1408,11980,1,1,1,1
22.4000,3699,1,1,41104,0,78617,0.522845,5,3,61,734,63775,27.53588,0.00262,2.37191,0.01107,1,1,3,1.303966,1.000000,1.214506,-0.011738,-0.011666,14.949424,5919,0.000780,0.074193,32563,13440,7342,4695,3212,2329,1787,1406,11842,1,1,1,1
23.0000,3699,1,1,41438,0,79712,0.519853,13,26,26,513,2158400,27.95188,0.00262,2.37191,0.01107,1,1,2,1.090739,1.000000,2.567482,-0.219841,-0.219818,14.740948,3702,0.014912,0.047060,33218,13435,7331,4638,3282,2409,1768,1421,12209,1,1,1,1
23.9000,3699,1,1,42468,0,81564,0.520677,1,3,2371,2371,49273,28.57569,0.00262,2.37191,0.01107,1,1,2,1.284685,1.000000,1.356256,-0.531661,-0.531593,14.429477,370,0.036841,0.004805,33819,13858,7546,4867,3295,2433,1830,1388,12527,1,1,1,1
22.3500,3700,1,1,41119,1,78435,0.524250,2,4,4,9,210686,27.49809,0.00281,2.36680,0.01088,0,1,3,2.399865,2.032667,2.032667,0.003936,0.004173,14.965110,6107,-0.000279,0.076449,32540,13429,7333,4518,3158,2368,1824,1387,11877,1,1,1,1
22.4000,3700,1,1,41142,0,78991,0.520851,3,2,11,80,63177,27.53274,0.00281,2.36680,0.01088,1,1,3,1.391987,1.000000,1.386322,-0.013340,-0.013251,14.947933,5920,0.000886,0.074193,33016,13352,7302,4762,3188,2304,1832,1406,11828,1,1,1,1
23.0000,3700,1,1,41651,1,79953,0.520950,1,31,41,66,123671,27.94863,0.00281,2.36680,0.01088,0,1,3,14.323782,12.698694,12.698694,-0.221588,-0.220869,14.740547,3704,0.014984,0.047074,33156,13576,7547,4588,3285,2396,1791,1425,12188,1,1,1,1
23.9000,3700,1,1,42484,0,81584,0.520746,2,2263,2263,2263,675616,28.57246,0.00281,2.36680,0.01088,1,1,2,1.062834,1.000000,146.711100,-0.533835,-0.533819,14.426850,371,0.037002,0.004818,33810,13903,7420,4951,3329,2405,1868,1466,12431,1,1,1,1
22.3500,3701,1,1,40810,0,78216,0.521767,16,4,32,32,93812,27.49330,0.00410,2.37568,0.01377,1,1,2,1.413181,1.000000,2.117412,0.002246,0.002340,14.963566,6103,-0.000156,0.076386,32501,13219,7311,4515,3145,2346,1837,1414,11927,1,1,1,1
22.4000,3701,1,1,41166,0,78781,0.522544,1,172,172,172,826421,27.52795,0.00410,2.37568,0.01377,1,1,2,1.020747,1.000000,3.647363,-0.015151,-0.015146,14.945229,5918,0.001013,0.074162,32829,13385,7459,4607,3158,2300,1749,1437,11856,1,1,1,1
23.0000,3701,1,1,41546,0,79967,0.519546,4,3,7,121,174520,27.94392,0.00410,2.37568,0.01377,1,1,2,1.362481,1.000000,1.610100,-0.223017,-0.222933,14.738216,3698,0.015126,0.046992,33313,13575,7428,4764,3153,2431,1810,1387,12105,1,1,1,1
23.9000,3701,1,1,42771,1,82267,0.519911,2,9,87,87,44421,28.56758,0.00410,2.37568,0.01377,0,0,3,1.392045,1.110461,1.110461,-0.534802,-0.534713,14.426325,367,0.037065,0.004764,34460,14056,7445,4767,3267,2441,1898,1470,12462,1,1,1,1
22.3500,3702,1,1,41020,0,78597,0.521910,1,26,26,107,52423,27.49449,0.00243,2.38151,0.01094,1,1,2,1.326576,1.000000,10.142899,0.001858,0.001934,14.963047,6111,-0.000129,0.076468,32814,13247,7359,4587,3198,2297,1770,1347,11977,1,1,1,1
22.4000,3702,1,1,40721,1,78351,0.519732,5,18,18,98,207114,27.52912,0.00243,2.38151,0.01094,0,1,3,2.289817,1.701110,1.612245,-0.015210,-0.014986,14.946327,5926,0.001003,0.074236,32385,13393,7265,4643,3127,2316,1799,1370,12052,1,1,1,1
23.0000,3702,1,1,41570,0,79737,0.521345,5,3,76,76,632032,27.94516,0.00243,2.38151,0.01094,1,1,2,1.375681,1.000000,1.619332,-0.223229,-0.223143,14.738021,3704,0.015141,0.047057,33072,13539,7419,4772,3268,2386,1843,1385,12052,1,1,1,1
23.9000,3702,1,1,42960,0,82048,0.523602,1,13,90,90,604078,28.56885,0.00243,2.38151,0.01094,1,1,2,1.323760,1.000000,5.373502,-0.535236,-0.535160,14.425950,373,0.037097,0.004841,34192,13988,7506,4920,3360,2434,1838,1444,12365,1,1,1,1
22.3500,3703,1,1,40858,0,78483,0.520603,2,27,56,56,75200,27.49176,0.00243,2.37175,0.01055,1,1,2,1.041645,1.000000,1.266747,0.000661,0.000672,14.961233,6110,-0.000045,0.076444,32419,13398,7301,4630,3278,2337,1841,1413,11865,1,1,1,1
22.4000,3703,1,1,40799,1,78185,0.521833,1,13,17,41,3409377,27.52639,0.00243,2.37175,0.01055,0,1,3,7.116393,6.040928,6.040928,-0.016873,-0.016343,14.945063,5925,0.001094,0.074210,32472,13221,7226,4568,3144,2348,1773,1392,12040,1,1,1,1
23.0000,3703,1,1,41416,0,79601,0.520302,12,393,393,393,274329,27.94231,0.00243,2.37175,0.01055,1,1,2,1.401932,1.000000,189.789404,-0.225301,-0.225210,14.736061,3703,0.015283,0.047037,32975,13515,7458,4636,3214,2453,1860,1425,12064,1,1,1,1
23.9000,3703,1,1,42305,1,81467,0.519296,2,53,53,53,234014,28.56601,0.00243,2.37175,0.01055,0,1,3,3.849050,3.452642,3.452642,-0.536611,-0.536247,14.425146,376,0.037174,0.004879,33693,13707,7619,4885,3281,2494,1966,1404,12417,1,1,1,1
22.3500,3704,1,1,40849,1,78519,0.520250,1,1,14,215,3548299,27.48772,0.00372,2.37350,0.00998,0,0,3,1.457055,1.067693,1.067693,-0.000630,-0.000528,14.960624,6117,0.000035,0.076514,32495,13466,7282,4646,3325,2347,1787,1392,11778,1,1,1,1
22.4000,3704,1,1,40767,1,78396,0.520020,1,46,46,142,39355,27.52234,0.00372,2.37350,0.00998,0,0,3,6.109520,5.333622,5.333622,-0.018158,-0.017669,14.943221,5930,0.001182,0.074262,32494,13274,7313,4606,3163,2402,1789,1407,11947,1,1,1,1
23.0000,3704,1,1,41582,0,79845,0.520791,1,5,12,4058,576017,27.93835,0.00372,2.37350,0.00998,1,1,2,1.191238,1.000000,1.436111,-0.225976,-0.225928,14.735033,3706,0.015333,0.047066,33228,13342,7553,4726,3193,2427,1830,1416,12129,1,1,1,1
23.9000,3704,1,1,42681,1,81913,0.521059,1,47,86,86,355432,28.56207,0.00372,2.37350,0.00998,0,0,3,2.807164,2.309095,2.309095,-0.537903,-0.537624,14.423370,376,0.037274,0.004878,34114,14001,7596,4800,3308,2362,1821,1514,12396,1,1,1,1
22.3500,3705,1,1,41121,1,78796,0.521873,1,35,35,35,305856,27.48789,0.00281,2.37036,0.01283,0,1,3,25.303698,17.998742,17.998742,-0.001322,-0.000450,14.960972,6112,0.000030,0.076429,32817,13319,7369,4694,3262,2292,1800,1399,11843,1,1,1,1
22.4000,3705,1,1,40855,1,78430,0.520917,1,9,13,263,141951,27.52269,0.00281,2.37036,0.01283,0,1,3,2.079303,1.541910,1.532523,-0.018381,-0.018183,14.943128,5927,0.001217,0.074205,32388,13406,7344,4624,3300,2271,1825,1402,11869,1,1,1,1
23.0000,3705,1,1,41618,0,79947,0.520576,1,7,107,107,228677,27.93858,0.00281,2.37036,0.01283,1,0,2,1.221947,1.000000,2.068971,-0.226371,-0.226317,14.735045,3705,0.015359,0.047041,33014,13543,7640,4752,3294,2416,1752,1404,12131,1,1,1,1
23.9000,3705,1,1,42556,0,81840,0.519997,2,2,10,39,325155,28.56231,0.00281,2.37036,0.01283,1,0,3,1.330777,1.000000,1.098842,-0.538157,-0.538079,14.423241,369,0.037306,0.004786,34058,13930,7487,4855,3292,2389,1892,1502,12434,1,1,1,1
22.3500,3706,1,1,40718,0,78125,0.521197,1,1,474,474,337251,27.48566,0.00485,2.36927,0.00989,1,0,3,1.405013,1.000000,1.200408,-0.001169,-0.001077,14.960190,6119,0.000072,0.076500,32350,13196,7286,4665,3100,2404,1833,1420,11870,1,1,1,1
22.4000,3706,1,1,41140,0,78750,0.522419,2,1,15,15,53748,27.52026,0.00485,2.36927,0.00989,1,1,3,1.187926,1.000000,1.051932,-0.018440,-0.018394,14.943019,5928,0.001231,0.074198,32796,13348,7277,4680,3180,2286,1822,1408,11952,1,1,1,1
23.0000,3706,1,1,41539,1,79991,0.519302,1,2,8,44,1294454,27.93622,0.00485,2.36927,0.00989,0,1,3,2.146667,1.656102,1.656102,-0.226490,-0.226284,14.735051,3707,0.015357,0.047053,33413,13522,7365,4677,3210,2383,1808,1449,12163,1,1,1,1
23.9000,3706,1,1,42470,0,81808,0.519149,19,53,53,53,246025,28.55998,0.00485,2.36927,0.00989,1,1,2,1.143872,1.000000,8.244711,-0.538589,-0.538553,14.422832,369,0.037340,0.004785,33931,13997,7635,4739,3325,2497,1848,1381,12454,1,1,1,1
22.3500,3707,1,1,40890,0,78680,0.519707,1,63,63,112,283367,27.47956,0.00417,2.36409,0.01337,1,1,2,1.018784,1.000000,1.234235,-0.004498,-0.004493,14.955857,6117,0.000300,0.076477,32831,13328,7220,4711,3201,2332,1779,1378,11899,1,1,1,1
22.4000,3707,1,1,41055,1,78842,0.520732,1,3,20,91,42294,27.51415,0.00417,2.36409,0.01337,0,1,3,1.661208,1.533358,1.533358,-0.021819,-0.021682,14.939730,5932,0.001451,0.074244,32697,13628,7374,4465,3226,2294,1770,1394,11993,1,1,1,1
23.0000,3707,1,1,41730,0,80208,0.520279,7,111,111,111,625547,27.93019,0.00417,2.36409,0.01337,1,1,2,1.221180,1.000000,27.521193,-0.230232,-0.230179,14.730823,3711,0.015626,0.047105,33454,13669,7425,4613,3253,2409,1826,1492,12066,1,1,1,1
23.9000,3707,1,1,42739,1,81913,0.521767,1,2,96,168,63051,28.55397,0.00417,2.36409,0.01337,0,1,3,1.754390,1.324389,1.324389,-0.541706,-0.541554,14.419470,371,0.037557,0.004811,33927,14050,7648,4828,3309,2438,1841,1481,12390,1,1,1,1
22.3500,3708,1,1,40940,0,78839,0.519293,11,8,168,168,79596,27.48745,0.00262,2.36816,0.00912,1,1,2,1.323630,1.000000,3.078743,-0.001384,-0.001309,14.959802,6120,0.000087,0.076474,32816,13460,7460,4586,3193,2331,1700,1435,11857,1,1,1,1
22.4000,3708,1,1,40983,1,78755,0.520393,3,4,102,204,1403682,27.52222,0.00262,2.36816,0.00912,0,1,3,2.974623,2.331348,2.331348,-0.018731,-0.018437,14.942919,5933,0.001234,0.074221,32752,13549,7326,4613,3108,2263,1743,1416,11984,1,1,1,1
23.0000,3708,1,1,41683,1,79958,0.521318,1,39,39,48,428660,27.93815,0.00262,2.36816,0.00912,0,0,3,4.134988,3.613697,3.613697,-0.226754,-0.226371,14.734517,3708,0.015363,0.047042,33387,13562,7425,4607,3242,2406,1809,1443,12076,1,1,1,1
23.9000,3708,1,1,42362,0,81480,0.519913,1,13,36,36,61971,28.56195,0.00262,2.36816,0.00912,1,1,2,1.122965,1.000000,1.932143,-0.538565,-0.538534,14.422313,371,0.037340,0.004809,33518,13945,7551,4836,3385,2441,1835,1491,12477,1,1,1,1
22.3500,3709,1,1,40942,0,78875,0.519081,4,2,8,37,3235387,27.48412,0.00280,2.36598,0.00916,1,1,3,1.406166,1.000000,1.360544,-0.002970,-0.002878,14.958387,6117,0.000192,0.076423,32735,13450,7396,4720,3162,2326,1826,1429,11830,1,1,1,1
22.4000,3709,1,1,40973,1,78562,0.521544,1,2,20,20,102856,27.51869,0.00280,2.36598,0.00916,0,1,3,1.726791,1.409714,1.409714,-0.020262,-0.020115,14.941298,5931,0.001346,0.074184,32610,13303,7346,4548,3180,2379,1850,1434,11911,1,1,1,1
23.0000,3709,1,1,41614,0,80018,0.520064,1,3,3,341,1844543,27.93469,0.00280,2.36598,0.00916,1,1,2,1.363368,1.000000,1.918947,-0.228303,-0.228219,14.732932,3706,0.015490,0.047009,33235,13426,7604,4731,3278,2335,1882,1445,12081,1,1,1,1
23.9000,3709,1,1,42547,1,81815,0.520045,1,3,85,85,1032343,28.55851,0.00280,2.36598,0.00916,0,1,3,1.829304,1.295161,1.103469,-0.540132,-0.539970,14.421282,368,0.037443,0.004769,33979,13867,7666,4799,3276,2447,1849,1429,12502,1,1,1,1
22.3500,3710,1,1,40977,1,78680,0.520812,1,2,24,24,131809,27.48296,0.00314,2.36868,0.01207,0,1,3,1.636662,1.261444,1.261444,-0.003305,-0.003173,14.958247,6120,0.000212,0.076440,32628,13415,7338,4652,3240,2330,1845,1314,11917,1,1,1,1
22.4000,3710,1,1,40977,1,78671,0.520872,1,9,59,191,73535,27.51771,0.00314,2.36868,0.01207,0,1,3,4.099983,3.410108,3.410108,-0.020814,-0.020434,14.940935,5935,0.001368,0.074215,32684,13362,7311,4521,3315,2401,1863,1362,11851,1,1,1,1
23.0000,3710,1,1,41245,1,79452,0.519125,1,30,30,56,230471,27.93360,0.00314,2.36868,0.01207,0,1,3,1.577914,1.263024,1.263024,-0.228620,-0.228498,14.732855,3711,0.015509,0.047060,32827,13293,7410,4678,3274,2432,1841,1456,12240,1,1,1,1
23.9000,3710,1,1,42545,1,81726,0.520587,1,5,18,48,58252,28.55743,0.00314,2.36868,0.01207,0,1,3,3.520552,2.766997,2.766997,-0.540647,-0.540308,14.420646,369,0.037468,0.004781,33943,13802,7582,4744,3244,2476,1899,1499,12536,1,1,1,1
22.3500,3711,1,1,40890,0,78366,0.521789,1,62,62,88,23258,27.48061,0.00261,2.36538,0.01165,1,1,2,1.098916,1.000000,6.565482,-0.004902,-0.004877,14.955914,6121,0.000326,0.076444,32523,13212,7433,4617,3113,2310,1746,1376,12035,1,1,1,1
22.4000,3711,1,1,41076,0,78792,0.521329,2,5,382,382,895299,27.51535,0.00261,2.36538,0.01165,1,1,2,1.412512,1.000000,2.815367,-0.022159,-0.022066,14.939186,5934,0.001477,0.074192,32822,13363,7340,4541,3199,2342,1808,1385,11991,1,1,1,1
23.0000,3711,1,1,41534,0,79837,0.520241,7,8,275,275,305398,27.93131,0.00261,2.36538,0.01165,1,1,2,1.260881,1.000000,2.553683,-0.230126,-0.230064,14.731285,3707,0.015617,0.047002,33078,13538,7417,4733,3281,2384,1838,1425,12142,1,1,1,1
23.9000,3711,1,1,42272,0,81740,0.517158,1,6,6,45,275164,28.55498,0.00261,2.36538,0.01165,1,1,2,1.412268,1.000000,3.429786,-0.541998,-0.541905,14.419347,369,0.037582,0.004780,33962,13781,7549,4969,3269,2369,1864,1405,12571,1,1,1,1
22.3500,3712,1,1,40797,1,78430,0.520177,1,5,5,14,43611,27.48472,0.00515,2.36863,0.00728,0,1,3,4.165706,3.090120,3.090120,-0.001596,-0.001212,14.960181,6131,0.000081,0.076527,32779,13272,7179,4540,3123,2261,1869,1363,12043,1,1,1,1
22.4000,3712,1,1,41214,0,78823,0.522874,2,5,13,20,163682,27.51927,0.00515,2.36863,0.00728,1,1,2,1.362231,1.000000,2.350175,-0.018831,-0.018748,14.942402,5946,0.001255,0.074306,32781,13318,7359,4624,3255,2356,1712,1483,11934,1,1,1,1
23.0000,3712,1,1,41527,1,79626,0.521532,3,2,8,68,123144,27.93530,0.00515,2.36863,0.00728,0,1,3,1.910301,1.394442,1.394442,-0.226780,-0.226606,14.734196,3719,0.015380,0.047132,33011,13415,7466,4727,3174,2356,1838,1400,12238,1,1,1,1
23.9000,3712,1,1,42732,0,81876,0.521918,2,3,28,49,327244,28.55899,0.00515,2.36863,0.00728,1,1,2,1.377295,1.000000,1.738896,-0.538650,-0.538564,14.422603,379,0.037342,0.004907,34009,13860,7518,4780,3296,2491,1855,1506,12560,1,1,1,1
22.3500,3713,1,1,40804,0,78384,0.520572,1,226,226,226,763507,27.49382,0.00299,2.37840,0.00784,1,0,2,1.020707,1.000000,4.761892,0.001876,0.001881,14.963301,6130,-0.000126,0.076477,32557,13265,7235,4686,3180,2274,1708,1392,12086,1,1,1,1
22.4000,3713,1,1,40770,0,78524,0.519211,1,35,61,61,66741,27.52854,0.00299,2.37840,0.00784,1,1,2,1.081060,1.000000,3.085784,-0.015427,-0.015406,14.945997,5945,0.001031,0.074255,32597,13244,7294,4605,3221,2326,1781,1388,12067,1,1,1,1
23.0000,3713,1,1,41514,0,79831,0.520030,5,1,130,130,202366,27.94446,0.00299,2.37840,0.00784,1,1,3,1.413514,1.000000,1.075814,-0.223248,-0.223155,14.738075,3715,0.015141,0.047056,33041,13531,7473,4683,3258,2322,1862,1425,12235,1,1,1,1
23.9000,3713,1,1,42653,1,81749,0.521762,1,1,18,28,60646,28.56817,0.00299,2.37840,0.00784,0,0,3,1.300855,1.054737,1.054737,-0.535090,-0.535019,14.426386,376,0.037086,0.004866,33698,14049,7584,4734,3348,2479,1847,1492,12517,1,1,1,1
22.3500,3714,1,1,41157,1,78663,0.523213,1,14,14,28,42597,27.50130,0.00299,2.38230,0.00784,0,1,3,8.808580,7.182982,7.182982,0.005628,0.006214,14.967622,6131,-0.000415,0.076447,32489,13466,7377,4618,3255,2268,1789,1440,11960,1,1,1,1
22.4000,3714,1,1,41076,0,78616,0.522496,1,1,30,37,39829,27.53601,0.00299,2.38230,0.00784,1,0,3,1.413850,1.000000,1.284191,-0.011489,-0.011396,14.949849,5949,0.000762,0.074266,32392,13464,7372,4663,3205,2356,1795,1420,11948,1,1,1,1
23.0000,3714,1,1,41819,1,80169,0.521642,5,7,25,95,120297,27.95201,0.00299,2.38230,0.00784,0,1,3,4.554349,3.620107,3.620107,-0.219636,-0.219228,14.742177,3720,0.014871,0.047094,33164,13736,7500,4830,3279,2398,1819,1363,12079,1,1,1,1
23.9000,3714,1,1,42814,0,82076,0.521645,1,1,28,28,248549,28.57573,0.00299,2.38230,0.00784,1,1,3,1.153093,1.000000,1.111846,-0.531325,-0.531286,14.430129,374,0.036818,0.004837,34002,14123,7700,4747,3331,2422,1801,1446,12503,1,1,1,1
22.3500,3715,1,1,41037,1,78571,0.522299,2,2,12,45,154629,27.49585,0.00280,2.38284,0.01036,0,1,3,2.232153,1.599042,1.599042,0.002891,0.003107,14.963966,6134,-0.000208,0.076483,32574,13416,7288,4589,3186,2371,1730,1370,12046,1,1,1,1
22.4000,3715,1,1,41034,0,78823,0.520591,1,20,20,27,191643,27.53055,0.00280,2.38284,0.01036,1,1,2,1.062633,1.000000,1.366915,-0.014440,-0.014423,14.946985,5946,0.000965,0.074223,32842,13237,7395,4691,3139,2355,1777,1389,11997,1,1,1,1
23.0000,3715,1,1,41861,1,80075,0.522779,1,1,35,295,111321,27.94644,0.00280,2.38284,0.01036,0,0,3,1.463144,1.039636,1.039636,-0.222345,-0.222242,14.738968,3717,0.015079,0.047054,33387,13531,7331,4610,3332,2268,1872,1470,12273,1,1,1,1
23.9000,3715,1,1,42680,0,81774,0.521933,1,16,20,53,1131010,28.57018,0.00280,2.38284,0.01036,1,1,2,1.300505,1.000000,5.927062,-0.534451,-0.534380,14.426954,375,0.037040,0.004850,33888,14064,7465,4798,3315,2383,1923,1468,12469,1,1,1,1
22.3500,3716,1,1,41157,1,78756,0.522595,3,9,9,208,144100,27.50028,0.00298,2.39171,0.00783,0,1,3,2.844725,2.662757,2.662757,0.005196,0.005478,14.966893,6134,-0.000366,0.076447,32676,13422,7282,4605,3265,2368,1811,1459,11867,1,1,1,1
22.4000,3716,1,1,40837,1,78709,0.518842,2,3,68,68,5797012,27.53498,0.00298,2.39171,0.00783,0,1,3,2.304884,1.821919,1.821919,-0.012098,-0.011873,14.949475,5948,0.000794,0.074216,32786,13311,7269,4672,3178,2349,1750,1396,11997,1,1,1,1
23.0000,3716,1,1,41892,0,80187,0.522435,1,3,14,88,390827,27.95094,0.00298,2.39171,0.00783,1,1,2,1.386791,1.000000,1.787907,-0.220079,-0.219991,14.741187,3725,0.014924,0.047135,33217,13773,7405,4694,3263,2444,1757,1454,12179,1,1,1,1
23.9000,3716,1,1,42796,0,81994,0.521947,2,3,21,167,20996,28.57470,0.00298,2.39171,0.00783,1,0,3,1.273030,1.000000,1.077586,-0.531890,-0.531825,14.429520,374,0.036857,0.004835,34021,13924,7563,4876,3347,2397,1772,1501,12592,1,1,1,1
22.3500,3717,1,1,41039,1,78501,0.522790,1,29,65,81,62867,27.49257,0.00498,2.38633,0.01025,0,1,3,2.398060,2.068272,2.068272,0.002438,0.002673,14.964054,6132,-0.000179,0.076416,32574,13392,7266,4516,3155,2311,1853,1378,12055,1,1,1,1
22.4000,3717,1,1,41314,0,79011,0.522896,1,26,40,73,41576,27.52726,0.00498,2.38633,0.01025,1,1,2,1.259604,1.000000,8.038472,-0.015088,-0.015026,14.946020,5946,0.001005,0.074188,32854,13458,7369,4780,3288,2229,1778,1349,11905,1,1,1,1
23.0000,3717,1,1,41908,0,80369,0.521451,10,69,69,77,697019,27.94330,0.00498,2.38633,0.01025,1,1,2,1.111866,1.000000,8.189465,-0.223110,-0.223081,14.737743,3716,0.015137,0.047019,33335,13700,7469,4825,3343,2371,1780,1478,12067,1,1,1,1
23.9000,3717,1,1,42651,1,81864,0.521005,10,47,60,60,21384,28.56707,0.00498,2.38633,0.01025,0,1,3,4.369647,4.073209,4.073209,-0.534904,-0.534507,14.426898,370,0.037049,0.004783,33774,14037,7625,4812,3335,2433,1907,1470,12470,1,1,1,1
22.3500,3718,1,1,41261,1,78815,0.523524,21,26,26,73,92058,27.50321,0.00280,2.39353,0.00945,0,0,3,2.320652,2.274137,2.274137,0.006533,0.006760,14.967136,6139,-0.000452,0.076467,32721,13438,7356,4685,3212,2346,1705,1349,12002,1,1,1,1
22.4000,3718,1,1,41190,0,78815,0.522623,4,32,32,66,110942,27.53789,0.00280,2.39353,0.00945,1,1,2,1.057619,1.000000,1.983287,-0.010785,-0.010770,14.949881,5951,0.000720,0.074211,32683,13573,7351,4635,3180,2280,1799,1351,11962,1,1,1,1
23.0000,3718,1,1,41584,0,79953,0.520112,1,3,52,247,68039,27.95381,0.00280,2.39353,0.00945,1,0,2,1.391215,1.000000,2.198852,-0.218760,-0.218671,14.742613,3720,0.014833,0.047042,33073,13515,7544,4766,3210,2277,1798,1461,12308,1,1,1,1
23.9000,3718,1,1,43014,0,82570,0.520946,1,40,64,393,309090,28.57761,0.00280,2.39353,0.00945,1,1,2,1.060563,1.000000,2.640021,-0.530684,-0.530668,14.429996,377,0.036775,0.004871,34518,13943,7737,4897,3283,2418,1902,1479,12392,1,1,1,1
22.3500,3719,1,1,41118,0,78617,0.523023,1,108,108,108,493766,27.49495,0.00663,2.38546,0.01059,1,1,2,1.017504,1.000000,1.954439,0.004405,0.004410,14.964745,6137,-0.000295,0.076434,32703,13255,7365,4602,3104,2373,1817,1479,11918,1,1,1,1
22.4000,3719,1,1,41499,1,78890,0.526043,1,2,24,78,82541,27.52962,0.00663,2.38546,0.01059,0,0,3,1.933595,1.505143,1.505143,-0.012887,-0.012710,14.948364,5952,0.000850,0.074211,32638,13558,7353,4716,3212,2316,1740,1372,11984,1,1,1,1
23.0000,3719,1,1,41881,1,80167,0.522428,2,26,74,429,51868,27.94562,0.00663,2.38546,0.01059,0,1,3,5.186553,4.841339,4.841339,-0.221051,-0.220609,14.740095,3722,0.014967,0.047063,33080,13804,7357,4799,3301,2401,1857,1429,12138,1,1,1,1
23.9000,3719,1,1,42674,0,81910,0.520993,43,8,43,43,86795,28.56943,0.00663,2.38546,0.01059,1,1,2,1.350771,1.000000,3.404982,-0.532910,-0.532830,14.428310,372,0.036929,0.004805,33889,13976,7608,4987,3386,2406,1788,1382,12487,1,1,1,1
22.3500,3720,1,1,41366,0,78919,0.524164,4,4,11,279,64394,27.49556,0.00488,2.37927,0.00862,1,1,3,1.174717,1.000000,1.051097,0.003809,0.003853,14.964794,6140,-0.000257,0.076450,32971,13152,7430,4707,3199,2303,1795,1375,11986,1,1,1,1
22.4000,3720,1,1,41199,1,79040,0.521249,2,15,15,7831,63504,27.53021,0.00488,2.37927,0.00862,0,1,3,10.251172,7.781090,7.781090,-0.013803,-0.013177,14.948243,5954,0.000882,0.074217,32895,13407,7491,4723,3090,2341,1755,1361,11976,1,1,1,1
23.0000,3720,1,1,42083,1,80471,0.522965,1,3,13,68,194922,27.94610,0.00488,2.37927,0.00862,0,0,3,1.640754,1.167268,1.167268,-0.221482,-0.221349,14.739859,3722,0.015017,0.047051,33572,13503,7507,4669,3312,2450,1811,1471,12175,1,1,1,1
23.9000,3720,1,1,42780,0,82302,0.519799,1,3,20,290,443120,28.56993,0.00488,2.37927,0.00862,1,1,2,1.414182,1.000000,2.264216,-0.533495,-0.533402,14.427839,374,0.036970,0.004830,34264,13924,7672,4868,3259,2552,1845,1476,12441,1,1,1,1
22.3500,3721,1,1,41303,1,79005,0.522796,2,2,5,93,201292,27.49156,0.00529,2.37723,0.00891,0,1,3,1.461368,1.232079,1.232079,0.002054,0.002156,14.963530,6143,-0.000144,0.076474,32797,13489,7335,4684,3149,2375,1790,1447,11938,1,1,1,1
22.4000,3721,1,1,40997,1,78636,0.521358,2,1,34,34,67175,27.52621,0.00529,2.37723,0.00891,0,1,3,1.507726,1.096853,1.096853,-0.015260,-0.015149,14.946148,5952,0.001014,0.074182,32683,13197,7452,4564,3081,2379,1781,1459,12039,1,1,1,1
23.0000,3721,1,1,41891,1,80590,0.519810,1,1712,1712,1712,70236,27.94217,0.00529,2.37723,0.00891,0,1,3,9.466358,8.556686,8.507230,-0.223518,-0.222913,14.738483,3719,0.015125,0.047004,33570,13743,7488,4804,3252,2416,1853,1465,11998,1,1,1,1
23.9000,3721,1,1,42893,1,82044,0.522811,2,3,141,9942,341291,28.56584,0.00529,2.37723,0.00891,0,1,3,2.499148,1.874070,1.874070,-0.535146,-0.534900,14.425950,371,0.037079,0.004791,34087,13972,7506,4804,3459,2439,1835,1456,12485,1,1,1,1
22.3500,3722,1,1,40807,1,78546,0.519537,1,3,4,204,1428537,27.49040,0.00317,2.37814,0.00890,0,1,3,2.243525,1.832541,1.832541,0.000416,0.000633,14.962015,6140,-0.000042,0.076424,32533,13325,7335,4623,3233,2340,1697,1458,12001,1,1,1,1
22.4000,3722,1,1,41312,0,79305,0.520932,2,3,7,10,435054,27.52504,0.00317,2.37814,0.00890,1,0,2,1.318321,1.000000,1.544964,-0.016880,-0.016805,14.944522,5954,0.001125,0.074195,33062,13509,7350,4625,3294,2389,1826,1350,11899,1,1,1,1
23.0000,3722,1,1,41870,0,80097,0.522748,18,62,62,85,788567,27.94107,0.00317,2.37814,0.00890,1,1,2,1.090838,1.000000,5.929344,-0.225081,-0.225058,14.735713,3722,0.015273,0.047039,33232,13519,7550,4694,3269,2340,1749,1405,12338,1,1,1,1
23.9000,3722,1,1,42800,0,81897,0.522614,1,1,205,205,49988,28.56476,0.00317,2.37814,0.00890,1,1,3,1.384286,1.000000,1.004793,-0.536685,-0.536597,14.424579,372,0.037200,0.004803,33934,13833,7811,4759,3267,2445,1826,1457,12564,1,1,1,1
22.3500,3723,1,1,40738,0,78513,0.518876,1,4,6,58,123472,27.48856,0.00261,2.38430,0.00819,1,0,2,1.271316,1.000000,1.519375,-0.000877,-0.000813,14.960534,6145,0.000054,0.076473,32544,13165,7420,4628,3209,2347,1775,1461,11963,1,1,1,1
22.4000,3723,1,1,41166,0,78712,0.523002,5,14,14,18,249498,27.52319,0.00261,2.38430,0.00819,1,1,2,1.128242,1.000000,2.032375,-0.018231,-0.018198,14.942663,5959,0.001218,0.074247,32739,13426,7172,4549,3158,2341,1743,1385,12198,1,1,1,1
23.0000,3723,1,1,42107,1,80411,0.523654,1,6,21,79,30230,27.93912,0.00261,2.38430,0.00819,0,0,3,1.431229,1.040771,1.040771,-0.226093,-0.225996,14.735169,3727,0.015337,0.047091,33325,13807,7564,4724,3321,2424,1844,1420,11981,1,1,1,1
23.9000,3723,1,1,42415,1,81838,0.518286,1,6,762,762,882425,28.56282,0.00261,2.38430,0.00819,0,1,3,3.466648,2.877321,2.877321,-0.538091,-0.537757,14.423219,375,0.037284,0.004841,33881,13773,7712,4866,3409,2357,1820,1509,12510,1,1,1,1
22.3500,3724,1,1,41090,0,78760,0.521718,2,1,14,64,173972,27.48839,0.00279,2.37989,0.01027,1,1,3,1.414033,1.000000,1.151230,-0.000759,-0.000665,14.960578,6147,0.000044,0.076477,32650,13524,7293,4622,3125,2406,1741,1433,11965,1,1,1,1
22.4000,3724,1,1,41109,1,78833,0.521476,3,71,71,71,626467,27.52301,0.00279,2.37989,0.01027,0,1,3,2.740164,2.445722,2.445722,-0.018180,-0.017909,14.943484,5961,0.001198,0.074248,32636,13284,7549,4630,3207,2386,1823,1396,11921,1,1,1,1
23.0000,3724,1,1,42006,0,80588,0.521250,1,6,17,402,70806,27.93901,0.00279,2.37989,0.01027,1,1,2,1.410691,1.000000,3.670610,-0.226234,-0.226141,14.735079,3729,0.015347,0.047104,33570,13708,7496,4731,3310,2443,1775,1383,12171,1,1,1,1
23.9000,3724,1,1,42798,0,82240,0.520410,1,5,87,87,151425,28.56273,0.00279,2.37989,0.01027,1,1,2,1.391385,1.000000,2.627220,-0.538050,-0.537961,14.423225,375,0.037298,0.004839,34164,14036,7712,4722,3344,2443,1927,1407,12484,1,1,1,1
22.3500,3725,1,1,40874,0,78630,0.519834,12,12,12,104,90695,27.48825,0.00547,2.38421,0.00982,1,1,2,1.265771,1.000000,3.907174,0.000401,0.000465,14.961519,6145,-0.000031,0.076427,32593,13276,7308,4764,3113,2326,1765,1427,12057,1,1,1,1
22.4000,3725,1,1,41186,0,78871,0.522201,1,7,7,28,23423,27.52304,0.00547,2.38421,0.00982,1,1,2,1.410255,1.000000,4.189307,-0.017008,-0.016915,14.944304,5959,0.001132,0.074199,32813,13371,7206,4725,3243,2302,1726,1384,12100,1,1,1,1
23.0000,3725,1,1,41857,1,80177,0.522064,5,799,799,799,199602,27.93893,0.00547,2.38421,0.00982,0,1,3,298.646465,276.936648,276.936648,-0.225514,-0.223984,14.735453,3723,0.015200,0.047014,33211,13642,7393,4774,3279,2398,1784,1494,12201,1,1,1,1
23.9000,3725,1,1,42486,0,81620,0.520541,17,3,69,83,255812,28.56267,0.00547,2.38421,0.00982,1,1,2,1.413704,1.000000,1.760946,-0.536701,-0.536608,14.424639,374,0.037201,0.004825,33660,13852,7623,4886,3385,2340,1885,1403,12585,1,1,1,1
22.3500,3726,1,1,40979,1,78764,0.520282,2,51,363,363,606550,27.48258,0.00808,2.37803,0.00978,0,1,3,3.526716,2.763251,2.656792,-0.001198,-0.000860,14.960485,6148,0.000057,0.076449,32678,13448,7339,4492,3193,2292,1785,1443,12093,1,1,1,1
22.4000,3726,1,1,41227,1,78838,0.522940,9,4,19,51,11139810,27.51718,0.00808,2.37803,0.00978,0,1,3,2.037547,1.665404,1.665404,-0.018435,-0.018244,14.943119,5963,0.001221,0.074235,32797,13227,7405,4754,3119,2343,1777,1479,11936,1,1,1,1
23.0000,3726,1,1,42078,0,80254,0.524317,5,2,19,27,1781992,27.93314,0.00808,2.37803,0.00978,1,1,3,1.393633,1.000000,1.182152,-0.226363,-0.226274,14.735008,3726,0.015356,0.047041,33324,13622,7428,4763,3153,2460,1859,1490,12154,1,1,1,1
23.9000,3726,1,1,43157,1,82324,0.524240,4,21,21,49,91845,28.55690,0.00808,2.37803,0.00978,0,1,3,1.771194,1.311766,1.276730,-0.538252,-0.538099,14.423214,374,0.037308,0.004824,34065,13957,7835,4898,3245,2395,1957,1457,12514,1,1,1,1
22.3500,3727,1,1,41463,1,79309,0.522810,4,3,10,23,72649,27.48433,0.00279,2.37754,0.01002,0,1,3,1.624133,1.404008,1.404008,-0.002810,-0.002680,14.958703,6148,0.000179,0.076437,33227,13426,7300,4686,3153,2320,1812,1369,12015,1,1,1,1
22.4000,3727,1,1,41434,0,79116,0.523719,1,26,78,428,34462,27.51893,0.00279,2.37754,0.01002,1,1,2,1.249696,1.000000,7.608839,-0.020338,-0.020278,14.941076,5962,0.001357,0.074212,32878,13525,7270,4746,3138,2373,1809,1373,12003,1,1,1,1
23.0000,3727,1,1,41802,0,80289,0.520651,3,8,19,69,60706,27.93496,0.00279,2.37754,0.01002,1,0,2,1.123346,1.000000,1.195387,-0.228108,-0.228077,14.733316,3725,0.015480,0.047021,33383,13516,7410,4911,3236,2420,1818,1436,12158,1,1,1,1
23.9000,3727,1,1,42651,1,82117,0.519399,4,7,105,105,78105,28.55874,0.00279,2.37754,0.01002,0,1,3,4.750246,3.712020,3.712020,-0.540148,-0.539730,14.420840,375,0.037427,0.004836,34072,13774,7786,4802,3430,2430,1837,1458,12527,1,1,1,1
22.3500,3728,1,1,41400,0,79256,0.522365,1,19,45,758,112825,27.48769,0.00297,2.37874,0.00857,1,1,2,1.066372,1.000000,1.394955,-0.000975,-0.000958,14.959733,6154,0.000064,0.076486,33093,13521,7342,4608,3172,2329,1807,1428,11955,1,1,1,1
22.4000,3728,1,1,41140,0,78992,0.520819,4,2,13,131,126198,27.52246,0.00297,2.37874,0.00857,1,0,3,1.337741,1.000000,1.240973,-0.018342,-0.018263,14.943056,5967,0.001222,0.074245,32614,13575,7327,4586,3251,2397,1808,1420,12013,1,1,1,1
23.0000,3728,1,1,41931,1,80278,0.522329,1,34,34,61,239820,27.93839,0.00297,2.37874,0.00857,0,1,3,3.113443,2.468788,2.425146,-0.226398,-0.226093,14.735257,3731,0.015344,0.047078,33395,13538,7429,4793,3232,2451,1829,1410,12200,1,1,1,1
23.9000,3728,1,1,43035,1,82539,0.521396,2,7,7,73,156958,28.56218,0.00297,2.37874,0.00857,0,1,3,1.897440,1.732812,1.732812,-0.538251,-0.538079,14.423321,375,0.037306,0.004834,34390,13940,7693,4983,3228,2444,1880,1518,12462,1,1,1,1
22.3500,3729,1,1,40985,1,78805,0.520088,2,412,412,537,340839,27.48539,0.00316,2.37796,0.01296,0,1,3,287.819004,206.384680,206.384680,-0.002827,-0.001308,14.958228,6153,0.000087,0.076461,32553,13373,7448,4605,3135,2414,1878,1451,11947,1,1,1,1
22.4000,3729,1,1,41314,0,79208,0.521595,3,13,92,92,399869,27.51996,0.00316,2.37796,0.01296,1,1,2,1.315264,1.000000,5.209008,-0.019620,-0.019547,14.941559,5965,0.001308,0.074207,32975,13428,7359,4562,3254,2390,1795,1455,11989,1,1,1,1
23.0000,3729,1,1,41822,0,80380,0.520310,10,6,10,303,38708,27.93596,0.00316,2.37796,0.01296,1,1,2,1.281815,1.000000,2.090910,-0.227496,-0.227429,14.733913,3727,0.015436,0.047019,33432,13804,7265,4786,3246,2380,1812,1471,12183,1,1,1,1
23.9000,3729,1,1,43314,0,82580,0.524516,1,1,17,58,194291,28.55978,0.00316,2.37796,0.01296,1,0,3,1.399053,1.000000,1.009465,-0.539307,-0.539217,14.421259,371,0.037390,0.004782,34381,13997,7613,5006,3330,2478,1833,1506,12435,1,1,1,1
22.3500,3730,1,1,41482,0,79357,0.522733,1,1,129,4744,419792,27.48670,0.00316,2.37437,0.00836,1,1,3,1.372806,1.000000,1.126660,-0.001407,-0.001322,14.959843,6154,0.000088,0.076445,33067,13471,7494,4645,3226,2250,1706,1461,12036,1,1,1,1
22.4000,3730,1,1,41203,1,79261,0.519846,1,57,60,114,95229,27.52145,0.00316,2.37437,0.00836,0,1,3,2.167035,1.579495,1.390530,-0.018809,-0.018602,14.942561,5966,0.001245,0.074195,32849,13567,7472,4709,3141,2357,1793,1438,11934,1,1,1,1
23.0000,3730,1,1,42084,0,80359,0.523706,1,9,9,58,57436,27.93734,0.00316,2.37437,0.00836,1,0,2,1.170745,1.000000,1.860738,-0.226793,-0.226751,14.734628,3731,0.015389,0.047055,33406,13551,7491,4729,3310,2403,1832,1476,12160,1,1,1,1
23.9000,3730,1,1,42765,1,82251,0.519939,1,3,10,13,57846,28.56117,0.00316,2.37437,0.00836,0,1,3,1.271547,1.187722,1.187722,-0.538646,-0.538582,14.422825,371,0.037342,0.004780,34009,13951,7733,4848,3406,2481,1864,1470,12488,1,1,1,1
22.3500,3731,1,1,40981,1,78709,0.520671,22,5,22,28,1998086,27.48586,0.00591,2.37812,0.00855,0,1,3,2.115431,1.978411,1.978411,-0.000465,-0.000264,14.960112,6155,0.000018,0.076435,32493,13342,7433,4545,3184,2451,1865,1462,11933,1,1,1,1
22.4000,3731,1,1,41323,1,79335,0.520874,1,7,1316,1864,599898,27.52060,0.00591,2.37812,0.00855,0,0,3,2.036617,1.505134,1.505134,-0.017794,-0.017604,14.943540,5968,0.001178,0.074195,32959,13595,7336,4588,3149,2389,1802,1512,12004,1,1,1,1
23.0000,3731,1,1,41858,0,80187,0.522011,3,10,10,161,168534,27.93656,0.00591,2.37812,0.00855,1,1,2,1.319145,1.000000,3.927523,-0.225909,-0.225835,14.735274,3729,0.015326,0.047015,33314,13666,7430,4689,3169,2447,1854,1399,12218,1,1,1,1
23.9000,3731,1,1,42746,0,81921,0.521802,1,5,22,32,331373,28.56022,0.00591,2.37812,0.00855,1,1,2,1.414037,1.000000,3.022956,-0.537706,-0.537614,14.423623,375,0.037273,0.004830,33728,13889,7689,4763,3436,2546,1976,1448,12445,1,1,1,1
22.3500,3732,1,1,41225,1,78872,0.522689,1,671,671,671,80658,27.49106,0.00316,2.38355,0.00836,0,0,3,18.444507,17.838602,17.838602,0.000348,0.001129,14.961644,6156,-0.000075,0.076419,32663,13609,7205,4626,3086,2362,1789,1451,12080,1,1,1,1
22.4000,3732,1,1,41279,1,79166,0.521430,4,3,70,70,258924,27.52561,0.00316,2.38355,0.00836,0,1,3,2.079672,1.675559,1.675559,-0.016606,-0.016410,14.944973,5970,0.001098,0.074193,32943,13512,7357,4632,3169,2355,1784,1428,11985,1,1,1,1
23.0000,3732,1,1,41926,0,80509,0.520768,9,2,9,288,309910,27.94165,0.00316,2.38355,0.00836,1,1,3,1.121755,1.000000,1.006068,-0.224545,-0.224514,14.736881,3730,0.015235,0.047010,33569,13602,7526,4744,3262,2389,1773,1427,12216,1,1,1,1
23.9000,3732,1,1,42863,1,82196,0.521479,2,11,30,84,16031960,28.56533,0.00316,2.38355,0.00836,0,1,3,5.158088,4.517905,4.517905,-0.536601,-0.536161,14.424612,372,0.037170,0.004790,34008,14059,7577,4853,3338,2443,1849,1512,12556,1,1,1,1
22.3500,3733,1,1,41006,0,78943,0.519445,1,8,27,46,174875,27.48699,0.00742,2.38279,0.01026,1,1,2,1.401176,1.000000,4.578968,0.000688,0.000778,14.962053,6155,-0.000052,0.076384,32864,13524,7265,4523,3269,2330,1765,1404,11998,1,1,1,1
22.4000,3733,1,1,41249,1,79141,0.521216,1,19,42,42,72627,27.52171,0.00742,2.38279,0.01026,0,1,3,2.313986,2.086431,2.086431,-0.016568,-0.016343,14.945053,5967,0.001094,0.074135,33107,13302,7271,4654,3213,2353,1787,1391,12062,1,1,1,1
23.0000,3733,1,1,41743,1,80382,0.519314,2,3,219,219,35392,27.93764,0.00742,2.38279,0.01026,0,1,3,3.063728,2.202496,2.202496,-0.224538,-0.224238,14.737116,3727,0.015216,0.046959,33109,13929,7455,4745,3218,2395,1901,1428,12201,1,1,1,1
23.9000,3733,1,1,42701,1,81880,0.521513,2,48,48,49,30375,28.56134,0.00742,2.38279,0.01026,0,1,3,7.389729,6.926327,6.926327,-0.536543,-0.536007,14.425402,368,0.037157,0.004737,33842,13997,7606,4718,3336,2334,1874,1512,12660,1,1,1,1
22.3500,3734,1,1,41252,0,78932,0.522634,28,3940,3940,3940,209640,27.49062,0.00260,2.38429,0.00817,1,0,2,1.000256,1.000000,1.007995,0.000359,0.000359,14.961785,6164,-0.000024,0.076477,32648,13544,7276,4748,3262,2329,1690,1374,12060,1,1,1,1
22.4000,3734,1,1,41478,0,79073,0.524560,2,12,12,35,122523,27.52533,0.00260,2.38429,0.00817,1,0,2,1.116288,1.000000,1.566424,-0.017055,-0.017026,14.944369,5977,0.001139,0.074243,32725,13442,7310,4818,3169,2396,1782,1436,11994,1,1,1,1
23.0000,3734,1,1,41747,1,80341,0.519629,4,33,374,374,252399,27.94133,0.00260,2.38429,0.00817,0,1,3,22.880999,16.743814,16.743814,-0.225374,-0.224535,14.736888,3736,0.015236,0.047060,33400,13726,7333,4554,3384,2417,1833,1425,12268,1,1,1,1
23.9000,3734,1,1,42853,1,82149,0.521656,7,2,19,61,580123,28.56505,0.00260,2.38429,0.00817,0,1,3,1.797624,1.332545,1.332545,-0.536895,-0.536738,14.424576,379,0.037210,0.004877,34073,14050,7521,4837,3320,2402,1814,1512,12619,1,1,1,1
22.3500,3735,1,1,41285,1,79266,0.520848,4,5,12,32,789287,27.49252,0.00260,2.37848,0.00854,0,1,3,3.410926,2.636405,2.636405,0.001060,0.001389,14.962035,6167,-0.000093,0.076492,33052,13494,7291,4653,3182,2361,1885,1367,11980,1,1,1,1
22.4000,3735,1,1,41070,0,79185,0.518665,1,4,44,46,72954,27.52722,0.00260,2.37848,0.00854,1,1,2,1.369074,1.000000,2.117051,-0.016260,-0.016176,14.945127,5976,0.001082,0.074207,32908,13372,7418,4678,3166,2306,1867,1422,12047,1,1,1,1
23.0000,3735,1,1,41942,0,80343,0.522043,132,2,132,132,204432,27.94311,0.00260,2.37848,0.00854,1,1,3,1.346527,1.000000,1.232319,-0.224127,-0.224047,14.737268,3735,0.015203,0.047034,33324,13573,7540,4630,3283,2441,1835,1428,12288,1,1,1,1
23.9000,3735,1,1,42992,0,82275,0.522547,1,56,56,56,470803,28.56685,0.00260,2.37848,0.00854,1,1,2,1.239602,1.000000,15.338073,-0.536342,-0.536284,14.424743,374,0.037178,0.004812,34207,13849,7661,4775,3371,2430,1863,1504,12614,1,1,1,1
22.3500,3736,1,1,41320,0,79135,0.522152,1,1,10,14,361834,27.48454,0.00543,2.37084,0.01040,1,1,3,1.393928,1.000000,1.229820,-0.001344,-0.001255,14.959936,6167,0.000084,0.076483,32920,13423,7365,4696,3143,2382,1829,1404,11972,1,1,1,1
22.4000,3736,1,1,41012,0,78828,0.520279,1,30,30,37,57419,27.51923,0.00543,2.37084,0.01040,1,1,2,1.044969,1.000000,1.468428,-0.018713,-0.018701,14.942713,5982,0.001252,0.074274,32608,13400,7325,4741,3209,2323,1786,1418,12017,1,1,1,1
23.0000,3736,1,1,41907,1,80216,0.522433,9,114,114,114,129527,27.93520,0.00543,2.37084,0.01040,0,1,3,56.355332,48.921325,48.921325,-0.227165,-0.226086,14.735337,3738,0.015343,0.047065,33181,13534,7518,4733,3297,2358,1822,1421,12351,1,1,1,1
23.9000,3736,1,1,42942,0,82388,0.521223,2,2,90,90,91597,28.55896,0.00543,2.37084,0.01040,1,1,2,1.385844,1.000000,1.550238,-0.538579,-0.538492,14.422799,376,0.037336,0.004837,34124,13982,7724,4917,3363,2423,1932,1422,12500,1,1,1,1
22.3500,3737,1,1,41088,0,79094,0.519490,1,31,31,110,308690,27.48443,0.00297,2.37457,0.00969,1,1,2,1.130662,1.000000,4.482305,-0.002739,-0.002706,14.958162,6167,0.000181,0.076471,32923,13346,7199,4789,3214,2324,1767,1450,12081,1,1,1,1
22.4000,3737,1,1,41197,1,79197,0.520190,1,38,74,74,88977,27.51912,0.00297,2.37457,0.00969,0,1,3,11.883220,10.765244,10.765244,-0.020199,-0.019537,14.941868,5979,0.001308,0.074221,32786,13628,7316,4652,3266,2287,1794,1482,11985,1,1,1,1
23.0000,3737,1,1,41702,0,80140,0.520371,1,107,107,107,138368,27.93515,0.00297,2.37457,0.00969,1,0,2,1.049737,1.000000,5.534930,-0.228128,-0.228115,14.733298,3735,0.015483,0.047021,33270,13480,7432,4774,3278,2307,1736,1495,12367,1,1,1,1
23.9000,3737,1,1,42561,1,82310,0.517088,1,1,67,1162,121429,28.55893,0.00297,2.37457,0.00969,0,0,3,1.525983,1.079930,1.079930,-0.539787,-0.539674,14.421578,372,0.037421,0.004784,33995,14053,7772,4862,3427,2400,1838,1401,12561,1,1,1,1
22.3500,3738,1,1,41432,0,79250,0.522808,5,164,164,164,69741,27.48014,0.00297,2.36580,0.01090,1,0,2,1.030317,1.000000,5.082635,-0.005022,-0.005014,14.956404,6168,0.000335,0.076472,33215,13273,7500,4537,3223,2318,1737,1422,12024,1,1,1,1
22.4000,3738,1,1,41323,1,79375,0.520611,5,8,33,145,88996,27.51482,0.00297,2.36580,0.01090,0,1,3,2.663993,2.510845,2.510845,-0.022265,-0.022003,14.939420,5979,0.001473,0.074213,33222,13142,7458,4670,3302,2300,1699,1490,12091,1,1,1,1
23.0000,3738,1,1,41932,0,80544,0.520616,5,4,141,222,432665,27.93074,0.00297,2.36580,0.01090,1,0,2,1.288331,1.000000,1.570559,-0.230161,-0.230093,14.731248,3738,0.015619,0.047053,33344,13719,7480,4746,3336,2376,1871,1442,12229,1,1,1,1
23.9000,3738,1,1,42990,0,82367,0.521939,8,2,24,132,2016419,28.55454,0.00297,2.36580,0.01090,1,1,3,1.245994,1.000000,1.084653,-0.542000,-0.541941,14.419452,375,0.037584,0.004822,34061,14118,7687,4801,3338,2536,1885,1424,12516,1,1,1,1
22.3500,3739,1,1,40920,0,78848,0.518980,2,7,143,143,154483,27.48496,0.00260,2.36909,0.00853,1,0,3,1.122748,1.000000,1.079186,-0.002520,-0.002489,14.958905,6170,0.000166,0.076464,32872,13221,7432,4492,3162,2324,1811,1414,12119,1,1,1,1
22.4000,3739,1,1,41424,0,79254,0.522681,1,3,192,2976,449988,27.51963,0.00260,2.36909,0.00853,1,1,2,1.359636,1.000000,1.968294,-0.019934,-0.019852,14.941299,5983,0.001329,0.074234,32811,13514,7479,4650,3204,2422,1748,1395,12030,1,1,1,1
23.0000,3739,1,1,41868,0,80373,0.520928,1,1,6,138,51845,27.93563,0.00260,2.36909,0.00853,1,0,3,1.397517,1.000000,1.076337,-0.227856,-0.227767,14.733513,3740,0.015459,0.047058,33367,13706,7307,4735,3302,2433,1835,1448,12239,1,1,1,1
23.9000,3739,1,1,43000,0,82524,0.521067,2,67,67,67,233275,28.55944,0.00260,2.36909,0.00853,1,0,2,1.095113,1.000000,6.755195,-0.540009,-0.539985,14.421416,374,0.037443,0.004808,34335,13835,7719,4776,3388,2506,1855,1522,12587,1,1,1,1
22.3500,3740,1,1,41479,1,79420,0.522281,4,6,151,151,48815,27.47919,0.00547,2.36933,0.00834,0,1,3,4.672542,3.470724,3.470724,-0.004251,-0.003839,14.956705,6171,0.000257,0.076467,33054,13514,7371,4721,3263,2363,1778,1427,11928,1,1,1,1
22.4000,3740,1,1,41400,0,79206,0.522694,2,2,15,48,415566,27.51385,0.00547,2.36933,0.00834,1,1,2,1.395065,1.000000,1.636107,-0.021477,-0.021388,14.939894,5984,0.001432,0.074233,32908,13413,7374,4626,3184,2348,1930,1380,12042,1,1,1,1
23.0000,3740,1,1,41992,0,80727,0.520179,1,8,9,18,37309,27.92973,0.00547,2.36933,0.00834,1,1,2,1.405509,1.000000,4.332500,-0.229554,-0.229463,14.731807,3741,0.015576,0.047064,33470,13858,7322,4795,3251,2452,1914,1469,12195,1,1,1,1
23.9000,3740,1,1,42892,0,82628,0.519104,1,331,331,331,181973,28.55357,0.00547,2.36933,0.00834,1,1,2,1.067468,1.000000,23.174271,-0.541694,-0.541677,14.419732,376,0.037565,0.004833,34297,14023,7650,4924,3351,2460,1896,1477,12549,1,1,1,1
22.3500,3741,1,1,41413,1,79171,0.523090,1,2,27,162,708946,27.48243,0.00375,2.36762,0.00889,0,0,3,1.928676,1.450976,1.450976,-0.003300,-0.003125,14.957996,6170,0.000209,0.076427,32887,13309,7394,4596,3195,2372,1818,1428,12171,1,1,1,1
22.4000,3741,1,1,41140,0,79149,0.519786,4,2,6,288,71358,27.51708,0.00375,2.36762,0.00889,1,1,3,1.375028,1.000000,1.186866,-0.020594,-0.020509,14.940659,5982,0.001373,0.074185,32583,13666,7359,4726,3216,2367,1775,1384,12072,1,1,1,1
23.0000,3741,1,1,41965,1,80761,0.519626,3,13,54,54,2892857,27.93305,0.00375,2.36762,0.00889,0,1,3,2.183277,1.790153,1.790153,-0.228637,-0.228428,14.732936,3737,0.015505,0.046997,33549,13728,7480,4902,3196,2349,1901,1401,12254,1,1,1,1
23.9000,3741,1,1,42858,0,82567,0.519076,1,9,9,81,505484,28.55671,0.00375,2.36762,0.00889,1,1,2,1.361943,1.000000,4.436927,-0.540592,-0.540510,14.420644,371,0.037482,0.004767,34392,14003,7586,4755,3328,2438,1917,1513,12634,1,1,1,1
22.3500,3742,1,1,41220,0,78989,0.521851,2,1,44,1774,425248,27.48185,0.00357,2.36812,0.01175,1,1,3,1.413855,1.000000,1.081804,-0.003579,-0.003486,14.957749,6173,0.000233,0.076445,32746,13580,7239,4592,3287,2385,1744,1390,12025,1,1,1,1
22.4000,3742,1,1,41041,1,78874,0.520343,2,34,34,68,174901,27.51649,0.00357,2.36812,0.01175,0,0,3,3.444313,3.076472,3.076472,-0.021044,-0.020714,14.940133,5986,0.001386,0.074217,32655,13271,7464,4720,3174,2347,1697,1381,12164,1,1,1,1
23.0000,3742,1,1,42106,0,80644,0.522128,1,1,22,22,106794,27.93253,0.00357,2.36812,0.01175,1,1,3,1.372599,1.000000,1.003078,-0.228912,-0.228828,14.732338,3742,0.015532,0.047049,33559,13650,7522,4680,3302,2389,1816,1411,12314,1,1,1,1
23.9000,3742,1,1,43053,1,82498,0.521874,1,62,62,62,61094,28.55621,0.00357,2.36812,0.01175,0,1,3,3.594192,2.939242,2.896899,-0.540896,-0.540554,14.420810,374,0.037484,0.004804,34039,14102,7616,4942,3443,2509,1864,1476,12506,1,1,1,1
22.3500,3743,1,1,41487,1,79340,0.522908,18,3,57,112,51711,27.48209,0.00658,2.36791,0.01075,0,0,3,1.312597,1.263513,1.263513,-0.002089,-0.002016,14.958538,6172,0.000135,0.076409,32994,13455,7359,4688,3239,2416,1846,1463,11879,1,1,1,1
22.4000,3743,1,1,41693,1,79642,0.523512,1,36,46,46,19184,27.51672,0.00658,2.36791,0.01075,0,1,3,19.569472,16.470541,16.470541,-0.019755,-0.018961,14.941461,5985,0.001269,0.074178,33244,13470,7581,4651,3216,2251,1792,1383,12053,1,1,1,1
23.0000,3743,1,1,42091,1,80724,0.521425,2,5,48,48,45044,27.93265,0.00658,2.36791,0.01075,0,1,3,2.316092,1.809504,1.809504,-0.227423,-0.227199,14.734146,3739,0.015420,0.046993,33446,13816,7472,4780,3252,2420,1833,1448,12256,1,1,1,1
23.9000,3743,1,1,43135,1,83067,0.519286,1,3,16,53,148588,28.55635,0.00658,2.36791,0.01075,0,1,3,2.208367,1.668848,1.668848,-0.539264,-0.539052,14.422275,371,0.037376,0.004764,34607,14282,7562,4960,3293,2451,1879,1470,12562,1,1,1,1
22.3500,3744,1,1,41515,1,79447,0.522556,70,2,70,70,131697,27.48340,0.00498,2.36564,0.00778,0,1,3,1.222452,1.120195,1.120195,-0.002154,-0.002101,14.958097,6180,0.000140,0.076489,33218,13410,7514,4509,3276,2289,1829,1418,11983,1,1,1,1
22.4000,3744,1,1,41305,1,79391,0.520280,28,7,28,1707,4569960,27.51802,0.00498,2.36564,0.00778,0,1,3,5.135302,3.761403,3.761403,-0.019634,-0.019197,14.940814,5993,0.001285,0.074261,33226,13157,7505,4689,3189,2361,1755,1369,12139,1,1,1,1
23.0000,3744,1,1,42244,0,80995,0.521569,2,2,12,58,34530,27.93402,0.00498,2.36564,0.00778,1,1,2,1.356050,1.000000,1.386288,-0.227501,-0.227420,14.733728,3748,0.015435,0.047095,33722,13895,7447,4900,3199,2339,1836,1382,12274,1,1,1,1
23.9000,3744,1,1,42823,1,82310,0.520271,6,9,79,79,73320,28.55774,0.00498,2.36564,0.00778,0,1,3,2.831338,2.633146,2.633146,-0.539447,-0.539169,14.421461,377,0.037387,0.004840,34050,13772,7666,4949,3392,2482,1851,1493,12654,1,1,1,1
22.3500,3745,1,1,41398,0,79389,0.521464,5,1870,1870,1870,40708,27.48676,0.00315,2.36398,0.00833,1,0,2,1.009011,1.000000,16.934612,-0.001697,-0.001695,14.959730,6182,0.000113,0.076485,32808,13618,7387,4761,3238,2326,1773,1456,12021,1,1,1,1
22.4000,3745,1,1,41563,1,79710,0.521434,2,4,41,832,23804,27.52156,0.00315,2.36398,0.00833,0,1,3,2.874645,2.272531,2.272531,-0.018826,-0.018544,14.942822,5991,0.001241,0.074206,33288,13548,7403,4705,3139,2392,1745,1420,12069,1,1,1,1
23.0000,3745,1,1,41857,1,80647,0.519021,2,9,9,30,69501,27.93745,0.00315,2.36398,0.00833,0,0,3,1.388238,1.090663,1.090663,-0.226670,-0.226582,14.734483,3746,0.015378,0.047055,33381,13786,7577,4802,3204,2350,1878,1454,12214,1,1,1,1
23.9000,3745,1,1,42989,1,82962,0.518183,1,5,12,294,626427,28.56119,0.00315,2.36398,0.00833,0,1,3,3.695226,2.923767,2.923767,-0.538674,-0.538325,14.423040,378,0.037324,0.004851,34516,14215,7667,4878,3311,2505,1875,1492,12502,1,1,1,1
22.3500,3746,1,1,41297,1,79311,0.520704,4,340,340,340,111272,27.48368,0.00315,2.37141,0.00833,0,1,3,183.034077,154.298261,154.298261,-0.003653,-0.002262,14.959164,6179,0.000151,0.076431,32860,13566,7368,4695,3342,2315,1816,1303,12045,1,1,1,1
22.4000,3746,1,1,41290,0,79240,0.521082,2,20,21,49,86931,27.51828,0.00315,2.37141,0.00833,1,0,2,1.085477,1.000000,1.850770,-0.020362,-0.020340,14.941064,5992,0.001361,0.074208,32729,13550,7427,4761,3130,2327,1809,1425,12081,1,1,1,1
23.0000,3746,1,1,41941,1,80498,0.521026,2,6,6,91,201379,27.93424,0.00315,2.37141,0.00833,0,0,3,2.144789,1.779451,1.779451,-0.228339,-0.228136,14.732852,3745,0.015485,0.047035,33170,13777,7416,4773,3291,2425,1818,1458,12369,1,1,1,1
23.9000,3746,1,1,43317,1,82972,0.522074,4,8,8,36,100730,28.55800,0.00315,2.37141,0.00833,0,0,3,2.268877,2.076729,2.076729,-0.540238,-0.540019,14.420762,374,0.037447,0.004799,34544,14240,7688,4827,3395,2465,1857,1520,12435,1,1,1,1
22.3500,3747,1,1,41245,1,79319,0.519995,2,2,11,186,194552,27.48372,0.00296,2.36624,0.01055,0,0,3,1.824490,1.512381,1.512381,-0.003037,-0.002876,14.958113,6181,0.000192,0.076441,33063,13287,7346,4741,3178,2394,1778,1432,12099,1,1,1,1
22.4000,3747,1,1,41297,1,79373,0.520297,2,31,31,31,157528,27.51831,0.00296,2.36624,0.01055,0,1,3,8.594977,8.041751,8.041751,-0.020563,-0.019989,14.940604,5994,0.001338,0.074215,33014,13299,7281,4793,3339,2281,1767,1454,12144,1,1,1,1
23.0000,3747,1,1,41981,1,80466,0.521730,4,3,7,28,90927,27.93435,0.00296,2.36624,0.01055,0,1,3,2.209632,1.632660,1.632660,-0.228368,-0.228157,14.733156,3748,0.015486,0.047059,33412,13571,7379,4838,3274,2409,1706,1481,12395,1,1,1,1
23.9000,3747,1,1,43161,1,82612,0.522461,4,146,146,146,163790,28.55813,0.00296,2.36624,0.01055,0,0,3,4.101588,3.883675,3.883675,-0.540372,-0.539996,14.420656,377,0.037446,0.004836,34220,13965,7693,5012,3294,2463,1998,1431,12535,1,1,1,1
22.3500,3748,1,1,41433,1,79532,0.520967,5,22,36,214,341986,27.48416,0.00423,2.36378,0.01092,0,1,3,14.395685,11.258843,11.258843,-0.002392,-0.001681,14.958493,6183,0.000112,0.076443,33129,13585,7427,4522,3241,2447,1799,1406,11975,1,1,1,1
22.4000,3748,1,1,41423,1,79473,0.521228,1,3,7,15,180741,27.51893,0.00423,2.36378,0.01092,0,1,3,2.010281,1.691819,1.691819,-0.019523,-0.019337,14.942075,5999,0.001294,0.074250,32880,13575,7511,4704,3216,2292,1867,1426,12001,1,1,1,1
23.0000,3748,1,1,41875,1,80380,0.520969,1,83,83,83,686227,27.93485,0.00423,2.36378,0.01092,0,1,3,21.661347,20.513729,20.513729,-0.227819,-0.226999,14.733483,3748,0.015407,0.047046,33325,13502,7450,4791,3207,2399,1812,1433,12460,1,1,1,1
23.9000,3748,1,1,43058,0,82758,0.520294,1,10,17,60,529680,28.55865,0.00423,2.36378,0.01092,1,1,2,1.249576,1.000000,3.108789,-0.539465,-0.539406,14.421635,373,0.037403,0.004783,34332,13935,7634,5006,3393,2562,1819,1567,12509,1,1,1,1
22.3500,3749,1,1,41433,1,79558,0.520796,7,2,28,2364,265257,27.48226,0.00333,2.36335,0.01064,0,0,3,1.298670,1.189814,1.189814,-0.003605,-0.003535,14.957244,6180,0.000236,0.076392,33104,13436,7353,4757,3282,2444,1778,1430,11973,1,1,1,1
22.4000,3749,1,1,41317,1,79319,0.520903,24,5,33,122,279585,27.51684,0.00333,2.36335,0.01064,0,1,3,3.923295,2.833527,2.833527,-0.021014,-0.020650,14.939466,5995,0.001382,0.074193,32884,13497,7363,4621,3241,2360,1873,1367,12112,1,1,1,1
23.0000,3749,1,1,42110,0,80879,0.520661,1,170,170,170,58109,27.93283,0.00333,2.36335,0.01064,1,1,2,1.334072,1.000000,66.726318,-0.229436,-0.229359,14.731767,3743,0.015569,0.046976,33478,13811,7661,4756,3218,2383,1867,1470,12234,1,1,1,1
23.9000,3749,1,1,43050,0,82881,0.519426,1,11,11,525,121589,28.55665,0.00333,2.36335,0.01064,1,1,2,1.103821,1.000000,1.444410,-0.540825,-0.540799,14.420600,369,0.037502,0.004731,34516,14120,7751,4787,3408,2446,1844,1489,12519,1,1,1,1
22.3500,3750,1,1,41244,0,79286,0.520199,1,17,66,134,2472052,27.47937,0.00296,2.36036,0.01064,1,0,2,1.185788,1.000000,3.793095,-0.005333,-0.005288,14.956088,6186,0.000354,0.076452,32889,13462,7395,4654,3183,2297,1874,1426,12105,1,1,1,1
22.4000,3750,1,1,41409,1,80108,0.516921,1,22,22,113,48811,27.51412,0.00296,2.36036,0.01064,0,1,3,1.965806,1.823457,1.823457,-0.022610,-0.022430,14.938976,5999,0.001501,0.074225,33480,13570,7376,4734,3325,2370,1859,1514,11879,1,1,1,1
23.0000,3750,1,1,42121,1,80855,0.520951,1,3,146,146,69854,27.93001,0.00296,2.36036,0.01064,0,0,3,2.246261,1.629477,1.629477,-0.230537,-0.230321,14.730852,3750,0.015635,0.047054,33599,13782,7543,4734,3200,2421,1798,1476,12301,1,1,1,1
23.9000,3750,1,1,43204,0,83141,0.519654,1,1,10,13,305235,28.55384,0.00296,2.36036,0.01064,1,0,3,1.406435,1.000000,1.041803,-0.542396,-0.542305,14.418964,373,0.037611,0.004782,34573,14093,7738,5020,3472,2434,1934,1476,12400,1,1,1,1
22.3500,3751,1,1,41411,1,79458,0.521175,1,21,1332,1332,847014,27.48270,0.00296,2.36126,0.00939,0,1,3,2.298261,1.639205,1.360191,-0.003468,-0.003246,14.958030,6187,0.000217,0.076434,32886,13761,7320,4604,3247,2332,1891,1406,12010,1,1,1,1
22.4000,3751,1,1,41583,1,79909,0.520386,3,7,7,84,97997,27.51744,0.00296,2.36126,0.00939,0,1,3,3.741874,3.217210,3.217210,-0.020952,-0.020600,14.940131,5998,0.001379,0.074187,33274,13576,7509,4683,3219,2352,1763,1458,12074,1,1,1,1
23.0000,3751,1,1,41970,0,80760,0.519694,1,8,30,184,40001,27.93340,0.00296,2.36126,0.00939,1,1,2,1.379819,1.000000,4.471836,-0.228978,-0.228892,14.732404,3747,0.015537,0.046999,33516,13565,7573,4730,3259,2469,1856,1463,12328,1,1,1,1
23.9000,3751,1,1,43041,1,82768,0.520026,1,4,6,72,351961,28.55707,0.00296,2.36126,0.00939,0,0,3,1.905226,1.485643,1.485643,-0.540664,-0.540492,14.420583,373,0.037481,0.004780,34387,13992,7796,4794,3352,2495,1856,1516,12579,1,1,1,1
22.3500,3752,1,1,41331,1,79359,0.520817,2,3,14,1144,87962,27.48289,0.00314,2.36295,0.01127,0,1,3,2.574349,1.993230,1.993230,-0.003448,-0.003196,14.957639,6189,0.000214,0.076440,32946,13568,7244,4541,3276,2369,1802,1445,12167,1,1,1,1
22.4000,3752,1,1,41255,1,79401,0.519584,1,10,10,33,65685,27.51744,0.00314,2.36295,0.01127,0,1,3,1.227732,1.026368,1.026368,-0.020632,-0.020577,14.940795,6003,0.001377,0.074226,32937,13374,7416,4675,3290,2360,1822,1449,12077,1,1,1,1
23.0000,3752,1,1,42020,0,80802,0.520043,1,4,32,385,160716,27.93348,0.00314,2.36295,0.01127,1,1,3,1.175513,1.000000,1.098693,-0.228647,-0.228604,14.732344,3751,0.015517,0.047037,33584,13654,7620,4716,3262,2413,1743,1459,12350,1,1,1,1
23.9000,3752,1,1,43071,1,82590,0.521510,7,4,7,980,422739,28.55716,0.00314,2.36295,0.01127,0,1,3,1.873986,1.397944,1.397944,-0.540533,-0.540366,14.420954,375,0.037471,0.004804,34145,13960,7721,4828,3303,2513,1869,1559,12691,1,1,1,1
22.3500,3753,1,1,41236,0,79231,0.520459,2,57,57,57,153265,27.48058,0.00332,2.36386,0.01014,1,1,2,1.025686,1.000000,1.563095,-0.004412,-0.004405,14.956043,6187,0.000295,0.076403,32774,13515,7380,4686,3112,2388,1789,1454,12132,1,1,1,1
22.4000,3753,1,1,41519,1,79247,0.523925,1,1,36,55,98812,27.51530,0.00332,2.36386,0.01014,0,1,3,1.609718,1.144872,1.119244,-0.021720,-0.021594,14.939676,5999,0.001445,0.074163,32799,13476,7334,4651,3297,2340,1760,1412,12177,1,1,1,1
23.0000,3753,1,1,42088,0,80778,0.521039,1,1,6,31,744150,27.93123,0.00332,2.36386,0.01014,1,1,3,1.404300,1.000000,1.281607,-0.229712,-0.229622,14.731587,3747,0.015587,0.046977,33535,13780,7666,4571,3145,2403,1849,1450,12378,1,1,1,1
23.9000,3753,1,1,43325,1,82963,0.522227,73,5,73,114,42144,28.55493,0.00332,2.36386,0.01014,0,0,3,1.245517,1.232398,1.232398,-0.541557,-0.541498,14.418717,373,0.037555,0.004778,34514,14188,7601,4802,3355,2415,1911,1547,12629,1,1,1,1
22.3500,3754,1,1,41440,0,79309,0.522520,5,27,409,409,286188,27.47653,0.00332,2.36475,0.01093,1,1,2,1.324820,1.000000,10.380659,-0.006628,-0.006553,14.954774,6189,0.000438,0.076414,33039,13291,7413,4628,3272,2431,1702,1396,12136,1,1,1,1
22.4000,3754,1,1,41726,0,79899,0.522241,4,3,7,46,105511,27.51124,0.00332,2.36475,0.01093,1,1,2,1.318841,1.000000,1.410189,-0.023719,-0.023645,14.937467,6001,0.001583,0.074178,33308,13681,7332,4755,3277,2351,1794,1435,11965,1,1,1,1
23.0000,3754,1,1,42213,1,81299,0.519238,99,6,99,99,77070,27.92724,0.00332,2.36475,0.01093,0,1,3,3.368515,2.904122,2.904122,-0.231814,-0.231491,14.728346,3748,0.015717,0.046987,33870,13738,7613,4863,3416,2431,1788,1484,12095,1,1,1,1
23.9000,3754,1,1,42947,1,83027,0.517272,1,5,56,56,191783,28.55097,0.00332,2.36475,0.01093,0,1,3,3.351947,2.642779,2.642779,-0.543663,-0.543341,14.417623,370,0.037686,0.004738,34569,14182,7762,4872,3325,2487,1801,1435,12593,1,1,1,1
22.3500,3755,1,1,41473,1,79558,0.521299,2,3,13,339,144496,27.47181,0.00457,2.35716,0.01132,0,0,3,1.601508,1.242142,1.242142,-0.008201,-0.008076,14.953008,6204,0.000540,0.076588,33079,13421,7402,4758,3225,2326,1855,1493,11998,1,1,1,1
22.4000,3755,1,1,41579,1,79620,0.522225,3,2,16,60,644536,27.50652,0.00457,2.35716,0.01132,0,1,3,1.936928,1.488152,1.488152,-0.025572,-0.025396,14.935941,6020,0.001700,0.074401,32981,13736,7317,4720,3208,2362,1748,1443,12104,1,1,1,1
23.0000,3755,1,1,41901,1,80273,0.521988,1,4,14,37,130472,27.92240,0.00457,2.35716,0.01132,0,1,3,2.051891,1.502516,1.502516,-0.233518,-0.233327,14.727980,3763,0.015842,0.047164,33017,13622,7454,4844,3289,2391,1793,1466,12396,1,1,1,1
23.9000,3755,1,1,43189,1,83074,0.519892,2,5,41,41,71958,28.54614,0.00457,2.35716,0.01132,0,1,3,1.654651,1.283006,1.283006,-0.545370,-0.545236,14.416106,384,0.037821,0.004917,34501,14032,7789,4852,3464,2490,1850,1427,12668,1,1,1,1
22.3500,3756,1,1,41240,0,79189,0.520786,36,141,707,707,80846,27.47967,0.00203,2.36146,0.00808,1,1,2,1.055305,1.000000,8.028167,-0.005727,-0.005713,14.954937,6206,0.000382,0.076582,32912,13331,7286,4660,3163,2369,1862,1343,12262,1,1,1,1
22.4000,3756,1,1,41690,0,79806,0.522398,1,12,155,155,105024,27.51436,0.00203,2.36146,0.00808,1,1,2,1.121323,1.000000,1.764075,-0.022872,-0.022841,14.938554,6018,0.001529,0.074344,33125,13610,7537,4653,3155,2415,1754,1408,12148,1,1,1,1
23.0000,3756,1,1,42201,1,80950,0.521328,7,3,30,96,430996,27.93033,0.00203,2.36146,0.00808,0,1,3,2.004472,1.578760,1.578760,-0.230839,-0.230654,14.729994,3764,0.015659,0.047157,33420,13779,7659,4828,3295,2397,1846,1496,12229,1,1,1,1
23.9000,3756,1,1,43075,1,82804,0.520211,7,3,8,22,35237,28.55408,0.00203,2.36146,0.00808,0,1,3,1.445643,1.343220,1.343220,-0.542688,-0.542590,14.418817,384,0.037631,0.004915,34300,14078,7652,4904,3423,2529,1906,1412,12599,1,1,1,1
22.3500,3757,1,1,41426,0,79596,0.520460,1,9,225,225,2688721,27.47917,0.00221,2.36018,0.01048,1,1,2,1.359037,1.000000,4.604290,-0.005744,-0.005663,14.955648,6204,0.000379,0.076533,33093,13502,7407,4650,3325,2342,1761,1449,12066,1,1,1,1
22.4000,3757,1,1,41781,1,79898,0.522936,1,1,52,52,2151901,27.51386,0.00221,2.36018,0.01048,0,0,3,1.864789,1.342135,1.342135,-0.022923,-0.022757,14.938430,6016,0.001523,0.074300,33401,13368,7515,4717,3232,2333,1850,1416,12065,1,1,1,1
23.0000,3757,1,1,42460,0,81080,0.523687,1,15,71,403,88507,27.92989,0.00221,2.36018,0.01048,1,1,2,1.247249,1.000000,4.578690,-0.231104,-0.231046,14.729994,3761,0.015685,0.047107,33783,13676,7538,4791,3366,2409,1886,1426,12204,1,1,1,1
23.9000,3757,1,1,43126,0,83151,0.518653,2,2,57,390,232966,28.55367,0.00221,2.36018,0.01048,1,1,2,1.414131,1.000000,1.441359,-0.542839,-0.542747,14.418499,381,0.037642,0.004875,34520,14251,7804,4886,3327,2434,1899,1507,12522,1,1,1,1
22.3500,3758,1,1,41400,0,79530,0.520565,13,4,15,36,125758,27.48341,0.00203,2.36292,0.00869,1,0,3,1.201634,1.000000,1.041638,-0.003640,-0.003591,14.957781,6210,0.000240,0.076576,32828,13640,7482,4723,3230,2376,1892,1449,11909,1,1,1,1
22.4000,3758,1,1,41398,0,79415,0.521293,2,1,5,194,146407,27.51808,0.00203,2.36292,0.00869,1,1,3,1.409052,1.000000,1.070721,-0.020981,-0.020890,14.940329,6022,0.001398,0.074345,32828,13535,7373,4763,3222,2289,1844,1415,12145,1,1,1,1
23.0000,3758,1,1,42167,1,81050,0.520266,1,6,31,308,156129,27.93401,0.00203,2.36292,0.00869,0,1,3,4.616740,3.592973,3.592973,-0.229107,-0.228700,14.732167,3766,0.015524,0.047150,33633,13810,7439,4843,3314,2469,1840,1430,12271,1,1,1,1
23.9000,3758,1,1,43137,1,82775,0.521142,1,1,4,100,36693,28.55780,0.00203,2.36292,0.00869,0,0,3,1.460625,1.098499,1.098499,-0.540842,-0.540741,14.420382,383,0.037498,0.004899,34136,14042,7759,5036,3387,2450,1878,1452,12634,1,1,1,1
22.3500,3759,1,1,41401,1,79394,0.521469,2,4,33,33,616115,27.47625,0.00727,2.36331,0.01268,0,1,3,3.422296,2.422112,2.422112,-0.004650,-0.004322,14.957081,6211,0.000289,0.076572,32945,13542,7323,4656,3128,2393,1823,1411,12172,1,1,1,1
22.4000,3759,1,1,41659,1,79932,0.521187,1,4,20,370,80691,27.51091,0.00727,2.36331,0.01268,0,1,3,1.599690,1.554729,1.554729,-0.021918,-0.021793,14.939627,6019,0.001459,0.074291,33303,13467,7451,4795,3237,2380,1829,1385,12084,1,1,1,1
23.0000,3759,1,1,42033,1,80828,0.520037,1,9,9,55,116727,27.92691,0.00727,2.36331,0.01268,0,0,3,1.681984,1.272408,1.272408,-0.229891,-0.229752,14.731364,3764,0.015596,0.047115,33355,13995,7517,4641,3280,2347,1867,1447,12378,1,1,1,1
23.9000,3759,1,1,43370,0,83220,0.521155,2,22,22,22,179516,28.55073,0.00727,2.36331,0.01268,1,1,2,1.055526,1.000000,1.368736,-0.541807,-0.541793,14.418859,381,0.037575,0.004872,34730,14179,7582,4952,3325,2452,1832,1482,12685,1,1,1,1
22.3500,3760,1,1,41454,0,79518,0.521322,14,2,349,349,32624,27.48055,0.00221,2.35870,0.01037,1,1,3,1.401139,1.000000,1.240650,-0.005050,-0.004960,14.956244,6212,0.000332,0.076568,32915,13573,7351,4606,3345,2442,1784,1377,12124,1,1,1,1
22.4000,3760,1,1,41771,1,79976,0.522301,2,4,26,26,197559,27.51520,0.00221,2.35870,0.01037,0,1,3,2.974369,2.341265,2.341265,-0.022471,-0.022181,14.939178,6024,0.001485,0.074335,33473,13495,7483,4729,3188,2368,1858,1436,11945,1,1,1,1
23.0000,3760,1,1,42256,0,80870,0.522524,1,2,6,158,151838,27.93109,0.00221,2.35870,0.01037,1,1,3,1.271972,1.000000,1.211455,-0.230318,-0.230254,14.730813,3768,0.015631,0.047154,33526,13819,7451,4770,3356,2379,1826,1434,12308,1,1,1,1
23.9000,3760,1,1,42936,0,82975,0.517463,2,4,16,46,48188,28.55492,0.00221,2.35870,0.01037,1,0,3,1.189360,1.000000,1.014036,-0.542220,-0.542174,14.419202,385,0.037601,0.004922,34428,13960,7747,4895,3387,2569,1898,1520,12570,1,1,1,1
22.3500,3761,1,1,41468,0,79341,0.522662,1,57,57,57,297757,27.47516,0.00424,2.36659,0.01047,1,1,2,1.402445,1.000000,28.005276,-0.007089,-0.007000,14.954276,6211,0.000468,0.076545,32780,13497,7487,4585,3205,2342,1831,1405,12208,1,1,1,1
22.4000,3761,1,1,41435,1,79469,0.521405,10,2,10,122,771961,27.50980,0.00424,2.36659,0.01047,0,1,3,1.416198,1.103490,1.103490,-0.023981,-0.023889,14.936754,6022,0.001599,0.074303,33035,13350,7331,4776,3248,2379,1766,1453,12130,1,1,1,1
23.0000,3761,1,1,41959,1,80950,0.518339,2,128,128,128,691467,27.92577,0.00424,2.36659,0.01047,0,0,3,5.923302,5.579627,5.579627,-0.232180,-0.231707,14.728972,3766,0.015731,0.047123,33604,13664,7590,4826,3326,2350,1878,1493,12218,1,1,1,1
23.9000,3761,1,1,43338,0,82960,0.522403,1,1,48,1324,476741,28.54943,0.00424,2.36659,0.01047,1,0,3,1.377161,1.000000,1.071647,-0.543793,-0.543708,14.417592,381,0.037711,0.004870,34435,14116,7707,5018,3285,2487,1830,1505,12576,1,1,1,1
22.3500,3762,1,1,41572,0,79868,0.520515,1,1,21,57,553441,27.48529,0.00331,2.36914,0.00868,1,1,3,1.329982,1.000000,1.038300,-0.001983,-0.001907,14.959217,6214,0.000128,0.076537,33290,13561,7383,4652,3289,2316,1876,1410,12090,1,1,1,1
22.4000,3762,1,1,41564,0,79635,0.521938,2,7,82,356,84128,27.51993,0.00331,2.36914,0.00868,1,1,2,1.412423,1.000000,3.838568,-0.019479,-0.019387,14.941843,6024,0.001298,0.074283,32855,13503,7445,4848,3353,2314,1806,1410,12100,1,1,1,1
23.0000,3762,1,1,42248,0,81061,0.521194,1,4,12,173,422474,27.93596,0.00331,2.36914,0.00868,1,0,2,1.355146,1.000000,2.161433,-0.227418,-0.227337,14.733976,3766,0.015429,0.047094,33742,13733,7589,4698,3292,2413,1840,1427,12326,1,1,1,1
23.9000,3762,1,1,43263,1,82905,0.521845,1,10,166,166,510309,28.55965,0.00331,2.36914,0.00868,0,1,3,4.834759,4.096333,4.096333,-0.539348,-0.538929,14.421957,381,0.037369,0.004868,34248,14428,7617,4825,3341,2509,1874,1474,12588,1,1,1,1
22.3500,3763,1,1,41226,0,79681,0.517395,3,3,148,148,173893,27.48462,0.00405,2.36132,0.01085,1,1,2,1.412640,1.000000,2.154106,-0.002161,-0.002070,14.959186,6214,0.000138,0.076516,33039,13705,7408,4692,3170,2348,1800,1387,12131,1,1,1,1
22.4000,3763,1,1,41551,1,79576,0.522161,1,2,17,213,51977,27.51925,0.00405,2.36132,0.01085,0,1,3,2.125179,1.616739,1.616739,-0.019436,-0.019236,14.941818,6025,0.001287,0.074275,32926,13426,7378,4664,3307,2470,1834,1347,12223,1,1,1,1
23.0000,3763,1,1,42286,0,81480,0.518980,2,8,29,56,43457,27.93518,0.00405,2.36132,0.01085,1,1,2,1.268721,1.000000,2.598024,-0.227463,-0.227400,14.733950,3767,0.015434,0.047094,33960,13675,7708,4733,3344,2488,1838,1469,12264,1,1,1,1
23.9000,3763,1,1,43084,0,82926,0.519554,5,8,42,42,105552,28.55888,0.00405,2.36132,0.01085,1,1,2,1.136330,1.000000,1.213821,-0.539216,-0.539182,14.421703,381,0.037387,0.004866,34355,14084,7759,4863,3393,2398,1886,1469,12718,1,1,1,1
22.3500,3764,1,1,41311,1,79412,0.520218,1,80,80,80,291756,27.47856,0.00710,2.35883,0.01062,0,1,3,42.730100,36.258555,36.258555,-0.003983,-0.002985,14.958438,6215,0.000200,0.076512,32855,13597,7393,4628,3237,2328,1764,1466,12143,1,1,1,1
22.4000,3764,1,1,41908,0,80047,0.523549,49,3,49,61,105079,27.51318,0.00710,2.35883,0.01062,1,1,2,1.371712,1.000000,1.726047,-0.020888,-0.020804,14.940499,6027,0.001392,0.074287,33098,13714,7467,4795,3280,2344,1778,1418,12152,1,1,1,1
23.0000,3764,1,1,42106,0,81045,0.519545,1,43,103,103,535294,27.92918,0.00710,2.35883,0.01062,1,0,2,1.095092,1.000000,4.430221,-0.229013,-0.228989,14.732414,3775,0.015543,0.047187,33754,13737,7508,4763,3286,2385,1739,1465,12407,1,1,1,1
23.9000,3764,1,1,43113,1,82968,0.519640,3,7,12,342,1356279,28.55291,0.00710,2.35883,0.01062,0,0,3,1.582071,1.339096,1.339096,-0.540715,-0.540593,14.420366,381,0.037488,0.004865,34445,14259,7585,4782,3362,2437,1851,1502,12744,1,1,1,1
22.3500,3765,1,1,41653,1,79879,0.521458,3,6,11,93,97639,27.47568,0.00721,2.36117,0.01013,0,1,3,4.057331,3.222628,3.222628,-0.004981,-0.004609,14.956091,6213,0.000308,0.076479,33067,13558,7616,4637,3215,2388,1881,1441,12075,1,1,1,1
22.4000,3765,1,1,41568,0,79766,0.521131,2,11,39,178,51312,27.51048,0.00721,2.36117,0.01013,1,0,2,1.148623,1.000000,1.855284,-0.022304,-0.022268,14.939120,6024,0.001491,0.074237,33071,13493,7466,4678,3212,2325,1798,1544,12178,1,1,1,1
23.0000,3765,1,1,42155,1,80947,0.520779,1,1,59,147,418189,27.92636,0.00721,2.36117,0.01013,0,0,3,1.519839,1.102645,1.102645,-0.230178,-0.230067,14.731108,3766,0.015618,0.047066,33518,13833,7508,4791,3412,2354,1760,1418,12352,1,1,1,1
23.9000,3765,1,1,43135,1,82957,0.519974,1,2,11,31,177698,28.55010,0.00721,2.36117,0.01013,0,0,3,1.884392,1.435757,1.435757,-0.542083,-0.541915,14.419193,377,0.037583,0.004813,34171,14112,7802,4847,3468,2500,1950,1507,12599,1,1,1,1
22.3500,3766,1,1,41509,1,79461,0.522389,1,4,23,35,198649,27.47835,0.00202,2.36511,0.00958,0,1,3,1.772566,1.336415,1.336415,-0.006237,-0.006085,14.955242,6225,0.000407,0.076611,33032,13385,7328,4777,3194,2382,1821,1438,12103,1,1,1,1
22.4000,3766,1,1,41440,0,79612,0.520531,2,9,40,40,2546604,27.51296,0.00202,2.36511,0.00958,1,1,2,1.247410,1.000000,2.771546,-0.023636,-0.023577,14.937464,6032,0.001578,0.074324,32894,13572,7372,4714,3295,2449,1858,1409,12048,1,1,1,1
23.0000,3766,1,1,42415,1,81431,0.520877,1,19,72,72,65044,27.92892,0.00202,2.36511,0.00958,0,1,3,2.239848,1.646203,1.525147,-0.231536,-0.231322,14.729833,3772,0.015704,0.047132,33845,13755,7713,4835,3343,2405,1818,1442,12274,1,1,1,1
23.9000,3766,1,1,43457,1,82932,0.524014,1,2,8,17,802598,28.55268,0.00202,2.36511,0.00958,0,0,3,1.723923,1.239477,1.239477,-0.543390,-0.543245,14.417945,383,0.037678,0.004889,34310,14066,7840,4866,3329,2433,1966,1482,12639,1,1,1,1
22.3500,3767,1,1,41339,1,79602,0.519328,1,251,251,251,89091,27.47451,0.00202,2.35438,0.01017,0,1,3,36.441113,36.034365,36.034365,-0.008533,-0.007579,14.953849,6223,0.000507,0.076573,32985,13364,7422,4765,3321,2318,1796,1394,12236,1,1,1,1
22.4000,3767,1,1,41691,1,79908,0.521744,1,30,30,143,81533,27.50911,0.00202,2.35438,0.01017,0,1,3,3.100244,2.575547,2.575547,-0.025478,-0.025178,14.936194,6032,0.001686,0.074311,32937,13610,7604,4829,3257,2358,1778,1456,12078,1,1,1,1
23.0000,3767,1,1,42556,0,81549,0.521852,1,2,7,322,2281111,27.92514,0.00202,2.35438,0.01017,1,1,2,1.390701,1.000000,1.737598,-0.233442,-0.233354,14.727836,3771,0.015844,0.047114,33821,13938,7628,4830,3384,2443,1851,1466,12187,1,1,1,1
23.9000,3767,1,1,43047,1,83187,0.517479,1,4,48,354,630466,28.54892,0.00202,2.35438,0.01017,0,0,3,2.395498,1.756118,1.756118,-0.545332,-0.545100,14.416059,382,0.037812,0.004876,34600,14102,7744,4830,3402,2480,1821,1519,12688,1,1,1,1
22.3500,3768,1,1,41070,0,79288,0.517992,1,7,12,65,122777,27.46619,0.00394,2.34830,0.01334,1,0,2,1.284533,1.000000,2.531263,-0.011323,-0.011256,14.950089,6224,0.000753,0.076584,32773,13447,7397,4620,3241,2364,1810,1430,12205,1,1,1,1
22.4000,3768,1,1,41303,1,79755,0.517880,7,1182,1182,1182,228007,27.50095,0.00394,2.34830,0.01334,0,1,3,7.256831,7.115486,7.115486,-0.028844,-0.028318,14.933105,6036,0.001896,0.074356,32959,13419,7510,4801,3118,2440,1858,1450,12199,1,1,1,1
23.0000,3768,1,1,42218,0,81207,0.519888,1,6,13,213,72102,27.91688,0.00394,2.34830,0.01334,1,1,2,1.413354,1.000000,3.464067,-0.236711,-0.236619,14.724635,3775,0.016070,0.047161,33529,13944,7677,4808,3365,2353,1782,1468,12280,1,1,1,1
23.9000,3768,1,1,43196,0,82940,0.520817,1,10,10,43,103853,28.54067,0.00394,2.34830,0.01334,1,1,3,1.086674,1.000000,1.127740,-0.548447,-0.548425,14.412345,383,0.038052,0.004889,34413,14067,7641,4901,3397,2392,1901,1495,12732,1,1,1,1
22.3500,3769,1,1,41560,0,79541,0.522504,1,94,94,94,394937,27.47136,0.00239,2.35362,0.01197,1,1,2,1.114117,1.000000,11.504552,-0.009831,-0.009803,14.951595,6221,0.000656,0.076519,33004,13470,7397,4655,3277,2388,1825,1399,12125,1,1,1,1
22.4000,3769,1,1,41540,0,79789,0.520630,2,10,52,52,173228,27.50593,0.00239,2.35362,0.01197,1,1,2,1.286337,1.000000,3.417098,-0.026958,-0.026891,14.934453,6033,0.001801,0.074292,33303,13445,7301,4700,3265,2418,1756,1431,12169,1,1,1,1
23.0000,3769,1,1,42409,1,81037,0.523335,1,6,988,988,1308419,27.92193,0.00239,2.35362,0.01197,0,1,3,3.365541,2.841233,2.841233,-0.234932,-0.234610,14.726781,3771,0.015931,0.047092,33536,13805,7524,4762,3380,2387,1816,1487,12339,1,1,1,1
23.9000,3769,1,1,43342,0,83430,0.519508,17,6,50,50,217885,28.54574,0.00239,2.35362,0.01197,1,1,2,1.363845,1.000000,2.787551,-0.546837,-0.546754,14.414405,380,0.037931,0.004848,34739,14086,7713,4932,3389,2460,1965,1422,12723,1,1,1,1
22.3500,3770,1,1,41340,0,79407,0.520616,6,5,636,636,339197,27.47153,0.00428,2.36264,0.01198,1,1,2,1.282590,1.000000,2.019742,-0.008501,-0.008435,14.952910,6223,0.000564,0.076517,32809,13560,7455,4696,3167,2333,1734,1368,12284,1,1,1,1
22.4000,3770,1,1,41559,1,79473,0.522939,3,41,41,41,767504,27.50628,0.00428,2.36264,0.01198,0,1,3,9.406713,8.808396,8.808396,-0.026074,-0.025480,14.935934,6035,0.001706,0.074290,32902,13378,7441,4684,3293,2320,1788,1411,12255,1,1,1,1
23.0000,3770,1,1,42387,1,81314,0.521282,6,3,27,27,98147,27.92216,0.00428,2.36264,0.01198,0,1,3,1.960601,1.560665,1.560665,-0.233789,-0.233610,14.727085,3772,0.015863,0.047091,33786,13832,7626,4744,3336,2425,1841,1421,12302,1,1,1,1
23.9000,3770,1,1,43141,1,83032,0.519577,5,10,19,19,272653,28.54600,0.00428,2.36264,0.01198,0,0,3,1.681972,1.516288,1.516288,-0.545701,-0.545563,14.415266,379,0.037846,0.004834,34359,14107,7834,4899,3321,2435,1996,1464,12616,1,1,1,1
22.3500,3771,1,1,41529,1,79775,0.520583,6,33,233,251,569868,27.47830,0.00202,2.36146,0.00954,0,1,3,22.712452,16.842975,16.842975,-0.006463,-0.005635,14.954398,6227,0.000377,0.076538,33203,13418,7496,4593,3318,2328,1831,1457,12130,1,1,1,1
22.4000,3771,1,1,41489,1,79771,0.520108,6,53,53,1141,274179,27.51304,0.00202,2.36146,0.00954,0,1,3,2.170464,1.544709,1.232407,-0.023486,-0.023281,14.937992,6038,0.001559,0.074297,33102,13353,7590,4729,3262,2371,1824,1468,12071,1,1,1,1
23.0000,3771,1,1,42353,1,81397,0.520333,3,18,31,52,21662,27.92900,0.00202,2.36146,0.00954,0,1,3,5.707559,5.302386,5.302386,-0.231661,-0.231199,14.729402,3775,0.015696,0.047109,33883,13728,7699,4747,3317,2390,1812,1508,12312,1,1,1,1
23.9000,3771,1,1,43382,0,83473,0.519719,1,3,11,65,24162,28.55267,0.00202,2.36146,0.00954,1,1,2,1.368423,1.000000,1.851212,-0.543353,-0.543270,14.417894,382,0.037680,0.004870,34981,13978,7771,4826,3411,2431,1890,1497,12687,1,1,1,1
22.3500,3772,1,1,41371,1,79429,0.520862,9,25,25,124,153073,27.47299,0.00434,2.36662,0.00947,0,1,3,12.102202,10.628994,10.628994,-0.008019,-0.007358,14.952789,6228,0.000492,0.076539,32991,13449,7283,4707,3162,2378,1814,1428,12216,1,1,1,1
22.4000,3772,1,1,41702,0,80006,0.521242,1,112,112,136,253252,27.50753,0.00434,2.36662,0.00947,1,1,2,1.060264,1.000000,7.047623,-0.025238,-0.025222,14.936190,6040,0.001689,0.074311,33354,13595,7423,4625,3224,2400,1866,1430,12088,1,1,1,1
23.0000,3772,1,1,42122,0,81394,0.517514,1,2,64,64,458428,27.92357,0.00434,2.36662,0.00947,1,1,3,1.317446,1.000000,1.098158,-0.233004,-0.232931,14.728183,3776,0.015815,0.047113,33899,13784,7567,4750,3393,2404,1813,1537,12246,1,1,1,1
23.9000,3772,1,1,43412,0,83450,0.520222,1,2,10,16,151189,28.54725,0.00434,2.36662,0.00947,1,1,3,1.331322,1.000000,1.085860,-0.544842,-0.544766,14.416361,382,0.037788,0.004869,34693,14209,7763,4845,3371,2545,1823,1522,12678,1,1,1,1
22.3500,3773,1,1,41585,1,79995,0.519851,3,15,15,15,81678,27.47442,0.00444,2.36439,0.01002,0,1,3,5.577245,5.120134,5.120134,-0.007096,-0.006640,14.953957,6226,0.000444,0.076488,33097,13696,7383,4784,3272,2392,1826,1471,12073,1,1,1,1
22.4000,3773,1,1,41454,0,79636,0.520550,5,63,198,198,682026,27.50914,0.00444,2.36439,0.01002,1,0,3,1.015865,1.000000,1.030005,-0.024242,-0.024238,14.937186,6039,0.001623,0.074274,32906,13470,7569,4649,3205,2407,1844,1414,12171,1,1,1,1
23.0000,3773,1,1,42354,0,81289,0.521036,1,5,14,101,569449,27.92506,0.00444,2.36439,0.01002,1,1,2,1.364719,1.000000,2.438864,-0.232320,-0.232238,14.728923,3773,0.015767,0.047060,33787,13732,7526,4837,3268,2450,1947,1420,12321,1,1,1,1
23.9000,3773,1,1,43003,1,83169,0.517062,1,3,94,94,1318830,28.54877,0.00444,2.36439,0.01002,0,1,3,2.723658,2.152505,2.152505,-0.544154,-0.543889,14.417143,379,0.037725,0.004829,34245,14457,7683,4875,3265,2573,1961,1500,12609,1,1,1,1
22.3500,3774,1,1,41696,0,80160,0.520166,1,6,13,34,287749,27.47903,0.00418,2.36405,0.01305,1,1,2,1.326668,1.000000,2.704744,-0.004769,-0.004695,14.956633,6230,0.000314,0.076503,33329,13737,7502,4739,3111,2428,1724,1398,12191,1,1,1,1
22.4000,3774,1,1,41486,0,79803,0.519862,13,2,13,53,4152043,27.51374,0.00418,2.36405,0.01305,1,1,3,1.396559,1.000000,1.281731,-0.022027,-0.021938,14.939346,6041,0.001468,0.074268,32749,13757,7461,4792,3390,2375,1781,1375,12122,1,1,1,1
23.0000,3774,1,1,42338,0,81217,0.521301,1,1,14,14,757321,27.92974,0.00418,2.36405,0.01305,1,0,3,1.411734,1.000000,1.169809,-0.230005,-0.229914,14.731315,3777,0.015607,0.047090,33704,13797,7569,4793,3273,2419,1752,1487,12422,1,1,1,1
23.9000,3774,1,1,43492,0,83296,0.522144,1,48,48,49,137288,28.55346,0.00418,2.36405,0.01305,1,1,2,1.385756,1.000000,22.508249,-0.542268,-0.542181,14.419003,380,0.037602,0.004840,34606,14106,7673,5045,3467,2523,1877,1486,12512,1,1,1,1
22.3500,3775,1,1,41405,1,79772,0.519048,1,2,5,11,112797,27.47885,0.00220,2.35329,0.01215,0,1,3,2.030583,1.487963,1.487963,-0.005889,-0.005701,14.955607,6229,0.000381,0.076476,33058,13578,7390,4776,3198,2376,1817,1425,12153,1,1,1,1
22.4000,3775,1,1,41601,1,79808,0.521270,1,9,9,199,354363,27.51355,0.00220,2.35329,0.01215,0,1,3,6.064505,4.869839,4.869839,-0.023397,-0.022920,14.938487,6040,0.001534,0.074240,32908,13661,7551,4678,3184,2359,1791,1385,12290,1,1,1,1
23.0000,3775,1,1,42035,1,80892,0.519650,1,6,52,238,417884,27.92944,0.00220,2.35329,0.01215,0,1,3,4.485235,3.509425,3.509425,-0.231298,-0.230900,14.730022,3775,0.015675,0.047057,33404,13871,7563,4716,3306,2353,1778,1404,12496,1,1,1,1
23.9000,3775,1,1,43364,0,83566,0.518925,1,195,195,195,462608,28.55318,0.00220,2.35329,0.01215,1,1,2,1.007016,1.000000,1.386789,-0.543046,-0.543044,14.417070,378,0.037667,0.004814,34892,14052,7814,4902,3399,2475,1851,1477,12703,1,1,1,1
22.3500,3776,1,1,41389,1,79911,0.517945,1,38,57,57,2311045,27.48233,0.00388,2.36710,0.00906,0,1,3,1.681679,1.318027,1.318027,-0.003223,-0.003085,14.958263,6241,0.000206,0.076589,33212,13512,7436,4727,3302,2310,1872,1481,12058,1,1,1,1
22.4000,3776,1,1,41798,0,79989,0.522553,14,4,23,698,145994,27.51702,0.00388,2.36710,0.00906,1,1,2,1.414211,1.000000,2.300339,-0.020650,-0.020558,14.940687,6050,0.001376,0.074332,33072,13790,7448,4634,3271,2389,1903,1412,12069,1,1,1,1
23.0000,3776,1,1,42259,1,81374,0.519325,1,14,22,269,429400,27.93298,0.00388,2.36710,0.00906,0,0,3,1.966826,1.518760,1.518760,-0.228571,-0.228392,14.732700,3784,0.015502,0.047148,33763,13637,7512,4934,3394,2429,1870,1450,12384,1,1,1,1
23.9000,3776,1,1,43656,0,83849,0.520656,1,1,12,19,800882,28.55674,0.00388,2.36710,0.00906,1,0,3,1.414169,1.000000,1.194587,-0.540421,-0.540330,14.420917,386,0.037468,0.004913,35067,14159,7764,4958,3406,2445,1909,1538,12602,1,1,1,1
22.3500,3777,1,1,41778,0,79956,0.522519,1,7,7,427,35641,27.47847,0.00446,2.36298,0.00909,1,1,2,1.141808,1.000000,1.367068,-0.004798,-0.004763,14.956627,6237,0.000318,0.076528,33398,13468,7358,4697,3203,2346,1767,1460,12258,1,1,1,1
22.4000,3777,1,1,41597,1,79771,0.521462,2,8,58,58,1063644,27.51315,0.00446,2.36298,0.00909,0,1,3,5.110368,4.127845,4.127845,-0.022296,-0.021864,14.939550,6048,0.001463,0.074294,33001,13604,7408,4736,3187,2309,1821,1471,12233,1,1,1,1
23.0000,3777,1,1,42392,0,81416,0.520690,4,3,15,50,98299,27.92919,0.00446,2.36298,0.00909,1,1,3,1.269427,1.000000,1.149948,-0.230144,-0.230081,14.730986,3781,0.015619,0.047104,33649,13939,7609,4879,3315,2442,1854,1502,12226,1,1,1,1
23.9000,3777,1,1,43391,1,83244,0.521257,7,4,21,21,85896,28.55297,0.00446,2.36298,0.00909,0,1,3,1.945799,1.776675,1.776675,-0.542087,-0.541911,14.418798,382,0.037584,0.004862,34645,14136,7708,4841,3302,2407,1957,1495,12752,1,1,1,1
22.3500,3778,1,1,41590,0,79855,0.520826,1,5,6,1685,448326,27.47679,0.00257,2.36007,0.00961,1,0,2,1.332528,1.000000,2.362051,-0.006781,-0.006705,14.954621,6238,0.000448,0.076530,33085,13642,7398,4723,3275,2467,1724,1409,12131,1,1,1,1
22.4000,3778,1,1,42105,1,80254,0.524653,21,85,85,85,7466879,27.51147,0.00257,2.36007,0.00961,0,1,3,17.279426,16.896598,16.896598,-0.024382,-0.023628,14.936231,6050,0.001582,0.074315,33433,13629,7447,4743,3218,2401,1786,1455,12141,1,1,1,1
23.0000,3778,1,1,42361,1,81395,0.520444,11,18,18,68,174535,27.92739,0.00257,2.36007,0.00961,0,1,3,12.255943,9.317692,9.317692,-0.232266,-0.231603,14.728451,3782,0.015725,0.047112,33827,13666,7649,4755,3340,2466,1938,1438,12315,1,1,1,1
23.9000,3778,1,1,43533,1,83114,0.523781,1,16,95,95,151673,28.55119,0.00257,2.36007,0.00961,0,1,3,10.906475,8.431314,8.431314,-0.544150,-0.543518,14.417110,383,0.037700,0.004874,34405,14025,7837,4820,3414,2436,1893,1547,12736,1,1,1,1
22.3500,3779,1,1,41660,0,79930,0.521213,1,2,9,43,344324,27.47511,0.00454,2.36340,0.01139,1,1,2,1.411172,1.000000,1.639224,-0.006529,-0.006438,14.954789,6240,0.000431,0.076534,33167,13619,7352,4760,3242,2417,1839,1391,12142,1,1,1,1
22.4000,3779,1,1,41819,1,80378,0.520286,1,110,110,110,217442,27.50977,0.00454,2.36340,0.01139,0,1,3,30.064408,28.431694,28.431694,-0.024240,-0.023340,14.937132,6051,0.001563,0.074303,33425,13813,7427,4603,3231,2415,1814,1468,12181,1,1,1,1
23.0000,3779,1,1,42449,1,81351,0.521807,9,10,14,93,284337,27.92577,0.00454,2.36340,0.01139,0,1,3,2.499478,2.425307,2.425307,-0.231911,-0.231669,14.729753,3783,0.015728,0.047107,33732,13734,7562,4854,3377,2463,1849,1463,12316,1,1,1,1
23.9000,3779,1,1,43509,1,83865,0.518804,1,73,73,73,65687,28.54958,0.00454,2.36340,0.01139,0,1,3,3.231673,2.622087,2.576033,-0.543827,-0.543517,14.417509,382,0.037698,0.004860,34920,14295,7743,4987,3497,2474,1916,1483,12549,1,1,1,1
22.3500,3780,1,1,41559,1,79885,0.520242,1,3,167,167,81606,27.47988,0.00432,2.36433,0.00909,0,1,3,1.456020,1.362010,1.362010,-0.004339,-0.004240,14.957171,6243,0.000283,0.076538,33281,13503,7473,4594,3172,2332,1882,1457,12190,1,1,1,1
22.4000,3780,1,1,41556,0,79755,0.521052,1,42,42,290,61416,27.51454,0.00432,2.36433,0.00909,1,1,2,1.038226,1.000000,1.692051,-0.021702,-0.021692,14.939726,6053,0.001452,0.074295,32976,13520,7538,4587,3285,2276,1816,1441,12315,1,1,1,1
23.0000,3780,1,1,42511,1,81573,0.521147,8,4,8,219,38770,27.93043,0.00432,2.36433,0.00909,0,0,3,1.361832,1.254918,1.254918,-0.229605,-0.229524,14.731244,3787,0.015581,0.047140,33996,13829,7558,4748,3339,2472,1858,1475,12297,1,1,1,1
23.9000,3780,1,1,43291,1,83142,0.520694,1,7,81,81,38233,28.55426,0.00432,2.36433,0.00909,0,0,3,2.506217,1.914107,1.914107,-0.541578,-0.541335,14.419771,382,0.037541,0.004858,34352,14077,7840,4867,3349,2536,1817,1497,12806,1,1,1,1
22.3500,3781,1,1,41633,1,79626,0.522863,3,13,15,57,166680,27.47703,0.00275,2.37588,0.01027,0,1,3,9.837454,7.014257,7.014257,-0.006708,-0.006103,14.955311,6240,0.000408,0.076491,32838,13473,7554,4705,3332,2389,1841,1359,12134,1,1,1,1
22.4000,3781,1,1,41723,1,79885,0.522295,2,42,42,42,501466,27.51168,0.00275,2.37588,0.01027,0,1,3,4.024631,3.238904,3.180007,-0.023927,-0.023559,14.937802,6054,0.001577,0.074298,33075,13417,7623,4796,3255,2410,1732,1431,12145,1,1,1,1
23.0000,3781,1,1,42425,1,81533,0.520348,1,2,9,94,422413,27.92764,0.00275,2.37588,0.01027,0,1,3,2.130512,1.557660,1.557660,-0.231814,-0.231614,14.729693,3781,0.015724,0.047058,34106,13738,7570,4838,3239,2478,1850,1409,12304,1,1,1,1
23.9000,3781,1,1,43409,1,83220,0.521624,1,20,20,49,160405,28.55131,0.00275,2.37588,0.01027,0,1,3,14.405121,10.468380,10.468380,-0.543900,-0.543194,14.418233,380,0.037674,0.004832,34711,14007,7573,4825,3379,2548,1931,1445,12800,1,1,1,1
22.3500,3782,1,1,41656,0,79823,0.521861,2,6,17,17,500602,27.48047,0.00238,2.37108,0.00926,1,1,2,1.225733,1.000000,1.666627,-0.004917,-0.004863,14.956156,6246,0.000325,0.076540,33249,13460,7382,4620,3238,2382,1796,1412,12283,1,1,1,1
22.4000,3782,1,1,41815,1,80228,0.521209,2,2,18,59,611498,27.51511,0.00238,2.37108,0.00926,0,1,3,2.067553,1.569295,1.569295,-0.022226,-0.022034,14.939319,6057,0.001475,0.074307,33444,13619,7408,4558,3356,2397,1798,1469,12178,1,1,1,1
23.0000,3782,1,1,42286,0,81307,0.520085,1,5,15,54,286662,27.93114,0.00238,2.37108,0.00926,1,1,2,1.377798,1.000000,3.030934,-0.230334,-0.230250,14.731051,3788,0.015630,0.047128,33566,13927,7603,4849,3292,2374,1786,1489,12420,1,1,1,1
23.9000,3782,1,1,43113,1,83074,0.518977,2,1,26,98,118158,28.55483,0.00238,2.37108,0.00926,0,1,3,1.411400,1.003058,1.003058,-0.542030,-0.541939,14.419332,383,0.037584,0.004868,34339,14207,7684,4809,3361,2479,1947,1478,12769,1,1,1,1
22.3500,3783,1,1,41624,0,80084,0.519761,1,4,27,293,567955,27.47937,0.00238,2.36161,0.01261,1,1,2,1.383207,1.000000,2.548174,-0.005644,-0.005558,14.955624,6244,0.000372,0.076498,33325,13437,7574,4764,3211,2337,1808,1461,12166,1,1,1,1
22.4000,3783,1,1,41923,1,80382,0.521554,2,4,83,116,650610,27.51400,0.00238,2.36161,0.01261,0,1,3,2.320481,1.947574,1.947574,-0.022921,-0.022699,14.938207,6056,0.001520,0.074281,33730,13497,7399,4728,3181,2439,1847,1407,12153,1,1,1,1
23.0000,3783,1,1,42605,1,81464,0.522998,1,2,621,996,95252,27.92992,0.00238,2.36161,0.01261,0,0,3,1.719645,1.283231,1.283231,-0.230831,-0.230687,14.730450,3788,0.015661,0.047118,33809,13862,7483,4905,3211,2453,1885,1419,12436,1,1,1,1
23.9000,3783,1,1,43452,0,83316,0.521539,1,8,8,164,28670,28.55363,0.00238,2.36161,0.01261,1,0,2,1.128992,1.000000,1.288735,-0.542677,-0.542645,14.418749,382,0.037635,0.004854,34562,14022,7765,4959,3374,2484,1883,1495,12771,1,1,1,1
22.3500,3784,1,1,41933,1,80489,0.520984,1,4,28,28,157838,27.48479,0.00256,2.36416,0.00908,0,0,3,2.783962,2.281551,2.281551,-0.002760,-0.002490,14.958523,6248,0.000166,0.076511,33599,13598,7456,4841,3278,2444,1785,1449,12038,1,1,1,1
22.4000,3784,1,1,41766,0,80076,0.521586,3,2,26,45,75241,27.51941,0.00256,2.36416,0.00908,1,1,3,1.412836,1.000000,1.305635,-0.019999,-0.019908,14.941326,6059,0.001332,0.074282,33113,13589,7595,4696,3306,2335,1826,1404,12211,1,1,1,1
23.0000,3784,1,1,42604,0,81937,0.519967,1,9,31,31,147888,27.93541,0.00256,2.36416,0.00908,1,0,2,1.204224,1.000000,2.293940,-0.228073,-0.228024,14.733349,3788,0.015477,0.047096,34121,13977,7478,4928,3362,2398,1906,1438,12328,1,1,1,1
23.9000,3784,1,1,43369,1,83493,0.519439,1,2,14,38,45902,28.55913,0.00256,2.36416,0.00908,0,1,3,2.403019,1.750430,1.750430,-0.539897,-0.539665,14.421423,384,0.037421,0.004878,34757,14199,7692,4838,3390,2482,1889,1508,12737,1,1,1,1
22.3500,3785,1,1,41631,1,79930,0.520850,1,1,17,17,26309,27.48561,0.00275,2.36913,0.01014,0,1,3,1.539969,1.153124,1.153124,-0.002101,-0.001987,14.959338,6246,0.000133,0.076463,33323,13267,7520,4674,3236,2393,1869,1387,12260,1,1,1,1
22.4000,3785,1,1,41823,1,80114,0.522050,1,29,29,47,393511,27.52041,0.00275,2.36913,0.01014,0,1,3,7.075975,6.441808,6.441808,-0.019732,-0.019215,14.942190,6057,0.001286,0.074234,33357,13498,7481,4669,3233,2343,1857,1467,12208,1,1,1,1
23.0000,3785,1,1,42670,0,81508,0.523513,1,10,10,140,29871,27.93630,0.00275,2.36913,0.01014,1,0,3,1.087210,1.000000,1.098773,-0.227429,-0.227407,14.733999,3789,0.015434,0.047094,33746,13866,7527,4797,3308,2455,1882,1460,12466,1,1,1,1
23.9000,3785,1,1,43300,0,83283,0.519920,1,49,49,49,211162,28.56004,0.00275,2.36913,0.01014,1,1,2,1.200898,1.000000,11.069774,-0.539618,-0.539569,14.421420,379,0.037414,0.004813,34541,14155,7736,4849,3396,2448,1961,1548,12648,1,1,1,1
22.3500,3786,1,1,41734,0,79964,0.521916,2,3,4,164,3211262,27.47922,0.00534,2.37142,0.01088,1,1,3,1.207727,1.000000,1.064211,-0.004098,-0.004048,14.956950,6247,0.000271,0.076467,33089,13609,7480,4627,3318,2449,1828,1394,12169,1,1,1,1
22.4000,3786,1,1,41475,1,79853,0.519398,1,4,5,38,532169,27.51382,0.00534,2.37142,0.01088,0,0,3,1.484009,1.064586,1.064586,-0.021404,-0.021300,14.939897,6058,0.001426,0.074238,33022,13688,7439,4667,3052,2432,1824,1415,12313,1,1,1,1
23.0000,3786,1,1,42355,1,81631,0.518866,1,19,19,87,130891,27.92978,0.00534,2.37142,0.01088,0,1,3,1.524096,1.267619,1.267619,-0.229418,-0.229306,14.732067,3787,0.015565,0.047063,33995,13763,7636,4815,3249,2514,1862,1382,12414,1,1,1,1
23.9000,3786,1,1,43188,0,83169,0.519286,1,3,45,45,918554,28.55354,0.00534,2.37142,0.01088,1,0,3,1.248655,1.000000,1.109219,-0.541276,-0.541217,14.420141,381,0.037532,0.004837,34368,14206,7632,4970,3367,2460,1900,1499,12766,1,1,1,1
22.3500,3787,1,1,41711,1,79891,0.522105,1,1,43,43,1624606,27.48738,0.00450,2.37036,0.01093,0,0,3,1.948135,1.436608,1.436608,-0.000430,-0.000254,14.960900,6253,0.000017,0.076500,32975,13594,7506,4705,3237,2341,1833,1455,12244,1,1,1,1
22.4000,3787,1,1,41947,1,80544,0.520803,9,8,9,178,182493,27.52197,0.00450,2.37036,0.01093,0,1,3,3.395836,2.940949,2.940949,-0.017824,-0.017501,14.943894,6064,0.001171,0.074272,33436,13839,7499,4675,3353,2395,1772,1475,12099,1,1,1,1
23.0000,3787,1,1,42151,1,81006,0.520351,1,11,11,46,199619,27.93801,0.00450,2.37036,0.01093,0,0,3,2.787554,2.222183,2.222183,-0.225804,-0.225533,14.735519,3791,0.015305,0.047089,33528,13638,7550,4710,3392,2383,1840,1428,12536,1,1,1,1
23.9000,3787,1,1,43639,1,83825,0.520603,1,16,16,96,270869,28.56178,0.00450,2.37036,0.01093,0,1,3,3.228742,2.502418,2.485438,-0.537706,-0.537397,14.423692,385,0.037258,0.004886,34950,14274,7682,4815,3370,2582,1934,1568,12649,1,1,1,1
22.3500,3788,1,1,41796,0,80069,0.522006,1,2,12,44,2511268,27.49249,0.00238,2.37688,0.01000,1,1,2,1.411415,1.000000,1.538073,0.001121,0.001212,14.962441,6255,-0.000081,0.076496,33249,13519,7348,4816,3264,2445,1794,1426,12207,1,1,1,1
22.4000,3788,1,1,41605,1,80147,0.519115,2,2,9,19,200351,27.52726,0.00238,2.37688,0.01000,0,1,3,2.058788,1.564607,1.564607,-0.016262,-0.016072,14.945287,6066,0.001075,0.074270,33150,13543,7608,4712,3270,2339,1838,1471,12215,1,1,1,1
23.0000,3788,1,1,42515,1,81409,0.522246,1,1,32,32,332128,27.94318,0.00238,2.37688,0.01000,0,0,3,1.480856,1.107434,1.107434,-0.224178,-0.224074,14.737061,3794,0.015205,0.047109,33686,13940,7516,4676,3279,2505,1908,1419,12479,1,1,1,1
23.9000,3788,1,1,43373,1,83540,0.519195,14,51,66,66,1018762,28.56698,0.00238,2.37688,0.01000,0,1,3,36.472912,25.909961,25.909961,-0.536497,-0.535548,14.425878,383,0.037124,0.004858,34684,14203,7743,4909,3401,2521,1858,1472,12748,1,1,1,1
22.3500,3789,1,1,41861,1,80310,0.521249,2,3,9,138,258570,27.48824,0.00256,2.37736,0.01102,0,1,3,1.225694,1.133300,1.133300,-0.000991,-0.000937,14.960470,6252,0.000063,0.076449,33360,13689,7484,4674,3330,2421,1868,1415,12068,1,1,1,1
22.4000,3789,1,1,41700,0,80226,0.519788,4,7,7,20,332305,27.52281,0.00256,2.37736,0.01102,1,0,2,1.154161,1.000000,1.295934,-0.018301,-0.018263,14.943125,6063,0.001222,0.074224,33345,13509,7604,4606,3248,2454,1778,1442,12239,1,1,1,1
23.0000,3789,1,1,42543,1,81719,0.520607,1,1,14,92,25874,27.93881,0.00256,2.37736,0.01102,0,1,3,1.561462,1.157667,1.157667,-0.226283,-0.226165,14.735154,3796,0.015349,0.047127,33838,13904,7636,4854,3355,2465,1834,1468,12364,1,1,1,1
23.9000,3789,1,1,43632,0,83543,0.522276,3,2,6,128,214199,28.56262,0.00256,2.37736,0.01102,1,1,3,1.329759,1.000000,1.238170,-0.538197,-0.538122,14.423006,380,0.037310,0.004820,34740,14145,7830,4788,3479,2440,1928,1440,12752,1,1,1,1
22.3500,3790,1,1,42441,1,80871,0.524805,5,10,31,163,58767,27.49138,0.00238,2.37609,0.01012,0,1,3,6.351795,5.003747,5.003747,0.000351,0.000839,14.961291,6256,-0.000056,0.076474,33903,13657,7598,4779,3225,2408,1844,1429,12027,1,1,1,1
22.4000,3790,1,1,41847,1,80020,0.522963,9,7,16,69,142388,27.52612,0.00238,2.37609,0.01012,0,1,3,4.402644,3.516325,3.516325,-0.016976,-0.016585,14.944839,6067,0.001110,0.074245,33174,13497,7356,4795,3244,2357,1830,1470,12296,1,1,1,1
23.0000,3790,1,1,42854,0,82268,0.520914,1,20,39,39,64839,27.94201,0.00238,2.37609,0.01012,1,0,2,1.143603,1.000000,3.370726,-0.224915,-0.224879,14.736511,3792,0.015260,0.047061,34289,14107,7665,4733,3397,2479,1849,1431,12317,1,1,1,1
23.9000,3790,1,1,43475,1,83374,0.521452,6,1,8,47,234731,28.56584,0.00238,2.37609,0.01012,0,1,3,1.403722,1.013245,1.013245,-0.536671,-0.536582,14.424185,381,0.037200,0.004831,34533,14204,7708,5023,3402,2383,1871,1456,12793,1,1,1,1
22.3500,3791,1,1,41942,0,80083,0.523738,2,29,31,135,215275,27.49307,0.00238,2.38568,0.01049,1,1,2,1.379681,1.000000,13.379763,0.001134,0.001219,14.962398,6256,-0.000081,0.076448,33197,13700,7308,4715,3168,2437,1863,1444,12250,1,1,1,1
22.4000,3791,1,1,42329,1,80628,0.524998,4,6,6,20,119893,27.52781,0.00238,2.38568,0.01049,0,1,3,2.491946,2.221740,2.221740,-0.015996,-0.015756,14.945645,6066,0.001054,0.074209,33586,13620,7510,4759,3294,2385,1830,1465,12178,1,1,1,1
23.0000,3791,1,1,42694,0,81697,0.522596,2,13,22,142,71369,27.94377,0.00238,2.38568,0.01049,1,1,2,1.301327,1.000000,4.920953,-0.224084,-0.224015,14.737326,3791,0.015200,0.047033,33971,13903,7624,4763,3309,2448,1831,1377,12470,1,1,1,1
23.9000,3791,1,1,43598,0,83626,0.521351,1,87,87,87,431655,28.56744,0.00238,2.38568,0.01049,1,1,2,1.412596,1.000000,43.870593,-0.536207,-0.536116,14.425118,380,0.037165,0.004817,34771,14312,7650,4918,3394,2416,1908,1536,12720,1,1,1,1
22.3500,3792,1,1,41601,1,79860,0.520931,7,22,76,76,926500,27.49439,0.00256,2.38467,0.01123,0,1,3,10.282327,9.165915,9.165915,0.001815,0.002430,14.962684,6263,-0.000162,0.076512,33092,13407,7407,4689,3309,2399,1862,1430,12264,1,1,1,1
22.4000,3792,1,1,41704,0,80332,0.519152,1,228,228,3452,150671,27.52894,0.00256,2.38467,0.01123,1,1,2,1.089030,1.000000,21.327647,-0.015570,-0.015547,14.945858,6074,0.001040,0.074287,33150,13803,7538,4747,3311,2308,1835,1378,12261,1,1,1,1
23.0000,3792,1,1,42461,1,81869,0.518652,28,3,28,67,110293,27.94497,0.00256,2.38467,0.01123,0,1,3,1.672365,1.424137,1.424137,-0.223225,-0.223089,14.738293,3796,0.015137,0.047080,34079,14074,7603,4780,3294,2423,1783,1431,12401,1,1,1,1
23.9000,3792,1,1,43589,1,83908,0.519492,39,11,39,76,848094,28.56866,0.00256,2.38467,0.01123,0,1,3,6.645910,5.455943,5.455943,-0.535250,-0.534751,14.425155,385,0.037071,0.004879,34843,14287,7881,4966,3274,2568,1936,1552,12600,1,1,1,1
22.3500,3793,1,1,42157,1,80387,0.524432,1,38,38,59,319768,27.49131,0.00352,2.38589,0.01012,0,1,3,11.568788,10.675856,10.675856,0.000800,0.001445,14.962860,6259,-0.000097,0.076442,33280,13787,7548,4791,3192,2383,1756,1464,12185,1,1,1,1
22.4000,3793,1,1,41623,1,79893,0.520991,3,9,12,22,974230,27.52603,0.00352,2.38589,0.01012,0,0,3,2.829510,2.536093,2.536093,-0.016370,-0.016096,14.944753,6069,0.001077,0.074211,33065,13597,7434,4617,3267,2360,1864,1445,12243,1,1,1,1
23.0000,3793,1,1,42804,0,81814,0.523193,2,3,132,132,194999,27.94196,0.00352,2.38589,0.01012,1,0,3,1.237943,1.000000,1.144569,-0.224228,-0.224172,14.737191,3801,0.015211,0.047133,34029,13691,7578,4873,3368,2519,1853,1603,12299,1,1,1,1
23.9000,3793,1,1,43463,1,83358,0.521408,1,4,16,21,165333,28.56566,0.00352,2.38589,0.01012,0,1,3,3.527493,2.632093,2.632093,-0.536189,-0.535856,14.425107,380,0.037147,0.004814,34426,14166,7851,4903,3442,2452,1882,1518,12717,1,1,1,1
22.3500,3794,1,1,41816,0,80116,0.521950,1,2,116,116,6871269,27.48886,0.00274,2.38356,0.01011,1,1,2,1.400287,1.000000,1.765579,-0.000507,-0.000419,14.960863,6263,0.000028,0.076481,33195,13660,7273,4776,3338,2361,1814,1457,12241,1,1,1,1
22.4000,3794,1,1,42062,0,80473,0.522691,1,1,209,209,2462346,27.52357,0.00274,2.38356,0.01011,1,0,3,1.159624,1.000000,1.148028,-0.017799,-0.017760,14.942193,6071,0.001189,0.074229,33460,13689,7423,4829,3196,2358,1869,1441,12207,1,1,1,1
23.0000,3794,1,1,42623,1,81864,0.520663,4,11,11,60,243982,27.93957,0.00274,2.38356,0.01011,0,0,3,1.594413,1.405863,1.405863,-0.225838,-0.225715,14.735172,3794,0.015318,0.047040,34022,13966,7623,4788,3423,2412,1814,1482,12333,1,1,1,1
23.9000,3794,1,1,43118,0,83304,0.517604,2,1,44,44,2216317,28.56330,0.00274,2.38356,0.01011,1,0,3,1.401847,1.000000,1.235422,-0.537673,-0.537584,14.423696,381,0.037271,0.004826,34466,14089,7729,4945,3460,2485,1850,1482,12797,1,1,1,1
22.3500,3795,1,1,41636,0,79898,0.521121,1,26,264,264,4696626,27.48872,0.00256,2.38150,0.01268,1,1,2,1.080752,1.000000,2.326460,-0.000831,-0.000810,14.959947,6263,0.000054,0.076466,32955,13645,7447,4692,3276,2319,1816,1443,12304,1,1,1,1
22.4000,3795,1,1,42096,0,80648,0.521978,26,4,62,68,60472,27.52342,0.00256,2.38150,0.01268,1,1,2,1.313535,1.000000,1.657641,-0.018137,-0.018065,14.943048,6072,0.001209,0.074217,33552,13684,7618,4810,3285,2302,1801,1446,12149,1,1,1,1
23.0000,3795,1,1,42760,0,81896,0.522132,3,1,6,11,556923,27.93931,0.00256,2.38150,0.01268,1,0,3,1.402155,1.000000,1.095942,-0.226015,-0.225925,14.735354,3796,0.015332,0.047052,33978,14005,7733,4815,3290,2491,1821,1433,12329,1,1,1,1
23.9000,3795,1,1,43596,0,83601,0.521483,1,86,88,212,157784,28.56305,0.00256,2.38150,0.01268,1,1,2,1.012575,1.000000,1.114794,-0.537900,-0.537897,14.423529,380,0.037293,0.004812,34548,14285,7718,4898,3448,2477,1984,1502,12740,1,1,1,1
22.3500,3796,1,1,41602,0,79812,0.521256,3,2,48,48,168994,27.48634,0.00274,2.38346,0.01165,1,0,3,1.327957,1.000000,1.071422,-0.001762,-0.001687,14.959642,6264,0.000113,0.076459,32997,13446,7561,4540,3356,2362,1829,1482,12238,1,1,1,1
22.4000,3796,1,1,42177,1,80732,0.522439,1,1,11,135,174234,27.52103,0.00274,2.38346,0.01165,0,0,3,1.405608,1.002293,1.002293,-0.019103,-0.019013,14.942197,6074,0.001272,0.074227,33415,13824,7648,4708,3325,2467,1817,1455,12072,1,1,1,1
23.0000,3796,1,1,42534,0,81673,0.520790,1,3,8,29,132585,27.93699,0.00274,2.38346,0.01165,1,1,2,1.298605,1.000000,1.630852,-0.227147,-0.227078,14.734020,3796,0.015412,0.047044,33858,13796,7590,4869,3265,2451,1856,1490,12497,1,1,1,1
23.9000,3796,1,1,43623,1,83666,0.521401,1,70,70,516,165833,28.56075,0.00274,2.38346,0.01165,0,1,3,40.975279,33.381846,33.381846,-0.539425,-0.538447,14.422982,380,0.037333,0.004811,34711,14236,7735,4913,3433,2521,1891,1482,12743,1,1,1,1
22.3500,3797,1,1,42053,1,80296,0.523731,2,5,13,62,59873,27.48921,0.00292,2.38280,0.01065,0,0,3,2.536951,2.164327,2.164327,-0.000262,-0.000016,14.960935,6262,0.000001,0.076408,33252,13688,7403,4756,3275,2358,1857,1413,12293,1,1,1,1
22.4000,3797,1,1,42175,1,80481,0.524043,7,7,16,482,45263,27.52390,0.00292,2.38280,0.01065,0,1,3,2.384808,2.242196,2.242196,-0.017608,-0.017379,14.943282,6073,0.001163,0.074189,33304,13862,7539,4634,3312,2332,1783,1385,12329,1,1,1,1
23.0000,3797,1,1,42896,0,82106,0.522453,4,37,37,37,56454,27.93993,0.00292,2.38280,0.01065,1,1,2,1.130407,1.000000,5.186007,-0.225738,-0.225706,14.735174,3793,0.015318,0.046991,34304,13872,7671,4811,3321,2417,1794,1445,12470,1,1,1,1
23.9000,3797,1,1,43564,0,83907,0.519200,1,16,16,25,130569,28.56371,0.00292,2.38280,0.01065,1,1,2,1.066153,1.000000,1.147713,-0.537429,-0.537412,14.423295,377,0.037260,0.004772,35152,14063,7687,4943,3422,2456,1909,1556,12718,1,1,1,1
22.3500,3798,1,1,42102,0,80626,0.522195,49,1,350,4651,238609,27.49352,0.00201,2.38055,0.01478,1,1,3,1.098398,1.000000,1.003993,0.001427,0.001452,14.962881,6273,-0.000097,0.076512,33668,13655,7515,4792,3230,2401,1832,1403,12129,1,1,1,1
22.4000,3798,1,1,42000,0,80506,0.521707,2,42,1829,1829,50705,27.52820,0.00201,2.38055,0.01478,1,0,2,1.040450,1.000000,1.787684,-0.015996,-0.015986,14.945434,6083,0.001070,0.074281,33373,13689,7501,4714,3360,2366,1808,1450,12244,1,1,1,1
23.0000,3798,1,1,42800,0,81875,0.522754,3,5,5,43,2505952,27.94412,0.00201,2.38055,0.01478,1,0,2,1.190271,1.000000,1.229456,-0.223911,-0.223866,14.737512,3804,0.015190,0.047107,34150,13928,7519,4888,3392,2286,1838,1452,12421,1,1,1,1
23.9000,3798,1,1,43643,1,83974,0.519727,1,42,42,42,311088,28.56792,0.00201,2.38055,0.01478,0,0,3,5.601398,5.026932,5.026932,-0.535995,-0.535541,14.425306,386,0.037125,0.004884,34955,14372,7687,4944,3447,2527,1924,1507,12610,1,1,1,1
22.3500,3799,1,1,42089,1,80484,0.522955,1,1,22,22,94341,27.49435,0.00201,2.38086,0.01073,0,0,3,1.466737,1.037163,1.037163,0.001890,0.001991,14.963237,6275,-0.000133,0.076515,33393,13696,7410,4709,3318,2414,1820,1476,12247,1,1,1,1
22.4000,3799,1,1,42204,0,80621,0.523493,1,16,16,116,67979,27.52901,0.00201,2.38086,0.01073,1,1,2,1.080015,1.000000,1.524952,-0.015489,-0.015469,14.945287,6083,0.001035,0.074263,33439,13774,7426,4813,3253,2447,1873,1432,12163,1,1,1,1
23.0000,3799,1,1,42710,0,82200,0.519593,1,42,42,42,116655,27.94501,0.00201,2.38086,0.01073,1,1,2,1.024188,1.000000,1.066842,-0.223447,-0.223440,14.737983,3803,0.015161,0.047081,34519,13899,7465,4735,3418,2422,1842,1443,12456,1,1,1,1
23.9000,3799,1,1,43842,0,84011,0.521866,1,2,27,27,24256,28.56882,0.00201,2.38086,0.01073,1,0,3,1.334310,1.000000,1.294542,-0.535375,-0.535299,14.426027,386,0.037107,0.004882,34820,14362,7794,4983,3421,2472,1917,1529,12712,1,1,1,1
22.3500,3800,1,1,41947,1,80410,0.521670,1,4,25,237,103983,27.48920,0.00219,2.37817,0.01265,0,1,3,2.146141,1.531289,1.480273,-0.000755,-0.000554,14.960727,6276,0.000037,0.076519,33334,13762,7485,4720,3249,2384,1856,1439,12180,1,1,1,1
22.4000,3800,1,1,41647,1,79993,0.520640,1,4,30,126,157352,27.52386,0.00219,2.37817,0.01265,0,0,3,1.872405,1.356905,1.356905,-0.018072,-0.017907,14.943274,6086,0.001198,0.074290,32829,13646,7451,4791,3286,2444,1795,1426,12324,1,1,1,1
23.0000,3800,1,1,42747,1,81766,0.522803,1,14,14,530,2798501,27.93974,0.00219,2.37817,0.01265,0,1,3,10.082712,7.504402,7.504402,-0.226247,-0.225639,14.735015,3806,0.015313,0.047115,33874,14011,7510,4831,3353,2383,1863,1499,12441,1,1,1,1
23.9000,3800,1,1,43949,1,83995,0.523240,1,3,53,110,119781,28.56358,0.00219,2.37817,0.01265,0,1,3,2.852707,2.187055,2.187055,-0.538000,-0.537724,14.423669,386,0.037281,0.004882,34870,14315,7808,4942,3375,2543,1887,1436,12818,1,1,1,1
22.3500,3801,1,1,41771,1,80117,0.521381,1,27,631,631,8335480,27.48901,0.00385,2.37908,0.01060,0,1,3,2.535398,1.935214,1.864932,0.000013,0.000257,14.961368,6274,-0.000017,0.076472,33036,13768,7354,4699,3175,2461,1795,1512,12316,1,1,1,1
22.4000,3801,1,1,42079,1,80546,0.522428,1,15,39,39,571244,27.52366,0.00385,2.37908,0.01060,0,1,3,2.361373,1.770011,1.717501,-0.017300,-0.017073,14.944060,6084,0.001142,0.074242,33556,13712,7408,4670,3301,2377,1804,1450,12267,1,1,1,1
23.0000,3801,1,1,42723,1,81793,0.522337,1,101,101,101,98838,27.93962,0.00385,2.37908,0.01060,0,1,3,3.725454,3.033885,2.962484,-0.225355,-0.225009,14.736357,3803,0.015269,0.047061,33779,13947,7725,4846,3302,2400,1875,1537,12381,1,1,1,1
23.9000,3801,1,1,43632,0,83963,0.519664,1,7,26,67,40135,28.56328,0.00385,2.37908,0.01060,1,1,3,1.125479,1.000000,1.028836,-0.537051,-0.537020,14.423852,383,0.037231,0.004842,34752,14364,7983,4988,3336,2478,1889,1447,12725,1,1,1,1
22.3500,3802,1,1,41998,0,80570,0.521267,1,4,12,70,1590478,27.49884,0.00237,2.38415,0.00958,1,0,2,1.340772,1.000000,1.890748,0.004249,0.004326,14.965650,6277,-0.000289,0.076466,33380,13684,7586,4794,3267,2366,1803,1486,12203,1,1,1,1
22.4000,3802,1,1,41931,1,80663,0.519836,1,7,48,58,191515,27.53348,0.00237,2.38415,0.00958,0,1,3,3.482326,2.928594,2.928594,-0.013130,-0.012802,14.948095,6086,0.000856,0.074227,33677,13583,7472,4699,3304,2425,1814,1420,12268,1,1,1,1
23.0000,3802,1,1,42525,1,82038,0.518364,5,83,83,591,120980,27.94951,0.00237,2.38415,0.00958,0,1,3,1.960764,1.388331,1.045963,-0.221011,-0.220834,14.740427,3804,0.014982,0.047048,33919,14041,7755,4844,3402,2463,1841,1441,12331,1,1,1,1
23.9000,3802,1,1,43723,1,83752,0.522059,1,16,59,59,22219,28.57320,0.00237,2.38415,0.00958,0,1,3,1.608456,1.165514,1.108986,-0.532852,-0.532727,14.428454,384,0.036922,0.004852,34810,14037,7905,4911,3433,2508,1873,1464,12810,1,1,1,1
22.3500,3803,1,1,42170,0,80439,0.524255,2,8,10,23,37732,27.49866,0.00200,2.38745,0.01236,1,1,2,1.391450,1.000000,4.310885,0.003747,0.003833,14.965125,6282,-0.000256,0.076510,33413,13709,7471,4596,3336,2316,1845,1488,12264,1,1,1,1
22.4000,3803,1,1,41846,0,80353,0.520784,2,2,24,25,191237,27.53329,0.00200,2.38745,0.01236,1,0,3,1.272592,1.000000,1.006024,-0.013378,-0.013314,14.948037,6089,0.000891,0.074244,33329,13620,7376,4742,3308,2335,1841,1512,12289,1,1,1,1
23.0000,3803,1,1,42643,1,81829,0.521130,8,9,9,13,154302,27.94921,0.00200,2.38745,0.01236,0,1,3,5.171128,4.263809,4.263809,-0.221530,-0.221098,14.740302,3807,0.015000,0.047073,33982,14072,7543,4751,3295,2450,1867,1479,12389,1,1,1,1
23.9000,3803,1,1,43606,0,83815,0.520271,3,2,20,20,1114027,28.57292,0.00200,2.38745,0.01236,1,1,2,1.404824,1.000000,1.460490,-0.533241,-0.533152,14.428125,390,0.036952,0.004927,34785,14361,7643,4977,3386,2523,1852,1477,12810,1,1,1,1
22.3500,3804,1,1,42144,0,80200,0.525493,1,17,51,1194,1402935,27.49748,0.00219,2.37979,0.01014,1,1,2,1.215692,1.000000,4.189053,0.003315,0.003367,14.964377,6281,-0.000225,0.076481,33355,13445,7370,4764,3295,2379,1795,1432,12364,1,1,1,1
22.4000,3804,1,1,41884,0,80356,0.521237,14,21,21,23,52752,27.53210,0.00219,2.37979,0.01014,1,1,2,1.112715,1.000000,2.583963,-0.013931,-0.013903,14.946941,6091,0.000930,0.074254,33043,13720,7656,4727,3288,2378,1843,1411,12289,1,1,1,1
23.0000,3804,1,1,42789,1,81667,0.523951,1,6,18,439,90811,27.94810,0.00219,2.37979,0.01014,0,1,3,4.421410,3.374416,3.374416,-0.221965,-0.221575,14.739853,3809,0.015032,0.047087,33835,13863,7597,4827,3222,2403,1928,1419,12572,1,1,1,1
23.9000,3804,1,1,43720,0,83993,0.520526,1,79,79,83,244732,28.57182,0.00219,2.37979,0.01014,1,1,2,1.128060,1.000000,10.922838,-0.533982,-0.533950,14.427446,385,0.037009,0.004862,34689,14399,7879,4998,3427,2475,1871,1577,12677,1,1,1,1
22.3500,3805,1,1,41954,0,80475,0.521336,1,95,95,682,500058,27.49428,0.00237,2.38201,0.00994,1,1,2,1.109823,1.000000,11.216359,0.001739,0.001767,14.962605,6279,-0.000118,0.076446,33392,13614,7569,4691,3309,2383,1829,1417,12270,1,1,1,1
22.4000,3805,1,1,42225,1,80990,0.521367,43,16,43,43,23327411,27.52907,0.00237,2.38201,0.00994,0,1,3,6.071609,5.272991,5.272991,-0.015559,-0.015085,14.946311,6088,0.001009,0.074201,33616,14030,7432,4690,3251,2453,1834,1425,12258,1,1,1,1
23.0000,3805,1,1,42543,1,81863,0.519692,6,2,40,40,382602,27.94496,0.00237,2.38201,0.00994,0,1,3,1.421692,1.222205,1.222205,-0.223299,-0.223207,14.738179,3805,0.015145,0.047031,34012,13824,7574,4923,3431,2374,1807,1436,12481,1,1,1,1
23.9000,3805,1,1,43499,1,83618,0.520217,11,3,48,48,69912,28.56870,0.00237,2.38201,0.00994,0,0,3,1.218838,1.138522,1.138522,-0.535168,-0.535116,14.425609,383,0.037095,0.004837,34695,13993,7778,5035,3402,2499,1899,1507,12809,1,1,1,1
22.3500,3806,1,1,42302,0,81063,0.521847,1,3,12,39,196093,27.48887,0.00352,2.38060,0.01115,1,0,2,1.358850,1.000000,1.729638,-0.000257,-0.000176,14.961139,6282,0.000012,0.076470,33732,13936,7536,4804,3249,2436,1791,1499,12079,1,1,1,1
22.4000,3806,1,1,42147,1,80841,0.521363,1,5,5,55,709518,27.52347,0.00352,2.38060,0.01115,0,1,3,2.913969,2.309423,2.309423,-0.017597,-0.017316,14.944040,6092,0.001159,0.074242,33606,13574,7600,4743,3366,2433,1897,1464,12157,1,1,1,1
23.0000,3806,1,1,42661,1,81765,0.521758,2,5,7,34,33691,27.93943,0.00352,2.38060,0.01115,0,1,3,2.701196,2.223813,2.223813,-0.225571,-0.225310,14.736061,3808,0.015290,0.047062,33774,13849,7605,4844,3458,2372,1816,1515,12531,1,1,1,1
23.9000,3806,1,1,43746,0,84017,0.520687,1,1,9,90,5484783,28.56319,0.00352,2.38060,0.01115,1,0,3,1.397798,1.000000,1.330767,-0.537385,-0.537297,14.423989,384,0.037250,0.004848,34992,14147,7854,4938,3390,2546,1906,1530,12713,1,1,1,1
22.3500,3807,1,1,41966,0,80388,0.522050,3,36,36,36,64684,27.48478,0.00506,2.37853,0.01049,1,0,2,1.050342,1.000000,1.920288,-0.001488,-0.001475,14.959942,6282,0.000099,0.076456,33595,13399,7488,4709,3226,2392,1823,1431,12324,1,1,1,1
22.4000,3807,1,1,41949,1,80576,0.520621,103,3,103,103,169708,27.51937,0.00506,2.37853,0.01049,0,1,3,1.477401,1.426720,1.426720,-0.018739,-0.018637,14.941451,6093,0.001247,0.074247,33380,13683,7487,4785,3266,2400,1811,1468,12295,1,1,1,1
23.0000,3807,1,1,42746,0,81925,0.521776,1,3,118,118,41768,27.93541,0.00506,2.37853,0.01049,1,1,2,1.308042,1.000000,1.372538,-0.226754,-0.226684,14.734425,3807,0.015385,0.047043,33963,13752,7613,4818,3431,2449,1884,1568,12446,1,1,1,1
23.9000,3807,1,1,43835,1,84041,0.521597,1,586,586,586,421467,28.55918,0.00506,2.37853,0.01049,0,1,3,262.469875,234.548783,234.548783,-0.539322,-0.537859,14.421955,383,0.037294,0.004835,34697,14450,7786,4999,3403,2566,1908,1455,12776,1,1,1,1
22.3500,3808,1,1,42154,0,80624,0.522853,3,60,60,60,79356,27.48427,0.00423,2.37910,0.00860,1,1,2,1.085960,1.000000,5.439498,-0.002227,-0.002205,14.958571,6290,0.000147,0.076540,33543,13619,7399,4813,3368,2347,1815,1505,12214,1,1,1,1
22.4000,3808,1,1,41728,0,80353,0.519315,1,6,20,20,62586,27.51904,0.00423,2.37910,0.00860,1,0,2,1.267024,1.000000,2.131808,-0.019487,-0.019424,14.941930,6101,0.001300,0.074323,33267,13618,7493,4820,3252,2405,1804,1471,12222,1,1,1,1
23.0000,3808,1,1,42824,0,81909,0.522830,1,1,23,77,3151336,27.93496,0.00423,2.37910,0.00860,1,1,3,1.403211,1.000000,1.109289,-0.227358,-0.227269,14.733944,3815,0.015425,0.047131,33813,14015,7729,4765,3335,2450,1802,1473,12526,1,1,1,1
23.9000,3808,1,1,43493,1,83807,0.518972,1,7,65,65,779051,28.55876,0.00423,2.37910,0.00860,0,1,3,2.220646,1.582574,1.418153,-0.539292,-0.539082,14.422131,388,0.037379,0.004897,34699,14225,7766,4898,3490,2542,1896,1490,12800,1,1,1,1
22.3500,3809,1,1,42020,0,80440,0.522383,1,4,6,649,69696,27.48635,0.00255,2.37148,0.01044,1,1,3,1.208708,1.000000,1.247796,-0.001944,-0.001894,14.959479,6287,0.000127,0.076479,33297,13585,7491,4736,3317,2369,1857,1435,12352,1,1,1,1
22.4000,3809,1,1,41981,1,80650,0.520540,1,9,44,175,133164,27.52093,0.00255,2.37148,0.01044,0,1,3,4.184626,3.594890,3.594890,-0.019380,-0.019004,14.941864,6098,0.001272,0.074267,33474,13658,7639,4751,3176,2396,1788,1477,12290,1,1,1,1
23.0000,3809,1,1,42536,0,81952,0.519042,1,2,37,143,905603,27.93692,0.00255,2.37148,0.01044,1,0,2,1.374465,1.000000,1.528132,-0.227266,-0.227183,14.734123,3812,0.015419,0.047081,34123,13755,7567,4844,3400,2424,1867,1492,12479,1,1,1,1
23.9000,3809,1,1,43451,1,83837,0.518286,1,9,12,147,29546,28.56074,0.00255,2.37148,0.01044,0,1,3,4.321624,3.655104,3.655104,-0.539288,-0.538903,14.422004,383,0.037367,0.004833,34663,14233,7765,4962,3458,2458,1918,1526,12853,1,1,1,1
22.3500,3810,1,1,42175,1,80532,0.523711,1,19,58,58,412791,27.49021,0.00255,2.38252,0.00863,0,1,3,7.593786,6.794165,6.794165,-0.000181,0.000352,14.961764,6291,-0.000023,0.076496,33424,13754,7355,4700,3288,2373,1885,1439,12313,1,1,1,1
22.4000,3810,1,1,42261,1,80833,0.522825,2,6,7,75,35656,27.52496,0.00255,2.38252,0.00863,0,1,3,4.814466,3.597958,3.597958,-0.017471,-0.017058,14.943681,6098,0.001142,0.074239,33702,13656,7512,4765,3363,2308,1856,1440,12230,1,1,1,1
23.0000,3810,1,1,42578,0,81957,0.519523,1,19,19,38,167817,27.94085,0.00255,2.38252,0.00863,1,1,2,1.302244,1.000000,7.097333,-0.225505,-0.225435,14.735906,3812,0.015298,0.047063,34005,14069,7516,4702,3258,2491,1854,1420,12641,1,1,1,1
23.9000,3810,1,1,43884,0,84247,0.520903,1,8326,8326,8326,382216,28.56468,0.00255,2.38252,0.00863,1,1,2,1.000329,1.000000,2.744954,-0.537296,-0.537296,14.424134,383,0.037250,0.004831,35014,14270,7814,4988,3458,2506,1966,1533,12697,1,1,1,1
22.3500,3811,1,1,42217,1,80653,0.523446,41,266,266,266,4404310,27.48881,0.00236,2.37801,0.01227,0,0,3,5.198911,5.174777,5.174777,-0.000872,-0.000439,14.959582,6291,0.000029,0.076487,33281,13806,7635,4817,3308,2386,1796,1412,12211,1,1,1,1
22.4000,3811,1,1,41978,0,80744,0.519896,6,2,34,39,296927,27.52355,0.00236,2.37801,0.01227,1,1,3,1.387643,1.000000,1.333368,-0.018061,-0.017975,14.943321,6100,0.001203,0.074245,33514,13590,7791,4698,3310,2384,1826,1445,12185,1,1,1,1
23.0000,3811,1,1,42688,0,81871,0.521412,6,10,10,149,26976,27.93952,0.00236,2.37801,0.01227,1,1,3,1.094746,1.000000,1.080672,-0.226012,-0.225988,14.734813,3815,0.015337,0.047091,33783,14028,7516,4827,3355,2431,1876,1463,12591,1,1,1,1
23.9000,3811,1,1,43887,1,84075,0.522004,24,6,24,114,211482,28.56318,0.00236,2.37801,0.01227,0,0,3,1.158671,1.118463,1.118463,-0.537854,-0.537816,14.422738,384,0.037289,0.004843,34688,14355,7960,4909,3435,2601,1966,1464,12696,1,1,1,1
22.3500,3812,1,1,42016,0,80842,0.519736,1,2,26,29,558113,27.49139,0.00332,2.38885,0.01097,1,1,3,1.311118,1.000000,1.053601,0.000986,0.001058,14.962170,6292,-0.000071,0.076466,33485,13895,7489,4894,3236,2305,1800,1462,12275,1,1,1,1
22.4000,3812,1,1,41936,0,80558,0.520575,2,5,59,314,1077968,27.52594,0.00332,2.38885,0.01097,1,1,2,1.343868,1.000000,2.168552,-0.016384,-0.016306,14.944838,6102,0.001091,0.074243,33477,13608,7492,4763,3260,2407,1782,1431,12337,1,1,1,1
23.0000,3812,1,1,42821,1,82341,0.520051,1,10,16,1404,351771,27.94198,0.00332,2.38885,0.01097,0,1,3,2.497790,1.822134,1.712539,-0.224368,-0.224127,14.737180,3815,0.015208,0.047071,34224,13997,7613,4890,3400,2404,1824,1479,12509,1,1,1,1
23.9000,3812,1,1,44232,0,84517,0.523357,5,14,14,17,114742,28.56566,0.00332,2.38885,0.01097,1,0,2,1.170492,1.000000,2.734991,-0.536274,-0.536232,14.425152,384,0.037173,0.004840,35276,14499,7774,4934,3292,2536,1963,1490,12752,1,1,1,1
22.3500,3813,1,1,42053,1,80913,0.519737,1,5,5,83,506020,27.49227,0.00273,2.38782,0.01273,0,1,3,3.725701,2.952423,2.952423,0.001060,0.001405,14.962309,6292,-0.000094,0.076445,33622,13802,7592,4785,3206,2454,1878,1422,12151,1,1,1,1
22.4000,3813,1,1,42151,1,80766,0.521897,1,5,44,217,136644,27.52700,0.00273,2.38782,0.01273,0,0,3,2.936998,2.277305,2.277305,-0.016268,-0.015986,14.945106,6100,0.001070,0.074198,33614,13511,7663,4704,3298,2416,1823,1438,12298,1,1,1,1
23.0000,3813,1,1,42713,1,81879,0.521666,1,93,93,93,59199,27.94292,0.00273,2.38782,0.01273,0,1,3,2.036411,1.629134,1.629134,-0.224181,-0.223995,14.737365,3813,0.015199,0.047033,33987,13867,7742,4773,3300,2420,1863,1431,12495,1,1,1,1
23.9000,3813,1,1,43856,0,84034,0.521890,7,4,22,77,218148,28.56663,0.00273,2.38782,0.01273,1,1,2,1.345637,1.000000,1.814733,-0.536052,-0.535974,14.425348,380,0.037155,0.004789,34677,14295,7945,5014,3459,2442,1911,1511,12779,1,1,1,1
22.3500,3814,1,1,42188,0,80852,0.521799,3,3,23,339,55186,27.49175,0.00236,2.38555,0.01041,1,0,3,1.303694,1.000000,1.180828,0.000798,0.000867,14.962208,6297,-0.000058,0.076486,33662,13704,7404,4873,3242,2354,1854,1436,12322,1,1,1,1
22.4000,3814,1,1,42158,0,80763,0.522003,2,10,20,405,127466,27.52646,0.00236,2.38555,0.01041,1,0,2,1.195721,1.000000,2.263695,-0.016645,-0.016598,14.944779,6105,0.001111,0.074241,33698,13593,7520,4810,3221,2368,1778,1402,12372,1,1,1,1
23.0000,3814,1,1,42873,1,82361,0.520556,3,7,13,411,102438,27.94246,0.00236,2.38555,0.01041,0,1,3,2.841888,2.521665,2.521665,-0.224657,-0.224383,14.736425,3817,0.015226,0.047073,34380,14083,7523,4815,3364,2407,1889,1516,12383,1,1,1,1
23.9000,3814,1,1,43729,1,84060,0.520218,1,29,46,46,713365,28.56618,0.00236,2.38555,0.01041,0,1,3,12.678409,11.339975,11.339975,-0.536717,-0.536051,14.424535,386,0.037162,0.004863,34925,14237,7781,4925,3413,2551,1897,1508,12822,1,1,1,1
22.3500,3815,1,1,42242,0,80551,0.524420,2,8,59,1375,90150,27.48468,0.00667,2.37937,0.01014,1,0,2,1.224385,1.000000,2.223034,-0.000785,-0.000732,14.960636,6295,0.000049,0.076450,33263,13770,7638,4765,3156,2353,1820,1491,12294,1,1,1,1
22.4000,3815,1,1,42472,0,81125,0.523544,1,2,5,35,241283,27.51938,0.00667,2.37937,0.01014,1,0,3,1.293806,1.000000,1.085225,-0.018041,-0.017974,14.943371,6104,0.001203,0.074216,33869,13723,7461,4798,3376,2449,1832,1452,12164,1,1,1,1
23.0000,3815,1,1,42853,1,82172,0.521510,27,13,126,126,225462,27.93527,0.00667,2.37937,0.01014,0,1,3,6.688038,5.747254,5.747254,-0.226206,-0.225708,14.735721,3815,0.015317,0.047039,34015,14170,7560,4795,3335,2420,1936,1404,12536,1,1,1,1
23.9000,3815,1,1,43883,1,84282,0.520675,1,26,26,57,149209,28.55901,0.00667,2.37937,0.01014,0,1,3,2.306693,1.764062,1.719590,-0.537915,-0.537696,14.423644,382,0.037279,0.004812,34942,14350,7836,4987,3394,2594,1873,1519,12786,1,1,1,1
22.3500,3816,1,1,42028,0,80659,0.521064,1,23,23,23,313866,27.48507,0.00254,2.37461,0.01066,1,1,2,1.311699,1.000000,8.839532,-0.002769,-0.002698,14.958416,6299,0.000180,0.076490,33413,13730,7444,4746,3380,2393,1784,1480,12288,1,1,1,1
22.4000,3816,1,1,42295,1,81213,0.520797,19,21,591,591,54757,27.51977,0.00254,2.37461,0.01066,0,1,3,8.974636,8.055628,8.055628,-0.020103,-0.019528,14.941895,6112,0.001307,0.074301,34120,13581,7459,4817,3242,2372,1834,1477,12310,1,1,1,1
23.0000,3816,1,1,42842,0,82238,0.520958,1,15,16,28,231319,27.93573,0.00254,2.37461,0.01066,1,0,2,1.115976,1.000000,2.069160,-0.227903,-0.227874,14.733525,3820,0.015466,0.047095,34174,13820,7676,4883,3409,2523,1818,1498,12436,1,1,1,1
23.9000,3816,1,1,44096,0,84396,0.522495,6,1574,1574,1574,152665,28.55949,0.00254,2.37461,0.01066,1,0,2,1.020160,1.000000,32.066729,-0.540145,-0.540140,14.421286,384,0.037454,0.004837,35152,14252,7856,5056,3382,2523,1889,1529,12756,1,1,1,1
22.3500,3817,1,1,42085,1,80676,0.521661,2,4,15,33,400636,27.48512,0.00272,2.38066,0.01248,0,0,3,1.600246,1.302977,1.302977,-0.002337,-0.002214,14.958813,6298,0.000148,0.076456,33429,13588,7487,4845,3347,2440,1850,1439,12250,1,1,1,1
22.4000,3817,1,1,42160,0,80891,0.521202,1,4,245,245,184279,27.51981,0.00272,2.38066,0.01248,1,1,3,1.200593,1.000000,1.024300,-0.019645,-0.019597,14.941397,6106,0.001312,0.074211,33463,13996,7483,4754,3273,2387,1852,1413,12269,1,1,1,1
23.0000,3817,1,1,42937,1,82142,0.522723,1,7,13,57,325430,27.93584,0.00272,2.38066,0.01248,0,1,3,3.688853,3.074951,3.074951,-0.227809,-0.227467,14.733468,3815,0.015439,0.047021,33783,14087,7754,4819,3386,2440,1956,1478,12438,1,1,1,1
23.9000,3817,1,1,43597,1,83931,0.519445,10,3,67,81,6314789,28.55962,0.00272,2.38066,0.01248,0,0,3,1.205832,1.120809,1.120809,-0.539563,-0.539514,14.421232,380,0.037411,0.004785,34584,14258,8023,4888,3487,2472,1844,1506,12868,1,1,1,1
22.3500,3818,1,1,42118,0,80645,0.522271,12,68,68,126,105992,27.48170,0.00492,2.37331,0.01594,1,0,2,1.020627,1.000000,1.431001,-0.003080,-0.003075,14.958350,6299,0.000206,0.076450,33520,13711,7445,4758,3206,2306,1851,1472,12375,1,1,1,1
22.4000,3818,1,1,42244,0,81002,0.521524,3,6,7,25,62417,27.51637,0.00492,2.37331,0.01594,1,1,2,1.264354,1.000000,2.082473,-0.020467,-0.020406,14.940661,6107,0.001366,0.074207,33533,13884,7636,4860,3190,2457,1838,1490,12113,1,1,1,1
23.0000,3818,1,1,42813,1,82244,0.520567,1,21,93,124,532600,27.93230,0.00492,2.37331,0.01594,0,1,3,8.439549,7.357684,7.357684,-0.228595,-0.228036,14.732816,3819,0.015478,0.047060,34157,13905,7651,4777,3452,2439,1922,1458,12482,1,1,1,1
23.9000,3818,1,1,43843,1,84292,0.520139,3,26,26,112,161675,28.55610,0.00492,2.37331,0.01594,0,1,3,1.659199,1.202591,1.113564,-0.540237,-0.540104,14.421198,383,0.037452,0.004822,34884,14415,7875,4953,3428,2482,1868,1554,12832,1,1,1,1
22.3500,3819,1,1,42184,0,80676,0.522888,1,29,29,579,180392,27.48601,0.00200,2.38116,0.01134,1,1,2,1.123255,1.000000,3.985101,-0.002459,-0.002429,14.958442,6306,0.000162,0.076514,33479,13572,7643,4738,3275,2408,1901,1329,12330,1,1,1,1
22.4000,3819,1,1,42125,1,80521,0.523162,1,30,30,402,301051,27.52068,0.00200,2.38116,0.01134,0,1,3,9.307885,8.430919,8.430919,-0.019890,-0.019306,14.942102,6115,0.001292,0.074278,33368,13652,7379,4759,3337,2394,1825,1433,12373,1,1,1,1
23.0000,3819,1,1,43065,1,82313,0.523192,1,2,58,72,62265,27.93667,0.00200,2.38116,0.01134,0,0,3,1.989436,1.424805,1.424805,-0.227654,-0.227474,14.733729,3824,0.015439,0.047107,34214,13887,7995,4851,3232,2364,1813,1510,12446,1,1,1,1
23.9000,3819,1,1,43824,0,83894,0.522380,7,7,27,157,18884,28.56049,0.00200,2.38116,0.01134,1,0,2,1.161398,1.000000,1.254354,-0.539546,-0.539507,14.421880,387,0.037409,0.004870,34821,14099,7723,5160,3365,2507,1931,1465,12822,1,1,1,1
22.3500,3820,1,1,42450,0,81217,0.522680,1,21,21,48,167523,27.48028,0.00363,2.37382,0.01241,1,1,2,1.357436,1.000000,9.513120,-0.004738,-0.004658,14.956658,6307,0.000311,0.076516,33784,13977,7523,4885,3180,2422,1785,1486,12174,1,1,1,1
22.4000,3820,1,1,42254,0,81265,0.519960,2,30658,30658,30658,1176311,27.51494,0.00363,2.37382,0.01241,1,1,2,1.000376,1.000000,11.530970,-0.022092,-0.022092,14.937274,6116,0.001479,0.074295,33703,13927,7602,4835,3332,2452,1844,1380,12189,1,1,1,1
23.0000,3820,1,1,42685,1,81927,0.521019,2,4,5,91,2326720,27.93083,0.00363,2.37382,0.01241,0,0,3,2.024473,1.655834,1.655834,-0.229781,-0.229597,14.731425,3826,0.015586,0.047126,33768,13870,7675,4771,3396,2492,1890,1490,12574,1,1,1,1
23.9000,3820,1,1,43968,0,84407,0.520911,1,2,4,298,91963,28.55466,0.00363,2.37382,0.01241,1,1,2,1.380666,1.000000,1.538292,-0.541688,-0.541604,14.419580,386,0.037560,0.004857,35045,14520,7937,4893,3314,2449,1916,1529,12803,1,1,1,1
22.3500,3821,1,1,41952,0,80669,0.520058,3,2,6,211,391141,27.48369,0.00405,2.36874,0.01064,1,1,3,1.394135,1.000000,1.312094,-0.002496,-0.002409,14.958882,6305,0.000161,0.076460,33425,13757,7496,4651,3227,2500,1829,1432,12351,1,1,1,1
22.4000,3821,1,1,42275,1,81162,0.520878,1,3,50,112,159761,27.51834,0.00405,2.36874,0.01064,0,1,3,2.356977,1.921286,1.921286,-0.019875,-0.019651,14.941755,6114,0.001315,0.074229,33645,13922,7457,4834,3323,2490,1884,1451,12155,1,1,1,1
23.0000,3821,1,1,42822,0,82253,0.520620,3,5,8,29,50065,27.93430,0.00405,2.36874,0.01064,1,0,2,1.229164,1.000000,1.583176,-0.227830,-0.227776,14.733592,3821,0.015460,0.047045,34127,14007,7456,4856,3387,2480,1798,1531,12610,1,1,1,1
23.9000,3821,1,1,44022,0,84531,0.520786,2,8,8,80,55509,28.55797,0.00405,2.36874,0.01064,1,1,2,1.190080,1.000000,1.891627,-0.539688,-0.539642,14.421339,384,0.037420,0.004830,35344,14135,7852,5050,3396,2487,1979,1493,12794,1,1,1,1
22.3500,3822,1,1,42376,0,81383,0.520705,1,7,8,149,54177,27.48296,0.00218,2.37397,0.01004,1,0,2,1.256502,1.000000,2.436313,-0.003821,-0.003761,14.957597,6315,0.000251,0.076568,33898,13871,7603,4840,3343,2426,1874,1395,12132,1,1,1,1
22.4000,3822,1,1,41981,1,80902,0.518918,6,6,15,190,289092,27.51760,0.00218,2.37397,0.01004,0,1,3,3.391021,2.839803,2.839803,-0.021160,-0.020840,14.939722,6119,0.001395,0.074280,33503,13749,7611,4722,3235,2421,1855,1476,12329,1,1,1,1
23.0000,3822,1,1,42928,0,82199,0.522251,5,17,17,41,115482,27.93363,0.00218,2.37397,0.01004,1,1,2,1.168025,1.000000,3.217329,-0.229194,-0.229153,14.731796,3824,0.015555,0.047076,34021,13984,7777,4850,3256,2364,1893,1490,12563,1,1,1,1
23.9000,3822,1,1,43691,1,83996,0.520162,1,5,103,103,67286,28.55732,0.00218,2.37397,0.01004,0,1,3,1.548545,1.106526,1.091005,-0.540882,-0.540767,14.420441,387,0.037500,0.004867,34594,14377,7744,5049,3470,2531,1907,1453,12870,1,1,1,1
22.3500,3823,1,1,42285,1,80921,0.522553,2,2,14,34,166670,27.48275,0.00218,2.37316,0.01248,0,0,3,1.301779,1.004811,1.004811,-0.003928,-0.003859,14.957240,6309,0.000258,0.076477,33643,13789,7542,4812,3239,2407,1801,1358,12329,1,1,1,1
22.4000,3823,1,1,42213,1,80971,0.521341,24,3,51,51,3110836,27.51738,0.00218,2.37316,0.01248,0,0,3,1.286661,1.249049,1.249049,-0.021263,-0.021197,14.939314,6117,0.001419,0.074238,33534,13790,7543,4864,3209,2470,1788,1512,12260,1,1,1,1
23.0000,3823,1,1,43023,1,82503,0.521478,1,30,30,46,1437437,27.93330,0.00218,2.37316,0.01248,0,1,3,6.924062,6.518548,6.518548,-0.229450,-0.228944,14.732475,3823,0.015540,0.047049,34220,14128,7713,4777,3272,2418,1982,1413,12579,1,1,1,1
23.9000,3823,1,1,43690,0,84126,0.519346,2,21,21,346,300056,28.55701,0.00218,2.37316,0.01248,1,0,2,1.148132,1.000000,3.430544,-0.541219,-0.541183,14.420209,383,0.037529,0.004816,34728,14322,7905,4938,3320,2531,1974,1538,12869,1,1,1,1
22.3500,3824,1,1,42122,0,80923,0.520526,10,3,101,101,101924,27.48559,0.00236,2.37634,0.01150,1,0,3,1.316842,1.000000,1.293210,-0.002377,-0.002305,14.959031,6319,0.000154,0.076569,33600,13797,7523,4753,3334,2390,1926,1447,12152,1,1,1,1
22.4000,3824,1,1,42204,0,81148,0.520093,1,18,18,254,156256,27.52021,0.00236,2.37634,0.01150,1,1,2,1.288137,1.000000,6.409776,-0.019905,-0.019839,14.941253,6124,0.001328,0.074294,33706,13944,7475,4844,3190,2469,1806,1405,12308,1,1,1,1
23.0000,3824,1,1,42737,1,81869,0.522023,1,8,279,279,34462,27.93621,0.00236,2.37634,0.01150,0,1,3,2.101104,1.489992,1.258462,-0.227689,-0.227495,14.733774,3828,0.015440,0.047094,33694,13982,7576,4965,3281,2474,1815,1496,12585,1,1,1,1
23.9000,3824,1,1,43816,0,84161,0.520627,3,188,188,188,3395437,28.55993,0.00236,2.37634,0.01150,1,1,2,1.005663,1.000000,1.136139,-0.539532,-0.539530,14.420547,387,0.037414,0.004864,34959,14179,7685,5048,3485,2558,1916,1470,12860,1,1,1,1
22.3500,3825,1,1,41970,0,80952,0.518462,2,16,18,91,8062659,27.48310,0.00254,2.38096,0.01061,1,1,2,1.401826,1.000000,8.188888,-0.003717,-0.003629,14.957654,6312,0.000243,0.076471,33400,13962,7580,4741,3321,2381,1845,1465,12256,1,1,1,1
22.4000,3825,1,1,42172,0,81167,0.519577,1,3,15,50,40126,27.51790,0.00254,2.38096,0.01061,1,0,2,1.372609,1.000000,2.074947,-0.020931,-0.020849,14.940459,6121,0.001395,0.074242,33608,13806,7716,4803,3325,2367,1853,1413,12275,1,1,1,1
23.0000,3825,1,1,43017,1,82444,0.521779,46,5,46,50,47727,27.93378,0.00254,2.38096,0.01061,0,1,3,1.975047,1.678489,1.678489,-0.228849,-0.228672,14.732712,3825,0.015521,0.047048,34193,14149,7611,4795,3261,2443,1944,1532,12515,1,1,1,1
23.9000,3825,1,1,43989,1,84303,0.521803,4,33,401,401,124153,28.55753,0.00254,2.38096,0.01061,0,1,3,8.177493,7.786523,7.786523,-0.540922,-0.540373,14.420103,383,0.037474,0.004813,34996,14337,7770,4970,3376,2514,1957,1508,12874,1,1,1,1
22.3500,3826,1,1,42176,0,80890,0.521406,1,7,44,46,4553281,27.48173,0.00254,2.37417,0.00896,1,0,2,1.233917,1.000000,2.061226,-0.004341,-0.004286,14.957080,6313,0.000287,0.076466,33667,13620,7645,4792,3307,2345,1782,1415,12316,1,1,1,1
22.4000,3826,1,1,42304,0,80954,0.522575,2,204,204,204,492541,27.51633,0.00254,2.37417,0.00896,1,1,2,1.130795,1.000000,28.506419,-0.021986,-0.021954,14.938933,6122,0.001470,0.074243,33505,13791,7510,4780,3271,2496,1880,1446,12274,1,1,1,1
23.0000,3826,1,1,42792,0,82295,0.519989,1,11,44,44,188128,27.93229,0.00254,2.37417,0.00896,1,0,2,1.090140,1.000000,1.198276,-0.229544,-0.229522,14.731886,3826,0.015580,0.047051,34147,13854,7827,4842,3268,2472,1794,1463,12627,1,1,1,1
23.9000,3826,1,1,44356,0,84800,0.523072,2,4,4,56,208205,28.55605,0.00254,2.37417,0.00896,1,0,2,1.249966,1.000000,1.336989,-0.541446,-0.541388,14.419973,383,0.037544,0.004812,35182,14552,7932,5051,3407,2485,1907,1545,12738,1,1,1,1
22.3500,3827,1,1,42117,1,80820,0.521127,1,1,46,46,111694,27.48327,0.00235,2.37503,0.00965,0,1,3,1.604952,1.218775,1.218775,-0.003526,-0.003402,14.957934,6315,0.000227,0.076466,33357,13741,7584,4725,3415,2369,1887,1425,12316,1,1,1,1
22.4000,3827,1,1,42097,1,80777,0.521157,5,10,10,41,220251,27.51787,0.00235,2.37503,0.00965,0,1,3,3.604120,3.300647,3.300647,-0.020955,-0.020620,14.940800,6127,0.001380,0.074275,33211,13759,7530,4790,3313,2497,1824,1494,12358,1,1,1,1
23.0000,3827,1,1,42995,1,82386,0.521879,4,2,18,140,397599,27.93390,0.00235,2.37503,0.00965,0,1,3,1.643643,1.424353,1.424353,-0.228855,-0.228726,14.732142,3827,0.015526,0.047050,34340,14001,7647,4877,3232,2395,1827,1436,12630,1,1,1,1
23.9000,3827,1,1,43895,1,84455,0.519750,1,3,69,584,925716,28.55768,0.00235,2.37503,0.00965,0,1,3,2.435911,1.976616,1.976616,-0.540791,-0.540559,14.420432,383,0.037486,0.004810,35001,14369,7841,5032,3441,2458,1911,1546,12855,1,1,1,1
22.3500,3828,1,1,42603,1,81187,0.524758,1,3,13,314,157802,27.48583,0.00254,2.38415,0.00896,0,1,3,1.957126,1.637196,1.637196,-0.002133,-0.001958,14.959459,6318,0.000131,0.076475,33758,13887,7646,4691,3274,2438,1856,1431,12205,1,1,1,1
22.4000,3828,1,1,42286,0,81169,0.520969,12,4,34,132,152371,27.52060,0.00254,2.38415,0.00896,1,1,2,1.391390,1.000000,2.312526,-0.019559,-0.019472,14.941822,6126,0.001303,0.074238,33967,13640,7533,4782,3282,2326,1834,1475,12329,1,1,1,1
23.0000,3828,1,1,43229,1,82710,0.522664,1,19,49,162,97509,27.93652,0.00254,2.38415,0.00896,0,1,3,2.294092,1.682436,1.547449,-0.227469,-0.227252,14.733914,3828,0.015424,0.047044,34429,14187,7625,4937,3370,2407,1812,1474,12468,1,1,1,1
23.9000,3828,1,1,44164,0,84645,0.521762,3,2,17,17,247492,28.56032,0.00254,2.38415,0.00896,1,1,2,1.405327,1.000000,1.614857,-0.539373,-0.539284,14.421935,383,0.037393,0.004809,35199,14437,7874,4931,3466,2496,1927,1514,12800,1,1,1,1
22.3500,3829,1,1,42035,1,80848,0.519933,1,4,10,63,117687,27.48734,0.00272,2.38729,0.00950,0,1,3,3.191744,2.497087,2.497087,-0.001461,-0.001157,14.960247,6314,0.000077,0.076402,33584,13566,7579,4781,3294,2343,1880,1485,12335,1,1,1,1
22.4000,3829,1,1,42474,0,81187,0.523169,2,3,15,78,32078,27.52191,0.00272,2.38729,0.00950,1,1,3,1.247716,1.000000,1.248624,-0.018650,-0.018593,14.942458,6124,0.001244,0.074191,33750,13840,7574,4707,3201,2417,1836,1480,12381,1,1,1,1
23.0000,3829,1,1,42960,0,82734,0.519261,1,19,46,144,79231,27.93791,0.00272,2.38729,0.00950,1,1,2,1.247847,1.000000,5.721587,-0.226857,-0.226799,14.734562,3825,0.015392,0.046993,34439,14097,7762,4815,3240,2436,1934,1486,12524,1,1,1,1
23.9000,3829,1,1,44071,1,84799,0.519717,3,81,81,94,179431,28.56173,0.00272,2.38729,0.00950,0,1,3,1.999963,1.424427,1.140701,-0.538553,-0.538372,14.422908,379,0.037328,0.004757,35394,14471,7977,4849,3406,2477,1865,1563,12796,1,1,1,1
22.3500,3830,1,1,42426,0,81046,0.523487,3,9,13,393,312630,27.48341,0.00399,2.38655,0.00895,1,1,2,1.163893,1.000000,1.861483,-0.002683,-0.002644,14.958301,6322,0.000177,0.076489,33629,13719,7519,4815,3333,2448,1774,1515,12293,1,1,1,1
22.4000,3830,1,1,42392,0,81369,0.520991,2,18,18,44,133651,27.51816,0.00399,2.38655,0.00895,1,1,2,1.406619,1.000000,9.458516,-0.020273,-0.020184,14.941037,6133,0.001351,0.074288,33642,14013,7613,4884,3361,2341,1801,1503,12210,1,1,1,1
23.0000,3830,1,1,42941,1,82398,0.521148,2,5424,5424,5424,534514,27.93404,0.00399,2.38655,0.00895,0,0,3,8.287600,7.880282,7.880282,-0.228194,-0.227642,14.733010,3832,0.015451,0.047072,34171,14056,7655,4879,3289,2444,1851,1499,12553,1,1,1,1
23.9000,3830,1,1,44429,1,84673,0.524719,1,4,11,57,340274,28.55788,0.00399,2.38655,0.00895,0,1,3,3.262682,2.564503,2.564503,-0.539963,-0.539655,14.421722,386,0.037420,0.004844,35159,14397,7823,4996,3549,2512,1963,1589,12684,1,1,1,1
22.3500,3831,1,1,42282,0,81077,0.521511,1,12,112,112,234784,27.47715,0.00294,2.37777,0.01307,1,1,2,1.264480,1.000000,4.025990,-0.006381,-0.006319,14.954750,6322,0.000423,0.076487,33412,13780,7715,4931,3388,2418,1819,1445,12168,1,1,1,1
22.4000,3831,1,1,42292,0,81101,0.521480,1,9,45,253,35060,27.51189,0.00294,2.37777,0.01307,1,1,2,1.182391,1.000000,2.152109,-0.023667,-0.023624,14.937348,6130,0.001582,0.074251,33556,13875,7569,4715,3256,2454,1852,1453,12370,1,1,1,1
23.0000,3831,1,1,42827,1,82332,0.520181,15,4,53,53,494357,27.92785,0.00294,2.37777,0.01307,0,1,3,2.184589,1.560841,1.558142,-0.231600,-0.231396,14.729889,3831,0.015709,0.047057,34053,14026,7664,4910,3315,2455,1836,1505,12567,1,1,1,1
23.9000,3831,1,1,44322,0,85059,0.521080,1,1,73,73,47452,28.55152,0.00294,2.37777,0.01307,1,0,3,1.072188,1.000000,1.026800,-0.543373,-0.543355,14.416896,386,0.037689,0.004844,35579,14453,7872,5081,3467,2509,1851,1497,12749,1,1,1,1
22.3500,3832,1,1,42095,1,80799,0.520991,2,2,18,41,460691,27.47667,0.00420,2.38345,0.00927,0,0,3,1.648758,1.317387,1.317387,-0.005959,-0.005829,14.955227,6325,0.000390,0.076501,33421,13627,7508,4883,3317,2365,1849,1505,12323,1,1,1,1
22.4000,3832,1,1,42233,1,80981,0.521524,2,7,7,77,263670,27.51122,0.00420,2.38345,0.00927,0,1,3,1.783988,1.268306,1.135265,-0.023212,-0.023061,14.938216,6135,0.001544,0.074288,33512,13827,7499,4803,3228,2449,1866,1501,12295,1,1,1,1
23.0000,3832,1,1,43143,1,82408,0.523536,1,11,11,90,14206434,27.92725,0.00420,2.38345,0.00927,0,0,3,2.154613,1.676779,1.676779,-0.231282,-0.231082,14.730008,3834,0.015688,0.047081,34215,13962,7627,4845,3372,2401,1912,1527,12546,1,1,1,1
23.9000,3832,1,1,44133,1,84831,0.520252,1959,126,1959,1959,48351,28.55094,0.00420,2.38345,0.00927,0,1,3,2.302761,1.716631,1.565355,-0.543118,-0.542901,14.418425,386,0.037653,0.004842,35252,14597,7873,4878,3456,2554,1894,1502,12824,1,1,1,1
22.3500,3833,1,1,42424,0,81382,0.521301,4,42,42,73,93715,27.47984,0.00304,2.39027,0.00931,1,1,2,1.406976,1.000000,20.825762,-0.005252,-0.005163,14.956059,6323,0.000345,0.076453,33886,13936,7491,4755,3224,2457,1826,1461,12345,1,1,1,1
22.4000,3833,1,1,42399,1,81111,0.522735,1,1,22,84,93241,27.51456,0.00304,2.39027,0.00931,0,0,3,1.678547,1.193483,1.193483,-0.022239,-0.022104,14.939118,6131,0.001480,0.074215,33525,13876,7458,4856,3364,2465,1764,1463,12339,1,1,1,1
23.0000,3833,1,1,42880,0,82345,0.520742,6,3,9,37,1174790,27.93049,0.00304,2.39027,0.00931,1,1,2,1.395694,1.000000,1.703148,-0.230248,-0.230161,14.731044,3832,0.015624,0.047041,34223,13882,7567,4883,3337,2437,1854,1493,12668,1,1,1,1
23.9000,3833,1,1,44221,1,84722,0.521960,1,9,24,24,363667,28.55419,0.00304,2.39027,0.00931,0,1,3,3.706199,3.421025,3.421025,-0.542192,-0.541850,14.419579,391,0.037577,0.004904,35159,14464,7809,5009,3452,2613,2002,1486,12727,1,1,1,1
22.3500,3834,1,1,42369,1,81250,0.521471,2,5,156,156,3547513,27.47662,0.00457,2.38825,0.01305,0,1,3,3.748921,2.901948,2.901948,-0.005781,-0.005436,14.955930,6325,0.000363,0.076458,33951,13673,7637,4686,3316,2416,1790,1440,12340,1,1,1,1
22.4000,3834,1,1,42514,0,81049,0.524553,3,31211,31211,31211,279543,27.51133,0.00457,2.38825,0.01305,1,1,2,1.151573,1.000000,5089.411439,-0.024111,-0.024074,14.936851,6133,0.001612,0.074231,33538,13734,7549,4856,3326,2391,1905,1449,12300,1,1,1,1
23.0000,3834,1,1,42977,1,82628,0.520133,1,3,30,196,83508,27.92733,0.00457,2.38825,0.01305,0,0,3,1.828416,1.311481,1.311481,-0.231027,-0.230870,14.730332,3832,0.015673,0.047031,34255,14221,7652,4907,3326,2418,1884,1454,12510,1,1,1,1
23.9000,3834,1,1,43952,0,84507,0.520105,2,4,35,1311,78187,28.55105,0.00457,2.38825,0.01305,1,1,2,1.348043,1.000000,1.981320,-0.542944,-0.542866,14.418456,382,0.037651,0.004790,35003,14404,7913,5038,3357,2567,1929,1501,12794,1,1,1,1
22.3500,3835,1,1,42345,1,81361,0.520465,2,3,20,34,56037,27.47211,0.00798,2.38119,0.01113,0,1,3,1.704086,1.484958,1.484958,-0.006354,-0.006215,14.955210,6328,0.000416,0.076478,33775,13850,7534,4831,3343,2476,1881,1453,12217,1,1,1,1
22.4000,3835,1,1,42462,0,81092,0.523634,2,4,17,116,64780,27.50682,0.00798,2.38119,0.01113,1,1,2,1.397155,1.000000,2.298900,-0.023763,-0.023676,14.937613,6137,0.001585,0.074257,33515,13626,7611,4833,3304,2517,1897,1444,12344,1,1,1,1
23.0000,3835,1,1,42766,0,82153,0.520572,2,3,14,33,84915,27.92271,0.00798,2.38119,0.01113,1,1,2,1.411198,1.000000,1.834406,-0.231674,-0.231585,14.729649,3837,0.015722,0.047082,33909,14021,7643,4852,3367,2387,1858,1492,12623,1,1,1,1
23.9000,3835,1,1,44174,0,84622,0.522022,1,2,4,67,832691,28.54645,0.00798,2.38119,0.01113,1,0,2,1.400197,1.000000,1.750928,-0.543539,-0.543451,14.417834,386,0.037693,0.004839,35266,14354,7733,4974,3424,2546,1934,1544,12846,1,1,1,1
22.3500,3836,1,1,42287,1,81373,0.519675,7,2,298,298,220648,27.48004,0.00235,2.38267,0.01088,0,1,3,1.779235,1.456460,1.456460,-0.005140,-0.004990,14.955715,6330,0.000334,0.076479,33729,14074,7510,4842,3282,2351,1789,1461,12334,1,1,1,1
22.4000,3836,1,1,42625,1,81731,0.521534,3,15,65,143,239799,27.51474,0.00235,2.38267,0.01088,0,1,3,1.611619,1.505287,1.505287,-0.022492,-0.022368,14.939045,6138,0.001497,0.074242,34141,13935,7696,4765,3214,2487,1811,1431,12250,1,1,1,1
23.0000,3836,1,1,43066,0,82923,0.519356,1,3,3,55,1057854,27.93070,0.00235,2.38267,0.01088,1,1,3,1.232751,1.000000,1.117280,-0.230429,-0.230375,14.730661,3839,0.015639,0.047092,34553,14078,7689,4888,3418,2487,1857,1449,12503,1,1,1,1
23.9000,3836,1,1,43947,1,84284,0.521422,1,5,9,101,72379,28.55446,0.00235,2.38267,0.01088,0,0,3,2.459866,2.009297,2.009297,-0.542389,-0.542155,14.418871,385,0.037600,0.004825,35034,14285,7903,4903,3317,2464,1855,1569,12953,1,1,1,1
22.3500,3837,1,1,42431,1,81170,0.522749,35,3,35,114,443715,27.48638,0.00400,2.38525,0.01016,0,1,3,1.444998,1.316422,1.316422,-0.001064,-0.000968,14.959406,6330,0.000065,0.076440,33833,13768,7474,4685,3310,2406,1858,1408,12427,1,1,1,1
22.4000,3837,1,1,42345,1,81117,0.522030,3,2,6,222,256110,27.52107,0.00400,2.38525,0.01016,0,1,3,1.862197,1.403454,1.403454,-0.018417,-0.018255,14.943122,6136,0.001222,0.074178,33612,13706,7623,4833,3316,2323,1810,1443,12450,1,1,1,1
23.0000,3837,1,1,43280,0,82795,0.522743,2,2,33,33,8315209,27.93710,0.00400,2.38525,0.01016,1,1,2,1.411567,1.000000,1.598145,-0.226451,-0.226361,14.734873,3833,0.015362,0.046992,34428,14068,7670,4936,3331,2433,1866,1550,12512,1,1,1,1
23.9000,3837,1,1,44153,1,84746,0.521010,2,4,9,167,962784,28.56088,0.00400,2.38525,0.01016,0,1,3,3.671635,2.619216,2.619216,-0.538406,-0.538067,14.422680,380,0.037307,0.004760,35243,14374,7800,4938,3526,2604,1923,1524,12813,1,1,1,1
22.3500,3838,1,1,42052,0,81049,0.518853,1,87,87,87,3062312,27.48334,0.00871,2.38917,0.01072,1,1,2,1.016662,1.000000,1.484353,-0.000368,-0.000364,14.959999,6331,0.000024,0.076430,33447,13778,7616,4779,3352,2455,1889,1463,12269,1,1,1,1
22.4000,3838,1,1,42415,1,81258,0.521986,5,6,13,32,267089,27.51802,0.00871,2.38917,0.01072,0,0,3,1.265204,1.088577,1.088577,-0.017666,-0.017604,14.943339,6139,0.001178,0.074194,33604,13791,7670,4881,3358,2342,1869,1503,12239,1,1,1,1
23.0000,3838,1,1,42939,1,82553,0.520145,1,2,6,218,21578,27.93394,0.00871,2.38917,0.01072,0,1,3,1.890669,1.540606,1.540606,-0.225668,-0.225502,14.735877,3837,0.015303,0.047026,33906,14361,7703,4862,3422,2505,1852,1487,12454,1,1,1,1
23.9000,3838,1,1,44071,1,84866,0.519307,5,32,32,38,117197,28.55774,0.00871,2.38917,0.01072,0,1,3,9.023979,8.347955,8.347955,-0.537791,-0.537218,14.424198,382,0.037244,0.004783,35258,14387,7906,5072,3423,2544,1969,1525,12781,1,1,1,1
22.3500,3839,1,1,42108,0,80816,0.521042,1,1,22,82,126040,27.49073,0.00311,2.38918,0.01096,1,0,3,1.409352,1.000000,1.328350,0.000617,0.000706,14.961978,6331,-0.000047,0.076400,33474,13653,7726,4608,3201,2315,1862,1449,12527,1,1,1,1
22.4000,3839,1,1,42343,1,81047,0.522456,2,5,104,212,1041767,27.52540,0.00311,2.38918,0.01096,0,0,3,1.529640,1.197027,1.197027,-0.016711,-0.016601,14.944483,6142,0.001111,0.074206,33559,13732,7531,4691,3406,2441,1871,1474,12341,1,1,1,1
23.0000,3839,1,1,43200,0,82654,0.522667,1,6,72,143,1178766,27.94139,0.00311,2.38918,0.01096,1,1,2,1.412238,1.000000,3.602560,-0.224853,-0.224763,14.736501,3835,0.015252,0.046987,34049,14277,7690,4888,3356,2443,1886,1512,12552,1,1,1,1
23.9000,3839,1,1,44138,0,84616,0.521633,159,3,272,272,592991,28.56521,0.00311,2.38918,0.01096,1,1,2,1.412333,1.000000,1.852694,-0.536672,-0.536582,14.424682,380,0.037199,0.004756,35100,14484,7860,4782,3422,2491,1928,1507,13041,1,1,1,1
22.3500,3840,1,1,42491,1,81226,0.523127,2,23,46,156,115029,27.49400,0.00329,2.38644,0.00973,0,1,3,10.527980,9.285510,9.285510,0.001964,0.002577,14.963163,6344,-0.000172,0.076530,33609,14081,7393,4702,3339,2403,1858,1426,12414,1,1,1,1
22.4000,3840,1,1,42625,1,81625,0.522212,4,2,37,37,96255,27.52866,0.00329,2.38644,0.00973,0,1,3,1.658338,1.306380,1.306380,-0.015105,-0.014973,14.946413,6152,0.001002,0.074297,33980,13957,7635,4861,3330,2341,1798,1420,12302,1,1,1,1
23.0000,3840,1,1,43134,0,82531,0.522646,2,4,22,88,208384,27.94455,0.00329,2.38644,0.00973,1,1,2,1.291211,1.000000,1.608665,-0.223079,-0.223013,14.738085,3849,0.015132,0.047141,34199,14042,7569,4796,3528,2446,1912,1504,12534,1,1,1,1
23.9000,3840,1,1,44213,1,84667,0.522205,1,3,290,290,40584,28.56838,0.00329,2.38644,0.00973,0,1,3,2.573442,1.949401,1.949401,-0.535019,-0.534773,14.426327,392,0.037069,0.004905,35018,14376,7996,5019,3569,2472,1866,1497,12853,1,1,1,1
22.3500,3841,1,1,42225,1,81180,0.520147,5,32,32,114,329694,27.49605,0.00321,2.39142,0.00980,0,1,3,6.828444,6.550827,6.550827,0.003057,0.003557,14.964037,6343,-0.000238,0.076494,33871,13718,7460,4766,3335,2410,1812,1456,12351,1,1,1,1
22.4000,3841,1,1,42475,1,81324,0.522300,2,24,24,129,104041,27.53070,0.00321,2.39142,0.00980,0,1,3,14.860193,11.939078,11.939078,-0.014346,-0.013643,14.947777,6150,0.000913,0.074247,33564,13805,7591,4885,3375,2403,1882,1510,12308,1,1,1,1
23.0000,3841,1,1,43315,1,82658,0.524033,2,1,9,22,19591,27.94666,0.00321,2.39142,0.00980,0,0,3,1.301709,1.034541,1.034541,-0.222001,-0.221933,14.739131,3845,0.015057,0.047077,34322,14143,7640,4865,3243,2438,1939,1456,12611,1,1,1,1
23.9000,3841,1,1,44389,1,85001,0.522224,1,29,29,370,404685,28.57033,0.00321,2.39142,0.00980,0,1,3,1.844343,1.356705,1.273248,-0.533863,-0.533704,14.427613,391,0.036992,0.004891,35530,14240,7877,5102,3399,2487,1906,1530,12929,1,1,1,1
22.3500,3842,1,1,42293,1,80985,0.522239,1,5,5,122,71707,27.49465,0.00271,2.38778,0.00853,0,1,3,3.595356,2.808034,2.808034,0.002272,0.002606,14.963587,6344,-0.000174,0.076488,33533,13810,7410,4820,3251,2307,1914,1431,12508,1,1,1,1
22.4000,3842,1,1,42340,0,81142,0.521808,1,19,19,183,638666,27.52928,0.00271,2.38778,0.00853,1,0,2,1.190805,1.000000,4.294591,-0.015103,-0.015057,14.946323,6155,0.001007,0.074295,33473,13758,7659,4851,3314,2432,1833,1436,12385,1,1,1,1
23.0000,3842,1,1,43110,0,82454,0.522843,1,12,17,765,150988,27.94532,0.00271,2.38778,0.00853,1,1,2,1.123110,1.000000,1.826792,-0.223003,-0.222973,14.737902,3846,0.015129,0.047081,34080,13967,7812,4883,3383,2433,1877,1482,12536,1,1,1,1
23.9000,3842,1,1,44252,0,84965,0.520832,9,57,312,312,200322,28.56901,0.00271,2.38778,0.00853,1,1,2,1.031080,1.000000,1.841367,-0.534852,-0.534844,14.425681,391,0.037076,0.004890,35434,14448,7800,4854,3424,2625,1949,1477,12953,1,1,1,1
22.3500,3843,1,1,42738,0,81289,0.525760,7,13,24,24,53501,27.50210,0.00253,2.39088,0.00871,1,1,2,1.245712,1.000000,3.867635,0.005749,0.005806,14.966857,6347,-0.000388,0.076488,33677,13898,7509,4873,3325,2335,1879,1467,12325,1,1,1,1
22.4000,3843,1,1,42495,1,81495,0.521449,1,2,9,23,59202,27.53673,0.00253,2.39088,0.00871,0,1,3,2.520339,1.830262,1.830262,-0.011469,-0.011228,14.950124,6155,0.000751,0.074257,33826,13825,7735,4772,3290,2396,1911,1481,12258,1,1,1,1
23.0000,3843,1,1,43213,1,82864,0.521499,1,5,91,91,280090,27.95265,0.00253,2.39088,0.00871,0,1,3,4.238984,3.020986,3.020986,-0.219496,-0.219121,14.741741,3847,0.014864,0.047068,34585,13861,7731,4920,3327,2467,1860,1489,12623,1,1,1,1
23.9000,3843,1,1,44100,0,84657,0.520932,1,46,55,89,1260181,28.57636,0.00253,2.39088,0.00871,1,1,2,1.039608,1.000000,1.918257,-0.531290,-0.531280,14.430142,389,0.036817,0.004862,34993,14533,7859,5071,3437,2518,1940,1427,12878,1,1,1,1
22.3500,3844,1,1,42485,1,81731,0.519821,1,26,30,80,613141,27.50936,0.00270,2.39309,0.00852,0,1,3,2.698128,2.089825,2.040586,0.009620,0.009878,14.971226,6347,-0.000660,0.076446,34262,13722,7582,4819,3295,2375,1802,1491,12382,1,1,1,1
22.4000,3844,1,1,42623,1,81578,0.522488,1,12,12,27,60138,27.54398,0.00270,2.39309,0.00852,0,1,3,5.004296,4.339034,4.339034,-0.007791,-0.007372,14.953497,6155,0.000493,0.074221,33810,13852,7677,4797,3360,2392,1857,1452,12380,1,1,1,1
23.0000,3844,1,1,43097,1,82676,0.521282,1,12,18,72,106798,27.95998,0.00270,2.39309,0.00852,0,1,3,2.637596,2.210344,2.210344,-0.215702,-0.215449,14.745930,3851,0.014611,0.047092,34118,14154,7635,4862,3391,2441,1931,1524,12619,1,1,1,1
23.9000,3844,1,1,44075,1,84796,0.519783,1,12,44,44,58987,28.58370,0.00270,2.39309,0.00852,0,1,3,5.507632,4.724564,4.724564,-0.527663,-0.527219,14.433676,389,0.036527,0.004860,35202,14441,7838,5063,3532,2432,1870,1494,12923,1,1,1,1
22.3500,3845,1,1,42392,0,81481,0.520275,2,167,167,167,602398,27.50183,0.00461,2.38934,0.01095,1,0,2,1.067857,1.000000,11.817695,0.006642,0.006659,14.968074,6345,-0.000445,0.076418,33781,13829,7720,4827,3212,2455,1865,1505,12286,1,1,1,1
22.4000,3845,1,1,42297,1,81294,0.520303,1,1,19,102,107444,27.53663,0.00461,2.38934,0.01095,0,0,3,1.442768,1.085775,1.085775,-0.010443,-0.010348,14.950786,6152,0.000692,0.074179,33644,13819,7538,4724,3392,2431,1855,1445,12445,1,1,1,1
23.0000,3845,1,1,43537,1,83257,0.522929,1,97,97,148,908053,27.95251,0.00461,2.38934,0.01095,0,1,3,2.710009,2.049187,1.894186,-0.218459,-0.218200,14.742928,3845,0.014800,0.047016,34785,14123,7692,4916,3325,2439,1830,1545,12601,1,1,1,1
23.9000,3845,1,1,44164,0,85042,0.519326,1,1,79,344,32591,28.57626,0.00461,2.38934,0.01095,1,1,3,1.377591,1.000000,1.123024,-0.530261,-0.530178,14.431005,385,0.036739,0.004809,35424,14310,8015,5052,3377,2468,1884,1470,13041,1,1,1,1
22.3500,3846,1,1,42283,1,80959,0.522283,1,21,21,138,1517115,27.50666,0.00425,2.39299,0.00870,0,1,3,12.918849,10.423212,10.423212,0.008776,0.009441,14.970871,6350,-0.000631,0.076444,33541,13656,7507,4737,3319,2447,1819,1491,12441,1,1,1,1
22.4000,3846,1,1,42602,0,81263,0.524255,3,4,62,62,51735,27.54127,0.00425,2.39299,0.00870,1,1,2,1.333216,1.000000,1.676392,-0.008288,-0.008213,14.952926,6158,0.000549,0.074221,33584,13726,7486,4823,3327,2454,1902,1495,12465,1,1,1,1
23.0000,3846,1,1,43294,0,82967,0.521828,6,2,12,24,276196,27.95723,0.00425,2.39299,0.00870,1,0,3,1.371261,1.000000,1.194799,-0.216213,-0.216131,14.745180,3850,0.014658,0.047057,34419,14146,7706,4960,3340,2452,1914,1495,12534,1,1,1,1
23.9000,3846,1,1,44420,0,85113,0.521901,2,2,86,86,76465,28.58099,0.00425,2.39299,0.00870,1,1,3,1.387031,1.000000,1.192481,-0.528100,-0.528015,14.433179,389,0.036583,0.004857,35484,14437,7752,5053,3534,2554,1875,1518,12905,1,1,1,1
22.3500,3847,1,1,42390,0,81493,0.520174,2,19,58,58,243056,27.50772,0.00476,2.40135,0.00917,1,1,2,1.310913,1.000000,6.977785,0.009670,0.009740,14.970857,6350,-0.000651,0.076424,33724,13920,7664,4833,3293,2401,1811,1435,12411,1,1,1,1
22.4000,3847,1,1,42388,0,81143,0.522393,2,11,11,31,4880100,27.54231,0.00476,2.40135,0.00917,1,1,2,1.090060,1.000000,1.224139,-0.007390,-0.007368,14.953429,6158,0.000493,0.074200,33455,13881,7684,4647,3272,2449,1845,1435,12474,1,1,1,1
23.0000,3847,1,1,43407,1,83257,0.521368,1,3,7,69,55453,27.95834,0.00476,2.40135,0.00917,0,0,3,1.862082,1.457144,1.457144,-0.215440,-0.215278,14.745807,3849,0.014599,0.047031,34649,14149,7886,4758,3480,2495,1952,1417,12470,1,1,1,1
23.9000,3847,1,1,44405,1,85032,0.522221,1,10,10,23,85680,28.58212,0.00476,2.40135,0.00917,0,1,3,6.179427,5.020076,5.020076,-0.527490,-0.527016,14.433844,387,0.036513,0.004831,35404,14345,7965,5058,3341,2512,1961,1522,12923,1,1,1,1
22.3500,3848,1,1,42754,0,81782,0.522786,3,7,7,8,84866,27.50923,0.00493,2.39864,0.00951,1,1,2,1.396546,1.000000,3.650412,0.010664,0.010751,14.972042,6354,-0.000718,0.076446,33933,13987,7593,4795,3392,2450,1884,1522,12225,1,1,1,1
22.4000,3848,1,1,42686,0,81607,0.523074,2,58,58,64,176906,27.54399,0.00493,2.39864,0.00951,1,0,2,1.033761,1.000000,2.052511,-0.006642,-0.006634,14.954790,6161,0.000444,0.074210,33817,13919,7574,4841,3305,2407,1885,1492,12366,1,1,1,1
23.0000,3848,1,1,43300,0,82725,0.523427,1,12,12,42,411083,27.95992,0.00493,2.39864,0.00951,1,0,2,1.087318,1.000000,1.276244,-0.214537,-0.214515,14.746895,3852,0.014546,0.047052,34474,14012,7762,4725,3281,2413,1891,1493,12673,1,1,1,1
23.9000,3848,1,1,44089,1,85021,0.518572,1,1,21,46,102563,28.58372,0.00493,2.39864,0.00951,0,1,3,1.587634,1.236596,1.236596,-0.526433,-0.526313,14.435038,389,0.036461,0.004854,35413,14512,7802,5057,3443,2450,1908,1444,12991,1,1,1,1
22.3500,3849,1,1,42434,0,81409,0.521251,1,2,16,49,623878,27.50454,0.00511,2.40232,0.01102,1,0,3,1.302633,1.000000,1.289606,0.008427,0.008496,14.969840,6354,-0.000568,0.076438,33667,13861,7604,4752,3398,2416,1846,1447,12417,1,1,1,1
22.4000,3849,1,1,42572,0,81514,0.522273,1,1,38,59,294332,27.53911,0.00511,2.40232,0.01102,1,0,3,1.406847,1.000000,1.408975,-0.008873,-0.008785,14.952493,6159,0.000587,0.074178,33768,13869,7734,4815,3307,2424,1883,1472,12241,1,1,1,1
23.0000,3849,1,1,43159,1,82740,0.521628,1,2,21,55,5014361,27.95511,0.00511,2.40232,0.01102,0,1,3,1.799957,1.303149,1.303149,-0.216861,-0.216708,14.744718,3849,0.014697,0.047010,34299,14183,7620,4889,3229,2497,1909,1492,12621,1,1,1,1
23.9000,3849,1,1,44234,0,84964,0.520627,2,3,15,82,57352,28.57892,0.00511,2.40232,0.01102,1,1,2,1.394546,1.000000,1.833739,-0.528814,-0.528728,14.432565,385,0.036634,0.004804,35391,14342,7907,5090,3480,2419,1901,1460,12973,1,1,1,1
22.3500,3850,1,1,42689,1,81366,0.524660,13,9,25,578,196292,27.50595,0.00588,2.40318,0.01088,0,1,3,2.915033,2.335499,2.335499,0.009498,0.009776,14.971139,6353,-0.000653,0.076399,33602,13982,7563,4745,3258,2347,1782,1556,12530,1,1,1,1
22.4000,3850,1,1,42557,1,81677,0.521047,2,8,24,24,411634,27.54069,0.00588,2.40318,0.01088,0,1,3,1.322595,1.104781,1.104781,-0.007778,-0.007706,14.953673,6160,0.000515,0.074165,33926,13927,7559,4884,3341,2414,1851,1461,12313,1,1,1,1
23.0000,3850,1,1,43402,0,83016,0.522821,2,3,30,33,81524,27.95658,0.00588,2.40318,0.01088,1,1,3,1.294292,1.000000,1.223074,-0.215733,-0.215666,14.745436,3850,0.014626,0.047008,34518,14043,7690,4888,3357,2439,1950,1583,12547,1,1,1,1
23.9000,3850,1,1,44267,1,85125,0.520030,1,7,7,63,315055,28.58041,0.00588,2.40318,0.01088,0,1,3,1.734514,1.234983,1.123809,-0.527634,-0.527491,14.433729,385,0.036546,0.004802,35311,14344,8116,5088,3453,2466,1950,1524,12872,1,1,1,1
22.3500,3851,1,1,42692,0,81767,0.522124,3,18,34,40,88360,27.50236,0.00625,2.40264,0.01091,1,1,2,1.099118,1.000000,2.019664,0.007973,0.007997,14.968819,6360,-0.000534,0.076475,33930,14128,7567,4860,3289,2347,1854,1449,12342,1,1,1,1
22.4000,3851,1,1,42560,0,81379,0.522991,1,644,644,644,275586,27.53710,0.00625,2.40264,0.01091,1,1,2,1.006523,1.000000,4.247964,-0.009494,-0.009492,14.950633,6166,0.000635,0.074233,33608,13912,7626,4800,3317,2456,1790,1419,12450,1,1,1,1
23.0000,3851,1,1,43147,1,82912,0.520401,2,2,12,29,28061,27.95306,0.00625,2.40264,0.01091,0,0,3,1.743457,1.404228,1.404228,-0.217327,-0.217182,14.743866,3856,0.014730,0.047074,34260,14216,7723,4870,3340,2520,1857,1469,12656,1,1,1,1
23.9000,3851,1,1,44107,1,84940,0.519279,5,4,17,55,1704705,28.57673,0.00625,2.40264,0.01091,0,1,3,1.707979,1.404652,1.404652,-0.529166,-0.529027,14.432347,390,0.036656,0.004864,35187,14450,7771,5113,3428,2583,1917,1586,12904,1,1,1,1
22.3500,3852,1,1,42221,1,81246,0.519675,10,4,52,52,70169,27.50307,0.00475,2.40561,0.00869,0,0,3,1.721291,1.630660,1.630660,0.007497,0.007638,14.968314,6361,-0.000510,0.076470,33655,13633,7512,4982,3323,2384,1816,1503,12437,1,1,1,1
22.4000,3852,1,1,42633,1,81571,0.522655,1,5,14,171,62628,27.53762,0.00475,2.40561,0.00869,0,1,3,3.588276,2.775978,2.775978,-0.009853,-0.009521,14.951516,6168,0.000637,0.074233,33755,13960,7588,4736,3401,2454,1816,1522,12338,1,1,1,1
23.0000,3852,1,1,43270,0,82819,0.522471,5,1,108,589,28984,27.95366,0.00475,2.40561,0.00869,1,1,3,1.409009,1.000000,1.073466,-0.217739,-0.217650,14.743624,3856,0.014762,0.047062,34511,13742,7787,4910,3365,2507,1895,1472,12629,1,1,1,1
23.9000,3852,1,1,44388,0,84911,0.522765,1,1,7,40,81170,28.57734,0.00475,2.40561,0.00869,1,0,3,1.411577,1.000000,1.387124,-0.529618,-0.529529,14.431739,390,0.036692,0.004863,35148,14694,7782,4880,3484,2532,1851,1527,13012,1,1,1,1
22.3500,3853,1,1,42744,0,81890,0.521975,122,43,122,447,2761201,27.50285,0.00442,2.40505,0.01127,1,0,2,1.028810,1.000000,1.276948,0.007311,0.007318,14.968743,6359,-0.000489,0.076424,34307,13778,7455,4879,3308,2502,1848,1498,12314,1,1,1,1
22.4000,3853,1,1,42529,1,81300,0.523118,1,2,14,50,161048,27.53757,0.00442,2.40505,0.01127,0,1,3,2.427941,1.788553,1.788553,-0.010090,-0.009860,14.951485,6169,0.000659,0.074226,33660,13744,7606,4799,3237,2451,1906,1464,12432,1,1,1,1
23.0000,3853,1,1,43436,0,82953,0.523628,3,16,426,426,326641,27.95350,0.00442,2.40505,0.01127,1,1,2,1.093324,1.000000,1.675277,-0.218044,-0.218021,14.742786,3853,0.014788,0.047016,34411,14052,7752,4935,3389,2475,1873,1494,12571,1,1,1,1
23.9000,3853,1,1,44270,0,85231,0.519418,1,1,14,14,298679,28.57720,0.00442,2.40505,0.01127,1,1,3,1.384631,1.000000,1.136125,-0.529846,-0.529762,14.431430,387,0.036709,0.004824,35713,14384,7887,4944,3395,2519,1946,1549,12893,1,1,1,1
22.3500,3854,1,1,42778,0,81788,0.523042,1,4,7,40,194182,27.50207,0.00475,2.40782,0.00854,1,1,2,1.363245,1.000000,2.202053,0.007080,0.007160,14.968476,6362,-0.000478,0.076442,34065,13943,7615,4840,3347,2406,1779,1433,12359,1,1,1,1
22.4000,3854,1,1,42728,0,81695,0.523025,1,7,25,376,540566,27.53679,0.00475,2.40782,0.00854,1,1,2,1.231339,1.000000,2.172895,-0.010276,-0.010222,14.950815,6170,0.000684,0.074222,34153,13819,7515,4813,3298,2422,1757,1450,12467,1,1,1,1
23.0000,3854,1,1,43158,0,82547,0.522836,1,19,1062,1062,661911,27.95278,0.00475,2.40782,0.00854,1,0,2,1.125114,1.000000,2.620330,-0.218299,-0.218268,14.743132,3856,0.014805,0.047039,34308,13762,7752,4716,3366,2483,1896,1501,12762,1,1,1,1
23.9000,3854,1,1,43987,1,84789,0.518788,1,9,65,2122,136097,28.57651,0.00475,2.40782,0.00854,0,0,3,2.512094,1.902788,1.902788,-0.530116,-0.529877,14.431250,390,0.036717,0.004860,35193,14478,7901,4891,3450,2440,1873,1523,13039,1,1,1,1
22.3500,3855,1,1,42655,1,81820,0.521334,1,103,103,103,90500,27.49748,0.00424,2.40574,0.01064,0,1,3,16.262630,15.431983,15.431983,0.004156,0.004880,14.965524,6361,-0.000326,0.076425,34079,13892,7718,4671,3343,2419,1842,1504,12351,1,1,1,1
22.4000,3855,1,1,42728,0,81927,0.521544,2,1,9,1313,343671,27.53218,0.00424,2.40574,0.01064,1,1,3,1.407483,1.000000,1.021280,-0.012839,-0.012750,14.948476,6168,0.000853,0.074191,34002,14097,7646,4731,3364,2482,1877,1442,12285,1,1,1,1
23.0000,3855,1,1,43324,0,82918,0.522498,18,19,19,426,45341,27.94807,0.00424,2.40574,0.01064,1,1,2,1.112454,1.000000,2.311417,-0.220893,-0.220865,14.739989,3855,0.014984,0.047025,34426,13934,7751,4900,3361,2587,1891,1539,12528,1,1,1,1
23.9000,3855,1,1,44585,1,85343,0.522427,11,59,59,59,74372,28.57181,0.00424,2.40574,0.01064,0,1,3,10.804751,10.562332,10.562332,-0.532961,-0.532344,14.427828,387,0.036897,0.004823,35367,14630,7966,5054,3473,2555,1894,1547,12856,1,1,1,1
22.3500,3856,1,1,42382,0,81560,0.519648,2,179,179,179,137672,27.50026,0.00563,2.40624,0.00850,1,0,2,1.049706,1.000000,9.154482,0.006373,0.006386,14.967806,6367,-0.000427,0.076465,33637,13985,7697,4763,3376,2452,1860,1424,12365,1,1,1,1
22.4000,3856,1,1,42752,0,81582,0.524044,1,17,21,63,913813,27.53495,0.00563,2.40624,0.00850,1,0,2,1.161065,1.000000,3.107439,-0.010833,-0.010795,14.950595,6174,0.000722,0.074233,33821,13923,7617,4843,3292,2406,1834,1438,12407,1,1,1,1
23.0000,3856,1,1,43357,1,82871,0.523193,3,6,6,45,233255,27.95091,0.00563,2.40624,0.00850,0,1,3,4.868247,3.528454,3.528454,-0.218829,-0.218419,14.742985,3861,0.014815,0.047076,34251,14007,7707,4922,3388,2471,1931,1510,12683,1,1,1,1
23.9000,3856,1,1,44310,0,85325,0.519315,1,5,18,87,119460,28.57467,0.00563,2.40624,0.00850,1,0,2,1.279106,1.000000,2.073482,-0.530641,-0.530577,14.430776,391,0.036767,0.004871,35567,14486,7831,5029,3494,2518,1997,1512,12890,1,1,1,1
22.3500,3857,1,1,42581,1,81474,0.522639,1,2,54,54,105358,27.49224,0.00994,2.40591,0.00903,0,0,3,1.958593,1.485485,1.485485,0.004814,0.004988,14.966114,6365,-0.000333,0.076430,33886,13785,7638,4719,3338,2330,1841,1474,12462,1,1,1,1
22.4000,3857,1,1,42378,0,81191,0.521961,7,4,22,22,751057,27.52692,0.00994,2.40591,0.00903,1,1,2,1.414109,1.000000,2.097168,-0.012573,-0.012483,14.948773,6174,0.000835,0.074223,33433,13771,7701,4728,3266,2438,1901,1479,12473,1,1,1,1
23.0000,3857,1,1,43199,1,82804,0.521708,4,3,29,174,257952,27.94295,0.00994,2.40591,0.00903,0,1,3,1.993115,1.499938,1.499938,-0.220546,-0.220367,14.740967,3858,0.014949,0.047034,34144,14146,7782,4901,3338,2442,1891,1486,12673,1,1,1,1
23.9000,3857,1,1,44316,0,84941,0.521733,1,11,13,20,39278,28.56673,0.00994,2.40591,0.00903,1,1,2,1.126279,1.000000,1.634758,-0.532446,-0.532415,14.428469,387,0.036900,0.004820,35141,14387,8083,4966,3397,2569,1996,1490,12911,1,1,1,1
22.3500,3858,1,1,42723,1,81913,0.521572,1,2,5,102,84545,27.49692,0.00634,2.40916,0.01016,0,0,3,1.657750,1.174013,1.174013,0.005278,0.005409,14.966648,6366,-0.000361,0.076420,34040,13882,7589,4861,3419,2432,1872,1525,12292,1,1,1,1
22.4000,3858,1,1,42489,1,81610,0.520641,1,4,248,248,389146,27.53159,0.00634,2.40916,0.01016,0,1,3,2.868783,2.251969,2.251969,-0.012150,-0.011877,14.949132,6175,0.000794,0.074214,33825,13949,7550,4796,3325,2367,1840,1454,12503,1,1,1,1
23.0000,3858,1,1,43513,1,83265,0.522591,1,23,23,23,151480,27.94752,0.00634,2.40916,0.01016,0,1,3,12.823930,10.821840,10.821840,-0.220316,-0.219655,14.741764,3859,0.014900,0.047031,34754,14218,7801,4764,3412,2382,1903,1450,12580,1,1,1,1
23.9000,3858,1,1,44312,0,85036,0.521103,1,2,10,77,84634,28.57132,0.00634,2.40916,0.01016,1,1,2,1.413996,1.000000,1.804167,-0.531982,-0.531893,14.429365,387,0.036862,0.004819,35204,14592,7913,4872,3500,2611,1900,1459,12984,1,1,1,1
22.3500,3859,1,1,42469,1,81586,0.520549,7,223,223,223,225002,27.49473,0.00442,2.40535,0.01109,0,1,3,71.217997,67.450220,67.450220,0.002754,0.003859,14.963660,6368,-0.000258,0.076439,34109,13673,7522,4815,3207,2477,1854,1459,12469,1,1,1,1
22.4000,3859,1,1,42602,0,81841,0.520552,6,15,15,29,153599,27.52940,0.00442,2.40535,0.01109,1,1,2,1.253398,1.000000,4.594803,-0.014231,-0.014172,14.946890,6175,0.000948,0.074206,34087,13790,7794,4716,3305,2460,1920,1455,12313,1,1,1,1
23.0000,3859,1,1,43171,1,82808,0.521345,2,25,180,180,428315,27.94540,0.00442,2.40535,0.01109,0,1,3,6.601518,6.055313,6.055313,-0.222265,-0.221776,14.738980,3859,0.015047,0.047028,34307,13928,7855,4889,3397,2409,1841,1490,12691,1,1,1,1
23.9000,3859,1,1,44394,0,85073,0.521840,1,16,39,183,410225,28.56921,0.00442,2.40535,0.01109,1,0,2,1.199704,1.000000,3.818378,-0.534112,-0.534065,14.427314,386,0.037018,0.004806,35247,14568,7876,5031,3358,2609,1924,1565,12894,1,1,1,1
22.3500,3860,1,1,42382,0,81351,0.520983,2,1,17,158,295227,27.49328,0.00713,2.40589,0.01203,1,1,3,1.413757,1.000000,1.041505,0.003821,0.003911,14.965157,6370,-0.000261,0.076436,33749,14044,7367,4734,3263,2379,1854,1410,12550,1,1,1,1
22.4000,3860,1,1,42750,0,81837,0.522386,7,34,34,34,646591,27.52794,0.00713,2.40589,0.01203,1,0,2,1.060554,1.000000,2.174130,-0.013613,-0.013598,14.947819,6176,0.000910,0.074194,34132,13828,7610,4866,3343,2353,1817,1435,12452,1,1,1,1
23.0000,3860,1,1,43387,1,83060,0.522364,1,2,6,193,1590473,27.94383,0.00713,2.40589,0.01203,0,1,3,2.185666,1.557662,1.557662,-0.221514,-0.221312,14.739690,3860,0.015015,0.047026,34417,14138,7717,4911,3340,2518,1931,1482,12605,1,1,1,1
23.9000,3860,1,1,44418,0,85221,0.521216,1,5,22,38,58031,28.56766,0.00713,2.40589,0.01203,1,1,3,1.149284,1.000000,1.079966,-0.533368,-0.533332,14.428062,386,0.036965,0.004804,35569,14283,7876,5092,3461,2507,1950,1508,12974,1,1,1,1
22.3500,3861,1,1,42630,0,81206,0.524968,1,134,134,165,4558981,27.48764,0.00906,2.41345,0.01257,1,1,2,1.009940,1.000000,1.431901,0.001986,0.001988,14.963419,6369,-0.000133,0.076413,33449,13697,7567,4814,3363,2413,1926,1481,12495,1,1,1,1
22.4000,3861,1,1,42930,0,82023,0.523396,3,6,58,154,195526,27.52229,0.00906,2.41345,0.01257,1,1,2,1.392543,1.000000,3.047109,-0.015444,-0.015358,14.945938,6174,0.001028,0.074160,34206,13983,7649,4696,3391,2428,1795,1505,12369,1,1,1,1
23.0000,3861,1,1,43324,0,82957,0.522253,1,24,24,80,109658,27.93825,0.00906,2.41345,0.01257,1,1,2,1.090535,1.000000,2.396507,-0.223391,-0.223368,14.738041,3857,0.015156,0.046982,34314,14214,7725,4934,3378,2488,1852,1455,12596,1,1,1,1
23.9000,3861,1,1,44323,1,84685,0.523393,1,23,23,51,1305583,28.56192,0.00906,2.41345,0.01257,0,0,3,3.665896,3.011281,3.011281,-0.535257,-0.534920,14.426101,383,0.037080,0.004766,35036,14333,7927,4961,3451,2522,1968,1527,12959,1,1,1,1
22.3500,3862,1,1,42870,0,81840,0.523833,1,4,17,219,1284663,27.49575,0.00405,2.41183,0.01150,1,1,3,1.175609,1.000000,1.008295,0.003635,0.003677,14.964645,6378,-0.000246,0.076495,34273,13865,7524,4706,3296,2424,1904,1481,12366,1,1,1,1
22.4000,3862,1,1,42562,0,81775,0.520483,1,10,27,56,213170,27.53039,0.00405,2.41183,0.01150,1,1,2,1.332902,1.000000,4.363873,-0.013875,-0.013800,14.947532,6184,0.000923,0.074253,33851,14016,7591,4810,3324,2490,1876,1401,12415,1,1,1,1
23.0000,3862,1,1,43011,1,82713,0.520009,2,3,83,153,1026244,27.94642,0.00405,2.41183,0.01150,0,1,3,2.515154,1.910858,1.910858,-0.221784,-0.221545,14.739844,3867,0.015030,0.047086,34155,14176,7615,4861,3346,2463,1873,1518,12705,1,1,1,1
23.9000,3862,1,1,44711,1,85376,0.523701,1,5,5,89,121961,28.57011,0.00405,2.41183,0.01150,0,0,3,3.270922,2.637080,2.637080,-0.533668,-0.533361,14.427687,391,0.036968,0.004864,35387,14543,8127,5080,3455,2558,1871,1500,12854,1,1,1,1
22.3500,3863,1,1,42933,1,82082,0.523056,12,3,23,25,34972,27.49587,0.00706,2.41090,0.01058,0,1,3,1.802972,1.370313,1.370313,0.005042,0.005195,14.966535,6376,-0.000347,0.076441,34154,13977,7672,4842,3312,2406,1888,1484,12346,1,1,1,1
22.4000,3863,1,1,42451,1,81731,0.519405,57,2,57,57,118163,27.53050,0.00706,2.41090,0.01058,0,1,3,1.179425,1.053236,1.053236,-0.012230,-0.012187,14.948109,6183,0.000815,0.074219,33965,13846,7667,4754,3215,2421,1943,1379,12540,1,1,1,1
23.0000,3863,1,1,43202,0,82910,0.521077,1,3,224,224,217676,27.94643,0.00706,2.41090,0.01058,1,1,2,1.324763,1.000000,1.525219,-0.220242,-0.220169,14.740963,3865,0.014936,0.047046,34361,13980,7665,4963,3282,2538,1941,1469,12710,1,1,1,1
23.9000,3863,1,1,44615,1,85175,0.523810,28,142,142,142,168699,28.57013,0.00706,2.41090,0.01058,0,1,3,1.450064,1.240200,1.240200,-0.532073,-0.531977,14.429411,389,0.036868,0.004837,35629,14274,7796,5062,3469,2477,1966,1463,13038,1,1,1,1
22.3500,3864,1,1,42601,1,81287,0.524088,1,20,20,46,36516,27.49633,0.00473,2.40786,0.00928,0,1,3,8.896341,7.838431,7.838431,0.003944,0.004510,14.965272,6380,-0.000301,0.076476,33455,13911,7562,4761,3300,2475,1896,1453,12473,1,1,1,1
22.4000,3864,1,1,42700,0,81823,0.521865,3,12422,12422,12422,147924,27.53095,0.00473,2.40786,0.00928,1,0,3,1.000079,1.000000,1.024211,-0.013098,-0.013097,14.948336,6188,0.000876,0.074258,33897,13830,7562,4894,3383,2438,1932,1443,12443,1,1,1,1
23.0000,3864,1,1,43332,0,83040,0.521827,1,3,3,30,68821,27.94694,0.00473,2.40786,0.00928,1,1,2,1.328360,1.000000,1.537980,-0.221151,-0.221077,14.740059,3869,0.014998,0.047086,34419,14159,7632,4938,3415,2464,1933,1469,12610,1,1,1,1
23.9000,3864,1,1,44462,0,84984,0.523187,1,5,6,686,63387,28.57067,0.00473,2.40786,0.00928,1,1,2,1.354907,1.000000,2.438136,-0.533075,-0.532996,14.428325,391,0.036941,0.004861,35125,14478,8040,4990,3350,2494,1921,1558,13027,1,1,1,1
22.3500,3865,1,1,42592,0,81823,0.520545,2,2,26,83,159458,27.49346,0.00825,2.41090,0.01066,1,0,3,1.386420,1.000000,1.311269,0.004568,0.004653,14.965954,6380,-0.000311,0.076453,34074,13653,7648,4892,3376,2464,1814,1481,12420,1,1,1,1
22.4000,3865,1,1,42691,1,82053,0.520292,5,3,12,87,28557,27.52825,0.00825,2.41090,0.01066,0,1,3,1.821805,1.523578,1.523578,-0.012850,-0.012695,14.948716,6185,0.000849,0.074201,34166,13840,7654,4798,3364,2517,1812,1548,12353,1,1,1,1
23.0000,3865,1,1,43367,1,83132,0.521671,9,14,14,178,79139,27.94414,0.00825,2.41090,0.01066,0,1,3,5.916848,5.119021,5.119021,-0.220953,-0.220493,14.740908,3865,0.014958,0.047022,34501,14114,7796,4886,3360,2483,1853,1487,12651,1,1,1,1
23.9000,3865,1,1,44067,1,84609,0.520837,1,352,352,352,39419,28.56788,0.00825,2.41090,0.01066,0,1,3,151.679509,136.857753,136.857753,-0.533250,-0.531950,14.429483,387,0.036866,0.004810,34851,14354,7790,5014,3508,2628,1903,1522,13038,1,1,1,1
22.3500,3866,1,1,42676,0,81816,0.521616,1,23,35,96,408848,27.49281,0.00687,2.41028,0.00970,1,1,2,1.411906,1.000000,11.865183,0.003147,0.003237,14.964505,6379,-0.000216,0.076428,34251,13656,7671,4680,3301,2439,1830,1525,12462,1,1,1,1
22.4000,3866,1,1,42835,1,81778,0.523803,1,43,43,43,89235,27.52742,0.00687,2.41028,0.00970,0,1,3,24.027715,20.071032,20.071032,-0.014222,-0.013400,14.947042,6188,0.000897,0.074226,33954,13793,7706,4725,3311,2443,1850,1516,12479,1,1,1,1
23.0000,3866,1,1,43395,1,83459,0.519962,1,7,22,38,294323,27.94338,0.00687,2.41028,0.00970,0,1,3,1.738819,1.632563,1.632563,-0.221877,-0.221734,14.739683,3866,0.015043,0.047026,34760,14182,7801,4931,3384,2426,1922,1474,12578,1,1,1,1
23.9000,3866,1,1,44150,0,84821,0.520514,9,5,10,37,41742,28.56714,0.00687,2.41028,0.00970,1,0,3,1.167407,1.000000,1.096168,-0.533706,-0.533666,14.427722,387,0.036989,0.004809,35012,14408,7915,4906,3405,2605,1923,1531,13115,1,1,1,1
22.3500,3867,1,1,42895,1,82109,0.522422,3,1,5,47,636968,27.50286,0.00405,2.40961,0.00969,0,0,3,1.219670,1.004725,1.004725,0.007153,0.007204,14.968223,6383,-0.000481,0.076437,34063,13953,7652,4872,3398,2411,1903,1516,12340,1,1,1,1
22.4000,3867,1,1,42672,0,81984,0.520498,1,10,10,10,59991,27.53746,0.00405,2.40961,0.00969,1,0,2,1.260340,1.000000,3.414419,-0.010311,-0.010251,14.951110,6191,0.000686,0.074223,33998,14038,7595,4857,3353,2466,1803,1464,12409,1,1,1,1
23.0000,3867,1,1,43623,1,83246,0.524031,1,4,69,216,1068588,27.95349,0.00405,2.40961,0.00969,0,1,3,2.113320,1.780005,1.780005,-0.218241,-0.218048,14.743335,3874,0.014790,0.047099,34426,14278,7769,4838,3329,2531,1918,1506,12650,1,1,1,1
23.9000,3867,1,1,44411,1,85251,0.520950,1,3,161,161,270103,28.57727,0.00405,2.40961,0.00969,0,1,3,1.527501,1.354588,1.354588,-0.530093,-0.529983,14.431416,389,0.036724,0.004832,35296,14408,7955,5221,3477,2462,1901,1551,12979,1,1,1,1
22.3500,3868,1,1,42831,1,81662,0.524498,35,2,35,176,217843,27.50439,0.00473,2.41479,0.00951,0,1,3,1.593257,1.230042,1.230042,0.008288,0.008409,14.969757,6385,-0.000562,0.076434,33857,13767,7608,4868,3359,2422,1891,1398,12491,1,1,1,1
22.4000,3868,1,1,42612,0,81865,0.520522,5,2,59,16987,121830,27.53915,0.00473,2.41479,0.00951,1,1,3,1.404356,1.000000,1.297230,-0.009099,-0.009011,14.952211,6191,0.000603,0.074198,33989,13946,7618,4721,3362,2429,1883,1452,12464,1,1,1,1
23.0000,3868,1,1,43031,1,83029,0.518271,30,2,111,111,256223,27.95508,0.00473,2.41479,0.00951,0,0,3,1.085506,1.055557,1.055557,-0.217033,-0.217011,14.743498,3870,0.014719,0.047038,34434,14156,7528,4899,3365,2492,1887,1502,12765,1,1,1,1
23.9000,3868,1,1,44570,0,85493,0.521335,508,206,508,508,481505,28.57887,0.00473,2.41479,0.00951,1,0,2,1.006568,1.000000,1.362697,-0.528971,-0.528969,14.432462,389,0.036651,0.004830,35540,14651,7917,5026,3467,2578,1889,1533,12891,1,1,1,1
22.3500,3869,1,1,42564,0,81581,0.521746,4,2,65,293,64825,27.50450,0.00491,2.41601,0.01143,1,1,2,1.414186,1.000000,1.571514,0.008284,0.008373,14.969626,6382,-0.000559,0.076379,33771,13769,7565,4902,3360,2370,1851,1499,12493,1,1,1,1
22.4000,3869,1,1,42623,1,81917,0.520326,1,1,3,25,87232,27.53908,0.00491,2.41601,0.01143,0,0,3,1.715135,1.269938,1.269938,-0.008976,-0.008837,14.952321,6190,0.000591,0.074167,34005,13972,7615,4708,3326,2502,1842,1524,12422,1,1,1,1
23.0000,3869,1,1,43461,1,83674,0.519415,2,10,10,259,90144,27.95507,0.00491,2.41601,0.01143,0,1,3,1.670873,1.200447,1.123562,-0.216952,-0.216820,14.744477,3867,0.014705,0.046986,34909,14090,7749,4974,3464,2484,1928,1495,12580,1,1,1,1
23.9000,3869,1,1,44422,0,85291,0.520835,1,14,14,52,237710,28.57889,0.00491,2.41601,0.01143,1,1,2,1.398244,1.000000,7.387881,-0.529112,-0.529026,14.432186,385,0.036656,0.004779,35342,14432,8018,4999,3535,2495,1881,1519,13069,1,1,1,1
22.3500,3870,1,1,42574,0,81504,0.522361,1,5,68,68,405802,27.50357,0.00473,2.41523,0.00936,1,1,2,1.356487,1.000000,2.809222,0.007717,0.007796,14.969117,6387,-0.000521,0.076421,33599,13902,7545,4797,3416,2406,1880,1436,12522,1,1,1,1
22.4000,3870,1,1,42926,0,82284,0.521687,3,7,29,101,343740,27.53832,0.00473,2.41523,0.00936,1,0,2,1.214081,1.000000,1.753267,-0.009596,-0.009546,14.951830,6192,0.000638,0.074174,34207,13861,7885,4912,3265,2470,1922,1485,12276,1,1,1,1
23.0000,3870,1,1,43612,0,83453,0.522600,1,21,21,86,413547,27.95421,0.00473,2.41523,0.00936,1,1,2,1.112142,1.000000,2.630659,-0.217593,-0.217565,14.743291,3872,0.014757,0.047039,34656,14268,7813,4856,3515,2466,1847,1427,12604,1,1,1,1
23.9000,3870,1,1,44453,1,85189,0.521822,1,6,30,97,242543,28.57804,0.00473,2.41523,0.00936,0,1,3,2.985109,2.355762,2.355762,-0.529495,-0.529212,14.432146,387,0.036669,0.004803,35327,14590,7906,5038,3367,2518,1903,1477,13062,1,1,1,1
22.3500,3871,1,1,42686,0,81959,0.520828,2,5,19,142,68471,27.50055,0.00422,2.41534,0.00972,1,1,2,1.397271,1.000000,2.597436,0.006027,0.006113,14.967324,6386,-0.000408,0.076399,34216,13787,7580,4780,3316,2497,1849,1490,12443,1,1,1,1
22.4000,3871,1,1,42862,0,81821,0.523857,1,8,8,22,57868,27.53529,0.00422,2.41534,0.00972,1,1,2,1.170901,1.000000,1.671065,-0.011285,-0.011245,14.949718,6192,0.000752,0.074165,33887,13919,7612,4873,3275,2428,1920,1486,12420,1,1,1,1
23.0000,3871,1,1,43621,1,83366,0.523253,1,24,24,774,156182,27.95125,0.00422,2.41534,0.00972,0,1,3,1.832902,1.300111,1.040665,-0.219202,-0.219045,14.742188,3870,0.014858,0.047006,34718,14133,7727,4946,3299,2515,1892,1490,12645,1,1,1,1
23.9000,3871,1,1,44649,1,85260,0.523687,1,21,21,28,109006,28.57492,0.00422,2.41534,0.00972,0,1,3,3.556669,2.785193,2.747577,-0.531164,-0.530836,14.430251,386,0.036786,0.004790,35466,14398,7928,4963,3325,2494,1988,1596,13101,1,1,1,1
22.3500,3872,1,1,42436,0,81303,0.521955,10,16,42,409,105909,27.49991,0.00653,2.41450,0.01025,1,1,2,1.067466,1.000000,1.151692,0.006850,0.006867,14.967596,6393,-0.000459,0.076461,33577,13614,7620,4881,3279,2478,1889,1452,12512,1,1,1,1
22.4000,3872,1,1,42921,1,82268,0.521728,27,6,27,97,723621,27.53446,0.00653,2.41450,0.01025,0,0,3,1.167638,1.132484,1.132484,-0.010423,-0.010383,14.950150,6200,0.000695,0.074240,34476,13963,7663,4753,3261,2447,1787,1433,12484,1,1,1,1
23.0000,3872,1,1,43282,0,83028,0.521300,1,4,80,1371,85518,27.95050,0.00653,2.41450,0.01025,1,1,3,1.213817,1.000000,1.162600,-0.218442,-0.218392,14.742627,3878,0.014814,0.047089,34383,14246,7723,4798,3392,2383,1835,1538,12729,1,1,1,1
23.9000,3872,1,1,44435,1,85422,0.520188,2,5,5,15,170066,28.57418,0.00653,2.41450,0.01025,0,0,3,1.569269,1.260360,1.260360,-0.530298,-0.530182,14.430873,392,0.036739,0.004863,35548,14543,7840,5036,3523,2509,1905,1525,12992,1,1,1,1
22.3500,3873,1,1,42699,1,81718,0.522523,1,3,12,245,365180,27.49830,0.00458,2.40332,0.01066,0,1,3,2.692239,1.990616,1.990616,0.005058,0.005314,14.966738,6391,-0.000355,0.076422,33939,13863,7471,4780,3418,2477,1851,1477,12441,1,1,1,1
22.4000,3873,1,1,42940,0,82082,0.523142,2,19,41,41,225007,27.53302,0.00458,2.40332,0.01066,1,0,2,1.107663,1.000000,2.307451,-0.012322,-0.012296,14.949110,6198,0.000822,0.074202,34118,13860,7735,4725,3394,2403,1907,1506,12433,1,1,1,1
23.0000,3873,1,1,43390,0,83522,0.519510,4,10,13,17,31358,27.94894,0.00458,2.40332,0.01066,1,1,2,1.235542,1.000000,2.733221,-0.220305,-0.220251,14.740794,3876,0.014942,0.047059,34491,14359,7926,4819,3457,2490,1849,1484,12646,1,1,1,1
23.9000,3873,1,1,44536,0,85327,0.521951,2,2,16,102,3804764,28.57265,0.00458,2.40332,0.01066,1,1,3,1.323988,1.000000,1.061645,-0.532037,-0.531964,14.429169,389,0.036867,0.004825,35393,14370,8080,5048,3522,2404,1922,1477,13110,1,1,1,1
22.3500,3874,1,1,42887,1,82087,0.522464,4,692,692,692,22297,27.49629,0.00458,2.40309,0.00950,0,0,3,6.345818,6.116494,6.116494,0.003971,0.004448,14.965030,6395,-0.000297,0.076459,34193,14007,7503,4855,3387,2402,1937,1460,12342,1,1,1,1
22.4000,3874,1,1,42840,0,81969,0.522643,1,4,56,317,31888,27.53100,0.00458,2.40309,0.00950,1,1,2,1.347859,1.000000,2.198938,-0.013250,-0.013173,14.947983,6200,0.000881,0.074212,34044,13838,7692,4938,3200,2467,1849,1513,12427,1,1,1,1
23.0000,3874,1,1,43579,1,83469,0.522104,1,4,88,134,127010,27.94700,0.00458,2.40309,0.00950,0,0,3,1.999583,1.505577,1.505577,-0.221201,-0.221022,14.740115,3877,0.014995,0.047061,34466,14339,7753,4847,3460,2570,1887,1500,12646,1,1,1,1
23.9000,3874,1,1,44468,0,85532,0.519905,2,2,24,180,55640,28.57072,0.00458,2.40309,0.00950,1,1,2,1.408190,1.000000,1.620246,-0.533073,-0.532984,14.428293,388,0.036940,0.004812,35700,14570,7800,4990,3539,2512,1910,1503,13007,1,1,1,1
22.3500,3875,1,1,42764,0,81779,0.522928,9,3,9,24,33741,27.49171,0.00545,2.41244,0.01022,1,1,2,1.363750,1.000000,1.688279,0.002166,0.002246,14.963563,6394,-0.000150,0.076435,33708,13855,7683,4904,3368,2443,1884,1509,12424,1,1,1,1
22.4000,3875,1,1,42946,0,82143,0.522826,9,2,50,50,138996,27.52641,0.00545,2.41244,0.01022,1,1,3,1.389114,1.000000,1.194989,-0.015136,-0.015051,14.946249,6200,0.001007,0.074202,34197,13940,7570,4861,3403,2508,1783,1492,12388,1,1,1,1
23.0000,3875,1,1,43308,0,83294,0.519948,1,6,44,49,76089,27.94230,0.00545,2.41244,0.01022,1,1,2,1.399734,1.000000,3.418771,-0.223221,-0.223134,14.738081,3875,0.015140,0.047031,34608,14197,7791,4847,3397,2490,1805,1466,12692,1,1,1,1
23.9000,3875,1,1,44541,1,85513,0.520874,49,14,60,60,73696,28.56604,0.00545,2.41244,0.01022,0,1,3,9.676596,7.360694,7.360694,-0.535191,-0.534605,14.425166,389,0.037061,0.004824,35380,14524,7966,5147,3542,2573,1969,1497,12914,1,1,1,1
22.3500,3876,1,1,42928,0,82428,0.520800,4,8,8,51,79384,27.49326,0.00458,2.41550,0.01157,1,1,2,1.239000,1.000000,2.294208,0.002532,0.002587,14.963636,6396,-0.000173,0.076439,34330,14342,7686,4773,3284,2350,1768,1436,12458,1,1,1,1
22.4000,3876,1,1,43098,0,82148,0.524645,4,9,9,43,58434,27.52795,0.00458,2.41550,0.01157,1,1,2,1.367107,1.000000,4.278628,-0.014898,-0.014817,14.946358,6202,0.000991,0.074206,34276,13918,7506,4821,3388,2542,1839,1472,12385,1,1,1,1
23.0000,3876,1,1,43353,1,83311,0.520382,1,10,10,43,154247,27.94391,0.00458,2.41550,0.01157,0,1,3,2.217189,1.845365,1.845365,-0.222769,-0.222564,14.738816,3877,0.015101,0.047041,34546,14183,7726,4958,3427,2469,1935,1488,12578,1,1,1,1
23.9000,3876,1,1,44703,1,85686,0.521713,1,35,35,95,245422,28.56767,0.00458,2.41550,0.01157,0,0,3,4.359192,3.669821,3.669821,-0.534738,-0.534358,14.426629,388,0.037040,0.004810,35802,14519,8044,4929,3402,2590,1957,1486,12956,1,1,1,1
22.3500,3877,1,1,42765,1,81664,0.523677,1,164,164,164,162098,27.49091,0.00475,2.41226,0.01057,0,1,3,63.006080,58.068360,58.068360,0.001090,0.002159,14.963591,6394,-0.000144,0.076395,33709,13878,7678,4825,3350,2405,1947,1495,12376,1,1,1,1
22.4000,3877,1,1,43062,0,82297,0.523258,1,4,67,79,1278858,27.52560,0.00475,2.41226,0.01057,1,0,3,1.205176,1.000000,1.206522,-0.015750,-0.015702,14.945676,6200,0.001051,0.074166,34197,13996,7614,4917,3345,2462,1883,1485,12397,1,1,1,1
23.0000,3877,1,1,43471,1,83184,0.522595,95,22,95,95,1164148,27.94163,0.00475,2.41226,0.01057,0,1,3,3.433147,3.173819,3.173819,-0.223893,-0.223574,14.737838,3873,0.015170,0.046983,34388,14194,7728,4927,3370,2548,1860,1471,12697,1,1,1,1
23.9000,3877,1,1,44502,0,85355,0.521382,7,15,238,238,651215,28.56541,0.00475,2.41226,0.01057,1,1,2,1.403518,1.000000,7.434991,-0.535892,-0.535804,14.425481,384,0.037143,0.004759,35288,14627,8044,5029,3396,2524,1962,1554,12930,1,1,1,1
22.3500,3878,1,1,42721,1,81945,0.521344,1,13,40,56,229723,27.48269,0.00757,2.40935,0.01300,0,1,3,2.500305,2.204858,2.204858,-0.001306,-0.001070,14.960329,6399,0.000072,0.076452,33984,13926,7665,4945,3261,2399,1860,1431,12473,1,1,1,1
22.4000,3878,1,1,42669,1,81631,0.522712,1,2,19,19,514503,27.51736,0.00757,2.40935,0.01300,0,1,3,2.542243,1.823808,1.823808,-0.018618,-0.018378,14.942718,6207,0.001230,0.074245,33708,13871,7684,4788,3261,2428,1916,1464,12510,1,1,1,1
23.0000,3878,1,1,43624,0,83845,0.520300,3,82,82,82,425378,27.93329,0.00757,2.40935,0.01300,1,0,2,1.067459,1.000000,5.795778,-0.226730,-0.226713,14.734703,3878,0.015386,0.047042,35095,14220,7913,4856,3403,2399,1913,1475,12570,1,1,1,1
23.9000,3878,1,1,44503,1,85493,0.520552,2,1,16,60,136196,28.55708,0.00757,2.40935,0.01300,0,0,3,1.265795,1.009915,1.009915,-0.538396,-0.538335,14.422730,388,0.037325,0.004808,35585,14399,8009,4985,3512,2565,1951,1482,13004,1,1,1,1
22.3500,3879,1,1,42867,1,82111,0.522068,1,33,33,170,52562,27.48667,0.00439,2.40788,0.01422,0,1,3,2.243935,1.855824,1.855824,-0.000817,-0.000609,14.960768,6399,0.000041,0.076430,34097,14031,7670,4812,3294,2370,1903,1453,12480,1,1,1,1
22.4000,3879,1,1,42872,0,82013,0.522753,11,2908,2908,2908,659581,27.52134,0.00439,2.40788,0.01422,1,1,2,1.403715,1.000000,1411.050216,-0.019008,-0.018920,14.942301,6205,0.001266,0.074204,34179,14005,7534,4737,3334,2358,1846,1444,12575,1,1,1,1
23.0000,3879,1,1,43448,0,83105,0.522815,1,13,30,261,196737,27.93733,0.00439,2.40788,0.01422,1,1,2,1.242661,1.000000,3.766364,-0.226241,-0.226185,14.735182,3877,0.015350,0.047016,34379,14169,7745,4841,3341,2486,1876,1503,12764,1,1,1,1
23.9000,3879,1,1,44686,0,85544,0.522381,1,3,146,146,803727,28.56115,0.00439,2.40788,0.01422,1,0,2,1.356026,1.000000,1.973811,-0.538062,-0.537984,14.423338,386,0.037300,0.004782,35458,14343,8062,5080,3476,2626,1940,1537,13021,1,1,1,1
22.3500,3880,1,1,42877,1,81966,0.523114,3,2,14,23,286990,27.48976,0.00646,2.41136,0.01127,0,1,3,1.651221,1.273854,1.273854,0.001693,0.001823,14.963220,6402,-0.000122,0.076434,34040,13914,7644,4725,3345,2509,1843,1511,12434,1,1,1,1
22.4000,3880,1,1,42912,0,82131,0.522489,1,1,29,37,221803,27.52441,0.00646,2.41136,0.01127,1,1,3,1.412335,1.000000,1.306670,-0.015635,-0.015546,14.945722,6208,0.001040,0.074204,33964,14035,7586,4991,3310,2421,1865,1472,12486,1,1,1,1
23.0000,3880,1,1,43557,1,83433,0.522066,1,1,8,140,154451,27.94030,0.00646,2.41136,0.01127,0,0,3,1.516339,1.076049,1.076049,-0.223547,-0.223439,14.737837,3882,0.015161,0.047056,34495,14324,7819,4973,3286,2443,1874,1499,12719,1,1,1,1
23.9000,3880,1,1,44342,0,84990,0.521738,2,2,10,78,159054,28.56413,0.00646,2.41136,0.01127,1,1,3,1.363925,1.000000,1.260531,-0.535494,-0.535414,14.425759,388,0.037115,0.004805,35194,14320,7945,5086,3350,2491,1951,1465,13187,1,1,1,1
22.3500,3881,1,1,42813,1,81905,0.522722,2,1,21,59,186509,27.48599,0.00716,2.41156,0.01118,0,1,3,1.407747,1.028950,1.028950,0.000245,0.000333,14.961648,6400,-0.000022,0.076398,33981,13885,7561,4854,3343,2384,1790,1449,12657,1,1,1,1
22.4000,3881,1,1,43085,1,82126,0.524627,2,2,11,232,115905,27.52064,0.00716,2.41156,0.01118,0,0,3,1.407544,1.131994,1.131994,-0.017088,-0.017000,14.944054,6207,0.001138,0.074181,34186,13851,7618,4796,3400,2518,1812,1498,12446,1,1,1,1
23.0000,3881,1,1,43555,1,83675,0.520532,6,2,12,381,133602377,27.93660,0.00716,2.41156,0.01118,0,0,3,1.163931,1.038104,1.038104,-0.225057,-0.225018,14.735860,3878,0.015270,0.047002,34625,14196,7848,5004,3396,2518,1922,1472,12693,1,1,1,1
23.9000,3881,1,1,44508,0,85442,0.520921,1,1,3,31,333715,28.56027,0.00716,2.41156,0.01118,1,1,3,1.405573,1.000000,1.219135,-0.536915,-0.536828,14.424397,385,0.037217,0.004767,35408,14599,7876,5150,3358,2587,2063,1524,12876,1,1,1,1
22.3500,3882,1,1,42942,0,82112,0.522975,4,1,9,671,101494,27.48921,0.00475,2.41047,0.01240,1,1,3,1.403613,1.000000,1.078261,0.000719,0.000806,14.962091,6404,-0.000054,0.076424,34003,13865,7687,5020,3298,2416,1868,1501,12453,1,1,1,1
22.4000,3882,1,1,43171,1,82261,0.524812,1,3,66,66,293373,27.52385,0.00475,2.41047,0.01240,0,1,3,1.728234,1.222587,1.137078,-0.016613,-0.016472,14.944776,6208,0.001102,0.074171,34174,13966,7783,4751,3317,2431,1891,1477,12470,1,1,1,1
23.0000,3882,1,1,43775,1,83922,0.521622,1,28,28,115,141300,27.93988,0.00475,2.41047,0.01240,0,1,3,15.685428,13.130983,13.130983,-0.224952,-0.224243,14.737189,3879,0.015216,0.046998,34796,14334,7905,5005,3483,2474,1864,1451,12609,1,1,1,1
23.9000,3882,1,1,44831,1,85393,0.525002,3,9,14,112,169006,28.56357,0.00475,2.41047,0.01240,0,1,3,5.105984,4.221966,4.221966,-0.536650,-0.536230,14.425164,385,0.037173,0.004766,35392,14488,7962,4998,3430,2519,1907,1620,13076,1,1,1,1
