k,n,ok,brk,idx,parity,len,irat,pqat,pqnext,pqw5,pqw20,pqmax,logh11,logh22,logmz,logg0,incone,redst,jhi,rho,rho2,skew,loglam1,logcone,logq,v2qp,dinf,d2,q1,q2,q3,q4,q5,q6,q7,q8,q9,cY,cX,cIdx,intq
22.3500,6009,1,1,66353,1,126783,0.523363,2,62,62,263,94826,27.47995,0.00161,2.38467,0.00820,0,1,3,8.066891,7.342411,7.342411,-0.005446,-0.005099,14.956388,9916,0.000341,0.076477,52703,21565,11675,7341,5234,3796,2878,2198,19392,1,1,1,1
22.4000,6009,1,1,66436,0,127626,0.520556,5,2,8,37,278677,27.51455,0.00161,2.38467,0.00820,1,0,3,1.336279,1.000000,1.222654,-0.022596,-0.022547,14.938890,9617,0.001509,0.074258,53045,21728,11825,7556,5164,3829,2936,2319,19223,1,1,1,1
23.0000,6009,1,1,67465,1,129106,0.522559,5,3,6,86,102285,27.93051,0.00161,2.38467,0.00820,0,1,3,1.535817,1.086210,1.006175,-0.230554,-0.230483,14.730901,6010,0.015646,0.047062,53593,21852,11989,7686,5317,3751,2958,2184,19775,1,1,1,1
23.9000,6009,1,1,69144,0,132263,0.522781,1,1,11,345,718242,28.55433,0.00161,2.38467,0.00820,1,0,3,1.371819,1.000000,1.071476,-0.542477,-0.542424,14.419001,608,0.037619,0.004864,54941,22325,12306,7854,5418,3991,2925,2312,20190,1,1,1,1
22.3500,6021,1,1,66302,0,127312,0.520788,2,5,534,534,541493,27.48085,0.00184,2.37789,0.00754,1,1,2,1.414019,1.000000,3.245715,-0.004789,-0.004731,14.956660,9937,0.000316,0.076485,52734,21597,11672,7595,5261,3878,2925,2323,19326,1,1,1,1
22.4000,6021,1,1,66302,0,127650,0.519409,1,2,575,575,803916,27.51550,0.00184,2.37789,0.00754,1,1,2,1.370237,1.000000,1.603699,-0.022054,-0.022002,14.939337,9636,0.001473,0.074254,53081,21653,11759,7440,5273,3919,2837,2323,19364,1,1,1,1
23.0000,6021,1,1,67681,1,129475,0.522738,2,4,159,159,1458443,27.93144,0.00184,2.37789,0.00754,0,0,3,1.475980,1.163586,1.163586,-0.229997,-0.229932,14.731343,6022,0.015608,0.047060,53587,21899,12220,7643,5300,3864,2944,2381,19636,1,1,1,1
23.9000,6021,1,1,68918,0,132593,0.519775,1,47,59,82,378257,28.55517,0.00184,2.37789,0.00754,1,1,2,1.038804,1.000000,1.931757,-0.541903,-0.541896,14.419064,604,0.037582,0.004822,55077,22437,12268,7810,5311,4009,3021,2428,20231,1,1,1,1
22.3500,6033,1,1,66567,1,127260,0.523083,4,6,162,162,91640,27.47218,0.00497,2.38010,0.01007,0,1,3,3.732723,2.993372,2.993372,-0.007531,-0.007313,14.954156,9956,0.000489,0.076492,52494,21753,11782,7497,5302,3866,2861,2306,19398,1,1,1,1
22.4000,6033,1,1,66732,0,127819,0.522086,37,4,38,38,89087,27.50687,0.00497,2.38010,0.01007,1,1,2,1.379603,1.000000,1.835121,-0.024839,-0.024786,14.936560,9659,0.001659,0.074297,52825,21885,11943,7558,5256,3895,2881,2239,19336,1,1,1,1
23.0000,6033,1,1,67598,0,129600,0.521594,4,427,427,427,650545,27.92278,0.00497,2.38010,0.01007,1,1,2,1.081564,1.000000,36.266534,-0.233043,-0.233030,14.728460,6034,0.015822,0.047070,53570,21978,12141,7678,5211,3906,3014,2377,19724,1,1,1,1
23.9000,6033,1,1,69501,1,133213,0.521732,1,3,3,28,4984851,28.54654,0.00497,2.38010,0.01007,0,1,3,1.935200,1.410292,1.410292,-0.544648,-0.544538,14.416887,605,0.037771,0.004821,55151,22832,12436,7875,5333,4010,3126,2371,20078,1,1,1,1
22.3500,6045,1,1,66789,1,127778,0.522700,1,13,105,105,668226,27.47749,0.00172,2.37799,0.00848,0,0,3,4.314839,3.505914,3.505914,-0.006489,-0.006247,14.955004,9975,0.000418,0.076481,53294,21451,11874,7480,5170,3820,2876,2323,19489,1,1,1,1
22.4000,6045,1,1,67015,1,128510,0.521481,3,2,9,37,44317,27.51223,0.00172,2.37799,0.00848,0,1,3,1.813096,1.436699,1.436699,-0.023782,-0.023684,14.937773,9671,0.001585,0.074236,53381,21900,11821,7755,5152,3888,2933,2291,19388,1,1,1,1
23.0000,6045,1,1,67948,0,130372,0.521190,9,8,9,202,807286,27.92812,0.00172,2.37799,0.00848,1,1,2,1.255937,1.000000,2.461699,-0.231775,-0.231737,14.729721,6044,0.015733,0.047050,54107,22447,12076,7546,5361,3905,3004,2274,19651,1,1,1,1
23.9000,6045,1,1,69395,1,133278,0.520682,1,3,7,107,1241720,28.55190,0.00172,2.37799,0.00848,0,0,3,2.365931,1.761446,1.761446,-0.543635,-0.543493,14.417830,604,0.037696,0.004804,55285,22525,12600,7744,5411,3980,3004,2398,20330,1,1,1,1
22.3500,6057,1,1,66838,0,128170,0.521483,2,11,11,55,180240,27.47847,0.00195,2.38554,0.00776,1,1,2,1.313194,1.000000,4.390149,-0.005882,-0.005837,14.955469,9993,0.000390,0.076465,53164,21731,11899,7529,5287,3936,2940,2285,19398,1,1,1,1
22.4000,6057,1,1,66757,1,128212,0.520681,1,41,41,85,76778,27.51314,0.00195,2.38554,0.00776,0,1,3,2.916367,2.290092,2.228560,-0.023162,-0.022985,14.938296,9693,0.001539,0.074255,53276,21696,11845,7565,5237,3813,2950,2276,19553,1,1,1,1
23.0000,6057,1,1,68049,1,130113,0.523003,5,5,90,90,396473,27.92912,0.00195,2.38554,0.00776,0,0,3,1.893510,1.734722,1.734722,-0.231130,-0.231024,14.730078,6054,0.015684,0.047033,53679,22275,12308,7593,5265,3918,2894,2398,19782,1,1,1,1
23.9000,6057,1,1,69446,0,133575,0.519907,1,13,141,141,16216990,28.55292,0.00195,2.38554,0.00776,1,1,2,1.089638,1.000000,1.379143,-0.543008,-0.542994,14.418495,604,0.037660,0.004794,55421,22657,12384,7764,5524,4073,2992,2296,20463,1,1,1,1
22.3500,6069,1,1,67037,1,128411,0.522054,1,3,5,66,62442,27.47197,0.00171,2.37060,0.00817,0,1,3,2.693171,2.005063,2.005063,-0.009272,-0.009108,14.952379,10014,0.000609,0.076490,53451,21616,11887,7495,5243,3879,2977,2301,19561,1,1,1,1
22.4000,6069,1,1,66635,1,128186,0.519835,1,17,17,185,157378,27.50657,0.00171,2.37060,0.00817,0,1,3,7.255504,6.299749,6.299749,-0.026671,-0.026345,14.935139,9710,0.001764,0.074254,53107,21594,12085,7428,5266,3850,3063,2218,19574,1,1,1,1
23.0000,6069,1,1,68010,0,130560,0.520914,3,2,6,38,216383,27.92253,0.00171,2.37060,0.00817,1,1,3,1.407919,1.000000,1.237212,-0.234514,-0.234458,14.726947,6068,0.015920,0.047059,54114,22256,12192,7655,5381,3785,2947,2395,19834,1,1,1,1
23.9000,6069,1,1,69894,0,134279,0.520517,8,4,17,18,550039,28.54635,0.00171,2.37060,0.00817,1,1,2,1.391414,1.000000,2.387119,-0.546480,-0.546425,14.414931,606,0.037907,0.004801,56171,22705,12519,7718,5416,3971,3022,2407,20349,1,1,1,1
22.3500,6081,1,1,67234,0,128667,0.522547,3,9,54,54,715147,27.47571,0.00171,2.37676,0.00665,1,1,2,1.128291,1.000000,1.286024,-0.007343,-0.007323,14.953835,10038,0.000490,0.076515,53444,21841,12084,7539,5237,3816,2857,2258,19590,1,1,1,1
22.4000,6081,1,1,67533,1,128982,0.523589,1,51,58,58,255610,27.51036,0.00171,2.37676,0.00665,0,1,3,29.389115,24.244214,24.244214,-0.024911,-0.024355,14.937149,9733,0.001631,0.074273,53498,21910,12062,7621,5226,3919,2919,2260,19566,1,1,1,1
23.0000,6081,1,1,68286,0,131352,0.519874,1,38,51,265,1044221,27.92630,0.00171,2.37676,0.00665,1,0,2,1.119941,1.000000,4.920385,-0.232747,-0.232728,14.728756,6084,0.015801,0.047084,54653,22288,12466,7764,5277,3939,2896,2286,19782,1,1,1,1
23.9000,6081,1,1,69873,1,134212,0.520621,4,2,15,133,153602,28.55003,0.00171,2.37676,0.00665,0,1,3,1.548098,1.207180,1.207180,-0.544495,-0.544423,14.417030,615,0.037763,0.004862,55756,22752,12447,7910,5507,3970,3080,2395,20394,1,1,1,1
22.3500,6093,1,1,67304,0,128648,0.523168,3,8,86,86,78903,27.47571,0.00171,2.37350,0.00716,1,1,2,1.214886,1.000000,2.050475,-0.007362,-0.007330,14.953912,10058,0.000490,0.076516,53475,21645,12004,7701,5042,3754,2942,2407,19677,1,1,1,1
22.4000,6093,1,1,67364,0,128857,0.522785,11,19,538,538,160568,27.51040,0.00171,2.37350,0.00716,1,1,2,1.234470,1.000000,5.011571,-0.024785,-0.024750,14.936713,9748,0.001657,0.074243,53489,21863,12072,7581,5151,3844,2909,2217,19730,1,1,1,1
23.0000,6093,1,1,68526,0,131096,0.522720,1,1,6,32,601062,27.92631,0.00171,2.37350,0.00716,1,0,3,1.414026,1.000000,1.239630,-0.232620,-0.232564,14.728825,6093,0.015790,0.047061,54244,22230,12187,7821,5436,3880,2999,2382,19916,1,1,1,1
23.9000,6093,1,1,70209,1,134920,0.520379,1,2,7,244,902884,28.55007,0.00171,2.37350,0.00716,0,1,3,1.327991,1.056984,1.056984,-0.544489,-0.544442,14.417017,610,0.037764,0.004813,56000,23128,12615,7908,5462,3990,3055,2472,20289,1,1,1,1
22.3500,6105,1,1,67369,1,129056,0.522018,1,22,247,247,12024182,27.48026,0.00159,2.37408,0.00667,0,1,3,15.645162,11.759948,11.759948,-0.005265,-0.004814,14.956143,10075,0.000322,0.076483,53394,21992,11884,7573,5277,3840,2918,2392,19785,1,1,1,1
22.4000,6105,1,1,67332,0,129334,0.520610,14,1,19,26,1840568,27.51500,0.00159,2.37408,0.00667,1,1,3,1.412039,1.000000,1.018336,-0.022435,-0.022378,14.939022,9769,0.001498,0.074245,53908,21823,12148,7459,5139,3862,2970,2291,19733,1,1,1,1
23.0000,6105,1,1,68469,1,131156,0.522046,1,11,18,2517,128134,27.93089,0.00159,2.37408,0.00667,0,1,3,4.711301,4.087649,4.087649,-0.230494,-0.230240,14.730904,6108,0.015630,0.047077,54219,22319,12244,7703,5324,3908,3011,2312,20115,1,1,1,1
23.9000,6105,1,1,70267,1,135172,0.519838,8,4,10,210,523835,28.55467,0.00159,2.37408,0.00667,0,1,3,3.039801,2.245591,2.245591,-0.542332,-0.542150,14.419341,612,0.037599,0.004819,56240,22978,12617,8066,5387,4092,2987,2414,20390,1,1,1,1
22.3500,6117,1,1,67257,1,129141,0.520807,1,3,38,101,153823,27.48380,0.00181,2.38801,0.00684,0,0,3,1.763259,1.278104,1.278104,-0.003176,-0.003083,14.958267,10091,0.000206,0.076443,53587,22103,11804,7618,5158,3872,2999,2288,19711,1,1,1,1
22.4000,6117,1,1,67765,1,129837,0.521928,1,4,279,314,541239,27.51847,0.00181,2.38801,0.00684,0,1,3,2.496502,1.818969,1.818969,-0.020542,-0.020393,14.941035,9785,0.001365,0.074211,53964,21977,12209,7652,5253,3851,2946,2391,19593,1,1,1,1
23.0000,6117,1,1,68715,1,132032,0.520446,4,3,4,276,86948,27.93445,0.00181,2.38801,0.00684,0,0,3,1.247142,1.057867,1.057867,-0.228489,-0.228453,14.732762,6115,0.015506,0.047033,54916,22454,12206,7839,5368,3820,3030,2327,20071,1,1,1,1
23.9000,6117,1,1,70437,1,135280,0.520679,1,5,55,63,1668506,28.55825,0.00181,2.38801,0.00684,0,1,3,2.542372,2.276260,2.276260,-0.540451,-0.540298,14.421206,609,0.037466,0.004785,56161,23006,12718,8034,5455,4006,3051,2508,20340,1,1,1,1
22.3500,6129,1,1,67829,1,130001,0.521762,1,16,16,72,2055600,27.48464,0.00170,2.38538,0.00672,0,1,3,2.627853,2.512453,2.512453,-0.002959,-0.002802,14.958696,10112,0.000187,0.076450,54081,22307,12002,7668,5209,3907,2897,2236,19693,1,1,1,1
22.4000,6129,1,1,67701,1,129652,0.522179,2,4,176,259,128898,27.51925,0.00170,2.38538,0.00672,0,1,3,1.916758,1.461285,1.461285,-0.020218,-0.020112,14.941335,9806,0.001346,0.074223,53654,22098,12309,7466,5217,3826,2986,2328,19767,1,1,1,1
23.0000,6129,1,1,68749,1,131876,0.521319,1,1,5,22,403962,27.93520,0.00170,2.38538,0.00672,0,0,3,1.727895,1.274482,1.274482,-0.228183,-0.228093,14.733241,6128,0.015482,0.047039,54683,22387,12224,7774,5256,3937,3085,2335,20194,1,1,1,1
23.9000,6129,1,1,70757,1,136003,0.520264,1,1,10,93,167897,28.55903,0.00170,2.38538,0.00672,0,0,3,1.448992,1.033833,1.033833,-0.540079,-0.540018,14.421351,612,0.037446,0.004799,56800,22919,12646,8019,5496,4016,3151,2421,20534,1,1,1,1
22.3500,6141,1,1,67785,1,129772,0.522343,3,7,44,146,158595,27.48700,0.00387,2.38265,0.00610,0,1,3,2.823333,2.544231,2.544231,-0.000666,-0.000497,14.960625,10128,0.000033,0.076412,53801,21842,12159,7707,5296,3872,2937,2252,19905,1,1,1,1
22.4000,6141,1,1,67707,1,130017,0.520759,1,25,25,188,192938,27.52165,0.00387,2.38265,0.00610,0,1,3,15.973934,12.734275,12.734275,-0.018125,-0.017673,14.943826,9821,0.001183,0.074179,53945,22212,11991,7620,5284,3909,2967,2318,19770,1,1,1,1
23.0000,6141,1,1,68929,1,132424,0.520521,1,21,21,29,73342,27.93759,0.00387,2.38265,0.00610,0,0,3,3.120743,2.567340,2.567340,-0.225960,-0.225775,14.735471,6136,0.015322,0.047001,54971,22395,12496,7839,5287,3976,3055,2401,20003,1,1,1,1
23.9000,6141,1,1,70530,0,135718,0.519684,1,5,29,112,720769,28.56132,0.00387,2.38265,0.00610,1,1,2,1.278309,1.000000,2.016960,-0.537807,-0.537767,14.423522,610,0.037284,0.004774,56307,23139,12523,8150,5517,4106,3076,2411,20488,1,1,1,1
22.3500,6153,1,1,67807,1,130261,0.520551,1,12,30,43,114719,27.49248,0.00335,2.37304,0.00505,0,1,3,1.977008,1.398343,1.090289,0.001903,0.002014,14.963403,10158,-0.000135,0.076474,54114,22058,12156,7680,5203,3829,2941,2306,19973,1,1,1,1
22.4000,6153,1,1,68135,1,130834,0.520778,2,3,446,446,68766,27.52718,0.00335,2.37304,0.00505,0,1,3,1.562678,1.152867,1.152867,-0.015449,-0.015376,14.946059,9850,0.001029,0.074242,54460,22307,12115,7734,5360,3816,2945,2332,19764,1,1,1,1
23.0000,6153,1,1,68721,1,132268,0.519563,1,11,25,110,86134,27.94309,0.00335,2.37304,0.00505,0,0,3,1.546245,1.146394,1.146394,-0.223399,-0.223328,14.738003,6158,0.015153,0.047069,54720,22583,12330,7652,5481,3947,2970,2430,20154,1,1,1,1
23.9000,6153,1,1,70628,0,135877,0.519797,3,74,74,776,1540969,28.56684,0.00335,2.37304,0.00505,1,1,2,1.211355,1.000000,17.474881,-0.535503,-0.535472,14.425771,621,0.037119,0.004849,56407,23150,12796,7804,5411,4084,3092,2480,20652,1,1,1,1
22.3500,6165,1,1,68289,1,130651,0.522687,1,2,35,1250,239887,27.49557,0.00202,2.38191,0.00719,0,0,3,2.154642,1.558894,1.558894,0.002775,0.002900,14.964254,10174,-0.000194,0.076441,54495,22171,12058,7693,5220,3807,2933,2280,19993,1,1,1,1
22.4000,6165,1,1,68212,0,130702,0.521893,4,4,43,173,664971,27.53031,0.00202,2.38191,0.00719,1,1,2,1.326556,1.000000,1.820806,-0.014606,-0.014560,14.946884,9865,0.000974,0.074206,54382,21982,12214,7807,5249,3880,2961,2299,19927,1,1,1,1
23.0000,6165,1,1,69195,1,132563,0.521982,1,2,140,140,8428584,27.94620,0.00202,2.38191,0.00719,0,0,3,1.505351,1.077326,1.077326,-0.222506,-0.222440,14.738926,6168,0.015092,0.047051,55040,22525,12342,7683,5380,3936,2975,2374,20307,1,1,1,1
23.9000,6165,1,1,70817,1,136045,0.520545,2,16,19,123,78372,28.56997,0.00202,2.38191,0.00719,0,1,3,2.807269,2.332254,2.332254,-0.534460,-0.534293,14.427179,619,0.037034,0.004824,56565,22916,12757,8018,5586,3895,3142,2454,20711,1,1,1,1
22.3500,6177,1,1,68171,1,130869,0.520914,4,3,21,44,1666836,27.50449,0.00255,2.38162,0.00503,0,0,3,1.334205,1.146962,1.146962,0.007551,0.007598,14.968802,10198,-0.000508,0.076450,54217,22319,12177,7723,5433,3886,3025,2304,19784,1,1,1,1
22.4000,6177,1,1,68423,1,131075,0.522018,1,8,38,479,1211727,27.53917,0.00255,2.38162,0.00503,0,1,3,5.344336,4.229826,4.229826,-0.009892,-0.009621,14.951578,9889,0.000643,0.074219,54371,22366,12223,7692,5392,3884,2965,2278,19903,1,1,1,1
23.0000,6177,1,1,68997,1,132918,0.519098,1,5,14,76,490659,27.95515,0.00255,2.38162,0.00503,0,1,3,3.555365,2.850629,2.850629,-0.217849,-0.217644,14.743839,6182,0.014762,0.047051,55086,22754,12210,8037,5411,3983,2900,2342,20194,1,1,1,1
23.9000,6177,1,1,70978,0,136612,0.519563,1,44,44,75,509234,28.57894,0.00255,2.38162,0.00503,1,1,2,1.410062,1.000000,22.421241,-0.529916,-0.529860,14.431546,623,0.036715,0.004844,56934,23302,12529,7989,5605,4036,3071,2409,20736,1,1,1,1
22.3500,6189,1,1,68349,1,131312,0.520512,1,12,77,129,230218,27.49585,0.00168,2.38062,0.00493,0,1,3,1.952181,1.417261,1.322074,0.002695,0.002803,14.964232,10217,-0.000187,0.076467,54846,22180,12110,7698,5357,3918,2923,2363,19916,1,1,1,1
22.4000,6189,1,1,68249,1,130928,0.521275,5,14,14,26,209605,27.53045,0.00168,2.38062,0.00493,0,1,3,5.976175,5.417048,5.417048,-0.014726,-0.014437,14.946484,9909,0.000966,0.074250,54139,22235,12188,7741,5354,3943,3058,2292,19977,1,1,1,1
23.0000,6189,1,1,69615,1,133320,0.522169,25,5,73,73,154626,27.94641,0.00168,2.38062,0.00493,0,1,3,1.881388,1.493471,1.493471,-0.222599,-0.222497,14.738964,6194,0.015096,0.047066,55546,22570,12368,7792,5423,3960,3011,2338,20311,1,1,1,1
23.9000,6189,1,1,70904,0,136218,0.520522,2,396,396,396,174607,28.57023,0.00168,2.38062,0.00493,1,1,2,1.307864,1.000000,140.958417,-0.534877,-0.534834,14.426475,624,0.037073,0.004844,56225,23219,12720,8106,5685,4074,3071,2363,20754,1,1,1,1
22.3500,6201,1,1,68796,0,131340,0.523805,1,1,132,2124,97227,27.49359,0.00179,2.38098,0.00757,1,0,3,1.299750,1.000000,1.241773,0.001649,0.001692,14.962350,10235,-0.000113,0.076463,54608,22273,12202,7672,5343,3982,3034,2276,19949,1,1,1,1
22.4000,6201,1,1,68850,0,131756,0.522561,1,9,35,65,888003,27.52824,0.00179,2.38098,0.00757,1,1,2,1.386543,1.000000,4.530723,-0.015786,-0.015733,14.945626,9927,0.001053,0.074245,54784,22634,12193,7781,5156,3923,2967,2338,19979,1,1,1,1
23.0000,6201,1,1,69680,0,133674,0.521272,1,2,7,30,274106,27.94417,0.00179,2.38098,0.00757,1,1,2,1.348226,1.000000,1.530528,-0.223665,-0.223617,14.737717,6204,0.015173,0.047055,55388,22776,12363,8061,5326,3960,2972,2389,20438,1,1,1,1
23.9000,6201,1,1,71120,0,136441,0.521255,1,22,22,22,145666,28.56790,0.00179,2.38098,0.00757,1,0,2,1.193954,1.000000,4.965091,-0.535626,-0.535597,14.425877,624,0.037128,0.004835,56423,23160,12767,8005,5542,4055,3089,2372,21027,1,1,1,1
22.3500,6213,1,1,68567,1,131332,0.522093,1,13,13,80,1352212,27.49333,0.00340,2.37587,0.00502,0,0,3,4.420801,3.749543,3.749543,0.002256,0.002495,14.963716,10255,-0.000167,0.076458,54299,22388,12325,7802,5234,3957,2912,2331,20083,1,1,1,1
22.4000,6213,1,1,68736,0,131409,0.523073,4,26,49,64,422947,27.52802,0.00340,2.37587,0.00502,1,0,2,1.091461,1.000000,2.551428,-0.015061,-0.015047,14.946445,9942,0.001007,0.074210,54664,22254,12210,7651,5350,3828,2981,2335,20135,1,1,1,1
23.0000,6213,1,1,69956,0,133908,0.522422,1,1,19,43,319484,27.94394,0.00340,2.37587,0.00502,1,1,3,1.412743,1.000000,1.178870,-0.222948,-0.222893,14.738495,6220,0.015123,0.047083,55550,22727,12567,7968,5505,3975,3011,2390,20214,1,1,1,1
23.9000,6213,1,1,71203,1,137129,0.519245,1,18,18,33,1030891,28.56769,0.00340,2.37587,0.00502,0,1,3,10.129160,8.544006,8.544006,-0.534991,-0.534618,14.426886,623,0.037057,0.004818,56792,23363,12893,8003,5544,4121,3077,2432,20903,1,1,1,1
22.3500,6225,1,1,68815,1,131600,0.522914,1,1,16,23,510802,27.49138,0.00248,2.38212,0.00501,0,1,3,1.661174,1.179107,1.179107,0.000937,0.001018,14.962428,10275,-0.000068,0.076466,54590,22235,12254,7829,5326,3914,3009,2382,20060,1,1,1,1
22.4000,6225,1,1,68659,1,131823,0.520846,2,13,16,29,285756,27.52612,0.00248,2.38212,0.00501,0,1,3,5.164567,4.696299,4.696299,-0.016544,-0.016281,14.945220,9961,0.001089,0.074214,54585,22288,12321,7842,5422,3833,3023,2388,20120,1,1,1,1
23.0000,6225,1,1,69998,0,134124,0.521894,3,2732,2732,2732,3912097,27.94201,0.00248,2.38212,0.00501,1,0,2,1.002311,1.000000,6.329600,-0.224513,-0.224512,14.736995,6226,0.015235,0.047042,55578,22641,12508,8000,5578,3982,3079,2427,20330,1,1,1,1
23.9000,6225,1,1,71257,1,137014,0.520075,2,74,74,74,222500,28.56579,0.00248,2.38212,0.00501,0,0,3,2.137448,1.778020,1.778020,-0.536297,-0.536175,14.425065,627,0.037170,0.004840,56674,23361,12808,8040,5621,4024,3086,2472,20927,1,1,1,1
22.3500,6237,1,1,69126,0,132114,0.523234,1,3,25,100,2324503,27.49073,0.00323,2.38228,0.00542,1,1,2,1.367312,1.000000,2.036715,0.000966,0.001016,14.962450,10295,-0.000068,0.076467,54780,22503,12521,7700,5297,4011,3094,2294,19913,1,1,1,1
22.4000,6237,1,1,69000,0,132843,0.519414,1,2,86,320,77247,27.52540,0.00323,2.38228,0.00542,1,1,3,1.264999,1.000000,1.141084,-0.016323,-0.016286,14.944999,9983,0.001090,0.074236,55250,22778,12250,7716,5455,4017,2972,2385,20019,1,1,1,1
23.0000,6237,1,1,69821,1,134269,0.520012,1,2,10,41,299615,27.94138,0.00323,2.38228,0.00542,0,0,3,1.621223,1.229443,1.229443,-0.224321,-0.224244,14.737074,6240,0.015216,0.047057,55754,22737,12320,7953,5426,3905,3092,2420,20661,1,1,1,1
23.9000,6237,1,1,71736,0,137780,0.520660,1,1,244,244,1495677,28.56518,0.00323,2.38228,0.00542,1,0,3,1.405728,1.000000,1.001974,-0.536202,-0.536148,14.425230,627,0.037167,0.004831,57026,23510,12832,8019,5572,4176,3193,2469,20982,1,1,1,1
22.3500,6249,1,1,69475,1,132796,0.523175,12,2,27,335,229625,27.48898,0.00391,2.38438,0.00712,0,1,3,1.061317,1.028632,1.028632,0.000405,0.000414,14.961917,10312,-0.000028,0.076449,55305,22809,12310,7739,5365,3940,3003,2322,20002,1,1,1,1
22.4000,6249,1,1,69019,1,132255,0.521867,2,4,22,61,415777,27.52359,0.00391,2.38438,0.00712,0,1,3,1.643389,1.421850,1.421850,-0.016934,-0.016854,14.944628,10000,0.001128,0.074222,54863,22525,12204,7772,5350,4003,3038,2358,20141,1,1,1,1
23.0000,6249,1,1,70182,0,134628,0.521307,1,57,57,138,613433,27.93954,0.00391,2.38438,0.00712,1,1,2,1.213955,1.000000,13.825858,-0.225094,-0.225063,14.736188,6254,0.015273,0.047075,56237,22511,12679,7765,5450,3980,3036,2392,20577,1,1,1,1
23.9000,6249,1,1,71860,0,138155,0.520144,1,47,47,88,178107,28.56336,0.00391,2.38438,0.00712,1,1,2,1.037485,1.000000,1.895150,-0.536844,-0.536838,14.424142,629,0.037218,0.004837,57554,23571,12768,8092,5707,4053,3076,2479,20854,1,1,1,1
22.3500,6261,1,1,69412,0,132941,0.522130,1,3,16,265,584008,27.49556,0.00286,2.38192,0.00883,1,1,2,1.382611,1.000000,2.078198,0.003128,0.003180,14.964539,10330,-0.000213,0.076422,55071,22755,12285,7948,5527,4081,2998,2401,19874,1,1,1,1
22.4000,6261,1,1,69170,0,132828,0.520753,3,2,1203,1203,340665,27.53021,0.00286,2.38192,0.00883,1,1,2,1.409309,1.000000,1.645694,-0.014178,-0.014123,14.947260,10019,0.000945,0.074207,55186,22743,12272,7816,5380,3868,3013,2413,20136,1,1,1,1
23.0000,6261,1,1,70224,0,134854,0.520745,2,251,251,251,218235,27.94614,0.00286,2.38192,0.00883,1,0,2,1.008185,1.000000,2.106213,-0.222165,-0.222163,14.739343,6260,0.015073,0.047019,56081,22872,12503,7973,5554,3920,3009,2429,20512,1,1,1,1
23.9000,6261,1,1,71726,0,137877,0.520221,1,3,4,30,25274415,28.56988,0.00286,2.38192,0.00883,1,0,3,1.201870,1.000000,1.057045,-0.533971,-0.533941,14.427533,626,0.037008,0.004804,57135,23207,12860,8030,5754,4109,3086,2585,21110,1,1,1,1
22.3500,6273,1,1,69487,1,133013,0.522412,5,10,206,206,274465,27.50764,0.00188,2.38154,0.00495,0,1,3,1.794541,1.718145,1.718145,0.008717,0.008811,14.970312,10356,-0.000589,0.076438,55166,22722,12324,7875,5429,4007,2991,2401,20097,1,1,1,1
22.4000,6273,1,1,69572,0,133126,0.522607,84,11,84,84,571295,27.54234,0.00188,2.38154,0.00495,1,1,2,1.314059,1.000000,4.118259,-0.008701,-0.008657,14.952794,10043,0.000579,0.074215,55355,22704,12378,7655,5446,4038,2978,2363,20208,1,1,1,1
23.0000,6273,1,1,70659,1,135491,0.521507,1,77,77,100,243394,27.95825,0.00188,2.38154,0.00495,0,0,3,7.060310,6.369223,6.369223,-0.216691,-0.216379,14.744768,6280,0.014675,0.047062,56193,23140,12556,8144,5542,4121,3003,2399,20392,1,1,1,1
23.9000,6273,1,1,72085,1,138221,0.521524,3,1,9,463,72642,28.58200,0.00188,2.38154,0.00495,0,1,3,1.385459,1.040194,1.040194,-0.528420,-0.528368,14.432848,633,0.036609,0.004846,57194,23273,13024,8190,5698,4135,3156,2611,20939,1,1,1,1
22.3500,6285,1,1,69127,1,132508,0.521686,2,21,23,105,1062458,27.50484,0.00378,2.38967,0.00634,0,1,3,14.328668,10.896462,10.896462,0.008145,0.008568,14.970070,10372,-0.000572,0.076412,55034,22611,12072,7794,5429,3994,2908,2360,20305,1,1,1,1
22.4000,6285,1,1,69491,1,133210,0.521669,30,14,33,33,388622,27.53958,0.00378,2.38967,0.00634,0,1,3,4.689300,4.453708,4.453708,-0.009154,-0.008908,14.951801,10057,0.000596,0.074181,55061,22814,12544,7833,5341,3959,2960,2403,20294,1,1,1,1
23.0000,6285,1,1,70119,1,135129,0.518908,1,5,27,258,890620,27.95547,0.00378,2.38967,0.00634,0,1,3,2.196954,1.977980,1.977980,-0.217032,-0.216907,14.744584,6286,0.014711,0.047018,55898,22958,12571,7980,5548,3987,3066,2488,20632,1,1,1,1
23.9000,6285,1,1,72461,1,138906,0.521659,21,3,24,41,854661,28.57925,0.00378,2.38967,0.00634,0,1,3,1.910567,1.584322,1.584322,-0.528905,-0.528802,14.432090,630,0.036641,0.004814,57796,23630,12988,8123,5508,4219,3187,2431,21023,1,1,1,1
22.3500,6297,1,1,69315,1,132948,0.521373,1,3,55,55,692197,27.49411,0.00187,2.38588,0.00609,0,1,3,1.517451,1.323401,1.323401,0.002015,0.002081,14.963566,10392,-0.000139,0.076446,55123,22320,12453,7752,5483,3922,3075,2456,20363,1,1,1,1
22.4000,6297,1,1,69490,0,133411,0.520875,1,4,14,14,67745,27.52878,0.00187,2.38588,0.00609,1,1,2,1.360058,1.000000,2.466788,-0.015372,-0.015323,14.946022,10079,0.001025,0.074231,55362,22628,12374,7781,5372,4038,3080,2458,20317,1,1,1,1
23.0000,6297,1,1,70967,1,135794,0.522612,1,3,17,98,476430,27.94476,0.00187,2.38588,0.00609,0,0,3,2.006790,1.509544,1.509544,-0.223322,-0.223211,14.738116,6298,0.015145,0.047038,56286,23266,12623,8012,5492,4035,3110,2410,20559,1,1,1,1
23.9000,6297,1,1,72243,1,138691,0.520896,4,17,17,78,294487,28.56856,0.00187,2.38588,0.00609,0,1,3,1.694476,1.352530,1.352530,-0.535211,-0.535127,14.426338,636,0.037094,0.004853,57498,23709,12846,8176,5606,4041,3054,2435,21325,1,1,1,1
22.3500,6309,1,1,69664,0,133444,0.522051,1,15,191,777,118638,27.49363,0.00312,2.37751,0.00596,1,1,2,1.191290,1.000000,3.484194,0.002231,0.002259,14.963496,10407,-0.000151,0.076411,55390,22615,12502,7838,5389,4043,3044,2461,20161,1,1,1,1
22.4000,6309,1,1,69653,1,133517,0.521683,15,4586,4586,4586,137231,27.52824,0.00312,2.37751,0.00596,0,0,3,14.385669,14.321069,14.321069,-0.015185,-0.014762,14.945890,10092,0.000988,0.074186,55341,22562,12517,7892,5402,3957,3065,2401,20379,1,1,1,1
23.0000,6309,1,1,71248,0,136849,0.520636,4,1,21,86,461503,27.94419,0.00312,2.37751,0.00596,1,1,3,1.410206,1.000000,1.127788,-0.222957,-0.222903,14.738508,6307,0.015124,0.047015,57069,23329,12900,8034,5621,3948,3079,2393,20475,1,1,1,1
23.9000,6309,1,1,72341,1,138986,0.520495,9,3,11,122,66990,28.56801,0.00312,2.37751,0.00596,0,0,3,1.293126,1.196388,1.196388,-0.534873,-0.534833,14.426272,628,0.037074,0.004783,57512,23541,13007,8376,5653,4132,3079,2491,21194,1,1,1,1
22.3500,6321,1,1,69715,1,133778,0.521128,2,3,6,393,110707,27.49263,0.00164,2.38301,0.00562,0,1,3,2.409926,1.808944,1.808944,0.001073,0.001212,14.962407,10435,-0.000081,0.076477,55559,22746,12422,7806,5533,4009,2976,2352,20374,1,1,1,1
22.4000,6321,1,1,70279,1,134328,0.523193,1,1,47,179,1198587,27.52728,0.00164,2.38301,0.00562,0,1,3,1.205148,1.020342,1.020342,-0.016202,-0.016172,14.945307,10119,0.001082,0.074246,55756,22810,12589,8028,5467,3934,3070,2377,20296,1,1,1,1
23.0000,6321,1,1,71271,1,136481,0.522208,1,7,7,30,193825,27.94322,0.00164,2.38301,0.00562,0,1,3,1.849286,1.330888,1.274910,-0.224187,-0.224090,14.737277,6328,0.015206,0.047086,56686,23062,12770,8167,5560,4050,3090,2431,20664,1,1,1,1
23.9000,6321,1,1,72766,0,139662,0.521019,2,91,91,91,525377,28.56695,0.00164,2.38301,0.00562,1,1,2,1.385172,1.000000,42.218414,-0.536335,-0.536284,14.425145,638,0.037177,0.004850,58051,23789,12869,8199,5739,4125,3183,2470,21236,1,1,1,1
22.3500,6333,1,1,69716,0,133420,0.522534,1,49,49,49,94969,27.49539,0.00164,2.38822,0.00673,1,1,2,1.194222,1.000000,10.681668,0.002331,0.002359,14.963601,10451,-0.000158,0.076443,55168,22641,12377,7840,5397,3931,3126,2386,20553,1,1,1,1
22.4000,6333,1,1,69899,1,134057,0.521416,1,122,264,264,195117,27.53008,0.00164,2.38822,0.00673,0,1,3,6.778343,6.646555,6.646555,-0.014979,-0.014677,14.946829,10136,0.000982,0.074222,55770,22747,12434,7905,5365,3932,2973,2428,20502,1,1,1,1
23.0000,6333,1,1,71318,0,136574,0.522197,1,10,30,61,1719812,27.94599,0.00164,2.38822,0.00673,1,1,2,1.222858,1.000000,2.854317,-0.222867,-0.222836,14.738427,6334,0.015119,0.047037,56720,23030,12889,8253,5401,4101,3152,2414,20613,1,1,1,1
23.9000,6333,1,1,72463,1,139554,0.519251,3,5,6,63,683844,28.56975,0.00164,2.38822,0.00673,0,1,3,2.830423,2.257140,2.257140,-0.534726,-0.534562,14.426904,638,0.037053,0.004840,57839,23642,13156,8195,5663,4176,3172,2536,21174,1,1,1,1
22.3500,6345,1,1,70407,1,134733,0.522571,1,6,86,349,169954,27.48772,0.00348,2.39031,0.00644,0,0,3,1.576254,1.169550,1.169550,-0.000380,-0.000309,14.961032,10475,0.000021,0.076487,55861,23227,12452,8120,5431,3944,2938,2499,20260,1,1,1,1
22.4000,6345,1,1,69592,0,134029,0.519235,1,2,12,60,474011,27.52246,0.00348,2.39031,0.00644,1,0,3,1.298397,1.000000,1.192657,-0.017755,-0.017713,14.943743,10153,0.001185,0.074221,55441,22878,12423,7856,5549,3991,3050,2360,20480,1,1,1,1
23.0000,6345,1,1,71272,0,136748,0.521196,2,9,9,224,125472,27.93835,0.00348,2.39031,0.00644,1,1,2,1.189836,1.000000,1.997125,-0.225739,-0.225712,14.735526,6346,0.015318,0.047047,56869,23446,12596,7971,5594,3984,3047,2424,20816,1,1,1,1
23.9000,6345,1,1,72750,0,139607,0.521109,1,1,23,97,157387,28.56213,0.00348,2.39031,0.00644,1,0,3,1.400238,1.000000,1.220200,-0.537589,-0.537536,14.423885,636,0.037267,0.004817,57658,23877,12912,8288,5678,4119,3229,2534,21311,1,1,1,1
22.3500,6357,1,1,69827,1,133872,0.521599,5,65,65,69,60352,27.47506,0.00278,2.38852,0.00708,0,0,3,1.203363,1.039406,1.039406,-0.007036,-0.007007,14.954203,10488,0.000469,0.076472,55477,22681,12315,7829,5455,4012,3022,2523,20557,1,1,1,1
22.4000,6357,1,1,70426,0,134721,0.522758,8,2,8,40,352928,27.50973,0.00278,2.38852,0.00708,1,1,3,1.409811,1.000000,1.303645,-0.024389,-0.024335,14.937053,10169,0.001629,0.074231,55953,22742,12580,7972,5548,4088,3017,2393,20427,1,1,1,1
23.0000,6357,1,1,71404,0,137153,0.520619,1,5,62,68,145649,27.92570,0.00278,2.38852,0.00708,1,0,3,1.158742,1.000000,1.136077,-0.232366,-0.232343,14.729142,6354,0.015774,0.047037,57047,23331,12875,8142,5371,4054,3145,2434,20753,1,1,1,1
23.9000,6357,1,1,72810,0,139436,0.522179,2,15,25,30,340646,28.54950,0.00278,2.38852,0.00708,1,1,2,1.077123,1.000000,1.333548,-0.544280,-0.544268,14.416834,633,0.037752,0.004787,57647,23492,13074,8295,5606,4203,3207,2450,21461,1,1,1,1
22.3500,6369,1,1,70558,0,135045,0.522482,1,7,68,68,394727,27.47875,0.00418,2.38517,0.00598,1,0,2,1.202790,1.000000,1.874204,-0.004623,-0.004594,14.956882,10512,0.000307,0.076489,56269,22848,12675,7901,5496,4120,2980,2317,20438,1,1,1,1
22.4000,6369,1,1,70521,1,134964,0.522521,1,19,19,235,75547,27.51335,0.00418,2.38517,0.00598,0,1,3,12.154587,9.669370,9.669370,-0.022057,-0.021665,14.939401,10194,0.001450,0.074262,56068,22830,12625,7998,5455,4045,2995,2387,20560,1,1,1,1
23.0000,6369,1,1,71357,1,136697,0.522012,1,5,13,162,74796,27.92931,0.00418,2.38517,0.00598,0,1,3,2.408685,1.902367,1.902367,-0.229906,-0.229768,14.731697,6372,0.015597,0.047074,56491,23362,12677,7946,5622,4035,3079,2557,20927,1,1,1,1
23.9000,6369,1,1,73322,0,140820,0.520683,1,2,49,59,502962,28.55313,0.00418,2.38517,0.00598,1,1,2,1.413012,1.000000,1.575176,-0.541802,-0.541747,14.419647,641,0.037570,0.004838,58283,24026,13295,8386,5607,4300,3248,2508,21166,1,1,1,1
22.3500,6381,1,1,70680,0,135196,0.522800,1,2,6,62,278727,27.48114,0.00244,2.39126,0.00589,1,1,3,1.332212,1.000000,1.295148,-0.004244,-0.004199,14.957133,10530,0.000281,0.076475,56180,22980,12614,8006,5489,3967,3000,2435,20524,1,1,1,1
22.4000,6381,1,1,70594,0,135254,0.521940,1,5,45,12746,28796,27.51579,0.00244,2.39126,0.00589,1,1,3,1.155837,1.000000,1.037219,-0.021550,-0.021527,14.939958,10211,0.001441,0.074243,56166,23065,12563,7930,5499,4082,3054,2351,20543,1,1,1,1
23.0000,6381,1,1,71795,1,137701,0.521387,12,4,14,118,366122,27.93172,0.00244,2.39126,0.00589,0,0,3,1.642334,1.569855,1.569855,-0.229548,-0.229471,14.731554,6382,0.015577,0.047059,57323,23579,12612,8059,5690,4069,3093,2460,20815,1,1,1,1
23.9000,6381,1,1,73126,0,140626,0.520007,1,4,7,134,307939,28.55546,0.00244,2.39126,0.00589,1,1,2,1.413914,1.000000,2.590243,-0.541458,-0.541404,14.419994,640,0.037545,0.004821,58186,23757,13252,8456,5663,4141,3136,2580,21454,1,1,1,1
22.3500,6393,1,1,70507,1,135015,0.522220,30,9,30,123,303356,27.48960,0.00173,2.39815,0.00531,0,1,3,2.572879,2.482686,2.482686,-0.000395,-0.000247,14.960576,10548,0.000017,0.076444,56009,22709,12814,8021,5522,3896,3062,2378,20603,1,1,1,1
22.4000,6393,1,1,71062,0,135489,0.524489,6,13,18,18,171838,27.52430,0.00173,2.39815,0.00531,1,1,2,1.238196,1.000000,3.619423,-0.017773,-0.017740,14.943731,10228,0.001187,0.074208,56203,23040,12666,8032,5439,4069,3123,2390,20526,1,1,1,1
23.0000,6393,1,1,71579,1,137808,0.519415,1,2,8,57,536408,27.94021,0.00173,2.39815,0.00531,0,1,3,1.592992,1.385842,1.385842,-0.225649,-0.225576,14.735911,6397,0.015308,0.047067,57209,23432,12888,8178,5493,4080,3122,2448,20957,1,1,1,1
23.9000,6393,1,1,73564,0,140942,0.521949,23,3,78,321,117605,28.56396,0.00173,2.39815,0.00531,1,1,3,1.280605,1.000000,1.046197,-0.537508,-0.537469,14.423834,639,0.037263,0.004803,58446,23956,13261,8261,5841,4273,3226,2398,21279,1,1,1,1
22.3500,6405,1,1,70584,0,135298,0.521697,1,3,12,166,339696,27.47578,0.00195,2.38855,0.00629,1,0,2,1.361068,1.000000,1.910932,-0.007155,-0.007107,14.954334,10577,0.000475,0.076542,56251,22769,12611,7991,5576,3979,3044,2456,20620,1,1,1,1
22.4000,6405,1,1,70799,1,135615,0.522063,1,29,29,82,81474,27.51052,0.00195,2.38855,0.00629,0,1,3,11.236432,10.019139,10.019139,-0.024655,-0.024277,14.936826,10250,0.001625,0.074263,56222,23032,12595,7995,5593,4058,2915,2415,20789,1,1,1,1
23.0000,6405,1,1,72023,1,138394,0.520424,1,8,12,59,172551,27.92641,0.00195,2.38855,0.00629,0,1,3,4.761016,3.923930,3.923930,-0.232526,-0.232282,14.728867,6406,0.015771,0.047068,57905,23401,12794,8167,5560,4150,3128,2436,20852,1,1,1,1
23.9000,6405,1,1,73506,0,141055,0.521120,1,2,16,37,29961427,28.55019,0.00195,2.38855,0.00629,1,1,3,1.124428,1.000000,1.071082,-0.544309,-0.544291,14.417212,642,0.037753,0.004819,58547,23977,13210,8194,5714,4209,3248,2560,21395,1,1,1,1
22.3500,6417,1,1,70688,0,135387,0.522122,1,3,26,573,119199,27.47720,0.00194,2.39579,0.00547,1,1,2,1.325688,1.000000,1.517081,-0.006409,-0.006365,14.954966,10590,0.000426,0.076490,55990,22970,12636,8031,5566,4152,3077,2406,20558,1,1,1,1
22.4000,6417,1,1,71263,1,136045,0.523823,2,2,41,85,174068,27.51187,0.00194,2.39579,0.00547,0,1,3,2.072082,1.585519,1.585519,-0.023747,-0.023634,14.937832,10269,0.001582,0.074256,56395,23254,12611,8059,5452,4174,3070,2422,20607,1,1,1,1
23.0000,6417,1,1,72211,1,138080,0.522969,7,3,7,215,345927,27.92785,0.00194,2.39579,0.00547,0,1,3,1.977221,1.640492,1.640492,-0.231737,-0.231630,14.729849,6418,0.015725,0.047065,57092,23514,13042,8129,5678,4056,3169,2479,20920,1,1,1,1
23.9000,6417,1,1,73695,1,141802,0.519707,3,17,21,33,198694,28.55165,0.00194,2.39579,0.00547,0,1,3,5.712190,5.328880,5.328880,-0.543732,-0.543460,14.418047,643,0.037693,0.004817,58823,24152,13335,8291,5844,4250,3216,2560,21330,1,1,1,1
22.3500,6429,1,1,71194,0,136276,0.522429,1,5,23,78,87856,27.47143,0.00183,2.38474,0.00548,1,1,2,1.268219,1.000000,1.852313,-0.009451,-0.009414,14.951884,10607,0.000630,0.076485,56546,23462,12610,7999,5616,4119,3039,2424,20460,1,1,1,1
22.4000,6429,1,1,71264,0,136639,0.521553,1,2,45,65,212658,27.50603,0.00183,2.38474,0.00548,1,1,3,1.272306,1.000000,1.014505,-0.026710,-0.026672,14.934628,10289,0.001786,0.074278,56975,22998,12689,8243,5624,3947,3113,2407,20642,1,1,1,1
23.0000,6429,1,1,72017,1,138061,0.521636,4,7,12,90,65066,27.92199,0.00183,2.38474,0.00548,0,1,3,4.655699,3.692120,3.692120,-0.234787,-0.234548,14.726943,6432,0.015926,0.047089,57182,23482,12721,8104,5683,4071,3218,2497,21102,1,1,1,1
23.9000,6429,1,1,73694,0,141134,0.522160,16,21,29,29,591524,28.54581,0.00183,2.38474,0.00548,1,1,2,1.357375,1.000000,9.018404,-0.546768,-0.546720,14.414629,645,0.037928,0.004824,58387,23919,13156,8239,5903,4120,3189,2562,21658,1,1,1,1
22.3500,6441,1,1,71068,0,136338,0.521267,1,1,12,61,706998,27.46855,0.00204,2.38074,0.00547,1,1,3,1.404122,1.000000,1.256850,-0.010730,-0.010677,14.950707,10625,0.000714,0.076479,56546,23323,12742,7901,5531,4112,3083,2397,20702,1,1,1,1
22.4000,6441,1,1,70913,1,136180,0.520734,1,56,56,2488,995825,27.50320,0.00204,2.38074,0.00547,0,1,3,26.453168,23.210832,23.210832,-0.028286,-0.027778,14.933183,10303,0.001860,0.074248,56455,23215,12660,8002,5594,4115,3060,2374,20704,1,1,1,1
23.0000,6441,1,1,72318,0,138770,0.521139,3,15,15,122,94951,27.91913,0.00204,2.38074,0.00547,1,1,2,1.150303,1.000000,2.524772,-0.236080,-0.236058,14.725151,6439,0.016031,0.047058,57455,23680,12934,8343,5630,4169,3264,2457,20837,1,1,1,1
23.9000,6441,1,1,74089,1,142034,0.521632,1,549,549,1030,84205,28.54287,0.00204,2.38074,0.00547,0,1,3,6.167327,5.346955,5.281961,-0.548005,-0.547722,14.413489,642,0.038001,0.004793,58896,24040,13255,8489,5792,4254,3185,2600,21522,1,1,1,1
22.3500,6453,1,1,70909,1,136053,0.521190,3,2,4,28,128991,27.47854,0.00239,2.39439,0.00556,0,1,3,1.902068,1.443863,1.443863,-0.005553,-0.005453,14.956020,10645,0.000365,0.076453,56346,23149,12565,8002,5527,4028,3113,2515,20807,1,1,1,1
22.4000,6453,1,1,71389,1,136347,0.523587,1,8,55,61,112573,27.51323,0.00239,2.39439,0.00556,0,1,3,3.496946,2.724382,2.724382,-0.022952,-0.022758,14.938705,10322,0.001523,0.074219,56350,23294,12790,7869,5642,3994,3069,2578,20760,1,1,1,1
23.0000,6453,1,1,72273,1,138852,0.520508,8,19,19,24,72239,27.92914,0.00239,2.39439,0.00556,0,0,3,3.179783,3.067077,3.067077,-0.230916,-0.230736,14.730261,6456,0.015664,0.047078,57661,23344,12903,8397,5681,4098,3191,2533,21043,1,1,1,1
23.9000,6453,1,1,74278,0,142234,0.522228,67,1,97,97,1461396,28.55290,0.00239,2.39439,0.00556,1,1,3,1.369600,1.000000,1.001350,-0.542708,-0.542659,14.418852,643,0.037635,0.004790,59202,24200,13151,8335,5775,4143,3318,2567,21542,1,1,1,1
22.3500,6465,1,1,70984,0,136231,0.521060,2,10,44,132,389180,27.47754,0.00345,2.38584,0.00610,1,1,2,1.103051,1.000000,1.270396,-0.005488,-0.005473,14.955681,10671,0.000366,0.076499,56369,23051,12682,8067,5538,4200,3100,2480,20743,1,1,1,1
22.4000,6465,1,1,71297,1,137018,0.520351,4,127,127,224,542581,27.51227,0.00345,2.38584,0.00610,0,1,3,25.623617,25.065841,25.065841,-0.023093,-0.022591,14.938920,10345,0.001512,0.074245,56865,23549,12740,8062,5461,3970,3066,2394,20910,1,1,1,1
23.0000,6465,1,1,72780,0,139614,0.521298,2,18,41,41,4518535,27.92816,0.00345,2.38584,0.00610,1,0,2,1.152729,1.000000,3.058539,-0.230875,-0.230853,14.730635,6469,0.015672,0.047084,57986,23729,13317,8070,5616,4062,3214,2609,21010,1,1,1,1
23.9000,6465,1,1,73907,1,142045,0.520311,16,62,62,62,165810,28.55194,0.00345,2.38584,0.00610,0,1,3,26.309078,23.739646,23.739646,-0.542923,-0.542417,14.419093,649,0.037618,0.004826,58773,24355,13176,8224,5746,4214,3212,2568,21776,1,1,1,1
22.3500,6477,1,1,71533,1,137070,0.521876,2,9,20,4808,232237,27.47971,0.00256,2.37416,0.00704,0,1,3,3.113462,2.559606,2.559606,-0.004884,-0.004709,14.956768,10688,0.000315,0.076473,56856,23326,12796,8084,5670,3992,3052,2409,20884,1,1,1,1
22.4000,6477,1,1,71488,0,137092,0.521464,1,5,15,742,121229,27.51438,0.00256,2.37416,0.00704,1,1,3,1.162767,1.000000,1.042174,-0.022151,-0.022128,14.939095,10361,0.001481,0.074221,56896,23294,12876,8048,5453,4036,3132,2533,20823,1,1,1,1
23.0000,6477,1,1,72844,0,139872,0.520794,1,5,8,43,1674533,27.93036,0.00256,2.37416,0.00704,1,1,3,1.150218,1.000000,1.088265,-0.230137,-0.230116,14.731095,6474,0.015621,0.047032,58176,23632,13154,8278,5562,4170,3207,2515,21177,1,1,1,1
23.9000,6477,1,1,74557,1,143133,0.520897,2,7,28,28,12274735,28.55416,0.00256,2.37416,0.00704,0,1,3,4.732909,3.823122,3.823122,-0.542139,-0.541899,14.419235,645,0.037582,0.004787,59347,24603,13129,8478,5806,4269,3280,2528,21692,1,1,1,1
22.3500,6489,1,1,71315,1,136769,0.521430,1,3,7,28,106404,27.48491,0.00150,2.37600,0.00687,0,1,3,1.871176,1.421698,1.421698,-0.002856,-0.002759,14.958697,10712,0.000184,0.076493,56531,22857,12803,8257,5623,4169,3143,2448,20937,1,1,1,1
22.4000,6489,1,1,71668,0,137404,0.521590,1,12,12,83,177620172,27.51952,0.00150,2.37600,0.00687,1,1,2,1.118587,1.000000,1.616354,-0.020170,-0.020153,14.941023,10392,0.001349,0.074296,56979,23303,12837,8135,5569,4065,3100,2475,20940,1,1,1,1
23.0000,6489,1,1,72955,1,139910,0.521446,2,27,27,83,129924,27.93547,0.00150,2.37600,0.00687,0,1,3,19.415760,13.846493,13.846493,-0.228312,-0.227855,14.733014,6495,0.015466,0.047091,58099,23754,13030,8307,5574,4190,3184,2567,21204,1,1,1,1
23.9000,6489,1,1,74674,0,143173,0.521568,10,5,10,19,79801,28.55929,0.00150,2.37600,0.00687,1,1,2,1.345830,1.000000,2.113568,-0.540078,-0.540032,14.421416,655,0.037447,0.004852,59596,24145,13320,8472,5887,4188,3321,2520,21723,1,1,1,1
22.3500,6501,1,1,71444,0,137235,0.520600,1,43,43,486,339713,27.47860,0.00277,2.37153,0.00598,1,1,2,1.072514,1.000000,3.381475,-0.005414,-0.005403,14.956098,10731,0.000361,0.076501,56839,23405,12747,7831,5607,4083,3167,2532,21023,1,1,1,1
22.4000,6501,1,1,71850,0,137499,0.522553,4,8,37,87,295058,27.51325,0.00277,2.37153,0.00598,1,1,2,1.413685,1.000000,4.604027,-0.022764,-0.022711,14.938691,10405,0.001520,0.074263,56753,23465,12906,8161,5659,3983,3161,2518,20892,1,1,1,1
23.0000,6501,1,1,73023,1,140356,0.520274,1,19,19,40,305038,27.92919,0.00277,2.37153,0.00598,0,1,3,3.032569,2.314286,2.242070,-0.230673,-0.230503,14.730955,6503,0.015648,0.047068,58276,23770,13174,8385,5658,4204,3260,2566,21062,1,1,1,1
23.9000,6501,1,1,75132,0,144039,0.521612,2,5,5,42,25341,28.55292,0.00277,2.37153,0.00598,1,0,2,1.305378,1.000000,2.048176,-0.542534,-0.542493,14.418967,652,0.037624,0.004821,60200,24364,13584,8351,5793,4224,3237,2591,21694,1,1,1,1
22.3500,6513,1,1,72003,1,137909,0.522109,26,11,26,45,468280,27.47231,0.00275,2.37347,0.00641,0,1,3,3.673207,3.459531,3.459531,-0.008554,-0.008354,14.952447,10750,0.000559,0.076514,57261,23528,12873,8095,5590,4048,3155,2489,20869,1,1,1,1
22.4000,6513,1,1,71777,1,137555,0.521810,1,7,71,82,221238,27.50700,0.00275,2.37347,0.00641,0,0,3,1.517634,1.126913,1.126913,-0.025811,-0.025747,14.935600,10424,0.001724,0.074277,57029,23192,12831,8227,5551,4263,3093,2467,20901,1,1,1,1
23.0000,6513,1,1,73092,0,140411,0.520561,2,2,9,41,109656,27.92291,0.00275,2.37347,0.00641,1,1,3,1.409507,1.000000,1.422121,-0.233786,-0.233733,14.727685,6517,0.015870,0.047093,58284,23864,13169,8174,5732,4236,3133,2521,21297,1,1,1,1
23.9000,6513,1,1,75270,0,144324,0.521538,1,2,44,110,330605,28.54667,0.00275,2.37347,0.00641,1,1,3,1.375104,1.000000,1.362669,-0.545662,-0.545613,14.415751,655,0.037848,0.004836,60081,24829,13270,8584,5753,4303,3249,2530,21724,1,1,1,1
22.3500,6525,1,1,71835,1,137737,0.521541,17,99,99,467,242855,27.48039,0.00159,2.37344,0.00657,0,1,3,8.123423,8.053478,8.053478,-0.005130,-0.004809,14.955947,10769,0.000322,0.076490,56833,23493,12965,8210,5639,4041,3137,2497,20921,1,1,1,1
22.4000,6525,1,1,71899,1,137699,0.522150,1,12,12,54,332516,27.51513,0.00159,2.37344,0.00657,0,1,3,5.906714,5.062943,5.062943,-0.022462,-0.022190,14.938996,10439,0.001485,0.074231,57030,23493,12585,8064,5624,4053,3149,2551,21149,1,1,1,1
23.0000,6525,1,1,73284,0,140265,0.522472,8,4,13,13,313570,27.93102,0.00159,2.37344,0.00657,1,0,3,1.207932,1.000000,1.043772,-0.230285,-0.230256,14.731223,6526,0.015630,0.047060,58458,23571,12980,8230,5712,4178,3162,2567,21406,1,1,1,1
23.9000,6525,1,1,75159,1,144099,0.521583,1,48,48,48,67254,28.55480,0.00159,2.37344,0.00657,0,1,3,22.164299,19.604709,19.604709,-0.542400,-0.541925,14.419023,652,0.037584,0.004803,59926,24460,13492,8509,5853,4302,3227,2576,21753,1,1,1,1
22.3500,6537,1,1,72217,1,138476,0.521517,1,82,82,82,286980,27.48483,0.00180,2.37478,0.00577,0,1,3,18.094521,17.042290,17.042290,-0.002842,-0.002399,14.959106,10788,0.000160,0.076468,57633,23467,12707,8258,5645,4136,3142,2427,21060,1,1,1,1
22.4000,6537,1,1,72146,0,138232,0.521923,1,13,30,47,232533,27.51950,0.00180,2.37478,0.00577,1,1,2,1.370567,1.000000,6.171335,-0.020101,-0.020053,14.941309,10461,0.001342,0.074239,57338,23597,12638,8152,5528,4103,3099,2544,21232,1,1,1,1
23.0000,6537,1,1,72999,1,140532,0.519451,2,2,8,110,299614,27.93548,0.00180,2.37478,0.00577,0,0,3,1.872572,1.530145,1.530145,-0.227977,-0.227882,14.733393,6538,0.015467,0.047053,58028,23937,13195,8277,5594,4246,3205,2574,21475,1,1,1,1
23.9000,6537,1,1,74897,1,144232,0.519285,10,3,233,233,445023,28.55928,0.00180,2.37478,0.00577,0,1,3,2.076845,1.616537,1.616537,-0.539885,-0.539773,14.421223,655,0.037429,0.004816,59821,24359,13381,8576,5857,4351,3276,2620,21990,1,1,1,1
22.3500,6549,1,1,72540,0,138765,0.522758,1,523,523,523,442770,27.48513,0.00220,2.37980,0.00578,1,1,2,1.005487,1.000000,2.891948,-0.002442,-0.002441,14.958277,10804,0.000163,0.076446,57396,23914,12925,8300,5493,4079,3149,2496,21012,1,1,1,1
22.4000,6549,1,1,72344,0,138944,0.520674,1,2,4,17,668860,27.51974,0.00220,2.37980,0.00578,1,1,3,1.336013,1.000000,1.142412,-0.019673,-0.019629,14.941714,10476,0.001314,0.074207,57861,23375,12989,8194,5653,4126,3278,2476,20991,1,1,1,1
23.0000,6549,1,1,73477,1,141340,0.519864,1,2,25,48,217940,27.93569,0.00220,2.37980,0.00578,0,1,3,1.873828,1.517604,1.517604,-0.227670,-0.227574,14.733901,6546,0.015446,0.047023,58996,23987,12928,8183,5750,4189,3296,2440,21570,1,1,1,1
23.9000,6549,1,1,75307,1,144665,0.520565,1,4,15,63,39512,28.55951,0.00220,2.37980,0.00578,0,1,3,2.008380,1.646739,1.646739,-0.539590,-0.539484,14.421994,652,0.037407,0.004785,60047,24583,13275,8586,5905,4439,3392,2512,21925,1,1,1,1
22.3500,6561,1,1,71862,0,138166,0.520117,1,6,7,26,2806576,27.48381,0.00242,2.38974,0.00749,1,0,2,1.296545,1.000000,2.562113,-0.002963,-0.002923,14.958540,10828,0.000195,0.076474,57215,23686,12636,8168,5532,4135,3138,2445,21210,1,1,1,1
22.4000,6561,1,1,72446,0,138645,0.522533,1,17,119,1355,97354,27.51846,0.00242,2.38974,0.00749,1,0,2,1.231694,1.000000,4.659976,-0.020335,-0.020303,14.941173,10502,0.001359,0.074258,57233,23674,12716,8310,5747,4093,3145,2454,21272,1,1,1,1
23.0000,6561,1,1,73642,0,141221,0.521470,1,27,27,34,169411,27.93439,0.00242,2.38974,0.00749,1,1,2,1.145147,1.000000,4.446638,-0.228297,-0.228276,14.732935,6562,0.015494,0.047055,58614,23944,13184,8282,5735,4220,3258,2592,21391,1,1,1,1
23.9000,6561,1,1,75402,0,144850,0.520556,1,2,157,157,699212,28.55813,0.00242,2.38974,0.00749,1,1,2,1.408433,1.000000,1.436165,-0.540079,-0.540027,14.421367,658,0.037446,0.004820,60144,24552,13490,8569,5751,4353,3356,2571,22063,1,1,1,1
22.3500,6573,1,1,72699,1,139101,0.522638,2,2,23,60,299554,27.48537,0.00274,2.39108,0.00621,0,1,3,2.042628,1.569259,1.569259,-0.001958,-0.001850,14.959612,10853,0.000124,0.076505,57574,23864,12897,8220,5580,4196,3133,2508,21128,1,1,1,1
22.4000,6573,1,1,72743,1,139195,0.522602,1,3,8,255,106309,27.52006,0.00274,2.39108,0.00621,0,1,3,2.244478,1.675264,1.675264,-0.019313,-0.019190,14.942262,10520,0.001284,0.074244,57826,23673,12894,8149,5645,4271,3107,2453,21176,1,1,1,1
23.0000,6573,1,1,73743,1,141674,0.520516,3,19,36,36,8024836,27.93597,0.00274,2.39108,0.00621,0,1,3,3.363969,3.118586,3.118586,-0.227315,-0.227131,14.734371,6576,0.015415,0.047064,59015,24065,13145,8213,5721,4240,3224,2611,21439,1,1,1,1
23.9000,6573,1,1,75517,1,145007,0.520785,8,34,48,48,137428,28.55973,0.00274,2.39108,0.00621,0,1,3,3.647261,3.337835,3.337835,-0.539200,-0.539003,14.422496,663,0.037372,0.004848,60336,24526,13498,8542,5970,4291,3308,2627,21908,1,1,1,1
22.3500,6585,1,1,72649,1,139194,0.521930,8,3,10,179,3735682,27.48741,0.00158,2.38648,0.00594,0,1,3,1.668803,1.277975,1.277975,-0.001485,-0.001408,14.960054,10867,0.000094,0.076462,57704,23638,12945,8301,5582,4189,3166,2464,21204,1,1,1,1
22.4000,6585,1,1,72767,1,139544,0.521467,4,20,31,539,208347,27.52215,0.00158,2.38648,0.00594,0,1,3,8.324240,7.489019,7.489019,-0.018988,-0.018666,14.942843,10537,0.001249,0.074226,58301,23504,12978,8126,5517,4247,3228,2444,21198,1,1,1,1
23.0000,6585,1,1,73878,0,141899,0.520642,1,6,6,61,1302219,27.93803,0.00158,2.38648,0.00594,1,0,3,1.155958,1.000000,1.207213,-0.226790,-0.226768,14.734722,6587,0.015390,0.047056,59057,24198,12994,8308,5741,4140,3267,2534,21659,1,1,1,1
23.9000,6585,1,1,75521,1,145297,0.519773,2,2,8,79,1918709,28.56181,0.00158,2.38648,0.00594,0,1,3,1.503684,1.063689,1.044834,-0.538663,-0.538601,14.422803,660,0.037344,0.004817,60263,24812,13495,8584,5922,4259,3249,2558,22154,1,1,1,1
22.3500,6597,1,1,73070,0,139756,0.522844,2,226,226,226,193389,27.48559,0.00425,2.39733,0.00570,1,1,2,1.104295,1.000000,24.907839,-0.001266,-0.001251,14.959915,10886,0.000084,0.076457,57877,23804,13135,8357,5751,4070,3137,2531,21093,1,1,1,1
22.4000,6597,1,1,73072,0,139639,0.523296,1,18,18,41,153826,27.52026,0.00425,2.39733,0.00570,1,1,2,1.089673,1.000000,1.858151,-0.018403,-0.018390,14.942753,10556,0.001231,0.074225,57953,23915,12968,8185,5589,4092,3243,2512,21181,1,1,1,1
23.0000,6597,1,1,73899,1,141723,0.521436,8,3,11,88,706481,27.93623,0.00425,2.39733,0.00570,0,0,3,1.445880,1.344680,1.344680,-0.226363,-0.226307,14.734810,6596,0.015359,0.047034,58723,24060,13336,8366,5640,4152,3358,2484,21603,1,1,1,1
23.9000,6597,1,1,75774,0,145559,0.520576,1,12,17,1918,9698197,28.56003,0.00425,2.39733,0.00570,1,1,2,1.260900,1.000000,3.740718,-0.538345,-0.538310,14.422992,660,0.037323,0.004808,60186,24939,13602,8657,6108,4340,3242,2557,21927,1,1,1,1
22.3500,6609,1,1,72954,0,139882,0.521543,1,6,7,58,85784,27.47855,0.00267,2.39941,0.00702,1,1,2,1.201332,1.000000,1.603131,-0.005448,-0.005421,14.955842,10904,0.000362,0.076465,58053,23763,12997,8352,5629,4250,3188,2490,21159,1,1,1,1
22.4000,6609,1,1,72834,0,139528,0.522006,11,32,87,87,85197,27.51316,0.00267,2.39941,0.00702,1,1,2,1.328013,1.000000,12.625774,-0.022910,-0.022867,14.938474,10574,0.001531,0.074237,57746,23772,12845,8145,5674,4168,3314,2544,21319,1,1,1,1
23.0000,6609,1,1,73768,0,141633,0.520843,1,3,141,141,4364877,27.92911,0.00267,2.39941,0.00702,1,1,3,1.216543,1.000000,1.206655,-0.230705,-0.230675,14.730112,6610,0.015660,0.047064,58804,23885,13033,8391,5690,4208,3232,2589,21800,1,1,1,1
23.9000,6609,1,1,75794,0,145849,0.519678,12,61,378,378,289318,28.55294,0.00267,2.39941,0.00702,1,1,2,1.035649,1.000000,2.220444,-0.542665,-0.542660,14.418348,660,0.037637,0.004801,60506,24904,13552,8602,6027,4336,3238,2643,22040,1,1,1,1
22.3500,6621,1,1,73303,1,140215,0.522794,6,22,22,43,3729163,27.47878,0.00304,2.39513,0.00705,0,1,3,6.043072,5.224995,5.224995,-0.005218,-0.004946,14.956544,10924,0.000331,0.076463,58281,23807,13110,8350,5762,4109,3129,2491,21175,1,1,1,1
22.4000,6621,1,1,73244,0,140541,0.521161,3,3,9,195,161034,27.51343,0.00304,2.39513,0.00705,1,1,2,1.408033,1.000000,2.005002,-0.022470,-0.022419,14.939005,10593,0.001501,0.074233,58437,23851,13053,8356,5572,4195,3256,2575,21245,1,1,1,1
23.0000,6621,1,1,74191,1,142036,0.522343,1,4,7,18,18466832,27.92936,0.00304,2.39513,0.00705,0,0,3,2.238048,1.780470,1.780470,-0.230427,-0.230306,14.730995,6620,0.015634,0.047047,58694,24273,13051,8387,5875,4142,3323,2555,21735,1,1,1,1
23.9000,6621,1,1,76233,1,146198,0.521440,17,6,17,36,92096,28.55310,0.00304,2.39513,0.00705,0,0,3,1.262580,1.207589,1.207589,-0.542267,-0.542231,14.418813,664,0.037606,0.004821,60694,24567,13706,8621,6075,4412,3457,2605,22060,1,1,1,1
22.3500,6633,1,1,73219,1,140270,0.521990,1,13,15,15,417218,27.48088,0.00310,2.39372,0.00552,0,1,3,6.179918,5.311188,5.311188,-0.004116,-0.003841,14.957326,10942,0.000257,0.076447,58077,24013,13120,8271,5763,4186,3168,2461,21210,1,1,1,1
22.4000,6633,1,1,73100,0,140092,0.521804,1,202,202,202,1257008,27.51557,0.00310,2.39372,0.00552,1,1,2,1.264156,1.000000,60.876554,-0.021647,-0.021611,14.939860,10610,0.001447,0.074214,57832,23787,13016,8477,5753,4133,3230,2572,21291,1,1,1,1
23.0000,6633,1,1,74366,0,143079,0.519758,1,14,14,14,199558,27.93148,0.00310,2.39372,0.00552,1,1,2,1.121597,1.000000,2.067755,-0.229344,-0.229327,14.731863,6632,0.015567,0.047044,59233,24580,13463,8461,5784,4112,3199,2537,21709,1,1,1,1
23.9000,6633,1,1,76218,0,146430,0.520512,7,21,21,38,131495,28.55524,0.00310,2.39372,0.00552,1,1,2,1.414096,1.000000,10.705422,-0.541350,-0.541298,14.420114,661,0.037538,0.004790,60707,24918,13725,8663,5998,4384,3354,2585,22095,1,1,1,1
22.3500,6645,1,1,73610,0,140783,0.522865,3,8,59,65,816300,27.48922,0.00314,2.38320,0.00733,1,0,2,1.256618,1.000000,2.479462,0.000154,0.000188,14.961662,10960,-0.000013,0.076412,58595,23827,13127,8275,5695,4058,3218,2551,21436,1,1,1,1
22.4000,6645,1,1,73434,0,140616,0.522234,4,3,20,26,4704186,27.52396,0.00314,2.38320,0.00733,1,1,2,1.408281,1.000000,1.975847,-0.017197,-0.017145,14.944279,10631,0.001147,0.074204,58219,23821,13151,8153,5843,4202,3187,2523,21516,1,1,1,1
23.0000,6645,1,1,74504,0,143181,0.520352,10,84,84,84,276683,27.93984,0.00314,2.38320,0.00733,1,0,2,1.073860,1.000000,6.469081,-0.225231,-0.225220,14.736283,6640,0.015283,0.047001,59390,24378,13283,8468,5829,4221,3305,2510,21796,1,1,1,1
23.9000,6645,1,1,76407,1,146899,0.520136,1,598,598,598,288099,28.56362,0.00314,2.38320,0.00733,0,1,3,56.538209,55.723245,55.723245,-0.537283,-0.536676,14.424837,660,0.037205,0.004773,61007,24956,13532,8637,6114,4311,3293,2698,22350,1,1,1,1
22.3500,6657,1,1,73399,1,140753,0.521477,2,34,104,104,67866,27.49024,0.00177,2.37717,0.00511,0,0,3,4.152459,3.791211,3.791211,-0.000029,0.000185,14.961341,10990,-0.000012,0.076485,58179,24261,12976,8239,5684,4134,3247,2520,21512,1,1,1,1
22.4000,6657,1,1,73886,0,141514,0.522115,3,25,468,468,89738,27.52492,0.00177,2.37717,0.00511,1,1,2,1.278305,1.000000,8.269804,-0.017424,-0.017387,14.944082,10658,0.001164,0.074260,58902,24022,13261,8381,5766,4269,3148,2583,21181,1,1,1,1
23.0000,6657,1,1,75002,0,143858,0.521365,4,11,32,106,436916,27.94089,0.00177,2.37717,0.00511,1,1,2,1.410332,1.000000,5.569845,-0.225380,-0.225329,14.736093,6663,0.015291,0.047080,59643,24597,13444,8356,6035,4270,3309,2499,21704,1,1,1,1
23.9000,6657,1,1,76871,1,147018,0.522872,7,5,19,161,14263987,28.56469,0.00177,2.37717,0.00511,0,1,3,3.255175,2.588447,2.588447,-0.537223,-0.537045,14.424431,671,0.037232,0.004844,61164,24871,13734,8548,5869,4380,3430,2733,22288,1,1,1,1
22.3500,6669,1,1,73394,0,141096,0.520174,6,16,36,36,3382837,27.49028,0.00177,2.36626,0.00581,1,0,2,1.075144,1.000000,1.317921,-0.000019,-0.000008,14.961496,11005,0.000001,0.076450,58722,23696,13164,8251,5846,4235,3210,2423,21548,1,1,1,1
22.4000,6669,1,1,73876,0,141449,0.522284,2,805,805,805,265968,27.52489,0.00177,2.36626,0.00581,1,1,2,1.077906,1.000000,65.242457,-0.017617,-0.017606,14.943522,10673,0.001178,0.074233,58699,24216,13134,8329,5757,4106,3141,2525,21541,1,1,1,1
23.0000,6669,1,1,74872,0,143889,0.520349,38,5,38,38,250108,27.94084,0.00177,2.36626,0.00581,1,1,2,1.251393,1.000000,1.535013,-0.225311,-0.225277,14.736022,6672,0.015288,0.047059,59921,24441,13334,8448,5815,4320,3283,2502,21824,1,1,1,1
23.9000,6669,1,1,76548,0,147624,0.518537,1,5,29,652,181502,28.56466,0.00177,2.36626,0.00581,1,1,3,1.174419,1.000000,1.175199,-0.537200,-0.537176,14.424069,670,0.037242,0.004828,61436,25221,13641,8618,5867,4386,3402,2657,22395,1,1,1,1
22.3500,6681,1,1,73417,1,141446,0.519050,1,28,28,28,353867,27.48168,0.00220,2.36658,0.00506,0,1,3,8.479445,7.759054,7.759054,-0.004206,-0.003886,14.957225,11027,0.000260,0.076487,58810,24044,13105,8402,5729,4292,3167,2487,21409,1,1,1,1
22.4000,6681,1,1,73600,0,141190,0.521287,1,1,6,59,243011,27.51634,0.00220,2.36658,0.00506,1,0,3,1.413762,1.000000,1.130644,-0.021385,-0.021333,14.940082,10691,0.001428,0.074242,58416,23801,13364,8488,5697,4224,3176,2541,21482,1,1,1,1
23.0000,6681,1,1,75029,1,144009,0.521006,1,11,311,7014,614371,27.93227,0.00220,2.36658,0.00506,0,1,3,1.543213,1.422399,1.422399,-0.229371,-0.229306,14.732197,6684,0.015565,0.047071,59821,24407,13597,8437,5770,4305,3241,2533,21897,1,1,1,1
23.9000,6681,1,1,76953,1,147711,0.520974,1,2,50,175,205826,28.55601,0.00220,2.36658,0.00506,0,1,3,2.373377,1.807453,1.807453,-0.541257,-0.541127,14.420349,672,0.037525,0.004835,61557,24992,13604,8706,6115,4487,3239,2616,22394,1,1,1,1
22.3500,6693,1,1,73989,1,141970,0.521163,1,5,15,91,272751,27.48755,0.00312,2.37787,0.00526,0,1,3,3.190344,2.650665,2.650665,-0.000715,-0.000542,14.960963,11041,0.000036,0.076428,58813,24058,13486,8234,5889,4203,3218,2536,21532,1,1,1,1
22.4000,6693,1,1,73870,0,141471,0.522160,1,15,50,117,246627,27.52224,0.00312,2.37787,0.00526,1,1,2,1.067050,1.000000,1.104949,-0.017997,-0.017987,14.943120,10710,0.001204,0.074225,58835,23888,13107,8126,5811,4188,3267,2547,21701,1,1,1,1
23.0000,6693,1,1,74810,0,144080,0.519229,1,31,31,31,444822,27.93815,0.00312,2.37787,0.00526,1,1,2,1.066130,1.000000,2.207681,-0.226003,-0.225993,14.735512,6690,0.015337,0.047018,59631,24648,13451,8528,5804,4239,3258,2549,21971,1,1,1,1
23.9000,6693,1,1,76491,1,147344,0.519136,1,2,17,24,276574,28.56191,0.00312,2.37787,0.00526,0,1,3,2.424691,1.807220,1.807220,-0.537868,-0.537736,14.423742,668,0.037281,0.004796,60959,24962,13784,8741,5894,4450,3378,2633,22542,1,1,1,1
22.3500,6705,1,1,74084,0,141927,0.521990,1,3,33,33,148321,27.48551,0.00176,2.37378,0.00613,1,1,3,1.198178,1.000000,1.043551,-0.002316,-0.002289,14.958977,11067,0.000153,0.076481,58966,24106,13287,8353,5723,4188,3167,2565,21571,1,1,1,1
22.4000,6705,1,1,74252,0,142311,0.521762,1,8,12,497,552404,27.52025,0.00176,2.37378,0.00613,1,1,2,1.362747,1.000000,3.911029,-0.019790,-0.019743,14.941706,10729,0.001321,0.074231,59129,24223,13344,8286,5718,4164,3170,2488,21788,1,1,1,1
23.0000,6705,1,1,75501,1,144679,0.521855,2,56,56,56,388212,27.93613,0.00176,2.37378,0.00613,0,1,3,18.599072,17.356207,17.356207,-0.227845,-0.227409,14.733539,6706,0.015435,0.047053,60019,24670,13507,8603,5800,4254,3348,2581,21896,1,1,1,1
23.9000,6705,1,1,77180,0,147927,0.521747,1,61,61,61,304809,28.55992,0.00176,2.37378,0.00613,1,1,3,1.014458,1.000000,1.007050,-0.539515,-0.539513,14.421370,672,0.037411,0.004817,61545,24917,13694,8572,6102,4337,3410,2712,22637,1,1,1,1
22.3500,6717,1,1,74222,0,142597,0.520505,5,10,12,47,58393,27.48537,0.00322,2.36885,0.00545,1,1,2,1.252523,1.000000,3.058702,-0.001724,-0.001690,14.959785,11083,0.000113,0.076451,59478,24193,13270,8340,5636,4260,3252,2575,21592,1,1,1,1
22.4000,6717,1,1,74123,1,142348,0.520720,1,2,8,41,1187343,27.52004,0.00322,2.36885,0.00545,0,1,3,1.396103,1.009346,1.009346,-0.018975,-0.018926,14.942516,10745,0.001267,0.074205,59198,24145,13283,8482,5616,4314,3145,2579,21585,1,1,1,1
23.0000,6717,1,1,75449,1,144593,0.521806,1,2,36,3491,694212,27.93601,0.00322,2.36885,0.00545,0,0,3,1.701863,1.227482,1.227482,-0.226978,-0.226899,14.734481,6714,0.015399,0.047022,59903,24615,13467,8556,5928,4301,3244,2647,21931,1,1,1,1
23.9000,6717,1,1,77374,0,148542,0.520893,1,6,10,38,23243916,28.55981,0.00322,2.36885,0.00545,1,1,2,1.190975,1.000000,1.535964,-0.538893,-0.538867,14.422620,671,0.037363,0.004801,61958,25004,13801,8661,6119,4622,3349,2661,22366,1,1,1,1
22.3500,6729,1,1,74487,1,142633,0.522232,2,5,8,286,215394,27.47705,0.00196,2.36700,0.00632,0,1,3,3.464353,2.719419,2.719419,-0.006586,-0.006402,14.954780,11100,0.000428,0.076457,59497,24415,12998,8319,5744,4154,3231,2527,21747,1,1,1,1
22.4000,6729,1,1,74269,1,142293,0.521948,1,24,24,39,860852,27.51166,0.00196,2.36700,0.00632,0,1,3,3.965241,3.717147,3.717147,-0.023916,-0.023711,14.937796,10767,0.001587,0.074248,59003,24073,13335,8395,5777,4150,3224,2539,21796,1,1,1,1
23.0000,6729,1,1,75568,0,144855,0.521684,1,9,16,25,252509,27.92761,0.00196,2.36700,0.00632,1,1,2,1.115055,1.000000,1.180008,-0.231806,-0.231789,14.729399,6726,0.015737,0.047038,60118,24505,13311,8663,5941,4280,3323,2637,22076,1,1,1,1
23.9000,6729,1,1,77906,0,148982,0.522926,2,2,14,76,51236,28.55143,0.00196,2.36700,0.00632,1,1,3,1.348906,1.000000,1.093218,-0.543704,-0.543660,14.417697,670,0.037708,0.004787,61840,25373,13893,8718,6097,4463,3406,2594,22597,1,1,1,1
22.3500,6741,1,1,74164,0,142582,0.520153,2,8,33,33,510547,27.46808,0.00511,2.35618,0.00649,1,1,2,1.392899,1.000000,4.054179,-0.009501,-0.009452,14.951933,11117,0.000632,0.076452,59224,24172,13207,8427,5778,4178,3258,2567,21770,1,1,1,1
22.4000,6741,1,1,74512,0,143087,0.520750,5,2,30,51,715342,27.50274,0.00511,2.35618,0.00649,1,1,3,1.413187,1.000000,1.099728,-0.026731,-0.026679,14.934728,10783,0.001786,0.074241,59794,24282,13052,8341,5716,4477,3157,2467,21800,1,1,1,1
23.0000,6741,1,1,75479,1,144906,0.520886,1,58,119,144,1163395,27.91866,0.00511,2.35618,0.00649,0,0,3,5.572195,5.087393,5.087393,-0.234809,-0.234554,14.726608,6734,0.015927,0.047019,59991,24598,13483,8503,5830,4331,3361,2661,22147,1,1,1,1
23.9000,6741,1,1,77509,1,148988,0.520240,10,4,133,9460,66020,28.54240,0.00511,2.35618,0.00649,0,1,3,3.067208,2.332749,2.332749,-0.546621,-0.546455,14.415028,668,0.037909,0.004765,62040,25316,13738,8770,5983,4433,3459,2595,22653,1,1,1,1
22.3500,6753,1,1,74270,0,142902,0.519730,4,2,15,60,351340,27.47193,0.00174,2.36011,0.00668,1,1,3,1.338230,1.000000,1.084862,-0.009143,-0.009099,14.952253,11144,0.000609,0.076500,59329,24519,13138,8368,5764,4289,3168,2583,21743,1,1,1,1
22.4000,6753,1,1,74804,0,143321,0.521937,5,6,33,133,363128,27.50662,0.00174,2.36011,0.00668,1,1,3,1.153792,1.000000,1.141234,-0.026491,-0.026469,14.934762,10806,0.001772,0.074267,59546,24259,13361,8487,5963,4224,3272,2562,21646,1,1,1,1
23.0000,6753,1,1,75598,0,145444,0.519778,6,4,62,62,111674,27.92253,0.00174,2.36011,0.00668,1,1,2,1.413021,1.000000,2.333691,-0.234499,-0.234448,14.726960,6754,0.015920,0.047074,60360,24689,13710,8510,5979,4249,3253,2596,22097,1,1,1,1
23.9000,6753,1,1,77697,1,149143,0.520960,1,4,16,31,1871685,28.54629,0.00174,2.36011,0.00668,0,1,3,3.751905,2.849420,2.849420,-0.546394,-0.546198,14.415057,677,0.037891,0.004821,62058,25267,13981,8644,6066,4391,3420,2738,22577,1,1,1,1
22.3500,6765,1,1,74739,1,143296,0.521574,1,12,32,95,18929910,27.47203,0.00248,2.35704,0.00652,0,1,3,2.836002,2.108152,2.031999,-0.008748,-0.008594,14.952763,11163,0.000575,0.076492,59455,24542,13329,8351,5730,4257,3258,2572,21801,1,1,1,1
22.4000,6765,1,1,74555,1,142828,0.521995,1,1,31,467,154087,27.50677,0.00248,2.35704,0.00652,0,0,3,1.772756,1.351824,1.351824,-0.026082,-0.025997,14.935341,10826,0.001741,0.074270,59034,24342,13207,8401,5913,4229,3250,2535,21916,1,1,1,1
23.0000,6765,1,1,75776,0,145657,0.520239,2,3,11,56,158585,27.92265,0.00248,2.35704,0.00652,1,1,3,1.291833,1.000000,1.215953,-0.234020,-0.233982,14.727345,6768,0.015888,0.047086,60298,24788,13604,8690,5932,4417,3365,2636,21926,1,1,1,1
23.9000,6765,1,1,77511,1,149206,0.519493,7,5,18,31,215040,28.54644,0.00248,2.35704,0.00652,0,1,3,2.127063,1.610924,1.610924,-0.545933,-0.545821,14.415641,676,0.037863,0.004805,61866,25437,13935,8776,6134,4347,3405,2562,22743,1,1,1,1
22.3500,6777,1,1,74648,0,143568,0.519952,2,3,6,197,127225,27.46814,0.00243,2.36684,0.00800,1,1,2,1.400698,1.000000,1.832500,-0.010692,-0.010642,14.950751,11180,0.000712,0.076483,59813,24523,13261,8440,5735,4281,3168,2532,21814,1,1,1,1
22.4000,6777,1,1,74786,0,143389,0.521564,1,2,13,53,403548,27.50281,0.00243,2.36684,0.00800,1,1,2,1.337303,1.000000,1.399740,-0.028007,-0.027964,14.933389,10842,0.001873,0.074257,59387,24369,13302,8449,5901,4218,3317,2513,21932,1,1,1,1
23.0000,6777,1,1,76150,0,145732,0.522538,1,3,6,99,249473,27.91878,0.00243,2.36684,0.00800,1,1,2,1.412924,1.000000,2.024365,-0.236020,-0.235969,14.725440,6779,0.016025,0.047085,60375,24857,13431,8609,5922,4317,3309,2645,22266,1,1,1,1
23.9000,6777,1,1,77839,1,149486,0.520714,1,5,44,52,209713,28.54258,0.00243,2.36684,0.00800,0,0,3,2.062991,1.600308,1.600308,-0.547904,-0.547797,14.413529,677,0.038006,0.004804,62003,25513,13951,8858,6034,4412,3377,2587,22750,1,1,1,1
22.3500,6789,1,1,74927,1,143351,0.522686,1,4,71,71,75356,27.46144,0.00334,2.36524,0.00519,0,1,3,3.291028,2.388431,2.388431,-0.013684,-0.013509,14.948005,11202,0.000904,0.076512,59481,24355,13314,8424,5852,4250,3282,2591,21801,1,1,1,1
22.4000,6789,1,1,75161,1,143660,0.523190,2,62,62,62,226035,27.49605,0.00334,2.36524,0.00519,0,1,3,4.729125,3.877560,3.812712,-0.031024,-0.030795,14.930688,10866,0.002063,0.074304,59438,24446,13579,8475,5890,4195,3271,2585,21780,1,1,1,1
23.0000,6789,1,1,76236,0,146107,0.521786,1,40,40,40,93177,27.91200,0.00334,2.36524,0.00519,1,1,2,1.380667,1.000000,18.828866,-0.239117,-0.239069,14.722309,6786,0.016239,0.047061,60628,24812,13609,8652,5887,4375,3319,2595,22229,1,1,1,1
23.9000,6789,1,1,78110,0,149850,0.521258,252,2,252,252,871764,28.53583,0.00334,2.36524,0.00519,1,1,3,1.391184,1.000000,1.352308,-0.550834,-0.550785,14.410655,677,0.038221,0.004797,62130,25746,13911,8811,5955,4430,3375,2708,22783,1,1,1,1
22.3500,6801,1,1,75208,0,144118,0.521854,8,10,10,10,93159,27.46254,0.00295,2.36736,0.00518,1,1,2,1.231503,1.000000,2.668835,-0.013317,-0.013287,14.948007,11219,0.000889,0.076493,59853,24432,13494,8461,5855,4387,3353,2583,21699,1,1,1,1
22.4000,6801,1,1,74793,1,144095,0.519057,2,14,37,37,113377,27.49720,0.00295,2.36736,0.00518,0,1,3,10.136030,7.240437,7.240437,-0.030717,-0.030377,14.930630,10880,0.002035,0.074268,59782,24515,13353,8445,5929,4191,3228,2663,21988,1,1,1,1
23.0000,6801,1,1,75968,0,146557,0.518355,1,23,23,82,609856,27.91312,0.00295,2.36736,0.00518,1,1,2,1.345870,1.000000,10.063352,-0.238706,-0.238662,14.722794,6800,0.016210,0.047073,60789,24835,13693,8714,5982,4392,3205,2667,22279,1,1,1,1
23.9000,6801,1,1,77978,0,149792,0.520579,18,2,18,67,660616,28.53686,0.00295,2.36736,0.00518,1,0,3,1.355577,1.000000,1.130850,-0.550408,-0.550363,14.411091,678,0.038190,0.004795,61942,25534,13951,8888,6202,4346,3426,2569,22933,1,1,1,1
22.3500,6813,1,1,75069,1,144056,0.521113,6,2,8,110,858962,27.47017,0.00183,2.36555,0.00560,0,1,3,1.506396,1.138413,1.138413,-0.009981,-0.009920,14.951222,11237,0.000664,0.076465,59683,24679,13291,8500,5801,4246,3289,2634,21932,1,1,1,1
22.4000,6813,1,1,75101,1,144003,0.521527,29,8,29,29,1067988,27.50486,0.00183,2.36555,0.00560,0,1,3,2.075341,1.836339,1.836339,-0.027363,-0.027256,14.934243,10896,0.001825,0.074229,59627,24440,13489,8468,5931,4336,3311,2511,21889,1,1,1,1
23.0000,6813,1,1,76727,1,147112,0.521559,1,13,26,49,88478,27.92077,0.00183,2.36555,0.00560,0,1,3,2.649010,1.956983,1.850676,-0.235317,-0.235174,14.726189,6808,0.015970,0.047034,61354,24828,13727,8643,5933,4324,3328,2648,22326,1,1,1,1
23.9000,6813,1,1,77904,0,149913,0.519665,1,15,40,40,3725738,28.54453,0.00183,2.36555,0.00560,1,1,2,1.197112,1.000000,3.570066,-0.547247,-0.547220,14.414050,677,0.037964,0.004778,62225,25306,13979,8909,6106,4423,3390,2628,22946,1,1,1,1
22.3500,6825,1,1,75157,1,144529,0.520017,2,5,11,27,114205,27.47240,0.00203,2.37663,0.00697,0,1,3,2.167357,1.561467,1.540091,-0.008762,-0.008648,14.952794,11255,0.000578,0.076444,59944,24728,13540,8395,5826,4252,3296,2633,21914,1,1,1,1
22.4000,6825,1,1,75512,0,144673,0.521953,1,69,69,114,922388,27.50713,0.00203,2.37663,0.00697,1,1,2,1.023747,1.000000,1.699509,-0.026139,-0.026136,14.934833,10913,0.001750,0.074211,60057,24586,13458,8565,5950,4242,3198,2562,22054,1,1,1,1
23.0000,6825,1,1,76944,0,147267,0.522483,1,27,54,1295,233395,27.92302,0.00203,2.37663,0.00697,1,1,2,1.319470,1.000000,10.418018,-0.234216,-0.234175,14.727289,6820,0.015901,0.047031,61268,24796,13832,8683,5992,4370,3289,2718,22318,1,1,1,1
23.9000,6825,1,1,78222,0,150461,0.519886,1,4,11,45,135214,28.54680,0.00203,2.37663,0.00697,1,1,2,1.412325,1.000000,2.882181,-0.546013,-0.545962,14.415462,677,0.037873,0.004770,62564,25450,13962,8728,6111,4545,3439,2685,22976,1,1,1,1
22.3500,6837,1,1,75258,0,144507,0.520795,3,6,381,2483,1026345,27.46855,0.00170,2.36524,0.00562,1,1,2,1.313450,1.000000,2.472951,-0.010867,-0.010828,14.950638,11286,0.000724,0.076531,59839,24666,13501,8531,5865,4208,3216,2610,22070,1,1,1,1
22.4000,6837,1,1,75908,0,145386,0.522117,2,32,32,56,283239,27.50322,0.00170,2.36524,0.00562,1,1,2,1.219825,1.000000,8.111954,-0.028291,-0.028262,14.933223,10944,0.001893,0.074299,60711,24364,13604,8679,5810,4361,3278,2552,22026,1,1,1,1
23.0000,6837,1,1,76620,0,146901,0.521579,2,5,154,154,125790,27.91919,0.00170,2.36524,0.00562,1,0,2,1.296705,1.000000,1.912834,-0.236169,-0.236131,14.725338,6840,0.016036,0.047092,60905,24823,13645,8665,5972,4367,3326,2744,22453,1,1,1,1
23.9000,6837,1,1,78696,0,150614,0.522505,2,20,20,20,250308,28.54299,0.00170,2.36524,0.00562,1,1,2,1.182885,1.000000,4.170436,-0.548127,-0.548103,14.413158,688,0.038028,0.004839,62723,25545,13899,8880,6041,4450,3356,2687,23032,1,1,1,1
22.3500,6849,1,1,75306,0,144476,0.521239,1,2,6,52,92731,27.46830,0.00324,2.37121,0.00513,1,0,2,1.381194,1.000000,1.612844,-0.010272,-0.010224,14.951222,11308,0.000684,0.076543,59828,24715,13360,8418,5983,4316,3215,2595,22045,1,1,1,1
22.4000,6849,1,1,75665,1,144683,0.522975,2,53,53,154,392143,27.50291,0.00324,2.37121,0.00513,0,1,3,35.480867,26.745573,26.745573,-0.027785,-0.027264,14.933547,10967,0.001826,0.074323,60059,24504,13420,8426,5796,4308,3295,2704,22170,1,1,1,1
23.0000,6849,1,1,76936,0,147641,0.521105,3,3,90,90,1147272,27.91886,0.00324,2.37121,0.00513,1,0,3,1.217491,1.000000,1.033553,-0.235522,-0.235494,14.725991,6856,0.015992,0.047118,61114,25250,13741,8798,5949,4291,3382,2648,22467,1,1,1,1
23.9000,6849,1,1,78409,1,150944,0.519461,1,3,8,95,334220,28.54269,0.00324,2.37121,0.00513,0,0,3,1.486801,1.102785,1.102785,-0.547437,-0.547379,14.413982,693,0.037976,0.004866,62702,25589,14149,8796,6091,4356,3426,2686,23148,1,1,1,1
22.3500,6861,1,1,75521,1,144788,0.521601,3,1,12,613,348832,27.46770,0.00362,2.37059,0.00605,0,1,3,1.463786,1.138937,1.138937,-0.010333,-0.010278,14.950957,11325,0.000687,0.076526,59916,24451,13552,8562,5925,4320,3192,2718,22151,1,1,1,1
22.4000,6861,1,1,75733,1,145320,0.521150,2,30,95,219,290709,27.50235,0.00362,2.37059,0.00605,0,1,3,1.506475,1.098735,1.067909,-0.027650,-0.027591,14.933860,10981,0.001848,0.074286,60376,24674,13532,8427,5960,4256,3302,2629,22163,1,1,1,1
23.0000,6861,1,1,76934,0,147501,0.521586,2,14,21,56,429612,27.91828,0.00362,2.37059,0.00605,1,1,2,1.332423,1.000000,5.747334,-0.235745,-0.235703,14.725650,6864,0.016006,0.047091,61186,24767,13759,8678,6055,4459,3447,2593,22556,1,1,1,1
23.9000,6861,1,1,78753,1,151101,0.521198,1,12,37,659,92465,28.54202,0.00362,2.37059,0.00605,0,1,3,1.949213,1.381451,1.130448,-0.547496,-0.547399,14.414008,690,0.037977,0.004836,62624,25836,13913,8977,6216,4421,3444,2686,22983,1,1,1,1
22.3500,6873,1,1,75481,1,145182,0.519910,2,51,51,169,1898211,27.48308,0.00244,2.38675,0.00492,0,1,3,30.493928,24.635809,24.635809,-0.003443,-0.002946,14.957913,11346,0.000197,0.076498,60284,24541,13482,8689,6018,4275,3298,2556,22038,1,1,1,1
22.4000,6873,1,1,76092,0,145915,0.521485,5,5,280,280,567183,27.51777,0.00244,2.38675,0.00492,1,0,2,1.264572,1.000000,1.875962,-0.020601,-0.020566,14.940911,11002,0.001377,0.074263,60624,24954,13562,8507,6011,4342,3331,2551,22032,1,1,1,1
23.0000,6873,1,1,77054,0,148077,0.520368,4,2,14,31,459479,27.93368,0.00244,2.38675,0.00492,1,0,3,1.367194,1.000000,1.319170,-0.228525,-0.228480,14.732972,6878,0.015508,0.047082,61661,25085,13764,8597,6017,4322,3321,2694,22615,1,1,1,1
23.9000,6873,1,1,78659,1,151333,0.519778,1,2,4,117,2413637,28.55744,0.00244,2.38675,0.00492,0,0,3,1.702342,1.213261,1.213261,-0.540404,-0.540327,14.421071,693,0.037468,0.004846,62652,25725,14198,8987,6096,4494,3447,2659,23074,1,1,1,1
22.3500,6885,1,1,75687,1,145160,0.521408,3,8,13,46,404759,27.47945,0.00375,2.38637,0.00483,0,1,3,3.300425,2.570059,2.570059,-0.004418,-0.004244,14.957229,11362,0.000284,0.076476,60195,24572,13528,8667,5882,4316,3281,2607,22111,1,1,1,1
22.4000,6885,1,1,76129,1,145674,0.522602,2,2,13,65,714380,27.51418,0.00375,2.38637,0.00483,0,1,3,1.521923,1.296140,1.296140,-0.021730,-0.021669,14.939824,11018,0.001450,0.074247,60252,24939,13497,8609,6042,4288,3272,2539,22235,1,1,1,1
23.0000,6885,1,1,77103,1,147747,0.521862,13,1,14,70,79147,27.93007,0.00375,2.38637,0.00483,0,1,3,1.415363,1.001498,1.001498,-0.229660,-0.229609,14.731814,6886,0.015586,0.047058,60977,25126,13827,8669,6151,4317,3301,2644,22734,1,1,1,1
23.9000,6885,1,1,79222,0,151589,0.522614,3,2,13,317,302666,28.55385,0.00375,2.38637,0.00483,1,1,2,1.413611,1.000000,1.507372,-0.541580,-0.541530,14.419892,690,0.037554,0.004817,62943,25635,14086,8948,6183,4555,3444,2726,23068,1,1,1,1
22.3500,6897,1,1,76388,0,146169,0.522604,6,6,242,242,171214,27.47359,0.00253,2.38591,0.00643,1,1,3,1.159560,1.000000,1.124328,-0.007875,-0.007854,14.953391,11385,0.000525,0.076517,60710,24877,13681,8443,6013,4397,3277,2606,22164,1,1,1,1
22.4000,6897,1,1,76022,0,145998,0.520709,13,55,55,144,317445,27.50826,0.00253,2.38591,0.00643,1,1,2,1.029326,1.000000,1.714053,-0.025240,-0.025236,14.935770,11039,0.001690,0.074279,60778,24859,13441,8545,5882,4296,3338,2568,22290,1,1,1,1
23.0000,6897,1,1,77163,1,148398,0.519977,1,526,526,526,595937,27.92423,0.00253,2.38591,0.00643,0,1,3,7.596136,6.725796,6.673350,-0.233325,-0.233031,14.728184,6901,0.015822,0.047090,61482,25413,13645,8805,5980,4340,3396,2663,22673,1,1,1,1
23.9000,6897,1,1,79348,0,151993,0.522054,2,3,78,5047,208419,28.54803,0.00253,2.38591,0.00643,1,1,2,1.408250,1.000000,2.021013,-0.545140,-0.545090,14.416341,693,0.037811,0.004831,63043,25479,14119,8997,6335,4652,3588,2780,22999,1,1,1,1
22.3500,6909,1,1,75968,0,146181,0.519688,1,2,11,66,395029,27.47352,0.00252,2.38175,0.00730,1,1,2,1.413874,1.000000,1.793329,-0.008024,-0.007974,14.953448,11400,0.000533,0.076485,60957,24814,13434,8626,5935,4258,3351,2608,22197,1,1,1,1
22.4000,6909,1,1,76254,0,145933,0.522531,1,19,19,240,1370925,27.50813,0.00252,2.38175,0.00730,1,1,2,1.075940,1.000000,1.688236,-0.025323,-0.025313,14.936196,11055,0.001695,0.074256,60442,24775,13605,8623,5892,4341,3259,2535,22460,1,1,1,1
23.0000,6909,1,1,77595,1,148740,0.521686,45,17,45,45,852397,27.92408,0.00252,2.38175,0.00730,0,1,3,11.970564,8.852287,8.852287,-0.233420,-0.233061,14.727501,6908,0.015825,0.047058,61599,25404,13834,8650,6087,4442,3393,2644,22686,1,1,1,1
23.9000,6909,1,1,79179,1,152253,0.520052,9,3,92,100,12757038,28.54791,0.00252,2.38175,0.00730,0,1,3,1.175540,1.054671,1.054671,-0.545176,-0.545153,14.416350,690,0.037815,0.004802,63098,25850,14231,9008,6213,4534,3482,2736,23100,1,1,1,1
22.3500,6921,1,1,75978,0,146384,0.519036,3,12,12,62,106777,27.47459,0.00407,2.37978,0.00538,1,1,2,1.406288,1.000000,6.449552,-0.006787,-0.006738,14.954696,11423,0.000451,0.076500,60838,25044,13602,8709,5912,4328,3269,2549,22132,1,1,1,1
22.4000,6921,1,1,76282,0,146012,0.522440,2,49,49,101,322453,27.50925,0.00407,2.37978,0.00538,1,0,2,1.033543,1.000000,1.726052,-0.024017,-0.024012,14.937503,11077,0.001608,0.074268,60535,24853,13564,8515,5809,4382,3192,2644,22517,1,1,1,1
23.0000,6921,1,1,77296,0,148841,0.519323,1,6,16,22,819648,27.92517,0.00407,2.37978,0.00538,1,1,2,1.330963,1.000000,2.740873,-0.232015,-0.231974,14.729490,6926,0.015749,0.047092,62137,24985,13793,8841,6040,4393,3310,2622,22719,1,1,1,1
23.9000,6921,1,1,79329,1,152237,0.521092,1,20,20,84,248920,28.54892,0.00407,2.37978,0.00538,0,1,3,6.600750,5.779054,5.779054,-0.543941,-0.543668,14.417832,696,0.037708,0.004835,62817,25668,14421,9166,6249,4601,3372,2820,23122,1,1,1,1
22.3500,6933,1,1,76694,0,146849,0.522268,1,3,21,2484,61589,27.47349,0.00281,2.38053,0.00537,1,1,3,1.233832,1.000000,1.057367,-0.007818,-0.007787,14.953514,11439,0.000521,0.076480,61163,25032,13741,8467,5871,4292,3345,2641,22296,1,1,1,1
22.4000,6933,1,1,77035,1,147305,0.522966,1,3,20,204,6878932,27.50818,0.00281,2.38053,0.00537,0,0,3,2.557516,1.947531,1.947531,-0.025206,-0.025070,14.936276,11092,0.001678,0.074246,61186,25151,13732,8591,6074,4306,3356,2643,22265,1,1,1,1
23.0000,6933,1,1,77849,1,149289,0.521469,1,21,25,311,45999,27.92409,0.00281,2.38053,0.00537,0,1,3,5.375455,4.908448,4.908448,-0.233228,-0.232986,14.728521,6936,0.015819,0.047082,62179,25133,13841,8780,6151,4338,3395,2661,22810,1,1,1,1
23.9000,6933,1,1,79514,0,152725,0.520639,6,7,68,683,2704058,28.54785,0.00281,2.38053,0.00537,1,1,2,1.374968,1.000000,3.364355,-0.545082,-0.545036,14.416344,693,0.037807,0.004806,63442,25791,14145,9070,6270,4602,3448,2714,23242,1,1,1,1
22.3500,6945,1,1,76453,1,146470,0.521974,1,7,8,47,552525,27.48680,0.00271,2.39005,0.00512,0,1,3,2.659983,2.182994,2.182994,-0.001243,-0.001102,14.960385,11464,0.000074,0.076480,60748,24576,13672,8720,5909,4346,3348,2699,22451,1,1,1,1
22.4000,6945,1,1,77059,1,147184,0.523559,1,7,23,59,185701,27.52154,0.00271,2.39005,0.00512,0,1,3,5.330347,4.173713,4.173713,-0.018656,-0.018415,14.942795,11116,0.001232,0.074245,61110,25091,13673,8651,5957,4391,3448,2593,22269,1,1,1,1
23.0000,6945,1,1,77920,0,149638,0.520727,1,2,13,18,202129,27.93742,0.00271,2.39005,0.00512,1,1,2,1.374301,1.000000,1.424861,-0.226520,-0.226474,14.734906,6948,0.015370,0.047061,62214,25266,14158,8887,5856,4403,3469,2717,22667,1,1,1,1
23.9000,6945,1,1,80241,1,153888,0.521428,2,4,15,28,499631,28.56121,0.00271,2.39005,0.00512,0,1,3,1.607285,1.148679,1.148679,-0.538391,-0.538323,14.423117,698,0.037324,0.004830,64280,26075,14222,9141,6172,4563,3483,2776,23175,1,1,1,1
22.3500,6957,1,1,77135,1,147515,0.522900,1,47,47,3278,245450,27.47853,0.00378,2.38792,0.00688,0,1,3,13.324850,12.505839,12.505839,-0.004946,-0.004574,14.956941,11483,0.000306,0.076492,61083,25194,13713,8719,6059,4403,3341,2659,22343,1,1,1,1
22.4000,6957,1,1,76843,1,147055,0.522550,3,3,23,144,325951,27.51321,0.00378,2.38792,0.00688,0,1,3,1.944400,1.607731,1.607731,-0.022133,-0.022038,14.939189,11135,0.001475,0.074262,60843,24998,13808,8629,6020,4387,3333,2674,22362,1,1,1,1
23.0000,6957,1,1,77926,0,149445,0.521439,1,1,13,186,245581,27.92918,0.00378,2.38792,0.00688,1,0,3,1.384513,1.000000,1.276132,-0.230102,-0.230055,14.731392,6960,0.015617,0.047073,61723,25517,13912,8917,5985,4430,3342,2692,22926,1,1,1,1
23.9000,6957,1,1,80259,1,153889,0.521542,9,28,46,63,3862078,28.55298,0.00378,2.38792,0.00688,0,0,3,2.531273,2.429225,2.429225,-0.542050,-0.541916,14.419145,699,0.037583,0.004830,64042,26224,14249,9171,6274,4551,3487,2729,23161,1,1,1,1
22.3500,6969,1,1,76700,0,147044,0.521616,1,4,17,26,2948066,27.48060,0.00336,2.38592,0.00603,1,1,2,1.305766,1.000000,1.864374,-0.004064,-0.004026,14.957318,11501,0.000269,0.076478,60669,25096,13566,8803,5992,4378,3405,2703,22431,1,1,1,1
22.4000,6969,1,1,76694,0,147041,0.521586,6,4,10,271,62136,27.51522,0.00336,2.38592,0.00603,1,1,2,1.382859,1.000000,2.124773,-0.021381,-0.021335,14.940114,11152,0.001428,0.074243,61087,24698,13680,8508,6075,4418,3217,2606,22751,1,1,1,1
23.0000,6969,1,1,78636,0,150166,0.523664,1,1,12,59,289720,27.93117,0.00336,2.38592,0.00603,1,0,3,1.143261,1.000000,1.008439,-0.229293,-0.229274,14.731919,6971,0.015563,0.047064,62108,25817,13906,8719,6230,4394,3464,2768,22759,1,1,1,1
23.9000,6969,1,1,80052,0,153643,0.521029,1,5,6,181,90561,28.55499,0.00336,2.38592,0.00603,1,0,3,1.151436,1.000000,1.108797,-0.541216,-0.541196,14.420302,698,0.037530,0.004814,63855,26051,14437,8832,6223,4549,3617,2680,23398,1,1,1,1
22.3500,6981,1,1,77603,1,148166,0.523761,1,121,121,121,1172473,27.47583,0.00347,2.37727,0.00530,0,1,3,85.758491,60.909320,60.909320,-0.006627,-0.005990,14.955531,11518,0.000400,0.076469,61950,25067,13835,8696,5926,4366,3332,2716,22277,1,1,1,1
22.4000,6981,1,1,76602,0,147382,0.519755,1,8,8,41,235126,27.51048,0.00347,2.37727,0.00530,1,1,2,1.326439,1.000000,3.553215,-0.023750,-0.023709,14.937757,11169,0.001587,0.074240,61298,24757,13500,8792,6065,4301,3297,2665,22706,1,1,1,1
23.0000,6981,1,1,78545,1,150448,0.522078,1,31,31,31,281422,27.92641,0.00347,2.37727,0.00530,0,1,3,2.133616,1.811226,1.811226,-0.231665,-0.231556,14.729938,6981,0.015720,0.047057,62272,25759,14110,8913,6080,4426,3447,2673,22767,1,1,1,1
23.9000,6981,1,1,80168,0,154109,0.520207,5,44,47,49,1321662,28.55015,0.00347,2.37727,0.00530,1,1,2,1.024897,1.000000,1.184975,-0.543503,-0.543500,14.417490,701,0.037697,0.004828,64159,25958,14249,9099,6463,4598,3540,2746,23296,1,1,1,1
22.3500,6993,1,1,77012,0,147896,0.520721,2,98,721,721,320603,27.48410,0.00337,2.37687,0.00697,1,0,2,1.013615,1.000000,1.401988,-0.002248,-0.002247,14.959272,11538,0.000150,0.076451,61198,25253,13841,8599,5939,4386,3390,2682,22607,1,1,1,1
22.4000,6993,1,1,77271,1,148237,0.521270,1,4,17,153,1314687,27.51879,0.00337,2.37687,0.00697,0,1,3,2.086588,1.794608,1.794608,-0.019613,-0.019508,14.941989,11189,0.001306,0.074224,61420,25312,13839,8809,5953,4388,3341,2608,22566,1,1,1,1
23.0000,6993,1,1,78563,1,150804,0.520964,5,27,27,131,298391,27.93470,0.00337,2.37687,0.00697,0,1,3,5.766128,5.495217,5.495217,-0.227648,-0.227398,14.733637,6992,0.015434,0.047038,62654,25591,14024,8893,6077,4332,3450,2775,23007,1,1,1,1
23.9000,6993,1,1,80172,0,154190,0.519959,1,1,8,88,1436838,28.55846,0.00337,2.37687,0.00697,1,0,3,1.348021,1.000000,1.153263,-0.539415,-0.539373,14.422088,699,0.037399,0.004804,63774,26337,14441,8968,6220,4621,3540,2766,23522,1,1,1,1
22.3500,7005,1,1,77568,0,148118,0.523694,3,1,55,154,228669,27.49046,0.00297,2.38252,0.00778,1,1,3,1.407106,1.000000,1.133104,0.000770,0.000819,14.962255,11562,-0.000055,0.076463,61405,25290,13747,8595,6055,4428,3328,2671,22598,1,1,1,1
22.4000,7005,1,1,77324,0,148456,0.520858,8,7,47,62,146844,27.52519,0.00297,2.38252,0.00778,1,0,2,1.210638,1.000000,1.739517,-0.016629,-0.016602,14.944887,11211,0.001111,0.074228,61742,25084,13872,8817,5961,4425,3301,2662,22591,1,1,1,1
23.0000,7005,1,1,78686,0,150704,0.522126,1,8,14,270,198111,27.94108,0.00297,2.38252,0.00778,1,1,3,1.106716,1.000000,1.146456,-0.224538,-0.224524,14.736672,7008,0.015236,0.047056,62262,25914,14097,8820,6065,4431,3363,2698,23053,1,1,1,1
23.9000,7005,1,1,80382,0,154735,0.519485,1,9,40,721,758335,28.56486,0.00297,2.38252,0.00778,1,1,2,1.413398,1.000000,4.858762,-0.536539,-0.536490,14.424927,705,0.037192,0.004836,64426,26427,14277,8872,6360,4649,3421,2747,23555,1,1,1,1
22.3500,7017,1,1,77275,1,147858,0.522633,20,27,27,27,436663,27.49382,0.00258,2.37901,0.00549,0,1,3,12.062042,10.672081,10.672081,0.002115,0.002470,14.963985,11580,-0.000165,0.076443,61173,25326,13572,8669,5956,4395,3456,2646,22664,1,1,1,1
22.4000,7017,1,1,77907,1,149496,0.521134,1,3,82,82,365964,27.52850,0.00258,2.37901,0.00549,0,0,3,2.107001,1.503025,1.503025,-0.015079,-0.014973,14.946429,11230,0.001002,0.074219,62104,25512,13949,8807,6055,4441,3446,2698,22483,1,1,1,1
23.0000,7017,1,1,79130,0,151640,0.521831,1,38,38,38,274466,27.94446,0.00258,2.37901,0.00549,1,0,2,1.151644,1.000000,6.369982,-0.223168,-0.223148,14.738351,7020,0.015141,0.047050,63067,25759,14195,9025,6112,4501,3480,2648,22852,1,1,1,1
23.9000,7017,1,1,80521,1,154536,0.521053,1,161,161,161,3446196,28.56827,0.00258,2.37901,0.00549,0,1,3,3.036376,2.703292,2.703292,-0.535008,-0.534850,14.426654,703,0.037074,0.004814,64042,26358,14407,9057,6329,4581,3445,2716,23600,1,1,1,1
22.3500,7029,1,1,77342,0,148282,0.521591,2,3,18,20,3163295,27.48512,0.00354,2.38960,0.00493,1,1,2,1.410010,1.000000,1.729670,-0.001706,-0.001657,14.959754,11597,0.000111,0.076446,61328,25214,13848,8687,6219,4347,3373,2632,22633,1,1,1,1
22.4000,7029,1,1,77749,1,149049,0.521637,1,5,12,23,326596,27.51973,0.00354,2.38960,0.00493,0,1,3,4.505791,3.216502,3.216502,-0.019058,-0.018844,14.942663,11246,0.001261,0.074217,62232,25087,13989,8707,6059,4326,3330,2702,22616,1,1,1,1
23.0000,7029,1,1,78989,1,151834,0.520236,1,11,12,197,313747,27.93568,0.00354,2.38960,0.00493,0,1,3,2.653838,1.964575,1.889656,-0.226993,-0.226854,14.734515,7028,0.015396,0.047036,62837,25984,14206,9051,6286,4529,3381,2735,22824,1,1,1,1
23.9000,7029,1,1,80684,0,154782,0.521278,1,7,7,599,433827,28.55950,0.00354,2.38960,0.00493,1,1,2,1.229976,1.000000,2.118943,-0.538914,-0.538884,14.422419,703,0.037364,0.004807,64236,26169,14427,9076,6420,4646,3481,2737,23589,1,1,1,1
22.3500,7041,1,1,77546,0,148976,0.520530,1,9,33,78,211176,27.49536,0.00299,2.38731,0.00501,1,1,2,1.163285,1.000000,1.788500,0.003159,0.003181,14.964437,11623,-0.000213,0.076463,61959,25153,13902,8744,5981,4491,3387,2692,22666,1,1,1,1
22.4000,7041,1,1,78219,1,149432,0.523446,2,30,30,46,197199,27.53002,0.00299,2.38731,0.00501,0,1,3,14.146167,12.416513,12.416513,-0.014305,-0.013928,14.947098,11271,0.000932,0.074233,61924,25414,14018,8897,6103,4508,3379,2627,22561,1,1,1,1
23.0000,7041,1,1,78875,1,151526,0.520541,1,4,5,82,156692,27.94594,0.00299,2.38731,0.00501,0,1,3,1.483462,1.090168,1.090168,-0.222092,-0.222036,14.739422,7046,0.015064,0.047060,63070,25686,14164,8914,5920,4449,3417,2700,23205,1,1,1,1
23.9000,7041,1,1,80757,1,155363,0.519799,1,80,80,80,309245,28.56969,0.00299,2.38731,0.00501,0,1,3,44.055633,36.983060,36.983060,-0.534218,-0.533680,14.427839,710,0.036990,0.004844,64247,26124,14795,9210,6348,4565,3736,2811,23526,1,1,1,1
22.3500,7053,1,1,77481,1,148404,0.522099,2,86,86,420,211755,27.49238,0.00257,2.38494,0.00609,0,1,3,1.907791,1.353780,1.053735,0.001513,0.001604,14.963039,11639,-0.000107,0.076445,61461,25039,13827,8733,5989,4519,3372,2617,22846,1,1,1,1
22.4000,7053,1,1,77824,0,149503,0.520555,4,21,113,201,253138,27.52707,0.00257,2.38494,0.00609,1,0,2,1.054568,1.000000,1.203743,-0.015843,-0.015835,14.945678,11286,0.001060,0.074212,62026,25326,13885,8833,6130,4438,3397,2671,22796,1,1,1,1
23.0000,7053,1,1,79408,0,152235,0.521618,1,3,27,53,139855,27.94298,0.00257,2.38494,0.00609,1,1,3,1.200356,1.000000,1.099376,-0.223783,-0.223757,14.737734,7054,0.015183,0.047039,63357,25728,14009,9036,6257,4545,3509,2798,22995,1,1,1,1
23.9000,7053,1,1,81479,1,156096,0.521983,1,76,183,388,1113896,28.56674,0.00257,2.38494,0.00609,0,1,3,36.768856,32.098349,32.098349,-0.535912,-0.535401,14.425537,709,0.037115,0.004830,64886,26448,14682,9236,6308,4610,3559,2708,23658,1,1,1,1
22.3500,7065,1,1,78030,0,149366,0.522412,30,3,182,182,50181,27.49173,0.00298,2.37364,0.00702,1,1,2,1.413492,1.000000,1.594510,0.001387,0.001436,14.962855,11660,-0.000096,0.076454,61850,25480,14061,8717,5976,4431,3387,2623,22840,1,1,1,1
22.4000,7065,1,1,78059,1,149884,0.520800,6,2,11,38,239379,27.52646,0.00298,2.37364,0.00702,0,1,3,2.031658,1.531205,1.531205,-0.015977,-0.015877,14.945242,11305,0.001062,0.074213,62299,25400,13998,8805,6065,4511,3384,2641,22780,1,1,1,1
23.0000,7065,1,1,79374,0,152290,0.521206,2,15,15,77,297593,27.94235,0.00298,2.37364,0.00702,1,0,2,1.164884,1.000000,2.913538,-0.223967,-0.223946,14.737552,7066,0.015196,0.047039,63153,25801,14277,9129,6158,4596,3376,2694,23105,1,1,1,1
23.9000,7065,1,1,81098,0,155850,0.520363,1,4,35,1519,187674,28.56613,0.00298,2.37364,0.00702,1,1,3,1.170286,1.000000,1.014822,-0.535783,-0.535760,14.425503,709,0.037140,0.004822,64699,26395,14453,9240,6388,4653,3542,2764,23715,1,1,1,1
22.3500,7077,1,1,77878,0,149725,0.520144,4,45,268,268,399231,27.50418,0.00431,2.37682,0.00599,1,1,2,1.136011,1.000000,6.711288,0.008189,0.008207,14.969439,11675,-0.000548,0.076388,61956,25613,13895,8890,6001,4401,3447,2670,22851,1,1,1,1
22.4000,7077,1,1,78502,0,150196,0.522667,164,5,164,6767,1470854,27.53885,0.00431,2.37682,0.00599,1,1,2,1.369059,1.000000,2.233141,-0.009069,-0.009025,14.952432,11321,0.000604,0.074157,62470,25643,13761,8885,6041,4433,3447,2661,22854,1,1,1,1
23.0000,7077,1,1,79434,0,152295,0.521583,2,30,30,64,395176,27.95481,0.00431,2.37682,0.00599,1,1,2,1.118372,1.000000,3.845562,-0.217091,-0.217076,14.744138,7074,0.014723,0.046992,62978,25812,14187,9071,6119,4624,3532,2781,23190,1,1,1,1
23.9000,7077,1,1,81329,1,156392,0.520036,3,4,15,95,1099873,28.57862,0.00431,2.37682,0.00599,0,1,3,1.694833,1.206176,1.184983,-0.528904,-0.528829,14.432610,707,0.036641,0.004798,65072,26543,14578,9054,6286,4706,3575,2918,23659,1,1,1,1
22.3500,7089,1,1,77889,1,149428,0.521251,5,11,31,31,992209,27.50955,0.00329,2.38927,0.00541,0,0,3,1.272241,1.100730,1.100730,0.010416,0.010450,14.971702,11700,-0.000698,0.076411,62016,25261,13767,8739,6148,4518,3298,2657,23023,1,1,1,1
22.4000,7089,1,1,78134,0,150316,0.519802,6,4,19,1696,133806,27.54416,0.00329,2.38927,0.00541,1,1,2,1.411434,1.000000,2.229846,-0.006940,-0.006891,14.954541,11346,0.000461,0.074184,62742,25140,13955,8845,6122,4402,3464,2695,22950,1,1,1,1
23.0000,7089,1,1,79420,0,152439,0.520999,1,3,19,67,516314,27.96011,0.00329,2.38927,0.00541,1,1,2,1.404038,1.000000,2.178608,-0.214912,-0.214864,14.746542,7092,0.014570,0.047024,63154,25859,14169,9029,6306,4470,3412,2703,23336,1,1,1,1
23.9000,7089,1,1,81818,0,157022,0.521064,1,15,46,61,388653,28.58393,0.00329,2.38927,0.00541,1,1,2,1.088573,1.000000,1.537719,-0.526798,-0.526786,14.434389,712,0.036495,0.004823,65309,26759,14630,9190,6318,4809,3505,2870,23631,1,1,1,1
22.3500,7101,1,1,78430,0,150419,0.521414,5,15,15,22832,95392,27.50405,0.00246,2.37632,0.00641,1,1,2,1.229573,1.000000,3.983855,0.007181,0.007210,14.968698,11717,-0.000482,0.076408,62360,25798,13844,8854,6214,4422,3371,2631,22924,1,1,1,1
22.4000,7101,1,1,79065,1,150927,0.523866,1,2,4,86,81117,27.53870,0.00246,2.37632,0.00641,0,1,3,2.016770,1.512723,1.512723,-0.010077,-0.009978,14.951531,11365,0.000667,0.074198,62698,25738,13989,9112,6077,4519,3323,2674,22796,1,1,1,1
23.0000,7101,1,1,79842,0,152966,0.521963,1,84,84,90,192700,27.95463,0.00246,2.37632,0.00641,1,1,2,1.031873,1.000000,2.766786,-0.218083,-0.218079,14.743439,7100,0.014792,0.047007,63673,25688,14291,9026,6183,4655,3491,2661,23297,1,1,1,1
23.9000,7101,1,1,81627,1,156821,0.520514,1,5,11,17,88332,28.57838,0.00246,2.37632,0.00641,0,1,3,1.913021,1.754899,1.754899,-0.529922,-0.529830,14.431679,711,0.036713,0.004809,65150,26535,14673,9100,6233,4743,3669,2805,23912,1,1,1,1
22.3500,7113,1,1,78652,0,150913,0.521178,2,62,152,152,152256,27.50235,0.00320,2.37717,0.00505,1,1,2,1.069248,1.000000,4.500996,0.006716,0.006726,14.967869,11736,-0.000449,0.076407,62800,25553,13939,8812,6065,4517,3454,2830,22942,1,1,1,1
22.4000,7113,1,1,78238,0,150532,0.519747,1,25,140,140,397839,27.53704,0.00320,2.37717,0.00505,1,1,2,1.061675,1.000000,1.631356,-0.010558,-0.010549,14.950577,11382,0.000706,0.074188,62638,25454,13995,9022,6132,4452,3307,2674,22857,1,1,1,1
23.0000,7113,1,1,79707,1,153157,0.520430,9,10,10,26,218041,27.95295,0.00320,2.37717,0.00505,0,1,3,2.487665,1.869257,1.867888,-0.218519,-0.218391,14.743077,7114,0.014813,0.047022,63433,26306,14172,9045,6141,4507,3436,2707,23409,1,1,1,1
23.9000,7113,1,1,81858,0,156905,0.521708,2,25,97,124,1034913,28.57671,0.00320,2.37717,0.00505,1,1,2,1.392666,1.000000,12.037656,-0.530535,-0.530488,14.430960,711,0.036760,0.004801,65139,26560,14447,9309,6359,4642,3608,2869,23971,1,1,1,1
22.3500,7125,1,1,78467,1,150708,0.520659,1,5,33,1719,331719,27.50966,0.00473,2.38390,0.00588,0,1,3,3.212694,2.673405,2.673405,0.011193,0.011357,14.972870,11752,-0.000759,0.076357,62392,25551,14097,8804,6317,4570,3344,2705,22927,1,1,1,1
22.4000,7125,1,1,78475,1,151045,0.519551,2,183,183,183,119734,27.54439,0.00473,2.38390,0.00588,0,1,3,64.232193,60.010126,60.010126,-0.006391,-0.005807,14.954976,11395,0.000388,0.074126,62812,25709,13848,8878,5998,4554,3521,2749,22975,1,1,1,1
23.0000,7125,1,1,80149,1,153653,0.521627,1,3,40,218,524611,27.96028,0.00473,2.38390,0.00588,0,0,3,2.073728,1.524414,1.524414,-0.214077,-0.213975,14.747404,7120,0.014509,0.046968,64030,25854,14298,9026,6252,4472,3574,2704,23442,1,1,1,1
23.9000,7125,1,1,82073,1,157215,0.522046,22,3,22,36,213790,28.58406,0.00473,2.38390,0.00588,0,1,3,1.909595,1.655587,1.655587,-0.525975,-0.525884,14.435090,709,0.036431,0.004778,65223,26640,14799,9329,6301,4641,3586,2832,23863,1,1,1,1
22.3500,7137,1,1,78905,1,151311,0.521479,1,66,66,66,582579,27.51240,0.00239,2.37594,0.00616,0,1,3,2.698703,2.041108,1.896524,0.011434,0.011573,14.972932,11779,-0.000773,0.076403,62713,25804,14124,8846,6119,4448,3490,2767,22999,1,1,1,1
22.4000,7137,1,1,78930,0,151432,0.521227,24,3,54,54,3136029,27.54707,0.00239,2.37594,0.00616,1,0,3,1.273189,1.000000,1.110224,-0.005862,-0.005828,14.955653,11422,0.000390,0.074173,62817,25815,14184,8920,6129,4357,3381,2710,23118,1,1,1,1
23.0000,7137,1,1,80400,0,153790,0.522794,1,99,99,99,568819,27.96303,0.00239,2.37594,0.00616,1,1,2,1.114905,1.000000,12.200802,-0.214016,-0.214000,14.747506,7138,0.014511,0.047008,63710,26448,14210,8991,6159,4603,3494,2705,23469,1,1,1,1
23.9000,7137,1,1,82133,1,157688,0.520861,2,4,5,157,206494,28.58684,0.00239,2.37594,0.00616,0,1,3,2.769629,2.169428,2.169428,-0.525796,-0.525653,14.435827,715,0.036413,0.004810,65472,26643,14806,9278,6459,4840,3536,2898,23755,1,1,1,1
22.3500,7149,1,1,78956,0,151524,0.521083,8,3,19,913,349228,27.51135,0.00136,2.38910,0.00603,1,1,3,1.363876,1.000000,1.404465,0.010340,0.010383,14.971843,11795,-0.000694,0.076384,63085,25707,14173,9003,6096,4417,3368,2607,23067,1,1,1,1
22.4000,7149,1,1,79217,1,151426,0.523143,74,2,163,163,77306,27.54596,0.00136,2.38910,0.00603,0,1,3,1.371261,1.073230,1.073230,-0.006950,-0.006906,14.953935,11438,0.000462,0.074161,62577,25790,14344,8977,6162,4437,3401,2657,23080,1,1,1,1
23.0000,7149,1,1,80543,1,154155,0.522484,1,46,46,105,481814,27.96191,0.00136,2.38910,0.00603,0,1,3,19.024698,17.242589,17.242589,-0.215118,-0.214706,14.746814,7148,0.014559,0.046997,64114,26209,14315,8988,6265,4583,3484,2731,23465,1,1,1,1
23.9000,7149,1,1,82332,0,157995,0.521108,13,5,13,13,1174602,28.58573,0.00136,2.38910,0.00603,1,1,2,1.402259,1.000000,2.630120,-0.526898,-0.526850,14.434593,714,0.036499,0.004796,65944,26683,14677,9211,6498,4572,3581,2887,23941,1,1,1,1
22.3500,7161,1,1,79270,0,151275,0.524016,1,3,38,49,412116,27.51189,0.00327,2.38537,0.00724,1,1,2,1.367574,1.000000,1.890880,0.011562,0.011606,14.972989,11813,-0.000775,0.076367,62686,25676,14206,8959,6041,4503,3375,2722,23106,1,1,1,1
22.4000,7161,1,1,79299,1,151628,0.522987,1,2,5,25,629458,27.54654,0.00327,2.38537,0.00724,0,1,3,2.417564,1.818337,1.818337,-0.005761,-0.005638,14.955842,11455,0.000377,0.074137,62651,25883,14107,8968,6260,4522,3482,2784,22970,1,1,1,1
23.0000,7161,1,1,80371,1,153860,0.522368,1,37,37,366,2879764,27.96247,0.00327,2.38537,0.00724,0,1,3,2.040586,1.457107,1.201356,-0.213697,-0.213597,14.747808,7158,0.014483,0.046980,63339,26226,14462,9180,6270,4599,3562,2703,23518,1,1,1,1
23.9000,7161,1,1,82051,1,157879,0.519711,1,2,56,66,592886,28.58621,0.00327,2.38537,0.00724,0,0,3,1.891950,1.366728,1.366728,-0.525579,-0.525490,14.435904,714,0.036402,0.004787,65553,26769,14566,9392,6322,4687,3593,2824,24172,1,1,1,1
22.3500,7173,1,1,79267,1,151866,0.521957,1,3,116,116,127824,27.51318,0.00308,2.38834,0.00681,0,0,3,2.379648,1.887387,1.887387,0.012134,0.012255,14.973583,11839,-0.000818,0.076404,63115,25887,13824,8959,6207,4604,3435,2683,23151,1,1,1,1
22.4000,7173,1,1,79391,1,152081,0.522034,1,3,4,527,366779,27.54787,0.00308,2.38834,0.00681,0,1,3,2.073571,1.712567,1.712567,-0.005206,-0.005104,14.956406,11480,0.000341,0.074172,63295,25567,14132,8994,6194,4568,3526,2703,23101,1,1,1,1
23.0000,7173,1,1,80857,1,154784,0.522389,1,8,8,18,183228,27.96378,0.00308,2.38834,0.00681,0,1,3,2.544733,1.888514,1.876813,-0.213164,-0.213034,14.748432,7176,0.014444,0.047018,64288,26409,14286,9151,6265,4564,3563,2757,23500,1,1,1,1
23.9000,7173,1,1,82458,0,158374,0.520657,1,5,16,126,214399,28.58754,0.00308,2.38834,0.00681,1,0,2,1.267230,1.000000,1.831154,-0.525046,-0.525013,14.436470,721,0.036367,0.004826,66119,26662,14538,9297,6464,4762,3523,2795,24213,1,1,1,1
22.3500,7185,1,1,79262,0,151732,0.522385,20,253,253,253,232057,27.51154,0.00221,2.38989,0.00703,1,1,2,1.192246,1.000000,53.387741,0.010667,0.010691,14.972187,11859,-0.000714,0.076412,62910,25875,13849,8950,6323,4569,3428,2714,23113,1,1,1,1
22.4000,7185,1,1,79459,1,152577,0.520783,1,13,13,125,132064,27.54627,0.00221,2.38989,0.00703,0,1,3,1.880905,1.565033,1.565033,-0.006452,-0.006364,14.955130,11500,0.000426,0.074183,63674,25955,14119,8857,6172,4482,3419,2665,23233,1,1,1,1
23.0000,7185,1,1,80426,0,154456,0.520708,12,6,12,42,428789,27.96216,0.00221,2.38989,0.00703,1,1,2,1.319482,1.000000,2.363210,-0.214425,-0.214387,14.747086,7188,0.014538,0.047022,64012,26296,14371,8995,6274,4578,3435,2799,23695,1,1,1,1
23.9000,7185,1,1,82419,1,158562,0.519794,1,4,12,397,6410468,28.58595,0.00221,2.38989,0.00703,0,1,3,2.737095,2.173492,2.173492,-0.526312,-0.526172,14.435097,722,0.036451,0.004825,65849,26556,14787,9398,6550,4759,3682,2858,24122,1,1,1,1
22.3500,7197,1,1,79509,1,152406,0.521695,1,1,28,173,546316,27.50741,0.00154,2.38559,0.00658,0,0,3,1.665237,1.195854,1.195854,0.008550,0.008621,14.970021,11878,-0.000576,0.076418,63234,25833,14256,8980,6192,4573,3471,2670,23196,1,1,1,1
22.4000,7197,1,1,79760,0,152399,0.523366,1,16,3275,3275,220916,27.54208,0.00154,2.38559,0.00658,1,1,2,1.101860,1.000000,1.877576,-0.008816,-0.008803,14.952707,11518,0.000589,0.074188,63102,26089,14318,8897,6124,4457,3366,2853,23192,1,1,1,1
23.0000,7197,1,1,80514,0,154207,0.522120,5,7,13,89,654010,27.95805,0.00154,2.38559,0.00658,1,0,2,1.229238,1.000000,1.898388,-0.216800,-0.216771,14.744719,7198,0.014702,0.047016,63685,25945,14489,9125,6371,4588,3585,2771,23647,1,1,1,1
23.9000,7197,1,1,82503,1,158403,0.520846,4,8,8,62,183517,28.58185,0.00154,2.38559,0.00658,0,1,3,6.321440,4.503373,4.503373,-0.528762,-0.528506,14.432496,724,0.036619,0.004831,65634,27005,14644,9307,6500,4659,3583,2864,24206,1,1,1,1
22.3500,7209,1,1,79436,0,152464,0.521018,10,3,13,24,732281,27.50267,0.00173,2.37607,0.00600,1,1,3,1.263813,1.000000,1.290298,0.006199,0.006232,14.967563,11894,-0.000416,0.076406,63278,25885,14351,8914,6164,4440,3391,2658,23382,1,1,1,1
22.4000,7209,1,1,80222,0,153319,0.523239,143,4,143,2454,113159,27.53729,0.00173,2.37607,0.00600,1,1,2,1.312835,1.000000,1.561805,-0.011124,-0.011086,14.950388,11534,0.000742,0.074178,63763,25787,14441,9148,6256,4519,3466,2796,23142,1,1,1,1
23.0000,7209,1,1,80905,1,155453,0.520450,1,12,19,53,5664921,27.95323,0.00173,2.37607,0.00600,0,1,3,6.829906,5.690264,5.690264,-0.219189,-0.218922,14.742304,7208,0.014850,0.047011,64534,26350,14425,9327,6381,4636,3490,2830,23479,1,1,1,1
23.9000,7209,1,1,82545,1,158344,0.521305,1,2,235,235,1236205,28.57705,0.00173,2.37607,0.00600,0,0,3,2.156065,1.552544,1.552544,-0.531010,-0.530903,14.430495,721,0.036790,0.004804,65392,26658,14807,9456,6428,4715,3609,2908,24370,1,1,1,1
22.3500,7221,1,1,79650,0,152704,0.521601,3,2,58,167,1133356,27.50042,0.00307,2.36852,0.00761,1,0,3,1.376215,1.000000,1.342233,0.005764,0.005808,14.967265,11914,-0.000388,0.076409,63090,26129,14254,9022,6232,4593,3504,2645,23234,1,1,1,1
22.4000,7221,1,1,80479,1,153739,0.523482,1,1,4,129,751263,27.53508,0.00307,2.36852,0.00761,0,1,3,1.271656,1.060902,1.060902,-0.011545,-0.011512,14.949983,11554,0.000770,0.074186,64049,25999,14343,9083,6329,4640,3403,2756,23136,1,1,1,1
23.0000,7221,1,1,80910,0,155586,0.520037,2,21,21,39,119768,27.95100,0.00307,2.36852,0.00761,1,1,2,1.356527,1.000000,9.157322,-0.219663,-0.219621,14.741843,7221,0.014898,0.047019,64658,26390,14556,9169,6275,4626,3466,2796,23649,1,1,1,1
23.9000,7221,1,1,83185,1,159777,0.520635,1,2,18,160,157452,28.57475,0.00307,2.36852,0.00761,0,0,3,1.415997,1.002240,1.002240,-0.531374,-0.531326,14.430108,722,0.036821,0.004803,66373,27302,14913,9368,6440,4714,3607,2890,24169,1,1,1,1
22.3500,7233,1,1,79904,0,153111,0.521873,3,61,61,61,3226701,27.49121,0.00339,2.37320,0.00541,1,0,2,1.025212,1.000000,1.591051,0.001315,0.001318,14.962839,11938,-0.000088,0.076458,63475,26062,14222,9012,6262,4635,3487,2692,23263,1,1,1,1
22.4000,7233,1,1,80213,1,153376,0.522986,3,14,17,63,392344,27.52590,0.00339,2.37320,0.00541,0,1,3,1.810196,1.461993,1.461993,-0.016024,-0.015942,14.945547,11577,0.001067,0.074232,63775,26088,14263,9075,6143,4595,3528,2698,23210,1,1,1,1
23.0000,7233,1,1,80965,1,155645,0.520194,3,8,11,136,2304016,27.94180,0.00339,2.37320,0.00541,0,1,3,3.426629,3.054906,3.054906,-0.224030,-0.223860,14.737308,7236,0.015190,0.047053,64496,26316,14576,9156,6269,4758,3620,2827,23626,1,1,1,1
23.9000,7233,1,1,82733,1,159045,0.520189,2,132,132,2244,835173,28.56557,0.00339,2.37320,0.00541,0,1,3,78.756395,63.355869,63.355869,-0.536122,-0.535519,14.426005,727,0.037122,0.004829,66060,26768,14737,9315,6582,4769,3584,2862,24367,1,1,1,1
22.3500,7245,1,1,80306,0,153713,0.522445,1,4,15,58,299334,27.49451,0.00163,2.37119,0.00459,1,1,2,1.406815,1.000000,2.349890,0.002082,0.002130,14.963572,11954,-0.000142,0.076430,63858,26110,14307,9149,6214,4523,3511,2853,23187,1,1,1,1
22.4000,7245,1,1,80168,0,153491,0.522301,7,3,13,334,14417734,27.52924,0.00163,2.37119,0.00459,1,1,2,1.330546,1.000000,1.464425,-0.015250,-0.015211,14.946156,11591,0.001018,0.074196,63688,26030,14385,9067,6150,4527,3532,2759,23352,1,1,1,1
23.0000,7245,1,1,81326,0,156225,0.520573,1,15,107,107,7601541,27.94513,0.00163,2.37119,0.00459,1,1,2,1.101390,1.000000,1.680093,-0.223204,-0.223190,14.738012,7244,0.015144,0.047025,64771,26734,14654,9205,6197,4659,3518,2751,23735,1,1,1,1
23.9000,7245,1,1,83070,0,159654,0.520316,4,7,73,269,165213,28.56892,0.00163,2.37119,0.00459,1,1,2,1.363725,1.000000,3.506471,-0.535147,-0.535104,14.426280,724,0.037092,0.004801,66376,26972,14691,9517,6490,4708,3629,2782,24488,1,1,1,1
22.3500,7257,1,1,79602,0,153087,0.519982,1,62,62,376,491482,27.48821,0.00143,2.36288,0.00594,1,1,2,1.387132,1.000000,29.156293,-0.001323,-0.001278,14.960120,11978,0.000085,0.076475,63497,25918,14172,9058,6332,4488,3462,2722,23437,1,1,1,1
22.4000,7257,1,1,80446,0,154242,0.521560,2,13,88,88,7260056,27.52288,0.00143,2.36288,0.00594,1,1,2,1.366369,1.000000,6.035161,-0.018550,-0.018507,14.942954,11615,0.001239,0.074242,63813,26393,14505,9083,6202,4729,3527,2697,23292,1,1,1,1
23.0000,7257,1,1,81702,0,156359,0.522532,1,2,20,43,162518,27.93884,0.00143,2.36288,0.00594,1,0,3,1.365776,1.000000,1.204364,-0.226422,-0.226379,14.735083,7260,0.015363,0.047060,64634,26797,14765,9148,6377,4576,3458,2842,23761,1,1,1,1
23.9000,7257,1,1,83389,1,159944,0.521367,1,7,8,24,189767,28.56265,0.00143,2.36288,0.00594,0,0,3,2.454334,1.896689,1.896689,-0.538354,-0.538231,14.423118,733,0.037317,0.004854,66255,27186,14921,9455,6575,4767,3589,2874,24321,1,1,1,1
22.3500,7269,1,1,80507,1,154176,0.522179,1,4,82,82,281445,27.49576,0.00162,2.36697,0.00491,0,1,3,3.891858,2.879913,2.879913,0.002632,0.002818,14.964090,11993,-0.000188,0.076424,64054,26384,14260,9020,6307,4624,3528,2655,23343,1,1,1,1
22.4000,7269,1,1,80220,0,154004,0.520899,1,5,5,21,1673280,27.53037,0.00162,2.36697,0.00491,1,1,2,1.383549,1.000000,2.725703,-0.014672,-0.014627,14.946770,11632,0.000979,0.074209,63752,26172,14427,9207,6208,4614,3432,2626,23565,1,1,1,1
23.0000,7269,1,1,81749,1,157062,0.520492,1,4,4,6,652187,27.94632,0.00162,2.36697,0.00491,0,0,3,1.623743,1.188493,1.188493,-0.222585,-0.222518,14.738868,7270,0.015097,0.047035,65274,27054,14514,9005,6243,4730,3644,2854,23743,1,1,1,1
23.9000,7269,1,1,83136,0,160227,0.518867,1,15,15,77,152382,28.57014,0.00162,2.36697,0.00491,1,1,3,1.058377,1.000000,1.020192,-0.534486,-0.534479,14.426652,726,0.037048,0.004799,66343,27162,14859,9554,6505,4829,3634,2908,24432,1,1,1,1
22.3500,7281,1,1,80303,1,153730,0.522367,4,2,39,980,173017,27.49408,0.00152,2.36526,0.00447,0,1,3,1.784128,1.329598,1.329598,0.001818,0.001897,14.963097,12016,-0.000127,0.076449,63537,26141,14156,9254,6299,4521,3521,2712,23588,1,1,1,1
22.4000,7281,1,1,80402,0,154299,0.521083,5,9,10,49,176116,27.52874,0.00152,2.36526,0.00447,1,1,2,1.412958,1.000000,4.637918,-0.015594,-0.015547,14.945877,11651,0.001040,0.074212,63964,26093,14473,9076,6299,4596,3492,2812,23493,1,1,1,1
23.0000,7281,1,1,81980,0,156982,0.522229,1,43,43,3347,2133997,27.94466,0.00152,2.36526,0.00447,1,1,2,1.046085,1.000000,2.105135,-0.223503,-0.223497,14.737603,7284,0.015165,0.047052,64977,26670,14629,9357,6556,4710,3595,2820,23667,1,1,1,1
23.9000,7281,1,1,83713,1,160671,0.521024,9,3,24,78,224169,28.56841,0.00152,2.36526,0.00447,0,1,3,1.644527,1.314227,1.314227,-0.535344,-0.535276,14.426212,730,0.037104,0.004817,66755,27141,15061,9540,6384,4803,3719,2802,24465,1,1,1,1
22.3500,7293,1,1,80558,0,154462,0.521543,2,3,25,29,112334,27.48743,0.00152,2.36956,0.00601,1,1,2,1.413478,1.000000,1.823962,-0.001512,-0.001465,14.959961,12032,0.000098,0.076441,64107,26196,14591,9173,6152,4611,3386,2837,23408,1,1,1,1
22.4000,7293,1,1,80468,0,154588,0.520535,1,33,33,99,106682,27.52212,0.00152,2.36956,0.00601,1,1,2,1.399308,1.000000,16.360046,-0.019010,-0.018964,14.942444,11667,0.001269,0.074209,64015,26438,14501,9038,6221,4584,3474,2826,23490,1,1,1,1
23.0000,7293,1,1,81984,0,156712,0.523154,1,37,37,37,227397,27.93802,0.00152,2.36956,0.00601,1,1,2,1.065230,1.000000,2.563540,-0.226837,-0.226828,14.734319,7290,0.015395,0.047024,65007,26517,14602,9164,6364,4628,3501,2845,24083,1,1,1,1
23.9000,7293,1,1,83408,0,160537,0.519559,1,5,15,15,103278,28.56179,0.00152,2.36956,0.00601,1,1,2,1.180914,1.000000,1.342740,-0.538672,-0.538649,14.422633,731,0.037347,0.004817,66544,27150,14853,9443,6580,4862,3568,2881,24655,1,1,1,1
22.3500,7305,1,1,80569,1,154565,0.521266,1,4,6,84,538687,27.49108,0.00171,2.36384,0.00583,0,0,3,2.873302,2.298760,2.298760,0.000413,0.000557,14.961885,12053,-0.000037,0.076439,64272,26145,14307,9073,6289,4619,3453,2852,23554,1,1,1,1
22.4000,7305,1,1,80554,0,154602,0.521044,1,1,25,29,168491,27.52581,0.00171,2.36384,0.00583,1,0,3,1.356794,1.000000,1.000955,-0.016895,-0.016854,14.944612,11687,0.001128,0.074203,64175,26301,14162,8994,6281,4636,3425,2875,23752,1,1,1,1
23.0000,7305,1,1,82007,1,157949,0.519203,1,299,299,299,1215387,27.94170,0.00171,2.36384,0.00583,0,1,3,2.365675,1.727998,1.499321,-0.224867,-0.224749,14.736640,7304,0.015251,0.047029,65758,26776,14822,9242,6377,4697,3534,2769,23973,1,1,1,1
23.9000,7305,1,1,83942,0,161441,0.519958,2,3,26,98,517010,28.56549,0.00171,2.36384,0.00583,1,1,2,1.414165,1.000000,2.204125,-0.536786,-0.536738,14.424693,731,0.037210,0.004809,67115,27375,15127,9684,6573,4656,3553,2910,24447,1,1,1,1
22.3500,7317,1,1,80611,1,154727,0.520992,1,73,73,732,2679889,27.48224,0.00363,2.36879,0.00474,0,1,3,11.724987,11.159804,11.159804,-0.003139,-0.002803,14.958716,12069,0.000187,0.076431,64224,26526,14362,9006,6137,4498,3578,2742,23653,1,1,1,1
22.4000,7317,1,1,80815,1,155139,0.520923,4,2,35,192,582656,27.51691,0.00363,2.36879,0.00474,0,1,3,1.745534,1.378229,1.378229,-0.020331,-0.020255,14.940964,11703,0.001356,0.074201,64374,26151,14518,9328,6328,4670,3592,2783,23394,1,1,1,1
23.0000,7317,1,1,82313,1,157593,0.522317,1,9,181,188,928268,27.93287,0.00363,2.36879,0.00474,0,1,3,2.136816,1.560806,1.499964,-0.228317,-0.228214,14.733176,7312,0.015490,0.047015,65197,26807,14794,9396,6266,4737,3609,2868,23918,1,1,1,1
23.9000,7317,1,1,84220,0,161694,0.520864,1,9,18,26,929215,28.55668,0.00363,2.36879,0.00474,1,1,2,1.291449,1.000000,3.478076,-0.540279,-0.540244,14.421237,728,0.037462,0.004782,67388,27380,14996,9458,6476,4779,3657,2947,24612,1,1,1,1
22.3500,7329,1,1,80436,0,155001,0.518942,8,2,62,62,82998,27.48637,0.00249,2.37341,0.00551,1,0,3,1.335059,1.000000,1.092812,-0.001556,-0.001516,14.959956,12093,0.000101,0.076451,64408,26187,14414,9226,6203,4575,3558,2830,23599,1,1,1,1
22.4000,7329,1,1,80608,0,154895,0.520408,1,3,21,68,12608169,27.52099,0.00249,2.37341,0.00551,1,0,2,1.304615,1.000000,1.667576,-0.018896,-0.018860,14.942619,11727,0.001262,0.074223,64091,26135,14469,9216,6358,4654,3537,2820,23614,1,1,1,1
23.0000,7329,1,1,82399,1,157904,0.521833,1,2,7,58,1288898,27.93693,0.00249,2.37341,0.00551,0,1,3,1.633779,1.194328,1.194328,-0.226845,-0.226778,14.734684,7329,0.015391,0.047042,65571,26880,14646,9283,6332,4725,3593,2848,24025,1,1,1,1
23.9000,7329,1,1,84615,1,161952,0.522473,1,1,88,133,89807,28.56076,0.00249,2.37341,0.00551,0,1,3,1.374790,1.122364,1.122364,-0.538750,-0.538706,14.422787,733,0.037351,0.004807,67402,27489,14926,9592,6577,4882,3624,2932,24527,1,1,1,1
22.3500,7341,1,1,80947,1,155322,0.521159,1,34,34,63,400639,27.48943,0.00210,2.36852,0.00651,0,1,3,2.909916,2.702577,2.702577,-0.000265,-0.000120,14.961395,12116,0.000008,0.076464,64398,26283,14506,9265,6303,4699,3586,2763,23518,1,1,1,1
22.4000,7341,1,1,81180,0,155750,0.521223,1,6,14,180,227606,27.52408,0.00210,2.36852,0.00651,1,1,2,1.347764,1.000000,2.942569,-0.017597,-0.017557,14.943912,11749,0.001175,0.074235,64393,26705,14575,9263,6378,4620,3501,2824,23490,1,1,1,1
23.0000,7341,1,1,82348,0,158119,0.520801,56,2,56,920,116630,27.94001,0.00210,2.36852,0.00651,1,1,3,1.383927,1.000000,1.299925,-0.225504,-0.225460,14.735997,7344,0.015300,0.047057,65818,26797,14524,9220,6419,4749,3632,2865,24094,1,1,1,1
23.9000,7341,1,1,84574,0,161938,0.522265,3,27,27,213,430472,28.56375,0.00210,2.36852,0.00651,1,1,2,1.048347,1.000000,1.354391,-0.537382,-0.537375,14.423735,738,0.037256,0.004831,67181,27581,15120,9364,6525,4803,3820,2885,24658,1,1,1,1
22.3500,7353,1,1,81343,1,155959,0.521570,1,3,66,1276,290231,27.49154,0.00219,2.36910,0.00505,0,0,3,2.565038,1.969042,1.969042,0.000878,0.001006,14.962363,12134,-0.000067,0.076448,64676,26822,14463,9224,6327,4649,3486,2835,23476,1,1,1,1
22.4000,7353,1,1,81588,0,155910,0.523305,1,4,4,45,243226,27.52623,0.00219,2.36910,0.00505,1,0,2,1.229053,1.000000,1.370175,-0.016441,-0.016412,14.945080,11767,0.001098,0.074221,64856,26473,14311,9132,6247,4606,3515,2794,23975,1,1,1,1
23.0000,7353,1,1,82744,0,158758,0.521199,3,56,56,68,188313,27.94213,0.00219,2.36910,0.00505,1,0,2,1.029799,1.000000,1.733469,-0.224414,-0.224410,14.737112,7354,0.015228,0.047041,66276,26660,14825,9274,6638,4613,3561,2935,23975,1,1,1,1
23.9000,7353,1,1,84765,1,162597,0.521323,5,3,29,29,32098409,28.56590,0.00219,2.36910,0.00505,0,0,3,1.456151,1.285164,1.285164,-0.536275,-0.536224,14.425021,737,0.037173,0.004816,67600,27625,15121,9556,6620,4838,3686,2958,24592,1,1,1,1
22.3500,7365,1,1,81113,1,155974,0.520045,2,3,7,1547,235097,27.49277,0.00264,2.36107,0.00704,0,1,3,2.008947,1.646848,1.646848,0.001745,0.001840,14.963129,12152,-0.000123,0.076432,64672,26500,14437,9155,6453,4668,3612,2763,23713,1,1,1,1
22.4000,7365,1,1,81512,0,156259,0.521650,7,60,60,417,209334,27.52749,0.00264,2.36107,0.00704,1,1,2,1.250356,1.000000,17.077811,-0.015780,-0.015750,14.945580,11783,0.001054,0.074199,64792,26467,14622,9325,6345,4704,3581,2784,23638,1,1,1,1
23.0000,7365,1,1,82608,0,158960,0.519681,1,19,159,159,122634,27.94338,0.00264,2.36107,0.00704,1,1,2,1.321921,1.000000,7.410498,-0.223667,-0.223629,14.737738,7364,0.015174,0.047026,66036,27186,14818,9353,6457,4632,3496,2875,24106,1,1,1,1
23.9000,7365,1,1,84686,0,162939,0.519744,9,1,15,417,188300,28.56717,0.00264,2.36107,0.00704,1,1,3,1.401194,1.000000,1.046980,-0.535423,-0.535377,14.426072,736,0.037112,0.004802,67943,27424,15297,9551,6621,4939,3578,2849,24736,1,1,1,1
22.3500,7377,1,1,81145,1,155985,0.520214,6,39,39,41,1587450,27.49371,0.00160,2.35898,0.00498,0,1,3,2.193520,1.834348,1.834348,0.001708,0.001815,14.963313,12172,-0.000121,0.076433,65027,26338,14363,9253,6370,4553,3532,2855,23693,1,1,1,1
22.4000,7377,1,1,81523,1,156230,0.521817,2,25,70,70,152353,27.52838,0.00160,2.35898,0.00498,0,1,3,5.691118,5.273963,5.273963,-0.015700,-0.015464,14.945699,11803,0.001035,0.074203,64821,26500,14390,9124,6438,4558,3620,2827,23951,1,1,1,1
23.0000,7377,1,1,83257,1,159516,0.521938,3,47,47,59,466353,27.94434,0.00160,2.35898,0.00498,0,1,3,25.164092,21.322631,21.322631,-0.223777,-0.223339,14.737566,7380,0.015154,0.047052,66266,27297,14919,9467,6404,4759,3558,2825,24020,1,1,1,1
23.9000,7377,1,1,84621,1,162712,0.520069,2,2,19,132,373119,28.56815,0.00160,2.35898,0.00498,0,1,3,1.806766,1.344644,1.344644,-0.535491,-0.535411,14.426060,737,0.037114,0.004800,67290,27770,15017,9632,6660,4878,3678,2933,24853,1,1,1,1
22.3500,7389,1,1,81196,0,156407,0.519136,1,19,460,503,815001,27.49199,0.00212,2.36375,0.00702,1,0,2,1.169624,1.000000,3.689821,0.000985,0.001006,14.962509,12191,-0.000067,0.076432,65009,26460,14480,9163,6433,4589,3565,2775,23932,1,1,1,1
22.4000,7389,1,1,81717,1,156358,0.522631,1,3,6,49,817105,27.52661,0.00212,2.36375,0.00702,0,1,3,1.956249,1.641763,1.641763,-0.016266,-0.016176,14.945324,11822,0.001082,0.074204,64699,26661,14370,9175,6458,4669,3623,2818,23884,1,1,1,1
23.0000,7389,1,1,82457,1,159025,0.518519,2,3,3,255,279653,27.94255,0.00212,2.36375,0.00702,0,1,3,2.861908,2.093872,2.093872,-0.224257,-0.224115,14.737381,7391,0.015207,0.047046,65916,27236,14684,9253,6330,4703,3606,2960,24336,1,1,1,1
23.9000,7389,1,1,84949,1,163111,0.520808,1,2,14,67,1019680,28.56637,0.00212,2.36375,0.00702,0,0,3,1.649325,1.210513,1.210513,-0.536131,-0.536064,14.425325,738,0.037161,0.004799,67693,27655,15111,9707,6699,4836,3698,2939,24772,1,1,1,1
22.3500,7401,1,1,81572,0,156455,0.521380,1,2,38,38,641625,27.49225,0.00159,2.35890,0.00515,1,1,3,1.301658,1.000000,1.284255,0.000946,0.000981,14.962339,12209,-0.000066,0.076422,64846,26486,14480,9217,6487,4619,3589,2856,23874,1,1,1,1
22.4000,7401,1,1,81677,1,157008,0.520212,1,5,14,52,359957,27.52690,0.00159,2.35890,0.00515,0,1,3,3.188303,2.631549,2.631549,-0.016433,-0.016277,14.945231,11840,0.001089,0.074197,65150,26684,14631,9142,6424,4676,3576,2843,23881,1,1,1,1
23.0000,7401,1,1,82899,1,159441,0.519939,1,9,16,102,104468,27.94282,0.00159,2.35890,0.00515,0,0,3,3.018666,2.347906,2.347906,-0.224388,-0.224239,14.737111,7399,0.015216,0.047021,65945,27311,14895,9426,6472,4650,3553,2820,24368,1,1,1,1
23.9000,7401,1,1,84613,1,163050,0.518942,1,6,6,59,115118,28.56657,0.00159,2.35890,0.00515,0,1,3,4.045410,3.258220,3.258220,-0.536285,-0.536096,14.425419,738,0.037163,0.004791,67312,27905,15072,9720,6675,4915,3657,2951,24842,1,1,1,1
22.3500,7413,1,1,81845,1,157044,0.521163,5,6,6,25,236206,27.48069,0.00159,2.35832,0.00591,0,1,3,2.186119,1.948746,1.948746,-0.004845,-0.004740,14.956770,12230,0.000317,0.076458,65223,26570,14613,9440,6234,4696,3627,2793,23847,1,1,1,1
22.4000,7413,1,1,81977,1,157133,0.521708,1,6,318,318,161792,27.51538,0.00159,2.35832,0.00591,0,0,3,3.724633,3.004386,3.004386,-0.022220,-0.022042,14.939283,11856,0.001475,0.074206,65279,26515,14628,9162,6419,4734,3562,2833,24000,1,1,1,1
23.0000,7413,1,1,83257,1,159863,0.520805,15,4,55,78,183396,27.93129,0.00159,2.35832,0.00591,0,1,3,2.104753,1.799249,1.799249,-0.230137,-0.230037,14.731466,7408,0.015615,0.047020,66231,27499,14789,9307,6507,4796,3644,2839,24250,1,1,1,1
23.9000,7413,1,1,85287,1,163743,0.520862,1,3,16,16,120503,28.55505,0.00159,2.35832,0.00591,0,1,3,1.916293,1.357652,1.280256,-0.541997,-0.541909,14.419532,738,0.037582,0.004786,68131,27768,15033,9765,6703,4883,3692,2909,24858,1,1,1,1
22.3500,7425,1,1,81938,0,157059,0.521705,3,1,27,671,303510,27.49514,0.00159,2.36884,0.00521,1,1,3,1.294905,1.000000,1.032577,0.002442,0.002477,14.963996,12255,-0.000166,0.076453,65151,26680,14610,9187,6313,4748,3587,2872,23910,1,1,1,1
22.4000,7425,1,1,82247,1,157407,0.522515,3,8,16,48,327319,27.52987,0.00159,2.36884,0.00521,0,1,3,4.205864,3.587999,3.587999,-0.015008,-0.014815,14.946345,11883,0.000991,0.074220,65277,26806,14601,9250,6383,4731,3703,2733,23922,1,1,1,1
23.0000,7425,1,1,83177,1,159960,0.519989,1,10,10,161,780970,27.94576,0.00159,2.36884,0.00521,0,1,3,1.378771,1.147125,1.147125,-0.222875,-0.222832,14.738667,7428,0.015119,0.047048,66566,27253,14854,9257,6412,4636,3671,2948,24362,1,1,1,1
23.9000,7425,1,1,85199,1,164001,0.519506,2,1,287,287,566361,28.56954,0.00159,2.36884,0.00521,0,1,3,1.509559,1.089950,1.004968,-0.534754,-0.534698,14.426704,746,0.037063,0.004827,67952,27976,15369,9616,6572,4967,3710,2951,24887,1,1,1,1
22.3500,7437,1,1,82564,0,158170,0.521999,1,50,282,282,72284,27.48984,0.00158,2.35695,0.00551,1,0,2,1.107511,1.000000,5.784924,-0.000308,-0.000294,14.961218,12271,0.000020,0.076444,65929,26898,14664,9396,6452,4741,3507,2838,23744,1,1,1,1
22.4000,7437,1,1,81998,0,157623,0.520219,1,14,22,953,2262262,27.52451,0.00158,2.35695,0.00551,1,1,2,1.317982,1.000000,5.536946,-0.017641,-0.017604,14.943874,11899,0.001178,0.074212,65270,26797,14738,9338,6312,4739,3642,2831,23955,1,1,1,1
23.0000,7437,1,1,83256,0,159749,0.521171,1,2,475,475,1128116,27.94047,0.00158,2.35695,0.00551,1,1,3,1.413136,1.000000,1.351074,-0.225527,-0.225481,14.735948,7436,0.015301,0.047032,66101,27040,14918,9338,6539,4768,3557,2903,24584,1,1,1,1
23.9000,7437,1,1,85462,0,164065,0.520906,1,9,286,286,907919,28.56428,0.00158,2.35695,0.00551,1,1,2,1.298205,1.000000,3.310629,-0.537490,-0.537455,14.424027,743,0.037261,0.004801,68090,27962,15050,9651,6655,4985,3703,2980,24988,1,1,1,1
22.3500,7449,1,1,82094,0,157645,0.520756,1,26,26,26,218936,27.49111,0.00230,2.36525,0.00726,1,1,3,1.035163,1.000000,1.017361,0.000731,0.000736,14.961811,12290,-0.000049,0.076436,65450,26889,14604,9374,6435,4632,3543,2846,23871,1,1,1,1
22.4000,7449,1,1,82189,1,157552,0.521666,1,47,47,74,132451,27.52573,0.00230,2.36525,0.00726,0,1,3,10.589137,9.955641,9.955641,-0.016733,-0.016416,14.944709,11918,0.001098,0.074207,65181,26905,14497,9314,6423,4719,3568,2792,24152,1,1,1,1
23.0000,7449,1,1,83606,0,160538,0.520790,2,6,16,27,1118119,27.94167,0.00230,2.36525,0.00726,1,0,2,1.284502,1.000000,2.127505,-0.224600,-0.224567,14.736918,7452,0.015238,0.047054,66581,27221,14960,9471,6486,4841,3631,2905,24441,1,1,1,1
23.9000,7449,1,1,85755,1,164489,0.521345,1,5,21,85,388683,28.56550,0.00230,2.36525,0.00726,0,1,3,3.127867,2.512055,2.512055,-0.536524,-0.536371,14.425121,744,0.037183,0.004799,68254,27989,15451,9574,6560,4924,3709,3025,25002,1,1,1,1
22.3500,7461,1,1,81919,1,157418,0.520395,2,179,179,179,78482,27.49011,0.00276,2.35995,0.00569,0,1,3,13.875256,13.522603,13.522603,0.000304,0.000656,14.961688,12308,-0.000044,0.076425,64868,26811,14607,9428,6449,4800,3638,2833,23983,1,1,1,1
22.4000,7461,1,1,82559,1,158201,0.521865,1,4,34,98,287871,27.52476,0.00276,2.35995,0.00569,0,1,3,3.296699,2.553569,2.553569,-0.016911,-0.016751,14.944744,11933,0.001121,0.074180,65634,27001,14626,9372,6488,4716,3596,2926,23841,1,1,1,1
23.0000,7461,1,1,83776,0,160621,0.521579,6,23,23,825,28835356,27.94069,0.00276,2.35995,0.00569,1,1,2,1.208169,1.000000,5.515366,-0.224925,-0.224900,14.736598,7458,0.015261,0.047017,66565,27346,14889,9568,6531,4714,3633,2893,24481,1,1,1,1
23.9000,7461,1,1,85968,0,165181,0.520450,1,2,47,47,307709,28.56443,0.00276,2.35995,0.00569,1,0,2,1.386452,1.000000,1.623132,-0.536717,-0.536673,14.424786,742,0.037205,0.004779,68581,28343,15278,9604,6658,5026,3800,2971,24919,1,1,1,1
22.3500,7473,1,1,82711,1,158621,0.521441,1,2,14,80,234993,27.48888,0.00333,2.35649,0.00711,0,1,3,1.795198,1.346832,1.346832,0.000151,0.000229,14.961753,12333,-0.000015,0.076457,65763,27200,14868,9258,6481,4603,3614,2833,24000,1,1,1,1
22.4000,7473,1,1,83019,1,158829,0.522698,7,5,7,48,219654,27.52357,0.00333,2.35649,0.00711,0,1,3,1.948036,1.389909,1.327213,-0.017190,-0.017100,14.944351,11956,0.001144,0.074206,66083,27087,14735,9416,6419,4628,3551,2798,24111,1,1,1,1
23.0000,7473,1,1,83995,1,161345,0.520596,1,204,204,204,131432,27.93948,0.00333,2.35649,0.00711,0,1,3,30.778858,30.204543,30.204543,-0.225356,-0.224897,14.736629,7472,0.015261,0.047029,66999,27564,15004,9421,6656,4658,3640,2924,24478,1,1,1,1
23.9000,7473,1,1,85966,0,164970,0.521104,9,19,19,43,990106,28.56325,0.00333,2.35649,0.00711,1,1,2,1.375394,1.000000,8.944425,-0.537158,-0.537115,14.424348,747,0.037237,0.004803,68447,27948,15370,9667,6684,4939,3691,2955,25268,1,1,1,1
22.3500,7485,1,1,82969,1,158876,0.522228,1,21,21,700,157679,27.49473,0.00257,2.36810,0.00565,0,1,3,2.352860,1.787514,1.737517,0.002695,0.002810,14.964178,12346,-0.000188,0.076402,66469,26710,14694,9164,6463,4735,3560,2828,24252,1,1,1,1
22.4000,7485,1,1,82887,1,158623,0.522544,4,1,22,84,2316226,27.52946,0.00257,2.36810,0.00565,0,1,3,1.418472,1.023053,1.023053,-0.014626,-0.014579,14.946826,11972,0.000975,0.074174,65576,27212,14940,9303,6508,4597,3568,2753,24165,1,1,1,1
23.0000,7485,1,1,84093,1,161340,0.521219,18,47,47,47,978947,27.94534,0.00257,2.36810,0.00565,0,1,3,16.584245,15.133131,15.133131,-0.222759,-0.222384,14.739137,7480,0.015088,0.046996,66976,27303,15122,9521,6564,4762,3637,2840,24614,1,1,1,1
23.9000,7485,1,1,86478,0,165523,0.522456,1,1,231,231,74439,28.56913,0.00257,2.36810,0.00565,1,0,3,1.327183,1.000000,1.024423,-0.534471,-0.534433,14.427044,744,0.037044,0.004776,68686,28201,15369,9643,6794,4945,3750,3043,25091,1,1,1,1
22.3500,7497,1,1,82788,0,158540,0.522193,2,9,17,99,14759681,27.49526,0.00275,2.37017,0.00570,1,1,2,1.262381,1.000000,3.020521,0.003034,0.003065,14.964555,12366,-0.000205,0.076402,65558,27040,14948,9187,6390,4734,3656,2813,24213,1,1,1,1
22.4000,7497,1,1,83197,1,159514,0.521569,3,11,30,30,276627,27.52994,0.00275,2.37017,0.00570,0,1,3,3.409861,3.135226,3.135226,-0.014304,-0.014140,14.947045,11996,0.000946,0.074203,66496,27098,14963,9429,6364,4723,3615,2780,24045,1,1,1,1
23.0000,7497,1,1,84229,1,161551,0.521380,3,38,38,56,261452,27.94590,0.00275,2.37017,0.00570,0,0,3,4.824165,4.543585,4.543585,-0.222310,-0.222101,14.739052,7492,0.015069,0.046997,66872,27504,15163,9488,6624,4880,3760,2862,24397,1,1,1,1
23.9000,7497,1,1,86351,1,165691,0.521160,2,1,63,419,253326,28.56970,0.00275,2.37017,0.00570,0,1,3,1.468619,1.182506,1.182506,-0.534117,-0.534066,14.427256,745,0.037018,0.004774,68629,28479,15397,9842,6611,4915,3699,3009,25109,1,1,1,1
22.3500,7509,1,1,82987,1,159091,0.521636,1,3,14,19,224244,27.48938,0.00284,2.36997,0.00664,0,0,3,1.929975,1.370261,1.370261,0.000118,0.000205,14.961628,12382,-0.000014,0.076393,66029,27280,14747,9395,6441,4795,3649,2793,23961,1,1,1,1
22.4000,7509,1,1,82986,0,159700,0.519640,3,3,12,37,62469,27.52399,0.00284,2.36997,0.00664,1,1,2,1.374242,1.000000,1.510777,-0.017200,-0.017158,14.944241,12006,0.001148,0.074160,66424,26940,14957,9542,6608,4814,3593,2909,23912,1,1,1,1
23.0000,7509,1,1,84312,0,161884,0.520821,1,8,439,439,1532429,27.93994,0.00284,2.36997,0.00664,1,1,2,1.405819,1.000000,4.551190,-0.225246,-0.225201,14.736249,7500,0.015282,0.046981,66929,27810,14963,9527,6642,4815,3654,2973,24570,1,1,1,1
23.9000,7509,1,1,86533,1,166213,0.520618,1,2,7,16,438614,28.56376,0.00284,2.36997,0.00664,0,0,3,1.521539,1.079109,1.079109,-0.537057,-0.537001,14.424424,742,0.037229,0.004748,69146,28401,15411,9820,6676,4995,3646,2925,25192,1,1,1,1
22.3500,7521,1,1,82924,0,158935,0.521751,2,19,1292,1292,273585,27.48590,0.00228,2.36449,0.00575,1,1,2,1.118325,1.000000,2.465399,-0.001925,-0.001910,14.959328,12416,0.000128,0.076493,65910,27192,14746,9358,6451,4779,3635,2783,24080,1,1,1,1
22.4000,7521,1,1,83001,1,159651,0.519894,1,3,4,4066,80387,27.52055,0.00228,2.36449,0.00575,0,0,3,2.164323,1.601160,1.601160,-0.019223,-0.019120,14.942267,12040,0.001280,0.074261,66194,27309,14734,9463,6417,4755,3644,2949,24185,1,1,1,1
23.0000,7521,1,1,84613,1,162035,0.522193,3,80,80,80,426906,27.93648,0.00228,2.36449,0.00575,0,0,3,2.350535,2.099457,2.099457,-0.227203,-0.227090,14.734150,7526,0.015412,0.047075,67098,27595,15148,9555,6726,4746,3790,2880,24496,1,1,1,1
23.9000,7521,1,1,86270,0,165803,0.520319,1,5,19,106,126463,28.56023,0.00228,2.36449,0.00575,1,1,2,1.276646,1.000000,2.112765,-0.539079,-0.539046,14.422304,762,0.037376,0.004869,68786,27961,15300,9836,6680,4995,3853,3050,25341,1,1,1,1
22.3500,7533,1,1,83177,1,159619,0.521100,8,10,97,97,377313,27.49248,0.00120,2.37277,0.00673,0,1,3,5.126688,4.421003,4.421003,0.000803,0.001020,14.962033,12433,-0.000068,0.076462,66402,26998,14954,9296,6449,4836,3701,2843,24139,1,1,1,1
22.4000,7533,1,1,83347,1,159929,0.521153,1,10,10,198,1079158,27.52717,0.00120,2.37277,0.00673,0,1,3,6.787022,5.380246,5.380246,-0.016555,-0.016301,14.945223,12056,0.001091,0.074226,66727,27034,14844,9369,6410,4710,3644,2854,24336,1,1,1,1
23.0000,7533,1,1,84638,0,162443,0.521035,1,14,177,177,114443,27.94307,0.00120,2.37277,0.00673,1,1,2,1.269882,1.000000,4.543772,-0.224497,-0.224465,14.736881,7536,0.015232,0.047054,67564,27663,15078,9601,6493,4839,3629,2831,24744,1,1,1,1
23.9000,7533,1,1,86679,1,166507,0.520576,1,6,8,388,671332,28.56684,0.00120,2.37277,0.00673,0,1,3,4.015156,3.257515,3.257515,-0.536359,-0.536175,14.425347,757,0.037169,0.004829,69084,28118,15636,9846,6741,5029,3931,2968,25153,1,1,1,1
22.3500,7545,1,1,83429,1,159903,0.521751,11,4,55,55,237916,27.48461,0.00129,2.37065,0.00676,0,1,3,1.168410,1.151350,1.151350,-0.002976,-0.002956,14.958571,12453,0.000198,0.076480,66286,27228,14967,9364,6456,4885,3765,2889,24062,1,1,1,1
22.4000,7545,1,1,83488,0,159943,0.521989,2,4,180,180,285894,27.51934,0.00129,2.37065,0.00676,1,0,3,1.216997,1.000000,1.125518,-0.020340,-0.020314,14.941184,12073,0.001360,0.074233,66476,27139,14924,9287,6501,4773,3694,2771,24377,1,1,1,1
23.0000,7545,1,1,84686,0,162340,0.521661,5,12,154,154,1751886,27.93522,0.00129,2.37065,0.00676,1,1,2,1.399338,1.000000,6.318874,-0.228399,-0.228354,14.733061,7546,0.015499,0.047053,67380,27532,14972,9594,6737,4778,3790,2866,24690,1,1,1,1
23.9000,7545,1,1,86395,1,166429,0.519113,5,37,37,142,110911,28.55901,0.00129,2.37065,0.00676,0,1,3,17.105951,15.183630,15.183630,-0.540350,-0.539974,14.420941,756,0.037444,0.004816,68901,28252,15534,9721,6775,5081,3823,2970,25371,1,1,1,1
22.3500,7557,1,1,83637,1,160341,0.521623,3,41,41,44,247426,27.49108,0.00147,2.37669,0.00657,0,0,3,5.682321,5.410498,5.410498,0.000263,0.000493,14.961623,12471,-0.000033,0.076454,66635,27051,15051,9413,6635,4839,3618,2875,24223,1,1,1,1
22.4000,7557,1,1,83666,0,160129,0.522495,1,2,83,164,417954,27.52575,0.00147,2.37669,0.00657,1,1,3,1.342481,1.000000,1.302017,-0.016978,-0.016939,14.944444,12093,0.001133,0.074222,66420,27110,14979,9354,6510,4730,3719,2880,24426,1,1,1,1
23.0000,7557,1,1,84615,1,162471,0.520804,1,6,66,26578,606919,27.94171,0.00147,2.37669,0.00657,0,0,3,1.843272,1.430671,1.430671,-0.224965,-0.224884,14.736473,7558,0.015260,0.047042,67364,27574,15159,9666,6559,4727,3637,2887,24897,1,1,1,1
23.9000,7557,1,1,86712,0,166687,0.520212,7,22,48,58,134689,28.56552,0.00147,2.37669,0.00657,1,1,2,1.220677,1.000000,5.686107,-0.536959,-0.536933,14.424388,761,0.037224,0.004839,69100,28319,15435,9928,6691,4962,3817,3005,25429,1,1,1,1
22.3500,7569,1,1,83562,0,160494,0.520658,1,5,25,154,172975,27.48950,0.00185,2.37411,0.00580,1,1,3,1.134876,1.000000,1.063470,-0.000291,-0.000275,14.960983,12490,0.000018,0.076452,66815,27246,14901,9442,6471,4779,3642,2973,24224,1,1,1,1
22.4000,7569,1,1,83702,0,160442,0.521700,1,11,16,18,1299412,27.52411,0.00185,2.37411,0.00580,1,1,3,1.083473,1.000000,1.028648,-0.017605,-0.017594,14.943602,12112,0.001177,0.074225,66717,27070,15179,9474,6374,4768,3627,2827,24405,1,1,1,1
23.0000,7569,1,1,85016,0,163140,0.521126,1,5,73,73,416040,27.94006,0.00185,2.37411,0.00580,1,1,3,1.142343,1.000000,1.107937,-0.225576,-0.225558,14.735706,7571,0.015307,0.047051,67856,27715,15182,9412,6619,4883,3657,2965,24850,1,1,1,1
23.9000,7569,1,1,86832,0,166820,0.520516,3,3,8,28,154054,28.56388,0.00185,2.37411,0.00580,1,1,2,1.386554,1.000000,1.690205,-0.537521,-0.537477,14.423984,758,0.037263,0.004813,69180,28204,15577,9981,6722,4948,3797,3046,25364,1,1,1,1
22.3500,7581,1,1,83962,0,160474,0.523216,1,13,60,60,847262,27.48189,0.00137,2.35870,0.00618,1,1,2,1.088084,1.000000,1.373697,-0.004337,-0.004325,14.957192,12510,0.000289,0.076473,66586,27243,14967,9372,6494,4785,3728,2926,24372,1,1,1,1
22.4000,7581,1,1,83820,0,161278,0.519727,5,13,46,339,78970,27.51655,0.00137,2.35870,0.00618,1,0,2,1.144660,1.000000,2.178387,-0.021697,-0.021679,14.939830,12129,0.001451,0.074230,67079,27590,14806,9583,6567,4761,3624,2874,24393,1,1,1,1
23.0000,7581,1,1,85387,1,163940,0.520846,1,3,16,16,210685,27.93247,0.00137,2.35870,0.00618,0,1,3,2.622101,2.064859,2.064859,-0.229655,-0.229528,14.731971,7582,0.015580,0.047057,68271,27996,15299,9511,6565,4862,3698,2972,24765,1,1,1,1
23.9000,7581,1,1,86979,1,167052,0.520673,3,214,214,214,244798,28.55622,0.00137,2.35870,0.00618,0,0,3,12.674890,12.407674,12.407674,-0.541649,-0.541314,14.419707,759,0.037540,0.004813,69243,28332,15463,9783,7014,5025,3787,2970,25434,1,1,1,1
22.3500,7593,1,1,84029,1,160790,0.522604,1,1,15,442,120035,27.48440,0.00233,2.36046,0.00634,0,0,3,1.429492,1.019470,1.019470,-0.002562,-0.002515,14.958939,12526,0.000168,0.076441,66876,27095,14898,9533,6590,4761,3696,2920,24420,1,1,1,1
22.4000,7593,1,1,84055,1,161117,0.521705,2,2,9,90,512668,27.51909,0.00233,2.36046,0.00634,0,1,3,1.676251,1.361430,1.361430,-0.019931,-0.019862,14.941634,12146,0.001329,0.074207,66940,27368,14825,9519,6406,4912,3613,2953,24580,1,1,1,1
23.0000,7593,1,1,85193,1,163911,0.519755,9,3,9,27,210409,27.93500,0.00233,2.36046,0.00634,0,1,3,2.043303,1.553203,1.553203,-0.227895,-0.227801,14.733680,7590,0.015461,0.047026,67850,28035,15389,9657,6613,4943,3715,2904,24804,1,1,1,1
23.9000,7593,1,1,87239,1,167327,0.521371,2,4,11,15,227645,28.55877,0.00233,2.36046,0.00634,0,1,3,2.218074,1.911729,1.911729,-0.539791,-0.539686,14.421823,760,0.037422,0.004811,69347,28302,15673,9788,6767,4979,3932,3082,25456,1,1,1,1
22.3500,7605,1,1,83661,1,160921,0.519892,3,4,72,72,662196,27.48132,0.00137,2.35287,0.00554,0,1,3,2.887558,2.154283,2.154283,-0.004621,-0.004481,14.956693,12551,0.000300,0.076484,66914,27199,15023,9374,6471,4831,3676,2884,24548,1,1,1,1
22.4000,7605,1,1,83740,0,161400,0.518838,1,2,57,102,284880,27.51605,0.00137,2.35287,0.00554,1,1,2,1.413844,1.000000,1.893374,-0.021976,-0.021930,14.939511,12167,0.001468,0.074229,67059,27589,14840,9531,6566,4848,3683,2883,24400,1,1,1,1
23.0000,7605,1,1,85279,1,163599,0.521272,5,4,8,50,170709,27.93193,0.00137,2.35287,0.00554,0,1,3,2.760475,2.187161,2.187161,-0.229928,-0.229795,14.731697,7604,0.015599,0.047045,67944,27568,15137,9717,6663,5005,3735,2853,24976,1,1,1,1
23.9000,7605,1,1,87449,1,167839,0.521032,10,3,10,36,333449,28.55572,0.00137,2.35287,0.00554,0,1,3,2.688105,1.978944,1.978944,-0.541816,-0.541686,14.419361,760,0.037567,0.004804,69422,28615,15714,10051,6817,4914,3729,2965,25611,1,1,1,1
22.3500,7617,1,1,84067,1,161340,0.521058,2,21,33,72,13429187,27.48416,0.00137,2.35707,0.00632,0,1,3,1.535500,1.250194,1.250194,-0.003148,-0.003091,14.958406,12573,0.000207,0.076488,66912,27522,14852,9565,6590,4878,3633,2915,24472,1,1,1,1
22.4000,7617,1,1,84271,1,161783,0.520892,16,20,30,556,338285,27.51883,0.00137,2.35707,0.00632,0,1,3,4.025072,3.584895,3.584895,-0.020554,-0.020371,14.941142,12191,0.001363,0.074250,66896,27682,15151,9623,6682,4863,3549,2901,24435,1,1,1,1
23.0000,7617,1,1,85255,1,164375,0.518665,3,3,7,282,279573,27.93479,0.00137,2.35707,0.00632,0,1,3,2.062961,1.700335,1.700335,-0.228485,-0.228389,14.732870,7624,0.015502,0.047091,68656,27674,15072,9628,6693,4887,3786,2960,25018,1,1,1,1
23.9000,7617,1,1,87485,1,167891,0.521085,1,78,78,1995,105955,28.55859,0.00137,2.35707,0.00632,0,0,3,5.394660,4.911061,4.911061,-0.540458,-0.540236,14.420983,765,0.037462,0.004827,69770,28452,15504,9786,6971,4951,3819,2975,25662,1,1,1,1
22.3500,7629,1,1,84195,1,161986,0.519770,7,69,69,103,193323,27.48061,0.00310,2.35482,0.00621,0,1,3,2.422244,2.035924,2.035924,-0.004156,-0.004040,14.957464,12587,0.000270,0.076458,67416,27389,15185,9494,6582,4859,3636,2934,24490,1,1,1,1
22.4000,7629,1,1,84206,0,161582,0.521138,4,10,36,51,979671,27.51523,0.00310,2.35482,0.00621,1,0,2,1.136429,1.000000,1.608117,-0.021450,-0.021433,14.940078,12206,0.001435,0.074230,67090,27260,14938,9541,6539,4861,3696,2927,24729,1,1,1,1
23.0000,7629,1,1,85563,1,164342,0.520643,4,4,70,141,315483,27.93117,0.00310,2.35482,0.00621,0,1,3,2.446263,2.037450,2.037450,-0.229436,-0.229319,14.732210,7628,0.015566,0.047044,67942,28174,15356,9736,6693,4736,3700,2985,25019,1,1,1,1
23.9000,7629,1,1,87695,1,168395,0.520773,1,10,28,912,2367523,28.55500,0.00310,2.35482,0.00621,0,1,3,4.223465,3.582341,3.582341,-0.541385,-0.541196,14.420095,762,0.037531,0.004801,69943,28603,15648,10045,6806,5022,3697,3019,25611,1,1,1,1
22.3500,7641,1,1,84319,1,161751,0.521292,3,26,32,32,208978,27.48141,0.00183,2.36018,0.00749,0,1,3,4.772096,4.626687,4.626687,-0.004432,-0.004228,14.957299,12610,0.000283,0.076478,67143,27624,14922,9439,6547,4792,3732,2911,24640,1,1,1,1
22.4000,7641,1,1,84390,0,162043,0.520791,3,4,226,226,471785,27.51606,0.00183,2.36018,0.00749,1,1,2,1.400587,1.000000,2.319286,-0.021713,-0.021669,14.939750,12227,0.001450,0.074242,67328,27449,15147,9418,6681,4812,3640,2856,24711,1,1,1,1
23.0000,7641,1,1,86046,0,164619,0.522701,1,15,15,41,375328,27.93198,0.00183,2.36018,0.00749,1,0,2,1.173320,1.000000,3.033905,-0.229693,-0.229673,14.731834,7642,0.015590,0.047057,68218,27884,15485,9771,6769,4816,3842,2912,24921,1,1,1,1
23.9000,7641,1,1,88060,0,168709,0.521967,4,13,15,148,88659,28.55573,0.00183,2.36018,0.00749,1,1,2,1.178037,1.000000,2.737486,-0.541562,-0.541540,14.419756,766,0.037555,0.004819,69865,28607,15870,10089,7001,4946,3782,3014,25534,1,1,1,1
22.3500,7653,1,1,84227,1,161823,0.520492,1,22,30,143,4691162,27.47856,0.00145,2.36931,0.00591,0,1,3,8.293560,7.521364,7.521364,-0.006057,-0.005781,14.955741,12625,0.000387,0.076457,67064,27577,15054,9496,6626,4748,3690,2925,24642,1,1,1,1
22.4000,7653,1,1,84213,1,162150,0.519356,1,3,20,83,1043612,27.51325,0.00145,2.36931,0.00591,0,1,3,1.809517,1.571966,1.571966,-0.023299,-0.023222,14.938304,12243,0.001555,0.074230,67254,27454,15207,9578,6680,4888,3616,2941,24531,1,1,1,1
23.0000,7653,1,1,85911,1,164283,0.522948,1,14,14,17,311430,27.92916,0.00145,2.36931,0.00591,0,1,3,5.196127,4.818769,4.818769,-0.231326,-0.231111,14.730416,7650,0.015689,0.047037,68001,27915,15192,9728,6690,4924,3835,2968,25029,1,1,1,1
23.9000,7653,1,1,87607,1,168286,0.520587,1,9,9,83,397917,28.55293,0.00145,2.36931,0.00591,0,1,3,1.904995,1.477430,1.477430,-0.543132,-0.543048,14.418440,763,0.037663,0.004793,69699,28496,15739,9878,6812,4971,3799,3123,25768,1,1,1,1
22.3500,7665,1,1,84592,0,162022,0.522105,1,9,15,30,80908,27.47951,0.00173,2.36525,0.00549,1,1,2,1.401041,1.000000,4.950713,-0.005399,-0.005355,14.956066,12652,0.000358,0.076499,67191,27199,15380,9536,6515,4919,3642,2845,24794,1,1,1,1
22.4000,7665,1,1,84684,0,162457,0.521273,3,4,15,51,60989,27.51423,0.00173,2.36525,0.00549,1,1,2,1.266450,1.000000,1.414460,-0.022680,-0.022649,14.938701,12266,0.001516,0.074251,67485,27637,15051,9541,6621,4786,3582,3029,24724,1,1,1,1
23.0000,7665,1,1,86405,1,165486,0.522132,2,6,12,45,690082,27.93012,0.00173,2.36525,0.00549,0,1,3,4.226061,3.310071,3.310071,-0.230679,-0.230491,14.731029,7666,0.015647,0.047060,68691,28332,15363,9775,6819,4890,3798,3009,24808,1,1,1,1
23.9000,7665,1,1,88320,0,169468,0.521163,16,9,33,84,169926,28.55391,0.00173,2.36525,0.00549,1,1,2,1.265438,1.000000,2.752295,-0.542561,-0.542530,14.418819,766,0.037627,0.004804,70440,28918,15948,9787,6860,5036,3783,3121,25574,1,1,1,1
22.3500,7677,1,1,84190,0,161588,0.521020,1,7,7,26,3399273,27.47193,0.00209,2.35912,0.00793,1,1,2,1.227227,1.000000,2.112029,-0.008932,-0.008905,14.952424,12663,0.000596,0.076464,66930,27213,14956,9505,6719,4692,3644,2890,25038,1,1,1,1
22.4000,7677,1,1,84748,0,162424,0.521773,1,1,11,470,623227,27.50660,0.00209,2.35912,0.00793,1,1,3,1.396281,1.000000,1.250672,-0.026232,-0.026189,14.935228,12279,0.001754,0.074231,67526,27466,15059,9641,6588,4792,3601,2886,24864,1,1,1,1
23.0000,7677,1,1,85902,0,164906,0.520918,1,3,24,30,2706892,27.92256,0.00209,2.35912,0.00793,1,0,2,1.369806,1.000000,1.765684,-0.234233,-0.234192,14.727277,7672,0.015902,0.047035,68289,28104,15232,9893,6694,4789,3784,3048,25072,1,1,1,1
23.9000,7677,1,1,88076,0,169532,0.519527,1,1,18,18,194585,28.54637,0.00209,2.35912,0.00793,1,1,3,1.412698,1.000000,1.394877,-0.546121,-0.546076,14.415358,765,0.037882,0.004791,70374,28745,15857,9959,6862,5144,3774,3039,25777,1,1,1,1
22.3500,7689,1,1,85003,1,162881,0.521875,1,5,11,161,415176,27.47267,0.00153,2.35267,0.00587,0,1,3,1.408610,1.031366,1.031366,-0.008863,-0.008818,14.952653,12688,0.000590,0.076495,67747,27636,15152,9467,6643,4850,3744,2831,24810,1,1,1,1
22.4000,7689,1,1,85075,1,163186,0.521341,3,5,19,132,270024,27.50728,0.00153,2.35267,0.00587,0,1,3,2.909458,2.475986,2.475986,-0.026233,-0.026094,14.935136,12305,0.001747,0.074273,67964,27503,15163,9600,6663,4939,3661,2973,24719,1,1,1,1
23.0000,7689,1,1,86486,0,165615,0.522214,22,3,22,22,83439,27.92323,0.00153,2.35267,0.00587,1,1,3,1.288950,1.000000,1.077699,-0.234147,-0.234114,14.727248,7690,0.015897,0.047072,68882,27848,15516,9720,6823,4837,3766,2988,25234,1,1,1,1
23.9000,7689,1,1,87829,1,168915,0.519963,8,3,29,29,1660953,28.54705,0.00153,2.35267,0.00587,0,1,3,2.625322,1.981589,1.981589,-0.546100,-0.545975,14.415515,770,0.037874,0.004815,69749,28689,15668,9901,7002,4986,3847,2988,26084,1,1,1,1
22.3500,7701,1,1,85078,0,163346,0.520849,1,5,56,126,113936,27.47353,0.00305,2.35597,0.00710,1,1,2,1.186662,1.000000,1.298601,-0.007674,-0.007652,14.953653,12706,0.000512,0.076479,67861,27864,15157,9690,6740,4754,3629,2909,24741,1,1,1,1
22.4000,7701,1,1,84744,0,162860,0.520352,11,12,32,94,512975,27.50818,0.00305,2.35597,0.00710,1,1,2,1.132321,1.000000,1.769152,-0.025021,-0.025005,14.936256,12325,0.001674,0.074272,67198,27812,15190,9817,6562,4790,3770,2906,24814,1,1,1,1
23.0000,7701,1,1,86205,1,165605,0.520549,14,10,35,35,720080,27.92411,0.00305,2.35597,0.00710,0,1,3,2.761482,2.042578,1.983921,-0.232990,-0.232858,14.728617,7698,0.015810,0.047043,68748,28029,15283,9649,6923,4953,3768,2938,25313,1,1,1,1
23.9000,7701,1,1,88520,0,169898,0.521022,1,1,32,75,193230,28.54786,0.00305,2.35597,0.00710,1,0,3,1.340492,1.000000,1.083575,-0.544826,-0.544788,14.416690,768,0.037789,0.004795,70348,29002,15876,9967,6828,5057,3917,3048,25854,1,1,1,1
22.3500,7713,1,1,85078,0,163400,0.520676,2,64,64,122,538113,27.47252,0.00289,2.35016,0.00631,1,0,2,1.054554,1.000000,3.628969,-0.008307,-0.008300,14.953224,12728,0.000555,0.076494,67973,27593,15311,9648,6644,4776,3609,2933,24912,1,1,1,1
22.4000,7713,1,1,85245,1,163492,0.521405,3,10,31,31,989218,27.50721,0.00289,2.35016,0.00631,0,1,3,4.875316,4.246916,4.246916,-0.025661,-0.025456,14.935676,12347,0.001704,0.074291,68166,27681,15072,9575,6630,4796,3652,2928,24991,1,1,1,1
23.0000,7713,1,1,86709,1,166524,0.520703,1,3,39,268,272206,27.92312,0.00289,2.35016,0.00631,0,1,3,3.111268,2.296549,2.296549,-0.233575,-0.233427,14.728068,7714,0.015849,0.047069,69236,28614,15272,9870,6737,4934,3655,2898,25307,1,1,1,1
23.9000,7713,1,1,88369,1,170163,0.519323,1,6,39,219,935799,28.54689,0.00289,2.35016,0.00631,0,1,3,1.953945,1.723074,1.723074,-0.545440,-0.545354,14.416159,773,0.037829,0.004819,70622,28776,15793,10045,6967,5062,3842,2954,26101,1,1,1,1
22.3500,7725,1,1,85393,1,163818,0.521271,1,1,95,95,188805,27.47190,0.00469,2.34447,0.00595,0,0,3,1.624742,1.212501,1.212501,-0.007624,-0.007561,14.953827,12748,0.000506,0.076492,67965,27787,15366,9538,6765,4947,3656,2954,24839,1,1,1,1
22.4000,7725,1,1,85502,0,163879,0.521742,1,97,120,120,98603,27.50663,0.00469,2.34447,0.00595,1,1,2,1.012682,1.000000,1.284063,-0.024989,-0.024988,14.935977,12361,0.001673,0.074259,68392,27670,15220,9627,6723,4778,3700,2887,24881,1,1,1,1
23.0000,7725,1,1,86879,1,166607,0.521464,2,8,8,41,527350,27.92251,0.00469,2.34447,0.00595,0,0,3,2.008463,1.657150,1.657150,-0.232951,-0.232861,14.728461,7727,0.015810,0.047074,69087,28300,15467,9950,6730,4995,3864,3030,25183,1,1,1,1
23.9000,7725,1,1,88819,1,171063,0.519221,2,13,99,264,1111111,28.54630,0.00469,2.34447,0.00595,0,0,3,1.842162,1.545972,1.545972,-0.544840,-0.544761,14.416548,777,0.037787,0.004836,71078,28924,16137,10113,6977,5224,3917,2979,25713,1,1,1,1
22.3500,7737,1,1,84910,0,163360,0.519775,5,12,12,622,381095,27.46696,0.00143,2.34323,0.00664,1,1,2,1.393332,1.000000,5.829687,-0.011806,-0.011763,14.949699,12768,0.000787,0.076514,67628,27844,15145,9655,6703,4902,3688,2939,24855,1,1,1,1
22.4000,7737,1,1,85710,0,164289,0.521706,19,2,22,566,1023959,27.50164,0.00143,2.34323,0.00664,1,1,3,1.407015,1.000000,1.067233,-0.029030,-0.028986,14.932441,12379,0.001941,0.074269,68331,27823,15404,9614,6711,4830,3744,2883,24948,1,1,1,1
23.0000,7737,1,1,87011,1,166984,0.521077,22,10,305,305,996470,27.91760,0.00143,2.34323,0.00664,0,1,3,7.214135,5.211283,5.211283,-0.237114,-0.236859,14.724668,7738,0.016086,0.047080,69292,28477,15493,9855,6761,5017,3851,2956,25281,1,1,1,1
23.9000,7737,1,1,88765,1,170611,0.520280,1,4,40,40,70181,28.54140,0.00143,2.34323,0.00664,0,1,3,1.650527,1.215452,1.215452,-0.548921,-0.548856,14.412619,773,0.038082,0.004805,70721,29003,15715,10091,6961,5056,3896,3063,26104,1,1,1,1
22.3500,7749,1,1,85140,0,164048,0.518998,2,8,11,37,885629,27.47003,0.00433,2.34544,0.00438,1,1,2,1.250302,1.000000,2.404782,-0.008838,-0.008809,14.952536,12787,0.000589,0.076495,67987,28201,15188,9587,6585,5001,3677,2915,24906,1,1,1,1
22.4000,7749,1,1,85561,1,164108,0.521373,3,4,4,44,1170937,27.50465,0.00433,2.34544,0.00438,0,1,3,1.668711,1.411837,1.411837,-0.026112,-0.026046,14.935461,12396,0.001744,0.074241,68350,27780,15099,9433,6743,4926,3775,3011,24990,1,1,1,1
23.0000,7749,1,1,86639,1,167129,0.518399,5,2,1689,1689,649015,27.92059,0.00433,2.34544,0.00438,0,1,3,1.071654,1.006447,1.006447,-0.234056,-0.234047,14.727476,7747,0.015892,0.047053,69557,28327,15473,9755,6851,4867,3811,3007,25480,1,1,1,1
23.9000,7749,1,1,88496,0,170497,0.519050,2,2,13,35,157524,28.54441,0.00433,2.34544,0.00438,1,1,2,1.397847,1.000000,1.470859,-0.545996,-0.545953,14.415508,772,0.037873,0.004790,70512,28851,15963,10009,6863,5095,3995,3028,26180,1,1,1,1
22.3500,7761,1,1,85839,1,164390,0.522170,1,9,16,193,161778,27.47033,0.00161,2.34369,0.00488,0,1,3,7.245150,5.248060,5.248060,-0.010084,-0.009829,14.951691,12805,0.000657,0.076489,68444,27870,15252,9704,6636,4918,3793,2874,24898,1,1,1,1
22.4000,7761,1,1,85982,0,165037,0.520989,2,4,12,58,6038774,27.50498,0.00161,2.34369,0.00488,1,1,2,1.359307,1.000000,2.192828,-0.027354,-0.027315,14.934160,12416,0.001829,0.074252,68969,27859,15219,9721,6823,4953,3708,2949,24835,1,1,1,1
23.0000,7761,1,1,86713,1,167096,0.518944,1,11,17,69,3874168,27.92090,0.00161,2.34369,0.00488,0,1,3,5.149106,4.356691,4.356691,-0.235361,-0.235150,14.726361,7758,0.015968,0.047050,69440,28245,15595,9742,6786,4972,3792,3013,25510,1,1,1,1
23.9000,7761,1,1,88644,0,170972,0.518474,14,23,23,193,511833,28.54465,0.00161,2.34369,0.00488,1,1,2,1.108148,1.000000,2.715628,-0.547206,-0.547193,14.414046,776,0.037962,0.004808,71038,28963,15847,10005,7051,5042,3885,3038,26102,1,1,1,1
22.3500,7773,1,1,86227,1,164997,0.522601,1,496,496,496,593446,27.46905,0.00170,2.34209,0.00690,0,1,3,85.926403,84.486332,84.486332,-0.010835,-0.010263,14.951269,12826,0.000686,0.076498,68892,27980,15307,9609,6595,4847,3767,2863,25136,1,1,1,1
22.4000,7773,1,1,85769,1,164669,0.520860,1,2,8,48,194393,27.50374,0.00170,2.34209,0.00690,0,0,3,2.091164,1.555364,1.555364,-0.027921,-0.027827,14.933565,12437,0.001863,0.074266,68137,28244,15266,9546,6740,4887,3789,2938,25121,1,1,1,1
23.0000,7773,1,1,87013,1,167602,0.519168,40,51,51,169,397524,27.91964,0.00170,2.34209,0.00690,0,0,3,2.895608,2.871097,2.871097,-0.235915,-0.235778,14.725140,7772,0.016012,0.047066,69540,28356,15656,9938,6847,4936,3825,2942,25561,1,1,1,1
23.9000,7773,1,1,89183,1,171655,0.519551,2,3,4,27,731875,28.54341,0.00170,2.34209,0.00690,0,0,3,1.428802,1.093338,1.093338,-0.547738,-0.547692,14.413681,777,0.037998,0.004807,71463,29237,15743,9963,6892,5077,4035,3073,26171,1,1,1,1
22.3500,7785,1,1,85589,1,164600,0.519985,1,1,646,646,336165,27.47711,0.00151,2.34770,0.00539,0,1,3,1.659885,1.280716,1.280716,-0.006609,-0.006544,14.954945,12843,0.000438,0.076463,68471,27888,15155,9533,6676,4949,3828,2979,25120,1,1,1,1
22.4000,7785,1,1,85912,0,165059,0.520496,2,4,16,40,152696,27.51183,0.00151,2.34770,0.00539,1,0,2,1.285913,1.000000,1.687150,-0.023992,-0.023960,14.937531,12453,0.001604,0.074227,68601,28127,15503,9586,6668,4827,3751,2898,25097,1,1,1,1
23.0000,7785,1,1,87471,1,167870,0.521067,3,12,20,30,161203,27.92772,0.00151,2.34770,0.00539,0,0,3,1.703097,1.455600,1.455600,-0.231927,-0.231858,14.729438,7782,0.015741,0.047040,69586,28583,15700,9948,6880,4879,3814,3025,25454,1,1,1,1
23.9000,7785,1,1,89717,1,172203,0.520999,2,3,39,95,154688,28.55151,0.00151,2.34770,0.00539,0,1,3,2.769981,2.067986,2.067986,-0.543843,-0.543712,14.417787,777,0.037711,0.004798,71390,29417,16056,10087,7069,5191,3783,3039,26170,1,1,1,1
22.3500,7797,1,1,86142,0,165736,0.519757,33,5,33,37,265106,27.47601,0.00334,2.34540,0.00551,1,1,2,1.387970,1.000000,2.482616,-0.006275,-0.006233,14.955182,12862,0.000417,0.076457,68920,28455,15407,9686,6549,4983,3778,2989,24968,1,1,1,1
22.4000,7797,1,1,86137,1,165587,0.520195,1,27,27,30,684510,27.51068,0.00334,2.34540,0.00551,0,1,3,2.150117,1.604646,1.517103,-0.023578,-0.023480,14.938000,12471,0.001572,0.074218,68600,28261,15448,9849,6773,4819,3801,3066,24969,1,1,1,1
23.0000,7797,1,1,87549,1,168344,0.520063,1,6,12,76,465023,27.92664,0.00334,2.34540,0.00551,0,1,3,3.675205,2.953890,2.953890,-0.231602,-0.231435,14.729877,7792,0.015712,0.047027,69778,28611,15679,10077,6865,4989,3819,3020,25505,1,1,1,1
23.9000,7797,1,1,89644,0,172504,0.519666,1,1,81,81,1197514,28.55044,0.00334,2.34540,0.00551,1,0,3,1.185308,1.000000,1.087232,-0.543436,-0.543414,14.417643,775,0.037691,0.004779,71721,29177,16284,10075,6936,5117,3888,3148,26157,1,1,1,1
22.3500,7809,1,1,85699,1,165021,0.519325,1,40,138,138,10788269,27.47786,0.00345,2.34685,0.00446,0,1,3,3.228724,2.697054,2.697054,-0.005368,-0.005218,14.956288,12886,0.000349,0.076476,68525,28083,15343,9594,6569,4909,3728,2960,25309,1,1,1,1
22.4000,7809,1,1,86111,1,164997,0.521898,1,4,15,74,562660,27.51248,0.00345,2.34685,0.00446,0,0,3,2.975010,2.313096,2.313096,-0.022666,-0.022527,14.938838,12496,0.001508,0.074248,68255,28282,15356,9684,6505,4984,3532,2950,25448,1,1,1,1
23.0000,7809,1,1,87683,1,168091,0.521643,1,2,15,15,1662632,27.92842,0.00345,2.34685,0.00446,0,1,3,1.628605,1.151618,1.149970,-0.230587,-0.230524,14.730920,7811,0.015649,0.047066,69950,28419,15550,9941,6867,4919,3837,3022,25585,1,1,1,1
23.9000,7809,1,1,89903,1,172617,0.520827,6,4,26,67,273419,28.55224,0.00345,2.34685,0.00446,0,1,3,2.330512,1.887189,1.887189,-0.542536,-0.542428,14.419072,782,0.037619,0.004814,71591,29208,16012,10222,7266,5227,3790,3102,26198,1,1,1,1
22.3500,7821,1,1,86328,0,165513,0.521582,17,28,107,107,783863,27.47680,0.00151,2.35357,0.00555,1,0,2,1.069906,1.000000,2.052365,-0.006836,-0.006827,14.954696,12905,0.000457,0.076479,68339,28202,15584,9697,6692,5007,3756,2932,25303,1,1,1,1
22.4000,7821,1,1,86431,1,165816,0.521250,1,7,7,680,533981,27.51145,0.00151,2.35357,0.00555,0,1,3,2.638413,2.247656,2.247656,-0.024168,-0.024044,14.937465,12511,0.001610,0.074230,68760,28258,15401,9831,6704,4876,3801,2950,25234,1,1,1,1
23.0000,7821,1,1,88233,1,169506,0.520533,1,10,34,34,157808,27.92737,0.00151,2.35357,0.00555,0,1,3,4.768435,4.268179,4.268179,-0.232171,-0.231971,14.729558,7819,0.015749,0.047046,70849,28624,15787,9864,6851,4987,3975,3111,25457,1,1,1,1
23.9000,7821,1,1,89837,1,172727,0.520113,3,2,61,61,204602,28.55113,0.00151,2.35357,0.00555,0,1,3,1.682083,1.202285,1.202285,-0.543966,-0.543900,14.417353,780,0.037725,0.004795,71605,29308,16265,10066,7035,5221,3976,3055,26195,1,1,1,1
22.3500,7833,1,1,86285,1,165561,0.521171,1,1,29,161,2673256,27.46887,0.00150,2.34734,0.00608,0,0,3,1.701064,1.202910,1.202910,-0.010746,-0.010678,14.950767,12922,0.000714,0.076483,68584,28194,15286,9787,6866,4911,3678,2980,25274,1,1,1,1
22.4000,7833,1,1,86821,1,166536,0.521338,3,10,49,67,96757,27.50355,0.00150,2.34734,0.00608,0,1,3,3.267658,2.606145,2.606145,-0.028143,-0.027992,14.933505,12530,0.001874,0.074248,69302,28345,15600,9806,6762,4859,3728,2903,25230,1,1,1,1
23.0000,7833,1,1,87593,1,168661,0.519347,1,43,281,281,175850,27.91946,0.00150,2.34734,0.00608,0,1,3,15.211914,13.814022,13.814022,-0.236203,-0.235855,14.725320,7830,0.016017,0.047054,70081,28558,15563,9977,6826,4963,3950,3002,25740,1,1,1,1
23.9000,7833,1,1,89577,1,172925,0.518014,4,26,29,133,232692,28.54323,0.00150,2.34734,0.00608,0,1,3,9.192965,8.145853,8.145853,-0.548054,-0.547771,14.413748,781,0.038003,0.004795,71658,29541,16135,10145,7055,5137,3876,3104,26273,1,1,1,1
22.3500,7845,1,1,86220,0,165820,0.519965,5,27,27,32,78358,27.46421,0.00251,2.34643,0.00509,1,0,2,1.143122,1.000000,4.284450,-0.012636,-0.012619,14.948895,12939,0.000844,0.076476,68641,28227,15321,9811,6826,4936,3799,3087,25171,1,1,1,1
22.4000,7845,1,1,86526,0,166191,0.520645,1,3,11,17,172700,27.49893,0.00251,2.34643,0.00509,1,1,3,1.244143,1.000000,1.181014,-0.029910,-0.029882,14.931617,12545,0.002001,0.074233,69027,28261,15301,9886,6716,4882,3721,3047,25349,1,1,1,1
23.0000,7845,1,1,88228,0,168940,0.522248,18,10,18,32,318730,27.91482,0.00251,2.34643,0.00509,1,1,2,1.385187,1.000000,4.736442,-0.237949,-0.237907,14.723561,7838,0.016158,0.047035,69691,28776,15719,10084,6998,5131,3834,3098,25608,1,1,1,1
23.9000,7845,1,1,90040,0,173149,0.520018,1,4,10,1782,256608,28.53861,0.00251,2.34643,0.00509,1,1,2,1.351795,1.000000,1.971747,-0.549787,-0.549748,14.411649,778,0.038146,0.004770,71850,29496,16140,10297,6982,5249,3821,3071,26242,1,1,1,1
22.3500,7857,1,1,86737,1,166611,0.520599,4,6,6,29,721261,27.46674,0.00124,2.34154,0.00470,0,1,3,1.998363,1.811648,1.811648,-0.011937,-0.011849,14.949670,12968,0.000793,0.076526,69229,28356,15534,9891,6650,4918,3733,2957,25342,1,1,1,1
22.4000,7857,1,1,86411,1,166183,0.519978,2,4,7,110,2325461,27.50141,0.00124,2.34154,0.00470,0,1,3,2.153312,1.873149,1.873149,-0.029275,-0.029178,14.932348,12575,0.001954,0.074293,68777,28251,15452,9734,6706,5039,3741,2968,25514,1,1,1,1
23.0000,7857,1,1,87969,1,169399,0.519304,2,240,240,240,78307,27.91737,0.00124,2.34154,0.00470,0,1,3,2.125489,1.582089,1.446691,-0.237237,-0.237141,14.724339,7864,0.016105,0.047117,70476,28845,15754,9894,6916,4959,3883,2924,25747,1,1,1,1
23.9000,7857,1,1,90370,0,173919,0.519613,2,2,15,41,235160,28.54117,0.00124,2.34154,0.00470,1,1,2,1.399474,1.000000,1.576678,-0.549146,-0.549103,14.412358,789,0.038099,0.004830,72110,29886,16081,10239,7042,5208,3971,3224,26157,1,1,1,1
22.3500,7869,1,1,86720,0,166534,0.520738,1,9,24,24,60438,27.46197,0.00238,2.33583,0.00653,1,1,2,1.316161,1.000000,3.732958,-0.013865,-0.013830,14.947551,12983,0.000925,0.076509,69167,28274,15524,9760,6741,4890,3793,3013,25371,1,1,1,1
22.4000,7869,1,1,87169,1,167192,0.521374,1,17,107,144,102644,27.49658,0.00238,2.33583,0.00653,0,1,3,2.413189,1.743381,1.542851,-0.031117,-0.031005,14.930463,12590,0.002077,0.074278,69250,28791,15492,9738,6941,5033,3822,2969,25155,1,1,1,1
23.0000,7869,1,1,88156,0,169339,0.520592,1,76,76,130,500927,27.91253,0.00238,2.33583,0.00653,1,1,2,1.397606,1.000000,36.676788,-0.239290,-0.239247,14.722176,7870,0.016251,0.047088,70413,28630,15648,9917,6917,5053,3853,3141,25766,1,1,1,1
23.9000,7869,1,1,90348,0,174058,0.519071,2,2,9,27,1654570,28.53635,0.00238,2.33583,0.00653,1,1,3,1.334928,1.000000,1.091558,-0.550977,-0.550940,14.410450,787,0.038232,0.004811,72459,29523,16066,10292,7145,5191,3899,3221,26261,1,1,1,1
22.3500,7881,1,1,86898,0,166777,0.521046,1,4,7,472,178265,27.45896,0.00212,2.34073,0.00520,1,1,2,1.358899,1.000000,2.415896,-0.015454,-0.015415,14.945987,13003,0.001031,0.076518,69069,28443,15438,10021,6716,4973,3743,3094,25279,1,1,1,1
22.4000,7881,1,1,86953,1,167145,0.520228,1,4,48,48,2799840,27.49361,0.00212,2.34073,0.00520,0,1,3,3.462071,2.642179,2.642179,-0.032787,-0.032629,14.928703,12609,0.002186,0.074285,69350,28366,15668,9819,6818,4959,3886,2970,25308,1,1,1,1
23.0000,7881,1,1,88639,1,169991,0.521437,1,309,309,309,1130160,27.90953,0.00212,2.34073,0.00520,0,1,3,24.240402,23.525060,23.525060,-0.240887,-0.240483,14.720600,7880,0.016336,0.047081,70852,28640,15807,10038,6810,4984,3967,3099,25793,1,1,1,1
23.9000,7881,1,1,90564,0,174109,0.520160,19,27,35,72,6545461,28.53329,0.00212,2.34073,0.00520,1,1,2,1.047257,1.000000,1.331066,-0.552581,-0.552576,14.408567,788,0.038350,0.004810,72259,29586,16341,10209,7040,5129,3906,3235,26403,1,1,1,1
22.3500,7893,1,1,87426,0,167223,0.522814,2,3,22,23,218476,27.46573,0.00180,2.35507,0.00508,1,0,3,1.267256,1.000000,1.085644,-0.012163,-0.012133,14.949363,13019,0.000812,0.076478,69316,28451,15593,10007,6798,4915,3867,3002,25273,1,1,1,1
22.4000,7893,1,1,87039,1,167024,0.521120,1,3,25,440,939458,27.50042,0.00180,2.35507,0.00508,0,0,3,2.050218,1.494407,1.494407,-0.029526,-0.029435,14.931974,12624,0.001971,0.074244,69349,28232,15494,9991,6846,4899,3889,2919,25404,1,1,1,1
23.0000,7893,1,1,88519,1,169743,0.521491,1,78,1677,1677,705796,27.91632,0.00180,2.35507,0.00508,0,0,3,10.658761,9.849511,9.849511,-0.237600,-0.237300,14.723912,7890,0.016117,0.047058,70257,28973,15774,10055,6836,5068,3854,3119,25806,1,1,1,1
23.9000,7893,1,1,90861,1,174384,0.521043,1,4,172,223,1142661,28.54009,0.00180,2.35507,0.00508,0,0,3,1.942687,1.411243,1.411243,-0.549360,-0.549276,14.412135,785,0.038112,0.004783,72530,29726,16199,10152,7043,5204,3979,3104,26446,1,1,1,1
22.3500,7905,1,1,87088,0,167168,0.520964,31,3,467,467,220158,27.46559,0.00285,2.35248,0.00503,1,1,2,1.403946,1.000000,1.933866,-0.011721,-0.011678,14.949751,13045,0.000781,0.076513,69360,28170,15670,9878,6814,5096,3724,3059,25396,1,1,1,1
22.4000,7905,1,1,87190,0,167713,0.519879,17,37,37,62,168544,27.50032,0.00285,2.35248,0.00503,1,1,2,1.325518,1.000000,14.123479,-0.029210,-0.029174,14.932212,12649,0.001954,0.074277,69498,28655,15503,9746,6798,5133,3896,3037,25446,1,1,1,1
23.0000,7905,1,1,88836,0,170393,0.521363,1,47,47,47,491272,27.91621,0.00285,2.35248,0.00503,1,1,2,1.045684,1.000000,2.248814,-0.237038,-0.237032,14.724108,7906,0.016098,0.047082,70939,28749,15617,10115,6955,5105,3958,3015,25939,1,1,1,1
23.9000,7905,1,1,90475,1,174293,0.519100,7,8,8,84,406106,28.53999,0.00285,2.35248,0.00503,0,1,3,3.471861,3.134941,3.134941,-0.548953,-0.548796,14.412317,792,0.038078,0.004819,72293,29541,16179,10310,7186,5227,3901,3110,26545,1,1,1,1
22.3500,7917,1,1,87076,0,167728,0.519153,1,79,79,1303,840002,27.46498,0.00123,2.34546,0.00541,1,1,2,1.225335,1.000000,20.074980,-0.012970,-0.012945,14.948558,13063,0.000866,0.076508,69900,28491,15488,9790,6762,4938,3818,2983,25557,1,1,1,1
22.4000,7917,1,1,87831,1,168678,0.520705,6,1,8,145,128153,27.49965,0.00123,2.34546,0.00541,0,1,3,1.404210,1.028428,1.028428,-0.030117,-0.030074,14.931135,12667,0.002014,0.074276,70505,28555,15700,9890,7006,4904,3759,2960,25398,1,1,1,1
23.0000,7917,1,1,89149,1,170735,0.522151,2,2,70,70,221878,27.91561,0.00123,2.34546,0.00541,0,1,3,1.575114,1.135932,1.135932,-0.238102,-0.238045,14.723424,7917,0.016168,0.047078,70797,29165,16066,10003,6773,5037,3852,3002,26039,1,1,1,1
23.9000,7917,1,1,91112,0,174931,0.520848,2,2,22671,22671,19287982,28.53942,0.00123,2.34546,0.00541,1,1,2,1.382571,1.000000,1.490356,-0.550023,-0.549983,14.411432,791,0.038163,0.004805,72557,29770,16267,10474,6955,5248,4002,3163,26494,1,1,1,1
22.3500,7929,1,1,87556,0,167818,0.521735,1,34,34,35,97708,27.46815,0.00131,2.34805,0.00583,1,1,2,1.112859,1.000000,4.193148,-0.011315,-0.011302,14.949951,13080,0.000756,0.076485,69329,28719,15809,9742,6922,4920,3828,3052,25496,1,1,1,1
22.4000,7929,1,1,87415,1,167775,0.521028,3,724,724,724,91252,27.50276,0.00131,2.34805,0.00583,0,1,3,1.382804,1.037779,1.037779,-0.028530,-0.028489,14.932995,12685,0.001908,0.074259,69522,28416,15809,9704,6732,4934,3836,3162,25659,1,1,1,1
23.0000,7929,1,1,89090,0,171056,0.520827,4,2,9,78,1386219,27.91871,0.00131,2.34805,0.00583,1,0,3,1.344678,1.000000,1.103308,-0.236509,-0.236471,14.725010,7926,0.016059,0.047055,71125,29191,15889,9997,6869,5114,3900,3072,25898,1,1,1,1
23.9000,7929,1,1,90835,1,174857,0.519485,2,4,152,152,6789025,28.54253,0.00131,2.34805,0.00583,0,1,3,2.354154,1.953622,1.953622,-0.548457,-0.548349,14.412959,790,0.038046,0.004792,72687,29486,16283,10356,6997,5239,3980,3207,26621,1,1,1,1
22.3500,7941,1,1,87608,0,168524,0.519858,1,1,120,120,366852,27.46913,0.00234,2.35318,0.00468,1,1,3,1.369361,1.000000,1.096192,-0.010207,-0.010167,14.951241,13102,0.000680,0.076491,70007,28723,15877,9941,6835,4985,3770,2932,25453,1,1,1,1
22.4000,7941,1,1,87484,0,168211,0.520088,1,175,175,175,353695,27.50378,0.00234,2.35318,0.00468,1,1,2,1.006691,1.000000,1.193785,-0.027539,-0.027539,14.933994,12707,0.001844,0.074271,69743,28459,15662,10000,6861,5047,3795,3069,25574,1,1,1,1
23.0000,7941,1,1,89055,1,170898,0.521103,1,15,21,42,288227,27.91971,0.00234,2.35318,0.00468,0,0,3,4.742284,3.927058,3.927058,-0.235577,-0.235381,14.725947,7941,0.015984,0.047070,70907,28950,15919,10132,6997,5006,3818,3022,26146,1,1,1,1
23.9000,7941,1,1,91234,0,175549,0.519710,1,4,37,2304,164138,28.54346,0.00234,2.35318,0.00468,1,1,2,1.379804,1.000000,2.291301,-0.547419,-0.547378,14.414036,794,0.037975,0.004808,72795,29964,16273,10311,7189,5143,4038,3288,26547,1,1,1,1
22.3500,7953,1,1,87976,0,168666,0.521602,1,5,87,134,777560,27.47310,0.00230,2.35132,0.00703,1,0,2,1.351362,1.000000,2.572863,-0.008280,-0.008242,14.953238,13124,0.000551,0.076494,70030,28603,15762,9926,6887,5021,3781,3039,25616,1,1,1,1
22.4000,7953,1,1,88403,1,169452,0.521702,4,70,70,70,517173,27.50778,0.00230,2.35132,0.00703,0,1,3,11.124697,10.803805,10.803805,-0.025715,-0.025412,14.935638,12724,0.001701,0.074250,70453,28663,15901,10005,6842,5234,3899,3030,25424,1,1,1,1
23.0000,7953,1,1,89421,1,171394,0.521731,1,22,33,804,99803,27.92369,0.00230,2.35132,0.00703,0,1,3,4.793910,4.475965,4.475965,-0.233612,-0.233415,14.728110,7953,0.015848,0.047063,71309,29242,15890,9837,7017,5110,3749,3108,26131,1,1,1,1
23.9000,7953,1,1,91080,0,175462,0.519090,15,6,15,92,212310,28.54746,0.00230,2.35132,0.00703,1,1,2,1.295529,1.000000,2.265148,-0.545455,-0.545422,14.415952,795,0.037835,0.004806,73046,29803,16025,10314,7107,5193,4003,3078,26892,1,1,1,1
22.3500,7965,1,1,87661,1,168527,0.520163,1,2,8,32,658449,27.47010,0.00287,2.34907,0.00490,0,0,3,1.736830,1.315892,1.315892,-0.009433,-0.009364,14.952022,13140,0.000626,0.076478,69824,28573,15746,10039,6878,5090,3884,3027,25465,1,1,1,1
22.4000,7965,1,1,87646,0,168673,0.519624,7,7,7,37,4942336,27.50482,0.00287,2.34907,0.00490,1,1,2,1.350847,1.000000,3.204660,-0.026851,-0.026813,14.934587,12742,0.001795,0.074248,70029,28827,15587,9987,6869,4915,3770,2993,25695,1,1,1,1
23.0000,7965,1,1,89651,1,171761,0.521955,23,3,23,45,1125055,27.92071,0.00287,2.34907,0.00490,0,1,3,2.177804,1.646768,1.646768,-0.234751,-0.234653,14.726346,7962,0.015934,0.047051,71043,29473,15986,10218,7028,5085,3885,3070,25972,1,1,1,1
23.9000,7965,1,1,91846,0,176517,0.520327,1,13,49,49,166580,28.54450,0.00287,2.34907,0.00490,1,1,2,1.087565,1.000000,1.413016,-0.546634,-0.546623,14.414899,794,0.037921,0.004793,73394,29966,16769,10422,7007,5256,4017,3140,26545,1,1,1,1
22.3500,7977,1,1,87808,0,168716,0.520452,29,22,29,137,10763192,27.47463,0.00186,2.34655,0.00495,1,1,2,1.064693,1.000000,1.581629,-0.007663,-0.007656,14.953531,13158,0.000512,0.076460,70023,28591,15658,9896,6810,5088,3818,2958,25873,1,1,1,1
22.4000,7977,1,1,88503,1,169719,0.521471,1,1,53,53,149249,27.50930,0.00186,2.34655,0.00495,0,1,3,1.424496,1.168292,1.168292,-0.024978,-0.024934,14.936571,12759,0.001669,0.074225,70372,28917,15937,10180,6976,5043,3746,2906,25641,1,1,1,1
23.0000,7977,1,1,89681,1,172158,0.520926,3,6,21,102,154287,27.92525,0.00186,2.34655,0.00495,0,1,3,2.751512,2.288581,2.288581,-0.233003,-0.232876,14.728631,7975,0.015811,0.047049,71519,29373,15971,10189,7042,5124,3926,2980,26033,1,1,1,1
23.9000,7977,1,1,91576,0,176282,0.519489,14,6,14,184,253973,28.54906,0.00186,2.34655,0.00495,1,1,2,1.405604,1.000000,3.172031,-0.544926,-0.544884,14.416576,793,0.037796,0.004780,73217,29989,16612,10185,7232,5275,3911,3081,26779,1,1,1,1
22.3500,7989,1,1,88098,0,169273,0.520452,3,11,137,137,335542,27.47289,0.00147,2.34605,0.00532,1,0,2,1.111920,1.000000,1.380010,-0.008789,-0.008776,14.952744,13177,0.000587,0.076459,70467,28872,15705,9855,6756,5018,3751,3113,25735,1,1,1,1
22.4000,7989,1,1,88115,1,169238,0.520660,1,4,4,22,14661250,27.50751,0.00147,2.34605,0.00532,0,0,3,1.601153,1.182217,1.182217,-0.026087,-0.026028,14.935374,12778,0.001743,0.074230,70063,28967,15761,9801,7026,5009,3930,3053,25627,1,1,1,1
23.0000,7989,1,1,89773,1,172213,0.521294,1,4,39,2362,778685,27.92345,0.00147,2.34605,0.00532,0,1,3,1.983676,1.804225,1.804225,-0.234085,-0.234000,14.727533,7984,0.015889,0.047035,71530,29154,16116,10013,7012,5113,3900,3077,26297,1,1,1,1
23.9000,7989,1,1,91740,0,176492,0.519800,1,2,3,40,716677,28.54727,0.00147,2.34605,0.00532,1,0,3,1.320164,1.000000,1.211631,-0.545972,-0.545938,14.415550,794,0.037871,0.004779,73050,30167,16404,10536,7055,5325,4030,3121,26803,1,1,1,1
22.3500,8001,1,1,88411,1,169624,0.521221,1,13,14,79,1012800,27.47438,0.00201,2.34913,0.00416,0,1,3,5.524060,4.678331,4.678331,-0.007835,-0.007622,14.953678,13201,0.000510,0.076479,70723,28724,15637,9863,6873,5089,3897,3035,25782,1,1,1,1
22.4000,8001,1,1,88384,0,169618,0.521080,33,4,33,33,286640,27.50903,0.00201,2.34913,0.00416,1,0,3,1.216283,1.000000,1.035936,-0.025066,-0.025042,14.936464,12802,0.001677,0.074253,70385,28701,15796,10122,6863,5016,3919,3072,25743,1,1,1,1
23.0000,8001,1,1,89633,1,172282,0.520272,1,2,16,165,105777,27.92496,0.00201,2.34913,0.00416,0,1,3,1.862666,1.511913,1.511913,-0.233052,-0.232974,14.728543,8001,0.015818,0.047061,71220,29364,16226,10106,7035,5179,3805,3132,26214,1,1,1,1
23.9000,8001,1,1,92024,0,176645,0.520957,1,15,19,44,173215,28.54871,0.00201,2.34913,0.00416,1,1,2,1.179971,1.000000,3.185794,-0.544977,-0.544956,14.416356,800,0.037801,0.004807,73556,29686,16639,10363,7247,5129,3962,3157,26905,1,1,1,1
22.3500,8013,1,1,87900,0,169306,0.519181,2,36,36,36,127096,27.46982,0.00147,2.35257,0.00474,1,1,2,1.354542,1.000000,15.382615,-0.010442,-0.010404,14.950999,13218,0.000696,0.076476,70188,28723,15662,10112,6938,5029,3845,3122,25686,1,1,1,1
22.4000,8013,1,1,88393,1,169686,0.520924,2,16,38,207,133325,27.50451,0.00147,2.35257,0.00474,0,1,3,9.988634,8.139170,8.139170,-0.027746,-0.027459,14.933675,12816,0.001839,0.074236,70496,28755,15871,9935,6837,5009,3839,3030,25913,1,1,1,1
23.0000,8013,1,1,90195,1,172800,0.521965,2,3,14,63,90920,27.92041,0.00147,2.35257,0.00474,0,0,3,1.889486,1.586489,1.586489,-0.235594,-0.235515,14.725805,8009,0.015993,0.047047,71786,29205,16165,10215,6926,5201,3844,3142,26315,1,1,1,1
23.9000,8013,1,1,91810,0,176581,0.519934,2,14,17,65,986264,28.54418,0.00147,2.35257,0.00474,1,1,2,1.380711,1.000000,6.768980,-0.547574,-0.547533,14.413883,797,0.037987,0.004783,73354,30018,16414,10356,7148,5098,3839,3191,27162,1,1,1,1
22.3500,8025,1,1,88312,0,169458,0.521147,1,3,30,103,143046,27.46818,0.00121,2.34763,0.00483,1,1,3,1.206660,1.000000,1.151063,-0.011211,-0.011187,14.950320,13243,0.000748,0.076510,70050,28740,15780,10105,6952,5036,3850,2989,25955,1,1,1,1
22.4000,8025,1,1,88714,0,170344,0.520796,1,6,12,184,142504,27.50290,0.00121,2.34763,0.00483,1,1,2,1.406188,1.000000,3.715874,-0.028648,-0.028606,14.932828,12841,0.001916,0.074274,70430,29414,15924,10010,6905,5100,3832,3023,25705,1,1,1,1
23.0000,8025,1,1,90024,0,173060,0.520193,51,4,51,157,687611,27.91879,0.00121,2.34763,0.00483,1,1,3,1.107987,1.000000,1.077229,-0.236513,-0.236501,14.725030,8026,0.016061,0.047079,71759,29437,16232,10224,6994,5118,4044,3033,26218,1,1,1,1
23.9000,8025,1,1,91992,0,176941,0.519905,2,45,45,45,600458,28.54258,0.00121,2.34763,0.00483,1,0,2,1.047648,1.000000,2.270035,-0.548456,-0.548450,14.413078,804,0.038052,0.004818,73493,29930,16402,10412,7225,5201,4013,3268,26996,1,1,1,1
22.3500,8037,1,1,88317,1,170578,0.517754,15,2,15,64,448537,27.46896,0.00138,2.34069,0.00475,0,1,3,1.290332,1.154263,1.154263,-0.010717,-0.010685,14.950457,13259,0.000715,0.076487,70700,29077,16113,9983,6923,5158,3892,3088,25643,1,1,1,1
22.4000,8037,1,1,89039,1,170911,0.520970,1,19,19,134,7205944,27.50363,0.00138,2.34069,0.00475,0,1,3,5.861354,5.142247,5.142247,-0.028149,-0.027929,14.933589,12857,0.001870,0.074252,71176,29175,16060,9951,6940,4960,3827,2999,25822,1,1,1,1
23.0000,8037,1,1,90254,0,173138,0.521287,1,19,50,243,1173124,27.91958,0.00138,2.34069,0.00475,1,1,2,1.059841,1.000000,1.305303,-0.236040,-0.236032,14.725148,8034,0.016029,0.047055,71807,29368,16016,10216,7244,5087,3902,3229,26268,1,1,1,1
23.9000,8037,1,1,92333,1,177509,0.520162,19,2,19,154,412447,28.54339,0.00138,2.34069,0.00475,0,1,3,1.343540,1.070365,1.070365,-0.547932,-0.547895,14.413605,801,0.038012,0.004793,73698,30390,16311,10510,7199,5250,4068,3174,26908,1,1,1,1
22.3500,8049,1,1,88496,0,169918,0.520819,2,12,12,418,3179431,27.46232,0.00179,2.34576,0.00659,1,1,2,1.196429,1.000000,2.749682,-0.013959,-0.013937,14.947388,13280,0.000932,0.076510,70384,28879,15680,9952,6863,5083,3982,3014,26080,1,1,1,1
22.4000,8049,1,1,88575,1,169738,0.521837,3,12,69,723,753207,27.49694,0.00179,2.34576,0.00659,0,0,3,2.172645,1.891248,1.891248,-0.031246,-0.031150,14.930142,12880,0.002086,0.074291,69935,29078,15765,9939,6927,5066,3912,3053,26062,1,1,1,1
23.0000,8049,1,1,90282,0,173454,0.520498,3,2,10,83,291937,27.91288,0.00179,2.34576,0.00659,1,1,3,1.409848,1.000000,1.236996,-0.239189,-0.239147,14.722292,8048,0.016244,0.047076,72059,29552,15963,10314,7027,5179,3921,3047,26391,1,1,1,1
23.9000,8049,1,1,91836,0,177531,0.517298,1,23,23,72,131298,28.53670,0.00179,2.34576,0.00659,1,1,2,1.317656,1.000000,9.008806,-0.551225,-0.551190,14.410299,805,0.038250,0.004811,73496,30190,16628,10446,7274,5265,4070,3144,27017,1,1,1,1
22.3500,8061,1,1,89356,0,171322,0.521571,1,1,22,829,1266455,27.46203,0.00164,2.33864,0.00522,1,1,3,1.397430,1.000000,1.257026,-0.014107,-0.014066,14.947362,13297,0.000941,0.076494,71280,29217,15895,10199,6980,5031,3832,3113,25774,1,1,1,1
22.4000,8061,1,1,88996,0,171169,0.519934,8,2,184,184,449360,27.49669,0.00164,2.33864,0.00522,1,1,3,1.414008,1.000000,1.060450,-0.031425,-0.031382,14.930065,12893,0.002102,0.074256,71011,29216,16015,10002,6907,5086,3873,3084,25974,1,1,1,1
23.0000,8061,1,1,90543,1,173845,0.520829,3,3,14,31,1168262,27.91261,0.00164,2.33864,0.00522,0,1,3,1.073832,1.009701,1.009701,-0.239381,-0.239372,14.722155,8056,0.016259,0.047053,72272,29487,16228,10229,7049,5143,3942,3137,26357,1,1,1,1
23.9000,8061,1,1,92349,1,178110,0.518497,3,13,13,996,402854,28.53636,0.00164,2.33864,0.00522,0,1,3,4.016304,3.595695,3.595695,-0.551339,-0.551166,14.410354,802,0.038248,0.004786,73984,30338,16653,10375,7122,5370,4080,3182,27005,1,1,1,1
22.3500,8073,1,1,89059,1,170681,0.521789,10,9,43,43,399670,27.46095,0.00366,2.34698,0.00517,0,1,3,5.266430,4.335648,4.335648,-0.013697,-0.013491,14.948034,13319,0.000903,0.076503,70895,28841,15832,9875,7069,5220,3893,3058,25997,1,1,1,1
22.4000,8073,1,1,88807,1,170915,0.519601,5,3,108,108,55048,27.49564,0.00366,2.34698,0.00517,0,1,3,1.513935,1.331227,1.331227,-0.030965,-0.030914,14.930604,12917,0.002071,0.074280,70871,29036,15867,9990,7018,5158,3911,3061,26002,1,1,1,1
23.0000,8073,1,1,90398,0,174209,0.518908,2,7102,7102,7102,605484,27.91155,0.00366,2.34698,0.00517,1,1,2,1.002539,1.000000,18.060027,-0.239082,-0.239082,14.721713,8070,0.016240,0.047066,72536,29557,16295,10230,7153,5144,3876,3181,26236,1,1,1,1
23.9000,8073,1,1,92332,0,177840,0.519189,3,2,18,34,131333,28.53532,0.00366,2.34698,0.00517,1,1,2,1.385469,1.000000,1.412895,-0.550810,-0.550770,14.410651,805,0.038220,0.004796,73758,30353,16282,10456,7354,5322,4044,3131,27139,1,1,1,1
22.3500,8085,1,1,89416,0,171768,0.520566,1,1,37,396,190978,27.46571,0.00154,2.34408,0.00609,1,1,3,1.400281,1.000000,1.057087,-0.012270,-0.012228,14.949202,13335,0.000818,0.076475,71155,29367,16256,10219,7011,5023,3953,3190,25593,1,1,1,1
22.4000,8085,1,1,89295,1,171390,0.521008,13,5,35,35,646402,27.50043,0.00154,2.34408,0.00609,0,1,3,2.635808,2.039983,2.039983,-0.029676,-0.029556,14.931939,12929,0.001979,0.074233,71104,28896,16141,10180,6864,5091,3876,3083,26154,1,1,1,1
23.0000,8085,1,1,91217,1,174873,0.521622,1,115,115,115,3888754,27.91632,0.00154,2.34408,0.00609,0,0,3,9.148438,8.583706,8.583706,-0.237709,-0.237435,14.723760,8078,0.016126,0.047036,72941,29808,16080,10260,7132,5075,3952,3254,26370,1,1,1,1
23.9000,8085,1,1,92585,1,179059,0.517067,1,15,40,40,766334,28.54011,0.00154,2.34408,0.00609,0,1,3,3.483982,3.250063,3.250063,-0.549543,-0.549389,14.412137,804,0.038120,0.004783,74419,30635,16671,10465,7218,5345,4019,3218,27068,1,1,1,1
22.3500,8097,1,1,89217,1,171278,0.520893,20,8,33,213,351575,27.46628,0.00251,2.34934,0.00543,0,1,3,3.720782,3.370288,3.370288,-0.011556,-0.011394,14.949593,13359,0.000762,0.076497,70740,28982,16118,10155,6927,5135,4016,3100,26104,1,1,1,1
22.4000,8097,1,1,89396,0,171369,0.521661,869,6,869,869,238200,27.50095,0.00251,2.34934,0.00543,1,1,2,1.386517,1.000000,2.808582,-0.028881,-0.028840,14.932632,12955,0.001931,0.074268,70876,29278,16004,10069,6960,5153,3946,2971,26111,1,1,1,1
23.0000,8097,1,1,90824,0,174808,0.519567,1,1,5,673,347320,27.91691,0.00251,2.34934,0.00543,1,0,3,1.412077,1.000000,1.230531,-0.236807,-0.236765,14.724692,8095,0.016079,0.047062,72777,29716,16139,10356,7225,5080,3907,3118,26489,1,1,1,1
23.9000,8097,1,1,93014,0,178868,0.520018,1,8,837,837,608071,28.54071,0.00251,2.34934,0.00543,1,1,2,1.355474,1.000000,3.804500,-0.548781,-0.548743,14.412738,807,0.038074,0.004793,74271,30505,16565,10494,7240,5433,3988,3235,27136,1,1,1,1
22.3500,8109,1,1,89436,0,171447,0.521657,5,3,5,62,86071,27.46796,0.00244,2.35740,0.00478,1,1,2,1.393360,1.000000,1.872017,-0.010781,-0.010741,14.950729,13379,0.000718,0.076493,71069,29091,15978,10214,7101,5057,3873,3021,26042,1,1,1,1
22.4000,8109,1,1,89235,1,171565,0.520127,2,41,41,41,326599,27.50258,0.00244,2.35740,0.00478,0,1,3,5.542455,5.142072,5.142072,-0.028153,-0.027942,14.933584,12974,0.001871,0.074262,71189,29310,15944,9894,6927,5114,3950,3053,26183,1,1,1,1
23.0000,8109,1,1,90825,1,174095,0.521701,1,42,42,46,200456,27.91852,0.00244,2.35740,0.00478,0,1,3,25.564647,20.513371,20.513371,-0.236208,-0.235809,14.725726,8110,0.016013,0.047076,72095,29444,16268,10195,7140,5239,4037,3106,26570,1,1,1,1
23.9000,8109,1,1,92621,1,178857,0.517852,7,8,87,87,185311,28.54235,0.00244,2.35740,0.00478,0,0,3,2.235654,2.104451,2.104451,-0.547979,-0.547880,14.413310,810,0.038012,0.004804,74238,30188,16637,10411,7341,5386,4094,3237,27324,1,1,1,1
22.3500,8121,1,1,89371,1,171784,0.520255,3,2,85,85,524928,27.46014,0.00245,2.35656,0.00551,0,0,3,1.441704,1.216698,1.216698,-0.014643,-0.014597,14.946723,13397,0.000977,0.076503,71105,29234,16058,10235,6872,5085,3931,3044,26219,1,1,1,1
22.4000,8121,1,1,89695,1,172226,0.520801,1,1,13,77,138516,27.49480,0.00245,2.35656,0.00551,0,1,3,1.577655,1.115991,1.115991,-0.031964,-0.031907,14.929539,12991,0.002137,0.074270,71605,29167,15808,10264,7027,5188,3896,3137,26133,1,1,1,1
23.0000,8121,1,1,91176,0,174895,0.521321,3,24,24,24,246260,27.91072,0.00245,2.35656,0.00551,1,1,2,1.141614,1.000000,3.791710,-0.240003,-0.239987,14.721302,8118,0.016302,0.047067,72335,29909,16399,10296,7120,5209,3889,3145,26592,1,1,1,1
23.9000,8121,1,1,93565,1,179330,0.521751,1,16,16,26,556437,28.53447,0.00245,2.35656,0.00551,0,1,3,6.566520,5.775804,5.775804,-0.551906,-0.551675,14.409575,810,0.038285,0.004798,74590,30390,16742,10470,7327,5313,4104,3249,27144,1,1,1,1
22.3500,8133,1,1,89492,0,172065,0.520109,3,1,7,45,644439,27.46794,0.00145,2.35033,0.00491,1,1,3,1.413340,1.000000,1.108755,-0.011220,-0.011178,14.950277,13416,0.000748,0.076480,71419,29302,15878,10077,6944,5139,3971,3090,26244,1,1,1,1
22.4000,8133,1,1,89834,0,172210,0.521657,1,5,12,24,48955728,27.50263,0.00145,2.35033,0.00491,1,0,3,1.180972,1.000000,1.233420,-0.028569,-0.028549,14.932964,13010,0.001912,0.074252,71590,29050,16242,10025,6971,5158,3940,3037,26196,1,1,1,1
23.0000,8133,1,1,91522,0,175199,0.522392,2,41,41,133,283265,27.91853,0.00145,2.35033,0.00491,1,1,2,1.248389,1.000000,11.770772,-0.236664,-0.236637,14.724866,8128,0.016071,0.047044,72722,29779,16406,10298,7131,5252,3968,3134,26508,1,1,1,1
23.9000,8133,1,1,93508,0,179447,0.521093,1,4,48,48,2293331,28.54231,0.00145,2.35033,0.00491,1,0,2,1.238618,1.000000,1.300641,-0.548413,-0.548387,14.413118,809,0.038048,0.004784,74357,30482,16718,10686,7333,5376,4130,3109,27255,1,1,1,1
22.3500,8145,1,1,89637,1,172075,0.520921,7,59,88,88,107954,27.47239,0.00195,2.34905,0.00615,0,0,3,5.994092,5.865539,5.865539,-0.008833,-0.008613,14.952453,13436,0.000576,0.076470,71415,28911,15917,10117,7082,5223,3968,3072,26369,1,1,1,1
22.4000,8145,1,1,89804,0,172561,0.520422,4,54,54,54,369203,27.50711,0.00195,2.34905,0.00615,1,1,2,1.230168,1.000000,14.094358,-0.026247,-0.026222,14.935126,13027,0.001756,0.074228,71389,29486,16312,10096,6994,5044,3860,3008,26371,1,1,1,1
23.0000,8145,1,1,91076,0,175533,0.518857,1,7,86,272,5680976,27.92300,0.00195,2.34905,0.00615,1,1,2,1.413588,1.000000,4.238591,-0.234117,-0.234075,14.727372,8141,0.015894,0.047042,72761,29623,16637,10281,7210,5273,4054,3034,26659,1,1,1,1
23.9000,8145,1,1,93949,1,180141,0.521533,23,5,67,67,7658777,28.54679,0.00195,2.34905,0.00615,0,0,3,1.347997,1.308165,1.308165,-0.545939,-0.545902,14.415203,814,0.037870,0.004805,74771,30615,16841,10722,7361,5404,4038,3215,27173,1,1,1,1
22.3500,8157,1,1,89904,0,172764,0.520389,2,2,90,134,944004,27.46708,0.00127,2.34990,0.00507,1,1,3,1.413892,1.000000,1.340343,-0.011715,-0.011672,14.949781,13455,0.000781,0.076479,71544,29502,16128,10224,7027,5153,3999,3105,26081,1,1,1,1
22.4000,8157,1,1,89757,1,172494,0.520352,1,123,123,123,111032,27.50175,0.00127,2.34990,0.00507,0,1,3,11.046709,10.223942,10.223942,-0.029174,-0.028880,14.932646,13049,0.001934,0.074257,71458,29513,15944,10015,6831,5062,3991,3183,26496,1,1,1,1
23.0000,8157,1,1,91803,1,176037,0.521501,1,75,262,262,271882,27.91771,0.00127,2.34990,0.00507,0,1,3,24.123765,22.368152,22.368152,-0.237201,-0.236810,14.724324,8152,0.016083,0.047046,73295,29693,16578,10368,7157,5247,3895,3193,26610,1,1,1,1
23.9000,8157,1,1,93677,1,180190,0.519882,30,2,30,30,539567,28.54152,0.00127,2.34990,0.00507,0,1,3,1.860318,1.332492,1.332492,-0.548931,-0.548855,14.412614,813,0.038082,0.004793,74579,30737,16809,10713,7368,5406,4079,3308,27190,1,1,1,1
22.3500,8169,1,1,90080,0,173251,0.519942,37,71,71,134,283520,27.46399,0.00196,2.33959,0.00844,1,1,2,1.409614,1.000000,35.114702,-0.013182,-0.013140,14.948320,13472,0.000879,0.076471,72154,29229,16227,10265,6932,5187,3964,3114,26178,1,1,1,1
22.4000,8169,1,1,89967,1,172903,0.520335,1,2,2,50,941853,27.49861,0.00196,2.33959,0.00844,0,1,3,2.301144,1.683720,1.683720,-0.030306,-0.030203,14.931155,13064,0.002023,0.074240,71569,29402,16161,10238,6999,5121,3909,3114,26389,1,1,1,1
23.0000,8169,1,1,91576,0,175776,0.520984,1,3,33,33,441182,27.91455,0.00196,2.33959,0.00844,1,1,2,1.326297,1.000000,1.610258,-0.238272,-0.238237,14.723158,8162,0.016181,0.047038,72716,29983,16394,10389,7151,5240,3960,3179,26763,1,1,1,1
23.9000,8169,1,1,93359,1,179753,0.519377,1,2,3,119,101060987,28.53838,0.00196,2.33959,0.00844,0,0,3,1.796551,1.383286,1.383286,-0.550174,-0.550102,14.411280,810,0.038172,0.004769,74171,30440,16630,10876,7339,5462,4031,3217,27586,1,1,1,1
22.3500,8181,1,1,89944,0,172872,0.520295,4,18,18,63,197210,27.46820,0.00256,2.34410,0.00717,1,0,2,1.060521,1.000000,1.183095,-0.010557,-0.010550,14.950979,13491,0.000706,0.076453,71790,29329,16163,10120,6923,5212,3834,3108,26392,1,1,1,1
22.4000,8181,1,1,90097,1,173535,0.519189,2,33,33,33,422075,27.50285,0.00256,2.34410,0.00717,0,1,3,12.454895,11.406633,11.406633,-0.028023,-0.027715,14.933818,13081,0.001856,0.074215,71896,29690,16021,10278,7031,5025,4049,3182,26362,1,1,1,1
23.0000,8181,1,1,91508,0,176090,0.519669,1,1,37,138,2764241,27.91877,0.00256,2.34410,0.00717,1,0,3,1.123020,1.000000,1.012680,-0.235831,-0.235817,14.725241,8172,0.016014,0.047020,73185,29790,16303,10319,7068,5265,4000,3216,26943,1,1,1,1
23.9000,8181,1,1,94292,0,180895,0.521256,1,35,35,35,402118,28.54253,0.00256,2.34410,0.00717,1,0,2,1.153126,1.000000,5.886453,-0.547822,-0.547804,14.413713,810,0.038006,0.004761,75422,30719,16665,10566,7319,5339,4054,3303,27507,1,1,1,1
22.3500,8193,1,1,89929,1,172950,0.519974,23,3,23,23,255063,27.47308,0.00144,2.35064,0.00429,0,1,3,1.989917,1.556735,1.556735,-0.008674,-0.008590,14.952936,13529,0.000574,0.076546,71747,29288,15911,10271,7028,5265,3847,3076,26516,1,1,1,1
22.4000,8193,1,1,90379,1,173278,0.521587,1,2,9,238,662557,27.50777,0.00144,2.35064,0.00429,0,1,3,2.318828,1.717164,1.717164,-0.026024,-0.025921,14.935590,13118,0.001736,0.074307,71672,29441,15957,10411,7073,5168,4020,3075,26460,1,1,1,1
23.0000,8193,1,1,91942,0,176979,0.519511,1,6,10,114,203568,27.92368,0.00144,2.35064,0.00429,1,0,2,1.184751,1.000000,1.507844,-0.233968,-0.233947,14.727566,8202,0.015885,0.047116,73676,30120,16440,10422,7083,5337,4105,3246,26549,1,1,1,1
23.9000,8193,1,1,94358,0,180790,0.521923,2,1,11,76,1316579,28.54745,0.00144,2.35064,0.00429,1,0,3,1.405705,1.000000,1.065706,-0.545831,-0.545789,14.415675,829,0.037861,0.004865,74956,30850,16909,10653,7369,5208,4115,3180,27549,1,1,1,1
22.3500,8205,1,1,90581,1,173462,0.522198,2,15,1009,1009,436178,27.47941,0.00201,2.36035,0.00355,0,1,3,7.267628,6.287664,6.287664,-0.005294,-0.005052,14.956475,13547,0.000338,0.076517,72117,29184,16177,10244,6967,5095,4010,3097,26570,1,1,1,1
22.4000,8205,1,1,90476,0,174072,0.519765,1,41,41,2052,187207,27.51413,0.00201,2.36035,0.00355,1,1,2,1.168395,1.000000,7.628899,-0.022666,-0.022647,14.938869,13133,0.001516,0.074267,71988,29604,16343,10526,6865,5244,3971,3307,26223,1,1,1,1
23.0000,8205,1,1,92087,1,176751,0.521001,1,6,71,71,434395,27.93002,0.00201,2.36035,0.00355,0,1,3,2.816319,2.442520,2.442520,-0.230539,-0.230413,14.731105,8210,0.015641,0.047082,73094,30186,16567,10456,7247,5197,4031,3148,26824,1,1,1,1
23.9000,8205,1,1,93897,1,180966,0.518868,1,2,8,153,245350,28.55381,0.00201,2.36035,0.00355,0,0,3,1.701535,1.217262,1.217262,-0.542391,-0.542326,14.419105,826,0.037612,0.004839,75317,30758,16624,10817,7162,5366,4036,3181,27704,1,1,1,1
22.3500,8217,1,1,90913,1,173743,0.523264,1,5,10,102,385371,27.47526,0.00143,2.36113,0.00389,0,1,3,3.496794,2.736338,2.736338,-0.007586,-0.007434,14.953873,13564,0.000497,0.076515,71902,29300,16306,10338,7094,5234,3979,3175,26414,1,1,1,1
22.4000,8217,1,1,90659,1,174283,0.520186,7,9,12,17,1884316,27.50993,0.00143,2.36113,0.00389,0,1,3,3.440679,3.163820,3.163820,-0.024930,-0.024780,14.936357,13153,0.001659,0.074283,72496,29676,16033,10329,7078,5267,3871,3049,26483,1,1,1,1
23.0000,8217,1,1,92101,1,176772,0.521019,25,326,326,326,88508,27.92589,0.00143,2.36113,0.00389,0,0,3,5.658008,5.619441,5.619441,-0.232943,-0.232732,14.728198,8222,0.015802,0.047091,73492,29901,16464,10242,7325,5226,4079,3117,26925,1,1,1,1
23.9000,8217,1,1,94613,1,181690,0.520741,2,10,10,113,472962,28.54970,0.00143,2.36113,0.00389,0,1,3,3.864885,3.413332,3.413332,-0.544816,-0.544652,14.416606,827,0.037779,0.004839,75887,30675,16878,10542,7324,5524,4191,3338,27330,1,1,1,1
22.3500,8229,1,1,90911,1,174253,0.521721,3,43,43,116,54018,27.47389,0.00372,2.36475,0.00394,0,1,3,29.782622,21.919486,21.919486,-0.007322,-0.006910,14.954625,13582,0.000462,0.076501,72393,29376,16180,10493,7112,5160,4000,3092,26446,1,1,1,1
22.4000,8229,1,1,90754,0,174177,0.521048,9,2,12,234,431322,27.50851,0.00372,2.36475,0.00394,1,1,3,1.404927,1.000000,1.096314,-0.024448,-0.024407,14.937059,13168,0.001634,0.074256,72057,29839,16123,10275,7131,5143,3959,3135,26514,1,1,1,1
23.0000,8229,1,1,92518,0,177616,0.520891,1,3,11,24,599012,27.92445,0.00372,2.36475,0.00394,1,0,2,1.258522,1.000000,1.439881,-0.232432,-0.232404,14.729098,8230,0.015779,0.047065,73883,30106,16604,10364,7162,5306,4060,3273,26857,1,1,1,1
23.9000,8229,1,1,94625,1,182069,0.519723,2,1,54,84,302684,28.54827,0.00372,2.36475,0.00394,0,1,3,1.579121,1.169960,1.169960,-0.544332,-0.544277,14.417209,824,0.037752,0.004814,75687,31112,16970,10730,7347,5424,4045,3211,27542,1,1,1,1
22.3500,8241,1,1,90684,0,174150,0.520727,22,36,36,63,520277,27.47581,0.00226,2.35307,0.00437,1,1,2,1.176370,1.000000,7.104276,-0.007008,-0.006988,14.954527,13605,0.000467,0.076519,72077,29518,16222,10502,6992,5192,3977,3152,26517,1,1,1,1
22.4000,8241,1,1,91138,0,174408,0.522559,1,2,23,88,387347,27.51046,0.00226,2.35307,0.00437,1,1,2,1.326284,1.000000,1.374025,-0.024234,-0.024199,14.937197,13191,0.001620,0.074277,72297,29602,16360,10205,7048,5140,3993,3188,26574,1,1,1,1
23.0000,8241,1,1,92585,1,177618,0.521262,2,14,130,130,903427,27.92638,0.00226,2.35307,0.00437,0,1,3,8.946710,7.027381,7.027381,-0.232295,-0.232029,14.729098,8246,0.015753,0.047088,73904,30132,16622,10487,7105,5193,3970,3165,27039,1,1,1,1
23.9000,8241,1,1,94707,1,182276,0.519583,3,5,49,535,188273,28.55014,0.00226,2.35307,0.00437,0,1,3,1.612236,1.227872,1.227872,-0.544066,-0.544008,14.417486,830,0.037733,0.004842,75628,31054,17089,10586,7506,5413,4128,3292,27579,1,1,1,1
22.3500,8253,1,1,91167,1,174758,0.521679,1,5,37,143,1722723,27.47262,0.00239,2.35720,0.00570,0,1,3,3.427300,2.721815,2.721815,-0.008466,-0.008317,14.953001,13619,0.000556,0.076495,72379,29628,16182,10374,7274,5250,4042,3216,26412,1,1,1,1
22.4000,8253,1,1,91425,1,175085,0.522178,3,12,12,189,2528233,27.50730,0.00239,2.35720,0.00570,0,0,3,1.278525,1.051870,1.051870,-0.025751,-0.025722,14.935622,13206,0.001722,0.074261,72698,29717,16469,10380,7073,5161,3948,3118,26520,1,1,1,1
23.0000,8253,1,1,92689,1,177953,0.520865,24,4,29,29,1891080,27.92321,0.00239,2.35720,0.00570,0,1,3,1.954777,1.712532,1.712532,-0.233734,-0.233653,14.727400,8254,0.015865,0.047071,74017,30276,16284,10531,7351,5409,4000,3113,26971,1,1,1,1
23.9000,8253,1,1,95123,1,182567,0.521033,1,1,17,407,195864,28.54698,0.00239,2.35720,0.00570,0,1,3,1.453706,1.029009,1.029009,-0.545588,-0.545543,14.415915,827,0.037843,0.004818,75951,30633,17083,10840,7609,5583,4190,3274,27403,1,1,1,1
22.3500,8265,1,1,91525,1,175202,0.522400,4,3702,3702,3702,137268,27.47506,0.00261,2.35690,0.00393,0,0,3,27.621576,27.378750,27.378750,-0.007255,-0.006853,14.954112,13639,0.000458,0.076490,72851,29726,16181,10359,7151,5127,4061,3231,26514,1,1,1,1
22.4000,8265,1,1,91458,0,174856,0.523051,8,3,28,28,638804,27.50978,0.00261,2.35690,0.00393,1,1,2,1.290989,1.000000,1.353826,-0.024431,-0.024400,14.936981,13225,0.001634,0.074253,72454,29730,16068,10319,7211,5332,3950,3160,26631,1,1,1,1
23.0000,8265,1,1,92879,1,178079,0.521564,4,96,163,163,1220044,27.92567,0.00261,2.35690,0.00393,0,1,3,47.875406,41.576597,41.576597,-0.232584,-0.232116,14.728743,8269,0.015759,0.047084,73861,30201,16752,10550,7006,5438,4018,3194,27058,1,1,1,1
23.9000,8265,1,1,94555,1,182021,0.519476,1,4,156,156,209578,28.54946,0.00261,2.35690,0.00393,0,0,3,2.428539,1.796866,1.796866,-0.544289,-0.544182,14.417227,828,0.037745,0.004816,75568,30945,16763,10610,7405,5481,4118,3238,27892,1,1,1,1
22.3500,8277,1,1,92085,1,175806,0.523791,6,35,112,131,347031,27.47277,0.00288,2.35459,0.00423,0,1,3,7.458315,7.195919,7.195919,-0.008169,-0.007926,14.953138,13655,0.000530,0.076474,73352,29833,16338,10367,7127,5217,3961,3069,26541,1,1,1,1
22.4000,8277,1,1,91899,1,175892,0.522477,1,60,60,60,105903,27.50744,0.00288,2.35459,0.00423,0,1,3,5.324103,4.514843,4.498096,-0.025475,-0.025273,14.936242,13242,0.001692,0.074245,73165,30056,16300,10286,7037,5262,3914,3183,26688,1,1,1,1
23.0000,8277,1,1,93082,0,178619,0.521123,1,11,11,48,141051,27.92339,0.00288,2.35459,0.00423,1,1,2,1.412640,1.000000,5.898210,-0.233469,-0.233428,14.728020,8274,0.015849,0.047046,74129,30171,16897,10466,7276,5275,4156,3183,27065,1,1,1,1
23.9000,8277,1,1,94772,0,182451,0.519441,2,78,561,561,170802,28.54720,0.00288,2.35459,0.00423,1,1,2,1.089035,1.000000,7.308408,-0.545386,-0.545376,14.415865,826,0.037832,0.004798,75425,31073,16989,10771,7416,5448,4266,3400,27662,1,1,1,1
22.3500,8289,1,1,91499,1,175549,0.521219,4,2,22,163,95874,27.47590,0.00217,2.35632,0.00408,0,0,3,1.284813,1.098263,1.098263,-0.006905,-0.006875,14.954442,13684,0.000460,0.076518,73098,29557,16346,10446,7219,5142,3965,3064,26711,1,1,1,1
22.4000,8289,1,1,91606,0,175556,0.521808,4,43,43,222,2670859,27.51052,0.00217,2.35632,0.00408,1,1,2,1.216266,1.000000,10.561154,-0.024354,-0.024330,14.937180,13271,0.001629,0.074295,72535,29890,16423,10386,7330,5137,4021,3175,26658,1,1,1,1
23.0000,8289,1,1,93318,0,179247,0.520614,2,15,15,125,660092,27.92646,0.00217,2.35632,0.00408,1,1,2,1.158519,1.000000,2.706518,-0.232241,-0.232223,14.729085,8294,0.015766,0.047088,74830,30287,16804,10458,7238,5321,4039,3224,27045,1,1,1,1
23.9000,8289,1,1,95073,1,182700,0.520381,295,4,295,295,698044,28.55029,0.00217,2.35632,0.00408,0,1,3,2.073474,1.874970,1.874970,-0.544131,-0.544043,14.416708,835,0.037737,0.004843,75720,30885,17020,11024,7409,5376,4151,3233,27881,1,1,1,1
22.3500,8301,1,1,91682,0,175332,0.522908,1,67,67,67,588248,27.47907,0.00237,2.36226,0.00420,1,0,2,1.057770,1.000000,4.059515,-0.005284,-0.005278,14.956253,13700,0.000353,0.076488,72537,29801,16289,10432,7172,5217,3921,3214,26748,1,1,1,1
22.4000,8301,1,1,91671,1,175517,0.522294,3,3,72,72,373238,27.51372,0.00237,2.36226,0.00420,0,1,3,2.261481,1.806645,1.806645,-0.022563,-0.022464,14.938808,13288,0.001504,0.074274,72205,30189,16276,10334,7274,5233,4077,3109,26819,1,1,1,1
23.0000,8301,1,1,93312,0,179112,0.520973,2,8,50,86,113841,27.92965,0.00237,2.36226,0.00420,1,0,2,1.141407,1.000000,1.388098,-0.230506,-0.230491,14.731030,8304,0.015647,0.047071,74404,30400,16507,10582,7333,5335,4114,3168,27268,1,1,1,1
23.9000,8301,1,1,95675,1,184079,0.519752,6,1,21,46,96791,28.55340,0.00237,2.36226,0.00420,0,1,3,1.484796,1.053265,1.053265,-0.542369,-0.542322,14.419142,834,0.037611,0.004830,76642,31434,17048,10884,7443,5454,4150,3330,27693,1,1,1,1
22.3500,8313,1,1,91842,0,175899,0.522132,2,10,34,34,242048,27.48003,0.00354,2.36069,0.00557,1,1,2,1.193883,1.000000,2.417620,-0.004174,-0.004153,14.957180,13718,0.000278,0.076473,73178,29765,16462,10206,7172,5323,3955,3187,26650,1,1,1,1
22.4000,8313,1,1,91684,0,175639,0.522005,1,22,24,133,534691,27.51472,0.00354,2.36069,0.00557,1,1,2,1.171908,1.000000,4.349272,-0.021553,-0.021534,14.939785,13302,0.001441,0.074240,72781,29843,16252,10120,7162,5357,4075,3180,26868,1,1,1,1
23.0000,8313,1,1,93364,0,179323,0.520650,1,5,10,101,118844,27.93062,0.00354,2.36069,0.00557,1,1,2,1.411919,1.000000,3.117612,-0.229486,-0.229444,14.732017,8314,0.015575,0.047056,74367,30504,16689,10784,7328,5334,4079,3178,27059,1,1,1,1
23.9000,8313,1,1,95433,1,183628,0.519711,5,17,49,186,260493,28.55440,0.00354,2.36069,0.00557,0,1,3,6.723427,6.131372,6.131372,-0.541414,-0.541184,14.419909,833,0.037530,0.004817,76393,31060,17152,10839,7410,5393,4141,3408,27831,1,1,1,1
22.3500,8325,1,1,91931,1,176419,0.521098,1,3,13,162,198287,27.48330,0.00233,2.36625,0.00439,0,1,3,1.787450,1.339031,1.339031,-0.003090,-0.003021,14.958470,13738,0.000202,0.076468,73055,30065,16512,10412,7161,5420,3998,3098,26697,1,1,1,1
22.4000,8325,1,1,92158,0,177021,0.520608,1,5,17,1210,3780563,27.51802,0.00233,2.36625,0.00439,1,1,2,1.413966,1.000000,3.075279,-0.020500,-0.020459,14.940998,13321,0.001369,0.074233,73653,30196,16591,10297,7208,5348,3933,3010,26784,1,1,1,1
23.0000,8325,1,1,93312,0,179298,0.520433,1,2,32,32,2101305,27.93391,0.00233,2.36625,0.00439,1,0,3,1.383902,1.000000,1.332603,-0.228394,-0.228355,14.733122,8328,0.015499,0.047064,74016,30645,16887,10723,7105,5257,4201,3237,27226,1,1,1,1
23.9000,8325,1,1,95861,1,184386,0.519896,43,14,2087,2087,437371,28.55770,0.00233,2.36625,0.00439,0,0,3,1.147525,1.124615,1.124615,-0.540280,-0.540263,14.420806,834,0.037464,0.004815,76760,31580,17155,10706,7493,5515,4118,3247,27811,1,1,1,1
22.3500,8337,1,1,92547,1,177416,0.521641,2,4,151,151,185277,27.47881,0.00295,2.36916,0.00395,0,0,3,1.596913,1.216340,1.216340,-0.004999,-0.004943,14.956450,13758,0.000331,0.076479,74059,30048,16526,10482,7258,5250,3914,3119,26759,1,1,1,1
22.4000,8337,1,1,92283,1,176815,0.521921,2,3,24,233,441739,27.51348,0.00295,2.36916,0.00395,0,0,3,1.566961,1.222981,1.222981,-0.022335,-0.022281,14.939098,13341,0.001491,0.074247,73485,30161,16462,10330,7201,5221,4006,3161,26787,1,1,1,1
23.0000,8337,1,1,93544,0,179630,0.520762,9,6,43,43,4019921,27.92944,0.00295,2.36916,0.00395,1,1,2,1.224568,1.000000,1.612881,-0.230329,-0.230305,14.731047,8339,0.015634,0.047065,74283,30618,16920,10421,7445,5461,4139,3238,27104,1,1,1,1
23.9000,8337,1,1,95945,1,183916,0.521681,1,11,38,465,90895,28.55324,0.00295,2.36916,0.00395,0,1,3,7.842011,5.913587,5.913587,-0.542311,-0.542064,14.419192,836,0.037593,0.004820,76230,31209,17107,10840,7458,5600,4203,3343,27925,1,1,1,1
22.3500,8349,1,1,92243,1,177137,0.520747,1,4,7,51,289831,27.48331,0.00226,2.37175,0.00629,0,1,3,3.283723,2.500494,2.500494,-0.003204,-0.003062,14.958464,13775,0.000205,0.076453,73709,30142,16451,10494,7119,5167,4051,3160,26843,1,1,1,1
22.4000,8349,1,1,92414,0,177373,0.521018,47,21,47,47,77166,27.51793,0.00226,2.37175,0.00629,1,1,2,1.053875,1.000000,1.195542,-0.020470,-0.020464,14.940722,13358,0.001370,0.074227,74093,29902,16546,10501,7183,5301,3929,3067,26850,1,1,1,1
23.0000,8349,1,1,93611,1,179808,0.520619,1,10,144,144,663340,27.93387,0.00226,2.37175,0.00629,0,1,3,2.839725,2.309912,2.309912,-0.228479,-0.228354,14.733155,8348,0.015499,0.047041,74278,30910,16495,10884,7428,5241,4072,3230,27269,1,1,1,1
23.9000,8349,1,1,95807,1,184306,0.519829,3,26,26,33,473786,28.55769,0.00226,2.37175,0.00629,0,1,3,5.652781,5.384061,5.384061,-0.540442,-0.540235,14.421300,834,0.037461,0.004801,76237,31556,17036,10923,7598,5521,4241,3330,27863,1,1,1,1
22.3500,8361,1,1,92600,0,176981,0.523223,2,16,38,38,1174303,27.49061,0.00166,2.37810,0.00565,1,1,2,1.389585,1.000000,7.682303,0.000095,0.000135,14.961611,13794,-0.000009,0.076433,73496,30280,16133,10463,7238,5159,4026,3174,27011,1,1,1,1
22.4000,8361,1,1,92499,1,177310,0.521682,4,3,123,124,697008,27.52527,0.00166,2.37810,0.00565,0,0,3,1.775102,1.568540,1.568540,-0.017134,-0.017065,14.944225,13375,0.001142,0.074197,73932,30004,16506,10415,7145,5280,3919,3226,26882,1,1,1,1
23.0000,8361,1,1,94088,0,180488,0.521301,51,941,941,941,194514,27.94119,0.00166,2.37810,0.00565,1,0,2,1.002125,1.000000,2.002862,-0.225112,-0.225112,14.736426,8358,0.015276,0.047019,74982,30720,16855,10583,7426,5360,3998,3206,27357,1,1,1,1
23.9000,8361,1,1,96258,0,184586,0.521483,1,617,617,617,120587,28.56495,0.00166,2.37810,0.00565,1,1,2,1.012480,1.000000,7.774998,-0.537072,-0.537070,14.424467,834,0.037233,0.004793,76608,31479,17202,10860,7306,5555,4254,3312,28009,1,1,1,1
22.3500,8373,1,1,92443,1,176632,0.523368,1,1,22,66,242631,27.48841,0.00141,2.37388,0.00381,0,1,3,1.287334,1.009739,1.009739,-0.000990,-0.000959,14.960543,13817,0.000064,0.076456,73253,29964,16287,10335,7156,5297,4102,3218,27019,1,1,1,1
22.4000,8373,1,1,92774,0,177416,0.522921,5,3,62,72,553902,27.52310,0.00141,2.37388,0.00381,1,1,2,1.387369,1.000000,1.701664,-0.018366,-0.018327,14.943151,13398,0.001226,0.074224,73612,30243,16428,10427,7168,5241,4033,3192,27071,1,1,1,1
23.0000,8373,1,1,93727,1,180327,0.519764,7,2,7,114,289670,27.93901,0.00141,2.37388,0.00381,0,1,3,1.590661,1.187195,1.187195,-0.226297,-0.226241,14.734961,8376,0.015354,0.047058,74600,30761,16854,10662,7376,5320,4053,3317,27383,1,1,1,1
23.9000,8373,1,1,96117,1,184734,0.520302,1,3,40,125,145052,28.56278,0.00141,2.37388,0.00381,0,1,3,1.705526,1.413701,1.413701,-0.538194,-0.538130,14.423383,840,0.037310,0.004821,76517,31532,17334,10824,7619,5447,4131,3239,28090,1,1,1,1
22.3500,8385,1,1,92366,0,176965,0.521948,7,2,15,145,533098,27.48377,0.00141,2.36671,0.00417,1,1,3,1.414185,1.000000,1.375174,-0.003315,-0.003274,14.958181,13841,0.000219,0.076491,73088,30200,16598,10353,7199,5293,4139,3191,26903,1,1,1,1
22.4000,8385,1,1,92971,1,178297,0.521442,2,58,58,58,471312,27.51849,0.00141,2.36671,0.00417,0,1,3,20.436929,18.976641,18.976641,-0.020832,-0.020472,14.941064,13421,0.001370,0.074255,74046,30356,16577,10644,7373,5310,4039,3159,26792,1,1,1,1
23.0000,8385,1,1,93810,0,180471,0.519809,7,3,7,221,84822,27.93438,0.00141,2.36671,0.00417,1,1,2,1.409427,1.000000,1.725328,-0.228632,-0.228591,14.732874,8390,0.015516,0.047076,74912,30543,16881,10402,7352,5496,4076,3292,27516,1,1,1,1
23.9000,8385,1,1,96319,1,185102,0.520359,22,24,24,44,79368,28.55817,0.00141,2.36671,0.00417,0,1,3,1.303842,1.248576,1.248576,-0.540509,-0.540478,14.421055,844,0.037478,0.004838,76692,31449,17216,10883,7594,5656,4134,3347,28130,1,1,1,1
22.3500,8397,1,1,92948,0,178024,0.522112,2,3,218,218,685268,27.48672,0.00140,2.37623,0.00469,1,1,3,1.231895,1.000000,1.124961,-0.001808,-0.001783,14.959574,13857,0.000119,0.076463,74087,30104,16760,10532,7142,5306,3901,3130,27061,1,1,1,1
22.4000,8397,1,1,92826,0,177917,0.521741,1,9,16,1267,209098,27.52139,0.00140,2.37623,0.00469,1,1,2,1.411896,1.000000,5.310770,-0.019239,-0.019198,14.942265,13439,0.001285,0.074242,73943,30339,16520,10366,7214,5123,4003,3134,27274,1,1,1,1
23.0000,8397,1,1,94552,0,181509,0.520925,1,7,7,53,487208,27.93735,0.00140,2.37623,0.00469,1,0,2,1.276520,1.000000,2.693244,-0.227176,-0.227146,14.734356,8400,0.015416,0.047060,75736,30770,16939,10595,7259,5437,4079,3119,27574,1,1,1,1
23.9000,8397,1,1,96948,0,185496,0.522645,3,9,9,22,301141,28.56115,0.00140,2.37623,0.00469,1,0,2,1.161153,1.000000,1.649740,-0.539051,-0.539033,14.422486,843,0.037374,0.004825,76928,31550,17448,10994,7637,5594,4118,3255,27971,1,1,1,1
22.3500,8409,1,1,92948,0,177696,0.523076,17,3351,3351,3351,15728293,27.48422,0.00132,2.37816,0.00567,1,1,2,1.015177,1.000000,51.253914,-0.003400,-0.003398,14.958139,13878,0.000227,0.076477,73824,30195,16496,10429,7278,5249,3996,3105,27123,1,1,1,1
22.4000,8409,1,1,93188,0,178479,0.522126,10,78,78,94,300259,27.51884,0.00132,2.37816,0.00567,1,1,2,1.344509,1.000000,31.833743,-0.020681,-0.020646,14.940763,13458,0.001382,0.074249,74116,30329,16669,10622,7159,5327,4001,3144,27111,1,1,1,1
23.0000,8409,1,1,94270,0,181323,0.519904,2,42,42,156,2944994,27.93478,0.00132,2.37816,0.00567,1,1,2,1.192466,1.000000,9.078866,-0.228576,-0.228555,14.732781,8412,0.015513,0.047065,75466,30901,16686,10727,7415,5274,4053,3138,27662,1,1,1,1
23.9000,8409,1,1,96355,1,185323,0.519933,6,18,1050,1050,687165,28.55860,0.00132,2.37816,0.00567,0,1,3,2.260460,2.027233,2.027233,-0.540399,-0.540302,14.421223,844,0.037466,0.004824,76711,31469,17386,11082,7531,5510,4053,3318,28262,1,1,1,1
22.3500,8421,1,1,92778,0,177743,0.521981,1,3,22,38,439537,27.47798,0.00308,2.37318,0.00588,1,1,2,1.287007,1.000000,1.366607,-0.005398,-0.005368,14.956016,13894,0.000359,0.076467,73744,30285,16225,10460,7345,5260,4075,3117,27231,1,1,1,1
22.4000,8421,1,1,92921,1,178560,0.520394,1,31,31,89,401831,27.51264,0.00308,2.37318,0.00588,0,1,3,2.782204,2.207480,2.188281,-0.022755,-0.022633,14.938872,13473,0.001515,0.074235,74049,30506,16503,10458,7210,5422,4059,3211,27141,1,1,1,1
23.0000,8421,1,1,94832,0,181582,0.522257,16,4,107,107,290491,27.92856,0.00308,2.37318,0.00588,1,1,2,1.370774,1.000000,2.029158,-0.230712,-0.230674,14.730748,8421,0.015659,0.047054,75354,30928,17107,10522,7400,5422,4202,3247,27399,1,1,1,1
23.9000,8421,1,1,96591,1,185673,0.520224,1,14,17,87,275561,28.55232,0.00308,2.37318,0.00588,0,1,3,2.629393,2.023838,2.022452,-0.542589,-0.542475,14.419024,844,0.037622,0.004818,77315,31512,17129,10860,7490,5475,4303,3270,28318,1,1,1,1
22.3500,8433,1,1,92975,1,178541,0.520752,15,8,26,108,1038148,27.48723,0.00175,2.37766,0.00401,0,1,3,3.303387,2.591306,2.591306,-0.001470,-0.001328,14.960176,13916,0.000089,0.076458,74070,30592,16599,10450,7267,5284,3965,3258,27055,1,1,1,1
22.4000,8433,1,1,93284,0,178624,0.522240,3,720,720,720,217276,27.52191,0.00175,2.37766,0.00401,1,1,2,1.409764,1.000000,355.700699,-0.019104,-0.019064,14.942383,13494,0.001276,0.074227,74064,30524,16413,10497,7311,5341,4038,3119,27316,1,1,1,1
23.0000,8433,1,1,94596,0,181634,0.520808,2,6,6,426,1621317,27.93782,0.00175,2.37766,0.00401,1,1,2,1.410134,1.000000,3.364800,-0.226780,-0.226739,14.734708,8434,0.015388,0.047047,75220,30977,16856,10654,7457,5412,4182,3298,27577,1,1,1,1
23.9000,8433,1,1,96962,0,186348,0.520330,1,1,25,82,622866,28.56159,0.00175,2.37766,0.00401,1,0,3,1.409161,1.000000,1.036505,-0.538598,-0.538557,14.422909,845,0.037340,0.004816,77494,31608,17234,10944,7725,5600,4161,3291,28290,1,1,1,1
22.3500,8445,1,1,93226,0,178495,0.522292,31,5,31,251,162515,27.47951,0.00246,2.36402,0.00506,1,1,2,1.366965,1.000000,2.286270,-0.004945,-0.004908,14.956512,13932,0.000328,0.076456,73759,30405,16820,10569,7199,5321,4038,3237,27146,1,1,1,1
22.4000,8445,1,1,93567,1,179139,0.522318,1,1,17,49,224301,27.51423,0.00246,2.36402,0.00506,0,1,3,1.497760,1.060868,1.060868,-0.022258,-0.022210,14.939254,13510,0.001487,0.074225,74640,30294,16634,10674,7188,5223,4054,3150,27281,1,1,1,1
23.0000,8445,1,1,94875,1,182014,0.521254,1,16,16,118,291947,27.93012,0.00246,2.36402,0.00506,0,1,3,11.028778,8.486860,8.486860,-0.230326,-0.230042,14.731491,8442,0.015616,0.047035,75752,30932,16965,10686,7297,5552,4116,3284,27429,1,1,1,1
23.9000,8445,1,1,97256,0,186414,0.521723,1,2,13,350,139748,28.55391,0.00246,2.36402,0.00506,1,1,2,1.356919,1.000000,1.371365,-0.542114,-0.542078,14.419338,842,0.037594,0.004793,77439,31655,17322,11000,7468,5490,4302,3342,28395,1,1,1,1
22.3500,8457,1,1,92618,0,178436,0.519057,1,26,48,48,124321,27.47561,0.00260,2.36310,0.00460,1,1,2,1.384854,1.000000,12.725787,-0.006913,-0.006874,14.954605,13956,0.000460,0.076488,73860,30295,16668,10509,7201,5363,4150,3148,27241,1,1,1,1
22.4000,8457,1,1,93640,0,179465,0.521776,1,19,19,19,855677,27.51027,0.00260,2.36310,0.00460,1,1,2,1.309922,1.000000,7.153137,-0.024213,-0.024181,14.937316,13533,0.001619,0.074256,74353,30756,16795,10573,7348,5401,4122,3160,26956,1,1,1,1
23.0000,8457,1,1,95061,1,182364,0.521274,6,3,6,103,163445,27.92623,0.00260,2.36310,0.00460,0,1,3,2.321408,1.721324,1.721324,-0.232105,-0.232005,14.729526,8458,0.015751,0.047064,75444,31033,17129,10935,7510,5531,4107,3190,27484,1,1,1,1
23.9000,8457,1,1,97237,1,186536,0.521280,1,3,35,247,154043,28.55004,0.00260,2.36310,0.00460,0,1,3,1.229274,1.192820,1.192820,-0.543985,-0.543961,14.417575,851,0.037729,0.004838,77350,31812,17598,10870,7470,5584,4095,3337,28419,1,1,1,1
22.3500,8469,1,1,93318,0,179298,0.520466,8,2,42,42,469091,27.47184,0.00164,2.36949,0.00519,1,0,3,1.311276,1.000000,1.103748,-0.009194,-0.009162,14.952336,13971,0.000613,0.076474,74303,30482,16781,10737,7118,5463,4114,3188,27111,1,1,1,1
22.4000,8469,1,1,93354,0,179176,0.521021,1,179,179,714,815292,27.50646,0.00164,2.36949,0.00519,1,1,2,1.236938,1.000000,47.757048,-0.026729,-0.026704,14.934806,13549,0.001788,0.074251,74502,30211,16583,10627,7345,5313,4016,3189,27389,1,1,1,1
23.0000,8469,1,1,95267,1,182942,0.520753,2,6,7,89,213038,27.92240,0.00164,2.36949,0.00519,0,1,3,2.407182,1.915678,1.915678,-0.234508,-0.234404,14.727103,8466,0.015917,0.047049,76104,31009,17107,10784,7363,5485,4133,3248,27708,1,1,1,1
23.9000,8469,1,1,97233,1,186378,0.521701,4,2,140,464,1026554,28.54623,0.00164,2.36949,0.00519,0,1,3,1.674162,1.294571,1.294571,-0.546396,-0.546336,14.414924,844,0.037901,0.004792,77243,31719,17181,11049,7541,5655,4225,3322,28442,1,1,1,1
22.3500,8481,1,1,93533,1,179212,0.521916,1,2,4,53,124832,27.47185,0.00155,2.36465,0.00619,0,1,3,1.867178,1.513873,1.513873,-0.009237,-0.009164,14.952355,13995,0.000613,0.076497,74482,30463,16681,10509,7257,5305,3969,3206,27339,1,1,1,1
22.4000,8481,1,1,93834,0,179724,0.522103,1,2,14,14,1077851,27.50650,0.00155,2.36465,0.00619,1,1,3,1.323668,1.000000,1.272278,-0.026555,-0.026522,14.934880,13574,0.001776,0.074282,74713,30332,16834,10633,7279,5377,4050,3228,27277,1,1,1,1
23.0000,8481,1,1,94963,1,182945,0.519082,3,13,13,33,79427,27.92242,0.00155,2.36465,0.00619,0,1,3,3.310267,3.111822,3.111822,-0.234568,-0.234427,14.727106,8482,0.015918,0.047072,75903,31028,17157,10754,7432,5431,4268,3258,27713,1,1,1,1
23.9000,8481,1,1,97718,0,187715,0.520569,2,3,6,19,376570,28.54618,0.00155,2.36465,0.00619,1,1,2,1.410389,1.000000,2.163543,-0.546426,-0.546385,14.415081,850,0.037904,0.004819,78157,31799,17462,11084,7650,5590,4310,3323,28339,1,1,1,1
22.3500,8493,1,1,93369,1,179312,0.520710,1,2,144,144,630779,27.47485,0.00139,2.36606,0.00426,0,1,3,1.511284,1.341608,1.341608,-0.007791,-0.007742,14.953788,14016,0.000518,0.076496,74473,30508,16509,10542,7180,5272,4065,3259,27503,1,1,1,1
22.4000,8493,1,1,93641,1,179975,0.520303,3,4,448,448,6188721,27.50954,0.00139,2.36606,0.00426,0,1,3,3.095382,2.264540,2.264540,-0.025168,-0.025035,14.936499,13592,0.001676,0.074268,75000,30297,16876,10559,7235,5451,4092,3079,27385,1,1,1,1
23.0000,8493,1,1,95269,1,182854,0.521014,2,7,20,59,190747,27.92544,0.00139,2.36606,0.00426,0,1,3,1.220680,1.174408,1.174408,-0.233081,-0.233058,14.728477,8494,0.015824,0.047067,76093,30765,17031,10701,7516,5402,4171,3282,27892,1,1,1,1
23.9000,8493,1,1,97533,1,187368,0.520545,1,2,59,76,78712,28.54922,0.00139,2.36606,0.00426,0,1,3,1.744459,1.234024,1.202213,-0.544966,-0.544900,14.416561,851,0.037797,0.004818,77710,31973,17378,11001,7674,5637,4160,3335,28499,1,1,1,1
22.3500,8505,1,1,93638,0,179577,0.521439,1,8,13,35,579867,27.46945,0.00181,2.36588,0.00504,1,1,2,1.129413,1.000000,1.313989,-0.010262,-0.010248,14.951277,14033,0.000685,0.076493,74470,30476,16642,10534,7277,5410,4181,3279,27307,1,1,1,1
22.4000,8505,1,1,93778,0,180306,0.520108,3,22,29,514,338224,27.50417,0.00181,2.36588,0.00504,1,1,2,1.205242,1.000000,5.115644,-0.027702,-0.027680,14.933666,13607,0.001854,0.074259,74957,30377,16630,10734,7492,5512,4059,3357,27187,1,1,1,1
23.0000,8505,1,1,95375,1,182789,0.521779,14,3,14,705,405811,27.92006,0.00181,2.36588,0.00504,0,1,3,2.396160,1.861157,1.861157,-0.235585,-0.235482,14.726020,8504,0.015991,0.047064,75512,31389,16935,10820,7501,5520,4143,3210,27758,1,1,1,1
23.9000,8505,1,1,97414,0,187336,0.519999,4,1,14,47,7453131,28.54385,0.00181,2.36588,0.00504,1,1,3,1.410391,1.000000,1.024348,-0.547448,-0.547407,14.414042,850,0.037977,0.004806,77380,32043,17287,11208,7725,5692,4183,3409,28408,1,1,1,1
22.3500,8517,1,1,94109,1,180184,0.522297,3,2,175,175,618975,27.46801,0.00163,2.37264,0.00504,0,1,3,1.891751,1.409524,1.409524,-0.011064,-0.010989,14.950503,14051,0.000735,0.076487,74763,30281,16978,10675,7416,5395,4021,3288,27366,1,1,1,1
22.4000,8517,1,1,93485,1,179628,0.520440,1,198,198,198,156215,27.50268,0.00163,2.37264,0.00504,0,1,3,19.900883,18.932061,18.932061,-0.028551,-0.028200,14.933334,13626,0.001888,0.074259,74379,30291,16651,10627,7327,5420,4202,3148,27582,1,1,1,1
23.0000,8517,1,1,95571,1,183204,0.521667,1,3,55,55,819508,27.91864,0.00163,2.37264,0.00504,0,1,3,2.772257,2.060269,2.060269,-0.236398,-0.236278,14.725071,8514,0.016046,0.047056,75972,30814,17213,10810,7503,5565,4227,3286,27813,1,1,1,1
23.9000,8517,1,1,98447,1,188259,0.522937,3,24,24,370,506119,28.54244,0.00163,2.37264,0.00504,0,1,3,15.452083,11.992179,11.992179,-0.548405,-0.548084,14.413455,849,0.038026,0.004794,78533,32064,17449,10905,7506,5463,4347,3368,28623,1,1,1,1
22.3500,8529,1,1,94041,1,180247,0.521737,3,4,20,35,1561861,27.46818,0.00318,2.36942,0.00433,0,1,3,1.282725,1.236987,1.236987,-0.010261,-0.010232,14.951304,14070,0.000684,0.076479,74790,30647,16563,10734,7335,5307,4022,3267,27581,1,1,1,1
22.4000,8529,1,1,94595,1,181351,0.521616,2,3,3,8962,935995,27.50280,0.00318,2.36942,0.00433,0,1,3,2.796193,2.095818,2.095818,-0.027603,-0.027482,14.933785,13644,0.001840,0.074250,75686,30722,16853,10508,7438,5359,4072,3276,27436,1,1,1,1
23.0000,8529,1,1,95489,1,183479,0.520438,2,35,35,217,3630583,27.91873,0.00318,2.36942,0.00433,0,1,3,9.229999,8.696284,8.696284,-0.235656,-0.235396,14.725757,8527,0.015985,0.047059,75977,31245,17083,10807,7396,5593,4165,3304,27908,1,1,1,1
23.9000,8529,1,1,97869,1,188091,0.520331,1,2,9,30,330009,28.54256,0.00318,2.36942,0.00433,0,0,3,1.733439,1.286244,1.286244,-0.547456,-0.547391,14.414022,851,0.037976,0.004798,78183,31803,17547,10993,7582,5650,4290,3416,28626,1,1,1,1
22.3500,8541,1,1,94219,1,180420,0.522223,7,7,7,63,397693,27.47369,0.00172,2.37916,0.00373,0,1,3,4.897372,3.790915,3.790915,-0.008284,-0.008098,14.953428,14097,0.000542,0.076507,75065,30522,16687,10538,7341,5391,4076,3229,27570,1,1,1,1
22.4000,8541,1,1,93790,0,180383,0.519952,2,16,20,101,315012,27.50835,0.00172,2.37916,0.00373,1,1,2,1.064836,1.000000,1.170598,-0.025541,-0.025534,14.935683,13669,0.001710,0.074273,74885,30558,16684,10486,7290,5453,4096,3293,27637,1,1,1,1
23.0000,8541,1,1,95698,0,183549,0.521379,1,1,54,54,260539,27.92427,0.00172,2.37916,0.00373,1,0,3,1.370486,1.000000,1.174554,-0.233502,-0.233465,14.728020,8544,0.015852,0.047080,76130,31272,16998,10805,7344,5550,4097,3311,28041,1,1,1,1
23.9000,8541,1,1,98127,1,188538,0.520465,1,1,4,44,269765,28.54803,0.00172,2.37916,0.00373,0,1,3,1.650944,1.263770,1.263770,-0.545383,-0.545324,14.416176,860,0.037827,0.004841,78480,32019,17402,11097,7742,5676,4219,3376,28526,1,1,1,1
22.3500,8553,1,1,93911,1,180386,0.520614,1,33,374,392,107297,27.46916,0.00138,2.37314,0.00446,0,1,3,19.561403,15.926338,15.926338,-0.010790,-0.010442,14.950727,14114,0.000698,0.076506,74851,30408,16869,10626,7266,5371,4204,3222,27568,1,1,1,1
22.4000,8553,1,1,94535,1,181446,0.521012,3,5,13,36,268601,27.50384,0.00138,2.37314,0.00446,0,1,3,3.789470,2.759985,2.759985,-0.028030,-0.027874,14.933328,13686,0.001867,0.074272,75658,30644,16946,10584,7442,5245,4111,3169,27646,1,1,1,1
23.0000,8553,1,1,95851,1,184010,0.520904,1,125,125,125,893917,27.91975,0.00138,2.37314,0.00446,0,1,3,4.983457,4.176776,4.110796,-0.236006,-0.235818,14.725523,8554,0.016014,0.047077,76219,31395,17140,10673,7564,5544,4150,3312,28012,1,1,1,1
23.9000,8553,1,1,98622,0,189158,0.521376,3,6,23,1351,8763152,28.54352,0.00138,2.37314,0.00446,1,1,2,1.383842,1.000000,3.142640,-0.547877,-0.547839,14.413592,857,0.038009,0.004819,78769,32130,17672,11015,7588,5779,4346,3457,28401,1,1,1,1
22.3500,8565,1,1,94595,1,180976,0.522697,1,15,36,125,1221968,27.47007,0.00138,2.37231,0.00447,0,1,3,1.417137,1.131467,1.131467,-0.010162,-0.010121,14.951387,14132,0.000677,0.076493,75123,30599,17052,10569,7464,5374,4012,3309,27473,1,1,1,1
22.4000,8565,1,1,94605,1,181344,0.521691,18,64,64,64,218578,27.50479,0.00138,2.37231,0.00447,0,1,3,10.280182,9.659636,9.659636,-0.027648,-0.027376,14.934158,13706,0.001833,0.074273,75442,30686,16713,10644,7476,5478,4057,3204,27643,1,1,1,1
23.0000,8565,1,1,95662,0,183584,0.521083,12,96,244,244,181103,27.92068,0.00138,2.37231,0.00447,1,1,2,1.088613,1.000000,8.957162,-0.235587,-0.235578,14.725676,8565,0.015998,0.047071,76004,30985,17093,10926,7432,5407,4163,3295,28278,1,1,1,1
23.9000,8565,1,1,98548,0,189258,0.520710,1,6,38,38,15382360,28.54447,0.00138,2.37231,0.00447,1,1,2,1.317545,1.000000,2.476664,-0.547408,-0.547376,14.414026,856,0.037975,0.004806,78816,32055,17498,11158,7643,5745,4297,3379,28666,1,1,1,1
22.3500,8577,1,1,94675,1,181433,0.521821,1,2,21,75,431296,27.47857,0.00137,2.37368,0.00448,0,0,3,1.641448,1.187047,1.187047,-0.005899,-0.005841,14.955590,14161,0.000391,0.076521,75223,30766,16834,10564,7461,5549,4168,3291,27576,1,1,1,1
22.4000,8577,1,1,94841,1,181580,0.522313,4,17,98,98,366733,27.51324,0.00137,2.37368,0.00448,0,1,3,9.873187,8.117480,8.117480,-0.023347,-0.023080,14.938458,13730,0.001545,0.074277,75373,30869,16785,10603,7380,5445,4164,3217,27743,1,1,1,1
23.0000,8577,1,1,96359,1,185066,0.520677,67,27,67,67,916571,27.92919,0.00137,2.37368,0.00448,0,1,3,19.261336,13.767827,13.767827,-0.231354,-0.231009,14.729656,8583,0.015683,0.047091,76852,31636,17245,10840,7431,5552,4164,3189,28156,1,1,1,1
23.9000,8577,1,1,98384,0,188936,0.520729,925,6,925,925,2437973,28.55300,0.00137,2.37368,0.00448,1,1,2,1.338286,1.000000,2.713578,-0.543163,-0.543129,14.418365,864,0.037669,0.004843,78256,32245,17617,11114,7664,5587,4280,3357,28815,1,1,1,1
22.3500,8589,1,1,94844,0,182053,0.520972,1,17,44,321,466730,27.48296,0.00137,2.37181,0.00488,1,1,2,1.357673,1.000000,7.619426,-0.003879,-0.003843,14.957647,14176,0.000257,0.076484,75958,30780,16903,10641,7258,5374,4207,3344,27587,1,1,1,1
22.4000,8589,1,1,94869,1,182021,0.521201,5,4,7,9,913433,27.51758,0.00137,2.37181,0.00488,0,1,3,3.283806,2.331806,2.331806,-0.021120,-0.020982,14.940189,13744,0.001404,0.074240,75465,30843,17105,10792,7453,5424,4041,3177,27720,1,1,1,1
23.0000,8589,1,1,96186,0,184916,0.520163,1,3,15,63,223873,27.93352,0.00137,2.37181,0.00488,1,1,2,1.351391,1.000000,1.856051,-0.229075,-0.229040,14.732377,8594,0.015547,0.047077,76582,31501,17345,11004,7394,5378,4178,3365,28168,1,1,1,1
23.9000,8589,1,1,98771,1,189582,0.520996,11,1040,1040,1040,426642,28.55734,0.00137,2.37181,0.00488,0,1,3,122.894737,121.958568,121.958568,-0.541231,-0.540671,14.420028,860,0.037494,0.004813,78912,32273,17491,11187,7662,5619,4302,3314,28821,1,1,1,1
22.3500,8601,1,1,95182,0,181610,0.524104,1,31,31,81,1131306,27.48434,0.00137,2.37052,0.00441,1,1,2,1.411742,1.000000,16.165459,-0.003216,-0.003176,14.958291,14193,0.000212,0.076466,75339,30735,16823,10689,7408,5473,4201,3309,27632,1,1,1,1
22.4000,8601,1,1,95029,1,182108,0.521831,5,3,16,74,175633,27.51899,0.00137,2.37052,0.00441,0,1,3,1.898823,1.345109,1.324600,-0.020393,-0.020319,14.941148,13764,0.001360,0.074240,75297,31005,17000,10893,7449,5442,4221,3234,27566,1,1,1,1
23.0000,8601,1,1,96192,0,185041,0.519844,2,3,136,563,429011,27.93491,0.00137,2.37052,0.00441,1,0,3,1.269459,1.000000,1.190141,-0.228351,-0.228324,14.733183,8602,0.015497,0.047052,76452,31613,17311,10943,7584,5478,4178,3397,28084,1,1,1,1
23.9000,8601,1,1,98843,1,190047,0.520100,2,2,5,123,141431,28.55867,0.00137,2.37052,0.00441,0,0,3,1.363559,1.037688,1.037688,-0.540223,-0.540187,14.421214,862,0.037458,0.004817,79064,32246,17672,11097,7634,5576,4359,3466,28932,1,1,1,1
22.3500,8613,1,1,94943,1,181883,0.522003,6,4,14,129,567827,27.48516,0.00153,2.38317,0.00434,0,0,3,1.771553,1.634854,1.634854,-0.002575,-0.002509,14.958740,14209,0.000168,0.076443,75157,31087,16952,10740,7350,5407,4118,3276,27795,1,1,1,1
22.4000,8613,1,1,94831,1,182426,0.519836,2,2,8,476,462675,27.51985,0.00153,2.38317,0.00434,0,1,3,2.143177,1.601995,1.601995,-0.019918,-0.019830,14.941665,13779,0.001327,0.074215,75890,30679,17113,10673,7457,5351,4178,3227,27857,1,1,1,1
23.0000,8613,1,1,96963,1,185664,0.522253,1,3,36,36,698996,27.93575,0.00153,2.38317,0.00434,0,0,3,1.667654,1.219195,1.219195,-0.227854,-0.227795,14.733630,8610,0.015461,0.047029,77224,31274,17452,10829,7582,5557,4148,3391,28206,1,1,1,1
23.9000,8613,1,1,98252,0,189374,0.518828,1,4,59,70,303321,28.55953,0.00153,2.38317,0.00434,1,1,2,1.266913,1.000000,1.612082,-0.539759,-0.539731,14.421649,859,0.037425,0.004793,78460,32374,17599,10972,7686,5600,4314,3385,28983,1,1,1,1
22.3500,8625,1,1,95281,1,182793,0.521254,1,2,491,491,571714,27.48487,0.00345,2.37991,0.00362,0,0,3,1.417103,1.016449,1.016449,-0.001719,-0.001679,14.959760,14235,0.000112,0.076471,75994,31067,17092,10716,7434,5398,4196,3321,27574,1,1,1,1
22.4000,8625,1,1,95638,0,183658,0.520742,1,3,5,34,454332,27.51959,0.00345,2.37991,0.00362,1,1,3,1.228097,1.000000,1.155995,-0.019082,-0.019058,14.942455,13803,0.001275,0.074237,76285,31441,17148,10936,7610,5344,4101,3230,27562,1,1,1,1
23.0000,8625,1,1,96847,1,186082,0.520456,1,15,86,86,461857,27.93547,0.00345,2.37991,0.00362,0,1,3,4.170944,3.824424,3.824424,-0.227100,-0.226934,14.734597,8629,0.015401,0.047064,77138,31856,17463,10718,7581,5521,4217,3442,28145,1,1,1,1
23.9000,8625,1,1,99176,0,190065,0.521803,2,23,45,45,571005,28.55927,0.00345,2.37991,0.00362,1,1,2,1.356237,1.000000,10.184256,-0.539053,-0.539018,14.422402,866,0.037374,0.004826,78707,32191,17751,11485,7813,5594,4391,3289,28843,1,1,1,1
22.3500,8637,1,1,95217,1,182938,0.520491,1,2,27,1006,605142,27.48349,0.00196,2.38342,0.00488,0,1,3,1.393433,1.264595,1.264595,-0.003146,-0.003108,14.958426,14251,0.000208,0.076458,76172,31200,16964,10706,7392,5366,4113,3270,27754,1,1,1,1
22.4000,8637,1,1,95570,0,183162,0.521781,2,8,21,22,139929,27.51816,0.00196,2.38342,0.00488,1,1,2,1.327478,1.000000,3.320756,-0.020541,-0.020508,14.940989,13822,0.001373,0.074243,75703,31329,17017,10890,7679,5422,4175,3249,27697,1,1,1,1
23.0000,8637,1,1,96937,1,186213,0.520573,7,2,7,26,562600,27.93411,0.00196,2.38342,0.00488,0,0,3,1.195346,1.075436,1.075436,-0.228449,-0.228428,14.732854,8637,0.015505,0.047048,77133,31813,17418,10902,7449,5587,4267,3391,28252,1,1,1,1
23.9000,8637,1,1,99394,0,190716,0.521165,5,47,47,47,1450671,28.55792,0.00196,2.38342,0.00488,1,1,2,1.140867,1.000000,7.221206,-0.540466,-0.540451,14.420858,864,0.037477,0.004808,79195,32421,17717,11235,7727,5682,4297,3421,29020,1,1,1,1
22.3500,8649,1,1,95448,0,183080,0.521349,6,4,82,142,353485,27.48784,0.00167,2.38351,0.00432,1,1,2,1.410013,1.000000,2.099052,-0.001213,-0.001174,14.960296,14271,0.000078,0.076449,75953,31224,17173,10643,7406,5520,4036,3388,27736,1,1,1,1
22.4000,8649,1,1,95537,1,183544,0.520516,1,1,264275,264275,92208597,27.52246,0.00167,2.38351,0.00432,0,0,3,1.663509,1.209195,1.209195,-0.018493,-0.018434,14.942996,13840,0.001234,0.074226,76162,31234,17114,10907,7430,5579,4081,3290,27746,1,1,1,1
23.0000,8649,1,1,97475,1,186700,0.522097,4,3,4,35,815471,27.93840,0.00167,2.38351,0.00432,0,1,3,2.069162,1.730960,1.730960,-0.226482,-0.226398,14.734863,8648,0.015365,0.047036,77395,31957,17362,10919,7661,5523,4332,3354,28196,1,1,1,1
23.9000,8649,1,1,99004,0,190359,0.520094,12,16,16,106,269489,28.56222,0.00167,2.38351,0.00432,1,1,2,1.079379,1.000000,1.406055,-0.538381,-0.538372,14.422873,864,0.037328,0.004801,78653,32456,17554,11310,7884,5711,4429,3260,29101,1,1,1,1
22.3500,8661,1,1,95370,0,182883,0.521484,1,22,118,118,274859,27.48597,0.00180,2.38685,0.00445,1,1,2,1.052101,1.000000,1.247137,-0.002034,-0.002028,14.959170,14287,0.000136,0.076435,75734,31082,17109,10842,7529,5394,4034,3363,27795,1,1,1,1
22.4000,8661,1,1,95996,0,183513,0.523105,22,2,127,127,220135,27.52063,0.00180,2.38685,0.00445,1,1,3,1.339845,1.000000,1.028356,-0.019350,-0.019316,14.942098,13856,0.001293,0.074214,76340,30970,17207,10893,7328,5437,4130,3295,27912,1,1,1,1
23.0000,8661,1,1,96998,0,186129,0.521136,1,14,27,128,357226,27.93655,0.00180,2.38685,0.00445,1,1,2,1.410874,1.000000,7.348633,-0.227424,-0.227384,14.734085,8659,0.015433,0.047033,77106,31518,17242,11157,7677,5572,4145,3324,28387,1,1,1,1
23.9000,8661,1,1,99243,1,190385,0.521278,2,2,29,80,142062,28.56031,0.00180,2.38685,0.00445,0,1,3,1.811315,1.409925,1.409925,-0.539207,-0.539138,14.422380,863,0.037382,0.004789,78710,32298,17619,11391,7839,5725,4317,3337,29148,1,1,1,1
22.3500,8673,1,1,95838,0,183491,0.522306,1,2,9,489,358761,27.48704,0.00136,2.38634,0.00473,1,0,3,1.347149,1.000000,1.314264,-0.001705,-0.001670,14.959823,14312,0.000112,0.076459,76142,31327,16844,10907,7407,5414,4230,3243,27976,1,1,1,1
22.4000,8673,1,1,95370,0,183287,0.520334,1,4,19,182,175683,27.52173,0.00136,2.38634,0.00473,1,0,2,1.350182,1.000000,2.298414,-0.019080,-0.019045,14.942448,13878,0.001275,0.074227,75935,31291,16867,10884,7360,5562,4195,3194,27998,1,1,1,1
23.0000,8673,1,1,96938,0,186375,0.520126,1,2,255,255,558466,27.93763,0.00136,2.38634,0.00473,1,0,3,1.315960,1.000000,1.030830,-0.226986,-0.226954,14.734545,8674,0.015403,0.047048,77014,31725,17530,11115,7431,5627,4124,3311,28497,1,1,1,1
23.9000,8673,1,1,99752,0,191627,0.520556,6,148,148,148,173250,28.56141,0.00136,2.38634,0.00473,1,1,2,1.189137,1.000000,30.684993,-0.539070,-0.539050,14.422469,872,0.037376,0.004832,79880,32215,17831,11357,7736,5792,4346,3469,29000,1,1,1,1
22.3500,8685,1,1,95475,1,183124,0.521371,14,2,215,215,162925,27.48437,0.00198,2.38340,0.00519,0,1,3,1.508891,1.072885,1.006938,-0.002692,-0.002645,14.958804,14332,0.000177,0.076466,75833,31141,16952,10844,7503,5523,4192,3221,27914,1,1,1,1
22.4000,8685,1,1,95552,0,183080,0.521917,11,3,11,13,383395,27.51909,0.00198,2.38340,0.00519,1,1,2,1.414191,1.000000,1.782659,-0.020088,-0.020049,14.941414,13896,0.001342,0.074226,75522,31056,17218,10936,7385,5459,4124,3245,28134,1,1,1,1
23.0000,8685,1,1,97569,1,186900,0.522041,1,12,53,56,257727,27.93498,0.00198,2.38340,0.00519,0,1,3,6.349987,5.492184,5.492184,-0.228099,-0.227886,14.733652,8684,0.015467,0.047040,77629,31796,17134,11064,7512,5530,4234,3408,28592,1,1,1,1
23.9000,8685,1,1,99623,1,191002,0.521584,1,5,5,18,1545982,28.55877,0.00198,2.38340,0.00519,0,1,3,3.677336,2.932588,2.932588,-0.539958,-0.539808,14.421501,869,0.037431,0.004809,79271,32141,17909,11150,7764,5671,4347,3476,29272,1,1,1,1
22.3500,8697,1,1,95995,1,184061,0.521542,2,28,28,74,804962,27.48531,0.00163,2.38459,0.00551,0,1,3,3.403708,3.305021,3.305021,-0.002455,-0.002314,14.959224,14349,0.000155,0.076448,76667,31286,17074,10702,7386,5452,4231,3207,28055,1,1,1,1
22.4000,8697,1,1,95665,1,183558,0.521173,1,2,23,993,472987,27.51998,0.00163,2.38459,0.00551,0,1,3,2.039146,1.494085,1.494085,-0.019744,-0.019662,14.941867,13913,0.001316,0.074212,75741,31301,16919,10929,7362,5590,4256,3327,28132,1,1,1,1
23.0000,8697,1,1,97715,1,187512,0.521116,1,2,12,26,121416,27.93593,0.00163,2.38459,0.00551,0,1,3,2.427822,1.734307,1.734307,-0.227728,-0.227626,14.733896,8694,0.015449,0.047028,77874,31878,17615,10949,7458,5570,4253,3407,28507,1,1,1,1
23.9000,8697,1,1,99627,1,191685,0.519746,1,3,33,64,263260,28.55974,0.00163,2.38459,0.00551,0,1,3,2.963367,2.276722,2.276722,-0.539648,-0.539523,14.421983,867,0.037410,0.004791,79606,32645,17831,11385,7723,5622,4320,3320,29232,1,1,1,1
22.3500,8709,1,1,96142,0,184423,0.521315,1,1,82,4419,644754,27.48711,0.00179,2.38684,0.00455,1,0,3,1.372878,1.000000,1.279400,-0.001489,-0.001452,14.960035,14371,0.000097,0.076456,76604,31253,17275,10948,7505,5436,4196,3276,27929,1,1,1,1
22.4000,8709,1,1,96330,0,184704,0.521540,1,7,9,110,120439,27.52173,0.00179,2.38684,0.00455,1,1,2,1.375861,1.000000,3.454432,-0.018857,-0.018820,14.942667,13936,0.001259,0.074228,76703,31494,17252,10826,7484,5316,4278,3330,28020,1,1,1,1
23.0000,8709,1,1,98042,0,187745,0.522211,1,2,8,171,136053,27.93766,0.00179,2.38684,0.00455,1,1,2,1.403232,1.000000,1.639450,-0.226782,-0.226743,14.734704,8711,0.015388,0.047053,77941,31834,17587,11108,7620,5623,4296,3375,28360,1,1,1,1
23.9000,8709,1,1,100008,0,192451,0.519657,1,2,207,207,315106,28.56149,0.00179,2.38684,0.00455,1,1,2,1.375011,1.000000,1.553841,-0.538690,-0.538653,14.422778,874,0.037347,0.004823,80251,32527,17911,11298,7799,5614,4345,3480,29225,1,1,1,1
22.3500,8721,1,1,96477,1,184431,0.523109,2,2,35,35,83813,27.48542,0.00427,2.39511,0.00466,0,0,3,1.412963,1.068421,1.068421,-0.001063,-0.001024,14.960384,14392,0.000068,0.076461,76417,31240,17279,10815,7634,5615,4071,3296,28063,1,1,1,1
22.4000,8721,1,1,96351,1,184880,0.521157,8,5,17,131,313178,27.52008,0.00427,2.39511,0.00466,0,1,3,2.508896,2.146116,2.146116,-0.018429,-0.018324,14.943204,13955,0.001226,0.074224,76827,31477,17392,10669,7410,5453,4259,3345,28047,1,1,1,1
23.0000,8721,1,1,97705,1,187870,0.520070,1,1,16,79,430567,27.93600,0.00427,2.39511,0.00466,0,1,3,1.449648,1.076488,1.076488,-0.226350,-0.226308,14.735187,8722,0.015358,0.047046,78123,31701,17666,11267,7517,5572,4281,3424,28318,1,1,1,1
23.9000,8721,1,1,100327,1,192028,0.522463,1,14,75,75,773246,28.55976,0.00427,2.39511,0.00466,0,1,3,8.402465,6.809991,6.809991,-0.538337,-0.538093,14.423131,874,0.037308,0.004816,79907,32707,17920,11151,7700,5523,4347,3349,29423,1,1,1,1
22.3500,8733,1,1,96217,1,184319,0.522016,10,4,3146,3146,147331,27.48456,0.00362,2.39170,0.00460,0,1,3,3.206704,2.426813,2.426813,-0.001851,-0.001717,14.959395,14409,0.000115,0.076451,76155,31472,17303,10918,7596,5481,4113,3317,27963,1,1,1,1
22.4000,8733,1,1,96570,0,184846,0.522438,1,6,32,160,393039,27.51925,0.00362,2.39170,0.00460,1,1,2,1.189403,1.000000,1.571895,-0.019167,-0.019147,14.942372,13975,0.001281,0.074233,76969,31220,17057,10856,7427,5531,4229,3352,28204,1,1,1,1
23.0000,8733,1,1,98227,1,188042,0.522370,1,5,11,881,208154,27.93515,0.00362,2.39170,0.00460,0,1,3,3.654977,2.894886,2.894886,-0.227156,-0.227007,14.734530,8732,0.015406,0.047037,77939,31862,17511,11150,7817,5607,4378,3373,28404,1,1,1,1
23.9000,8733,1,1,100724,0,192989,0.521918,1,13,13,24,98818,28.55893,0.00362,2.39170,0.00460,1,1,2,1.092966,1.000000,1.359258,-0.539001,-0.538991,14.422275,873,0.037372,0.004804,80262,32721,17918,11246,7965,5723,4364,3505,29284,1,1,1,1
22.3500,8745,1,1,96849,1,185431,0.522294,1,53,53,53,1187268,27.47791,0.00229,2.39179,0.00479,0,1,3,4.809804,4.037276,4.019236,-0.005853,-0.005673,14.955673,14427,0.000379,0.076460,77504,31530,17130,10944,7395,5457,4129,3323,28018,1,1,1,1
22.4000,8745,1,1,96790,0,185543,0.521661,1,2,6,195,1338267,27.51263,0.00229,2.39179,0.00479,1,1,3,1.344069,1.000000,1.237369,-0.023143,-0.023110,14.938308,13991,0.001547,0.074236,77075,31506,17229,11089,7703,5542,4121,3231,28046,1,1,1,1
23.0000,8745,1,1,98423,1,188430,0.522335,8,7,136,136,265183,27.92852,0.00229,2.39179,0.00479,0,0,3,1.559654,1.452950,1.452950,-0.231097,-0.231046,14.730194,8743,0.015685,0.047045,78216,31964,17516,11146,7641,5628,4309,3414,28595,1,1,1,1
23.9000,8745,1,1,100603,1,192540,0.522507,1,27,27,79,863865,28.55231,0.00229,2.39179,0.00479,0,1,3,6.447627,5.778997,5.778997,-0.543073,-0.542859,14.418431,872,0.037650,0.004794,79896,32566,17871,11388,7831,5655,4378,3549,29405,1,1,1,1
22.3500,8757,1,1,97141,1,185729,0.523028,1,2,14,25,234611,27.47693,0.00248,2.38258,0.00402,0,1,3,1.472101,1.084367,1.084367,-0.006154,-0.006110,14.955383,14451,0.000409,0.076484,77300,31658,17202,10955,7568,5470,4192,3376,28007,1,1,1,1
22.4000,8757,1,1,96667,1,185563,0.520942,1,54,637,637,190983,27.51160,0.00248,2.38258,0.00402,0,1,3,3.727022,3.035229,2.988501,-0.023547,-0.023396,14.938118,14010,0.001566,0.074236,77126,31255,17320,11012,7701,5445,4239,3275,28189,1,1,1,1
23.0000,8757,1,1,98396,0,188990,0.520644,3,3,4,32,604679,27.92756,0.00248,2.38258,0.00402,1,1,3,1.243341,1.000000,1.013021,-0.231461,-0.231436,14.729938,8754,0.015712,0.047041,78480,31997,17862,11277,7624,5537,4272,3414,28526,1,1,1,1
23.9000,8757,1,1,100555,1,193437,0.519836,1,14,25,850,377180,28.55136,0.00248,2.38258,0.00402,0,0,3,3.905754,3.300485,3.300485,-0.543433,-0.543277,14.418065,875,0.037680,0.004804,80299,32987,17944,11505,7811,5754,4344,3533,29259,1,1,1,1
22.3500,8769,1,1,96580,0,185566,0.520465,1,5,71,158,1432213,27.48075,0.00220,2.38559,0.00397,1,0,2,1.195156,1.000000,1.462817,-0.004465,-0.004445,14.957074,14470,0.000297,0.076471,77116,31495,17390,10812,7555,5399,4211,3258,28329,1,1,1,1
22.4000,8769,1,1,96705,1,185588,0.521076,20,96,96,96,2229715,27.51537,0.00220,2.38559,0.00397,0,1,3,13.919944,12.992366,12.992366,-0.021902,-0.021602,14.939932,14033,0.001446,0.074247,76837,31641,17293,11090,7489,5442,4146,3398,28251,1,1,1,1
23.0000,8769,1,1,98342,0,188472,0.521788,9,19,19,374,120990,27.93130,0.00220,2.38559,0.00397,1,1,2,1.065382,1.000000,1.372693,-0.229740,-0.229733,14.731495,8770,0.015595,0.047057,78100,32020,17516,11143,7796,5586,4350,3329,28631,1,1,1,1
23.9000,8769,1,1,101044,0,194029,0.520770,2,50,50,116,354735,28.55513,0.00220,2.38559,0.00397,1,1,2,1.230923,1.000000,13.025077,-0.541783,-0.541759,14.419609,878,0.037571,0.004813,80744,33120,18208,11336,7656,5738,4474,3514,29238,1,1,1,1
22.3500,8781,1,1,96596,0,185794,0.519912,3,7,74,74,80320,27.47428,0.00406,2.38448,0.00456,1,1,2,1.404126,1.000000,3.904169,-0.006812,-0.006773,14.954676,14486,0.000453,0.076463,77389,31537,17187,10861,7404,5627,4303,3349,28136,1,1,1,1
22.4000,8781,1,1,97044,0,185805,0.522292,34,1052,1052,1052,13197780,27.50893,0.00406,2.38448,0.00456,1,0,2,1.001704,1.000000,1.795785,-0.024095,-0.024094,14.937448,14047,0.001613,0.074232,76759,31862,17336,10923,7695,5360,4385,3262,28222,1,1,1,1
23.0000,8781,1,1,98691,1,189325,0.521281,2,74,74,74,279035,27.92485,0.00406,2.38448,0.00456,0,1,3,7.898348,7.700267,7.700267,-0.232137,-0.231902,14.729638,8778,0.015744,0.047042,78724,32367,17665,11106,7718,5587,4299,3362,28496,1,1,1,1
23.9000,8781,1,1,100690,0,193442,0.520520,7,1,7,63,722553,28.54861,0.00406,2.38448,0.00456,1,1,3,1.393529,1.000000,1.051005,-0.543899,-0.543861,14.417621,876,0.037722,0.004796,80070,33033,17982,11344,7916,5720,4356,3465,29555,1,1,1,1
22.3500,8793,1,1,97135,1,186279,0.521452,1,225,225,225,458328,27.48237,0.00250,2.38750,0.00390,0,1,3,23.427588,22.594413,22.594413,-0.003628,-0.003269,14.958269,14512,0.000219,0.076478,77322,31718,17309,11076,7517,5492,4211,3352,28281,1,1,1,1
22.4000,8793,1,1,97226,0,185952,0.522858,7,15,29,54,837728,27.51706,0.00250,2.38750,0.00390,1,1,2,1.143016,1.000000,2.455624,-0.020844,-0.020829,14.940487,14070,0.001394,0.074237,76926,31676,17505,11017,7412,5453,4256,3327,28379,1,1,1,1
23.0000,8793,1,1,98157,1,188661,0.520285,5,2,110,209,184863,27.93296,0.00250,2.38750,0.00390,0,1,3,1.518786,1.090003,1.090003,-0.228750,-0.228703,14.732839,8794,0.015523,0.047053,77952,31885,17644,11392,7671,5590,4332,3431,28763,1,1,1,1
23.9000,8793,1,1,101237,1,194187,0.521340,1,12,29,29,165436,28.55674,0.00250,2.38750,0.00390,0,1,3,2.199432,1.567882,1.336680,-0.540650,-0.540560,14.420917,881,0.037484,0.004816,80836,32945,17935,11569,7944,5534,4476,3462,29485,1,1,1,1
22.3500,8805,1,1,96822,0,185868,0.520921,13,8,20,100,103936,27.47725,0.00150,2.38166,0.00601,1,0,3,1.106938,1.000000,1.015072,-0.006501,-0.006489,14.955041,14527,0.000434,0.076469,77131,31486,17331,11038,7539,5632,4212,3323,28175,1,1,1,1
22.4000,8805,1,1,97361,1,187000,0.520650,2,43,43,45,193168,27.51196,0.00150,2.38166,0.00601,0,0,3,2.114937,1.799900,1.799900,-0.023891,-0.023806,14.937532,14085,0.001594,0.074229,77547,32067,17342,10923,7598,5553,4235,3399,28335,1,1,1,1
23.0000,8805,1,1,98902,0,189839,0.520981,7,182,182,182,464248,27.92785,0.00150,2.38166,0.00601,1,0,2,1.011030,1.000000,2.029223,-0.231843,-0.231841,14.729700,8802,0.015740,0.047042,78835,32397,17694,11260,7565,5582,4276,3424,28805,1,1,1,1
23.9000,8805,1,1,100440,0,193743,0.518421,1,21,4778,4778,431670,28.55164,0.00150,2.38166,0.00601,1,1,2,1.059191,1.000000,1.395092,-0.543716,-0.543710,14.417826,879,0.037711,0.004799,80405,32897,17824,11502,7795,5786,4507,3390,29636,1,1,1,1
22.3500,8817,1,1,97087,1,186454,0.520705,270,56,270,270,1738340,27.48008,0.00169,2.38606,0.00392,0,1,3,28.900298,24.754479,24.754479,-0.005151,-0.004770,14.956773,14548,0.000319,0.076466,77460,31685,17366,10972,7505,5588,4317,3335,28225,1,1,1,1
22.4000,8817,1,1,97311,1,187085,0.520146,1,5,88,231,212243,27.51475,0.00169,2.38606,0.00392,0,1,3,2.052466,1.722787,1.722787,-0.022335,-0.022253,14.939267,14107,0.001490,0.074235,77902,31776,17347,10891,7792,5477,4146,3312,28441,1,1,1,1
23.0000,8817,1,1,98512,0,189645,0.519458,1,2,10,41,140701,27.93070,0.00169,2.38606,0.00392,1,1,2,1.408631,1.000000,1.579926,-0.230305,-0.230266,14.731188,8817,0.015631,0.047053,78543,32182,17712,11173,7823,5518,4313,3475,28905,1,1,1,1
23.9000,8817,1,1,101534,0,194613,0.521725,94,4,94,94,93594,28.55451,0.00169,2.38606,0.00392,1,1,3,1.239814,1.000000,1.136582,-0.542191,-0.542167,14.419208,882,0.037600,0.004809,80783,33252,18104,11501,7812,5689,4388,3470,29613,1,1,1,1
22.3500,8829,1,1,97152,0,186451,0.521062,1,666,666,666,176702,27.48262,0.00253,2.38904,0.00400,1,1,2,1.385222,1.000000,306.248420,-0.003664,-0.003627,14.957859,14563,0.000242,0.076436,77651,31500,17242,10744,7617,5526,4250,3475,28445,1,1,1,1
22.4000,8829,1,1,97765,1,187258,0.522090,1,6,34,56,361498,27.51725,0.00253,2.38904,0.00400,0,1,3,4.327953,3.318432,3.318432,-0.020718,-0.020553,14.940989,14125,0.001376,0.074220,77910,32052,17313,10700,7640,5493,4283,3381,28485,1,1,1,1
23.0000,8829,1,1,99337,1,190623,0.521120,2,3,62,62,66396,27.93318,0.00253,2.38904,0.00400,0,1,3,1.651612,1.453773,1.453773,-0.228639,-0.228582,14.732960,8824,0.015515,0.047021,79187,32628,17780,11108,7759,5590,4258,3441,28871,1,1,1,1
23.9000,8829,1,1,101189,1,193874,0.521934,2,3,19,106,487781,28.55701,0.00253,2.38904,0.00400,0,1,3,2.528697,2.001503,2.001503,-0.540570,-0.540465,14.420831,879,0.037478,0.004785,80113,33014,18016,11498,7864,5718,4448,3538,29664,1,1,1,1
22.3500,8841,1,1,97843,1,187198,0.522674,1,2,9,3870,179665,27.47664,0.00211,2.39082,0.00396,0,1,3,1.915476,1.575448,1.575448,-0.006551,-0.006478,14.955042,14585,0.000433,0.076462,77908,31630,17631,10921,7636,5473,4318,3340,28340,1,1,1,1
22.4000,8841,1,1,97796,0,187683,0.521073,1,2,5,15,461004,27.51129,0.00211,2.39082,0.00396,1,1,3,1.404553,1.000000,1.366482,-0.023872,-0.023834,14.937617,14143,0.001596,0.074231,77976,31742,17638,11165,7624,5434,4241,3424,28438,1,1,1,1
23.0000,8841,1,1,99414,0,190355,0.522259,1,2,7,79,525879,27.92721,0.00211,2.39082,0.00396,1,1,2,1.379605,1.000000,1.512971,-0.231837,-0.231800,14.729636,8838,0.015737,0.047042,79045,32388,17743,11329,7688,5619,4242,3350,28950,1,1,1,1
23.9000,8841,1,1,101929,1,195213,0.522145,3,20,58,58,152862,28.55097,0.00211,2.39082,0.00396,0,1,3,3.389450,3.278625,3.278625,-0.543762,-0.543624,14.417915,882,0.037705,0.004796,81136,33094,18275,11561,7879,5823,4343,3486,29615,1,1,1,1
22.3500,8853,1,1,97460,0,187303,0.520336,12,38,38,1688,103812,27.48343,0.00247,2.39670,0.00511,1,1,2,1.174851,1.000000,7.284936,-0.003048,-0.003030,14.958493,14601,0.000203,0.076424,77831,31865,17397,11004,7577,5646,4360,3256,28366,1,1,1,1
22.4000,8853,1,1,97814,0,187311,0.522204,4,5,5,48,114850,27.51812,0.00247,2.39670,0.00511,1,1,2,1.389769,1.000000,2.791963,-0.020336,-0.020299,14.941186,14158,0.001359,0.074191,77371,31983,17562,11122,7622,5611,4256,3345,28438,1,1,1,1
23.0000,8853,1,1,99290,0,190236,0.521933,1,6,12,136,380809,27.93402,0.00247,2.39670,0.00511,1,1,2,1.361863,1.000000,2.867523,-0.228290,-0.228255,14.733238,8846,0.015493,0.047009,78887,32504,17647,11245,7603,5748,4393,3324,28884,1,1,1,1
23.9000,8853,1,1,101499,1,195057,0.520358,1,2,19,311,132782,28.55780,0.00247,2.39670,0.00511,0,1,3,2.189447,1.732270,1.732270,-0.540148,-0.540059,14.421452,879,0.037448,0.004772,80825,33308,18213,11350,7821,5728,4453,3498,29860,1,1,1,1
22.3500,8865,1,1,97675,1,187667,0.520473,1,2,22,44,837830,27.48559,0.00183,2.39774,0.00451,0,1,3,1.221499,1.181536,1.181536,-0.002161,-0.002138,14.959402,14626,0.000143,0.076447,77816,31961,17548,11099,7561,5547,4229,3398,28507,1,1,1,1
22.4000,8865,1,1,97803,1,187641,0.521227,5,2,11,121,537630,27.52031,0.00183,2.39774,0.00451,0,1,3,1.644126,1.241653,1.241653,-0.019525,-0.019469,14.942058,14181,0.001303,0.074207,77720,32065,17534,10999,7598,5553,4367,3356,28448,1,1,1,1
23.0000,8865,1,1,99364,0,190319,0.522095,64,10,64,348,805931,27.93620,0.00183,2.39774,0.00451,1,1,2,1.361562,1.000000,4.356149,-0.227541,-0.227506,14.733987,8862,0.015441,0.047028,78851,32110,17869,11134,7871,5788,4253,3409,29033,1,1,1,1
23.9000,8865,1,1,101910,0,195493,0.521300,1,2,65,65,2344745,28.55999,0.00183,2.39774,0.00451,1,1,2,1.410685,1.000000,1.776090,-0.539387,-0.539348,14.422109,884,0.037397,0.004793,81063,33054,18285,11578,8109,5889,4467,3490,29557,1,1,1,1
22.3500,8877,1,1,97760,0,187443,0.521548,1,6,6,17,134915,27.48009,0.00298,2.38572,0.00489,1,1,2,1.413731,1.000000,3.593343,-0.004391,-0.004352,14.957116,14653,0.000291,0.076496,77559,31920,17427,11135,7621,5534,4305,3468,28473,1,1,1,1
22.4000,8877,1,1,98315,1,188412,0.521811,2,5,7,39,938864,27.51476,0.00298,2.38572,0.00489,0,1,3,3.115748,2.551323,2.551323,-0.021707,-0.021579,14.939701,14210,0.001444,0.074270,78577,31866,17590,11190,7566,5603,4228,3303,28488,1,1,1,1
23.0000,8877,1,1,99532,0,191378,0.520083,1,1,47,47,837894,27.93071,0.00298,2.38572,0.00489,1,0,3,1.308281,1.000000,1.137729,-0.229635,-0.229605,14.731454,8882,0.015586,0.047079,79478,32415,17877,11276,7741,5715,4321,3513,29041,1,1,1,1
23.9000,8877,1,1,101966,0,195774,0.520838,9,24,33,49,1251572,28.55452,0.00298,2.38572,0.00489,1,1,2,1.069276,1.000000,1.733019,-0.541565,-0.541558,14.419682,893,0.037557,0.004836,81092,33431,18376,11560,7838,5855,4383,3505,29733,1,1,1,1
22.3500,8889,1,1,98004,0,187345,0.523123,4,8,10,27,168718,27.48582,0.00163,2.40224,0.00397,1,1,2,1.252091,1.000000,2.556035,-0.002246,-0.002221,14.959161,14670,0.000148,0.076471,77525,31689,17588,11131,7527,5611,4180,3303,28790,1,1,1,1
22.4000,8889,1,1,98289,1,188454,0.521557,1,5,71,71,1212943,27.52044,0.00163,2.40224,0.00397,0,0,3,2.252041,1.707802,1.707802,-0.019534,-0.019443,14.941968,14226,0.001301,0.074242,78318,32029,17508,11197,7549,5545,4295,3408,28604,1,1,1,1
23.0000,8889,1,1,99481,1,190521,0.522155,29,3,29,109,190015,27.93637,0.00163,2.40224,0.00397,0,1,3,1.591147,1.404461,1.404461,-0.227490,-0.227438,14.733656,8893,0.015437,0.047066,78891,32161,17586,11474,7763,5730,4352,3394,29169,1,1,1,1
23.9000,8889,1,1,101939,1,195744,0.520780,13,6,13,18,649813,28.56020,0.00163,2.40224,0.00397,0,1,3,3.983874,3.154573,3.154573,-0.539448,-0.539293,14.422237,892,0.037393,0.004823,81038,33268,18332,11488,7998,5789,4507,3599,29724,1,1,1,1
22.3500,8901,1,1,98405,1,188540,0.521934,2,19,62,399,504941,27.48131,0.00234,2.39267,0.00380,0,0,3,1.904655,1.521732,1.521732,-0.004095,-0.004023,14.957359,14688,0.000269,0.076471,78103,32138,17913,10871,7751,5650,4290,3369,28454,1,1,1,1
22.4000,8901,1,1,98677,1,188720,0.522878,3,20,20,117,410316,27.51596,0.00234,2.39267,0.00380,0,1,3,8.707664,7.793094,7.793094,-0.021515,-0.021272,14.939890,14244,0.001424,0.074246,78410,32129,17769,11061,7633,5502,4308,3341,28566,1,1,1,1
23.0000,8901,1,1,99943,1,191804,0.521071,3,4,17,166,1490844,27.93188,0.00234,2.39267,0.00380,0,1,3,1.857353,1.687071,1.687071,-0.229388,-0.229318,14.732222,8903,0.015566,0.047060,79696,32591,17681,11302,7854,5724,4363,3481,29111,1,1,1,1
23.9000,8901,1,1,101985,1,195702,0.521127,27,2,27,63,636239,28.55565,0.00234,2.39267,0.00380,0,1,3,1.767171,1.414099,1.414099,-0.541260,-0.541196,14.419886,893,0.037531,0.004823,81077,33510,18116,11534,7844,5681,4434,3463,30042,1,1,1,1
22.3500,8913,1,1,98100,0,188467,0.520518,1,1593,1593,1593,55770,27.48038,0.00132,2.38666,0.00424,1,1,2,1.310314,1.000000,571.240997,-0.005386,-0.005356,14.956052,14712,0.000358,0.076499,78128,32275,17533,11054,7659,5458,4319,3419,28621,1,1,1,1
22.4000,8913,1,1,98587,1,188943,0.521784,4,19,19,1086,139054,27.51507,0.00132,2.38666,0.00424,0,0,3,3.213188,3.010775,3.010775,-0.022434,-0.022303,14.938935,14262,0.001493,0.074244,78496,32058,17382,11037,7831,5590,4302,3427,28819,1,1,1,1
23.0000,8913,1,1,100012,0,191899,0.521173,4,2,39,45,402580,27.93097,0.00132,2.38666,0.00424,1,1,3,1.327672,1.000000,1.043421,-0.230327,-0.230295,14.731120,8914,0.015633,0.047059,80091,32224,17841,11296,7766,5598,4336,3455,29291,1,1,1,1
23.9000,8913,1,1,102218,0,195950,0.521656,3,42,42,2073,159942,28.55475,0.00132,2.38666,0.00424,1,1,2,1.040663,1.000000,1.819129,-0.542246,-0.542241,14.418941,893,0.037606,0.004816,81095,33441,18053,11439,7895,5921,4466,3522,30117,1,1,1,1
22.3500,8925,1,1,98089,1,188447,0.520515,74,24,74,74,1135947,27.47396,0.00343,2.38176,0.00461,0,0,3,1.052546,1.039181,1.039181,-0.007172,-0.007166,14.953890,14728,0.000479,0.076490,78212,31812,17586,11086,7695,5607,4347,3320,28781,1,1,1,1
22.4000,8925,1,1,98144,0,188526,0.520589,5,23,23,35,1024891,27.50868,0.00343,2.38176,0.00461,1,1,2,1.413962,1.000000,12.032046,-0.024667,-0.024628,14.936836,14281,0.001649,0.074254,78235,31990,17447,11208,7510,5662,4305,3400,28768,1,1,1,1
23.0000,8925,1,1,99786,0,192176,0.519245,3,7,7,23,7839359,27.92457,0.00343,2.38176,0.00461,1,1,2,1.171047,1.000000,1.425837,-0.232491,-0.232474,14.728866,8927,0.015784,0.047071,79690,32603,17914,11446,7817,5833,4404,3424,29044,1,1,1,1
23.9000,8925,1,1,102628,0,196813,0.521452,5,3,194,194,248210,28.54836,0.00343,2.38176,0.00461,1,1,2,1.356253,1.000000,1.698654,-0.544397,-0.544363,14.417132,902,0.037758,0.004859,81591,33682,18118,11698,7934,5814,4510,3504,29961,1,1,1,1
22.3500,8937,1,1,98173,1,188493,0.520834,1,2,849,1183,519764,27.47881,0.00132,2.37581,0.00525,0,0,3,1.650040,1.191866,1.191866,-0.005797,-0.005741,14.955699,14746,0.000384,0.076472,78227,31874,17366,11247,7629,5522,4257,3423,28947,1,1,1,1
22.4000,8937,1,1,98665,1,189319,0.521160,1,3,39,39,358059,27.51348,0.00132,2.37581,0.00525,0,1,3,1.556371,1.430471,1.430471,-0.023139,-0.023090,14.938445,14302,0.001546,0.074255,78496,32282,17520,11219,7836,5530,4309,3408,28718,1,1,1,1
23.0000,8937,1,1,99906,0,192184,0.519848,10,2,87,87,197858,27.92943,0.00132,2.37581,0.00525,1,1,3,1.400014,1.000000,1.095501,-0.231100,-0.231062,14.730419,8937,0.015686,0.047055,79773,32423,17861,11491,7736,5642,4318,3427,29512,1,1,1,1
23.9000,8937,1,1,102589,1,196913,0.520989,2,561,561,561,659016,28.55324,0.00132,2.37581,0.00525,0,0,3,1.487111,1.116364,1.116364,-0.543002,-0.542958,14.418460,895,0.037657,0.004814,81694,33454,18139,11544,7962,5873,4506,3598,30142,1,1,1,1
22.3500,8949,1,1,98642,0,189338,0.520986,6,24,24,43,49789,27.48190,0.00132,2.37599,0.00562,1,1,2,1.301046,1.000000,8.505305,-0.004426,-0.004397,14.957008,14763,0.000294,0.076451,78623,32126,17563,11181,7749,5533,4286,3452,28824,1,1,1,1
22.4000,8949,1,1,98636,0,188927,0.522088,1,3,175,206,2370218,27.51652,0.00132,2.37599,0.00562,1,1,3,1.206411,1.000000,1.042437,-0.021619,-0.021598,14.939763,14319,0.001446,0.074237,78327,31948,17371,11186,7653,5737,4326,3372,29006,1,1,1,1
23.0000,8949,1,1,100683,1,193028,0.521601,1,18,29,77,12631590,27.93245,0.00132,2.37599,0.00562,0,1,3,4.127288,3.811482,3.811482,-0.229660,-0.229501,14.732033,8946,0.015578,0.047035,80301,32701,17943,11204,7846,5904,4342,3444,29342,1,1,1,1
23.9000,8949,1,1,102798,0,197406,0.520747,21,2,21,44,642083,28.55628,0.00132,2.37599,0.00562,1,1,3,1.389938,1.000000,1.374278,-0.541516,-0.541479,14.419965,892,0.037551,0.004791,82099,33465,18388,11636,7861,5899,4472,3515,30070,1,1,1,1
22.3500,8961,1,1,98847,1,189455,0.521747,2,9,65,65,3074062,27.47683,0.00369,2.37251,0.00439,0,1,3,6.342235,5.010582,5.010582,-0.005730,-0.005524,14.955686,14791,0.000369,0.076500,78667,32106,17577,11178,7759,5604,4197,3382,28984,1,1,1,1
22.4000,8961,1,1,99285,1,190226,0.521935,1,5,20,54,152921,27.51148,0.00369,2.37251,0.00439,0,1,3,3.882670,3.103146,3.103146,-0.023029,-0.022878,14.938650,14345,0.001531,0.074278,79078,32228,17708,11148,7872,5604,4277,3370,28940,1,1,1,1
23.0000,8961,1,1,100507,1,193151,0.520357,1,17,932,932,313819,27.92740,0.00369,2.37251,0.00439,0,1,3,8.418389,7.343555,7.343555,-0.231038,-0.230800,14.730740,8967,0.015668,0.047086,80205,32838,17967,11351,7869,5702,4259,3438,29521,1,1,1,1
23.9000,8961,1,1,103013,1,197605,0.521310,2,6,9,89,417315,28.55116,0.00369,2.37251,0.00439,0,1,3,3.820005,3.175707,3.175707,-0.542872,-0.542722,14.418551,902,0.037641,0.004839,82020,33489,18579,11573,7913,5938,4469,3466,30157,1,1,1,1
22.3500,8973,1,1,98894,0,189960,0.520607,1,1,6,37,363492,27.47813,0.00214,2.37623,0.00558,1,1,3,1.380731,1.000000,1.062840,-0.005748,-0.005712,14.955727,14808,0.000382,0.076485,78832,32206,17770,11112,7824,5669,4370,3336,28840,1,1,1,1
22.4000,8973,1,1,99252,0,190544,0.520890,1,2,144,144,541060,27.51281,0.00214,2.37623,0.00558,1,1,2,1.391473,1.000000,1.624451,-0.023114,-0.023077,14.938368,14358,0.001545,0.074247,79334,32389,17579,11240,7762,5726,4358,3316,28839,1,1,1,1
23.0000,8973,1,1,101216,0,193793,0.522292,1,10,12,45,151434,27.92871,0.00214,2.37623,0.00558,1,1,2,1.154940,1.000000,1.887235,-0.231075,-0.231059,14.730272,8974,0.015686,0.047061,80688,32905,18063,11317,7915,5898,4257,3494,29255,1,1,1,1
23.9000,8973,1,1,102891,1,197938,0.519817,7,1,23,25,203100,28.55249,0.00214,2.37623,0.00558,0,1,3,1.194753,1.074537,1.074537,-0.542927,-0.542907,14.418369,900,0.037654,0.004822,82116,33880,18143,11547,7880,6114,4522,3576,30159,1,1,1,1
22.3500,8985,1,1,98934,0,189827,0.521183,2,1,7416,7416,672547,27.48286,0.00131,2.37487,0.00504,1,0,3,1.403406,1.000000,1.009214,-0.003776,-0.003739,14.957742,14827,0.000250,0.076471,78704,32089,17599,11102,7943,5681,4343,3381,28984,1,1,1,1
22.4000,8985,1,1,99598,0,190537,0.522725,3,2,79,79,314526,27.51758,0.00131,2.37487,0.00504,1,1,2,1.414004,1.000000,1.513917,-0.021158,-0.021119,14.940350,14377,0.001414,0.074236,78839,32509,17896,11281,7774,5568,4332,3502,28835,1,1,1,1
23.0000,8985,1,1,100712,0,192997,0.521835,1,244,244,244,94387,27.93347,0.00131,2.37487,0.00504,1,1,2,1.065957,1.000000,16.694749,-0.229236,-0.229229,14.732010,8987,0.015560,0.047061,80005,32406,18031,11495,7787,5870,4417,3504,29481,1,1,1,1
23.9000,8985,1,1,103235,1,198216,0.520823,1,13,19,384,214778,28.55726,0.00131,2.37487,0.00504,0,1,3,2.108425,1.585699,1.573127,-0.540999,-0.540916,14.420586,901,0.037510,0.004820,82201,33556,18542,11738,8121,5955,4498,3529,30075,1,1,1,1
22.3500,8997,1,1,99206,0,190492,0.520791,1,3,64,109,3316227,27.48235,0.00146,2.37654,0.00391,1,0,2,1.361945,1.000000,1.746862,-0.003974,-0.003940,14.957555,14843,0.000263,0.076452,79152,32253,17701,11379,7800,5668,4329,3325,28884,1,1,1,1
22.4000,8997,1,1,99065,1,190112,0.521090,1,25,25,199,284101,27.51702,0.00146,2.37654,0.00391,0,1,3,1.269455,1.004337,1.004337,-0.021276,-0.021249,14.940264,14395,0.001422,0.074230,78904,32213,17809,11111,7479,5623,4359,3390,29223,1,1,1,1
23.0000,8997,1,1,101065,1,194244,0.520302,2,4,18,22,124702,27.93297,0.00146,2.37654,0.00391,0,1,3,1.685104,1.493998,1.493998,-0.229274,-0.229216,14.732315,8997,0.015559,0.047049,80670,33169,18060,11310,8066,5704,4418,3559,29287,1,1,1,1
23.9000,8997,1,1,103249,1,198296,0.520684,12,120,120,120,167577,28.55678,0.00146,2.37654,0.00391,0,1,3,75.170285,58.662687,58.662687,-0.541384,-0.540903,14.419850,900,0.037511,0.004808,82203,33715,18422,11555,8126,5993,4601,3575,30105,1,1,1,1
22.3500,9009,1,1,99766,0,191092,0.522086,2,2,116,116,170157,27.48368,0.00131,2.38046,0.00376,1,0,2,1.381872,1.000000,1.459919,-0.003435,-0.003399,14.958090,14866,0.000227,0.076466,79596,32525,17692,11399,7791,5537,4294,3368,28889,1,1,1,1
22.4000,9009,1,1,99492,0,190790,0.521477,1,31,137,137,195359,27.51830,0.00131,2.38046,0.00376,1,1,2,1.240003,1.000000,8.745519,-0.020848,-0.020824,14.940555,14417,0.001394,0.074243,79045,32395,17852,11254,7862,5788,4270,3409,28914,1,1,1,1
23.0000,9009,1,1,100991,1,193424,0.522125,2,40,40,167,921283,27.93424,0.00131,2.38046,0.00376,0,1,3,1.499796,1.421629,1.421629,-0.228714,-0.228669,14.732869,9011,0.015521,0.047058,80129,32806,17827,11366,7949,5900,4448,3379,29619,1,1,1,1
23.9000,9009,1,1,103326,0,198623,0.520214,14,2,14,19,2817076,28.55806,0.00131,2.38046,0.00376,1,1,3,1.381502,1.000000,1.105428,-0.540609,-0.540573,14.420917,904,0.037485,0.004823,82400,33778,18431,11821,8020,5852,4551,3621,30148,1,1,1,1
22.3500,9021,1,1,99516,0,191012,0.520996,1,6,11,48,481995,27.47949,0.00131,2.37590,0.00406,1,1,2,1.354081,1.000000,3.151818,-0.005562,-0.005528,14.955969,14886,0.000370,0.076478,79556,32415,17558,11040,7799,5696,4315,3490,29142,1,1,1,1
22.4000,9021,1,1,99776,0,191184,0.521887,14,427,427,427,523507,27.51414,0.00131,2.37590,0.00406,1,1,2,1.275261,1.000000,133.890223,-0.023096,-0.023069,14.938326,14432,0.001544,0.074233,79298,32768,17738,11289,7670,5606,4253,3427,29134,1,1,1,1
23.0000,9021,1,1,101178,0,194558,0.520043,1,5,16,107,398463,27.93006,0.00131,2.37590,0.00406,1,1,3,1.158826,1.000000,1.033688,-0.230786,-0.230770,14.730565,9019,0.015666,0.047045,80868,32758,18526,11514,7765,5780,4323,3552,29471,1,1,1,1
23.9000,9021,1,1,103492,0,198910,0.520298,1,76,76,76,222912,28.55382,0.00131,2.37590,0.00406,1,1,2,1.213796,1.000000,18.177219,-0.542827,-0.542805,14.418715,900,0.037646,0.004796,82626,33929,18350,11647,8117,5888,4518,3561,30273,1,1,1,1
22.3500,9033,1,1,99307,1,190879,0.520264,1,1,22,70,1915972,27.47898,0.00227,2.36908,0.00455,0,0,3,1.320218,1.003418,1.003418,-0.005255,-0.005224,14.956188,14904,0.000349,0.076467,79513,32050,17812,11389,7645,5640,4283,3424,29122,1,1,1,1
22.4000,9033,1,1,99957,1,191399,0.522247,5,1,13,451,779373,27.51366,0.00227,2.36908,0.00455,0,1,3,1.383426,1.071301,1.071301,-0.022601,-0.022565,14.938720,14450,0.001511,0.074225,79359,32597,17613,11457,7822,5533,4285,3511,29221,1,1,1,1
23.0000,9033,1,1,101394,0,194398,0.521582,4,2,28,328,602690,27.92956,0.00227,2.36908,0.00455,1,1,3,1.406472,1.000000,1.376010,-0.230569,-0.230531,14.730948,9030,0.015649,0.047038,80603,32986,17865,11624,7996,5849,4454,3464,29556,1,1,1,1
23.9000,9033,1,1,104135,1,199924,0.520876,7,4,26,26,452899,28.55334,0.00227,2.36908,0.00455,0,1,3,2.191616,1.715381,1.715381,-0.542471,-0.542384,14.419128,901,0.037616,0.004795,83143,33907,18619,11909,8198,5942,4475,3521,30209,1,1,1,1
22.3500,9045,1,1,99825,1,191629,0.520931,2,2,11,136,153796,27.47054,0.00265,2.36018,0.00391,0,0,3,1.594328,1.278568,1.278568,-0.009280,-0.009229,14.952155,14919,0.000617,0.076463,79461,32820,17905,11214,7899,5638,4322,3406,28963,1,1,1,1
22.4000,9045,1,1,99919,1,191597,0.521509,1,30,30,75,527037,27.50526,0.00265,2.36018,0.00391,0,1,3,13.221695,11.674731,11.674731,-0.026761,-0.026475,14.934766,14465,0.001773,0.074223,79306,32740,17576,11305,7840,5701,4529,3492,29107,1,1,1,1
23.0000,9045,1,1,101302,0,194441,0.520994,1,4,38,38,111359,27.92114,0.00265,2.36018,0.00391,1,1,2,1.407117,1.000000,2.579730,-0.234621,-0.234583,14.726873,9038,0.015929,0.047030,80484,33095,18015,11475,7838,5872,4403,3510,29748,1,1,1,1
23.9000,9045,1,1,103483,1,199257,0.519347,2,6,13,116,1802842,28.54494,0.00265,2.36018,0.00391,0,1,3,1.916080,1.814464,1.814464,-0.546498,-0.546426,14.415113,898,0.037906,0.004774,82492,33892,18673,11516,8063,5994,4638,3634,30354,1,1,1,1
22.3500,9057,1,1,99309,1,191091,0.519698,3,15,105,105,5919129,27.47338,0.00167,2.36761,0.00421,0,0,3,2.542681,2.238144,2.238144,-0.008367,-0.008264,14.953056,14949,0.000553,0.076511,79116,32569,17852,11022,7891,5551,4312,3557,29220,1,1,1,1
22.4000,9057,1,1,99820,0,191294,0.521817,3,9,51,143,387529,27.50804,0.00167,2.36761,0.00421,1,1,2,1.149693,1.000000,1.653173,-0.025683,-0.025667,14.935662,14495,0.001719,0.074274,78992,32632,17824,11490,7775,5601,4282,3343,29354,1,1,1,1
23.0000,9057,1,1,101548,0,194771,0.521374,2,5,467,467,179690,27.92399,0.00167,2.36761,0.00421,1,1,2,1.309884,1.000000,1.978033,-0.233669,-0.233639,14.727772,9065,0.015864,0.047106,80774,33048,18226,11424,7863,5748,4417,3513,29757,1,1,1,1
23.9000,9057,1,1,103849,1,200060,0.519092,1,2,14,58,478646,28.54780,0.00167,2.36761,0.00421,0,0,3,1.404309,1.011296,1.011296,-0.545535,-0.545498,14.415947,911,0.037840,0.004836,83168,34081,18751,11669,8022,5962,4478,3653,30275,1,1,1,1
22.3500,9069,1,1,99957,1,191456,0.522091,1,20,71,71,163950,27.47854,0.00179,2.37181,0.00478,0,1,3,7.676630,6.896331,6.896331,-0.005851,-0.005627,14.955911,14966,0.000376,0.076482,79720,32339,17606,11297,7418,5746,4396,3534,29399,1,1,1,1
22.4000,9069,1,1,100276,0,192096,0.522013,3,3,7,214,126653,27.51316,0.00179,2.37181,0.00478,1,1,2,1.364141,1.000000,1.587594,-0.023080,-0.023046,14.938450,14512,0.001543,0.074249,79672,32628,17903,11320,7859,5679,4260,3452,29322,1,1,1,1
23.0000,9069,1,1,101558,0,195535,0.519388,3,4,20,20,363226,27.92909,0.00179,2.37181,0.00478,1,1,2,1.406159,1.000000,2.470347,-0.231073,-0.231035,14.730421,9070,0.015684,0.047061,80801,33228,18416,11758,8056,5871,4267,3543,29594,1,1,1,1
23.9000,9069,1,1,103785,1,199562,0.520067,1,33,443,443,2090933,28.55292,0.00179,2.37181,0.00478,0,1,3,17.889981,15.044054,15.044054,-0.543085,-0.542767,14.418443,915,0.037644,0.004850,82576,33711,18676,11726,8219,6004,4503,3557,30589,1,1,1,1
22.3500,9081,1,1,99903,1,191440,0.521853,3,5,66,90,288169,27.47811,0.00180,2.37283,0.00374,0,1,3,2.283479,2.033434,2.033434,-0.005977,-0.005886,14.955653,14983,0.000394,0.076469,79423,32253,17955,11203,7758,5696,4356,3474,29321,1,1,1,1
22.4000,9081,1,1,100281,1,192228,0.521680,3,2,79,100,209182,27.51276,0.00180,2.37283,0.00374,0,1,3,1.732042,1.281234,1.281234,-0.023278,-0.023218,14.938107,14530,0.001554,0.074244,79663,32454,18098,11429,7796,5692,4312,3510,29273,1,1,1,1
23.0000,9081,1,1,102204,0,195923,0.521657,1,12,44,45,457234,27.92868,0.00180,2.37283,0.00374,1,1,2,1.309186,1.000000,4.755455,-0.231310,-0.231281,14.730226,9083,0.015701,0.047066,81208,33386,18414,11553,8015,5969,4392,3539,29446,1,1,1,1
23.9000,9081,1,1,103910,0,199463,0.520951,1,3,5,75,814213,28.55245,0.00180,2.37283,0.00374,1,1,2,1.357484,1.000000,1.611917,-0.543132,-0.543098,14.418333,909,0.037667,0.004812,82374,33598,18803,11736,8176,6019,4591,3615,30550,1,1,1,1
22.3500,9093,1,1,100446,0,192832,0.520902,2,116,116,116,91476,27.48354,0.00137,2.37560,0.00449,1,1,2,1.259642,1.000000,34.256416,-0.003615,-0.003590,14.957925,15003,0.000240,0.076458,80137,32654,18207,11166,7868,5670,4423,3444,29262,1,1,1,1
22.4000,9093,1,1,100202,0,192961,0.519289,1,16,16,82,604452,27.51822,0.00137,2.37560,0.00449,1,1,2,1.207999,1.000000,3.988770,-0.020839,-0.020818,14.940548,14551,0.001393,0.074241,80449,32717,17800,11331,7810,5769,4293,3533,29258,1,1,1,1
23.0000,9093,1,1,101987,1,195448,0.521814,28,8,63,74,786847,27.93413,0.00137,2.37560,0.00449,0,0,3,1.643486,1.608775,1.608775,-0.228740,-0.228685,14.732437,9092,0.015523,0.047044,80920,33142,18234,11521,8018,5908,4364,3460,29880,1,1,1,1
23.9000,9093,1,1,104214,0,200155,0.520669,1,280,280,280,2290059,28.55791,0.00137,2.37560,0.00449,1,1,2,1.127044,1.000000,37.998016,-0.540804,-0.540791,14.420740,909,0.037501,0.004805,83043,33845,18768,11653,8201,5930,4509,3542,30663,1,1,1,1
22.3500,9105,1,1,100220,0,192123,0.521648,1,29,29,255,2040588,27.48949,0.00137,2.38504,0.00427,1,1,2,1.359202,1.000000,12.985667,-0.000570,-0.000536,14.960961,15023,0.000036,0.076444,79402,32726,17817,11314,7833,5816,4330,3501,29383,1,1,1,1
22.4000,9105,1,1,100677,1,193146,0.521251,2,5,11,29,846017,27.52421,0.00137,2.38504,0.00427,0,1,3,3.714998,2.828782,2.828782,-0.017843,-0.017699,14.943584,14567,0.001184,0.074210,80444,32624,18004,11316,7806,5785,4405,3447,29314,1,1,1,1
23.0000,9105,1,1,102570,0,196565,0.521815,2,3,13,58,149343,27.94010,0.00137,2.38504,0.00427,1,1,3,1.237172,1.000000,1.065817,-0.225733,-0.225710,14.735671,9104,0.015317,0.047034,81759,33502,18278,11554,7896,5829,4514,3560,29672,1,1,1,1
23.9000,9105,1,1,104763,1,200970,0.521289,1,5,54,54,1619801,28.56389,0.00137,2.38504,0.00427,0,1,3,1.756230,1.243344,1.114775,-0.537631,-0.537569,14.423895,914,0.037269,0.004824,83640,34294,18504,11731,8172,5891,4559,3514,30664,1,1,1,1
22.3500,9117,1,1,100547,1,192752,0.521642,2,151,151,151,93634,27.48511,0.00174,2.37862,0.00444,0,1,3,55.575781,51.324213,51.324213,-0.002638,-0.002197,14.959347,15041,0.000147,0.076443,79959,32638,18005,11237,7903,5763,4405,3496,29345,1,1,1,1
22.4000,9117,1,1,100708,0,192625,0.522822,8,18,69,454,571712,27.51978,0.00174,2.37862,0.00444,1,1,2,1.068319,1.000000,1.284384,-0.019770,-0.019763,14.941485,14585,0.001323,0.074214,79579,32748,17973,11421,7844,5710,4518,3448,29383,1,1,1,1
23.0000,9117,1,1,102819,1,196680,0.522776,1,3,8,639,198359,27.93573,0.00174,2.37862,0.00444,0,1,3,2.231425,1.703061,1.703061,-0.227760,-0.227672,14.733835,9114,0.015452,0.047029,82134,33418,18115,11427,8009,5790,4425,3536,29825,1,1,1,1
23.9000,9117,1,1,104570,0,201068,0.520075,1,14,14,14,15896934,28.55954,0.00174,2.37862,0.00444,1,1,2,1.408318,1.000000,7.309477,-0.539745,-0.539707,14.421772,909,0.037423,0.004792,83464,34309,18651,11714,8222,5954,4594,3547,30612,1,1,1,1
22.3500,9129,1,1,100675,1,194000,0.518946,2,2,51,91,155386,27.48641,0.00144,2.38415,0.00446,0,1,3,1.716921,1.355581,1.355581,-0.001996,-0.001937,14.959440,15058,0.000129,0.076428,80987,33056,17957,11514,7831,5801,4340,3446,29067,1,1,1,1
22.4000,9129,1,1,101089,1,193140,0.523400,2,1,13,76,264363,27.52103,0.00144,2.38415,0.00446,0,0,3,1.455266,1.163389,1.163389,-0.019299,-0.019258,14.942130,14607,0.001289,0.074225,79879,32962,17947,11240,8039,5923,4431,3440,29278,1,1,1,1
23.0000,9129,1,1,103030,0,197368,0.522022,4,9,843,843,8604502,27.93696,0.00144,2.38415,0.00446,1,1,2,1.260571,1.000000,2.833535,-0.227317,-0.227292,14.734223,9125,0.015426,0.047023,82308,33532,18430,11514,7999,5853,4498,3506,29727,1,1,1,1
23.9000,9129,1,1,104561,1,201010,0.520181,2,961,961,961,126467,28.56079,0.00144,2.38415,0.00446,0,1,3,25.121782,25.077888,25.077888,-0.539350,-0.538996,14.422549,913,0.037372,0.004807,83117,34387,18591,11866,8285,5925,4492,3688,30658,1,1,1,1
22.3500,9141,1,1,100866,0,193308,0.521792,1,2,34,82,136765,27.48339,0.00129,2.38851,0.00379,1,1,3,1.399457,1.000000,1.266234,-0.003563,-0.003526,14.957927,15081,0.000236,0.076452,80166,32841,18024,11359,7983,5738,4413,3454,29329,1,1,1,1
22.4000,9141,1,1,100853,1,193594,0.520954,3,3,5,48,2373545,27.51805,0.00129,2.38851,0.00379,0,1,3,2.596557,1.967975,1.967975,-0.020914,-0.020809,14.940708,14624,0.001393,0.074221,80474,33011,17697,11502,7788,5756,4437,3415,29513,1,1,1,1
23.0000,9141,1,1,102531,1,196789,0.521023,1,108,293,293,344839,27.93396,0.00129,2.38851,0.00379,0,1,3,16.511725,15.650458,15.650458,-0.228987,-0.228680,14.732538,9141,0.015522,0.047049,81683,33406,18250,11623,8007,5904,4508,3587,29820,1,1,1,1
23.9000,9141,1,1,105269,1,201912,0.521363,5,4,6,19,1178910,28.55773,0.00129,2.38851,0.00379,0,1,3,1.744782,1.245107,1.245107,-0.540726,-0.540665,14.420819,912,0.037492,0.004796,83806,34266,18808,11886,8125,6185,4591,3633,30611,1,1,1,1
22.3500,9153,1,1,100908,0,193556,0.521340,2,1,49,61,127121,27.48108,0.00190,2.38125,0.00405,1,1,3,1.413536,1.000000,1.191589,-0.004388,-0.004351,14.957123,15105,0.000291,0.076478,80387,32793,18110,11360,7772,5853,4411,3422,29447,1,1,1,1
22.4000,9153,1,1,101106,0,193526,0.522444,30,4,30,46,291294,27.51577,0.00190,2.38125,0.00405,1,1,2,1.402795,1.000000,2.052409,-0.021762,-0.021725,14.939730,14646,0.001454,0.074240,80252,32771,17944,11418,7883,5777,4469,3439,29572,1,1,1,1
23.0000,9153,1,1,102524,0,197089,0.520194,1,4,94,94,987352,27.93167,0.00190,2.38125,0.00405,1,1,2,1.297598,1.000000,1.763546,-0.229705,-0.229677,14.731732,9154,0.015591,0.047056,81883,33336,18407,11652,8016,5929,4387,3624,29854,1,1,1,1
23.9000,9153,1,1,104701,1,201231,0.520305,3,4,29,404,551502,28.55545,0.00190,2.38125,0.00405,0,1,3,1.896512,1.495351,1.495351,-0.541587,-0.541517,14.419997,917,0.037553,0.004816,83477,34035,18675,11586,8159,6037,4554,3685,31022,1,1,1,1
22.3500,9165,1,1,101517,1,194603,0.521665,1,2,13,1097,6074425,27.48250,0.00129,2.37424,0.00421,0,1,3,1.742425,1.379610,1.379610,-0.003983,-0.003922,14.957471,15123,0.000262,0.076467,81092,33053,18044,11423,8041,5740,4367,3528,29314,1,1,1,1
22.4000,9165,1,1,101400,0,194028,0.522608,2,199,199,199,906129,27.51721,0.00129,2.37424,0.00421,1,1,2,1.035712,1.000000,7.293580,-0.021434,-0.021430,14.939750,14661,0.001434,0.074219,80212,33211,18151,11473,7824,5641,4387,3407,29721,1,1,1,1
23.0000,9165,1,1,103206,0,197417,0.522784,4,130,130,130,351414,27.93310,0.00129,2.37424,0.00421,1,1,2,1.193955,1.000000,27.761785,-0.229451,-0.229432,14.731929,9163,0.015574,0.047040,82016,33498,18299,11494,8008,5839,4544,3540,30178,1,1,1,1
23.9000,9165,1,1,105272,0,202078,0.520950,1,7,7,137,371607,28.55689,0.00129,2.37424,0.00421,1,1,2,1.407220,1.000000,4.121406,-0.541244,-0.541207,14.420252,914,0.037531,0.004794,84233,34039,18660,11865,8332,5947,4635,3600,30766,1,1,1,1
22.3500,9177,1,1,101181,1,193927,0.521751,5,13,13,390,123141,27.48403,0.00121,2.37694,0.00370,0,1,3,5.063086,4.539585,4.539585,-0.003307,-0.003131,14.958408,15143,0.000209,0.076463,80414,32884,18209,11277,7745,5947,4512,3497,29441,1,1,1,1
22.4000,9177,1,1,101729,1,194864,0.522054,1,1,15,37,402877,27.51870,0.00121,2.37694,0.00370,0,0,3,1.905563,1.402344,1.402344,-0.020576,-0.020506,14.940928,14683,0.001372,0.074227,80889,33392,18037,11480,7838,5812,4436,3457,29522,1,1,1,1
23.0000,9177,1,1,102943,1,197135,0.522198,7,4,114,126,310425,27.93465,0.00121,2.37694,0.00370,0,1,3,2.329419,1.937601,1.937601,-0.228568,-0.228476,14.733047,9176,0.015508,0.047042,81325,33570,18620,11673,7847,5843,4667,3469,30120,1,1,1,1
23.9000,9177,1,1,105480,0,202741,0.520272,1,61,61,949,202926,28.55846,0.00121,2.37694,0.00370,1,1,2,1.249902,1.000000,17.481941,-0.540595,-0.540570,14.420947,917,0.037485,0.004803,84581,34592,18533,11956,8273,5792,4646,3499,30868,1,1,1,1
22.3500,9189,1,1,101044,0,193896,0.521127,2,5,58,58,1011628,27.48099,0.00136,2.37615,0.00524,1,1,2,1.264003,1.000000,1.844592,-0.004761,-0.004736,14.956659,15157,0.000317,0.076443,80004,33258,18066,11618,7778,5846,4362,3493,29470,1,1,1,1
22.4000,9189,1,1,101311,1,194242,0.521574,4,146,146,146,144594,27.51562,0.00136,2.37615,0.00524,0,0,3,4.131991,3.932663,3.932663,-0.022114,-0.021960,14.939259,14699,0.001470,0.074219,80364,32797,18024,11609,7850,5878,4455,3420,29844,1,1,1,1
23.0000,9189,1,1,103345,1,198233,0.521334,12,56,75,75,634868,27.93155,0.00136,2.37615,0.00524,0,1,3,5.834247,5.371636,5.371636,-0.230098,-0.229906,14.731631,9184,0.015606,0.047026,82393,33727,18328,11762,8023,5956,4523,3633,29887,1,1,1,1
23.9000,9189,1,1,105523,1,202554,0.520965,2,3,10,22,699934,28.55538,0.00136,2.37615,0.00524,0,1,3,2.238707,1.701687,1.701687,-0.541948,-0.541860,14.419469,918,0.037578,0.004802,84111,34141,18909,11794,8408,6115,4616,3679,30780,1,1,1,1
22.3500,9201,1,1,101661,1,194898,0.521614,3,172,172,172,2340638,27.47637,0.00128,2.37537,0.00377,0,1,3,34.191334,33.186629,33.186629,-0.007251,-0.006868,14.954677,15185,0.000459,0.076494,81125,32952,18215,11300,7845,5726,4498,3506,29730,1,1,1,1
22.4000,9201,1,1,101417,1,194614,0.521121,1,30,30,131,479891,27.51103,0.00128,2.37537,0.00377,0,1,3,17.692339,14.442264,14.442264,-0.024533,-0.024221,14.936933,14719,0.001622,0.074235,80634,33067,18009,11520,7883,5929,4418,3486,29667,1,1,1,1
23.0000,9201,1,1,103107,1,198007,0.520727,3,3,10,74,435884,27.92695,0.00128,2.37537,0.00377,0,1,3,2.020179,1.635118,1.635118,-0.232373,-0.232297,14.729236,9198,0.015771,0.047044,82225,33650,18471,11456,7988,5944,4520,3594,30158,1,1,1,1
23.9000,9201,1,1,105584,0,202456,0.521518,1,1,13,44,205693,28.55071,0.00128,2.37537,0.00377,1,0,3,1.406171,1.000000,1.080668,-0.544229,-0.544192,14.417267,918,0.037746,0.004797,83690,34516,18871,11904,8178,5989,4629,3650,31028,1,1,1,1
22.3500,9213,1,1,101862,0,194988,0.522404,1,23,193,1737,76322,27.47799,0.00128,2.37942,0.00549,1,1,2,1.224434,1.000000,6.131053,-0.006339,-0.006317,14.955061,15195,0.000422,0.076443,80864,33288,18033,11591,8013,5787,4352,3519,29540,1,1,1,1
22.4000,9213,1,1,101436,0,194586,0.521294,1,248,248,248,1032627,27.51267,0.00128,2.37942,0.00549,1,1,2,1.005837,1.000000,1.475890,-0.023603,-0.023602,14.937944,14734,0.001580,0.074209,80697,32982,18126,11484,7943,5805,4437,3465,29646,1,1,1,1
23.0000,9213,1,1,103333,1,198428,0.520761,21,28,28,28,325201,27.92857,0.00128,2.37942,0.00549,0,1,3,1.213637,1.094872,1.094872,-0.231539,-0.231518,14.730017,9208,0.015717,0.047031,82326,33596,18566,11722,7965,5959,4540,3618,30135,1,1,1,1
23.9000,9213,1,1,106172,0,203460,0.521835,2,13,35,35,680410,28.55235,0.00128,2.37942,0.00549,1,0,2,1.074593,1.000000,1.134289,-0.543428,-0.543420,14.418118,915,0.037690,0.004775,84547,34725,19081,11697,8245,6017,4652,3666,30829,1,1,1,1
22.3500,9225,1,1,101485,1,194474,0.521846,1,24,24,313,1125685,27.47936,0.00195,2.37969,0.00440,0,1,3,16.267946,12.357266,12.357266,-0.005339,-0.005037,14.956136,15223,0.000337,0.076479,80618,32648,18075,11563,7937,5866,4452,3552,29762,1,1,1,1
22.4000,9225,1,1,102228,0,195849,0.521976,1,10,10,67,124301,27.51408,0.00195,2.37969,0.00440,1,0,2,1.250203,1.000000,3.099775,-0.022621,-0.022597,14.938921,14761,0.001513,0.074243,81106,33492,18234,11503,8058,6017,4485,3529,29424,1,1,1,1
23.0000,9225,1,1,103216,0,198436,0.520150,1,7,18,6091,268847,27.92996,0.00195,2.37969,0.00440,1,0,2,1.226146,1.000000,1.934883,-0.230540,-0.230517,14.731003,9227,0.015648,0.047064,82145,33837,18667,11569,7985,5906,4488,3584,30254,1,1,1,1
23.9000,9225,1,1,106396,0,204331,0.520707,7,15,15,44,161920,28.55376,0.00195,2.37969,0.00440,1,0,2,1.106783,1.000000,1.736404,-0.542431,-0.542420,14.419115,924,0.037618,0.004815,85234,34870,18968,12035,8268,5777,4681,3588,30909,1,1,1,1
22.3500,9237,1,1,101822,0,194878,0.522494,1,21,21,33,1993608,27.47579,0.00194,2.38096,0.00421,1,1,2,1.144895,1.000000,3.412830,-0.007043,-0.007028,14.954304,15241,0.000470,0.076479,80657,33158,18321,11369,7936,5784,4487,3475,29690,1,1,1,1
22.4000,9237,1,1,101712,0,195403,0.520527,1,8,68,72,109624,27.51046,0.00194,2.38096,0.00421,1,1,2,1.414054,1.000000,4.447760,-0.024392,-0.024354,14.937119,14777,0.001630,0.074236,81003,33292,18165,11511,8117,5796,4448,3509,29561,1,1,1,1
23.0000,9237,1,1,103378,0,198554,0.520657,1,9,9,27,691566,27.92641,0.00194,2.38096,0.00421,1,0,2,1.257164,1.000000,2.958667,-0.232344,-0.232319,14.729198,9234,0.015773,0.047044,81986,33908,18540,11651,8074,5936,4572,3598,30288,1,1,1,1
23.9000,9237,1,1,105927,1,203496,0.520539,7,2,7,15,862572,28.55022,0.00194,2.38096,0.00421,0,1,3,1.711345,1.243021,1.243021,-0.544202,-0.544144,14.417088,921,0.037743,0.004794,84634,34728,18404,12146,8278,6066,4602,3642,30995,1,1,1,1
22.3500,9249,1,1,101912,0,195187,0.522128,1,2,53,53,283637,27.47353,0.00142,2.37582,0.00330,1,0,3,1.250719,1.000000,1.021329,-0.008420,-0.008396,14.953122,15262,0.000561,0.076491,80919,33011,18065,11499,8093,5798,4514,3482,29805,1,1,1,1
22.4000,9249,1,1,102125,1,195599,0.522117,2,7,20,84,512065,27.50816,0.00142,2.37582,0.00330,0,0,3,2.879714,2.529753,2.529753,-0.025785,-0.025671,14.935657,14800,0.001719,0.074262,80691,33229,18201,11661,8081,5971,4520,3573,29671,1,1,1,1
23.0000,9249,1,1,103805,1,199252,0.520976,2,4,171,171,301191,27.92409,0.00142,2.37582,0.00330,0,1,3,3.179894,2.257044,2.257044,-0.233746,-0.233621,14.727924,9250,0.015862,0.047069,82656,33968,18640,11719,8104,5788,4566,3574,30236,1,1,1,1
23.9000,9249,1,1,106453,1,203808,0.522323,3,47,51,484,3817943,28.54791,0.00142,2.37582,0.00330,0,0,3,1.740769,1.448067,1.448067,-0.545634,-0.545574,14.415793,926,0.037846,0.004814,84459,34521,19044,12118,8291,6093,4656,3678,30947,1,1,1,1
22.3500,9261,1,1,101803,1,195652,0.520330,5,2,9,27,442919,27.46832,0.00243,2.36962,0.00375,0,1,3,1.462954,1.099820,1.099820,-0.010515,-0.010474,14.951032,15283,0.000701,0.076508,80972,33363,18117,11526,7969,5833,4572,3483,29816,1,1,1,1
22.4000,9261,1,1,102228,0,196563,0.520080,1,1,198,198,78896,27.50298,0.00243,2.36962,0.00375,1,1,3,1.410660,1.000000,1.355044,-0.027851,-0.027814,14.933650,14819,0.001863,0.074271,81416,33653,18261,11567,7953,5938,4565,3469,29740,1,1,1,1
23.0000,9261,1,1,104063,1,199332,0.522061,1,1,7,88,208456,27.91889,0.00243,2.36962,0.00375,0,1,3,1.339218,1.044986,1.044986,-0.235797,-0.235765,14.725748,9262,0.016010,0.047076,82696,33873,18556,11828,8162,5901,4553,3542,30220,1,1,1,1
23.9000,9261,1,1,106438,0,204518,0.520436,5,88,88,88,198633,28.54266,0.00243,2.36962,0.00375,1,1,2,1.144465,1.000000,13.751229,-0.547819,-0.547805,14.413528,928,0.038006,0.004819,84914,35081,19066,11966,8346,5932,4469,3707,31036,1,1,1,1
22.3500,9273,1,1,102328,0,196117,0.521773,1,2,13,151,2800118,27.47277,0.00135,2.36907,0.00372,1,0,3,1.359308,1.000000,1.221924,-0.008826,-0.008793,14.952706,15300,0.000588,0.076485,81180,33433,18358,11502,7971,5742,4482,3588,29860,1,1,1,1
22.4000,9273,1,1,102345,1,195708,0.522950,2,59,59,141,300957,27.50745,0.00135,2.36907,0.00372,0,1,3,6.315696,5.884476,5.884476,-0.026253,-0.026054,14.935485,14836,0.001744,0.074251,80857,33369,18296,11433,8030,5832,4501,3445,29944,1,1,1,1
23.0000,9273,1,1,103850,0,199283,0.521121,1,6,15,49,156979,27.92335,0.00135,2.36907,0.00372,1,1,2,1.364252,1.000000,2.985504,-0.234168,-0.234134,14.727304,9274,0.015898,0.047071,82611,33904,18492,11621,8088,5800,4544,3552,30670,1,1,1,1
23.9000,9273,1,1,106785,1,205216,0.520357,1,6,28,38,7842366,28.54713,0.00135,2.36907,0.00372,0,0,3,2.637020,1.942170,1.942170,-0.546033,-0.545929,14.415506,927,0.037871,0.004807,85359,35068,19226,12005,8294,6220,4562,3556,30925,1,1,1,1
22.3500,9285,1,1,102599,1,196735,0.521511,6,2,6,127,147322,27.47512,0.00206,2.37211,0.00398,0,1,3,1.420320,1.203708,1.203708,-0.007271,-0.007233,14.954299,15318,0.000484,0.076468,81703,33394,18379,11548,8058,5922,4494,3547,29689,1,1,1,1
22.4000,9285,1,1,102319,1,196502,0.520705,3,20,32,32,288735,27.50984,0.00206,2.37211,0.00398,0,0,3,2.548910,2.283197,2.283197,-0.024666,-0.024566,14.936745,14853,0.001645,0.074234,81456,33405,18300,11663,7984,5968,4376,3472,29877,1,1,1,1
23.0000,9285,1,1,104115,1,199699,0.521362,1,5,5,75,220292,27.92572,0.00206,2.37211,0.00398,0,1,3,1.568472,1.306550,1.306550,-0.232580,-0.232532,14.728993,9282,0.015787,0.047045,82675,34094,18771,11837,8019,5881,4418,3596,30407,1,1,1,1
23.9000,9285,1,1,106958,0,205786,0.519756,1,1,30,214,450771,28.54952,0.00206,2.37211,0.00398,1,0,3,1.409471,1.000000,1.144321,-0.544465,-0.544429,14.417035,926,0.037763,0.004795,85766,35220,19119,12104,8279,6084,4676,3571,30966,1,1,1,1
22.3500,9297,1,1,103137,1,197476,0.522279,1,4,19,122,211964,27.47065,0.00265,2.36859,0.00413,0,1,3,2.070153,1.474969,1.451030,-0.009210,-0.009132,14.952327,15338,0.000611,0.076479,82225,33482,18438,11574,8145,5952,4507,3446,29706,1,1,1,1
22.4000,9297,1,1,102458,0,196270,0.522028,1,5,6,659,243418,27.50532,0.00265,2.36859,0.00413,1,1,2,1.187842,1.000000,1.221989,-0.026538,-0.026519,14.934842,14873,0.001776,0.074247,81246,33538,18072,11454,7806,5935,4551,3575,30092,1,1,1,1
23.0000,9297,1,1,104643,1,200689,0.521421,3,20,20,131,445118,27.92126,0.00265,2.36859,0.00413,0,1,3,4.939858,4.607579,4.607579,-0.234583,-0.234412,14.726826,9294,0.015917,0.047052,83611,34183,18706,11686,8101,5832,4613,3497,30459,1,1,1,1
23.9000,9297,1,1,106741,1,205038,0.520594,1,327,327,327,466201,28.54507,0.00265,2.36859,0.00413,0,1,3,2.384173,1.723051,1.449476,-0.546426,-0.546333,14.415161,930,0.037900,0.004810,85304,34692,18961,12026,8283,6085,4664,3804,31218,1,1,1,1
22.3500,9309,1,1,102876,0,196850,0.522614,2,4,26,89,232214,27.48255,0.00339,2.36761,0.00427,1,1,2,1.414112,1.000000,2.452878,-0.002978,-0.002940,14.958531,15359,0.000197,0.076453,81396,33620,18299,11674,8064,5962,4620,3591,29623,1,1,1,1
22.4000,9309,1,1,103154,0,197796,0.521520,9,4,46,46,59573,27.51717,0.00339,2.36761,0.00427,1,0,3,1.264887,1.000000,1.294907,-0.020254,-0.020228,14.941288,14894,0.001354,0.074224,82541,33247,18471,11575,7934,6020,4469,3532,30006,1,1,1,1
23.0000,9309,1,1,104331,1,200437,0.520520,1,1,1137,1137,665206,27.93311,0.00339,2.36761,0.00427,0,0,3,1.458496,1.038357,1.038357,-0.228209,-0.228168,14.733291,9312,0.015487,0.047061,82948,34100,18734,11815,8075,6129,4578,3544,30513,1,1,1,1
23.9000,9309,1,1,107550,0,205625,0.523042,1,12,30,101,283015,28.55693,0.00339,2.36761,0.00427,1,1,2,1.197049,1.000000,2.947001,-0.540178,-0.540159,14.421207,934,0.037456,0.004822,85458,34795,18980,12223,8312,6138,4677,3590,31451,1,1,1,1
22.3500,9321,1,1,102896,0,197858,0.520052,1,102,102,102,1566332,27.48323,0.00141,2.36761,0.00418,1,1,2,1.012663,1.000000,1.324141,-0.003577,-0.003576,14.957502,15377,0.000239,0.076450,82550,33392,18486,11630,8097,5854,4360,3486,30002,1,1,1,1
22.4000,9321,1,1,103097,1,197831,0.521139,7,3,150,150,2295764,27.51789,0.00141,2.36761,0.00418,0,1,3,2.230235,1.762291,1.762291,-0.020919,-0.020833,14.940383,14911,0.001394,0.074218,82154,33702,18429,11629,8019,5837,4551,3506,30003,1,1,1,1
23.0000,9321,1,1,104521,1,200589,0.521073,1,1,10,87,177378,27.93380,0.00141,2.36761,0.00418,0,0,3,1.485206,1.060932,1.060932,-0.228851,-0.228808,14.732729,9318,0.015531,0.047033,83348,33865,18801,11662,8094,5943,4570,3615,30690,1,1,1,1
23.9000,9321,1,1,107590,0,206503,0.521012,4,6,7,175,83879,28.55757,0.00141,2.36761,0.00418,1,1,2,1.176440,1.000000,1.419032,-0.540746,-0.540729,14.420626,930,0.037497,0.004796,85944,35111,19184,12047,8505,6206,4622,3707,31176,1,1,1,1
22.3500,9333,1,1,102752,0,196917,0.521806,1,3,137,137,3014058,27.48111,0.00434,2.36976,0.00433,1,1,3,1.214316,1.000000,1.188352,-0.003151,-0.003130,14.958394,15395,0.000209,0.076436,81438,33475,18203,11730,8102,5852,4566,3518,30032,1,1,1,1
22.4000,9333,1,1,102839,1,198099,0.519132,4,1,5,54,151819,27.51579,0.00434,2.36976,0.00433,0,1,3,1.294834,1.114033,1.114033,-0.020487,-0.020459,14.940884,14928,0.001369,0.074204,82272,33593,18517,11784,8070,5820,4548,3566,29928,1,1,1,1
23.0000,9333,1,1,104534,0,200706,0.520834,1,4,116,132,3319489,27.93170,0.00434,2.36976,0.00433,1,1,3,1.187688,1.000000,1.207139,-0.228445,-0.228427,14.732935,9329,0.015505,0.047027,83164,33959,18668,12172,8013,6000,4576,3561,30592,1,1,1,1
23.9000,9333,1,1,107473,1,205933,0.521886,1,2,66,66,1419684,28.55548,0.00434,2.36976,0.00433,0,1,3,1.715138,1.219968,1.025430,-0.540328,-0.540270,14.421191,929,0.037464,0.004784,85619,35034,19087,12102,8284,6118,4664,3763,31261,1,1,1,1
22.3500,9345,1,1,102954,0,197468,0.521373,1,3,236,236,61366,27.47956,0.00218,2.36451,0.00432,1,1,2,1.393492,1.000000,1.960314,-0.005019,-0.004983,14.956470,15421,0.000333,0.076477,81548,33980,18343,11678,8073,5776,4422,3514,30133,1,1,1,1
22.4000,9345,1,1,102901,1,198109,0.519419,4,2,15,49,121460,27.51428,0.00218,2.36451,0.00432,0,1,3,1.747662,1.265351,1.265351,-0.022352,-0.022292,14.939203,14953,0.001492,0.074242,82259,33830,18482,11357,7918,5678,4550,3587,30447,1,1,1,1
23.0000,9345,1,1,105104,0,201979,0.520374,1,3,4,28,84168,27.93016,0.00218,2.36451,0.00432,1,1,2,1.246332,1.000000,1.346743,-0.230296,-0.230273,14.731119,9347,0.015632,0.047063,84056,34349,19032,11769,8072,6107,4543,3576,30474,1,1,1,1
23.9000,9345,1,1,107811,1,206826,0.521267,15,405,405,405,429920,28.55396,0.00218,2.36451,0.00432,0,1,3,79.417418,77.161269,77.161269,-0.542414,-0.541946,14.419601,937,0.037584,0.004820,86281,35039,19225,12183,8384,6020,4710,3735,31248,1,1,1,1
22.3500,9357,1,1,102932,0,198082,0.519646,1,443,443,504,186863,27.48317,0.00141,2.36784,0.00479,1,1,2,1.067658,1.000000,31.064160,-0.003736,-0.003729,14.957528,15441,0.000249,0.076472,82278,33662,18478,11633,8099,5998,4499,3449,29985,1,1,1,1
22.4000,9357,1,1,103565,1,198712,0.521184,1,17,17,17,229333,27.51783,0.00141,2.36784,0.00479,0,1,3,12.897297,9.227748,9.227748,-0.021005,-0.020732,14.940810,14969,0.001388,0.074218,82763,33836,18423,11552,8018,5867,4413,3549,30290,1,1,1,1
23.0000,9357,1,1,105195,1,201910,0.521002,2,7,87,87,277932,27.93378,0.00141,2.36784,0.00479,0,1,3,4.742257,3.749665,3.749665,-0.228931,-0.228765,14.732774,9355,0.015528,0.047038,84078,34239,18584,11855,8311,6019,4498,3742,30583,1,1,1,1
23.9000,9357,1,1,107327,1,206013,0.520975,8,15,15,27,2131650,28.55759,0.00141,2.36784,0.00479,0,1,3,4.486712,4.018952,4.018952,-0.540840,-0.540679,14.420857,934,0.037493,0.004798,85385,34729,19226,12267,8436,6139,4748,3736,31346,1,1,1,1
22.3500,9369,1,1,103305,1,198200,0.521219,1,2,9,166,1398694,27.48217,0.00353,2.36142,0.00470,0,0,3,1.519944,1.084835,1.084835,-0.003053,-0.003009,14.958450,15456,0.000201,0.076444,82429,33561,18481,11441,8116,5949,4486,3558,30178,1,1,1,1
22.4000,9369,1,1,103432,0,198456,0.521186,1,3,112,221,1877667,27.51679,0.00353,2.36142,0.00470,1,0,2,1.266371,1.000000,1.361860,-0.020375,-0.020350,14.941167,14991,0.001362,0.074230,82518,33515,18601,11602,8115,5766,4497,3469,30372,1,1,1,1
23.0000,9369,1,1,105222,0,201994,0.520919,10,8,10,321,240308,27.93273,0.00353,2.36142,0.00470,1,1,2,1.410686,1.000000,4.080099,-0.228403,-0.228367,14.733099,9366,0.015500,0.047032,83979,34029,19009,11902,8266,5995,4577,3608,30628,1,1,1,1
23.9000,9369,1,1,107551,1,206711,0.520299,11,6,14,118,1014604,28.55655,0.00353,2.36142,0.00470,0,0,3,1.812280,1.731207,1.731207,-0.540269,-0.540206,14.421013,934,0.037460,0.004792,86022,34891,19183,12206,8376,6099,4638,3748,31547,1,1,1,1
22.3500,9381,1,1,103530,0,198386,0.521864,7,16,16,201,196731,27.48268,0.00234,2.36457,0.00401,1,1,2,1.409281,1.000000,8.269030,-0.003488,-0.003451,14.958032,15473,0.000231,0.076432,82350,33631,18404,11629,8244,5934,4510,3565,30118,1,1,1,1
22.4000,9381,1,1,104048,0,199350,0.521939,1,7,263,1287,589708,27.51733,0.00234,2.36457,0.00401,1,1,2,1.405558,1.000000,4.017980,-0.020776,-0.020740,14.940746,15003,0.001388,0.074196,82905,33786,18391,11834,8163,6020,4519,3612,30119,1,1,1,1
23.0000,9381,1,1,105730,0,202540,0.522023,2,5,60,60,421505,27.93325,0.00234,2.36457,0.00401,1,0,3,1.176457,1.000000,1.045505,-0.228663,-0.228645,14.732883,9374,0.015519,0.047013,84110,34414,18841,11980,8131,6079,4772,3574,30638,1,1,1,1
23.9000,9381,1,1,107955,1,206854,0.521892,1,53,53,172,4801329,28.55702,0.00234,2.36457,0.00401,0,1,3,1.560078,1.482336,1.482336,-0.540565,-0.540517,14.421025,934,0.037481,0.004785,85862,35146,18982,12307,8358,6244,4621,3661,31672,1,1,1,1
22.3500,9393,1,1,103382,0,198370,0.521160,5,3,16,123,891525,27.47488,0.00169,2.36497,0.00410,1,1,2,1.401682,1.000000,1.963038,-0.007619,-0.007583,14.953905,15501,0.000507,0.076494,82102,33522,18656,11735,8089,6014,4514,3546,30191,1,1,1,1
22.4000,9393,1,1,103873,1,199548,0.520544,1,2,6,46,294296,27.50956,0.00169,2.36497,0.00410,0,1,3,1.991812,1.492475,1.492475,-0.024946,-0.024872,14.936507,15032,0.001665,0.074266,82853,33878,18711,11655,8217,6011,4522,3547,30153,1,1,1,1
23.0000,9393,1,1,105264,0,202287,0.520372,1,7,87,332,915067,27.92546,0.00169,2.36497,0.00410,1,1,2,1.411356,1.000000,4.287530,-0.232954,-0.232917,14.728564,9394,0.015814,0.047066,84252,34238,18681,11799,8203,5962,4634,3560,30957,1,1,1,1
23.9000,9393,1,1,107981,1,207254,0.521011,2,18,24,63,1892998,28.54924,0.00169,2.36497,0.00410,0,1,3,7.917854,7.135553,7.135553,-0.544872,-0.544651,14.416896,941,0.037779,0.004817,85993,35054,19473,12146,8638,6162,4654,3649,31484,1,1,1,1
22.3500,9405,1,1,103543,1,199159,0.519904,7,9,250,250,215491,27.47484,0.00266,2.36010,0.00415,0,1,3,2.651723,1.970352,1.947687,-0.007139,-0.007035,14.954470,15516,0.000470,0.076467,82955,33725,18449,11537,8069,5870,4652,3574,30327,1,1,1,1
22.4000,9405,1,1,103735,1,198816,0.521766,10,26,31,137,490247,27.50955,0.00266,2.36010,0.00415,0,1,3,15.204505,12.521628,12.521628,-0.024595,-0.024306,14.936686,15045,0.001627,0.074234,82336,33567,18551,11816,8133,5876,4472,3677,30387,1,1,1,1
23.0000,9405,1,1,106073,1,203015,0.522491,2,2,143,143,516961,27.92544,0.00266,2.36010,0.00415,0,1,3,1.406643,1.135997,1.135997,-0.232411,-0.232375,14.729173,9402,0.015777,0.047044,84590,34364,18738,12093,8282,6083,4505,3753,30606,1,1,1,1
23.9000,9405,1,1,108207,1,207777,0.520787,1,8,11,150,419446,28.54923,0.00266,2.36010,0.00415,0,1,3,2.830261,2.599971,2.599971,-0.544353,-0.544243,14.417299,938,0.037749,0.004795,86539,35300,19131,12270,8457,6178,4747,3705,31449,1,1,1,1
22.3500,9417,1,1,103686,0,199161,0.520617,34,8,43,232,251213,27.48369,0.00171,2.36943,0.00418,1,1,2,1.411158,1.000000,4.358327,-0.003213,-0.003176,14.958305,15536,0.000212,0.076449,82661,33491,18789,11807,8045,5958,4546,3576,30287,1,1,1,1
22.4000,9417,1,1,104118,0,199547,0.521774,1,1,8,21,2163686,27.51836,0.00171,2.36943,0.00418,1,0,3,1.411300,1.000000,1.377580,-0.020485,-0.020448,14.941033,15065,0.001369,0.074217,82981,33771,18512,11817,8016,5995,4460,3584,30410,1,1,1,1
23.0000,9417,1,1,105883,1,203295,0.520837,2,87,87,87,239727,27.93431,0.00171,2.36943,0.00418,0,1,3,7.441076,7.360090,7.360090,-0.228549,-0.228336,14.733212,9414,0.015498,0.047032,84426,34578,18925,12155,8326,6065,4597,3597,30625,1,1,1,1
23.9000,9417,1,1,108040,0,207855,0.519788,4,32,32,56,116487,28.55812,0.00171,2.36943,0.00418,1,1,2,1.274210,1.000000,10.259247,-0.540472,-0.540446,14.420959,939,0.037476,0.004793,86235,35334,19288,12320,8438,6239,4789,3639,31572,1,1,1,1
22.3500,9429,1,1,103867,1,199801,0.519855,2,5,281,281,1312564,27.48619,0.00240,2.37370,0.00436,0,1,3,2.617049,2.202961,2.202961,-0.001643,-0.001541,14.959796,15553,0.000103,0.076427,83239,33941,18699,11855,8038,5877,4466,3484,30201,1,1,1,1
22.4000,9429,1,1,104453,1,200216,0.521704,1,2,7,1475,1573417,27.52081,0.00240,2.37370,0.00436,0,0,3,1.714142,1.220753,1.220753,-0.018923,-0.018866,14.942596,15081,0.001263,0.074193,83326,33937,18765,11572,8062,5805,4664,3765,30319,1,1,1,1
23.0000,9429,1,1,105748,0,202802,0.521437,2,538,538,538,2034512,27.93674,0.00240,2.37370,0.00436,1,1,2,1.100492,1.000000,56.913291,-0.227094,-0.227084,14.734454,9422,0.015412,0.047008,83928,34712,18726,12010,8350,5942,4576,3575,30982,1,1,1,1
23.9000,9429,1,1,108303,1,207923,0.520883,1,2,109,109,107244,28.56057,0.00240,2.37370,0.00436,0,0,3,2.151477,1.561589,1.561589,-0.538816,-0.538735,14.422712,936,0.037353,0.004771,86110,35335,19340,12226,8514,6200,4741,3768,31688,1,1,1,1
22.3500,9441,1,1,104520,0,200053,0.522464,1,6,13,84,629093,27.48518,0.00132,2.37559,0.00508,1,0,2,1.240413,1.000000,2.104161,-0.002669,-0.002646,14.958876,15580,0.000177,0.076467,83243,34000,18569,11822,7871,6013,4615,3597,30322,1,1,1,1
22.4000,9441,1,1,103953,1,200182,0.519295,2,37,73,77,862473,27.51983,0.00132,2.37559,0.00508,0,1,3,16.541922,14.765907,14.765907,-0.020099,-0.019802,14.941331,15105,0.001325,0.074223,83086,33788,18689,11944,8291,5978,4470,3527,30408,1,1,1,1
23.0000,9441,1,1,106081,1,203305,0.521785,4,133,133,133,190353,27.93575,0.00132,2.37559,0.00508,0,0,3,2.811781,2.607377,2.607377,-0.227966,-0.227857,14.733419,9441,0.015465,0.047046,84104,34759,18927,12151,8296,6078,4464,3698,30827,1,1,1,1
23.9000,9441,1,1,108578,0,208410,0.520985,1,41,71,71,482232,28.55952,0.00132,2.37559,0.00508,1,1,2,1.071774,1.000000,3.154834,-0.539859,-0.539852,14.421689,944,0.037433,0.004806,86864,35175,19309,12276,8391,6184,4723,3704,31783,1,1,1,1
22.3500,9453,1,1,104307,1,199797,0.522068,1,6,113,113,227462,27.48728,0.00303,2.37602,0.00455,0,1,3,4.176270,3.265694,3.265694,-0.000770,-0.000619,14.960930,15595,0.000041,0.076433,82783,33913,18558,11786,8240,5931,4639,3586,30360,1,1,1,1
22.4000,9453,1,1,104412,0,199926,0.522256,1,9,10,43,110075,27.52196,0.00303,2.37602,0.00455,1,1,2,1.147504,1.000000,1.757076,-0.018078,-0.018063,14.943277,15123,0.001209,0.074208,82866,34012,18679,11629,8289,5913,4438,3654,30445,1,1,1,1
23.0000,9453,1,1,105979,1,203571,0.520602,3,2,233,233,198464,27.93787,0.00303,2.37602,0.00455,0,0,3,1.297745,1.044847,1.044847,-0.226002,-0.225975,14.735417,9450,0.015335,0.047025,84283,34898,18873,12040,8228,6093,4578,3648,30929,1,1,1,1
23.9000,9453,1,1,108529,1,208482,0.520570,1,1,5,2629,4078668,28.56165,0.00303,2.37602,0.00455,0,0,3,1.831833,1.365813,1.365813,-0.537906,-0.537842,14.423591,947,0.037289,0.004814,86559,35163,19338,12243,8642,6356,4752,3672,31756,1,1,1,1
22.3500,9465,1,1,104734,0,200643,0.521994,3,6,85,148,1440606,27.48791,0.00191,2.38206,0.00600,1,0,2,1.214199,1.000000,1.503352,-0.000962,-0.000942,14.960583,15613,0.000063,0.076426,83337,34088,18604,11985,8146,6037,4486,3733,30226,1,1,1,1
22.4000,9465,1,1,105068,0,200670,0.523589,6,7,7,13,1406513,27.52262,0.00191,2.38206,0.00600,1,1,2,1.343309,1.000000,3.135504,-0.018357,-0.018326,14.943107,15139,0.001226,0.074193,83395,33995,18548,11798,8208,5987,4675,3624,30439,1,1,1,1
23.0000,9465,1,1,106399,1,204087,0.521344,1,1,94,4659,168218,27.93851,0.00191,2.38206,0.00600,0,1,3,1.368265,1.006657,1.006657,-0.226241,-0.226208,14.735294,9460,0.015351,0.047015,84965,34510,19061,11951,8169,6081,4706,3654,30989,1,1,1,1
23.9000,9465,1,1,108816,0,209059,0.520506,4,17,17,132,143979,28.56231,0.00191,2.38206,0.00600,1,1,2,1.291500,1.000000,5.942615,-0.538233,-0.538206,14.423309,942,0.037315,0.004783,86712,35437,19598,12452,8741,6117,4793,3763,31445,1,1,1,1
22.3500,9477,1,1,104682,0,200517,0.522063,2,11,11,18,408520,27.49109,0.00205,2.38027,0.00364,1,1,2,1.309812,1.000000,4.293171,0.000657,0.000685,14.962106,15636,-0.000046,0.076434,82994,34487,18568,11731,8086,6050,4476,3629,30495,1,1,1,1
22.4000,9477,1,1,104423,1,200680,0.520348,1,1069,1069,1069,601919,27.52575,0.00205,2.38027,0.00364,0,1,3,4.421723,3.805529,3.762250,-0.016670,-0.016513,14.944838,15165,0.001105,0.074217,82998,34247,18473,12012,8166,6015,4567,3710,30491,1,1,1,1
23.0000,9477,1,1,106254,0,204275,0.520154,1,19,20,20,733942,27.94170,0.00205,2.38027,0.00364,1,1,2,1.405349,1.000000,9.962965,-0.224695,-0.224659,14.736804,9474,0.015245,0.047020,84620,34910,19139,11917,8282,6061,4609,3654,31082,1,1,1,1
23.9000,9477,1,1,108960,0,208999,0.521345,1,3,15,844,529993,28.56551,0.00205,2.38027,0.00364,1,1,2,1.397034,1.000000,2.313595,-0.536523,-0.536488,14.425003,945,0.037192,0.004791,86408,35907,19503,12325,8490,6132,4730,3653,31850,1,1,1,1
22.3500,9489,1,1,105277,1,201344,0.522874,1,66,66,66,1950328,27.49417,0.00403,2.38273,0.00423,0,1,3,4.484154,3.666921,3.598092,0.003139,0.003297,14.964682,15654,-0.000220,0.076412,83871,34297,18676,11854,8193,5980,4458,3553,30461,1,1,1,1
22.4000,9489,1,1,104850,0,201084,0.521426,1,3,26,32,815104,27.52880,0.00403,2.38273,0.00423,1,1,2,1.335734,1.000000,1.605672,-0.014130,-0.014100,14.947331,15180,0.000943,0.074184,83298,34592,18735,11874,8177,5753,4627,3639,30388,1,1,1,1
23.0000,9489,1,1,106480,0,204210,0.521427,5,9,30,494,146142,27.94473,0.00403,2.38273,0.00423,1,0,2,1.153671,1.000000,1.546080,-0.222095,-0.222080,14.739453,9487,0.015067,0.047017,84444,34896,19075,12000,8328,6022,4761,3656,31027,1,1,1,1
23.9000,9489,1,1,109293,1,209718,0.521145,1,7,14,537,898106,28.56855,0.00403,2.38273,0.00423,0,1,3,2.095964,1.492461,1.335590,-0.533999,-0.533921,14.427542,946,0.037007,0.004790,87179,35626,19521,12254,8561,6167,4700,3827,31882,1,1,1,1
22.3500,9501,1,1,104971,1,201272,0.521541,25,2,50,266,880171,27.49845,0.00232,2.37860,0.00492,0,1,3,1.527775,1.244316,1.244316,0.004497,0.004541,14.966065,15675,-0.000303,0.076411,83510,34341,18629,11964,7991,6166,4578,3599,30493,1,1,1,1
22.4000,9501,1,1,104404,0,200519,0.520671,1,20,134,305,2449531,27.53310,0.00232,2.37860,0.00492,1,0,2,1.101137,1.000000,2.255363,-0.012865,-0.012855,14.948684,15198,0.000860,0.074172,82768,34043,18771,11702,8274,6078,4610,3538,30734,1,1,1,1
23.0000,9501,1,1,107116,0,205169,0.522089,1,3,6,23,249033,27.94902,0.00232,2.37860,0.00492,1,1,2,1.309855,1.000000,1.494282,-0.220802,-0.220774,14.740647,9498,0.014977,0.047008,85280,34942,18966,12225,8231,6095,4630,3763,31036,1,1,1,1
23.9000,9501,1,1,109101,1,209905,0.519766,1,4,8,36,124955,28.57279,0.00232,2.37860,0.00492,0,1,3,2.854044,2.296276,2.296276,-0.532708,-0.532598,14.428931,946,0.036912,0.004783,86979,36146,19289,12238,8620,6099,4800,3799,31934,1,1,1,1
22.3500,9513,1,1,105514,0,201716,0.523085,7,12,17,38,4719632,27.49814,0.00234,2.37724,0.00385,1,1,2,1.372282,1.000000,5.473714,0.004288,0.004321,14.965821,15690,-0.000289,0.076389,83847,34271,18762,11920,8314,5980,4525,3631,30465,1,1,1,1
22.4000,9513,1,1,105050,0,201546,0.521224,3,10,31,1607,168850,27.53282,0.00234,2.37724,0.00385,1,1,2,1.239192,1.000000,3.019063,-0.013022,-0.012999,14.948393,15215,0.000870,0.074163,83750,34140,18653,11802,8054,6007,4645,3693,30801,1,1,1,1
23.0000,9513,1,1,106602,0,204672,0.520846,5,2,68,68,92404,27.94873,0.00234,2.37724,0.00385,1,1,2,1.400882,1.000000,1.489560,-0.220935,-0.220900,14.740561,9506,0.014986,0.046989,84856,34643,19173,11895,8417,6074,4627,3636,31350,1,1,1,1
23.9000,9513,1,1,109226,0,210274,0.519449,1,17,32,70,590907,28.57251,0.00234,2.37724,0.00385,1,1,2,1.390418,1.000000,8.665718,-0.532920,-0.532885,14.428609,945,0.036933,0.004772,87347,35642,19581,12507,8506,6177,4796,3723,31994,1,1,1,1
22.3500,9525,1,1,104838,0,201394,0.520564,10,1,47,47,238279,27.50289,0.00146,2.37965,0.00439,1,1,3,1.414196,1.000000,1.038256,0.006320,0.006356,14.967833,15713,-0.000425,0.076394,83478,34368,18638,11899,8299,6019,4519,3547,30626,1,1,1,1
22.4000,9525,1,1,105351,1,201889,0.521829,3,2,20,25,1939612,27.53760,0.00146,2.37965,0.00439,0,1,3,1.827873,1.294653,1.294653,-0.011046,-0.010982,14.950500,15233,0.000735,0.074146,84011,34163,18551,11873,8268,6069,4522,3652,30779,1,1,1,1
23.0000,9525,1,1,107048,0,205356,0.521283,2,4,11,63,1571046,27.95349,0.00146,2.37965,0.00439,1,0,3,1.194290,1.000000,1.080764,-0.218981,-0.218962,14.742566,9518,0.014852,0.046982,85224,35014,19088,12114,8476,6125,4752,3623,30939,1,1,1,1
23.9000,9525,1,1,109778,0,210436,0.521672,755,4,755,755,1169369,28.57728,0.00146,2.37965,0.00439,1,1,2,1.399255,1.000000,2.401571,-0.530922,-0.530887,14.430573,946,0.036789,0.004771,87350,35814,19525,12519,8502,6382,4687,3805,31851,1,1,1,1
22.3500,9537,1,1,105443,1,201848,0.522391,1,86,86,147,1217422,27.50374,0.00225,2.37102,0.00368,0,0,3,9.422626,8.611678,8.611678,0.007049,0.007284,14.968581,15738,-0.000487,0.076416,83588,34604,18735,11730,8177,6087,4593,3608,30725,1,1,1,1
22.4000,9537,1,1,106003,1,202802,0.522695,1,9,19,135,188354,27.53841,0.00225,2.37102,0.00368,0,1,3,4.856191,4.079008,4.079008,-0.010246,-0.010080,14.951244,15257,0.000674,0.074166,84195,34459,19088,12091,8321,5993,4618,3485,30551,1,1,1,1
23.0000,9537,1,1,107105,1,205402,0.521443,6,18,22,682,92621,27.95436,0.00225,2.37102,0.00368,0,1,3,5.179327,4.885782,4.885782,-0.218229,-0.218056,14.743116,9534,0.014790,0.047000,85104,34732,19119,12255,8356,6071,4727,3859,31178,1,1,1,1
23.9000,9537,1,1,110003,1,211184,0.520889,1,2,22,72,2148628,28.57817,0.00225,2.37102,0.00368,0,1,3,1.448132,1.238637,1.238637,-0.530061,-0.530022,14.431509,951,0.036727,0.004789,87907,35797,19712,12418,8577,6257,4812,3754,31949,1,1,1,1
22.3500,9549,1,1,105499,1,202488,0.521016,2,3,244,244,11898096,27.50757,0.00145,2.36782,0.00397,0,0,3,1.640426,1.294080,1.294080,0.008604,0.008655,14.970061,15750,-0.000578,0.076370,84281,34348,18760,11861,8281,6064,4652,3574,30666,1,1,1,1
22.4000,9549,1,1,105257,1,202410,0.520021,4,100050,100050,100050,1628472,27.54219,0.00145,2.36782,0.00397,0,1,3,2.245845,1.599448,1.257761,-0.008707,-0.008623,14.952866,15272,0.000577,0.074138,83694,34511,19165,11885,8214,6061,4613,3540,30726,1,1,1,1
23.0000,9549,1,1,107502,0,206500,0.520593,1,11,119,119,289441,27.95812,0.00145,2.36782,0.00397,1,1,3,1.086338,1.000000,1.098076,-0.216665,-0.216657,14.744884,9542,0.014694,0.046975,85498,35303,19217,12231,8538,6127,4743,3727,31115,1,1,1,1
23.9000,9549,1,1,110130,0,211470,0.520786,5,11,17,4496,1473197,28.58195,0.00145,2.36782,0.00397,1,1,2,1.101713,1.000000,1.266232,-0.528585,-0.528575,14.432731,949,0.036623,0.004773,87848,36218,19742,12450,8467,6111,4865,3766,32002,1,1,1,1
22.3500,9561,1,1,105565,1,202689,0.520825,2,2,25,40,138607,27.50136,0.00198,2.36190,0.00600,0,1,3,1.662035,1.277652,1.277652,0.005784,0.005837,14.967206,15781,-0.000390,0.076439,84172,34324,18982,11776,8336,6015,4605,3671,30807,1,1,1,1
22.4000,9561,1,1,105993,1,202864,0.522486,2,5,48,57,169631,27.53602,0.00198,2.36190,0.00600,0,1,3,1.917720,1.545846,1.545846,-0.011555,-0.011487,14.950036,15303,0.000768,0.074209,84475,34187,18821,11873,8270,6002,4605,3551,31079,1,1,1,1
23.0000,9561,1,1,107330,0,205833,0.521445,4,2,693,2506,3758442,27.95193,0.00198,2.36190,0.00600,1,1,3,1.389524,1.000000,1.130105,-0.219495,-0.219460,14.741995,9566,0.014887,0.047043,85211,35067,19308,12027,8484,6238,4593,3609,31295,1,1,1,1
23.9000,9561,1,1,110055,1,211557,0.520217,1,1,101,101,10927849,28.57570,0.00198,2.36190,0.00600,0,0,3,1.222828,1.007673,1.007673,-0.531369,-0.531348,14.430184,962,0.036822,0.004833,87827,35829,19649,12653,8666,6427,4883,3823,31799,1,1,1,1
22.3500,9573,1,1,106160,0,202868,0.523299,1,2,220,220,638374,27.50546,0.00116,2.36671,0.00367,1,1,3,1.288505,1.000000,1.247203,0.007439,0.007466,14.968880,15797,-0.000499,0.076412,84235,34280,18850,11946,8114,6014,4676,3647,31105,1,1,1,1
22.4000,9573,1,1,106071,1,202878,0.522834,1,9,31,33,596458,27.54015,0.00116,2.36671,0.00367,0,0,3,2.985259,2.320810,2.320810,-0.009937,-0.009822,14.951591,15318,0.000657,0.074181,83929,34596,18945,11835,8294,6111,4588,3636,30943,1,1,1,1
23.0000,9573,1,1,107530,0,206865,0.519810,7,2,13,18,268396,27.95605,0.00116,2.36671,0.00367,1,1,2,1.405464,1.000000,1.452195,-0.217864,-0.217828,14.743660,9574,0.014774,0.047018,85878,35589,19070,12104,8472,6031,4696,3709,31315,1,1,1,1
23.9000,9573,1,1,109740,0,210922,0.520290,38,7,38,220,367143,28.57983,0.00116,2.36671,0.00367,1,1,2,1.402958,1.000000,3.675703,-0.529803,-0.529768,14.431695,959,0.036709,0.004811,87562,35548,19540,12449,8501,6403,4801,3797,32320,1,1,1,1
22.3500,9585,1,1,105712,0,202499,0.522040,42,4,42,104,246401,27.50158,0.00108,2.36477,0.00400,1,1,2,1.333363,1.000000,1.654964,0.005459,0.005489,14.966998,15820,-0.000367,0.076437,83676,34299,18964,12018,8304,6096,4649,3501,30991,1,1,1,1
22.4000,9585,1,1,105839,1,203257,0.520718,3,4,55,65,210355,27.53629,0.00108,2.36477,0.00400,0,0,3,1.376694,1.103396,1.103396,-0.011876,-0.011843,14.949555,15339,0.000792,0.074200,84501,34772,18667,11955,8141,6037,4481,3663,31039,1,1,1,1
23.0000,9585,1,1,107773,1,206612,0.521623,11,1132,1132,1132,512908,27.95218,0.00108,2.36477,0.00400,0,1,3,359.150836,340.561495,340.561495,-0.220119,-0.219505,14.741166,9588,0.014891,0.047036,85746,35069,19242,12172,8329,6131,4614,3687,31621,1,1,1,1
23.9000,9585,1,1,110115,1,211547,0.520525,4,4,251,251,241643,28.57598,0.00108,2.36477,0.00400,0,1,3,1.716244,1.222694,1.210680,-0.531719,-0.531662,14.429827,962,0.036845,0.004821,88054,35504,19620,12446,8652,6275,4817,3748,32430,1,1,1,1
22.3500,9597,1,1,106477,1,203664,0.522810,1,18,35,65,73859,27.49724,0.00108,2.36500,0.00473,0,1,3,10.255770,8.508547,8.508547,0.003217,0.003460,14.964691,15835,-0.000231,0.076426,84563,34692,18825,12183,8145,6108,4782,3624,30741,1,1,1,1
22.4000,9597,1,1,106484,0,203426,0.523456,8,2,3517,3517,309034,27.53191,0.00108,2.36500,0.00473,1,0,3,1.285038,1.000000,1.002248,-0.014004,-0.013978,14.947539,15355,0.000935,0.074194,84491,34493,18836,11931,8346,6052,4740,3625,30911,1,1,1,1
23.0000,9597,1,1,107525,1,206995,0.519460,1,211,211,211,5641823,27.94785,0.00108,2.36500,0.00473,0,0,3,11.148156,10.273672,10.273672,-0.222100,-0.221849,14.739441,9597,0.015051,0.047027,86101,35092,19207,12241,8394,6149,4712,3808,31290,1,1,1,1
23.9000,9597,1,1,109591,1,210935,0.519551,10,7,10,37,107538,28.57166,0.00108,2.36500,0.00473,0,1,3,4.188694,3.410118,3.410118,-0.533948,-0.533798,14.427749,959,0.036998,0.004801,87350,35526,19380,12719,8528,6394,4851,3767,32419,1,1,1,1
22.3500,9609,1,1,106613,1,203921,0.522818,1,1,16,444,1383010,27.49832,0.00197,2.36456,0.00379,0,0,3,1.598746,1.135334,1.135334,0.004248,0.004297,14.965764,15856,-0.000287,0.076426,84697,34668,19037,12067,8368,5914,4712,3605,30852,1,1,1,1
22.4000,9609,1,1,106172,0,203563,0.521571,1,2,3,91,321354,27.53294,0.00197,2.36456,0.00379,1,0,3,1.369130,1.000000,1.293477,-0.013071,-0.013039,14.948463,15376,0.000872,0.074198,84344,34609,19110,11982,8133,6113,4645,3609,31017,1,1,1,1
23.0000,9609,1,1,107870,0,206963,0.521207,1,2,13,47,858573,27.94887,0.00197,2.36456,0.00379,1,0,2,1.336198,1.000000,1.406639,-0.221041,-0.221011,14.740498,9610,0.014993,0.047028,86038,34847,19199,12338,8546,6156,4712,3590,31536,1,1,1,1
23.9000,9609,1,1,110403,1,212277,0.520092,1,1,24,128,592294,28.57270,0.00197,2.36456,0.00379,0,1,3,1.708171,1.273248,1.273248,-0.532948,-0.532892,14.428616,962,0.036933,0.004809,87955,35987,20068,12453,8643,6259,4722,3729,32460,1,1,1,1
22.3500,9621,1,1,106310,0,203476,0.522472,1,15,105,105,955206,27.49819,0.00198,2.37018,0.00487,1,0,2,1.094949,1.000000,1.608943,0.004185,0.004195,14.965735,15874,-0.000280,0.076418,84736,34154,19007,11962,8199,5987,4572,3650,31208,1,1,1,1
22.4000,9621,1,1,106411,1,204649,0.519971,1,5,8,30,672104,27.53284,0.00198,2.37018,0.00487,0,1,3,2.147110,1.545464,1.522152,-0.013138,-0.013059,14.948398,15395,0.000874,0.074198,85304,34717,19081,12044,8266,6034,4686,3542,30974,1,1,1,1
23.0000,9621,1,1,108256,0,207544,0.521608,1,2,12,50,154301,27.94876,0.00198,2.37018,0.00487,1,1,3,1.331852,1.000000,1.118077,-0.221082,-0.221052,14.740380,9624,0.014996,0.047038,85848,35669,19396,12264,8306,6056,4739,3720,31545,1,1,1,1
23.9000,9621,1,1,110357,1,212752,0.518714,1,6,42,132,657560,28.57253,0.00198,2.37018,0.00487,0,1,3,1.256981,1.140654,1.140654,-0.532968,-0.532944,14.428595,960,0.036937,0.004793,88205,36135,19864,12470,8766,6422,4878,3905,32106,1,1,1,1
22.3500,9633,1,1,106504,0,204158,0.521677,1,1,3,14,411971,27.50511,0.00122,2.36758,0.00421,1,0,3,1.413679,1.000000,1.128279,0.007301,0.007337,14.968812,15896,-0.000490,0.076412,84766,34987,18906,11901,8341,5988,4619,3637,31012,1,1,1,1
22.4000,9633,1,1,105904,0,203950,0.519267,15,278,278,278,718757,27.53979,0.00122,2.36758,0.00421,1,0,2,1.032183,1.000000,9.119949,-0.010152,-0.010148,14.951398,15416,0.000679,0.074191,84510,34589,19160,12047,8115,5927,4697,3655,31249,1,1,1,1
23.0000,9633,1,1,107772,0,207430,0.519561,204,2,204,1171,100923,27.95569,0.00122,2.36758,0.00421,1,0,3,1.364995,1.000000,1.003262,-0.217981,-0.217949,14.743554,9634,0.014783,0.047018,85593,35538,19477,12115,8378,6272,4592,3822,31642,1,1,1,1
23.9000,9633,1,1,110888,0,213174,0.520178,1,469,469,469,1225960,28.57947,0.00122,2.36758,0.00421,1,1,2,1.100558,1.000000,49.680355,-0.530082,-0.530072,14.431467,965,0.036730,0.004812,88470,36206,19931,12653,8664,6318,4834,3933,32164,1,1,1,1
22.3500,9645,1,1,106371,1,204113,0.521140,1,27,27,42,115181,27.50520,0.00234,2.37176,0.00395,0,0,3,2.254741,1.774898,1.774898,0.007896,0.007981,14.969389,15918,-0.000533,0.076420,84549,34732,18990,12159,8358,5920,4775,3764,30865,1,1,1,1
22.4000,9645,1,1,106880,0,204658,0.522240,9,1,82,82,3791980,27.53991,0.00234,2.37176,0.00395,1,1,3,1.412776,1.000000,1.046862,-0.009433,-0.009397,14.952086,15435,0.000628,0.074187,84706,34969,19021,12026,8410,6009,4685,3763,31068,1,1,1,1
23.0000,9645,1,1,108305,1,207879,0.521003,4,10,21,81,161523,27.95580,0.00234,2.37176,0.00395,0,0,3,2.844549,2.656136,2.656136,-0.217425,-0.217317,14.743956,9651,0.014739,0.047042,86330,35220,19408,12224,8551,6241,4656,3640,31608,1,1,1,1
23.9000,9645,1,1,111051,1,213101,0.521122,12,10,50,50,576493,28.57960,0.00234,2.37176,0.00395,0,1,3,1.861665,1.352932,1.297262,-0.529284,-0.529220,14.432281,969,0.036669,0.004825,88646,36149,19908,12503,8599,6117,4880,3873,32425,1,1,1,1
22.3500,9657,1,1,106088,0,203930,0.520220,4,22,22,23,694680,27.50102,0.00274,2.37201,0.00413,1,1,2,1.106805,1.000000,2.631220,0.006000,0.006011,14.967325,15939,-0.000402,0.076436,84448,34592,19122,11968,8258,6068,4503,3638,31332,1,1,1,1
22.4000,9657,1,1,106580,0,204918,0.520113,1,1,12,160,194924,27.53569,0.00274,2.37201,0.00413,1,0,3,1.410576,1.000000,1.138142,-0.011290,-0.011255,14.950231,15454,0.000753,0.074195,85010,34842,19189,12105,8281,6156,4677,3683,30974,1,1,1,1
23.0000,9657,1,1,108673,1,208680,0.520766,2,2,46,74,461913,27.95163,0.00274,2.37201,0.00413,0,1,3,2.013288,1.548412,1.548412,-0.219278,-0.219206,14.742310,9658,0.014869,0.047022,86992,35350,19407,12274,8393,6194,4612,3683,31774,1,1,1,1
23.9000,9657,1,1,111126,0,213375,0.520804,2,16,16,1954,276884,28.57544,0.00274,2.37201,0.00413,1,1,2,1.131145,1.000000,2.362435,-0.531207,-0.531194,14.430141,967,0.036811,0.004810,88878,35881,19934,12497,8655,6401,4857,3829,32442,1,1,1,1
22.3500,9669,1,1,106473,1,204135,0.521584,1,8,8,34,2181375,27.49990,0.00250,2.37430,0.00425,0,0,3,2.763206,2.087484,2.087484,0.005277,0.005382,14.966812,15954,-0.000360,0.076416,84524,34533,18981,12039,8351,6114,4768,3669,31155,1,1,1,1
22.4000,9669,1,1,106614,0,204601,0.521085,12,12,12,32,486702,27.53453,0.00250,2.37430,0.00425,1,1,2,1.385354,1.000000,5.680482,-0.012089,-0.012055,14.949443,15471,0.000806,0.074189,84774,34690,18968,11972,8495,6185,4726,3610,31180,1,1,1,1
23.0000,9669,1,1,107832,0,207452,0.519795,2,3,3,353,1952475,27.95046,0.00250,2.37430,0.00425,1,1,3,1.263480,1.000000,1.266490,-0.219975,-0.219951,14.741456,9668,0.014921,0.047015,85586,35285,19565,12180,8458,6135,4680,3756,31806,1,1,1,1
23.9000,9669,1,1,111074,0,213183,0.521029,1,2,22,22,319995,28.57429,0.00250,2.37430,0.00425,1,0,2,1.322088,1.000000,1.441233,-0.531895,-0.531866,14.429646,969,0.036859,0.004814,88294,36161,19780,12569,8739,6340,4782,3822,32695,1,1,1,1
22.3500,9681,1,1,107005,1,205339,0.521116,6,4,6,59,1562337,27.50392,0.00193,2.36928,0.00516,0,1,3,1.931363,1.718927,1.718927,0.007024,0.007092,14.968631,15973,-0.000474,0.076403,85290,34951,19515,12034,8326,6060,4595,3601,30966,1,1,1,1
22.4000,9681,1,1,106876,0,205321,0.520534,2,6,30,30,229587,27.53857,0.00193,2.36928,0.00516,1,0,2,1.190990,1.000000,1.405035,-0.010294,-0.010276,14.951254,15491,0.000687,0.074183,85486,34610,19050,12126,8358,6096,4535,3687,31372,1,1,1,1
23.0000,9681,1,1,108701,1,208281,0.521898,3,2,152,383,458540,27.95449,0.00193,2.36928,0.00516,0,1,3,1.043714,1.037851,1.037851,-0.218232,-0.218227,14.743323,9680,0.014802,0.047009,86305,35170,19478,12198,8576,6369,4712,3840,31632,1,1,1,1
23.9000,9681,1,1,111421,1,213690,0.521417,1,10,10,32,681560,28.57826,0.00193,2.36928,0.00516,0,1,3,2.960498,2.357275,2.357275,-0.530164,-0.530051,14.431471,968,0.036729,0.004803,88604,36230,19969,12616,8692,6384,4802,3911,32481,1,1,1,1
22.3500,9693,1,1,106913,1,204759,0.522143,1,4,17,65,672228,27.50415,0.00251,2.37326,0.00531,0,1,3,3.337739,2.611367,2.611367,0.007417,0.007542,14.969068,15995,-0.000504,0.076411,84891,34637,19076,11877,8269,6270,4699,3633,31406,1,1,1,1
22.4000,9693,1,1,107226,0,205817,0.520980,3,7,7,79,231795,27.53883,0.00251,2.37326,0.00531,1,1,2,1.301218,1.000000,2.821642,-0.009928,-0.009901,14.951615,15508,0.000662,0.074171,85639,35021,18961,12022,8243,6166,4752,3722,31290,1,1,1,1
23.0000,9693,1,1,108640,0,208833,0.520227,2,3,5,34,1675875,27.95473,0.00251,2.37326,0.00531,1,0,3,1.289980,1.000000,1.227411,-0.217836,-0.217810,14.743707,9693,0.014773,0.047013,86792,35191,19588,12214,8486,6218,4810,3808,31725,1,1,1,1
23.9000,9693,1,1,111218,0,213519,0.520883,4,35,115,115,4110153,28.57851,0.00251,2.37326,0.00531,1,0,2,1.032940,1.000000,1.211977,-0.529726,-0.529723,14.431824,969,0.036705,0.004801,88488,36387,19625,12483,8708,6348,4866,3895,32718,1,1,1,1
22.3500,9705,1,1,107185,1,205850,0.520697,5,36,36,39,299316,27.51061,0.00192,2.37280,0.00490,0,1,3,19.419522,16.421866,16.421866,0.010278,0.010583,14.971645,16012,-0.000707,0.076385,85497,35019,19162,12298,8295,6153,4628,3649,31148,1,1,1,1
22.4000,9705,1,1,107033,1,205022,0.522059,1,11,23,23,356244,27.54532,0.00192,2.37280,0.00490,0,1,3,3.904123,3.192630,3.192630,-0.006993,-0.006853,14.954674,15525,0.000458,0.074145,84641,34666,19114,12187,8234,6226,4714,3677,31562,1,1,1,1
23.0000,9705,1,1,108877,1,209441,0.519848,1,9,202,660,576395,27.96121,0.00192,2.37280,0.00490,0,1,3,3.999720,3.540666,3.540666,-0.214943,-0.214800,14.746743,9703,0.014566,0.046994,87091,35527,19369,12318,8684,6214,4733,3794,31710,1,1,1,1
23.9000,9705,1,1,111948,0,215115,0.520412,3,6,7,70,344941,28.58500,0.00192,2.37280,0.00490,1,1,2,1.412426,1.000000,3.450914,-0.526840,-0.526804,14.434680,971,0.036496,0.004804,89530,36443,20185,12724,8616,6431,4816,3877,32492,1,1,1,1
22.3500,9717,1,1,107661,1,205682,0.523437,1,3,20,74,296373,27.50491,0.00272,2.36872,0.00397,0,0,3,2.030933,1.653265,1.653265,0.007959,0.008032,14.969424,16031,-0.000537,0.076392,85381,34838,19102,12118,8375,6196,4631,3772,31268,1,1,1,1
22.4000,9717,1,1,107247,1,205614,0.521596,1,17,17,195,10703561,27.53958,0.00272,2.36872,0.00397,0,0,3,2.601995,2.057894,2.057894,-0.009387,-0.009289,14.952119,15543,0.000621,0.074152,85061,35180,19070,12045,8363,6084,4615,3734,31461,1,1,1,1
23.0000,9717,1,1,109473,1,209426,0.522731,11,2,685,685,1653782,27.95552,0.00272,2.36872,0.00397,0,1,3,1.760887,1.281815,1.281815,-0.217337,-0.217279,14.744223,9716,0.014737,0.047007,86948,35798,19230,12183,8558,6281,4733,3802,31892,1,1,1,1
23.9000,9717,1,1,112085,1,214880,0.521619,1,56,56,72,613001,28.57933,0.00272,2.36872,0.00397,0,1,3,3.052793,2.483007,2.460069,-0.529275,-0.529160,14.432233,967,0.036665,0.004780,89291,36741,19763,12565,8788,6409,4874,3851,32597,1,1,1,1
22.3500,9729,1,1,107782,0,206147,0.522843,1,159,403,403,496726,27.50700,0.00192,2.37160,0.00370,1,0,2,1.075046,1.000000,12.433694,0.008443,0.008451,14.969994,16058,-0.000565,0.076424,85498,34991,19182,12301,8270,6173,4736,3696,31299,1,1,1,1
22.4000,9729,1,1,107362,0,205945,0.521316,7,7,18,135,197823,27.54162,0.00192,2.37160,0.00370,1,1,2,1.144010,1.000000,1.209168,-0.008748,-0.008734,14.952612,15572,0.000584,0.074197,85188,35205,18979,12180,8390,6131,4719,3778,31374,1,1,1,1
23.0000,9729,1,1,109243,1,209418,0.521653,1,1,10,16,504302,27.95755,0.00192,2.37160,0.00370,0,0,3,1.632704,1.282244,1.282244,-0.216714,-0.216664,14.744859,9734,0.014694,0.047034,86886,35690,19488,12369,8406,6217,4617,3807,31937,1,1,1,1
23.9000,9729,1,1,112185,1,215216,0.521269,1,2,31,31,146097,28.58138,0.00192,2.37160,0.00370,0,1,3,2.296911,1.735035,1.735035,-0.528646,-0.528560,14.432827,984,0.036622,0.004857,89253,36847,20160,12459,8721,6354,4909,3867,32645,1,1,1,1
22.3500,9741,1,1,107740,0,206444,0.521887,2,2,32,33,638891,27.50896,0.00240,2.36936,0.00672,1,1,3,1.413510,1.000000,1.266237,0.009798,0.009833,14.971316,16074,-0.000657,0.076399,85564,35299,19277,12161,8339,6107,4679,3741,31276,1,1,1,1
22.4000,9741,1,1,107745,1,206664,0.521356,2,2,24,25,214912,27.54362,0.00240,2.36936,0.00672,0,1,3,1.556198,1.309226,1.309226,-0.007529,-0.007484,14.954047,15587,0.000500,0.074170,85946,34844,19334,12199,8390,6165,4712,3721,31352,1,1,1,1
23.0000,9741,1,1,109566,0,210543,0.520400,7,2,7,161,304212,27.95953,0.00240,2.36936,0.00672,1,1,3,1.349399,1.000000,1.038838,-0.215478,-0.215447,14.745994,9742,0.014611,0.047011,87761,35815,19547,12239,8466,6225,4850,3867,31772,1,1,1,1
23.9000,9741,1,1,112524,0,215927,0.521123,4,2,20,191,265011,28.58330,0.00240,2.36936,0.00672,1,1,3,1.363441,1.000000,1.214795,-0.527371,-0.527339,14.434108,977,0.036534,0.004816,89871,36693,20111,12763,8826,6398,4909,3788,32567,1,1,1,1
22.3500,9753,1,1,107584,0,206628,0.520668,3,7,23,573,86320,27.50819,0.00191,2.37480,0.00442,1,1,2,1.395235,1.000000,3.513073,0.009131,0.009165,14.970661,16094,-0.000612,0.076403,85680,35068,19165,12081,8579,6199,4690,3799,31366,1,1,1,1
22.4000,9753,1,1,108088,0,207063,0.522008,1,2,40,55,246451,27.54287,0.00191,2.37480,0.00442,1,0,2,1.346448,1.000000,1.357142,-0.008161,-0.008131,14.953378,15606,0.000544,0.074172,85887,35178,19455,12252,8334,6147,4734,3765,31310,1,1,1,1
23.0000,9753,1,1,109723,1,209999,0.522495,1,58,58,84,266654,27.95877,0.00191,2.37480,0.00442,0,1,3,16.554504,15.737202,15.737202,-0.216239,-0.215951,14.745599,9754,0.014645,0.047012,87019,35756,19599,12332,8450,6285,4859,3831,31867,1,1,1,1
23.9000,9753,1,1,112009,1,215424,0.519949,2,2,1513,1513,359152,28.58256,0.00191,2.37480,0.00442,0,1,3,2.057327,1.663873,1.663873,-0.528013,-0.527939,14.433449,977,0.036577,0.004811,89121,36522,20190,12834,8941,6435,4920,3910,32550,1,1,1,1
22.3500,9765,1,1,108053,1,206849,0.522379,2,27,34,34,289319,27.50498,0.00205,2.37546,0.00619,0,1,3,12.558814,11.133518,11.133518,0.007553,0.007812,14.968984,16110,-0.000522,0.076394,85771,35163,19194,12079,8624,6177,4710,3762,31368,1,1,1,1
22.4000,9765,1,1,108487,1,207330,0.523260,2,11,26,59,1104939,27.53969,0.00205,2.37546,0.00619,0,0,3,2.451961,2.141459,2.141459,-0.009718,-0.009626,14.951722,15621,0.000644,0.074160,86020,35312,19477,12168,8212,6201,4747,3704,31488,1,1,1,1
23.0000,9765,1,1,109555,1,210058,0.521549,1,11,22,22,286604,27.95558,0.00205,2.37546,0.00619,0,1,3,2.654719,2.177532,2.177532,-0.217663,-0.217563,14.743964,9765,0.014756,0.047012,87326,35501,19449,12018,8638,6295,4824,3827,32179,1,1,1,1
23.9000,9765,1,1,111820,0,215913,0.517896,1,4,25,95,1012289,28.57938,0.00205,2.37546,0.00619,1,1,3,1.177045,1.000000,1.172259,-0.529528,-0.529511,14.432022,978,0.036690,0.004810,89674,36612,20131,12736,8934,6377,4803,3910,32735,1,1,1,1
22.3500,9777,1,1,107865,1,206953,0.521208,1,38,181,181,97729,27.50570,0.00251,2.36663,0.00372,0,1,3,19.069622,16.441824,16.441824,0.008132,0.008434,14.969648,16134,-0.000563,0.076410,86242,34563,19070,12398,8431,6195,4753,3788,31512,1,1,1,1
22.4000,9777,1,1,107601,1,206513,0.521040,3,14,14,39,306470,27.54037,0.00251,2.36663,0.00372,0,1,3,2.222122,2.004178,2.004178,-0.009094,-0.009012,14.952528,15645,0.000603,0.074179,85335,34984,19355,12244,8358,6105,4816,3622,31693,1,1,1,1
23.0000,9777,1,1,109643,1,210709,0.520355,2,3,24,51,1376119,27.95631,0.00251,2.36663,0.00372,0,0,3,1.345661,1.019584,1.019584,-0.217032,-0.217001,14.744430,9778,0.014718,0.047016,87313,35808,19774,12421,8487,6258,4798,3787,32062,1,1,1,1
23.9000,9777,1,1,112421,1,216423,0.519453,1,22,22,254,273081,28.58013,0.00251,2.36663,0.00372,0,0,3,3.029566,2.550709,2.550709,-0.528984,-0.528871,14.432503,979,0.036644,0.004809,89855,37005,20041,12803,8825,6344,4975,3954,32620,1,1,1,1
22.3500,9789,1,1,108465,1,207313,0.523197,2,15,15,3768,268179,27.50623,0.00250,2.37136,0.00422,0,0,3,1.911409,1.547332,1.547332,0.008461,0.008527,14.969924,16150,-0.000570,0.076391,86193,35063,19359,12127,8441,6207,4707,3685,31530,1,1,1,1
22.4000,9789,1,1,108106,0,207570,0.520820,3,16,188,1054,241112,27.54086,0.00250,2.37136,0.00422,1,1,2,1.307721,1.000000,6.129064,-0.008923,-0.008896,14.952531,15660,0.000595,0.074159,86239,35090,19421,12196,8439,6213,4721,3742,31508,1,1,1,1
23.0000,9789,1,1,109726,0,210648,0.520900,2,30,30,30,12646557,27.95679,0.00250,2.37136,0.00422,1,1,3,1.031635,1.000000,1.029821,-0.216795,-0.216792,14.744405,9786,0.014703,0.046996,87173,36033,19713,12203,8538,6288,4739,3818,32142,1,1,1,1
23.9000,9789,1,1,112205,1,215762,0.520043,4,21,21,51,352570,28.58061,0.00250,2.37136,0.00422,0,1,3,4.092374,3.364450,3.364450,-0.528770,-0.528627,14.432902,976,0.036626,0.004788,89042,36959,20133,12853,8678,6388,4839,3933,32936,1,1,1,1
22.3500,9801,1,1,108004,0,207185,0.521295,2,8,363,363,760489,27.50299,0.00264,2.37151,0.00604,1,1,2,1.241640,1.000000,2.482461,0.006897,0.006919,14.968319,16172,-0.000462,0.076409,86063,35011,19086,12267,8468,6129,4733,3698,31729,1,1,1,1
22.4000,9801,1,1,108002,0,207458,0.520599,1,13,13,31,32591157,27.53764,0.00264,2.37151,0.00604,1,1,2,1.129126,1.000000,2.040003,-0.010419,-0.010407,14.951131,15679,0.000696,0.074165,86025,35152,19379,12307,8363,6118,4659,3722,31732,1,1,1,1
23.0000,9801,1,1,110020,0,211433,0.520356,17,3,20,73,318606,27.95356,0.00264,2.37151,0.00604,1,1,2,1.314344,1.000000,1.433612,-0.218357,-0.218330,14.743185,9803,0.014809,0.047024,87629,36234,19721,12554,8447,6152,4832,3803,32060,1,1,1,1
23.9000,9801,1,1,112873,1,216412,0.521568,1,1,11,99,2089343,28.57732,0.00264,2.37151,0.00604,0,1,3,1.661817,1.177331,1.177331,-0.530233,-0.530181,14.431306,978,0.036738,0.004793,89513,36926,20190,12710,8983,6431,4932,3794,32932,1,1,1,1
22.3500,9813,1,1,108472,0,207802,0.521999,7,43,66,214,287488,27.49222,0.00271,2.37875,0.00426,1,1,2,1.152959,1.000000,7.259717,0.001510,0.001525,14.962880,16185,-0.000102,0.076405,86502,35089,19253,12174,8400,6240,4737,3691,31715,1,1,1,1
22.4000,9813,1,1,108457,1,208059,0.521283,1,5,8,47,371576,27.52691,0.00271,2.37875,0.00426,0,1,3,2.303542,1.924945,1.924945,-0.015763,-0.015678,14.945853,15695,0.001049,0.074176,86362,35183,19488,12474,8359,6130,4860,3715,31487,1,1,1,1
23.0000,9813,1,1,109816,0,211140,0.520112,1,17,17,36,148360,27.94281,0.00271,2.37875,0.00426,1,1,2,1.270932,1.000000,5.460442,-0.223767,-0.223743,14.737779,9808,0.015182,0.047008,87723,35802,19517,12458,8657,6261,4684,3901,32136,1,1,1,1
23.9000,9813,1,1,112674,0,216328,0.520850,1,17,17,49,151547,28.56659,0.00271,2.37875,0.00426,1,1,2,1.304238,1.000000,6.437465,-0.535667,-0.535640,14.425876,975,0.037131,0.004774,89799,36648,20214,12718,8687,6389,4918,3866,33088,1,1,1,1
22.3500,9825,1,1,108246,0,207962,0.520511,1,19,19,19,411240,27.49756,0.00256,2.38088,0.00451,1,1,2,1.077403,1.000000,1.689005,0.004196,0.004203,14.965491,16213,-0.000281,0.076430,86144,35608,19432,12134,8557,6140,4655,3668,31623,1,1,1,1
22.4000,9825,1,1,108916,0,208499,0.522384,2,77,77,77,710869,27.53227,0.00256,2.38088,0.00451,1,1,2,1.013597,1.000000,1.088996,-0.013138,-0.013136,14.947977,15727,0.000879,0.074226,86731,35354,19509,12271,8498,6083,4683,3712,31657,1,1,1,1
23.0000,9825,1,1,110408,0,211466,0.522110,5,3,34,3116,1062901,27.94816,0.00256,2.38088,0.00451,1,1,2,1.365825,1.000000,1.419430,-0.221095,-0.221064,14.740386,9827,0.014997,0.047033,87812,36193,19377,12598,8398,6329,4806,3752,32200,1,1,1,1
23.9000,9825,1,1,112753,1,217182,0.519166,1,2,33,165,1463294,28.57196,0.00256,2.38088,0.00451,0,1,3,1.898443,1.344695,1.344695,-0.532989,-0.532924,14.428563,984,0.036935,0.004811,90072,36980,20182,12792,8950,6480,4954,3847,32924,1,1,1,1
22.3500,9837,1,1,108991,1,208839,0.521893,1,10,12,16,10341091,27.50206,0.00165,2.38282,0.00413,0,0,3,3.277104,2.760184,2.760184,0.005976,0.006097,14.967472,16234,-0.000407,0.076426,86417,35695,19620,12190,8641,6352,4753,3775,31395,1,1,1,1
22.4000,9837,1,1,108888,0,208690,0.521772,13,42,42,340,538574,27.53673,0.00165,2.38282,0.00413,1,1,2,1.043346,1.000000,1.909455,-0.011339,-0.011335,14.949896,15739,0.000758,0.074183,86527,35601,19499,12406,8451,6078,4683,3764,31680,1,1,1,1
23.0000,9837,1,1,110775,1,212508,0.521277,1,1,29,426,1106304,27.95268,0.00165,2.38282,0.00413,0,1,3,1.608453,1.254920,1.254920,-0.219286,-0.219238,14.742166,9838,0.014872,0.047023,88065,36414,19732,12532,8689,6434,4909,3618,32114,1,1,1,1
23.9000,9837,1,1,112919,1,216633,0.521248,1,138,138,138,5735412,28.57649,0.00165,2.38282,0.00413,0,1,3,18.151270,17.943748,17.943748,-0.531331,-0.531036,14.430515,984,0.036800,0.004805,89589,36745,20297,13001,8912,6346,4969,3901,32872,1,1,1,1
22.3500,9849,1,1,108355,1,207557,0.522052,9,3,31,2622,165932,27.50594,0.00120,2.38639,0.00642,0,1,3,2.233926,1.623196,1.623196,0.007661,0.007742,14.969246,16253,-0.000517,0.076413,85914,35203,19209,12308,8407,6143,4740,3808,31824,1,1,1,1
22.4000,9849,1,1,108719,1,208094,0.522454,8,8,8,62,993516,27.54056,0.00120,2.38639,0.00642,0,1,3,3.024068,2.513318,2.513318,-0.009674,-0.009562,14.951968,15756,0.000640,0.074162,86180,35474,19273,12234,8408,6243,4743,3728,31810,1,1,1,1
23.0000,9849,1,1,110603,1,212830,0.519680,2,1,20,30,492210,27.95649,0.00120,2.38639,0.00642,0,1,3,1.326316,1.036486,1.036486,-0.217591,-0.217562,14.743958,9846,0.014756,0.046998,88512,36255,19825,12481,8791,6349,4781,3776,32059,1,1,1,1
23.9000,9849,1,1,112705,1,216221,0.521252,2,4,13,206,132085,28.58032,0.00120,2.38639,0.00642,0,1,3,2.096594,1.622984,1.622984,-0.529530,-0.529455,14.432064,982,0.036686,0.004789,89161,37109,19908,12628,8755,6528,4952,3859,33320,1,1,1,1
22.3500,9861,1,1,108888,0,208996,0.521008,1,8,76,745,543287,27.50844,0.00199,2.38621,0.00407,1,1,2,1.342593,1.000000,3.525153,0.009286,0.009316,14.970826,16268,-0.000622,0.076382,86728,35666,19442,12299,8552,6177,4842,3606,31683,1,1,1,1
22.4000,9861,1,1,109181,1,209515,0.521116,3,6,11,123,172139287,27.54310,0.00199,2.38621,0.00407,0,1,3,4.641360,3.291986,3.291986,-0.008038,-0.007882,14.953666,15775,0.000527,0.074153,87032,35782,19349,12431,8616,6170,4737,3729,31668,1,1,1,1
23.0000,9861,1,1,111009,1,212397,0.522651,1,1,330,552,163306,27.95901,0.00199,2.38621,0.00407,0,1,3,1.752939,1.243915,1.243915,-0.215946,-0.215889,14.745601,9858,0.014641,0.046993,88559,35843,19426,12475,8666,6412,4858,3684,32473,1,1,1,1
23.9000,9861,1,1,113369,1,217865,0.520366,1,2,33,83,91578,28.58278,0.00199,2.38621,0.00407,0,1,3,1.821609,1.397324,1.397324,-0.527835,-0.527774,14.433621,984,0.036566,0.004792,90497,37130,20341,12756,8874,6394,4890,3965,33017,1,1,1,1
22.3500,9873,1,1,109059,1,209144,0.521457,1,9,17,230,140282,27.51190,0.00133,2.38962,0.00446,0,1,3,3.250154,2.767421,2.767421,0.010712,0.010831,14.972365,16291,-0.000723,0.076389,86696,35799,19234,12403,8454,6364,4742,3613,31838,1,1,1,1
22.4000,9873,1,1,109404,0,209438,0.522372,2,8,47,47,947404,27.54658,0.00133,2.38962,0.00446,1,1,2,1.414004,1.000000,4.538605,-0.006654,-0.006619,14.954864,15794,0.000443,0.074146,87003,35555,19465,12369,8510,6151,4817,3728,31839,1,1,1,1
23.0000,9873,1,1,110610,0,212477,0.520576,3,128,128,128,99177,27.96248,0.00133,2.38962,0.00446,1,1,2,1.013638,1.000000,1.769174,-0.214558,-0.214556,14.746560,9870,0.014550,0.046990,87844,36179,20029,12464,8558,6392,4895,3725,32390,1,1,1,1
23.9000,9873,1,1,113742,0,218649,0.520206,1,844,844,844,369011,28.58627,0.00133,2.38962,0.00446,1,1,2,1.001498,1.000000,1.276514,-0.526433,-0.526433,14.434461,985,0.036471,0.004791,90899,37318,20364,12855,8861,6478,5034,3923,32916,1,1,1,1
22.3500,9885,1,1,109435,1,209292,0.522884,4,5,5,60,406319,27.50806,0.00190,2.39347,0.00423,0,1,3,1.307617,1.076103,1.076103,0.009140,0.009167,14.970697,16306,-0.000612,0.076376,86938,35598,19318,12306,8541,6268,4712,3827,31783,1,1,1,1
22.4000,9885,1,1,109129,1,209199,0.521654,1,6,91,91,525461,27.54277,0.00190,2.39347,0.00423,0,1,3,1.720715,1.218737,1.061575,-0.008212,-0.008157,14.953331,15811,0.000545,0.074143,86762,35588,19257,12278,8609,6252,4732,3714,32006,1,1,1,1
23.0000,9885,1,1,111156,0,212669,0.522674,1,14,145,299,357680,27.95866,0.00190,2.39347,0.00423,1,0,2,1.191526,1.000000,3.252253,-0.216215,-0.216197,14.745335,9881,0.014662,0.046989,88438,35892,19946,12509,8454,6371,4758,3771,32529,1,1,1,1
23.9000,9885,1,1,113427,1,217641,0.521168,1,1,10,338,164465,28.58246,0.00190,2.39347,0.00423,0,0,3,1.340520,1.001730,1.001730,-0.528051,-0.528022,14.433418,984,0.036583,0.004781,90022,36994,20369,12871,8866,6540,4996,3854,33128,1,1,1,1
22.3500,9897,1,1,109336,0,209299,0.522394,1,2,24,60,272018,27.50908,0.00200,2.39391,0.00407,1,1,3,1.255932,1.000000,1.035089,0.009716,0.009739,14.971148,16324,-0.000651,0.076365,86760,35411,19431,12475,8487,6356,4881,3662,31835,1,1,1,1
22.4000,9897,1,1,109673,1,209992,0.522275,1,2,27,338,12660433,27.54375,0.00200,2.39391,0.00407,0,1,3,1.894227,1.354094,1.354094,-0.007633,-0.007568,14.953928,15829,0.000506,0.074134,87284,35851,19508,12268,8447,6195,4725,3752,31961,1,1,1,1
23.0000,9897,1,1,111609,1,213674,0.522336,3,4,41,41,1603389,27.95969,0.00200,2.39391,0.00407,0,1,3,1.484017,1.371218,1.371218,-0.215606,-0.215566,14.745978,9894,0.014619,0.046992,88916,36448,19780,12535,8497,6357,4864,3798,32478,1,1,1,1
23.9000,9897,1,1,113616,0,218274,0.520522,1,6,20,969,114295,28.58350,0.00200,2.39391,0.00407,1,1,2,1.411923,1.000000,3.426535,-0.527559,-0.527524,14.433964,984,0.036547,0.004775,90767,37037,20265,12871,8852,6408,4947,3892,33234,1,1,1,1
22.3500,9909,1,1,109473,1,210236,0.520717,1,11,15,670,181952,27.51743,0.00172,2.39451,0.00369,0,1,3,4.833618,4.360259,4.360259,0.013620,0.013779,14.975326,16349,-0.000920,0.076368,87271,35827,19679,12295,8432,6321,4689,3823,31898,1,1,1,1
22.4000,9909,1,1,109840,0,210482,0.521852,4,1,25,39,556666,27.55205,0.00172,2.39451,0.00369,1,1,3,1.414213,1.000000,1.042983,-0.003620,-0.003585,14.957897,15854,0.000240,0.074142,87587,35752,19605,12268,8516,6233,4848,3758,31914,1,1,1,1
23.0000,9909,1,1,111176,0,213102,0.521706,2,1,112,301,242225,27.96798,0.00172,2.39451,0.00369,1,1,3,1.403819,1.000000,1.096817,-0.211589,-0.211555,14.749914,9909,0.014343,0.046993,88160,36221,20041,12496,8662,6355,4914,3898,32354,1,1,1,1
23.9000,9909,1,1,114360,0,218856,0.522538,4,10,56,193,244252,28.59181,0.00172,2.39451,0.00369,1,1,2,1.276334,1.000000,3.445362,-0.523560,-0.523535,14.437987,991,0.036261,0.004801,90814,37409,20209,12771,9083,6500,4902,3885,33282,1,1,1,1
22.3500,9921,1,1,109779,1,209892,0.523029,1,16,16,1544,254410,27.51529,0.00212,2.39261,0.00416,0,1,3,1.773295,1.260568,1.056007,0.012834,0.012892,14.974364,16373,-0.000861,0.076392,87172,35562,19434,12494,8566,6202,4771,3756,31934,1,1,1,1
22.4000,9921,1,1,109746,0,210532,0.521282,2,11,14,82,430194,27.54994,0.00212,2.39261,0.00416,1,1,2,1.413174,1.000000,5.975716,-0.004582,-0.004547,14.956932,15877,0.000304,0.074164,87267,35900,19662,12465,8672,6254,4695,3775,31841,1,1,1,1
23.0000,9921,1,1,111701,1,214236,0.521395,2,11,12,13,46762,27.96586,0.00212,2.39261,0.00416,0,0,3,3.130267,2.808929,2.808929,-0.212501,-0.212386,14.748943,9924,0.014400,0.047011,89110,36275,19903,12731,8758,6381,4852,3775,32450,1,1,1,1
23.9000,9921,1,1,113978,0,218867,0.520766,15,1,15,192,1475427,28.58962,0.00212,2.39261,0.00416,1,1,3,1.396840,1.000000,1.014459,-0.524331,-0.524298,14.437200,1003,0.036316,0.004854,90896,36957,20306,13174,8849,6424,4934,3822,33504,1,1,1,1
22.3500,9933,1,1,109511,1,210127,0.521168,1,18,18,56,476591,27.51212,0.00172,2.38784,0.00425,0,1,3,6.170344,5.559780,5.559780,0.010982,0.011165,14.972465,16389,-0.000746,0.076384,87210,35566,19624,12269,8589,6287,4719,3726,32136,1,1,1,1
22.4000,9933,1,1,109669,1,210366,0.521327,4,2,16,121,313696,27.54681,0.00172,2.38784,0.00425,0,1,3,1.517105,1.074576,1.043106,-0.006269,-0.006227,14.955250,15892,0.000416,0.074153,87380,35383,19746,12631,8528,6172,4784,3788,31953,1,1,1,1
23.0000,9933,1,1,111816,0,214512,0.521260,1,310,310,310,489228,27.96271,0.00172,2.38784,0.00425,1,0,2,1.033513,1.000000,10.604122,-0.214342,-0.214339,14.747210,9935,0.014534,0.047011,89165,36429,19792,12787,8677,6440,4802,3858,32561,1,1,1,1
23.9000,9933,1,1,114243,1,219481,0.520517,1,4,8,117,583261,28.58649,0.00172,2.38784,0.00425,0,1,3,2.921846,2.347431,2.347431,-0.526158,-0.526050,14.435319,993,0.036442,0.004800,91193,37321,20349,13011,8812,6523,4998,3938,33335,1,1,1,1
22.3500,9945,1,1,110369,1,211188,0.522613,6,2,24,139,1438461,27.51552,0.00334,2.39522,0.00460,0,1,3,1.522047,1.264652,1.264652,0.013585,0.013627,14.974924,16411,-0.000910,0.076382,88040,36157,19550,12237,8476,6274,4864,3692,31897,1,1,1,1
22.4000,9945,1,1,110260,0,211277,0.521877,3,14,438,438,302376,27.55023,0.00334,2.39522,0.00460,1,1,2,1.364080,1.000000,6.184353,-0.003851,-0.003820,14.957688,15919,0.000255,0.074177,87553,35969,19897,12442,8567,6367,4752,3803,31926,1,1,1,1
23.0000,9945,1,1,111829,1,214328,0.521768,1,8,12,12,1135467,27.96612,0.00334,2.39522,0.00460,0,1,3,2.723745,2.401090,2.401090,-0.211747,-0.211646,14.749892,9946,0.014349,0.046998,89100,36293,19834,12509,8756,6487,4945,3843,32560,1,1,1,1
23.9000,9945,1,1,114256,0,219457,0.520633,2,18,18,56,5383321,28.58992,0.00334,2.39522,0.00460,1,1,2,1.334113,1.000000,7.411135,-0.523703,-0.523674,14.437839,996,0.036271,0.004808,90915,37238,20575,12874,8927,6565,5043,3955,33364,1,1,1,1
22.3500,9957,1,1,109935,1,210873,0.521335,21,42,84,84,369758,27.51563,0.00242,2.39386,0.00415,0,1,3,2.240598,1.793526,1.793526,0.013177,0.013258,14.974784,16427,-0.000885,0.076365,87712,35646,19569,12354,8633,6281,4806,3854,32017,1,1,1,1
22.4000,9957,1,1,109792,0,210662,0.521179,1,8,15,25,1729323,27.55030,0.00242,2.39386,0.00415,1,1,2,1.124167,1.000000,1.240629,-0.004139,-0.004127,14.957413,15929,0.000276,0.074136,87200,36095,19418,12502,8478,6104,4867,3810,32187,1,1,1,1
23.0000,9957,1,1,112013,1,214616,0.521925,40,35,40,149,290776,27.96624,0.00242,2.39386,0.00415,0,1,3,2.841429,2.277824,2.266832,-0.212141,-0.212036,14.749490,9954,0.014376,0.046980,89114,36244,20085,12582,8807,6357,4973,3939,32514,1,1,1,1
23.9000,9957,1,1,114583,1,219736,0.521460,1,26,26,104,854541,28.59006,0.00242,2.39386,0.00415,0,1,3,18.488662,13.506899,13.506899,-0.524137,-0.523845,14.437344,995,0.036284,0.004798,91435,37284,20273,13066,8820,6379,4996,3874,33608,1,1,1,1
22.3500,9969,1,1,110316,0,211104,0.522570,8,84,84,209,342959,27.51945,0.00111,2.40211,0.00486,1,1,2,1.402781,1.000000,41.003710,0.014218,0.014252,14.975748,16452,-0.000952,0.076384,87831,35727,19685,12459,8629,6122,4742,3748,32160,1,1,1,1
22.4000,9969,1,1,110051,1,210717,0.522272,1,30,30,191,146666,27.55408,0.00111,2.40211,0.00486,0,1,3,6.684321,6.264869,6.264869,-0.003000,-0.002810,14.958737,15952,0.000188,0.074147,87596,35669,19719,12353,8396,6233,4706,3831,32213,1,1,1,1
23.0000,9969,1,1,112063,1,215258,0.520601,5,21,74,115,179601,27.97001,0.00111,2.40211,0.00486,0,1,3,6.253067,5.893197,5.893197,-0.210962,-0.210778,14.750418,9968,0.014290,0.046987,89520,36522,20035,12718,8839,6301,4898,3906,32518,1,1,1,1
23.9000,9969,1,1,114436,0,220084,0.519967,1,7,46,183,340769,28.59384,0.00111,2.40211,0.00486,1,1,2,1.336109,1.000000,3.127348,-0.522843,-0.522814,14.438699,996,0.036209,0.004796,91752,36858,20629,12899,8916,6571,4929,3997,33532,1,1,1,1
22.3500,9981,1,1,110533,1,211730,0.522049,3,2,282,282,449437,27.51214,0.00111,2.39622,0.00431,0,1,3,1.581775,1.126978,1.126978,0.010757,0.010803,14.972298,16465,-0.000722,0.076370,88077,35835,19754,12418,8581,6352,4942,3732,32038,1,1,1,1
22.4000,9981,1,1,110230,0,211027,0.522353,1,5,23,100,91271,27.54679,0.00111,2.39622,0.00431,1,0,2,1.298290,1.000000,2.216168,-0.006605,-0.006579,14.954940,15965,0.000440,0.074137,87320,35965,19672,12446,8503,6361,4767,3771,32221,1,1,1,1
23.0000,9981,1,1,112130,0,215366,0.520651,1,6,6,64,1468588,27.96271,0.00111,2.39622,0.00431,1,1,2,1.239944,1.000000,2.001882,-0.214558,-0.214537,14.746867,9980,0.014548,0.046998,89555,36494,19892,12835,8715,6585,5008,3747,32534,1,1,1,1
23.9000,9981,1,1,114540,0,220152,0.520279,1,44,177,177,915653,28.58648,0.00111,2.39622,0.00431,1,0,2,1.075936,1.000000,3.603598,-0.526472,-0.526465,14.435080,994,0.036471,0.004782,91581,37274,20614,12848,8936,6444,5001,3933,33520,1,1,1,1
22.3500,9993,1,1,110178,0,211403,0.521178,1,6,7,181,222121,27.50869,0.00125,2.39450,0.00418,1,0,2,1.271473,1.000000,2.164965,0.009078,0.009102,14.970626,16489,-0.000608,0.076398,87702,35757,19823,12456,8753,6134,4733,3766,32278,1,1,1,1
22.4000,9993,1,1,110835,1,212384,0.521864,155,10,155,155,208749,27.54337,0.00125,2.39450,0.00418,0,1,3,6.771897,5.034620,5.034620,-0.008305,-0.008113,14.953439,15988,0.000543,0.074162,88426,35824,19900,12588,8521,6273,4906,3768,32177,1,1,1,1
23.0000,9993,1,1,112524,0,215605,0.521901,10,16,242,242,211209,27.95927,0.00125,2.39450,0.00418,1,1,2,1.164910,1.000000,3.045738,-0.216230,-0.216215,14.745152,9992,0.014663,0.047004,89737,36258,20249,12746,8732,6517,4823,3815,32727,1,1,1,1
23.9000,9993,1,1,114724,0,220254,0.520874,7,72,72,163,3047596,28.58305,0.00125,2.39450,0.00418,1,1,2,1.338531,1.000000,28.939201,-0.528235,-0.528206,14.433307,999,0.036596,0.004801,91177,37444,20510,12944,9048,6652,5003,3937,33538,1,1,1,1
