k,n,ok,brk,idx,parity,len,irat,pqat,pqnext,pqw5,pqw20,pqmax,logh11,logh22,logmz,logg0,incone,redst,jhi,rho,rho2,skew,loglam1,logcone,logq,v2qp,dinf,d2,q1,q2,q3,q4,q5,q6,q7,q8,q9,cY,cX,cIdx,intq
22.3500,2383,1,1,26353,1,50545,0.521387,1,2,10,30,497841,27.42497,0.00784,2.38436,0.01880,0,1,3,2.481123,1.778491,1.778491,-0.030604,-0.030223,14.930483,3931,0.002024,0.076583,21071,8544,4684,3090,2089,1474,1085,929,7578,1,1,1,1
22.4000,2383,1,1,26488,0,50445,0.525097,1,2,63,152,21952,27.45959,0.00784,2.38436,0.01880,1,1,3,1.254379,1.000000,1.005049,-0.047788,-0.047693,14.913019,3808,0.003198,0.074273,20976,8489,4765,2956,2105,1492,1123,953,7585,1,1,1,1
23.0000,2383,1,1,26601,1,50982,0.521783,8,36,99,99,93493,27.87554,0.00784,2.38436,0.01880,0,1,3,1.697617,1.222693,1.087862,-0.255770,-0.255548,14.705547,2378,0.017378,0.047036,21064,8756,4769,2975,1985,1488,1187,896,7861,1,1,1,1
23.9000,2383,1,1,27617,1,52771,0.523347,1,3,11,1347,294862,28.49916,0.00784,2.38436,0.01880,0,1,3,1.622636,1.489056,1.489056,-0.567653,-0.567450,14.393841,235,0.039423,0.004749,22082,9035,4847,3081,2107,1597,1192,948,7881,1,1,1,1
22.3500,2384,1,1,26276,0,50353,0.521846,9,5,22,81,49085,27.42683,0.00813,2.37664,0.01957,1,1,3,1.190738,1.000000,1.121958,-0.029334,-0.029261,14.931331,3935,0.001960,0.076624,20891,8555,4718,2899,2061,1450,1213,914,7651,1,1,1,1
22.4000,2384,1,1,26136,0,50132,0.521354,2,3,10,101,171680,27.46143,0.00813,2.37664,0.01957,1,0,3,1.307644,1.000000,1.311407,-0.046664,-0.046552,14.914614,3816,0.003121,0.074390,20693,8494,4784,2953,1983,1478,1124,929,7693,1,1,1,1
23.0000,2384,1,1,26807,1,51308,0.522482,67,5,67,67,61155,27.87749,0.00813,2.37664,0.01957,0,1,3,4.041990,2.871971,2.871971,-0.254862,-0.254276,14.706978,2387,0.017290,0.047190,21368,8691,4832,3031,1966,1570,1192,831,7826,1,1,1,1
23.9000,2384,1,1,27429,1,52974,0.517792,1,4,71,71,67680,28.50115,0.00813,2.37664,0.01957,0,0,3,1.653960,1.190938,1.190938,-0.566491,-0.566280,14.394652,238,0.039340,0.004807,22079,9159,4903,3133,2147,1516,1171,974,7891,1,1,1,1
22.3500,2385,1,1,26317,1,50539,0.520737,1,356,356,356,493178,27.41971,0.01374,2.38243,0.01596,0,1,3,3.529550,2.740249,2.572235,-0.030161,-0.029633,14.931545,3933,0.001985,0.076552,21182,8515,4541,2972,2101,1508,1164,903,7652,1,1,1,1
22.4000,2385,1,1,26318,0,50326,0.522961,3,18,18,221,23257,27.45458,0.01374,2.38243,0.01596,1,1,2,1.392818,1.000000,8.944521,-0.047860,-0.047721,14.913368,3812,0.003200,0.074287,20915,8553,4563,2994,2044,1514,1087,887,7768,1,1,1,1
23.0000,2385,1,1,26647,1,51321,0.519232,2,2,3,465,13909,27.87047,0.01374,2.38243,0.01596,0,0,3,1.442312,1.137586,1.137586,-0.255369,-0.255216,14.705520,2380,0.017355,0.047036,21242,8884,4825,2989,2050,1443,1112,895,7880,1,1,1,1
23.9000,2385,1,1,27131,1,52226,0.519502,1,87,87,178,236650,28.49416,0.01374,2.38243,0.01596,0,1,3,3.050612,2.976591,2.976591,-0.567417,-0.566950,14.394352,236,0.039387,0.004765,21549,8767,4880,3183,2138,1548,1199,966,7995,1,1,1,1
22.3500,2386,1,1,26270,0,50327,0.521997,2,17,17,20,319067,27.42104,0.00841,2.38096,0.01514,1,1,2,1.391656,1.000000,8.453411,-0.032599,-0.032461,14.928631,3932,0.002174,0.076515,20921,8548,4605,2987,2014,1462,1201,905,7683,1,1,1,1
22.4000,2386,1,1,26142,0,50153,0.521255,2,9,9,332,146829,27.45561,0.00841,2.38096,0.01514,1,1,2,1.262739,1.000000,2.901482,-0.049659,-0.049561,14.911166,3813,0.003324,0.074287,20744,8523,4754,2931,1966,1479,1169,876,7710,1,1,1,1
23.0000,2386,1,1,26547,1,51009,0.520448,1,4,304,304,703058,27.87161,0.00841,2.38096,0.01514,0,1,3,3.210343,2.544777,2.544777,-0.257634,-0.257145,14.704067,2381,0.017488,0.047041,21176,8661,4704,2963,2119,1534,1158,898,7795,1,1,1,1
23.9000,2386,1,1,27204,0,52402,0.519150,3,122,122,122,55559,28.49533,0.00841,2.38096,0.01514,1,1,2,1.241632,1.000000,33.296272,-0.570032,-0.569941,14.390750,234,0.039605,0.004724,21706,8842,4929,3154,2172,1545,1158,927,7968,1,1,1,1
22.3500,2387,1,1,26354,0,50527,0.521593,4,13,13,87,81718,27.41911,0.00935,2.37018,0.01903,1,1,2,1.389436,1.000000,6.599645,-0.032935,-0.032797,14.928136,3934,0.002197,0.076525,20942,8751,4679,2937,2011,1568,1145,876,7617,1,1,1,1
22.4000,2387,1,1,26290,0,50355,0.522104,1,2,131,131,169177,27.45367,0.00935,2.37018,0.01903,1,1,2,1.411388,1.000000,1.607956,-0.049909,-0.049765,14.911283,3815,0.003337,0.074294,20980,8396,4755,2908,2057,1520,1144,920,7674,1,1,1,1
23.0000,2387,1,1,26623,1,51026,0.521764,84,12,84,137,290603,27.86979,0.00935,2.37018,0.01903,0,1,3,5.475063,4.929793,4.929793,-0.258212,-0.257500,14.701199,2384,0.017516,0.047090,20883,8764,4780,2975,2135,1526,1154,976,7832,1,1,1,1
23.9000,2387,1,1,27498,0,52400,0.524781,1,2,23,56,129748,28.49354,0.00935,2.37018,0.01903,1,1,2,1.401977,1.000000,1.872537,-0.569877,-0.569736,14.391338,236,0.039589,0.004762,21815,8763,4851,3098,2165,1549,1213,920,8025,1,1,1,1
22.3500,2388,1,1,26174,0,50298,0.520389,21,14,21,868,1010500,27.43067,0.00840,2.38438,0.01935,1,0,2,1.079092,1.000000,1.175207,-0.027169,-0.027137,14.934142,3936,0.001817,0.076501,20705,8591,4668,3075,2120,1508,1067,918,7645,1,1,1,1
22.4000,2388,1,1,26452,0,50467,0.524155,6,14,14,16,27372,27.46550,0.00840,2.38438,0.01935,1,1,2,1.304127,1.000000,5.028351,-0.044889,-0.044778,14.916391,3821,0.003002,0.074354,21059,8469,4736,2913,2074,1530,1077,907,7701,1,1,1,1
23.0000,2388,1,1,26856,0,51468,0.521810,1,9,9,23,49160,27.88145,0.00840,2.38438,0.01935,1,1,2,1.283599,1.000000,3.182093,-0.252764,-0.252660,14.708521,2383,0.017178,0.047027,21426,8795,4815,2928,2093,1541,1170,912,7787,1,1,1,1
23.9000,2388,1,1,27250,0,52458,0.519473,1,2,4,34,867941,28.50522,0.00840,2.38438,0.01935,1,1,2,1.414209,1.000000,1.580933,-0.564505,-0.564359,14.396662,234,0.039201,0.004718,21819,8893,4791,3099,2171,1541,1217,894,8032,1,1,1,1
22.3500,2389,1,1,26281,1,50356,0.521914,1,2,9,94,125118,27.42228,0.01377,2.39287,0.01755,0,1,3,1.407455,1.246497,1.246497,-0.028869,-0.028726,14.932531,3933,0.001924,0.076419,20913,8564,4733,2884,1986,1526,1180,880,7689,1,1,1,1
22.4000,2389,1,1,26157,1,50465,0.518330,8,34,34,74,464302,27.45680,0.01377,2.39287,0.01755,0,1,3,8.167293,7.788156,7.788156,-0.046527,-0.045648,14.915653,3815,0.003060,0.074210,21007,8681,4793,2939,1997,1399,1095,874,7679,1,1,1,1
23.0000,2389,1,1,26724,0,51137,0.522606,4,2,17,70,62370,27.87287,0.01377,2.39287,0.01755,1,1,3,1.377669,1.000000,1.315202,-0.254171,-0.254037,14.707072,2380,0.017273,0.046953,21249,8616,4803,2929,2017,1599,1178,987,7758,1,1,1,1
23.9000,2389,1,1,27371,1,52671,0.519670,1,10,10,46,112417,28.49667,0.01377,2.39287,0.01755,0,1,3,7.681595,5.519957,5.519957,-0.566388,-0.565535,14.395771,230,0.039285,0.004636,21817,9089,4878,3105,2136,1501,1260,929,7955,1,1,1,1
22.3500,2390,1,1,26223,1,50553,0.518733,5,2,11,33,161835,27.42846,0.00637,2.38605,0.01367,0,1,3,1.559805,1.173393,1.173393,-0.029378,-0.029192,14.931960,3951,0.001955,0.076739,20982,8436,4788,3074,2062,1544,1171,910,7585,1,1,1,1
22.4000,2390,1,1,26306,0,50285,0.523149,1,6,36,277,74141,27.46326,0.00637,2.38605,0.01367,1,1,2,1.198682,1.000000,1.554248,-0.046838,-0.046762,14.913849,3831,0.003136,0.074499,20774,8512,4685,3017,2079,1465,1132,975,7645,1,1,1,1
23.0000,2390,1,1,27008,0,51738,0.522025,1,3,43,179,24153144,27.87915,0.00637,2.38605,0.01367,1,0,2,1.291270,1.000000,1.509867,-0.254768,-0.254661,14.706516,2397,0.017316,0.047270,21693,8795,4780,3092,2038,1561,1117,903,7758,1,1,1,1
23.9000,2390,1,1,27587,1,52693,0.523552,2,5,19,67,151518,28.50298,0.00637,2.38605,0.01367,0,0,3,1.475245,1.135620,1.135620,-0.566629,-0.566466,14.394321,251,0.039353,0.005057,21757,8810,5115,3201,2165,1503,1194,956,7991,1,1,1,1
22.3500,2391,1,1,26373,1,50277,0.524564,1,3,3,113,102467,27.42318,0.01007,2.38619,0.01815,0,0,3,1.754248,1.331627,1.331627,-0.030091,-0.029856,14.930960,3951,0.002000,0.076712,20783,8615,4794,2929,2016,1477,1119,916,7627,1,1,1,1
22.4000,2391,1,1,26274,0,50400,0.521320,1,4,6,116,36384,27.45796,0.01007,2.38619,0.01815,1,1,2,1.287165,1.000000,1.820737,-0.047550,-0.047445,14.913324,3831,0.003181,0.074470,20973,8518,4564,3056,2094,1470,1166,866,7692,1,1,1,1
23.0000,2391,1,1,26680,0,51331,0.519774,2,11,31,46,70936,27.87397,0.01007,2.38619,0.01815,1,1,2,1.261563,1.000000,3.543137,-0.255691,-0.255594,14.705600,2396,0.017381,0.047233,21356,8694,4773,3005,2034,1517,1186,908,7857,1,1,1,1
23.9000,2391,1,1,27411,1,52435,0.522771,1,2,22,42,112439,28.49754,0.01007,2.38619,0.01815,0,0,3,1.890105,1.487467,1.487467,-0.567289,-0.567022,14.393720,245,0.039394,0.004934,21728,8871,5016,2995,2094,1500,1208,936,8086,1,1,1,1
22.3500,2392,1,1,26467,1,50473,0.524390,1,16,117,117,111364,27.42481,0.00956,2.37960,0.02022,0,1,3,7.341603,6.263956,6.263956,-0.030043,-0.029209,14.931230,3957,0.001956,0.076795,20970,8528,4692,2968,2099,1510,1145,896,7664,1,1,1,1
22.4000,2392,1,1,26665,1,50871,0.524179,16,14,16,44,102527,27.45929,0.00956,2.37960,0.02022,0,1,3,9.551329,7.061558,7.061558,-0.047309,-0.046366,14.912695,3835,0.003109,0.074520,21337,8554,4830,2973,2041,1493,1133,909,7600,1,1,1,1
23.0000,2392,1,1,26542,0,50966,0.520789,1,7,112,112,368824,27.87541,0.00956,2.37960,0.02022,1,1,3,1.123213,1.000000,1.068699,-0.254967,-0.254918,14.706343,2401,0.017334,0.047310,21202,8566,4684,2976,2002,1559,1145,927,7904,1,1,1,1
23.9000,2392,1,1,27346,0,52561,0.520282,1,78,78,78,97273,28.49901,0.00956,2.37960,0.02022,1,1,2,1.034425,1.000000,2.816188,-0.566975,-0.566961,14.392936,248,0.039392,0.004993,21588,8988,4990,3149,2117,1625,1218,947,7938,1,1,1,1
22.3500,2393,1,1,26211,1,50377,0.520307,2,10,15,97,74640,27.42504,0.00903,2.38313,0.01541,0,1,3,4.551723,4.083048,4.083048,-0.029999,-0.029366,14.931942,3952,0.001967,0.076663,20854,8363,4841,2997,2036,1508,1152,913,7712,1,1,1,1
22.4000,2393,1,1,26429,1,50656,0.521745,1,9,20,166,32255,27.45980,0.00903,2.38313,0.01541,0,1,3,1.471656,1.077546,1.077546,-0.047080,-0.046919,14.914204,3832,0.003146,0.074423,20988,8731,4715,2896,2038,1555,1167,912,7653,1,1,1,1
23.0000,2393,1,1,26966,0,51701,0.521586,1,162,162,162,127532,27.87574,0.00903,2.38313,0.01541,1,1,2,1.191699,1.000000,34.288720,-0.255796,-0.255723,14.705507,2400,0.017390,0.047273,21463,8861,4802,3009,2127,1531,1154,956,7797,1,1,1,1
23.9000,2393,1,1,27364,0,52633,0.519912,4,19,77,77,16641,28.49937,0.00903,2.38313,0.01541,1,1,2,1.378047,1.000000,9.075701,-0.567333,-0.567199,14.393715,243,0.039406,0.004890,21729,8959,5018,3071,2153,1577,1131,951,8043,1,1,1,1
22.3500,2394,1,1,26389,1,50788,0.519601,2,3,63,63,359453,27.41991,0.01026,2.38877,0.01422,0,0,3,1.827931,1.534659,1.534659,-0.031636,-0.031384,14.929212,3954,0.002102,0.076683,21248,8557,4743,2947,2060,1497,1217,865,7653,1,1,1,1
22.4000,2394,1,1,26317,1,50488,0.521263,15,11,212,785,80197,27.45465,0.01026,2.38877,0.01422,0,1,3,2.848524,2.289949,2.289949,-0.049101,-0.048664,14.912541,3834,0.003263,0.074439,20778,8589,4780,3033,2096,1511,1177,919,7604,1,1,1,1
23.0000,2394,1,1,26694,0,51198,0.521398,7,4,35,117,193326,27.87071,0.01026,2.38877,0.01422,1,0,2,1.302784,1.000000,1.520889,-0.257038,-0.256927,14.704244,2398,0.017473,0.047218,21114,8808,4761,2987,2022,1534,1192,934,7845,1,1,1,1
23.9000,2394,1,1,27543,1,52690,0.522747,1,4,43,46,61370,28.49437,0.01026,2.38877,0.01422,0,0,3,2.475448,1.810093,1.810093,-0.568908,-0.568530,14.392366,243,0.039502,0.004888,21807,9061,4841,3025,2182,1556,1185,1014,8018,1,1,1,1
22.3500,2395,1,1,26398,0,50451,0.523251,2,23,70,328,166051,27.42269,0.00968,2.39601,0.01522,1,1,2,1.355146,1.000000,10.085376,-0.031129,-0.031002,14.930131,3958,0.002076,0.076724,20850,8576,4763,2876,2095,1455,1192,927,7716,1,1,1,1
22.4000,2395,1,1,26224,0,50287,0.521497,1,4,278,278,446354,27.45742,0.00968,2.39601,0.01522,1,0,2,1.217803,1.000000,1.434699,-0.048079,-0.047996,14.913221,3837,0.003218,0.074463,20981,8226,4718,2888,2144,1560,1144,952,7673,1,1,1,1
23.0000,2395,1,1,26922,0,51571,0.522048,1,6,28,36,46413,27.87330,0.00968,2.39601,0.01522,1,1,2,1.329719,1.000000,2.778307,-0.256168,-0.256049,14.704787,2400,0.017413,0.047236,21409,8684,4895,3049,2125,1485,1169,931,7823,1,1,1,1
23.9000,2395,1,1,27379,1,52498,0.521535,2,10,13,166,56694,28.49699,0.00968,2.39601,0.01522,0,1,3,5.323473,4.539082,4.539082,-0.568115,-0.567417,14.393867,245,0.039421,0.004926,21667,8838,4975,3009,2208,1550,1252,946,8052,1,1,1,1
22.3500,2396,1,1,26349,1,50414,0.522663,1,114,114,114,88326,27.41009,0.01848,2.39119,0.01392,0,1,3,18.699322,17.780462,17.780462,-0.033043,-0.031820,14.929474,3959,0.002131,0.076715,20973,8498,4652,2959,2010,1510,1197,919,7695,1,1,1,1
22.4000,2396,1,1,26481,1,51059,0.518645,15,6,152,152,107779054,27.44481,0.01848,2.39119,0.01392,0,1,3,1.450919,1.283953,1.283953,-0.049851,-0.049696,14.911562,3839,0.003333,0.074479,21439,8730,4804,2840,2021,1540,1127,900,7657,1,1,1,1
23.0000,2396,1,1,26691,1,51503,0.518252,7,2,57,107,416224,27.86081,0.01848,2.39119,0.01392,0,1,3,1.413226,1.108578,1.108578,-0.257820,-0.257676,14.703512,2404,0.017525,0.047299,21400,8775,4830,3084,2027,1537,1115,926,7808,1,1,1,1
23.9000,2396,1,1,27344,0,52677,0.519098,2,150,150,150,183141,28.48453,0.01848,2.39119,0.01392,1,1,2,1.397743,1.000000,71.876938,-0.570552,-0.570412,14.390542,245,0.039638,0.004925,21654,8954,5010,3158,2198,1590,1144,993,7975,1,1,1,1
22.3500,2397,1,1,26427,1,50341,0.524970,2,13,15,45,152023,27.41237,0.00902,2.38281,0.01601,0,1,3,1.940867,1.410522,1.314939,-0.035977,-0.035701,14.925412,3957,0.002392,0.076665,20897,8461,4680,2905,1993,1500,1139,916,7849,1,1,1,1
22.4000,2397,1,1,26418,0,50686,0.521219,1,3,32,54,77470,27.44707,0.00902,2.38281,0.01601,1,0,3,1.279781,1.000000,1.145265,-0.053306,-0.053204,14.907982,3839,0.003569,0.074466,20918,8638,4868,3001,2040,1509,1098,890,7723,1,1,1,1
23.0000,2397,1,1,26741,1,51220,0.522091,1,7,21,136,133475,27.86319,0.00902,2.38281,0.01601,0,1,3,4.723205,3.818786,3.818786,-0.261617,-0.260970,14.699571,2399,0.017754,0.047194,21272,8627,4793,3019,2117,1513,1190,878,7810,1,1,1,1
23.9000,2397,1,1,27560,0,52981,0.520196,8,6,147,232,109300,28.48694,0.00902,2.38281,0.01601,1,1,2,1.179373,1.000000,1.244551,-0.573258,-0.573189,14.387383,241,0.039840,0.004844,22110,8981,4915,3189,2167,1551,1178,924,7965,1,1,1,1
22.3500,2398,1,1,26520,0,50871,0.521329,2,3,5,33,26834,27.41657,0.00873,2.37655,0.01530,1,1,2,1.409543,1.000000,1.863337,-0.034293,-0.034150,14.926839,3961,0.002288,0.076703,21236,8605,4743,3037,2063,1485,1136,908,7657,1,1,1,1
22.4000,2398,1,1,26472,0,50742,0.521708,8,2,62,62,29006,27.45125,0.00873,2.37655,0.01530,1,1,3,1.096366,1.000000,1.012660,-0.051492,-0.051454,14.909825,3840,0.003451,0.074445,21083,8644,4740,3093,2020,1446,1157,854,7704,1,1,1,1
23.0000,2398,1,1,26906,0,51672,0.520718,1,27,136,136,61745,27.86720,0.00873,2.37655,0.01530,1,1,2,1.086795,1.000000,2.579185,-0.259676,-0.259641,14.701636,2401,0.017661,0.047207,21318,9019,4893,3048,2033,1561,1142,916,7741,1,1,1,1
23.9000,2398,1,1,27461,1,52850,0.519612,1,3,219,735,57040,28.49098,0.00873,2.37655,0.01530,0,1,3,1.480925,1.108808,1.108808,-0.571386,-0.571223,14.389926,246,0.039696,0.004941,22010,8955,4993,3131,2079,1565,1219,918,7979,1,1,1,1
22.3500,2399,1,1,26550,0,50669,0.523999,1,3,48,48,71204,27.41890,0.00872,2.37971,0.01587,1,1,2,1.405406,1.000000,2.114610,-0.033054,-0.032912,14.928064,3963,0.002205,0.076704,21009,8582,4760,2985,2027,1572,1152,911,7670,1,1,1,1
22.4000,2399,1,1,26239,1,50438,0.520233,1,51,51,192,444557,27.45357,0.00872,2.37971,0.01587,0,1,3,1.760496,1.267488,1.107318,-0.050248,-0.050012,14.911086,3841,0.003354,0.074427,20858,8613,4575,2997,2105,1526,1134,884,7745,1,1,1,1
23.0000,2399,1,1,26831,1,51366,0.522360,1,12,104,104,1460825,27.86963,0.00872,2.37971,0.01587,0,1,3,1.903252,1.893825,1.893825,-0.258397,-0.258128,14.703183,2400,0.017556,0.047162,21293,8746,4712,3029,2148,1531,1119,934,7853,1,1,1,1
23.9000,2399,1,1,27532,0,52703,0.522409,7,10,10,160,548726,28.49344,0.00872,2.37971,0.01587,1,1,2,1.414053,1.000000,5.389583,-0.570518,-0.570374,14.390645,241,0.039635,0.004839,21768,9052,5017,2971,2098,1577,1193,911,8115,1,1,1,1
22.3500,2400,1,1,26601,1,50865,0.522983,7,24,24,48,99278,27.41271,0.00901,2.38331,0.01698,0,1,3,2.308506,1.724575,1.629147,-0.036136,-0.035787,14.925360,3967,0.002398,0.076763,21237,8663,4712,3037,2102,1445,1116,902,7650,1,1,1,1
22.4000,2400,1,1,26380,0,50825,0.519046,273,3,273,651,1195698,27.44737,0.00901,2.38331,0.01698,1,1,2,1.340957,1.000000,1.604063,-0.053464,-0.053342,14.907804,3848,0.003578,0.074548,21226,8696,4701,2925,2052,1505,1115,910,7694,1,1,1,1
23.0000,2400,1,1,26669,1,51343,0.519438,35,9,35,138,2640808,27.86326,0.00901,2.38331,0.01698,0,1,3,6.680651,4.791302,4.791302,-0.261638,-0.260847,14.700441,2408,0.017744,0.047309,21184,8671,4821,3096,2103,1575,1177,907,7808,1,1,1,1
23.9000,2400,1,1,27459,1,52719,0.520866,1,1,10,45,654470,28.48709,0.00901,2.38331,0.01698,0,1,3,1.743193,1.262340,1.262340,-0.573275,-0.573043,14.388065,247,0.039828,0.004958,21856,8969,4888,3124,2150,1625,1176,916,8014,1,1,1,1
22.3500,2401,1,1,26192,0,50438,0.519301,1,10,19,19,303687,27.41842,0.00929,2.38785,0.01389,1,1,2,1.171836,1.000000,2.100211,-0.033096,-0.033030,14.927526,3965,0.002213,0.076681,20741,8592,4715,2944,2105,1569,1185,934,7652,1,1,1,1
22.4000,2401,1,1,26567,1,50880,0.522160,3,4,4,68,47339,27.45306,0.00929,2.38785,0.01389,0,1,3,1.889616,1.366069,1.366069,-0.050319,-0.050054,14.911052,3846,0.003357,0.074462,21056,8772,4771,3003,2104,1500,1132,895,7646,1,1,1,1
23.0000,2401,1,1,26872,0,51772,0.519055,1,24,97,97,279410,27.86906,0.00929,2.38785,0.01389,1,0,2,1.069803,1.000000,1.863489,-0.258390,-0.258362,14.702923,2404,0.017572,0.047202,21442,8839,4818,3128,2153,1523,1185,932,7751,1,1,1,1
23.9000,2401,1,1,27428,0,52608,0.521375,1,17,27,65,308398,28.49264,0.00929,2.38785,0.01389,1,1,2,1.386602,1.000000,8.236309,-0.570491,-0.570355,14.390577,249,0.039634,0.004995,21762,8906,5049,3089,2107,1553,1171,865,8105,1,1,1,1
22.3500,2402,1,1,26648,0,51070,0.521804,1,2,12,167,20438,27.42930,0.00929,2.39274,0.01389,1,1,2,1.394288,1.000000,1.711836,-0.027506,-0.027368,14.933581,3967,0.001833,0.076657,21367,8605,4741,3075,2082,1516,1158,871,7654,1,1,1,1
22.4000,2402,1,1,26104,0,50398,0.517967,1,13,17,184,304318,27.46392,0.00929,2.39274,0.01389,1,1,2,1.214971,1.000000,3.396602,-0.044971,-0.044890,14.915759,3848,0.003010,0.074446,20863,8583,4680,2884,2071,1463,1171,890,7792,1,1,1,1
23.0000,2402,1,1,26743,1,51246,0.521866,20,50,50,743,122884,27.88004,0.00929,2.39274,0.01389,0,0,3,4.697165,4.649177,4.649177,-0.253096,-0.252452,14.706956,2405,0.017165,0.047189,21198,8644,4727,3103,2030,1533,1145,921,7944,1,1,1,1
23.9000,2402,1,1,27478,0,52773,0.520693,8,36,72,72,83252,28.50365,0.00929,2.39274,0.01389,1,1,2,1.166135,1.000000,6.649982,-0.564971,-0.564907,14.395636,244,0.039242,0.004891,21803,8886,4900,3204,2180,1642,1233,945,7979,1,1,1,1
22.3500,2403,1,1,26450,0,50734,0.521357,1,3,106,106,83992,27.42087,0.01095,2.38007,0.01587,1,0,2,1.258460,1.000000,1.393870,-0.031036,-0.030941,14.930257,3968,0.002072,0.076661,21102,8546,4711,3030,2107,1570,1091,892,7684,1,1,1,1
22.4000,2403,1,1,26401,1,50792,0.519797,1,2,6,27,52232,27.45548,0.01095,2.38007,0.01587,0,1,3,1.513948,1.074516,1.074516,-0.048280,-0.048107,14.912953,3849,0.003226,0.074448,21143,8491,4654,3092,2109,1541,1212,880,7669,1,1,1,1
23.0000,2403,1,1,26886,0,51622,0.520835,10,5,144,810,145843,27.87143,0.01095,2.38007,0.01587,1,0,3,1.192362,1.000000,1.102732,-0.256273,-0.256200,14.705031,2406,0.017423,0.047196,21395,8808,4833,3012,2075,1554,1151,922,7871,1,1,1,1
23.9000,2403,1,1,27495,1,52896,0.519803,1,2,26,63,45302,28.49506,0.01095,2.38007,0.01587,0,1,3,1.477818,1.290686,1.290686,-0.568118,-0.567955,14.393350,245,0.039460,0.004910,22001,9135,4788,3156,2167,1562,1187,920,7979,1,1,1,1
22.3500,2404,1,1,26579,1,50920,0.521986,1,17,17,184,242824,27.43458,0.00928,2.37827,0.01468,0,1,3,6.098572,5.628118,5.628118,-0.025212,-0.024460,14.936841,3970,0.001638,0.076634,21237,8639,4662,2982,2082,1540,1154,936,7687,1,1,1,1
22.4000,2404,1,1,26408,0,50848,0.519362,2,49,49,49,25031,27.46918,0.00928,2.37827,0.01468,1,1,2,1.408783,1.000000,24.433495,-0.042817,-0.042675,14.918387,3850,0.002861,0.074410,21144,8546,4768,2994,2101,1549,1135,874,7736,1,1,1,1
23.0000,2404,1,1,26854,0,51551,0.520931,2,8,39,39,68721,27.88524,0.00928,2.37827,0.01468,1,1,2,1.301357,1.000000,3.043656,-0.250414,-0.250305,14.710491,2407,0.017015,0.047178,21251,8779,4782,3086,2082,1605,1149,957,7859,1,1,1,1
23.9000,2404,1,1,27713,1,53142,0.521499,2,194,194,194,960895,28.50890,0.00928,2.37827,0.01468,0,1,3,15.543650,15.127943,15.127943,-0.562578,-0.561436,14.399867,244,0.038989,0.004886,22044,9122,5014,3098,2118,1535,1201,1004,8005,1,1,1,1
22.3500,2405,1,1,26690,0,51172,0.521584,1,2,139,139,29061,27.42774,0.00957,2.37946,0.01616,1,1,2,1.411789,1.000000,1.740728,-0.028143,-0.028000,14.933001,3970,0.001875,0.076622,21453,8641,4826,3016,1983,1525,1196,889,7642,1,1,1,1
22.4000,2405,1,1,26410,0,50619,0.521751,3,48,48,48,141881,27.46261,0.00957,2.37946,0.01616,1,1,2,1.066652,1.000000,3.336600,-0.045715,-0.045689,14.914488,3847,0.003063,0.074340,20934,8633,4656,3059,2036,1470,1124,910,7796,1,1,1,1
23.0000,2405,1,1,26976,0,51855,0.520230,8,4,12,239,1034884,27.87850,0.00957,2.37946,0.01616,1,0,3,1.200923,1.000000,1.124181,-0.253432,-0.253356,14.707872,2404,0.017226,0.047108,21595,8717,4877,3061,2179,1501,1146,914,7864,1,1,1,1
23.9000,2405,1,1,27435,1,52828,0.519337,87,7,87,87,92802,28.50219,0.00957,2.37946,0.01616,0,0,3,1.139662,1.128431,1.128431,-0.565277,-0.565222,14.394174,240,0.039267,0.004805,21834,9056,4980,3095,2190,1535,1160,953,8024,1,1,1,1
22.3500,2406,1,1,26613,1,50700,0.524922,3,13,13,74,118877,27.42545,0.01021,2.37514,0.02098,0,1,3,4.421465,4.038744,4.038744,-0.029326,-0.028708,14.931414,3975,0.001923,0.076695,21047,8607,4849,2962,1950,1495,1144,895,7750,1,1,1,1
22.4000,2406,1,1,26655,1,50817,0.524540,63,9,63,139,40217,27.46002,0.01021,2.37514,0.02098,0,1,3,6.041606,4.659859,4.659859,-0.046641,-0.045893,14.915392,3855,0.003077,0.074459,21180,8468,4813,2952,2038,1552,1081,898,7834,1,1,1,1
23.0000,2406,1,1,26881,1,51714,0.519811,1,130,130,130,56815,27.87603,0.01021,2.37514,0.02098,0,1,3,2.906096,2.388066,2.366369,-0.254498,-0.254055,14.706599,2409,0.017275,0.047190,21337,8970,4780,2991,2207,1534,1147,899,7848,1,1,1,1
23.9000,2406,1,1,27453,1,52773,0.520219,4,16,22,62,72601,28.49974,0.01021,2.37514,0.02098,0,1,3,9.550432,7.814634,7.814634,-0.566609,-0.565671,14.393994,244,0.039299,0.004884,21808,9076,4876,3080,2210,1515,1163,887,8157,1,1,1,1
22.3500,2407,1,1,26751,1,50961,0.524941,1,2,6,50,46137,27.43582,0.00898,2.37834,0.01472,0,1,3,1.293797,1.161672,1.161672,-0.024381,-0.024274,14.936993,3973,0.001625,0.076596,21238,8637,4732,3079,2019,1552,1110,936,7657,1,1,1,1
22.4000,2407,1,1,26797,1,51230,0.523083,2,16,16,135,222792,27.47038,0.00898,2.37834,0.01472,0,1,3,6.980492,6.246895,6.246895,-0.042021,-0.041214,14.918835,3856,0.002763,0.074431,21438,8711,4747,2971,2131,1532,1149,906,7644,1,1,1,1
23.0000,2407,1,1,26931,1,51631,0.521615,2,6,7,32,58954,27.88650,0.00898,2.37834,0.01472,0,1,3,1.829162,1.303428,1.204426,-0.249728,-0.249477,14.711599,2408,0.016958,0.047135,21450,8698,4808,3066,2152,1483,1156,954,7863,1,1,1,1
23.9000,2407,1,1,27533,1,53091,0.518610,7,18,18,33,18839,28.51025,0.00898,2.37834,0.01472,0,1,3,2.740401,2.664963,2.664963,-0.561775,-0.561356,14.399947,242,0.038983,0.004840,22099,8963,4881,3130,2164,1665,1207,887,8094,1,1,1,1
22.3500,2408,1,1,26532,0,50932,0.520940,3,2,29,57,50238,27.43759,0.00927,2.38284,0.01556,1,1,3,1.401561,1.000000,1.157662,-0.023266,-0.023125,14.937842,3978,0.001548,0.076656,21244,8661,4640,2989,2041,1492,1168,888,7808,1,1,1,1
22.4000,2408,1,1,26421,1,50940,0.518679,8,2,19,132,234175,27.47242,0.00927,2.38284,0.01556,0,1,3,1.248221,1.095194,1.095194,-0.040657,-0.040565,14.920727,3856,0.002719,0.074390,21116,8677,4752,3098,2009,1519,1142,906,7720,1,1,1,1
23.0000,2408,1,1,27079,1,51909,0.521673,1,37,37,1765,3681625,27.88836,0.00927,2.38284,0.01556,0,1,3,21.809185,17.825724,17.825724,-0.249224,-0.247944,14.713365,2411,0.016852,0.047169,21549,8826,4958,3071,2106,1488,1140,878,7892,1,1,1,1
23.9000,2408,1,1,27694,0,53317,0.519431,3,22,22,219,160885,28.51214,0.00927,2.38284,0.01556,1,1,2,1.067941,1.000000,1.644935,-0.560614,-0.560587,14.399599,248,0.038931,0.004958,22316,8994,4901,3219,2122,1602,1208,928,8026,1,1,1,1
22.3500,2409,1,1,26348,0,50717,0.519520,3,9,99,707,15447,27.44132,0.00955,2.38086,0.01471,1,0,2,1.159673,1.000000,1.692281,-0.021524,-0.021462,14.939785,3974,0.001437,0.076537,21019,8582,4646,2960,2105,1496,1125,941,7842,1,1,1,1
22.4000,2409,1,1,26766,0,51136,0.523438,7,5,8,75,34568,27.47585,0.00955,2.38086,0.01471,1,1,2,1.228121,1.000000,1.508680,-0.038760,-0.038675,14.922002,3855,0.002592,0.074334,21339,8734,4747,3008,2044,1488,1115,924,7736,1,1,1,1
23.0000,2409,1,1,26907,1,51878,0.518669,2,13,24,85,352950,27.89191,0.00955,2.38086,0.01471,0,1,3,6.747261,5.783560,5.783560,-0.247073,-0.246280,14.715006,2408,0.016737,0.047085,21657,8754,4826,2957,2164,1541,1227,923,7828,1,1,1,1
23.9000,2409,1,1,27419,1,52916,0.518171,3,2,7,31,54859,28.51572,0.00955,2.38086,0.01471,0,1,3,1.650780,1.408201,1.408201,-0.558668,-0.558460,14.402091,240,0.038776,0.004795,21942,9010,4912,3086,2133,1556,1264,936,8076,1,1,1,1
22.3500,2410,1,1,26634,0,50978,0.522471,1,3,50,50,111147,27.43509,0.00955,2.37070,0.01588,1,0,3,1.244163,1.000000,1.213923,-0.024469,-0.024378,14.936829,3976,0.001632,0.076559,21165,8654,4730,2998,2107,1519,1112,943,7749,1,1,1,1
22.4000,2410,1,1,26538,0,51010,0.520261,2,4,25,1089,45802066,27.46989,0.00955,2.37070,0.01588,1,1,2,1.361647,1.000000,2.091664,-0.041985,-0.041857,14.919273,3855,0.002806,0.074316,21201,8655,4805,2981,2040,1539,1169,995,7624,1,1,1,1
23.0000,2410,1,1,27026,0,51630,0.523465,1,9,29,78,111364,27.88578,0.00955,2.37070,0.01588,1,1,2,1.107362,1.000000,1.274518,-0.249813,-0.249770,14.710601,2411,0.016979,0.047138,21278,8824,4734,3022,2059,1595,1195,948,7974,1,1,1,1
23.9000,2410,1,1,27346,0,52820,0.517730,1,4,7,37,133850,28.50961,0.00955,2.37070,0.01588,1,1,2,1.274911,1.000000,1.701642,-0.561804,-0.561703,14.399053,240,0.039010,0.004794,21599,9027,5018,3085,2148,1666,1233,964,8079,1,1,1,1
22.3500,2411,1,1,26562,0,50946,0.521386,2,1,36,409,181503,27.43989,0.00839,2.37461,0.01512,1,1,3,1.411875,1.000000,1.109723,-0.022512,-0.022369,14.938682,3984,0.001497,0.076672,21124,8679,4733,3061,2090,1464,1108,891,7795,1,1,1,1
22.4000,2411,1,1,26623,1,50987,0.522163,2,3,37,116,42001,27.47467,0.00839,2.37461,0.01512,0,0,3,1.549217,1.257593,1.257593,-0.039949,-0.039767,14.920916,3863,0.002665,0.074432,21239,8626,4685,3005,2120,1505,1168,912,7726,1,1,1,1
23.0000,2411,1,1,26991,1,51676,0.522322,2,5,14,57,49210,27.89068,0.00839,2.37461,0.01512,0,0,3,1.349558,1.001753,1.001753,-0.247895,-0.247771,14.713098,2416,0.016840,0.047209,21409,8780,4795,3053,2073,1593,1156,955,7861,1,1,1,1
23.9000,2411,1,1,27764,0,53181,0.522076,13,2,15,56,36937,28.51425,0.00839,2.37461,0.01512,1,1,3,1.399259,1.000000,1.278308,-0.559742,-0.559602,14.401482,247,0.038857,0.004931,22008,9095,4984,3125,2178,1590,1166,964,8070,1,1,1,1
22.3500,2412,1,1,26426,0,50830,0.519900,12,3,12,31,474313,27.43211,0.00868,2.37174,0.01784,1,0,3,1.306884,1.000000,1.287355,-0.026485,-0.026374,14.934798,3985,0.001766,0.076679,20965,8782,4634,3084,2104,1520,1117,897,7726,1,1,1,1
22.4000,2412,1,1,26377,1,50678,0.520493,3,27,27,49,63161,27.46659,0.00868,2.37174,0.01784,0,0,3,2.861617,2.620417,2.620417,-0.043887,-0.043451,14.916860,3866,0.002913,0.074479,20950,8552,4627,3031,2093,1533,1134,911,7846,1,1,1,1
23.0000,2412,1,1,27245,1,51976,0.524194,1,155,155,1142,12284405,27.88271,0.00868,2.37174,0.01784,0,1,3,6.365496,5.642202,5.628754,-0.252104,-0.251336,14.709107,2418,0.017087,0.047241,21661,8801,4807,3101,2098,1555,1185,942,7825,1,1,1,1
23.9000,2412,1,1,27547,1,53076,0.519020,1,3150,3150,3150,317644,28.50631,0.00868,2.37174,0.01784,0,1,3,2.809348,2.800985,2.800985,-0.563761,-0.563332,14.397982,247,0.039126,0.004930,22155,9001,4953,3055,2060,1586,1218,950,8097,1,1,1,1
22.3500,2413,1,1,26760,0,51300,0.521648,1,3,31,43,485217,27.42678,0.00896,2.35533,0.01782,1,0,2,1.334890,1.000000,1.522487,-0.028953,-0.028834,14.932319,3983,0.001931,0.076622,21532,8611,4666,3073,2139,1566,1165,908,7639,1,1,1,1
22.4000,2413,1,1,26752,0,51231,0.522194,1,3,222,222,61128,27.46154,0.00896,2.35533,0.01782,1,0,2,1.271927,1.000000,1.554430,-0.046326,-0.046226,14.914966,3862,0.003099,0.074380,21276,8728,4797,3036,2073,1494,1134,949,7743,1,1,1,1
23.0000,2413,1,1,26961,1,51734,0.521157,5,2,16,51,62693,27.87748,0.00896,2.35533,0.01782,0,1,3,1.790543,1.282678,1.282678,-0.254270,-0.254028,14.706216,2414,0.017274,0.047152,21453,8762,4751,3024,2090,1651,1171,894,7937,1,1,1,1
23.9000,2413,1,1,27694,0,53267,0.519919,1,12,44,145,295528,28.50111,0.00896,2.35533,0.01782,1,1,2,1.129695,1.000000,1.951989,-0.566169,-0.566118,14.395143,244,0.039327,0.004869,22217,8965,4919,3077,2238,1603,1120,973,8154,1,1,1,1
22.3500,2414,1,1,26580,0,50892,0.522293,1,9,16,47,302162,27.43519,0.00867,2.36040,0.01258,1,1,2,1.101856,1.000000,1.186867,-0.024733,-0.024693,14.936580,3987,0.001653,0.076645,21053,8640,4787,3059,2052,1504,1123,894,7779,1,1,1,1
22.4000,2414,1,1,26710,0,51218,0.521507,1,3,39,57,208242,27.46994,0.00867,2.36040,0.01258,1,0,3,1.295145,1.000000,1.294572,-0.042128,-0.042021,14.919158,3866,0.002817,0.074406,21335,8673,4815,2959,2140,1510,1128,891,7766,1,1,1,1
23.0000,2414,1,1,27255,1,52127,0.522868,13,7,24,24,57885,27.88600,0.00867,2.36040,0.01258,0,1,3,3.706475,3.223647,3.223647,-0.250347,-0.249804,14.709834,2417,0.016982,0.047180,21636,8861,4913,3044,2163,1501,1145,965,7898,1,1,1,1
23.9000,2414,1,1,27720,0,53265,0.520427,3,7,86,155,299748,28.50966,0.00867,2.36040,0.01258,1,1,2,1.410930,1.000000,4.104789,-0.562226,-0.562084,14.398915,246,0.039037,0.004906,22132,9095,4924,3103,2171,1595,1301,930,8013,1,1,1,1
22.3500,2415,1,1,26616,0,51037,0.521514,5,2,40,76,42268,27.43584,0.01143,2.35702,0.01234,1,1,3,1.412420,1.000000,1.161219,-0.023217,-0.023074,14.937975,3988,0.001545,0.076625,21102,8723,4759,3066,2032,1524,1168,911,7751,1,1,1,1
22.4000,2415,1,1,26643,1,51260,0.519772,27,12,38,38,15371,27.47057,0.01143,2.35702,0.01234,0,1,3,2.066401,2.041207,2.041207,-0.040697,-0.040396,14.920914,3867,0.002707,0.074385,21240,8769,4765,2965,2120,1596,1169,970,7665,1,1,1,1
23.0000,2415,1,1,27160,0,51987,0.522448,2,70,70,70,209141,27.88646,0.01143,2.35702,0.01234,1,0,2,1.071236,1.000000,5.260711,-0.248840,-0.248811,14.712475,2416,0.016912,0.047132,21542,8879,4839,3061,2166,1529,1199,901,7870,1,1,1,1
23.9000,2415,1,1,27467,1,52752,0.520692,1,8,22,223,25518,28.51015,0.01143,2.35702,0.01234,0,1,3,6.679598,4.854492,4.854492,-0.560667,-0.559881,14.401395,244,0.038877,0.004863,21565,8978,4872,3135,2178,1578,1251,1051,8143,1,1,1,1
22.3500,2416,1,1,26780,0,51283,0.522211,1,5,276,276,277703,27.43678,0.00687,2.35606,0.01090,1,0,2,1.297292,1.000000,2.013802,-0.025038,-0.024931,14.936248,3992,0.001669,0.076679,21370,8802,4799,2968,2014,1498,1144,921,7766,1,1,1,1
22.4000,2416,1,1,26824,0,51151,0.524418,1,3,83,96,285852,27.47149,0.00687,2.35606,0.01090,1,1,2,1.384371,1.000000,2.208849,-0.042412,-0.042278,14.918830,3872,0.002834,0.074461,21079,8734,4845,3136,2070,1526,1146,917,7697,1,1,1,1
23.0000,2416,1,1,26742,0,51649,0.517774,1,10,10,50,87899,27.88750,0.00687,2.35606,0.01090,1,0,2,1.118758,1.000000,1.490239,-0.250327,-0.250281,14.710985,2421,0.017013,0.047215,21182,8897,4817,3077,2098,1541,1176,991,7869,1,1,1,1
23.9000,2416,1,1,27679,1,53244,0.519862,1,4,10,387,52921,28.51122,0.00687,2.35606,0.01090,0,1,3,3.288279,2.556428,2.556428,-0.562304,-0.561811,14.398904,247,0.039018,0.004921,22185,8940,4961,3101,2206,1605,1262,947,8036,1,1,1,1
22.3500,2417,1,1,26668,0,50989,0.523025,1,2,6,201,473088,27.41754,0.01196,2.35171,0.02000,1,0,2,1.395790,1.000000,1.657955,-0.031964,-0.031826,14.929265,3991,0.002132,0.076664,21139,8718,4756,2979,1936,1516,1247,874,7823,1,1,1,1
22.4000,2417,1,1,26670,0,51236,0.520543,5,2,6,59,1024713,27.45224,0.01196,2.35171,0.02000,1,1,3,1.281841,1.000000,1.001115,-0.049201,-0.049098,14.911671,3869,0.003293,0.074408,21322,8617,4790,3097,2109,1525,1166,904,7705,1,1,1,1
23.0000,2417,1,1,27187,1,51940,0.523441,1,2,65,65,39817,27.86836,0.01196,2.35171,0.02000,0,0,3,1.537275,1.143513,1.143513,-0.257303,-0.257125,14.703741,2423,0.017487,0.047258,21537,8798,4873,2990,2107,1610,1234,938,7852,1,1,1,1
23.9000,2417,1,1,27683,1,53299,0.519400,1,5,15,414,723721,28.49211,0.01196,2.35171,0.02000,0,0,3,2.498667,1.893164,1.893164,-0.569279,-0.568900,14.391928,243,0.039529,0.004842,22228,9081,4874,3115,2140,1567,1174,954,8165,1,1,1,1
22.3500,2418,1,1,26630,0,51163,0.520503,2,12,12,34,486500,27.43174,0.00715,2.35560,0.01378,1,0,2,1.159190,1.000000,2.238625,-0.027524,-0.027463,14.933786,3991,0.001839,0.076609,21201,8805,4719,3080,2047,1450,1181,897,7782,1,1,1,1
22.4000,2418,1,1,26643,1,51372,0.518639,1,3,144,144,41099,27.46643,0.00715,2.35560,0.01378,0,1,3,1.956697,1.508776,1.508776,-0.044785,-0.044507,14.916671,3870,0.002984,0.074372,21336,8799,4799,3078,2057,1521,1138,904,7739,1,1,1,1
23.0000,2418,1,1,26898,0,51821,0.519066,2,3,5,96,77915,27.88237,0.00715,2.35560,0.01378,1,0,2,1.329995,1.000000,1.614327,-0.252767,-0.252649,14.708508,2420,0.017177,0.047165,21440,8836,4775,3007,2169,1515,1202,930,7946,1,1,1,1
23.9000,2418,1,1,27547,1,53138,0.518415,1,1,8,244,33459,28.50615,0.00715,2.35560,0.01378,0,0,3,1.444793,1.075771,1.075771,-0.564569,-0.564417,14.396447,243,0.039205,0.004839,21957,9104,4878,3098,2223,1583,1211,939,8144,1,1,1,1
22.3500,2419,1,1,26668,0,51281,0.520047,1,14,24,79,183291,27.42467,0.00686,2.36141,0.01610,1,1,2,1.162728,1.000000,2.723567,-0.031145,-0.031083,14.929460,3993,0.002082,0.076638,21359,8626,4782,3084,2069,1575,1157,937,7691,1,1,1,1
22.4000,2419,1,1,26657,1,51274,0.519903,1,9,533,533,160256,27.45934,0.00686,2.36141,0.01610,0,1,3,3.710104,2.914743,2.914743,-0.048496,-0.047954,14.913239,3873,0.003216,0.074416,21260,8782,4687,3036,2082,1580,1121,955,7770,1,1,1,1
23.0000,2419,1,1,26970,0,51620,0.522482,20,7,20,21,229189,27.87540,0.00686,2.36141,0.01610,1,1,2,1.411821,1.000000,3.809396,-0.256581,-0.256438,14.704615,2420,0.017439,0.047158,21332,8786,4730,3109,2130,1500,1151,875,8006,1,1,1,1
23.9000,2419,1,1,27810,0,53465,0.520163,4,13,47,749,589056,28.49920,0.00686,2.36141,0.01610,1,0,2,1.157603,1.000000,2.358448,-0.568384,-0.568323,14.392926,243,0.039486,0.004838,22189,9240,4976,3100,2182,1576,1254,927,8020,1,1,1,1
22.3500,2420,1,1,26778,0,51166,0.523366,1,4,41,48,171209,27.42605,0.01059,2.37585,0.01416,1,1,2,1.401772,1.000000,2.577700,-0.028766,-0.028627,14.932455,3994,0.001917,0.076610,21287,8765,4880,3010,2004,1454,1164,867,7734,1,1,1,1
22.4000,2420,1,1,26450,0,50853,0.520137,1,14,49,49,70623,27.46070,0.01059,2.37585,0.01416,1,1,2,1.278471,1.000000,4.854775,-0.046226,-0.046124,14.914641,3873,0.003093,0.074378,21107,8486,4779,2983,2072,1522,1160,891,7852,1,1,1,1
23.0000,2420,1,1,26923,1,51775,0.520010,1,2,12,76,160568,27.87659,0.01059,2.37585,0.01416,0,1,3,1.892475,1.509453,1.509453,-0.253923,-0.253660,14.707544,2421,0.017247,0.047148,21427,8841,4855,2953,2043,1528,1196,927,8004,1,1,1,1
23.9000,2420,1,1,27882,0,53663,0.519586,1,2,25,25,1788029,28.50042,0.01059,2.37585,0.01416,1,0,3,1.327695,1.000000,1.094165,-0.565780,-0.565662,14.395497,245,0.039294,0.004875,22353,9248,5013,3121,2178,1552,1176,977,8044,1,1,1,1
22.3500,2421,1,1,26424,0,50851,0.519646,2,40,40,40,18534,27.42492,0.00743,2.38333,0.01340,1,1,2,1.329953,1.000000,15.758950,-0.031183,-0.031066,14.929779,3993,0.002081,0.076573,20940,8569,4798,3037,2089,1521,1207,928,7761,1,1,1,1
22.4000,2421,1,1,26582,0,51007,0.521154,1,2,26,76,192595,27.45956,0.00743,2.38333,0.01340,1,1,2,1.349700,1.000000,1.517117,-0.048021,-0.047897,14.912978,3871,0.003212,0.074317,21167,8580,4887,3059,2009,1506,1148,870,7780,1,1,1,1
23.0000,2421,1,1,27052,0,51947,0.520772,1,7,65,65,86381,27.87557,0.00743,2.38333,0.01340,1,1,2,1.399117,1.000000,3.809848,-0.256213,-0.256074,14.704891,2419,0.017414,0.047098,21472,8819,4847,3126,2178,1583,1171,881,7869,1,1,1,1
23.9000,2421,1,1,27713,1,53294,0.520012,1,1,30,139,44764,28.49914,0.00743,2.38333,0.01340,0,0,3,1.412150,1.168923,1.168923,-0.567739,-0.567596,14.393644,240,0.039434,0.004774,22029,9142,4985,3102,2164,1582,1250,966,8073,1,1,1,1
22.3500,2422,1,1,26533,1,50823,0.522077,1,10,73,214,229798,27.41450,0.01159,2.38573,0.01462,0,1,3,3.280106,2.508606,2.508606,-0.033830,-0.033339,14.927834,4001,0.002233,0.076705,21043,8610,4742,2989,1995,1562,1103,936,7842,1,1,1,1
22.4000,2422,1,1,26583,1,51215,0.519057,1,10,55,55,194840,27.44913,0.01159,2.38573,0.01462,0,1,3,2.477151,1.791466,1.641832,-0.051058,-0.050683,14.910248,3880,0.003399,0.074473,21336,8597,4755,3036,2103,1541,1149,923,7774,1,1,1,1
23.0000,2422,1,1,26942,0,51945,0.518674,5,10,10,407,239813,27.86525,0.01159,2.38573,0.01462,1,0,2,1.138541,1.000000,1.550681,-0.259107,-0.259053,14.702206,2425,0.017620,0.047204,21618,8786,4869,3007,2094,1509,1202,911,7948,1,1,1,1
23.9000,2422,1,1,27668,0,53136,0.520711,1,2,5,1552,33607,28.48885,0.01159,2.38573,0.01462,1,0,3,1.283909,1.000000,1.082535,-0.570832,-0.570729,14.390459,246,0.039660,0.004892,21867,9134,4916,3253,2146,1569,1201,999,8050,1,1,1,1
22.3500,2423,1,1,26511,1,50942,0.520426,2,7,480,480,22884,27.42929,0.00939,2.39208,0.01310,0,0,3,2.002789,1.676966,1.676966,-0.027637,-0.027350,14.933266,3999,0.001831,0.076607,21033,8687,4752,3097,1974,1523,1200,899,7776,1,1,1,1
22.4000,2423,1,1,26749,1,51078,0.523700,2,9,72,72,160173,27.46391,0.00939,2.39208,0.01310,0,1,3,5.288883,4.360485,4.360485,-0.045141,-0.044454,14.916862,3880,0.002980,0.074409,21143,8794,4772,3009,1978,1507,1184,924,7766,1,1,1,1
23.0000,2423,1,1,27219,1,52104,0.522408,1,6,10,296,48046,27.87985,0.00939,2.39208,0.01310,0,1,3,4.288015,3.262339,3.262339,-0.253054,-0.252453,14.707917,2424,0.017164,0.047147,21657,8844,4849,3074,2122,1545,1216,935,7861,1,1,1,1
23.9000,2423,1,1,27860,0,53199,0.523704,2,2,5,76,196030,28.50349,0.00939,2.39208,0.01310,1,1,3,1.371406,1.000000,1.236243,-0.564652,-0.564522,14.396389,244,0.039213,0.004849,22122,8890,5020,3190,2161,1585,1115,971,8144,1,1,1,1
22.3500,2424,1,1,26741,1,51328,0.520993,6,3,27,34,45246,27.43558,0.00685,2.38440,0.01224,0,1,3,1.521516,1.106730,1.106730,-0.025575,-0.025402,14.935718,4004,0.001701,0.076659,21219,8740,4926,3006,2084,1585,1158,918,7691,1,1,1,1
22.4000,2424,1,1,26663,1,51393,0.518816,2,34,34,195,86651,27.47018,0.00685,2.38440,0.01224,0,1,3,6.085514,5.678940,5.678940,-0.043218,-0.042473,14.917742,3884,0.002847,0.074451,21347,8726,4757,3089,2153,1451,1153,926,7790,1,1,1,1
23.0000,2424,1,1,27027,1,51949,0.520270,2,10,17,53,193777,27.88624,0.00685,2.38440,0.01224,0,1,3,1.761839,1.257401,1.122125,-0.250905,-0.250671,14.710413,2429,0.017040,0.047217,21378,8920,4851,3147,2143,1505,1178,903,7923,1,1,1,1
23.9000,2424,1,1,27892,0,53469,0.521658,3,2,12,41,86520,28.50990,0.00685,2.38440,0.01224,1,1,3,1.413654,1.000000,1.373479,-0.562787,-0.562644,14.398399,246,0.039077,0.004886,22154,9217,4957,3088,2119,1685,1247,958,8043,1,1,1,1
22.3500,2425,1,1,26612,0,51094,0.520854,1,20,20,79,97373,27.43328,0.00995,2.38255,0.01431,1,0,2,1.144952,1.000000,3.366524,-0.025307,-0.025251,14.936005,4001,0.001691,0.076568,21219,8685,4833,2896,2057,1517,1173,910,7803,1,1,1,1
22.4000,2425,1,1,26830,0,51309,0.522920,1,1,14,98,57193,27.46815,0.00995,2.38255,0.01431,1,0,3,1.391538,1.000000,1.026004,-0.042474,-0.042338,14.918611,3879,0.002838,0.074320,21141,8863,4796,3060,2134,1528,1161,938,7687,1,1,1,1
23.0000,2425,1,1,27269,1,52450,0.519915,9,47,47,312,35394,27.88404,0.00995,2.38255,0.01431,0,1,3,12.487147,11.680762,11.680762,-0.250944,-0.249903,14.711395,2424,0.016987,0.047097,21914,9001,4922,3064,2094,1555,1182,874,7843,1,1,1,1
23.9000,2425,1,1,27895,1,53423,0.522163,15,2,34,110,295264,28.50773,0.00995,2.38255,0.01431,0,1,3,1.297133,1.046210,1.046210,-0.562286,-0.562179,14.399130,242,0.039043,0.004804,22293,9024,4951,3128,2205,1497,1241,919,8164,1,1,1,1
22.3500,2426,1,1,26937,1,51524,0.522815,1,96,96,96,165129,27.44128,0.00713,2.39331,0.01229,0,1,3,2.543088,1.932450,1.804769,-0.022774,-0.022389,14.938779,4002,0.001499,0.076541,21441,8788,4818,3075,2116,1517,1162,853,7753,1,1,1,1
22.4000,2426,1,1,26750,0,51019,0.524325,1,12,36,36,28599,27.47585,0.00713,2.39331,0.01229,1,1,2,1.410579,1.000000,6.725143,-0.040333,-0.040191,14.920810,3881,0.002694,0.074317,21007,8729,4735,3019,2084,1541,1203,926,7774,1,1,1,1
23.0000,2426,1,1,27081,1,52060,0.520198,1,15,15,392,131260,27.89185,0.00713,2.39331,0.01229,0,1,3,7.624491,6.555714,6.555714,-0.248329,-0.247491,14.712832,2425,0.016821,0.047092,21422,8968,4854,3045,2140,1568,1175,938,7949,1,1,1,1
23.9000,2426,1,1,27711,1,53382,0.519117,3,7,10,19,6893765,28.51557,0.00713,2.39331,0.01229,0,1,3,2.890674,2.502027,2.502027,-0.559986,-0.559549,14.401703,243,0.038853,0.004821,22231,9033,4972,3079,2167,1606,1222,926,8145,1,1,1,1
22.3500,2427,1,1,26788,0,51219,0.523019,1,47,47,47,86931,27.45066,0.00655,2.39843,0.01425,1,1,2,1.235393,1.000000,12.689144,-0.018676,-0.018589,14.942108,4006,0.001244,0.076569,21153,8866,4819,3008,2062,1550,1130,886,7744,1,1,1,1
22.4000,2427,1,1,26911,1,51511,0.522442,1,3,18,895,512550,27.48521,0.00655,2.39843,0.01425,0,0,3,1.564533,1.164014,1.164014,-0.035461,-0.035276,14.925592,3887,0.002363,0.074377,21345,8848,4831,3011,2008,1573,1180,910,7804,1,1,1,1
23.0000,2427,1,1,27200,0,52141,0.521672,1,2,22,41,60105,27.90133,0.00655,2.39843,0.01425,1,0,2,1.379226,1.000000,1.397962,-0.243556,-0.243424,14.717692,2429,0.016540,0.047135,21584,8915,4868,3173,2090,1484,1168,927,7931,1,1,1,1
23.9000,2427,1,1,27857,1,53532,0.520390,1,5,8,80,16701172,28.52508,0.00655,2.39843,0.01425,0,0,3,1.423941,1.042564,1.042564,-0.555357,-0.555212,14.405691,244,0.038541,0.004837,22299,8979,5029,3195,2144,1596,1257,992,8040,1,1,1,1
22.3500,2428,1,1,26745,1,51469,0.519643,1,24,24,56,65977,27.45352,0.00684,2.38937,0.01397,0,1,3,12.393041,10.671739,10.671739,-0.016966,-0.015929,14.944138,4011,0.001066,0.076623,21468,8718,4821,3000,2176,1459,1153,911,7762,1,1,1,1
22.4000,2428,1,1,26891,1,51640,0.520750,1,34,34,1394,3849079,27.48835,0.00684,2.38937,0.01397,0,1,3,12.030173,11.241527,11.241527,-0.034391,-0.033367,14.927948,3887,0.002235,0.074335,21528,8703,4951,3066,2119,1541,1120,891,7720,1,1,1,1
23.0000,2428,1,1,27067,1,52202,0.518515,1,2,5,27,3032922,27.90430,0.00684,2.38937,0.01397,0,1,3,1.989638,1.455430,1.455430,-0.241943,-0.241659,14.719470,2429,0.016418,0.047110,21632,8866,4778,3214,2137,1552,1148,957,7917,1,1,1,1
23.9000,2428,1,1,27947,1,53558,0.521818,1,20,26,46,45257,28.52807,0.00684,2.38937,0.01397,0,1,3,10.495824,8.868660,8.868660,-0.554203,-0.553234,14.407034,246,0.038400,0.004875,22242,9234,4872,3173,2169,1580,1218,938,8131,1,1,1,1
22.3500,2429,1,1,26788,0,51255,0.522652,1,7,9,66,30759,27.44863,0.00712,2.38865,0.01383,1,1,2,1.173497,1.000000,1.542575,-0.019056,-0.018990,14.941583,4005,0.001271,0.076490,21143,8789,4640,3151,2046,1580,1187,934,7784,1,1,1,1
22.4000,2429,1,1,26733,1,51109,0.523069,7,3,24,76,483634,27.48316,0.00712,2.38865,0.01383,0,1,3,1.802475,1.274898,1.161660,-0.036254,-0.036011,14.925011,3884,0.002413,0.074261,21157,8750,4689,3067,2053,1499,1174,892,7827,1,1,1,1
23.0000,2429,1,1,27134,0,52336,0.518468,1,44,44,44,171770,27.89922,0.00712,2.38865,0.01383,1,1,2,1.221089,1.000000,11.012443,-0.244757,-0.244675,14.715996,2426,0.016626,0.047043,21867,8758,4849,3052,2141,1626,1172,871,7999,1,1,1,1
23.9000,2429,1,1,28078,0,53785,0.522051,19,2,122,122,75174,28.52302,0.00712,2.38865,0.01383,1,0,3,1.335692,1.000000,1.234887,-0.556191,-0.556071,14.405084,241,0.038602,0.004774,22414,9185,5012,3195,2225,1544,1189,917,8103,1,1,1,1
22.3500,2430,1,1,26742,0,51413,0.520151,3,6,8,45,128594,27.43664,0.01079,2.38270,0.01712,1,0,2,1.222701,1.000000,1.622736,-0.023130,-0.023048,14.938173,4009,0.001543,0.076552,21367,8714,4881,3070,2016,1561,1175,917,7711,1,1,1,1
22.4000,2430,1,1,26912,0,51715,0.520401,19,31,31,61,1392408,27.47144,0.01079,2.38270,0.01712,1,1,2,1.182442,1.000000,6.192712,-0.040806,-0.040737,14.920503,3887,0.002730,0.074311,21712,8765,4726,3058,2085,1546,1098,943,7781,1,1,1,1
23.0000,2430,1,1,27112,0,52462,0.516803,2,15,15,119,151548,27.88733,0.01079,2.38270,0.01712,1,0,2,1.146134,1.000000,2.426037,-0.248558,-0.248502,14.712755,2431,0.016890,0.047131,22015,8875,4874,3061,2159,1550,1171,913,7843,1,1,1,1
23.9000,2430,1,1,27818,0,53609,0.518915,7,8,8,134,36939,28.51116,0.01079,2.38270,0.01712,1,1,2,1.305786,1.000000,3.197814,-0.560529,-0.560419,14.400392,245,0.038917,0.004853,22498,8920,4905,3151,2261,1588,1268,945,8072,1,1,1,1
22.3500,2431,1,1,26640,0,51229,0.520028,1,4,66,66,247693,27.43714,0.00846,2.38541,0.01392,1,1,2,1.232477,1.000000,1.283484,-0.023890,-0.023804,14.936888,4009,0.001594,0.076527,21300,8762,4672,3028,2085,1515,1156,895,7815,1,1,1,1
22.4000,2431,1,1,26844,0,51552,0.520727,1,6,45,56,431563,27.47193,0.00846,2.38541,0.01392,1,1,3,1.128848,1.000000,1.051673,-0.041235,-0.041185,14.920079,3887,0.002760,0.074282,21581,8613,4844,3018,2091,1569,1148,910,7777,1,1,1,1
23.0000,2431,1,1,27134,0,52040,0.521417,14,134,134,134,1483705,27.88793,0.00846,2.38541,0.01392,1,1,2,1.010775,1.000000,1.464060,-0.249312,-0.249307,14.710145,2428,0.016948,0.047062,21634,8638,4891,3085,2101,1543,1189,933,8025,1,1,1,1
23.9000,2431,1,1,27781,1,53445,0.519815,1,2,52,202,428149,28.51151,0.00846,2.38541,0.01392,0,1,3,1.538684,1.105100,1.105100,-0.561033,-0.560855,14.400245,241,0.038948,0.004772,22129,9053,5010,3154,2165,1571,1291,986,8085,1,1,1,1
22.3500,2432,1,1,26456,0,50974,0.519020,1,1,8,65,195509,27.44027,0.00874,2.39446,0.01366,1,0,3,1.412100,1.000000,1.079306,-0.022332,-0.022190,14.938864,4020,0.001485,0.076696,21134,8631,4771,2931,2107,1597,1086,912,7804,1,1,1,1
22.4000,2432,1,1,26786,0,51379,0.521352,1,5,37,62,715342,27.47476,0.00874,2.39446,0.01366,1,1,2,1.206861,1.000000,1.539233,-0.039644,-0.039567,14.921662,3899,0.002652,0.074473,21375,8727,4748,3003,2105,1467,1213,928,7812,1,1,1,1
23.0000,2432,1,1,27366,0,52508,0.521188,1,33,33,113,78614,27.89088,0.00874,2.39446,0.01366,1,1,2,1.411647,1.000000,16.890585,-0.248202,-0.248060,14.712997,2439,0.016860,0.047247,21825,8951,4921,3067,2148,1541,1171,949,7934,1,1,1,1
23.9000,2432,1,1,27820,0,53414,0.520847,3,4,36,51,30879,28.51448,0.00874,2.39446,0.01366,1,1,2,1.229499,1.000000,1.271227,-0.559468,-0.559383,14.401305,252,0.038842,0.004987,22126,9008,4931,3237,2222,1594,1176,961,8158,1,1,1,1
22.3500,2433,1,1,26619,1,51150,0.520421,1,2,48,146,413648,27.43947,0.01158,2.37617,0.01449,0,0,3,2.058483,1.520538,1.520538,-0.021290,-0.020993,14.939893,4018,0.001405,0.076621,21111,8813,4629,3011,2140,1543,1150,956,7796,1,1,1,1
22.4000,2433,1,1,26859,1,51551,0.521028,1,9,137,137,28242,27.47422,0.01158,2.37617,0.01449,0,1,3,6.988844,5.118617,5.118617,-0.038919,-0.038120,14.922247,3896,0.002555,0.074382,21336,8890,4922,3007,2071,1438,1220,882,7784,1,1,1,1
23.0000,2433,1,1,27242,0,52436,0.519538,1,19,19,35,71133,27.89017,0.01158,2.37617,0.01449,1,1,2,1.112792,1.000000,2.431024,-0.246737,-0.246693,14.713710,2439,0.016766,0.047225,21894,8955,4861,3017,2083,1513,1155,960,7997,1,1,1,1
23.9000,2433,1,1,27974,0,53807,0.519905,2,713,713,713,28743,28.51380,0.01158,2.37617,0.01449,1,0,2,1.008977,1.000000,6.446127,-0.558755,-0.558751,14.402563,247,0.038795,0.004886,22299,9230,5056,3218,2127,1589,1208,946,8133,1,1,1,1
22.3500,2434,1,1,26904,0,51507,0.522347,1,10,10,11,45481,27.43987,0.00902,2.37731,0.01162,1,1,2,1.384346,1.000000,5.113447,-0.022516,-0.022382,14.938555,4020,0.001498,0.076634,21535,8710,4714,3122,2041,1561,1073,919,7831,1,1,1,1
22.4000,2434,1,1,26781,1,51435,0.520687,1,97,97,97,157421,27.47462,0.00902,2.37731,0.01162,0,0,3,9.413419,8.876822,8.876822,-0.040000,-0.039079,14.921075,3899,0.002619,0.074415,21226,8872,4826,3045,2049,1515,1230,967,7704,1,1,1,1
23.0000,2434,1,1,27215,1,52224,0.521131,2,3,22,22,33258,27.89067,0.00902,2.37731,0.01162,0,0,3,1.779025,1.468591,1.468591,-0.247657,-0.247420,14.713234,2437,0.016816,0.047169,21499,8842,4870,3206,2077,1628,1202,952,7947,1,1,1,1
23.9000,2434,1,1,27885,1,53630,0.519961,1,361,361,361,50103,28.51434,0.00902,2.37731,0.01162,0,0,3,6.579488,6.079794,6.079794,-0.559782,-0.559008,14.401269,247,0.038817,0.004884,22319,9088,4991,3081,2168,1596,1220,996,8170,1,1,1,1
22.3500,2435,1,1,26873,1,51343,0.523412,1,10,10,745,55203,27.43595,0.00873,2.37043,0.01110,0,0,3,1.560992,1.141235,1.141235,-0.024478,-0.024295,14.936614,4021,0.001627,0.076632,21364,8645,4772,2993,2036,1618,1159,883,7872,1,1,1,1
22.4000,2435,1,1,26906,0,51589,0.521555,6,2,40,40,72962,27.47068,0.00873,2.37043,0.01110,1,1,3,1.386324,1.000000,1.116872,-0.041837,-0.041703,14.919406,3899,0.002795,0.074392,21297,8858,4801,3075,2124,1622,1160,920,7731,1,1,1,1
23.0000,2435,1,1,27250,0,52308,0.520963,3,33,33,33,596044,27.88657,0.00873,2.37043,0.01110,1,0,2,1.082131,1.000000,2.900429,-0.249998,-0.249965,14.711319,2438,0.016991,0.047175,21601,8923,4835,3136,2170,1543,1222,965,7912,1,1,1,1
23.9000,2435,1,1,27980,0,53860,0.519505,3,28,28,33,323827,28.51026,0.00873,2.37043,0.01110,1,1,2,1.103549,1.000000,3.103487,-0.561856,-0.561816,14.398554,247,0.039019,0.004883,22454,9219,4959,3142,2190,1599,1211,983,8102,1,1,1,1
22.3500,2436,1,1,26563,1,51269,0.518120,9,13,30,44,623012,27.42576,0.00901,2.36596,0.01600,0,1,3,7.935701,6.423407,6.423407,-0.029708,-0.028857,14.932417,4029,0.001933,0.076774,21433,8617,4693,3021,2055,1515,1120,900,7914,1,1,1,1
22.4000,2436,1,1,26745,1,51523,0.519099,1,53,53,53,347792,27.46047,0.00901,2.36596,0.01600,0,1,3,10.427369,9.504447,9.504447,-0.047145,-0.046183,14.914150,3901,0.003097,0.074426,21402,8725,4757,3065,2134,1544,1147,942,7806,1,1,1,1
23.0000,2436,1,1,27184,0,52082,0.521956,1,8,8,71,130474,27.87647,0.00901,2.36596,0.01600,1,1,2,1.335236,1.000000,3.668928,-0.254951,-0.254832,14.706325,2439,0.017328,0.047191,21412,8777,4847,3193,2142,1576,1183,969,7982,1,1,1,1
23.9000,2436,1,1,27895,1,53705,0.519421,9,10,191,191,330421,28.50019,0.00901,2.36596,0.01600,0,0,3,2.236079,2.134327,2.134327,-0.566696,-0.566366,14.393694,247,0.039348,0.004883,22327,9162,4911,3254,2206,1561,1249,943,8091,1,1,1,1
22.3500,2437,1,1,26796,0,51301,0.522339,15,2,15,329,204152,27.43072,0.00929,2.37025,0.01362,1,0,3,1.321984,1.000000,1.123097,-0.026614,-0.026500,14.934667,4021,0.001774,0.076579,21373,8622,4709,3053,2130,1523,1119,917,7854,1,1,1,1
22.4000,2437,1,1,26671,1,51454,0.518357,1,9,9,140,69784,27.46542,0.00929,2.37025,0.01362,0,1,3,4.361749,3.703205,3.703205,-0.044223,-0.043619,14.917642,3899,0.002924,0.074340,21337,8691,4778,3083,2058,1495,1181,921,7909,1,1,1,1
23.0000,2437,1,1,27395,1,52492,0.521899,9,33,44,498,30780,27.88154,0.00929,2.37025,0.01362,0,1,3,16.874347,14.510943,14.510943,-0.252561,-0.251402,14.709913,2436,0.017091,0.047102,21805,8919,4900,3068,2183,1576,1198,912,7930,1,1,1,1
23.9000,2437,1,1,27880,0,53528,0.520859,2,4,16,89,212057,28.50528,0.00929,2.37025,0.01362,1,1,2,1.395490,1.000000,2.201409,-0.564043,-0.563906,14.397054,243,0.039168,0.004801,21979,9109,5079,3101,2191,1674,1246,922,8226,1,1,1,1
22.3500,2438,1,1,26590,0,50992,0.521465,1,1,340,340,161458,27.43075,0.01107,2.36942,0.01496,1,0,3,1.411202,1.000000,1.038638,-0.025880,-0.025738,14.935322,4026,0.001723,0.076639,21009,8587,4802,3009,2046,1517,1139,895,7987,1,1,1,1
22.4000,2438,1,1,26845,1,51553,0.520736,1,3,106,261,258989,27.46544,0.01107,2.36942,0.01496,0,1,3,1.653565,1.169625,1.079669,-0.043228,-0.043022,14.918023,3904,0.002884,0.074403,21460,8751,4786,2935,2144,1574,1153,908,7841,1,1,1,1
23.0000,2438,1,1,27128,0,52003,0.521672,1,5,98,98,39930,27.88138,0.01107,2.36942,0.01496,1,1,2,1.210938,1.000000,1.649234,-0.251296,-0.251218,14.710010,2441,0.017078,0.047179,21401,8911,4743,3121,2070,1553,1219,911,8073,1,1,1,1
23.9000,2438,1,1,27913,1,53590,0.520872,1,16,32,44,26881,28.50516,0.01107,2.36942,0.01496,0,1,3,1.460323,1.429900,1.429900,-0.563161,-0.563006,14.398304,248,0.039102,0.004897,22250,9027,4950,3118,2244,1594,1212,946,8248,1,1,1,1
22.3500,2439,1,1,26864,0,51481,0.521834,1,97,97,97,141506,27.44380,0.00991,2.37031,0.01380,1,1,2,1.098569,1.000000,10.199097,-0.020318,-0.020279,14.940073,4026,0.001357,0.076583,21347,8800,4737,2976,2193,1521,1193,917,7796,1,1,1,1
22.4000,2439,1,1,27333,1,51916,0.526495,1,2,28,37,61989,27.47847,0.00991,2.37031,0.01380,0,1,3,1.484541,1.149929,1.149929,-0.037206,-0.037044,14.924143,3905,0.002482,0.074361,21703,8748,4850,3103,2102,1522,1168,956,7763,1,1,1,1
23.0000,2439,1,1,27450,0,52821,0.519690,6,6,18,19,57920,27.89453,0.00991,2.37031,0.01380,1,1,2,1.403277,1.000000,3.114281,-0.245439,-0.245300,14.715680,2444,0.016669,0.047199,22013,8952,4998,3190,2131,1540,1179,1004,7813,1,1,1,1
23.9000,2439,1,1,27775,1,53525,0.518926,1,96,96,1055,514942,28.51834,0.00991,2.37031,0.01380,0,1,3,39.493375,35.791762,35.791762,-0.557842,-0.556335,14.403358,247,0.038625,0.004874,22101,9152,4982,3138,2196,1520,1270,1020,8145,1,1,1,1
22.3500,2440,1,1,26854,0,51655,0.519882,1,9,14,18,145941,27.45248,0.00737,2.37169,0.01079,1,1,2,1.339535,1.000000,4.182566,-0.017248,-0.017128,14.944026,4031,0.001146,0.076627,21561,8816,4809,2931,2108,1586,1165,884,7794,1,1,1,1
22.4000,2440,1,1,27073,1,51741,0.523251,2,16,19,30,88366,27.48714,0.00737,2.37169,0.01079,0,0,3,2.362540,1.994183,1.994183,-0.034425,-0.034073,14.926530,3907,0.002283,0.074357,21423,8887,4846,3060,2061,1510,1169,914,7870,1,1,1,1
23.0000,2440,1,1,27405,1,52578,0.521236,1,5,13,16,3469391,27.90303,0.00737,2.37169,0.01079,0,1,3,1.213122,1.104031,1.104031,-0.242248,-0.242169,14.719109,2443,0.016453,0.047150,21862,8970,4841,3128,2110,1565,1186,959,7956,1,1,1,1
23.9000,2440,1,1,27860,0,53742,0.518412,1,2,20,20,93743,28.52686,0.00737,2.37169,0.01079,1,1,3,1.137001,1.000000,1.093799,-0.554149,-0.554097,14.405890,247,0.038463,0.004871,22104,9233,5081,3233,2143,1584,1159,981,8223,1,1,1,1
22.3500,2441,1,1,26764,0,51309,0.521634,1,4,4,79,51733,27.44671,0.00765,2.37113,0.01324,1,1,2,1.326267,1.000000,2.056238,-0.019740,-0.019624,14.941222,4030,0.001313,0.076591,21115,8813,4745,3070,2150,1485,1121,967,7842,1,1,1,1
22.4000,2441,1,1,26946,0,51434,0.523905,1,3,98,689,122981,27.48136,0.00765,2.37113,0.01324,1,1,2,1.414197,1.000000,2.172861,-0.037076,-0.036934,14.924100,3906,0.002475,0.074319,21267,8764,4742,3045,2030,1586,1148,961,7890,1,1,1,1
23.0000,2441,1,1,27477,1,52557,0.522814,1,17,17,56,201154,27.89736,0.00765,2.37113,0.01324,0,1,3,3.804117,3.683470,3.683470,-0.245187,-0.244640,14.716674,2441,0.016623,0.047099,21841,8868,4848,3200,2118,1568,1208,939,7966,1,1,1,1
23.9000,2441,1,1,27944,0,53831,0.519116,1,70,70,108,182260,28.52094,0.00765,2.37113,0.01324,1,1,2,1.042187,1.000000,3.067894,-0.556938,-0.556921,14.403093,244,0.038667,0.004811,22426,9051,4969,3283,2208,1619,1176,935,8163,1,1,1,1
22.3500,2442,1,1,26816,0,51534,0.520366,1,22,22,120,18853,27.44138,0.00959,2.36138,0.01164,1,1,3,1.042084,1.000000,1.009150,-0.021201,-0.021184,14.940118,4029,0.001418,0.076546,21215,8788,4846,3092,2156,1450,1151,945,7890,1,1,1,1
22.4000,2442,1,1,27088,0,51661,0.524352,1,15,15,34,50679,27.47601,0.00959,2.36138,0.01164,1,1,2,1.110981,1.000000,1.876445,-0.038643,-0.038600,14.921801,3909,0.002587,0.074357,21342,8688,4867,3156,2201,1554,1177,930,7745,1,1,1,1
23.0000,2442,1,1,27325,1,52389,0.521589,1,14,303,303,85822,27.89212,0.00959,2.36138,0.01164,0,1,3,6.497769,5.501913,5.501913,-0.246921,-0.246155,14.714362,2441,0.016729,0.047088,21603,8941,4906,3138,2095,1599,1210,913,7983,1,1,1,1
23.9000,2442,1,1,28063,1,53743,0.522180,2,2,34,244,54786,28.51573,0.00959,2.36138,0.01164,0,1,3,1.950609,1.565001,1.565001,-0.558463,-0.558189,14.402342,244,0.038757,0.004809,22230,9186,4986,3169,2203,1581,1221,1009,8157,1,1,1,1
22.3500,2443,1,1,26837,1,51628,0.519825,2,10,27,27,28163,27.45309,0.00680,2.36539,0.01370,0,1,3,6.347535,5.154076,5.154076,-0.017256,-0.016500,14.943674,4034,0.001104,0.076591,21211,9007,4791,3057,2113,1518,1127,929,7874,1,1,1,1
22.4000,2443,1,1,27174,0,51869,0.523907,1,17,33,33,172825,27.48771,0.00680,2.36539,0.01370,1,0,2,1.106977,1.000000,2.066905,-0.034375,-0.034333,14.926942,3913,0.002300,0.074377,21600,8971,4737,3049,2105,1450,1105,933,7918,1,1,1,1
23.0000,2443,1,1,27416,0,52658,0.520653,1,218,218,218,70477,27.90365,0.00680,2.36539,0.01370,1,1,2,1.228769,1.000000,55.835413,-0.243024,-0.242940,14.718281,2446,0.016506,0.047152,21977,8891,4862,3093,2150,1541,1214,961,7968,1,1,1,1
23.9000,2443,1,1,28077,1,53939,0.520542,1,5,7,20,105103,28.52729,0.00680,2.36539,0.01370,0,1,3,3.550912,2.806541,2.806541,-0.554228,-0.553709,14.406826,248,0.038434,0.004884,22278,9215,5007,3232,2149,1638,1272,967,8180,1,1,1,1
22.3500,2444,1,1,26772,0,51386,0.521008,5,21,21,320,143617,27.44587,0.00708,2.36576,0.01565,1,1,2,1.360330,1.000000,9.162893,-0.020749,-0.020623,14.940276,4036,0.001380,0.076616,21179,8612,4978,3063,2119,1506,1102,934,7892,1,1,1,1
22.4000,2444,1,1,27044,0,51881,0.521280,1,11,14,19,60575,27.48047,0.00708,2.36576,0.01565,1,1,2,1.263109,1.000000,3.582911,-0.037857,-0.037761,14.922988,3915,0.002530,0.074405,21712,8766,4795,3088,2124,1466,1143,869,7917,1,1,1,1
23.0000,2444,1,1,27403,1,52678,0.520208,2,51,67,96,122721,27.89652,0.00708,2.36576,0.01565,0,1,3,29.855071,24.350212,24.350212,-0.246278,-0.244889,14.714633,2447,0.016643,0.047164,21890,8943,4861,3172,2154,1519,1217,951,7970,1,1,1,1
23.9000,2444,1,1,28155,1,54087,0.520560,3,2,13,15,4514305,28.52019,0.00708,2.36576,0.01565,0,1,3,1.941194,1.426321,1.426321,-0.557529,-0.557257,14.403210,248,0.038690,0.004883,22565,9129,4994,3160,2187,1629,1295,989,8138,1,1,1,1
22.3500,2445,1,1,27116,0,51953,0.521943,1,4,5,248,55935,27.44431,0.01360,2.35670,0.01353,1,1,2,1.278720,1.000000,1.610963,-0.017805,-0.017705,14.943070,4034,0.001185,0.076532,21548,8873,4910,3058,2077,1607,1168,918,7793,1,1,1,1
22.4000,2445,1,1,26965,1,51787,0.520701,1,1,28,372,45846,27.47918,0.01360,2.35670,0.01353,0,1,3,1.570573,1.119210,1.069304,-0.035142,-0.034957,14.926025,3911,0.002342,0.074283,21478,8759,4875,3029,2093,1608,1166,947,7831,1,1,1,1
23.0000,2445,1,1,27146,0,52684,0.515271,21,6,21,96,58658,27.89506,0.01360,2.35670,0.01353,1,1,2,1.258990,1.000000,1.926752,-0.243225,-0.243131,14.717612,2446,0.016520,0.047116,21973,8928,4902,3018,2112,1655,1198,951,7946,1,1,1,1
23.9000,2445,1,1,28157,1,54141,0.520078,1,23,35,35,87368,28.51875,0.01360,2.35670,0.01353,0,1,3,3.861838,3.770781,3.770781,-0.555207,-0.554654,14.406656,244,0.038500,0.004801,22556,9192,5038,3145,2168,1618,1250,969,8204,1,1,1,1
22.3500,2446,1,1,26817,1,51634,0.519377,8,4,8,79,141647,27.44804,0.00707,2.35933,0.01162,0,1,3,2.187678,1.922949,1.922949,-0.019430,-0.019110,14.940982,4037,0.001279,0.076568,21445,8645,5001,3011,1953,1552,1142,992,7892,1,1,1,1
22.4000,2446,1,1,26901,1,51829,0.519044,3,3,4,45,47896,27.48261,0.00707,2.35933,0.01162,0,1,3,2.146304,1.681329,1.681329,-0.036689,-0.036377,14.924046,3918,0.002437,0.074396,21413,8869,4852,3124,2093,1565,1147,886,7879,1,1,1,1
23.0000,2446,1,1,27274,0,52544,0.519080,6,7,23,968,75569,27.89861,0.00707,2.35933,0.01162,1,1,3,1.068024,1.000000,1.010511,-0.244583,-0.244556,14.716741,2447,0.016618,0.047118,21864,8808,4956,3120,2050,1607,1210,930,7998,1,1,1,1
23.9000,2446,1,1,27944,0,53778,0.519627,5,3,18,20,310407,28.52233,0.00707,2.35933,0.01162,1,0,2,1.303800,1.000000,1.395437,-0.556505,-0.556396,14.404784,246,0.038626,0.004839,22226,9189,5055,3145,2084,1651,1273,1002,8152,1,1,1,1
22.3500,2447,1,1,26925,1,51628,0.521529,1,1,10,262,37309,27.43523,0.01353,2.36622,0.01298,0,0,3,1.476478,1.109190,1.109190,-0.022391,-0.022232,14.938623,4040,0.001488,0.076606,21492,8665,4800,2961,2085,1573,1224,941,7886,1,1,1,1
22.4000,2447,1,1,27015,1,51647,0.523080,1,2,13,140,244518,27.46979,0.01353,2.36622,0.01298,0,0,3,1.526744,1.139107,1.139107,-0.039678,-0.039505,14.921364,3915,0.002648,0.074322,21353,8755,4859,2989,2061,1565,1189,941,7934,1,1,1,1
23.0000,2447,1,1,27395,1,52593,0.520897,1,6,10,71,284048,27.88590,0.01353,2.36622,0.01298,0,1,3,3.703060,3.057231,3.057231,-0.247937,-0.247402,14.713070,2447,0.016815,0.047111,21683,9141,4880,3099,2131,1521,1224,956,7957,1,1,1,1
23.9000,2447,1,1,28046,0,53912,0.520228,1,3,7,142,186308,28.50965,0.01353,2.36622,0.01298,1,1,2,1.291325,1.000000,1.538850,-0.559666,-0.559562,14.401233,244,0.038855,0.004799,22252,9228,4975,3254,2235,1611,1234,953,8169,1,1,1,1
22.3500,2448,1,1,27153,1,51719,0.525020,1,12,130,130,54479,27.44568,0.00735,2.36645,0.01155,0,1,3,5.400742,4.601525,4.601525,-0.020449,-0.019760,14.940762,4045,0.001323,0.076658,21702,8705,4692,3078,2102,1519,1124,897,7899,1,1,1,1
22.4000,2448,1,1,26884,0,51635,0.520665,4,6,8,8,655206,27.48051,0.00735,2.36645,0.01155,1,1,2,1.193685,1.000000,1.416161,-0.037621,-0.037549,14.923076,3920,0.002516,0.074378,21470,8604,4775,3073,2071,1567,1139,962,7973,1,1,1,1
23.0000,2448,1,1,27289,1,52649,0.518329,1,12,15,534,406971,27.89645,0.00735,2.36645,0.01155,0,1,3,6.916669,5.814557,5.814557,-0.245883,-0.245093,14.715107,2453,0.016656,0.047201,21763,8995,4922,3061,2144,1622,1255,964,7922,1,1,1,1
23.9000,2448,1,1,28081,1,53792,0.522039,1,7,18,190,198180,28.52023,0.00735,2.36645,0.01155,0,1,3,1.770786,1.279815,1.246873,-0.557442,-0.557208,14.403907,249,0.038685,0.004895,22262,9108,4989,3178,2263,1597,1212,967,8215,1,1,1,1
22.3500,2449,1,1,27021,1,51726,0.522397,1,78,78,78,222242,27.43824,0.00763,2.36868,0.01401,0,1,3,2.998925,2.616827,2.616827,-0.024094,-0.023646,14.937613,4040,0.001583,0.076549,21416,8826,4775,3074,2132,1511,1157,952,7882,1,1,1,1
22.4000,2449,1,1,27093,1,52030,0.520729,1,2,10,415,329745,27.47277,0.00763,2.36868,0.01401,0,0,3,1.605588,1.136263,1.136263,-0.041177,-0.040984,14.920036,3918,0.002747,0.074324,21636,8914,4861,2927,2177,1555,1207,889,7863,1,1,1,1
23.0000,2449,1,1,27288,0,52548,0.519307,1,10,195,195,71172,27.88883,0.00763,2.36868,0.01401,1,1,2,1.413805,1.000000,5.453357,-0.249540,-0.249398,14.711629,2448,0.016952,0.047096,21664,8989,4860,3133,2232,1521,1170,957,8021,1,1,1,1
23.9000,2449,1,1,28095,1,53980,0.520480,1,13,32,41,718385,28.51264,0.00763,2.36868,0.01401,0,1,3,5.383761,4.930363,4.930363,-0.561421,-0.560734,14.400584,244,0.038938,0.004796,22406,9087,5106,3099,2189,1632,1241,952,8267,1,1,1,1
22.3500,2450,1,1,27117,1,51823,0.523272,1,6,43,98,278190,27.43897,0.00762,2.37469,0.01613,0,1,3,4.134139,3.396306,3.396306,-0.023687,-0.023108,14.937315,4042,0.001547,0.076557,21658,8773,4768,3007,2062,1540,1151,936,7927,1,1,1,1
22.4000,2450,1,1,27030,0,52052,0.519298,3,5,9,31,41071,27.47377,0.00762,2.37469,0.01613,1,1,2,1.413381,1.000000,2.737390,-0.041043,-0.040902,14.920149,3919,0.002741,0.074312,21703,8865,4769,3119,2120,1485,1229,925,7836,1,1,1,1
23.0000,2450,1,1,27348,0,52491,0.521014,3,191,191,191,97697,27.88966,0.00762,2.37469,0.01613,1,1,2,1.019851,1.000000,3.855326,-0.249058,-0.249050,14.710666,2449,0.016930,0.047099,21833,8722,4911,3184,2070,1555,1208,942,8065,1,1,1,1
23.9000,2450,1,1,28053,1,53841,0.521044,1,1,119,119,54433,28.51349,0.00762,2.37469,0.01613,0,1,3,1.460009,1.093771,1.093771,-0.560713,-0.560558,14.400601,245,0.038926,0.004813,22408,9091,4959,3182,2168,1651,1187,993,8201,1,1,1,1
22.3500,2451,1,1,27080,0,51817,0.522618,1,1,23,560,99211,27.43853,0.00734,2.36536,0.01188,1,0,3,1.412160,1.000000,1.068732,-0.023695,-0.023555,14.937460,4044,0.001577,0.076563,21471,8797,4864,2968,2131,1475,1204,953,7953,1,1,1,1
22.4000,2451,1,1,26960,0,51924,0.519230,1,5,58302,58302,2833427,27.47331,0.00734,2.36536,0.01188,1,1,2,1.385961,1.000000,3.094562,-0.041325,-0.041191,14.919922,3921,0.002761,0.074321,21597,8749,4829,3063,2176,1565,1150,921,7873,1,1,1,1
23.0000,2451,1,1,27604,0,52885,0.521973,1,3,14,72,159148,27.88931,0.00734,2.36536,0.01188,1,1,2,1.364348,1.000000,1.821710,-0.249215,-0.249089,14.711819,2450,0.016931,0.047096,21872,9094,4947,3180,2136,1516,1174,960,8005,1,1,1,1
23.9000,2451,1,1,28198,0,54077,0.521451,2,3,122,139,101979,28.51289,0.00734,2.36536,0.01188,1,0,2,1.281264,1.000000,1.338095,-0.560945,-0.560843,14.400351,245,0.038947,0.004811,22344,9261,5041,3159,2244,1650,1220,993,8164,1,1,1,1
22.3500,2452,1,1,26918,0,51723,0.520436,14,2,14,135,287936,27.42734,0.01314,2.37304,0.01257,1,1,3,1.408115,1.000000,1.247338,-0.026625,-0.026485,14.934589,4045,0.001773,0.076565,21538,8738,4675,3138,2132,1472,1219,961,7849,1,1,1,1
22.4000,2452,1,1,27149,1,51994,0.522166,9,2,9,15,164962,27.46182,0.01314,2.37304,0.01257,0,1,3,1.514277,1.256733,1.256733,-0.043855,-0.043686,14.917548,3923,0.002928,0.074341,21624,8869,4794,3141,2086,1566,1172,925,7816,1,1,1,1
23.0000,2452,1,1,27330,0,52464,0.520939,11,35,76,76,113374,27.87794,0.01314,2.37304,0.01257,1,1,2,1.373467,1.000000,15.905407,-0.252445,-0.252316,14.708812,2451,0.017154,0.047105,21749,8859,4896,2970,2218,1633,1164,903,8071,1,1,1,1
23.9000,2452,1,1,27911,1,53670,0.520058,1,8,143,143,835869,28.50154,0.01314,2.37304,0.01257,0,1,3,3.874456,3.345503,3.345503,-0.563931,-0.563378,14.397895,245,0.039129,0.004810,22169,9147,4998,3166,2163,1587,1213,905,8321,1,1,1,1
22.3500,2453,1,1,27040,0,51893,0.521082,1,269,269,269,370433,27.44005,0.00790,2.37513,0.01577,1,1,2,1.016946,1.000000,4.638504,-0.023056,-0.023049,14.938264,4043,0.001543,0.076477,21545,8984,4832,2983,2015,1541,1227,942,7823,1,1,1,1
22.4000,2453,1,1,27368,0,52215,0.524151,2,2,77,1413,80567,27.47481,0.00790,2.37513,0.01577,1,0,3,1.357764,1.000000,1.102257,-0.040137,-0.040012,14.921130,3920,0.002682,0.074236,21808,8781,4868,3023,2158,1567,1236,914,7859,1,1,1,1
23.0000,2453,1,1,27447,1,52652,0.521301,1,1,10,31,83484,27.89076,0.00790,2.37513,0.01577,0,1,3,1.683645,1.191561,1.191561,-0.248123,-0.247911,14.713144,2448,0.016850,0.047015,21907,8835,4868,3079,2161,1586,1227,887,8101,1,1,1,1
23.9000,2453,1,1,28205,1,54075,0.521600,5,6,6,33,303542,28.51439,0.00790,2.37513,0.01577,0,1,3,2.691940,2.381828,2.381828,-0.560089,-0.559685,14.400524,241,0.038866,0.004729,22491,9192,5046,3132,2157,1570,1243,957,8286,1,1,1,1
22.3500,2454,1,1,27223,1,51952,0.524013,1,7,42,86,23912,27.44850,0.00676,2.38696,0.01130,0,0,3,1.952728,1.449021,1.449021,-0.019054,-0.018781,14.942101,4053,0.001257,0.076615,21478,8855,4952,3049,2171,1555,1148,966,7777,1,1,1,1
22.4000,2454,1,1,27026,0,51864,0.521104,6,9,17,281,56856,27.48324,0.00676,2.38696,0.01130,1,1,2,1.265531,1.000000,2.907219,-0.036576,-0.036480,14.924724,3930,0.002444,0.074377,21479,8746,4916,3139,2071,1549,1159,915,7889,1,1,1,1
23.0000,2454,1,1,27352,0,52661,0.519408,2,7,13,33,505554,27.89930,0.00676,2.38696,0.01130,1,1,3,1.126339,1.000000,1.139188,-0.244410,-0.244362,14.716096,2457,0.016605,0.047159,21959,8854,4821,3042,2165,1604,1174,948,8093,1,1,1,1
23.9000,2454,1,1,28061,1,53841,0.521192,1,5,26,26,241434,28.52297,0.00676,2.38696,0.01130,0,1,3,4.173698,3.004579,3.004579,-0.556443,-0.555861,14.404732,249,0.038589,0.004883,22340,9164,4915,3071,2115,1613,1247,995,8380,1,1,1,1
22.3500,2455,1,1,26962,0,51756,0.520954,1,8,8,78,44379,27.44246,0.00676,2.38448,0.01265,1,1,2,1.243791,1.000000,2.423434,-0.022371,-0.022282,14.938439,4053,0.001492,0.076603,21500,8724,4755,3044,2099,1590,1210,908,7925,1,1,1,1
22.4000,2455,1,1,27170,0,52031,0.522199,3,18,948,948,339329,27.47719,0.00676,2.38448,0.01265,1,1,2,1.281939,1.000000,6.109733,-0.039927,-0.039826,14.921369,3929,0.002669,0.074344,21520,8936,4816,3046,2126,1534,1192,968,7892,1,1,1,1
23.0000,2455,1,1,27716,0,53033,0.522628,44,72,72,168,34322,27.89307,0.00676,2.38448,0.01265,1,0,2,1.017833,1.000000,1.305713,-0.247557,-0.247550,14.713764,2458,0.016824,0.047166,22081,9036,4877,3193,2107,1616,1228,936,7958,1,1,1,1
23.9000,2455,1,1,27926,0,53979,0.517359,3,8,19,93,176908,28.51677,0.00676,2.38448,0.01265,1,1,2,1.397402,1.000000,4.144080,-0.559637,-0.559501,14.401597,247,0.038850,0.004842,22289,9268,5043,3182,2149,1618,1202,977,8250,1,1,1,1
22.3500,2456,1,1,27314,0,52139,0.523879,1,1,1430,3137,28331,27.44039,0.01332,2.38308,0.01101,1,0,3,1.412465,1.000000,1.354562,-0.019900,-0.019759,14.941299,4057,0.001322,0.076633,21679,8911,4833,3037,2149,1568,1185,952,7824,1,1,1,1
22.4000,2456,1,1,27126,0,51884,0.522830,1,11,139,155,97579,27.47510,0.01332,2.38308,0.01101,1,1,2,1.399247,1.000000,5.938595,-0.037570,-0.037434,14.923661,3933,0.002508,0.074378,21636,8688,4822,3061,2069,1477,1195,914,8021,1,1,1,1
23.0000,2456,1,1,27570,0,53035,0.519855,1,14,14,94,110964,27.89110,0.01332,2.38308,0.01101,1,1,2,1.323720,1.000000,5.673175,-0.245562,-0.245448,14.715399,2459,0.016680,0.047161,22072,9104,4867,3176,2096,1606,1185,1000,7928,1,1,1,1
23.9000,2456,1,1,28455,1,54445,0.522647,3,95,15938,15938,101217,28.51482,0.01332,2.38308,0.01101,0,1,3,23.641943,22.691844,22.691844,-0.557704,-0.556416,14.404899,250,0.038627,0.004898,22804,9245,5021,3174,2152,1617,1328,995,8108,1,1,1,1
22.3500,2457,1,1,27013,1,51860,0.520893,1,12,67,127,390240,27.45620,0.00732,2.39475,0.01185,0,1,3,4.544165,3.948555,3.948555,-0.015125,-0.014509,14.946754,4054,0.000971,0.076517,21589,8714,4775,3089,2128,1586,1186,905,7887,1,1,1,1
22.4000,2457,1,1,27077,1,51897,0.521755,2,5,6,55,13786,27.49090,0.00732,2.39475,0.01185,0,1,3,2.244783,1.681637,1.681637,-0.032299,-0.031970,14.929191,3931,0.002141,0.074283,21659,8824,4753,3026,2102,1500,1164,925,7943,1,1,1,1
23.0000,2457,1,1,27713,1,52930,0.523588,2,2,53,87,445958,27.90701,0.00732,2.39475,0.01185,0,1,3,1.615129,1.309794,1.309794,-0.240300,-0.240105,14.721157,2457,0.016310,0.047085,21914,9126,5006,3044,2171,1570,1179,967,7952,1,1,1,1
23.9000,2457,1,1,28342,0,54311,0.521856,1,5,77,77,52962,28.53076,0.00732,2.39475,0.01185,1,1,2,1.219020,1.000000,1.620029,-0.552218,-0.552138,14.409090,246,0.038319,0.004816,22628,9361,5011,3182,2241,1625,1137,976,8149,1,1,1,1
22.3500,2458,1,1,27125,1,52003,0.521615,4,3,5,29,1889285,27.45759,0.00732,2.39180,0.01358,0,0,3,1.253816,1.065078,1.065078,-0.014347,-0.014255,14.946339,4056,0.000954,0.076526,21524,8876,4885,3058,2110,1581,1246,888,7834,1,1,1,1
22.4000,2458,1,1,26933,1,51758,0.520374,1,31,31,188,49930,27.49228,0.00732,2.39180,0.01358,0,1,3,1.526936,1.185267,1.185267,-0.031701,-0.031529,14.929662,3932,0.002112,0.074269,21387,8600,4905,3143,2129,1547,1242,912,7892,1,1,1,1
23.0000,2458,1,1,27651,1,53039,0.521343,1,1,14,55,29396,27.90822,0.00732,2.39180,0.01358,0,0,3,1.618932,1.152644,1.152644,-0.239679,-0.239483,14.721506,2460,0.016268,0.047122,21932,9051,5042,3168,2075,1667,1179,947,7977,1,1,1,1
23.9000,2458,1,1,27947,1,54022,0.517336,1,62,62,62,173102,28.53200,0.00732,2.39180,0.01358,0,1,3,31.172183,26.955171,26.955171,-0.552208,-0.550809,14.408867,245,0.038227,0.004795,22338,9191,5045,3192,2226,1615,1242,947,8225,1,1,1,1
22.3500,2459,1,1,27206,0,51875,0.524463,2,5,75,75,768692,27.46107,0.00675,2.38826,0.01350,1,0,2,1.205108,1.000000,1.357448,-0.012839,-0.012763,14.948471,4059,0.000854,0.076540,21505,8964,4795,2931,2014,1547,1180,991,7947,1,1,1,1
22.4000,2459,1,1,27144,0,51860,0.523419,2,2,7,64,149407,27.49574,0.00675,2.38826,0.01350,1,1,3,1.346043,1.000000,1.281521,-0.030164,-0.030043,14.930838,3936,0.002012,0.074308,21493,8719,4895,3037,2114,1531,1138,960,7972,1,1,1,1
23.0000,2459,1,1,27480,0,52656,0.521888,2,11,16,206,40679,27.91180,0.00675,2.38826,0.01350,1,1,2,1.264782,1.000000,3.645164,-0.238405,-0.238310,14.722895,2460,0.016186,0.047099,21705,8792,4908,3118,2208,1611,1230,991,8092,1,1,1,1
23.9000,2459,1,1,28272,0,54250,0.521152,9,4,63,73,114673,28.53561,0.00675,2.38826,0.01350,1,0,3,1.201987,1.000000,1.117629,-0.550066,-0.549991,14.411245,247,0.038164,0.004831,22472,9162,5124,3164,2155,1685,1263,957,8267,1,1,1,1
22.3500,2460,1,1,27133,1,51907,0.522733,1,1,4,63,56324,27.45925,0.01363,2.39785,0.01155,0,0,3,1.671978,1.269948,1.269948,-0.010469,-0.010260,14.950577,4060,0.000686,0.076517,21555,8897,4870,2893,2106,1511,1182,911,7981,1,1,1,1
22.4000,2460,1,1,27014,0,51650,0.523030,1,9,9,25,86784,27.49391,0.01363,2.39785,0.01155,1,1,3,1.095212,1.000000,1.115095,-0.027765,-0.027728,14.932621,3937,0.001857,0.074288,21327,8828,4799,2978,2076,1551,1183,901,8006,1,1,1,1
23.0000,2460,1,1,27451,1,52839,0.519531,2,5,7,114,18066,27.90980,0.01363,2.39785,0.01155,0,0,3,1.560355,1.228803,1.228803,-0.235745,-0.235565,14.725201,2461,0.015997,0.047091,21824,9009,4942,3137,2191,1570,1161,938,8066,1,1,1,1
23.9000,2460,1,1,28276,0,54173,0.521967,3,8,50,50,66126,28.53363,0.01363,2.39785,0.01155,1,1,2,1.267298,1.000000,2.578301,-0.547811,-0.547714,14.413489,248,0.038000,0.004848,22462,9197,4999,3216,2246,1597,1280,920,8255,1,1,1,1
22.3500,2461,1,1,26910,0,51839,0.519117,4,647,647,647,26740,27.45764,0.00731,2.39711,0.01452,1,1,2,1.412884,1.000000,322.650048,-0.015475,-0.015335,14.945723,4058,0.001026,0.076473,21547,8725,4832,3002,2181,1525,1162,879,7985,1,1,1,1
22.4000,2461,1,1,27242,0,52119,0.522698,1,3,3615,3615,145984,27.49228,0.00731,2.39711,0.01452,1,1,2,1.390316,1.000000,1.745142,-0.031736,-0.031602,14.929355,3935,0.002117,0.074237,21779,8814,4832,3018,2081,1580,1217,937,7860,1,1,1,1
23.0000,2461,1,1,27568,0,52716,0.522963,4,2,24,24,77179,27.90828,0.00731,2.39711,0.01452,1,1,3,1.355272,1.000000,1.104128,-0.239640,-0.239517,14.721379,2458,0.016270,0.047027,21755,9032,4972,3099,2103,1571,1155,914,8114,1,1,1,1
23.9000,2461,1,1,28364,0,54427,0.521148,1,10,664,664,49872,28.53186,0.00731,2.39711,0.01452,1,1,2,1.104408,1.000000,1.285792,-0.551453,-0.551412,14.408974,244,0.038269,0.004769,22592,9271,5144,3240,2225,1626,1238,984,8106,1,1,1,1
22.3500,2462,1,1,27038,0,51926,0.520713,2,93,93,93,579811,27.46475,0.01079,2.40556,0.01455,1,1,2,1.322577,1.000000,35.212480,-0.009628,-0.009515,14.951332,4063,0.000636,0.076508,21474,8792,4874,3080,2123,1626,1172,927,7857,1,1,1,1
22.4000,2462,1,1,27255,1,52079,0.523350,1,4,8,432,263363,27.49938,0.01079,2.40556,0.01455,0,1,3,1.490312,1.056913,1.017392,-0.026200,-0.026038,14.935033,3941,0.001743,0.074291,21628,8932,4862,3128,2039,1537,1134,921,7897,1,1,1,1
23.0000,2462,1,1,27569,1,52994,0.520239,736,16,736,3842,190658,27.91549,0.01079,2.40556,0.01455,0,1,3,3.597979,3.059649,3.059649,-0.234503,-0.233983,14.727265,2464,0.015888,0.047104,22050,8977,4996,3103,2112,1584,1215,972,7984,1,1,1,1
23.9000,2462,1,1,28053,1,54072,0.518818,2,3,6,75,226625,28.53910,0.01079,2.40556,0.01455,0,1,3,2.305353,1.846735,1.846735,-0.546204,-0.545864,14.414629,246,0.037869,0.004805,22380,9398,4883,3197,2200,1583,1214,980,8236,1,1,1,1
22.3500,2463,1,1,27094,0,52064,0.520408,1,10,28,28,175305,27.45996,0.01079,2.40528,0.01465,1,1,2,1.290554,1.000000,3.628251,-0.011740,-0.011637,14.949554,4061,0.000778,0.076448,21559,8980,4871,3001,2084,1559,1243,958,7808,1,1,1,1
22.4000,2463,1,1,27298,0,52289,0.522070,2,13,13,412,50988,27.49458,0.01079,2.40528,0.01465,1,1,2,1.173422,1.000000,2.603560,-0.028982,-0.028917,14.931670,3940,0.001937,0.074259,21658,9051,4819,3061,2174,1584,1178,942,7821,1,1,1,1
23.0000,2463,1,1,27643,1,53029,0.521291,1,15,15,136,276472,27.91052,0.01079,2.40528,0.01465,0,1,3,10.341101,7.899997,7.899997,-0.237179,-0.236231,14.723940,2460,0.016044,0.047019,22011,9043,4876,3117,2281,1520,1220,936,8024,1,1,1,1
23.9000,2463,1,1,28237,1,54236,0.520642,5,2,14,1560,55232,28.53416,0.01079,2.40528,0.01465,0,1,3,1.625282,1.371661,1.371661,-0.548635,-0.548438,14.411929,245,0.038054,0.004784,22441,9299,5034,3171,2320,1624,1215,901,8230,1,1,1,1
22.3500,2464,1,1,27182,0,52208,0.520658,5,3,33,71,19013,27.47574,0.00730,2.40147,0.01298,1,1,2,1.354886,1.000000,1.721613,-0.005347,-0.005224,14.955673,4069,0.000349,0.076536,21710,8828,4903,3102,2152,1544,1160,925,7883,1,1,1,1
22.4000,2464,1,1,27399,1,52535,0.521548,1,79,79,79,70143,27.51035,0.00730,2.40147,0.01298,0,1,3,9.843118,9.328336,9.328336,-0.022990,-0.022062,14.938068,3946,0.001477,0.074310,21960,8995,4998,3039,2095,1490,1203,886,7868,1,1,1,1
23.0000,2464,1,1,27739,1,52947,0.523911,5,18,77,183,785008,27.92640,0.00730,2.40147,0.01298,0,1,3,10.346689,8.622984,8.622984,-0.231003,-0.230054,14.729534,2467,0.015619,0.047116,22199,8828,4830,3025,2177,1587,1203,952,8145,1,1,1,1
23.9000,2464,1,1,28189,1,54144,0.520640,8,185,185,185,249043,28.55007,0.00730,2.40147,0.01298,0,1,3,15.171519,15.008594,15.008594,-0.542947,-0.541844,14.417527,250,0.037582,0.004878,22357,9139,5029,3330,2267,1596,1247,965,8213,1,1,1,1
22.3500,2465,1,1,27234,0,52037,0.523368,1,64,64,64,95455,27.46840,0.00947,2.40220,0.01318,1,1,3,1.014818,1.000000,1.007696,-0.007717,-0.007711,14.953606,4067,0.000516,0.076478,21489,8833,4954,3028,2172,1585,1182,905,7888,1,1,1,1
22.4000,2465,1,1,27133,1,52024,0.521558,1,2,15,31,61209,27.50327,0.00947,2.40220,0.01318,0,0,3,2.016074,1.452221,1.452221,-0.025233,-0.024948,14.936005,3943,0.001670,0.074234,21580,8735,4812,3086,2208,1512,1186,950,7954,1,1,1,1
23.0000,2465,1,1,27800,0,53335,0.521243,3,2,83,83,152332,27.91916,0.00947,2.40220,0.01318,1,0,3,1.314123,1.000000,1.062990,-0.233111,-0.233000,14.728177,2464,0.015820,0.047044,22249,9135,4850,3185,2108,1628,1160,961,8058,1,1,1,1
23.9000,2465,1,1,28407,1,54653,0.519780,1,5,5,76,61687,28.54285,0.00947,2.40220,0.01318,0,1,3,3.231545,2.633535,2.633535,-0.545141,-0.544665,14.416006,248,0.037782,0.004837,22865,9217,5113,3240,2241,1669,1191,966,8150,1,1,1,1
22.3500,2466,1,1,27148,0,52247,0.519619,1,78,78,78,340196,27.46096,0.01078,2.39598,0.01463,1,1,2,1.413369,1.000000,39.480285,-0.011717,-0.011577,14.949450,4070,0.000774,0.076525,21764,8906,4795,3115,2112,1565,1159,898,7932,1,1,1,1
22.4000,2466,1,1,27307,1,52281,0.522322,1,44,44,149,54552,27.49553,0.01078,2.39598,0.01463,0,1,3,4.293982,3.483370,3.430490,-0.028507,-0.027917,14.932790,3945,0.001869,0.074257,21898,8757,4763,3110,2137,1523,1171,930,7991,1,1,1,1
23.0000,2466,1,1,27390,0,52600,0.520732,2,8,8,185,550695,27.91153,0.01078,2.39598,0.01463,1,0,2,1.133680,1.000000,1.339763,-0.236314,-0.236264,14.725004,2465,0.016045,0.047054,21771,8973,4879,2995,2074,1608,1207,969,8123,1,1,1,1
23.9000,2466,1,1,28050,0,54264,0.516927,2,25,25,27,417783,28.53525,0.01078,2.39598,0.01463,1,1,2,1.337823,1.000000,10.207553,-0.548590,-0.548472,14.412689,246,0.038055,0.004798,22618,9175,5086,3156,2203,1655,1183,1000,8187,1,1,1,1
22.3500,2467,1,1,27220,0,51986,0.523613,1,16,320,320,53250,27.46485,0.01116,2.39811,0.01319,1,1,2,1.066198,1.000000,1.233396,-0.008769,-0.008743,14.952553,4070,0.000585,0.076478,21507,8905,4891,3046,2108,1475,1184,900,7969,1,1,1,1
22.4000,2467,1,1,27205,1,52277,0.520411,1,4,213,8247,40946,27.49941,0.01116,2.39811,0.01319,0,1,3,3.782445,2.714318,2.714318,-0.026222,-0.025683,14.934918,3947,0.001720,0.074254,21620,8848,4898,3181,2122,1539,1201,948,7919,1,1,1,1
23.0000,2467,1,1,27559,1,52794,0.522020,2,1,75,75,571608,27.91552,0.01116,2.39811,0.01319,0,1,3,1.661133,1.176006,1.176006,-0.234109,-0.233903,14.727157,2466,0.015882,0.047047,21913,9071,4768,3054,2149,1642,1125,980,8091,1,1,1,1
23.9000,2467,1,1,28320,0,54421,0.520397,52,4,88,361,1223186,28.53927,0.01116,2.39811,0.01319,1,1,2,1.413852,1.000000,2.409158,-0.546126,-0.545985,14.415047,246,0.037876,0.004795,22525,9395,5060,3240,2214,1585,1197,1019,8185,1,1,1,1
22.3500,2468,1,1,27375,1,52036,0.526088,1,2,8,1517,879682,27.46299,0.00876,2.40279,0.01249,0,1,3,1.212240,1.041120,1.041120,-0.010773,-0.010695,14.950560,4072,0.000715,0.076495,21604,8828,4765,3090,2114,1611,1132,927,7964,1,1,1,1
22.4000,2468,1,1,27303,1,52200,0.523056,1,3,5,15,35800,27.49782,0.00876,2.40279,0.01249,0,1,3,1.742144,1.255839,1.255839,-0.028220,-0.027995,14.933120,3948,0.001875,0.074252,21877,8849,4723,3018,2106,1518,1174,925,8009,1,1,1,1
23.0000,2468,1,1,27789,1,53192,0.522438,16,2,16,40,845077,27.91376,0.00876,2.40279,0.01249,0,0,3,1.253203,1.200595,1.200595,-0.236174,-0.236082,14.723965,2467,0.016034,0.047057,22099,9199,4791,3130,2182,1559,1218,989,8024,1,1,1,1
23.9000,2468,1,1,28309,1,54454,0.519880,1,3,12,74,106869,28.53754,0.00876,2.40279,0.01249,0,0,3,2.366676,1.792617,1.792617,-0.548159,-0.547810,14.413036,247,0.038008,0.004813,22707,9199,5085,3155,2217,1617,1241,1014,8218,1,1,1,1
22.3500,2469,1,1,27179,1,52113,0.521550,3,6,15,89,77928,27.46174,0.00904,2.40416,0.01657,0,1,3,1.359884,1.143743,1.143743,-0.011466,-0.011341,14.949902,4069,0.000759,0.076411,21738,8893,4823,3105,2060,1559,1140,919,7875,1,1,1,1
22.4000,2469,1,1,27153,1,51959,0.522595,1,23,36,107,20098,27.49627,0.00904,2.40416,0.01657,0,1,3,16.526229,12.222840,12.222840,-0.029211,-0.028075,14.933238,3946,0.001880,0.074184,21492,8744,4911,3021,2193,1512,1165,974,7946,1,1,1,1
23.0000,2469,1,1,27412,0,52718,0.519984,1,2,29,4859,23756,27.91233,0.00904,2.40416,0.01657,1,0,2,1.388405,1.000000,1.709461,-0.236840,-0.236707,14.724407,2466,0.016076,0.047018,21815,8915,4920,3157,2155,1530,1144,941,8140,1,1,1,1
23.9000,2469,1,1,28368,0,54473,0.520781,3,2,6,536,468664,28.53613,0.00904,2.40416,0.01657,1,0,3,1.341592,1.000000,1.114142,-0.548651,-0.548532,14.412627,242,0.038059,0.004714,22507,9392,5013,3308,2183,1607,1232,942,8288,1,1,1,1
22.3500,2470,1,1,27394,0,52311,0.523686,1,1,104,473,1452420,27.45882,0.00847,2.39040,0.01509,1,0,3,1.414115,1.000000,1.153793,-0.013092,-0.012952,14.948095,4075,0.000866,0.076502,21768,8982,4888,2968,2124,1514,1150,952,7964,1,1,1,1
22.4000,2470,1,1,27288,0,52287,0.521899,1,51,99,99,86329,27.49362,0.00847,2.39040,0.01509,1,1,3,1.016877,1.000000,1.012292,-0.030455,-0.030449,14.929218,3951,0.002040,0.074267,21546,9014,4987,3108,2151,1568,1117,879,7916,1,1,1,1
23.0000,2470,1,1,27474,0,52878,0.519583,2,5,22,22,56729,27.90951,0.00847,2.39040,0.01509,1,1,2,1.407099,1.000000,2.690247,-0.238622,-0.238484,14.722598,2469,0.016198,0.047061,21960,8929,4886,3081,2185,1547,1173,948,8168,1,1,1,1
23.9000,2470,1,1,28365,1,54541,0.520077,4,9,74,74,131472,28.53334,0.00847,2.39040,0.01509,0,1,3,2.502847,2.164667,2.164667,-0.550494,-0.550123,14.411135,253,0.038173,0.004927,22781,9255,5033,3158,2227,1641,1252,950,8243,1,1,1,1
22.3500,2471,1,1,27151,1,51971,0.522436,1,2,6,508,15314,27.45994,0.00847,2.39220,0.01680,0,1,3,2.320284,1.774474,1.774474,-0.012532,-0.012192,14.948616,4075,0.000816,0.076468,21432,8929,4767,3021,2092,1585,1218,947,7979,1,1,1,1
22.4000,2471,1,1,27249,1,52128,0.522743,1,6,8,342,34567,27.49473,0.00847,2.39220,0.01680,0,1,3,2.426886,2.232961,2.232961,-0.029975,-0.029617,14.931684,3951,0.001983,0.074225,21691,8714,4837,3078,2085,1596,1195,928,8003,1,1,1,1
23.0000,2471,1,1,27604,0,53100,0.519859,4,1,19,19,97296,27.91073,0.00847,2.39220,0.01680,1,1,3,1.354241,1.000000,1.049989,-0.237822,-0.237699,14.723612,2468,0.016144,0.047020,22109,8930,4898,3133,2116,1552,1193,958,8210,1,1,1,1
23.9000,2471,1,1,28553,1,54814,0.520917,1,8,8,61,134684,28.53431,0.00847,2.39220,0.01680,0,1,3,2.071895,1.498942,1.417644,-0.549669,-0.549374,14.411748,245,0.038120,0.004769,22936,9295,5083,3276,2107,1652,1246,969,8249,1,1,1,1
22.3500,2472,1,1,27442,0,52561,0.522108,1,55,55,63,29582,27.47487,0.00875,2.41400,0.01247,1,1,2,1.146709,1.000000,8.786456,-0.005444,-0.005388,14.955137,4078,0.000360,0.076460,21956,8971,4974,3096,2066,1508,1126,917,7946,1,1,1,1
22.4000,2472,1,1,26963,1,52019,0.518340,1,2,6,26,95989,27.50936,0.00875,2.41400,0.01247,0,1,3,2.343864,1.718911,1.718911,-0.022357,-0.022013,14.939210,3955,0.001473,0.074233,21422,8825,4805,3037,2117,1585,1235,955,8037,1,1,1,1
23.0000,2472,1,1,27747,1,53118,0.522375,2,7,19,570,1602306,27.92547,0.00875,2.41400,0.01247,0,1,3,4.501171,3.595464,3.595464,-0.230563,-0.229955,14.731365,2471,0.015610,0.047033,22071,8944,4925,3048,2200,1628,1153,930,8218,1,1,1,1
23.9000,2472,1,1,28333,1,54324,0.521565,1,1,28,279,569545,28.54908,0.00875,2.41400,0.01247,0,1,3,1.617854,1.145113,1.145113,-0.542126,-0.541931,14.419093,253,0.037584,0.004920,22666,9166,5068,3139,2222,1566,1235,951,8310,1,1,1,1
22.3500,2473,1,1,27020,0,52086,0.518767,1,12,12,17,184969,27.46669,0.01091,2.40301,0.01352,1,1,2,1.350365,1.000000,5.262401,-0.008246,-0.008124,14.952768,4076,0.000543,0.076404,21573,8789,4879,3052,2075,1584,1181,930,8022,1,1,1,1
22.4000,2473,1,1,27463,1,52351,0.524604,1,38,38,76,69491,27.50145,0.01091,2.40301,0.01352,0,1,3,2.589632,1.936201,1.790609,-0.025404,-0.025019,14.936143,3952,0.001675,0.074162,21896,8855,4759,3123,2058,1575,1214,893,7977,1,1,1,1
23.0000,2473,1,1,27849,1,53355,0.521966,2,14,16,29,42107,27.91739,0.01091,2.40301,0.01352,0,0,3,3.667648,3.260551,3.260551,-0.233498,-0.232973,14.727490,2468,0.015819,0.046970,22171,9121,4931,3184,2192,1559,1186,951,8059,1,1,1,1
23.9000,2473,1,1,28319,1,54610,0.518578,1,1,8,44,1856250,28.54103,0.01091,2.40301,0.01352,0,1,3,1.618081,1.212809,1.212809,-0.545114,-0.544919,14.416246,243,0.037799,0.004724,22743,9210,5149,3203,2167,1688,1248,982,8219,1,1,1,1
22.3500,2474,1,1,26983,1,51889,0.520024,2,5,8,106,56080,27.47145,0.00591,2.40537,0.01659,0,1,3,2.988312,2.476376,2.476376,-0.008118,-0.007676,14.953601,4078,0.000513,0.076406,21366,8747,4750,3162,2144,1569,1228,986,7936,1,1,1,1
22.4000,2474,1,1,27542,0,52477,0.524849,8,6,30,57,747602,27.50619,0.00591,2.40537,0.01659,1,1,2,1.412289,1.000000,3.279694,-0.025543,-0.025404,14.935618,3957,0.001701,0.074228,21752,8970,4882,3053,2228,1601,1142,962,7886,1,1,1,1
23.0000,2474,1,1,27795,1,53077,0.523683,1,5,61,61,657767,27.92225,0.00591,2.40537,0.01659,0,1,3,2.357161,1.855220,1.855220,-0.233459,-0.233112,14.728092,2470,0.015828,0.046987,21966,9002,4900,3264,2165,1596,1182,940,8061,1,1,1,1
23.9000,2474,1,1,28255,1,54456,0.518869,6,1,6,62,1428439,28.54592,0.00591,2.40537,0.01659,0,1,3,1.217856,1.011335,1.011335,-0.545151,-0.545071,14.415321,243,0.037812,0.004723,22474,9279,5110,3155,2211,1563,1294,1038,8331,1,1,1,1
22.3500,2475,1,1,27278,0,52262,0.521957,1,7,7,124,421451,27.46602,0.00780,2.38976,0.01546,1,1,2,1.408174,1.000000,4.040750,-0.010168,-0.010030,14.950974,4090,0.000671,0.076613,21504,9126,4804,3091,2175,1562,1161,925,7913,1,1,1,1
22.4000,2475,1,1,27326,0,52221,0.523286,1,4,7,56,1112237,27.50074,0.00780,2.38976,0.01546,1,1,2,1.393765,1.000000,2.358712,-0.027424,-0.027290,14.933818,3965,0.001827,0.074357,21587,8888,4937,2994,2109,1555,1202,895,8053,1,1,1,1
23.0000,2475,1,1,27757,1,53060,0.523135,1,19,34,37,86197,27.91663,0.00780,2.38976,0.01546,0,1,3,8.504072,7.525458,7.525458,-0.235602,-0.234737,14.726563,2482,0.015940,0.047201,21817,9188,4907,3095,2184,1556,1224,948,8140,1,1,1,1
23.9000,2475,1,1,28408,0,54570,0.520589,1,3,11,87,91875,28.54033,0.00780,2.38976,0.01546,1,0,2,1.357768,1.000000,1.728906,-0.547146,-0.547022,14.414124,256,0.037950,0.004974,22598,9255,5113,3216,2243,1612,1224,994,8314,1,1,1,1
22.3500,2476,1,1,27207,1,52184,0.521377,1,2,320,1077,47635,27.47163,0.00450,2.38976,0.01596,0,0,3,1.910989,1.411536,1.411536,-0.008699,-0.008438,14.952461,4091,0.000564,0.076593,21534,9039,4760,3006,2119,1634,1173,931,7987,1,1,1,1
22.4000,2476,1,1,27167,1,52287,0.519585,1,7,11,19,72288,27.50635,0.00450,2.38976,0.01596,0,1,3,1.702012,1.227246,1.205115,-0.026008,-0.025793,14.935161,3967,0.001727,0.074358,21662,8907,4864,3102,2169,1554,1195,913,7920,1,1,1,1
23.0000,2476,1,1,27792,0,53183,0.522583,1,106,106,106,104510,27.92235,0.00450,2.38976,0.01596,1,1,2,1.018198,1.000000,1.965357,-0.234124,-0.234116,14.725586,2481,0.015899,0.047166,22010,8977,5088,3074,2253,1654,1167,942,8017,1,1,1,1
23.9000,2476,1,1,28534,0,54632,0.522304,2,7,7,31,71503,28.54607,0.00450,2.38976,0.01596,1,1,3,1.121768,1.000000,1.137803,-0.545859,-0.545812,14.414642,255,0.037865,0.004952,22678,9215,5081,3328,2174,1631,1241,992,8291,1,1,1,1
22.3500,2477,1,1,27346,0,52595,0.519945,3,8,16,28,466347,27.46751,0.00483,2.38604,0.01482,1,1,2,1.135598,1.000000,1.267081,-0.010479,-0.010428,14.950069,4089,0.000697,0.076537,21873,8849,5008,3073,2128,1601,1220,992,7850,1,1,1,1
22.4000,2477,1,1,27333,1,52456,0.521075,1,10,10,26,39559,27.50221,0.00483,2.38604,0.01482,0,1,3,5.451429,4.581739,4.581739,-0.028089,-0.027404,14.933115,3965,0.001835,0.074301,21813,8880,4892,3114,2087,1599,1187,933,7950,1,1,1,1
23.0000,2477,1,1,27752,0,53138,0.522273,1,2,23,34,41158,27.91832,0.00483,2.38604,0.01482,1,1,2,1.414207,1.000000,1.614538,-0.235933,-0.235793,14.725249,2482,0.016013,0.047167,21848,9009,4954,3199,2194,1585,1270,969,8109,1,1,1,1
23.9000,2477,1,1,28440,0,54514,0.521710,1,4,12,83,71212522,28.54207,0.00483,2.38604,0.01482,1,1,2,1.258232,1.000000,1.626716,-0.547809,-0.547716,14.413037,250,0.038001,0.004854,22563,9343,4972,3237,2197,1597,1283,980,8341,1,1,1,1
22.3500,2478,1,1,27225,1,52367,0.519898,936,4,936,936,80975,27.47003,0.00336,2.38376,0.01686,0,1,3,1.774579,1.428261,1.428261,-0.010161,-0.009930,14.951289,4092,0.000664,0.076556,21712,8802,4851,3072,2167,1565,1218,1007,7972,1,1,1,1
22.4000,2478,1,1,27284,0,52663,0.518097,5,4,56,56,72696,27.50471,0.00336,2.38376,0.01686,1,1,2,1.390459,1.000000,2.058714,-0.027577,-0.027444,14.933669,3970,0.001838,0.074362,21872,8974,5016,3086,2186,1490,1192,938,7908,1,1,1,1
23.0000,2478,1,1,27687,1,53300,0.519466,5,45,45,45,85433,27.92066,0.00336,2.38376,0.01686,0,1,3,6.825715,6.328934,6.328934,-0.235777,-0.235002,14.726290,2483,0.015958,0.047164,22062,9097,4905,3238,2185,1599,1199,937,8077,1,1,1,1
23.9000,2478,1,1,28518,0,54650,0.521839,1,17,26,246,49484,28.54443,0.00336,2.38376,0.01686,1,1,2,1.383773,1.000000,8.282586,-0.547719,-0.547588,14.413533,251,0.037991,0.004871,22850,9165,5074,3153,2157,1647,1275,1014,8314,1,1,1,1
22.3500,2479,1,1,27210,0,52234,0.520935,2,20,24,144,659380,27.47343,0.00336,2.39340,0.01627,1,1,2,1.351935,1.000000,8.822186,-0.008729,-0.008607,14.952289,4093,0.000576,0.076539,21555,8988,4799,2986,2142,1526,1234,946,8057,1,1,1,1
22.4000,2479,1,1,27381,1,52617,0.520393,1,21,38,42,399522,27.50810,0.00336,2.39340,0.01627,0,1,3,12.232990,10.131217,10.131217,-0.026093,-0.025082,14.936239,3968,0.001679,0.074281,22017,8755,4905,3029,2197,1617,1166,963,7967,1,1,1,1
23.0000,2479,1,1,28092,0,53564,0.524467,4,3,153,176,151984,27.92416,0.00336,2.39340,0.01627,1,1,2,1.356407,1.000000,1.392375,-0.233717,-0.233594,14.727310,2481,0.015861,0.047103,22216,9173,4996,3165,2196,1616,1235,980,7986,1,1,1,1
23.9000,2479,1,1,28486,0,54523,0.522468,2,27,27,30,118095,28.54796,0.00336,2.39340,0.01627,1,1,2,1.046460,1.000000,1.383701,-0.545613,-0.545595,14.414483,249,0.037850,0.004830,22470,9337,5134,3214,2324,1655,1166,961,8261,1,1,1,1
22.3500,2480,1,1,27284,0,52422,0.520478,15,12,32,70,1067897,27.47410,0.00621,2.39472,0.01585,1,1,2,1.263275,1.000000,3.825004,-0.006985,-0.006891,14.954318,4097,0.000461,0.076573,21735,8962,4964,3039,2056,1583,1154,924,8004,1,1,1,1
22.4000,2480,1,1,27690,0,52948,0.522976,1,4,4,27,220612,27.50875,0.00621,2.39472,0.01585,1,1,2,1.350195,1.000000,2.289635,-0.024207,-0.024086,14.936808,3973,0.001613,0.074342,22103,9085,5015,3019,2103,1593,1160,924,7945,1,1,1,1
23.0000,2480,1,1,27789,1,53137,0.522979,1,12,12,43,183776,27.92464,0.00621,2.39472,0.01585,0,1,3,8.829786,6.545668,6.545668,-0.232367,-0.231488,14.728756,2486,0.015717,0.047175,21963,8964,5033,3118,2125,1585,1268,940,8140,1,1,1,1
23.9000,2480,1,1,28596,0,54887,0.521007,5,2,9,111,81783,28.54847,0.00621,2.39472,0.01585,1,1,3,1.377765,1.000000,1.150439,-0.543912,-0.543783,14.417155,253,0.037718,0.004905,22881,9360,5184,3239,2148,1569,1228,957,8320,1,1,1,1
22.3500,2481,1,1,27213,1,52363,0.519709,1,7,11,66,1534766,27.46883,0.00648,2.38628,0.01590,0,0,3,3.140849,2.626819,2.626819,-0.009302,-0.008841,14.951801,4095,0.000591,0.076517,21631,8903,4941,3055,2141,1610,1182,955,7944,1,1,1,1
22.4000,2481,1,1,27395,1,52627,0.520560,1,4,25,25,164593,27.50348,0.00648,2.38628,0.01590,0,1,3,1.686568,1.200604,1.173273,-0.026445,-0.026234,14.934761,3971,0.001757,0.074285,21973,8813,4889,3158,2134,1557,1227,988,7887,1,1,1,1
23.0000,2481,1,1,27994,0,53527,0.522998,1,9,9,29,176688,27.91948,0.00648,2.38628,0.01590,1,1,2,1.159565,1.000000,1.762965,-0.234544,-0.234485,14.726077,2482,0.015923,0.047088,22219,9070,5054,3125,2191,1618,1179,943,8127,1,1,1,1
23.9000,2481,1,1,28408,0,54535,0.520923,1,45,45,1929,7252461,28.54306,0.00648,2.38628,0.01590,1,0,2,1.120933,1.000000,5.903923,-0.546579,-0.546533,14.414742,253,0.037915,0.004904,22344,9457,5181,3175,2227,1661,1310,939,8240,1,1,1,1
22.3500,2482,1,1,27495,1,52538,0.523345,2,68,68,68,85589,27.47510,0.01078,2.38958,0.01589,0,0,3,7.871940,7.439396,7.439396,-0.004135,-0.003304,14.956864,4097,0.000221,0.076498,21768,8928,4891,3169,2186,1580,1169,924,7922,1,1,1,1
22.4000,2482,1,1,27569,1,52632,0.523817,1,1,33,58,97241,27.50973,0.01078,2.38958,0.01589,0,1,3,1.231834,1.005940,1.005940,-0.021040,-0.020956,14.940272,3974,0.001403,0.074284,21715,9027,4907,3045,2214,1625,1187,913,7998,1,1,1,1
23.0000,2482,1,1,27894,0,53407,0.522301,5,14,14,40,43508,27.92584,0.01078,2.38958,0.01589,1,1,2,1.136610,1.000000,2.100925,-0.229251,-0.229199,14.731303,2483,0.015559,0.047072,22150,9012,5053,3212,2129,1549,1217,992,8092,1,1,1,1
23.9000,2482,1,1,28594,0,55003,0.519872,1,5,12,401,765189,28.54945,0.01078,2.38958,0.01589,1,1,2,1.320458,1.000000,2.357862,-0.541075,-0.540963,14.419887,250,0.037515,0.004842,22998,9336,5178,3183,2270,1615,1252,918,8252,1,1,1,1
22.3500,2483,1,1,27238,0,52256,0.521252,1,1,37,37,129868,27.48074,0.00501,2.39514,0.01910,1,0,3,1.355849,1.000000,1.039788,-0.003982,-0.003859,14.957291,4098,0.000258,0.076484,21614,8931,4818,3014,2139,1560,1228,903,8048,1,1,1,1
22.4000,2483,1,1,27615,1,52801,0.523011,1,3,27,78,138095,27.51536,0.00501,2.39514,0.01910,0,0,3,2.267982,1.646524,1.646524,-0.021381,-0.021051,14.939887,3975,0.001409,0.074274,22018,8947,5037,3105,2124,1546,1191,919,7913,1,1,1,1
23.0000,2483,1,1,27978,0,53436,0.523589,3,5,11,147,300706,27.93130,0.00501,2.39514,0.01910,1,0,2,1.191419,1.000000,1.213552,-0.229293,-0.229222,14.732022,2484,0.015559,0.047069,22187,9038,5012,3116,2183,1616,1231,942,8110,1,1,1,1
23.9000,2483,1,1,28343,1,54687,0.518286,2,65,65,197,412436,28.55494,0.00501,2.39514,0.01910,0,1,3,5.302872,5.203107,5.203107,-0.541404,-0.540732,14.420584,250,0.037497,0.004840,22683,9211,5165,3370,2164,1635,1181,957,8320,1,1,1,1
22.3500,2484,1,1,27460,0,52629,0.521775,3,20,20,57,15040,27.47277,0.00391,2.39137,0.02324,1,1,2,1.405155,1.000000,10.145081,-0.008881,-0.008744,14.952253,4101,0.000585,0.076534,21952,8892,4937,3044,2137,1506,1134,928,8098,1,1,1,1
22.4000,2484,1,1,27481,1,52539,0.523069,9,4,11,41,152324,27.50737,0.00391,2.39137,0.02324,0,1,3,2.482621,2.033289,2.033289,-0.025853,-0.025487,14.935749,3976,0.001706,0.074284,21685,8954,4889,3158,2141,1586,1155,958,8012,1,1,1,1
23.0000,2484,1,1,27768,0,53246,0.521514,1,106,106,106,264833,27.92342,0.00391,2.39137,0.02324,1,1,2,1.050701,1.000000,5.599768,-0.234090,-0.234070,14.726045,2485,0.015895,0.047088,22072,8961,4930,3191,2142,1574,1268,1019,8088,1,1,1,1
23.9000,2484,1,1,28673,1,54660,0.524580,1,112,112,112,582346,28.54709,0.00391,2.39137,0.02324,0,1,3,5.531441,4.665194,4.604306,-0.545883,-0.545195,14.416052,250,0.037819,0.004839,22488,9472,5162,3097,2183,1633,1243,1054,8327,1,1,1,1
22.3500,2485,1,1,27638,0,52668,0.524769,1,1,5,57,51515,27.46765,0.00573,2.39496,0.02161,1,0,3,1.372811,1.000000,1.009961,-0.009965,-0.009838,14.951297,4098,0.000658,0.076453,21980,8869,4967,3001,2157,1553,1236,997,7907,1,1,1,1
22.4000,2485,1,1,27266,0,52428,0.520076,6,10,9885,9885,108594,27.50251,0.00573,2.39496,0.02161,1,1,2,1.413430,1.000000,5.264123,-0.027731,-0.027592,14.933440,3973,0.001848,0.074209,21526,8975,4947,3137,2139,1644,1160,955,7944,1,1,1,1
23.0000,2485,1,1,27873,1,53392,0.522054,1,1,8,31,245432,27.91840,0.00573,2.39496,0.02161,0,1,3,1.642588,1.247009,1.247009,-0.235375,-0.235175,14.726003,2483,0.015970,0.047032,22240,9061,4878,3109,2172,1566,1248,966,8151,1,1,1,1
23.9000,2485,1,1,28186,0,54282,0.519261,4,22,22,22,76208,28.54209,0.00573,2.39496,0.02161,1,0,2,1.159928,1.000000,4.003139,-0.547466,-0.547406,14.413853,246,0.037978,0.004761,22315,9170,5064,3190,2287,1627,1180,1027,8421,1,1,1,1
22.3500,2486,1,1,27601,1,52772,0.523033,1,89,113,113,108747,27.46899,0.00453,2.39359,0.01682,0,1,3,3.310348,2.856446,2.856446,-0.010282,-0.009800,14.951459,4105,0.000655,0.076552,22016,8948,4959,3031,2163,1553,1211,905,7985,1,1,1,1
22.4000,2486,1,1,27445,1,52530,0.522473,1,96,396,396,371732,27.50357,0.00453,2.39359,0.01682,0,1,3,12.792765,12.493169,12.493169,-0.027867,-0.026842,14.934476,3981,0.001797,0.074324,21874,8898,4791,3118,2146,1517,1152,942,8091,1,1,1,1
23.0000,2486,1,1,28212,0,53755,0.524835,1,1,5,19,56909,27.91957,0.00453,2.39359,0.01682,1,0,3,1.391267,1.000000,1.006991,-0.235358,-0.235225,14.725888,2489,0.015974,0.047127,22503,8991,4995,3253,2183,1571,1219,959,8080,1,1,1,1
23.9000,2486,1,1,28288,0,54535,0.518722,3,18,18,43,55002,28.54329,0.00453,2.39359,0.01682,1,1,2,1.400112,1.000000,9.171285,-0.547665,-0.547530,14.413570,252,0.037987,0.004875,22579,9294,4987,3281,2252,1597,1207,949,8388,1,1,1,1
22.3500,2487,1,1,27155,1,52039,0.521830,2,51,125,125,32078,27.46098,0.00785,2.39795,0.01658,0,0,3,3.051416,2.645991,2.645991,-0.012514,-0.012065,14.948483,4105,0.000807,0.076536,21382,8843,4959,3035,2143,1499,1182,916,8079,1,1,1,1
22.4000,2487,1,1,27590,0,52783,0.522716,2,12,12,144,102696,27.49554,0.00785,2.39795,0.01658,1,1,2,1.129664,1.000000,1.805661,-0.029716,-0.029667,14.930817,3986,0.001987,0.074405,21948,9050,4901,3119,2106,1545,1202,985,7926,1,1,1,1
23.0000,2487,1,1,27893,1,53719,0.519249,18,12,29,149,68578,27.91165,0.00785,2.39795,0.01658,0,1,3,6.844158,5.665904,5.665904,-0.238003,-0.237230,14.724086,2488,0.016112,0.047095,22378,9099,5078,3066,2150,1645,1251,947,8104,1,1,1,1
23.9000,2487,1,1,28499,1,54927,0.518862,4,2,4,33,347632,28.53540,0.00785,2.39795,0.01658,0,0,3,1.325634,1.153852,1.153852,-0.549550,-0.549437,14.411101,252,0.038126,0.004874,23092,9238,5055,3182,2149,1626,1211,1011,8362,1,1,1,1
22.3500,2488,1,1,27456,0,52761,0.520394,1,6,9,56,28237,27.46513,0.00735,2.39908,0.01574,1,1,2,1.264872,1.000000,2.310725,-0.010565,-0.010470,14.950297,4109,0.000700,0.076570,21943,8989,4856,3213,2161,1584,1178,898,7938,1,1,1,1
22.4000,2488,1,1,27256,0,52289,0.521267,4,2,262,262,48782,27.49995,0.00735,2.39908,0.01574,1,1,3,1.414170,1.000000,1.140055,-0.027835,-0.027695,14.933354,3985,0.001855,0.074344,21699,8706,4872,3074,2124,1625,1221,935,8032,1,1,1,1
23.0000,2488,1,1,27809,1,53438,0.520407,5,8,16,66,325366,27.91590,0.00735,2.39908,0.01574,0,1,3,6.038119,4.311308,4.311308,-0.236075,-0.235352,14.725953,2491,0.015982,0.047127,22042,9172,5074,3160,2113,1574,1245,930,8127,1,1,1,1
23.9000,2488,1,1,28709,1,55307,0.519094,1,5,12,46,329423,28.53967,0.00735,2.39908,0.01574,0,1,3,3.153594,2.529667,2.529667,-0.547856,-0.547394,14.413143,256,0.037979,0.004948,23221,9278,5229,3212,2179,1673,1210,1000,8304,1,1,1,1
22.3500,2489,1,1,27636,0,52804,0.523379,1,141,141,141,203169,27.46966,0.00508,2.40809,0.01657,1,1,2,1.028247,1.000000,4.092777,-0.009732,-0.009721,14.951593,4106,0.000650,0.076477,21941,9029,4959,3059,2131,1568,1162,931,8023,1,1,1,1
22.4000,2489,1,1,27450,0,52609,0.521784,1,1,9,63,88435,27.50419,0.00508,2.40809,0.01657,1,1,3,1.410790,1.000000,1.339013,-0.026762,-0.026624,14.934393,3982,0.001783,0.074253,21707,9039,4875,3083,2206,1514,1172,1002,8010,1,1,1,1
23.0000,2489,1,1,27910,0,53500,0.521692,1,10,23,194,1479755,27.92025,0.00508,2.40809,0.01657,1,1,2,1.156239,1.000000,1.907386,-0.234870,-0.234811,14.726449,2488,0.015945,0.047049,22177,9257,4851,3113,2203,1593,1192,965,8148,1,1,1,1
23.9000,2489,1,1,28465,1,54956,0.517969,3,41,398,398,285192,28.54405,0.00508,2.40809,0.01657,0,0,3,2.012839,1.749637,1.749637,-0.546757,-0.546476,14.414066,248,0.037913,0.004791,22941,9250,5141,3189,2246,1592,1226,1036,8334,1,1,1,1
22.3500,2490,1,1,27520,0,52638,0.522826,2,5,28,141,1729639,27.46902,0.00696,2.40105,0.01813,1,1,2,1.357779,1.000000,2.307965,-0.008896,-0.008774,14.952376,4108,0.000587,0.076480,21835,8853,4975,3174,2163,1589,1188,894,7966,1,1,1,1
22.4000,2490,1,1,27505,1,52734,0.521590,4,2,121,121,986788,27.50382,0.00696,2.40105,0.01813,0,1,3,1.511277,1.234553,1.234553,-0.026159,-0.025993,14.934515,3983,0.001740,0.074241,21797,9016,5006,3083,2223,1581,1170,928,7929,1,1,1,1
23.0000,2490,1,1,27875,1,53578,0.520279,1,130,331,331,347781,27.91971,0.00696,2.40105,0.01813,0,1,3,54.333488,49.133780,49.133780,-0.234853,-0.233249,14.728070,2490,0.015837,0.047063,22388,9048,4893,3175,2184,1581,1184,980,8144,1,1,1,1
23.9000,2490,1,1,28721,1,54954,0.522647,1,5,10,26,221642,28.54354,0.00696,2.40105,0.01813,0,1,3,3.729149,2.953649,2.953649,-0.546205,-0.545676,14.415568,250,0.037853,0.004828,23013,9286,5091,3253,2193,1601,1225,952,8339,1,1,1,1
22.3500,2491,1,1,27358,0,52379,0.522319,2,9,9,337,798373,27.46888,0.00452,2.39594,0.01579,1,0,2,1.156451,1.000000,1.611658,-0.010017,-0.009958,14.951303,4112,0.000666,0.076529,21740,8791,4858,2977,2178,1548,1225,993,8068,1,1,1,1
22.4000,2491,1,1,27155,1,52479,0.517455,3,3,13,20,64859,27.50367,0.00452,2.39594,0.01579,0,1,3,2.621869,1.960375,1.960375,-0.027447,-0.027060,14.934166,3988,0.001812,0.074306,21612,8966,4849,3099,2167,1563,1230,944,8048,1,1,1,1
23.0000,2491,1,1,27988,0,53536,0.522798,2,12,12,33,122719,27.91967,0.00452,2.39594,0.01579,1,1,2,1.394370,1.000000,5.939592,-0.235670,-0.235537,14.725436,2492,0.015995,0.047090,22204,9063,5011,3195,2252,1582,1172,972,8084,1,1,1,1
23.9000,2491,1,1,28652,0,54992,0.521031,1,14,20,52,407068,28.54325,0.00452,2.39594,0.01579,1,1,2,1.299483,1.000000,5.090823,-0.547430,-0.547325,14.413497,251,0.037973,0.004846,22980,9207,5021,3320,2242,1668,1228,988,8337,1,1,1,1
22.3500,2492,1,1,27559,1,52707,0.522882,1,4,18,54,46338,27.47645,0.00686,2.40855,0.01669,0,1,3,2.799715,2.277743,2.277743,-0.005315,-0.004902,14.956417,4113,0.000328,0.076491,21910,8912,4884,3103,2180,1694,1137,940,7946,1,1,1,1
22.4000,2492,1,1,27440,0,52647,0.521217,5,6,24,43,538172,27.51094,0.00686,2.40855,0.01669,1,1,2,1.407929,1.000000,3.439276,-0.022646,-0.022509,14.938499,3991,0.001507,0.074311,21824,8968,4953,3045,2108,1576,1240,914,8018,1,1,1,1
23.0000,2492,1,1,28174,0,53819,0.523505,3,2,157,157,16535,27.92705,0.00686,2.40855,0.01669,1,1,3,1.409708,1.000000,1.173106,-0.230480,-0.230342,14.730736,2496,0.015637,0.047130,22570,9221,4966,3186,2100,1484,1197,964,8130,1,1,1,1
23.9000,2492,1,1,28432,0,54395,0.522705,1,5,3960,3960,57132,28.55066,0.00686,2.40855,0.01669,1,1,2,1.213202,1.000000,1.454650,-0.542334,-0.542256,14.418425,251,0.037609,0.004842,22425,9204,5075,3240,2212,1539,1267,949,8483,1,1,1,1
22.3500,2493,1,1,27483,1,52673,0.521776,2,4,11,45,103014,27.48042,0.00485,2.40908,0.01752,0,1,3,3.181207,2.455641,2.455641,-0.004247,-0.003782,14.957498,4112,0.000253,0.076436,21818,8979,4898,3082,2197,1540,1215,956,7987,1,1,1,1
22.4000,2493,1,1,27471,1,52926,0.519055,3,4,33,61,112514,27.51517,0.00485,2.40908,0.01752,0,1,3,2.470487,2.095448,2.095448,-0.021595,-0.021232,14.939170,3986,0.001421,0.074185,22111,8994,4942,3085,2116,1545,1195,959,7978,1,1,1,1
23.0000,2493,1,1,28016,0,53747,0.521267,1,44,44,44,102517,27.93112,0.00485,2.40908,0.01752,1,0,2,1.091262,1.000000,4.293436,-0.229711,-0.229676,14.731613,2490,0.015591,0.046995,22426,9183,4855,3211,2208,1557,1217,983,8106,1,1,1,1
23.9000,2493,1,1,28640,0,54858,0.522085,4,2,4,13,94557,28.55476,0.00485,2.40908,0.01752,1,1,3,1.378888,1.000000,1.230726,-0.541272,-0.541143,14.419801,250,0.037528,0.004820,22621,9442,5067,3260,2211,1646,1297,984,8329,1,1,1,1
22.3500,2494,1,1,27404,0,52818,0.518848,6,50,50,50,74389,27.47607,0.00361,2.40362,0.01819,1,1,2,1.240166,1.000000,13.544280,-0.007290,-0.007203,14.954020,4119,0.000482,0.076553,21976,8928,4852,3143,2190,1548,1233,982,7965,1,1,1,1
22.4000,2494,1,1,27612,0,52914,0.521838,1,16,16,72,114127,27.51081,0.00361,2.40362,0.01819,1,1,2,1.059919,1.000000,1.132598,-0.024151,-0.024128,14.937174,3992,0.001615,0.074276,22005,8961,5059,3116,2126,1565,1190,910,7981,1,1,1,1
23.0000,2494,1,1,28229,1,53942,0.523331,1,8,28,553,35315,27.92687,0.00361,2.40362,0.01819,0,1,3,5.063565,4.156983,4.156983,-0.232451,-0.231800,14.728641,2493,0.015738,0.047042,22458,9115,5143,3128,2238,1686,1188,970,8015,1,1,1,1
23.9000,2494,1,1,28589,1,54871,0.521032,124,29,124,193,475816,28.55053,0.00361,2.40362,0.01819,0,0,3,1.383051,1.375031,1.375031,-0.544062,-0.543932,14.415330,249,0.037733,0.004801,22820,9176,5078,3251,2215,1671,1253,1009,8397,1,1,1,1
22.3500,2495,1,1,27547,1,52827,0.521467,1,1,10,56,93377,27.47843,0.00361,2.39933,0.01892,0,0,3,1.685663,1.211851,1.211851,-0.005809,-0.005599,14.955367,4114,0.000374,0.076423,22077,8993,4769,3094,2111,1568,1178,953,8083,1,1,1,1
22.4000,2495,1,1,27494,0,52640,0.522312,8,3,131,131,74520,27.51315,0.00361,2.39933,0.01892,1,0,3,1.269504,1.000000,1.002634,-0.023131,-0.023035,14.938173,3990,0.001542,0.074205,21824,8903,4896,3142,2195,1557,1207,928,7987,1,1,1,1
23.0000,2495,1,1,28155,1,53953,0.521853,2,8,20,38,544477,27.92904,0.00361,2.39933,0.01892,0,1,3,3.044034,2.602689,2.602689,-0.231269,-0.230823,14.730433,2492,0.015670,0.046999,22536,9230,4936,3126,2239,1613,1230,936,8106,1,1,1,1
23.9000,2495,1,1,28763,1,55113,0.521901,3,59,211,211,112202,28.55273,0.00361,2.39933,0.01892,0,0,3,2.707457,2.399445,2.399445,-0.543100,-0.542701,14.417782,254,0.037641,0.004894,22763,9338,5300,3295,2283,1623,1273,966,8271,1,1,1,1
22.3500,2496,1,1,27536,0,52745,0.522069,4,3,14,1372,1088448,27.47290,0.00827,2.39104,0.01488,1,1,2,1.407989,1.000000,1.839273,-0.006227,-0.006090,14.954994,4124,0.000407,0.076580,21847,8927,4940,3134,2171,1588,1188,930,8019,1,1,1,1
22.4000,2496,1,1,27826,0,52996,0.525068,2,6,59,117,61006,27.50761,0.00827,2.39104,0.01488,1,1,2,1.295612,1.000000,2.357167,-0.023632,-0.023528,14.937290,3999,0.001575,0.074346,22213,8921,4908,3042,2148,1532,1209,929,8093,1,1,1,1
23.0000,2496,1,1,27869,1,53448,0.521432,1,3,23,187,118350,27.92361,0.00827,2.39104,0.01488,0,0,3,2.440131,1.881013,1.881013,-0.231589,-0.231232,14.729589,2503,0.015698,0.047190,21986,9170,5015,3131,2198,1585,1187,969,8206,1,1,1,1
23.9000,2496,1,1,28649,1,55022,0.520692,2,6,9,1387,121235,28.54733,0.00827,2.39104,0.01488,0,1,3,3.477087,2.920060,2.920060,-0.543538,-0.543039,14.417376,258,0.037666,0.004970,22674,9373,5218,3287,2273,1662,1268,961,8305,1,1,1,1
22.3500,2497,1,1,27595,1,52590,0.524730,14,4,14,36,1367131,27.47010,0.00416,2.38607,0.01688,0,1,3,2.418504,2.100566,2.100566,-0.009613,-0.009260,14.950586,4122,0.000619,0.076534,21785,8863,4839,3142,2175,1628,1199,963,7995,1,1,1,1
22.4000,2497,1,1,27638,0,52790,0.523556,71,11,71,157,120591,27.50479,0.00416,2.38607,0.01688,1,1,2,1.373557,1.000000,5.270513,-0.027147,-0.027020,14.933916,3997,0.001809,0.074296,21844,8908,4964,3203,2187,1526,1188,925,8044,1,1,1,1
23.0000,2497,1,1,27884,0,53637,0.519875,28,32,32,82,151709,27.92091,0.00416,2.38607,0.01688,1,0,2,1.067615,1.000000,2.267116,-0.235033,-0.235007,14.726292,2498,0.015958,0.047088,22164,9135,5015,3121,2194,1678,1223,960,8146,1,1,1,1
23.9000,2497,1,1,28674,0,55082,0.520579,1,12,21,1179,4328250,28.54465,0.00416,2.38607,0.01688,1,1,2,1.146469,1.000000,2.094882,-0.546892,-0.546838,14.413698,251,0.037939,0.004834,22844,9340,5145,3274,2275,1598,1252,985,8368,1,1,1,1
22.3500,2498,1,1,27625,1,52764,0.523568,3,7,18,230,598086,27.46813,0.00703,2.38500,0.01906,0,0,3,1.406942,1.142799,1.142799,-0.009222,-0.009085,14.951630,4128,0.000608,0.076610,21858,8989,4922,3158,2138,1559,1217,881,8041,1,1,1,1
22.4000,2498,1,1,27652,0,52903,0.522702,2,3,2317,2317,15970,27.50282,0.00703,2.38500,0.01906,1,1,2,1.391527,1.000000,1.765829,-0.026652,-0.026520,14.934449,3998,0.001776,0.074283,22053,8901,4952,3081,2092,1560,1184,970,8109,1,1,1,1
23.0000,2498,1,1,28378,0,53890,0.526601,8,7,57,57,65610,27.91876,0.00703,2.38500,0.01906,1,1,2,1.345792,1.000000,2.915828,-0.234724,-0.234605,14.726556,2500,0.015931,0.047106,22438,9108,5031,3132,2244,1639,1176,952,8169,1,1,1,1
23.9000,2498,1,1,28731,1,55419,0.518442,2,81,638,638,156393,28.54254,0.00703,2.38500,0.01906,0,1,3,1.869400,1.342295,1.136727,-0.546421,-0.546170,14.414944,251,0.037889,0.004832,23001,9597,5194,3349,2165,1630,1243,1008,8231,1,1,1,1
22.3500,2499,1,1,27499,1,52535,0.523451,1,27,27,29,405834,27.46349,0.00839,2.38755,0.01743,0,1,3,2.075851,1.589903,1.573068,-0.010817,-0.010525,14.950309,4125,0.000704,0.076530,21674,8904,4879,3156,2175,1506,1214,908,8118,1,1,1,1
22.4000,2499,1,1,27594,0,52932,0.521320,2,24,220,220,314591,27.49817,0.00839,2.38755,0.01743,1,0,2,1.105205,1.000000,2.782613,-0.028276,-0.028236,14.933048,4000,0.001891,0.074297,21899,9134,4860,3113,2163,1604,1241,952,7965,1,1,1,1
23.0000,2499,1,1,28045,1,53505,0.524166,1,6,16,16,68206,27.91422,0.00839,2.38755,0.01743,0,1,3,2.086733,1.858869,1.858869,-0.236221,-0.235927,14.725350,2500,0.016022,0.047091,22144,9005,4980,3198,2235,1571,1227,969,8175,1,1,1,1
23.9000,2499,1,1,28702,0,55236,0.519634,1,3,27,100,721457,28.53803,0.00839,2.38755,0.01743,1,1,2,1.388358,1.000000,2.024632,-0.548137,-0.548006,14.413114,251,0.038021,0.004830,22987,9398,5199,3273,2174,1671,1241,948,8344,1,1,1,1
22.3500,2500,1,1,27531,1,52649,0.522926,14,59,59,73,30714,27.46307,0.00750,2.38723,0.01413,0,0,3,3.741697,3.672286,3.672286,-0.011832,-0.011304,14.948431,4126,0.000756,0.076528,21677,8938,5026,3124,2152,1518,1193,917,8103,1,1,1,1
22.4000,2500,1,1,27939,1,53335,0.523850,1,17,152,152,50015,27.49773,0.00750,2.38723,0.01413,0,1,3,3.780817,3.610221,3.610221,-0.029156,-0.028624,14.932686,4001,0.001917,0.074288,22302,9074,4939,3122,2241,1537,1202,894,8023,1,1,1,1
23.0000,2500,1,1,27904,0,53736,0.519289,2,1,83,83,192482,27.91362,0.00750,2.38723,0.01413,1,1,3,1.405451,1.000000,1.187026,-0.236879,-0.236743,14.724259,2501,0.016078,0.047094,22374,9103,5024,3093,2172,1624,1187,960,8198,1,1,1,1
23.9000,2500,1,1,28677,1,55039,0.521040,1,3,16,494,232724,28.53745,0.00750,2.38723,0.01413,0,1,3,2.156612,1.746212,1.746212,-0.548872,-0.548564,14.412752,251,0.038061,0.004829,22797,9460,5177,3176,2273,1549,1222,995,8389,1,1,1,1
22.3500,2501,1,1,27727,1,52938,0.523774,2,112,112,112,215261,27.45806,0.00679,2.37789,0.01495,0,1,3,32.871205,31.018330,31.018330,-0.015020,-0.013624,14.947694,4124,0.000911,0.076464,22009,9108,4839,3067,2135,1603,1190,935,8051,1,1,1,1
22.4000,2501,1,1,27614,0,52795,0.523052,3,73,73,142,159698,27.49271,0.00679,2.37789,0.01495,1,0,2,1.022452,1.000000,1.688702,-0.031758,-0.031749,14.929569,4002,0.002127,0.074292,21802,8994,4899,3160,2183,1528,1216,947,8065,1,1,1,1
23.0000,2501,1,1,27844,0,53668,0.518829,6,16,51,1284,25432,27.90871,0.00679,2.37789,0.01495,1,1,2,1.071127,1.000000,1.200456,-0.239691,-0.239664,14.720593,2498,0.016281,0.047030,22253,9053,4920,3162,2199,1638,1219,1027,8196,1,1,1,1
23.9000,2501,1,1,28609,1,55194,0.518345,2,3,196,196,110428,28.53229,0.00679,2.37789,0.01495,0,0,3,1.992264,1.668962,1.668962,-0.551540,-0.551265,14.409382,248,0.038257,0.004770,22824,9513,5142,3146,2317,1629,1269,1037,8316,1,1,1,1
22.3500,2502,1,1,27351,1,52393,0.522045,2,5,6,48,16338,27.45004,0.00853,2.37994,0.01635,0,0,3,1.338299,1.011160,1.011160,-0.017374,-0.017257,14.943603,4130,0.001155,0.076565,21517,8853,4892,3137,2184,1563,1224,966,8056,1,1,1,1
22.4000,2502,1,1,27788,0,53276,0.521595,2,9,12,190,92844,27.48467,0.00853,2.37994,0.01635,1,1,2,1.306035,1.000000,3.482448,-0.034942,-0.034835,14.926000,4007,0.002334,0.074373,22237,9154,4987,3116,2186,1541,1169,935,7950,1,1,1,1
23.0000,2502,1,1,27933,1,53816,0.519056,1,2,9,126,51433,27.90078,0.00853,2.37994,0.01635,0,0,3,1.674864,1.190796,1.190796,-0.242770,-0.242563,14.718442,2503,0.016480,0.047113,22383,9096,5042,3189,2241,1556,1212,974,8122,1,1,1,1
23.9000,2502,1,1,28895,1,55483,0.520800,1,6,113,113,777908,28.52439,0.00853,2.37994,0.01635,0,1,3,4.349653,3.336958,3.336958,-0.554794,-0.554206,14.406282,252,0.038470,0.004846,23122,9441,5316,3159,2275,1587,1246,1030,8306,1,1,1,1
22.3500,2503,1,1,27508,0,52827,0.520728,2,6,16,179,411381,27.46568,0.00388,2.38532,0.01612,1,0,2,1.230580,1.000000,1.791713,-0.012178,-0.012095,14.949134,4129,0.000809,0.076488,21862,8886,4931,3167,2174,1570,1217,981,8038,1,1,1,1
22.4000,2503,1,1,27688,0,53122,0.521225,1,2,12,44,62839,27.50030,0.00388,2.38532,0.01612,1,0,3,1.331585,1.000000,1.236465,-0.029403,-0.029289,14.931883,4004,0.001961,0.074258,21989,9118,5023,3120,2189,1553,1249,945,7935,1,1,1,1
23.0000,2503,1,1,28074,0,54003,0.519870,1,11,11,20,59733,27.91624,0.00388,2.38532,0.01612,1,1,2,1.405809,1.000000,5.803844,-0.237693,-0.237557,14.723535,2502,0.016135,0.047059,22500,9017,5140,3206,2193,1590,1231,972,8153,1,1,1,1
23.9000,2503,1,1,28909,1,55204,0.523685,1,39,39,169,58713,28.53988,0.00388,2.38532,0.01612,0,1,3,15.105491,13.939242,13.939242,-0.549687,-0.548603,14.412722,250,0.038064,0.004804,22968,9267,5136,3254,2205,1645,1238,1039,8451,1,1,1,1
22.3500,2504,1,1,27774,0,52961,0.524434,3,8,22,3144,71124,27.45294,0.00857,2.37481,0.01928,1,1,2,1.256297,1.000000,2.649486,-0.016185,-0.016094,14.944665,4134,0.001077,0.076573,22049,8999,5011,2967,2126,1607,1131,945,8125,1,1,1,1
22.4000,2504,1,1,27454,0,52740,0.520564,1,6,59,84,111678,27.48754,0.00857,2.37481,0.01928,1,1,2,1.402589,1.000000,3.408503,-0.033536,-0.033401,14.927698,4008,0.002238,0.074323,21710,9092,4932,3099,2128,1517,1181,948,8132,1,1,1,1
23.0000,2504,1,1,28018,0,54107,0.517835,1,2,44,44,59211,27.90359,0.00857,2.37481,0.01928,1,1,3,1.274809,1.000000,1.288879,-0.241354,-0.241257,14.719950,2506,0.016390,0.047127,22682,9194,4870,3088,2183,1656,1247,966,8220,1,1,1,1
23.9000,2504,1,1,28592,0,54994,0.519921,10,17,17,68,35602273,28.52726,0.00857,2.37481,0.01928,1,1,2,1.095308,1.000000,1.835683,-0.553267,-0.553230,14.407142,252,0.038400,0.004842,22763,9335,5133,3242,2280,1597,1222,1050,8371,1,1,1,1
22.3500,2505,1,1,27527,1,52816,0.521197,16,3,16,1295,894614,27.45104,0.00560,2.37243,0.01926,0,0,3,1.511591,1.455090,1.455090,-0.018389,-0.018224,14.941799,4135,0.001220,0.076576,21814,9075,4813,3146,2229,1573,1257,911,7997,1,1,1,1
22.4000,2505,1,1,27509,1,52872,0.520304,1,1,272,272,56216,27.48591,0.00560,2.37243,0.01926,0,1,3,1.283077,1.010897,1.010897,-0.035755,-0.035656,14.925554,4005,0.002389,0.074249,21937,8939,4967,3065,2142,1564,1164,1003,8090,1,1,1,1
23.0000,2505,1,1,28244,0,54304,0.520119,1,287,287,13605,128231,27.90179,0.00560,2.37243,0.01926,1,1,2,1.126593,1.000000,38.869073,-0.244433,-0.244386,14.716890,2502,0.016606,0.047042,22733,9210,5038,3162,2159,1623,1266,963,8149,1,1,1,1
23.9000,2505,1,1,28696,0,55019,0.521575,8,21,21,123,78994,28.52549,0.00560,2.37243,0.01926,1,0,2,1.057595,1.000000,1.257256,-0.555595,-0.555573,14.405731,248,0.038566,0.004764,22723,9355,5094,3308,2281,1570,1227,991,8469,1,1,1,1
22.3500,2506,1,1,27680,0,53025,0.522028,1,2,7,66,155837,27.45846,0.00560,2.37900,0.01492,1,1,3,1.332546,1.000000,1.232796,-0.014833,-0.014718,14.946157,4134,0.000985,0.076504,22016,9007,4939,3174,2118,1578,1266,922,8004,1,1,1,1
22.4000,2506,1,1,27843,1,53036,0.524993,2,10,40,69,297789,27.49303,0.00560,2.37900,0.01492,0,1,3,2.330302,1.756720,1.756720,-0.032190,-0.031852,14.929324,4007,0.002134,0.074238,21846,9071,4955,3116,2254,1603,1230,952,8008,1,1,1,1
23.0000,2506,1,1,28347,1,54207,0.522949,5,36,36,220,59527,27.90903,0.00560,2.37900,0.01492,0,1,3,14.757272,13.393608,13.393608,-0.240602,-0.239528,14.721792,2503,0.016270,0.047027,22651,9206,4975,3216,2182,1635,1219,963,8159,1,1,1,1
23.9000,2506,1,1,28723,1,55320,0.519225,4,70,70,70,39659,28.53275,0.00560,2.37900,0.01492,0,1,3,4.224338,3.460160,3.396955,-0.552189,-0.551614,14.409621,248,0.038281,0.004760,23060,9358,5047,3326,2286,1617,1218,1033,8374,1,1,1,1
22.3500,2507,1,1,27547,1,52947,0.520285,2,11,11,184,51223,27.45469,0.00477,2.36767,0.01464,0,1,3,6.122057,5.163913,5.163913,-0.017325,-0.016602,14.943642,4138,0.001111,0.076561,22049,9017,4880,3053,2135,1588,1193,961,8070,1,1,1,1
22.4000,2507,1,1,27751,1,53095,0.522677,2,6,17,125,56559,27.48925,0.00477,2.36767,0.01464,0,1,3,4.256786,3.370859,3.370859,-0.034521,-0.033943,14.926415,4013,0.002274,0.074334,21993,9071,4981,3200,2082,1578,1179,997,8013,1,1,1,1
23.0000,2507,1,1,28112,0,53918,0.521394,1,4,20,20,273493,27.90536,0.00477,2.36767,0.01464,1,1,2,1.359109,1.000000,2.124586,-0.242480,-0.242358,14.718794,2509,0.016466,0.047130,22323,9232,5018,3216,2169,1602,1214,940,8203,1,1,1,1
23.9000,2507,1,1,28810,0,55138,0.522517,4,1,136,136,684889,28.52911,0.00477,2.36767,0.01464,1,1,3,1.414107,1.000000,1.031971,-0.554209,-0.554071,14.406984,254,0.038459,0.004875,22800,9360,5198,3236,2258,1604,1271,1023,8387,1,1,1,1
