k,n,ok,brk,idx,parity,len,irat,pqat,pqnext,pqw5,pqw20,pqmax,logh11,logh22,logmz,logg0,incone,redst,jhi,rho,rho2,skew,loglam1,logcone,logq,v2qp,dinf,d2,q1,q2,q3,q4,q5,q6,q7,q8,q9,cY,cX,cIdx,intq
22.3500,6010,1,1,66190,0,127378,0.519639,30,693,693,693,90693,27.47884,0.00161,2.38306,0.00727,1,1,2,1.251018,1.000000,195.985134,-0.006232,-0.006195,14.955263,9920,0.000414,0.076501,53186,21480,11793,7612,5179,3752,2817,2216,19342,1,1,1,1
22.4000,6010,1,1,66859,1,127858,0.522920,1,136,136,136,428304,27.51356,0.00161,2.38306,0.00727,0,1,3,4.011894,3.206949,3.086438,-0.023244,-0.023013,14.938250,9618,0.001541,0.074257,53250,21876,11919,7475,5218,3801,2869,2247,19202,1,1,1,1
23.0000,6010,1,1,67288,0,128587,0.523292,1,2,17,18,2304784,27.92945,0.00161,2.38306,0.00727,1,1,2,1.413836,1.000000,1.768640,-0.231142,-0.231084,14.730307,6011,0.015688,0.047064,53311,21867,11919,7401,5052,3893,2979,2354,19810,1,1,1,1
23.9000,6010,1,1,69202,0,132768,0.521229,2,15,15,349,4458450,28.55328,0.00161,2.38306,0.00727,1,1,2,1.116493,1.000000,1.914044,-0.543065,-0.543047,14.418091,602,0.037664,0.004815,55182,22545,12509,7753,5492,3983,2913,2396,19994,1,1,1,1
22.3500,6022,1,1,66298,0,127192,0.521248,2,4,70,70,90648,27.48277,0.00161,2.37831,0.00730,1,1,2,1.342592,1.000000,2.122444,-0.003871,-0.003822,14.957500,9944,0.000256,0.076522,52797,21683,11745,7262,5217,3811,2980,2258,19438,1,1,1,1
22.4000,6022,1,1,66689,1,127929,0.521301,1,3,11,14,219230,27.51741,0.00161,2.37831,0.00730,0,1,3,2.224683,1.710213,1.710213,-0.021176,-0.021043,14.940404,9641,0.001408,0.074275,53100,21856,11878,7596,5210,3824,2933,2192,19339,1,1,1,1
23.0000,6022,1,1,68121,1,130204,0.523191,1,1,63,63,78335,27.93339,0.00161,2.37831,0.00730,0,0,3,1.460468,1.032748,1.032748,-0.229125,-0.229062,14.732325,6027,0.015548,0.047088,54138,22233,11979,7597,5303,3868,3040,2424,19621,1,1,1,1
23.9000,6022,1,1,69029,1,132430,0.521253,1,2,69,133,226441,28.55713,0.00161,2.37831,0.00730,0,1,3,1.856603,1.442841,1.442841,-0.541022,-0.540919,14.420531,608,0.037510,0.004853,54878,22247,12346,7890,5365,4000,3042,2414,20247,1,1,1,1
22.3500,6034,1,1,66921,1,128171,0.522127,1,2,61,61,62420,27.47573,0.00262,2.38044,0.00684,0,1,3,1.728896,1.223036,1.204804,-0.006810,-0.006719,14.954674,9958,0.000449,0.076492,53444,21520,12049,7586,5252,3900,2972,2317,19130,1,1,1,1
22.4000,6034,1,1,66392,0,127515,0.520664,1,2,28,94,722546,27.51042,0.00262,2.38044,0.00684,1,0,2,1.374730,1.000000,1.623245,-0.024185,-0.024132,14.937292,9656,0.001616,0.074258,53025,21522,11862,7388,5388,3684,2884,2279,19482,1,1,1,1
23.0000,6034,1,1,67483,1,129870,0.519624,1,23,23,93,247519,27.92638,0.00262,2.38044,0.00684,0,1,3,1.784092,1.526825,1.526825,-0.232160,-0.232064,14.729410,6035,0.015755,0.047067,53678,22008,12222,7885,5384,3804,2871,2361,19656,1,1,1,1
23.9000,6034,1,1,69484,0,133318,0.521194,1,2,30,618,146558,28.55014,0.00262,2.38044,0.00684,1,1,2,1.332355,1.000000,1.415652,-0.544036,-0.543989,14.417327,605,0.037732,0.004820,55604,22598,12176,7857,5532,3966,2949,2434,20201,1,1,1,1
22.3500,6046,1,1,66796,0,127914,0.522199,2,18,70,70,1107386,27.47667,0.00161,2.37949,0.00751,1,0,2,1.108539,1.000000,2.207025,-0.006991,-0.006974,14.954512,9977,0.000466,0.076487,52964,21802,11891,7522,5245,3911,2814,2358,19406,1,1,1,1
22.4000,6046,1,1,66813,1,127797,0.522810,8,33,46,47,125343,27.51130,0.00161,2.37949,0.00751,0,1,3,21.853211,16.697892,16.697892,-0.024470,-0.023960,14.936631,9677,0.001604,0.074275,52841,21684,12003,7524,5175,3859,2944,2409,19357,1,1,1,1
23.0000,6046,1,1,67846,0,130341,0.520531,2,18,18,668,302545,27.92723,0.00161,2.37949,0.00751,1,1,2,1.373555,1.000000,8.331833,-0.232379,-0.232327,14.729016,6047,0.015773,0.047068,54060,22238,12104,7643,5339,3885,2940,2323,19808,1,1,1,1
23.9000,6046,1,1,69258,0,133720,0.517937,1,3,20,43,1532632,28.55102,0.00161,2.37949,0.00751,1,1,2,1.414214,1.000000,2.200414,-0.544162,-0.544105,14.417284,606,0.037740,0.004819,55576,22849,12375,8023,5366,3953,3085,2380,20112,1,1,1,1
22.3500,6058,1,1,66884,0,128071,0.522246,1,10,675,675,251250,27.47654,0.00328,2.38333,0.00992,1,1,3,1.089084,1.000000,1.127092,-0.006134,-0.006120,14.955369,9996,0.000409,0.076476,53261,21703,11859,7570,5247,3797,2946,2355,19332,1,1,1,1
22.4000,6058,1,1,67275,1,128861,0.522078,2,2,75,75,161951,27.51121,0.00328,2.38333,0.00992,0,1,3,2.000654,1.418889,1.418889,-0.023494,-0.023380,14.938094,9690,0.001565,0.074221,53796,21942,11826,7669,5261,3806,2959,2243,19358,1,1,1,1
23.0000,6058,1,1,67689,1,130296,0.519506,8,917,917,917,225390,27.92712,0.00328,2.38333,0.00992,0,1,3,1.594612,1.509811,1.509811,-0.231455,-0.231378,14.730117,6056,0.015708,0.047041,53986,22282,11971,7793,5443,3825,2925,2259,19811,1,1,1,1
23.9000,6058,1,1,69549,1,133555,0.520756,1,22,37,8800,7052690,28.55093,0.00328,2.38333,0.00992,0,1,3,6.876329,6.443818,6.443818,-0.543480,-0.543161,14.418338,605,0.037672,0.004801,55414,22699,12562,7717,5368,4008,3062,2426,20298,1,1,1,1
22.3500,6070,1,1,66714,0,127771,0.522141,5,7,35,47,106461,27.47232,0.00137,2.37112,0.00614,1,1,2,1.404114,1.000000,3.882627,-0.009282,-0.009226,14.952143,10023,0.000617,0.076548,52858,21763,11829,7478,5178,3784,2904,2272,19704,1,1,1,1
22.4000,6070,1,1,66525,1,128241,0.518754,2,2,13,45,332374,27.50704,0.00137,2.37112,0.00614,0,0,3,1.445825,1.124002,1.124002,-0.026536,-0.026476,14.934814,9717,0.001773,0.074297,53088,21764,12004,7531,5194,3755,2916,2370,19618,1,1,1,1
23.0000,6070,1,1,68015,1,130507,0.521164,17,23,23,415,374782,27.92293,0.00137,2.37112,0.00614,0,0,3,2.584028,2.526737,2.526737,-0.234548,-0.234391,14.726487,6075,0.015916,0.047107,54133,22043,12281,7564,5340,4036,2940,2327,19842,1,1,1,1
23.9000,6070,1,1,69811,1,134460,0.519199,1,13,23,1007,233620,28.54676,0.00137,2.37112,0.00614,0,1,3,1.620447,1.327305,1.327305,-0.546410,-0.546331,14.415135,612,0.037900,0.004848,55922,22903,12547,7937,5488,4006,3078,2451,20127,1,1,1,1
22.3500,6082,1,1,67342,0,128771,0.522963,9,2,11,20,10291151,27.47316,0.00171,2.37343,0.00719,1,1,3,1.394945,1.000000,1.361612,-0.008584,-0.008529,14.952887,10039,0.000570,0.076515,53447,22052,11897,7551,5216,3822,2994,2304,19487,1,1,1,1
22.4000,6082,1,1,67184,0,128991,0.520847,22,2,50,50,230258,27.50781,0.00171,2.37343,0.00719,1,1,3,1.370071,1.000000,1.090597,-0.025886,-0.025835,14.935507,9735,0.001730,0.074284,53651,21961,11870,7594,5265,3845,2973,2314,19517,1,1,1,1
23.0000,6082,1,1,68296,0,130948,0.521555,1,4,11,147,260649,27.92379,0.00171,2.37343,0.00719,1,1,2,1.353584,1.000000,2.086489,-0.233931,-0.233881,14.727450,6085,0.015881,0.047088,54418,22176,12222,7683,5307,3938,2954,2362,19887,1,1,1,1
23.9000,6082,1,1,69638,0,134031,0.519570,4,7,165,165,335746,28.54753,0.00171,2.37343,0.00719,1,1,2,1.349170,1.000000,2.993063,-0.545831,-0.545782,14.415547,619,0.037861,0.004894,55525,22728,12416,7866,5367,4049,3199,2412,20468,1,1,1,1
22.3500,6094,1,1,67248,0,129113,0.520850,10,2,10,217,632651,27.48173,0.00159,2.37831,0.00614,1,0,3,1.329995,1.000000,1.167452,-0.004315,-0.004268,14.957174,10057,0.000285,0.076479,53667,21825,12145,7671,5317,3854,2900,2220,19513,1,1,1,1
22.4000,6094,1,1,67351,1,129106,0.521676,24,6,24,38,182255,27.51643,0.00159,2.37831,0.00614,0,1,3,1.346322,1.136986,1.136986,-0.021664,-0.021615,14.939858,9752,0.001447,0.074246,53471,21920,12004,7678,5294,3871,2891,2324,19652,1,1,1,1
23.0000,6094,1,1,68327,1,131201,0.520785,1,2,27,33,243820,27.93238,0.00159,2.37831,0.00614,0,1,3,1.806364,1.277368,1.216129,-0.229642,-0.229545,14.731847,6095,0.015582,0.047059,54486,22247,12280,7749,5384,3860,2956,2362,19876,1,1,1,1
23.9000,6094,1,1,69912,0,134060,0.521502,1,342,342,342,1279599,28.55615,0.00159,2.37831,0.00614,1,1,2,1.020924,1.000000,7.267918,-0.541676,-0.541673,14.419828,611,0.037564,0.004820,55400,22808,12593,7789,5408,4053,3002,2502,20504,1,1,1,1
22.3500,6106,1,1,67181,1,129007,0.520759,1,31,31,45,340505,27.47916,0.00159,2.37396,0.00588,0,1,3,9.791673,8.785791,8.785791,-0.005866,-0.005493,14.955996,10076,0.000367,0.076479,53450,22006,12060,7455,5162,3756,2956,2315,19846,1,1,1,1
22.4000,6106,1,1,67611,1,129555,0.521875,1,2,15,78,121975,27.51378,0.00159,2.37396,0.00588,0,0,3,1.820110,1.412370,1.412370,-0.023027,-0.022929,14.938364,9771,0.001535,0.074251,53747,22311,11936,7602,5283,3834,2901,2346,19594,1,1,1,1
23.0000,6106,1,1,68464,0,131168,0.521961,7,3,21,189,132000,27.92971,0.00159,2.37396,0.00588,1,0,3,1.236034,1.000000,1.093858,-0.230973,-0.230939,14.730525,6107,0.015678,0.047063,54499,22201,12110,7717,5380,3885,3003,2374,19998,1,1,1,1
23.9000,6106,1,1,69838,0,134750,0.518282,8,2,61,61,178165,28.55350,0.00159,2.37396,0.00588,1,1,3,1.381634,1.000000,1.364209,-0.542886,-0.542833,14.418518,612,0.037648,0.004818,56016,22855,12542,8096,5381,4010,3057,2376,20416,1,1,1,1
22.3500,6118,1,1,67435,1,129300,0.521543,1,35,54,54,214562,27.48303,0.00159,2.38624,0.00594,0,1,3,19.553247,16.366054,16.366054,-0.003957,-0.003471,14.957519,10096,0.000232,0.076473,53714,21882,12004,7633,5282,3885,2945,2360,19594,1,1,1,1
22.4000,6118,1,1,67803,1,130110,0.521125,12,2,12,137,4300740,27.51770,0.00159,2.38624,0.00594,0,1,3,1.216573,1.085844,1.085844,-0.021063,-0.021030,14.939996,9790,0.001408,0.074242,53927,22379,12461,7533,5259,3825,2977,2212,19536,1,1,1,1
23.0000,6118,1,1,68709,1,131992,0.520558,4,6,89,146,198702,27.93361,0.00159,2.38624,0.00594,0,0,3,1.848746,1.654478,1.654478,-0.229059,-0.228958,14.732189,6119,0.015541,0.047058,54803,22471,12275,7864,5314,4080,3045,2371,19768,1,1,1,1
23.9000,6118,1,1,70767,1,135628,0.521777,1,2,4,768,1303830,28.55742,0.00159,2.38624,0.00594,0,0,3,1.796963,1.351313,1.351313,-0.540947,-0.540851,14.420468,613,0.037506,0.004816,56802,23029,12618,7877,5285,4043,3102,2423,20448,1,1,1,1
22.3500,6130,1,1,67895,1,129664,0.523627,26,20,26,65,1563038,27.48595,0.00218,2.38504,0.00636,0,1,3,6.864339,6.457663,6.457663,-0.002104,-0.001789,14.958860,10114,0.000120,0.076452,53679,22188,12061,7663,5230,3802,2967,2297,19776,1,1,1,1
22.4000,6130,1,1,67856,0,129740,0.523019,3,3,120,120,951938,27.52066,0.00218,2.38504,0.00636,1,1,2,1.409792,1.000000,1.656775,-0.019349,-0.019293,14.942112,9807,0.001291,0.074215,53789,22135,12116,7520,5240,3819,2919,2304,19897,1,1,1,1
23.0000,6130,1,1,69252,0,132805,0.521460,8,14,14,242,97742,27.93655,0.00218,2.38504,0.00636,1,0,2,1.121869,1.000000,1.866346,-0.227303,-0.227285,14.734201,6130,0.015426,0.047043,55519,22678,12315,7735,5294,3898,3023,2418,19924,1,1,1,1
23.9000,6130,1,1,70397,1,135079,0.521158,1,5,5,26,91038,28.56038,0.00218,2.38504,0.00636,0,0,3,2.559737,2.082091,2.082091,-0.539228,-0.539075,14.422180,612,0.037378,0.004798,55832,23116,12622,7873,5396,4040,3157,2530,20512,1,1,1,1
22.3500,6142,1,1,67828,0,130075,0.521457,8,6,17,136,203303,27.49084,0.00158,2.38696,0.00598,1,1,2,1.377527,1.000000,3.085211,0.000128,0.000180,14.961607,10133,-0.000012,0.076432,54289,21910,12023,7671,5307,3866,2907,2313,19788,1,1,1,1
22.4000,6142,1,1,68152,0,130440,0.522482,1,2,8,25,2289052,27.52549,0.00158,2.38696,0.00598,1,1,2,1.414101,1.000000,1.599747,-0.017141,-0.017084,14.944310,9825,0.001143,0.074195,54443,22227,11933,7610,5238,3861,2958,2409,19760,1,1,1,1
23.0000,6142,1,1,68943,1,132466,0.520462,1,12,14,237,175570,27.94147,0.00158,2.38696,0.00598,0,0,3,1.388800,1.011078,1.011078,-0.225084,-0.225030,14.736317,6139,0.015270,0.047014,54931,22389,12543,7952,5381,3948,2977,2353,19991,1,1,1,1
23.9000,6142,1,1,70852,0,135701,0.522122,1,5,14,73,33020,28.56521,0.00158,2.38696,0.00598,1,1,2,1.394109,1.000000,2.880625,-0.537049,-0.536995,14.424423,615,0.037228,0.004812,56406,23007,12524,8047,5532,4020,3122,2396,20646,1,1,1,1
22.3500,6154,1,1,68052,0,130642,0.520908,1,38,252,252,87934,27.49876,0.00191,2.37645,0.00505,1,1,2,1.032001,1.000000,1.318700,0.004351,0.004356,14.965857,10162,-0.000291,0.076480,54370,22268,12191,7553,5499,3842,2873,2298,19747,1,1,1,1
22.4000,6154,1,1,67973,1,130611,0.520427,1,26,486,486,465173,27.53345,0.00191,2.37645,0.00505,0,1,3,2.619513,2.060445,2.048579,-0.013030,-0.012873,14.948411,9852,0.000861,0.074233,54178,22380,12137,7580,5379,3922,2960,2297,19777,1,1,1,1
23.0000,6154,1,1,69513,1,132800,0.523445,1,29,29,81,4069268,27.94941,0.00191,2.37645,0.00505,0,1,3,7.209295,6.518770,6.518770,-0.221104,-0.220783,14.740707,6159,0.014978,0.047061,55006,22722,12382,7695,5464,3989,3013,2392,20136,1,1,1,1
23.9000,6154,1,1,70688,0,135510,0.521648,2,13,29,39,118888,28.57318,0.00191,2.37645,0.00505,1,1,2,1.268938,1.000000,4.251708,-0.532952,-0.532913,14.428370,623,0.036935,0.004863,56141,22871,12672,8058,5485,3977,3049,2443,20813,1,1,1,1
22.3500,6166,1,1,68291,1,130568,0.523034,80,11,80,80,198545,27.49448,0.00263,2.38237,0.00579,0,0,3,2.126324,2.114122,2.114122,0.002440,0.002562,14.963232,10183,-0.000171,0.076502,54165,22363,12136,7594,5357,3941,2986,2305,19720,1,1,1,1
22.4000,6166,1,1,68515,1,131286,0.521880,3,4,116,116,459001,27.52910,0.00263,2.38237,0.00579,0,1,3,2.418740,1.799639,1.799639,-0.014860,-0.014716,14.946723,9875,0.000985,0.074270,54724,22375,12239,7623,5305,3950,3018,2248,19803,1,1,1,1
23.0000,6166,1,1,69073,1,132685,0.520583,1,3,6900,6900,402106,27.94504,0.00263,2.38237,0.00579,0,1,3,2.465339,1.871907,1.871907,-0.222829,-0.222683,14.738578,6175,0.015109,0.047098,55145,22387,12355,7851,5310,3953,2982,2344,20357,1,1,1,1
23.9000,6166,1,1,70660,0,135795,0.520347,1,7,7,183,638439,28.56882,0.00263,2.38237,0.00579,1,0,2,1.257554,1.000000,2.317179,-0.534741,-0.534704,14.426757,628,0.037063,0.004893,56321,23018,12548,8032,5537,4008,3031,2477,20822,1,1,1,1
22.3500,6178,1,1,68182,0,130797,0.521285,6,67,67,85,21793929,27.50294,0.00255,2.38469,0.00471,1,1,2,1.192212,1.000000,14.274903,0.006495,0.006523,14.967997,10199,-0.000436,0.076449,54246,22326,12188,7529,5458,3938,2980,2370,19761,1,1,1,1
22.4000,6178,1,1,68241,1,130858,0.521493,1,1,28,30,187428,27.53761,0.00255,2.38469,0.00471,0,0,3,1.666310,1.201178,1.201178,-0.010638,-0.010555,14.950803,9890,0.000706,0.074218,54297,22238,11967,7821,5345,3909,2939,2328,20013,1,1,1,1
23.0000,6178,1,1,69084,0,132426,0.521684,1,143,143,143,143604,27.95352,0.00255,2.38469,0.00471,1,1,2,1.012383,1.000000,1.808390,-0.218627,-0.218625,14.742879,6183,0.014829,0.047054,54528,22570,12543,7705,5434,3975,2968,2409,20293,1,1,1,1
23.9000,6178,1,1,71378,0,136928,0.521285,3,2,25,2447,501934,28.57733,0.00255,2.38469,0.00471,1,1,3,1.344386,1.000000,1.082269,-0.530490,-0.530442,14.430888,625,0.036757,0.004859,56838,23470,12924,7835,5543,4017,3024,2497,20779,1,1,1,1
22.3500,6190,1,1,68316,0,131110,0.521063,1,16,86,86,103286,27.49412,0.00308,2.37807,0.00668,1,1,2,1.272397,1.000000,5.334412,0.002451,0.002490,14.963777,10221,-0.000166,0.076487,54607,22168,12207,7581,5392,3852,2951,2416,19935,1,1,1,1
22.4000,6190,1,1,68512,0,131026,0.522893,1,3,41,41,283215,27.52883,0.00308,2.37807,0.00668,1,1,2,1.368563,1.000000,1.838846,-0.014817,-0.014767,14.946579,9911,0.000988,0.074252,54308,22254,11968,7768,5412,3879,3066,2406,19964,1,1,1,1
23.0000,6190,1,1,69434,0,133034,0.521931,1,13,13,72,167856,27.94472,0.00308,2.37807,0.00668,1,1,2,1.137048,1.000000,2.203225,-0.222777,-0.222756,14.738421,6197,0.015114,0.047083,55097,22555,12378,7720,5453,3950,3029,2411,20440,1,1,1,1
23.9000,6190,1,1,71353,1,136818,0.521521,1,13,13,84,4418126,28.56855,0.00308,2.37807,0.00668,0,1,3,7.086550,6.042286,6.042286,-0.534776,-0.534460,14.427038,630,0.037046,0.004890,57006,23188,12729,8242,5427,4031,3066,2441,20687,1,1,1,1
22.3500,6202,1,1,68222,0,131341,0.519430,7,37,37,37,2888493,27.49137,0.00179,2.37712,0.00782,1,1,2,1.122843,1.000000,4.963816,0.000462,0.000480,14.961967,10237,-0.000032,0.076468,54394,22604,12304,7506,5287,4038,2990,2311,19906,1,1,1,1
22.4000,6202,1,1,68642,0,131477,0.522088,11,4,49,49,197881,27.52601,0.00179,2.37712,0.00782,1,1,2,1.393516,1.000000,2.010321,-0.016788,-0.016735,14.944630,9927,0.001120,0.074238,54547,22454,12365,7508,5456,3912,2967,2347,19920,1,1,1,1
23.0000,6202,1,1,69741,1,134043,0.520292,1,4,48,48,133135,27.94199,0.00179,2.37712,0.00782,0,0,3,2.945524,2.336330,2.336330,-0.224789,-0.224615,14.736666,6205,0.015242,0.047058,55773,22610,12421,8107,5506,4002,2955,2439,20229,1,1,1,1
23.9000,6202,1,1,71759,1,137126,0.523311,34,3,526,526,687531,28.56573,0.00179,2.37712,0.00782,0,1,3,1.608069,1.140080,1.140080,-0.536596,-0.536520,14.424887,624,0.037194,0.004835,56974,23374,12750,8121,5605,4005,3132,2485,20679,1,1,1,1
22.3500,6214,1,1,68422,0,131342,0.520949,1,2,20,21,226973,27.49257,0.00178,2.37584,0.00542,1,1,2,1.391783,1.000000,1.652853,0.001176,0.001230,14.962593,10261,-0.000082,0.076496,54270,22520,12184,7722,5277,4052,2994,2337,19985,1,1,1,1
22.4000,6214,1,1,68393,1,131561,0.519862,1,20,464,464,776847,27.52726,0.00178,2.37584,0.00542,0,1,3,7.587607,6.873147,6.873147,-0.016286,-0.015960,14.945538,9948,0.001068,0.074247,54428,22396,12423,7666,5310,3957,3075,2317,19988,1,1,1,1
23.0000,6214,1,1,69492,0,133657,0.519932,8,5,10,99,115622,27.94322,0.00178,2.37584,0.00542,1,1,2,1.225656,1.000000,1.592422,-0.224142,-0.224109,14.737148,6219,0.015207,0.047072,55266,22862,12373,7900,5599,3918,2968,2347,20423,1,1,1,1
23.9000,6214,1,1,71245,1,137140,0.519509,12,6,12,102,222901,28.56698,0.00178,2.37584,0.00542,0,1,3,1.886439,1.375581,1.375581,-0.536012,-0.535910,14.425522,632,0.037150,0.004887,56924,23298,12720,8057,5706,4126,3038,2513,20757,1,1,1,1
22.3500,6226,1,1,68553,1,131462,0.521470,2,6,25,401,585081,27.48872,0.00200,2.38237,0.00629,0,1,3,2.863867,2.463212,2.463212,-0.000761,-0.000592,14.960612,10275,0.000040,0.076463,54461,22540,12134,7652,5422,3789,2941,2319,20203,1,1,1,1
22.4000,6226,1,1,68989,1,132237,0.521711,49,35,49,49,3431478,27.52335,0.00200,2.38237,0.00629,0,0,3,2.580699,2.560531,2.560531,-0.018077,-0.017925,14.942804,9966,0.001200,0.074251,54841,22409,12471,7928,5290,3850,3012,2439,19996,1,1,1,1
23.0000,6226,1,1,69957,1,134369,0.520637,1,6768,6768,6768,155170,27.93928,0.00200,2.38237,0.00629,0,1,3,1298.145960,1273.430082,1273.430082,-0.226543,-0.225391,14.736116,6227,0.015295,0.047045,55647,22887,12644,7894,5498,3947,3090,2305,20456,1,1,1,1
23.9000,6226,1,1,71625,1,137516,0.520852,2,1,26,30,165945,28.56307,0.00200,2.38237,0.00629,0,1,3,1.530046,1.123680,1.123680,-0.537869,-0.537801,14.423635,631,0.037286,0.004870,56705,23539,13063,8161,5509,4064,3144,2557,20773,1,1,1,1
22.3500,6238,1,1,68552,0,132033,0.519207,1,2,1839,1839,152616,27.49338,0.00156,2.38502,0.00597,1,1,3,1.011159,1.000000,1.010634,0.001442,0.001444,14.961739,10298,-0.000096,0.076481,54579,22750,12213,7990,5372,3780,3046,2302,20000,1,1,1,1
22.4000,6238,1,1,69120,0,132317,0.522386,4,28,28,49,231317,27.52805,0.00156,2.38502,0.00597,1,1,2,1.042054,1.000000,1.230692,-0.015910,-0.015904,14.945093,9987,0.001064,0.074253,54935,22562,12353,7703,5422,3917,2954,2353,20117,1,1,1,1
23.0000,6238,1,1,69953,1,134129,0.521539,7,2,9,1171,569024,27.94396,0.00156,2.38502,0.00597,0,1,3,1.562471,1.136061,1.136061,-0.223860,-0.223788,14.737709,6245,0.015185,0.047085,55513,22882,12557,7917,5358,3934,3034,2463,20470,1,1,1,1
23.9000,6238,1,1,72075,1,138417,0.520713,1,20,39,39,709109,28.56777,0.00156,2.38502,0.00597,0,0,3,1.770059,1.352713,1.352713,-0.535774,-0.535683,14.425629,629,0.037134,0.004845,57664,23621,12861,8133,5643,4213,3181,2483,20617,1,1,1,1
22.3500,6250,1,1,68754,0,131911,0.521219,2,89,89,286,265511,27.48990,0.00189,2.38133,0.00626,1,1,2,1.404191,1.000000,43.582201,-0.000415,-0.000361,14.961054,10314,0.000024,0.076456,54587,22597,12476,7631,5234,3932,3042,2299,20112,1,1,1,1
22.4000,6250,1,1,69151,1,132592,0.521536,1,1,32,32,449620,27.52461,0.00189,2.38133,0.00626,0,1,3,1.681600,1.189242,1.189242,-0.017482,-0.017398,14.944001,10001,0.001164,0.074220,55106,22444,12371,7857,5321,3952,3094,2384,20062,1,1,1,1
23.0000,6250,1,1,69810,0,134153,0.520380,1,5,6,173,190870,27.94050,0.00189,2.38133,0.00626,1,1,2,1.413977,1.000000,3.193795,-0.225506,-0.225450,14.735944,6251,0.015299,0.047045,55566,22772,12492,7822,5443,4091,3041,2461,20464,1,1,1,1
23.9000,6250,1,1,71981,1,138110,0.521190,1,6,34,78,1099065,28.56434,0.00189,2.38133,0.00626,0,0,3,3.118440,2.461741,2.461741,-0.537402,-0.537220,14.424067,632,0.037245,0.004859,57356,23586,12916,8122,5625,4076,3038,2482,20908,1,1,1,1
22.3500,6262,1,1,69297,1,132781,0.521893,4,8,17,78,403526,27.50434,0.00155,2.38831,0.00614,0,0,3,2.375959,2.150503,2.150503,0.006898,0.007037,14.968178,10341,-0.000470,0.076473,55211,22468,12453,7791,5432,3871,3014,2385,20155,1,1,1,1
22.4000,6262,1,1,69707,1,132927,0.524405,1,6,12,93,1302628,27.53898,0.00155,2.38831,0.00614,0,1,3,1.277889,1.189475,1.189475,-0.010378,-0.010339,14.951157,10027,0.000692,0.074235,55578,22406,12126,7820,5433,3997,2937,2381,20248,1,1,1,1
23.0000,6262,1,1,70627,1,135483,0.521302,1,17,41,41,383006,27.95496,0.00155,2.38831,0.00614,0,1,3,2.722632,2.655338,2.655338,-0.218430,-0.218270,14.743234,6267,0.014805,0.047052,56482,23071,12526,7921,5537,4042,3017,2448,20438,1,1,1,1
23.9000,6262,1,1,72056,0,138238,0.521250,1,1,33,33,43158641,28.57870,0.00155,2.38831,0.00614,1,1,3,1.392875,1.000000,1.172605,-0.530234,-0.530181,14.431185,632,0.036739,0.004848,57372,23590,12836,8055,5679,4183,3076,2513,20933,1,1,1,1
22.3500,6274,1,1,69361,1,133048,0.521327,10,17,17,162,280731,27.50632,0.00460,2.38034,0.00495,0,1,3,1.618182,1.202999,1.202999,0.009493,0.009570,14.971012,10358,-0.000639,0.076437,55296,22561,12541,7763,5509,3951,3007,2342,20077,1,1,1,1
22.4000,6274,1,1,69338,0,133221,0.520477,5,62,94,396,178797,27.54101,0.00460,2.38034,0.00495,1,1,2,1.380759,1.000000,28.295648,-0.008111,-0.008059,14.953298,10044,0.000539,0.074208,55502,22478,12436,7732,5450,4046,2975,2355,20246,1,1,1,1
23.0000,6274,1,1,70531,1,135028,0.522347,1,3,60,76,173528,27.95697,0.00460,2.38034,0.00495,0,0,3,2.100078,1.499177,1.499177,-0.215852,-0.215733,14.745641,6279,0.014630,0.047044,55904,23114,12537,8036,5416,4085,3154,2427,20354,1,1,1,1
23.9000,6274,1,1,72331,1,138424,0.522536,2,4,54,66,224303,28.58073,0.00460,2.38034,0.00495,0,1,3,3.726114,2.685464,2.685464,-0.527783,-0.527574,14.433518,633,0.036552,0.004845,57600,23305,12948,8154,5686,3953,3179,2470,21128,1,1,1,1
22.3500,6286,1,1,69008,0,132702,0.520026,1,126,126,180,265469,27.50402,0.00273,2.38979,0.00637,1,1,2,1.021299,1.000000,2.774226,0.007247,0.007250,14.968145,10375,-0.000484,0.076431,55193,22470,12276,7801,5319,3941,2955,2437,20309,1,1,1,1
22.4000,6286,1,1,69470,0,132955,0.522512,12,6,79,79,153274,27.53865,0.00273,2.38979,0.00637,1,1,2,1.239242,1.000000,1.698952,-0.010025,-0.009991,14.951280,10063,0.000668,0.074216,55161,22688,12336,7889,5339,3839,2964,2362,20376,1,1,1,1
23.0000,6286,1,1,70325,1,135353,0.519571,1,3,9,45,116806,27.95458,0.00273,2.38979,0.00637,0,1,3,2.858187,2.098635,2.098635,-0.218010,-0.217843,14.743409,6289,0.014776,0.047036,56207,23065,12564,7962,5361,4143,2995,2356,20699,1,1,1,1
23.9000,6286,1,1,72303,1,138778,0.521001,1,5,80,547,195281,28.57837,0.00273,2.38979,0.00637,0,1,3,4.010320,3.007167,3.007167,-0.529932,-0.529712,14.431785,632,0.036705,0.004829,57754,23279,13020,8113,5714,4065,3183,2541,21108,1,1,1,1
22.3500,6298,1,1,69614,0,133403,0.521836,4,22,22,33,271847,27.49596,0.00187,2.38744,0.00575,1,1,2,1.268724,1.000000,6.849666,0.002737,0.002775,14.964066,10393,-0.000185,0.076439,55234,22841,12387,7816,5434,4030,3014,2433,20213,1,1,1,1
22.4000,6298,1,1,69709,1,133270,0.523070,9,9,75,142,392827,27.53063,0.00187,2.38744,0.00575,0,1,3,3.511036,3.214815,3.214815,-0.014537,-0.014338,14.946607,10079,0.000959,0.074216,55248,22722,12433,7709,5487,3966,2968,2358,20378,1,1,1,1
23.0000,6298,1,1,70739,1,135970,0.520258,1,1,26,39,205460,27.94654,0.00187,2.38744,0.00575,0,1,3,1.381289,1.120247,1.120247,-0.222405,-0.222354,14.739116,6299,0.015086,0.047035,56715,23211,12406,7903,5552,4108,3073,2360,20641,1,1,1,1
23.9000,6298,1,1,72548,0,139085,0.521613,1,20,40,176,1412459,28.57035,0.00187,2.38744,0.00575,1,1,2,1.380302,1.000000,9.918711,-0.534487,-0.534436,14.426923,631,0.037044,0.004814,57748,23650,12962,8229,5608,4074,3267,2512,21034,1,1,1,1
22.3500,6310,1,1,69575,1,133530,0.521048,1,6,16,180,267571,27.49178,0.00325,2.37848,0.00574,0,0,3,2.013717,1.470299,1.470299,0.001482,0.001593,14.962945,10413,-0.000106,0.076446,55389,22723,12357,7828,5579,3892,3035,2464,20262,1,1,1,1
22.4000,6310,1,1,70128,0,133947,0.523554,1,11,11,92,548965288,27.52649,0.00325,2.37848,0.00574,1,1,2,1.151516,1.000000,2.026188,-0.015903,-0.015881,14.945320,10097,0.001063,0.074214,55816,22626,12490,7972,5355,3848,3078,2410,20351,1,1,1,1
23.0000,6310,1,1,70731,1,135982,0.520154,2,36,36,83,216742,27.94238,0.00325,2.37848,0.00574,0,0,3,4.097236,3.659417,3.659417,-0.223895,-0.223672,14.737493,6311,0.015177,0.047040,56473,23048,12658,8089,5453,3994,3127,2513,20626,1,1,1,1
23.9000,6310,1,1,72627,1,139275,0.521468,6,3,318,318,378507,28.56621,0.00325,2.37848,0.00574,0,1,3,1.555672,1.100634,1.080863,-0.535706,-0.535636,14.425768,632,0.037130,0.004813,57855,23627,12956,8307,5648,4163,3173,2445,21100,1,1,1,1
22.3500,6322,1,1,69652,0,133656,0.521133,2,109,109,126,113063,27.48799,0.00397,2.38289,0.00600,1,1,2,1.359323,1.000000,46.694257,-0.000304,-0.000255,14.961184,10438,0.000017,0.076493,55523,22710,12377,7791,5459,3992,2987,2380,20436,1,1,1,1
22.4000,6322,1,1,69665,1,133872,0.520389,1,33,48,48,147816,27.52264,0.00397,2.38289,0.00600,0,1,3,2.455088,1.866369,1.781669,-0.017367,-0.017225,14.944095,10121,0.001153,0.074255,55567,22551,12486,7878,5422,3954,3111,2451,20451,1,1,1,1
23.0000,6322,1,1,71132,0,136449,0.521312,2,12,12,79,3070259,27.93862,0.00397,2.38289,0.00600,1,0,2,1.149788,1.000000,2.106556,-0.225370,-0.225348,14.736137,6328,0.015292,0.047082,56813,23145,12638,8172,5584,4126,3085,2414,20471,1,1,1,1
23.9000,6322,1,1,72968,0,139973,0.521304,2,3,32,140,221376,28.56236,0.00397,2.38289,0.00600,1,0,3,1.247484,1.000000,1.171870,-0.537196,-0.537161,14.424306,638,0.037240,0.004849,58269,23827,13113,8144,5634,4101,3141,2582,21161,1,1,1,1
22.3500,6334,1,1,70245,1,134050,0.524025,2,5,13,693,204992,27.49405,0.00153,2.38569,0.00624,0,1,3,3.408745,2.677404,2.677404,0.001756,0.001950,14.963452,10457,-0.000130,0.076476,55734,22700,12433,7931,5392,3931,3100,2428,20400,1,1,1,1
22.4000,6334,1,1,69993,1,134361,0.520936,2,8,8,54,197497,27.52874,0.00153,2.38569,0.00624,0,1,3,2.584756,2.239254,2.239254,-0.015574,-0.015424,14.946060,10139,0.001032,0.074236,55667,22779,12592,7913,5683,3987,2967,2483,20289,1,1,1,1
23.0000,6334,1,1,70936,0,136156,0.520994,1,14,393,393,1404443,27.94470,0.00153,2.38569,0.00624,1,1,2,1.144228,1.000000,2.310569,-0.223554,-0.223533,14.737662,6338,0.015167,0.047062,56501,23122,12568,8060,5443,4137,3097,2468,20759,1,1,1,1
23.9000,6334,1,1,72784,0,139487,0.521801,1,1,14,35,301878,28.56846,0.00153,2.38569,0.00624,1,0,3,1.388858,1.000000,1.047303,-0.535375,-0.535323,14.426104,637,0.037108,0.004832,57741,23721,13168,8029,5630,4238,3249,2536,21174,1,1,1,1
22.3500,6346,1,1,70173,1,134571,0.521461,3,1,7,18957,268329,27.48728,0.00246,2.39020,0.00608,0,1,3,1.423255,1.008317,1.008317,-0.001170,-0.001115,14.960276,10472,0.000075,0.076457,56182,22801,12601,7804,5438,3918,3075,2372,20379,1,1,1,1
22.4000,6346,1,1,69931,1,134395,0.520343,8,73,73,2166,1370583,27.52190,0.00246,2.39020,0.00608,0,1,3,13.305450,12.998958,12.998958,-0.018688,-0.018280,14.942484,10155,0.001223,0.074231,55634,22932,12764,7789,5409,4009,3049,2408,20400,1,1,1,1
23.0000,6346,1,1,71094,0,136860,0.519469,3,68,68,69,135368,27.93784,0.00246,2.39020,0.00608,1,1,2,1.037942,1.000000,2.658072,-0.226528,-0.226523,14.734469,6347,0.015374,0.047050,56830,23316,12796,8076,5544,3994,3200,2307,20796,1,1,1,1
23.9000,6346,1,1,72877,1,139744,0.521507,2,41,41,390,185253,28.56162,0.00246,2.39020,0.00608,0,1,3,22.939812,19.132326,19.132326,-0.538579,-0.538085,14.423422,636,0.037306,0.004816,57724,23668,13126,8280,5752,4262,3257,2476,21198,1,1,1,1
22.3500,6358,1,1,70043,1,134486,0.520824,1,1,24,66,70959,27.47268,0.00404,2.38444,0.00638,0,0,3,1.834033,1.325334,1.325334,-0.007684,-0.007589,14.953775,10498,0.000507,0.076535,55978,22944,12474,7880,5536,3997,2933,2344,20399,1,1,1,1
22.4000,6358,1,1,70343,1,134502,0.522992,1,167,208,208,355741,27.50735,0.00404,2.38444,0.00638,0,1,3,26.982288,26.152788,26.152788,-0.025253,-0.024735,14.936175,10181,0.001656,0.074311,55940,22953,12352,7996,5352,3928,3047,2408,20525,1,1,1,1
23.0000,6358,1,1,71318,0,136944,0.520786,1,1,435,435,3180125,27.92326,0.00404,2.38444,0.00638,1,0,3,1.411717,1.000000,1.194798,-0.232961,-0.232907,14.728503,6365,0.015813,0.047113,56869,23286,12911,8126,5522,3978,3057,2440,20754,1,1,1,1
23.9000,6358,1,1,72777,1,139812,0.520538,1,4,9,13,278079,28.54707,0.00404,2.38444,0.00638,0,1,3,2.985890,2.343914,2.343914,-0.544922,-0.544750,14.416547,644,0.037786,0.004870,57837,23669,13123,8230,5611,4155,3186,2572,21428,1,1,1,1
22.3500,6370,1,1,70120,0,134515,0.521284,1,2,19,336,118828,27.47976,0.00415,2.38769,0.00639,1,1,3,1.149170,1.000000,1.083648,-0.004045,-0.004023,14.957042,10514,0.000269,0.076491,55779,22773,12400,8037,5470,4042,3060,2407,20546,1,1,1,1
22.4000,6370,1,1,70529,1,135019,0.522367,1,2,33,61,154868,27.51448,0.00415,2.38769,0.00639,0,1,3,2.420312,1.813103,1.813103,-0.021445,-0.021306,14.940143,10195,0.001426,0.074254,55993,22989,12629,7994,5528,3858,3083,2422,20522,1,1,1,1
23.0000,6370,1,1,71798,0,137299,0.522936,2,4,8,39,448904,27.93036,0.00415,2.38769,0.00639,1,1,2,1.210311,1.000000,1.317203,-0.229359,-0.229329,14.731927,6373,0.015567,0.047073,56727,23375,12860,8220,5577,4046,3171,2546,20776,1,1,1,1
23.9000,6370,1,1,73411,1,140689,0.521800,59,62,62,1083,326074,28.55420,0.00415,2.38769,0.00639,0,1,3,17.504870,16.795687,16.795687,-0.541481,-0.541031,14.419382,642,0.037521,0.004845,58740,23760,13152,8216,5619,4079,3207,2540,21375,1,1,1,1
22.3500,6382,1,1,70532,0,135134,0.521945,1,52,52,52,73136,27.48034,0.00360,2.39099,0.00693,1,1,2,1.051003,1.000000,2.819219,-0.004090,-0.004082,14.956958,10534,0.000273,0.076492,55972,23071,12630,7992,5378,4170,3031,2390,20499,1,1,1,1
22.4000,6382,1,1,70480,0,135151,0.521495,6,2,150,150,60427,27.51498,0.00360,2.39099,0.00693,1,1,3,1.348684,1.000000,1.329362,-0.021353,-0.021306,14.940036,10215,0.001426,0.074260,56137,22871,12631,8002,5625,3976,3014,2377,20517,1,1,1,1
23.0000,6382,1,1,71836,0,137445,0.522657,9,1,73,161,504998,27.93096,0.00360,2.39099,0.00693,1,1,3,1.332930,1.000000,1.028388,-0.229322,-0.229277,14.732232,6386,0.015563,0.047079,57196,23166,12704,8140,5599,4027,3149,2500,20963,1,1,1,1
23.9000,6382,1,1,73302,0,140480,0.521800,9,12,51,222,1890654,28.55470,0.00360,2.39099,0.00693,1,1,2,1.358564,1.000000,5.409593,-0.541325,-0.541277,14.420071,644,0.037536,0.004851,58188,23741,13259,8344,5778,4132,3164,2502,21371,1,1,1,1
22.3500,6394,1,1,70586,0,135570,0.520665,1,2,3,193,196406,27.48769,0.00173,2.39737,0.00531,1,1,2,1.414042,1.000000,1.582645,-0.001280,-0.001225,14.960174,10550,0.000082,0.076448,56251,23192,12778,8075,5385,4043,3016,2462,20367,1,1,1,1
22.4000,6394,1,1,70636,0,135439,0.521538,4,3,7,668,92864,27.52238,0.00173,2.39737,0.00531,1,1,2,1.349998,1.000000,1.445368,-0.018615,-0.018568,14.942776,10230,0.001243,0.074216,56217,22931,12659,8118,5442,4017,3006,2465,20583,1,1,1,1
23.0000,6394,1,1,71695,1,137640,0.520892,45,20,45,45,212348,27.93833,0.00173,2.39737,0.00531,0,1,3,2.330757,2.034463,2.034463,-0.226621,-0.226489,14.734998,6393,0.015371,0.047034,57275,23405,12806,8060,5526,4013,3119,2503,20932,1,1,1,1
23.9000,6394,1,1,73310,0,140495,0.521802,3,2,105,163,246775,28.56210,0.00173,2.39737,0.00531,1,1,3,1.394974,1.000000,1.281511,-0.538465,-0.538412,14.423014,640,0.037330,0.004810,57999,23633,13190,8461,5896,4164,3247,2543,21361,1,1,1,1
22.3500,6406,1,1,70596,0,134940,0.523170,2,9,1436,1436,1102329,27.47748,0.00173,2.38960,0.00631,1,0,3,1.102466,1.000000,1.084709,-0.006440,-0.006425,14.955070,10577,0.000430,0.076527,55886,23008,12390,7944,5605,4015,3143,2446,20502,1,1,1,1
22.4000,6406,1,1,70558,0,135611,0.520301,1,15,29,29,498363,27.51210,0.00173,2.38960,0.00631,1,1,2,1.408483,1.000000,8.069650,-0.023912,-0.023858,14.937529,10255,0.001597,0.074284,56335,22973,12642,7993,5510,3988,3113,2352,20704,1,1,1,1
23.0000,6406,1,1,71657,1,137556,0.520933,5,14,16,1586,315820,27.92803,0.00173,2.38960,0.00631,0,1,3,1.559449,1.499010,1.499010,-0.231746,-0.231677,14.729828,6411,0.015728,0.047094,56889,23480,12666,8071,5742,4110,3138,2409,21050,1,1,1,1
23.9000,6406,1,1,73510,0,141272,0.520347,1,1,31,50,581981,28.55182,0.00173,2.38960,0.00631,1,0,3,1.389714,1.000000,1.086047,-0.543616,-0.543564,14.417865,646,0.037701,0.004848,58701,23913,13069,8474,5791,4231,3247,2514,21331,1,1,1,1
22.3500,6418,1,1,70751,1,135866,0.520745,1,18,18,42,1138409,27.47507,0.00194,2.38949,0.00580,0,1,3,9.114990,7.874257,7.874257,-0.007673,-0.007329,14.954174,10591,0.000490,0.076489,56365,23195,12647,7961,5629,3974,3164,2404,20526,1,1,1,1
22.4000,6418,1,1,71031,1,136174,0.521623,1,6,25,77,258869,27.50974,0.00194,2.38949,0.00580,0,1,3,5.062116,3.817323,3.817323,-0.024951,-0.024698,14.936503,10271,0.001654,0.074266,56645,23237,12639,8082,5472,4029,3050,2460,20559,1,1,1,1
23.0000,6418,1,1,71815,1,137705,0.521517,3,4,6,16,244275,27.92565,0.00194,2.38949,0.00580,0,1,3,1.844117,1.522231,1.522231,-0.232834,-0.232738,14.728738,6419,0.015802,0.047068,57109,23416,12800,8037,5635,4027,3079,2542,21059,1,1,1,1
23.9000,6418,1,1,73341,1,141314,0.518997,31,3,31,31,210315,28.54946,0.00194,2.38949,0.00580,0,1,3,2.040990,1.597740,1.597740,-0.544743,-0.544632,14.416859,643,0.037777,0.004817,58743,24105,12971,8333,5716,4272,3181,2479,21513,1,1,1,1
22.3500,6430,1,1,70899,1,135936,0.521565,1,1,7,20,96457,27.46974,0.00172,2.38321,0.00537,0,0,3,1.371388,1.024287,1.024287,-0.010262,-0.010213,14.951126,10611,0.000683,0.076506,56403,23338,12593,7959,5545,3928,3148,2344,20677,1,1,1,1
22.4000,6430,1,1,71220,0,136636,0.521243,1,3,4,174,1934815,27.50445,0.00172,2.38321,0.00537,1,1,2,1.388569,1.000000,1.804317,-0.027663,-0.027612,14.933818,10289,0.001849,0.074271,56905,23117,12836,8019,5566,4014,3116,2457,20605,1,1,1,1
23.0000,6430,1,1,72503,1,138953,0.521785,1,5,49,49,46268,27.92034,0.00172,2.38321,0.00537,0,0,3,2.051145,1.522856,1.522856,-0.235595,-0.235483,14.725861,6433,0.015991,0.047092,57874,23783,12949,8071,5525,4031,3216,2466,21037,1,1,1,1
23.9000,6430,1,1,74237,1,142480,0.521038,1,1,3142,3142,730803,28.54417,0.00172,2.38321,0.00537,0,0,3,1.459387,1.039273,1.039273,-0.547483,-0.547424,14.413960,651,0.037979,0.004869,59543,24183,13234,8348,5805,4254,3233,2560,21319,1,1,1,1
22.3500,6442,1,1,71092,0,136267,0.521715,1,1,71,71,437434,27.46758,0.00204,2.37862,0.00782,1,0,3,1.410283,1.000000,1.091697,-0.011161,-0.011108,14.950284,10630,0.000743,0.076505,56419,23223,12769,8000,5530,4080,3123,2439,20683,1,1,1,1
22.4000,6442,1,1,71000,0,135941,0.522289,1,3,72,2862,2762711,27.50222,0.00204,2.37862,0.00782,1,1,2,1.300386,1.000000,1.497622,-0.028515,-0.028474,14.932843,10306,0.001907,0.074260,56304,23114,12635,8053,5396,4112,3098,2452,20776,1,1,1,1
23.0000,6442,1,1,72352,0,138915,0.520840,3,2,72,1090,360045,27.91820,0.00204,2.37862,0.00782,1,1,3,1.337614,1.000000,1.002188,-0.236468,-0.236423,14.724916,6439,0.016056,0.047051,58049,23464,12875,8090,5610,4017,3192,2556,21061,1,1,1,1
23.9000,6442,1,1,73838,0,141868,0.520473,2,7,18,73,875602,28.54195,0.00204,2.37862,0.00782,1,1,2,1.192413,1.000000,1.611126,-0.548383,-0.548356,14.412890,642,0.038046,0.004793,58815,24248,12920,8335,5810,4274,3220,2524,21721,1,1,1,1
22.3500,6454,1,1,71243,1,136799,0.520790,1,129,129,129,288823,27.47851,0.00314,2.39142,0.00622,0,1,3,50.681743,46.480295,46.480295,-0.005424,-0.004815,14.956695,10653,0.000322,0.076495,56801,23550,12646,8002,5520,4087,3081,2472,20639,1,1,1,1
22.4000,6454,1,1,71106,0,136324,0.521599,1,2,74,248,156149,27.51320,0.00314,2.39142,0.00622,1,1,3,1.357351,1.000000,1.352052,-0.022494,-0.022447,14.938904,10330,0.001503,0.074264,56321,23264,12553,8143,5424,4072,3114,2494,20938,1,1,1,1
23.0000,6454,1,1,72398,0,138936,0.521093,2,1,55,55,1664363,27.92916,0.00314,2.39142,0.00622,1,0,3,1.398200,1.000000,1.056580,-0.230449,-0.230397,14.731029,6459,0.015640,0.047090,57306,23841,13048,8232,5642,4166,3206,2498,20996,1,1,1,1
23.9000,6454,1,1,74495,1,142836,0.521546,2,44,44,2486,114380,28.55292,0.00314,2.39142,0.00622,0,1,3,2.822756,2.688062,2.688062,-0.542408,-0.542247,14.419257,649,0.037606,0.004834,59440,24351,13397,8275,5762,4209,3133,2570,21698,1,1,1,1
22.3500,6466,1,1,71331,1,136666,0.521941,1,9,20,49,314529,27.47833,0.00280,2.38386,0.00744,0,1,3,6.261818,4.865558,4.865558,-0.005595,-0.005311,14.956192,10670,0.000355,0.076477,56422,23645,12781,8037,5626,3928,3054,2483,20689,1,1,1,1
22.4000,6466,1,1,71073,1,136372,0.521174,5,38,38,51,166220,27.51295,0.00280,2.38386,0.00744,0,1,3,22.033623,18.083881,18.083881,-0.023009,-0.022531,14.938214,10347,0.001508,0.074252,56380,23217,12735,8144,5495,4041,3040,2412,20907,1,1,1,1
23.0000,6466,1,1,72396,0,139149,0.520281,8,3,41,41,261727,27.92888,0.00280,2.38386,0.00744,1,1,2,1.412213,1.000000,1.869490,-0.230797,-0.230743,14.730669,6474,0.015664,0.047113,57671,23612,12833,8324,5680,4155,3047,2591,21235,1,1,1,1
23.9000,6466,1,1,74209,1,142389,0.521175,15,40,40,40,191098,28.55267,0.00280,2.38386,0.00744,0,1,3,1.372199,1.029482,1.029482,-0.542641,-0.542592,14.418859,650,0.037631,0.004833,59193,24053,13160,8270,5827,4296,3239,2564,21786,1,1,1,1
22.3500,6478,1,1,71702,0,137331,0.522115,1,139,139,139,197819,27.48054,0.00299,2.37326,0.00726,1,1,2,1.013054,1.000000,1.855574,-0.004299,-0.004297,14.956544,10690,0.000287,0.076477,57177,23193,12810,8121,5637,3964,3228,2510,20690,1,1,1,1
22.4000,6478,1,1,71612,0,137169,0.522075,1,10,10,39,56397,27.51521,0.00299,2.37326,0.00726,1,0,2,1.141823,1.000000,1.814527,-0.021629,-0.021609,14.939881,10364,0.001446,0.074227,56989,23218,12855,8086,5612,4103,3079,2436,20790,1,1,1,1
23.0000,6478,1,1,72531,1,139285,0.520742,1,3,5,57,63965,27.93112,0.00299,2.37326,0.00726,0,0,3,2.005783,1.448910,1.448910,-0.229567,-0.229459,14.731910,6477,0.015576,0.047043,57714,23854,12908,8110,5613,4144,3073,2528,21340,1,1,1,1
23.9000,6478,1,1,74395,1,143104,0.519870,2,23,23,107,535457,28.55493,0.00299,2.37326,0.00726,0,0,3,3.644131,3.206481,3.206481,-0.541536,-0.541336,14.419860,650,0.037541,0.004823,59506,24264,13380,8402,5767,4305,3210,2553,21716,1,1,1,1
22.3500,6490,1,1,71901,1,137606,0.522517,1,21,21,110,314482,27.48369,0.00150,2.37074,0.00620,0,1,3,1.498384,1.107647,1.107647,-0.003402,-0.003339,14.958107,10715,0.000223,0.076506,57169,23462,12826,8194,5465,4103,3067,2489,20830,1,1,1,1
22.4000,6490,1,1,71546,0,137073,0.521959,40,54,54,241,126910,27.51840,0.00150,2.37074,0.00620,1,1,2,1.300085,1.000000,18.743045,-0.020983,-0.020942,14.940377,10389,0.001402,0.074267,56868,23365,12639,8019,5522,4114,3110,2351,21084,1,1,1,1
23.0000,6490,1,1,72789,1,139730,0.520930,5,54,54,54,621976,27.93429,0.00150,2.37074,0.00620,0,1,3,19.195649,17.786073,17.786073,-0.228923,-0.228468,14.733042,6495,0.015507,0.047083,58195,23530,12776,8373,5685,4242,3199,2440,21289,1,1,1,1
23.9000,6490,1,1,74866,0,143761,0.520771,1,31,69,159,128253,28.55812,0.00150,2.37074,0.00620,1,1,2,1.144294,1.000000,4.996138,-0.540741,-0.540720,14.420485,656,0.037497,0.004859,59793,24261,13473,8536,5887,4259,3203,2606,21742,1,1,1,1
22.3500,6502,1,1,71501,1,137240,0.520996,1,6,6,93,374055,27.47851,0.00149,2.37166,0.00547,0,1,3,2.114863,1.870484,1.870484,-0.006015,-0.005900,14.955592,10734,0.000394,0.076513,56554,23601,12834,8087,5668,3953,3160,2527,20855,1,1,1,1
22.4000,6502,1,1,71602,0,137309,0.521470,4,2,15,21,332279,27.51316,0.00149,2.37166,0.00547,1,1,3,1.380696,1.000000,1.230955,-0.023303,-0.023253,14.938114,10409,0.001557,0.074283,56755,23321,12851,8049,5589,4100,3151,2530,20962,1,1,1,1
23.0000,6502,1,1,72842,0,140212,0.519517,1,121,121,121,266683,27.92913,0.00149,2.37166,0.00547,1,1,2,1.413705,1.000000,61.070917,-0.231594,-0.231541,14.729861,6508,0.015719,0.047101,58406,23850,12906,8132,5782,4143,3208,2513,21271,1,1,1,1
23.9000,6502,1,1,74505,1,143091,0.520686,2,31,31,31,45762,28.55288,0.00149,2.37166,0.00547,0,0,3,1.493754,1.146192,1.146192,-0.543157,-0.543095,14.418226,656,0.037667,0.004850,59269,23926,13439,8436,5981,4287,3193,2691,21868,1,1,1,1
22.3500,6514,1,1,71777,1,138145,0.519581,1,13,114,258,207938,27.47241,0.00492,2.37612,0.00549,0,1,3,1.902599,1.351113,1.127228,-0.007287,-0.007188,14.954203,10756,0.000481,0.076536,57710,23494,12632,8241,5617,4028,3078,2466,20878,1,1,1,1
22.4000,6514,1,1,72045,1,138308,0.520906,1,1,54,90,530326,27.50710,0.00492,2.37612,0.00549,0,0,3,1.233696,1.025103,1.025103,-0.024619,-0.024587,14.936909,10428,0.001646,0.074288,57542,23558,12840,8144,5596,4166,3039,2520,20902,1,1,1,1
23.0000,6514,1,1,73356,0,140546,0.521940,11,3,11,59,35289064,27.92306,0.00492,2.37612,0.00549,1,1,2,1.390023,1.000000,1.846089,-0.232644,-0.232594,14.728781,6517,0.015792,0.047082,58400,23719,13186,8319,5736,4219,3194,2523,21249,1,1,1,1
23.9000,6514,1,1,75067,1,144157,0.520734,1,2,27,184,2424985,28.54682,0.00492,2.37612,0.00549,0,0,3,1.415565,1.020133,1.020133,-0.544482,-0.544429,14.416944,655,0.037763,0.004834,60165,24263,13372,8519,5864,4261,3221,2690,21801,1,1,1,1
22.3500,6526,1,1,72021,1,138109,0.521483,1,1,10,268,217055,27.47823,0.00149,2.37532,0.00707,0,1,3,1.766400,1.324912,1.324912,-0.006194,-0.006107,14.955347,10769,0.000408,0.076482,57381,23257,13022,7990,5702,4169,3136,2505,20946,1,1,1,1
22.4000,6526,1,1,72194,0,138513,0.521211,1,4,20,382,1123495,27.51286,0.00149,2.37532,0.00707,1,1,3,1.168883,1.000000,1.096152,-0.023489,-0.023465,14.937766,10443,0.001571,0.074254,57485,23650,12834,8286,5591,4161,3020,2449,21036,1,1,1,1
23.0000,6526,1,1,73323,1,140541,0.521723,9,171,171,171,71432,27.92879,0.00149,2.37532,0.00707,0,1,3,11.123274,10.595841,10.595841,-0.231633,-0.231264,14.730241,6529,0.015700,0.047078,58232,23899,13121,8280,5679,4170,3257,2545,21357,1,1,1,1
23.9000,6526,1,1,75062,0,143869,0.521742,6,33,33,731,146853,28.55258,0.00149,2.37532,0.00707,1,1,2,1.245887,1.000000,9.300765,-0.543518,-0.543484,14.417804,657,0.037695,0.004840,59565,24453,13464,8555,5867,4275,3264,2506,21919,1,1,1,1
22.3500,6538,1,1,72153,1,138402,0.521333,7,4,22,333,436162,27.48509,0.00180,2.37164,0.00699,0,1,3,1.952496,1.518144,1.518144,-0.002599,-0.002497,14.958968,10789,0.000167,0.076465,57375,23483,12980,8257,5562,4044,3167,2488,21045,1,1,1,1
22.4000,6538,1,1,72159,1,138013,0.522846,9,28,267,267,655686,27.51975,0.00180,2.37164,0.00699,0,0,3,1.562959,1.458694,1.458694,-0.019930,-0.019862,14.941243,10463,0.001329,0.074242,56871,23593,12806,8115,5716,4122,3152,2538,21099,1,1,1,1
23.0000,6538,1,1,73722,0,141190,0.522151,1,3,25,423,141996,27.93566,0.00180,2.37164,0.00699,1,0,3,1.241571,1.000000,1.294386,-0.227871,-0.227838,14.733636,6539,0.015464,0.047052,58812,23704,13088,8455,5841,4152,3209,2545,21383,1,1,1,1
23.9000,6538,1,1,75233,1,144278,0.521448,13,21,56,439,268881,28.55947,0.00180,2.37164,0.00699,0,1,3,8.695591,7.580438,7.580438,-0.539917,-0.539586,14.421911,655,0.037414,0.004815,59830,24800,13245,8484,5877,4289,3374,2565,21813,1,1,1,1
22.3500,6550,1,1,72442,0,139218,0.520353,2,4,52,89,167451,27.48351,0.00178,2.37931,0.00595,1,1,3,1.187364,1.000000,1.125255,-0.003346,-0.003319,14.957929,10815,0.000222,0.076514,57894,23954,13013,8093,5553,4063,3223,2485,20939,1,1,1,1
22.4000,6550,1,1,72081,1,138469,0.520561,6,71,146,146,75773,27.51822,0.00178,2.37931,0.00595,0,1,3,8.335606,8.138696,8.138696,-0.020858,-0.020535,14.940380,10485,0.001374,0.074266,57405,23706,12785,8161,5528,4203,3131,2415,21134,1,1,1,1
23.0000,6550,1,1,73700,0,141498,0.520859,1,21,21,144,60737,27.93411,0.00178,2.37931,0.00595,1,1,2,1.318016,1.000000,8.050322,-0.228802,-0.228759,14.732573,6556,0.015527,0.047092,58747,24336,13049,8316,5709,4181,3265,2509,21385,1,1,1,1
23.9000,6550,1,1,75433,1,144850,0.520770,1,98,98,98,145901,28.55794,0.00178,2.37931,0.00595,0,1,3,1.779604,1.266173,1.020751,-0.540559,-0.540471,14.420953,661,0.037478,0.004851,60234,24572,13513,8577,5907,4239,3265,2516,22026,1,1,1,1
22.3500,6562,1,1,72505,1,139048,0.521442,1,14,14,43,404467,27.48977,0.00242,2.39341,0.00611,0,1,3,1.845621,1.715003,1.715003,0.000084,0.000178,14.961679,10829,-0.000012,0.076453,57730,23711,13050,8069,5708,4175,3108,2547,20949,1,1,1,1
22.4000,6562,1,1,72759,1,139058,0.523231,1,2,155,458,8871309,27.52442,0.00242,2.39341,0.00611,0,1,3,1.562935,1.354200,1.354200,-0.017217,-0.017149,14.944345,10501,0.001148,0.074224,57585,23858,12978,8231,5622,4093,3159,2401,21130,1,1,1,1
23.0000,6562,1,1,73287,1,140702,0.520870,1,855,855,855,2694067,27.94039,0.00242,2.39341,0.00611,0,1,3,475.845876,395.548853,395.548853,-0.225640,-0.224701,14.736812,6563,0.015248,0.047042,58180,23998,13144,8325,5579,4192,3215,2474,21594,1,1,1,1
23.9000,6562,1,1,74956,0,144158,0.519961,2,24,24,81,197876,28.56414,0.00242,2.39341,0.00611,1,0,2,1.068206,1.000000,1.792861,-0.537103,-0.537092,14.424411,658,0.037235,0.004819,59797,24143,13611,8499,5810,4345,3312,2579,22061,1,1,1,1
22.3500,6574,1,1,72264,0,138388,0.522188,3,11,11,45,1062176,27.49084,0.00196,2.39719,0.00610,1,1,2,1.412392,1.000000,5.661644,0.000319,0.000372,14.961788,10853,-0.000025,0.076482,57477,23354,12760,8183,5608,4138,3149,2512,21206,1,1,1,1
22.4000,6574,1,1,72387,1,138674,0.521998,1,1,27,871,36250,27.52553,0.00196,2.39719,0.00610,0,1,3,1.691063,1.214085,1.214085,-0.016908,-0.016828,14.944605,10524,0.001126,0.074249,57273,23487,12767,8357,5702,4147,3141,2501,21298,1,1,1,1
23.0000,6574,1,1,73996,0,141549,0.522763,1,3,19,49,130166,27.94148,0.00196,2.39719,0.00610,1,1,2,1.332642,1.000000,1.646322,-0.224904,-0.224860,14.736482,6579,0.015259,0.047072,58785,23932,13105,8369,5761,4252,3266,2522,21556,1,1,1,1
23.9000,6574,1,1,75623,1,145230,0.520716,1,8,196,196,2288996,28.56525,0.00196,2.39719,0.00610,0,1,3,2.619471,1.910681,1.824187,-0.536798,-0.536652,14.424712,667,0.037204,0.004875,60310,24757,13513,8460,5928,4237,3367,2654,22003,1,1,1,1
22.3500,6586,1,1,72503,1,139213,0.520810,1,2,28,35,1276499,27.48546,0.00432,2.39324,0.00661,0,1,3,1.722335,1.398592,1.398592,-0.001167,-0.001085,14.960427,10868,0.000073,0.076456,57854,23543,12961,8199,5676,4103,3182,2426,21268,1,1,1,1
22.4000,6586,1,1,72768,0,139503,0.521627,3,72,72,179,186153,27.52008,0.00432,2.39324,0.00661,1,1,2,1.237593,1.000000,19.310168,-0.018680,-0.018647,14.942828,10539,0.001248,0.074228,57520,24095,12953,8338,5661,4099,3105,2529,21202,1,1,1,1
23.0000,6586,1,1,74042,0,141580,0.522973,1,4,5,70,131415,27.93601,0.00432,2.39324,0.00661,1,0,2,1.316611,1.000000,1.766951,-0.226463,-0.226421,14.735038,6587,0.015366,0.047048,58719,24063,12867,8414,5832,4355,3213,2549,21567,1,1,1,1
23.9000,6586,1,1,75536,0,145225,0.520134,4,2,119,119,367617,28.55980,0.00432,2.39324,0.00661,1,1,3,1.402178,1.000000,1.388405,-0.538340,-0.538288,14.423139,660,0.037321,0.004816,60158,24764,13459,8641,5789,4307,3264,2647,22195,1,1,1,1
22.3500,6598,1,1,73046,0,139613,0.523207,1,1,27,27,168853,27.48540,0.00326,2.39421,0.00513,1,1,3,1.407680,1.000000,1.403709,-0.001702,-0.001651,14.959743,10890,0.000110,0.076475,57980,23525,13291,8108,5732,4161,3167,2575,21073,1,1,1,1
22.4000,6598,1,1,72880,0,139722,0.521611,1,23,23,100,140102,27.52007,0.00326,2.39421,0.00513,1,1,2,1.305640,1.000000,8.390448,-0.019174,-0.019133,14.942194,10562,0.001280,0.074258,58029,24005,13071,8071,5515,4174,3125,2503,21228,1,1,1,1
23.0000,6598,1,1,73737,1,141651,0.520558,7,2,196,196,505576,27.93598,0.00326,2.39421,0.00513,0,1,3,2.179236,1.609356,1.609356,-0.227001,-0.226883,14.734164,6601,0.015398,0.047065,58665,23861,13293,8405,5818,4251,3222,2562,21573,1,1,1,1
23.9000,6598,1,1,75644,0,145130,0.521219,238,9,238,238,445266,28.55979,0.00326,2.39421,0.00513,1,1,2,1.302279,1.000000,3.199532,-0.538961,-0.538921,14.422405,663,0.037367,0.004829,59890,24971,13488,8496,5923,4344,3264,2593,22160,1,1,1,1
22.3500,6610,1,1,73142,0,140157,0.521861,1,2,11,189,1358168,27.48032,0.00267,2.39752,0.00661,1,0,3,1.382979,1.000000,1.361431,-0.004515,-0.004466,14.956973,10906,0.000299,0.076462,58385,23739,13109,8157,5682,4170,3271,2506,21137,1,1,1,1
22.4000,6610,1,1,73086,0,140255,0.521097,2,128,128,128,2535405,27.51503,0.00267,2.39752,0.00661,1,1,2,1.032237,1.000000,4.255083,-0.021957,-0.021952,14.939040,10576,0.001469,0.074237,58462,23777,12937,8271,5717,4252,3203,2452,21183,1,1,1,1
23.0000,6610,1,1,74368,0,142558,0.521672,5,56,56,65,938897,27.93092,0.00267,2.39752,0.00661,1,1,2,1.260965,1.000000,16.683485,-0.230005,-0.229970,14.731501,6611,0.015611,0.047059,59102,24486,13253,8419,5773,4288,3184,2551,21501,1,1,1,1
23.9000,6610,1,1,75922,0,145363,0.522296,1,22,44,97,673268,28.55475,0.00267,2.39752,0.00661,1,1,2,1.377551,1.000000,10.254926,-0.541885,-0.541836,14.419533,660,0.037577,0.004800,60245,24582,13444,8680,5882,4336,3308,2523,22362,1,1,1,1
22.3500,6622,1,1,73047,1,139866,0.522268,1,14,20,30,787682,27.48017,0.00279,2.39458,0.00726,0,1,3,2.394988,2.173762,2.173762,-0.004542,-0.004410,14.957089,10928,0.000295,0.076477,58295,23634,12935,8263,5665,4200,3201,2408,21264,1,1,1,1
22.4000,6622,1,1,73046,0,140216,0.520957,1,7,7,215,637598,27.51482,0.00279,2.39458,0.00726,1,1,2,1.351543,1.000000,3.517575,-0.021902,-0.021856,14.939498,10597,0.001463,0.074248,58246,23790,13018,8236,5788,4109,3160,2505,21363,1,1,1,1
23.0000,6622,1,1,74319,1,142217,0.522578,1,25,40,40,237214,27.93079,0.00279,2.39458,0.00726,0,1,3,1.861754,1.323242,1.077713,-0.229797,-0.229703,14.731690,6623,0.015592,0.047059,58866,24291,13138,8431,5843,4183,3327,2519,21618,1,1,1,1
23.9000,6622,1,1,76087,1,145837,0.521730,1,3422,3422,3422,180206,28.55454,0.00279,2.39458,0.00726,0,1,3,197.663099,196.639823,196.639823,-0.542066,-0.541268,14.419403,664,0.037537,0.004820,60392,24952,13471,8753,5859,4333,3293,2612,22171,1,1,1,1
22.3500,6634,1,1,73288,0,140563,0.521393,1,1,174,516,512318,27.48164,0.00266,2.39292,0.00655,1,0,3,1.375618,1.000000,1.134237,-0.003804,-0.003756,14.957687,10946,0.000251,0.076461,58512,24044,12947,8178,5815,4130,3111,2488,21337,1,1,1,1
22.4000,6634,1,1,73564,0,140930,0.521993,59,28,59,59,245502,27.51633,0.00266,2.39292,0.00655,1,0,2,1.040779,1.000000,1.191182,-0.021152,-0.021146,14.940363,10613,0.001415,0.074221,58590,23940,13287,8388,5656,4096,3230,2524,21218,1,1,1,1
23.0000,6634,1,1,74667,1,143119,0.521716,1,3,85,85,222772,27.93228,0.00266,2.39292,0.00655,0,1,3,2.352839,1.739636,1.739636,-0.229156,-0.229027,14.732424,6631,0.015546,0.047028,59357,24362,13508,8336,5814,4286,3292,2629,21534,1,1,1,1
23.9000,6634,1,1,76252,0,146693,0.519810,1,4,29,32,181825,28.55605,0.00266,2.39292,0.00655,1,1,2,1.217364,1.000000,1.343781,-0.541017,-0.540987,14.420493,661,0.037515,0.004789,60724,25229,13836,8645,6037,4267,3389,2522,22043,1,1,1,1
22.3500,6646,1,1,72940,0,140154,0.520431,1,1,24,25,139577,27.48889,0.00146,2.37923,0.00760,1,0,3,1.412087,1.000000,1.249862,-0.000865,-0.000813,14.960589,10968,0.000054,0.076462,58236,23545,12973,8236,5844,4115,3183,2561,21460,1,1,1,1
22.4000,6646,1,1,73370,0,141159,0.519772,1,14,18,311,884362,27.52351,0.00146,2.37923,0.00760,1,1,2,1.114206,1.000000,1.823084,-0.018210,-0.018193,14.942988,10636,0.001218,0.074235,58734,23857,13330,8274,5622,4255,3238,2576,21272,1,1,1,1
23.0000,6646,1,1,74559,1,143203,0.520656,1,28,28,55,570323,27.93944,0.00146,2.37923,0.00760,0,0,3,4.362994,3.692858,3.692858,-0.226228,-0.226006,14.735243,6648,0.015338,0.047054,59433,24303,13338,8448,5832,4300,3247,2565,21736,1,1,1,1
23.9000,6646,1,1,76352,0,146140,0.522461,2,20,20,44,50700351,28.56324,0.00146,2.37923,0.00760,1,1,2,1.301975,1.000000,7.228333,-0.538174,-0.538134,14.423194,667,0.037310,0.004823,60263,24857,13801,8591,5935,4304,3349,2655,22384,1,1,1,1
22.3500,6658,1,1,73096,0,140453,0.520434,1,2,30,40,704782,27.48851,0.00177,2.37546,0.00511,1,0,3,1.341869,1.000000,1.068512,-0.000869,-0.000825,14.960629,10991,0.000055,0.076484,58388,23665,13072,8235,5645,4257,3219,2504,21467,1,1,1,1
22.4000,6658,1,1,73656,0,141126,0.521920,5,2,7,37,42130,27.52318,0.00177,2.37546,0.00511,1,1,3,1.411805,1.000000,1.406132,-0.018224,-0.018172,14.943248,10658,0.001216,0.074253,58887,23604,13181,8234,5781,4251,3143,2576,21468,1,1,1,1
23.0000,6658,1,1,74290,0,142741,0.520457,3,14,14,34,810341111,27.93909,0.00177,2.37546,0.00511,1,0,2,1.127565,1.000000,2.010090,-0.226205,-0.226187,14.735309,6666,0.015350,0.047096,59060,24150,13123,8485,5877,4236,3274,2606,21929,1,1,1,1
23.9000,6658,1,1,76504,0,146866,0.520914,3,5,27,27,159075,28.56290,0.00177,2.37546,0.00511,1,1,2,1.384383,1.000000,2.809598,-0.538136,-0.538087,14.423289,671,0.037307,0.004843,60463,25164,13878,8695,6020,4388,3367,2707,22183,1,1,1,1
22.3500,6670,1,1,73569,1,141455,0.520091,1,2,65,65,129532,27.48894,0.00166,2.36288,0.00541,0,1,3,2.026792,1.466482,1.466482,-0.000709,-0.000603,14.960696,11009,0.000040,0.076471,58881,23785,13144,8281,5919,4254,3217,2547,21426,1,1,1,1
22.4000,6670,1,1,73940,0,141367,0.523039,4,30,30,272,1702992,27.52365,0.00166,2.36288,0.00541,1,1,2,1.138124,1.000000,4.527278,-0.018149,-0.018130,14.943081,10675,0.001213,0.074238,58520,23993,13212,8486,5779,4269,3126,2564,21417,1,1,1,1
23.0000,6670,1,1,74598,0,143356,0.520373,5,3,41,91,463682,27.93954,0.00166,2.36288,0.00541,1,1,2,1.403036,1.000000,1.774789,-0.226023,-0.225973,14.735419,6674,0.015335,0.047068,59378,24220,13346,8537,5753,4239,3225,2663,21994,1,1,1,1
23.9000,6670,1,1,76945,1,147253,0.522540,3,4,81,81,91412,28.56337,0.00166,2.36288,0.00541,0,1,3,2.206310,1.898197,1.898197,-0.537942,-0.537823,14.423667,670,0.037288,0.004827,61092,25206,13601,8630,5976,4394,3322,2567,22464,1,1,1,1
22.3500,6682,1,1,73515,1,141065,0.521146,18,50,50,50,393693,27.48246,0.00176,2.36916,0.00607,0,1,3,10.996644,10.275420,10.275420,-0.004026,-0.003667,14.957839,11027,0.000245,0.076473,58520,23872,13073,8325,5772,4279,3202,2429,21592,1,1,1,1
22.4000,6682,1,1,73805,1,141228,0.522598,2,7,42,104,222293,27.51710,0.00176,2.36916,0.00607,0,0,3,1.496899,1.169081,1.169081,-0.021186,-0.021125,14.940192,10693,0.001414,0.074244,58606,23735,13266,8430,5680,4094,3240,2446,21730,1,1,1,1
23.0000,6682,1,1,74781,1,143768,0.520154,1,7,7,127,3012197,27.93307,0.00176,2.36916,0.00607,0,1,3,4.719811,3.817085,3.817085,-0.229261,-0.229029,14.732474,6685,0.015546,0.047070,59644,24414,13307,8414,5834,4293,3265,2606,21990,1,1,1,1
23.9000,6682,1,1,76778,0,147661,0.519965,3,5,6,151,73659,28.55682,0.00176,2.36916,0.00607,1,1,2,1.299147,1.000000,2.098393,-0.541091,-0.541052,14.420276,670,0.037520,0.004820,61535,24932,13687,8683,6009,4441,3255,2655,22463,1,1,1,1
22.3500,6694,1,1,74399,1,142148,0.523395,4,3,224,224,61204,27.48889,0.00176,2.37619,0.00661,0,1,3,1.605553,1.424156,1.424156,-0.000635,-0.000565,14.960624,11048,0.000038,0.076467,59197,24070,13218,8324,5852,4232,3226,2560,21468,1,1,1,1
22.4000,6694,1,1,73475,1,141347,0.519824,3,6,13,31,434689,27.52358,0.00176,2.37619,0.00661,0,1,3,2.218157,1.814807,1.814807,-0.018002,-0.017883,14.943598,10713,0.001197,0.074233,58617,23868,13228,8371,5587,4201,3308,2507,21659,1,1,1,1
23.0000,6694,1,1,75407,1,144534,0.521729,3,6,109,109,154318,27.93953,0.00176,2.37619,0.00661,0,1,3,1.627417,1.567150,1.567150,-0.225965,-0.225892,14.735618,6695,0.015330,0.047046,60063,24576,13426,8573,5896,4408,3289,2528,21774,1,1,1,1
23.9000,6694,1,1,77004,0,148080,0.520020,1,2,10,76,109891,28.56330,0.00176,2.37619,0.00661,1,0,2,1.377961,1.000000,1.666953,-0.537855,-0.537807,14.423636,673,0.037287,0.004831,61472,25476,13763,8755,6000,4294,3362,2615,22342,1,1,1,1
22.3500,6706,1,1,73906,0,141812,0.521158,2,100,100,413,108752,27.48803,0.00176,2.37542,0.00504,1,1,2,1.279321,1.000000,31.997202,-0.001385,-0.001348,14.960122,11066,0.000090,0.076457,58698,24113,13353,8344,5726,4195,3190,2621,21571,1,1,1,1
22.4000,6706,1,1,74287,1,141999,0.523155,4,99,99,135,315896,27.52266,0.00176,2.37542,0.00504,0,1,3,19.686023,19.132655,19.132655,-0.018659,-0.018215,14.942635,10731,0.001219,0.074229,58897,23920,13322,8348,5800,4246,3283,2548,21634,1,1,1,1
23.0000,6706,1,1,75259,1,144299,0.521553,4,4,277,685,744424,27.93859,0.00176,2.37542,0.00504,0,1,3,2.726033,2.287329,2.287329,-0.226466,-0.226316,14.734793,6708,0.015359,0.047056,59840,24462,13554,8399,5811,4362,3331,2644,21895,1,1,1,1
23.9000,6706,1,1,77260,0,147851,0.522557,1,6,6,10,5096924,28.56238,0.00176,2.37542,0.00504,1,1,2,1.388844,1.000000,3.390983,-0.538391,-0.538342,14.423039,672,0.037325,0.004816,61164,25018,13836,8795,6177,4443,3406,2665,22346,1,1,1,1
22.3500,6718,1,1,74259,1,142512,0.521076,4,4,10,31,319928,27.48404,0.00165,2.36459,0.00663,0,1,3,2.812385,2.277695,2.277695,-0.003217,-0.003063,14.958060,11084,0.000205,0.076455,59270,24250,13303,8353,5685,4207,3309,2520,21614,1,1,1,1
22.4000,6718,1,1,74513,1,142801,0.521800,6,2,83,329,124612,27.51871,0.00165,2.36459,0.00663,0,0,3,1.244588,1.106966,1.106966,-0.020494,-0.020461,14.940738,10748,0.001369,0.074223,59404,24363,13298,8413,5809,4173,3147,2544,21649,1,1,1,1
23.0000,6718,1,1,75439,1,144664,0.521481,5,9,9,245,55719,27.93462,0.00165,2.36459,0.00663,0,1,3,1.298388,1.029467,1.029467,-0.228445,-0.228406,14.733068,6717,0.015503,0.047040,60124,24449,13543,8525,5941,4264,3283,2517,22017,1,1,1,1
23.9000,6718,1,1,77331,1,148484,0.520807,10,3,78,98,9725580,28.55843,0.00165,2.36459,0.00663,0,1,3,2.670109,1.918177,1.918177,-0.540398,-0.540252,14.420719,671,0.037464,0.004801,62060,24924,13716,8756,6084,4417,3451,2572,22503,1,1,1,1
22.3500,6730,1,1,74267,1,142610,0.520774,8,17,17,142,387099,27.47538,0.00290,2.36256,0.00523,0,1,3,11.212702,8.721882,8.721882,-0.007005,-0.006646,14.954861,11102,0.000444,0.076459,59337,24087,13291,8448,5829,4237,3251,2616,21513,1,1,1,1
22.4000,6730,1,1,74415,1,142283,0.523011,29,7,29,29,7025080,27.51008,0.00290,2.36256,0.00523,0,1,3,1.218213,1.030970,1.030970,-0.024200,-0.024171,14.937317,10765,0.001618,0.074225,59027,23831,13347,8436,5766,4273,3288,2528,21786,1,1,1,1
23.0000,6730,1,1,75585,1,145138,0.520784,1,92,92,134,643583,27.92597,0.00290,2.36256,0.00523,0,1,3,2.645289,2.238763,2.238763,-0.232201,-0.232057,14.729432,6727,0.015755,0.047038,60311,24723,13633,8452,5810,4272,3280,2606,22050,1,1,1,1
23.9000,6730,1,1,77290,0,148355,0.520984,1,86,86,255,468939,28.54980,0.00290,2.36256,0.00523,1,1,2,1.172199,1.000000,16.317057,-0.544266,-0.544242,14.417004,670,0.037750,0.004786,61547,25229,13859,8804,6014,4307,3248,2604,22742,1,1,1,1
22.3500,6742,1,1,74431,1,142524,0.522239,2,3,42,232,403373,27.47056,0.00144,2.35500,0.00588,0,1,3,2.494661,1.919048,1.919048,-0.010008,-0.009872,14.951612,11130,0.000660,0.076532,59255,24084,13112,8454,5857,4257,3171,2553,21780,1,1,1,1
22.4000,6742,1,1,74422,0,142662,0.521670,1,2,9,19,99883,27.50520,0.00144,2.35500,0.00588,1,1,2,1.411262,1.000000,1.824106,-0.027327,-0.027276,14.934128,10793,0.001826,0.074302,58965,24399,13427,8319,5834,4256,3291,2478,21692,1,1,1,1
23.0000,6742,1,1,75997,1,145775,0.521334,1,3,7,367,1919769,27.92118,0.00144,2.35500,0.00588,0,0,3,1.492333,1.077172,1.077172,-0.235270,-0.235211,14.726169,6751,0.015972,0.047132,60725,24838,13542,8457,5994,4270,3331,2623,21994,1,1,1,1
23.9000,6742,1,1,77446,0,149233,0.518964,1,10,11,270,167172,28.54493,0.00144,2.35500,0.00588,1,1,2,1.131543,1.000000,1.643707,-0.547179,-0.547161,14.414047,682,0.037960,0.004864,62225,25174,13961,8819,6040,4467,3356,2658,22532,1,1,1,1
22.3500,6754,1,1,74765,1,143039,0.522693,7,20,20,125,187319,27.47156,0.00308,2.35977,0.00705,0,0,3,1.228450,1.104686,1.104686,-0.008625,-0.008595,14.952592,11146,0.000575,0.076501,59381,24295,13328,8451,5901,4139,3280,2486,21777,1,1,1,1
22.4000,6754,1,1,74480,0,143063,0.520613,77,26,77,77,572688,27.50625,0.00308,2.35977,0.00705,1,1,2,1.089822,1.000000,2.493719,-0.026029,-0.026016,14.935138,10808,0.001742,0.074268,59439,24346,13189,8480,5833,4297,3223,2571,21684,1,1,1,1
23.0000,6754,1,1,75366,0,145163,0.519185,1,77,77,77,1049951,27.92220,0.00308,2.35977,0.00705,1,1,2,1.032905,1.000000,2.632141,-0.234008,-0.234004,14.727005,6757,0.015889,0.047087,60180,24666,13460,8465,5937,4307,3265,2615,22267,1,1,1,1
23.9000,6754,1,1,77677,1,149025,0.521238,2,8,25,31,486184,28.54597,0.00308,2.35977,0.00705,0,1,3,6.107646,4.624153,4.624153,-0.545935,-0.545667,14.415389,677,0.037853,0.004820,61994,25304,13730,8777,6027,4353,3395,2568,22876,1,1,1,1
22.3500,6766,1,1,74927,1,143236,0.523105,2,6,33,193,155836,27.47391,0.00154,2.35500,0.00702,0,1,3,5.209285,3.698235,3.698235,-0.008394,-0.008150,14.952967,11165,0.000545,0.076494,59412,24246,13556,8390,5785,4218,3397,2622,21609,1,1,1,1
22.4000,6766,1,1,74776,0,143338,0.521680,4,46,46,1306,426916,27.50853,0.00154,2.35500,0.00702,1,1,2,1.210917,1.000000,10.921403,-0.025787,-0.025759,14.935726,10827,0.001725,0.074263,59442,24252,13251,8571,5839,4352,3245,2576,21809,1,1,1,1
23.0000,6766,1,1,76032,0,145764,0.521614,5,5,13,2210,554423,27.92446,0.00154,2.35500,0.00702,1,0,2,1.250885,1.000000,1.600780,-0.233608,-0.233575,14.727902,6767,0.015859,0.047070,60567,24613,13548,8727,5841,4366,3347,2569,22185,1,1,1,1
23.9000,6766,1,1,78033,1,149786,0.520967,1,4,74,621,312061,28.54825,0.00154,2.35500,0.00702,0,1,3,2.962377,2.286065,2.286065,-0.545531,-0.545370,14.415936,679,0.037831,0.004825,62164,25562,14072,8728,6095,4431,3446,2751,22536,1,1,1,1
22.3500,6778,1,1,75415,1,144074,0.523450,1,12,12,14,356392,27.46973,0.00174,2.36934,0.00540,0,1,3,3.061517,2.595352,2.595352,-0.010334,-0.010169,14.951321,11182,0.000680,0.076483,60204,24306,13499,8465,5881,4285,3315,2565,21553,1,1,1,1
22.4000,6778,1,1,74905,1,143628,0.521525,1,4,13,128,4300992,27.50440,0.00174,2.36934,0.00540,0,0,3,2.106144,1.554722,1.554722,-0.027628,-0.027519,14.933844,10842,0.001843,0.074244,59582,24411,13429,8446,5860,4288,3257,2587,21767,1,1,1,1
23.0000,6778,1,1,75953,1,145603,0.521648,3,4,994,994,306494,27.92031,0.00174,2.36934,0.00540,0,1,3,2.050974,1.714583,1.714583,-0.235590,-0.235484,14.726003,6776,0.015991,0.047056,60440,24531,13509,8670,6025,4372,3265,2657,22133,1,1,1,1
23.9000,6778,1,1,77568,0,149482,0.518915,3,162,162,162,652602,28.54412,0.00174,2.36934,0.00540,1,1,2,1.337287,1.000000,64.321519,-0.547765,-0.547722,14.413631,676,0.038000,0.004796,62069,25219,13974,8835,6116,4440,3384,2637,22807,1,1,1,1
22.3500,6790,1,1,74881,1,143572,0.521561,1,2,8,20,120159,27.46340,0.00174,2.35950,0.00616,0,0,3,1.898825,1.405570,1.405570,-0.013433,-0.013339,14.948022,11207,0.000892,0.076535,59613,24449,13254,8358,5888,4319,3314,2578,21798,1,1,1,1
22.4000,6790,1,1,75145,1,143704,0.522919,1,7,43,121,4873201,27.49811,0.00174,2.35950,0.00616,0,0,3,3.349562,2.667216,2.667216,-0.030835,-0.030657,14.930651,10865,0.002053,0.074286,59543,24579,13437,8355,5783,4173,3240,2646,21947,1,1,1,1
23.0000,6790,1,1,76106,0,146149,0.520746,1,1,36,285,457923,27.91400,0.00174,2.35950,0.00616,1,1,3,1.334348,1.000000,1.147301,-0.238713,-0.238671,14.722681,6793,0.016211,0.047101,60480,24881,13644,8652,5952,4421,3274,2630,22214,1,1,1,1
23.9000,6790,1,1,78077,1,150168,0.519934,9,2,9,30,550867,28.53783,0.00174,2.35950,0.00616,0,1,3,1.625931,1.245230,1.245230,-0.550638,-0.550566,14.410900,680,0.038205,0.004817,62434,25692,13848,8789,6203,4393,3477,2743,22588,1,1,1,1
22.3500,6802,1,1,74986,0,144068,0.520494,1,1,93,93,170777,27.45975,0.00194,2.36207,0.00718,1,1,3,1.410451,1.000000,1.392193,-0.015134,-0.015084,14.946321,11221,0.001009,0.076504,59851,24548,13396,8333,5999,4187,3218,2585,21950,1,1,1,1
22.4000,6802,1,1,75166,0,144235,0.521139,1,6,33,36,187123,27.49440,0.00194,2.36207,0.00718,1,1,2,1.347714,1.000000,2.944777,-0.032514,-0.032471,14.928986,10881,0.002175,0.074272,59855,24399,13488,8689,5906,4354,3180,2590,21773,1,1,1,1
23.0000,6802,1,1,76675,1,146989,0.521641,4,4,16,764,2589507,27.91037,0.00194,2.36207,0.00718,0,0,3,1.718489,1.525571,1.525571,-0.240449,-0.240370,14.720837,6800,0.016329,0.047072,61359,24928,13701,8593,5890,4390,3254,2649,22224,1,1,1,1
23.9000,6802,1,1,78241,1,150313,0.520524,6,2,50,207,3815852,28.53412,0.00194,2.36207,0.00718,0,1,3,2.014699,1.451127,1.451127,-0.552323,-0.552220,14.409222,678,0.038324,0.004795,62471,25536,14196,8756,5989,4512,3456,2718,22678,1,1,1,1
22.3500,6814,1,1,75076,0,143755,0.522253,1,10,12,66,1542326,27.47270,0.00216,2.36670,0.00718,1,1,2,1.169798,1.000000,2.154434,-0.008559,-0.008536,14.952713,11242,0.000571,0.076480,59379,24510,13377,8524,5856,4272,3325,2567,21944,1,1,1,1
22.4000,6814,1,1,75116,0,144517,0.519776,1,3,35,201,790392,27.50739,0.00216,2.36670,0.00718,1,1,2,1.292509,1.000000,1.539328,-0.025879,-0.025842,14.935488,10900,0.001730,0.074239,60051,24483,13488,8478,5911,4283,3308,2575,21939,1,1,1,1
23.0000,6814,1,1,76140,0,146612,0.519333,1,2,5,109,210351,27.92334,0.00216,2.36670,0.00718,1,0,2,1.350249,1.000000,1.458403,-0.233850,-0.233806,14.727650,6813,0.015875,0.047057,60721,24892,13664,8634,6058,4317,3330,2597,22398,1,1,1,1
23.9000,6814,1,1,78372,0,150384,0.521149,1,1,7,55,237908,28.54711,0.00216,2.36670,0.00718,1,0,3,1.374483,1.000000,1.025469,-0.545710,-0.545663,14.415785,683,0.037852,0.004820,62739,25383,13999,8906,6122,4342,3468,2622,22802,1,1,1,1
22.3500,6826,1,1,75257,1,144075,0.522350,2,6,10,26,509669,27.47053,0.00203,2.37256,0.00715,0,1,3,3.874030,3.099972,3.099972,-0.009819,-0.009621,14.951543,11256,0.000643,0.076446,59640,24650,13390,8533,5737,4206,3296,2528,22094,1,1,1,1
22.4000,6826,1,1,75544,0,144990,0.521033,2,1,42,264,1372043,27.50515,0.00203,2.37256,0.00715,1,1,3,1.411493,1.000000,1.212517,-0.027061,-0.027011,14.934414,10917,0.001809,0.074229,60334,24696,13236,8594,5975,4305,3320,2613,21916,1,1,1,1
23.0000,6826,1,1,76746,0,147175,0.521464,1,1,14,105,11843054,27.92108,0.00203,2.37256,0.00715,1,1,3,1.410824,1.000000,1.219553,-0.235023,-0.234973,14.726433,6819,0.015956,0.047020,61153,25012,13590,8671,5943,4479,3316,2679,22331,1,1,1,1
23.9000,6826,1,1,78617,1,150674,0.521772,1,7,12,172,303734,28.54487,0.00203,2.37256,0.00715,0,1,3,2.114854,2.040352,2.040352,-0.546961,-0.546851,14.414662,676,0.037937,0.004762,62444,25564,14175,8865,6110,4426,3409,2733,22947,1,1,1,1
22.3500,6838,1,1,75284,0,144671,0.520384,1,2,693,693,686250,27.46904,0.00272,2.37036,0.00553,1,0,2,1.404551,1.000000,1.549293,-0.010145,-0.010095,14.951338,11294,0.000675,0.076571,59924,24731,13453,8567,5842,4213,3295,2597,22048,1,1,1,1
22.4000,6838,1,1,75572,0,144626,0.522538,2578,6,2578,2578,143376,27.50371,0.00272,2.37036,0.00553,1,1,2,1.386483,1.000000,3.083995,-0.027530,-0.027482,14.933962,10950,0.001840,0.074325,59843,24636,13496,8521,5825,4285,3367,2613,22039,1,1,1,1
23.0000,6838,1,1,76492,0,147499,0.518597,1,11,54,54,153933,27.91962,0.00272,2.37036,0.00553,1,1,3,1.079921,1.000000,1.049756,-0.235402,-0.235391,14.725753,6847,0.015985,0.047132,61258,25185,13642,8653,5939,4471,3328,2640,22382,1,1,1,1
23.9000,6838,1,1,78373,1,150777,0.519798,1,3,42,61,186454,28.54343,0.00272,2.37036,0.00553,0,1,3,2.511360,1.982992,1.982992,-0.547356,-0.547221,14.414294,694,0.037964,0.004880,62480,25462,14151,9156,5888,4598,3470,2776,22795,1,1,1,1
22.3500,6850,1,1,75598,0,144840,0.521945,1,16,38,321,171910,27.46600,0.00419,2.36986,0.00470,1,1,2,1.377114,1.000000,7.525578,-0.011028,-0.010982,14.950397,11310,0.000735,0.076550,60021,24686,13242,8620,5876,4285,3306,2631,22172,1,1,1,1
22.4000,6850,1,1,75430,0,145104,0.519838,1,11,11,53,198316,27.50070,0.00419,2.36986,0.00470,1,1,2,1.097723,1.000000,1.344428,-0.028253,-0.028240,14.932933,10967,0.001891,0.074315,60004,24801,13668,8609,5813,4325,3222,2685,21976,1,1,1,1
23.0000,6850,1,1,76750,0,147373,0.520791,1,2,16,129,174431,27.91659,0.00419,2.36986,0.00470,1,1,2,1.413332,1.000000,1.905874,-0.236226,-0.236176,14.725236,6858,0.016039,0.047127,61128,25236,13857,8686,5808,4369,3275,2657,22356,1,1,1,1
23.9000,6850,1,1,78472,0,150926,0.519940,1,1,8,22,35835514,28.54042,0.00419,2.36986,0.00470,1,0,3,1.413724,1.000000,1.088125,-0.548098,-0.548048,14.413373,693,0.038024,0.004865,62260,25730,14113,9019,6224,4435,3485,2703,22956,1,1,1,1
22.3500,6862,1,1,75768,0,145090,0.522217,1,3,6,74,301129,27.46504,0.00589,2.37339,0.00465,1,1,2,1.293770,1.000000,1.522425,-0.010512,-0.010475,14.950858,11328,0.000701,0.076535,60140,24721,13488,8622,5820,4279,3299,2537,22183,1,1,1,1
22.4000,6862,1,1,75693,1,145153,0.521474,1,11,11,91,790243,27.49969,0.00589,2.37339,0.00465,0,1,3,2.024144,1.471947,1.379763,-0.027827,-0.027724,14.933725,10985,0.001856,0.074303,60313,24458,13458,8665,5912,4356,3225,2609,22156,1,1,1,1
23.0000,6862,1,1,77264,0,147883,0.522471,1,16,20,69,1912418,27.91566,0.00589,2.37339,0.00465,1,1,2,1.093320,1.000000,1.686501,-0.235829,-0.235816,14.725352,6867,0.016014,0.047106,61317,25106,14004,8595,6002,4331,3447,2674,22406,1,1,1,1
23.9000,6862,1,1,78304,0,150816,0.519206,10,22,22,676,720302,28.53941,0.00589,2.37339,0.00465,1,0,2,1.046823,1.000000,1.082764,-0.547672,-0.547666,14.413846,693,0.037996,0.004857,62404,25681,14049,8837,6149,4444,3398,2657,23196,1,1,1,1
22.3500,6874,1,1,75905,1,145277,0.522488,1,4,16,63,4715833,27.48325,0.00244,2.38666,0.00606,0,0,3,2.131701,1.588832,1.588832,-0.003121,-0.003011,14.958348,11348,0.000201,0.076498,60297,24694,13461,8526,5908,4365,3252,2652,22121,1,1,1,1
22.4000,6874,1,1,75851,1,145591,0.520990,3,8,27,59,133284,27.51794,0.00244,2.38666,0.00606,0,0,3,1.628301,1.383676,1.383676,-0.020455,-0.020385,14.940874,11005,0.001364,0.074273,60701,24639,13251,8517,6089,4352,3374,2527,22140,1,1,1,1
23.0000,6874,1,1,77456,0,148134,0.522881,1,40,40,66,160990,27.93389,0.00244,2.38666,0.00606,1,1,2,1.048582,1.000000,2.058737,-0.228459,-0.228452,14.733060,6879,0.015506,0.047081,61460,25330,13574,8842,6079,4384,3311,2745,22408,1,1,1,1
23.9000,6874,1,1,79244,0,151980,0.521414,8,2,30,34,129756,28.55766,0.00244,2.38666,0.00606,1,1,3,1.401458,1.000000,1.217307,-0.540305,-0.540256,14.421180,693,0.037463,0.004846,63107,26015,14271,8796,6204,4469,3433,2727,22957,1,1,1,1
22.3500,6886,1,1,76484,0,146428,0.522335,13,2,13,50,526452,27.47832,0.00311,2.38067,0.00491,1,1,3,1.336689,1.000000,1.113291,-0.005300,-0.005258,14.956099,11367,0.000352,0.076504,60736,25240,13604,8554,5939,4414,3339,2596,22005,1,1,1,1
22.4000,6886,1,1,75992,0,145874,0.520946,1,1,6,65,418395,27.51295,0.00311,2.38067,0.00491,1,0,3,1.342654,1.000000,1.020780,-0.022606,-0.022563,14.938600,11024,0.001510,0.074283,60634,24704,13447,8561,6065,4279,3331,2597,22255,1,1,1,1
23.0000,6886,1,1,77378,0,148497,0.521078,1,1,45,68,153047,27.92888,0.00311,2.38067,0.00491,1,1,3,1.342790,1.000000,1.034699,-0.230573,-0.230531,14.730829,6893,0.015650,0.047102,61419,25405,13925,8696,6084,4444,3417,2639,22467,1,1,1,1
23.9000,6886,1,1,78864,0,151519,0.520493,1,11,12,118,641436,28.55267,0.00311,2.38067,0.00491,1,1,2,1.398838,1.000000,5.683416,-0.542593,-0.542545,14.418894,694,0.037627,0.004845,62680,25643,14069,9047,6162,4503,3486,2710,23218,1,1,1,1
22.3500,6898,1,1,75643,1,145332,0.520488,4,342,342,342,157226,27.47540,0.00253,2.38061,0.00602,0,1,3,154.103429,137.398909,137.398909,-0.007382,-0.006652,14.954867,11387,0.000445,0.076512,60144,24681,13460,8710,5867,4298,3328,2597,22246,1,1,1,1
22.4000,6898,1,1,76378,0,146608,0.520971,1,2,4,277,626566,27.51007,0.00253,2.38061,0.00602,1,1,3,1.346981,1.000000,1.194758,-0.024368,-0.024325,14.937038,11040,0.001628,0.074269,60967,25031,13726,8666,5841,4241,3341,2655,22139,1,1,1,1
23.0000,6898,1,1,77555,1,148493,0.522284,2,1,93,2391,117267,27.92598,0.00253,2.38061,0.00602,0,0,3,1.344757,1.089789,1.089789,-0.232316,-0.232273,14.729027,6902,0.015770,0.047087,61759,25322,13776,8693,5879,4441,3512,2629,22481,1,1,1,1
23.9000,6898,1,1,78806,0,151800,0.519147,1,3,77,93,481453,28.54979,0.00253,2.38061,0.00602,1,0,2,1.346136,1.000000,1.941806,-0.544267,-0.544224,14.417235,693,0.037748,0.004830,62882,25477,14125,8994,6308,4563,3505,2800,23145,1,1,1,1
22.3500,6910,1,1,76151,1,146165,0.520997,6,3,16,16,1439555,27.47235,0.00242,2.38388,0.00680,0,1,3,1.960156,1.564220,1.564220,-0.008617,-0.008520,14.952593,11404,0.000570,0.076505,60595,24893,13586,8688,5932,4312,3336,2550,22272,1,1,1,1
22.4000,6910,1,1,76412,0,146168,0.522772,17,5,18,138,196999,27.50705,0.00242,2.38388,0.00680,1,1,2,1.371772,1.000000,2.355379,-0.026001,-0.025955,14.935422,11058,0.001738,0.074269,60557,24718,13615,8769,5891,4404,3431,2672,22110,1,1,1,1
23.0000,6910,1,1,77602,0,148937,0.521043,1,10,39,835,994714,27.92294,0.00242,2.38388,0.00680,1,1,2,1.222945,1.000000,2.847542,-0.233958,-0.233929,14.727364,6914,0.015884,0.047093,61690,25562,13830,8808,5906,4463,3398,2706,22573,1,1,1,1
23.9000,6910,1,1,79408,0,152216,0.521683,7,3,75,75,244223,28.54678,0.00242,2.38388,0.00680,1,1,3,1.206379,1.000000,1.001557,-0.545789,-0.545762,14.415520,692,0.037859,0.004815,63296,25770,14109,8756,6173,4519,3517,2733,23342,1,1,1,1
22.3500,6922,1,1,76263,1,145996,0.522367,1,58,70,1400,200030,27.47065,0.00272,2.37896,0.00891,0,0,3,7.686456,6.785369,6.785369,-0.009404,-0.009109,14.952111,11425,0.000609,0.076515,60690,24524,13569,8564,6060,4351,3203,2685,22349,1,1,1,1
22.4000,6922,1,1,76235,1,146451,0.520553,2,3,20,46,122510,27.50530,0.00272,2.37896,0.00891,0,1,3,1.377244,1.095003,1.095003,-0.026596,-0.026550,14.934930,11079,0.001778,0.074283,60749,24989,13766,8682,5790,4344,3312,2611,22207,1,1,1,1
23.0000,6922,1,1,77236,0,148698,0.519419,26,2,26,1753,2442181,27.92126,0.00272,2.37896,0.00891,1,1,3,1.413605,1.000000,1.209989,-0.234587,-0.234537,14.726887,6925,0.015926,0.047087,61769,25144,13956,8492,6193,4496,3352,2608,22687,1,1,1,1
23.9000,6922,1,1,79774,0,152956,0.521552,3,3,5,176,4046426,28.54502,0.00272,2.37896,0.00891,1,0,2,1.342865,1.000000,1.498768,-0.546475,-0.546433,14.415028,696,0.037907,0.004835,63517,26015,14193,9006,6221,4602,3427,2732,23242,1,1,1,1
22.3500,6934,1,1,76464,0,146348,0.522484,1,38,38,38,6751298,27.47500,0.00300,2.38391,0.00497,1,1,2,1.372050,1.000000,17.249265,-0.007132,-0.007086,14.954292,11449,0.000474,0.076532,60456,24808,13639,8893,5911,4334,3353,2672,22281,1,1,1,1
22.4000,6934,1,1,76777,1,147021,0.522221,2,3,46,46,802255,27.50969,0.00300,2.38391,0.00497,0,1,3,2.038354,1.621355,1.621355,-0.024304,-0.024201,14.937050,11105,0.001620,0.074318,61373,24729,13772,8587,5819,4299,3409,2677,22355,1,1,1,1
23.0000,6934,1,1,77699,1,148987,0.521519,1,3,5,185,82291,27.92564,0.00300,2.38391,0.00497,0,1,3,2.397179,1.900016,1.900016,-0.232290,-0.232164,14.729345,6944,0.015762,0.047127,61733,25217,13819,8756,6039,4375,3372,2676,22999,1,1,1,1
23.9000,6934,1,1,79771,1,152818,0.522003,1,2,18,118,885215,28.54941,0.00300,2.38391,0.00497,0,0,3,1.838887,1.302199,1.302199,-0.544146,-0.544058,14.417354,701,0.037736,0.004860,63453,25996,14155,9060,6122,4420,3511,2767,23333,1,1,1,1
22.3500,6946,1,1,76921,1,147200,0.522565,7,16,38,38,638766,27.48483,0.00271,2.38948,0.00542,0,1,3,10.029660,7.867331,7.867331,-0.002385,-0.002053,14.959467,11464,0.000137,0.076473,61211,25117,13704,8693,5892,4257,3386,2621,22318,1,1,1,1
22.4000,6946,1,1,76822,0,147178,0.521970,1,14,14,22,589267,27.51946,0.00271,2.38948,0.00542,1,1,2,1.091466,1.000000,1.533942,-0.019579,-0.019566,14.941941,11121,0.001309,0.074272,61181,24958,13730,8637,5961,4329,3382,2663,22336,1,1,1,1
23.0000,6946,1,1,78116,0,149694,0.521841,16,2454,2454,2454,541738,27.93539,0.00271,2.38948,0.00542,1,1,2,1.403814,1.000000,1191.350564,-0.228024,-0.227975,14.733426,6949,0.015473,0.047066,62007,25501,14148,8916,6055,4347,3385,2741,22593,1,1,1,1
23.9000,6946,1,1,79815,1,152936,0.521888,1,12,21,169,607818,28.55918,0.00271,2.38948,0.00542,0,0,3,3.411095,2.862150,2.862150,-0.539486,-0.539309,14.421964,702,0.037395,0.004857,63382,25875,14282,9053,6270,4559,3417,2807,23290,1,1,1,1
22.3500,6958,1,1,76792,0,147329,0.521232,1,3,10,64,130411,27.47866,0.00241,2.38496,0.00648,1,0,3,1.230512,1.000000,1.205715,-0.005467,-0.005437,14.956048,11486,0.000364,0.076506,61495,24773,13840,8691,5838,4436,3329,2630,22296,1,1,1,1
22.4000,6958,1,1,76969,1,147555,0.521633,6,267,267,267,760841,27.51332,0.00241,2.38496,0.00648,0,1,3,3.362935,2.769193,2.714111,-0.022861,-0.022687,14.938801,11139,0.001519,0.074280,61455,24979,13521,8723,5951,4360,3451,2692,22422,1,1,1,1
23.0000,6958,1,1,78195,1,150313,0.520218,15,9,17,176,229470,27.92923,0.00241,2.38496,0.00648,0,1,3,2.890530,2.713608,2.713608,-0.230815,-0.230663,14.730300,6963,0.015659,0.047090,62395,25688,14101,8748,6142,4423,3475,2624,22716,1,1,1,1
23.9000,6958,1,1,80074,0,153380,0.522066,2,3,10,32,18361246,28.55304,0.00241,2.38496,0.00648,1,1,2,1.412025,1.000000,1.896962,-0.542695,-0.542646,14.418766,705,0.037635,0.004871,63685,26001,14316,9072,6233,4527,3501,2706,23338,1,1,1,1
22.3500,6970,1,1,76887,1,147552,0.521088,5,16,34,154,163791,27.48024,0.00260,2.38584,0.00540,0,1,3,5.464280,4.939351,4.939351,-0.004661,-0.004417,14.957092,11505,0.000295,0.076495,61293,25258,13780,8627,6045,4257,3292,2615,22384,1,1,1,1
22.4000,6970,1,1,76866,0,147608,0.520748,1,2,53,53,1841420,27.51495,0.00260,2.38584,0.00540,1,1,3,1.251214,1.000000,1.124707,-0.021903,-0.021871,14.939442,11154,0.001464,0.074249,61186,25257,13751,8824,5923,4312,3276,2551,22527,1,1,1,1
23.0000,6970,1,1,78226,0,150300,0.520469,6,132,132,132,61358,27.93084,0.00260,2.38584,0.00540,1,1,2,1.098536,1.000000,13.693556,-0.230032,-0.230018,14.731488,6972,0.015614,0.047066,62563,25653,13933,8872,6006,4360,3360,2757,22795,1,1,1,1
23.9000,6970,1,1,79983,1,153714,0.520340,1,3,34,61,169581,28.55467,0.00260,2.38584,0.00540,0,1,3,2.780888,2.050120,2.050120,-0.541811,-0.541665,14.419600,698,0.037564,0.004814,63605,26107,14354,9146,6319,4562,3475,2806,23339,1,1,1,1
22.3500,6982,1,1,77394,0,148069,0.522692,2,5,10,1487,3105459,27.47703,0.00260,2.37674,0.00626,1,1,2,1.353515,1.000000,2.694178,-0.006201,-0.006158,14.955212,11525,0.000412,0.076506,61666,25269,13741,8677,5969,4368,3362,2658,22358,1,1,1,1
22.4000,6982,1,1,76911,1,147510,0.521399,1,13,13,24,473847,27.51168,0.00260,2.37674,0.00626,0,1,3,10.281191,7.296531,7.296531,-0.023597,-0.023264,14.938248,11176,0.001557,0.074273,60959,24988,13804,8730,5941,4325,3397,2789,22576,1,1,1,1
23.0000,6982,1,1,78351,1,150561,0.520397,1,9,231,231,804432,27.92765,0.00260,2.37674,0.00626,0,1,3,2.742071,2.017671,1.961753,-0.231486,-0.231341,14.730031,6985,0.015705,0.047077,62502,25767,13977,8846,6089,4522,3369,2660,22828,1,1,1,1
23.9000,6982,1,1,80067,1,153998,0.519926,1,33,33,33,599627,28.55140,0.00260,2.37674,0.00626,0,1,3,21.867640,16.672108,16.672108,-0.543517,-0.543075,14.417931,702,0.037667,0.004834,63821,26246,14390,8945,6346,4570,3568,2787,23324,1,1,1,1
22.3500,6994,1,1,77204,0,147778,0.522436,1,2,13,379,6412729,27.48658,0.00279,2.37531,0.00636,1,1,3,1.331053,1.000000,1.218667,-0.001255,-0.001214,14.960144,11540,0.000081,0.076449,61315,25234,13657,8637,5995,4425,3305,2585,22624,1,1,1,1
22.4000,6994,1,1,77408,0,148626,0.520828,1,9,15,24,374378,27.52127,0.00279,2.37531,0.00636,1,1,2,1.156860,1.000000,1.804396,-0.018625,-0.018605,14.942643,11190,0.001245,0.074217,61926,25060,13822,8848,6088,4473,3310,2626,22472,1,1,1,1
23.0000,6994,1,1,79094,0,150984,0.523860,1,7,33,553,187202,27.93722,0.00279,2.37531,0.00636,1,1,2,1.144451,1.000000,1.219409,-0.226572,-0.226553,14.734684,6993,0.015375,0.047035,62615,25858,13991,8840,6196,4441,3556,2784,22702,1,1,1,1
23.9000,6994,1,1,80210,0,153856,0.521335,1,8,8,324,469993,28.56099,0.00279,2.37531,0.00636,1,1,2,1.374466,1.000000,4.153978,-0.538547,-0.538501,14.422881,699,0.037337,0.004803,63617,26344,14287,8983,6185,4522,3615,2802,23500,1,1,1,1
22.3500,7006,1,1,77503,1,148488,0.521951,1,6,10,29,1702299,27.49099,0.00229,2.38293,0.00628,0,1,3,1.294726,1.133401,1.133401,0.000627,0.000664,14.962164,11565,-0.000044,0.076473,61799,25326,13837,8584,6003,4287,3482,2624,22545,1,1,1,1
22.4000,7006,1,1,77109,1,147995,0.521028,2,5,181,181,951366,27.52562,0.00229,2.38293,0.00628,0,0,3,1.399005,1.079419,1.079419,-0.016682,-0.016634,14.944706,11216,0.001113,0.074252,61127,25084,13905,8668,6010,4438,3392,2711,22659,1,1,1,1
23.0000,7006,1,1,78672,0,150842,0.521556,18,87,87,87,238624,27.94155,0.00229,2.38293,0.00628,1,1,2,1.040286,1.000000,3.636017,-0.224734,-0.224728,14.736332,7011,0.015250,0.047070,62531,25695,14086,8793,6089,4472,3585,2665,22925,1,1,1,1
23.9000,7006,1,1,80391,1,154438,0.520542,8,58,58,58,3147111,28.56534,0.00229,2.38293,0.00628,0,0,3,2.822831,2.707773,2.707773,-0.536610,-0.536462,14.424606,707,0.037191,0.004849,64060,26263,14344,9045,6206,4689,3501,2755,23574,1,1,1,1
22.3500,7018,1,1,77498,0,148696,0.521188,1,1,15,44,453143,27.49292,0.00258,2.37915,0.00474,1,1,3,1.393499,1.000000,1.222595,0.001755,0.001802,14.963197,11581,-0.000120,0.076442,61990,25169,13732,8700,5931,4274,3422,2698,22779,1,1,1,1
22.4000,7018,1,1,77523,1,148427,0.522301,1,10,10,32,97409,27.52759,0.00258,2.37915,0.00474,0,1,3,5.331100,4.482020,4.482020,-0.015671,-0.015433,14.946068,11230,0.001033,0.074210,61413,25425,13907,8542,6046,4362,3369,2637,22725,1,1,1,1
23.0000,7018,1,1,78963,1,151838,0.520051,22,2,89,89,7962710,27.94350,0.00258,2.37915,0.00474,0,1,3,1.168142,1.111158,1.111158,-0.223519,-0.223497,14.737539,7019,0.015165,0.047039,63130,25895,14191,8919,6188,4424,3482,2697,22911,1,1,1,1
23.9000,7018,1,1,80433,1,154590,0.520302,1,16,18,63,1220865,28.56731,0.00258,2.37915,0.00474,0,0,3,5.232091,4.532976,4.532976,-0.535532,-0.535297,14.425950,703,0.037107,0.004813,63948,26567,14448,8975,6225,4514,3509,2779,23624,1,1,1,1
22.3500,7030,1,1,77455,1,148451,0.521758,1,1,148,148,9263623,27.48796,0.00228,2.38707,0.00463,0,1,3,1.563059,1.172354,1.172354,-0.000852,-0.000789,14.960677,11605,0.000053,0.076483,61418,25218,13730,8766,6143,4502,3348,2631,22694,1,1,1,1
22.4000,7030,1,1,77616,0,148886,0.521315,18,3,18,31,162255,27.52267,0.00228,2.38707,0.00463,1,1,2,1.335345,1.000000,1.457679,-0.018220,-0.018179,14.943286,11254,0.001217,0.074256,61573,25518,13928,8781,6045,4413,3507,2646,22474,1,1,1,1
23.0000,7030,1,1,78743,1,151182,0.520852,9,6,9,31,361746,27.93856,0.00228,2.38707,0.00463,0,0,3,1.327399,1.227584,1.227584,-0.226154,-0.226113,14.735046,7035,0.015345,0.047074,62825,25649,13933,9035,6001,4494,3468,2700,23076,1,1,1,1
23.9000,7030,1,1,80791,1,155594,0.519246,34,7,34,158,175175,28.56239,0.00228,2.38707,0.00463,0,0,3,1.095275,1.067317,1.067317,-0.538060,-0.538047,14.422954,708,0.037305,0.004840,64851,26454,14581,9106,6268,4634,3459,2769,23471,1,1,1,1
22.3500,7042,1,1,78293,1,149488,0.523745,4,5,439,439,2571883,27.49293,0.00341,2.38544,0.00529,0,1,3,3.492783,2.615735,2.615735,0.002159,0.002336,14.963439,11627,-0.000156,0.076483,62134,25421,14065,8733,6196,4474,3364,2693,22407,1,1,1,1
22.4000,7042,1,1,78255,1,149517,0.523389,5,3,547,547,213601,27.52758,0.00341,2.38544,0.00529,0,1,3,1.607018,1.338264,1.338264,-0.015116,-0.015049,14.946443,11273,0.001007,0.074239,61966,25488,13949,8891,6037,4462,3547,2670,22506,1,1,1,1
23.0000,7042,1,1,78763,1,151115,0.521216,9,77,77,574,62851,27.94355,0.00341,2.38544,0.00529,0,0,3,1.554639,1.449573,1.449573,-0.223106,-0.223044,14.738100,7047,0.015134,0.047064,62371,25467,14315,8973,6164,4542,3521,2652,23109,1,1,1,1
23.9000,7042,1,1,80713,1,155184,0.520115,11,149,149,149,215856,28.56730,0.00341,2.38544,0.00529,0,0,3,4.242575,4.155496,4.155496,-0.535058,-0.534853,14.426118,710,0.037075,0.004844,64380,26222,14560,9066,6214,4638,3519,2925,23659,1,1,1,1
22.3500,7054,1,1,77949,1,149518,0.521339,4,2,7,78,580740,27.49169,0.00247,2.38097,0.00816,0,1,3,1.606223,1.364266,1.364266,0.001139,0.001206,14.962421,11643,-0.000081,0.076463,62508,25200,13643,8875,6102,4425,3293,2683,22788,1,1,1,1
22.4000,7054,1,1,77762,0,149390,0.520534,1,45,49,49,73903,27.52638,0.00247,2.38097,0.00816,1,1,2,1.159633,1.000000,7.896677,-0.016332,-0.016311,14.945187,11290,0.001091,0.074231,62036,25199,13969,8703,6106,4482,3292,2663,22939,1,1,1,1
23.0000,7054,1,1,78737,1,151567,0.519490,1,2,34,547,308639,27.94233,0.00247,2.38097,0.00816,0,1,3,2.064278,1.490928,1.490928,-0.224187,-0.224084,14.737366,7058,0.015205,0.047060,62993,25520,14060,8808,6138,4455,3423,2764,23405,1,1,1,1
23.9000,7054,1,1,80962,0,155970,0.519090,1,1,5,152,78104,28.56610,0.00247,2.38097,0.00816,1,0,3,1.412590,1.000000,1.084990,-0.536051,-0.536002,14.425428,709,0.037157,0.004830,64758,26522,14477,9237,6325,4684,3586,2791,23589,1,1,1,1
22.3500,7066,1,1,78207,1,149772,0.522177,4,14,99,99,419789,27.49275,0.00364,2.37011,0.00672,0,1,3,9.332554,7.168427,7.168427,0.002054,0.002370,14.963313,11660,-0.000158,0.076440,62019,25566,14034,8894,6087,4481,3399,2696,22595,1,1,1,1
22.4000,7066,1,1,78060,0,149912,0.520709,1,2,186,1762,442108,27.52737,0.00364,2.37011,0.00672,1,1,2,1.330273,1.000000,1.452074,-0.015147,-0.015107,14.946253,11308,0.001011,0.074217,62208,25521,13973,8871,6017,4507,3374,2691,22749,1,1,1,1
23.0000,7066,1,1,79065,1,151523,0.521805,3,1,11,99,218612,27.94330,0.00364,2.37011,0.00672,0,0,3,1.400021,1.172840,1.172840,-0.223090,-0.223042,14.738239,7068,0.015134,0.047044,62574,25735,14052,8987,6217,4532,3424,2683,23318,1,1,1,1
23.9000,7066,1,1,81139,1,156112,0.519752,1,3,21,45,266814,28.56709,0.00364,2.37011,0.00672,0,1,3,2.808365,2.114732,2.114732,-0.535034,-0.534888,14.426402,708,0.037077,0.004814,65065,26366,14518,9065,6307,4613,3644,2763,23770,1,1,1,1
22.3500,7078,1,1,77932,0,149458,0.521434,2,1,53,53,106125,27.51050,0.00298,2.38395,0.00538,1,1,3,1.413896,1.000000,1.243865,0.010745,0.010794,14.972215,11680,-0.000721,0.076396,61981,25065,13946,8890,6121,4529,3422,2692,22811,1,1,1,1
22.4000,7078,1,1,78269,1,150117,0.521390,1,67,67,67,233605,27.54517,0.00298,2.38395,0.00538,0,1,3,36.674031,30.873276,30.873276,-0.006816,-0.006307,14.955214,11326,0.000422,0.074165,62494,25089,14125,8886,6164,4436,3426,2608,22888,1,1,1,1
23.0000,7078,1,1,79529,1,152382,0.521909,1,21,21,29133,108905,27.96108,0.00298,2.38395,0.00538,0,1,3,1.239879,1.113446,1.113446,-0.214535,-0.214505,14.747001,7080,0.014546,0.047016,62810,26192,14364,8979,6119,4643,3431,2714,23129,1,1,1,1
23.9000,7078,1,1,81544,0,156498,0.521058,2,113,113,130,172225,28.58489,0.00298,2.38395,0.00538,1,1,2,1.261103,1.000000,33.719967,-0.526683,-0.526650,14.434832,709,0.036485,0.004810,65051,26727,14630,9206,6243,4657,3516,2724,23743,1,1,1,1
22.3500,7090,1,1,77846,0,149450,0.520887,3,50,50,55,247294,27.50763,0.00354,2.38183,0.00535,1,1,2,1.344891,1.000000,20.614303,0.009411,0.009453,14.970822,11702,-0.000631,0.076418,61739,25416,13777,8965,6021,4396,3388,2669,23078,1,1,1,1
22.4000,7090,1,1,78955,1,151115,0.522486,17,4,17,138,817489,27.54234,0.00354,2.38183,0.00535,0,1,3,1.569693,1.224024,1.224024,-0.007743,-0.007679,14.953799,11348,0.000514,0.074190,62994,25612,14030,9008,6015,4429,3499,2711,22816,1,1,1,1
23.0000,7090,1,1,79614,0,153060,0.520152,4,3,11,40,139901,27.95823,0.00354,2.38183,0.00535,1,1,2,1.413311,1.000000,2.063119,-0.215724,-0.215675,14.745744,7093,0.014626,0.047026,63709,26052,14139,9018,6271,4572,3531,2725,23042,1,1,1,1
23.9000,7090,1,1,81487,1,155928,0.522597,1,3,45,82,3585872,28.58206,0.00354,2.38183,0.00535,0,1,3,2.367656,1.915662,1.915662,-0.527634,-0.527513,14.433986,712,0.036547,0.004823,64731,26447,14291,9094,6390,4609,3652,2805,23908,1,1,1,1
22.3500,7102,1,1,78691,1,150907,0.521457,5,105,105,105,412708,27.50513,0.00351,2.37833,0.00555,0,1,3,70.452145,52.482897,52.482897,0.008100,0.008699,14.970221,11721,-0.000581,0.076415,62865,25652,13957,8910,6090,4557,3471,2717,22687,1,1,1,1
22.4000,7102,1,1,78289,1,150166,0.521353,3,20,60,61,291605,27.53977,0.00351,2.37833,0.00555,0,1,3,1.851207,1.335155,1.194645,-0.008955,-0.008868,14.952582,11365,0.000593,0.074182,62210,25411,13904,8853,6250,4382,3456,2660,23039,1,1,1,1
23.0000,7102,1,1,79644,0,153049,0.520386,6,11,11,174,89584,27.95574,0.00351,2.37833,0.00555,1,1,2,1.366426,1.000000,5.165928,-0.217044,-0.217000,14.744458,7104,0.014717,0.047024,63786,25910,14257,9005,6196,4484,3486,2655,23269,1,1,1,1
23.9000,7102,1,1,81652,0,156909,0.520381,3,3,108,108,13046518,28.57949,0.00351,2.37833,0.00555,1,1,2,1.365643,1.000000,1.589673,-0.528835,-0.528791,14.432667,712,0.036638,0.004815,65272,26827,14506,9115,6410,4570,3501,2778,23929,1,1,1,1
22.3500,7114,1,1,78595,1,150993,0.520524,1,12,38,38,34538,27.50356,0.00320,2.37979,0.00511,0,1,3,1.717880,1.229029,1.101231,0.007459,0.007535,14.968980,11738,-0.000503,0.076404,62857,25612,14047,8857,6129,4469,3352,2706,22963,1,1,1,1
22.4000,7114,1,1,78838,0,150934,0.522338,2,4,18,2136,134079,27.53825,0.00320,2.37979,0.00511,1,1,2,1.298584,1.000000,1.599688,-0.009912,-0.009875,14.951471,11383,0.000660,0.074180,62865,25443,14158,8812,6163,4424,3503,2663,22902,1,1,1,1
23.0000,7114,1,1,79486,0,152527,0.521131,1,18,399,690,299596,27.95419,0.00320,2.37979,0.00511,1,0,2,1.130394,1.000000,2.788868,-0.217926,-0.217909,14.743595,7113,0.014780,0.047007,62854,25921,14341,9024,6197,4459,3561,2769,23400,1,1,1,1
23.9000,7114,1,1,82044,0,157340,0.521447,6,2,33,66,772766,28.57797,0.00320,2.37979,0.00511,1,1,3,1.404127,1.000000,1.396921,-0.529765,-0.529718,14.431723,711,0.036705,0.004800,65302,26805,14631,9353,6346,4696,3575,2836,23795,1,1,1,1
22.3500,7126,1,1,78318,0,150290,0.521116,1,3,7,258,341263,27.51376,0.00225,2.38463,0.00563,1,1,2,1.412846,1.000000,2.116665,0.011955,0.012004,14.973435,11766,-0.000802,0.076434,62252,25470,13983,8859,6203,4467,3335,2704,23016,1,1,1,1
22.4000,7126,1,1,79042,0,152055,0.519828,2,7,14,24,2641272,27.54839,0.00225,2.38463,0.00563,1,1,2,1.290958,1.000000,2.667822,-0.005374,-0.005338,14.956004,11408,0.000357,0.074195,63646,25833,14042,8944,6186,4507,3374,2678,22844,1,1,1,1
23.0000,7126,1,1,80009,1,153517,0.521177,2,8,8,12,442339,27.96432,0.00225,2.38463,0.00563,0,0,3,2.276646,1.914135,1.914135,-0.213315,-0.213200,14.748081,7131,0.014456,0.047032,63615,26169,14228,9019,6305,4621,3539,2772,23248,1,1,1,1
23.9000,7126,1,1,82067,1,157771,0.520169,1,32,99,4607,147218,28.58811,0.00225,2.38463,0.00563,0,1,3,2.424898,1.770137,1.572873,-0.525198,-0.525074,14.436384,719,0.036372,0.004845,65752,26689,14757,9279,6327,4682,3636,2868,23780,1,1,1,1
22.3500,7138,1,1,78840,0,151598,0.520063,4,12,12,45,255470,27.51050,0.00200,2.37759,0.00682,1,0,2,1.092419,1.000000,1.200804,0.010260,0.010272,14.971782,11779,-0.000686,0.076398,63080,25918,14045,8899,6161,4529,3383,2757,22825,1,1,1,1
22.4000,7138,1,1,78843,1,151431,0.520656,3,4,5,185,263079,27.54517,0.00200,2.37759,0.00682,0,1,3,2.898022,2.308348,2.308348,-0.007118,-0.006969,14.954183,11422,0.000466,0.074170,62663,26034,14201,8799,6116,4537,3443,2646,22991,1,1,1,1
23.0000,7138,1,1,80176,0,154067,0.520400,1,556,1930,1930,204485,27.96108,0.00200,2.37759,0.00682,1,1,2,1.014018,1.000000,7.883168,-0.215160,-0.215158,14.746363,7139,0.014591,0.047011,64110,26285,14295,8970,6250,4658,3326,2750,23422,1,1,1,1
23.9000,7138,1,1,82058,0,157588,0.520716,2,25,25,365,225634,28.58489,0.00200,2.37759,0.00682,1,1,2,1.232615,1.000000,6.723386,-0.527055,-0.527026,14.434284,716,0.036512,0.004817,65584,26548,14672,9198,6406,4792,3566,2847,23974,1,1,1,1
22.3500,7150,1,1,78958,0,151308,0.521840,1,1,76,135136,518344,27.51167,0.00240,2.38801,0.00593,1,0,3,1.414205,1.000000,1.166567,0.011072,0.011120,14.972546,11799,-0.000743,0.076396,62534,25965,14180,8804,6063,4472,3434,2821,23034,1,1,1,1
22.4000,7150,1,1,79040,0,151746,0.520874,4,312,312,312,186867,27.54637,0.00240,2.38801,0.00593,1,0,2,1.005787,1.000000,1.830940,-0.006317,-0.006316,14.955206,11441,0.000422,0.074164,62939,25986,14256,8851,6092,4545,3362,2755,22959,1,1,1,1
23.0000,7150,1,1,80457,1,154395,0.521115,1,4,9,330,521373,27.96226,0.00240,2.38801,0.00593,0,1,3,2.855148,2.293908,2.293908,-0.214276,-0.214129,14.747357,7153,0.014520,0.047021,64334,26404,14353,9071,6214,4494,3487,2670,23367,1,1,1,1
23.9000,7150,1,1,82021,1,157661,0.520240,4,6,30,140,109304,28.58609,0.00240,2.38801,0.00593,0,1,3,3.102050,2.650533,2.650533,-0.526203,-0.526045,14.435094,716,0.036442,0.004809,65558,26768,14548,9116,6376,4675,3540,2870,24209,1,1,1,1
22.3500,7162,1,1,78787,1,151297,0.520747,18,17,18,28,172494,27.51380,0.00319,2.39249,0.00667,0,1,3,1.585483,1.155349,1.123025,0.012557,0.012621,14.974079,11815,-0.000843,0.076363,62756,25821,13977,8793,6209,4380,3407,2725,23228,1,1,1,1
22.4000,7162,1,1,79162,0,151274,0.523306,2,2,23,23,159758,27.54845,0.00319,2.39249,0.00667,1,1,3,1.331452,1.000000,1.028494,-0.004762,-0.004722,14.956642,11458,0.000316,0.074142,62465,25744,14047,9013,6110,4532,3455,2800,23107,1,1,1,1
23.0000,7162,1,1,80705,1,154659,0.521829,12,2,12,86,103581,27.96441,0.00319,2.39249,0.00667,0,1,3,1.392068,1.025451,1.025451,-0.212750,-0.212704,14.748758,7161,0.014422,0.046990,64388,26313,14430,9044,6217,4609,3497,2741,23419,1,1,1,1
23.9000,7162,1,1,82129,1,158162,0.519275,4,10,16,130,234259,28.58817,0.00319,2.39249,0.00667,0,1,3,6.982992,5.261079,5.261079,-0.524742,-0.524470,14.437047,714,0.036328,0.004786,65669,26747,14740,9348,6377,4734,3722,2776,24048,1,1,1,1
22.3500,7174,1,1,79445,1,152163,0.522108,1,5,29,29,202028,27.51235,0.00387,2.38730,0.00514,0,1,3,1.462854,1.041414,1.025587,0.012201,0.012254,14.973664,11845,-0.000818,0.076431,63393,25715,14187,8913,6275,4534,3378,2740,23027,1,1,1,1
22.4000,7174,1,1,79045,1,152016,0.519982,2,3,5,29,142371,27.54704,0.00387,2.38730,0.00514,0,0,3,1.546301,1.223152,1.223152,-0.005163,-0.005102,14.956228,11486,0.000341,0.074201,63248,25625,14231,8903,6153,4509,3469,2748,23129,1,1,1,1
23.0000,7174,1,1,80211,1,154230,0.520077,1,1,4,129,487490,27.96298,0.00387,2.38730,0.00514,0,0,3,1.245297,1.050297,1.050297,-0.213117,-0.213086,14.748412,7181,0.014448,0.047044,64122,26095,14200,9018,6442,4543,3473,2645,23691,1,1,1,1
23.9000,7174,1,1,82632,0,158447,0.521515,4,4,52,52,76588,28.58676,0.00387,2.38730,0.00514,1,1,2,1.410668,1.000000,2.151336,-0.525061,-0.525013,14.436423,725,0.036367,0.004852,65987,26772,14678,9308,6539,4735,3636,2884,23907,1,1,1,1
22.3500,7186,1,1,79363,1,152303,0.521090,8,6,8,30,97790,27.51052,0.00164,2.38655,0.00701,0,0,3,1.483708,1.374257,1.374257,0.010063,0.010118,14.971285,11860,-0.000676,0.076412,63098,26053,14242,8993,6189,4625,3401,2697,23004,1,1,1,1
22.4000,7186,1,1,79522,0,153091,0.519446,1,3,8,596,3475886,27.54515,0.00164,2.38655,0.00701,1,1,3,1.231631,1.000000,1.033926,-0.007231,-0.007202,14.954110,11503,0.000482,0.074197,63702,26146,14353,8978,6246,4528,3512,2690,22935,1,1,1,1
23.0000,7186,1,1,80780,0,154946,0.521346,1,42,42,42,627437,27.96108,0.00164,2.38655,0.00701,1,1,2,1.054895,1.000000,2.428713,-0.215254,-0.215247,14.745869,7189,0.014597,0.047026,64236,26486,14462,9220,6134,4584,3478,2741,23604,1,1,1,1
23.9000,7186,1,1,82722,0,158826,0.520837,2,2,66,66,213204,28.58487,0.00164,2.38655,0.00701,1,1,3,1.324877,1.000000,1.254994,-0.527104,-0.527065,14.434297,722,0.036515,0.004825,65723,27288,14902,9400,6386,4725,3529,2816,24056,1,1,1,1
22.3500,7198,1,1,79102,0,152102,0.520062,1,8,10,32,135944869,27.50540,0.00204,2.38543,0.00649,1,1,2,1.355012,1.000000,3.827632,0.007652,0.007694,14.969158,11883,-0.000514,0.076444,63199,25733,14105,8999,6178,4500,3406,2717,23264,1,1,1,1
22.4000,7198,1,1,79843,1,152608,0.523194,1,183,183,183,193107,27.54007,0.00204,2.38543,0.00649,0,1,3,56.125810,53.152978,53.152978,-0.009865,-0.009305,14.951562,11522,0.000622,0.074209,63332,25746,14301,8984,6279,4569,3493,2743,23160,1,1,1,1
23.0000,7198,1,1,80643,1,155007,0.520257,1,8,8,8,151996,27.95597,0.00204,2.38543,0.00649,0,1,3,4.521261,3.762984,3.762984,-0.217635,-0.217425,14.743824,7201,0.014747,0.047032,64232,26349,14512,9128,6112,4683,3565,2885,23540,1,1,1,1
23.9000,7198,1,1,82498,0,158722,0.519767,1,387,387,387,92259,28.57979,0.00204,2.38543,0.00649,1,1,2,1.097852,1.000000,39.904204,-0.529705,-0.529692,14.431818,723,0.036703,0.004824,66044,26845,14668,9346,6437,4876,3580,2729,24196,1,1,1,1
22.3500,7210,1,1,79567,1,152496,0.521768,1,3,107,192,140874,27.50050,0.00173,2.37621,0.00648,0,1,3,2.050968,1.454717,1.406657,0.005137,0.005237,14.966675,11896,-0.000350,0.076413,62980,26099,14210,8976,6251,4451,3596,2777,23155,1,1,1,1
22.4000,7210,1,1,79710,0,153218,0.520243,2,1,17,564,2015318,27.53520,0.00173,2.37621,0.00648,1,0,3,1.408608,1.000000,1.114239,-0.012197,-0.012150,14.949290,11537,0.000813,0.074193,63797,25938,14360,8955,6166,4583,3522,2742,23154,1,1,1,1
23.0000,7210,1,1,80966,0,155429,0.520923,1,19,83,83,263574,27.95109,0.00173,2.37621,0.00648,1,1,2,1.175561,1.000000,3.863275,-0.220233,-0.220210,14.741064,7210,0.014939,0.047022,64303,26750,14366,9044,6391,4731,3515,2790,23538,1,1,1,1
23.9000,7210,1,1,82789,1,159077,0.520437,5,10,18,76,9072400,28.57492,0.00173,2.37621,0.00648,0,0,3,2.711266,2.535631,2.535631,-0.532119,-0.531981,14.429169,720,0.036868,0.004797,65811,26927,14749,9461,6527,4812,3753,2881,24155,1,1,1,1
22.3500,7222,1,1,79898,0,152939,0.522421,1,1,12,182,698597,27.50311,0.00217,2.37225,0.00709,1,0,3,1.400766,1.000000,1.131006,0.006702,0.006749,14.968156,11922,-0.000451,0.076445,63356,26027,14133,9025,6381,4521,3497,2688,23310,1,1,1,1
22.4000,7222,1,1,79793,1,152946,0.521710,5,2,24,320,179762,27.53776,0.00217,2.37225,0.00709,0,1,3,1.562548,1.145167,1.145167,-0.010628,-0.010567,14.950895,11561,0.000707,0.074216,63586,25811,14287,8878,6193,4539,3490,2746,23415,1,1,1,1
23.0000,7222,1,1,81272,0,155924,0.521232,1,1,7,23,114217,27.95372,0.00217,2.37225,0.00709,1,0,3,1.398039,1.000000,1.085375,-0.218606,-0.218560,14.742888,7227,0.014825,0.047048,64769,26430,14751,9239,5980,4626,3631,2779,23718,1,1,1,1
23.9000,7222,1,1,82643,1,159669,0.517593,1,13,297,297,309029,28.57748,0.00217,2.37225,0.00709,0,0,3,2.907106,2.411409,2.411409,-0.530540,-0.530393,14.430904,730,0.036754,0.004855,66231,27354,14938,9439,6457,4746,3606,2765,24132,1,1,1,1
22.3500,7234,1,1,80164,0,153397,0.522595,5,4,16,52,620685,27.49837,0.00163,2.37872,0.00422,1,0,3,1.220787,1.000000,1.082690,0.004079,0.004107,14.965599,11941,-0.000274,0.076453,63688,26358,14253,8992,6185,4515,3495,2732,23178,1,1,1,1
22.4000,7234,1,1,80226,0,153562,0.522437,2,3,10,76,127365,27.53306,0.00163,2.37872,0.00422,1,1,2,1.389289,1.000000,1.812281,-0.013299,-0.013253,14.948146,11578,0.000887,0.074215,63757,25967,14328,8959,6359,4631,3528,2820,23212,1,1,1,1
23.0000,7234,1,1,81454,0,156120,0.521743,2,2,13,42,753509,27.94900,0.00163,2.37872,0.00422,1,1,2,1.381934,1.000000,1.579202,-0.221260,-0.221215,14.740241,7238,0.015008,0.047050,64990,26371,14716,9070,6293,4665,3581,2761,23672,1,1,1,1
23.9000,7234,1,1,83368,0,159810,0.521673,1,20,20,22,1380347,28.57278,0.00163,2.37872,0.00422,1,1,2,1.122752,1.000000,2.824155,-0.533190,-0.533174,14.428054,727,0.036954,0.004828,66411,27184,14932,9464,6448,4652,3603,2814,24301,1,1,1,1
22.3500,7246,1,1,80086,0,153606,0.521376,1,12,12,132,21179732,27.49088,0.00260,2.36834,0.00566,1,1,2,1.364997,1.000000,5.669831,0.000625,0.000668,14.962053,11957,-0.000045,0.076447,64128,25862,14288,8790,6323,4463,3570,2696,23485,1,1,1,1
22.4000,7246,1,1,80068,0,153605,0.521262,1,123,123,123,1049167,27.52551,0.00260,2.36834,0.00566,1,1,2,1.413534,1.000000,62.166695,-0.016854,-0.016807,14.944618,11595,0.001125,0.074219,63684,26211,14422,8893,6190,4438,3497,2806,23463,1,1,1,1
23.0000,7246,1,1,81473,1,156126,0.521845,1,98,98,424,100051,27.94143,0.00260,2.36834,0.00566,0,1,3,1.581964,1.185608,1.184304,-0.224538,-0.224474,14.736895,7247,0.015232,0.047041,64994,26221,14669,9143,6344,4700,3568,2799,23687,1,1,1,1
23.9000,7246,1,1,83505,1,159879,0.522305,9,4,10,149,237786,28.56523,0.00260,2.36834,0.00566,0,1,3,1.567806,1.483193,1.483193,-0.536454,-0.536392,14.425125,726,0.037185,0.004814,66427,27091,14917,9276,6567,4736,3669,2870,24325,1,1,1,1
22.3500,7258,1,1,80321,1,153936,0.521785,2,1,32,117,678235,27.49110,0.00143,2.36251,0.00439,0,1,3,1.474382,1.053217,1.053217,0.000299,0.000352,14.961760,11979,-0.000024,0.076462,63991,26218,14210,9201,6411,4561,3403,2638,23302,1,1,1,1
22.4000,7258,1,1,80210,0,154039,0.520716,2,6,87,87,103548,27.52577,0.00143,2.36251,0.00439,1,1,2,1.373215,1.000000,2.972374,-0.017114,-0.017070,14.944389,11618,0.001142,0.074244,64099,26111,14422,8984,6240,4588,3474,2745,23375,1,1,1,1
23.0000,7258,1,1,81712,0,156876,0.520873,1,9,103,103,300562,27.94167,0.00143,2.36251,0.00439,1,1,2,1.135591,1.000000,1.489065,-0.225020,-0.225002,14.736503,7261,0.015268,0.047056,65404,26808,14313,9221,6351,4635,3510,2896,23737,1,1,1,1
23.9000,7258,1,1,82995,1,159900,0.519046,4,3,74,74,1380550,28.56549,0.00143,2.36251,0.00439,0,1,3,2.453972,1.811579,1.811579,-0.536941,-0.536817,14.424648,729,0.037215,0.004826,66203,27372,14858,9344,6346,4636,3623,2923,24594,1,1,1,1
22.3500,7270,1,1,79989,1,153714,0.520379,15,10,368,368,2796829,27.49438,0.00143,2.36698,0.00479,0,1,3,1.830391,1.422181,1.422181,0.001930,0.002013,14.963494,11999,-0.000135,0.076455,63760,26081,14430,8977,6210,4517,3483,2732,23523,1,1,1,1
22.4000,7270,1,1,80659,1,154432,0.522298,3,8,157,157,427447,27.52909,0.00143,2.36698,0.00479,0,0,3,1.480570,1.226289,1.226289,-0.015413,-0.015360,14.945940,11635,0.001028,0.074222,64056,26312,14362,9133,6381,4661,3515,2788,23223,1,1,1,1
23.0000,7270,1,1,81555,1,156567,0.520899,3,36,36,92,256189,27.94497,0.00143,2.36698,0.00479,0,1,3,6.637692,6.299386,6.299386,-0.223470,-0.223210,14.737886,7273,0.015145,0.047051,65107,26315,14535,9311,6372,4706,3511,2922,23787,1,1,1,1
23.9000,7270,1,1,83312,0,160340,0.519599,4,2,19,194,102760,28.56881,0.00143,2.36698,0.00479,1,1,3,1.352850,1.000000,1.073061,-0.535263,-0.535222,14.426158,730,0.037101,0.004825,66468,27232,14853,9430,6436,4851,3719,2949,24401,1,1,1,1
22.3500,7282,1,1,80322,0,154088,0.521277,1,90,90,1585,54953,27.49507,0.00152,2.36663,0.00474,1,0,2,1.093027,1.000000,8.891823,0.002213,0.002226,14.963738,12017,-0.000149,0.076442,64034,26222,14110,9033,6244,4729,3475,2782,23458,1,1,1,1
22.4000,7282,1,1,80714,0,154900,0.521075,1,5,108,108,3511939,27.52972,0.00152,2.36663,0.00474,1,1,2,1.269170,1.000000,1.947576,-0.015006,-0.014974,14.946363,11653,0.001002,0.074212,64225,26413,14746,9017,6292,4496,3556,2764,23390,1,1,1,1
23.0000,7282,1,1,81722,0,156558,0.521995,2,4,34,60,298266,27.94568,0.00152,2.36663,0.00474,1,1,2,1.394994,1.000000,2.198863,-0.222996,-0.222950,14.738455,7283,0.015127,0.047036,64767,26697,14596,9230,6426,4638,3534,2752,23917,1,1,1,1
23.9000,7282,1,1,83694,0,160619,0.521075,3,4,14,41,600360,28.56944,0.00152,2.36663,0.00474,1,1,2,1.210753,1.000000,1.273177,-0.534834,-0.534808,14.426494,730,0.037071,0.004817,66652,27428,14997,9386,6274,4685,3641,2828,24727,1,1,1,1
22.3500,7294,1,1,80576,0,154590,0.521227,2,2,13,47,466011,27.48887,0.00232,2.37021,0.00502,1,1,3,1.352000,1.000000,1.168005,-0.000328,-0.000287,14.961093,12036,0.000019,0.076450,64168,26428,14223,9192,6351,4549,3582,2715,23381,1,1,1,1
22.4000,7294,1,1,80165,1,154032,0.520447,1,4,56,4960,4064605,27.52356,0.00232,2.37021,0.00502,0,1,3,3.140281,2.353112,2.353112,-0.017720,-0.017563,14.943712,11670,0.001175,0.074212,63559,26228,14307,8948,6350,4644,3649,2817,23529,1,1,1,1
23.0000,7294,1,1,81939,1,157365,0.520697,1,45,45,90,333370,27.93950,0.00232,2.37021,0.00502,0,0,3,1.789148,1.374550,1.374550,-0.225652,-0.225572,14.735782,7293,0.015308,0.047032,65241,26797,14587,9341,6433,4698,3692,2858,23717,1,1,1,1
23.9000,7294,1,1,84129,1,161328,0.521481,1,6,16,288,252861,28.56328,0.00232,2.37021,0.00502,0,0,3,1.894548,1.478652,1.478652,-0.537548,-0.537461,14.423883,731,0.037262,0.004816,66989,27553,14937,9519,6465,4840,3663,2856,24505,1,1,1,1
22.3500,7306,1,1,80461,1,154379,0.521195,2,3,8,23,373238,27.48948,0.00171,2.36162,0.00585,0,0,3,1.351357,1.006226,1.006226,-0.000392,-0.000351,14.961024,12054,0.000023,0.076439,63829,26362,14330,9069,6387,4570,3505,2806,23520,1,1,1,1
22.4000,7306,1,1,81131,1,155251,0.522583,2,3,1813,1813,453220,27.52411,0.00171,2.36162,0.00585,0,1,3,2.363587,1.818523,1.818523,-0.017748,-0.017631,14.943601,11689,0.001180,0.074211,64532,26505,14522,8924,6285,4685,3574,2786,23437,1,1,1,1
23.0000,7306,1,1,81924,0,157697,0.519506,2,15,25,25,450522,27.94004,0.00171,2.36162,0.00585,1,1,2,1.085928,1.000000,1.390073,-0.225693,-0.225682,14.735503,7306,0.015316,0.047039,65682,26758,14704,9243,6519,4689,3520,2812,23769,1,1,1,1
23.9000,7306,1,1,83761,1,161009,0.520229,1,1,18,23,136923,28.56383,0.00171,2.36162,0.00585,0,0,3,1.487537,1.132334,1.132334,-0.537573,-0.537519,14.423842,730,0.037266,0.004802,66621,27393,15110,9543,6541,4724,3744,2844,24488,1,1,1,1
22.3500,7318,1,1,80777,1,154564,0.522615,3,5,24,54,1511658,27.48220,0.00221,2.37025,0.00462,0,0,3,1.711031,1.452923,1.452923,-0.003793,-0.003720,14.957561,12079,0.000249,0.076490,63972,26333,14376,9131,6440,4565,3443,2714,23589,1,1,1,1
22.4000,7318,1,1,80659,1,155472,0.518804,21,7,30,69,144783,27.51686,0.00221,2.37025,0.00462,0,0,3,1.629821,1.584841,1.584841,-0.021132,-0.021065,14.939972,11712,0.001410,0.074253,64430,26727,14508,9195,6239,4578,3493,2719,23582,1,1,1,1
23.0000,7318,1,1,81792,0,157684,0.518712,341,10,341,630,602992,27.93277,0.00221,2.37025,0.00462,1,1,2,1.414195,1.000000,5.372124,-0.229170,-0.229123,14.732309,7321,0.015552,0.047069,65559,26903,14657,9260,6216,4727,3500,2854,24007,1,1,1,1
23.9000,7318,1,1,84439,1,162006,0.521212,1,4,5,23,96400,28.55658,0.00221,2.37025,0.00462,0,0,3,2.471025,2.013647,2.013647,-0.541008,-0.540885,14.420430,735,0.037508,0.004828,67237,27636,15213,9477,6450,4858,3673,2941,24520,1,1,1,1
22.3500,7330,1,1,80685,1,155023,0.520475,1,4,31,412,93163,27.48354,0.00249,2.37139,0.00668,0,1,3,3.165610,2.490999,2.490999,-0.002999,-0.002841,14.958664,12098,0.000190,0.076479,64127,26392,14385,9069,6295,4817,3594,2841,23502,1,1,1,1
22.4000,7330,1,1,81262,0,155962,0.521041,2,4,45,45,306370,27.51825,0.00249,2.37139,0.00668,1,1,3,1.176019,1.000000,1.043073,-0.020286,-0.020264,14.941016,11727,0.001356,0.074221,64834,26642,14650,9172,6279,4529,3663,2651,23541,1,1,1,1
23.0000,7330,1,1,82289,1,157902,0.521143,1,64,64,64,1292853,27.93413,0.00249,2.37139,0.00668,0,1,3,3.204376,2.863314,2.863314,-0.228305,-0.228146,14.733363,7330,0.015485,0.047046,65602,26778,14548,9452,6363,4780,3644,2815,23919,1,1,1,1
23.9000,7330,1,1,84281,1,162007,0.520234,1,2,68,68,626763,28.55797,0.00249,2.37139,0.00668,0,1,3,1.773273,1.428022,1.428022,-0.540171,-0.540093,14.421398,732,0.037451,0.004800,67499,27382,15088,9539,6578,4903,3614,2890,24513,1,1,1,1
22.3500,7342,1,1,80852,0,155555,0.519768,2,25,25,25,239581,27.48975,0.00201,2.37234,0.00461,1,1,2,1.157344,1.000000,4.457119,-0.000151,-0.000131,14.961135,12122,0.000009,0.076493,64731,26458,14337,9153,6323,4618,3407,2760,23767,1,1,1,1
22.4000,7342,1,1,81077,1,155193,0.522430,6,3,6,568,692275,27.52440,0.00201,2.37234,0.00461,0,0,3,1.565653,1.427340,1.427340,-0.017394,-0.017333,14.943869,11754,0.001160,0.074256,63869,26698,14362,9253,6307,4582,3472,2888,23761,1,1,1,1
23.0000,7342,1,1,82277,1,158219,0.520023,1,5,11,30,142237,27.94036,0.00201,2.37234,0.00461,0,1,3,3.903102,2.993706,2.993706,-0.225430,-0.225244,14.735996,7347,0.015285,0.047070,65734,26813,14640,9359,6492,4830,3434,2940,23976,1,1,1,1
23.9000,7342,1,1,84213,1,161595,0.521139,59,8,59,66,355056,28.56412,0.00201,2.37234,0.00461,0,1,3,3.747841,3.140353,3.140353,-0.537311,-0.537131,14.424369,740,0.037238,0.004843,67014,27259,15047,9483,6659,4846,3594,2885,24807,1,1,1,1
22.3500,7354,1,1,81342,0,155765,0.522213,1,11,11,89,708492,27.49595,0.00219,2.37016,0.00479,1,1,2,1.090441,1.000000,1.144060,0.003154,0.003166,14.964360,12136,-0.000212,0.076440,64888,26371,14370,9091,6400,4628,3578,2793,23645,1,1,1,1
22.4000,7354,1,1,81747,1,156704,0.521668,2,2,7,42,1523612,27.53064,0.00219,2.37016,0.00479,0,0,3,1.783588,1.450637,1.450637,-0.014201,-0.014122,14.947195,11768,0.000945,0.074207,65363,26597,14572,9295,6348,4607,3643,2699,23579,1,1,1,1
23.0000,7354,1,1,82396,0,158569,0.519626,1,5,5,12,1103291,27.94658,0.00219,2.37016,0.00479,1,1,2,1.352747,1.000000,2.708509,-0.222220,-0.222178,14.739204,7355,0.015074,0.047034,65655,26888,14960,9530,6327,4622,3660,2805,24121,1,1,1,1
23.9000,7354,1,1,84830,0,163071,0.520206,3,9,53,53,3638105,28.57036,0.00219,2.37016,0.00479,1,1,2,1.229350,1.000000,2.466955,-0.534100,-0.534072,14.427245,738,0.037018,0.004821,67954,27582,15274,9738,6635,4917,3676,2845,24449,1,1,1,1
22.3500,7366,1,1,80674,0,155315,0.519425,1,85,85,150,364354,27.49097,0.00332,2.35943,0.00658,1,1,2,1.407275,1.000000,42.397573,0.000903,0.000949,14.962367,12157,-0.000063,0.076457,64244,26137,14289,9284,6463,4697,3621,2838,23741,1,1,1,1
22.4000,7366,1,1,81330,0,156365,0.520133,2,4,24,30,3409861,27.52560,0.00332,2.35943,0.00658,1,1,2,1.401816,1.000000,2.360095,-0.016215,-0.016169,14.945243,11789,0.001082,0.074228,64739,26757,14561,9217,6420,4590,3753,2811,23516,1,1,1,1
23.0000,7366,1,1,82992,0,159066,0.521749,2,307,307,307,620557,27.94152,0.00332,2.35943,0.00658,1,1,2,1.161138,1.000000,53.615306,-0.224391,-0.224370,14.737133,7369,0.015225,0.047053,65940,27081,15191,9221,6395,4723,3660,2841,24013,1,1,1,1
23.9000,7366,1,1,84566,0,162560,0.520217,1,4,17,17,169994,28.56532,0.00332,2.35943,0.00658,1,1,2,1.244985,1.000000,1.587697,-0.536047,-0.536017,14.425310,740,0.037158,0.004827,67301,27534,15233,9597,6702,4782,3804,2934,24672,1,1,1,1
22.3500,7378,1,1,81220,0,156377,0.519389,1,6,17,387,20887727,27.49666,0.00256,2.35594,0.00530,1,1,2,1.407300,1.000000,3.567070,0.003556,0.003603,14.965021,12176,-0.000241,0.076439,64975,26654,14589,9294,6228,4567,3554,2820,23695,1,1,1,1
22.4000,7378,1,1,81463,1,156234,0.521420,1,5,48,1875,1409448,27.53133,0.00256,2.35594,0.00530,0,1,3,4.118631,2.967504,2.967504,-0.013765,-0.013573,14.947952,11805,0.000908,0.074194,64925,26322,14551,9120,6383,4745,3600,2723,23864,1,1,1,1
23.0000,7378,1,1,82869,1,159468,0.519662,1,27,47,47,397049,27.94723,0.00256,2.35594,0.00530,0,1,3,7.880061,7.226656,7.226656,-0.221779,-0.221499,14.740017,7379,0.015027,0.047031,66325,27058,14961,9410,6344,4805,3530,2817,24217,1,1,1,1
23.9000,7378,1,1,84642,0,162805,0.519901,1,1,35,35,945751,28.57105,0.00256,2.35594,0.00530,1,1,3,1.391316,1.000000,1.203384,-0.533563,-0.533518,14.427887,737,0.036978,0.004799,67883,27528,15069,9476,6589,4800,3638,2907,24914,1,1,1,1
22.3500,7390,1,1,81517,1,156809,0.519852,1,5,5,80,199770,27.49050,0.00131,2.35967,0.00766,0,1,3,4.507327,3.280736,3.280736,-0.000121,0.000083,14.961591,12195,-0.000006,0.076451,65226,26666,14469,9201,6366,4724,3547,2844,23765,1,1,1,1
22.4000,7390,1,1,81217,1,156032,0.520518,4,3,12,102,809877,27.52520,0.00131,2.35967,0.00766,0,1,3,2.176641,1.679541,1.679541,-0.017428,-0.017322,14.944197,11825,0.001159,0.074218,64591,26302,14469,9091,6488,4654,3569,2825,24042,1,1,1,1
23.0000,7390,1,1,82717,1,158900,0.520563,2,2,12,37,162893,27.94109,0.00131,2.35967,0.00766,0,1,3,1.841872,1.494069,1.494069,-0.225362,-0.225280,14.735993,7392,0.015288,0.047050,65712,27017,14859,9408,6519,4750,3624,2836,24174,1,1,1,1
23.9000,7390,1,1,84725,1,163137,0.519352,15,9,55,66,137983,28.56492,0.00131,2.35967,0.00766,0,0,3,1.351625,1.289613,1.289613,-0.537270,-0.537230,14.423883,740,0.037246,0.004812,67669,27750,15120,9610,6645,4940,3701,2854,24847,1,1,1,1
22.3500,7402,1,1,82435,1,157531,0.523297,1,1,107,186,439508,27.49033,0.00159,2.35755,0.00541,0,0,3,1.642092,1.299081,1.299081,0.000020,0.000087,14.961576,12211,-0.000006,0.076428,65567,26994,14615,9274,6320,4715,3532,2812,23701,1,1,1,1
22.4000,7402,1,1,81455,1,156618,0.520090,1,4,14,37,1572358,27.52498,0.00159,2.35755,0.00541,0,1,3,2.962447,2.283352,2.283352,-0.017347,-0.017200,14.944281,11842,0.001151,0.074204,64944,26624,14551,9133,6337,4729,3564,2787,23948,1,1,1,1
23.0000,7402,1,1,83022,0,159096,0.521839,2,27,27,808,80438,27.94094,0.00159,2.35755,0.00541,1,0,2,1.045254,1.000000,1.333412,-0.225290,-0.225284,14.736236,7402,0.015288,0.047037,66011,26780,14997,9321,6433,4796,3642,2784,24331,1,1,1,1
23.9000,7402,1,1,85006,0,163011,0.521477,1,1,10,34,176463,28.56470,0.00159,2.35755,0.00541,1,0,3,1.257041,1.000000,1.088640,-0.537153,-0.537122,14.424024,738,0.037238,0.004791,67562,27766,15073,9518,6655,4713,3858,2867,24998,1,1,1,1
22.3500,7414,1,1,81762,0,157188,0.520158,4,6,85,85,143426,27.48118,0.00294,2.35936,0.00531,1,0,2,1.256956,1.000000,2.073442,-0.003896,-0.003865,14.957624,12235,0.000258,0.076474,65312,26788,14751,9157,6377,4646,3624,2791,23741,1,1,1,1
22.4000,7414,1,1,81773,1,157178,0.520261,2,6,21,49,576601,27.51586,0.00294,2.35936,0.00531,0,0,3,1.539165,1.227440,1.227440,-0.021204,-0.021146,14.940188,11868,0.001415,0.074267,65135,26791,14529,9256,6406,4687,3644,2824,23905,1,1,1,1
23.0000,7414,1,1,83071,1,160009,0.519168,4,4,29,97,89426,27.93181,0.00294,2.35936,0.00531,0,1,3,1.666499,1.211641,1.211641,-0.229173,-0.229104,14.732358,7415,0.015551,0.047056,66159,27272,15069,9407,6511,4870,3651,2922,24147,1,1,1,1
23.9000,7414,1,1,85220,0,163697,0.520599,7,26,38,272,545074,28.55558,0.00294,2.35936,0.00531,1,1,2,1.150225,1.000000,4.311903,-0.541149,-0.541131,14.420375,747,0.037525,0.004843,67908,27598,15371,9699,6585,4884,3712,2975,24964,1,1,1,1
22.3500,7426,1,1,81937,1,156912,0.522188,5,7,18,63,132157,27.49423,0.00159,2.36057,0.00457,0,1,3,4.170521,3.417387,3.417387,0.001842,0.002034,14.963555,12256,-0.000136,0.076451,64920,26563,14757,9274,6329,4708,3451,2909,24000,1,1,1,1
22.4000,7426,1,1,81989,1,157711,0.519872,3,5,5,251,397446,27.52886,0.00159,2.36057,0.00457,0,1,3,3.955942,3.024918,3.024918,-0.015465,-0.015279,14.945862,11885,0.001022,0.074225,65452,26784,14626,9308,6484,4706,3646,2812,23892,1,1,1,1
23.0000,7426,1,1,83026,0,159404,0.520856,1,10,17,183,323423,27.94478,0.00159,2.36057,0.00457,1,0,2,1.136718,1.000000,1.665543,-0.223384,-0.223367,14.738141,7429,0.015156,0.047050,65722,26987,14860,9464,6537,4867,3631,2874,24461,1,1,1,1
23.9000,7426,1,1,85051,1,164109,0.518262,77,7,77,189,156465,28.56858,0.00159,2.36057,0.00457,0,1,3,1.634983,1.195704,1.195704,-0.535258,-0.535191,14.426274,747,0.037098,0.004833,68169,27806,15360,9773,6670,4887,3606,2961,24876,1,1,1,1
22.3500,7438,1,1,82178,0,157849,0.520615,11,7,11,148,84709,27.49135,0.00149,2.35825,0.00542,1,1,2,1.258008,1.000000,2.213670,0.000406,0.000437,14.961774,12275,-0.000029,0.076455,65508,26702,14814,9295,6474,4731,3546,2822,23956,1,1,1,1
22.4000,7438,1,1,81856,0,157378,0.520127,3,37,106,302,165122,27.52602,0.00149,2.35825,0.00542,1,1,2,1.304898,1.000000,13.403290,-0.017049,-0.017013,14.944348,11902,0.001138,0.074219,65166,26794,14625,9200,6414,4724,3520,2887,24047,1,1,1,1
23.0000,7438,1,1,83512,0,160536,0.520211,1,27,66,66,2013525,27.94193,0.00149,2.35825,0.00542,1,1,2,1.209155,1.000000,6.384221,-0.224953,-0.224927,14.736570,7439,0.015263,0.047042,66745,27372,14935,9433,6371,4812,3620,2871,24376,1,1,1,1
23.9000,7438,1,1,85651,1,164059,0.522078,1,1,12,24,1198408,28.56574,0.00149,2.35825,0.00542,0,0,3,1.546657,1.155415,1.155415,-0.536744,-0.536685,14.424693,745,0.037206,0.004813,68028,27869,15179,9592,6665,4908,3714,2938,25165,1,1,1,1
22.3500,7450,1,1,81948,0,157780,0.519385,1,1,58,58,566971,27.49140,0.00198,2.36366,0.00852,1,1,3,1.394942,1.000000,1.008190,0.000747,0.000791,14.962201,12292,-0.000053,0.076436,65567,26665,14562,9318,6377,4777,3690,2802,24021,1,1,1,1
22.4000,7450,1,1,82104,0,157352,0.521789,18,2,18,95,17350283,27.52611,0.00198,2.36366,0.00852,1,1,3,1.390245,1.000000,1.354078,-0.016627,-0.016582,14.944875,11920,0.001110,0.074208,65226,26682,14493,9138,6488,4685,3770,2752,24117,1,1,1,1
23.0000,7450,1,1,83743,1,160612,0.521403,1,4,11,130,1266098,27.94199,0.00198,2.36366,0.00852,0,1,3,3.719274,2.799223,2.799223,-0.224619,-0.224443,14.737059,7449,0.015230,0.047028,66642,27476,14949,9450,6596,4675,3656,2897,24270,1,1,1,1
23.9000,7450,1,1,85339,1,164090,0.520078,4,2,9,720,322521,28.56583,0.00198,2.36366,0.00852,0,0,3,1.279559,1.112613,1.112613,-0.536470,-0.536436,14.424829,748,0.037188,0.004825,67880,28075,15272,9568,6691,4955,3784,2901,24963,1,1,1,1
22.3500,7462,1,1,82597,1,158104,0.522425,2,5,124,124,128186,27.49144,0.00258,2.35659,0.00577,0,1,3,2.612630,2.195146,2.195146,0.001031,0.001159,14.962439,12315,-0.000077,0.076454,65827,26635,14864,9325,6390,4695,3526,2756,24085,1,1,1,1
22.4000,7462,1,1,82863,1,158760,0.521942,1,2,40,20276,264379,27.52609,0.00258,2.35659,0.00577,0,1,3,1.326737,1.020924,1.020924,-0.016243,-0.016205,14.945277,11939,0.001084,0.074205,66313,26969,14548,9396,6354,4768,3592,2780,24039,1,1,1,1
23.0000,7462,1,1,83937,1,160992,0.521377,2,8,183,183,59258,27.94205,0.00258,2.35659,0.00577,0,1,3,4.515978,3.875140,3.875140,-0.224314,-0.224112,14.737055,7461,0.015207,0.047028,66977,27226,15171,9372,6458,4746,3615,2991,24435,1,1,1,1
23.9000,7462,1,1,86015,1,164875,0.521701,1,3,32,32,1067601,28.56581,0.00258,2.35659,0.00577,0,1,3,2.727697,1.946061,1.946061,-0.536147,-0.536012,14.425317,746,0.037158,0.004804,68406,27994,15285,9781,6673,5012,3757,2981,24985,1,1,1,1
22.3500,7474,1,1,82540,0,158487,0.520803,3,32,32,37,141818,27.49404,0.00257,2.35765,0.00681,1,1,2,1.044153,1.000000,1.471073,0.002373,0.002379,14.963487,12332,-0.000159,0.076432,65782,27001,14831,9321,6612,4767,3559,2781,23832,1,1,1,1
22.4000,7474,1,1,82416,0,158451,0.520139,1,8,10,101,219544,27.52872,0.00257,2.35765,0.00681,1,1,2,1.308824,1.000000,3.252196,-0.015022,-0.014986,14.946494,11959,0.001003,0.074204,65420,27253,14871,9359,6367,4766,3601,2842,23971,1,1,1,1
23.0000,7474,1,1,83725,1,161045,0.519889,2,2,28,221,76790,27.94467,0.00257,2.35765,0.00681,0,1,3,1.997163,1.453360,1.453360,-0.222941,-0.222848,14.738616,7478,0.015120,0.047054,66940,27181,14990,9465,6635,4688,3701,2953,24491,1,1,1,1
23.9000,7474,1,1,86280,0,165643,0.520882,2,2,51,147,98008,28.56844,0.00257,2.35765,0.00681,1,1,3,1.319561,1.000000,1.074320,-0.534809,-0.534771,14.426598,748,0.037068,0.004809,68656,28294,15567,9865,6822,4877,3712,3043,24806,1,1,1,1
22.3500,7486,1,1,82839,1,158886,0.521377,2,2,19,19,286954,27.49375,0.00248,2.36629,0.00518,0,0,3,1.746786,1.414395,1.414395,0.002114,0.002188,14.963515,12349,-0.000146,0.076414,66126,26914,14737,9415,6426,4781,3576,2845,24065,1,1,1,1
22.4000,7486,1,1,82745,1,158604,0.521711,6,3,108,108,418537,27.52838,0.00248,2.36629,0.00518,0,1,3,2.339457,1.905962,1.905962,-0.015224,-0.015110,14.946039,11975,0.001011,0.074187,65812,26958,14657,9493,6392,4707,3563,2876,24145,1,1,1,1
23.0000,7486,1,1,84078,0,161497,0.520620,1,3,10,18,788865,27.94431,0.00248,2.36629,0.00518,1,1,3,1.287508,1.000000,1.259211,-0.223157,-0.223123,14.738231,7484,0.015139,0.047018,66855,27424,15202,9552,6569,4913,3715,2935,24331,1,1,1,1
23.9000,7486,1,1,86193,1,165577,0.520565,12,9,19,22,250697,28.56810,0.00248,2.36629,0.00518,0,1,3,6.045523,4.549942,4.549942,-0.535142,-0.534902,14.426624,746,0.037077,0.004788,68819,28287,15432,9616,6683,4957,3679,2947,25156,1,1,1,1
22.3500,7498,1,1,82843,1,158584,0.522395,3,4,5,317,1392951,27.49894,0.00347,2.37265,0.00547,0,1,3,1.985426,1.640788,1.640788,0.005215,0.005306,14.966805,12367,-0.000355,0.076386,65823,26797,14797,9437,6388,4704,3568,2938,24131,1,1,1,1
22.4000,7498,1,1,83203,1,159229,0.522540,1,3,4,497,365756,27.53361,0.00347,2.37265,0.00547,0,0,3,2.089283,1.536119,1.536119,-0.012115,-0.012016,14.949374,11993,0.000804,0.074163,66288,26994,14751,9385,6444,4755,3587,2857,24167,1,1,1,1
23.0000,7498,1,1,83635,1,161156,0.518972,1,18,62,62,87371,27.94951,0.00347,2.37265,0.00547,0,0,3,1.988024,1.533492,1.533492,-0.220065,-0.219973,14.741386,7493,0.014922,0.046989,66768,27409,15120,9504,6483,4851,3710,2831,24479,1,1,1,1
23.9000,7498,1,1,86252,0,165594,0.520867,111,23,111,111,799868,28.57333,0.00347,2.37265,0.00547,1,1,2,1.394901,1.000000,10.948754,-0.532106,-0.532062,14.429349,745,0.036874,0.004773,68803,28078,15466,9640,6813,4935,3680,2999,25179,1,1,1,1
22.3500,7510,1,1,83335,1,159520,0.522414,1,749,749,749,145251,27.48943,0.00233,2.37047,0.00547,0,1,3,3.880842,3.134385,3.018220,-0.000137,0.000044,14.961538,12401,-0.000003,0.076501,66736,26884,14530,9544,6508,4761,3637,2871,24048,1,1,1,1
22.4000,7510,1,1,83179,1,159373,0.521917,1,2,104,5574,301480,27.52413,0.00233,2.37047,0.00547,0,0,3,1.990516,1.412916,1.412916,-0.017435,-0.017344,14.944080,12025,0.001161,0.074268,66156,27354,14785,9242,6411,4693,3569,2856,24306,1,1,1,1
23.0000,7510,1,1,84543,1,161643,0.523026,1,2,52,52,1046142,27.94002,0.00233,2.37047,0.00547,0,0,3,1.726649,1.258827,1.258827,-0.225375,-0.225302,14.736095,7520,0.015289,0.047100,66969,27384,15096,9549,6544,4801,3758,2866,24675,1,1,1,1
23.9000,7510,1,1,86479,1,165695,0.521920,7,4,13,76,310929,28.56385,0.00233,2.37047,0.00547,0,1,3,1.707915,1.223618,1.223618,-0.537284,-0.537213,14.424243,760,0.037244,0.004863,68825,28231,15394,9685,6623,4918,3790,2951,25277,1,1,1,1
22.3500,7522,1,1,82799,1,159342,0.519634,6,6,33,33,197528,27.48994,0.00320,2.36785,0.00486,0,1,3,3.354628,2.838483,2.838483,0.000580,0.000741,14.962265,12419,-0.000050,0.076486,66176,27098,14841,9380,6480,4755,3640,2851,24120,1,1,1,1
22.4000,7522,1,1,82934,0,159234,0.520834,1,26,29,29,327406,27.52459,0.00320,2.36785,0.00486,1,1,2,1.335932,1.000000,10.753181,-0.016833,-0.016794,14.944585,12041,0.001124,0.074246,66084,27105,14618,9374,6517,4696,3615,2894,24330,1,1,1,1
23.0000,7522,1,1,84464,0,162564,0.519577,1,1,34,34,777964,27.94055,0.00320,2.36785,0.00486,1,1,3,1.371178,1.000000,1.195206,-0.224666,-0.224624,14.736773,7527,0.015242,0.047066,67477,27872,14990,9397,6645,4890,3689,2936,24667,1,1,1,1
23.9000,7522,1,1,86537,1,166121,0.520931,1,10,10,126,1515608,28.56431,0.00320,2.36785,0.00486,0,0,3,3.035387,2.505832,2.505832,-0.536596,-0.536449,14.424865,758,0.037189,0.004842,68763,28201,15563,9778,6842,4916,3710,2976,25371,1,1,1,1
22.3500,7534,1,1,83679,1,160037,0.522876,4,2,5,277,82945,27.48902,0.00299,2.37460,0.00677,0,0,3,1.354306,1.175356,1.175356,0.000093,0.000133,14.961404,12437,-0.000009,0.076479,66717,27293,14789,9349,6442,4722,3619,2790,24315,1,1,1,1
22.4000,7534,1,1,83481,1,159897,0.522096,2,2,13,121,343030,27.52370,0.00299,2.37460,0.00677,0,0,3,1.656457,1.356512,1.356512,-0.017259,-0.017192,14.944128,12062,0.001150,0.074259,66383,27171,14817,9497,6540,4852,3588,2868,24180,1,1,1,1
23.0000,7534,1,1,84610,0,162177,0.521717,1,2,12,71,7146436,27.93965,0.00299,2.37460,0.00677,1,1,2,1.356248,1.000000,1.448101,-0.225237,-0.225197,14.736193,7539,0.015282,0.047068,67439,27372,15206,9611,6504,4995,3591,2845,24613,1,1,1,1
23.9000,7534,1,1,86404,0,166184,0.519933,2,3,238,238,333755,28.56342,0.00299,2.37460,0.00677,1,1,2,1.407200,1.000000,2.057437,-0.537150,-0.537105,14.424317,760,0.037236,0.004848,69056,28195,15537,9746,6748,4950,3678,2947,25326,1,1,1,1
22.3500,7546,1,1,83139,1,159434,0.521467,1,47,47,47,150885,27.48435,0.00129,2.36660,0.00549,0,0,3,4.514442,3.823942,3.823942,-0.003247,-0.003047,14.958247,12452,0.000204,0.076466,66157,27031,14889,9272,6452,4772,3733,2759,24368,1,1,1,1
22.4000,7546,1,1,83693,1,160370,0.521878,3,16,39,1114,271453,27.51898,0.00129,2.36660,0.00549,0,1,3,5.831838,5.273637,5.273637,-0.020583,-0.020349,14.941170,12083,0.001362,0.074285,66728,27380,14933,9456,6532,4792,3579,2776,24193,1,1,1,1
23.0000,7546,1,1,84634,0,162665,0.520300,20,2,20,187,428495,27.93491,0.00129,2.36660,0.00549,1,1,3,1.329391,1.000000,1.113225,-0.228441,-0.228403,14.732974,7548,0.015503,0.047060,67467,27594,15204,9806,6645,4891,3633,2828,24596,1,1,1,1
23.9000,7546,1,1,86598,0,166269,0.520834,1,3,8,96,267819,28.55870,0.00129,2.36660,0.00549,1,1,2,1.389665,1.000000,1.796725,-0.540372,-0.540329,14.421080,756,0.037468,0.004815,68785,28421,15248,9775,6867,4989,3815,3053,25315,1,1,1,1
22.3500,7558,1,1,83462,0,160184,0.521042,2,9,70,70,72337,27.49200,0.00128,2.37625,0.00714,1,1,3,1.104215,1.000000,1.030556,0.000685,0.000698,14.961922,12476,-0.000047,0.076473,66728,27298,14928,9354,6379,4881,3498,2850,24267,1,1,1,1
22.4000,7558,1,1,83545,1,160551,0.520367,1,3,80,245,95083,27.52667,0.00128,2.37625,0.00714,0,1,3,1.977480,1.400090,1.350445,-0.016663,-0.016573,14.944857,12100,0.001109,0.074253,66783,27164,15053,9421,6443,4706,3725,3002,24253,1,1,1,1
23.0000,7558,1,1,84849,1,162891,0.520898,7,3,52,80,243418,27.94258,0.00128,2.37625,0.00714,0,1,3,1.866032,1.548973,1.548973,-0.224629,-0.224546,14.736612,7563,0.015237,0.047067,67326,27870,15333,9670,6543,4792,3710,2831,24815,1,1,1,1
23.9000,7558,1,1,86771,1,166577,0.520909,1,1,4660,4660,817047,28.56639,0.00128,2.37625,0.00714,0,0,3,1.682636,1.296706,1.296706,-0.536521,-0.536452,14.424910,761,0.037189,0.004838,68804,28321,15625,9883,6697,5058,3709,2995,25484,1,1,1,1
22.3500,7570,1,1,83599,1,160497,0.520879,1,7,9,154,1648869,27.48623,0.00312,2.37047,0.00619,0,0,3,1.734201,1.315695,1.315695,-0.001282,-0.001209,14.960163,12492,0.000081,0.076458,66801,27442,14874,9324,6413,4763,3573,2820,24486,1,1,1,1
22.4000,7570,1,1,83557,1,160772,0.519727,1,50,50,59,876392,27.52093,0.00312,2.37047,0.00619,0,1,3,2.050862,1.591455,1.580054,-0.018644,-0.018549,14.942808,12113,0.001241,0.074225,66855,27045,14978,9535,6654,4782,3685,2887,24350,1,1,1,1
23.0000,7570,1,1,84425,1,162537,0.519423,9,2,34,601,11133181,27.93682,0.00312,2.37047,0.00619,0,1,3,1.257212,1.055661,1.055661,-0.226562,-0.226532,14.734994,7571,0.015374,0.047047,67317,27608,15123,9478,6575,4809,3646,2966,25014,1,1,1,1
23.9000,7570,1,1,87252,0,167268,0.521633,4,5,14,170,217014,28.56065,0.00312,2.37047,0.00619,1,0,2,1.213635,1.000000,1.404109,-0.538500,-0.538474,14.423025,759,0.037334,0.004819,69412,28451,15713,9862,6846,4960,3732,2958,25333,1,1,1,1
22.3500,7582,1,1,83735,1,160517,0.521661,2,6,39,105,236471,27.48321,0.00128,2.36286,0.00617,0,1,3,4.540294,3.545608,3.545608,-0.003756,-0.003557,14.957947,12516,0.000238,0.076495,66455,27393,15092,9593,6442,4686,3633,2828,24394,1,1,1,1
22.4000,7582,1,1,83640,0,160421,0.521381,1,3,19,19,696784,27.51786,0.00128,2.36286,0.00617,1,1,2,1.365080,1.000000,1.881613,-0.021038,-0.020997,14.940399,12133,0.001405,0.074242,66302,27136,14910,9603,6626,4839,3746,2943,24315,1,1,1,1
23.0000,7582,1,1,85040,0,163126,0.521318,6,8,79,79,1833141,27.93382,0.00128,2.36286,0.00617,1,1,2,1.135103,1.000000,1.189670,-0.228989,-0.228973,14.732286,7583,0.015542,0.047056,67616,27742,15289,9634,6591,4805,3728,2888,24832,1,1,1,1
23.9000,7582,1,1,87560,0,167656,0.522263,10,6,22,133,1982820,28.55758,0.00128,2.36286,0.00617,1,1,2,1.373219,1.000000,2.854987,-0.540926,-0.540884,14.420516,763,0.037508,0.004837,69639,28443,15592,9858,6800,5056,3796,2978,25493,1,1,1,1
22.3500,7594,1,1,84227,1,161250,0.522341,7,5,27,87,8270443,27.48331,0.00155,2.36092,0.00660,0,1,3,3.286872,2.665932,2.665932,-0.003536,-0.003379,14.957700,12529,0.000226,0.076455,66921,27336,15001,9651,6665,4865,3654,2875,24281,1,1,1,1
22.4000,7594,1,1,83919,1,160925,0.521482,1,10,10,63,189864,27.51799,0.00155,2.36092,0.00660,0,0,3,1.455803,1.054327,1.054327,-0.020810,-0.020760,14.940645,12148,0.001390,0.074215,66680,27383,15004,9505,6546,4687,3707,2971,24441,1,1,1,1
23.0000,7594,1,1,85504,0,163792,0.522031,12,8,12,25,322322,27.93394,0.00155,2.36092,0.00660,1,0,2,1.198130,1.000000,1.944232,-0.228828,-0.228804,14.732698,7591,0.015530,0.047030,67800,27976,15200,9810,6552,4876,3824,2985,24768,1,1,1,1
23.9000,7594,1,1,87429,1,168246,0.519653,1,10,10,29,133600,28.55771,0.00155,2.36092,0.00660,0,1,3,5.188521,4.444113,4.444113,-0.540772,-0.540556,14.420960,757,0.037484,0.004791,69993,28854,15535,9923,6702,5016,3829,2977,25416,1,1,1,1
22.3500,7606,1,1,83929,1,160989,0.521337,3,44,44,157,82793,27.48172,0.00209,2.35174,0.00571,0,1,3,12.308401,11.229400,11.229400,-0.004226,-0.003896,14.957622,12555,0.000260,0.076493,66752,27427,14982,9316,6579,4782,3734,2925,24491,1,1,1,1
22.4000,7606,1,1,83713,1,160856,0.520425,1,5,92,368,3067976,27.51635,0.00209,2.35174,0.00571,0,1,3,3.520060,2.789550,2.789550,-0.021450,-0.021284,14.939999,12179,0.001425,0.074290,66742,27016,15045,9261,6740,4765,3638,2955,24693,1,1,1,1
23.0000,7606,1,1,85893,1,164283,0.522839,1,3,104,104,91070,27.93228,0.00209,2.35174,0.00571,0,1,3,2.191195,1.825119,1.825119,-0.229384,-0.229281,14.732243,7611,0.015563,0.047081,68113,28078,15267,9803,6685,4946,3703,2888,24799,1,1,1,1
23.9000,7606,1,1,87593,1,168229,0.520680,1,253,253,253,687858,28.55607,0.00209,2.35174,0.00571,0,1,3,13.049614,12.694856,12.694856,-0.541410,-0.541072,14.420453,769,0.037521,0.004860,69708,28887,15629,9938,6767,4978,3748,3092,25481,1,1,1,1
22.3500,7618,1,1,84425,1,161876,0.521544,1,10,11,1495,125164,27.48570,0.00229,2.35946,0.00516,0,0,3,2.481457,1.987584,1.987584,-0.002009,-0.001890,14.959449,12573,0.000126,0.076473,67264,27615,15007,9603,6632,4893,3749,2884,24228,1,1,1,1
22.4000,7618,1,1,84032,0,160936,0.522149,1,4,156,156,13067391,27.52036,0.00229,2.35946,0.00516,1,1,3,1.199514,1.000000,1.120941,-0.019304,-0.019280,14.942030,12192,0.001290,0.074242,66705,27154,15014,9384,6655,4744,3662,2900,24717,1,1,1,1
23.0000,7618,1,1,85535,1,164412,0.520251,1,44,44,94,42110,27.93627,0.00229,2.35946,0.00516,0,1,3,26.365603,21.318645,21.318645,-0.227452,-0.227022,14.734040,7621,0.015408,0.047062,68330,27776,15390,9656,6725,4950,3726,2962,24896,1,1,1,1
23.9000,7618,1,1,87655,1,168332,0.520730,6,10,73,73,147602,28.56008,0.00229,2.35946,0.00516,0,1,3,4.674409,4.138573,4.138573,-0.539251,-0.539049,14.422015,767,0.037377,0.004839,69722,28767,15510,10073,6870,4979,3792,3054,25564,1,1,1,1
22.3500,7630,1,1,84211,1,161584,0.521162,7,3,7,98,128980,27.48386,0.00127,2.35708,0.00600,0,1,3,2.302914,1.766710,1.766710,-0.003406,-0.003297,14.957819,12591,0.000220,0.076470,67349,27218,15134,9413,6586,4840,3599,2957,24487,1,1,1,1
22.4000,7630,1,1,84611,1,162014,0.522248,1,1,7,72,919442,27.51856,0.00127,2.35708,0.00600,0,0,3,1.483682,1.049127,1.049127,-0.020724,-0.020672,14.940766,12209,0.001384,0.074235,67565,27425,15021,9491,6373,4753,3852,2835,24698,1,1,1,1
23.0000,7630,1,1,85785,1,164449,0.521654,2,4,10,91,150280,27.93445,0.00127,2.35708,0.00600,0,1,3,1.149649,1.043200,1.043200,-0.228668,-0.228650,14.732866,7632,0.015520,0.047060,68326,27851,15413,9639,6689,4963,3773,2962,24832,1,1,1,1
23.9000,7630,1,1,87746,0,168912,0.519481,1,30,30,30,9487013,28.55828,0.00127,2.35708,0.00600,1,0,2,1.117547,1.000000,3.867064,-0.540671,-0.540656,14.420858,765,0.037491,0.004819,70531,28598,15757,9855,6853,5075,3773,3010,25459,1,1,1,1
22.3500,7642,1,1,84505,1,161864,0.522077,1,128,128,128,252040,27.48000,0.00180,2.36152,0.00731,0,1,3,41.242955,38.601531,38.601531,-0.005253,-0.004767,14.956760,12611,0.000319,0.076477,66928,27695,15166,9549,6603,4848,3605,2939,24530,1,1,1,1
22.4000,7642,1,1,84116,0,162002,0.519231,4,19,19,68,353586,27.51465,0.00180,2.36152,0.00731,1,0,2,1.105784,1.000000,2.209339,-0.022390,-0.022377,14.939139,12229,0.001498,0.074248,67387,27591,15015,9419,6568,4906,3586,2836,24693,1,1,1,1
23.0000,7642,1,1,85668,0,164345,0.521272,1,4,43,46,124901,27.93061,0.00180,2.36152,0.00731,1,0,2,1.297908,1.000000,1.830479,-0.230358,-0.230324,14.731162,7647,0.015635,0.047084,67906,27999,15395,9748,6554,4991,3689,2886,25176,1,1,1,1
23.9000,7642,1,1,87565,1,168800,0.518753,3,40,54,268,87282,28.55437,0.00180,2.36152,0.00731,0,1,3,21.467905,18.201542,18.201542,-0.542389,-0.541987,14.418965,766,0.037589,0.004819,70022,28737,15883,9846,6947,5047,3745,3022,25550,1,1,1,1
22.3500,7654,1,1,84434,0,162344,0.520096,1,37,37,361,552255,27.47554,0.00127,2.36384,0.00751,1,1,2,1.034058,1.000000,1.410363,-0.007516,-0.007512,14.953575,12632,0.000502,0.076500,67615,27481,14861,9538,6747,4845,3677,3104,24475,1,1,1,1
22.4000,7654,1,1,84453,1,162067,0.521103,5,2,5,20,723504,27.51022,0.00127,2.36384,0.00751,0,1,3,1.538004,1.130894,1.130894,-0.024848,-0.024791,14.936681,12250,0.001660,0.074271,67450,27268,15116,9444,6598,4885,3642,2947,24716,1,1,1,1
23.0000,7654,1,1,85823,1,164883,0.520512,1,4,26,60,445935,27.92616,0.00127,2.36384,0.00751,0,0,3,2.494014,1.978606,1.978606,-0.232855,-0.232736,14.728611,7655,0.015802,0.047067,68443,27931,15340,9863,6686,4855,3648,3059,25057,1,1,1,1
23.9000,7654,1,1,87627,1,168771,0.519210,4,16,102,102,196948,28.54994,0.00127,2.36384,0.00751,0,1,3,1.873010,1.463755,1.463755,-0.544723,-0.544641,14.416849,770,0.037778,0.004837,70017,28839,15622,9864,6721,5089,3926,3090,25602,1,1,1,1
22.3500,7666,1,1,84755,1,162526,0.521489,5,45,63,63,356493,27.47663,0.00310,2.36437,0.00549,0,1,3,7.119636,6.893226,6.893226,-0.006232,-0.005976,14.955070,12648,0.000400,0.076470,67397,27579,15194,9746,6766,4811,3751,2911,24370,1,1,1,1
22.4000,7666,1,1,84617,1,162531,0.520624,1,2,31,258,179526,27.51126,0.00310,2.36437,0.00549,0,0,3,1.994694,1.432618,1.432618,-0.023444,-0.023354,14.938060,12266,0.001563,0.074245,67367,27677,15155,9562,6635,4855,3654,2964,24661,1,1,1,1
23.0000,7666,1,1,86073,1,165137,0.521225,1,2,4,26,3210998,27.92719,0.00310,2.36437,0.00549,0,1,3,2.434582,1.760212,1.760212,-0.231420,-0.231304,14.730191,7666,0.015703,0.047056,68525,28163,15458,9735,6616,4859,3772,2855,25153,1,1,1,1
23.9000,7666,1,1,88073,1,169016,0.521096,399,4,399,399,366022,28.55098,0.00310,2.36437,0.00549,0,1,3,1.333187,1.323880,1.323880,-0.543296,-0.543258,14.418271,771,0.037678,0.004835,70091,28735,15637,10111,6808,5122,3931,2961,25619,1,1,1,1
22.3500,7678,1,1,84627,1,162419,0.521044,1,6,33,99,3811118,27.47195,0.00200,2.36090,0.00649,0,1,3,3.196466,2.492093,2.492093,-0.009035,-0.008884,14.952606,12666,0.000594,0.076472,67335,27817,15017,9446,6699,4889,3532,2979,24704,1,1,1,1
22.4000,7678,1,1,84851,1,163203,0.519914,18,3,18,64,104816,27.50662,0.00200,2.36090,0.00649,0,1,3,2.083361,1.604571,1.604571,-0.026340,-0.026244,14.935273,12282,0.001757,0.074239,67884,27769,15193,9533,6577,4896,3646,2948,24756,1,1,1,1
23.0000,7678,1,1,86203,1,165577,0.520625,1,1,16,37,524803,27.92252,0.00200,2.36090,0.00649,0,1,3,1.520818,1.079641,1.079641,-0.234262,-0.234207,14.727221,7677,0.015903,0.047060,68746,28146,15423,9891,6650,4922,3727,2917,25154,1,1,1,1
23.9000,7678,1,1,88227,1,169383,0.520876,2,21,487,487,122927,28.54634,0.00200,2.36090,0.00649,0,0,3,2.107327,1.726572,1.726572,-0.546204,-0.546107,14.415219,765,0.037884,0.004791,70308,28669,15876,9973,6846,5031,3890,3082,25707,1,1,1,1
22.3500,7690,1,1,84935,1,162940,0.521269,2,11,11,55,250146,27.46983,0.00290,2.35060,0.00575,0,1,3,7.083642,5.605805,5.605805,-0.009683,-0.009429,14.952099,12690,0.000631,0.076499,67544,27652,15036,9625,6689,4890,3679,2993,24831,1,1,1,1
22.4000,7690,1,1,84918,0,162941,0.521161,2,11,11,185,121111,27.50453,0.00290,2.35060,0.00575,1,1,2,1.303641,1.000000,4.093113,-0.027014,-0.026979,14.934390,12307,0.001807,0.074279,67303,28067,15196,9651,6556,4942,3677,2855,24693,1,1,1,1
23.0000,7690,1,1,86132,0,165360,0.520879,11,5,17,172,812162,27.92042,0.00290,2.35060,0.00575,1,1,2,1.332207,1.000000,2.058152,-0.234913,-0.234876,14.726604,7691,0.015949,0.047074,68522,28081,15384,9774,6698,4986,3771,3010,25133,1,1,1,1
23.9000,7690,1,1,88572,0,170152,0.520549,1,34,60,60,74116,28.54425,0.00290,2.35060,0.00575,1,1,2,1.414102,1.000000,17.276197,-0.546968,-0.546923,14.414519,770,0.037942,0.004815,70683,29177,15630,10168,6906,5062,3844,3001,25680,1,1,1,1
22.3500,7702,1,1,84945,1,162867,0.521564,1,2,24,84,573584,27.47495,0.00163,2.35613,0.00552,0,1,3,1.605524,1.136619,1.041217,-0.007624,-0.007563,14.953871,12714,0.000506,0.076516,67775,27545,15116,9578,6569,4838,3739,2952,24754,1,1,1,1
22.4000,7702,1,1,84924,0,162871,0.521422,2,11,12,108,1967463,27.50960,0.00163,2.35613,0.00552,1,1,2,1.290747,1.000000,3.821342,-0.025038,-0.025005,14.936484,12333,0.001674,0.074309,67318,27664,15221,9663,6595,4811,3663,3038,24897,1,1,1,1
23.0000,7702,1,1,86497,1,165977,0.521142,1,1,126,126,171416,27.92556,0.00163,2.35613,0.00552,0,1,3,1.589870,1.166606,1.166606,-0.232941,-0.232881,14.728592,7708,0.015811,0.047098,68751,28408,15413,9711,6804,4944,3717,3096,25132,1,1,1,1
23.9000,7702,1,1,88663,1,170111,0.521210,8,6,8,36,3399599,28.54932,0.00163,2.35613,0.00552,0,1,3,2.376805,1.986778,1.986778,-0.544856,-0.544743,14.416761,777,0.037785,0.004850,70582,28850,15781,10106,6992,5053,3891,3036,25819,1,1,1,1
22.3500,7714,1,1,85154,0,163321,0.521394,2,2,125,125,9203196,27.47434,0.00153,2.35223,0.00705,1,1,2,1.409085,1.000000,1.482168,-0.007985,-0.007941,14.953511,12730,0.000531,0.076495,67681,27757,15278,9661,6599,4840,3645,2996,24863,1,1,1,1
22.4000,7714,1,1,85007,1,163180,0.520943,4,2,50,71,375949,27.50903,0.00153,2.35223,0.00705,0,1,3,1.734513,1.277547,1.277547,-0.025318,-0.025247,14.935992,12345,0.001690,0.074268,67546,27877,15041,9750,6515,4988,3794,2870,24798,1,1,1,1
23.0000,7714,1,1,86687,1,166470,0.520740,2,2,33,33,438607,27.92497,0.00153,2.35223,0.00705,0,0,3,1.650604,1.304409,1.304409,-0.233289,-0.233224,14.728127,7717,0.015835,0.047081,69299,28222,15454,9846,6763,5009,3701,2891,25284,1,1,1,1
23.9000,7714,1,1,88216,0,169892,0.519251,7,13,13,55,887873,28.54875,0.00153,2.35223,0.00705,1,0,2,1.130856,1.000000,1.933693,-0.545206,-0.545190,14.416324,773,0.037818,0.004818,70384,29064,15823,9962,6801,4940,3883,3085,25949,1,1,1,1
22.3500,7726,1,1,85160,0,163534,0.520751,1,366,366,366,94327,27.47405,0.00178,2.34613,0.00800,1,1,2,1.154783,1.000000,61.187608,-0.008319,-0.008300,14.953210,12755,0.000555,0.076527,67808,27760,15369,9511,6705,4832,3749,2943,24856,1,1,1,1
22.4000,7726,1,1,84903,1,163234,0.520134,4,6,6,32,218735,27.50868,0.00178,2.34613,0.00800,0,1,3,3.834942,3.095790,3.095790,-0.025441,-0.025267,14.936245,12365,0.001692,0.074272,67620,27590,15270,9378,6747,4750,3786,2984,25108,1,1,1,1
23.0000,7726,1,1,86365,1,166186,0.519692,9,86,86,86,126123,27.92460,0.00178,2.34613,0.00800,0,1,3,4.026456,3.757373,3.757373,-0.233415,-0.233235,14.728286,7730,0.015836,0.047087,68874,28214,15497,9815,6747,4813,3801,2963,25461,1,1,1,1
23.9000,7726,1,1,88959,1,170895,0.520551,1,2,15,100,426849,28.54840,0.00178,2.34613,0.00800,0,1,3,1.994454,1.425356,1.425356,-0.545250,-0.545160,14.416298,777,0.037816,0.004835,71054,29003,15935,10038,7058,4948,3981,3106,25771,1,1,1,1
22.3500,7738,1,1,85436,0,164258,0.520136,3,2377,2377,2377,301953,27.46296,0.00476,2.34209,0.00583,1,0,2,1.002674,1.000000,6.371995,-0.012210,-0.012209,14.949321,12767,0.000817,0.076500,68101,27978,15382,9582,6714,4935,3780,2953,24832,1,1,1,1
22.4000,7738,1,1,85192,0,163514,0.521011,1,10,10,45,179822,27.49763,0.00476,2.34209,0.00583,1,1,3,1.090883,1.000000,1.057619,-0.029426,-0.029414,14.931802,12381,0.001970,0.074275,67997,27585,15069,9661,6645,4785,3802,2916,25053,1,1,1,1
23.0000,7738,1,1,86715,1,166733,0.520086,2,18,23,23,109238,27.91353,0.00476,2.34209,0.00583,0,1,3,8.618264,7.606123,7.606123,-0.237508,-0.237229,14.724301,7738,0.016111,0.047075,69389,28178,15614,9858,6716,4980,3772,2938,25287,1,1,1,1
23.9000,7738,1,1,88355,1,170041,0.519613,18,23,23,29,129799,28.53735,0.00476,2.34209,0.00583,0,1,3,7.323503,6.795259,6.795259,-0.549408,-0.549150,14.412376,773,0.038103,0.004804,70334,28835,15702,10109,6950,5087,3834,3054,26135,1,1,1,1
22.3500,7750,1,1,85376,0,163999,0.520592,8,119,119,119,64812,27.47431,0.00143,2.34219,0.00420,1,1,2,1.097416,1.000000,12.259017,-0.008225,-0.008213,14.953013,12789,0.000549,0.076495,68087,27811,15194,9655,6590,4935,3826,3048,24852,1,1,1,1
22.4000,7750,1,1,85240,0,163840,0.520267,1,29,65,114,275138,27.50901,0.00143,2.34219,0.00420,1,1,2,1.122430,1.000000,3.943776,-0.025502,-0.025488,14.935766,12402,0.001706,0.074266,68008,27688,15043,9732,6636,4947,3791,3045,24949,1,1,1,1
23.0000,7750,1,1,86938,0,167074,0.520359,25,2,28,264,4028732,27.92490,0.00143,2.34219,0.00420,1,1,3,1.329015,1.000000,1.111764,-0.233363,-0.233326,14.728057,7751,0.015842,0.047069,69355,28328,15274,10041,6792,4997,3872,3110,25304,1,1,1,1
23.9000,7750,1,1,88838,0,170730,0.520345,1,2,35,35,246571,28.54873,0.00143,2.34219,0.00420,1,1,2,1.315237,1.000000,1.318335,-0.545292,-0.545257,14.416120,776,0.037823,0.004814,70509,29179,16098,10064,6836,4986,3877,3071,26109,1,1,1,1
22.3500,7762,1,1,85740,0,164706,0.520567,1,7,7,91,649590,27.47202,0.00161,2.34133,0.00438,1,0,2,1.228108,1.000000,1.999760,-0.009143,-0.009116,14.952384,12805,0.000610,0.076475,68271,28159,15409,9785,6667,4921,3797,2940,24756,1,1,1,1
22.4000,7762,1,1,85612,0,164297,0.521084,12,2,12,908,731179,27.50667,0.00161,2.34133,0.00438,1,1,2,1.401566,1.000000,1.437312,-0.026445,-0.026401,14.935022,12417,0.001768,0.074244,67859,28088,15293,9700,6832,4892,3722,2912,24998,1,1,1,1
23.0000,7762,1,1,87043,1,167102,0.520901,3,12,12,510,326430,27.92263,0.00161,2.34133,0.00438,0,0,3,3.226292,2.980365,2.980365,-0.234472,-0.234321,14.726884,7761,0.015911,0.047061,69293,28642,15450,9869,6752,4884,3867,2941,25403,1,1,1,1
23.9000,7762,1,1,89332,0,171859,0.519801,190,9,190,200,135120,28.54639,0.00161,2.34133,0.00438,1,1,2,1.411827,1.000000,4.525418,-0.546380,-0.546336,14.415114,774,0.037900,0.004795,71413,29128,16003,10208,7019,5070,3979,3013,26025,1,1,1,1
22.3500,7774,1,1,85568,0,164720,0.519479,1,3,10,76,11672636,27.47532,0.00125,2.34121,0.00504,1,0,2,1.284363,1.000000,1.394339,-0.007631,-0.007599,14.953892,12829,0.000508,0.076493,68329,27899,15501,9743,6686,4953,3772,2860,24976,1,1,1,1
22.4000,7774,1,1,85778,0,164498,0.521456,2,23,23,191,1536904,27.51000,0.00125,2.34121,0.00504,1,1,2,1.386791,1.000000,11.004232,-0.025107,-0.025065,14.936401,12440,0.001678,0.074260,67950,28059,15253,9716,6632,4933,3690,2989,25275,1,1,1,1
23.0000,7774,1,1,87365,1,167453,0.521732,1,1,12,225,5758354,27.92594,0.00125,2.34121,0.00504,0,1,3,1.374267,1.030375,1.030375,-0.232925,-0.232884,14.728597,7775,0.015812,0.047067,69359,28650,15661,9674,6772,4907,3799,2996,25634,1,1,1,1
23.9000,7774,1,1,89218,0,171434,0.520425,1,29,29,388,392061,28.54972,0.00125,2.34121,0.00504,1,1,2,1.074188,1.000000,2.368179,-0.544868,-0.544859,14.416334,779,0.037795,0.004818,71201,29265,15742,10029,6764,5172,3940,3185,26135,1,1,1,1
22.3500,7786,1,1,86055,1,164623,0.522743,9,3,53,83,785725,27.47471,0.00273,2.34350,0.00509,0,1,3,1.306075,1.031232,1.031232,-0.007243,-0.007209,14.954286,12844,0.000482,0.076462,68257,27848,15351,9829,6616,4936,3789,2987,25009,1,1,1,1
22.4000,7786,1,1,86021,1,165265,0.520507,1,5,12,89,112150,27.50934,0.00273,2.34350,0.00509,0,1,3,3.313600,2.619132,2.619132,-0.024618,-0.024464,14.936854,12460,0.001638,0.074263,68539,28164,15417,9730,6838,4962,3728,2928,24958,1,1,1,1
23.0000,7786,1,1,87489,1,168074,0.520542,10,5,10,10,1397127,27.92527,0.00273,2.34350,0.00509,0,1,3,1.356576,1.260453,1.260453,-0.232532,-0.232493,14.729029,7783,0.015785,0.047042,69960,28388,15933,9885,6718,4979,3813,3033,25364,1,1,1,1
23.9000,7786,1,1,90071,1,172859,0.521069,24,4,24,338,663668,28.54906,0.00273,2.34350,0.00509,0,1,3,1.739942,1.629128,1.629128,-0.544446,-0.544375,14.416663,776,0.037760,0.004792,72025,29431,16156,10140,7040,5188,3929,2994,25955,1,1,1,1
22.3500,7798,1,1,86173,1,165287,0.521357,8,82,82,82,319739,27.47577,0.00185,2.34194,0.00575,0,1,3,16.722963,16.320682,16.320682,-0.007316,-0.006954,14.954577,12868,0.000465,0.076486,68478,28255,15356,9825,6629,5029,3773,3033,24908,1,1,1,1
22.4000,7798,1,1,86444,0,165896,0.521077,5,226,226,226,149421,27.51044,0.00185,2.34194,0.00575,1,1,2,1.055254,1.000000,12.859324,-0.024633,-0.024626,14.936898,12479,0.001649,0.074261,69024,28009,15477,9734,6821,5018,3908,2953,24951,1,1,1,1
23.0000,7798,1,1,87113,1,167425,0.520314,1,35,35,35,196403,27.92634,0.00185,2.34194,0.00575,0,1,3,1.973301,1.440606,1.302348,-0.232438,-0.232351,14.729054,7799,0.015775,0.047066,69152,28436,15542,9991,6866,5016,3827,2969,25625,1,1,1,1
23.9000,7798,1,1,88987,1,171662,0.518388,2,1,16,20,5124106,28.55016,0.00185,2.34194,0.00575,0,0,3,1.443536,1.111388,1.111388,-0.544336,-0.544289,14.417082,784,0.037753,0.004834,71201,29195,15870,10001,6920,5089,3872,3110,26403,1,1,1,1
22.3500,7810,1,1,86565,1,165654,0.522568,2,13,13,361,4456049,27.47547,0.00211,2.34169,0.00662,0,1,3,6.739222,5.700946,5.700946,-0.007249,-0.007005,14.954512,12889,0.000468,0.076493,68880,28279,15457,9697,6589,4915,3692,3034,25110,1,1,1,1
22.4000,7810,1,1,86558,0,165733,0.522277,1,84,84,84,169922,27.51017,0.00211,2.34169,0.00662,1,1,2,1.327735,1.000000,32.634324,-0.024712,-0.024675,14.936808,12498,0.001652,0.074260,68993,28142,15349,9606,6731,4985,3716,2901,25309,1,1,1,1
23.0000,7810,1,1,87538,0,168492,0.519541,2,160,160,160,630959,27.92606,0.00211,2.34169,0.00662,1,1,2,1.183353,1.000000,32.127408,-0.232655,-0.232633,14.728674,7812,0.015795,0.047073,69991,28667,15584,9919,6954,4995,3753,3036,25592,1,1,1,1
23.9000,7810,1,1,89880,0,172454,0.521185,1,14,30,118,387223,28.54989,0.00211,2.34169,0.00662,1,1,2,1.285254,1.000000,4.994142,-0.544452,-0.544420,14.416945,782,0.037762,0.004814,71549,29413,16313,10111,6852,5208,3813,3073,26121,1,1,1,1
22.3500,7822,1,1,86762,0,166126,0.522269,1,107,107,107,1280345,27.47424,0.00322,2.35662,0.00483,1,1,2,1.135242,1.000000,15.629603,-0.007360,-0.007343,14.954171,12906,0.000491,0.076478,69076,28323,15545,9600,6845,4937,3734,3025,25040,1,1,1,1
22.4000,7822,1,1,86464,0,165563,0.522245,31,14,110,181,2626709,27.50889,0.00322,2.35662,0.00483,1,1,2,1.224028,1.000000,3.498744,-0.024588,-0.024562,14.936771,12515,0.001644,0.074247,68804,28232,15373,9543,6773,4924,3756,2875,25282,1,1,1,1
23.0000,7822,1,1,87903,1,168930,0.520355,2,5,84,521,167005,27.92484,0.00322,2.35662,0.00483,0,1,3,3.195778,2.583405,2.583405,-0.232548,-0.232400,14.728855,7821,0.015779,0.047054,70282,28635,15841,9874,6809,5031,3857,3060,25540,1,1,1,1
23.9000,7822,1,1,89945,1,172641,0.520997,1,138,138,138,117503,28.54861,0.00322,2.35662,0.00483,0,0,3,7.931081,7.243631,7.243631,-0.544495,-0.544230,14.416996,786,0.037749,0.004831,71668,29244,16216,10184,6975,5157,3952,3062,26182,1,1,1,1
22.3500,7834,1,1,86305,1,165492,0.521509,2,11,11,345,343323,27.46670,0.00150,2.34678,0.00668,0,0,3,2.491781,2.177424,2.177424,-0.011838,-0.011722,14.949557,12924,0.000784,0.076491,68339,28004,15585,9716,6848,5003,3806,2941,25249,1,1,1,1
22.4000,7834,1,1,85964,0,165358,0.519869,1,81,184,184,122565,27.50139,0.00150,2.34678,0.00668,1,1,2,1.037420,1.000000,3.168428,-0.029204,-0.029199,14.931911,12532,0.001955,0.074259,68442,28020,15338,9675,6698,5017,3801,2868,25498,1,1,1,1
23.0000,7834,1,1,87787,1,168626,0.520605,1,2,8,74,1045546,27.91733,0.00150,2.34678,0.00668,0,0,3,1.647613,1.194844,1.194844,-0.237112,-0.237049,14.724362,7831,0.016099,0.047057,69773,28715,15816,10048,6846,4897,3807,3048,25675,1,1,1,1
23.9000,7834,1,1,89775,1,173112,0.518598,1,9,18,72,515800,28.54111,0.00150,2.34678,0.00668,0,1,3,1.444297,1.064080,1.064080,-0.548990,-0.548943,14.412534,781,0.038088,0.004795,72093,29029,16296,10241,6935,5127,3916,3088,26386,1,1,1,1
22.3500,7846,1,1,86562,0,166376,0.520282,3,4,14,82,175107,27.46418,0.00150,2.34265,0.00467,1,1,2,1.368168,1.000000,1.908454,-0.013164,-0.013124,14.948281,12943,0.000878,0.076493,68971,28464,15410,9746,6860,5013,3763,3057,25091,1,1,1,1
22.4000,7846,1,1,86449,1,166280,0.519903,43,2,43,132,78180,27.49881,0.00150,2.34265,0.00467,0,1,3,1.267346,1.071497,1.071497,-0.030440,-0.030410,14.930585,12551,0.002037,0.074264,69291,28124,15243,9756,6762,4964,3817,2933,25389,1,1,1,1
23.0000,7846,1,1,87996,0,169423,0.519389,1,4,31,31,116011,27.91473,0.00150,2.34265,0.00467,1,1,2,1.196389,1.000000,1.312590,-0.238416,-0.238393,14.723113,7843,0.016192,0.047061,70566,28803,15659,10037,6755,5063,3800,3083,25656,1,1,1,1
23.9000,7846,1,1,90008,0,173256,0.519512,5,9,9,40,719279,28.53853,0.00150,2.34265,0.00467,1,1,2,1.357069,1.000000,4.201222,-0.550390,-0.550351,14.411049,782,0.038190,0.004794,72131,29380,16095,10185,6950,5242,3961,3108,26203,1,1,1,1
22.3500,7858,1,1,86564,0,166260,0.520658,3,2,6,46,902921,27.47105,0.00123,2.34563,0.00439,1,1,2,1.412575,1.000000,1.577594,-0.009827,-0.009783,14.951655,12969,0.000654,0.076512,68665,28298,15670,9686,6823,5115,3749,2904,25349,1,1,1,1
22.4000,7858,1,1,87050,0,166941,0.521445,1,19,19,173,111889,27.50572,0.00123,2.34563,0.00439,1,1,2,1.231203,1.000000,5.315897,-0.027239,-0.027213,14.934289,12576,0.001822,0.074280,69205,28368,15702,9820,6723,4880,3918,3075,25249,1,1,1,1
23.0000,7858,1,1,87738,0,168805,0.519763,1,10,12,22,667994,27.92163,0.00123,2.34563,0.00439,1,1,2,1.113210,1.000000,1.414031,-0.235107,-0.235093,14.726425,7861,0.015964,0.047086,69741,28751,15661,9906,6874,5073,3826,3031,25941,1,1,1,1
23.9000,7858,1,1,90487,1,174117,0.519694,1,32,32,65,738113,28.54544,0.00123,2.34563,0.00439,0,1,3,16.384561,14.183548,14.183548,-0.547162,-0.546806,14.414725,789,0.037934,0.004828,72737,29626,16074,10285,6989,5084,3822,2994,26505,1,1,1,1
22.3500,7870,1,1,86991,1,166748,0.521695,2,12,76,76,107709,27.46217,0.00114,2.33760,0.00601,0,1,3,2.536047,1.841115,1.688363,-0.014299,-0.014180,14.947291,12987,0.000949,0.076524,69233,28261,15401,9976,6804,5009,3834,2902,25327,1,1,1,1
22.4000,7870,1,1,86947,1,166849,0.521115,1,62,62,62,30161,27.49688,0.00114,2.33760,0.00601,0,0,3,6.416636,5.636836,5.636836,-0.031726,-0.031490,14.929784,12593,0.002109,0.074289,69211,28535,15293,9902,6836,4925,3733,2967,25446,1,1,1,1
23.0000,7870,1,1,88609,1,170210,0.520589,1,2,7,29,114948,27.91276,0.00114,2.33760,0.00601,0,1,3,2.465692,1.763934,1.763934,-0.239597,-0.239482,14.722019,7871,0.016267,0.047088,70808,29041,15780,9974,6821,5167,3934,2987,25697,1,1,1,1
23.9000,7870,1,1,90354,0,174058,0.519106,2,4,9,20,103343,28.53660,0.00114,2.33760,0.00601,1,1,2,1.380337,1.000000,2.328375,-0.551531,-0.551490,14.409923,791,0.038272,0.004835,72420,29521,16202,10121,7197,5090,3986,3121,26399,1,1,1,1
22.3500,7882,1,1,87139,1,167102,0.521475,3,4,4,34,1537613,27.45917,0.00256,2.34342,0.00573,0,1,3,3.008772,2.285700,2.285700,-0.015094,-0.014955,14.946568,13006,0.001001,0.076523,69348,28433,15539,9902,6799,4969,3794,3019,25298,1,1,1,1
22.4000,7882,1,1,87267,1,167003,0.522551,6,1217,1217,1217,121490,27.49382,0.00256,2.34342,0.00573,0,1,3,59.193283,58.787203,58.787203,-0.032625,-0.032108,14.929424,12611,0.002151,0.074284,69552,28077,15603,9949,6755,4861,3723,2955,25527,1,1,1,1
23.0000,7882,1,1,88481,1,169616,0.521658,15,10,15,48,1488705,27.90978,0.00256,2.34342,0.00573,0,1,3,1.279495,1.104211,1.104211,-0.240352,-0.240321,14.721191,7881,0.016325,0.047079,70127,28974,15853,10089,6789,5037,3871,3065,25810,1,1,1,1
23.9000,7882,1,1,90540,0,173890,0.520677,1,16,29,37,128928,28.53354,0.00256,2.34342,0.00573,1,1,2,1.120223,1.000000,2.130335,-0.552275,-0.552261,14.408998,788,0.038327,0.004809,71956,29580,16430,10215,7136,5022,3877,3112,26561,1,1,1,1
22.3500,7894,1,1,87109,1,166692,0.522578,3,2,119,119,1772240,27.46733,0.00136,2.35427,0.00510,0,1,3,1.778924,1.331434,1.331434,-0.011563,-0.011490,14.949794,13031,0.000769,0.076537,69194,28259,15426,9881,6859,4859,3698,3036,25479,1,1,1,1
22.4000,7894,1,1,87170,0,167011,0.521945,4,11,18,47,130285,27.50202,0.00136,2.35427,0.00510,1,1,2,1.213430,1.000000,2.778751,-0.028952,-0.028927,14.932402,12639,0.001937,0.074321,69312,28119,15658,9947,6761,4856,3825,3046,25486,1,1,1,1
23.0000,7894,1,1,88154,0,169822,0.519100,1,9,34,34,88416,27.91796,0.00136,2.35427,0.00510,1,1,2,1.384254,1.000000,4.908471,-0.236958,-0.236917,14.724552,7899,0.016090,0.047104,70488,28882,15684,10096,6839,5015,3823,3066,25928,1,1,1,1
23.9000,7894,1,1,90607,1,174315,0.519792,1,1,24,32,442357,28.54174,0.00136,2.35427,0.00510,0,1,3,1.608315,1.139349,1.139349,-0.548752,-0.548691,14.412746,795,0.038070,0.004843,72456,29400,16305,10382,7128,5210,3934,3139,26360,1,1,1,1
22.3500,7906,1,1,86767,1,167165,0.519053,2,4,168,168,315386,27.46743,0.00132,2.35063,0.00599,0,1,3,2.418247,2.029207,2.029207,-0.011631,-0.011519,14.949995,13046,0.000771,0.076508,69276,28317,15601,9985,6881,4944,3598,2977,25585,1,1,1,1
22.4000,7906,1,1,87304,0,167507,0.521199,7,313,313,382,33931700,27.50206,0.00132,2.35063,0.00599,1,0,2,1.003626,1.000000,1.146238,-0.028911,-0.028910,14.932622,12653,0.001936,0.074289,69520,28448,15609,9759,6684,5032,3932,2997,25525,1,1,1,1
23.0000,7906,1,1,88789,1,170842,0.519717,1,9,11,11,82062,27.91798,0.00132,2.35063,0.00599,0,1,3,2.029590,1.453099,1.303440,-0.236879,-0.236790,14.724674,7907,0.016081,0.047080,70933,29100,15888,10016,6872,5146,3884,3093,25909,1,1,1,1
23.9000,7906,1,1,90729,1,174937,0.518641,2,1,40,40,1113953,28.54178,0.00132,2.35063,0.00599,0,0,3,1.283383,1.023559,1.023559,-0.548757,-0.548726,14.412780,796,0.038072,0.004842,73124,29576,16164,10358,6873,5202,4082,3068,26489,1,1,1,1
22.3500,7918,1,1,87541,1,167819,0.521642,1,72,72,72,429456,27.46568,0.00246,2.34586,0.00473,0,1,3,48.520699,36.350498,36.350498,-0.012097,-0.011607,14.949925,13067,0.000776,0.076515,69754,28255,15795,9984,6844,4984,3798,2941,25463,1,1,1,1
22.4000,7918,1,1,87472,0,168325,0.519664,1,21,82,82,1088921,27.50035,0.00246,2.34586,0.00473,1,1,2,1.322795,1.000000,8.550847,-0.029339,-0.029303,14.932082,12671,0.001962,0.074285,70020,28625,15695,9874,6773,5038,3807,3037,25455,1,1,1,1
23.0000,7918,1,1,88745,1,170347,0.520969,1,5,6,48,1117529,27.91625,0.00246,2.34586,0.00473,0,0,3,1.969982,1.496677,1.496677,-0.237180,-0.237095,14.724288,7921,0.016102,0.047093,70649,28847,15717,10055,6880,5160,3912,3057,26069,1,1,1,1
23.9000,7918,1,1,91016,0,174678,0.521053,1,5,5,39,753490,28.54007,0.00246,2.34586,0.00473,1,1,3,1.158909,1.000000,1.196927,-0.549071,-0.549053,14.412460,793,0.038096,0.004817,72398,29768,16169,10303,7216,5188,3930,3183,26522,1,1,1,1
22.3500,7930,1,1,87577,1,167777,0.521988,1,1,9,173,61446,27.46672,0.00131,2.34556,0.00571,0,0,3,1.626042,1.165051,1.165051,-0.011915,-0.011854,14.949570,13082,0.000793,0.076489,69360,28799,15684,9835,6766,5022,3781,3046,25483,1,1,1,1
22.4000,7930,1,1,87354,0,167947,0.520131,1,1,85,282,673156,27.50143,0.00131,2.34556,0.00571,1,1,3,1.411348,1.000000,1.147695,-0.029263,-0.029219,14.932218,12686,0.001957,0.074260,69463,28912,15679,9834,6802,4954,3784,2979,25539,1,1,1,1
23.0000,7930,1,1,88852,0,170459,0.521255,1,2,237,918,162637,27.91731,0.00131,2.34556,0.00571,1,1,3,1.267981,1.000000,1.046294,-0.237203,-0.237173,14.724187,7928,0.016108,0.047064,70566,28962,15722,10063,6955,4994,3911,3059,26226,1,1,1,1
23.9000,7930,1,1,91234,0,175456,0.519985,1,2,48,641,266778,28.54115,0.00131,2.34556,0.00571,1,1,2,1.412476,1.000000,1.632262,-0.549147,-0.549103,14.412349,790,0.038100,0.004791,72662,29984,16442,10270,7248,5150,4013,3120,26566,1,1,1,1
22.3500,7942,1,1,87810,0,168288,0.521787,1,6,8,152,146181,27.46706,0.00131,2.34984,0.00623,1,0,2,1.256375,1.000000,2.115294,-0.011766,-0.011737,14.949762,13108,0.000785,0.076524,69921,28554,15846,9712,6841,5038,3803,3023,25549,1,1,1,1
22.4000,7942,1,1,88096,0,168701,0.522205,1,2,60,787,176886,27.50171,0.00131,2.34984,0.00623,1,0,2,1.367960,1.000000,1.412160,-0.029064,-0.029025,14.932451,12714,0.001944,0.074310,70167,28768,15541,9989,6862,5002,3817,3001,25553,1,1,1,1
23.0000,7942,1,1,89302,0,171316,0.521274,1,1,20,22,243893,27.91767,0.00131,2.34984,0.00623,1,1,3,1.332097,1.000000,1.017973,-0.237022,-0.236986,14.724405,7946,0.016095,0.047098,70976,29404,15867,10041,7026,5081,3968,3067,25885,1,1,1,1
23.9000,7942,1,1,91533,1,175498,0.521564,8,3,11,102,82776,28.54143,0.00131,2.34984,0.00623,0,1,3,1.538101,1.148840,1.148840,-0.548912,-0.548857,14.412626,799,0.038082,0.004838,72973,29840,16355,10224,7230,5175,3988,3064,26648,1,1,1,1
22.3500,7954,1,1,87768,0,168613,0.520532,1,6,21,98,229215,27.47375,0.00185,2.35288,0.00529,1,1,2,1.374397,1.000000,3.180365,-0.008158,-0.008118,14.953356,13124,0.000543,0.076483,69945,28822,15640,9985,6862,4996,3953,3064,25345,1,1,1,1
22.4000,7954,1,1,88004,0,168626,0.521892,18,7,18,22,399624,27.50844,0.00185,2.35288,0.00529,1,1,2,1.388292,1.000000,3.341831,-0.025503,-0.025462,14.936007,12728,0.001705,0.074262,69809,29071,15536,9919,6777,5047,3776,3010,25680,1,1,1,1
23.0000,7954,1,1,89095,1,171201,0.520415,1,10,15,33,3783459,27.92438,0.00185,2.35288,0.00529,0,1,3,1.632144,1.201080,1.201080,-0.233404,-0.233342,14.728136,7953,0.015843,0.047057,71061,29043,15945,10079,6976,5098,3851,3005,26142,1,1,1,1
23.9000,7954,1,1,91229,1,175804,0.518927,2,5,18,89,624138,28.54816,0.00185,2.35288,0.00529,0,1,3,1.965365,1.510802,1.510802,-0.545313,-0.545228,14.416263,795,0.037820,0.004806,73306,29571,16430,10235,7125,5138,4123,3165,26710,1,1,1,1
22.3500,7966,1,1,87981,1,168864,0.521020,1,57,57,57,119777,27.47312,0.00166,2.35080,0.00435,0,1,3,4.567764,3.855390,3.843306,-0.008651,-0.008461,14.953049,13143,0.000566,0.076480,70316,28691,15651,9854,6905,5045,3788,2986,25627,1,1,1,1
22.4000,7966,1,1,87835,1,168487,0.521319,26,7,26,28,300143,27.50775,0.00166,2.35080,0.00435,0,1,3,1.769520,1.405921,1.405921,-0.025904,-0.025832,14.935666,12745,0.001730,0.074251,69747,28584,15844,9881,6842,5024,3766,2949,25849,1,1,1,1
23.0000,7966,1,1,89607,1,171764,0.521690,1,5,139,308,975072,27.92367,0.00166,2.35080,0.00435,0,1,3,4.512580,3.232044,3.232044,-0.233918,-0.233729,14.727573,7965,0.015870,0.047059,71123,29573,15853,10302,6896,5023,3807,3025,26161,1,1,1,1
23.9000,7966,1,1,91834,0,175940,0.521965,2,31,31,144,292533,28.54747,0.00166,2.35080,0.00435,1,1,2,1.180184,1.000000,6.295680,-0.545859,-0.545838,14.415672,796,0.037864,0.004805,72873,30134,16487,10324,7024,5267,3990,3218,26622,1,1,1,1
22.3500,7978,1,1,88110,0,168990,0.521395,5,28,28,146,132235,27.47269,0.00156,2.34361,0.00573,1,1,2,1.035462,1.000000,1.120583,-0.008813,-0.008809,14.952304,13159,0.000589,0.076462,70182,28622,15871,9959,6764,4999,3850,2995,25747,1,1,1,1
22.4000,7978,1,1,88523,1,169621,0.521890,7,3,246,321,346609,27.50736,0.00156,2.34361,0.00573,0,1,3,1.719595,1.343048,1.343048,-0.026162,-0.026094,14.935401,12760,0.001747,0.074228,70666,28633,15742,9818,7019,5028,3898,3079,25737,1,1,1,1
23.0000,7978,1,1,89561,1,171758,0.521440,1,31,31,506,101316,27.92326,0.00156,2.34361,0.00573,0,1,3,7.754625,7.084815,7.084815,-0.234220,-0.233963,14.727561,7973,0.015886,0.047035,71062,29224,15896,10337,6958,5034,3881,3108,26257,1,1,1,1
23.9000,7978,1,1,91506,0,175889,0.520252,3,65,242,2352,359458,28.54708,0.00156,2.34361,0.00573,1,1,2,1.382528,1.000000,30.131699,-0.546218,-0.546177,14.415294,793,0.037889,0.004779,72833,29835,16319,10417,7291,5186,4011,3168,26828,1,1,1,1
22.3500,7990,1,1,87883,1,168625,0.521177,12,84,84,497,647485,27.47514,0.00121,2.34916,0.00449,0,1,3,21.590721,20.271476,20.271476,-0.007931,-0.007546,14.953983,13185,0.000505,0.076490,69784,28528,15601,10200,6870,5064,3815,3074,25688,1,1,1,1
22.4000,7990,1,1,88448,0,169555,0.521651,2,38,38,38,13374058,27.50984,0.00121,2.34916,0.00449,1,0,2,1.139180,1.000000,5.796094,-0.025202,-0.025186,14.936330,12786,0.001686,0.074262,70570,28709,15676,10058,6898,5070,3897,3073,25603,1,1,1,1
23.0000,7990,1,1,89550,0,172075,0.520416,1,24,3483,3483,176313,27.92573,0.00121,2.34916,0.00449,1,1,2,1.224624,1.000000,6.132301,-0.233150,-0.233125,14.728379,7994,0.015828,0.047086,71559,29028,15919,10064,7102,5094,3985,3125,26198,1,1,1,1
23.9000,7990,1,1,91656,0,176266,0.519990,5,266,266,266,239878,28.54956,0.00121,2.34916,0.00449,1,0,2,1.008574,1.000000,2.304531,-0.545005,-0.545004,14.416529,800,0.037804,0.004814,73244,29752,16500,10285,7167,5296,4033,3119,26869,1,1,1,1
22.3500,8002,1,1,87999,1,169479,0.519236,43,2,43,45,1952519,27.47339,0.00147,2.35084,0.00416,0,1,3,1.166045,1.110441,1.110441,-0.008473,-0.008454,14.952571,13204,0.000565,0.076492,70389,28813,15840,9903,6765,5133,3934,3011,25690,1,1,1,1
22.4000,8002,1,1,88560,0,169804,0.521546,1,15,15,89,455900,27.50804,0.00147,2.35084,0.00416,1,1,2,1.092202,1.000000,1.624900,-0.025826,-0.025815,14.935707,12803,0.001728,0.074253,70570,28765,15896,9914,7056,4955,3802,2967,25878,1,1,1,1
23.0000,8002,1,1,89521,1,172439,0.519149,1,6,17,52,57304,27.92399,0.00147,2.35084,0.00416,0,0,3,2.262367,1.698992,1.698992,-0.233808,-0.233706,14.727687,8001,0.015868,0.047058,71664,29259,15862,10227,6952,5294,3905,3080,26195,1,1,1,1
23.9000,8002,1,1,91896,0,176947,0.519345,1,22,22,25,254433,28.54776,0.00147,2.35084,0.00416,1,1,2,1.105894,1.000000,2.657438,-0.545718,-0.545705,14.415816,800,0.037855,0.004807,73527,30131,16263,10674,7321,5187,4015,3162,26666,1,1,1,1
22.3500,8014,1,1,88188,0,169041,0.521699,1,4,7,103,7710660,27.47057,0.00221,2.34942,0.00441,1,0,2,1.238591,1.000000,1.407956,-0.009513,-0.009487,14.952016,13222,0.000634,0.076485,70095,28648,15676,9788,6844,5116,3743,3082,26048,1,1,1,1
22.4000,8014,1,1,88890,0,170244,0.522136,1,3,19,41,2205696,27.50526,0.00221,2.34942,0.00441,1,0,2,1.373964,1.000000,2.130713,-0.026881,-0.026842,14.934633,12821,0.001797,0.074251,71040,28538,16084,9956,6835,4979,4004,3048,25759,1,1,1,1
23.0000,8014,1,1,89884,0,172836,0.520057,1,2,5,96,711118,27.92120,0.00221,2.34942,0.00441,1,1,2,1.377300,1.000000,1.594723,-0.234834,-0.234794,14.726621,8011,0.015943,0.047050,71875,29493,15969,10116,6915,5213,3912,3113,26229,1,1,1,1
23.9000,8014,1,1,92159,1,177128,0.520299,2,36,36,71,1884704,28.54498,0.00221,2.34942,0.00441,0,0,3,1.801373,1.451599,1.451599,-0.546718,-0.546644,14.414705,799,0.037923,0.004794,73691,30336,16384,10245,7196,5182,4008,3142,26943,1,1,1,1
22.3500,8026,1,1,88729,1,170167,0.521426,2,3,74,74,188181,27.46590,0.00121,2.34268,0.00567,0,1,3,2.137172,1.749097,1.749097,-0.012433,-0.012339,14.948973,13244,0.000825,0.076513,70917,28880,15601,10111,6791,5118,3858,3058,25832,1,1,1,1
22.4000,8026,1,1,88495,1,169710,0.521451,1,29,59,59,223193,27.50053,0.00121,2.34268,0.00567,0,1,3,2.949931,2.244062,2.131536,-0.029763,-0.029628,14.931862,12843,0.001984,0.074281,70233,28956,15887,9828,6869,5101,3850,3049,25936,1,1,1,1
23.0000,8026,1,1,90428,0,173276,0.521876,2,22,22,79,3373853,27.91645,0.00121,2.34268,0.00567,1,1,2,1.373063,1.000000,10.105085,-0.237821,-0.237782,14.723694,8027,0.016150,0.047083,71995,29288,16121,10422,7099,5078,3915,3083,26274,1,1,1,1
23.9000,8026,1,1,91934,0,177186,0.518859,1,16,25,142,157735,28.54025,0.00121,2.34268,0.00567,1,0,2,1.144921,1.000000,2.656379,-0.549636,-0.549619,14.411897,806,0.038137,0.004830,73456,30254,16331,10533,7255,5344,3993,3152,26867,1,1,1,1
22.3500,8038,1,1,88592,0,170327,0.520132,1,8,58,478,1612411,27.46658,0.00255,2.34221,0.00452,1,0,2,1.189488,1.000000,1.824024,-0.011409,-0.011387,14.950123,13265,0.000762,0.076514,70864,28924,15866,10063,6777,5068,3824,3025,25915,1,1,1,1
22.4000,8038,1,1,88764,0,170633,0.520207,1,15,246,246,65709,27.50125,0.00255,2.34221,0.00452,1,1,2,1.414166,1.000000,8.435884,-0.028837,-0.028794,14.932653,12862,0.001928,0.074276,70968,28935,15696,9994,7051,5047,3912,3171,25858,1,1,1,1
23.0000,8038,1,1,90342,0,173627,0.520325,2,23,23,55,96300,27.91715,0.00255,2.34221,0.00452,1,1,2,1.220941,1.000000,5.871848,-0.236768,-0.236743,14.724596,8046,0.016078,0.047121,72171,29776,16001,10132,7173,5000,3855,3155,26363,1,1,1,1
23.9000,8038,1,1,91774,0,176708,0.519357,2,4,35,76,224125,28.54097,0.00255,2.34221,0.00452,1,1,2,1.287007,1.000000,1.676500,-0.548597,-0.548566,14.412807,808,0.038061,0.004834,72999,30025,16553,10375,7092,5200,4031,3180,27252,1,1,1,1
22.3500,8050,1,1,88840,0,170673,0.520531,41,86,92,92,60558,27.46469,0.00249,2.34561,0.00467,1,1,2,1.110857,1.000000,10.183095,-0.012473,-0.012460,14.948796,13282,0.000833,0.076504,70930,29040,15949,10057,6873,5096,3825,3018,25884,1,1,1,1
22.4000,8050,1,1,89080,0,170918,0.521189,3,15,19,62,155838,27.49940,0.00249,2.34561,0.00467,1,1,2,1.203834,1.000000,3.562747,-0.029757,-0.029734,14.931774,12879,0.001991,0.074268,70878,29066,15966,10275,6875,5069,3843,3102,25843,1,1,1,1
23.0000,8050,1,1,90248,0,173583,0.519916,4,6,85,85,116443,27.91528,0.00249,2.34561,0.00467,1,1,2,1.303139,1.000000,2.280726,-0.237674,-0.237641,14.723852,8049,0.016140,0.047071,71976,29517,16168,10257,7064,5147,3959,3124,26370,1,1,1,1
23.9000,8050,1,1,92694,0,178246,0.520037,1,39,58,4265,216287,28.53912,0.00249,2.34561,0.00467,1,1,2,1.407329,1.000000,19.854295,-0.549725,-0.549682,14.411753,807,0.038141,0.004822,74001,30282,16629,10668,7264,5358,4043,3217,26783,1,1,1,1
22.3500,8062,1,1,88690,0,170326,0.520710,1,3,23,62,542249,27.46312,0.00156,2.34065,0.00538,1,0,3,1.251423,1.000000,1.145404,-0.013566,-0.013539,14.947963,13300,0.000906,0.076498,70826,28559,15936,9970,6951,5070,3987,3076,25950,1,1,1,1
22.4000,8062,1,1,89469,1,171359,0.522117,1,12,122,122,225350,27.49777,0.00156,2.34065,0.00538,0,1,3,7.364042,6.055198,6.055198,-0.030997,-0.030750,14.930779,12897,0.002059,0.074266,70972,29297,16221,10132,7009,4969,3949,2941,25868,1,1,1,1
23.0000,8062,1,1,90347,1,173678,0.520201,1,1,49,667,477273,27.91373,0.00156,2.34065,0.00538,0,1,3,1.544041,1.241339,1.241339,-0.238873,-0.238819,14.722683,8059,0.016221,0.047063,72187,29447,16233,10195,7226,5131,3933,3018,26307,1,1,1,1
23.9000,8062,1,1,92271,1,177687,0.519292,1,4,5,29,238668,28.53749,0.00156,2.34065,0.00538,0,0,3,2.249730,1.707080,1.707080,-0.550779,-0.550679,14.410709,804,0.038213,0.004797,73474,30282,16511,10539,7278,5279,4203,3049,27071,1,1,1,1
22.3500,8074,1,1,89133,1,170770,0.521951,1,13,29,33,178348,27.45865,0.00332,2.34364,0.00630,0,1,3,2.439283,1.873402,1.873402,-0.014935,-0.014825,14.946668,13321,0.000992,0.076512,70862,28983,15779,9927,7195,4965,3927,3131,26000,1,1,1,1
22.4000,8074,1,1,89109,1,171384,0.519941,1,655,655,655,346218,27.49333,0.00332,2.34364,0.00630,0,1,3,7.737256,7.039453,7.016460,-0.032360,-0.032107,14.929137,12916,0.002151,0.074273,70949,29362,16052,10072,7069,5074,3860,3040,25905,1,1,1,1
23.0000,8074,1,1,90575,1,173831,0.521055,1,4,5,41,426861,27.90927,0.00332,2.34364,0.00630,0,0,3,2.477024,1.959438,1.959438,-0.240251,-0.240139,14.721224,8073,0.016312,0.047079,72144,29540,16183,10203,6998,5351,3937,3182,26292,1,1,1,1
23.9000,8074,1,1,92594,0,177981,0.520249,1,6,102,102,298504,28.53305,0.00332,2.34364,0.00630,1,0,2,1.275009,1.000000,2.158765,-0.552147,-0.552117,14.409380,805,0.038317,0.004796,73883,30287,16256,10546,7372,5393,3926,3171,27146,1,1,1,1
22.3500,8086,1,1,89208,0,171170,0.521169,1,15,20,64,2745750,27.46438,0.00120,2.34124,0.00633,1,1,2,1.284814,1.000000,5.482461,-0.013267,-0.013236,14.948260,13343,0.000885,0.076516,71078,28910,15974,10156,7037,5225,3897,2934,25958,1,1,1,1
22.4000,8086,1,1,89364,0,171668,0.520566,1,2,19,692,531461,27.49901,0.00120,2.34124,0.00633,1,1,3,1.238355,1.000000,1.193293,-0.030485,-0.030458,14.931072,12939,0.002040,0.074285,71355,29432,15807,9988,6866,5016,4022,3098,26083,1,1,1,1
23.0000,8086,1,1,90479,1,174159,0.519523,26,5,27,154,340999,27.91493,0.00120,2.34124,0.00633,0,1,3,2.307711,2.057121,2.057121,-0.238484,-0.238380,14.722631,8087,0.016191,0.047086,72286,29520,16260,10366,7043,5186,3937,3222,26338,1,1,1,1
23.9000,8086,1,1,92926,0,178489,0.520629,3,76,76,108,157399,28.53873,0.00120,2.34124,0.00633,1,1,2,1.411214,1.000000,38.304127,-0.550564,-0.550521,14.410920,810,0.038202,0.004818,74157,30205,16619,10454,7309,5319,4044,3100,27281,1,1,1,1
22.3500,8098,1,1,89534,0,171772,0.521240,1,17,105,500,761878,27.46333,0.00175,2.34568,0.00772,1,1,2,1.257952,1.000000,5.398752,-0.013500,-0.013471,14.948030,13360,0.000901,0.076502,71415,29157,15977,10216,6979,5028,3944,2979,26076,1,1,1,1
22.4000,8098,1,1,89380,0,171820,0.520199,4,2,29,3684,968911,27.49799,0.00175,2.34568,0.00772,1,1,2,1.402291,1.000000,1.416522,-0.030750,-0.030708,14.930757,12955,0.002057,0.074268,71331,29201,16075,10020,7092,5184,3942,3081,25893,1,1,1,1
23.0000,8098,1,1,91609,1,175367,0.522387,5,138,138,138,346088,27.91390,0.00175,2.34568,0.00772,0,1,3,50.228383,46.713458,46.713458,-0.238919,-0.238435,14.722402,8095,0.016195,0.047064,73129,29733,16419,10332,7130,5160,3921,3191,26351,1,1,1,1
23.9000,8098,1,1,92646,0,178523,0.518961,1,4,14,126,1181563,28.53771,0.00175,2.34568,0.00772,1,1,2,1.347163,1.000000,2.362371,-0.550642,-0.550605,14.410797,807,0.038208,0.004793,73880,30333,16653,10513,7267,5421,4119,3199,27137,1,1,1,1
22.3500,8110,1,1,89855,1,172317,0.521455,1,3,31,110,237004,27.46755,0.00186,2.35533,0.00427,0,0,3,2.010256,1.563364,1.563364,-0.011239,-0.011153,14.950221,13383,0.000746,0.076509,71975,29202,15825,10126,6975,5196,3953,3124,25940,1,1,1,1
22.4000,8110,1,1,89609,1,171924,0.521216,18,3,19,23,479687,27.50225,0.00186,2.35533,0.00427,0,1,3,2.255009,1.737726,1.737726,-0.028595,-0.028495,14.933000,12977,0.001908,0.074273,71265,29187,16098,10024,7141,5097,4025,3032,26054,1,1,1,1
23.0000,8110,1,1,91125,1,174653,0.521752,7,16,27,63,123699,27.91814,0.00186,2.35533,0.00427,0,1,3,2.847889,2.674866,2.674866,-0.236567,-0.236437,14.725090,8111,0.016057,0.047078,72567,29717,16193,10296,7010,5166,3959,3010,26734,1,1,1,1
23.9000,8110,1,1,93503,1,179459,0.521030,1,1,7,19,433847,28.54197,0.00186,2.35533,0.00427,0,0,3,1.544885,1.096771,1.096771,-0.548428,-0.548374,14.413064,812,0.038047,0.004815,74675,30453,16602,10463,7201,5484,4224,3285,27071,1,1,1,1
22.3500,8122,1,1,89403,1,172222,0.519118,2,5,27,362,314813,27.46236,0.00128,2.35598,0.00561,0,0,3,1.934706,1.560380,1.560380,-0.014108,-0.014027,14.947326,13400,0.000938,0.076507,71643,29222,16082,10102,7006,5032,3924,3176,26034,1,1,1,1
22.4000,8122,1,1,89764,0,172216,0.521232,1,4,24,44,601324,27.49700,0.00128,2.35598,0.00561,1,1,2,1.332468,1.000000,2.066937,-0.031449,-0.031413,14.929983,12993,0.002104,0.074270,71414,29484,15932,10283,6943,4927,3953,3015,26264,1,1,1,1
23.0000,8122,1,1,91125,1,175258,0.519951,20,15,26,455,356802,27.91296,0.00128,2.35598,0.00561,0,1,3,5.365882,5.000915,5.000915,-0.239482,-0.239275,14.721673,8120,0.016253,0.047072,72883,29739,16401,10374,7182,5116,4005,3054,26503,1,1,1,1
23.9000,8122,1,1,93152,0,179115,0.520071,1,12,176,7949,205327,28.53673,0.00128,2.35598,0.00561,1,1,2,1.368541,1.000000,5.707216,-0.551373,-0.551334,14.410079,810,0.038260,0.004797,74221,30179,16900,10563,7315,5368,4171,3198,27199,1,1,1,1
22.3500,8134,1,1,89480,0,171684,0.521193,1,23,23,3140,118053,27.46943,0.00128,2.34887,0.00474,1,1,2,1.049893,1.000000,1.271667,-0.010538,-0.010532,14.950998,13431,0.000704,0.076553,70843,29377,15915,10267,6899,5056,3842,3044,26440,1,1,1,1
22.4000,8134,1,1,90429,1,173364,0.521616,2,10,10,47,212235,27.50412,0.00128,2.34887,0.00474,0,1,3,1.994151,1.471515,1.449072,-0.027886,-0.027801,14.933682,13015,0.001862,0.074267,71962,29698,16325,10156,6986,5306,3955,3085,25890,1,1,1,1
23.0000,8134,1,1,91228,0,174921,0.521541,1,1,6,47,327223,27.92006,0.00128,2.34887,0.00474,1,0,3,1.413810,1.000000,1.377540,-0.235852,-0.235809,14.725644,8133,0.016013,0.047065,72477,29673,16287,10283,7141,5191,4062,3065,26741,1,1,1,1
23.9000,8134,1,1,93721,1,180039,0.520562,4,7,21,108,108117,28.54384,0.00128,2.34887,0.00474,0,1,3,1.688712,1.287160,1.287160,-0.547740,-0.547676,14.413816,813,0.037997,0.004807,74931,30596,16699,10652,7408,5335,4060,3219,27138,1,1,1,1
22.3500,8146,1,1,89669,1,172058,0.521159,1,1,3,38,428690,27.47387,0.00195,2.35096,0.00590,0,1,3,1.498849,1.165949,1.165949,-0.008044,-0.007994,14.953503,13436,0.000535,0.076455,71108,29464,15917,10232,6836,5122,3891,3063,26424,1,1,1,1
22.4000,8146,1,1,89809,1,172645,0.520198,3,9,5371,5371,606979,27.50850,0.00195,2.35096,0.00590,0,1,3,3.868799,3.464783,3.464783,-0.025431,-0.025265,14.935928,13029,0.001692,0.074227,71314,29492,16261,10140,7068,5178,3890,3185,26116,1,1,1,1
23.0000,8146,1,1,91456,0,175802,0.520225,1,4,37,37,1499396,27.92442,0.00195,2.35096,0.00590,1,1,2,1.232601,1.000000,1.458890,-0.233339,-0.233313,14.728036,8141,0.015841,0.047034,73211,29817,16406,10218,7218,5283,3989,3090,26569,1,1,1,1
23.9000,8146,1,1,93247,1,179655,0.519037,41,83,83,93,344591,28.54822,0.00195,2.35096,0.00590,0,1,3,2.922380,2.873488,2.873488,-0.545280,-0.545149,14.416385,810,0.037815,0.004781,74694,30227,16590,10622,7324,5524,4119,3197,27357,1,1,1,1
22.3500,8158,1,1,90092,0,172886,0.521109,1,23,37,74,114335,27.46757,0.00119,2.34681,0.00590,1,1,2,1.241120,1.000000,6.503278,-0.011668,-0.011642,14.949712,13458,0.000779,0.076487,71438,29633,16270,10137,7164,4990,4014,3022,26217,1,1,1,1
22.4000,8158,1,1,90199,1,173453,0.520023,1,474,474,474,851828,27.50223,0.00119,2.34681,0.00590,0,1,3,6.045967,5.163875,5.081753,-0.028986,-0.028766,14.932547,13050,0.001926,0.074254,72201,29801,16130,10157,6967,5033,3977,3025,26161,1,1,1,1
23.0000,8158,1,1,91606,0,175667,0.521478,7,24,24,28,1923299,27.91814,0.00119,2.34681,0.00590,1,1,2,1.286771,1.000000,7.967854,-0.236966,-0.236935,14.724562,8155,0.016091,0.047057,72798,29785,16477,10333,7041,5237,3997,3143,26855,1,1,1,1
23.9000,8158,1,1,93359,1,179633,0.519724,2,50,50,51,46537,28.54195,0.00119,2.34681,0.00590,0,1,3,10.209337,9.602090,9.602090,-0.548885,-0.548601,14.412929,813,0.038063,0.004793,74195,30610,16837,10553,7346,5370,4023,3167,27531,1,1,1,1
22.3500,8170,1,1,90202,0,173006,0.521384,1,716,716,716,516689,27.46503,0.00350,2.34029,0.00702,1,0,2,1.023999,1.000000,17.423830,-0.011825,-0.011822,14.949711,13474,0.000791,0.076466,71687,29354,16144,10115,7065,5308,3903,3241,26188,1,1,1,1
22.4000,8170,1,1,90252,0,172650,0.522748,1,4,8,47,153327,27.49973,0.00350,2.34029,0.00702,1,1,2,1.323292,1.000000,1.993420,-0.029041,-0.029007,14.932386,13065,0.001943,0.074231,71545,29347,16047,9984,7061,5174,3929,3028,26534,1,1,1,1
23.0000,8170,1,1,91503,1,176251,0.519166,1,6,37,50,1102196,27.91562,0.00350,2.34029,0.00702,0,1,3,1.599924,1.566664,1.566664,-0.236970,-0.236913,14.724621,8164,0.016090,0.047039,73417,29797,16454,10270,7113,5277,3963,3053,26906,1,1,1,1
23.9000,8170,1,1,93582,0,179725,0.520698,181,5,181,516,322332,28.53945,0.00350,2.34029,0.00702,1,1,2,1.405530,1.000000,2.820557,-0.548923,-0.548881,14.412555,810,0.038084,0.004768,74319,30765,16790,10453,7216,5318,4010,3215,27638,1,1,1,1
22.3500,8182,1,1,90743,1,173973,0.521595,1,44,44,1363,2581249,27.46904,0.00241,2.34605,0.00499,0,0,3,6.132877,5.441286,5.441286,-0.010277,-0.010055,14.951223,13499,0.000673,0.076488,72048,29800,16520,10272,6981,5266,3948,3057,26080,1,1,1,1
22.4000,8182,1,1,90034,0,173225,0.519755,1,1,14,78,829981,27.50369,0.00241,2.34605,0.00499,1,0,3,1.413791,1.000000,1.087854,-0.027501,-0.027459,14.933990,13089,0.001839,0.074250,71965,29363,16097,10185,6962,5258,3894,3109,26391,1,1,1,1
23.0000,8182,1,1,91875,1,176356,0.520966,2,7,7,15,12807806,27.91964,0.00241,2.34605,0.00499,0,1,3,5.751984,4.098221,4.098221,-0.235562,-0.235348,14.726177,8179,0.015982,0.047052,73426,29704,16464,10290,7191,5123,4076,3233,26848,1,1,1,1
23.9000,8182,1,1,94002,0,180785,0.519969,1,1,29,43,313471,28.54341,0.00241,2.34605,0.00499,1,1,3,1.376748,1.000000,1.209699,-0.547370,-0.547331,14.414088,816,0.037972,0.004796,75011,30993,16919,10480,7258,5404,4101,3226,27392,1,1,1,1
22.3500,8194,1,1,90629,1,173747,0.521618,6,4,20,52,409957,27.47090,0.00144,2.35319,0.00498,0,1,3,1.840383,1.416407,1.416407,-0.009730,-0.009655,14.951840,13531,0.000646,0.076553,72275,29452,16188,10277,7035,5131,3803,3152,26433,1,1,1,1
22.4000,8194,1,1,90827,1,173821,0.522535,9,4,9,183,155475,27.50559,0.00144,2.35319,0.00498,0,1,3,2.446326,1.885893,1.885893,-0.027089,-0.026979,14.934516,13120,0.001807,0.074314,72326,29441,16188,10193,6948,5124,3925,3112,26563,1,1,1,1
23.0000,8194,1,1,92113,1,176918,0.520657,2,24,24,57,301315,27.92152,0.00144,2.35319,0.00498,0,0,3,2.017754,1.692429,1.692429,-0.235051,-0.234965,14.726363,8203,0.015955,0.047120,73373,30226,16425,10366,7132,5311,4043,3242,26799,1,1,1,1
23.9000,8194,1,1,93953,1,180374,0.520882,1,4,390,1117,300332,28.54531,0.00144,2.35319,0.00498,0,1,3,1.677961,1.575048,1.575048,-0.546936,-0.546873,14.414656,829,0.037939,0.004865,74519,30826,16759,10660,7377,5313,4069,3238,27612,1,1,1,1
22.3500,8206,1,1,90677,1,173920,0.521375,3,6,10,28,335738,27.47661,0.00349,2.35728,0.00346,0,0,3,2.279517,2.023806,2.023806,-0.005939,-0.005839,14.955440,13547,0.000390,0.076513,72100,29836,16032,10274,7153,5146,3983,3068,26327,1,1,1,1
22.4000,8206,1,1,90718,0,173813,0.521932,3,64,64,428,383139,27.51124,0.00349,2.35728,0.00346,1,1,2,1.026417,1.000000,1.773905,-0.023247,-0.023244,14.937848,13139,0.001556,0.074296,72231,29482,15998,10210,7081,5224,3950,3141,26495,1,1,1,1
23.0000,8206,1,1,92174,0,176723,0.521576,3,2,37,85,3088351,27.92716,0.00349,2.35728,0.00346,1,1,3,1.369123,1.000000,1.187006,-0.231181,-0.231143,14.730272,8213,0.015692,0.047096,73419,30146,16272,10335,7194,5153,4121,3197,26885,1,1,1,1
23.9000,8206,1,1,94324,0,181127,0.520765,1,21,21,69,1422550,28.55096,0.00349,2.35728,0.00346,1,0,2,1.164912,1.000000,4.022846,-0.543159,-0.543140,14.418376,828,0.037670,0.004851,75114,30725,16840,10821,7453,5263,4151,3331,27428,1,1,1,1
22.3500,8218,1,1,90910,0,173934,0.522673,23,17,23,82,948313,27.47569,0.00143,2.36058,0.00469,1,0,2,1.109469,1.000000,2.036768,-0.007410,-0.007397,14.954126,13565,0.000495,0.076510,72018,29721,16266,10146,7105,5231,3865,3128,26453,1,1,1,1
22.4000,8218,1,1,90801,1,174170,0.521338,1,296,296,296,135165,27.51036,0.00143,2.36058,0.00469,0,1,3,13.083148,12.726612,12.726612,-0.024855,-0.024542,14.936991,13154,0.001643,0.074277,72237,29700,16158,10348,6996,5123,3925,3140,26542,1,1,1,1
23.0000,8218,1,1,91958,0,176932,0.519739,1,32,32,1483,73048,27.92626,0.00143,2.36058,0.00469,1,1,2,1.032041,1.000000,1.170307,-0.232658,-0.232654,14.728462,8228,0.015796,0.047119,73234,30281,16508,10365,7219,5198,4014,3206,26906,1,1,1,1
23.9000,8218,1,1,94563,1,181023,0.522384,1,12,22,58,1512265,28.55008,0.00143,2.36058,0.00469,0,1,3,3.874431,3.480992,3.480992,-0.544636,-0.544471,14.417052,828,0.037766,0.004844,75223,30617,16852,10576,7297,5352,4262,3208,27635,1,1,1,1
22.3500,8230,1,1,90738,0,174364,0.520397,1,155,387,387,368998,27.47349,0.00212,2.35967,0.00446,1,1,2,1.006699,1.000000,1.052497,-0.008109,-0.008108,14.953428,13585,0.000542,0.076515,72505,29741,16010,10454,7095,5141,3954,3101,26362,1,1,1,1
22.4000,8230,1,1,91045,1,174217,0.522598,1,39,39,39,108168,27.50819,0.00212,2.35967,0.00446,0,1,3,25.835662,19.759754,19.759754,-0.025636,-0.025241,14.935855,13173,0.001690,0.074281,72278,29605,16218,10243,7037,5203,3933,3133,26566,1,1,1,1
23.0000,8230,1,1,92440,0,177110,0.521938,7,1,22,220,4216842,27.92408,0.00212,2.35967,0.00446,1,1,3,1.414045,1.000000,1.022369,-0.233400,-0.233358,14.728092,8235,0.015844,0.047092,73630,29743,16633,10435,7148,5259,4013,3178,27070,1,1,1,1
23.9000,8230,1,1,94294,0,181422,0.519752,2,2,10,144,81501,28.54791,0.00212,2.35967,0.00446,1,1,3,1.306731,1.000000,1.083810,-0.545320,-0.545287,14.416101,830,0.037825,0.004849,75181,30886,16931,10655,7367,5356,4224,3291,27530,1,1,1,1
22.3500,8242,1,1,90644,0,174235,0.520243,1,14,18,209,124614,27.47862,0.00143,2.35256,0.00353,1,0,2,1.110136,1.000000,1.736595,-0.005903,-0.005890,14.955633,13606,0.000394,0.076510,72532,29351,16106,10224,7134,5175,3969,3114,26629,1,1,1,1
22.4000,8242,1,1,91344,0,175011,0.521936,4,18,18,61,1250992,27.51327,0.00143,2.35256,0.00353,1,1,2,1.226863,1.000000,4.694430,-0.023289,-0.023264,14.938244,13193,0.001557,0.074274,72877,29463,16365,10308,7171,5116,4005,3246,26459,1,1,1,1
23.0000,8242,1,1,92392,0,177612,0.520193,97,2,97,97,8396790,27.92922,0.00143,2.35256,0.00353,1,1,3,1.390063,1.000000,1.270499,-0.231187,-0.231147,14.730281,8247,0.015692,0.047084,73397,30397,16673,10553,7204,5188,3986,3189,27024,1,1,1,1
23.9000,8242,1,1,94279,1,181516,0.519401,14,31,45,45,469635,28.55299,0.00143,2.35256,0.00353,0,1,3,22.055047,15.998260,15.998260,-0.543224,-0.542848,14.418685,833,0.037649,0.004859,75097,30735,16927,10972,7357,5456,4112,3198,27661,1,1,1,1
22.3500,8254,1,1,90947,1,174600,0.520891,1,5,364,364,95246,27.47614,0.00134,2.36099,0.00436,0,1,3,2.016172,1.863220,1.863220,-0.007170,-0.007085,14.954442,13623,0.000474,0.076500,72419,29502,16266,10367,7105,5260,3938,3175,26567,1,1,1,1
22.4000,8254,1,1,91577,1,175570,0.521601,4,3,16,31,875274,27.51082,0.00134,2.36099,0.00436,0,1,3,1.808772,1.569413,1.569413,-0.024500,-0.024429,14.936846,13210,0.001635,0.074269,73113,29929,16199,10432,7167,5109,4091,3162,26367,1,1,1,1
23.0000,8254,1,1,92449,1,178085,0.519131,5,467,467,467,319830,27.92676,0.00134,2.36099,0.00436,0,0,3,1.355347,1.196572,1.196572,-0.232455,-0.232418,14.728868,8257,0.015780,0.047078,73943,30177,16507,10606,7232,5381,4072,3288,26878,1,1,1,1
23.9000,8254,1,1,94659,1,182153,0.519670,1,3,21,267,269751,28.55055,0.00134,2.36099,0.00436,0,1,3,2.207358,1.830076,1.830076,-0.544371,-0.544275,14.417236,829,0.037752,0.004829,75635,31000,16993,10678,7495,5465,4168,3177,27541,1,1,1,1
22.3500,8266,1,1,91238,0,175203,0.520759,5,12,12,348,2348507,27.47349,0.00256,2.35684,0.00416,1,1,2,1.357056,1.000000,5.216280,-0.008022,-0.007985,14.953427,13640,0.000534,0.076490,72769,29845,16423,10289,6966,5307,4059,3149,26395,1,1,1,1
22.4000,8266,1,1,91459,1,175598,0.520846,1,5,23,25,144896,27.50812,0.00256,2.35684,0.00416,0,1,3,3.385624,2.710201,2.710201,-0.025298,-0.025151,14.936384,13228,0.001684,0.074264,73035,29806,16209,10288,7141,5315,3933,3200,26670,1,1,1,1
23.0000,8266,1,1,92655,1,177952,0.520677,1,21,33,48,386392,27.92404,0.00256,2.35684,0.00416,0,1,3,8.089098,7.084907,7.084907,-0.233317,-0.233064,14.728209,8267,0.015824,0.047068,73974,30375,16286,10389,7282,5232,4025,3293,27095,1,1,1,1
23.9000,8266,1,1,95088,0,182498,0.521039,22,45,68,147,70226463,28.54784,0.00256,2.35684,0.00416,1,1,2,1.138315,1.000000,6.792513,-0.545214,-0.545199,14.416321,828,0.037818,0.004816,75811,30815,17198,10509,7585,5403,4181,3246,27749,1,1,1,1
22.3500,8278,1,1,91182,0,175628,0.519180,2,17,31,35,221146,27.47886,0.00117,2.35603,0.00367,1,1,2,1.123588,1.000000,2.443629,-0.005963,-0.005949,14.955331,13668,0.000398,0.076526,73040,29752,16419,10369,7258,5119,4057,3115,26498,1,1,1,1
22.4000,8278,1,1,91577,1,175373,0.522187,3,4,40,48,7329525,27.51353,0.00117,2.35603,0.00367,0,1,3,1.173719,1.141873,1.141873,-0.023249,-0.023229,14.938305,13254,0.001555,0.074293,72845,29798,16504,10215,7075,5065,3952,3135,26783,1,1,1,1
23.0000,8278,1,1,93004,0,178124,0.522134,1,1,21,69,1332805,27.92943,0.00117,2.35603,0.00367,1,1,3,1.181490,1.000000,1.104239,-0.231195,-0.231175,14.730358,8287,0.015694,0.047107,73955,30226,16405,10466,7281,5331,3958,3126,27375,1,1,1,1
23.9000,8278,1,1,94634,0,182139,0.519573,1,4,133,450,531840,28.55325,0.00117,2.35603,0.00367,1,1,2,1.398161,1.000000,2.719688,-0.543163,-0.543123,14.418311,837,0.037669,0.004861,75454,30698,17055,10751,7427,5374,4176,3283,27920,1,1,1,1
22.3500,8290,1,1,91184,0,175002,0.521048,13,5,25,25,538904,27.47760,0.00217,2.35489,0.00351,1,1,2,1.412624,1.000000,2.576814,-0.006080,-0.006038,14.955410,13684,0.000404,0.076504,72458,29569,16560,10060,7301,5221,3994,3168,26670,1,1,1,1
22.4000,8290,1,1,91405,1,175581,0.520589,1,15,15,28,2812066,27.51230,0.00217,2.35489,0.00351,0,1,3,3.520484,3.083771,3.083771,-0.023440,-0.023289,14.938232,13269,0.001559,0.074269,72866,29661,16553,10150,7148,5193,4035,3208,26766,1,1,1,1
23.0000,8290,1,1,93233,1,178712,0.521697,1,10699,10699,10699,276215,27.92819,0.00217,2.35489,0.00351,0,1,3,9.873188,9.344895,9.341040,-0.231451,-0.231175,14.730013,8296,0.015694,0.047091,74036,30527,16701,10619,7307,5321,3983,3156,27061,1,1,1,1
23.9000,8290,1,1,94828,0,182290,0.520207,1,170,170,170,123751,28.55202,0.00217,2.35489,0.00351,1,1,2,1.103133,1.000000,18.568796,-0.543409,-0.543397,14.417861,835,0.037689,0.004842,75330,30784,17008,10833,7310,5530,4233,3367,27894,1,1,1,1
22.3500,8302,1,1,91755,1,175886,0.521676,1,39,39,43,489650,27.48298,0.00200,2.36204,0.00441,0,1,3,8.430082,7.636163,7.636163,-0.003527,-0.003270,14.957986,13704,0.000219,0.076492,73146,29711,16476,10301,7171,5238,3987,3163,26692,1,1,1,1
22.4000,8302,1,1,91512,0,175504,0.521427,38,5,83,233,3109003,27.51763,0.00200,2.36204,0.00441,1,1,3,1.179423,1.000000,1.002888,-0.020728,-0.020709,14.940615,13296,0.001386,0.074301,72817,29710,16338,10324,7175,5174,3978,3119,26868,1,1,1,1
23.0000,8302,1,1,92958,0,179060,0.519147,1,1,5,16,229538,27.93358,0.00200,2.36204,0.00441,1,0,3,1.402451,1.000000,1.267180,-0.228720,-0.228680,14.732789,8309,0.015522,0.047088,74446,30228,16590,10684,7192,5472,4104,3161,27182,1,1,1,1
23.9000,8302,1,1,95556,0,183433,0.520934,1,18,157,157,278026,28.55735,0.00200,2.36204,0.00441,1,1,2,1.412974,1.000000,9.251593,-0.540724,-0.540682,14.420777,836,0.037493,0.004840,76050,31109,17054,10888,7511,5539,4213,3303,27765,1,1,1,1
22.3500,8314,1,1,91832,0,176599,0.520006,1,15,21,21,593264,27.47868,0.00303,2.35903,0.00595,1,0,2,1.154475,1.000000,2.603384,-0.005077,-0.005060,14.956459,13720,0.000338,0.076479,73696,30001,16420,10487,7145,5221,3925,3074,26629,1,1,1,1
22.4000,8314,1,1,91929,1,176549,0.520703,1,6,53,53,1915701,27.51336,0.00303,2.35903,0.00595,0,1,3,4.685018,3.487556,3.487556,-0.022436,-0.022250,14.939282,13304,0.001489,0.074245,73265,30071,16623,10422,7133,5217,3998,3112,26707,1,1,1,1
23.0000,8314,1,1,93350,0,179260,0.520755,1,3,9,44,1686688,27.92930,0.00303,2.35903,0.00595,1,1,2,1.373009,1.000000,1.787544,-0.230365,-0.230327,14.731094,8315,0.015635,0.047059,74525,30327,16628,10639,7311,5335,4098,3136,27260,1,1,1,1
23.9000,8314,1,1,95147,1,183362,0.518905,2,3,183,183,1009139,28.55308,0.00303,2.35903,0.00595,0,1,3,1.174906,1.081332,1.081332,-0.542224,-0.542205,14.419322,833,0.037603,0.004816,76275,30912,17005,10706,7474,5508,4129,3311,28041,1,1,1,1
22.3500,8326,1,1,91649,1,175790,0.521358,1,2,50,94,140427,27.48199,0.00216,2.36432,0.00448,0,0,3,2.348853,1.768812,1.768812,-0.003899,-0.003797,14.957603,13743,0.000254,0.076491,72732,29996,16429,10219,7184,5218,4021,3139,26851,1,1,1,1
22.4000,8326,1,1,91781,1,176599,0.519717,7,2645,2645,2645,1152222,27.51662,0.00216,2.36432,0.00448,0,0,3,23.435834,23.294922,23.294922,-0.021372,-0.020993,14.939931,13327,0.001405,0.074263,73422,30151,16351,10435,7053,5224,4074,3102,26786,1,1,1,1
23.0000,8326,1,1,93557,1,179644,0.520794,1,181,181,181,355069,27.93254,0.00216,2.36432,0.00448,0,1,3,81.904468,73.001411,73.001411,-0.229402,-0.228872,14.732665,8333,0.015535,0.047088,74687,30558,16523,10764,7342,5285,3986,3201,27297,1,1,1,1
23.9000,8326,1,1,95738,0,183469,0.521824,1,8,4180,4180,345012,28.55634,0.00216,2.36432,0.00448,1,1,2,1.398816,1.000000,4.346394,-0.541132,-0.541091,14.420344,838,0.037523,0.004838,76047,31123,17152,10632,7520,5437,4270,3360,27927,1,1,1,1
22.3500,8338,1,1,92051,1,176637,0.521134,1,2,5,59,1655998,27.47879,0.00295,2.36346,0.00518,0,0,3,1.597864,1.130875,1.130875,-0.005058,-0.005001,14.956448,13759,0.000334,0.076475,73106,30145,16679,10426,7042,5190,3978,3079,26991,1,1,1,1
22.4000,8338,1,1,91945,1,176600,0.520643,5,48,48,48,718511,27.51345,0.00295,2.36346,0.00518,0,1,3,4.055735,3.448359,3.448359,-0.022461,-0.022293,14.939223,13348,0.001492,0.074277,73337,30077,16250,10428,7167,5275,4031,3155,26879,1,1,1,1
23.0000,8338,1,1,93787,1,179544,0.522365,1,156,156,156,853117,27.92936,0.00295,2.36346,0.00518,0,1,3,65.260519,59.213392,59.213392,-0.230584,-0.230083,14.731454,8339,0.015618,0.047058,74406,30276,16710,10779,7382,5417,4049,3218,27306,1,1,1,1
23.9000,8338,1,1,95925,1,184138,0.520944,3,8,99,99,101990,28.55317,0.00295,2.36346,0.00518,0,1,3,5.715540,4.220951,4.220951,-0.542334,-0.542125,14.419411,835,0.037597,0.004814,76354,31255,17233,10766,7656,5498,4049,3340,27986,1,1,1,1
22.3500,8350,1,1,92277,1,176652,0.522369,1,45,45,45,1458667,27.48020,0.00228,2.36807,0.00792,0,1,3,7.941645,7.320475,7.320475,-0.004787,-0.004539,14.956989,13779,0.000303,0.076474,73297,29901,16524,10438,7278,5314,3946,3103,26850,1,1,1,1
22.4000,8350,1,1,92559,1,177126,0.522563,16,12,305,305,3085774,27.51490,0.00228,2.36807,0.00792,0,1,3,5.284957,4.808949,4.808949,-0.022112,-0.021912,14.939078,13361,0.001467,0.074243,73778,30033,16492,10355,7137,5161,4057,3208,26904,1,1,1,1
23.0000,8350,1,1,93329,1,179104,0.521091,2,12,12,389,75667,27.93079,0.00228,2.36807,0.00792,0,1,3,8.822422,6.377723,6.377723,-0.230073,-0.229812,14.731318,8351,0.015600,0.047058,73931,30429,16660,10724,7311,5243,4048,3311,27446,1,1,1,1
23.9000,8350,1,1,95874,0,183824,0.521556,3,12,12,26,128591,28.55462,0.00228,2.36807,0.00792,1,1,2,1.337118,1.000000,5.153201,-0.541976,-0.541941,14.419549,836,0.037584,0.004813,75911,31308,17194,10923,7448,5460,4203,3366,28010,1,1,1,1
22.3500,8362,1,1,92389,1,176927,0.522190,1,4,495,495,2178889,27.48979,0.00166,2.37448,0.00501,0,1,3,3.384909,2.420133,2.420133,-0.000218,-0.000072,14.961241,13795,0.000005,0.076431,73443,30075,16315,10351,7223,5326,4093,3186,26914,1,1,1,1
22.4000,8362,1,1,92675,1,177609,0.521795,1,3,14,56,416620,27.52444,0.00166,2.37448,0.00501,0,1,3,1.626546,1.150584,1.056494,-0.017489,-0.017431,14.944028,13380,0.001166,0.074217,73861,30016,16605,10328,7102,5333,4099,3262,27002,1,1,1,1
23.0000,8362,1,1,93827,1,180357,0.520232,1,2,14,134,321522,27.94039,0.00166,2.37448,0.00501,0,1,3,2.168375,1.571859,1.571859,-0.225494,-0.225402,14.736123,8359,0.015296,0.047020,74867,30750,16683,10727,7256,5358,4123,3231,27361,1,1,1,1
23.9000,8362,1,1,96288,0,185220,0.519860,7,63,63,164,1725820,28.56416,0.00166,2.37448,0.00501,1,1,2,1.111643,1.000000,7.484685,-0.537471,-0.537458,14.424067,837,0.037261,0.004810,76925,31401,17364,11078,7597,5564,4174,3281,27835,1,1,1,1
22.3500,8374,1,1,92490,0,177578,0.520844,2,3,19,134,42066,27.48550,0.00202,2.37001,0.00465,1,1,2,1.403684,1.000000,2.107869,-0.002157,-0.002117,14.959353,13825,0.000141,0.076497,74049,30034,16296,10568,7281,5280,4002,3152,26915,1,1,1,1
22.4000,8374,1,1,92378,0,177105,0.521603,1,4,14,86,106037,27.52018,0.00202,2.37001,0.00465,1,1,2,1.375040,1.000000,2.499399,-0.019508,-0.019470,14.942011,13406,0.001303,0.074265,73468,29888,16537,10348,7149,5418,3933,3170,27193,1,1,1,1
23.0000,8374,1,1,94215,1,180490,0.521999,4,9,9,307,281575,27.93612,0.00202,2.37001,0.00465,0,0,3,1.409671,1.214140,1.214140,-0.227434,-0.227393,14.733920,8382,0.015433,0.047089,74948,30675,16922,10632,7234,5367,4124,3262,27325,1,1,1,1
23.9000,8374,1,1,95601,1,184464,0.518267,2,1,380,380,92850,28.55990,0.00202,2.37001,0.00465,0,1,3,1.650587,1.179752,1.179752,-0.539324,-0.539264,14.422208,848,0.037391,0.004867,76387,31329,17202,10928,7492,5405,4181,3386,28153,1,1,1,1
22.3500,8386,1,1,92522,0,177114,0.522390,20,5,20,72,1676515,27.48519,0.00141,2.37011,0.00396,1,1,2,1.294980,1.000000,1.923487,-0.002681,-0.002650,14.958849,13842,0.000177,0.076484,73506,29912,16397,10502,7026,5373,4080,3242,27075,1,1,1,1
22.4000,8386,1,1,92786,0,177850,0.521712,1,18,30,50,126902,27.51982,0.00141,2.37011,0.00396,1,1,2,1.071534,1.000000,1.449643,-0.019980,-0.019972,14.941558,13423,0.001337,0.074255,73917,29976,16840,10450,7177,5340,4057,3107,26985,1,1,1,1
23.0000,8386,1,1,93953,1,180279,0.521156,12,26,66,144,1411409,27.93574,0.00141,2.37011,0.00396,0,1,3,2.312634,1.653355,1.379751,-0.227939,-0.227839,14.733633,8391,0.015464,0.047073,74771,30479,16756,10549,7430,5415,4122,3205,27551,1,1,1,1
23.9000,8386,1,1,95976,0,184816,0.519308,3,7,7,57,516402,28.55954,0.00141,2.37011,0.00396,1,1,2,1.393060,1.000000,3.512082,-0.539894,-0.539855,14.421578,844,0.037434,0.004837,76590,31436,17066,10959,7629,5501,4224,3253,28157,1,1,1,1
22.3500,8398,1,1,92482,0,177676,0.520512,13,2,15,30,237988,27.48900,0.00132,2.37675,0.00628,1,1,3,1.370813,1.000000,1.238808,-0.000773,-0.000736,14.960685,13861,0.000049,0.076470,73908,29948,16632,10403,7109,5328,3956,3233,27158,1,1,1,1
22.4000,8398,1,1,92679,1,177629,0.521759,1,1,14,14,217002,27.52367,0.00132,2.37675,0.00628,0,1,3,1.670095,1.194386,1.194386,-0.018104,-0.018043,14.943430,13440,0.001207,0.074233,73422,30410,16572,10617,7156,5269,3969,3178,27035,1,1,1,1
23.0000,8398,1,1,94642,0,180998,0.522893,1,5,20,27,483198,27.93957,0.00132,2.37675,0.00628,1,1,3,1.154860,1.000000,1.004716,-0.226046,-0.226029,14.735281,8401,0.015339,0.047057,75100,30701,16940,10526,7482,5485,3995,3250,27518,1,1,1,1
23.9000,8398,1,1,96694,0,185253,0.521959,18,35,35,539,137141,28.56339,0.00132,2.37675,0.00628,1,1,2,1.354991,1.000000,14.832727,-0.538114,-0.538078,14.423336,845,0.037306,0.004835,76716,31345,17268,11013,7604,5690,4207,3377,28032,1,1,1,1
22.3500,8410,1,1,92665,1,178012,0.520558,1,7,9,87,492383,27.48560,0.00132,2.37991,0.00541,0,1,3,3.963970,3.330873,3.330873,-0.002518,-0.002354,14.959170,13881,0.000157,0.076479,73947,30248,16621,10520,7175,5217,4019,3211,27053,1,1,1,1
22.4000,8410,1,1,92799,1,178228,0.520679,3,4,5,37,268053,27.52030,0.00132,2.37991,0.00541,0,1,3,3.115599,2.395481,2.395481,-0.019847,-0.019712,14.941800,13459,0.001319,0.074240,73883,30186,16761,10603,7270,5206,4028,3174,27116,1,1,1,1
23.0000,8410,1,1,94118,0,180838,0.520458,10,6,12,61,216393,27.93619,0.00132,2.37991,0.00541,1,1,2,1.329224,1.000000,2.513037,-0.227794,-0.227760,14.733733,8415,0.015458,0.047073,74889,30705,16871,10722,7405,5366,4051,3318,27510,1,1,1,1
23.9000,8410,1,1,96590,0,185497,0.520712,1,5,57,57,340755,28.56002,0.00132,2.37991,0.00541,1,1,2,1.406039,1.000000,3.099473,-0.539723,-0.539682,14.421786,844,0.037421,0.004823,76884,31606,17191,11005,7618,5506,4200,3289,28197,1,1,1,1
22.3500,8422,1,1,92654,0,177805,0.521102,3,104,104,104,92109,27.48131,0.00227,2.37575,0.00449,1,0,2,1.021778,1.000000,2.330126,-0.004149,-0.004147,14.957389,13900,0.000277,0.076484,73709,30185,16458,10507,7104,5245,4183,3183,27230,1,1,1,1
22.4000,8422,1,1,92669,1,177554,0.521923,1,13,13,738,776286,27.51596,0.00227,2.37575,0.00449,0,1,3,6.886594,5.774725,5.774725,-0.021528,-0.021299,14.939982,13479,0.001426,0.074254,73153,30364,16447,10423,7121,5372,4223,3300,27150,1,1,1,1
23.0000,8422,1,1,94487,1,181313,0.521129,3,2,12,136,650335,27.93191,0.00227,2.37575,0.00449,0,1,3,1.521037,1.249075,1.249075,-0.229411,-0.229361,14.731948,8425,0.015569,0.047067,75162,30694,16885,10677,7370,5307,4107,3270,27840,1,1,1,1
23.9000,8422,1,1,96857,1,186451,0.519480,3,7,7,105,127093,28.55568,0.00227,2.37575,0.00449,0,0,3,1.428012,1.168613,1.168613,-0.541294,-0.541251,14.420102,846,0.037534,0.004829,77562,31783,17263,11008,7568,5493,4358,3237,28178,1,1,1,1
22.3500,8434,1,1,93283,1,178393,0.522910,1,61,61,61,2400631,27.48754,0.00175,2.37638,0.00482,0,1,3,2.249451,1.720049,1.648294,-0.001258,-0.001162,14.960336,13920,0.000078,0.076470,74021,30394,16655,10485,7229,5265,4052,3159,27132,1,1,1,1
22.4000,8434,1,1,92932,0,178657,0.520173,34,16,34,111,212876,27.52222,0.00175,2.37638,0.00482,1,0,2,1.129614,1.000000,2.293478,-0.018620,-0.018605,14.942918,13496,0.001245,0.074227,74267,30104,16719,10666,7141,5261,4023,3207,27268,1,1,1,1
23.0000,8434,1,1,94616,0,181796,0.520454,2,2,258,258,2115433,27.93816,0.00175,2.37638,0.00482,1,1,2,1.358871,1.000000,1.381875,-0.226559,-0.226523,14.734894,8435,0.015373,0.047047,75472,31103,16918,10431,7282,5527,4139,3196,27727,1,1,1,1
23.9000,8434,1,1,96755,1,186130,0.519828,1,21,21,52,1560352,28.56194,0.00175,2.37638,0.00482,0,1,3,10.026755,8.773991,8.773991,-0.538560,-0.538287,14.422889,845,0.037322,0.004815,77317,31712,17310,10875,7411,5615,4219,3199,28471,1,1,1,1
22.3500,8446,1,1,93173,1,178848,0.520965,3,19,19,126,188759,27.48224,0.00197,2.36525,0.00402,0,1,3,3.846516,3.361806,3.361806,-0.003903,-0.003744,14.957778,13935,0.000250,0.076456,74391,30355,16671,10527,7192,5334,4023,3188,27166,1,1,1,1
22.4000,8446,1,1,93246,0,178884,0.521268,9,4,79,79,1512417,27.51687,0.00197,2.36525,0.00402,1,1,2,1.335461,1.000000,1.706468,-0.021178,-0.021144,14.940262,13513,0.001415,0.074228,74410,30346,16394,10576,7343,5367,4031,3188,27228,1,1,1,1
23.0000,8446,1,1,94655,1,181854,0.520503,7,2,7,257,186004,27.93279,0.00197,2.36525,0.00402,0,1,3,1.826642,1.416808,1.416808,-0.229126,-0.229055,14.732451,8445,0.015548,0.047043,75361,30971,16869,10783,7602,5349,4104,3260,27554,1,1,1,1
23.9000,8446,1,1,96902,0,186398,0.519869,3,138,138,138,613277,28.55659,0.00197,2.36525,0.00402,1,1,2,1.198274,1.000000,30.311100,-0.541210,-0.541189,14.420151,844,0.037530,0.004803,77272,31889,17289,11075,7513,5543,4236,3428,28152,1,1,1,1
22.3500,8458,1,1,93268,0,178766,0.521735,2,15,15,336,2926679,27.47507,0.00254,2.36200,0.00384,1,1,2,1.371746,1.000000,7.172157,-0.007233,-0.007196,14.954228,13961,0.000481,0.076509,74218,30243,16684,10613,7231,5345,4099,3231,27101,1,1,1,1
22.4000,8458,1,1,93509,1,179279,0.521587,1,4,362,362,359824,27.50973,0.00254,2.36200,0.00384,0,1,3,2.527604,1.858149,1.858149,-0.024485,-0.024376,14.937111,13534,0.001632,0.074254,74374,30308,16725,10679,7332,5293,4155,3227,27185,1,1,1,1
23.0000,8458,1,1,95138,0,182478,0.521370,2,2,10,30,1262522,27.92564,0.00254,2.36200,0.00384,1,1,2,1.406053,1.000000,1.572116,-0.232428,-0.232388,14.729082,8459,0.015777,0.047065,75683,31108,16966,10903,7498,5381,4035,3330,27573,1,1,1,1
23.9000,8458,1,1,97665,1,186967,0.522368,4,8,46,46,591901,28.54945,0.00254,2.36200,0.00384,0,1,3,2.108427,1.932082,1.932082,-0.544348,-0.544260,14.417268,848,0.037751,0.004820,77865,31678,17486,10914,7671,5402,4212,3330,28408,1,1,1,1
22.3500,8470,1,1,93716,0,179480,0.522156,30,208,1544,1544,1962888,27.47185,0.00131,2.36506,0.00407,1,1,2,1.015823,1.000000,3.360528,-0.009394,-0.009393,14.951656,13981,0.000628,0.076523,74451,30510,16721,10581,7370,5485,4053,3226,27082,1,1,1,1
22.4000,8470,1,1,93547,1,179695,0.520591,1,2,152,152,2643226,27.50655,0.00131,2.36506,0.00407,0,0,3,2.328793,1.763394,1.763394,-0.026704,-0.026605,14.934796,13557,0.001781,0.074286,74444,30844,16557,10688,7444,5308,4062,3211,27136,1,1,1,1
23.0000,8470,1,1,95222,0,182543,0.521644,1,19,19,49,87492,27.92244,0.00131,2.36506,0.00407,1,0,2,1.090400,1.000000,1.928881,-0.234655,-0.234644,14.726884,8475,0.015933,0.047095,75748,31012,16981,10830,7320,5452,4079,3392,27728,1,1,1,1
23.9000,8470,1,1,97308,0,186914,0.520606,5,797,797,797,763285,28.54627,0.00131,2.36506,0.00407,1,1,2,1.311475,1.000000,287.255006,-0.546867,-0.546835,14.414662,853,0.037936,0.004843,77703,31636,17481,10895,7511,5721,4218,3342,28406,1,1,1,1
22.3500,8482,1,1,93531,1,179342,0.521526,3,10,40,40,514013,27.47454,0.00155,2.36676,0.00461,0,1,3,3.210490,2.941783,2.941783,-0.007902,-0.007765,14.953485,13998,0.000519,0.076498,74571,30254,16734,10419,7282,5583,3976,3186,27336,1,1,1,1
22.4000,8482,1,1,93403,1,179606,0.520047,2,8,9,85,89650,27.50919,0.00155,2.36676,0.00461,0,0,3,1.483098,1.192259,1.192259,-0.025174,-0.025127,14.936239,13573,0.001682,0.074261,74595,30503,16653,10599,7328,5332,4060,3215,27320,1,1,1,1
23.0000,8482,1,1,95331,1,183081,0.520707,2,3,22,163,228119,27.92514,0.00155,2.36676,0.00461,0,0,3,1.311379,1.002247,1.002247,-0.233141,-0.233109,14.728287,8483,0.015827,0.047068,76008,31225,16997,10751,7368,5546,4190,3238,27757,1,1,1,1
23.9000,8482,1,1,97131,1,187313,0.518552,2,2,22,23,148738,28.54891,0.00155,2.36676,0.00461,0,1,3,1.739762,1.256155,1.256155,-0.545038,-0.544972,14.416565,850,0.037802,0.004818,77538,32136,17651,10980,7487,5658,4211,3366,28285,1,1,1,1
22.3500,8494,1,1,93982,0,179925,0.522343,2,10,16,1122,1078751,27.47282,0.00256,2.36183,0.00367,1,0,2,1.125798,1.000000,1.520400,-0.008201,-0.008187,14.953338,14019,0.000547,0.076505,74470,30811,16783,10786,7351,5264,4089,3213,27157,1,1,1,1
22.4000,8494,1,1,93943,1,180539,0.520350,1,18,18,105,878356,27.50751,0.00256,2.36183,0.00367,0,1,3,6.119875,5.409818,5.409818,-0.025616,-0.025403,14.935876,13594,0.001701,0.074273,75112,30735,16856,10595,7280,5434,4184,3143,27199,1,1,1,1
23.0000,8494,1,1,95137,1,182846,0.520315,2,5,30,96,131396,27.92344,0.00256,2.36183,0.00367,0,0,3,2.031167,1.703704,1.703704,-0.233517,-0.233433,14.727905,8497,0.015850,0.047080,75920,31155,16912,10779,7335,5377,4090,3399,27878,1,1,1,1
23.9000,8494,1,1,97351,1,187402,0.519480,3,3,62,84,1803218,28.54723,0.00256,2.36183,0.00367,0,1,3,2.449629,1.855162,1.855162,-0.545413,-0.545308,14.416188,853,0.037826,0.004828,77558,31970,17528,11047,7534,5680,4327,3283,28474,1,1,1,1
22.3500,8506,1,1,93804,0,180335,0.520168,1,4,10,106,1567087,27.47116,0.00218,2.36795,0.00416,1,1,2,1.409553,1.000000,2.462006,-0.009316,-0.009276,14.952192,14034,0.000620,0.076485,75175,30787,16594,10603,7369,5230,4013,3154,27409,1,1,1,1
22.4000,8506,1,1,93619,1,179664,0.521081,1,150,150,150,138699,27.50579,0.00218,2.36795,0.00416,0,1,3,17.702782,17.133786,17.133786,-0.026747,-0.026409,14.934716,13609,0.001768,0.074256,74259,30589,16850,10481,7423,5347,4034,3297,27383,1,1,1,1
23.0000,8506,1,1,95112,0,182545,0.521036,17,13,39,39,98119,27.92171,0.00218,2.36795,0.00416,1,1,2,1.332835,1.000000,5.166770,-0.234637,-0.234603,14.726804,8507,0.015930,0.047073,75504,31058,16897,10702,7352,5447,4076,3356,28152,1,1,1,1
23.9000,8506,1,1,97958,0,187518,0.522395,3,2,1744,1744,1878496,28.54551,0.00218,2.36795,0.00416,1,0,3,1.369185,1.000000,1.213241,-0.546449,-0.546412,14.415074,855,0.037906,0.004833,77811,31666,17588,11031,7760,5609,4135,3447,28470,1,1,1,1
22.3500,8518,1,1,93672,0,180305,0.519523,2,6,22,22,91239,27.46716,0.00146,2.37218,0.00470,1,1,2,1.411817,1.000000,3.602661,-0.011679,-0.011639,14.949826,14056,0.000779,0.076509,74859,30483,16986,10607,7360,5347,4101,3262,27299,1,1,1,1
22.4000,8518,1,1,93899,1,180617,0.519882,1,31,31,265,378952,27.50183,0.00146,2.37218,0.00470,0,1,3,3.744846,3.022666,2.999761,-0.029001,-0.028846,14.932519,13630,0.001932,0.074276,75061,30593,16756,10687,7334,5298,4180,3293,27414,1,1,1,1
23.0000,8518,1,1,95205,1,182968,0.520340,2,2,4,48,395587,27.91773,0.00146,2.37218,0.00470,0,1,3,1.846777,1.390003,1.390003,-0.236908,-0.236835,14.724506,8528,0.016084,0.047130,75772,30992,17034,10889,7347,5383,4169,3237,28144,1,1,1,1
23.9000,8518,1,1,98091,1,188059,0.521600,2,3,85,85,1571133,28.54155,0.00146,2.37218,0.00470,0,1,3,2.088003,1.684434,1.684434,-0.548826,-0.548740,14.412611,853,0.038074,0.004816,78134,32060,17547,11005,7404,5734,4249,3414,28511,1,1,1,1
22.3500,8530,1,1,94025,1,180326,0.521420,2,478,478,843,798276,27.46819,0.00163,2.36892,0.00443,0,1,3,193.013603,176.459462,176.459462,-0.011294,-0.010677,14.950134,14074,0.000714,0.076498,74698,30640,16732,10755,7338,5429,4110,3213,27410,1,1,1,1
22.4000,8530,1,1,94159,1,180907,0.520486,1,4,16,172,66242,27.50289,0.00163,2.36892,0.00443,0,1,3,2.869218,2.340027,2.340027,-0.028388,-0.028265,14.933250,13647,0.001893,0.074261,75266,30702,16750,10802,7242,5269,4048,3200,27627,1,1,1,1
23.0000,8530,1,1,95727,1,183503,0.521667,85,3,85,529,125815,27.91878,0.00163,2.36892,0.00443,0,1,3,2.487423,1.942662,1.942662,-0.236321,-0.236214,14.724666,8530,0.016042,0.047074,76228,31301,16873,10705,7510,5394,4094,3295,28102,1,1,1,1
23.9000,8530,1,1,98043,1,188178,0.521015,2,54,315,315,211026,28.54261,0.00163,2.36892,0.00443,0,1,3,30.246344,25.190133,25.190133,-0.548389,-0.547989,14.413548,850,0.038019,0.004792,77940,32356,17374,10893,7623,5636,4312,3436,28607,1,1,1,1
22.3500,8542,1,1,94053,1,180446,0.521228,1,2,21,22,769027,27.46858,0.00473,2.37926,0.00441,0,1,3,1.758538,1.398259,1.398259,-0.009251,-0.009185,14.952353,14100,0.000614,0.076520,74736,30470,16749,10738,7539,5368,4095,3212,27538,1,1,1,1
22.4000,8542,1,1,94352,0,180864,0.521677,5,5,25,50,3454390,27.50323,0.00473,2.37926,0.00441,1,1,2,1.308126,1.000000,1.994129,-0.026595,-0.026563,14.934834,13673,0.001779,0.074290,75278,30690,16713,10673,7258,5356,4157,3175,27563,1,1,1,1
23.0000,8542,1,1,95855,1,184193,0.520408,1,3,8,23,298522,27.91918,0.00473,2.37926,0.00441,0,1,3,1.617473,1.147541,1.144731,-0.234534,-0.234478,14.726990,8547,0.015922,0.047094,76693,31195,17156,10844,7400,5440,4258,3357,27849,1,1,1,1
23.9000,8542,1,1,98231,1,188799,0.520297,1,4,70,100,914045,28.54295,0.00473,2.37926,0.00441,0,1,3,2.700886,2.163497,2.163497,-0.546461,-0.546345,14.414987,861,0.037901,0.004847,77990,32541,17667,11010,7705,5709,4174,3431,28571,1,1,1,1
22.3500,8554,1,1,94074,0,181025,0.519677,2,204,204,204,233343,27.46568,0.00359,2.37559,0.00430,1,1,2,1.024918,1.000000,5.196216,-0.011332,-0.011329,14.949779,14116,0.000758,0.076513,75052,30686,17164,10706,7361,5318,4158,3232,27347,1,1,1,1
22.4000,8554,1,1,94257,1,181242,0.520064,5,4,6,12,2147606,27.50036,0.00359,2.37559,0.00430,0,1,3,2.432006,1.997531,1.997531,-0.028616,-0.028512,14.933009,13688,0.001909,0.074276,75494,30643,16740,10597,7442,5407,4115,3269,27534,1,1,1,1
23.0000,8554,1,1,96643,1,184461,0.523924,1,18,18,470,594289,27.91629,0.00359,2.37559,0.00430,0,0,3,4.351342,3.709171,3.709171,-0.236621,-0.236450,14.724879,8555,0.016058,0.047079,76836,31165,17253,10758,7560,5528,4074,3364,27922,1,1,1,1
23.9000,8554,1,1,98279,1,189084,0.519766,13,32,32,109,1409275,28.54008,0.00359,2.37559,0.00430,0,1,3,2.618648,2.279970,2.279970,-0.548485,-0.548372,14.413150,857,0.038047,0.004818,78440,32478,17415,11149,7706,5645,4224,3401,28625,1,1,1,1
22.3500,8566,1,1,94506,0,181231,0.521470,2,11,11,52,1443828,27.46883,0.00113,2.37057,0.00460,1,1,2,1.332737,1.000000,4.528342,-0.011036,-0.011003,14.950492,14139,0.000736,0.076526,75219,30836,16872,10751,7244,5413,4142,3304,27449,1,1,1,1
22.4000,8566,1,1,94787,1,181636,0.521854,2,3,106,513,369873,27.50347,0.00113,2.37057,0.00460,0,1,3,2.724647,2.044679,2.044679,-0.028307,-0.028190,14.933325,13712,0.001888,0.074300,75626,30751,16891,10605,7452,5353,4075,3270,27612,1,1,1,1
23.0000,8566,1,1,96012,0,184381,0.520729,1,179,179,179,185017,27.91939,0.00113,2.37057,0.00460,1,1,2,1.055758,1.000000,10.332862,-0.236361,-0.236355,14.724845,8576,0.016051,0.047128,76394,31274,17230,10896,7582,5562,4262,3208,27972,1,1,1,1
23.9000,8566,1,1,98508,0,189059,0.521046,18,162,162,162,405906,28.54319,0.00113,2.37057,0.00460,1,1,2,1.362493,1.000000,69.524122,-0.548373,-0.548337,14.413085,862,0.038044,0.004839,78503,32162,17653,11124,7618,5668,4301,3394,28635,1,1,1,1
22.3500,8578,1,1,94384,0,181127,0.521096,1,82,171,171,106369,27.47743,0.00203,2.37218,0.00362,1,1,2,1.059942,1.000000,5.123567,-0.006279,-0.006272,14.954937,14161,0.000419,0.076515,75218,30560,16889,10620,7445,5414,4115,3179,27686,1,1,1,1
22.4000,8578,1,1,94340,0,180957,0.521342,3,2,26,37,6521524,27.51210,0.00203,2.37218,0.00362,1,0,3,1.307871,1.000000,1.008261,-0.023516,-0.023485,14.938015,13730,0.001572,0.074271,74917,30802,16884,10666,7291,5311,4136,3177,27772,1,1,1,1
23.0000,8578,1,1,96316,0,184348,0.522471,2,2,20,62,298128,27.92800,0.00203,2.37218,0.00362,1,0,3,1.387419,1.000000,1.333910,-0.231483,-0.231445,14.730036,8583,0.015712,0.047084,76635,30980,17082,11047,7313,5560,4111,3275,28344,1,1,1,1
23.9000,8578,1,1,98596,0,189346,0.520721,35,5,46,64,457946,28.55182,0.00203,2.37218,0.00362,1,1,2,1.327818,1.000000,2.274387,-0.543425,-0.543392,14.418015,864,0.037688,0.004842,78570,32321,17752,11152,7683,5645,4362,3367,28493,1,1,1,1
22.3500,8590,1,1,94975,1,181870,0.522217,1,17,17,52,53635,27.48419,0.00129,2.37130,0.00483,0,1,3,12.113917,8.863648,8.863648,-0.003283,-0.002993,14.958548,14180,0.000200,0.076493,75447,30724,17162,10655,7419,5426,4171,3286,27579,1,1,1,1
22.4000,8590,1,1,94908,0,182292,0.520640,1,4,31,31,785459,27.51889,0.00129,2.37130,0.00483,1,0,2,1.233331,1.000000,1.322759,-0.020521,-0.020496,14.941016,13747,0.001372,0.074244,75506,31322,16943,10770,7265,5457,4068,3262,27698,1,1,1,1
23.0000,8590,1,1,96406,0,184938,0.521291,1,76,76,76,1236264,27.93478,0.00129,2.37130,0.00483,1,1,2,1.020634,1.000000,1.651827,-0.228476,-0.228474,14.733064,8593,0.015508,0.047063,76754,31304,17177,10947,7476,5505,4131,3271,28372,1,1,1,1
23.9000,8590,1,1,98921,1,189932,0.520826,1,12,12,699,458519,28.55861,0.00129,2.37130,0.00483,0,0,3,2.877665,2.211482,2.211482,-0.540410,-0.540287,14.421108,864,0.037465,0.004834,78929,32259,17651,11173,7698,5625,4310,3417,28869,1,1,1,1
22.3500,8602,1,1,94912,0,182237,0.520819,3,1,20,27,304063,27.48500,0.00218,2.36979,0.00404,1,1,3,1.414134,1.000000,1.121136,-0.002296,-0.002256,14.959206,14196,0.000151,0.076469,75583,30878,17340,10567,7337,5411,4101,3327,27692,1,1,1,1
22.4000,8602,1,1,95234,0,182175,0.522764,1,2,22,35,795372,27.51965,0.00218,2.36979,0.00404,1,1,3,1.272748,1.000000,1.004891,-0.019615,-0.019587,14.941796,13765,0.001311,0.074233,75601,30704,16947,10706,7398,5479,4323,3436,27580,1,1,1,1
23.0000,8602,1,1,96343,1,185138,0.520388,1,1,80,98,116671,27.93560,0.00218,2.36979,0.00404,0,1,3,1.610986,1.139155,1.139155,-0.227595,-0.227540,14.733920,8605,0.015443,0.047061,76737,31263,17311,11061,7589,5441,4210,3344,28181,1,1,1,1
23.9000,8602,1,1,98740,0,189714,0.520470,146,3,146,356,360035,28.55937,0.00218,2.36979,0.00404,1,1,3,1.268777,1.000000,1.061654,-0.539479,-0.539451,14.421930,862,0.037405,0.004816,78821,32017,17605,11163,7847,5665,4254,3470,28871,1,1,1,1
22.3500,8614,1,1,94690,0,181473,0.521788,1,3,99,99,4031782,27.48885,0.00137,2.38040,0.00443,1,0,2,1.349578,1.000000,1.950130,-0.000796,-0.000761,14.960731,14215,0.000051,0.076457,75364,30677,16756,10750,7300,5413,4122,3165,27925,1,1,1,1
22.4000,8614,1,1,95214,0,182505,0.521709,1,13,91,783,340379,27.52353,0.00137,2.38040,0.00443,1,1,2,1.376675,1.000000,6.512155,-0.018207,-0.018170,14.943260,13790,0.001216,0.074257,75651,31037,17088,10657,7360,5514,4126,3213,27858,1,1,1,1
23.0000,8614,1,1,96596,0,185344,0.521174,5,13,127,127,274039,27.93947,0.00137,2.38040,0.00443,1,1,2,1.385034,1.000000,6.276294,-0.226173,-0.226135,14.735347,8615,0.015346,0.047045,76879,31505,17226,10848,7611,5516,4187,3385,28186,1,1,1,1
23.9000,8614,1,1,99154,0,190359,0.520882,2,6,72,72,82937,28.56325,0.00137,2.38040,0.00443,1,1,2,1.178733,1.000000,1.502424,-0.537979,-0.537960,14.423374,864,0.037298,0.004820,78889,32397,18054,11274,7654,5568,4359,3409,28754,1,1,1,1
22.3500,8626,1,1,94961,1,182343,0.520785,2,10,10,18,1467932,27.48370,0.00251,2.37861,0.00438,0,1,3,5.999694,4.929885,4.929885,-0.002916,-0.002708,14.958826,14236,0.000181,0.076473,75674,30948,16991,10754,7323,5393,4208,3228,27823,1,1,1,1
22.4000,8626,1,1,95168,0,182419,0.521703,3,50,50,108,58431,27.51833,0.00251,2.37861,0.00438,1,1,2,1.364490,1.000000,21.919262,-0.020319,-0.020283,14.941141,13805,0.001358,0.074245,75369,30976,17058,10919,7338,5455,4158,3324,27821,1,1,1,1
23.0000,8626,1,1,96658,0,185681,0.520562,1,8,24,77738,236748,27.93425,0.00251,2.37861,0.00438,1,1,2,1.396271,1.000000,4.374273,-0.228186,-0.228147,14.733331,8629,0.015485,0.047063,77020,31579,17372,10727,7484,5716,4210,3342,28230,1,1,1,1
23.9000,8626,1,1,99311,1,190286,0.521907,2,8,12,18,330475,28.55805,0.00251,2.37861,0.00438,0,0,3,1.908726,1.522249,1.522249,-0.540024,-0.539949,14.421426,866,0.037441,0.004825,78996,32204,17877,11302,7557,5513,4280,3419,29137,1,1,1,1
22.3500,8638,1,1,95342,0,182762,0.521676,19,2,19,76,739096,27.48339,0.00222,2.37977,0.00589,1,1,3,1.413176,1.000000,1.069794,-0.003111,-0.003071,14.958385,14254,0.000205,0.076465,75593,31356,17155,10895,7413,5384,4155,3145,27665,1,1,1,1
22.4000,8638,1,1,95189,1,182615,0.521258,1,1,17,917,146337,27.51806,0.00222,2.37977,0.00589,0,0,3,1.475776,1.054821,1.054821,-0.020437,-0.020392,14.941085,13822,0.001365,0.074234,75761,31099,16762,10913,7434,5305,4066,3251,28023,1,1,1,1
23.0000,8638,1,1,96796,0,185970,0.520495,1,49,49,69,338998,27.93396,0.00222,2.37977,0.00589,1,1,2,1.026575,1.000000,1.421306,-0.228410,-0.228407,14.732713,8639,0.015503,0.047054,77063,31730,17342,10940,7411,5594,4209,3331,28349,1,1,1,1
23.9000,8638,1,1,99154,0,190617,0.520177,3,106,106,106,2053127,28.55778,0.00222,2.37977,0.00589,1,1,2,1.328082,1.000000,40.818255,-0.540515,-0.540482,14.420926,865,0.037479,0.004813,79244,32428,17787,11142,7447,5739,4359,3441,29029,1,1,1,1
22.3500,8650,1,1,95324,0,182893,0.521204,2,28,206,206,271172,27.48904,0.00167,2.38396,0.00422,1,1,2,1.068222,1.000000,2.085902,-0.000586,-0.000579,14.960649,14272,0.000039,0.076444,76064,31201,16957,10744,7325,5447,4106,3223,27825,1,1,1,1
22.4000,8650,1,1,95204,0,182763,0.520918,3,1,27,259,446121,27.52373,0.00167,2.38396,0.00422,1,1,3,1.414212,1.000000,1.137207,-0.017900,-0.017860,14.943601,13840,0.001195,0.074215,75747,30994,17052,10794,7403,5410,4141,3271,27950,1,1,1,1
23.0000,8650,1,1,97120,0,186287,0.521349,1,4,33,140,133855,27.93962,0.00167,2.38396,0.00422,1,1,2,1.404226,1.000000,2.574887,-0.225892,-0.225852,14.735622,8651,0.015327,0.047044,77173,31666,17282,11170,7563,5532,4253,3285,28362,1,1,1,1
23.9000,8650,1,1,99271,1,190833,0.520201,1,7,9,82,302636,28.56345,0.00167,2.38396,0.00422,0,1,3,1.444218,1.347188,1.347188,-0.537771,-0.537728,14.423805,864,0.037281,0.004800,78928,32555,17721,11254,7814,5801,4380,3424,28955,1,1,1,1
22.3500,8662,1,1,95796,0,183832,0.521109,1,24,33,72,291348,27.48629,0.00112,2.38580,0.00591,1,1,2,1.124299,1.000000,3.379342,-0.002246,-0.002232,14.959063,14301,0.000149,0.076501,76435,31059,17538,10865,7496,5354,4118,3356,27610,1,1,1,1
22.4000,8662,1,1,95911,1,183687,0.522146,1,1,8,60,243142,27.52094,0.00112,2.38580,0.00591,0,1,3,1.486385,1.064559,1.064559,-0.019504,-0.019458,14.942021,13869,0.001302,0.074275,76506,31198,17015,10755,7419,5361,4178,3275,27979,1,1,1,1
23.0000,8662,1,1,97254,0,186392,0.521774,1,32,32,403,6629345,27.93689,0.00112,2.38580,0.00591,1,1,2,1.281068,1.000000,10.590380,-0.227613,-0.227584,14.733921,8668,0.015446,0.047077,77478,31562,17446,10917,7518,5528,4232,3311,28399,1,1,1,1
23.9000,8662,1,1,99508,0,191206,0.520426,4,2,16,67,918250,28.56066,0.00112,2.38580,0.00591,1,1,2,1.405486,1.000000,1.525519,-0.539384,-0.539344,14.422103,872,0.037397,0.004838,79367,32581,17813,11283,7794,5654,4371,3440,28902,1,1,1,1
22.3500,8674,1,1,95330,0,183018,0.520881,1,1,27,299,654205,27.48439,0.00170,2.38516,0.00564,1,1,3,1.387570,1.000000,1.095737,-0.002823,-0.002785,14.958651,14314,0.000186,0.076467,75696,30852,17020,10992,7432,5556,4245,3406,27818,1,1,1,1
22.4000,8674,1,1,95589,1,183169,0.521865,1,2,21,151,456663,27.51907,0.00170,2.38516,0.00564,0,0,3,1.635878,1.273968,1.273968,-0.020175,-0.020118,14.941272,13880,0.001346,0.074235,75964,31099,16851,10909,7415,5420,4121,3256,28133,1,1,1,1
23.0000,8674,1,1,97367,1,186633,0.521706,3,3,7,81,2244060,27.93500,0.00170,2.38516,0.00564,0,0,3,1.347960,1.086108,1.086108,-0.228135,-0.228100,14.733270,8675,0.015482,0.047052,77549,31662,17332,10947,7584,5561,4434,3273,28290,1,1,1,1
23.9000,8674,1,1,99676,0,191163,0.521422,3,2,10,486,127668,28.55879,0.00170,2.38516,0.00564,1,0,3,1.327358,1.000000,1.068572,-0.540025,-0.539993,14.421505,869,0.037444,0.004815,79584,32201,17880,11192,7730,5591,4372,3404,29208,1,1,1,1
22.3500,8686,1,1,95911,1,183195,0.523549,1,7,14,28,830163,27.48391,0.00120,2.38557,0.00510,0,1,3,2.263531,1.940049,1.940049,-0.003412,-0.003318,14.958204,14333,0.000222,0.076465,75600,31467,17046,10844,7376,5370,4161,3238,28092,1,1,1,1
22.4000,8686,1,1,96066,0,184154,0.521664,10,16,16,584,53279,27.51854,0.00120,2.38557,0.00510,1,0,2,1.061575,1.000000,1.075808,-0.020695,-0.020688,14.940846,13903,0.001385,0.074257,76415,31181,17222,10906,7636,5495,4147,3243,27908,1,1,1,1
23.0000,8686,1,1,96982,0,186463,0.520117,1,12,75,75,767935,27.93446,0.00120,2.38557,0.00510,1,1,2,1.401337,1.000000,6.244374,-0.228756,-0.228718,14.732759,8688,0.015524,0.047059,77219,31761,17105,11067,7572,5535,4307,3369,28527,1,1,1,1
23.9000,8686,1,1,100067,1,191615,0.522232,1,17,28,47,613823,28.55826,0.00120,2.38557,0.00510,0,1,3,2.500638,1.829862,1.677817,-0.540581,-0.540475,14.420951,871,0.037478,0.004820,79326,32788,17918,11136,7721,5724,4441,3380,29180,1,1,1,1
22.3500,8698,1,1,95727,1,184002,0.520253,1,3,120,120,298193,27.48615,0.00163,2.38697,0.00584,0,1,3,2.048585,1.668955,1.668955,-0.002050,-0.001968,14.959546,14350,0.000132,0.076443,76270,31343,17046,10873,7431,5571,4257,3257,27953,1,1,1,1
22.4000,8698,1,1,96163,1,184321,0.521718,1,5,32,109,170042,27.52081,0.00163,2.38697,0.00584,0,1,3,4.014332,2.876527,2.876527,-0.019415,-0.019255,14.942052,13915,0.001289,0.074213,76525,31290,17098,10800,7462,5459,4285,3412,27989,1,1,1,1
23.0000,8698,1,1,97741,1,187173,0.522199,3,4,22,40,525022,27.93672,0.00163,2.38697,0.00584,0,1,3,2.253134,1.643059,1.643059,-0.227334,-0.227240,14.734248,8695,0.015423,0.047027,77658,31461,17597,11092,7636,5556,4241,3435,28496,1,1,1,1
23.9000,8698,1,1,99982,0,191685,0.521598,2,13,13,399,1828358,28.56053,0.00163,2.38697,0.00584,1,1,2,1.389340,1.000000,6.616773,-0.539323,-0.539285,14.422197,867,0.037393,0.004791,79598,32462,17644,11350,8001,5675,4440,3413,29101,1,1,1,1
22.3500,8710,1,1,96027,1,184023,0.521823,2,27,27,45,220408,27.48778,0.00258,2.38651,0.00417,0,1,3,18.797089,13.917498,13.917498,-0.000863,-0.000526,14.961014,14377,0.000035,0.076474,76153,31530,17126,10720,7559,5339,4197,3418,27980,1,1,1,1
22.4000,8710,1,1,95875,1,184199,0.520500,4,15,15,113,4941907,27.52248,0.00258,2.38651,0.00417,0,1,3,8.950586,7.313810,7.313810,-0.018174,-0.017923,14.943614,13941,0.001199,0.074241,76231,31277,17119,10980,7460,5660,4176,3353,27942,1,1,1,1
23.0000,8710,1,1,97816,0,187867,0.520669,2,2,14,272,280189,27.93837,0.00258,2.38651,0.00417,1,0,2,1.389342,1.000000,1.498474,-0.226024,-0.225987,14.735496,8715,0.015336,0.047066,78130,32009,17397,10884,7741,5504,4260,3387,28554,1,1,1,1
23.9000,8710,1,1,100038,0,192037,0.520934,1,35,42,53,664529,28.56220,0.00258,2.38651,0.00417,1,0,2,1.137416,1.000000,5.385753,-0.538017,-0.538002,14.423524,876,0.037300,0.004833,79774,32699,17591,11274,7960,5736,4343,3461,29198,1,1,1,1
22.3500,8722,1,1,96360,0,184685,0.521756,1,9,46,46,2102087,27.48599,0.00249,2.39252,0.00448,1,1,2,1.410639,1.000000,5.018046,-0.001732,-0.001693,14.959777,14393,0.000113,0.076460,76893,31300,17173,10868,7447,5440,4200,3364,27999,1,1,1,1
22.4000,8722,1,1,96549,1,184999,0.521892,2,3,11,76,905428,27.52064,0.00249,2.39252,0.00448,0,1,3,2.139752,1.665630,1.665630,-0.018994,-0.018907,14.942414,13958,0.001265,0.074236,76871,31318,17474,10904,7466,5550,4220,3281,27914,1,1,1,1
23.0000,8722,1,1,97980,0,187956,0.521295,1,5,39,302,131853,27.93659,0.00249,2.39252,0.00448,1,1,2,1.395820,1.000000,2.839176,-0.227001,-0.226962,14.734480,8723,0.015403,0.047048,78023,32124,17509,11061,7645,5526,4288,3356,28423,1,1,1,1
23.9000,8722,1,1,99980,0,192046,0.520607,1,5,20,3748,466438,28.56036,0.00249,2.39252,0.00448,1,1,2,1.386647,1.000000,3.122011,-0.538891,-0.538853,14.422584,874,0.037362,0.004816,79525,32655,18043,11325,7739,5619,4310,3376,29453,1,1,1,1
22.3500,8734,1,1,96480,0,184542,0.522811,1,12,100,136,311023,27.48453,0.00233,2.39183,0.00452,1,1,2,1.395065,1.000000,5.945566,-0.002537,-0.002499,14.958981,14413,0.000167,0.076465,76541,31667,17093,10757,7460,5512,4308,3207,27996,1,1,1,1
22.4000,8734,1,1,96477,1,185175,0.521007,2,2,3,251,381997,27.51921,0.00233,2.39183,0.00452,0,1,3,1.529689,1.082846,1.082846,-0.019776,-0.019727,14.941741,13976,0.001320,0.074232,76887,31220,17419,10870,7653,5400,4260,3412,28053,1,1,1,1
23.0000,8734,1,1,98271,1,188390,0.521639,8,80,80,80,431887,27.93514,0.00233,2.39183,0.00452,0,1,3,11.007998,10.818703,10.818703,-0.227880,-0.227605,14.733410,8735,0.015448,0.047051,78429,32259,17462,10941,7647,5631,4255,3380,28385,1,1,1,1
23.9000,8734,1,1,100205,1,192646,0.520154,1,292,292,292,1415131,28.55893,0.00233,2.39183,0.00452,0,0,3,8.746509,8.214673,8.214673,-0.539757,-0.539508,14.421717,875,0.037409,0.004815,79793,32966,18045,11188,7807,5722,4288,3516,29320,1,1,1,1
22.3500,8746,1,1,96325,1,184528,0.522010,3,6,24,127,738527,27.47657,0.00229,2.39012,0.00482,0,0,3,1.283070,1.021376,1.021376,-0.006498,-0.006470,14.954910,14428,0.000433,0.076461,76648,31102,17136,10967,7492,5539,4193,3283,28167,1,1,1,1
22.4000,8746,1,1,96471,1,185002,0.521462,4,4,12,82,2115156,27.51120,0.00229,2.39012,0.00482,0,1,3,1.598325,1.514499,1.514499,-0.023836,-0.023782,14.937754,13991,0.001592,0.074230,76741,31596,17261,10858,7340,5609,4155,3254,28187,1,1,1,1
23.0000,8746,1,1,98178,0,188573,0.520639,17,3,17,17,230432,27.92712,0.00229,2.39012,0.00482,1,1,3,1.350973,1.000000,1.369118,-0.231790,-0.231755,14.729665,8743,0.015734,0.047042,78367,32111,17513,11029,7747,5669,4293,3349,28494,1,1,1,1
23.9000,8746,1,1,100901,1,193093,0.522554,1,1,25,50,948600,28.55092,0.00229,2.39012,0.00482,0,1,3,1.534675,1.223057,1.223057,-0.543683,-0.543634,14.417876,873,0.037706,0.004799,80584,32781,17839,11394,7765,5673,4351,3484,29221,1,1,1,1
22.3500,8758,1,1,96719,1,185309,0.521936,2,2,31,31,1695100,27.47857,0.00197,2.38262,0.00406,0,1,3,1.798957,1.272055,1.272055,-0.005646,-0.005579,14.955884,14456,0.000373,0.076499,76770,31754,17396,10839,7504,5418,4184,3376,28067,1,1,1,1
22.4000,8758,1,1,97056,0,186148,0.521394,3,7,16,166,87273,27.51324,0.00197,2.38262,0.00406,1,1,2,1.288500,1.000000,2.492786,-0.023021,-0.022992,14.938514,14016,0.001539,0.074257,77281,31810,17498,10992,7597,5374,4262,3309,28024,1,1,1,1
23.0000,8758,1,1,98138,0,188264,0.521281,1,22,22,307,3387076,27.92914,0.00197,2.38262,0.00406,1,0,2,1.088389,1.000000,2.205483,-0.230966,-0.230956,14.730576,8761,0.015679,0.047071,77883,32160,17598,11021,7623,5581,4308,3361,28728,1,1,1,1
23.9000,8758,1,1,100380,0,193110,0.519810,2,11,17,47,394854,28.55296,0.00197,2.38262,0.00406,1,1,2,1.281875,1.000000,3.802058,-0.542906,-0.542878,14.418514,879,0.037651,0.004825,79943,32929,17961,11437,7857,5780,4319,3436,29447,1,1,1,1
22.3500,8770,1,1,96542,0,185015,0.521809,4,18,18,116,313282,27.47783,0.00341,2.38247,0.00429,1,1,2,1.253440,1.000000,5.363656,-0.005369,-0.005344,14.956035,14473,0.000357,0.076484,76444,31580,17208,10931,7524,5537,4188,3303,28299,1,1,1,1
22.4000,8770,1,1,96922,0,185649,0.522074,2,2,7,1612,246779,27.51252,0.00341,2.38247,0.00429,1,1,2,1.394054,1.000000,1.494099,-0.022643,-0.022605,14.938837,14033,0.001513,0.074244,77172,31508,17371,10744,7505,5528,4170,3266,28384,1,1,1,1
23.0000,8770,1,1,98226,0,189012,0.519684,5,9,9,16,182551,27.92841,0.00341,2.38247,0.00429,1,0,2,1.144563,1.000000,1.453539,-0.230588,-0.230572,14.730953,8771,0.015652,0.047059,78331,32435,17420,11218,7732,5608,4333,3412,28522,1,1,1,1
23.9000,8770,1,1,101004,0,193940,0.520803,1,4,9,62,1563474,28.55224,0.00341,2.38247,0.00429,1,0,2,1.225650,1.000000,1.314511,-0.542494,-0.542471,14.419044,878,0.037622,0.004813,80349,33247,18252,11468,7834,5810,4351,3430,29198,1,1,1,1
22.3500,8782,1,1,97083,1,186180,0.521450,182,2,182,182,648134,27.47634,0.00371,2.38496,0.00393,0,1,3,1.593631,1.291976,1.291976,-0.005863,-0.005810,14.955705,14491,0.000388,0.076476,77325,31707,17248,10972,7661,5580,4193,3397,28096,1,1,1,1
22.4000,8782,1,1,97204,0,186433,0.521391,1,5,102,327,278850,27.51099,0.00371,2.38496,0.00393,1,1,2,1.199124,1.000000,1.461090,-0.023197,-0.023177,14.938175,14051,0.001552,0.074241,77571,31587,17418,11027,7526,5592,4198,3238,28275,1,1,1,1
23.0000,8782,1,1,98451,1,189222,0.520296,2,131,131,27557,743699,27.92694,0.00371,2.38496,0.00393,0,1,3,5.640479,5.096971,5.096971,-0.231246,-0.231049,14.730482,8781,0.015685,0.047050,78693,32036,17774,11285,7666,5604,4209,3383,28571,1,1,1,1
23.9000,8782,1,1,101026,0,193944,0.520906,5,25,25,110,476358,28.55071,0.00371,2.38496,0.00393,1,0,2,1.066756,1.000000,1.786224,-0.543071,-0.543063,14.418472,878,0.037664,0.004806,80765,32676,18265,11216,7905,5641,4550,3509,29416,1,1,1,1
22.3500,8794,1,1,97090,0,186131,0.521625,2,45,54,128,410392,27.48064,0.00250,2.38516,0.00423,1,1,2,1.079964,1.000000,3.819541,-0.004362,-0.004354,14.956898,14512,0.000291,0.076476,77213,31737,17351,10944,7673,5492,4264,3355,28101,1,1,1,1
22.4000,8794,1,1,97260,0,185912,0.523154,1,1,23,34,208062,27.51533,0.00250,2.38516,0.00423,1,0,3,1.414205,1.000000,1.144267,-0.021632,-0.021593,14.939871,14072,0.001445,0.074242,76794,31984,17398,10774,7565,5431,4283,3334,28348,1,1,1,1
23.0000,8794,1,1,98452,0,188937,0.521087,1,2,14,122,178830,27.93126,0.00250,2.38516,0.00423,1,1,2,1.413049,1.000000,1.830223,-0.229629,-0.229589,14.731879,8795,0.015585,0.047056,78192,32175,17491,11082,7819,5623,4205,3412,28937,1,1,1,1
23.9000,8794,1,1,101329,1,194200,0.521779,1,1,159,1362,80637,28.55505,0.00250,2.38516,0.00423,0,1,3,1.988141,1.450172,1.450172,-0.541508,-0.541430,14.420060,881,0.037547,0.004816,80671,32929,18180,11475,7815,5766,4353,3550,29460,1,1,1,1
22.3500,8806,1,1,97306,0,186565,0.521569,1,4,412,412,622657,27.47673,0.00215,2.38057,0.00456,1,1,2,1.241527,1.000000,1.606918,-0.006507,-0.006482,14.954892,14531,0.000433,0.076482,77684,31466,17328,11101,7620,5629,4214,3377,28145,1,1,1,1
22.4000,8806,1,1,97440,0,186313,0.522994,1,374,374,374,269177,27.51136,0.00215,2.38057,0.00456,1,1,2,1.036053,1.000000,13.785805,-0.023948,-0.023944,14.937220,14095,0.001603,0.074275,77367,31510,17146,11141,7669,5663,4088,3325,28403,1,1,1,1
23.0000,8806,1,1,98855,1,189775,0.520909,1,25072,25072,25072,495747,27.92728,0.00215,2.38057,0.00456,0,1,3,1118.395129,1117.243179,1117.243179,-0.232157,-0.231360,14.730183,8807,0.015707,0.047062,78845,32301,17530,11170,7761,5689,4230,3395,28853,1,1,1,1
23.9000,8806,1,1,100877,1,194557,0.518499,1,51,51,51,318077,28.55109,0.00215,2.38057,0.00456,0,1,3,7.076554,6.421076,6.421076,-0.543765,-0.543543,14.417988,882,0.037699,0.004815,80729,33247,18140,11469,7942,5778,4373,3462,29416,1,1,1,1
22.3500,8818,1,1,97409,1,186759,0.521579,18,6,18,71,2701828,27.48124,0.00169,2.38542,0.00392,0,1,3,3.068617,2.732819,2.732819,-0.004498,-0.004371,14.956699,14549,0.000292,0.076463,77600,31594,17552,10882,7592,5622,4253,3503,28160,1,1,1,1
22.4000,8818,1,1,97551,1,186888,0.521979,1,2,12,52,1005947,27.51591,0.00169,2.38542,0.00392,0,0,3,1.788055,1.388560,1.388560,-0.021792,-0.021726,14.939670,14113,0.001454,0.074256,77566,31942,17407,10797,7596,5644,4332,3361,28242,1,1,1,1
23.0000,8818,1,1,98480,0,189129,0.520706,5,27,27,65,198574,27.93181,0.00169,2.38542,0.00392,1,1,2,1.345250,1.000000,11.327298,-0.229864,-0.229830,14.731590,8817,0.015601,0.047046,78195,32211,17554,11200,7623,5626,4242,3368,29109,1,1,1,1
23.9000,8818,1,1,100919,1,194226,0.519598,2,7,19,10432,2176909,28.55563,0.00169,2.38542,0.00392,0,1,3,3.093645,2.770162,2.770162,-0.541692,-0.541564,14.419974,881,0.037557,0.004802,80379,32972,18180,11446,7992,5737,4481,3438,29600,1,1,1,1
22.3500,8830,1,1,97194,0,186531,0.521064,1,3,56,2737,265420,27.48153,0.00204,2.38616,0.00420,1,0,2,1.314075,1.000000,1.622564,-0.004129,-0.004098,14.957404,14567,0.000274,0.076450,77521,31370,17347,11174,7636,5377,4267,3363,28475,1,1,1,1
22.4000,8830,1,1,97560,0,186851,0.522130,7,3,35,107,514770,27.51623,0.00204,2.38616,0.00420,1,1,2,1.371262,1.000000,1.511526,-0.021473,-0.021437,14.940053,14125,0.001435,0.074217,77536,31659,17413,10997,7505,5678,4264,3272,28526,1,1,1,1
23.0000,8830,1,1,99489,1,190299,0.522806,1,1,32,3129,409752,27.93212,0.00204,2.38616,0.00420,0,0,3,1.498803,1.062038,1.062038,-0.229395,-0.229349,14.732108,8827,0.015568,0.047034,79085,32276,17697,11109,7807,5598,4305,3442,28979,1,1,1,1
23.9000,8830,1,1,101438,0,194814,0.520694,2,32,96,96,1611726,28.55595,0.00204,2.38616,0.00420,1,1,2,1.414135,1.000000,16.245113,-0.541468,-0.541429,14.420034,881,0.037547,0.004796,80900,33273,17999,11765,7775,5829,4285,3447,29540,1,1,1,1
22.3500,8842,1,1,97778,0,187230,0.522237,4,7,12,20,1760972,27.47972,0.00256,2.38850,0.00396,1,1,2,1.413974,1.000000,3.857538,-0.004808,-0.004768,14.956694,14588,0.000319,0.076460,77687,32038,17344,11107,7658,5564,4189,3267,28375,1,1,1,1
22.4000,8842,1,1,97149,1,186677,0.520415,1,6,6,291,339111,27.51437,0.00256,2.38850,0.00396,0,0,3,3.393104,2.747538,2.747538,-0.022113,-0.021974,14.939398,14145,0.001471,0.074224,77139,31774,17375,10996,7632,5620,4238,3334,28568,1,1,1,1
23.0000,8842,1,1,98857,1,190130,0.519947,1,1,23,23,99575,27.93033,0.00256,2.38850,0.00396,0,1,3,1.510327,1.080071,1.065034,-0.230029,-0.229982,14.731499,8841,0.015612,0.047047,78764,32373,17751,11063,7671,5859,4228,3449,28971,1,1,1,1
23.9000,8842,1,1,101711,1,194948,0.521737,23,3,23,34,82428,28.55409,0.00256,2.38850,0.00396,0,1,3,2.464683,1.775583,1.775583,-0.541948,-0.541846,14.419680,884,0.037577,0.004806,80944,32901,18145,11630,7911,5741,4470,3457,29748,1,1,1,1
22.3500,8854,1,1,97561,1,187217,0.521115,3,1,18,38,58448,27.48345,0.00258,2.39461,0.00360,0,1,3,1.398503,1.017282,1.017282,-0.002844,-0.002806,14.958684,14611,0.000188,0.076467,77845,31647,17601,11020,7548,5452,4272,3304,28527,1,1,1,1
22.4000,8854,1,1,97791,1,187136,0.522569,1,9,10,30,1961705,27.51813,0.00258,2.39461,0.00360,0,0,3,1.762091,1.313414,1.313414,-0.020196,-0.020132,14.941287,14168,0.001347,0.074235,77530,31806,17276,11095,7651,5562,4281,3375,28559,1,1,1,1
23.0000,8854,1,1,99147,1,190687,0.519949,2,97,97,413,114210,27.93407,0.00258,2.39461,0.00360,0,1,3,60.562897,47.699831,47.699831,-0.228370,-0.227906,14.733058,8855,0.015469,0.047052,79254,32257,17945,11284,7722,5698,4280,3381,28865,1,1,1,1
23.9000,8854,1,1,101966,0,195386,0.521872,1,51,51,68,612955,28.55785,0.00258,2.39461,0.00360,1,0,2,1.100812,1.000000,5.561774,-0.540141,-0.540130,14.421401,887,0.037453,0.004815,80894,33472,18378,11260,7961,5876,4403,3483,29658,1,1,1,1
22.3500,8866,1,1,97862,0,187074,0.523122,1,1,15,234,3696400,27.48379,0.00156,2.39300,0.00528,1,0,3,1.373019,1.000000,1.009909,-0.003244,-0.003208,14.958282,14630,0.000214,0.076465,77571,31811,17427,10837,7513,5663,4342,3351,28558,1,1,1,1
22.4000,8866,1,1,97627,1,187447,0.520827,1,4,4,143,2500661,27.51842,0.00156,2.39300,0.00528,0,1,3,3.031978,2.427507,2.427507,-0.020609,-0.020484,14.940892,14183,0.001371,0.074215,77727,31972,17556,11012,7649,5537,4155,3429,28409,1,1,1,1
23.0000,8866,1,1,99848,0,191078,0.522554,2,10,10,130,3387813,27.93434,0.00156,2.39300,0.00528,1,1,2,1.337688,1.000000,4.418165,-0.228604,-0.228571,14.732847,8863,0.015514,0.047032,79096,32783,17950,11354,7651,5539,4471,3382,28851,1,1,1,1
23.9000,8866,1,1,101633,1,195373,0.520202,3,3,21,88,226308,28.55814,0.00156,2.39300,0.00528,0,1,3,1.234681,1.128292,1.128292,-0.540426,-0.540402,14.421131,884,0.037473,0.004792,81220,32858,18428,11519,7792,5799,4453,3416,29887,1,1,1,1
22.3500,8878,1,1,97548,0,187351,0.520673,1,6,21,21,241240,27.48409,0.00101,2.38750,0.00400,1,1,2,1.409090,1.000000,3.422191,-0.003417,-0.003379,14.958077,14657,0.000226,0.076503,77535,31787,17546,11192,7489,5663,4249,3457,28432,1,1,1,1
22.4000,8878,1,1,98098,0,187935,0.521981,76,5,76,76,703969,27.51876,0.00101,2.38750,0.00400,1,1,2,1.274012,1.000000,1.869871,-0.020716,-0.020689,14.940703,14215,0.001385,0.074282,77813,31990,17565,11203,7674,5543,4237,3387,28522,1,1,1,1
23.0000,8878,1,1,99726,0,191306,0.521293,5,3,36,12626,216085,27.93466,0.00101,2.38750,0.00400,1,1,2,1.413065,1.000000,1.663800,-0.228660,-0.228621,14.732840,8886,0.015518,0.047090,79459,32459,17946,11219,7713,5819,4426,3355,28909,1,1,1,1
23.9000,8878,1,1,101787,1,195516,0.520610,5,3,6,27,284214,28.55848,0.00101,2.38750,0.00400,0,1,3,1.502583,1.349926,1.349926,-0.540556,-0.540510,14.421021,895,0.037481,0.004845,81130,33151,18115,11557,7950,5879,4464,3527,29742,1,1,1,1
22.3500,8890,1,1,98149,1,187946,0.522222,4,2,5,20,477472,27.48277,0.00225,2.40128,0.00502,0,1,3,1.538910,1.164736,1.164736,-0.003387,-0.003339,14.958163,14676,0.000223,0.076499,77952,32139,17480,11086,7642,5653,4223,3390,28380,1,1,1,1
22.4000,8890,1,1,98212,0,188180,0.521907,1,67,69,91,126751,27.51746,0.00225,2.40128,0.00502,1,1,2,1.211943,1.000000,16.164069,-0.020884,-0.020862,14.940657,14227,0.001396,0.074245,78212,31745,17407,11220,7570,5652,4325,3377,28671,1,1,1,1
23.0000,8890,1,1,100260,0,191867,0.522552,2,64,64,64,3413679,27.93335,0.00225,2.40128,0.00502,1,1,2,1.063175,1.000000,4.219590,-0.228752,-0.228745,14.732485,8893,0.015527,0.047065,79770,32728,17869,11430,7645,5789,4316,3500,28819,1,1,1,1
23.9000,8890,1,1,102135,1,195681,0.521949,3,3,13,1062,351894,28.55718,0.00225,2.40128,0.00502,0,0,3,1.421911,1.153659,1.153659,-0.540595,-0.540556,14.420817,892,0.037484,0.004823,81254,33337,18125,11458,8007,5670,4440,3471,29918,1,1,1,1
22.3500,8902,1,1,98204,0,188076,0.522153,1,23,23,467,934047,27.48616,0.00117,2.39250,0.00364,1,1,3,1.040861,1.000000,1.106365,-0.002210,-0.002206,14.958977,14694,0.000147,0.076485,78017,31895,17510,11070,7839,5613,4217,3430,28484,1,1,1,1
22.4000,8902,1,1,98209,1,188211,0.521805,1,11,53,74,262848,27.52081,0.00117,2.39250,0.00364,0,1,3,2.702025,2.000260,1.930417,-0.019570,-0.019458,14.941966,14249,0.001302,0.074253,78103,31727,17514,11131,7789,5643,4279,3334,28690,1,1,1,1
23.0000,8902,1,1,100184,0,192549,0.520307,2,193,193,193,344313,27.93676,0.00117,2.39250,0.00364,1,1,2,1.010681,1.000000,2.110195,-0.227550,-0.227549,14.733484,8908,0.015444,0.047077,80091,32745,17821,11496,7843,5812,4436,3492,28812,1,1,1,1
23.9000,8902,1,1,102361,1,196613,0.520624,3,10,43,57,753778,28.56053,0.00117,2.39250,0.00364,0,0,3,2.107512,1.817143,1.817143,-0.539428,-0.539344,14.421987,896,0.037397,0.004837,81605,33458,18416,11700,8006,5786,4452,3616,29573,1,1,1,1
22.3500,8914,1,1,98492,0,188525,0.522437,12,24,423,423,1611520,27.48050,0.00132,2.38626,0.00519,1,0,2,1.104825,1.000000,2.750480,-0.005002,-0.004991,14.956541,14710,0.000334,0.076478,78207,31979,17465,11150,7660,5682,4304,3386,28691,1,1,1,1
22.4000,8914,1,1,98853,1,189328,0.522128,2,2,453,453,1440535,27.51518,0.00132,2.38626,0.00519,0,1,3,1.502899,1.164621,1.164621,-0.022294,-0.022248,14.939259,14264,0.001489,0.074245,78475,32597,17713,11054,7635,5726,4206,3405,28516,1,1,1,1
23.0000,8914,1,1,100211,1,191953,0.522063,1,4,5,94,196633,27.93111,0.00132,2.38626,0.00519,0,1,3,3.548733,2.587267,2.587267,-0.230306,-0.230164,14.731366,8917,0.015624,0.047068,79899,32476,18005,11304,7830,5592,4300,3371,29175,1,1,1,1
23.9000,8914,1,1,102343,1,196590,0.520594,1,3,11,218,87788,28.55490,0.00132,2.38626,0.00519,0,0,3,2.195386,1.713519,1.713519,-0.542176,-0.542088,14.419308,896,0.037595,0.004832,81718,33303,18213,11695,8005,5839,4489,3382,29945,1,1,1,1
22.3500,8926,1,1,98503,1,188881,0.521511,1,46,751,751,407920,27.47652,0.00210,2.38145,0.00453,0,1,3,2.563299,2.561971,2.561971,-0.006660,-0.006555,14.954989,14731,0.000438,0.076492,78461,32050,17419,11303,7707,5688,4247,3320,28685,1,1,1,1
22.4000,8926,1,1,98703,1,189194,0.521705,1,1,18,30,584381,27.51116,0.00210,2.38145,0.00453,0,0,3,1.627674,1.181132,1.181132,-0.023933,-0.023878,14.937559,14285,0.001599,0.074262,78290,32368,17702,11279,7690,5572,4190,3387,28715,1,1,1,1
23.0000,8926,1,1,100030,0,192427,0.519836,7,3,102,882,490138,27.92708,0.00210,2.38145,0.00453,1,1,2,1.384860,1.000000,1.894035,-0.231920,-0.231883,14.729604,8930,0.015743,0.047079,79917,32778,17878,11301,7823,5768,4304,3556,29101,1,1,1,1
23.9000,8926,1,1,102684,0,196929,0.521429,1,6,11,27,385306,28.55088,0.00210,2.38145,0.00453,1,0,2,1.311935,1.000000,2.732703,-0.543841,-0.543811,14.417694,896,0.037718,0.004826,81928,33223,18460,11416,8034,5866,4480,3540,29981,1,1,1,1
22.3500,8938,1,1,98961,1,189118,0.523279,3,3,4072,4072,171432,27.47853,0.00195,2.37308,0.00604,0,1,3,1.418169,1.352789,1.352789,-0.005670,-0.005631,14.955908,14747,0.000377,0.076467,77983,32355,17764,11271,7651,5762,4381,3407,28543,1,1,1,1
22.4000,8938,1,1,98907,1,189307,0.522472,1,1,5,193,289707,27.51320,0.00195,2.37308,0.00604,0,1,3,1.583426,1.183197,1.183197,-0.022998,-0.022947,14.938553,14302,0.001536,0.074246,78786,31940,17629,11149,7785,5511,4307,3377,28822,1,1,1,1
23.0000,8938,1,1,100415,1,192461,0.521745,4,21,21,25,1493738,27.92910,0.00195,2.37308,0.00604,0,1,3,4.164400,3.951919,3.951919,-0.231018,-0.230859,14.730354,8940,0.015672,0.047066,79898,32530,18027,11438,7922,5654,4500,3466,29025,1,1,1,1
23.9000,8938,1,1,102499,1,197150,0.519906,5,26,107,107,1296525,28.55292,0.00195,2.37308,0.00604,0,1,3,18.174996,13.131001,13.131001,-0.542994,-0.542670,14.418874,893,0.037636,0.004803,81950,33522,18311,11535,7989,5861,4501,3602,29878,1,1,1,1
22.3500,8950,1,1,99005,1,190225,0.520465,8,15,54,206,1647346,27.48198,0.00180,2.37191,0.00611,0,1,3,3.059492,3.010432,3.010432,-0.004055,-0.003930,14.957613,14771,0.000263,0.076480,79142,32402,17783,11248,7756,5705,4321,3301,28566,1,1,1,1
22.4000,8950,1,1,99089,1,189870,0.521881,8,2,10,86,1020408,27.51668,0.00180,2.37191,0.00611,0,1,3,2.058175,1.502678,1.502678,-0.021363,-0.021283,14.940225,14323,0.001425,0.074247,78739,32103,17848,11322,7648,5635,4465,3440,28669,1,1,1,1
23.0000,8950,1,1,100541,1,192785,0.521521,1,5,9,1112,119987,27.93257,0.00180,2.37191,0.00611,0,1,3,1.603071,1.137465,1.055114,-0.229285,-0.229232,14.732225,8953,0.015560,0.047065,79829,32802,18064,11264,7854,5681,4359,3480,29451,1,1,1,1
23.9000,8950,1,1,102787,1,197875,0.519457,1,54,2717,3382,991415,28.55640,0.00180,2.37191,0.00611,0,1,3,2.448611,1.916926,1.873746,-0.541236,-0.541136,14.420258,899,0.037526,0.004828,82386,33531,18396,11558,7985,5838,4588,3624,29968,1,1,1,1
22.3500,8962,1,1,99281,1,189834,0.522991,1,165,165,165,50123,27.47730,0.00158,2.37148,0.00466,0,0,3,9.077981,8.377614,8.377614,-0.006548,-0.006302,14.954962,14794,0.000421,0.076510,79007,32292,17628,11077,7695,5591,4279,3443,28821,1,1,1,1
22.4000,8962,1,1,99046,0,190137,0.520922,2505,30,2505,2505,105312,27.51195,0.00158,2.37148,0.00466,1,1,2,1.162754,1.000000,5.357820,-0.023847,-0.023831,14.937505,14345,0.001595,0.074275,78831,32463,17807,11297,7711,5628,4198,3421,28780,1,1,1,1
23.0000,8962,1,1,100167,1,192571,0.520159,22,28,94,127,245305,27.92790,0.00158,2.37148,0.00466,0,1,3,2.649917,2.257057,2.257057,-0.231774,-0.231665,14.729859,8967,0.015728,0.047084,79810,32618,17965,11408,7891,5720,4437,3438,29283,1,1,1,1
23.9000,8962,1,1,103205,1,197856,0.521619,1,23,23,137,432588,28.55167,0.00158,2.37148,0.00466,0,1,3,10.893691,9.570742,9.570742,-0.543740,-0.543474,14.418065,902,0.037694,0.004839,82311,33567,18445,11403,8073,5905,4517,3525,30109,1,1,1,1
22.3500,8974,1,1,99459,1,190267,0.522737,4,11,199,199,449774,27.47871,0.00124,2.37175,0.00454,0,0,3,1.720621,1.519679,1.519679,-0.005905,-0.005845,14.955469,14811,0.000391,0.076493,79057,32335,17927,11104,7743,5644,4285,3358,28813,1,1,1,1
22.4000,8974,1,1,99147,1,189938,0.521999,2,11,478,478,190914,27.51339,0.00124,2.37175,0.00454,0,1,3,5.760836,4.921368,4.921368,-0.023311,-0.023116,14.938111,14363,0.001547,0.074266,78879,32359,17521,11116,7780,5530,4306,3341,29105,1,1,1,1
23.0000,8974,1,1,100780,0,192978,0.522238,1,9,12,27,233409,27.92932,0.00124,2.37175,0.00454,1,1,2,1.132064,1.000000,1.577180,-0.231212,-0.231198,14.730115,8977,0.015696,0.047072,79935,32636,18207,11212,7881,5810,4433,3468,29395,1,1,1,1
23.9000,8974,1,1,103256,0,198307,0.520690,1,5,34,34,249095,28.55311,0.00124,2.37175,0.00454,1,1,2,1.331392,1.000000,2.597358,-0.543135,-0.543103,14.418315,902,0.037668,0.004832,82305,33868,18366,11740,8192,5973,4482,3507,29873,1,1,1,1
22.3500,8986,1,1,98901,1,189590,0.521660,1,5,401,401,804680,27.48085,0.00239,2.37346,0.00469,0,0,3,2.960535,2.332803,2.332803,-0.004344,-0.004223,14.957169,14828,0.000282,0.076470,78654,32159,17538,11040,7750,5633,4424,3400,28991,1,1,1,1
22.4000,8986,1,1,99249,1,190541,0.520883,56,2,56,56,426537,27.51549,0.00239,2.37346,0.00469,0,1,3,1.395530,1.115405,1.115405,-0.021618,-0.021581,14.939953,14379,0.001444,0.074240,79469,32134,17761,11002,7700,5654,4379,3429,29012,1,1,1,1
23.0000,8986,1,1,100909,1,193540,0.521388,17,15,26,26,1021410,27.93140,0.00239,2.37346,0.00469,0,0,3,2.690866,2.634617,2.634617,-0.229627,-0.229517,14.731599,8987,0.015580,0.047057,80361,32946,18001,11266,7772,5697,4463,3544,29489,1,1,1,1
23.9000,8986,1,1,103417,1,198762,0.520308,1,7,38,348,190758,28.55521,0.00239,2.37346,0.00469,0,1,3,5.054906,3.868732,3.868732,-0.541550,-0.541369,14.419938,901,0.037543,0.004820,82222,33977,18741,11802,8113,6032,4526,3513,29835,1,1,1,1
22.3500,8998,1,1,99354,0,190192,0.522391,2,3,90,168,1042459,27.48401,0.00131,2.37718,0.00354,1,0,3,1.293441,1.000000,1.130892,-0.003245,-0.003216,14.958292,14849,0.000215,0.076471,78858,32273,17861,11174,7672,5575,4332,3492,28954,1,1,1,1
22.4000,8998,1,1,99365,1,190571,0.521409,1,1,13,23,1110077,27.51868,0.00131,2.37718,0.00354,0,0,3,1.582059,1.160500,1.160500,-0.020578,-0.020527,14.940905,14399,0.001374,0.074239,79138,32536,17751,11235,7716,5496,4242,3466,28990,1,1,1,1
23.0000,8998,1,1,100756,0,193241,0.521403,1,185,185,185,616541,27.93458,0.00131,2.37718,0.00354,1,1,2,1.241848,1.000000,50.396127,-0.228741,-0.228717,14.732664,9002,0.015524,0.047069,80105,32584,17820,11488,7990,5697,4544,3477,29535,1,1,1,1
23.9000,8998,1,1,103040,0,198239,0.519779,1,6,19,90,307921,28.55840,0.00131,2.37718,0.00354,1,1,3,1.141615,1.000000,1.087312,-0.540436,-0.540421,14.420901,902,0.037475,0.004818,82187,33551,18430,11829,8038,5884,4545,3554,30220,1,1,1,1
22.3500,9010,1,1,99352,0,190649,0.521128,95,3,184,184,445543,27.48474,0.00131,2.38215,0.00375,1,1,3,1.333024,1.000000,1.356791,-0.002873,-0.002841,14.958660,14868,0.000190,0.076465,79022,32481,17715,11179,7618,5814,4399,3426,28994,1,1,1,1
22.4000,9010,1,1,99515,1,190883,0.521343,1,45,45,45,333904,27.51944,0.00131,2.38215,0.00375,0,0,3,1.686627,1.283877,1.283877,-0.020217,-0.020159,14.941253,14420,0.001349,0.074247,79111,32403,17972,11158,7825,5696,4378,3368,28971,1,1,1,1
23.0000,9010,1,1,101323,1,194101,0.522014,1,44,44,2194,64676,27.93533,0.00131,2.38215,0.00375,0,1,3,9.126586,8.328410,8.328410,-0.228269,-0.228023,14.733252,9011,0.015477,0.047052,80823,32788,18032,11254,7839,5716,4413,3660,29575,1,1,1,1
23.9000,9010,1,1,103210,0,198171,0.520815,1,59,118,526,473793,28.55916,0.00131,2.38215,0.00375,1,1,2,1.018031,1.000000,1.143679,-0.540073,-0.540071,14.421028,902,0.037450,0.004812,82214,33478,18381,11641,8107,5906,4581,3554,30308,1,1,1,1
22.3500,9022,1,1,99468,0,190860,0.521160,4,7,28,68,79238,27.47794,0.00179,2.37763,0.00376,1,1,2,1.368624,1.000000,3.287168,-0.006069,-0.006034,14.955460,14887,0.000403,0.076477,79211,32526,17606,11331,7822,5692,4261,3292,29118,1,1,1,1
22.4000,9022,1,1,99699,1,191327,0.521095,1,33,33,34,126055,27.51259,0.00179,2.37763,0.00376,0,1,3,1.607680,1.155467,1.036262,-0.023326,-0.023273,14.938173,14435,0.001558,0.074241,79365,32421,17835,11466,7749,5728,4265,3453,29044,1,1,1,1
23.0000,9022,1,1,101065,1,194007,0.520937,3,26,26,231,9525504,27.92854,0.00179,2.37763,0.00376,0,0,3,3.179556,2.890316,2.890316,-0.231361,-0.231233,14.730052,9024,0.015698,0.047067,80363,32995,18258,11357,7761,5684,4455,3428,29705,1,1,1,1
23.9000,9022,1,1,103566,0,199284,0.519693,4,16,229,229,609993,28.55231,0.00179,2.37763,0.00376,1,1,2,1.202540,1.000000,3.843268,-0.543262,-0.543242,14.418279,902,0.037677,0.004806,83063,33843,18516,11634,8025,5904,4455,3447,30396,1,1,1,1
22.3500,9034,1,1,99737,1,191586,0.520589,4,2,14,74,2517315,27.47830,0.00246,2.36928,0.00368,0,0,3,1.350428,1.167351,1.167351,-0.005480,-0.005446,14.955887,14904,0.000364,0.076460,79543,32499,17905,11371,7683,5791,4455,3445,28893,1,1,1,1
22.4000,9034,1,1,100259,1,191988,0.522218,4,72,72,72,6196699,27.51298,0.00246,2.36928,0.00368,0,1,3,32.000360,28.474833,28.474833,-0.022998,-0.022615,14.938928,14454,0.001514,0.074236,79975,32810,17692,11108,7883,5738,4306,3443,29032,1,1,1,1
23.0000,9034,1,1,101235,1,194241,0.521185,1,2,106,106,1513064,27.92891,0.00246,2.36928,0.00368,0,1,3,1.568946,1.361285,1.361285,-0.230793,-0.230743,14.730785,9032,0.015664,0.047044,80312,33150,17939,11529,7869,5913,4390,3481,29657,1,1,1,1
23.9000,9034,1,1,103169,1,198628,0.519411,3,3,31,35,2241423,28.55270,0.00246,2.36928,0.00368,0,0,3,1.682591,1.418331,1.418331,-0.542691,-0.542633,14.418719,901,0.037634,0.004795,82406,33584,18256,11825,8085,5776,4444,3668,30583,1,1,1,1
22.3500,9046,1,1,100092,0,191792,0.521881,1,3,41,116,73889760,27.47124,0.00100,2.36145,0.00359,1,0,2,1.303247,1.000000,1.306478,-0.009809,-0.009779,14.951728,14933,0.000654,0.076529,79787,32540,17838,11193,7809,5889,4458,3446,28831,1,1,1,1
22.4000,9046,1,1,100186,0,192123,0.521471,1,3,13,37,251260,27.50588,0.00100,2.36145,0.00359,1,1,2,1.413006,1.000000,2.352767,-0.027158,-0.027120,14.934344,14481,0.001816,0.074299,80269,32566,17750,11248,7769,5725,4213,3380,29202,1,1,1,1
23.0000,9046,1,1,101319,1,194621,0.520599,2,3,19,19,6414759,27.92180,0.00100,2.36145,0.00359,0,1,3,1.880548,1.504941,1.504941,-0.235093,-0.235023,14.726493,9053,0.015959,0.047104,80914,32842,18028,11572,7838,5674,4520,3517,29715,1,1,1,1
23.9000,9046,1,1,104068,0,199279,0.522225,81,78,81,81,168925,28.54560,0.00100,2.36145,0.00359,1,0,2,1.019600,1.000000,1.552591,-0.546996,-0.546994,14.414549,912,0.037947,0.004848,82367,33955,18551,11826,8086,5925,4568,3579,30421,1,1,1,1
22.3500,9058,1,1,100029,1,191764,0.521628,1,43,50,1671,991183,27.47320,0.00297,2.36688,0.00423,0,1,3,10.949007,9.954764,9.954764,-0.007941,-0.007677,14.953599,14949,0.000513,0.076500,79661,32554,17962,11305,7696,5742,4350,3451,29042,1,1,1,1
22.4000,9058,1,1,99919,1,191317,0.522272,1,35,35,100,140102,27.50786,0.00297,2.36688,0.00423,0,1,3,2.819663,2.571834,2.571834,-0.025199,-0.025084,14.936450,14498,0.001679,0.074277,78837,32573,18063,11244,7854,5723,4414,3444,29164,1,1,1,1
23.0000,9058,1,1,101793,1,195348,0.521088,1,1,45,66,587416,27.92376,0.00297,2.36688,0.00423,0,1,3,1.520894,1.098725,1.098725,-0.233103,-0.233057,14.728433,9061,0.015824,0.047077,80998,33368,18345,11580,7982,5759,4414,3479,29422,1,1,1,1
23.9000,9058,1,1,104157,1,199952,0.520913,3,6,19,96,427188,28.54758,0.00297,2.36688,0.00423,0,1,3,4.436996,3.288747,3.288747,-0.545072,-0.544908,14.416292,909,0.037798,0.004825,82792,34066,18642,11791,8260,6147,4436,3501,30316,1,1,1,1
22.3500,9070,1,1,99948,0,191780,0.521162,1,7,18,50,88043,27.47961,0.00107,2.37307,0.00548,1,1,2,1.279197,1.000000,2.566621,-0.005595,-0.005568,14.955831,14969,0.000372,0.076489,79448,32694,17854,11365,7716,5675,4263,3503,29261,1,1,1,1
22.4000,9070,1,1,100133,1,192273,0.520788,1,21,21,43,253736,27.51430,0.00107,2.37307,0.00548,0,1,3,13.325279,10.667165,10.667165,-0.023022,-0.022736,14.938804,14515,0.001522,0.074254,79856,32609,17832,11594,7742,5752,4277,3472,29138,1,1,1,1
23.0000,9070,1,1,102002,0,195061,0.522926,4,4,18,87,9538597,27.93019,0.00107,2.37307,0.00548,1,1,2,1.389896,1.000000,2.130397,-0.230877,-0.230841,14.730605,9076,0.015671,0.047086,80708,33112,18252,11643,7890,5855,4492,3466,29642,1,1,1,1
23.9000,9070,1,1,104433,1,200478,0.520923,2,8,35,48,3162353,28.55402,0.00107,2.37307,0.00548,0,1,3,3.686077,3.118409,3.118409,-0.542814,-0.542670,14.418856,910,0.037636,0.004823,83146,34567,18542,11736,8051,5939,4546,3545,30405,1,1,1,1
22.3500,9082,1,1,100443,1,192275,0.522395,1,5,27,199,237233,27.47734,0.00122,2.36990,0.00374,0,0,3,1.853909,1.446078,1.446078,-0.006605,-0.006537,14.954863,14985,0.000437,0.076475,79982,32398,18003,11321,7836,5690,4404,3404,29236,1,1,1,1
22.4000,9082,1,1,99896,0,191788,0.520870,1,13,1024,1024,950050,27.51199,0.00122,2.36990,0.00374,1,1,2,1.109111,1.000000,1.683826,-0.023938,-0.023927,14.937607,14533,0.001602,0.074254,79285,32457,17890,11456,7801,5664,4420,3429,29385,1,1,1,1
23.0000,9082,1,1,102198,0,196011,0.521392,2,1,2,5378,5088083,27.92794,0.00122,2.36990,0.00374,1,1,3,1.414064,1.000000,1.070477,-0.231884,-0.231846,14.729625,9081,0.015740,0.047053,81300,33474,18259,11576,8048,5806,4373,3453,29721,1,1,1,1
23.9000,9082,1,1,103678,0,199941,0.518546,1,30,30,147,444344,28.55171,0.00122,2.36990,0.00374,1,1,2,1.036995,1.000000,1.246450,-0.543780,-0.543776,14.417766,909,0.037716,0.004812,82645,34069,18654,11692,8090,6030,4527,3660,30573,1,1,1,1
22.3500,9094,1,1,99859,1,191959,0.520213,12,4,17,40,173487,27.48761,0.00122,2.37528,0.00402,0,0,3,1.596483,1.523272,1.523272,-0.001456,-0.001404,14.959805,15009,0.000094,0.076471,79473,32510,17863,11290,7905,5734,4391,3464,29328,1,1,1,1
22.4000,9094,1,1,100320,0,192311,0.521658,1,4,38,84,463344,27.52229,0.00122,2.37528,0.00402,1,0,2,1.310365,1.000000,1.740970,-0.018805,-0.018775,14.942731,14557,0.001256,0.074253,79728,32765,17858,11129,7799,5666,4434,3463,29468,1,1,1,1
23.0000,9094,1,1,101953,1,195995,0.520184,1,6,6,83,2568035,27.93823,0.00122,2.37528,0.00402,0,1,3,2.060605,1.727519,1.727519,-0.226772,-0.226692,14.734831,9098,0.015385,0.047062,81229,33321,18296,11674,7926,5769,4454,3571,29754,1,1,1,1
23.9000,9094,1,1,104552,0,200815,0.520641,17,5,17,26,2980821,28.56201,0.00122,2.37528,0.00402,1,1,2,1.392044,1.000000,2.679472,-0.538689,-0.538653,14.422835,915,0.037347,0.004835,83289,34057,18692,11880,8214,5880,4616,3635,30551,1,1,1,1
22.3500,9106,1,1,100298,0,192742,0.520377,1,1,31,78,923076,27.49131,0.00137,2.38226,0.00358,1,0,3,1.407900,1.000000,1.304515,0.000420,0.000458,14.961917,15024,-0.000031,0.076436,80021,32647,17992,11439,7770,5659,4355,3547,29311,1,1,1,1
22.4000,9106,1,1,100950,0,193127,0.522716,611,48,611,611,45647,27.52595,0.00137,2.38226,0.00358,1,0,2,1.062962,1.000000,3.153726,-0.016949,-0.016943,14.944596,14570,0.001134,0.074212,80305,32495,18103,11396,7800,5678,4392,3546,29411,1,1,1,1
23.0000,9106,1,1,102248,0,195928,0.521868,1,5,17,512,610958,27.94187,0.00137,2.38226,0.00358,1,0,2,1.318403,1.000000,2.466272,-0.224895,-0.224864,14.736641,9105,0.015259,0.047030,81314,33298,18232,11499,8035,5849,4548,3514,29638,1,1,1,1
23.9000,9106,1,1,104773,1,201267,0.520570,1,1,8,15401,96382,28.56567,0.00137,2.38226,0.00358,0,0,3,1.487935,1.055650,1.055650,-0.536745,-0.536701,14.424777,910,0.037207,0.004802,83589,34256,18793,11758,8252,5871,4634,3677,30436,1,1,1,1
22.3500,9118,1,1,100570,0,193110,0.520794,4,7,22,209,390723,27.48463,0.00122,2.37860,0.00418,1,0,2,1.187093,1.000000,1.663884,-0.003002,-0.002983,14.958542,15044,0.000199,0.076454,80328,32521,17995,11573,7823,5798,4429,3490,29152,1,1,1,1
22.4000,9118,1,1,100447,1,192650,0.521399,7,59,59,59,1042590,27.51929,0.00122,2.37860,0.00418,0,1,3,14.311373,13.807791,13.807791,-0.020450,-0.020159,14.940867,14588,0.001349,0.074224,79555,32953,18006,11310,7751,5774,4334,3505,29461,1,1,1,1
23.0000,9118,1,1,102610,0,196445,0.522337,3,7,40,102,439680,27.93519,0.00122,2.37860,0.00418,1,1,2,1.411022,1.000000,3.660986,-0.228329,-0.228292,14.733171,9117,0.015495,0.047042,81384,33580,18335,11466,8007,5892,4438,3469,29873,1,1,1,1
23.9000,9118,1,1,104761,1,200994,0.521217,3,2,69,211,48694,28.55901,0.00122,2.37860,0.00418,0,1,3,1.460953,1.242243,1.242243,-0.540175,-0.540134,14.421399,911,0.037454,0.004802,83525,33970,18630,11922,8158,6023,4620,3514,30631,1,1,1,1
22.3500,9130,1,1,100262,0,193031,0.519411,4,7,48,48,235318,27.48790,0.00144,2.38347,0.00401,1,1,2,1.279811,1.000000,2.500529,-0.001257,-0.001230,14.960170,15062,0.000082,0.076436,80076,32544,18015,11379,7800,5780,4418,3481,29537,1,1,1,1
22.4000,9130,1,1,100874,0,193178,0.522184,2,11,30,113,1047090,27.52260,0.00144,2.38347,0.00401,1,1,2,1.098610,1.000000,1.285502,-0.018568,-0.018558,14.942730,14607,0.001242,0.074214,80056,32848,17988,11335,7855,5798,4348,3481,29468,1,1,1,1
23.0000,9130,1,1,102247,1,195832,0.522119,2,48,48,48,3902378,27.93849,0.00144,2.38347,0.00401,0,0,3,2.334659,1.947290,1.947290,-0.226535,-0.226442,14.734920,9125,0.015368,0.047015,81235,33307,18166,11343,8046,5780,4425,3514,30015,1,1,1,1
23.9000,9130,1,1,105247,1,201496,0.522331,1,712,712,712,465802,28.56232,0.00144,2.38347,0.00401,0,1,3,79.507524,78.455119,78.455119,-0.538654,-0.538175,14.422842,908,0.037314,0.004780,83460,34476,18794,11768,8229,5942,4598,3602,30626,1,1,1,1
22.3500,9142,1,1,100857,1,193570,0.521039,5,2,48,48,159280,27.48396,0.00106,2.38716,0.00450,0,1,3,1.536512,1.161209,1.161209,-0.003361,-0.003314,14.957964,15088,0.000222,0.076479,80066,33005,18084,11377,7913,5848,4434,3486,29356,1,1,1,1
22.4000,9142,1,1,101033,1,193679,0.521654,4,3,157,253,894876,27.51861,0.00106,2.38716,0.00450,0,1,3,1.438824,1.126366,1.126366,-0.020685,-0.020645,14.940867,14633,0.001382,0.074258,80417,32884,17910,11446,7920,5725,4430,3507,29439,1,1,1,1
23.0000,9142,1,1,102711,1,196871,0.521720,1,3,5,196,178163,27.93456,0.00106,2.38716,0.00450,0,1,3,2.461069,1.943350,1.943350,-0.228689,-0.228591,14.732940,9145,0.015516,0.047063,81381,33478,18559,11589,8112,5855,4648,3471,29777,1,1,1,1
23.9000,9142,1,1,105254,0,201618,0.522049,1,57,57,334,1232065,28.55833,0.00106,2.38716,0.00450,1,1,2,1.406138,1.000000,28.437088,-0.540722,-0.540685,14.420797,920,0.037493,0.004837,83886,33931,18768,12046,8039,6093,4706,3556,30592,1,1,1,1
22.3500,9154,1,1,101327,1,194215,0.521729,4,73,2762,2762,224466,27.48162,0.00129,2.37945,0.00517,0,1,3,37.256625,32.116826,32.116826,-0.004583,-0.004188,14.956791,15107,0.000280,0.076481,80820,33013,18095,11427,7874,5749,4390,3501,29345,1,1,1,1
22.4000,9154,1,1,101373,1,194323,0.521675,4,1,653,653,55490,27.51630,0.00129,2.37945,0.00517,0,1,3,1.468323,1.126081,1.126081,-0.021738,-0.021696,14.939613,14648,0.001452,0.074243,80672,33276,17987,11426,7924,5710,4387,3474,29466,1,1,1,1
23.0000,9154,1,1,102703,1,197339,0.520442,7,3,12,22,383055,27.93224,0.00129,2.37945,0.00517,0,1,3,2.685371,1.964977,1.964977,-0.229737,-0.229629,14.731888,9156,0.015587,0.047061,82026,33540,18469,11354,8179,5781,4524,3521,29944,1,1,1,1
23.9000,9154,1,1,105024,0,201670,0.520774,4,28,28,76,206272,28.55602,0.00129,2.37945,0.00517,1,1,2,1.280219,1.000000,9.108259,-0.541715,-0.541688,14.419714,918,0.037566,0.004821,83917,33919,18642,12074,8137,5967,4606,3553,30854,1,1,1,1
22.3500,9166,1,1,101120,0,194142,0.520859,61,2,61,158,180153,27.48139,0.00121,2.37427,0.00413,1,1,3,1.395770,1.000000,1.139800,-0.004612,-0.004576,14.956875,15125,0.000306,0.076472,80773,32935,18043,11219,7949,5715,4512,3477,29518,1,1,1,1
22.4000,9166,1,1,101073,1,193891,0.521290,1,284,284,284,180073,27.51602,0.00121,2.37427,0.00413,0,1,3,17.467049,16.719278,16.719278,-0.022081,-0.021769,14.939773,14667,0.001457,0.074241,80442,32683,18196,11447,7867,5689,4392,3498,29676,1,1,1,1
23.0000,9166,1,1,103092,0,197453,0.522112,1,1,15,127,495539,27.93194,0.00121,2.37427,0.00413,1,0,3,1.395575,1.000000,1.005401,-0.229886,-0.229849,14.731638,9165,0.015602,0.047046,82241,33321,18410,11590,7897,5814,4456,3632,30091,1,1,1,1
23.9000,9166,1,1,105109,1,202172,0.519901,1,24,45,75,481409,28.55574,0.00121,2.37427,0.00413,0,0,3,5.457709,4.731452,4.731452,-0.541872,-0.541687,14.419649,916,0.037566,0.004804,84068,34444,18827,11746,8104,6155,4533,3665,30629,1,1,1,1
22.3500,9178,1,1,101025,1,194268,0.520032,8,13,15,181,408307,27.48277,0.00121,2.37681,0.00370,0,1,3,2.292723,1.853818,1.853818,-0.003936,-0.003846,14.957673,15143,0.000257,0.076458,80813,32722,18226,11257,7955,5712,4468,3470,29644,1,1,1,1
22.4000,9178,1,1,101599,1,194725,0.521759,3,8,29,123,4431403,27.51744,0.00121,2.37681,0.00370,0,1,3,4.688105,3.878823,3.878823,-0.021309,-0.021141,14.940098,14684,0.001415,0.074228,80699,33274,18141,11527,8016,5809,4349,3473,29436,1,1,1,1
23.0000,9178,1,1,102815,1,197551,0.520451,31,2,31,67,2013717,27.93334,0.00121,2.37681,0.00370,0,1,3,1.479339,1.266801,1.266801,-0.229199,-0.229156,14.731952,9179,0.015555,0.047056,81677,33876,18314,11619,8055,5893,4547,3602,29967,1,1,1,1
23.9000,9178,1,1,105550,0,203061,0.519797,10,8,34,34,129478,28.55716,0.00121,2.37681,0.00370,1,0,3,1.122880,1.000000,1.121356,-0.541102,-0.541089,14.420443,918,0.037522,0.004808,84420,34570,19104,11758,8108,6119,4663,3650,30668,1,1,1,1
22.3500,9190,1,1,101401,1,194027,0.522616,3,5,25,132,293920,27.47958,0.00298,2.37535,0.00370,0,1,3,1.962494,1.836324,1.836324,-0.004629,-0.004556,14.956988,15165,0.000305,0.076473,80513,32881,18020,11464,7929,5763,4280,3435,29741,1,1,1,1
22.4000,9190,1,1,101447,1,194773,0.520850,1,6,6,281,382189,27.51428,0.00298,2.37535,0.00370,0,1,3,2.634668,2.341111,2.341111,-0.021990,-0.021885,14.939650,14703,0.001465,0.074229,80465,33259,18348,11380,8001,5841,4475,3536,29467,1,1,1,1
23.0000,9190,1,1,103379,1,198020,0.522066,7,20,20,143,918070,27.93017,0.00298,2.37535,0.00370,0,1,3,1.733187,1.585394,1.585394,-0.229914,-0.229854,14.731682,9190,0.015603,0.047051,81986,33710,18500,11643,8250,5845,4426,3561,30098,1,1,1,1
23.9000,9190,1,1,105798,0,202908,0.521411,1,2,231,231,62332,28.55400,0.00298,2.37535,0.00370,1,1,3,1.335727,1.000000,1.308002,-0.541816,-0.541784,14.419640,919,0.037573,0.004807,84026,34561,19126,11897,8276,5997,4681,3742,30601,1,1,1,1
22.3500,9202,1,1,101614,0,194836,0.521539,2,4,12,54,429713,27.47742,0.00128,2.37477,0.00377,1,1,2,1.304214,1.000000,1.744095,-0.006542,-0.006513,14.954899,15182,0.000436,0.076470,80902,33184,18283,11391,7859,5674,4375,3543,29624,1,1,1,1
22.4000,9202,1,1,101707,1,195050,0.521443,1,4,58,58,5918499,27.51207,0.00128,2.37477,0.00377,0,1,3,4.014860,2.912360,2.912360,-0.023895,-0.023744,14.937615,14721,0.001590,0.074233,81102,33169,17981,11467,8002,5852,4423,3407,29646,1,1,1,1
23.0000,9202,1,1,103175,1,197855,0.521470,23,148,148,148,168067,27.92802,0.00128,2.37477,0.00377,0,1,3,1.417649,1.238521,1.238521,-0.231823,-0.231785,14.729746,9199,0.015736,0.047042,82481,33347,18262,11492,7962,6006,4460,3459,30385,1,1,1,1
23.9000,9202,1,1,105886,0,203314,0.520803,1,6,6,65,220069,28.55179,0.00128,2.37477,0.00377,1,1,2,1.239446,1.000000,1.874717,-0.543732,-0.543709,14.417676,918,0.037711,0.004796,84619,34377,18867,12040,8175,5963,4732,3655,30885,1,1,1,1
22.3500,9214,1,1,101918,0,194888,0.522959,1,2,16,113,1127507,27.47352,0.00366,2.37722,0.00624,1,0,3,1.249220,1.000000,1.004219,-0.007250,-0.007226,14.954292,15201,0.000483,0.076469,80920,32998,17897,11623,7965,5896,4531,3510,29547,1,1,1,1
22.4000,9214,1,1,101859,1,195234,0.521730,2,3,9,437,888879,27.50820,0.00366,2.37722,0.00624,0,1,3,2.033847,1.644224,1.644224,-0.024623,-0.024546,14.936996,14738,0.001643,0.074225,81294,33135,18033,11392,7986,5868,4473,3454,29598,1,1,1,1
23.0000,9214,1,1,103604,0,198402,0.522195,1,15,15,19,303991,27.92413,0.00366,2.37722,0.00624,1,1,2,1.245107,1.000000,4.453262,-0.232644,-0.232620,14.728767,9209,0.015794,0.047035,82132,33711,18527,11866,8087,6123,4414,3508,30033,1,1,1,1
23.9000,9214,1,1,105608,0,203555,0.518821,2,16,16,81,717205,28.54792,0.00366,2.37722,0.00624,1,1,2,1.238595,1.000000,4.630078,-0.544540,-0.544517,14.417002,917,0.037769,0.004785,84682,34733,18889,11975,8172,5982,4622,3495,31004,1,1,1,1
22.3500,9226,1,1,102011,1,195417,0.522020,1,7,156,156,333281,27.47995,0.00195,2.37780,0.00493,0,1,3,2.046313,2.021066,2.021066,-0.004997,-0.004919,14.956627,15228,0.000329,0.076493,80903,33434,18194,11584,7837,5803,4487,3621,29553,1,1,1,1
22.4000,9226,1,1,101865,1,195112,0.522087,5,12,12,229,468768,27.51458,0.00195,2.37780,0.00493,0,1,3,6.842903,5.700381,5.700381,-0.022372,-0.022163,14.938979,14763,0.001484,0.074245,80966,32992,18096,11683,7944,5814,4369,3439,29808,1,1,1,1
23.0000,9226,1,1,103178,0,198627,0.519459,1,7,17,501,1218625,27.93050,0.00195,2.37780,0.00493,1,1,2,1.399045,1.000000,3.763322,-0.230308,-0.230272,14.731214,9227,0.015632,0.047058,82495,33555,18360,11690,8144,6020,4531,3583,30248,1,1,1,1
23.9000,9226,1,1,106502,0,204231,0.521481,3,44,44,155,163370,28.55430,0.00195,2.37780,0.00493,1,1,2,1.129086,1.000000,6.192287,-0.542237,-0.542223,14.419309,924,0.037604,0.004814,84749,34653,19271,12029,8301,6096,4682,3679,30770,1,1,1,1
22.3500,9238,1,1,101625,1,194915,0.521384,1,2,18,117,1116869,27.47519,0.00164,2.37702,0.00386,0,0,3,2.006585,1.592015,1.592015,-0.007498,-0.007423,14.953972,15249,0.000496,0.076512,80697,33247,18129,11439,7858,5840,4461,3513,29730,1,1,1,1
22.4000,9238,1,1,101477,1,195325,0.519532,1,15,18,67,766669,27.50985,0.00164,2.37702,0.00386,0,0,3,3.871533,3.313683,3.313683,-0.024873,-0.024726,14.936622,14792,0.001655,0.074306,80934,33050,18434,11251,8120,5772,4487,3437,29839,1,1,1,1
23.0000,9238,1,1,103532,0,198786,0.520824,7,11,11,1701,558917,27.92576,0.00164,2.37702,0.00386,1,1,2,1.264102,1.000000,3.412574,-0.232826,-0.232800,14.728596,9243,0.015806,0.047087,82489,33806,18496,11629,8170,5927,4532,3545,30191,1,1,1,1
23.9000,9238,1,1,105845,1,203615,0.519832,4,1,23,233,245852,28.54958,0.00164,2.37702,0.00386,0,0,3,1.277354,1.122195,1.122195,-0.544669,-0.544642,14.416685,929,0.037779,0.004835,84232,34689,19054,11862,8417,6069,4764,3697,30830,1,1,1,1
22.3500,9250,1,1,102291,1,196280,0.521151,4,73,73,73,77760,27.47102,0.00142,2.37147,0.00448,0,1,3,47.666364,36.467470,36.467470,-0.009847,-0.009429,14.951516,15265,0.000631,0.076506,81453,33438,18254,11725,7955,5853,4486,3525,29590,1,1,1,1
22.4000,9250,1,1,102126,0,196029,0.520977,1,14,14,101,642881,27.50572,0.00142,2.37147,0.00448,1,0,2,1.085515,1.000000,1.391396,-0.027015,-0.027006,14.934532,14801,0.001808,0.074265,81630,33242,18212,11579,8005,5748,4467,3373,29772,1,1,1,1
23.0000,9250,1,1,104086,0,199166,0.522612,2,63,63,63,524342,27.92161,0.00142,2.37147,0.00448,1,1,2,1.276721,1.000000,20.139940,-0.235106,-0.235080,14.726322,9251,0.015963,0.047074,82581,33721,18766,11728,8143,5877,4426,3563,30360,1,1,1,1
23.9000,9250,1,1,106218,0,204104,0.520414,1,8,22,110,410195,28.54544,0.00142,2.37147,0.00448,1,1,2,1.282572,1.000000,2.981501,-0.546919,-0.546892,14.414512,926,0.037940,0.004814,84913,34469,19060,11860,8299,6028,4658,3649,31167,1,1,1,1
22.3500,9262,1,1,102358,0,195682,0.523086,3,2,101,101,340750,27.46862,0.00120,2.36990,0.00337,1,1,3,1.411327,1.000000,1.227963,-0.010963,-0.010926,14.950539,15287,0.000731,0.076522,81338,33149,18190,11284,7985,5733,4648,3581,29773,1,1,1,1
22.4000,9262,1,1,102056,0,196237,0.520068,6,32,50,50,62981,27.50327,0.00120,2.36990,0.00337,1,0,2,1.062618,1.000000,2.099314,-0.028318,-0.028311,14.933229,14826,0.001896,0.074300,81433,33252,18448,11458,7935,5845,4368,3506,29991,1,1,1,1
23.0000,9262,1,1,104010,0,200368,0.519097,1,10,10,14,61553,27.91922,0.00120,2.36990,0.00337,1,1,2,1.136453,1.000000,1.712463,-0.236279,-0.236266,14.725061,9265,0.016045,0.047088,83350,34269,18552,11757,8168,6046,4546,3663,30016,1,1,1,1
23.9000,9262,1,1,106357,1,203664,0.522221,2,2,124,124,417303,28.54299,0.00120,2.36990,0.00337,0,0,3,1.397327,1.044508,1.044508,-0.548140,-0.548104,14.413323,930,0.038028,0.004829,84311,34707,18981,11952,8178,5968,4555,3748,31263,1,1,1,1
22.3500,9274,1,1,102268,0,196095,0.521525,1,21,37,37,1015936,27.47256,0.00180,2.37085,0.00451,1,1,2,1.323513,1.000000,8.289788,-0.008778,-0.008748,14.952759,15302,0.000585,0.076487,81488,33212,18232,11472,7925,6004,4421,3519,29821,1,1,1,1
22.4000,9274,1,1,102141,1,196092,0.520886,16,151,151,151,9337868,27.50724,0.00180,2.37085,0.00451,0,0,3,1.821990,1.762081,1.762081,-0.026035,-0.025970,14.935211,14839,0.001739,0.074259,81255,33477,18262,11565,7884,5822,4411,3506,29909,1,1,1,1
23.0000,9274,1,1,103787,1,199128,0.521210,1,10,368,368,385695,27.92317,0.00180,2.37085,0.00451,0,1,3,2.412652,1.804862,1.783845,-0.234000,-0.233905,14.727599,9273,0.015882,0.047059,82390,33745,18592,11892,8140,5867,4518,3483,30500,1,1,1,1
23.9000,9274,1,1,107105,1,205353,0.521568,7,2,136,136,531769,28.54696,0.00180,2.37085,0.00451,0,1,3,2.006148,1.496476,1.496476,-0.545885,-0.545810,14.415694,927,0.037862,0.004806,85432,34752,19241,12169,8506,6086,4682,3744,30740,1,1,1,1
22.3500,9286,1,1,102649,1,196414,0.522618,7,14,14,40,1903921,27.47757,0.00134,2.37429,0.00336,0,0,3,1.319495,1.190502,1.190502,-0.006459,-0.006429,14.954874,15325,0.000430,0.076492,81465,33301,18331,11567,8057,5773,4401,3541,29977,1,1,1,1
22.4000,9286,1,1,102515,1,196796,0.520923,2,1540,1540,1540,139938,27.51220,0.00134,2.37429,0.00336,0,1,3,7.116013,6.495799,6.476371,-0.023867,-0.023656,14.937881,14859,0.001584,0.074250,81490,33717,18277,11537,8011,5740,4621,3415,29987,1,1,1,1
23.0000,9286,1,1,103933,1,199673,0.520519,1,9,23,51,157521,27.92812,0.00134,2.37429,0.00336,0,0,3,2.793519,2.133393,2.133393,-0.231766,-0.231655,14.729761,9287,0.015727,0.047063,82643,34037,18448,11823,8084,5917,4532,3609,30579,1,1,1,1
23.9000,9286,1,1,106938,0,204797,0.522168,1,3,198,198,1238997,28.55192,0.00134,2.37429,0.00336,1,1,2,1.241516,1.000000,1.381923,-0.543642,-0.543619,14.417769,933,0.037705,0.004830,84761,34894,18906,12278,8407,6114,4707,3663,31066,1,1,1,1
22.3500,9298,1,1,102690,0,196545,0.522478,7,3,18,18,1014832,27.47197,0.00265,2.36792,0.00392,1,1,3,1.313887,1.000000,1.237900,-0.008589,-0.008560,14.952858,15339,0.000572,0.076473,81811,33231,17989,11664,8083,5799,4490,3641,29836,1,1,1,1
22.4000,9298,1,1,102541,1,196783,0.521089,1,1,14,132,884619,27.50663,0.00265,2.36792,0.00392,0,1,3,1.599055,1.258258,1.258258,-0.025923,-0.025873,14.935643,14874,0.001732,0.074240,81727,33331,18322,11760,7905,5860,4469,3465,29943,1,1,1,1
23.0000,9298,1,1,104628,0,200378,0.522156,12,3,16,79,2067186,27.92254,0.00265,2.36792,0.00392,1,1,2,1.392815,1.000000,1.615619,-0.233891,-0.233856,14.727635,9303,0.015879,0.047090,83500,33899,18589,11823,8029,5859,4576,3551,30551,1,1,1,1
23.9000,9298,1,1,106776,0,205060,0.520709,2,53,53,53,299929,28.54635,0.00265,2.36792,0.00392,1,1,2,1.144612,1.000000,8.334831,-0.545888,-0.545874,14.415658,927,0.037867,0.004794,85050,34991,19144,11843,8405,6089,4580,3604,31353,1,1,1,1
22.3500,9310,1,1,102741,1,197055,0.521385,21,5,21,91,8479513,27.48305,0.00235,2.36879,0.00350,0,1,3,3.175218,2.526479,2.526479,-0.003225,-0.003101,14.958442,15363,0.000207,0.076465,81905,33488,18303,11556,7873,5773,4486,3564,30106,1,1,1,1
22.4000,9310,1,1,102914,0,196877,0.522735,9,2,16,17,426241,27.51774,0.00235,2.36879,0.00350,1,0,3,1.339913,1.000000,1.076937,-0.020523,-0.020492,14.941013,14897,0.001371,0.074233,81641,33345,18335,11567,8059,5890,4552,3540,29947,1,1,1,1
23.0000,9310,1,1,104259,1,200657,0.519591,1,7,8,260,139643,27.93363,0.00235,2.36879,0.00350,0,0,3,3.048583,2.587626,2.587626,-0.228518,-0.228398,14.732958,9311,0.015503,0.047052,83156,34399,18574,11602,8252,6071,4579,3537,30486,1,1,1,1
23.9000,9310,1,1,107038,0,205607,0.520598,1,5,29,272,326656,28.55747,0.00235,2.36879,0.00350,1,1,2,1.402061,1.000000,2.769981,-0.540438,-0.540402,14.421056,932,0.037473,0.004812,85293,35058,19131,12216,8311,6012,4682,3722,31181,1,1,1,1
22.3500,9322,1,1,102759,1,196957,0.521736,73,5,73,73,333638,27.48316,0.00320,2.36640,0.00584,0,1,3,2.935762,2.508956,2.508956,-0.002729,-0.002613,14.958340,15383,0.000175,0.076467,81989,33220,18228,11445,7992,5761,4436,3636,30249,1,1,1,1
22.4000,9322,1,1,103294,0,198287,0.520934,3,18,545,545,132872,27.51781,0.00320,2.36640,0.00584,1,1,2,1.387020,1.000000,8.589517,-0.020120,-0.020085,14.941364,14914,0.001344,0.074220,82681,33448,18450,11805,8203,5858,4401,3601,29839,1,1,1,1
23.0000,9322,1,1,104393,1,200804,0.519878,1,20,20,25,179867,27.93376,0.00320,2.36640,0.00584,0,1,3,14.689590,10.633071,10.633071,-0.228106,-0.227817,14.733727,9320,0.015462,0.047035,83417,34057,18668,11699,8199,6031,4641,3612,30479,1,1,1,1
23.9000,9322,1,1,107146,0,206171,0.519697,1,1,17,58,8208518,28.55753,0.00320,2.36640,0.00584,1,1,3,1.408754,1.000000,1.406716,-0.539882,-0.539846,14.421618,930,0.037433,0.004795,85796,34990,19212,11984,8410,6086,4692,3587,31413,1,1,1,1
22.3500,9334,1,1,103024,0,197078,0.522760,1,232,232,232,771404,27.48388,0.00199,2.36924,0.00494,1,1,2,1.010352,1.000000,2.467137,-0.002957,-0.002956,14.958591,15403,0.000198,0.076467,81832,33452,18398,11436,8021,5791,4568,3576,30003,1,1,1,1
22.4000,9334,1,1,103188,0,197808,0.521660,1,11,14,42,148822,27.51856,0.00199,2.36924,0.00494,1,1,2,1.393871,1.000000,5.973355,-0.020345,-0.020309,14.941144,14941,0.001359,0.074260,81998,33673,18610,11708,7886,5940,4539,3426,30027,1,1,1,1
23.0000,9334,1,1,104519,1,200957,0.520109,47,79,79,79,485573,27.93449,0.00199,2.36924,0.00494,0,1,3,2.968236,2.718986,2.718986,-0.228269,-0.228153,14.733385,9335,0.015485,0.047051,83213,34176,18549,11840,8328,5991,4599,3582,30678,1,1,1,1
23.9000,9334,1,1,107135,1,205982,0.520121,2,40,1215,1215,218363,28.55828,0.00199,2.36924,0.00494,0,1,3,6.831157,6.420567,6.420567,-0.540209,-0.540003,14.421538,937,0.037444,0.004825,85661,34759,19062,12400,8369,6016,4677,3715,31322,1,1,1,1
22.3500,9346,1,1,103005,1,197683,0.521064,1,4,28,285,395769,27.47875,0.00172,2.36353,0.00435,0,1,3,2.605582,2.175692,2.175692,-0.005705,-0.005602,14.955942,15423,0.000375,0.076481,81984,33707,18331,11633,7894,5956,4457,3483,30237,1,1,1,1
22.4000,9346,1,1,103515,1,198865,0.520532,2,72,72,72,875235,27.51339,0.00172,2.36353,0.00435,0,1,3,49.131324,36.176126,36.176126,-0.023173,-0.022757,14.938232,14956,0.001523,0.074253,82598,33945,18456,11725,8156,5965,4576,3546,29897,1,1,1,1
23.0000,9346,1,1,104829,1,201204,0.521011,2,19,19,33,680955,27.92931,0.00172,2.36353,0.00435,0,1,3,3.356996,3.147654,3.147654,-0.231001,-0.230872,14.730669,9347,0.015673,0.047060,83403,34136,18748,11810,8203,5960,4596,3594,30753,1,1,1,1
23.9000,9346,1,1,107452,0,206496,0.520361,90,3,441,441,131381,28.55311,0.00172,2.36353,0.00435,1,1,2,1.414072,1.000000,1.841269,-0.542874,-0.542837,14.418638,936,0.037648,0.004815,85853,34935,19369,12199,8225,6208,4676,3610,31420,1,1,1,1
22.3500,9358,1,1,103218,0,198368,0.520339,1,5,41,178,167395,27.48185,0.00233,2.36886,0.00395,1,0,2,1.347686,1.000000,2.527046,-0.003845,-0.003813,14.957690,15441,0.000255,0.076463,82437,33838,18551,11591,8001,5834,4489,3546,30080,1,1,1,1
22.4000,9358,1,1,102800,0,197614,0.520209,5,50,50,50,77306,27.51651,0.00233,2.36886,0.00395,1,1,2,1.397433,1.000000,24.213079,-0.021299,-0.021263,14.940226,14972,0.001423,0.074228,81498,33405,18574,11790,7931,6025,4598,3576,30216,1,1,1,1
23.0000,9358,1,1,104854,0,201547,0.520248,5,2,29,29,207685,27.93242,0.00233,2.36886,0.00395,1,1,3,1.283509,1.000000,1.184893,-0.229085,-0.229058,14.732483,9360,0.015548,0.047059,83491,34335,18553,11878,8227,6029,4739,3673,30621,1,1,1,1
23.9000,9358,1,1,107214,0,206073,0.520274,2,7,9,276,832960,28.55624,0.00233,2.36886,0.00395,1,0,2,1.134148,1.000000,1.162518,-0.540997,-0.540983,14.420550,935,0.037515,0.004803,85539,34794,19207,12072,8444,6188,4629,3706,31493,1,1,1,1
22.3500,9370,1,1,103530,0,198549,0.521436,1,4,7,25,594330,27.48345,0.00141,2.35684,0.00423,1,1,3,1.201586,1.000000,1.172596,-0.003451,-0.003431,14.957939,15459,0.000229,0.076453,82493,33528,18515,11809,8175,5830,4480,3535,30183,1,1,1,1
22.4000,9370,1,1,103541,1,198870,0.520649,1,3,4,62,414780,27.51815,0.00141,2.35684,0.00423,0,1,3,2.523005,1.957985,1.957985,-0.020826,-0.020727,14.940799,14989,0.001387,0.074214,82665,33876,18551,11598,8022,5822,4475,3570,30290,1,1,1,1
23.0000,9370,1,1,105416,0,201951,0.521991,1,17,17,59,336253,27.93403,0.00141,2.35684,0.00423,1,0,2,1.081248,1.000000,1.570115,-0.228757,-0.228748,14.732791,9369,0.015526,0.047043,83608,34513,19158,11699,8111,6083,4568,3585,30625,1,1,1,1
23.9000,9370,1,1,107725,1,207238,0.519815,1,24,77,77,287451,28.55787,0.00141,2.35684,0.00423,0,1,3,2.398393,2.385515,2.385515,-0.540697,-0.540604,14.420944,935,0.037487,0.004796,86201,34984,19276,12199,8452,6177,4820,3748,31380,1,1,1,1
22.3500,9382,1,1,103498,0,199253,0.519433,3,24,24,122,2197892,27.48068,0.00229,2.36255,0.00475,1,0,2,1.065896,1.000000,1.682728,-0.004398,-0.004392,14.957149,15478,0.000294,0.076453,82965,33969,18611,11555,8036,5819,4586,3502,30209,1,1,1,1
22.4000,9382,1,1,103825,1,199143,0.521362,1,40,58,179,159213,27.51533,0.00229,2.36255,0.00475,0,1,3,8.802592,8.073905,8.073905,-0.021807,-0.021575,14.939704,15009,0.001444,0.074223,82513,33875,18721,11952,8045,5850,4510,3571,30105,1,1,1,1
23.0000,9382,1,1,105356,0,201870,0.521903,1,14,29,483,459023,27.93128,0.00229,2.36255,0.00475,1,1,2,1.136037,1.000000,2.160825,-0.229710,-0.229697,14.731633,9379,0.015592,0.047037,83696,34204,18754,11943,8200,5929,4589,3686,30868,1,1,1,1
23.9000,9382,1,1,107477,1,206526,0.520407,1,2,16,35,3265495,28.55505,0.00229,2.36255,0.00475,0,1,3,1.891518,1.384593,1.384593,-0.541573,-0.541505,14.419875,936,0.037553,0.004796,85579,35041,19215,12217,8474,6124,4537,3716,31622,1,1,1,1
22.3500,9394,1,1,103478,0,198892,0.520275,4,30,30,30,280559,27.47622,0.00125,2.36247,0.00422,1,1,2,1.181577,1.000000,6.091799,-0.007199,-0.007181,14.954347,15503,0.000480,0.076493,82701,33705,18545,11713,8020,5908,4501,3582,30216,1,1,1,1
22.4000,9394,1,1,103296,0,198935,0.519248,5,12,19,109,1929744,27.51090,0.00125,2.36247,0.00422,1,0,2,1.181190,1.000000,2.577159,-0.024492,-0.024475,14.937054,15037,0.001639,0.074280,82702,33676,18600,11564,8062,5930,4606,3494,30300,1,1,1,1
23.0000,9394,1,1,105500,0,201954,0.522399,2,48,48,102,204708,27.92684,0.00125,2.36247,0.00422,1,1,2,1.289648,1.000000,16.338483,-0.232557,-0.232530,14.728880,9395,0.015787,0.047065,83800,34132,18853,11714,8212,6079,4625,3647,30891,1,1,1,1
23.9000,9394,1,1,107972,0,206939,0.521760,1,3,38,287,1261462,28.55062,0.00125,2.36247,0.00422,1,0,3,1.250418,1.000000,1.087623,-0.544305,-0.544281,14.417239,941,0.037752,0.004816,85790,35005,19365,12223,8451,6075,4822,3626,31581,1,1,1,1
22.3500,9406,1,1,104031,1,199530,0.521383,18,6,18,119,232207,27.47655,0.00143,2.36099,0.00476,0,1,3,2.730843,2.283011,2.283011,-0.006952,-0.006846,14.954681,15519,0.000458,0.076473,82607,34092,18835,11706,8136,6021,4471,3506,30155,1,1,1,1
22.4000,9406,1,1,103941,1,199165,0.521886,10,3,12,113,3221806,27.51118,0.00143,2.36099,0.00476,0,1,3,2.163844,1.630476,1.630476,-0.024251,-0.024169,14.937376,15049,0.001618,0.074243,82741,33912,18561,11680,8071,5927,4484,3475,30313,1,1,1,1
23.0000,9406,1,1,105576,0,202711,0.520823,4,30,30,38,326970,27.92710,0.00143,2.36099,0.00476,1,1,2,1.389990,1.000000,14.413434,-0.232328,-0.232293,14.729160,9405,0.015771,0.047055,84133,34563,18810,11964,8380,6058,4562,3629,30611,1,1,1,1
23.9000,9406,1,1,108100,0,207968,0.519794,1,5,514,514,1170277,28.55090,0.00143,2.36099,0.00476,1,1,2,1.404260,1.000000,2.830956,-0.544142,-0.544106,14.417381,941,0.037740,0.004810,86356,35659,19246,12124,8398,6193,4681,3743,31567,1,1,1,1
22.3500,9418,1,1,103805,1,198845,0.522042,1,3,9,822,111541,27.48296,0.00380,2.36689,0.00393,0,1,3,1.535844,1.086071,1.008266,-0.002502,-0.002456,14.959020,15538,0.000164,0.076447,82414,33626,18522,11829,7957,5945,4600,3563,30388,1,1,1,1
22.4000,9418,1,1,103600,0,199424,0.519499,1,4,136,1270,160229,27.51762,0.00380,2.36689,0.00393,1,0,2,1.220416,1.000000,1.249898,-0.019850,-0.019829,14.941695,15066,0.001327,0.074210,82580,34014,18323,11758,8170,6052,4609,3612,30305,1,1,1,1
23.0000,9418,1,1,105579,1,202505,0.521367,2,8,16,16,1690016,27.93352,0.00380,2.36689,0.00393,0,0,3,1.384323,1.062730,1.062730,-0.227792,-0.227757,14.733659,9415,0.015458,0.047030,83546,34721,18803,12191,8188,6047,4637,3667,30704,1,1,1,1
23.9000,9418,1,1,108234,0,207707,0.521092,5,12,12,1744,877480,28.55734,0.00380,2.36689,0.00393,1,0,2,1.119307,1.000000,1.570887,-0.539723,-0.539711,14.421824,940,0.037423,0.004797,86270,35107,19332,12219,8598,6114,4778,3670,31618,1,1,1,1
22.3500,9430,1,1,104066,0,199549,0.521509,1,6,12,99,112460,27.48575,0.00226,2.37456,0.00364,1,1,2,1.176857,1.000000,1.551407,-0.001885,-0.001868,14.959661,15563,0.000125,0.076469,82737,33851,18571,11681,8136,5906,4607,3600,30459,1,1,1,1
22.4000,9430,1,1,104506,0,200155,0.522128,1,1,11,221,183672,27.52044,0.00226,2.37456,0.00364,1,1,3,1.382165,1.000000,1.139412,-0.019218,-0.019183,14.942266,15094,0.001284,0.074251,82868,34176,18733,11857,8099,5914,4544,3681,30282,1,1,1,1
23.0000,9430,1,1,106202,0,203154,0.522769,1,1,24,65,234828,27.93633,0.00226,2.37456,0.00364,1,1,3,1.153169,1.000000,1.117596,-0.227157,-0.227142,14.734404,9433,0.015416,0.047058,84224,34579,19002,11863,8382,5977,4474,3627,31025,1,1,1,1
23.9000,9430,1,1,107929,1,207707,0.519624,3,11,16,288,5244211,28.56016,0.00226,2.37456,0.00364,0,1,3,6.395485,5.303239,5.303239,-0.539160,-0.538964,14.422577,946,0.037369,0.004821,86240,35157,19515,12140,8359,6269,4624,3730,31672,1,1,1,1
22.3500,9442,1,1,104485,1,199772,0.523024,2,17,75,321,226500,27.48382,0.00245,2.37396,0.00402,0,1,3,7.746540,6.855983,6.855983,-0.002822,-0.002605,14.958627,15579,0.000174,0.076456,82817,33887,18633,11617,8293,6101,4559,3589,30275,1,1,1,1
22.4000,9442,1,1,104131,1,200098,0.520403,1,3,148,148,3132221,27.51847,0.00245,2.37396,0.00402,0,1,3,2.120445,1.767278,1.767278,-0.020075,-0.019996,14.941547,15107,0.001338,0.074224,83380,33544,18730,11833,8142,6029,4548,3543,30348,1,1,1,1
23.0000,9442,1,1,106073,1,203550,0.521118,1,3,5,76,557648,27.93442,0.00245,2.37396,0.00402,0,1,3,2.862937,2.197241,2.197241,-0.228060,-0.227949,14.733572,9442,0.015471,0.047045,84370,34865,18892,11878,8252,5966,4646,3645,31035,1,1,1,1
23.9000,9442,1,1,108379,1,208325,0.520243,1,37,37,233,483556,28.55819,0.00245,2.37396,0.00402,0,1,3,24.116428,18.817614,18.817614,-0.540061,-0.539724,14.421821,944,0.037424,0.004805,86507,35454,19447,12259,8400,6144,4745,3751,31617,1,1,1,1
22.3500,9454,1,1,104209,1,199972,0.521121,2,9,9,83,1503940,27.48721,0.00186,2.37463,0.00449,0,1,3,2.193197,1.593392,1.507027,-0.001323,-0.001240,14.960258,15599,0.000083,0.076448,82622,34259,18632,11864,8122,5932,4518,3629,30393,1,1,1,1
22.4000,9454,1,1,104685,1,200548,0.521997,1,5,15,549,11453065,27.52189,0.00186,2.37463,0.00449,0,1,3,2.703418,2.165913,2.165913,-0.018683,-0.018578,14.942943,15127,0.001243,0.074221,83321,33981,18642,11801,8211,6002,4548,3620,30421,1,1,1,1
23.0000,9454,1,1,105996,0,203685,0.520394,1,17,17,17,609172,27.93782,0.00186,2.37463,0.00449,1,1,2,1.072790,1.000000,1.413784,-0.226626,-0.226619,14.734922,9453,0.015380,0.047036,84755,34555,18783,11974,8162,6094,4667,3643,31051,1,1,1,1
23.9000,9454,1,1,108661,1,208633,0.520826,2,4,8,233,674950,28.56161,0.00186,2.37463,0.00449,0,0,3,1.940028,1.557031,1.557031,-0.538526,-0.538456,14.422938,945,0.037333,0.004804,86662,35480,19511,12032,8512,6249,4725,3710,31751,1,1,1,1
22.3500,9466,1,1,104500,0,200376,0.521522,1,3,37,71,471760,27.48805,0.00191,2.38325,0.00464,1,1,2,1.355624,1.000000,1.859344,-0.000949,-0.000917,14.960522,15614,0.000061,0.076423,83444,33849,18683,11913,8068,6075,4429,3518,30396,1,1,1,1
22.4000,9466,1,1,104287,1,200325,0.520592,1,3,100,100,271521,27.52269,0.00191,2.38325,0.00464,0,1,3,2.171847,1.716495,1.716495,-0.018262,-0.018180,14.943200,15141,0.001217,0.074194,83164,33940,18577,11837,8165,5908,4463,3623,30647,1,1,1,1
23.0000,9466,1,1,106470,0,204423,0.520834,1,9,21,46,4046956,27.93861,0.00191,2.38325,0.00464,1,0,2,1.194948,1.000000,2.286776,-0.226236,-0.226218,14.735310,9462,0.015352,0.047020,84975,34869,18806,12114,8260,5970,4752,3729,30947,1,1,1,1
23.9000,9466,1,1,108657,1,208941,0.520039,1,3,15,18,167844,28.56241,0.00191,2.38325,0.00464,0,1,3,1.798686,1.510570,1.510570,-0.538116,-0.538054,14.423474,944,0.037304,0.004792,86996,35354,19374,12218,8408,6181,4841,3713,31855,1,1,1,1
22.3500,9478,1,1,104628,0,200519,0.521789,1,110,110,547,1958895,27.48960,0.00191,2.37432,0.00405,1,1,2,1.042309,1.000000,4.798283,-0.000210,-0.000206,14.961007,15640,0.000014,0.076451,83188,33972,18803,11776,8220,6008,4590,3503,30458,1,1,1,1
22.4000,9478,1,1,104945,1,201060,0.521961,1,4,33,33,159224,27.52427,0.00191,2.37432,0.00405,0,1,3,2.720380,2.306183,2.306183,-0.017503,-0.017397,14.944151,15166,0.001164,0.074218,83815,33945,18614,11782,8187,6003,4531,3564,30618,1,1,1,1
23.0000,9478,1,1,106060,0,203759,0.520519,6,7,53,53,212911,27.94017,0.00191,2.37432,0.00405,1,1,2,1.319106,1.000000,2.837567,-0.225466,-0.225437,14.735987,9482,0.015298,0.047058,84281,34573,19251,12038,8174,6218,4610,3594,31019,1,1,1,1
23.9000,9478,1,1,108647,1,208685,0.520629,1,488,488,488,155162,28.56399,0.00191,2.37432,0.00405,0,1,3,146.529008,139.456214,139.456214,-0.537581,-0.537055,14.423906,949,0.037234,0.004812,86536,35275,19530,12381,8461,6245,4721,3702,31833,1,1,1,1
22.3500,9490,1,1,104419,1,200743,0.520165,1,15,57,75,792616,27.49441,0.00146,2.38143,0.00526,0,1,3,1.955314,1.612463,1.612463,0.002045,0.002116,14.963641,15658,-0.000141,0.076429,83234,33907,18734,11824,8179,6138,4609,3601,30516,1,1,1,1
22.4000,9490,1,1,104950,0,201048,0.522017,1,3,46,58,373679,27.52911,0.00146,2.38143,0.00526,1,1,2,1.385397,1.000000,1.799266,-0.015308,-0.015274,14.946178,15181,0.001022,0.074187,83342,34401,18684,11704,8249,5888,4677,3667,30435,1,1,1,1
23.0000,9490,1,1,106880,0,204643,0.522278,1,1,44,44,584683,27.94500,0.00146,2.38143,0.00526,1,1,3,1.367010,1.000000,1.119582,-0.223228,-0.223195,14.738249,9487,0.015144,0.047016,84688,34823,19114,12232,8307,6132,4623,3732,30991,1,1,1,1
23.9000,9490,1,1,109061,1,209478,0.520635,5,5,7,302,1003452,28.56883,0.00146,2.38143,0.00526,0,1,3,1.864067,1.364385,1.364385,-0.535152,-0.535086,14.426415,946,0.037091,0.004790,86935,35397,19653,12331,8481,6176,4813,3791,31900,1,1,1,1
22.3500,9502,1,1,105080,0,201225,0.522204,1,51,209,209,1381324,27.49800,0.00131,2.37921,0.00509,1,1,2,1.250163,1.000000,14.511877,0.003660,0.003684,14.965205,15676,-0.000246,0.076412,83765,34211,18408,11942,8089,5974,4647,3628,30560,1,1,1,1
22.4000,9502,1,1,105365,1,201649,0.522519,1,4,108,111,349467,27.53265,0.00131,2.37921,0.00509,0,0,3,2.692289,2.077379,2.077379,-0.013562,-0.013458,14.947958,15202,0.000900,0.074187,83688,34455,18726,11651,8281,6001,4674,3599,30573,1,1,1,1
23.0000,9502,1,1,106619,1,204256,0.521990,1,20,20,49,431779,27.94859,0.00131,2.37921,0.00509,0,1,3,4.638755,4.421857,4.421857,-0.221575,-0.221414,14.740132,9499,0.015021,0.047010,84893,34560,18867,11920,8241,6073,4700,3744,31257,1,1,1,1
23.9000,9502,1,1,109105,1,209452,0.520909,4,4,18,56,1322280,28.57237,0.00131,2.37921,0.00509,0,1,3,3.103776,2.256814,2.256814,-0.533427,-0.533308,14.427923,950,0.036964,0.004803,86838,35542,19610,12217,8465,6181,4816,3790,31992,1,1,1,1
22.3500,9514,1,1,105035,1,201348,0.521662,2,1,3,271,443496,27.49767,0.00153,2.37606,0.00385,0,0,3,1.235564,1.005499,1.005499,0.003766,0.003788,14.965175,15692,-0.000253,0.076394,83456,34244,18886,11781,8119,6029,4604,3678,30550,1,1,1,1
22.4000,9514,1,1,104734,0,201510,0.519748,1,2,59,59,273840,27.53234,0.00153,2.37606,0.00385,1,1,3,1.268642,1.000000,1.275053,-0.013589,-0.013564,14.947841,15216,0.000907,0.074162,83797,33997,18600,11874,8282,6020,4638,3522,30779,1,1,1,1
23.0000,9514,1,1,107034,0,205314,0.521321,1,121,121,121,809254,27.94828,0.00153,2.37606,0.00385,1,1,2,1.172027,1.000000,22.868472,-0.221711,-0.221694,14.739664,9507,0.015041,0.046991,85086,34860,19201,12246,8366,6098,4636,3712,31108,1,1,1,1
23.9000,9514,1,1,108870,0,209799,0.518928,4,51,51,137,124661,28.57207,0.00153,2.37606,0.00385,1,1,2,1.405156,1.000000,25.163425,-0.533610,-0.533575,14.427889,945,0.036982,0.004772,86894,35774,19578,12448,8592,6125,4767,3736,31884,1,1,1,1
22.3500,9526,1,1,105027,1,201591,0.520993,2,102,102,102,466306,27.50227,0.00124,2.37554,0.00401,0,1,3,2.275149,1.663300,1.459185,0.005836,0.005922,14.967423,15717,-0.000396,0.076408,83351,34408,18809,11833,8229,5991,4672,3741,30556,1,1,1,1
22.4000,9526,1,1,105148,0,201743,0.521200,151,2,151,172,993574,27.53690,0.00124,2.37554,0.00401,1,1,3,1.389946,1.000000,1.174166,-0.011468,-0.011433,14.950021,15241,0.000765,0.074180,83600,34130,18984,11867,8310,5876,4493,3604,30878,1,1,1,1
23.0000,9526,1,1,107329,1,205830,0.521447,1,2,9,17,964064,27.95282,0.00124,2.37554,0.00401,0,1,3,2.340397,1.756958,1.756958,-0.219450,-0.219361,14.742028,9529,0.014880,0.047033,85666,35086,19204,12040,8299,5931,4650,3664,31289,1,1,1,1
23.9000,9526,1,1,109813,1,210337,0.522084,14,20,20,28,181176,28.57662,0.00124,2.37554,0.00401,0,1,3,10.069916,8.821117,8.821117,-0.531437,-0.531195,14.429815,952,0.036812,0.004801,87265,35592,19614,12405,8594,6324,4778,3816,31948,1,1,1,1
22.3500,9538,1,1,105168,0,201782,0.521199,12,9,12,48,1421882,27.50562,0.00145,2.37200,0.00368,1,1,2,1.209983,1.000000,2.255340,0.007614,0.007634,14.969013,15735,-0.000510,0.076391,83812,34317,18690,11871,8253,5914,4613,3548,30763,1,1,1,1
22.4000,9538,1,1,106025,1,202449,0.523715,15,10,15,24,476112,27.54029,0.00145,2.37200,0.00368,0,0,3,1.436852,1.373598,1.373598,-0.009692,-0.009654,14.951570,15259,0.000646,0.074166,84052,34475,18785,11947,8310,6070,4628,3618,30563,1,1,1,1
23.0000,9538,1,1,106991,1,205363,0.520987,2,2,47,118,127786,27.95619,0.00145,2.37200,0.00368,0,0,3,1.698996,1.377557,1.377557,-0.217642,-0.217586,14.743804,9535,0.014758,0.046998,85251,34721,19295,12016,8401,6038,4589,3641,31410,1,1,1,1
23.9000,9538,1,1,109795,1,211089,0.520139,1,1,46,46,265445,28.58001,0.00145,2.37200,0.00368,0,1,3,1.850442,1.406920,1.406920,-0.529551,-0.529486,14.431935,951,0.036689,0.004789,87907,35681,19736,12353,8588,6216,4707,3900,32000,1,1,1,1
22.3500,9550,1,1,105620,0,202467,0.521668,1,629,629,629,788607,27.50481,0.00163,2.36594,0.00526,1,1,2,1.254007,1.000000,180.372731,0.007083,0.007107,14.968628,15753,-0.000475,0.076384,84076,34472,18819,11905,8224,6068,4732,3624,30546,1,1,1,1
22.4000,9550,1,1,105491,1,202980,0.519714,1,1,24,289,268872,27.53951,0.00163,2.36594,0.00526,0,0,3,1.443701,1.026290,1.026290,-0.009992,-0.009954,14.951512,15275,0.000666,0.074151,84493,34090,19184,12087,8250,5921,4580,3583,30791,1,1,1,1
23.0000,9550,1,1,107063,1,205540,0.520889,2,3,1290,1290,765226,27.95539,0.00163,2.36594,0.00526,0,0,3,1.610675,1.323044,1.323044,-0.217950,-0.217900,14.743483,9547,0.014779,0.046999,84845,35119,19280,11977,8362,6096,4731,3654,31475,1,1,1,1
23.9000,9550,1,1,109393,1,210492,0.519704,316,2,316,316,671216,28.57923,0.00163,2.36594,0.00526,0,1,3,1.576772,1.203889,1.203889,-0.529862,-0.529814,14.431057,950,0.036713,0.004778,86928,35968,19697,12450,8584,6269,4710,3799,32086,1,1,1,1
22.3500,9562,1,1,105790,0,202545,0.522306,1,7,14,16,308010,27.50581,0.00101,2.36690,0.00353,1,1,2,1.365218,1.000000,3.601486,0.007494,0.007527,14.969029,15783,-0.000503,0.076432,84162,34554,18710,11811,8218,6045,4536,3620,30888,1,1,1,1
22.4000,9562,1,1,105743,1,203085,0.520686,1,26,193,478,623048,27.54046,0.00101,2.36690,0.00353,0,1,3,1.998321,1.466418,1.352361,-0.009778,-0.009706,14.951797,15305,0.000649,0.074202,84066,34623,18896,12154,8258,6030,4650,3652,30755,1,1,1,1
23.0000,9562,1,1,107190,0,206299,0.519588,1,2,40,123,145837,27.95641,0.00101,2.36690,0.00353,1,0,3,1.377674,1.000000,1.372960,-0.217754,-0.217720,14.743779,9567,0.014767,0.047037,85731,34771,19177,12221,8305,6130,4701,3771,31491,1,1,1,1
23.9000,9562,1,1,110196,0,211667,0.520613,2,4,24,28,2242562,28.58018,0.00101,2.36690,0.00353,1,1,3,1.179448,1.000000,1.077876,-0.529626,-0.529608,14.431755,962,0.036697,0.004832,87972,36092,19824,12427,8688,6188,4708,3830,31937,1,1,1,1
22.3500,9574,1,1,105796,0,202750,0.521808,50,22,50,52,296421,27.50407,0.00101,2.36739,0.00393,1,0,2,1.117282,1.000000,2.818172,0.006649,0.006661,14.968198,15803,-0.000445,0.076437,84118,34436,18906,11907,8133,6071,4522,3782,30874,1,1,1,1
22.4000,9574,1,1,105646,0,203192,0.519934,2,7,7,29,96381,27.53874,0.00101,2.36739,0.00393,1,0,2,1.158205,1.000000,1.389883,-0.010654,-0.010638,14.950894,15325,0.000712,0.074210,84193,34697,19106,11809,8328,5940,4565,3636,30917,1,1,1,1
23.0000,9574,1,1,108055,1,206853,0.522378,1,1,14,26,242013,27.95468,0.00101,2.36739,0.00393,0,1,3,1.429870,1.015948,1.015948,-0.218603,-0.218565,14.742922,9579,0.014825,0.047040,85757,35207,19364,12247,8523,6224,4734,3651,31145,1,1,1,1
23.9000,9574,1,1,109669,1,211195,0.519281,3,12,12,362,1513703,28.57847,0.00101,2.36739,0.00393,0,1,3,6.647976,5.589378,5.589378,-0.530587,-0.530389,14.431153,963,0.036753,0.004831,87522,35791,19843,12395,8600,6408,4722,3677,32236,1,1,1,1
22.3500,9586,1,1,105397,1,202666,0.520055,3,10,15,63,63625,27.50058,0.00108,2.36167,0.00380,0,1,3,1.646147,1.320933,1.320933,0.004923,0.004975,14.966497,15820,-0.000332,0.076432,83759,34279,19000,11910,8364,6011,4704,3662,30976,1,1,1,1
22.4000,9586,1,1,106120,0,204055,0.520058,29,7,29,121,722457,27.53521,0.00108,2.36167,0.00380,1,1,2,1.392524,1.000000,3.426224,-0.012446,-0.012411,14.949046,15341,0.000830,0.074204,84866,34642,19045,12006,8258,6101,4653,3676,30807,1,1,1,1
23.0000,9586,1,1,107780,0,206672,0.521505,1,2,17,252,841900,27.95113,0.00108,2.36167,0.00380,1,1,2,1.405689,1.000000,1.463287,-0.220360,-0.220324,14.741141,9589,0.014946,0.047036,85897,35277,19144,12031,8347,6141,4687,3682,31465,1,1,1,1
23.9000,9586,1,1,110199,1,211692,0.520565,1,5,54,86,200895,28.57493,0.00108,2.36167,0.00380,0,1,3,2.408620,2.154940,2.154940,-0.532282,-0.532190,14.429355,962,0.036882,0.004821,87912,35801,19645,12601,8596,6400,4782,3749,32205,1,1,1,1
22.3500,9598,1,1,106213,1,203838,0.521068,2,18,21,148,330481,27.49889,0.00101,2.36696,0.00423,0,0,3,1.940359,1.574185,1.574185,0.004046,0.004115,14.965507,15840,-0.000275,0.076438,84888,34598,19063,11856,8274,6033,4655,3712,30758,1,1,1,1
22.4000,9598,1,1,106220,0,204151,0.520304,1,1,170,170,133962,27.53355,0.00101,2.36696,0.00423,1,0,3,1.412495,1.000000,1.035500,-0.013265,-0.013229,14.948254,15358,0.000885,0.074197,85070,34734,19088,11854,8265,6059,4623,3636,30821,1,1,1,1
23.0000,9598,1,1,107831,1,206779,0.521482,3,2,6,245,635794,27.94945,0.00101,2.36696,0.00423,0,1,3,1.633482,1.238592,1.238592,-0.221226,-0.221175,14.740337,9599,0.015005,0.047029,85779,35241,19285,12074,8285,6105,4786,3733,31490,1,1,1,1
23.9000,9598,1,1,110354,0,211918,0.520742,2,4,7,52,173241,28.57327,0.00101,2.36696,0.00423,1,1,2,1.381607,1.000000,2.114916,-0.533163,-0.533129,14.428323,962,0.036950,0.004815,87964,35862,19677,12541,8636,6310,4829,3908,32190,1,1,1,1
22.3500,9610,1,1,105559,1,203230,0.519409,3,1,38,38,242435,27.49639,0.00211,2.36251,0.00431,0,0,3,1.246908,1.041097,1.041097,0.003386,0.003409,14.964784,15858,-0.000228,0.076433,83972,34835,18838,11927,8275,6029,4620,3563,31170,1,1,1,1
22.4000,9610,1,1,106763,1,204480,0.522122,1,7,7,315,160794,27.53108,0.00211,2.36251,0.00431,0,1,3,2.613821,1.980804,1.980804,-0.013999,-0.013899,14.947613,15379,0.000930,0.074209,85188,34790,19021,11985,8448,6004,4586,3683,30774,1,1,1,1
23.0000,9610,1,1,107939,1,207334,0.520607,1,28,43,43,418311,27.94697,0.00211,2.36251,0.00431,0,0,3,6.501852,5.629713,5.629713,-0.221998,-0.221804,14.739547,9615,0.015048,0.047051,86170,35070,19265,12386,8508,6172,4657,3718,31387,1,1,1,1
23.9000,9610,1,1,110354,0,212297,0.519812,1,43,43,43,8682581,28.57080,0.00211,2.36251,0.00431,1,1,2,1.399272,1.000000,21.463731,-0.533984,-0.533949,14.427512,962,0.037009,0.004809,88270,35905,20095,12254,8512,6217,4841,3909,32293,1,1,1,1
22.3500,9622,1,1,106726,0,204264,0.522493,11,28,28,73,560000,27.50283,0.00101,2.37524,0.00448,1,1,2,1.049523,1.000000,1.482454,0.006048,0.006053,14.967289,15884,-0.000404,0.076450,84671,35156,19192,12005,8178,5969,4598,3587,30907,1,1,1,1
22.4000,9622,1,1,106536,0,203954,0.522356,4,42,42,1030,201624,27.53748,0.00101,2.37524,0.00448,1,1,2,1.129413,1.000000,5.920577,-0.011350,-0.011337,14.949995,15401,0.000758,0.074211,84618,34647,19154,12074,8367,6041,4504,3556,30992,1,1,1,1
23.0000,9622,1,1,108042,0,207038,0.521849,3,9,366,366,101671,27.95342,0.00101,2.37524,0.00448,1,0,2,1.151250,1.000000,1.537118,-0.219253,-0.219238,14.742296,9627,0.014871,0.047042,85757,34962,19491,12142,8459,6173,4876,3664,31513,1,1,1,1
23.9000,9622,1,1,110731,1,212895,0.520123,1,10,30,32,136281,28.57720,0.00101,2.37524,0.00448,0,0,3,3.476991,3.024773,3.024773,-0.531175,-0.531046,14.430301,968,0.036801,0.004832,88610,36258,19727,12647,8541,6249,4733,3748,32381,1,1,1,1
22.3500,9634,1,1,106420,0,204269,0.520982,1,1,26,26,239841,27.50567,0.00171,2.36792,0.00416,1,0,3,1.406850,1.000000,1.296815,0.007843,0.007878,14.969366,15908,-0.000526,0.076459,84891,34625,19000,11958,8289,6165,4613,3613,31114,1,1,1,1
22.4000,9634,1,1,106246,0,204084,0.520602,1,53,53,128,310279,27.54035,0.00171,2.36792,0.00416,1,1,2,1.205160,1.000000,12.268043,-0.009615,-0.009595,14.951933,15416,0.000642,0.074181,84501,34565,19034,12286,8334,6113,4624,3668,30958,1,1,1,1
23.0000,9634,1,1,108427,1,207592,0.522311,1,9,28,28,1116609,27.95628,0.00171,2.36792,0.00416,0,1,3,5.161627,4.329964,4.329964,-0.217526,-0.217356,14.744180,9635,0.014742,0.047016,85945,35378,19509,12273,8406,6066,4739,3700,31575,1,1,1,1
23.9000,9634,1,1,110542,0,212482,0.520244,2,187,187,188,65865,28.58007,0.00171,2.36792,0.00416,1,1,2,1.278866,1.000000,59.676778,-0.529557,-0.529532,14.431987,965,0.036692,0.004811,87857,36210,20046,12485,8674,6250,4738,3807,32414,1,1,1,1
22.3500,9646,1,1,106574,0,204469,0.521226,1,60,200,200,180366,27.50483,0.00150,2.37133,0.00396,1,1,2,1.024093,1.000000,1.543108,0.007253,0.007256,14.968419,15921,-0.000485,0.076432,84902,34644,18987,12259,8329,6110,4551,3728,30958,1,1,1,1
22.4000,9646,1,1,106325,1,204426,0.520117,15724,2,15724,15724,459885,27.53947,0.00150,2.37133,0.00396,0,1,3,1.634735,1.213976,1.213976,-0.010052,-0.010002,14.951530,15439,0.000669,0.074201,84604,35021,19053,11940,8346,6026,4680,3655,31100,1,1,1,1
23.0000,9646,1,1,107945,1,207444,0.520360,31,4,31,92,773220,27.95538,0.00150,2.37133,0.00396,0,1,3,2.311281,1.673375,1.673375,-0.218028,-0.217941,14.743558,9651,0.014782,0.047038,86187,35199,19450,11880,8350,6189,4726,3610,31852,1,1,1,1
23.9000,9646,1,1,110892,0,212971,0.520693,1,34,1077,1077,2499839,28.57919,0.00150,2.37133,0.00396,1,1,2,1.316903,1.000000,12.828955,-0.530036,-0.530008,14.431505,971,0.036726,0.004835,88415,36099,19823,12620,8715,6254,4776,3808,32460,1,1,1,1
22.3500,9658,1,1,106324,0,204064,0.521035,1,11,11,76,594592,27.50385,0.00164,2.37024,0.00575,1,1,2,1.368524,1.000000,5.199678,0.006782,0.006815,14.968318,15940,-0.000455,0.076428,84582,34538,18870,12102,8343,6087,4655,3761,31125,1,1,1,1
22.4000,9658,1,1,107025,1,205247,0.521447,1,2,28,98,247999,27.53851,0.00164,2.37024,0.00575,0,0,3,1.932360,1.441179,1.441179,-0.010483,-0.010415,14.951022,15458,0.000697,0.074203,85578,34755,19023,12022,8351,6083,4711,3623,31100,1,1,1,1
23.0000,9658,1,1,108099,1,207715,0.520422,1,130,130,130,341053,27.95441,0.00164,2.37024,0.00575,0,1,3,45.983890,42.997981,42.997981,-0.218611,-0.218214,14.743336,9659,0.014801,0.047019,86059,35080,19225,12374,8429,6274,4821,3763,31689,1,1,1,1
23.9000,9658,1,1,110911,1,213550,0.519370,1,18,41,370,893789,28.57823,0.00164,2.37024,0.00575,0,1,3,9.823227,8.227316,8.227316,-0.530434,-0.530197,14.431073,967,0.036740,0.004809,88656,36396,19932,12515,8516,6246,4899,3762,32627,1,1,1,1
22.3500,9670,1,1,107129,1,204807,0.523075,1,14,19,105,1157394,27.49760,0.00397,2.37009,0.00381,0,1,3,1.435566,1.175821,1.175821,0.004916,0.004953,14.966480,15959,-0.000331,0.076434,85309,34666,18909,11937,8332,6024,4675,3626,31328,1,1,1,1
22.4000,9670,1,1,106530,0,204662,0.520519,2,2,3,463,399883,27.53230,0.00397,2.37009,0.00381,1,1,3,1.356186,1.000000,1.333284,-0.012438,-0.012406,14.949036,15475,0.000830,0.074202,84873,34381,19139,12061,8335,6067,4720,3731,31354,1,1,1,1
23.0000,9670,1,1,108649,1,208421,0.521298,1,5,12,207,1102239,27.94818,0.00397,2.37009,0.00381,0,1,3,3.169244,2.690602,2.690602,-0.220418,-0.220299,14.741246,9673,0.014944,0.047036,86621,35318,19496,12272,8534,6203,4754,3649,31573,1,1,1,1
23.9000,9670,1,1,111455,1,213996,0.520830,1,4,18,50,5781844,28.57202,0.00397,2.37009,0.00381,0,1,3,3.514991,2.527260,2.527260,-0.532331,-0.532201,14.429135,970,0.036884,0.004819,88960,36477,19939,12497,8604,6257,4945,3913,32403,1,1,1,1
22.3500,9682,1,1,106881,1,205121,0.521066,2,199,199,199,62478,27.50369,0.00193,2.37388,0.00412,0,1,3,7.045805,6.335756,6.326838,0.006865,0.007067,14.968606,15975,-0.000472,0.076405,85077,34681,19142,12074,8287,6108,4650,3769,31332,1,1,1,1
22.4000,9682,1,1,107335,1,204940,0.523741,2,9,10,431,259246,27.53834,0.00193,2.37388,0.00412,0,0,3,2.893416,2.503569,2.503569,-0.010412,-0.010302,14.951050,15491,0.000689,0.074177,85010,34736,19188,12025,8136,6006,4636,3661,31541,1,1,1,1
23.0000,9682,1,1,108873,1,208936,0.521086,1,2,76,149,614414,27.95428,0.00193,2.37388,0.00412,0,1,3,1.522891,1.344166,1.344166,-0.218350,-0.218306,14.743232,9681,0.014807,0.047010,87056,35313,19345,12475,8447,6027,4741,3678,31853,1,1,1,1
23.9000,9682,1,1,111745,1,214746,0.520361,1,2,28,54,681500,28.57806,0.00193,2.37388,0.00412,0,1,3,1.982815,1.561866,1.561866,-0.530246,-0.530175,14.431345,968,0.036738,0.004802,89554,36803,19784,12559,8662,6260,4905,3894,32324,1,1,1,1
22.3500,9694,1,1,107013,1,205121,0.521709,2,2,76,291,142401,27.50345,0.00328,2.37492,0.00397,0,1,3,1.180681,1.027255,1.027255,0.007528,0.007545,14.969080,15999,-0.000504,0.076422,84835,35099,19200,12185,8190,6086,4535,3656,31334,1,1,1,1
22.4000,9694,1,1,107057,1,205596,0.520718,5,2,76,76,150651,27.53813,0.00328,2.37492,0.00397,0,1,3,1.691842,1.201254,1.123740,-0.009814,-0.009760,14.951710,15512,0.000653,0.074182,85347,34781,19086,12223,8444,6077,4705,3611,31321,1,1,1,1
23.0000,9694,1,1,108935,1,209374,0.520292,4,115,115,115,201293,27.95406,0.00328,2.37492,0.00397,0,1,3,38.630797,36.186379,36.186379,-0.217962,-0.217585,14.743964,9695,0.014758,0.047017,86932,35812,19258,12248,8502,6229,4853,3777,31762,1,1,1,1
23.9000,9694,1,1,111197,1,213744,0.520237,1,2,45,119,746087,28.57785,0.00328,2.37492,0.00397,0,1,3,1.706020,1.224494,1.224494,-0.529681,-0.529626,14.431870,971,0.036698,0.004811,88579,36428,19795,12645,8678,6294,4885,3861,32578,1,1,1,1
22.3500,9706,1,1,107287,1,206033,0.520730,2,10,12,40,274808,27.50979,0.00398,2.37611,0.00473,0,1,3,3.262656,2.631365,2.631365,0.010945,0.011067,14.972591,16012,-0.000739,0.076372,85559,35120,18943,12255,8508,6184,4613,3755,31095,1,1,1,1
22.4000,9706,1,1,107577,1,206213,0.521682,1,34,34,143,14345215,27.54442,0.00398,2.37611,0.00473,0,1,3,11.772046,10.614221,10.614221,-0.006445,-0.006191,14.955097,15527,0.000414,0.074145,86044,34643,19186,12181,8362,6051,4636,3676,31433,1,1,1,1
23.0000,9706,1,1,109183,1,209217,0.521867,1,2,17,64,320418,27.96034,0.00398,2.37611,0.00473,0,1,3,1.657556,1.175383,1.072578,-0.214282,-0.214230,14.747241,9703,0.014527,0.046987,87020,35412,19440,12192,8587,6176,4822,3653,31914,1,1,1,1
23.9000,9706,1,1,111956,0,214828,0.521145,4,3,25,82,3162974,28.58415,0.00398,2.37611,0.00473,1,1,2,1.403035,1.000000,1.910332,-0.526217,-0.526182,14.435283,969,0.036451,0.004794,89107,36623,20299,12445,8733,6357,4808,3821,32634,1,1,1,1
22.3500,9718,1,1,107247,1,205364,0.522231,1,1,15,54,389969,27.50333,0.00171,2.36640,0.00537,0,0,3,1.449640,1.029010,1.029010,0.006642,0.006681,14.968151,16036,-0.000446,0.076415,85038,34904,19220,12001,8418,6109,4690,3729,31254,1,1,1,1
22.4000,9718,1,1,107648,0,206171,0.522132,2,2,63,703,116924,27.53800,0.00171,2.36640,0.00537,1,1,3,1.337817,1.000000,1.302435,-0.010702,-0.010672,14.950765,15553,0.000714,0.074199,85868,34908,19069,11903,8414,5999,4824,3733,31452,1,1,1,1
23.0000,9718,1,1,109105,1,209604,0.520532,3,9,9,26,149308,27.95390,0.00171,2.36640,0.00537,0,1,3,4.689737,3.919938,3.919938,-0.218710,-0.218551,14.742984,9721,0.014824,0.047030,87367,35318,19501,12367,8440,6229,4704,3837,31840,1,1,1,1
23.9000,9718,1,1,112053,1,214742,0.521805,1,2,200,200,2519069,28.57772,0.00171,2.36640,0.00537,0,1,3,1.822617,1.314679,1.314679,-0.530562,-0.530500,14.430998,976,0.036761,0.004824,89145,36395,20032,12592,8847,6439,4965,3814,32512,1,1,1,1
22.3500,9730,1,1,107390,0,206376,0.520363,1,1,189,189,210349,27.50824,0.00192,2.36957,0.00346,1,0,3,1.414181,1.000000,1.167453,0.009215,0.009251,14.970730,16061,-0.000618,0.076426,85943,35005,19158,12008,8426,6140,4669,3752,31274,1,1,1,1
22.4000,9730,1,1,107924,0,207056,0.521233,8,19,19,19,549243,27.54293,0.00192,2.36957,0.00346,1,1,2,1.134305,1.000000,2.791862,-0.008180,-0.008167,14.953172,15573,0.000546,0.074191,85964,35299,19347,12198,8431,6343,4558,3685,31230,1,1,1,1
23.0000,9730,1,1,109046,0,209217,0.521213,2,2,5,348,120713,27.95882,0.00192,2.36957,0.00346,1,1,3,1.413978,1.000000,1.293190,-0.216085,-0.216049,14.745429,9736,0.014652,0.047037,86438,35664,19414,12316,8568,6319,4711,3749,32037,1,1,1,1
23.9000,9730,1,1,111772,0,214980,0.519921,1,2,44,77,192434,28.58265,0.00192,2.36957,0.00346,1,0,2,1.381387,1.000000,1.510958,-0.528009,-0.527976,14.433524,978,0.036580,0.004827,89107,36467,20213,12758,8690,6425,4911,3831,32577,1,1,1,1
22.3500,9742,1,1,107536,0,206156,0.521627,2,6,6,31,8511163,27.51255,0.00185,2.37284,0.00467,1,0,2,1.155629,1.000000,1.190176,0.011345,0.011360,14.972895,16079,-0.000759,0.076407,85436,35085,19130,12166,8536,6082,4687,3633,31400,1,1,1,1
22.4000,9742,1,1,107924,0,206546,0.522521,2,3,10,37,4636883,27.54721,0.00185,2.37284,0.00467,1,1,3,1.268055,1.000000,1.280235,-0.005983,-0.005959,14.955451,15591,0.000398,0.074174,85629,35353,19197,12126,8207,6176,4727,3648,31482,1,1,1,1
23.0000,9742,1,1,109497,1,210123,0.521112,6,6,41,234,638240,27.96315,0.00185,2.37284,0.00467,0,1,3,2.987432,2.536976,2.536976,-0.213992,-0.213879,14.747659,9745,0.014503,0.047015,87030,35727,19742,12399,8593,6224,4723,3719,31965,1,1,1,1
23.9000,9742,1,1,112280,0,215975,0.519877,1,11,33,87,3105664,28.58693,0.00185,2.37284,0.00467,1,1,2,1.406845,1.000000,6.020419,-0.525924,-0.525889,14.435601,978,0.036430,0.004820,89668,36845,20164,12795,8827,6379,4938,3834,32524,1,1,1,1
22.3500,9754,1,1,107501,1,205899,0.522108,3,5,22,80,636675,27.50688,0.00191,2.37308,0.00447,0,1,3,2.756356,2.303325,2.303325,0.008524,0.008628,14.969942,16096,-0.000576,0.076408,85401,34923,19089,11917,8291,6157,4611,3671,31838,1,1,1,1
22.4000,9754,1,1,107785,1,207702,0.518943,1,3,4,123,597358,27.54156,0.00191,2.37308,0.00447,0,1,3,2.390864,1.815552,1.815552,-0.008803,-0.008714,14.952800,15608,0.000583,0.074177,86605,35353,19313,12314,8319,6214,4644,3728,31211,1,1,1,1
23.0000,9754,1,1,109489,1,210087,0.521163,1,266,266,266,172366,27.95749,0.00191,2.37308,0.00447,0,0,3,18.029443,17.348912,17.348912,-0.216885,-0.216588,14.744629,9755,0.014689,0.047015,86957,35671,19622,12317,8499,6284,4802,3828,32106,1,1,1,1
23.9000,9754,1,1,111965,1,214738,0.521405,5,7,27,45,209037,28.58128,0.00191,2.37308,0.00447,0,0,3,1.853321,1.682407,1.682407,-0.528660,-0.528596,14.432716,977,0.036625,0.004810,88935,36336,20203,12440,8771,6478,4875,3827,32872,1,1,1,1
22.3500,9766,1,1,107501,1,206681,0.520133,5,7,73,86,991080,27.50508,0.00233,2.37200,0.00462,0,1,3,1.931470,1.918413,1.918413,0.007787,0.007854,14.969405,16116,-0.000525,0.076412,85931,34874,19144,12171,8370,6263,4778,3729,31420,1,1,1,1
22.4000,9766,1,1,107965,1,207160,0.521170,1,16,34,34,284197,27.53972,0.00233,2.37200,0.00462,0,1,3,2.371402,1.724182,1.559083,-0.009522,-0.009433,14.952069,15630,0.000631,0.074194,85942,35259,19227,12204,8322,6217,4730,3681,31577,1,1,1,1
23.0000,9766,1,1,109653,1,210367,0.521249,1,1,21,54,860541,27.95564,0.00233,2.37200,0.00462,0,1,3,1.740941,1.231619,1.231619,-0.217467,-0.217410,14.744073,9769,0.014746,0.047026,87400,35430,19616,12529,8467,6298,4751,3734,32141,1,1,1,1
23.9000,9766,1,1,111782,0,215060,0.519774,11,3,11,444,141083,28.57944,0.00233,2.37200,0.00462,1,1,2,1.343511,1.000000,1.472755,-0.529379,-0.529349,14.432090,978,0.036679,0.004810,89252,36566,19804,12537,8671,6450,4940,3889,32950,1,1,1,1
22.3500,9778,1,1,108163,1,206715,0.523250,2,5,120,120,382626,27.50400,0.00251,2.36362,0.00424,0,1,3,2.780515,2.311612,2.311612,0.007336,0.007440,14.968768,16136,-0.000497,0.076416,85737,34880,19342,12257,8361,6145,4779,3634,31579,1,1,1,1
22.4000,9778,1,1,108414,0,207704,0.521966,12,5,12,1009,124335,27.53866,0.00251,2.36362,0.00424,1,1,2,1.403134,1.000000,2.608219,-0.010002,-0.009968,14.951499,15646,0.000667,0.074181,86185,35275,19315,12321,8536,6264,4571,3708,31528,1,1,1,1
23.0000,9778,1,1,110233,1,211624,0.520893,2,15,20,300,2282239,27.95457,0.00251,2.36362,0.00424,0,1,3,10.987280,8.139056,8.139056,-0.218012,-0.217767,14.743418,9779,0.014770,0.047019,88174,35983,19524,12550,8515,6263,4743,3897,31974,1,1,1,1
23.9000,9778,1,1,112763,1,216370,0.521161,1,46,46,46,55756,28.57839,0.00251,2.36362,0.00424,0,1,3,4.181453,3.447996,3.420765,-0.529876,-0.529730,14.431657,980,0.036706,0.004814,90038,36828,20103,12636,8719,6401,4963,3842,32839,1,1,1,1
22.3500,9790,1,1,108384,0,207315,0.522801,2,11,35,220,147854,27.50554,0.00243,2.36869,0.00373,1,1,2,1.197213,1.000000,2.567871,0.008078,0.008097,14.969476,16154,-0.000541,0.076404,85921,34903,19511,12243,8455,6338,4777,3834,31332,1,1,1,1
22.4000,9790,1,1,108442,0,207644,0.522252,2,3,13,32,377027,27.54023,0.00243,2.36869,0.00373,1,1,2,1.412021,1.000000,1.877325,-0.009252,-0.009216,14.952258,15663,0.000616,0.074167,86011,35459,19324,12079,8592,6195,4704,3849,31430,1,1,1,1
23.0000,9790,1,1,109757,1,210542,0.521309,110,2,110,110,490220,27.95612,0.00243,2.36869,0.00373,0,1,3,1.450314,1.199012,1.199012,-0.217170,-0.217132,14.744397,9789,0.014726,0.047006,87680,35279,19526,12450,8540,6228,4926,3758,32154,1,1,1,1
23.9000,9790,1,1,112251,1,215491,0.520910,1,3,6,2642,377109,28.57995,0.00243,2.36869,0.00373,0,1,3,2.913989,2.116834,2.116834,-0.529118,-0.529009,14.432532,979,0.036654,0.004803,88956,36801,20168,12658,8652,6409,4908,3790,33148,1,1,1,1
22.3500,9802,1,1,108667,1,207546,0.523583,3,40,40,45,733376,27.50207,0.00341,2.37366,0.00494,0,0,3,1.678118,1.427326,1.427326,0.006877,0.006930,14.968298,16172,-0.000463,0.076402,86212,35125,19347,12283,8419,6177,4844,3697,31441,1,1,1,1
22.4000,9802,1,1,108368,0,207683,0.521798,2,3,9,22,6382860,27.53672,0.00341,2.37366,0.00494,1,0,2,1.274949,1.000000,1.366132,-0.010447,-0.010422,14.951099,15681,0.000697,0.074167,86210,35252,19254,12204,8612,6177,4815,3700,31458,1,1,1,1
23.0000,9802,1,1,110162,0,211241,0.521502,1,4,12,57,370713,27.95266,0.00341,2.37366,0.00494,1,1,2,1.290106,1.000000,1.798690,-0.218433,-0.218407,14.743013,9799,0.014814,0.047001,87507,35904,19639,12676,8626,6255,4646,3835,32152,1,1,1,1
23.9000,9802,1,1,113044,0,217013,0.520911,13,15,16,418,151919,28.57644,0.00341,2.37366,0.00494,1,0,2,1.168195,1.000000,2.837634,-0.530344,-0.530328,14.431206,978,0.036749,0.004792,90176,37053,19973,12727,8909,6438,5009,3914,32813,1,1,1,1
22.3500,9814,1,1,108240,0,207645,0.521277,1,8,9,85,1401069,27.49167,0.00228,2.37405,0.00399,1,0,2,1.246623,1.000000,2.472433,0.001102,0.001125,14.962649,16199,-0.000075,0.076464,86016,35327,19433,12301,8261,6145,4701,3772,31688,1,1,1,1
22.4000,9814,1,1,108818,0,208966,0.520747,2,2,27,27,632542,27.52635,0.00228,2.37405,0.00399,1,0,3,1.344783,1.000000,1.329166,-0.016205,-0.016175,14.945335,15708,0.001082,0.074233,86952,35905,19403,12122,8460,6231,4721,3550,31621,1,1,1,1
23.0000,9814,1,1,110029,1,211580,0.520037,1,5,31,175,88449,27.94228,0.00228,2.37405,0.00399,0,1,3,2.236531,1.604317,1.541609,-0.224177,-0.224095,14.737367,9819,0.015206,0.047057,87859,35970,19647,12437,8555,6251,4828,3812,32220,1,1,1,1
23.9000,9814,1,1,113184,0,216509,0.522771,2,20,20,147,555604,28.56607,0.00228,2.37405,0.00399,1,1,2,1.403837,1.000000,10.020669,-0.536169,-0.536134,14.425334,987,0.037166,0.004832,90020,36718,20034,12651,8946,6351,4899,3800,33089,1,1,1,1
22.3500,9826,1,1,108281,1,207840,0.520985,1,9,9,15,660236,27.49503,0.00234,2.37805,0.00609,0,1,3,4.534995,3.806050,3.806050,0.002731,0.002885,14.964243,16217,-0.000193,0.076448,85815,35337,19511,12344,8440,6296,4773,3727,31596,1,1,1,1
22.4000,9826,1,1,108728,0,208620,0.521180,2,3,19,97,182812,27.52967,0.00234,2.37805,0.00609,1,1,2,1.410766,1.000000,1.897262,-0.014551,-0.014516,14.946958,15723,0.000971,0.074205,86865,35399,19505,12161,8404,6186,4706,3742,31651,1,1,1,1
23.0000,9826,1,1,110571,1,212269,0.520903,1,38,38,56,189959,27.94559,0.00234,2.37805,0.00609,0,0,3,7.208533,6.445063,6.445063,-0.222572,-0.222371,14.738959,9827,0.015087,0.047033,88350,36238,19666,12612,8625,6239,4880,3665,31993,1,1,1,1
23.9000,9826,1,1,113245,1,217127,0.521564,2,6,8,42,551386,28.56939,0.00234,2.37805,0.00609,0,0,3,1.637778,1.262074,1.262074,-0.534391,-0.534340,14.427083,984,0.037037,0.004811,90445,37037,20009,12830,8712,6234,4832,3789,33238,1,1,1,1
22.3500,9838,1,1,108228,0,208021,0.520277,5,21,21,35,1659270,27.50419,0.00106,2.38186,0.00364,1,1,2,1.047521,1.000000,1.088033,0.006750,0.006755,14.967995,16235,-0.000451,0.076420,86225,35300,19303,12284,8522,6161,4809,3766,31650,1,1,1,1
22.4000,9838,1,1,109219,1,209251,0.521955,1,2,101,101,772117,27.53886,0.00106,2.38186,0.00364,0,0,3,1.760584,1.309050,1.309050,-0.010592,-0.010535,14.950907,15745,0.000705,0.074198,87151,35277,19625,12445,8554,6024,4747,3785,31642,1,1,1,1
23.0000,9838,1,1,110719,1,212048,0.522144,1,3,13,50,1516008,27.95476,0.00106,2.38186,0.00364,0,1,3,1.854835,1.352780,1.352780,-0.218544,-0.218481,14.743023,9839,0.014819,0.047020,87947,36248,19449,12463,8601,6314,4926,3907,32192,1,1,1,1
23.9000,9838,1,1,113218,0,216964,0.521831,7,1505,1505,1505,215730,28.57858,0.00106,2.38186,0.00364,1,1,2,1.002674,1.000000,4.054376,-0.530510,-0.530510,14.430440,985,0.036763,0.004809,90311,36524,20061,12753,8735,6449,4856,3942,33332,1,1,1,1
22.3500,9850,1,1,109123,1,209111,0.521845,1,5,29,70,178263,27.50415,0.00120,2.38483,0.00696,0,0,3,1.608122,1.202600,1.202600,0.006810,0.006858,14.968297,16253,-0.000458,0.076410,86827,35721,19212,12384,8618,6278,4714,3769,31587,1,1,1,1
22.4000,9850,1,1,109411,1,209214,0.522965,5,2,9,46,142379,27.53885,0.00120,2.38483,0.00696,0,1,3,1.544456,1.231350,1.231350,-0.010537,-0.010493,14.951044,15757,0.000702,0.074164,86954,35801,19750,12133,8355,6195,4700,3630,31695,1,1,1,1
23.0000,9850,1,1,110690,0,212538,0.520803,4,7,10,125,1144062,27.95474,0.00120,2.38483,0.00696,1,1,2,1.263986,1.000000,2.376741,-0.218516,-0.218492,14.743031,9847,0.014820,0.047001,88307,36003,19884,12582,8524,6248,4978,3764,32247,1,1,1,1
23.9000,9850,1,1,113102,0,216661,0.522025,1,33,33,183,1107847,28.57857,0.00120,2.38483,0.00696,1,1,2,1.348645,1.000000,13.973918,-0.530523,-0.530492,14.430951,982,0.036761,0.004789,89506,36889,20335,12730,8731,6425,4984,3987,33073,1,1,1,1
22.3500,9862,1,1,108840,0,208819,0.521219,2,4,9,140,2982565,27.51004,0.00177,2.38846,0.00369,1,1,2,1.223697,1.000000,1.405479,0.010044,0.010065,14.971459,16274,-0.000672,0.076400,86501,35791,19395,12353,8497,6101,4745,3747,31688,1,1,1,1
22.4000,9862,1,1,109153,1,209437,0.521176,1,7,60,83,143941,27.54469,0.00177,2.38846,0.00369,0,1,3,5.277952,4.009499,4.009499,-0.007337,-0.007168,14.954376,15782,0.000479,0.074174,86925,35655,19421,12389,8495,6251,4813,3798,31689,1,1,1,1
23.0000,9862,1,1,110695,1,212109,0.521880,2,8,16,18,1509678,27.96063,0.00177,2.38846,0.00369,0,1,3,3.231924,2.811738,2.811738,-0.215290,-0.215172,14.746365,9863,0.014591,0.047009,87997,35895,19765,12469,8631,6460,4718,3761,32412,1,1,1,1
23.9000,9862,1,1,113631,1,218189,0.520794,2,2,13,29,729741,28.58441,0.00177,2.38846,0.00369,0,0,3,1.380195,1.101227,1.101227,-0.527130,-0.527098,14.434309,989,0.036517,0.004816,90618,37074,20469,12922,8882,6411,4999,3887,32926,1,1,1,1
22.3500,9874,1,1,108943,1,208632,0.522180,1,3,13,126,621550,27.51569,0.00133,2.39173,0.00387,0,1,3,1.916065,1.657541,1.657541,0.012660,0.012726,14.974274,16290,-0.000850,0.076367,86392,35415,19417,12505,8340,6228,4681,3674,31979,1,1,1,1
22.4000,9874,1,1,109497,1,209387,0.522943,1,39,39,87,15080386,27.55037,0.00133,2.39173,0.00387,0,1,3,24.103974,19.256749,19.256749,-0.004804,-0.004482,14.957069,15799,0.000300,0.074151,87083,35536,19402,12261,8547,6228,4761,3684,31884,1,1,1,1
23.0000,9874,1,1,111046,0,213022,0.521291,2,185,185,185,113363,27.96630,0.00133,2.39173,0.00387,1,0,2,1.008726,1.000000,1.679811,-0.212644,-0.212643,14.748908,9871,0.014418,0.046982,88475,35996,19987,12749,8665,6369,4830,3787,32163,1,1,1,1
23.9000,9874,1,1,113197,1,217322,0.520875,1,9,29,29,595376,28.59009,0.00133,2.39173,0.00387,0,1,3,3.636005,3.160956,3.160956,-0.524572,-0.524442,14.436905,986,0.036326,0.004794,89663,36992,20200,12738,9079,6524,4996,3926,33203,1,1,1,1
22.3500,9886,1,1,109470,0,209381,0.522829,1,40,40,640,1020600,27.50577,0.00119,2.39087,0.00606,1,1,2,1.040185,1.000000,1.679404,0.007572,0.007576,14.968801,16311,-0.000506,0.076401,86801,35704,19753,12318,8349,6109,4746,3748,31852,1,1,1,1
22.4000,9886,1,1,109210,0,209275,0.521852,1,69,110,110,2429554,27.54041,0.00119,2.39087,0.00606,1,1,2,1.158859,1.000000,12.140600,-0.009847,-0.009832,14.951529,15815,0.000658,0.074163,86833,35678,19152,12361,8515,6219,4726,3766,32024,1,1,1,1
23.0000,9886,1,1,111220,0,213038,0.522069,1,51,51,60,365399,27.95633,0.00119,2.39087,0.00606,1,1,2,1.179485,1.000000,10.240523,-0.217796,-0.217780,14.743593,9885,0.014771,0.047009,88621,36053,19742,12498,8826,6386,4848,3905,32158,1,1,1,1
23.9000,9886,1,1,113780,0,217780,0.522456,4,83,83,119,1905466,28.58013,0.00119,2.39087,0.00606,1,1,2,1.017713,1.000000,1.500152,-0.529601,-0.529599,14.431544,986,0.036697,0.004790,90406,36974,19989,12919,8810,6480,4992,3995,33214,1,1,1,1
22.3500,9898,1,1,108918,0,209089,0.520919,1,31,31,194,290982,27.51037,0.00200,2.39148,0.00383,1,1,2,1.032219,1.000000,1.101138,0.010314,0.010317,14.971866,16327,-0.000689,0.076367,86741,35400,19517,12386,8379,6228,4714,3748,31975,1,1,1,1
22.4000,9898,1,1,109234,0,209659,0.521010,1,148,148,195,90025,27.54504,0.00200,2.39148,0.00383,1,1,2,1.011411,1.000000,1.718373,-0.007043,-0.007042,14.954509,15830,0.000471,0.074129,86961,35575,19573,12313,8535,6380,4730,3784,31807,1,1,1,1
23.0000,9898,1,1,111476,0,213924,0.521103,2,164,164,164,426875,27.96094,0.00200,2.39148,0.00383,1,1,2,1.161395,1.000000,28.806201,-0.215137,-0.215121,14.746241,9891,0.014588,0.046972,88871,36288,20177,12634,8808,6237,4814,3879,32215,1,1,1,1
23.9000,9898,1,1,114041,1,218438,0.522077,2,2,95,119,709619,28.58476,0.00200,2.39148,0.00383,0,1,3,1.677720,1.259312,1.259312,-0.526888,-0.526835,14.434712,983,0.036498,0.004769,90874,36758,20469,12837,8900,6400,4969,3948,33282,1,1,1,1
22.3500,9910,1,1,109512,0,209387,0.523015,1,2,25,97,243354,27.51483,0.00309,2.39283,0.00367,1,0,3,1.265640,1.000000,1.034022,0.013109,0.013133,14.974500,16357,-0.000877,0.076402,86591,35536,19486,12432,8436,6355,4674,3713,32163,1,1,1,1
22.4000,9910,1,1,109619,1,210187,0.521533,1,14,107,391,1115033,27.54952,0.00309,2.39283,0.00367,0,1,3,1.782579,1.263327,1.030326,-0.004241,-0.004182,14.957293,15861,0.000280,0.074170,87065,35854,19628,12316,8625,6285,4842,3751,31820,1,1,1,1
23.0000,9910,1,1,111553,1,213964,0.521366,6,2,6,48,168006,27.96541,0.00309,2.39283,0.00367,0,1,3,1.723943,1.305587,1.305587,-0.212197,-0.212142,14.749373,9915,0.014383,0.047019,89050,36435,19896,12619,8432,6311,4841,3841,32538,1,1,1,1
23.9000,9910,1,1,114226,0,219010,0.521558,1,3,23,9336,215777,28.58924,0.00309,2.39283,0.00367,1,1,2,1.271548,1.000000,1.304909,-0.524114,-0.524089,14.437326,998,0.036301,0.004835,90948,37131,20422,12935,8977,6573,4959,3971,33093,1,1,1,1
22.3500,9922,1,1,109222,0,209547,0.521232,2,7,42,42,291605,27.51481,0.00212,2.39654,0.00340,1,0,2,1.159385,1.000000,1.313663,0.012609,0.012624,14.974160,16375,-0.000843,0.076395,86622,35907,19678,12389,8406,6279,4756,3560,31949,1,1,1,1
22.4000,9922,1,1,109832,0,209840,0.523411,1,47,47,47,2235188,27.54946,0.00212,2.39654,0.00340,1,1,2,1.414070,1.000000,24.324066,-0.004864,-0.004829,14.956655,15880,0.000323,0.074172,86802,35584,19591,12279,8639,6471,4767,3847,31859,1,1,1,1
23.0000,9922,1,1,111922,0,214380,0.522075,1,17,18,29,190681,27.96540,0.00212,2.39654,0.00340,1,1,2,1.360058,1.000000,7.973097,-0.212780,-0.212749,14.748759,9925,0.014425,0.047011,89216,36453,19938,12501,8743,6390,4933,3857,32348,1,1,1,1
23.9000,9922,1,1,113711,1,218663,0.520031,1,2,3,250,566905,28.58918,0.00212,2.39654,0.00340,0,0,3,2.062358,1.570270,1.570270,-0.524585,-0.524512,14.436919,996,0.036331,0.004820,90539,37038,20402,12879,8902,6513,4985,4052,33352,1,1,1,1
22.3500,9934,1,1,109461,1,209890,0.521519,3,3,53,111,783623,27.51140,0.00165,2.39073,0.00380,0,1,3,1.749300,1.505838,1.505838,0.010678,0.010734,14.972281,16393,-0.000717,0.076396,87014,35778,19241,12617,8577,6292,4763,3685,31922,1,1,1,1
22.4000,9934,1,1,109499,1,210321,0.520630,5,60,60,178,307283,27.54608,0.00165,2.39073,0.00380,0,0,3,6.524938,6.353068,6.353068,-0.006735,-0.006546,14.954642,15896,0.000438,0.074167,86887,35838,19682,12480,8623,6203,4864,3809,31934,1,1,1,1
23.0000,9934,1,1,111193,1,213345,0.521191,3,2,7,145,1523553,27.96201,0.00165,2.39073,0.00380,0,1,3,1.740262,1.373731,1.373731,-0.214622,-0.214566,14.746793,9937,0.014550,0.047017,88461,36076,19769,12743,8496,6419,4824,3767,32789,1,1,1,1
23.9000,9934,1,1,114153,1,218955,0.521356,9,313,313,313,1282223,28.58580,0.00165,2.39073,0.00380,0,1,3,1.722997,1.658733,1.658733,-0.526528,-0.526473,14.435076,995,0.036472,0.004810,90874,37295,20316,12699,8882,6453,5016,3901,33518,1,1,1,1
22.3500,9946,1,1,109754,0,210526,0.521335,6,6,48,48,2166985,27.51927,0.00164,2.39475,0.00360,1,0,2,1.174514,1.000000,1.358809,0.014556,0.014572,14.976107,16412,-0.000973,0.076373,87273,35702,19949,12365,8487,6230,4697,3851,31971,1,1,1,1
22.4000,9946,1,1,109678,0,210347,0.521417,26,7,26,49,410496,27.55390,0.00164,2.39475,0.00360,1,1,2,1.354489,1.000000,3.086659,-0.002803,-0.002772,14.958737,15915,0.000185,0.074146,87316,35154,19729,12569,8437,6293,4857,3850,32141,1,1,1,1
23.0000,9946,1,1,111691,1,214521,0.520655,1,1,23,66,341929,27.96982,0.00164,2.39475,0.00360,0,1,3,1.365059,1.042077,1.042077,-0.210707,-0.210675,14.750842,9947,0.014282,0.046995,89213,36563,19937,12822,8655,6284,4768,3788,32490,1,1,1,1
23.9000,9946,1,1,114526,0,219738,0.521196,1,2,15,279,160194,28.59362,0.00164,2.39475,0.00360,1,1,2,1.379249,1.000000,1.754422,-0.522635,-0.522603,14.438854,998,0.036194,0.004817,91428,37117,20406,12944,8859,6819,4959,3957,33248,1,1,1,1
22.3500,9958,1,1,110266,0,211236,0.522006,1,3,113,225,1214935,27.51882,0.00184,2.39566,0.00480,1,0,3,1.271097,1.000000,1.239581,0.014453,0.014477,14.976000,16435,-0.000967,0.076388,88049,35756,19718,12405,8606,6296,4844,3733,31828,1,1,1,1
22.4000,9958,1,1,110138,0,211007,0.521966,8,4,71,76,2474273,27.55348,0.00184,2.39566,0.00480,1,0,2,1.225953,1.000000,1.285350,-0.002883,-0.002863,14.958666,15934,0.000191,0.074146,87261,35850,19818,12424,8714,6240,4808,3774,32117,1,1,1,1
23.0000,9958,1,1,112561,1,215237,0.522965,3,2,46,227,333476,27.96938,0.00184,2.39566,0.00480,0,1,3,1.698904,1.223745,1.223745,-0.210833,-0.210779,14.750765,9959,0.014289,0.046995,89626,36604,19965,12685,8633,6393,4997,3932,32401,1,1,1,1
23.9000,9958,1,1,114596,0,219432,0.522242,1,3,23,23,162115,28.59320,0.00184,2.39566,0.00480,1,1,2,1.369699,1.000000,1.694277,-0.522758,-0.522726,14.438727,997,0.036203,0.004806,90675,37559,20411,12839,8981,6463,4964,4050,33489,1,1,1,1
22.3500,9970,1,1,110394,0,211639,0.521617,2,8148,8148,8148,32056162,27.51860,0.00111,2.40274,0.00449,1,1,2,1.021383,1.000000,176.110276,0.013741,0.013743,14.974909,16450,-0.000918,0.076372,88151,35921,19705,12392,8587,6197,4835,3785,32065,1,1,1,1
22.4000,9970,1,1,110627,1,211661,0.522664,51,16,51,95,129489,27.55329,0.00111,2.40274,0.00449,0,1,3,5.023376,4.224811,4.224811,-0.003418,-0.003256,14.958277,15953,0.000218,0.074147,87900,36202,19558,12408,8557,6249,4857,3838,32091,1,1,1,1
23.0000,9970,1,1,111879,1,214639,0.521245,2,6,24,33,541668,27.96918,0.00111,2.40274,0.00449,0,1,3,4.427364,3.296043,3.296043,-0.211349,-0.211200,14.750065,9969,0.014319,0.046988,89084,36419,19892,12659,8862,6395,4913,3711,32703,1,1,1,1
23.9000,9970,1,1,114360,0,219599,0.520770,1,10,10,34,113117184,28.59301,0.00111,2.40274,0.00449,1,1,2,1.126442,1.000000,1.593893,-0.523228,-0.523216,14.438324,996,0.036238,0.004796,91035,37141,20459,12946,8955,6491,5134,3952,33485,1,1,1,1
22.3500,9982,1,1,110309,1,210534,0.523951,1,56,56,65,1375008,27.51252,0.00104,2.39673,0.00498,0,1,3,21.313040,19.519320,19.519320,0.010791,0.011098,14.972279,16468,-0.000741,0.076377,87180,35598,19707,12287,8736,6159,4743,3800,32323,1,1,1,1
22.4000,9982,1,1,110925,1,212274,0.522558,1,6,6,35,182857,27.54717,0.00104,2.39673,0.00498,0,0,3,1.817338,1.386974,1.386974,-0.006401,-0.006341,14.955090,15969,0.000424,0.074148,88378,35964,19777,12564,8747,6353,4690,3813,31987,1,1,1,1
23.0000,9982,1,1,112028,0,214670,0.521864,5,43,43,147,183615,27.96311,0.00104,2.39673,0.00498,1,1,2,1.288620,1.000000,14.578768,-0.214491,-0.214466,14.747055,9979,0.014543,0.046988,89025,36444,19872,12605,8733,6402,4894,3885,32809,1,1,1,1
23.9000,9982,1,1,115133,1,220679,0.521724,1,10,57,57,16253201,28.58689,0.00104,2.39673,0.00498,0,0,3,2.409261,1.883201,1.883201,-0.526277,-0.526189,14.435231,996,0.036452,0.004791,91738,37683,20325,13017,9006,6626,4996,3861,33426,1,1,1,1
22.3500,9994,1,1,110297,1,211678,0.521063,1,60,60,197,481043,27.50722,0.00125,2.39347,0.00442,0,1,3,18.151209,16.945724,16.945724,0.008266,0.008556,14.970106,16490,-0.000572,0.076398,88276,35955,19532,12359,8634,6282,4729,3798,32112,1,1,1,1
22.4000,9994,1,1,110417,1,211627,0.521755,9,178,178,178,76830,27.54190,0.00125,2.39347,0.00442,0,0,3,9.135389,9.030854,9.030854,-0.009041,-0.008820,14.952286,15990,0.000590,0.074170,87612,36071,19814,12657,8542,6260,4721,3755,32194,1,1,1,1
23.0000,9994,1,1,111596,0,214982,0.519097,2,10,31,31,291839,27.95783,0.00125,2.39347,0.00442,1,0,2,1.190566,1.000000,2.251516,-0.216937,-0.216919,14.744614,9994,0.014712,0.047010,88896,36667,19922,12971,8733,6448,4925,3725,32694,1,1,1,1
23.9000,9994,1,1,114949,1,220547,0.521202,1,17,17,296,101177,28.58162,0.00125,2.39347,0.00442,0,1,3,6.423746,5.667704,5.667704,-0.528878,-0.528692,14.432632,999,0.036632,0.004801,91469,37593,20528,12924,8910,6590,5014,3943,33575,1,1,1,1
