[0;31m  ***   Warning: new maximum stack size = 12000002048 (11444.094 Mbytes).[0m
[0;31m[0;31m  ***   syntax error, unexpected end of file, expecting ',': 
[0;31m  ***   ...[0;35miv,chim3,chim4,chi12,chi5[0;35m,
[0;31m[0;31m  ***                               ^-[0m
... skipping file '20_verify.gp'
[0;31m[0;31m  ***   syntax error, unexpected ',', expecting end of file: 
[0;31m  ***   [0;35m[8,[1,0,0,0,0,0,-1,0]][0;35m,
[0;31m[0;31m  ***                         ^-[0m
[0;31m[0;31m  ***   syntax error, unexpected ',', expecting end of file: 
[0;31m  ***   [0;35m[8,[1,0,1,0,-1,0,-1,0]][0;35m,
[0;31m[0;31m  ***                          ^-[0m
[0;31m[0;31m  ***   syntax error, unexpected ']', expecting end of file: 
[0;31m  ***   ...[0;35m0,0,0,0,0,0,1,0,0,0,0,0]][0;35m];
[0;31m[0;31m  ***                               ^--[0m
distinct survivors from 20_scan: 6492
integral to n=60: 2791
cells with provisional S_p > -0.300000000000000000000000000000000000000000000000000000000000: 2132

=== stage 2: exact to n=300, measured sigma_p ===
aq  bq  cq  c  r | p | k | lambda_1 | sigma_p | kappa_p | S_p | theta_p
-40 -4 4 256 3 | p=2 | k=2 |  32.00000 |  5.8600 | -1.0600 | -0.66916 | 0.858559
-40 4 8 256 2 | p=2 | k=2 |  32.00000 |  5.9200 | -1.0600 | -0.62757 | 0.867350
-40 8 0 256 0 | p=2 | k=2 |  32.00000 |  1.9800 | -3.0000 | -2.01386 | 0.405290
-40 20 16 256 3 | p=2 | k=2 |  32.00000 |  5.8800 | -1.0500 | -0.66223 | 0.860229
-32 0 4 256 1 | p=2 | k=2 |  16.00000 |  7.9200 | -0.0400 | +0.74486 | 1.156983
-32 32 4 256 2 | p=2 | k=2 |  16.00000 |  7.9200 | -0.0400 | +0.74486 | 1.156983
-32 32 20 256 2 | p=2 | k=2 |  16.00000 |  7.9200 | -0.0400 | +0.74486 | 1.156983
-32 64 20 256 3 | p=2 | k=2 |  16.00000 |  7.9000 | -0.0400 | +0.73100 | 1.154061
-32 64 36 256 3 | p=2 | k=2 |  16.00000 |  7.9000 | -0.0400 | +0.73100 | 1.154061
-24 -192 24 -256 3 | p=2 | k=2 |  32.00000 |  0.0000 | -5.0000 | -2.00000 | 0.000000
-24 -112 40 -256 3 | p=2 | k=2 |  32.00000 |  0.0000 | -5.0000 | -2.00000 | 0.000000
-24 -96 0 -256 2 | p=2 | k=2 |  32.00000 |  0.0000 | -5.0000 | -2.00000 | 0.000000
-24 8 8 128 2 | p=2 | k=2 |  16.00000 |  4.9200 | -1.0400 | -0.64143 | 0.841689
-24 16 8 -256 0 | p=2 | k=2 |  32.00000 |  1.9800 | -3.0000 | -2.01386 | 0.405290
-24 96 24 -256 0 | p=2 | k=2 |  32.00000 |  2.0000 | -2.9700 | -2.02079 | 0.406885
-18 -180 54 -243 3 | p=3 | k=2 |  27.00000 |  0.0000 | -3.0000 | -2.00000 | 0.000000
-18 -108 54 -243 3 | p=3 | k=2 |  27.00000 |  0.0000 | -3.0000 | -2.00000 | 0.000000
-18 -90 9 -243 2 | p=3 | k=2 |  27.00000 |  0.0000 | -3.0000 | -2.00000 | 0.000000
-18 18 9 -243 0 | p=3 | k=2 |  27.00000 |  0.9900 | -2.0000 | -2.01099 | 0.351004
-18 90 27 -243 0 | p=3 | k=2 |  27.00000 |  0.9900 | -2.0200 | -1.98901 | 0.353511
-8 -128 72 -128 3 | p=2 | k=2 |  16.00000 |  0.0000 | -4.0000 | -2.00000 | 0.000000
-8 -112 16 -128 2 | p=2 | k=2 |  16.00000 |  0.0000 | -4.0200 | -1.98614 | 0.000000
-8 -80 56 -128 3 | p=2 | k=2 |  16.00000 |  0.0000 | -4.0000 | -2.00000 | 0.000000
-8 -64 16 -128 2 | p=2 | k=2 |  16.00000 |  0.0000 | -4.0000 | -2.00000 | 0.000000
-8 16 8 -128 0 | p=2 | k=2 |  16.00000 |  0.9400 | -3.0000 | -2.04159 | 0.241932
-8 64 24 -128 0 | p=2 | k=2 |  16.00000 |  0.9400 | -3.0100 | -2.03466 | 0.242556
0 -2576 1288 -256 2 | p=2 | k=2 |  16.00000 |  5.9200 | -1.0400 | +0.05172 | 1.012764
0 -2576 1288 -64 2 | p=2 | k=2 |   8.00000 |  0.0000 | -3.0000 | -2.00000 | 0.000000
0 -2574 1287 -81 2 | p=3 | k=2 |   9.00000 |  0.0500 | -1.9800 | -1.96704 | 0.027167
0 -2568 1284 -256 2 | p=2 | k=2 |  16.00000 |  7.9200 | -0.0400 | +0.74486 | 1.156983
0 -2568 1284 -64 2 | p=2 | k=2 |   8.00000 |  5.9200 | -0.0400 | +0.05172 | 1.012764
0 -2562 1281 -81 2 | p=3 | k=2 |   9.00000 |  3.0800 | -0.4600 | -0.30814 | 0.916536
0 -2562 1281 -49 2 | p=7 | k=2 |   7.00000 |  0.0000 | -1.0000 | -2.00000 | 0.000000
0 -2560 1280 -256 2 | p=2 | k=2 |  16.00000 |  3.9200 | -2.0400 | -0.64143 | 0.809016
0 -2560 1280 -64 2 | p=2 | k=2 |   8.00000 |  3.9200 | -1.0400 | -0.64143 | 0.809016
0 -2552 1276 -256 2 | p=2 | k=2 |  16.00000 |  7.9200 | -0.0400 | +0.74486 | 1.156983
0 -2552 1276 -64 2 | p=2 | k=2 |   8.00000 |  5.9200 | -0.0400 | +0.05172 | 1.012764
0 -2550 1275 -81 2 | p=3 | k=2 |   9.00000 |  3.0800 | -0.4600 | -0.30814 | 0.916536
0 -2544 1272 -256 2 | p=2 | k=2 |  16.00000 |  5.9200 | -1.0400 | +0.05172 | 1.012764
0 -2544 1272 -64 2 | p=2 | k=2 |   8.00000 |  0.0000 | -3.0000 | -2.00000 | 0.000000
0 -2538 1269 -81 2 | p=3 | k=2 |   9.00000 |  0.0500 | -1.9900 | -1.95606 | 0.027315
0 -2536 1268 -256 2 | p=2 | k=2 |  16.00000 |  7.9200 | -0.0400 | +0.74486 | 1.156983
0 -2536 1268 -64 2 | p=2 | k=2 |   8.00000 |  5.9200 | -0.0400 | +0.05172 | 1.012764
0 -2534 1267 -49 2 | p=7 | k=2 |   7.00000 |  0.0000 | -1.0000 | -2.00000 | 0.000000
0 -2528 1264 -256 2 | p=2 | k=2 |  16.00000 |  0.0000 | -4.0000 | -2.00000 | 0.000000
0 -2528 1264 -64 2 | p=2 | k=2 |   8.00000 |  3.9200 | -1.0400 | -0.64143 | 0.809016
0 -2526 1263 -81 2 | p=3 | k=2 |   9.00000 |  3.0800 | -0.4600 | -0.30814 | 0.916536
0 -2520 1260 -256 2 | p=2 | k=2 |  16.00000 |  7.9200 | -0.0400 | +0.74486 | 1.156983
0 -2520 1260 -64 2 | p=2 | k=2 |   8.00000 |  5.9200 | -0.0400 | +0.05172 | 1.012764
0 -2514 1257 -81 2 | p=3 | k=2 |   9.00000 |  3.0800 | -0.4600 | -0.30814 | 0.916536
0 -2512 1256 -256 2 | p=2 | k=2 |  16.00000 |  5.9200 | -1.0400 | +0.05172 | 1.012764
0 -2512 1256 -64 2 | p=2 | k=2 |   8.00000 |  0.0000 | -3.0000 | -2.00000 | 0.000000
0 -2506 1253 -49 2 | p=7 | k=2 |   7.00000 |  0.0000 | -1.0000 | -2.00000 | 0.000000
0 -2504 1252 -256 2 | p=2 | k=2 |  16.00000 |  7.9200 | -0.0400 | +0.74486 | 1.156983
0 -2504 1252 -64 2 | p=2 | k=2 |   8.00000 |  5.9200 | -0.0400 | +0.05172 | 1.012764
0 -2502 1251 -81 2 | p=3 | k=2 |   9.00000 |  0.0500 | -1.9900 | -1.95606 | 0.027315
0 -2496 1248 -256 2 | p=2 | k=2 |  16.00000 |  3.9200 | -2.0400 | -0.64143 | 0.809016
0 -2496 1248 -64 2 | p=2 | k=2 |   8.00000 |  3.9200 | -1.0400 | -0.64143 | 0.809016
0 -2490 1245 -81 2 | p=3 | k=2 |   9.00000 |  3.0800 | -0.4600 | -0.30814 | 0.916536
0 -2488 1244 -256 2 | p=2 | k=2 |  16.00000 |  7.9200 | -0.0400 | +0.74486 | 1.156983
0 -2488 1244 -64 2 | p=2 | k=2 |   8.00000 |  5.9200 | -0.0400 | +0.05172 | 1.012764
0 -2480 1240 -256 2 | p=2 | k=2 |  16.00000 |  5.9200 | -1.0400 | +0.05172 | 1.012764
0 -2480 1240 -64 2 | p=2 | k=2 |   8.00000 |  0.0000 | -3.0000 | -2.00000 | 0.000000
0 -2478 1239 -81 2 | p=3 | k=2 |   9.00000 |  3.0800 | -0.4600 | -0.30814 | 0.916536
0 -2478 1239 -49 2 | p=7 | k=2 |   7.00000 |  0.0000 | -1.0000 | -2.00000 | 0.000000
0 -2472 1236 -256 2 | p=2 | k=2 |  16.00000 |  7.9200 | -0.0400 | +0.74486 | 1.156983
0 -2472 1236 -64 2 | p=2 | k=2 |   8.00000 |  5.9200 | -0.0400 | +0.05172 | 1.012764
0 -2466 1233 -81 2 | p=3 | k=2 |   9.00000 |  0.0500 | -1.9900 | -1.95606 | 0.027315
0 -2464 1232 -256 2 | p=2 | k=2 |  16.00000 |  0.0000 | -4.0000 | -2.00000 | 0.000000
0 -2464 1232 -64 2 | p=2 | k=2 |   8.00000 |  3.9200 | -1.0400 | -0.64143 | 0.809016
0 -2456 1228 -256 2 | p=2 | k=2 |  16.00000 |  7.9200 | -0.0400 | +0.74486 | 1.156983
0 -2456 1228 -64 2 | p=2 | k=2 |   8.00000 |  5.9200 | -0.0400 | +0.05172 | 1.012764
0 -2454 1227 -81 2 | p=3 | k=2 |   9.00000 |  3.0800 | -0.4600 | -0.30814 | 0.916536
0 -2450 1225 -49 2 | p=7 | k=2 |   7.00000 |  0.0000 | -1.0000 | -2.00000 | 0.000000
0 -2448 1224 -256 2 | p=2 | k=2 |  16.00000 |  5.9200 | -1.0400 | +0.05172 | 1.012764
0 -2448 1224 -64 2 | p=2 | k=2 |   8.00000 |  0.0000 | -3.0000 | -2.00000 | 0.000000
0 -2442 1221 -81 2 | p=3 | k=2 |   9.00000 |  3.0800 | -0.4600 | -0.30814 | 0.916536
0 -2440 1220 -256 2 | p=2 | k=2 |  16.00000 |  7.9200 | -0.0400 | +0.74486 | 1.156983
0 -2440 1220 -64 2 | p=2 | k=2 |   8.00000 |  5.9200 | -0.0400 | +0.05172 | 1.012764
0 -2432 1216 -256 2 | p=2 | k=2 |  16.00000 |  3.9200 | -2.0400 | -0.64143 | 0.809016
0 -2432 1216 -64 2 | p=2 | k=2 |   8.00000 |  3.9200 | -1.0400 | -0.64143 | 0.809016
0 -2430 1215 -81 2 | p=3 | k=2 |   9.00000 |  0.0500 | -2.0100 | -1.93408 | 0.027617
0 -2424 1212 -256 2 | p=2 | k=2 |  16.00000 |  7.9200 | -0.0400 | +0.74486 | 1.156983
0 -2424 1212 -64 2 | p=2 | k=2 |   8.00000 |  5.9200 | -0.0400 | +0.05172 | 1.012764
0 -2422 1211 -49 2 | p=7 | k=2 |   7.00000 |  0.0000 | -1.0000 | -2.00000 | 0.000000
0 -2418 1209 -81 2 | p=3 | k=2 |   9.00000 |  3.0800 | -0.4600 | -0.30814 | 0.916536
0 -2416 1208 -256 2 | p=2 | k=2 |  16.00000 |  5.9200 | -1.0400 | +0.05172 | 1.012764
0 -2416 1208 -64 2 | p=2 | k=2 |   8.00000 |  0.0000 | -3.0000 | -2.00000 | 0.000000
0 -2408 1204 -256 2 | p=2 | k=2 |  16.00000 |  7.9200 | -0.0400 | +0.74486 | 1.156983
0 -2408 1204 -64 2 | p=2 | k=2 |   8.00000 |  5.9200 | -0.0400 | +0.05172 | 1.012764
0 -2406 1203 -81 2 | p=3 | k=2 |   9.00000 |  3.0800 | -0.4600 | -0.30814 | 0.916536
0 -2400 1200 -256 2 | p=2 | k=2 |  16.00000 |  0.0000 | -4.0000 | -2.00000 | 0.000000
0 -2400 1200 -64 2 | p=2 | k=2 |   8.00000 |  3.9200 | -1.0400 | -0.64143 | 0.809016
0 -2394 1197 -81 2 | p=3 | k=2 |   9.00000 |  0.0500 | -1.9900 | -1.95606 | 0.027315
0 -2394 1197 -49 2 | p=7 | k=2 |   7.00000 |  0.0000 | -1.0000 | -2.00000 | 0.000000
0 -2392 1196 -256 2 | p=2 | k=2 |  16.00000 |  7.9200 | -0.0400 | +0.74486 | 1.156983
0 -2392 1196 -64 2 | p=2 | k=2 |   8.00000 |  5.9200 | -0.0400 | +0.05172 | 1.012764
0 -2384 1192 -256 2 | p=2 | k=2 |  16.00000 |  5.9200 | -1.0400 | +0.05172 | 1.012764
0 -2384 1192 -64 2 | p=2 | k=2 |   8.00000 |  0.0000 | -3.0000 | -2.00000 | 0.000000
0 -2382 1191 -81 2 | p=3 | k=2 |   9.00000 |  3.0800 | -0.4600 | -0.30814 | 0.916536
0 -2376 1188 -256 2 | p=2 | k=2 |  16.00000 |  7.9200 | -0.0400 | +0.74486 | 1.156983
0 -2376 1188 -64 2 | p=2 | k=2 |   8.00000 |  5.9200 | -0.0400 | +0.05172 | 1.012764
0 -2370 1185 -81 2 | p=3 | k=2 |   9.00000 |  3.0800 | -0.4600 | -0.30814 | 0.916536
0 -2368 1184 -256 2 | p=2 | k=2 |  16.00000 |  3.9200 | -2.0400 | -0.64143 | 0.809016
0 -2368 1184 -64 2 | p=2 | k=2 |   8.00000 |  3.9200 | -1.0400 | -0.64143 | 0.809016
0 -2366 1183 -49 2 | p=7 | k=2 |   7.00000 |  0.0000 | -1.0000 | -2.00000 | 0.000000
0 -2360 1180 -256 2 | p=2 | k=2 |  16.00000 |  7.9200 | -0.0400 | +0.74486 | 1.156983
0 -2360 1180 -64 2 | p=2 | k=2 |   8.00000 |  5.9200 | -0.0400 | +0.05172 | 1.012764
0 -2358 1179 -81 2 | p=3 | k=2 |   9.00000 |  0.0500 | -1.9900 | -1.95606 | 0.027315
0 -2352 1176 -256 2 | p=2 | k=2 |  16.00000 |  5.9200 | -1.0400 | +0.05172 | 1.012764
0 -2352 1176 -64 2 | p=2 | k=2 |   8.00000 |  0.0000 | -3.0000 | -2.00000 | 0.000000
0 -2346 1173 -81 2 | p=3 | k=2 |   9.00000 |  3.0800 | -0.4600 | -0.30814 | 0.916536
0 -2344 1172 -256 2 | p=2 | k=2 |  16.00000 |  7.9200 | -0.0400 | +0.74486 | 1.156983
0 -2344 1172 -64 2 | p=2 | k=2 |   8.00000 |  5.9200 | -0.0400 | +0.05172 | 1.012764
0 -2338 1169 -49 2 | p=7 | k=2 |   7.00000 |  0.0000 | -1.0000 | -2.00000 | 0.000000
0 -2336 1168 -256 2 | p=2 | k=2 |  16.00000 |  0.0000 | -4.0000 | -2.00000 | 0.000000
0 -2336 1168 -64 2 | p=2 | k=2 |   8.00000 |  3.9200 | -1.0400 | -0.64143 | 0.809016
0 -2334 1167 -81 2 | p=3 | k=2 |   9.00000 |  3.0800 | -0.4600 | -0.30814 | 0.916536
0 -2328 1164 -256 2 | p=2 | k=2 |  16.00000 |  7.9200 | -0.0400 | +0.74486 | 1.156983
0 -2328 1164 -64 2 | p=2 | k=2 |   8.00000 |  5.9200 | -0.0400 | +0.05172 | 1.012764
0 -2322 1161 -81 2 | p=3 | k=2 |   9.00000 |  0.0500 | -1.9900 | -1.95606 | 0.027315
0 -2320 1160 -256 2 | p=2 | k=2 |  16.00000 |  5.9200 | -1.0400 | +0.05172 | 1.012764
0 -2320 1160 -64 2 | p=2 | k=2 |   8.00000 |  0.0000 | -3.0000 | -2.00000 | 0.000000
0 -2312 1156 -256 2 | p=2 | k=2 |  16.00000 |  7.9200 | -0.0400 | +0.74486 | 1.156983
0 -2312 1156 -64 2 | p=2 | k=2 |   8.00000 |  5.9200 | -0.0400 | +0.05172 | 1.012764
0 -2310 1155 -81 2 | p=3 | k=2 |   9.00000 |  3.0800 | -0.4600 | -0.30814 | 0.916536
0 -2310 1155 -49 2 | p=7 | k=2 |   7.00000 |  0.0000 | -1.0000 | -2.00000 | 0.000000
0 -2304 1152 -256 2 | p=2 | k=2 |  16.00000 |  3.9200 | -2.0400 | -0.64143 | 0.809016
0 -2304 1152 -64 2 | p=2 | k=2 |   8.00000 |  3.9200 | -1.0400 | -0.64143 | 0.809016
0 -2298 1149 -81 2 | p=3 | k=2 |   9.00000 |  3.0800 | -0.4600 | -0.30814 | 0.916536
0 -2296 1148 -256 2 | p=2 | k=2 |  16.00000 |  7.9200 | -0.0400 | +0.74486 | 1.156983
0 -2296 1148 -64 2 | p=2 | k=2 |   8.00000 |  5.9200 | -0.0400 | +0.05172 | 1.012764
0 -2288 1144 -256 2 | p=2 | k=2 |  16.00000 |  5.9200 | -1.0400 | +0.05172 | 1.012764
0 -2288 1144 -64 2 | p=2 | k=2 |   8.00000 |  0.0000 | -3.0000 | -2.00000 | 0.000000
0 -2286 1143 -81 2 | p=3 | k=2 |   9.00000 |  0.0500 | -1.9900 | -1.95606 | 0.027315
0 -2282 1141 -49 2 | p=7 | k=2 |   7.00000 |  0.0000 | -1.0000 | -2.00000 | 0.000000
0 -2280 1140 -256 2 | p=2 | k=2 |  16.00000 |  7.9200 | -0.0400 | +0.74486 | 1.156983
0 -2280 1140 -64 2 | p=2 | k=2 |   8.00000 |  5.9200 | -0.0400 | +0.05172 | 1.012764
0 -2274 1137 -81 2 | p=3 | k=2 |   9.00000 |  3.0800 | -0.4600 | -0.30814 | 0.916536
0 -2272 1136 -256 2 | p=2 | k=2 |  16.00000 |  0.0000 | -4.0000 | -2.00000 | 0.000000
0 -2272 1136 -64 2 | p=2 | k=2 |   8.00000 |  3.9200 | -1.0400 | -0.64143 | 0.809016
0 -2264 1132 -256 2 | p=2 | k=2 |  16.00000 |  7.9200 | -0.0400 | +0.74486 | 1.156983
0 -2264 1132 -64 2 | p=2 | k=2 |   8.00000 |  5.9200 | -0.0400 | +0.05172 | 1.012764
0 -2262 1131 -81 2 | p=3 | k=2 |   9.00000 |  3.0800 | -0.4600 | -0.30814 | 0.916536
0 -2256 1128 -256 2 | p=2 | k=2 |  16.00000 |  5.9200 | -1.0400 | +0.05172 | 1.012764
0 -2256 1128 -64 2 | p=2 | k=2 |   8.00000 |  0.0000 | -3.0000 | -2.00000 | 0.000000
0 -2254 1127 -49 2 | p=7 | k=2 |   7.00000 |  0.0000 | -1.0000 | -2.00000 | 0.000000
0 -2250 1125 -81 2 | p=3 | k=2 |   9.00000 |  0.0500 | -2.0000 | -1.94507 | 0.027465
0 -2248 1124 -256 2 | p=2 | k=2 |  16.00000 |  7.9200 | -0.0400 | +0.74486 | 1.156983
0 -2248 1124 -64 2 | p=2 | k=2 |   8.00000 |  5.9200 | -0.0400 | +0.05172 | 1.012764
0 -2240 1120 -256 2 | p=2 | k=2 |  16.00000 |  3.9200 | -2.0400 | -0.64143 | 0.809016
0 -2240 1120 -64 2 | p=2 | k=2 |   8.00000 |  3.9200 | -1.0400 | -0.64143 | 0.809016
0 -2238 1119 -81 2 | p=3 | k=2 |   9.00000 |  3.0800 | -0.4600 | -0.30814 | 0.916536
0 -2232 1116 -256 2 | p=2 | k=2 |  16.00000 |  7.9200 | -0.0400 | +0.74486 | 1.156983
0 -2232 1116 -64 2 | p=2 | k=2 |   8.00000 |  5.9200 | -0.0400 | +0.05172 | 1.012764
0 -2226 1113 -81 2 | p=3 | k=2 |   9.00000 |  3.0800 | -0.4600 | -0.30814 | 0.916536
0 -2226 1113 -49 2 | p=7 | k=2 |   7.00000 |  0.0000 | -1.0000 | -2.00000 | 0.000000
0 -2224 1112 -256 2 | p=2 | k=2 |  16.00000 |  5.9200 | -1.0400 | +0.05172 | 1.012764
0 -2224 1112 -64 2 | p=2 | k=2 |   8.00000 |  0.0000 | -3.0000 | -2.00000 | 0.000000
0 -2216 1108 -256 2 | p=2 | k=2 |  16.00000 |  7.9200 | -0.0400 | +0.74486 | 1.156983
0 -2216 1108 -64 2 | p=2 | k=2 |   8.00000 |  5.9200 | -0.0400 | +0.05172 | 1.012764
0 -2214 1107 -81 2 | p=3 | k=2 |   9.00000 |  0.0500 | -2.0000 | -1.94507 | 0.027465
0 -2208 1104 -256 2 | p=2 | k=2 |  16.00000 |  0.0000 | -4.0000 | -2.00000 | 0.000000
0 -2208 1104 -64 2 | p=2 | k=2 |   8.00000 |  3.9200 | -1.0400 | -0.64143 | 0.809016
0 -2202 1101 -81 2 | p=3 | k=2 |   9.00000 |  3.0800 | -0.4600 | -0.30814 | 0.916536
0 -2200 1100 -256 2 | p=2 | k=2 |  16.00000 |  7.9200 | -0.0400 | +0.74486 | 1.156983
0 -2200 1100 -64 2 | p=2 | k=2 |   8.00000 |  5.9200 | -0.0400 | +0.05172 | 1.012764
0 -2198 1099 -49 2 | p=7 | k=2 |   7.00000 |  0.0000 | -1.0000 | -2.00000 | 0.000000
0 -2192 1096 -256 2 | p=2 | k=2 |  16.00000 |  5.9200 | -1.0400 | +0.05172 | 1.012764
0 -2192 1096 -64 2 | p=2 | k=2 |   8.00000 |  0.0000 | -3.0000 | -2.00000 | 0.000000
0 -2190 1095 -81 2 | p=3 | k=2 |   9.00000 |  3.0800 | -0.4600 | -0.30814 | 0.916536
0 -2184 1092 -256 2 | p=2 | k=2 |  16.00000 |  7.9200 | -0.0400 | +0.74486 | 1.156983
0 -2184 1092 -64 2 | p=2 | k=2 |   8.00000 |  5.9200 | -0.0400 | +0.05172 | 1.012764
0 -2178 1089 -81 2 | p=3 | k=2 |   9.00000 |  0.0500 | -2.0000 | -1.94507 | 0.027465
0 -2176 1088 -256 2 | p=2 | k=2 |  16.00000 |  3.9200 | -2.0400 | -0.64143 | 0.809016
0 -2176 1088 -64 2 | p=2 | k=2 |   8.00000 |  3.9200 | -1.0400 | -0.64143 | 0.809016
0 -2170 1085 -49 2 | p=7 | k=2 |   7.00000 |  0.0000 | -1.0000 | -2.00000 | 0.000000
0 -2168 1084 -256 2 | p=2 | k=2 |  16.00000 |  7.9200 | -0.0400 | +0.74486 | 1.156983
0 -2168 1084 -64 2 | p=2 | k=2 |   8.00000 |  5.9200 | -0.0400 | +0.05172 | 1.012764
0 -2166 1083 -81 2 | p=3 | k=2 |   9.00000 |  3.0800 | -0.4600 | -0.30814 | 0.916536
0 -2160 1080 -256 2 | p=2 | k=2 |  16.00000 |  5.9200 | -1.0400 | +0.05172 | 1.012764
0 -2160 1080 -64 2 | p=2 | k=2 |   8.00000 |  0.0000 | -3.0000 | -2.00000 | 0.000000
0 -2154 1077 -81 2 | p=3 | k=2 |   9.00000 |  3.0800 | -0.4600 | -0.30814 | 0.916536
0 -2152 1076 -256 2 | p=2 | k=2 |  16.00000 |  7.9200 | -0.0400 | +0.74486 | 1.156983
0 -2152 1076 -64 2 | p=2 | k=2 |   8.00000 |  5.9200 | -0.0400 | +0.05172 | 1.012764
0 -2144 1072 -256 2 | p=2 | k=2 |  16.00000 |  0.0000 | -4.0000 | -2.00000 | 0.000000
0 -2144 1072 -64 2 | p=2 | k=2 |   8.00000 |  3.9200 | -1.0400 | -0.64143 | 0.809016
0 -2142 1071 -81 2 | p=3 | k=2 |   9.00000 |  0.0500 | -2.0000 | -1.94507 | 0.027465
0 -2142 1071 -49 2 | p=7 | k=2 |   7.00000 |  0.0000 | -1.0000 | -2.00000 | 0.000000
0 -2136 1068 -256 2 | p=2 | k=2 |  16.00000 |  7.9200 | -0.0400 | +0.74486 | 1.156983
0 -2136 1068 -64 2 | p=2 | k=2 |   8.00000 |  5.9200 | -0.0400 | +0.05172 | 1.012764
0 -2130 1065 -81 2 | p=3 | k=2 |   9.00000 |  3.0800 | -0.4600 | -0.30814 | 0.916536
0 -2128 1064 -256 2 | p=2 | k=2 |  16.00000 |  5.9200 | -1.0400 | +0.05172 | 1.012764
0 -2128 1064 -64 2 | p=2 | k=2 |   8.00000 |  0.0000 | -3.0000 | -2.00000 | 0.000000
0 -2120 1060 -256 2 | p=2 | k=2 |  16.00000 |  7.9200 | -0.0400 | +0.74486 | 1.156983
0 -2120 1060 -64 2 | p=2 | k=2 |   8.00000 |  5.9200 | -0.0400 | +0.05172 | 1.012764
0 -2118 1059 -81 2 | p=3 | k=2 |   9.00000 |  3.0800 | -0.4600 | -0.30814 | 0.916536
0 -2114 1057 -49 2 | p=7 | k=2 |   7.00000 |  0.0000 | -1.0000 | -2.00000 | 0.000000
0 -2112 1056 -256 2 | p=2 | k=2 |  16.00000 |  3.9200 | -2.0400 | -0.64143 | 0.809016
0 -2112 1056 -64 2 | p=2 | k=2 |   8.00000 |  3.9200 | -1.0400 | -0.64143 | 0.809016
0 -2106 1053 -81 2 | p=3 | k=2 |   9.00000 |  0.0500 | -2.0100 | -1.93408 | 0.027617
0 -2104 1052 -256 2 | p=2 | k=2 |  16.00000 |  7.9200 | -0.0400 | +0.74486 | 1.156983
0 -2104 1052 -64 2 | p=2 | k=2 |   8.00000 |  5.9200 | -0.0400 | +0.05172 | 1.012764
0 -2096 1048 -256 2 | p=2 | k=2 |  16.00000 |  5.9200 | -1.0400 | +0.05172 | 1.012764
0 -2096 1048 -64 2 | p=2 | k=2 |   8.00000 |  0.0000 | -3.0000 | -2.00000 | 0.000000
0 -2094 1047 -81 2 | p=3 | k=2 |   9.00000 |  3.0800 | -0.4600 | -0.30814 | 0.916536
0 -2088 1044 -256 2 | p=2 | k=2 |  16.00000 |  7.9200 | -0.0400 | +0.74486 | 1.156983
0 -2088 1044 -64 2 | p=2 | k=2 |   8.00000 |  5.9200 | -0.0400 | +0.05172 | 1.012764
0 -2086 1043 -49 2 | p=7 | k=2 |   7.00000 |  0.0000 | -1.0000 | -2.00000 | 0.000000
0 -2082 1041 -81 2 | p=3 | k=2 |   9.00000 |  3.0800 | -0.4600 | -0.30814 | 0.916536
0 -2080 1040 -256 2 | p=2 | k=2 |  16.00000 |  0.0000 | -4.0000 | -2.00000 | 0.000000
0 -2080 1040 -64 2 | p=2 | k=2 |   8.00000 |  3.9200 | -1.0400 | -0.64143 | 0.809016
0 -2072 1036 -256 2 | p=2 | k=2 |  16.00000 |  7.9200 | -0.0400 | +0.74486 | 1.156983
0 -2072 1036 -64 2 | p=2 | k=2 |   8.00000 |  5.9200 | -0.0400 | +0.05172 | 1.012764
0 -2070 1035 -81 2 | p=3 | k=2 |   9.00000 |  0.0500 | -2.0000 | -1.94507 | 0.027465
0 -2064 1032 -256 2 | p=2 | k=2 |  16.00000 |  5.9200 | -1.0400 | +0.05172 | 1.012764
0 -2064 1032 -64 2 | p=2 | k=2 |   8.00000 |  0.0000 | -3.0000 | -2.00000 | 0.000000
0 -2058 1029 -81 2 | p=3 | k=2 |   9.00000 |  3.0800 | -0.4600 | -0.30814 | 0.916536
0 -2058 1029 -49 2 | p=7 | k=2 |   7.00000 |  0.0000 | -1.0000 | -2.00000 | 0.000000
0 -2056 1028 -256 2 | p=2 | k=2 |  16.00000 |  7.9200 | -0.0400 | +0.74486 | 1.156983
0 -2056 1028 -64 2 | p=2 | k=2 |   8.00000 |  5.9200 | -0.0400 | +0.05172 | 1.012764
0 -2048 1024 -256 2 | p=2 | k=2 |  16.00000 |  3.9200 | -2.0400 | -0.64143 | 0.809016
0 -2048 1024 -64 2 | p=2 | k=2 |   8.00000 |  3.9200 | -1.0400 | -0.64143 | 0.809016
0 -2046 1023 -81 2 | p=3 | k=2 |   9.00000 |  3.0800 | -0.4600 | -0.30814 | 0.916536
0 -2040 1020 -256 2 | p=2 | k=2 |  16.00000 |  7.9200 | -0.0400 | +0.74486 | 1.156983
0 -2040 1020 -64 2 | p=2 | k=2 |   8.00000 |  5.9200 | -0.0400 | +0.05172 | 1.012764
0 -2034 1017 -81 2 | p=3 | k=2 |   9.00000 |  0.0500 | -2.0000 | -1.94507 | 0.027465
0 -2032 1016 -256 2 | p=2 | k=2 |  16.00000 |  5.9200 | -1.0400 | +0.05172 | 1.012764
0 -2032 1016 -64 2 | p=2 | k=2 |   8.00000 |  0.0000 | -3.0000 | -2.00000 | 0.000000
0 -2030 1015 -49 2 | p=7 | k=2 |   7.00000 |  0.0000 | -1.0000 | -2.00000 | 0.000000
0 -2024 1012 -256 2 | p=2 | k=2 |  16.00000 |  7.9200 | -0.0400 | +0.74486 | 1.156983
0 -2024 1012 -64 2 | p=2 | k=2 |   8.00000 |  5.9200 | -0.0400 | +0.05172 | 1.012764
0 -2022 1011 -81 2 | p=3 | k=2 |   9.00000 |  3.0800 | -0.4600 | -0.30814 | 0.916536
0 -2016 1008 -256 2 | p=2 | k=2 |  16.00000 |  0.0000 | -4.0000 | -2.00000 | 0.000000
0 -2016 1008 -64 2 | p=2 | k=2 |   8.00000 |  3.9200 | -1.0400 | -0.64143 | 0.809016
0 -2010 1005 -81 2 | p=3 | k=2 |   9.00000 |  3.0800 | -0.4600 | -0.30814 | 0.916536
0 -2008 1004 -256 2 | p=2 | k=2 |  16.00000 |  7.9200 | -0.0400 | +0.74486 | 1.156983
0 -2008 1004 -64 2 | p=2 | k=2 |   8.00000 |  5.9200 | -0.0400 | +0.05172 | 1.012764
0 -2002 1001 -49 2 | p=7 | k=2 |   7.00000 |  0.0000 | -1.0000 | -2.00000 | 0.000000
0 -2000 1000 -256 2 | p=2 | k=2 |  16.00000 |  5.9200 | -1.0400 | +0.05172 | 1.012764
0 -2000 1000 -64 2 | p=2 | k=2 |   8.00000 |  0.0000 | -3.0000 | -2.00000 | 0.000000
0 -1998 999 -81 2 | p=3 | k=2 |   9.00000 |  0.0500 | -2.0000 | -1.94507 | 0.027465
0 -1992 996 -256 2 | p=2 | k=2 |  16.00000 |  7.9200 | -0.0400 | +0.74486 | 1.156983
0 -1992 996 -64 2 | p=2 | k=2 |   8.00000 |  5.9200 | -0.0400 | +0.05172 | 1.012764
0 -1986 993 -81 2 | p=3 | k=2 |   9.00000 |  3.0800 | -0.4600 | -0.30814 | 0.916536
0 -1984 992 -256 2 | p=2 | k=2 |  16.00000 |  3.9200 | -2.0400 | -0.64143 | 0.809016
0 -1984 992 -64 2 | p=2 | k=2 |   8.00000 |  3.9200 | -1.0400 | -0.64143 | 0.809016
0 -1976 988 -256 2 | p=2 | k=2 |  16.00000 |  7.9200 | -0.0400 | +0.74486 | 1.156983
0 -1976 988 -64 2 | p=2 | k=2 |   8.00000 |  5.9200 | -0.0400 | +0.05172 | 1.012764
0 -1974 987 -81 2 | p=3 | k=2 |   9.00000 |  3.0800 | -0.4600 | -0.30814 | 0.916536
0 -1974 987 -49 2 | p=7 | k=2 |   7.00000 |  0.0000 | -1.0000 | -2.00000 | 0.000000
0 -1968 984 -256 2 | p=2 | k=2 |  16.00000 |  5.9200 | -1.0400 | +0.05172 | 1.012764
0 -1968 984 -64 2 | p=2 | k=2 |   8.00000 |  0.0000 | -3.0000 | -2.00000 | 0.000000
0 -1962 981 -81 2 | p=3 | k=2 |   9.00000 |  0.0500 | -2.0000 | -1.94507 | 0.027465
0 -1960 980 -256 2 | p=2 | k=2 |  16.00000 |  7.9200 | -0.0400 | +0.74486 | 1.156983
0 -1960 980 -64 2 | p=2 | k=2 |   8.00000 |  5.9200 | -0.0400 | +0.05172 | 1.012764
0 -1952 976 -256 2 | p=2 | k=2 |  16.00000 |  0.0000 | -4.0000 | -2.00000 | 0.000000
0 -1952 976 -64 2 | p=2 | k=2 |   8.00000 |  3.9200 | -1.0400 | -0.64143 | 0.809016
0 -1950 975 -81 2 | p=3 | k=2 |   9.00000 |  3.0800 | -0.4600 | -0.30814 | 0.916536
0 -1946 973 -49 2 | p=7 | k=2 |   7.00000 |  0.0000 | -1.0000 | -2.00000 | 0.000000
0 -1944 972 -256 2 | p=2 | k=2 |  16.00000 |  7.9200 | -0.0400 | +0.74486 | 1.156983
0 -1944 972 -64 2 | p=2 | k=2 |   8.00000 |  5.9200 | -0.0400 | +0.05172 | 1.012764
0 -1938 969 -81 2 | p=3 | k=2 |   9.00000 |  3.0800 | -0.4600 | -0.30814 | 0.916536
0 -1936 968 -256 2 | p=2 | k=2 |  16.00000 |  5.9200 | -1.0400 | +0.05172 | 1.012764
0 -1936 968 -64 2 | p=2 | k=2 |   8.00000 |  0.0000 | -3.0000 | -2.00000 | 0.000000
0 -1928 964 -256 2 | p=2 | k=2 |  16.00000 |  7.9200 | -0.0400 | +0.74486 | 1.156983
0 -1928 964 -64 2 | p=2 | k=2 |   8.00000 |  5.9200 | -0.0400 | +0.05172 | 1.012764
0 -1926 963 -81 2 | p=3 | k=2 |   9.00000 |  0.0600 | -2.0000 | -1.93408 | 0.032958
0 -1920 960 -256 2 | p=2 | k=2 |  16.00000 |  3.9200 | -2.0400 | -0.64143 | 0.809016
0 -1920 960 -64 2 | p=2 | k=2 |   8.00000 |  3.9200 | -1.0400 | -0.64143 | 0.809016
0 -1918 959 -49 2 | p=7 | k=2 |   7.00000 |  0.0000 | -1.0000 | -2.00000 | 0.000000
0 -1914 957 -81 2 | p=3 | k=2 |   9.00000 |  3.0800 | -0.4600 | -0.30814 | 0.916536
0 -1912 956 -256 2 | p=2 | k=2 |  16.00000 |  7.9200 | -0.0400 | +0.74486 | 1.156983
0 -1912 956 -64 2 | p=2 | k=2 |   8.00000 |  5.9200 | -0.0400 | +0.05172 | 1.012764
0 -1904 952 -256 2 | p=2 | k=2 |  16.00000 |  5.9200 | -1.0400 | +0.05172 | 1.012764
0 -1904 952 -64 2 | p=2 | k=2 |   8.00000 |  0.0000 | -3.0000 | -2.00000 | 0.000000
0 -1902 951 -81 2 | p=3 | k=2 |   9.00000 |  3.0800 | -0.4600 | -0.30814 | 0.916536
0 -1896 948 -256 2 | p=2 | k=2 |  16.00000 |  7.9200 | -0.0400 | +0.74486 | 1.156983
0 -1896 948 -64 2 | p=2 | k=2 |   8.00000 |  5.9200 | -0.0400 | +0.05172 | 1.012764
0 -1890 945 -81 2 | p=3 | k=2 |   9.00000 |  0.0600 | -2.0000 | -1.93408 | 0.032958
0 -1890 945 -49 2 | p=7 | k=2 |   7.00000 |  0.0000 | -1.0000 | -2.00000 | 0.000000
0 -1888 944 -256 2 | p=2 | k=2 |  16.00000 |  0.0000 | -4.0000 | -2.00000 | 0.000000
0 -1888 944 -64 2 | p=2 | k=2 |   8.00000 |  3.9200 | -1.0400 | -0.64143 | 0.809016
0 -1880 940 -256 2 | p=2 | k=2 |  16.00000 |  7.9200 | -0.0400 | +0.74486 | 1.156983
0 -1880 940 -64 2 | p=2 | k=2 |   8.00000 |  5.9200 | -0.0400 | +0.05172 | 1.012764
0 -1878 939 -81 2 | p=3 | k=2 |   9.00000 |  3.0800 | -0.4600 | -0.30814 | 0.916536
0 -1872 936 -256 2 | p=2 | k=2 |  16.00000 |  5.9200 | -1.0400 | +0.05172 | 1.012764
0 -1872 936 -64 2 | p=2 | k=2 |   8.00000 |  0.0000 | -3.0000 | -2.00000 | 0.000000
0 -1866 933 -81 2 | p=3 | k=2 |   9.00000 |  3.0800 | -0.4600 | -0.30814 | 0.916536
0 -1864 932 -256 2 | p=2 | k=2 |  16.00000 |  7.9200 | -0.0400 | +0.74486 | 1.156983
0 -1864 932 -64 2 | p=2 | k=2 |   8.00000 |  5.9200 | -0.0400 | +0.05172 | 1.012764
0 -1862 931 -49 2 | p=7 | k=2 |   7.00000 |  0.0000 | -1.0000 | -2.00000 | 0.000000
0 -1856 928 -256 2 | p=2 | k=2 |  16.00000 |  3.9200 | -2.0400 | -0.64143 | 0.809016
0 -1856 928 -64 2 | p=2 | k=2 |   8.00000 |  3.9200 | -1.0400 | -0.64143 | 0.809016
0 -1854 927 -81 2 | p=3 | k=2 |   9.00000 |  0.0600 | -2.0000 | -1.93408 | 0.032958
0 -1848 924 -256 2 | p=2 | k=2 |  16.00000 |  7.9200 | -0.0400 | +0.74486 | 1.156983
0 -1848 924 -64 2 | p=2 | k=2 |   8.00000 |  5.9200 | -0.0400 | +0.05172 | 1.012764
0 -1842 921 -81 2 | p=3 | k=2 |   9.00000 |  3.0800 | -0.4600 | -0.30814 | 0.916536
0 -1840 920 -256 2 | p=2 | k=2 |  16.00000 |  5.9200 | -1.0400 | +0.05172 | 1.012764
0 -1840 920 -64 2 | p=2 | k=2 |   8.00000 |  0.0000 | -3.0000 | -2.00000 | 0.000000
0 -1834 917 -49 2 | p=7 | k=2 |   7.00000 |  0.0000 | -1.0000 | -2.00000 | 0.000000
0 -1832 916 -256 2 | p=2 | k=2 |  16.00000 |  7.9200 | -0.0400 | +0.74486 | 1.156983
0 -1832 916 -64 2 | p=2 | k=2 |   8.00000 |  5.9200 | -0.0400 | +0.05172 | 1.012764
0 -1830 915 -81 2 | p=3 | k=2 |   9.00000 |  3.0800 | -0.4600 | -0.30814 | 0.916536
0 -1824 912 -256 2 | p=2 | k=2 |  16.00000 |  0.0000 | -4.0000 | -2.00000 | 0.000000
0 -1824 912 -64 2 | p=2 | k=2 |   8.00000 |  3.9200 | -1.0400 | -0.64143 | 0.809016
0 -1818 909 -81 2 | p=3 | k=2 |   9.00000 |  0.0600 | -2.0000 | -1.93408 | 0.032958
0 -1816 908 -256 2 | p=2 | k=2 |  16.00000 |  7.9200 | -0.0400 | +0.74486 | 1.156983
0 -1816 908 -64 2 | p=2 | k=2 |   8.00000 |  5.9200 | -0.0400 | +0.05172 | 1.012764
0 -1808 904 -256 2 | p=2 | k=2 |  16.00000 |  5.9200 | -1.0400 | +0.05172 | 1.012764
0 -1808 904 -64 2 | p=2 | k=2 |   8.00000 |  0.0000 | -3.0000 | -2.00000 | 0.000000
0 -1806 903 -81 2 | p=3 | k=2 |   9.00000 |  3.0800 | -0.4600 | -0.30814 | 0.916536
0 -1806 903 -49 2 | p=7 | k=2 |   7.00000 |  0.0000 | -1.0000 | -2.00000 | 0.000000
0 -1800 900 -256 2 | p=2 | k=2 |  16.00000 |  7.9200 | -0.0400 | +0.74486 | 1.156983
0 -1800 900 -64 2 | p=2 | k=2 |   8.00000 |  5.9200 | -0.0400 | +0.05172 | 1.012764
0 -1794 897 -81 2 | p=3 | k=2 |   9.00000 |  3.0800 | -0.4600 | -0.30814 | 0.916536
0 -1792 896 -256 2 | p=2 | k=2 |  16.00000 |  3.9200 | -2.0400 | -0.64143 | 0.809016
0 -1792 896 -64 2 | p=2 | k=2 |   8.00000 |  3.9200 | -1.0400 | -0.64143 | 0.809016
0 -1784 892 -256 2 | p=2 | k=2 |  16.00000 |  7.9200 | -0.0400 | +0.74486 | 1.156983
0 -1784 892 -64 2 | p=2 | k=2 |   8.00000 |  5.9200 | -0.0400 | +0.05172 | 1.012764
0 -1782 891 -81 2 | p=3 | k=2 |   9.00000 |  0.0600 | -2.0100 | -1.92310 | 0.033140
0 -1778 889 -49 2 | p=7 | k=2 |   7.00000 |  0.0000 | -1.0000 | -2.00000 | 0.000000
0 -1776 888 -256 2 | p=2 | k=2 |  16.00000 |  5.9200 | -1.0400 | +0.05172 | 1.012764
0 -1776 888 -64 2 | p=2 | k=2 |   8.00000 |  0.0000 | -3.0000 | -2.00000 | 0.000000
0 -1770 885 -81 2 | p=3 | k=2 |   9.00000 |  3.0800 | -0.4600 | -0.30814 | 0.916536
0 -1768 884 -256 2 | p=2 | k=2 |  16.00000 |  7.9200 | -0.0400 | +0.74486 | 1.156983
0 -1768 884 -64 2 | p=2 | k=2 |   8.00000 |  5.9200 | -0.0400 | +0.05172 | 1.012764
0 -1760 880 -256 2 | p=2 | k=2 |  16.00000 |  0.0000 | -4.0000 | -2.00000 | 0.000000
0 -1760 880 -64 2 | p=2 | k=2 |   8.00000 |  3.9200 | -1.0400 | -0.64143 | 0.809016
0 -1758 879 -81 2 | p=3 | k=2 |   9.00000 |  3.0800 | -0.4600 | -0.30814 | 0.916536
0 -1752 876 -256 2 | p=2 | k=2 |  16.00000 |  7.9200 | -0.0400 | +0.74486 | 1.156983
0 -1752 876 -64 2 | p=2 | k=2 |   8.00000 |  5.9200 | -0.0400 | +0.05172 | 1.012764
0 -1750 875 -49 2 | p=7 | k=2 |   7.00000 |  0.0000 | -1.0000 | -2.00000 | 0.000000
0 -1746 873 -81 2 | p=3 | k=2 |   9.00000 |  0.0600 | -2.0000 | -1.93408 | 0.032958
0 -1744 872 -256 2 | p=2 | k=2 |  16.00000 |  5.9200 | -1.0400 | +0.05172 | 1.012764
0 -1744 872 -64 2 | p=2 | k=2 |   8.00000 |  0.0000 | -3.0000 | -2.00000 | 0.000000
0 -1736 868 -256 2 | p=2 | k=2 |  16.00000 |  7.9200 | -0.0400 | +0.74486 | 1.156983
0 -1736 868 -64 2 | p=2 | k=2 |   8.00000 |  5.9200 | -0.0400 | +0.05172 | 1.012764
0 -1734 867 -81 2 | p=3 | k=2 |   9.00000 |  3.0800 | -0.4600 | -0.30814 | 0.916536
0 -1728 864 -256 2 | p=2 | k=2 |  16.00000 |  3.9200 | -2.0400 | -0.64143 | 0.809016
0 -1728 864 -64 2 | p=2 | k=2 |   8.00000 |  3.9200 | -1.0400 | -0.64143 | 0.809016
0 -1722 861 -81 2 | p=3 | k=2 |   9.00000 |  3.0800 | -0.4600 | -0.30814 | 0.916536
0 -1722 861 -49 2 | p=7 | k=2 |   7.00000 |  0.0000 | -1.0000 | -2.00000 | 0.000000
0 -1720 860 -256 2 | p=2 | k=2 |  16.00000 |  7.9200 | -0.0400 | +0.74486 | 1.156983
0 -1720 860 -64 2 | p=2 | k=2 |   8.00000 |  5.9200 | -0.0400 | +0.05172 | 1.012764
0 -1712 856 -256 2 | p=2 | k=2 |  16.00000 |  5.9200 | -1.0400 | +0.05172 | 1.012764
0 -1712 856 -64 2 | p=2 | k=2 |   8.00000 |  0.0000 | -3.0000 | -2.00000 | 0.000000
0 -1710 855 -81 2 | p=3 | k=2 |   9.00000 |  0.0600 | -2.0000 | -1.93408 | 0.032958
0 -1704 852 -256 2 | p=2 | k=2 |  16.00000 |  7.9200 | -0.0400 | +0.74486 | 1.156983
0 -1704 852 -64 2 | p=2 | k=2 |   8.00000 |  5.9200 | -0.0400 | +0.05172 | 1.012764
0 -1698 849 -81 2 | p=3 | k=2 |   9.00000 |  3.0800 | -0.4600 | -0.30814 | 0.916536
0 -1696 848 -256 2 | p=2 | k=2 |  16.00000 |  0.0000 | -4.0000 | -2.00000 | 0.000000
0 -1696 848 -64 2 | p=2 | k=2 |   8.00000 |  3.9200 | -1.0400 | -0.64143 | 0.809016
0 -1694 847 -49 2 | p=7 | k=2 |   7.00000 |  0.0000 | -1.0000 | -2.00000 | 0.000000
0 -1688 844 -256 2 | p=2 | k=2 |  16.00000 |  7.9200 | -0.0400 | +0.74486 | 1.156983
0 -1688 844 -64 2 | p=2 | k=2 |   8.00000 |  5.9200 | -0.0400 | +0.05172 | 1.012764
0 -1686 843 -81 2 | p=3 | k=2 |   9.00000 |  3.0800 | -0.4600 | -0.30814 | 0.916536
0 -1680 840 -256 2 | p=2 | k=2 |  16.00000 |  5.9200 | -1.0400 | +0.05172 | 1.012764
0 -1680 840 -64 2 | p=2 | k=2 |   8.00000 |  0.0000 | -3.0000 | -2.00000 | 0.000000
0 -1674 837 -81 2 | p=3 | k=2 |   9.00000 |  0.0600 | -2.0000 | -1.93408 | 0.032958
0 -1672 836 -256 2 | p=2 | k=2 |  16.00000 |  7.9200 | -0.0400 | +0.74486 | 1.156983
0 -1672 836 -64 2 | p=2 | k=2 |   8.00000 |  5.9200 | -0.0400 | +0.05172 | 1.012764
0 -1666 833 -49 2 | p=7 | k=2 |   7.00000 |  0.0000 | -1.0000 | -2.00000 | 0.000000
0 -1664 832 -256 2 | p=2 | k=2 |  16.00000 |  3.9200 | -2.0400 | -0.64143 | 0.809016
0 -1664 832 -64 2 | p=2 | k=2 |   8.00000 |  3.9200 | -1.0400 | -0.64143 | 0.809016
0 -1662 831 -81 2 | p=3 | k=2 |   9.00000 |  3.0800 | -0.4600 | -0.30814 | 0.916536
0 -1656 828 -256 2 | p=2 | k=2 |  16.00000 |  7.9200 | -0.0400 | +0.74486 | 1.156983
0 -1656 828 -64 2 | p=2 | k=2 |   8.00000 |  5.9200 | -0.0400 | +0.05172 | 1.012764
0 -1650 825 -81 2 | p=3 | k=2 |   9.00000 |  3.0800 | -0.4600 | -0.30814 | 0.916536
0 -1648 824 -256 2 | p=2 | k=2 |  16.00000 |  5.9200 | -1.0400 | +0.05172 | 1.012764
0 -1648 824 -64 2 | p=2 | k=2 |   8.00000 |  0.0000 | -3.0000 | -2.00000 | 0.000000
0 -1640 820 -256 2 | p=2 | k=2 |  16.00000 |  7.9200 | -0.0400 | +0.74486 | 1.156983
0 -1640 820 -64 2 | p=2 | k=2 |   8.00000 |  5.9200 | -0.0400 | +0.05172 | 1.012764
0 -1638 819 -81 2 | p=3 | k=2 |   9.00000 |  0.0600 | -2.0000 | -1.93408 | 0.032958
0 -1638 819 -49 2 | p=7 | k=2 |   7.00000 |  0.0000 | -1.0000 | -2.00000 | 0.000000
0 -1632 816 -256 2 | p=2 | k=2 |  16.00000 |  0.0000 | -4.0000 | -2.00000 | 0.000000
0 -1632 816 -64 2 | p=2 | k=2 |   8.00000 |  3.9200 | -1.0400 | -0.64143 | 0.809016
0 -1626 813 -81 2 | p=3 | k=2 |   9.00000 |  3.0800 | -0.4600 | -0.30814 | 0.916536
0 -1624 812 -256 2 | p=2 | k=2 |  16.00000 |  7.9200 | -0.0400 | +0.74486 | 1.156983
0 -1624 812 -64 2 | p=2 | k=2 |   8.00000 |  5.9200 | -0.0400 | +0.05172 | 1.012764
0 -1616 808 -256 2 | p=2 | k=2 |  16.00000 |  5.9200 | -1.0400 | +0.05172 | 1.012764
0 -1616 808 -64 2 | p=2 | k=2 |   8.00000 |  0.0000 | -3.0000 | -2.00000 | 0.000000
0 -1614 807 -81 2 | p=3 | k=2 |   9.00000 |  3.0800 | -0.4600 | -0.30814 | 0.916536
0 -1610 805 -49 2 | p=7 | k=2 |   7.00000 |  0.0000 | -1.0000 | -2.00000 | 0.000000
0 -1608 804 -256 2 | p=2 | k=2 |  16.00000 |  7.9200 | -0.0400 | +0.74486 | 1.156983
0 -1608 804 -64 2 | p=2 | k=2 |   8.00000 |  5.9200 | -0.0400 | +0.05172 | 1.012764
0 -1602 801 -81 2 | p=3 | k=2 |   9.00000 |  0.0600 | -1.9900 | -1.94507 | 0.032778
0 -1600 800 -256 2 | p=2 | k=2 |  16.00000 |  3.9200 | -2.0400 | -0.64143 | 0.809016
0 -1600 800 -64 2 | p=2 | k=2 |   8.00000 |  3.9200 | -1.0400 | -0.64143 | 0.809016
0 -1592 796 -256 2 | p=2 | k=2 |  16.00000 |  7.9200 | -0.0400 | +0.74486 | 1.156983
0 -1592 796 -64 2 | p=2 | k=2 |   8.00000 |  5.9200 | -0.0400 | +0.05172 | 1.012764
0 -1590 795 -81 2 | p=3 | k=2 |   9.00000 |  3.0800 | -0.4600 | -0.30814 | 0.916536
0 -1584 792 -256 2 | p=2 | k=2 |  16.00000 |  5.9200 | -1.0400 | +0.05172 | 1.012764
0 -1584 792 -64 2 | p=2 | k=2 |   8.00000 |  0.0000 | -3.0000 | -2.00000 | 0.000000
0 -1582 791 -49 2 | p=7 | k=2 |   7.00000 |  0.0000 | -1.0000 | -2.00000 | 0.000000
0 -1578 789 -81 2 | p=3 | k=2 |   9.00000 |  3.0800 | -0.4600 | -0.30814 | 0.916536
0 -1576 788 -256 2 | p=2 | k=2 |  16.00000 |  7.9200 | -0.0400 | +0.74486 | 1.156983
0 -1576 788 -64 2 | p=2 | k=2 |   8.00000 |  5.9200 | -0.0400 | +0.05172 | 1.012764
0 -1568 784 -256 2 | p=2 | k=2 |  16.00000 |  0.0000 | -4.0000 | -2.00000 | 0.000000
0 -1568 784 -64 2 | p=2 | k=2 |   8.00000 |  3.9200 | -1.0400 | -0.64143 | 0.809016
0 -1566 783 -81 2 | p=3 | k=2 |   9.00000 |  0.0600 | -1.9500 | -1.98901 | 0.032077
0 -1560 780 -256 2 | p=2 | k=2 |  16.00000 |  7.9200 | -0.0400 | +0.74486 | 1.156983
0 -1560 780 -64 2 | p=2 | k=2 |   8.00000 |  5.9200 | -0.0400 | +0.05172 | 1.012764
0 -1554 777 -81 2 | p=3 | k=2 |   9.00000 |  3.0800 | -0.4600 | -0.30814 | 0.916536
0 -1554 777 -49 2 | p=7 | k=2 |   7.00000 |  0.0000 | -1.0000 | -2.00000 | 0.000000
0 -1552 776 -256 2 | p=2 | k=2 |  16.00000 |  5.9200 | -1.0400 | +0.05172 | 1.012764
0 -1552 776 -64 2 | p=2 | k=2 |   8.00000 |  0.0000 | -3.0000 | -2.00000 | 0.000000
0 -1544 772 -256 2 | p=2 | k=2 |  16.00000 |  7.9200 | -0.0400 | +0.74486 | 1.156983
0 -1544 772 -64 2 | p=2 | k=2 |   8.00000 |  5.9200 | -0.0400 | +0.05172 | 1.012764
0 -1542 771 -81 2 | p=3 | k=2 |   9.00000 |  3.0800 | -0.4600 | -0.30814 | 0.916536
0 -1536 768 -256 2 | p=2 | k=2 |  16.00000 |  3.9200 | -2.0400 | -0.64143 | 0.809016
0 -1536 768 -64 2 | p=2 | k=2 |   8.00000 |  3.9200 | -1.0400 | -0.64143 | 0.809016
0 -1530 765 -81 2 | p=3 | k=2 |   9.00000 |  0.0600 | -1.9800 | -1.95606 | 0.032600
0 -1528 764 -256 2 | p=2 | k=2 |  16.00000 |  7.9200 | -0.0400 | +0.74486 | 1.156983
0 -1528 764 -64 2 | p=2 | k=2 |   8.00000 |  5.9200 | -0.0400 | +0.05172 | 1.012764
0 -1526 763 -49 2 | p=7 | k=2 |   7.00000 |  0.0000 | -1.0000 | -2.00000 | 0.000000
0 -1520 760 -256 2 | p=2 | k=2 |  16.00000 |  5.9200 | -1.0400 | +0.05172 | 1.012764
0 -1520 760 -64 2 | p=2 | k=2 |   8.00000 |  0.0000 | -3.0000 | -2.00000 | 0.000000
0 -1518 759 -81 2 | p=3 | k=2 |   9.00000 |  3.0800 | -0.4600 | -0.30814 | 0.916536
0 -1512 756 -256 2 | p=2 | k=2 |  16.00000 |  7.9200 | -0.0400 | +0.74486 | 1.156983
0 -1512 756 -64 2 | p=2 | k=2 |   8.00000 |  5.9200 | -0.0400 | +0.05172 | 1.012764
0 -1506 753 -81 2 | p=3 | k=2 |   9.00000 |  3.0800 | -0.4600 | -0.30814 | 0.916536
0 -1504 752 -256 2 | p=2 | k=2 |  16.00000 |  0.0000 | -4.0000 | -2.00000 | 0.000000
0 -1504 752 -64 2 | p=2 | k=2 |   8.00000 |  3.9200 | -1.0400 | -0.64143 | 0.809016
0 -1498 749 -49 2 | p=7 | k=2 |   7.00000 |  0.0000 | -1.0000 | -2.00000 | 0.000000
0 -1496 748 -256 2 | p=2 | k=2 |  16.00000 |  7.9200 | -0.0400 | +0.74486 | 1.156983
0 -1496 748 -64 2 | p=2 | k=2 |   8.00000 |  5.9200 | -0.0400 | +0.05172 | 1.012764
0 -1494 747 -81 2 | p=3 | k=2 |   9.00000 |  0.0600 | -1.9800 | -1.95606 | 0.032600
0 -1488 744 -256 2 | p=2 | k=2 |  16.00000 |  5.9200 | -1.0400 | +0.05172 | 1.012764
0 -1488 744 -64 2 | p=2 | k=2 |   8.00000 |  0.0000 | -3.0000 | -2.00000 | 0.000000
0 -1482 741 -81 2 | p=3 | k=2 |   9.00000 |  3.0800 | -0.4600 | -0.30814 | 0.916536
0 -1480 740 -256 2 | p=2 | k=2 |  16.00000 |  7.9200 | -0.0400 | +0.74486 | 1.156983
0 -1480 740 -64 2 | p=2 | k=2 |   8.00000 |  5.9200 | -0.0400 | +0.05172 | 1.012764
0 -1472 736 -256 2 | p=2 | k=2 |  16.00000 |  3.9200 | -2.0400 | -0.64143 | 0.809016
0 -1472 736 -64 2 | p=2 | k=2 |   8.00000 |  3.9200 | -1.0400 | -0.64143 | 0.809016
0 -1470 735 -81 2 | p=3 | k=2 |   9.00000 |  3.0800 | -0.4600 | -0.30814 | 0.916536
0 -1470 735 -49 2 | p=7 | k=2 |   7.00000 |  0.0000 | -1.0000 | -2.00000 | 0.000000
0 -1464 732 -256 2 | p=2 | k=2 |  16.00000 |  7.9200 | -0.0400 | +0.74486 | 1.156983
0 -1464 732 -64 2 | p=2 | k=2 |   8.00000 |  5.9200 | -0.0400 | +0.05172 | 1.012764
0 -1458 729 -81 2 | p=3 | k=2 |   9.00000 |  0.0600 | -2.0100 | -1.92310 | 0.033140
0 -1456 728 -256 2 | p=2 | k=2 |  16.00000 |  5.9200 | -1.0400 | +0.05172 | 1.012764
0 -1456 728 -64 2 | p=2 | k=2 |   8.00000 |  0.0000 | -3.0000 | -2.00000 | 0.000000
0 -1448 724 -256 2 | p=2 | k=2 |  16.00000 |  7.9200 | -0.0400 | +0.74486 | 1.156983
0 -1448 724 -64 2 | p=2 | k=2 |   8.00000 |  5.9200 | -0.0400 | +0.05172 | 1.012764
0 -1446 723 -81 2 | p=3 | k=2 |   9.00000 |  3.0800 | -0.4600 | -0.30814 | 0.916536
0 -1442 721 -49 2 | p=7 | k=2 |   7.00000 |  0.0000 | -1.0000 | -2.00000 | 0.000000
0 -1440 720 -256 2 | p=2 | k=2 |  16.00000 |  0.0000 | -4.0000 | -2.00000 | 0.000000
0 -1440 720 -64 2 | p=2 | k=2 |   8.00000 |  3.9200 | -1.0400 | -0.64143 | 0.809016
0 -1434 717 -81 2 | p=3 | k=2 |   9.00000 |  3.0800 | -0.4600 | -0.30814 | 0.916536
0 -1432 716 -256 2 | p=2 | k=2 |  16.00000 |  7.9200 | -0.0400 | +0.74486 | 1.156983
0 -1432 716 -64 2 | p=2 | k=2 |   8.00000 |  5.9200 | -0.0400 | +0.05172 | 1.012764
0 -1424 712 -256 2 | p=2 | k=2 |  16.00000 |  5.9200 | -1.0400 | +0.05172 | 1.012764
0 -1424 712 -64 2 | p=2 | k=2 |   8.00000 |  0.0000 | -3.0000 | -2.00000 | 0.000000
0 -1422 711 -81 2 | p=3 | k=2 |   9.00000 |  0.0600 | -1.9700 | -1.96704 | 0.032424
0 -1416 708 -256 2 | p=2 | k=2 |  16.00000 |  7.9200 | -0.0400 | +0.74486 | 1.156983
0 -1416 708 -64 2 | p=2 | k=2 |   8.00000 |  5.9200 | -0.0400 | +0.05172 | 1.012764
0 -1414 707 -49 2 | p=7 | k=2 |   7.00000 |  0.0000 | -1.0000 | -2.00000 | 0.000000
0 -1410 705 -81 2 | p=3 | k=2 |   9.00000 |  3.0800 | -0.4600 | -0.30814 | 0.916536
0 -1408 704 -256 2 | p=2 | k=2 |  16.00000 |  3.9200 | -2.0400 | -0.64143 | 0.809016
0 -1408 704 -64 2 | p=2 | k=2 |   8.00000 |  3.9200 | -1.0400 | -0.64143 | 0.809016
0 -1400 700 -256 2 | p=2 | k=2 |  16.00000 |  7.9200 | -0.0400 | +0.74486 | 1.156983
0 -1400 700 -64 2 | p=2 | k=2 |   8.00000 |  5.9200 | -0.0400 | +0.05172 | 1.012764
0 -1398 699 -81 2 | p=3 | k=2 |   9.00000 |  3.0800 | -0.4600 | -0.30814 | 0.916536
0 -1392 696 -256 2 | p=2 | k=2 |  16.00000 |  5.9200 | -1.0400 | +0.05172 | 1.012764
0 -1392 696 -64 2 | p=2 | k=2 |   8.00000 |  0.0000 | -3.0000 | -2.00000 | 0.000000
0 -1386 693 -81 2 | p=3 | k=2 |   9.00000 |  0.0600 | -1.9800 | -1.95606 | 0.032600
0 -1386 693 -49 2 | p=7 | k=2 |   7.00000 |  0.0000 | -1.0000 | -2.00000 | 0.000000
0 -1384 692 -256 2 | p=2 | k=2 |  16.00000 |  7.9200 | -0.0400 | +0.74486 | 1.156983
0 -1384 692 -64 2 | p=2 | k=2 |   8.00000 |  5.9200 | -0.0400 | +0.05172 | 1.012764
0 -1376 688 -256 2 | p=2 | k=2 |  16.00000 |  0.0000 | -4.0000 | -2.00000 | 0.000000
0 -1376 688 -64 2 | p=2 | k=2 |   8.00000 |  3.9200 | -1.0400 | -0.64143 | 0.809016
0 -1374 687 -81 2 | p=3 | k=2 |   9.00000 |  3.0800 | -0.4600 | -0.30814 | 0.916536
0 -1368 684 -256 2 | p=2 | k=2 |  16.00000 |  7.9200 | -0.0400 | +0.74486 | 1.156983
0 -1368 684 -64 2 | p=2 | k=2 |   8.00000 |  5.9200 | -0.0400 | +0.05172 | 1.012764
0 -1362 681 -81 2 | p=3 | k=2 |   9.00000 |  3.0800 | -0.4600 | -0.30814 | 0.916536
0 -1360 680 -256 2 | p=2 | k=2 |  16.00000 |  5.9200 | -1.0400 | +0.05172 | 1.012764
0 -1360 680 -64 2 | p=2 | k=2 |   8.00000 |  0.0000 | -3.0000 | -2.00000 | 0.000000
0 -1358 679 -49 2 | p=7 | k=2 |   7.00000 |  0.0000 | -1.0000 | -2.00000 | 0.000000
0 -1352 676 -256 2 | p=2 | k=2 |  16.00000 |  7.9200 | -0.0400 | +0.74486 | 1.156983
0 -1352 676 -64 2 | p=2 | k=2 |   8.00000 |  5.9200 | -0.0400 | +0.05172 | 1.012764
0 -1350 675 -81 2 | p=3 | k=2 |   9.00000 |  0.0600 | -1.9800 | -1.95606 | 0.032600
0 -1344 672 -256 2 | p=2 | k=2 |  16.00000 |  3.9200 | -2.0400 | -0.64143 | 0.809016
0 -1344 672 -64 2 | p=2 | k=2 |   8.00000 |  3.9200 | -1.0400 | -0.64143 | 0.809016
0 -1338 669 -81 2 | p=3 | k=2 |   9.00000 |  3.0800 | -0.4600 | -0.30814 | 0.916536
0 -1336 668 -256 2 | p=2 | k=2 |  16.00000 |  7.9200 | -0.0400 | +0.74486 | 1.156983
0 -1336 668 -64 2 | p=2 | k=2 |   8.00000 |  5.9200 | -0.0400 | +0.05172 | 1.012764
0 -1330 665 -49 2 | p=7 | k=2 |   7.00000 |  0.0000 | -1.0000 | -2.00000 | 0.000000
0 -1328 664 -256 2 | p=2 | k=2 |  16.00000 |  5.9200 | -1.0400 | +0.05172 | 1.012764
0 -1328 664 -64 2 | p=2 | k=2 |   8.00000 |  0.0000 | -3.0000 | -2.00000 | 0.000000
0 -1326 663 -81 2 | p=3 | k=2 |   9.00000 |  3.0800 | -0.4600 | -0.30814 | 0.916536
0 -1320 660 -256 2 | p=2 | k=2 |  16.00000 |  7.9200 | -0.0400 | +0.74486 | 1.156983
0 -1320 660 -64 2 | p=2 | k=2 |   8.00000 |  5.9200 | -0.0400 | +0.05172 | 1.012764
0 -1314 657 -81 2 | p=3 | k=2 |   9.00000 |  0.0600 | -1.9900 | -1.94507 | 0.032778
0 -1312 656 -256 2 | p=2 | k=2 |  16.00000 |  0.0000 | -4.0000 | -2.00000 | 0.000000
0 -1312 656 -64 2 | p=2 | k=2 |   8.00000 |  3.9200 | -1.0400 | -0.64143 | 0.809016
0 -1304 652 -256 2 | p=2 | k=2 |  16.00000 |  7.9200 | -0.0400 | +0.74486 | 1.156983
0 -1304 652 -64 2 | p=2 | k=2 |   8.00000 |  5.9200 | -0.0400 | +0.05172 | 1.012764
0 -1302 651 -81 2 | p=3 | k=2 |   9.00000 |  3.0800 | -0.4600 | -0.30814 | 0.916536
0 -1302 651 -49 2 | p=7 | k=2 |   7.00000 |  0.0000 | -1.0000 | -2.00000 | 0.000000
0 -1296 648 -256 2 | p=2 | k=2 |  16.00000 |  5.9200 | -1.0400 | +0.05172 | 1.012764
0 -1296 648 -64 2 | p=2 | k=2 |   8.00000 |  0.0000 | -3.0000 | -2.00000 | 0.000000
0 -1290 645 -81 2 | p=3 | k=2 |   9.00000 |  3.0800 | -0.4600 | -0.30814 | 0.916536
0 -1288 644 -256 2 | p=2 | k=2 |  16.00000 |  7.9200 | -0.0400 | +0.74486 | 1.156983
0 -1288 644 -64 2 | p=2 | k=2 |   8.00000 |  5.9200 | -0.0400 | +0.05172 | 1.012764
0 -1280 640 -256 2 | p=2 | k=2 |  16.00000 |  3.9200 | -2.0400 | -0.64143 | 0.809016
0 -1280 640 -64 2 | p=2 | k=2 |   8.00000 |  3.9200 | -1.0400 | -0.64143 | 0.809016
0 -1278 639 -81 2 | p=3 | k=2 |   9.00000 |  0.0600 | -2.0000 | -1.93408 | 0.032958
0 -1274 637 -49 2 | p=7 | k=2 |   7.00000 |  0.0000 | -1.0000 | -2.00000 | 0.000000
0 -1272 636 -256 2 | p=2 | k=2 |  16.00000 |  7.9200 | -0.0400 | +0.74486 | 1.156983
0 -1272 636 -64 2 | p=2 | k=2 |   8.00000 |  5.9200 | -0.0400 | +0.05172 | 1.012764
0 -1266 633 -81 2 | p=3 | k=2 |   9.00000 |  3.0800 | -0.4600 | -0.30814 | 0.916536
0 -1264 632 -256 2 | p=2 | k=2 |  16.00000 |  5.9200 | -1.0400 | +0.05172 | 1.012764
0 -1264 632 -64 2 | p=2 | k=2 |   8.00000 |  0.0000 | -3.0000 | -2.00000 | 0.000000
0 -1256 628 -256 2 | p=2 | k=2 |  16.00000 |  7.9200 | -0.0400 | +0.74486 | 1.156983
0 -1256 628 -64 2 | p=2 | k=2 |   8.00000 |  5.9200 | -0.0400 | +0.05172 | 1.012764
0 -1254 627 -81 2 | p=3 | k=2 |   9.00000 |  3.0800 | -0.4600 | -0.30814 | 0.916536
0 -1248 624 -256 2 | p=2 | k=2 |  16.00000 |  0.0000 | -4.0000 | -2.00000 | 0.000000
0 -1248 624 -64 2 | p=2 | k=2 |   8.00000 |  3.9200 | -1.0400 | -0.64143 | 0.809016
0 -1246 623 -49 2 | p=7 | k=2 |   7.00000 |  0.0000 | -1.0000 | -2.00000 | 0.000000
0 -1242 621 -81 2 | p=3 | k=2 |   9.00000 |  0.0600 | -2.0000 | -1.93408 | 0.032958
0 -1240 620 -256 2 | p=2 | k=2 |  16.00000 |  7.9200 | -0.0400 | +0.74486 | 1.156983
0 -1240 620 -64 2 | p=2 | k=2 |   8.00000 |  5.9200 | -0.0400 | +0.05172 | 1.012764
0 -1232 616 -256 2 | p=2 | k=2 |  16.00000 |  5.9200 | -1.0400 | +0.05172 | 1.012764
0 -1232 616 -64 2 | p=2 | k=2 |   8.00000 |  0.0000 | -3.0000 | -2.00000 | 0.000000
0 -1230 615 -81 2 | p=3 | k=2 |   9.00000 |  3.0800 | -0.4600 | -0.30814 | 0.916536
0 -1224 612 -256 2 | p=2 | k=2 |  16.00000 |  7.9200 | -0.0400 | +0.74486 | 1.156983
0 -1224 612 -64 2 | p=2 | k=2 |   8.00000 |  5.9200 | -0.0400 | +0.05172 | 1.012764
0 -1218 609 -81 2 | p=3 | k=2 |   9.00000 |  3.0800 | -0.4600 | -0.30814 | 0.916536
0 -1218 609 -49 2 | p=7 | k=2 |   7.00000 |  0.0000 | -1.0000 | -2.00000 | 0.000000
0 -1216 608 -256 2 | p=2 | k=2 |  16.00000 |  3.9200 | -2.0400 | -0.64143 | 0.809016
0 -1216 608 -64 2 | p=2 | k=2 |   8.00000 |  3.9200 | -1.0400 | -0.64143 | 0.809016
0 -1208 604 -256 2 | p=2 | k=2 |  16.00000 |  7.9200 | -0.0400 | +0.74486 | 1.156983
0 -1208 604 -64 2 | p=2 | k=2 |   8.00000 |  5.9200 | -0.0400 | +0.05172 | 1.012764
0 -1206 603 -81 2 | p=3 | k=2 |   9.00000 |  0.0600 | -2.0000 | -1.93408 | 0.032958
0 -1200 600 -256 2 | p=2 | k=2 |  16.00000 |  5.9200 | -1.0400 | +0.05172 | 1.012764
0 -1200 600 -64 2 | p=2 | k=2 |   8.00000 |  0.0000 | -3.0000 | -2.00000 | 0.000000
0 -1194 597 -81 2 | p=3 | k=2 |   9.00000 |  3.0800 | -0.4600 | -0.30814 | 0.916536
0 -1192 596 -256 2 | p=2 | k=2 |  16.00000 |  7.9200 | -0.0400 | +0.74486 | 1.156983
0 -1192 596 -64 2 | p=2 | k=2 |   8.00000 |  5.9200 | -0.0400 | +0.05172 | 1.012764
0 -1190 595 -49 2 | p=7 | k=2 |   7.00000 |  0.0000 | -1.0000 | -2.00000 | 0.000000
0 -1184 592 -256 2 | p=2 | k=2 |  16.00000 |  0.0000 | -4.0000 | -2.00000 | 0.000000
0 -1184 592 -64 2 | p=2 | k=2 |   8.00000 |  3.9200 | -1.0400 | -0.64143 | 0.809016
0 -1182 591 -81 2 | p=3 | k=2 |   9.00000 |  3.0800 | -0.4600 | -0.30814 | 0.916536
0 -1176 588 -256 2 | p=2 | k=2 |  16.00000 |  7.9200 | -0.0400 | +0.74486 | 1.156983
0 -1176 588 -64 2 | p=2 | k=2 |   8.00000 |  5.9200 | -0.0400 | +0.05172 | 1.012764
0 -1170 585 -81 2 | p=3 | k=2 |   9.00000 |  0.0600 | -2.0000 | -1.93408 | 0.032958
0 -1168 584 -256 2 | p=2 | k=2 |  16.00000 |  5.9200 | -1.0400 | +0.05172 | 1.012764
0 -1168 584 -64 2 | p=2 | k=2 |   8.00000 |  0.0000 | -3.0000 | -2.00000 | 0.000000
0 -1162 581 -49 2 | p=7 | k=2 |   7.00000 |  0.0000 | -1.0000 | -2.00000 | 0.000000
0 -1160 580 -256 2 | p=2 | k=2 |  16.00000 |  7.9200 | -0.0400 | +0.74486 | 1.156983
0 -1160 580 -64 2 | p=2 | k=2 |   8.00000 |  5.9200 | -0.0400 | +0.05172 | 1.012764
0 -1158 579 -81 2 | p=3 | k=2 |   9.00000 |  3.0800 | -0.4600 | -0.30814 | 0.916536
0 -1152 576 -256 2 | p=2 | k=2 |  16.00000 |  3.9200 | -2.0400 | -0.64143 | 0.809016
0 -1152 576 -64 2 | p=2 | k=2 |   8.00000 |  3.9200 | -1.0400 | -0.64143 | 0.809016
0 -1146 573 -81 2 | p=3 | k=2 |   9.00000 |  3.0800 | -0.4600 | -0.30814 | 0.916536
0 -1144 572 -256 2 | p=2 | k=2 |  16.00000 |  7.9200 | -0.0400 | +0.74486 | 1.156983
0 -1144 572 -64 2 | p=2 | k=2 |   8.00000 |  5.9200 | -0.0400 | +0.05172 | 1.012764
0 -1136 568 -256 2 | p=2 | k=2 |  16.00000 |  5.9200 | -1.0400 | +0.05172 | 1.012764
0 -1136 568 -64 2 | p=2 | k=2 |   8.00000 |  0.0000 | -3.0000 | -2.00000 | 0.000000
0 -1134 567 -81 2 | p=3 | k=2 |   9.00000 |  0.0600 | -2.0100 | -1.92310 | 0.033140
0 -1134 567 -49 2 | p=7 | k=2 |   7.00000 |  0.0000 | -1.0000 | -2.00000 | 0.000000
0 -1128 564 -256 2 | p=2 | k=2 |  16.00000 |  7.9200 | -0.0400 | +0.74486 | 1.156983
0 -1128 564 -64 2 | p=2 | k=2 |   8.00000 |  5.9200 | -0.0400 | +0.05172 | 1.012764
0 -1122 561 -81 2 | p=3 | k=2 |   9.00000 |  3.0800 | -0.4600 | -0.30814 | 0.916536
0 -1120 560 -256 2 | p=2 | k=2 |  16.00000 |  0.0000 | -4.0000 | -2.00000 | 0.000000
0 -1120 560 -64 2 | p=2 | k=2 |   8.00000 |  3.9200 | -1.0400 | -0.64143 | 0.809016
0 -1112 556 -256 2 | p=2 | k=2 |  16.00000 |  7.9200 | -0.0400 | +0.74486 | 1.156983
0 -1112 556 -64 2 | p=2 | k=2 |   8.00000 |  5.9200 | -0.0400 | +0.05172 | 1.012764
0 -1110 555 -81 2 | p=3 | k=2 |   9.00000 |  3.0800 | -0.4600 | -0.30814 | 0.916536
0 -1106 553 -49 2 | p=7 | k=2 |   7.00000 |  0.0000 | -1.0000 | -2.00000 | 0.000000
0 -1104 552 -256 2 | p=2 | k=2 |  16.00000 |  5.9200 | -1.0400 | +0.05172 | 1.012764
0 -1104 552 -64 2 | p=2 | k=2 |   8.00000 |  0.0000 | -3.0000 | -2.00000 | 0.000000
0 -1098 549 -81 2 | p=3 | k=2 |   9.00000 |  0.0600 | -2.0000 | -1.93408 | 0.032958
0 -1096 548 -256 2 | p=2 | k=2 |  16.00000 |  7.9200 | -0.0400 | +0.74486 | 1.156983
0 -1096 548 -64 2 | p=2 | k=2 |   8.00000 |  5.9200 | -0.0400 | +0.05172 | 1.012764
0 -1088 544 -256 2 | p=2 | k=2 |  16.00000 |  3.9200 | -2.0400 | -0.64143 | 0.809016
0 -1088 544 -64 2 | p=2 | k=2 |   8.00000 |  3.9200 | -1.0400 | -0.64143 | 0.809016
0 -1086 543 -81 2 | p=3 | k=2 |   9.00000 |  3.0800 | -0.4600 | -0.30814 | 0.916536
0 -1080 540 -256 2 | p=2 | k=2 |  16.00000 |  7.9200 | -0.0400 | +0.74486 | 1.156983
0 -1080 540 -64 2 | p=2 | k=2 |   8.00000 |  5.9200 | -0.0400 | +0.05172 | 1.012764
0 -1078 539 -49 2 | p=7 | k=2 |   7.00000 |  0.0000 | -1.0000 | -2.00000 | 0.000000
0 -1074 537 -81 2 | p=3 | k=2 |   9.00000 |  3.0800 | -0.4600 | -0.30814 | 0.916536
0 -1072 536 -256 2 | p=2 | k=2 |  16.00000 |  5.9200 | -1.0400 | +0.05172 | 1.012764
0 -1072 536 -64 2 | p=2 | k=2 |   8.00000 |  0.0000 | -3.0000 | -2.00000 | 0.000000
0 -1064 532 -256 2 | p=2 | k=2 |  16.00000 |  7.9200 | -0.0400 | +0.74486 | 1.156983
0 -1064 532 -64 2 | p=2 | k=2 |   8.00000 |  5.9200 | -0.0400 | +0.05172 | 1.012764
0 -1062 531 -81 2 | p=3 | k=2 |   9.00000 |  0.0600 | -2.0000 | -1.93408 | 0.032958
0 -1056 528 -256 2 | p=2 | k=2 |  16.00000 |  0.0000 | -4.0000 | -2.00000 | 0.000000
0 -1056 528 -64 2 | p=2 | k=2 |   8.00000 |  3.9200 | -1.0400 | -0.64143 | 0.809016
0 -1050 525 -81 2 | p=3 | k=2 |   9.00000 |  3.0800 | -0.4600 | -0.30814 | 0.916536
0 -1050 525 -49 2 | p=7 | k=2 |   7.00000 |  0.0000 | -1.0000 | -2.00000 | 0.000000
0 -1048 524 -256 2 | p=2 | k=2 |  16.00000 |  7.9200 | -0.0400 | +0.74486 | 1.156983
0 -1048 524 -64 2 | p=2 | k=2 |   8.00000 |  5.9200 | -0.0400 | +0.05172 | 1.012764
0 -1040 520 -256 2 | p=2 | k=2 |  16.00000 |  5.9200 | -1.0400 | +0.05172 | 1.012764
0 -1040 520 -64 2 | p=2 | k=2 |   8.00000 |  0.0000 | -3.0000 | -2.00000 | 0.000000
0 -1038 519 -81 2 | p=3 | k=2 |   9.00000 |  3.0800 | -0.4600 | -0.30814 | 0.916536
0 -1032 516 -256 2 | p=2 | k=2 |  16.00000 |  7.9200 | -0.0400 | +0.74486 | 1.156983
0 -1032 516 -64 2 | p=2 | k=2 |   8.00000 |  5.9200 | -0.0400 | +0.05172 | 1.012764
0 -1026 513 -81 2 | p=3 | k=2 |   9.00000 |  0.0600 | -2.0000 | -1.93408 | 0.032958
0 -1024 512 -256 2 | p=2 | k=2 |  16.00000 |  3.9200 | -2.0400 | -0.64143 | 0.809016
0 -1024 512 -64 2 | p=2 | k=2 |   8.00000 |  3.9200 | -1.0400 | -0.64143 | 0.809016
0 -1022 511 -49 2 | p=7 | k=2 |   7.00000 |  0.0000 | -1.0000 | -2.00000 | 0.000000
0 -1016 508 -256 2 | p=2 | k=2 |  16.00000 |  7.9200 | -0.0400 | +0.74486 | 1.156983
0 -1016 508 -64 2 | p=2 | k=2 |   8.00000 |  5.9200 | -0.0400 | +0.05172 | 1.012764
0 -1014 507 -81 2 | p=3 | k=2 |   9.00000 |  3.0800 | -0.4600 | -0.30814 | 0.916536
0 -1008 504 -256 2 | p=2 | k=2 |  16.00000 |  5.9200 | -1.0400 | +0.05172 | 1.012764
0 -1008 504 -64 2 | p=2 | k=2 |   8.00000 |  0.0000 | -3.0000 | -2.00000 | 0.000000
0 -1002 501 -81 2 | p=3 | k=2 |   9.00000 |  3.0800 | -0.4600 | -0.30814 | 0.916536
0 -1000 500 -256 2 | p=2 | k=2 |  16.00000 |  7.9200 | -0.0400 | +0.74486 | 1.156983
0 -1000 500 -64 2 | p=2 | k=2 |   8.00000 |  5.9200 | -0.0400 | +0.05172 | 1.012764
0 -994 497 -49 2 | p=7 | k=2 |   7.00000 |  0.0000 | -1.0000 | -2.00000 | 0.000000
0 -992 496 -256 2 | p=2 | k=2 |  16.00000 |  0.0000 | -4.0000 | -2.00000 | 0.000000
0 -992 496 -64 2 | p=2 | k=2 |   8.00000 |  3.9200 | -1.0400 | -0.64143 | 0.809016
0 -990 495 -81 2 | p=3 | k=2 |   9.00000 |  0.0600 | -2.0000 | -1.93408 | 0.032958
0 -984 492 -256 2 | p=2 | k=2 |  16.00000 |  7.9200 | -0.0400 | +0.74486 | 1.156983
0 -984 492 -64 2 | p=2 | k=2 |   8.00000 |  5.9200 | -0.0400 | +0.05172 | 1.012764
0 -978 489 -81 2 | p=3 | k=2 |   9.00000 |  3.0800 | -0.4600 | -0.30814 | 0.916536
0 -976 488 -256 2 | p=2 | k=2 |  16.00000 |  5.9200 | -1.0400 | +0.05172 | 1.012764
0 -976 488 -64 2 | p=2 | k=2 |   8.00000 |  0.0000 | -3.0000 | -2.00000 | 0.000000
0 -968 484 -256 2 | p=2 | k=2 |  16.00000 |  7.9200 | -0.0400 | +0.74486 | 1.156983
0 -968 484 -64 2 | p=2 | k=2 |   8.00000 |  5.9200 | -0.0400 | +0.05172 | 1.012764
0 -966 483 -81 2 | p=3 | k=2 |   9.00000 |  3.0800 | -0.4600 | -0.30814 | 0.916536
0 -966 483 -49 2 | p=7 | k=2 |   7.00000 |  0.0000 | -1.0000 | -2.00000 | 0.000000
0 -960 480 -256 2 | p=2 | k=2 |  16.00000 |  3.9200 | -2.0400 | -0.64143 | 0.809016
0 -960 480 -64 2 | p=2 | k=2 |   8.00000 |  3.9200 | -1.0400 | -0.64143 | 0.809016
0 -954 477 -81 2 | p=3 | k=2 |   9.00000 |  0.0500 | -2.0000 | -1.94507 | 0.027465
0 -952 476 -256 2 | p=2 | k=2 |  16.00000 |  7.9200 | -0.0400 | +0.74486 | 1.156983
0 -952 476 -64 2 | p=2 | k=2 |   8.00000 |  5.9200 | -0.0400 | +0.05172 | 1.012764
0 -944 472 -256 2 | p=2 | k=2 |  16.00000 |  5.9200 | -1.0400 | +0.05172 | 1.012764
0 -944 472 -64 2 | p=2 | k=2 |   8.00000 |  0.0000 | -3.0000 | -2.00000 | 0.000000
0 -942 471 -81 2 | p=3 | k=2 |   9.00000 |  3.0800 | -0.4600 | -0.30814 | 0.916536
0 -938 469 -49 2 | p=7 | k=2 |   7.00000 |  0.0000 | -1.0000 | -2.00000 | 0.000000
0 -936 468 -256 2 | p=2 | k=2 |  16.00000 |  7.9200 | -0.0400 | +0.74486 | 1.156983
0 -936 468 -64 2 | p=2 | k=2 |   8.00000 |  5.9200 | -0.0400 | +0.05172 | 1.012764
0 -930 465 -81 2 | p=3 | k=2 |   9.00000 |  3.0800 | -0.4600 | -0.30814 | 0.916536
0 -928 464 -256 2 | p=2 | k=2 |  16.00000 |  0.0000 | -4.0000 | -2.00000 | 0.000000
0 -928 464 -64 2 | p=2 | k=2 |   8.00000 |  3.9200 | -1.0400 | -0.64143 | 0.809016
0 -920 460 -256 2 | p=2 | k=2 |  16.00000 |  7.9200 | -0.0400 | +0.74486 | 1.156983
0 -920 460 -64 2 | p=2 | k=2 |   8.00000 |  5.9200 | -0.0400 | +0.05172 | 1.012764
0 -918 459 -81 2 | p=3 | k=2 |   9.00000 |  0.0500 | -2.0000 | -1.94507 | 0.027465
0 -912 456 -256 2 | p=2 | k=2 |  16.00000 |  5.9200 | -1.0400 | +0.05172 | 1.012764
0 -912 456 -64 2 | p=2 | k=2 |   8.00000 |  0.0000 | -3.0000 | -2.00000 | 0.000000
0 -910 455 -49 2 | p=7 | k=2 |   7.00000 |  0.0000 | -1.0000 | -2.00000 | 0.000000
0 -906 453 -81 2 | p=3 | k=2 |   9.00000 |  3.0800 | -0.4600 | -0.30814 | 0.916536
0 -904 452 -256 2 | p=2 | k=2 |  16.00000 |  7.9200 | -0.0400 | +0.74486 | 1.156983
0 -904 452 -64 2 | p=2 | k=2 |   8.00000 |  5.9200 | -0.0400 | +0.05172 | 1.012764
0 -896 448 -256 2 | p=2 | k=2 |  16.00000 |  3.9200 | -2.0400 | -0.64143 | 0.809016
0 -896 448 -64 2 | p=2 | k=2 |   8.00000 |  3.9200 | -1.0400 | -0.64143 | 0.809016
0 -894 447 -81 2 | p=3 | k=2 |   9.00000 |  3.0800 | -0.4600 | -0.30814 | 0.916536
0 -888 444 -256 2 | p=2 | k=2 |  16.00000 |  7.9200 | -0.0400 | +0.74486 | 1.156983
0 -888 444 -64 2 | p=2 | k=2 |   8.00000 |  5.9200 | -0.0400 | +0.05172 | 1.012764
0 -882 441 -81 2 | p=3 | k=2 |   9.00000 |  0.0500 | -2.0000 | -1.94507 | 0.027465
0 -882 441 -49 2 | p=7 | k=2 |   7.00000 |  0.0000 | -1.0000 | -2.00000 | 0.000000
0 -880 440 -256 2 | p=2 | k=2 |  16.00000 |  5.9200 | -1.0400 | +0.05172 | 1.012764
0 -880 440 -64 2 | p=2 | k=2 |   8.00000 |  0.0000 | -3.0000 | -2.00000 | 0.000000
0 -872 436 -256 2 | p=2 | k=2 |  16.00000 |  7.9200 | -0.0400 | +0.74486 | 1.156983
0 -872 436 -64 2 | p=2 | k=2 |   8.00000 |  5.9200 | -0.0400 | +0.05172 | 1.012764
0 -870 435 -81 2 | p=3 | k=2 |   9.00000 |  3.0800 | -0.4600 | -0.30814 | 0.916536
0 -864 432 -256 2 | p=2 | k=2 |  16.00000 |  0.0000 | -4.0000 | -2.00000 | 0.000000
0 -864 432 -64 2 | p=2 | k=2 |   8.00000 |  3.9200 | -1.0400 | -0.64143 | 0.809016
0 -858 429 -81 2 | p=3 | k=2 |   9.00000 |  3.0800 | -0.4600 | -0.30814 | 0.916536
0 -856 428 -256 2 | p=2 | k=2 |  16.00000 |  7.9200 | -0.0400 | +0.74486 | 1.156983
0 -856 428 -64 2 | p=2 | k=2 |   8.00000 |  5.9200 | -0.0400 | +0.05172 | 1.012764
0 -854 427 -49 2 | p=7 | k=2 |   7.00000 |  0.0000 | -1.0000 | -2.00000 | 0.000000
0 -848 424 -256 2 | p=2 | k=2 |  16.00000 |  5.9200 | -1.0400 | +0.05172 | 1.012764
0 -848 424 -64 2 | p=2 | k=2 |   8.00000 |  0.0000 | -3.0000 | -2.00000 | 0.000000
0 -846 423 -81 2 | p=3 | k=2 |   9.00000 |  0.0500 | -2.0000 | -1.94507 | 0.027465
0 -840 420 -256 2 | p=2 | k=2 |  16.00000 |  7.9200 | -0.0400 | +0.74486 | 1.156983
0 -840 420 -64 2 | p=2 | k=2 |   8.00000 |  5.9200 | -0.0400 | +0.05172 | 1.012764
0 -834 417 -81 2 | p=3 | k=2 |   9.00000 |  3.0800 | -0.4600 | -0.30814 | 0.916536
0 -832 416 -256 2 | p=2 | k=2 |  16.00000 |  3.9200 | -2.0400 | -0.64143 | 0.809016
0 -832 416 -64 2 | p=2 | k=2 |   8.00000 |  3.9200 | -1.0400 | -0.64143 | 0.809016
0 -826 413 -49 2 | p=7 | k=2 |   7.00000 |  0.0000 | -1.0000 | -2.00000 | 0.000000
0 -824 412 -256 2 | p=2 | k=2 |  16.00000 |  7.9200 | -0.0400 | +0.74486 | 1.156983
0 -824 412 -64 2 | p=2 | k=2 |   8.00000 |  5.9200 | -0.0400 | +0.05172 | 1.012764
0 -822 411 -81 2 | p=3 | k=2 |   9.00000 |  3.0800 | -0.4600 | -0.30814 | 0.916536
0 -816 408 -256 2 | p=2 | k=2 |  16.00000 |  5.9200 | -1.0400 | +0.05172 | 1.012764
0 -816 408 -64 2 | p=2 | k=2 |   8.00000 |  0.0000 | -3.0000 | -2.00000 | 0.000000
0 -810 405 -81 2 | p=3 | k=2 |   9.00000 |  0.0500 | -2.0100 | -1.93408 | 0.027617
0 -808 404 -256 2 | p=2 | k=2 |  16.00000 |  7.9200 | -0.0400 | +0.74486 | 1.156983
0 -808 404 -64 2 | p=2 | k=2 |   8.00000 |  5.9200 | -0.0400 | +0.05172 | 1.012764
0 -800 400 -256 2 | p=2 | k=2 |  16.00000 |  0.0000 | -4.0000 | -2.00000 | 0.000000
0 -800 400 -64 2 | p=2 | k=2 |   8.00000 |  3.9200 | -1.0400 | -0.64143 | 0.809016
0 -798 399 -81 2 | p=3 | k=2 |   9.00000 |  3.0800 | -0.4600 | -0.30814 | 0.916536
0 -798 399 -49 2 | p=7 | k=2 |   7.00000 |  0.0000 | -1.0000 | -2.00000 | 0.000000
0 -792 396 -256 2 | p=2 | k=2 |  16.00000 |  7.9200 | -0.0400 | +0.74486 | 1.156983
0 -792 396 -64 2 | p=2 | k=2 |   8.00000 |  5.9200 | -0.0400 | +0.05172 | 1.012764
0 -786 393 -81 2 | p=3 | k=2 |   9.00000 |  3.0800 | -0.4600 | -0.30814 | 0.916536
0 -784 392 -256 2 | p=2 | k=2 |  16.00000 |  5.9200 | -1.0400 | +0.05172 | 1.012764
0 -784 392 -64 2 | p=2 | k=2 |   8.00000 |  0.0000 | -3.0000 | -2.00000 | 0.000000
0 -776 388 -256 2 | p=2 | k=2 |  16.00000 |  7.9200 | -0.0400 | +0.74486 | 1.156983
0 -776 388 -64 2 | p=2 | k=2 |   8.00000 |  5.9200 | -0.0400 | +0.05172 | 1.012764
0 -774 387 -81 2 | p=3 | k=2 |   9.00000 |  0.0500 | -2.0000 | -1.94507 | 0.027465
0 -770 385 -49 2 | p=7 | k=2 |   7.00000 |  0.0000 | -1.0000 | -2.00000 | 0.000000
0 -768 384 -256 2 | p=2 | k=2 |  16.00000 |  3.9200 | -2.0400 | -0.64143 | 0.809016
0 -768 384 -64 2 | p=2 | k=2 |   8.00000 |  3.9200 | -1.0400 | -0.64143 | 0.809016
0 -762 381 -81 2 | p=3 | k=2 |   9.00000 |  3.0800 | -0.4600 | -0.30814 | 0.916536
0 -760 380 -256 2 | p=2 | k=2 |  16.00000 |  7.9200 | -0.0400 | +0.74486 | 1.156983
0 -760 380 -64 2 | p=2 | k=2 |   8.00000 |  5.9200 | -0.0400 | +0.05172 | 1.012764
0 -752 376 -256 2 | p=2 | k=2 |  16.00000 |  5.9200 | -1.0400 | +0.05172 | 1.012764
0 -752 376 -64 2 | p=2 | k=2 |   8.00000 |  0.0000 | -3.0000 | -2.00000 | 0.000000
0 -750 375 -81 2 | p=3 | k=2 |   9.00000 |  3.0800 | -0.4600 | -0.30814 | 0.916536
0 -744 372 -256 2 | p=2 | k=2 |  16.00000 |  7.9200 | -0.0400 | +0.74486 | 1.156983
0 -744 372 -64 2 | p=2 | k=2 |   8.00000 |  5.9200 | -0.0400 | +0.05172 | 1.012764
0 -742 371 -49 2 | p=7 | k=2 |   7.00000 |  0.0000 | -1.0000 | -2.00000 | 0.000000
0 -738 369 -81 2 | p=3 | k=2 |   9.00000 |  0.0500 | -2.0000 | -1.94507 | 0.027465
0 -736 368 -256 2 | p=2 | k=2 |  16.00000 |  0.0000 | -4.0000 | -2.00000 | 0.000000
0 -736 368 -64 2 | p=2 | k=2 |   8.00000 |  3.9200 | -1.0400 | -0.64143 | 0.809016
0 -728 364 -256 2 | p=2 | k=2 |  16.00000 |  7.9200 | -0.0400 | +0.74486 | 1.156983
0 -728 364 -64 2 | p=2 | k=2 |   8.00000 |  5.9200 | -0.0400 | +0.05172 | 1.012764
0 -726 363 -81 2 | p=3 | k=2 |   9.00000 |  3.0800 | -0.4600 | -0.30814 | 0.916536
0 -720 360 -256 2 | p=2 | k=2 |  16.00000 |  5.9200 | -1.0400 | +0.05172 | 1.012764
0 -720 360 -64 2 | p=2 | k=2 |   8.00000 |  0.0000 | -3.0000 | -2.00000 | 0.000000
0 -714 357 -81 2 | p=3 | k=2 |   9.00000 |  3.0800 | -0.4600 | -0.30814 | 0.916536
0 -714 357 -49 2 | p=7 | k=2 |   7.00000 |  0.0000 | -1.0000 | -2.00000 | 0.000000
0 -712 356 -256 2 | p=2 | k=2 |  16.00000 |  7.9200 | -0.0400 | +0.74486 | 1.156983
0 -712 356 -64 2 | p=2 | k=2 |   8.00000 |  5.9200 | -0.0400 | +0.05172 | 1.012764
0 -704 352 -256 2 | p=2 | k=2 |  16.00000 |  3.9200 | -2.0400 | -0.64143 | 0.809016
0 -704 352 -64 2 | p=2 | k=2 |   8.00000 |  3.9200 | -1.0400 | -0.64143 | 0.809016
0 -702 351 -81 2 | p=3 | k=2 |   9.00000 |  0.0500 | -2.0000 | -1.94507 | 0.027465
0 -696 348 -256 2 | p=2 | k=2 |  16.00000 |  7.9200 | -0.0400 | +0.74486 | 1.156983
0 -696 348 -64 2 | p=2 | k=2 |   8.00000 |  5.9200 | -0.0400 | +0.05172 | 1.012764
0 -690 345 -81 2 | p=3 | k=2 |   9.00000 |  3.0800 | -0.4600 | -0.30814 | 0.916536
0 -688 344 -256 2 | p=2 | k=2 |  16.00000 |  5.9200 | -1.0400 | +0.05172 | 1.012764
0 -688 344 -64 2 | p=2 | k=2 |   8.00000 |  0.0000 | -3.0000 | -2.00000 | 0.000000
0 -686 343 -49 2 | p=7 | k=2 |   7.00000 |  0.0000 | -1.0000 | -2.00000 | 0.000000
0 -680 340 -256 2 | p=2 | k=2 |  16.00000 |  7.9200 | -0.0400 | +0.74486 | 1.156983
0 -680 340 -64 2 | p=2 | k=2 |   8.00000 |  5.9200 | -0.0400 | +0.05172 | 1.012764
0 -678 339 -81 2 | p=3 | k=2 |   9.00000 |  3.0800 | -0.4600 | -0.30814 | 0.916536
0 -672 336 -256 2 | p=2 | k=2 |  16.00000 |  0.0000 | -4.0000 | -2.00000 | 0.000000
0 -672 336 -64 2 | p=2 | k=2 |   8.00000 |  3.9200 | -1.0400 | -0.64143 | 0.809016
0 -666 333 -81 2 | p=3 | k=2 |   9.00000 |  0.0500 | -2.0000 | -1.94507 | 0.027465
0 -664 332 -256 2 | p=2 | k=2 |  16.00000 |  7.9200 | -0.0400 | +0.74486 | 1.156983
0 -664 332 -64 2 | p=2 | k=2 |   8.00000 |  5.9200 | -0.0400 | +0.05172 | 1.012764
0 -658 329 -49 2 | p=7 | k=2 |   7.00000 |  0.0000 | -1.0000 | -2.00000 | 0.000000
0 -656 328 -256 2 | p=2 | k=2 |  16.00000 |  5.9200 | -1.0400 | +0.05172 | 1.012764
0 -656 328 -64 2 | p=2 | k=2 |   8.00000 |  0.0000 | -3.0000 | -2.00000 | 0.000000
0 -654 327 -81 2 | p=3 | k=2 |   9.00000 |  3.0800 | -0.4600 | -0.30814 | 0.916536
0 -648 324 -256 2 | p=2 | k=2 |  16.00000 |  7.9200 | -0.0400 | +0.74486 | 1.156983
0 -648 324 -64 2 | p=2 | k=2 |   8.00000 |  5.9200 | -0.0400 | +0.05172 | 1.012764
0 -642 321 -81 2 | p=3 | k=2 |   9.00000 |  3.0800 | -0.4600 | -0.30814 | 0.916536
0 -640 320 -256 2 | p=2 | k=2 |  16.00000 |  3.9200 | -2.0400 | -0.64143 | 0.809016
0 -640 320 -64 2 | p=2 | k=2 |   8.00000 |  3.9200 | -1.0400 | -0.64143 | 0.809016
0 -632 316 -256 2 | p=2 | k=2 |  16.00000 |  7.9200 | -0.0400 | +0.74486 | 1.156983
0 -632 316 -64 2 | p=2 | k=2 |   8.00000 |  5.9200 | -0.0400 | +0.05172 | 1.012764
0 -630 315 -81 2 | p=3 | k=2 |   9.00000 |  0.0500 | -1.9900 | -1.95606 | 0.027315
0 -630 315 -49 2 | p=7 | k=2 |   7.00000 |  0.0000 | -1.0000 | -2.00000 | 0.000000
0 -624 312 -256 2 | p=2 | k=2 |  16.00000 |  5.9200 | -1.0400 | +0.05172 | 1.012764
0 -624 312 -64 2 | p=2 | k=2 |   8.00000 |  0.0000 | -3.0000 | -2.00000 | 0.000000
0 -618 309 -81 2 | p=3 | k=2 |   9.00000 |  3.0800 | -0.4600 | -0.30814 | 0.916536
0 -616 308 -256 2 | p=2 | k=2 |  16.00000 |  7.9200 | -0.0400 | +0.74486 | 1.156983
0 -616 308 -64 2 | p=2 | k=2 |   8.00000 |  5.9200 | -0.0400 | +0.05172 | 1.012764
0 -608 304 -256 2 | p=2 | k=2 |  16.00000 |  0.0000 | -4.0000 | -2.00000 | 0.000000
0 -608 304 -64 2 | p=2 | k=2 |   8.00000 |  3.9200 | -1.0400 | -0.64143 | 0.809016
0 -606 303 -81 2 | p=3 | k=2 |   9.00000 |  3.0800 | -0.4600 | -0.30814 | 0.916536
0 -602 301 -49 2 | p=7 | k=2 |   7.00000 |  0.0000 | -1.0000 | -2.00000 | 0.000000
0 -600 300 -256 2 | p=2 | k=2 |  16.00000 |  7.9200 | -0.0400 | +0.74486 | 1.156983
0 -600 300 -64 2 | p=2 | k=2 |   8.00000 |  5.9200 | -0.0400 | +0.05172 | 1.012764
0 -594 297 -81 2 | p=3 | k=2 |   9.00000 |  0.0500 | -1.9900 | -1.95606 | 0.027315
0 -592 296 -256 2 | p=2 | k=2 |  16.00000 |  5.9200 | -1.0400 | +0.05172 | 1.012764
0 -592 296 -64 2 | p=2 | k=2 |   8.00000 |  0.0000 | -3.0000 | -2.00000 | 0.000000
0 -584 292 -256 2 | p=2 | k=2 |  16.00000 |  7.9200 | -0.0400 | +0.74486 | 1.156983
0 -584 292 -64 2 | p=2 | k=2 |   8.00000 |  5.9200 | -0.0400 | +0.05172 | 1.012764
0 -582 291 -81 2 | p=3 | k=2 |   9.00000 |  3.0800 | -0.4600 | -0.30814 | 0.916536
0 -576 288 -256 2 | p=2 | k=2 |  16.00000 |  3.9200 | -2.0400 | -0.64143 | 0.809016
0 -576 288 -64 2 | p=2 | k=2 |   8.00000 |  3.9200 | -1.0400 | -0.64143 | 0.809016
0 -574 287 -49 2 | p=7 | k=2 |   7.00000 |  0.0000 | -1.0000 | -2.00000 | 0.000000
0 -570 285 -81 2 | p=3 | k=2 |   9.00000 |  3.0800 | -0.4600 | -0.30814 | 0.916536
0 -568 284 -256 2 | p=2 | k=2 |  16.00000 |  7.9200 | -0.0400 | +0.74486 | 1.156983
0 -568 284 -64 2 | p=2 | k=2 |   8.00000 |  5.9200 | -0.0400 | +0.05172 | 1.012764
0 -560 280 -256 2 | p=2 | k=2 |  16.00000 |  5.9200 | -1.0400 | +0.05172 | 1.012764
0 -560 280 -64 2 | p=2 | k=2 |   8.00000 |  0.0000 | -3.0000 | -2.00000 | 0.000000
0 -558 279 -81 2 | p=3 | k=2 |   9.00000 |  0.0500 | -1.9900 | -1.95606 | 0.027315
0 -552 276 -256 2 | p=2 | k=2 |  16.00000 |  7.9200 | -0.0400 | +0.74486 | 1.156983
0 -552 276 -64 2 | p=2 | k=2 |   8.00000 |  5.9200 | -0.0400 | +0.05172 | 1.012764
0 -546 273 -81 2 | p=3 | k=2 |   9.00000 |  3.0800 | -0.4600 | -0.30814 | 0.916536
0 -546 273 -49 2 | p=7 | k=2 |   7.00000 |  0.0000 | -1.0000 | -2.00000 | 0.000000
0 -544 272 -256 2 | p=2 | k=2 |  16.00000 |  0.0000 | -4.0000 | -2.00000 | 0.000000
0 -544 272 -64 2 | p=2 | k=2 |   8.00000 |  3.9200 | -1.0400 | -0.64143 | 0.809016
0 -536 268 -256 2 | p=2 | k=2 |  16.00000 |  7.9200 | -0.0400 | +0.74486 | 1.156983
0 -536 268 -64 2 | p=2 | k=2 |   8.00000 |  5.9200 | -0.0400 | +0.05172 | 1.012764
0 -534 267 -81 2 | p=3 | k=2 |   9.00000 |  3.0800 | -0.4600 | -0.30814 | 0.916536
0 -528 264 -256 2 | p=2 | k=2 |  16.00000 |  5.9200 | -1.0400 | +0.05172 | 1.012764
0 -528 264 -64 2 | p=2 | k=2 |   8.00000 |  0.0000 | -3.0000 | -2.00000 | 0.000000
0 -522 261 -81 2 | p=3 | k=2 |   9.00000 |  0.0500 | -1.9900 | -1.95606 | 0.027315
0 -520 260 -256 2 | p=2 | k=2 |  16.00000 |  7.9200 | -0.0400 | +0.74486 | 1.156983
0 -520 260 -64 2 | p=2 | k=2 |   8.00000 |  5.9200 | -0.0400 | +0.05172 | 1.012764
0 -518 259 -49 2 | p=7 | k=2 |   7.00000 |  0.0000 | -1.0000 | -2.00000 | 0.000000
0 -512 256 -256 2 | p=2 | k=2 |  16.00000 |  3.9200 | -2.0400 | -0.64143 | 0.809016
0 -512 256 -64 2 | p=2 | k=2 |   8.00000 |  3.9200 | -1.0400 | -0.64143 | 0.809016
0 -510 255 -81 2 | p=3 | k=2 |   9.00000 |  3.0800 | -0.4600 | -0.30814 | 0.916536
0 -504 252 -256 2 | p=2 | k=2 |  16.00000 |  7.9200 | -0.0400 | +0.74486 | 1.156983
0 -504 252 -64 2 | p=2 | k=2 |   8.00000 |  5.9200 | -0.0400 | +0.05172 | 1.012764
0 -498 249 -81 2 | p=3 | k=2 |   9.00000 |  3.0800 | -0.4600 | -0.30814 | 0.916536
0 -496 248 -256 2 | p=2 | k=2 |  16.00000 |  5.9200 | -1.0400 | +0.05172 | 1.012764
0 -496 248 -64 2 | p=2 | k=2 |   8.00000 |  0.0000 | -3.0000 | -2.00000 | 0.000000
0 -490 245 -49 2 | p=7 | k=2 |   7.00000 |  0.0000 | -1.0000 | -2.00000 | 0.000000
0 -488 244 -256 2 | p=2 | k=2 |  16.00000 |  7.9200 | -0.0400 | +0.74486 | 1.156983
0 -488 244 -64 2 | p=2 | k=2 |   8.00000 |  5.9200 | -0.0400 | +0.05172 | 1.012764
0 -486 243 -81 2 | p=3 | k=2 |   9.00000 |  0.0500 | -2.0100 | -1.93408 | 0.027617
0 -480 240 -256 2 | p=2 | k=2 |  16.00000 |  0.0000 | -4.0000 | -2.00000 | 0.000000
0 -480 240 -64 2 | p=2 | k=2 |   8.00000 |  3.9200 | -1.0400 | -0.64143 | 0.809016
0 -474 237 -81 2 | p=3 | k=2 |   9.00000 |  3.0800 | -0.4600 | -0.30814 | 0.916536
0 -472 236 -256 2 | p=2 | k=2 |  16.00000 |  7.9200 | -0.0400 | +0.74486 | 1.156983
0 -472 236 -64 2 | p=2 | k=2 |   8.00000 |  5.9200 | -0.0400 | +0.05172 | 1.012764
0 -464 232 -256 2 | p=2 | k=2 |  16.00000 |  5.9200 | -1.0400 | +0.05172 | 1.012764
0 -464 232 -64 2 | p=2 | k=2 |   8.00000 |  0.0000 | -3.0000 | -2.00000 | 0.000000
0 -462 231 -81 2 | p=3 | k=2 |   9.00000 |  3.0800 | -0.4600 | -0.30814 | 0.916536
0 -462 231 -49 2 | p=7 | k=2 |   7.00000 |  0.0000 | -1.0000 | -2.00000 | 0.000000
0 -456 228 -256 2 | p=2 | k=2 |  16.00000 |  7.9200 | -0.0400 | +0.74486 | 1.156983
0 -456 228 -64 2 | p=2 | k=2 |   8.00000 |  5.9200 | -0.0400 | +0.05172 | 1.012764
0 -450 225 -81 2 | p=3 | k=2 |   9.00000 |  0.0500 | -1.9900 | -1.95606 | 0.027315
0 -448 224 -256 2 | p=2 | k=2 |  16.00000 |  3.9200 | -2.0400 | -0.64143 | 0.809016
0 -448 224 -64 2 | p=2 | k=2 |   8.00000 |  3.9200 | -1.0400 | -0.64143 | 0.809016
0 -440 220 -256 2 | p=2 | k=2 |  16.00000 |  7.9200 | -0.0400 | +0.74486 | 1.156983
0 -440 220 -64 2 | p=2 | k=2 |   8.00000 |  5.9200 | -0.0400 | +0.05172 | 1.012764
0 -438 219 -81 2 | p=3 | k=2 |   9.00000 |  3.0800 | -0.4600 | -0.30814 | 0.916536
0 -434 217 -49 2 | p=7 | k=2 |   7.00000 |  0.0000 | -1.0000 | -2.00000 | 0.000000
0 -432 216 -256 2 | p=2 | k=2 |  16.00000 |  5.9200 | -1.0400 | +0.05172 | 1.012764
0 -432 216 -64 2 | p=2 | k=2 |   8.00000 |  0.0000 | -3.0000 | -2.00000 | 0.000000
0 -426 213 -81 2 | p=3 | k=2 |   9.00000 |  3.0800 | -0.4600 | -0.30814 | 0.916536
0 -424 212 -256 2 | p=2 | k=2 |  16.00000 |  7.9200 | -0.0400 | +0.74486 | 1.156983
0 -424 212 -64 2 | p=2 | k=2 |   8.00000 |  5.9200 | -0.0400 | +0.05172 | 1.012764
0 -416 208 -256 2 | p=2 | k=2 |  16.00000 |  0.0000 | -4.0000 | -2.00000 | 0.000000
0 -416 208 -64 2 | p=2 | k=2 |   8.00000 |  3.9200 | -1.0400 | -0.64143 | 0.809016
0 -414 207 -81 2 | p=3 | k=2 |   9.00000 |  0.0500 | -1.9900 | -1.95606 | 0.027315
0 -408 204 -256 2 | p=2 | k=2 |  16.00000 |  7.9200 | -0.0400 | +0.74486 | 1.156983
0 -408 204 -64 2 | p=2 | k=2 |   8.00000 |  5.9200 | -0.0400 | +0.05172 | 1.012764
0 -406 203 -49 2 | p=7 | k=2 |   7.00000 |  0.0000 | -1.0000 | -2.00000 | 0.000000
0 -402 201 -81 2 | p=3 | k=2 |   9.00000 |  3.0800 | -0.4600 | -0.30814 | 0.916536
0 -400 200 -256 2 | p=2 | k=2 |  16.00000 |  5.9200 | -1.0400 | +0.05172 | 1.012764
0 -400 200 -64 2 | p=2 | k=2 |   8.00000 |  0.0000 | -3.0000 | -2.00000 | 0.000000
0 -392 196 -256 2 | p=2 | k=2 |  16.00000 |  7.9200 | -0.0400 | +0.74486 | 1.156983
0 -392 196 -64 2 | p=2 | k=2 |   8.00000 |  5.9200 | -0.0400 | +0.05172 | 1.012764
0 -390 195 -81 2 | p=3 | k=2 |   9.00000 |  3.0800 | -0.4600 | -0.30814 | 0.916536
0 -384 192 -256 2 | p=2 | k=2 |  16.00000 |  3.9200 | -2.0400 | -0.64143 | 0.809016
0 -384 192 -64 2 | p=2 | k=2 |   8.00000 |  3.9200 | -1.0400 | -0.64143 | 0.809016
0 -378 189 -81 2 | p=3 | k=2 |   9.00000 |  0.0500 | -1.9900 | -1.95606 | 0.027315
0 -378 189 -49 2 | p=7 | k=2 |   7.00000 |  0.0000 | -1.0000 | -2.00000 | 0.000000
0 -376 188 -256 2 | p=2 | k=2 |  16.00000 |  7.9200 | -0.0400 | +0.74486 | 1.156983
0 -376 188 -64 2 | p=2 | k=2 |   8.00000 |  5.9200 | -0.0400 | +0.05172 | 1.012764
0 -368 184 -256 2 | p=2 | k=2 |  16.00000 |  5.9200 | -1.0400 | +0.05172 | 1.012764
0 -368 184 -64 2 | p=2 | k=2 |   8.00000 |  0.0000 | -3.0000 | -2.00000 | 0.000000
0 -366 183 -81 2 | p=3 | k=2 |   9.00000 |  3.0800 | -0.4600 | -0.30814 | 0.916536
0 -360 180 -256 2 | p=2 | k=2 |  16.00000 |  7.9200 | -0.0400 | +0.74486 | 1.156983
0 -360 180 -64 2 | p=2 | k=2 |   8.00000 |  5.9200 | -0.0400 | +0.05172 | 1.012764
0 -354 177 -81 2 | p=3 | k=2 |   9.00000 |  3.0800 | -0.4600 | -0.30814 | 0.916536
0 -352 176 -256 2 | p=2 | k=2 |  16.00000 |  0.0000 | -4.0000 | -2.00000 | 0.000000
0 -352 176 -64 2 | p=2 | k=2 |   8.00000 |  3.9200 | -1.0400 | -0.64143 | 0.809016
0 -350 175 -49 2 | p=7 | k=2 |   7.00000 |  0.0000 | -1.0000 | -2.00000 | 0.000000
0 -344 172 -256 2 | p=2 | k=2 |  16.00000 |  7.9200 | -0.0400 | +0.74486 | 1.156983
0 -344 172 -64 2 | p=2 | k=2 |   8.00000 |  5.9200 | -0.0400 | +0.05172 | 1.012764
0 -342 171 -81 2 | p=3 | k=2 |   9.00000 |  0.0500 | -1.9800 | -1.96704 | 0.027167
0 -336 168 -256 2 | p=2 | k=2 |  16.00000 |  5.9200 | -1.0400 | +0.05172 | 1.012764
0 -336 168 -64 2 | p=2 | k=2 |   8.00000 |  0.0000 | -3.0000 | -2.00000 | 0.000000
0 -330 165 -81 2 | p=3 | k=2 |   9.00000 |  3.0800 | -0.4600 | -0.30814 | 0.916536
0 -328 164 -256 2 | p=2 | k=2 |  16.00000 |  7.9200 | -0.0400 | +0.74486 | 1.156983
0 -328 164 -64 2 | p=2 | k=2 |   8.00000 |  5.9200 | -0.0400 | +0.05172 | 1.012764
0 -322 161 -49 2 | p=7 | k=2 |   7.00000 |  0.0000 | -1.0000 | -2.00000 | 0.000000
0 -320 160 -256 2 | p=2 | k=2 |  16.00000 |  3.9200 | -2.0400 | -0.64143 | 0.809016
0 -320 160 -64 2 | p=2 | k=2 |   8.00000 |  3.9200 | -1.0400 | -0.64143 | 0.809016
0 -318 159 -81 2 | p=3 | k=2 |   9.00000 |  3.0800 | -0.4600 | -0.30814 | 0.916536
0 -312 156 -256 2 | p=2 | k=2 |  16.00000 |  7.9200 | -0.0400 | +0.74486 | 1.156983
0 -312 156 -64 2 | p=2 | k=2 |   8.00000 |  5.9200 | -0.0400 | +0.05172 | 1.012764
0 -306 153 -81 2 | p=3 | k=2 |   9.00000 |  0.0500 | -2.0000 | -1.94507 | 0.027465
0 -304 152 -256 2 | p=2 | k=2 |  16.00000 |  5.9200 | -1.0400 | +0.05172 | 1.012764
0 -304 152 -64 2 | p=2 | k=2 |   8.00000 |  0.0000 | -3.0000 | -2.00000 | 0.000000
0 -296 148 -256 2 | p=2 | k=2 |  16.00000 |  7.9200 | -0.0400 | +0.74486 | 1.156983
0 -296 148 -64 2 | p=2 | k=2 |   8.00000 |  5.9200 | -0.0400 | +0.05172 | 1.012764
0 -294 147 -81 2 | p=3 | k=2 |   9.00000 |  3.0800 | -0.4600 | -0.30814 | 0.916536
0 -294 147 -49 2 | p=7 | k=2 |   7.00000 |  0.0000 | -1.0000 | -2.00000 | 0.000000
0 -288 144 -256 2 | p=2 | k=2 |  16.00000 |  0.0000 | -4.0000 | -2.00000 | 0.000000
0 -288 144 -64 2 | p=2 | k=2 |   8.00000 |  3.9200 | -1.0400 | -0.64143 | 0.809016
0 -282 141 -81 2 | p=3 | k=2 |   9.00000 |  3.0800 | -0.4600 | -0.30814 | 0.916536
0 -280 140 -256 2 | p=2 | k=2 |  16.00000 |  7.9200 | -0.0400 | +0.74486 | 1.156983
0 -280 140 -64 2 | p=2 | k=2 |   8.00000 |  5.9200 | -0.0400 | +0.05172 | 1.012764
0 -272 136 -256 2 | p=2 | k=2 |  16.00000 |  5.9200 | -1.0400 | +0.05172 | 1.012764
0 -272 136 -64 2 | p=2 | k=2 |   8.00000 |  0.0000 | -3.0000 | -2.00000 | 0.000000
0 -270 135 -81 2 | p=3 | k=2 |   9.00000 |  0.0500 | -2.0000 | -1.94507 | 0.027465
0 -266 133 -49 2 | p=7 | k=2 |   7.00000 |  0.0000 | -1.0000 | -2.00000 | 0.000000
0 -264 132 -256 2 | p=2 | k=2 |  16.00000 |  7.9200 | -0.0400 | +0.74486 | 1.156983
0 -264 132 -64 2 | p=2 | k=2 |   8.00000 |  5.9200 | -0.0400 | +0.05172 | 1.012764
0 -258 129 -81 2 | p=3 | k=2 |   9.00000 |  3.0800 | -0.4600 | -0.30814 | 0.916536
0 -256 128 -256 2 | p=2 | k=2 |  16.00000 |  3.9200 | -2.0400 | -0.64143 | 0.809016
0 -256 128 -64 2 | p=2 | k=2 |   8.00000 |  3.9200 | -1.0400 | -0.64143 | 0.809016
0 -248 124 -256 2 | p=2 | k=2 |  16.00000 |  7.9200 | -0.0400 | +0.74486 | 1.156983
0 -248 124 -64 2 | p=2 | k=2 |   8.00000 |  5.9200 | -0.0400 | +0.05172 | 1.012764
0 -246 123 -81 2 | p=3 | k=2 |   9.00000 |  3.0800 | -0.4600 | -0.30814 | 0.916536
0 -240 120 -256 2 | p=2 | k=2 |  16.00000 |  5.9200 | -1.0400 | +0.05172 | 1.012764
0 -240 120 -64 2 | p=2 | k=2 |   8.00000 |  0.0000 | -3.0000 | -2.00000 | 0.000000
0 -238 119 -49 2 | p=7 | k=2 |   7.00000 |  0.0000 | -1.0000 | -2.00000 | 0.000000
0 -234 117 -81 2 | p=3 | k=2 |   9.00000 |  0.0500 | -2.0000 | -1.94507 | 0.027465
0 -232 116 -256 2 | p=2 | k=2 |  16.00000 |  7.9200 | -0.0400 | +0.74486 | 1.156983
0 -232 116 -64 2 | p=2 | k=2 |   8.00000 |  5.9200 | -0.0400 | +0.05172 | 1.012764
0 -224 112 -256 2 | p=2 | k=2 |  16.00000 |  0.0000 | -4.0000 | -2.00000 | 0.000000
0 -224 112 -64 2 | p=2 | k=2 |   8.00000 |  3.9200 | -1.0400 | -0.64143 | 0.809016
0 -222 111 -81 2 | p=3 | k=2 |   9.00000 |  3.0800 | -0.4600 | -0.30814 | 0.916536
0 -216 108 -256 2 | p=2 | k=2 |  16.00000 |  7.9200 | -0.0400 | +0.74486 | 1.156983
0 -216 108 -64 2 | p=2 | k=2 |   8.00000 |  5.9200 | -0.0400 | +0.05172 | 1.012764
0 -210 105 -81 2 | p=3 | k=2 |   9.00000 |  3.0800 | -0.4600 | -0.30814 | 0.916536
0 -210 105 -49 2 | p=7 | k=2 |   7.00000 |  0.0000 | -1.0000 | -2.00000 | 0.000000
0 -208 104 -256 2 | p=2 | k=2 |  16.00000 |  5.9200 | -1.0400 | +0.05172 | 1.012764
0 -208 104 -64 2 | p=2 | k=2 |   8.00000 |  0.0000 | -3.0000 | -2.00000 | 0.000000
0 -200 100 -256 2 | p=2 | k=2 |  16.00000 |  7.9200 | -0.0400 | +0.74486 | 1.156983
0 -200 100 -64 2 | p=2 | k=2 |   8.00000 |  5.9200 | -0.0400 | +0.05172 | 1.012764
0 -198 99 -81 2 | p=3 | k=2 |   9.00000 |  0.0500 | -2.0000 | -1.94507 | 0.027465
0 -192 96 -256 2 | p=2 | k=2 |  16.00000 |  3.9200 | -2.0400 | -0.64143 | 0.809016
0 -192 96 -64 2 | p=2 | k=2 |   8.00000 |  3.9200 | -1.0400 | -0.64143 | 0.809016
0 -186 93 -81 2 | p=3 | k=2 |   9.00000 |  3.0800 | -0.4600 | -0.30814 | 0.916536
0 -184 92 -256 2 | p=2 | k=2 |  16.00000 |  7.9200 | -0.0400 | +0.74486 | 1.156983
0 -184 92 -64 2 | p=2 | k=2 |   8.00000 |  5.9200 | -0.0400 | +0.05172 | 1.012764
0 -182 91 -49 2 | p=7 | k=2 |   7.00000 |  0.0000 | -1.0000 | -2.00000 | 0.000000
0 -176 88 -256 2 | p=2 | k=2 |  16.00000 |  5.9200 | -1.0400 | +0.05172 | 1.012764
0 -176 88 -64 2 | p=2 | k=2 |   8.00000 |  0.0000 | -3.0000 | -2.00000 | 0.000000
0 -174 87 -81 2 | p=3 | k=2 |   9.00000 |  3.0800 | -0.4600 | -0.30814 | 0.916536
0 -168 84 -256 2 | p=2 | k=2 |  16.00000 |  7.9200 | -0.0400 | +0.74486 | 1.156983
0 -168 84 -64 2 | p=2 | k=2 |   8.00000 |  5.9200 | -0.0400 | +0.05172 | 1.012764
0 -162 81 -81 2 | p=3 | k=2 |   9.00000 |  0.0500 | -2.0100 | -1.93408 | 0.027617
0 -160 80 -256 2 | p=2 | k=2 |  16.00000 |  0.0000 | -4.0000 | -2.00000 | 0.000000
0 -160 80 -64 2 | p=2 | k=2 |   8.00000 |  3.9200 | -1.0400 | -0.64143 | 0.809016
0 -154 77 -49 2 | p=7 | k=2 |   7.00000 |  0.0000 | -1.0000 | -2.00000 | 0.000000
0 -152 76 -256 2 | p=2 | k=2 |  16.00000 |  7.9200 | -0.0400 | +0.74486 | 1.156983
0 -152 76 -64 2 | p=2 | k=2 |   8.00000 |  5.9200 | -0.0400 | +0.05172 | 1.012764
0 -150 75 -81 2 | p=3 | k=2 |   9.00000 |  3.0800 | -0.4600 | -0.30814 | 0.916536
0 -144 72 -256 2 | p=2 | k=2 |  16.00000 |  5.9200 | -1.0400 | +0.05172 | 1.012764
0 -144 72 -64 2 | p=2 | k=2 |   8.00000 |  0.0000 | -3.0000 | -2.00000 | 0.000000
0 -138 69 -81 2 | p=3 | k=2 |   9.00000 |  3.0800 | -0.4600 | -0.30814 | 0.916536
0 -136 68 -256 2 | p=2 | k=2 |  16.00000 |  7.9200 | -0.0400 | +0.74486 | 1.156983
0 -136 68 -64 2 | p=2 | k=2 |   8.00000 |  5.9200 | -0.0400 | +0.05172 | 1.012764
0 -128 64 -256 2 | p=2 | k=2 |  16.00000 |  3.9200 | -2.0400 | -0.64143 | 0.809016
0 -128 64 -64 2 | p=2 | k=2 |   8.00000 |  3.9200 | -1.0400 | -0.64143 | 0.809016
0 -126 63 -81 2 | p=3 | k=2 |   9.00000 |  0.0500 | -2.0000 | -1.94507 | 0.027465
0 -126 63 -49 2 | p=7 | k=2 |   7.00000 |  0.0000 | -1.0000 | -2.00000 | 0.000000
0 -120 60 -256 2 | p=2 | k=2 |  16.00000 |  7.9200 | -0.0400 | +0.74486 | 1.156983
0 -120 60 -64 2 | p=2 | k=2 |   8.00000 |  5.9200 | -0.0400 | +0.05172 | 1.012764
0 -114 57 -81 2 | p=3 | k=2 |   9.00000 |  3.0800 | -0.4600 | -0.30814 | 0.916536
0 -112 56 -256 2 | p=2 | k=2 |  16.00000 |  5.9200 | -1.0400 | +0.05172 | 1.012764
0 -112 56 -64 2 | p=2 | k=2 |   8.00000 |  0.0000 | -3.0000 | -2.00000 | 0.000000
0 -104 52 -256 2 | p=2 | k=2 |  16.00000 |  7.9200 | -0.0400 | +0.74486 | 1.156983
0 -104 52 -64 2 | p=2 | k=2 |   8.00000 |  5.9200 | -0.0400 | +0.05172 | 1.012764
0 -102 51 -81 2 | p=3 | k=2 |   9.00000 |  3.0800 | -0.4600 | -0.30814 | 0.916536
0 -98 49 -49 2 | p=7 | k=2 |   7.00000 |  0.0000 | -1.0000 | -2.00000 | 0.000000
0 -96 48 -256 2 | p=2 | k=2 |  16.00000 |  0.0000 | -4.0000 | -2.00000 | 0.000000
0 -96 48 -64 2 | p=2 | k=2 |   8.00000 |  3.9200 | -1.0400 | -0.64143 | 0.809016
0 -90 45 -81 2 | p=3 | k=2 |   9.00000 |  0.0500 | -2.0000 | -1.94507 | 0.027465
0 -88 44 -256 2 | p=2 | k=2 |  16.00000 |  7.9200 | -0.0400 | +0.74486 | 1.156983
0 -88 44 -64 2 | p=2 | k=2 |   8.00000 |  5.9200 | -0.0400 | +0.05172 | 1.012764
0 -80 40 -256 2 | p=2 | k=2 |  16.00000 |  5.9200 | -1.0400 | +0.05172 | 1.012764
0 -80 40 -64 2 | p=2 | k=2 |   8.00000 |  0.0000 | -3.0000 | -2.00000 | 0.000000
0 -78 39 -81 2 | p=3 | k=2 |   9.00000 |  3.0800 | -0.4600 | -0.30814 | 0.916536
0 -72 36 -256 2 | p=2 | k=2 |  16.00000 |  7.9200 | -0.0400 | +0.74486 | 1.156983
0 -72 36 -64 2 | p=2 | k=2 |   8.00000 |  5.9200 | -0.0400 | +0.05172 | 1.012764
0 -70 35 -49 2 | p=7 | k=2 |   7.00000 |  0.0000 | -1.0000 | -2.00000 | 0.000000
0 -66 33 -81 2 | p=3 | k=2 |   9.00000 |  3.0800 | -0.4600 | -0.30814 | 0.916536
0 -64 32 -256 2 | p=2 | k=2 |  16.00000 |  3.9200 | -2.0400 | -0.64143 | 0.809016
0 -64 32 -64 2 | p=2 | k=2 |   8.00000 |  3.9200 | -1.0400 | -0.64143 | 0.809016
0 -56 28 -256 2 | p=2 | k=2 |  16.00000 |  7.9200 | -0.0400 | +0.74486 | 1.156983
0 -56 28 -64 2 | p=2 | k=2 |   8.00000 |  5.9200 | -0.0400 | +0.05172 | 1.012764
0 -54 27 -81 2 | p=3 | k=2 |   9.00000 |  0.0500 | -2.0000 | -1.94507 | 0.027465
0 -48 24 -256 2 | p=2 | k=2 |  16.00000 |  5.9200 | -1.0400 | +0.05172 | 1.012764
0 -48 24 -64 2 | p=2 | k=2 |   8.00000 |  0.0000 | -3.0000 | -2.00000 | 0.000000
0 -42 21 -81 2 | p=3 | k=2 |   9.00000 |  3.0800 | -0.4600 | -0.30814 | 0.916536
0 -42 21 -49 2 | p=7 | k=2 |   7.00000 |  0.0000 | -1.0000 | -2.00000 | 0.000000
0 -40 20 -256 2 | p=2 | k=2 |  16.00000 |  7.9200 | -0.0400 | +0.74486 | 1.156983
0 -40 20 -64 2 | p=2 | k=2 |   8.00000 |  5.9200 | -0.0400 | +0.05172 | 1.012764
0 -32 16 -64 2 | p=2 | k=2 |   8.00000 |  3.9200 | -1.0400 | -0.64143 | 0.809016
0 -30 15 -81 2 | p=3 | k=2 |   9.00000 |  3.0800 | -0.4600 | -0.30814 | 0.916536
0 -24 12 -256 2 | p=2 | k=2 |  16.00000 |  7.9200 | -0.0400 | +0.74486 | 1.156983
0 -24 12 -64 2 | p=2 | k=2 |   8.00000 |  5.9200 | -0.0400 | +0.05172 | 1.012764
0 -16 8 -256 2 | p=2 | k=2 |  16.00000 |  5.9200 | -1.0400 | +0.05172 | 1.012764
0 -8 4 -256 2 | p=2 | k=2 |  16.00000 |  7.9200 | -0.0400 | +0.74486 | 1.156983
0 -8 4 -64 2 | p=2 | k=2 |   8.00000 |  5.9200 | -0.0400 | +0.05172 | 1.012764
0 -6 3 -81 2 | p=3 | k=2 |   9.00000 |  3.0800 | -0.4600 | -0.30814 | 0.916536
0 6 3 -81 0 | p=3 | k=2 |   9.00000 |  3.0700 | -0.4600 | -0.31912 | 0.913560
0 8 4 -256 0 | p=2 | k=2 |  16.00000 |  7.9200 | -0.0400 | +0.74486 | 1.156983
0 8 4 -64 0 | p=2 | k=2 |   8.00000 |  5.9200 | -0.0400 | +0.05172 | 1.012764
0 14 7 -49 0 | p=7 | k=2 |   7.00000 |  0.0000 | -1.0000 | -2.00000 | 0.000000
0 16 8 -256 0 | p=2 | k=2 |  16.00000 |  5.9200 | -1.0400 | +0.05172 | 1.012764
0 16 8 -64 0 | p=2 | k=2 |   8.00000 |  0.0000 | -3.0000 | -2.00000 | 0.000000
0 18 9 -81 0 | p=3 | k=2 |   9.00000 |  0.0500 | -2.0000 | -1.94507 | 0.027465
0 24 12 -256 0 | p=2 | k=2 |  16.00000 |  7.9200 | -0.0400 | +0.74486 | 1.156983
0 24 12 -64 0 | p=2 | k=2 |   8.00000 |  5.9200 | -0.0400 | +0.05172 | 1.012764
0 30 15 -81 0 | p=3 | k=2 |   9.00000 |  3.0700 | -0.4600 | -0.31912 | 0.913560
0 32 16 -256 0 | p=2 | k=2 |  16.00000 |  0.0000 | -4.0000 | -2.00000 | 0.000000
0 32 16 -64 0 | p=2 | k=2 |   8.00000 |  3.9200 | -1.0400 | -0.64143 | 0.809016
0 40 20 -256 0 | p=2 | k=2 |  16.00000 |  7.9200 | -0.0400 | +0.74486 | 1.156983
0 40 20 -64 0 | p=2 | k=2 |   8.00000 |  5.9200 | -0.0400 | +0.05172 | 1.012764
0 42 21 -81 0 | p=3 | k=2 |   9.00000 |  3.0700 | -0.4600 | -0.31912 | 0.913560
0 42 21 -49 0 | p=7 | k=2 |   7.00000 |  0.0000 | -1.0000 | -2.00000 | 0.000000
0 48 24 -256 0 | p=2 | k=2 |  16.00000 |  5.9200 | -1.0400 | +0.05172 | 1.012764
0 48 24 -64 0 | p=2 | k=2 |   8.00000 |  0.0000 | -3.0000 | -2.00000 | 0.000000
0 54 27 -81 0 | p=3 | k=2 |   9.00000 |  0.0500 | -2.0100 | -1.93408 | 0.027617
0 56 28 -256 0 | p=2 | k=2 |  16.00000 |  7.9200 | -0.0400 | +0.74486 | 1.156983
0 56 28 -64 0 | p=2 | k=2 |   8.00000 |  5.9200 | -0.0400 | +0.05172 | 1.012764
0 64 32 -256 0 | p=2 | k=2 |  16.00000 |  3.9200 | -2.0400 | -0.64143 | 0.809016
0 64 32 -64 0 | p=2 | k=2 |   8.00000 |  3.9200 | -1.0400 | -0.64143 | 0.809016
0 66 33 -81 0 | p=3 | k=2 |   9.00000 |  3.0700 | -0.4600 | -0.31912 | 0.913560
0 70 35 -49 0 | p=7 | k=2 |   7.00000 |  0.0000 | -1.0000 | -2.00000 | 0.000000
0 72 36 -256 0 | p=2 | k=2 |  16.00000 |  7.9200 | -0.0400 | +0.74486 | 1.156983
0 72 36 -64 0 | p=2 | k=2 |   8.00000 |  5.9200 | -0.0400 | +0.05172 | 1.012764
0 78 39 -81 0 | p=3 | k=2 |   9.00000 |  3.0700 | -0.4600 | -0.31912 | 0.913560
0 80 40 -256 0 | p=2 | k=2 |  16.00000 |  5.9200 | -1.0400 | +0.05172 | 1.012764
0 80 40 -64 0 | p=2 | k=2 |   8.00000 |  0.0000 | -3.0000 | -2.00000 | 0.000000
0 88 44 -256 0 | p=2 | k=2 |  16.00000 |  7.9200 | -0.0400 | +0.74486 | 1.156983
0 88 44 -64 0 | p=2 | k=2 |   8.00000 |  5.9200 | -0.0400 | +0.05172 | 1.012764
0 90 45 -81 0 | p=3 | k=2 |   9.00000 |  0.0500 | -2.0000 | -1.94507 | 0.027465
0 96 48 -256 0 | p=2 | k=2 |  16.00000 |  0.0000 | -4.0000 | -2.00000 | 0.000000
0 96 48 -64 0 | p=2 | k=2 |   8.00000 |  3.9200 | -1.0400 | -0.64143 | 0.809016
0 98 49 -49 0 | p=7 | k=2 |   7.00000 |  0.0000 | -0.9900 | -2.01946 | 0.000000
0 102 51 -81 0 | p=3 | k=2 |   9.00000 |  3.0700 | -0.4600 | -0.31912 | 0.913560
0 104 52 -256 0 | p=2 | k=2 |  16.00000 |  7.9200 | -0.0400 | +0.74486 | 1.156983
0 104 52 -64 0 | p=2 | k=2 |   8.00000 |  5.9200 | -0.0400 | +0.05172 | 1.012764
0 112 56 -256 0 | p=2 | k=2 |  16.00000 |  5.9200 | -1.0400 | +0.05172 | 1.012764
0 112 56 -64 0 | p=2 | k=2 |   8.00000 |  0.0000 | -3.0000 | -2.00000 | 0.000000
0 114 57 -81 0 | p=3 | k=2 |   9.00000 |  3.0700 | -0.4600 | -0.31912 | 0.913560
0 120 60 -256 0 | p=2 | k=2 |  16.00000 |  7.9200 | -0.0400 | +0.74486 | 1.156983
0 120 60 -64 0 | p=2 | k=2 |   8.00000 |  5.9200 | -0.0400 | +0.05172 | 1.012764
0 126 63 -81 0 | p=3 | k=2 |   9.00000 |  0.0500 | -2.0000 | -1.94507 | 0.027465
0 126 63 -49 0 | p=7 | k=2 |   7.00000 |  0.0000 | -1.0000 | -2.00000 | 0.000000
0 128 64 -256 0 | p=2 | k=2 |  16.00000 |  3.9200 | -2.0400 | -0.64143 | 0.809016
0 128 64 -64 0 | p=2 | k=2 |   8.00000 |  3.9200 | -1.0400 | -0.64143 | 0.809016
0 136 68 -256 0 | p=2 | k=2 |  16.00000 |  7.9200 | -0.0400 | +0.74486 | 1.156983
0 136 68 -64 0 | p=2 | k=2 |   8.00000 |  5.9200 | -0.0400 | +0.05172 | 1.012764
0 138 69 -81 0 | p=3 | k=2 |   9.00000 |  3.0700 | -0.4600 | -0.31912 | 0.913560
0 144 72 -256 0 | p=2 | k=2 |  16.00000 |  5.9200 | -1.0400 | +0.05172 | 1.012764
0 144 72 -64 0 | p=2 | k=2 |   8.00000 |  0.0000 | -3.0000 | -2.00000 | 0.000000
0 150 75 -81 0 | p=3 | k=2 |   9.00000 |  3.0700 | -0.4600 | -0.31912 | 0.913560
0 152 76 -256 0 | p=2 | k=2 |  16.00000 |  7.9200 | -0.0400 | +0.74486 | 1.156983
0 152 76 -64 0 | p=2 | k=2 |   8.00000 |  5.9200 | -0.0400 | +0.05172 | 1.012764
0 154 77 -49 0 | p=7 | k=2 |   7.00000 |  0.0000 | -1.0000 | -2.00000 | 0.000000
0 160 80 -256 0 | p=2 | k=2 |  16.00000 |  0.0000 | -4.0000 | -2.00000 | 0.000000
0 160 80 -64 0 | p=2 | k=2 |   8.00000 |  3.9200 | -1.0400 | -0.64143 | 0.809016
0 162 81 -81 0 | p=3 | k=2 |   9.00000 |  0.0500 | -2.0200 | -1.92310 | 0.027770
0 168 84 -256 0 | p=2 | k=2 |  16.00000 |  7.9200 | -0.0400 | +0.74486 | 1.156983
0 168 84 -64 0 | p=2 | k=2 |   8.00000 |  5.9200 | -0.0400 | +0.05172 | 1.012764
0 174 87 -81 0 | p=3 | k=2 |   9.00000 |  3.0700 | -0.4600 | -0.31912 | 0.913560
0 176 88 -256 0 | p=2 | k=2 |  16.00000 |  5.9200 | -1.0400 | +0.05172 | 1.012764
0 176 88 -64 0 | p=2 | k=2 |   8.00000 |  0.0000 | -3.0000 | -2.00000 | 0.000000
0 182 91 -49 0 | p=7 | k=2 |   7.00000 |  0.0000 | -1.0000 | -2.00000 | 0.000000
0 184 92 -256 0 | p=2 | k=2 |  16.00000 |  7.9200 | -0.0400 | +0.74486 | 1.156983
0 184 92 -64 0 | p=2 | k=2 |   8.00000 |  5.9200 | -0.0400 | +0.05172 | 1.012764
0 186 93 -81 0 | p=3 | k=2 |   9.00000 |  3.0700 | -0.4600 | -0.31912 | 0.913560
0 192 96 -256 0 | p=2 | k=2 |  16.00000 |  3.9200 | -2.0400 | -0.64143 | 0.809016
0 192 96 -64 0 | p=2 | k=2 |   8.00000 |  3.9200 | -1.0400 | -0.64143 | 0.809016
0 198 99 -81 0 | p=3 | k=2 |   9.00000 |  0.0500 | -2.0000 | -1.94507 | 0.027465
0 200 100 -256 0 | p=2 | k=2 |  16.00000 |  7.9200 | -0.0400 | +0.74486 | 1.156983
0 200 100 -64 0 | p=2 | k=2 |   8.00000 |  5.9200 | -0.0400 | +0.05172 | 1.012764
0 208 104 -256 0 | p=2 | k=2 |  16.00000 |  5.9200 | -1.0400 | +0.05172 | 1.012764
0 208 104 -64 0 | p=2 | k=2 |   8.00000 |  0.0000 | -3.0000 | -2.00000 | 0.000000
0 210 105 -81 0 | p=3 | k=2 |   9.00000 |  3.0700 | -0.4600 | -0.31912 | 0.913560
0 210 105 -49 0 | p=7 | k=2 |   7.00000 |  0.0000 | -1.0000 | -2.00000 | 0.000000
0 216 108 -256 0 | p=2 | k=2 |  16.00000 |  7.9200 | -0.0400 | +0.74486 | 1.156983
0 216 108 -64 0 | p=2 | k=2 |   8.00000 |  5.9200 | -0.0400 | +0.05172 | 1.012764
0 222 111 -81 0 | p=3 | k=2 |   9.00000 |  3.0700 | -0.4600 | -0.31912 | 0.913560
0 224 112 -256 0 | p=2 | k=2 |  16.00000 |  0.0000 | -4.0000 | -2.00000 | 0.000000
0 224 112 -64 0 | p=2 | k=2 |   8.00000 |  3.9200 | -1.0400 | -0.64143 | 0.809016
0 232 116 -256 0 | p=2 | k=2 |  16.00000 |  7.9200 | -0.0400 | +0.74486 | 1.156983
0 232 116 -64 0 | p=2 | k=2 |   8.00000 |  5.9200 | -0.0400 | +0.05172 | 1.012764
0 234 117 -81 0 | p=3 | k=2 |   9.00000 |  0.0500 | -2.0000 | -1.94507 | 0.027465
0 238 119 -49 0 | p=7 | k=2 |   7.00000 |  0.0000 | -1.0000 | -2.00000 | 0.000000
0 240 120 -256 0 | p=2 | k=2 |  16.00000 |  5.9200 | -1.0400 | +0.05172 | 1.012764
0 240 120 -64 0 | p=2 | k=2 |   8.00000 |  0.0000 | -3.0000 | -2.00000 | 0.000000
0 246 123 -81 0 | p=3 | k=2 |   9.00000 |  3.0700 | -0.4600 | -0.31912 | 0.913560
0 248 124 -256 0 | p=2 | k=2 |  16.00000 |  7.9200 | -0.0400 | +0.74486 | 1.156983
0 248 124 -64 0 | p=2 | k=2 |   8.00000 |  5.9200 | -0.0400 | +0.05172 | 1.012764
0 256 128 -256 0 | p=2 | k=2 |  16.00000 |  3.9200 | -2.0400 | -0.64143 | 0.809016
0 256 128 -64 0 | p=2 | k=2 |   8.00000 |  3.9200 | -1.0400 | -0.64143 | 0.809016
0 258 129 -81 0 | p=3 | k=2 |   9.00000 |  3.0700 | -0.4600 | -0.31912 | 0.913560
0 264 132 -256 0 | p=2 | k=2 |  16.00000 |  7.9200 | -0.0400 | +0.74486 | 1.156983
0 264 132 -64 0 | p=2 | k=2 |   8.00000 |  5.9200 | -0.0400 | +0.05172 | 1.012764
0 266 133 -49 0 | p=7 | k=2 |   7.00000 |  0.0000 | -1.0000 | -2.00000 | 0.000000
0 270 135 -81 0 | p=3 | k=2 |   9.00000 |  0.0500 | -2.0100 | -1.93408 | 0.027617
0 272 136 -256 0 | p=2 | k=2 |  16.00000 |  5.9200 | -1.0400 | +0.05172 | 1.012764
0 272 136 -64 0 | p=2 | k=2 |   8.00000 |  0.0000 | -3.0000 | -2.00000 | 0.000000
0 280 140 -256 0 | p=2 | k=2 |  16.00000 |  7.9200 | -0.0400 | +0.74486 | 1.156983
0 280 140 -64 0 | p=2 | k=2 |   8.00000 |  5.9200 | -0.0400 | +0.05172 | 1.012764
0 282 141 -81 0 | p=3 | k=2 |   9.00000 |  3.0700 | -0.4600 | -0.31912 | 0.913560
0 288 144 -256 0 | p=2 | k=2 |  16.00000 |  0.0000 | -4.0000 | -2.00000 | 0.000000
0 288 144 -64 0 | p=2 | k=2 |   8.00000 |  3.9200 | -1.0400 | -0.64143 | 0.809016
0 294 147 -81 0 | p=3 | k=2 |   9.00000 |  3.0700 | -0.4600 | -0.31912 | 0.913560
0 294 147 -49 0 | p=7 | k=2 |   7.00000 |  0.0000 | -0.9900 | -2.01946 | 0.000000
0 296 148 -256 0 | p=2 | k=2 |  16.00000 |  7.9200 | -0.0400 | +0.74486 | 1.156983
0 296 148 -64 0 | p=2 | k=2 |   8.00000 |  5.9200 | -0.0400 | +0.05172 | 1.012764
0 304 152 -256 0 | p=2 | k=2 |  16.00000 |  5.9200 | -1.0400 | +0.05172 | 1.012764
0 304 152 -64 0 | p=2 | k=2 |   8.00000 |  0.0000 | -3.0000 | -2.00000 | 0.000000
0 306 153 -81 0 | p=3 | k=2 |   9.00000 |  0.0500 | -2.0000 | -1.94507 | 0.027465
0 312 156 -256 0 | p=2 | k=2 |  16.00000 |  7.9200 | -0.0400 | +0.74486 | 1.156983
0 312 156 -64 0 | p=2 | k=2 |   8.00000 |  5.9200 | -0.0400 | +0.05172 | 1.012764
0 318 159 -81 0 | p=3 | k=2 |   9.00000 |  3.0700 | -0.4600 | -0.31912 | 0.913560
0 320 160 -256 0 | p=2 | k=2 |  16.00000 |  3.9200 | -2.0400 | -0.64143 | 0.809016
0 320 160 -64 0 | p=2 | k=2 |   8.00000 |  3.9200 | -1.0400 | -0.64143 | 0.809016
0 322 161 -49 0 | p=7 | k=2 |   7.00000 |  0.0000 | -1.0000 | -2.00000 | 0.000000
0 328 164 -256 0 | p=2 | k=2 |  16.00000 |  7.9200 | -0.0400 | +0.74486 | 1.156983
0 328 164 -64 0 | p=2 | k=2 |   8.00000 |  5.9200 | -0.0400 | +0.05172 | 1.012764
0 330 165 -81 0 | p=3 | k=2 |   9.00000 |  3.0700 | -0.4600 | -0.31912 | 0.913560
0 336 168 -256 0 | p=2 | k=2 |  16.00000 |  5.9200 | -1.0400 | +0.05172 | 1.012764
0 336 168 -64 0 | p=2 | k=2 |   8.00000 |  0.0000 | -3.0000 | -2.00000 | 0.000000
0 342 171 -81 0 | p=3 | k=2 |   9.00000 |  0.0500 | -1.9900 | -1.95606 | 0.027315
0 344 172 -256 0 | p=2 | k=2 |  16.00000 |  7.9200 | -0.0400 | +0.74486 | 1.156983
0 344 172 -64 0 | p=2 | k=2 |   8.00000 |  5.9200 | -0.0400 | +0.05172 | 1.012764
0 350 175 -49 0 | p=7 | k=2 |   7.00000 |  0.0000 | -1.0000 | -2.00000 | 0.000000
0 352 176 -256 0 | p=2 | k=2 |  16.00000 |  0.0000 | -4.0000 | -2.00000 | 0.000000
0 352 176 -64 0 | p=2 | k=2 |   8.00000 |  3.9200 | -1.0400 | -0.64143 | 0.809016
0 354 177 -81 0 | p=3 | k=2 |   9.00000 |  3.0700 | -0.4600 | -0.31912 | 0.913560
0 360 180 -256 0 | p=2 | k=2 |  16.00000 |  7.9200 | -0.0400 | +0.74486 | 1.156983
0 360 180 -64 0 | p=2 | k=2 |   8.00000 |  5.9200 | -0.0400 | +0.05172 | 1.012764
0 366 183 -81 0 | p=3 | k=2 |   9.00000 |  3.0700 | -0.4600 | -0.31912 | 0.913560
0 368 184 -256 0 | p=2 | k=2 |  16.00000 |  5.9200 | -1.0400 | +0.05172 | 1.012764
0 368 184 -64 0 | p=2 | k=2 |   8.00000 |  0.0000 | -3.0000 | -2.00000 | 0.000000
0 376 188 -256 0 | p=2 | k=2 |  16.00000 |  7.9200 | -0.0400 | +0.74486 | 1.156983
0 376 188 -64 0 | p=2 | k=2 |   8.00000 |  5.9200 | -0.0400 | +0.05172 | 1.012764
0 378 189 -81 0 | p=3 | k=2 |   9.00000 |  0.0500 | -2.0000 | -1.94507 | 0.027465
0 378 189 -49 0 | p=7 | k=2 |   7.00000 |  0.0000 | -1.0000 | -2.00000 | 0.000000
0 384 192 -256 0 | p=2 | k=2 |  16.00000 |  3.9200 | -2.0400 | -0.64143 | 0.809016
0 384 192 -64 0 | p=2 | k=2 |   8.00000 |  3.9200 | -1.0400 | -0.64143 | 0.809016
0 390 195 -81 0 | p=3 | k=2 |   9.00000 |  3.0700 | -0.4600 | -0.31912 | 0.913560
0 392 196 -256 0 | p=2 | k=2 |  16.00000 |  7.9200 | -0.0400 | +0.74486 | 1.156983
0 392 196 -64 0 | p=2 | k=2 |   8.00000 |  5.9200 | -0.0400 | +0.05172 | 1.012764
0 400 200 -256 0 | p=2 | k=2 |  16.00000 |  5.9200 | -1.0400 | +0.05172 | 1.012764
0 400 200 -64 0 | p=2 | k=2 |   8.00000 |  0.0000 | -3.0000 | -2.00000 | 0.000000
0 402 201 -81 0 | p=3 | k=2 |   9.00000 |  3.0700 | -0.4600 | -0.31912 | 0.913560
0 406 203 -49 0 | p=7 | k=2 |   7.00000 |  0.0000 | -1.0000 | -2.00000 | 0.000000
0 408 204 -256 0 | p=2 | k=2 |  16.00000 |  7.9200 | -0.0400 | +0.74486 | 1.156983
0 408 204 -64 0 | p=2 | k=2 |   8.00000 |  5.9200 | -0.0400 | +0.05172 | 1.012764
0 414 207 -81 0 | p=3 | k=2 |   9.00000 |  0.0500 | -1.9900 | -1.95606 | 0.027315
0 416 208 -256 0 | p=2 | k=2 |  16.00000 |  0.0000 | -4.0000 | -2.00000 | 0.000000
0 416 208 -64 0 | p=2 | k=2 |   8.00000 |  3.9200 | -1.0400 | -0.64143 | 0.809016
0 424 212 -256 0 | p=2 | k=2 |  16.00000 |  7.9200 | -0.0400 | +0.74486 | 1.156983
0 424 212 -64 0 | p=2 | k=2 |   8.00000 |  5.9200 | -0.0400 | +0.05172 | 1.012764
0 426 213 -81 0 | p=3 | k=2 |   9.00000 |  3.0700 | -0.4600 | -0.31912 | 0.913560
0 432 216 -256 0 | p=2 | k=2 |  16.00000 |  5.9200 | -1.0400 | +0.05172 | 1.012764
0 432 216 -64 0 | p=2 | k=2 |   8.00000 |  0.0000 | -3.0000 | -2.00000 | 0.000000
0 434 217 -49 0 | p=7 | k=2 |   7.00000 |  0.0000 | -1.0000 | -2.00000 | 0.000000
0 438 219 -81 0 | p=3 | k=2 |   9.00000 |  3.0700 | -0.4600 | -0.31912 | 0.913560
0 440 220 -256 0 | p=2 | k=2 |  16.00000 |  7.9200 | -0.0400 | +0.74486 | 1.156983
0 440 220 -64 0 | p=2 | k=2 |   8.00000 |  5.9200 | -0.0400 | +0.05172 | 1.012764
0 448 224 -256 0 | p=2 | k=2 |  16.00000 |  3.9200 | -2.0400 | -0.64143 | 0.809016
0 448 224 -64 0 | p=2 | k=2 |   8.00000 |  3.9200 | -1.0400 | -0.64143 | 0.809016
0 450 225 -81 0 | p=3 | k=2 |   9.00000 |  0.0500 | -1.9900 | -1.95606 | 0.027315
0 456 228 -256 0 | p=2 | k=2 |  16.00000 |  7.9200 | -0.0400 | +0.74486 | 1.156983
0 456 228 -64 0 | p=2 | k=2 |   8.00000 |  5.9200 | -0.0400 | +0.05172 | 1.012764
0 462 231 -81 0 | p=3 | k=2 |   9.00000 |  3.0700 | -0.4600 | -0.31912 | 0.913560
0 462 231 -49 0 | p=7 | k=2 |   7.00000 |  0.0000 | -1.0000 | -2.00000 | 0.000000
0 464 232 -256 0 | p=2 | k=2 |  16.00000 |  5.9200 | -1.0400 | +0.05172 | 1.012764
0 464 232 -64 0 | p=2 | k=2 |   8.00000 |  0.0000 | -3.0000 | -2.00000 | 0.000000
0 472 236 -256 0 | p=2 | k=2 |  16.00000 |  7.9200 | -0.0400 | +0.74486 | 1.156983
0 472 236 -64 0 | p=2 | k=2 |   8.00000 |  5.9200 | -0.0400 | +0.05172 | 1.012764
0 474 237 -81 0 | p=3 | k=2 |   9.00000 |  3.0700 | -0.4600 | -0.31912 | 0.913560
0 480 240 -256 0 | p=2 | k=2 |  16.00000 |  0.0000 | -4.0000 | -2.00000 | 0.000000
0 480 240 -64 0 | p=2 | k=2 |   8.00000 |  3.9200 | -1.0400 | -0.64143 | 0.809016
0 486 243 -81 0 | p=3 | k=2 |   9.00000 |  0.0500 | -2.0200 | -1.92310 | 0.027770
0 488 244 -256 0 | p=2 | k=2 |  16.00000 |  7.9200 | -0.0400 | +0.74486 | 1.156983
0 488 244 -64 0 | p=2 | k=2 |   8.00000 |  5.9200 | -0.0400 | +0.05172 | 1.012764
0 490 245 -49 0 | p=7 | k=2 |   7.00000 |  0.0000 | -0.9900 | -2.01946 | 0.000000
0 496 248 -256 0 | p=2 | k=2 |  16.00000 |  5.9200 | -1.0400 | +0.05172 | 1.012764
0 496 248 -64 0 | p=2 | k=2 |   8.00000 |  0.0000 | -3.0000 | -2.00000 | 0.000000
0 498 249 -81 0 | p=3 | k=2 |   9.00000 |  3.0700 | -0.4600 | -0.31912 | 0.913560
0 504 252 -256 0 | p=2 | k=2 |  16.00000 |  7.9200 | -0.0400 | +0.74486 | 1.156983
0 504 252 -64 0 | p=2 | k=2 |   8.00000 |  5.9200 | -0.0400 | +0.05172 | 1.012764
0 510 255 -81 0 | p=3 | k=2 |   9.00000 |  3.0700 | -0.4600 | -0.31912 | 0.913560
0 512 256 -256 0 | p=2 | k=2 |  16.00000 |  3.9200 | -2.0400 | -0.64143 | 0.809016
0 512 256 -64 0 | p=2 | k=2 |   8.00000 |  3.9200 | -1.0400 | -0.64143 | 0.809016
0 518 259 -49 0 | p=7 | k=2 |   7.00000 |  0.0000 | -1.0000 | -2.00000 | 0.000000
0 520 260 -256 0 | p=2 | k=2 |  16.00000 |  7.9200 | -0.0400 | +0.74486 | 1.156983
0 520 260 -64 0 | p=2 | k=2 |   8.00000 |  5.9200 | -0.0400 | +0.05172 | 1.012764
0 522 261 -81 0 | p=3 | k=2 |   9.00000 |  0.0600 | -1.9900 | -1.94507 | 0.032778
0 528 264 -256 0 | p=2 | k=2 |  16.00000 |  5.9200 | -1.0400 | +0.05172 | 1.012764
0 528 264 -64 0 | p=2 | k=2 |   8.00000 |  0.0000 | -3.0000 | -2.00000 | 0.000000
0 534 267 -81 0 | p=3 | k=2 |   9.00000 |  3.0700 | -0.4600 | -0.31912 | 0.913560
0 536 268 -256 0 | p=2 | k=2 |  16.00000 |  7.9200 | -0.0400 | +0.74486 | 1.156983
0 536 268 -64 0 | p=2 | k=2 |   8.00000 |  5.9200 | -0.0400 | +0.05172 | 1.012764
0 544 272 -256 0 | p=2 | k=2 |  16.00000 |  0.0000 | -4.0000 | -2.00000 | 0.000000
0 544 272 -64 0 | p=2 | k=2 |   8.00000 |  3.9200 | -1.0400 | -0.64143 | 0.809016
0 546 273 -81 0 | p=3 | k=2 |   9.00000 |  3.0700 | -0.4600 | -0.31912 | 0.913560
0 546 273 -49 0 | p=7 | k=2 |   7.00000 |  0.0000 | -1.0000 | -2.00000 | 0.000000
0 552 276 -256 0 | p=2 | k=2 |  16.00000 |  7.9200 | -0.0400 | +0.74486 | 1.156983
0 552 276 -64 0 | p=2 | k=2 |   8.00000 |  5.9200 | -0.0400 | +0.05172 | 1.012764
0 558 279 -81 0 | p=3 | k=2 |   9.00000 |  0.0500 | -1.9900 | -1.95606 | 0.027315
0 560 280 -256 0 | p=2 | k=2 |  16.00000 |  5.9200 | -1.0400 | +0.05172 | 1.012764
0 560 280 -64 0 | p=2 | k=2 |   8.00000 |  0.0000 | -3.0000 | -2.00000 | 0.000000
0 568 284 -256 0 | p=2 | k=2 |  16.00000 |  7.9200 | -0.0400 | +0.74486 | 1.156983
0 568 284 -64 0 | p=2 | k=2 |   8.00000 |  5.9200 | -0.0400 | +0.05172 | 1.012764
0 570 285 -81 0 | p=3 | k=2 |   9.00000 |  3.0700 | -0.4600 | -0.31912 | 0.913560
0 574 287 -49 0 | p=7 | k=2 |   7.00000 |  0.0000 | -1.0000 | -2.00000 | 0.000000
0 576 288 -256 0 | p=2 | k=2 |  16.00000 |  3.9200 | -2.0400 | -0.64143 | 0.809016
0 576 288 -64 0 | p=2 | k=2 |   8.00000 |  3.9200 | -1.0400 | -0.64143 | 0.809016
0 582 291 -81 0 | p=3 | k=2 |   9.00000 |  3.0700 | -0.4600 | -0.31912 | 0.913560
0 584 292 -256 0 | p=2 | k=2 |  16.00000 |  7.9200 | -0.0400 | +0.74486 | 1.156983
0 584 292 -64 0 | p=2 | k=2 |   8.00000 |  5.9200 | -0.0400 | +0.05172 | 1.012764
0 592 296 -256 0 | p=2 | k=2 |  16.00000 |  5.9200 | -1.0400 | +0.05172 | 1.012764
0 592 296 -64 0 | p=2 | k=2 |   8.00000 |  0.0000 | -3.0000 | -2.00000 | 0.000000
0 594 297 -81 0 | p=3 | k=2 |   9.00000 |  0.0500 | -2.0000 | -1.94507 | 0.027465
0 600 300 -256 0 | p=2 | k=2 |  16.00000 |  7.9200 | -0.0400 | +0.74486 | 1.156983
0 600 300 -64 0 | p=2 | k=2 |   8.00000 |  5.9200 | -0.0400 | +0.05172 | 1.012764
0 602 301 -49 0 | p=7 | k=2 |   7.00000 |  0.0000 | -1.0000 | -2.00000 | 0.000000
0 606 303 -81 0 | p=3 | k=2 |   9.00000 |  3.0700 | -0.4600 | -0.31912 | 0.913560
0 608 304 -256 0 | p=2 | k=2 |  16.00000 |  0.0000 | -4.0000 | -2.00000 | 0.000000
0 608 304 -64 0 | p=2 | k=2 |   8.00000 |  3.9200 | -1.0400 | -0.64143 | 0.809016
0 616 308 -256 0 | p=2 | k=2 |  16.00000 |  7.9200 | -0.0400 | +0.74486 | 1.156983
0 616 308 -64 0 | p=2 | k=2 |   8.00000 |  5.9200 | -0.0400 | +0.05172 | 1.012764
0 618 309 -81 0 | p=3 | k=2 |   9.00000 |  3.0700 | -0.4600 | -0.31912 | 0.913560
0 624 312 -256 0 | p=2 | k=2 |  16.00000 |  5.9200 | -1.0400 | +0.05172 | 1.012764
0 624 312 -64 0 | p=2 | k=2 |   8.00000 |  0.0000 | -3.0000 | -2.00000 | 0.000000
0 630 315 -81 0 | p=3 | k=2 |   9.00000 |  0.0500 | -1.9900 | -1.95606 | 0.027315
0 630 315 -49 0 | p=7 | k=2 |   7.00000 |  0.0000 | -1.0000 | -2.00000 | 0.000000
0 632 316 -256 0 | p=2 | k=2 |  16.00000 |  7.9200 | -0.0400 | +0.74486 | 1.156983
0 632 316 -64 0 | p=2 | k=2 |   8.00000 |  5.9200 | -0.0400 | +0.05172 | 1.012764
0 640 320 -256 0 | p=2 | k=2 |  16.00000 |  3.9200 | -2.0400 | -0.64143 | 0.809016
0 640 320 -64 0 | p=2 | k=2 |   8.00000 |  3.9200 | -1.0400 | -0.64143 | 0.809016
0 642 321 -81 0 | p=3 | k=2 |   9.00000 |  3.0700 | -0.4600 | -0.31912 | 0.913560
0 648 324 -256 0 | p=2 | k=2 |  16.00000 |  7.9200 | -0.0400 | +0.74486 | 1.156983
0 648 324 -64 0 | p=2 | k=2 |   8.00000 |  5.9200 | -0.0400 | +0.05172 | 1.012764
0 654 327 -81 0 | p=3 | k=2 |   9.00000 |  3.0700 | -0.4600 | -0.31912 | 0.913560
0 656 328 -256 0 | p=2 | k=2 |  16.00000 |  5.9200 | -1.0400 | +0.05172 | 1.012764
0 656 328 -64 0 | p=2 | k=2 |   8.00000 |  0.0000 | -3.0000 | -2.00000 | 0.000000
0 658 329 -49 0 | p=7 | k=2 |   7.00000 |  0.0000 | -1.0000 | -2.00000 | 0.000000
0 664 332 -256 0 | p=2 | k=2 |  16.00000 |  7.9200 | -0.0400 | +0.74486 | 1.156983
0 664 332 -64 0 | p=2 | k=2 |   8.00000 |  5.9200 | -0.0400 | +0.05172 | 1.012764
0 666 333 -81 0 | p=3 | k=2 |   9.00000 |  0.0500 | -2.0000 | -1.94507 | 0.027465
0 672 336 -256 0 | p=2 | k=2 |  16.00000 |  0.0000 | -4.0000 | -2.00000 | 0.000000
0 672 336 -64 0 | p=2 | k=2 |   8.00000 |  3.9200 | -1.0400 | -0.64143 | 0.809016
0 678 339 -81 0 | p=3 | k=2 |   9.00000 |  3.0700 | -0.4600 | -0.31912 | 0.913560
0 680 340 -256 0 | p=2 | k=2 |  16.00000 |  7.9200 | -0.0400 | +0.74486 | 1.156983
0 680 340 -64 0 | p=2 | k=2 |   8.00000 |  5.9200 | -0.0400 | +0.05172 | 1.012764
0 686 343 -49 0 | p=7 | k=2 |   7.00000 |  0.0000 | -0.9900 | -2.01946 | 0.000000
0 688 344 -256 0 | p=2 | k=2 |  16.00000 |  5.9200 | -1.0400 | +0.05172 | 1.012764
0 688 344 -64 0 | p=2 | k=2 |   8.00000 |  0.0000 | -3.0000 | -2.00000 | 0.000000
0 690 345 -81 0 | p=3 | k=2 |   9.00000 |  3.0700 | -0.4600 | -0.31912 | 0.913560
0 696 348 -256 0 | p=2 | k=2 |  16.00000 |  7.9200 | -0.0400 | +0.74486 | 1.156983
0 696 348 -64 0 | p=2 | k=2 |   8.00000 |  5.9200 | -0.0400 | +0.05172 | 1.012764
0 702 351 -81 0 | p=3 | k=2 |   9.00000 |  0.0500 | -2.0100 | -1.93408 | 0.027617
0 704 352 -256 0 | p=2 | k=2 |  16.00000 |  3.9200 | -2.0400 | -0.64143 | 0.809016
0 704 352 -64 0 | p=2 | k=2 |   8.00000 |  3.9200 | -1.0400 | -0.64143 | 0.809016
0 712 356 -256 0 | p=2 | k=2 |  16.00000 |  7.9200 | -0.0400 | +0.74486 | 1.156983
0 712 356 -64 0 | p=2 | k=2 |   8.00000 |  5.9200 | -0.0400 | +0.05172 | 1.012764
0 714 357 -81 0 | p=3 | k=2 |   9.00000 |  3.0700 | -0.4600 | -0.31912 | 0.913560
0 714 357 -49 0 | p=7 | k=2 |   7.00000 |  0.0000 | -1.0000 | -2.00000 | 0.000000
0 720 360 -256 0 | p=2 | k=2 |  16.00000 |  5.9200 | -1.0400 | +0.05172 | 1.012764
0 720 360 -64 0 | p=2 | k=2 |   8.00000 |  0.0000 | -3.0000 | -2.00000 | 0.000000
0 726 363 -81 0 | p=3 | k=2 |   9.00000 |  3.0700 | -0.4600 | -0.31912 | 0.913560
0 728 364 -256 0 | p=2 | k=2 |  16.00000 |  7.9200 | -0.0400 | +0.74486 | 1.156983
0 728 364 -64 0 | p=2 | k=2 |   8.00000 |  5.9200 | -0.0400 | +0.05172 | 1.012764
0 736 368 -256 0 | p=2 | k=2 |  16.00000 |  0.0000 | -4.0000 | -2.00000 | 0.000000
0 736 368 -64 0 | p=2 | k=2 |   8.00000 |  3.9200 | -1.0400 | -0.64143 | 0.809016
0 738 369 -81 0 | p=3 | k=2 |   9.00000 |  0.0500 | -2.0000 | -1.94507 | 0.027465
0 742 371 -49 0 | p=7 | k=2 |   7.00000 |  0.0000 | -1.0000 | -2.00000 | 0.000000
0 744 372 -256 0 | p=2 | k=2 |  16.00000 |  7.9200 | -0.0400 | +0.74486 | 1.156983
0 744 372 -64 0 | p=2 | k=2 |   8.00000 |  5.9200 | -0.0400 | +0.05172 | 1.012764
0 750 375 -81 0 | p=3 | k=2 |   9.00000 |  3.0700 | -0.4600 | -0.31912 | 0.913560
0 752 376 -256 0 | p=2 | k=2 |  16.00000 |  5.9200 | -1.0400 | +0.05172 | 1.012764
0 752 376 -64 0 | p=2 | k=2 |   8.00000 |  0.0000 | -3.0000 | -2.00000 | 0.000000
0 760 380 -256 0 | p=2 | k=2 |  16.00000 |  7.9200 | -0.0400 | +0.74486 | 1.156983
0 760 380 -64 0 | p=2 | k=2 |   8.00000 |  5.9200 | -0.0400 | +0.05172 | 1.012764
0 762 381 -81 0 | p=3 | k=2 |   9.00000 |  3.0700 | -0.4600 | -0.31912 | 0.913560
0 768 384 -256 0 | p=2 | k=2 |  16.00000 |  3.9200 | -2.0400 | -0.64143 | 0.809016
0 768 384 -64 0 | p=2 | k=2 |   8.00000 |  3.9200 | -1.0400 | -0.64143 | 0.809016
0 770 385 -49 0 | p=7 | k=2 |   7.00000 |  0.0000 | -1.0000 | -2.00000 | 0.000000
0 774 387 -81 0 | p=3 | k=2 |   9.00000 |  0.0500 | -2.0000 | -1.94507 | 0.027465
0 776 388 -256 0 | p=2 | k=2 |  16.00000 |  7.9200 | -0.0400 | +0.74486 | 1.156983
0 776 388 -64 0 | p=2 | k=2 |   8.00000 |  5.9200 | -0.0400 | +0.05172 | 1.012764
0 784 392 -256 0 | p=2 | k=2 |  16.00000 |  5.9200 | -1.0400 | +0.05172 | 1.012764
0 784 392 -64 0 | p=2 | k=2 |   8.00000 |  0.0000 | -3.0000 | -2.00000 | 0.000000
0 786 393 -81 0 | p=3 | k=2 |   9.00000 |  3.0700 | -0.4600 | -0.31912 | 0.913560
0 792 396 -256 0 | p=2 | k=2 |  16.00000 |  7.9200 | -0.0400 | +0.74486 | 1.156983
0 792 396 -64 0 | p=2 | k=2 |   8.00000 |  5.9200 | -0.0400 | +0.05172 | 1.012764
0 798 399 -81 0 | p=3 | k=2 |   9.00000 |  3.0700 | -0.4600 | -0.31912 | 0.913560
0 798 399 -49 0 | p=7 | k=2 |   7.00000 |  0.0000 | -1.0000 | -2.00000 | 0.000000
0 800 400 -256 0 | p=2 | k=2 |  16.00000 |  0.0000 | -4.0000 | -2.00000 | 0.000000
0 800 400 -64 0 | p=2 | k=2 |   8.00000 |  3.9200 | -1.0400 | -0.64143 | 0.809016
0 808 404 -256 0 | p=2 | k=2 |  16.00000 |  7.9200 | -0.0400 | +0.74486 | 1.156983
0 808 404 -64 0 | p=2 | k=2 |   8.00000 |  5.9200 | -0.0400 | +0.05172 | 1.012764
0 810 405 -81 0 | p=3 | k=2 |   9.00000 |  0.0500 | -2.0200 | -1.92310 | 0.027770
0 816 408 -256 0 | p=2 | k=2 |  16.00000 |  5.9200 | -1.0400 | +0.05172 | 1.012764
0 816 408 -64 0 | p=2 | k=2 |   8.00000 |  0.0000 | -3.0000 | -2.00000 | 0.000000
0 822 411 -81 0 | p=3 | k=2 |   9.00000 |  3.0700 | -0.4600 | -0.31912 | 0.913560
0 824 412 -256 0 | p=2 | k=2 |  16.00000 |  7.9200 | -0.0400 | +0.74486 | 1.156983
0 824 412 -64 0 | p=2 | k=2 |   8.00000 |  5.9200 | -0.0400 | +0.05172 | 1.012764
0 826 413 -49 0 | p=7 | k=2 |   7.00000 |  0.0000 | -1.0000 | -2.00000 | 0.000000
0 832 416 -256 0 | p=2 | k=2 |  16.00000 |  3.9200 | -2.0400 | -0.64143 | 0.809016
0 832 416 -64 0 | p=2 | k=2 |   8.00000 |  3.9200 | -1.0400 | -0.64143 | 0.809016
0 834 417 -81 0 | p=3 | k=2 |   9.00000 |  3.0700 | -0.4600 | -0.31912 | 0.913560
0 840 420 -256 0 | p=2 | k=2 |  16.00000 |  7.9200 | -0.0400 | +0.74486 | 1.156983
0 840 420 -64 0 | p=2 | k=2 |   8.00000 |  5.9200 | -0.0400 | +0.05172 | 1.012764
0 846 423 -81 0 | p=3 | k=2 |   9.00000 |  0.0500 | -2.0000 | -1.94507 | 0.027465
0 848 424 -256 0 | p=2 | k=2 |  16.00000 |  5.9200 | -1.0400 | +0.05172 | 1.012764
0 848 424 -64 0 | p=2 | k=2 |   8.00000 |  0.0000 | -3.0000 | -2.00000 | 0.000000
0 854 427 -49 0 | p=7 | k=2 |   7.00000 |  0.0000 | -1.0000 | -2.00000 | 0.000000
0 856 428 -256 0 | p=2 | k=2 |  16.00000 |  7.9200 | -0.0400 | +0.74486 | 1.156983
0 856 428 -64 0 | p=2 | k=2 |   8.00000 |  5.9200 | -0.0400 | +0.05172 | 1.012764
0 858 429 -81 0 | p=3 | k=2 |   9.00000 |  3.0700 | -0.4600 | -0.31912 | 0.913560
0 864 432 -256 0 | p=2 | k=2 |  16.00000 |  0.0000 | -4.0000 | -2.00000 | 0.000000
0 864 432 -64 0 | p=2 | k=2 |   8.00000 |  3.9200 | -1.0400 | -0.64143 | 0.809016
0 870 435 -81 0 | p=3 | k=2 |   9.00000 |  3.0700 | -0.4600 | -0.31912 | 0.913560
0 872 436 -256 0 | p=2 | k=2 |  16.00000 |  7.9200 | -0.0400 | +0.74486 | 1.156983
0 872 436 -64 0 | p=2 | k=2 |   8.00000 |  5.9200 | -0.0400 | +0.05172 | 1.012764
0 880 440 -256 0 | p=2 | k=2 |  16.00000 |  5.9200 | -1.0400 | +0.05172 | 1.012764
0 880 440 -64 0 | p=2 | k=2 |   8.00000 |  0.0000 | -3.0000 | -2.00000 | 0.000000
0 882 441 -81 0 | p=3 | k=2 |   9.00000 |  0.0500 | -2.0000 | -1.94507 | 0.027465
0 882 441 -49 0 | p=7 | k=2 |   7.00000 |  0.0000 | -0.9900 | -2.01946 | 0.000000
0 888 444 -256 0 | p=2 | k=2 |  16.00000 |  7.9200 | -0.0400 | +0.74486 | 1.156983
0 888 444 -64 0 | p=2 | k=2 |   8.00000 |  5.9200 | -0.0400 | +0.05172 | 1.012764
0 894 447 -81 0 | p=3 | k=2 |   9.00000 |  3.0700 | -0.4600 | -0.31912 | 0.913560
0 896 448 -256 0 | p=2 | k=2 |  16.00000 |  3.9200 | -2.0400 | -0.64143 | 0.809016
0 896 448 -64 0 | p=2 | k=2 |   8.00000 |  3.9200 | -1.0400 | -0.64143 | 0.809016
0 904 452 -256 0 | p=2 | k=2 |  16.00000 |  7.9200 | -0.0400 | +0.74486 | 1.156983
0 904 452 -64 0 | p=2 | k=2 |   8.00000 |  5.9200 | -0.0400 | +0.05172 | 1.012764
0 906 453 -81 0 | p=3 | k=2 |   9.00000 |  3.0700 | -0.4600 | -0.31912 | 0.913560
0 910 455 -49 0 | p=7 | k=2 |   7.00000 |  0.0000 | -1.0000 | -2.00000 | 0.000000
0 912 456 -256 0 | p=2 | k=2 |  16.00000 |  5.9200 | -1.0400 | +0.05172 | 1.012764
0 912 456 -64 0 | p=2 | k=2 |   8.00000 |  0.0000 | -3.0000 | -2.00000 | 0.000000
0 918 459 -81 0 | p=3 | k=2 |   9.00000 |  0.0500 | -2.0100 | -1.93408 | 0.027617
0 920 460 -256 0 | p=2 | k=2 |  16.00000 |  7.9200 | -0.0400 | +0.74486 | 1.156983
0 920 460 -64 0 | p=2 | k=2 |   8.00000 |  5.9200 | -0.0400 | +0.05172 | 1.012764
0 928 464 -256 0 | p=2 | k=2 |  16.00000 |  0.0000 | -4.0000 | -2.00000 | 0.000000
0 928 464 -64 0 | p=2 | k=2 |   8.00000 |  3.9200 | -1.0400 | -0.64143 | 0.809016
0 930 465 -81 0 | p=3 | k=2 |   9.00000 |  3.0700 | -0.4600 | -0.31912 | 0.913560
0 936 468 -256 0 | p=2 | k=2 |  16.00000 |  7.9200 | -0.0400 | +0.74486 | 1.156983
0 936 468 -64 0 | p=2 | k=2 |   8.00000 |  5.9200 | -0.0400 | +0.05172 | 1.012764
0 938 469 -49 0 | p=7 | k=2 |   7.00000 |  0.0000 | -1.0000 | -2.00000 | 0.000000
0 942 471 -81 0 | p=3 | k=2 |   9.00000 |  3.0700 | -0.4600 | -0.31912 | 0.913560
0 944 472 -256 0 | p=2 | k=2 |  16.00000 |  5.9200 | -1.0400 | +0.05172 | 1.012764
0 944 472 -64 0 | p=2 | k=2 |   8.00000 |  0.0000 | -3.0000 | -2.00000 | 0.000000
0 952 476 -256 0 | p=2 | k=2 |  16.00000 |  7.9200 | -0.0400 | +0.74486 | 1.156983
0 952 476 -64 0 | p=2 | k=2 |   8.00000 |  5.9200 | -0.0400 | +0.05172 | 1.012764
0 954 477 -81 0 | p=3 | k=2 |   9.00000 |  0.0500 | -2.0000 | -1.94507 | 0.027465
0 960 480 -256 0 | p=2 | k=2 |  16.00000 |  3.9200 | -2.0400 | -0.64143 | 0.809016
0 960 480 -64 0 | p=2 | k=2 |   8.00000 |  3.9200 | -1.0400 | -0.64143 | 0.809016
0 966 483 -81 0 | p=3 | k=2 |   9.00000 |  3.0700 | -0.4600 | -0.31912 | 0.913560
0 966 483 -49 0 | p=7 | k=2 |   7.00000 |  0.0000 | -1.0000 | -2.00000 | 0.000000
0 968 484 -256 0 | p=2 | k=2 |  16.00000 |  7.9200 | -0.0400 | +0.74486 | 1.156983
0 968 484 -64 0 | p=2 | k=2 |   8.00000 |  5.9200 | -0.0400 | +0.05172 | 1.012764
0 976 488 -256 0 | p=2 | k=2 |  16.00000 |  5.9200 | -1.0400 | +0.05172 | 1.012764
0 976 488 -64 0 | p=2 | k=2 |   8.00000 |  0.0000 | -3.0000 | -2.00000 | 0.000000
0 978 489 -81 0 | p=3 | k=2 |   9.00000 |  3.0700 | -0.4600 | -0.31912 | 0.913560
0 984 492 -256 0 | p=2 | k=2 |  16.00000 |  7.9200 | -0.0400 | +0.74486 | 1.156983
0 984 492 -64 0 | p=2 | k=2 |   8.00000 |  5.9200 | -0.0400 | +0.05172 | 1.012764
0 990 495 -81 0 | p=3 | k=2 |   9.00000 |  0.0600 | -2.0000 | -1.93408 | 0.032958
0 992 496 -256 0 | p=2 | k=2 |  16.00000 |  0.0000 | -4.0000 | -2.00000 | 0.000000
0 992 496 -64 0 | p=2 | k=2 |   8.00000 |  3.9200 | -1.0400 | -0.64143 | 0.809016
0 994 497 -49 0 | p=7 | k=2 |   7.00000 |  0.0000 | -1.0000 | -2.00000 | 0.000000
0 1000 500 -256 0 | p=2 | k=2 |  16.00000 |  7.9200 | -0.0400 | +0.74486 | 1.156983
0 1000 500 -64 0 | p=2 | k=2 |   8.00000 |  5.9200 | -0.0400 | +0.05172 | 1.012764
0 1002 501 -81 0 | p=3 | k=2 |   9.00000 |  3.0700 | -0.4600 | -0.31912 | 0.913560
0 1008 504 -256 0 | p=2 | k=2 |  16.00000 |  5.9200 | -1.0400 | +0.05172 | 1.012764
0 1008 504 -64 0 | p=2 | k=2 |   8.00000 |  0.0000 | -3.0000 | -2.00000 | 0.000000
0 1014 507 -81 0 | p=3 | k=2 |   9.00000 |  3.0700 | -0.4600 | -0.31912 | 0.913560
0 1016 508 -256 0 | p=2 | k=2 |  16.00000 |  7.9200 | -0.0400 | +0.74486 | 1.156983
0 1016 508 -64 0 | p=2 | k=2 |   8.00000 |  5.9200 | -0.0400 | +0.05172 | 1.012764
0 1022 511 -49 0 | p=7 | k=2 |   7.00000 |  0.0000 | -1.0000 | -2.00000 | 0.000000
0 1024 512 -256 0 | p=2 | k=2 |  16.00000 |  3.9200 | -2.0400 | -0.64143 | 0.809016
0 1024 512 -64 0 | p=2 | k=2 |   8.00000 |  3.9200 | -1.0400 | -0.64143 | 0.809016
0 1026 513 -81 0 | p=3 | k=2 |   9.00000 |  0.0600 | -2.0100 | -1.92310 | 0.033140
0 1032 516 -256 0 | p=2 | k=2 |  16.00000 |  7.9200 | -0.0400 | +0.74486 | 1.156983
0 1032 516 -64 0 | p=2 | k=2 |   8.00000 |  5.9200 | -0.0400 | +0.05172 | 1.012764
0 1038 519 -81 0 | p=3 | k=2 |   9.00000 |  3.0700 | -0.4600 | -0.31912 | 0.913560
0 1040 520 -256 0 | p=2 | k=2 |  16.00000 |  5.9200 | -1.0400 | +0.05172 | 1.012764
0 1040 520 -64 0 | p=2 | k=2 |   8.00000 |  0.0000 | -3.0000 | -2.00000 | 0.000000
0 1048 524 -256 0 | p=2 | k=2 |  16.00000 |  7.9200 | -0.0400 | +0.74486 | 1.156983
0 1048 524 -64 0 | p=2 | k=2 |   8.00000 |  5.9200 | -0.0400 | +0.05172 | 1.012764
0 1050 525 -81 0 | p=3 | k=2 |   9.00000 |  3.0700 | -0.4600 | -0.31912 | 0.913560
0 1050 525 -49 0 | p=7 | k=2 |   7.00000 |  0.0000 | -1.0000 | -2.00000 | 0.000000
0 1056 528 -256 0 | p=2 | k=2 |  16.00000 |  0.0000 | -4.0000 | -2.00000 | 0.000000
0 1056 528 -64 0 | p=2 | k=2 |   8.00000 |  3.9200 | -1.0400 | -0.64143 | 0.809016
0 1062 531 -81 0 | p=3 | k=2 |   9.00000 |  0.0600 | -2.0000 | -1.93408 | 0.032958
0 1064 532 -256 0 | p=2 | k=2 |  16.00000 |  7.9200 | -0.0400 | +0.74486 | 1.156983
0 1064 532 -64 0 | p=2 | k=2 |   8.00000 |  5.9200 | -0.0400 | +0.05172 | 1.012764
0 1072 536 -256 0 | p=2 | k=2 |  16.00000 |  5.9200 | -1.0400 | +0.05172 | 1.012764
0 1072 536 -64 0 | p=2 | k=2 |   8.00000 |  0.0000 | -3.0000 | -2.00000 | 0.000000
0 1074 537 -81 0 | p=3 | k=2 |   9.00000 |  3.0700 | -0.4600 | -0.31912 | 0.913560
0 1078 539 -49 0 | p=7 | k=2 |   7.00000 |  0.0000 | -0.9900 | -2.01946 | 0.000000
0 1080 540 -256 0 | p=2 | k=2 |  16.00000 |  7.9200 | -0.0400 | +0.74486 | 1.156983
0 1080 540 -64 0 | p=2 | k=2 |   8.00000 |  5.9200 | -0.0400 | +0.05172 | 1.012764
0 1086 543 -81 0 | p=3 | k=2 |   9.00000 |  3.0700 | -0.4600 | -0.31912 | 0.913560
0 1088 544 -256 0 | p=2 | k=2 |  16.00000 |  3.9200 | -2.0400 | -0.64143 | 0.809016
0 1088 544 -64 0 | p=2 | k=2 |   8.00000 |  3.9200 | -1.0400 | -0.64143 | 0.809016
0 1096 548 -256 0 | p=2 | k=2 |  16.00000 |  7.9200 | -0.0400 | +0.74486 | 1.156983
0 1096 548 -64 0 | p=2 | k=2 |   8.00000 |  5.9200 | -0.0400 | +0.05172 | 1.012764
0 1098 549 -81 0 | p=3 | k=2 |   9.00000 |  0.0600 | -2.0000 | -1.93408 | 0.032958
0 1104 552 -256 0 | p=2 | k=2 |  16.00000 |  5.9200 | -1.0400 | +0.05172 | 1.012764
0 1104 552 -64 0 | p=2 | k=2 |   8.00000 |  0.0000 | -3.0000 | -2.00000 | 0.000000
0 1106 553 -49 0 | p=7 | k=2 |   7.00000 |  0.0000 | -1.0000 | -2.00000 | 0.000000
0 1110 555 -81 0 | p=3 | k=2 |   9.00000 |  3.0700 | -0.4600 | -0.31912 | 0.913560
0 1112 556 -256 0 | p=2 | k=2 |  16.00000 |  7.9200 | -0.0400 | +0.74486 | 1.156983
0 1112 556 -64 0 | p=2 | k=2 |   8.00000 |  5.9200 | -0.0400 | +0.05172 | 1.012764
0 1120 560 -256 0 | p=2 | k=2 |  16.00000 |  0.0000 | -4.0000 | -2.00000 | 0.000000
0 1120 560 -64 0 | p=2 | k=2 |   8.00000 |  3.9200 | -1.0400 | -0.64143 | 0.809016
0 1122 561 -81 0 | p=3 | k=2 |   9.00000 |  3.0700 | -0.4600 | -0.31912 | 0.913560
0 1128 564 -256 0 | p=2 | k=2 |  16.00000 |  7.9200 | -0.0400 | +0.74486 | 1.156983
0 1128 564 -64 0 | p=2 | k=2 |   8.00000 |  5.9200 | -0.0400 | +0.05172 | 1.012764
0 1134 567 -81 0 | p=3 | k=2 |   9.00000 |  0.0600 | -2.0200 | -1.91211 | 0.033324
0 1134 567 -49 0 | p=7 | k=2 |   7.00000 |  0.0000 | -1.0000 | -2.00000 | 0.000000
0 1136 568 -256 0 | p=2 | k=2 |  16.00000 |  5.9200 | -1.0400 | +0.05172 | 1.012764
0 1136 568 -64 0 | p=2 | k=2 |   8.00000 |  0.0000 | -3.0000 | -2.00000 | 0.000000
0 1144 572 -256 0 | p=2 | k=2 |  16.00000 |  7.9200 | -0.0400 | +0.74486 | 1.156983
0 1144 572 -64 0 | p=2 | k=2 |   8.00000 |  5.9200 | -0.0400 | +0.05172 | 1.012764
0 1146 573 -81 0 | p=3 | k=2 |   9.00000 |  3.0700 | -0.4600 | -0.31912 | 0.913560
0 1152 576 -256 0 | p=2 | k=2 |  16.00000 |  3.9200 | -2.0400 | -0.64143 | 0.809016
0 1152 576 -64 0 | p=2 | k=2 |   8.00000 |  3.9200 | -1.0400 | -0.64143 | 0.809016
0 1158 579 -81 0 | p=3 | k=2 |   9.00000 |  3.0700 | -0.4600 | -0.31912 | 0.913560
0 1160 580 -256 0 | p=2 | k=2 |  16.00000 |  7.9200 | -0.0400 | +0.74486 | 1.156983
0 1160 580 -64 0 | p=2 | k=2 |   8.00000 |  5.9200 | -0.0400 | +0.05172 | 1.012764
0 1162 581 -49 0 | p=7 | k=2 |   7.00000 |  0.0000 | -1.0000 | -2.00000 | 0.000000
0 1168 584 -256 0 | p=2 | k=2 |  16.00000 |  5.9200 | -1.0400 | +0.05172 | 1.012764
0 1168 584 -64 0 | p=2 | k=2 |   8.00000 |  0.0000 | -3.0000 | -2.00000 | 0.000000
0 1170 585 -81 0 | p=3 | k=2 |   9.00000 |  0.0600 | -2.0000 | -1.93408 | 0.032958
0 1176 588 -256 0 | p=2 | k=2 |  16.00000 |  7.9200 | -0.0400 | +0.74486 | 1.156983
0 1176 588 -64 0 | p=2 | k=2 |   8.00000 |  5.9200 | -0.0400 | +0.05172 | 1.012764
0 1182 591 -81 0 | p=3 | k=2 |   9.00000 |  3.0700 | -0.4600 | -0.31912 | 0.913560
0 1184 592 -256 0 | p=2 | k=2 |  16.00000 |  0.0000 | -4.0000 | -2.00000 | 0.000000
0 1184 592 -64 0 | p=2 | k=2 |   8.00000 |  3.9200 | -1.0400 | -0.64143 | 0.809016
0 1190 595 -49 0 | p=7 | k=2 |   7.00000 |  0.0000 | -1.0000 | -2.00000 | 0.000000
0 1192 596 -256 0 | p=2 | k=2 |  16.00000 |  7.9200 | -0.0400 | +0.74486 | 1.156983
0 1192 596 -64 0 | p=2 | k=2 |   8.00000 |  5.9200 | -0.0400 | +0.05172 | 1.012764
0 1194 597 -81 0 | p=3 | k=2 |   9.00000 |  3.0700 | -0.4600 | -0.31912 | 0.913560
0 1200 600 -256 0 | p=2 | k=2 |  16.00000 |  5.9200 | -1.0400 | +0.05172 | 1.012764
0 1200 600 -64 0 | p=2 | k=2 |   8.00000 |  0.0000 | -3.0000 | -2.00000 | 0.000000
0 1206 603 -81 0 | p=3 | k=2 |   9.00000 |  0.0600 | -2.0000 | -1.93408 | 0.032958
0 1208 604 -256 0 | p=2 | k=2 |  16.00000 |  7.9200 | -0.0400 | +0.74486 | 1.156983
0 1208 604 -64 0 | p=2 | k=2 |   8.00000 |  5.9200 | -0.0400 | +0.05172 | 1.012764
0 1216 608 -256 0 | p=2 | k=2 |  16.00000 |  3.9200 | -2.0400 | -0.64143 | 0.809016
0 1216 608 -64 0 | p=2 | k=2 |   8.00000 |  3.9200 | -1.0400 | -0.64143 | 0.809016
0 1218 609 -81 0 | p=3 | k=2 |   9.00000 |  3.0700 | -0.4600 | -0.31912 | 0.913560
0 1218 609 -49 0 | p=7 | k=2 |   7.00000 |  0.0000 | -1.0000 | -2.00000 | 0.000000
0 1224 612 -256 0 | p=2 | k=2 |  16.00000 |  7.9200 | -0.0400 | +0.74486 | 1.156983
0 1224 612 -64 0 | p=2 | k=2 |   8.00000 |  5.9200 | -0.0400 | +0.05172 | 1.012764
0 1230 615 -81 0 | p=3 | k=2 |   9.00000 |  3.0700 | -0.4600 | -0.31912 | 0.913560
0 1232 616 -256 0 | p=2 | k=2 |  16.00000 |  5.9200 | -1.0400 | +0.05172 | 1.012764
0 1232 616 -64 0 | p=2 | k=2 |   8.00000 |  0.0000 | -3.0000 | -2.00000 | 0.000000
0 1240 620 -256 0 | p=2 | k=2 |  16.00000 |  7.9200 | -0.0400 | +0.74486 | 1.156983
0 1240 620 -64 0 | p=2 | k=2 |   8.00000 |  5.9200 | -0.0400 | +0.05172 | 1.012764
0 1242 621 -81 0 | p=3 | k=2 |   9.00000 |  0.0600 | -2.0100 | -1.92310 | 0.033140
0 1246 623 -49 0 | p=7 | k=2 |   7.00000 |  0.0000 | -1.0000 | -2.00000 | 0.000000
0 1248 624 -256 0 | p=2 | k=2 |  16.00000 |  0.0000 | -4.0000 | -2.00000 | 0.000000
0 1248 624 -64 0 | p=2 | k=2 |   8.00000 |  3.9200 | -1.0400 | -0.64143 | 0.809016
0 1254 627 -81 0 | p=3 | k=2 |   9.00000 |  3.0700 | -0.4600 | -0.31912 | 0.913560
0 1256 628 -256 0 | p=2 | k=2 |  16.00000 |  7.9200 | -0.0400 | +0.74486 | 1.156983
0 1256 628 -64 0 | p=2 | k=2 |   8.00000 |  5.9200 | -0.0400 | +0.05172 | 1.012764
0 1264 632 -256 0 | p=2 | k=2 |  16.00000 |  5.9200 | -1.0400 | +0.05172 | 1.012764
0 1264 632 -64 0 | p=2 | k=2 |   8.00000 |  0.0000 | -3.0000 | -2.00000 | 0.000000
0 1266 633 -81 0 | p=3 | k=2 |   9.00000 |  3.0700 | -0.4600 | -0.31912 | 0.913560
0 1272 636 -256 0 | p=2 | k=2 |  16.00000 |  7.9200 | -0.0400 | +0.74486 | 1.156983
0 1272 636 -64 0 | p=2 | k=2 |   8.00000 |  5.9200 | -0.0400 | +0.05172 | 1.012764
0 1274 637 -49 0 | p=7 | k=2 |   7.00000 |  0.0000 | -0.9900 | -2.01946 | 0.000000
0 1278 639 -81 0 | p=3 | k=2 |   9.00000 |  0.0600 | -2.0000 | -1.93408 | 0.032958
0 1280 640 -256 0 | p=2 | k=2 |  16.00000 |  3.9200 | -2.0400 | -0.64143 | 0.809016
0 1280 640 -64 0 | p=2 | k=2 |   8.00000 |  3.9200 | -1.0400 | -0.64143 | 0.809016
0 1288 644 -256 0 | p=2 | k=2 |  16.00000 |  7.9200 | -0.0400 | +0.74486 | 1.156983
0 1288 644 -64 0 | p=2 | k=2 |   8.00000 |  5.9200 | -0.0400 | +0.05172 | 1.012764
0 1290 645 -81 0 | p=3 | k=2 |   9.00000 |  3.0700 | -0.4600 | -0.31912 | 0.913560
0 1296 648 -256 0 | p=2 | k=2 |  16.00000 |  5.9200 | -1.0400 | +0.05172 | 1.012764
0 1296 648 -64 0 | p=2 | k=2 |   8.00000 |  0.0000 | -3.0000 | -2.00000 | 0.000000
0 1302 651 -81 0 | p=3 | k=2 |   9.00000 |  3.0700 | -0.4600 | -0.31912 | 0.913560
0 1302 651 -49 0 | p=7 | k=2 |   7.00000 |  0.0000 | -1.0000 | -2.00000 | 0.000000
0 1304 652 -256 0 | p=2 | k=2 |  16.00000 |  7.9200 | -0.0400 | +0.74486 | 1.156983
0 1304 652 -64 0 | p=2 | k=2 |   8.00000 |  5.9200 | -0.0400 | +0.05172 | 1.012764
0 1312 656 -256 0 | p=2 | k=2 |  16.00000 |  0.0000 | -4.0000 | -2.00000 | 0.000000
0 1312 656 -64 0 | p=2 | k=2 |   8.00000 |  3.9200 | -1.0400 | -0.64143 | 0.809016
0 1314 657 -81 0 | p=3 | k=2 |   9.00000 |  0.0600 | -1.9800 | -1.95606 | 0.032600
0 1320 660 -256 0 | p=2 | k=2 |  16.00000 |  7.9200 | -0.0400 | +0.74486 | 1.156983
0 1320 660 -64 0 | p=2 | k=2 |   8.00000 |  5.9200 | -0.0400 | +0.05172 | 1.012764
0 1326 663 -81 0 | p=3 | k=2 |   9.00000 |  3.0700 | -0.4600 | -0.31912 | 0.913560
0 1328 664 -256 0 | p=2 | k=2 |  16.00000 |  5.9200 | -1.0400 | +0.05172 | 1.012764
0 1328 664 -64 0 | p=2 | k=2 |   8.00000 |  0.0000 | -3.0000 | -2.00000 | 0.000000
0 1330 665 -49 0 | p=7 | k=2 |   7.00000 |  0.0000 | -1.0000 | -2.00000 | 0.000000
0 1336 668 -256 0 | p=2 | k=2 |  16.00000 |  7.9200 | -0.0400 | +0.74486 | 1.156983
0 1336 668 -64 0 | p=2 | k=2 |   8.00000 |  5.9200 | -0.0400 | +0.05172 | 1.012764
0 1338 669 -81 0 | p=3 | k=2 |   9.00000 |  3.0700 | -0.4600 | -0.31912 | 0.913560
0 1344 672 -256 0 | p=2 | k=2 |  16.00000 |  3.9200 | -2.0400 | -0.64143 | 0.809016
0 1344 672 -64 0 | p=2 | k=2 |   8.00000 |  3.9200 | -1.0400 | -0.64143 | 0.809016
0 1350 675 -81 0 | p=3 | k=2 |   9.00000 |  0.0600 | -1.9900 | -1.94507 | 0.032778
0 1352 676 -256 0 | p=2 | k=2 |  16.00000 |  7.9200 | -0.0400 | +0.74486 | 1.156983
0 1352 676 -64 0 | p=2 | k=2 |   8.00000 |  5.9200 | -0.0400 | +0.05172 | 1.012764
0 1358 679 -49 0 | p=7 | k=2 |   7.00000 |  0.0000 | -1.0000 | -2.00000 | 0.000000
0 1360 680 -256 0 | p=2 | k=2 |  16.00000 |  5.9200 | -1.0400 | +0.05172 | 1.012764
0 1360 680 -64 0 | p=2 | k=2 |   8.00000 |  0.0000 | -3.0000 | -2.00000 | 0.000000
0 1362 681 -81 0 | p=3 | k=2 |   9.00000 |  3.0700 | -0.4600 | -0.31912 | 0.913560
0 1368 684 -256 0 | p=2 | k=2 |  16.00000 |  7.9200 | -0.0400 | +0.74486 | 1.156983
0 1368 684 -64 0 | p=2 | k=2 |   8.00000 |  5.9200 | -0.0400 | +0.05172 | 1.012764
0 1374 687 -81 0 | p=3 | k=2 |   9.00000 |  3.0700 | -0.4600 | -0.31912 | 0.913560
0 1376 688 -256 0 | p=2 | k=2 |  16.00000 |  0.0000 | -4.0000 | -2.00000 | 0.000000
0 1376 688 -64 0 | p=2 | k=2 |   8.00000 |  3.9200 | -1.0400 | -0.64143 | 0.809016
0 1384 692 -256 0 | p=2 | k=2 |  16.00000 |  7.9200 | -0.0400 | +0.74486 | 1.156983
0 1384 692 -64 0 | p=2 | k=2 |   8.00000 |  5.9200 | -0.0400 | +0.05172 | 1.012764
0 1386 693 -81 0 | p=3 | k=2 |   9.00000 |  0.0600 | -1.9800 | -1.95606 | 0.032600
0 1386 693 -49 0 | p=7 | k=2 |   7.00000 |  0.0000 | -1.0000 | -2.00000 | 0.000000
0 1392 696 -256 0 | p=2 | k=2 |  16.00000 |  5.9200 | -1.0400 | +0.05172 | 1.012764
0 1392 696 -64 0 | p=2 | k=2 |   8.00000 |  0.0000 | -3.0000 | -2.00000 | 0.000000
0 1398 699 -81 0 | p=3 | k=2 |   9.00000 |  3.0700 | -0.4600 | -0.31912 | 0.913560
0 1400 700 -256 0 | p=2 | k=2 |  16.00000 |  7.9200 | -0.0400 | +0.74486 | 1.156983
0 1400 700 -64 0 | p=2 | k=2 |   8.00000 |  5.9200 | -0.0400 | +0.05172 | 1.012764
0 1408 704 -256 0 | p=2 | k=2 |  16.00000 |  3.9200 | -2.0400 | -0.64143 | 0.809016
0 1408 704 -64 0 | p=2 | k=2 |   8.00000 |  3.9200 | -1.0400 | -0.64143 | 0.809016
0 1410 705 -81 0 | p=3 | k=2 |   9.00000 |  3.0700 | -0.4600 | -0.31912 | 0.913560
0 1414 707 -49 0 | p=7 | k=2 |   7.00000 |  0.0000 | -1.0000 | -2.00000 | 0.000000
0 1416 708 -256 0 | p=2 | k=2 |  16.00000 |  7.9200 | -0.0400 | +0.74486 | 1.156983
0 1416 708 -64 0 | p=2 | k=2 |   8.00000 |  5.9200 | -0.0400 | +0.05172 | 1.012764
0 1422 711 -81 0 | p=3 | k=2 |   9.00000 |  0.0600 | -1.9800 | -1.95606 | 0.032600
0 1424 712 -256 0 | p=2 | k=2 |  16.00000 |  5.9200 | -1.0400 | +0.05172 | 1.012764
0 1424 712 -64 0 | p=2 | k=2 |   8.00000 |  0.0000 | -3.0000 | -2.00000 | 0.000000
0 1432 716 -256 0 | p=2 | k=2 |  16.00000 |  7.9200 | -0.0400 | +0.74486 | 1.156983
0 1432 716 -64 0 | p=2 | k=2 |   8.00000 |  5.9200 | -0.0400 | +0.05172 | 1.012764
0 1434 717 -81 0 | p=3 | k=2 |   9.00000 |  3.0700 | -0.4600 | -0.31912 | 0.913560
0 1440 720 -256 0 | p=2 | k=2 |  16.00000 |  0.0000 | -4.0000 | -2.00000 | 0.000000
0 1440 720 -64 0 | p=2 | k=2 |   8.00000 |  3.9200 | -1.0400 | -0.64143 | 0.809016
0 1442 721 -49 0 | p=7 | k=2 |   7.00000 |  0.0000 | -1.0000 | -2.00000 | 0.000000
0 1446 723 -81 0 | p=3 | k=2 |   9.00000 |  3.0700 | -0.4600 | -0.31912 | 0.913560
0 1448 724 -256 0 | p=2 | k=2 |  16.00000 |  7.9200 | -0.0400 | +0.74486 | 1.156983
0 1448 724 -64 0 | p=2 | k=2 |   8.00000 |  5.9200 | -0.0400 | +0.05172 | 1.012764
0 1456 728 -256 0 | p=2 | k=2 |  16.00000 |  5.9200 | -1.0400 | +0.05172 | 1.012764
0 1456 728 -64 0 | p=2 | k=2 |   8.00000 |  0.0000 | -3.0000 | -2.00000 | 0.000000
0 1458 729 -81 0 | p=3 | k=2 |   9.00000 |  0.0500 | -2.0200 | -1.92310 | 0.027770
0 1464 732 -256 0 | p=2 | k=2 |  16.00000 |  7.9200 | -0.0400 | +0.74486 | 1.156983
0 1464 732 -64 0 | p=2 | k=2 |   8.00000 |  5.9200 | -0.0400 | +0.05172 | 1.012764
0 1470 735 -81 0 | p=3 | k=2 |   9.00000 |  3.0700 | -0.4600 | -0.31912 | 0.913560
0 1470 735 -49 0 | p=7 | k=2 |   7.00000 |  0.0000 | -0.9900 | -2.01946 | 0.000000
0 1472 736 -256 0 | p=2 | k=2 |  16.00000 |  3.9200 | -2.0400 | -0.64143 | 0.809016
0 1472 736 -64 0 | p=2 | k=2 |   8.00000 |  3.9200 | -1.0400 | -0.64143 | 0.809016
0 1480 740 -256 0 | p=2 | k=2 |  16.00000 |  7.9200 | -0.0400 | +0.74486 | 1.156983
0 1480 740 -64 0 | p=2 | k=2 |   8.00000 |  5.9200 | -0.0400 | +0.05172 | 1.012764
0 1482 741 -81 0 | p=3 | k=2 |   9.00000 |  3.0700 | -0.4600 | -0.31912 | 0.913560
0 1488 744 -256 0 | p=2 | k=2 |  16.00000 |  5.9200 | -1.0400 | +0.05172 | 1.012764
0 1488 744 -64 0 | p=2 | k=2 |   8.00000 |  0.0000 | -3.0000 | -2.00000 | 0.000000
0 1494 747 -81 0 | p=3 | k=2 |   9.00000 |  0.0700 | -1.9800 | -1.94507 | 0.038034
0 1496 748 -256 0 | p=2 | k=2 |  16.00000 |  7.9200 | -0.0400 | +0.74486 | 1.156983
0 1496 748 -64 0 | p=2 | k=2 |   8.00000 |  5.9200 | -0.0400 | +0.05172 | 1.012764
0 1498 749 -49 0 | p=7 | k=2 |   7.00000 |  0.0000 | -1.0000 | -2.00000 | 0.000000
0 1504 752 -256 0 | p=2 | k=2 |  16.00000 |  0.0000 | -4.0000 | -2.00000 | 0.000000
0 1504 752 -64 0 | p=2 | k=2 |   8.00000 |  3.9200 | -1.0400 | -0.64143 | 0.809016
0 1506 753 -81 0 | p=3 | k=2 |   9.00000 |  3.0700 | -0.4600 | -0.31912 | 0.913560
0 1512 756 -256 0 | p=2 | k=2 |  16.00000 |  7.9200 | -0.0400 | +0.74486 | 1.156983
0 1512 756 -64 0 | p=2 | k=2 |   8.00000 |  5.9200 | -0.0400 | +0.05172 | 1.012764
0 1518 759 -81 0 | p=3 | k=2 |   9.00000 |  3.0700 | -0.4600 | -0.31912 | 0.913560
0 1520 760 -256 0 | p=2 | k=2 |  16.00000 |  5.9200 | -1.0400 | +0.05172 | 1.012764
0 1520 760 -64 0 | p=2 | k=2 |   8.00000 |  0.0000 | -3.0000 | -2.00000 | 0.000000
0 1526 763 -49 0 | p=7 | k=2 |   7.00000 |  0.0000 | -1.0000 | -2.00000 | 0.000000
0 1528 764 -256 0 | p=2 | k=2 |  16.00000 |  7.9200 | -0.0400 | +0.74486 | 1.156983
0 1528 764 -64 0 | p=2 | k=2 |   8.00000 |  5.9200 | -0.0400 | +0.05172 | 1.012764
0 1530 765 -81 0 | p=3 | k=2 |   9.00000 |  0.0600 | -1.9700 | -1.96704 | 0.032424
0 1536 768 -256 0 | p=2 | k=2 |  16.00000 |  3.9200 | -2.0400 | -0.64143 | 0.809016
0 1536 768 -64 0 | p=2 | k=2 |   8.00000 |  3.9200 | -1.0400 | -0.64143 | 0.809016
0 1542 771 -81 0 | p=3 | k=2 |   9.00000 |  3.0700 | -0.4600 | -0.31912 | 0.913560
0 1544 772 -256 0 | p=2 | k=2 |  16.00000 |  7.9200 | -0.0400 | +0.74486 | 1.156983
0 1544 772 -64 0 | p=2 | k=2 |   8.00000 |  5.9200 | -0.0400 | +0.05172 | 1.012764
0 1552 776 -256 0 | p=2 | k=2 |  16.00000 |  5.9200 | -1.0400 | +0.05172 | 1.012764
0 1552 776 -64 0 | p=2 | k=2 |   8.00000 |  0.0000 | -3.0000 | -2.00000 | 0.000000
0 1554 777 -81 0 | p=3 | k=2 |   9.00000 |  3.0700 | -0.4600 | -0.31912 | 0.913560
0 1554 777 -49 0 | p=7 | k=2 |   7.00000 |  0.0000 | -1.0000 | -2.00000 | 0.000000
0 1560 780 -256 0 | p=2 | k=2 |  16.00000 |  7.9200 | -0.0400 | +0.74486 | 1.156983
0 1560 780 -64 0 | p=2 | k=2 |   8.00000 |  5.9200 | -0.0400 | +0.05172 | 1.012764
0 1566 783 -81 0 | p=3 | k=2 |   9.00000 |  0.0600 | -1.9800 | -1.95606 | 0.032600
0 1568 784 -256 0 | p=2 | k=2 |  16.00000 |  0.0000 | -4.0000 | -2.00000 | 0.000000
0 1568 784 -64 0 | p=2 | k=2 |   8.00000 |  3.9200 | -1.0400 | -0.64143 | 0.809016
0 1576 788 -256 0 | p=2 | k=2 |  16.00000 |  7.9200 | -0.0400 | +0.74486 | 1.156983
0 1576 788 -64 0 | p=2 | k=2 |   8.00000 |  5.9200 | -0.0400 | +0.05172 | 1.012764
0 1578 789 -81 0 | p=3 | k=2 |   9.00000 |  3.0700 | -0.4600 | -0.31912 | 0.913560
0 1582 791 -49 0 | p=7 | k=2 |   7.00000 |  0.0000 | -1.0000 | -2.00000 | 0.000000
0 1584 792 -256 0 | p=2 | k=2 |  16.00000 |  5.9200 | -1.0400 | +0.05172 | 1.012764
0 1584 792 -64 0 | p=2 | k=2 |   8.00000 |  0.0000 | -3.0000 | -2.00000 | 0.000000
0 1590 795 -81 0 | p=3 | k=2 |   9.00000 |  3.0700 | -0.4600 | -0.31912 | 0.913560
0 1592 796 -256 0 | p=2 | k=2 |  16.00000 |  7.9200 | -0.0400 | +0.74486 | 1.156983
0 1592 796 -64 0 | p=2 | k=2 |   8.00000 |  5.9200 | -0.0400 | +0.05172 | 1.012764
0 1600 800 -256 0 | p=2 | k=2 |  16.00000 |  3.9200 | -2.0400 | -0.64143 | 0.809016
0 1600 800 -64 0 | p=2 | k=2 |   8.00000 |  3.9200 | -1.0400 | -0.64143 | 0.809016
0 1602 801 -81 0 | p=3 | k=2 |   9.00000 |  0.0600 | -1.9700 | -1.96704 | 0.032424
0 1608 804 -256 0 | p=2 | k=2 |  16.00000 |  7.9200 | -0.0400 | +0.74486 | 1.156983
0 1608 804 -64 0 | p=2 | k=2 |   8.00000 |  5.9200 | -0.0400 | +0.05172 | 1.012764
0 1610 805 -49 0 | p=7 | k=2 |   7.00000 |  0.0000 | -1.0000 | -2.00000 | 0.000000
0 1614 807 -81 0 | p=3 | k=2 |   9.00000 |  3.0700 | -0.4600 | -0.31912 | 0.913560
0 1616 808 -256 0 | p=2 | k=2 |  16.00000 |  5.9200 | -1.0400 | +0.05172 | 1.012764
0 1616 808 -64 0 | p=2 | k=2 |   8.00000 |  0.0000 | -3.0000 | -2.00000 | 0.000000
0 1624 812 -256 0 | p=2 | k=2 |  16.00000 |  7.9200 | -0.0400 | +0.74486 | 1.156983
0 1624 812 -64 0 | p=2 | k=2 |   8.00000 |  5.9200 | -0.0400 | +0.05172 | 1.012764
0 1626 813 -81 0 | p=3 | k=2 |   9.00000 |  3.0700 | -0.4600 | -0.31912 | 0.913560
0 1632 816 -256 0 | p=2 | k=2 |  16.00000 |  0.0000 | -4.0000 | -2.00000 | 0.000000
0 1632 816 -64 0 | p=2 | k=2 |   8.00000 |  3.9200 | -1.0400 | -0.64143 | 0.809016
0 1638 819 -81 0 | p=3 | k=2 |   9.00000 |  0.0600 | -2.0000 | -1.93408 | 0.032958
0 1638 819 -49 0 | p=7 | k=2 |   7.00000 |  0.0000 | -1.0000 | -2.00000 | 0.000000
0 1640 820 -256 0 | p=2 | k=2 |  16.00000 |  7.9200 | -0.0400 | +0.74486 | 1.156983
0 1640 820 -64 0 | p=2 | k=2 |   8.00000 |  5.9200 | -0.0400 | +0.05172 | 1.012764
0 1648 824 -256 0 | p=2 | k=2 |  16.00000 |  5.9200 | -1.0400 | +0.05172 | 1.012764
0 1648 824 -64 0 | p=2 | k=2 |   8.00000 |  0.0000 | -3.0000 | -2.00000 | 0.000000
0 1650 825 -81 0 | p=3 | k=2 |   9.00000 |  3.0700 | -0.4600 | -0.31912 | 0.913560
0 1656 828 -256 0 | p=2 | k=2 |  16.00000 |  7.9200 | -0.0400 | +0.74486 | 1.156983
0 1656 828 -64 0 | p=2 | k=2 |   8.00000 |  5.9200 | -0.0400 | +0.05172 | 1.012764
0 1662 831 -81 0 | p=3 | k=2 |   9.00000 |  3.0700 | -0.4600 | -0.31912 | 0.913560
0 1664 832 -256 0 | p=2 | k=2 |  16.00000 |  3.9200 | -2.0400 | -0.64143 | 0.809016
0 1664 832 -64 0 | p=2 | k=2 |   8.00000 |  3.9200 | -1.0400 | -0.64143 | 0.809016
0 1666 833 -49 0 | p=7 | k=2 |   7.00000 |  0.0000 | -0.9900 | -2.01946 | 0.000000
0 1672 836 -256 0 | p=2 | k=2 |  16.00000 |  7.9200 | -0.0400 | +0.74486 | 1.156983
0 1672 836 -64 0 | p=2 | k=2 |   8.00000 |  5.9200 | -0.0400 | +0.05172 | 1.012764
0 1674 837 -81 0 | p=3 | k=2 |   9.00000 |  0.0600 | -2.0100 | -1.92310 | 0.033140
0 1680 840 -256 0 | p=2 | k=2 |  16.00000 |  5.9200 | -1.0400 | +0.05172 | 1.012764
0 1680 840 -64 0 | p=2 | k=2 |   8.00000 |  0.0000 | -3.0000 | -2.00000 | 0.000000
0 1686 843 -81 0 | p=3 | k=2 |   9.00000 |  3.0700 | -0.4600 | -0.31912 | 0.913560
0 1688 844 -256 0 | p=2 | k=2 |  16.00000 |  7.9200 | -0.0400 | +0.74486 | 1.156983
0 1688 844 -64 0 | p=2 | k=2 |   8.00000 |  5.9200 | -0.0400 | +0.05172 | 1.012764
0 1694 847 -49 0 | p=7 | k=2 |   7.00000 |  0.0000 | -1.0000 | -2.00000 | 0.000000
0 1696 848 -256 0 | p=2 | k=2 |  16.00000 |  0.0000 | -4.0000 | -2.00000 | 0.000000
0 1696 848 -64 0 | p=2 | k=2 |   8.00000 |  3.9200 | -1.0400 | -0.64143 | 0.809016
0 1698 849 -81 0 | p=3 | k=2 |   9.00000 |  3.0700 | -0.4600 | -0.31912 | 0.913560
0 1704 852 -256 0 | p=2 | k=2 |  16.00000 |  7.9200 | -0.0400 | +0.74486 | 1.156983
0 1704 852 -64 0 | p=2 | k=2 |   8.00000 |  5.9200 | -0.0400 | +0.05172 | 1.012764
0 1710 855 -81 0 | p=3 | k=2 |   9.00000 |  0.0600 | -2.0000 | -1.93408 | 0.032958
0 1712 856 -256 0 | p=2 | k=2 |  16.00000 |  5.9200 | -1.0400 | +0.05172 | 1.012764
0 1712 856 -64 0 | p=2 | k=2 |   8.00000 |  0.0000 | -3.0000 | -2.00000 | 0.000000
0 1720 860 -256 0 | p=2 | k=2 |  16.00000 |  7.9200 | -0.0400 | +0.74486 | 1.156983
0 1720 860 -64 0 | p=2 | k=2 |   8.00000 |  5.9200 | -0.0400 | +0.05172 | 1.012764
0 1722 861 -81 0 | p=3 | k=2 |   9.00000 |  3.0700 | -0.4600 | -0.31912 | 0.913560
0 1722 861 -49 0 | p=7 | k=2 |   7.00000 |  0.0000 | -1.0000 | -2.00000 | 0.000000
0 1728 864 -256 0 | p=2 | k=2 |  16.00000 |  3.9200 | -2.0400 | -0.64143 | 0.809016
0 1728 864 -64 0 | p=2 | k=2 |   8.00000 |  3.9200 | -1.0400 | -0.64143 | 0.809016
0 1734 867 -81 0 | p=3 | k=2 |   9.00000 |  3.0700 | -0.4600 | -0.31912 | 0.913560
0 1736 868 -256 0 | p=2 | k=2 |  16.00000 |  7.9200 | -0.0400 | +0.74486 | 1.156983
0 1736 868 -64 0 | p=2 | k=2 |   8.00000 |  5.9200 | -0.0400 | +0.05172 | 1.012764
0 1744 872 -256 0 | p=2 | k=2 |  16.00000 |  5.9200 | -1.0400 | +0.05172 | 1.012764
0 1744 872 -64 0 | p=2 | k=2 |   8.00000 |  0.0000 | -3.0000 | -2.00000 | 0.000000
0 1746 873 -81 0 | p=3 | k=2 |   9.00000 |  0.0600 | -2.0000 | -1.93408 | 0.032958
0 1750 875 -49 0 | p=7 | k=2 |   7.00000 |  0.0000 | -1.0000 | -2.00000 | 0.000000
0 1752 876 -256 0 | p=2 | k=2 |  16.00000 |  7.9200 | -0.0400 | +0.74486 | 1.156983
0 1752 876 -64 0 | p=2 | k=2 |   8.00000 |  5.9200 | -0.0400 | +0.05172 | 1.012764
0 1758 879 -81 0 | p=3 | k=2 |   9.00000 |  3.0700 | -0.4600 | -0.31912 | 0.913560
0 1760 880 -256 0 | p=2 | k=2 |  16.00000 |  0.0000 | -4.0000 | -2.00000 | 0.000000
0 1760 880 -64 0 | p=2 | k=2 |   8.00000 |  3.9200 | -1.0400 | -0.64143 | 0.809016
0 1768 884 -256 0 | p=2 | k=2 |  16.00000 |  7.9200 | -0.0400 | +0.74486 | 1.156983
0 1768 884 -64 0 | p=2 | k=2 |   8.00000 |  5.9200 | -0.0400 | +0.05172 | 1.012764
0 1770 885 -81 0 | p=3 | k=2 |   9.00000 |  3.0700 | -0.4600 | -0.31912 | 0.913560
0 1776 888 -256 0 | p=2 | k=2 |  16.00000 |  5.9200 | -1.0400 | +0.05172 | 1.012764
0 1776 888 -64 0 | p=2 | k=2 |   8.00000 |  0.0000 | -3.0000 | -2.00000 | 0.000000
0 1778 889 -49 0 | p=7 | k=2 |   7.00000 |  0.0000 | -1.0000 | -2.00000 | 0.000000
0 1782 891 -81 0 | p=3 | k=2 |   9.00000 |  0.0600 | -2.0200 | -1.91211 | 0.033324
0 1784 892 -256 0 | p=2 | k=2 |  16.00000 |  7.9200 | -0.0400 | +0.74486 | 1.156983
0 1784 892 -64 0 | p=2 | k=2 |   8.00000 |  5.9200 | -0.0400 | +0.05172 | 1.012764
0 1792 896 -256 0 | p=2 | k=2 |  16.00000 |  3.9200 | -2.0400 | -0.64143 | 0.809016
0 1792 896 -64 0 | p=2 | k=2 |   8.00000 |  3.9200 | -1.0400 | -0.64143 | 0.809016
0 1794 897 -81 0 | p=3 | k=2 |   9.00000 |  3.0700 | -0.4600 | -0.31912 | 0.913560
0 1800 900 -256 0 | p=2 | k=2 |  16.00000 |  7.9200 | -0.0400 | +0.74486 | 1.156983
0 1800 900 -64 0 | p=2 | k=2 |   8.00000 |  5.9200 | -0.0400 | +0.05172 | 1.012764
0 1806 903 -81 0 | p=3 | k=2 |   9.00000 |  3.0700 | -0.4600 | -0.31912 | 0.913560
0 1806 903 -49 0 | p=7 | k=2 |   7.00000 |  0.0000 | -1.0000 | -2.00000 | 0.000000
0 1808 904 -256 0 | p=2 | k=2 |  16.00000 |  5.9200 | -1.0400 | +0.05172 | 1.012764
0 1808 904 -64 0 | p=2 | k=2 |   8.00000 |  0.0000 | -3.0000 | -2.00000 | 0.000000
0 1816 908 -256 0 | p=2 | k=2 |  16.00000 |  7.9200 | -0.0400 | +0.74486 | 1.156983
0 1816 908 -64 0 | p=2 | k=2 |   8.00000 |  5.9200 | -0.0400 | +0.05172 | 1.012764
0 1818 909 -81 0 | p=3 | k=2 |   9.00000 |  0.0600 | -2.0000 | -1.93408 | 0.032958
0 1824 912 -256 0 | p=2 | k=2 |  16.00000 |  0.0000 | -4.0000 | -2.00000 | 0.000000
0 1824 912 -64 0 | p=2 | k=2 |   8.00000 |  3.9200 | -1.0400 | -0.64143 | 0.809016
0 1830 915 -81 0 | p=3 | k=2 |   9.00000 |  3.0700 | -0.4600 | -0.31912 | 0.913560
0 1832 916 -256 0 | p=2 | k=2 |  16.00000 |  7.9200 | -0.0400 | +0.74486 | 1.156983
0 1832 916 -64 0 | p=2 | k=2 |   8.00000 |  5.9200 | -0.0400 | +0.05172 | 1.012764
0 1834 917 -49 0 | p=7 | k=2 |   7.00000 |  0.0000 | -1.0000 | -2.00000 | 0.000000
0 1840 920 -256 0 | p=2 | k=2 |  16.00000 |  5.9200 | -1.0400 | +0.05172 | 1.012764
0 1840 920 -64 0 | p=2 | k=2 |   8.00000 |  0.0000 | -3.0000 | -2.00000 | 0.000000
0 1842 921 -81 0 | p=3 | k=2 |   9.00000 |  3.0700 | -0.4600 | -0.31912 | 0.913560
0 1848 924 -256 0 | p=2 | k=2 |  16.00000 |  7.9200 | -0.0400 | +0.74486 | 1.156983
0 1848 924 -64 0 | p=2 | k=2 |   8.00000 |  5.9200 | -0.0400 | +0.05172 | 1.012764
0 1854 927 -81 0 | p=3 | k=2 |   9.00000 |  0.0600 | -2.0000 | -1.93408 | 0.032958
0 1856 928 -256 0 | p=2 | k=2 |  16.00000 |  3.9200 | -2.0400 | -0.64143 | 0.809016
0 1856 928 -64 0 | p=2 | k=2 |   8.00000 |  3.9200 | -1.0400 | -0.64143 | 0.809016
0 1862 931 -49 0 | p=7 | k=2 |   7.00000 |  0.0000 | -0.9900 | -2.01946 | 0.000000
0 1864 932 -256 0 | p=2 | k=2 |  16.00000 |  7.9200 | -0.0400 | +0.74486 | 1.156983
0 1864 932 -64 0 | p=2 | k=2 |   8.00000 |  5.9200 | -0.0400 | +0.05172 | 1.012764
0 1866 933 -81 0 | p=3 | k=2 |   9.00000 |  3.0700 | -0.4600 | -0.31912 | 0.913560
0 1872 936 -256 0 | p=2 | k=2 |  16.00000 |  5.9200 | -1.0400 | +0.05172 | 1.012764
0 1872 936 -64 0 | p=2 | k=2 |   8.00000 |  0.0000 | -3.0000 | -2.00000 | 0.000000
0 1878 939 -81 0 | p=3 | k=2 |   9.00000 |  3.0700 | -0.4600 | -0.31912 | 0.913560
0 1880 940 -256 0 | p=2 | k=2 |  16.00000 |  7.9200 | -0.0400 | +0.74486 | 1.156983
0 1880 940 -64 0 | p=2 | k=2 |   8.00000 |  5.9200 | -0.0400 | +0.05172 | 1.012764
0 1888 944 -256 0 | p=2 | k=2 |  16.00000 |  0.0000 | -4.0000 | -2.00000 | 0.000000
0 1888 944 -64 0 | p=2 | k=2 |   8.00000 |  3.9200 | -1.0400 | -0.64143 | 0.809016
0 1890 945 -81 0 | p=3 | k=2 |   9.00000 |  0.0600 | -2.0100 | -1.92310 | 0.033140
0 1890 945 -49 0 | p=7 | k=2 |   7.00000 |  0.0000 | -1.0000 | -2.00000 | 0.000000
0 1896 948 -256 0 | p=2 | k=2 |  16.00000 |  7.9200 | -0.0400 | +0.74486 | 1.156983
0 1896 948 -64 0 | p=2 | k=2 |   8.00000 |  5.9200 | -0.0400 | +0.05172 | 1.012764
0 1902 951 -81 0 | p=3 | k=2 |   9.00000 |  3.0700 | -0.4600 | -0.31912 | 0.913560
0 1904 952 -256 0 | p=2 | k=2 |  16.00000 |  5.9200 | -1.0400 | +0.05172 | 1.012764
0 1904 952 -64 0 | p=2 | k=2 |   8.00000 |  0.0000 | -3.0000 | -2.00000 | 0.000000
0 1912 956 -256 0 | p=2 | k=2 |  16.00000 |  7.9200 | -0.0400 | +0.74486 | 1.156983
0 1912 956 -64 0 | p=2 | k=2 |   8.00000 |  5.9200 | -0.0400 | +0.05172 | 1.012764
0 1914 957 -81 0 | p=3 | k=2 |   9.00000 |  3.0700 | -0.4600 | -0.31912 | 0.913560
0 1918 959 -49 0 | p=7 | k=2 |   7.00000 |  0.0000 | -1.0000 | -2.00000 | 0.000000
0 1920 960 -256 0 | p=2 | k=2 |  16.00000 |  3.9200 | -2.0400 | -0.64143 | 0.809016
0 1920 960 -64 0 | p=2 | k=2 |   8.00000 |  3.9200 | -1.0400 | -0.64143 | 0.809016
0 1926 963 -81 0 | p=3 | k=2 |   9.00000 |  0.0600 | -2.0000 | -1.93408 | 0.032958
0 1928 964 -256 0 | p=2 | k=2 |  16.00000 |  7.9200 | -0.0400 | +0.74486 | 1.156983
0 1928 964 -64 0 | p=2 | k=2 |   8.00000 |  5.9200 | -0.0400 | +0.05172 | 1.012764
0 1936 968 -256 0 | p=2 | k=2 |  16.00000 |  5.9200 | -1.0400 | +0.05172 | 1.012764
0 1936 968 -64 0 | p=2 | k=2 |   8.00000 |  0.0000 | -3.0000 | -2.00000 | 0.000000
0 1938 969 -81 0 | p=3 | k=2 |   9.00000 |  3.0700 | -0.4600 | -0.31912 | 0.913560
0 1944 972 -256 0 | p=2 | k=2 |  16.00000 |  7.9200 | -0.0400 | +0.74486 | 1.156983
0 1944 972 -64 0 | p=2 | k=2 |   8.00000 |  5.9200 | -0.0400 | +0.05172 | 1.012764
0 1946 973 -49 0 | p=7 | k=2 |   7.00000 |  0.0000 | -1.0000 | -2.00000 | 0.000000
0 1950 975 -81 0 | p=3 | k=2 |   9.00000 |  3.0700 | -0.4600 | -0.31912 | 0.913560
0 1952 976 -256 0 | p=2 | k=2 |  16.00000 |  0.0000 | -4.0000 | -2.00000 | 0.000000
0 1952 976 -64 0 | p=2 | k=2 |   8.00000 |  3.9200 | -1.0400 | -0.64143 | 0.809016
0 1960 980 -256 0 | p=2 | k=2 |  16.00000 |  7.9200 | -0.0400 | +0.74486 | 1.156983
0 1960 980 -64 0 | p=2 | k=2 |   8.00000 |  5.9200 | -0.0400 | +0.05172 | 1.012764
0 1962 981 -81 0 | p=3 | k=2 |   9.00000 |  0.0500 | -2.0000 | -1.94507 | 0.027465
0 1968 984 -256 0 | p=2 | k=2 |  16.00000 |  5.9200 | -1.0400 | +0.05172 | 1.012764
0 1968 984 -64 0 | p=2 | k=2 |   8.00000 |  0.0000 | -3.0000 | -2.00000 | 0.000000
0 1974 987 -81 0 | p=3 | k=2 |   9.00000 |  3.0700 | -0.4600 | -0.31912 | 0.913560
0 1974 987 -49 0 | p=7 | k=2 |   7.00000 |  0.0000 | -1.0000 | -2.00000 | 0.000000
0 1976 988 -256 0 | p=2 | k=2 |  16.00000 |  7.9200 | -0.0400 | +0.74486 | 1.156983
0 1976 988 -64 0 | p=2 | k=2 |   8.00000 |  5.9200 | -0.0400 | +0.05172 | 1.012764
0 1984 992 -64 0 | p=2 | k=2 |   8.00000 |  3.9200 | -1.0400 | -0.64143 | 0.809016
8 -160 216 -128 3 | p=2 | k=2 |  16.00000 |  0.9300 | -3.0100 | -2.04159 | 0.239976
8 -128 104 -128 2 | p=2 | k=2 |  16.00000 |  0.9600 | -2.9700 | -2.04852 | 0.245186
8 -112 136 -128 3 | p=2 | k=2 |  16.00000 |  0.9400 | -3.0000 | -2.04159 | 0.241932
8 -96 24 -128 1 | p=2 | k=2 |  16.00000 |  0.9200 | -2.9800 | -2.06931 | 0.235572
8 -80 56 -128 2 | p=2 | k=2 |  16.00000 |  0.9400 | -3.0000 | -2.04159 | 0.241932
8 -48 8 -128 1 | p=2 | k=2 |  16.00000 |  0.9400 | -3.0000 | -2.04159 | 0.241932
8 32 16 -128 0 | p=2 | k=2 |  16.00000 |  0.0000 | -4.0000 | -2.00000 | 0.000000
8 48 8 -128 1 | p=2 | k=2 |  16.00000 |  0.0000 | -4.0000 | -2.00000 | 0.000000
8 80 48 -128 0 | p=2 | k=2 |  16.00000 |  0.0000 | -4.0000 | -2.00000 | 0.000000
8 96 24 -128 1 | p=2 | k=2 |  16.00000 |  0.0000 | -4.0300 | -1.97921 | 0.000000
14 -28 70 49 3 | p=7 | k=2 |   7.00000 | -0.0100 | -1.0000 | -2.01946 | -0.009730
14 -28 126 49 3 | p=7 | k=2 |   7.00000 | -0.0100 | -1.0000 | -2.01946 | -0.009730
14 -28 196 49 3 | p=7 | k=2 |   7.00000 | -0.0100 | -1.0000 | -2.01946 | -0.009730
14 -28 280 49 3 | p=7 | k=2 |   7.00000 | -0.0100 | -1.0000 | -2.01946 | -0.009730
14 -28 378 49 3 | p=7 | k=2 |   7.00000 | -0.0100 | -1.0000 | -2.01946 | -0.009730
14 -28 490 49 3 | p=7 | k=2 |   7.00000 | -0.0100 | -1.0000 | -2.01946 | -0.009730
14 -28 616 49 3 | p=7 | k=2 |   7.00000 | -0.0100 | -1.0000 | -2.01946 | -0.009730
14 -28 756 49 3 | p=7 | k=2 |   7.00000 | -0.0100 | -1.0000 | -2.01946 | -0.009730
14 -28 910 49 3 | p=7 | k=2 |   7.00000 | -0.0100 | -1.0000 | -2.01946 | -0.009730
14 -28 1078 49 3 | p=7 | k=2 |   7.00000 | -0.0100 | -1.0000 | -2.01946 | -0.009730
14 -28 1260 49 3 | p=7 | k=2 |   7.00000 | -0.0100 | -1.0000 | -2.01946 | -0.009730
14 -28 1456 49 3 | p=7 | k=2 |   7.00000 | -0.0100 | -1.0000 | -2.01946 | -0.009730
14 -28 1666 49 3 | p=7 | k=2 |   7.00000 | -0.0100 | -1.0000 | -2.01946 | -0.009730
14 -28 1890 49 3 | p=7 | k=2 |   7.00000 | -0.0100 | -1.0000 | -2.01946 | -0.009730
14 -28 2128 49 3 | p=7 | k=2 |   7.00000 | -0.0100 | -1.0000 | -2.01946 | -0.009730
14 -28 2380 49 3 | p=7 | k=2 |   7.00000 | -0.0100 | -1.0000 | -2.01946 | -0.009730
14 -28 2646 49 3 | p=7 | k=2 |   7.00000 | -0.0100 | -1.0000 | -2.01946 | -0.009730
14 -28 2926 49 3 | p=7 | k=2 |   7.00000 | -0.0100 | -1.0000 | -2.01946 | -0.009730
14 -14 35 49 2 | p=7 | k=2 |   7.00000 | -0.0100 | -1.0000 | -2.01946 | -0.009730
14 -14 77 49 2 | p=7 | k=2 |   7.00000 | -0.0100 | -1.0000 | -2.01946 | -0.009730
14 -14 133 49 2 | p=7 | k=2 |   7.00000 | -0.0100 | -1.0000 | -2.01946 | -0.009730
14 -14 203 49 2 | p=7 | k=2 |   7.00000 | -0.0100 | -1.0000 | -2.01946 | -0.009730
14 -14 287 49 2 | p=7 | k=2 |   7.00000 | -0.0100 | -1.0000 | -2.01946 | -0.009730
14 -14 385 49 2 | p=7 | k=2 |   7.00000 | -0.0100 | -1.0000 | -2.01946 | -0.009730
14 -14 497 49 2 | p=7 | k=2 |   7.00000 | -0.0100 | -1.0000 | -2.01946 | -0.009730
14 -14 623 49 2 | p=7 | k=2 |   7.00000 | -0.0100 | -1.0000 | -2.01946 | -0.009730
14 -14 763 49 2 | p=7 | k=2 |   7.00000 | -0.0100 | -1.0000 | -2.01946 | -0.009730
14 -14 917 49 2 | p=7 | k=2 |   7.00000 | -0.0100 | -1.0000 | -2.01946 | -0.009730
14 -14 1085 49 2 | p=7 | k=2 |   7.00000 | -0.0100 | -1.0000 | -2.01946 | -0.009730
14 -14 1267 49 2 | p=7 | k=2 |   7.00000 | -0.0100 | -1.0000 | -2.01946 | -0.009730
14 -14 1463 49 2 | p=7 | k=2 |   7.00000 | -0.0100 | -1.0000 | -2.01946 | -0.009730
14 -14 1673 49 2 | p=7 | k=2 |   7.00000 | -0.0100 | -1.0000 | -2.01946 | -0.009730
14 -14 1897 49 2 | p=7 | k=2 |   7.00000 | -0.0100 | -1.0000 | -2.01946 | -0.009730
14 -14 2135 49 2 | p=7 | k=2 |   7.00000 | -0.0100 | -1.0000 | -2.01946 | -0.009730
14 -14 2387 49 2 | p=7 | k=2 |   7.00000 | -0.0100 | -1.0000 | -2.01946 | -0.009730
14 -14 2653 49 2 | p=7 | k=2 |   7.00000 | -0.0100 | -1.0000 | -2.01946 | -0.009730
14 -14 2933 49 2 | p=7 | k=2 |   7.00000 | -0.0100 | -1.0000 | -2.01946 | -0.009730
14 0 14 49 1 | p=7 | k=2 |   7.00000 | -0.0100 | -1.0000 | -2.01946 | -0.009730
14 0 42 49 1 | p=7 | k=2 |   7.00000 | -0.0100 | -1.0000 | -2.01946 | -0.009730
14 0 84 49 1 | p=7 | k=2 |   7.00000 | -0.0100 | -1.0100 | -2.00000 | -0.009825
14 0 140 49 1 | p=7 | k=2 |   7.00000 | -0.0100 | -1.0000 | -2.01946 | -0.009730
14 0 210 49 1 | p=7 | k=2 |   7.00000 | -0.0100 | -1.0000 | -2.01946 | -0.009730
14 0 294 49 1 | p=7 | k=2 |   7.00000 | -0.0100 | -1.0000 | -2.01946 | -0.009730
14 0 392 49 1 | p=7 | k=2 |   7.00000 | -0.0100 | -1.0000 | -2.01946 | -0.009730
14 0 504 49 1 | p=7 | k=2 |   7.00000 | -0.0100 | -1.0000 | -2.01946 | -0.009730
14 0 630 49 1 | p=7 | k=2 |   7.00000 | -0.0100 | -1.0000 | -2.01946 | -0.009730
14 0 770 49 1 | p=7 | k=2 |   7.00000 | -0.0100 | -1.0100 | -2.00000 | -0.009825
14 0 924 49 1 | p=7 | k=2 |   7.00000 | -0.0100 | -1.0000 | -2.01946 | -0.009730
14 0 1092 49 1 | p=7 | k=2 |   7.00000 | -0.0100 | -1.0000 | -2.01946 | -0.009730
14 0 1274 49 1 | p=7 | k=2 |   7.00000 | -0.0100 | -1.0000 | -2.01946 | -0.009730
14 0 1470 49 1 | p=7 | k=2 |   7.00000 | -0.0100 | -1.0000 | -2.01946 | -0.009730
14 0 1680 49 1 | p=7 | k=2 |   7.00000 | -0.0100 | -1.0000 | -2.01946 | -0.009730
14 0 1904 49 1 | p=7 | k=2 |   7.00000 | -0.0100 | -1.0000 | -2.01946 | -0.009730
14 0 2142 49 1 | p=7 | k=2 |   7.00000 | -0.0100 | -1.0100 | -2.00000 | -0.009825
14 0 2394 49 1 | p=7 | k=2 |   7.00000 | -0.0100 | -1.0000 | -2.01946 | -0.009730
14 0 2660 49 1 | p=7 | k=2 |   7.00000 | -0.0100 | -1.0000 | -2.01946 | -0.009730
14 0 2940 49 1 | p=7 | k=2 |   7.00000 | -0.0100 | -1.0000 | -2.01946 | -0.009730
14 14 7 49 0 | p=7 | k=2 |   7.00000 | -0.0100 | -1.0000 | -2.01946 | -0.009730
14 14 21 49 0 | p=7 | k=2 |   7.00000 | -0.0100 | -0.9900 | -2.03892 | -0.009636
14 14 49 49 0 | p=7 | k=2 |   7.00000 | -0.0100 | -1.0100 | -2.00000 | -0.009825
14 14 91 49 0 | p=7 | k=2 |   7.00000 | -0.0100 | -0.9800 | -2.05838 | -0.009544
14 14 147 49 0 | p=7 | k=2 |   7.00000 | -0.0100 | -1.0100 | -2.00000 | -0.009825
14 14 217 49 0 | p=7 | k=2 |   7.00000 | -0.0100 | -0.9900 | -2.03892 | -0.009636
14 14 301 49 0 | p=7 | k=2 |   7.00000 | -0.0100 | -1.0000 | -2.01946 | -0.009730
14 14 399 49 0 | p=7 | k=2 |   7.00000 | -0.0100 | -1.0000 | -2.01946 | -0.009730
14 14 511 49 0 | p=7 | k=2 |   7.00000 | -0.0100 | -0.9900 | -2.03892 | -0.009636
14 14 637 49 0 | p=7 | k=2 |   7.00000 | -0.0100 | -1.0100 | -2.00000 | -0.009825
14 14 777 49 0 | p=7 | k=2 |   7.00000 | -0.0200 | -0.9700 | -2.09730 | -0.018907
14 14 931 49 0 | p=7 | k=2 |   7.00000 | -0.0100 | -1.0100 | -2.00000 | -0.009825
14 14 1099 49 0 | p=7 | k=2 |   7.00000 | -0.0100 | -0.9900 | -2.03892 | -0.009636
14 14 1281 49 0 | p=7 | k=2 |   7.00000 | -0.0100 | -1.0000 | -2.01946 | -0.009730
14 14 1477 49 0 | p=7 | k=2 |   7.00000 | -0.0100 | -1.0000 | -2.01946 | -0.009730
14 14 1687 49 0 | p=7 | k=2 |   7.00000 | -0.0100 | -0.9900 | -2.03892 | -0.009636
14 14 1911 49 0 | p=7 | k=2 |   7.00000 | -0.0100 | -1.0100 | -2.00000 | -0.009825
14 14 2149 49 0 | p=7 | k=2 |   7.00000 | -0.0100 | -0.9800 | -2.05838 | -0.009544
14 14 2401 49 0 | p=7 | k=2 |   7.00000 | -0.0100 | -1.0100 | -2.00000 | -0.009825
14 14 2667 49 0 | p=7 | k=2 |   7.00000 | -0.0100 | -0.9900 | -2.03892 | -0.009636
14 14 2947 49 0 | p=7 | k=2 |   7.00000 | -0.0100 | -1.0000 | -2.01946 | -0.009730
16 -32 80 64 3 | p=2 | k=2 |   8.00000 |  0.0000 | -3.0000 | -2.00000 | 0.000000
16 -32 144 64 3 | p=2 | k=2 |   8.00000 |  0.0000 | -3.0000 | -2.00000 | 0.000000
16 -32 224 64 3 | p=2 | k=2 |   8.00000 |  0.0000 | -3.0000 | -2.00000 | 0.000000
16 -32 320 64 3 | p=2 | k=2 |   8.00000 |  0.0000 | -3.0000 | -2.00000 | 0.000000
16 -32 432 64 3 | p=2 | k=2 |   8.00000 |  0.0000 | -3.0000 | -2.00000 | 0.000000
16 -32 560 64 3 | p=2 | k=2 |   8.00000 |  0.0000 | -3.0300 | -1.97921 | 0.000000
16 -32 704 64 3 | p=2 | k=2 |   8.00000 |  0.0000 | -3.0200 | -1.98614 | 0.000000
16 -32 864 64 3 | p=2 | k=2 |   8.00000 |  0.0000 | -3.0200 | -1.98614 | 0.000000
16 -32 1040 64 3 | p=2 | k=2 |   8.00000 |  0.0000 | -3.0100 | -1.99307 | 0.000000
16 -32 1232 64 3 | p=2 | k=2 |   8.00000 |  0.0000 | -2.9300 | -2.04852 | 0.000000
16 -32 1440 64 3 | p=2 | k=2 |   8.00000 |  0.0000 | -2.9900 | -2.00693 | 0.000000
16 -32 1664 64 3 | p=2 | k=2 |   8.00000 |  0.0000 | -2.9900 | -2.00693 | 0.000000
16 -32 1904 64 3 | p=2 | k=2 |   8.00000 |  0.0000 | -2.9900 | -2.00693 | 0.000000
16 -32 2160 64 3 | p=2 | k=2 |   8.00000 |  0.0000 | -2.9900 | -2.00693 | 0.000000
16 -32 2432 64 3 | p=2 | k=2 |   8.00000 |  0.0000 | -2.9900 | -2.00693 | 0.000000
16 -32 2720 64 3 | p=2 | k=2 |   8.00000 |  0.0000 | -2.9900 | -2.00693 | 0.000000
16 -16 40 64 2 | p=2 | k=2 |   8.00000 |  0.0000 | -3.0000 | -2.00000 | 0.000000
16 -16 88 64 2 | p=2 | k=2 |   8.00000 |  0.0000 | -3.0000 | -2.00000 | 0.000000
16 -16 152 64 2 | p=2 | k=2 |   8.00000 |  0.0000 | -3.0000 | -2.00000 | 0.000000
16 -16 232 64 2 | p=2 | k=2 |   8.00000 |  0.0000 | -3.0000 | -2.00000 | 0.000000
16 -16 328 64 2 | p=2 | k=2 |   8.00000 |  0.0000 | -3.0000 | -2.00000 | 0.000000
16 -16 440 64 2 | p=2 | k=2 |   8.00000 |  0.0000 | -3.0000 | -2.00000 | 0.000000
16 -16 568 64 2 | p=2 | k=2 |   8.00000 |  0.0000 | -3.0000 | -2.00000 | 0.000000
16 -16 712 64 2 | p=2 | k=2 |   8.00000 |  0.0000 | -3.0000 | -2.00000 | 0.000000
16 -16 872 64 2 | p=2 | k=2 |   8.00000 |  0.0000 | -3.0000 | -2.00000 | 0.000000
16 -16 1048 64 2 | p=2 | k=2 |   8.00000 |  0.0000 | -3.0000 | -2.00000 | 0.000000
16 -16 1240 64 2 | p=2 | k=2 |   8.00000 |  0.0000 | -3.0000 | -2.00000 | 0.000000
16 -16 1448 64 2 | p=2 | k=2 |   8.00000 |  0.0000 | -3.0000 | -2.00000 | 0.000000
16 -16 1672 64 2 | p=2 | k=2 |   8.00000 |  0.0000 | -3.0000 | -2.00000 | 0.000000
16 -16 1912 64 2 | p=2 | k=2 |   8.00000 |  0.0000 | -3.0000 | -2.00000 | 0.000000
16 -16 2168 64 2 | p=2 | k=2 |   8.00000 |  0.0000 | -3.0000 | -2.00000 | 0.000000
16 -16 2440 64 2 | p=2 | k=2 |   8.00000 |  0.0000 | -3.0000 | -2.00000 | 0.000000
16 -16 2728 64 2 | p=2 | k=2 |   8.00000 |  0.0000 | -3.0000 | -2.00000 | 0.000000
16 0 16 64 1 | p=2 | k=2 |   8.00000 |  0.0000 | -3.0000 | -2.00000 | 0.000000
16 0 48 64 1 | p=2 | k=2 |   8.00000 |  0.0000 | -3.0000 | -2.00000 | 0.000000
16 0 96 64 1 | p=2 | k=2 |   8.00000 |  0.0000 | -3.0000 | -2.00000 | 0.000000
16 0 160 64 1 | p=2 | k=2 |   8.00000 |  0.0000 | -3.0000 | -2.00000 | 0.000000
16 0 240 64 1 | p=2 | k=2 |   8.00000 |  0.0000 | -2.9900 | -2.00693 | 0.000000
16 0 336 64 1 | p=2 | k=2 |   8.00000 |  0.0000 | -3.0000 | -2.00000 | 0.000000
16 0 448 64 1 | p=2 | k=2 |   8.00000 |  0.0000 | -3.0000 | -2.00000 | 0.000000
16 0 576 64 1 | p=2 | k=2 |   8.00000 |  0.0000 | -3.0000 | -2.00000 | 0.000000
16 0 720 64 1 | p=2 | k=2 |   8.00000 |  0.0000 | -3.0000 | -2.00000 | 0.000000
16 0 880 64 1 | p=2 | k=2 |   8.00000 |  0.0000 | -3.0000 | -2.00000 | 0.000000
16 0 1056 64 1 | p=2 | k=2 |   8.00000 |  0.0000 | -3.0000 | -2.00000 | 0.000000
16 0 1248 64 1 | p=2 | k=2 |   8.00000 |  0.0000 | -3.0000 | -2.00000 | 0.000000
16 0 1456 64 1 | p=2 | k=2 |   8.00000 |  0.0000 | -3.0000 | -2.00000 | 0.000000
16 0 1680 64 1 | p=2 | k=2 |   8.00000 |  0.0000 | -3.0000 | -2.00000 | 0.000000
16 0 1920 64 1 | p=2 | k=2 |   8.00000 |  0.0000 | -3.0000 | -2.00000 | 0.000000
16 0 2176 64 1 | p=2 | k=2 |   8.00000 |  0.0000 | -3.0000 | -2.00000 | 0.000000
16 0 2448 64 1 | p=2 | k=2 |   8.00000 |  0.0000 | -3.0000 | -2.00000 | 0.000000
16 0 2736 64 1 | p=2 | k=2 |   8.00000 |  0.0000 | -3.0000 | -2.00000 | 0.000000
16 16 8 64 0 | p=2 | k=2 |   8.00000 |  0.0000 | -3.0000 | -2.00000 | 0.000000
16 16 24 64 0 | p=2 | k=2 |   8.00000 |  0.0000 | -3.0000 | -2.00000 | 0.000000
16 16 56 64 0 | p=2 | k=2 |   8.00000 |  0.0000 | -3.0000 | -2.00000 | 0.000000
16 16 104 64 0 | p=2 | k=2 |   8.00000 |  0.0000 | -3.0000 | -2.00000 | 0.000000
16 16 168 64 0 | p=2 | k=2 |   8.00000 |  0.0000 | -3.0000 | -2.00000 | 0.000000
16 16 248 64 0 | p=2 | k=2 |   8.00000 |  0.0000 | -3.0000 | -2.00000 | 0.000000
16 16 344 64 0 | p=2 | k=2 |   8.00000 |  0.0000 | -3.0000 | -2.00000 | 0.000000
16 16 456 64 0 | p=2 | k=2 |   8.00000 |  0.0000 | -3.0000 | -2.00000 | 0.000000
16 16 584 64 0 | p=2 | k=2 |   8.00000 |  0.0000 | -3.0000 | -2.00000 | 0.000000
16 16 728 64 0 | p=2 | k=2 |   8.00000 |  0.0000 | -3.0000 | -2.00000 | 0.000000
16 16 888 64 0 | p=2 | k=2 |   8.00000 |  0.0000 | -3.0000 | -2.00000 | 0.000000
16 16 1064 64 0 | p=2 | k=2 |   8.00000 |  0.0000 | -3.0000 | -2.00000 | 0.000000
16 16 1256 64 0 | p=2 | k=2 |   8.00000 |  0.0000 | -3.0000 | -2.00000 | 0.000000
16 16 1464 64 0 | p=2 | k=2 |   8.00000 |  0.0000 | -3.0000 | -2.00000 | 0.000000
16 16 1688 64 0 | p=2 | k=2 |   8.00000 |  0.0000 | -3.0000 | -2.00000 | 0.000000
16 16 1928 64 0 | p=2 | k=2 |   8.00000 |  0.0000 | -3.0000 | -2.00000 | 0.000000
16 16 2184 64 0 | p=2 | k=2 |   8.00000 |  0.0000 | -3.0000 | -2.00000 | 0.000000
16 16 2456 64 0 | p=2 | k=2 |   8.00000 |  0.0000 | -3.0000 | -2.00000 | 0.000000
16 16 2744 64 0 | p=2 | k=2 |   8.00000 |  0.0000 | -3.0000 | -2.00000 | 0.000000
18 -252 378 -243 3 | p=3 | k=2 |  27.00000 |  0.9900 | -2.0300 | -1.97803 | 0.354778
18 -198 189 -243 2 | p=3 | k=2 |  27.00000 |  1.0000 | -2.0100 | -1.98901 | 0.355811
18 -180 234 -243 3 | p=3 | k=2 |  27.00000 |  0.9900 | -2.0000 | -2.01099 | 0.351004
18 -144 54 -243 1 | p=3 | k=2 |  27.00000 |  0.9500 | -2.0400 | -2.01099 | 0.341668
18 -126 99 -243 2 | p=3 | k=2 |  27.00000 |  0.9900 | -2.0000 | -2.01099 | 0.351004
18 -72 18 -243 1 | p=3 | k=2 |  27.00000 |  0.9900 | -2.0000 | -2.01099 | 0.351004
18 -36 90 81 3 | p=3 | k=2 |   9.00000 |  0.0400 | -2.0000 | -1.95606 | 0.021972
18 -36 162 81 3 | p=3 | k=2 |   9.00000 |  0.0400 | -2.0100 | -1.94507 | 0.022094
18 -36 252 81 3 | p=3 | k=2 |   9.00000 |  0.0400 | -2.0000 | -1.95606 | 0.021972
18 -36 360 81 3 | p=3 | k=2 |   9.00000 |  0.0400 | -2.0000 | -1.95606 | 0.021972
18 -36 486 81 3 | p=3 | k=2 |   9.00000 |  0.0400 | -2.0100 | -1.94507 | 0.022094
18 -36 630 81 3 | p=3 | k=2 |   9.00000 |  0.0400 | -2.0000 | -1.95606 | 0.021972
18 -36 792 81 3 | p=3 | k=2 |   9.00000 |  0.0400 | -1.9800 | -1.97803 | 0.021733
18 -36 972 81 3 | p=3 | k=2 |   9.00000 |  0.0400 | -1.9900 | -1.96704 | 0.021852
18 -36 1170 81 3 | p=3 | k=2 |   9.00000 |  0.0400 | -1.9800 | -1.97803 | 0.021733
18 -36 1386 81 3 | p=3 | k=2 |   9.00000 |  0.0400 | -1.9900 | -1.96704 | 0.021852
18 -36 1620 81 3 | p=3 | k=2 |   9.00000 |  0.0400 | -2.0000 | -1.95606 | 0.021972
18 -36 1872 81 3 | p=3 | k=2 |   9.00000 |  0.0400 | -1.9900 | -1.96704 | 0.021852
18 -36 2142 81 3 | p=3 | k=2 |   9.00000 |  0.0400 | -1.9800 | -1.97803 | 0.021733
18 -36 2430 81 3 | p=3 | k=2 |   9.00000 |  0.0400 | -1.9900 | -1.96704 | 0.021852
18 -36 2736 81 3 | p=3 | k=2 |   9.00000 |  0.0400 | -1.9800 | -1.97803 | 0.021733
18 -18 45 81 2 | p=3 | k=2 |   9.00000 |  0.0400 | -2.0000 | -1.95606 | 0.021972
18 -18 99 81 2 | p=3 | k=2 |   9.00000 |  0.0400 | -2.0000 | -1.95606 | 0.021972
18 -18 171 81 2 | p=3 | k=2 |   9.00000 |  0.0400 | -2.0000 | -1.95606 | 0.021972
18 -18 261 81 2 | p=3 | k=2 |   9.00000 |  0.0400 | -2.0000 | -1.95606 | 0.021972
18 -18 369 81 2 | p=3 | k=2 |   9.00000 |  0.0400 | -1.9800 | -1.97803 | 0.021733
18 -18 495 81 2 | p=3 | k=2 |   9.00000 |  0.0400 | -2.0000 | -1.95606 | 0.021972
18 -18 639 81 2 | p=3 | k=2 |   9.00000 |  0.0400 | -2.0000 | -1.95606 | 0.021972
18 -18 801 81 2 | p=3 | k=2 |   9.00000 |  0.0400 | -1.9800 | -1.97803 | 0.021733
18 -18 981 81 2 | p=3 | k=2 |   9.00000 |  0.0400 | -1.9800 | -1.97803 | 0.021733
18 -18 1179 81 2 | p=3 | k=2 |   9.00000 |  0.0400 | -2.0000 | -1.95606 | 0.021972
18 -18 1395 81 2 | p=3 | k=2 |   9.00000 |  0.0400 | -1.9900 | -1.96704 | 0.021852
18 -18 1629 81 2 | p=3 | k=2 |   9.00000 |  0.0400 | -1.9900 | -1.96704 | 0.021852
18 -18 1881 81 2 | p=3 | k=2 |   9.00000 |  0.0400 | -1.9900 | -1.96704 | 0.021852
18 -18 2151 81 2 | p=3 | k=2 |   9.00000 |  0.0400 | -2.0100 | -1.94507 | 0.022094
18 -18 2439 81 2 | p=3 | k=2 |   9.00000 |  0.0400 | -1.9800 | -1.97803 | 0.021733
18 -18 2745 81 2 | p=3 | k=2 |   9.00000 |  0.0400 | -1.9700 | -1.98901 | 0.021616
18 0 18 81 1 | p=3 | k=2 |   9.00000 |  0.0400 | -2.0000 | -1.95606 | 0.021972
18 0 54 81 1 | p=3 | k=2 |   9.00000 |  0.0400 | -1.9900 | -1.96704 | 0.021852
18 0 108 81 1 | p=3 | k=2 |   9.00000 |  0.0400 | -2.0100 | -1.94507 | 0.022094
18 0 180 81 1 | p=3 | k=2 |   9.00000 |  0.0400 | -2.0000 | -1.95606 | 0.021972
18 0 270 81 1 | p=3 | k=2 |   9.00000 |  0.0400 | -2.0100 | -1.94507 | 0.022094
18 0 378 81 1 | p=3 | k=2 |   9.00000 |  0.0400 | -2.0000 | -1.95606 | 0.021972
18 0 504 81 1 | p=3 | k=2 |   9.00000 |  0.0400 | -2.0000 | -1.95606 | 0.021972
18 0 648 81 1 | p=3 | k=2 |   9.00000 |  0.0400 | -2.0100 | -1.94507 | 0.022094
18 0 810 81 1 | p=3 | k=2 |   9.00000 |  0.0400 | -1.9900 | -1.96704 | 0.021852
18 0 990 81 1 | p=3 | k=2 |   9.00000 |  0.0400 | -1.9900 | -1.96704 | 0.021852
18 0 1188 81 1 | p=3 | k=2 |   9.00000 |  0.0400 | -1.9800 | -1.97803 | 0.021733
18 0 1404 81 1 | p=3 | k=2 |   9.00000 |  0.0400 | -2.0000 | -1.95606 | 0.021972
18 0 1638 81 1 | p=3 | k=2 |   9.00000 |  0.0400 | -1.9900 | -1.96704 | 0.021852
18 0 1890 81 1 | p=3 | k=2 |   9.00000 |  0.0400 | -2.0000 | -1.95606 | 0.021972
18 0 2160 81 1 | p=3 | k=2 |   9.00000 |  0.0400 | -1.9500 | -2.01099 | 0.021385
18 0 2448 81 1 | p=3 | k=2 |   9.00000 |  0.0400 | -1.9900 | -1.96704 | 0.021852
18 0 2754 81 1 | p=3 | k=2 |   9.00000 |  0.0400 | -1.9900 | -1.96704 | 0.021852
18 18 9 81 0 | p=3 | k=2 |   9.00000 |  0.0400 | -2.0000 | -1.95606 | 0.021972
18 18 27 81 0 | p=3 | k=2 |   9.00000 |  0.0400 | -2.0100 | -1.94507 | 0.022094
18 18 63 81 0 | p=3 | k=2 |   9.00000 |  0.0400 | -2.0000 | -1.95606 | 0.021972
18 18 117 81 0 | p=3 | k=2 |   9.00000 |  0.0400 | -2.0000 | -1.95606 | 0.021972
18 18 189 81 0 | p=3 | k=2 |   9.00000 |  0.0400 | -2.0100 | -1.94507 | 0.022094
18 18 279 81 0 | p=3 | k=2 |   9.00000 |  0.0400 | -2.0000 | -1.95606 | 0.021972
18 18 387 81 0 | p=3 | k=2 |   9.00000 |  0.0400 | -2.0000 | -1.95606 | 0.021972
18 18 513 81 0 | p=3 | k=2 |   9.00000 |  0.0400 | -2.0100 | -1.94507 | 0.022094
18 18 657 81 0 | p=3 | k=2 |   9.00000 |  0.0400 | -2.0000 | -1.95606 | 0.021972
18 18 819 81 0 | p=3 | k=2 |   9.00000 |  0.0400 | -1.9900 | -1.96704 | 0.021852
18 18 999 81 0 | p=3 | k=2 |   9.00000 |  0.0400 | -2.0000 | -1.95606 | 0.021972
18 18 1197 81 0 | p=3 | k=2 |   9.00000 |  0.0400 | -1.9900 | -1.96704 | 0.021852
18 18 1413 81 0 | p=3 | k=2 |   9.00000 |  0.0400 | -1.9900 | -1.96704 | 0.021852
18 18 1647 81 0 | p=3 | k=2 |   9.00000 |  0.0400 | -2.0000 | -1.95606 | 0.021972
18 18 1899 81 0 | p=3 | k=2 |   9.00000 |  0.0400 | -1.9900 | -1.96704 | 0.021852
18 18 2169 81 0 | p=3 | k=2 |   9.00000 |  0.0400 | -1.9900 | -1.96704 | 0.021852
18 18 2457 81 0 | p=3 | k=2 |   9.00000 |  0.0400 | -2.0000 | -1.95606 | 0.021972
18 18 2763 81 0 | p=3 | k=2 |   9.00000 |  0.0400 | -1.9900 | -1.96704 | 0.021852
18 54 27 -243 0 | p=3 | k=2 |  27.00000 |  0.0000 | -3.0000 | -2.00000 | 0.000000
18 72 18 -243 1 | p=3 | k=2 |  27.00000 |  0.0000 | -3.0000 | -2.00000 | 0.000000
18 126 81 -243 0 | p=3 | k=2 |  27.00000 |  0.0000 | -2.9700 | -2.03296 | 0.000000
18 144 54 -243 1 | p=3 | k=2 |  27.00000 |  0.0000 | -3.0100 | -1.98901 | 0.000000
18 162 9 -243 2 | p=3 | k=2 |  27.00000 |  0.0000 | -2.9700 | -2.03296 | 0.000000
24 -288 456 -256 3 | p=2 | k=2 |  32.00000 |  2.0400 | -2.9400 | -2.01386 | 0.412505
24 -224 232 -256 2 | p=2 | k=2 |  32.00000 |  1.9700 | -2.9900 | -2.02773 | 0.402419
24 -208 280 -256 3 | p=2 | k=2 |  32.00000 |  1.9800 | -3.0000 | -2.01386 | 0.405290
24 -160 72 -256 1 | p=2 | k=2 |  32.00000 |  1.9800 | -2.9900 | -2.02079 | 0.404462
24 -144 120 -256 2 | p=2 | k=2 |  32.00000 |  1.9800 | -3.0000 | -2.01386 | 0.405290
24 -96 264 128 3 | p=2 | k=2 |  16.00000 |  0.9200 | -3.0300 | -2.03466 | 0.238627
24 -80 24 -256 1 | p=2 | k=2 |  32.00000 |  1.9800 | -3.0000 | -2.01386 | 0.405290
24 -80 152 128 3 | p=2 | k=2 |  16.00000 |  0.9400 | -3.0000 | -2.04159 | 0.241932
24 -64 152 128 2 | p=2 | k=2 |  16.00000 |  0.9500 | -2.9800 | -2.04852 | 0.243254
24 -48 72 128 2 | p=2 | k=2 |  16.00000 |  0.9400 | -3.0000 | -2.04159 | 0.241932
24 -40 8 128 2 | p=2 | k=2 |  16.00000 |  4.9200 | -1.0400 | -0.64143 | 0.841689
24 -32 72 128 1 | p=2 | k=2 |  16.00000 |  0.9500 | -2.9700 | -2.05545 | 0.242632
24 -16 24 128 1 | p=2 | k=2 |  16.00000 |  0.9400 | -3.0000 | -2.04159 | 0.241932
24 -16 88 128 3 | p=2 | k=2 |  16.00000 |  0.0000 | -4.0000 | -2.00000 | 0.000000
24 0 24 128 0 | p=2 | k=2 |  16.00000 |  0.9400 | -3.0400 | -2.01386 | 0.244449
24 0 48 128 2 | p=2 | k=2 |  16.00000 |  0.0000 | -4.0000 | -2.00000 | 0.000000
24 0 168 128 3 | p=2 | k=2 |  16.00000 |  0.0000 | -4.0000 | -2.00000 | 0.000000
24 16 8 128 0 | p=2 | k=2 |  16.00000 |  0.9400 | -3.0000 | -2.04159 | 0.241932
24 16 24 128 1 | p=2 | k=2 |  16.00000 |  0.0000 | -4.0000 | -2.00000 | 0.000000
24 16 112 128 2 | p=2 | k=2 |  16.00000 |  0.0000 | -4.0300 | -1.97921 | 0.000000
24 24 8 128 0 | p=2 | k=2 |  16.00000 |  4.9200 | -1.0400 | -0.64143 | 0.841689
24 32 16 128 0 | p=2 | k=2 |  16.00000 |  0.0000 | -4.0000 | -2.00000 | 0.000000
24 32 72 128 1 | p=2 | k=2 |  16.00000 |  0.0000 | -4.0200 | -1.98614 | 0.000000
24 48 48 128 0 | p=2 | k=2 |  16.00000 |  0.0000 | -4.0000 | -2.00000 | 0.000000
24 64 32 -256 0 | p=2 | k=2 |  32.00000 |  0.0000 | -5.0000 | -2.00000 | 0.000000
24 80 24 -256 1 | p=2 | k=2 |  32.00000 |  0.0000 | -5.0000 | -2.00000 | 0.000000
24 96 0 -256 2 | p=2 | k=2 |  32.00000 |  0.0000 | -5.0000 | -2.00000 | 0.000000
24 144 96 -256 0 | p=2 | k=2 |  32.00000 |  0.0000 | -5.0000 | -2.00000 | 0.000000
24 160 72 -256 1 | p=2 | k=2 |  32.00000 |  0.0000 | -5.0100 | -1.99307 | 0.000000
24 176 32 -256 2 | p=2 | k=2 |  32.00000 |  0.0000 | -5.0100 | -1.99307 | 0.000000
27 27 9 243 0 | p=3 | k=2 |  15.58846 |  3.0400 | -0.9800 | -0.33011 | 0.910049
32 -64 28 256 3 | p=2 | k=2 |  16.00000 |  7.9000 | -0.0400 | +0.73100 | 1.154061
32 -64 108 256 3 | p=2 | k=2 |  16.00000 |  7.9000 | -0.0400 | +0.73100 | 1.154061
32 -64 160 256 3 | p=2 | k=2 |  16.00000 |  0.0000 | -4.0000 | -2.00000 | 0.000000
32 -64 220 256 3 | p=2 | k=2 |  16.00000 |  7.9000 | -0.0400 | +0.73100 | 1.154061
32 -64 288 256 3 | p=2 | k=2 |  16.00000 |  0.0000 | -4.0000 | -2.00000 | 0.000000
32 -64 364 256 3 | p=2 | k=2 |  16.00000 |  7.9000 | -0.0400 | +0.73100 | 1.154061
32 -64 448 256 3 | p=2 | k=2 |  16.00000 |  0.0000 | -4.0000 | -2.00000 | 0.000000
32 -64 540 256 3 | p=2 | k=2 |  16.00000 |  7.9000 | -0.0400 | +0.73100 | 1.154061
32 -64 640 256 3 | p=2 | k=2 |  16.00000 |  0.0000 | -4.0000 | -2.00000 | 0.000000
32 -64 748 256 3 | p=2 | k=2 |  16.00000 |  7.9000 | -0.0400 | +0.73100 | 1.154061
32 -64 864 256 3 | p=2 | k=2 |  16.00000 |  0.0000 | -4.0000 | -2.00000 | 0.000000
32 -64 988 256 3 | p=2 | k=2 |  16.00000 |  7.9000 | -0.0400 | +0.73100 | 1.154061
32 -64 1120 256 3 | p=2 | k=2 |  16.00000 |  0.0000 | -4.0300 | -1.97921 | 0.000000
32 -64 1260 256 3 | p=2 | k=2 |  16.00000 |  7.9000 | -0.0400 | +0.73100 | 1.154061
32 -64 1408 256 3 | p=2 | k=2 |  16.00000 |  0.0000 | -4.0200 | -1.98614 | 0.000000
32 -64 1564 256 3 | p=2 | k=2 |  16.00000 |  7.9000 | -0.0400 | +0.73100 | 1.154061
32 -64 1728 256 3 | p=2 | k=2 |  16.00000 |  0.0000 | -4.0200 | -1.98614 | 0.000000
32 -64 1900 256 3 | p=2 | k=2 |  16.00000 |  7.9000 | -0.0400 | +0.73100 | 1.154061
32 -64 2080 256 3 | p=2 | k=2 |  16.00000 |  0.0000 | -4.0100 | -1.99307 | 0.000000
32 -64 2268 256 3 | p=2 | k=2 |  16.00000 |  7.9000 | -0.0400 | +0.73100 | 1.154061
32 -64 2464 256 3 | p=2 | k=2 |  16.00000 |  0.0000 | -3.9300 | -2.04852 | 0.000000
32 -64 2668 256 3 | p=2 | k=2 |  16.00000 |  7.9000 | -0.0400 | +0.73100 | 1.154061
32 -64 2880 256 3 | p=2 | k=2 |  16.00000 |  0.0000 | -3.9900 | -2.00693 | 0.000000
32 -32 44 256 2 | p=2 | k=2 |  16.00000 |  7.9200 | -0.0400 | +0.74486 | 1.156983
32 -32 80 256 2 | p=2 | k=2 |  16.00000 |  0.0000 | -4.0000 | -2.00000 | 0.000000
32 -32 124 256 2 | p=2 | k=2 |  16.00000 |  7.9200 | -0.0400 | +0.74486 | 1.156983
32 -32 176 256 2 | p=2 | k=2 |  16.00000 |  0.0000 | -4.0000 | -2.00000 | 0.000000
32 -32 236 256 2 | p=2 | k=2 |  16.00000 |  7.9200 | -0.0400 | +0.74486 | 1.156983
32 -32 304 256 2 | p=2 | k=2 |  16.00000 |  0.0000 | -4.0000 | -2.00000 | 0.000000
32 -32 380 256 2 | p=2 | k=2 |  16.00000 |  7.9200 | -0.0400 | +0.74486 | 1.156983
32 -32 464 256 2 | p=2 | k=2 |  16.00000 |  0.0000 | -4.0000 | -2.00000 | 0.000000
32 -32 556 256 2 | p=2 | k=2 |  16.00000 |  7.9200 | -0.0400 | +0.74486 | 1.156983
32 -32 656 256 2 | p=2 | k=2 |  16.00000 |  0.0000 | -4.0000 | -2.00000 | 0.000000
32 -32 764 256 2 | p=2 | k=2 |  16.00000 |  7.9200 | -0.0400 | +0.74486 | 1.156983
32 -32 880 256 2 | p=2 | k=2 |  16.00000 |  0.0000 | -4.0000 | -2.00000 | 0.000000
32 -32 1004 256 2 | p=2 | k=2 |  16.00000 |  7.9200 | -0.0400 | +0.74486 | 1.156983
32 -32 1136 256 2 | p=2 | k=2 |  16.00000 |  0.0000 | -4.0000 | -2.00000 | 0.000000
32 -32 1276 256 2 | p=2 | k=2 |  16.00000 |  7.9200 | -0.0400 | +0.74486 | 1.156983
32 -32 1424 256 2 | p=2 | k=2 |  16.00000 |  0.0000 | -4.0000 | -2.00000 | 0.000000
32 -32 1580 256 2 | p=2 | k=2 |  16.00000 |  7.9200 | -0.0400 | +0.74486 | 1.156983
32 -32 1744 256 2 | p=2 | k=2 |  16.00000 |  0.0000 | -4.0000 | -2.00000 | 0.000000
32 -32 1916 256 2 | p=2 | k=2 |  16.00000 |  7.9200 | -0.0400 | +0.74486 | 1.156983
32 -32 2096 256 2 | p=2 | k=2 |  16.00000 |  0.0000 | -4.0000 | -2.00000 | 0.000000
32 -32 2284 256 2 | p=2 | k=2 |  16.00000 |  7.9200 | -0.0400 | +0.74486 | 1.156983
32 -32 2480 256 2 | p=2 | k=2 |  16.00000 |  0.0000 | -4.0000 | -2.00000 | 0.000000
32 -32 2684 256 2 | p=2 | k=2 |  16.00000 |  7.9200 | -0.0400 | +0.74486 | 1.156983
32 -32 2896 256 2 | p=2 | k=2 |  16.00000 |  0.0000 | -4.0000 | -2.00000 | 0.000000
32 0 12 256 1 | p=2 | k=2 |  16.00000 |  7.9200 | -0.0400 | +0.74486 | 1.156983
32 0 32 256 1 | p=2 | k=2 |  16.00000 |  0.0000 | -4.0000 | -2.00000 | 0.000000
32 0 60 256 1 | p=2 | k=2 |  16.00000 |  7.9200 | -0.0400 | +0.74486 | 1.156983
32 0 96 256 1 | p=2 | k=2 |  16.00000 |  0.0000 | -4.0000 | -2.00000 | 0.000000
32 0 140 256 1 | p=2 | k=2 |  16.00000 |  7.9200 | -0.0400 | +0.74486 | 1.156983
32 0 192 256 1 | p=2 | k=2 |  16.00000 |  0.0000 | -4.0000 | -2.00000 | 0.000000
32 0 252 256 1 | p=2 | k=2 |  16.00000 |  7.9200 | -0.0400 | +0.74486 | 1.156983
32 0 320 256 1 | p=2 | k=2 |  16.00000 |  0.0000 | -4.0000 | -2.00000 | 0.000000
32 0 396 256 1 | p=2 | k=2 |  16.00000 |  7.9200 | -0.0400 | +0.74486 | 1.156983
32 0 480 256 1 | p=2 | k=2 |  16.00000 |  0.0000 | -3.9900 | -2.00693 | 0.000000
32 0 572 256 1 | p=2 | k=2 |  16.00000 |  7.9200 | -0.0400 | +0.74486 | 1.156983
32 0 672 256 1 | p=2 | k=2 |  16.00000 |  0.0000 | -4.0000 | -2.00000 | 0.000000
32 0 780 256 1 | p=2 | k=2 |  16.00000 |  7.9200 | -0.0400 | +0.74486 | 1.156983
32 0 896 256 1 | p=2 | k=2 |  16.00000 |  0.0000 | -4.0000 | -2.00000 | 0.000000
32 0 1020 256 1 | p=2 | k=2 |  16.00000 |  7.9200 | -0.0400 | +0.74486 | 1.156983
32 0 1152 256 1 | p=2 | k=2 |  16.00000 |  0.0000 | -4.0000 | -2.00000 | 0.000000
32 0 1292 256 1 | p=2 | k=2 |  16.00000 |  7.9200 | -0.0400 | +0.74486 | 1.156983
32 0 1440 256 1 | p=2 | k=2 |  16.00000 |  0.0000 | -4.0000 | -2.00000 | 0.000000
32 0 1596 256 1 | p=2 | k=2 |  16.00000 |  7.9200 | -0.0400 | +0.74486 | 1.156983
32 0 1760 256 1 | p=2 | k=2 |  16.00000 |  0.0000 | -4.0000 | -2.00000 | 0.000000
32 0 1932 256 1 | p=2 | k=2 |  16.00000 |  7.9200 | -0.0400 | +0.74486 | 1.156983
32 0 2112 256 1 | p=2 | k=2 |  16.00000 |  0.0000 | -4.0000 | -2.00000 | 0.000000
32 0 2300 256 1 | p=2 | k=2 |  16.00000 |  7.9200 | -0.0400 | +0.74486 | 1.156983
32 0 2496 256 1 | p=2 | k=2 |  16.00000 |  0.0000 | -4.0000 | -2.00000 | 0.000000
32 0 2700 256 1 | p=2 | k=2 |  16.00000 |  7.9200 | -0.0400 | +0.74486 | 1.156983
32 0 2912 256 1 | p=2 | k=2 |  16.00000 |  0.0000 | -4.0000 | -2.00000 | 0.000000
32 32 12 256 0 | p=2 | k=2 |  16.00000 |  7.9200 | -0.0400 | +0.74486 | 1.156983
32 32 16 256 0 | p=2 | k=2 |  16.00000 |  0.0000 | -4.0000 | -2.00000 | 0.000000
32 32 28 256 0 | p=2 | k=2 |  16.00000 |  7.9200 | -0.0400 | +0.74486 | 1.156983
32 32 48 256 0 | p=2 | k=2 |  16.00000 |  0.0000 | -4.0000 | -2.00000 | 0.000000
32 32 76 256 0 | p=2 | k=2 |  16.00000 |  7.9200 | -0.0400 | +0.74486 | 1.156983
32 32 112 256 0 | p=2 | k=2 |  16.00000 |  0.0000 | -4.0000 | -2.00000 | 0.000000
32 32 156 256 0 | p=2 | k=2 |  16.00000 |  7.9200 | -0.0400 | +0.74486 | 1.156983
32 32 208 256 0 | p=2 | k=2 |  16.00000 |  0.0000 | -4.0000 | -2.00000 | 0.000000
32 32 268 256 0 | p=2 | k=2 |  16.00000 |  7.9200 | -0.0400 | +0.74486 | 1.156983
32 32 336 256 0 | p=2 | k=2 |  16.00000 |  0.0000 | -4.0000 | -2.00000 | 0.000000
32 32 412 256 0 | p=2 | k=2 |  16.00000 |  7.9200 | -0.0400 | +0.74486 | 1.156983
32 32 496 256 0 | p=2 | k=2 |  16.00000 |  0.0000 | -4.0000 | -2.00000 | 0.000000
32 32 588 256 0 | p=2 | k=2 |  16.00000 |  7.9200 | -0.0400 | +0.74486 | 1.156983
32 32 688 256 0 | p=2 | k=2 |  16.00000 |  0.0000 | -4.0000 | -2.00000 | 0.000000
32 32 796 256 0 | p=2 | k=2 |  16.00000 |  7.9200 | -0.0400 | +0.74486 | 1.156983
32 32 912 256 0 | p=2 | k=2 |  16.00000 |  0.0000 | -4.0000 | -2.00000 | 0.000000
32 32 1036 256 0 | p=2 | k=2 |  16.00000 |  7.9200 | -0.0400 | +0.74486 | 1.156983
32 32 1168 256 0 | p=2 | k=2 |  16.00000 |  0.0000 | -4.0000 | -2.00000 | 0.000000
32 32 1308 256 0 | p=2 | k=2 |  16.00000 |  7.9200 | -0.0400 | +0.74486 | 1.156983
32 32 1456 256 0 | p=2 | k=2 |  16.00000 |  0.0000 | -4.0000 | -2.00000 | 0.000000
32 32 1612 256 0 | p=2 | k=2 |  16.00000 |  7.9200 | -0.0400 | +0.74486 | 1.156983
32 32 1776 256 0 | p=2 | k=2 |  16.00000 |  0.0000 | -4.0000 | -2.00000 | 0.000000
32 32 1948 256 0 | p=2 | k=2 |  16.00000 |  7.9200 | -0.0400 | +0.74486 | 1.156983
32 32 2128 256 0 | p=2 | k=2 |  16.00000 |  0.0000 | -4.0000 | -2.00000 | 0.000000
32 32 2316 256 0 | p=2 | k=2 |  16.00000 |  7.9200 | -0.0400 | +0.74486 | 1.156983
32 32 2512 256 0 | p=2 | k=2 |  16.00000 |  0.0000 | -4.0000 | -2.00000 | 0.000000
32 32 2716 256 0 | p=2 | k=2 |  16.00000 |  7.9200 | -0.0400 | +0.74486 | 1.156983
32 32 2928 256 0 | p=2 | k=2 |  16.00000 |  0.0000 | -4.0000 | -2.00000 | 0.000000
36 -180 432 243 3 | p=3 | k=2 |  27.00000 |  0.9900 | -2.0200 | -1.98901 | 0.353511
36 -144 252 243 3 | p=3 | k=2 |  27.00000 |  0.9900 | -2.0000 | -2.01099 | 0.351004
36 -126 243 243 2 | p=3 | k=2 |  27.00000 |  0.9800 | -2.0100 | -2.01099 | 0.348695
36 -90 117 243 2 | p=3 | k=2 |  27.00000 |  0.9900 | -2.0000 | -2.01099 | 0.351004
36 -72 108 243 1 | p=3 | k=2 |  27.00000 |  0.9900 | -2.0200 | -1.98901 | 0.353511
36 -36 36 243 1 | p=3 | k=2 |  27.00000 |  0.9900 | -2.0000 | -2.01099 | 0.351004
36 -18 27 243 0 | p=3 | k=2 |  27.00000 |  1.0300 | -2.0300 | -1.93408 | 0.369112
36 0 108 243 3 | p=3 | k=2 |  27.00000 |  0.0000 | -3.0000 | -2.00000 | 0.000000
36 18 9 243 0 | p=3 | k=2 |  27.00000 |  0.9900 | -2.0000 | -2.01099 | 0.351004
36 18 63 243 2 | p=3 | k=2 |  27.00000 |  0.0000 | -3.0000 | -2.00000 | 0.000000
36 36 36 243 1 | p=3 | k=2 |  27.00000 |  0.0000 | -3.0000 | -2.00000 | 0.000000
36 36 216 243 3 | p=3 | k=2 |  27.00000 |  0.0000 | -2.9900 | -2.01099 | 0.000000
36 54 27 243 0 | p=3 | k=2 |  27.00000 |  0.0000 | -3.0000 | -2.00000 | 0.000000
36 54 153 243 2 | p=3 | k=2 |  27.00000 |  0.0000 | -2.9900 | -2.01099 | 0.000000
36 72 108 243 1 | p=3 | k=2 |  27.00000 |  0.0000 | -3.0100 | -1.98901 | 0.000000
36 90 81 243 0 | p=3 | k=2 |  27.00000 |  0.0000 | -3.0000 | -2.00000 | 0.000000
40 -232 496 256 2 | p=2 | k=2 |  32.00000 |  1.9400 | -2.9800 | -2.05545 | 0.395483
40 -224 504 256 3 | p=2 | k=2 |  32.00000 |  2.0000 | -2.9800 | -2.01386 | 0.407715
40 -200 336 256 3 | p=2 | k=2 |  32.00000 |  1.9500 | -3.0000 | -2.03466 | 0.399149
40 -200 464 256 3 | p=2 | k=2 |  32.00000 |  1.9700 | -3.0000 | -2.02079 | 0.403243
40 -192 408 256 1 | p=2 | k=2 |  32.00000 |  1.9300 | -3.0000 | -2.04852 | 0.395055
40 -176 296 256 3 | p=2 | k=2 |  32.00000 |  1.9800 | -3.0000 | -2.01386 | 0.405290
40 -164 164 256 3 | p=2 | k=2 |  32.00000 |  5.8800 | -1.0500 | -0.66223 | 0.860229
40 -160 280 256 2 | p=2 | k=2 |  32.00000 |  1.9700 | -2.9900 | -2.02773 | 0.402419
40 -140 104 256 3 | p=2 | k=2 |  32.00000 |  5.9000 | -1.0600 | -0.64143 | 0.864419
40 -136 160 256 2 | p=2 | k=2 |  32.00000 |  1.9800 | -3.0000 | -2.01386 | 0.405290
40 -136 256 256 2 | p=2 | k=2 |  32.00000 |  1.9800 | -3.0000 | -2.01386 | 0.405290
40 -112 136 256 2 | p=2 | k=2 |  32.00000 |  1.9800 | -3.0000 | -2.01386 | 0.405290
40 -96 120 256 1 | p=2 | k=2 |  32.00000 |  1.9800 | -2.9900 | -2.02079 | 0.404462
40 -84 40 256 1 | p=2 | k=2 |  32.00000 |  5.8800 | -1.0500 | -0.66223 | 0.860229
40 -76 28 256 2 | p=2 | k=2 |  32.00000 |  5.9100 | -1.0500 | -0.64143 | 0.864618
40 -72 48 256 1 | p=2 | k=2 |  32.00000 |  1.9800 | -3.0000 | -2.01386 | 0.405290
40 -72 112 256 1 | p=2 | k=2 |  32.00000 |  1.9800 | -3.0000 | -2.01386 | 0.405290
40 -48 40 256 1 | p=2 | k=2 |  32.00000 |  1.9800 | -3.0000 | -2.01386 | 0.405290
40 -36 12 256 1 | p=2 | k=2 |  32.00000 |  5.9800 | -1.0000 | -0.62757 | 0.868506
40 -32 24 256 0 | p=2 | k=2 |  32.00000 |  1.9900 | -2.9800 | -2.02079 | 0.405676
40 -8 0 256 0 | p=2 | k=2 |  32.00000 |  1.9800 | -3.0000 | -2.01386 | 0.405290
40 -8 32 256 0 | p=2 | k=2 |  32.00000 |  1.9800 | -3.0000 | -2.01386 | 0.405290
40 16 8 256 0 | p=2 | k=2 |  32.00000 |  1.9800 | -3.0000 | -2.01386 | 0.405290
40 16 104 256 3 | p=2 | k=2 |  32.00000 |  0.0000 | -5.0000 | -2.00000 | 0.000000
40 28 8 256 0 | p=2 | k=2 |  32.00000 |  5.8800 | -1.0500 | -0.66223 | 0.860229
40 32 64 256 2 | p=2 | k=2 |  32.00000 |  0.0000 | -5.0000 | -2.00000 | 0.000000
40 36 12 256 1 | p=2 | k=2 |  32.00000 |  5.9000 | -1.0500 | -0.64836 | 0.863155
40 40 96 256 3 | p=2 | k=2 |  32.00000 |  0.0000 | -5.0000 | -2.00000 | 0.000000
40 40 224 256 3 | p=2 | k=2 |  32.00000 |  0.0000 | -5.0000 | -2.00000 | 0.000000
40 48 40 256 1 | p=2 | k=2 |  32.00000 |  0.0000 | -5.0000 | -2.00000 | 0.000000
40 52 20 256 0 | p=2 | k=2 |  32.00000 |  5.9600 | -1.0200 | -0.62757 | 0.868123
40 56 64 256 2 | p=2 | k=2 |  32.00000 |  0.0000 | -5.0000 | -2.00000 | 0.000000
40 56 160 256 2 | p=2 | k=2 |  32.00000 |  0.0000 | -5.0000 | -2.00000 | 0.000000
40 64 32 256 0 | p=2 | k=2 |  32.00000 |  0.0000 | -5.0000 | -2.00000 | 0.000000
40 64 216 256 3 | p=2 | k=2 |  32.00000 |  0.0000 | -5.0000 | -2.00000 | 0.000000
40 72 48 256 1 | p=2 | k=2 |  32.00000 |  0.0000 | -5.0000 | -2.00000 | 0.000000
40 72 112 256 1 | p=2 | k=2 |  32.00000 |  0.0000 | -5.0000 | -2.00000 | 0.000000
40 80 160 256 2 | p=2 | k=2 |  32.00000 |  0.0000 | -5.0100 | -1.99307 | 0.000000
40 84 40 256 1 | p=2 | k=2 |  32.00000 |  5.9200 | -1.0600 | -0.62757 | 0.867350
40 88 48 256 0 | p=2 | k=2 |  32.00000 |  0.0000 | -4.9900 | -2.00693 | 0.000000
40 88 80 256 0 | p=2 | k=2 |  32.00000 |  0.0000 | -5.0200 | -1.98614 | 0.000000
40 96 120 256 1 | p=2 | k=2 |  32.00000 |  0.0000 | -5.0100 | -1.99307 | 0.000000
40 112 96 256 0 | p=2 | k=2 |  32.00000 |  0.0000 | -5.0000 | -2.00000 | 0.000000
40 152 304 256 2 | p=2 | k=2 |  32.00000 |  0.0000 | -5.0000 | -2.00000 | 0.000000
40 192 408 256 1 | p=2 | k=2 |  32.00000 |  0.0000 | -5.0000 | -2.00000 | 0.000000

=== rows with S_p > -0.300000000000000000000000000000000000000000000000000000000000 and a genuine p-adic limit ===
S=+0.74486  theta=1.156983  P(n)=32 n^2 + 32 n + 2716,  c=256, r=0,  p=2, sigma=7.920, k=2, lambda_1=16.00000
S=+0.74486  theta=1.156983  P(n)=32 n^2 + 32 n + 2316,  c=256, r=0,  p=2, sigma=7.920, k=2, lambda_1=16.00000
S=+0.74486  theta=1.156983  P(n)=32 n^2 + 32 n + 1948,  c=256, r=0,  p=2, sigma=7.920, k=2, lambda_1=16.00000
S=+0.74486  theta=1.156983  P(n)=32 n^2 + 32 n + 1612,  c=256, r=0,  p=2, sigma=7.920, k=2, lambda_1=16.00000
S=+0.74486  theta=1.156983  P(n)=32 n^2 + 32 n + 1308,  c=256, r=0,  p=2, sigma=7.920, k=2, lambda_1=16.00000
S=+0.74486  theta=1.156983  P(n)=32 n^2 + 32 n + 1036,  c=256, r=0,  p=2, sigma=7.920, k=2, lambda_1=16.00000
S=+0.74486  theta=1.156983  P(n)=32 n^2 + 32 n + 796,  c=256, r=0,  p=2, sigma=7.920, k=2, lambda_1=16.00000
S=+0.74486  theta=1.156983  P(n)=32 n^2 + 32 n + 588,  c=256, r=0,  p=2, sigma=7.920, k=2, lambda_1=16.00000
S=+0.74486  theta=1.156983  P(n)=32 n^2 + 32 n + 412,  c=256, r=0,  p=2, sigma=7.920, k=2, lambda_1=16.00000
S=+0.74486  theta=1.156983  P(n)=32 n^2 + 32 n + 268,  c=256, r=0,  p=2, sigma=7.920, k=2, lambda_1=16.00000
S=+0.74486  theta=1.156983  P(n)=32 n^2 + 32 n + 156,  c=256, r=0,  p=2, sigma=7.920, k=2, lambda_1=16.00000
S=+0.74486  theta=1.156983  P(n)=32 n^2 + 32 n + 76,  c=256, r=0,  p=2, sigma=7.920, k=2, lambda_1=16.00000
S=+0.74486  theta=1.156983  P(n)=32 n^2 + 32 n + 28,  c=256, r=0,  p=2, sigma=7.920, k=2, lambda_1=16.00000
S=+0.74486  theta=1.156983  P(n)=32 n^2 + 32 n + 12,  c=256, r=0,  p=2, sigma=7.920, k=2, lambda_1=16.00000
S=+0.74486  theta=1.156983  P(n)=32 n^2 + 0 n + 2700,  c=256, r=1,  p=2, sigma=7.920, k=2, lambda_1=16.00000
S=+0.74486  theta=1.156983  P(n)=32 n^2 + 0 n + 2300,  c=256, r=1,  p=2, sigma=7.920, k=2, lambda_1=16.00000
S=+0.74486  theta=1.156983  P(n)=32 n^2 + 0 n + 1932,  c=256, r=1,  p=2, sigma=7.920, k=2, lambda_1=16.00000
S=+0.74486  theta=1.156983  P(n)=32 n^2 + 0 n + 1596,  c=256, r=1,  p=2, sigma=7.920, k=2, lambda_1=16.00000
S=+0.74486  theta=1.156983  P(n)=32 n^2 + 0 n + 1292,  c=256, r=1,  p=2, sigma=7.920, k=2, lambda_1=16.00000
S=+0.74486  theta=1.156983  P(n)=32 n^2 + 0 n + 1020,  c=256, r=1,  p=2, sigma=7.920, k=2, lambda_1=16.00000
S=+0.74486  theta=1.156983  P(n)=32 n^2 + 0 n + 780,  c=256, r=1,  p=2, sigma=7.920, k=2, lambda_1=16.00000
S=+0.74486  theta=1.156983  P(n)=32 n^2 + 0 n + 572,  c=256, r=1,  p=2, sigma=7.920, k=2, lambda_1=16.00000
S=+0.74486  theta=1.156983  P(n)=32 n^2 + 0 n + 396,  c=256, r=1,  p=2, sigma=7.920, k=2, lambda_1=16.00000
S=+0.74486  theta=1.156983  P(n)=32 n^2 + 0 n + 252,  c=256, r=1,  p=2, sigma=7.920, k=2, lambda_1=16.00000
S=+0.74486  theta=1.156983  P(n)=32 n^2 + 0 n + 140,  c=256, r=1,  p=2, sigma=7.920, k=2, lambda_1=16.00000
S=+0.74486  theta=1.156983  P(n)=32 n^2 + 0 n + 60,  c=256, r=1,  p=2, sigma=7.920, k=2, lambda_1=16.00000
S=+0.74486  theta=1.156983  P(n)=32 n^2 + 0 n + 12,  c=256, r=1,  p=2, sigma=7.920, k=2, lambda_1=16.00000
S=+0.74486  theta=1.156983  P(n)=32 n^2 + -32 n + 2684,  c=256, r=2,  p=2, sigma=7.920, k=2, lambda_1=16.00000
S=+0.74486  theta=1.156983  P(n)=32 n^2 + -32 n + 2284,  c=256, r=2,  p=2, sigma=7.920, k=2, lambda_1=16.00000
S=+0.74486  theta=1.156983  P(n)=32 n^2 + -32 n + 1916,  c=256, r=2,  p=2, sigma=7.920, k=2, lambda_1=16.00000
S=+0.74486  theta=1.156983  P(n)=32 n^2 + -32 n + 1580,  c=256, r=2,  p=2, sigma=7.920, k=2, lambda_1=16.00000
S=+0.74486  theta=1.156983  P(n)=32 n^2 + -32 n + 1276,  c=256, r=2,  p=2, sigma=7.920, k=2, lambda_1=16.00000
S=+0.74486  theta=1.156983  P(n)=32 n^2 + -32 n + 1004,  c=256, r=2,  p=2, sigma=7.920, k=2, lambda_1=16.00000
S=+0.74486  theta=1.156983  P(n)=32 n^2 + -32 n + 764,  c=256, r=2,  p=2, sigma=7.920, k=2, lambda_1=16.00000
S=+0.74486  theta=1.156983  P(n)=32 n^2 + -32 n + 556,  c=256, r=2,  p=2, sigma=7.920, k=2, lambda_1=16.00000
S=+0.74486  theta=1.156983  P(n)=32 n^2 + -32 n + 380,  c=256, r=2,  p=2, sigma=7.920, k=2, lambda_1=16.00000
S=+0.74486  theta=1.156983  P(n)=32 n^2 + -32 n + 236,  c=256, r=2,  p=2, sigma=7.920, k=2, lambda_1=16.00000
S=+0.74486  theta=1.156983  P(n)=32 n^2 + -32 n + 124,  c=256, r=2,  p=2, sigma=7.920, k=2, lambda_1=16.00000
S=+0.74486  theta=1.156983  P(n)=32 n^2 + -32 n + 44,  c=256, r=2,  p=2, sigma=7.920, k=2, lambda_1=16.00000
S=+0.74486  theta=1.156983  P(n)=0 n^2 + 1976 n + 988,  c=-256, r=0,  p=2, sigma=7.920, k=2, lambda_1=16.00000
S=+0.74486  theta=1.156983  P(n)=0 n^2 + 1960 n + 980,  c=-256, r=0,  p=2, sigma=7.920, k=2, lambda_1=16.00000
S=+0.74486  theta=1.156983  P(n)=0 n^2 + 1944 n + 972,  c=-256, r=0,  p=2, sigma=7.920, k=2, lambda_1=16.00000
S=+0.74486  theta=1.156983  P(n)=0 n^2 + 1928 n + 964,  c=-256, r=0,  p=2, sigma=7.920, k=2, lambda_1=16.00000
S=+0.74486  theta=1.156983  P(n)=0 n^2 + 1912 n + 956,  c=-256, r=0,  p=2, sigma=7.920, k=2, lambda_1=16.00000
S=+0.74486  theta=1.156983  P(n)=0 n^2 + 1896 n + 948,  c=-256, r=0,  p=2, sigma=7.920, k=2, lambda_1=16.00000
S=+0.74486  theta=1.156983  P(n)=0 n^2 + 1880 n + 940,  c=-256, r=0,  p=2, sigma=7.920, k=2, lambda_1=16.00000
S=+0.74486  theta=1.156983  P(n)=0 n^2 + 1864 n + 932,  c=-256, r=0,  p=2, sigma=7.920, k=2, lambda_1=16.00000
S=+0.74486  theta=1.156983  P(n)=0 n^2 + 1848 n + 924,  c=-256, r=0,  p=2, sigma=7.920, k=2, lambda_1=16.00000
S=+0.74486  theta=1.156983  P(n)=0 n^2 + 1832 n + 916,  c=-256, r=0,  p=2, sigma=7.920, k=2, lambda_1=16.00000
S=+0.74486  theta=1.156983  P(n)=0 n^2 + 1816 n + 908,  c=-256, r=0,  p=2, sigma=7.920, k=2, lambda_1=16.00000
S=+0.74486  theta=1.156983  P(n)=0 n^2 + 1800 n + 900,  c=-256, r=0,  p=2, sigma=7.920, k=2, lambda_1=16.00000
S=+0.74486  theta=1.156983  P(n)=0 n^2 + 1784 n + 892,  c=-256, r=0,  p=2, sigma=7.920, k=2, lambda_1=16.00000
S=+0.74486  theta=1.156983  P(n)=0 n^2 + 1768 n + 884,  c=-256, r=0,  p=2, sigma=7.920, k=2, lambda_1=16.00000
S=+0.74486  theta=1.156983  P(n)=0 n^2 + 1752 n + 876,  c=-256, r=0,  p=2, sigma=7.920, k=2, lambda_1=16.00000
S=+0.74486  theta=1.156983  P(n)=0 n^2 + 1736 n + 868,  c=-256, r=0,  p=2, sigma=7.920, k=2, lambda_1=16.00000
S=+0.74486  theta=1.156983  P(n)=0 n^2 + 1720 n + 860,  c=-256, r=0,  p=2, sigma=7.920, k=2, lambda_1=16.00000
S=+0.74486  theta=1.156983  P(n)=0 n^2 + 1704 n + 852,  c=-256, r=0,  p=2, sigma=7.920, k=2, lambda_1=16.00000
S=+0.74486  theta=1.156983  P(n)=0 n^2 + 1688 n + 844,  c=-256, r=0,  p=2, sigma=7.920, k=2, lambda_1=16.00000
S=+0.74486  theta=1.156983  P(n)=0 n^2 + 1672 n + 836,  c=-256, r=0,  p=2, sigma=7.920, k=2, lambda_1=16.00000
S=+0.74486  theta=1.156983  P(n)=0 n^2 + 1656 n + 828,  c=-256, r=0,  p=2, sigma=7.920, k=2, lambda_1=16.00000
S=+0.74486  theta=1.156983  P(n)=0 n^2 + 1640 n + 820,  c=-256, r=0,  p=2, sigma=7.920, k=2, lambda_1=16.00000
S=+0.74486  theta=1.156983  P(n)=0 n^2 + 1624 n + 812,  c=-256, r=0,  p=2, sigma=7.920, k=2, lambda_1=16.00000
S=+0.74486  theta=1.156983  P(n)=0 n^2 + 1608 n + 804,  c=-256, r=0,  p=2, sigma=7.920, k=2, lambda_1=16.00000
S=+0.74486  theta=1.156983  P(n)=0 n^2 + 1592 n + 796,  c=-256, r=0,  p=2, sigma=7.920, k=2, lambda_1=16.00000
S=+0.74486  theta=1.156983  P(n)=0 n^2 + 1576 n + 788,  c=-256, r=0,  p=2, sigma=7.920, k=2, lambda_1=16.00000
S=+0.74486  theta=1.156983  P(n)=0 n^2 + 1560 n + 780,  c=-256, r=0,  p=2, sigma=7.920, k=2, lambda_1=16.00000
S=+0.74486  theta=1.156983  P(n)=0 n^2 + 1544 n + 772,  c=-256, r=0,  p=2, sigma=7.920, k=2, lambda_1=16.00000
S=+0.74486  theta=1.156983  P(n)=0 n^2 + 1528 n + 764,  c=-256, r=0,  p=2, sigma=7.920, k=2, lambda_1=16.00000
S=+0.74486  theta=1.156983  P(n)=0 n^2 + 1512 n + 756,  c=-256, r=0,  p=2, sigma=7.920, k=2, lambda_1=16.00000
S=+0.74486  theta=1.156983  P(n)=0 n^2 + 1496 n + 748,  c=-256, r=0,  p=2, sigma=7.920, k=2, lambda_1=16.00000
S=+0.74486  theta=1.156983  P(n)=0 n^2 + 1480 n + 740,  c=-256, r=0,  p=2, sigma=7.920, k=2, lambda_1=16.00000
S=+0.74486  theta=1.156983  P(n)=0 n^2 + 1464 n + 732,  c=-256, r=0,  p=2, sigma=7.920, k=2, lambda_1=16.00000
S=+0.74486  theta=1.156983  P(n)=0 n^2 + 1448 n + 724,  c=-256, r=0,  p=2, sigma=7.920, k=2, lambda_1=16.00000
S=+0.74486  theta=1.156983  P(n)=0 n^2 + 1432 n + 716,  c=-256, r=0,  p=2, sigma=7.920, k=2, lambda_1=16.00000
S=+0.74486  theta=1.156983  P(n)=0 n^2 + 1416 n + 708,  c=-256, r=0,  p=2, sigma=7.920, k=2, lambda_1=16.00000
S=+0.74486  theta=1.156983  P(n)=0 n^2 + 1400 n + 700,  c=-256, r=0,  p=2, sigma=7.920, k=2, lambda_1=16.00000
S=+0.74486  theta=1.156983  P(n)=0 n^2 + 1384 n + 692,  c=-256, r=0,  p=2, sigma=7.920, k=2, lambda_1=16.00000
S=+0.74486  theta=1.156983  P(n)=0 n^2 + 1368 n + 684,  c=-256, r=0,  p=2, sigma=7.920, k=2, lambda_1=16.00000
S=+0.74486  theta=1.156983  P(n)=0 n^2 + 1352 n + 676,  c=-256, r=0,  p=2, sigma=7.920, k=2, lambda_1=16.00000
S=+0.74486  theta=1.156983  P(n)=0 n^2 + 1336 n + 668,  c=-256, r=0,  p=2, sigma=7.920, k=2, lambda_1=16.00000
S=+0.74486  theta=1.156983  P(n)=0 n^2 + 1320 n + 660,  c=-256, r=0,  p=2, sigma=7.920, k=2, lambda_1=16.00000
S=+0.74486  theta=1.156983  P(n)=0 n^2 + 1304 n + 652,  c=-256, r=0,  p=2, sigma=7.920, k=2, lambda_1=16.00000
S=+0.74486  theta=1.156983  P(n)=0 n^2 + 1288 n + 644,  c=-256, r=0,  p=2, sigma=7.920, k=2, lambda_1=16.00000
S=+0.74486  theta=1.156983  P(n)=0 n^2 + 1272 n + 636,  c=-256, r=0,  p=2, sigma=7.920, k=2, lambda_1=16.00000
S=+0.74486  theta=1.156983  P(n)=0 n^2 + 1256 n + 628,  c=-256, r=0,  p=2, sigma=7.920, k=2, lambda_1=16.00000
S=+0.74486  theta=1.156983  P(n)=0 n^2 + 1240 n + 620,  c=-256, r=0,  p=2, sigma=7.920, k=2, lambda_1=16.00000
S=+0.74486  theta=1.156983  P(n)=0 n^2 + 1224 n + 612,  c=-256, r=0,  p=2, sigma=7.920, k=2, lambda_1=16.00000
S=+0.74486  theta=1.156983  P(n)=0 n^2 + 1208 n + 604,  c=-256, r=0,  p=2, sigma=7.920, k=2, lambda_1=16.00000
S=+0.74486  theta=1.156983  P(n)=0 n^2 + 1192 n + 596,  c=-256, r=0,  p=2, sigma=7.920, k=2, lambda_1=16.00000
S=+0.74486  theta=1.156983  P(n)=0 n^2 + 1176 n + 588,  c=-256, r=0,  p=2, sigma=7.920, k=2, lambda_1=16.00000
S=+0.74486  theta=1.156983  P(n)=0 n^2 + 1160 n + 580,  c=-256, r=0,  p=2, sigma=7.920, k=2, lambda_1=16.00000
S=+0.74486  theta=1.156983  P(n)=0 n^2 + 1144 n + 572,  c=-256, r=0,  p=2, sigma=7.920, k=2, lambda_1=16.00000
S=+0.74486  theta=1.156983  P(n)=0 n^2 + 1128 n + 564,  c=-256, r=0,  p=2, sigma=7.920, k=2, lambda_1=16.00000
S=+0.74486  theta=1.156983  P(n)=0 n^2 + 1112 n + 556,  c=-256, r=0,  p=2, sigma=7.920, k=2, lambda_1=16.00000
S=+0.74486  theta=1.156983  P(n)=0 n^2 + 1096 n + 548,  c=-256, r=0,  p=2, sigma=7.920, k=2, lambda_1=16.00000
S=+0.74486  theta=1.156983  P(n)=0 n^2 + 1080 n + 540,  c=-256, r=0,  p=2, sigma=7.920, k=2, lambda_1=16.00000
S=+0.74486  theta=1.156983  P(n)=0 n^2 + 1064 n + 532,  c=-256, r=0,  p=2, sigma=7.920, k=2, lambda_1=16.00000
S=+0.74486  theta=1.156983  P(n)=0 n^2 + 1048 n + 524,  c=-256, r=0,  p=2, sigma=7.920, k=2, lambda_1=16.00000
S=+0.74486  theta=1.156983  P(n)=0 n^2 + 1032 n + 516,  c=-256, r=0,  p=2, sigma=7.920, k=2, lambda_1=16.00000
S=+0.74486  theta=1.156983  P(n)=0 n^2 + 1016 n + 508,  c=-256, r=0,  p=2, sigma=7.920, k=2, lambda_1=16.00000
S=+0.74486  theta=1.156983  P(n)=0 n^2 + 1000 n + 500,  c=-256, r=0,  p=2, sigma=7.920, k=2, lambda_1=16.00000
S=+0.74486  theta=1.156983  P(n)=0 n^2 + 984 n + 492,  c=-256, r=0,  p=2, sigma=7.920, k=2, lambda_1=16.00000
S=+0.74486  theta=1.156983  P(n)=0 n^2 + 968 n + 484,  c=-256, r=0,  p=2, sigma=7.920, k=2, lambda_1=16.00000
S=+0.74486  theta=1.156983  P(n)=0 n^2 + 952 n + 476,  c=-256, r=0,  p=2, sigma=7.920, k=2, lambda_1=16.00000
S=+0.74486  theta=1.156983  P(n)=0 n^2 + 936 n + 468,  c=-256, r=0,  p=2, sigma=7.920, k=2, lambda_1=16.00000
S=+0.74486  theta=1.156983  P(n)=0 n^2 + 920 n + 460,  c=-256, r=0,  p=2, sigma=7.920, k=2, lambda_1=16.00000
S=+0.74486  theta=1.156983  P(n)=0 n^2 + 904 n + 452,  c=-256, r=0,  p=2, sigma=7.920, k=2, lambda_1=16.00000
S=+0.74486  theta=1.156983  P(n)=0 n^2 + 888 n + 444,  c=-256, r=0,  p=2, sigma=7.920, k=2, lambda_1=16.00000
S=+0.74486  theta=1.156983  P(n)=0 n^2 + 872 n + 436,  c=-256, r=0,  p=2, sigma=7.920, k=2, lambda_1=16.00000
S=+0.74486  theta=1.156983  P(n)=0 n^2 + 856 n + 428,  c=-256, r=0,  p=2, sigma=7.920, k=2, lambda_1=16.00000
S=+0.74486  theta=1.156983  P(n)=0 n^2 + 840 n + 420,  c=-256, r=0,  p=2, sigma=7.920, k=2, lambda_1=16.00000
S=+0.74486  theta=1.156983  P(n)=0 n^2 + 824 n + 412,  c=-256, r=0,  p=2, sigma=7.920, k=2, lambda_1=16.00000
S=+0.74486  theta=1.156983  P(n)=0 n^2 + 808 n + 404,  c=-256, r=0,  p=2, sigma=7.920, k=2, lambda_1=16.00000
S=+0.74486  theta=1.156983  P(n)=0 n^2 + 792 n + 396,  c=-256, r=0,  p=2, sigma=7.920, k=2, lambda_1=16.00000
S=+0.74486  theta=1.156983  P(n)=0 n^2 + 776 n + 388,  c=-256, r=0,  p=2, sigma=7.920, k=2, lambda_1=16.00000
S=+0.74486  theta=1.156983  P(n)=0 n^2 + 760 n + 380,  c=-256, r=0,  p=2, sigma=7.920, k=2, lambda_1=16.00000
S=+0.74486  theta=1.156983  P(n)=0 n^2 + 744 n + 372,  c=-256, r=0,  p=2, sigma=7.920, k=2, lambda_1=16.00000
S=+0.74486  theta=1.156983  P(n)=0 n^2 + 728 n + 364,  c=-256, r=0,  p=2, sigma=7.920, k=2, lambda_1=16.00000
S=+0.74486  theta=1.156983  P(n)=0 n^2 + 712 n + 356,  c=-256, r=0,  p=2, sigma=7.920, k=2, lambda_1=16.00000
S=+0.74486  theta=1.156983  P(n)=0 n^2 + 696 n + 348,  c=-256, r=0,  p=2, sigma=7.920, k=2, lambda_1=16.00000
S=+0.74486  theta=1.156983  P(n)=0 n^2 + 680 n + 340,  c=-256, r=0,  p=2, sigma=7.920, k=2, lambda_1=16.00000
S=+0.74486  theta=1.156983  P(n)=0 n^2 + 664 n + 332,  c=-256, r=0,  p=2, sigma=7.920, k=2, lambda_1=16.00000
S=+0.74486  theta=1.156983  P(n)=0 n^2 + 648 n + 324,  c=-256, r=0,  p=2, sigma=7.920, k=2, lambda_1=16.00000
S=+0.74486  theta=1.156983  P(n)=0 n^2 + 632 n + 316,  c=-256, r=0,  p=2, sigma=7.920, k=2, lambda_1=16.00000
S=+0.74486  theta=1.156983  P(n)=0 n^2 + 616 n + 308,  c=-256, r=0,  p=2, sigma=7.920, k=2, lambda_1=16.00000
S=+0.74486  theta=1.156983  P(n)=0 n^2 + 600 n + 300,  c=-256, r=0,  p=2, sigma=7.920, k=2, lambda_1=16.00000
S=+0.74486  theta=1.156983  P(n)=0 n^2 + 584 n + 292,  c=-256, r=0,  p=2, sigma=7.920, k=2, lambda_1=16.00000
S=+0.74486  theta=1.156983  P(n)=0 n^2 + 568 n + 284,  c=-256, r=0,  p=2, sigma=7.920, k=2, lambda_1=16.00000
S=+0.74486  theta=1.156983  P(n)=0 n^2 + 552 n + 276,  c=-256, r=0,  p=2, sigma=7.920, k=2, lambda_1=16.00000
S=+0.74486  theta=1.156983  P(n)=0 n^2 + 536 n + 268,  c=-256, r=0,  p=2, sigma=7.920, k=2, lambda_1=16.00000
S=+0.74486  theta=1.156983  P(n)=0 n^2 + 520 n + 260,  c=-256, r=0,  p=2, sigma=7.920, k=2, lambda_1=16.00000
S=+0.74486  theta=1.156983  P(n)=0 n^2 + 504 n + 252,  c=-256, r=0,  p=2, sigma=7.920, k=2, lambda_1=16.00000
S=+0.74486  theta=1.156983  P(n)=0 n^2 + 488 n + 244,  c=-256, r=0,  p=2, sigma=7.920, k=2, lambda_1=16.00000
S=+0.74486  theta=1.156983  P(n)=0 n^2 + 472 n + 236,  c=-256, r=0,  p=2, sigma=7.920, k=2, lambda_1=16.00000
S=+0.74486  theta=1.156983  P(n)=0 n^2 + 456 n + 228,  c=-256, r=0,  p=2, sigma=7.920, k=2, lambda_1=16.00000
S=+0.74486  theta=1.156983  P(n)=0 n^2 + 440 n + 220,  c=-256, r=0,  p=2, sigma=7.920, k=2, lambda_1=16.00000
S=+0.74486  theta=1.156983  P(n)=0 n^2 + 424 n + 212,  c=-256, r=0,  p=2, sigma=7.920, k=2, lambda_1=16.00000
S=+0.74486  theta=1.156983  P(n)=0 n^2 + 408 n + 204,  c=-256, r=0,  p=2, sigma=7.920, k=2, lambda_1=16.00000
S=+0.74486  theta=1.156983  P(n)=0 n^2 + 392 n + 196,  c=-256, r=0,  p=2, sigma=7.920, k=2, lambda_1=16.00000
S=+0.74486  theta=1.156983  P(n)=0 n^2 + 376 n + 188,  c=-256, r=0,  p=2, sigma=7.920, k=2, lambda_1=16.00000
S=+0.74486  theta=1.156983  P(n)=0 n^2 + 360 n + 180,  c=-256, r=0,  p=2, sigma=7.920, k=2, lambda_1=16.00000
S=+0.74486  theta=1.156983  P(n)=0 n^2 + 344 n + 172,  c=-256, r=0,  p=2, sigma=7.920, k=2, lambda_1=16.00000
S=+0.74486  theta=1.156983  P(n)=0 n^2 + 328 n + 164,  c=-256, r=0,  p=2, sigma=7.920, k=2, lambda_1=16.00000
S=+0.74486  theta=1.156983  P(n)=0 n^2 + 312 n + 156,  c=-256, r=0,  p=2, sigma=7.920, k=2, lambda_1=16.00000
S=+0.74486  theta=1.156983  P(n)=0 n^2 + 296 n + 148,  c=-256, r=0,  p=2, sigma=7.920, k=2, lambda_1=16.00000
S=+0.74486  theta=1.156983  P(n)=0 n^2 + 280 n + 140,  c=-256, r=0,  p=2, sigma=7.920, k=2, lambda_1=16.00000
S=+0.74486  theta=1.156983  P(n)=0 n^2 + 264 n + 132,  c=-256, r=0,  p=2, sigma=7.920, k=2, lambda_1=16.00000
S=+0.74486  theta=1.156983  P(n)=0 n^2 + 248 n + 124,  c=-256, r=0,  p=2, sigma=7.920, k=2, lambda_1=16.00000
S=+0.74486  theta=1.156983  P(n)=0 n^2 + 232 n + 116,  c=-256, r=0,  p=2, sigma=7.920, k=2, lambda_1=16.00000
S=+0.74486  theta=1.156983  P(n)=0 n^2 + 216 n + 108,  c=-256, r=0,  p=2, sigma=7.920, k=2, lambda_1=16.00000
S=+0.74486  theta=1.156983  P(n)=0 n^2 + 200 n + 100,  c=-256, r=0,  p=2, sigma=7.920, k=2, lambda_1=16.00000
S=+0.74486  theta=1.156983  P(n)=0 n^2 + 184 n + 92,  c=-256, r=0,  p=2, sigma=7.920, k=2, lambda_1=16.00000
S=+0.74486  theta=1.156983  P(n)=0 n^2 + 168 n + 84,  c=-256, r=0,  p=2, sigma=7.920, k=2, lambda_1=16.00000
S=+0.74486  theta=1.156983  P(n)=0 n^2 + 152 n + 76,  c=-256, r=0,  p=2, sigma=7.920, k=2, lambda_1=16.00000
S=+0.74486  theta=1.156983  P(n)=0 n^2 + 136 n + 68,  c=-256, r=0,  p=2, sigma=7.920, k=2, lambda_1=16.00000
S=+0.74486  theta=1.156983  P(n)=0 n^2 + 120 n + 60,  c=-256, r=0,  p=2, sigma=7.920, k=2, lambda_1=16.00000
S=+0.74486  theta=1.156983  P(n)=0 n^2 + 104 n + 52,  c=-256, r=0,  p=2, sigma=7.920, k=2, lambda_1=16.00000
S=+0.74486  theta=1.156983  P(n)=0 n^2 + 88 n + 44,  c=-256, r=0,  p=2, sigma=7.920, k=2, lambda_1=16.00000
S=+0.74486  theta=1.156983  P(n)=0 n^2 + 72 n + 36,  c=-256, r=0,  p=2, sigma=7.920, k=2, lambda_1=16.00000
S=+0.74486  theta=1.156983  P(n)=0 n^2 + 56 n + 28,  c=-256, r=0,  p=2, sigma=7.920, k=2, lambda_1=16.00000
S=+0.74486  theta=1.156983  P(n)=0 n^2 + 40 n + 20,  c=-256, r=0,  p=2, sigma=7.920, k=2, lambda_1=16.00000
S=+0.74486  theta=1.156983  P(n)=0 n^2 + 24 n + 12,  c=-256, r=0,  p=2, sigma=7.920, k=2, lambda_1=16.00000
S=+0.74486  theta=1.156983  P(n)=0 n^2 + 8 n + 4,  c=-256, r=0,  p=2, sigma=7.920, k=2, lambda_1=16.00000
S=+0.74486  theta=1.156983  P(n)=0 n^2 + -8 n + 4,  c=-256, r=2,  p=2, sigma=7.920, k=2, lambda_1=16.00000
S=+0.74486  theta=1.156983  P(n)=0 n^2 + -24 n + 12,  c=-256, r=2,  p=2, sigma=7.920, k=2, lambda_1=16.00000
S=+0.74486  theta=1.156983  P(n)=0 n^2 + -40 n + 20,  c=-256, r=2,  p=2, sigma=7.920, k=2, lambda_1=16.00000
S=+0.74486  theta=1.156983  P(n)=0 n^2 + -56 n + 28,  c=-256, r=2,  p=2, sigma=7.920, k=2, lambda_1=16.00000
S=+0.74486  theta=1.156983  P(n)=0 n^2 + -72 n + 36,  c=-256, r=2,  p=2, sigma=7.920, k=2, lambda_1=16.00000
S=+0.74486  theta=1.156983  P(n)=0 n^2 + -88 n + 44,  c=-256, r=2,  p=2, sigma=7.920, k=2, lambda_1=16.00000
S=+0.74486  theta=1.156983  P(n)=0 n^2 + -104 n + 52,  c=-256, r=2,  p=2, sigma=7.920, k=2, lambda_1=16.00000
S=+0.74486  theta=1.156983  P(n)=0 n^2 + -120 n + 60,  c=-256, r=2,  p=2, sigma=7.920, k=2, lambda_1=16.00000
S=+0.74486  theta=1.156983  P(n)=0 n^2 + -136 n + 68,  c=-256, r=2,  p=2, sigma=7.920, k=2, lambda_1=16.00000
S=+0.74486  theta=1.156983  P(n)=0 n^2 + -152 n + 76,  c=-256, r=2,  p=2, sigma=7.920, k=2, lambda_1=16.00000
S=+0.74486  theta=1.156983  P(n)=0 n^2 + -168 n + 84,  c=-256, r=2,  p=2, sigma=7.920, k=2, lambda_1=16.00000
S=+0.74486  theta=1.156983  P(n)=0 n^2 + -184 n + 92,  c=-256, r=2,  p=2, sigma=7.920, k=2, lambda_1=16.00000
S=+0.74486  theta=1.156983  P(n)=0 n^2 + -200 n + 100,  c=-256, r=2,  p=2, sigma=7.920, k=2, lambda_1=16.00000
S=+0.74486  theta=1.156983  P(n)=0 n^2 + -216 n + 108,  c=-256, r=2,  p=2, sigma=7.920, k=2, lambda_1=16.00000
S=+0.74486  theta=1.156983  P(n)=0 n^2 + -232 n + 116,  c=-256, r=2,  p=2, sigma=7.920, k=2, lambda_1=16.00000
S=+0.74486  theta=1.156983  P(n)=0 n^2 + -248 n + 124,  c=-256, r=2,  p=2, sigma=7.920, k=2, lambda_1=16.00000
S=+0.74486  theta=1.156983  P(n)=0 n^2 + -264 n + 132,  c=-256, r=2,  p=2, sigma=7.920, k=2, lambda_1=16.00000
S=+0.74486  theta=1.156983  P(n)=0 n^2 + -280 n + 140,  c=-256, r=2,  p=2, sigma=7.920, k=2, lambda_1=16.00000
S=+0.74486  theta=1.156983  P(n)=0 n^2 + -296 n + 148,  c=-256, r=2,  p=2, sigma=7.920, k=2, lambda_1=16.00000
S=+0.74486  theta=1.156983  P(n)=0 n^2 + -312 n + 156,  c=-256, r=2,  p=2, sigma=7.920, k=2, lambda_1=16.00000
S=+0.74486  theta=1.156983  P(n)=0 n^2 + -328 n + 164,  c=-256, r=2,  p=2, sigma=7.920, k=2, lambda_1=16.00000
S=+0.74486  theta=1.156983  P(n)=0 n^2 + -344 n + 172,  c=-256, r=2,  p=2, sigma=7.920, k=2, lambda_1=16.00000
S=+0.74486  theta=1.156983  P(n)=0 n^2 + -360 n + 180,  c=-256, r=2,  p=2, sigma=7.920, k=2, lambda_1=16.00000
S=+0.74486  theta=1.156983  P(n)=0 n^2 + -376 n + 188,  c=-256, r=2,  p=2, sigma=7.920, k=2, lambda_1=16.00000
S=+0.74486  theta=1.156983  P(n)=0 n^2 + -392 n + 196,  c=-256, r=2,  p=2, sigma=7.920, k=2, lambda_1=16.00000
S=+0.74486  theta=1.156983  P(n)=0 n^2 + -408 n + 204,  c=-256, r=2,  p=2, sigma=7.920, k=2, lambda_1=16.00000
S=+0.74486  theta=1.156983  P(n)=0 n^2 + -424 n + 212,  c=-256, r=2,  p=2, sigma=7.920, k=2, lambda_1=16.00000
S=+0.74486  theta=1.156983  P(n)=0 n^2 + -440 n + 220,  c=-256, r=2,  p=2, sigma=7.920, k=2, lambda_1=16.00000
S=+0.74486  theta=1.156983  P(n)=0 n^2 + -456 n + 228,  c=-256, r=2,  p=2, sigma=7.920, k=2, lambda_1=16.00000
S=+0.74486  theta=1.156983  P(n)=0 n^2 + -472 n + 236,  c=-256, r=2,  p=2, sigma=7.920, k=2, lambda_1=16.00000
S=+0.74486  theta=1.156983  P(n)=0 n^2 + -488 n + 244,  c=-256, r=2,  p=2, sigma=7.920, k=2, lambda_1=16.00000
S=+0.74486  theta=1.156983  P(n)=0 n^2 + -504 n + 252,  c=-256, r=2,  p=2, sigma=7.920, k=2, lambda_1=16.00000
S=+0.74486  theta=1.156983  P(n)=0 n^2 + -520 n + 260,  c=-256, r=2,  p=2, sigma=7.920, k=2, lambda_1=16.00000
S=+0.74486  theta=1.156983  P(n)=0 n^2 + -536 n + 268,  c=-256, r=2,  p=2, sigma=7.920, k=2, lambda_1=16.00000
S=+0.74486  theta=1.156983  P(n)=0 n^2 + -552 n + 276,  c=-256, r=2,  p=2, sigma=7.920, k=2, lambda_1=16.00000
S=+0.74486  theta=1.156983  P(n)=0 n^2 + -568 n + 284,  c=-256, r=2,  p=2, sigma=7.920, k=2, lambda_1=16.00000
S=+0.74486  theta=1.156983  P(n)=0 n^2 + -584 n + 292,  c=-256, r=2,  p=2, sigma=7.920, k=2, lambda_1=16.00000
S=+0.74486  theta=1.156983  P(n)=0 n^2 + -600 n + 300,  c=-256, r=2,  p=2, sigma=7.920, k=2, lambda_1=16.00000
S=+0.74486  theta=1.156983  P(n)=0 n^2 + -616 n + 308,  c=-256, r=2,  p=2, sigma=7.920, k=2, lambda_1=16.00000
S=+0.74486  theta=1.156983  P(n)=0 n^2 + -632 n + 316,  c=-256, r=2,  p=2, sigma=7.920, k=2, lambda_1=16.00000
S=+0.74486  theta=1.156983  P(n)=0 n^2 + -648 n + 324,  c=-256, r=2,  p=2, sigma=7.920, k=2, lambda_1=16.00000
S=+0.74486  theta=1.156983  P(n)=0 n^2 + -664 n + 332,  c=-256, r=2,  p=2, sigma=7.920, k=2, lambda_1=16.00000
S=+0.74486  theta=1.156983  P(n)=0 n^2 + -680 n + 340,  c=-256, r=2,  p=2, sigma=7.920, k=2, lambda_1=16.00000
S=+0.74486  theta=1.156983  P(n)=0 n^2 + -696 n + 348,  c=-256, r=2,  p=2, sigma=7.920, k=2, lambda_1=16.00000
S=+0.74486  theta=1.156983  P(n)=0 n^2 + -712 n + 356,  c=-256, r=2,  p=2, sigma=7.920, k=2, lambda_1=16.00000
S=+0.74486  theta=1.156983  P(n)=0 n^2 + -728 n + 364,  c=-256, r=2,  p=2, sigma=7.920, k=2, lambda_1=16.00000
S=+0.74486  theta=1.156983  P(n)=0 n^2 + -744 n + 372,  c=-256, r=2,  p=2, sigma=7.920, k=2, lambda_1=16.00000
S=+0.74486  theta=1.156983  P(n)=0 n^2 + -760 n + 380,  c=-256, r=2,  p=2, sigma=7.920, k=2, lambda_1=16.00000
S=+0.74486  theta=1.156983  P(n)=0 n^2 + -776 n + 388,  c=-256, r=2,  p=2, sigma=7.920, k=2, lambda_1=16.00000
S=+0.74486  theta=1.156983  P(n)=0 n^2 + -792 n + 396,  c=-256, r=2,  p=2, sigma=7.920, k=2, lambda_1=16.00000
S=+0.74486  theta=1.156983  P(n)=0 n^2 + -808 n + 404,  c=-256, r=2,  p=2, sigma=7.920, k=2, lambda_1=16.00000
S=+0.74486  theta=1.156983  P(n)=0 n^2 + -824 n + 412,  c=-256, r=2,  p=2, sigma=7.920, k=2, lambda_1=16.00000
S=+0.74486  theta=1.156983  P(n)=0 n^2 + -840 n + 420,  c=-256, r=2,  p=2, sigma=7.920, k=2, lambda_1=16.00000
S=+0.74486  theta=1.156983  P(n)=0 n^2 + -856 n + 428,  c=-256, r=2,  p=2, sigma=7.920, k=2, lambda_1=16.00000
S=+0.74486  theta=1.156983  P(n)=0 n^2 + -872 n + 436,  c=-256, r=2,  p=2, sigma=7.920, k=2, lambda_1=16.00000
S=+0.74486  theta=1.156983  P(n)=0 n^2 + -888 n + 444,  c=-256, r=2,  p=2, sigma=7.920, k=2, lambda_1=16.00000
S=+0.74486  theta=1.156983  P(n)=0 n^2 + -904 n + 452,  c=-256, r=2,  p=2, sigma=7.920, k=2, lambda_1=16.00000
S=+0.74486  theta=1.156983  P(n)=0 n^2 + -920 n + 460,  c=-256, r=2,  p=2, sigma=7.920, k=2, lambda_1=16.00000
S=+0.74486  theta=1.156983  P(n)=0 n^2 + -936 n + 468,  c=-256, r=2,  p=2, sigma=7.920, k=2, lambda_1=16.00000
S=+0.74486  theta=1.156983  P(n)=0 n^2 + -952 n + 476,  c=-256, r=2,  p=2, sigma=7.920, k=2, lambda_1=16.00000
S=+0.74486  theta=1.156983  P(n)=0 n^2 + -968 n + 484,  c=-256, r=2,  p=2, sigma=7.920, k=2, lambda_1=16.00000
S=+0.74486  theta=1.156983  P(n)=0 n^2 + -984 n + 492,  c=-256, r=2,  p=2, sigma=7.920, k=2, lambda_1=16.00000
S=+0.74486  theta=1.156983  P(n)=0 n^2 + -1000 n + 500,  c=-256, r=2,  p=2, sigma=7.920, k=2, lambda_1=16.00000
S=+0.74486  theta=1.156983  P(n)=0 n^2 + -1016 n + 508,  c=-256, r=2,  p=2, sigma=7.920, k=2, lambda_1=16.00000
S=+0.74486  theta=1.156983  P(n)=0 n^2 + -1032 n + 516,  c=-256, r=2,  p=2, sigma=7.920, k=2, lambda_1=16.00000
S=+0.74486  theta=1.156983  P(n)=0 n^2 + -1048 n + 524,  c=-256, r=2,  p=2, sigma=7.920, k=2, lambda_1=16.00000
S=+0.74486  theta=1.156983  P(n)=0 n^2 + -1064 n + 532,  c=-256, r=2,  p=2, sigma=7.920, k=2, lambda_1=16.00000
S=+0.74486  theta=1.156983  P(n)=0 n^2 + -1080 n + 540,  c=-256, r=2,  p=2, sigma=7.920, k=2, lambda_1=16.00000
S=+0.74486  theta=1.156983  P(n)=0 n^2 + -1096 n + 548,  c=-256, r=2,  p=2, sigma=7.920, k=2, lambda_1=16.00000
S=+0.74486  theta=1.156983  P(n)=0 n^2 + -1112 n + 556,  c=-256, r=2,  p=2, sigma=7.920, k=2, lambda_1=16.00000
S=+0.74486  theta=1.156983  P(n)=0 n^2 + -1128 n + 564,  c=-256, r=2,  p=2, sigma=7.920, k=2, lambda_1=16.00000
S=+0.74486  theta=1.156983  P(n)=0 n^2 + -1144 n + 572,  c=-256, r=2,  p=2, sigma=7.920, k=2, lambda_1=16.00000
S=+0.74486  theta=1.156983  P(n)=0 n^2 + -1160 n + 580,  c=-256, r=2,  p=2, sigma=7.920, k=2, lambda_1=16.00000
S=+0.74486  theta=1.156983  P(n)=0 n^2 + -1176 n + 588,  c=-256, r=2,  p=2, sigma=7.920, k=2, lambda_1=16.00000
S=+0.74486  theta=1.156983  P(n)=0 n^2 + -1192 n + 596,  c=-256, r=2,  p=2, sigma=7.920, k=2, lambda_1=16.00000
S=+0.74486  theta=1.156983  P(n)=0 n^2 + -1208 n + 604,  c=-256, r=2,  p=2, sigma=7.920, k=2, lambda_1=16.00000
S=+0.74486  theta=1.156983  P(n)=0 n^2 + -1224 n + 612,  c=-256, r=2,  p=2, sigma=7.920, k=2, lambda_1=16.00000
S=+0.74486  theta=1.156983  P(n)=0 n^2 + -1240 n + 620,  c=-256, r=2,  p=2, sigma=7.920, k=2, lambda_1=16.00000
S=+0.74486  theta=1.156983  P(n)=0 n^2 + -1256 n + 628,  c=-256, r=2,  p=2, sigma=7.920, k=2, lambda_1=16.00000
S=+0.74486  theta=1.156983  P(n)=0 n^2 + -1272 n + 636,  c=-256, r=2,  p=2, sigma=7.920, k=2, lambda_1=16.00000
S=+0.74486  theta=1.156983  P(n)=0 n^2 + -1288 n + 644,  c=-256, r=2,  p=2, sigma=7.920, k=2, lambda_1=16.00000
S=+0.74486  theta=1.156983  P(n)=0 n^2 + -1304 n + 652,  c=-256, r=2,  p=2, sigma=7.920, k=2, lambda_1=16.00000
S=+0.74486  theta=1.156983  P(n)=0 n^2 + -1320 n + 660,  c=-256, r=2,  p=2, sigma=7.920, k=2, lambda_1=16.00000
S=+0.74486  theta=1.156983  P(n)=0 n^2 + -1336 n + 668,  c=-256, r=2,  p=2, sigma=7.920, k=2, lambda_1=16.00000
S=+0.74486  theta=1.156983  P(n)=0 n^2 + -1352 n + 676,  c=-256, r=2,  p=2, sigma=7.920, k=2, lambda_1=16.00000
S=+0.74486  theta=1.156983  P(n)=0 n^2 + -1368 n + 684,  c=-256, r=2,  p=2, sigma=7.920, k=2, lambda_1=16.00000
S=+0.74486  theta=1.156983  P(n)=0 n^2 + -1384 n + 692,  c=-256, r=2,  p=2, sigma=7.920, k=2, lambda_1=16.00000
S=+0.74486  theta=1.156983  P(n)=0 n^2 + -1400 n + 700,  c=-256, r=2,  p=2, sigma=7.920, k=2, lambda_1=16.00000
S=+0.74486  theta=1.156983  P(n)=0 n^2 + -1416 n + 708,  c=-256, r=2,  p=2, sigma=7.920, k=2, lambda_1=16.00000
S=+0.74486  theta=1.156983  P(n)=0 n^2 + -1432 n + 716,  c=-256, r=2,  p=2, sigma=7.920, k=2, lambda_1=16.00000
S=+0.74486  theta=1.156983  P(n)=0 n^2 + -1448 n + 724,  c=-256, r=2,  p=2, sigma=7.920, k=2, lambda_1=16.00000
S=+0.74486  theta=1.156983  P(n)=0 n^2 + -1464 n + 732,  c=-256, r=2,  p=2, sigma=7.920, k=2, lambda_1=16.00000
S=+0.74486  theta=1.156983  P(n)=0 n^2 + -1480 n + 740,  c=-256, r=2,  p=2, sigma=7.920, k=2, lambda_1=16.00000
S=+0.74486  theta=1.156983  P(n)=0 n^2 + -1496 n + 748,  c=-256, r=2,  p=2, sigma=7.920, k=2, lambda_1=16.00000
S=+0.74486  theta=1.156983  P(n)=0 n^2 + -1512 n + 756,  c=-256, r=2,  p=2, sigma=7.920, k=2, lambda_1=16.00000
S=+0.74486  theta=1.156983  P(n)=0 n^2 + -1528 n + 764,  c=-256, r=2,  p=2, sigma=7.920, k=2, lambda_1=16.00000
S=+0.74486  theta=1.156983  P(n)=0 n^2 + -1544 n + 772,  c=-256, r=2,  p=2, sigma=7.920, k=2, lambda_1=16.00000
S=+0.74486  theta=1.156983  P(n)=0 n^2 + -1560 n + 780,  c=-256, r=2,  p=2, sigma=7.920, k=2, lambda_1=16.00000
S=+0.74486  theta=1.156983  P(n)=0 n^2 + -1576 n + 788,  c=-256, r=2,  p=2, sigma=7.920, k=2, lambda_1=16.00000
S=+0.74486  theta=1.156983  P(n)=0 n^2 + -1592 n + 796,  c=-256, r=2,  p=2, sigma=7.920, k=2, lambda_1=16.00000
S=+0.74486  theta=1.156983  P(n)=0 n^2 + -1608 n + 804,  c=-256, r=2,  p=2, sigma=7.920, k=2, lambda_1=16.00000
S=+0.74486  theta=1.156983  P(n)=0 n^2 + -1624 n + 812,  c=-256, r=2,  p=2, sigma=7.920, k=2, lambda_1=16.00000
S=+0.74486  theta=1.156983  P(n)=0 n^2 + -1640 n + 820,  c=-256, r=2,  p=2, sigma=7.920, k=2, lambda_1=16.00000
S=+0.74486  theta=1.156983  P(n)=0 n^2 + -1656 n + 828,  c=-256, r=2,  p=2, sigma=7.920, k=2, lambda_1=16.00000
S=+0.74486  theta=1.156983  P(n)=0 n^2 + -1672 n + 836,  c=-256, r=2,  p=2, sigma=7.920, k=2, lambda_1=16.00000
S=+0.74486  theta=1.156983  P(n)=0 n^2 + -1688 n + 844,  c=-256, r=2,  p=2, sigma=7.920, k=2, lambda_1=16.00000
S=+0.74486  theta=1.156983  P(n)=0 n^2 + -1704 n + 852,  c=-256, r=2,  p=2, sigma=7.920, k=2, lambda_1=16.00000
S=+0.74486  theta=1.156983  P(n)=0 n^2 + -1720 n + 860,  c=-256, r=2,  p=2, sigma=7.920, k=2, lambda_1=16.00000
S=+0.74486  theta=1.156983  P(n)=0 n^2 + -1736 n + 868,  c=-256, r=2,  p=2, sigma=7.920, k=2, lambda_1=16.00000
S=+0.74486  theta=1.156983  P(n)=0 n^2 + -1752 n + 876,  c=-256, r=2,  p=2, sigma=7.920, k=2, lambda_1=16.00000
S=+0.74486  theta=1.156983  P(n)=0 n^2 + -1768 n + 884,  c=-256, r=2,  p=2, sigma=7.920, k=2, lambda_1=16.00000
S=+0.74486  theta=1.156983  P(n)=0 n^2 + -1784 n + 892,  c=-256, r=2,  p=2, sigma=7.920, k=2, lambda_1=16.00000
S=+0.74486  theta=1.156983  P(n)=0 n^2 + -1800 n + 900,  c=-256, r=2,  p=2, sigma=7.920, k=2, lambda_1=16.00000
S=+0.74486  theta=1.156983  P(n)=0 n^2 + -1816 n + 908,  c=-256, r=2,  p=2, sigma=7.920, k=2, lambda_1=16.00000
S=+0.74486  theta=1.156983  P(n)=0 n^2 + -1832 n + 916,  c=-256, r=2,  p=2, sigma=7.920, k=2, lambda_1=16.00000
S=+0.74486  theta=1.156983  P(n)=0 n^2 + -1848 n + 924,  c=-256, r=2,  p=2, sigma=7.920, k=2, lambda_1=16.00000
S=+0.74486  theta=1.156983  P(n)=0 n^2 + -1864 n + 932,  c=-256, r=2,  p=2, sigma=7.920, k=2, lambda_1=16.00000
S=+0.74486  theta=1.156983  P(n)=0 n^2 + -1880 n + 940,  c=-256, r=2,  p=2, sigma=7.920, k=2, lambda_1=16.00000
S=+0.74486  theta=1.156983  P(n)=0 n^2 + -1896 n + 948,  c=-256, r=2,  p=2, sigma=7.920, k=2, lambda_1=16.00000
S=+0.74486  theta=1.156983  P(n)=0 n^2 + -1912 n + 956,  c=-256, r=2,  p=2, sigma=7.920, k=2, lambda_1=16.00000
S=+0.74486  theta=1.156983  P(n)=0 n^2 + -1928 n + 964,  c=-256, r=2,  p=2, sigma=7.920, k=2, lambda_1=16.00000
S=+0.74486  theta=1.156983  P(n)=0 n^2 + -1944 n + 972,  c=-256, r=2,  p=2, sigma=7.920, k=2, lambda_1=16.00000
S=+0.74486  theta=1.156983  P(n)=0 n^2 + -1960 n + 980,  c=-256, r=2,  p=2, sigma=7.920, k=2, lambda_1=16.00000
S=+0.74486  theta=1.156983  P(n)=0 n^2 + -1976 n + 988,  c=-256, r=2,  p=2, sigma=7.920, k=2, lambda_1=16.00000
S=+0.74486  theta=1.156983  P(n)=0 n^2 + -1992 n + 996,  c=-256, r=2,  p=2, sigma=7.920, k=2, lambda_1=16.00000
S=+0.74486  theta=1.156983  P(n)=0 n^2 + -2008 n + 1004,  c=-256, r=2,  p=2, sigma=7.920, k=2, lambda_1=16.00000
S=+0.74486  theta=1.156983  P(n)=0 n^2 + -2024 n + 1012,  c=-256, r=2,  p=2, sigma=7.920, k=2, lambda_1=16.00000
S=+0.74486  theta=1.156983  P(n)=0 n^2 + -2040 n + 1020,  c=-256, r=2,  p=2, sigma=7.920, k=2, lambda_1=16.00000
S=+0.74486  theta=1.156983  P(n)=0 n^2 + -2056 n + 1028,  c=-256, r=2,  p=2, sigma=7.920, k=2, lambda_1=16.00000
S=+0.74486  theta=1.156983  P(n)=0 n^2 + -2072 n + 1036,  c=-256, r=2,  p=2, sigma=7.920, k=2, lambda_1=16.00000
S=+0.74486  theta=1.156983  P(n)=0 n^2 + -2088 n + 1044,  c=-256, r=2,  p=2, sigma=7.920, k=2, lambda_1=16.00000
S=+0.74486  theta=1.156983  P(n)=0 n^2 + -2104 n + 1052,  c=-256, r=2,  p=2, sigma=7.920, k=2, lambda_1=16.00000
S=+0.74486  theta=1.156983  P(n)=0 n^2 + -2120 n + 1060,  c=-256, r=2,  p=2, sigma=7.920, k=2, lambda_1=16.00000
S=+0.74486  theta=1.156983  P(n)=0 n^2 + -2136 n + 1068,  c=-256, r=2,  p=2, sigma=7.920, k=2, lambda_1=16.00000
S=+0.74486  theta=1.156983  P(n)=0 n^2 + -2152 n + 1076,  c=-256, r=2,  p=2, sigma=7.920, k=2, lambda_1=16.00000
S=+0.74486  theta=1.156983  P(n)=0 n^2 + -2168 n + 1084,  c=-256, r=2,  p=2, sigma=7.920, k=2, lambda_1=16.00000
S=+0.74486  theta=1.156983  P(n)=0 n^2 + -2184 n + 1092,  c=-256, r=2,  p=2, sigma=7.920, k=2, lambda_1=16.00000
S=+0.74486  theta=1.156983  P(n)=0 n^2 + -2200 n + 1100,  c=-256, r=2,  p=2, sigma=7.920, k=2, lambda_1=16.00000
S=+0.74486  theta=1.156983  P(n)=0 n^2 + -2216 n + 1108,  c=-256, r=2,  p=2, sigma=7.920, k=2, lambda_1=16.00000
S=+0.74486  theta=1.156983  P(n)=0 n^2 + -2232 n + 1116,  c=-256, r=2,  p=2, sigma=7.920, k=2, lambda_1=16.00000
S=+0.74486  theta=1.156983  P(n)=0 n^2 + -2248 n + 1124,  c=-256, r=2,  p=2, sigma=7.920, k=2, lambda_1=16.00000
S=+0.74486  theta=1.156983  P(n)=0 n^2 + -2264 n + 1132,  c=-256, r=2,  p=2, sigma=7.920, k=2, lambda_1=16.00000
S=+0.74486  theta=1.156983  P(n)=0 n^2 + -2280 n + 1140,  c=-256, r=2,  p=2, sigma=7.920, k=2, lambda_1=16.00000
S=+0.74486  theta=1.156983  P(n)=0 n^2 + -2296 n + 1148,  c=-256, r=2,  p=2, sigma=7.920, k=2, lambda_1=16.00000
S=+0.74486  theta=1.156983  P(n)=0 n^2 + -2312 n + 1156,  c=-256, r=2,  p=2, sigma=7.920, k=2, lambda_1=16.00000
S=+0.74486  theta=1.156983  P(n)=0 n^2 + -2328 n + 1164,  c=-256, r=2,  p=2, sigma=7.920, k=2, lambda_1=16.00000
S=+0.74486  theta=1.156983  P(n)=0 n^2 + -2344 n + 1172,  c=-256, r=2,  p=2, sigma=7.920, k=2, lambda_1=16.00000
S=+0.74486  theta=1.156983  P(n)=0 n^2 + -2360 n + 1180,  c=-256, r=2,  p=2, sigma=7.920, k=2, lambda_1=16.00000
S=+0.74486  theta=1.156983  P(n)=0 n^2 + -2376 n + 1188,  c=-256, r=2,  p=2, sigma=7.920, k=2, lambda_1=16.00000
S=+0.74486  theta=1.156983  P(n)=0 n^2 + -2392 n + 1196,  c=-256, r=2,  p=2, sigma=7.920, k=2, lambda_1=16.00000
S=+0.74486  theta=1.156983  P(n)=0 n^2 + -2408 n + 1204,  c=-256, r=2,  p=2, sigma=7.920, k=2, lambda_1=16.00000
S=+0.74486  theta=1.156983  P(n)=0 n^2 + -2424 n + 1212,  c=-256, r=2,  p=2, sigma=7.920, k=2, lambda_1=16.00000
S=+0.74486  theta=1.156983  P(n)=0 n^2 + -2440 n + 1220,  c=-256, r=2,  p=2, sigma=7.920, k=2, lambda_1=16.00000
S=+0.74486  theta=1.156983  P(n)=0 n^2 + -2456 n + 1228,  c=-256, r=2,  p=2, sigma=7.920, k=2, lambda_1=16.00000
S=+0.74486  theta=1.156983  P(n)=0 n^2 + -2472 n + 1236,  c=-256, r=2,  p=2, sigma=7.920, k=2, lambda_1=16.00000
S=+0.74486  theta=1.156983  P(n)=0 n^2 + -2488 n + 1244,  c=-256, r=2,  p=2, sigma=7.920, k=2, lambda_1=16.00000
S=+0.74486  theta=1.156983  P(n)=0 n^2 + -2504 n + 1252,  c=-256, r=2,  p=2, sigma=7.920, k=2, lambda_1=16.00000
S=+0.74486  theta=1.156983  P(n)=0 n^2 + -2520 n + 1260,  c=-256, r=2,  p=2, sigma=7.920, k=2, lambda_1=16.00000
S=+0.74486  theta=1.156983  P(n)=0 n^2 + -2536 n + 1268,  c=-256, r=2,  p=2, sigma=7.920, k=2, lambda_1=16.00000
S=+0.74486  theta=1.156983  P(n)=0 n^2 + -2552 n + 1276,  c=-256, r=2,  p=2, sigma=7.920, k=2, lambda_1=16.00000
S=+0.74486  theta=1.156983  P(n)=0 n^2 + -2568 n + 1284,  c=-256, r=2,  p=2, sigma=7.920, k=2, lambda_1=16.00000
S=+0.74486  theta=1.156983  P(n)=-32 n^2 + 32 n + 20,  c=256, r=2,  p=2, sigma=7.920, k=2, lambda_1=16.00000
S=+0.74486  theta=1.156983  P(n)=-32 n^2 + 32 n + 4,  c=256, r=2,  p=2, sigma=7.920, k=2, lambda_1=16.00000
S=+0.74486  theta=1.156983  P(n)=-32 n^2 + 0 n + 4,  c=256, r=1,  p=2, sigma=7.920, k=2, lambda_1=16.00000
S=+0.73100  theta=1.154061  P(n)=32 n^2 + -64 n + 2668,  c=256, r=3,  p=2, sigma=7.900, k=2, lambda_1=16.00000
S=+0.73100  theta=1.154061  P(n)=32 n^2 + -64 n + 2268,  c=256, r=3,  p=2, sigma=7.900, k=2, lambda_1=16.00000
S=+0.73100  theta=1.154061  P(n)=32 n^2 + -64 n + 1900,  c=256, r=3,  p=2, sigma=7.900, k=2, lambda_1=16.00000
S=+0.73100  theta=1.154061  P(n)=32 n^2 + -64 n + 1564,  c=256, r=3,  p=2, sigma=7.900, k=2, lambda_1=16.00000
S=+0.73100  theta=1.154061  P(n)=32 n^2 + -64 n + 1260,  c=256, r=3,  p=2, sigma=7.900, k=2, lambda_1=16.00000
S=+0.73100  theta=1.154061  P(n)=32 n^2 + -64 n + 988,  c=256, r=3,  p=2, sigma=7.900, k=2, lambda_1=16.00000
S=+0.73100  theta=1.154061  P(n)=32 n^2 + -64 n + 748,  c=256, r=3,  p=2, sigma=7.900, k=2, lambda_1=16.00000
S=+0.73100  theta=1.154061  P(n)=32 n^2 + -64 n + 540,  c=256, r=3,  p=2, sigma=7.900, k=2, lambda_1=16.00000
S=+0.73100  theta=1.154061  P(n)=32 n^2 + -64 n + 364,  c=256, r=3,  p=2, sigma=7.900, k=2, lambda_1=16.00000
S=+0.73100  theta=1.154061  P(n)=32 n^2 + -64 n + 220,  c=256, r=3,  p=2, sigma=7.900, k=2, lambda_1=16.00000
S=+0.73100  theta=1.154061  P(n)=32 n^2 + -64 n + 108,  c=256, r=3,  p=2, sigma=7.900, k=2, lambda_1=16.00000
S=+0.73100  theta=1.154061  P(n)=32 n^2 + -64 n + 28,  c=256, r=3,  p=2, sigma=7.900, k=2, lambda_1=16.00000
S=+0.73100  theta=1.154061  P(n)=-32 n^2 + 64 n + 36,  c=256, r=3,  p=2, sigma=7.900, k=2, lambda_1=16.00000
S=+0.73100  theta=1.154061  P(n)=-32 n^2 + 64 n + 20,  c=256, r=3,  p=2, sigma=7.900, k=2, lambda_1=16.00000
S=+0.05172  theta=1.012764  P(n)=0 n^2 + 1976 n + 988,  c=-64, r=0,  p=2, sigma=5.920, k=2, lambda_1=8.00000
S=+0.05172  theta=1.012764  P(n)=0 n^2 + 1968 n + 984,  c=-256, r=0,  p=2, sigma=5.920, k=2, lambda_1=16.00000
S=+0.05172  theta=1.012764  P(n)=0 n^2 + 1960 n + 980,  c=-64, r=0,  p=2, sigma=5.920, k=2, lambda_1=8.00000
S=+0.05172  theta=1.012764  P(n)=0 n^2 + 1944 n + 972,  c=-64, r=0,  p=2, sigma=5.920, k=2, lambda_1=8.00000
S=+0.05172  theta=1.012764  P(n)=0 n^2 + 1936 n + 968,  c=-256, r=0,  p=2, sigma=5.920, k=2, lambda_1=16.00000
S=+0.05172  theta=1.012764  P(n)=0 n^2 + 1928 n + 964,  c=-64, r=0,  p=2, sigma=5.920, k=2, lambda_1=8.00000
S=+0.05172  theta=1.012764  P(n)=0 n^2 + 1912 n + 956,  c=-64, r=0,  p=2, sigma=5.920, k=2, lambda_1=8.00000
S=+0.05172  theta=1.012764  P(n)=0 n^2 + 1904 n + 952,  c=-256, r=0,  p=2, sigma=5.920, k=2, lambda_1=16.00000
S=+0.05172  theta=1.012764  P(n)=0 n^2 + 1896 n + 948,  c=-64, r=0,  p=2, sigma=5.920, k=2, lambda_1=8.00000
S=+0.05172  theta=1.012764  P(n)=0 n^2 + 1880 n + 940,  c=-64, r=0,  p=2, sigma=5.920, k=2, lambda_1=8.00000
S=+0.05172  theta=1.012764  P(n)=0 n^2 + 1872 n + 936,  c=-256, r=0,  p=2, sigma=5.920, k=2, lambda_1=16.00000
S=+0.05172  theta=1.012764  P(n)=0 n^2 + 1864 n + 932,  c=-64, r=0,  p=2, sigma=5.920, k=2, lambda_1=8.00000
S=+0.05172  theta=1.012764  P(n)=0 n^2 + 1848 n + 924,  c=-64, r=0,  p=2, sigma=5.920, k=2, lambda_1=8.00000
S=+0.05172  theta=1.012764  P(n)=0 n^2 + 1840 n + 920,  c=-256, r=0,  p=2, sigma=5.920, k=2, lambda_1=16.00000
S=+0.05172  theta=1.012764  P(n)=0 n^2 + 1832 n + 916,  c=-64, r=0,  p=2, sigma=5.920, k=2, lambda_1=8.00000
S=+0.05172  theta=1.012764  P(n)=0 n^2 + 1816 n + 908,  c=-64, r=0,  p=2, sigma=5.920, k=2, lambda_1=8.00000
S=+0.05172  theta=1.012764  P(n)=0 n^2 + 1808 n + 904,  c=-256, r=0,  p=2, sigma=5.920, k=2, lambda_1=16.00000
S=+0.05172  theta=1.012764  P(n)=0 n^2 + 1800 n + 900,  c=-64, r=0,  p=2, sigma=5.920, k=2, lambda_1=8.00000
S=+0.05172  theta=1.012764  P(n)=0 n^2 + 1784 n + 892,  c=-64, r=0,  p=2, sigma=5.920, k=2, lambda_1=8.00000
S=+0.05172  theta=1.012764  P(n)=0 n^2 + 1776 n + 888,  c=-256, r=0,  p=2, sigma=5.920, k=2, lambda_1=16.00000
S=+0.05172  theta=1.012764  P(n)=0 n^2 + 1768 n + 884,  c=-64, r=0,  p=2, sigma=5.920, k=2, lambda_1=8.00000
S=+0.05172  theta=1.012764  P(n)=0 n^2 + 1752 n + 876,  c=-64, r=0,  p=2, sigma=5.920, k=2, lambda_1=8.00000
S=+0.05172  theta=1.012764  P(n)=0 n^2 + 1744 n + 872,  c=-256, r=0,  p=2, sigma=5.920, k=2, lambda_1=16.00000
S=+0.05172  theta=1.012764  P(n)=0 n^2 + 1736 n + 868,  c=-64, r=0,  p=2, sigma=5.920, k=2, lambda_1=8.00000
S=+0.05172  theta=1.012764  P(n)=0 n^2 + 1720 n + 860,  c=-64, r=0,  p=2, sigma=5.920, k=2, lambda_1=8.00000
S=+0.05172  theta=1.012764  P(n)=0 n^2 + 1712 n + 856,  c=-256, r=0,  p=2, sigma=5.920, k=2, lambda_1=16.00000
S=+0.05172  theta=1.012764  P(n)=0 n^2 + 1704 n + 852,  c=-64, r=0,  p=2, sigma=5.920, k=2, lambda_1=8.00000
S=+0.05172  theta=1.012764  P(n)=0 n^2 + 1688 n + 844,  c=-64, r=0,  p=2, sigma=5.920, k=2, lambda_1=8.00000
S=+0.05172  theta=1.012764  P(n)=0 n^2 + 1680 n + 840,  c=-256, r=0,  p=2, sigma=5.920, k=2, lambda_1=16.00000
S=+0.05172  theta=1.012764  P(n)=0 n^2 + 1672 n + 836,  c=-64, r=0,  p=2, sigma=5.920, k=2, lambda_1=8.00000
S=+0.05172  theta=1.012764  P(n)=0 n^2 + 1656 n + 828,  c=-64, r=0,  p=2, sigma=5.920, k=2, lambda_1=8.00000
S=+0.05172  theta=1.012764  P(n)=0 n^2 + 1648 n + 824,  c=-256, r=0,  p=2, sigma=5.920, k=2, lambda_1=16.00000
S=+0.05172  theta=1.012764  P(n)=0 n^2 + 1640 n + 820,  c=-64, r=0,  p=2, sigma=5.920, k=2, lambda_1=8.00000
S=+0.05172  theta=1.012764  P(n)=0 n^2 + 1624 n + 812,  c=-64, r=0,  p=2, sigma=5.920, k=2, lambda_1=8.00000
S=+0.05172  theta=1.012764  P(n)=0 n^2 + 1616 n + 808,  c=-256, r=0,  p=2, sigma=5.920, k=2, lambda_1=16.00000
S=+0.05172  theta=1.012764  P(n)=0 n^2 + 1608 n + 804,  c=-64, r=0,  p=2, sigma=5.920, k=2, lambda_1=8.00000
S=+0.05172  theta=1.012764  P(n)=0 n^2 + 1592 n + 796,  c=-64, r=0,  p=2, sigma=5.920, k=2, lambda_1=8.00000
S=+0.05172  theta=1.012764  P(n)=0 n^2 + 1584 n + 792,  c=-256, r=0,  p=2, sigma=5.920, k=2, lambda_1=16.00000
S=+0.05172  theta=1.012764  P(n)=0 n^2 + 1576 n + 788,  c=-64, r=0,  p=2, sigma=5.920, k=2, lambda_1=8.00000
S=+0.05172  theta=1.012764  P(n)=0 n^2 + 1560 n + 780,  c=-64, r=0,  p=2, sigma=5.920, k=2, lambda_1=8.00000
S=+0.05172  theta=1.012764  P(n)=0 n^2 + 1552 n + 776,  c=-256, r=0,  p=2, sigma=5.920, k=2, lambda_1=16.00000
S=+0.05172  theta=1.012764  P(n)=0 n^2 + 1544 n + 772,  c=-64, r=0,  p=2, sigma=5.920, k=2, lambda_1=8.00000
S=+0.05172  theta=1.012764  P(n)=0 n^2 + 1528 n + 764,  c=-64, r=0,  p=2, sigma=5.920, k=2, lambda_1=8.00000
S=+0.05172  theta=1.012764  P(n)=0 n^2 + 1520 n + 760,  c=-256, r=0,  p=2, sigma=5.920, k=2, lambda_1=16.00000
S=+0.05172  theta=1.012764  P(n)=0 n^2 + 1512 n + 756,  c=-64, r=0,  p=2, sigma=5.920, k=2, lambda_1=8.00000
S=+0.05172  theta=1.012764  P(n)=0 n^2 + 1496 n + 748,  c=-64, r=0,  p=2, sigma=5.920, k=2, lambda_1=8.00000
S=+0.05172  theta=1.012764  P(n)=0 n^2 + 1488 n + 744,  c=-256, r=0,  p=2, sigma=5.920, k=2, lambda_1=16.00000
S=+0.05172  theta=1.012764  P(n)=0 n^2 + 1480 n + 740,  c=-64, r=0,  p=2, sigma=5.920, k=2, lambda_1=8.00000
S=+0.05172  theta=1.012764  P(n)=0 n^2 + 1464 n + 732,  c=-64, r=0,  p=2, sigma=5.920, k=2, lambda_1=8.00000
S=+0.05172  theta=1.012764  P(n)=0 n^2 + 1456 n + 728,  c=-256, r=0,  p=2, sigma=5.920, k=2, lambda_1=16.00000
S=+0.05172  theta=1.012764  P(n)=0 n^2 + 1448 n + 724,  c=-64, r=0,  p=2, sigma=5.920, k=2, lambda_1=8.00000
S=+0.05172  theta=1.012764  P(n)=0 n^2 + 1432 n + 716,  c=-64, r=0,  p=2, sigma=5.920, k=2, lambda_1=8.00000
S=+0.05172  theta=1.012764  P(n)=0 n^2 + 1424 n + 712,  c=-256, r=0,  p=2, sigma=5.920, k=2, lambda_1=16.00000
S=+0.05172  theta=1.012764  P(n)=0 n^2 + 1416 n + 708,  c=-64, r=0,  p=2, sigma=5.920, k=2, lambda_1=8.00000
S=+0.05172  theta=1.012764  P(n)=0 n^2 + 1400 n + 700,  c=-64, r=0,  p=2, sigma=5.920, k=2, lambda_1=8.00000
S=+0.05172  theta=1.012764  P(n)=0 n^2 + 1392 n + 696,  c=-256, r=0,  p=2, sigma=5.920, k=2, lambda_1=16.00000
S=+0.05172  theta=1.012764  P(n)=0 n^2 + 1384 n + 692,  c=-64, r=0,  p=2, sigma=5.920, k=2, lambda_1=8.00000
S=+0.05172  theta=1.012764  P(n)=0 n^2 + 1368 n + 684,  c=-64, r=0,  p=2, sigma=5.920, k=2, lambda_1=8.00000
S=+0.05172  theta=1.012764  P(n)=0 n^2 + 1360 n + 680,  c=-256, r=0,  p=2, sigma=5.920, k=2, lambda_1=16.00000
S=+0.05172  theta=1.012764  P(n)=0 n^2 + 1352 n + 676,  c=-64, r=0,  p=2, sigma=5.920, k=2, lambda_1=8.00000
S=+0.05172  theta=1.012764  P(n)=0 n^2 + 1336 n + 668,  c=-64, r=0,  p=2, sigma=5.920, k=2, lambda_1=8.00000
S=+0.05172  theta=1.012764  P(n)=0 n^2 + 1328 n + 664,  c=-256, r=0,  p=2, sigma=5.920, k=2, lambda_1=16.00000
S=+0.05172  theta=1.012764  P(n)=0 n^2 + 1320 n + 660,  c=-64, r=0,  p=2, sigma=5.920, k=2, lambda_1=8.00000
S=+0.05172  theta=1.012764  P(n)=0 n^2 + 1304 n + 652,  c=-64, r=0,  p=2, sigma=5.920, k=2, lambda_1=8.00000
S=+0.05172  theta=1.012764  P(n)=0 n^2 + 1296 n + 648,  c=-256, r=0,  p=2, sigma=5.920, k=2, lambda_1=16.00000
S=+0.05172  theta=1.012764  P(n)=0 n^2 + 1288 n + 644,  c=-64, r=0,  p=2, sigma=5.920, k=2, lambda_1=8.00000
S=+0.05172  theta=1.012764  P(n)=0 n^2 + 1272 n + 636,  c=-64, r=0,  p=2, sigma=5.920, k=2, lambda_1=8.00000
S=+0.05172  theta=1.012764  P(n)=0 n^2 + 1264 n + 632,  c=-256, r=0,  p=2, sigma=5.920, k=2, lambda_1=16.00000
S=+0.05172  theta=1.012764  P(n)=0 n^2 + 1256 n + 628,  c=-64, r=0,  p=2, sigma=5.920, k=2, lambda_1=8.00000
S=+0.05172  theta=1.012764  P(n)=0 n^2 + 1240 n + 620,  c=-64, r=0,  p=2, sigma=5.920, k=2, lambda_1=8.00000
S=+0.05172  theta=1.012764  P(n)=0 n^2 + 1232 n + 616,  c=-256, r=0,  p=2, sigma=5.920, k=2, lambda_1=16.00000
S=+0.05172  theta=1.012764  P(n)=0 n^2 + 1224 n + 612,  c=-64, r=0,  p=2, sigma=5.920, k=2, lambda_1=8.00000
S=+0.05172  theta=1.012764  P(n)=0 n^2 + 1208 n + 604,  c=-64, r=0,  p=2, sigma=5.920, k=2, lambda_1=8.00000
S=+0.05172  theta=1.012764  P(n)=0 n^2 + 1200 n + 600,  c=-256, r=0,  p=2, sigma=5.920, k=2, lambda_1=16.00000
S=+0.05172  theta=1.012764  P(n)=0 n^2 + 1192 n + 596,  c=-64, r=0,  p=2, sigma=5.920, k=2, lambda_1=8.00000
S=+0.05172  theta=1.012764  P(n)=0 n^2 + 1176 n + 588,  c=-64, r=0,  p=2, sigma=5.920, k=2, lambda_1=8.00000
S=+0.05172  theta=1.012764  P(n)=0 n^2 + 1168 n + 584,  c=-256, r=0,  p=2, sigma=5.920, k=2, lambda_1=16.00000
S=+0.05172  theta=1.012764  P(n)=0 n^2 + 1160 n + 580,  c=-64, r=0,  p=2, sigma=5.920, k=2, lambda_1=8.00000
S=+0.05172  theta=1.012764  P(n)=0 n^2 + 1144 n + 572,  c=-64, r=0,  p=2, sigma=5.920, k=2, lambda_1=8.00000
S=+0.05172  theta=1.012764  P(n)=0 n^2 + 1136 n + 568,  c=-256, r=0,  p=2, sigma=5.920, k=2, lambda_1=16.00000
S=+0.05172  theta=1.012764  P(n)=0 n^2 + 1128 n + 564,  c=-64, r=0,  p=2, sigma=5.920, k=2, lambda_1=8.00000
S=+0.05172  theta=1.012764  P(n)=0 n^2 + 1112 n + 556,  c=-64, r=0,  p=2, sigma=5.920, k=2, lambda_1=8.00000
S=+0.05172  theta=1.012764  P(n)=0 n^2 + 1104 n + 552,  c=-256, r=0,  p=2, sigma=5.920, k=2, lambda_1=16.00000
S=+0.05172  theta=1.012764  P(n)=0 n^2 + 1096 n + 548,  c=-64, r=0,  p=2, sigma=5.920, k=2, lambda_1=8.00000
S=+0.05172  theta=1.012764  P(n)=0 n^2 + 1080 n + 540,  c=-64, r=0,  p=2, sigma=5.920, k=2, lambda_1=8.00000
S=+0.05172  theta=1.012764  P(n)=0 n^2 + 1072 n + 536,  c=-256, r=0,  p=2, sigma=5.920, k=2, lambda_1=16.00000
S=+0.05172  theta=1.012764  P(n)=0 n^2 + 1064 n + 532,  c=-64, r=0,  p=2, sigma=5.920, k=2, lambda_1=8.00000
S=+0.05172  theta=1.012764  P(n)=0 n^2 + 1048 n + 524,  c=-64, r=0,  p=2, sigma=5.920, k=2, lambda_1=8.00000
S=+0.05172  theta=1.012764  P(n)=0 n^2 + 1040 n + 520,  c=-256, r=0,  p=2, sigma=5.920, k=2, lambda_1=16.00000
S=+0.05172  theta=1.012764  P(n)=0 n^2 + 1032 n + 516,  c=-64, r=0,  p=2, sigma=5.920, k=2, lambda_1=8.00000
S=+0.05172  theta=1.012764  P(n)=0 n^2 + 1016 n + 508,  c=-64, r=0,  p=2, sigma=5.920, k=2, lambda_1=8.00000
S=+0.05172  theta=1.012764  P(n)=0 n^2 + 1008 n + 504,  c=-256, r=0,  p=2, sigma=5.920, k=2, lambda_1=16.00000
S=+0.05172  theta=1.012764  P(n)=0 n^2 + 1000 n + 500,  c=-64, r=0,  p=2, sigma=5.920, k=2, lambda_1=8.00000
S=+0.05172  theta=1.012764  P(n)=0 n^2 + 984 n + 492,  c=-64, r=0,  p=2, sigma=5.920, k=2, lambda_1=8.00000
S=+0.05172  theta=1.012764  P(n)=0 n^2 + 976 n + 488,  c=-256, r=0,  p=2, sigma=5.920, k=2, lambda_1=16.00000
S=+0.05172  theta=1.012764  P(n)=0 n^2 + 968 n + 484,  c=-64, r=0,  p=2, sigma=5.920, k=2, lambda_1=8.00000
S=+0.05172  theta=1.012764  P(n)=0 n^2 + 952 n + 476,  c=-64, r=0,  p=2, sigma=5.920, k=2, lambda_1=8.00000
S=+0.05172  theta=1.012764  P(n)=0 n^2 + 944 n + 472,  c=-256, r=0,  p=2, sigma=5.920, k=2, lambda_1=16.00000
S=+0.05172  theta=1.012764  P(n)=0 n^2 + 936 n + 468,  c=-64, r=0,  p=2, sigma=5.920, k=2, lambda_1=8.00000
S=+0.05172  theta=1.012764  P(n)=0 n^2 + 920 n + 460,  c=-64, r=0,  p=2, sigma=5.920, k=2, lambda_1=8.00000
S=+0.05172  theta=1.012764  P(n)=0 n^2 + 912 n + 456,  c=-256, r=0,  p=2, sigma=5.920, k=2, lambda_1=16.00000
S=+0.05172  theta=1.012764  P(n)=0 n^2 + 904 n + 452,  c=-64, r=0,  p=2, sigma=5.920, k=2, lambda_1=8.00000
S=+0.05172  theta=1.012764  P(n)=0 n^2 + 888 n + 444,  c=-64, r=0,  p=2, sigma=5.920, k=2, lambda_1=8.00000
S=+0.05172  theta=1.012764  P(n)=0 n^2 + 880 n + 440,  c=-256, r=0,  p=2, sigma=5.920, k=2, lambda_1=16.00000
S=+0.05172  theta=1.012764  P(n)=0 n^2 + 872 n + 436,  c=-64, r=0,  p=2, sigma=5.920, k=2, lambda_1=8.00000
S=+0.05172  theta=1.012764  P(n)=0 n^2 + 856 n + 428,  c=-64, r=0,  p=2, sigma=5.920, k=2, lambda_1=8.00000
S=+0.05172  theta=1.012764  P(n)=0 n^2 + 848 n + 424,  c=-256, r=0,  p=2, sigma=5.920, k=2, lambda_1=16.00000
S=+0.05172  theta=1.012764  P(n)=0 n^2 + 840 n + 420,  c=-64, r=0,  p=2, sigma=5.920, k=2, lambda_1=8.00000
S=+0.05172  theta=1.012764  P(n)=0 n^2 + 824 n + 412,  c=-64, r=0,  p=2, sigma=5.920, k=2, lambda_1=8.00000
S=+0.05172  theta=1.012764  P(n)=0 n^2 + 816 n + 408,  c=-256, r=0,  p=2, sigma=5.920, k=2, lambda_1=16.00000
S=+0.05172  theta=1.012764  P(n)=0 n^2 + 808 n + 404,  c=-64, r=0,  p=2, sigma=5.920, k=2, lambda_1=8.00000
S=+0.05172  theta=1.012764  P(n)=0 n^2 + 792 n + 396,  c=-64, r=0,  p=2, sigma=5.920, k=2, lambda_1=8.00000
S=+0.05172  theta=1.012764  P(n)=0 n^2 + 784 n + 392,  c=-256, r=0,  p=2, sigma=5.920, k=2, lambda_1=16.00000
S=+0.05172  theta=1.012764  P(n)=0 n^2 + 776 n + 388,  c=-64, r=0,  p=2, sigma=5.920, k=2, lambda_1=8.00000
S=+0.05172  theta=1.012764  P(n)=0 n^2 + 760 n + 380,  c=-64, r=0,  p=2, sigma=5.920, k=2, lambda_1=8.00000
S=+0.05172  theta=1.012764  P(n)=0 n^2 + 752 n + 376,  c=-256, r=0,  p=2, sigma=5.920, k=2, lambda_1=16.00000
S=+0.05172  theta=1.012764  P(n)=0 n^2 + 744 n + 372,  c=-64, r=0,  p=2, sigma=5.920, k=2, lambda_1=8.00000
S=+0.05172  theta=1.012764  P(n)=0 n^2 + 728 n + 364,  c=-64, r=0,  p=2, sigma=5.920, k=2, lambda_1=8.00000
S=+0.05172  theta=1.012764  P(n)=0 n^2 + 720 n + 360,  c=-256, r=0,  p=2, sigma=5.920, k=2, lambda_1=16.00000
S=+0.05172  theta=1.012764  P(n)=0 n^2 + 712 n + 356,  c=-64, r=0,  p=2, sigma=5.920, k=2, lambda_1=8.00000
S=+0.05172  theta=1.012764  P(n)=0 n^2 + 696 n + 348,  c=-64, r=0,  p=2, sigma=5.920, k=2, lambda_1=8.00000
S=+0.05172  theta=1.012764  P(n)=0 n^2 + 688 n + 344,  c=-256, r=0,  p=2, sigma=5.920, k=2, lambda_1=16.00000
S=+0.05172  theta=1.012764  P(n)=0 n^2 + 680 n + 340,  c=-64, r=0,  p=2, sigma=5.920, k=2, lambda_1=8.00000
S=+0.05172  theta=1.012764  P(n)=0 n^2 + 664 n + 332,  c=-64, r=0,  p=2, sigma=5.920, k=2, lambda_1=8.00000
S=+0.05172  theta=1.012764  P(n)=0 n^2 + 656 n + 328,  c=-256, r=0,  p=2, sigma=5.920, k=2, lambda_1=16.00000
S=+0.05172  theta=1.012764  P(n)=0 n^2 + 648 n + 324,  c=-64, r=0,  p=2, sigma=5.920, k=2, lambda_1=8.00000
S=+0.05172  theta=1.012764  P(n)=0 n^2 + 632 n + 316,  c=-64, r=0,  p=2, sigma=5.920, k=2, lambda_1=8.00000
S=+0.05172  theta=1.012764  P(n)=0 n^2 + 624 n + 312,  c=-256, r=0,  p=2, sigma=5.920, k=2, lambda_1=16.00000
S=+0.05172  theta=1.012764  P(n)=0 n^2 + 616 n + 308,  c=-64, r=0,  p=2, sigma=5.920, k=2, lambda_1=8.00000
S=+0.05172  theta=1.012764  P(n)=0 n^2 + 600 n + 300,  c=-64, r=0,  p=2, sigma=5.920, k=2, lambda_1=8.00000
S=+0.05172  theta=1.012764  P(n)=0 n^2 + 592 n + 296,  c=-256, r=0,  p=2, sigma=5.920, k=2, lambda_1=16.00000
S=+0.05172  theta=1.012764  P(n)=0 n^2 + 584 n + 292,  c=-64, r=0,  p=2, sigma=5.920, k=2, lambda_1=8.00000
S=+0.05172  theta=1.012764  P(n)=0 n^2 + 568 n + 284,  c=-64, r=0,  p=2, sigma=5.920, k=2, lambda_1=8.00000
S=+0.05172  theta=1.012764  P(n)=0 n^2 + 560 n + 280,  c=-256, r=0,  p=2, sigma=5.920, k=2, lambda_1=16.00000
S=+0.05172  theta=1.012764  P(n)=0 n^2 + 552 n + 276,  c=-64, r=0,  p=2, sigma=5.920, k=2, lambda_1=8.00000
S=+0.05172  theta=1.012764  P(n)=0 n^2 + 536 n + 268,  c=-64, r=0,  p=2, sigma=5.920, k=2, lambda_1=8.00000
S=+0.05172  theta=1.012764  P(n)=0 n^2 + 528 n + 264,  c=-256, r=0,  p=2, sigma=5.920, k=2, lambda_1=16.00000
S=+0.05172  theta=1.012764  P(n)=0 n^2 + 520 n + 260,  c=-64, r=0,  p=2, sigma=5.920, k=2, lambda_1=8.00000
S=+0.05172  theta=1.012764  P(n)=0 n^2 + 504 n + 252,  c=-64, r=0,  p=2, sigma=5.920, k=2, lambda_1=8.00000
S=+0.05172  theta=1.012764  P(n)=0 n^2 + 496 n + 248,  c=-256, r=0,  p=2, sigma=5.920, k=2, lambda_1=16.00000
S=+0.05172  theta=1.012764  P(n)=0 n^2 + 488 n + 244,  c=-64, r=0,  p=2, sigma=5.920, k=2, lambda_1=8.00000
S=+0.05172  theta=1.012764  P(n)=0 n^2 + 472 n + 236,  c=-64, r=0,  p=2, sigma=5.920, k=2, lambda_1=8.00000
S=+0.05172  theta=1.012764  P(n)=0 n^2 + 464 n + 232,  c=-256, r=0,  p=2, sigma=5.920, k=2, lambda_1=16.00000
S=+0.05172  theta=1.012764  P(n)=0 n^2 + 456 n + 228,  c=-64, r=0,  p=2, sigma=5.920, k=2, lambda_1=8.00000
S=+0.05172  theta=1.012764  P(n)=0 n^2 + 440 n + 220,  c=-64, r=0,  p=2, sigma=5.920, k=2, lambda_1=8.00000
S=+0.05172  theta=1.012764  P(n)=0 n^2 + 432 n + 216,  c=-256, r=0,  p=2, sigma=5.920, k=2, lambda_1=16.00000
S=+0.05172  theta=1.012764  P(n)=0 n^2 + 424 n + 212,  c=-64, r=0,  p=2, sigma=5.920, k=2, lambda_1=8.00000
S=+0.05172  theta=1.012764  P(n)=0 n^2 + 408 n + 204,  c=-64, r=0,  p=2, sigma=5.920, k=2, lambda_1=8.00000
S=+0.05172  theta=1.012764  P(n)=0 n^2 + 400 n + 200,  c=-256, r=0,  p=2, sigma=5.920, k=2, lambda_1=16.00000
S=+0.05172  theta=1.012764  P(n)=0 n^2 + 392 n + 196,  c=-64, r=0,  p=2, sigma=5.920, k=2, lambda_1=8.00000
S=+0.05172  theta=1.012764  P(n)=0 n^2 + 376 n + 188,  c=-64, r=0,  p=2, sigma=5.920, k=2, lambda_1=8.00000
S=+0.05172  theta=1.012764  P(n)=0 n^2 + 368 n + 184,  c=-256, r=0,  p=2, sigma=5.920, k=2, lambda_1=16.00000
S=+0.05172  theta=1.012764  P(n)=0 n^2 + 360 n + 180,  c=-64, r=0,  p=2, sigma=5.920, k=2, lambda_1=8.00000
S=+0.05172  theta=1.012764  P(n)=0 n^2 + 344 n + 172,  c=-64, r=0,  p=2, sigma=5.920, k=2, lambda_1=8.00000
S=+0.05172  theta=1.012764  P(n)=0 n^2 + 336 n + 168,  c=-256, r=0,  p=2, sigma=5.920, k=2, lambda_1=16.00000
S=+0.05172  theta=1.012764  P(n)=0 n^2 + 328 n + 164,  c=-64, r=0,  p=2, sigma=5.920, k=2, lambda_1=8.00000
S=+0.05172  theta=1.012764  P(n)=0 n^2 + 312 n + 156,  c=-64, r=0,  p=2, sigma=5.920, k=2, lambda_1=8.00000
S=+0.05172  theta=1.012764  P(n)=0 n^2 + 304 n + 152,  c=-256, r=0,  p=2, sigma=5.920, k=2, lambda_1=16.00000
S=+0.05172  theta=1.012764  P(n)=0 n^2 + 296 n + 148,  c=-64, r=0,  p=2, sigma=5.920, k=2, lambda_1=8.00000
S=+0.05172  theta=1.012764  P(n)=0 n^2 + 280 n + 140,  c=-64, r=0,  p=2, sigma=5.920, k=2, lambda_1=8.00000
S=+0.05172  theta=1.012764  P(n)=0 n^2 + 272 n + 136,  c=-256, r=0,  p=2, sigma=5.920, k=2, lambda_1=16.00000
S=+0.05172  theta=1.012764  P(n)=0 n^2 + 264 n + 132,  c=-64, r=0,  p=2, sigma=5.920, k=2, lambda_1=8.00000
S=+0.05172  theta=1.012764  P(n)=0 n^2 + 248 n + 124,  c=-64, r=0,  p=2, sigma=5.920, k=2, lambda_1=8.00000
S=+0.05172  theta=1.012764  P(n)=0 n^2 + 240 n + 120,  c=-256, r=0,  p=2, sigma=5.920, k=2, lambda_1=16.00000
S=+0.05172  theta=1.012764  P(n)=0 n^2 + 232 n + 116,  c=-64, r=0,  p=2, sigma=5.920, k=2, lambda_1=8.00000
S=+0.05172  theta=1.012764  P(n)=0 n^2 + 216 n + 108,  c=-64, r=0,  p=2, sigma=5.920, k=2, lambda_1=8.00000
S=+0.05172  theta=1.012764  P(n)=0 n^2 + 208 n + 104,  c=-256, r=0,  p=2, sigma=5.920, k=2, lambda_1=16.00000
S=+0.05172  theta=1.012764  P(n)=0 n^2 + 200 n + 100,  c=-64, r=0,  p=2, sigma=5.920, k=2, lambda_1=8.00000
S=+0.05172  theta=1.012764  P(n)=0 n^2 + 184 n + 92,  c=-64, r=0,  p=2, sigma=5.920, k=2, lambda_1=8.00000
S=+0.05172  theta=1.012764  P(n)=0 n^2 + 176 n + 88,  c=-256, r=0,  p=2, sigma=5.920, k=2, lambda_1=16.00000
S=+0.05172  theta=1.012764  P(n)=0 n^2 + 168 n + 84,  c=-64, r=0,  p=2, sigma=5.920, k=2, lambda_1=8.00000
S=+0.05172  theta=1.012764  P(n)=0 n^2 + 152 n + 76,  c=-64, r=0,  p=2, sigma=5.920, k=2, lambda_1=8.00000
S=+0.05172  theta=1.012764  P(n)=0 n^2 + 144 n + 72,  c=-256, r=0,  p=2, sigma=5.920, k=2, lambda_1=16.00000
S=+0.05172  theta=1.012764  P(n)=0 n^2 + 136 n + 68,  c=-64, r=0,  p=2, sigma=5.920, k=2, lambda_1=8.00000
S=+0.05172  theta=1.012764  P(n)=0 n^2 + 120 n + 60,  c=-64, r=0,  p=2, sigma=5.920, k=2, lambda_1=8.00000
S=+0.05172  theta=1.012764  P(n)=0 n^2 + 112 n + 56,  c=-256, r=0,  p=2, sigma=5.920, k=2, lambda_1=16.00000
S=+0.05172  theta=1.012764  P(n)=0 n^2 + 104 n + 52,  c=-64, r=0,  p=2, sigma=5.920, k=2, lambda_1=8.00000
S=+0.05172  theta=1.012764  P(n)=0 n^2 + 88 n + 44,  c=-64, r=0,  p=2, sigma=5.920, k=2, lambda_1=8.00000
S=+0.05172  theta=1.012764  P(n)=0 n^2 + 80 n + 40,  c=-256, r=0,  p=2, sigma=5.920, k=2, lambda_1=16.00000
S=+0.05172  theta=1.012764  P(n)=0 n^2 + 72 n + 36,  c=-64, r=0,  p=2, sigma=5.920, k=2, lambda_1=8.00000
S=+0.05172  theta=1.012764  P(n)=0 n^2 + 56 n + 28,  c=-64, r=0,  p=2, sigma=5.920, k=2, lambda_1=8.00000
S=+0.05172  theta=1.012764  P(n)=0 n^2 + 48 n + 24,  c=-256, r=0,  p=2, sigma=5.920, k=2, lambda_1=16.00000
S=+0.05172  theta=1.012764  P(n)=0 n^2 + 40 n + 20,  c=-64, r=0,  p=2, sigma=5.920, k=2, lambda_1=8.00000
S=+0.05172  theta=1.012764  P(n)=0 n^2 + 24 n + 12,  c=-64, r=0,  p=2, sigma=5.920, k=2, lambda_1=8.00000
S=+0.05172  theta=1.012764  P(n)=0 n^2 + 16 n + 8,  c=-256, r=0,  p=2, sigma=5.920, k=2, lambda_1=16.00000
S=+0.05172  theta=1.012764  P(n)=0 n^2 + 8 n + 4,  c=-64, r=0,  p=2, sigma=5.920, k=2, lambda_1=8.00000
S=+0.05172  theta=1.012764  P(n)=0 n^2 + -8 n + 4,  c=-64, r=2,  p=2, sigma=5.920, k=2, lambda_1=8.00000
S=+0.05172  theta=1.012764  P(n)=0 n^2 + -16 n + 8,  c=-256, r=2,  p=2, sigma=5.920, k=2, lambda_1=16.00000
S=+0.05172  theta=1.012764  P(n)=0 n^2 + -24 n + 12,  c=-64, r=2,  p=2, sigma=5.920, k=2, lambda_1=8.00000
S=+0.05172  theta=1.012764  P(n)=0 n^2 + -40 n + 20,  c=-64, r=2,  p=2, sigma=5.920, k=2, lambda_1=8.00000
S=+0.05172  theta=1.012764  P(n)=0 n^2 + -48 n + 24,  c=-256, r=2,  p=2, sigma=5.920, k=2, lambda_1=16.00000
S=+0.05172  theta=1.012764  P(n)=0 n^2 + -56 n + 28,  c=-64, r=2,  p=2, sigma=5.920, k=2, lambda_1=8.00000
S=+0.05172  theta=1.012764  P(n)=0 n^2 + -72 n + 36,  c=-64, r=2,  p=2, sigma=5.920, k=2, lambda_1=8.00000
S=+0.05172  theta=1.012764  P(n)=0 n^2 + -80 n + 40,  c=-256, r=2,  p=2, sigma=5.920, k=2, lambda_1=16.00000
S=+0.05172  theta=1.012764  P(n)=0 n^2 + -88 n + 44,  c=-64, r=2,  p=2, sigma=5.920, k=2, lambda_1=8.00000
S=+0.05172  theta=1.012764  P(n)=0 n^2 + -104 n + 52,  c=-64, r=2,  p=2, sigma=5.920, k=2, lambda_1=8.00000
S=+0.05172  theta=1.012764  P(n)=0 n^2 + -112 n + 56,  c=-256, r=2,  p=2, sigma=5.920, k=2, lambda_1=16.00000
S=+0.05172  theta=1.012764  P(n)=0 n^2 + -120 n + 60,  c=-64, r=2,  p=2, sigma=5.920, k=2, lambda_1=8.00000
S=+0.05172  theta=1.012764  P(n)=0 n^2 + -136 n + 68,  c=-64, r=2,  p=2, sigma=5.920, k=2, lambda_1=8.00000
S=+0.05172  theta=1.012764  P(n)=0 n^2 + -144 n + 72,  c=-256, r=2,  p=2, sigma=5.920, k=2, lambda_1=16.00000
S=+0.05172  theta=1.012764  P(n)=0 n^2 + -152 n + 76,  c=-64, r=2,  p=2, sigma=5.920, k=2, lambda_1=8.00000
S=+0.05172  theta=1.012764  P(n)=0 n^2 + -168 n + 84,  c=-64, r=2,  p=2, sigma=5.920, k=2, lambda_1=8.00000
S=+0.05172  theta=1.012764  P(n)=0 n^2 + -176 n + 88,  c=-256, r=2,  p=2, sigma=5.920, k=2, lambda_1=16.00000
S=+0.05172  theta=1.012764  P(n)=0 n^2 + -184 n + 92,  c=-64, r=2,  p=2, sigma=5.920, k=2, lambda_1=8.00000
S=+0.05172  theta=1.012764  P(n)=0 n^2 + -200 n + 100,  c=-64, r=2,  p=2, sigma=5.920, k=2, lambda_1=8.00000
S=+0.05172  theta=1.012764  P(n)=0 n^2 + -208 n + 104,  c=-256, r=2,  p=2, sigma=5.920, k=2, lambda_1=16.00000
S=+0.05172  theta=1.012764  P(n)=0 n^2 + -216 n + 108,  c=-64, r=2,  p=2, sigma=5.920, k=2, lambda_1=8.00000
S=+0.05172  theta=1.012764  P(n)=0 n^2 + -232 n + 116,  c=-64, r=2,  p=2, sigma=5.920, k=2, lambda_1=8.00000
S=+0.05172  theta=1.012764  P(n)=0 n^2 + -240 n + 120,  c=-256, r=2,  p=2, sigma=5.920, k=2, lambda_1=16.00000
S=+0.05172  theta=1.012764  P(n)=0 n^2 + -248 n + 124,  c=-64, r=2,  p=2, sigma=5.920, k=2, lambda_1=8.00000
S=+0.05172  theta=1.012764  P(n)=0 n^2 + -264 n + 132,  c=-64, r=2,  p=2, sigma=5.920, k=2, lambda_1=8.00000
S=+0.05172  theta=1.012764  P(n)=0 n^2 + -272 n + 136,  c=-256, r=2,  p=2, sigma=5.920, k=2, lambda_1=16.00000
S=+0.05172  theta=1.012764  P(n)=0 n^2 + -280 n + 140,  c=-64, r=2,  p=2, sigma=5.920, k=2, lambda_1=8.00000
S=+0.05172  theta=1.012764  P(n)=0 n^2 + -296 n + 148,  c=-64, r=2,  p=2, sigma=5.920, k=2, lambda_1=8.00000
S=+0.05172  theta=1.012764  P(n)=0 n^2 + -304 n + 152,  c=-256, r=2,  p=2, sigma=5.920, k=2, lambda_1=16.00000
S=+0.05172  theta=1.012764  P(n)=0 n^2 + -312 n + 156,  c=-64, r=2,  p=2, sigma=5.920, k=2, lambda_1=8.00000
S=+0.05172  theta=1.012764  P(n)=0 n^2 + -328 n + 164,  c=-64, r=2,  p=2, sigma=5.920, k=2, lambda_1=8.00000
S=+0.05172  theta=1.012764  P(n)=0 n^2 + -336 n + 168,  c=-256, r=2,  p=2, sigma=5.920, k=2, lambda_1=16.00000
S=+0.05172  theta=1.012764  P(n)=0 n^2 + -344 n + 172,  c=-64, r=2,  p=2, sigma=5.920, k=2, lambda_1=8.00000
S=+0.05172  theta=1.012764  P(n)=0 n^2 + -360 n + 180,  c=-64, r=2,  p=2, sigma=5.920, k=2, lambda_1=8.00000
S=+0.05172  theta=1.012764  P(n)=0 n^2 + -368 n + 184,  c=-256, r=2,  p=2, sigma=5.920, k=2, lambda_1=16.00000
S=+0.05172  theta=1.012764  P(n)=0 n^2 + -376 n + 188,  c=-64, r=2,  p=2, sigma=5.920, k=2, lambda_1=8.00000
S=+0.05172  theta=1.012764  P(n)=0 n^2 + -392 n + 196,  c=-64, r=2,  p=2, sigma=5.920, k=2, lambda_1=8.00000
S=+0.05172  theta=1.012764  P(n)=0 n^2 + -400 n + 200,  c=-256, r=2,  p=2, sigma=5.920, k=2, lambda_1=16.00000
S=+0.05172  theta=1.012764  P(n)=0 n^2 + -408 n + 204,  c=-64, r=2,  p=2, sigma=5.920, k=2, lambda_1=8.00000
S=+0.05172  theta=1.012764  P(n)=0 n^2 + -424 n + 212,  c=-64, r=2,  p=2, sigma=5.920, k=2, lambda_1=8.00000
S=+0.05172  theta=1.012764  P(n)=0 n^2 + -432 n + 216,  c=-256, r=2,  p=2, sigma=5.920, k=2, lambda_1=16.00000
S=+0.05172  theta=1.012764  P(n)=0 n^2 + -440 n + 220,  c=-64, r=2,  p=2, sigma=5.920, k=2, lambda_1=8.00000
S=+0.05172  theta=1.012764  P(n)=0 n^2 + -456 n + 228,  c=-64, r=2,  p=2, sigma=5.920, k=2, lambda_1=8.00000
S=+0.05172  theta=1.012764  P(n)=0 n^2 + -464 n + 232,  c=-256, r=2,  p=2, sigma=5.920, k=2, lambda_1=16.00000
S=+0.05172  theta=1.012764  P(n)=0 n^2 + -472 n + 236,  c=-64, r=2,  p=2, sigma=5.920, k=2, lambda_1=8.00000
S=+0.05172  theta=1.012764  P(n)=0 n^2 + -488 n + 244,  c=-64, r=2,  p=2, sigma=5.920, k=2, lambda_1=8.00000
S=+0.05172  theta=1.012764  P(n)=0 n^2 + -496 n + 248,  c=-256, r=2,  p=2, sigma=5.920, k=2, lambda_1=16.00000
S=+0.05172  theta=1.012764  P(n)=0 n^2 + -504 n + 252,  c=-64, r=2,  p=2, sigma=5.920, k=2, lambda_1=8.00000
S=+0.05172  theta=1.012764  P(n)=0 n^2 + -520 n + 260,  c=-64, r=2,  p=2, sigma=5.920, k=2, lambda_1=8.00000
S=+0.05172  theta=1.012764  P(n)=0 n^2 + -528 n + 264,  c=-256, r=2,  p=2, sigma=5.920, k=2, lambda_1=16.00000
S=+0.05172  theta=1.012764  P(n)=0 n^2 + -536 n + 268,  c=-64, r=2,  p=2, sigma=5.920, k=2, lambda_1=8.00000
S=+0.05172  theta=1.012764  P(n)=0 n^2 + -552 n + 276,  c=-64, r=2,  p=2, sigma=5.920, k=2, lambda_1=8.00000
S=+0.05172  theta=1.012764  P(n)=0 n^2 + -560 n + 280,  c=-256, r=2,  p=2, sigma=5.920, k=2, lambda_1=16.00000
S=+0.05172  theta=1.012764  P(n)=0 n^2 + -568 n + 284,  c=-64, r=2,  p=2, sigma=5.920, k=2, lambda_1=8.00000
S=+0.05172  theta=1.012764  P(n)=0 n^2 + -584 n + 292,  c=-64, r=2,  p=2, sigma=5.920, k=2, lambda_1=8.00000
S=+0.05172  theta=1.012764  P(n)=0 n^2 + -592 n + 296,  c=-256, r=2,  p=2, sigma=5.920, k=2, lambda_1=16.00000
S=+0.05172  theta=1.012764  P(n)=0 n^2 + -600 n + 300,  c=-64, r=2,  p=2, sigma=5.920, k=2, lambda_1=8.00000
S=+0.05172  theta=1.012764  P(n)=0 n^2 + -616 n + 308,  c=-64, r=2,  p=2, sigma=5.920, k=2, lambda_1=8.00000
S=+0.05172  theta=1.012764  P(n)=0 n^2 + -624 n + 312,  c=-256, r=2,  p=2, sigma=5.920, k=2, lambda_1=16.00000
S=+0.05172  theta=1.012764  P(n)=0 n^2 + -632 n + 316,  c=-64, r=2,  p=2, sigma=5.920, k=2, lambda_1=8.00000
S=+0.05172  theta=1.012764  P(n)=0 n^2 + -648 n + 324,  c=-64, r=2,  p=2, sigma=5.920, k=2, lambda_1=8.00000
S=+0.05172  theta=1.012764  P(n)=0 n^2 + -656 n + 328,  c=-256, r=2,  p=2, sigma=5.920, k=2, lambda_1=16.00000
S=+0.05172  theta=1.012764  P(n)=0 n^2 + -664 n + 332,  c=-64, r=2,  p=2, sigma=5.920, k=2, lambda_1=8.00000
S=+0.05172  theta=1.012764  P(n)=0 n^2 + -680 n + 340,  c=-64, r=2,  p=2, sigma=5.920, k=2, lambda_1=8.00000
S=+0.05172  theta=1.012764  P(n)=0 n^2 + -688 n + 344,  c=-256, r=2,  p=2, sigma=5.920, k=2, lambda_1=16.00000
S=+0.05172  theta=1.012764  P(n)=0 n^2 + -696 n + 348,  c=-64, r=2,  p=2, sigma=5.920, k=2, lambda_1=8.00000
S=+0.05172  theta=1.012764  P(n)=0 n^2 + -712 n + 356,  c=-64, r=2,  p=2, sigma=5.920, k=2, lambda_1=8.00000
S=+0.05172  theta=1.012764  P(n)=0 n^2 + -720 n + 360,  c=-256, r=2,  p=2, sigma=5.920, k=2, lambda_1=16.00000
S=+0.05172  theta=1.012764  P(n)=0 n^2 + -728 n + 364,  c=-64, r=2,  p=2, sigma=5.920, k=2, lambda_1=8.00000
S=+0.05172  theta=1.012764  P(n)=0 n^2 + -744 n + 372,  c=-64, r=2,  p=2, sigma=5.920, k=2, lambda_1=8.00000
S=+0.05172  theta=1.012764  P(n)=0 n^2 + -752 n + 376,  c=-256, r=2,  p=2, sigma=5.920, k=2, lambda_1=16.00000
S=+0.05172  theta=1.012764  P(n)=0 n^2 + -760 n + 380,  c=-64, r=2,  p=2, sigma=5.920, k=2, lambda_1=8.00000
S=+0.05172  theta=1.012764  P(n)=0 n^2 + -776 n + 388,  c=-64, r=2,  p=2, sigma=5.920, k=2, lambda_1=8.00000
S=+0.05172  theta=1.012764  P(n)=0 n^2 + -784 n + 392,  c=-256, r=2,  p=2, sigma=5.920, k=2, lambda_1=16.00000
S=+0.05172  theta=1.012764  P(n)=0 n^2 + -792 n + 396,  c=-64, r=2,  p=2, sigma=5.920, k=2, lambda_1=8.00000
S=+0.05172  theta=1.012764  P(n)=0 n^2 + -808 n + 404,  c=-64, r=2,  p=2, sigma=5.920, k=2, lambda_1=8.00000
S=+0.05172  theta=1.012764  P(n)=0 n^2 + -816 n + 408,  c=-256, r=2,  p=2, sigma=5.920, k=2, lambda_1=16.00000
S=+0.05172  theta=1.012764  P(n)=0 n^2 + -824 n + 412,  c=-64, r=2,  p=2, sigma=5.920, k=2, lambda_1=8.00000
S=+0.05172  theta=1.012764  P(n)=0 n^2 + -840 n + 420,  c=-64, r=2,  p=2, sigma=5.920, k=2, lambda_1=8.00000
S=+0.05172  theta=1.012764  P(n)=0 n^2 + -848 n + 424,  c=-256, r=2,  p=2, sigma=5.920, k=2, lambda_1=16.00000
S=+0.05172  theta=1.012764  P(n)=0 n^2 + -856 n + 428,  c=-64, r=2,  p=2, sigma=5.920, k=2, lambda_1=8.00000
S=+0.05172  theta=1.012764  P(n)=0 n^2 + -872 n + 436,  c=-64, r=2,  p=2, sigma=5.920, k=2, lambda_1=8.00000
S=+0.05172  theta=1.012764  P(n)=0 n^2 + -880 n + 440,  c=-256, r=2,  p=2, sigma=5.920, k=2, lambda_1=16.00000
S=+0.05172  theta=1.012764  P(n)=0 n^2 + -888 n + 444,  c=-64, r=2,  p=2, sigma=5.920, k=2, lambda_1=8.00000
S=+0.05172  theta=1.012764  P(n)=0 n^2 + -904 n + 452,  c=-64, r=2,  p=2, sigma=5.920, k=2, lambda_1=8.00000
S=+0.05172  theta=1.012764  P(n)=0 n^2 + -912 n + 456,  c=-256, r=2,  p=2, sigma=5.920, k=2, lambda_1=16.00000
S=+0.05172  theta=1.012764  P(n)=0 n^2 + -920 n + 460,  c=-64, r=2,  p=2, sigma=5.920, k=2, lambda_1=8.00000
S=+0.05172  theta=1.012764  P(n)=0 n^2 + -936 n + 468,  c=-64, r=2,  p=2, sigma=5.920, k=2, lambda_1=8.00000
S=+0.05172  theta=1.012764  P(n)=0 n^2 + -944 n + 472,  c=-256, r=2,  p=2, sigma=5.920, k=2, lambda_1=16.00000
S=+0.05172  theta=1.012764  P(n)=0 n^2 + -952 n + 476,  c=-64, r=2,  p=2, sigma=5.920, k=2, lambda_1=8.00000
S=+0.05172  theta=1.012764  P(n)=0 n^2 + -968 n + 484,  c=-64, r=2,  p=2, sigma=5.920, k=2, lambda_1=8.00000
S=+0.05172  theta=1.012764  P(n)=0 n^2 + -976 n + 488,  c=-256, r=2,  p=2, sigma=5.920, k=2, lambda_1=16.00000
S=+0.05172  theta=1.012764  P(n)=0 n^2 + -984 n + 492,  c=-64, r=2,  p=2, sigma=5.920, k=2, lambda_1=8.00000
S=+0.05172  theta=1.012764  P(n)=0 n^2 + -1000 n + 500,  c=-64, r=2,  p=2, sigma=5.920, k=2, lambda_1=8.00000
S=+0.05172  theta=1.012764  P(n)=0 n^2 + -1008 n + 504,  c=-256, r=2,  p=2, sigma=5.920, k=2, lambda_1=16.00000
S=+0.05172  theta=1.012764  P(n)=0 n^2 + -1016 n + 508,  c=-64, r=2,  p=2, sigma=5.920, k=2, lambda_1=8.00000
S=+0.05172  theta=1.012764  P(n)=0 n^2 + -1032 n + 516,  c=-64, r=2,  p=2, sigma=5.920, k=2, lambda_1=8.00000
S=+0.05172  theta=1.012764  P(n)=0 n^2 + -1040 n + 520,  c=-256, r=2,  p=2, sigma=5.920, k=2, lambda_1=16.00000
S=+0.05172  theta=1.012764  P(n)=0 n^2 + -1048 n + 524,  c=-64, r=2,  p=2, sigma=5.920, k=2, lambda_1=8.00000
S=+0.05172  theta=1.012764  P(n)=0 n^2 + -1064 n + 532,  c=-64, r=2,  p=2, sigma=5.920, k=2, lambda_1=8.00000
S=+0.05172  theta=1.012764  P(n)=0 n^2 + -1072 n + 536,  c=-256, r=2,  p=2, sigma=5.920, k=2, lambda_1=16.00000
S=+0.05172  theta=1.012764  P(n)=0 n^2 + -1080 n + 540,  c=-64, r=2,  p=2, sigma=5.920, k=2, lambda_1=8.00000
S=+0.05172  theta=1.012764  P(n)=0 n^2 + -1096 n + 548,  c=-64, r=2,  p=2, sigma=5.920, k=2, lambda_1=8.00000
S=+0.05172  theta=1.012764  P(n)=0 n^2 + -1104 n + 552,  c=-256, r=2,  p=2, sigma=5.920, k=2, lambda_1=16.00000
S=+0.05172  theta=1.012764  P(n)=0 n^2 + -1112 n + 556,  c=-64, r=2,  p=2, sigma=5.920, k=2, lambda_1=8.00000
S=+0.05172  theta=1.012764  P(n)=0 n^2 + -1128 n + 564,  c=-64, r=2,  p=2, sigma=5.920, k=2, lambda_1=8.00000
S=+0.05172  theta=1.012764  P(n)=0 n^2 + -1136 n + 568,  c=-256, r=2,  p=2, sigma=5.920, k=2, lambda_1=16.00000
S=+0.05172  theta=1.012764  P(n)=0 n^2 + -1144 n + 572,  c=-64, r=2,  p=2, sigma=5.920, k=2, lambda_1=8.00000
S=+0.05172  theta=1.012764  P(n)=0 n^2 + -1160 n + 580,  c=-64, r=2,  p=2, sigma=5.920, k=2, lambda_1=8.00000
S=+0.05172  theta=1.012764  P(n)=0 n^2 + -1168 n + 584,  c=-256, r=2,  p=2, sigma=5.920, k=2, lambda_1=16.00000
S=+0.05172  theta=1.012764  P(n)=0 n^2 + -1176 n + 588,  c=-64, r=2,  p=2, sigma=5.920, k=2, lambda_1=8.00000
S=+0.05172  theta=1.012764  P(n)=0 n^2 + -1192 n + 596,  c=-64, r=2,  p=2, sigma=5.920, k=2, lambda_1=8.00000
S=+0.05172  theta=1.012764  P(n)=0 n^2 + -1200 n + 600,  c=-256, r=2,  p=2, sigma=5.920, k=2, lambda_1=16.00000
S=+0.05172  theta=1.012764  P(n)=0 n^2 + -1208 n + 604,  c=-64, r=2,  p=2, sigma=5.920, k=2, lambda_1=8.00000
S=+0.05172  theta=1.012764  P(n)=0 n^2 + -1224 n + 612,  c=-64, r=2,  p=2, sigma=5.920, k=2, lambda_1=8.00000
S=+0.05172  theta=1.012764  P(n)=0 n^2 + -1232 n + 616,  c=-256, r=2,  p=2, sigma=5.920, k=2, lambda_1=16.00000
S=+0.05172  theta=1.012764  P(n)=0 n^2 + -1240 n + 620,  c=-64, r=2,  p=2, sigma=5.920, k=2, lambda_1=8.00000
S=+0.05172  theta=1.012764  P(n)=0 n^2 + -1256 n + 628,  c=-64, r=2,  p=2, sigma=5.920, k=2, lambda_1=8.00000
S=+0.05172  theta=1.012764  P(n)=0 n^2 + -1264 n + 632,  c=-256, r=2,  p=2, sigma=5.920, k=2, lambda_1=16.00000
S=+0.05172  theta=1.012764  P(n)=0 n^2 + -1272 n + 636,  c=-64, r=2,  p=2, sigma=5.920, k=2, lambda_1=8.00000
S=+0.05172  theta=1.012764  P(n)=0 n^2 + -1288 n + 644,  c=-64, r=2,  p=2, sigma=5.920, k=2, lambda_1=8.00000
S=+0.05172  theta=1.012764  P(n)=0 n^2 + -1296 n + 648,  c=-256, r=2,  p=2, sigma=5.920, k=2, lambda_1=16.00000
S=+0.05172  theta=1.012764  P(n)=0 n^2 + -1304 n + 652,  c=-64, r=2,  p=2, sigma=5.920, k=2, lambda_1=8.00000
S=+0.05172  theta=1.012764  P(n)=0 n^2 + -1320 n + 660,  c=-64, r=2,  p=2, sigma=5.920, k=2, lambda_1=8.00000
S=+0.05172  theta=1.012764  P(n)=0 n^2 + -1328 n + 664,  c=-256, r=2,  p=2, sigma=5.920, k=2, lambda_1=16.00000
S=+0.05172  theta=1.012764  P(n)=0 n^2 + -1336 n + 668,  c=-64, r=2,  p=2, sigma=5.920, k=2, lambda_1=8.00000
S=+0.05172  theta=1.012764  P(n)=0 n^2 + -1352 n + 676,  c=-64, r=2,  p=2, sigma=5.920, k=2, lambda_1=8.00000
S=+0.05172  theta=1.012764  P(n)=0 n^2 + -1360 n + 680,  c=-256, r=2,  p=2, sigma=5.920, k=2, lambda_1=16.00000
S=+0.05172  theta=1.012764  P(n)=0 n^2 + -1368 n + 684,  c=-64, r=2,  p=2, sigma=5.920, k=2, lambda_1=8.00000
S=+0.05172  theta=1.012764  P(n)=0 n^2 + -1384 n + 692,  c=-64, r=2,  p=2, sigma=5.920, k=2, lambda_1=8.00000
S=+0.05172  theta=1.012764  P(n)=0 n^2 + -1392 n + 696,  c=-256, r=2,  p=2, sigma=5.920, k=2, lambda_1=16.00000
S=+0.05172  theta=1.012764  P(n)=0 n^2 + -1400 n + 700,  c=-64, r=2,  p=2, sigma=5.920, k=2, lambda_1=8.00000
S=+0.05172  theta=1.012764  P(n)=0 n^2 + -1416 n + 708,  c=-64, r=2,  p=2, sigma=5.920, k=2, lambda_1=8.00000
S=+0.05172  theta=1.012764  P(n)=0 n^2 + -1424 n + 712,  c=-256, r=2,  p=2, sigma=5.920, k=2, lambda_1=16.00000
S=+0.05172  theta=1.012764  P(n)=0 n^2 + -1432 n + 716,  c=-64, r=2,  p=2, sigma=5.920, k=2, lambda_1=8.00000
S=+0.05172  theta=1.012764  P(n)=0 n^2 + -1448 n + 724,  c=-64, r=2,  p=2, sigma=5.920, k=2, lambda_1=8.00000
S=+0.05172  theta=1.012764  P(n)=0 n^2 + -1456 n + 728,  c=-256, r=2,  p=2, sigma=5.920, k=2, lambda_1=16.00000
S=+0.05172  theta=1.012764  P(n)=0 n^2 + -1464 n + 732,  c=-64, r=2,  p=2, sigma=5.920, k=2, lambda_1=8.00000
S=+0.05172  theta=1.012764  P(n)=0 n^2 + -1480 n + 740,  c=-64, r=2,  p=2, sigma=5.920, k=2, lambda_1=8.00000
S=+0.05172  theta=1.012764  P(n)=0 n^2 + -1488 n + 744,  c=-256, r=2,  p=2, sigma=5.920, k=2, lambda_1=16.00000
S=+0.05172  theta=1.012764  P(n)=0 n^2 + -1496 n + 748,  c=-64, r=2,  p=2, sigma=5.920, k=2, lambda_1=8.00000
S=+0.05172  theta=1.012764  P(n)=0 n^2 + -1512 n + 756,  c=-64, r=2,  p=2, sigma=5.920, k=2, lambda_1=8.00000
S=+0.05172  theta=1.012764  P(n)=0 n^2 + -1520 n + 760,  c=-256, r=2,  p=2, sigma=5.920, k=2, lambda_1=16.00000
S=+0.05172  theta=1.012764  P(n)=0 n^2 + -1528 n + 764,  c=-64, r=2,  p=2, sigma=5.920, k=2, lambda_1=8.00000
S=+0.05172  theta=1.012764  P(n)=0 n^2 + -1544 n + 772,  c=-64, r=2,  p=2, sigma=5.920, k=2, lambda_1=8.00000
S=+0.05172  theta=1.012764  P(n)=0 n^2 + -1552 n + 776,  c=-256, r=2,  p=2, sigma=5.920, k=2, lambda_1=16.00000
S=+0.05172  theta=1.012764  P(n)=0 n^2 + -1560 n + 780,  c=-64, r=2,  p=2, sigma=5.920, k=2, lambda_1=8.00000
S=+0.05172  theta=1.012764  P(n)=0 n^2 + -1576 n + 788,  c=-64, r=2,  p=2, sigma=5.920, k=2, lambda_1=8.00000
S=+0.05172  theta=1.012764  P(n)=0 n^2 + -1584 n + 792,  c=-256, r=2,  p=2, sigma=5.920, k=2, lambda_1=16.00000
S=+0.05172  theta=1.012764  P(n)=0 n^2 + -1592 n + 796,  c=-64, r=2,  p=2, sigma=5.920, k=2, lambda_1=8.00000
S=+0.05172  theta=1.012764  P(n)=0 n^2 + -1608 n + 804,  c=-64, r=2,  p=2, sigma=5.920, k=2, lambda_1=8.00000
S=+0.05172  theta=1.012764  P(n)=0 n^2 + -1616 n + 808,  c=-256, r=2,  p=2, sigma=5.920, k=2, lambda_1=16.00000
S=+0.05172  theta=1.012764  P(n)=0 n^2 + -1624 n + 812,  c=-64, r=2,  p=2, sigma=5.920, k=2, lambda_1=8.00000
S=+0.05172  theta=1.012764  P(n)=0 n^2 + -1640 n + 820,  c=-64, r=2,  p=2, sigma=5.920, k=2, lambda_1=8.00000
S=+0.05172  theta=1.012764  P(n)=0 n^2 + -1648 n + 824,  c=-256, r=2,  p=2, sigma=5.920, k=2, lambda_1=16.00000
S=+0.05172  theta=1.012764  P(n)=0 n^2 + -1656 n + 828,  c=-64, r=2,  p=2, sigma=5.920, k=2, lambda_1=8.00000
S=+0.05172  theta=1.012764  P(n)=0 n^2 + -1672 n + 836,  c=-64, r=2,  p=2, sigma=5.920, k=2, lambda_1=8.00000
S=+0.05172  theta=1.012764  P(n)=0 n^2 + -1680 n + 840,  c=-256, r=2,  p=2, sigma=5.920, k=2, lambda_1=16.00000
S=+0.05172  theta=1.012764  P(n)=0 n^2 + -1688 n + 844,  c=-64, r=2,  p=2, sigma=5.920, k=2, lambda_1=8.00000
S=+0.05172  theta=1.012764  P(n)=0 n^2 + -1704 n + 852,  c=-64, r=2,  p=2, sigma=5.920, k=2, lambda_1=8.00000
S=+0.05172  theta=1.012764  P(n)=0 n^2 + -1712 n + 856,  c=-256, r=2,  p=2, sigma=5.920, k=2, lambda_1=16.00000
S=+0.05172  theta=1.012764  P(n)=0 n^2 + -1720 n + 860,  c=-64, r=2,  p=2, sigma=5.920, k=2, lambda_1=8.00000
S=+0.05172  theta=1.012764  P(n)=0 n^2 + -1736 n + 868,  c=-64, r=2,  p=2, sigma=5.920, k=2, lambda_1=8.00000
S=+0.05172  theta=1.012764  P(n)=0 n^2 + -1744 n + 872,  c=-256, r=2,  p=2, sigma=5.920, k=2, lambda_1=16.00000
S=+0.05172  theta=1.012764  P(n)=0 n^2 + -1752 n + 876,  c=-64, r=2,  p=2, sigma=5.920, k=2, lambda_1=8.00000
S=+0.05172  theta=1.012764  P(n)=0 n^2 + -1768 n + 884,  c=-64, r=2,  p=2, sigma=5.920, k=2, lambda_1=8.00000
S=+0.05172  theta=1.012764  P(n)=0 n^2 + -1776 n + 888,  c=-256, r=2,  p=2, sigma=5.920, k=2, lambda_1=16.00000
S=+0.05172  theta=1.012764  P(n)=0 n^2 + -1784 n + 892,  c=-64, r=2,  p=2, sigma=5.920, k=2, lambda_1=8.00000
S=+0.05172  theta=1.012764  P(n)=0 n^2 + -1800 n + 900,  c=-64, r=2,  p=2, sigma=5.920, k=2, lambda_1=8.00000
S=+0.05172  theta=1.012764  P(n)=0 n^2 + -1808 n + 904,  c=-256, r=2,  p=2, sigma=5.920, k=2, lambda_1=16.00000
S=+0.05172  theta=1.012764  P(n)=0 n^2 + -1816 n + 908,  c=-64, r=2,  p=2, sigma=5.920, k=2, lambda_1=8.00000
S=+0.05172  theta=1.012764  P(n)=0 n^2 + -1832 n + 916,  c=-64, r=2,  p=2, sigma=5.920, k=2, lambda_1=8.00000
S=+0.05172  theta=1.012764  P(n)=0 n^2 + -1840 n + 920,  c=-256, r=2,  p=2, sigma=5.920, k=2, lambda_1=16.00000
S=+0.05172  theta=1.012764  P(n)=0 n^2 + -1848 n + 924,  c=-64, r=2,  p=2, sigma=5.920, k=2, lambda_1=8.00000
S=+0.05172  theta=1.012764  P(n)=0 n^2 + -1864 n + 932,  c=-64, r=2,  p=2, sigma=5.920, k=2, lambda_1=8.00000
S=+0.05172  theta=1.012764  P(n)=0 n^2 + -1872 n + 936,  c=-256, r=2,  p=2, sigma=5.920, k=2, lambda_1=16.00000
S=+0.05172  theta=1.012764  P(n)=0 n^2 + -1880 n + 940,  c=-64, r=2,  p=2, sigma=5.920, k=2, lambda_1=8.00000
S=+0.05172  theta=1.012764  P(n)=0 n^2 + -1896 n + 948,  c=-64, r=2,  p=2, sigma=5.920, k=2, lambda_1=8.00000
S=+0.05172  theta=1.012764  P(n)=0 n^2 + -1904 n + 952,  c=-256, r=2,  p=2, sigma=5.920, k=2, lambda_1=16.00000
S=+0.05172  theta=1.012764  P(n)=0 n^2 + -1912 n + 956,  c=-64, r=2,  p=2, sigma=5.920, k=2, lambda_1=8.00000
S=+0.05172  theta=1.012764  P(n)=0 n^2 + -1928 n + 964,  c=-64, r=2,  p=2, sigma=5.920, k=2, lambda_1=8.00000
S=+0.05172  theta=1.012764  P(n)=0 n^2 + -1936 n + 968,  c=-256, r=2,  p=2, sigma=5.920, k=2, lambda_1=16.00000
S=+0.05172  theta=1.012764  P(n)=0 n^2 + -1944 n + 972,  c=-64, r=2,  p=2, sigma=5.920, k=2, lambda_1=8.00000
S=+0.05172  theta=1.012764  P(n)=0 n^2 + -1960 n + 980,  c=-64, r=2,  p=2, sigma=5.920, k=2, lambda_1=8.00000
S=+0.05172  theta=1.012764  P(n)=0 n^2 + -1968 n + 984,  c=-256, r=2,  p=2, sigma=5.920, k=2, lambda_1=16.00000
S=+0.05172  theta=1.012764  P(n)=0 n^2 + -1976 n + 988,  c=-64, r=2,  p=2, sigma=5.920, k=2, lambda_1=8.00000
S=+0.05172  theta=1.012764  P(n)=0 n^2 + -1992 n + 996,  c=-64, r=2,  p=2, sigma=5.920, k=2, lambda_1=8.00000
S=+0.05172  theta=1.012764  P(n)=0 n^2 + -2000 n + 1000,  c=-256, r=2,  p=2, sigma=5.920, k=2, lambda_1=16.00000
S=+0.05172  theta=1.012764  P(n)=0 n^2 + -2008 n + 1004,  c=-64, r=2,  p=2, sigma=5.920, k=2, lambda_1=8.00000
S=+0.05172  theta=1.012764  P(n)=0 n^2 + -2024 n + 1012,  c=-64, r=2,  p=2, sigma=5.920, k=2, lambda_1=8.00000
S=+0.05172  theta=1.012764  P(n)=0 n^2 + -2032 n + 1016,  c=-256, r=2,  p=2, sigma=5.920, k=2, lambda_1=16.00000
S=+0.05172  theta=1.012764  P(n)=0 n^2 + -2040 n + 1020,  c=-64, r=2,  p=2, sigma=5.920, k=2, lambda_1=8.00000
S=+0.05172  theta=1.012764  P(n)=0 n^2 + -2056 n + 1028,  c=-64, r=2,  p=2, sigma=5.920, k=2, lambda_1=8.00000
S=+0.05172  theta=1.012764  P(n)=0 n^2 + -2064 n + 1032,  c=-256, r=2,  p=2, sigma=5.920, k=2, lambda_1=16.00000
S=+0.05172  theta=1.012764  P(n)=0 n^2 + -2072 n + 1036,  c=-64, r=2,  p=2, sigma=5.920, k=2, lambda_1=8.00000
S=+0.05172  theta=1.012764  P(n)=0 n^2 + -2088 n + 1044,  c=-64, r=2,  p=2, sigma=5.920, k=2, lambda_1=8.00000
S=+0.05172  theta=1.012764  P(n)=0 n^2 + -2096 n + 1048,  c=-256, r=2,  p=2, sigma=5.920, k=2, lambda_1=16.00000
S=+0.05172  theta=1.012764  P(n)=0 n^2 + -2104 n + 1052,  c=-64, r=2,  p=2, sigma=5.920, k=2, lambda_1=8.00000
S=+0.05172  theta=1.012764  P(n)=0 n^2 + -2120 n + 1060,  c=-64, r=2,  p=2, sigma=5.920, k=2, lambda_1=8.00000
S=+0.05172  theta=1.012764  P(n)=0 n^2 + -2128 n + 1064,  c=-256, r=2,  p=2, sigma=5.920, k=2, lambda_1=16.00000
S=+0.05172  theta=1.012764  P(n)=0 n^2 + -2136 n + 1068,  c=-64, r=2,  p=2, sigma=5.920, k=2, lambda_1=8.00000
S=+0.05172  theta=1.012764  P(n)=0 n^2 + -2152 n + 1076,  c=-64, r=2,  p=2, sigma=5.920, k=2, lambda_1=8.00000
S=+0.05172  theta=1.012764  P(n)=0 n^2 + -2160 n + 1080,  c=-256, r=2,  p=2, sigma=5.920, k=2, lambda_1=16.00000
S=+0.05172  theta=1.012764  P(n)=0 n^2 + -2168 n + 1084,  c=-64, r=2,  p=2, sigma=5.920, k=2, lambda_1=8.00000
S=+0.05172  theta=1.012764  P(n)=0 n^2 + -2184 n + 1092,  c=-64, r=2,  p=2, sigma=5.920, k=2, lambda_1=8.00000
S=+0.05172  theta=1.012764  P(n)=0 n^2 + -2192 n + 1096,  c=-256, r=2,  p=2, sigma=5.920, k=2, lambda_1=16.00000
S=+0.05172  theta=1.012764  P(n)=0 n^2 + -2200 n + 1100,  c=-64, r=2,  p=2, sigma=5.920, k=2, lambda_1=8.00000
S=+0.05172  theta=1.012764  P(n)=0 n^2 + -2216 n + 1108,  c=-64, r=2,  p=2, sigma=5.920, k=2, lambda_1=8.00000
S=+0.05172  theta=1.012764  P(n)=0 n^2 + -2224 n + 1112,  c=-256, r=2,  p=2, sigma=5.920, k=2, lambda_1=16.00000
S=+0.05172  theta=1.012764  P(n)=0 n^2 + -2232 n + 1116,  c=-64, r=2,  p=2, sigma=5.920, k=2, lambda_1=8.00000
S=+0.05172  theta=1.012764  P(n)=0 n^2 + -2248 n + 1124,  c=-64, r=2,  p=2, sigma=5.920, k=2, lambda_1=8.00000
S=+0.05172  theta=1.012764  P(n)=0 n^2 + -2256 n + 1128,  c=-256, r=2,  p=2, sigma=5.920, k=2, lambda_1=16.00000
S=+0.05172  theta=1.012764  P(n)=0 n^2 + -2264 n + 1132,  c=-64, r=2,  p=2, sigma=5.920, k=2, lambda_1=8.00000
S=+0.05172  theta=1.012764  P(n)=0 n^2 + -2280 n + 1140,  c=-64, r=2,  p=2, sigma=5.920, k=2, lambda_1=8.00000
S=+0.05172  theta=1.012764  P(n)=0 n^2 + -2288 n + 1144,  c=-256, r=2,  p=2, sigma=5.920, k=2, lambda_1=16.00000
S=+0.05172  theta=1.012764  P(n)=0 n^2 + -2296 n + 1148,  c=-64, r=2,  p=2, sigma=5.920, k=2, lambda_1=8.00000
S=+0.05172  theta=1.012764  P(n)=0 n^2 + -2312 n + 1156,  c=-64, r=2,  p=2, sigma=5.920, k=2, lambda_1=8.00000
S=+0.05172  theta=1.012764  P(n)=0 n^2 + -2320 n + 1160,  c=-256, r=2,  p=2, sigma=5.920, k=2, lambda_1=16.00000
S=+0.05172  theta=1.012764  P(n)=0 n^2 + -2328 n + 1164,  c=-64, r=2,  p=2, sigma=5.920, k=2, lambda_1=8.00000
S=+0.05172  theta=1.012764  P(n)=0 n^2 + -2344 n + 1172,  c=-64, r=2,  p=2, sigma=5.920, k=2, lambda_1=8.00000
S=+0.05172  theta=1.012764  P(n)=0 n^2 + -2352 n + 1176,  c=-256, r=2,  p=2, sigma=5.920, k=2, lambda_1=16.00000
S=+0.05172  theta=1.012764  P(n)=0 n^2 + -2360 n + 1180,  c=-64, r=2,  p=2, sigma=5.920, k=2, lambda_1=8.00000
S=+0.05172  theta=1.012764  P(n)=0 n^2 + -2376 n + 1188,  c=-64, r=2,  p=2, sigma=5.920, k=2, lambda_1=8.00000
S=+0.05172  theta=1.012764  P(n)=0 n^2 + -2384 n + 1192,  c=-256, r=2,  p=2, sigma=5.920, k=2, lambda_1=16.00000
S=+0.05172  theta=1.012764  P(n)=0 n^2 + -2392 n + 1196,  c=-64, r=2,  p=2, sigma=5.920, k=2, lambda_1=8.00000
S=+0.05172  theta=1.012764  P(n)=0 n^2 + -2408 n + 1204,  c=-64, r=2,  p=2, sigma=5.920, k=2, lambda_1=8.00000
S=+0.05172  theta=1.012764  P(n)=0 n^2 + -2416 n + 1208,  c=-256, r=2,  p=2, sigma=5.920, k=2, lambda_1=16.00000
S=+0.05172  theta=1.012764  P(n)=0 n^2 + -2424 n + 1212,  c=-64, r=2,  p=2, sigma=5.920, k=2, lambda_1=8.00000
S=+0.05172  theta=1.012764  P(n)=0 n^2 + -2440 n + 1220,  c=-64, r=2,  p=2, sigma=5.920, k=2, lambda_1=8.00000
S=+0.05172  theta=1.012764  P(n)=0 n^2 + -2448 n + 1224,  c=-256, r=2,  p=2, sigma=5.920, k=2, lambda_1=16.00000
S=+0.05172  theta=1.012764  P(n)=0 n^2 + -2456 n + 1228,  c=-64, r=2,  p=2, sigma=5.920, k=2, lambda_1=8.00000
S=+0.05172  theta=1.012764  P(n)=0 n^2 + -2472 n + 1236,  c=-64, r=2,  p=2, sigma=5.920, k=2, lambda_1=8.00000
S=+0.05172  theta=1.012764  P(n)=0 n^2 + -2480 n + 1240,  c=-256, r=2,  p=2, sigma=5.920, k=2, lambda_1=16.00000
S=+0.05172  theta=1.012764  P(n)=0 n^2 + -2488 n + 1244,  c=-64, r=2,  p=2, sigma=5.920, k=2, lambda_1=8.00000
S=+0.05172  theta=1.012764  P(n)=0 n^2 + -2504 n + 1252,  c=-64, r=2,  p=2, sigma=5.920, k=2, lambda_1=8.00000
S=+0.05172  theta=1.012764  P(n)=0 n^2 + -2512 n + 1256,  c=-256, r=2,  p=2, sigma=5.920, k=2, lambda_1=16.00000
S=+0.05172  theta=1.012764  P(n)=0 n^2 + -2520 n + 1260,  c=-64, r=2,  p=2, sigma=5.920, k=2, lambda_1=8.00000
S=+0.05172  theta=1.012764  P(n)=0 n^2 + -2536 n + 1268,  c=-64, r=2,  p=2, sigma=5.920, k=2, lambda_1=8.00000
S=+0.05172  theta=1.012764  P(n)=0 n^2 + -2544 n + 1272,  c=-256, r=2,  p=2, sigma=5.920, k=2, lambda_1=16.00000
S=+0.05172  theta=1.012764  P(n)=0 n^2 + -2552 n + 1276,  c=-64, r=2,  p=2, sigma=5.920, k=2, lambda_1=8.00000
S=+0.05172  theta=1.012764  P(n)=0 n^2 + -2568 n + 1284,  c=-64, r=2,  p=2, sigma=5.920, k=2, lambda_1=8.00000
S=+0.05172  theta=1.012764  P(n)=0 n^2 + -2576 n + 1288,  c=-256, r=2,  p=2, sigma=5.920, k=2, lambda_1=16.00000

=== identification of xi_p ===
(32,32,2716; c=256, r=0) p=2 : xi_p to 2^912
[0;31m[0;31m  ***   at top-level: ...[0;35mC);my(x=xi+O(pp^PREC),id=[0;35mident(x,pp,PREC));if(
[0;31m[0;31m  ***                                             ^---------------------
[0;31m  ***   in function ident: ...[0;35m,#CHARS,my(lv=Lp(pp,CHARS[0;35m[i],s,PREC));if(lv==0
[0;31m[0;31m  ***                                                  ^---------------------
  ***   incorrect type in _[_] OCcompo1 [not a vector] (t_POL).[0m
