07_catalan.gp  -- Catalan-focused identification battery
realprecision = 250,  lindep at 60 digits,  verification threshold 55 digits
battery: 145 constants
T2 pair candidates: 24; dropped as dependent/duplicate: 2
   drop  Pi^2  [dependent, rel = [0, 0, 0, -6, 1]~]
   drop  L(2,chi_-4)  [duplicate value, deduped]
T2 independent basis (22): ["G", "Pi*G", "zeta(2)", "L(2,chi_-3)", "L(2,chi_-7)", "L(2,chi_-8)", "L(2,chi_-11)", "L(2,chi_-15)", "L(2,chi_-19)", "L(2,chi_-20)", "L(2,chi_-23)", "L(2,chi_-24)", "L(2,chi_5)", "L(2,chi_8)", "L(2,chi_12)", "L(2,chi_13)", "L(2,chi_17)", "L(2,chi_21)", "L(2,chi_24)", "L(g,2)", "log(2)^2", "Pi*log(2)"]

---- battery listing ----
  [1] G = 0.91596559417721901505460351493238411077
  [2] Pi*G = 2.87759078160816115177758016652154780012
  [3] G*sqrt(2) = 1.29537096595255359059471979889446991066
  [4] G*sqrt(3) = 1.58649894709995872422086678425008830247
  [5] G/sqrt(2) = 0.64768548297627679529735989944723495533
  [6] G/Pi = 0.291560904030818780138384456468394918865
  [7] G/Pi^2 = 0.092806718177693040738490995099859992805
  [8] zeta(2) = 1.64493406684822643647241516664602518922
  [9] Pi^2 = 9.8696044010893586188344909998761511353
  [10] Pi^2*sqrt(2) = 13.9577283992777590683151218723388105798
  [11] Pi^2/sqrt(2) = 6.9788641996388795341575609361694052899
  [12] Pi^2*sqrt(3) = 17.0946562732921691147429728514233472857
  [13] Pi^2/sqrt(3) = 5.6982187577640563715809909504744490952
  [14] Pi^2*sqrt(4) = 19.7392088021787172376689819997523022706
  [15] Pi^2/sqrt(4) = 4.9348022005446793094172454999380755677
  [16] Pi^2*sqrt(6) = 24.1754947457960955669990824831087666096
  [17] Pi^2/sqrt(6) = 4.0292491242993492611665137471847944349
  [18] Pi^2*sqrt(8) = 27.9154567985555181366302437446776211597
  [19] Pi^2/sqrt(8) = 3.48943209981943976707878046808470264496
  [20] Pi^2*sqrt(12) = 34.1893125465843382294859457028466945714
  [21] Pi^2/sqrt(12) = 2.84910937888202818579049547523722454762
  [22] Pi^2*sqrt(24) = 48.3509894915921911339981649662175332193
  [23] Pi^2/sqrt(24) = 2.01462456214967463058325687359239721747
  [24] L(2,chi_-3) = 0.78130241289648629686718742962409235637
  [25] L(2,chi_-7) = 1.15192547054449104710169239732054996480
  [26] L(2,chi_-8) = 1.06473417104350337039282745146166888948
  [27] L(2,chi_-11) = 0.90953910532388370153208593905860526926
  [28] L(2,chi_-15) = 1.29661859663323773324023659437853368278
  [29] L(2,chi_-19) = 0.76885127439924648968808391556033877945
  [30] L(2,chi_-20) = 1.12804332474094707284833170786973842180
  [31] L(2,chi_-23) = 1.40321690459504126782677598373661595317
  [32] L(2,chi_-24) = 1.05780661321150442946644246836679615009
  [33] L(2,chi_5) = 0.70621140325974096993100317576256402766
  [34] L(2,chi_8) = 0.87235802495485994176969511702117566124
  [35] L(2,chi_12) = 0.94970312629400939526349849174574151587
  [36] L(2,chi_13) = 0.84225715353071571897038449041624170196
  [37] L(2,chi_17) = 1.12646149283743545826589288741282638893
  [38] L(2,chi_21) = 0.82046638090269904153249925052015089448
  [39] L(2,chi_24) = 1.00731228107483731529162843679619860874
  [40] L(3,chi_-3) = 0.88402381175007985674305791687101180775
  [41] L(3,chi_-4) = 0.96894614625936938048363484584691860007
  [42] L(3,chi_-7) = 1.09334306942953357197657981500770023478
  [43] L(3,chi_-8) = 1.02772258593685856787925661800225576721
  [44] L(3,chi_5) = 0.85482476664854301023569008353813769714
  [45] L(3,chi_8) = 0.95838045456309456205166940286157781883
  [46] zeta(3) = 1.20205690315959428539973816151144999077
  [47] zeta(3)/Pi = 0.382626596031170342250153140240866137026
  [48] zeta(3)/Pi^2 = 0.121793828233573083121006121884619106588
  [49] Ti2(2) = 1.57601540344632342236057894681214494428
  [50] Ti2(1/2) = 0.487222358294522357110234497693337970609
  [51] Ti2(3) = 2.05507011608058912550681760343712967816
  [52] Ti2(1/3) = 0.329373968468987794789907311528086855579
  [53] Ti2(4) = 2.42588784128590899958072145819554939662
  [54] Ti2(1/4) = 0.248301750982306869080032559957935449285
  [55] Ti2(5) = 2.72722281709899020861710525161501598129
  [56] Ti2(1/5) = 0.199123656043058867622426425602927391161
  [57] Ti2(2-sqrt(3)) = 0.265864958279306982691875086397120687643
  [58] Ti2(sqrt(2)-1) = 0.406766154249813513245292191859602891886
  [59] G+(Pi/2)*log(2)  [=Ti2(2)] = 2.00475863932902008030494796405119108445
  [60] L(g,2) = 1.12164697680138607508269280307221429323
  [61] L(g,2)*sqrt(2) = 1.58624836678730050132787419157959761403
  [62] L(g,2)/sqrt(2) = 0.79312418339365025066393709578979880701
  [63] L(g,2)*Pi = 3.52375790224043573655581700589139609607
  [64] L(g,2)/Pi = 0.357031321524042097296192887783961471159
  [65] Gamma(1/4)^4/Pi = 55.0014865441629826199207662384844575831
  [66] Gamma(1/3)^6/Pi^2 = 37.4521496881216369396068147506936824248
  [67] G(1/8)G(3/8)/(G(5/8)G(7/8)) = 11.4250022887693471134781724090867670771
  [68] G(1/8)^2G(3/8)^2/Pi^3 = 10.2861159727113239711796091304317967191
  [69] G(1/6)G(1/3)/(G(2/3)G(5/6)) = 9.7557823965414795351382302980246256270
  [70] G(1/12)G(5/12)/(G(7/12)G(11/12)) = 15.1619544114749678216886359918297377237
  [71] Gamma(1/6)^6/Pi^2 = 3013.75123345357208629628287624933759070
  [72] log(2)^2 = 0.480453013918201424667102526326664971730
  [73] log(3)^2 = 1.20694896081258197784377912384936591362
  [74] log(5)^2 = 2.59029039398023494518017100499265489539
  [75] log(6)^2 = 3.21040199556840137536912708384903865663
  [76] log(8)^2 = 4.3240771252638128220039227369399847456
  [77] log(9)^2 = 4.8277958432503279113751164953974636545
  [78] log(10)^2 = 5.3018981104783980105616663885940176916
  [79] log(12)^2 = 6.1747610581606236222286800965020413431
  [80] log(16)^2 = 7.6872482226912227946736404212266395477
  [81] log(18)^2 = 8.3542488988437652817587098890701441688
  [82] log(24)^2 = 10.1000261485892487184224381618083739730
  [83] log(27)^2 = 10.8625406473132378005940121146442932226
  [84] log(32)^2 = 12.0113253479550356166775631581666242932
  [85] Pi*log(2) = 2.17758609030360213050068889823761394734
  [86] Pi*log(3) = 3.45139229522320266143382058381808564516
  [87] Pi*log(5) = 5.0561983221118626819893576520241771803
  [88] Pi*log(6) = 5.6289783855268047919345094820556995925
  [89] Pi*log(8) = 6.5327582709108063915020666947128418420
  [90] Pi*log(9) = 6.9027845904464053228676411676361712903
  [91] Pi*log(10) = 7.2337844124154648124900465502617911276
  [92] Pi*log(12) = 7.8065644758304069224351983802933135398
  [93] Pi*log(16) = 8.7103443612144085220027555929504557894
  [94] Pi*log(18) = 9.0803706807500074533683300658737852377
  [95] Pi*log(24) = 9.9841505661340090529358872785309274872
  [96] Pi*log(27) = 10.3541768856696079843014617514542569355
  [97] Pi*log(32) = 10.8879304515180106525034444911880697367
  [98] log(2)*log(3) = 0.76150001041880898642912271683650388564
  [99] log(2)*log(5) = 1.11557735128998082035719642863734891224
  [100] log(2)*log(6) = 1.24195302433701041109622524316316885737
  [101] log(2)*log(7) = 1.34880213344067334196116454339927648980
  [102] log(2)*log(8) = 1.44135904175460427400130757897999491519
  [103] log(2)*log(10) = 1.59603036520818224502429895496401388397
  [104] log(2)*log(12) = 1.72240603825521183576332776948983382910
  [105] log(3)*log(5) = 1.76814826844845172875795182576258517193
  [106] log(3)*log(6) = 1.96844897123139096427290184068586979926
  [107] log(3)*log(7) = 2.13780080239616021784685469059662924041
  [108] log(3)*log(8) = 2.28450003125642695928736815050951165693
  [109] log(3)*log(10) = 2.52964827886726071518707454259908905757
  [110] log(3)*log(12) = 2.72994898165019995070202455752237368490
  [111] log(5)*log(6) = 2.88372561973843254911514825439993408416
  [112] log(5)*log(7) = 3.13182156807991254291890879552861403466
  [113] log(5)*log(8) = 3.34673205386994246107158928591204673671
  [114] log(5)*log(10) = 3.70586774527021576553736743363000380763
  [115] log(5)*log(12) = 3.99930297102841336947234468303728299640
  [116] log(6)*log(7) = 3.48660293583683355980801923399590573021
  [117] log(6)*log(8) = 3.72585907301103123328867572948950657212
  [118] log(6)*log(10) = 4.1256786440754429602113734975631029415
  [119] log(6)*log(12) = 4.4523550199054117864653523270122075140
  [120] log(7)*log(8) = 4.0464064003220200258834936301978294694
  [121] log(7)*log(10) = 4.4806237015205858848800733389278905245
  [122] log(7)*log(12) = 4.8354050692775069017691837773951822200
  [123] log(8)*log(10) = 4.7880910956245467350728968648920416519
  [124] log(8)*log(12) = 5.1672181147656355072899833084695014873
  [125] log(10)*log(12) = 5.7217090092836252052356724525271168255
  [126] Pi*log((sqrt(2)+1)/(sqrt(2)-1)) = 5.5378335720973614353437035594799479608
  [127] log((sqrt(2)+1)/(sqrt(2)-1))^2 = 3.10727759958278392600229884035767561843
  [128] Pi*log((sqrt(3)+1)/(sqrt(3)-1)) = 4.1373452540660683281343270826936246345
  [129] log((sqrt(3)+1)/(sqrt(3)-1))^2 = 1.73437810227263615040825812545843864708
  [130] Pi*log((sqrt(5)+1)/(sqrt(5)-1)) = 3.02354306885557391688170632698920869036
  [131] log((sqrt(5)+1)/(sqrt(5)-1))^2 = 0.92625928230877756998771628492613104007
  [132] Pi*log((sqrt(8)+1)/(sqrt(8)-1)) = 2.32163051142258458696572738787925964358
  [133] log((sqrt(8)+1)/(sqrt(8)-1))^2 = 0.54611796101709743853565349587918781768
  [134] Pi*log((sqrt(12)+1)/(sqrt(12)-1)) = 1.86686222806724074061133564790871084936
  [135] log((sqrt(12)+1)/(sqrt(12)-1))^2 = 0.353122013502335095898642034188567311399
  [136] Pi*atan(1/1) = 2.46740110027233965470862274996903778383
  [137] Pi*atan(1/2) = 1.45659192229140539059421843298781413969
  [138] Pi*atan(1/3) = 1.01080917798093426411440431698122364414
  [139] Pi*atan(1/4) = 0.76962316836560519275591579249894039750
  [140] Pi*atan(1/5) = 0.62013644067562973992342431362659598751
  [141] atan(1/1)^2 = 0.61685027506808491367715568749225944596
  [142] atan(1/2)^2 = 0.214969105332164388710632716684036154272
  [143] atan(1/3)^2 = 0.103523419254546607090679187682388530387
  [144] atan(1/4)^2 = 0.0600145453874255907594997899595198501877
  [145] atan(1/5)^2 = 0.0389650070484478564858971079645396617455

=== m1_2_0_1_3_2_4_27__23_8_-216_-42_-324__t1_re
  xi = -0.35040882666327984295658253855981844629308141246978315781580801787699260906961
  T1/T2/T4: NO HIT (unidentified)
  T3 ratios:  xi/G       = -0.3825567563790867797470969955385530258596005737318870577678
              xi/(Pi*G)  = -0.12177159758186724880162804381534947715139785899588018704210
              xi*G       = -0.3209624291195732664696585851792398493874227336907067929426
              xi/zeta(2) = -0.2130230224574776869694259052073941193038053629576674011854
              xi/Pi^2    = -0.03550383707624628116157098420123235321730089382627790019756
              xi/L(g,2)  = -0.3124056266460458267976097696798488616202761060960357296523
  T3 lindep([1,xi,G,z2]) = [1233319501794242, -197121530932602, 569449827043465, -1108852392385087]~    residual 5.656135957331469124 E-47
  T3 lindep([xi,G,z2])   = [177933125894693371268, 149908434299573721921, -45571206613604038141]~    residual 1.9263762159252448220 E-42
  T4 algdep(xi,1) = 998887620553566707795136833577*x + 350019039086650804283223080651   min|root-xi| = 5.672682457404655685 E-62
  T4 algdep(xi,2) = 225699456538107166543*x^2 + 173804180728881445425*x + 33189707520221698043   min|root-xi| = 1.1769627501578194757 E-61
  T4 algdep(xi,3) = 208901495251937*x^3 - 737181477379254*x^2 - 297163526579719*x - 4624828435638   min|root-xi| = 1.6252475289749929643 E-61
  T4 algdep(xi,4) = 506675534121*x^4 - 620095024076*x^3 + 762919259067*x^2 + 1280728622677*x + 320783810567   min|root-xi| = 3.584409943414615866 E-62
  T4 algdep(xi,5) = 5948698236*x^5 + 5197966006*x^4 - 1427812841*x^3 + 6093227193*x^2 + 11012249912*x + 3002251738   min|root-xi| = 6.418876863880710791 E-62
  T4 algdep(xi,6) = 154775941*x^6 + 265717268*x^5 + 261506653*x^4 - 157079309*x^3 + 3207158*x^2 + 221295020*x + 67566176   min|root-xi| = 5.755052095642161529 E-62
  T4 algdep(xi/G,4) = 219754606653*x^4 - 528371338241*x^3 + 285750923402*x^2 + 582260788814*x + 146639535359   min|root-r| = 7.644117975679072879 E-62
  T4 algdep(xi/zeta(2),4) = 774850394413*x^4 - 1046332084408*x^3 + 350006953829*x^2 - 408769781093*x - 114670483295   min|root-r| = 6.808388042587056710 E-62
  T4 algdep(xi/Pi^2,4) = 751839114423*x^4 + 556163309530*x^3 + 1139746035*x^2 - 1184754508965*x - 42041072157   min|root-r| = 4.752556459938273964 E-62
  T4 algdep(xi/L(g,2),4) = 584988251892*x^4 + 163826337117*x^3 - 448690321697*x^2 + 1104778643771*x + 388352925755   min|root-r| = 3.603055281933978439 E-62

=== m1_2_0_1_3_2_4_27__23_8_-216_-42_-324__t1_im
  xi = 0.E-250
  RATIONAL: xi = 0/1
  HIT  T4  algdep deg<=1:  x   height 1  agree 1000 digits
  HIT  T4  algdep deg<=2:  x   height 1  agree 1000 digits
  HIT  T4  algdep deg<=3:  x   height 1  agree 1000 digits
  HIT  T4  algdep deg<=4:  x   height 1  agree 1000 digits
  HIT  T4  algdep deg<=5:  x   height 1  agree 1000 digits
  HIT  T4  algdep deg<=6:  x   height 1  agree 1000 digits
  T3 ratios:  xi/G       = 0.E-250
              xi/(Pi*G)  = 0.E-250
              xi*G       = 0.E-250
              xi/zeta(2) = 0.E-250
              xi/Pi^2    = 0.E-251
              xi/L(g,2)  = 0.E-250
  T3 lindep([1,xi,G,z2]) = [0, 1, 0, 0]~    residual 0.E-250
  T3 lindep([xi,G,z2])   = [1, 0, 0]~    residual 0.E-250
  T4 algdep(xi,1) = x   min|root-xi| = 0.E-250
  T4 algdep(xi,2) = x   min|root-xi| = 0.E-250
  T4 algdep(xi,3) = x   min|root-xi| = 0.E-250
  T4 algdep(xi,4) = x   min|root-xi| = 0.E-250
  T4 algdep(xi,5) = x   min|root-xi| = 0.E-250
  T4 algdep(xi,6) = x   min|root-xi| = 0.E-250
  T4 algdep(xi/G,4) = x   min|root-r| = 0.E-250
  T4 algdep(xi/zeta(2),4) = x   min|root-r| = 0.E-250
  T4 algdep(xi/Pi^2,4) = x   min|root-r| = 0.E-250
  T4 algdep(xi/L(g,2),4) = x   min|root-r| = 0.E-250

=== m1_2_0_1_3_2_4_27__23_8_-216_-42_-324__t2_re
  xi = 0.23360588444218656197105502570654563086205427497985543854387201191799507271307
  T1/T2/T4: NO HIT (unidentified)
  T3 ratios:  xi/G       = 0.2550378375860578531647313303590353505730670491545913718452
              xi/(Pi*G)  = 0.08118106505457816586775202921023298476759857266392012469473
              xi*G       = 0.2139749527463821776464390567861598995916151557938045286284
              xi/zeta(2) = 0.1420153483049851246462839368049294128692035753051116007902
              xi/Pi^2    = 0.02366922471749752077438065613415490214486726255085193346504
              xi/L(g,2)  = 0.2082704177640305511984065131198992410801840707306904864349
  T3 lindep([1,xi,G,z2]) = [1563981460042521, -675983022583478, -935050321812253, -334113041766284]~    residual 2.404998269895212994 E-47
  T3 lindep([xi,G,z2])   = [95812823257186229936, -96250795923092791915, 39989431482725432380]~    residual 7.194898798431287394 E-42
  T4 algdep(xi,1) = 2996662861660700123385410500731*x - 700038078173301608566446161302   min|root-xi| = 3.781788304936437123 E-62
  T4 algdep(xi,2) = 129334465646413079267*x^2 - 161687787913440861778*x + 30713215844275107031   min|root-xi| = 6.620935000511291709 E-63
  T4 algdep(xi,3) = 809927009034203*x^3 - 733972179280906*x^2 - 518203911135950*x + 150784429206222   min|root-xi| = 1.2731543738858604488 E-62
  T4 algdep(xi,4) = 965114577717*x^4 + 281128421704*x^3 + 638934865739*x^2 - 642215784901*x + 108699536844   min|root-xi| = 1.1107529395917129062 E-61
  T4 algdep(xi,5) = 2363083117*x^5 + 4117501952*x^4 - 10455790621*x^3 + 2177148332*x^2 - 7593705463*x + 1774510642   min|root-xi| = 4.879295232504815771 E-62
  T4 algdep(xi,6) = 219606513*x^6 - 181476952*x^5 - 290015696*x^4 + 147701999*x^3 + 243040741*x^2 - 5308749*x - 12951689   min|root-xi| = 2.962670131489476174 E-63
  T4 algdep(xi/G,4) = 317018022691*x^4 - 687268667425*x^3 + 796857172515*x^2 + 323994833331*x - 124402251872   min|root-r| = 1.7984042951218488715 E-62
  T4 algdep(xi/zeta(2),4) = 234886598612*x^4 + 342816354291*x^3 + 888096819846*x^2 - 342255103527*x + 29616578725   min|root-r| = 4.672665889428994829 E-61
  T4 algdep(xi/Pi^2,4) = 252486097376*x^4 + 1225160958306*x^3 + 455229381451*x^2 - 160558679468*x + 3528940107   min|root-r| = 3.356475049537337081 E-61
  T4 algdep(xi/L(g,2),4) = 1556306741593*x^4 + 192112049778*x^3 - 86150153316*x^2 - 532081739976*x + 109890000733   min|root-r| = 7.439948264790834098 E-62

=== m1_2_0_1_3_2_4_27__23_8_-216_-42_-324__t2_im
  xi = 0.30903153751765917103113731051152360277698941622334936099134253896141480182114
  T1/T2/T4: NO HIT (unidentified)
  T3 ratios:  xi/G       = 0.3373833465821953424311860329387464761188445872522169421100
              xi/(Pi*G)  = 0.10739245465088500091300283548449511729010817623811611945209
              xi*G       = 0.2830622558818622327827725906875279722634444466343647668005
              xi/zeta(2) = 0.1878686469846044382878578810951786725574944189297502903766
              xi/Pi^2    = 0.03131144116410073971464298018252977875958240315495838172943
              xi/L(g,2)  = 0.2755158654275769143723167949226550990975702630555518062234
  T3 lindep([1,xi,G,z2]) = [291534317838594, 1298995048971365, -1691239122896403, 520478060673854]~    residual 3.570672052589091648 E-47
  T3 lindep([xi,G,z2])   = [105423849075645548361, 96701938966023614600, -73653373466888031018]~    residual 1.7449487634889482464 E-42
  T4 algdep(xi,1) = 3654174356685707933193181592870*x - 1129255119804187416812945263417   min|root-xi| = 4.689325644828852798 E-62
  T4 algdep(xi,2) = 8435740515111256138*x^2 - 221676081269615153438*x + 67699282862974130217   min|root-xi| = 1.3153868405008319376 E-62
  T4 algdep(xi,3) = 309792455906239*x^3 + 1412841567308411*x^2 + 326980210885172*x - 245117061490083   min|root-xi| = 6.025582473130001301 E-62
  T4 algdep(xi,4) = 297381662917*x^4 + 279255828328*x^3 - 1139018733045*x^2 - 329196987570*x + 199555293348   min|root-xi| = 7.737552364286474095 E-62
  T4 algdep(xi,5) = 1330695641*x^5 - 5743943545*x^4 + 6195671480*x^3 + 1884248930*x^2 + 6880173718*x - 2440351920   min|root-xi| = 1.4594255055107666476 E-62
  T4 algdep(xi,6) = 172504832*x^6 + 311008978*x^5 + 352822539*x^4 - 86377839*x^3 - 266960781*x^2 + 8974356*x + 21026082   min|root-xi| = 4.270968204913298828 E-62
  T4 algdep(xi/G,4) = 611647856495*x^4 + 606334418034*x^3 + 250185393650*x^2 - 214903423443*x + 12816541698   min|root-r| = 4.596527724944662605 E-63
  T4 algdep(xi/zeta(2),4) = 764401061206*x^4 - 937191783506*x^3 - 124225704813*x^2 + 698069768219*x - 121498857145   min|root-r| = 3.425742977922872329 E-62
  T4 algdep(xi/Pi^2,4) = 226004519901*x^4 + 625562683041*x^3 + 1106888580404*x^2 - 879812232529*x + 26443567646   min|root-r| = 3.483997378928913584 E-62
  T4 algdep(xi/L(g,2),4) = 736882960749*x^4 + 874294100558*x^3 - 471003168191*x^2 + 246231379104*x - 54618426292   min|root-r| = 2.7254268730420581678 E-61

=== m1_2_0_1_3_2_4_27__23_8_-216_-42_-324__t3_re
  xi = 0.116802942221093280985527512853272815431027137489927719271936005958997536356536
  T1/T2/T4: NO HIT (unidentified)
  T3 ratios:  xi/G       = 0.1275189187930289265823656651795176752865335245772956859226
              xi/(Pi*G)  = 0.04059053252728908293387601460511649238379928633196006234737
              xi*G       = 0.10698747637319108882321952839307994979580757789690226431421
              xi/zeta(2) = 0.07100767415249256232314196840246470643460178765255580039512
              xi/Pi^2    = 0.01183461235874876038719032806707745107243363127542596673252
              xi/L(g,2)  = 0.10413520888201527559920325655994962054009203536534524321743
  T3 lindep([1,xi,G,z2]) = [1233319501794242, 591364592797806, 569449827043465, -1108852392385087]~    residual 5.656135957331469124 E-47
  T3 lindep([xi,G,z2])   = [-191625646514372459872, 96250795923092791915, -39989431482725432380]~    residual 7.194898798431287394 E-42
  T4 algdep(xi,1) = 2996662861660700123385410500731*x - 350019039086650804283223080651   min|root-xi| = 1.8908941524682185617 E-62
  T4 algdep(xi,2) = 201752565707297368089*x^2 + 73152863707871814325*x - 11296965301832166888   min|root-xi| = 5.067766460403771515 E-62
  T4 algdep(xi,3) = 769699726957073*x^3 - 438286216466698*x^2 + 206247984054097*x - 19337407095359   min|root-xi| = 4.449681133114911999 E-61
  T4 algdep(xi,4) = 96516499468*x^4 + 147071354279*x^3 + 1016234265563*x^2 - 521473930893*x + 46792951428   min|root-xi| = 9.526446611947670042 E-62
  T4 algdep(xi,5) = 7054415940*x^5 - 2527340025*x^4 - 3568513457*x^3 - 3569465417*x^2 - 5515431013*x + 698920121   min|root-xi| = 3.348134270368594089 E-62
  T4 algdep(xi,6) = 325027356*x^6 + 60740373*x^5 - 41745881*x^4 - 78836482*x^3 - 122614364*x^2 + 239262010*x - 26142435   min|root-xi| = 3.014319136299710830 E-62
  T4 algdep(xi/G,4) = 864464461506*x^4 - 555233658417*x^3 - 798895024451*x^2 + 284271501335*x - 22336357212   min|root-r| = 5.509225479165278024 E-61
  T4 algdep(xi/zeta(2),4) = 1006161759035*x^4 - 762466546552*x^3 + 125352319090*x^2 - 542764423327*x + 38155806010   min|root-r| = 8.219309445462163557 E-62
  T4 algdep(xi/Pi^2,4) = 196243422495*x^4 + 353697918364*x^3 - 63141112611*x^2 - 1388246512967*x + 16437612645   min|root-r| = 6.359343302030592382 E-62
  T4 algdep(xi/L(g,2),4) = 1323971063007*x^4 - 200357741365*x^3 + 294808155542*x^2 - 853050997326*x + 85706264827   min|root-r| = 2.117846631273480783 E-62

=== m1_2_0_1_3_2_4_27__23_8_-216_-42_-324__t3_im
  xi = 0.E-250
  RATIONAL: xi = 0/1
  HIT  T4  algdep deg<=1:  x   height 1  agree 1000 digits
  HIT  T4  algdep deg<=2:  x   height 1  agree 1000 digits
  HIT  T4  algdep deg<=3:  x   height 1  agree 1000 digits
  HIT  T4  algdep deg<=4:  x   height 1  agree 1000 digits
  HIT  T4  algdep deg<=5:  x   height 1  agree 1000 digits
  HIT  T4  algdep deg<=6:  x   height 1  agree 1000 digits
  T3 ratios:  xi/G       = 0.E-250
              xi/(Pi*G)  = 0.E-250
              xi*G       = 0.E-250
              xi/zeta(2) = 0.E-250
              xi/Pi^2    = 0.E-251
              xi/L(g,2)  = 0.E-250
  T3 lindep([1,xi,G,z2]) = [0, 1, 0, 0]~    residual 0.E-250
  T3 lindep([xi,G,z2])   = [1, 0, 0]~    residual 0.E-250
  T4 algdep(xi,1) = x   min|root-xi| = 0.E-250
  T4 algdep(xi,2) = x   min|root-xi| = 0.E-250
  T4 algdep(xi,3) = x   min|root-xi| = 0.E-250
  T4 algdep(xi,4) = x   min|root-xi| = 0.E-250
  T4 algdep(xi,5) = x   min|root-xi| = 0.E-250
  T4 algdep(xi,6) = x   min|root-xi| = 0.E-250
  T4 algdep(xi/G,4) = x   min|root-r| = 0.E-250
  T4 algdep(xi/zeta(2),4) = x   min|root-r| = 0.E-250
  T4 algdep(xi/Pi^2,4) = x   min|root-r| = 0.E-250
  T4 algdep(xi/L(g,2),4) = x   min|root-r| = 0.E-250

=== m1_2_0_1_3_2_4_-9__27_0_-648_-126_324__t1_re
  xi = -0.21283815490968985563009143773965724178657484878138673190537422063071506698955
  T1/T2/T4: NO HIT (unidentified)
  T3 ratios:  xi/G       = -0.2323647921523462769186557090343776294032008412148217218992
              xi/(Pi*G)  = -0.07396401054313351922991522605360337552735069540989673223540
              xi*G       = -0.1949524270254370531471253095835685043574350429227275115278
              xi/zeta(2) = -0.1293900826782061226307446939313578562468685915562324463365
              xi/Pi^2    = -0.02156501377970102043845744898855964270781143192603874105608
              xi/L(g,2)  = -0.1897550292665549142433256031665487737026036833326670904669
  T3 lindep([1,xi,G,z2]) = [-312071011012150, 247316769603208, 18835362827491, 211228473305705]~    residual 1.7850614698135364633 E-47
  T3 lindep([xi,G,z2])   = [-182629502848603932716, -278570685907389144375, 131488940364381720622]~    residual 4.855988012998141288 E-42
  T4 algdep(xi,1) = 1053383238142337914480776825221*x + 224200144819009636791160013763   min|root-xi| = 6.591447254046388854 E-62
  T4 algdep(xi,2) = 28428836451997639783*x^2 - 33778242565980554238*x - 8477127394687259629   min|root-xi| = 5.700650557692715593 E-62
  T4 algdep(xi,3) = 808415011028836*x^3 + 438358684115868*x^2 - 1277138117549081*x - 283887001609066   min|root-xi| = 6.196269176865168085 E-62
  T4 algdep(xi,4) = 105555411978*x^4 - 1507094299623*x^3 - 385298638113*x^2 - 80161100916*x - 14354670107   min|root-xi| = 2.3155809654578980946 E-61
  T4 algdep(xi,5) = 3899932321*x^5 - 10406402831*x^4 + 3567055090*x^3 + 10573231289*x^2 - 1764364231*x - 797041883   min|root-xi| = 3.259160852237967721 E-62
  T4 algdep(xi,6) = 235903248*x^6 - 12622501*x^5 - 47627059*x^4 + 73048470*x^3 + 12807157*x^2 + 385074126*x + 82152897   min|root-xi| = 3.006863628951443705 E-62
  T4 algdep(xi/G,4) = 340208638668*x^4 + 95437438517*x^3 - 613463772852*x^2 - 913760164794*x - 178997129951   min|root-r| = 5.605562637447069879 E-62
  T4 algdep(xi/zeta(2),4) = 767472748275*x^4 - 58029400715*x^3 + 1010824294559*x^2 + 488575599937*x + 45953007971   min|root-r| = 7.356131754508237507 E-62
  T4 algdep(xi/Pi^2,4) = 162362963558*x^4 - 991535066012*x^3 + 873077640971*x^2 + 84259965831*x + 1401063698   min|root-r| = 1.3032392784348944535 E-60
  T4 algdep(xi/L(g,2),4) = 442864330823*x^4 + 364835158256*x^3 - 1371859269528*x^2 + 225808908642*x + 94163436333   min|root-r| = 2.829936673607343056 E-62

=== m1_2_0_1_3_2_4_-9__27_0_-648_-126_324__t1_im
  xi = 0.E-250
  RATIONAL: xi = 0/1
  HIT  T4  algdep deg<=1:  x   height 1  agree 1000 digits
  HIT  T4  algdep deg<=2:  x   height 1  agree 1000 digits
  HIT  T4  algdep deg<=3:  x   height 1  agree 1000 digits
  HIT  T4  algdep deg<=4:  x   height 1  agree 1000 digits
  HIT  T4  algdep deg<=5:  x   height 1  agree 1000 digits
  HIT  T4  algdep deg<=6:  x   height 1  agree 1000 digits
  T3 ratios:  xi/G       = 0.E-250
              xi/(Pi*G)  = 0.E-250
              xi*G       = 0.E-250
              xi/zeta(2) = 0.E-250
              xi/Pi^2    = 0.E-251
              xi/L(g,2)  = 0.E-250
  T3 lindep([1,xi,G,z2]) = [0, 1, 0, 0]~    residual 0.E-250
  T3 lindep([xi,G,z2])   = [1, 0, 0]~    residual 0.E-250
  T4 algdep(xi,1) = x   min|root-xi| = 0.E-250
  T4 algdep(xi,2) = x   min|root-xi| = 0.E-250
  T4 algdep(xi,3) = x   min|root-xi| = 0.E-250
  T4 algdep(xi,4) = x   min|root-xi| = 0.E-250
  T4 algdep(xi,5) = x   min|root-xi| = 0.E-250
  T4 algdep(xi,6) = x   min|root-xi| = 0.E-250
  T4 algdep(xi/G,4) = x   min|root-r| = 0.E-250
  T4 algdep(xi/zeta(2),4) = x   min|root-r| = 0.E-250
  T4 algdep(xi/Pi^2,4) = x   min|root-r| = 0.E-250
  T4 algdep(xi/L(g,2),4) = x   min|root-r| = 0.E-250

=== m1_2_0_1_3_2_4_-9__27_0_-648_-126_324__t2_re
  xi = -0.31925723236453478344513715660948586267986227317208009785806133094607260048432
  T1/T2/T4: NO HIT (unidentified)
  T3 ratios:  xi/G       = -0.3485471882285194153779835635515664441048012618222325828488
              xi/(Pi*G)  = -0.11094601581470027884487283908040506329102604311484509835311
              xi*G       = -0.2924286405381555797206879643753527565361525643840912672916
              xi/zeta(2) = -0.1940851240173091839461170408970367843703028873343486695047
              xi/Pi^2    = -0.03234752066955153065768617348283946406171714788905811158412
              xi/L(g,2)  = -0.2846325438998323713649884047498231605539055249990006357004
  T3 lindep([1,xi,G,z2]) = [82351516528262, 784056942590428, -298753676018172, 268468159451595]~    residual 6.095069226715459169 E-47
  T3 lindep([xi,G,z2])   = [123538387288457335035, 12598091407736991749, 16961838104650635222]~    residual 9.740988634619889253 E-43
  T4 algdep(xi,1) = 2106766476284675828961553650442*x + 672600434457028910373480041289   min|root-xi| = 9.887170881069583281 E-62
  T4 algdep(xi,2) = 46306626223011573573*x^2 + 68302821533702425460*x + 17086358533252650650   min|root-xi| = 1.5818320975475118347 E-61
  T4 algdep(xi,3) = 905738329910356*x^3 - 580160837172709*x^2 + 149198305903771*x + 136238679392928   min|root-xi| = 5.579619783125861890 E-62
  T4 algdep(xi,4) = 147042129285*x^4 + 184941279569*x^3 - 600715014371*x^2 + 659062228580*x + 276128840621   min|root-xi| = 6.586488129970321209 E-62
  T4 algdep(xi,5) = 3319582932*x^5 + 2953639135*x^4 + 511853375*x^3 + 3887715823*x^2 - 11567008213*x - 4092125875   min|root-xi| = 2.2611926023656483020 E-63
  T4 algdep(xi,6) = 14155470*x^6 - 116681372*x^5 + 146796648*x^4 - 444092255*x^3 + 253851995*x^2 + 29429202*x - 32856359   min|root-xi| = 4.500427329971520866 E-62
  T4 algdep(xi/G,4) = 136447330093*x^4 + 232366780117*x^3 + 897194345168*x^2 + 791019374545*x + 174537196425   min|root-r| = 1.4954480405301148154 E-61
  T4 algdep(xi/zeta(2),4) = 611861537002*x^4 - 610988004362*x^3 + 360952643153*x^2 + 367316747419*x + 52358840926   min|root-r| = 1.1343253342864849563 E-61
  T4 algdep(xi/Pi^2,4) = 511167090128*x^4 + 895040990438*x^3 - 478257980805*x^2 + 542893913476*x + 18091438095   min|root-r| = 1.0548003479521027188 E-62
  T4 algdep(xi/L(g,2),4) = 1136321773183*x^4 + 688206294136*x^3 + 746314435883*x^2 + 469266559610*x + 81516895590   min|root-r| = 4.483640481418059790 E-61

=== m1_2_0_1_3_2_4_-9__27_0_-648_-126_324__t2_im
  xi = -0.18432324904639906004410654945057342449022978581913229630571722127824902655466
  T1/T2/T4: NO HIT (unidentified)
  T3 ratios:  xi/G       = -0.2012338129490228449755487236578958452155157169653623865641
              xi/(Pi*G)  = -0.06405471209613368321356899437444315836561913180212094595979
              xi*G       = -0.1688337543334604332420089497664178860343209632469612665048
              xi/zeta(2) = -0.11205509859709535802909636250437131239234805042703018262294
              xi/Pi^2    = -0.01867584976618255967151606041739521873205800840450503043715
              xi/L(g,2)  = -0.1643326758406961924036735181739784501655089364911940754784
  T3 lindep([1,xi,G,z2]) = [736683674469713, 611616505962757, 1660956948763797, -1304203004019496]~    residual 6.743244026609714108 E-48
  T3 lindep([xi,G,z2])   = [92368018952281944105, 17018314064912869164, 873824207225296012]~    residual 1.1692430813679832693 E-41
  T4 algdep(xi,1) = 126574785251355771702588118103*x + 23330675664880128556070852195   min|root-xi| = 2.6681235641762286468 E-61
  T4 algdep(xi,2) = 86692915746060916965*x^2 + 107622350577710112408*x + 16891904302394643379   min|root-xi| = 5.214741442694463945 E-62
  T4 algdep(xi,3) = 831504269218719*x^3 + 850279156356754*x^2 - 1121735522234574*x - 230443014594240   min|root-xi| = 3.008872000763979631 E-62
  T4 algdep(xi,4) = 308017633047*x^4 + 998864472240*x^3 + 634405523818*x^2 - 1509885765845*x - 293961279729   min|root-xi| = 3.979831250396167526 E-62
  T4 algdep(xi,5) = 5153712159*x^5 + 3178052404*x^4 + 6668883711*x^3 - 8161569858*x^2 + 3198385764*x + 906017946   min|root-xi| = 6.236755839642981792 E-62
  T4 algdep(xi,6) = 341471751*x^6 - 3631799*x^5 - 2102188*x^4 - 121592120*x^3 + 104308023*x^2 + 246740789*x + 41162997   min|root-xi| = 6.493407503331495370 E-62
  T4 algdep(xi/G,4) = 375575565072*x^4 + 583667083332*x^3 + 756606731046*x^2 - 25821698051*x - 31694624223   min|root-r| = 5.744061552318831302 E-62
  T4 algdep(xi/zeta(2),4) = 1077679557847*x^4 + 844811915135*x^3 - 796999303585*x^2 - 665913239580*x - 63592831834   min|root-r| = 1.5036109864368941428 E-61
  T4 algdep(xi/Pi^2,4) = 494315728352*x^4 + 1088451212991*x^3 + 516146635069*x^2 - 4715093748*x - 261053879   min|root-r| = 1.1058246560921660882 E-60
  T4 algdep(xi/L(g,2),4) = 575766510387*x^4 - 492378078089*x^3 + 243843016864*x^2 - 373413058752*x - 70553995686   min|root-r| = 1.0462972294018160900 E-61

=== m1_2_0_1_3_2_4_-9__27_0_-648_-126_324__t3_re
  xi = 0.21283815490968985563009143773965724178657484878138673190537422063071506698955
  T1/T2/T4: NO HIT (unidentified)
  T3 ratios:  xi/G       = 0.2323647921523462769186557090343776294032008412148217218992
              xi/(Pi*G)  = 0.07396401054313351922991522605360337552735069540989673223540
              xi*G       = 0.1949524270254370531471253095835685043574350429227275115278
              xi/zeta(2) = 0.1293900826782061226307446939313578562468685915562324463365
              xi/Pi^2    = 0.02156501377970102043845744898855964270781143192603874105608
              xi/L(g,2)  = 0.1897550292665549142433256031665487737026036833326670904669
  T3 lindep([1,xi,G,z2]) = [-312071011012150, -247316769603208, 18835362827491, 211228473305705]~    residual 1.7850614698135364633 E-47
  T3 lindep([xi,G,z2])   = [-182629502848603932716, 278570685907389144375, -131488940364381720622]~    residual 4.855988012998141288 E-42
  T4 algdep(xi,1) = 1053383238142337914480776825221*x - 224200144819009636791160013763   min|root-xi| = 6.591447254046388854 E-62
  T4 algdep(xi,2) = 28428836451997639783*x^2 + 33778242565980554238*x - 8477127394687259629   min|root-xi| = 5.700650557692715593 E-62
  T4 algdep(xi,3) = 808415011028836*x^3 - 438358684115868*x^2 - 1277138117549081*x + 283887001609066   min|root-xi| = 6.196269176865168085 E-62
  T4 algdep(xi,4) = 105555411978*x^4 + 1507094299623*x^3 - 385298638113*x^2 + 80161100916*x - 14354670107   min|root-xi| = 2.3155809654578980946 E-61
  T4 algdep(xi,5) = 3899932321*x^5 + 10406402831*x^4 + 3567055090*x^3 - 10573231289*x^2 - 1764364231*x + 797041883   min|root-xi| = 3.259160852237967721 E-62
  T4 algdep(xi,6) = 235903248*x^6 + 12622501*x^5 - 47627059*x^4 - 73048470*x^3 + 12807157*x^2 - 385074126*x + 82152897   min|root-xi| = 3.006863628951443705 E-62
  T4 algdep(xi/G,4) = 340208638668*x^4 - 95437438517*x^3 - 613463772852*x^2 + 913760164794*x - 178997129951   min|root-r| = 5.605562637447069879 E-62
  T4 algdep(xi/zeta(2),4) = 767472748275*x^4 + 58029400715*x^3 + 1010824294559*x^2 - 488575599937*x + 45953007971   min|root-r| = 7.356131754508237507 E-62
  T4 algdep(xi/Pi^2,4) = 162362963558*x^4 + 991535066012*x^3 + 873077640971*x^2 - 84259965831*x + 1401063698   min|root-r| = 1.3032392784348944535 E-60
  T4 algdep(xi/L(g,2),4) = 442864330823*x^4 - 364835158256*x^3 - 1371859269528*x^2 - 225808908642*x + 94163436333   min|root-r| = 2.829936673607343056 E-62

=== m1_2_0_1_3_2_4_-9__27_0_-648_-126_324__t3_im
  xi = 1.09053991327520957174128193325512465228347607337612928633886057054456336141108 E-394
  HIT  T4  algdep deg<=1:  x   height 1  agree 1000 digits
  HIT  T4  algdep deg<=2:  x   height 1  agree 1000 digits
  HIT  T4  algdep deg<=3:  x   height 1  agree 1000 digits
  HIT  T4  algdep deg<=4:  x   height 1  agree 1000 digits
  HIT  T4  algdep deg<=5:  x   height 1  agree 1000 digits
  HIT  T4  algdep deg<=6:  x   height 1  agree 1000 digits
  T3 ratios:  xi/G       = 1.190590476550382633863027064905387940034902912901653770615 E-394
              xi/(Pi*G)  = 3.789767190822573926529853701700660893272286183128328649576 E-395
              xi*G       = 9.98897039637100230162854296976944203727979898037761032359 E-395
              xi/zeta(2) = 6.629687689335396956732985155848731199838824631010361796103 E-395
              xi/Pi^2    = 1.1049479482225661594554975259747885333064707718350602993504 E-395
              xi/L(g,2)  = 9.72266618490886603535895810020761289506784241165420801125 E-395
  T3 lindep([1,xi,G,z2]) = [0, 1, 0, 0]~    residual 1.0905399132752095717 E-394
  T3 lindep([xi,G,z2])   = [1, 0, 0]~    residual 1.0905399132752095717 E-394
  T4 algdep(xi,1) = x   min|root-xi| = 0.E-250
  T4 algdep(xi,2) = x   min|root-xi| = 0.E-250
  T4 algdep(xi,3) = x   min|root-xi| = 0.E-250
  T4 algdep(xi,4) = x   min|root-xi| = 0.E-250
  T4 algdep(xi,5) = x   min|root-xi| = 0.E-250
  T4 algdep(xi,6) = x   min|root-xi| = 0.E-250
  T4 algdep(xi/G,4) = x   min|root-r| = 0.E-250
  T4 algdep(xi/zeta(2),4) = x   min|root-r| = 0.E-250
  T4 algdep(xi/Pi^2,4) = x   min|root-r| = 0.E-250
  T4 algdep(xi/L(g,2),4) = x   min|root-r| = 0.E-250

=== m1_2_0_1_3_2_4_-1__107_8_-216_-42_12__t1_re
  xi = -0.35040882666327984295658253855981844629308141246978315781580801787699260906961
  T1/T2/T4: NO HIT (unidentified)
  T3 ratios:  xi/G       = -0.3825567563790867797470969955385530258596005737318870577678
              xi/(Pi*G)  = -0.12177159758186724880162804381534947715139785899588018704210
              xi*G       = -0.3209624291195732664696585851792398493874227336907067929426
              xi/zeta(2) = -0.2130230224574776869694259052073941193038053629576674011854
              xi/Pi^2    = -0.03550383707624628116157098420123235321730089382627790019756
              xi/L(g,2)  = -0.3124056266460458267976097696798488616202761060960357296523
  T3 lindep([1,xi,G,z2]) = [1233319501794242, -197121530932602, 569449827043465, -1108852392385087]~    residual 5.656135957331469124 E-47
  T3 lindep([xi,G,z2])   = [177933125894693371268, 149908434299573721921, -45571206613604038141]~    residual 1.9263762159252448220 E-42
  T4 algdep(xi,1) = 998887620553566707795136833577*x + 350019039086650804283223080651   min|root-xi| = 5.672682457404655685 E-62
  T4 algdep(xi,2) = 225699456538107166543*x^2 + 173804180728881445425*x + 33189707520221698043   min|root-xi| = 1.1769627501578194757 E-61
  T4 algdep(xi,3) = 208901495251937*x^3 - 737181477379254*x^2 - 297163526579719*x - 4624828435638   min|root-xi| = 1.6252475289749929643 E-61
  T4 algdep(xi,4) = 506675534121*x^4 - 620095024076*x^3 + 762919259067*x^2 + 1280728622677*x + 320783810567   min|root-xi| = 3.584409943414615866 E-62
  T4 algdep(xi,5) = 5948698236*x^5 + 5197966006*x^4 - 1427812841*x^3 + 6093227193*x^2 + 11012249912*x + 3002251738   min|root-xi| = 6.418876863880710791 E-62
  T4 algdep(xi,6) = 154775941*x^6 + 265717268*x^5 + 261506653*x^4 - 157079309*x^3 + 3207158*x^2 + 221295020*x + 67566176   min|root-xi| = 5.755052095642161529 E-62
  T4 algdep(xi/G,4) = 219754606653*x^4 - 528371338241*x^3 + 285750923402*x^2 + 582260788814*x + 146639535359   min|root-r| = 7.644117975679072879 E-62
  T4 algdep(xi/zeta(2),4) = 774850394413*x^4 - 1046332084408*x^3 + 350006953829*x^2 - 408769781093*x - 114670483295   min|root-r| = 6.808388042587056710 E-62
  T4 algdep(xi/Pi^2,4) = 751839114423*x^4 + 556163309530*x^3 + 1139746035*x^2 - 1184754508965*x - 42041072157   min|root-r| = 4.752556459938273964 E-62
  T4 algdep(xi/L(g,2),4) = 584988251892*x^4 + 163826337117*x^3 - 448690321697*x^2 + 1104778643771*x + 388352925755   min|root-r| = 3.603055281933978439 E-62

=== m1_2_0_1_3_2_4_-1__107_8_-216_-42_12__t1_im
  xi = 0.E-250
  RATIONAL: xi = 0/1
  HIT  T4  algdep deg<=1:  x   height 1  agree 1000 digits
  HIT  T4  algdep deg<=2:  x   height 1  agree 1000 digits
  HIT  T4  algdep deg<=3:  x   height 1  agree 1000 digits
  HIT  T4  algdep deg<=4:  x   height 1  agree 1000 digits
  HIT  T4  algdep deg<=5:  x   height 1  agree 1000 digits
  HIT  T4  algdep deg<=6:  x   height 1  agree 1000 digits
  T3 ratios:  xi/G       = 0.E-250
              xi/(Pi*G)  = 0.E-250
              xi*G       = 0.E-250
              xi/zeta(2) = 0.E-250
              xi/Pi^2    = 0.E-251
              xi/L(g,2)  = 0.E-250
  T3 lindep([1,xi,G,z2]) = [0, 1, 0, 0]~    residual 0.E-250
  T3 lindep([xi,G,z2])   = [1, 0, 0]~    residual 0.E-250
  T4 algdep(xi,1) = x   min|root-xi| = 0.E-250
  T4 algdep(xi,2) = x   min|root-xi| = 0.E-250
  T4 algdep(xi,3) = x   min|root-xi| = 0.E-250
  T4 algdep(xi,4) = x   min|root-xi| = 0.E-250
  T4 algdep(xi,5) = x   min|root-xi| = 0.E-250
  T4 algdep(xi,6) = x   min|root-xi| = 0.E-250
  T4 algdep(xi/G,4) = x   min|root-r| = 0.E-250
  T4 algdep(xi/zeta(2),4) = x   min|root-r| = 0.E-250
  T4 algdep(xi/Pi^2,4) = x   min|root-r| = 0.E-250
  T4 algdep(xi/L(g,2),4) = x   min|root-r| = 0.E-250

=== m1_2_0_1_3_2_4_-1__107_8_-216_-42_12__t2_re
  xi = -0.43535642100589313821878436608947140297019205791700331728630693130171809005618
  T1/T2/T4: NO HIT (unidentified)
  T3 ratios:  xi/G       = -0.4752977882285623627160902065782022442498067734244657384388
              xi/(Pi*G)  = -0.1512919848744411272989924180736160170668882490554875051129
              xi*G       = -0.3987715028455304219774546058287525401480100630702720760802
              xi/zeta(2) = -0.2646649672956540959317109731364593603471521176140716196546
              xi/Pi^2    = -0.04411082788260901598861849552274322672452535293567860327576
              xi/L(g,2)  = -0.3881403240147842090515757744507213129221612227253777247195
  T3 lindep([1,xi,G,z2]) = [1613699254758404, -931670396159166, -443220537867391, -980788964848527]~    residual 1.7561115312779900804 E-47
  T3 lindep([xi,G,z2])   = [223063626730109292453, 236499415711327269002, -72655280265286948734]~    residual 1.0063160252905367543 E-41
  T4 algdep(xi,1) = 1024197698398842263888769025688*x + 445891044377393137150177225815   min|root-xi| = 1.3686149463857433744 E-61
  T4 algdep(xi,2) = 3411604529503802539*x^2 + 67811183078458935279*x + 28875414776980781619   min|root-xi| = 1.1567580064507550476 E-61
  T4 algdep(xi,3) = 474569092826822*x^3 - 124588957936846*x^2 + 70341083153476*x + 93396682222197   min|root-xi| = 1.3904828451716933100 E-61
  T4 algdep(xi,4) = 768384140205*x^4 - 854480818819*x^3 - 299792854435*x^2 + 17213114140*x - 33795782614   min|root-xi| = 1.0096611064296925853 E-61
  T4 algdep(xi,5) = 2148219078*x^5 - 2342177051*x^4 + 7735684561*x^3 - 6732813507*x^2 - 6634628324*x - 856273263   min|root-xi| = 1.1222766746339397566 E-61
  T4 algdep(xi,6) = 55021460*x^6 - 61463586*x^5 - 7446627*x^4 - 37001282*x^3 - 85672937*x^2 + 13816780*x + 18131704   min|root-xi| = 3.1114595513685909152 E-61
  T4 algdep(xi/G,4) = 988830133729*x^4 - 418200008697*x^3 + 79849950779*x^2 + 1052542104285*x + 386864194752   min|root-r| = 7.697664159715383110 E-62
  T4 algdep(xi/zeta(2),4) = 228834459980*x^4 - 38234345489*x^3 - 683987180783*x^2 + 1269540389191*x + 382082844246   min|root-r| = 1.0261564662042349764 E-62
  T4 algdep(xi/Pi^2,4) = 301111935045*x^4 + 324902070230*x^3 - 445982362192*x^2 + 428022480420*x + 19774949006   min|root-r| = 1.6638226749175169311 E-61
  T4 algdep(xi/L(g,2),4) = 141198428614*x^4 + 989948662363*x^3 + 139655645309*x^2 - 990076640849*x - 350646156443   min|root-r| = 5.775408043768970522 E-62

=== m1_2_0_1_3_2_4_-1__107_8_-216_-42_12__t2_im
  xi = -0.112375104551876062193140840186008582827996151353945222178670014167787200662234
  T1/T2/T4: NO HIT (unidentified)
  T3 ratios:  xi/G       = -0.12268485330261648815679492106863508222503439536444252440362
              xi/(Pi*G)  = -0.03905180169123090942291012199436186083276660954113313434621
              xi*G       = -0.10293172941158626646646276025001017173216161695795082429108
              xi/zeta(2) = -0.06831587163076525028649377494370133547545251597445465104604
              xi/Pi^2    = -0.01138597860512754171441562915728355591257541932907577517434
              xi/L(g,2)  = -0.10018758742820978704447883451732912694457100474747338408127
  T3 lindep([1,xi,G,z2]) = [-1801249653584080, 106758315513294, 1311961349132225, 371768805863420]~    residual 5.997798773507027988 E-48
  T3 lindep([xi,G,z2])   = [123055493106718970983, -233701612428658977690, 138541121364573125355]~    residual 1.0585235705321090037 E-42
  T4 algdep(xi,1) = 2340313384194623305669698551404*x + 262992961233025684982688009191   min|root-xi| = 3.831262040381184518 E-62
  T4 algdep(xi,2) = 115028331488002192102*x^2 + 140436469155246329952*x + 14328966255386598547   min|root-xi| = 1.965639475498666353 E-62
  T4 algdep(xi,3) = 1410007914602709*x^3 + 277792560971614*x^2 - 87520776215017*x - 11342236516479   min|root-xi| = 4.806115028895759339 E-61
  T4 algdep(xi,4) = 895564176340*x^4 - 615918721891*x^3 + 629629860540*x^2 + 624784770711*x + 61242323745   min|root-xi| = 1.3866306951827003096 E-61
  T4 algdep(xi,5) = 8234245155*x^5 - 6577803113*x^4 + 6202547039*x^3 + 121798140*x^2 + 3648089535*x + 418414864   min|root-xi| = 2.273428116199754075 E-62
  T4 algdep(xi,6) = 426668820*x^6 + 84265447*x^5 - 71767100*x^4 + 118746546*x^3 - 141463815*x^2 + 61964071*x + 8930255   min|root-xi| = 5.195344644303425460 E-62
  T4 algdep(xi/G,4) = 582720147720*x^4 + 631945068404*x^3 - 405723212551*x^2 + 28885369502*x + 10685504596   min|root-r| = 1.8669565549891446985 E-61
  T4 algdep(xi/zeta(2),4) = 170918081894*x^4 + 34911537251*x^3 - 395015455821*x^2 - 474567836187*x - 30569547059   min|root-r| = 3.507595955409056960 E-63
  T4 algdep(xi/Pi^2,4) = 1187506863436*x^4 + 353342491879*x^3 + 879915094941*x^2 + 307933766346*x + 3392556240   min|root-r| = 1.9391992661455004272 E-62
  T4 algdep(xi/L(g,2),4) = 708107674549*x^4 - 41375667928*x^3 - 680355578990*x^2 + 880273827344*x + 94908663455   min|root-r| = 2.511039775674947107 E-62

=== m1_2_0_1_3_2_4_-1__107_8_-216_-42_12__t3_re
  xi = 0.116802942221093280985527512853272815431027137489927719271936005958997536356536
  T1/T2/T4: NO HIT (unidentified)
  T3 ratios:  xi/G       = 0.1275189187930289265823656651795176752865335245772956859226
              xi/(Pi*G)  = 0.04059053252728908293387601460511649238379928633196006234737
              xi*G       = 0.10698747637319108882321952839307994979580757789690226431421
              xi/zeta(2) = 0.07100767415249256232314196840246470643460178765255580039512
              xi/Pi^2    = 0.01183461235874876038719032806707745107243363127542596673252
              xi/L(g,2)  = 0.10413520888201527559920325655994962054009203536534524321743
  T3 lindep([1,xi,G,z2]) = [1233319501794242, 591364592797806, 569449827043465, -1108852392385087]~    residual 5.656135957331469124 E-47
  T3 lindep([xi,G,z2])   = [-191625646514372459872, 96250795923092791915, -39989431482725432380]~    residual 7.194898798431287394 E-42
  T4 algdep(xi,1) = 2996662861660700123385410500731*x - 350019039086650804283223080651   min|root-xi| = 1.8908941524682185617 E-62
  T4 algdep(xi,2) = 201752565707297368089*x^2 + 73152863707871814325*x - 11296965301832166888   min|root-xi| = 5.067766460403771515 E-62
  T4 algdep(xi,3) = 769699726957073*x^3 - 438286216466698*x^2 + 206247984054097*x - 19337407095359   min|root-xi| = 4.449681133114911999 E-61
  T4 algdep(xi,4) = 96516499468*x^4 + 147071354279*x^3 + 1016234265563*x^2 - 521473930893*x + 46792951428   min|root-xi| = 9.526446611947670042 E-62
  T4 algdep(xi,5) = 7054415940*x^5 - 2527340025*x^4 - 3568513457*x^3 - 3569465417*x^2 - 5515431013*x + 698920121   min|root-xi| = 3.348134270368594089 E-62
  T4 algdep(xi,6) = 325027356*x^6 + 60740373*x^5 - 41745881*x^4 - 78836482*x^3 - 122614364*x^2 + 239262010*x - 26142435   min|root-xi| = 3.014319136299710830 E-62
  T4 algdep(xi/G,4) = 864464461506*x^4 - 555233658417*x^3 - 798895024451*x^2 + 284271501335*x - 22336357212   min|root-r| = 5.509225479165278024 E-61
  T4 algdep(xi/zeta(2),4) = 1006161759035*x^4 - 762466546552*x^3 + 125352319090*x^2 - 542764423327*x + 38155806010   min|root-r| = 8.219309445462163557 E-62
  T4 algdep(xi/Pi^2,4) = 196243422495*x^4 + 353697918364*x^3 - 63141112611*x^2 - 1388246512967*x + 16437612645   min|root-r| = 6.359343302030592382 E-62
  T4 algdep(xi/L(g,2),4) = 1323971063007*x^4 - 200357741365*x^3 + 294808155542*x^2 - 853050997326*x + 85706264827   min|root-r| = 2.117846631273480783 E-62

=== m1_2_0_1_3_2_4_-1__107_8_-216_-42_12__t3_im
  xi = -5.2255718869897331117708903538562556971271370531245666420931333604546933510617 E-395
  HIT  T4  algdep deg<=1:  x   height 1  agree 1000 digits
  HIT  T4  algdep deg<=2:  x   height 1  agree 1000 digits
  HIT  T4  algdep deg<=3:  x   height 1  agree 1000 digits
  HIT  T4  algdep deg<=4:  x   height 1  agree 1000 digits
  HIT  T4  algdep deg<=5:  x   height 1  agree 1000 digits
  HIT  T4  algdep deg<=6:  x   height 1  agree 1000 digits
  T3 ratios:  xi/G       = -5.704987087079060001569783597847432040211206102430686625890 E-395
              xi/(Pi*G)  = -1.815953790368131069935390301744089432651461390492545005127 E-395
              xi*G       = -4.786444058382322464534038384621228041380510739979948556151 E-395
              xi/zeta(2) = -3.176766772787545608886025680059949714286238001727274601676 E-395
              xi/Pi^2    = -5.294611287979242681476709466766582857143730002878791002793 E-396
              xi/L(g,2)  = -4.658838293213750863379826038864495652147068907835376988733 E-395
  T3 lindep([1,xi,G,z2]) = [0, 1, 0, 0]~    residual 5.225571886989733112 E-395
  T3 lindep([xi,G,z2])   = [1, 0, 0]~    residual 5.225571886989733112 E-395
  T4 algdep(xi,1) = x   min|root-xi| = 0.E-250
  T4 algdep(xi,2) = x   min|root-xi| = 0.E-250
  T4 algdep(xi,3) = x   min|root-xi| = 0.E-250
  T4 algdep(xi,4) = x   min|root-xi| = 0.E-250
  T4 algdep(xi,5) = x   min|root-xi| = 0.E-250
  T4 algdep(xi,6) = x   min|root-xi| = 0.E-250
  T4 algdep(xi/G,4) = x   min|root-r| = 0.E-250
  T4 algdep(xi/zeta(2),4) = x   min|root-r| = 0.E-250
  T4 algdep(xi/Pi^2,4) = x   min|root-r| = 0.E-250
  T4 algdep(xi/L(g,2),4) = x   min|root-r| = 0.E-250

=== m1_2_0_1_4_3_5_8__32_6_384_84_96__t1_re
  xi = 0.48423755360437642454709123916821281324910860106802418445522707278646892559808
  T1/T2/T4: NO HIT (unidentified)
  T3 ratios:  xi/G       = 0.5286634745700799808518105021339291323238507601190915256911
              xi/(Pi*G)  = 0.1682788104199294727245464692322604414397193727953268175653
              xi*G       = 0.4435449385101555950120909699934231653065439677922041351933
              xi/zeta(2) = 0.2943811325715924260645567838593390993951224904210199872067
              xi/Pi^2    = 0.04906352209526540434409279730988984989918708173683666453445
              xi/L(g,2)  = 0.4317201076806557912198329640660305166429618432353717614204
  T3 lindep([1,xi,G,z2]) = [-286794900330033, -1013668209135110, 675281501576565, 96731227996609]~    residual 9.649381205857666431 E-47
  T3 lindep([xi,G,z2])   = [23228418422250280171, -105939471609029991807, 52153359990088877782]~    residual 6.317822083317917297 E-42
  T4 algdep(xi,1) = 469773414711245096901436902023*x - 227481929088147504037259911455   min|root-xi| = 4.726626536192422754 E-61
  T4 algdep(xi,2) = 92595963130377374814*x^2 + 65448449511037467114*x - 53405054859481982065   min|root-xi| = 3.767140684903656246 E-62
  T4 algdep(xi,3) = 383434601638360*x^3 + 453680610586460*x^2 + 184053982501057*x - 239045427910724   min|root-xi| = 4.320260942882168872 E-62
  T4 algdep(xi,4) = 185377520087*x^4 - 87667172521*x^3 + 820455062356*x^2 + 984054959693*x - 669140000226   min|root-xi| = 2.107630844989789341 E-62
  T4 algdep(xi,5) = 11352311368*x^5 - 2753605891*x^4 + 1415855941*x^3 + 2424235761*x^2 - 4070458832*x + 1090999789   min|root-xi| = 2.2346921377566465606 E-61
  T4 algdep(xi,6) = 128085786*x^6 + 384549462*x^5 + 23205852*x^4 + 245556142*x^3 + 181495120*x^2 - 39569251*x - 64445330   min|root-xi| = 1.7773769617160787172 E-62
  T4 algdep(xi/G,4) = 152816455674*x^4 - 995191978431*x^3 - 192523822517*x^2 - 506004874301*x + 456420190176   min|root-r| = 4.551899706246554519 E-63
  T4 algdep(xi/zeta(2),4) = 226573716169*x^4 - 244043018011*x^3 + 627398547277*x^2 - 415750906019*x + 72542954756   min|root-r| = 2.989477267102962104 E-62
  T4 algdep(xi/Pi^2,4) = 258455654003*x^4 - 540766819979*x^3 + 1279147580387*x^2 - 79523333810*x + 884864176   min|root-r| = 2.2563912725310447403 E-61
  T4 algdep(xi/L(g,2),4) = 699687561694*x^4 - 477469488922*x^3 - 933171915964*x^2 + 197475772764*x + 102785999803   min|root-r| = 6.774202516534850152 E-62

=== m1_2_0_1_4_3_5_8__32_6_384_84_96__t1_im
  xi = 0.E-250
  RATIONAL: xi = 0/1
  HIT  T4  algdep deg<=1:  x   height 1  agree 1000 digits
  HIT  T4  algdep deg<=2:  x   height 1  agree 1000 digits
  HIT  T4  algdep deg<=3:  x   height 1  agree 1000 digits
  HIT  T4  algdep deg<=4:  x   height 1  agree 1000 digits
  HIT  T4  algdep deg<=5:  x   height 1  agree 1000 digits
  HIT  T4  algdep deg<=6:  x   height 1  agree 1000 digits
  T3 ratios:  xi/G       = 0.E-250
              xi/(Pi*G)  = 0.E-250
              xi*G       = 0.E-250
              xi/zeta(2) = 0.E-250
              xi/Pi^2    = 0.E-251
              xi/L(g,2)  = 0.E-250
  T3 lindep([1,xi,G,z2]) = [0, 1, 0, 0]~    residual 0.E-250
  T3 lindep([xi,G,z2])   = [1, 0, 0]~    residual 0.E-250
  T4 algdep(xi,1) = x   min|root-xi| = 0.E-250
  T4 algdep(xi,2) = x   min|root-xi| = 0.E-250
  T4 algdep(xi,3) = x   min|root-xi| = 0.E-250
  T4 algdep(xi,4) = x   min|root-xi| = 0.E-250
  T4 algdep(xi,5) = x   min|root-xi| = 0.E-250
  T4 algdep(xi,6) = x   min|root-xi| = 0.E-250
  T4 algdep(xi/G,4) = x   min|root-r| = 0.E-250
  T4 algdep(xi/zeta(2),4) = x   min|root-r| = 0.E-250
  T4 algdep(xi/Pi^2,4) = x   min|root-r| = 0.E-250
  T4 algdep(xi/L(g,2),4) = x   min|root-r| = 0.E-250

=== m1_2_0_1_4_3_5_8__32_6_384_84_96__t2_re
  xi = 0.25807007827122690635223270194585953913630981976172396540410506837445540702882
  T1/T2/T4: NO HIT (unidentified)
  T3 ratios:  xi/G       = 0.2817464759722143814337761621114297344510497371341131350057
              xi/(Pi*G)  = 0.08968268869939967294407857078347577111814380916334288072240
              xi*G       = 0.2363833125830657714719964686217885857197039364539020718339
              xi/zeta(2) = 0.1568877947586687837967551859649062849728258661661090218724
              xi/Pi^2    = 0.02614796579311146396612586432748438082880431102768483697873
              xi/L(g,2)  = 0.2300813746292691797784083002261569182874327411924427987403
  T3 lindep([1,xi,G,z2]) = [-374528206598139, -447317830357374, -1410965763598259, 1083547167044616]~    residual 1.3058499238673936581 E-47
  T3 lindep([xi,G,z2])   = [-151793469695934223091, 46165349367713353804, -1892184690702738951]~    residual 6.070684491561630138 E-42
  T4 algdep(xi,1) = 3020863456570648122527024103317*x - 779594468683876223329271825656   min|root-xi| = 3.084324895524773070 E-62
  T4 algdep(xi,2) = 54544587054041124770*x^2 - 148421531221994854705*x + 34670477665635243146   min|root-xi| = 6.048411254296645614 E-62
  T4 algdep(xi,3) = 18623209823358*x^3 - 735728928026359*x^2 + 952519427847259*x - 197137181680335   min|root-xi| = 1.8664144815398729102 E-62
  T4 algdep(xi,4) = 563350946116*x^4 - 581573692390*x^3 - 20947513775*x^2 - 290525356758*x + 83868023691   min|root-xi| = 2.168222468563688886 E-62
  T4 algdep(xi,5) = 6850830594*x^5 - 8500390557*x^4 + 1951625667*x^3 - 2416646367*x^2 + 4169198253*x - 918677762   min|root-xi| = 9.321063145797017660 E-62
  T4 algdep(xi,6) = 93741242*x^6 - 366276153*x^5 + 302467824*x^4 + 172316378*x^3 - 140129705*x^2 - 121617272*x + 36806711   min|root-xi| = 5.578135740206410994 E-62
  T4 algdep(xi/G,4) = 281333608691*x^4 + 545995600146*x^3 + 153373059088*x^2 + 500533924002*x - 167182747286   min|root-r| = 7.210787026400958681 E-62
  T4 algdep(xi/zeta(2),4) = 493672922099*x^4 + 601994180496*x^3 - 1283176990109*x^2 - 171592386783*x + 55880839836   min|root-r| = 6.920996772442068366 E-62
  T4 algdep(xi/Pi^2,4) = 578981338578*x^4 - 409098634076*x^3 + 921019895826*x^2 - 1264850221590*x + 32450587305   min|root-r| = 1.4074406591221977736 E-62
  T4 algdep(xi/L(g,2),4) = 557890430255*x^4 + 1098243486852*x^3 + 312069038722*x^2 + 483586940661*x - 142724416922   min|root-r| = 5.265062585712632699 E-62

=== m1_2_0_1_4_3_5_8__32_6_384_84_96__t2_im
  xi = 0.54601658631697200024656938947333570037157205462550157866821255701759163969037
  T1/T2/T4: NO HIT (unidentified)
  T3 ratios:  xi/G       = 0.5961103667954256240101149831680684073307947879419250957214
              xi/(Pi*G)  = 0.1897478230076296403240947559251804490400570108873678032634
              xi*G       = 0.5001324069164420521177877577817262446380270094126277506536
              xi/zeta(2) = 0.3319382808839057596145828734728264051316450435418769942566
              xi/Pi^2    = 0.05532304681398429326909714557880440085527417392364616570944
              xi/L(g,2)  = 0.4867989640323856131952295649570355355026390626862418404640
  T3 lindep([1,xi,G,z2]) = [-507197379569466, -126138966158709, 1254092916010557, -348120102340181]~    residual 3.757538970713431909 E-47
  T3 lindep([xi,G,z2])   = [-90965708357409406350, -150561141614447250869, 114033513481487643991]~    residual 1.5295014846046179671 E-41
  T4 algdep(xi,1) = 2723435843345770645717412186219*x - 1487041142236941412322148448952   min|root-xi| = 8.635260628715701225 E-62
  T4 algdep(xi,2) = 90086269132061574820*x^2 + 70872717262279416279*x - 65555469041675470988   min|root-xi| = 2.607295010677039631 E-62
  T4 algdep(xi,3) = 1332125973028022*x^3 - 260967522646894*x^2 - 261566981500775*x + 3771545470281   min|root-xi| = 4.486807929494431137 E-62
  T4 algdep(xi,4) = 688063002848*x^4 - 285274380822*x^3 - 15851371547*x^2 - 590891380635*x + 312643296199   min|root-xi| = 3.734775246141670980 E-62
  T4 algdep(xi,5) = 1979867660*x^5 + 10321612105*x^4 + 5114854458*x^3 - 4274561912*x^2 + 3279002712*x - 2362137515   min|root-xi| = 4.793911973354924477 E-62
  T4 algdep(xi,6) = 298016083*x^6 - 81665848*x^5 - 101607635*x^4 + 206581139*x^3 + 169283894*x^2 - 335578921*x + 104231276   min|root-xi| = 2.7252906105981119786 E-61
  T4 algdep(xi/G,4) = 731578188042*x^4 - 225131872489*x^3 - 78183858434*x^2 - 1108868369980*x + 644101477921   min|root-r| = 3.117710550027410075 E-62
  T4 algdep(xi/zeta(2),4) = 1072611188984*x^4 - 562200677822*x^3 + 109602719217*x^2 + 624460677277*x - 211818675666   min|root-r| = 8.672785617503847731 E-62
  T4 algdep(xi/Pi^2,4) = 992213665833*x^4 + 81109046363*x^3 + 1358819451287*x^2 - 299552578847*x + 12390276569   min|root-r| = 3.1024141645855720971 E-61
  T4 algdep(xi/L(g,2),4) = 299326556362*x^4 - 1254857295477*x^3 + 674095821759*x^2 + 1082891826135*x - 558944125983   min|root-r| = 2.980282236919047828 E-62

=== m1_2_0_1_4_3_5_8__32_6_384_84_96__t3_re
  xi = 0.25807007827122690635223270194585953913630981976172396540410506837445540702882
  T1/T2/T4: NO HIT (unidentified)
  T3 ratios:  xi/G       = 0.2817464759722143814337761621114297344510497371341131350057
              xi/(Pi*G)  = 0.08968268869939967294407857078347577111814380916334288072240
              xi*G       = 0.2363833125830657714719964686217885857197039364539020718339
              xi/zeta(2) = 0.1568877947586687837967551859649062849728258661661090218724
              xi/Pi^2    = 0.02614796579311146396612586432748438082880431102768483697873
              xi/L(g,2)  = 0.2300813746292691797784083002261569182874327411924427987403
  T3 lindep([1,xi,G,z2]) = [-374528206598139, -447317830357374, -1410965763598259, 1083547167044616]~    residual 1.3058499238673936581 E-47
  T3 lindep([xi,G,z2])   = [-151793469695934223091, 46165349367713353804, -1892184690702738951]~    residual 6.070684491561630138 E-42
  T4 algdep(xi,1) = 3020863456570648122527024103317*x - 779594468683876223329271825656   min|root-xi| = 3.084324895524773070 E-62
  T4 algdep(xi,2) = 54544587054041124770*x^2 - 148421531221994854705*x + 34670477665635243146   min|root-xi| = 6.048411254296645614 E-62
  T4 algdep(xi,3) = 18623209823358*x^3 - 735728928026359*x^2 + 952519427847259*x - 197137181680335   min|root-xi| = 1.8664144815398729102 E-62
  T4 algdep(xi,4) = 563350946116*x^4 - 581573692390*x^3 - 20947513775*x^2 - 290525356758*x + 83868023691   min|root-xi| = 2.168222468563688886 E-62
  T4 algdep(xi,5) = 6850830594*x^5 - 8500390557*x^4 + 1951625667*x^3 - 2416646367*x^2 + 4169198253*x - 918677762   min|root-xi| = 9.321063145797017660 E-62
  T4 algdep(xi,6) = 93741242*x^6 - 366276153*x^5 + 302467824*x^4 + 172316378*x^3 - 140129705*x^2 - 121617272*x + 36806711   min|root-xi| = 5.578135740206410994 E-62
  T4 algdep(xi/G,4) = 281333608691*x^4 + 545995600146*x^3 + 153373059088*x^2 + 500533924002*x - 167182747286   min|root-r| = 7.210787026400958681 E-62
  T4 algdep(xi/zeta(2),4) = 493672922099*x^4 + 601994180496*x^3 - 1283176990109*x^2 - 171592386783*x + 55880839836   min|root-r| = 6.920996772442068366 E-62
  T4 algdep(xi/Pi^2,4) = 578981338578*x^4 - 409098634076*x^3 + 921019895826*x^2 - 1264850221590*x + 32450587305   min|root-r| = 1.4074406591221977736 E-62
  T4 algdep(xi/L(g,2),4) = 557890430255*x^4 + 1098243486852*x^3 + 312069038722*x^2 + 483586940661*x - 142724416922   min|root-r| = 5.265062585712632699 E-62

=== m1_2_0_1_4_3_5_8__32_6_384_84_96__t3_im
  xi = -0.54601658631697200024656938947333570037157205462550157866821255701759163969037
  T1/T2/T4: NO HIT (unidentified)
  T3 ratios:  xi/G       = -0.5961103667954256240101149831680684073307947879419250957214
              xi/(Pi*G)  = -0.1897478230076296403240947559251804490400570108873678032634
              xi*G       = -0.5001324069164420521177877577817262446380270094126277506536
              xi/zeta(2) = -0.3319382808839057596145828734728264051316450435418769942566
              xi/Pi^2    = -0.05532304681398429326909714557880440085527417392364616570944
              xi/L(g,2)  = -0.4867989640323856131952295649570355355026390626862418404640
  T3 lindep([1,xi,G,z2]) = [-507197379569466, 126138966158709, 1254092916010557, -348120102340181]~    residual 3.757538970713431909 E-47
  T3 lindep([xi,G,z2])   = [-90965708357409406350, 150561141614447250869, -114033513481487643991]~    residual 1.5295014846046179671 E-41
  T4 algdep(xi,1) = 2723435843345770645717412186219*x + 1487041142236941412322148448952   min|root-xi| = 8.635260628715701225 E-62
  T4 algdep(xi,2) = 90086269132061574820*x^2 - 70872717262279416279*x - 65555469041675470988   min|root-xi| = 2.607295010677039631 E-62
  T4 algdep(xi,3) = 1332125973028022*x^3 + 260967522646894*x^2 - 261566981500775*x - 3771545470281   min|root-xi| = 4.486807929494431137 E-62
  T4 algdep(xi,4) = 688063002848*x^4 + 285274380822*x^3 - 15851371547*x^2 + 590891380635*x + 312643296199   min|root-xi| = 3.734775246141670980 E-62
  T4 algdep(xi,5) = 1979867660*x^5 - 10321612105*x^4 + 5114854458*x^3 + 4274561912*x^2 + 3279002712*x + 2362137515   min|root-xi| = 4.793911973354924477 E-62
  T4 algdep(xi,6) = 298016083*x^6 + 81665848*x^5 - 101607635*x^4 - 206581139*x^3 + 169283894*x^2 + 335578921*x + 104231276   min|root-xi| = 2.7252906105981119786 E-61
  T4 algdep(xi/G,4) = 731578188042*x^4 + 225131872489*x^3 - 78183858434*x^2 + 1108868369980*x + 644101477921   min|root-r| = 3.117710550027410075 E-62
  T4 algdep(xi/zeta(2),4) = 1072611188984*x^4 + 562200677822*x^3 + 109602719217*x^2 - 624460677277*x - 211818675666   min|root-r| = 8.672785617503847731 E-62
  T4 algdep(xi/Pi^2,4) = 992213665833*x^4 - 81109046363*x^3 + 1358819451287*x^2 + 299552578847*x + 12390276569   min|root-r| = 3.1024141645855720971 E-61
  T4 algdep(xi/L(g,2),4) = 299326556362*x^4 + 1254857295477*x^3 + 674095821759*x^2 - 1082891826135*x - 558944125983   min|root-r| = 2.980282236919047828 E-62

=== m1_2_0_1_4_3_5_-8__0_-2_-128_-28_32__t1_re
  xi = -0.31692535921035498097889501574223569339284710696878134781480777272059951915336
  T1/T2/T4: NO HIT (unidentified)
  T3 ratios:  xi/G       = -0.3460013795551331126599066294487899697658644065216458791987
              xi/(Pi*G)  = -0.11013565974562897770703193839430329326970116262789189185607
              xi*G       = -0.2902927249589413711082778006714935946428051071141395493362
              xi/zeta(2) = -0.1926675151287974488317272277142814775999407832487333886459
              xi/Pi^2    = -0.03211125252146624147195453795238024626665679720812223144098
              xi/L(g,2)  = -0.2825535714580489212209421734892363927778764535973634202430
  T3 lindep([1,xi,G,z2]) = [641548632535899, 1463404002892065, 805953596345557, -556851837691255]~    residual 2.7166287799894200550 E-48
  T3 lindep([xi,G,z2])   = [213394397687789415700, -177667483358124387856, 140046584689057297169]~    residual 4.367512135024232603 E-43
  T4 algdep(xi,1) = 3963610085609039662024731340070*x + 1256168550151430752698472629903   min|root-xi| = 2.3148715684905089155 E-63
  T4 algdep(xi,2) = 78479632880994086927*x^2 + 192707067902494071205*x + 53191130285206259457   min|root-xi| = 2.928749247991280233 E-62
  T4 algdep(xi,3) = 388849830831093*x^3 - 1293644912784845*x^2 + 643427473930909*x + 346232424628100   min|root-xi| = 9.565768435571358689 E-63
  T4 algdep(xi,4) = 601570758206*x^4 + 18833055761*x^3 + 23875526983*x^2 - 970086096318*x - 315312444793   min|root-xi| = 2.487259225365769373 E-62
  T4 algdep(xi,5) = 5881268185*x^5 - 1080438545*x^4 - 8267676539*x^3 + 10012321523*x^2 - 8111370285*x - 3809830034   min|root-xi| = 2.082611936144367523 E-62
  T4 algdep(xi,6) = 341594215*x^6 - 410178552*x^5 - 145172832*x^4 + 187744990*x^3 - 133486460*x^2 - 58421869*x + 675600   min|root-xi| = 1.0293904329786580180 E-62
  T4 algdep(xi/G,4) = 398945201438*x^4 + 512438892614*x^3 + 765611859563*x^2 + 374013033787*x + 53260925648   min|root-r| = 3.409058232948934406 E-61
  T4 algdep(xi/zeta(2),4) = 383209337043*x^4 + 426341882641*x^3 - 22103494909*x^2 + 366118127169*x + 73880707624   min|root-r| = 7.412739848203290148 E-63
  T4 algdep(xi/Pi^2,4) = 11850558842*x^4 - 1530180897599*x^3 + 74516135862*x^2 + 573978492067*x + 18303653934   min|root-r| = 8.695745194911150424 E-62
  T4 algdep(xi/L(g,2),4) = 438075470561*x^4 - 740763453702*x^3 + 643556835760*x^2 - 956834332695*x - 341238744455   min|root-r| = 1.4514059467403283012 E-62

=== m1_2_0_1_4_3_5_-8__0_-2_-128_-28_32__t1_im
  xi = 0.E-250
  RATIONAL: xi = 0/1
  HIT  T4  algdep deg<=1:  x   height 1  agree 1000 digits
  HIT  T4  algdep deg<=2:  x   height 1  agree 1000 digits
  HIT  T4  algdep deg<=3:  x   height 1  agree 1000 digits
  HIT  T4  algdep deg<=4:  x   height 1  agree 1000 digits
  HIT  T4  algdep deg<=5:  x   height 1  agree 1000 digits
  HIT  T4  algdep deg<=6:  x   height 1  agree 1000 digits
  T3 ratios:  xi/G       = 0.E-250
              xi/(Pi*G)  = 0.E-250
              xi*G       = 0.E-250
              xi/zeta(2) = 0.E-250
              xi/Pi^2    = 0.E-251
              xi/L(g,2)  = 0.E-250
  T3 lindep([1,xi,G,z2]) = [0, 1, 0, 0]~    residual 0.E-250
  T3 lindep([xi,G,z2])   = [1, 0, 0]~    residual 0.E-250
  T4 algdep(xi,1) = x   min|root-xi| = 0.E-250
  T4 algdep(xi,2) = x   min|root-xi| = 0.E-250
  T4 algdep(xi,3) = x   min|root-xi| = 0.E-250
  T4 algdep(xi,4) = x   min|root-xi| = 0.E-250
  T4 algdep(xi,5) = x   min|root-xi| = 0.E-250
  T4 algdep(xi,6) = x   min|root-xi| = 0.E-250
  T4 algdep(xi/G,4) = x   min|root-r| = 0.E-250
  T4 algdep(xi/zeta(2),4) = x   min|root-r| = 0.E-250
  T4 algdep(xi/Pi^2,4) = x   min|root-r| = 0.E-250
  T4 algdep(xi/L(g,2),4) = x   min|root-r| = 0.E-250

=== m1_2_0_1_4_3_5_-8__0_-2_-128_-28_32__t2_re
  xi = -0.51112966251015171168984256393382943173412649686730316422490689135214867463097
  T1/T2/T4: NO HIT (unidentified)
  T3 ratios:  xi/G       = -0.5580227748284390965417744592044700373488580274082288485822
              xi/(Pi*G)  = -0.1776241659436034988972424812700207789875574551542357150398
              xi*G       = -0.4681771850227125389833443778456284568196585640196335262963
              xi/zeta(2) = -0.3107295744014232556411371194747534323641265886562911438342
              xi/Pi^2    = -0.05178826240023720927352285324579223872735443144271519063903
              xi/L(g,2)  = -0.4556956627902178314740836923272981601976181096936782763165
  T3 lindep([1,xi,G,z2]) = [-409786026476651, -1500449702472221, -861463831532418, 262583720196121]~    residual 1.3293307791283890993 E-47
  T3 lindep([xi,G,z2])   = [16504293846152500658, -3070838677931514119, 6838338961122692535]~    residual 1.2749368484318840056 E-41
  T4 algdep(xi,1) = 1810247140506598728605384201118*x + 925271009987104994232784035047   min|root-xi| = 7.109150903012767185 E-62
  T4 algdep(xi,2) = 40873250434842627107*x^2 + 128084802572886958010*x + 54789660875515583965   min|root-xi| = 4.351878103724268532 E-63
  T4 algdep(xi,3) = 597130609694229*x^3 + 619241983769484*x^2 + 1458533293964054*x + 663457970299864   min|root-xi| = 1.1820657663853467483 E-62
  T4 algdep(xi,4) = 460643723871*x^4 + 329415172539*x^3 + 198243923956*x^2 + 1002464340103*x + 473145097692   min|root-xi| = 4.497325158126946730 E-62
  T4 algdep(xi,5) = 2674189328*x^5 - 6003492533*x^4 + 4326020485*x^3 - 3837575551*x^2 + 7794735360*x + 6067424805   min|root-xi| = 8.656366035105798652 E-63
  T4 algdep(xi,6) = 17257947*x^6 - 282197*x^5 - 340981056*x^4 + 131173292*x^3 - 297274942*x^2 - 224883858*x + 3191009   min|root-xi| = 3.282729017281584384 E-64
  T4 algdep(xi/G,4) = 600268338007*x^4 - 237290053244*x^3 - 1145121476273*x^2 - 5049781637*x + 254324689555   min|root-r| = 1.8776978731196947828 E-62
  T4 algdep(xi/zeta(2),4) = 317952295501*x^4 - 940202963783*x^3 - 674865014882*x^2 + 669106532001*x + 241899433391   min|root-r| = 2.315630390930617315 E-62
  T4 algdep(xi/Pi^2,4) = 880484382403*x^4 - 743227885783*x^3 + 631584021038*x^2 + 879105571222*x + 43723860475   min|root-r| = 1.5465930618441897924 E-62
  T4 algdep(xi/L(g,2),4) = 434360982009*x^4 + 790356762211*x^3 + 341580490755*x^2 + 422060816789*x + 177459379715   min|root-r| = 6.011515430485617377 E-62

=== m1_2_0_1_4_3_5_-8__0_-2_-128_-28_32__t2_im
  xi = -0.43425402370133220993960274800628468166412399230150090459726248707315159350182
  T1/T2/T4: NO HIT (unidentified)
  T3 ratios:  xi/G       = -0.4740942525154647822566178118159662352049221745866354881722
              xi/(Pi*G)  = -0.1509088875585869091191320422517969558664109416711308868240
              xi*G       = -0.3977617448434389066325094797025020495494982831039543685417
              xi/zeta(2) = -0.2639947900972006800716175202702068838140662208215125238102
              xi/Pi^2    = -0.04399913168286678001193625337836781396901103680358542063503
              xi/L(g,2)  = -0.3871574859852068034345908333211903057699043219003721542284
  T3 lindep([1,xi,G,z2]) = [-456692254933671, -25996564127078, -776464425713633, 703139332284287]~    residual 8.453056846310481084 E-47
  T3 lindep([xi,G,z2])   = [-235909038016903862108, 40304065316308612099, -84721685160660986963]~    residual 1.6502317188956695602 E-42
  T4 algdep(xi,1) = 1695131794399041813205166151850*x + 736117802421843302234322240413   min|root-xi| = 3.274400096217710561 E-62
  T4 algdep(xi,2) = 198510895817038420862*x^2 - 6057584819128153451*x - 40065031861790656501   min|root-xi| = 2.896477032936338042 E-62
  T4 algdep(xi,3) = 150708150411249*x^3 + 650574942760247*x^2 + 938283108049101*x + 297111542032367   min|root-xi| = 1.2419396335551834683 E-62
  T4 algdep(xi,4) = 323244819101*x^4 - 678544485477*x^3 - 814195066689*x^2 + 167951305021*x + 159410590115   min|root-xi| = 1.6299623780289123420 E-61
  T4 algdep(xi,5) = 5819331684*x^5 - 3549799634*x^4 + 2290943336*x^3 + 10632163692*x^2 - 8713595216*x - 5385184749   min|root-xi| = 2.009610652839208341 E-62
  T4 algdep(xi,6) = 155081946*x^6 + 328540927*x^5 - 36707368*x^4 - 208477380*x^3 + 218230426*x^2 + 144134238*x + 9704380   min|root-xi| = 2.681679218186743817 E-62
  T4 algdep(xi/G,4) = 984175260883*x^4 + 342266035420*x^3 - 933680807497*x^2 + 722784408432*x + 539278884045   min|root-r| = 5.827094791836110050 E-62
  T4 algdep(xi/zeta(2),4) = 41155596994*x^4 - 944933067506*x^3 + 715672005693*x^2 - 157503885952*x - 109043108832   min|root-r| = 1.5136027207849241724 E-62
  T4 algdep(xi/Pi^2,4) = 518849149278*x^4 + 706995868760*x^3 - 971367993240*x^2 + 451541530749*x + 21806206111   min|root-r| = 7.372676136557032203 E-62
  T4 algdep(xi/L(g,2),4) = 945774105534*x^4 - 329216817904*x^3 - 749396835610*x^2 + 364517329971*x + 213099504601   min|root-r| = 1.4270987900896202062 E-62

=== m1_2_0_1_4_3_5_-8__0_-2_-128_-28_32__t3_re
  xi = 0.50701371958301667631656361717723967219565886680221812881085991733829932313395
  T1/T2/T4: NO HIT (unidentified)
  T3 ratios:  xi/G       = 0.5535292185711953427340547359179081914309049480871565504975
              xi/(Pi*G)  = 0.1761938225627997792263835834730964980096959805149036450423
              xi*G       = 0.4644071229138597742378800829601090333752393318097189914062
              xi/zeta(2) = 0.3082273811463334744892956031798629500145537310420369115562
              xi/Pi^2    = 0.05137123019105557908154926719664382500242562184033948525937
              xi/L(g,2)  = 0.4520261098807342090889246111152270414788334176612703494445
  T3 lindep([1,xi,G,z2]) = [-93243450635693, 496376365946322, 1055038808710196, -683799702945720]~    residual 5.466947864687856301 E-47
  T3 lindep([xi,G,z2])   = [-46761430042554364589, -72597152035357945504, 54838173697365610307]~    residual 4.256271037670761911 E-42
  T4 algdep(xi,1) = 23573484992276061781632563063*x - 11952080309468307227974474583   min|root-xi| = 8.190874890007234408 E-60
  T4 algdep(xi,2) = 159004092540787006154*x^2 + 33601486678679640143*x - 57910469768347636334   min|root-xi| = 2.082291184890205507 E-62
  T4 algdep(xi,3) = 800209225192327*x^3 + 1330965104612959*x^2 - 463946728119466*x - 211209216770216   min|root-xi| = 6.469491361810914467 E-63
  T4 algdep(xi,4) = 1149250103516*x^4 + 31814315261*x^3 + 407474962926*x^2 - 1369184564410*x + 509358170319   min|root-xi| = 1.956487315333312041 E-62
  T4 algdep(xi,5) = 5289572537*x^5 + 5699245160*x^4 + 3461566010*x^3 + 3548741360*x^2 - 237274300*x - 1796946044   min|root-xi| = 3.144466368984060105 E-62
  T4 algdep(xi,6) = 68965959*x^6 - 83587654*x^5 - 281476659*x^4 + 237710775*x^3 - 90545273*x^2 - 99661844*x + 63053216   min|root-xi| = 6.763589167666120325 E-62
  T4 algdep(xi/G,4) = 130003250182*x^4 - 993038944454*x^3 + 302756984229*x^2 - 463415457740*x + 319964270562   min|root-r| = 4.985504402833560378 E-62
  T4 algdep(xi/zeta(2),4) = 464494263179*x^4 - 56785967938*x^3 + 470486198567*x^2 + 1608164983183*x - 542908175826   min|root-r| = 2.149252739664165426 E-62
  T4 algdep(xi/Pi^2,4) = 566463495371*x^4 + 202747490063*x^3 + 595879636460*x^2 - 1249681554573*x + 62593719197   min|root-r| = 1.998044617566368814 E-62
  T4 algdep(xi/L(g,2),4) = 61141889277*x^4 - 332932560896*x^3 - 10804342690*x^2 + 200509275540*x - 60230340743   min|root-r| = 1.8368247460849625188 E-60

=== m1_2_0_1_4_3_5_-8__0_-2_-128_-28_32__t3_im
  xi = -2.3492580047733691133118993782063661535797197182461799287626828887149493541919 E-394
  HIT  T4  algdep deg<=1:  x   height 1  agree 1000 digits
  HIT  T4  algdep deg<=2:  x   height 1  agree 1000 digits
  HIT  T4  algdep deg<=3:  x   height 1  agree 1000 digits
  HIT  T4  algdep deg<=4:  x   height 1  agree 1000 digits
  HIT  T4  algdep deg<=5:  x   height 1  agree 1000 digits
  HIT  T4  algdep deg<=6:  x   height 1  agree 1000 digits
  T3 ratios:  xi/G       = -2.564788480820208433415839832768702143334451725758805301939 E-394
              xi/(Pi*G)  = -8.163975294153779301791112640550436979203462269600221565759 E-395
              xi*G       = -2.151839504217827064971066738263248586995551885446411779527 E-394
              xi/zeta(2) = -1.428177610349247340735460108890824986527054003755096124646 E-394
              xi/Pi^2    = -2.380296017248745567892433514818041644211756672925160207744 E-395
              xi/L(g,2)  = -2.094471837719186743397314356514922529175565009555045752254 E-394
  T3 lindep([1,xi,G,z2]) = [0, 1, 0, 0]~    residual 2.3492580047733691133 E-394
  T3 lindep([xi,G,z2])   = [1, 0, 0]~    residual 2.3492580047733691133 E-394
  T4 algdep(xi,1) = x   min|root-xi| = 0.E-250
  T4 algdep(xi,2) = x   min|root-xi| = 0.E-250
  T4 algdep(xi,3) = x   min|root-xi| = 0.E-250
  T4 algdep(xi,4) = x   min|root-xi| = 0.E-250
  T4 algdep(xi,5) = x   min|root-xi| = 0.E-250
  T4 algdep(xi,6) = x   min|root-xi| = 0.E-250
  T4 algdep(xi/G,4) = x   min|root-r| = 0.E-250
  T4 algdep(xi/zeta(2),4) = x   min|root-r| = 0.E-250
  T4 algdep(xi/Pi^2,4) = x   min|root-r| = 0.E-250
  T4 algdep(xi/L(g,2),4) = x   min|root-r| = 0.E-250

=== m1_2_0_1_4_3_5_-8__24_0_-512_-112_128__t1_re
  xi = -0.22796741862472187514714733981790962432422142027408510803209433429348661540004
  T1/T2/T4: NO HIT (unidentified)
  T3 ratios:  xi/G       = -0.2488820760014433891208216797565742616843527411737020794451
              xi/(Pi*G)  = -0.07922162528520498490852136502713805690462714574818207010834
              xi*G       = -0.2088103120536401968471643382313339330604456206619850965421
              xi/zeta(2) = -0.1385875721216708224626303463863680394647074419505269789728
              xi/Pi^2    = -0.02309792868694513707710505773106133991078457365842116316213
              xi/L(g,2)  = -0.2032434654928766036717833098979725535757706742886513981746
  T3 lindep([1,xi,G,z2]) = [-686449056065145, 1379000500130398, 517841484388852, 320068304277391]~    residual 9.404350910639228169 E-47
  T3 lindep([xi,G,z2])   = [-172928592365509289041, -185317464788598769295, 79226480601886203532]~    residual 5.277839628274242635 E-44
  T4 algdep(xi,1) = 1572442781030901708966224707420*x + 358465721726693443532037816569   min|root-xi| = 8.441008274769293079 E-62
  T4 algdep(xi,2) = 149749141819349567424*x^2 - 83048206102811495342*x - 26714619874932322665   min|root-xi| = 1.1988603330635998170 E-62
  T4 algdep(xi,3) = 580883503421306*x^3 + 1140545205797265*x^2 - 387555630598366*x - 140741330037252   min|root-xi| = 3.553520476018663589 E-62
  T4 algdep(xi,4) = 934243068648*x^4 - 428591667329*x^3 - 821713650512*x^2 - 477921744666*x - 73847669464   min|root-xi| = 2.8095325839469993025 E-61
  T4 algdep(xi,5) = 12067760020*x^5 + 1948221744*x^4 + 6663524530*x^3 + 4313964303*x^2 - 1750988878*x - 542248573   min|root-xi| = 1.0184157344716578560 E-61
  T4 algdep(xi,6) = 172629962*x^6 + 97495115*x^5 - 208905687*x^4 - 20748645*x^3 - 402593446*x^2 - 153474742*x - 13710611   min|root-xi| = 1.0050972336852614980 E-61
  T4 algdep(xi/G,4) = 870270409078*x^4 + 747767742326*x^3 + 518268356819*x^2 + 315160924459*x + 54523913709   min|root-r| = 2.0480717119838215642 E-61
  T4 algdep(xi/zeta(2),4) = 313152162257*x^4 + 761301489148*x^3 - 128150028922*x^2 + 437833773275*x + 65050536685   min|root-r| = 2.3994542792779667485 E-63
  T4 algdep(xi/Pi^2,4) = 436395096872*x^4 - 663384685170*x^3 + 272938129281*x^2 + 155753260361*x + 3443662149   min|root-r| = 9.397879083486141218 E-62
  T4 algdep(xi/L(g,2),4) = 858702326257*x^4 - 504143044843*x^3 + 756381751503*x^2 + 661112891047*x + 97424523559   min|root-r| = 1.4901841294468960197 E-62

=== m1_2_0_1_4_3_5_-8__24_0_-512_-112_128__t1_im
  xi = 0.E-250
  RATIONAL: xi = 0/1
  HIT  T4  algdep deg<=1:  x   height 1  agree 1000 digits
  HIT  T4  algdep deg<=2:  x   height 1  agree 1000 digits
  HIT  T4  algdep deg<=3:  x   height 1  agree 1000 digits
  HIT  T4  algdep deg<=4:  x   height 1  agree 1000 digits
  HIT  T4  algdep deg<=5:  x   height 1  agree 1000 digits
  HIT  T4  algdep deg<=6:  x   height 1  agree 1000 digits
  T3 ratios:  xi/G       = 0.E-250
              xi/(Pi*G)  = 0.E-250
              xi*G       = 0.E-250
              xi/zeta(2) = 0.E-250
              xi/Pi^2    = 0.E-251
              xi/L(g,2)  = 0.E-250
  T3 lindep([1,xi,G,z2]) = [0, 1, 0, 0]~    residual 0.E-250
  T3 lindep([xi,G,z2])   = [1, 0, 0]~    residual 0.E-250
  T4 algdep(xi,1) = x   min|root-xi| = 0.E-250
  T4 algdep(xi,2) = x   min|root-xi| = 0.E-250
  T4 algdep(xi,3) = x   min|root-xi| = 0.E-250
  T4 algdep(xi,4) = x   min|root-xi| = 0.E-250
  T4 algdep(xi,5) = x   min|root-xi| = 0.E-250
  T4 algdep(xi,6) = x   min|root-xi| = 0.E-250
  T4 algdep(xi/G,4) = x   min|root-r| = 0.E-250
  T4 algdep(xi/zeta(2),4) = x   min|root-r| = 0.E-250
  T4 algdep(xi/Pi^2,4) = x   min|root-r| = 0.E-250
  T4 algdep(xi/L(g,2),4) = x   min|root-r| = 0.E-250

=== m1_2_0_1_4_3_5_-8__24_0_-512_-112_128__t2_re
  xi = -0.33125531596069303113380159549725593385190538317080534067055073024903108977604
  T1/T2/T4: NO HIT (unidentified)
  T3 ratios:  xi/G       = -0.3616460247704483961496592911430830323129953623449064706876
              xi/(Pi*G)  = -0.11511550498350177089880570789979069555204960965028059889986
              xi*G       = -0.3034184723082986137402885741841797273665749878162808985765
              xi/zeta(2) = -0.2013790842057240050847739560647418668283806919623322801129
              xi/Pi^2    = -0.03356318070095400084746232601079031113806344866038871335216
              xi/L(g,2)  = -0.2953293886685610531099335503125477047820333275923211172982
  T3 lindep([1,xi,G,z2]) = [1247809638213616, 615739152702899, 359483632968100, -834755287629989]~    residual 8.875868932094510410 E-48
  T3 lindep([xi,G,z2])   = [31047063431231874299, -68386360159312843456, 44332511128079872582]~    residual 1.1226541881047269739 E-41
  T4 algdep(xi,1) = 46468170919655422265322011538*x + 15392828640105944566004597009   min|root-xi| = 9.934112995404636989 E-61
  T4 algdep(xi,2) = 124587203315657824503*x^2 - 60811109776858998076*x - 33814967712087954838   min|root-xi| = 2.318925476904762167 E-62
  T4 algdep(xi,3) = 962094539073*x^3 - 219786785335749*x^2 + 1510335185436742*x + 524458752413324   min|root-xi| = 3.989614765723670857 E-64
  T4 algdep(xi,4) = 602805146870*x^4 + 386626936892*x^3 + 246330568886*x^2 - 483822755163*x - 180503548091   min|root-xi| = 7.028932435082742476 E-62
  T4 algdep(xi,5) = 1673781565*x^5 - 8435227851*x^4 + 4527307144*x^3 - 7515546992*x^2 + 216215775*x + 1169107766   min|root-xi| = 6.018578927448052956 E-62
  T4 algdep(xi,6) = 91731187*x^6 - 16490257*x^5 - 117743360*x^4 + 18072042*x^3 - 68762691*x^2 - 479548909*x - 149420153   min|root-xi| = 3.778299028219217593 E-63
  T4 algdep(xi/G,4) = 488532124097*x^4 - 621547203227*x^3 + 763299178683*x^2 + 532927131442*x + 55145652873   min|root-r| = 6.667434847225445820 E-63
  T4 algdep(xi/zeta(2),4) = 147679025544*x^4 + 521959056819*x^3 - 1302395381043*x^2 - 125406976312*x + 31582172515   min|root-r| = 4.816911480136239476 E-62
  T4 algdep(xi/Pi^2,4) = 410667615057*x^4 - 232005322402*x^3 + 931230600262*x^2 + 37045238065*x + 185043865   min|root-r| = 2.515877862018524682 E-60
  T4 algdep(xi/L(g,2),4) = 1189053424769*x^4 - 630678768314*x^3 + 103039681216*x^2 - 603006969296*x - 212363466795   min|root-r| = 7.159789731915301239 E-62

=== m1_2_0_1_4_3_5_-8__24_0_-512_-112_128__t2_im
  xi = -0.19085114860966162466931727708688411842413356113258307293724344003936262729985
  T1/T2/T4: NO HIT (unidentified)
  T3 ratios:  xi/G       = -0.2083606085456700711475368178109685502083809901277878901145
              xi/(Pi*G)  = -0.06632324159135760230721093930772979101335668006849411116285
              xi*G       = -0.1748130857356534367578802494315168272538857140498290264164
              xi/zeta(2) = -0.11602358565978373509979147661355794321062295448195185353311
              xi/Pi^2    = -0.01933726427663062251663191276892632386843715908032530892219
              xi/L(g,2)  = -0.1701525993088432317443213892479797828429825193125827546879
  T3 lindep([1,xi,G,z2]) = [-688068566969292, -408331986070651, 223948824892262, 246215655762987]~    residual 1.8772496622101662750 E-48
  T3 lindep([xi,G,z2])   = [-301589405897208264882, 50874107364054211663, -63320237937262893418]~    residual 8.513772766827210829 E-42
  T4 algdep(xi,1) = 3400776894899372099576718304774*x + 649042176556743676565614244621   min|root-xi| = 7.717213277352415092 E-63
  T4 algdep(xi,2) = 242843778453392503116*x^2 + 120271373889276384720*x + 14108548985456749399   min|root-xi| = 1.3880993916137177470 E-61
  T4 algdep(xi,3) = 838791777934212*x^3 + 1221504656320390*x^2 + 219866332577663*x + 3300398949661   min|root-xi| = 3.356743050607512566 E-61
  T4 algdep(xi,4) = 681768522497*x^4 + 61730121671*x^3 - 125889355948*x^2 - 449653533641*x - 81706872126   min|root-xi| = 1.0852354010707623599 E-61
  T4 algdep(xi,5) = 4012337839*x^5 + 2109423909*x^4 - 7423788145*x^3 + 6834708750*x^2 - 658685437*x - 428049223   min|root-xi| = 3.886896493842963857 E-62
  T4 algdep(xi,6) = 131417288*x^6 + 38201674*x^5 - 135074753*x^4 + 373545197*x^3 + 66189157*x^2 - 243821038*x - 46165147   min|root-xi| = 4.457955906502713104 E-62
  T4 algdep(xi/G,4) = 955048932232*x^4 - 823676489574*x^3 + 305030163768*x^2 - 704739744371*x - 169333500377   min|root-r| = 6.498352577816464230 E-62
  T4 algdep(xi/zeta(2),4) = 398970686017*x^4 - 676547234596*x^3 - 727375675667*x^2 + 676527200797*x + 87155697116   min|root-r| = 2.934418485888447818 E-62
  T4 algdep(xi/Pi^2,4) = 1147432407141*x^4 + 1026837974235*x^3 - 12760497504*x^2 + 278638943707*x + 5400150823   min|root-r| = 2.344931835359271122 E-62
  T4 algdep(xi/L(g,2),4) = 18941818870*x^4 + 707933902760*x^3 - 558755340925*x^2 + 854433275008*x + 165032651991   min|root-r| = 7.094532764978145860 E-62

=== m1_2_0_1_4_3_5_-8__24_0_-512_-112_128__t3_re
  xi = 0.22796741862472187514714733981790962432422142027408510803209433429348661540004
  T1/T2/T4: NO HIT (unidentified)
  T3 ratios:  xi/G       = 0.2488820760014433891208216797565742616843527411737020794451
              xi/(Pi*G)  = 0.07922162528520498490852136502713805690462714574818207010834
              xi*G       = 0.2088103120536401968471643382313339330604456206619850965421
              xi/zeta(2) = 0.1385875721216708224626303463863680394647074419505269789728
              xi/Pi^2    = 0.02309792868694513707710505773106133991078457365842116316213
              xi/L(g,2)  = 0.2032434654928766036717833098979725535757706742886513981746
  T3 lindep([1,xi,G,z2]) = [686449056065145, 1379000500130398, -517841484388852, -320068304277391]~    residual 9.404350910639228169 E-47
  T3 lindep([xi,G,z2])   = [172928592365509289041, -185317464788598769295, 79226480601886203532]~    residual 5.277839628274242635 E-44
  T4 algdep(xi,1) = 1572442781030901708966224707420*x - 358465721726693443532037816569   min|root-xi| = 8.441008274769293079 E-62
  T4 algdep(xi,2) = 149749141819349567424*x^2 + 83048206102811495342*x - 26714619874932322665   min|root-xi| = 1.1988603330635998170 E-62
  T4 algdep(xi,3) = 580883503421306*x^3 - 1140545205797265*x^2 - 387555630598366*x + 140741330037252   min|root-xi| = 3.553520476018663589 E-62
  T4 algdep(xi,4) = 934243068648*x^4 + 428591667329*x^3 - 821713650512*x^2 + 477921744666*x - 73847669464   min|root-xi| = 2.8095325839469993025 E-61
  T4 algdep(xi,5) = 12067760020*x^5 - 1948221744*x^4 + 6663524530*x^3 - 4313964303*x^2 - 1750988878*x + 542248573   min|root-xi| = 1.0184157344716578560 E-61
  T4 algdep(xi,6) = 172629962*x^6 - 97495115*x^5 - 208905687*x^4 + 20748645*x^3 - 402593446*x^2 + 153474742*x - 13710611   min|root-xi| = 1.0050972336852614980 E-61
  T4 algdep(xi/G,4) = 870270409078*x^4 - 747767742326*x^3 + 518268356819*x^2 - 315160924459*x + 54523913709   min|root-r| = 2.0480717119838215642 E-61
  T4 algdep(xi/zeta(2),4) = 313152162257*x^4 - 761301489148*x^3 - 128150028922*x^2 - 437833773275*x + 65050536685   min|root-r| = 2.3994542792779667485 E-63
  T4 algdep(xi/Pi^2,4) = 436395096872*x^4 + 663384685170*x^3 + 272938129281*x^2 - 155753260361*x + 3443662149   min|root-r| = 9.397879083486141218 E-62
  T4 algdep(xi/L(g,2),4) = 858702326257*x^4 + 504143044843*x^3 + 756381751503*x^2 - 661112891047*x + 97424523559   min|root-r| = 1.4901841294468960197 E-62

=== m1_2_0_1_4_3_5_-8__24_0_-512_-112_128__t3_im
  xi = 3.4242383869138915517864154089911820345812324447570905987212844400392576869659 E-395
  HIT  T4  algdep deg<=1:  x   height 1  agree 1000 digits
  HIT  T4  algdep deg<=2:  x   height 1  agree 1000 digits
  HIT  T4  algdep deg<=3:  x   height 1  agree 1000 digits
  HIT  T4  algdep deg<=4:  x   height 1  agree 1000 digits
  HIT  T4  algdep deg<=5:  x   height 1  agree 1000 digits
  HIT  T4  algdep deg<=6:  x   height 1  agree 1000 digits
  T3 ratios:  xi/G       = 3.738391931620280287270913194143165060767256248093522734625 E-395
              xi/(Pi*G)  = 1.189967110264452777113114844220209305303182263773767297977 E-395
              xi*G       = 3.136484548674024656324669953743666579833434225932415674019 E-395
              xi/zeta(2) = 2.081687318613869193021354827784686300303267918437753301571 E-395
              xi/Pi^2    = 3.469478864356448655035591379641143833838779864062922169285 E-396
              xi/L(g,2)  = 3.052866416739099661535666593545118111517519268571191142635 E-395
  T3 lindep([1,xi,G,z2]) = [0, 1, 0, 0]~    residual 3.424238386913891552 E-395
  T3 lindep([xi,G,z2])   = [1, 0, 0]~    residual 3.424238386913891552 E-395
  T4 algdep(xi,1) = x   min|root-xi| = 0.E-250
  T4 algdep(xi,2) = x   min|root-xi| = 0.E-250
  T4 algdep(xi,3) = x   min|root-xi| = 0.E-250
  T4 algdep(xi,4) = x   min|root-xi| = 0.E-250
  T4 algdep(xi,5) = x   min|root-xi| = 0.E-250
  T4 algdep(xi,6) = x   min|root-xi| = 0.E-250
  T4 algdep(xi/G,4) = x   min|root-r| = 0.E-250
  T4 algdep(xi/zeta(2),4) = x   min|root-r| = 0.E-250
  T4 algdep(xi/Pi^2,4) = x   min|root-r| = 0.E-250
  T4 algdep(xi/L(g,2),4) = x   min|root-r| = 0.E-250

=== m1_2_0_1_4_3_5_6__38_6_384_84_72__t1_re
  xi = -0.28794650804574509389433668752747616123526223486377761326410748864313623266155
  T1/T2/T4: NO HIT (unidentified)
  T3 ratios:  xi/G       = -0.3143638908232112425763388210566386728797450508078119607157
              xi/(Pi*G)  = -0.10006513430822996738001618514170467792191320172402492254098
              xi*G       = -0.2637490943333762806457912891599376589183230729587256788196
              xi/zeta(2) = -0.1750504861252369758178276875079201201588191773757679723842
              xi/Pi^2    = -0.02917508102087282930297128125132002002646986289596132873070
              xi/L(g,2)  = -0.2567175894031164334168212647308786172152063214937990417237
  T3 lindep([1,xi,G,z2]) = [-522807739881789, 102756606896757, -1209245462727181, 1009173205324900]~    residual 9.124491482382549336 E-48
  T3 lindep([xi,G,z2])   = [-179446212432266486804, 63080421755970943422, -66537868266219264255]~    residual 4.215866741066536145 E-42
  T4 algdep(xi,1) = 2061550820614726683540902183897*x + 593616359954850797756991380409   min|root-xi| = 3.631984488660400750 E-62
  T4 algdep(xi,2) = 76071499878595662199*x^2 - 174040743445032519931*x - 56421755169484552545   min|root-xi| = 2.819100239904378768 E-62
  T4 algdep(xi,3) = 573614919392616*x^3 - 1124241493573623*x^2 - 129168186491578*x + 69715728075942   min|root-xi| = 2.764553457103364331 E-62
  T4 algdep(xi,4) = 643860665744*x^4 - 1279996891370*x^3 + 537514488169*x^2 - 542808531197*x - 235852513249   min|root-xi| = 8.773051591108900361 E-62
  T4 algdep(xi,5) = 6346343778*x^5 - 3990413897*x^4 - 326074647*x^3 + 3973467327*x^2 - 4352570051*x - 1550549915   min|root-xi| = 1.9326285963465403352 E-62
  T4 algdep(xi,6) = 278603897*x^6 - 182323115*x^5 + 298778540*x^4 + 206595566*x^3 - 54533747*x^2 + 40215853*x + 18460264   min|root-xi| = 2.1541485595268597985 E-61
  T4 algdep(xi/G,4) = 965357473960*x^4 + 190983210703*x^3 + 995355547692*x^2 + 408838192184*x + 26663569437   min|root-r| = 1.9559305352164476472 E-61
  T4 algdep(xi/zeta(2),4) = 74819906684*x^4 - 52086727778*x^3 - 720282414352*x^2 + 363536194151*x + 85358917902   min|root-r| = 1.1015970775133665009 E-65
  T4 algdep(xi/Pi^2,4) = 248828847393*x^4 - 735779764071*x^3 - 300662794238*x^2 - 311889259571*x - 8861926846   min|root-r| = 1.8441009504118612820 E-61
  T4 algdep(xi/L(g,2),4) = 344046708229*x^4 + 349360259271*x^3 - 23827477590*x^2 + 648109010357*x + 172367719628   min|root-r| = 4.778216942378146887 E-62

=== m1_2_0_1_4_3_5_6__38_6_384_84_72__t1_im
  xi = 0.31984911098382248205171085225098242625877327331920135961709055260557812112110
  T1/T2/T4: NO HIT (unidentified)
  T3 ratios:  xi/G       = 0.3491933681975600245920806431455690094579937649569467050359
              xi/(Pi*G)  = 0.11115170128709984054362685747639577871848144725538386642052
              xi*G       = 0.2929707809893522285776932564100916650511869780743256872941
              xi/zeta(2) = 0.1944449430709821173467812755783935907093484192869660289223
              xi/Pi^2    = 0.03240749051183035289113021259639893178489140321449433815372
              xi/L(g,2)  = 0.2851602309809990017538049011171619371471099606433128777840
  T3 lindep([1,xi,G,z2]) = [734237294681935, 1059548689295844, 931316943825489, -1170981450038529]~    residual 3.957235303065994153 E-47
  T3 lindep([xi,G,z2])   = [-153826022186105946536, 64513029827116210024, -6012763340912672841]~    residual 1.5514068943248359060 E-42
  T4 algdep(xi,1) = 865822186943342059522967760140*x - 276932456763896911138027444199   min|root-xi| = 2.171985696369136096 E-62
  T4 algdep(xi,2) = 186726253216628734595*x^2 + 130558301052567353037*x - 60861697141882662116   min|root-xi| = 4.173295035226429357 E-62
  T4 algdep(xi,3) = 315148409556335*x^3 - 1185239500993756*x^2 + 662569240552697*x - 100980269891377   min|root-xi| = 1.7066353677647376866 E-60
  T4 algdep(xi,4) = 577885244941*x^4 - 785963021383*x^3 - 122673995280*x^2 + 1010379979738*x - 290949288276   min|root-xi| = 2.070147150537098399 E-62
  T4 algdep(xi,5) = 7263919993*x^5 - 3917228889*x^4 - 4900936753*x^3 - 7548440557*x^2 - 7265729279*x + 3273216863   min|root-xi| = 4.888135866716990994 E-64
  T4 algdep(xi,6) = 19769226*x^6 + 78707934*x^5 + 109123335*x^4 + 171003435*x^3 + 151627230*x^2 - 301908460*x + 74030916   min|root-xi| = 1.0412658090162225468 E-61
  T4 algdep(xi/G,4) = 367115482530*x^4 - 120954561703*x^3 - 71593197770*x^2 - 672218546200*x + 243155784829   min|root-r| = 8.326566992965611853 E-62
  T4 algdep(xi/zeta(2),4) = 499126916699*x^4 - 270927622368*x^3 + 792629072350*x^2 - 436623200491*x + 56209073502   min|root-r| = 1.3598052511878571341 E-62
  T4 algdep(xi/Pi^2,4) = 34441204032*x^4 + 548761731332*x^3 + 971395045107*x^2 - 3541911923*x - 924134285   min|root-r| = 6.023204266224837898 E-61
  T4 algdep(xi/L(g,2),4) = 525275002646*x^4 - 58512215937*x^3 + 1000745861405*x^2 + 937099759788*x - 350717101714   min|root-r| = 8.035966528303694726 E-63

=== m1_2_0_1_4_3_5_6__38_6_384_84_72__t2_re
  xi = -0.030551820829037921080527378628913169740471956219843680690995968166601179908339
  T1/T2/T4: NO HIT (unidentified)
  T3 ratios:  xi/G       = -0.03335476902544750143362237999311607114521311383217746524674
              xi/(Pi*G)  = -0.01061715273217682067849530035038297146803567688424100917223
              xi*G       = -0.02798441671886565542649720277548405084336739270841574081533
              xi/zeta(2) = -0.01857327989296050852369953038550038030750528811017198585390
              xi/Pi^2    = -0.003095546648826751420616588397583396717917548018361997642317
              xi/L(g,2)  = -0.02723835704185902520460318846524223926248359991740877400902
  T3 lindep([1,xi,G,z2]) = [311319804826387, -820324075263236, -1623239938812156, 699389573866028]~    residual 3.112942055036359361 E-48
  T3 lindep([xi,G,z2])   = [40329230058855696980, 171378182180392184447, -94681233854775234333]~    residual 7.447761337121238415 E-42
  T4 algdep(xi,1) = 4435029761124147878070971718835*x + 135498234633315816716837775716   min|root-xi| = 1.4339569780316309182 E-62
  T4 algdep(xi,2) = 177069691496521536867*x^2 + 174444963254267975575*x + 5164331976064346329   min|root-xi| = 2.209936400989921875 E-62
  T4 algdep(xi,3) = 1597480046664785*x^3 - 58534095332878*x^2 + 677378887142733*x + 20795351044122   min|root-xi| = 3.083620426082361936 E-62
  T4 algdep(xi,4) = 215024166616*x^4 - 650528931014*x^3 - 600070916697*x^2 - 363003515007*x - 10549042697   min|root-xi| = 9.003273264543362648 E-62
  T4 algdep(xi,5) = 962378773*x^5 + 1005586714*x^4 + 10487870699*x^3 - 7832082022*x^2 + 9589355584*x + 300581084   min|root-xi| = 3.257359668665981854 E-62
  T4 algdep(xi,6) = 77301115*x^6 - 75276418*x^5 + 159176805*x^4 + 141741256*x^3 - 118834617*x^2 + 235528279*x + 7310641   min|root-xi| = 3.560864101137289663 E-62
  T4 algdep(xi/G,4) = 868478776825*x^4 + 62471983940*x^3 + 656014610964*x^2 - 125436093234*x - 4912491530   min|root-r| = 4.437708342665190812 E-62
  T4 algdep(xi/zeta(2),4) = 925691581501*x^4 - 95595124556*x^3 + 333011100969*x^2 - 80065341478*x - 1602676399   min|root-r| = 3.661095154210103591 E-62
  T4 algdep(xi/Pi^2,4) = 1187731492022*x^4 + 216240581191*x^3 - 63100000814*x^2 + 141321427641*x + 438078027   min|root-r| = 8.022648771642500072 E-62
  T4 algdep(xi/L(g,2),4) = 34767468413*x^4 + 434623587617*x^3 + 666156485894*x^2 - 408846452354*x - 11621781729   min|root-r| = 8.023659953450950906 E-62

=== m1_2_0_1_4_3_5_6__38_6_384_84_72__t2_im
  xi = 0.72802211508929600032875918596444760049542940616733543822428340935678885292049
  T1/T2/T4: NO HIT (unidentified)
  T3 ratios:  xi/G       = 0.7948138223939008320134866442240912097743930505892334609618
              xi/(Pi*G)  = 0.2529970973435061870987930079002405987200760145164904043512
              xi*G       = 0.6668432092219227361570503437089683261840360125501703342047
              xi/zeta(2) = 0.4425843745118743461527771646304352068421933913891693256755
              xi/Pi^2    = 0.07376406241864572435879619410507253447369889856486155427924
              xi/L(g,2)  = 0.6490652853765141509269727532760473806701854169149891206187
  T3 lindep([1,xi,G,z2]) = [-340543543839636, 1113591962426768, -629966637452925, 64958064610083]~    residual 4.759965658742959358 E-47
  T3 lindep([xi,G,z2])   = [144802186770214537577, -254317488750735873566, 77527043777241978764]~    residual 6.158708561815218343 E-43
  T4 algdep(xi,1) = 959422602903774185229387649484*x - 698480872630483424877414970303   min|root-xi| = 2.4270771753523344329 E-61
  T4 algdep(xi,2) = 95686085916627354046*x^2 - 219470110613189462337*x + 109063918471437298686   min|root-xi| = 1.7490320907616698488 E-62
  T4 algdep(xi,3) = 1663671263483125*x^3 - 21615296356547*x^2 - 518788870295178*x - 252803813654650   min|root-xi| = 3.316401232306511855 E-63
  T4 algdep(xi,4) = 946076896917*x^4 - 640730590171*x^3 + 127203037379*x^2 - 550046314979*x + 314491522127   min|root-xi| = 3.906667196153439800 E-61
  T4 algdep(xi,5) = 7597989670*x^5 - 2679395837*x^4 - 2192671162*x^3 - 570566951*x^2 - 6413540807*x + 5016474769   min|root-xi| = 4.850120625111086102 E-62
  T4 algdep(xi,6) = 294170178*x^6 - 255529065*x^5 - 99096474*x^4 + 3331474*x^3 + 181890890*x^2 - 139433297*x + 40117872   min|root-xi| = 3.861254180095055859 E-61
  T4 algdep(xi/G,4) = 333003745403*x^4 - 1393972957425*x^3 - 1092873369426*x^2 + 807707600315*x + 615450511203   min|root-r| = 1.1034585658130263778 E-63
  T4 algdep(xi/zeta(2),4) = 791778005420*x^4 - 926321044601*x^3 + 551217331611*x^2 + 590915836274*x - 319576749786   min|root-r| = 1.2445790207756713709 E-62
  T4 algdep(xi/Pi^2,4) = 186655754005*x^4 + 397030589941*x^3 - 1008091871558*x^2 - 823040072755*x + 66031066719   min|root-r| = 2.548214236430766996 E-62
  T4 algdep(xi/L(g,2),4) = 237507127210*x^4 - 1228473038603*x^3 + 506635639501*x^2 + 317477653272*x - 125739194151   min|root-r| = 2.237051934896164481 E-62

=== m1_2_0_1_4_3_5_6__38_6_384_84_72__t3_re
  xi = 0.48423755360437642454709123916821281324910860106802418445522707278646892559808
  T1/T2/T4: NO HIT (unidentified)
  T3 ratios:  xi/G       = 0.5286634745700799808518105021339291323238507601190915256911
              xi/(Pi*G)  = 0.1682788104199294727245464692322604414397193727953268175653
              xi*G       = 0.4435449385101555950120909699934231653065439677922041351933
              xi/zeta(2) = 0.2943811325715924260645567838593390993951224904210199872067
              xi/Pi^2    = 0.04906352209526540434409279730988984989918708173683666453445
              xi/L(g,2)  = 0.4317201076806557912198329640660305166429618432353717614204
  T3 lindep([1,xi,G,z2]) = [-286794900330033, -1013668209135110, 675281501576565, 96731227996609]~    residual 9.649381205857666431 E-47
  T3 lindep([xi,G,z2])   = [23228418422250280171, -105939471609029991807, 52153359990088877782]~    residual 6.317822083317917297 E-42
  T4 algdep(xi,1) = 469773414711245096901436902023*x - 227481929088147504037259911455   min|root-xi| = 4.726626536192422754 E-61
  T4 algdep(xi,2) = 92595963130377374814*x^2 + 65448449511037467114*x - 53405054859481982065   min|root-xi| = 3.767140684903656246 E-62
  T4 algdep(xi,3) = 383434601638360*x^3 + 453680610586460*x^2 + 184053982501057*x - 239045427910724   min|root-xi| = 4.320260942882168872 E-62
  T4 algdep(xi,4) = 185377520087*x^4 - 87667172521*x^3 + 820455062356*x^2 + 984054959693*x - 669140000226   min|root-xi| = 2.107630844989789341 E-62
  T4 algdep(xi,5) = 11352311368*x^5 - 2753605891*x^4 + 1415855941*x^3 + 2424235761*x^2 - 4070458832*x + 1090999789   min|root-xi| = 2.2346921377566465606 E-61
  T4 algdep(xi,6) = 128085786*x^6 + 384549462*x^5 + 23205852*x^4 + 245556142*x^3 + 181495120*x^2 - 39569251*x - 64445330   min|root-xi| = 1.7773769617160787172 E-62
  T4 algdep(xi/G,4) = 152816455674*x^4 - 995191978431*x^3 - 192523822517*x^2 - 506004874301*x + 456420190176   min|root-r| = 4.551899706246554519 E-63
  T4 algdep(xi/zeta(2),4) = 226573716169*x^4 - 244043018011*x^3 + 627398547277*x^2 - 415750906019*x + 72542954756   min|root-r| = 2.989477267102962104 E-62
  T4 algdep(xi/Pi^2,4) = 258455654003*x^4 - 540766819979*x^3 + 1279147580387*x^2 - 79523333810*x + 884864176   min|root-r| = 2.2563912725310447403 E-61
  T4 algdep(xi/L(g,2),4) = 699687561694*x^4 - 477469488922*x^3 - 933171915964*x^2 + 197475772764*x + 102785999803   min|root-r| = 6.774202516534850152 E-62

=== m1_2_0_1_4_3_5_6__38_6_384_84_72__t3_im
  xi = 3.7478629300126606071479979270169249468806985145397472548509561216929189663184 E-394
  HIT  T4  algdep deg<=1:  x   height 1  agree 1000 digits
  HIT  T4  algdep deg<=2:  x   height 1  agree 1000 digits
  HIT  T4  algdep deg<=3:  x   height 1  agree 1000 digits
  HIT  T4  algdep deg<=4:  x   height 1  agree 1000 digits
  HIT  T4  algdep deg<=5:  x   height 1  agree 1000 digits
  HIT  T4  algdep deg<=6:  x   height 1  agree 1000 digits
  T3 ratios:  xi/G       = 4.091707105417250316537577362193043554137311241153561596119 E-394
              xi/(Pi*G)  = 1.302430823022772527331031545772547368282226785536750156781 E-394
              xi*G       = 3.432913495583819677563220706922371637813885585390802840728 E-394
              xi/zeta(2) = 2.278427449188737399011165246677065813662028463846708057214 E-394
              xi/Pi^2    = 3.797379081981228998351942077795109689436714106411180095357 E-395
              xi/L(g,2)  = 3.341392619539247160119979867033465375784345370803202219489 E-394
  T3 lindep([1,xi,G,z2]) = [0, 1, 0, 0]~    residual 3.747862930012660607 E-394
  T3 lindep([xi,G,z2])   = [1, 0, 0]~    residual 3.747862930012660607 E-394
  T4 algdep(xi,1) = x   min|root-xi| = 0.E-250
  T4 algdep(xi,2) = x   min|root-xi| = 0.E-250
  T4 algdep(xi,3) = x   min|root-xi| = 0.E-250
  T4 algdep(xi,4) = x   min|root-xi| = 0.E-250
  T4 algdep(xi,5) = x   min|root-xi| = 0.E-250
  T4 algdep(xi,6) = x   min|root-xi| = 0.E-250
  T4 algdep(xi/G,4) = x   min|root-r| = 0.E-250
  T4 algdep(xi/zeta(2),4) = x   min|root-r| = 0.E-250
  T4 algdep(xi/Pi^2,4) = x   min|root-r| = 0.E-250
  T4 algdep(xi/L(g,2),4) = x   min|root-r| = 0.E-250

=== m1_2_0_1_4_3_5_-6__10_0_96_48_-72__t1_re
  xi = -0.20925153262028427901794962957816714390721467360417111654709621710622444391469
  T1/T2/T4: NO HIT (unidentified)
  T3 ratios:  xi/G       = -0.2284491185591396255401341647292723045555881396846964001214
              xi/(Pi*G)  = -0.07271761292734703537595813683502024012173346022105185469653
              xi*G       = -0.1916672044090324165891709872522479915573412034765434367266
              xi/zeta(2) = -0.1272096777843627364855823150958487115839564065076391882961
              xi/Pi^2    = -0.02120161296406045608093038584930811859732606775127319804935
              xi/L(g,2)  = -0.1865573901130722474105470253700513774566516070328333169868
  T3 lindep([1,xi,G,z2]) = [-98750909923780, -121659148643594, 49826136324685, 16811932226330]~    residual 2.495658782866654324 E-47
  T3 lindep([xi,G,z2])   = [1518131683484710792, 239088937214150257407, -132941236650336410640]~    residual 7.221504361296523733 E-43
  T4 algdep(xi,1) = 3957003898979742892850227541187*x + 828009130445951747844887369665   min|root-xi| = 5.677713553030350159 E-62
  T4 algdep(xi,2) = 99674036389023273476*x^2 - 10702297784685968740*x - 6603819895262510897   min|root-xi| = 1.7777353001943015743 E-62
  T4 algdep(xi,3) = 421102572465253*x^3 - 628113491718670*x^2 - 645471160751203*x - 103704843377797   min|root-xi| = 4.202390631629112186 E-62
  T4 algdep(xi,4) = 129838301375*x^4 + 3667828799*x^3 - 1028650133460*x^2 + 386635427572*x + 125729416032   min|root-xi| = 4.644645358089056331 E-62
  T4 algdep(xi,5) = 11839802386*x^5 - 7816573207*x^4 + 4659275995*x^3 - 451408726*x^2 + 6222384452*x + 1384234900   min|root-xi| = 8.963242580006412792 E-62
  T4 algdep(xi,6) = 251461514*x^6 - 161004521*x^5 - 184982482*x^4 - 145452568*x^3 + 278310621*x^2 - 4557348*x - 14203530   min|root-xi| = 1.0236169837679255202 E-61
  T4 algdep(xi/G,4) = 1133069874338*x^4 - 400377901181*x^3 - 746299974381*x^2 + 196924942499*x + 76076327782   min|root-r| = 1.0513332696968147843 E-61
  T4 algdep(xi/zeta(2),4) = 772462698662*x^4 + 34250659429*x^3 - 574498792459*x^2 + 674365591690*x + 94950766781   min|root-r| = 2.839658998172638791 E-62
  T4 algdep(xi/Pi^2,4) = 352808286244*x^4 - 1093692205630*x^3 - 39366304577*x^2 + 1133553857727*x + 24040371144   min|root-r| = 3.047384932862177316 E-63
  T4 algdep(xi/L(g,2),4) = 1032829510833*x^4 - 265156705790*x^3 + 962583389860*x^2 + 264885669487*x + 12942262737   min|root-r| = 2.9044572722639960873 E-61

=== m1_2_0_1_4_3_5_-6__10_0_96_48_-72__t1_im
  xi = 0.E-250
  RATIONAL: xi = 0/1
  HIT  T4  algdep deg<=1:  x   height 1  agree 1000 digits
  HIT  T4  algdep deg<=2:  x   height 1  agree 1000 digits
  HIT  T4  algdep deg<=3:  x   height 1  agree 1000 digits
  HIT  T4  algdep deg<=4:  x   height 1  agree 1000 digits
  HIT  T4  algdep deg<=5:  x   height 1  agree 1000 digits
  HIT  T4  algdep deg<=6:  x   height 1  agree 1000 digits
  T3 ratios:  xi/G       = 0.E-250
              xi/(Pi*G)  = 0.E-250
              xi*G       = 0.E-250
              xi/zeta(2) = 0.E-250
              xi/Pi^2    = 0.E-251
              xi/L(g,2)  = 0.E-250
  T3 lindep([1,xi,G,z2]) = [0, 1, 0, 0]~    residual 0.E-250
  T3 lindep([xi,G,z2])   = [1, 0, 0]~    residual 0.E-250
  T4 algdep(xi,1) = x   min|root-xi| = 0.E-250
  T4 algdep(xi,2) = x   min|root-xi| = 0.E-250
  T4 algdep(xi,3) = x   min|root-xi| = 0.E-250
  T4 algdep(xi,4) = x   min|root-xi| = 0.E-250
  T4 algdep(xi,5) = x   min|root-xi| = 0.E-250
  T4 algdep(xi,6) = x   min|root-xi| = 0.E-250
  T4 algdep(xi/G,4) = x   min|root-r| = 0.E-250
  T4 algdep(xi/zeta(2),4) = x   min|root-r| = 0.E-250
  T4 algdep(xi/Pi^2,4) = x   min|root-r| = 0.E-250
  T4 algdep(xi/L(g,2),4) = x   min|root-r| = 0.E-250

=== m1_2_0_1_4_3_5_-6__10_0_96_48_-72__t2_re
  xi = 0.16334233423828855109907408865639221494443553271986409973480594663462189521853
  T1/T2/T4: NO HIT (unidentified)
  T3 ratios:  xi/G       = 0.1783280237561908186393822284956300906578164619894213315892
              xi/(Pi*G)  = 0.05676357294521341851550170350933679618456843890091108440712
              xi*G       = 0.1496159582348678778412920883643868997587826433795430025923
              xi/zeta(2) = 0.09930023186355450509866617165736096917235064513928903608958
              xi/Pi^2    = 0.01655003864392575084977769527622682819539177418988150601493
              xi/L(g,2)  = 0.1456272228398402266652764127112911116018017632829669614797
  T3 lindep([1,xi,G,z2]) = [-790848682537232, -342780309682137, 1119969174417272, -108827469417452]~    residual 3.703769116621065528 E-47
  T3 lindep([xi,G,z2])   = [185453735220278961149, -197251075139070697057, 91421750736736184502]~    residual 8.512975420374985866 E-42
  T4 algdep(xi,1) = 386307768826504704206587252632*x - 63100412694506437959067446517   min|root-xi| = 4.936407644110192334 E-62
  T4 algdep(xi,2) = 226832722373857906718*x^2 + 106049595771572498502*x - 23374448452210650159   min|root-xi| = 1.4528645266080289189 E-62
  T4 algdep(xi,3) = 672820815860183*x^3 + 380177830832033*x^2 - 1020104296058680*x + 153550585135874   min|root-xi| = 5.658689964721940475 E-62
  T4 algdep(xi,4) = 1018299898711*x^4 - 1197131600698*x^3 + 621772332416*x^2 - 450623806226*x + 61508932509   min|root-xi| = 2.986168294289631519 E-62
  T4 algdep(xi,5) = 907300320*x^5 + 9538010436*x^4 - 184546983*x^3 + 1893725212*x^2 + 5802498655*x - 1004410584   min|root-xi| = 1.5233198161610791012 E-62
  T4 algdep(xi,6) = 259544580*x^6 + 271795084*x^5 + 20990070*x^4 + 12230924*x^3 - 29431354*x^2 + 79311369*x - 12274433   min|root-xi| = 3.839218612513597801 E-61
  T4 algdep(xi/G,4) = 1143062478102*x^4 - 556785659269*x^3 + 459272009292*x^2 + 52050375310*x - 21885746012   min|root-r| = 2.092749893868568293 E-62
  T4 algdep(xi/zeta(2),4) = 117937853677*x^4 - 222615222097*x^3 + 276103346528*x^2 - 103166877413*x + 7728475206   min|root-r| = 2.9737769016266603692 E-61
  T4 algdep(xi/Pi^2,4) = 595371226162*x^4 - 695328276104*x^3 - 1023330079839*x^2 + 573042021696*x - 9200466289   min|root-r| = 5.102337912845449421 E-62
  T4 algdep(xi/L(g,2),4) = 1295705860919*x^4 - 553523401240*x^3 - 398587676370*x^2 - 407683058852*x + 68949451497   min|root-r| = 3.577760187812296400 E-63

=== m1_2_0_1_4_3_5_-6__10_0_96_48_-72__t2_im
  xi = -0.37566615710026937190845550115590301174258049303293923949073760919523181563065
  T1/T2/T4: NO HIT (unidentified)
  T3 ratios:  xi/G       = -0.4101312969486780825745116965744721839412030757773419884146
              xi/(Pi*G)  = -0.1305488464521441747998444952024713018941895753829466801028
              xi*G       = -0.3440972748006207391507930436819354567320133257911241285401
              xi/zeta(2) = -0.2283776381506062272346301385457003921070664048960997353443
              xi/Pi^2    = -0.03806293969176770453910502309095006535117773414934995589073
              xi/L(g,2)  = -0.3349237013695351695182172963836984759462975018929119135175
  T3 lindep([1,xi,G,z2]) = [803641927595724, 434884998427091, -1941995679803365, 692143775383107]~    residual 6.214479659771395926 E-47
  T3 lindep([xi,G,z2])   = [122055937488527224317, -212515548021881902184, 146212070167756596590]~    residual 5.063983476209791344 E-42
  T4 algdep(xi,1) = 2758546890946392057918433024025*x + 1036292709702726961548756578241   min|root-xi| = 8.640143676301273244 E-62
  T4 algdep(xi,2) = 15585402306872172437*x^2 + 61865053189202139463*x + 21041115929921520724   min|root-xi| = 9.937657108635076341 E-62
  T4 algdep(xi,3) = 776907806577540*x^3 + 88128111674433*x^2 - 815344009173432*x - 277545761820215   min|root-xi| = 1.6011076042991701494 E-61
  T4 algdep(xi,4) = 1290330635617*x^4 + 882429448037*x^3 + 717233592565*x^2 - 588691283325*x - 301286817356   min|root-xi| = 6.066915328945120411 E-62
  T4 algdep(xi,5) = 2402033590*x^5 + 2878028129*x^4 - 5285621404*x^3 + 9867383524*x^2 - 1111295657*x - 2129581214   min|root-xi| = 4.175601672203869795 E-62
  T4 algdep(xi,6) = 217872243*x^6 + 402417343*x^5 + 202687878*x^4 - 14221267*x^3 - 85270864*x^2 + 67423195*x + 34970191   min|root-xi| = 8.668482551256021857 E-62
  T4 algdep(xi/G,4) = 133211992792*x^4 - 703223201789*x^3 + 179684667524*x^2 + 713308210126*x + 210043179738   min|root-r| = 4.431804999103517766 E-62
  T4 algdep(xi/zeta(2),4) = 716793784399*x^4 + 366606008714*x^3 + 1102029044267*x^2 - 675536312795*x - 209338308319   min|root-r| = 4.104735873856594648 E-62
  T4 algdep(xi/Pi^2,4) = 1158875212703*x^4 + 492943257409*x^3 + 481497681160*x^2 - 485026834145*x - 19134383953   min|root-r| = 4.982674376683038869 E-62
  T4 algdep(xi/L(g,2),4) = 614962592030*x^4 + 1211476231231*x^3 + 960946689388*x^2 + 211230725627*x + 729780037   min|root-r| = 2.3612871073820308889 E-61

=== m1_2_0_1_4_3_5_-6__10_0_96_48_-72__t3_re
  xi = 0.16334233423828855109907408865639221494443553271986409973480594663462189521853
  T1/T2/T4: NO HIT (unidentified)
  T3 ratios:  xi/G       = 0.1783280237561908186393822284956300906578164619894213315892
              xi/(Pi*G)  = 0.05676357294521341851550170350933679618456843890091108440712
              xi*G       = 0.1496159582348678778412920883643868997587826433795430025923
              xi/zeta(2) = 0.09930023186355450509866617165736096917235064513928903608958
              xi/Pi^2    = 0.01655003864392575084977769527622682819539177418988150601493
              xi/L(g,2)  = 0.1456272228398402266652764127112911116018017632829669614797
  T3 lindep([1,xi,G,z2]) = [-790848682537232, -342780309682137, 1119969174417272, -108827469417452]~    residual 3.703769116621065528 E-47
  T3 lindep([xi,G,z2])   = [185453735220278961149, -197251075139070697057, 91421750736736184502]~    residual 8.512975420374985866 E-42
  T4 algdep(xi,1) = 386307768826504704206587252632*x - 63100412694506437959067446517   min|root-xi| = 4.936407644110192334 E-62
  T4 algdep(xi,2) = 226832722373857906718*x^2 + 106049595771572498502*x - 23374448452210650159   min|root-xi| = 1.4528645266080289189 E-62
  T4 algdep(xi,3) = 672820815860183*x^3 + 380177830832033*x^2 - 1020104296058680*x + 153550585135874   min|root-xi| = 5.658689964721940475 E-62
  T4 algdep(xi,4) = 1018299898711*x^4 - 1197131600698*x^3 + 621772332416*x^2 - 450623806226*x + 61508932509   min|root-xi| = 2.986168294289631519 E-62
  T4 algdep(xi,5) = 907300320*x^5 + 9538010436*x^4 - 184546983*x^3 + 1893725212*x^2 + 5802498655*x - 1004410584   min|root-xi| = 1.5233198161610791012 E-62
  T4 algdep(xi,6) = 259544580*x^6 + 271795084*x^5 + 20990070*x^4 + 12230924*x^3 - 29431354*x^2 + 79311369*x - 12274433   min|root-xi| = 3.839218612513597801 E-61
  T4 algdep(xi/G,4) = 1143062478102*x^4 - 556785659269*x^3 + 459272009292*x^2 + 52050375310*x - 21885746012   min|root-r| = 2.092749893868568293 E-62
  T4 algdep(xi/zeta(2),4) = 117937853677*x^4 - 222615222097*x^3 + 276103346528*x^2 - 103166877413*x + 7728475206   min|root-r| = 2.9737769016266603692 E-61
  T4 algdep(xi/Pi^2,4) = 595371226162*x^4 - 695328276104*x^3 - 1023330079839*x^2 + 573042021696*x - 9200466289   min|root-r| = 5.102337912845449421 E-62
  T4 algdep(xi/L(g,2),4) = 1295705860919*x^4 - 553523401240*x^3 - 398587676370*x^2 - 407683058852*x + 68949451497   min|root-r| = 3.577760187812296400 E-63

=== m1_2_0_1_4_3_5_-6__10_0_96_48_-72__t3_im
  xi = 0.37566615710026937190845550115590301174258049303293923949073760919523181563065
  T1/T2/T4: NO HIT (unidentified)
  T3 ratios:  xi/G       = 0.4101312969486780825745116965744721839412030757773419884146
              xi/(Pi*G)  = 0.1305488464521441747998444952024713018941895753829466801028
              xi*G       = 0.3440972748006207391507930436819354567320133257911241285401
              xi/zeta(2) = 0.2283776381506062272346301385457003921070664048960997353443
              xi/Pi^2    = 0.03806293969176770453910502309095006535117773414934995589073
              xi/L(g,2)  = 0.3349237013695351695182172963836984759462975018929119135175
  T3 lindep([1,xi,G,z2]) = [803641927595724, -434884998427091, -1941995679803365, 692143775383107]~    residual 6.214479659771395926 E-47
  T3 lindep([xi,G,z2])   = [-122055937488527224317, -212515548021881902184, 146212070167756596590]~    residual 5.063983476209791344 E-42
  T4 algdep(xi,1) = 2758546890946392057918433024025*x - 1036292709702726961548756578241   min|root-xi| = 8.640143676301273244 E-62
  T4 algdep(xi,2) = 15585402306872172437*x^2 - 61865053189202139463*x + 21041115929921520724   min|root-xi| = 9.937657108635076341 E-62
  T4 algdep(xi,3) = 776907806577540*x^3 - 88128111674433*x^2 - 815344009173432*x + 277545761820215   min|root-xi| = 1.6011076042991701494 E-61
  T4 algdep(xi,4) = 1290330635617*x^4 - 882429448037*x^3 + 717233592565*x^2 + 588691283325*x - 301286817356   min|root-xi| = 6.066915328945120411 E-62
  T4 algdep(xi,5) = 2402033590*x^5 - 2878028129*x^4 - 5285621404*x^3 - 9867383524*x^2 - 1111295657*x + 2129581214   min|root-xi| = 4.175601672203869795 E-62
  T4 algdep(xi,6) = 217872243*x^6 - 402417343*x^5 + 202687878*x^4 + 14221267*x^3 - 85270864*x^2 - 67423195*x + 34970191   min|root-xi| = 8.668482551256021857 E-62
  T4 algdep(xi/G,4) = 133211992792*x^4 + 703223201789*x^3 + 179684667524*x^2 - 713308210126*x + 210043179738   min|root-r| = 4.431804999103517766 E-62
  T4 algdep(xi/zeta(2),4) = 716793784399*x^4 - 366606008714*x^3 + 1102029044267*x^2 + 675536312795*x - 209338308319   min|root-r| = 4.104735873856594648 E-62
  T4 algdep(xi/Pi^2,4) = 1158875212703*x^4 - 492943257409*x^3 + 481497681160*x^2 + 485026834145*x - 19134383953   min|root-r| = 4.982674376683038869 E-62
  T4 algdep(xi/L(g,2),4) = 614962592030*x^4 - 1211476231231*x^3 + 960946689388*x^2 - 211230725627*x + 729780037   min|root-r| = 2.3612871073820308889 E-61

=== m1_2_0_1_4_3_5_-2__30_2_-128_-28_8__t1_re
  xi = -0.50701371958301667631656361717723967219565886680221812881085991733829932313395
  T1/T2/T4: NO HIT (unidentified)
  T3 ratios:  xi/G       = -0.5535292185711953427340547359179081914309049480871565504975
              xi/(Pi*G)  = -0.1761938225627997792263835834730964980096959805149036450423
              xi*G       = -0.4644071229138597742378800829601090333752393318097189914062
              xi/zeta(2) = -0.3082273811463334744892956031798629500145537310420369115562
              xi/Pi^2    = -0.05137123019105557908154926719664382500242562184033948525937
              xi/L(g,2)  = -0.4520261098807342090889246111152270414788334176612703494445
  T3 lindep([1,xi,G,z2]) = [-93243450635693, -496376365946322, 1055038808710196, -683799702945720]~    residual 5.466947864687856301 E-47
  T3 lindep([xi,G,z2])   = [46761430042554364589, -72597152035357945504, 54838173697365610307]~    residual 4.256271037670761911 E-42
  T4 algdep(xi,1) = 23573484992276061781632563063*x + 11952080309468307227974474583   min|root-xi| = 8.190874890007234408 E-60
  T4 algdep(xi,2) = 159004092540787006154*x^2 - 33601486678679640143*x - 57910469768347636334   min|root-xi| = 2.082291184890205507 E-62
  T4 algdep(xi,3) = 800209225192327*x^3 - 1330965104612959*x^2 - 463946728119466*x + 211209216770216   min|root-xi| = 6.469491361810914467 E-63
  T4 algdep(xi,4) = 1149250103516*x^4 - 31814315261*x^3 + 407474962926*x^2 + 1369184564410*x + 509358170319   min|root-xi| = 1.956487315333312041 E-62
  T4 algdep(xi,5) = 5289572537*x^5 - 5699245160*x^4 + 3461566010*x^3 - 3548741360*x^2 - 237274300*x + 1796946044   min|root-xi| = 3.144466368984060105 E-62
  T4 algdep(xi,6) = 68965959*x^6 + 83587654*x^5 - 281476659*x^4 - 237710775*x^3 - 90545273*x^2 + 99661844*x + 63053216   min|root-xi| = 6.763589167666120325 E-62
  T4 algdep(xi/G,4) = 130003250182*x^4 + 993038944454*x^3 + 302756984229*x^2 + 463415457740*x + 319964270562   min|root-r| = 4.985504402833560378 E-62
  T4 algdep(xi/zeta(2),4) = 464494263179*x^4 + 56785967938*x^3 + 470486198567*x^2 - 1608164983183*x - 542908175826   min|root-r| = 2.149252739664165426 E-62
  T4 algdep(xi/Pi^2,4) = 566463495371*x^4 - 202747490063*x^3 + 595879636460*x^2 + 1249681554573*x + 62593719197   min|root-r| = 1.998044617566368814 E-62
  T4 algdep(xi/L(g,2),4) = 61141889277*x^4 + 332932560896*x^3 - 10804342690*x^2 - 200509275540*x - 60230340743   min|root-r| = 1.8368247460849625188 E-60

=== m1_2_0_1_4_3_5_-2__30_2_-128_-28_8__t1_im
  xi = 0.E-250
  RATIONAL: xi = 0/1
  HIT  T4  algdep deg<=1:  x   height 1  agree 1000 digits
  HIT  T4  algdep deg<=2:  x   height 1  agree 1000 digits
  HIT  T4  algdep deg<=3:  x   height 1  agree 1000 digits
  HIT  T4  algdep deg<=4:  x   height 1  agree 1000 digits
  HIT  T4  algdep deg<=5:  x   height 1  agree 1000 digits
  HIT  T4  algdep deg<=6:  x   height 1  agree 1000 digits
  T3 ratios:  xi/G       = 0.E-250
              xi/(Pi*G)  = 0.E-250
              xi*G       = 0.E-250
              xi/zeta(2) = 0.E-250
              xi/Pi^2    = 0.E-251
              xi/L(g,2)  = 0.E-250
  T3 lindep([1,xi,G,z2]) = [0, 1, 0, 0]~    residual 0.E-250
  T3 lindep([xi,G,z2])   = [1, 0, 0]~    residual 0.E-250
  T4 algdep(xi,1) = x   min|root-xi| = 0.E-250
  T4 algdep(xi,2) = x   min|root-xi| = 0.E-250
  T4 algdep(xi,3) = x   min|root-xi| = 0.E-250
  T4 algdep(xi,4) = x   min|root-xi| = 0.E-250
  T4 algdep(xi,5) = x   min|root-xi| = 0.E-250
  T4 algdep(xi,6) = x   min|root-xi| = 0.E-250
  T4 algdep(xi/G,4) = x   min|root-r| = 0.E-250
  T4 algdep(xi/zeta(2),4) = x   min|root-r| = 0.E-250
  T4 algdep(xi/Pi^2,4) = x   min|root-r| = 0.E-250
  T4 algdep(xi/L(g,2),4) = x   min|root-r| = 0.E-250

=== m1_2_0_1_4_3_5_-2__30_2_-128_-28_8__t2_re
  xi = -0.67347455098284244549737580134146287648818405814380825716237344759391288497191
  T1/T2/T4: NO HIT (unidentified)
  T3 ratios:  xi/G       = -0.7352618430911719003470843042799196779306137659899419528264
              xi/(Pi*G)  = -0.2340411135896350831037069059379972000535728026803412077713
              xi*G       = -0.6168795172542350609879371491093674866696851520144281145148
              xi/zeta(2) = -0.4094234319514413088973612246888389112409987071056578445748
              xi/Pi^2    = -0.06823723865857355148289353744813981854016645118427630742913
              xi/L(g,2)  = -0.6004336167368789893059030558335656992671834086009687975077
  T3 lindep([1,xi,G,z2]) = [1262467059866746, 625776062391523, 1395684126327819, -1288453738056682]~    residual 3.952578762362533773 E-47
  T3 lindep([xi,G,z2])   = [-187681710235077058025, 2531093490873288453, -78250704800694421012]~    residual 1.0064457534829264281 E-41
  T4 algdep(xi,1) = 329890698992057133128405336135*x + 222172990377091712652134995041   min|root-xi| = 4.255732067786501325 E-61
  T4 algdep(xi,2) = 154487766717226435814*x^2 - 82571129702652151095*x - 125680257367323733559   min|root-xi| = 1.6922362775053555441 E-62
  T4 algdep(xi,3) = 1342687486762202*x^3 + 489649607095715*x^2 - 533206694481349*x - 171044490159215   min|root-xi| = 9.836931728887801862 E-62
  T4 algdep(xi,4) = 24450118696*x^4 - 1561266369733*x^3 - 55998888232*x^2 + 275389932029*x - 271077111828   min|root-xi| = 1.3246133496523927222 E-62
  T4 algdep(xi,5) = 3483146085*x^5 + 6187623536*x^4 - 1762101215*x^3 + 15557679501*x^2 + 2849971751*x - 6465697371   min|root-xi| = 1.7690599491420216408 E-62
  T4 algdep(xi,6) = 117570145*x^6 - 270876343*x^5 + 116872556*x^4 + 82646269*x^3 + 62248539*x^2 + 27086819*x - 57289784   min|root-xi| = 3.466601456645190732 E-62
  T4 algdep(xi/G,4) = 92319954337*x^4 - 352076230347*x^3 - 191344802373*x^2 + 204240251177*x + 86684880048   min|root-r| = 3.0390974400095847145 E-61
  T4 algdep(xi/zeta(2),4) = 33432288765*x^4 + 657502021562*x^3 - 1065923902442*x^2 - 545026080832*x - 282865438   min|root-r| = 4.823633217188739270 E-62
  T4 algdep(xi/Pi^2,4) = 57947292836*x^4 + 1044503937676*x^3 - 512287771971*x^2 + 430363304162*x + 32082798204   min|root-r| = 1.1511760277348489873 E-61
  T4 algdep(xi/L(g,2),4) = 134902479937*x^4 + 92977689388*x^3 - 899195596276*x^2 + 367024708567*x + 547145242103   min|root-r| = 1.955698965432246075 E-62

=== m1_2_0_1_4_3_5_-2__30_2_-128_-28_8__t2_im
  xi = -0.26319768421436206068394098852787175711935368215198996285336373548900339114805
  T1/T2/T4: NO HIT (unidentified)
  T3 ratios:  xi/G       = -0.2873445093216450548912328616515081746338625332745759724551
              xi/(Pi*G)  = -0.09146459805771001508580752015570177102306112620437961044154
              xi*G       = -0.2410800232074762026065518657458253244063360202691971008903
              xi/zeta(2) = -0.1600050053791284210375476945618233333769137060866868764145
              xi/Pi^2    = -0.02666750089652140350625794909363722222948561768111447940243
              xi/L(g,2)  = -0.2346528717662361145369098801551908158246915072299200836355
  T3 lindep([1,xi,G,z2]) = [-55808337607631, -51039764085508, -1662416398104458, 951461244131183]~    residual 5.907912329906933607 E-47
  T3 lindep([xi,G,z2])   = [-105231006984745270906, 27240739348350421078, -32006229556571374123]~    residual 7.735285210022672641 E-42
  T4 algdep(xi,1) = 3313685121553043914027471567115*x + 872154250208348012436151599227   min|root-xi| = 3.296007500381022490 E-62
  T4 algdep(xi,2) = 30972763292697106514*x^2 - 202518209784238424972*x - 55447900707703503391   min|root-xi| = 2.044108697850494325 E-62
  T4 algdep(xi,3) = 281752895254559*x^3 + 614090595592897*x^2 - 710202381751149*x - 224326473613706   min|root-xi| = 2.561822006295413268 E-62
  T4 algdep(xi,4) = 934784528207*x^4 + 691740421002*x^3 - 1074521836356*x^2 + 542685919428*x + 225395408688   min|root-xi| = 3.463427765966959343 E-62
  T4 algdep(xi,5) = 2797108133*x^5 + 9020637445*x^4 - 2698674000*x^3 - 2713652072*x^2 + 7769991955*x + 2144068203   min|root-xi| = 9.422063619797392220 E-63
  T4 algdep(xi,6) = 113290226*x^6 - 94407918*x^5 + 8341653*x^4 - 85346249*x^3 - 236644515*x^2 - 117283080*x - 16228559   min|root-xi| = 1.1011920345267189016 E-61
  T4 algdep(xi/G,4) = 1141509930290*x^4 + 227448302063*x^3 - 33330981093*x^2 - 357606817995*x - 102390080503   min|root-r| = 6.434098757171615156 E-62
  T4 algdep(xi/zeta(2),4) = 606516908248*x^4 - 1309411390463*x^3 + 1203148884297*x^2 + 613288841424*x + 61565356705   min|root-r| = 3.653106000622909489 E-62
  T4 algdep(xi/Pi^2,4) = 678394755590*x^4 + 87513854577*x^3 - 183872447981*x^2 + 385331844714*x + 10407915821   min|root-r| = 2.007243052919243746 E-62
  T4 algdep(xi/L(g,2),4) = 512946133522*x^4 - 872119044293*x^3 - 489202168934*x^2 - 551491353884*x - 115295925335   min|root-r| = 2.764997453133131257 E-62

=== m1_2_0_1_4_3_5_-2__30_2_-128_-28_8__t3_re
  xi = 0.31692535921035498097889501574223569339284710696878134781480777272059951915336
  T1/T2/T4: NO HIT (unidentified)
  T3 ratios:  xi/G       = 0.3460013795551331126599066294487899697658644065216458791987
              xi/(Pi*G)  = 0.11013565974562897770703193839430329326970116262789189185607
              xi*G       = 0.2902927249589413711082778006714935946428051071141395493362
              xi/zeta(2) = 0.1926675151287974488317272277142814775999407832487333886459
              xi/Pi^2    = 0.03211125252146624147195453795238024626665679720812223144098
              xi/L(g,2)  = 0.2825535714580489212209421734892363927778764535973634202430
  T3 lindep([1,xi,G,z2]) = [-641548632535899, 1463404002892065, -805953596345557, 556851837691255]~    residual 2.7166287799894200550 E-48
  T3 lindep([xi,G,z2])   = [213394397687789415700, 177667483358124387856, -140046584689057297169]~    residual 4.367512135024232603 E-43
  T4 algdep(xi,1) = 3963610085609039662024731340070*x - 1256168550151430752698472629903   min|root-xi| = 2.3148715684905089155 E-63
  T4 algdep(xi,2) = 78479632880994086927*x^2 - 192707067902494071205*x + 53191130285206259457   min|root-xi| = 2.928749247991280233 E-62
  T4 algdep(xi,3) = 388849830831093*x^3 + 1293644912784845*x^2 + 643427473930909*x - 346232424628100   min|root-xi| = 9.565768435571358689 E-63
  T4 algdep(xi,4) = 601570758206*x^4 - 18833055761*x^3 + 23875526983*x^2 + 970086096318*x - 315312444793   min|root-xi| = 2.487259225365769373 E-62
  T4 algdep(xi,5) = 5881268185*x^5 + 1080438545*x^4 - 8267676539*x^3 - 10012321523*x^2 - 8111370285*x + 3809830034   min|root-xi| = 2.082611936144367523 E-62
  T4 algdep(xi,6) = 341594215*x^6 + 410178552*x^5 - 145172832*x^4 - 187744990*x^3 - 133486460*x^2 + 58421869*x + 675600   min|root-xi| = 1.0293904329786580180 E-62
  T4 algdep(xi/G,4) = 398945201438*x^4 - 512438892614*x^3 + 765611859563*x^2 - 374013033787*x + 53260925648   min|root-r| = 3.409058232948934406 E-61
  T4 algdep(xi/zeta(2),4) = 383209337043*x^4 - 426341882641*x^3 - 22103494909*x^2 - 366118127169*x + 73880707624   min|root-r| = 7.412739848203290148 E-63
  T4 algdep(xi/Pi^2,4) = 11850558842*x^4 + 1530180897599*x^3 + 74516135862*x^2 - 573978492067*x + 18303653934   min|root-r| = 8.695745194911150424 E-62
  T4 algdep(xi/L(g,2),4) = 438075470561*x^4 + 740763453702*x^3 + 643556835760*x^2 + 956834332695*x - 341238744455   min|root-r| = 1.4514059467403283012 E-62

=== m1_2_0_1_4_3_5_-2__30_2_-128_-28_8__t3_im
  xi = 9.6994276120763962734385405456850405710916600276345102347144367042012637818633 E-395
  HIT  T4  algdep deg<=1:  x   height 1  agree 1000 digits
  HIT  T4  algdep deg<=2:  x   height 1  agree 1000 digits
  HIT  T4  algdep deg<=3:  x   height 1  agree 1000 digits
  HIT  T4  algdep deg<=4:  x   height 1  agree 1000 digits
  HIT  T4  algdep deg<=5:  x   height 1  agree 1000 digits
  HIT  T4  algdep deg<=6:  x   height 1  agree 1000 digits
  T3 ratios:  xi/G       = 1.058929251681015901071537478704430525376111021028755760742 E-394
              xi/(Pi*G)  = 3.370676495792707981117079277852061719851897476512308189270 E-395
              xi*G       = 8.884341975874480893985123106201523404248267980924708557568 E-395
              xi/zeta(2) = 5.896544917852525640543797150593441841848486606573355777631 E-395
              xi/Pi^2    = 9.827574863087542734239661917655736403080811010955592962718 E-396
              xi/L(g,2)  = 8.647486965762051530389670260270035506364582854446486985068 E-395
  T3 lindep([1,xi,G,z2]) = [0, 1, 0, 0]~    residual 9.699427612076396274 E-395
  T3 lindep([xi,G,z2])   = [1, 0, 0]~    residual 9.699427612076396274 E-395
  T4 algdep(xi,1) = x   min|root-xi| = 0.E-250
  T4 algdep(xi,2) = x   min|root-xi| = 0.E-250
  T4 algdep(xi,3) = x   min|root-xi| = 0.E-250
  T4 algdep(xi,4) = x   min|root-xi| = 0.E-250
  T4 algdep(xi,5) = x   min|root-xi| = 0.E-250
  T4 algdep(xi,6) = x   min|root-xi| = 0.E-250
  T4 algdep(xi/G,4) = x   min|root-r| = 0.E-250
  T4 algdep(xi/zeta(2),4) = x   min|root-r| = 0.E-250
  T4 algdep(xi/Pi^2,4) = x   min|root-r| = 0.E-250
  T4 algdep(xi/L(g,2),4) = x   min|root-r| = 0.E-250

=== m1_2_0_1_4_3_5_-2__6_0_-144_-40_16__t1_re
  xi = -0.56963859449664994492816751266032837122227934532994694181651410197353644939602
  T1/T2/T4: NO HIT (unidentified)
  T3 ratios:  xi/G       = -0.6218995539983541330545675277798991477963112557525700891891
              xi/(Pi*G)  = -0.1979567762509662849386238455941751177910731486226952496315
              xi*G       = -0.5217693536743998884699812366060544117437106722552072845048
              xi/zeta(2) = -0.3462987398565494836464518912763630794629711656336791469185
              xi/Pi^2    = -0.05771645664275824727440864854606051324382852760561319115310
              xi/L(g,2)  = -0.5078590735572568915613827092483899523054657226810367126583
  T3 lindep([1,xi,G,z2]) = [-885049514892068, -21461076457089, 354849493375245, 333019141289551]~    residual 3.068661195614703325 E-47
  T3 lindep([xi,G,z2])   = [-66135194262309281099, -15977662138241040696, -14005528109993009874]~    residual 2.8124043213473115822 E-42
  T4 algdep(xi,1) = 1429929463765578020136821433836*x + 814543009968772198418381075691   min|root-xi| = 1.4465090439780480191 E-62
  T4 algdep(xi,2) = 193536066590861323517*x^2 + 64911145532716760583*x - 25824262305952912005   min|root-xi| = 2.654225057701299326 E-62
  T4 algdep(xi,3) = 279057830604746*x^3 + 559394488138320*x^2 - 738992471638252*x - 550894185663799   min|root-xi| = 4.796527872429043666 E-62
  T4 algdep(xi,4) = 833076726805*x^4 - 476072394649*x^3 - 666523090020*x^2 - 1231057053437*x - 660693227899   min|root-xi| = 1.7542069443680849710 E-62
  T4 algdep(xi,5) = 4271895231*x^5 - 5487385108*x^4 - 7607410993*x^3 - 6311925996*x^2 - 2770350237*x - 102111066   min|root-xi| = 3.288618320825790613 E-62
  T4 algdep(xi,6) = 154587731*x^6 + 215915914*x^5 - 255238411*x^4 - 397230559*x^3 + 156237910*x^2 + 114089*x - 89513451   min|root-xi| = 8.595832174191018675 E-63
  T4 algdep(xi/G,4) = 84558181348*x^4 + 1819655958381*x^3 + 1152873241383*x^2 + 342088644813*x + 191885446272   min|root-r| = 3.945693523133342154 E-62
  T4 algdep(xi/zeta(2),4) = 1409643311689*x^4 + 274636430748*x^3 + 585749785928*x^2 - 111922057983*x - 117870582780   min|root-r| = 6.351950133309458529 E-62
  T4 algdep(xi/Pi^2,4) = 829778402919*x^4 - 993937246207*x^3 - 157313976744*x^2 - 1094345523586*x - 62838010016   min|root-r| = 1.8654763666977354466 E-62
  T4 algdep(xi/L(g,2),4) = 505124715956*x^4 - 1114234197211*x^3 + 383426382829*x^2 + 85645724242*x - 234950870796   min|root-r| = 2.608565626334079971 E-63

=== m1_2_0_1_4_3_5_-2__6_0_-144_-40_16__t1_im
  xi = 0.E-250
  RATIONAL: xi = 0/1
  HIT  T4  algdep deg<=1:  x   height 1  agree 1000 digits
  HIT  T4  algdep deg<=2:  x   height 1  agree 1000 digits
  HIT  T4  algdep deg<=3:  x   height 1  agree 1000 digits
  HIT  T4  algdep deg<=4:  x   height 1  agree 1000 digits
  HIT  T4  algdep deg<=5:  x   height 1  agree 1000 digits
  HIT  T4  algdep deg<=6:  x   height 1  agree 1000 digits
  T3 ratios:  xi/G       = 0.E-250
              xi/(Pi*G)  = 0.E-250
              xi*G       = 0.E-250
              xi/zeta(2) = 0.E-250
              xi/Pi^2    = 0.E-251
              xi/L(g,2)  = 0.E-250
  T3 lindep([1,xi,G,z2]) = [0, 1, 0, 0]~    residual 0.E-250
  T3 lindep([xi,G,z2])   = [1, 0, 0]~    residual 0.E-250
  T4 algdep(xi,1) = x   min|root-xi| = 0.E-250
  T4 algdep(xi,2) = x   min|root-xi| = 0.E-250
  T4 algdep(xi,3) = x   min|root-xi| = 0.E-250
  T4 algdep(xi,4) = x   min|root-xi| = 0.E-250
  T4 algdep(xi,5) = x   min|root-xi| = 0.E-250
  T4 algdep(xi,6) = x   min|root-xi| = 0.E-250
  T4 algdep(xi/G,4) = x   min|root-r| = 0.E-250
  T4 algdep(xi/zeta(2),4) = x   min|root-r| = 0.E-250
  T4 algdep(xi/Pi^2,4) = x   min|root-r| = 0.E-250
  T4 algdep(xi/L(g,2),4) = x   min|root-r| = 0.E-250

=== m1_2_0_1_4_3_5_-2__6_0_-144_-40_16__t2_re
  xi = -0.19309919810806729955865527065119314860991387762330457853760566669202323677662
  T1/T2/T4: NO HIT (unidentified)
  T3 ratios:  xi/G       = -0.2108149032404670104317784715889870982536677709164261681856
              xi/(Pi*G)  = -0.06710446785631989731403513138598377277776167839816993618321
              xi*G       = -0.1768722217302003899287650581520709713881577607784003922395
              xi/zeta(2) = -0.11739023587617389529140678778298648965375852833355537874080
              xi/Pi^2    = -0.01956503931269564921523446463049774827562642138892589645680
              xi/L(g,2)  = -0.1721568390963175975045954500399142812500254150514569384396
  T3 lindep([1,xi,G,z2]) = [-858821014366875, -424262075782280, -369029021929253, 677786579751460]~    residual 5.624234673700600347 E-48
  T3 lindep([xi,G,z2])   = [142226868269850046175, -223926668623136841784, 141387440978389928328]~    residual 1.0079678089971763763 E-41
  T4 algdep(xi,1) = 967601929603734152696659548263*x + 186843156694299650270954104110   min|root-xi| = 3.687677383661983801 E-62
  T4 algdep(xi,2) = 132878425701285986972*x^2 + 26999917954969646917*x + 258984742247214913   min|root-xi| = 1.8326271599928979504 E-61
  T4 algdep(xi,3) = 277618841903095*x^3 - 1425230214778766*x^2 - 1442443426400810*x - 223392785234094   min|root-xi| = 4.214048929879627631 E-62
  T4 algdep(xi,4) = 1052382318173*x^4 + 366771892881*x^3 - 221078746832*x^2 + 692234433359*x + 143090983302   min|root-xi| = 5.897576493220648759 E-62
  T4 algdep(xi,5) = 1701410585*x^5 + 9433487546*x^4 + 6060521908*x^3 - 2959761975*x^2 + 5612412921*x + 1225091625   min|root-xi| = 3.576132131722855620 E-62
  T4 algdep(xi,6) = 35805237*x^6 - 55276901*x^5 - 237271085*x^4 - 20476235*x^3 + 100323065*x^2 + 390679891*x + 71864957   min|root-xi| = 5.189345364682198369 E-62
  T4 algdep(xi/G,4) = 305086401468*x^4 + 115687032564*x^3 + 1324608395578*x^2 - 322742964045*x - 126427196306   min|root-r| = 4.850829191868405608 E-62
  T4 algdep(xi/zeta(2),4) = 155811739158*x^4 - 651450316586*x^3 - 198682641137*x^2 + 1435322238515*x + 170147320784   min|root-r| = 2.347843002184865061 E-62
  T4 algdep(xi/Pi^2,4) = 687005570539*x^4 - 1419991087089*x^3 + 387258103245*x^2 + 149544874237*x + 2766877090   min|root-r| = 6.209146487021960584 E-62
  T4 algdep(xi/L(g,2),4) = 273504691708*x^4 - 1086657773704*x^3 - 302299676456*x^2 - 646463051784*x - 108118275241   min|root-r| = 1.2813074675595843558 E-61

=== m1_2_0_1_4_3_5_-2__6_0_-144_-40_16__t2_im
  xi = -0.37653939638858264536951224200913522261236546770664236327890843528151321261940
  T1/T2/T4: NO HIT (unidentified)
  T3 ratios:  xi/G       = -0.4110846507578871226227890561909120495426434848361439210036
              xi/(Pi*G)  = -0.1308523083946463876245887142081913450133114702245253134483
              xi*G       = -0.3448971319441994985412161784539834403555529114768068922651
              xi/zeta(2) = -0.2289085039803755883550451034933765898092126373001237681778
              xi/Pi^2    = -0.03815141733006259805917418391556276496820210621668729469630
              xi/L(g,2)  = -0.3357022344609392940567872592084756710554403076295797742186
  T3 lindep([1,xi,G,z2]) = [911209498699194, 968867079455766, -436398496842769, -89162762154072]~    residual 7.309649536893654247 E-47
  T3 lindep([xi,G,z2])   = [81938909370310612245, 156162406368350626633, -68201009464925980029]~    residual 7.078840339285485014 E-42
  T4 algdep(xi,1) = 4521503846442040227085079231986*x + 1702524329107940501813191428813   min|root-xi| = 4.756339159566338677 E-62
  T4 algdep(xi,2) = 30621772725798645743*x^2 - 12950544763463809946*x - 9218003948140693509   min|root-xi| = 1.5962883334878062770 E-61
  T4 algdep(xi,3) = 181354057332115*x^3 + 163493193536803*x^2 - 938676694879123*x - 366947280201525   min|root-xi| = 7.408976171452143344 E-62
  T4 algdep(xi,4) = 240318751752*x^4 + 338894100012*x^3 - 827084238625*x^2 - 1283442839448*x - 352739755397   min|root-xi| = 8.759000069921160188 E-63
  T4 algdep(xi,5) = 2898867522*x^5 + 3475925802*x^4 - 89590971*x^3 - 6308181268*x^2 - 3985437564*x - 659002402   min|root-xi| = 7.080180365694410623 E-61
  T4 algdep(xi,6) = 357205068*x^6 + 110363443*x^5 - 224259650*x^4 + 81449128*x^3 + 66702339*x^2 - 279888172*x - 106172443   min|root-xi| = 1.3677658132481630141 E-62
  T4 algdep(xi/G,4) = 332791926623*x^4 - 377435244437*x^3 - 39244698718*x^2 + 235308355289*x + 67639611862   min|root-r| = 4.147569502011782821 E-60
  T4 algdep(xi/zeta(2),4) = 277571098736*x^4 + 700335584519*x^3 - 391460565525*x^2 + 1390914421776*x + 346542449918   min|root-r| = 1.2614297483191082990 E-62
  T4 algdep(xi/Pi^2,4) = 460258705421*x^4 + 398941585632*x^3 + 289271900610*x^2 + 508951563462*x + 19017357741   min|root-r| = 6.187229325506505279 E-62
  T4 algdep(xi/L(g,2),4) = 1207218345768*x^4 - 636194651389*x^3 + 774742114931*x^2 - 26784476032*x - 135702781690   min|root-r| = 6.961770712516610933 E-62

=== m1_2_0_1_4_3_5_-2__6_0_-144_-40_16__t3_re
  xi = 0.45455964083618968810012798367057491043187686936015668067947327294780235244900
  T1/T2/T4: NO HIT (unidentified)
  T3 ratios:  xi/G       = 0.4962627894822897521845417058404854562465121552962862718473
              xi/(Pi*G)  = 0.1579653520373581213749855104342309094046998361207065667046
              xi*G       = 0.4163609915075037561898723270531603926509646747043880545652
              xi/zeta(2) = 0.2763391250733520505625260370930194159674079951968863850684
              xi/Pi^2    = 0.04605652084555867509375433951550323599456799919948106417807
              xi/L(g,2)  = 0.4052608799717561598588075235214434254076812975461554498474
  T3 lindep([1,xi,G,z2]) = [36466344780808, -1625457568189557, -518134991017022, 715527091475464]~    residual 3.204578568868965314 E-47
  T3 lindep([xi,G,z2])   = [-120125825196194854669, -121691932365040544430, 100958438662438117237]~    residual 5.595512223509920197 E-42
  T4 algdep(xi,1) = 3325932063501715417955872516207*x - 1511834484230906994590185421002   min|root-xi| = 3.393273728373284491 E-62
  T4 algdep(xi,2) = 16355648741021350031*x^2 - 173957000374929888476*x + 75694354406554845563   min|root-xi| = 1.7302708969598177062 E-62
  T4 algdep(xi,3) = 1053046537597496*x^3 + 346180366506809*x^2 + 413195442358377*x - 358256746723360   min|root-xi| = 3.056595655273322372 E-62
  T4 algdep(xi,4) = 254646030261*x^4 + 98134093181*x^3 + 84906429198*x^2 + 409094139772*x - 223590267131   min|root-xi| = 6.143261817681009883 E-62
  T4 algdep(xi,5) = 8725980288*x^5 - 8216431707*x^4 - 614570136*x^3 + 6395373149*x^2 + 628996474*x - 1368188518   min|root-xi| = 1.1753977903491472302 E-61
  T4 algdep(xi,6) = 346479443*x^6 + 336062454*x^5 - 95836477*x^4 - 268015935*x^3 + 46220003*x^2 + 71273719*x - 22262221   min|root-xi| = 7.745374263757345069 E-61
  T4 algdep(xi/G,4) = 633553138411*x^4 - 914539778436*x^3 + 109479694786*x^2 - 153378954585*x + 122500759848   min|root-r| = 1.2854518908318658186 E-61
  T4 algdep(xi/zeta(2),4) = 1101201183478*x^4 + 567145826752*x^3 + 162764498613*x^2 - 159308596199*x + 13204458269   min|root-r| = 6.176160925864635079 E-62
  T4 algdep(xi/Pi^2,4) = 261630851826*x^4 + 1100736368374*x^3 - 257593050533*x^2 - 658983808233*x + 30788194774   min|root-r| = 3.044237455573532247 E-62
  T4 algdep(xi/L(g,2),4) = 791087883254*x^4 + 685246989898*x^3 - 606311915953*x^2 - 338675463264*x + 169882844993   min|root-r| = 1.6726648427534721948 E-61

=== m1_2_0_1_4_3_5_-2__6_0_-144_-40_16__t3_im
  xi = -1.02311214027742669128948555709952258513194805173364313599294187260399965810740 E-394
  HIT  T4  algdep deg<=1:  x   height 1  agree 1000 digits
  HIT  T4  algdep deg<=2:  x   height 1  agree 1000 digits
  HIT  T4  algdep deg<=3:  x   height 1  agree 1000 digits
  HIT  T4  algdep deg<=4:  x   height 1  agree 1000 digits
  HIT  T4  algdep deg<=5:  x   height 1  agree 1000 digits
  HIT  T4  algdep deg<=6:  x   height 1  agree 1000 digits
  T3 ratios:  xi/G       = -1.116976605651278641146134222656471194396804472848807727377 E-394
              xi/(Pi*G)  = -3.555446962148153404620855338718415697978298704528573298470 E-395
              xi*G       = -9.37135519479139389868801168257258767449308379624512207526 E-395
              xi/zeta(2) = -6.219775983105263560812391334113840188660070982489718386420 E-395
              xi/Pi^2    = -1.0366293305175439268020652223523066981100118304149530644034 E-395
              xi/L(g,2)  = -9.12151649706262891802402771849215024628823272014639116037 E-395
  T3 lindep([1,xi,G,z2]) = [0, 1, 0, 0]~    residual 1.0231121402774266913 E-394
  T3 lindep([xi,G,z2])   = [1, 0, 0]~    residual 1.0231121402774266913 E-394
  T4 algdep(xi,1) = x   min|root-xi| = 0.E-250
  T4 algdep(xi,2) = x   min|root-xi| = 0.E-250
  T4 algdep(xi,3) = x   min|root-xi| = 0.E-250
  T4 algdep(xi,4) = x   min|root-xi| = 0.E-250
  T4 algdep(xi,5) = x   min|root-xi| = 0.E-250
  T4 algdep(xi,6) = x   min|root-xi| = 0.E-250
  T4 algdep(xi/G,4) = x   min|root-r| = 0.E-250
  T4 algdep(xi/zeta(2),4) = x   min|root-r| = 0.E-250
  T4 algdep(xi/Pi^2,4) = x   min|root-r| = 0.E-250
  T4 algdep(xi/L(g,2),4) = x   min|root-r| = 0.E-250

=== m1_2_0_1_6_5_7_-9__15_0_216_108_-108__t1_re
  xi = -0.13620245534010545022696170014472572784946902545927875319374830902132809990054
  T1/T2/T4: NO HIT (unidentified)
  T3 ratios:  xi/G       = -0.1486982220794565104261653304435460110900377119869418796275
              xi/(Pi*G)  = -0.04733211414584383086816590023623323196862711094196023029525
              xi*G       = -0.12475676293399582572316851917765809413957910888855169872108
              xi/zeta(2) = -0.08280116394031279914054739513383488106690854977281640283996
              xi/Pi^2    = -0.01380019399005213319009123252230581351115142496213606713999
              xi/L(g,2)  = -0.12143076935714265464000094110746050305428481845037120197819
  T3 lindep([1,xi,G,z2]) = [-614720749644652, -121958035708529, 153747844772340, 277994139071182]~    residual 4.332868680631624845 E-47
  T3 lindep([xi,G,z2])   = [-290262968088016894040, -98748352096959515705, 30952951294987083101]~    residual 8.826160663233041011 E-42
  T4 algdep(xi,1) = 3208564921790610894427630129196*x + 437014420466014617078820917127   min|root-xi| = 7.825422691909289365 E-62
  T4 algdep(xi,2) = 240435964781744769102*x^2 + 133599348927123539764*x + 13736205603835240555   min|root-xi| = 6.325728144437017246 E-62
  T4 algdep(xi,3) = 183200862272370*x^3 + 304401012430857*x^2 - 1824627535157321*x - 253702831859455   min|root-xi| = 4.567417216910063924 E-62
  T4 algdep(xi,4) = 1047139540284*x^4 + 131119681985*x^3 - 144082454418*x^2 - 598255272599*x - 78840013204   min|root-xi| = 8.783281166448672049 E-62
  T4 algdep(xi,5) = 909113417*x^5 - 4535457257*x^4 + 8349834620*x^3 - 4567938508*x^2 + 4252277694*x + 686612031   min|root-xi| = 6.526654567311918572 E-62
  T4 algdep(xi,6) = 257559783*x^6 + 162431148*x^5 + 232218685*x^4 + 39574865*x^3 + 32634421*x^2 + 92235649*x + 11983364   min|root-xi| = 8.146884332701442463 E-63
  T4 algdep(xi/G,4) = 462525471793*x^4 - 695163410060*x^3 + 858004616269*x^2 - 677799661011*x - 122270834320   min|root-r| = 3.641156086418104237 E-62
  T4 algdep(xi/zeta(2),4) = 648052968455*x^4 - 60613283714*x^3 + 697238306934*x^2 + 273298782573*x + 17784297381   min|root-r| = 5.609177424548083758 E-63
  T4 algdep(xi/Pi^2,4) = 261531639719*x^4 - 158040863895*x^3 + 807740773827*x^2 + 1192370708665*x + 16300691764   min|root-r| = 3.332171840403358396 E-62
  T4 algdep(xi/L(g,2),4) = 489318348121*x^4 - 1316919730174*x^3 - 80689420804*x^2 - 393798138530*x - 49093811443   min|root-r| = 9.832061568373207610 E-62

=== m1_2_0_1_6_5_7_-9__15_0_216_108_-108__t1_im
  xi = 0.E-250
  RATIONAL: xi = 0/1
  HIT  T4  algdep deg<=1:  x   height 1  agree 1000 digits
  HIT  T4  algdep deg<=2:  x   height 1  agree 1000 digits
  HIT  T4  algdep deg<=3:  x   height 1  agree 1000 digits
  HIT  T4  algdep deg<=4:  x   height 1  agree 1000 digits
  HIT  T4  algdep deg<=5:  x   height 1  agree 1000 digits
  HIT  T4  algdep deg<=6:  x   height 1  agree 1000 digits
  T3 ratios:  xi/G       = 0.E-250
              xi/(Pi*G)  = 0.E-250
              xi*G       = 0.E-250
              xi/zeta(2) = 0.E-250
              xi/Pi^2    = 0.E-251
              xi/L(g,2)  = 0.E-250
  T3 lindep([1,xi,G,z2]) = [0, 1, 0, 0]~    residual 0.E-250
  T3 lindep([xi,G,z2])   = [1, 0, 0]~    residual 0.E-250
  T4 algdep(xi,1) = x   min|root-xi| = 0.E-250
  T4 algdep(xi,2) = x   min|root-xi| = 0.E-250
  T4 algdep(xi,3) = x   min|root-xi| = 0.E-250
  T4 algdep(xi,4) = x   min|root-xi| = 0.E-250
  T4 algdep(xi,5) = x   min|root-xi| = 0.E-250
  T4 algdep(xi,6) = x   min|root-xi| = 0.E-250
  T4 algdep(xi/G,4) = x   min|root-r| = 0.E-250
  T4 algdep(xi/zeta(2),4) = x   min|root-r| = 0.E-250
  T4 algdep(xi/Pi^2,4) = x   min|root-r| = 0.E-250
  T4 algdep(xi/L(g,2),4) = x   min|root-r| = 0.E-250

=== m1_2_0_1_6_5_7_-9__15_0_216_108_-108__t2_re
  xi = 0.105664468074302650003672667919339247637143008369355136805305109778299471336860
  T1/T2/T4: NO HIT (unidentified)
  T3 ratios:  xi/G       = 0.11535855576455082479108643922509322112802213495877757796793
              xi/(Pi*G)  = 0.03671976875574064231205049761022353620167271696390832874590
              xi*G       = 0.09678501728309841590478465125816054353615100565307285755208
              xi/zeta(2) = 0.06423629384535813205234549806161224957363517093110243318293
              xi/Pi^2    = 0.01070604897422635534205758301026870826227252848851707219716
              xi/L(g,2)  = 0.09420474557478616043033054401376329227937947910330233806949
  T3 lindep([1,xi,G,z2]) = [-379224034036452, 1754966001640355, -261477080456771, 263409034490455]~    residual 3.143508523035892539 E-47
  T3 lindep([xi,G,z2])   = [229339534375277631472, -82171829875666181874, 31024665424009786025]~    residual 5.662615306115234726 E-42
  T4 algdep(xi,1) = 110371572281367769342081898842*x - 11662353475635171965455322873   min|root-xi| = 8.351031232164261753 E-61
  T4 algdep(xi,2) = 31002420616061950796*x^2 + 195160117870541370627*x - 20967631444454613509   min|root-xi| = 4.408139825390410728 E-63
  T4 algdep(xi,3) = 1535635247575474*x^3 + 462534128342537*x^2 - 908643458648411*x + 89035490655864   min|root-xi| = 1.4244953397854877696 E-62
  T4 algdep(xi,4) = 773131039688*x^4 - 622616301579*x^3 - 714331442067*x^2 + 459307612527*x - 39918848066   min|root-xi| = 7.806994481197450675 E-63
  T4 algdep(xi,5) = 793945665*x^5 + 915070922*x^4 - 8332716466*x^3 - 3781816911*x^2 - 43445705*x + 56520502   min|root-xi| = 5.702049027754242507 E-61
  T4 algdep(xi,6) = 187227424*x^6 + 218699847*x^5 - 18546710*x^4 + 34629691*x^3 - 319955040*x^2 - 31715494*x + 6881809   min|root-xi| = 7.251683234655637337 E-62
  T4 algdep(xi/G,4) = 365086517938*x^4 - 1166523313287*x^3 + 867956202527*x^2 + 166555745903*x - 29037912525   min|root-r| = 1.0460963697082514408 E-62
  T4 algdep(xi/zeta(2),4) = 1131925794232*x^4 + 905995076671*x^3 - 426673096704*x^2 + 515496434180*x - 31612412712   min|root-r| = 1.8369876426913730484 E-61
  T4 algdep(xi/Pi^2,4) = 218109190445*x^4 + 644248780655*x^3 + 629200920678*x^2 - 1528922081511*x + 16295802560   min|root-r| = 1.6030234156762264643 E-63
  T4 algdep(xi/L(g,2),4) = 728957685059*x^4 - 903514556575*x^3 + 202038819595*x^2 - 133315867988*x + 11463935408   min|root-r| = 5.900319897243885002 E-61

=== m1_2_0_1_6_5_7_-9__15_0_216_108_-108__t2_im
  xi = 0.24274296879456930385475603831238877657288540005514951529527848384138153784098
  T1/T2/T4: NO HIT (unidentified)
  T3 ratios:  xi/G       = 0.2650131951873335609450668866548836339314491542007016671363
              xi/(Pi*G)  = 0.08435631999728284753824778935109408637621274765520368590833
              xi*G       = 0.2223442076442598062206920330575750266807450769528471111033
              xi/zeta(2) = 0.1475700295147249407073509852465560724834614658749589176170
              xi/Pi^2    = 0.02459500491912082345122516420775934541391024431249315293616
              xi/L(g,2)  = 0.2164165497836068649470804103844604494227795845119263678118
  T3 lindep([1,xi,G,z2]) = [-1932379858807096, 1120977566924399, 205322311542917, 894991655191577]~    residual 1.3174379162482833999 E-47
  T3 lindep([xi,G,z2])   = [213307493671582617514, 37969875847852068462, -52620950539149053491]~    residual 4.863903794030892856 E-42
  T4 algdep(xi,1) = 2720105733910610917842708198230*x - 660286541284592460295027527399   min|root-xi| = 1.1829090406008423092 E-62
  T4 algdep(xi,2) = 20161653557544402052*x^2 + 136959007820143051281*x - 34433844437699014833   min|root-xi| = 6.308304504865042706 E-62
  T4 algdep(xi,3) = 243250563766103*x^3 - 104084243876515*x^2 + 546833781239191*x - 130086295679924   min|root-xi| = 5.525527634992549511 E-62
  T4 algdep(xi,4) = 90915120683*x^4 - 360338705882*x^3 - 44084679408*x^2 - 770862396301*x + 194557493370   min|root-xi| = 4.189359235448912303 E-62
  T4 algdep(xi,5) = 3198231168*x^5 - 8183699087*x^4 + 8330533423*x^3 - 3613618248*x^2 + 4197495141*x - 899419462   min|root-xi| = 1.3503331108448250208 E-61
  T4 algdep(xi,6) = 135061974*x^6 - 26268705*x^5 + 170291721*x^4 - 41872865*x^3 + 144498703*x^2 + 204779388*x - 58221049   min|root-xi| = 4.363615008764254039 E-62
  T4 algdep(xi/G,4) = 152046751563*x^4 + 271619924833*x^3 - 359507619344*x^2 + 451284957674*x - 100153007409   min|root-r| = 1.2320805516428122506 E-61
  T4 algdep(xi/zeta(2),4) = 752537819511*x^4 - 424296160851*x^3 - 519617970067*x^2 + 206383614179*x - 18133712849   min|root-r| = 1.6522655748281427340 E-61
  T4 algdep(xi/Pi^2,4) = 168323750912*x^4 + 585030222693*x^3 + 1000462243085*x^2 - 727673503044*x + 17283173906   min|root-r| = 2.708871240227909939 E-62
  T4 algdep(xi/L(g,2),4) = 103386328312*x^4 + 127680352594*x^3 + 280091703931*x^2 + 209809584957*x - 60045648931   min|root-r| = 1.1161316369576693916 E-61

=== m1_2_0_1_6_5_7_-9__15_0_216_108_-108__t3_re
  xi = 0.105664468074302650003672667919339247637143008369355136805305109778299471336860
  T1/T2/T4: NO HIT (unidentified)
  T3 ratios:  xi/G       = 0.11535855576455082479108643922509322112802213495877757796793
              xi/(Pi*G)  = 0.03671976875574064231205049761022353620167271696390832874590
              xi*G       = 0.09678501728309841590478465125816054353615100565307285755208
              xi/zeta(2) = 0.06423629384535813205234549806161224957363517093110243318293
              xi/Pi^2    = 0.01070604897422635534205758301026870826227252848851707219716
              xi/L(g,2)  = 0.09420474557478616043033054401376329227937947910330233806949
  T3 lindep([1,xi,G,z2]) = [-379224034036452, 1754966001640355, -261477080456771, 263409034490455]~    residual 3.143508523035892539 E-47
  T3 lindep([xi,G,z2])   = [229339534375277631472, -82171829875666181874, 31024665424009786025]~    residual 5.662615306115234726 E-42
  T4 algdep(xi,1) = 110371572281367769342081898842*x - 11662353475635171965455322873   min|root-xi| = 8.351031232164261753 E-61
  T4 algdep(xi,2) = 31002420616061950796*x^2 + 195160117870541370627*x - 20967631444454613509   min|root-xi| = 4.408139825390410728 E-63
  T4 algdep(xi,3) = 1535635247575474*x^3 + 462534128342537*x^2 - 908643458648411*x + 89035490655864   min|root-xi| = 1.4244953397854877696 E-62
  T4 algdep(xi,4) = 773131039688*x^4 - 622616301579*x^3 - 714331442067*x^2 + 459307612527*x - 39918848066   min|root-xi| = 7.806994481197450675 E-63
  T4 algdep(xi,5) = 793945665*x^5 + 915070922*x^4 - 8332716466*x^3 - 3781816911*x^2 - 43445705*x + 56520502   min|root-xi| = 5.702049027754242507 E-61
  T4 algdep(xi,6) = 187227424*x^6 + 218699847*x^5 - 18546710*x^4 + 34629691*x^3 - 319955040*x^2 - 31715494*x + 6881809   min|root-xi| = 7.251683234655637337 E-62
  T4 algdep(xi/G,4) = 365086517938*x^4 - 1166523313287*x^3 + 867956202527*x^2 + 166555745903*x - 29037912525   min|root-r| = 1.0460963697082514408 E-62
  T4 algdep(xi/zeta(2),4) = 1131925794232*x^4 + 905995076671*x^3 - 426673096704*x^2 + 515496434180*x - 31612412712   min|root-r| = 1.8369876426913730484 E-61
  T4 algdep(xi/Pi^2,4) = 218109190445*x^4 + 644248780655*x^3 + 629200920678*x^2 - 1528922081511*x + 16295802560   min|root-r| = 1.6030234156762264643 E-63
  T4 algdep(xi/L(g,2),4) = 728957685059*x^4 - 903514556575*x^3 + 202038819595*x^2 - 133315867988*x + 11463935408   min|root-r| = 5.900319897243885002 E-61

=== m1_2_0_1_6_5_7_-9__15_0_216_108_-108__t3_im
  xi = -0.24274296879456930385475603831238877657288540005514951529527848384138153784098
  T1/T2/T4: NO HIT (unidentified)
  T3 ratios:  xi/G       = -0.2650131951873335609450668866548836339314491542007016671363
              xi/(Pi*G)  = -0.08435631999728284753824778935109408637621274765520368590833
              xi*G       = -0.2223442076442598062206920330575750266807450769528471111033
              xi/zeta(2) = -0.1475700295147249407073509852465560724834614658749589176170
              xi/Pi^2    = -0.02459500491912082345122516420775934541391024431249315293616
              xi/L(g,2)  = -0.2164165497836068649470804103844604494227795845119263678118
  T3 lindep([1,xi,G,z2]) = [-1932379858807096, -1120977566924399, 205322311542917, 894991655191577]~    residual 1.3174379162482833999 E-47
  T3 lindep([xi,G,z2])   = [-213307493671582617514, 37969875847852068462, -52620950539149053491]~    residual 4.863903794030892856 E-42
  T4 algdep(xi,1) = 2720105733910610917842708198230*x + 660286541284592460295027527399   min|root-xi| = 1.1829090406008423092 E-62
  T4 algdep(xi,2) = 20161653557544402052*x^2 - 136959007820143051281*x - 34433844437699014833   min|root-xi| = 6.308304504865042706 E-62
  T4 algdep(xi,3) = 243250563766103*x^3 + 104084243876515*x^2 + 546833781239191*x + 130086295679924   min|root-xi| = 5.525527634992549511 E-62
  T4 algdep(xi,4) = 90915120683*x^4 + 360338705882*x^3 - 44084679408*x^2 + 770862396301*x + 194557493370   min|root-xi| = 4.189359235448912303 E-62
  T4 algdep(xi,5) = 3198231168*x^5 + 8183699087*x^4 + 8330533423*x^3 + 3613618248*x^2 + 4197495141*x + 899419462   min|root-xi| = 1.3503331108448250208 E-61
  T4 algdep(xi,6) = 135061974*x^6 + 26268705*x^5 + 170291721*x^4 + 41872865*x^3 + 144498703*x^2 - 204779388*x - 58221049   min|root-xi| = 4.363615008764254039 E-62
  T4 algdep(xi/G,4) = 152046751563*x^4 - 271619924833*x^3 - 359507619344*x^2 - 451284957674*x - 100153007409   min|root-r| = 1.2320805516428122506 E-61
  T4 algdep(xi/zeta(2),4) = 752537819511*x^4 + 424296160851*x^3 - 519617970067*x^2 - 206383614179*x - 18133712849   min|root-r| = 1.6522655748281427340 E-61
  T4 algdep(xi/Pi^2,4) = 168323750912*x^4 - 585030222693*x^3 + 1000462243085*x^2 + 727673503044*x + 17283173906   min|root-r| = 2.708871240227909939 E-62
  T4 algdep(xi/L(g,2),4) = 103386328312*x^4 - 127680352594*x^3 + 280091703931*x^2 - 209809584957*x - 60045648931   min|root-r| = 1.1161316369576693916 E-61

=== m-1_2_0_1_1_0_0_8__16_8_68_8_32__t1_re
  xi = -0.25061476902285696202066157985596615391094949269694687342172493149802452734576
  HIT  T2  xi = (0 + 12*[zeta(2)] + -15*[L(2,chi_-3)])/-32   [[0, -32, -12, 15]~]  agree 126 digits
  T3 ratios:  xi/G       = -0.2736071863572296646139876586657362085087049381412553744175
              xi/(Pi*G)  = -0.08709187234843697833725099130280071430946044816352980573150
              xi*G       = -0.2295545058176076793186583948435580924492944265322506920337
              xi/zeta(2) = -0.1523555102138817219407042393768070136890297639829961708173
              xi/Pi^2    = -0.02539258503564695365678403989613450228150496066383269513621
              xi/L(g,2)  = -0.2234346226631288726686445861888274451378947115635120470426
  T3 lindep([1,xi,G,z2]) = [1327835968622614, -1231527962549879, -221857297202709, -871318457276290]~    residual 1.6727562510860022628 E-47
  T3 lindep([xi,G,z2])   = [-317066434437719291143, 89235675698268922599, -97996839626006534076]~    residual 9.136701787233522108 E-42
  T4 algdep(xi,1) = 1310068780388585485468617427579*x + 328322584801141274035266747760   min|root-xi| = 1.5788488096517422783 E-61
  T4 algdep(xi,2) = 55073208170666645236*x^2 + 32490656619532545528*x + 4683613427831406543   min|root-xi| = 2.4886972731685234507 E-61
  T4 algdep(xi,3) = 50801174021144*x^3 - 176553334822493*x^2 - 442700389973980*x - 99058697499913   min|root-xi| = 7.442221938506909103 E-62
  T4 algdep(xi,4) = 137880832009*x^4 - 766849084507*x^3 - 1090413118151*x^2 - 57352916321*x + 41498377280   min|root-xi| = 8.194621961378244381 E-62
  T4 algdep(xi,5) = 3930044418*x^5 + 1034499883*x^4 + 1233048196*x^3 + 7000742016*x^2 + 1457171039*x - 55299053   min|root-xi| = 2.4222930258854470292 E-61
  T4 algdep(xi,6) = 293283401*x^6 - 69726845*x^5 - 230492748*x^4 - 183209918*x^3 - 208857570*x^2 + 188555112*x + 58256399   min|root-xi| = 4.480042303770913787 E-63
  T4 algdep(xi/G,4) = 633240341628*x^4 + 712655197873*x^3 - 280914844587*x^2 + 571256672273*x + 188377635369   min|root-r| = 1.9329240862549211073 E-62
  T4 algdep(xi/zeta(2),4) = 732223587693*x^4 - 195676509689*x^3 + 209459563578*x^2 + 297995150111*x + 39452647554   min|root-r| = 2.8811651279540902163 E-61
  T4 algdep(xi/Pi^2,4) = 308077586717*x^4 + 49696011626*x^3 - 890499946021*x^2 - 329047847690*x - 7780510316   min|root-r| = 4.080819374501606695 E-62
  T4 algdep(xi/L(g,2),4) = 1002598907050*x^4 - 38128425816*x^3 + 1096167727569*x^2 - 402313410764*x - 147538851205   min|root-r| = 5.409893656229615341 E-62

=== m-1_2_0_1_1_0_0_8__16_8_68_8_32__t1_im
  xi = 0.89034668090063380805952983601163267113154870397783713582586030097028612084574
  HIT  T1  xi = (0 + -5*[Pi^2*sqrt(3)])/-96   [[0, -96, 5]~]  agree 126 digits
  HIT  T1  xi = (0 + 5*[Pi^2/sqrt(3)])/32   [[0, 32, -5]~]  agree 126 digits
  HIT  T1  xi = (0 + 5*[Pi^2*sqrt(12)])/192   [[0, 192, -5]~]  agree 126 digits
  HIT  T1  xi = (0 + -5*[Pi^2/sqrt(12)])/-16   [[0, -16, 5]~]  agree 126 digits
  HIT  T1  xi = (0 + 15*[L(2,chi_12)])/16   [[0, 16, -15]~]  agree 126 digits
  T3 ratios:  xi/G       = 0.9720307035117429139814889409794405293686422447378577700377
              xi/(Pi*G)  = 0.3094069826019728623645073848013198708818268641848164207311
              xi*G       = 0.8155269265948638628220749282286830385234133590093054621435
              xi/zeta(2) = 0.5412658773652741542273269817205851146696266418157439462675
              xi/Pi^2    = 0.09021097956087902570455449695343085244493777363595732437791
              xi/L(g,2)  = 0.7937851207334824265561813599021649881900365067689732643080
  T3 lindep([1,xi,G,z2]) = [1005062942750613, 259492319787764, 1177171538325203, -1406955903331625]~    residual 5.616174722947048289 E-47
  T3 lindep([xi,G,z2])   = [-214187306332110904602, -81218949183666494171, 161158265047816200667]~    residual 1.2867148749070610339 E-41
  T4 algdep(xi,1) = 2963645920197653138344727214137*x - 2638672308412685126364510384889   min|root-xi| = 2.705422144399691670 E-63
  T4 algdep(xi,2) = 59537237605311275649*x^2 - 202644774187545083377*x + 133227909083717067129   min|root-xi| = 7.676167621014634232 E-62
  T4 algdep(xi,3) = 2093360684694744*x^3 + 362376385908040*x^2 - 2870636481266*x - 1762185744959469   min|root-xi| = 4.484908154501742800 E-63
  T4 algdep(xi,4) = 249626512474*x^4 - 308578780539*x^3 - 300161212025*x^2 + 339555603529*x - 3451904154   min|root-xi| = 6.023996380065940713 E-62
  T4 algdep(xi,5) = 2082081342*x^5 + 4234828265*x^4 - 6400495641*x^3 - 3573132016*x^2 - 3301804338*x + 6463578373   min|root-xi| = 3.961022011874649165 E-62
  T4 algdep(xi,6) = 210321988*x^6 - 321023928*x^5 + 359217030*x^4 - 44476098*x^3 - 106553238*x^2 + 86735401*x - 112258802   min|root-xi| = 5.892443711450080979 E-63
  T4 algdep(xi/G,4) = 125511752511*x^4 + 264580571435*x^3 - 949559413269*x^2 - 753731088122*x + 1274791607703   min|root-r| = 2.009849050042769410 E-62
  T4 algdep(xi/zeta(2),4) = 256*x^2 - 75   min|root-r| = 2.163893938965727159 E-127
  T4 algdep(xi/Pi^2,4) = 3072*x^4 - 25*x^2   min|root-r| = 3.606489898276211932 E-128
  T4 algdep(xi/L(g,2),4) = 1534010399600*x^4 - 923822244216*x^3 + 66095205125*x^2 - 118756728829*x - 94352099305   min|root-r| = 1.8145600223093539392 E-62

=== m-1_2_0_1_1_0_0_8__16_8_68_8_32__t2_re
  xi = 0.36623550604522795165649410763629329204615672025560254072910940451572827405544
  HIT  T1  xi = (0 + -15*[L(2,chi_-3)])/-32   [[0, -32, 15]~]  agree 126 digits
  T3 ratios:  xi/G       = 0.3998354396424736329770161190548176888489208746432290359922
              xi/(Pi*G)  = 0.1272715732848416868274085860626992239478337990427789137861
              xi*G       = 0.3354591229035117072638034982247186810452484616477859445894
              xi/zeta(2) = 0.2226444897861182780592957606231929863109702360170038291827
              xi/Pi^2    = 0.03710741496435304634321596010386549771849503933616730486379
              xi/L(g,2)  = 0.3265158410979059273162245619759431841517800269196152767284
  T3 lindep([1,xi,G,z2]) = [-1070821158732253, -405049025278415, 163004588966693, 650395611504131]~    residual 9.188106840628756700 E-47
  T3 lindep([xi,G,z2])   = [82466308942516273092, 164677463653328749740, -110059719036001560557]~    residual 1.0189822096297647962 E-42
  T4 algdep(xi,1) = 614196563689373175461329991014*x - 224940589314017664228034746885   min|root-xi| = 4.516115762218243663 E-63
  T4 algdep(xi,2) = 43288151063465575659*x^2 - 21679712324270180072*x + 2133707986477602922   min|root-xi| = 2.2190742181919077837 E-61
  T4 algdep(xi,3) = 639088943444214*x^3 + 602376059111598*x^2 + 320066226505769*x - 229409091138291   min|root-xi| = 2.146385759165525810 E-62
  T4 algdep(xi,4) = 441663936017*x^4 - 303531960370*x^3 + 777092144871*x^2 - 379228232886*x + 41621232385   min|root-xi| = 7.339793276228048070 E-62
  T4 algdep(xi,5) = 11144985104*x^5 - 1053435946*x^4 - 4355804265*x^3 - 4632679394*x^2 + 4586683182*x - 898943331   min|root-xi| = 2.886582759917369936 E-60
  T4 algdep(xi,6) = 381617217*x^6 - 37187771*x^5 + 118761390*x^4 - 122637346*x^3 - 2293976*x^2 - 23387460*x + 12084868   min|root-xi| = 7.688144841288504936 E-62
  T4 algdep(xi/G,4) = 126777560565*x^4 - 363379851952*x^3 - 184854342830*x^2 - 577321625927*x + 280373461520   min|root-r| = 2.557326969311453558 E-62
  T4 algdep(xi/zeta(2),4) = 14097960061*x^4 - 68666257101*x^3 + 150081800866*x^2 + 1170945991780*x - 267421112262   min|root-r| = 1.6033153303408640821 E-62
  T4 algdep(xi/Pi^2,4) = 1028540448959*x^4 - 168166989762*x^3 - 328355510730*x^2 + 1509363890160*x - 55549817287   min|root-r| = 5.122599098587294137 E-62
  T4 algdep(xi/L(g,2),4) = 87963494480*x^4 - 1106831875457*x^3 - 571493063713*x^2 + 68240723209*x + 76176459893   min|root-r| = 2.508899080324917123 E-62

=== m-1_2_0_1_1_0_0_8__16_8_68_8_32__t2_im
  xi = 0.17806933618012676161190596720232653422630974079556742716517206019405722416915
  HIT  T1  xi = (0 + -1*[Pi^2*sqrt(3)])/-96   [[0, -96, 1]~]  agree 125 digits
  HIT  T1  xi = (0 + -1*[Pi^2/sqrt(3)])/-32   [[0, -32, 1]~]  agree 125 digits
  HIT  T1  xi = (0 + -1*[Pi^2*sqrt(12)])/-192   [[0, -192, 1]~]  agree 125 digits
  HIT  T1  xi = (0 + -1*[Pi^2/sqrt(12)])/-16   [[0, -16, 1]~]  agree 125 digits
  HIT  T1  xi = (0 + 3*[L(2,chi_12)])/16   [[0, 16, -3]~]  agree 125 digits
  T3 ratios:  xi/G       = 0.1944061407023485827962977881958881058737284489475715540075
              xi/(Pi*G)  = 0.06188139652039457247290147696026397417636537283696328414622
              xi*G       = 0.1631053853189727725644149856457366077046826718018610924287
              xi/zeta(2) = 0.10825317547305483084546539634411702293392532836314878925348
              xi/Pi^2    = 0.01804219591217580514091089939068617048898755472719146487558
              xi/L(g,2)  = 0.1587570241466964853112362719804329976380073013537946528616
  T3 lindep([1,xi,G,z2]) = [531507978750975, 1248025057743273, 707486486606894, -852177774567337]~    residual 4.973868272107989974 E-47
  T3 lindep([xi,G,z2])   = [74988503921263342759, 220853221666394734387, -131097719884422381137]~    residual 6.260813166312642824 E-42
  T4 algdep(xi,1) = 969537199120482765322692342227*x - 172644845449323745960305857953   min|root-xi| = 1.3975068881976071039 E-61
  T4 algdep(xi,2) = 155367155018391827725*x^2 + 121141145656876169742*x - 26498012110907647806   min|root-xi| = 1.8569782533903458522 E-62
  T4 algdep(xi,3) = 307931776395472*x^3 - 121636604902208*x^2 - 126450611150341*x + 24635224520744   min|root-xi| = 8.740592372470020061 E-62
  T4 algdep(xi,4) = 159643500478*x^4 + 58112266694*x^3 - 1079115236190*x^2 + 63797155611*x + 22368377695   min|root-xi| = 1.7935061059236067722 E-62
  T4 algdep(xi,5) = 5060546039*x^5 + 1525272596*x^4 + 1433390042*x^3 - 974008728*x^2 - 10734542460*x + 1931844372   min|root-xi| = 1.0520152158189889219 E-62
  T4 algdep(xi,6) = 119055193*x^6 + 66095377*x^5 - 135814117*x^4 + 372689386*x^3 + 304685641*x^2 - 125492247*x + 10701730   min|root-xi| = 6.558628695155548960 E-61
  T4 algdep(xi/G,4) = 330204179583*x^4 + 1166944749137*x^3 - 116174495313*x^2 + 727735063194*x - 146131084281   min|root-r| = 7.751401216560003619 E-62
  T4 algdep(xi/zeta(2),4) = 256*x^2 - 3   min|root-r| = 1.6486329915011986891 E-127
  T4 algdep(xi/Pi^2,4) = 3072*x^2 - 1   min|root-r| = 2.747721652501997815 E-128
  T4 algdep(xi/L(g,2),4) = 56716505791*x^4 - 267780884178*x^3 - 333431404525*x^2 - 114970424677*x + 27691536462   min|root-r| = 7.318219558479456122 E-63

=== m-1_2_0_1_1_0_0_8__16_8_68_8_32__t3_re
  xi = 0.46904388522324210393602005555166986637234108908102744308758179385135374095565
  HIT  T2  xi = (0 + 2*[zeta(2)] + 15*[L(2,chi_-3)])/32   [[0, 32, -2, -15]~]  agree 126 digits
  T3 ratios:  xi/G       = 0.5120758773090908492421834153415766717418585101073097710605
              xi/(Pi*G)  = 0.1629988142237214643548518489569492136573828402438303670390
              xi*G       = 0.4296280610236982716942138137360981432943389430111253840265
              xi/zeta(2) = 0.2851444897861182780592957606231929863109702360170038291827
              xi/Pi^2    = 0.04752408163101971300988262677053216438516170600283397153045
              xi/L(g,2)  = 0.4181742517247450606470360866700716223667258166668031640236
  T3 lindep([1,xi,G,z2]) = [-533311651764245, -323135744140001, 1040261418452233, -162904506024062]~    residual 2.1067455048765995941 E-47
  T3 lindep([xi,G,z2])   = [-105958123073413951685, 86127013410470615690, -17745617823968265486]~    residual 1.0346009019706288748 E-41
  T4 algdep(xi,1) = 1301745433513230412085408411446*x - 610575735706659180751290981625   min|root-xi| = 1.4006546349627507600 E-61
  T4 algdep(xi,2) = 139599333957691979561*x^2 + 82762920307599763213*x - 69531597573385389759   min|root-xi| = 3.333490395127598459 E-62
  T4 algdep(xi,3) = 764502157824943*x^3 - 1505874895175814*x^2 + 316765699421504*x + 103829234189821   min|root-xi| = 1.8828879765041114740 E-62
  T4 algdep(xi,4) = 61161380197*x^4 + 1599722068333*x^3 - 788623559969*x^2 - 527415212053*x + 252843109289   min|root-xi| = 2.8724814801455435726 E-61
  T4 algdep(xi,5) = 4400557601*x^5 + 3174899133*x^4 - 4962133888*x^3 + 504532419*x^2 - 4666634932*x + 2336333923   min|root-xi| = 4.849300822867857488 E-62
  T4 algdep(xi,6) = 138110153*x^6 + 71369593*x^5 + 142757291*x^4 - 253531249*x^3 + 193014389*x^2 - 70485313*x + 6758707   min|root-xi| = 3.741692094410692411 E-61
  T4 algdep(xi/G,4) = 802806074772*x^4 - 511717476738*x^3 - 447007313350*x^2 + 806248897837*x - 282134619230   min|root-r| = 1.2050800665907377807 E-61
  T4 algdep(xi/zeta(2),4) = 551467246331*x^4 + 209653438333*x^3 + 556434337904*x^2 + 89635892119*x - 79307767232   min|root-r| = 1.3674306826493361749 E-62
  T4 algdep(xi/Pi^2,4) = 348743741481*x^4 + 120897454852*x^3 - 210379197093*x^2 - 669233119688*x + 32265083428   min|root-r| = 2.212261520202131095 E-62
  T4 algdep(xi/L(g,2),4) = 575295269755*x^4 + 552438251453*x^3 - 1084846911921*x^2 - 526605678245*x + 351929998700   min|root-r| = 2.442755887961907148 E-62

=== m-1_2_0_1_1_0_0_8__16_8_68_8_32__t3_im
  xi = 0.E-250
  RATIONAL: xi = 0/1
  HIT  T4  algdep deg<=1:  x   height 1  agree 1000 digits
  HIT  T4  algdep deg<=2:  x   height 1  agree 1000 digits
  HIT  T4  algdep deg<=3:  x   height 1  agree 1000 digits
  HIT  T4  algdep deg<=4:  x   height 1  agree 1000 digits
  HIT  T4  algdep deg<=5:  x   height 1  agree 1000 digits
  HIT  T4  algdep deg<=6:  x   height 1  agree 1000 digits
  T3 ratios:  xi/G       = 0.E-250
              xi/(Pi*G)  = 0.E-250
              xi*G       = 0.E-250
              xi/zeta(2) = 0.E-250
              xi/Pi^2    = 0.E-251
              xi/L(g,2)  = 0.E-250
  T3 lindep([1,xi,G,z2]) = [0, 1, 0, 0]~    residual 0.E-250
  T3 lindep([xi,G,z2])   = [1, 0, 0]~    residual 0.E-250
  T4 algdep(xi,1) = x   min|root-xi| = 0.E-250
  T4 algdep(xi,2) = x   min|root-xi| = 0.E-250
  T4 algdep(xi,3) = x   min|root-xi| = 0.E-250
  T4 algdep(xi,4) = x   min|root-xi| = 0.E-250
  T4 algdep(xi,5) = x   min|root-xi| = 0.E-250
  T4 algdep(xi,6) = x   min|root-xi| = 0.E-250
  T4 algdep(xi/G,4) = x   min|root-r| = 0.E-250
  T4 algdep(xi/zeta(2),4) = x   min|root-r| = 0.E-250
  T4 algdep(xi/Pi^2,4) = x   min|root-r| = 0.E-250
  T4 algdep(xi/L(g,2),4) = x   min|root-r| = 0.E-250

=== m-1_2_0_1_1_0_0_8__16_8_48_0_-128__t1_re
  xi = -0.38785887652378015991350480875916341826356886938213138058420980610831204645714
  HIT  T2  xi = (0 + 2*[G] + -3*[zeta(2)])/8   [[0, 8, -2, 3]~]  agree 128 digits
  T3 ratios:  xi/G       = -0.4234426259997032975910037777205538973576258127844844104097
              xi/(Pi*G)  = -0.1347859740873309972802176956792427572400644243360804951438
              xi*G       = -0.3552653862920129173783178227492812857471672846334509733078
              xi/zeta(2) = -0.2357899227334604388922635073502100107929271556515300959443
              xi/Pi^2    = -0.03929832045557673981537725122503500179882119260858834932405
              xi/L(g,2)  = -0.3457940729531870150583742373877805521242481837081987587955
  T3 lindep([1,xi,G,z2]) = [0, 8, -2, 3]~    residual 2.563669475505788064 E-128
  T3 lindep([xi,G,z2])   = [8, -2, 3]~    residual 2.563669475505788064 E-128
  T4 algdep(xi,1) = 717170071756258296984375391837*x + 278160778307861143903706718327   min|root-xi| = 7.418825055448241403 E-62
  T4 algdep(xi,2) = 105574304610056216857*x^2 + 241456393786866244714*x + 77768987041824667989   min|root-xi| = 6.007399861986599113 E-63
  T4 algdep(xi,3) = 1361593439887841*x^3 - 910484012894422*x^2 + 306561924972141*x + 335316360075369   min|root-xi| = 3.551235856153724134 E-62
  T4 algdep(xi,4) = 321056362489*x^4 - 305402451410*x^3 + 100913458191*x^2 + 780170415474*x + 262330048588   min|root-xi| = 1.2477068811021046215 E-61
  T4 algdep(xi,5) = 13012888479*x^5 + 8871841324*x^4 + 638196425*x^3 - 203455096*x^2 + 2300826980*x + 873685400   min|root-xi| = 1.8066361737839321279 E-62
  T4 algdep(xi,6) = 101329534*x^6 - 321076099*x^5 - 237700684*x^4 - 160943805*x^3 - 179725898*x^2 + 309401056*x + 139866373   min|root-xi| = 1.9310683040132457605 E-62
  T4 algdep(xi/G,4) = 97565093434*x^4 + 675234004729*x^3 - 1079584083740*x^2 + 141283673407*x + 301529220677   min|root-r| = 4.039589236603680007 E-62
  T4 algdep(xi/zeta(2),4) = 345119735691*x^4 - 691060692672*x^3 + 653076895162*x^2 - 689832434781*x - 209090592229   min|root-r| = 3.564527680094051807 E-62
  T4 algdep(xi/Pi^2,4) = 400449891695*x^4 - 969739093460*x^3 + 791996825741*x^2 - 658093360525*x - 27144899608   min|root-r| = 1.0037371025870002018 E-61
  T4 algdep(xi/L(g,2),4) = 641461714999*x^4 + 212938120330*x^3 - 969924881972*x^2 + 843653516276*x + 407340753895   min|root-r| = 3.467608806478172633 E-63

=== m-1_2_0_1_1_0_0_8__16_8_48_0_-128__t1_im
  xi = 0.E-250
  RATIONAL: xi = 0/1
  HIT  T4  algdep deg<=1:  x   height 1  agree 1000 digits
  HIT  T4  algdep deg<=2:  x   height 1  agree 1000 digits
  HIT  T4  algdep deg<=3:  x   height 1  agree 1000 digits
  HIT  T4  algdep deg<=4:  x   height 1  agree 1000 digits
  HIT  T4  algdep deg<=5:  x   height 1  agree 1000 digits
  HIT  T4  algdep deg<=6:  x   height 1  agree 1000 digits
  T3 ratios:  xi/G       = 0.E-250
              xi/(Pi*G)  = 0.E-250
              xi*G       = 0.E-250
              xi/zeta(2) = 0.E-250
              xi/Pi^2    = 0.E-251
              xi/L(g,2)  = 0.E-250
  T3 lindep([1,xi,G,z2]) = [0, 1, 0, 0]~    residual 0.E-250
  T3 lindep([xi,G,z2])   = [1, 0, 0]~    residual 0.E-250
  T4 algdep(xi,1) = x   min|root-xi| = 0.E-250
  T4 algdep(xi,2) = x   min|root-xi| = 0.E-250
  T4 algdep(xi,3) = x   min|root-xi| = 0.E-250
  T4 algdep(xi,4) = x   min|root-xi| = 0.E-250
  T4 algdep(xi,5) = x   min|root-xi| = 0.E-250
  T4 algdep(xi,6) = x   min|root-xi| = 0.E-250
  T4 algdep(xi/G,4) = x   min|root-r| = 0.E-250
  T4 algdep(xi/zeta(2),4) = x   min|root-r| = 0.E-250
  T4 algdep(xi/Pi^2,4) = x   min|root-r| = 0.E-250
  T4 algdep(xi/L(g,2),4) = x   min|root-r| = 0.E-250

=== m-1_2_0_1_1_0_0_8__16_8_48_0_-128__t2_re
  xi = 0.38320396731132598218293980060616088918281389680855538710433311390887895529437
  HIT  T2  xi = (0 + -8*[G] + -3*[zeta(2)])/-32   [[0, -32, 8, 3]~]  agree 126 digits
  T3 ratios:  xi/G       = 0.4183606564999258243977509444301384743394064531961211026024
              xi/(Pi*G)  = 0.1331683329542673341756067760276321655815533846718054042532
              xi*G       = 0.3510016496093863158497595435860646811210113255915948224710
              xi/zeta(2) = 0.2329600772665395611077364926497899892070728443484699040557
              xi/Pi^2    = 0.03882667954442326018462274877496499820117880739141165067595
              xi/L(g,2)  = 0.3416440067481064849227121978181827344878452393957103959183
  T3 lindep([1,xi,G,z2]) = [0, -32, 8, 3]~    residual 1.1512378104160741933 E-125
  T3 lindep([xi,G,z2])   = [32, -8, -3]~    residual 1.1512378104160741933 E-125
  T4 algdep(xi,1) = 4328726286911090402505132990406*x - 1658785086549154981409298989843   min|root-xi| = 4.173754969075776195 E-62
  T4 algdep(xi,2) = 175820899755090815958*x^2 - 45337298365345730053*x - 8445036752622209169   min|root-xi| = 2.582514243068469518 E-62
  T4 algdep(xi,3) = 13981468697595*x^3 + 514297131867332*x^2 - 138264487113771*x - 23325367551132   min|root-xi| = 8.049973930085751255 E-62
  T4 algdep(xi,4) = 902034574700*x^4 - 554920285715*x^3 + 1034141877528*x^2 - 68829131974*x - 113708008552   min|root-xi| = 2.250644740954952305 E-62
  T4 algdep(xi,5) = 8233121912*x^5 - 4507960234*x^4 - 1329333558*x^3 - 3306669964*x^2 + 4219053056*x - 1027209777   min|root-xi| = 5.062875016474103504 E-62
  T4 algdep(xi,6) = 100482239*x^6 + 85918573*x^5 + 125102186*x^4 + 85417106*x^3 + 102807675*x^2 + 42279747*x - 39830942   min|root-xi| = 3.420523072806502965 E-64
  T4 algdep(xi/G,4) = 221437441782*x^4 + 401238880969*x^3 - 146152877700*x^2 + 1064218140635*x - 455810260175   min|root-r| = 2.857989219968330230 E-62
  T4 algdep(xi/zeta(2),4) = 1308863793292*x^4 - 311203505949*x^3 - 197689256683*x^2 - 518372166124*x + 131568224138   min|root-r| = 8.370672069824438392 E-62
  T4 algdep(xi/Pi^2,4) = 941523002522*x^4 - 346570884693*x^3 - 594706710566*x^2 - 435511357609*x + 17824132524   min|root-r| = 1.3184636590480488365 E-62
  T4 algdep(xi/L(g,2),4) = 41390550753*x^4 + 435598588413*x^3 + 662876140569*x^2 - 856889122059*x + 197445498803   min|root-r| = 1.7824615757162130937 E-61

=== m-1_2_0_1_1_0_0_8__16_8_48_0_-128__t2_im
  xi = 0.15421256876702122841928892187306486148927655323813735353770858400343820035030
  HIT  T1  xi = (0 + 3*[zeta(2)])/32   [[0, 32, -3]~]  agree 126 digits
  HIT  T1  xi = (0 + -1*[Pi^2])/-64   [[0, -64, 1]~]  agree 126 digits
  HIT  T1  xi = (0 + -1*[Pi^2*sqrt(4)])/-128   [[0, -128, 1]~]  agree 126 digits
  HIT  T1  xi = (0 + -1*[Pi^2/sqrt(4)])/-32   [[0, -32, 1]~]  agree 126 digits
  HIT  T1  xi = (0 + -1*[Pi*atan(1/1)])/-16   [[0, -16, 1]~]  agree 126 digits
  HIT  T1  xi = (0 + -1*[atan(1/1)^2])/-4   [[0, -4, 1]~]  agree 126 digits
  T3 ratios:  xi/G       = 0.1683606564999258243977509444301384743394064531961211026024
              xi/(Pi*G)  = 0.05359086140831966629116489434137498456432356180157717987940
              xi*G       = 0.1412534071802798466456154732670691933736357220450091591558
              xi/zeta(2) = 0.09375000000000000000000000000000000000000000000000000000000
              xi/Pi^2    = 0.01562500000000000000000000000000000000000000000000000000000
              xi/L(g,2)  = 0.1374876159402586999962172870411926573224186846207818309428
  T3 lindep([1,xi,G,z2]) = [0, -32, 0, 3]~    residual 1.9389849766361946912 E-126
  T3 lindep([xi,G,z2])   = [32, 0, -3]~    residual 1.9389849766361946912 E-126
  T4 algdep(xi,1) = 963297423122830051779028167444*x - 148552570106423774529225541381   min|root-xi| = 4.204511990979085457 E-62
  T4 algdep(xi,2) = 89390746131049049788*x^2 - 106182709389603906315*x + 14248860881553167705   min|root-xi| = 7.007482438808729315 E-62
  T4 algdep(xi,3) = 686974811132035*x^3 + 399985210295328*x^2 + 1754847217328133*x - 282651169420732   min|root-xi| = 3.010364950457463561 E-62
  T4 algdep(xi,4) = 433520535575*x^4 + 460314333898*x^3 - 461578547234*x^2 + 112482854162*x - 8302575013   min|root-xi| = 2.4108976984891677215 E-60
  T4 algdep(xi,5) = 1782489461*x^5 + 1676850137*x^4 + 6106137020*x^3 - 5380632408*x^2 + 6939475480*x - 965692265   min|root-xi| = 3.403865720031679535 E-62
  T4 algdep(xi,6) = 134794180*x^6 - 21179388*x^5 - 254126911*x^4 + 177497348*x^3 - 7719663*x^2 - 11075619*x + 1384388   min|root-xi| = 1.9632955723832233762 E-60
  T4 algdep(xi/G,4) = 487179837181*x^4 - 330182113697*x^3 - 159146186605*x^2 + 216707856755*x - 30789750130   min|root-r| = 3.1076004696095508282 E-61
  T4 algdep(xi/zeta(2),4) = 32*x - 3   min|root-r| = 3.683629741827935540 E-128
  T4 algdep(xi/Pi^2,4) = 64*x - 1   min|root-r| = 6.139382903046559234 E-129
  T4 algdep(xi/L(g,2),4) = 557498547125*x^4 - 507550979777*x^3 + 41353678156*x^2 + 642658191519*x - 88019370961   min|root-r| = 3.490341285409081091 E-62

=== m-1_2_0_1_1_0_0_8__16_8_48_0_-128__t3_re
  xi = 0.22899139854430475376365087873309602769353734357041803356662452990544075494406
  HIT  T1  xi = (0 + -1*[G])/-4   [[0, -4, 1]~]  agree 128 digits
  T3 ratios:  xi/G       = 0.2500000000000000000000000000000000000000000000000000000000
              xi/(Pi*G)  = 0.07957747154594766788444188168625718101722982287022822437383
              xi*G       = 0.2097482424291064692041440703189954877473756035465856633152
              xi/zeta(2) = 0.1392100772665395611077364926497899892070728443484699040557
              xi/Pi^2    = 0.02320167954442326018462274877496499820117880739141165067595
              xi/L(g,2)  = 0.2041563908078477849264949107769900771654265547749285649755
  T3 lindep([1,xi,G,z2]) = [0, -4, 1, 0]~    residual 3.325859059431594737 E-129
  T3 lindep([xi,G,z2])   = [-4, 1, 0]~    residual 3.325859059431594737 E-129
  T4 algdep(xi,1) = 910534500401614597141997387347*x - 208504568669805545091162491688   min|root-xi| = 8.359797895481374262 E-62
  T4 algdep(xi,2) = 49167248507143787105*x^2 + 126286562569782367250*x - 31496722570069442724   min|root-xi| = 4.829269258351441624 E-62
  T4 algdep(xi,3) = 1586496812352264*x^3 + 535249815546966*x^2 - 475150092970730*x + 61688281299541   min|root-xi| = 1.4869669246122187269 E-61
  T4 algdep(xi,4) = 734877879210*x^4 - 310138393130*x^3 - 725272521551*x^2 - 265836827548*x + 100608881455   min|root-xi| = 2.563235035428674488 E-63
  T4 algdep(xi,5) = 6117487172*x^5 - 8407357377*x^4 + 611298777*x^3 + 9015033249*x^2 - 3795341797*x + 408303933   min|root-xi| = 2.7931515453569847594 E-61
  T4 algdep(xi,6) = 232988378*x^6 + 271535984*x^5 + 116445611*x^4 - 83805283*x^3 + 131836365*x^2 - 145732232*x + 26939871   min|root-xi| = 2.0358731913639490882 E-61
  T4 algdep(xi/G,4) = 4*x - 1   min|root-r| = 9.077467212125750485 E-130
  T4 algdep(xi/zeta(2),4) = 428939543199*x^4 - 637481776423*x^3 + 425192462484*x^2 - 309586040030*x + 36416215906   min|root-r| = 2.8761498500816902912 E-61
  T4 algdep(xi/Pi^2,4) = 627737311515*x^4 + 698564490716*x^3 - 867930866007*x^2 + 267313739770*x - 5743811874   min|root-r| = 1.8302228546270496943 E-61
  T4 algdep(xi/L(g,2),4) = 419861621740*x^4 - 356019824259*x^3 + 539919260614*x^2 + 879536236017*x - 199766629356   min|root-r| = 4.371943594144471985 E-62

=== m-1_2_0_1_1_0_0_8__16_8_48_0_-128__t3_im
  xi = -1.06466420239059603327439100914760540984780162121089705507205583552311683490515 E-394
  HIT  T4  algdep deg<=1:  x   height 1  agree 1000 digits
  HIT  T4  algdep deg<=2:  x   height 1  agree 1000 digits
  HIT  T4  algdep deg<=3:  x   height 1  agree 1000 digits
  HIT  T4  algdep deg<=4:  x   height 1  agree 1000 digits
  HIT  T4  algdep deg<=5:  x   height 1  agree 1000 digits
  HIT  T4  algdep deg<=6:  x   height 1  agree 1000 digits
  T3 ratios:  xi/G       = -1.162340822797987254421233500460881375759968027523089211086 E-394
              xi/(Pi*G)  = -3.699845750116009243620791559614656236071043448143086492125 E-395
              xi*G       = -9.75195778741917256943777807635150351865117238172815331278 E-395
              xi/zeta(2) = -6.472382230070438955967173760923836810065887896053384052631 E-395
              xi/Pi^2    = -1.0787303716784064926611956268206394683443146493422306754385 E-395
              xi/L(g,2)  = -9.49197229084244944622576443425075995407023685020339416401 E-395
  T3 lindep([1,xi,G,z2]) = [0, 1, 0, 0]~    residual 1.0646642023905960333 E-394
  T3 lindep([xi,G,z2])   = [1, 0, 0]~    residual 1.0646642023905960333 E-394
  T4 algdep(xi,1) = x   min|root-xi| = 0.E-250
  T4 algdep(xi,2) = x   min|root-xi| = 0.E-250
  T4 algdep(xi,3) = x   min|root-xi| = 0.E-250
  T4 algdep(xi,4) = x   min|root-xi| = 0.E-250
  T4 algdep(xi,5) = x   min|root-xi| = 0.E-250
  T4 algdep(xi,6) = x   min|root-xi| = 0.E-250
  T4 algdep(xi/G,4) = x   min|root-r| = 0.E-250
  T4 algdep(xi/zeta(2),4) = x   min|root-r| = 0.E-250
  T4 algdep(xi/Pi^2,4) = x   min|root-r| = 0.E-250
  T4 algdep(xi/L(g,2),4) = x   min|root-r| = 0.E-250

=== m-1_2_0_1_1_0_0_4__8_4_32_8_64__t1_re
  xi = 0.67466064357927040849507195138242301502470982673187724780452657252260467475605
  HIT  T2  xi = (0 + 6*[zeta(2)] + 15*[L(2,chi_-3)])/32   [[0, 32, -6, -15]~]  agree 129 digits
  T3 ratios:  xi/G       = 0.7365567526423252817725180079150946375277337810354712411970
              xi/(Pi*G)  = 0.2344532961014810194097383747454491930764809226459332735449
              xi*G       = 0.6179659372640714005550344447588570677925199057378042629008
              xi/zeta(2) = 0.4101444897861182780592957606231929863109702360170038291827
              xi/Pi^2    = 0.06835741496435304634321596010386549771849503933616730486378
              xi/L(g,2)  = 0.6014910729784233273086591360583284987966173961611789386140
  T3 lindep([1,xi,G,z2]) = [1548041681380589, -864450158744291, -1010753457520122, -23718755932037]~    residual 6.083109649346734113 E-47
  T3 lindep([xi,G,z2])   = [-65758619658528838343, 229879984459129304757, -101035906085458498386]~    residual 3.421995907783275658 E-42
  T4 algdep(xi,1) = 2389350190163993556059246957666*x - 1612000537032292028672862493863   min|root-xi| = 5.122238255183555314 E-62
  T4 algdep(xi,2) = 118226307046620477411*x^2 + 4724667853332859737*x - 57000259061880699706   min|root-xi| = 7.973624279079334280 E-62
  T4 algdep(xi,3) = 861378600768589*x^3 - 637578058281450*x^2 - 436190438656886*x + 319970063403791   min|root-xi| = 6.515611827699461386 E-61
  T4 algdep(xi,4) = 306042087477*x^4 + 140228836067*x^3 - 366050284233*x^2 - 73602000415*x + 109803573608   min|root-xi| = 3.365373817258523180 E-58
  T4 algdep(xi,5) = 3910368010*x^5 - 13001602838*x^4 - 2195333486*x^3 - 4237399975*x^2 + 2448525371*x + 3098015469   min|root-xi| = 1.5725141414609435303 E-62
  T4 algdep(xi,6) = 331484955*x^6 - 257895772*x^5 - 79356972*x^4 - 8243509*x^3 + 110780135*x^2 + 2856424*x - 28590103   min|root-xi| = 1.6927963481169606486 E-61
  T4 algdep(xi/G,4) = 1390041468704*x^4 - 768597309759*x^3 + 424110701613*x^2 + 131580281247*x - 428998266895   min|root-r| = 9.790757313088101278 E-63
  T4 algdep(xi/zeta(2),4) = 697023235947*x^4 + 501793178072*x^3 + 488609903808*x^2 + 363079342954*x - 285452872802   min|root-r| = 1.3130950575526417812 E-62
  T4 algdep(xi/Pi^2,4) = 365254030896*x^4 - 416486060119*x^3 + 630442571806*x^2 - 392327819261*x + 23997680983   min|root-r| = 7.264055887388294384 E-62
  T4 algdep(xi/L(g,2),4) = 264011000504*x^4 + 750736792175*x^3 - 268177439901*x^2 + 699025276529*x - 521361469655   min|root-r| = 2.656571476662565668 E-62

=== m-1_2_0_1_1_0_0_4__8_4_32_8_64__t1_im
  xi = -1.50039886697907564036214525256506765565919351505754834299939386525556145664967 E-392
  HIT  T4  algdep deg<=1:  x   height 1  agree 1000 digits
  HIT  T4  algdep deg<=2:  x   height 1  agree 1000 digits
  HIT  T4  algdep deg<=3:  x   height 1  agree 1000 digits
  HIT  T4  algdep deg<=4:  x   height 1  agree 1000 digits
  HIT  T4  algdep deg<=5:  x   height 1  agree 1000 digits
  HIT  T4  algdep deg<=6:  x   height 1  agree 1000 digits
  T3 ratios:  xi/G       = -1.638051556212472492674774391240929787944078220660675197043 E-392
              xi/(Pi*G)  = -5.214080044211733064512187436145858530871232749354599766991 E-393
              xi*G       = -1.374313739695315213890317613913140001642968199899906978460 E-392
              xi/zeta(2) = -9.121331348276546677214177973210005575435829564746601477273 E-393
              xi/Pi^2    = -1.520221891379424446202362995535000929239304927457766912879 E-393
              xi/L(g,2)  = -1.337674774694067113441708602278612073818917942050739400697 E-392
  T3 lindep([1,xi,G,z2]) = [0, 1, 0, 0]~    residual 1.5003988669790756403 E-392
  T3 lindep([xi,G,z2])   = [1, 0, 0]~    residual 1.5003988669790756403 E-392
  T4 algdep(xi,1) = x   min|root-xi| = 0.E-250
  T4 algdep(xi,2) = x   min|root-xi| = 0.E-250
  T4 algdep(xi,3) = x   min|root-xi| = 0.E-250
  T4 algdep(xi,4) = x   min|root-xi| = 0.E-250
  T4 algdep(xi,5) = x   min|root-xi| = 0.E-250
  T4 algdep(xi,6) = x   min|root-xi| = 0.E-250
  T4 algdep(xi/G,4) = x   min|root-r| = 0.E-250
  T4 algdep(xi/zeta(2),4) = x   min|root-r| = 0.E-250
  T4 algdep(xi/Pi^2,4) = x   min|root-r| = 0.E-250
  T4 algdep(xi/L(g,2),4) = x   min|root-r| = 0.E-250

=== m-1_2_0_1_1_0_0_4__8_4_32_8_64__t2_re
  xi = 0.057810368511185494817916263890163569067603613779327833653692236508851873354846
  HIT  T2  xi = (0 + 6*[zeta(2)] + -15*[L(2,chi_-3)])/-32   [[0, -32, -6, 15]~]  agree 127 digits
  T3 ratios:  xi/G       = 0.06311412664262198418151423019454074017010796825098683078737
              xi/(Pi*G)  = 0.02008985046820235424507879737994925481918667543962455402729
              xi*G       = 0.05295230854295201397257255169058029429797701755776762627783
              xi/zeta(2) = 0.03514448978611827805929576062319298631097023601700382918273
              xi/Pi^2    = 0.005857414964353046343215960103865497718495039336167304863789
              xi/L(g,2)  = 0.05154060921738852732378998789355786950694265767805161484289
  T3 lindep([1,xi,G,z2]) = [982118787687721, 574846425748003, 1216982756788487, -1294924367031960]~    residual 3.235270370106250916 E-47
  T3 lindep([xi,G,z2])   = [-188424432015930224777, -78550450242858134050, 50362137516958005945]~    residual 9.327026810076523952 E-42
  T4 algdep(xi,1) = 828583862601858711342904854039*x - 47900738439434941389010591696   min|root-xi| = 1.3903038708241530194 E-61
  T4 algdep(xi,2) = 86813428379857812518*x^2 + 222388593837303953043*x - 13146500400386398554   min|root-xi| = 3.743963401757927223 E-62
  T4 algdep(xi,3) = 789007992893012*x^3 + 637729263274370*x^2 + 86342080965207*x - 7275223287609   min|root-xi| = 2.709163131468828037 E-62
  T4 algdep(xi,4) = 133283453524*x^4 - 815012574602*x^3 - 580400861069*x^2 - 948553882324*x + 56931947049   min|root-xi| = 3.642744640073747769 E-62
  T4 algdep(xi,5) = 7710650961*x^5 - 3578883073*x^4 + 1055474651*x^3 - 864980440*x^2 + 9126045169*x - 524858164   min|root-xi| = 1.8520245347323060734 E-62
  T4 algdep(xi,6) = 226342777*x^6 + 43404241*x^5 + 365602215*x^4 + 120046485*x^3 + 93097162*x^2 + 114996641*x - 6986446   min|root-xi| = 2.0654061987049419634 E-61
  T4 algdep(xi/G,4) = 519094446235*x^4 + 196697936793*x^3 + 366389844010*x^2 - 408404692045*x + 24258942525   min|root-r| = 1.5746187709036506743 E-61
  T4 algdep(xi/zeta(2),4) = 148311721908*x^4 - 550703464469*x^3 + 526356658439*x^2 + 552349063382*x - 20038468848   min|root-r| = 2.744157339148368417 E-62
  T4 algdep(xi/Pi^2,4) = 1016474425903*x^4 - 626018545457*x^3 + 777370541602*x^2 - 45880332023*x + 242193707   min|root-r| = 5.292078543442480958 E-62
  T4 algdep(xi/L(g,2),4) = 377296542728*x^4 - 317846856815*x^3 - 636704237784*x^2 + 347224437090*x - 16163940668   min|root-r| = 1.2147303561712209660 E-61

=== m-1_2_0_1_1_0_0_4__8_4_32_8_64__t2_im
  xi = 0.35613867236025352322381193440465306845261948159113485433034412038811444833830
  HIT  T1  xi = (0 + -1*[Pi^2*sqrt(3)])/-48   [[0, -48, 1]~]  agree 126 digits
  HIT  T1  xi = (0 + -1*[Pi^2/sqrt(3)])/-16   [[0, -16, 1]~]  agree 126 digits
  HIT  T1  xi = (0 + -1*[Pi^2*sqrt(12)])/-96   [[0, -96, 1]~]  agree 126 digits
  HIT  T1  xi = (0 + -1*[Pi^2/sqrt(12)])/-8   [[0, -8, 1]~]  agree 126 digits
  HIT  T1  xi = (0 + -3*[L(2,chi_12)])/-8   [[0, -8, 3]~]  agree 126 digits
  T3 ratios:  xi/G       = 0.3888122814046971655925955763917762117474568978951431080151
              xi/(Pi*G)  = 0.12376279304078914494580295392052794835273074567392656829245
              xi*G       = 0.3262107706379455451288299712914732154093653436037221848574
              xi/zeta(2) = 0.2165063509461096616909307926882340458678506567262975785070
              xi/Pi^2    = 0.03608439182435161028182179878137234097797510945438292975117
              xi/L(g,2)  = 0.3175140482933929706224725439608659952760146027075893057232
  T3 lindep([1,xi,G,z2]) = [951672843097468, -1798855740036701, 987790564203799, -739125624327494]~    residual 8.508590065768844687 E-47
  T3 lindep([xi,G,z2])   = [142155049636105190836, -31827388759360188193, -13054698071745331002]~    residual 9.224570384805383649 E-42
  T4 algdep(xi,1) = 2977404500906704348938889761001*x - 1060368886032356944241796405515   min|root-xi| = 6.691441502462987124 E-62
  T4 algdep(xi,2) = 35208602700352289007*x^2 - 177908597567531826271*x + 58894457278734476309   min|root-xi| = 5.204774103678231746 E-63
  T4 algdep(xi,3) = 76982944098868*x^3 - 60818302451104*x^2 - 126450611150341*x + 49270449041488   min|root-xi| = 1.7481184744940040122 E-61
  T4 algdep(xi,4) = 118889406454*x^4 + 1672992656325*x^3 + 137493242320*x^2 - 286778203898*x + 7210955606   min|root-xi| = 1.2777360991912726469 E-61
  T4 algdep(xi,5) = 8966444621*x^5 - 2930466816*x^4 - 2493754223*x^3 - 11281655772*x^2 + 2882177081*x + 512867916   min|root-xi| = 3.613114561762936489 E-62
  T4 algdep(xi,6) = 227647180*x^6 - 364558694*x^5 + 995588*x^4 - 218961376*x^3 - 56533017*x^2 - 165703863*x + 77682688   min|root-xi| = 3.417264388579033821 E-62
  T4 algdep(xi/G,4) = 133257610870*x^4 + 855820737191*x^3 + 912929082023*x^2 - 700447342178*x + 80981006759   min|root-r| = 7.097691313933508511 E-63
  T4 algdep(xi/zeta(2),4) = 64*x^2 - 3   min|root-r| = 2.576304737322642350 E-128
  T4 algdep(xi/Pi^2,4) = 768*x^3 - x   min|root-r| = 4.293841228871070582 E-129
  T4 algdep(xi/L(g,2),4) = 520744626673*x^4 + 210609478864*x^3 - 15591543017*x^2 - 230910431905*x + 62854820131   min|root-r| = 4.306113633466437344 E-61

=== m-1_2_0_1_1_0_0_4__8_4_32_8_64__t3_re
  xi = 0.057810368511185494817916263890163569067603613779327833653692236508851873354846
  HIT  T2  xi = (0 + 6*[zeta(2)] + -15*[L(2,chi_-3)])/-32   [[0, -32, -6, 15]~]  agree 127 digits
  T3 ratios:  xi/G       = 0.06311412664262198418151423019454074017010796825098683078737
              xi/(Pi*G)  = 0.02008985046820235424507879737994925481918667543962455402729
              xi*G       = 0.05295230854295201397257255169058029429797701755776762627783
              xi/zeta(2) = 0.03514448978611827805929576062319298631097023601700382918273
              xi/Pi^2    = 0.005857414964353046343215960103865497718495039336167304863789
              xi/L(g,2)  = 0.05154060921738852732378998789355786950694265767805161484289
  T3 lindep([1,xi,G,z2]) = [982118787687721, 574846425748003, 1216982756788487, -1294924367031960]~    residual 3.235270370106250916 E-47
  T3 lindep([xi,G,z2])   = [-188424432015930224777, -78550450242858134050, 50362137516958005945]~    residual 9.327026810076523952 E-42
  T4 algdep(xi,1) = 828583862601858711342904854039*x - 47900738439434941389010591696   min|root-xi| = 1.3903038708241530194 E-61
  T4 algdep(xi,2) = 86813428379857812518*x^2 + 222388593837303953043*x - 13146500400386398554   min|root-xi| = 3.743963401757927223 E-62
  T4 algdep(xi,3) = 789007992893012*x^3 + 637729263274370*x^2 + 86342080965207*x - 7275223287609   min|root-xi| = 2.709163131468828037 E-62
  T4 algdep(xi,4) = 133283453524*x^4 - 815012574602*x^3 - 580400861069*x^2 - 948553882324*x + 56931947049   min|root-xi| = 3.642744640073747769 E-62
  T4 algdep(xi,5) = 7710650961*x^5 - 3578883073*x^4 + 1055474651*x^3 - 864980440*x^2 + 9126045169*x - 524858164   min|root-xi| = 1.8520245347323060734 E-62
  T4 algdep(xi,6) = 226342777*x^6 + 43404241*x^5 + 365602215*x^4 + 120046485*x^3 + 93097162*x^2 + 114996641*x - 6986446   min|root-xi| = 2.0654061987049419634 E-61
  T4 algdep(xi/G,4) = 519094446235*x^4 + 196697936793*x^3 + 366389844010*x^2 - 408404692045*x + 24258942525   min|root-r| = 1.5746187709036506743 E-61
  T4 algdep(xi/zeta(2),4) = 148311721908*x^4 - 550703464469*x^3 + 526356658439*x^2 + 552349063382*x - 20038468848   min|root-r| = 2.744157339148368417 E-62
  T4 algdep(xi/Pi^2,4) = 1016474425903*x^4 - 626018545457*x^3 + 777370541602*x^2 - 45880332023*x + 242193707   min|root-r| = 5.292078543442480958 E-62
  T4 algdep(xi/L(g,2),4) = 377296542728*x^4 - 317846856815*x^3 - 636704237784*x^2 + 347224437090*x - 16163940668   min|root-r| = 1.2147303561712209660 E-61

=== m-1_2_0_1_1_0_0_4__8_4_32_8_64__t3_im
  xi = -0.35613867236025352322381193440465306845261948159113485433034412038811444833830
  HIT  T1  xi = (0 + -1*[Pi^2*sqrt(3)])/48   [[0, 48, 1]~]  agree 126 digits
  HIT  T1  xi = (0 + -1*[Pi^2/sqrt(3)])/16   [[0, 16, 1]~]  agree 126 digits
  HIT  T1  xi = (0 + -1*[Pi^2*sqrt(12)])/96   [[0, 96, 1]~]  agree 126 digits
  HIT  T1  xi = (0 + -1*[Pi^2/sqrt(12)])/8   [[0, 8, 1]~]  agree 126 digits
  HIT  T1  xi = (0 + 3*[L(2,chi_12)])/-8   [[0, -8, -3]~]  agree 126 digits
  T3 ratios:  xi/G       = -0.3888122814046971655925955763917762117474568978951431080151
              xi/(Pi*G)  = -0.12376279304078914494580295392052794835273074567392656829245
              xi*G       = -0.3262107706379455451288299712914732154093653436037221848574
              xi/zeta(2) = -0.2165063509461096616909307926882340458678506567262975785070
              xi/Pi^2    = -0.03608439182435161028182179878137234097797510945438292975117
              xi/L(g,2)  = -0.3175140482933929706224725439608659952760146027075893057232
  T3 lindep([1,xi,G,z2]) = [951672843097468, 1798855740036701, 987790564203799, -739125624327494]~    residual 8.508590065768844687 E-47
  T3 lindep([xi,G,z2])   = [142155049636105190836, 31827388759360188193, 13054698071745331002]~    residual 9.224570384805383649 E-42
  T4 algdep(xi,1) = 2977404500906704348938889761001*x + 1060368886032356944241796405515   min|root-xi| = 6.691441502462987124 E-62
  T4 algdep(xi,2) = 35208602700352289007*x^2 + 177908597567531826271*x + 58894457278734476309   min|root-xi| = 5.204774103678231746 E-63
  T4 algdep(xi,3) = 76982944098868*x^3 + 60818302451104*x^2 - 126450611150341*x - 49270449041488   min|root-xi| = 1.7481184744940040122 E-61
  T4 algdep(xi,4) = 118889406454*x^4 - 1672992656325*x^3 + 137493242320*x^2 + 286778203898*x + 7210955606   min|root-xi| = 1.2777360991912726469 E-61
  T4 algdep(xi,5) = 8966444621*x^5 + 2930466816*x^4 - 2493754223*x^3 + 11281655772*x^2 + 2882177081*x - 512867916   min|root-xi| = 3.613114561762936489 E-62
  T4 algdep(xi,6) = 227647180*x^6 + 364558694*x^5 + 995588*x^4 + 218961376*x^3 - 56533017*x^2 + 165703863*x + 77682688   min|root-xi| = 3.417264388579033821 E-62
  T4 algdep(xi/G,4) = 133257610870*x^4 - 855820737191*x^3 + 912929082023*x^2 + 700447342178*x + 80981006759   min|root-r| = 7.097691313933508511 E-63
  T4 algdep(xi/zeta(2),4) = 64*x^2 - 3   min|root-r| = 2.576304737322642350 E-128
  T4 algdep(xi/Pi^2,4) = 768*x^3 - x   min|root-r| = 4.293841228871070582 E-129
  T4 algdep(xi/L(g,2),4) = 520744626673*x^4 - 210609478864*x^3 - 15591543017*x^2 + 230910431905*x + 62854820131   min|root-r| = 4.306113633466437344 E-61

=== m-1_2_0_1_1_0_0_3__17_10_123_33_243__t1_re
  xi = 0.59011368388903963591106629152896210753820812625778996042430227228985752593204
  T1/T2/T4: NO HIT (unidentified)
  T3 ratios:  xi/G       = 0.6442531112963023959186743464069590909207635268290325921313
              xi/(Pi*G)  = 0.2050721345302790398318435959003267432818469520290694604248
              xi*G       = 0.5405238310955317860258828218158601134337567025594347448530
              xi/zeta(2) = 0.3587461016110670715133331744897100612780912804042595927581
              xi/Pi^2    = 0.05979101693517784525222219574828501021301521340070993212634
              xi/L(g,2)  = 0.5261135598759190655673110998124476005688472735144493828973
  T3 lindep([1,xi,G,z2]) = [-935205404800188, 2317898963575898, 54531384849988, -293365778926459]~    residual 2.887544148942774091 E-47
  T3 lindep([xi,G,z2])   = [158374929370472507721, -147746573724729913719, 25454859271759439071]~    residual 9.731254224046572422 E-42
  T4 algdep(xi,1) = 703601647029586981098153893808*x - 415204959919025335486293565925   min|root-xi| = 1.6060599048474124752 E-61
  T4 algdep(xi,2) = 20927591612893740656*x^2 + 32491439063694353570*x - 26461345085053274789   min|root-xi| = 1.0800991225625649778 E-62
  T4 algdep(xi,3) = 1612048224297095*x^3 - 240797484822058*x^2 + 408536154600321*x - 488501136996332   min|root-xi| = 1.2381731176666718015 E-62
  T4 algdep(xi,4) = 633796500358*x^4 - 1041901130519*x^3 + 356275468635*x^2 - 411917846632*x + 256260780824   min|root-xi| = 5.159353785066427720 E-62
  T4 algdep(xi,5) = 2649412236*x^5 + 4008122458*x^4 + 3363250283*x^3 + 6320826360*x^2 - 11862042239*x + 3432036864   min|root-xi| = 2.975262684920461628 E-62
  T4 algdep(xi,6) = 199133594*x^6 - 270296734*x^5 + 54443221*x^4 + 160746942*x^3 + 244503338*x^2 + 70784617*x - 155617169   min|root-xi| = 5.535825603267545381 E-63
  T4 algdep(xi/G,4) = 942175221525*x^4 + 301534877889*x^3 - 774733200092*x^2 + 980930904860*x - 553352035276   min|root-r| = 4.109752957388872299 E-62
  T4 algdep(xi/zeta(2),4) = 22635227099*x^4 - 1400410709200*x^3 - 597920389050*x^2 - 280028434846*x + 241693024586   min|root-r| = 3.903494461406831530 E-62
  T4 algdep(xi/Pi^2,4) = 753766981911*x^4 + 89910540678*x^3 + 738129078312*x^2 + 757219983680*x - 47942590891   min|root-r| = 5.505447721672726449 E-62
  T4 algdep(xi/L(g,2),4) = 1203220535034*x^4 - 383363927829*x^3 + 159323024498*x^2 + 421089660862*x - 301998801294   min|root-r| = 4.896025196779376124 E-62

=== m-1_2_0_1_1_0_0_3__17_10_123_33_243__t1_im
  xi = -2.11469758583260471583168186234238037790160365397681147889639649147390346599693 E-392
  HIT  T4  algdep deg<=1:  x   height 1  agree 1000 digits
  HIT  T4  algdep deg<=2:  x   height 1  agree 1000 digits
  HIT  T4  algdep deg<=3:  x   height 1  agree 1000 digits
  HIT  T4  algdep deg<=4:  x   height 1  agree 1000 digits
  HIT  T4  algdep deg<=5:  x   height 1  agree 1000 digits
  HIT  T4  algdep deg<=6:  x   height 1  agree 1000 digits
  T3 ratios:  xi/G       = -2.308708535861727643732992346554558520391082952375355970011 E-392
              xi/(Pi*G)  = -7.348847512816925302307003744370873513933275807156108051402 E-393
              xi*G       = -1.936990230712292386403569764888997501036423939828247989633 E-392
              xi/zeta(2) = -1.285581974652922106045472940283205542346991812011128997017 E-392
              xi/Pi^2    = -2.142636624421536843409121567138675903911653020018548328362 E-393
              xi/L(g,2)  = -1.885350408435203726578087030858934838305754200078823162798 E-392
  T3 lindep([1,xi,G,z2]) = [0, 1, 0, 0]~    residual 2.1146975858326047158 E-392
  T3 lindep([xi,G,z2])   = [1, 0, 0]~    residual 2.1146975858326047158 E-392
  T4 algdep(xi,1) = x   min|root-xi| = 0.E-250
  T4 algdep(xi,2) = x   min|root-xi| = 0.E-250
  T4 algdep(xi,3) = x   min|root-xi| = 0.E-250
  T4 algdep(xi,4) = x   min|root-xi| = 0.E-250
  T4 algdep(xi,5) = x   min|root-xi| = 0.E-250
  T4 algdep(xi,6) = x   min|root-xi| = 0.E-250
  T4 algdep(xi/G,4) = x   min|root-r| = 0.E-250
  T4 algdep(xi/zeta(2),4) = x   min|root-r| = 0.E-250
  T4 algdep(xi/Pi^2,4) = x   min|root-r| = 0.E-250
  T4 algdep(xi/L(g,2),4) = x   min|root-r| = 0.E-250

=== m-1_2_0_1_1_0_0_3__17_10_123_33_243__t2_re
  xi = 0.112338322801701779166166423218489436743050940174241952882497394486200726209831
  T1/T2/T4: NO HIT (unidentified)
  T3 ratios:  xi/G       = 0.12264469704521107454844409207518409979184482820663109977283
              xi/(Pi*G)  = 0.03903901955750662521593813655211140778336972849574774738211
              xi*G       = 0.10289803859393300128459814946033631309177664633105955884639
              xi/zeta(2) = 0.06829351100798067956705403500883653118669529957048256208805
              xi/Pi^2    = 0.01138225183466344659450900583480608853111588326174709368134
              xi/L(g,2)  = 0.10015479480188882643514411194916147158234057076477814231998
  T3 lindep([1,xi,G,z2]) = [1321646263251970, -78267225243445, -591825632388902, -468567070833536]~    residual 1.3734754572245672787 E-47
  T3 lindep([xi,G,z2])   = [-139379321391585416411, 146400895003995744223, -72003216401846056999]~    residual 8.176289253826827907 E-42
  T4 algdep(xi,1) = 1168038629516252143237444307057*x - 131215500607454084918188194917   min|root-xi| = 1.8644549123446418792 E-62
  T4 algdep(xi,2) = 16775553652402223851*x^2 + 128197279502677261146*x - 14613173155974076457   min|root-xi| = 4.657940687663773028 E-62
  T4 algdep(xi,3) = 1990157940893484*x^3 - 9618430343*x^2 - 373121918693921*x + 39094568476857   min|root-xi| = 1.4152806915746700767 E-61
  T4 algdep(xi,4) = 899116092748*x^4 - 1053695956897*x^3 + 224867383252*x^2 - 173588774527*x + 18013496213   min|root-xi| = 1.4264889854040306962 E-61
  T4 algdep(xi,5) = 173888825*x^5 - 8222637956*x^4 + 7176616649*x^3 + 134928906*x^2 + 699059140*x - 89101756   min|root-xi| = 1.6727996499670326460 E-62
  T4 algdep(xi,6) = 16466228*x^6 - 173395274*x^5 + 453051224*x^4 - 45506149*x^3 - 70482574*x^2 + 65367322*x - 6458343   min|root-xi| = 2.489834651133936540 E-62
  T4 algdep(xi/G,4) = 482682545935*x^4 - 212384295801*x^3 - 266766288019*x^2 - 673144623698*x + 86852838018   min|root-r| = 2.754990047637268454 E-62
  T4 algdep(xi/zeta(2),4) = 151568152145*x^4 + 541387569366*x^3 + 150657373106*x^2 - 92112936892*x + 5412308871   min|root-r| = 3.615126578047201817 E-61
  T4 algdep(xi/Pi^2,4) = 539357754957*x^4 + 11898804311*x^3 + 427422816140*x^2 + 874985262639*x - 10014704254   min|root-r| = 8.333036447780228222 E-62
  T4 algdep(xi/L(g,2),4) = 682706711653*x^4 - 543368040682*x^3 + 1104255871528*x^2 - 164537534749*x + 5879652135   min|root-r| = 5.930719202852691014 E-62

=== m-1_2_0_1_1_0_0_3__17_10_123_33_243__t2_im
  xi = 0.14107198905747524415847704114307145122231889530410294340676239730602471415771
  T1/T2/T4: NO HIT (unidentified)
  T3 ratios:  xi/G       = 0.1540145066084009974213239850618791686001640477053915226781
              xi/(Pi*G)  = 0.04902434006917279772758388550890255257156865907790540861249
              xi*G       = 0.1292170882787924511084740207436666633063383554188703153167
              xi/zeta(2) = 0.08576148546049388277410838770491960648387470499911260532670
              xi/Pi^2    = 0.01429358091008231379568473128415326774731245083318543422112
              xi/L(g,2)  = 0.1257721832048902772643222876774644163197416851373283166605
  T3 lindep([1,xi,G,z2]) = [1339424829073103, -658883499542266, 226541620902233, -883913333023131]~    residual 8.664758276666789673 E-47
  T3 lindep([xi,G,z2])   = [-182001824943849853955, -77721583122723993357, 58887257230874069009]~    residual 1.3682078775128181399 E-41
  T4 algdep(xi,1) = 702555984244672400627455810738*x - 99110970121628174939381734777   min|root-xi| = 2.6878618439297294016 E-61
  T4 algdep(xi,2) = 15758666053203617020*x^2 - 108568731539648454065*x + 15002388870945838708   min|root-xi| = 8.151912232276665832 E-62
  T4 algdep(xi,3) = 452647482576716*x^3 + 318547361105077*x^2 - 546462538291429*x + 69480233254483   min|root-xi| = 7.681249465584013587 E-62
  T4 algdep(xi,4) = 21162976120*x^4 - 802348435346*x^3 - 238317525870*x^2 - 296383370729*x + 48798446553   min|root-xi| = 1.6700565598880817988 E-61
  T4 algdep(xi,5) = 10677622385*x^5 - 616569859*x^4 + 780545087*x^3 + 4720505401*x^2 - 2026378588*x + 189377248   min|root-xi| = 2.7639308041637278550 E-61
  T4 algdep(xi,6) = 135267190*x^6 - 202638459*x^5 + 21651835*x^4 + 263331925*x^3 - 87143697*x^2 + 150506611*x - 20235622   min|root-xi| = 7.485237342041343103 E-62
  T4 algdep(xi/G,4) = 637660214923*x^4 - 166700738001*x^3 + 624326090352*x^2 + 1091750250087*x - 182704462421   min|root-r| = 1.6807758920265402710 E-62
  T4 algdep(xi/zeta(2),4) = 465856872241*x^4 + 677822580348*x^3 + 288711957045*x^2 + 372464143687*x - 34519321178   min|root-r| = 4.292833685768266973 E-62
  T4 algdep(xi/Pi^2,4) = 1052933096932*x^4 - 532974131193*x^3 - 678283376096*x^2 + 244351733718*x - 3352571126   min|root-r| = 5.799047608706513554 E-62
  T4 algdep(xi/L(g,2),4) = 443288851303*x^4 + 123891323421*x^3 + 1070566084251*x^2 + 1241530012185*x - 173442253145   min|root-r| = 1.3759575037855143690 E-64

=== m-1_2_0_1_1_0_0_3__17_10_123_33_243__t3_re
  xi = 0.112338322801701779166166423218489436743050940174241952882497394486200726209831
  T1/T2/T4: NO HIT (unidentified)
  T3 ratios:  xi/G       = 0.12264469704521107454844409207518409979184482820663109977283
              xi/(Pi*G)  = 0.03903901955750662521593813655211140778336972849574774738211
              xi*G       = 0.10289803859393300128459814946033631309177664633105955884639
              xi/zeta(2) = 0.06829351100798067956705403500883653118669529957048256208805
              xi/Pi^2    = 0.01138225183466344659450900583480608853111588326174709368134
              xi/L(g,2)  = 0.10015479480188882643514411194916147158234057076477814231998
  T3 lindep([1,xi,G,z2]) = [1321646263251970, -78267225243445, -591825632388902, -468567070833536]~    residual 1.3734754572245672787 E-47
  T3 lindep([xi,G,z2])   = [-139379321391585416411, 146400895003995744223, -72003216401846056999]~    residual 8.176289253826827907 E-42
  T4 algdep(xi,1) = 1168038629516252143237444307057*x - 131215500607454084918188194917   min|root-xi| = 1.8644549123446418792 E-62
  T4 algdep(xi,2) = 16775553652402223851*x^2 + 128197279502677261146*x - 14613173155974076457   min|root-xi| = 4.657940687663773028 E-62
  T4 algdep(xi,3) = 1990157940893484*x^3 - 9618430343*x^2 - 373121918693921*x + 39094568476857   min|root-xi| = 1.4152806915746700767 E-61
  T4 algdep(xi,4) = 899116092748*x^4 - 1053695956897*x^3 + 224867383252*x^2 - 173588774527*x + 18013496213   min|root-xi| = 1.4264889854040306962 E-61
  T4 algdep(xi,5) = 173888825*x^5 - 8222637956*x^4 + 7176616649*x^3 + 134928906*x^2 + 699059140*x - 89101756   min|root-xi| = 1.6727996499670326460 E-62
  T4 algdep(xi,6) = 16466228*x^6 - 173395274*x^5 + 453051224*x^4 - 45506149*x^3 - 70482574*x^2 + 65367322*x - 6458343   min|root-xi| = 2.489834651133936540 E-62
  T4 algdep(xi/G,4) = 482682545935*x^4 - 212384295801*x^3 - 266766288019*x^2 - 673144623698*x + 86852838018   min|root-r| = 2.754990047637268454 E-62
  T4 algdep(xi/zeta(2),4) = 151568152145*x^4 + 541387569366*x^3 + 150657373106*x^2 - 92112936892*x + 5412308871   min|root-r| = 3.615126578047201817 E-61
  T4 algdep(xi/Pi^2,4) = 539357754957*x^4 + 11898804311*x^3 + 427422816140*x^2 + 874985262639*x - 10014704254   min|root-r| = 8.333036447780228222 E-62
  T4 algdep(xi/L(g,2),4) = 682706711653*x^4 - 543368040682*x^3 + 1104255871528*x^2 - 164537534749*x + 5879652135   min|root-r| = 5.930719202852691014 E-62

=== m-1_2_0_1_1_0_0_3__17_10_123_33_243__t3_im
  xi = -0.14107198905747524415847704114307145122231889530410294340676239730602471415771
  T1/T2/T4: NO HIT (unidentified)
  T3 ratios:  xi/G       = -0.1540145066084009974213239850618791686001640477053915226781
              xi/(Pi*G)  = -0.04902434006917279772758388550890255257156865907790540861249
              xi*G       = -0.1292170882787924511084740207436666633063383554188703153167
              xi/zeta(2) = -0.08576148546049388277410838770491960648387470499911260532670
              xi/Pi^2    = -0.01429358091008231379568473128415326774731245083318543422112
              xi/L(g,2)  = -0.1257721832048902772643222876774644163197416851373283166605
  T3 lindep([1,xi,G,z2]) = [1339424829073103, 658883499542266, 226541620902233, -883913333023131]~    residual 8.664758276666789673 E-47
  T3 lindep([xi,G,z2])   = [-182001824943849853955, 77721583122723993357, -58887257230874069009]~    residual 1.3682078775128181399 E-41
  T4 algdep(xi,1) = 702555984244672400627455810738*x + 99110970121628174939381734777   min|root-xi| = 2.6878618439297294016 E-61
  T4 algdep(xi,2) = 15758666053203617020*x^2 + 108568731539648454065*x + 15002388870945838708   min|root-xi| = 8.151912232276665832 E-62
  T4 algdep(xi,3) = 452647482576716*x^3 - 318547361105077*x^2 - 546462538291429*x - 69480233254483   min|root-xi| = 7.681249465584013587 E-62
  T4 algdep(xi,4) = 21162976120*x^4 + 802348435346*x^3 - 238317525870*x^2 + 296383370729*x + 48798446553   min|root-xi| = 1.6700565598880817988 E-61
  T4 algdep(xi,5) = 10677622385*x^5 + 616569859*x^4 + 780545087*x^3 - 4720505401*x^2 - 2026378588*x - 189377248   min|root-xi| = 2.7639308041637278550 E-61
  T4 algdep(xi,6) = 135267190*x^6 + 202638459*x^5 + 21651835*x^4 - 263331925*x^3 - 87143697*x^2 - 150506611*x - 20235622   min|root-xi| = 7.485237342041343103 E-62
  T4 algdep(xi/G,4) = 637660214923*x^4 + 166700738001*x^3 + 624326090352*x^2 - 1091750250087*x - 182704462421   min|root-r| = 1.6807758920265402710 E-62
  T4 algdep(xi/zeta(2),4) = 465856872241*x^4 - 677822580348*x^3 + 288711957045*x^2 - 372464143687*x - 34519321178   min|root-r| = 4.292833685768266973 E-62
  T4 algdep(xi/Pi^2,4) = 1052933096932*x^4 + 532974131193*x^3 - 678283376096*x^2 - 244351733718*x - 3352571126   min|root-r| = 5.799047608706513554 E-62
  T4 algdep(xi/L(g,2),4) = 443288851303*x^4 - 123891323421*x^3 + 1070566084251*x^2 - 1241530012185*x - 173442253145   min|root-r| = 1.3759575037855143690 E-64

=== m-1_2_0_1_1_0_0_-3__5_4_24_12_-144__t1_re
  xi = -0.61372065645680770831089130477738708013817212879876651863210296060862711637699
  T1/T2/T4: NO HIT (unidentified)
  T3 ratios:  xi/G       = -0.6700258834591841461494503792034551285195484281329625644130
              xi/(Pi*G)  = -0.2132758627040866982824883067032764335401390088521196811816
              xi*G       = -0.5621470057502927781427044477902697440616693090924746766726
              xi/zeta(2) = -0.3730974200277378250027143327915838729639339906331325650174
              xi/Pi^2    = -0.06218290333795630416711905546526397882732233177218876083623
              xi/L(g,2)  = -0.5471602644594666936760957117234594530998177097993793577988
  T3 lindep([1,xi,G,z2]) = [771750483101902, -616028819676625, -1168651269280180, -48254663854132]~    residual 4.097636608115956520 E-47
  T3 lindep([xi,G,z2])   = [63071048577581622925, 140106300099010616289, -54485189946509161956]~    residual 1.1049468033077029908 E-41
  T4 algdep(xi,1) = 2134060979849586748489616720887*x + 1309717305472146666212739492956   min|root-xi| = 4.568679042301914110 E-62
  T4 algdep(xi,2) = 83820273069350216945*x^2 + 155994311573848994294*x + 64165770288588395132   min|root-xi| = 6.270864017365970578 E-62
  T4 algdep(xi,3) = 1389497666216379*x^3 - 348519501397997*x^2 + 888557352049563*x + 997792870589067   min|root-xi| = 1.9446818034544106713 E-62
  T4 algdep(xi,4) = 233882563803*x^4 + 579277745763*x^3 + 211091094265*x^2 - 243599648682*x - 128284876909   min|root-xi| = 3.907828648568998823 E-61
  T4 algdep(xi,5) = 2142013059*x^5 - 1446043914*x^4 + 5865337358*x^3 + 5038461815*x^2 + 1070052231*x + 506436477   min|root-xi| = 8.890488930352667595 E-62
  T4 algdep(xi,6) = 253016049*x^6 + 185378064*x^5 - 83520761*x^4 + 5288537*x^3 + 30408084*x^2 + 216003929*x + 136804602   min|root-xi| = 5.743723347616822936 E-62
  T4 algdep(xi/G,4) = 33590642921*x^4 - 580898012721*x^3 - 446067206677*x^2 + 183537842141*x + 141727330090   min|root-r| = 8.060586380851277432 E-61
  T4 algdep(xi/zeta(2),4) = 172098712187*x^4 - 1077241637677*x^3 + 9379280802*x^2 + 610626057477*x + 167235224534   min|root-r| = 3.385311173478120771 E-61
  T4 algdep(xi/Pi^2,4) = 459554287024*x^4 + 214059472869*x^3 - 967746203786*x^2 - 1330821634018*x - 78967757560   min|root-r| = 1.3382074036675743966 E-62
  T4 algdep(xi/L(g,2),4) = 829627686186*x^4 - 469604633359*x^3 - 725923124179*x^2 + 591160331554*x + 389502607894   min|root-r| = 1.2448263839039365272 E-61

=== m-1_2_0_1_1_0_0_-3__5_4_24_12_-144__t1_im
  xi = 0.E-250
  RATIONAL: xi = 0/1
  HIT  T4  algdep deg<=1:  x   height 1  agree 1000 digits
  HIT  T4  algdep deg<=2:  x   height 1  agree 1000 digits
  HIT  T4  algdep deg<=3:  x   height 1  agree 1000 digits
  HIT  T4  algdep deg<=4:  x   height 1  agree 1000 digits
  HIT  T4  algdep deg<=5:  x   height 1  agree 1000 digits
  HIT  T4  algdep deg<=6:  x   height 1  agree 1000 digits
  T3 ratios:  xi/G       = 0.E-250
              xi/(Pi*G)  = 0.E-250
              xi*G       = 0.E-250
              xi/zeta(2) = 0.E-250
              xi/Pi^2    = 0.E-251
              xi/L(g,2)  = 0.E-250
  T3 lindep([1,xi,G,z2]) = [0, 1, 0, 0]~    residual 0.E-250
  T3 lindep([xi,G,z2])   = [1, 0, 0]~    residual 0.E-250
  T4 algdep(xi,1) = x   min|root-xi| = 0.E-250
  T4 algdep(xi,2) = x   min|root-xi| = 0.E-250
  T4 algdep(xi,3) = x   min|root-xi| = 0.E-250
  T4 algdep(xi,4) = x   min|root-xi| = 0.E-250
  T4 algdep(xi,5) = x   min|root-xi| = 0.E-250
  T4 algdep(xi,6) = x   min|root-xi| = 0.E-250
  T4 algdep(xi/G,4) = x   min|root-r| = 0.E-250
  T4 algdep(xi/zeta(2),4) = x   min|root-r| = 0.E-250
  T4 algdep(xi/Pi^2,4) = x   min|root-r| = 0.E-250
  T4 algdep(xi/L(g,2),4) = x   min|root-r| = 0.E-250

=== m-1_2_0_1_1_0_0_-3__5_4_24_12_-144__t2_re
  xi = 0.107353500577090380076169609533589024768036322207900750395980104024208607215015
  T1/T2/T4: NO HIT (unidentified)
  T3 ratios:  xi/G       = 0.11720254697287228033124820763598972252578355606339802885211
              xi/(Pi*G)  = 0.03730672938738535545888059822351600775986009388296183126518
              xi*G       = 0.09833211294309901441309022883606119801982935252506184431951
              xi/zeta(2) = 0.06526310247971512994774758536062987787531967496338906310811
              xi/Pi^2    = 0.01087718374661918832462459756010497964588661249389817718468
              xi/L(g,2)  = 0.09571059593387540257309592538410815257641188240069526710860
  T3 lindep([1,xi,G,z2]) = [-873327182317512, -732815016386354, 1845982935550244, -449172663932927]~    residual 5.704984611601958765 E-48
  T3 lindep([xi,G,z2])   = [-237805759300174080452, -129509437766185259467, 87636016992180717028]~    residual 1.2456405668697809682 E-41
  T4 algdep(xi,1) = 1000176719642196399203587575731*x - 107372472049300894423553993062   min|root-xi| = 4.804994101225311821 E-62
  T4 algdep(xi,2) = 165577439822641839834*x^2 + 38814667512897526376*x - 6075133018965344493   min|root-xi| = 6.556415397857607740 E-63
  T4 algdep(xi,3) = 116564358418504*x^3 + 34899627265162*x^2 - 1924587429042966*x + 206064771034633   min|root-xi| = 7.329883305596009736 E-63
  T4 algdep(xi,4) = 907922686251*x^4 + 679871274227*x^3 - 374599437409*x^2 - 716353857989*x + 80258523896   min|root-xi| = 4.635533680651307691 E-62
  T4 algdep(xi,5) = 2414538332*x^5 - 11282581380*x^4 + 3945533047*x^3 - 255361997*x^2 + 2376051562*x - 255551846   min|root-xi| = 4.040221400393883783 E-62
  T4 algdep(xi,6) = 234162487*x^6 - 136256576*x^5 - 229505186*x^4 - 126149*x^3 + 196418639*x^2 + 344503205*x - 39215082   min|root-xi| = 1.4159800235332867115 E-62
  T4 algdep(xi/G,4) = 209411048247*x^4 - 682896928883*x^3 - 1089988583092*x^2 + 541410388972*x - 47422203960   min|root-r| = 1.5275877699015847934 E-61
  T4 algdep(xi/zeta(2),4) = 720770328507*x^4 + 1251938931845*x^3 + 419902650648*x^2 + 359257159830*x - 25595798102   min|root-r| = 1.1606418637520906307 E-61
  T4 algdep(xi/Pi^2,4) = 1278434543293*x^4 + 723057196384*x^3 + 1108632523501*x^2 + 35478309422*x - 518018278   min|root-r| = 3.128996799885578453 E-61
  T4 algdep(xi/L(g,2),4) = 534361694734*x^4 + 825188656495*x^3 + 1209497559279*x^2 + 259239010790*x - 36659876892   min|root-r| = 6.529449113087699229 E-62

=== m-1_2_0_1_1_0_0_-3__5_4_24_12_-144__t2_im
  xi = 0.16272418699976202574464234304791627974296962447381621210309770067371777404119
  T1/T2/T4: NO HIT (unidentified)
  T3 ratios:  xi/G       = 0.1776531651780345221028665386172424661312119918190544026344
              xi/(Pi*G)  = 0.05654875878801033296350883071513690465774223426174448796367
              xi*G       = 0.1490497566322419219154935600790081333659186130393142511610
              xi/zeta(2) = 0.09892444340431800482620716020075153772928781132877936565233
              xi/Pi^2    = 0.01648740723405300080436786003345858962154796855479656094206
              xi/L(g,2)  = 0.1450761160733518052086093950122581678507476582604158303493
  T3 lindep([1,xi,G,z2]) = [848560291826847, -673901199850801, 1351140100298704, -1201566768895970]~    residual 6.580038898621452811 E-48
  T3 lindep([xi,G,z2])   = [313861823944748446033, 96306195989548306944, -84675778179404378111]~    residual 1.3006866353809218129 E-41
  T4 algdep(xi,1) = 241528889240918687660097966497*x - 39302592138684062925031904312   min|root-xi| = 2.1425418458226535932 E-61
  T4 algdep(xi,2) = 30744701763537424730*x^2 + 107210533301950733844*x - 18259840778332408465   min|root-xi| = 6.853578511357965301 E-63
  T4 algdep(xi,3) = 418207599427011*x^3 - 371412182916318*x^2 + 792504735456382*x - 120926978653157   min|root-xi| = 8.034648094065199552 E-62
  T4 algdep(xi,4) = 1425006402572*x^4 + 73327872091*x^3 + 934315813012*x^2 - 487130035420*x + 53212847480   min|root-xi| = 1.1083547053784681940 E-61
  T4 algdep(xi,5) = 2923050402*x^5 - 12892522647*x^4 + 6490393979*x^3 - 3696339353*x^2 + 2026785374*x - 251190807   min|root-xi| = 1.1448418771878355654 E-61
  T4 algdep(xi,6) = 91032981*x^6 - 117830651*x^5 + 251909208*x^4 - 251212174*x^3 - 350690584*x^2 + 36201938*x + 4312613   min|root-xi| = 7.706061140066579025 E-62
  T4 algdep(xi/G,4) = 544480257327*x^4 - 600116710659*x^3 - 514265076245*x^2 - 588657712792*x + 123629865290   min|root-r| = 6.141098269816909388 E-63
  T4 algdep(xi/zeta(2),4) = 942691030331*x^4 - 444654477754*x^3 + 332084672758*x^2 - 599837835283*x + 56429010582   min|root-r| = 5.091849713552881234 E-62
  T4 algdep(xi/Pi^2,4) = 349336220646*x^4 - 799141880058*x^3 + 440324612947*x^2 - 252297679584*x + 4043594942   min|root-r| = 1.7501904831874631801 E-61
  T4 algdep(xi/L(g,2),4) = 79353060975*x^4 + 123723316638*x^3 + 880556078454*x^2 + 234616015073*x - 52983246073   min|root-r| = 5.134579050546637407 E-62

=== m-1_2_0_1_1_0_0_-3__5_4_24_12_-144__t3_re
  xi = 0.107353500577090380076169609533589024768036322207900750395980104024208607215015
  T1/T2/T4: NO HIT (unidentified)
  T3 ratios:  xi/G       = 0.11720254697287228033124820763598972252578355606339802885211
              xi/(Pi*G)  = 0.03730672938738535545888059822351600775986009388296183126518
              xi*G       = 0.09833211294309901441309022883606119801982935252506184431951
              xi/zeta(2) = 0.06526310247971512994774758536062987787531967496338906310811
              xi/Pi^2    = 0.01087718374661918832462459756010497964588661249389817718468
              xi/L(g,2)  = 0.09571059593387540257309592538410815257641188240069526710860
  T3 lindep([1,xi,G,z2]) = [-873327182317512, -732815016386354, 1845982935550244, -449172663932927]~    residual 5.704984611601958765 E-48
  T3 lindep([xi,G,z2])   = [-237805759300174080452, -129509437766185259467, 87636016992180717028]~    residual 1.2456405668697809682 E-41
  T4 algdep(xi,1) = 1000176719642196399203587575731*x - 107372472049300894423553993062   min|root-xi| = 4.804994101225311821 E-62
  T4 algdep(xi,2) = 165577439822641839834*x^2 + 38814667512897526376*x - 6075133018965344493   min|root-xi| = 6.556415397857607740 E-63
  T4 algdep(xi,3) = 116564358418504*x^3 + 34899627265162*x^2 - 1924587429042966*x + 206064771034633   min|root-xi| = 7.329883305596009736 E-63
  T4 algdep(xi,4) = 907922686251*x^4 + 679871274227*x^3 - 374599437409*x^2 - 716353857989*x + 80258523896   min|root-xi| = 4.635533680651307691 E-62
  T4 algdep(xi,5) = 2414538332*x^5 - 11282581380*x^4 + 3945533047*x^3 - 255361997*x^2 + 2376051562*x - 255551846   min|root-xi| = 4.040221400393883783 E-62
  T4 algdep(xi,6) = 234162487*x^6 - 136256576*x^5 - 229505186*x^4 - 126149*x^3 + 196418639*x^2 + 344503205*x - 39215082   min|root-xi| = 1.4159800235332867115 E-62
  T4 algdep(xi/G,4) = 209411048247*x^4 - 682896928883*x^3 - 1089988583092*x^2 + 541410388972*x - 47422203960   min|root-r| = 1.5275877699015847934 E-61
  T4 algdep(xi/zeta(2),4) = 720770328507*x^4 + 1251938931845*x^3 + 419902650648*x^2 + 359257159830*x - 25595798102   min|root-r| = 1.1606418637520906307 E-61
  T4 algdep(xi/Pi^2,4) = 1278434543293*x^4 + 723057196384*x^3 + 1108632523501*x^2 + 35478309422*x - 518018278   min|root-r| = 3.128996799885578453 E-61
  T4 algdep(xi/L(g,2),4) = 534361694734*x^4 + 825188656495*x^3 + 1209497559279*x^2 + 259239010790*x - 36659876892   min|root-r| = 6.529449113087699229 E-62

=== m-1_2_0_1_1_0_0_-3__5_4_24_12_-144__t3_im
  xi = -0.16272418699976202574464234304791627974296962447381621210309770067371777404119
  T1/T2/T4: NO HIT (unidentified)
  T3 ratios:  xi/G       = -0.1776531651780345221028665386172424661312119918190544026344
              xi/(Pi*G)  = -0.05654875878801033296350883071513690465774223426174448796367
              xi*G       = -0.1490497566322419219154935600790081333659186130393142511610
              xi/zeta(2) = -0.09892444340431800482620716020075153772928781132877936565233
              xi/Pi^2    = -0.01648740723405300080436786003345858962154796855479656094206
              xi/L(g,2)  = -0.1450761160733518052086093950122581678507476582604158303493
  T3 lindep([1,xi,G,z2]) = [848560291826847, 673901199850801, 1351140100298704, -1201566768895970]~    residual 6.580038898621452811 E-48
  T3 lindep([xi,G,z2])   = [-313861823944748446033, 96306195989548306944, -84675778179404378111]~    residual 1.3006866353809218129 E-41
  T4 algdep(xi,1) = 241528889240918687660097966497*x + 39302592138684062925031904312   min|root-xi| = 2.1425418458226535932 E-61
  T4 algdep(xi,2) = 30744701763537424730*x^2 - 107210533301950733844*x - 18259840778332408465   min|root-xi| = 6.853578511357965301 E-63
  T4 algdep(xi,3) = 418207599427011*x^3 + 371412182916318*x^2 + 792504735456382*x + 120926978653157   min|root-xi| = 8.034648094065199552 E-62
  T4 algdep(xi,4) = 1425006402572*x^4 - 73327872091*x^3 + 934315813012*x^2 + 487130035420*x + 53212847480   min|root-xi| = 1.1083547053784681940 E-61
  T4 algdep(xi,5) = 2923050402*x^5 + 12892522647*x^4 + 6490393979*x^3 + 3696339353*x^2 + 2026785374*x + 251190807   min|root-xi| = 1.1448418771878355654 E-61
  T4 algdep(xi,6) = 91032981*x^6 + 117830651*x^5 + 251909208*x^4 + 251212174*x^3 - 350690584*x^2 - 36201938*x + 4312613   min|root-xi| = 7.706061140066579025 E-62
  T4 algdep(xi/G,4) = 544480257327*x^4 + 600116710659*x^3 - 514265076245*x^2 + 588657712792*x + 123629865290   min|root-r| = 6.141098269816909388 E-63
  T4 algdep(xi/zeta(2),4) = 942691030331*x^4 + 444654477754*x^3 + 332084672758*x^2 + 599837835283*x + 56429010582   min|root-r| = 5.091849713552881234 E-62
  T4 algdep(xi/Pi^2,4) = 349336220646*x^4 + 799141880058*x^3 + 440324612947*x^2 + 252297679584*x + 4043594942   min|root-r| = 1.7501904831874631801 E-61
  T4 algdep(xi/L(g,2),4) = 79353060975*x^4 - 123723316638*x^3 + 880556078454*x^2 - 234616015073*x - 52983246073   min|root-r| = 5.134579050546637407 E-62

=== m-1_2_0_1_1_0_0_2__14_8_28_4_8__t1_re
  xi = -0.34392256049990088025300063627374522435716338969747817126283557700699713193343
  HIT  T2  xi = (0 + -40*[G] + 39*[zeta(2)])/-80   [[0, -80, 40, -39]~]  agree 126 digits
  T3 ratios:  xi/G       = -0.3754754137996142868683049110367200665649135566198297335326
              xi/(Pi*G)  = -0.11951753623136692894517368720263555770002287562774488662520
              xi*G       = -0.3150212324792422641489123203507688300481545475408763009795
              xi/zeta(2) = -0.2090798454669208777845270147004200215858543113030601918886
              xi/Pi^2    = -0.03484664091115347963075450245007000359764238521717669864810
              xi/L(g,2)  = -0.3066228212736496701273400710602216637457240504782083909514
  T3 lindep([1,xi,G,z2]) = [0, -80, 40, -39]~    residual 9.339839058647794775 E-126
  T3 lindep([xi,G,z2])   = [80, -40, 39]~    residual 9.339839058647794775 E-126
  T4 algdep(xi,1) = 2877137233324391741489142848413*x + 989512404194525553723350528345   min|root-xi| = 2.698975034568968765 E-62
  T4 algdep(xi,2) = 213415376119562459983*x^2 - 22903520455469538220*x - 33120390203149434246   min|root-xi| = 1.972476601297169419 E-62
  T4 algdep(xi,3) = 1471990341265825*x^3 - 963498043273657*x^2 - 719901002249695*x - 73744307242603   min|root-xi| = 1.1291623046682230306 E-61
  T4 algdep(xi,4) = 1284352037376*x^4 + 621695500464*x^3 - 34525116064*x^2 + 636014296927*x + 230144907461   min|root-xi| = 6.560456157195967636 E-62
  T4 algdep(xi,5) = 8795627061*x^5 - 2297827948*x^4 - 2749893216*x^3 - 9170578338*x^2 - 8300378737*x - 1807361571   min|root-xi| = 2.6130475070449515812 E-61
  T4 algdep(xi,6) = 55308169*x^6 - 70863750*x^5 - 71703209*x^4 + 427940114*x^3 - 22781625*x^2 - 150907005*x - 31226326   min|root-xi| = 4.396181496211796770 E-61
  T4 algdep(xi/G,4) = 280832556067*x^4 + 453036137025*x^3 + 358485045315*x^2 + 37501916576*x - 18059048083   min|root-r| = 2.4165304560553916565 E-61
  T4 algdep(xi/zeta(2),4) = 1093174414854*x^4 - 89392614553*x^3 + 74897568707*x^2 + 434956933528*x + 84760598697   min|root-r| = 3.042839574897201282 E-62
  T4 algdep(xi/Pi^2,4) = 512680735568*x^4 - 208242396127*x^3 + 935102499477*x^2 - 89471878605*x - 4262846015   min|root-r| = 5.528512529214088078 E-61
  T4 algdep(xi/L(g,2),4) = 443876632151*x^4 - 166747593575*x^3 + 135898268862*x^2 + 602280017954*x + 163165428845   min|root-r| = 4.790829805660251214 E-62

=== m-1_2_0_1_1_0_0_2__14_8_28_4_8__t1_im
  xi = 1.48044066016340379282517364998142267029705491108611859396200240643300672336289
  HIT  T1  xi = (0 + -9*[zeta(2)])/-10   [[0, -10, 9]~]  agree 125 digits
  HIT  T1  xi = (0 + -3*[Pi^2])/-20   [[0, -20, 3]~]  agree 125 digits
  HIT  T1  xi = (0 + 3*[Pi^2*sqrt(4)])/40   [[0, 40, -3]~]  agree 125 digits
  HIT  T1  xi = (0 + 3*[Pi^2/sqrt(4)])/10   [[0, 10, -3]~]  agree 125 digits
  HIT  T1  xi = (0 + -3*[Pi*atan(1/1)])/-5   [[0, -5, 3]~]  agree 125 digits
  HIT  T1  xi = (0 + -12*[atan(1/1)^2])/-5   [[0, -5, 12]~]  agree 125 digits
  T3 ratios:  xi/G       = 1.616262302399287914218409066529329353658301950682762584983
              xi/(Pi*G)  = 0.5144722695198687963951829856771998518175061932951409268422
              xi*G       = 1.356032708930686527797908543363864256386902931632087927895
              xi/zeta(2) = 0.8999999999999999999999999999999999999999999999999999999999
              xi/Pi^2    = 0.1500000000000000000000000000000000000000000000000000000000
              xi/L(g,2)  = 1.319881113026483519963685955595449510295219372359505577051
  T3 lindep([1,xi,G,z2]) = [0, -10, 0, 9]~    residual 2.2183045070091415927 E-125
  T3 lindep([xi,G,z2])   = [-10, 0, 9]~    residual 2.2183045070091415927 E-125
  T4 algdep(xi,1) = 401373926301179188241261736435*x - 594210280425695098116902165524   min|root-xi| = 4.036331511339922039 E-61
  T4 algdep(xi,2) = 63797806260237897462*x^2 - 25173284446827121313*x - 102558388304954300082   min|root-xi| = 2.095217448234369726 E-62
  T4 algdep(xi,3) = 375177684330294*x^3 - 564199736711409*x^2 + 925558838603247*x - 1351010537388434   min|root-xi| = 4.021760313137612522 E-62
  T4 algdep(xi,4) = 610159639512*x^4 - 931416004217*x^3 + 702501425837*x^2 - 946814341324*x - 46762121458   min|root-xi| = 5.633075727821156555 E-63
  T4 algdep(xi,5) = 7839144947*x^5 - 4204743506*x^4 - 4655819876*x^3 - 141404880*x^2 - 13348844807*x - 370733933   min|root-xi| = 9.711887184923417466 E-63
  T4 algdep(xi,6) = 133820184*x^6 - 369819155*x^5 + 450235453*x^4 - 36712961*x^3 - 243995668*x^2 + 5404838*x - 295777952   min|root-xi| = 5.925984814967837547 E-63
  T4 algdep(xi/G,4) = 78394769930*x^4 - 634471595522*x^3 + 244379551443*x^2 + 664159398200*x + 432020156721   min|root-r| = 1.951678863041192005 E-62
  T4 algdep(xi/zeta(2),4) = 10*x - 9   min|root-r| = 1.3485674299757927484 E-126
  T4 algdep(xi/Pi^2,4) = 20*x^4 - 3*x^3   min|root-r| = 2.247612383292987914 E-127
  T4 algdep(xi/L(g,2),4) = 654862213144*x^4 - 441439337530*x^3 - 346113785331*x^2 - 599515129014*x + 421852910391   min|root-r| = 5.952250590046010555 E-63

=== m-1_2_0_1_1_0_0_2__14_8_28_4_8__t2_re
  xi = 0.76640793462265196436587960121232177836562779361711077420866622781775791058873
  HIT  T2  xi = (0 + -8*[G] + -3*[zeta(2)])/-16   [[0, -16, 8, 3]~]  agree 126 digits
  T3 ratios:  xi/G       = 0.8367213129998516487955018888602769486788129063922422052048
              xi/(Pi*G)  = 0.2663366659085346683512135520552643311631067693436108085065
              xi*G       = 0.7020032992187726316995190871721293622420226511831896449419
              xi/zeta(2) = 0.4659201545330791222154729852995799784141456886969398081114
              xi/Pi^2    = 0.07765335908884652036924549754992999640235761478282330135190
              xi/L(g,2)  = 0.6832880134962129698454243956363654689756904787914207918366
  T3 lindep([1,xi,G,z2]) = [0, -16, 8, 3]~    residual 4.487621895839258067 E-126
  T3 lindep([xi,G,z2])   = [-16, 8, 3]~    residual 4.487621895839258067 E-126
  T4 algdep(xi,1) = 2164363143455545201252566495203*x - 1658785086549154981409298989843   min|root-xi| = 8.347509938151552391 E-62
  T4 algdep(xi,2) = 87910449877545407979*x^2 - 45337298365345730053*x - 16890073505244418338   min|root-xi| = 5.165028486136939036 E-62
  T4 algdep(xi,3) = 869645091922828*x^3 - 566886839441905*x^2 + 972918252926529*x - 804164861495980   min|root-xi| = 3.521974422210835326 E-62
  T4 algdep(xi,4) = 48814741693*x^4 - 320949473768*x^3 + 367362310104*x^2 + 1576783519618*x - 1296600017111   min|root-xi| = 1.990197517790826894 E-62
  T4 algdep(xi,5) = 2881687941*x^5 - 9529890642*x^4 + 2314526726*x^3 + 5823564233*x^2 - 11431793781*x + 6824811493   min|root-xi| = 3.531553189845036984 E-63
  T4 algdep(xi,6) = 326882965*x^6 - 282640848*x^5 - 86594994*x^4 - 82496692*x^3 + 213187273*x^2 + 117452873*x - 139732457   min|root-xi| = 5.539892113421809570 E-62
  T4 algdep(xi/G,4) = 1284888549479*x^4 - 591412851521*x^3 + 464052039936*x^2 - 519705447837*x - 173371112973   min|root-r| = 5.967643620450893870 E-63
  T4 algdep(xi/zeta(2),4) = 642603204524*x^4 + 353688058696*x^3 - 708406227476*x^2 + 1014048075979*x - 384738748081   min|root-r| = 2.902649177013678147 E-62
  T4 algdep(xi/Pi^2,4) = 597585586757*x^4 + 123539118082*x^3 + 517191812104*x^2 + 57814714103*x - 7687772884   min|root-r| = 7.765187092662835153 E-62
  T4 algdep(xi/L(g,2),4) = 454873047800*x^4 - 1622790714213*x^3 - 181278608669*x^2 + 728721943081*x + 5250885052   min|root-r| = 4.971453671822944034 E-63

=== m-1_2_0_1_1_0_0_2__14_8_28_4_8__t2_im
  xi = 0.61685027506808491367715568749225944595710621295254941415083433601375280140120
  HIT  T1  xi = (0 + 3*[zeta(2)])/8   [[0, 8, -3]~]  agree 126 digits
  HIT  T1  xi = (0 + -1*[Pi^2])/-16   [[0, -16, 1]~]  agree 126 digits
  HIT  T1  xi = (0 + -1*[Pi^2*sqrt(4)])/-32   [[0, -32, 1]~]  agree 126 digits
  HIT  T1  xi = (0 + -1*[Pi^2/sqrt(4)])/-8   [[0, -8, 1]~]  agree 126 digits
  HIT  T1  xi = (0 + -1*[Pi*atan(1/1)])/-4   [[0, -4, 1]~]  agree 126 digits
  HIT  T1  xi = (0 + -1*[atan(1/1)^2])/-1   [[0, -1, 1]~]  agree 126 digits
  T3 ratios:  xi/G       = 0.6734426259997032975910037777205538973576258127844844104097
              xi/(Pi*G)  = 0.2143634456332786651646595773654999382572942472063087195176
              xi*G       = 0.5650136287211193865824618930682767734945428881800366366230
              xi/zeta(2) = 0.3750000000000000000000000000000000000000000000000000000000
              xi/Pi^2    = 0.06250000000000000000000000000000000000000000000000000000000
              xi/L(g,2)  = 0.5499504637610347999848691481647706292896747384831273237711
  T3 lindep([1,xi,G,z2]) = [0, 8, 0, -3]~    residual 1.9389849766361946912 E-126
  T3 lindep([xi,G,z2])   = [-8, 0, 3]~    residual 1.9389849766361946912 E-126
  T4 algdep(xi,1) = 240824355780707512944757041861*x - 148552570106423774529225541381   min|root-xi| = 1.6818047963916341829 E-61
  T4 algdep(xi,2) = 73258347409664157349*x^2 + 167580908049754190860*x - 131247442632230601342   min|root-xi| = 2.212065906190011634 E-62
  T4 algdep(xi,3) = 200810027224627*x^3 - 1137076333439980*x^2 + 40230206954822*x + 360713420122338   min|root-xi| = 2.746963133563076534 E-62
  T4 algdep(xi,4) = 1688521279957*x^4 + 28054178051*x^3 + 326276148578*x^2 - 308650222522*x - 184813212610   min|root-xi| = 2.899132409773712336 E-62
  T4 algdep(xi,5) = 6559290878*x^5 + 776537457*x^4 + 13448112607*x^3 + 508523289*x^2 - 2924724190*x - 2244079146   min|root-xi| = 3.683647880523475268 E-62
  T4 algdep(xi,6) = 44776651*x^6 - 338263438*x^5 - 421893247*x^4 + 76547857*x^3 + 340072268*x^2 + 28949330*x - 76396597   min|root-xi| = 2.437766437394328803 E-62
  T4 algdep(xi/G,4) = 362007655686*x^4 - 76179839110*x^3 + 763439213831*x^2 - 844330863135*x + 171177217276   min|root-r| = 6.663112786483814056 E-62
  T4 algdep(xi/zeta(2),4) = 8*x - 3   min|root-r| = 1.4734518967311742161 E-127
  T4 algdep(xi/Pi^2,4) = 16*x - 1   min|root-r| = 2.455753161218623694 E-128
  T4 algdep(xi/L(g,2),4) = 816036864851*x^4 - 48624873223*x^3 - 49830318316*x^2 - 821295135429*x + 400184799142   min|root-r| = 3.028943602728763372 E-63

=== m-1_2_0_1_1_0_0_2__14_8_28_4_8__t3_re
  xi = 0.14955765955456705068872391372006233240852158066456136005783189180400510918753
  HIT  T2  xi = (0 + 8*[G] + -3*[zeta(2)])/16   [[0, 16, -8, 3]~]  agree 127 digits
  T3 ratios:  xi/G       = 0.1632786870001483512044981111397230513211870936077577947952
              xi/(Pi*G)  = 0.05197322027525600318655397468976439290581252213730208898888
              xi*G       = 0.1369896704976532451170571941038525887474797630031530083189
              xi/zeta(2) = 0.09092015453307912221547298529957997841414568869693980811140
              xi/Pi^2    = 0.01515335908884652036924549754992999640235761478282330135190
              xi/L(g,2)  = 0.1333375497351781698605552474715948396860157403082934680655
  T3 lindep([1,xi,G,z2]) = [0, 16, -8, 3]~    residual 4.559184911164744906 E-128
  T3 lindep([xi,G,z2])   = [-16, 8, -3]~    residual 4.559184911164744906 E-128
  T4 algdep(xi,1) = 2244645867337040679288458952544*x - 335703982447759006471886998571   min|root-xi| = 2.280634811446793428 E-62
  T4 algdep(xi,2) = 133291494298540577740*x^2 + 138649321482914527177*x - 23717464656331999302   min|root-xi| = 1.968146364432933509 E-62
  T4 algdep(xi,3) = 1286534109221627*x^3 + 822321596259209*x^2 + 239117240957564*x - 58458840377738   min|root-xi| = 6.171405515364740264 E-62
  T4 algdep(xi,4) = 684737368394*x^4 + 490502168361*x^3 + 610777964880*x^2 + 489297945767*x - 88823247702   min|root-xi| = 2.807921168906300797 E-62
  T4 algdep(xi,5) = 8625594930*x^5 - 1593496378*x^4 + 1108181525*x^3 + 6833345968*x^2 + 5352864503*x - 956962002   min|root-xi| = 1.0806493225508707564 E-62
  T4 algdep(xi,6) = 280698234*x^6 - 61809212*x^5 + 24293065*x^4 + 229150402*x^3 - 196086053*x^2 - 365150663*x + 58219801   min|root-xi| = 2.124243179459157924 E-62
  T4 algdep(xi/G,4) = 995831564040*x^4 + 544207194337*x^3 + 249250656526*x^2 + 589096547899*x - 105908637939   min|root-r| = 1.0910005089079892045 E-61
  T4 algdep(xi/zeta(2),4) = 772886564009*x^4 - 53327041594*x^3 + 493479818137*x^2 - 1390967885613*x + 122374941908   min|root-r| = 5.832635480207115438 E-63
  T4 algdep(xi/Pi^2,4) = 362554921925*x^4 + 1253601421102*x^3 + 825204336979*x^2 - 182383144775*x + 2569849201   min|root-r| = 8.308465905588924808 E-62
  T4 algdep(xi/L(g,2),4) = 931371586543*x^4 + 763835888667*x^3 - 551080004312*x^2 + 815593742941*x - 101056816161   min|root-r| = 4.003468569655990658 E-64

=== m-1_2_0_1_1_0_0_2__14_8_28_4_8__t3_im
  xi = -3.3182440406301646927166216850547267979738988443955743875353634491155018120866 E-395
  HIT  T4  algdep deg<=1:  x   height 1  agree 1000 digits
  HIT  T4  algdep deg<=2:  x   height 1  agree 1000 digits
  HIT  T4  algdep deg<=3:  x   height 1  agree 1000 digits
  HIT  T4  algdep deg<=4:  x   height 1  agree 1000 digits
  HIT  T4  algdep deg<=5:  x   height 1  agree 1000 digits
  HIT  T4  algdep deg<=6:  x   height 1  agree 1000 digits
  T3 ratios:  xi/G       = -3.622673233278845308299067843799496482338426100017743514144 E-395
              xi/(Pi*G)  = -1.153132704566054202602525673449352206126039584473288212620 E-395
              xi*G       = -3.039397374300824877673293409577294908942553399886073814594 E-395
              xi/zeta(2) = -2.017250482864691005897160403176929320571633742396965057830 E-395
              xi/Pi^2    = -3.362084138107818343161934005294882200952722903994941763050 E-396
              xi/L(g,2)  = -2.958367569529621874110373127137047185671662600329018398652 E-395
  T3 lindep([1,xi,G,z2]) = [0, 1, 0, 0]~    residual 3.318244040630164693 E-395
  T3 lindep([xi,G,z2])   = [1, 0, 0]~    residual 3.318244040630164693 E-395
  T4 algdep(xi,1) = x   min|root-xi| = 0.E-250
  T4 algdep(xi,2) = x   min|root-xi| = 0.E-250
  T4 algdep(xi,3) = x   min|root-xi| = 0.E-250
  T4 algdep(xi,4) = x   min|root-xi| = 0.E-250
  T4 algdep(xi,5) = x   min|root-xi| = 0.E-250
  T4 algdep(xi,6) = x   min|root-xi| = 0.E-250
  T4 algdep(xi/G,4) = x   min|root-r| = 0.E-250
  T4 algdep(xi/zeta(2),4) = x   min|root-r| = 0.E-250
  T4 algdep(xi/Pi^2,4) = x   min|root-r| = 0.E-250
  T4 algdep(xi/L(g,2),4) = x   min|root-r| = 0.E-250

################ SUMMARY ################
battery size          : 145 constants
T2 independent basis  : 22 constants, 231 pairs per xi
input file            : /home/ubuntu/code/math-modular-sources/lattice/four_term_deep/out/fold_mix_periods.txt
lines processed       : 102
total verified hits   : 200
=> rows with hits: ["m1_2_0_1_3_2_4_27__23_8_-216_-42_-324__t1_im", "m1_2_0_1_3_2_4_27__23_8_-216_-42_-324__t3_im", "m1_2_0_1_3_2_4_-9__27_0_-648_-126_324__t1_im", "m1_2_0_1_3_2_4_-9__27_0_-648_-126_324__t3_im", "m1_2_0_1_3_2_4_-1__107_8_-216_-42_12__t1_im", "m1_2_0_1_3_2_4_-1__107_8_-216_-42_12__t3_im", "m1_2_0_1_4_3_5_8__32_6_384_84_96__t1_im", "m1_2_0_1_4_3_5_-8__0_-2_-128_-28_32__t1_im", "m1_2_0_1_4_3_5_-8__0_-2_-128_-28_32__t3_im", "m1_2_0_1_4_3_5_-8__24_0_-512_-112_128__t1_im", "m1_2_0_1_4_3_5_-8__24_0_-512_-112_128__t3_im", "m1_2_0_1_4_3_5_6__38_6_384_84_72__t3_im", "m1_2_0_1_4_3_5_-6__10_0_96_48_-72__t1_im", "m1_2_0_1_4_3_5_-2__30_2_-128_-28_8__t1_im", "m1_2_0_1_4_3_5_-2__30_2_-128_-28_8__t3_im", "m1_2_0_1_4_3_5_-2__6_0_-144_-40_16__t1_im", "m1_2_0_1_4_3_5_-2__6_0_-144_-40_16__t3_im", "m1_2_0_1_6_5_7_-9__15_0_216_108_-108__t1_im", "m-1_2_0_1_1_0_0_8__16_8_68_8_32__t1_re", "m-1_2_0_1_1_0_0_8__16_8_68_8_32__t1_im", "m-1_2_0_1_1_0_0_8__16_8_68_8_32__t2_re", "m-1_2_0_1_1_0_0_8__16_8_68_8_32__t2_im", "m-1_2_0_1_1_0_0_8__16_8_68_8_32__t3_re", "m-1_2_0_1_1_0_0_8__16_8_68_8_32__t3_im", "m-1_2_0_1_1_0_0_8__16_8_48_0_-128__t1_re", "m-1_2_0_1_1_0_0_8__16_8_48_0_-128__t1_im", "m-1_2_0_1_1_0_0_8__16_8_48_0_-128__t2_re", "m-1_2_0_1_1_0_0_8__16_8_48_0_-128__t2_im", "m-1_2_0_1_1_0_0_8__16_8_48_0_-128__t3_re", "m-1_2_0_1_1_0_0_8__16_8_48_0_-128__t3_im", "m-1_2_0_1_1_0_0_4__8_4_32_8_64__t1_re", "m-1_2_0_1_1_0_0_4__8_4_32_8_64__t1_im", "m-1_2_0_1_1_0_0_4__8_4_32_8_64__t2_re", "m-1_2_0_1_1_0_0_4__8_4_32_8_64__t2_im", "m-1_2_0_1_1_0_0_4__8_4_32_8_64__t3_re", "m-1_2_0_1_1_0_0_4__8_4_32_8_64__t3_im", "m-1_2_0_1_1_0_0_3__17_10_123_33_243__t1_im", "m-1_2_0_1_1_0_0_-3__5_4_24_12_-144__t1_im", "m-1_2_0_1_1_0_0_2__14_8_28_4_8__t1_re", "m-1_2_0_1_1_0_0_2__14_8_28_4_8__t1_im", "m-1_2_0_1_1_0_0_2__14_8_28_4_8__t2_re", "m-1_2_0_1_1_0_0_2__14_8_28_4_8__t2_im", "m-1_2_0_1_1_0_0_2__14_8_28_4_8__t3_re", "m-1_2_0_1_1_0_0_2__14_8_28_4_8__t3_im"]
