07_catalan.gp  -- Catalan-focused identification battery
realprecision = 250,  lindep at 60 digits,  verification threshold 55 digits
battery: 145 constants
T2 pair candidates: 24; dropped as dependent/duplicate: 2
   drop  Pi^2  [dependent, rel = [0, 0, 0, -6, 1]~]
   drop  L(2,chi_-4)  [duplicate value, deduped]
T2 independent basis (22): ["G", "Pi*G", "zeta(2)", "L(2,chi_-3)", "L(2,chi_-7)", "L(2,chi_-8)", "L(2,chi_-11)", "L(2,chi_-15)", "L(2,chi_-19)", "L(2,chi_-20)", "L(2,chi_-23)", "L(2,chi_-24)", "L(2,chi_5)", "L(2,chi_8)", "L(2,chi_12)", "L(2,chi_13)", "L(2,chi_17)", "L(2,chi_21)", "L(2,chi_24)", "L(g,2)", "log(2)^2", "Pi*log(2)"]

---- battery listing ----
  [1] G = 0.91596559417721901505460351493238411077
  [2] Pi*G = 2.87759078160816115177758016652154780012
  [3] G*sqrt(2) = 1.29537096595255359059471979889446991066
  [4] G*sqrt(3) = 1.58649894709995872422086678425008830247
  [5] G/sqrt(2) = 0.64768548297627679529735989944723495533
  [6] G/Pi = 0.291560904030818780138384456468394918865
  [7] G/Pi^2 = 0.092806718177693040738490995099859992805
  [8] zeta(2) = 1.64493406684822643647241516664602518922
  [9] Pi^2 = 9.8696044010893586188344909998761511353
  [10] Pi^2*sqrt(2) = 13.9577283992777590683151218723388105798
  [11] Pi^2/sqrt(2) = 6.9788641996388795341575609361694052899
  [12] Pi^2*sqrt(3) = 17.0946562732921691147429728514233472857
  [13] Pi^2/sqrt(3) = 5.6982187577640563715809909504744490952
  [14] Pi^2*sqrt(4) = 19.7392088021787172376689819997523022706
  [15] Pi^2/sqrt(4) = 4.9348022005446793094172454999380755677
  [16] Pi^2*sqrt(6) = 24.1754947457960955669990824831087666096
  [17] Pi^2/sqrt(6) = 4.0292491242993492611665137471847944349
  [18] Pi^2*sqrt(8) = 27.9154567985555181366302437446776211597
  [19] Pi^2/sqrt(8) = 3.48943209981943976707878046808470264496
  [20] Pi^2*sqrt(12) = 34.1893125465843382294859457028466945714
  [21] Pi^2/sqrt(12) = 2.84910937888202818579049547523722454762
  [22] Pi^2*sqrt(24) = 48.3509894915921911339981649662175332193
  [23] Pi^2/sqrt(24) = 2.01462456214967463058325687359239721747
  [24] L(2,chi_-3) = 0.78130241289648629686718742962409235637
  [25] L(2,chi_-7) = 1.15192547054449104710169239732054996480
  [26] L(2,chi_-8) = 1.06473417104350337039282745146166888948
  [27] L(2,chi_-11) = 0.90953910532388370153208593905860526926
  [28] L(2,chi_-15) = 1.29661859663323773324023659437853368278
  [29] L(2,chi_-19) = 0.76885127439924648968808391556033877945
  [30] L(2,chi_-20) = 1.12804332474094707284833170786973842180
  [31] L(2,chi_-23) = 1.40321690459504126782677598373661595317
  [32] L(2,chi_-24) = 1.05780661321150442946644246836679615009
  [33] L(2,chi_5) = 0.70621140325974096993100317576256402766
  [34] L(2,chi_8) = 0.87235802495485994176969511702117566124
  [35] L(2,chi_12) = 0.94970312629400939526349849174574151587
  [36] L(2,chi_13) = 0.84225715353071571897038449041624170196
  [37] L(2,chi_17) = 1.12646149283743545826589288741282638893
  [38] L(2,chi_21) = 0.82046638090269904153249925052015089448
  [39] L(2,chi_24) = 1.00731228107483731529162843679619860874
  [40] L(3,chi_-3) = 0.88402381175007985674305791687101180775
  [41] L(3,chi_-4) = 0.96894614625936938048363484584691860007
  [42] L(3,chi_-7) = 1.09334306942953357197657981500770023478
  [43] L(3,chi_-8) = 1.02772258593685856787925661800225576721
  [44] L(3,chi_5) = 0.85482476664854301023569008353813769714
  [45] L(3,chi_8) = 0.95838045456309456205166940286157781883
  [46] zeta(3) = 1.20205690315959428539973816151144999077
  [47] zeta(3)/Pi = 0.382626596031170342250153140240866137026
  [48] zeta(3)/Pi^2 = 0.121793828233573083121006121884619106588
  [49] Ti2(2) = 1.57601540344632342236057894681214494428
  [50] Ti2(1/2) = 0.487222358294522357110234497693337970609
  [51] Ti2(3) = 2.05507011608058912550681760343712967816
  [52] Ti2(1/3) = 0.329373968468987794789907311528086855579
  [53] Ti2(4) = 2.42588784128590899958072145819554939662
  [54] Ti2(1/4) = 0.248301750982306869080032559957935449285
  [55] Ti2(5) = 2.72722281709899020861710525161501598129
  [56] Ti2(1/5) = 0.199123656043058867622426425602927391161
  [57] Ti2(2-sqrt(3)) = 0.265864958279306982691875086397120687643
  [58] Ti2(sqrt(2)-1) = 0.406766154249813513245292191859602891886
  [59] G+(Pi/2)*log(2)  [=Ti2(2)] = 2.00475863932902008030494796405119108445
  [60] L(g,2) = 1.12164697680138607508269280307221429323
  [61] L(g,2)*sqrt(2) = 1.58624836678730050132787419157959761403
  [62] L(g,2)/sqrt(2) = 0.79312418339365025066393709578979880701
  [63] L(g,2)*Pi = 3.52375790224043573655581700589139609607
  [64] L(g,2)/Pi = 0.357031321524042097296192887783961471159
  [65] Gamma(1/4)^4/Pi = 55.0014865441629826199207662384844575831
  [66] Gamma(1/3)^6/Pi^2 = 37.4521496881216369396068147506936824248
  [67] G(1/8)G(3/8)/(G(5/8)G(7/8)) = 11.4250022887693471134781724090867670771
  [68] G(1/8)^2G(3/8)^2/Pi^3 = 10.2861159727113239711796091304317967191
  [69] G(1/6)G(1/3)/(G(2/3)G(5/6)) = 9.7557823965414795351382302980246256270
  [70] G(1/12)G(5/12)/(G(7/12)G(11/12)) = 15.1619544114749678216886359918297377237
  [71] Gamma(1/6)^6/Pi^2 = 3013.75123345357208629628287624933759070
  [72] log(2)^2 = 0.480453013918201424667102526326664971730
  [73] log(3)^2 = 1.20694896081258197784377912384936591362
  [74] log(5)^2 = 2.59029039398023494518017100499265489539
  [75] log(6)^2 = 3.21040199556840137536912708384903865663
  [76] log(8)^2 = 4.3240771252638128220039227369399847456
  [77] log(9)^2 = 4.8277958432503279113751164953974636545
  [78] log(10)^2 = 5.3018981104783980105616663885940176916
  [79] log(12)^2 = 6.1747610581606236222286800965020413431
  [80] log(16)^2 = 7.6872482226912227946736404212266395477
  [81] log(18)^2 = 8.3542488988437652817587098890701441688
  [82] log(24)^2 = 10.1000261485892487184224381618083739730
  [83] log(27)^2 = 10.8625406473132378005940121146442932226
  [84] log(32)^2 = 12.0113253479550356166775631581666242932
  [85] Pi*log(2) = 2.17758609030360213050068889823761394734
  [86] Pi*log(3) = 3.45139229522320266143382058381808564516
  [87] Pi*log(5) = 5.0561983221118626819893576520241771803
  [88] Pi*log(6) = 5.6289783855268047919345094820556995925
  [89] Pi*log(8) = 6.5327582709108063915020666947128418420
  [90] Pi*log(9) = 6.9027845904464053228676411676361712903
  [91] Pi*log(10) = 7.2337844124154648124900465502617911276
  [92] Pi*log(12) = 7.8065644758304069224351983802933135398
  [93] Pi*log(16) = 8.7103443612144085220027555929504557894
  [94] Pi*log(18) = 9.0803706807500074533683300658737852377
  [95] Pi*log(24) = 9.9841505661340090529358872785309274872
  [96] Pi*log(27) = 10.3541768856696079843014617514542569355
  [97] Pi*log(32) = 10.8879304515180106525034444911880697367
  [98] log(2)*log(3) = 0.76150001041880898642912271683650388564
  [99] log(2)*log(5) = 1.11557735128998082035719642863734891224
  [100] log(2)*log(6) = 1.24195302433701041109622524316316885737
  [101] log(2)*log(7) = 1.34880213344067334196116454339927648980
  [102] log(2)*log(8) = 1.44135904175460427400130757897999491519
  [103] log(2)*log(10) = 1.59603036520818224502429895496401388397
  [104] log(2)*log(12) = 1.72240603825521183576332776948983382910
  [105] log(3)*log(5) = 1.76814826844845172875795182576258517193
  [106] log(3)*log(6) = 1.96844897123139096427290184068586979926
  [107] log(3)*log(7) = 2.13780080239616021784685469059662924041
  [108] log(3)*log(8) = 2.28450003125642695928736815050951165693
  [109] log(3)*log(10) = 2.52964827886726071518707454259908905757
  [110] log(3)*log(12) = 2.72994898165019995070202455752237368490
  [111] log(5)*log(6) = 2.88372561973843254911514825439993408416
  [112] log(5)*log(7) = 3.13182156807991254291890879552861403466
  [113] log(5)*log(8) = 3.34673205386994246107158928591204673671
  [114] log(5)*log(10) = 3.70586774527021576553736743363000380763
  [115] log(5)*log(12) = 3.99930297102841336947234468303728299640
  [116] log(6)*log(7) = 3.48660293583683355980801923399590573021
  [117] log(6)*log(8) = 3.72585907301103123328867572948950657212
  [118] log(6)*log(10) = 4.1256786440754429602113734975631029415
  [119] log(6)*log(12) = 4.4523550199054117864653523270122075140
  [120] log(7)*log(8) = 4.0464064003220200258834936301978294694
  [121] log(7)*log(10) = 4.4806237015205858848800733389278905245
  [122] log(7)*log(12) = 4.8354050692775069017691837773951822200
  [123] log(8)*log(10) = 4.7880910956245467350728968648920416519
  [124] log(8)*log(12) = 5.1672181147656355072899833084695014873
  [125] log(10)*log(12) = 5.7217090092836252052356724525271168255
  [126] Pi*log((sqrt(2)+1)/(sqrt(2)-1)) = 5.5378335720973614353437035594799479608
  [127] log((sqrt(2)+1)/(sqrt(2)-1))^2 = 3.10727759958278392600229884035767561843
  [128] Pi*log((sqrt(3)+1)/(sqrt(3)-1)) = 4.1373452540660683281343270826936246345
  [129] log((sqrt(3)+1)/(sqrt(3)-1))^2 = 1.73437810227263615040825812545843864708
  [130] Pi*log((sqrt(5)+1)/(sqrt(5)-1)) = 3.02354306885557391688170632698920869036
  [131] log((sqrt(5)+1)/(sqrt(5)-1))^2 = 0.92625928230877756998771628492613104007
  [132] Pi*log((sqrt(8)+1)/(sqrt(8)-1)) = 2.32163051142258458696572738787925964358
  [133] log((sqrt(8)+1)/(sqrt(8)-1))^2 = 0.54611796101709743853565349587918781768
  [134] Pi*log((sqrt(12)+1)/(sqrt(12)-1)) = 1.86686222806724074061133564790871084936
  [135] log((sqrt(12)+1)/(sqrt(12)-1))^2 = 0.353122013502335095898642034188567311399
  [136] Pi*atan(1/1) = 2.46740110027233965470862274996903778383
  [137] Pi*atan(1/2) = 1.45659192229140539059421843298781413969
  [138] Pi*atan(1/3) = 1.01080917798093426411440431698122364414
  [139] Pi*atan(1/4) = 0.76962316836560519275591579249894039750
  [140] Pi*atan(1/5) = 0.62013644067562973992342431362659598751
  [141] atan(1/1)^2 = 0.61685027506808491367715568749225944596
  [142] atan(1/2)^2 = 0.214969105332164388710632716684036154272
  [143] atan(1/3)^2 = 0.103523419254546607090679187682388530387
  [144] atan(1/4)^2 = 0.0600145453874255907594997899595198501877
  [145] atan(1/5)^2 = 0.0389650070484478564858971079645396617455

=== c0_1_3_1_2__11_4_37_3_3__t1_re
  xi = 1.05749891119153366755191612771973174268230785946610507344876658944225896698410
  HIT  T1  xi = (0 + -2*[L(g,2)*sqrt(2)])/-3   [[0, -3, 2]~]  agree 124 digits
  HIT  T1  xi = (0 + -4*[L(g,2)/sqrt(2)])/-3   [[0, -3, 4]~]  agree 124 digits
  T3 ratios:  xi/G       = 1.154518158666701073283271053406577857213360836325845047112
              xi/(Pi*G)  = 0.3674945436823171983167754851005167547871207326714225601138
              xi*G       = 0.9686326185313152990328686122560988359773520038538062292108
              xi/zeta(2) = 0.6428822482944577481987255706519872949429745345957651112369
              xi/Pi^2    = 0.10714704138240962469978759510866454915716242243262751853949
              xi/L(g,2)  = 0.9428090415820633658677924828064653857131145835846320487844
  T3 lindep([1,xi,G,z2]) = [1498211898987630, 415425669697239, -1364819081921834, -417887126852215]~    residual 2.928527667584647092 E-48
  T3 lindep([xi,G,z2])   = [-242098235654121657452, 6320766134710278007, 152121000677456205300]~    residual 1.3704305254983380152 E-41
  T4 algdep(xi,1) = 2959912525179452411664849854107*x - 3130104272599453906492376230441   min|root-xi| = 4.977089238074152854 E-62
  T4 algdep(xi,2) = 2154994433975094871*x^2 - 21704315038906596625*x + 20542350740155270383   min|root-xi| = 6.830633692564777303 E-62
  T4 algdep(xi,3) = 249516089018353*x^3 - 416244391292542*x^2 - 690760823723809*x + 900887538769731   min|root-xi| = 3.289187018769248347 E-62
  T4 algdep(xi,4) = 737809002973*x^4 - 169769227200*x^3 + 22044599456*x^2 - 229454265711*x - 503941636918   min|root-xi| = 2.275658255668043196 E-62
  T4 algdep(xi,5) = 4049965421*x^5 + 1235291930*x^4 + 5439401144*x^3 - 13836889236*x^2 + 1809772065*x + 226362913   min|root-xi| = 1.1237706197841316850 E-62
  T4 algdep(xi,6) = 183794700*x^6 - 463129796*x^5 - 139869357*x^4 + 273397095*x^3 + 11549642*x^2 + 93500844*x + 95254994   min|root-xi| = 1.3983987933285849302 E-62
  T4 algdep(xi/G,4) = 1045585024900*x^4 - 782520268024*x^3 + 91064263615*x^2 - 1190578906575*x + 599718561329   min|root-r| = 8.669716489628339417 E-64
  T4 algdep(xi/zeta(2),4) = 283864025281*x^4 - 996399719861*x^3 + 209545769661*x^2 - 344595406964*x + 351186386320   min|root-r| = 7.048186309653066902 E-62
  T4 algdep(xi/Pi^2,4) = 765145735085*x^4 + 240754704279*x^3 - 669665387451*x^2 - 916484821315*x + 105489722944   min|root-r| = 3.159121184510783910 E-62
  T4 algdep(xi/L(g,2),4) = 9*x^4 + x^2 - 8   min|root-r| = 3.830769119099704196 E-125

=== c0_1_3_1_2__11_4_37_3_3__t1_im
  xi = 4.8061226849485749659838954589953799683156775943140907075368223481491472205741 E-473
  HIT  T4  algdep deg<=1:  x   height 1  agree 1000 digits
  HIT  T4  algdep deg<=2:  x   height 1  agree 1000 digits
  HIT  T4  algdep deg<=3:  x   height 1  agree 1000 digits
  HIT  T4  algdep deg<=4:  x   height 1  agree 1000 digits
  HIT  T4  algdep deg<=5:  x   height 1  agree 1000 digits
  HIT  T4  algdep deg<=6:  x   height 1  agree 1000 digits
  T3 ratios:  xi/G       = 5.247055910725285261695893758157114822268728674946615966895 E-473
              xi/(Pi*G)  = 1.670189769742951658396312663544222592034081061964218347298 E-473
              xi*G       = 4.402243020807532656629141571452389843352500428894887374049 E-473
              xi/zeta(2) = 2.921772235015680266720490585871827134804868142810572794303 E-473
              xi/Pi^2    = 4.869620391692800444534150976453045224674780238017621323838 E-474
              xi/L(g,2)  = 4.284879988402636062451732307068316198326171309432141858705 E-473
  T3 lindep([1,xi,G,z2]) = [0, 1, 0, 0]~    residual 4.806122684948574966 E-473
  T3 lindep([xi,G,z2])   = [1, 0, 0]~    residual 4.806122684948574966 E-473
  T4 algdep(xi,1) = x   min|root-xi| = 0.E-250
  T4 algdep(xi,2) = x   min|root-xi| = 0.E-250
  T4 algdep(xi,3) = x   min|root-xi| = 0.E-250
  T4 algdep(xi,4) = x   min|root-xi| = 0.E-250
  T4 algdep(xi,5) = x   min|root-xi| = 0.E-250
  T4 algdep(xi,6) = x   min|root-xi| = 0.E-250
  T4 algdep(xi/G,4) = x   min|root-r| = 0.E-250
  T4 algdep(xi/zeta(2),4) = x   min|root-r| = 0.E-250
  T4 algdep(xi/Pi^2,4) = x   min|root-r| = 0.E-250
  T4 algdep(xi/L(g,2),4) = x   min|root-r| = 0.E-250

=== c0_1_3_1_2__11_4_37_3_3__t2_re
  xi = 0.52874945559576683377595806385986587134115392973305253672438329472112948349205
  HIT  T1  xi = (0 + -1*[L(g,2)*sqrt(2)])/-3   [[0, -3, 1]~]  agree 125 digits
  HIT  T1  xi = (0 + 2*[L(g,2)/sqrt(2)])/3   [[0, 3, -2]~]  agree 125 digits
  T3 ratios:  xi/G       = 0.5772590793333505366416355267032889286066804181629225235558
              xi/(Pi*G)  = 0.1837472718411585991583877425502583773935603663357112800569
              xi*G       = 0.4843163092656576495164343061280494179886760019269031146054
              xi/zeta(2) = 0.3214411241472288740993627853259936474714872672978825556184
              xi/Pi^2    = 0.05357352069120481234989379755433227457858121121631375926974
              xi/L(g,2)  = 0.4714045207910316829338962414032326928565572917923160243922
  T3 lindep([1,xi,G,z2]) = [-83152447843735, -470406170741267, -870392786230442, 686428303052090]~    residual 7.202202489565425285 E-47
  T3 lindep([xi,G,z2])   = [203222826463571432543, -185908772851217513812, 38197324741754555191]~    residual 1.8942270420694832300 E-42
  T4 algdep(xi,1) = 1833953344822919053439484496189*x - 969701832663154098553221619782   min|root-xi| = 1.1699461106448652690 E-61
  T4 algdep(xi,2) = 8619977735900379484*x^2 - 43408630077813193250*x + 20542350740155270383   min|root-xi| = 3.415316846282388651 E-62
  T4 algdep(xi,3) = 691635623411201*x^3 + 713234137409098*x^2 - 1762790518456488*x + 630429903025622   min|root-xi| = 1.4158060908292070946 E-62
  T4 algdep(xi,4) = 59847501038*x^4 + 626908877033*x^3 + 538227221569*x^2 - 490897405553*x + 11735272394   min|root-xi| = 4.537965690836865330 E-62
  T4 algdep(xi,5) = 910003476*x^5 + 465513908*x^4 + 1303524845*x^3 - 10426412914*x^2 + 2079061887*x + 1548982510   min|root-xi| = 2.269360187343830951 E-62
  T4 algdep(xi,6) = 107183782*x^6 - 42231782*x^5 - 70916933*x^4 - 528798525*x^3 + 98398541*x^2 + 65051914*x + 21210165   min|root-xi| = 2.983469917529690474 E-62
  T4 algdep(xi/G,4) = 627297334221*x^4 + 64278152579*x^3 - 305329570443*x^2 + 256254125922*x - 128200799933   min|root-r| = 9.322309644305656521 E-62
  T4 algdep(xi/zeta(2),4) = 521037207862*x^4 + 462633669825*x^3 - 1093052843362*x^2 - 87923963545*x + 120273527670   min|root-r| = 2.857281744391082388 E-63
  T4 algdep(xi/Pi^2,4) = 227425464893*x^4 + 94549164897*x^3 + 334866724106*x^2 + 224848590929*x - 13023450591   min|root-r| = 1.8342965069838667682 E-61
  T4 algdep(xi/L(g,2),4) = 9*x^2 - 2   min|root-r| = 1.3229233769639192098 E-126

=== c0_1_3_1_2__11_4_37_3_3__t2_im
  xi = 0.37388232560046202502756426769073809774397550237286934171496341120843121849728
  HIT  T1  xi = (0 + -1*[L(g,2)])/-3   [[0, -3, 1]~]  agree 125 digits
  T3 ratios:  xi/G       = 0.4081838094981153760968366085215799003059677487771307912632
              xi/(Pi*G)  = 0.1299289419434111990387339817185511581059565244839489150016
              xi*G       = 0.3424633465209876629180542235976915436470582363470230207744
              xi/zeta(2) = 0.2272931986367324251849447135706628064301318248980513070966
              xi/Pi^2    = 0.03788219977278873753082411892844380107168863748300855118277
              xi/L(g,2)  = 0.3333333333333333333333333333333333333333333333333333333334
  T3 lindep([1,xi,G,z2]) = [1686239838327494, 786337747852130, -682056499765205, -824043567733512]~    residual 8.942539563357986831 E-47
  T3 lindep([xi,G,z2])   = [-235610280029964277117, -99587096515981108677, 109006723782667072841]~    residual 3.834102624274025180 E-42
  T4 algdep(xi,1) = 2186751863110316554785372860909*x - 817587872090828336945164771834   min|root-xi| = 6.503934377483043078 E-62
  T4 algdep(xi,2) = 76224248325611243824*x^2 - 91037159006854033151*x + 23381950003954780669   min|root-xi| = 2.3385798887623316058 E-61
  T4 algdep(xi,3) = 861511150067482*x^3 - 407522585001925*x^2 - 267631998360368*x + 112003395579709   min|root-xi| = 1.3101906050379513668 E-61
  T4 algdep(xi,4) = 214434965823*x^4 + 711251239611*x^3 - 927870510348*x^2 + 309396053204*x - 27335784599   min|root-xi| = 5.144848996289852550 E-61
  T4 algdep(xi,5) = 7270523487*x^5 + 1532592959*x^4 + 6477845382*x^3 - 7389269433*x^2 + 3623341896*x - 743397891   min|root-xi| = 8.960539808207654777 E-62
  T4 algdep(xi,6) = 26056904*x^6 - 332717046*x^5 - 120157716*x^4 + 454547437*x^3 + 40175307*x^2 + 144309394*x - 78619752   min|root-xi| = 2.248606326645976704 E-62
  T4 algdep(xi/G,4) = 1139462351100*x^4 - 179465031270*x^3 + 402134047558*x^2 + 689490084513*x - 367866336635   min|root-r| = 3.786321730100585303 E-62
  T4 algdep(xi/zeta(2),4) = 847524913015*x^4 - 267093129544*x^3 + 36630552885*x^2 - 409904232129*x + 92150331892   min|root-r| = 2.304874466528183766 E-62
  T4 algdep(xi/Pi^2,4) = 457993753334*x^4 + 168769476397*x^3 - 662524045823*x^2 - 56492191072*x + 3080692874   min|root-r| = 4.011760717894056833 E-61
  T4 algdep(xi/L(g,2),4) = 3*x^2 - x   min|root-r| = 2.6102605337604811284 E-126

=== c0_1_3_1_2__11_4_37_3_3__t3_re
  xi = 0.52874945559576683377595806385986587134115392973305253672438329472112948349205
  HIT  T1  xi = (0 + -1*[L(g,2)*sqrt(2)])/-3   [[0, -3, 1]~]  agree 125 digits
  HIT  T1  xi = (0 + 2*[L(g,2)/sqrt(2)])/3   [[0, 3, -2]~]  agree 125 digits
  T3 ratios:  xi/G       = 0.5772590793333505366416355267032889286066804181629225235558
              xi/(Pi*G)  = 0.1837472718411585991583877425502583773935603663357112800569
              xi*G       = 0.4843163092656576495164343061280494179886760019269031146054
              xi/zeta(2) = 0.3214411241472288740993627853259936474714872672978825556184
              xi/Pi^2    = 0.05357352069120481234989379755433227457858121121631375926974
              xi/L(g,2)  = 0.4714045207910316829338962414032326928565572917923160243922
  T3 lindep([1,xi,G,z2]) = [-83152447843735, -470406170741267, -870392786230442, 686428303052090]~    residual 7.202202489565425285 E-47
  T3 lindep([xi,G,z2])   = [203222826463571432543, -185908772851217513812, 38197324741754555191]~    residual 1.8942270420694832300 E-42
  T4 algdep(xi,1) = 1833953344822919053439484496189*x - 969701832663154098553221619782   min|root-xi| = 1.1699461106448652690 E-61
  T4 algdep(xi,2) = 8619977735900379484*x^2 - 43408630077813193250*x + 20542350740155270383   min|root-xi| = 3.415316846282388651 E-62
  T4 algdep(xi,3) = 691635623411201*x^3 + 713234137409098*x^2 - 1762790518456488*x + 630429903025622   min|root-xi| = 1.4158060908292070946 E-62
  T4 algdep(xi,4) = 59847501038*x^4 + 626908877033*x^3 + 538227221569*x^2 - 490897405553*x + 11735272394   min|root-xi| = 4.537965690836865330 E-62
  T4 algdep(xi,5) = 910003476*x^5 + 465513908*x^4 + 1303524845*x^3 - 10426412914*x^2 + 2079061887*x + 1548982510   min|root-xi| = 2.269360187343830951 E-62
  T4 algdep(xi,6) = 107183782*x^6 - 42231782*x^5 - 70916933*x^4 - 528798525*x^3 + 98398541*x^2 + 65051914*x + 21210165   min|root-xi| = 2.983469917529690474 E-62
  T4 algdep(xi/G,4) = 627297334221*x^4 + 64278152579*x^3 - 305329570443*x^2 + 256254125922*x - 128200799933   min|root-r| = 9.322309644305656521 E-62
  T4 algdep(xi/zeta(2),4) = 521037207862*x^4 + 462633669825*x^3 - 1093052843362*x^2 - 87923963545*x + 120273527670   min|root-r| = 2.857281744391082388 E-63
  T4 algdep(xi/Pi^2,4) = 227425464893*x^4 + 94549164897*x^3 + 334866724106*x^2 + 224848590929*x - 13023450591   min|root-r| = 1.8342965069838667682 E-61
  T4 algdep(xi/L(g,2),4) = 9*x^2 - 2   min|root-r| = 1.3229233769639192098 E-126

=== c0_1_3_1_2__11_4_37_3_3__t3_im
  xi = -0.37388232560046202502756426769073809774397550237286934171496341120843121849728
  HIT  T1  xi = (0 + -1*[L(g,2)])/3   [[0, 3, 1]~]  agree 125 digits
  T3 ratios:  xi/G       = -0.4081838094981153760968366085215799003059677487771307912632
              xi/(Pi*G)  = -0.1299289419434111990387339817185511581059565244839489150016
              xi*G       = -0.3424633465209876629180542235976915436470582363470230207744
              xi/zeta(2) = -0.2272931986367324251849447135706628064301318248980513070966
              xi/Pi^2    = -0.03788219977278873753082411892844380107168863748300855118277
              xi/L(g,2)  = -0.3333333333333333333333333333333333333333333333333333333334
  T3 lindep([1,xi,G,z2]) = [1686239838327494, -786337747852130, -682056499765205, -824043567733512]~    residual 8.942539563357986831 E-47
  T3 lindep([xi,G,z2])   = [-235610280029964277117, 99587096515981108677, -109006723782667072841]~    residual 3.834102624274025180 E-42
  T4 algdep(xi,1) = 2186751863110316554785372860909*x + 817587872090828336945164771834   min|root-xi| = 6.503934377483043078 E-62
  T4 algdep(xi,2) = 76224248325611243824*x^2 + 91037159006854033151*x + 23381950003954780669   min|root-xi| = 2.3385798887623316058 E-61
  T4 algdep(xi,3) = 861511150067482*x^3 + 407522585001925*x^2 - 267631998360368*x - 112003395579709   min|root-xi| = 1.3101906050379513668 E-61
  T4 algdep(xi,4) = 214434965823*x^4 - 711251239611*x^3 - 927870510348*x^2 - 309396053204*x - 27335784599   min|root-xi| = 5.144848996289852550 E-61
  T4 algdep(xi,5) = 7270523487*x^5 - 1532592959*x^4 + 6477845382*x^3 + 7389269433*x^2 + 3623341896*x + 743397891   min|root-xi| = 8.960539808207654777 E-62
  T4 algdep(xi,6) = 26056904*x^6 + 332717046*x^5 - 120157716*x^4 - 454547437*x^3 + 40175307*x^2 - 144309394*x - 78619752   min|root-xi| = 2.248606326645976704 E-62
  T4 algdep(xi/G,4) = 1139462351100*x^4 + 179465031270*x^3 + 402134047558*x^2 - 689490084513*x - 367866336635   min|root-r| = 3.786321730100585303 E-62
  T4 algdep(xi/zeta(2),4) = 847524913015*x^4 + 267093129544*x^3 + 36630552885*x^2 + 409904232129*x + 92150331892   min|root-r| = 2.304874466528183766 E-62
  T4 algdep(xi/Pi^2,4) = 457993753334*x^4 - 168769476397*x^3 - 662524045823*x^2 + 56492191072*x + 3080692874   min|root-r| = 4.011760717894056833 E-61
  T4 algdep(xi/L(g,2),4) = 3*x^2 + x   min|root-r| = 2.6102605337604811284 E-126

=== c0_1_3_1_2__11_4_37_3_3_SUM_t2_t3
  xi = 1.05749891119153366755191612771973174268230785946610507344876658944225896698410
  HIT  T1  xi = (0 + -2*[L(g,2)*sqrt(2)])/-3   [[0, -3, 2]~]  agree 124 digits
  HIT  T1  xi = (0 + -4*[L(g,2)/sqrt(2)])/-3   [[0, -3, 4]~]  agree 124 digits
  T3 ratios:  xi/G       = 1.154518158666701073283271053406577857213360836325845047112
              xi/(Pi*G)  = 0.3674945436823171983167754851005167547871207326714225601138
              xi*G       = 0.9686326185313152990328686122560988359773520038538062292108
              xi/zeta(2) = 0.6428822482944577481987255706519872949429745345957651112369
              xi/Pi^2    = 0.10714704138240962469978759510866454915716242243262751853949
              xi/L(g,2)  = 0.9428090415820633658677924828064653857131145835846320487844
  T3 lindep([1,xi,G,z2]) = [1498211898987630, 415425669697239, -1364819081921834, -417887126852215]~    residual 2.928527667584647092 E-48
  T3 lindep([xi,G,z2])   = [-242098235654121657452, 6320766134710278007, 152121000677456205300]~    residual 1.3704305254983380152 E-41
  T4 algdep(xi,1) = 2959912525179452411664849854107*x - 3130104272599453906492376230441   min|root-xi| = 4.977089238074152854 E-62
  T4 algdep(xi,2) = 2154994433975094871*x^2 - 21704315038906596625*x + 20542350740155270383   min|root-xi| = 6.830633692564777303 E-62
  T4 algdep(xi,3) = 249516089018353*x^3 - 416244391292542*x^2 - 690760823723809*x + 900887538769731   min|root-xi| = 3.289187018769248347 E-62
  T4 algdep(xi,4) = 737809002973*x^4 - 169769227200*x^3 + 22044599456*x^2 - 229454265711*x - 503941636918   min|root-xi| = 2.275658255668043196 E-62
  T4 algdep(xi,5) = 4049965421*x^5 + 1235291930*x^4 + 5439401144*x^3 - 13836889236*x^2 + 1809772065*x + 226362913   min|root-xi| = 1.1237706197841316850 E-62
  T4 algdep(xi,6) = 183794700*x^6 - 463129796*x^5 - 139869357*x^4 + 273397095*x^3 + 11549642*x^2 + 93500844*x + 95254994   min|root-xi| = 1.3983987933285849302 E-62
  T4 algdep(xi/G,4) = 1045585024900*x^4 - 782520268024*x^3 + 91064263615*x^2 - 1190578906575*x + 599718561329   min|root-r| = 8.669716489628339417 E-64
  T4 algdep(xi/zeta(2),4) = 283864025281*x^4 - 996399719861*x^3 + 209545769661*x^2 - 344595406964*x + 351186386320   min|root-r| = 7.048186309653066902 E-62
  T4 algdep(xi/Pi^2,4) = 765145735085*x^4 + 240754704279*x^3 - 669665387451*x^2 - 916484821315*x + 105489722944   min|root-r| = 3.159121184510783910 E-62
  T4 algdep(xi/L(g,2),4) = 9*x^4 + x^2 - 8   min|root-r| = 3.830769119099704196 E-125

=== c0_1_3_1_2__11_4_37_3_3_DIFFoverI_t2_t3
  xi = 0.74776465120092405005512853538147619548795100474573868342992682241686243699455
  HIT  T1  xi = (0 + -2*[L(g,2)])/-3   [[0, -3, 2]~]  agree 125 digits
  T3 ratios:  xi/G       = 0.8163676189962307521936732170431598006119354975542615825265
              xi/(Pi*G)  = 0.2598578838868223980774679634371023162119130489678978300032
              xi*G       = 0.6849266930419753258361084471953830872941164726940460415488
              xi/zeta(2) = 0.4545863972734648503698894271413256128602636497961026141932
              xi/Pi^2    = 0.07576439954557747506164823785688760214337727496601710236553
              xi/L(g,2)  = 0.6666666666666666666666666666666666666666666666666666666667
  T3 lindep([1,xi,G,z2]) = [-1265503116780505, -987056630360716, 752848724639473, 798819643163867]~    residual 1.7395412030996470468 E-47
  T3 lindep([xi,G,z2])   = [253750177907356124895, -35511586648488914857, -95577096297631549083]~    residual 2.0826151218036638407 E-42
  T4 algdep(xi,1) = 4064185589736301468150480070295*x - 3039054319924987278227840067329   min|root-xi| = 1.7559402719554795971 E-62
  T4 algdep(xi,2) = 224493257976920241651*x^2 - 118093916836672412609*x - 37219391722139805920   min|root-xi| = 2.300906343759511661 E-62
  T4 algdep(xi,3) = 482862018275810*x^3 + 626695339081881*x^2 - 889902534077312*x + 113128313534474   min|root-xi| = 4.386097798605240051 E-63
  T4 algdep(xi,4) = 634216019507*x^4 - 25823008901*x^3 - 717050569434*x^2 - 353659714830*x + 477903209942   min|root-xi| = 3.149847734951730876 E-62
  T4 algdep(xi,5) = 5297503897*x^5 + 8967212863*x^4 - 9252999163*x^3 + 2054955864*x^2 - 5440811595*x + 2746115959   min|root-xi| = 6.747062273324894667 E-62
  T4 algdep(xi,6) = 89072171*x^6 + 48012417*x^5 + 70102879*x^4 + 149804170*x^3 + 56514091*x^2 + 320119254*x - 382323123   min|root-xi| = 1.8940302215455455799 E-62
  T4 algdep(xi/G,4) = 72904129298*x^4 + 432891867955*x^3 + 758439224984*x^2 + 552892650615*x - 1224736317056   min|root-r| = 2.922816652422274678 E-62
  T4 algdep(xi/zeta(2),4) = 355874245324*x^4 + 382658517161*x^3 - 1055028257319*x^2 + 1249002280564*x - 400903124585   min|root-r| = 8.782381120970293162 E-63
  T4 algdep(xi/Pi^2,4) = 870832617163*x^4 - 287538232733*x^3 + 79793239197*x^2 + 250853824778*x - 19367464228   min|root-r| = 1.2038073865798474872 E-61
  T4 algdep(xi/L(g,2),4) = 3*x^2 - 2*x   min|root-r| = 3.694940041746338629 E-126

=== c-1_3_1_0_0__42_22_480_64_-64__t1_re
  xi = -0.77725527344708206317217721409476662354416129911605402749515816001157382841956
  T1/T2/T4: NO HIT (unidentified)
  T3 ratios:  xi/G       = -0.8485638307684081165088376308211215886363266247630807151062
              xi/(Pi*G)  = -0.2701062563915733962669890701518006847713310675442439480076
              xi*G       = -0.7119390883703333635665372339710611445863675353402675449158
              xi/zeta(2) = -0.4725145457874435763661253629066663266130916926306505322179
              xi/Pi^2    = -0.07875242429790726272768756048444438776884861543844175536964
              xi/L(g,2)  = -0.6929589162390381526725731144409136034334842398536779302072
  T3 lindep([1,xi,G,z2]) = [1372688229205673, 1729215770661049, -581589603381500, 306437762008868]~    residual 4.439691366107563291 E-47
  T3 lindep([xi,G,z2])   = [-301020532668152001331, 9784939244951206530, -147685228859738374640]~    residual 7.463164506812688370 E-42
  T4 algdep(xi,1) = 1916809066348437699364886854289*x + 1489849955010501009233541306999   min|root-xi| = 3.536010425729564097 E-62
  T4 algdep(xi,2) = 50885698471521274213*x^2 + 157122269794785036106*x + 91382751506578582299   min|root-xi| = 2.308002561759892636 E-62
  T4 algdep(xi,3) = 397553275789080*x^3 - 15141527285520*x^2 - 195381036371608*x + 43961535318439   min|root-xi| = 1.1668644801774229650 E-61
  T4 algdep(xi,4) = 969628566804*x^4 + 584360628022*x^3 + 38710361368*x^2 - 233870552885*x - 284654044548   min|root-xi| = 5.888865047235959342 E-62
  T4 algdep(xi,5) = 11497653732*x^5 - 3489705596*x^4 + 2976600331*x^3 + 4767632947*x^2 + 4709143456*x + 6712856417   min|root-xi| = 1.1267083569811335967 E-62
  T4 algdep(xi,6) = 125229214*x^6 + 440398087*x^5 + 155475852*x^4 - 99575811*x^3 - 96894464*x^2 - 408481543*x - 265140701   min|root-xi| = 6.212865411019836777 E-62
  T4 algdep(xi/G,4) = 857141902951*x^4 + 939130981550*x^3 - 135857580928*x^2 + 76457257837*x + 292112752020   min|root-r| = 1.4214945666282355795 E-61
  T4 algdep(xi/zeta(2),4) = 619126045826*x^4 - 950675445838*x^3 - 282243994207*x^2 + 740004877069*x + 281521902403   min|root-r| = 3.376747574154359468 E-62
  T4 algdep(xi/Pi^2,4) = 27158103077*x^4 + 494428956467*x^3 + 534186985570*x^2 + 842732618619*x + 63294682268   min|root-r| = 8.339993951872965962 E-62
  T4 algdep(xi/L(g,2),4) = 790952769985*x^4 - 869193905739*x^3 - 961882474176*x^2 - 85968074959*x - 69292599364   min|root-r| = 6.672090511807972917 E-62

=== c-1_3_1_0_0__42_22_480_64_-64__t1_im
  xi = 0.E-250
  RATIONAL: xi = 0/1
  HIT  T4  algdep deg<=1:  x   height 1  agree 1000 digits
  HIT  T4  algdep deg<=2:  x   height 1  agree 1000 digits
  HIT  T4  algdep deg<=3:  x   height 1  agree 1000 digits
  HIT  T4  algdep deg<=4:  x   height 1  agree 1000 digits
  HIT  T4  algdep deg<=5:  x   height 1  agree 1000 digits
  HIT  T4  algdep deg<=6:  x   height 1  agree 1000 digits
  T3 ratios:  xi/G       = 0.E-250
              xi/(Pi*G)  = 0.E-250
              xi*G       = 0.E-250
              xi/zeta(2) = 0.E-250
              xi/Pi^2    = 0.E-251
              xi/L(g,2)  = 0.E-250
  T3 lindep([1,xi,G,z2]) = [0, 1, 0, 0]~    residual 0.E-250
  T3 lindep([xi,G,z2])   = [1, 0, 0]~    residual 0.E-250
  T4 algdep(xi,1) = x   min|root-xi| = 0.E-250
  T4 algdep(xi,2) = x   min|root-xi| = 0.E-250
  T4 algdep(xi,3) = x   min|root-xi| = 0.E-250
  T4 algdep(xi,4) = x   min|root-xi| = 0.E-250
  T4 algdep(xi,5) = x   min|root-xi| = 0.E-250
  T4 algdep(xi,6) = x   min|root-xi| = 0.E-250
  T4 algdep(xi/G,4) = x   min|root-r| = 0.E-250
  T4 algdep(xi/zeta(2),4) = x   min|root-r| = 0.E-250
  T4 algdep(xi/Pi^2,4) = x   min|root-r| = 0.E-250
  T4 algdep(xi/L(g,2),4) = x   min|root-r| = 0.E-250

=== c-1_3_1_0_0__42_22_480_64_-64__t2_re
  xi = 0.082823925120916373429521087614809212087138126087432030591612028328071283348091
  T1/T2/T4: NO HIT (unidentified)
  T3 ratios:  xi/G       = 0.09042252858341727405016606451696608961097642030458921098948
              xi/(Pi*G)  = 0.02878238478183811124382835810647100289814873744316984945561
              xi*G       = 0.07586386578546966224558213318127528287897106915402189368507
              xi/zeta(2) = 0.05035090876293360290611807158177812922098086470201029155633
              xi/Pi^2    = 0.00839181812715560048435301193029635487016347745033504859272
              xi/L(g,2)  = 0.07384134833323969582915559669264509173800742293816760589468
  T3 lindep([1,xi,G,z2]) = [-1307684153712652, 1189395571585515, 194765605927514, 626636149598894]~    residual 3.986401360636423978 E-47
  T3 lindep([xi,G,z2])   = [11463112841735217126, -9914639859048320682, 4943692974558696043]~    residual 1.0671343330993627529 E-41
  T4 algdep(xi,1) = 2078415737516858501905496733177*x - 172142549414230468256815163015   min|root-xi| = 5.332048968110725990 E-62
  T4 algdep(xi,2) = 130663826822802033671*x^2 + 44393951367131021403*x - 4573209359216142734   min|root-xi| = 1.2475911638153250466 E-61
  T4 algdep(xi,3) = 31328757709809*x^3 - 1083645705034592*x^2 + 615762978431749*x - 43584110837463   min|root-xi| = 1.4440368120126428479 E-61
  T4 algdep(xi,4) = 419602931012*x^4 - 1037179268049*x^3 + 479916138138*x^2 - 378801518948*x + 28651232863   min|root-xi| = 6.372880144803976295 E-63
  T4 algdep(xi,5) = 4088826961*x^5 + 5195222961*x^4 - 4988253350*x^3 + 7523171176*x^2 - 1438411520*x + 70101117   min|root-xi| = 1.6506394776456371651 E-60
  T4 algdep(xi,6) = 71998159*x^6 - 10029188*x^5 - 247994027*x^4 + 239656600*x^3 + 206378880*x^2 + 236917352*x - 21162620   min|root-xi| = 2.606445519005995007 E-62
  T4 algdep(xi/G,4) = 797081330964*x^4 + 626066171823*x^3 - 584883131842*x^2 - 290025059662*x + 30490794319   min|root-r| = 4.052652289337249248 E-62
  T4 algdep(xi/zeta(2),4) = 4215184767*x^4 + 192295490546*x^3 - 703674410794*x^2 + 642654388431*x - 30598840926   min|root-r| = 4.568432261004465815 E-62
  T4 algdep(xi/Pi^2,4) = 167320632377*x^4 + 513678214601*x^3 + 1147531909219*x^2 + 105998343217*x - 970635412   min|root-r| = 3.171454779618212936 E-61
  T4 algdep(xi/L(g,2),4) = 649823631101*x^4 - 1303768775331*x^3 - 671522901659*x^2 - 291686748575*x + 25705659672   min|root-r| = 1.6638576705997468769 E-61

=== c-1_3_1_0_0__42_22_480_64_-64__t2_im
  xi = -0.051003035891365084069612459852710250530136731713793479765366052007621373120689
  T1/T2/T4: NO HIT (unidentified)
  T3 ratios:  xi/G       = -0.05568226166527509165511264956885236373823042542642814155344
              xi/(Pi*G)  = -0.01772421437312976484758105743560351000773867066736716549148
              xi*G       = -0.04671702607507624648614482637488888481700858188802618143523
              xi/zeta(2) = -0.03100612779519447728495541135506814470265852877065385629713
              xi/Pi^2    = -0.005167687965865746214159235225844690783776421461775642716188
              xi/L(g,2)  = -0.04547155829440297126086755270688664881849151126048465925837
  T3 lindep([1,xi,G,z2]) = [1703206108282867, 330808373341910, -957701815708721, -491881091516454]~    residual 2.532481479527119685 E-47
  T3 lindep([xi,G,z2])   = [140870808021824323883, 95857119849878236766, -49009249967260977431]~    residual 3.779836746377742352 E-42
  T4 algdep(xi,1) = 228055590440131283730465679030*x + 11631527464444471813912600921   min|root-xi| = 3.280463102071251967 E-61
  T4 algdep(xi,2) = 149458821083478414672*x^2 + 82496375868980033073*x + 3818776942781573065   min|root-xi| = 2.184468904852912637 E-62
  T4 algdep(xi,3) = 624525530941947*x^3 - 2006258111693990*x^2 + 224681302478748*x + 16761185892689   min|root-xi| = 2.0986745491891169490 E-61
  T4 algdep(xi,4) = 700191205321*x^4 + 417160280390*x^3 + 890131711517*x^2 - 897366599303*x - 48033320552   min|root-xi| = 5.026201755384515447 E-62
  T4 algdep(xi,5) = 266830383*x^5 + 2186439792*x^4 + 1485525240*x^3 - 6720708524*x^2 - 1095660632*x - 38216986   min|root-xi| = 1.2963733713255193421 E-61
  T4 algdep(xi,6) = 67097976*x^6 - 9173083*x^5 + 229198033*x^4 + 275867163*x^3 + 206987379*x^2 + 208300639*x + 10120572   min|root-xi| = 2.209798112083127199 E-62
  T4 algdep(xi/G,4) = 241466430556*x^4 - 241249478927*x^3 - 485299925884*x^2 - 141056447737*x - 6393634142   min|root-r| = 3.524962216261059354 E-61
  T4 algdep(xi/zeta(2),4) = 709870850463*x^4 + 579090812966*x^3 + 821523341680*x^2 - 277765740778*x - 9385630306   min|root-r| = 8.772916464753427791 E-62
  T4 algdep(xi/Pi^2,4) = 49944758525*x^4 - 994481530714*x^3 + 79355065652*x^2 + 288849329324*x + 1490426749   min|root-r| = 1.8607088252192960493 E-61
  T4 algdep(xi/L(g,2),4) = 1476837866158*x^4 + 513265073092*x^3 + 489188144399*x^2 + 495090190147*x + 21542989686   min|root-r| = 2.784131989203998334 E-62

=== c-1_3_1_0_0__42_22_480_64_-64__t3_re
  xi = 0.082823925120916373429521087614809212087138126087432030591612028328071283348091
  T1/T2/T4: NO HIT (unidentified)
  T3 ratios:  xi/G       = 0.09042252858341727405016606451696608961097642030458921098948
              xi/(Pi*G)  = 0.02878238478183811124382835810647100289814873744316984945561
              xi*G       = 0.07586386578546966224558213318127528287897106915402189368507
              xi/zeta(2) = 0.05035090876293360290611807158177812922098086470201029155633
              xi/Pi^2    = 0.00839181812715560048435301193029635487016347745033504859272
              xi/L(g,2)  = 0.07384134833323969582915559669264509173800742293816760589468
  T3 lindep([1,xi,G,z2]) = [-1307684153712652, 1189395571585515, 194765605927514, 626636149598894]~    residual 3.986401360636423978 E-47
  T3 lindep([xi,G,z2])   = [11463112841735217126, -9914639859048320682, 4943692974558696043]~    residual 1.0671343330993627529 E-41
  T4 algdep(xi,1) = 2078415737516858501905496733177*x - 172142549414230468256815163015   min|root-xi| = 5.332048968110725990 E-62
  T4 algdep(xi,2) = 130663826822802033671*x^2 + 44393951367131021403*x - 4573209359216142734   min|root-xi| = 1.2475911638153250466 E-61
  T4 algdep(xi,3) = 31328757709809*x^3 - 1083645705034592*x^2 + 615762978431749*x - 43584110837463   min|root-xi| = 1.4440368120126428479 E-61
  T4 algdep(xi,4) = 419602931012*x^4 - 1037179268049*x^3 + 479916138138*x^2 - 378801518948*x + 28651232863   min|root-xi| = 6.372880144803976295 E-63
  T4 algdep(xi,5) = 4088826961*x^5 + 5195222961*x^4 - 4988253350*x^3 + 7523171176*x^2 - 1438411520*x + 70101117   min|root-xi| = 1.6506394776456371651 E-60
  T4 algdep(xi,6) = 71998159*x^6 - 10029188*x^5 - 247994027*x^4 + 239656600*x^3 + 206378880*x^2 + 236917352*x - 21162620   min|root-xi| = 2.606445519005995007 E-62
  T4 algdep(xi/G,4) = 797081330964*x^4 + 626066171823*x^3 - 584883131842*x^2 - 290025059662*x + 30490794319   min|root-r| = 4.052652289337249248 E-62
  T4 algdep(xi/zeta(2),4) = 4215184767*x^4 + 192295490546*x^3 - 703674410794*x^2 + 642654388431*x - 30598840926   min|root-r| = 4.568432261004465815 E-62
  T4 algdep(xi/Pi^2,4) = 167320632377*x^4 + 513678214601*x^3 + 1147531909219*x^2 + 105998343217*x - 970635412   min|root-r| = 3.171454779618212936 E-61
  T4 algdep(xi/L(g,2),4) = 649823631101*x^4 - 1303768775331*x^3 - 671522901659*x^2 - 291686748575*x + 25705659672   min|root-r| = 1.6638576705997468769 E-61

=== c-1_3_1_0_0__42_22_480_64_-64__t3_im
  xi = 0.051003035891365084069612459852710250530136731713793479765366052007621373120689
  T1/T2/T4: NO HIT (unidentified)
  T3 ratios:  xi/G       = 0.05568226166527509165511264956885236373823042542642814155344
              xi/(Pi*G)  = 0.01772421437312976484758105743560351000773867066736716549148
              xi*G       = 0.04671702607507624648614482637488888481700858188802618143523
              xi/zeta(2) = 0.03100612779519447728495541135506814470265852877065385629713
              xi/Pi^2    = 0.005167687965865746214159235225844690783776421461775642716188
              xi/L(g,2)  = 0.04547155829440297126086755270688664881849151126048465925837
  T3 lindep([1,xi,G,z2]) = [1703206108282867, -330808373341910, -957701815708721, -491881091516454]~    residual 2.532481479527119685 E-47
  T3 lindep([xi,G,z2])   = [-140870808021824323883, 95857119849878236766, -49009249967260977431]~    residual 3.779836746377742352 E-42
  T4 algdep(xi,1) = 228055590440131283730465679030*x - 11631527464444471813912600921   min|root-xi| = 3.280463102071251967 E-61
  T4 algdep(xi,2) = 149458821083478414672*x^2 - 82496375868980033073*x + 3818776942781573065   min|root-xi| = 2.184468904852912637 E-62
  T4 algdep(xi,3) = 624525530941947*x^3 + 2006258111693990*x^2 + 224681302478748*x - 16761185892689   min|root-xi| = 2.0986745491891169490 E-61
  T4 algdep(xi,4) = 700191205321*x^4 - 417160280390*x^3 + 890131711517*x^2 + 897366599303*x - 48033320552   min|root-xi| = 5.026201755384515447 E-62
  T4 algdep(xi,5) = 266830383*x^5 - 2186439792*x^4 + 1485525240*x^3 + 6720708524*x^2 - 1095660632*x + 38216986   min|root-xi| = 1.2963733713255193421 E-61
  T4 algdep(xi,6) = 67097976*x^6 + 9173083*x^5 + 229198033*x^4 - 275867163*x^3 + 206987379*x^2 - 208300639*x + 10120572   min|root-xi| = 2.209798112083127199 E-62
  T4 algdep(xi/G,4) = 241466430556*x^4 + 241249478927*x^3 - 485299925884*x^2 + 141056447737*x - 6393634142   min|root-r| = 3.524962216261059354 E-61
  T4 algdep(xi/zeta(2),4) = 709870850463*x^4 - 579090812966*x^3 + 821523341680*x^2 + 277765740778*x - 9385630306   min|root-r| = 8.772916464753427791 E-62
  T4 algdep(xi/Pi^2,4) = 49944758525*x^4 + 994481530714*x^3 + 79355065652*x^2 - 288849329324*x + 1490426749   min|root-r| = 1.8607088252192960493 E-61
  T4 algdep(xi/L(g,2),4) = 1476837866158*x^4 - 513265073092*x^3 + 489188144399*x^2 - 495090190147*x + 21542989686   min|root-r| = 2.784131989203998334 E-62

=== c-1_3_1_0_0__42_22_480_64_-64_SUM_t2_t3
  xi = 0.16564785024183274685904217522961842417427625217486406118322405665614256669618
  T1/T2/T4: NO HIT (unidentified)
  T3 ratios:  xi/G       = 0.1808450571668345481003321290339321792219528406091784219790
              xi/(Pi*G)  = 0.05756476956367622248765671621294200579629747488633969891122
              xi*G       = 0.1517277315709393244911642663625505657579421383080437873701
              xi/zeta(2) = 0.10070181752586720581223614316355625844196172940402058311265
              xi/Pi^2    = 0.01678363625431120096870602386059270974032695490067009718544
              xi/L(g,2)  = 0.1476826966664793916583111933852901834760148458763352117894
  T3 lindep([1,xi,G,z2]) = [501594783884988, 510222704723728, -1146762194410301, 282249997779877]~    residual 5.443985664863692511 E-47
  T3 lindep([xi,G,z2])   = [5731556420867608563, -9914639859048320682, 4943692974558696043]~    residual 1.0671343330993627529 E-41
  T4 algdep(xi,1) = 4623231424356961234465673633380*x - 765828346615217015739870735087   min|root-xi| = 2.571844452030379213 E-63
  T4 algdep(xi,2) = 104035525723632918576*x^2 - 177325690563551463779*x + 26518966766566260797   min|root-xi| = 2.600573718967532503 E-62
  T4 algdep(xi,3) = 459248067603404*x^3 + 1333686008835233*x^2 - 112291169395206*x - 20081895578133   min|root-xi| = 9.631197970772164327 E-63
  T4 algdep(xi,4) = 556439370683*x^4 - 1535543306238*x^3 - 13511764688*x^2 + 17880419191*x + 3969372613   min|root-xi| = 5.330890573842242907 E-61
  T4 algdep(xi,5) = 10336318460*x^5 - 5139122056*x^4 - 4515554981*x^3 + 2427099915*x^2 - 3029403545*x + 458320962   min|root-xi| = 1.7487656911685661690 E-61
  T4 algdep(xi,6) = 274980456*x^6 + 96529755*x^5 - 167739794*x^4 + 266076116*x^3 - 3586488*x^2 + 43253064*x - 8167175   min|root-xi| = 2.5036744677908276983 E-61
  T4 algdep(xi/G,4) = 354144917833*x^4 + 710339386582*x^3 - 262664412114*x^2 - 44490643896*x + 12056216946   min|root-r| = 4.887830421009975189 E-61
  T4 algdep(xi/zeta(2),4) = 71937788126*x^4 - 300363589939*x^3 - 147764920903*x^2 + 990425121405*x - 97939812830   min|root-r| = 4.138661699150743710 E-63
  T4 algdep(xi/Pi^2,4) = 37936662903*x^4 + 576886471638*x^3 - 703674410794*x^2 + 214218129477*x - 3399871214   min|root-r| = 1.5228107536681552717 E-62
  T4 algdep(xi/L(g,2),4) = 747741417901*x^4 - 1087069926903*x^3 + 983967857236*x^2 - 381484238679*x + 38023854607   min|root-r| = 1.0431712955708835039 E-61

=== c-1_3_1_0_0__42_22_480_64_-64_DIFFoverI_t2_t3
  xi = -0.102006071782730168139224919705420501060273463427586959530732104015242746241377
  T1/T2/T4: NO HIT (unidentified)
  T3 ratios:  xi/G       = -0.11136452333055018331022529913770472747646085085285628310688
              xi/(Pi*G)  = -0.03544842874625952969516211487120702001547734133473433098296
              xi*G       = -0.09343405215015249297228965274977776963401716377605236287046
              xi/zeta(2) = -0.06201225559038895456991082271013628940531705754130771259426
              xi/Pi^2    = -0.01033537593173149242831847045168938156755284292355128543238
              xi/L(g,2)  = -0.09094311658880594252173510541377329763698302252096931851675
  T3 lindep([1,xi,G,z2]) = [1703206108282867, 165404186670955, -957701815708721, -491881091516454]~    residual 2.532481479527119685 E-47
  T3 lindep([xi,G,z2])   = [140870808021824323883, 191714239699756473532, -98018499934521954862]~    residual 7.559673492755484703 E-42
  T4 algdep(xi,1) = 114027795220065641865232839515*x + 11631527464444471813912600921   min|root-xi| = 6.560926204142503935 E-61
  T4 algdep(xi,2) = 74729410541739207336*x^2 + 82496375868980033073*x + 7637553885563146130   min|root-xi| = 4.368937809705825273 E-62
  T4 algdep(xi,3) = 67213586289255*x^3 - 601992593740732*x^2 + 647727344816102*x + 72407338986791   min|root-xi| = 9.404650435383033925 E-63
  T4 algdep(xi,4) = 617101876727*x^4 + 493796504722*x^3 - 520468564917*x^2 - 865482979238*x - 82411617874   min|root-xi| = 1.4183953384849968756 E-63
  T4 algdep(xi,5) = 3599653948*x^5 - 11518808067*x^4 - 2461747544*x^3 + 4553016511*x^2 + 851355180*x + 38142166   min|root-xi| = 1.0043618861526079014 E-60
  T4 algdep(xi,6) = 35334727*x^6 + 84159114*x^5 - 123355089*x^4 - 45459417*x^3 - 48775796*x^2 - 97892844*x - 9512146   min|root-xi| = 1.0610445215973196886 E-61
  T4 algdep(xi/G,4) = 909791861681*x^4 - 102359121089*x^3 + 254620041346*x^2 + 161035036088*x + 14494468524   min|root-r| = 1.2080488925770845822 E-61
  T4 algdep(xi/zeta(2),4) = 24575059469*x^4 - 784076754532*x^3 - 1603032768475*x^2 - 21600227183*x + 4637673814   min|root-r| = 9.324770548047829056 E-63
  T4 algdep(xi/Pi^2,4) = 168607387780*x^4 + 913313705347*x^3 + 313837352020*x^2 + 878780913677*x + 9050013397   min|root-r| = 8.683497082474390377 E-63
  T4 algdep(xi/L(g,2),4) = 99114950483*x^4 - 726050046296*x^3 + 287196974951*x^2 - 63695836637*x - 8720888394   min|root-r| = 8.216586561095214909 E-62

=== c0_1_4_1_3__14_5_97_8_12__t1_re
  xi = 0.54014823244415968784557304247358382175518270032767455453365805373413001180291
  T1/T2/T4: NO HIT (unidentified)
  T3 ratios:  xi/G       = 0.5897036262910689547364612128152087971000346029661127295599
              xi/(Pi*G)  = 0.1877084941668787872845943938160365336983728093519361138366
              xi*G       = 0.4947571966744893380455639065783689184276854819740502525218
              xi/zeta(2) = 0.3283707495213531173457378318366643953965002014475189335427
              xi/Pi^2    = 0.05472845825355885289095630530611073256608336690791982225711
              xi/L(g,2)  = 0.4815670559595379812097237011353307640235423901021488164949
  T3 lindep([1,xi,G,z2]) = [-342907973901112, 142628023464019, -1591742004599139, 1047974289603281]~    residual 1.9801314199466687325 E-47
  T3 lindep([xi,G,z2])   = [165575526237970565272, -144190580848895902971, 25920967951173209093]~    residual 4.007119439374949494 E-42
  T4 algdep(xi,1) = 456111746611438383907608157730*x - 246367953729186885042267378253   min|root-xi| = 9.613015208891922197 E-62
  T4 algdep(xi,2) = 130947559357456395483*x^2 + 64045158818600335303*x - 72799154049321530128   min|root-xi| = 4.721477196453416504 E-62
  T4 algdep(xi,3) = 814506868011822*x^3 + 422430298431639*x^2 - 110947744275229*x - 191681242260468   min|root-xi| = 3.029382120353683493 E-62
  T4 algdep(xi,4) = 635219077820*x^4 - 151861692879*x^3 + 1586986097308*x^2 - 457448875646*x - 246068959622   min|root-xi| = 1.8468082417417639960 E-62
  T4 algdep(xi,5) = 6846944488*x^5 + 2467708808*x^4 + 2092619085*x^3 + 3269761753*x^2 - 759698384*x - 1398300562   min|root-xi| = 6.369929962158881856 E-63
  T4 algdep(xi,6) = 12296232*x^6 - 45180209*x^5 - 4202429*x^4 + 68640232*x^3 - 302523008*x^2 + 177963245*x - 16549947   min|root-xi| = 4.397989271719183452 E-62
  T4 algdep(xi/G,4) = 387206022547*x^4 - 1683816860715*x^3 + 293238291662*x^2 - 211586454702*x + 321274367107   min|root-r| = 1.9938227345262387607 E-63
  T4 algdep(xi/zeta(2),4) = 1180396039400*x^4 - 664401270964*x^3 + 251675166443*x^2 + 777987938602*x - 272805416477   min|root-r| = 8.698778619576194013 E-62
  T4 algdep(xi/Pi^2,4) = 1083429191247*x^4 - 496691258056*x^3 - 472590265386*x^2 - 302656481030*x + 18051126270   min|root-r| = 1.4755455739434044177 E-61
  T4 algdep(xi/L(g,2),4) = 544599631756*x^4 - 75162255807*x^3 + 969218718747*x^2 - 392295744535*x - 56746702718   min|root-r| = 4.120335796935985140 E-62

=== c0_1_4_1_3__14_5_97_8_12__t1_im
  xi = 0.E-250
  RATIONAL: xi = 0/1
  HIT  T4  algdep deg<=1:  x   height 1  agree 1000 digits
  HIT  T4  algdep deg<=2:  x   height 1  agree 1000 digits
  HIT  T4  algdep deg<=3:  x   height 1  agree 1000 digits
  HIT  T4  algdep deg<=4:  x   height 1  agree 1000 digits
  HIT  T4  algdep deg<=5:  x   height 1  agree 1000 digits
  HIT  T4  algdep deg<=6:  x   height 1  agree 1000 digits
  T3 ratios:  xi/G       = 0.E-250
              xi/(Pi*G)  = 0.E-250
              xi*G       = 0.E-250
              xi/zeta(2) = 0.E-250
              xi/Pi^2    = 0.E-251
              xi/L(g,2)  = 0.E-250
  T3 lindep([1,xi,G,z2]) = [0, 1, 0, 0]~    residual 0.E-250
  T3 lindep([xi,G,z2])   = [1, 0, 0]~    residual 0.E-250
  T4 algdep(xi,1) = x   min|root-xi| = 0.E-250
  T4 algdep(xi,2) = x   min|root-xi| = 0.E-250
  T4 algdep(xi,3) = x   min|root-xi| = 0.E-250
  T4 algdep(xi,4) = x   min|root-xi| = 0.E-250
  T4 algdep(xi,5) = x   min|root-xi| = 0.E-250
  T4 algdep(xi,6) = x   min|root-xi| = 0.E-250
  T4 algdep(xi/G,4) = x   min|root-r| = 0.E-250
  T4 algdep(xi/zeta(2),4) = x   min|root-r| = 0.E-250
  T4 algdep(xi/Pi^2,4) = x   min|root-r| = 0.E-250
  T4 algdep(xi/L(g,2),4) = x   min|root-r| = 0.E-250

=== c0_1_4_1_3__14_5_97_8_12__t2_re
  xi = 0.14639462825244069157165433625668859543668480596017595459548539767908369390327
  T1/T2/T4: NO HIT (unidentified)
  T3 ratios:  xi/G       = 0.1598254663527422623299742389004316023026121309296960518571
              xi/(Pi*G)  = 0.05087402600401265509944356320240215045930323287868037088371
              xi*G       = 0.1340924426515999318333835296480838553057444166787092803635
              xi/zeta(2) = 0.08899726208050387662243656853554049379019649464734568426232
              xi/Pi^2    = 0.01483287701341731277040609475592341563169941577455761404372
              xi/L(g,2)  = 0.1305175614790279033825096381668032922633624615594951077998
  T3 lindep([1,xi,G,z2]) = [122818555535571, -814983671415315, -655097375339310, 362651211828013]~    residual 4.202805519841085920 E-47
  T3 lindep([xi,G,z2])   = [-83276700299304476659, 13420340584275257330, -61588276984164872]~    residual 1.0818025651755435885 E-41
  T4 algdep(xi,1) = 2922327689569658286212791116844*x - 427813075746364027851198410503   min|root-xi| = 1.1064848077919905339 E-62
  T4 algdep(xi,2) = 125740490051720403240*x^2 + 33542714488549831074*x - 7605266344777521901   min|root-xi| = 6.933891004321700912 E-62
  T4 algdep(xi,3) = 597539733916199*x^3 - 1089735067806041*x^2 - 336701589385901*x + 70771093134734   min|root-xi| = 4.554711768300586717 E-62
  T4 algdep(xi,4) = 501941503960*x^4 + 418775443422*x^3 + 1383278030274*x^2 - 672306732177*x + 67232100353   min|root-xi| = 2.324334304259642689 E-62
  T4 algdep(xi,5) = 11999674612*x^5 + 1059785295*x^4 + 7348796284*x^3 + 1785232509*x^2 + 4248054391*x - 684502378   min|root-xi| = 1.5126051986008817894 E-61
  T4 algdep(xi,6) = 175848460*x^6 - 113783814*x^5 - 127251567*x^4 - 73016599*x^3 - 75114692*x^2 - 119411545*x + 19384473   min|root-xi| = 7.387249272052239970 E-62
  T4 algdep(xi/G,4) = 476860989412*x^4 - 135248550141*x^3 - 438212617502*x^2 - 1101073267111*x + 187414343157   min|root-r| = 5.279080635818787248 E-62
  T4 algdep(xi/zeta(2),4) = 126198712456*x^4 - 754943606329*x^3 + 1375834971400*x^2 - 795378689398*x + 60413453075   min|root-r| = 4.986760684341687424 E-62
  T4 algdep(xi/Pi^2,4) = 97732513162*x^4 - 50278714473*x^3 - 255328099277*x^2 - 14487834562*x + 271231437   min|root-r| = 2.944662957327414479 E-60
  T4 algdep(xi/L(g,2),4) = 199348165695*x^4 + 339834443686*x^3 - 1390758241139*x^2 - 978151301698*x + 150543841062   min|root-r| = 5.373981419488746860 E-62

=== c0_1_4_1_3__14_5_97_8_12__t2_im
  xi = -0.30500023030873492195805577952191078903835331207633195134921397328887616670349
  T1/T2/T4: NO HIT (unidentified)
  T3 ratios:  xi/G       = -0.3329821908678855311477181014376483271242825709878229721191
              xi/(Pi*G)  = -0.10599152327638590495040536138274867683357095418208486422080
              xi*G       = -0.2793697171789290265865954385704721686142003602840744371314
              xi/zeta(2) = -0.1854179060763998745155139484189694400817580417319556729185
              xi/Pi^2    = -0.03090298434606664575258565806982824001362634028865927881974
              xi/L(g,2)  = -0.2719217691635096091397734105959176908259299107145186679445
  T3 lindep([1,xi,G,z2]) = [-367670407864021, 721879949499128, 218469767362115, 235713501385396]~    residual 1.9702424584710782344 E-47
  T3 lindep([xi,G,z2])   = [-89582877104331387042, -254664467919844189867, 125197171531670190149]~    residual 1.7354752695633223746 E-42
  T4 algdep(xi,1) = 4261511715286796569045604401055*x + 1299762054625844956364529782229   min|root-xi| = 5.518815966770895040 E-62
  T4 algdep(xi,2) = 4048965643756259766*x^2 - 61023262515364352024*x - 18988764719219573567   min|root-xi| = 1.2845066616016098302 E-62
  T4 algdep(xi,3) = 93262105000574*x^3 - 451076967853527*x^2 - 733569721660124*x - 179131339022035   min|root-xi| = 1.9256182295724312892 E-61
  T4 algdep(xi,4) = 804207307769*x^4 - 165902045385*x^3 - 849854595345*x^2 - 481795160422*x - 79556229039   min|root-xi| = 4.581665512114571040 E-61
  T4 algdep(xi,5) = 1229450553*x^5 - 4900434071*x^4 - 956156915*x^3 - 475869437*x^2 + 9447268477*x + 2944209891   min|root-xi| = 7.670959836087325671 E-63
  T4 algdep(xi,6) = 145812935*x^6 + 112978534*x^5 - 336953934*x^4 + 61062804*x^3 + 83338947*x^2 + 81583106*x + 21959467   min|root-xi| = 5.446473747954042648 E-62
  T4 algdep(xi/G,4) = 427889943353*x^4 - 820941585345*x^3 + 370084678968*x^2 + 976579681195*x + 248580087577   min|root-r| = 4.663150908946690434 E-62
  T4 algdep(xi/zeta(2),4) = 141210784023*x^4 + 734789845377*x^3 + 418426053260*x^2 + 922893117042*x + 161252612077   min|root-r| = 3.823489663337006520 E-62
  T4 algdep(xi/Pi^2,4) = 295807924183*x^4 - 638430494480*x^3 + 322639622510*x^2 + 1072781029188*x + 32824905050   min|root-r| = 2.698425494116147091 E-62
  T4 algdep(xi/L(g,2),4) = 223266450135*x^4 + 1353539028895*x^3 - 91808592892*x^2 - 25308221437*x + 25900578463   min|root-r| = 9.599801305080419893 E-62

=== c0_1_4_1_3__14_5_97_8_12__t3_re
  xi = 0.14639462825244069157165433625668859543668480596017595459548539767908369390327
  T1/T2/T4: NO HIT (unidentified)
  T3 ratios:  xi/G       = 0.1598254663527422623299742389004316023026121309296960518571
              xi/(Pi*G)  = 0.05087402600401265509944356320240215045930323287868037088371
              xi*G       = 0.1340924426515999318333835296480838553057444166787092803635
              xi/zeta(2) = 0.08899726208050387662243656853554049379019649464734568426232
              xi/Pi^2    = 0.01483287701341731277040609475592341563169941577455761404372
              xi/L(g,2)  = 0.1305175614790279033825096381668032922633624615594951077998
  T3 lindep([1,xi,G,z2]) = [122818555535571, -814983671415315, -655097375339310, 362651211828013]~    residual 4.202805519841085920 E-47
  T3 lindep([xi,G,z2])   = [-83276700299304476659, 13420340584275257330, -61588276984164872]~    residual 1.0818025651755435885 E-41
  T4 algdep(xi,1) = 2922327689569658286212791116844*x - 427813075746364027851198410503   min|root-xi| = 1.1064848077919905339 E-62
  T4 algdep(xi,2) = 125740490051720403240*x^2 + 33542714488549831074*x - 7605266344777521901   min|root-xi| = 6.933891004321700912 E-62
  T4 algdep(xi,3) = 597539733916199*x^3 - 1089735067806041*x^2 - 336701589385901*x + 70771093134734   min|root-xi| = 4.554711768300586717 E-62
  T4 algdep(xi,4) = 501941503960*x^4 + 418775443422*x^3 + 1383278030274*x^2 - 672306732177*x + 67232100353   min|root-xi| = 2.324334304259642689 E-62
  T4 algdep(xi,5) = 11999674612*x^5 + 1059785295*x^4 + 7348796284*x^3 + 1785232509*x^2 + 4248054391*x - 684502378   min|root-xi| = 1.5126051986008817894 E-61
  T4 algdep(xi,6) = 175848460*x^6 - 113783814*x^5 - 127251567*x^4 - 73016599*x^3 - 75114692*x^2 - 119411545*x + 19384473   min|root-xi| = 7.387249272052239970 E-62
  T4 algdep(xi/G,4) = 476860989412*x^4 - 135248550141*x^3 - 438212617502*x^2 - 1101073267111*x + 187414343157   min|root-r| = 5.279080635818787248 E-62
  T4 algdep(xi/zeta(2),4) = 126198712456*x^4 - 754943606329*x^3 + 1375834971400*x^2 - 795378689398*x + 60413453075   min|root-r| = 4.986760684341687424 E-62
  T4 algdep(xi/Pi^2,4) = 97732513162*x^4 - 50278714473*x^3 - 255328099277*x^2 - 14487834562*x + 271231437   min|root-r| = 2.944662957327414479 E-60
  T4 algdep(xi/L(g,2),4) = 199348165695*x^4 + 339834443686*x^3 - 1390758241139*x^2 - 978151301698*x + 150543841062   min|root-r| = 5.373981419488746860 E-62

=== c0_1_4_1_3__14_5_97_8_12__t3_im
  xi = 0.30500023030873492195805577952191078903835331207633195134921397328887616670349
  T1/T2/T4: NO HIT (unidentified)
  T3 ratios:  xi/G       = 0.3329821908678855311477181014376483271242825709878229721191
              xi/(Pi*G)  = 0.10599152327638590495040536138274867683357095418208486422080
              xi*G       = 0.2793697171789290265865954385704721686142003602840744371314
              xi/zeta(2) = 0.1854179060763998745155139484189694400817580417319556729185
              xi/Pi^2    = 0.03090298434606664575258565806982824001362634028865927881974
              xi/L(g,2)  = 0.2719217691635096091397734105959176908259299107145186679445
  T3 lindep([1,xi,G,z2]) = [-367670407864021, -721879949499128, 218469767362115, 235713501385396]~    residual 1.9702424584710782344 E-47
  T3 lindep([xi,G,z2])   = [-89582877104331387042, 254664467919844189867, -125197171531670190149]~    residual 1.7354752695633223746 E-42
  T4 algdep(xi,1) = 4261511715286796569045604401055*x - 1299762054625844956364529782229   min|root-xi| = 5.518815966770895040 E-62
  T4 algdep(xi,2) = 4048965643756259766*x^2 + 61023262515364352024*x - 18988764719219573567   min|root-xi| = 1.2845066616016098302 E-62
  T4 algdep(xi,3) = 93262105000574*x^3 + 451076967853527*x^2 - 733569721660124*x + 179131339022035   min|root-xi| = 1.9256182295724312892 E-61
  T4 algdep(xi,4) = 804207307769*x^4 + 165902045385*x^3 - 849854595345*x^2 + 481795160422*x - 79556229039   min|root-xi| = 4.581665512114571040 E-61
  T4 algdep(xi,5) = 1229450553*x^5 + 4900434071*x^4 - 956156915*x^3 + 475869437*x^2 + 9447268477*x - 2944209891   min|root-xi| = 7.670959836087325671 E-63
  T4 algdep(xi,6) = 145812935*x^6 - 112978534*x^5 - 336953934*x^4 - 61062804*x^3 + 83338947*x^2 - 81583106*x + 21959467   min|root-xi| = 5.446473747954042648 E-62
  T4 algdep(xi/G,4) = 427889943353*x^4 + 820941585345*x^3 + 370084678968*x^2 - 976579681195*x + 248580087577   min|root-r| = 4.663150908946690434 E-62
  T4 algdep(xi/zeta(2),4) = 141210784023*x^4 - 734789845377*x^3 + 418426053260*x^2 - 922893117042*x + 161252612077   min|root-r| = 3.823489663337006520 E-62
  T4 algdep(xi/Pi^2,4) = 295807924183*x^4 + 638430494480*x^3 + 322639622510*x^2 - 1072781029188*x + 32824905050   min|root-r| = 2.698425494116147091 E-62
  T4 algdep(xi/L(g,2),4) = 223266450135*x^4 - 1353539028895*x^3 - 91808592892*x^2 + 25308221437*x + 25900578463   min|root-r| = 9.599801305080419893 E-62

=== c0_1_4_1_3__14_5_97_8_12_SUM_t2_t3
  xi = 0.29278925650488138314330867251337719087336961192035190919097079535816738780654
  T1/T2/T4: NO HIT (unidentified)
  T3 ratios:  xi/G       = 0.3196509327054845246599484778008632046052242618593921037143
              xi/(Pi*G)  = 0.10174805200802531019888712640480430091860646575736074176743
              xi*G       = 0.2681848853031998636667670592961677106114888333574185607271
              xi/zeta(2) = 0.1779945241610077532448731370710809875803929892946913685246
              xi/Pi^2    = 0.02966575402683462554081218951184683126339883154911522808744
              xi/L(g,2)  = 0.2610351229580558067650192763336065845267249231189902155995
  T3 lindep([1,xi,G,z2]) = [-579126425205743, -1874729422689693, -553820307252499, 994147691862299]~    residual 8.375174241903255319 E-48
  T3 lindep([xi,G,z2])   = [95824867086106484611, -239303271229934288658, 116197405892435966361]~    residual 3.404980031713187419 E-42
  T4 algdep(xi,1) = 1461163844784829143106395558422*x - 427813075746364027851198410503   min|root-xi| = 2.212969615583981068 E-62
  T4 algdep(xi,2) = 31435122512930100810*x^2 + 16771357244274915537*x - 7605266344777521901   min|root-xi| = 1.3867782008643401823 E-61
  T4 algdep(xi,3) = 734145610890840*x^3 - 1472336739579074*x^2 + 623660031570910*x - 74810784252089   min|root-xi| = 2.4343568006246809293 E-61
  T4 algdep(xi,4) = 992107967995*x^4 + 84018794326*x^3 - 306452160095*x^2 - 491283646540*x + 160713649615   min|root-xi| = 5.275691753670651716 E-62
  T4 algdep(xi,5) = 2314973146*x^5 - 1894836549*x^4 - 5201467113*x^3 + 7106268643*x^2 + 2529565885*x - 1210320319   min|root-xi| = 7.211996186730611763 E-63
  T4 algdep(xi,6) = 149968316*x^6 + 209672456*x^5 - 43992232*x^4 - 423051*x^3 - 91240975*x^2 - 302935298*x + 96306171   min|root-xi| = 1.0999410686392445598 E-62
  T4 algdep(xi/G,4) = 624534459637*x^4 + 763300450998*x^3 - 127995338610*x^2 - 244106894282*x + 59656882198   min|root-r| = 1.7219563243748461869 E-60
  T4 algdep(xi/zeta(2),4) = 708795324429*x^4 - 1609540461944*x^3 - 492882122149*x^2 - 22578041945*x + 27999400538   min|root-r| = 1.5454238872507925549 E-61
  T4 algdep(xi/Pi^2,4) = 535561422198*x^4 - 191949331691*x^3 + 811867532639*x^2 + 789107457558*x - 24119360876   min|root-r| = 5.348028498285689336 E-62
  T4 algdep(xi/L(g,2),4) = 1571810879017*x^4 - 207854323194*x^3 + 324951625946*x^2 + 98565113477*x - 51471758665   min|root-r| = 1.2436472156794586412 E-61

=== c0_1_4_1_3__14_5_97_8_12_DIFFoverI_t2_t3
  xi = -0.61000046061746984391611155904382157807670662415266390269842794657775233340699
  T1/T2/T4: NO HIT (unidentified)
  T3 ratios:  xi/G       = -0.6659643817357710622954362028752966542485651419756459442382
              xi/(Pi*G)  = -0.2119830465527718099008107227654973536671419083641697284416
              xi*G       = -0.5587394343578580531731908771409443372284007205681488742628
              xi/zeta(2) = -0.3708358121527997490310278968379388801635160834639113458369
              xi/Pi^2    = -0.06180596869213329150517131613965648002725268057731855763949
              xi/L(g,2)  = -0.5438435383270192182795468211918353816518598214290373358889
  T3 lindep([1,xi,G,z2]) = [367670407864021, -360939974749564, -218469767362115, -235713501385396]~    residual 1.9702424584710782344 E-47
  T3 lindep([xi,G,z2])   = [44791438552165693521, 254664467919844189867, -125197171531670190149]~    residual 1.7354752695633223746 E-42
  T4 algdep(xi,1) = 3208559361719758696306344064903*x + 1957222688567547844112548111865   min|root-xi| = 3.724115616103612502 E-62
  T4 algdep(xi,2) = 2024482821878129883*x^2 - 61023262515364352024*x - 37977529438439147134   min|root-xi| = 2.569013323203219660 E-62
  T4 algdep(xi,3) = 906127227355592*x^3 + 1661591193844740*x^2 + 480188678021870*x - 119689572078175   min|root-xi| = 3.655555486749425340 E-62
  T4 algdep(xi,4) = 395181892874*x^4 - 554578064852*x^3 + 208215962741*x^2 + 493590895282*x + 43018006024   min|root-xi| = 3.091837596802883007 E-62
  T4 algdep(xi,5) = 1714291419*x^5 - 2820472620*x^4 + 8765314894*x^3 + 10098734338*x^2 - 1477353623*x - 2134058366   min|root-xi| = 5.382600471249236915 E-61
  T4 algdep(xi,6) = 62207776*x^6 - 37800867*x^5 - 341685504*x^4 - 382391175*x^3 + 151715578*x^2 - 74460493*x - 147758382   min|root-xi| = 2.321479410018106097 E-62
  T4 algdep(xi/G,4) = 818072796130*x^4 + 63356978625*x^3 + 936348435569*x^2 - 119162301800*x - 636838007216   min|root-r| = 6.396348637095913396 E-63
  T4 algdep(xi/zeta(2),4) = 48019955791*x^4 + 1020857734743*x^3 - 940712970861*x^2 + 6663057149*x + 182989591024   min|root-r| = 6.204227034068225051 E-62
  T4 algdep(xi/Pi^2,4) = 380979436909*x^4 + 560581484477*x^3 + 1359674431785*x^2 + 36100020282*x - 2835936869   min|root-r| = 1.7801997592478490959 E-61
  T4 algdep(xi/L(g,2),4) = 159851736229*x^4 - 1005863238007*x^3 + 457406663735*x^2 + 573030616175*x + 576917927   min|root-r| = 5.862231227457318902 E-62

=== c0_1_6_-1_7__13_4_432_-24_-48__t1_re
  xi = -0.26217135798428882629526000739759999020543923709444546653626901742742695403603
  T1/T2/T4: NO HIT (unidentified)
  T3 ratios:  xi/G       = -0.2862240237525389918967519709584045762362902816950589919156
              xi/(Pi*G)  = -0.09110793642373728425693110826882592797174608745805006980773
              xi*G       = -0.2401399436923275072826041809924776820741038384382771816030
              xi/zeta(2) = -0.1593810738485232307077652235750912996211360074025635816374
              xi/Pi^2    = -0.02656351230808720511796087059584854993685600123376059693957
              xi/L(g,2)  = -0.2337378546072722300044689017699098274048656200755267472452
  T3 lindep([1,xi,G,z2]) = [-589866825139528, 462410288748689, -738878942546559, 843733056596383]~    residual 2.0031003903959655871 E-47
  T3 lindep([xi,G,z2])   = [113648841991037277155, -15350324338261247400, 26661153826955824223]~    residual 5.340315815263232816 E-42
  T4 algdep(xi,1) = 3568931019775717125569715118835*x + 935671492006852519042537602944   min|root-xi| = 6.349823698788354323 E-62
  T4 algdep(xi,2) = 39430633483040367710*x^2 + 58158324203545294083*x + 12537228732871063739   min|root-xi| = 7.301453647848029861 E-62
  T4 algdep(xi,3) = 173980961502150*x^3 + 995496269699276*x^2 + 1264365665953809*x + 266191345018936   min|root-xi| = 5.891078048742363889 E-62
  T4 algdep(xi,4) = 272653974554*x^4 + 144514307653*x^3 - 204475778614*x^2 - 13775358781*x + 11758940951   min|root-xi| = 3.526347333075822362 E-61
  T4 algdep(xi,5) = 5851980854*x^5 + 6078032648*x^4 - 5602795512*x^3 - 9496712044*x^2 - 6737503933*x - 1236064344   min|root-xi| = 4.195429554425005289 E-62
  T4 algdep(xi,6) = 200492320*x^6 - 184728198*x^5 - 27801113*x^4 + 148557007*x^3 + 177233914*x^2 + 87545464*x + 13284388   min|root-xi| = 7.516902635898242973 E-61
  T4 algdep(xi/G,4) = 598990784587*x^4 - 1121538265638*x^3 + 320896907736*x^2 + 625401095921*x + 122396845114   min|root-r| = 1.0318740910506586691 E-61
  T4 algdep(xi/zeta(2),4) = 945976318875*x^4 - 592786006722*x^3 + 161923776853*x^2 - 346487393987*x - 62347174637   min|root-r| = 4.223165492077246795 E-62
  T4 algdep(xi/Pi^2,4) = 583632385581*x^4 - 509016361681*x^3 - 304357505757*x^2 - 1496070191426*x - 39535949610   min|root-r| = 2.433581160098068086 E-62
  T4 algdep(xi/L(g,2),4) = 843982971462*x^4 - 1027772123548*x^3 - 179448162311*x^2 + 880610188367*x + 199992133519   min|root-r| = 3.430181121178341521 E-63

=== c0_1_6_-1_7__13_4_432_-24_-48__t1_im
  xi = 0.E-250
  RATIONAL: xi = 0/1
  HIT  T4  algdep deg<=1:  x   height 1  agree 1000 digits
  HIT  T4  algdep deg<=2:  x   height 1  agree 1000 digits
  HIT  T4  algdep deg<=3:  x   height 1  agree 1000 digits
  HIT  T4  algdep deg<=4:  x   height 1  agree 1000 digits
  HIT  T4  algdep deg<=5:  x   height 1  agree 1000 digits
  HIT  T4  algdep deg<=6:  x   height 1  agree 1000 digits
  T3 ratios:  xi/G       = 0.E-250
              xi/(Pi*G)  = 0.E-250
              xi*G       = 0.E-250
              xi/zeta(2) = 0.E-250
              xi/Pi^2    = 0.E-251
              xi/L(g,2)  = 0.E-250
  T3 lindep([1,xi,G,z2]) = [0, 1, 0, 0]~    residual 0.E-250
  T3 lindep([xi,G,z2])   = [1, 0, 0]~    residual 0.E-250
  T4 algdep(xi,1) = x   min|root-xi| = 0.E-250
  T4 algdep(xi,2) = x   min|root-xi| = 0.E-250
  T4 algdep(xi,3) = x   min|root-xi| = 0.E-250
  T4 algdep(xi,4) = x   min|root-xi| = 0.E-250
  T4 algdep(xi,5) = x   min|root-xi| = 0.E-250
  T4 algdep(xi,6) = x   min|root-xi| = 0.E-250
  T4 algdep(xi/G,4) = x   min|root-r| = 0.E-250
  T4 algdep(xi/zeta(2),4) = x   min|root-r| = 0.E-250
  T4 algdep(xi/Pi^2,4) = x   min|root-r| = 0.E-250
  T4 algdep(xi/L(g,2),4) = x   min|root-r| = 0.E-250

=== c0_1_6_-1_7__13_4_432_-24_-48__t2_re
  xi = 0.034681244946642660900896317089740767292644434446813472842531579037187768697493
  T1/T2/T4: NO HIT (unidentified)
  T3 ratios:  xi/G       = 0.03786304329235821674504378997583594037142223191610289414748
              xi/(Pi*G)  = 0.01205218100096248279644426082652274277659803655232471650759
              xi*G       = 0.03176682713435721926814152801367028466860958022344115715380
              xi/zeta(2) = 0.02108366872910207922403448240896240510473465396245767848927
              xi/Pi^2    = 0.003513944788183679870672413734827067517455775660409613081545
              xi/L(g,2)  = 0.03091992905427657508725302800783564069532974518211204137686
  T3 lindep([1,xi,G,z2]) = [-556783755783334, -137287177226418, -849946438010978, 814662889609871]~    residual 9.992310363544763925 E-47
  T3 lindep([xi,G,z2])   = [25730326149239323053, 77151961191768758872, -43503811587907076888]~    residual 3.358521735049848199 E-42
  T4 algdep(xi,1) = 366033648818973166735272061699*x - 12694502633404187522255636957   min|root-xi| = 2.4126489085040706888 E-61
  T4 algdep(xi,2) = 214982948535055887045*x^2 - 48396435166212323538*x + 1419869550378403171   min|root-xi| = 6.759250598496195419 E-62
  T4 algdep(xi,3) = 169671387115792*x^3 + 613084493654865*x^2 - 149348781649224*x + 4435112838356   min|root-xi| = 7.474153421570242230 E-62
  T4 algdep(xi,4) = 541237734777*x^4 + 1323399216560*x^3 - 630218906561*x^2 + 4061237886*x + 561183862   min|root-xi| = 1.1055890290890667679 E-60
  T4 algdep(xi,5) = 292933858*x^5 - 670453553*x^4 - 2098964533*x^3 - 7762431081*x^2 + 5086165677*x - 166969481   min|root-xi| = 6.981173643705025688 E-62
  T4 algdep(xi,6) = 124643428*x^6 - 205768051*x^5 - 29574560*x^4 + 331041175*x^3 + 227548275*x^2 + 136789186*x - 5031468   min|root-xi| = 6.972659112057385982 E-62
  T4 algdep(xi/G,4) = 214069464911*x^4 + 401062772135*x^3 + 14736094749*x^2 + 1357163150759*x - 51429662933   min|root-r| = 7.147165472711558975 E-62
  T4 algdep(xi/zeta(2),4) = 385384771637*x^4 - 197802474247*x^3 - 155120643235*x^2 + 265602652642*x - 5529146265   min|root-r| = 1.7521677252069634809 E-61
  T4 algdep(xi/Pi^2,4) = 1092074815129*x^4 + 902848405356*x^3 - 178370785023*x^2 - 337675007715*x + 1188734481   min|root-r| = 1.7628503198970775360 E-61
  T4 algdep(xi/L(g,2),4) = 1018756769804*x^4 + 246310385163*x^3 - 653413097097*x^2 + 154030472023*x - 4146133175   min|root-r| = 4.477757066651727461 E-62

=== c0_1_6_-1_7__13_4_432_-24_-48__t2_im
  xi = 0.112199737628206901373665835117125103007041764263396636463390878296707728795936
  T1/T2/T4: NO HIT (unidentified)
  T3 ratios:  xi/G       = 0.12249339750473066580837690135171425043273956983217641115291
              xi/(Pi*G)  = 0.03899085941799664648050569547621044017807321862172311946450
              xi*G       = 0.10277109934314861256348500594719813571838765714473853842008
              xi/zeta(2) = 0.06820926132509800104380732715964901230048270531733847803471
              xi/Pi^2    = 0.01136821022084966684063455452660816871674711755288974633912
              xi/L(g,2)  = 0.10003123972942736198420786888563906898200477314772231439591
  T3 lindep([1,xi,G,z2]) = [-325029737908806, 1693199477602341, -1163114373004510, 729771467883099]~    residual 2.222457027809764186 E-47
  T3 lindep([xi,G,z2])   = [-123348731449291320091, 217520720669197122710, -112710779468185155656]~    residual 4.743372704079251353 E-43
  T4 algdep(xi,1) = 4275634199166230451081093039770*x - 479725035340639587558182843947   min|root-xi| = 1.3845734155253990738 E-62
  T4 algdep(xi,2) = 240034286930748577823*x^2 + 79323552656221050994*x - 11921820896153090839   min|root-xi| = 3.439329524597230103 E-62
  T4 algdep(xi,3) = 1135773093329854*x^3 + 351548395525073*x^2 + 764992889832359*x - 91861799055087   min|root-xi| = 1.952906712673379527 E-62
  T4 algdep(xi,4) = 772483741251*x^4 - 563683616900*x^3 - 710532221037*x^2 - 111051468784*x + 22078438450   min|root-xi| = 3.825212616417599128 E-62
  T4 algdep(xi,5) = 1082904102*x^5 - 1675705901*x^4 - 14940422624*x^3 - 160671767*x^2 + 1455802090*x - 139968926   min|root-xi| = 2.6892006700829900095 E-61
  T4 algdep(xi,6) = 346608020*x^6 + 200232730*x^5 - 281436073*x^4 - 45978141*x^3 - 184989793*x^2 - 229394105*x + 28172046   min|root-xi| = 2.618395532267313328 E-62
  T4 algdep(xi/G,4) = 1577242121247*x^4 + 166560956863*x^3 + 856979166757*x^2 + 204371974060*x - 38554107338   min|root-r| = 5.524618619165064662 E-62
  T4 algdep(xi/zeta(2),4) = 989265355343*x^4 + 162483489153*x^3 + 447264636404*x^2 + 5155401728*x - 2505522912   min|root-r| = 6.159454021593749489 E-61
  T4 algdep(xi/Pi^2,4) = 973861703581*x^4 - 1345488133484*x^3 - 859789633121*x^2 + 597939947687*x - 6684430572   min|root-r| = 2.878208064875842819 E-62
  T4 algdep(xi/L(g,2),4) = 213688703418*x^4 - 205351783646*x^3 - 501308122491*x^2 - 687133752187*x + 73935203664   min|root-r| = 1.0262618303299553566 E-62

=== c0_1_6_-1_7__13_4_432_-24_-48__t3_re
  xi = 0.034681244946642660900896317089740767292644434446813472842531579037187768697493
  T1/T2/T4: NO HIT (unidentified)
  T3 ratios:  xi/G       = 0.03786304329235821674504378997583594037142223191610289414748
              xi/(Pi*G)  = 0.01205218100096248279644426082652274277659803655232471650759
              xi*G       = 0.03176682713435721926814152801367028466860958022344115715380
              xi/zeta(2) = 0.02108366872910207922403448240896240510473465396245767848927
              xi/Pi^2    = 0.003513944788183679870672413734827067517455775660409613081545
              xi/L(g,2)  = 0.03091992905427657508725302800783564069532974518211204137686
  T3 lindep([1,xi,G,z2]) = [-556783755783334, -137287177226418, -849946438010978, 814662889609871]~    residual 9.992310363544763925 E-47
  T3 lindep([xi,G,z2])   = [25730326149239323053, 77151961191768758872, -43503811587907076888]~    residual 3.358521735049848199 E-42
  T4 algdep(xi,1) = 366033648818973166735272061699*x - 12694502633404187522255636957   min|root-xi| = 2.4126489085040706888 E-61
  T4 algdep(xi,2) = 214982948535055887045*x^2 - 48396435166212323538*x + 1419869550378403171   min|root-xi| = 6.759250598496195419 E-62
  T4 algdep(xi,3) = 169671387115792*x^3 + 613084493654865*x^2 - 149348781649224*x + 4435112838356   min|root-xi| = 7.474153421570242230 E-62
  T4 algdep(xi,4) = 541237734777*x^4 + 1323399216560*x^3 - 630218906561*x^2 + 4061237886*x + 561183862   min|root-xi| = 1.1055890290890667679 E-60
  T4 algdep(xi,5) = 292933858*x^5 - 670453553*x^4 - 2098964533*x^3 - 7762431081*x^2 + 5086165677*x - 166969481   min|root-xi| = 6.981173643705025688 E-62
  T4 algdep(xi,6) = 124643428*x^6 - 205768051*x^5 - 29574560*x^4 + 331041175*x^3 + 227548275*x^2 + 136789186*x - 5031468   min|root-xi| = 6.972659112057385982 E-62
  T4 algdep(xi/G,4) = 214069464911*x^4 + 401062772135*x^3 + 14736094749*x^2 + 1357163150759*x - 51429662933   min|root-r| = 7.147165472711558975 E-62
  T4 algdep(xi/zeta(2),4) = 385384771637*x^4 - 197802474247*x^3 - 155120643235*x^2 + 265602652642*x - 5529146265   min|root-r| = 1.7521677252069634809 E-61
  T4 algdep(xi/Pi^2,4) = 1092074815129*x^4 + 902848405356*x^3 - 178370785023*x^2 - 337675007715*x + 1188734481   min|root-r| = 1.7628503198970775360 E-61
  T4 algdep(xi/L(g,2),4) = 1018756769804*x^4 + 246310385163*x^3 - 653413097097*x^2 + 154030472023*x - 4146133175   min|root-r| = 4.477757066651727461 E-62

=== c0_1_6_-1_7__13_4_432_-24_-48__t3_im
  xi = -0.112199737628206901373665835117125103007041764263396636463390878296707728795936
  T1/T2/T4: NO HIT (unidentified)
  T3 ratios:  xi/G       = -0.12249339750473066580837690135171425043273956983217641115291
              xi/(Pi*G)  = -0.03899085941799664648050569547621044017807321862172311946450
              xi*G       = -0.10277109934314861256348500594719813571838765714473853842008
              xi/zeta(2) = -0.06820926132509800104380732715964901230048270531733847803471
              xi/Pi^2    = -0.01136821022084966684063455452660816871674711755288974633912
              xi/L(g,2)  = -0.10003123972942736198420786888563906898200477314772231439591
  T3 lindep([1,xi,G,z2]) = [-325029737908806, -1693199477602341, -1163114373004510, 729771467883099]~    residual 2.222457027809764186 E-47
  T3 lindep([xi,G,z2])   = [-123348731449291320091, -217520720669197122710, 112710779468185155656]~    residual 4.743372704079251353 E-43
  T4 algdep(xi,1) = 4275634199166230451081093039770*x + 479725035340639587558182843947   min|root-xi| = 1.3845734155253990738 E-62
  T4 algdep(xi,2) = 240034286930748577823*x^2 - 79323552656221050994*x - 11921820896153090839   min|root-xi| = 3.439329524597230103 E-62
  T4 algdep(xi,3) = 1135773093329854*x^3 - 351548395525073*x^2 + 764992889832359*x + 91861799055087   min|root-xi| = 1.952906712673379527 E-62
  T4 algdep(xi,4) = 772483741251*x^4 + 563683616900*x^3 - 710532221037*x^2 + 111051468784*x + 22078438450   min|root-xi| = 3.825212616417599128 E-62
  T4 algdep(xi,5) = 1082904102*x^5 + 1675705901*x^4 - 14940422624*x^3 + 160671767*x^2 + 1455802090*x + 139968926   min|root-xi| = 2.6892006700829900095 E-61
  T4 algdep(xi,6) = 346608020*x^6 - 200232730*x^5 - 281436073*x^4 + 45978141*x^3 - 184989793*x^2 + 229394105*x + 28172046   min|root-xi| = 2.618395532267313328 E-62
  T4 algdep(xi/G,4) = 1577242121247*x^4 - 166560956863*x^3 + 856979166757*x^2 - 204371974060*x - 38554107338   min|root-r| = 5.524618619165064662 E-62
  T4 algdep(xi/zeta(2),4) = 989265355343*x^4 - 162483489153*x^3 + 447264636404*x^2 - 5155401728*x - 2505522912   min|root-r| = 6.159454021593749489 E-61
  T4 algdep(xi/Pi^2,4) = 973861703581*x^4 + 1345488133484*x^3 - 859789633121*x^2 - 597939947687*x - 6684430572   min|root-r| = 2.878208064875842819 E-62
  T4 algdep(xi/L(g,2),4) = 213688703418*x^4 + 205351783646*x^3 - 501308122491*x^2 + 687133752187*x + 73935203664   min|root-r| = 1.0262618303299553566 E-62

=== c0_1_6_-1_7__13_4_432_-24_-48_SUM_t2_t3
  xi = 0.069362489893285321801792634179481534585288868893626945685063158074375537394985
  T1/T2/T4: NO HIT (unidentified)
  T3 ratios:  xi/G       = 0.07572608658471643349008757995167188074284446383220578829497
              xi/(Pi*G)  = 0.02410436200192496559288852165304548555319607310464943301518
              xi*G       = 0.06353365426871443853628305602734056933721916044688231430760
              xi/zeta(2) = 0.04216733745820415844806896481792481020946930792491535697854
              xi/Pi^2    = 0.007027889576367359741344827469654135034911551320819226163090
              xi/L(g,2)  = 0.06183985810855315017450605601567128139065949036422408275371
  T3 lindep([1,xi,G,z2]) = [-1332522781131485, -358879704377204, -787134358045711, 1263517853299871]~    residual 5.501490776412803304 E-47
  T3 lindep([xi,G,z2])   = [-25730326149239323053, -154303922383537517744, 87007623175814153776]~    residual 6.717043470099696398 E-42
  T4 algdep(xi,1) = 366033648818973166735272061699*x - 25389005266808375044511273914   min|root-xi| = 4.825297817008141378 E-61
  T4 algdep(xi,2) = 215662349561849202070*x^2 + 43687996037574728390*x - 4067893175925347481   min|root-xi| = 8.793201624863499801 E-63
  T4 algdep(xi,3) = 84835693557896*x^3 + 613084493654865*x^2 - 298697563298448*x + 17740451353424   min|root-xi| = 1.4948306843140484460 E-61
  T4 algdep(xi,4) = 502043614667*x^4 - 301333687411*x^3 - 709053929318*x^2 + 810896334769*x - 52745482198   min|root-xi| = 1.0292770338170142287 E-62
  T4 algdep(xi,5) = 5199075386*x^5 + 2262802266*x^4 + 5298225347*x^3 - 6820706694*x^2 + 14369818823*x - 965739751   min|root-xi| = 3.737398868813478482 E-62
  T4 algdep(xi,6) = 1908236*x^6 - 247118991*x^5 + 43370619*x^4 - 13806764*x^3 + 9277383*x^2 - 149462538*x + 10326459   min|root-xi| = 4.600273411939968449 E-62
  T4 algdep(xi/G,4) = 448891975868*x^4 - 40539215764*x^3 - 1272333263353*x^2 - 913124945306*x + 76446340416   min|root-r| = 3.597177629501073733 E-63
  T4 algdep(xi/zeta(2),4) = 75255707056*x^4 + 334709621041*x^3 + 259666228701*x^2 + 34632370095*x - 1947396772   min|root-r| = 1.3263348279550180995 E-61
  T4 algdep(xi/Pi^2,4) = 1020238679200*x^4 + 306482936796*x^3 - 281503098023*x^2 + 843555328145*x - 5914618787   min|root-r| = 2.882270223876516521 E-62
  T4 algdep(xi/L(g,2),4) = 823476391953*x^4 + 952363391340*x^3 + 45085411667*x^2 - 172787641074*x + 10275485664   min|root-r| = 1.6800092445968870742 E-62

=== c0_1_6_-1_7__13_4_432_-24_-48_DIFFoverI_t2_t3
  xi = 0.22439947525641380274733167023425020601408352852679327292678175659341545759187
  T1/T2/T4: NO HIT (unidentified)
  T3 ratios:  xi/G       = 0.2449867950094613316167538027034285008654791396643528223058
              xi/(Pi*G)  = 0.07798171883599329296101139095242088035614643724344623892899
              xi*G       = 0.2055421986862972251269700118943962714367753142894770768402
              xi/zeta(2) = 0.1364185226501960020876146543192980246009654106346769560694
              xi/Pi^2    = 0.02273642044169933368126910905321633743349423510577949267824
              xi/L(g,2)  = 0.2000624794588547239684157377712781379640095462954446287918
  T3 lindep([1,xi,G,z2]) = [-1744459013729413, 747051547263053, 318858091190133, 781039206051928]~    residual 9.891477142824304589 E-48
  T3 lindep([xi,G,z2])   = [221827858835721212986, -20943705572005274289, -18599129301319278169]~    residual 6.606279131407643748 E-42
  T4 algdep(xi,1) = 2137817099583115225540546519885*x - 479725035340639587558182843947   min|root-xi| = 2.769146831050798148 E-62
  T4 algdep(xi,2) = 108837495244118241334*x^2 + 207561801025315702859*x - 52057284856137074975   min|root-xi| = 8.350388802243865121 E-63
  T4 algdep(xi,3) = 495477862988768*x^3 - 386248385959502*x^2 - 382283337629167*x + 99635032794349   min|root-xi| = 2.749605724413579724 E-62
  T4 algdep(xi,4) = 43770693945*x^4 - 458804335290*x^3 - 297127849673*x^2 - 494130457294*x + 130917873134   min|root-xi| = 1.0357433948677995488 E-61
  T4 algdep(xi,5) = 9724455537*x^5 - 3602442157*x^4 + 4327743275*x^3 + 3551599134*x^2 + 2760224721*x - 843534923   min|root-xi| = 8.073075538516571136 E-62
  T4 algdep(xi,6) = 300621863*x^6 + 97800840*x^5 + 114818127*x^4 + 101915218*x^3 + 118025080*x^2 + 197547423*x - 51809483   min|root-xi| = 2.330119415622856894 E-62
  T4 algdep(xi/G,4) = 476440230568*x^4 + 47422208577*x^3 - 94215385884*x^2 - 280551476286*x + 71972547390   min|root-r| = 3.783242763559843576 E-62
  T4 algdep(xi/zeta(2),4) = 104602347382*x^4 + 1151886169377*x^3 + 443577407096*x^2 - 514411046811*x + 58959634767   min|root-r| = 1.7155222551795918946 E-61
  T4 algdep(xi/Pi^2,4) = 728569638854*x^4 - 552730763770*x^3 + 654434027132*x^2 - 469549735289*x + 10343875733   min|root-r| = 3.564446933065901476 E-62
  T4 algdep(xi/L(g,2),4) = 645938070916*x^4 + 363293731723*x^3 - 700992859067*x^2 + 145261404427*x - 4947988061   min|root-r| = 6.420012355764023190 E-62

=== c0_1_6_1_5__17_6_56_0_-12__t1_re
  xi = -0.33823337021568890068609497307421043090336175845663300559095710887090043224331
  T1/T2/T4: NO HIT (unidentified)
  T3 ratios:  xi/G       = -0.3692642740795439197892678058999441276005144100829031662490
              xi/(Pi*G)  = -0.11754046905399970894810059909857580322307298802064781667827
              xi*G       = -0.3098101299201767767643694449595587107790133562333607510902
              xi/zeta(2) = -0.2056212325055438029786973929760149973667971157337033658622
              xi/Pi^2    = -0.03427020541759063382978289882933583289446618595561722764371
              xi/L(g,2)  = -0.3015506458014383415131045679785763675565492765157961636967
  T3 lindep([1,xi,G,z2]) = [-356228725259120, 669602543154722, -107041835285733, 413850805399768]~    residual 8.327783830399335180 E-47
  T3 lindep([xi,G,z2])   = [-197493559984639277483, -13681791724175610128, -32990296083680321855]~    residual 8.430205002817703935 E-42
  T4 algdep(xi,1) = 2113850034987502292826364352335*x + 714974621464374798647105805863   min|root-xi| = 7.512568685298467547 E-62
  T4 algdep(xi,2) = 37634173291574016583*x^2 - 180082081023972468433*x - 65215186825248515378   min|root-xi| = 2.299659514186266289 E-62
  T4 algdep(xi,3) = 701304473659046*x^3 + 47477263427253*x^2 + 1026740537240492*x + 368983060692746   min|root-xi| = 6.692287295226742980 E-62
  T4 algdep(xi,4) = 145455903180*x^4 - 794484438105*x^3 - 488346720804*x^2 + 91303457642*x + 54103745619   min|root-xi| = 2.5137969616330775493 E-61
  T4 algdep(xi,5) = 1670261349*x^5 + 8403549079*x^4 + 8753103753*x^3 - 5305516463*x^2 - 2793778338*x - 101881270   min|root-xi| = 2.1122629605963706877 E-61
  T4 algdep(xi,6) = 28777235*x^6 - 100452497*x^5 + 318820146*x^4 - 4315476*x^3 - 226569244*x^2 - 133350347*x - 24010999   min|root-xi| = 2.8934890887653899365 E-61
  T4 algdep(xi/G,4) = 512061467278*x^4 - 22130950822*x^3 + 349364836018*x^2 + 569879441764*x + 152163012959   min|root-r| = 2.7743948772248344773 E-61
  T4 algdep(xi/zeta(2),4) = 244945521845*x^4 + 613745030250*x^3 - 807878547791*x^2 + 959415465631*x + 236331208781   min|root-r| = 1.6992556432995146856 E-62
  T4 algdep(xi/Pi^2,4) = 209057562481*x^4 + 273675972849*x^3 - 454738361554*x^2 - 892886071441*x - 30054596288   min|root-r| = 1.5812878334991183124 E-62
  T4 algdep(xi/L(g,2),4) = 1010591798331*x^4 + 410273836023*x^3 - 619841297169*x^2 + 8503955595*x + 61821973304   min|root-r| = 3.774871902787748616 E-62

=== c0_1_6_1_5__17_6_56_0_-12__t1_im
  xi = 0.E-250
  RATIONAL: xi = 0/1
  HIT  T4  algdep deg<=1:  x   height 1  agree 1000 digits
  HIT  T4  algdep deg<=2:  x   height 1  agree 1000 digits
  HIT  T4  algdep deg<=3:  x   height 1  agree 1000 digits
  HIT  T4  algdep deg<=4:  x   height 1  agree 1000 digits
  HIT  T4  algdep deg<=5:  x   height 1  agree 1000 digits
  HIT  T4  algdep deg<=6:  x   height 1  agree 1000 digits
  T3 ratios:  xi/G       = 0.E-250
              xi/(Pi*G)  = 0.E-250
              xi*G       = 0.E-250
              xi/zeta(2) = 0.E-250
              xi/Pi^2    = 0.E-251
              xi/L(g,2)  = 0.E-250
  T3 lindep([1,xi,G,z2]) = [0, 1, 0, 0]~    residual 0.E-250
  T3 lindep([xi,G,z2])   = [1, 0, 0]~    residual 0.E-250
  T4 algdep(xi,1) = x   min|root-xi| = 0.E-250
  T4 algdep(xi,2) = x   min|root-xi| = 0.E-250
  T4 algdep(xi,3) = x   min|root-xi| = 0.E-250
  T4 algdep(xi,4) = x   min|root-xi| = 0.E-250
  T4 algdep(xi,5) = x   min|root-xi| = 0.E-250
  T4 algdep(xi,6) = x   min|root-xi| = 0.E-250
  T4 algdep(xi/G,4) = x   min|root-r| = 0.E-250
  T4 algdep(xi/zeta(2),4) = x   min|root-r| = 0.E-250
  T4 algdep(xi/Pi^2,4) = x   min|root-r| = 0.E-250
  T4 algdep(xi/L(g,2),4) = x   min|root-r| = 0.E-250

=== c0_1_6_1_5__17_6_56_0_-12__t2_re
  xi = 0.18593141510249597372764706643085703219992384478492197925069260633992014251993
  T1/T2/T4: NO HIT (unidentified)
  T3 ratios:  xi/G       = 0.2029895186942167733412156335292561322307880567445763604542
              xi/(Pi*G)  = 0.06461357059205858993746850342530495717673980240989965854500
              xi*G       = 0.1703067791105688777102256087321253602802975847779335766517
              xi/zeta(2) = 0.11303274632687837477499754564479815638640286874154820130218
              xi/Pi^2    = 0.01883879105447972912916625760746635939773381145692470021703
              xi/L(g,2)  = 0.1657664300337337734528366876939589819424730667780401279267
  T3 lindep([1,xi,G,z2]) = [-1159487000024109, 174257230389757, -1500032439514078, 1520465325472089]~    residual 1.7827877737063852350 E-47
  T3 lindep([xi,G,z2])   = [90104408038112153414, -161716775567464377997, 79865670591463940741]~    residual 5.230158172737980539 E-42
  T4 algdep(xi,1) = 4054605145923029800195492390001*x - 753878472463331114350024639140   min|root-xi| = 2.1531408246261395240 E-63
  T4 algdep(xi,2) = 218497273037153311769*x^2 + 30100996913266559046*x - 13150278989795275008   min|root-xi| = 2.7690472451722396400 E-64
  T4 algdep(xi,3) = 87512676000622*x^3 + 186974039252081*x^2 + 1382097284803527*x - 264001597094211   min|root-xi| = 2.897897479170197061 E-62
  T4 algdep(xi,4) = 623866961057*x^4 + 1027675358041*x^3 + 130735863572*x^2 - 542323230013*x + 88964097069   min|root-xi| = 5.089631881730454491 E-62
  T4 algdep(xi,5) = 5983511294*x^5 + 6588411619*x^4 - 4922874328*x^3 + 3881342906*x^2 - 7234844379*x + 1233444349   min|root-xi| = 3.676673456374411888 E-62
  T4 algdep(xi,6) = 74243473*x^6 - 252701724*x^5 - 41610325*x^4 + 127249263*x^3 - 310564355*x^2 + 135072235*x - 15092920   min|root-xi| = 3.0872216404809565394 E-61
  T4 algdep(xi/G,4) = 237048238130*x^4 - 909183922181*x^3 + 732908604462*x^2 - 876030933468*x + 154827851463   min|root-r| = 1.5581052919151609772 E-62
  T4 algdep(xi/zeta(2),4) = 1415343667277*x^4 - 486255924276*x^3 + 299277987771*x^2 - 540824438213*x + 57778367421   min|root-r| = 6.517169112173228680 E-62
  T4 algdep(xi/Pi^2,4) = 360987122833*x^4 - 124325015725*x^3 + 173928736929*x^2 + 1168622915319*x - 22076384485   min|root-r| = 2.154309344780828746 E-62
  T4 algdep(xi/L(g,2),4) = 1232945763513*x^4 + 290655858036*x^3 - 502907251039*x^2 - 925737710989*x + 165020476992   min|root-r| = 2.642782230303344175 E-63

=== c0_1_6_1_5__17_6_56_0_-12__t2_im
  xi = 0.15804162920160073435428159813194690208931052939567453473656077643367929670816
  T1/T2/T4: NO HIT (unidentified)
  T3 ratios:  xi/G       = 0.1725410104989414989064896923517933206738139208964861043974
              xi/(Pi*G)  = 0.05492150941395429982499931398454771499842587448219417052703
              xi*G       = 0.1447606947963799442583882975017883988314212659656112006669
              xi/zeta(2) = 0.09607778961281783877096426905849500025940420580724096934706
              xi/Pi^2    = 0.01601296493546963979516071150974916670990070096787349489118
              xi/L(g,2)  = 0.1409013998792114735139475021103494709860907786551603315879
  T3 lindep([1,xi,G,z2]) = [-1402355688014813, 2230309137712650, 300112712070007, 471132001734908]~    residual 3.107651391139398129 E-47
  T3 lindep([xi,G,z2])   = [125863502317642615791, -82075402360429598398, 33610205321504033788]~    residual 6.193790235103735413 E-42
  T4 algdep(xi,1) = 2670415745154209451341173219367*x - 422036855009777893151479976810   min|root-xi| = 2.553370991123145602 E-62
  T4 algdep(xi,2) = 15633722949721176469*x^2 - 147213329036695881480*x + 22875348415408997190   min|root-xi| = 4.322431668270477339 E-62
  T4 algdep(xi,3) = 507771905271131*x^3 - 373315339988486*x^2 - 132915782002255*x + 28326188113773   min|root-xi| = 1.4054393371584614402 E-61
  T4 algdep(xi,4) = 893248656424*x^4 - 277554925587*x^3 + 850976974792*x^2 - 974866726476*x + 133352908728   min|root-xi| = 6.699408824829545589 E-63
  T4 algdep(xi,5) = 1638046172*x^5 + 3904573712*x^4 - 1445612886*x^3 - 4414587035*x^2 - 3303212848*x + 635418023   min|root-xi| = 1.0057691795617967581 E-61
  T4 algdep(xi,6) = 63917339*x^6 + 297848935*x^5 + 256611612*x^4 - 90305424*x^3 - 214958669*x^2 - 258513952*x + 46391045   min|root-xi| = 5.432521081028206121 E-62
  T4 algdep(xi/G,4) = 1317549784889*x^4 - 1159580987890*x^3 - 526472738833*x^2 + 165044770997*x - 8015080062   min|root-r| = 1.3348791467724088511 E-61
  T4 algdep(xi/zeta(2),4) = 852401780800*x^4 - 268747838322*x^3 - 341057038245*x^2 + 380178990300*x - 33212763462   min|root-r| = 9.184150778880056398 E-63
  T4 algdep(xi/Pi^2,4) = 1031423305398*x^4 + 238283884137*x^3 + 565919864899*x^2 - 112844831830*x + 1660823767   min|root-r| = 1.5840828436355563223 E-61
  T4 algdep(xi/L(g,2),4) = 760615328897*x^4 - 307158198388*x^3 - 1460226037783*x^2 + 256000152391*x - 6521182803   min|root-r| = 3.0972619518677554033 E-61

=== c0_1_6_1_5__17_6_56_0_-12__t3_re
  xi = 0.18593141510249597372764706643085703219992384478492197925069260633992014251993
  T1/T2/T4: NO HIT (unidentified)
  T3 ratios:  xi/G       = 0.2029895186942167733412156335292561322307880567445763604542
              xi/(Pi*G)  = 0.06461357059205858993746850342530495717673980240989965854500
              xi*G       = 0.1703067791105688777102256087321253602802975847779335766517
              xi/zeta(2) = 0.11303274632687837477499754564479815638640286874154820130218
              xi/Pi^2    = 0.01883879105447972912916625760746635939773381145692470021703
              xi/L(g,2)  = 0.1657664300337337734528366876939589819424730667780401279267
  T3 lindep([1,xi,G,z2]) = [-1159487000024109, 174257230389757, -1500032439514078, 1520465325472089]~    residual 1.7827877737063852350 E-47
  T3 lindep([xi,G,z2])   = [90104408038112153414, -161716775567464377997, 79865670591463940741]~    residual 5.230158172737980539 E-42
  T4 algdep(xi,1) = 4054605145923029800195492390001*x - 753878472463331114350024639140   min|root-xi| = 2.1531408246261395240 E-63
  T4 algdep(xi,2) = 218497273037153311769*x^2 + 30100996913266559046*x - 13150278989795275008   min|root-xi| = 2.7690472451722396400 E-64
  T4 algdep(xi,3) = 87512676000622*x^3 + 186974039252081*x^2 + 1382097284803527*x - 264001597094211   min|root-xi| = 2.897897479170197061 E-62
  T4 algdep(xi,4) = 623866961057*x^4 + 1027675358041*x^3 + 130735863572*x^2 - 542323230013*x + 88964097069   min|root-xi| = 5.089631881730454491 E-62
  T4 algdep(xi,5) = 5983511294*x^5 + 6588411619*x^4 - 4922874328*x^3 + 3881342906*x^2 - 7234844379*x + 1233444349   min|root-xi| = 3.676673456374411888 E-62
  T4 algdep(xi,6) = 74243473*x^6 - 252701724*x^5 - 41610325*x^4 + 127249263*x^3 - 310564355*x^2 + 135072235*x - 15092920   min|root-xi| = 3.0872216404809565394 E-61
  T4 algdep(xi/G,4) = 237048238130*x^4 - 909183922181*x^3 + 732908604462*x^2 - 876030933468*x + 154827851463   min|root-r| = 1.5581052919151609772 E-62
  T4 algdep(xi/zeta(2),4) = 1415343667277*x^4 - 486255924276*x^3 + 299277987771*x^2 - 540824438213*x + 57778367421   min|root-r| = 6.517169112173228680 E-62
  T4 algdep(xi/Pi^2,4) = 360987122833*x^4 - 124325015725*x^3 + 173928736929*x^2 + 1168622915319*x - 22076384485   min|root-r| = 2.154309344780828746 E-62
  T4 algdep(xi/L(g,2),4) = 1232945763513*x^4 + 290655858036*x^3 - 502907251039*x^2 - 925737710989*x + 165020476992   min|root-r| = 2.642782230303344175 E-63

=== c0_1_6_1_5__17_6_56_0_-12__t3_im
  xi = -0.15804162920160073435428159813194690208931052939567453473656077643367929670816
  T1/T2/T4: NO HIT (unidentified)
  T3 ratios:  xi/G       = -0.1725410104989414989064896923517933206738139208964861043974
              xi/(Pi*G)  = -0.05492150941395429982499931398454771499842587448219417052703
              xi*G       = -0.1447606947963799442583882975017883988314212659656112006669
              xi/zeta(2) = -0.09607778961281783877096426905849500025940420580724096934706
              xi/Pi^2    = -0.01601296493546963979516071150974916670990070096787349489118
              xi/L(g,2)  = -0.1409013998792114735139475021103494709860907786551603315879
  T3 lindep([1,xi,G,z2]) = [1402355688014813, 2230309137712650, -300112712070007, -471132001734908]~    residual 3.107651391139398129 E-47
  T3 lindep([xi,G,z2])   = [125863502317642615791, 82075402360429598398, -33610205321504033788]~    residual 6.193790235103735413 E-42
  T4 algdep(xi,1) = 2670415745154209451341173219367*x + 422036855009777893151479976810   min|root-xi| = 2.553370991123145602 E-62
  T4 algdep(xi,2) = 15633722949721176469*x^2 + 147213329036695881480*x + 22875348415408997190   min|root-xi| = 4.322431668270477339 E-62
  T4 algdep(xi,3) = 507771905271131*x^3 + 373315339988486*x^2 - 132915782002255*x - 28326188113773   min|root-xi| = 1.4054393371584614402 E-61
  T4 algdep(xi,4) = 893248656424*x^4 + 277554925587*x^3 + 850976974792*x^2 + 974866726476*x + 133352908728   min|root-xi| = 6.699408824829545589 E-63
  T4 algdep(xi,5) = 1638046172*x^5 - 3904573712*x^4 - 1445612886*x^3 + 4414587035*x^2 - 3303212848*x - 635418023   min|root-xi| = 1.0057691795617967581 E-61
  T4 algdep(xi,6) = 63917339*x^6 - 297848935*x^5 + 256611612*x^4 + 90305424*x^3 - 214958669*x^2 + 258513952*x + 46391045   min|root-xi| = 5.432521081028206121 E-62
  T4 algdep(xi/G,4) = 1317549784889*x^4 + 1159580987890*x^3 - 526472738833*x^2 - 165044770997*x - 8015080062   min|root-r| = 1.3348791467724088511 E-61
  T4 algdep(xi/zeta(2),4) = 852401780800*x^4 + 268747838322*x^3 - 341057038245*x^2 - 380178990300*x - 33212763462   min|root-r| = 9.184150778880056398 E-63
  T4 algdep(xi/Pi^2,4) = 1031423305398*x^4 - 238283884137*x^3 + 565919864899*x^2 + 112844831830*x + 1660823767   min|root-r| = 1.5840828436355563223 E-61
  T4 algdep(xi/L(g,2),4) = 760615328897*x^4 + 307158198388*x^3 - 1460226037783*x^2 - 256000152391*x - 6521182803   min|root-r| = 3.0972619518677554033 E-61

=== c0_1_6_1_5__17_6_56_0_-12_SUM_t2_t3
  xi = 0.37186283020499194745529413286171406439984768956984395850138521267984028503986
  T1/T2/T4: NO HIT (unidentified)
  T3 ratios:  xi/G       = 0.4059790373884335466824312670585122644615761134891527209085
              xi/(Pi*G)  = 0.1292271411841171798749370068506099143534796048197993170900
              xi*G       = 0.3406135582211377554204512174642507205605951695558671533034
              xi/zeta(2) = 0.2260654926537567495499950912895963127728057374830964026044
              xi/Pi^2    = 0.03767758210895945825833251521493271879546762291384940043406
              xi/L(g,2)  = 0.3315328600674675469056733753879179638849461335560802558534
  T3 lindep([1,xi,G,z2]) = [-1505873303953129, 1501674522803640, -1032175984716991, 1150741596968849]~    residual 3.674214133134411878 E-47
  T3 lindep([xi,G,z2])   = [-45052204019056076707, 161716775567464377997, -79865670591463940741]~    residual 5.230158172737980539 E-42
  T4 algdep(xi,1) = 4054605145923029800195492390001*x - 1507756944926662228700049278280   min|root-xi| = 4.306281649252279048 E-63
  T4 algdep(xi,2) = 218497273037153311769*x^2 + 60201993826533118092*x - 52601115959181100032   min|root-xi| = 5.538094490344479280 E-64
  T4 algdep(xi,3) = 862720641872424*x^3 - 1255114577709609*x^2 + 177097264556345*x + 63341065302283   min|root-xi| = 1.3139969180171557661 E-62
  T4 algdep(xi,4) = 713895802037*x^4 - 934684890686*x^3 + 971800919536*x^2 + 215768683776*x - 180206644836   min|root-xi| = 1.9426437964582052445 E-62
  T4 algdep(xi,5) = 11872681130*x^5 - 1822164050*x^4 - 5685999421*x^3 + 4450945386*x^2 + 4404987200*x - 2010731579   min|root-xi| = 1.6043329360974089095 E-62
  T4 algdep(xi,6) = 229060980*x^6 + 148042381*x^5 - 219719968*x^4 - 67208638*x^3 + 96511691*x^2 - 102584956*x + 30800792   min|root-xi| = 1.6814811686400738553 E-61
  T4 algdep(xi/G,4) = 580033893830*x^4 - 500341812962*x^3 - 128822745089*x^2 + 702378605743*x - 246195952308   min|root-r| = 1.0529015492279821142 E-61
  T4 algdep(xi/zeta(2),4) = 360882718717*x^4 - 671716724994*x^3 + 158157146371*x^2 + 375564816619*x - 86167022410   min|root-r| = 1.0609074152592590626 E-61
  T4 algdep(xi/Pi^2,4) = 118802346238*x^4 + 879061841657*x^3 - 955250997042*x^2 + 1320799237172*x - 48455705097   min|root-r| = 3.329581610193078590 E-62
  T4 algdep(xi/L(g,2),4) = 105783411034*x^4 + 1089572851117*x^3 - 633982757427*x^2 + 224350380004*x - 45678058349   min|root-r| = 1.1409042040768853911 E-61

=== c0_1_6_1_5__17_6_56_0_-12_DIFFoverI_t2_t3
  xi = 0.31608325840320146870856319626389380417862105879134906947312155286735859341632
  T1/T2/T4: NO HIT (unidentified)
  T3 ratios:  xi/G       = 0.3450820209978829978129793847035866413476278417929722087947
              xi/(Pi*G)  = 0.10984301882790859964999862796909542999685174896438834105407
              xi*G       = 0.2895213895927598885167765950035767976628425319312224013337
              xi/zeta(2) = 0.1921555792256356775419285381169900005188084116144819386941
              xi/Pi^2    = 0.03202592987093927959032142301949833341980140193574698978236
              xi/L(g,2)  = 0.2818027997584229470278950042206989419721815573103206631758
  T3 lindep([1,xi,G,z2]) = [1402355688014813, -1115154568856325, -300112712070007, -471132001734908]~    residual 3.107651391139398129 E-47
  T3 lindep([xi,G,z2])   = [-71124481235391936434, 266280381518110593912, -134608684053889641427]~    residual 3.883284313691911971 E-42
  T4 algdep(xi,1) = 2670415745154209451341173219367*x - 844073710019555786302959953620   min|root-xi| = 5.106741982246291204 E-62
  T4 algdep(xi,2) = 104622754778416351028*x^2 - 210382572434923036133*x + 56045693302830677495   min|root-xi| = 2.070685412631716517 E-62
  T4 algdep(xi,3) = 93040176486120*x^3 - 253634389133046*x^2 + 855744993703167*x - 248084559640475   min|root-xi| = 1.5185976539694528730 E-62
  T4 algdep(xi,4) = 215450680661*x^4 - 746933527763*x^3 - 47927398855*x^2 - 74522187997*x + 49780750892   min|root-xi| = 8.034135610158202745 E-62
  T4 algdep(xi,5) = 6998600316*x^5 + 6948567324*x^4 + 7606584842*x^3 + 3681332903*x^2 - 6621753242*x + 1393576963   min|root-xi| = 4.061732684737702634 E-63
  T4 algdep(xi,6) = 211231192*x^6 + 9605416*x^5 + 182346462*x^4 - 109616843*x^3 - 359143668*x^2 - 185092045*x + 95786594   min|root-xi| = 3.492203774106581411 E-63
  T4 algdep(xi/G,4) = 690261342339*x^4 + 1246519004452*x^3 + 47030249187*x^2 + 560837106614*x - 260146545916   min|root-r| = 4.138086361514374125 E-62
  T4 algdep(xi/zeta(2),4) = 213100445200*x^4 - 134373919161*x^3 - 341057038245*x^2 + 760357980600*x - 132851053848   min|root-r| = 1.8368301557760112797 E-62
  T4 algdep(xi/Pi^2,4) = 648825951380*x^4 - 410099306108*x^3 - 499751977142*x^2 + 215899344632*x - 6389013289   min|root-r| = 2.3772004089725130443 E-61
  T4 algdep(xi/L(g,2),4) = 1171216445873*x^4 - 594074033152*x^3 + 241963119624*x^2 + 309239979500*x - 100451182591   min|root-r| = 2.296570741668604449 E-62

=== c1_3_1_1_1__42_8_480_64_-64__t1_re
  xi = -0.32280970782578483004583189477912090433958028955421027777430717854754607156448
  T1/T2/T4: NO HIT (unidentified)
  T3 ratios:  xi/G       = -0.3524255822247929494652054628968812221263693838146987529381
              xi/(Pi*G)  = -0.11218054696623000454205671459426635689959877837253253797404
              xi*G       = -0.2956825858348194688400693826097515050983628465125670689456
              xi/zeta(2) = -0.1962447701288744712537726941040235596770463255618629425071
              xi/Pi^2    = -0.03270746168814574520896211568400392661284105426031049041785
              xi/L(g,2)  = -0.2877997395814724920479922414259390187414390059452392452675
  T3 lindep([1,xi,G,z2]) = [-235669975322076, -87630805681231, -1092866694560606, 734625305741677]~    residual 1.6838390563466414923 E-47
  T3 lindep([xi,G,z2])   = [106586211607479088943, -10602014927940219733, 26820615865015561138]~    residual 1.3486487137110702281 E-41
  T4 algdep(xi,1) = 103434284026996888512357845987*x + 33389591005924108326731832355   min|root-xi| = 6.281433894751869444 E-63
  T4 algdep(xi,2) = 47408131814606402546*x^2 - 24590683528452782019*x - 12878328243718305252   min|root-xi| = 1.7626065990245217730 E-61
  T4 algdep(xi,3) = 794269298369288*x^3 + 1243819633074924*x^2 + 570406227912031*x + 81237286305047   min|root-xi| = 1.5034727795672204226 E-60
  T4 algdep(xi,4) = 829224636626*x^4 + 299572465261*x^3 + 249285475453*x^2 - 438520732810*x - 166463055527   min|root-xi| = 6.949166389007209676 E-62
  T4 algdep(xi,5) = 3687559875*x^5 - 6299526070*x^4 - 2375498491*x^3 + 4099083214*x^2 - 11992174604*x - 4296916431   min|root-xi| = 9.489967140343515309 E-63
  T4 algdep(xi,6) = 43667387*x^6 - 309009170*x^5 - 38684049*x^4 - 57671334*x^3 - 252173744*x^2 - 85284852*x - 3905260   min|root-xi| = 9.873352850107508058 E-62
  T4 algdep(xi/G,4) = 162171964677*x^4 - 914203966423*x^3 - 1030308757014*x^2 - 427840253873*x - 65332434575   min|root-r| = 1.9475293219044774765 E-61
  T4 algdep(xi/zeta(2),4) = 580095842807*x^4 - 1129262798319*x^3 - 312889556970*x^2 + 433180994102*x + 87664406335   min|root-r| = 5.793064469204004629 E-62
  T4 algdep(xi/Pi^2,4) = 1433068555947*x^4 + 122724444296*x^3 + 25575583794*x^2 + 204739880462*x + 6671815653   min|root-r| = 7.670515370024752314 E-63
  T4 algdep(xi/L(g,2),4) = 90279568501*x^4 + 361913841629*x^3 + 465535819635*x^2 + 24124303282*x - 23608795751   min|root-r| = 1.9432645136760715564 E-61

=== c1_3_1_1_1__42_8_480_64_-64__t1_im
  xi = 0.E-250
  RATIONAL: xi = 0/1
  HIT  T4  algdep deg<=1:  x   height 1  agree 1000 digits
  HIT  T4  algdep deg<=2:  x   height 1  agree 1000 digits
  HIT  T4  algdep deg<=3:  x   height 1  agree 1000 digits
  HIT  T4  algdep deg<=4:  x   height 1  agree 1000 digits
  HIT  T4  algdep deg<=5:  x   height 1  agree 1000 digits
  HIT  T4  algdep deg<=6:  x   height 1  agree 1000 digits
  T3 ratios:  xi/G       = 0.E-250
              xi/(Pi*G)  = 0.E-250
              xi*G       = 0.E-250
              xi/zeta(2) = 0.E-250
              xi/Pi^2    = 0.E-251
              xi/L(g,2)  = 0.E-250
  T3 lindep([1,xi,G,z2]) = [0, 1, 0, 0]~    residual 0.E-250
  T3 lindep([xi,G,z2])   = [1, 0, 0]~    residual 0.E-250
  T4 algdep(xi,1) = x   min|root-xi| = 0.E-250
  T4 algdep(xi,2) = x   min|root-xi| = 0.E-250
  T4 algdep(xi,3) = x   min|root-xi| = 0.E-250
  T4 algdep(xi,4) = x   min|root-xi| = 0.E-250
  T4 algdep(xi,5) = x   min|root-xi| = 0.E-250
  T4 algdep(xi,6) = x   min|root-xi| = 0.E-250
  T4 algdep(xi/G,4) = x   min|root-r| = 0.E-250
  T4 algdep(xi/zeta(2),4) = x   min|root-r| = 0.E-250
  T4 algdep(xi/Pi^2,4) = x   min|root-r| = 0.E-250
  T4 algdep(xi/L(g,2),4) = x   min|root-r| = 0.E-250

=== c1_3_1_1_1__42_8_480_64_-64__t2_re
  xi = 0.20928567944843980902939669957002220012685683239925655198912837302924159590939
  T1/T2/T4: NO HIT (unidentified)
  T3 ratios:  xi/G       = 0.2284863981560727428314338096890628513816327192223555518099
              xi/(Pi*G)  = 0.07272947939160379353273135053974208191877796015220929261448
              xi*G       = 0.1916984817287731640277438913491697557952247607942517098738
              xi/zeta(2) = 0.1272304365666408353230890407243710809401251533287181733341
              xi/Pi^2    = 0.02120507276110680588718150678739518015668752555478636222234
              xi/L(g,2)  = 0.1865878335849147935603217664904329155150702023864284808998
  T3 lindep([1,xi,G,z2]) = [794932689605167, 1218254396468505, -1254790823721593, 60457945221898]~    residual 2.202315254951646232 E-47
  T3 lindep([xi,G,z2])   = [174532031789425667323, 164047664438490570369, -113554138766941970307]~    residual 1.8042939946978041755 E-42
  T4 algdep(xi,1) = 2053455651621143174868737092499*x - 429758861266769660371940182847   min|root-xi| = 4.302682723946919239 E-62
  T4 algdep(xi,2) = 63912482265869631371*x^2 + 222142385287192102778*x - 49290618438816942890   min|root-xi| = 7.047378905359419778 E-63
  T4 algdep(xi,3) = 1198784152860273*x^3 + 655662995328541*x^2 + 607038316474716*x - 166751825007329   min|root-xi| = 3.821391798766958432 E-62
  T4 algdep(xi,4) = 711899753573*x^4 - 787243096791*x^3 + 673279553427*x^2 - 1179989861262*x + 223315746851   min|root-xi| = 1.5223129222766226470 E-62
  T4 algdep(xi,5) = 2594353371*x^5 + 2945958553*x^4 - 6867978784*x^3 + 4553541644*x^2 - 11841446006*x + 2335061759   min|root-xi| = 7.920025355525848856 E-63
  T4 algdep(xi,6) = 119184888*x^6 + 223371376*x^5 - 283069382*x^4 - 59340279*x^3 + 405488118*x^2 - 146754477*x + 13940354   min|root-xi| = 6.199859091520468200 E-62
  T4 algdep(xi/G,4) = 46861007105*x^4 - 323888503528*x^3 - 939522083648*x^2 - 291051875033*x + 119285859799   min|root-r| = 2.039355242411851091 E-62
  T4 algdep(xi/zeta(2),4) = 675681482399*x^4 + 1009353046882*x^3 + 926662020486*x^2 - 505883383938*x + 47107473887   min|root-r| = 2.1612586106032198283 E-61
  T4 algdep(xi/Pi^2,4) = 263062904904*x^4 + 849422167070*x^3 + 244849567846*x^2 + 54603419783*x - 1276119752   min|root-r| = 5.642943857136887139 E-62
  T4 algdep(xi/L(g,2),4) = 154513726887*x^4 - 724921970835*x^3 + 1624097130192*x^2 + 244200005817*x - 97585871438   min|root-r| = 2.669098741293205543 E-62

=== c1_3_1_1_1__42_8_480_64_-64__t2_im
  xi = -0.18432324904639906004410654945057342449022978581913229630571722127824902655466
  T1/T2/T4: NO HIT (unidentified)
  T3 ratios:  xi/G       = -0.2012338129490228449755487236578958452155157169653623865641
              xi/(Pi*G)  = -0.06405471209613368321356899437444315836561913180212094595979
              xi*G       = -0.1688337543334604332420089497664178860343209632469612665048
              xi/zeta(2) = -0.11205509859709535802909636250437131239234805042703018262294
              xi/Pi^2    = -0.01867584976618255967151606041739521873205800840450503043715
              xi/L(g,2)  = -0.1643326758406961924036735181739784501655089364911940754784
  T3 lindep([1,xi,G,z2]) = [736683674469713, 611616505962757, 1660956948763797, -1304203004019496]~    residual 6.743244026609714108 E-48
  T3 lindep([xi,G,z2])   = [92368018952281944105, 17018314064912869164, 873824207225296012]~    residual 1.1692430813679832693 E-41
  T4 algdep(xi,1) = 126574785251355771702588118103*x + 23330675664880128556070852195   min|root-xi| = 2.6681235641762286468 E-61
  T4 algdep(xi,2) = 86692915746060916965*x^2 + 107622350577710112408*x + 16891904302394643379   min|root-xi| = 5.214741442694463945 E-62
  T4 algdep(xi,3) = 831504269218719*x^3 + 850279156356754*x^2 - 1121735522234574*x - 230443014594240   min|root-xi| = 3.008872000763979631 E-62
  T4 algdep(xi,4) = 308017633047*x^4 + 998864472240*x^3 + 634405523818*x^2 - 1509885765845*x - 293961279729   min|root-xi| = 3.979831250396167526 E-62
  T4 algdep(xi,5) = 5153712159*x^5 + 3178052404*x^4 + 6668883711*x^3 - 8161569858*x^2 + 3198385764*x + 906017946   min|root-xi| = 6.236755839642981792 E-62
  T4 algdep(xi,6) = 341471751*x^6 - 3631799*x^5 - 2102188*x^4 - 121592120*x^3 + 104308023*x^2 + 246740789*x + 41162997   min|root-xi| = 6.493407503331495370 E-62
  T4 algdep(xi/G,4) = 375575565072*x^4 + 583667083332*x^3 + 756606731046*x^2 - 25821698051*x - 31694624223   min|root-r| = 5.744061552318831302 E-62
  T4 algdep(xi/zeta(2),4) = 1077679557847*x^4 + 844811915135*x^3 - 796999303585*x^2 - 665913239580*x - 63592831834   min|root-r| = 1.5036109864368941428 E-61
  T4 algdep(xi/Pi^2,4) = 494315728352*x^4 + 1088451212991*x^3 + 516146635069*x^2 - 4715093748*x - 261053879   min|root-r| = 1.1058246560921660882 E-60
  T4 algdep(xi/L(g,2),4) = 575766510387*x^4 - 492378078089*x^3 + 243843016864*x^2 - 373413058752*x - 70553995686   min|root-r| = 1.0462972294018160900 E-61

=== c1_3_1_1_1__42_8_480_64_-64__t3_re
  xi = 0.20928567944843980902939669957002220012685683239925655198912837302924159590939
  T1/T2/T4: NO HIT (unidentified)
  T3 ratios:  xi/G       = 0.2284863981560727428314338096890628513816327192223555518099
              xi/(Pi*G)  = 0.07272947939160379353273135053974208191877796015220929261448
              xi*G       = 0.1916984817287731640277438913491697557952247607942517098738
              xi/zeta(2) = 0.1272304365666408353230890407243710809401251533287181733341
              xi/Pi^2    = 0.02120507276110680588718150678739518015668752555478636222234
              xi/L(g,2)  = 0.1865878335849147935603217664904329155150702023864284808998
  T3 lindep([1,xi,G,z2]) = [794932689605167, 1218254396468505, -1254790823721593, 60457945221898]~    residual 2.202315254951646232 E-47
  T3 lindep([xi,G,z2])   = [174532031789425667323, 164047664438490570369, -113554138766941970307]~    residual 1.8042939946978041755 E-42
  T4 algdep(xi,1) = 2053455651621143174868737092499*x - 429758861266769660371940182847   min|root-xi| = 4.302682723946919239 E-62
  T4 algdep(xi,2) = 63912482265869631371*x^2 + 222142385287192102778*x - 49290618438816942890   min|root-xi| = 7.047378905359419778 E-63
  T4 algdep(xi,3) = 1198784152860273*x^3 + 655662995328541*x^2 + 607038316474716*x - 166751825007329   min|root-xi| = 3.821391798766958432 E-62
  T4 algdep(xi,4) = 711899753573*x^4 - 787243096791*x^3 + 673279553427*x^2 - 1179989861262*x + 223315746851   min|root-xi| = 1.5223129222766226470 E-62
  T4 algdep(xi,5) = 2594353371*x^5 + 2945958553*x^4 - 6867978784*x^3 + 4553541644*x^2 - 11841446006*x + 2335061759   min|root-xi| = 7.920025355525848856 E-63
  T4 algdep(xi,6) = 119184888*x^6 + 223371376*x^5 - 283069382*x^4 - 59340279*x^3 + 405488118*x^2 - 146754477*x + 13940354   min|root-xi| = 6.199859091520468200 E-62
  T4 algdep(xi/G,4) = 46861007105*x^4 - 323888503528*x^3 - 939522083648*x^2 - 291051875033*x + 119285859799   min|root-r| = 2.039355242411851091 E-62
  T4 algdep(xi/zeta(2),4) = 675681482399*x^4 + 1009353046882*x^3 + 926662020486*x^2 - 505883383938*x + 47107473887   min|root-r| = 2.1612586106032198283 E-61
  T4 algdep(xi/Pi^2,4) = 263062904904*x^4 + 849422167070*x^3 + 244849567846*x^2 + 54603419783*x - 1276119752   min|root-r| = 5.642943857136887139 E-62
  T4 algdep(xi/L(g,2),4) = 154513726887*x^4 - 724921970835*x^3 + 1624097130192*x^2 + 244200005817*x - 97585871438   min|root-r| = 2.669098741293205543 E-62

=== c1_3_1_1_1__42_8_480_64_-64__t3_im
  xi = 0.18432324904639906004410654945057342449022978581913229630571722127824902655466
  T1/T2/T4: NO HIT (unidentified)
  T3 ratios:  xi/G       = 0.2012338129490228449755487236578958452155157169653623865641
              xi/(Pi*G)  = 0.06405471209613368321356899437444315836561913180212094595979
              xi*G       = 0.1688337543334604332420089497664178860343209632469612665048
              xi/zeta(2) = 0.11205509859709535802909636250437131239234805042703018262294
              xi/Pi^2    = 0.01867584976618255967151606041739521873205800840450503043715
              xi/L(g,2)  = 0.1643326758406961924036735181739784501655089364911940754784
  T3 lindep([1,xi,G,z2]) = [736683674469713, -611616505962757, 1660956948763797, -1304203004019496]~    residual 6.743244026609714108 E-48
  T3 lindep([xi,G,z2])   = [92368018952281944105, -17018314064912869164, -873824207225296012]~    residual 1.1692430813679832693 E-41
  T4 algdep(xi,1) = 126574785251355771702588118103*x - 23330675664880128556070852195   min|root-xi| = 2.6681235641762286468 E-61
  T4 algdep(xi,2) = 86692915746060916965*x^2 - 107622350577710112408*x + 16891904302394643379   min|root-xi| = 5.214741442694463945 E-62
  T4 algdep(xi,3) = 831504269218719*x^3 - 850279156356754*x^2 - 1121735522234574*x + 230443014594240   min|root-xi| = 3.008872000763979631 E-62
  T4 algdep(xi,4) = 308017633047*x^4 - 998864472240*x^3 + 634405523818*x^2 + 1509885765845*x - 293961279729   min|root-xi| = 3.979831250396167526 E-62
  T4 algdep(xi,5) = 5153712159*x^5 - 3178052404*x^4 + 6668883711*x^3 + 8161569858*x^2 + 3198385764*x - 906017946   min|root-xi| = 6.236755839642981792 E-62
  T4 algdep(xi,6) = 341471751*x^6 + 3631799*x^5 - 2102188*x^4 + 121592120*x^3 + 104308023*x^2 - 246740789*x + 41162997   min|root-xi| = 6.493407503331495370 E-62
  T4 algdep(xi/G,4) = 375575565072*x^4 - 583667083332*x^3 + 756606731046*x^2 + 25821698051*x - 31694624223   min|root-r| = 5.744061552318831302 E-62
  T4 algdep(xi/zeta(2),4) = 1077679557847*x^4 - 844811915135*x^3 - 796999303585*x^2 + 665913239580*x - 63592831834   min|root-r| = 1.5036109864368941428 E-61
  T4 algdep(xi/Pi^2,4) = 494315728352*x^4 - 1088451212991*x^3 + 516146635069*x^2 + 4715093748*x - 261053879   min|root-r| = 1.1058246560921660882 E-60
  T4 algdep(xi/L(g,2),4) = 575766510387*x^4 + 492378078089*x^3 + 243843016864*x^2 + 373413058752*x - 70553995686   min|root-r| = 1.0462972294018160900 E-61

=== c1_3_1_1_1__42_8_480_64_-64_SUM_t2_t3
  xi = 0.41857135889687961805879339914004440025371366479851310397825674605848319181877
  T1/T2/T4: NO HIT (unidentified)
  T3 ratios:  xi/G       = 0.4569727963121454856628676193781257027632654384447111036198
              xi/(Pi*G)  = 0.1454589587832075870654627010794841638375559203044185852290
              xi*G       = 0.3833969634575463280554877826983395115904495215885034197477
              xi/zeta(2) = 0.2544608731332816706461780814487421618802503066574363466682
              xi/Pi^2    = 0.04241014552221361177436301357479036031337505110957272444468
              xi/L(g,2)  = 0.3731756671698295871206435329808658310301404047728569617996
  T3 lindep([1,xi,G,z2]) = [209694486662299, 1808835213658198, 628911860230226, -937960223999042]~    residual 9.683754334077004617 E-47
  T3 lindep([xi,G,z2])   = [288814828685797410090, 17654759480197953070, -83322955206669290009]~    residual 7.154986829531398231 E-42
  T4 algdep(xi,1) = 3274563266318283404107038359896*x - 1370638396176648596290842814677   min|root-xi| = 6.266357511222815931 E-62
  T4 algdep(xi,2) = 148802707672288061255*x^2 - 82748914530259706745*x + 8565796218289229996   min|root-xi| = 6.809805812931136795 E-62
  T4 algdep(xi,3) = 1051037709545044*x^3 + 999681432979082*x^2 + 440084694923217*x - 436430376128959   min|root-xi| = 5.641376426499129733 E-62
  T4 algdep(xi,4) = 1017060055161*x^4 + 36113844536*x^3 + 140135519421*x^2 - 810109338627*x + 280668748426   min|root-xi| = 5.993337821416000588 E-62
  T4 algdep(xi,5) = 5787155633*x^5 - 8228983169*x^4 + 176194756*x^3 - 4065495408*x^2 - 1516767128*x + 1512476225   min|root-xi| = 2.180196975258268009 E-62
  T4 algdep(xi,6) = 9442433*x^6 - 6662034*x^5 + 100826225*x^4 + 351854579*x^3 + 345147350*x^2 - 129372162*x - 35182229   min|root-xi| = 8.763104701327461368 E-62
  T4 algdep(xi/G,4) = 1418121574152*x^4 - 826149281118*x^3 + 288053172347*x^2 - 676726037398*x + 266089075551   min|root-r| = 1.4570775581541077584 E-62
  T4 algdep(xi/zeta(2),4) = 70717302820*x^4 + 1086977760129*x^3 + 597494872482*x^2 + 660376192343*x - 224933895754   min|root-r| = 5.503126943910318586 E-62
  T4 algdep(xi/Pi^2,4) = 65765726226*x^4 + 424711083535*x^3 + 244849567846*x^2 + 109206839566*x - 5104479008   min|root-r| = 1.1285887714273774279 E-61
  T4 algdep(xi/L(g,2),4) = 1004247025784*x^4 + 543419049875*x^3 + 729426167135*x^2 + 876579480946*x - 476414469671   min|root-r| = 2.147019783524395763 E-62

=== c1_3_1_1_1__42_8_480_64_-64_DIFFoverI_t2_t3
  xi = -0.36864649809279812008821309890114684898045957163826459261143444255649805310932
  T1/T2/T4: NO HIT (unidentified)
  T3 ratios:  xi/G       = -0.4024676258980456899510974473157916904310314339307247731283
              xi/(Pi*G)  = -0.1281094241922673664271379887488863167312382636042418919196
              xi*G       = -0.3376675086669208664840178995328357720686419264939225330095
              xi/zeta(2) = -0.2241101971941907160581927250087426247846961008540603652459
              xi/Pi^2    = -0.03735169953236511934303212083479043746411601680901006087431
              xi/L(g,2)  = -0.3286653516813923848073470363479569003310178729823881509568
  T3 lindep([1,xi,G,z2]) = [-847739779017172, -1815178547908939, -1000259451361389, 665548746712167]~    residual 6.198727935694190799 E-47
  T3 lindep([xi,G,z2])   = [-142258543402661728769, 135590267977703579719, -107383716941596539300]~    residual 9.781445209437055948 E-42
  T4 algdep(xi,1) = 126574785251355771702588118103*x + 46661351329760257112141704390   min|root-xi| = 5.336247128352457294 E-61
  T4 algdep(xi,2) = 180109226775548100535*x^2 - 138552225674335356068*x - 75553680042973969199   min|root-xi| = 2.743429143471952934 E-62
  T4 algdep(xi,3) = 186878261009708*x^3 + 1608438646117991*x^2 + 338614343209188*x - 84395765485569   min|root-xi| = 6.848856261014397191 E-62
  T4 algdep(xi,4) = 966704642681*x^4 - 237364177615*x^3 + 417737810415*x^2 - 705263463913*x - 346509265717   min|root-xi| = 4.447851283396812085 E-62
  T4 algdep(xi,5) = 7088367725*x^5 - 3053996643*x^4 + 4219180985*x^3 - 8589198419*x^2 - 9960700762*x - 2188661014   min|root-xi| = 2.631905718422940239 E-62
  T4 algdep(xi,6) = 66250059*x^6 + 84447263*x^5 - 161298295*x^4 + 137859894*x^3 + 8182201*x^2 + 412534499*x + 161261772   min|root-xi| = 5.725337278156600984 E-62
  T4 algdep(xi/G,4) = 46946945634*x^4 + 145916770833*x^3 + 378303365523*x^2 - 25821698051*x - 63389248446   min|root-r| = 1.1488123104637662604 E-61
  T4 algdep(xi/zeta(2),4) = 160285152172*x^4 - 154212797145*x^3 + 1286759464332*x^2 - 1351351713085*x - 369619838443   min|root-r| = 3.466075732627835124 E-62
  T4 algdep(xi/Pi^2,4) = 126393254728*x^4 - 512675576465*x^3 - 1410101355845*x^2 - 64893179755*x - 483530568   min|root-r| = 6.924624961706746839 E-61
  T4 algdep(xi/L(g,2),4) = 1004440848143*x^4 - 929665964238*x^3 - 93298924572*x^2 - 102076148643*x - 68196675191   min|root-r| = 6.360165450026896055 E-62

=== c0_1_2_1_1__16_6_96_12_48__t1_re
  xi = 0.61944643234552988734161212588127685750184152763823632609314644857965969063236
  T1/T2/T4: NO HIT (unidentified)
  T3 ratios:  xi/G       = 0.6762769652957955423462935845299005156613221900083636242308
              xi/(Pi*G)  = 0.2152656438520240329607946506426318005761642172419846760185
              xi*G       = 0.5673916194643317831229757306065792047564458275726397335842
              xi/zeta(2) = 0.3765782743696343629739903114822568705897700991554852741370
              xi/Pi^2    = 0.06276304572827239382899838524704281176496168319258087902283
              xi/L(g,2)  = 0.5522650576850949940581277124863099001894478094219855280609
  T3 lindep([1,xi,G,z2]) = [1743472682755795, 125282966095406, -173929893723726, -1010231962592549]~    residual 2.1099522958728783778 E-47
  T3 lindep([xi,G,z2])   = [-211680990500034223662, 60486411207907201715, 46033190208044068741]~    residual 4.949150485571345033 E-42
  T4 algdep(xi,1) = 2533188246539705729697773398132*x - 1569174421778649310033202653771   min|root-xi| = 1.2421142896278303776 E-62
  T4 algdep(xi,2) = 95041088971008907850*x^2 + 193812261510441350682*x - 156524899187889874057   min|root-xi| = 2.471198405360649051 E-62
  T4 algdep(xi,3) = 1289596407209799*x^3 + 134524343107283*x^2 + 45090317208998*x - 386074316373577   min|root-xi| = 2.767105248786200052 E-62
  T4 algdep(xi,4) = 688025534320*x^4 - 585929384784*x^3 + 1037343705468*x^2 - 842134004482*x + 161581029925   min|root-xi| = 8.857922692547866744 E-62
  T4 algdep(xi,5) = 5456718643*x^5 + 5413074994*x^4 - 4000591832*x^3 + 1318387533*x^2 + 3984063652*x - 3317577705   min|root-xi| = 5.678748694480896015 E-62
  T4 algdep(xi,6) = 326049454*x^6 - 84872894*x^5 + 178417893*x^4 + 95768658*x^3 + 299694659*x^2 + 186370553*x - 290156305   min|root-xi| = 9.739529793757724178 E-63
  T4 algdep(xi/G,4) = 44620194459*x^4 + 1224707565398*x^3 + 739521387222*x^2 - 552237234806*x - 352885063475   min|root-r| = 2.209220909104456923 E-62
  T4 algdep(xi/zeta(2),4) = 843425385823*x^4 - 53706925453*x^3 - 1337479713808*x^2 + 875544419193*x - 154134930881   min|root-r| = 1.5132065533719836644 E-61
  T4 algdep(xi/Pi^2,4) = 634356837546*x^4 - 333767402843*x^3 + 1130808594752*x^2 + 587808137042*x - 41274434222   min|root-r| = 6.637727184688683046 E-62
  T4 algdep(xi/L(g,2),4) = 444880306757*x^4 + 178271706435*x^3 + 190153648326*x^2 - 1451766109229*x + 672351455676   min|root-r| = 1.6316895560760571586 E-62

=== c0_1_2_1_1__16_6_96_12_48__t1_im
  xi = 0.E-250
  RATIONAL: xi = 0/1
  HIT  T4  algdep deg<=1:  x   height 1  agree 1000 digits
  HIT  T4  algdep deg<=2:  x   height 1  agree 1000 digits
  HIT  T4  algdep deg<=3:  x   height 1  agree 1000 digits
  HIT  T4  algdep deg<=4:  x   height 1  agree 1000 digits
  HIT  T4  algdep deg<=5:  x   height 1  agree 1000 digits
  HIT  T4  algdep deg<=6:  x   height 1  agree 1000 digits
  T3 ratios:  xi/G       = 0.E-250
              xi/(Pi*G)  = 0.E-250
              xi*G       = 0.E-250
              xi/zeta(2) = 0.E-250
              xi/Pi^2    = 0.E-251
              xi/L(g,2)  = 0.E-250
  T3 lindep([1,xi,G,z2]) = [0, 1, 0, 0]~    residual 0.E-250
  T3 lindep([xi,G,z2])   = [1, 0, 0]~    residual 0.E-250
  T4 algdep(xi,1) = x   min|root-xi| = 0.E-250
  T4 algdep(xi,2) = x   min|root-xi| = 0.E-250
  T4 algdep(xi,3) = x   min|root-xi| = 0.E-250
  T4 algdep(xi,4) = x   min|root-xi| = 0.E-250
  T4 algdep(xi,5) = x   min|root-xi| = 0.E-250
  T4 algdep(xi,6) = x   min|root-xi| = 0.E-250
  T4 algdep(xi/G,4) = x   min|root-r| = 0.E-250
  T4 algdep(xi/zeta(2),4) = x   min|root-r| = 0.E-250
  T4 algdep(xi/Pi^2,4) = x   min|root-r| = 0.E-250
  T4 algdep(xi/L(g,2),4) = x   min|root-r| = 0.E-250

=== c0_1_2_1_1__16_6_96_12_48__t2_re
  xi = 0.26399746959666308573494063091027700600139172980867614838114279170559334871947
  T1/T2/T4: NO HIT (unidentified)
  T3 ratios:  xi/G       = 0.2882176702650093580799315324975807444479663307891247775106
              xi/(Pi*G)  = 0.09174253381821243772641310644252840002596527859000275406511
              xi*G       = 0.2418125991003898152819060906605063812917254620937132358995
              xi/zeta(2) = 0.1604912165886958979198309986851149870710916405846787563030
              xi/Pi^2    = 0.02674853609811598298663849978085249784518194009744645938382
              xi/L(g,2)  = 0.2353659173134026414483154419301629725719078578550602424391
  T3 lindep([1,xi,G,z2]) = [879059561500544, 1345068126905153, -1185564055497803, -90105896580659]~    residual 5.613591979064866233 E-47
  T3 lindep([xi,G,z2])   = [299693526479347588414, 47003791069481595772, -74271784214838303581]~    residual 5.555591296019920033 E-42
  T4 algdep(xi,1) = 3176501298539073875613419808161*x - 838588304984829967393333331891   min|root-xi| = 3.239340448292290362 E-62
  T4 algdep(xi,2) = 60570333129255005012*x^2 - 77781302528052283843*x + 16312638036346931361   min|root-xi| = 1.8840763577151951842 E-62
  T4 algdep(xi,3) = 717122055309530*x^3 - 430899257921562*x^2 + 1886937721639300*x - 481309887645957   min|root-xi| = 9.757279423446928428 E-64
  T4 algdep(xi,4) = 1155083247934*x^4 - 696997287825*x^3 - 681982294689*x^2 - 944107567498*x + 303986099394   min|root-xi| = 5.782673692759658744 E-63
  T4 algdep(xi,5) = 6729141127*x^5 - 10140369810*x^4 + 2654488031*x^3 + 2089323571*x^2 + 7975310774*x - 2259290737   min|root-xi| = 8.133216181114998231 E-63
  T4 algdep(xi,6) = 45225809*x^6 - 88602663*x^5 + 206536785*x^4 - 210184517*x^3 - 477444898*x^2 - 56445369*x + 51139113   min|root-xi| = 2.773889321916664322 E-62
  T4 algdep(xi/G,4) = 223084184697*x^4 + 381795729960*x^3 - 516998354832*x^2 + 1214114991989*x - 317663019602   min|root-r| = 1.4902133646070117766 E-62
  T4 algdep(xi/zeta(2),4) = 827125867809*x^4 + 395097163665*x^3 + 664229020328*x^2 + 537906841188*x - 105620177963   min|root-r| = 8.783253159275078229 E-62
  T4 algdep(xi/Pi^2,4) = 301212906128*x^4 + 318095148623*x^3 + 619231183299*x^2 - 12652016640*x - 110869144   min|root-r| = 1.0218232945709273244 E-60
  T4 algdep(xi/L(g,2),4) = 145404954667*x^4 - 972408275281*x^3 + 656457349763*x^2 - 434450217600*x + 78121541614   min|root-r| = 2.1387255724674245697 E-61

=== c0_1_2_1_1__16_6_96_12_48__t2_im
  xi = 0.35544896274886680160667149497099985150044979782956017771200365687406634191290
  T1/T2/T4: NO HIT (unidentified)
  T3 ratios:  xi/G       = 0.3880592950307861842663620520323197712133558592192388467202
              xi/(Pi*G)  = 0.12352311003381159523438154420010340055019893865198192195339
              xi*G       = 0.3255790203639419678410696399460728234647203654789264976848
              xi/zeta(2) = 0.2160870577809384650541593127971418835186784585708065178340
              xi/Pi^2    = 0.03601450963015641084235988546619031391977974309513441963899
              xi/L(g,2)  = 0.3168991403716923526098122705561469276175399515669252856218
  T3 lindep([1,xi,G,z2]) = [-820868020725240, -273448170406113, 1074840495999341, -40397986546312]~    residual 3.251570253353833172 E-47
  T3 lindep([xi,G,z2])   = [-75516853950301138535, -51924768103275690098, 45232018701810043986]~    residual 2.1571597969352302237 E-42
  T4 algdep(xi,1) = 3172463797519271563797169516617*x - 1127648966186556069609032669833   min|root-xi| = 1.1870420272775152954 E-62
  T4 algdep(xi,2) = 117169526441077756703*x^2 + 147266520656359308112*x - 67149394576647500965   min|root-xi| = 1.4332628043502261598 E-62
  T4 algdep(xi,3) = 356516329825961*x^3 - 2030421323948116*x^2 + 384772506253005*x + 103753760958252   min|root-xi| = 3.504940521495791066 E-62
  T4 algdep(xi,4) = 688345865017*x^4 + 702166984355*x^3 + 375639465063*x^2 + 119567548834*x - 132481365032   min|root-xi| = 1.6681674246414030875 E-62
  T4 algdep(xi,5) = 9112717105*x^5 - 4191128998*x^4 + 3387981497*x^3 - 3980435761*x^2 + 4542031049*x - 1248509525   min|root-xi| = 3.415528156894018317 E-62
  T4 algdep(xi,6) = 66360032*x^6 - 344142773*x^5 - 30183891*x^4 + 45194174*x^3 - 116488283*x^2 - 230842152*x + 97041214   min|root-xi| = 2.747102088900458748 E-63
  T4 algdep(xi/G,4) = 1452292776685*x^4 - 207744987837*x^3 - 267841981743*x^2 - 96295386343*x + 56908663745   min|root-r| = 2.1443633807468715535 E-61
  T4 algdep(xi/zeta(2),4) = 345156734072*x^4 + 824990931170*x^3 + 1097833827997*x^2 + 133618836526*x - 89211740759   min|root-r| = 2.876464368708743496 E-62
  T4 algdep(xi/Pi^2,4) = 275790064886*x^4 - 49698299036*x^3 + 1090171114257*x^2 - 624966193412*x + 21095707663   min|root-r| = 7.644873606147829011 E-62
  T4 algdep(xi/L(g,2),4) = 37462659950*x^4 - 645535256717*x^3 + 183435857734*x^2 + 306610831072*x - 95420172754   min|root-r| = 2.435468058778706118 E-62

=== c0_1_2_1_1__16_6_96_12_48__t3_re
  xi = 0.26399746959666308573494063091027700600139172980867614838114279170559334871947
  T1/T2/T4: NO HIT (unidentified)
  T3 ratios:  xi/G       = 0.2882176702650093580799315324975807444479663307891247775106
              xi/(Pi*G)  = 0.09174253381821243772641310644252840002596527859000275406511
              xi*G       = 0.2418125991003898152819060906605063812917254620937132358995
              xi/zeta(2) = 0.1604912165886958979198309986851149870710916405846787563030
              xi/Pi^2    = 0.02674853609811598298663849978085249784518194009744645938382
              xi/L(g,2)  = 0.2353659173134026414483154419301629725719078578550602424391
  T3 lindep([1,xi,G,z2]) = [879059561500544, 1345068126905153, -1185564055497803, -90105896580659]~    residual 5.613591979064866233 E-47
  T3 lindep([xi,G,z2])   = [299693526479347588414, 47003791069481595772, -74271784214838303581]~    residual 5.555591296019920033 E-42
  T4 algdep(xi,1) = 3176501298539073875613419808161*x - 838588304984829967393333331891   min|root-xi| = 3.239340448292290362 E-62
  T4 algdep(xi,2) = 60570333129255005012*x^2 - 77781302528052283843*x + 16312638036346931361   min|root-xi| = 1.8840763577151951842 E-62
  T4 algdep(xi,3) = 717122055309530*x^3 - 430899257921562*x^2 + 1886937721639300*x - 481309887645957   min|root-xi| = 9.757279423446928428 E-64
  T4 algdep(xi,4) = 1155083247934*x^4 - 696997287825*x^3 - 681982294689*x^2 - 944107567498*x + 303986099394   min|root-xi| = 5.782673692759658744 E-63
  T4 algdep(xi,5) = 6729141127*x^5 - 10140369810*x^4 + 2654488031*x^3 + 2089323571*x^2 + 7975310774*x - 2259290737   min|root-xi| = 8.133216181114998231 E-63
  T4 algdep(xi,6) = 45225809*x^6 - 88602663*x^5 + 206536785*x^4 - 210184517*x^3 - 477444898*x^2 - 56445369*x + 51139113   min|root-xi| = 2.773889321916664322 E-62
  T4 algdep(xi/G,4) = 223084184697*x^4 + 381795729960*x^3 - 516998354832*x^2 + 1214114991989*x - 317663019602   min|root-r| = 1.4902133646070117766 E-62
  T4 algdep(xi/zeta(2),4) = 827125867809*x^4 + 395097163665*x^3 + 664229020328*x^2 + 537906841188*x - 105620177963   min|root-r| = 8.783253159275078229 E-62
  T4 algdep(xi/Pi^2,4) = 301212906128*x^4 + 318095148623*x^3 + 619231183299*x^2 - 12652016640*x - 110869144   min|root-r| = 1.0218232945709273244 E-60
  T4 algdep(xi/L(g,2),4) = 145404954667*x^4 - 972408275281*x^3 + 656457349763*x^2 - 434450217600*x + 78121541614   min|root-r| = 2.1387255724674245697 E-61

=== c0_1_2_1_1__16_6_96_12_48__t3_im
  xi = -0.35544896274886680160667149497099985150044979782956017771200365687406634191290
  T1/T2/T4: NO HIT (unidentified)
  T3 ratios:  xi/G       = -0.3880592950307861842663620520323197712133558592192388467202
              xi/(Pi*G)  = -0.12352311003381159523438154420010340055019893865198192195339
              xi*G       = -0.3255790203639419678410696399460728234647203654789264976848
              xi/zeta(2) = -0.2160870577809384650541593127971418835186784585708065178340
              xi/Pi^2    = -0.03601450963015641084235988546619031391977974309513441963899
              xi/L(g,2)  = -0.3168991403716923526098122705561469276175399515669252856218
  T3 lindep([1,xi,G,z2]) = [-820868020725240, 273448170406113, 1074840495999341, -40397986546312]~    residual 3.251570253353833172 E-47
  T3 lindep([xi,G,z2])   = [75516853950301138535, -51924768103275690098, 45232018701810043986]~    residual 2.1571597969352302237 E-42
  T4 algdep(xi,1) = 3172463797519271563797169516617*x + 1127648966186556069609032669833   min|root-xi| = 1.1870420272775152954 E-62
  T4 algdep(xi,2) = 117169526441077756703*x^2 - 147266520656359308112*x - 67149394576647500965   min|root-xi| = 1.4332628043502261598 E-62
  T4 algdep(xi,3) = 356516329825961*x^3 + 2030421323948116*x^2 + 384772506253005*x - 103753760958252   min|root-xi| = 3.504940521495791066 E-62
  T4 algdep(xi,4) = 688345865017*x^4 - 702166984355*x^3 + 375639465063*x^2 - 119567548834*x - 132481365032   min|root-xi| = 1.6681674246414030875 E-62
  T4 algdep(xi,5) = 9112717105*x^5 + 4191128998*x^4 + 3387981497*x^3 + 3980435761*x^2 + 4542031049*x + 1248509525   min|root-xi| = 3.415528156894018317 E-62
  T4 algdep(xi,6) = 66360032*x^6 + 344142773*x^5 - 30183891*x^4 - 45194174*x^3 - 116488283*x^2 + 230842152*x + 97041214   min|root-xi| = 2.747102088900458748 E-63
  T4 algdep(xi/G,4) = 1452292776685*x^4 + 207744987837*x^3 - 267841981743*x^2 + 96295386343*x + 56908663745   min|root-r| = 2.1443633807468715535 E-61
  T4 algdep(xi/zeta(2),4) = 345156734072*x^4 - 824990931170*x^3 + 1097833827997*x^2 - 133618836526*x - 89211740759   min|root-r| = 2.876464368708743496 E-62
  T4 algdep(xi/Pi^2,4) = 275790064886*x^4 + 49698299036*x^3 + 1090171114257*x^2 + 624966193412*x + 21095707663   min|root-r| = 7.644873606147829011 E-62
  T4 algdep(xi/L(g,2),4) = 37462659950*x^4 + 645535256717*x^3 + 183435857734*x^2 - 306610831072*x - 95420172754   min|root-r| = 2.435468058778706118 E-62

=== c0_1_2_1_1__16_6_96_12_48_SUM_t2_t3
  xi = 0.52799493919332617146988126182055401200278345961735229676228558341118669743894
  T1/T2/T4: NO HIT (unidentified)
  T3 ratios:  xi/G       = 0.5764353405300187161598630649951614888959326615782495550213
              xi/(Pi*G)  = 0.1834850676364248754528262128850568000519305571800055081302
              xi*G       = 0.4836251982007796305638121813210127625834509241874264717989
              xi/zeta(2) = 0.3209824331773917958396619973702299741421832811693575126059
              xi/Pi^2    = 0.05349707219623196597327699956170499569036388019489291876765
              xi/L(g,2)  = 0.4707318346268052828966308838603259451438157157101204848782
  T3 lindep([1,xi,G,z2]) = [333109169409845, -683605953590723, -2128999060534220, 1202431905227208]~    residual 2.1802031967160362146 E-48
  T3 lindep([xi,G,z2])   = [149846763239673794207, 47003791069481595772, -74271784214838303581]~    residual 5.555591296019920033 E-42
  T4 algdep(xi,1) = 3548992888786793339030683484382*x - 1873850284512529940810096893843   min|root-xi| = 2.391772808488372969 E-62
  T4 algdep(xi,2) = 30285166564627502506*x^2 - 77781302528052283843*x + 32625276072693862722   min|root-xi| = 3.768152715430390368 E-62
  T4 algdep(xi,3) = 778344548348100*x^3 - 375244271174070*x^2 - 1157047875761963*x + 600958087261066   min|root-xi| = 6.544408222374640174 E-62
  T4 algdep(xi,4) = 568190195616*x^4 - 837094304289*x^3 - 275239894264*x^2 + 598426044831*x - 160178234897   min|root-xi| = 2.9363355682710412858 E-61
  T4 algdep(xi,5) = 2066894138*x^5 - 1010859875*x^4 + 5060618901*x^3 - 412509067*x^2 + 2032084427*x - 1709075247   min|root-xi| = 4.273501841344811754 E-62
  T4 algdep(xi,6) = 24625591*x^6 - 123444875*x^5 - 95141665*x^4 - 23912447*x^3 + 353027000*x^2 - 173397773*x + 8582649   min|root-xi| = 1.6785500716212687555 E-61
  T4 algdep(xi/G,4) = 325515478254*x^4 + 205716458578*x^3 + 689725480102*x^2 - 464156287930*x - 36966208935   min|root-r| = 1.5468642725243243897 E-62
  T4 algdep(xi/zeta(2),4) = 785956572892*x^4 + 796739002186*x^3 + 434929879195*x^2 - 1007654160104*x + 243936811938   min|root-r| = 3.985659196626947789 E-63
  T4 algdep(xi/Pi^2,4) = 631698234054*x^4 - 1200493012260*x^3 + 115061784118*x^2 - 58278824258*x + 2967074649   min|root-r| = 7.718026491596858959 E-61
  T4 algdep(xi/L(g,2),4) = 206892910057*x^4 - 875617164181*x^3 + 301225000500*x^2 - 1417967157174*x + 681910081535   min|root-r| = 3.989200176771784696 E-62

=== c0_1_2_1_1__16_6_96_12_48_DIFFoverI_t2_t3
  xi = 0.71089792549773360321334298994199970300089959565912035542400731374813268382580
  T1/T2/T4: NO HIT (unidentified)
  T3 ratios:  xi/G       = 0.7761185900615723685327241040646395424267117184384776934404
              xi/(Pi*G)  = 0.2470462200676231904687630884002068011003978773039638439068
              xi*G       = 0.6511580407278839356821392798921456469294407309578529953695
              xi/zeta(2) = 0.4321741155618769301083186255942837670373569171416130356679
              xi/Pi^2    = 0.07202901926031282168471977093238062783955948619026883927798
              xi/L(g,2)  = 0.6337982807433847052196245411122938552350799031338505712436
  T3 lindep([1,xi,G,z2]) = [-750943357009520, 964655129772653, 209202548127197, -76872570404969]~    residual 1.5036798076166583420 E-47
  T3 lindep([xi,G,z2])   = [75516853950301138535, 103849536206551380196, -90464037403620087972]~    residual 4.314319593870460447 E-42
  T4 algdep(xi,1) = 3172463797519271563797169516617*x - 2255297932373112139218065339666   min|root-xi| = 2.374084054555030591 E-62
  T4 algdep(xi,2) = 196806970649737199255*x^2 - 8162296757263969839*x - 93658932307943086016   min|root-xi| = 2.884993456995162755 E-62
  T4 algdep(xi,3) = 833534785793173*x^3 + 325986687432220*x^2 + 1110183277677580*x - 1253437376652817   min|root-xi| = 2.586599831346131517 E-62
  T4 algdep(xi,4) = 148740080604*x^4 - 595876867094*x^3 + 270413836799*x^2 - 85656866234*x + 100324808255   min|root-xi| = 1.2163992173376831617 E-61
  T4 algdep(xi,5) = 10236917612*x^5 - 2610395301*x^4 - 5996309535*x^3 + 9907072443*x^2 - 1926727106*x - 2674767038   min|root-xi| = 1.9085552443245557216 E-62
  T4 algdep(xi,6) = 6134425*x^6 - 172142405*x^5 - 147312963*x^4 + 289665808*x^3 + 90026968*x^2 - 104806971*x - 6970862   min|root-xi| = 1.9875085273230459876 E-61
  T4 algdep(xi/G,4) = 104886828299*x^4 - 181383701338*x^3 - 809853208207*x^2 + 151152228635*x + 417251683474   min|root-r| = 3.514087663423386273 E-62
  T4 algdep(xi/zeta(2),4) = 788174844855*x^4 + 593704971385*x^3 + 372021604751*x^2 + 378899664576*x - 308653332871   min|root-r| = 2.731379629227586952 E-62
  T4 algdep(xi/Pi^2,4) = 474989563867*x^4 + 786321906263*x^3 + 79025222212*x^2 + 156112402415*x - 11961253775   min|root-r| = 1.3046947888993209183 E-61
  T4 algdep(xi/L(g,2),4) = 196130847165*x^4 + 896448378665*x^3 + 1235400881886*x^2 - 147637479899*x - 662569765973   min|root-r| = 1.6421817189951481459 E-62

=== c0_1_2_1_1__17_6_112_8_24__t1_re
  xi = 0.56118534995005655737540153288977397674605619569368940119151582292225834537853
  T1/T2/T4: NO HIT (unidentified)
  T3 ratios:  xi/G       = 0.6126707744455733849053459847811254025110121467204397703025
              xi/(Pi*G)  = 0.1950191644819053504207708336802899180665590525298638166394
              xi*G       = 0.5140264725105541398911767609900851180482622542522928568779
              xi/zeta(2) = 0.3411597833980756101843360041870915923985346376027491813312
              xi/Pi^2    = 0.05685996389967926836405600069784859873308910626712486355520
              xi/L(g,2)  = 0.5003226162570289670696502802587729253296666213137945385201
  T3 lindep([1,xi,G,z2]) = [-196984054463622, -38676888050601, 1127888386217728, -495106773482230]~    residual 5.887479052054346998 E-48
  T3 lindep([xi,G,z2])   = [-10469635888580720965, -70607965245714365783, 42889179901961065029]~    residual 1.1090557949124715111 E-41
  T4 algdep(xi,1) = 302155374572719584453635282795*x - 169565169618882060839781195812   min|root-xi| = 4.944076363653579534 E-61
  T4 algdep(xi,2) = 147901939666977079376*x^2 - 241347430618437137303*x + 88862032797690912075   min|root-xi| = 1.976555188256667679 E-62
  T4 algdep(xi,3) = 171547782537740*x^3 + 1498802830715418*x^2 + 87913225353178*x - 551670333093293   min|root-xi| = 1.3133605298780182843 E-62
  T4 algdep(xi,4) = 760515354749*x^4 - 541312638844*x^3 + 1003944212834*x^2 - 259047182119*x - 150557682479   min|root-xi| = 2.311867240726170355 E-62
  T4 algdep(xi,5) = 11488551671*x^5 - 8838412017*x^4 + 1975051184*x^3 + 520085660*x^2 - 531617231*x + 22648338   min|root-xi| = 2.0847192255915764496 E-61
  T4 algdep(xi,6) = 62264753*x^6 + 17674191*x^5 - 17739530*x^4 - 21525949*x^3 + 212485969*x^2 + 74154665*x - 105897279   min|root-xi| = 6.042590788059184651 E-63
  T4 algdep(xi/G,4) = 50372507898*x^4 - 655293288308*x^3 - 1308088444091*x^2 + 912779190851*x + 75382036080   min|root-r| = 9.299039142753751690 E-63
  T4 algdep(xi/zeta(2),4) = 316215305440*x^4 - 109724890964*x^3 + 697037804*x^2 + 811459599851*x - 276845251203   min|root-r| = 6.510050842384725178 E-62
  T4 algdep(xi/Pi^2,4) = 85245893313*x^4 - 870572635283*x^3 - 409494736043*x^2 - 114569152871*x + 7997464660   min|root-r| = 3.582969139209419444 E-65
  T4 algdep(xi/L(g,2),4) = 289745923000*x^4 + 256611641713*x^3 - 1578008185168*x^2 - 396968909842*x + 543329335756   min|root-r| = 5.892153812023044228 E-63

=== c0_1_2_1_1__17_6_112_8_24__t1_im
  xi = -2.5535997755029194750111615144845216910137968715897531575290749548473217412556 E-473
  HIT  T4  algdep deg<=1:  x   height 1  agree 1000 digits
  HIT  T4  algdep deg<=2:  x   height 1  agree 1000 digits
  HIT  T4  algdep deg<=3:  x   height 1  agree 1000 digits
  HIT  T4  algdep deg<=4:  x   height 1  agree 1000 digits
  HIT  T4  algdep deg<=5:  x   height 1  agree 1000 digits
  HIT  T4  algdep deg<=6:  x   height 1  agree 1000 digits
  T3 ratios:  xi/G       = -2.787877395980939638658989333092590279560119077512770669058 E-473
              xi/(Pi*G)  = -8.874089366090556133267236189965926208676586798133259686152 E-474
              xi*G       = -2.339009535659344722721050755703556048668193733902418805511 E-473
              xi/zeta(2) = -1.552402510816582860708036120153119780284646789935302944925 E-473
              xi/Pi^2    = -2.587337518027638101180060200255199633807744649892171574875 E-474
              xi/L(g,2)  = -2.276651948712998897705482063470656547633372795913304022111 E-473
  T3 lindep([1,xi,G,z2]) = [0, 1, 0, 0]~    residual 2.553599775502919475 E-473
  T3 lindep([xi,G,z2])   = [1, 0, 0]~    residual 2.553599775502919475 E-473
  T4 algdep(xi,1) = x   min|root-xi| = 0.E-250
  T4 algdep(xi,2) = x   min|root-xi| = 0.E-250
  T4 algdep(xi,3) = x   min|root-xi| = 0.E-250
  T4 algdep(xi,4) = x   min|root-xi| = 0.E-250
  T4 algdep(xi,5) = x   min|root-xi| = 0.E-250
  T4 algdep(xi,6) = x   min|root-xi| = 0.E-250
  T4 algdep(xi/G,4) = x   min|root-r| = 0.E-250
  T4 algdep(xi/zeta(2),4) = x   min|root-r| = 0.E-250
  T4 algdep(xi/Pi^2,4) = x   min|root-r| = 0.E-250
  T4 algdep(xi/L(g,2),4) = x   min|root-r| = 0.E-250

=== c0_1_2_1_1__17_6_112_8_24__t2_re
  xi = 0.17551133455007632081579328120491005457210225370031420632337220127637032453364
  T1/T2/T4: NO HIT (unidentified)
  T3 ratios:  xi/G       = 0.1916134576077960987116865788920114678488525160209273597737
              xi/(Pi*G)  = 0.06099245788242017494157209679705720467052389625111406228497
              xi*G       = 0.1607623438359973257812561869267711112714510401627801509379
              xi/zeta(2) = 0.10669809695556039038028533457084907003589181822409356759867
              xi/Pi^2    = 0.01778301615926006506338088909514151167264863637068226126644
              xi/L(g,2)  = 0.1564764477416807786385059821445205430477051538206280018770
  T3 lindep([1,xi,G,z2]) = [273585610000489, -1135084701974526, 285387335615977, -204123901580480]~    residual 1.2156694591580638543 E-46
  T3 lindep([xi,G,z2])   = [8934097494539727582, 170288170030924579315, -95776568431013377697]~    residual 2.0790294004071450954 E-42
  T4 algdep(xi,1) = 3288219404783838059818421920905*x - 577119776027069031737294362084   min|root-xi| = 3.966380183378284917 E-62
  T4 algdep(xi,2) = 13780866003238772551*x^2 + 236305230214512192406*x - 41898755262169212327   min|root-xi| = 1.1771961526777121376 E-62
  T4 algdep(xi,3) = 902926809730127*x^3 + 1408339102979221*x^2 - 115598214974736*x - 27975668538515   min|root-xi| = 1.2323420720115341948 E-61
  T4 algdep(xi,4) = 814316323527*x^4 - 729030048091*x^3 - 275813190734*x^2 + 659448897563*x - 104075754091   min|root-xi| = 2.263792482739716322 E-62
  T4 algdep(xi,5) = 1433697943*x^5 + 480967235*x^4 - 12832384334*x^3 - 2274677941*x^2 - 702969768*x + 262131873   min|root-xi| = 7.359614879859198081 E-62
  T4 algdep(xi,6) = 206321684*x^6 + 340903376*x^5 + 205787611*x^4 - 69312247*x^3 - 52156140*x^2 + 283884856*x - 48101722   min|root-xi| = 7.573431821195835201 E-62
  T4 algdep(xi/G,4) = 514099323463*x^4 + 499531327147*x^3 + 597819178299*x^2 - 572316554102*x + 83506849944   min|root-r| = 4.128174827990497154 E-63
  T4 algdep(xi/zeta(2),4) = 715962905894*x^4 + 913014009257*x^3 - 839473732833*x^2 + 152696924496*x - 7937330134   min|root-r| = 5.187325106940457500 E-60
  T4 algdep(xi/Pi^2,4) = 555114824375*x^4 - 371478257927*x^3 - 831880767793*x^2 - 697533045430*x + 12669345325   min|root-r| = 3.051438925797157103 E-62
  T4 algdep(xi/L(g,2),4) = 1029802399856*x^4 + 713475448510*x^3 + 212627344046*x^2 - 529803760694*x + 74344736279   min|root-r| = 4.632672771684399013 E-62

=== c0_1_2_1_1__17_6_112_8_24__t2_im
  xi = 0.22266899661062246219390793119958543190997797469120752988291645287089362765767
  T1/T2/T4: NO HIT (unidentified)
  T3 ratios:  xi/G       = 0.2430975552205522611535336454301600537652649364964505889894
              xi/(Pi*G)  = 0.07738035513381175802799834727073328561494394824470942352285
              xi*G       = 0.2039571397852939705557167825508256158259346565590689831799
              xi/zeta(2) = 0.1353665177822397917302290537561777414441969022023085024813
              xi/Pi^2    = 0.02256108629703996528837150895936295690736615036705141708022
              xi/L(g,2)  = 0.1985196779521576997976483518312115938656080737744996464895
  T3 lindep([1,xi,G,z2]) = [54891844049643, -397918260473388, -589157798258305, 348561380084618]~    residual 4.507330454040550432 E-47
  T3 lindep([xi,G,z2])   = [110069522011836790629, -228104071163736670090, 112117813577366142769]~    residual 6.616490295586952814 E-42
  T4 algdep(xi,1) = 723868820998417374463375273493*x - 161183144049431876144170631758   min|root-xi| = 1.0063824550863273442 E-61
  T4 algdep(xi,2) = 26876054210847992357*x^2 - 199805534013474200353*x + 43157943176557409429   min|root-xi| = 7.289576223172693662 E-62
  T4 algdep(xi,3) = 1016725635202843*x^3 + 772969910753671*x^2 - 1215802703151220*x + 221171660029607   min|root-xi| = 2.813481694262682288 E-62
  T4 algdep(xi,4) = 582994723113*x^4 - 998868296864*x^3 + 242914632498*x^2 + 122741549520*x - 29780230150   min|root-xi| = 3.0261479381807531845 E-61
  T4 algdep(xi,5) = 3959889027*x^5 - 2484019558*x^4 - 8545062907*x^3 - 5956022619*x^2 + 3990220245*x - 494911293   min|root-xi| = 3.849344484507306443 E-59
  T4 algdep(xi,6) = 36978717*x^6 + 198155600*x^5 + 59171652*x^4 + 189218429*x^3 - 324059082*x^2 + 151220657*x - 19952282   min|root-xi| = 1.8901889554475049564 E-61
  T4 algdep(xi/G,4) = 172731837752*x^4 - 7455024135*x^3 + 306390344797*x^2 + 135610731651*x - 51569356334   min|root-r| = 1.2806518788568260191 E-61
  T4 algdep(xi/zeta(2),4) = 1604189272721*x^4 + 361682280203*x^3 - 656190286244*x^2 - 78835736886*x + 21260027615   min|root-r| = 1.8053937708360306447 E-62
  T4 algdep(xi/Pi^2,4) = 813237308882*x^4 - 742931531968*x^3 + 706928267640*x^2 - 514431811410*x + 11254633025   min|root-r| = 2.738179271271149193 E-62
  T4 algdep(xi/L(g,2),4) = 674783043980*x^4 + 239318623919*x^3 - 1144939392770*x^2 + 17041048930*x + 38818757555   min|root-r| = 5.573440465662472054 E-62

=== c0_1_2_1_1__17_6_112_8_24__t3_re
  xi = 0.17551133455007632081579328120491005457210225370031420632337220127637032453364
  T1/T2/T4: NO HIT (unidentified)
  T3 ratios:  xi/G       = 0.1916134576077960987116865788920114678488525160209273597737
              xi/(Pi*G)  = 0.06099245788242017494157209679705720467052389625111406228497
              xi*G       = 0.1607623438359973257812561869267711112714510401627801509379
              xi/zeta(2) = 0.10669809695556039038028533457084907003589181822409356759867
              xi/Pi^2    = 0.01778301615926006506338088909514151167264863637068226126644
              xi/L(g,2)  = 0.1564764477416807786385059821445205430477051538206280018770
  T3 lindep([1,xi,G,z2]) = [273585610000489, -1135084701974526, 285387335615977, -204123901580480]~    residual 1.2156694591580638543 E-46
  T3 lindep([xi,G,z2])   = [8934097494539727582, 170288170030924579315, -95776568431013377697]~    residual 2.0790294004071450954 E-42
  T4 algdep(xi,1) = 3288219404783838059818421920905*x - 577119776027069031737294362084   min|root-xi| = 3.966380183378284917 E-62
  T4 algdep(xi,2) = 13780866003238772551*x^2 + 236305230214512192406*x - 41898755262169212327   min|root-xi| = 1.1771961526777121376 E-62
  T4 algdep(xi,3) = 902926809730127*x^3 + 1408339102979221*x^2 - 115598214974736*x - 27975668538515   min|root-xi| = 1.2323420720115341948 E-61
  T4 algdep(xi,4) = 814316323527*x^4 - 729030048091*x^3 - 275813190734*x^2 + 659448897563*x - 104075754091   min|root-xi| = 2.263792482739716322 E-62
  T4 algdep(xi,5) = 1433697943*x^5 + 480967235*x^4 - 12832384334*x^3 - 2274677941*x^2 - 702969768*x + 262131873   min|root-xi| = 7.359614879859198081 E-62
  T4 algdep(xi,6) = 206321684*x^6 + 340903376*x^5 + 205787611*x^4 - 69312247*x^3 - 52156140*x^2 + 283884856*x - 48101722   min|root-xi| = 7.573431821195835201 E-62
  T4 algdep(xi/G,4) = 514099323463*x^4 + 499531327147*x^3 + 597819178299*x^2 - 572316554102*x + 83506849944   min|root-r| = 4.128174827990497154 E-63
  T4 algdep(xi/zeta(2),4) = 715962905894*x^4 + 913014009257*x^3 - 839473732833*x^2 + 152696924496*x - 7937330134   min|root-r| = 5.187325106940457500 E-60
  T4 algdep(xi/Pi^2,4) = 555114824375*x^4 - 371478257927*x^3 - 831880767793*x^2 - 697533045430*x + 12669345325   min|root-r| = 3.051438925797157103 E-62
  T4 algdep(xi/L(g,2),4) = 1029802399856*x^4 + 713475448510*x^3 + 212627344046*x^2 - 529803760694*x + 74344736279   min|root-r| = 4.632672771684399013 E-62

=== c0_1_2_1_1__17_6_112_8_24__t3_im
  xi = -0.22266899661062246219390793119958543190997797469120752988291645287089362765767
  T1/T2/T4: NO HIT (unidentified)
  T3 ratios:  xi/G       = -0.2430975552205522611535336454301600537652649364964505889894
              xi/(Pi*G)  = -0.07738035513381175802799834727073328561494394824470942352285
              xi*G       = -0.2039571397852939705557167825508256158259346565590689831799
              xi/zeta(2) = -0.1353665177822397917302290537561777414441969022023085024813
              xi/Pi^2    = -0.02256108629703996528837150895936295690736615036705141708022
              xi/L(g,2)  = -0.1985196779521576997976483518312115938656080737744996464895
  T3 lindep([1,xi,G,z2]) = [-54891844049643, -397918260473388, 589157798258305, -348561380084618]~    residual 4.507330454040550432 E-47
  T3 lindep([xi,G,z2])   = [-110069522011836790629, -228104071163736670090, 112117813577366142769]~    residual 6.616490295586952814 E-42
  T4 algdep(xi,1) = 723868820998417374463375273493*x + 161183144049431876144170631758   min|root-xi| = 1.0063824550863273442 E-61
  T4 algdep(xi,2) = 26876054210847992357*x^2 + 199805534013474200353*x + 43157943176557409429   min|root-xi| = 7.289576223172693662 E-62
  T4 algdep(xi,3) = 1016725635202843*x^3 - 772969910753671*x^2 - 1215802703151220*x - 221171660029607   min|root-xi| = 2.813481694262682288 E-62
  T4 algdep(xi,4) = 582994723113*x^4 + 998868296864*x^3 + 242914632498*x^2 - 122741549520*x - 29780230150   min|root-xi| = 3.0261479381807531845 E-61
  T4 algdep(xi,5) = 3959889027*x^5 + 2484019558*x^4 - 8545062907*x^3 + 5956022619*x^2 + 3990220245*x + 494911293   min|root-xi| = 3.849344484507306443 E-59
  T4 algdep(xi,6) = 36978717*x^6 - 198155600*x^5 + 59171652*x^4 - 189218429*x^3 - 324059082*x^2 - 151220657*x - 19952282   min|root-xi| = 1.8901889554475049564 E-61
  T4 algdep(xi/G,4) = 172731837752*x^4 + 7455024135*x^3 + 306390344797*x^2 - 135610731651*x - 51569356334   min|root-r| = 1.2806518788568260191 E-61
  T4 algdep(xi/zeta(2),4) = 1604189272721*x^4 - 361682280203*x^3 - 656190286244*x^2 + 78835736886*x + 21260027615   min|root-r| = 1.8053937708360306447 E-62
  T4 algdep(xi/Pi^2,4) = 813237308882*x^4 + 742931531968*x^3 + 706928267640*x^2 + 514431811410*x + 11254633025   min|root-r| = 2.738179271271149193 E-62
  T4 algdep(xi/L(g,2),4) = 674783043980*x^4 - 239318623919*x^3 - 1144939392770*x^2 - 17041048930*x + 38818757555   min|root-r| = 5.573440465662472054 E-62

=== c0_1_2_1_1__17_6_112_8_24_SUM_t2_t3
  xi = 0.35102266910015264163158656240982010914420450740062841264674440255274064906728
  T1/T2/T4: NO HIT (unidentified)
  T3 ratios:  xi/G       = 0.3832269152155921974233731577840229356977050320418547195474
              xi/(Pi*G)  = 0.12198491576484034988314419359411440934104779250222812456993
              xi*G       = 0.3215246876719946515625123738535422225429020803255603018759
              xi/zeta(2) = 0.2133961939111207807605706691416981400717836364481871351973
              xi/Pi^2    = 0.03556603231852013012676177819028302334529727274136452253289
              xi/L(g,2)  = 0.3129528954833615572770119642890410860954103076412560037540
  T3 lindep([1,xi,G,z2]) = [-85777675127158, 2263452508197882, -1112481203082512, 188608800050579]~    residual 1.8841500042870068126 E-47
  T3 lindep([xi,G,z2])   = [-4467048747269863791, -170288170030924579315, 95776568431013377697]~    residual 2.0790294004071450954 E-42
  T4 algdep(xi,1) = 5009815772808961046692900338598*x - 1758558904271445417461581259753   min|root-xi| = 1.8623583101850159672 E-62
  T4 algdep(xi,2) = 164077065056168316684*x^2 - 117074894184652560657*x + 20878872190459238455   min|root-xi| = 5.266341598506071682 E-60
  T4 algdep(xi,3) = 441901611353918*x^3 - 461353119645089*x^2 - 199876884393031*x + 107894727611376   min|root-xi| = 1.2986350819572209901 E-61
  T4 algdep(xi,4) = 541274897754*x^4 - 600269554340*x^3 - 226813115414*x^2 - 807366289267*x + 329096042486   min|root-xi| = 4.846258057118537632 E-62
  T4 algdep(xi,5) = 1191886661*x^5 - 2844038697*x^4 + 7742524395*x^3 - 1630959992*x^2 + 8510041769*x - 3084307491   min|root-xi| = 5.449187315334674040 E-62
  T4 algdep(xi,6) = 23167348*x^6 - 127268232*x^5 + 112228891*x^4 + 94191338*x^3 - 93578491*x^2 - 285068015*x + 106452846   min|root-xi| = 2.348892252124455698 E-62
  T4 algdep(xi/G,4) = 793172478102*x^4 + 1152924718175*x^3 + 878001637115*x^2 - 616232031046*x + 25214477262   min|root-r| = 3.335266538016875950 E-63
  T4 algdep(xi/zeta(2),4) = 406880726728*x^4 - 303990495092*x^3 + 606903227506*x^2 + 532664093830*x - 139195295587   min|root-r| = 4.165175284666388686 E-62
  T4 algdep(xi/Pi^2,4) = 305871437663*x^4 - 456921698382*x^3 - 577106089670*x^2 + 417975322765*x - 14115650701   min|root-r| = 3.765579775182554568 E-63
  T4 algdep(xi/L(g,2),4) = 1138620060537*x^4 + 342857725189*x^3 + 274129458780*x^2 - 355814385258*x + 63074477980   min|root-r| = 6.689542382638067213 E-61

=== c0_1_2_1_1__17_6_112_8_24_DIFFoverI_t2_t3
  xi = 0.44533799322124492438781586239917086381995594938241505976583290574178725531535
  T1/T2/T4: NO HIT (unidentified)
  T3 ratios:  xi/G       = 0.4861951104411045223070672908603201075305298729929011779787
              xi/(Pi*G)  = 0.1547607102676235160559966945414665712298878964894188470457
              xi*G       = 0.4079142795705879411114335651016512316518693131181379663599
              xi/zeta(2) = 0.2707330355644795834604581075123554828883938044046170049626
              xi/Pi^2    = 0.04512217259407993057674301791872591381473230073410283416044
              xi/L(g,2)  = 0.3970393559043153995952967036624231877312161475489992929789
  T3 lindep([1,xi,G,z2]) = [-54891844049643, 198959130236694, 589157798258305, -348561380084618]~    residual 4.507330454040550432 E-47
  T3 lindep([xi,G,z2])   = [263130659091533655862, -170532308836665519736, 23721101472441242415]~    residual 2.1332117933472249002 E-43
  T4 algdep(xi,1) = 723868820998417374463375273493*x - 322366288098863752288341263516   min|root-xi| = 2.0127649101726546884 E-61
  T4 algdep(xi,2) = 75875329124592373229*x^2 + 5110742443297022610*x - 17324052860163770285   min|root-xi| = 3.597204466747859671 E-62
  T4 algdep(xi,3) = 295112690885014*x^3 + 1224808284751227*x^2 - 1024474163481499*x + 187261064124459   min|root-xi| = 9.261198240327279906 E-62
  T4 algdep(xi,4) = 922009424391*x^4 - 935002507757*x^3 - 537813746052*x^2 - 42197730331*x + 171770463753   min|root-xi| = 2.849936558896880266 E-63
  T4 algdep(xi,5) = 2548280525*x^5 + 5466001571*x^4 + 814744523*x^3 - 5085016381*x^2 + 2038348268*x - 230855547   min|root-xi| = 1.2344354320983844467 E-61
  T4 algdep(xi,6) = 176991085*x^6 - 64072340*x^5 + 115450581*x^4 + 174762466*x^3 - 122695702*x^2 - 49103075*x + 25966440   min|root-xi| = 2.3466946405576153546 E-61
  T4 algdep(xi/G,4) = 1247504665023*x^4 + 43298996398*x^3 + 406081839492*x^2 + 532129270818*x - 429395223884   min|root-r| = 4.413208959076670662 E-62
  T4 algdep(xi/zeta(2),4) = 4107842364*x^4 + 616884607757*x^3 + 184814604364*x^2 + 243395602151*x - 91704844104   min|root-r| = 6.524253681817484079 E-62
  T4 algdep(xi/Pi^2,4) = 765058107527*x^4 - 157871730178*x^3 + 91655895205*x^2 + 550279150167*x - 25005071023   min|root-r| = 3.522670292279160831 E-62
  T4 algdep(xi/L(g,2),4) = 898432221254*x^4 - 1338998014071*x^3 - 1134487343147*x^2 - 228618407601*x + 331091990287   min|root-r| = 1.0661396332294967655 E-63

=== c0_1_2_1_1__6_2_64_4_-40__t1_re
  xi = -0.44601313717591903062404811767416190041169636762745549086451790888220495227318
  T1/T2/T4: NO HIT (unidentified)
  T3 ratios:  xi/G       = -0.4869321948457655568393601249151773892085535211599056011092
              xi/(Pi*G)  = -0.1549953315205790170643255569896262779090907572738561907777
              xi*G       = -0.4085326882041861662531905621127690238404919808597174774020
              xi/zeta(2) = -0.2711434738721788791798895227200079432715352325835652450253
              xi/Pi^2    = -0.04519057897869647986331492045333465721192253876392754083755
              xi/L(g,2)  = -0.3976412778714207915448468012276251999746289110663918946683
  T3 lindep([1,xi,G,z2]) = [34604252209783, -672612688082073, 3600715031652, -205416426845881]~    residual 9.528745270478382958 E-47
  T3 lindep([xi,G,z2])   = [321050660836902948542, 47685717158171121918, 60497461987879144825]~    residual 4.650340687844733180 E-42
  T4 algdep(xi,1) = 3389120119748140489665534631261*x + 1511592096874894515846991932217   min|root-xi| = 4.458395164402128099 E-63
  T4 algdep(xi,2) = 61772944517553923504*x^2 - 67522293364328492727*x - 42404180812710689325   min|root-xi| = 1.3844264184642251306 E-62
  T4 algdep(xi,3) = 331223241241449*x^3 - 324765469020324*x^2 + 1387012276732869*x + 712618125992180   min|root-xi| = 1.2636728357628872836 E-62
  T4 algdep(xi,4) = 1021238020890*x^4 - 284465705114*x^3 - 870810675176*x^2 + 305389024187*x + 243784182296   min|root-xi| = 1.6965511155991063119 E-62
  T4 algdep(xi,5) = 58585009*x^5 - 8360661464*x^4 + 7004481488*x^3 + 3373008261*x^2 + 8874701697*x + 4240601044   min|root-xi| = 2.631970101769041265 E-62
  T4 algdep(xi,6) = 46517350*x^6 - 111355042*x^5 - 67336330*x^4 - 69017606*x^3 + 37572886*x^2 + 394927739*x + 162878204   min|root-xi| = 4.417246644280908207 E-62
  T4 algdep(xi/G,4) = 460710632841*x^4 + 740353820477*x^3 - 1441753785940*x^2 + 29223800480*x + 415650076362   min|root-r| = 7.840477882034794484 E-63
  T4 algdep(xi/zeta(2),4) = 1066063091403*x^4 - 594738713077*x^3 + 66498658658*x^2 - 491396822031*x - 155745628923   min|root-r| = 1.0525921137820530516 E-62
  T4 algdep(xi/Pi^2,4) = 272666903989*x^4 + 475347380903*x^3 + 281438219556*x^2 + 429261613956*x + 18866562532   min|root-r| = 1.3384914380140049528 E-62
  T4 algdep(xi/L(g,2),4) = 29831655396*x^4 + 1159540849519*x^3 - 697859783186*x^2 - 315207363524*x + 57164831414   min|root-r| = 7.807470037413270039 E-62

=== c0_1_2_1_1__6_2_64_4_-40__t1_im
  xi = 0.E-250
  RATIONAL: xi = 0/1
  HIT  T4  algdep deg<=1:  x   height 1  agree 1000 digits
  HIT  T4  algdep deg<=2:  x   height 1  agree 1000 digits
  HIT  T4  algdep deg<=3:  x   height 1  agree 1000 digits
  HIT  T4  algdep deg<=4:  x   height 1  agree 1000 digits
  HIT  T4  algdep deg<=5:  x   height 1  agree 1000 digits
  HIT  T4  algdep deg<=6:  x   height 1  agree 1000 digits
  T3 ratios:  xi/G       = 0.E-250
              xi/(Pi*G)  = 0.E-250
              xi*G       = 0.E-250
              xi/zeta(2) = 0.E-250
              xi/Pi^2    = 0.E-251
              xi/L(g,2)  = 0.E-250
  T3 lindep([1,xi,G,z2]) = [0, 1, 0, 0]~    residual 0.E-250
  T3 lindep([xi,G,z2])   = [1, 0, 0]~    residual 0.E-250
  T4 algdep(xi,1) = x   min|root-xi| = 0.E-250
  T4 algdep(xi,2) = x   min|root-xi| = 0.E-250
  T4 algdep(xi,3) = x   min|root-xi| = 0.E-250
  T4 algdep(xi,4) = x   min|root-xi| = 0.E-250
  T4 algdep(xi,5) = x   min|root-xi| = 0.E-250
  T4 algdep(xi,6) = x   min|root-xi| = 0.E-250
  T4 algdep(xi/G,4) = x   min|root-r| = 0.E-250
  T4 algdep(xi/zeta(2),4) = x   min|root-r| = 0.E-250
  T4 algdep(xi/Pi^2,4) = x   min|root-r| = 0.E-250
  T4 algdep(xi/L(g,2),4) = x   min|root-r| = 0.E-250

=== c0_1_2_1_1__6_2_64_4_-40__t2_re
  xi = 0.093946252038680990731309651416296065918597203521248443162357724627246718606454
  T1/T2/T4: NO HIT (unidentified)
  T3 ratios:  xi/G       = 0.10256526297046095800064315786441455365156935286065378263428
              xi/(Pi*G)  = 0.03264753718253798746642425195432109191330308216704401300582
              xi*G       = 0.08605153456933320690607912191012303206956101705877648306471
              xi/zeta(2) = 0.05711247273192327546323816587640005978054157986318314688049
              xi/Pi^2    = 0.00951874545532054591053969431273334329675692997719719114675
              xi/L(g,2)  = 0.08375741564122842528977304532708551969490230240937847449427
  T3 lindep([1,xi,G,z2]) = [637308597570327, 1221470618933337, 470522666464847, -719204363141177]~    residual 1.6911483021537923940 E-47
  T3 lindep([xi,G,z2])   = [-114129035474308620584, -9034275466223879319, 11548840169248071110]~    residual 9.678851525180891747 E-42
  T4 algdep(xi,1) = 866127096815487546068163805535*x - 81369394534958844709837336921   min|root-xi| = 2.3695849536864736566 E-61
  T4 algdep(xi,2) = 72387989750081203674*x^2 - 110329508187028083834*x + 9726154749785111209   min|root-xi| = 9.218571121620836202 E-63
  T4 algdep(xi,3) = 993540588169469*x^3 + 195350113574833*x^2 + 366945868801636*x - 37021133482065   min|root-xi| = 1.2689591926772665033 E-61
  T4 algdep(xi,4) = 194044679038*x^4 + 349571147251*x^3 + 631307794733*x^2 + 977022777804*x - 97664452338   min|root-xi| = 1.3775803139876754517 E-62
  T4 algdep(xi,5) = 2559322259*x^5 - 8035114437*x^4 + 1268259643*x^3 - 11558643309*x^2 - 3658693508*x + 445291540   min|root-xi| = 1.5304931595596020523 E-62
  T4 algdep(xi,6) = 187115354*x^6 + 51480883*x^5 + 74259177*x^4 + 38416832*x^3 - 345684085*x^2 - 33611038*x + 6170460   min|root-xi| = 3.240161091158824114 E-62
  T4 algdep(xi/G,4) = 175979839721*x^4 - 883500136085*x^3 - 298369294018*x^2 - 865708922743*x + 92864175975   min|root-r| = 3.066393135803984054 E-63
  T4 algdep(xi/zeta(2),4) = 239054263620*x^4 + 910562982109*x^3 - 61716449902*x^2 + 625086955779*x - 35671126388   min|root-r| = 2.1106719433345376675 E-63
  T4 algdep(xi/Pi^2,4) = 490181189309*x^4 + 107520131551*x^3 - 13541295315*x^2 - 776419502352*x + 7391669783   min|root-r| = 5.632840900357689115 E-62
  T4 algdep(xi/L(g,2),4) = 413742043542*x^4 - 183393439406*x^3 - 617430294672*x^2 - 45022414279*x + 8189819603   min|root-r| = 6.518572018981603703 E-63

=== c0_1_2_1_1__6_2_64_4_-40__t2_im
  xi = -0.24147717987462248556501588650539164829743804875177347692110616883538977372101
  T1/T2/T4: NO HIT (unidentified)
  T3 ratios:  xi/G       = -0.2636312776480794432575996260879543953291508535786349337110
              xi/(Pi*G)  = -0.08391644198264748525957016850475970594137954516275948967389
              xi*G       = -0.2211847885440977784918601252881454319661525794654040861017
              xi/zeta(2) = -0.1468005221250627329463939651538696368359449778914739855387
              xi/Pi^2    = -0.02446675368751045549106566085897827280599082964857899758977
              xi/L(g,2)  = -0.2152880405947741330160965075266138125848638371648559817608
  T3 lindep([1,xi,G,z2]) = [417225215948871, -1817380952564048, -300949753602551, -352854035279335]~    residual 1.3143542054039982739 E-47
  T3 lindep([xi,G,z2])   = [-12695098805724705247, 59841104806330885349, -35185586428327304863]~    residual 7.276221938280548702 E-42
  T4 algdep(xi,1) = 3326489052452959513597717522158*x + 803271195270145816806010924399   min|root-xi| = 5.942448803761240574 E-63
  T4 algdep(xi,2) = 54353713372750154921*x^2 - 104237381223505353719*x - 28340380650245480671   min|root-xi| = 2.757302090816305212 E-62
  T4 algdep(xi,3) = 929414661008267*x^3 - 1251192363948024*x^2 + 355668862943593*x + 171931408460047   min|root-xi| = 5.731466615777988022 E-62
  T4 algdep(xi,4) = 28029011420*x^4 - 93377986447*x^3 + 848187413407*x^2 + 828065460633*x + 149089918324   min|root-xi| = 1.3548416346558360814 E-63
  T4 algdep(xi,5) = 5455144074*x^5 - 2040547248*x^4 - 148045575*x^3 - 10428474583*x^2 - 10170671189*x - 1838555112   min|root-xi| = 7.722583165418790586 E-63
  T4 algdep(xi,6) = 33134174*x^6 + 88930261*x^5 + 9275306*x^4 + 150098495*x^3 - 111876711*x^2 + 102003251*x + 33303548   min|root-xi| = 9.292883978087270097 E-62
  T4 algdep(xi/G,4) = 489483405368*x^4 - 559958584837*x^3 + 518061865485*x^2 + 319435301884*x + 35582675084   min|root-r| = 1.6763997484291626642 E-61
  T4 algdep(xi/zeta(2),4) = 813939055412*x^4 - 471107268621*x^3 - 681599914337*x^2 + 139015341156*x + 33227862571   min|root-r| = 7.840709626107613121 E-62
  T4 algdep(xi/Pi^2,4) = 801633310341*x^4 - 1276511546213*x^3 + 582588033099*x^2 - 440249699516*x - 11139214477   min|root-r| = 1.9069953450145235765 E-61
  T4 algdep(xi/L(g,2),4) = 180590319212*x^4 + 40045985963*x^3 - 140348791147*x^2 + 600393471012*x + 135774196979   min|root-r| = 4.102792329316607993 E-62

=== c0_1_2_1_1__6_2_64_4_-40__t3_re
  xi = 0.093946252038680990731309651416296065918597203521248443162357724627246718606454
  T1/T2/T4: NO HIT (unidentified)
  T3 ratios:  xi/G       = 0.10256526297046095800064315786441455365156935286065378263428
              xi/(Pi*G)  = 0.03264753718253798746642425195432109191330308216704401300582
              xi*G       = 0.08605153456933320690607912191012303206956101705877648306471
              xi/zeta(2) = 0.05711247273192327546323816587640005978054157986318314688049
              xi/Pi^2    = 0.00951874545532054591053969431273334329675692997719719114675
              xi/L(g,2)  = 0.08375741564122842528977304532708551969490230240937847449427
  T3 lindep([1,xi,G,z2]) = [637308597570327, 1221470618933337, 470522666464847, -719204363141177]~    residual 1.6911483021537923940 E-47
  T3 lindep([xi,G,z2])   = [-114129035474308620584, -9034275466223879319, 11548840169248071110]~    residual 9.678851525180891747 E-42
  T4 algdep(xi,1) = 866127096815487546068163805535*x - 81369394534958844709837336921   min|root-xi| = 2.3695849536864736566 E-61
  T4 algdep(xi,2) = 72387989750081203674*x^2 - 110329508187028083834*x + 9726154749785111209   min|root-xi| = 9.218571121620836202 E-63
  T4 algdep(xi,3) = 993540588169469*x^3 + 195350113574833*x^2 + 366945868801636*x - 37021133482065   min|root-xi| = 1.2689591926772665033 E-61
  T4 algdep(xi,4) = 194044679038*x^4 + 349571147251*x^3 + 631307794733*x^2 + 977022777804*x - 97664452338   min|root-xi| = 1.3775803139876754517 E-62
  T4 algdep(xi,5) = 2559322259*x^5 - 8035114437*x^4 + 1268259643*x^3 - 11558643309*x^2 - 3658693508*x + 445291540   min|root-xi| = 1.5304931595596020523 E-62
  T4 algdep(xi,6) = 187115354*x^6 + 51480883*x^5 + 74259177*x^4 + 38416832*x^3 - 345684085*x^2 - 33611038*x + 6170460   min|root-xi| = 3.240161091158824114 E-62
  T4 algdep(xi/G,4) = 175979839721*x^4 - 883500136085*x^3 - 298369294018*x^2 - 865708922743*x + 92864175975   min|root-r| = 3.066393135803984054 E-63
  T4 algdep(xi/zeta(2),4) = 239054263620*x^4 + 910562982109*x^3 - 61716449902*x^2 + 625086955779*x - 35671126388   min|root-r| = 2.1106719433345376675 E-63
  T4 algdep(xi/Pi^2,4) = 490181189309*x^4 + 107520131551*x^3 - 13541295315*x^2 - 776419502352*x + 7391669783   min|root-r| = 5.632840900357689115 E-62
  T4 algdep(xi/L(g,2),4) = 413742043542*x^4 - 183393439406*x^3 - 617430294672*x^2 - 45022414279*x + 8189819603   min|root-r| = 6.518572018981603703 E-63

=== c0_1_2_1_1__6_2_64_4_-40__t3_im
  xi = 0.24147717987462248556501588650539164829743804875177347692110616883538977372101
  T1/T2/T4: NO HIT (unidentified)
  T3 ratios:  xi/G       = 0.2636312776480794432575996260879543953291508535786349337110
              xi/(Pi*G)  = 0.08391644198264748525957016850475970594137954516275948967389
              xi*G       = 0.2211847885440977784918601252881454319661525794654040861017
              xi/zeta(2) = 0.1468005221250627329463939651538696368359449778914739855387
              xi/Pi^2    = 0.02446675368751045549106566085897827280599082964857899758977
              xi/L(g,2)  = 0.2152880405947741330160965075266138125848638371648559817608
  T3 lindep([1,xi,G,z2]) = [-417225215948871, -1817380952564048, 300949753602551, 352854035279335]~    residual 1.3143542054039982739 E-47
  T3 lindep([xi,G,z2])   = [12695098805724705247, 59841104806330885349, -35185586428327304863]~    residual 7.276221938280548702 E-42
  T4 algdep(xi,1) = 3326489052452959513597717522158*x - 803271195270145816806010924399   min|root-xi| = 5.942448803761240574 E-63
  T4 algdep(xi,2) = 54353713372750154921*x^2 + 104237381223505353719*x - 28340380650245480671   min|root-xi| = 2.757302090816305212 E-62
  T4 algdep(xi,3) = 929414661008267*x^3 + 1251192363948024*x^2 + 355668862943593*x - 171931408460047   min|root-xi| = 5.731466615777988022 E-62
  T4 algdep(xi,4) = 28029011420*x^4 + 93377986447*x^3 + 848187413407*x^2 - 828065460633*x + 149089918324   min|root-xi| = 1.3548416346558360814 E-63
  T4 algdep(xi,5) = 5455144074*x^5 + 2040547248*x^4 - 148045575*x^3 + 10428474583*x^2 - 10170671189*x + 1838555112   min|root-xi| = 7.722583165418790586 E-63
  T4 algdep(xi,6) = 33134174*x^6 - 88930261*x^5 + 9275306*x^4 - 150098495*x^3 - 111876711*x^2 - 102003251*x + 33303548   min|root-xi| = 9.292883978087270097 E-62
  T4 algdep(xi/G,4) = 489483405368*x^4 + 559958584837*x^3 + 518061865485*x^2 - 319435301884*x + 35582675084   min|root-r| = 1.6763997484291626642 E-61
  T4 algdep(xi/zeta(2),4) = 813939055412*x^4 + 471107268621*x^3 - 681599914337*x^2 - 139015341156*x + 33227862571   min|root-r| = 7.840709626107613121 E-62
  T4 algdep(xi/Pi^2,4) = 801633310341*x^4 + 1276511546213*x^3 + 582588033099*x^2 + 440249699516*x - 11139214477   min|root-r| = 1.9069953450145235765 E-61
  T4 algdep(xi/L(g,2),4) = 180590319212*x^4 - 40045985963*x^3 - 140348791147*x^2 - 600393471012*x + 135774196979   min|root-r| = 4.102792329316607993 E-62

=== c0_1_2_1_1__6_2_64_4_-40_SUM_t2_t3
  xi = 0.18789250407736198146261930283259213183719440704249688632471544925449343721291
  T1/T2/T4: NO HIT (unidentified)
  T3 ratios:  xi/G       = 0.2051305259409219160012863157288291073031387057213075652686
              xi/(Pi*G)  = 0.06529507436507597493284850390864218382660616433408802601163
              xi*G       = 0.1721030691386664138121582438202460641391220341175529661294
              xi/zeta(2) = 0.11422494546384655092647633175280011956108315972636629376099
              xi/Pi^2    = 0.01903749091064109182107938862546668659351385995439438229349
              xi/L(g,2)  = 0.1675148312824568505795460906541710393898046048187569489885
  T3 lindep([1,xi,G,z2]) = [976243670370446, 171819786372682, -1106522211280963, 3045079158588]~    residual 5.574107321489254025 E-47
  T3 lindep([xi,G,z2])   = [-57064517737154310292, -9034275466223879319, 11548840169248071110]~    residual 9.678851525180891747 E-42
  T4 algdep(xi,1) = 2163131574082884518988998593517*x - 406436208103238820551085119509   min|root-xi| = 5.982999785287604849 E-62
  T4 algdep(xi,2) = 36193994875040601837*x^2 - 110329508187028083834*x + 19452309499570222418   min|root-xi| = 1.8437142243241672403 E-62
  T4 algdep(xi,3) = 614955762012081*x^3 + 2242251373012*x^2 - 396547094162083*x + 70349892907007   min|root-xi| = 1.4980396281940538742 E-61
  T4 algdep(xi,4) = 746048771039*x^4 + 377992916364*x^3 - 1140948918186*x^2 + 886514310645*x - 129726963604   min|root-xi| = 3.068899717719651629 E-62
  T4 algdep(xi,5) = 6487259083*x^5 - 911334481*x^4 + 8917962125*x^3 + 2129050893*x^2 - 6762821750*x + 1135981681   min|root-xi| = 1.0956684827367205183 E-62
  T4 algdep(xi,6) = 143987161*x^6 + 102168621*x^5 - 53477430*x^4 - 282088069*x^3 + 125135631*x^2 + 129469220*x - 26836474   min|root-xi| = 4.485226107248722927 E-62
  T4 algdep(xi/G,4) = 714768166201*x^4 + 1387241095466*x^3 + 416496555274*x^2 - 147006142894*x - 609785598   min|root-r| = 4.592012362847984290 E-62
  T4 algdep(xi/zeta(2),4) = 501278173830*x^4 - 181808918627*x^3 + 1048530978033*x^2 - 74348623394*x - 5002449343   min|root-r| = 1.5830825710336811959 E-61
  T4 algdep(xi/Pi^2,4) = 14505050233*x^4 + 135679782709*x^3 - 995229997167*x^2 + 315128155399*x - 5639490160   min|root-r| = 2.4462014624383951516 E-61
  T4 algdep(xi/L(g,2),4) = 766457271334*x^4 + 123442787686*x^3 - 77223828935*x^2 - 423117449415*x + 71861646078   min|root-r| = 5.188751782035181067 E-62

=== c0_1_2_1_1__6_2_64_4_-40_DIFFoverI_t2_t3
  xi = -0.48295435974924497113003177301078329659487609750354695384221233767077954744201
  T1/T2/T4: NO HIT (unidentified)
  T3 ratios:  xi/G       = -0.5272625552961588865151992521759087906583017071572698674220
              xi/(Pi*G)  = -0.1678328839652949705191403370095194118827590903255189793478
              xi*G       = -0.4423695770881955569837202505762908639323051589308081722034
              xi/zeta(2) = -0.2936010442501254658927879303077392736718899557829479710773
              xi/Pi^2    = -0.04893350737502091098213132171795654561198165929715799517954
              xi/L(g,2)  = -0.4305760811895482660321930150532276251697276743297119635216
  T3 lindep([1,xi,G,z2]) = [417225215948871, -908690476282024, -300949753602551, -352854035279335]~    residual 1.3143542054039982739 E-47
  T3 lindep([xi,G,z2])   = [252727475204914761915, 210195005594799297625, -42844001248710236732]~    residual 9.210543584600008229 E-43
  T4 algdep(xi,1) = 1663244526226479756798858761079*x + 803271195270145816806010924399   min|root-xi| = 1.1884897607522481148 E-62
  T4 algdep(xi,2) = 23208426327077107180*x^2 + 185244249199852831184*x + 84051270376074804509   min|root-xi| = 4.735723183935780839 E-63
  T4 algdep(xi,3) = 1610933627994825*x^3 + 809821269082527*x^2 - 862970364033553*x - 424195718379951   min|root-xi| = 3.948950559403036147 E-62
  T4 algdep(xi,4) = 252663594443*x^4 - 943095040029*x^3 - 774297932420*x^2 - 980834790565*x - 413079584335   min|root-xi| = 5.064382345349462424 E-62
  T4 algdep(xi,5) = 6676222770*x^5 - 3209545203*x^4 + 184952914*x^3 - 9957094940*x^2 - 2453526694*x + 1508356955   min|root-xi| = 3.838468905404802077 E-62
  T4 algdep(xi,6) = 180892929*x^6 - 122187785*x^5 + 52287114*x^4 - 220759295*x^3 + 134753400*x^2 + 160389043*x + 12811870   min|root-xi| = 8.009966177739700679 E-62
  T4 algdep(xi/G,4) = 836939918464*x^4 + 80010912308*x^3 + 464632596567*x^2 - 148399715901*x - 260372772317   min|root-r| = 5.134572353772236210 E-62
  T4 algdep(xi/zeta(2),4) = 333012726200*x^4 + 212955988017*x^3 - 117865635816*x^2 + 118253708719*x + 47794770019   min|root-r| = 2.4295243347865576090 E-61
  T4 algdep(xi/Pi^2,4) = 576390714249*x^4 - 43977841798*x^3 + 231150580722*x^2 + 182423386633*x + 8364671117   min|root-r| = 4.930873923756973682 E-61
  T4 algdep(xi/L(g,2),4) = 266283106069*x^4 + 954195963727*x^3 - 263931247201*x^2 + 369790183071*x + 275172551791   min|root-r| = 1.1841715925776541792 E-62

################ SUMMARY ################
battery size          : 145 constants
T2 independent basis  : 22 constants, 231 pairs per xi
input file            : /home/ubuntu/code/math-modular-sources/lattice/four_term_deep/out/fold_real_periods.txt
lines processed       : 72
total verified hits   : 65
=> rows with hits: ["c0_1_3_1_2__11_4_37_3_3__t1_re", "c0_1_3_1_2__11_4_37_3_3__t1_im", "c0_1_3_1_2__11_4_37_3_3__t2_re", "c0_1_3_1_2__11_4_37_3_3__t2_im", "c0_1_3_1_2__11_4_37_3_3__t3_re", "c0_1_3_1_2__11_4_37_3_3__t3_im", "c0_1_3_1_2__11_4_37_3_3_SUM_t2_t3", "c0_1_3_1_2__11_4_37_3_3_DIFFoverI_t2_t3", "c-1_3_1_0_0__42_22_480_64_-64__t1_im", "c0_1_4_1_3__14_5_97_8_12__t1_im", "c0_1_6_-1_7__13_4_432_-24_-48__t1_im", "c0_1_6_1_5__17_6_56_0_-12__t1_im", "c1_3_1_1_1__42_8_480_64_-64__t1_im", "c0_1_2_1_1__16_6_96_12_48__t1_im", "c0_1_2_1_1__17_6_112_8_24__t1_im", "c0_1_2_1_1__6_2_64_4_-40__t1_im"]
