1,0,1,0.000000,-1.734538,-1.734538,-5.203615,2.639057,0.657257
1,1,-2,1.386294,-1.012162,0.374132,1.122396,4.189655,-0.089299
2,0,2,2.484907,-2.349866,0.135041,0.405122,4.682902,-0.028837
2,1,-1,2.831480,-2.300900,0.530580,1.591740,5.162905,-0.102768
2,2,-4,3.871201,-1.493671,2.377530,7.132590,6.312868,-0.376616
3,0,3,3.191661,-2.487768,0.703893,2.111679,5.328643,-0.132096
3,1,0,3.884808,-2.519149,1.365659,4.096977,6.129482,-0.222802
3,2,-3,2.676695,-2.274343,0.402352,1.207056,5.013402,-0.080255
3,3,-6,4.041476,-1.580569,2.460907,7.382721,6.458864,-0.381012
4,0,4,4.406422,-2.533111,1.873310,5.619931,6.540553,-0.286415
4,1,1,3.628043,-2.580545,1.047498,3.142495,5.851216,-0.179022
4,2,-2,4.249270,-2.479725,1.769544,5.308633,6.550634,-0.270133
4,3,-5,4.697209,-2.198816,2.498393,7.495179,7.068467,-0.353456
4,4,-8,5.115704,-1.599105,3.516599,10.549796,7.550276,-0.465758
5,0,5,4.241841,-2.549338,1.692503,5.077509,6.386596,-0.265009
5,1,2,4.519100,-2.598787,1.920313,5.760938,6.739426,-0.284937
5,2,-1,4.657729,-2.554935,2.102794,6.308382,6.945734,-0.302746
5,3,-4,4.501178,-2.407542,2.093635,6.280906,6.850588,-0.305614
5,4,-7,5.028989,-2.126745,2.902244,8.706732,7.434684,-0.390365
5,5,-10,5.628136,-1.598821,4.029315,12.087945,8.085846,-0.498317
6,0,6,4.796264,-2.554170,2.242094,6.726283,6.954666,-0.322387
6,1,3,4.587470,-2.601791,1.985680,5.957039,6.811396,-0.291523
6,2,0,4.329987,-2.585074,1.744913,5.234740,6.613459,-0.263843
6,3,-3,5.221172,-2.499860,2.721311,8.163934,7.559298,-0.359995
6,4,-6,5.720460,-2.335237,3.385224,10.155671,8.109155,-0.417457
6,5,-9,5.469781,-2.064731,3.405050,10.215151,7.905573,-0.430715
6,6,-12,6.182559,-1.592466,4.590092,13.770277,8.662458,-0.529883
7,0,7,5.041968,-2.554001,2.487967,7.463902,7.214025,-0.344879
7,1,4,5.051188,-2.598759,2.452429,7.357288,7.281030,-0.336825
7,2,1,4.993265,-2.596394,2.396871,7.190612,7.276214,-0.329412
7,3,-2,5.505196,-2.544978,2.960218,8.880653,7.837339,-0.377707
7,4,-5,5.169285,-2.439544,2.729741,8.189222,7.547290,-0.361685
7,5,-8,5.418281,-2.269758,3.148522,9.445567,7.839275,-0.401634
7,6,-11,5.492394,-2.012220,3.480174,10.440523,7.953871,-0.437545
7,7,-14,5.311978,-1.584220,3.727757,11.183272,7.811729,-0.477200
8,0,8,4.861631,-2.551520,2.310110,6.930331,7.046441,-0.327841
8,1,5,4.916860,-2.593276,2.323584,6.970751,7.153327,-0.324826
8,2,2,5.090147,-2.599000,2.491146,7.473439,7.374515,-0.337805
8,3,-1,4.933551,-2.567721,2.365830,7.097489,7.262620,-0.325754
8,4,-4,5.468134,-2.496872,2.971262,8.913787,7.839138,-0.379029
8,5,-7,5.311539,-2.381467,2.930072,8.790215,7.722063,-0.379442
8,6,-10,5.971303,-2.211988,3.759315,11.277946,8.419217,-0.446516
8,7,-13,5.370290,-1.967595,3.402695,10.208084,7.853698,-0.433260
8,8,-16,6.289984,-1.575634,4.714350,14.143051,8.807189,-0.535284
9,0,9,5.321297,-2.547974,2.773324,8.319971,7.517739,-0.368904
9,1,6,5.296504,-2.586887,2.709617,8.128850,7.539637,-0.359383
9,2,3,4.731421,-2.597342,2.134079,6.402237,7.018165,-0.304079
9,3,0,5.300750,-2.578824,2.721926,8.165779,7.628440,-0.356813
9,4,-3,5.644200,-2.529889,3.114311,9.342933,8.010504,-0.388778
9,5,-6,5.554096,-2.447820,3.106277,9.318830,7.956957,-0.390385
9,6,-9,5.790566,-2.327853,3.462713,10.388140,8.228152,-0.420837
9,7,-12,6.175648,-2.161269,4.014379,12.043137,8.646316,-0.464288
9,8,-15,5.829702,-1.929337,3.900365,11.701095,8.331970,-0.468120
9,9,-18,6.096341,-1.567310,4.529031,13.587093,8.628864,-0.524870
10,0,10,5.655314,-2.543978,3.111336,9.334008,7.862278,-0.395730
10,1,7,5.180387,-2.580297,2.600090,7.800271,7.429941,-0.349948
10,2,4,5.388331,-2.593563,2.794769,8.384306,7.677903,-0.364002
10,3,1,5.150069,-2.583495,2.566573,7.699720,7.477405,-0.343244
10,4,-2,5.054666,-2.549232,2.505433,7.516300,7.417776,-0.337761
10,5,-5,5.429162,-2.489168,2.939994,8.819983,7.826274,-0.375657
10,6,-8,6.251953,-2.400619,3.851334,11.554002,8.681473,-0.443627
10,7,-11,6.405998,-2.279109,4.126889,12.380667,8.866489,-0.465448
10,8,-14,6.298954,-2.116635,4.182318,12.546955,8.789111,-0.475852
10,9,-17,6.221635,-1.896216,4.325419,12.976256,8.740266,-0.494884
10,10,-20,6.737156,-1.559475,5.177682,15.533045,9.283171,-0.557749
11,0,11,5.267222,-2.539851,2.727370,8.182111,7.483693,-0.364442
11,1,8,5.256514,-2.573834,2.682680,8.048039,7.512131,-0.357113
11,2,5,4.893599,-2.588760,2.304839,6.914517,7.186183,-0.320732
11,3,2,4.642977,-2.584474,2.058503,6.175509,6.970599,-0.295312
11,4,-1,5.098489,-2.560439,2.538051,7.614153,7.459430,-0.340247
11,5,-4,5.646734,-2.515648,3.131085,9.393256,8.039448,-0.389465
11,6,-7,5.491756,-2.448467,3.043289,9.129868,7.914849,-0.384504
11,7,-10,5.267341,-2.356314,2.911027,8.733082,7.719543,-0.377098
11,8,-13,5.267877,-2.235001,3.032876,9.098628,7.748032,-0.391438
11,9,-16,5.812020,-2.077160,3.734860,11.204579,8.319064,-0.448952
11,10,-19,6.209625,-1.867270,4.342355,13.027064,8.742581,-0.496690
11,11,-22,6.353894,-1.552195,4.801700,14.405099,8.911858,-0.538799
12,0,12,5.697442,-2.535759,3.161683,9.485050,7.922517,-0.399076
12,1,9,5.073395,-2.567649,2.505745,7.517236,7.334684,-0.341630
12,2,6,4.951932,-2.583519,2.368412,7.105237,7.247565,-0.326787
12,3,3,5.235365,-2.583286,2.652078,7.956235,7.563674,-0.350634
12,4,0,5.278806,-2.566603,2.712203,8.136608,7.638290,-0.355080
12,5,-3,5.333131,-2.532812,2.800319,8.400957,7.722433,-0.362621
12,6,-6,5.802935,-2.480859,3.322076,9.966229,8.220822,-0.404105
12,7,-9,5.860697,-2.409135,3.451562,10.354687,8.306042,-0.415548
12,8,-12,6.033984,-2.315184,3.718800,11.156401,8.505752,-0.437210
12,9,-15,5.873254,-2.195093,3.678161,11.034484,8.370492,-0.439420
12,10,-18,6.632766,-2.042042,4.590724,13.772172,9.154594,-0.501467
12,11,-21,6.443915,-1.841752,4.602163,13.806488,8.989514,-0.511948
12,12,-24,6.658241,-1.545467,5.112775,15.338324,9.226851,-0.554119
13,0,13,5.047211,-2.531788,2.515423,7.546269,7.280093,-0.345521
13,1,10,4.751920,-2.561803,2.190117,6.570350,7.018492,-0.312049
13,2,7,5.172863,-2.578161,2.594702,7.784107,7.471504,-0.347280
13,3,4,5.523967,-2.580822,2.943146,8.829437,7.853216,-0.374769
13,4,1,5.090385,-2.569554,2.520831,7.562492,7.448922,-0.338416
13,5,-2,5.499471,-2.543912,2.955558,8.866675,7.886096,-0.374781
13,6,-5,5.452845,-2.503188,2.949657,8.848970,7.866459,-0.374966
13,7,-8,5.712747,-2.446323,3.266424,9.799271,8.152343,-0.400673
13,8,-11,5.766066,-2.371763,3.394303,10.182909,8.230714,-0.412395
13,9,-14,6.226175,-2.277179,3.948995,11.846986,8.715015,-0.453126
13,10,-17,6.260162,-2.158910,4.101252,12.303755,8.772396,-0.467518
13,11,-20,6.062489,-2.010616,4.051873,12.155618,8.597375,-0.471292
13,12,-23,6.290159,-1.819079,4.471080,13.413240,8.847003,-0.505378
13,13,-26,6.706896,-1.539259,5.167636,15.502909,9.285049,-0.556555
14,0,14,5.384239,-2.527980,2.856259,8.568778,7.624232,-0.374629
14,1,11,5.318789,-2.556312,2.762478,8.287434,7.590276,-0.363950
14,2,8,5.681302,-2.572862,3.108440,9.325320,7.982861,-0.389389
14,3,5,5.357162,-2.577614,2.779547,8.338642,7.687507,-0.361567
14,4,2,5.317189,-2.570413,2.746776,8.240328,7.675151,-0.357879
14,5,-1,5.366700,-2.550949,2.815751,8.447253,7.751207,-0.363266
14,6,-4,5.419433,-2.518727,2.900706,8.702118,7.829502,-0.370484
14,7,-7,5.722897,-2.473024,3.249873,9.749620,8.157621,-0.398385
14,8,-10,5.802756,-2.412799,3.389957,10.169872,8.261295,-0.410342
14,9,-13,6.225918,-2.336562,3.889356,11.668067,8.707492,-0.446668
14,10,-16,6.423960,-2.242110,4.181850,12.545550,8.927844,-0.468405
14,11,-19,6.104557,-2.126006,3.978551,11.935653,8.630073,-0.461010
14,12,-22,6.501748,-1.982333,4.519415,13.558245,9.048261,-0.499479
14,13,-25,6.551259,-1.798790,4.752469,14.257407,9.118173,-0.521208
14,14,-28,6.667506,-1.533531,5.133975,15.401926,9.254261,-0.554769
15,0,15,5.436955,-2.524353,2.912601,8.737804,7.683447,-0.379075
15,1,12,5.797731,-2.551169,3.246562,9.739685,8.073788,-0.402111
15,2,9,5.262100,-2.567718,2.694382,8.083147,7.566467,-0.356095
15,3,6,5.350597,-2.573995,2.776601,8.329804,7.682132,-0.361436
15,4,3,5.200511,-2.569897,2.630614,7.891841,7.558169,-0.348049
15,5,0,5.128958,-2.555201,2.573757,7.721270,7.511779,-0.342629
15,6,-3,5.647672,-2.529555,3.118117,9.354351,8.054771,-0.387114
15,7,-6,5.602950,-2.492446,3.110503,9.331510,8.033504,-0.387191
15,8,-9,5.687350,-2.443151,3.244199,9.732597,8.140599,-0.398521
15,9,-12,6.034842,-2.380661,3.654180,10.962541,8.510074,-0.429395
15,10,-15,6.063042,-2.303551,3.759490,11.278471,8.559595,-0.439214
15,11,-18,6.044184,-2.209736,3.834449,11.503346,8.561437,-0.447874
15,12,-21,6.502395,-2.095981,4.406414,13.219241,9.039765,-0.487448
15,13,-24,6.451032,-1.956743,4.494289,13.482868,9.007970,-0.498924
15,14,-27,6.273597,-1.780519,4.493078,13.479234,8.849586,-0.507716
15,15,-30,6.647784,-1.528237,5.119548,15.358644,9.242335,-0.553924
16,0,16,6.081230,-2.520913,3.560316,10.680949,8.333684,-0.427220
16,1,13,5.728944,-2.546360,3.182584,9.547753,8.009256,-0.397363
16,2,10,5.165179,-2.562777,2.602402,7.807206,7.472233,-0.348276
16,3,7,5.521336,-2.570172,2.951164,8.853491,7.854111,-0.375748
16,4,4,5.522918,-2.568471,2.954447,8.863342,7.880476,-0.374907
16,5,1,5.566240,-2.557513,3.008726,9.026179,7.947715,-0.378565
16,6,-2,5.843166,-2.537042,3.306123,9.918370,8.247755,-0.400851
16,7,-5,5.663345,-2.506684,3.156661,9.469982,8.090303,-0.390178
16,8,-8,6.251624,-2.465920,3.785704,11.357112,8.700256,-0.435126
16,9,-11,6.019781,-2.414041,3.605740,10.817220,8.489436,-0.424733
16,10,-14,6.358379,-2.350072,4.008307,12.024921,8.848451,-0.452995
16,11,-17,6.482906,-2.272654,4.210253,12.630758,8.992822,-0.468179
16,12,-20,6.621359,-2.179809,4.441550,13.324651,9.150581,-0.485384
16,13,-23,6.617047,-2.068488,4.548559,13.645678,9.165069,-0.496293
16,14,-26,7.005460,-1.933475,5.071985,15.215956,9.571803,-0.529888
16,15,-29,6.921477,-1.763972,5.157505,15.472514,9.505688,-0.542570
16,16,-32,6.996810,-1.523335,5.473475,16.420425,9.598460,-0.570245
17,0,17,5.631855,-2.517657,3.114198,9.342595,7.889798,-0.394712
17,1,14,5.612841,-2.541861,3.070981,9.212942,7.897121,-0.388873
17,2,11,5.480412,-2.558063,2.922349,8.767048,7.790030,-0.375140
17,3,8,5.357180,-2.566275,2.790905,8.372716,7.691218,-0.362869
17,4,5,5.462578,-2.566446,2.896132,8.688397,7.820189,-0.370340
17,5,2,5.733470,-2.558457,3.175013,9.525039,8.113869,-0.391307
17,6,-1,5.679571,-2.542118,3.137453,9.412358,8.082027,-0.388201
17,7,-4,5.957130,-2.517151,3.439979,10.319937,8.380962,-0.410452
17,8,-7,5.658156,-2.483172,3.174984,9.524951,8.102729,-0.391841
17,9,-10,5.818596,-2.439668,3.378927,10.136781,8.283313,-0.407920
17,10,-13,5.889417,-2.385948,3.503470,10.510409,8.373719,-0.418389
17,11,-16,5.813528,-2.321074,3.492454,10.477361,8.316886,-0.419923
17,12,-19,6.223183,-2.243748,3.979435,11.938306,8.745101,-0.455047
17,13,-22,6.464027,-2.152093,4.311934,12.935802,9.004035,-0.478889
17,14,-25,6.619265,-2.043224,4.576041,13.728123,9.176919,-0.498647
17,15,-28,6.677453,-1.912221,4.765233,14.295698,9.252331,-0.515031
17,16,-31,6.639334,-1.748908,4.890426,14.671279,9.231035,-0.529781
17,17,-34,6.887540,-1.518787,5.368754,16.106261,9.495684,-0.565389
18,0,18,5.636587,-2.514576,3.122010,9.366031,7.899599,-0.395211
18,1,15,5.511515,-2.537649,2.973865,8.921596,7.799499,-0.381289
18,2,12,5.259928,-2.553582,2.706346,8.119038,7.571987,-0.357416
18,3,9,5.348856,-2.562388,2.786468,8.359403,7.684159,-0.362625
18,4,6,5.436487,-2.564033,2.872454,8.617362,7.794265,-0.368534
18,5,3,5.281279,-2.558428,2.722851,8.168552,7.660816,-0.355426
18,6,0,5.557379,-2.545429,3.011951,9.035852,7.958010,-0.378480
18,7,-3,5.547452,-2.524825,3.022627,9.067881,7.968551,-0.379320
18,8,-6,5.681747,-2.496329,3.185418,9.556255,8.122731,-0.392161
18,9,-9,6.005903,-2.459557,3.546346,10.639039,8.466222,-0.418882
18,10,-12,6.013322,-2.414004,3.599318,10.797954,8.492458,-0.423825
18,11,-15,5.990796,-2.358999,3.631797,10.895391,8.488262,-0.427861
18,12,-18,6.271344,-2.293643,3.977701,11.933103,8.786678,-0.452697
18,13,-21,6.309852,-2.216694,4.093158,12.279473,8.842618,-0.462890
18,14,-24,6.418833,-2.126369,4.292464,12.877391,8.968617,-0.478609
18,15,-27,6.172347,-2.019932,4.152414,12.457243,8.738755,-0.475172
18,16,-30,6.549261,-1.892725,4.656536,13.969607,9.131920,-0.509919
18,17,-33,6.695875,-1.735130,4.960745,14.882234,9.294428,-0.533733
18,18,-36,6.800251,-1.514557,5.285694,15.857083,9.414358,-0.561450
19,0,19,5.792984,-2.511663,3.281321,9.843962,8.060693,-0.407077
19,1,16,5.624902,-2.533703,3.091198,9.273595,7.916353,-0.390483
19,2,13,5.746090,-2.549332,3.196758,9.590275,8.060471,-0.396597
19,3,10,5.672042,-2.558565,3.113477,9.340432,8.008599,-0.388767
19,4,7,5.632687,-2.561377,3.071309,9.213928,7.990718,-0.384360
19,5,4,5.720791,-2.557704,3.163087,9.489261,8.099643,-0.390522
19,6,1,5.703501,-2.547433,3.156068,9.468204,8.102562,-0.389515
19,7,-2,5.789230,-2.530404,3.258827,9.776481,8.207926,-0.397034
19,8,-5,5.871334,-2.506395,3.364939,10.094817,8.309125,-0.404969
19,9,-8,5.932673,-2.475115,3.457558,10.372675,8.389052,-0.412151
19,10,-11,5.782128,-2.436184,3.345944,10.037831,8.256616,-0.405244
19,11,-14,5.925354,-2.389109,3.536245,10.608734,8.417498,-0.420106
19,12,-17,6.001948,-2.333242,3.668706,11.006118,8.511319,-0.431038
19,13,-20,6.161871,-2.267718,3.894153,11.682459,8.688062,-0.448219
19,14,-23,6.186269,-2.191351,3.994918,11.984755,8.728894,-0.457666
19,15,-26,6.311200,-2.102442,4.208758,12.626275,8.869890,-0.474499
19,16,-29,6.404718,-1.998390,4.406328,13.218984,8.979123,-0.490730
19,17,-32,6.669918,-1.874774,4.795144,14.385432,9.259705,-0.517851
19,18,-35,6.866637,-1.722476,5.144161,15.432484,9.471486,-0.543121
19,19,-38,7.036749,-1.510614,5.526135,16.578405,9.656355,-0.572280
20,0,20,5.839526,-2.508907,3.330619,9.991858,8.111599,-0.410600
20,1,17,5.721957,-2.530000,3.191957,9.575872,8.016659,-0.398166
20,2,14,5.561516,-2.545305,3.016211,9.048633,7.878106,-0.382860
20,3,11,5.181615,-2.554837,2.626778,7.880334,7.519406,-0.349333
20,4,8,5.824608,-2.558580,3.266028,9.798083,8.182958,-0.399126
20,5,5,5.859265,-2.556484,3.302781,9.908344,8.237574,-0.400941
20,6,2,5.786919,-2.548462,3.238457,9.715370,8.184624,-0.395676
20,7,-1,5.876507,-2.534390,3.342117,10.026351,8.293078,-0.403001
20,8,-4,5.705416,-2.514095,3.191321,9.573964,8.140354,-0.392037
20,9,-7,5.846922,-2.487351,3.359570,10.078711,8.299757,-0.404779
20,10,-10,5.800117,-2.453869,3.346248,10.038745,8.270403,-0.404605
20,11,-13,5.879140,-2.413274,3.465866,10.397598,8.366456,-0.414257
20,12,-16,5.847650,-2.365085,3.482565,10.447694,8.351596,-0.416994
20,13,-19,6.018670,-2.308678,3.709992,11.129976,8.538866,-0.434483
20,14,-22,6.061281,-2.243222,3.818059,11.454176,8.597364,-0.444096
20,15,-25,6.464670,-2.167582,4.297088,12.891264,9.016297,-0.476591
20,16,-28,6.623572,-2.080135,4.543437,13.630312,9.190414,-0.494367
20,17,-31,6.587160,-1.978405,4.608755,13.826266,9.168903,-0.502651
20,18,-34,6.891590,-1.858186,5.033404,15.100212,9.487933,-0.530506
20,19,-37,6.655442,-1.710808,4.944634,14.833901,9.266098,-0.533626
20,20,-40,7.090418,-1.506930,5.583488,16.750463,9.715111,-0.574722
21,0,21,5.981141,-2.506297,3.474844,10.424531,8.257281,-0.420822
21,1,18,5.932969,-2.526520,3.406449,10.219348,8.230723,-0.413870
21,2,15,5.325173,-2.541491,2.783683,8.351048,7.643865,-0.364172
21,3,12,5.819740,-2.551224,3.268516,9.805549,8.158740,-0.400615
21,4,9,5.760085,-2.555711,3.204375,9.613124,8.118803,-0.394686
21,5,6,5.753055,-2.554911,3.198143,9.594430,8.130938,-0.393330
21,6,3,5.786062,-2.548759,3.237303,9.711908,8.182591,-0.395633
21,7,0,5.747826,-2.537155,3.210670,9.632011,8.162509,-0.393344
21,8,-3,5.846216,-2.519963,3.326252,9.978757,8.278592,-0.401790
21,9,-6,5.796904,-2.497007,3.299896,9.899689,8.246535,-0.400156
21,10,-9,6.223501,-2.468060,3.755441,11.266323,8.689972,-0.432158
21,11,-12,6.119621,-2.432833,3.686788,11.060365,8.602539,-0.428570
21,12,-15,6.042107,-2.390961,3.651146,10.953439,8.541098,-0.427480
21,13,-18,6.205491,-2.341978,3.863513,11.590538,8.720198,-0.443053
21,14,-21,6.469671,-2.285280,4.184391,12.553173,8.999756,-0.464945
21,15,-24,6.621007,-2.220068,4.400938,13.202814,9.166146,-0.480130
21,16,-27,6.768199,-2.145256,4.622943,13.868828,9.328084,-0.495594
21,17,-30,6.821145,-2.059293,4.761852,14.285555,9.395479,-0.506824
21,18,-33,6.737164,-1.959813,4.777351,14.332054,9.325665,-0.512280
21,19,-36,6.935589,-1.842806,5.092782,15.278347,9.537984,-0.533947
21,20,-39,6.975174,-1.700012,5.275162,15.825486,9.591204,-0.550000
21,21,-42,7.025818,-1.503481,5.522337,16.567011,9.655233,-0.571953
22,0,22,5.871542,-2.503825,3.367716,10.103149,8.151481,-0.413142
22,1,19,5.893179,-2.523245,3.369934,10.109802,8.193804,-0.411278
22,2,16,6.019206,-2.537877,3.481329,10.443986,8.339897,-0.417431
22,3,13,5.850592,-2.547737,3.302855,9.908565,8.190771,-0.403241
22,4,10,5.734886,-2.552819,3.182068,9.546203,8.094009,-0.393139
22,5,7,5.713930,-2.553092,3.160838,9.482515,8.091485,-0.390638
22,6,4,5.800036,-2.548504,3.251532,9.754597,8.195542,-0.396744
22,7,1,5.535041,-2.538976,2.996065,8.988195,7.948042,-0.376956
22,8,-2,5.766407,-2.524400,3.242007,9.726022,8.196474,-0.395537
22,9,-5,5.947725,-2.504635,3.443090,10.329270,8.394449,-0.410163
22,10,-8,6.094753,-2.479501,3.615252,10.845756,8.557747,-0.422454
22,11,-11,6.304621,-2.448773,3.855848,11.567544,8.783518,-0.438987
22,12,-14,6.417572,-2.412167,4.005404,12.016213,8.912020,-0.449438
22,13,-17,6.205751,-2.369327,3.836424,11.509271,8.715417,-0.440188
22,14,-20,6.622444,-2.319800,4.302644,12.907933,9.147010,-0.470388
22,15,-23,6.731656,-2.263003,4.468653,13.405959,9.270817,-0.482013
22,16,-26,6.866096,-2.198170,4.667926,14.003779,9.419561,-0.495557
22,17,-29,6.571375,-2.124256,4.447118,13.341355,9.138864,-0.486616
22,18,-32,6.999214,-2.039777,4.959437,14.878311,9.580461,-0.517662
22,19,-35,6.830973,-1.942471,4.888502,14.665507,9.425721,-0.518634
22,20,-38,7.105530,-1.828505,5.277025,15.831076,9.713533,-0.543265
22,21,-41,6.896585,-1.689991,5.206594,15.619783,9.517605,-0.547049
22,22,-44,7.138614,-1.500245,5.638369,16.915107,9.772423,-0.576967
23,0,23,5.819620,-2.501481,3.318139,9.954418,8.103118,-0.409489
23,1,20,5.985215,-2.520158,3.465057,10.395171,8.288546,-0.418054
23,2,17,5.740472,-2.534453,3.206019,9.618056,8.063068,-0.397618
23,3,14,5.636018,-2.544381,3.091637,9.274911,7.977344,-0.387552
23,4,11,5.634377,-2.549938,3.084439,9.253316,7.993931,-0.385848
23,5,8,5.593617,-2.551103,3.042514,9.127541,7.970924,-0.381702
23,6,5,5.545454,-2.547832,2.997622,8.992867,7.940068,-0.377531
23,7,2,5.723469,-2.540062,3.183407,9.550221,8.134965,-0.391324
23,8,-1,5.753606,-2.527707,3.225899,9.677698,8.181583,-0.394288
23,9,-4,5.800102,-2.510652,3.289450,9.868350,8.244179,-0.399003
23,10,-7,6.050366,-2.488755,3.561612,10.684835,8.510180,-0.418512
23,11,-10,6.238659,-2.461834,3.776825,11.330474,8.713866,-0.433427
23,12,-13,6.028214,-2.429668,3.598546,10.795639,8.518484,-0.422440
23,13,-16,6.355251,-2.391976,3.963275,11.889825,8.860272,-0.447309
23,14,-19,6.385388,-2.348414,4.036974,12.110923,8.904858,-0.453345
23,15,-22,6.547560,-2.298541,4.249019,12.747057,9.081194,-0.467892
23,16,-25,6.342015,-2.241797,4.100219,12.300656,8.889537,-0.461241
23,17,-28,6.658687,-2.177441,4.481246,13.443737,9.219833,-0.486044
23,18,-31,6.428001,-2.104473,4.323528,12.970584,9.002519,-0.480258
23,19,-34,6.612772,-2.021466,4.591306,13.773918,9.200419,-0.499032
23,20,-37,6.740656,-1.926254,4.814402,14.443206,9.341198,-0.515394
23,21,-40,6.935323,-1.815168,5.120155,15.360464,9.548536,-0.536224
23,22,-43,6.853940,-1.680660,5.173281,15.519842,9.479607,-0.545727
23,23,-46,6.888593,-1.497202,5.391392,16.174175,9.526506,-0.565936
24,0,24,6.172201,-2.499255,3.672946,11.018838,8.459039,-0.434204
24,1,21,6.004715,-2.517243,3.487473,10.462418,8.310603,-0.419641
24,2,18,5.673728,-2.531205,3.142523,9.427569,7.998140,-0.392907
24,3,15,5.774884,-2.541156,3.233728,9.701185,8.117325,-0.398374
24,4,12,5.712049,-2.547094,3.164955,9.494866,8.072054,-0.392088
24,5,9,5.669684,-2.549002,3.120682,9.362047,8.046811,-0.387816
24,6,6,5.673310,-2.546846,3.126464,9.379392,8.067143,-0.387555
24,7,3,5.807160,-2.540574,3.266586,9.799757,8.217303,-0.397525
24,8,0,5.445809,-2.530117,2.915692,8.747076,7.871887,-0.370393
24,9,-3,6.171244,-2.515381,3.655862,10.967587,8.612900,-0.424464
24,10,-6,6.369310,-2.496251,3.873059,11.619177,8.826205,-0.438814
24,11,-9,6.100573,-2.472581,3.627992,10.883977,8.572383,-0.423219
24,12,-12,6.445740,-2.444192,4.001548,12.004644,8.932156,-0.447994
24,13,-15,6.474621,-2.410864,4.063757,12.191271,8.975347,-0.452769
24,14,-18,6.521912,-2.372325,4.149586,12.448759,9.036664,-0.459194
24,15,-21,6.477164,-2.328239,4.148925,12.446776,9.005673,-0.460701
24,16,-24,6.643679,-2.278179,4.365500,13.096500,9.185684,-0.475250
24,17,-27,6.593932,-2.221604,4.372329,13.116986,9.149184,-0.477893
24,18,-30,6.904255,-2.157801,4.746455,14.239364,9.472515,-0.501077
24,19,-33,6.697035,-2.085806,4.611230,13.833689,9.278071,-0.497003
24,20,-36,6.955866,-2.004250,4.951616,14.854848,9.549457,-0.518523
24,21,-39,6.937670,-1.911054,5.026615,15.079846,9.543603,-0.526700
24,22,-42,6.975936,-1.802699,5.173236,15.519709,9.594005,-0.539216
24,23,-45,7.110485,-1.671948,5.438538,16.315613,9.740492,-0.558343
24,24,-48,7.269533,-1.494335,5.775197,17.325591,9.911285,-0.582689
25,0,25,6.232353,-2.497139,3.735214,11.205642,8.522333,-0.438285
25,1,22,6.027934,-2.514486,3.513448,10.540343,8.336239,-0.421467
25,2,19,5.798407,-2.528123,3.270284,9.810852,8.124550,-0.402519
25,3,16,5.934600,-2.538061,3.396539,10.189616,8.278122,-0.410303
25,4,13,5.521475,-2.544302,2.977173,8.931519,7.881943,-0.377721
25,5,10,5.785741,-2.546832,3.238909,9.716727,8.162744,-0.396792
25,6,7,5.704872,-2.545624,3.159248,9.477745,8.098021,-0.390126
25,7,4,5.813227,-2.540636,3.272591,9.817774,8.222152,-0.398021
25,8,1,5.771050,-2.531810,3.239240,9.717719,8.195399,-0.395251
25,9,-2,6.103721,-2.519071,3.584650,10.753951,8.543160,-0.419593
25,10,-5,6.163820,-2.502323,3.661497,10.984491,8.618029,-0.424865
25,11,-8,6.244330,-2.481448,3.762882,11.288646,8.713005,-0.431870
25,12,-11,6.541249,-2.456301,4.084948,12.254843,9.024098,-0.452671
25,13,-14,6.424001,-2.426705,3.997296,11.991888,8.920746,-0.448090
25,14,-17,6.150615,-2.392444,3.758171,11.274514,8.660988,-0.433919
25,15,-20,6.472439,-2.353252,4.119186,12.357559,8.996183,-0.457882
25,16,-23,6.530053,-2.308802,4.221251,12.663753,9.066924,-0.465566
25,17,-26,6.742778,-2.258682,4.484096,13.452288,9.292538,-0.482548
25,18,-29,6.636742,-2.202367,4.434375,13.303125,9.199165,-0.482041
25,19,-32,6.778573,-2.139171,4.639402,13.918206,9.353439,-0.496010
25,20,-35,6.922648,-2.068166,4.854482,14.563447,9.509747,-0.510474
25,21,-38,7.191409,-1.988034,5.203375,15.610125,9.790537,-0.531470
25,22,-41,7.049770,-1.896776,5.152994,15.458982,9.660733,-0.533396
25,23,-44,6.981216,-1.791013,5.190204,15.570611,9.603823,-0.540431
25,24,-47,7.203335,-1.663793,5.539541,16.618624,9.837404,-0.563110
25,25,-50,6.916595,-1.491630,5.424965,16.274894,9.561949,-0.567349
26,0,26,6.000633,-2.495126,3.505507,10.516522,8.293575,-0.422677
26,1,23,5.942784,-2.511876,3.430908,10.292724,8.253379,-0.415697
26,2,20,5.714506,-2.525194,3.189312,9.567937,8.042302,-0.396567
26,3,17,5.281527,-2.535093,2.746435,8.239304,7.626097,-0.360136
26,4,14,5.767756,-2.541573,3.226183,9.678548,8.128696,-0.396888
26,5,11,5.517677,-2.544625,2.973052,8.919157,7.894603,-0.376593
26,6,8,5.822296,-2.544226,3.278069,9.834208,8.214844,-0.399042
26,7,5,5.593076,-2.540343,3.052733,9.158198,8.000900,-0.381549
26,8,2,5.840373,-2.532928,3.307445,9.922336,8.263142,-0.400265
26,9,-1,5.808338,-2.521917,3.286421,9.859262,8.245738,-0.398560
26,10,-4,5.905700,-2.507233,3.398468,10.195403,8.357431,-0.406640
26,11,-7,6.139279,-2.488778,3.650501,10.951504,8.605053,-0.424228
26,12,-10,6.037753,-2.466433,3.571320,10.713960,8.517294,-0.419302
26,13,-13,6.223673,-2.440054,3.783619,11.350856,8.716719,-0.434065
26,14,-16,6.354928,-2.409468,3.945460,11.836381,8.861225,-0.445250
26,15,-19,6.511099,-2.374461,4.136638,12.409914,9.030404,-0.458079
26,16,-22,6.564418,-2.334775,4.229642,12.688927,9.096499,-0.464975
26,17,-25,6.443778,-2.290092,4.153686,12.461057,8.988410,-0.462116
26,18,-28,6.722402,-2.240013,4.482389,13.447166,9.279369,-0.483049
26,19,-31,6.768709,-2.184031,4.584678,13.754034,9.337803,-0.490980
26,20,-34,6.745320,-2.121482,4.623838,13.871514,9.326341,-0.495783
26,21,-37,6.694465,-2.051471,4.642994,13.928981,9.287220,-0.499934
26,22,-40,6.901359,-1.972731,4.928628,14.785885,9.505660,-0.518494
26,23,-43,6.989920,-1.883336,5.106584,15.319751,9.605587,-0.531626
26,24,-46,6.907746,-1.780035,5.127711,15.383133,9.534604,-0.537800
26,25,-49,6.992505,-1.656143,5.336363,16.009088,9.630386,-0.554117
26,26,-52,6.792325,-1.489073,5.303252,15.909756,9.441065,-0.561722
27,0,27,6.123828,-2.493209,3.630619,10.891856,8.419565,-0.431212
27,1,24,5.908283,-2.509401,3.398882,10.196646,8.221050,-0.413436
27,2,21,5.622515,-2.522410,3.100105,9.300316,7.951890,-0.389858
27,3,18,5.895673,-2.532247,3.363426,10.090278,8.241258,-0.408120
27,4,15,5.794160,-2.538914,3.255246,9.765738,8.155577,-0.399144
27,5,12,5.799238,-2.542405,3.256834,9.770501,8.176128,-0.398334
27,6,9,5.838177,-2.542700,3.295477,9.886432,8.230199,-0.400413
27,7,6,5.889522,-2.539772,3.349750,10.049249,8.296349,-0.403762
27,8,3,5.781302,-2.533581,3.247721,9.743164,8.202625,-0.395937
27,9,0,5.939697,-2.524075,3.415622,10.246867,8.375219,-0.407825
27,10,-3,6.097049,-2.511189,3.585861,10.757582,8.546486,-0.419571
27,11,-6,6.077297,-2.494841,3.582456,10.747369,8.540378,-0.419473
27,12,-9,6.277031,-2.474934,3.802097,11.406291,8.753496,-0.434352
27,13,-12,6.339891,-2.451349,3.888543,11.665628,8.829491,-0.440404
27,14,-15,6.232300,-2.423943,3.808357,11.425070,8.734794,-0.435998
27,15,-18,6.487610,-2.392545,4.095064,12.285192,9.002769,-0.454867
27,16,-21,6.453673,-2.356949,4.096724,12.290173,8.981275,-0.456141
27,17,-24,6.521381,-2.316901,4.204481,12.613442,9.061214,-0.464009
27,18,-27,6.778175,-2.272091,4.506083,13.518250,9.330032,-0.482965
27,19,-30,6.723466,-2.222135,4.501331,13.503992,9.287149,-0.484684
27,20,-33,6.757702,-2.166540,4.591162,13.773486,9.333022,-0.491927
27,21,-36,6.652839,-2.104666,4.548173,13.644518,9.239609,-0.492247
27,22,-39,6.795444,-2.035649,4.759795,14.279384,9.393487,-0.506712
27,23,-42,6.878805,-1.958266,4.920540,14.761619,9.487949,-0.518609
27,24,-45,6.871614,-1.870661,5.000953,15.002860,9.491692,-0.526877
27,25,-48,7.008240,-1.769702,5.238538,15.715614,9.639090,-0.543468
27,26,-51,6.974303,-1.648949,5.325354,15.976063,9.615769,-0.553815
27,27,-54,7.147715,-1.486651,5.661064,16.983193,9.799646,-0.577681
28,0,28,5.968012,-2.491381,3.476631,10.429894,8.266395,-0.420574
28,1,25,5.728112,-2.507050,3.221062,9.663185,8.042943,-0.400483
28,2,22,5.691983,-2.519759,3.172224,9.516673,8.022869,-0.395398
28,3,19,5.718972,-2.529518,3.189453,9.568360,8.065539,-0.395442
28,4,16,5.719534,-2.536330,3.183204,9.549611,8.081430,-0.393891
28,5,13,5.620615,-2.540189,3.080425,9.241276,7.997502,-0.385173
28,6,10,5.827070,-2.541081,3.285988,9.857965,8.218627,-0.399822
28,7,7,5.611438,-2.538982,3.072455,9.217366,8.017359,-0.383225
28,8,4,5.826126,-2.533859,3.292266,9.876799,8.246119,-0.399250
28,9,1,5.751575,-2.525669,3.225906,9.677718,8.185360,-0.394107
28,10,-2,5.991997,-2.514356,3.477641,10.432922,8.439306,-0.412077
28,11,-5,6.038861,-2.499854,3.539007,10.617021,8.499437,-0.416381
28,12,-8,6.177118,-2.482079,3.695039,11.085116,8.650715,-0.427137
28,13,-11,6.167571,-2.460934,3.706636,11.119909,8.653953,-0.428317
28,14,-14,6.328366,-2.436302,3.892065,11.676194,8.827306,-0.440912
28,15,-17,6.510066,-2.408041,4.102026,12.306077,9.021344,-0.454702
28,16,-20,6.545096,-2.375983,4.169113,12.507339,9.068502,-0.459736
28,17,-23,6.480126,-2.339926,4.140200,12.420600,9.015457,-0.459234
28,18,-26,6.648714,-2.299624,4.349090,13.047270,9.195774,-0.472944
28,19,-29,6.739391,-2.254776,4.484615,13.453846,9.297993,-0.482321
28,20,-32,6.758009,-2.205008,4.553001,13.659004,9.327969,-0.488102
28,21,-35,6.891497,-2.149843,4.741654,14.224962,9.472640,-0.500563
28,22,-38,6.920015,-2.088663,4.831352,14.494057,9.512170,-0.507913
28,23,-41,6.804348,-2.020632,4.783716,14.351148,9.407350,-0.508508
28,24,-44,6.917850,-1.944570,4.973280,14.919841,9.531540,-0.521771
28,25,-47,6.631748,-1.858685,4.773063,14.319189,9.255971,-0.515674
28,26,-50,7.001092,-1.759955,5.241136,15.723409,9.635698,-0.543929
28,27,-53,7.065083,-1.642170,5.422913,16.268739,9.709928,-0.558492
28,28,-56,7.194365,-1.484354,5.710011,17.130033,9.849307,-0.579737
29,0,29,5.610158,-2.489635,3.120522,9.361567,7.911047,-0.394451
29,1,26,5.764444,-2.504815,3.259629,9.778887,8.081238,-0.403358
29,2,23,5.642744,-2.517234,3.125510,9.376531,7.975075,-0.391910
29,3,20,5.677225,-2.526902,3.150323,9.450969,8.024744,-0.392576
29,4,17,5.819881,-2.533823,3.286058,9.858173,8.182255,-0.401608
29,5,14,5.867684,-2.537992,3.329691,9.989074,8.244597,-0.403863
29,6,11,5.795068,-2.539398,3.255669,9.767007,8.186217,-0.397701
29,7,8,5.646749,-2.538021,3.108727,9.326182,8.051846,-0.386089
29,8,5,5.748545,-2.533834,3.214711,9.644134,8.167314,-0.393607
29,9,2,5.656452,-2.526798,3.129654,9.388961,8.088629,-0.386920
29,10,-1,5.801654,-2.516869,3.284784,9.854352,8.246984,-0.398301
29,11,-4,6.112280,-2.503990,3.608290,10.824871,8.570522,-0.421012
29,12,-7,6.115913,-2.488091,3.627822,10.883467,8.586832,-0.422487
29,13,-10,6.230817,-2.469090,3.761727,11.285181,8.714189,-0.431678
29,14,-13,6.306032,-2.446889,3.859142,11.577427,8.801640,-0.438457
29,15,-16,6.220603,-2.421372,3.799230,11.397691,8.728240,-0.435280
29,16,-19,6.240130,-2.392400,3.847729,11.543187,8.759596,-0.439259
29,17,-22,6.320648,-2.359809,3.960839,11.882516,8.851749,-0.447464
29,18,-25,6.369984,-2.323400,4.046583,12.139750,8.912534,-0.454033
29,19,-28,6.445848,-2.282935,4.162913,12.488740,8.999667,-0.462563
29,20,-31,6.587413,-2.238120,4.349293,13.047880,9.152326,-0.475212
29,21,-34,6.414385,-2.188593,4.225792,12.677376,8.990224,-0.470043
29,22,-37,6.654802,-2.133891,4.520911,13.562733,9.241405,-0.489202
29,23,-40,6.726507,-2.073417,4.653090,13.959271,9.323715,-0.499060
29,24,-43,6.550545,-2.006361,4.544184,13.632551,9.158206,-0.496187
29,25,-46,6.806878,-1.931582,4.875296,14.625888,9.424844,-0.517281
29,26,-49,6.775282,-1.847350,4.927932,14.783795,9.403408,-0.524058
29,27,-52,6.731026,-1.750745,4.980281,14.940843,9.369175,-0.531560
29,28,-55,6.793991,-1.635771,5.158221,15.474662,9.442026,-0.546304
29,29,-58,6.854918,-1.482172,5.372746,16.118239,9.512708,-0.564797
30,0,30,5.980610,-2.487968,3.492642,10.477926,8.283878,-0.421619
30,1,27,5.794808,-2.502687,3.292121,9.876364,8.113473,-0.405760
30,2,24,5.788289,-2.514825,3.273464,9.820392,8.122005,-0.403036
30,3,21,5.761944,-2.524393,3.237551,9.712653,8.110384,-0.399186
30,4,18,5.842052,-2.531394,3.310658,9.931974,8.204902,-0.403498
30,5,15,5.807244,-2.535824,3.271421,9.814262,8.184208,-0.399724
30,6,12,6.042907,-2.537674,3.505233,10.515700,8.433698,-0.415622
30,7,9,5.945648,-2.536927,3.408720,10.226161,8.349994,-0.408230
30,8,6,5.830914,-2.533561,3.297353,9.892058,8.248554,-0.399749
30,9,3,5.900058,-2.527544,3.372514,10.117541,8.330742,-0.404828
30,10,0,5.950046,-2.518837,3.431208,10.293625,8.393534,-0.408792
30,11,-3,5.929195,-2.507392,3.421803,10.265408,8.385256,-0.408074
30,12,-6,6.169009,-2.493150,3.675859,11.027578,8.637422,-0.425574
30,13,-9,6.190262,-2.476042,3.714220,11.142659,8.670812,-0.428359
30,14,-12,6.123781,-2.455985,3.667796,11.003387,8.616264,-0.425683
30,15,-15,6.360768,-2.432883,3.927885,11.783656,8.864985,-0.443079
30,16,-18,6.289900,-2.406620,3.883281,11.649842,8.805661,-0.440998
30,17,-21,6.414489,-2.377060,4.037429,12.112288,8.941609,-0.451533
30,18,-24,6.418546,-2.344042,4.074504,12.223512,8.956847,-0.454904
30,19,-27,6.512270,-2.307372,4.204897,12.614691,9.061579,-0.464036
30,20,-30,6.712496,-2.266819,4.445677,13.337030,9.272647,-0.479440
30,21,-33,6.503450,-2.222096,4.281353,12.844060,9.074283,-0.471812
30,22,-36,6.640397,-2.172852,4.467545,13.402635,9.221756,-0.484457
30,23,-39,6.537947,-2.118639,4.419308,13.257924,9.129680,-0.484059
30,24,-42,6.807759,-2.058876,4.748884,14.246651,9.409721,-0.504679
30,25,-45,6.884512,-1.992780,4.891732,14.675196,9.496560,-0.515106
30,26,-48,6.976932,-1.919248,5.057684,15.173052,9.598927,-0.526901
30,27,-51,7.101521,-1.836605,5.264916,15.794747,9.733331,-0.540916
30,28,-54,7.101810,-1.742028,5.359782,16.079345,9.743303,-0.550099
30,29,-57,6.929555,-1.629718,5.299837,15.899510,9.580607,-0.553184
30,30,-60,6.931167,-1.480097,5.451071,16.353212,9.591654,-0.568314
31,0,31,6.097624,-2.486372,3.611251,10.833754,8.403153,-0.429750
31,1,28,6.098132,-2.500658,3.597474,10.792422,8.418580,-0.427325
31,2,25,5.933916,-2.512526,3.421391,10.264172,8.268960,-0.413763
31,3,22,5.974598,-2.521986,3.452612,10.357836,8.323929,-0.414782
31,4,19,5.831889,-2.529041,3.302848,9.908543,8.195212,-0.403022
31,5,16,5.993950,-2.533690,3.460260,10.380779,8.370984,-0.413364
31,6,13,5.862745,-2.535925,3.326820,9.980461,8.253221,-0.403094
31,7,10,6.005732,-2.535731,3.470001,10.410003,8.409392,-0.412634
31,8,7,6.008584,-2.533089,3.475495,10.426484,8.425180,-0.412513
31,9,4,6.156460,-2.527973,3.628487,10.885460,8.585756,-0.422617
31,10,1,5.969187,-2.520349,3.448839,10.346516,8.410955,-0.410041
31,11,-2,6.133699,-2.510176,3.623524,10.870571,8.587720,-0.421942
31,12,-5,6.274238,-2.497404,3.776834,11.330503,8.740300,-0.432117
31,13,-8,6.236385,-2.481974,3.754411,11.263232,8.714286,-0.430834
31,14,-11,6.425351,-2.463818,3.961533,11.884599,8.914894,-0.444372
31,15,-14,6.233280,-2.442851,3.790428,11.371285,8.734277,-0.433972
31,16,-17,6.123532,-2.418979,3.704553,11.113658,8.635801,-0.428976
31,17,-20,6.321459,-2.392088,3.929371,11.788112,8.844824,-0.444257
31,18,-23,6.380724,-2.362045,4.018680,12.056039,8.915015,-0.450777
31,19,-26,6.579729,-2.328691,4.251038,12.753115,9.124780,-0.465878
31,20,-29,6.503217,-2.291838,4.211379,12.634138,9.058870,-0.464890
31,21,-32,6.694388,-2.251259,4.443130,13.329389,9.260489,-0.479794
31,22,-35,6.514703,-2.206677,4.308026,12.924078,9.091102,-0.473873
31,23,-38,6.430467,-2.157749,4.272718,12.818154,9.017020,-0.473850
31,24,-41,6.679143,-2.104042,4.575101,13.725302,9.275708,-0.493235
31,25,-44,6.815883,-2.044992,4.770890,14.312671,9.422324,-0.506339
31,26,-47,6.915594,-1.979841,4.935753,14.807258,9.531779,-0.517821
31,27,-50,6.934834,-1.907518,5.027316,15.081948,9.560634,-0.525835
31,28,-53,6.918263,-1.826403,5.091860,15.275581,9.553554,-0.532981
31,29,-56,6.873343,-1.733762,5.139581,15.418742,9.518003,-0.539985
31,30,-59,7.032287,-1.623984,5.408303,16.224908,9.686198,-0.558351
31,31,-62,7.028142,-1.478120,5.550023,16.650068,9.691189,-0.572688
32,0,32,6.167003,-2.484845,3.682158,11.046475,8.474685,-0.434489
32,1,29,6.058214,-2.498721,3.559493,10.678480,8.380367,-0.424742
32,2,26,6.012998,-2.510328,3.502670,10.508009,8.349317,-0.419516
32,3,23,5.936675,-2.519675,3.417000,10.250999,8.286869,-0.412339
32,4,20,5.967326,-2.526765,3.440560,10.321681,8.331117,-0.412977
32,5,17,6.001375,-2.531597,3.469777,10.409332,8.378497,-0.414129
32,6,14,5.621273,-2.534165,3.087108,9.261324,8.011472,-0.385336
32,7,11,6.065797,-2.534456,3.531340,10.594021,8.468828,-0.416981
32,8,8,6.136477,-2.532455,3.604022,10.812066,8.552106,-0.421419
32,9,5,5.919219,-2.528138,3.391081,10.173243,8.347221,-0.406253
32,10,2,6.016747,-2.521477,3.495270,10.485810,8.456906,-0.413304
32,11,-1,5.820049,-2.512436,3.307612,9.922837,8.272155,-0.399849
32,12,-4,6.039277,-2.500974,3.538303,10.614909,8.503131,-0.416118
32,13,-7,6.011908,-2.487040,3.524868,10.574603,8.487315,-0.415310
32,14,-10,6.336059,-2.470574,3.865485,11.596456,8.822834,-0.438123
32,15,-13,6.176631,-2.451506,3.725125,11.175375,8.674592,-0.429429
32,16,-16,6.433646,-2.429756,4.003891,12.011672,8.942620,-0.447731
32,17,-19,6.339258,-2.405227,3.934031,11.802093,8.859076,-0.444068
32,18,-22,6.391317,-2.377809,4.013508,12.040523,8.921817,-0.449853
32,19,-25,6.397420,-2.347371,4.050049,12.150147,8.938444,-0.453104
32,20,-28,6.359968,-2.313758,4.046210,12.138630,8.911364,-0.454051
32,21,-31,6.552188,-2.276787,4.275401,12.826204,9.113808,-0.469113
32,22,-34,6.698505,-2.236235,4.462270,13.386809,9.270205,-0.481356
32,23,-37,6.645231,-2.191834,4.453397,13.360192,9.226873,-0.482655
32,24,-40,6.731875,-2.143250,4.588625,13.765874,9.323323,-0.492166
32,25,-43,6.803830,-2.090062,4.713768,14.141305,9.404954,-0.501201
32,26,-46,6.884256,-2.031723,4.852533,14.557598,9.494927,-0.511066
32,27,-49,6.900696,-1.967497,4.933199,14.799596,9.520792,-0.518150
32,28,-52,6.965679,-1.896347,5.069331,15.207993,9.595079,-0.528326
32,29,-55,6.771818,-1.816703,4.955115,14.865345,9.410405,-0.526557
32,30,-58,7.096254,-1.725914,5.370341,16.111022,9.743915,-0.551148
32,31,-61,6.963903,-1.618544,5.345359,16.036078,9.620526,-0.555620
32,32,-64,7.115529,-1.476235,5.639294,16.917883,9.781007,-0.576556
33,0,33,6.059990,-2.483381,3.576609,10.729827,8.369723,-0.427327
33,1,30,6.128676,-2.496871,3.631806,10.895417,8.452458,-0.429674
33,2,27,5.877589,-2.508227,3.369362,10.108087,8.215131,-0.410141
33,3,24,5.857504,-2.517456,3.340047,10.020142,8.208533,-0.406899
33,4,21,5.913909,-2.524564,3.389345,10.168034,8.278162,-0.409432
33,5,18,5.955918,-2.529549,3.426369,10.279107,8.333143,-0.411174
33,6,15,5.742273,-2.532405,3.209868,9.629605,8.132230,-0.394709
33,7,12,6.021568,-2.533123,3.488444,10.465333,8.424023,-0.414107
33,8,9,5.916021,-2.531689,3.384331,10.152994,8.330753,-0.406246
33,9,6,5.991321,-2.528084,3.463237,10.389711,8.418116,-0.411403
33,10,3,5.839383,-2.522282,3.317100,9.951301,8.278034,-0.400711
33,11,0,5.898696,-2.514254,3.384442,10.153326,8.349006,-0.405371
33,12,-3,6.100259,-2.503962,3.596296,10.788889,8.562035,-0.420028
33,13,-6,6.130228,-2.491364,3.638864,10.916592,8.603287,-0.422962
33,14,-9,6.001102,-2.476408,3.524693,10.574080,8.485264,-0.415390
33,15,-12,6.386188,-2.459036,3.927153,11.781458,8.881283,-0.442183
33,16,-15,6.407193,-2.439176,3.968017,11.904050,8.913052,-0.445192
33,17,-18,6.284280,-2.416750,3.867530,11.602590,8.800744,-0.439455
33,18,-21,6.311688,-2.391663,3.920025,11.760075,8.838600,-0.443512
33,19,-24,6.260725,-2.363805,3.896920,11.690761,8.797935,-0.442936
33,20,-27,6.362414,-2.333049,4.029365,12.088096,8.909775,-0.452241
33,21,-30,6.504297,-2.299243,4.205054,12.615162,9.061668,-0.464049
33,22,-33,6.741751,-2.262208,4.479543,13.438629,9.308993,-0.481206
33,23,-36,6.759186,-2.221728,4.537458,13.612375,9.336167,-0.486009
33,24,-39,6.787806,-2.177540,4.610266,13.830798,9.374396,-0.491793
33,25,-42,6.691370,-2.129321,4.562049,13.686146,9.287442,-0.491206
33,26,-45,6.883520,-2.076661,4.806859,14.420576,9.488952,-0.506574
33,27,-48,6.814382,-2.019028,4.795354,14.386062,9.429056,-0.508572
33,28,-51,6.728584,-1.955709,4.772875,14.318625,9.352383,-0.510338
33,29,-54,6.992172,-1.885697,5.106476,15.319427,9.624983,-0.530544
33,30,-57,6.732096,-1.807467,4.924629,14.773888,9.373810,-0.525360
33,31,-60,7.003699,-1.718450,5.285249,15.855747,9.654209,-0.547455
33,32,-63,7.040183,-1.613373,5.426810,16.280430,9.699385,-0.559500
33,33,-66,7.029306,-1.474435,5.554872,16.664615,9.697098,-0.572839
34,0,34,6.199932,-2.481977,3.717955,11.153865,8.511622,-0.436809
34,1,31,6.040618,-2.495101,3.545517,10.636551,8.365959,-0.423803
34,2,28,6.060344,-2.506214,3.554129,10.662388,8.399063,-0.423158
34,3,25,6.111408,-2.515325,3.596084,10.788251,8.463247,-0.424906
34,4,22,6.000956,-2.522435,3.478521,10.435562,8.365665,-0.415809
34,5,19,6.015441,-2.527546,3.487894,10.463683,8.392782,-0.415583
34,6,16,6.121228,-2.530653,3.590575,10.771724,8.510972,-0.421876
34,7,13,5.911215,-2.531748,3.379467,10.138400,8.313142,-0.406521
34,8,10,5.956436,-2.530819,3.425618,10.276853,8.370335,-0.409257
34,9,7,5.721535,-2.527848,3.193687,9.581060,8.147201,-0.391998
34,10,4,5.929983,-2.522815,3.407168,10.221504,8.367220,-0.407204
34,11,1,5.903034,-2.515694,3.387340,10.162019,8.351653,-0.405589
34,12,-2,5.914715,-2.506452,3.408263,10.224789,8.374533,-0.406979
34,13,-5,6.053466,-2.495052,3.558414,10.675241,8.524308,-0.417443
34,14,-8,6.264622,-2.481451,3.783171,11.349513,8.746317,-0.432544
34,15,-11,6.260088,-2.465597,3.794491,11.383473,8.752471,-0.433534
34,16,-14,6.040026,-2.447431,3.592595,10.777786,8.542938,-0.420534
34,17,-17,6.465176,-2.426883,4.038292,12.114877,8.978462,-0.449776
34,18,-20,6.459610,-2.403875,4.055735,12.167204,8.983121,-0.451484
34,19,-23,6.546723,-2.378314,4.168409,12.505227,9.080314,-0.459060
34,20,-26,6.587496,-2.350091,4.237404,12.712213,9.131028,-0.464067
34,21,-29,6.728009,-2.319083,4.408926,13.226778,9.281345,-0.475031
34,22,-32,6.630021,-2.285140,4.344881,13.034643,9.193029,-0.472628
34,23,-35,6.770163,-2.248088,4.522075,13.566225,9.342714,-0.484022
34,24,-38,6.977825,-2.207717,4.770109,14.310327,9.559795,-0.498976
34,25,-41,7.020189,-2.163769,4.856420,14.569259,9.611456,-0.505274
34,26,-44,6.896394,-2.115931,4.780462,14.341387,9.496841,-0.503374
34,27,-47,6.678830,-2.063804,4.615026,13.845077,9.288341,-0.496862
34,28,-50,6.893478,-2.006871,4.886607,14.659822,9.511943,-0.513734
34,29,-53,6.821253,-1.944439,4.876814,14.630441,9.448562,-0.516143
34,30,-56,7.015290,-1.875529,5.139761,15.419283,9.651338,-0.532544
34,31,-59,7.073891,-1.798662,5.275229,15.825687,9.718575,-0.542799
34,32,-62,7.029743,-1.711343,5.318400,15.955200,9.682961,-0.549253
34,33,-65,7.220602,-1.608453,5.612149,16.836446,9.882257,-0.567902
34,34,-68,7.294565,-1.472714,5.821851,17.465554,9.964562,-0.584256
35,0,35,6.110389,-2.480629,3.629760,10.889281,8.423950,-0.430886
35,1,32,6.206924,-2.493406,3.713518,11.140554,8.533758,-0.435156
35,2,29,6.123559,-2.504286,3.619273,10.857820,8.463411,-0.427638
35,3,26,5.987073,-2.513275,3.473798,10.421393,8.339696,-0.416538
35,4,23,5.733004,-2.520377,3.212627,9.637881,8.098162,-0.396711
35,5,20,5.976580,-2.525592,3.450988,10.352964,8.354048,-0.413092
35,6,17,5.692268,-2.528917,3.163351,9.490054,8.081827,-0.391415
35,7,14,5.935057,-2.530344,3.404713,10.214138,8.336498,-0.408410
35,8,11,5.706181,-2.529864,3.176317,9.528951,8.119303,-0.391206
35,9,8,5.855350,-2.527461,3.327889,9.983666,8.279958,-0.401921
35,10,5,5.921138,-2.523118,3.398020,10.194059,8.357046,-0.406605
35,11,2,5.836638,-2.516812,3.319826,9.959478,8.283664,-0.400768
35,12,-1,5.826839,-2.508514,3.318325,9.954976,8.284810,-0.400531
35,13,-4,5.819297,-2.498193,3.321104,9.963313,8.288044,-0.400710
35,14,-7,6.094130,-2.485811,3.608319,10.824957,8.573489,-0.420869
35,15,-10,6.109850,-2.471323,3.638528,10.915583,8.599664,-0.423101
35,16,-13,6.318066,-2.454677,3.863389,11.590166,8.818183,-0.438116
35,17,-16,6.412136,-2.435816,3.976321,11.928962,8.922408,-0.445656
35,18,-19,6.398871,-2.414670,3.984200,11.952601,8.919154,-0.446702
35,19,-22,6.438479,-2.391162,4.047317,12.141952,8.968635,-0.451275
35,20,-25,6.572778,-2.365199,4.207579,12.622738,9.112672,-0.461728
35,21,-28,6.651995,-2.336678,4.315318,12.945953,9.201495,-0.468980
35,22,-31,6.581939,-2.305473,4.276466,12.829397,9.140919,-0.467838
35,23,-34,6.676263,-2.271443,4.404821,13.214462,9.244599,-0.476475
35,24,-37,6.760088,-2.234413,4.525674,13.577023,9.337660,-0.484669
35,25,-40,6.830519,-2.194181,4.636338,13.909015,9.417211,-0.492326
35,26,-43,6.797428,-2.150496,4.646931,13.940794,9.393125,-0.494716
35,27,-46,6.935150,-2.103052,4.832098,14.496295,9.539743,-0.506523
35,28,-49,6.760262,-2.051460,4.708802,14.126406,9.373642,-0.502345
35,29,-52,6.979840,-1.995218,4.984622,14.953866,9.601904,-0.519129
35,30,-55,7.114140,-1.933652,5.180488,15.541463,9.744783,-0.531616
35,31,-58,7.222259,-1.865811,5.356448,16.069345,9.861384,-0.543174
35,32,-61,7.186466,-1.790257,5.396209,16.188628,9.833975,-0.548731
35,33,-64,7.212333,-1.704565,5.507767,16.523301,9.868130,-0.558137
35,34,-67,7.184147,-1.603764,5.580383,16.741149,9.848141,-0.566643
35,35,-70,7.441838,-1.471067,5.970771,17.912313,10.113938,-0.590351
36,0,36,6.223761,-2.479333,3.744428,11.233285,8.539111,-0.438503
36,1,33,6.175400,-2.491782,3.683619,11.050856,8.503667,-0.433180
36,2,30,6.025930,-2.502436,3.523494,10.570481,8.366871,-0.421124
36,3,27,5.973204,-2.511303,3.461901,10.385702,8.326587,-0.415765
36,4,24,6.166176,-2.518387,3.647789,10.943367,8.531776,-0.427553
36,5,21,5.888958,-2.523686,3.365272,10.095816,8.266561,-0.407095
36,6,18,6.083285,-2.527200,3.556085,10.668256,8.472683,-0.419712
36,7,15,5.775895,-2.528922,3.246973,9.740920,8.176889,-0.397092
36,8,12,5.890154,-2.528842,3.361312,10.083936,8.302551,-0.404853
36,9,9,6.010508,-2.526949,3.483559,10.450678,8.434124,-0.413032
36,10,6,6.066212,-2.523226,3.542986,10.628957,8.500868,-0.416779
36,11,3,5.852612,-2.517654,3.334958,10.004874,8.298135,-0.401892
36,12,0,5.889986,-2.510208,3.379778,10.139334,8.346210,-0.404948
36,13,-3,6.114948,-2.500861,3.614088,10.842263,8.581712,-0.421138
36,14,-6,5.689338,-2.489578,3.199760,9.599279,8.166485,-0.391816
36,15,-9,6.132150,-2.476322,3.655828,10.967484,8.619529,-0.424133
36,16,-12,6.301588,-2.461049,3.840539,11.521617,8.799052,-0.436472
36,17,-15,6.214270,-2.443706,3.770564,11.311691,8.721678,-0.432321
36,18,-18,6.513479,-2.424236,4.089243,12.267728,9.030694,-0.452816
36,19,-21,6.479801,-2.402571,4.077230,12.231691,9.006689,-0.452689
36,20,-24,6.761795,-2.378633,4.383162,13.149487,9.298227,-0.471398
36,21,-27,6.675724,-2.352334,4.323390,12.970170,9.221572,-0.468834
36,22,-30,6.701159,-2.323569,4.377590,13.132770,9.256303,-0.472931
36,23,-33,6.805851,-2.292218,4.513633,13.540899,9.370172,-0.481702
36,24,-36,6.850790,-2.258140,4.592650,13.777950,9.424171,-0.487327
36,25,-39,6.736828,-2.221168,4.515660,13.546980,9.319157,-0.484557
36,26,-42,6.863744,-2.181101,4.682643,14.047929,9.454912,-0.495260
36,27,-45,6.931565,-2.137696,4.793869,14.381608,9.531465,-0.502952
36,28,-48,6.942807,-2.090654,4.852152,14.556457,9.551335,-0.508008
36,29,-51,7.073246,-2.039598,5.033648,15.100943,9.690301,-0.519452
36,30,-54,7.280128,-1.984038,5.296090,15.888269,9.905611,-0.534656
36,31,-57,7.240688,-1.923318,5.317370,15.952111,9.874503,-0.538495
36,32,-60,7.267435,-1.856513,5.410922,16.232767,9.909488,-0.546034
36,33,-63,7.221110,-1.782225,5.438886,16.316657,9.871309,-0.550979
36,34,-66,7.247524,-1.698095,5.549429,16.648287,9.905780,-0.560221
36,35,-69,7.174571,-1.599290,5.575281,16.725842,9.840796,-0.566548
36,36,-72,7.559360,-1.469489,6.089871,18.269613,10.233469,-0.595093
37,0,37,6.457107,-2.478087,3.979020,11.937061,8.774169,-0.453493
37,1,34,6.298306,-2.490223,3.808083,11.424250,8.627949,-0.441366
37,2,31,6.012917,-2.500661,3.512256,10.536768,8.354909,-0.420382
37,3,28,6.234944,-2.509406,3.725538,11.176614,8.589064,-0.433754
37,4,25,6.034542,-2.516462,3.518080,10.554240,8.400577,-0.418790
37,5,22,6.047833,-2.521830,3.526003,10.578010,8.425579,-0.418488
37,6,19,6.064123,-2.525507,3.538616,10.615848,8.453381,-0.418604
37,7,16,5.999624,-2.527489,3.472135,10.416405,8.400205,-0.413339
37,8,13,5.978727,-2.527768,3.450959,10.352877,8.390448,-0.411296
37,9,10,6.089605,-2.526332,3.563272,10.689817,8.512289,-0.418603
37,10,7,5.966103,-2.523169,3.442934,10.328801,8.399579,-0.409894
37,11,4,5.992479,-2.518260,3.474219,10.422658,8.436583,-0.411804
37,12,1,6.088680,-2.511585,3.577095,10.731286,8.543251,-0.418704
37,13,-2,6.042331,-2.503118,3.539213,10.617640,8.507215,-0.416025
37,14,-5,6.276812,-2.492831,3.783981,11.351942,8.751860,-0.432363
37,15,-8,6.307189,-2.480691,3.826498,11.479494,8.792255,-0.435212
37,16,-11,6.278894,-2.466658,3.812236,11.436708,8.773838,-0.434500
37,17,-14,6.558397,-2.450688,4.107709,12.323127,9.063083,-0.453235
37,18,-17,6.492327,-2.432730,4.059597,12.178791,9.006623,-0.450735
37,19,-20,6.414554,-2.412727,4.001827,12.005480,8.938331,-0.447715
37,20,-23,6.606449,-2.390611,4.215837,12.647512,9.139582,-0.461272
37,21,-26,6.625595,-2.366307,4.259288,12.777865,9.167964,-0.464584
37,22,-29,6.654267,-2.339726,4.314541,12.943624,9.205754,-0.468679
37,23,-32,6.583234,-2.310767,4.272467,12.817401,9.143724,-0.467257
37,24,-35,6.516755,-2.279312,4.237443,12.712328,9.086137,-0.466363
37,25,-38,6.755803,-2.245223,4.510580,13.531740,9.333968,-0.483244
37,26,-41,6.778918,-2.208336,4.570582,13.711746,9.365761,-0.488010
37,27,-44,6.811707,-2.168456,4.643251,13.929754,9.407125,-0.493589
37,28,-47,6.991637,-2.125346,4.866291,14.598872,9.595529,-0.507142
37,29,-50,7.093912,-2.078714,5.015199,15.045596,9.706180,-0.516702
37,30,-53,7.080652,-2.028191,5.052461,15.157383,9.701201,-0.520808
37,31,-56,7.202767,-1.973302,5.229464,15.688393,9.831504,-0.531909
37,32,-59,7.052191,-1.913408,5.138783,15.416350,9.689026,-0.530371
37,33,-62,7.323776,-1.847608,5.476168,16.428504,9.968619,-0.549341
37,34,-65,7.266394,-1.774540,5.491854,16.475562,9.919159,-0.553661
37,35,-68,7.413611,-1.691911,5.721700,17.165099,10.074213,-0.567955
37,36,-71,7.392339,-1.595016,5.797322,17.391967,10.060696,-0.576235
37,37,-74,7.288464,-1.467976,5.820488,17.461463,9.964495,-0.584123
38,0,38,6.360146,-2.476887,3.883259,11.649777,8.678850,-0.447439
38,1,35,6.138756,-2.488726,3.650029,10.950088,8.469720,-0.430950
38,2,32,6.240630,-2.498955,3.741675,11.225024,8.583634,-0.435908
38,3,29,6.103323,-2.507578,3.595745,10.787234,8.458158,-0.425121
38,4,26,6.139804,-2.514601,3.625204,10.875612,8.506266,-0.426180
38,5,23,5.873858,-2.520022,3.353836,10.061509,8.251752,-0.406439
38,6,20,5.929503,-2.523841,3.405662,10.216985,8.318641,-0.409401
38,7,17,6.116475,-2.526054,3.590422,10.771265,8.516677,-0.421575
38,8,14,5.997267,-2.526653,3.470614,10.411843,8.408356,-0.412758
38,9,11,5.928302,-2.525630,3.402672,10.208015,8.350109,-0.407500
38,10,8,5.734128,-2.522972,3.211156,9.633469,8.166491,-0.393211
38,11,5,5.802909,-2.518663,3.284246,9.852738,8.245670,-0.398300
38,12,2,5.916623,-2.512686,3.403937,10.211810,8.369628,-0.406701
38,13,-1,6.009422,-2.505019,3.504403,10.513209,8.472523,-0.413620
38,14,-4,6.099062,-2.495636,3.603426,10.810278,8.572115,-0.420366
38,15,-7,6.084901,-2.484508,3.600394,10.801181,8.567768,-0.420225
38,16,-10,6.261717,-2.471600,3.790117,11.370351,8.754263,-0.432945
38,17,-13,6.378937,-2.456875,3.922062,11.766187,8.881031,-0.441622
38,18,-16,6.320880,-2.440287,3.880593,11.641778,8.832394,-0.439359
38,19,-19,6.460222,-2.421787,4.038434,12.115303,8.981033,-0.449663
38,20,-22,6.496703,-2.401317,4.095386,12.286157,9.026692,-0.453697
38,21,-25,6.566152,-2.378812,4.187340,12.562021,9.105201,-0.459884
38,22,-28,6.558210,-2.354195,4.204015,12.612044,9.106207,-0.461665
38,23,-31,6.399038,-2.327382,4.071656,12.214967,8.955871,-0.454635
38,24,-34,6.665708,-2.298272,4.367436,13.102309,9.231271,-0.473113
38,25,-37,6.792979,-2.266750,4.526229,13.578687,9.367166,-0.483202
38,26,-40,6.733072,-2.232680,4.500392,13.501175,9.315781,-0.483093
38,27,-43,6.871406,-2.195903,4.675503,14.026508,9.462538,-0.494107
38,28,-46,6.964376,-2.156228,4.808148,14.424445,9.563834,-0.502743
38,29,-49,6.765470,-2.113424,4.652047,13.956140,9.373160,-0.496316
38,30,-52,7.060689,-2.067205,4.993484,14.980453,9.676518,-0.516041
38,31,-55,7.078930,-2.017213,5.061717,15.185150,9.702808,-0.521675
38,32,-58,7.182910,-1.962985,5.219926,15.659777,9.814749,-0.531845
38,33,-61,7.264253,-1.903896,5.360358,16.081073,9.903968,-0.541233
38,34,-64,7.220512,-1.839069,5.381442,16.144327,9.868018,-0.545342
38,35,-67,7.195247,-1.767180,5.428067,16.284202,9.850463,-0.551047
38,36,-70,7.312950,-1.685994,5.626956,16.880868,9.975795,-0.564061
38,37,-73,7.175219,-1.590929,5.584290,16.752869,9.845615,-0.567185
38,38,-76,7.180534,-1.466524,5.714010,17.142031,9.858405,-0.579608
39,0,39,6.110070,-2.475732,3.634338,10.903014,8.430349,-0.431102
39,1,36,6.212541,-2.487288,3.725253,11.175759,8.544776,-0.435968
39,2,33,5.949173,-2.497315,3.451858,10.355575,8.293155,-0.416230
39,3,30,6.101796,-2.505817,3.595978,10.787935,8.457324,-0.425191
39,4,27,5.841488,-2.512800,3.328688,9.986064,8.208369,-0.405524
39,5,24,5.964788,-2.518262,3.446526,10.339578,8.342836,-0.413112
39,6,21,5.896817,-2.522204,3.374613,10.123838,8.285852,-0.407274
39,7,18,5.980509,-2.524621,3.455888,10.367663,8.380359,-0.412379
39,8,15,5.811509,-2.525508,3.286001,9.858003,8.222006,-0.399659
39,9,12,5.853045,-2.524857,3.328189,9.984566,8.274027,-0.402245
39,10,9,5.820923,-2.522656,3.298267,9.894802,8.252234,-0.399682
39,11,6,5.603802,-2.518892,3.084909,9.254728,8.045289,-0.383443
39,12,3,5.846073,-2.513550,3.332523,9.997568,8.297591,-0.401625
39,13,0,5.892513,-2.506609,3.385903,10.157710,8.353920,-0.405307
39,14,-3,5.939358,-2.498049,3.441310,10.323930,8.410516,-0.409168
39,15,-6,6.038897,-2.487841,3.551056,10.653168,8.519671,-0.416807
39,16,-9,6.144627,-2.475958,3.668669,11.006007,8.634888,-0.424866
39,17,-12,6.191542,-2.462364,3.729178,11.187535,8.691165,-0.429077
39,18,-15,6.406572,-2.447021,3.959551,11.878653,8.915434,-0.444123
39,19,-18,6.537338,-2.429886,4.107452,12.322357,9.055320,-0.453595
39,20,-21,6.404835,-2.410908,3.993927,11.981781,8.931821,-0.447157
39,21,-24,6.359311,-2.390030,3.969281,11.907843,8.895190,-0.446228
39,22,-27,6.384121,-2.367188,4.016933,12.050799,8.928782,-0.449886
39,23,-30,6.394349,-2.342308,4.052042,12.156125,8.947687,-0.452859
39,24,-33,6.504548,-2.315305,4.189244,12.567731,9.066458,-0.462060
39,25,-36,6.811741,-2.286081,4.525660,13.576981,9.382122,-0.482371
39,26,-39,6.882184,-2.254523,4.627661,13.882982,9.460938,-0.489133
39,27,-42,6.894580,-2.220500,4.674080,14.022239,9.481610,-0.492963
39,28,-45,6.824890,-2.183854,4.641036,13.923108,9.420103,-0.492674
39,29,-48,6.841913,-2.144399,4.697514,14.092543,9.445218,-0.497343
39,30,-51,6.947047,-2.101909,4.845138,14.535413,9.558353,-0.506901
39,31,-54,7.000277,-2.056106,4.944171,14.832512,9.619499,-0.513974
39,32,-57,7.117489,-2.006641,5.110848,15.332544,9.744541,-0.524483
39,33,-60,7.150983,-1.953060,5.197922,15.593767,9.785781,-0.531171
39,34,-63,6.802559,-1.894757,4.907802,14.723406,9.445023,-0.519618
39,35,-66,7.046999,-1.830875,5.216124,15.648371,9.697049,-0.537908
39,36,-69,7.173956,-1.760124,5.413832,16.241495,9.831514,-0.550661
39,37,-72,7.302773,-1.680326,5.622448,16.867343,9.967763,-0.564063
39,38,-75,7.082994,-1.587015,5.495978,16.487935,9.755342,-0.563381
39,39,-78,7.128441,-1.465128,5.663313,16.989938,9.808074,-0.577413
40,0,40,6.385250,-2.474618,3.910632,11.731897,8.707043,-0.449134
40,1,37,6.105848,-2.485904,3.619944,10.859833,8.439306,-0.428939
40,2,34,6.183926,-2.495736,3.688190,11.064570,8.528851,-0.432437
40,3,31,6.074233,-2.504120,3.570114,10.710342,8.430435,-0.423479
40,4,28,6.063220,-2.511057,3.552163,10.656488,8.430512,-0.421346
40,5,25,6.120784,-2.516550,3.604234,10.812703,8.498991,-0.424078
40,6,22,6.034601,-2.520597,3.514004,10.542011,8.423550,-0.417164
40,7,19,5.773756,-2.523196,3.250561,9.751682,8.173282,-0.397706
40,8,16,5.751842,-2.524341,3.227501,9.682504,8.161784,-0.395441
40,9,13,5.832678,-2.524025,3.308653,9.925959,8.252882,-0.400909
40,10,10,5.894266,-2.522239,3.372027,10.116081,8.324581,-0.405069
40,11,7,5.881855,-2.518971,3.362884,10.088652,8.322136,-0.404089
40,12,4,6.103818,-2.514207,3.589611,10.768833,8.553924,-0.419645
40,13,1,5.954188,-2.507929,3.446259,10.338777,8.413983,-0.409587
40,14,-2,6.031385,-2.500117,3.531268,10.593803,8.500737,-0.415407
40,15,-5,6.271428,-2.490750,3.780678,11.342033,8.750208,-0.432067
40,16,-8,6.187470,-2.479800,3.707669,11.123008,8.675553,-0.427370
40,17,-11,6.287939,-2.467238,3.820701,11.462102,8.785204,-0.434902
40,18,-14,6.314692,-2.453030,3.861662,11.584985,8.821021,-0.437779
40,19,-17,6.426891,-2.437137,3.989754,11.969262,8.942170,-0.446173
40,20,-20,6.541122,-2.419515,4.121606,12.364819,9.065240,-0.454661
40,21,-23,6.585916,-2.400116,4.185800,12.557400,9.118763,-0.459032
40,22,-26,6.593108,-2.378882,4.214226,12.642677,9.134580,-0.461349
40,23,-29,6.570201,-2.355751,4.214450,12.643349,9.120194,-0.462101
40,24,-32,6.630083,-2.330649,4.299434,12.898301,9.188497,-0.467915
40,25,-35,6.692521,-2.303494,4.389027,13.167080,9.259258,-0.474015
40,26,-38,7.017879,-2.274190,4.743690,14.231069,9.592845,-0.494503
40,27,-41,7.043993,-2.242625,4.801368,14.404105,9.627094,-0.498735
40,28,-44,6.973347,-2.208670,4.764677,14.294032,9.564493,-0.498163
40,29,-47,6.930728,-2.172172,4.758556,14.275669,9.529830,-0.499333
40,30,-50,7.007185,-2.132949,4.874235,14.622705,9.614156,-0.506985
40,31,-53,7.107861,-2.090781,5.017080,15.051239,9.722618,-0.516021
40,32,-56,7.232530,-2.045396,5.187134,15.561402,9.854989,-0.526346
40,33,-59,7.112670,-1.996452,5.116218,15.348653,9.742751,-0.525131
40,34,-62,7.171983,-1.943507,5.228476,15.685428,9.809608,-0.532995
40,35,-65,7.183517,-1.885970,5.297547,15.892642,9.828608,-0.538993
40,36,-68,7.448227,-1.823005,5.625222,16.875666,10.100709,-0.556914
40,37,-71,7.339795,-1.753353,5.586442,16.759326,9.999594,-0.558667
40,38,-74,7.215195,-1.674890,5.540304,16.620913,9.882239,-0.560632
40,39,-77,7.357284,-1.583265,5.774019,17.322058,10.031503,-0.575589
40,40,-80,7.336803,-1.463786,5.873017,17.619051,10.018128,-0.586239
41,0,41,6.316915,-2.473543,3.843372,11.530116,8.640162,-0.444826
41,1,38,6.350727,-2.484572,3.866155,11.598466,8.685364,-0.445135
41,2,35,6.059182,-2.494216,3.564966,10.694897,8.405019,-0.424147
41,3,32,6.107114,-2.502482,3.604633,10.813898,8.463969,-0.425880
41,4,29,6.239750,-2.509370,3.730380,11.191140,8.607447,-0.433390
41,5,26,6.046456,-2.514884,3.531572,10.594716,8.424824,-0.419186
41,6,23,5.973771,-2.519022,3.454749,10.364248,8.362648,-0.413117
41,7,20,5.984452,-2.521782,3.462671,10.388012,8.383678,-0.413025
41,8,17,5.945690,-2.523159,3.422532,10.267595,8.355112,-0.409633
41,9,14,5.930686,-2.523147,3.407539,10.222617,8.350154,-0.408081
41,10,11,5.999368,-2.521738,3.477631,10.432892,8.428740,-0.412592
41,11,8,6.196402,-2.518921,3.677481,11.032444,8.635537,-0.425854
41,12,5,5.959453,-2.514683,3.444770,10.334310,8.408217,-0.409691
41,13,2,6.017123,-2.509011,3.508113,10.524338,8.475384,-0.413918
41,14,-1,6.095374,-2.501885,3.593490,10.780469,8.563005,-0.419653
41,15,-4,6.196118,-2.493285,3.702833,11.108498,8.672996,-0.426938
41,16,-7,6.282127,-2.483189,3.798937,11.396812,8.768131,-0.433267
41,17,-10,6.293097,-2.471570,3.821527,11.464582,8.788111,-0.434852
41,18,-13,6.419859,-2.458398,3.961461,11.884382,8.923769,-0.443922
41,19,-16,6.371626,-2.443639,3.927987,11.783961,8.884321,-0.442126
41,20,-19,6.549371,-2.427255,4.122117,12.366350,9.070745,-0.454441
41,21,-22,6.492609,-2.409202,4.083407,12.250221,9.022555,-0.452578
41,22,-25,6.383544,-2.389431,3.994113,11.982339,8.921962,-0.447672
41,23,-28,6.501886,-2.367888,4.133998,12.401995,9.048677,-0.456862
41,24,-31,6.707323,-2.344510,4.362813,13.088439,9.262388,-0.471025
41,25,-34,6.653064,-2.319224,4.333840,13.001519,9.216310,-0.470236
41,26,-37,6.602931,-2.291950,4.310981,12.932943,9.174265,-0.469899
41,27,-40,6.824319,-2.262593,4.561726,13.685179,9.403653,-0.485102
41,28,-43,6.804004,-2.231045,4.572959,13.718878,9.391249,-0.486938
41,29,-46,6.730157,-2.197178,4.532979,13.598937,9.325227,-0.486099
41,30,-49,6.922991,-2.160844,4.762147,14.286441,9.525802,-0.499921
41,31,-52,6.871549,-2.121864,4.749685,14.249054,9.482020,-0.500915
41,32,-55,6.903600,-2.080022,4.823577,14.470732,9.521651,-0.506590
41,33,-58,7.133840,-2.035054,5.098786,15.296359,9.759393,-0.522449
41,34,-61,7.150747,-1.986625,5.164121,15.492364,9.783725,-0.527828
41,35,-64,7.085757,-1.934304,5.151453,15.454358,9.726086,-0.529653
41,36,-67,7.104519,-1.877513,5.227006,15.681018,9.752126,-0.535986
41,37,-70,6.827164,-1.815438,5.011726,15.035178,9.481976,-0.528553
41,38,-73,7.211351,-1.746849,5.464502,16.393507,9.873299,-0.553463
41,39,-76,7.335136,-1.669674,5.665462,16.996385,10.004150,-0.566311
41,40,-79,7.258136,-1.579666,5.678469,17.035408,9.934150,-0.571611
41,41,-82,7.392673,-1.462495,5.930178,17.790534,10.075622,-0.588567
42,0,42,6.489279,-2.472506,4.016773,12.050318,8.813925,-0.455730
42,1,39,6.310453,-2.483289,3.827164,11.481492,8.646225,-0.442640
42,2,36,6.116365,-2.492752,3.623614,10.870841,8.463083,-0.428167
42,3,33,6.100768,-2.500900,3.599868,10.799604,8.458258,-0.425604
42,4,30,6.019371,-2.507737,3.511634,10.534903,8.387464,-0.418677
42,5,27,5.976321,-2.513263,3.463057,10.389172,8.354854,-0.414496
42,6,24,5.847126,-2.517479,3.329648,9.988943,8.235943,-0.404283
42,7,21,6.019231,-2.520381,3.498850,10.496549,8.418179,-0.415630
42,8,18,6.100735,-2.521967,3.578768,10.736304,8.509667,-0.420553
42,9,15,6.143396,-2.522231,3.621165,10.863496,8.562169,-0.422926
42,10,12,6.222191,-2.521164,3.701027,11.103080,8.650668,-0.427831
42,11,9,6.103461,-2.518759,3.584702,10.754106,8.541507,-0.419680
42,12,6,6.162625,-2.515003,3.647622,10.942865,8.610111,-0.423644
42,13,3,6.018612,-2.509884,3.508728,10.526183,8.475411,-0.413989
42,14,0,6.096092,-2.503386,3.592706,10.778119,8.562082,-0.419607
42,15,-3,6.260323,-2.495490,3.764833,11.294499,8.735385,-0.430987
42,16,-6,6.349541,-2.486176,3.863365,11.590094,8.833558,-0.437351
42,17,-9,6.346274,-2.475421,3.870853,11.612559,8.839135,-0.437922
42,18,-12,6.354485,-2.463198,3.891287,11.673860,8.856080,-0.439392
42,19,-15,6.401588,-2.449477,3.952111,11.856334,8.911810,-0.443469
42,20,-18,6.419410,-2.434224,3.985186,11.955557,8.938155,-0.445862
42,21,-21,6.345022,-2.417401,3.927621,11.782862,8.872190,-0.442689
42,22,-24,6.636839,-2.398966,4.237873,12.713619,9.172331,-0.462028
42,23,-27,6.674260,-2.378870,4.295391,12.886172,9.217980,-0.465980
42,24,-30,6.728647,-2.357058,4.371589,13.114766,9.280501,-0.471051
42,25,-33,6.667033,-2.333469,4.333564,13.000693,9.226931,-0.469665
42,26,-36,6.709159,-2.308033,4.401127,13.203380,9.277011,-0.474412
42,27,-39,6.758927,-2.280669,4.478259,13.434776,9.334645,-0.479746
42,28,-42,6.880119,-2.251285,4.628834,13.886503,9.463619,-0.489119
42,29,-45,6.870465,-2.219774,4.650691,13.952072,9.461664,-0.491530
42,30,-48,6.978206,-2.186013,4.792193,14.376578,9.577023,-0.500384
42,31,-51,6.782279,-2.149856,4.632423,13.897269,9.388633,-0.493408
42,32,-54,6.910136,-2.111126,4.799009,14.397028,9.523951,-0.503888
42,33,-57,7.071810,-2.069615,5.002195,15.006585,9.693010,-0.516062
42,34,-60,7.258884,-2.025062,5.233822,15.701465,9.887395,-0.529343
42,35,-63,7.209331,-1.977142,5.232189,15.696567,9.845080,-0.531452
42,36,-66,7.152391,-1.925432,5.226959,15.680877,9.795308,-0.533619
42,37,-69,7.185202,-1.869369,5.315833,15.947499,9.835217,-0.540490
42,38,-72,7.339440,-1.808157,5.531283,16.593849,9.996484,-0.553323
42,39,-75,7.335770,-1.740596,5.595174,16.785522,9.999777,-0.559530
42,40,-78,7.449184,-1.664663,5.784522,17.353565,10.120089,-0.571588
42,41,-81,7.319892,-1.576211,5.743681,17.231042,9.997630,-0.574504
42,42,-84,7.569541,-1.461251,6.108290,18.324869,10.254050,-0.595695
43,0,43,6.325351,-2.471504,3.853847,11.561541,8.651344,-0.445462
43,1,40,6.159562,-2.482051,3.677511,11.032534,8.496431,-0.432830
43,2,37,6.224362,-2.491339,3.733023,11.199068,8.571933,-0.435494
43,3,34,6.155427,-2.499373,3.656054,10.968161,8.513533,-0.429440
43,4,31,5.920834,-2.506155,3.414678,10.244035,8.289315,-0.411937
43,5,28,6.044487,-2.511687,3.532800,10.598399,8.423187,-0.419414
43,6,25,6.006296,-2.515968,3.490327,10.470981,8.395064,-0.415759
43,7,22,5.996494,-2.518998,3.477496,10.432489,8.395184,-0.414225
43,8,19,6.108966,-2.520771,3.588195,10.764584,8.517437,-0.421276
43,9,16,6.255792,-2.521284,3.734508,11.203525,8.673908,-0.430545
43,10,13,6.108777,-2.520530,3.588246,10.764739,8.536404,-0.420346
43,11,10,6.175117,-2.518501,3.656616,10.969847,8.612127,-0.424589
43,12,7,6.111712,-2.515187,3.596526,10.789577,8.557980,-0.420254
43,13,4,6.149350,-2.510575,3.638774,10.916323,8.604754,-0.422880
43,14,1,6.006487,-2.504653,3.501834,10.505502,8.470909,-0.413395
43,15,-2,6.223258,-2.497403,3.725855,11.177566,8.696584,-0.428427
43,16,-5,6.184395,-2.488807,3.695587,11.086762,8.666512,-0.426422
43,17,-8,6.342810,-2.478845,3.863965,11.591895,8.833611,-0.437416
43,18,-11,6.384479,-2.467493,3.916986,11.750958,8.883858,-0.440910
43,19,-14,6.350061,-2.454724,3.895337,11.686010,8.857914,-0.439758
43,20,-17,6.475424,-2.440509,4.034915,12.104745,8.991651,-0.448740
43,21,-20,6.594106,-2.424813,4.169293,12.507879,9.118611,-0.457229
43,22,-23,6.542460,-2.407599,4.134861,12.404584,9.075147,-0.455625
43,23,-26,6.426603,-2.388825,4.037777,12.113332,8.967378,-0.450274
43,24,-29,6.506525,-2.368443,4.138082,12.414245,9.055298,-0.456979
43,25,-32,6.355688,-2.346399,4.009289,12.027866,8.912371,-0.449857
43,26,-35,6.472536,-2.322633,4.149903,12.449708,9.037042,-0.459210
43,27,-38,6.531565,-2.297075,4.234490,12.703469,9.103810,-0.465134
43,28,-41,6.474762,-2.269647,4.205114,12.615343,9.054664,-0.464414
43,29,-44,6.708265,-2.240259,4.468006,13.404018,9.295743,-0.480651
43,30,-47,6.748272,-2.208805,4.539467,13.618401,9.343248,-0.485855
43,31,-50,6.653603,-2.175164,4.478439,13.435317,9.256000,-0.483842
43,32,-53,6.800039,-2.139193,4.660846,13.982538,9.409781,-0.495319
43,33,-56,6.887898,-2.100721,4.787177,14.361531,9.504912,-0.503653
43,34,-59,6.959563,-2.059542,4.900021,14.700064,9.583777,-0.511283
43,35,-62,6.943336,-2.015402,4.927934,14.783801,9.574680,-0.514684
43,36,-65,7.030259,-1.967983,5.062275,15.186826,9.668663,-0.523576
43,37,-68,7.065098,-1.916873,5.148225,15.444674,9.710495,-0.530171
43,38,-71,7.146040,-1.861520,5.284520,15.853561,9.798364,-0.539327
43,39,-74,7.315740,-1.801146,5.514594,16.543781,9.974926,-0.552846
43,40,-77,7.215803,-1.734579,5.481223,16.443670,9.881787,-0.554679
43,41,-80,7.302139,-1.659844,5.642295,16.926886,9.974860,-0.565652
43,42,-83,7.277038,-1.572890,5.704148,17.112445,9.956434,-0.572911
43,43,-86,7.222649,-1.460052,5.762597,17.287792,9.908660,-0.581572
44,0,44,6.320338,-2.470535,3.849803,11.549409,8.647630,-0.445186
44,1,41,6.274545,-2.480857,3.793688,11.381065,8.612471,-0.440488
44,2,38,6.022104,-2.489976,3.532128,10.596385,8.370500,-0.421973
44,3,35,6.019054,-2.497897,3.521157,10.563471,8.377760,-0.420298
44,4,32,6.055870,-2.504622,3.551248,10.653743,8.424732,-0.421526
44,5,29,6.027398,-2.510154,3.517245,10.551734,8.406266,-0.418407
44,6,26,5.908557,-2.514491,3.394067,10.182200,8.297287,-0.409057
44,7,23,6.064386,-2.517632,3.546754,10.640262,8.462838,-0.419097
44,8,20,6.111646,-2.519575,3.592071,10.776214,8.519684,-0.421620
44,9,17,5.747747,-2.520315,3.227432,9.682296,8.165240,-0.395265
44,10,14,6.070740,-2.519846,3.550894,10.652681,8.497560,-0.417872
44,11,11,5.949487,-2.518161,3.431326,10.293977,8.385510,-0.409197
44,12,8,6.089156,-2.515251,3.573905,10.721715,8.534262,-0.418771
44,13,5,6.042793,-2.511106,3.531687,10.595061,8.496865,-0.415646
44,14,2,6.138691,-2.505713,3.632978,10.898935,8.601614,-0.422360
44,15,-1,6.037856,-2.499057,3.538799,10.616397,8.509521,-0.415863
44,16,-4,6.121878,-2.491122,3.630757,10.892270,8.602177,-0.422074
44,17,-7,6.119130,-2.481889,3.637240,10.911721,8.607957,-0.422544
44,18,-10,6.255776,-2.471338,3.784438,11.353315,8.753031,-0.432357
44,19,-13,6.221593,-2.459445,3.762148,11.286444,8.727175,-0.431084
44,20,-16,6.420317,-2.446183,3.974134,11.922403,8.934130,-0.444826
44,21,-19,6.364935,-2.431522,3.933414,11.800241,8.886884,-0.442609
44,22,-22,6.420705,-2.415429,4.005277,12.015830,8.950698,-0.447482
44,23,-25,6.434417,-2.397866,4.036550,12.109651,8.972364,-0.449887
44,24,-28,6.525902,-2.378793,4.147109,12.441328,9.071716,-0.457147
44,25,-31,6.528688,-2.358161,4.170527,12.511582,9.082283,-0.459194
44,26,-34,6.523617,-2.335918,4.187699,12.563097,9.084909,-0.460951
44,27,-37,6.620174,-2.312004,4.308170,12.924510,9.189081,-0.468836
44,28,-40,6.487132,-2.286351,4.200782,12.602345,9.063576,-0.463480
44,29,-43,6.639225,-2.258881,4.380344,13.141031,9.223126,-0.474930
44,30,-46,6.599956,-2.229507,4.370449,13.111347,9.191239,-0.475502
44,31,-49,6.631913,-2.198126,4.433787,13.301362,9.230502,-0.480341
44,32,-52,6.656912,-2.164618,4.492294,13.476882,9.262735,-0.484986
44,33,-55,6.874979,-2.128842,4.746137,14.238410,9.487964,-0.500227
44,34,-58,6.966095,-2.090633,4.875462,14.626385,9.586172,-0.508593
44,35,-61,7.048767,-2.049788,4.998979,14.996938,9.675869,-0.516644
44,36,-64,7.090956,-2.006059,5.084897,15.254691,9.725014,-0.522868
44,37,-67,7.029868,-1.959134,5.070735,15.212204,9.670818,-0.524334
44,38,-70,7.248294,-1.908610,5.339684,16.019051,9.896071,-0.539576
44,39,-73,7.209549,-1.853948,5.355601,16.066803,9.864090,-0.542939
44,40,-76,7.281778,-1.794389,5.487389,16.462167,9.943021,-0.551883
44,41,-79,7.188590,-1.728786,5.459804,16.379413,9.856474,-0.553931
44,42,-82,7.181808,-1.655207,5.526601,16.579804,9.856275,-0.560719
44,43,-85,7.290991,-1.569695,5.721296,17.163887,9.971981,-0.573737
44,44,-88,7.110184,-1.458895,5.651289,16.953867,9.797640,-0.576801
45,0,45,6.410188,-2.469599,3.940589,11.821768,8.738731,-0.450934
45,1,42,6.217789,-2.479704,3.738085,11.214255,8.556737,-0.436859
45,2,39,6.023885,-2.488660,3.535225,10.605674,8.373080,-0.422213
45,3,36,6.064663,-2.496470,3.568193,10.704579,8.423952,-0.423577
45,4,33,6.072589,-2.503137,3.569452,10.708356,8.441824,-0.422829
45,5,30,5.976868,-2.508662,3.468206,10.404618,8.355906,-0.415060
45,6,27,6.041099,-2.513046,3.528053,10.584159,8.429800,-0.418522
45,7,24,6.067591,-2.516286,3.551305,10.653914,8.465822,-0.419487
45,8,21,5.990069,-2.518381,3.471688,10.415065,8.397699,-0.413409
45,9,18,5.970978,-2.519327,3.451650,10.354951,8.387880,-0.411504
45,10,15,6.120872,-2.519119,3.601753,10.805258,8.546924,-0.421409
45,11,12,6.147506,-2.517750,3.629757,10.889270,8.582589,-0.422921
45,12,9,6.068605,-2.515212,3.553393,10.660179,8.512601,-0.417427
45,13,6,6.173931,-2.511495,3.662436,10.987309,8.626729,-0.424545
45,14,3,6.036139,-2.506589,3.529550,10.588650,8.497629,-0.415357
45,15,0,6.074872,-2.500480,3.574391,10.723174,8.544947,-0.418305
45,16,-3,6.127600,-2.493154,3.634446,10.903338,8.606157,-0.422308
45,17,-6,6.057733,-2.484594,3.573138,10.719415,8.544669,-0.418172
45,18,-9,6.223067,-2.474782,3.748285,11.244855,8.718284,-0.429934
45,19,-12,6.330066,-2.463695,3.866372,11.599115,8.833469,-0.437696
45,20,-15,6.362291,-2.451311,3.910980,11.732941,8.873786,-0.440734
45,21,-18,6.557283,-2.437602,4.119681,12.359042,9.076777,-0.453870
45,22,-21,6.549570,-2.422540,4.127030,12.381091,9.076976,-0.454670
45,23,-24,6.457901,-2.406091,4.051810,12.155431,8.993131,-0.450545
45,24,-27,6.418367,-2.388218,4.030149,12.090446,8.961336,-0.449726
45,25,-30,6.379632,-2.368880,4.010752,12.032257,8.930258,-0.449119
45,26,-33,6.508513,-2.348030,4.160483,12.481449,9.066714,-0.458874
45,27,-36,6.505430,-2.325617,4.179813,12.539439,9.071127,-0.460782
45,28,-39,6.583157,-2.301581,4.281576,12.844728,9.156272,-0.467611
45,29,-42,6.524347,-2.275856,4.248491,12.745472,9.104805,-0.466621
45,30,-45,6.735201,-2.248366,4.486835,13.460504,9.322927,-0.481269
45,31,-48,6.846843,-2.219024,4.627819,13.883457,9.441766,-0.490143
45,32,-51,6.772892,-2.187729,4.585163,13.755490,9.374940,-0.489087
45,33,-54,6.776781,-2.154364,4.622417,13.867252,9.385885,-0.492486
45,34,-57,6.884886,-2.118792,4.766094,14.298283,9.500979,-0.501642
45,35,-60,7.069783,-2.080849,4.988934,14.966803,9.692797,-0.514705
45,36,-63,6.978336,-2.040338,4.937998,14.813994,9.608206,-0.513935
45,37,-66,7.269534,-1.997015,5.272518,15.817554,9.906196,-0.532244
45,38,-69,7.135706,-1.950577,5.185129,15.555388,9.779099,-0.530226
45,39,-72,7.299094,-1.900628,5.398466,16.195397,9.949155,-0.542605
45,40,-75,7.114940,-1.846641,5.268300,15.804899,9.771610,-0.539143
45,41,-78,7.137668,-1.787872,5.349796,16.049388,9.800888,-0.545848
45,42,-81,7.259274,-1.723202,5.536072,16.608217,9.928985,-0.557567
45,43,-84,7.026521,-1.650741,5.375780,16.127339,9.702666,-0.554052
45,44,-87,7.159087,-1.566619,5.592467,16.777402,9.841611,-0.568247
45,45,-90,7.258062,-1.457778,5.800284,17.400851,9.946911,-0.583124
46,0,46,6.223222,-2.468692,3.754530,11.263590,8.552973,-0.438974
46,1,43,6.108185,-2.478590,3.629595,10.888784,8.448121,-0.429633
46,2,40,5.861177,-2.487388,3.373789,10.121368,8.211147,-0.410879
46,3,37,5.960378,-2.495089,3.465288,10.395865,8.320234,-0.416489
46,4,34,5.884514,-2.501697,3.382818,10.148453,8.254115,-0.409834
46,5,31,5.960304,-2.507211,3.453094,10.359281,8.339512,-0.414064
46,6,28,6.056907,-2.511633,3.545274,10.635823,8.445589,-0.419778
46,7,25,5.943934,-2.514961,3.428974,10.286921,8.341961,-0.411051
46,8,22,6.032942,-2.517193,3.515748,10.547245,8.440187,-0.416549
46,9,19,5.976383,-2.518327,3.458056,10.374169,8.392725,-0.412030
46,10,16,6.142064,-2.518357,3.623707,10.871121,8.567385,-0.422965
46,11,13,6.040994,-2.517277,3.523717,10.571152,8.475179,-0.415769
46,12,10,6.009004,-2.515081,3.493923,10.481768,8.451941,-0.413387
46,13,7,5.922652,-2.511760,3.410893,10.232678,8.374232,-0.407308
46,14,4,5.978962,-2.507303,3.471660,10.414979,8.439080,-0.411379
46,15,1,5.790108,-2.501699,3.288409,9.865227,8.258660,-0.398177
46,16,-2,5.867427,-2.494935,3.372492,10.117475,8.344312,-0.404167
46,17,-5,5.879539,-2.486996,3.392543,10.177630,8.364661,-0.405580
46,18,-8,6.087683,-2.477865,3.609818,10.829455,8.580946,-0.420678
46,19,-11,6.197706,-2.467523,3.730182,11.190547,8.699016,-0.428805
46,20,-14,6.366281,-2.455949,3.910332,11.730997,8.875549,-0.440574
46,21,-17,6.341223,-2.443119,3.898104,11.694312,8.858360,-0.440048
46,22,-20,6.098246,-2.429007,3.669238,11.007715,8.623164,-0.425510
46,23,-23,6.446722,-2.413583,4.033139,12.099417,8.979339,-0.449158
46,24,-26,6.601915,-2.396815,4.205100,12.615300,9.142148,-0.459968
46,25,-29,6.593100,-2.378666,4.214435,12.643304,9.140869,-0.461054
46,26,-32,6.481772,-2.359095,4.122677,12.368031,9.036997,-0.456200
46,27,-35,6.559117,-2.338057,4.221060,12.663180,9.121722,-0.462748
46,28,-38,6.661716,-2.315500,4.346217,13.038651,9.231627,-0.470796
46,29,-41,6.639546,-2.291366,4.348181,13.044542,9.216688,-0.471773
46,30,-44,6.862011,-2.265589,4.596421,13.789264,9.446312,-0.486584
46,31,-47,6.956093,-2.238096,4.717997,14.153992,9.547484,-0.494161
46,32,-50,6.782732,-2.208800,4.573932,13.721796,9.381143,-0.487567
46,33,-53,6.863414,-2.177604,4.685810,14.057430,9.468777,-0.494870
46,34,-56,7.001989,-2.144391,4.857597,14.572792,9.614239,-0.505250
46,35,-59,6.972777,-2.109029,4.863748,14.591245,9.591850,-0.507071
46,36,-62,7.107527,-2.071355,5.036171,15.108514,9.733358,-0.517414
46,37,-65,6.923865,-2.031178,4.892687,14.678061,9.556393,-0.511981
46,38,-68,7.120811,-1.988258,5.132553,15.397658,9.759975,-0.525878
46,39,-71,7.107634,-1.942298,5.165336,15.496008,9.753374,-0.529595
46,40,-74,7.017381,-1.892912,5.124470,15.373409,9.669638,-0.529955
46,41,-77,7.151075,-1.839582,5.311492,15.934477,9.809792,-0.541448
46,42,-80,7.200243,-1.781583,5.418660,16.255981,9.865364,-0.549261
46,43,-83,7.129837,-1.717817,5.412020,16.236061,9.801306,-0.552173
46,44,-86,7.287179,-1.646437,5.640742,16.922227,9.964942,-0.566059
46,45,-89,7.378258,-1.563656,5.814603,17.443808,10.062262,-0.577862
46,46,-92,7.467744,-1.456699,6.011044,18.033133,10.157936,-0.591758
47,0,47,6.171327,-2.467814,3.703514,11.110541,8.502246,-0.435592
47,1,44,6.064520,-2.477513,3.587007,10.761020,8.405412,-0.426750
47,2,41,5.950564,-2.486158,3.464406,10.393218,8.301285,-0.417334
47,3,38,5.946404,-2.493753,3.452651,10.357952,8.306812,-0.415641
47,4,35,5.847329,-2.500299,3.347029,10.041088,8.217288,-0.407316
47,5,32,6.069773,-2.505799,3.563974,10.691922,8.449151,-0.421814
47,6,29,6.044815,-2.510252,3.534563,10.603690,8.433485,-0.419111
47,7,26,6.097686,-2.513657,3.584028,10.752084,8.495522,-0.421873
47,8,23,6.061414,-2.516014,3.545401,10.636202,8.468296,-0.418668
47,9,20,6.026852,-2.517318,3.509534,10.528602,8.442662,-0.415690
47,10,17,6.091809,-2.517566,3.574243,10.722728,8.516433,-0.419688
47,11,14,6.061751,-2.516753,3.544998,10.634994,8.495078,-0.417300
47,12,11,5.989742,-2.514871,3.474871,10.424614,8.431665,-0.412122
47,13,8,6.033986,-2.511914,3.522072,10.566215,8.484399,-0.415123
47,14,5,5.910249,-2.507872,3.402377,10.207131,8.369051,-0.406543
47,15,2,5.735938,-2.502735,3.233203,9.699609,8.203029,-0.394147
47,16,-1,5.864612,-2.496491,3.368121,10.104362,8.339894,-0.403857
47,17,-4,6.013910,-2.489127,3.524783,10.574349,8.497289,-0.414813
47,18,-7,5.894578,-2.480626,3.413952,10.241856,8.385963,-0.407103
47,19,-10,6.160697,-2.470973,3.689724,11.069172,8.659996,-0.426065
47,20,-13,6.191356,-2.460148,3.731208,11.193623,8.698482,-0.428949
47,21,-16,6.207358,-2.448130,3.759228,11.277683,8.722226,-0.430994
47,22,-19,6.270668,-2.434896,3.835772,11.507316,8.793194,-0.436221
47,23,-22,6.404886,-2.420418,3.984468,11.953403,8.934988,-0.445940
47,24,-25,6.383069,-2.404669,3.978401,11.935202,8.920668,-0.445976
47,25,-28,6.513437,-2.387615,4.125822,12.377466,9.058454,-0.455466
47,26,-31,6.493941,-2.369220,4.124721,12.374163,9.046301,-0.455957
47,27,-34,6.456724,-2.349445,4.107279,12.321838,9.016352,-0.455537
47,28,-37,6.480567,-2.328244,4.152323,12.456968,9.047389,-0.458953
47,29,-40,6.640911,-2.305566,4.335345,13.006035,9.214857,-0.470473
47,30,-43,6.713277,-2.281355,4.431922,13.295766,9.294276,-0.476844
47,31,-46,6.718146,-2.255546,4.462600,13.387801,9.306130,-0.479533
47,32,-49,6.774296,-2.228065,4.546231,13.638693,9.369199,-0.485232
47,33,-52,6.813792,-2.198829,4.614962,13.844887,9.415547,-0.490143
47,34,-55,6.698445,-2.167742,4.530704,13.592111,9.306990,-0.486807
47,35,-58,6.847342,-2.134690,4.712651,14.137954,9.462611,-0.498029
47,36,-61,6.891681,-2.099542,4.792140,14.376419,9.513615,-0.503714
47,37,-64,6.912550,-2.062140,4.850410,14.551230,9.541087,-0.508371
47,38,-67,6.787306,-2.022295,4.765011,14.295033,9.422387,-0.505712
47,39,-70,6.913114,-1.979774,4.933340,14.800020,9.554681,-0.516327
47,40,-73,7.051567,-1.934285,5.117282,15.351847,9.699563,-0.527579
47,41,-76,6.934009,-1.885449,5.048561,15.145682,9.588378,-0.526529
47,42,-79,7.091063,-1.832761,5.258302,15.774906,9.751750,-0.539216
47,43,-82,7.178176,-1.775509,5.402668,16.208003,9.845127,-0.548766
47,44,-85,7.106168,-1.712620,5.393548,16.180645,9.779330,-0.551525
47,45,-88,7.296721,-1.642285,5.654436,16.963309,9.976043,-0.566802
47,46,-91,7.116038,-1.560798,5.555240,16.665721,9.801468,-0.566776
47,47,-94,7.188125,-1.455657,5.732468,17.197404,9.879612,-0.580232
48,0,48,6.187164,-2.466963,3.720201,11.160603,8.519210,-0.436684
48,1,45,6.079985,-2.476471,3.603514,10.810541,8.421802,-0.427879
48,2,42,5.859090,-2.484969,3.374121,10.122363,8.210539,-0.410950
48,3,39,5.957908,-2.492459,3.465449,10.396346,8.318853,-0.416578
48,4,36,6.017839,-2.498944,3.518896,10.556687,8.388150,-0.419508
48,5,33,5.921329,-2.504425,3.416905,10.250714,8.300879,-0.411632
48,6,30,6.046175,-2.508902,3.537272,10.611817,8.434839,-0.419365
48,7,27,6.010659,-2.512376,3.498283,10.494849,8.408319,-0.416050
48,8,24,5.932680,-2.514844,3.417836,10.253507,8.339218,-0.409851
48,9,21,6.099186,-2.516304,3.582882,10.748645,8.514489,-0.420798
48,10,18,6.073028,-2.516752,3.556277,10.668830,8.496988,-0.418534
48,11,15,5.991181,-2.516183,3.474997,10.424992,8.423689,-0.412527
48,12,12,6.136696,-2.514592,3.622103,10.866310,8.577648,-0.422272
48,13,9,5.924507,-2.511972,3.412535,10.237605,8.373802,-0.407525
48,14,6,5.791571,-2.508314,3.283257,9.849771,8.249111,-0.398013
48,15,3,5.940953,-2.503609,3.437344,10.312032,8.406641,-0.408884
48,16,0,6.042037,-2.497846,3.544190,10.632571,8.515779,-0.416191
48,17,-3,6.018659,-2.491014,3.527645,10.582935,8.500364,-0.414999
48,18,-6,6.206027,-2.483098,3.722929,11.168788,8.695606,-0.428139
48,19,-9,6.305416,-2.474083,3.831334,11.494001,8.802781,-0.435241
48,20,-12,6.221049,-2.463952,3.757098,11.271293,8.726116,-0.430558
48,21,-15,6.350769,-2.452685,3.898083,11.694250,8.863454,-0.439793
48,22,-18,6.356502,-2.440263,3.916239,11.748716,8.876724,-0.441181
48,23,-21,6.415079,-2.426661,3.988418,11.965255,8.942760,-0.445994
48,24,-24,6.499784,-2.411853,4.087931,12.263794,9.034846,-0.452463
48,25,-27,6.354189,-2.395810,3.958379,11.875138,8.896556,-0.444934
48,26,-30,6.515696,-2.378501,4.137195,12.411585,9.065294,-0.456377
48,27,-33,6.366200,-2.359889,4.006311,12.018933,8.922957,-0.448989
48,28,-36,6.606652,-2.339935,4.266717,12.800152,9.170497,-0.465266
48,29,-39,6.443226,-2.318594,4.124632,12.373897,9.014090,-0.457576
48,30,-42,6.493416,-2.295817,4.197599,12.592798,9.071230,-0.462738
48,31,-45,6.716754,-2.271547,4.445207,13.335621,9.301452,-0.477905
48,32,-48,6.849555,-2.245721,4.603834,13.811502,9.441073,-0.487639
48,33,-51,6.798673,-2.218268,4.580405,13.741216,9.396946,-0.487436
48,34,-54,6.904920,-2.189104,4.715816,14.147449,9.509886,-0.495886
48,35,-57,6.754738,-2.158135,4.596604,13.789811,9.366336,-0.490758
48,36,-60,6.917962,-2.125250,4.792712,14.378136,9.536131,-0.502585
48,37,-63,6.714419,-2.090320,4.624099,13.872298,9.339102,-0.495133
48,38,-66,6.929605,-2.053191,4.876414,14.629243,9.560743,-0.510046
48,39,-69,6.920650,-2.013677,4.906973,14.720919,9.558186,-0.513379
48,40,-72,7.079541,-1.971550,5.107991,15.323972,9.723419,-0.525329
48,41,-75,7.071094,-1.926523,5.144571,15.433712,9.721260,-0.529208
48,42,-78,6.975031,-1.878226,5.096806,15.290417,9.631433,-0.529185
48,43,-81,7.054660,-1.826163,5.228497,15.685491,9.717244,-0.538064
48,44,-84,7.255364,-1.769639,5.485725,16.457176,9.924078,-0.552769
48,45,-87,7.115316,-1.707600,5.407715,16.223146,9.790110,-0.552365
48,46,-90,7.317141,-1.638277,5.678864,17.036591,9.997965,-0.568002
48,47,-93,7.262918,-1.558041,5.704878,17.114633,9.949724,-0.573370
48,48,-96,7.307127,-1.454648,5.852479,17.557436,9.999865,-0.585256
49,0,49,6.275910,-2.466138,3.809772,11.429315,8.609046,-0.442531
49,1,46,6.144732,-2.475463,3.669270,11.007809,8.487446,-0.432317
49,2,43,6.133903,-2.483817,3.650086,10.950258,8.486059,-0.430127
49,3,40,6.114866,-2.491205,3.623661,10.870983,8.476335,-0.427503
49,4,37,6.064273,-2.497628,3.566645,10.699935,8.434929,-0.422842
49,5,34,6.030777,-2.503087,3.527690,10.583070,8.410497,-0.419439
49,6,31,5.972216,-2.507584,3.464632,10.393896,8.360882,-0.414386
49,7,28,6.042947,-2.511117,3.531829,10.595488,8.440442,-0.418441
49,8,25,6.075143,-2.513686,3.561457,10.684371,8.481357,-0.419916
49,9,22,6.109141,-2.515288,3.593854,10.781562,8.523964,-0.421618
49,10,19,6.028638,-2.515919,3.512719,10.538158,8.451963,-0.415610
49,11,16,6.124214,-2.515576,3.608638,10.825914,8.555938,-0.421770
49,12,13,6.024919,-2.514253,3.510667,10.532000,8.464942,-0.414730
49,13,10,6.023723,-2.511944,3.511780,10.535339,8.471947,-0.414519
49,14,7,5.935169,-2.508641,3.426528,10.279584,8.391498,-0.408333
49,15,4,6.138933,-2.504337,3.634596,10.903788,8.603274,-0.422467
49,16,1,6.028798,-2.499021,3.529777,10.589332,8.501060,-0.415216
49,17,-2,6.122497,-2.492682,3.629816,10.889447,8.602593,-0.421944
49,18,-5,6.158147,-2.485308,3.672839,11.018516,8.645988,-0.424803
49,19,-8,6.211743,-2.476885,3.734858,11.204573,8.707247,-0.428937
49,20,-11,6.328252,-2.467398,3.860854,11.582563,8.831336,-0.437177
49,21,-14,6.324357,-2.456829,3.867527,11.602582,8.834939,-0.437754
49,22,-17,6.328418,-2.445160,3.883259,11.649776,8.846422,-0.438964
49,23,-20,6.453484,-2.432369,4.021116,12.063347,8.978832,-0.447844
49,24,-23,6.631087,-2.418433,4.212654,12.637962,9.163703,-0.459711
49,25,-26,6.557533,-2.403326,4.154207,12.462621,9.097344,-0.456640
49,26,-29,6.448167,-2.387019,4.061147,12.183442,8.995101,-0.451484
49,27,-32,6.593266,-2.369482,4.223785,12.671354,9.147254,-0.461754
49,28,-35,6.602283,-2.350678,4.251606,12.754817,9.163255,-0.463984
49,29,-38,6.578229,-2.330568,4.247661,12.742984,9.146118,-0.464422
49,30,-41,6.583246,-2.309109,4.274138,12.822413,9.157986,-0.466712
49,31,-44,6.736796,-2.286251,4.450546,13.351637,9.318323,-0.477612
49,32,-47,6.710011,-2.261939,4.448072,13.344215,9.298260,-0.478377
49,33,-50,6.885447,-2.236112,4.649335,13.948006,9.480357,-0.490418
49,34,-53,6.692358,-2.208698,4.483660,13.450981,9.293868,-0.482432
49,35,-56,6.651491,-2.179616,4.471875,13.415626,9.259542,-0.482948
49,36,-59,6.778200,-2.148773,4.629427,13.888281,9.392732,-0.492873
49,37,-62,6.954470,-2.116061,4.838409,14.515227,9.575427,-0.505294
49,38,-65,6.968616,-2.081353,4.887263,14.661789,9.595942,-0.509305
49,39,-68,6.998683,-2.044497,4.954186,14.862558,9.632322,-0.514329
49,40,-71,6.990409,-2.005312,4.985097,14.955290,9.630307,-0.517647
49,41,-74,6.889145,-1.963574,4.925571,14.776714,9.535249,-0.516565
49,42,-77,7.100454,-1.919001,5.181453,15.544360,9.752712,-0.531283
49,43,-80,7.023272,-1.871231,5.152041,15.456123,9.681632,-0.532146
49,44,-83,7.173851,-1.819779,5.354072,16.062216,9.838263,-0.544209
49,45,-86,7.328968,-1.763962,5.565006,16.695018,9.999383,-0.556535
49,46,-89,7.134573,-1.702749,5.431824,16.295472,9.810942,-0.553650
49,47,-92,7.237119,-1.634406,5.602713,16.808138,9.919394,-0.564824
49,48,-95,7.305235,-1.555378,5.749857,17.249571,9.993369,-0.575367
49,49,-98,7.442877,-1.453672,5.989205,17.967616,10.136825,-0.590836
50,0,50,6.118967,-2.465338,3.653629,10.960888,8.453159,-0.432221
50,1,47,6.115084,-2.474486,3.640598,10.921795,8.458666,-0.430399
50,2,44,6.156673,-2.482702,3.673971,11.021913,8.509516,-0.431749
50,3,41,6.020023,-2.489989,3.530034,10.590102,8.382002,-0.421144
50,4,38,5.966888,-2.496350,3.470538,10.411614,8.337881,-0.416237
50,5,35,6.114421,-2.501785,3.612636,10.837907,8.494311,-0.425301
50,6,32,6.193237,-2.506296,3.686941,11.060823,8.581910,-0.429618
50,7,29,6.168182,-2.509882,3.658300,10.974900,8.565525,-0.427096
50,8,26,6.145292,-2.512541,3.632752,10.898255,8.551199,-0.424824
50,9,23,5.985952,-2.514272,3.471681,10.415042,8.400316,-0.413280
50,10,20,6.025628,-2.515071,3.510557,10.531670,8.448347,-0.415532
50,11,17,6.073436,-2.514936,3.558500,10.675501,8.504410,-0.418430
50,12,14,5.917529,-2.513861,3.403669,10.211006,8.356661,-0.407300
50,13,11,5.990559,-2.511840,3.478719,10.436157,8.437754,-0.412280
50,14,8,6.022462,-2.508867,3.513595,10.540786,8.477628,-0.414455
50,15,5,6.075808,-2.504934,3.570874,10.712621,8.538854,-0.418191
50,16,2,5.996687,-2.500033,3.496654,10.489963,8.467527,-0.412949
50,17,-1,6.030521,-2.494153,3.536368,10.609104,8.509067,-0.415600
50,18,-4,6.002367,-2.487283,3.515084,10.545252,8.488536,-0.414098
50,19,-7,6.054464,-2.479410,3.575054,10.725161,8.548175,-0.418224
50,20,-10,6.259990,-2.470522,3.789468,11.368405,8.761163,-0.432530
50,21,-13,6.038620,-2.460601,3.578019,10.734058,8.547177,-0.418620
50,22,-16,6.259581,-2.449631,3.809950,11.429850,8.775445,-0.434160
50,23,-19,6.220147,-2.437593,3.782554,11.347662,8.743244,-0.432626
50,24,-22,6.344822,-2.424466,3.920356,11.761068,8.875079,-0.441726
50,25,-25,6.463958,-2.410226,4.053731,12.161193,9.001303,-0.450349
50,26,-28,6.553504,-2.394849,4.158655,12.475965,9.097869,-0.457102
50,27,-31,6.654243,-2.378306,4.275938,12.827813,9.205558,-0.464495
50,28,-34,6.559563,-2.360565,4.198999,12.596996,9.117762,-0.460530
50,29,-37,6.532939,-2.341591,4.191347,12.574042,9.097955,-0.460691
50,30,-40,6.713848,-2.321347,4.392501,13.177503,9.285618,-0.473043
50,31,-43,6.578407,-2.299788,4.278618,12.835855,9.156868,-0.467258
50,32,-46,6.829625,-2.276867,4.552758,13.658275,9.414716,-0.483579
50,33,-49,6.811299,-2.252529,4.558771,13.676312,9.402959,-0.484823
50,34,-52,6.750290,-2.226713,4.523578,13.570733,9.348460,-0.483885
50,35,-55,6.744469,-2.199349,4.545120,13.635360,9.349090,-0.486156
50,36,-58,6.945226,-2.170358,4.774868,14.324603,9.556242,-0.499660
50,37,-61,6.896379,-2.139648,4.756730,14.270191,9.513734,-0.499986
50,38,-64,6.911245,-2.107114,4.804131,14.412392,9.534884,-0.503848
50,39,-67,6.925107,-2.072630,4.852478,14.557433,9.554977,-0.507848
50,40,-70,6.977233,-2.036048,4.941185,14.823555,9.613280,-0.513996
50,41,-73,7.047395,-1.997189,5.050206,15.150617,9.689568,-0.521200
50,42,-76,7.110551,-1.955834,5.154717,15.464150,9.758798,-0.528212
50,43,-79,7.117814,-1.911708,5.206106,15.618318,9.772086,-0.532753
50,44,-82,7.205162,-1.864454,5.340708,16.022123,9.865410,-0.541357
50,45,-85,7.118163,-1.813598,5.304565,15.913696,9.784338,-0.542149
50,46,-88,7.364153,-1.758469,5.605684,16.817051,10.036208,-0.558546
50,47,-91,7.254498,-1.698058,5.556440,16.669321,9.932387,-0.559426
50,48,-94,7.451389,-1.630665,5.820724,17.462173,10.135065,-0.574315
50,49,-97,7.426334,-1.552805,5.873529,17.620586,10.115752,-0.580632
50,50,-100,7.429601,-1.452726,5.976875,17.930625,10.124718,-0.590325
51,0,51,6.245310,-2.464562,3.780748,11.342245,8.580523,-0.440620
51,1,48,6.286083,-2.473539,3.812544,11.437633,8.630507,-0.441752
51,2,45,6.060859,-2.481621,3.579238,10.737713,8.414369,-0.425372
51,3,42,6.082261,-2.488810,3.593450,10.780351,8.444736,-0.425525
51,4,39,6.249920,-2.495109,3.754811,11.264434,8.621245,-0.435530
51,5,36,6.082214,-2.500518,3.581696,10.745089,8.462274,-0.423255
51,6,33,6.335521,-2.505038,3.830484,11.491452,8.724206,-0.439064
51,7,30,6.125065,-2.508669,3.616397,10.849190,8.522268,-0.424347
51,8,27,6.181764,-2.511409,3.670354,11.011063,8.587379,-0.427413
51,9,24,6.143773,-2.513258,3.630515,10.891544,8.557700,-0.424240
51,10,21,6.114914,-2.514212,3.600701,10.802104,8.537053,-0.421773
51,11,18,5.919203,-2.514269,3.404934,10.214803,8.349458,-0.407803
51,12,15,5.978183,-2.513423,3.464760,10.394280,8.416460,-0.411665
51,13,12,6.077008,-2.511669,3.565339,10.696016,8.523215,-0.418309
51,14,9,6.052615,-2.509003,3.543612,10.630836,8.506662,-0.416569
51,15,6,6.075862,-2.505415,3.570447,10.711341,8.537663,-0.418200
51,16,3,5.930698,-2.500900,3.429799,10.289396,8.400168,-0.408301
51,17,0,5.980523,-2.495446,3.485077,10.455231,8.457578,-0.412066
51,18,-3,6.191139,-2.489045,3.702093,11.106280,8.675698,-0.426720
51,19,-6,6.268614,-2.481685,3.786929,11.360786,8.760598,-0.432268
51,20,-9,6.176308,-2.473353,3.702955,11.108865,8.675639,-0.426822
51,21,-12,6.379837,-2.464035,3.915802,11.747405,8.886440,-0.440649
51,22,-15,6.441822,-2.453716,3.988106,11.964318,8.955623,-0.445319
51,23,-18,6.268374,-2.442379,3.825995,11.477985,8.789299,-0.435301
51,24,-21,6.500958,-2.430004,4.070955,12.212864,9.028938,-0.450879
51,25,-24,6.531568,-2.416570,4.114998,12.344994,9.066533,-0.453867
51,26,-27,6.453035,-2.402055,4.050980,12.152940,8.994918,-0.450363
51,27,-30,6.576565,-2.386434,4.190131,12.570393,9.125298,-0.459177
51,28,-33,6.621714,-2.369678,4.252036,12.756108,9.177233,-0.463324
51,29,-36,6.652668,-2.351756,4.300912,12.902737,9.214909,-0.466734
51,30,-39,6.517752,-2.332634,4.185118,12.555355,9.086653,-0.460579
51,31,-42,6.580901,-2.312273,4.268627,12.805881,9.156400,-0.466191
51,32,-45,6.671325,-2.290632,4.380692,13.142077,9.253363,-0.473416
51,33,-48,6.819386,-2.267663,4.551723,13.655168,9.407903,-0.483819
51,34,-51,6.958243,-2.243312,4.714931,14.144793,9.553182,-0.493546
51,35,-54,7.037633,-2.217519,4.820114,14.460342,9.638938,-0.500067
51,36,-57,7.006740,-2.190215,4.816525,14.449574,9.614355,-0.500972
51,37,-60,6.994302,-2.161323,4.832978,14.498935,9.608172,-0.503007
51,38,-63,6.906667,-2.130753,4.775914,14.327743,9.526740,-0.501317
51,39,-66,7.036150,-2.098400,4.937750,14.813250,9.662372,-0.511029
51,40,-69,7.023874,-2.064142,4.959733,14.879198,9.656194,-0.513632
51,41,-72,7.128811,-2.027833,5.100978,15.302934,9.767178,-0.522257
51,42,-75,7.043684,-1.989297,5.054387,15.163161,9.688050,-0.521714
51,43,-78,7.219947,-1.948321,5.271626,15.814878,9.870262,-0.534092
51,44,-81,7.167244,-1.904633,5.262611,15.787834,9.823460,-0.535719
51,45,-84,7.358780,-1.857884,5.500896,16.502689,10.020850,-0.548945
51,46,-87,7.372372,-1.807609,5.564763,16.694288,10.040249,-0.554245
51,47,-90,7.297499,-1.753150,5.544349,16.633046,9.971138,-0.556040
51,48,-93,7.387095,-1.693518,5.693577,17.080731,10.066452,-0.565599
51,49,-96,7.504052,-1.627046,5.877006,17.631018,10.189082,-0.576794
51,50,-99,7.435260,-1.550317,5.884942,17.654827,10.125920,-0.581176
51,51,-102,7.534785,-1.451810,6.082975,18.248925,10.231032,-0.594561
52,0,52,6.432771,-2.463808,3.968963,11.906890,8.768974,-0.452614
52,1,49,6.280250,-2.472621,3.807629,11.422886,8.625490,-0.441439
52,2,46,6.264655,-2.480573,3.784082,11.352246,8.618813,-0.439049
52,3,43,6.294022,-2.487666,3.806356,11.419067,8.656982,-0.439686
52,4,40,6.241128,-2.493902,3.747226,11.241678,8.612778,-0.435078
52,5,37,6.373384,-2.499283,3.874101,11.622304,8.753613,-0.442572
52,6,34,6.195726,-2.503808,3.691917,11.075752,8.584428,-0.430071
52,7,31,6.085625,-2.507478,3.578147,10.734440,8.482697,-0.421817
52,8,28,5.980830,-2.510293,3.470537,10.411611,8.386170,-0.413841
52,9,25,6.135291,-2.512249,3.623042,10.869125,8.548801,-0.423807
52,10,22,6.040061,-2.513345,3.526715,10.580146,8.461645,-0.416788
52,11,19,5.978582,-2.513579,3.465003,10.395010,8.408148,-0.412101
52,12,16,6.156399,-2.512945,3.643454,10.930361,8.593855,-0.423960
52,13,13,6.125597,-2.511440,3.614157,10.842470,8.570854,-0.421680
52,14,10,6.143564,-2.509058,3.634507,10.903520,8.596536,-0.422787
52,15,7,6.015230,-2.505792,3.509439,10.528316,8.475833,-0.414052
52,16,4,6.058883,-2.501635,3.557248,10.671743,8.527033,-0.417173
52,17,1,6.177368,-2.496580,3.680788,11.042365,8.652985,-0.425378
52,18,-2,6.183087,-2.490616,3.692471,11.077414,8.666093,-0.426083
52,19,-5,6.156533,-2.483733,3.672801,11.018402,8.646851,-0.424756
52,20,-8,6.267339,-2.475920,3.791419,11.374257,8.764893,-0.432569
52,21,-11,6.329394,-2.467164,3.862229,11.586688,8.834111,-0.437195
52,22,-14,6.256630,-2.457452,3.799178,11.397535,8.768438,-0.433279
52,23,-17,6.492784,-2.446766,4.046018,12.138054,9.011613,-0.448978
52,24,-20,6.553900,-2.435091,4.118809,12.356428,9.079682,-0.453629
52,25,-23,6.489007,-2.422408,4.066599,12.199797,9.021673,-0.450759
52,26,-26,6.570673,-2.408695,4.161978,12.485934,9.110157,-0.456850
52,27,-29,6.687104,-2.393930,4.293174,12.879523,9.233343,-0.464964
52,28,-32,6.807469,-2.378088,4.429380,13.288141,9.360398,-0.473204
52,29,-35,6.680825,-2.361141,4.319683,12.959050,9.240383,-0.467479
52,30,-38,6.720391,-2.343059,4.377332,13.131997,9.286517,-0.471364
52,31,-41,6.741941,-2.323807,4.418134,13.254402,9.314576,-0.474325
52,32,-44,6.778503,-2.303348,4.475154,13.425463,9.357587,-0.478238
52,33,-47,6.795242,-2.281641,4.513601,13.540804,9.380719,-0.481157
52,34,-50,6.981716,-2.258637,4.723080,14.169239,9.573530,-0.493348
52,35,-53,7.019790,-2.234285,4.785505,14.356515,9.617885,-0.497563
52,36,-56,6.994913,-2.208525,4.786388,14.359163,9.599236,-0.498622
52,37,-59,6.908060,-2.181291,4.726770,14.180309,9.518557,-0.496585
52,38,-62,6.916829,-2.152505,4.764324,14.292973,9.533448,-0.499748
52,39,-65,7.189912,-2.122079,5.067833,15.203499,9.812602,-0.516462
52,40,-68,7.192261,-2.089910,5.102351,15.307052,9.820972,-0.519536
52,41,-71,7.161403,-2.055879,5.105524,15.316571,9.796085,-0.521180
52,42,-74,7.348676,-2.019842,5.328834,15.986502,9.989281,-0.533455
52,43,-77,7.212889,-1.981627,5.231262,15.693786,9.859369,-0.530588
52,44,-80,7.383436,-1.941024,5.442412,16.327236,10.035744,-0.542303
52,45,-83,7.448843,-1.897766,5.551077,16.653232,10.106934,-0.549235
52,46,-86,7.289864,-1.851512,5.438352,16.315055,9.953692,-0.546365
52,47,-89,7.321214,-1.801804,5.519410,16.558231,9.990735,-0.552453
52,48,-92,7.516917,-1.747998,5.768919,17.306758,10.192087,-0.566019
52,49,-95,7.546541,-1.689123,5.857418,17.572254,10.227317,-0.572723
52,50,-98,7.555177,-1.623544,5.931633,17.794898,10.241516,-0.579175
52,51,-101,7.553306,-1.547911,6.005396,18.016187,10.245168,-0.586169
52,52,-104,7.461819,-1.450922,6.010897,18.032691,10.159161,-0.591673
53,0,53,6.337555,-2.463075,3.874479,11.623438,8.674717,-0.446640
53,1,50,6.138085,-2.471731,3.666355,10.999064,8.484118,-0.432143
53,2,47,6.237669,-2.479557,3.758112,11.274337,8.592458,-0.437373
53,3,44,6.236601,-2.486556,3.750045,11.250135,8.600033,-0.436050
53,4,41,6.262057,-2.492730,3.769328,11.307983,8.634025,-0.436567
53,5,38,6.246472,-2.498080,3.748392,11.245175,8.626869,-0.434502
53,6,35,6.189775,-2.502607,3.687168,11.061505,8.578499,-0.429815
53,7,32,6.089631,-2.506311,3.583320,10.749960,8.486581,-0.422234
53,8,29,6.050334,-2.509191,3.541143,10.623430,8.455413,-0.418802
53,9,26,6.036790,-2.511246,3.525544,10.576633,8.449903,-0.417229
53,10,23,6.062307,-2.512473,3.549834,10.649502,8.483361,-0.418447
53,11,20,6.073427,-2.512870,3.560557,10.681671,8.502331,-0.418774
53,12,17,6.144362,-2.512433,3.631929,10.895787,8.581030,-0.423251
53,13,14,6.096665,-2.511159,3.585507,10.756520,8.541009,-0.419799
53,14,11,6.100477,-2.509041,3.591436,10.774308,8.552414,-0.419932
53,15,8,6.193169,-2.506074,3.687094,11.061282,8.652617,-0.426125
53,16,5,6.175880,-2.502253,3.673627,11.020882,8.642759,-0.425053
53,17,2,6.226055,-2.497568,3.728487,11.185461,8.700287,-0.428548
53,18,-1,6.121245,-2.492012,3.629234,10.887702,8.602754,-0.421869
53,19,-4,6.121760,-2.485575,3.636186,10.908558,8.610471,-0.422298
53,20,-7,6.301250,-2.478246,3.823004,11.469012,8.797090,-0.434576
53,21,-10,6.327407,-2.470015,3.857392,11.572175,8.830304,-0.436836
53,22,-13,6.114883,-2.460868,3.654015,10.962046,8.624768,-0.423665
53,23,-16,6.384693,-2.450791,3.933901,11.801704,8.901497,-0.441937
53,24,-19,6.489379,-2.439769,4.049610,12.148831,9.013036,-0.449306
53,25,-22,6.619487,-2.427785,4.191702,12.575106,9.149930,-0.458113
53,26,-25,6.498567,-2.414819,4.083748,12.251243,9.035733,-0.451955
53,27,-28,6.512020,-2.400852,4.111168,12.333504,9.055846,-0.453979
53,28,-31,6.462500,-2.385860,4.076640,12.229920,9.012925,-0.452310
53,29,-34,6.529971,-2.369819,4.160151,12.480454,9.086934,-0.457817
53,30,-37,6.501735,-2.352702,4.149033,12.447098,9.065176,-0.457689
53,31,-40,6.679947,-2.334478,4.345469,13.036407,9.249809,-0.469790
53,32,-43,6.558591,-2.315114,4.243478,12.730434,9.134818,-0.464539
53,33,-46,6.786515,-2.294572,4.491943,13.475829,9.369049,-0.479445
53,34,-49,6.784455,-2.272811,4.511643,13.534930,9.373242,-0.481332
53,35,-52,6.779227,-2.249786,4.529441,13.588323,9.374214,-0.483181
53,36,-55,6.872733,-2.225444,4.647289,13.941867,9.473867,-0.490538
53,37,-58,6.902676,-2.199727,4.702948,14.108845,9.509905,-0.494532
53,38,-61,6.943421,-2.172570,4.770851,14.312554,9.556694,-0.499216
53,39,-64,7.066918,-2.143895,4.923023,14.769068,9.686186,-0.508252
53,40,-67,7.074051,-2.113618,4.960433,14.881300,9.699265,-0.511424
53,41,-70,7.119395,-2.081636,5.037759,15.113276,9.750506,-0.516666
53,42,-73,7.066011,-2.047833,5.018178,15.054534,9.702971,-0.517180
53,43,-76,7.214548,-2.012067,5.202481,15.607442,9.857311,-0.527779
53,44,-79,7.283181,-1.974170,5.309012,15.927035,9.931703,-0.534552
53,45,-82,7.159660,-1.933933,5.225727,15.677180,9.813894,-0.532482
53,46,-85,7.199521,-1.891098,5.308423,15.925269,9.859423,-0.538411
53,47,-88,7.314366,-1.845328,5.469038,16.407113,9.979893,-0.548006
53,48,-91,7.246586,-1.796174,5.450412,16.351237,9.917696,-0.549564
53,49,-94,7.473029,-1.743004,5.730025,17.190076,10.149679,-0.564552
53,50,-97,7.416040,-1.684865,5.731175,17.193525,10.098188,-0.567545
53,51,-100,7.326750,-1.620153,5.706597,17.119792,10.014357,-0.569842
53,52,-103,7.422271,-1.545581,5.876690,17.630071,10.115295,-0.580971
53,53,-106,7.523339,-1.450060,6.073279,18.219837,10.221742,-0.594153
54,0,54,6.381012,-2.462364,3.918648,11.755945,8.719105,-0.449432
54,1,51,6.427636,-2.470866,3.956770,11.870309,8.774439,-0.450943
54,2,48,6.354702,-2.478570,3.876132,11.628397,8.710104,-0.445016
54,3,45,6.364190,-2.485477,3.878713,11.636138,8.728083,-0.444395
54,4,42,6.305475,-2.491589,3.813886,11.441658,8.677755,-0.439501
54,5,39,6.199018,-2.496908,3.702110,11.106331,8.579583,-0.431502
54,6,36,6.117535,-2.501434,3.616102,10.848305,8.506284,-0.425109
54,7,33,6.095536,-2.505166,3.590370,10.771110,8.492374,-0.422776
54,8,30,6.103393,-2.508105,3.595288,10.785863,8.508224,-0.422566
54,9,27,6.127114,-2.510250,3.616864,10.850593,8.539847,-0.423528
54,10,24,6.092429,-2.511597,3.580832,10.742495,8.512974,-0.420632
54,11,21,6.136735,-2.512146,3.624589,10.873768,8.565005,-0.423186
54,12,18,6.206868,-2.511892,3.694977,11.084930,8.642777,-0.427522
54,13,15,6.186245,-2.510831,3.675414,11.026241,8.629710,-0.425902
54,14,12,6.147416,-2.508960,3.638456,10.915368,8.598356,-0.423157
54,15,9,6.165430,-2.506273,3.659157,10.977471,8.623765,-0.424311
54,16,6,6.061326,-2.502763,3.558563,10.675688,8.526979,-0.417330
54,17,3,6.111062,-2.498425,3.612637,10.837911,8.583957,-0.420859
54,18,0,6.092004,-2.493250,3.598754,10.796263,8.572067,-0.419823
54,19,-3,6.247371,-2.487229,3.760142,11.280425,8.734530,-0.430492
54,20,-6,6.225298,-2.480354,3.744944,11.234833,8.719481,-0.429492
54,21,-9,6.421809,-2.472613,3.949196,11.847588,8.922947,-0.442589
54,22,-12,6.435594,-2.463994,3.971600,11.914800,8.943620,-0.444071
54,23,-15,6.251807,-2.454486,3.797321,11.391962,8.766653,-0.433155
54,24,-18,6.488882,-2.444074,4.044808,12.134425,9.010484,-0.448900
54,25,-21,6.613263,-2.432742,4.180522,12.541565,9.141558,-0.457310
54,26,-24,6.608297,-2.420473,4.187824,12.563472,9.143221,-0.458025
54,27,-27,6.645846,-2.407250,4.238596,12.715788,9.187338,-0.461352
54,28,-30,6.582174,-2.393051,4.189124,12.567372,9.130175,-0.458822
54,29,-33,6.605944,-2.377853,4.228091,12.684273,9.160395,-0.461562
54,30,-36,6.775329,-2.361634,4.413695,13.241086,9.336172,-0.472752
54,31,-39,6.616202,-2.344364,4.271837,12.815512,9.183380,-0.465170
54,32,-42,6.700812,-2.326015,4.374797,13.124390,9.274271,-0.471713
54,33,-45,6.663423,-2.306554,4.356869,13.070607,9.243107,-0.471364
54,34,-48,6.816996,-2.285943,4.531053,13.593158,9.402853,-0.481881
54,35,-51,6.856986,-2.264143,4.592844,13.778531,9.448963,-0.486069
54,36,-54,6.960412,-2.241107,4.719305,14.157916,9.558457,-0.493731
54,37,-57,6.926693,-2.216785,4.709908,14.129725,9.530757,-0.494180
54,38,-60,7.077086,-2.191120,4.885966,14.657898,9.687117,-0.504378
54,39,-63,6.942912,-2.164045,4.778867,14.336600,9.558863,-0.499941
54,40,-66,7.186294,-2.135488,5.050806,15.152418,9.808117,-0.514962
54,41,-69,6.947955,-2.105363,4.842592,14.527777,9.575603,-0.505722
54,42,-72,7.180931,-2.073571,5.107360,15.322080,9.814357,-0.520397
54,43,-75,7.251832,-2.039995,5.211836,15.635508,9.890991,-0.526928
54,44,-78,7.193228,-2.004499,5.188729,15.566188,9.838076,-0.527413
54,45,-81,7.252962,-1.966915,5.286046,15.858139,9.903454,-0.533758
54,46,-84,7.263913,-1.927041,5.336872,16.010616,9.920007,-0.537991
54,47,-87,7.297334,-1.884621,5.412714,16.238141,9.958987,-0.543500
54,48,-90,7.448285,-1.839324,5.608961,16.826882,10.115454,-0.554494
54,49,-93,7.373164,-1.790711,5.582453,16.747360,10.045810,-0.555700
54,50,-96,7.409691,-1.738160,5.671531,17.014593,10.087772,-0.562218
54,51,-99,7.413068,-1.680738,5.732330,17.196990,10.096544,-0.567752
54,52,-102,7.447968,-1.616867,5.831101,17.493302,10.136801,-0.575241
54,53,-105,7.514215,-1.543324,5.970891,17.912673,10.208366,-0.584902
54,54,-108,7.493151,-1.449224,6.043927,18.131782,10.192582,-0.592973
55,0,55,6.513292,-2.461672,4.051621,12.154862,8.852288,-0.457692
55,1,52,6.496230,-2.470027,4.026203,12.078610,8.843781,-0.455258
55,2,49,6.455298,-2.477612,3.977686,11.933057,8.811297,-0.451430
55,3,46,6.388363,-2.484429,3.903934,11.711802,8.752706,-0.446026
55,4,43,6.157067,-2.490480,3.666587,10.999761,8.529653,-0.429864
55,5,40,6.215852,-2.495766,3.720086,11.160258,8.596582,-0.432740
55,6,37,5.928005,-2.500287,3.427718,10.283153,8.316783,-0.412145
55,7,34,6.045312,-2.504044,3.541268,10.623805,8.442045,-0.419480
55,8,31,5.928813,-2.507036,3.421777,10.265331,8.333409,-0.410610
55,9,28,6.178887,-2.509262,3.669625,11.008875,8.591257,-0.427135
55,10,25,6.214408,-2.510720,3.703687,11.111062,8.634465,-0.428942
55,11,22,6.283211,-2.511409,3.771802,11.315407,8.710871,-0.432999
55,12,19,6.300563,-2.511324,3.789239,11.367716,8.735743,-0.433763
55,13,16,6.271435,-2.510464,3.760971,11.282914,8.714054,-0.431598
55,14,13,6.232102,-2.508822,3.723279,11.169838,8.682081,-0.428846
55,15,10,6.267745,-2.506396,3.761349,11.284048,8.725007,-0.431100
55,16,7,5.971325,-2.503178,3.468146,10.404439,8.435795,-0.411123
55,17,4,6.148374,-2.499163,3.649210,10.947631,8.619979,-0.423343
55,18,1,6.063820,-2.494345,3.569475,10.708426,8.542487,-0.417850
55,19,-2,6.086011,-2.488714,3.597298,10.791893,8.571671,-0.419673
55,20,-5,6.364075,-2.482262,3.881814,11.645441,8.856658,-0.438293
55,21,-8,6.364108,-2.474979,3.889129,11.667387,8.863547,-0.438778
55,22,-11,6.368703,-2.466856,3.901847,11.705541,8.874931,-0.439648
55,23,-14,6.243859,-2.457879,3.785980,11.357939,8.756812,-0.432347
55,24,-17,6.457407,-2.448037,4.009370,12.028109,8.977022,-0.446626
55,25,-20,6.616532,-2.437316,4.179216,12.537649,9.142747,-0.457107
55,26,-23,6.686212,-2.425699,4.260514,12.781541,9.218966,-0.462147
55,27,-26,6.705483,-2.413169,4.292314,12.876941,9.244716,-0.464299
55,28,-29,6.704695,-2.399710,4.304985,12.914955,9.250349,-0.465386
55,29,-32,6.614734,-2.385299,4.229434,12.688302,9.166752,-0.461389
55,30,-35,6.657202,-2.369916,4.287286,12.861858,9.215528,-0.465224
55,31,-38,6.670337,-2.353536,4.316802,12.950406,9.234916,-0.467444
55,32,-41,6.595697,-2.336131,4.259566,12.778699,9.166474,-0.464690
55,33,-44,6.725416,-2.317673,4.407743,13.223229,9.302338,-0.473832
55,34,-47,6.736247,-2.298129,4.438119,13.314356,9.319263,-0.476231
55,35,-50,6.928391,-2.277462,4.650929,13.952788,9.517450,-0.488674
55,36,-53,7.018860,-2.255633,4.763226,14.289679,9.613910,-0.495452
55,37,-56,7.102346,-2.232597,4.869749,14.609246,9.703339,-0.501863
55,38,-59,6.889260,-2.208304,4.680956,14.042867,9.496148,-0.492932
55,39,-62,6.928781,-2.182697,4.746084,14.238252,9.541516,-0.497414
55,40,-65,7.033153,-2.155713,4.877440,14.632321,9.651688,-0.505346
55,41,-68,7.150018,-2.127277,5.022740,15.068221,9.774307,-0.513872
55,42,-71,7.202570,-2.097308,5.105262,15.315787,9.832568,-0.519220
55,43,-74,6.904326,-2.065706,4.838620,14.515860,9.539989,-0.507193
55,44,-77,7.157916,-2.032358,5.125558,15.376674,9.799200,-0.523059
55,45,-80,7.262969,-1.997130,5.265839,15.797518,9.909831,-0.531375
55,46,-83,7.355767,-1.959856,5.395911,16.187734,10.008165,-0.539151
55,47,-86,7.353041,-1.920338,5.432703,16.298109,10.010933,-0.542677
55,48,-89,7.368281,-1.878325,5.489956,16.469869,10.031626,-0.547265
55,49,-92,7.253348,-1.833492,5.419856,16.259567,9.922106,-0.546240
55,50,-95,7.310593,-1.785407,5.525186,16.575557,9.984725,-0.553364
55,51,-98,7.509159,-1.733461,5.775698,17.327093,10.188625,-0.566877
55,52,-101,7.396246,-1.676735,5.719512,17.158535,10.081009,-0.567355
55,53,-104,7.322401,-1.613683,5.708719,17.126156,10.012423,-0.570164
55,54,-107,7.549854,-1.541136,6.008717,18.026152,10.245096,-0.586497
55,55,-110,7.547602,-1.448412,6.099191,18.297572,10.248030,-0.595157
56,0,56,6.463242,-2.460999,4.002244,12.006732,8.803114,-0.454640
56,1,53,6.368377,-2.469212,3.899165,11.697495,8.716654,-0.447324
56,2,50,6.103957,-2.476682,3.627276,10.881827,8.460537,-0.428729
56,3,47,6.227672,-2.483411,3.744261,11.232783,8.592454,-0.435762
56,4,44,6.242951,-2.489401,3.753551,11.260653,8.615838,-0.435657
56,5,41,6.016127,-2.494652,3.521475,10.564425,8.397022,-0.419372
56,6,38,5.942809,-2.499167,3.443642,10.330926,8.331619,-0.413322
56,7,35,5.988006,-2.502944,3.485062,10.455186,8.384641,-0.415648
56,8,32,6.060569,-2.505983,3.554586,10.663759,8.464942,-0.419919
56,9,29,6.129921,-2.508284,3.621638,10.864914,8.541944,-0.423983
56,10,26,6.082369,-2.509844,3.572526,10.717577,8.501959,-0.420200
56,11,23,6.091478,-2.510662,3.580816,10.742448,8.518551,-0.420355
56,12,20,6.104763,-2.510735,3.594028,10.782083,8.539240,-0.420884
56,13,17,6.198237,-2.510060,3.688177,11.064531,8.640041,-0.426870
56,14,14,6.358927,-2.508634,3.850293,11.550880,8.807980,-0.437137
56,15,11,6.226433,-2.506450,3.719982,11.159947,8.682660,-0.428438
56,16,8,6.206939,-2.503506,3.703433,11.110299,8.670268,-0.427142
56,17,5,5.986753,-2.499794,3.486959,10.460876,8.457112,-0.412311
56,18,2,6.069220,-2.495309,3.573911,10.721733,8.546539,-0.418171
56,19,-1,6.176939,-2.490043,3.686896,11.060689,8.661150,-0.425682
56,20,-4,6.138336,-2.483988,3.654348,10.963044,8.629371,-0.423478
56,21,-7,6.353580,-2.477135,3.876445,11.629334,8.851374,-0.437948
56,22,-10,6.376846,-2.469475,3.907371,11.722113,8.881335,-0.439953
56,23,-13,6.399635,-2.460997,3.938638,11.815914,8.910756,-0.442009
56,24,-16,6.558580,-2.451689,4.106891,12.320674,9.076272,-0.452487
56,25,-19,6.463464,-2.441538,4.021925,12.065776,8.987665,-0.447494
56,26,-22,6.582870,-2.430531,4.152339,12.457017,9.113522,-0.455624
56,27,-25,6.541189,-2.418652,4.122537,12.367611,9.078234,-0.454112
56,28,-28,6.736092,-2.405884,4.330209,12.990626,9.279473,-0.466644
56,29,-31,6.602842,-2.392208,4.210633,12.631900,9.152503,-0.460053
56,30,-34,6.659767,-2.377606,4.282161,12.846483,9.215654,-0.464662
56,31,-37,6.713200,-2.362054,4.351146,13.053438,9.275259,-0.469113
56,32,-40,6.684562,-2.345529,4.339033,13.017098,9.252740,-0.468946
56,33,-43,6.649064,-2.328005,4.321059,12.963178,9.223309,-0.468493
56,34,-46,6.543284,-2.309452,4.233833,12.701498,9.123546,-0.464056
56,35,-49,6.812985,-2.289837,4.523147,13.569442,9.399213,-0.481226
56,36,-52,6.927946,-2.269127,4.658819,13.976458,9.520092,-0.489367
56,37,-55,6.868873,-2.247280,4.621593,13.864779,9.466889,-0.488185
56,38,-58,6.874032,-2.224253,4.649779,13.949337,9.477870,-0.490593
56,39,-61,6.945101,-2.199997,4.745104,14.235312,9.554714,-0.496624
56,40,-64,6.968773,-2.174455,4.794318,14.382955,9.584117,-0.500236
56,41,-67,7.093065,-2.147566,4.945500,14.836499,9.714095,-0.509106
56,42,-70,7.009435,-2.119256,4.890179,14.670538,9.636106,-0.507485
56,43,-73,6.994458,-2.089444,4.905014,14.715041,9.626726,-0.509520
56,44,-76,7.166178,-2.058034,5.108143,15.324430,9.804001,-0.521026
56,45,-79,7.305444,-2.024914,5.280530,15.841590,9.948781,-0.530772
56,46,-82,7.275833,-1.989951,5.285882,15.857646,9.924642,-0.532602
56,47,-85,7.166403,-1.952984,5.213419,15.640257,9.820643,-0.530863
56,48,-88,7.188055,-1.913817,5.274238,15.822714,9.847686,-0.535581
56,49,-91,7.250416,-1.872203,5.378212,16.134636,9.915398,-0.542410
56,50,-94,7.357123,-1.827825,5.529298,16.587895,10.027419,-0.551418
56,51,-97,7.330162,-1.780256,5.549906,16.649718,10.005733,-0.554673
56,52,-100,7.375592,-1.728899,5.646693,16.940080,10.056401,-0.561502
56,53,-103,7.494278,-1.672851,5.821427,17.464281,10.180287,-0.571833
56,54,-106,7.590592,-1.610593,5.979999,17.939997,10.281766,-0.581612
56,55,-109,7.404193,-1.539015,5.865178,17.595533,10.100495,-0.580682
56,56,-112,7.460619,-1.447623,6.012996,18.038989,10.162013,-0.591713
57,0,57,6.397102,-2.460343,3.936758,11.810275,8.737824,-0.450542
57,1,54,6.471753,-2.468419,4.003334,12.010002,8.820737,-0.453855
57,2,51,6.183591,-2.475777,3.707814,11.123441,8.540737,-0.434133
57,3,48,6.300742,-2.482420,3.818322,11.454965,8.665953,-0.440612
57,4,45,6.156645,-2.488350,3.668296,11.004887,8.529826,-0.430055
57,5,42,6.098671,-2.493567,3.605104,10.815313,8.479729,-0.425144
57,6,39,6.079537,-2.498072,3.581465,10.744396,8.468383,-0.422922
57,7,36,6.096383,-2.501865,3.594518,10.783553,8.492928,-0.423237
57,8,33,6.081367,-2.504946,3.576421,10.729262,8.485527,-0.421473
57,9,30,6.238566,-2.507315,3.731251,11.193754,8.650257,-0.431346
57,10,27,6.119400,-2.508969,3.610431,10.831293,8.538540,-0.422839
57,11,24,5.955396,-2.509908,3.445488,10.336465,8.381905,-0.411063
57,12,21,6.206503,-2.510127,3.696376,11.089127,8.640305,-0.427806
57,13,18,6.177652,-2.509626,3.668026,11.004078,8.618669,-0.425591
57,14,15,6.046234,-2.508399,3.537835,10.613504,8.494393,-0.416491
57,15,12,6.059564,-2.506444,3.553120,10.659361,8.514792,-0.417288
57,16,9,6.094528,-2.503755,3.590773,10.772319,8.556754,-0.419642
57,17,6,6.027777,-2.500327,3.527450,10.582349,8.496931,-0.415144
57,18,3,6.086215,-2.496155,3.590061,10.770182,8.562230,-0.419290
57,19,0,6.245889,-2.491231,3.754659,11.263976,8.728698,-0.430151
57,20,-3,6.218051,-2.485548,3.732503,11.197508,8.707589,-0.428649
57,21,-6,6.276987,-2.479099,3.797889,11.393666,8.773190,-0.432897
57,22,-9,6.437982,-2.471873,3.966108,11.898325,8.940787,-0.443597
57,23,-12,6.440947,-2.463862,3.977084,11.931253,8.950294,-0.444352
57,24,-15,6.542260,-2.455055,4.087205,12.261615,9.058089,-0.451222
57,25,-18,6.639816,-2.445440,4.194376,12.583128,9.162067,-0.457798
57,26,-21,6.419742,-2.435004,3.984738,11.954213,8.948358,-0.445304
57,27,-24,6.668903,-2.423733,4.245170,12.735510,9.203828,-0.461240
57,28,-27,6.661178,-2.411612,4.249566,12.748697,9.202356,-0.461791
57,29,-30,6.576956,-2.398625,4.178331,12.534994,9.124333,-0.457933
57,30,-33,6.672096,-2.384752,4.287344,12.862031,9.225619,-0.464722
57,31,-36,6.672196,-2.369975,4.302221,12.906662,9.231812,-0.466021
57,32,-39,6.714788,-2.354272,4.360516,13.081549,9.280445,-0.469861
57,33,-42,6.624730,-2.337618,4.287112,12.861335,9.196378,-0.466174
57,34,-45,6.759071,-2.319988,4.439083,13.317250,9.336661,-0.475447
57,35,-48,6.751899,-2.301352,4.450547,13.351641,9.335382,-0.476740
57,36,-51,6.809306,-2.281680,4.527626,13.582879,9.398634,-0.481732
57,37,-54,6.926207,-2.260936,4.665271,13.995814,9.521333,-0.489981
57,38,-57,6.932751,-2.239081,4.693670,14.081011,9.533629,-0.492328
57,39,-60,6.951813,-2.216071,4.735742,14.207226,9.558398,-0.495454
57,40,-63,7.138071,-2.191859,4.946212,14.838636,9.750317,-0.507287
57,41,-66,7.093161,-2.166389,4.926773,14.780318,9.711026,-0.507338
57,42,-69,7.134359,-2.139599,4.994761,14.984282,9.757799,-0.511874
57,43,-72,7.187398,-2.111418,5.075979,15.227938,9.816370,-0.517093
57,44,-75,7.276215,-2.081767,5.194449,15.583346,9.910678,-0.524126
57,45,-78,7.342143,-2.050549,5.291593,15.874780,9.982055,-0.530111
57,46,-81,7.233946,-2.017656,5.216290,15.648871,9.879268,-0.528004
57,47,-84,7.226012,-1.982956,5.243056,15.729168,9.876704,-0.530851
57,48,-87,7.152377,-1.946292,5.206085,15.618255,9.808399,-0.530778
57,49,-90,7.224522,-1.907470,5.317052,15.951155,9.885836,-0.537845
57,50,-93,7.336454,-1.866249,5.470205,16.410615,10.003022,-0.546855
57,51,-96,7.223753,-1.822315,5.401438,16.204314,9.895538,-0.545846
57,52,-99,7.435763,-1.775250,5.660513,16.981539,10.112728,-0.559741
57,53,-102,7.468014,-1.724467,5.743546,17.230639,10.150123,-0.565860
57,54,-105,7.473021,-1.669080,5.803941,17.411824,10.160238,-0.571241
57,55,-108,7.554130,-1.607596,5.946534,17.839602,10.246420,-0.580352
57,56,-111,7.425788,-1.536958,5.888830,17.666491,10.123116,-0.581721
57,57,-114,7.407088,-1.446856,5.960233,17.880698,10.109421,-0.589572
58,0,58,6.443053,-2.459706,3.983348,11.950043,8.784603,-0.453447
58,1,55,6.383481,-2.467648,3.915832,11.747497,8.733153,-0.448387
58,2,52,6.260337,-2.474898,3.785439,11.356317,8.618035,-0.439246
58,3,49,6.032664,-2.481457,3.551208,10.653623,8.398294,-0.422849
58,4,46,5.960717,-2.487326,3.473391,10.420174,8.334187,-0.416764
58,5,43,5.982909,-2.492508,3.490401,10.471204,8.364129,-0.417306
58,6,40,6.130365,-2.497001,3.633363,10.900089,8.519248,-0.426489
58,7,37,6.150302,-2.500808,3.649494,10.948481,8.546764,-0.427003
58,8,34,6.215546,-2.503927,3.711619,11.134858,8.619504,-0.430607
58,9,31,6.116362,-2.506357,3.610005,10.830014,8.527735,-0.423325
58,10,28,6.128940,-2.508098,3.620842,10.862525,8.547648,-0.423607
58,11,25,6.140891,-2.509148,3.631743,10.895229,8.566857,-0.423929
58,12,22,6.242941,-2.509504,3.733437,11.200310,8.676090,-0.430313
58,13,19,6.173847,-2.509164,3.664683,10.994048,8.614106,-0.425428
58,14,16,6.117142,-2.508125,3.609017,10.827052,8.564438,-0.421396
58,15,13,6.016004,-2.506383,3.509622,10.528865,8.470267,-0.414346
58,16,10,5.820143,-2.503933,3.316210,9.948629,8.281303,-0.400445
58,17,7,6.004529,-2.500772,3.503757,10.511272,8.472519,-0.413544
58,18,4,6.185856,-2.496893,3.688963,11.066889,8.660610,-0.425947
58,19,1,5.867294,-2.492290,3.375004,10.125013,8.348747,-0.404253
58,20,-2,6.209870,-2.486957,3.722913,11.168739,8.697959,-0.428021
58,21,-5,6.240762,-2.480885,3.759877,11.279630,8.735425,-0.430417
58,22,-8,6.206021,-2.474068,3.731952,11.195857,8.707196,-0.428605
58,23,-11,6.352130,-2.466496,3.885634,11.656902,8.859759,-0.438571
58,24,-14,6.428524,-2.458159,3.970364,11.911093,8.942548,-0.443986
58,25,-17,6.452684,-2.449047,4.003638,12.010913,8.973046,-0.446185
58,26,-20,6.532760,-2.439147,4.093613,12.280840,9.059404,-0.451863
58,27,-23,6.294903,-2.428447,3.866456,11.599369,8.827773,-0.437988
58,28,-26,6.506078,-2.416933,4.089145,12.267436,9.045121,-0.452083
58,29,-29,6.544666,-2.404590,4.140076,12.420228,9.089828,-0.455463
58,30,-32,6.612483,-2.391401,4.221081,12.663244,9.163712,-0.460630
58,31,-35,6.713935,-2.377349,4.336586,13.009759,9.271181,-0.467749
58,32,-38,6.665342,-2.362413,4.302929,12.908787,9.228554,-0.466263
58,33,-41,6.828251,-2.346573,4.481678,13.445034,9.397379,-0.476907
58,34,-44,6.878712,-2.329804,4.548908,13.646724,9.453709,-0.481177
58,35,-47,6.772249,-2.312081,4.460168,13.380505,9.353067,-0.476867
58,36,-50,6.820583,-2.293375,4.527207,13.581622,9.407175,-0.481250
58,37,-53,6.906621,-2.273656,4.632966,13.898897,9.498942,-0.487735
58,38,-56,7.042353,-2.252888,4.789466,14.368397,9.640357,-0.496814
58,39,-59,7.117469,-2.231033,4.886436,14.659308,9.721112,-0.502662
58,40,-62,7.145306,-2.208048,4.937258,14.811773,9.754544,-0.506150
58,41,-65,7.079756,-2.183886,4.895870,14.687610,9.694547,-0.505013
58,42,-68,7.185317,-2.158493,5.026824,15.080472,9.805617,-0.512647
58,43,-71,7.237532,-2.131807,5.105726,15.317178,9.863302,-0.517649
58,44,-74,6.955013,-2.103758,4.851255,14.553765,9.586211,-0.506066
58,45,-77,7.155634,-2.074269,5.081365,15.244096,9.792219,-0.518919
58,46,-80,7.121331,-2.043244,5.078087,15.234260,9.763265,-0.520122
58,47,-83,6.974804,-2.010577,4.964227,14.892681,9.622047,-0.515922
58,48,-86,7.089498,-1.976138,5.113360,15.340080,9.742013,-0.524877
58,49,-89,7.124195,-1.939773,5.184423,15.553268,9.781943,-0.529999
58,50,-92,7.145999,-1.901291,5.244708,15.734125,9.808943,-0.534686
58,51,-95,7.269648,-1.860454,5.409194,16.227582,9.937752,-0.544308
58,52,-98,7.332426,-1.816955,5.515470,16.546410,10.005654,-0.551235
58,53,-101,7.193033,-1.770384,5.422649,16.267947,9.871349,-0.549332
58,54,-104,7.423835,-1.720162,5.703673,17.111020,10.107205,-0.564318
58,55,-107,7.431453,-1.665417,5.766035,17.298106,10.119842,-0.569775
58,56,-110,7.506121,-1.604685,5.901436,17.704307,10.199495,-0.578601
58,57,-113,7.460826,-1.534960,5.925866,17.777598,10.159152,-0.583303
58,58,-116,7.445481,-1.446110,5.999370,17.998111,10.148725,-0.591145
59,0,59,6.364140,-2.459085,3.905056,11.715167,8.706494,-0.448522
59,1,56,6.363824,-2.466898,3.896926,11.690777,8.714165,-0.447194
59,2,53,6.191630,-2.474043,3.717588,11.152763,8.549866,-0.434812
59,3,50,6.126963,-2.480519,3.646444,10.939333,8.493002,-0.429347
59,4,47,6.098515,-2.486329,3.612186,10.836558,8.472268,-0.426354
59,5,44,6.039426,-2.491475,3.547951,10.643854,8.420807,-0.421332
59,6,41,6.128752,-2.495955,3.632797,10.898391,8.517677,-0.426501
59,7,38,6.253151,-2.499772,3.753380,11.260139,8.649537,-0.433940
59,8,35,6.110746,-2.502924,3.607823,10.823468,8.514512,-0.423726
59,9,32,6.145991,-2.505410,3.640581,10.921742,8.557059,-0.425448
59,10,29,6.134632,-2.507231,3.627401,10.882204,8.552926,-0.424112
59,11,26,6.194600,-2.508384,3.686215,11.058646,8.620044,-0.427633
59,12,23,6.096121,-2.508867,3.587253,10.761760,8.528642,-0.420612
59,13,20,6.120032,-2.508678,3.611354,10.834062,8.559559,-0.421909
59,14,17,6.075612,-2.507815,3.567798,10.703393,8.522074,-0.418654
59,15,14,5.953631,-2.506272,3.447359,10.342077,8.406961,-0.410060
59,16,11,5.966671,-2.504047,3.462624,10.387873,8.426801,-0.410906
59,17,8,6.205343,-2.501135,3.704208,11.112624,8.672207,-0.427136
59,18,5,6.169071,-2.497532,3.671539,11.014618,8.642605,-0.424819
59,19,2,6.139424,-2.493231,3.646193,10.938579,8.619564,-0.423014
59,20,-1,6.141374,-2.488226,3.653148,10.959444,8.628060,-0.423403
59,21,-4,6.242109,-2.482511,3.759599,11.278796,8.735280,-0.430392
59,22,-7,6.228797,-2.476077,3.752720,11.258159,8.728394,-0.429944
59,23,-10,6.390270,-2.468918,3.921352,11.764057,8.896234,-0.440788
59,24,-13,6.392982,-2.461022,3.931960,11.795880,8.905257,-0.441532
59,25,-16,6.411797,-2.452382,3.959415,11.878244,8.930327,-0.443367
59,26,-19,6.524605,-2.442986,4.081619,12.244857,9.049335,-0.451041
59,27,-22,6.498196,-2.432822,4.065374,12.196121,9.029073,-0.450254
59,28,-25,6.522461,-2.421878,4.100583,12.301749,9.059431,-0.452631
59,29,-28,6.622484,-2.410140,4.212344,12.637032,9.165496,-0.459587
59,30,-31,6.487764,-2.397593,4.090172,12.270515,9.036768,-0.452614
59,31,-34,6.530743,-2.384219,4.146523,12.439570,9.085688,-0.456380
59,32,-37,6.563461,-2.370003,4.193458,12.580375,9.124299,-0.459592
59,33,-40,6.604291,-2.354924,4.249367,12.748101,9.170973,-0.463350
59,34,-43,6.687419,-2.338960,4.348459,13.045376,9.259898,-0.469601
59,35,-46,6.542343,-2.322089,4.220254,12.660761,9.120573,-0.462718
59,36,-49,6.721885,-2.304285,4.417599,13.252798,9.305820,-0.474714
59,37,-52,6.819653,-2.285520,4.534133,13.602398,9.409248,-0.481880
59,38,-55,6.895150,-2.265763,4.629387,13.888161,9.490362,-0.487799
59,39,-58,6.902227,-2.244980,4.657247,13.971740,9.503012,-0.490081
59,40,-61,7.018658,-2.223134,4.795524,14.386572,9.624973,-0.498238
59,41,-64,7.026624,-2.200181,4.826443,14.479328,9.638427,-0.500750
59,42,-67,6.984286,-2.176075,4.808211,14.424633,9.601537,-0.500775
59,43,-70,7.032074,-2.150763,4.881312,14.643935,9.654731,-0.505588
59,44,-73,7.039084,-2.124184,4.914900,14.744699,9.667107,-0.508415
59,45,-76,7.086077,-2.096271,4.989806,14.969419,9.719428,-0.513385
59,46,-79,6.922402,-2.066944,4.855459,14.566376,9.561042,-0.507838
59,47,-82,6.980573,-2.036112,4.944461,14.833382,9.624463,-0.513739
59,48,-85,7.144754,-2.003670,5.141084,15.423253,9.793858,-0.524929
59,49,-88,7.134870,-1.969489,5.165381,15.496143,9.789150,-0.527664
59,50,-91,7.146619,-1.933419,5.213200,15.639599,9.806038,-0.531632
59,51,-94,7.231499,-1.895271,5.336228,16.008684,9.896023,-0.539230
59,52,-97,7.195227,-1.854813,5.340414,16.021243,9.864820,-0.541360
59,53,-100,7.195922,-1.811740,5.384182,16.152545,9.870549,-0.545479
59,54,-103,7.339341,-1.765651,5.573690,16.721069,10.018967,-0.556314
59,55,-106,7.338684,-1.715976,5.622709,16.868126,10.023277,-0.560965
59,56,-109,7.375637,-1.661859,5.713778,17.141334,10.065163,-0.567679
59,57,-112,7.378451,-1.601858,5.776593,17.329780,10.072877,-0.573480
59,58,-115,7.412221,-1.533020,5.879201,17.637603,10.111515,-0.581436
59,59,-118,7.370461,-1.445385,5.925076,17.775228,10.074591,-0.588121
60,0,60,6.431326,-2.458480,3.972846,11.918538,8.774461,-0.452774
60,1,57,6.294434,-2.466169,3.828265,11.484795,8.645427,-0.442808
60,2,54,6.118209,-2.473210,3.644999,10.934997,8.476969,-0.429988
60,3,51,6.111183,-2.479606,3.631577,10.894730,8.477621,-0.428372
60,4,48,6.192050,-2.485358,3.706692,11.120076,8.566081,-0.432717
60,5,45,6.149430,-2.490466,3.658963,10.976889,8.530970,-0.428904
60,6,42,6.157569,-2.494932,3.662636,10.987909,8.546536,-0.428552
60,7,39,6.086590,-2.498756,3.587833,10.763500,8.482904,-0.422949
60,8,36,6.112733,-2.501937,3.610796,10.832388,8.516316,-0.423986
60,9,33,6.099847,-2.504475,3.595371,10.786114,8.510623,-0.422457
60,10,30,6.160093,-2.506370,3.653723,10.961170,8.577988,-0.425942
60,11,27,6.058086,-2.507618,3.550468,10.651404,8.483027,-0.418538
60,12,24,6.082641,-2.508220,3.574421,10.723264,8.514556,-0.419801
60,13,21,5.871782,-2.508172,3.363610,10.090829,8.310602,-0.404737
60,14,18,5.902461,-2.507472,3.394989,10.184967,8.348118,-0.406677
60,15,15,6.085279,-2.506117,3.579162,10.737486,8.537706,-0.419218
60,16,12,6.169010,-2.504103,3.664907,10.994722,8.628142,-0.424762
60,17,9,6.162253,-2.501426,3.660827,10.982480,8.628026,-0.424295
60,18,6,6.176844,-2.498081,3.678762,11.036287,8.649195,-0.425330
60,19,3,6.115572,-2.494064,3.621508,10.864524,8.594441,-0.421378
60,20,0,6.115676,-2.489368,3.626308,10.878925,8.601003,-0.421615
60,21,-3,6.236673,-2.483988,3.752686,11.258058,8.728398,-0.429940
60,22,-6,6.188480,-2.477915,3.710564,11.131693,8.686545,-0.427162
60,23,-9,6.234710,-2.471144,3.763567,11.290700,8.739060,-0.430660
60,24,-12,6.291416,-2.463664,3.827752,11.483255,8.801995,-0.434873
60,25,-15,6.382977,-2.455468,3.927509,11.782527,8.899730,-0.441307
60,26,-18,6.410206,-2.446546,3.963660,11.890979,8.933080,-0.443706
60,27,-21,6.566268,-2.436887,4.129382,12.388145,9.095211,-0.454017
60,28,-24,6.501597,-2.426478,4.075119,12.225357,9.036557,-0.450959
60,29,-27,6.484113,-2.415308,4.068805,12.206416,9.025040,-0.450835
60,30,-30,6.602557,-2.403363,4.199194,12.597582,9.149400,-0.458958
60,31,-33,6.646541,-2.390627,4.255914,12.767741,9.199253,-0.462637
60,32,-36,6.662888,-2.377085,4.285803,12.857409,9.221421,-0.464766
60,33,-39,6.514464,-2.362719,4.151745,12.455235,9.078771,-0.457303
60,34,-42,6.631799,-2.347510,4.284289,12.852867,9.201833,-0.465591
60,35,-45,6.658190,-2.331436,4.326754,12.980261,9.233906,-0.468572
60,36,-48,6.788564,-2.314475,4.474089,13.422268,9.369918,-0.477495
60,37,-51,6.787367,-2.296601,4.490766,13.472299,9.374315,-0.479050
60,38,-54,6.821040,-2.277786,4.543254,13.629762,9.413539,-0.482630
60,39,-57,6.927272,-2.258001,4.669271,14.007814,9.525279,-0.490198
60,40,-60,7.050647,-2.237212,4.813435,14.440305,9.654120,-0.498589
60,41,-63,6.970648,-2.215380,4.755268,14.265804,9.579548,-0.496398
60,42,-66,7.029182,-2.192465,4.836717,14.510151,9.643467,-0.501554
60,43,-69,6.822166,-2.168421,4.653745,13.961236,9.441797,-0.492888
60,44,-72,6.979918,-2.143194,4.836724,14.510171,9.604855,-0.503571
60,45,-75,7.044763,-2.116726,4.928037,14.784112,9.674969,-0.509360
60,46,-78,7.134040,-2.088949,5.045091,15.135272,9.769476,-0.516414
60,47,-81,7.127282,-2.059786,5.067496,15.202487,9.767911,-0.518790
60,48,-84,7.050375,-2.029148,5.021227,15.063681,9.696160,-0.517857
60,49,-87,7.120602,-1.996929,5.123673,15.371019,9.771507,-0.524348
60,50,-90,7.200699,-1.963004,5.237695,15.713084,9.856689,-0.531385
60,51,-93,7.248872,-1.927225,5.321647,15.964941,9.909912,-0.537002
60,52,-96,7.306634,-1.889406,5.417228,16.251683,9.972689,-0.543206
60,53,-99,7.246228,-1.849318,5.396910,16.190730,9.917265,-0.544193
60,54,-102,7.336718,-1.806664,5.530054,16.590161,10.012701,-0.552304
60,55,-105,7.415059,-1.761045,5.654013,16.962040,10.095957,-0.560027
60,56,-108,7.391441,-1.711905,5.679537,17.038610,10.077221,-0.563601
60,57,-111,7.247186,-1.658399,5.588787,16.766362,9.937816,-0.562376
60,58,-114,7.316795,-1.599110,5.717685,17.153054,10.012243,-0.571069
60,59,-117,7.206251,-1.531135,5.675115,17.025346,9.906486,-0.572869
60,60,-120,7.317182,-1.444679,5.872503,17.617508,10.022173,-0.585951
