n,best_digits_correct,best_q_n_bit_length,q_n,p_n
1,8.249488690576852,31,1975677120,1809652256
2,16.334265002439903,65,-18481523072550753600,-16928439262448932576
3,19.457853456559285,91,-2084266056525767239255498368,-1909115996889033543332268992
4,26.294532063078222,124,14231748456201348258509924150184011520,13035791930865187385119785370736889472
5,32.52089297219469,152,4793965655344768914016951312278654921874375680,4391107599963052404766068542412070570571888128
6,38.90533136158244,183,10786703881456502127263222983746079702572016391211504000,9880249629992019593718311653462739023822081082480876608
7,45.22159067974627,221,2413200877636850326824550101020578458637686492358564343677296768000,2210408975753624008562650559843235198962190788083042278854737092096
8,51.65943149359124,257,211922136187564855061243344192395337886349966824973230033119806637987031966400,194113385392348370123123458532125592774828935507139263345538174205839366364448
9,58.15653266369627,290,-1410414321055492784672658166794149448238789559103659222701277482135133857736472865728000,-1291890991621653392271767204386451750437003745724268969174873596644564460819370931413248
10,64.65332761765649,321,-3868570555770955683955189165311633231683654069745110171531532571046376370516570585274368811980800,-3543477527733237814564659995215245133276243730754169597133314936520216294998088872304034981340160
11,71.15137312259827,349,653482459815601565663777724857323132977289063072071932583765450963556594057391632809853891147854988992000,598567449589388136444532598384891358036456859907921869244706515725457850353452119813562159178542514255104
12,77.64819037766246,390,-2119948774847163296311661944052175649873041598636424648249497568633551685526358182061093154405867359214291713362720000,-1941800139178149421765737151210708181099267984697871901751021906561182503977081223764448183223554835657589471748361088
13,84.1457040207641,418,506018829455118730714865638290493418801000600284807312603525351086654633353926268740098592119051611421898254958493028837467136,463495837786718683074887483882499787501075028945973792199032206371346289146361519623792162074858189171576071314222902938215936
14,90.64324177587626,462,-10236795434284585345267327900080153620832682983231481601366987676288816455289204157006043792515996564482942708401693963440946720108082332160,-9376552412435122985000859545717121165108287235783595049056178232839097715374448001422386646200794523250130682676594269477565554211170753280
15,97.14081341839385,491,6344141697699405234172093849552400639181732543354351852944222499391329227677968598157967661408416506576601435562181809902592431187526392993545781248,5811015519677706691798279838738324255029761482528354141867042149458714614866323865220723748050059625061784897142797038319079137426224820777105063936
16,103.63840690396256,519,880637048955393978030915771482196265692635173868977389312972046769760382785032950442464285307773598282169821493943363879076564370876986921081091928402187712,806633237800900155027578292965875227759749176785658628574345682520831519785246410786627779588532197432747037004570225894732293920878184055150293551513931168
17,110.13601971946406,552,9891490894926587390198850034567410405962622136391581314121484338887195526339149400869885489769890862596954850142718992673316493317927667613217511998183364133236544000,9060265334869983479076867935416584848627754307017364162896766450149653479482053000480200928515334193366120954335601017642428071851107808178465054659547056829841896192
18,116.6336480544337,589,-1393771583233622021024200193781584907610075115019065354505429026585679179001454470661588899248515233545176268668580127160533719719287376503049301794047599292617566197144762977280,-1276646816383907862450669855777712299216541374399469705167732224654898441642729780296419952297246765674336586182022261358304038761472451945970311943394639170689643399446261735936
19,123.13128947415223,626,-204095733328419364077591518674780438368364078188913526990782689200163102504917333903356657032005315846299174438070715076414359053793888407896362916157010645826420434038070007788001322649600,-186944669647200884735742873123498741738055764623725954170723677076906910799197096807315806910403945356686674581558288597602114442023593987298882784388142557664195285681102596145764631677952
20,129.62894202524714,653,-22398804983245883187598369254173696276762246373804469163616761438752592293771004449358476432283894690376140330118445542745749536946077683323213360833843688882570562602435140672093659911459909987840,-20516534715338469599514134131012016118934757241050441028850244385854683323563811941116613345927453620473800818904337793522807885862968786163485531889039050932300776986014825420149355086905724423424
21,136.1266040248583,687,-324274991832466681554308172591588188175516099178756912473619187580154202212254360700520316548655773086012083546431864191071483050442214039644021335596930687058202036112535603321045338216985894567416808632320,-297024735570638187114490073251004587545494842105317265251244146587820421178758780758757060601924164595033418796210979915058301185603496612222597133127445179211047923300589005620476682493424413633827594037248
22,142.6242743151523,729,2041252008971896192151122578683024266145111393459427984607556082740819504925927316184802090642799739295264699345626303336147726479732330807681978986188596368247981960315631884501351210428675064807553518299030524001312000,1869716609263384895458271270958136732780364528842414815830177328833594537838415862976387463973965520853090948376304166371199166103614749906293098902846822458657637603152080940329094957948310546441130483184891724111480704
23,149.1219517665872,758,1130123605981742308885675758075034179745162648425465579356698366363136151240847601692334572673278188137158517318566645411034552108661093098036535177031830239055747693773372900176882336087005421977969215812029022850900620626078720,1035154340246767939455440674995808027811809809324354836951313092718467680813294872373741157996316039398578300450819476424544987419681459512745008024864988878137628086608541968472690072406750098583138137839554466000165654586200576
24,155.61963548439408,790,3331477890709504145853821815061545124944082402344957591515723343127575810580733958432944962065052024234231188226259001037979466980047819689107738100789453710166246465377416525972862767613113648719123340122191084581499592141036610000092800,3051519125651999276870184914621900893232036863400920157967113520049620594745455795353169254631093665600433926125165479788493149179122117100308443427015264196811615462043320738490851629440486381337876002440377892459720388890707802050255808
25,162.11732471766834,821,-8514375857666672659806451681821815124291908695503354587728657338390561082058637548734179222323762921863801080362271653968365573828118774492150759558762559364644218620255182720481645885505988176587105187561308289918087688509296126285136664712714240,-7798875341515822580143559216154580280938362288394892356714862044035311522640350662160001864321753213929818291712601708824346711334641277569370308871972550933929112275668806080466464010852593957331699195703572058569892348059258830135508985026987008
26,168.6150188305587,851,-8469616107018377419927888563045134779568984346557112950172690952111097153481971391322351183485135877006006963603109065811223228160838716766956388661478144754785746299932950421635010618644728754828921259316167036701125310650675378163153872424970649081779200,-7757876949918032666736838127644444061597646933268829621794075868563948339860567679793408098736637929007899127355509691590387904462649593052029763441700575467164615155332899971449418814949859044282503377743705512033764378301771956433905297044809795067661824
27,175.11271728156896,886,-463602910585633033625436967427313068798934781257632969033617017467315346629505566599855150687349397847535809608520183251948067391346051119789279722335221300808456415020770436569625607774592923789789848268136742402438340715168680194795843830054133457155891072104832000,-424644315456857500701178653200538634287556625826600065520607406288303588744718835108229769267407681114974855955294711364689751589768376119881698540653226977871191633674634760520804384160494555448657300303622121405978373921172335720765910518743914744523213246208391680
28,181.61041960636985,929,-2689464956876448815630251499475869298157976673247916911950839079223331256377853879799326932255400364706274511935221097894800393908928121768941754255319842082113226353707047368008770113313065904924151344893052944927008005272362397853790660291559266300934075237438463966235621568000,-2463457367244145154700875774823642046743054361653474999644327097284047497433977607261081039756336140663863572715231634435393290991742407579611189399447225481064820399181436827116907850511486309506020081346100683262810160091956949121671935622417544336256626900306377971065369652480
29,188.1081254046025,960,-7365384334116252064843811580460479960175291766078935409998798465121389456134850296984763455232450408722888322944249236092518694166431870424775425224556449034634405208385852848598857612091029311878732032998314452812368134813050875223652097271004873010637510885323687453817904234367144448000,-6746438637942373444819077351414563507506916936671527955545390246551327008012066363414832112387639715356767702083983002245541418070022343095534230515483167489752471737841235101541655208936023866553407898569305232961024901614354066151118765284072850010078732236587427582488773369417693411328
30,194.60583432925498,990,7742775729213809557772334629054403189114699258548200180263172283281150464268369131016390691281067675992960872679497374194921252219667665265761453909745351105299366400318770821869353931246251786623114760513144205995479240946986382880710147034719831491922460189305831802842144329577435288384961280000,7092116171390277313107774629642812335032190848012724543497509770879637347883685646880258302076148556748868203166494585478080707391555529883755976419123041500350485838717833841510515166722806273934864965073293117307766719171586994118717518047998470066397307725337607553729707762168564070304910496768
31,201.1035460780499,1030,-6815847884047654201292294422414135836414966590492453751003224322824206434943990339350264873932294934123876497860209931735928375832423253519090847410645343639599501067021132654287539891241307918403829784959836332953411488946842323182596980719297939814587927781206887362212464686913070011884759385293644514918400,-6243082156933250553566220770576537721415811029836876134256729592179462929477549916110824444819973356627916309141085368953441141966065542940032427333249471581114793690314269972425475181156547232932555536419856827916678135537760858261201029674523981949214561116309328468910857365890428564428107536427736457838592
32,207.60126038646055,1060,8928474290123089802967435663639909653440114354102907534168946383972284542274362924557109447949047344982971179645114831843561756923985148921898077844955621511467488502602156824593213272746542059412810418610479766975801340724838125033169553192809141999131959651613441516753957693528597330379854602758081201419423324760000,8178175258248619704126374453165290830551605867437760184884672806066500344480767038311424659528309799820202544920652856036467424636359221755766865433732208247538621981956772610161829067894455565413553213252447914930509568189309258414854566560327623826138848678359076053004104967614451921273556259299369766282894899118240
33,214.09897702199606,1101,14003606922232296458473324017005935940153810111409184473018925653604833799177652136126689056627261504766404652005561027761059266703205084931229681653699710837378998547666849155577630697440573669876009724896849760104119491731774292992045187550751429038399776437337978157971329067808267943765638351401931009407502092617649404083904000,12826822135146722657539449905635287799757249396338823877978148005997039816019447354637414470052326324343003022934929717337956864363961991744901160059891481860005006057775843533938848976318218780893988058438956963411607879734661647643940732980998683281290092920203712139418862150534046650472807215190632980576171794851378081603409152
34,220.59669577949438,1134,230780407172942687130139926811026482292518166453081361855197910531047803989550793321315874228320420325658615999709375940779859247673470462351221693502965247972487635544928661648533170597693868311622874206129756887574774025525414878708116523809703007394028739315304077865282777695602845811606677138165170745072544122923251225330869202787212800,211386912780624985598204032438404433408367594967614484600810650619819145482113326527527731857226506664971939197437845613731785855967931155683371718442218706471870725830003586475399377521731707699630725871357025006861834693580298852349195697495003772568331918300829545211356428800034051839287873340229362667996495781064423231484345559234843904
35,227.09441647722127,1157,-1372220498197974770956685435561970455696816118925519059121546293323148781331814260841313145491421629664938350548084733053298586412229579867227030045907553016629488813061141669117134866292456301641169595711116577492863228263493526476182514846788812390223284008105194819202147306251649732202980500158009565868665864269469970456296448768150555265280000,-1256906763974067455804736749623340071993882353149732321425901568414775680116141987803172359619951900764601172312283549070074390012610347832298026472100914585284884899971029270502818242959010334279199958331845741493459014238334180759908375943796893598665688063357565034579949077944007829759518660232296694293510904782856892349136122243309066403290112
36,233.5921389536191,1191,-24597943958488215420449233552225680039984876931010765556403764353364609597445130498470308537067193169245996600881272341679691003047353311528664286081620806644202618416398688507507834485784549228339636098148226492127885381349113889702224005519805869415221922494506022825694321298276766654016679134766188808173730792975120552342605405947611941505353839229644800,-22530870353474592980283358583672207861661987838442801802345989152647794623618757550041341459495231612452195789452414984522717326989244668629865709439676456703906950538962819007016229154284794521454404457276769528395854491852066557173374847233602202537871136758284509160369826566420709283683405232046407995554988800720473211315976769274988180242318566905006080
37,240.0898630645824,1217,1158754196607635130837662554788273979439482893485007109374705045994450460744800251698595329815167245298930803623404481990979669151533058954161525169255065857703362747679950158429348151881658865680764234032406251527649904342615895922701187814057084722763758114535654475716691406979397961784732381470707223951879396276621540032028523322806039907462752630445329415680000,1061378976201058574966180791012073361257401059728755946231256667212254357105832058540088181162266216791727921944301787879383606873056022195162992425977006202405822505215295834215228988880749511751017957867319096071338455589729034072244154809532751057094606492351133914780425955758725053659608777661841698194313234824494063358021984559863428416438096955317419016751104
38,246.58758868116328,1259,5711917345165419190541015821983599513855547808003059829481361408076533092532538200444385007761531614603203490059853741758302408879533994052821313821202092889163318076734847246307836474509984811372360313275514466808152084595193203200255503007821814293752849052839451529357944694623980556386448832226000347677564647185912406265279476457896903236701576213144993664417341991758592000,5231919764955606583106422103805665901812231368620727267020934318317311340521830234481352616013126970840886787363206516915179320390594436340876107877972573217150177424915147206639273240850449416076266109234293820853702379276920776918885362706046225204090045856772363435401817834198584994647397893031926421939647710668614229325850976905773342879685605653957776594127404847003636736
39,253.0853156876296,1297,2313559148143932419787918474893795869034749543689387704737138848425927631783273300639043118625031752475062335761300672165484139997887135323898727121506591582855308352057307209989021756180496451192306754625363687879545505576702434803704698658300576548859483227621484911404630690909182476391094922491349777575598843230737295023068737767389253486795728760193215380708151407383378597328907776000,2119140579793797729891533343033682318080663737446176750271178119762135420692382395254854209811450753637103616399777239711656270891979836140496675514202623622793059950812850103900936264487432921982993930444485491728985544823814697434478484736580944725995397711427707749681902132370408494807238085233501407430076571072818779341154731424607642640714369632519515972675278781763386214501779556352
40,259.583043979814,1323,131891065472354830426949394890304869765509496219342659265394302172633898015786128325818831155542475354321178607659489268312622902039648837354692835246460913920904822668392218831384496629493094595337681257668903593674967286971543858667394657073253257741890715853380112550049642362089777599561114123184372366891184689969751464771902893117677641624215101388872005711166217288751347989925807425717030400,120807678152051987548302924640362443488845639728520793250228904594060881779053480952568224651297840828084061552094846800636271738803641024760121986715535619953531326446057060324336672361485914009332343549456419952232437343966135547026370251963856550115060494695843806622075237711975089589294678147924113373599400525908070167717430672805219413130414771998927517063461486419631933809860476019751673088
41,266.080773463705,1363,-124028649683776313678367656097213060934622293612234898824973583196976706540577076241130401420696270768150691078321789279796237580223869103137312659714573108581141655278402146527467710879913496782261935516195771030940066180206970483424029491252532299488398761959546889109089898243817768876392941103920100442454538401518766804786432540668049607716403464318926754517609728113228520650834967740292769422402054144000,-113605975802598318457047655082934343687677748258775044714217525361481759885709235679942363605414037852743510525684075793279325707739224418400616862537550914592057660962610510292736301563484322239109298872134943436715696624687901113125606200190808831318649249388440127147381035547869348122265699386561257255159054413872364008576488071556693115941400676208494994462324746525075318246013890818058649734155292270592
42,272.5785040542382,1397,-3356188310619249303023577316426054243871126523217807316332902763918866163187391795890496386485103385180761703062114817168150058879044066565091644237323673285885262448145448251963095223657729371485052514727396405245667321463875870603223832947268385921813193371974790426862952107788406721495263606636455663921018096887281374156605149323011004892006662904437874458879549298389822680586618590118483540474138261156657433600000,-3074153020106997582423794072701182807931467455956429552067554436536359506388266600235340114116149152965159887860099646905967785722879101695513044153443369225003468654903432031035369798084739287952797809954887069475402439487619068328847419344157826954461762568637563445513732476775334024167075996393210212900319204211185503981047419644059967624284399156287276828223852476379008298965449044657459046652197839732475167297536
43,279.076235674257,1429,9764765184663559010477533382456366549548253897971371878881286841519828647908817673049706070079728288849816333595082997466819298640984029643953331025890579180050937005750539408573342360123637926051488810347756656306359109631975288377494136820424387145805796279267219273852643394879347717484948205899960253840993731097656917037754155522944034960646601545969217606922443647817427426528825525267789515505355321902474108876677090368000,8944188944371378587451665624119679244646573489573803350625671902248618601248651299912175486887122607615587214169752985303577034034579041709628910841655658080776697945782628556854233580443707865427995444444725058811478562795465682735434068691537578628081099750945073703953888160898531831870296506040412142943470001926349537810935006776908613808011045833000338044904536898426494758544104388063832970218621387647427881914847558811392
44,285.5739682536146,1465,-743445768909233279881873301368334075115076748915402581851080961406313159134388509069223860631774387924550132818996411199189052140316404417999109635608740924314158099886540855152002793185544707754744720697622648178089578595265081140153187428327911201036200445245307708137583097643017602076411694812714688007719398534467596163855511256168680022390072408968738958957118888526723315979109782297552491293540625537140471721872059021275630848480000,-680970745457485320204175026730525143007051216074688449663428549824872930160003020289946508369718295610860918492721171775373285182124505958427007786172273898716603213753755262875755515210918046918762703112567533924555580842762318803385735739172553037357212064271817899543876336263125379526253211183743668695470842017746495553997342819127892783827041741059842534522593681678254306208123794412169896768180915710042113956095456932043936052306048
45,292.07170172839545,1494,547852728763519125579377180991762992111192803216727675001019541410431655763172595844257779131464681095607729781436512516481285530093329314943185722688595796186354969179057851963350973091383735887453713223602175284578183765409891266411495925974342133905596662275683738254133234806474668348041328398683925223377918695436492321738518480744334168821294449026181696564667020331560904598597384146082466935364288099962638262560104482901069448134025604352000,501814250223487602378122525761790425111389298177988498786291952929754580269962561347031766027310230184917156440433367362787720178605057290720005461902241845604560027484169771122382020718077628717541612563400163390684193278549166533636901166221200109053494342909924994767340642373533275915023987001675933869126511606684975069799187808529259045636166935063275977753774365571245903659261873979344117243656540676785345636066147043725555990841490401201152
46,298.5694360402384,1528,-5763228409225822020288960441809238044625264969155860927585803268609510064907574707840124718371140494001515070396997511831973742758597728773269667471591422365920795641294464319603385981163292791712081023643295320185944119737677534000319251520285779476147154338832603524592174801114158745932260946631066842900907068439300686505533406721135782975329104104586647815606325056170552178957578279156465665270686274134779948746642277281419987084654884341348050816768000,-5278918934235558809169967322227123242474667374829083362259935951981647363986811980890599389782807894947184757463019003998672581874545897388060226286956539055557927136427831984690457588510432260163442409045936074769398252272365163927919435562838819886500514876228577473252635121259431386727459059294609858383155501247694670423683421030314163224904584220427233095247781398433546730366850863704939113895331906341887818309208936444066276648630278805677399499539456
47,305.06717113574615,1570,25399791677472275928441535826431526141152766349963170722844024389326445925947911558285864875543311508169178324309510267207720076936088454312071657912232168521163205772093011404677587722313831998418864765336976894948770683416839368520433291312756829466107119152829321464829583627766017239002044044197245727110141578673265531538687763347207428202247160380719286340466794676217170354182211485109860355653092020068218739924198308951210446958453714202114270410990944297200640000,23265335275833475703000605191516556286774075777063498086665464764550905313837796540699347617542600366690655965079148564483944464487830666305312149922473217656530602245306721231909101201177333702733711872279431100973524990974721438960462486311830310445424149077359292609782325688351658684327486954717075691716118845991301481350314146710057172961645915087392214089335224116557920458147313001884760679968131764128450649706671341463829872161283140987519080447353985867228270592
48,311.5649069659687,1602,100350827362241416285526359049496778405147487715338135062961566448097864646579335078585535409715595472419747986928521224086408354309565986610682698694391992667925769017654629404236002208116748475693727413364762224989960436602857210418217960820060674363119296975953940631670644514096707427124482159581581266722313552312917435241370193369494915991049543167295691476700826052964029525088829653117853518101645948773369999219671172279689020883032042549178039004674922078750985203401104000,91917905211030986824424404956106781321365653840796426065785585158796627580635580865679889475495905349945011797171063507963356344354226922339084621815178506813273569888985046523539887680804286024168833343124194155364214326814554322709474374159568007446663833906647519931155889571296365488878445450470903191476121199683917459831561956379732490812622410387604227660812048517771624262848813880111211726700992385869632133250092700819714921087322095747596639432609640261608795700647400896
49,318.0626434859495,1634,-565442502911369703196369001667315958531610734445238528392536779459058105498631253827291269874523912033099572604893595839702882269871905923359923672345032791001470889779321889506019434451607211167228334723402873461086615659951775983560082051650861850188088920410635058535803151799822583238177566373306758347901061505125255250087908516353509566701786760174603621243189693399230348300607075286376787019021885666125179700930065281034831072966224743324227343278716225513587280689516864277761920000,-517925878152266642977828550507818540012686874966179476799911634727090474455142737233173379512137035351529212981360539712604539842604922779720563055710672954264852563863623146202001102423138296555562443107201796260724886661761540842493131643353848632734533579301108532150035882504446695532476719648151108775991308045268250282827972728343238858223249978201691787153462603206661289694326776458748175023791985261746115264004744108033151935154631408221064812142059476232065984753281222767679169024
50,324.5603806543265,1667,-5247657143626715334338795476337526785758783520723439432721809360810159445615844402297689629432581312034825741572890361471824649530841766157786717607442691000024086171191150857674917129977797400240596499958988991518097747999429304718731314902362850656911473516569929069311923030984935727322183856562018015061709292090885634955223708809028185669563072204198963353408440011428258461705274383440460932585228679294814394139530139320883119898891330946554697951371551694861006527096459363669036847245195878400,-4806673393600372255824323940166986178452037935734675777404192270696703306458410856293524083408223960431246392985765609743432637288171303635195844038917667788706066567150041843414443435530440157014050955104023579759122101046982860559653825617699935873512182000987473604005424387285505435653801133213519390804083247876800748850862317356796254166724743656812460936717088775912267309396940194866396260085845069275715362770990785499630899982270273085114447506242577364329249292328827816583041537832671424512
51,331.05811843298,1691,70586828582159415669834542418564121587141407920012515031907458001341693606159352351251253607007466779652862869136483500693555285216036699735357628063305124478859530131134859991985909114429685096755848090438167261822022822981598164360541285977456499836213071088566347397021428433745177157571223048580926210207896290108603897391537396317194853062808028794074154449130472266698981336623903833303005338119035299745937260074824425274784351558176709356022849983136125867846218000854797314785170674216405741891737600,64655106383343155213871331694637504280751501460944760215952690218187470396769391706242049587506313437346387644382084101648983490007921069491648500642837245715270497895583718216923619211295060865819294206102472090193237766400908830681788692000578928397222529064141830335487856615341643791399232318466542751592601402413610974701686342149049180322282335926370017117772395782809277371188551894351063713402442651519190231967568451230984920750047495252272412140476729234227301038048986764332200143685683444131488768
52,337.5558567867208,1726,1984890990609405418694352551143360261987946968095208791737383558294147068781883774394267261056828124626497025492249611942900310280613325646246213406951537561566893362033216575824885448395183339642636574205700778924290908730655516735937758305362482849577004112463468160877496176155021189773531847918397560071353886885896365991125868173532882144553961769094028051749957858634807918831784213958412028962817333346125059730770934535648367848054543377374147899858841628162342425005788271421566313827499354512645907919288960000,1818091855590552882667746441835014465278472783474875891538093947865736482567223421546709741854618556452031751344937745505648653447497530243969171231156797188333921601788443197963245747548490124925241310627912791659977526969624688596441216946874009919116894760637397136975044556292627226696131273646400185649875033738993868390676893038017376682442494540906223984781445210383615460853962267551575097869986667934990240938639696483395584030766494381439716999712882188633254707000865800539036860697563045464253846843710010880
53,344.05359568301435,1777,-5999422958580901398091310606348264947104399476708112841220860606970010084806464920109807562410380546245163787456025358710667820010359139322794105790268845778247088287757445018267091370211256034031206246776397173623407255911999773105411691990130083643390342425185848211749961061371729845906349038999502221079914495238758484261050116036498570665699639926857954504211198135148650813644844376313946638190239798612359733088926013210055192622373356973273981968392586779889384667875204805739479903111367964709903052182469243529391858382848000,-5495265014977004573773820510468713928877720702046815847804156116788132026041435961809348778925981481203203743072426084401188456386239113154427072950394570736115588120301829407186255559500933524046767199605197838871587445350068454436091754451912173918917034127690612215939894740575535629455288917964031882265305946186631339676572070942736489864737536988527574131237525073955861140147193590458559674157032824467523160755910954049117890439357376798892548667536053537275835108654741097197500381056540182651981033087940102819024873337790464
54,350.55133509173453,1800,65561710731646377669801102059756789713173363006542066866558311349303035945599839194006798260626347615398363368890549319294027988142379247011689999431991431619987211251384408282455936095110578815361619415624240422399976636182180361674899917580895011222575980625334841607894229789593690703828013707752424850877219523581479463944259634236307433484748958408605830638188050085541647713433609224595886954131659152042672460733303525523813390977630780265302718351557306665890201357743757183981019457569086534612545637210215809457653750684347527040000,60052271325587430721424902539907998525604884355452411454765155966249374155397842517542631766187180358146708652980981242333094950479829162052801804411300592643017120948000271215061444863104574183369528328671274433131556950448212388915879591246399111386683877054520907960741202209090718708934712418794284810682669252092910877150591223605969110477162303776393747956662506917366629318175816968209915226915660464991899027029003447560478171065691760140241179242755379609706012804536681043557470271167809099242070451040218933242776214508579427475968
55,357.04907498494526,1825,-1290264613432820167968697311201904077824636136811074682379171097456559594235333819786093792174828039391764042168881628509212012979466890641918964207033723239784535230456738039525573672125484553924818978411705246393089477602439608921852724982152049491072857785822693140760745093745353371064697914620705494507082517258850995366926818630086096141266621429681166937542592544432443952656096580578081812096688650750183576782437942682992056335015873886622523115202902161815750794789003554805685512033105263612132566210402782150889444851800115075777401344000,-1181837993288832928201000747987107819260087709126907834149100147268033764896301682067718059544378858739639372115106046416712016829698369798136970750199038683217319080042679121296112641593046657938719716277983692664258724607831359123701970141468836763239307893615444685652270134622872088675660057020928629087982556619606889311250875113561736057668614748871731703292541600325773485053111988868496898753458483427973273733599649542383924552252680831632088402442588220125853928762566625518791777014588802849420620986113798466862426351068836995348353595392
56,363.5468153367047,1856,3261326231102206867902262824925953100551910192041109708974423801482784671665714517264169550893752076619624990494653324927636453941057014640634541944712765089266444526727322698860807162986856314888636906112387952593666500160537903485507381460654562715783958539208157440464546392132706925318820510822095453907250095580185519816923422261050754142676575065369892022888640134167670494541641392308235235849646817215712113285804244925850018185967278204307450907647959198495595324635041622246331355736862946395732511193359849489707693415472246122221060158029793664000,2987262619077283210916651043392658117940703492797234824554822311475247840065252172956948364970972953867861610885806075136211783504664173394503968954842316290843133264814844523797370525607360895764360487267308776590374573130081701461013299890883115873742411869114948132733282743006254722115428372152180326687903509956935796081822530889396557919902712583948665490290168668495034696456219444763632168018512468813278148259779168632537127260728066457080111798537734181227269967189359610206249734340133150039420726353808398924123134692105354448193721191263966296576
57,370.04455612289075,1891,139077482732314241644916995885347468811651724935980798036575260885426212985367786301815705643771420688894358348836180361491909983373297016674623970449994284169368516405147733091618052541485827044085803293986422198262517951295892196286420404017051744526779732797422447695397510630216107532126887152040387171103795372758262599620175616069356314221790722616577752183634227390978156638222509811051735943743681102902704941254657831535426694352076056788010654082197659312056362112899050227993869807954989521280646009676652246382746895174086129155156769080189538189813056000000,127390189107576131849040291196734333946154914591629916133246311203158537420241976124530614686977784157377042090792416335707842355157892145684492109326771941732562280434635596775867021645710593955939984525654573058824599965588314877808779935912179218118513271908171863224423470357414360508582325759696888711527240824621117871608666827678140574768429501296999096344168907302872934375611241822438727132947870492237429117363178870270322730393567154732295861682918491688496263864499159726221902272771315205334558428418676283726458683631132113018554319734134499554167655856128
58,376.5422973210441,1928,-21182619729752847466614895081184117285298358025470142041302074295375261064051373826710273446926448046735258558310813075818143159445155590954507360644549572116029021771668800167196300624908319804029146882364741414983238247321798864996629354089753029137845391135995664408987873799700618414442731607781126023880777248604334154030938495754513955375716090551730662856879125051280186172091969658371872925590061758596342717226480300662525144779077176616629068997280266422044644596486884155781902256189979593263025233175361502988624480879957748458034021480044684637999100972105323799040000,-19402550866993149407732318856483799186985504245703696271927975418988738890645199433404272088026312947740194053113083920397674282581714336081356902776768582380410861289289656857176304876015559553258422085866295479861397877176997268515698872125808736779124182834569187874262923804290975324610683705933792316641353106307240508230976845704663174872704155497622356553120257383884385126633308749176943750271258596541999651585746569496327827498143487343370445457411703448679957458417652738602312503492626740215609884127031731417039082029373540886090475432645711321348957652143461139609600
59,383.04003891022717,1969,32042510428669565329947819947175937520855431800410117522103205636226366601845239631042605169508909527243672753713351909745110983228334255179965943300901602216532468612011356147961859156334021779173471525118529166701460858227979919827206900296842520936852204651647965981499479382415572683298906169873374092110110678168069026446494965339896920144935283371655384918568472870936156592246875425036112007391352844674605103232688016182434084480924908884780408048007475878971317215070651608111851597901041854379296560249665177211701613306488463837634476716336206124123196239054625602978376033150976000,29349837103726055175213142711834491091107305615110537286313555173590692440988905271295488499366335774781452885812806486441986511918989953814053992309879127111420776447286078531869946233831865328334594634408604488449987330077098040887453474444799915362875681966389780260381396045976549790286764762798925522873087892951776384630351507905868711529074178058571022885862000800620872347771004767470877230001458566309784141670256833402876252152551882484293021766765889386118316063220207878128557477416164477217847724286888019052756829198667626679238246021532623584632425538400766857462706674234777600
60,389.53778087089773,2000,-61903489170155039998606257731377173272019694719577261341814787191997253164135353173863790572165903967429033537776368201211497792562574186220403811668888145267278948971453126790259468637833052108024954807764327699757708497801007928854439357180296918228042370867921336998368812085574236938421229787988359781470185631316317203681558176836460504192475980721023332588055193982606421626279187688069914653990741817901120530492702061009931149714495352184914367248979698946511756427977536388674915901306764789404077308067358088664089136657517219615439059903371462651249340713001881702062699605657893609301760000,-56701466239384103663595331716145826134603890206833457158959298028502954913295371192658603509478548276073515754004067914533778955790430700263525798163129579151085553378547671630750128662621209003070481335615955732632995384262056242374479116129645831494163461997985491204679168494162629968918592269065634333125422283717313188484032475764124618149642730222461596339779327525748710791164270057510242467578704525498323179805975000906979007345507025036699355951574579498875113850670823110215676475735895236528739611467477401012539100330590602496184646032194477983741117062824741376669343796669523198089143296
61,396.03552318479444,2032,249786719178038253472811261208186009387717045191178164732830222396772089334227527406882108852403177144680480912081628247983757762146882274541025433846847752569698814200627087382165334942753503145019681524817522612011616801071906945965493823510074719036454009240946532190986576509140686459284780694694981460779437069296665001254835032699126666428594712703966412368350472615576868612882211790348592008323696680593691540905790648349143594369082885708779199297575173954015379042286312546223838864042019460182701922191176214559669558309869796969039701178392933540737324894892154580848696702729672074167545474312192000,228796040649489956943398911485766445053577813309424764500940758826048599615413764010175439891829412908948941811107575504623003729551096876412678230550924118604508605039923277193246297197862668350482368482366646484034407282131361668949565271016785580196656835597559685097641432800519445815403818788077604765589455666952029208943947444914055976023567357641669335205568166881197912697612362850634425972869622941565365942993763798728553814424884686337872123500104880698280939685686027121241717862062547282621275760768733990284167601068031853727520352845210909209287006573106929685620039244712279346054877257257082880
62,402.53326583483346,2059,-54459626097171058342988074712717089419760610233995209078625383166032742104931034356680445610468509792730556210184219275084158145702622623167975595943902476988099595691727813959691466464043680627210211296387135914569061079331137184276876851364084276923277227443732431239423056771689951560341934992249545527905123382579305517190736704040914764691181896926800779578019322182298821877995784363755497356124359216220855376787344412340038978840209598668946142770195834069590862646844829216741653899355203174270219663893463036618406919632397374033442499030298642488852018452372251599879271614250154079819741829398415291955200000,-49883143776764471471926363842011102217985935608453499011413568365803742267212579203397615761642831136716273630646455837716416695192073746890738521189031974533885459687179983808544509352333288180150000745496208907091254898053222913004710494744202134672690260090354259476363971028455844290488704520444331356842041563479640655568399807812166093917830137163819864722378765649787029172454957696456705085540691058497226237506673551960790455799172599140711695629338268065948243364394886310927294926554688538392104431937130485058603704089578150237976858112127182106869877335461530147542488980364012153015080648813923210648297472
63,409.0310088050152,2098,24368300378157003076143080631193168950080344759905368158099919985058711935988406118271408845521903493891645712335386845835508493800156615420832719346965750592588381945067640319019020413429149950159045966728482136498581570558955444888496408774954154242308220915164337770752963998104211747433151671466370835971963440819390958501765874340081342608844581104231182658202476673773199866080693945271073526528535284525241482187523137054347727390086094746041466044638475559524482458258920051199504518860714585797911093452739491325752199130292662596229668955499099366090824578433874299261470470555183771231511616311196334286709020127246581760,22320524734967530139470930533422309965459838024516822683451714912208863043917200656635572737145013007637203088018995461683639368520532645267277673022096018861867173257957616080962995560470401991588836627682301521046749965809797375298317419524405180879328497521634452151328495275991106477762321371682984235482173084404019032004168238617819292620769002542893969451513959711148986510113515605050910809077916823538896552191992519343628928223156941633319323060756441064206199089573708467190610720519913075151788411762573564349247248076990642512237703401932139841303694995273528198647751912339843081559299248254166267481233460164329586688
64,415.52875208033953,2137,-14206517278622621889673749110591579580216650174429302491035423572487898698606161805632648351125550739942300217525566365270721488056303623712015634698968387271605015680777618114774594600246122167241161899590501232522626077980616274268065984172646903937448486951764642427430932314198181287616741028972143121306082053642803036764771231768670547117686716624467134181958283848955694169961362492742258938163372083048690953058840307264484457318151522870144424536465897351599972198002227006375712953532250654834618532020047779847115106829253272308701342760361698555572834455993458109542583548481533144185366714472784709973252504656023301823519978743360,-13012681040302498360486125456655851585423229239641565876944722651104912431113860808097502590103150263663804010235572124789900101488972079033816060251283144367222143715711016050524230563794972868032146678653629350470257439541387065514442307001756476720282916073043606569606936336624044941091229966357499991599724001643105184750727607761024436891278412706983279491287483513540562971202851834552411846711948223485018477419005324839087750375616382788110616860828768125204630498961794508229531709630309605726594534110079392161024098642802299412611416165330942712657137396165149122992046270842460266127202877207213771610745503302776578050690608012384
65,422.02649564672913,2173,795309853958252553102280363955330253115823785240455612159900386949694170964461246038355651458896623259380963065842192353062567690440328663529212953679460401133570705595642443547230809471463315324936727680471583014323764007704665581031763341174243867348131294355565338134854771320775603754638255627680234509681847705924109559769239618289783653837843207381237849278464940542529209521334431718592253558571847112794942444868773723987561773857578459018716874453868245531235525309601614617756972868751260681047995936791917589767244384778869107249418815513156743880508312374198426206132731135488751534493975192734537135437277484190355005513241139679722861484032,728476462935868079986048858393383254787051034670475976809791994006100312980420678845882929317850860151861027230952935387711923160174185266277987245496118531883393961274365356932788518618208214784120496487739662183817436680296362097334132676140490140369848283509073687695397650217978817317550583597518691883853930891039927344981970303649826244686800418193050723043759352877386806624076817288466534582251472444433484025126436313162241114876197354872412063742063257055588239652532681311291188683001307313796202761328203374972687643463076590037343389217977241382690248564751600206400289091735980949446349936197131568579038754884266812976899389486258046297088
66,428.5242394909594,2197,-20479207481215110805001339974021336090175332295449410829741192037281031663102092222104795232484231140253033280384499508532363212691033875349460687320434366943992727776444274277067089772603054578766170873541999892171114923912994440639060395332010125828270817802872037587648569826740383060682224038281620168358550557258538537013667181319108764775093918798668844622413922749285697981149145829648000630068463791060898107034987833017030053635850180834389474443775210074727447180075686274028395185922086708506289647245869049538422055309981420030292019857718985837990313989072572600329552765539602305762301206498032144619407459393799120820974920339309449545071524029952,-18758249448809747789198680191582513920971772982163535104647776859800235707028428062037673788235509838719556682647600552209605747141586092638319500196354096091403790490605041829099259518660364662449602898910602408141232224015386401394842945380286685640135943586700029903416077384170302501895355970509128045191793489887801105808436844390868915165523287696327169640086038433174172970087482838568063698615302199504178078986186270385072356341641148269143663983883528024978865308271450042574999709473348876744053419716632029039786899846678333179533955243717667393491453847243138089706919860497486499565261266681152976257284672627086607660687262597748786100199061356800
67,435.02198360059504,2234,2687996866196119725083505195325873427665059072560269998461276894330430458021099073023160652553481221027631069230716256364831134042233474931494036872533979282916492436985774275633532529173619252597718416734067193671044808984678282522442722249656502966030952042931876421752425798671708470833984609514710699940286475396435229734876228164254327374150158241706152820923606906380931535455383692384279605567762196314210880889978587539867519412988795899949430679489306938147146637528345049449505572549559840901953308110180616386058079332155578609517334668908830369130229114207314906044739422329567119126370590139708428849401628042427081725609742891263939941839724180147679071616000,2462112646691831481578366747361660779209318353772531720796502110542208690890204565528084087600426705385707962381727247032072624697009783086414756313043221669074529204004873943693940496747103375779884850225647216799250285012253700983006291079028041895968619028005953524439618546068086916213575581403364512272111776481168323859475705463350488378979823010774785665154301823492857747797802154438880023680070962306320298866511911957124409982547336988892514201521835443584277824767559437287817811664189528564293486430467201276587074741946798159509881011501570486347532040377618163366041296482677012399667480707160593484203330036584031075502263057829275321284485556237750044224000
68,441.51972796393176,2266,7172439815525566764759224974537186868158416857193299475006451949537940903865665523636706206366344236945590026263957313293940892554440296229231019394083149237828631998440566743967984784957917705467917771528906871053793711117913001377975433334239954270729445389447366494169838677574494060726496639469987780173755669112606719208581649982641376859901488695853195088885787488343965211231635752621424247766594371920934296432075997375390281949038312805539140870689942776750144434841225340537789608324925648843747771094584699462865006279568571244805491073022987633704375756615130289119203354481017472422496142959505106680543781712566309731622556749211275946075941825066597439165062109304320,6569708097328218903515204844717632428609978913338612917355750741292966194232746940657076789536446208680301659069835766002323246199197793205016325534837757129858410331435528735687073845528875622263507496032349368600888588362339349026654194133399457241267340914589692018579933609300533298189022222989641769914472773382410457049130425123829108544850267096265382639560363608077476067011718318699681714123393467892415786803580131694552008578114306762682978191385889161183220369186683084710368286066785045098414156770009866615589666411552308041864780424005126757784279133601740220145327789878995861416906246653029331323012193328232036402240198437113218066596382028802712715014457997043968
69,448.0174725699436,2300,-157513435901017013153989570154774155088588037311139898883657664129399337653010521627818349965996090913018393207807406102271192867925100552225123646341639420814505126408714531618166554209923703059873160202887337567752968747795691452779038332268692007714069243284104210056705059733302338282611529662045429206371494083416360311218975772067970382183338416717993440476243692723183402609383252168852121327961253206709377725026387959488771471793781159471312208521932310350471127673777583409456871543597144631965147554385882337578348205000235467674692192913680195966092941096389057987318299217729014330141332210909654533014959976746204009641923086698405763310587185966817508775484141835773483683328000,-144276887905970349625944529915286765804211914927218873435791942289147588026539331948475143019135210586426180496470058144623083763926177295794837907998163709048388397193094081577296905464113675614071990840667098271825147927149138026186834450698005924366350688513173427016857727647312870186938359111466973329161793761669556825063915896668738890043563231695171977003013208902996853163078792384667517081983990427428017839160140923937071301387263448763668756377469821317761144360589982272091978618471042333142862879608999860676090278890913595341395224418454294381158855759929735220333862697202414910440732588690692455667333394286900404929134106528064511763563389539253567337063653230869201486104576
70,454.5152174082344,2328,32360860550971729653034165858053577055380925497757514998574124662859029112903376620967797833224695251049336664636996122980489383978782199667611297870328342662593343317197877124569651700958445953340250307395868947602235007302573098576093123605627239615701958617229314905192739766702912201997033350767454978062647002478585209875944780764368136124143734141510219694813383119877082788967085259964963307047589914898775970767524013655642189518737252766469117473509828276047902661340076351478883264537969521580986828454530478088876486572696839023414246382997860338187630513320208146249692215794436286079722216973228801930981194326468554039703039479194406620760345039669608934273209669185218605761855984225280,29641434862656947462011437586743355768485337015169048261467438733429896048408103613226903625794614304353319950209078883155702163914585971487319811802388122717696323045990907729763176959312981224127029771274887639992446662417443968622871823899396604111326055291509083954147908555317515216836110736923153068601666025872011716785711045704844209651438183057019340985704221009175386575120126754884435982244227122594928601349466069136770838238849698790870888041751806332055736305551221345310240844011071756225944989025198885123357320908992226139979440306797276752115937882709452488514024799318190031329792842856985050129254053901506974355792502155150820730509317948204091106195231511320588690072520161083904
71,461.01296246899346,2369,89871891620658947925167091473323878094860704751224138192119109659491893895422019081347663726099811777460424541137754946983093929234332075217716751915183915582525936945821099548215449170175412387776033845292633759871022406192510368806886630204703592710120584847833770451449174483110330226299682196241772579056745556467024597877246027946690933722081297960549501548771809657385400964137376910769059041083386719330604015329663910370155205949109165395229919443040424957114523079523114035286115242923818050352541588647560328715962820853256517140186879527751170025869303877719959183866838184975056638245878407339268258106347762063537017983708320836711365886878636753341726965803458609303212161355944315391576425504112640,82319560608147504021797996068960104119435981896654494340356038033304982004885787816712750637254711672368306560684746840560690682384922624490405405486425494503905069775214300130468674361857733532521487006451159209897064359420116947983496379475710007662587215345792590543841315889958510853730750122423531040827634575716279173825613654339785416629369274774122528022051593751003051004462416296035089526537362517485697005089376355138432150196836753383005406876147110186955340911290657020871071683363642977840519728462120669069412763299390332830106408922772144089133459010440712197529188978227291191581031424113441776098861953484178415555700447864662737296974423828367477681513434490311425724675339414368864535188111360
72,467.51070774295493,2395,-5951410639879837936641480714404287369550177368843051057848070267243378329820485088803064649824193598862097380785706670663187702777068948962416154476265527774923012070970936383180541704723082465811119486336199831057050428945912865288592190698605755279874690800613323557335374877798748015030094630179144783133164799479653700301921128148520574518577835692384064398641148294687542427908487000688676820749125820067730682009197773797547217952820906301786399363273645649700164911656723859338478731278720893434656495164437852277426848283068869985600861893695973611595050011091744726252014301430326712820920122257226975816048082186022607336833898128789831253205043881124307768265830190362287194430742209045299278155780916823488000,-5451287382950158976044540784843531463352258075491976184084808342362295498802691764210042372609078154722522458950572309168890835217074954502989096382010478018376780105784198839844690327133525979211231698666860316052044374763150338433126059663621382600893306373680126979924685068923454092263484145547951933652148598260374831423744334384940934645822739510683398519868463737359753898008484454967062514267676141560286773002081117907070498709554103288462869201475135811755927820923833972361772221513018794150513934837841426782152265124398843566048356980894619236853416384379992075011297206534228682122645166411914927127634281879622547671535838851028202562519320182879932724012204523008671114589213369940448771469448517121964288
73,474.0084532213604,2436,20309229234237363032524381765646788519407615057291818115860675671900974432744615970478534008617362746021740751805239752884353480251610538443581517053388737994451199713151810389674994903806378438246191857218463619288784070409287996482983487724142740433028206668901387158901579201780941488085035123298475752417953377671747356625247257836770647896982348688500489608329036384368619413768831140129760945335116886870516460084452157381138270474090753907516367017825903031725142747612892433670741678558818790765737652780789293761996383266104516394548154711247827969875329317445998267555817779724851602884513888456698831718299614735268145615294510270404594446327939956006881509991471329970203930240933193564846091789907367588379933973323960320,18602555222819572968489541718031705112105751252135253920378718749027566862332683435905312363895766517580686762248191512285841600895304071867854869406215804065730087104208287361420647273180338005155292439077019654225595485730122196517680406959334724683944087273792990047561277317640464341462879934855152464217885314081905256209561530321402543141725546659828251717142587044412388880012289740934496600106308434367849162378164022443598451492359365667774490407541123455228633486741087275436185705209326459035422832106399886841418146796074073003083917700011175714918409859333009803916217353467800733589242108023294091311898900662014251849436794133349131087973294734465020412670890706390655424184288449975078728847514726892183974538007640064
74,480.5061988959248,2477,-38759177330024374225624255108939852408456518273107012002462448925736436113902464553059749424301286311477337021636139987816917504934369159957587305806990740846796759129119212262757923050834608818747248046986099494744878475228022621245111804140998427622662768295908316040666411176775847168557608213853548518813005434237428269365988526836596269364891690162112230475675109965472869309650453434549477073490466181653794920763052359630311667696708415411850594078020537267552354882643846278228702809087573515132436194273559259173073476702530209517748455258081381488156176476082050809371089050208245769336664336864682392796230371431066125907078141206185606296146673728754771070129752640514172033711223630829429214254679668207736488690582649448358332620800,-35502072892915973202805847696031054499661702212227280275865486183419582243159539391015990932537414755567726884374365774802396378190260783318084361432195131613430687803002435594605081424112782270327528947320062778154221304586020958500241299040186747051782140519250638796117000745169123487595056574790683642412115805640102159846531976149040585953901781225898803918625954171213963000643720147950704473265174289627744173870818057504447983181321516412517737848235904914138344157901127550445712889463396213835314262929076418108083348080927623411591404667527425993694725254335658550562525115294264498603893434994439793030839874609957575979897953984117019928041088506267503938960015478017947388363861241529784844902099212899872231109583974786149624123392
75,487.0039447588047,2508,-75180429569707905769756864688872611469894730418360576466942503441918518836004757627756486335139524142192177386655172299666589398171528136311230940894718354236792062640274037753731239021489394002810817926653863553665239009547110289460259601429374534488283364143845947660866300194825819809334857049805638007464894698698401879545321620063700541038355452329198483461429502954287570445584847814627175228128139566263615151288112877529298958510091492022074232713179923707516637393346574460823495789864536709137806408662901603962626143652595795493372449464746458197078647185442911509192797992818853345232628476675349623194329127307863959976192896494104659837902919270967593136943770858920458880723837056890478133011676799263519483791699758001919747649089776975872,-68862686841316067994616998407182552685583896458646237358575720663601751593441312215449637570738547596087913615730209284022308866179393612533107763809670424633857645384227525888050566117923009029700346481349012876469207701934660332465236958435454823133469170178698285258482088069726624624166594217882417259186174670060238613973306505921725307112022714349706012631073997976195465417809416144737680595355519859178079579769585190990400148293362561344398936324959938466447900934775690964068243646696322343273609292263299512551226362675493251111766984827373777030713079912643991670789746683583633453958099007689180590851727310657048796405751717825861701527184856083069789315698868336011342694525464834885391545050232173868717607137787019535352624389577293529088
76,493.50169080256944,2538,78281221073268559582260237485414793490967664288305267554209624723775093466535568306811909883295770573854330846004314108848024862601646982836572986274335743790829091507835725362868890628493202809789874276327767211070480484290938644864477517033024340530474752826718810398607017947247804356890063975498503868774318290107788398664210942980815481834321562944436863641422046520271549467874118912760349732263055205180330616681254491401577662417190585526707265810798336445553184980193563495709928122776698565238027578362893080024907891818388185335728535394899175285646279219164208362378858118005604135012970627031871802186423141749616904906386484344919590594031732381788254527169164753314721990435008047304591762719523441379199731596307959510065792058222380445279538996224,71702905173294674595165717074345479936796706881669779446246541691109870489983462192932248891339941598919715438845814312720770023773783571358206970572867334283891366723021928697953500317030168910095216493044607711267129360071740746599233660057837069921862277455054201561783919883327134847779469097551761648614687117688819918433390870347987984127745861128285149874565282689233097557262530905680799267384025646562419253738219673870213546600794505283286703220996915483272503623127689100014261932315319844007084961005533330251313309877306691324400618405551959063180588301851280189162033701185913714148086017285766640854476487538258686072345445475972670726445968318332632625214028105088258602946064625777007894507575752998065071290008892419242218189307267054164568196608
77,499.999437020174,2581,470388232333532601423353190178760864484811857073107796422063680202344669321880382219918465204936011549208574654540207547385441715126564760819962443442029472637236367521128290638505668472161055927931676797241223955363888162734502286405595579045789129336743988178149948742830352073996303826947986177558601973076916875243688147662705651822998570836662151662390530257903060786760772065290424617446006185058063977576804762802376100767329345023578292173863014023790086210600753721716644842399872109678697497397495653976617004555971776599849280627550593797992928597263221653990127402126212805495381457920923236453373216558322880179804927829843470314353449104434992283767605183013681350335264670608261127425535636662480069857192643569568395039239248996059542117691904273790864534118400,430859436723355934608531600276759725576573130278193732689328684942034105918269833999717096925300061387277331755997028363790499913937131526271963935932249618821555624699590791117396778053664463602139489549774796633408303767851746673357972099195564434068285833757527937932902283193137933002440124603609601808064146143935623401131398338868902791423937532179964179997731426439377929547426182034041814809871070604312909384370428999412972447744990869472726756533105277746541310240304403567916895672122522819965880080097611629132559607722151101009623575701781273021592268761358068557781170007252152255237890190375784436307747824006339569880599880560248003633816470463210264692633139628504305195560190822501470785715187230556246733511891165310075202639120800298284915941259793683181568
78,506.49718340493473,2624,5376399619935469197942030664470212887974646478982225519960173385012354158988024379780282654826982099469030879960625992242806026919868288467591553161342124888452602325306329249801562387024952532939285912960904525063542009232968257702209177113458996645448698156188963827574852417170348413449508642191349757434789779140374799243897247363794802351958544161109397592825584866156599313742679592670674980421581859110635985749103028960748614172280065995264088098967862472910306989323278725250793865849040078855282829022136205255289871808105138091546373638943379047585753835123867112002413317126672916444910949266980054263237787519029082108745386718635829549249344849502706606908978655301495320469593476812246100243623181653074892936802252549937291333071284290099823961213761063588859520158847303680,4924597072408366530746584226899410594943762693700820928106917453337946998173763158500242941526375543317343234031164504758164791977035246277400020076782730986351519049529007831154821128775581381094890309727529257881355718019314878694277555617034088454833584233783371906177024753484246815668171554191683704466727343830063458275081887154241587583363636311098006349228460916016440608151271368648021663060443088935389319260383674502635152380434613026905068783153521719696761719639928684807073671632197481946578983084405329420253903518367552170142799738491784968293642253622126368477607625468888922168883405002092582132907887965937700703906728921250043629340272710932844111423500874753896462379170025906989384960125197274865527544552504052400144917175078231457581018925315377776503068134858309632
79,512.9949299505062,2647,-39063108784512008366289504329151534019810211906729252984837648227678975568342226341094008951467217110999836995869281045729961074659171353594848097831257627917218255160778601506341201464807287986516183094687364720620771284310830875564105770739032703020467642295575727470916529862313250678375878805857245104104764886576632755356411265631605387459311448237304167163187968055478299125993860086469069945103799894194079468646380488285890646198128419741226235136333592601416194188346328124488473606335667088716081134406683848028925941510400271796588663599094259091566096299300452803056369282574886348740937022552998450577883102015779232483052647879801015503554899665442993440035639727669028954079252813397335978324339906530962888695568116747411386702389874163270228569533909088126976947526537743734784000,-35780463648214885407123383830982887916635037166775030335397873885469673709733197924735527734865282586617208660715768387087640441432522213863847233951045491234222847561775754042191635789237476452805055417254213651365814256443503066194288080386960701462377743020519290844133651301593239910948562660578310984471527988809000279545593734477176356003135951637844977922002604560507408370734705856535190652015665509443454351912875271577618420301354847079713492070490716085244921312412552382358116800747952278279890148588198353509772122009829237508880881250949423422932084331119268606090732998995769932886335839607181805756968715914498749397335261562574446141716981021919356943749298589654030710977600295537027771659388493229356081372133401847094704280762061191138980647778533317522377282047898432772218880
80,519.4926766508601,2680,355346009609456265363396785643613817163713334602799791837438052755773037378026178248185828525958498608707972046891398627440038607028740886832307084640495044200401466484672681772565489865266932933047806954344085749990620873961545576146029483134900485024812550561596193887369784725537233069821851573749068765064610065335297362491505289121991792587860246227023762570089112527194736068181601474290247447377076532531629694035218266470287832634341460126310984455872597898053550925155606390318518248508433154407402804649360889643682667183591128849734328861968775367022823676933903150006134173311219859999504050481160049776701645330093977572499224362319161280857312534543440015956544955871393949560021680080759106009397682871575951765993162861964723990175626579743495282714178048831021114670247278943083879986953728,325484718830429385947176877794896250655908631523187862170633400580354152683944474963535570454821064923546218958051951325338686610631324379348950318744553285421179347507304814886810981449538486014227681700614886680059023906795990993355611011626879088671133543811691103532171165900339487690234047036575706716113505908828850563253917916889960853097129356209419782416166103042589340658816587570743862905278821151345565018592746519153012519837857343051632399564275657400610976486008082229995384446423163890352725109852420024806023005587953175622764250677555203105420663623811439042497571942606813597214637400304316829113958256160202038249362464324126940875356778299933916706884112254079761064794959626324044371143592451487151491663394472505335397596717958930370553233477995513894285506013293791546152488770053376
81,525.9904235002657,2701,814279528736737577109668170002239382900908577707171333732415373980699064371190368926074269555763416549913891479481425996748111541659448296452355743449447997923311948313032327182166246342927375211974910164811637436278927010760397585705631687426753613243726878910299115599536606101374667280619273405324820591090761769897550978689536693624756570208331309331971221750307769758337944485088183014548409466880307116522156147596016681004644674264189545081571699241141239558582128785394465609778309462490679937615486528083391420007673386308573119296815339002450705672836796788014585087896808298948170692954502192720083471562268966644788221134806868777163187954989870811980254214748774681194353016921695998710194049383402302749892833496692176863306725771986281519990513490413061169592272185748122505910132608766754534924288,745852032365691720501229360614367264682503903006097455637269238404089460991414974975612090587053625889700840255426771909830823162434236363356474776356185514983601674704655576178922577881086447040598919961749383293932726374341239888613086997490431528883790700015696622880326140894083392682847778685052097893110419480094480041494580818128013204803309345923772627093503319534400442839579771485832444032147415144070282180687860519131611482738713446990556318402417721160831208597277209011597624423254845109895451669096492463856888870724164380058435034889084164651150838619923622187749984456343618002827432095671375407114297802942780859782692257327301243190293763655684653062987577625222200341314852543190637034998022189831206753485872648366421202887107120574358544406759542966664538861758818439909573961337057159163904
82,532.4881704932718,2749,250401281596053711232311498928787507863443007710435947459935969566207868641413440800429129758529228748796881439378379777142065068838170758520170188929988637376324633517594481824779659481026299245686088892869775310827847758409619847856418313937934697304598170647942302534287403644867198860411902856009224332849316197396725933644300862146436577423997836390980169294468074177226596929967448767802051625879895749276109669460611800768926423301261862553591733638922530465153014889036677253612348095167201858631315168067283001428365305999558746479837663311132052527916189382638923704709776454060897141649518541705806012775927332724487112950134652297307686725614865656356695279673532896259618170623000615890772401043855773895656386405055610276272015297633841612251219925415564054131748788437835451536957531076215182236780912263924224000,229358958679866474157671730819740130796920915441068725640401580639587683015151050673358384787246456059526333532366010877266946288558168423427546484771892882048530198452218988219985839583037578537480392875759152804237084044335038636458513559404314718393527913087374608520796574501686907658846391771601840316459321492674429959425779360044535858229459709444069523945643010130003786801572872386557787825820869952066494883130198008774310788189936588905964583973053375554388366047837477573824245516052238336189852913863095515081862820957748372839251878255591654776017319192454973537947465498121487128761868272988043170320950591671041563036183682634342795476465333582686931639762659586812196828861979753237567179377343692586945576797838847821606945733699034409527638533973232735166731042140128909937335264489839751613496770397232125952
83,538.9859176246899,2775,-17604273268170245806006205627336574582354995160809764065392009739020826858790174064856067900449268901728044409622066952286558527447549093690631759132537148219118421137206526222028807383795291862775264906387138961324737317337734081559095408237203502845920703410863817229518061066671977097028282880792939624502260610318689013514771795898506365130602034176385442575658331694844954812192346922649828927734665928740817025134703365153902094904264413620810000795079728725086075535732138772810906214569669522075138872255957142918595076134554018192626231545415255415868985166815362706593980456110640516759935216122583196810429555717940946500324016785236021751552276879681737689863903207328830903782631241783425594876749302694866523420799323560877131192668619200962460941867549855753884226823709449641295087999883796631264640573934175134669578240,-16124908624137692462161699917450093468635884114908272946927991588433299921231177252110901889442829321536582478248625112729928080796362678708765295557004042368138905658221272886971318943289096899165750289467765334041928203840814700230761832811740393741483586493628172134328484801816629831936308458977662872588714193554522326238432667548409777656406023002590163939073581963199021991740094476915371100715137163554006819204229652829970382573274853306010536437906771279821194723006008031235668531732537340577353780129688987252477884948217266839535971902317376827736670856947939865037577879949078647974987795664055518734429910390396001280135530563771560216894305134338604818511113755243198184026313190027937302584118526122600886923366938878534917194542393934769329245319264647412501529124916037337872488558617712963978402377493517540389744640
84,545.4836648895782,2815,-13317436713671436525631454772045608579645084079222193847636791688893118811702621970354242944186065650367308229926492110363952833662381104010886634659468173273959645172238911797032156220927318187115064507416092385532946643222496976063950825330732707614881437696967206196646094433119485666150341814233035805727205625585352730994502104514841466064801249625703322723248888308376441949884732319722390904087274640897701270035253152544496160829635407718222580831325561321666468228742596715249780968585865084889695053543237598779477429913312901406192876211596131998389241018589925595258668831460549133981439481934763974533602792245351435580071620730134407717400490731648115714717526485693591206740612711386059570554553226777511087739422341382290578788387634006454812641343950384878569648925493840822924742792545435723803808218402621021271203512155392716800,-12198313832355568295482179564524357789260059011147596688199064663764080311118529159815468711593005961206914845758750830622759329549009798633083671023971520904883688246372072123173825077333464939592136929176320703191100385746634173127708047148369294771150972771501712295681872718371160793622373927250359874848444902234300748831348234865722046887323493712215961104905713376433662287456083988447628750603869584929279341959233412638966801452325188426758886871737183642217395672305334585030995738954309347861596820277677073277688061643378920906291755951375154886284913850789930430395372335069504139616810560177177637183964955040276740958855550312077427587347990079370705487081529313226182868864012548770373399769610154071882393605422713410802628441581858517375142941278185486070636879914618215101266534370334794512752107644490122606736747692658724603904
85,551.9814122832277,2848,-136217127799567397844914625507978550619548648534994461175407713705219806139348139107101127424294554866063029259306281884711018097566841688247691369978840705720808586172503165250359205022253268303379067469455156433171434377933522971699639811574754978552607470323218474936856614912243772172864041170001503127321269849428797644457795995986023146284263542952914077057551739305880986449612000896607191012690442058259121851323369922691982845345010894577942739298128940400229892336249369423730798730044389135692378715489604086604296771402384423785626411015228206274069003355527603972511697487765455069038357952433860882597333731041078801971319606835546408018641625198658189798854160472774863415199499672604594503839598826457188777924229746761517495580928034101661428572194066100171732750881723619629322430126688842521476428860539086229551878191878885225101709312000,-124770202402044929732257930476742170726888455709035455309295376305716786541446865037344200186165550826990556488500107841632778234558910135286294993814630988424423331245446418560243813096251218254735248861572762462635071143413282872857513123010029090010285009976327118936576172540496430082966972943971858965756785204636728608442715065473899245150350731865313066790098202876785730542843318398028423636309788074504540347660789647344270717739658175131790130206321107960360741008290693732770827776931814773086498900082272459915756419109978425970126744201584304089376589332701872921938994907775557948366986768110726939921620238191343770808615005115827809177789614711141909794793344666342090200489985531729527528900057563714410224204260536435465324888289177735136784312208107601013765637874539091870882767589911490277941522319262081337185852076748151314675442696192
86,558.4791598011481,2879,-279643064845256789846756504638702984081173256718607755640756765817029567684246038149428272505331419555501119243661756349303380183091654253798948968400436196695308843018768343373186821994580564024854720627986206672478916669339972867908260762176444924288815448008942457968652673514284131105163541277329582869352967779748446405728973212033645984193129947707249987198869802406314107669311340283429943759591636670693053467325639842642872177228874543291052264325470667824358421318615413979941564044675526597561768162357172308426888520690055447955489087308056168871739462752459311419105164112210459507756988772044105335734518689386625405018935254447055926626893714434235666957596210788611634049505695761825617290949689842805514307781864957632514959484534172226283069587238244617662394657031209734410231005623349316322696238157709970198972569665268101483297962352472128332800,-256143426048524222113244520730473160208293250074120441282796809380792104501311940154771149284717363761758402303935184415679000000579928454621413477542257760977559326868694227086951072079067156150126704317884792548958385986141260453015601403376527660741191770897539031577748325640446433316241839782334945076759344783365151851693020784293764320615663678239982900020954976740471692413249535033473692948964842791088674434534888889699798442778275773415422525811459125143383229003381718964634620545316306944624141958573229878126664727843111119541484740330650494103764427593807350294168362283841601022056028396519571496861153460517045246450268166743382754340439416835806604707254574559179743054342370330212807693816781182817384700413890739792209429117193960010425872711081702069777616225554533652931891362185262870415876756233577370965571557400276511195283780862916853868032
87,564.9769074390555,2912,-2488519948675218712510513705972737826207865005971288002580235759063595090623476376962428485914235084311712677895126160652522865192390854999157561491446064154480683335469777751520162282085306853928300502017606413027013396096841527396127410145681847857065460328512351172078046586914508914119697128026003434335873523736913328081285175913716123152544698377727193821001903049827266229126324062493159202615791169972562293084388591023382407974205354310681102365433736176371141984274400672834772899942111721563410321764960645388891845701775348991868810270185904267958588265917850849529799345724730056693966277273818779397539238206511119045596337640860143760816795082880183793320469383121136596529955095378630542454246028225611853279071983484219157762835726427209878548268747277522930781596788782673795617434025048388187168412196809793019917322605390745832599958162416763457142590720000,-2279398653410159275332562669254164612816149501845218265448748892455107746368987287745882509076320111507416956788695659235237029268025609217829880671434756672122437743571314211492175220705523507915239329258296323515360813543874156400060570172336297591335928918926374606605060623183519746514220023728598011590461929738161419529003370630572766599498875861270330022789579528780160537319704289258106388010271177557065174827039816603189803852234992203593106167622423749466052024556951797559801827691558372632517478469645294538601718146622530493537023796672726166009495173554393543573728714778248694055130689029931833430426437363668476912062320444829938165019798214230034791528577932042914129020673162574155287671095280992399159227883422605760271083098167501164839512949243808313365931099111815476514728770570295060578985732063493078905862925393359322140141517049453832813453874072576
88,571.474655192861,2943,-5655217705207671129826049614167814116541476872347873849875886145747996539408146010797395286963398184034053096941364386056643927656966724237987372992338738768930529657420522544963724348661247759688364683284711326434964084453354358575111828284937079762353543864697344464165738270083611308630277497101814725260655878864306550273975420319048199854039007114213622924015990158754494932122539220347776532579583256455346805311457784894300860887009696317186183078958199448091872567556205642173370742552128809945792511866018733967641668548869821117446922622362141912516865770419319941759651573145241223307957047009637723139005740656460330856809664862629100666776880945187060504894522917556514039235012210155081953971758576202804560483535460522151878474246641460164669359532239332785213415235337091998238687292935956003779287941723982297415497514538908907232585203828275504568545963720503620204800,-5179984845552073491424027263998592381652581728594573130205316302961376545104903632699532386186462793872222720526235853133074164018933295403440711377542876066115430173403676661681548921177708521187951083332483348145434162534437299347700462996625157090223602065743714138353990029715052214989504883688873559448915480537690751076761875287648334852828637602151003489813104845593588867699690599139416658460206287798671766270565745975804082741896690278939685193785670235040594676766239947439307889344353950184067424883963733319698946931824188228177607123885033767164451466050178113785357974062292872211951396751912473537271250249887134921151779125303390065851702254770223665274580331652493742612642754571580674427074548448135492616238355797635426334855319105294691196593273046997202771912687237757603559976106157306330259480598145613647445129786452097389218039360542117524332338889801612001664
89,577.9724030586589,2972,4212288032713772846664057961077088062394589102252997022344523553572864498321863729412648673085076031992764849030507645724081522828336657749395788419424116779246580422349828896723323215650300212173470258221117851990995414429760318165652304252062514919380129646612308260617408110142825671667109078553159560160930960765054749228537996829737956066226882389337630130783896232242427750619921133361152612639181455325292190903563805313057222589156240751522230501029723953083465129952254334944527092659804456105643703821801745134364385483954952341520644749193016614148995427325318594935653765774269711321863518783805746117210674220740218904206611691305198717854375742702133450935550096347332324999266176416603804341311720487163069896608169792229252261310844789557643873140495007254591230332236550805639228478386698136466792066889354290660060524046975510424114765061019349844394068914374326663971778611200,3858310910730259913759543102081743619958621622289982092747409924311851423325445962319734742832883610357885748321853463698784882730839197152647570348414827225263601934851625314640566460901748800495142872084500334013560004867396406798548377527658703400910636959821977815421042809337918308039691877701738153974786726678805949707477010121087232694751585323786667663998485987605903322819186311346432073766952398961318900026814484831152363479898479194145124675785157076447882642713271070501356946052530886125580643931214905443562617225980617430863183797314835714640800837306711275517079116962649543772596085660432259168431824055975006843121217151901124609462435119978542715286939994652838602128800742372161385180006414950375923434183156499307172752488474562441687915282546605785009295876739397069007812577248520969717912229754860917627058237693197531901856355996224527913107882401909082985797272128512
90,584.4701510327174,2997,123655670238668433843653660941904653074518506042067605333051960914403628310110708238997468916422159458591038391352299066844404656392116113923847861880603632115846559925961567816360999985262171477503752332673700143597416991355888294798599211240258441087107898059645942172621629404251842777087936595636533268959054187216011242741507767621337866898512489361687893500468828789390112542289458688591691757982536033484900537686487503875230859206879052680493559059970834788867520058708789022397905076108251632865016352882906866521692744273252442829891206916600437274507028659267298663570123433216758394659348444976540156532387929664636787336759989555782653529606325804111068463922211404615991113749058850273170498108596044893056679439313597966260243409196534793802362305401418175097018728793641403335207568248970954453629985597385502912960901534182059232335648790313573387118136750904797557720661336987404738560,113264339463544189860265597668642358144435915995045331267377348911366970233012776519201208679624544691716064511553528654961056432860193064278245767682974645465214422058713445480401747898219162802589677601005464465635670515940790848306204905823688611323121163906056202635098581500975385473328163595588375278066419513770108660958433303430790241284056835240878356369699786025407361258851871526105268663092250541023821229349837658244841623516491736279787876252720231472905827427632597626029209038551562223291959548222902756645023768165957027981346077194432118465899895287525245488876283154317329532339557716611617175761530772923405833110514757947773179427528539934481802436387070179483846430980557716633287381642148173022056867352727437968367533063753850908110917745556339681181275698277316729578928067400362601991145737483878663230651442610082786955025394569423971707884873539053640629154972132346453995520
91,590.9678991114686,3034,10784665369028044917546493339795971999411253179355734555678406224616521822541394518269729098096219232555133318274644276175151571104548312217892891051876331680565203199116836663561531471997993654542300774177225737802637567146037587661290896879497991610406748491322247528784982043430069849506842269100979173302953379471047807850177878832160471778742008176745980019792832770303640132965744320652606485993748173044168167516110715286721042603419912779401337419475498585258446226261638089752354095659678574489041036024245300149207878786095132593807718053134460750649092363699314500299368357769753237076753428219952915682596697777392050726596161002672761178918185684797671132732750756616594658998286046678809174970729777003451397501214723023103911213974927056390448912679416126917150211944590669250548495064514459199692528396767489069147133454676689019769834276765136684258273145317280845937071869217924417603283511521280,9878382422744250139951797058785095744776654594903553171626013726322753593903829719190057182767649441401784097968548472348146190703504846508446509352399500616640751680701979525851251402369311649267793681071341660914561919389837592999987116048189579553331678259149986328233082674479196757422019901800006531624960179193419854630839148634354360766397672987644424240216300807694030851130822512269452974747082701897659157239406110970502228230156499264331587299887465655475311117173730929283715219845491092171886298568588931844775807397107684864661127025034155193844476558553734879222128087060792516159928969531451806086310552230413062372795604385422295062183713647312441145986507325053467963194200599402759980337658587203550297281671838902163226371748409899965141141932577896311043486172638393819431404127601323062675245918100675467677676475070447182853709054485613236713639495592541081525846799510259994736588666095616
92,597.4656472914996,3068,331941909354781719287645242906952417137622777907626099873034066634075137444180641510178037375103536788613320253969678448018615551495277071159984338814817141275258076120425962704410794822833650436369270053365153337638578117161621962761785426675520157782755520020983322873433549588817212729709196214021900870576091058240836435110977206402349680732665027746050108493798037207032081338693193439485749669320589428520929010364911947733377298823134936829134024111059842828983566018210390254362879515749274604153211170398655134593590544358426423140930349250306772723020805232524887242163790155622623837516032373843978150574083743501053245521953326837212261308803620047242245998816762603856046625898660791352566625354336303033768726213867755066549245064877918918680206343162365908941234266956817629768566939181232763728012823564732415565830488253843851111345568875463678300773363496585269798026342227642314405232322454982667590400000,304047368234473212478848128616841865669102727586339364606133014753058235182233549168812669800234321440365411345155355049991707289828774879780460183978124797967119917775972082375161773883292974571683988590470829834191524078424780980304394903017906456550596965078977709005875291634623450283602298619637587542539222450166266694681105536940420445441745598476375189907200501891644061955582652731477833051463664563810805919789448378415339974723876877568230386968857564100149379910579539385462506779306614796828260436440214824423379476163324723333476998108629556142503482030591146987616496037210521740586373058714477472897807212700438027770583517287328806625133809702665882964988803369174737154648681333690751538290001903599980221796968438846026756929519993818329501503736731252927580491019965978760781763575934419247536838106575048236519961246983218296267507213825936677028942939077550280104754725751065032131179199436165449372672
93,603.9633955695443,3099,565682988378213925966251566608564805221880887913143349667810441627825864429896501823482394866103474002956134432259266713100563824431965476905784209498677897952136951770250402193586708386427960581554428949368481348364913104954595954436654955279885102799043232236669472993372041883006719186211131769582500999191004707157669822584823846712293003796460863084047235283920559166684492273281658988796760233622173244200381469516794567549967547679465130491866501489566385378982787721206840942283211443288817262604471511309743832080989706841301416222924852136845475930378916462482878013551364057187946563290745373443268866469269263388090942062568155416303832713071057247132921319827327838076631974979616538725164871600488785179826876717710691078311347751259970044756769553691180152465867521254230837324140889906738948836487968774969687633882140544558413502438416081409377760371499723357321262816270303627375394622757557296354870955063821107200,518146154565795597390281439083972124679708821830961134598789188047373779081725253123463716434285969383932744966594448824362435112968208912656185334969882446428071394108326479576719495671261445321012643018729653974952095299043204693968584858698201966901401798175088091535102231010754889119964901361840380387628277535837324896922731117034839890085851336625475621005949326092092271178198586542138166146265405285756066537266134511599242867741098781154817480434790939059141248112419946444338594221369773305559169724426873697535475537908510596628782931301022504365950554493728578520447460697865147362134207348533642713830453498922141617709036718809435566975495462578151990114360169449176723486441121838009603891808826792264372903895559929725991102377060575156868789889363229878093861244190172278289792407760136722183845748058307698643436929032148184434133800185046239038177261347694297100429127196006252775839402393112686186379927807180800
94,610.4611439424756,3136,-101334947345026563638606158455024931757893353717365337339377332754267209967027561005386302223081725643728739940781327690685220799229552116975713276680675568063791168792576517120931265739701092279721799406095102836887768817300982216958325464618062640666890158848546737420292821886688053260911344274557736010632495666332228355791670794213111340795969037691849481088046369521023171482369940643003875706945210914630494810646388309522799928359414072297200536213289030765638038941229916858981674232686054564908287316249582905763283193349372919422883223706946980071278947069190467288257106336921453091371222052675163065734278400057747936837941780063707666115397939674072759105333487716919550889918613002565873658084165697567828416615826011894067983485183476997596453885293216725613950018278746642575508252881973920350164075020016922971145548078766073220744764511720362081383588371456434586086807300990856836764677761963789927437354944683131886181376000,-92819325255804458868110408328710148845412053991198572023764741226627738554584575803421045882041330966921711411151631325167080594999467463287758541390411662173201458803823519646981236840166780244181108444213348176892335628511016688376781779181498373539441607428949361326986052945423161317317091681233308910181830799929700583604581279542703571236677870281522152209996102267310741818771151917317241179236221189510995935094119686891896327682214843248264780150606539916304181773252284429706743234910693820146124846796070235546326670463251854681655510907833050693080960181034552294905959310098094385280090853518702527933273810304692129390407908633348195102821489110878875028959309002623447899922991360184608620204857807292457002956704324360655184416853454916474278289581036342651499294089849211024284307541647982868867408899540219069067746658209705777109940178104961644212739428264767830630040140323321492765714104475551869174506570778746342987829248
95,616.958892407298,3170,1023561420694547144242748740950128879333828084074232480737270428696703560479691850337083674498989687289148994310415872695809267945270875381716730165109485666870607637751204100401682901739188145285836072086637581329105414134241622159485618276676617732748046170495966537629598677485814021490598647487934531817405929731191148115272453461402995214681405360890246470793141057323513078711297919494041769432639826446127914179084975255438074561853203640839943263496505907922103723753743427819199651603399381727194227568700565365777848073884046277970034141977192081767271846271412898730705221250011887066252110680520566344956387987631980458951072870935175513384897507746944025496766977373177730680456932889999304254774719130039318632563940425168949194404518827174989295060453219952159848778147356166884358645261518668983955978559375919509591059188379095726378834697173018615611445224893876715336531458874003890573733887793609162757804950518395109051861475488972800,937547044883359314360691342790006775870565474023843854749389287343153899542574011117518543377424928150237077134799229924682307846073046521277859453130434466018048481334400054745231950454596946097669035050803305268814325538018976610109837796039534432187973180928954889013546173747733790596086869125225256285342026837697443782359688159654547810411054736531784524228781071450086009696447005686906214265161986815905392431513314873811662027837956879524993570575242265254264009133482845987845530734193645743251941470581827260635779846207304984953389268173773341940646307873733466865774200233481327534499637105761806180257802122581348295981725728334342901262611921187681249747481653898533855380744281618953250795407920005243624365666495935628304351667152340571340815307862351771597335220068526755474484023506153339456588869809355849699750337059978991834978850031061206030330849393207031754086519935597673054847224284878606703644447239195652355092820420021936128
96,623.4566409611406,3199,898801469161180617015777496601695613943063254406266155164812678790820476154236282717743822687676645223778953244205983959304909530805551647134097734687123670862336465257882801439186053536050745070789530959698131153871020214628301371298743735714457175215784642633412497333184217976313017848438397916329555556455558201527771780414160056245830169564354523373167818801478976296609724354429482258578528311857939747121938162722636591086125084698375414058818908447968790446205604529563830984926850565362921843311943454903397641925913147552892811824663023420921073857118378037075789326710893414241642603074317641164357455261730089409367051917652019920890345630390138666905839970246935922332713451429646475839498447479996110581669264737548624701835297388326626714709119886032680727595433778555387141608541806249466922527189888760506660752449321032540447906869481030547576092049545220415865555593612613619592433765112938399980641391982795947040843778135752961495597603790720,823271221747578196700518166673824734503567035891276436037077083102068287515856060159101787769084114268131352446466985375715784259283738007391037408356314692232840348623138779459913015771242539667948975632131366544991737276174966802686472795334719799946073161847580853158497197343104157961258080952648620303754853591379766408976985838297756868464740196722732392321324523938459595555838720588744585030512428161604012034280895685397810133843826829851127881140388275021988184340051342050076745387599145350629131766104517212656296463047953884873847103164385448995175616661121608798884069925217289819279579401837552943930001710254956141472352792556136718388106571153311914703554345381896133884696331274805585368336799263886772719034462224104155154034883129433852237836335785188277234812973462073115251618209946939400805665601909157375962427514997530360963088309371421613032958946814708181984895374496796545704522433580593754453417170254093779459894894018916467410729280
97,629.954389601251,3235,63229691971032877215161004487854005270302368509962231249532409142191120924813005112866401577349482738394444770056081612114994249378424491693755346644918996056912603698337724741643841785718830410325366246655228953855304644800946997922853477940391064305208337609329442622413926944660565720487589191959392195839755920997862458301922301346120178037436573405836056181570324434527995277848923398002059515099594671692257965363455998858748329096188140628408553739152592201953921710691085314564238277805834766619651413668673062713706901252911246911436347388908594112419298550025621657497521544710068703397514145242823833785257714198459013777209147527173627215512613163823345821078837319078842307096095306278812776792389128009175974707083461312543146469621852185713118883204111427086093449189936658711234629270835699579456821432297485634797515708149466104487140248462569754794245108497209316666744182290236455228647523768259198219589501316715145527405411301211512352513499576936960000,57916222375889663905226433743750977432852892208843985562422477005856832981241392819012988437226458998025124175428950527082116645615941961458306918756144808012870084043540309663124789530367929694812149709912299127201860399379433747581511335951971247085453126909186090449427506819118203326570707098382908495120522021320641816312000260266466867593685049100324431239804377026778950838691815304541687625746103772312121325251199744635336706146581751137043651891154190897681255164939330496872857106523328076432022255094151217638442864826742501824681007249334707890300433794865713844924333986614107563615414721381726201659403694607746058958337779949775994940366078953949438150982193667991236106812879072679207158760366601090793765745950071103352125175611028282607180495684553637609829089975922457868820401991706426606206422683738725271792747019546114770435855014043968476319533641817634085599271488173127196136864891192317356306159888536782587472176423421633776589778625327596361728
98,636.4521383249893,3273,13953917298402039310751625096150022035708735914237244995130111716756018384584509207726320718885699428344170083518714250558682888837500768632632070097709713120254923937418332859761501794609374122705684550928882206793239892236765641221719824813835524203512179399224099432858427848936112066851872303908636148572413611640524223637520076661957260675765053781692435278041492005373282525754355473139371289050930882273280583932752582994653951594240946366788628970934467060321878080537622306366957378448851370536241921373871548609837868644382000737310972516754229464968604165165958505863034266085509618816488357520368471477988925214930072062686822007105328651040554490104121859661418575955459984263709614031040708585574507783626258553471085088002859048824846141953946673273184431670103777639906545934637509528596561111584316204762217942489379644120105419709707773772838846815506054533478381698514084412001785300356677531029199516506731439552769106407338953252853212075966133200568165059648962560,12781308149330598667860166279871592659459811601806734244719634065595722182101068686690311057686792603180784263684558365632913342631768121671154670286681466345807627262145869796892255874283380223766368456877400168127346145378423114063196755220935621944923752333327795456736261054951734539082226269316616505968010021922959594838288354253620243987991661571982927588789807897455728645764968718226807856444357406137587315008288351934104663256178440301702963025053211636850651123355194068717263556029948435390282752466831341234297622707037930362715087083444581225410521702727559528368463255144914714726621293595688272290152021654287707789041269119421015319648559843230425036378849679263426284103988275840322601766045596473222389945021428100134779273734311832233538414485381116350109698324318986948772828757179239800986091497564830613061305768736962825410510618253766889861063519267880544708809136324897754573470897923076860010270172646328205965897987513475556592311512591822036584203384152064
