50 3 3 136 135
[1, -4, 4, 2, -4, 2, -4, 0, 2, -9, 3, 1, -6, 10, 5, 13, 9, -16, -10, 2, -3, 7, 17, 7, 6, -13, -22, -11, -2, -2, -1, 5, -12, -6, 6, -5, 3, 16, -30, 13, -5, -10, 16, 1, 6, 10, 8, 4, 5, -14, 39, 8, 3, 2, -31, -39, 0, 8, 2, 20, -25, -14, 2, 9, -3, 17, -3, -3, 36, -24, -17, 16, -29, -7, -2, -8, 17, -36, 15, 42, -2, 0, 9, -32, 21, -13, 5, 13, -14, 13, 2, -24, -2, -30, -21, -21, 24, 42, 18, -37, -31, 10, -44, 3, -27, -5, -15, 0, 7, 15, -7, -34, -22, 7, 7, -8, -13, 41, 10, -38, -3, -6, -4, -21, 41, 21, -16, 52, 21, 11, 2, 10, -11, 18, 11, 18, 7, 1, 8, -26, -13, 31, -7, -29, 86956, -29921, -129118, -63782, -16612, 80483, 121689, 143559, 56011, -84090, -331280, -12941, 34006, 135265, 260238, -136320, -192148, -34950, -9509, 25475, 136997, -180749, 300054, -119162, -314332, 167328, 258062, 86797, 68530, -78910, 72329, 179774, -669105, -216774, 8236, -103209, 127300, 49792, -348274, 472201, 364571, 249790, 252810, 188374, 87600, 141674, -859267, -715387, 379184, -537316, -260553, -61522, 321457, 277035, -17299, -500270, 855038, 581130, 402309, 375343, -23183, -641387, -21725, -323869, -412666, 382234, -579823]
[0, 0, 0, 1, -1, -1, 1, 0, 3, -1, -2, 0, -3, 1, 2, 1, -1, 3, -1, -2, 0, -7, 1, 0, 3, 3, 1, 0, -1, 2, 2, 1, -2, 3, -2, -1, -3, 2, 2, 4, 1, 1, 3, -12, 0, -1, 0, -2, 12, 1, -6, 11, -5, -3, -3, -4, -1, 2, 0, 0, 9, -2, -5, -3, -4, -1, 9, 9, -3, 1, -1, -4, -4, -1, -5, 3, 14, -3, -10, 5, 9, -6, 4, 0, 13, 0, 0, 10, -8, -3, 0, 6, 4, 7, -1, 1, -2, 6, 9, 3, 3, 8, 7, -13, -12, -2, 1, -13, -2, -4, 5, 1, 5, 8, 1, 8, -10, 3, 9, -5, 2, 0, 3, 7, -6, 1, 5, -4, 6, -8, 3, -5, -4, -4, 5, 0, 11, 10, 9, 5, -9, 5, -9, 2, 52, -28, -26, -3, -17, 7, 1, 28, 3, 20, 32, 18, -5, -20, -3, -1, 7, -10, 24, 1, 3, 21, -9, -24, -16, -5, -19, 16, 34, 29, 27, 7, 24, 7, -18, -29, -26, -10, 11, 15, -27, 41, 0, -31, 61, 51, 19, -19, 28, 17, -41, 13, -13, -9, 28, -1, 18, -5, 7, -3, -30, -8, -8, 10, 0, -7, 6]
[0, 0, 0, -1, 0, 1, 1, -2, -3, 3, 1, 1, -1, -1, 1, 2, 2, -2, -2, 1, 2, 0, 0, 0, 5, -1, -2, 2, 1, -1, -6, -9, 1, 0, -7, 2, -5, 1, 8, 3, 0, 3, 7, -2, -3, -4, 7, -1, -5, -3, -7, 1, 3, 9, 0, 8, 0, -2, 3, -4, 0, -1, 3, 0, -4, 9, 0, 0, -2, 7, 0, 10, 6, 4, -1, -5, 0, -14, 1, -4, -3, 2, -12, 1, 2, -4, -11, -6, -4, -3, 0, -4, -8, 0, -3, 3, 18, 12, 3, -4, -5, 1, 9, -2, -11, -8, -2, 7, 10, 2, 2, 0, 2, 0, 3, 2, 1, 3, -1, 6, -3, 3, 6, 7, -7, 2, 0, 23, 1, -9, 4, -11, -1, 10, 9, -4, 3, 0, -9, 6, 1, 2, -6, 12, 26, 11, -24, 19, -4, 0, 18, 10, -43, -17, -11, -32, -26, 1, -7, -9, 8, -9, -15, 19, 30, 14, -4, 27, 2, 4, 34, 18, -6, -24, -16, -16, -8, -27, -3, 16, -15, 16, -8, -36, -10, -9, 10, -6, -33, 1, 5, 3, 11, -7, 15, 12, 2, 22, 22, 36, -13, 25, 4, 7, 11, 7, -7, -1, -5, -8, 7]
[0, 0, 0, 0, 0, 0, 0, 0, 2, 0, -2, -1, 1, 3, 0, -3, -2, -2, 0, 1, 2, 0, -1, 0, -5, 3, -1, 1, 1, -1, 2, 8, 3, 0, 7, -4, 2, -2, -2, 0, -5, -7, 1, -1, -4, 1, -5, -8, -1, 4, 8, 7, 0, 0, -3, 3, 5, 6, -4, 6, -4, 0, -2, -7, 1, 3, -2, 1, 2, -5, -8, -5, -2, -3, 6, -3, 1, 8, 3, 0, 13, -5, 1, -3, -3, -2, -6, 6, 2, -6, 14, 7, -2, 4, 0, -8, 7, 4, -4, -9, -11, -3, 1, 0, -2, 15, 1, 0, -9, 9, 2, 10, -2, -1, -5, 14, -1, 5, -2, 11, -9, 5, -7, -7, -2, 0, 0, -15, 1, -15, -8, -3, -14, -8, 9, 0, 5, 8, 4, 8, 4, -15, -5, 5, 13, -25, -4, 17, 4, 6, -9, 1, 18, 24, -7, 1, -1, -23, -4, 8, 17, -11, 8, 7, -9, 2, -10, -9, 11, -16, -27, 23, 9, 27, 14, 14, 15, 2, 0, 10, -10, -5, -11, 3, 10, 34, 17, -23, -4, 3, -16, -6, 2, 8, -8, -16, -14, 0, -2, -17, 5, -23, -1, 12, -11, -6, 2, -1, -2, 1, -1]
[0, 0, -1, 1, 2, -2, -2, 0, 0, 2, 2, 2, -2, -1, 1, -3, -2, -3, 5, 0, 4, 3, -3, -2, -4, 1, -7, 1, 5, 3, 1, 7, -1, 2, 4, -9, 2, -6, -5, -5, 1, 1, 0, -3, 0, -1, -6, 11, -3, 3, 9, -2, 0, -3, 1, -9, 3, 3, -1, -6, -3, 13, 2, 4, -1, 10, 3, 6, 2, -13, -6, -9, 0, -13, 6, 3, 5, -2, 8, -3, -6, -21, 0, 2, -11, 11, 0, 9, 1, -7, -10, -5, 5, 5, 1, 2, 10, -10, -3, -2, -2, -3, -6, 2, 16, -11, -5, 5, -3, 4, -3, -4, 8, 1, -7, 10, -4, -4, 0, -2, -2, 3, 0, -1, 2, 1, -2, -12, -11, 5, 5, 2, 9, -4, -4, -4, 8, -1, -10, 0, -3, 1, 3, -3, -24324, 22668, 36867, 14577, 3236, -45361, -76754, -51760, -8707, 55531, 154992, 41907, 41159, -86041, -102026, 6542, 32397, -35006, 40136, -43925, -95080, 72826, -146482, 147797, 79794, 63500, -38080, 23220, -109521, 51512, -55888, -93020, 266044, -9043, 63224, -129657, -23728, -62617, 173170, -292162, -28601, -178386, -96205, 37424, 92954, 172511, 346357, 381358, -204402, 271764, -147780, -41133, -362292, -266696, -121782, 174840, -242919, -204644, -160010, 46034, 282387, 361656, 242248, 196036, 92762, -376441, 108836]
[0, 0, 0, 0, -1, 0, 1, 0, -1, -1, -2, 1, 3, 1, 0, -2, 3, 2, 0, -1, 1, 0, 11, 2, -11, -3, -9, 2, 1, 3, 1, -3, -6, -4, 0, 3, 3, -8, -2, 1, 2, 1, 1, 4, 5, 7, -2, -3, 4, -3, -5, 0, 4, 0, 1, 3, 4, -5, -1, 5, 0, -1, -4, -9, 4, 0, -3, -1, 1, 14, 4, 1, -12, 0, 8, -3, 6, -4, 1, -3, -5, 0, -5, -2, -6, -3, -1, -3, 5, 12, -8, 0, -3, -17, -2, -3, 0, -4, -8, -2, -2, 11, -7, 13, -2, 1, -3, -6, -3, -15, 2, 0, 1, 12, 3, -5, 2, 6, 1, 4, 15, -10, 4, -1, 13, 10, 2, -3, 13, -5, 6, -16, -10, -4, -3, -5, -4, 4, 5, 14, -5, 5, 3, -8, -5, 25, 16, 42, -3, -20, 23, -28, -2, -21, -11, -41, -39, -1, -15, -28, 6, 19, -18, 36, 37, 10, 6, 28, -35, -29, -51, -18, -3, 3, -36, -20, 13, -10, -33, -9, 2, 4, 35, 21, -19, -3, -14, 55, 12, -44, -10, -6, 6, 3, 25, -23, 4, -9, 32, -6, -18, 17, 14, 0, 5, 20, 5, -2, 9, 15, 2]
[0, 0, 0, 0, -1, 0, 1, 0, -1, -1, 1, 0, 4, 2, -4, -1, -1, 1, -2, -2, 5, 2, 4, -1, -3, -1, -3, 0, 2, 0, 0, 1, -5, 1, -5, 3, -1, 1, 2, 0, -3, -5, 0, 3, 3, -1, 4, -9, -3, 4, 1, 2, -3, 4, 6, -4, 6, 0, -1, 10, -6, -8, 0, -7, 5, 7, -3, 7, 2, 6, -1, 8, 2, -11, 3, -7, -15, -4, -3, 0, -3, 4, 0, -9, 1, -4, -1, -7, 9, 12, -5, 3, -11, 0, -13, 4, 8, -5, -15, -3, 3, 9, 3, 15, -3, 7, -1, -3, 8, -6, -8, -2, -7, -3, 5, 0, -8, 4, -2, -9, 0, -2, -1, 2, 15, -2, 3, 13, 5, 0, 2, -1, -13, -3, -3, 6, -1, -7, -14, 12, 8, -12, 2, 12, -2946, 1520, 4873, 2949, 50, -3622, -7135, -7871, -2355, 5475, 15806, 4104, 2279, -7993, -9812, 2377, 5830, 415, -727, -4047, -8757, 5616, -9571, 11690, 11052, -1792, -8383, -1244, -1658, 3173, -8024, -6353, 20971, 4538, 1954, -1642, -2179, 24, 16053, -18944, -5060, -15996, -12056, -12485, -599, 4074, 36864, 28065, -16943, 18159, 2543, 2850, -22754, -5269, 1208, 22523, -31108, -19202, -18803, -7502, 6751, 20947, 4614, 7079, 8417, -24321, 19063]
[0, 0, 0, 0, -1, 0, 1, -1, 0, 0, 2, 0, 3, 2, -4, -5, 3, -2, -3, 2, 2, 2, -5, 5, -2, -2, 2, 1, -3, 0, 3, 1, 0, 4, 6, 1, -5, -4, -5, 0, -5, -7, 1, 2, -4, -2, -5, -2, -2, 3, -2, -1, 6, 2, 10, 2, 2, 5, 5, 1, 2, 0, 5, -14, 3, 3, -8, -6, 5, -16, 1, 12, 2, -6, 2, -4, -13, -2, -5, -5, -8, 7, 3, -11, -1, 3, -9, 4, 2, -6, 7, -2, -10, 9, -10, 5, 8, -6, -8, -12, -4, 7, -1, 0, 1, 2, 5, 3, -6, 8, -5, -12, -9, 1, -3, 18, -11, -1, -6, 9, -8, -10, 1, -3, -2, -12, -3, -8, 2, 6, -9, 1, 3, 0, -7, -2, -4, 1, -11, 11, 7, -4, -8, 3, 21, -26, 11, 0, 9, -9, -10, -48, -15, -5, -36, -1, 6, 13, -1, 3, -21, -18, -11, -7, -20, -21, 27, -4, 15, 35, -36, -33, -26, -15, -1, 13, 10, 5, 21, 17, 22, 26, -21, 17, 2, -29, 20, -2, -20, -84, 7, 1, -2, -35, -11, 2, -31, -1, -29, -1, -12, 17, -18, -16, -2, 0, -3, -11, -3, 2, 4]
[0, 0, 0, 0, 0, 0, 0, 0, 0, 1, 0, -1, -2, 0, -2, 3, 1, 2, 5, -3, -3, -1, 2, -6, 1, -1, -1, 1, 5, 3, -5, 4, 1, -5, -3, 1, -1, 0, 0, 7, 4, -6, -1, 2, 2, -7, 2, 0, -11, 3, 1, 1, -1, 5, -2, 0, 10, 2, 9, -9, 0, -3, 0, -6, -10, 15, -6, -8, -3, -4, -12, 8, 0, -1, 9, 2, 0, 1, 5, 5, 5, -3, 0, 4, 8, 7, -15, 4, -5, -5, -8, -9, -7, 5, -4, -7, 20, -3, -2, -5, 0, -6, -5, -2, -1, 6, 4, -1, -5, 6, 13, -4, -2, -4, 10, -4, 10, -2, 2, 2, -6, -1, 2, -8, -7, -17, -3, 7, -4, -3, 1, -6, 4, 1, 1, -17, 0, -1, -6, 7, 7, 1, 13, 15, -10025, 5853, 15151, 6718, 1584, -13062, -20368, -18592, -5856, 14825, 47422, 7476, 2816, -22272, -33712, 12874, 19770, -2547, 5628, -10033, -23929, 22338, -42084, 29723, 35619, -5781, -26186, -2319, -18792, 15043, -14618, -25579, 87515, 18263, 6911, -9533, -13170, -12118, 50639, -78236, -32261, -45669, -33074, -13680, 6603, 12916, 115858, 107012, -56998, 79555, 2843, 505, -74680, -54558, -14720, 65013, -100764, -75917, -54800, -21842, 38038, 98312, 31168, 47835, 42702, -81756, 62999]
[0, 0, 0, 0, 0, 1, -1, -2, 2, 3, 2, -3, -3, 1, -2, 1, 2, -1, -1, 1, -2, -7, -2, 1, 7, 0, 2, 4, 0, 1, 3, 7, -4, -1, -4, -1, -3, 3, 5, -2, -3, 1, 5, -2, 2, 0, -6, -5, -10, 2, -1, 2, 4, 2, 0, -4, 11, 0, 5, -8, 7, 5, 8, -1, -8, -7, -12, 12, 4, -1, 3, 8, -7, -3, -2, -4, 1, -2, -5, -1, 3, 8, 4, -3, -2, 5, 4, 13, -2, 0, -9, 0, -1, 7, 2, -7, 9, -8, 10, 7, 5, 4, -3, -5, 0, 28, 9, 5, -7, -2, -6, -13, 5, -4, 0, -2, -2, -2, -4, 4, -6, 0, 11, -6, -4, -5, 1, 1, 7, 3, 6, 11, -5, 2, 6, 2, -5, -1, 8, 5, 13, -19, 8, -1, -19, -30, -15, 19, 13, 15, -22, 20, -7, 27, -1, 8, 3, -9, -16, 6, 22, 13, -16, 19, 46, 9, 7, -2, 5, -19, -6, -1, 7, 1, 21, 57, 5, -8, 5, -22, -17, -22, 5, 22, 12, 34, 6, -23, -13, 43, 4, -35, -10, 25, 16, 26, 11, -10, -14, 10, 11, -58, -2, 2, -1, -21, 9, -2, 3, 12, -8]
[0, 0, 0, 0, 0, 1, -1, -2, 0, 2, 3, -3, 1, -2, 0, 0, 3, 3, -4, -4, -4, 0, 1, 8, 0, -1, 0, 6, -3, -1, -1, -6, -1, -3, -2, 1, 0, -2, 5, 4, 2, 6, -2, 1, -7, 3, -10, 2, -2, -2, -1, -3, -5, 0, 7, -3, 10, -2, 8, -5, 1, -1, 1, -10, 2, -12, -1, -3, -5, 9, 12, 1, -5, 5, -9, -8, 2, -7, -5, 6, -8, 8, -6, 1, 4, 9, -3, -6, -10, 1, -17, 7, -4, -5, 1, 1, 5, -8, 3, 4, -8, 17, 1, 6, -10, -2, -3, 6, -8, -17, 1, -9, -12, -1, -1, 2, -16, -8, 5, 1, -9, -10, -1, 2, -12, 6, -6, 6, -8, 8, 2, 2, 2, 3, -9, 5, -4, 8, -2, 7, -7, -8, 4, 1, -10, 4, -22, -2, 2, -21, -25, -18, 9, -27, 1, -17, -43, 4, -9, 0, 2, 20, -9, 18, 4, -8, 27, 4, -7, -7, 29, -21, -12, -32, -26, 46, -9, 5, -10, -10, -36, -8, -15, 34, -24, -35, -17, 28, -32, -29, -24, -28, -5, -16, 18, 33, -10, 8, -22, 4, -9, 12, 2, -18, -14, 6, 5, 5, -2, 2, 0]
[0, 0, 0, -1, 2, 1, -2, -1, -2, 4, 1, -3, 1, -4, 7, 2, -4, -1, 0, -3, -2, 0, 0, 6, 0, 2, 1, 2, -2, -4, -8, 4, -1, 4, -4, 2, 7, -1, 3, -6, 0, 1, 2, -5, 0, 5, -8, 6, -1, -2, -4, -1, -6, 5, 2, -3, 9, -2, 14, -5, 5, -6, -6, -12, -4, -5, 7, 9, -6, 5, -1, 0, 4, -4, 1, -6, 2, -9, -3, 8, 9, 5, -3, 1, 0, 5, -14, 3, -1, 0, -2, 3, -4, 8, -13, -11, 8, -5, 7, 2, 3, 9, 3, -1, -23, 4, 1, 9, -10, -6, 2, -2, -6, 9, 4, 2, -6, -7, 9, -5, -12, 13, -2, 1, -6, -10, 5, 10, -5, -3, 9, -5, -10, 6, -5, 1, -2, 9, -3, 11, -1, -9, 6, 0, -5, -19, -21, -3, -24, 6, -3, 23, 0, -9, 17, 0, 3, -25, -1, 7, 0, -34, 14, 3, -6, 6, 1, 35, 24, 27, -5, 0, 1, 9, 9, 29, -2, -42, -25, -45, -12, -29, 15, -7, 3, 8, -31, -32, -17, 55, 13, -21, -12, -14, 6, -2, -22, 2, 9, 7, -13, -2, 15, 2, 6, 17, 0, 9, -1, -5, 3]
[0, 0, 0, -1, 1, 0, 0, 3, -3, -1, -3, 0, 5, -1, 4, 0, -1, -3, -3, -6, 1, 8, 6, 7, -5, 0, 0, -4, -4, -6, -3, -1, -5, 3, 5, 9, 1, -2, 0, -6, 3, -5, -1, 5, 2, 5, -1, 1, 3, -1, -8, -4, 3, 0, -1, -1, -1, -6, -4, 7, 6, -3, -4, -6, 7, -2, 6, 0, 7, 16, -9, -4, -4, -2, 7, -5, -7, -3, 8, 8, -6, 4, 4, -1, -15, -10, -2, -3, -1, 5, 2, -4, -6, -12, -6, 3, -4, 5, -8, 3, 8, 1, -6, 2, 5, -3, 6, 4, 8, 3, 12, 5, -4, 9, 0, -13, -11, 0, -1, -19, -3, -4, -10, 0, 2, 8, 1, 3, 5, 8, 18, 0, -12, 5, -1, 3, -5, -13, -14, -5, -6, 4, -2, -2, -14, -12, 10, 0, 7, -21, 18, -11, 12, 4, -23, 13, 0, 19, 7, -4, -36, 14, 4, -4, -21, 10, 10, 12, -3, 29, -10, -24, -3, -29, -1, -4, 18, 14, -14, -16, 15, -14, 0, -8, -15, -32, -23, 11, 9, -27, 2, 11, 1, -15, 2, -27, 6, -13, 0, 5, -12, 34, 13, -6, 4, 9, 5, 11, -7, -4, 12]
[0, 0, 0, 0, 1, 0, -1, -2, 0, 0, 3, 0, -4, -4, 5, 6, 0, 1, 1, -1, -3, -4, 2, 3, 0, 3, -6, -1, -2, -2, -5, 5, -1, 0, 0, 3, 7, -4, -1, -8, 1, 5, 0, -1, -1, 5, -3, 7, 2, 1, -10, 3, 7, -1, 6, -11, -2, -6, 15, 2, 5, -3, 2, -11, -5, -13, -5, 0, -3, -5, -3, 1, 2, 2, 3, 5, 6, -3, 7, 5, 6, -2, 10, -1, -2, -2, 4, 1, 1, -1, 1, -4, 3, -1, -5, -11, -2, 3, -6, -10, -6, 7, 1, -1, -7, -2, -5, 5, -20, 5, -13, -8, 4, 13, 0, 0, 0, 2, 10, 10, 15, 2, -6, -7, -10, -3, 10, -1, 0, -2, 3, 1, -6, 2, 2, -10, -11, 16, 23, -3, -3, 1, -1, 0, -7, 3, 47, -46, -24, 30, 21, -19, -23, -8, -1, -10, -1, -3, 27, -38, 7, -30, 7, 9, 8, -10, 15, 26, -19, 10, 20, -29, -19, -13, 0, 14, 3, -41, -26, -24, 37, -34, 1, -11, 27, -28, -3, -4, -30, 23, 37, -17, 2, -5, 27, 8, -8, -5, 19, -27, 10, -2, 16, 7, -6, 31, 2, 1, 1, 23, 3]
[0, 0, 0, 1, -1, -1, 1, 0, 0, -1, 0, 1, -3, 0, 0, 0, 5, 5, -1, -1, -1, -1, 0, 2, 0, -8, -4, -1, 0, 5, 10, -6, -4, -5, 3, 0, -4, 2, 2, -2, 3, 4, -5, 0, 3, 3, -2, 2, 7, -1, -8, 5, 6, -5, 5, -4, -4, 1, -4, -7, 1, 5, -2, 1, -10, -4, -5, 5, 1, 2, 5, -6, -8, -2, -2, 12, 8, -4, -3, -6, -2, 1, 13, 9, 3, 2, 11, 1, -8, -1, -5, 0, 2, -18, 5, -2, -5, -9, 5, 3, -10, 0, -17, -2, 0, 7, 9, -16, 7, -9, 5, -18, 10, 6, 2, 0, -7, -7, 0, -4, 11, -11, 8, 11, -6, 3, 0, 6, 2, 3, 0, -5, 6, -8, 5, -18, -4, 2, 4, 1, -11, 11, 5, 5, 11, -11, -6, -2, -3, 4, 24, -18, 6, -19, 10, 8, -22, 14, -3, -10, -28, 33, 19, -2, -7, -11, 35, -67, -54, -3, -17, -32, 1, -22, 11, 0, 2, 5, -4, 20, -18, 23, -1, 28, -35, -14, 10, 10, 45, -17, 2, -23, 15, 9, -26, 22, -3, -33, 12, 12, 18, 9, -14, 14, -21, -6, 15, 5, 1, 5, 8]
[0, 0, 0, 1, -1, -2, 2, 1, 0, -2, -1, 1, -2, 0, -4, 3, 4, 9, 3, -5, -1, -2, 4, -4, 0, -6, 2, -1, -2, 7, 0, -8, -3, -6, -6, 8, -6, 1, 1, 5, 10, 3, 0, 4, 7, -3, 6, -5, 3, 4, -13, 1, 2, -3, 4, -3, -9, -1, 1, -7, 5, 0, -1, 6, -2, 5, -4, -14, -8, 5, 4, 10, -6, 2, 5, 5, 2, -4, 8, 5, 1, 0, 7, 8, 5, -6, 0, -1, -7, -5, -5, -6, -3, -12, -2, -2, 4, -4, 1, 2, 4, 8, -9, 6, 9, 3, 2, -13, -1, -4, -2, -13, 5, 2, 12, -7, -1, 2, -5, 18, 2, -17, 6, -3, 0, -8, 0, 16, 11, -4, 5, -5, 1, 5, 3, -11, 8, -3, 4, -1, -5, 18, 0, 15, -9127, 6397, 13945, 6335, 1369, -13699, -22652, -18738, -4995, 16657, 49070, 10611, 7437, -25246, -33113, 8047, 15871, -5300, 8051, -12262, -26855, 22330, -42562, 37686, 30636, 4186, -20586, 1355, -23343, 15320, -17776, -26173, 84219, 9701, 12022, -21760, -9744, -13532, 52218, -82486, -20454, -51610, -33393, -7088, 15037, 30336, 114271, 110284, -59798, 79215, -16848, -3912, -90822, -60732, -19455, 62875, -92066, -70564, -55319, -7195, 55275, 100607, 47789, 49991, 34676, -95855, 51558]
[0, 0, 0, 0, 0, -1, 0, 3, -1, 0, 1, -4, 4, 2, -2, -4, -3, -1, 0, 4, 6, 3, -9, 1, 1, -6, 2, 0, -1, 3, 4, 3, -3, 4, 4, 0, -2, 4, 2, -10, -6, -1, 0, 1, -2, -1, 1, 0, -5, -4, 2, 4, 9, -2, 2, 3, 2, -3, -1, 6, -6, -1, -5, -4, 6, 6, -3, -2, 4, -3, 8, 0, 3, -2, 4, 2, -8, -6, -4, -7, -3, 10, 6, -6, -12, 5, 3, 1, -2, -1, 19, 4, 2, -2, -7, 0, -6, -1, 6, -1, -18, 1, -12, 5, 9, 12, 5, 9, 15, 2, -8, 4, 12, 0, -3, -6, 8, -5, -15, 0, 1, 1, -6, -5, 7, -10, 7, 4, -15, 0, -14, 2, -9, 0, 10, 5, -5, -9, -5, 0, 16, -9, 1, 16, -7, -13, 19, -3, 20, 6, 7, -27, -2, 16, -4, 24, 8, 11, 1, 18, 0, -43, -4, -3, -41, 3, 3, -23, 4, 25, -44, 6, 24, 6, 10, 3, -23, 12, 44, 27, 19, 32, 33, -13, 24, -5, -9, -1, -11, -2, -5, -14, -15, -6, -16, -20, 4, 17, -36, -4, -4, -22, -9, -10, 25, -10, 8, -7, -1, -5, -12]
[0, 0, 0, 0, 1, -1, -1, 0, 0, 3, -2, 0, 1, 2, 1, -4, -7, -1, 3, 2, 9, 2, -1, -5, -4, -6, -1, 2, 5, 4, 2, 4, -6, -1, -5, 1, -1, -2, 5, 2, 3, -2, -1, -8, 1, -1, 1, 4, 5, -2, -1, 1, -4, -2, 3, -2, 3, 4, -9, -6, -6, 4, -4, 0, -7, 11, 7, 10, -8, -1, 3, 1, 5, -8, 4, -8, -1, -2, -1, -8, -7, -7, 3, -3, -2, 12, 5, 3, 4, -5, -2, -1, 4, 12, -7, 0, 2, -7, -3, -8, 3, -2, 0, 10, 4, -4, -3, -4, 3, -15, -6, -5, -5, 1, -3, 14, 3, -13, 0, -15, -3, 1, 5, -1, 11, -4, -1, -4, -4, 9, 2, -11, -9, -4, -1, -3, 13, 1, -24, 21, -15, -2, 10, -8, 23, -8, 3, 14, -12, -26, -2, 8, -16, 7, 9, 16, -14, -37, -28, 14, 14, -3, 15, -4, -5, -20, -10, -19, -5, 17, -46, -13, 12, 34, 3, 13, -1, -9, 11, -9, 25, -30, 40, 12, -16, 5, -8, -20, 47, 26, -17, -18, -30, -20, -15, -34, -37, -20, -3, 12, 0, -14, -4, 8, -5, -13, -1, 2, 3, 7, 6]
[0, 0, 0, 0, 0, -1, -1, 1, 0, -1, 3, -2, 1, -1, -2, 3, -1, 3, 6, 1, 3, -6, -3, 2, -1, -2, -5, 2, -3, 2, -1, 3, -5, 0, -2, 4, 5, -7, 0, -5, -4, 4, 3, -1, -3, -6, -1, 8, 4, 8, 0, 4, 11, -2, 5, -13, 1, -11, 7, 3, -2, 5, -2, -9, 7, 7, 1, -5, -4, 0, 2, 9, -1, -16, -1, 3, 9, -10, 1, -7, -2, -2, 13, 3, -3, 5, -5, 1, 1, 1, 4, -9, -5, -5, -1, 3, -2, -6, -10, -7, -6, 8, -8, 1, 2, -1, 3, 5, -3, 11, -12, -9, 13, 10, 7, -14, 1, 6, -2, -5, 2, 7, 15, -1, 15, 7, 14, -8, 3, 6, -6, -6, -9, 3, -4, -16, 2, -4, 6, -4, 13, 19, 6, 1, 11, 7, 35, -16, 10, -15, 15, -36, -20, 14, -16, 11, -4, 7, 7, -31, 16, -33, -12, 13, -8, -31, 1, 8, -24, 5, -18, -64, -9, 12, 0, 4, -22, 5, 9, -23, 61, -1, 18, 12, 37, -33, 2, 43, -7, -20, 17, -20, 30, -3, 21, -15, -9, -8, 3, -24, 13, -14, 2, -26, 5, 14, -2, 3, 8, 11, -3]
[0, 0, 0, 0, 1, 0, 0, 1, -4, 0, -1, 1, 5, -3, 1, -2, -3, 1, 4, -2, 3, 2, 0, 6, -10, -3, 5, -1, 1, 1, -11, -7, 0, 4, 4, 5, 3, 3, -8, 1, 2, 1, 5, 3, 0, 11, 0, -5, 4, -10, -3, 0, 2, -3, -1, 0, -3, -5, 1, 4, 1, -13, -16, -8, 5, 2, 11, -1, -8, 15, 2, 13, -6, 2, -1, -2, -13, -3, -1, 11, 8, 9, 4, 0, 5, 2, -3, -4, 8, 3, 5, -4, -10, -6, -10, 0, -9, 1, -1, 10, -7, 5, -8, 16, -1, 3, -8, 2, -3, -3, -3, 10, 1, 7, 0, -23, -11, 2, 1, -2, -10, 2, -16, -5, 13, 1, 11, 12, 5, -4, 6, -4, 3, -2, 1, 2, 3, -5, -1, -12, 5, 0, -2, 1, -33, 36, 10, 18, -48, -24, -3, 9, -9, 21, 5, 8, 3, 42, 17, 18, -21, -33, 3, 11, -52, 33, -30, -1, 11, -2, 0, 39, 34, -16, -29, -49, -5, 29, -12, 35, -12, 16, 2, -19, -5, 1, -51, 1, -5, -20, -17, 1, -14, 16, 33, -42, 32, 26, 8, -5, -42, 21, 4, -12, 12, 14, 11, 17, -9, -11, 4]
[0, 0, 0, 0, 2, -1, -2, 1, 0, 2, -4, 1, -1, -1, 3, 3, 0, -2, 0, -6, -2, 5, 5, -2, -2, 4, 4, -4, -1, -3, -6, -4, 3, -3, 2, 7, 5, -2, 2, 2, 6, -6, 2, 6, -4, -6, 3, 2, -3, 6, -6, -6, -1, 8, -1, 1, -7, 2, -6, -2, 3, 3, -7, -2, -7, 5, 1, -10, -4, 2, -5, 4, 2, 5, 2, 0, -11, 4, 11, 11, 5, 0, 10, 11, -4, -10, 8, -1, -6, -7, 11, 0, -5, -4, -2, 4, -2, 2, -10, -10, 18, -10, -3, 4, 13, -9, 2, 2, -3, 9, 1, -4, -3, -4, 0, -13, -3, -6, 0, -3, -10, -9, -9, -5, -4, 6, -3, 18, 13, 5, 12, 8, -5, 7, 4, -9, 2, -7, -12, -9, -6, 23, 3, 4, -5, 11, -18, 2, -2, -11, -11, 10, 8, -17, -17, 10, 6, 8, 16, -6, -29, 28, 3, -14, -17, -13, 21, 14, 39, 17, 46, -13, -18, -16, -6, 17, -19, -5, -13, 10, -25, 1, -21, -30, 13, -1, -9, 17, 8, 3, -44, 21, -19, -22, 21, -17, 14, -10, 23, 13, -3, 21, 8, -2, 3, 16, -1, 20, -2, -5, 6]
[0, 0, 0, 0, 0, 0, -1, 4, -1, -4, 0, -1, 7, 2, -5, -1, -4, 0, 2, -3, 1, 8, -3, -2, -3, -6, 4, -1, 2, 6, 4, -2, 0, -2, 6, -2, -2, 7, -1, -5, -2, -5, -6, -1, 1, -4, -2, 3, 0, 3, 2, 1, -7, -3, 6, 4, 6, 3, -1, 2, -6, -9, -21, 2, 4, 18, 9, -4, -2, -3, -7, 3, -11, -12, 2, -2, -6, 6, -1, 1, 1, -3, 6, 5, 0, 6, -6, -4, 12, 3, 6, -4, -11, -7, -3, -1, -6, -15, -4, 6, -5, -1, -10, 15, 9, 2, 7, -11, 1, -7, 2, 8, -9, -2, 3, -7, -6, 5, -5, -4, -12, -11, -5, -5, 14, -9, 2, 3, -12, 2, -7, -3, 8, -3, -6, -4, 7, -11, -19, -5, 0, -6, 10, -6, -15, -16, -38, 1, -3, -17, -2, 10, 54, 20, -24, 30, -4, -3, -45, 31, -3, 36, 43, -19, -67, -37, 1, -75, -14, 0, -6, 11, 35, 34, -9, 16, -4, 36, 7, -16, -47, -3, -14, 21, -33, 11, -28, -10, 33, 16, -24, 3, 20, 4, -59, -13, -14, -14, -25, -14, 13, -11, -8, -9, -36, -19, -4, 15, -5, -5, 13]
[0, 0, 0, 0, 0, 0, -1, 1, 2, -3, 1, -2, 1, 1, -1, 1, -2, 3, 1, 0, 2, 1, -5, 2, 1, -6, 3, 1, -4, 1, 0, 2, -2, -1, 0, 0, 2, -3, 1, -6, -5, 13, 10, -8, -3, 6, -4, 4, -1, 1, -9, 2, 4, -2, 11, -3, -5, -13, 3, 1, 7, -4, -3, 3, 2, -3, -7, -4, 8, 5, 14, -10, -2, 3, -4, 1, 0, -4, 2, 9, -1, -8, 1, -1, -13, 3, 0, 1, 8, -1, 9, 1, -4, -15, 11, 5, -8, -7, -17, -3, -3, 4, 3, -2, 10, -2, 17, 10, -17, 7, -16, 1, -2, 2, 9, -7, 6, -4, -3, -1, -2, 2, 4, -10, -4, 16, 9, 4, -9, -6, -3, -3, -8, 6, 2, -4, -4, 10, 11, -9, -8, -2, -13, 13, -6, -26, 22, -13, 55, -17, 1, -19, 6, 27, -23, 2, -14, 8, -5, -28, 26, 20, 20, 1, 4, -52, 8, -7, -45, 16, -5, -24, 6, -40, -3, 33, 14, 5, 17, -22, 9, -28, 9, 15, -5, -6, 30, 6, -20, 37, 3, -46, -15, 0, -16, 1, 20, -8, 19, -5, -2, -6, 4, 6, -2, 0, -2, -2, -3, 3, -4]
[0, 0, 0, 0, -1, 1, 1, 0, 3, -3, 0, 0, 2, 2, -7, 2, -2, -3, 0, 0, 2, -5, -2, -2, 1, 6, 4, 2, 3, 2, 1, 8, -2, 3, 6, -7, -5, -1, -4, -2, -4, -1, 4, 0, 5, 0, -1, -1, -8, 5, 2, 0, -3, -7, -3, -7, 4, -4, -1, 5, 3, 3, 7, 8, 7, 1, 3, 6, 10, -4, -10, -3, 2, -6, 4, -3, -7, 5, -3, -6, -4, -5, -6, -2, -6, 0, 0, 7, 9, 1, 8, 6, 4, 6, 7, 3, 14, -3, -2, 3, 10, 1, 4, -16, 14, 3, -4, 4, -9, 20, -16, 2, -4, -2, 3, 18, -15, 14, -6, -9, 2, -3, -5, -6, 9, 0, 14, -19, -1, 1, 8, 10, 2, -7, -2, -4, 2, -3, -12, -6, -6, -18, -4, -4, -1, -41, 3, -16, 54, -3, -33, 6, 12, 75, -42, 31, 29, 13, 14, 29, 42, 23, 6, -14, 20, -35, -20, -27, -20, -8, 17, -13, 22, 18, -14, 21, 17, 45, 10, -18, 63, -15, 10, 11, -1, 17, -14, -10, -8, -19, 10, -2, 5, 2, 4, 42, 16, -10, -34, -9, 20, -21, -2, -35, 2, -27, 0, -8, 5, -6, -4]
[0, 0, 0, 0, 0, 1, -2, 0, -1, 0, 2, 2, -3, -1, 0, 1, 4, 0, 2, 0, -6, 4, 2, -3, 0, -4, 3, 1, 0, 2, -2, -11, 5, -4, 4, -5, 1, 5, -6, -4, 4, 3, 0, 7, 4, 1, -4, 7, -4, -3, 3, -4, -3, -1, -2, 6, -4, 0, 2, -4, 5, 6, -10, 15, -3, 3, -5, -2, -10, -1, 3, -5, -12, 12, -6, 3, -2, -5, 10, 7, 1, 10, -2, 14, -8, 1, 3, -12, -3, -4, -9, -6, 5, -17, 7, -2, -3, -6, 13, 10, -3, 10, -8, -1, 0, -3, -7, 8, 0, -8, 1, -6, 6, -10, -2, -21, 4, 2, 1, 22, 1, -18, 3, -1, 1, 3, 5, 19, -3, 5, 8, 1, 16, 4, 3, -3, -2, -3, 9, -3, -1, 4, 0, 0, -6249, 2358, 9345, 3859, 1276, -6343, -8812, -8994, -3978, 6436, 24175, 822, -3081, -9608, -20284, 9596, 13217, 1366, 3833, -1384, -8668, 14006, -23878, 7721, 22663, -12089, -18358, -6583, -7899, 7439, -4203, -13825, 52362, 16341, -1174, 7802, -9172, -5125, 24355, -38300, -29209, -18997, -19442, -8864, -2986, -10127, 64277, 55735, -28349, 41874, 17853, 2471, -22279, -27988, 864, 35658, -65388, -43739, -30277, -27713, -717, 53533, 5125, 31894, 32400, -26257, 43436]
[0, 0, 0, 0, 0, 0, 1, -1, 0, -1, 4, 0, -5, 1, -1, 0, -3, 4, 1, 4, 2, -4, -5, -5, 11, -2, 0, 2, -1, -2, -3, -1, 2, 4, -4, 1, -2, 1, 4, 1, -2, 10, 7, -6, -5, -4, -2, -6, 4, -5, 2, 11, 5, -2, -2, -4, -9, 7, -2, -4, -4, 2, 8, -2, 1, 0, 0, -16, 1, -5, 13, 12, -2, 10, 3, 6, 6, -8, -11, 3, 4, -18, 2, 0, 4, 1, 3, 1, 3, -12, 3, 2, 4, 10, 3, -11, -10, 5, 8, 5, -13, -8, 10, 6, 11, -11, 10, -5, -6, 7, -3, 8, 10, -5, -5, 3, 5, 8, 1, 2, 2, 0, 0, -4, -19, 0, 0, -7, -4, -5, -18, 0, 4, -7, 6, 5, 16, 15, 3, 7, -5, -8, -13, -3, -3, 25, 46, -7, -21, -7, 26, -26, -35, 1, 17, 8, 20, 19, 44, 1, 4, -78, 15, -10, -28, 6, -2, -7, 26, 3, 24, 6, 3, -13, 18, -17, -31, -2, 26, 53, 20, 27, 18, -39, 14, -32, 30, -31, -22, -38, 10, -28, 3, 7, 23, 6, 2, 33, -4, 5, -13, 10, -8, -6, 24, 12, -8, -14, 9, -6, -19]
[0, 0, 0, -1, 1, 1, -1, 0, -1, 3, 0, -1, 2, -2, 3, 0, -3, -6, -3, -2, 0, -1, 0, 9, 4, 7, 2, 0, -3, -10, -6, 4, 0, 6, 5, 1, 3, 2, 0, -6, -4, -8, 1, 3, -1, 0, -7, 8, -5, 1, 5, -3, -7, -2, -4, -7, 8, -1, 4, 2, 7, 8, 2, -4, 5, -7, 6, 2, 2, 3, 0, 7, 5, -7, -2, -9, -5, -6, -10, 0, -7, 13, -6, 0, -10, 5, -12, 1, -1, 2, 2, 1, -2, 8, -6, 1, 10, -2, 16, -7, 13, -1, 6, -6, -1, 9, -1, 17, 7, 6, -3, -10, -2, -3, -10, -1, -13, 2, -6, -12, -12, 9, 1, -5, -11, -11, 8, -3, 1, 23, 16, 3, -11, 8, 0, -2, 2, -8, -14, 7, 6, -6, 5, -8, -14, -24, -13, -22, 9, 10, -36, 9, 16, 5, -10, 32, 13, 0, 1, 22, -15, -27, -20, -9, 2, 11, 2, 36, 54, 38, -9, -27, -23, 10, 18, 30, 7, 6, 3, -27, 32, -22, 13, -9, 10, -13, -13, -21, -35, -3, 6, 15, -13, -18, 3, 5, -19, -11, -39, 4, -10, -21, -5, -2, 8, 0, 4, -4, 0, 6, -1]
[0, 0, 0, 0, -1, 2, 1, -1, -2, -1, 5, 2, 1, -3, -6, -2, 2, -2, -2, 6, 1, -1, -7, -1, 7, 0, 7, 1, 0, 2, -1, -4, 2, 7, 1, -4, -14, 6, 0, -4, 1, 10, 6, 3, 5, 2, 4, -4, -9, -7, -7, -3, 4, 0, 2, -2, -8, -6, 0, -5, 9, 2, 13, 17, 6, -9, -8, 3, 9, -1, 11, 10, 0, 10, -9, -2, -5, -3, -7, 4, -11, 3, -8, -2, -7, 7, 10, 1, -4, 0, -2, 6, 4, 6, 11, 10, 2, 2, 17, 22, 0, 1, 4, -3, 7, 4, -4, 9, 8, -6, -6, -8, 3, -1, -2, -7, 4, 1, -7, 6, 6, -6, 6, 6, 2, -4, 0, 7, 4, 2, -1, 13, 18, -3, 2, 8, -11, 2, 4, -8, 3, -18, -5, -8, -16, 34, 41, -5, 25, 24, -28, -13, -47, -2, 8, 12, 28, 53, 25, -4, -14, 6, -19, 4, 22, 42, 6, 39, -9, 53, 23, 32, 11, -42, -29, -23, 2, -12, 30, 40, 28, 25, 9, 2, -15, 0, 6, 18, -35, -22, 44, 2, -12, -2, 16, 42, 23, 20, -15, 6, -19, 12, -12, -14, 18, 2, 1, -11, 1, 24, -5]
[0, 0, 0, -1, 2, 0, -2, 0, -1, 1, 5, -2, -2, -1, 5, 0, -5, -1, 0, 0, -4, 5, -4, 1, 8, 2, -6, 3, -1, -4, 2, 3, 2, 1, -6, 4, 6, -6, 3, -9, -1, 4, -1, 1, -1, -8, -1, 10, -6, -4, 4, 0, 4, 6, -1, -1, -4, 0, 5, 9, -8, 8, 2, -5, 4, -1, 1, -10, 4, 2, 4, -8, 14, -1, -9, -5, 14, -7, 7, -7, 1, -5, 1, -9, -16, -8, 4, -3, 11, 8, 9, 8, 8, 7, 5, -1, -4, 7, -11, -4, -8, -1, 5, 3, 4, 2, 5, 10, -15, 3, -14, 1, -8, 0, -7, 17, 6, 10, -9, 19, 0, 3, 7, 2, -18, -1, 8, 0, -1, -4, 4, 6, -17, 15, 1, 9, -6, 1, 2, -3, -9, -6, 1, -5, 6, 6, 28, -15, 32, 16, 7, -26, -10, -14, -24, -8, -9, -23, 40, -27, 14, -24, 21, 14, 18, -29, 18, 31, 6, 24, 33, -8, -8, 4, 42, 40, -34, -32, -3, -9, 15, -9, -31, -8, 59, -34, 18, 13, -58, 27, 4, -17, -7, -25, 15, 41, -2, -2, -8, -17, 15, -7, 16, -9, 18, 13, -8, -3, 9, -1, -14]
[0, 0, 0, 1, -1, -1, 1, -1, 2, 1, -2, 3, 0, 0, -2, -5, -1, 0, 1, 2, 6, -3, 0, -2, -9, 6, -6, 0, 6, 8, 3, -2, 5, 2, 2, -7, 2, -5, -2, 8, 2, -3, -1, -9, -13, 1, 4, -3, 3, 4, 5, 7, -4, -1, 1, -1, -1, 9, -4, 3, -8, 7, -3, 0, -2, 2, -2, 1, -4, -9, -3, 8, 3, -5, 9, 0, 3, 3, -6, -6, -6, -9, -5, 1, 19, 8, -3, 15, -2, -11, 0, 5, -2, 18, 9, 4, 5, 5, -9, -5, -7, -8, 3, 9, 6, -5, -21, 4, 0, -2, 0, 4, 1, 2, -10, 12, -1, -1, -2, 9, 7, 15, -14, -3, -9, 5, -10, -6, 3, -14, -14, -4, -2, -11, 4, 8, 12, 3, 7, 13, 1, 2, -7, 10, 34, 11, 3, 5, -17, -25, -12, 8, 12, 17, -8, 9, 3, -18, -36, 18, 4, -2, -18, 7, -1, 25, -17, -20, -13, 1, -17, 11, 16, 37, -34, 0, 21, 49, 21, 61, 8, 25, 4, -4, -30, -1, 6, -15, 11, 7, -33, -7, 12, 13, -19, 14, -21, 11, 11, 5, -14, -19, -26, -10, -23, 3, -12, -5, -4, 0, -1]
[0, 0, 0, 0, -1, 0, 1, -1, 0, 0, 1, -2, -1, 1, 2, 2, 7, -1, -5, 1, -3, -1, 0, 3, 3, -2, -3, 1, -7, -2, 6, 4, -4, -1, 2, 5, -3, -5, 2, -3, -2, -4, -3, 3, -2, -7, -1, 3, 7, 7, -1, 2, 10, 9, 0, -5, -3, -7, 2, -2, 11, 8, 16, -9, 2, -5, -13, 1, 5, -10, -9, -6, 0, -3, 0, 7, 7, -1, 9, -5, -3, 6, 12, -5, 1, -6, -4, 3, -13, 4, 1, -3, 1, -1, -1, -2, -1, 0, -3, -5, -1, 8, -1, -15, -23, 3, 10, -2, 1, 2, 15, -5, 5, 14, 2, 2, 3, -4, 3, -6, 12, 1, 16, 14, 3, 1, -1, -12, 12, 15, -11, -4, 5, -4, -6, -3, -16, -1, 15, 13, -6, 0, -8, -6, 19, -8, 30, 2, 24, 24, 32, -42, -31, -49, 22, -22, 1, 4, 17, -41, -14, -5, -26, 15, 34, 21, 34, 44, -22, 25, -62, -50, -52, -18, 24, -2, 38, -50, -10, -33, 39, 1, -12, 31, -3, -3, 48, 46, -6, -63, 54, -2, 24, -31, 17, -1, -26, -25, 21, 9, -8, 39, 12, 2, 17, 27, -5, 9, 5, 20, 9]
[0, 0, 0, 0, -1, 0, 2, 1, -1, -3, 0, 3, 0, -2, 1, 1, 2, -3, -1, -2, -1, 2, 5, 2, -2, 6, -6, -5, 0, -2, -3, 3, 2, 3, 5, 1, -1, -2, -6, 0, 5, -6, -8, 7, -1, 0, 6, 0, 2, 2, 5, -3, 3, -5, -5, -5, -4, -2, -2, 6, 2, 1, 14, 2, 7, -9, 4, -6, 5, 4, -11, -7, 3, 0, 3, 3, -1, 7, 8, 2, -8, -6, -1, -3, 1, -7, 1, -1, -10, 5, -10, 0, 5, 1, 3, 12, -4, 12, -1, 2, 1, -12, 0, -3, 10, -16, -11, 1, 17, 5, 11, 6, 5, 4, -5, -13, 5, 3, 12, -12, 15, 5, -13, 3, -2, 6, -7, -21, -7, 15, 3, 5, 9, -4, -7, 5, -5, -9, 5, -21, 8, 11, 3, -10, -6, 25, 38, -28, -6, -2, 12, -22, 2, -17, 24, 8, 18, 22, 17, -21, -32, 11, -27, -11, -7, 27, -7, 35, -5, 7, 27, -18, -29, -18, 0, -39, 22, 18, 6, 4, 47, -5, -12, 8, 0, -39, 8, 19, 18, -53, 20, 42, 2, -10, 8, -26, 1, -12, 8, -18, 18, 39, -4, -7, -11, 4, 0, -5, -4, 2, 5]
[0, 0, 0, 0, 0, -1, 0, 2, -1, 0, -2, 0, -1, 0, 5, -1, 1, 2, 1, -3, -2, 1, 0, 3, 3, -3, -5, -2, 5, -4, -1, -2, -7, 0, 4, 5, -2, 3, 0, -5, -1, 0, -5, 3, 4, -1, 3, 6, 1, -5, -3, -5, 3, -5, 2, 6, 2, 4, 2, -3, 2, -1, -1, -9, -6, -5, 4, -5, -6, 6, 6, 3, -1, -6, 0, 15, 4, -7, -15, -6, -1, 13, 1, -6, -3, 2, 0, 2, -7, 6, 0, -6, 1, -6, -16, 1, -10, -7, 8, -11, 0, 1, -5, -2, 5, -5, 13, -9, 5, -11, 13, -18, 8, 7, 4, 6, -6, -19, -1, -12, 9, 2, 15, -4, -4, -19, -2, 14, -5, 10, 3, -13, 1, 15, -9, -14, -8, -5, 0, 12, 2, 6, -6, 5, 1, -44, -3, -10, -4, 34, 16, 3, -1, -9, -6, -17, -11, -15, 20, -1, -36, -8, -19, -12, -11, -2, 16, 7, 5, 5, -32, -34, -4, 22, 9, -4, -16, -34, -9, -22, -24, -12, 57, -10, -11, -31, -8, -19, 14, 28, 22, -10, 10, -16, -31, 19, -4, -12, 5, 9, -4, 3, -5, -6, -14, -17, 0, -6, -8, 11, 9]
[0, 0, 0, 0, 0, 0, 1, 1, -2, 2, -1, -1, 3, -3, -1, -3, -2, 2, 3, 3, 1, -3, -10, 7, -1, -2, 8, 3, 0, -4, -2, -4, 6, 1, 9, -5, 1, 2, -1, -5, -3, 2, -5, 3, 3, 7, 3, 4, -4, 4, 3, -5, -8, -9, -4, -3, -4, -6, -9, -2, 7, 13, 6, 19, 3, -7, -9, 1, -2, -3, 10, -4, 11, -1, -5, 9, -3, -6, -3, -9, 0, 15, -8, 3, -5, 16, -4, -4, -3, -9, 20, -2, 4, -9, 1, 0, 8, -11, 14, 8, -2, 0, 0, -3, 1, 15, -5, 15, 11, 0, -6, -7, 5, -5, 4, 0, -4, -6, -11, -11, -10, 17, -3, -2, 4, 1, 9, 2, -12, 5, -1, 1, 7, -3, 1, -18, 1, 4, 0, -2, -2, -5, 2, 9, -24, -20, 1, -39, 37, 29, -26, 1, 8, 15, 34, 7, 17, 41, 26, 39, -10, -24, -14, -1, -8, 3, -17, -1, 9, 29, -35, 1, 6, -35, -17, -16, -2, 13, 38, 35, 28, 18, 36, -1, -1, -7, 1, 21, -37, -18, 10, -5, 6, -8, -12, 22, 19, 21, -31, -1, -28, -4, -22, -3, 13, -3, 3, -18, 1, 13, -9]
[0, 0, 0, -1, 1, 1, 0, 0, -4, 1, 1, 1, 2, -6, 2, 2, 2, 0, 2, -1, -3, 1, 5, 2, -6, 3, -8, -2, 2, 2, -2, 1, -2, 0, 2, -2, 0, 1, -6, -1, 7, -3, -6, 10, 8, 1, 1, 0, -5, -3, 3, -6, -3, 3, -4, -6, 10, 1, 6, 1, -5, 2, 4, 0, -5, -1, -1, -4, -2, 0, -8, 7, -1, -8, 6, -6, 6, 8, 11, 3, 4, 5, -2, 6, -4, -2, -15, 0, -6, -8, -10, -1, -10, 0, -3, -7, 13, -2, 10, 5, -8, -5, -11, 16, -14, 22, -3, -5, -3, -11, 10, 0, 3, 4, -2, -4, 1, 6, 2, 23, -2, 1, -3, 7, -2, -16, -9, -12, 7, 1, 10, -7, -7, -10, 7, -11, -6, 1, 5, -3, -4, 5, 23, -9, 5876, -1679, -8800, -3307, -1345, 5336, 6455, 6577, 3756, -4203, -20652, 1568, 4769, 6858, 19489, -9899, -13300, -1602, -4501, -1529, 5946, -14427, 24690, -2541, -22831, 13412, 17905, 8028, 8761, -7191, 148, 14779, -52964, -16446, 2239, -10870, 10826, 6759, -22121, 34629, 33799, 12265, 17179, 2288, 5512, 16690, -58477, -52675, 25416, -40745, -20636, -2255, 13239, 33545, 880, -30519, 62759, 40972, 25022, 32998, 4173, -54236, -3728, -37046, -37380, 17119, -41787]
[0, 0, 0, -1, 2, 1, -2, -1, -3, 4, 2, -1, 2, -3, 3, -2, -5, 1, -1, -1, 3, 4, 0, 4, -5, -2, 6, 0, -3, -2, -7, -3, 6, 6, -2, -1, 9, -7, -3, -2, 5, 1, 1, -4, -2, 7, -8, 4, 6, 6, 3, -3, -13, 0, 1, -7, -9, 5, 7, -13, 2, 11, -8, 9, 5, 0, 12, 8, -9, -10, -4, -5, 8, -3, 8, -5, -7, 0, 1, 8, 8, -9, -8, 11, -3, 1, 0, -6, -2, -9, -14, 5, 5, 10, 6, -5, 3, -3, 5, 11, 10, -1, 7, 8, -15, -17, -12, 7, 3, 7, -2, 1, -4, -7, 1, -1, 4, -17, 12, 4, -13, 14, -7, 8, 0, 5, -9, 4, -5, -3, -5, 5, 12, -6, -9, 16, 8, -1, 0, -1, 0, 10, -5, -2, 6823, -4042, -10074, -5130, -1150, 9014, 14942, 13523, 3544, -11064, -33786, -5685, -3071, 17296, 23082, -7209, -12909, 1274, -4068, 7333, 17762, -15877, 28453, -23225, -22461, 1687, 16615, 1045, 13587, -9667, 11558, 16744, -58938, -9497, -6182, 9689, 7996, 7737, -34646, 53561, 17059, 33557, 22936, 9298, -6165, -14107, -79363, -72692, 39321, -52088, 4100, 506, 56223, 34555, 7906, -44567, 67481, 50933, 38960, 11264, -29669, -65116, -25547, -31307, -25803, 58455, -39856]
[0, 0, 0, 1, -2, -1, 2, 0, 4, -4, -1, 1, -1, 5, -5, -1, 3, 1, -1, 3, -2, -1, -5, -6, 4, -2, 5, 1, -3, 7, 9, -1, 6, -1, -1, -4, -7, 1, -1, 4, -7, 4, 1, -7, -6, -9, 5, -4, 8, 4, 5, 7, 5, 1, 1, 5, -9, 0, -7, 5, 3, -3, -1, 12, 6, 9, -6, -2, 5, -12, 7, -14, -4, -4, -9, 2, 7, 7, -1, -1, 5, -4, 2, 0, 11, -1, -4, 3, 5, 4, 15, -5, 1, -1, 11, 10, -11, 3, -10, 0, 4, 3, 6, -8, -9, -2, 13, -6, -4, -6, 8, 13, -3, -3, 6, 2, 8, 12, -9, 4, 1, 0, 12, 11, 9, 7, 2, -1, 15, -8, -22, -10, 6, -7, 0, -2, 2, 3, 11, 14, -13, -1, -18, 3, 2457, -1737, -3726, -1413, -637, 3747, 6810, 4799, 1006, -4413, -13404, -3740, -4133, 7167, 9652, -250, -2578, 3291, -3401, 2611, 8328, -7701, 14426, -13193, -7467, -7060, 2703, -1228, 10398, -2065, 4056, 9979, -24265, 1761, -7378, 12079, 1438, 5759, -17275, 26234, 3977, 15182, 8850, -5355, -7607, -15579, -29684, -37271, 20204, -27104, 14437, 5007, 34442, 27753, 14435, -15145, 20274, 16905, 13140, -4928, -31369, -34423, -25068, -19125, -9954, 39332, -7552]
[0, 0, 0, 1, -3, 0, 3, -2, 5, -3, -1, 1, -2, 2, -7, 4, 4, 0, 2, 3, -2, -14, 3, -3, 4, 9, -3, 3, -2, 3, 1, 0, -1, 3, -1, -7, -6, -1, -1, 3, -6, 6, 7, 3, 5, 1, -1, -8, -7, 2, 3, 0, 0, -7, -8, -2, 16, -2, 2, 9, 2, -5, 11, -4, 5, -11, -2, 3, 4, 1, 4, 11, -2, -3, -1, -2, 2, -6, -14, -4, -3, 7, -11, 1, 10, -1, -7, 9, 0, 5, 9, 2, -13, -5, -14, -5, 7, 2, 12, -1, 7, 18, 13, -13, 5, 1, -1, -4, -4, 4, -4, 3, 7, -5, -1, 5, -25, 19, 3, -10, -1, -5, -1, 0, 9, 2, 14, -4, 5, 0, 9, 6, -2, -6, 5, -13, 2, 3, -11, 5, 5, -10, 5, 4, 25, -11, -30, -6, 21, 21, -33, -8, -9, 43, 7, -3, -15, 17, 9, 3, 55, -31, -20, -4, 36, 8, 9, -29, -12, -77, 5, 5, -6, 52, -24, -5, 9, 32, -15, -30, -27, 7, 27, -17, 15, 66, 23, 28, 11, -33, -20, -6, 23, 14, 23, 40, 32, -13, 9, -22, 24, -47, -10, -39, -20, -8, -14, -4, 11, -8, -17]
[0, 0, 0, 0, 1, 0, -2, 1, 0, 1, 3, -3, -5, 0, 4, 1, 2, 2, -3, -2, -8, 4, -5, 0, 12, -4, 3, 2, -4, 0, 7, -3, 1, -2, -2, 0, 0, 5, 6, -8, 2, 5, 0, -4, 3, -6, -4, 5, 0, 0, -3, 3, -2, 7, -3, 1, -9, 1, 1, -2, 8, 13, -2, 7, -8, -2, -14, 3, 3, -10, 4, -11, 0, 5, -3, 12, 14, -9, 5, -3, 3, 7, 10, 3, -8, 0, 9, 5, -1, 1, 0, 1, 7, -4, 5, -7, -9, -4, 10, 11, 2, 9, -4, -4, -5, 10, 17, 1, -8, -9, 5, -7, 5, -2, -1, 6, -1, -5, -13, 11, 2, -5, 13, 7, -18, -8, 4, 21, 1, 2, 4, 4, 3, 10, 7, 6, -8, -3, 11, 14, -14, -13, -6, 10, -5, -25, 0, -7, 6, 33, 13, -4, 11, -18, 5, 13, 20, -11, 23, 12, -36, 8, 26, 5, 8, 8, 37, -21, 0, 35, -2, 7, 0, -8, 36, 42, -19, -19, -5, 0, -51, 24, -30, -4, 7, 12, 8, -1, -14, 42, 35, -24, 19, 10, -24, 59, 10, -3, -12, 24, 3, -6, 13, 6, 5, 3, -6, 12, 5, -13, -8]
[0, 0, 0, 1, -2, 0, 2, 1, 0, -3, -2, 2, 7, -1, -6, -3, -1, 2, 0, 1, 4, -5, 3, 5, -10, 3, 0, 0, 3, 1, 1, -7, 3, 0, 5, 3, -2, -2, -4, 5, -2, 0, 0, 2, -6, 1, 8, -7, 4, 5, -2, -2, -5, -2, 4, -4, -3, -4, -8, 8, -1, 1, -6, 5, 18, -9, 4, -13, -6, 7, 10, 14, -2, -5, -5, -3, -4, 5, -13, 12, -3, 2, -7, 2, 7, -6, 1, -12, -6, 4, 3, 10, -5, 0, 13, 22, 0, 8, -5, -9, -10, -1, 8, 1, 2, -5, -11, 0, 7, -4, 1, -5, -3, 1, 8, -8, 2, -3, -1, -5, 2, 2, -5, -1, 2, 18, -9, -10, 2, -9, -12, -12, -10, -3, -3, -14, 12, 7, 15, -9, 2, 17, -5, -7, 1151, 2413, -1480, -1706, -101, -3462, -6646, 48, 1722, 5128, 7253, 7261, 10350, -7343, -2759, -8390, -7456, -9303, 8700, -6154, -7694, 2480, -8787, 20230, -6901, 23467, 10296, 9572, -17156, 4367, -5856, -6077, 6533, -16547, 13181, -31093, 5342, -8392, 9695, -24883, 18502, -18070, -2573, 21522, 24312, 42617, 8371, 25743, -14579, 16407, -46591, -13125, -47017, -34767, -22400, -508, 10636, 973, -4615, 34277, 50251, 27748, 46468, 18727, -10006, -45863, -18626]
[0, 0, 0, 0, 1, 0, 0, 2, -3, 0, -2, 1, 0, -2, 1, 1, 1, 3, 0, -7, -5, 8, 4, -2, 0, -2, 4, -2, 1, -2, -2, -10, 5, -4, 3, 4, -4, 9, 2, 3, 11, -2, -10, 7, 4, -3, 6, -6, -1, -2, -1, -2, -9, 0, -5, 5, -7, 6, -10, -1, 1, 1, -6, 11, -6, 0, -3, -11, -5, 8, -5, -1, -4, 10, 1, 3, -6, 6, 14, 11, 7, 6, 4, 13, 3, -3, 4, -12, -11, -6, -7, -1, -5, -10, 1, -5, -2, 0, 12, 14, -4, -8, -6, 15, 5, 6, 2, -9, 9, -12, 15, 3, -3, -9, 0, -11, -2, -3, -2, 6, -6, -12, -19, 1, -11, -6, -8, 20, -7, 1, 10, 3, 11, -2, 6, 0, 2, -4, -6, -6, -8, -1, 10, 9, -44, 28, -32, 10, -41, 2, 6, 21, 25, -31, 26, -1, 2, 31, 9, 25, -41, 30, 19, -6, -44, 40, 10, -23, 17, -19, 43, 37, 5, -33, -14, -12, -4, 11, -16, 42, -88, 23, -27, -22, -37, 6, -20, 3, 13, -6, -31, 13, 21, 12, -1, 11, 19, 14, 10, 9, -23, 28, 11, 13, -18, 5, -1, 15, -2, -17, 0]
[0, 0, 0, -1, 3, -1, -2, 0, -3, 5, 0, -1, -2, -2, 9, 0, -5, -1, -1, -2, 4, 1, 5, 3, -1, 1, -6, 1, -2, -7, -2, -1, -6, 8, -3, 10, 6, -7, 2, -13, 2, 4, 2, 4, 7, 2, 0, 8, 3, -7, -13, -1, 6, -1, 0, -2, -1, 0, 1, 0, -1, 8, -5, -11, -4, -7, 9, 4, 2, 17, 3, 3, 2, -1, 1, -7, 4, -11, -2, -1, 3, 5, 8, -3, -16, -10, 13, 2, 3, 2, 8, 6, 6, -2, -7, -9, -7, 2, 2, -1, 4, 4, -5, 4, 1, 7, 1, 2, 2, -1, -12, -10, 6, 14, -11, 6, -7, -2, -6, 2, 10, -4, 5, 2, -7, -5, 14, 15, 16, -3, 18, 3, -20, 13, 13, 4, -8, -1, -9, 9, -9, 9, -3, -4, -4, -1, 37, 9, -17, -9, 26, -11, -24, -7, -20, 23, 3, -6, 48, 3, -31, -53, 10, -7, 2, 11, 12, 25, 7, 39, -19, -23, 23, 13, 19, 18, -30, -47, -6, -1, 57, -3, 28, -48, 44, -47, -42, -12, -3, 37, 18, -33, -17, -16, 42, 27, -6, -6, 5, 10, -24, -3, 21, 3, 22, 23, 2, 2, 0, -1, -3]
[0, 0, 0, -1, 3, 1, -3, -2, -4, 8, -2, -2, 1, -4, 5, 0, 3, 0, -1, -1, 0, 2, 5, 3, -7, -4, -1, 1, 2, -4, -2, -3, -5, -2, -2, 3, 4, 1, 0, 1, 2, 6, 1, 6, 2, 7, 0, 2, -5, -10, 3, -11, 1, 7, -1, 1, 2, -4, -1, -7, -5, 3, -2, 1, -9, -6, -8, 5, 1, 12, 4, 2, -7, 8, -8, -8, -8, 8, 9, 7, 7, 17, 2, 9, -6, 0, 6, -9, -10, -4, -11, 5, -7, -6, 7, -7, 1, -13, 2, 7, -1, -5, -12, 10, -17, 27, 5, 3, -4, -14, 0, -10, 2, -1, -2, -9, 0, -13, -4, 13, -5, -3, 3, 2, 8, 5, -2, 17, 8, -4, 5, 2, -8, 0, 6, 5, -20, 5, 10, 1, 0, 1, 10, 2, -58, 15, -15, 45, -8, -17, -25, 41, -3, -28, -4, -27, -22, 21, -1, 22, -16, 25, -36, 25, 31, 16, 5, 29, -30, 1, 5, 0, -2, -50, -29, 28, -6, -26, -16, 14, -10, -29, 17, -11, -13, -10, -41, -8, -37, 35, -26, -34, -42, 9, 81, 27, 41, 18, 11, 39, -67, -10, 4, 2, 28, 14, 15, -2, 0, 3, -5]
[0, 0, 0, 0, -1, -1, 2, 2, -2, -3, -1, 1, 3, 1, 2, -3, -2, 2, 2, 2, 7, 0, 0, 0, -3, -3, -12, -3, 1, 2, 5, 2, -8, 4, 0, 4, 3, -3, -5, -3, -6, -3, -1, 5, 3, 0, 5, -2, 8, -4, 5, 1, 8, -2, -3, -1, 3, 1, 2, 11, -12, -10, 7, -17, 0, 2, 9, -6, 4, 10, 0, 10, 2, -10, -1, 5, 2, -2, -12, -12, 3, 0, 12, -6, 5, -10, -6, 1, 7, 4, 4, 5, -12, -1, -9, 0, -7, -5, -9, -5, -15, -7, -5, 7, 7, 8, 14, -17, 3, 7, -4, 4, 12, 11, -4, 6, -8, 7, 8, -8, 13, 8, 10, -2, 10, -3, 5, -15, 12, -7, -7, -12, -18, -6, 1, -5, 0, 0, -5, -1, 10, 10, 3, -1, -281, 1809, 1296, -443, -3, -3527, -6741, -2373, 207, 5283, 10090, 6255, 6372, -6621, -6174, -4062, -2276, -6249, 6049, -4669, -7729, 3690, -9936, 15197, 916, 13389, 3351, 4960, -12033, 3501, -5154, -6429, 13916, -6416, 8076, -18710, 2502, -5762, 11517, -25097, 5513, -17671, -6645, 9459, 17165, 26590, 20426, 30480, -15960, 20456, -25658, -8021, -36742, -27836, -17005, 8884, -8847, -8962, -10265, 17595, 34417, 29691, 32008, 18266, 34, -39975, -2017]
[0, 0, 0, 0, 0, 1, 0, -3, 0, 4, 1, -1, 2, -3, -5, 0, 3, -4, 2, 9, -1, -7, -5, -2, 1, 3, 6, 3, -2, 1, -4, 3, 5, 5, -3, -5, -8, 0, 3, 2, -3, 3, 5, 2, -2, -2, 4, 0, -8, 0, -6, -14, 3, 7, 3, 4, 10, -9, 5, -6, 3, -1, 9, -4, -5, 6, -9, 3, -2, -13, 5, 14, 3, -4, -5, -6, 2, -3, 3, 4, 1, 9, -11, -3, 6, 10, -16, 8, -11, -11, 20, -5, -6, 10, -10, 7, 19, -4, 4, 1, 2, 8, 4, -11, -12, 3, -7, 14, 1, -6, -2, -4, -6, 5, 6, -6, -3, 1, 1, -3, -17, 2, 1, 6, 11, -3, -4, -5, 6, -7, -2, 1, 2, -4, 1, -18, 1, 13, -13, -1, 3, 1, 17, -6, 30, -1, -22, -15, 32, 23, -48, 10, -30, -3, -3, -15, -4, 27, -17, 15, 24, -23, -20, 17, 26, -18, 7, 39, 15, 20, 17, 7, -10, -7, -11, -23, -13, -32, 2, -9, 11, 11, 5, 9, 22, 29, 23, -2, -21, -48, 2, 3, -25, -9, 32, 4, -9, 16, -26, 20, 19, 5, -21, -30, 31, -16, -8, -20, -2, -20, -6]
[0, 0, 0, 0, 1, 1, -2, -3, 2, 4, 3, -2, -6, -2, 2, 3, -1, -2, 1, 2, -3, -2, -3, -6, 5, 4, 7, 7, -7, 1, -4, 4, 9, 0, -10, -6, 9, -5, 7, -1, 0, 7, 4, -5, 2, -1, -11, 1, -2, 5, 2, -2, -7, 8, -3, 0, 0, -3, 2, -11, 2, 7, 9, 12, -4, -4, -11, 13, -5, -12, 4, -14, 11, 10, 3, -4, 8, -5, 7, -2, 6, -2, -7, 8, 3, 5, -4, 8, 1, -5, -1, 9, 6, 13, 1, -12, 5, 0, 12, 14, 14, 6, 6, -3, -15, -9, -8, 14, -8, -2, -8, 1, 2, -7, 1, 5, 18, -1, 3, 2, -7, 5, -5, 8, -8, 3, -1, 6, -9, 2, -1, 5, 13, -2, -1, 8, 0, 8, -5, 19, -7, -8, 11, -8, -2576, -515, 4368, 1953, 102, -326, 872, -3326, -1926, -1082, 3462, -3444, -7587, 2297, -4694, 9333, 9423, 5384, -5191, 2971, 252, 1862, -2885, -10175, 13862, -17102, -12241, -7254, 7160, -1076, 3309, -878, 14325, 17790, -8324, 20174, -6685, 2922, 3215, -1567, -24278, 2730, -3928, -17425, -11976, -28148, 17753, 8323, -1549, 9663, 35214, 8764, 16670, 8863, 3083, 14077, -30154, -19510, -6377, -27121, -20875, 6305, -23948, -852, 18594, 8447, 28367]
[0, 0, 0, 0, 0, 0, 0, 1, -2, 0, -1, -1, 4, 1, 3, -4, -3, -1, -1, 3, 4, 5, -2, 3, -6, -8, -4, -2, 1, 4, 4, 3, 1, -2, 5, -5, 7, 4, -1, -6, -5, -3, -8, -3, -5, 5, -1, 5, 6, -3, 4, 3, 0, 2, 4, 7, 2, 2, 1, -3, -7, -11, -11, -2, 0, 3, 3, 3, -5, 2, 6, -3, -5, -4, 0, 5, -4, 4, -6, -5, 9, 0, 1, -2, 4, 8, -6, -3, 5, 4, 9, 2, 5, -3, -4, -8, -7, -11, 0, -4, -17, -9, -9, 11, -18, 18, 0, -1, 7, -13, 3, 10, 4, 8, -4, -3, 14, -10, 1, 1, 0, 17, -1, -5, 17, -6, -2, 1, -7, -12, -29, -15, -6, -9, 2, -2, -1, 11, 15, 12, 3, -7, -2, 1, -9, -8, -6, 16, -19, 10, 26, 12, 23, -15, 26, -22, -8, -24, -33, 20, -7, -9, 0, -13, -25, 7, -9, -7, -15, 3, -73, 18, 14, 30, 13, 6, 16, -16, 22, 2, -16, 1, 19, 3, -27, 18, -8, -29, 15, 28, -6, -10, -10, -3, -37, -30, -29, 11, 2, 4, -13, 2, -11, 21, -4, 0, 0, -2, -4, -1, 8]
[0, 0, 0, 0, 0, 1, 1, -3, -2, 4, -1, 1, 2, -3, -6, -1, 5, 4, 0, 1, 2, -5, 2, 1, -7, 0, 9, 3, 1, -2, -6, -14, 2, 2, -4, 8, -8, -4, 1, 10, 3, 8, 9, 3, 2, 7, 6, -14, -6, -3, -13, -7, 0, 5, 7, 1, -2, -7, -8, -7, 1, 5, 1, 8, 2, -3, -13, -1, 0, 4, 9, 15, -1, 7, 0, -11, -9, 5, 4, 13, -6, 11, -13, 1, 1, -5, -1, -5, -6, -8, -2, 1, -16, -5, 12, 8, 8, 4, 0, 9, 8, 1, -2, 5, -6, 0, -7, 7, -2, -7, -1, -13, -8, -3, 17, -8, 10, -8, -11, 8, -9, -10, -7, 9, -7, 6, -15, 17, 9, -6, 9, -3, 4, 2, -2, -4, -4, 3, -1, -7, 3, 10, 3, 3, 2489, -769, -3763, -1104, -795, 2484, 2058, 2323, 1871, -1899, -7729, 1503, 4101, 2156, 7769, -6414, -6499, -1582, -2192, -57, 510, -4855, 8582, 2354, -9005, 10590, 9284, 3905, 1250, -4599, -236, 3659, -21751, -11579, 3939, -9330, 4741, 1807, -5984, 13437, 16898, 4600, 7239, 5167, 3419, 12101, -23859, -17466, 7682, -14845, -16327, -2575, -2237, 7527, -6217, -13664, 29168, 20340, 12232, 17159, 13801, -19105, 6498, -12050, -15065, -1827, -22418]
[0, 0, 0, 1, -2, 0, 2, 2, -2, -6, 5, 3, -2, -3, -2, 1, 1, 5, 3, -1, -6, 2, 0, -2, 5, -5, -3, -1, 3, 6, 2, -7, 3, 3, -4, 3, -9, 3, -5, -6, 13, 5, -4, 4, 9, -2, 10, 1, -3, -5, -14, 1, -1, 1, 0, 0, -6, -4, 13, 6, 8, -8, -3, 1, 0, -8, -5, -4, -7, 13, 4, 12, 3, 1, -3, 9, 2, -14, -3, 11, 0, 8, -2, -11, 12, -5, 7, 0, -3, 10, -12, -5, 5, 3, -3, 9, -1, 9, 9, 7, -14, 9, 3, -2, 0, -5, -5, -5, -1, -11, 4, -7, 3, 12, 11, -1, 8, -7, 11, -1, 20, -2, 1, 1, -4, -15, -1, 16, -3, -11, 7, -3, 7, 10, -6, -9, -6, 8, 16, -2, 6, -5, -1, 15, -3, 33, 3, -7, -34, 38, 37, -37, -24, -9, 39, -2, 21, 19, 20, -27, -45, 3, 30, -10, -27, 56, 13, 4, -4, -10, 16, 16, -6, 11, -3, -15, -2, -3, -13, -3, -79, 63, -4, 1, -9, 26, -5, 37, 27, -15, 28, 11, 36, -3, -33, 28, 8, 1, 19, -9, 24, 27, 24, -3, -23, 10, -11, 21, -1, -40, -2]
[0, 0, 0, -1, 1, 1, -2, 0, 0, 1, 3, -4, 1, 0, 1, 0, -6, 2, 2, 5, 4, -3, -8, 2, 3, -2, 4, 2, -2, -8, -4, 2, 2, 6, -1, -3, 3, -4, -4, 2, -5, 7, 9, -3, -4, 0, -10, 5, -3, -7, 10, 7, -2, -2, 2, -3, 6, -3, 10, -4, -8, 3, -4, -8, 3, 1, 9, -5, -2, 3, 10, 4, 6, 5, 1, -8, -3, -5, -9, 4, -1, -3, -13, -6, -3, 11, -6, -1, 7, -17, -3, -1, 3, 7, 5, -3, 5, 4, 9, -15, -19, -4, 12, 0, -4, -4, 1, 9, -9, 18, -8, 7, 4, -9, 1, 7, 17, -11, 4, 6, -11, 19, 10, -3, -7, -5, -3, -15, -19, 2, -8, -6, -7, 2, -6, 5, 6, 6, 3, -1, 15, -3, -8, 7, 1, 9, 11, -15, 7, -7, 5, -25, -8, 0, -9, 19, 13, 1, -5, 3, 10, -61, 19, -9, -48, -17, -19, 36, 41, 44, 15, -37, -30, -18, 12, 1, -28, -19, 26, 12, 51, -16, 17, 8, 30, -55, 9, -16, -40, -17, 2, -5, 2, -6, 13, -20, -32, 27, -20, 5, -21, 5, -8, 18, 35, 12, 1, -16, 4, 12, -16]
[0, 0, 0, -1, 1, 1, -1, -2, 1, 2, -2, 1, 0, 0, 1, 0, -3, 0, 5, 1, 0, -5, 1, -1, -4, 3, 2, 5, 4, -4, -7, 2, -4, -1, -1, -1, 4, -9, 2, 2, -6, 6, 9, -4, 2, 9, -12, -2, -2, -3, 1, -1, 4, -2, 0, 3, 8, -1, -4, -5, -3, -3, -4, -6, 1, 5, 9, 12, -1, 11, -2, -3, -2, -3, -1, -7, 0, -8, -7, -5, 9, -8, -9, 4, -11, -3, -4, 0, 10, -2, 8, -1, -2, -3, -3, -13, 4, 1, -7, 2, 7, 6, 1, -9, -5, -12, 5, 1, -22, 15, -2, 2, -10, -1, 12, 17, -13, 6, 4, -18, -16, -1, 0, 2, 8, 13, 10, -4, 3, -15, 12, -5, -4, -4, -9, -12, 2, 8, -22, 9, -9, -11, -2, -6, -1, -14, -4, 3, 12, -14, -23, 16, -22, 53, -35, -4, -15, -13, 27, 0, 22, -28, 24, 5, 14, -60, -21, -8, -7, -24, 13, 13, 20, 18, -11, -21, -23, -10, -36, -5, 24, -24, 2, -7, 23, 7, -12, -14, -18, 0, -22, -9, -26, 3, 28, -13, 6, -10, -10, -5, 5, -22, -2, -16, 19, -6, 9, 2, 0, 12, 1]
[0, 0, 0, 1, -1, -1, 2, -3, 2, 2, -2, 3, -3, 1, -4, -2, 1, 3, 4, 4, 3, -11, -2, -6, 2, 4, 0, 7, 6, -2, 0, -3, -1, -1, -10, 0, -5, -1, 3, 14, -2, 4, 2, -1, 5, -2, 11, -4, -4, -2, 5, -7, -4, -5, -5, 4, 2, 0, -5, 4, -9, -2, 8, 5, -1, -2, 4, 4, -6, 4, 6, 5, 16, 5, -16, -2, 3, -1, -13, -11, 1, 11, -14, -2, 17, 1, 4, -7, -3, 5, 4, 7, 0, 12, -2, 6, 6, 6, 4, -8, 10, 6, 16, -13, -1, -5, -12, -5, 0, 4, -18, -12, -4, -9, 2, 27, -5, 4, -2, -1, 2, -5, 11, 4, 5, 5, 6, -1, 12, -10, 7, 1, 3, 1, -3, -7, 4, 15, -10, 0, -3, 13, 2, -2, 37, 1, -35, 13, 26, 22, -40, 43, -46, 29, 1, -34, -36, -5, 13, -19, 74, -12, -23, 21, 71, -1, -35, 8, -7, -54, 4, 40, 22, 25, -13, -20, -7, -5, -12, 1, -7, -1, 33, -10, 1, 37, 22, 12, -16, 26, -24, -3, 6, 5, 12, 49, 43, 5, 8, -14, -4, -53, 0, -16, -1, -10, -4, -12, 18, 13, -11]
[0, 0, 0, 1, -1, -1, 2, 0, 2, 0, -4, 3, 0, 0, -3, -3, -1, 2, 1, -3, 1, -2, 4, 0, -5, 8, -1, -4, 2, 0, 7, 0, 4, 0, 5, -6, -3, 0, -6, 10, 8, -6, -11, 7, 6, -2, 4, -4, 3, -2, 5, 1, -11, -9, -4, -5, -2, 12, -17, 7, -7, 9, 4, 9, 1, -1, 4, -1, 4, 4, -5, -2, 6, -2, -6, -5, 0, 17, -2, -6, -3, -3, 0, -1, 10, 1, 6, 8, 1, -1, -1, 5, -2, 0, 0, 8, 7, -3, 6, 6, 16, -11, 0, 7, 8, 19, -7, -12, 13, -2, -2, 1, -6, -8, -16, 14, -10, 10, -8, 0, -5, -6, -14, 5, -1, -4, -3, -10, 15, 7, 12, 10, 6, -12, 11, -1, 8, -9, -15, -3, -12, 10, 6, 1, 20, 3, -28, -2, 2, 3, -43, 28, 39, 5, 18, 15, -7, 14, -5, 39, 15, 25, 4, 0, -8, 17, 0, -35, -11, -41, -12, 9, 16, 28, 8, -8, 40, 51, -11, 22, 2, 16, -19, 37, -21, 45, -7, 3, 58, -27, -39, 16, 19, -2, -26, 30, -21, -17, 1, -6, 17, -6, -8, -18, -29, -5, -4, 6, 10, -3, -8]
[0, 0, 0, 0, 2, 0, -1, 1, -2, 1, -2, -2, 4, -2, 2, -1, -5, 1, 0, 0, 5, 1, -3, 3, -8, -1, 11, -4, -6, -9, -1, 7, 5, 9, 5, 6, 3, -4, -6, -3, 0, -1, 0, -2, 2, 10, -5, -2, 10, 1, -6, 0, -4, -5, 7, -6, -8, -3, -2, -5, -1, -4, -3, -2, 3, -10, 3, 0, 5, -4, -9, 0, 0, 3, 9, -9, -5, 22, 1, 16, 9, -2, 5, 4, 5, 5, -2, 5, 2, -13, 13, 5, -5, 6, 7, -7, -10, -7, -2, 0, 6, -16, 0, 1, -6, 1, 4, -3, 2, 8, 2, -5, -10, 5, 0, -5, 17, -14, 13, -6, -3, 12, -9, -1, -4, -6, -6, -25, -9, 4, -12, -1, 8, -8, -8, 6, -4, 8, 3, -10, 5, 12, 3, -18, -30, -3, 30, -10, -11, -17, 4, 10, 25, -16, 19, 41, 52, 29, 7, 10, -4, -35, 20, -25, -71, 8, -13, 34, 30, 76, -37, -15, 8, -48, 0, -8, 22, -30, 36, 8, 66, -28, 6, 6, 1, -22, -2, -48, 9, 5, 24, -12, -27, -1, -1, -52, -31, 21, 2, -8, -29, 24, -4, 38, 16, 24, 6, -8, -1, 7, -1]
[0, 0, 0, 1, -2, -2, 3, 1, 3, -2, -3, 2, 0, 4, -5, -4, -1, 1, 3, 3, 4, -5, -7, -3, 1, 5, 2, 1, 1, -2, 7, 1, 5, -1, 2, -6, -5, 4, -1, 8, -7, -6, -5, 1, 3, -8, 6, -7, -1, 6, 9, 5, -4, -8, -3, 3, 3, 10, -15, 10, -4, -1, 10, 9, 6, 1, -3, -7, -1, -11, 5, 1, 10, -2, -2, 2, -1, 5, -8, -15, -4, 2, -5, -3, 11, 13, -11, -1, 8, -1, 16, -3, -4, 6, -12, 3, 14, -8, 3, -14, 4, 1, 14, 3, 9, 13, -1, -2, 10, 1, -9, 1, -7, -13, -3, 17, -4, 21, -9, 2, -6, 8, -1, -8, 4, -4, 3, -5, 1, 4, -11, -3, -5, -5, 5, -10, 16, 4, -12, 15, 4, -5, 5, 5, 293, -1633, 321, -23, -335, 2524, 4644, 607, -639, -3931, -7666, -2764, -4917, 7078, 4525, 4475, 2349, 3491, -7295, 3087, 4240, -4467, 7824, -12255, 3444, -9717, -3181, -3711, 11046, -5147, 4339, 3774, -11188, 9274, -6094, 14887, -1318, 5175, -5689, 15603, -9838, 11243, 4278, -12860, -11112, -21411, -12522, -15484, 9616, -7700, 25017, 6887, 24097, 19000, 591, -2425, 3248, 3258, 8031, -11810, -16398, -17902, -24565, -16333, 2357, 14949, 5845]
[0, 0, 0, 0, 0, 1, -1, -1, 0, 2, -2, 2, -3, -3, 0, 2, 6, 2, 3, 1, -5, -5, 5, -7, 0, 6, -1, 1, 4, -3, -6, -5, 1, -6, 1, 0, -2, 6, -1, 10, 0, 0, 3, 10, 3, -9, 3, -8, -5, -4, 9, -5, -4, 7, -4, 9, 2, 2, -5, -5, 0, 6, 6, 2, -12, 2, -8, -12, -8, 0, 1, 12, -11, 14, -6, 1, 4, 8, 7, 9, 8, 9, 2, 10, 3, -2, -3, -9, -16, -13, -18, 5, -11, -1, 2, -1, 6, -2, 21, 0, -7, -3, 1, 6, 1, 6, 1, -7, -5, -6, 12, -7, 13, -4, 5, -12, 3, 0, 4, 17, -3, -16, 3, -2, -2, -1, -9, 1, 0, 0, 9, -5, 5, 0, -1, -8, 3, 16, 9, -5, 20, 4, 12, -9, 718, 1733, -549, -503, -772, -2529, -5453, -2082, 1162, 4647, 6703, 6306, 6645, -5896, -1189, -4719, -3634, -5117, 2736, -6264, -7672, -689, -2578, 14832, -2676, 13801, 5244, 6941, -7560, 3058, -6506, -1325, 1449, -8003, 6644, -19353, 3438, -2890, 6159, -15985, 13862, -15618, -2354, 3484, 16334, 27991, 9927, 15390, -8597, 8704, -25839, -5346, -32452, -11190, -13584, 4757, 2333, -2966, -6183, 22576, 30645, 13036, 24474, 3572, -9733, -32622, -7057]
[0, 0, 0, -1, 2, 1, -2, 0, -2, 3, -1, -3, 1, 1, 2, 1, -2, -1, -1, 0, 4, 3, 5, -3, -8, -3, -3, 4, 3, -2, -1, -1, 1, -6, -1, 5, 10, -5, 3, -3, 2, -1, -3, 11, -3, -1, 1, -7, -7, -4, 1, -1, 5, 8, 0, 7, 0, 7, 0, 2, -18, -3, -3, -10, -2, 2, -1, -11, -7, 13, -3, 7, 0, 12, 8, -8, -10, -1, 8, 3, 10, 5, 6, 7, 1, -11, 7, -18, -6, -11, 2, 9, -4, -3, 2, -13, 9, 4, 3, -4, -27, -10, -9, 8, 7, 8, -4, -3, 2, 11, 4, 7, 13, -5, -10, -1, 16, -15, 6, 8, 2, -7, -7, -7, 0, 3, -8, 0, -11, -17, -11, 3, -5, 0, 7, -1, -7, 6, -2, -6, 13, 2, 5, 1, 2927, -746, -3969, -1219, -1318, 2652, 1981, 1637, 1686, -1717, -8114, 2771, 4769, 2631, 9484, -6280, -6561, -1864, -4369, -1848, -545, -7446, 11503, 3051, -8809, 10518, 9342, 5248, 4278, -3920, -1810, 4974, -26761, -10718, 3056, -9621, 5036, 2903, -6300, 15960, 19534, 4280, 7731, -215, 2480, 12322, -24707, -21388, 9205, -17779, -14161, -286, -1483, 14128, -6283, -12675, 31404, 21835, 12718, 18134, 12322, -24982, 1769, -19273, -18296, -1938, -22190]
[0, 0, 0, 1, -2, -1, 2, 2, 1, -6, -1, 2, 3, 2, 0, -2, 2, -1, -3, -4, -1, 6, 4, 4, -7, -2, -7, -5, 0, 7, 3, 6, -1, -2, 13, 3, -2, -1, -4, -8, 1, -12, -7, 1, -9, 2, 0, -1, 8, 6, -12, 7, 9, 1, 9, 1, 1, 2, 5, 9, 8, -14, -7, -17, 2, 2, -2, -9, -1, 0, -9, -2, -12, -10, 5, 5, 0, 5, 2, 12, 9, -6, 13, -6, 2, -7, -8, 6, -7, 6, 13, 0, -4, -6, -9, 6, -2, 2, -17, -11, -11, -2, -9, -2, -3, 3, 2, -2, -1, 0, 9, 2, -8, 21, -2, -2, -6, 4, 11, 2, 4, -7, -12, -8, -4, -3, -1, -9, 9, -8, -11, -8, -7, -7, 5, -18, -1, 13, 13, 1, -6, 5, -11, 5, 29, -25, 3, -6, -9, 8, 25, -25, 18, 5, -1, -4, -24, -19, -29, -34, -19, 33, 16, -2, -24, 0, 31, -25, -31, -21, -43, -5, 0, 20, 16, 16, 50, 15, -23, -29, -41, 10, -12, 38, -44, 24, 14, 3, 45, -15, -13, 1, 21, -9, -47, -32, -36, -32, 24, -31, 28, 21, 6, 3, -47, -8, -1, 14, -8, -1, 22]
[0, 0, 0, -1, 1, 0, 0, -2, -2, 4, -2, 2, -1, -2, 5, 0, 2, -2, -1, 3, 3, -5, 7, 3, -3, -1, -1, -2, -3, -1, -8, -2, -6, 8, -5, 4, 1, -4, -4, -5, -4, 6, 15, 0, 4, 12, -3, 4, 5, -11, -12, -5, 9, 0, 1, 1, 1, -4, 8, -8, 11, -1, -3, -6, 0, -2, 7, 5, 1, 8, 13, 4, -11, 5, 0, -4, -4, -13, -10, 13, 6, 2, -7, 4, -13, -9, -3, -1, -4, 0, -3, 3, -1, -3, -6, -2, 0, -3, 7, 1, 12, 5, 1, -10, -11, -3, 5, 7, -3, 2, -6, -10, 10, 16, 9, -12, -4, 3, 3, 0, 0, -6, 5, 1, 5, 13, 11, 17, 23, -10, 12, -5, -15, 4, 4, -7, -1, 14, 4, 5, 0, 19, -9, -7, -9, 12, 3, 29, -21, -35, 11, 6, -31, -3, -6, 2, -5, 12, 20, 9, -25, -35, -14, -7, 18, -1, 3, 30, 1, 15, -18, -20, 12, -21, -2, -31, -7, -37, -16, -10, 28, 15, 58, -46, 29, -5, -23, -30, 15, 7, 6, -9, -49, -1, 54, -27, 6, 18, 32, 48, -33, 29, 2, 10, 42, 1, 0, -18, 1, -30, 3]
[0, 0, 0, 0, -1, 0, 1, 1, -1, 0, 0, -1, 0, 2, -2, 0, 5, 0, -5, -2, 2, 2, -3, 4, 7, -9, -2, -1, 1, 7, 4, -6, -6, -4, 4, -4, -8, 10, 7, -1, 0, 1, 0, -7, -4, -5, 7, 1, 1, 0, -6, 7, 6, -1, 4, -3, -9, -1, -5, 1, 5, 8, -3, 5, -11, 16, -8, 1, 9, -10, 12, 1, -9, -3, -1, 11, -2, -9, 1, -15, -15, 2, 10, -1, 0, 5, 1, 5, -8, -6, 7, -10, -4, -10, -5, 12, 3, -5, 4, 0, -4, -7, -16, 9, 9, 7, 11, -5, 18, -9, -4, -1, 15, 0, -6, -6, -4, -4, -19, -1, 4, -11, 7, 0, 1, 1, -1, 11, 0, 13, -3, -7, 5, -3, 19, -10, -1, -12, -5, 2, -14, 8, -8, 11, 22, -64, -20, -8, 22, 4, 17, 3, 24, -1, -15, 8, -18, 26, -46, 24, -35, 42, -8, 14, 6, -16, 39, -69, -62, 16, -17, -27, 4, -33, 19, 31, 15, 44, 14, 12, -20, -6, 8, 26, -74, -27, 15, -33, 41, -6, 11, -34, 11, 12, -51, 54, 18, -25, -6, 39, 12, -1, -24, -18, -14, -23, 0, -6, -1, -3, 6]
[0, 0, 0, 0, 1, 0, -2, -1, 2, 1, 1, 0, -4, 2, 1, 1, -1, -1, -1, -4, -4, 5, 5, -5, 3, 3, 0, -2, -3, -4, 1, 7, 3, 0, 0, -1, 3, -2, 2, 0, 1, -6, 0, 0, -1, -8, -13, 2, 7, 7, 3, 0, -4, 5, -2, -2, 0, 12, -4, -4, -2, 7, -4, -6, -4, 8, -1, -3, 0, -4, -10, -3, -3, -10, 4, -2, 8, 2, 1, 6, 10, -9, 6, 5, -5, -7, -2, 12, 5, -3, 2, 0, -4, 6, -9, -8, -2, -4, -4, -2, 21, -3, -2, -2, -4, 1, 12, -7, -8, 3, 6, -3, -16, -6, -13, 12, -13, 14, -4, 7, -12, -14, 9, 7, -14, -16, -2, 1, 17, 5, 1, 0, -6, -1, 5, -3, 6, -2, -19, 25, -22, 3, 0, -6, -6155, 1219, 9760, 4506, 824, -4755, -5937, -9442, -4708, 4252, 20319, -1394, -7278, -5659, -17525, 13587, 16521, 5233, -2050, 56, -6331, 10617, -17542, -1192, 26144, -22151, -22475, -9672, 1753, 5600, -2471, -10007, 45686, 24714, -7391, 20900, -11357, -749, 19920, -26059, -36448, -11359, -17643, -22246, -13350, -28301, 59338, 42177, -20316, 33567, 39993, 10026, -2102, -8410, 7497, 36644, -68226, -44007, -27124, -41291, -20525, 37845, -17823, 17923, 34510, -8641, 51639]
[0, 0, 0, 0, 1, 0, -2, 1, 2, 0, 1, -2, -2, 1, -1, -1, -1, 1, 3, 3, -4, -1, -9, -5, 8, 5, 5, 1, -3, -9, 3, 8, 10, 1, 3, -5, 2, 2, 3, 0, -10, 2, -3, -3, -1, -9, -3, -3, 3, 9, 20, 2, -5, -3, -1, 1, -11, 0, -9, 5, -2, 14, 10, 8, 1, 0, -10, -4, 3, -19, -3, -14, 7, 5, -6, 8, 14, 12, 4, -10, 15, -3, 7, 6, -1, 7, 6, 1, -3, -8, 17, 5, 0, 1, 5, -4, -8, -7, 11, 5, 1, -7, 10, -1, 3, 0, 13, 3, 0, 13, -1, 0, 4, -14, 3, 5, 8, 2, 5, 2, -7, 7, 6, 5, 1, 3, 5, -20, -14, 1, -12, 5, 13, -3, -6, 10, 2, 6, 4, -6, 17, -1, 2, -1, 26, -35, 18, -21, 15, 31, -22, -6, 19, 3, 13, 34, 58, 5, 24, -2, 3, -20, 8, 0, -31, -32, 3, 19, 19, 55, 17, 4, -4, -6, 48, -4, -18, -15, 51, 23, 6, -9, -41, 6, 26, 8, 70, -11, -9, 14, 33, -15, 40, 6, -32, 23, -3, 6, -8, -23, 27, -23, -13, 12, 10, -1, -8, -8, 8, -5, -29]
[0, 0, 0, -1, 2, 1, -2, -1, -3, 3, 4, -3, -1, 0, 3, 2, -1, -2, -2, -4, -2, 6, 4, 0, 3, -9, -3, 2, 3, 2, -5, 9, -4, 0, -8, 6, 9, -1, 3, -7, 1, -5, -8, -4, 0, -4, 5, 7, -3, 7, 6, -5, 1, 7, 3, -10, -7, -2, 10, -8, 3, 1, 2, 1, 0, 7, -7, 4, -2, -12, -2, -5, 5, -12, 6, 6, -8, -2, 10, 1, -2, 0, 9, -9, -4, 6, 7, -4, 3, 10, -7, -10, 12, 9, -6, 0, -6, -9, -12, -3, 4, -1, -9, 9, -4, 0, -2, 3, 6, -8, 3, -3, 1, -1, 3, -14, 14, -20, 1, -9, 11, 10, 8, 2, 19, -13, -1, 4, -10, 16, -15, 2, -1, 2, -16, 10, -15, -6, 19, 8, 0, -8, 3, -4, -52, -33, 33, 2, -15, -12, 30, 18, 8, -21, 16, -15, 47, -17, -12, 3, -18, -21, -8, -2, 13, -17, 16, 32, 2, 18, -15, -17, -31, 5, 18, 50, 7, -25, 18, -67, 30, -54, 31, -14, 14, -23, -37, -22, -4, 51, 21, -15, -37, -17, 24, 2, 4, 0, 0, -28, 0, -13, 9, -13, 26, 2, -3, -12, 11, -5, -24]
[0, 0, 0, 1, -1, 0, 2, -1, 2, 0, -3, 2, 0, 0, -6, -2, 4, -1, 0, 2, -2, -3, -3, -3, 0, 7, 10, 0, -2, -4, 0, 0, 11, 2, 7, -4, -10, 4, -2, 11, 0, -4, -4, 5, 1, -2, 6, -13, -2, 7, 9, -4, -7, -6, -7, 2, -6, 0, -16, 1, 7, 7, 17, 16, 0, -7, -11, -3, 5, -12, -6, -5, 5, 9, -5, 0, -4, 19, 9, 2, 4, 7, -4, 6, 10, 6, 0, 1, -15, -11, 10, 5, -4, 4, 8, 7, 7, 2, 11, 10, 9, -9, 8, -8, 7, 5, -7, 2, 14, 6, 5, -1, -7, -15, -2, 0, -5, 7, 0, 0, -9, -2, -13, 5, -2, 4, -4, -15, -2, 5, 0, 13, 20, -11, 2, 1, 1, 1, -6, -12, 4, -1, 8, -1, 7, 5, -3, -7, 20, 14, -55, 16, 2, 2, 28, 10, 28, 44, 13, 15, 8, 21, -22, 3, 6, 32, -10, 7, 22, 0, 17, 37, 2, -42, -11, -40, 31, 22, 27, 46, 0, 13, -29, 12, -12, 35, 40, 8, -6, -43, -4, 24, 12, 13, 4, 8, 20, 11, -5, -7, -8, 1, -14, 10, -7, -13, 1, -10, -1, 2, -7]
[0, -1, 2, 0, -1, -1, 0, 1, 1, -1, 1, 0, 0, 2, -1, -1, -1, -1, -2, -1, 0, 4, -6, -2, 3, 2, 6, -2, -5, 0, 4, 6, 5, 3, -3, 2, -7, 3, 0, 2, -3, -8, 0, -5, 0, -5, -5, -4, 4, 2, -4, 7, 0, 3, 10, 2, 3, 4, 11, 2, 0, -9, -6, -11, 0, 9, 2, 3, 0, -18, -8, 2, 7, -3, 10, -6, -2, 5, 1, 2, 0, -4, 0, -6, 13, 3, -17, 8, 11, 1, 8, -9, -8, 12, -13, 1, 12, 8, 1, -16, 1, 3, 10, 3, -21, -4, 3, -4, -6, 6, 8, 6, -17, 1, 9, 15, 13, -4, 4, 11, -12, 5, -4, 1, -14, -24, -10, 2, 3, 1, -5, -13, 8, -1, 0, 6, 7, -2, -12, 10, 2, -3, -6, 6, 91783, -41083, -135728, -64869, -16736, 99261, 154341, 157734, 54321, -108342, -387716, -36713, 3527, 173104, 292054, -123810, -188363, -8012, -34227, 50719, 179171, -204963, 355834, -198926, -324735, 106214, 250782, 60445, 130725, -103228, 98579, 216892, -754808, -182052, -33400, -7006, 127427, 84477, -414691, 597900, 335095, 330038, 280514, 138262, 19236, 13901, -969820, -865677, 461614, -641728, -132279, -26953, 510874, 413279, 59809, -545946, 897584, 636619, 451933, 298092, -197537, -790290, -171227, -408062, -418844, 569026, -574891]
[0, 0, 0, 0, 0, 0, 1, -2, -1, 3, 2, 3, -2, -2, -1, -7, 0, 1, 2, 4, 1, -2, -5, -2, 3, 3, 0, 1, 2, -2, 2, 3, 5, 8, -6, 1, -3, -3, -3, 6, 0, -4, -5, -3, 3, -2, 3, -4, 2, -2, 15, -1, -2, -4, 0, -2, -7, 9, -3, -4, -8, 11, 12, 8, 2, 3, 1, 5, 3, -15, -4, -2, 14, -4, -4, -2, 9, 6, -2, -10, -6, -2, -4, -9, 13, 5, 0, 10, 2, -1, -11, 0, 3, 23, 6, 9, -4, 7, 6, 8, 9, -7, 3, 1, -3, -6, -7, -2, 15, 3, 12, -6, 2, -9, -5, 9, 9, -4, -2, 2, 2, 14, 7, 17, -8, -9, -11, -15, 2, 6, -2, 4, 17, -2, -14, 22, 1, -9, -3, 2, 18, -1, 1, -10, 21, 8, 31, -7, -8, 11, -17, 18, -10, -24, 33, 19, 32, -4, -2, -8, -9, -36, -11, 22, -3, 29, -7, 31, 18, 40, -19, 20, 1, 7, 25, -48, 23, -15, 24, 29, 48, 16, 3, 12, 19, -21, 31, -14, 5, 15, 34, 11, 1, -9, -21, 2, -24, -5, 0, -14, 0, -17, -22, 11, 7, 4, 5, -10, 5, 31, -11]
[0, 0, 0, 1, 0, -1, 2, 1, -2, 1, -1, -3, 7, -2, -3, -4, -3, 1, 0, 1, 1, 1, -6, 5, -3, -3, 9, 3, -5, 0, 1, -1, 5, 7, 2, 12, -1, -2, 3, -5, 1, -5, -10, 2, 0, 1, 7, -2, 0, 8, -7, -5, -1, -3, 4, -4, -6, -10, -2, 1, 8, 1, 7, -3, 1, -8, -8, -6, 1, -2, 0, 10, 14, -7, 5, -1, -7, -1, 1, -2, 0, 27, 8, -2, 10, 9, -5, 5, -7, -6, 27, 5, -5, 11, -2, 3, 0, -10, -2, 10, 1, 0, -5, 1, 2, 13, -6, 13, 18, 1, -4, -12, -12, 4, 1, -5, -6, -4, -3, -14, 2, 13, -13, 4, 0, -16, 10, -7, -6, 5, -8, 2, 6, 0, -8, -2, -10, -5, -9, 0, 3, 1, 20, -2, -3, 4, 29, -2, 30, -4, -5, -19, -21, -14, 28, 12, 31, 52, 14, 1, 9, -37, -2, 18, -13, 32, 14, 38, 28, 63, -68, -18, 7, -34, -9, -22, 24, -2, 43, 31, 58, 29, 33, 10, -3, -3, 3, 35, -40, -40, 4, -18, 5, -31, 9, -13, -15, 15, 6, -20, -54, 16, 10, 13, 32, 26, 6, -7, 5, -12, -14]
[0, 0, 0, 0, -1, -1, 0, 2, 0, -3, 3, 3, 1, 0, 1, -5, 2, -4, -3, 0, 1, 8, -2, 1, 0, 1, -6, -5, -1, 2, 8, 8, -4, 6, 2, 1, -7, -4, -3, -9, -4, -5, -3, -3, -4, 1, -1, 7, 9, 2, -9, -6, 9, 3, 11, -1, 4, 2, 5, 4, 5, -5, 6, -6, 10, -2, -3, 5, 6, -10, -3, -4, 0, -15, 3, 0, 3, -2, -11, 2, -18, -10, 0, -11, -6, 4, 1, 12, 0, 14, -6, -7, 0, 8, -6, 18, -8, -1, -13, -7, 12, 4, 4, -4, -5, -18, 6, 4, 3, -9, 11, -13, -9, 12, 1, 12, -2, -6, 7, -15, 10, 1, 9, 10, -6, -5, -14, -4, 15, 14, -4, -3, 2, -2, -12, 1, -5, 3, -5, 13, -5, 7, -13, -2, 47, -43, 46, -24, -3, 7, 8, -30, -11, -2, -20, 13, 7, -34, -21, -26, -33, 32, -13, -19, -13, -12, 19, -13, -8, 42, -38, -24, -9, 6, 25, 30, 27, 6, 26, -53, 15, 5, 3, 25, -17, -27, 19, -15, 33, 7, 52, 10, 21, -21, -77, -5, -38, -28, -37, -2, 44, 3, -24, -14, -32, -30, -12, -10, -14, 9, 30]
[0, 0, 0, 0, 0, 0, -1, -1, 0, 3, 1, -2, -3, -1, 2, 3, 3, 0, -1, 3, -3, -3, 0, 3, 4, -2, -7, 1, 3, 2, 1, -10, 0, -10, 0, -3, 8, 3, 8, 0, -1, 9, -4, -3, -13, -7, 1, 14, -3, -3, 4, 0, 6, 5, 2, 5, -1, -1, -2, -12, -6, 12, -4, 4, -4, -3, -4, -10, -3, 4, 16, 5, -7, 6, -2, 13, 7, -12, -7, -12, -6, -1, -1, 5, 0, 1, 9, -5, -4, 3, -7, -6, 15, -12, 8, 3, -11, -1, 1, -6, -9, -6, -5, 3, -3, -5, 0, 10, 6, -11, 5, 2, 18, -2, 2, -21, 8, -2, -11, -1, 7, 7, 2, -3, -3, 11, 0, 15, -16, 1, -19, -7, 3, 14, 4, -5, 1, -5, 22, 1, 6, 9, -4, 7, -18, 20, -3, -33, 25, 2, 16, -4, 5, -22, 0, -18, -36, -2, -4, 12, -21, -6, -36, 0, 36, -31, 16, -4, -39, 5, 34, -28, 2, -8, -18, 25, -28, 2, 28, 36, -2, 16, 6, -11, -6, -51, -20, 4, -24, -10, -23, -9, -5, -2, 19, 33, 1, 34, -4, 35, -8, 18, -15, -19, 10, -12, 0, -23, 10, 0, -9]
[0, 0, 0, -1, 2, 0, -1, 0, -4, 5, -2, -1, 2, 0, 5, -1, -5, 0, -1, -6, 9, 1, 6, 2, -8, -6, 1, 2, 5, -2, -5, 2, -10, 7, -8, 10, 5, -3, 0, -2, 4, -4, 0, -7, 2, 6, 1, -2, 4, -5, -9, 4, 3, 1, 8, -3, 5, 4, 6, -3, -6, -13, -14, -11, -5, 10, 16, 17, -6, 15, -9, 3, -2, -7, 10, -14, -17, -4, -8, 8, 6, 6, 4, -1, 12, 1, -3, -3, 2, 0, -14, -3, -8, 13, -9, -1, 1, -2, -5, 0, 7, -4, -4, 6, -11, -3, 0, -7, 16, 2, 2, -3, -1, 4, 0, -8, 10, -21, 13, -16, 0, 7, -2, 3, 5, -4, -4, 13, 1, 2, 5, -5, 0, 1, -3, 9, -5, -13, -13, 4, 10, 12, 4, -2, -30, -17, -7, 49, -52, -53, 28, 43, -8, 7, 0, 26, 10, -11, -28, 17, -12, -38, 8, -7, -20, 29, -34, 6, 21, 8, -34, 22, 31, 5, -7, -5, 10, -9, -4, -27, 28, -29, 40, -23, -20, -20, -64, -51, 39, 77, -1, -19, -30, 13, 12, -44, -10, -4, 21, 2, -32, -12, 4, 11, 1, 9, 8, 9, -3, 2, 9]
[0, 0, 0, 0, 1, -1, -2, 2, 4, -1, -5, 0, 2, 3, -1, -1, -1, -2, 0, -3, 0, 2, -1, -1, -2, 6, 4, -1, -1, -7, 3, 7, -1, -3, 10, 2, 2, -2, 0, 1, -7, -7, -2, 7, -4, -5, -4, -4, -4, 5, 11, 1, 3, -4, 0, 2, -3, 5, -11, 16, 0, 2, 2, -4, 2, -1, -1, -8, 2, -3, -8, -9, 0, 4, -8, -5, -7, 15, 8, 0, 6, 8, 16, 5, -9, -1, 4, -5, -3, -5, 15, 5, -13, -5, 1, -1, -4, -4, -7, -7, 10, -3, -1, -6, 24, 12, 10, 4, -6, 22, -1, 0, -7, -9, -9, 2, -19, 8, -5, -3, -16, -14, -3, -12, 3, 15, 9, -3, 4, 7, 6, 20, -11, 1, 0, 1, -3, -2, -13, -8, 6, -4, -1, 2, 3, -30, 5, -7, 39, 2, -58, 8, 19, 43, -48, 17, 12, 1, 14, -5, 12, 19, -10, 3, 1, -20, 13, -13, 6, -10, 12, -8, 1, 7, 7, 6, 4, 35, -6, 13, 13, -38, -16, 13, 6, 9, 15, 22, -27, 12, -32, -2, 14, 2, 9, 19, 25, -22, -7, -33, -14, -46, 1, -19, -13, -4, 10, 8, 1, 29, -9]
[0, 0, 0, 1, 0, -2, 2, 0, 0, 0, -2, -1, -1, -1, 6, 0, 0, 3, -3, -7, -2, -1, 2, 12, -2, 2, -4, -3, -2, -2, -2, 1, -2, 0, 5, 6, 2, 1, 2, 1, 8, 0, -9, -4, -11, 5, 1, -1, 7, -1, -10, 11, 10, -4, 0, -9, -4, 2, 0, 4, 9, -9, 1, -17, -2, -18, 4, -7, -1, 14, 3, 2, -5, 3, -6, 9, 1, -2, -2, 10, 8, -2, 11, -4, 13, 4, 1, 6, -12, 2, 9, 1, 5, -2, -10, -2, -5, 0, -9, 4, -6, 0, -8, 1, -6, 19, -3, 0, -2, -8, 4, 4, -6, 17, -8, -10, -11, 5, 3, 0, -2, 12, -24, -7, -12, 2, 6, 6, 8, -3, -6, 3, -7, -5, 9, 1, -5, 12, 23, -5, -15, 3, -4, 11, 4845, -5121, -7377, -2698, -871, 9773, 17290, 11126, 2375, -12577, -33336, -11075, -12024, 19239, 21310, 1208, -4223, 9622, -9455, 11101, 20483, -15275, 30839, -36387, -14213, -18337, 5748, -6991, 24048, -11354, 14698, 21190, -52398, 6898, -16581, 33121, 2317, 13577, -38935, 62054, -1302, 39702, 21336, -10349, -20643, -44643, -71736, -80762, 45916, -56553, 40170, 10765, 83315, 59458, 24954, -35509, 43654, 36701, 33934, -16942, -64667, -75072, -56490, -40670, -14067, 85343, -15935]
[0, 0, 0, 0, 1, -1, 0, 1, -2, 1, -1, -3, 3, 2, 1, 0, -5, 4, 0, -8, 8, 1, 3, 4, -8, -5, -6, 1, 2, 0, 4, 4, -5, 0, -2, 4, 6, -3, -2, 2, 2, -6, -10, -1, 0, 2, 0, 4, 4, -1, 4, 5, -5, -9, 6, -8, 9, 3, 4, 4, -23, -7, -14, -13, 3, 4, 11, 1, -1, 12, -8, 2, -1, -9, 7, -8, -8, 7, -3, -7, -7, 1, 4, -6, 16, 7, -1, 0, 9, 4, -4, -1, -4, 1, -7, -4, 0, -7, -15, -20, -12, -2, -10, 20, -5, 8, -5, -16, 1, -8, -6, 3, -3, 4, -6, 12, 4, -16, -3, -3, 6, 10, -9, -11, 6, -12, -5, -7, -12, 9, -8, -13, -10, -6, -1, 5, -3, -3, -6, 11, -1, 2, 4, 8, -32, -49, -32, 6, -22, -28, 24, 23, 60, 14, -4, 12, -26, -12, -31, 38, 36, -21, 9, -15, -69, -12, -15, -53, -35, -41, -40, -24, 24, 38, -3, 64, 15, 31, 17, -33, 6, -33, 6, -10, -18, -37, -36, -39, 50, 26, -28, -36, -8, -19, -29, -3, -18, 5, -23, -15, 17, -14, -6, -13, -37, 1, -1, 20, -12, 12, -3]
[0, 0, 0, 0, 0, 1, -1, 1, -1, -4, 2, 4, -3, 1, 0, 1, 4, -1, -2, -4, -7, 7, 4, -4, 7, -4, -3, -2, 4, 7, 0, -4, -4, -5, 1, -3, -1, 12, 1, -5, 2, -1, 1, -1, 3, 1, 3, 2, -4, -3, -6, -5, 0, 10, -5, 8, -4, 4, 1, 0, 7, -5, -6, 9, -4, 3, -14, -5, -5, 5, 0, 4, -10, 4, -4, 19, 0, -10, 2, 8, 1, 0, 8, 1, -12, -8, 12, 1, 6, 9, -7, -2, 3, -9, 0, -1, -8, -4, 0, 18, -1, 5, -13, -4, 7, 10, 3, -2, -11, -10, -1, -1, 2, 1, -6, -5, -10, 10, -9, 17, 12, -19, 10, -4, -7, -12, 4, 24, 9, -2, 3, 1, -2, 8, 10, 0, -4, -2, 15, 7, -19, -14, -8, 9, -10659, 7469, 16124, 7735, 1531, -15677, -27129, -22985, -5862, 19931, 57866, 13418, 10100, -30393, -37967, 8548, 18287, -6175, 7825, -15548, -32752, 25404, -48180, 46865, 35300, 6301, -23688, 2788, -25822, 17211, -22575, -30110, 95022, 9504, 14999, -27545, -10864, -14933, 61932, -94432, -19471, -61169, -38732, -11480, 16361, 38536, 133217, 127053, -70486, 90437, -21674, -4041, -109392, -66401, -21931, 73936, -104348, -80074, -64755, -5840, 66841, 112848, 54976, 53110, 37256, -114580, 58118]
[0, 0, 0, -1, 1, 1, -2, -1, 1, 4, 0, -2, 1, -1, 3, -3, -3, -3, 0, 2, 3, -4, -2, 5, -1, 6, -1, 3, 3, -6, -8, 7, -3, 6, 2, 1, 5, -9, 0, -2, -6, 0, 12, -2, -7, 4, -9, -2, -11, 0, 9, 2, 6, 1, -2, -1, 5, -2, 9, 2, 2, 8, 4, -14, 0, -8, 4, 5, 3, 8, 2, 4, 7, -1, 2, -7, -5, -10, -11, -3, 5, 8, -7, -3, -16, -1, -1, 8, -5, -7, 0, 11, 0, 16, 3, -2, 7, 7, 3, -10, 1, 0, 5, -9, 8, 2, 3, 21, -13, 20, -8, -9, 7, 1, 1, 11, -7, -8, -1, -2, -5, 15, 6, -10, -3, 3, 7, -5, 2, -9, 8, 3, -23, 8, -4, 9, -6, 1, -1, 8, 25, -12, -8, 11, 11, -18, 30, 16, 23, -11, -33, -13, -36, 35, -37, 14, 18, -19, 33, -15, -6, -43, -29, 14, 28, 6, -6, 72, 26, 47, -2, -28, -8, 9, -6, 21, -17, -13, 1, 14, 52, -14, 37, -15, 45, -23, -12, 4, -62, 17, -3, -18, -23, -20, 50, 2, 4, 9, 1, -5, -36, -34, 6, -12, 28, 9, 14, -4, 0, 16, -13]
[0, 0, 0, 1, 0, 0, -1, 0, 2, 0, 0, -2, -5, 2, 2, 4, 3, 0, -4, -7, -10, 2, 7, -5, 7, 3, -1, 4, -1, 2, 8, -5, 2, -4, -6, 5, -1, 4, 4, 8, 10, -9, -9, 3, 5, -17, 5, 0, -4, 1, 0, 4, -9, 10, -9, 3, 4, 5, 1, 4, 0, 3, -7, -5, -13, 4, -5, 1, -3, 0, -15, 1, 1, 6, -3, -1, 9, 3, 13, 0, -2, 17, 10, -2, 17, -2, 6, 5, -2, 5, -10, 2, 2, 8, 1, -2, 1, 9, 4, 0, 1, 13, -3, -1, -10, 12, -5, -14, -3, -15, 19, 2, -6, -5, -8, 6, -7, 1, -2, 11, 7, -13, 2, 9, -12, -16, -1, 11, 4, 8, 12, 4, 2, 7, 6, 11, -10, -12, 1, 14, -10, -10, 13, 3, 5, 1, -46, 20, -22, 34, -2, 30, 27, -28, 17, -12, -10, -14, -13, 20, -14, 33, 20, 21, 21, 52, 15, -11, 13, -29, 29, 42, -13, 44, 18, 33, 2, 7, -43, -18, -78, 3, -61, 11, -12, 42, -23, 16, 17, 31, 6, 17, 26, 15, -20, 63, 1, -14, 9, -5, 25, 1, 30, 1, -34, 9, -10, 27, 5, -19, 1]
[0, 0, 0, -1, 2, 1, -2, -2, -1, 2, 2, 0, -2, -4, 2, 5, -1, 1, 8, -3, -2, -5, 0, -4, -2, 4, -3, 4, 6, -2, -12, 14, -6, 1, -3, -4, 4, -1, -4, 0, -3, 7, 1, -5, 4, 3, -4, 1, -1, 0, 13, -3, -1, -6, -1, -11, 10, -2, 7, 2, -3, -7, 8, 0, -3, 3, -3, 5, -4, -9, -8, -13, 0, -8, 1, -3, 4, 9, 12, 4, 10, -7, 1, 7, 7, 16, -14, 1, -3, -1, -10, -7, -15, 6, -17, -9, 10, -14, -2, 11, 2, 2, 0, 5, -8, -5, 3, -2, -16, 1, -7, 4, -6, -2, 4, 2, -9, 13, 16, 0, -11, 4, -1, 4, 6, 4, 9, -17, -18, 12, 9, 4, 13, -9, -10, -6, -5, 9, -5, -8, -2, -4, 17, -8, -2065, -222, 3719, 1482, 281, -1005, -736, -3373, -1173, 545, 3936, -1386, -5439, 674, -4272, 7259, 7007, 3649, -3540, 1276, -1213, 1364, -2521, -6137, 10030, -11665, -8491, -4787, 4517, -1975, 1749, 110, 12035, 14621, -5240, 12843, -3692, 2421, 3089, -6166, -18518, -2660, -3896, -15086, -4260, -16275, 15713, 11541, -3029, 11630, 24302, 5062, 5476, 6317, -1627, 13390, -25196, -19161, -7601, -15145, -7892, 8360, -13139, -1426, 12458, -4159, 22410]
[0, 0, 0, 0, -1, 0, 0, 0, 1, -2, -1, 3, 2, -2, 2, 1, -2, -3, 3, 1, 1, 0, 5, 1, -7, 2, -10, -5, 6, 4, -3, 8, -5, -1, 4, -8, 7, -4, -5, -7, -3, 1, -4, -3, -4, 10, -3, 16, 3, 1, 0, -11, -1, -2, 5, -3, 14, -2, 8, -5, 0, -13, -1, -3, 4, -3, 11, 6, -3, 8, -1, -5, -2, -16, -4, 5, 0, -3, -14, 7, -4, -16, -9, -1, 1, 2, -6, 4, 1, 13, -5, -5, 3, -6, -9, 9, 0, -11, -12, -5, 11, -2, 0, -13, -8, -18, -5, 1, 2, -4, 7, 1, -2, 10, 3, -8, -7, -3, 20, -30, 5, 11, 4, 1, 14, 3, 1, -6, -4, 1, -5, -7, 1, -2, -14, -18, -1, 7, -1, -5, -6, 11, -2, -5, 21, -11, -5, -34, 15, -16, -16, 15, 5, 23, 8, -9, -24, -40, -34, -17, 3, 23, -5, -27, 24, -52, -9, -6, -46, -25, -11, -35, -12, 49, -14, 0, 24, 15, -26, -76, 44, -39, 47, 32, -26, 7, -32, -6, 35, 24, -16, 19, -16, -21, -15, -36, -20, -43, 10, -8, 22, -5, -15, -30, -19, -16, 0, -6, -5, 11, 16]
[0, 0, 0, 0, -1, 0, 1, 3, -2, -6, 5, 2, -1, -1, 1, 1, -3, -1, 4, 2, -3, 1, -9, 2, 10, -1, -5, -6, 2, -1, 8, 8, -1, 3, 1, -5, -5, 6, -7, -9, 0, -3, -6, 3, 11, -4, 1, 11, -1, 0, 1, -1, 3, -5, -5, -3, 2, -2, 9, 4, -1, -2, 11, 5, 2, -7, 3, 0, -3, -1, -10, 6, 13, -13, -3, 16, 9, -2, -9, -18, -5, 0, -1, -9, -1, 7, -2, 7, 12, 13, -6, -8, 9, 6, -2, 1, 1, -5, 10, -2, -3, -5, -3, -10, 2, 6, 8, -7, -5, 6, -4, -12, 1, 7, 1, 20, 5, 6, 7, -4, 11, 17, 22, -1, 0, -24, 6, -16, -5, 12, 1, -6, 5, 7, -11, -11, -4, -4, 6, -7, 6, -7, 8, -7, 15, -12, 13, -24, -6, 54, 25, -24, -18, 20, -1, 0, 35, -12, 29, -3, -14, 16, 18, -29, -25, 5, -23, 10, 19, 21, -13, -47, -26, 26, 48, -11, -7, 0, 4, -19, 24, 2, -16, 18, 18, -6, 35, -23, 4, -9, 79, 37, 23, -6, -68, -11, -16, -23, -24, 19, 65, 14, -6, 10, -15, 2, -16, 8, -13, -17, 25]
[0, 0, 0, 0, 0, 0, -1, 0, 2, -2, 4, 0, -3, 4, 0, -2, -4, -2, -1, 1, -2, 5, -2, -4, 5, 0, -3, 2, 1, 4, 7, 2, 5, -3, -7, -3, 9, -4, 0, 1, -1, -4, -4, -5, -3, -8, -3, 2, -1, 3, 12, 5, -2, 4, -2, 2, -5, 11, 0, 5, -12, 6, -5, 4, 5, 7, 2, 1, 0, -14, -1, -8, 11, -5, 5, 2, 4, -1, 1, -16, -8, -13, 0, -9, -1, -2, 10, 2, 26, 12, -7, -2, 14, 13, 7, -1, -12, 10, -14, -6, 1, -1, 4, 10, 12, -12, -5, -2, -9, 2, -5, 12, -5, -12, -9, 15, 14, 3, -10, 8, 7, 8, 3, 0, -4, -2, -6, -5, -4, 3, -11, 5, 1, 4, -7, 22, 6, -17, 1, 10, -2, -12, -3, -8, 2, 10, 28, -3, -6, -1, 21, -22, 18, -3, -20, 2, 25, -46, 2, 2, 6, -13, 24, -12, 3, -20, -6, -14, 37, 0, 7, 20, -11, 57, 28, 22, -25, 15, 18, 5, 3, 13, -54, -10, 51, -9, 5, 7, -14, 9, 3, 26, -5, 3, -30, 1, -20, -3, -33, -27, 39, -19, 2, 3, 1, -3, -9, 1, 7, -2, -9]
[0, 0, 0, 0, 1, 0, -1, 0, -1, 0, 1, -1, 1, -3, 0, 0, -1, 5, 6, 0, -1, 0, -6, 1, -3, -3, -1, -1, 2, -2, -3, 6, 1, 0, 9, -7, -2, 3, -5, -4, -2, 7, -2, 1, 1, 8, -7, 8, 0, -5, 3, -2, -3, -10, 6, -3, 6, -2, 5, -4, -4, -6, 0, -5, -5, -2, -2, -12, 0, 0, 4, -3, -7, 2, -7, 3, 7, 10, -2, 7, 12, -5, -1, 8, 1, 16, -13, 2, -7, -11, 12, 4, -10, -11, -4, -10, 5, -26, 6, 2, -13, -9, -7, 3, -4, 13, 10, 0, -13, -2, -10, -8, -9, 5, 1, 7, -5, 4, 8, 13, -9, -1, -1, -10, -8, -12, 8, -10, -15, -4, -7, -7, 8, -7, 2, -20, -4, 27, 2, -6, -8, 1, 7, 6, -17, -20, -15, -25, 1, -1, -33, 21, 29, 13, 9, 3, -16, 9, -4, 20, 15, -1, 22, -5, -46, -44, 5, -39, -45, -20, 6, -19, 17, -26, 1, 6, 3, -2, -14, 0, -3, -22, 20, 36, -30, -7, 5, -52, 0, 16, -15, -35, -3, 5, -4, 10, -2, -4, 3, 9, -5, -9, -18, -3, -16, -3, 1, -9, 0, 4, 0]
[0, 0, 0, 0, 2, -1, -2, 2, 0, 2, -3, -2, 3, -1, 3, -1, -7, -1, 4, -1, 3, -3, -3, -1, -5, 6, 4, 2, 5, -2, -8, 4, -4, 6, 6, 5, 7, 0, 1, -9, -4, -7, 5, -3, 3, 0, -6, -2, -4, 5, 0, 3, -3, -1, -1, 3, 5, 4, 2, -3, 0, 1, -11, -13, -7, 0, 11, 0, -11, -2, -7, 7, 4, -5, 11, 5, -3, -8, -7, 4, 19, 5, 13, 7, -10, -5, 0, 6, -5, -12, 20, 21, -1, 12, -13, -14, 1, 0, 10, -3, -6, 7, -9, -7, 6, -2, -5, 0, -9, 11, -7, -8, 4, 9, 5, 7, -17, 0, 3, 5, -2, -4, -5, -9, -5, -19, 17, 1, -12, -13, 8, -2, -18, 8, 1, -2, 7, 3, -9, -3, 11, -5, 7, -3, 7638, -3278, -10854, -5726, -1433, 7629, 11661, 12883, 4400, -7677, -30275, -1652, 973, 13579, 22281, -11106, -16027, -2149, -1295, 3481, 13854, -16137, 27805, -14250, -25609, 10294, 20921, 5346, 8661, -7977, 7312, 16676, -59308, -15191, -1925, -2018, 11125, 6069, -32470, 44263, 26547, 23924, 20996, 12641, 5058, 4529, -75166, -64665, 34968, -48407, -12820, -4088, 37344, 27684, 1857, -43256, 70218, 50731, 35094, 26247, -12912, -58426, -9655, -28234, -33414, 40724, -46190]
[0, 0, 0, 0, -1, 1, 1, -3, 0, 2, 5, 0, -3, -1, -2, -2, 3, 0, -3, 4, -3, -3, -5, 1, 11, 0, 1, 5, -2, 3, 3, -6, 1, 2, -13, 2, -5, -1, 6, 2, 0, 6, 6, -3, 1, -3, 0, 0, -8, -5, -7, -3, 2, 8, 3, 2, 0, 0, 8, -5, 3, 6, 11, 2, -1, -6, -10, 4, 2, -6, 16, 11, 10, 2, -3, -3, 6, -16, -10, -9, -18, 11, -12, -10, 3, 5, -4, 7, 6, 7, -13, 0, 2, 16, 2, 6, 8, 2, 6, 4, 7, 12, 8, -3, -3, -1, -1, 15, -5, -11, -5, -14, -5, -2, 2, 14, 3, -3, -13, 6, 4, 7, 13, 6, -17, -10, -7, 18, 7, 3, 5, 0, 2, 13, -6, 10, -4, -1, -2, 22, 1, -16, -1, 1, 9, 7, 2, 9, 19, 26, -3, -15, -37, -23, -7, -25, -4, -5, 1, -12, 17, -9, -21, 23, 54, 20, 20, 35, 29, 19, -3, 6, -16, -6, 4, 18, -15, -29, 12, 6, -19, 42, -1, -9, 13, 0, 28, 19, -51, -3, 28, -9, -9, -12, -7, 51, -6, 12, -25, 27, 2, -6, -6, 1, 25, -1, -4, -8, 6, 2, -6]
[0, 0, 0, 0, -1, 0, 1, 1, 1, -2, 3, -2, -3, 0, -3, 3, 4, 3, 0, -2, -2, -4, -7, 0, 11, 2, 2, 0, -2, -6, 3, 5, -2, 4, 0, -1, -10, 1, -1, 3, 0, 4, -2, 1, 3, -5, 2, -4, -5, 3, 6, 2, 6, -8, 1, -12, 1, -3, 4, 4, -1, 4, 21, 1, -1, -4, -6, -3, 15, -9, -5, -4, 8, 2, -2, 6, -1, 2, -1, -5, -13, -2, 3, -2, 9, 6, 1, 7, -8, -6, -7, -9, -6, 0, 2, 11, 4, 2, 3, 1, 6, -3, 4, -11, 8, -8, 15, -7, 10, 19, 9, -6, 7, -13, 5, 0, 3, -6, 5, -14, 3, 4, 10, 7, -13, -5, -4, -15, -7, 23, 5, 10, 22, -2, -3, 2, -13, -16, -10, -19, 12, 5, -2, 13, 11, -45, 29, -31, 36, 9, -8, -18, -3, 8, 14, 25, 19, 35, 16, -10, 3, -6, -10, -2, -11, 8, 5, -13, -16, 14, 29, -39, -21, -54, 21, -14, 22, 20, 22, -11, 49, -12, -1, 24, 4, -48, 38, -10, 6, -26, 61, -5, 27, 0, -20, 23, 20, -17, -2, -2, 27, 1, -10, -16, -20, -4, 0, -9, -1, 8, -3]
[0, 0, 0, 1, -1, 1, 3, -2, -3, -3, 2, 6, -1, -2, -4, -4, 3, 4, 1, -2, -1, 1, 4, -3, -4, -3, -2, 1, 3, 8, 0, -6, 6, 4, -4, 2, -2, -1, -8, 10, 6, 2, -7, 3, 3, 9, 7, -8, 2, -9, -3, -3, -1, -7, 3, -1, -2, 3, -1, 0, -9, -14, 1, 7, 0, -5, -7, -5, 1, 4, 4, 7, -1, 8, 5, 0, -13, 13, -3, 4, -6, 4, -6, 2, 25, 13, 2, 4, 9, 5, -13, -1, -6, 9, 1, 2, -9, -2, -7, 12, 1, -12, -1, 22, 4, -5, -11, -2, 5, -13, -6, -2, -16, -6, -3, 2, 8, 2, 11, 2, 16, 5, -22, -3, -6, -5, -9, -3, 3, 1, -9, -2, 25, -19, -1, 2, -7, 6, -2, 8, -8, 4, 10, -3, 2417, -662, -3130, -1542, -914, 2215, 2318, 1770, 1512, -1578, -8378, 2064, 2629, 3615, 8308, -3869, -5461, -1506, -3810, -1396, 908, -7156, 10929, 197, -7242, 6849, 7091, 3993, 4592, -4610, -290, 5697, -23507, -5728, 1476, -5316, 4881, 3530, -7160, 12878, 13045, 3252, 7327, -2914, 3520, 8007, -22641, -17966, 8542, -13158, -7085, -709, 1293, 13663, -7105, -10623, 25953, 16252, 10898, 16393, 8643, -20879, -1653, -17890, -15569, -2846, -15776]
[0, 0, 0, 0, -1, -1, 2, 3, 1, -5, -1, 0, 0, 4, 1, 0, 0, -3, -4, -4, 0, 11, 1, -1, 0, 1, -2, -5, -4, 4, 1, 0, 6, -3, 9, 1, -6, 2, -1, -3, 6, -9, -3, 1, -7, -6, 4, -5, 5, 8, -4, 12, 3, 0, -5, 0, -10, 1, -5, 8, 10, 4, 1, 2, 3, 8, 0, -10, 4, -6, -12, -15, -1, 5, 10, 2, 0, 4, 22, 5, 1, -18, 4, -3, -8, -14, -2, -1, -5, -4, 9, -2, 3, -7, 5, 5, 6, 15, -7, 1, -15, -6, 0, 3, 6, -3, -5, 4, 3, 8, 8, 24, 2, 4, -3, -5, 12, 7, -6, 18, 1, -6, -28, -1, -14, 2, -7, -1, 0, -5, 0, -2, 0, -6, 15, 6, 6, -6, 5, -11, -10, -3, -15, 13, 10, 4, 14, 9, -3, -13, 54, -48, 21, -15, 14, 11, 0, -5, -9, -16, -21, 36, 24, -13, -27, 33, 6, -27, -2, -13, -2, 6, -4, -27, 36, -7, 45, 10, 11, 26, -41, 30, -53, 8, -9, 4, 39, -3, 33, -38, -10, 21, 27, 6, -37, -38, -22, -26, 21, 4, 18, 48, 21, 46, -21, 3, -7, 5, -9, -39, 9]
[0, 0, 0, 2, -2, -3, 1, 3, 5, -6, -3, 4, 1, 4, -4, -4, -3, 0, 0, 4, 4, 1, -6, -6, 4, 1, 6, -3, -2, 3, 9, -3, 0, -1, -2, 2, -6, 5, 2, 3, 1, -4, 0, -4, -2, -4, 8, -3, 8, 3, -5, 4, -1, -6, 0, 5, -10, 3, -9, 18, 4, -4, -4, 5, 2, -2, 5, 0, -5, -9, 7, 1, 14, 4, -6, 7, -2, -3, -8, -8, -17, 5, 6, -6, 12, 0, 16, -2, 9, 13, 10, -2, 2, 6, -5, 15, -15, 9, -3, -4, 13, 8, 11, -9, 27, -19, -9, -4, 10, 6, -10, 0, -7, -2, -5, 7, -7, 6, -5, -13, 8, -4, 1, -4, 0, 4, 5, 8, 7, 5, 7, 13, 8, 10, -2, 13, 12, -9, -14, -10, 1, 9, -7, 1, -4130, 1593, 6210, 2820, 1083, -4336, -6113, -6165, -2335, 4275, 16075, -87, -2840, -6752, -13170, 7407, 9861, 1785, 2444, -859, -6233, 9215, -16118, 3887, 14389, -8969, -12142, -4076, -5211, 5008, -1989, -8105, 36199, 12324, -1190, 4789, -6852, -3809, 15210, -26377, -20285, -12790, -12042, -6204, -1162, -6581, 42414, 36879, -17743, 28275, 12002, 1994, -15278, -16645, 293, 24486, -44930, -32806, -20756, -18269, 1405, 35481, 4145, 19523, 22154, -17590, 29877]
[0, 0, 0, -1, 1, 1, -1, -1, -2, 2, 4, 0, -2, -2, -3, 2, -2, 4, 3, -2, 2, 2, 2, -4, -1, -1, -2, 2, 4, 2, -5, -6, 5, -6, -9, -5, 2, 1, 2, 9, 8, 6, -1, 2, -5, -3, 1, -5, -3, 0, 10, 3, -7, -2, -3, -8, -3, 9, 0, -2, -14, 7, -4, 12, 7, 10, 2, -8, -7, 3, 4, 8, 1, 2, 4, -6, -7, -2, 10, 2, -4, -17, -11, 8, 1, 1, 3, -16, 3, -6, -27, -6, 1, 3, 12, -4, 14, 3, 1, 7, -11, -6, 2, 29, 5, -4, -13, 1, -2, -1, -8, 10, 4, -18, -1, -2, 13, 5, -5, 17, -6, 1, -13, -5, -2, 8, -14, 11, -8, -9, -7, 2, 3, -5, 5, 12, 16, 1, 1, -3, 4, -3, 1, 10, -45, 57, -2, 15, -56, -46, 8, 1, 14, -3, 1, -8, 1, 1, -11, 29, 13, -10, 7, 4, -27, 2, -21, -25, 16, -59, 76, 17, -2, -12, -30, 13, -31, 32, 5, 44, -30, 22, -25, -26, 18, -21, -33, -4, -25, -21, -44, 4, 16, 23, 38, 7, 5, 51, -30, 0, -3, -7, 5, -10, 7, 3, -8, -7, 10, -28, -16]
[0, 0, 0, 0, 1, -1, -2, 2, -1, 1, -1, -3, 4, -1, 1, 1, -5, 8, 3, -1, 1, -5, -3, 2, -2, -3, 7, 1, -1, -5, 2, -7, -2, 0, -6, 9, 2, -4, 0, -1, 1, 6, 4, -3, 3, -3, -2, 1, 6, -6, -16, 4, 0, 3, 14, 2, -1, 7, 4, 6, -8, -2, -24, -14, -1, 8, 12, -12, -9, -1, 6, 15, -5, -4, -1, -7, 11, -6, -11, 10, 6, 5, 2, 3, 7, 2, -9, -8, 7, -8, 9, -4, -14, -1, -9, -2, -2, -6, -3, -14, 4, 13, -1, 3, -4, -7, 12, -10, -9, -2, -1, -13, -10, 2, 9, 6, 4, -6, -4, 7, -9, 0, 13, 0, -7, -11, 0, 17, 0, -11, 1, -13, -4, 12, -9, -15, 7, 9, -8, 7, 2, 23, 3, -5, -7329, 4844, 11507, 4872, 1295, -11117, -17791, -14334, -3753, 13329, 38734, 7401, 3338, -19458, -27465, 7974, 13944, -3239, 7786, -8418, -20282, 18069, -34678, 25914, 25333, -276, -17404, -625, -18916, 12187, -12054, -19459, 70953, 12244, 7155, -12914, -8437, -10673, 39021, -67992, -22850, -41497, -27333, -6243, 13918, 19334, 92982, 89854, -46237, 65228, -7401, -2990, -67405, -48742, -15097, 51663, -81229, -62118, -45945, -10024, 38850, 83972, 36646, 43636, 31736, -72815, 46807]
[0, 0, 0, 1, 0, -1, -1, -2, 5, 4, -8, -4, -1, 4, 0, 4, 0, 5, 3, -1, 2, -13, 6, -2, -12, 5, 4, 4, 3, -6, 1, 0, -1, -11, 2, -3, 6, -5, 0, 11, -2, 1, 5, 5, 4, 6, -5, -11, 1, 5, 3, 4, -11, -4, -6, 2, 10, 3, -9, 1, -1, 6, -4, -8, -8, -9, -4, 8, -9, 11, -10, -1, -5, 6, -1, -5, 4, 9, -2, 3, 20, 10, 2, 8, 10, -5, 8, -5, -6, -7, 4, 7, -10, -17, -3, -18, 15, -9, 2, -10, 2, 13, 8, -12, -7, 21, -3, -16, -12, 3, -6, -6, 0, -9, -1, 9, -12, 0, 6, 7, -3, -11, 6, -5, 7, 9, 13, 1, 4, -14, 8, 2, -8, -1, 9, -14, 3, 6, 5, 3, 2, 3, 2, 9, 7, -6, -59, 41, 11, -15, -39, 24, -2, 30, -4, -23, -34, -17, 10, 6, 74, -4, -7, 27, 50, -10, -32, -12, -10, -90, -20, -3, 16, 24, -40, 1, -16, -6, -46, -7, -2, -31, 4, 21, 11, 84, -33, 33, -4, 4, -59, -23, 20, 19, 69, -8, 22, 15, 30, -11, -42, -39, 33, 8, 7, 4, 17, 11, 0, 7, -17]
[0, 0, 0, 0, -2, 0, 2, -2, 1, -3, 4, 3, -4, 1, -2, 0, 6, 2, 2, 1, -3, -3, 4, -3, -1, 0, -11, 0, 1, 11, -2, 3, 0, 1, -6, -4, -2, -2, -6, -5, 0, -2, 4, 3, 0, 3, -5, -3, -3, -2, -2, 4, 7, -1, 6, 6, 15, 8, 21, 2, -4, -14, -1, -14, 2, 5, 0, -3, -8, -4, 0, -1, -12, -3, 10, 0, 7, -10, -4, 10, 5, -5, -7, -4, 7, -6, -20, 5, -1, 8, -20, -1, -8, 2, -11, -5, 7, 0, 0, -3, -11, 16, -3, -3, -12, -6, -4, 5, -11, -8, 7, 6, 5, 15, 4, -3, 5, 10, 8, 19, 10, -7, -1, -6, -9, -4, -6, 11, 7, -15, -1, -9, -4, -1, 0, -5, 2, 19, 14, 16, 13, -7, -8, 8, 18916, -10384, -28091, -12573, -3833, 24065, 37806, 32448, 10778, -27287, -89016, -11859, -4947, 42888, 66356, -20732, -35674, 4174, -17150, 14199, 41759, -47185, 84485, -54153, -63829, 9523, 47054, 7746, 41431, -28286, 24603, 50518, -171475, -29022, -14101, 16856, 24217, 25082, -93068, 146759, 61781, 82817, 64304, 10841, -12930, -23065, -216848, -202803, 107764, -147134, 2291, 3406, 135142, 115601, 19259, -116871, 192229, 138007, 103365, 46726, -64336, -191573, -68727, -108463, -86197, 141157, -113210]
[0, 0, 0, -1, 2, 0, -2, -2, -1, 4, -1, 0, 0, 0, 4, -2, -1, -2, 4, 3, 2, 0, 3, 2, -7, -2, -9, -1, 7, -8, -8, 13, -5, -4, 3, 2, 12, -6, -4, -4, -8, -1, 1, 3, -7, 4, -1, 9, 0, 1, 13, -13, 7, 2, 1, -1, -1, 1, -2, -4, -5, 0, 10, -11, 5, -1, -3, -12, -2, 2, 3, -1, -7, -6, -3, 6, 3, 4, 1, 6, 10, -10, 1, -9, -13, -2, -2, -7, -3, 5, 5, -2, 7, 0, -4, 0, -4, -16, -21, -19, 0, -9, -2, -3, 2, -2, 5, 9, -11, 1, -2, -2, 1, 5, -3, -4, 1, -3, 4, -6, 2, 10, 15, -16, 14, 9, 1, -17, -2, -3, -19, -6, -15, 7, -14, -9, -4, 22, 22, 4, 5, 1, -9, -11, -24, -14, 32, -5, 26, -19, -20, 10, -15, 14, -18, -43, -7, -29, 22, -20, 1, -27, -40, 10, 40, -63, -14, 53, -20, -22, -18, -49, -21, 6, 3, 11, -10, -26, -5, -26, 72, -52, 50, -5, 16, -33, -2, -15, -34, -19, -16, -14, -53, -29, 65, -32, 22, 4, 2, 3, -26, -13, -19, -31, 38, -4, 9, -25, -1, 21, -4]
[0, 0, 0, 0, 2, -2, -1, 3, -2, 2, -7, 0, 6, 0, 0, -2, -4, 0, 2, -1, 13, 6, 2, -6, -16, -3, 3, -3, 3, -1, 2, -2, -6, 2, 5, 6, -7, 0, 0, 2, 4, -1, 0, 1, 2, 2, 9, 1, 7, -1, -9, -4, -1, -3, 3, 1, 1, -9, -17, -4, -9, -3, -11, 6, -2, 10, 8, 3, 2, 15, -10, -3, -6, 1, 1, -15, -5, 17, 11, 12, -2, -4, 3, 6, -4, -2, 7, -4, -7, -15, 15, 4, -7, -11, 11, 10, -2, -3, -15, -2, -10, -11, -10, 8, 1, 6, -6, -10, 11, -7, 1, 2, -5, 9, 4, -14, 8, -7, -5, 4, -1, -12, -12, 5, 10, 7, -9, -2, 2, -5, 3, -11, -13, -8, 10, -2, 1, 1, -11, -15, -12, 22, 6, -1, -13, 3, -7, 26, 19, -49, -2, 35, 18, 7, -18, 28, -39, 22, -42, 5, 18, 42, -9, -7, -31, 0, -32, -38, -48, 14, -20, 14, 49, -46, -27, -1, 21, 1, 19, 8, 23, -41, 44, 8, -45, -13, -26, -35, 36, 55, -51, -18, -5, 8, 7, -32, 9, 0, 13, -1, -43, 2, -6, 22, -12, -10, 5, -15, -6, 14, 13]
[0, 0, 0, 0, 2, 0, -4, 0, 1, 4, -2, -4, 4, 2, 3, -2, -5, -3, -2, -2, -1, 6, 1, 4, -6, -2, 5, 4, -2, -3, -2, 1, 7, -8, 2, 2, 17, -1, 6, -2, -7, -8, -4, -3, -11, -5, -5, 5, 1, 14, 10, -3, -13, 12, 0, 7, -2, 0, -5, -3, 3, 4, -16, 0, 4, 0, -3, 0, -15, 0, 5, -5, 2, -6, -6, -2, -5, 1, 4, 2, 16, 10, 4, 6, -8, 5, 1, -14, 2, 7, 12, 10, 6, 1, 4, -5, -3, -11, -9, -12, 0, 5, 1, 6, -11, 13, -6, 14, -5, -10, -7, -2, -9, -6, -1, -5, -1, -10, -9, 3, -17, 11, 3, -8, 15, 6, 6, 15, -7, -7, -18, -2, -21, 10, -7, 3, 6, 5, 12, 19, 4, -9, 5, 2, -14, -4, -25, 26, 4, -11, -27, 13, 21, -14, -12, -21, 6, -46, -9, 5, 4, 6, -13, -1, 14, -21, -5, 42, 54, 20, -34, 12, -3, 36, -6, 72, -22, -13, 22, -16, -39, -16, -25, -14, 15, 42, -31, 36, -54, 39, -54, -6, -8, -18, 12, -15, -14, 25, -19, -24, -39, -28, 16, 11, 14, 4, 3, 11, 1, -2, -7]
[0, 0, 0, 0, -1, 0, 1, -1, 1, -2, 3, 2, -4, 1, -1, 0, 3, 0, -1, 2, 0, -4, 1, 2, 7, -4, 0, 0, -2, 3, -4, -1, -8, 5, -4, 7, -7, -1, -2, -2, -1, 4, 18, -5, 3, 1, 0, -5, 2, -4, -11, 7, 14, 2, -1, -4, -9, -5, 1, -4, 17, 1, 7, -4, 4, 0, -2, -1, 8, 5, 12, 13, -9, 2, -5, 2, 2, -16, -5, 7, -3, -10, 6, -13, -18, -13, 10, 9, 8, 4, -1, -1, 5, 1, 5, 9, -10, 13, -5, 2, -1, 12, -1, -8, 12, -5, 11, -1, -10, 7, -8, -9, 11, 14, 7, -8, -11, 14, -4, 5, 9, -12, 15, -4, 0, 10, 11, -1, 16, -3, 8, 1, -12, 10, 6, 4, 6, 2, 19, -4, 2, -3, -20, -6, 12, 8, 50, 11, -6, -20, 17, -24, -40, 26, -11, 7, 3, 18, 38, -26, -29, -18, -9, 10, 15, 1, 8, 8, -14, 16, 3, -9, 9, -25, 20, -2, 15, 10, -2, -2, 13, -1, 16, -13, 38, -4, 12, -18, 6, -9, 34, -15, -26, 8, 25, -8, 17, 14, 33, 4, 6, 14, 9, -7, 7, -7, -6, -15, 4, -19, 4]
[0, 0, 0, 0, 0, -1, -1, 3, 2, -4, 0, -1, -1, 2, 4, 1, -5, 2, 1, 0, -1, -1, -2, 1, 6, 2, -4, -1, -2, -8, 3, 2, 0, 0, 1, 1, 9, -5, 0, -2, -7, 4, 0, -5, -4, -5, -4, 9, 10, -1, 9, 5, -1, -4, -2, 0, -5, 0, -3, 9, -8, 2, -3, -7, 9, -2, 13, -13, 3, 5, 5, -8, 4, 1, -6, 9, 16, -5, -14, -7, -4, -14, 2, -3, -2, -4, 5, -2, 11, 7, 8, 2, 7, -6, 5, 4, -23, 6, -6, -13, -1, -4, 9, -9, 11, -26, 13, -10, -2, 12, 5, 7, 7, -1, -2, 4, 3, 3, 5, -21, 8, 8, 16, 1, -8, 11, 7, -21, -12, 7, -8, -8, -4, 10, -10, 1, 8, -2, 0, -7, -1, 15, -12, -10, 33, -18, 26, -39, 28, 1, 18, -25, 20, 7, -10, 12, 3, -12, 33, -23, -3, -35, 14, -18, -27, -48, -8, 8, 3, 31, 9, -44, -11, 26, 36, -8, -30, 18, 13, -12, 51, -22, -2, 1, 24, -53, 20, 5, 3, -13, 23, 3, 20, -16, -34, -6, -9, -1, -7, -18, 26, 14, 0, -17, 3, 4, -8, -5, 3, 1, -5]
[0, 0, 0, 1, -1, -1, 2, -2, 2, 0, -2, 3, -5, 0, -2, 1, 6, 5, 2, -3, -7, -4, 2, -4, 5, 5, -4, -1, 5, -1, 2, -6, 5, -5, -3, -5, -6, 6, -3, 18, 4, 6, -12, -1, 0, -8, 11, 0, 1, -6, 15, -4, -6, -8, -2, 2, -5, 7, -9, 0, -7, 3, 11, 12, -7, -1, -2, -15, 4, -6, 4, -10, -3, 7, -16, 8, 11, 15, 4, -3, -6, -4, -3, 0, 27, 8, -1, -2, -7, 0, -17, -10, 1, -2, 3, 14, -5, -7, -5, 5, 9, -8, 6, 1, 6, -5, 1, -13, 7, -19, 11, 3, -5, -19, -6, -5, -4, 8, -4, 9, 6, -1, -1, 7, -12, -1, -7, -2, -7, 13, 0, -1, 23, 2, -4, 4, 1, -6, 4, -7, -11, 10, 3, 4, 2, -2, -29, -26, 15, -6, -44, 49, 32, -14, 27, -36, -33, 12, -2, 24, 23, 25, -24, 9, 36, 2, -9, -41, -51, -82, 49, 22, 20, -19, -5, -37, 30, 42, -12, 11, -32, -11, -23, 10, -37, -16, 18, -27, 35, 0, -6, 5, 11, 20, -10, 52, 42, 11, 25, 12, 2, 7, -25, -35, -46, -36, -6, -12, -11, 3, -1]
[0, 0, 0, 1, -2, 0, 1, -1, 3, -4, 1, 3, -1, 2, -7, -1, 4, 4, 2, 2, -4, -4, 1, -4, -2, 2, 1, 4, 3, 1, 7, -7, 2, -5, -3, -2, -4, -7, -5, 7, 0, 6, 1, 11, 9, 5, 0, -7, -9, -4, -3, -6, -1, -6, 5, 9, 4, 0, 0, 9, -6, -3, 5, 2, 4, -11, -8, -1, 0, 7, 5, 1, 7, 12, -8, -3, -6, 3, -8, -8, -7, 9, -11, -6, 1, -5, 20, -8, 15, 12, -7, 4, -3, -13, 6, 4, 0, 1, -8, -2, 2, 14, 11, -3, 18, -9, -5, -6, -15, 8, -19, -13, -15, -9, 7, 23, -5, 4, 6, 7, 10, -22, 3, -3, 2, 12, 3, 0, 5, -7, 15, 13, 14, 5, -9, -2, -8, 3, -6, -13, 4, 1, 0, 1, 2, 18, -8, 6, 22, 13, -21, -34, -11, 25, -40, -22, -18, 19, 22, -24, 38, 39, 4, 6, 19, -41, -1, -12, -7, -45, 49, 14, -6, 1, -38, -17, -29, 19, -5, 22, -28, 22, -43, 14, 33, 7, 20, 74, -23, -39, -20, 13, 10, 1, 8, 38, 30, 8, -15, -34, 33, -12, 6, -7, -8, -9, -1, 0, 2, 6, -10]
[0, 0, 0, -1, 2, 0, -4, 2, 0, 1, 1, -2, 0, 0, 2, 1, -3, 1, 4, 3, 2, -3, -9, -4, 5, -1, 1, -1, 5, -8, 4, 12, -10, 6, 2, -6, 1, 0, -4, -13, -10, 8, 7, -2, 4, -1, -5, 15, -3, -5, 2, -5, 5, -3, 8, -4, 7, 1, 9, 9, -12, -4, -2, -5, -4, 11, 0, 1, 3, -8, 1, -5, 1, -3, -8, 3, 3, -2, -14, 1, 3, 1, 5, 3, -6, 12, -3, 2, 3, -6, 15, -3, -7, -3, -6, 4, 2, -24, -4, -11, 9, 4, -2, -18, -4, 1, 26, -1, -10, 17, -5, -12, -1, -4, 2, 11, 2, -5, 7, -9, -5, 1, 32, 1, 2, -7, 14, 2, -1, 4, -1, -1, -2, 6, -2, -15, -16, 11, -10, -1, 3, 6, -7, 8, 13, -78, -3, -21, 46, 23, -47, 19, 9, 52, -40, 34, 11, -13, 0, 12, 2, -31, 26, -10, -11, -60, -9, -16, -13, 35, -4, -31, -7, 18, 25, 7, -36, -13, -16, -53, 63, -28, 49, 3, -6, -22, -1, -32, -13, 72, 54, -15, -8, -3, -19, 30, 19, -29, -17, 11, 19, -39, -37, -42, 10, -9, 1, -5, 4, 28, 14]
[0, 0, 0, 0, -1, 1, 1, -2, 2, 0, -1, 1, 3, 3, -3, -3, -5, -5, -1, 4, 7, -5, 2, 1, -6, 3, 1, 4, 2, 5, -2, 3, -3, 3, -2, 1, 2, -6, 4, 0, -1, -7, 9, -12, -5, 3, -4, -4, 2, 9, -8, 9, -1, 3, 1, -6, 3, -1, -3, -1, 8, 6, -7, -3, 5, 8, 2, 20, -6, -5, -7, 11, 0, -15, 17, -10, 3, -11, -1, -3, -10, -5, -6, -12, -1, 2, -7, 14, 12, -1, 5, -3, 5, 19, -2, -1, 14, 10, -10, -1, 2, 13, 4, -2, -3, -2, -23, 14, -6, 1, -2, 8, -6, 9, -1, 5, -5, 7, -5, -8, -2, 11, -5, 1, 7, 8, 0, -11, 5, -7, 1, -6, -18, -5, -5, 6, 17, -2, -1, 24, -4, -22, -6, -12, 29, -5, 10, 13, 7, -9, 7, -10, -22, 45, -29, 18, 8, -30, -50, -10, 21, -18, 16, 28, 36, 12, -21, 20, 23, 25, -56, 13, 0, 48, -10, 6, 21, 5, -5, -11, 42, -14, 18, 18, -26, 32, -2, 7, -3, 5, -9, 1, -2, 6, -12, -22, -46, -18, -9, -19, 3, -20, -10, 13, 20, 4, 5, 1, 7, 27, 1]
[0, 0, 0, 1, 1, -1, -1, 1, 2, -1, -1, 3, -4, 1, -4, -1, -3, 2, 4, -1, 0, -1, -2, -9, 2, 1, 8, -2, 2, 3, 5, -1, 6, 5, 1, -1, -7, 6, -3, 4, 8, -4, 1, -8, 5, -6, 2, -9, 3, 5, 0, 12, -6, -6, -4, -6, -10, 12, -11, 0, -2, 8, -17, 10, -11, 9, 1, 7, 3, -15, -7, 12, -4, -7, 7, -2, -4, 12, 5, 2, 8, -8, 13, 9, 10, 2, 12, 15, 13, -13, 8, -6, 0, 16, 7, -9, -13, 5, 7, 4, 9, -15, -7, 14, 16, 9, 4, -18, -8, 1, -2, -2, -2, -6, -2, 7, 1, 5, -13, 7, -7, -6, -11, -2, -3, -13, -2, -3, 11, -2, 6, 7, 6, -12, 10, 4, 17, -8, -13, 5, -5, -1, 8, -5, -10, -8, -5, 1, -57, 9, -10, 36, 49, 31, 1, 76, 57, 6, -9, 35, -34, -22, 60, -37, -62, 27, 0, -88, 32, 4, 5, 52, 39, 42, 31, 21, 15, 34, 3, 30, -68, 13, -38, -22, 9, 39, 3, -65, 65, 52, -7, -1, 12, 61, -42, 24, -1, -18, -5, -29, 23, -59, -17, 16, -46, -21, -10, 10, 11, 0, 5]
[0, 0, 0, 1, 0, -1, -1, 1, 0, -1, 3, -1, -1, -4, 3, 2, -5, 3, 3, 4, 1, -6, -5, 1, 4, 0, 1, -4, 0, 2, 1, 0, -2, 8, -8, 1, -1, 3, -7, -3, 4, 9, 8, -7, 6, 2, 4, 8, 4, -12, -8, 5, -6, 2, 0, -7, -2, -5, 15, 0, 5, -8, -7, -9, -2, -13, 12, 7, 0, 2, 8, 14, 6, 4, -11, 2, 4, -4, -19, 11, 1, -1, 3, -9, 12, 2, 13, 5, 3, 8, -15, 10, 7, 18, 3, 5, -12, 2, 10, 0, -4, 4, 11, -7, -8, -6, -2, -9, -9, -9, -13, -10, 12, 15, 8, 3, 3, -8, 11, -6, 16, 11, 5, 0, 0, -6, 10, 2, -6, -8, 5, 6, -1, 9, -7, 11, 2, 15, 22, -15, 15, 6, -2, -2, 24, 12, -2, -25, -21, 26, 5, 1, -22, 4, 30, 29, 27, 2, 20, -19, -4, -30, 10, -18, -28, 12, -23, 13, -17, 66, 17, -18, 28, 15, 11, 19, -17, -14, 21, -13, 0, -3, 18, -1, 12, 6, -27, -9, 37, 45, 45, -32, 1, -8, -18, 23, 19, 29, 6, 8, -5, 2, 5, -13, 7, 5, -3, 5, -1, -10, -3]
[0, 0, 0, -1, 2, 0, 0, 0, -4, 3, -3, 1, 4, -2, 0, 0, -2, -1, 2, 0, 5, 0, 4, 4, -9, -1, 2, -1, -1, -4, -2, -9, -2, 4, -4, 11, -1, -5, 0, 4, 9, -2, 1, 4, 4, 3, 9, -1, -5, -5, -15, -4, 5, 1, 3, 2, -2, -3, -2, 3, -7, 1, -15, -7, -1, 5, 6, 5, 0, 11, -10, 25, 5, 0, 8, -16, -14, 1, 13, -3, -5, 10, 0, -4, 0, -10, 1, -3, 10, -8, 9, -13, -10, 0, -3, -6, 5, 14, -12, -5, -3, -2, -3, 15, 1, 14, -11, 5, -6, 11, -6, 2, -7, 10, 8, -4, 0, -4, -10, 5, -10, 2, -21, -9, 11, 10, -5, 12, 11, -16, 18, 5, -16, 4, 6, 2, 2, -10, -8, -12, 8, 10, 5, 8, -29, 13, -24, 6, -19, -5, 31, 14, 6, 20, -50, 3, -1, 34, -11, 18, -12, -32, 17, 2, -37, 12, -6, 6, -3, 29, 19, 1, 16, -17, -17, -8, -1, -16, 3, 38, -18, 2, -23, -43, 18, -39, -16, -9, 8, -11, -26, -7, -3, 5, 22, 11, -1, 23, -1, 3, -9, 16, -5, 5, 14, 16, -3, 0, 3, -9, -9]
[0, 0, 0, 0, 1, -1, -2, -1, 3, 4, -3, -3, -3, 2, 1, 1, 1, 5, 3, 0, 2, -7, -2, -6, -1, 0, 0, 3, 2, -5, 3, 8, -4, -2, 0, -1, 1, -5, 2, 3, -8, 3, 5, -6, -2, -4, -6, -2, 5, 4, 5, 3, 1, 1, 6, -2, 7, 7, -1, -4, -10, 2, -1, -11, -10, 12, -3, -3, 1, -13, -2, -4, -6, -4, 0, -1, 11, 6, -6, 4, 13, -8, 7, 9, 9, 3, -10, 6, -9, -17, 12, 0, -13, 0, -4, -6, 6, -12, -5, -19, 4, -1, 1, -11, -15, -1, 23, -17, -9, 9, 12, -9, 4, -7, 6, 15, 0, -9, 5, -1, -12, -4, 22, 6, -8, -3, -2, -9, 4, -6, -10, -12, -3, -5, 3, -20, 1, 15, -10, 15, -2, 14, -6, 8, 37, -61, -23, 10, 22, -6, -22, 25, 9, -4, 1, 2, -25, -26, -12, -3, 30, -21, 6, 11, -1, -46, 11, -29, -17, -19, -30, -30, 0, 7, 11, 17, -4, -30, -17, -31, 18, -26, 47, 13, -8, 11, 21, -41, 21, 35, -2, -45, 5, -5, -4, 5, -14, -18, 25, 11, -8, -35, -9, -3, -10, -1, 3, -7, 3, 12, 0]
[0, 0, 0, -1, 3, 0, -3, 1, -3, 1, 2, -3, 4, -2, 4, 1, -9, 1, 4, -3, 5, 4, 1, 5, -6, -5, -3, 2, 0, -4, -8, 4, -7, 2, -3, 9, 11, -9, 1, -3, 1, 2, 4, -4, 0, 3, -6, 11, 5, 2, 4, -1, -3, -3, -2, -11, -3, -12, 2, -3, -5, 2, -7, -12, 8, 0, 15, -1, -4, 16, -3, 3, 5, -9, 2, -6, 4, -4, 5, -5, -2, -8, 5, -3, -18, 2, 6, -5, 10, 3, 0, 7, 6, 2, 5, -7, -10, -4, -16, -4, -11, 0, -8, 13, 10, -13, -4, 1, -16, 3, -20, -3, -6, 13, 2, 6, -9, -1, 4, -11, 3, 5, 4, -7, 14, 9, 12, -23, -17, 6, 2, -6, -21, 7, -17, 9, 4, 1, -3, -4, -7, 2, 11, -17, -19, 10, 38, -6, -7, -54, 17, -17, -4, 20, -38, 14, 13, -4, 30, -12, 2, -22, 14, -2, -38, -60, -20, 27, -11, 51, 15, -69, -1, -6, -6, 41, -40, 10, 8, -15, 79, -67, 9, 4, 29, -77, -42, 4, -27, -9, -13, -30, -25, -25, 49, -27, 3, 8, -20, -20, -13, 8, 15, -19, 31, 24, 5, 4, 2, 4, -6]
[0, 0, 0, 1, -3, 1, 3, -3, 2, -3, 3, 4, -2, -1, -8, -1, 6, 1, 0, 7, -1, -7, -3, -1, 3, 2, 4, 1, -2, 5, -2, -6, 7, 1, -1, -9, -10, 0, -3, 10, -1, 11, 7, -1, -2, 6, 2, -4, 1, -1, 0, -3, 0, -6, -2, 0, -7, -9, -3, -7, 12, 3, 19, 18, 9, -12, -7, 0, 3, -1, 14, -1, -2, 13, -13, 3, 4, 1, -6, 1, -9, -7, -18, 0, 5, 7, 4, -1, -8, 1, -11, 5, 7, -2, 19, 14, 3, 2, 10, 19, 1, 1, 12, -12, 6, -14, -15, 11, 3, -1, -12, -2, 0, -2, 4, -6, 3, 11, 6, 3, 8, -2, 0, 4, 3, 19, -2, -9, -1, -2, -7, 7, 24, -7, -6, 4, 3, 13, 17, -15, 1, 1, -7, -6, 8, 52, 21, -13, 19, -9, -28, -16, -34, 9, 21, -14, 7, 38, 12, -17, 16, 26, -31, 4, 41, 7, -17, 21, -23, -12, 39, 18, 1, -46, -29, -46, 10, 23, 29, 38, 18, 33, -22, 27, -8, 7, 37, 38, -15, -63, 10, 19, 1, 20, 19, 9, 23, 22, -10, 9, 6, 24, -20, -6, 12, -14, -3, -17, 1, 3, -6]
[0, 0, 0, -1, 1, 1, 0, -3, -3, 3, 1, 2, 1, -2, 4, -2, -1, -4, -2, 4, 5, -1, 2, 9, -1, -2, -3, 1, -3, -1, -9, -9, -5, 7, -8, 2, 5, -4, 2, 6, -2, 8, 17, -9, -5, 12, -5, 9, 2, -14, -7, 0, 7, 2, 0, -2, -1, -11, 3, 0, 3, -2, -6, -8, 3, 2, 10, 8, 1, 10, 17, 13, 2, 7, 0, -10, 0, -15, -9, -6, -15, 4, -16, -4, -9, 8, -7, 2, 14, 1, 0, -2, -1, 4, -2, -1, 0, 8, -1, 0, 7, 5, 3, 10, -4, -11, -12, 25, -6, 0, -22, 1, -8, 11, -7, 4, -8, 12, -2, 0, -1, 9, 0, -3, 5, 16, 11, 7, 11, 1, 9, -10, -9, 5, 4, 15, 5, 3, -5, 14, -16, 12, -4, -11, 16, 35, 16, 13, -13, -33, 0, 2, -34, 12, -44, -17, -18, 6, -8, 9, -5, -22, -3, 20, 33, -2, -15, 36, 4, 43, 1, -6, 4, -29, -16, -11, -9, 13, -6, 29, 44, -10, 11, -21, -3, -52, -7, -22, -33, -8, 3, -2, -52, 23, 27, -6, 11, 6, -3, 55, -17, 15, -12, 10, 52, 30, -1, -6, 5, -4, 9]
[0, 0, 0, -1, 4, 0, -3, 1, -4, 7, -3, -5, 3, -1, 9, -2, -6, -2, -2, -5, -1, 6, 1, 5, -6, -1, 7, 5, -3, -12, -4, 1, 6, 4, 4, 13, 14, -5, 5, -10, -2, -8, -10, 0, -4, 1, -5, 0, 1, 5, 5, 1, -4, 5, 1, 5, -1, 1, -5, -5, -4, 5, -15, -6, 0, -3, -1, 3, -6, 4, -13, -8, 5, -1, 10, -8, -9, 5, 8, 5, 24, 17, 8, 8, -5, -3, 2, -7, -1, -6, 22, 6, 3, 4, 0, -23, -15, 2, -2, -1, -4, -5, -4, 9, -22, 11, 4, 6, 6, 1, 15, -1, -5, -4, 0, -6, 11, -20, 1, -6, -14, 11, -18, 6, -5, -5, 5, 3, -12, -2, -8, -1, -5, 0, -4, 8, -9, -7, -3, 11, 6, -5, 8, -4, -59, -9, 11, 10, -25, -3, 18, 17, 23, -34, 24, 22, 27, -1, 33, 31, -36, -70, 16, -8, -53, 23, -5, 42, 64, 61, -40, 38, 14, -9, 1, 21, -6, -55, 28, 16, 1, -12, -9, -54, 43, -20, -38, -22, -38, 47, -16, -18, -28, -14, 25, -31, -25, 35, 4, -28, -52, -1, 19, 34, 15, 27, 6, 8, -1, -2, -9]
[0, 0, 0, 0, -1, 1, 2, -5, 0, 2, 3, 1, -4, -4, -3, 6, 8, 2, 3, 1, -8, -10, 3, -3, 2, 6, -3, 4, -1, 2, -6, 1, 4, 0, -7, -2, -3, -3, -3, 4, 2, 2, -5, 8, 6, -3, 3, -3, -7, 2, -2, -7, 0, 0, 6, -4, 12, 1, 14, -4, 2, -2, 16, -4, -8, -2, -14, -3, -4, -22, -2, 6, 4, -4, 8, -1, 2, 4, 8, -2, -2, 8, -8, 0, 20, 8, -23, 3, -2, 0, -8, -15, -13, 4, -21, -9, 17, -8, 4, -2, 10, 11, 7, 5, -19, -4, -6, 2, -5, -9, 2, -5, -8, 0, 10, -1, 2, 7, 9, 6, 0, 0, -7, 6, -4, -12, -5, 0, 2, 13, 6, 0, 22, -8, -7, -20, -7, 8, -5, 9, 0, 2, 18, -5, -18, 7, -11, -26, -23, 43, -5, -4, -7, -53, 37, -39, -11, 15, -11, 2, 36, -24, -23, 21, 26, 4, 24, 16, 12, -59, 13, 2, -43, -7, -25, -32, 13, -57, -30, -42, -16, 9, 14, -1, 16, 18, 27, 11, -10, -31, 26, 2, 1, -9, 26, 27, -18, -5, 23, -5, 23, 4, -8, -3, -8, 12, -10, -11, 7, 4, -4]
[0, 0, 0, -1, 2, 0, -2, -1, -2, 2, 1, 1, -4, 2, 2, 0, 1, 4, 0, 3, 1, 2, 2, -7, 4, -7, -4, 2, 2, -3, 0, -10, 0, -4, -8, -1, 6, 2, 6, 0, -4, 15, 1, 0, -2, 1, 1, 0, -1, -9, 9, 1, 7, 1, 6, 8, -10, 6, -6, -4, -20, 2, -6, 11, -1, 4, -2, -10, -6, 7, 20, 0, -4, 16, -1, 6, -2, -6, -3, -6, 0, -7, -3, 9, -4, -6, 18, -14, 12, 0, 0, -3, 4, -16, 6, -11, -22, 1, 0, 1, -7, -8, -4, 16, 3, -7, 5, -5, 4, -2, 1, 7, 13, -13, -3, -10, 18, -5, -8, 13, 6, -5, 16, 5, 5, 12, -3, 25, -2, -7, -18, -1, 6, 5, 4, 16, -1, -6, 4, 4, 0, 9, -13, 4, 3616, -703, -5408, -1931, -1087, 3259, 3432, 2724, 1762, -2245, -12097, 2959, 5838, 3813, 13101, -7108, -9483, -2549, -5256, -3289, 2045, -9989, 16843, 3426, -13859, 11783, 11348, 6995, 7012, -4883, -3007, 7678, -37808, -13431, 4029, -10778, 7954, 4867, -9797, 22774, 27024, 6410, 10742, -1628, 1382, 15488, -36732, -33185, 13164, -25495, -16626, -995, 1497, 22677, -1759, -18654, 46409, 30553, 16645, 25925, 9168, -37479, -2818, -29605, -28337, 2528, -30019]
[0, 0, 0, 0, 0, -1, 0, 0, 2, -1, -2, 1, -1, 3, 0, -3, 4, 1, 1, 0, -5, 3, 3, -2, -2, 2, -5, 3, -3, -7, 5, 1, 2, -5, 3, 6, 7, -14, -3, 4, -6, -4, -8, 15, 0, -5, 0, 7, -2, -2, 8, -13, 8, -1, 3, 10, -1, 0, -11, 9, -11, 8, 9, -6, 7, 3, -10, -22, 7, 0, 1, -16, 5, 6, -6, 1, 9, 9, 8, -11, -8, 8, -1, -6, -10, -5, -2, -4, 6, 7, 16, -3, -2, -15, 3, 5, -13, -3, -25, -13, 12, -1, -4, -7, 14, -9, 7, 9, -4, 13, 5, -1, -14, -5, -4, 8, 2, 5, -9, -5, 0, -8, 9, -1, -6, 14, -2, -14, 7, 12, 0, 2, 3, 7, -8, -10, -15, -3, -14, 7, -8, 19, -2, -2, -8, -3, 22, -19, 69, 0, -22, -24, 19, -14, -40, -39, -27, 2, 32, -5, 10, 7, -21, 15, 20, -60, 26, 18, -8, -38, -7, -27, -34, 0, 4, -36, -22, 5, -7, 13, 45, 21, -22, 11, 45, -37, 37, 61, -31, -72, -28, 16, -19, -38, 10, 20, 4, -16, -21, -6, 22, 17, -2, -23, 28, 8, 1, -4, 4, 4, -18]
[0, 0, 0, 1, -1, 0, -1, 0, 4, 0, -3, 0, 1, 4, 1, -5, 0, -5, -4, 3, -2, 1, -6, 2, 3, -1, 8, -1, -1, 2, 8, 6, 4, -1, 2, -7, 0, 9, 1, 3, -8, -9, -2, -11, -6, -2, -1, -6, 4, 6, 8, 4, -5, 7, -1, 10, 0, 7, -4, 5, 10, -6, -6, 5, -8, -3, -6, 20, -5, -16, 5, -7, 7, -9, -8, 5, -6, 5, -9, -8, 5, 16, 4, -1, 13, 16, -4, 9, 4, 9, 6, -3, -1, 13, -5, 7, -5, -2, 5, -7, 14, 4, 4, -11, -13, 18, 7, 2, 6, -9, 10, -3, -6, -8, -3, 5, -3, -10, -6, -10, -14, 26, 14, 5, 11, -7, -2, 11, 7, 3, -9, -1, -4, 1, -1, 6, 1, -8, 4, 24, 11, -19, 0, 11, 43, -59, -24, 27, -4, 37, -44, 36, 13, 15, 12, 1, 29, -45, -42, 13, -9, 17, -11, -7, 31, 46, -6, -6, 53, 22, -80, 52, -2, 49, 43, 17, 44, 15, 13, -26, -65, -8, -24, 13, -27, 98, 19, -24, 11, 79, 19, 19, 10, 23, -73, -7, -18, -15, -1, 2, 6, -50, -13, 26, -25, -31, 1, 10, -5, 4, 16]
[0, 0, 0, 1, 1, -3, -1, 3, 0, -1, 1, 1, -1, 0, -1, -2, -4, 3, 3, -2, 0, 8, -5, -7, 0, -6, 3, -5, 5, 8, 4, 2, -1, -1, 4, 1, 2, 5, -1, -9, 5, -4, -14, -2, -3, -8, 0, 13, 3, 3, -3, -2, 1, -4, 11, 0, -5, 13, -1, -8, -4, -2, -15, 6, -6, 11, 4, -8, -11, -16, -2, -5, -4, -12, 5, 11, -5, 4, 3, 5, 4, -6, 18, 6, 2, 12, 9, 1, 1, -4, 1, -9, 10, 3, -11, -2, -19, -16, -6, 0, 6, -3, -13, 12, 21, -8, 1, -4, 7, -9, -5, -7, -8, -3, -4, -11, -4, -5, -6, 3, 2, -7, -13, -6, -1, -25, -2, 22, -14, 10, -13, 13, 14, 0, -9, -3, 7, -9, -6, 2, -6, 3, 10, 8, 3980, -3651, -5871, -2363, -1110, 7384, 12965, 7565, 2084, -9221, -25940, -6647, -7728, 15022, 18320, 1170, -4061, 6028, -10328, 5758, 13633, -14261, 26792, -24973, -10572, -11386, 5043, -2705, 20401, -9511, 9392, 17000, -45955, 4838, -11420, 21525, 2637, 11166, -28448, 47463, 3187, 28631, 18082, -12923, -14537, -28931, -57244, -62458, 34899, -42525, 29137, 8517, 57186, 49941, 12531, -26811, 40184, 29167, 27718, -5148, -40176, -61441, -44332, -40554, -16491, 54920, -14378]
[0, 0, 0, 1, -1, 0, 2, -1, 1, -2, -2, 2, 3, 1, -6, -2, 0, 1, 0, 3, 3, -5, -4, -4, 2, 2, 9, -1, 1, -4, -2, 2, 4, 7, -3, 2, -7, 4, -3, 9, -9, 4, 1, -2, 0, 2, 9, -6, 3, -2, 0, -9, -1, -7, 8, 1, -7, -3, -1, 2, 0, -15, 11, 3, 3, -8, 2, -11, 0, 0, 13, 10, 4, 6, -10, -2, -10, 11, -18, 7, -3, 9, -7, 0, 23, 13, -6, 0, -3, -2, 14, 4, -10, 14, -5, 19, -1, -15, 1, -1, 16, -13, 11, -11, 6, -7, 0, 1, 13, 1, -7, -10, -16, -10, 2, -6, 6, 0, 12, -12, 2, 7, 10, 3, 6, -10, 0, -10, -2, 10, -18, -3, 14, -2, -16, -5, -6, 7, -13, -7, 8, 16, 5, -12, 18, -10, 4, 22, 25, -13, -47, 25, -25, 12, 7, -13, 23, 38, -7, -2, 44, -9, -21, -10, 13, 15, -18, 39, 34, 1, -15, 11, 6, -37, -5, -53, 13, 8, 32, -3, 44, -7, 45, 4, -45, 18, 27, -32, -14, -2, 9, 12, -13, -1, -8, -5, 8, 13, 23, 0, -27, 9, -17, -2, 15, -13, 1, -22, 0, -19, -4]
[0, 0, 0, -1, 4, 0, -3, 0, -5, 5, 2, -1, -5, -5, 10, 3, -2, -2, 2, 0, -6, 7, -2, -1, 6, 0, -4, -3, -2, -9, 1, -1, 6, 4, -3, -3, 9, 4, -1, -7, 7, 5, -14, 8, 5, -6, 6, 18, -1, -9, 8, -14, -5, 3, -8, -2, -7, 6, -4, 1, -13, 10, 2, 6, -11, -4, -5, -4, -1, -8, -3, -8, 14, 2, -5, 10, 7, 5, 16, -4, 0, 8, 7, 3, 3, 8, 4, -2, 3, -2, 7, -10, 1, -2, -12, -10, -15, -12, 6, 7, 5, -11, -5, 13, -6, 10, 3, 1, 7, -17, 6, 5, -2, -5, -21, -8, 7, -6, -4, 0, 2, 12, -3, 9, -7, -14, -4, 16, -9, 20, -2, 8, 9, 2, 6, 1, -16, -5, -2, 1, -21, 7, 18, -7, -48, 8, 12, -43, -30, 37, -4, 29, 30, -44, 25, 1, 35, 13, 32, 62, -52, -58, 15, -26, -23, 10, 12, -4, 16, 23, 33, 17, -36, 4, 38, -5, -40, -30, -9, 0, 3, -10, -39, -39, 28, -29, -21, -39, -20, 25, 21, 15, -14, 5, 22, 58, 11, 3, -24, 17, 6, 7, -20, -24, 18, 15, -19, -11, 13, -19, -16]
[0, 0, 0, 0, 1, -1, -3, 3, 0, 0, -3, 0, 0, 1, 1, 2, 0, 4, 4, -4, 0, 0, 5, -4, -5, -1, -3, -4, 8, -4, 3, -2, -6, -7, 2, 2, 4, 5, -6, 1, 1, -4, -2, 9, 6, -4, 2, -3, -3, -3, 8, -1, -2, 0, 1, 6, 5, 11, 1, 6, -17, -4, -17, -5, -5, 5, 8, -8, -9, 11, -6, 9, -7, 0, -3, 3, -8, 7, -6, 5, 12, 5, 11, 10, -1, -13, 15, -14, 1, 1, -13, 0, -7, -13, 0, 0, -7, -1, 3, -19, -6, -3, -8, 5, 7, 6, 11, -26, -2, 8, 5, -10, 14, -10, 4, -4, 3, -11, 3, 13, 2, -13, 15, -7, 7, -8, -2, 10, 3, -5, 8, -2, -7, 10, 3, -6, 0, -10, 5, -17, 27, 19, 2, 11, -15, 4, -43, 32, -34, 0, 0, 16, 24, -2, -24, 5, -20, -14, 0, -9, -17, 23, 0, -9, -42, -11, -8, -14, 9, -31, 30, -17, -4, 37, -13, 4, -38, 5, -29, 1, -50, -11, 11, -22, 14, 0, -34, 7, 26, 41, -27, 13, 15, 6, 8, -15, 16, 2, 24, -12, -6, -25, 14, 6, -24, 1, 10, 16, -5, 0, 3]
[0, 0, 0, 0, -2, 0, 1, 2, 0, -3, 3, -1, -4, 3, -1, 0, 8, 4, -5, -4, -3, 4, 4, 1, 4, -7, -5, -1, 0, 2, 5, -4, -2, -6, 2, 1, -7, 3, 1, 1, 1, -4, -2, 5, 2, -3, 1, -13, 4, 4, 1, 11, 4, -1, -1, 1, -4, 2, -3, 0, 7, 9, 7, 0, 2, 1, -11, 2, 5, -1, 1, -12, -14, 7, 10, 14, -1, -6, 2, -4, -3, -5, 4, -6, -14, -9, 18, -7, -8, 5, -25, -2, 11, -19, 7, 2, -7, 10, 8, -5, -17, 8, -4, 11, 6, -7, 10, -10, 9, -5, 11, -1, 19, 1, 12, -1, 9, -14, 0, -1, 21, -13, 0, -2, -1, 7, -13, 5, -2, 4, 0, -6, 4, -5, 5, 8, 0, -1, 22, 7, 11, -10, -18, 20, -11, -27, 18, 12, -38, 20, 64, -52, 19, -26, 16, -4, 4, -1, 12, -18, -55, 34, -14, 5, -36, 9, 14, -33, -17, -14, 9, -10, -12, -24, 18, 24, -6, 3, 29, 13, -74, 40, -23, -11, 2, -24, 22, 33, 42, -49, 44, -8, 40, 10, -39, 5, 13, 11, -23, -7, 39, 11, 0, 17, -24, -19, 3, 4, -13, -9, 11]
[0, 0, 0, 1, -2, -2, 2, -2, 3, 0, 2, -2, -4, 5, -4, -3, 5, 6, 1, 4, 6, -6, -3, -1, 3, -7, -13, 2, 1, 6, 10, 0, -10, -2, -4, -1, -8, -2, 0, 8, -8, 12, 6, -6, -4, -1, -1, 5, 3, -6, 6, 7, 17, -9, 5, -7, 8, -7, -3, -9, -9, 4, 10, -8, -1, 3, 1, -5, 16, 7, 17, 0, -17, 1, -12, 0, 14, 2, -15, -12, -7, -15, 0, -6, 3, 7, 3, 8, -5, 2, -7, 7, 4, -7, 13, 5, -5, -17, -14, -4, -12, -4, -6, 1, -3, 15, 13, 0, -4, -7, -17, -7, 8, 4, 3, 4, 1, 8, -10, 13, 11, -2, 13, -5, 1, 8, 7, -7, 11, -4, -18, -8, -6, -7, 10, 3, -5, 10, 13, 7, -1, 6, -8, 14, 22, -21, 5, 34, 57, -45, 3, -12, -12, 24, -11, -16, -78, -18, -21, -6, 51, 23, -23, 9, 47, -34, -11, -81, -122, -65, -40, -46, 57, -25, 27, 43, 22, 20, 43, 8, 11, 22, 34, 26, -24, -33, 46, -26, 46, 0, -23, -78, -9, 22, -9, 38, 38, -22, 13, 41, -2, -42, -38, 2, -14, -32, 11, -18, -1, -13, 4]
[0, 0, 0, 0, -1, 0, 0, 0, 1, -3, 3, 2, -8, 1, 1, 4, 6, 4, 3, -3, -8, 1, 8, -9, 2, 0, -17, 0, 8, 6, 5, 2, -3, -10, 1, -6, 1, -1, -5, -4, 5, 1, -6, 11, 6, -6, 0, -1, -5, -2, 9, 2, 4, 1, -6, 3, 5, 11, 4, 5, -10, 5, 7, -1, -7, 2, -11, -12, -2, 1, -8, -11, -10, 2, 4, 13, 14, 1, 10, -3, 8, -12, 5, 3, -6, -15, 8, -4, -4, 6, -21, 2, 3, -15, 2, -10, 0, 0, 1, -3, -19, -1, -8, 5, 8, 0, 8, -19, -14, -4, 7, 2, 14, -1, -2, 10, 5, 8, 7, 25, 22, -20, 7, -2, -12, -3, -4, -1, -2, -6, 3, -2, 2, -3, 7, -12, -7, 7, 19, 0, -3, -5, 0, 8, -22, 21, 0, 9, -31, 21, 34, -27, 12, -22, 7, -29, -27, -25, 22, -19, -17, 38, 2, 9, 11, -16, 22, -36, -42, -96, 50, -6, -37, 36, 2, 5, -34, -7, -53, -4, -54, 20, -14, 1, 16, 7, 9, 29, 16, -13, -10, 6, 25, 10, 25, 30, 17, -24, 23, -10, 37, -5, 11, -10, -29, 0, -5, 8, 4, -7, -5]
[0, 0, 0, 0, 0, 0, 0, -1, -2, 2, 1, 1, -2, -3, 1, 2, 0, 5, 3, 0, 0, -4, 4, -3, 3, -4, -7, -1, 9, 3, 1, -7, -11, -1, -10, 5, -8, 3, 0, 5, 7, 10, 4, 0, 7, 0, 5, 7, -6, -16, -11, -3, 2, 3, 4, 0, 15, -4, 9, -14, -5, -5, -5, -2, -13, -2, 4, 1, -3, 25, 10, 23, -2, -1, -8, -7, 0, -3, -18, 3, -4, 3, -11, -2, 4, 1, 6, 3, 4, 5, -24, -5, -1, 0, 4, 1, 5, -5, 5, -2, -4, -5, 1, 9, -13, 13, 9, -10, -11, -16, -7, -18, -3, 5, 15, 4, 7, -7, 5, 8, 6, -1, 11, 2, -8, -16, -5, 17, 14, -3, 17, -13, -5, 5, 4, -10, -3, 3, 4, -1, -3, 10, 8, 10, -14, 24, -44, 37, -13, 6, 13, 32, -27, -12, -2, -25, -70, -6, -34, -13, 29, 42, -2, 12, 26, 7, -7, -4, -33, -35, 15, -15, 11, -13, -5, 34, 7, -32, -26, -28, -56, -13, 57, 10, -27, 1, -13, -26, 16, 73, -30, -32, -6, 5, 9, 22, -1, -7, 36, 42, -12, -10, 4, 23, -7, -9, 2, -3, 1, 1, 8]
[0, 0, 0, 0, 2, 0, -3, -2, 1, 2, 3, 0, -6, -2, 0, 3, -2, 7, 7, -2, -3, -2, -2, -7, 1, -2, 9, 5, -1, 0, -6, -5, 1, -1, -8, -4, 2, 0, -1, 6, 5, 13, 5, -1, 11, 4, -13, 4, -1, -7, -2, 0, -6, -9, 3, 1, 1, 3, 5, -12, -1, -5, -11, 6, -8, 0, 7, 5, -12, 7, 10, -4, -2, 17, -6, -9, 0, -5, 0, 2, 10, -1, -3, 16, -1, 15, 8, -5, 4, -12, -8, 1, 4, -7, -4, -18, -1, -9, 16, 10, 1, 16, 1, 12, 1, -9, -5, -4, -21, 0, -22, -7, -10, -13, 6, 5, -3, 2, 12, 23, -10, -16, -2, -4, 1, -5, 9, 19, -13, -3, 12, 8, 16, 0, -2, 5, 1, 11, -8, 2, -4, 0, 11, 7, -31, 46, -12, -8, -65, -28, -26, 17, -6, 8, 11, 29, 20, -2, 26, 35, -4, -30, 58, -24, -42, -23, -8, -45, 18, -31, 62, 34, 32, -9, -15, -16, -55, -10, -21, 27, -31, 11, -20, -10, 29, 5, -39, -27, 16, 42, -24, 0, -14, 27, 17, 5, 9, 11, 7, 3, 7, -14, 4, 10, -2, 20, -4, 7, 8, -13, -16]
[0, 0, 0, 0, 1, 0, -1, 0, -2, 0, 6, -3, -2, -4, 7, 2, -6, 4, 0, -1, -4, 0, -9, 9, 9, -3, 0, 2, -5, -1, -1, -5, 7, 2, -6, 2, 9, -4, 3, -3, 3, 11, -5, -11, -9, 3, -4, 17, 2, -9, -6, 10, 3, 0, 7, -5, -5, -5, 19, -5, -4, -5, -12, -7, 0, -9, 13, -5, -2, 8, 11, 1, 16, 7, -16, 2, 7, -10, -12, -5, 2, -5, -3, 1, 13, 9, 1, 0, 10, 3, 3, 0, 10, 6, 10, -5, -12, 7, 0, 5, -11, -8, 4, -2, -17, -4, -2, 9, -8, 8, -11, -3, -4, 5, 0, 3, 19, -8, 8, 5, -2, 25, -4, 2, -22, -5, 10, 6, -12, -6, -11, 0, 14, 8, -2, 6, -6, 3, 14, -17, -2, 15, -3, 5, -4, 21, 12, -46, -10, 6, 30, 5, 1, -13, 28, -2, -2, -3, 21, -6, 4, -61, 41, -18, -29, -5, -6, 16, -7, 44, 36, 3, 22, -19, 33, 16, -10, -13, 17, 17, 9, 2, -49, 8, 36, -63, -14, -29, -27, 51, 19, -20, -2, 7, -25, 19, -25, 28, 2, -9, 13, 25, 16, 7, -2, 21, -10, 1, 6, -9, -8]
[0, 0, 0, 0, -1, 1, 2, -1, -2, -3, 2, 3, 4, -2, -6, -3, 4, -1, 1, 3, 5, 5, -3, 0, -5, -2, 0, -2, -1, 4, -2, -1, -3, 5, -2, -7, -8, 2, -4, 6, -1, 12, 6, 2, 5, 16, 0, -2, -3, -7, 0, -13, 4, -8, 3, -3, 1, -18, 0, 2, 1, -12, 20, 10, 5, -11, -7, 10, 11, 12, 11, -6, 0, 9, 3, -4, -11, 3, 1, -3, -20, 3, -15, -3, 1, 17, 0, 5, 3, 3, -12, -1, -7, -7, -1, 10, 8, -13, -2, 22, 6, -1, 0, 12, 10, -5, -10, 19, 2, -8, -19, 6, -12, 3, 0, -1, -7, 4, 7, -6, 9, 2, -3, 0, 19, 9, -4, -5, 2, 9, 7, 3, 16, -11, -7, 18, -11, 2, -14, -6, -10, -3, 4, 1, 3, 16, 41, 18, 20, -40, -19, -13, -32, 24, -16, -10, 13, 45, -19, -1, 24, 70, -31, 3, 23, 8, -13, -2, -48, 0, 9, -8, 5, -76, -42, -26, 28, 49, 32, 19, 48, -4, 18, 30, -59, -30, 21, 8, -13, -43, 17, -4, -3, 18, 10, 9, 52, -15, -6, 35, -17, 14, -21, 1, 16, 2, 6, -13, -5, 6, 7]
[0, 0, 0, 1, -1, 0, 0, -1, 2, -1, 4, 0, -1, -2, -5, 2, -3, 2, 2, 4, -1, -8, -6, -1, 6, 3, 9, 1, -1, 2, -2, -5, 7, 6, -4, -6, -1, 2, -6, 5, 0, 8, 3, -9, 1, -2, 0, 3, 0, 1, 9, 4, -11, -9, 0, -7, -3, -3, 6, -9, 1, 6, -6, 17, 5, -3, 11, 2, 0, -11, 7, 2, 11, -2, -10, 0, -1, 2, -12, -2, -7, -9, -9, 5, 10, 7, 10, 0, 8, -1, -7, 2, 12, 10, 20, 9, -11, 9, 12, 5, 1, 1, 11, -6, 2, -21, -13, -10, 4, 8, -15, 0, 3, -15, 3, -5, 5, 3, 1, 4, 6, 6, 2, 12, -1, -4, 8, -16, -16, 9, -2, 11, 24, 0, -8, 13, 7, -17, 6, -29, 10, 9, 3, -7, -2593, -1758, 3493, 2111, 965, 1582, 5076, -540, -2217, -4004, -2658, -8583, -12517, 5612, -2796, 11307, 10404, 9638, -4828, 7412, 7570, 2190, 856, -21278, 10735, -26947, -13823, -11945, 12140, -2399, 7468, 2828, 10035, 21415, -13370, 33565, -7557, 5548, -5926, 12646, -29301, 14125, -1626, -17347, -21955, -45547, 4960, -10248, 8432, -3651, 49531, 11293, 43350, 21615, 21629, 6884, -27542, -14277, -2392, -40683, -49802, -9138, -40632, -4428, 20387, 41364, 28885]
[0, 0, 0, 0, -1, 0, 2, -1, 0, 2, -3, 1, 5, 3, -7, -8, 1, 3, -4, -1, 13, -7, 3, 9, -10, -1, 4, 1, -2, -5, 4, -3, -5, 10, 2, 4, -8, -6, -4, 12, -4, -2, 12, -7, -2, 10, -4, -15, 5, 0, -7, 8, 3, -9, 9, -7, 5, 0, -7, 2, -6, 2, -6, -7, 11, 7, 5, 6, 12, 8, 4, 17, -12, -1, 5, -18, -12, 3, -16, 6, -10, -3, -7, -6, 1, -1, -3, 6, 1, -12, -4, 5, -11, 5, 18, 13, 14, 5, -8, -10, 3, 0, -1, 3, 0, 12, 0, -5, 6, 17, -5, -12, 0, -4, 1, 14, -4, -6, -10, 2, -8, -7, 1, -4, -4, 13, -8, -12, 19, -13, 0, -6, -14, -8, 10, 10, 8, -1, -6, 4, 13, 11, -18, 10, 21, -36, -4, 50, 17, -54, -23, 7, 9, 33, -47, 16, -30, 30, -25, 3, 11, -1, -6, 26, -26, 17, -26, -1, -2, 22, -54, -19, 40, -39, -24, 13, 46, 37, 34, 29, 49, 19, 25, 2, -22, -40, 2, -22, 17, -42, 4, -27, -10, 9, -24, -25, -23, 13, -17, 15, -15, -7, -26, 8, -13, 1, 17, -2, -11, 30, 18]
[0, 0, 0, 0, -1, 0, 1, -3, 1, 0, 3, -1, -2, -1, -4, 4, 4, 6, 3, 5, 0, -4, -3, -6, 0, -8, 1, 0, -2, 9, 0, 3, -3, -7, -9, -5, 1, -5, 2, -7, -5, 13, 6, 4, 8, 13, -11, 2, -3, -2, -13, -9, 6, 1, 14, 2, 8, 0, 19, -22, -2, -15, 9, -1, -1, -2, -5, 2, -3, -7, 14, -2, -8, 1, 5, 6, -1, -7, -9, 6, 5, -13, -6, 1, 1, -5, -6, -1, 7, 1, -8, -4, -1, -15, -12, -14, 11, -21, -3, 3, 5, 10, -3, -9, -10, -10, 7, -5, -11, 1, -8, -7, -1, 4, 16, 1, 9, -9, 13, 5, 2, -11, 17, -4, 8, -8, -6, 17, 0, -15, -15, -2, 13, 1, -12, -17, -2, 19, -2, 1, -4, 2, -3, -5, -10, 17, -7, -2, 18, -5, 27, -22, -31, -22, 12, -40, -15, -31, -9, -32, 72, 0, 6, -17, 20, -74, 40, -17, -32, -63, -11, -38, 4, -4, -37, -14, -26, -74, -14, -47, 11, 15, 57, 17, 36, 20, 10, 14, -7, 1, -1, -30, -29, -23, 34, -37, -9, -8, -3, 11, 4, 6, 18, 12, 32, 0, 11, -4, -8, 7, -18]
[0, 0, 0, 1, -1, -1, 3, 1, 2, -2, -6, 0, 2, 2, -1, -3, 2, 0, -4, 3, 1, -1, -3, 1, -1, 4, 3, -4, -4, 0, 13, -2, 1, 2, 8, -5, -10, 6, -1, 5, 0, 4, -2, 2, 4, 4, 3, -7, 3, -5, 1, 1, -2, -5, -10, 4, -3, -2, -20, 4, 4, 3, 14, 13, -2, -17, -7, 0, 17, 3, -3, -6, -1, 9, -1, 1, 5, 18, 1, -4, 1, 8, 2, 3, 0, -2, 4, 11, -6, -7, 11, 14, -1, 0, 13, -7, 1, -5, 7, 15, 3, -12, 0, -8, 2, 36, 9, -4, 4, -4, 3, 4, -7, 0, -13, 22, -19, 17, -14, 4, 5, 0, -8, 4, -2, 2, 6, -9, 9, -10, -3, 8, -1, -9, 18, 9, -6, -1, 1, 4, -23, -11, -1, 1, 4264, -1014, -5720, -2424, -1481, 3509, 3163, 3430, 2379, -2255, -12409, 3753, 6207, 4356, 13151, -8539, -10108, -3488, -4580, -2684, 965, -10344, 16093, 3342, -13425, 14608, 13325, 7486, 5081, -5218, -1861, 7165, -37297, -14330, 4277, -13159, 7897, 3661, -10045, 20826, 26202, 5963, 11039, 1705, 5404, 17825, -36461, -29500, 13052, -23461, -19998, -2117, -1065, 16754, -8914, -19273, 45502, 30621, 18040, 27562, 15991, -33062, 3132, -24911, -26405, -2456, -31421]
[0, 0, 0, 1, 0, 0, 0, -1, 1, -1, 2, 0, -4, -1, -10, 6, 6, 7, 6, -3, -6, -5, -4, -8, 5, -2, 11, 2, 1, 3, -2, -7, 6, -5, -4, 1, -12, 6, 1, 13, 9, 4, -1, 2, 7, -8, 8, -4, -8, 1, -6, 0, -3, -7, 6, -4, -8, -1, 1, -6, -2, 3, -6, 9, -7, 15, -11, -10, 1, -19, -9, 9, -2, 7, 2, 4, 2, 12, 14, 4, -3, 2, 5, 10, 16, 10, 2, 0, -1, -10, -1, -18, -10, -6, 5, 0, 4, -2, 0, 3, 5, 1, -4, 3, 15, -5, 0, -10, -5, 6, -3, -11, -8, -11, 11, -7, 2, 2, -11, 13, -2, -22, -7, -4, -7, -10, -1, 8, -8, 7, 8, 10, 36, 0, 3, -14, 0, -9, -7, -16, -2, 11, 12, 11, -35, 2, -33, -41, -5, 10, -26, 45, 31, 12, -16, 10, 16, 49, -4, 32, 28, 8, 31, 7, -37, -35, 7, -70, -25, -45, 91, 23, 28, -27, -35, -23, -13, 25, -9, 24, -44, 17, -49, 5, 10, 2, -9, -18, 17, -15, 1, 5, 12, 40, -7, 45, 30, 24, -16, -11, 45, -8, -1, -20, -19, -23, -4, -1, 3, -5, -14]
[0, 0, 0, 1, -1, -1, 1, 1, -1, -5, 6, 0, -5, -1, -2, 7, 6, 4, -1, -3, -6, 2, 1, -4, 10, -4, -4, -1, -5, 9, 2, -10, -5, -2, -3, 5, -8, 2, 4, -1, 10, 9, 4, 1, 2, -6, 3, 0, -1, 1, -14, 7, 13, 3, -1, -8, -9, -12, 11, -1, 6, 2, 1, 1, -7, -3, -13, -7, 8, -3, -2, 11, -6, 9, 4, 13, 3, -10, 12, -4, -8, -2, 16, 3, -2, -11, 21, 5, 0, 0, -9, -10, 6, -9, 5, -3, -12, 13, -13, 10, -8, 8, -10, 7, 9, -8, 5, -8, -15, 4, -8, -6, 7, 5, 7, -5, -10, 10, -4, 21, 16, -21, 0, 1, -8, 1, 9, 12, 13, 0, 8, 9, 7, 3, 14, 3, -11, -9, 11, -9, -16, 8, -7, 14, -3027, 967, 3935, 1480, 946, -2581, -2207, -2095, -1618, 1237, 9044, -2291, -2644, -3114, -9455, 4904, 5968, 825, 3546, 1821, -1400, 8387, -13372, 329, 9782, -6187, -8323, -4305, -6320, 3741, 1336, -8009, 27406, 6346, -321, 4848, -5717, -4519, 10238, -16670, -16513, -3766, -7226, 4366, -3287, -8339, 25446, 24755, -11979, 19786, 7394, -325, -5299, -20383, 513, 11688, -27303, -18672, -10351, -15837, -1758, 27982, 3924, 21361, 18891, -5048, 17756]
[0, 0, 0, -1, 3, 2, -3, 1, -4, 0, 1, 1, 2, -7, 7, 1, -3, -2, -1, -4, -6, 12, 0, 4, -3, 3, 6, -6, -1, -11, -12, 1, 8, 7, 12, 1, 3, 2, -3, -8, 9, 4, -6, -1, -6, 5, -2, 7, 2, 0, -2, -5, -8, 3, 3, -4, -16, -4, -1, -2, 12, 1, -4, 5, 0, -14, -6, -4, -1, -1, -9, -13, 6, 10, 4, 5, -7, 9, 16, 26, 9, -3, 0, 8, -9, 4, 3, -5, -12, -11, 6, -1, 5, 0, 1, -4, -13, 2, 0, 13, -2, -9, 3, 6, -10, -13, 1, 15, -7, -5, 16, 5, -10, 6, 1, -12, 2, -15, 13, -5, -6, 6, -29, 5, -13, 2, -7, 1, -19, 3, 0, 6, 11, -7, -9, 10, -8, 14, 10, -5, -15, -6, -9, 6, -42, 6, 42, -60, -28, 15, -15, 5, 18, -25, 16, 27, 64, 37, 34, 9, -89, -18, 26, -27, -61, 14, 11, 49, 18, 95, 58, 20, -33, -60, -15, 5, 18, -12, -8, 20, -3, -29, -34, -12, -44, -43, -29, -21, -30, -2, 12, 5, 2, -11, 11, 25, 2, 25, 11, -25, -36, 56, -14, -12, 10, 25, -8, -5, 4, 20, 5]
[0, 0, 0, 0, 0, 0, -1, 4, 1, -5, 1, 0, 3, 4, -3, -4, -6, 0, -3, -4, 5, 9, -3, 3, 0, -7, 7, -3, -3, 7, 9, -1, 0, -1, 0, -1, -5, 6, 2, 0, 4, -3, 5, -12, 0, 0, -6, -3, 10, 1, -10, 14, -4, -4, 0, -1, -8, 4, -7, 5, 5, 1, -22, 10, 8, 13, 12, 9, 1, 4, 0, -4, -14, -3, 7, -8, 4, 0, 4, 4, -4, -17, 4, -3, -12, 4, 6, 6, 16, 1, -9, -2, 10, 0, 16, 5, -1, 10, -2, 5, -4, 7, -2, 18, 16, 7, 2, -1, -11, -6, -8, 15, -9, 1, -4, 6, 1, 7, -14, 17, -5, -3, -7, -14, -3, 2, -6, 7, 7, -12, 4, -6, -15, 0, 11, 21, 23, -5, 8, 9, -12, -22, -15, 3, 4485, -1012, -5486, -3037, -1467, 2715, 3169, 4705, 2951, -1671, -12646, 2821, 2978, 4900, 11854, -6667, -8871, -2807, -1525, -1684, 2118, -10609, 14804, -1883, -13152, 10649, 12898, 6312, 3444, -3560, 793, 9581, -31547, -8159, 840, -9138, 7062, 2960, -14325, 15404, 18217, 3888, 10092, 2417, 11162, 13990, -33299, -26086, 15302, -20082, -14519, -2472, 3960, 14376, -9461, -17114, 34581, 21307, 14876, 23968, 10108, -25829, 3841, -18220, -21712, 1528, -23787]
[0, 0, 0, 0, 0, 0, 0, 3, -2, -4, 2, -1, 3, 1, 5, -2, -2, -1, -8, -8, -2, 10, -2, 12, 5, -7, 5, -2, -7, 1, 1, -1, -4, 5, 5, 0, -1, 9, 2, -8, 0, -2, -6, -11, -3, 11, -8, 14, 11, -4, -10, 7, -3, -6, 2, -1, 0, -10, 6, -2, 18, -15, -12, 3, 9, -9, 13, 13, 1, 17, 6, -21, -10, 5, -14, 1, -2, -3, -11, 4, -2, 3, -2, 1, -5, 15, 1, -3, -3, 16, -4, 8, 14, -8, 5, 0, -16, -10, 8, 28, 2, 0, -9, -7, -10, 6, -2, 11, 9, -10, -8, -1, -15, 15, -3, -6, -7, 1, 6, -9, -7, 1, -6, 2, -2, 3, 11, 8, -7, 13, 2, 11, 7, -1, -7, 20, -7, -1, 6, -7, -16, -3, -3, 0, -23, -35, -13, -10, -17, -28, 8, 32, 41, 34, 1, 33, 10, -10, -20, 27, -38, 41, 31, -41, -34, 18, -16, -47, -15, 32, -17, 32, 60, -35, 46, 40, 29, 48, 19, -40, -37, -18, -36, 34, -57, -22, -44, -49, 37, 79, 10, 2, 0, 36, -74, 3, 2, -9, -37, 12, 18, 18, -4, 7, -31, -24, -3, 17, -6, -5, 22]
[0, 0, 0, -1, 3, -1, -3, 4, -4, 1, 2, -6, 1, -2, 8, 6, -10, 6, 3, -9, 2, 4, 1, 3, 1, -6, -5, 1, -1, -6, 1, 2, -5, -3, -8, 11, 14, -2, 7, -9, 6, 1, -13, 1, 4, -8, -1, 11, 0, 1, -6, 11, -1, 0, 9, -10, 5, 0, 11, 1, -13, -8, -18, -13, -3, 3, 16, -4, -12, 18, -4, 2, 8, -2, 7, -2, -6, -6, 2, -2, 10, -1, 15, 6, 0, 6, 6, -16, 9, 3, -8, -3, 3, -5, -11, -18, 0, -8, -2, -12, -14, -1, -4, 24, -10, 9, 8, -7, 4, 4, -6, -2, 3, 3, 11, -4, 17, -17, 15, -11, -1, 12, -6, -9, 5, -5, 8, 16, -20, 0, -2, -4, -13, 5, -2, -3, 0, -1, -3, -4, 10, 12, 17, 11, -30, -5, -8, -2, -47, 8, 70, -11, 17, -22, 20, 8, 2, -21, 4, 1, 6, -35, 53, -22, -77, -9, -10, 5, 18, 19, 7, -38, 13, 8, 21, 50, -36, -43, 17, -25, -9, -27, 17, -24, 21, -52, -43, -1, 20, 69, 13, -36, 23, -18, -34, -15, -34, 10, 21, -22, 25, 8, 32, 21, -17, 39, -6, 20, 4, -9, 1]
[0, 0, 0, 0, -1, 1, 2, 2, -2, -4, 3, 1, 4, -1, -3, -7, -4, 0, 0, 4, 0, 7, -10, 4, 4, -1, 7, -3, -5, -5, 3, 1, 11, 7, 6, -6, -4, 2, -6, 2, -2, 0, -8, 3, 3, 7, -5, 4, 1, -2, 17, -8, -11, -11, -7, 1, -5, -4, -6, -6, -4, 5, 10, 22, 20, -12, 4, -3, 11, 2, 0, -10, 13, 2, -11, 3, 3, 13, -8, -5, -10, -4, -19, -4, -5, 11, -2, 0, 6, 5, -3, 5, 11, -1, 21, 9, -7, 1, 9, 17, 1, -12, 5, -2, 1, 1, -4, 10, 10, 7, 7, 6, -12, -11, -1, 2, 9, -3, -4, -6, -4, 27, -2, 1, -6, -8, -10, -19, -15, 7, -15, 0, 14, -3, -13, 20, -3, -3, 6, -8, 5, -17, -5, 0, -28, 19, 23, -28, 33, 1, -23, -1, 31, 6, 31, 22, 31, 11, 14, 24, 4, -8, 4, -25, -48, 18, -24, 22, 14, 50, -17, 20, 5, -19, 16, -31, 23, 14, 56, 24, 29, 32, -25, 14, 13, -10, 24, -6, -27, -24, 17, 35, 4, -15, -47, -27, -16, 31, -66, -8, -3, 25, -17, 26, 10, -6, 3, -11, -2, -2, -23]
[0, 0, 0, -1, 2, 0, -1, 1, -2, 3, -3, 1, -3, 1, 2, -2, 2, -1, 2, 0, 1, 5, 2, -9, -4, -1, 3, 4, 2, -2, 0, -3, 0, -3, 1, -1, 0, -3, 2, -2, 0, 5, 4, 8, 8, 3, -2, -7, 1, -2, 7, -8, 1, -1, -12, 7, -9, -3, -21, -1, -3, 14, 7, 19, 1, 9, -7, 9, 2, 4, -8, -29, -9, 16, -1, 0, 3, 3, 21, 2, 12, -1, 4, 9, -20, -14, 18, -14, -9, -11, -2, 7, 6, -16, 11, -1, -4, 1, 2, 22, -1, 1, -4, -4, 8, -9, 4, 3, 2, 4, 5, 12, 7, -12, 0, -3, 2, 0, 0, -1, -1, -27, -6, 8, 6, 29, 1, 5, 2, -11, 12, 5, 2, -7, 6, 1, -3, 4, -10, -1, -15, -8, -6, -6, -39, 20, 11, 21, 7, -24, 6, -7, -12, 20, 7, 22, 12, 20, 48, 25, -29, 35, 4, 12, 12, -25, -17, -30, -21, -22, 36, 50, 20, -42, -14, -40, -56, -1, 3, 55, 4, 25, -21, -29, 20, 1, 2, 25, -2, -25, -12, 3, -23, 19, 52, -14, 72, 6, -30, 24, -8, -1, 8, -1, 31, -8, 8, 8, -9, -22, -5]
[0, 0, 0, 0, -1, -1, 2, 0, 3, -3, -2, 1, -2, 3, -4, 2, 2, 5, 1, 0, 2, -7, 2, -2, -1, 2, 0, 2, -4, -8, 2, 1, 0, 2, 6, 2, -2, -12, -1, -5, -8, 9, 6, 3, 3, 3, -3, -3, 5, 6, -10, 1, 7, -11, 8, -2, -3, -4, -9, 6, 2, 6, 7, -1, 9, -2, -11, -13, 13, 4, 5, -7, -7, 2, 7, 0, 6, -3, -4, 5, 1, -13, -3, -2, -11, -13, 3, 3, 5, -9, 28, -5, -4, -26, 1, -2, 0, 2, -13, -18, 3, 6, 11, -8, 14, -14, 16, -6, -9, 23, -10, 0, 0, 2, 7, 12, -3, 11, -1, -9, 10, -18, 2, -5, -9, 17, 7, -15, 7, -6, 1, -6, -4, -4, 6, -26, 3, 16, -5, 3, -15, 14, -24, 7, 16, -41, 31, -37, 57, -5, 12, -43, 9, 23, -28, 11, -17, 33, 38, -19, 27, -33, 20, -6, -12, -67, 23, -31, -29, -27, -17, -39, 1, -24, -6, -5, 12, -9, 7, -21, 58, 8, 33, -15, 26, -21, 45, 8, 7, -58, 5, -23, 25, -18, -6, 11, -5, -5, 7, -20, 20, 8, -4, -7, -2, 2, -9, -23, 6, 10, -14]
